$hessian                                                                        
        0.4856862597  -0.0192787922  -0.0427106103  -0.0891616860  -0.0002146172
       -0.0469575153  -0.0485882368   0.0162337664  -0.0282869245   0.0034737122
       -0.0049385979  -0.0057527442  -0.0005697076   0.0001556089   0.0011403233
        0.0002350961  -0.0000946328  -0.0007049008  -0.0001838854   0.0000774423
        0.0002807013   0.0003126361  -0.0004488780  -0.0007793396  -0.0002658249
        0.0005343747   0.0002800921   0.0069471836   0.0018218166   0.0027714023
       -0.0006733621  -0.0001399709   0.0006253319  -0.0005000668   0.0001851836
       -0.0005882944  -0.0000532904   0.0000075219   0.0001084060  -0.0002872064
        0.0001443836  -0.0002597145   0.0000637203  -0.0000590947  -0.0000099410
        0.0000906872  -0.0000811496  -0.0000286900   0.0000281701   0.0000885933
       -0.0000397628  -0.0003481001  -0.0001778042   0.0004984811  -0.0005506668
        0.0001835497   0.0011882227  -0.1067754246   0.1096821174   0.0009831750
       -0.1135011651   0.0123264979   0.1095272669  -0.1353051972  -0.1159350261
        0.0086174224  -0.0000547234   0.0000050880   0.0000032134  -0.0002293639
       -0.0000483770   0.0001484685  -0.0000952175   0.0000784073   0.0002011516
       -0.0000211042   0.0002343779   0.0001019566   0.0000132339   0.0001805175
        0.0000352529   0.0001749428  -0.0000121496   0.0001163272   0.0000598821
       -0.0000564009   0.0000089583   0.0001108446   0.0000089329   0.0000814111
       -0.0000651219   0.0000255383  -0.0000070216   0.0000042521   0.0000169034
       -0.0000358943  -0.0000179639   0.0000327085  -0.0000511889   0.0000466943
       -0.0005378393  -0.0005050220
       -0.0192787922   0.4854557819   0.0048206475   0.0023080785  -0.0639415816
       -0.0005346873   0.0170680373   0.0211532845   0.0064808369  -0.0020720983
       -0.0060673851   0.0013711138  -0.0005673441   0.0004893250   0.0009147904
       -0.0005733128   0.0002431001  -0.0003155013  -0.0002132410  -0.0001918112
        0.0000913436   0.0001353353  -0.0005045646   0.0000644452   0.0004688810
       -0.0001574937  -0.0003812729  -0.0020424104   0.0060711087  -0.0058660587
       -0.0003281594  -0.0006957406  -0.0015619626   0.0005245855   0.0003837567
       -0.0000343248   0.0000448896   0.0000788281  -0.0000481725  -0.0000072778
        0.0001966788   0.0002305142  -0.0000408013  -0.0000030623   0.0000302056
       -0.0000595674  -0.0000812149   0.0000408381  -0.0000112402   0.0000244028
       -0.0001608323  -0.0004527223  -0.0000629907   0.0001666549   0.0006887385
       -0.0008517632   0.0006399436   0.1121204022  -0.2144864460   0.0039366911
        0.0118475669  -0.0462445353  -0.0155439600  -0.1202167236  -0.1800953643
        0.0064160073  -0.0000672374   0.0000608842  -0.0000079932  -0.0000069241
        0.0000175197   0.0000836729   0.0000735032   0.0000034846   0.0000224838
        0.0000931080  -0.0000464422  -0.0001190587   0.0004244658   0.0000012234
        0.0000458139  -0.0000907617  -0.0000987157   0.0000415205   0.0001232006
       -0.0000245254  -0.0001274614  -0.0000604034   0.0000161829  -0.0000669476
        0.0000118837   0.0000244355  -0.0000152469   0.0000386623  -0.0000227252
       -0.0000430094   0.0000462323   0.0000055356  -0.0000011202   0.0000714465
       -0.0006491706  -0.0005699134
       -0.0427106103   0.0048206475   0.4725216285  -0.0563139983   0.0001055383
       -0.1486461926  -0.0204375368   0.0016648030   0.0006571240   0.0039953382
        0.0000251252   0.0001089506  -0.0004208052  -0.0000893217   0.0004647457
        0.0001494385  -0.0001316316  -0.0003512577   0.0000661091   0.0001198499
       -0.0000019156  -0.0000871602   0.0002390651  -0.0003132680  -0.0005314638
        0.0002784092   0.0008775097  -0.0086174925  -0.0039946627  -0.0297279400
       -0.0000683733  -0.0020172283  -0.0006492844   0.0015850482   0.0000380078
        0.0001361696  -0.0000459271   0.0001973122   0.0000614431   0.0007750750
       -0.0003698546   0.0002975804   0.0000150608   0.0000167001   0.0000155593
        0.0000164411   0.0000583179  -0.0000690300  -0.0000986691   0.0002638589
        0.0001264431  -0.0000955992   0.0000535184  -0.0002154250   0.0001273465
        0.0012303377  -0.0016927747   0.0022888572   0.0018556704  -0.0434486395
        0.1083899249  -0.0154058440  -0.2097041127   0.0130674885   0.0115298116
       -0.0399133191   0.0000640913   0.0000267858   0.0000436505  -0.0000945360
       -0.0000189574   0.0000773088  -0.0000224175   0.0000360147   0.0001128162
       -0.0000551895   0.0001617374   0.0001486927  -0.0000677813   0.0001804235
       -0.0000195268  -0.0005394343  -0.0000238592  -0.0003135724   0.0001313782
       -0.0000297053  -0.0002496193  -0.0002558742  -0.0000328593  -0.0002056057
        0.0000851869  -0.0000955850  -0.0000179560  -0.0000017918  -0.0000660473
       -0.0000059758  -0.0000029610  -0.0001222029   0.0000187880  -0.0002891629
       -0.0005041753  -0.0001229949
       -0.0891616860   0.0023080785  -0.0563139983   0.7869199886  -0.1926113380
       -0.0154008922  -0.5551910669   0.1603295738   0.0003798961  -0.0448695430
        0.0172667849   0.0207071401   0.0043733709   0.0018874716  -0.0021577906
       -0.0006554821  -0.0003361146   0.0028641287   0.0001362227  -0.0004071195
       -0.0004689388  -0.0001461065   0.0002565214   0.0020944193   0.0007568775
       -0.0050835337  -0.0070813269  -0.0769585164   0.0139186479   0.0501924272
       -0.0059392891  -0.0023498078   0.0167333616   0.0066177626  -0.0013398812
        0.0041225536  -0.0004566864   0.0001747866   0.0003990769   0.0044619301
       -0.0003533991   0.0018889735  -0.0002752656   0.0001194283   0.0000760966
       -0.0001157067   0.0001873509  -0.0002174426  -0.0003203587   0.0002861015
        0.0003815903  -0.0015593456  -0.0005936957  -0.0017081800  -0.0026848839
        0.0087347738   0.0046714493  -0.0139207123   0.0034878258  -0.0114269708
        0.0087039600  -0.0017973727   0.0095869178  -0.0173681878  -0.0035251584
       -0.0165976883  -0.0005018652   0.0000516294  -0.0000311491   0.0002981009
        0.0003156709  -0.0002210780   0.0001156549  -0.0001281790  -0.0006171505
        0.0001309261  -0.0007077993  -0.0001811732  -0.0002759599  -0.0001410539
        0.0000766361  -0.0020375129   0.0008866409  -0.0015476665  -0.0001599685
        0.0001719899   0.0000112614  -0.0013127162  -0.0000604025  -0.0010123193
        0.0004504993  -0.0001628403   0.0000622317   0.0000435610  -0.0001388546
        0.0000537553   0.0001077891  -0.0002384652   0.0001669288   0.0007942160
       -0.0004082603   0.0005149206
       -0.0002146172  -0.0639415816   0.0001055383  -0.1926113380   0.2456689951
        0.0540077302   0.1544088280  -0.0869441740  -0.0047578714   0.0193128110
       -0.0091790882  -0.0064966770  -0.0017020094  -0.0003996082   0.0023311119
        0.0000443140   0.0001907399  -0.0008156255  -0.0001475318   0.0001015115
        0.0002125164  -0.0004585166  -0.0003383784  -0.0012216014   0.0009298419
        0.0015450111  -0.0008523718   0.0162440802  -0.0715170075  -0.0356760296
       -0.0081388875   0.0075734637   0.0132945531  -0.0017030524  -0.0025318478
        0.0033612844   0.0000940376  -0.0006151055  -0.0001931730   0.0002354184
       -0.0048691648  -0.0006577768   0.0007357115  -0.0002290212  -0.0012135491
       -0.0000881077   0.0000891514   0.0000061213   0.0000658758   0.0000300216
        0.0000842411   0.0012814748  -0.0005694956  -0.0020099357   0.0132862492
       -0.0108244635  -0.0236280183   0.0163930258  -0.0017303766   0.0201177834
       -0.0010317451   0.0004301300  -0.0026673429  -0.0144475743   0.0000148184
       -0.0177814555   0.0000031301  -0.0003916566   0.0002082237  -0.0001766836
       -0.0001287955   0.0000307262  -0.0000057971  -0.0000594674   0.0002591970
        0.0000567947   0.0000549432   0.0000343628  -0.0001071359  -0.0004463859
        0.0000826165  -0.0006917719  -0.0001451155   0.0015728322  -0.0006322110
        0.0000824535   0.0012187825  -0.0001031623  -0.0000054696   0.0001330549
        0.0000033286  -0.0003469630  -0.0000300330  -0.0000785203   0.0000899528
        0.0000773621   0.0000241273   0.0001059206   0.0000406440  -0.0007803868
       -0.0007639466   0.0008227789
       -0.0469575153  -0.0005346873  -0.1486461926  -0.0154008922   0.0540077302
        0.4573345885  -0.0304548922   0.0062389465  -0.0581001214   0.0371310140
       -0.0140968044  -0.0147964475   0.0006442934  -0.0030161852  -0.0016313834
        0.0010043406   0.0002129915  -0.0018664543  -0.0007000983   0.0003643007
        0.0008248073   0.0000647285  -0.0006092177  -0.0019683683   0.0014654082
        0.0025424005  -0.0004977799   0.0520097735  -0.0360058950  -0.1714435444
        0.0141111512   0.0037368887  -0.0269508888   0.0043498518   0.0029307299
        0.0019110922   0.0003539611  -0.0004245274  -0.0007412672   0.0018178231
        0.0002162531   0.0024107510   0.0001172684  -0.0002334164  -0.0004596307
       -0.0002032676  -0.0001631134   0.0000369519   0.0002221552  -0.0004479243
       -0.0006326931  -0.0019752586   0.0016462563   0.0003040798   0.0065588057
       -0.0138859415  -0.0073874372  -0.0042528563   0.0013251962  -0.0001198633
       -0.0140434760  -0.0018462529  -0.0288315383  -0.0044976523  -0.0017584274
       -0.0001860352   0.0000918583  -0.0001057162   0.0005749188   0.0001555150
       -0.0000569795  -0.0002435941   0.0001152663  -0.0000563871   0.0001973471
        0.0001222857  -0.0000529990  -0.0001236871   0.0000622323  -0.0001895441
        0.0005219092  -0.0015149846  -0.0008119132  -0.0001440891   0.0000274090
       -0.0002729119  -0.0000966652  -0.0011011591   0.0001260255  -0.0000818777
        0.0000546581   0.0002474941   0.0003676791   0.0000163045   0.0002526003
        0.0000355465   0.0002138063   0.0004747303   0.0000036521   0.0003921422
        0.0002463002   0.0004262355
       -0.0485882368   0.0170680373  -0.0204375368  -0.5551910669   0.1544088280
       -0.0304548922   0.7782763970  -0.2333859783  -0.1081536138  -0.1112123858
        0.0380737166   0.0951126306  -0.0334745599   0.0054909578   0.0327439870
        0.0016360341  -0.0064062405   0.0014032605   0.0000508831   0.0022109762
        0.0009797717   0.0022708030  -0.0026256157   0.0018600190   0.0020729391
        0.0107125555   0.0131417141  -0.0321042038   0.0100998057   0.0224268462
       -0.0003996462   0.0032141797  -0.0015992933   0.0006659181  -0.0003211018
        0.0013184839   0.0002310634  -0.0002508591  -0.0003972293   0.0003645915
        0.0007186662   0.0008608389   0.0000504526  -0.0002362867  -0.0000501313
        0.0000004114  -0.0001830696  -0.0001160488   0.0000813351  -0.0000705574
       -0.0001490603  -0.0000842043  -0.0002876091   0.0001686198   0.0002942869
       -0.0028050965   0.0001393328  -0.0035842440  -0.0000642149  -0.0058391570
        0.0013397995   0.0006469217   0.0022598828  -0.0002112697   0.0008557052
       -0.0007809169   0.0005075757   0.0016286089  -0.0015111988  -0.0009238682
        0.0000893957   0.0010714450  -0.0007139501   0.0004621411  -0.0006556822
       -0.0001007455   0.0003781410  -0.0001426317  -0.0004272024  -0.0001742479
       -0.0027414875  -0.0003295172  -0.0002921164  -0.0003117576  -0.0001269110
        0.0000161546   0.0003331813  -0.0003063557   0.0000364409  -0.0000609912
       -0.0000245340   0.0000917360   0.0000986344   0.0000036302   0.0000696741
       -0.0000392799   0.0000467779   0.0000775839  -0.0000430272  -0.0000899972
        0.0007527679  -0.0004347119
        0.0162337664   0.0211532845   0.0016648030   0.1603295738  -0.0869441740
        0.0062389465  -0.2333859783   0.1864092457   0.0832201643   0.0302923162
       -0.0875543357  -0.0595603467  -0.0062587432   0.0096235451   0.0079466350
       -0.0041871459  -0.0027292595   0.0001144857   0.0017227190   0.0009282366
       -0.0008672579  -0.0040285739  -0.0039245633  -0.0005686992   0.0220768804
       -0.0235752270  -0.0328560504   0.0139746826  -0.0135354400  -0.0067324065
       -0.0007220164  -0.0013760826   0.0033654216  -0.0002526418  -0.0003007480
       -0.0003856063  -0.0001031614   0.0002236797   0.0002352027  -0.0003280587
       -0.0006275020  -0.0003344555   0.0000842803  -0.0000351267  -0.0000614495
        0.0000442210   0.0001094618  -0.0000360854   0.0000414604   0.0002073562
       -0.0000455048   0.0003734433   0.0000010544   0.0001675429   0.0004902761
       -0.0001747636  -0.0023449174  -0.0011667686   0.0001879560  -0.0016346005
       -0.0008983618  -0.0002013447  -0.0012558308   0.0031398624  -0.0004696634
        0.0033240590   0.0001328010   0.0012577791   0.0008987800  -0.0006430770
        0.0004380363   0.0007140981   0.0003066480  -0.0000132154   0.0002323334
        0.0007180955  -0.0007984737  -0.0012478025   0.0013330510   0.0015266696
        0.0003371165   0.0002331743   0.0007875908   0.0000170443  -0.0000684090
        0.0000753705  -0.0000581181   0.0001189997   0.0000495152  -0.0000059063
        0.0000280578  -0.0000843297  -0.0001055717   0.0000247427  -0.0000641181
       -0.0000328914  -0.0000134579  -0.0000430281   0.0000066883   0.0003573418
       -0.0005273863  -0.0003498205
       -0.0282869245   0.0064808369   0.0006571240   0.0003798961  -0.0047578714
       -0.0581001214  -0.1081536138   0.0832201643   0.2688664217   0.0671242954
       -0.0481566492  -0.1659440654   0.0319476486   0.0022230019  -0.0218154980
        0.0005217187   0.0020818658   0.0077166316   0.0024276427  -0.0021234658
       -0.0035305670   0.0008968843  -0.0018347064   0.0084645617   0.0108034637
       -0.0286993356  -0.0232176102   0.0310339696  -0.0093352746  -0.0030995173
        0.0007610208  -0.0018509694  -0.0005690545  -0.0016118018  -0.0002629237
       -0.0009383269  -0.0000262534   0.0000926275   0.0001513190  -0.0008953436
       -0.0005250023  -0.0008239117  -0.0000183815   0.0001222764   0.0001484662
        0.0000223008   0.0001514854   0.0000915130   0.0000142607   0.0001164261
        0.0000193646   0.0008260465  -0.0000505688  -0.0001787242   0.0010512358
        0.0008752674  -0.0018353063  -0.0030835597   0.0002659084  -0.0031763524
        0.0003288905   0.0000279800   0.0026857339  -0.0023613709   0.0001674852
       -0.0022209386  -0.0025263732   0.0004938370  -0.0014053545   0.0002845725
        0.0001027475  -0.0003874157  -0.0008158774   0.0004578731  -0.0009538359
        0.0000296493  -0.0003735748  -0.0004815556  -0.0010879309   0.0016951882
       -0.0002629916   0.0002965184  -0.0001792476   0.0003884013   0.0001233328
        0.0000412646  -0.0001991202   0.0003908828  -0.0000728006   0.0000404730
       -0.0000486219  -0.0001117294  -0.0001851059  -0.0000191142  -0.0001199847
       -0.0000090732  -0.0000747307  -0.0001505803   0.0000292344  -0.0002543325
       -0.0000115508   0.0000752017
        0.0034737122  -0.0020720983   0.0039953382  -0.0448695430   0.0193128110
        0.0371310140  -0.1112123858   0.0302923162   0.0671242954   0.4484226277
        0.1018631011  -0.2128956995  -0.1819996689  -0.1244147575   0.0568624607
       -0.0395539438   0.0236767228   0.0437344316  -0.0167473416  -0.0293945003
       -0.0048608779   0.0254383319   0.0191472808  -0.0152706541  -0.0775684831
       -0.0164656702   0.0158878382  -0.0017635412   0.0050731032  -0.0018595329
        0.0003611773  -0.0005446358   0.0001629822   0.0001322952  -0.0000645076
        0.0000387715   0.0000107159  -0.0000098476  -0.0000189376   0.0001313643
        0.0002469523   0.0000270434  -0.0000947015   0.0000385471   0.0001914999
        0.0000148197   0.0000418608  -0.0000197730   0.0000317862   0.0000158997
       -0.0000794464   0.0000818395  -0.0002603870  -0.0000076678  -0.0009943155
        0.0009656870   0.0012148854   0.0002207389  -0.0002029696   0.0008950744
        0.0003975476   0.0000143895  -0.0004980506  -0.0001791680   0.0000441799
       -0.0001469922  -0.0035998340  -0.0047804175   0.0015983786   0.0019060827
       -0.0000132220   0.0058077181   0.0005134632  -0.0006991755  -0.0001103263
        0.0012904675   0.0002231014   0.0060989056  -0.0038642294  -0.0219522390
       -0.0045617177  -0.0002064992  -0.0001576420   0.0000091665   0.0000971653
        0.0000312424  -0.0001797028   0.0000357622  -0.0000548781  -0.0001215397
        0.0000556514  -0.0000177032  -0.0000591515   0.0000171576  -0.0000778295
       -0.0000272653  -0.0000138430  -0.0000996771   0.0000145077   0.0000347918
        0.0002949625  -0.0000769758
       -0.0049385979  -0.0060673851   0.0000251252   0.0172667849  -0.0091790882
       -0.0140968044   0.0380737166  -0.0875543357  -0.0481566492   0.1018631011
        0.5642239301   0.1174614978  -0.0786787137  -0.1552003108   0.0138571636
       -0.0168225653   0.0493531510   0.0394075942  -0.0286200325  -0.0485304701
        0.0047926886   0.0578496563  -0.0181296133  -0.0597714181  -0.0628082225
       -0.2667209358  -0.0475365980   0.0046311531   0.0133548375  -0.0016020093
        0.0014945883  -0.0004360071  -0.0024028329  -0.0002433026   0.0004849147
       -0.0007829737   0.0000323234   0.0000916456  -0.0000836997  -0.0001990117
        0.0006672826   0.0000023513  -0.0000723456   0.0000371561   0.0001178238
        0.0000187609  -0.0000570366   0.0000517537  -0.0000413199  -0.0001122731
        0.0000498900  -0.0000071957  -0.0000760814   0.0001431988  -0.0011179658
        0.0001696147   0.0018182308   0.0004799688   0.0000779743   0.0003169296
       -0.0000375345   0.0001369373   0.0005066173  -0.0012104556  -0.0002074249
       -0.0014069063  -0.0212840272  -0.0195120816   0.0090139348   0.0003859899
        0.0010789018  -0.0035233204  -0.0005359299  -0.0003640501   0.0002979461
       -0.0001214927   0.0015346048  -0.0032851601  -0.0055782243  -0.0185031550
       -0.0053718212   0.0001772114  -0.0003021688  -0.0000365586   0.0000687207
       -0.0000849242  -0.0001147830   0.0000698430  -0.0000064635   0.0001244519
       -0.0000472579   0.0000921597   0.0000766685  -0.0000159513   0.0000599773
        0.0000305101  -0.0000284512   0.0000710925  -0.0000277552  -0.0000032207
       -0.0003903746   0.0001049142
       -0.0057527442   0.0013711138   0.0001089506   0.0207071401  -0.0064966770
       -0.0147964475   0.0951126306  -0.0595603467  -0.1659440654  -0.2128956995
        0.1174614978   0.3849358726   0.0751371531   0.0528670876  -0.0919851095
        0.0259388475   0.0053529374  -0.0218121004  -0.0056501358   0.0046742514
        0.0014051255   0.0052203274  -0.0248573371  -0.0191044125  -0.0045087167
       -0.0861759265  -0.0828359536  -0.0000740954  -0.0020370519   0.0010543628
       -0.0002973998   0.0004412300  -0.0004256447   0.0000504385   0.0002260501
       -0.0001668844  -0.0000082800  -0.0000067226  -0.0000267826  -0.0000274157
       -0.0001454354   0.0000160946   0.0000943629  -0.0000807259  -0.0002291717
        0.0000145063  -0.0000917787  -0.0000433000  -0.0000443378  -0.0000184563
        0.0000701803  -0.0002878579   0.0001750366   0.0001279109   0.0007775455
       -0.0006834882  -0.0006257687  -0.0006635101   0.0003853125  -0.0007593981
       -0.0005111865   0.0006293299  -0.0000102239  -0.0004307888  -0.0002112368
       -0.0001172805  -0.0059112544  -0.0064834768   0.0046449246   0.0061673069
       -0.0037308700   0.0012501836  -0.0003367938   0.0002046779   0.0006994118
        0.0060557135  -0.0032865054   0.0014417668   0.0019628062   0.0100128593
        0.0027230868   0.0002299655   0.0000531980  -0.0000201601  -0.0000405148
       -0.0000509464   0.0001225088  -0.0000448875   0.0000496300   0.0001186526
       -0.0000447303   0.0000197892   0.0000777355  -0.0000046867   0.0000844416
        0.0000210522   0.0000221859   0.0001108696  -0.0000237829   0.0000441057
       -0.0002023310   0.0001086666
       -0.0005697076  -0.0005673441  -0.0004208052   0.0043733709  -0.0017020094
        0.0006442934  -0.0334745599  -0.0062587432   0.0319476486  -0.1819996689
       -0.0786787137   0.0751371531   0.4372336616   0.1022635785  -0.2414479769
       -0.1626768751   0.0163377339   0.1139265993   0.0262116814   0.0582056596
        0.0064910133  -0.0393172869  -0.0052821454   0.0273947746   0.0049634675
       -0.0543104219  -0.0293878946  -0.0001414122   0.0018331820  -0.0001655780
        0.0001401530   0.0001339893  -0.0003609551   0.0000334711   0.0000693779
       -0.0001073805   0.0000099970  -0.0000017480  -0.0000209911   0.0000047430
        0.0001114755   0.0000374236   0.0000044365  -0.0000074374  -0.0000041418
        0.0000015832  -0.0000378359   0.0000147047  -0.0000230939  -0.0000501639
        0.0000257148  -0.0000267831  -0.0000638414  -0.0000744543  -0.0001411509
       -0.0001734733   0.0003131705   0.0001709054  -0.0000440833  -0.0002276113
       -0.0005977857   0.0002710501  -0.0002317860  -0.0001815718  -0.0000409938
       -0.0000905963  -0.0443741247  -0.0341898137  -0.0062735883  -0.0159070239
        0.0063123412   0.0177224484   0.0034460360  -0.0023618753   0.0022888160
       -0.0003024441   0.0000742619   0.0002992834   0.0031314981  -0.0018956645
        0.0023975891  -0.0000027754   0.0000224181  -0.0000127403  -0.0000273835
       -0.0000223430   0.0000377607  -0.0000300694   0.0000174430   0.0000451643
       -0.0000210363   0.0000365631   0.0000438009  -0.0000048076   0.0000429702
        0.0000187801   0.0000142580   0.0000222516  -0.0000123401   0.0000802982
       -0.0000656451   0.0000527010
        0.0001556089   0.0004893250  -0.0000893217   0.0018874716  -0.0003996082
       -0.0030161852   0.0054909578   0.0096235451   0.0022230019  -0.1244147575
       -0.1552003108   0.0528670876   0.1022635785   0.5893466652   0.1492621735
        0.0706246779  -0.1208649409  -0.1004514361   0.0164219201  -0.0203500347
       -0.0252437190  -0.0024300806   0.0014525059   0.0052876500  -0.0210982408
       -0.0373167013  -0.0011232006   0.0002127642  -0.0013520787   0.0002688379
       -0.0000341523  -0.0000466895   0.0000335025  -0.0000188407   0.0000004311
        0.0000548622  -0.0000124829  -0.0000489856   0.0000098147  -0.0000097449
       -0.0001130247  -0.0000174866   0.0000079954  -0.0000033776  -0.0000106256
       -0.0000150617  -0.0000063171   0.0000240301  -0.0000376661   0.0000271338
        0.0000275507  -0.0000896053   0.0000015615  -0.0001034328   0.0001860603
       -0.0000313962  -0.0003355842   0.0000150737  -0.0000391000  -0.0001508965
       -0.0003347922   0.0001724008  -0.0002681726   0.0000231260  -0.0000194099
        0.0000873547  -0.0341528110  -0.2629050792  -0.0838255213  -0.0105406808
        0.0052554203   0.0115002809  -0.0020540829  -0.0041961523  -0.0038928218
        0.0002177551   0.0008423353   0.0004594410  -0.0024938919  -0.0042963364
       -0.0035632362  -0.0000081165   0.0000162707   0.0000438992   0.0000107244
        0.0000124739  -0.0000123225   0.0000140676   0.0000011382  -0.0000135313
        0.0000085466  -0.0000153445  -0.0000188254   0.0000061242  -0.0000135758
       -0.0000097118   0.0000109412  -0.0000434621  -0.0000055569   0.0001876146
        0.0000207186   0.0000021014
        0.0011403233   0.0009147904   0.0004647457  -0.0021577906   0.0023311119
       -0.0016313834   0.0327439870   0.0079466350  -0.0218154980   0.0568624607
        0.0138571636  -0.0919851095  -0.2414479769   0.1492621735   0.3961756343
        0.1416708959  -0.0545397695  -0.1956218785  -0.0136689608  -0.0612284325
       -0.0163661540   0.0293797585   0.0079606594  -0.0264080511  -0.0131833020
        0.0300119612   0.0274300794   0.0002950821  -0.0022023250   0.0001239788
       -0.0001053697  -0.0002560505   0.0002782419  -0.0000723687  -0.0000591065
        0.0001169009  -0.0000257838  -0.0000128930   0.0000587899  -0.0000126796
       -0.0001724332  -0.0000153870  -0.0000149521   0.0000134126   0.0000303852
        0.0000010766   0.0000495263   0.0000026582  -0.0000006576   0.0000849004
        0.0000127259   0.0000729288  -0.0000172090  -0.0001601878   0.0002330905
        0.0002334483  -0.0004088192  -0.0000107327  -0.0000518877   0.0002300309
        0.0001085641  -0.0001216824   0.0002863554   0.0002652835   0.0000369405
        0.0003347441  -0.0066711640  -0.0836516268  -0.0680851021   0.0095243947
       -0.0033063957  -0.0093220224   0.0024300286  -0.0035210087   0.0033827090
        0.0001790245   0.0004430022  -0.0002579342   0.0023069199  -0.0039103432
        0.0033565231  -0.0000121060  -0.0000031193   0.0000268471   0.0000333714
        0.0000287916  -0.0000569968   0.0000367391  -0.0000201655  -0.0000528156
        0.0000272379  -0.0000451915  -0.0000468938   0.0000086924  -0.0000493894
       -0.0000068174  -0.0000002527  -0.0000805291   0.0000144612   0.0000642376
        0.0000750416  -0.0000847599
        0.0002350961  -0.0005733128   0.0001494385  -0.0006554821   0.0000443140
        0.0010043406   0.0016360341  -0.0041871459   0.0005217187  -0.0395539438
       -0.0168225653   0.0259388475  -0.1626768751   0.0706246779   0.1416708959
        0.4541107882   0.1201159555  -0.2421987646  -0.0799753396  -0.0666322956
       -0.0031592260   0.0044847586  -0.0218088405  -0.0134014259  -0.0049045312
        0.0136073435   0.0065110927   0.0001570346   0.0007881973  -0.0001225482
        0.0000802646  -0.0001126483  -0.0000752932  -0.0000167590   0.0000184494
       -0.0000196070   0.0000021076   0.0000288755   0.0000008821  -0.0000212866
        0.0000374812   0.0000158031  -0.0000075070   0.0000183654   0.0000279164
       -0.0000047320   0.0000157241   0.0000049294   0.0000164341  -0.0000035029
       -0.0000282234   0.0000295160   0.0000212433   0.0000242074  -0.0000959542
        0.0000354203   0.0001228332   0.0000905575  -0.0000397615   0.0001629004
       -0.0001403921  -0.0000850341   0.0001032430   0.0000564949   0.0000629385
       -0.0001069325   0.0018939187  -0.0004987159  -0.0019718007  -0.1764323350
       -0.1076672225   0.0733299982   0.0013705036   0.0170749759   0.0070177796
       -0.0001329169  -0.0047293058   0.0047447502   0.0004701852   0.0006226199
       -0.0001913921   0.0000122291   0.0000290671  -0.0000352064   0.0000103419
        0.0000072491  -0.0000219709   0.0000072361   0.0000012007  -0.0000069300
        0.0000048917   0.0000053926  -0.0000102686   0.0000028024  -0.0000096373
       -0.0000085422  -0.0000041328   0.0000023631   0.0000035396  -0.0000490075
        0.0000081344   0.0000030154
       -0.0000946328   0.0002431001  -0.0001316316  -0.0003361146   0.0001907399
        0.0002129915  -0.0064062405  -0.0027292595   0.0020818658   0.0236767228
        0.0493531510   0.0053529374   0.0163377339  -0.1208649409  -0.0545397695
        0.1201159555   0.5943367953   0.1268592019  -0.0107185354  -0.2918936305
       -0.1094673320  -0.0644197769  -0.0429944836   0.0344525154   0.0175247824
       -0.0348435794  -0.0287651422  -0.0001593504   0.0002933529   0.0000136846
        0.0000097838   0.0000579558  -0.0000524769   0.0000176061   0.0000116184
       -0.0000025832  -0.0000115930  -0.0000137575  -0.0000087442   0.0000010393
        0.0000274572   0.0000168209   0.0000033806   0.0000000478  -0.0000074759
       -0.0000119525  -0.0000121645   0.0000137253   0.0000038862  -0.0000027842
       -0.0000026306  -0.0000382563   0.0000220309   0.0000654630  -0.0000007799
       -0.0000703626   0.0000644503  -0.0000387196  -0.0000170701  -0.0002073432
       -0.0000575573   0.0001836881  -0.0000741204  -0.0000372744  -0.0000114597
        0.0000790933   0.0162921146  -0.0132019835  -0.0209848892  -0.1076794572
       -0.1252686707   0.0512720770  -0.0001720592  -0.0124400756  -0.0056398324
       -0.0042704718  -0.0003110360  -0.0002216892   0.0005119249  -0.0000256693
       -0.0003806326  -0.0000087755  -0.0000080993   0.0000088223  -0.0000022246
       -0.0000014546   0.0000062175  -0.0000022912   0.0000032062   0.0000020503
        0.0000003863   0.0000018325   0.0000065476   0.0000021151  -0.0000016152
       -0.0000061513  -0.0000019660   0.0000144561  -0.0000055833  -0.0000294026
       -0.0000273354  -0.0000104366
       -0.0007049008  -0.0003155013  -0.0003512577   0.0028641287  -0.0008156255
       -0.0018664543   0.0014032605   0.0001144857   0.0077166316   0.0437344316
        0.0394075942  -0.0218121004   0.1139265993  -0.1004514361  -0.1956218785
       -0.2421987646   0.1268592019   0.3924667763   0.0238619917  -0.0601078946
       -0.0971194374  -0.0343690802  -0.0023705654   0.0297361792   0.0086238909
       -0.0268105699  -0.0248414896   0.0001763165   0.0000828458   0.0000920149
       -0.0000047807   0.0001616600  -0.0000761520  -0.0000100165   0.0000215814
       -0.0000081888   0.0000155189  -0.0000293085  -0.0000201968  -0.0000057798
        0.0000270571  -0.0000016861   0.0000123775  -0.0000178859  -0.0000230567
       -0.0000088170  -0.0000286932   0.0000033119  -0.0000215137  -0.0000017440
        0.0000233509  -0.0000397338   0.0000024939   0.0000109868   0.0000135903
       -0.0000838126   0.0000242238  -0.0000099561   0.0000140461  -0.0001044361
        0.0000593549   0.0001885226  -0.0000692141  -0.0002044595  -0.0000774601
       -0.0000959373   0.0062653391  -0.0057555366  -0.0083909068   0.0733378875
        0.0511809826  -0.0740343041  -0.0013854085  -0.0207776516  -0.0090230219
        0.0049916104   0.0001065423   0.0035398186  -0.0003192259  -0.0004596737
       -0.0002214606  -0.0000015526  -0.0000388844   0.0000347107  -0.0000065761
       -0.0000142556   0.0000328708  -0.0000049390   0.0000064202   0.0000233092
       -0.0000129436   0.0000130385   0.0000174112  -0.0000051337   0.0000151383
       -0.0000023390   0.0000061286   0.0000079757  -0.0000151010   0.0000211555
       -0.0000530875  -0.0000229766
       -0.0001838854  -0.0002132410   0.0000661091   0.0001362227  -0.0001475318
       -0.0007000983   0.0000508831   0.0017227190   0.0024276427  -0.0167473416
       -0.0286200325  -0.0056501358   0.0262116814   0.0164219201  -0.0136689608
       -0.0799753396  -0.0107185354   0.0238619917   0.4499237347   0.1078053432
       -0.2469270243  -0.2026795104  -0.1360706339   0.0730178371  -0.0401245466
        0.0215322909   0.0456379485   0.0001564907   0.0000851530  -0.0001146628
        0.0000160258  -0.0000471480  -0.0000420622  -0.0000010371   0.0000282239
       -0.0000191905  -0.0000181649   0.0000136218   0.0000121652  -0.0000175950
        0.0000124046   0.0000090550   0.0000058749   0.0000048096  -0.0000002489
       -0.0000095350   0.0000021272   0.0000100363   0.0000058761  -0.0000081787
       -0.0000041697  -0.0000130061   0.0000298843   0.0000301905  -0.0000073214
       -0.0000551824   0.0000262400   0.0000310608  -0.0000018045   0.0000486702
       -0.0000767590  -0.0000523100   0.0000882568   0.0000799062   0.0000456248
       -0.0000796938   0.0014539472   0.0003387629   0.0063104026  -0.0042102661
       -0.0218156767  -0.0061326217  -0.1320667579   0.0538689461   0.1142409897
       -0.0033906897  -0.0043100810   0.0017539326   0.0014512232   0.0000857796
        0.0058398071   0.0000280776   0.0000354823  -0.0000477081  -0.0000053552
        0.0000045256  -0.0000037278  -0.0000052864   0.0000060692   0.0000037771
       -0.0000059330   0.0000061645   0.0000017165  -0.0000013185   0.0000029034
       -0.0000007624   0.0000006219   0.0000151421   0.0000007902  -0.0000119773
       -0.0000075420   0.0000035083
        0.0000774423  -0.0001918112   0.0001198499  -0.0004071195   0.0001015115
        0.0003643007   0.0022109762   0.0009282366  -0.0021234658  -0.0293945003
       -0.0485304701   0.0046742514   0.0582056596  -0.0203500347  -0.0612284325
       -0.0666322956  -0.2918936305  -0.0601078946   0.1078053432   0.5870011067
        0.1352705140  -0.0793566184  -0.1643989643   0.0147861820  -0.0209502994
        0.0489908119   0.0399549013   0.0000121808   0.0001101941  -0.0000059398
        0.0000082085  -0.0000821133   0.0000034600   0.0000200302   0.0000129524
       -0.0000215341  -0.0000073275   0.0000109820   0.0000022011  -0.0000172019
        0.0000124468   0.0000046487   0.0000101369   0.0000029081  -0.0000021452
       -0.0000009261  -0.0000004406  -0.0000037155   0.0000225416  -0.0000039719
       -0.0000233875  -0.0000088347   0.0000240365   0.0001015002  -0.0000281565
       -0.0000009445   0.0000378466   0.0000002135   0.0000568389   0.0001392686
        0.0000246732  -0.0001628560   0.0000664487   0.0000950029   0.0000455528
       -0.0000448780   0.0000572013   0.0013891579  -0.0030769290  -0.0047578071
       -0.0182854333  -0.0051246204   0.0537690362  -0.0768970693  -0.0692547223
       -0.0213969299  -0.0191923925   0.0093183583   0.0006450442   0.0011829597
       -0.0037147827   0.0000190101   0.0000362039  -0.0000356826   0.0000013025
        0.0000068406  -0.0000134958  -0.0000004768   0.0000114584  -0.0000050867
        0.0000055731   0.0000008121  -0.0000080658   0.0000072134   0.0000005637
       -0.0000091701   0.0000034445   0.0000188737  -0.0000072313  -0.0000417406
        0.0000456839  -0.0000325517
        0.0002807013   0.0000913436  -0.0000019156  -0.0004689388   0.0002125164
        0.0008248073   0.0009797717  -0.0008672579  -0.0035305670  -0.0048608779
        0.0047926886   0.0014051255   0.0064910133  -0.0252437190  -0.0163661540
       -0.0031592260  -0.1094673320  -0.0971194374  -0.2469270243   0.1352705140
        0.3949512218   0.0996198000   0.0634999895  -0.1039006067   0.0264005341
        0.0036745190  -0.0196516977  -0.0001352024  -0.0000349885   0.0000919507
       -0.0000104474  -0.0000036464   0.0000456154   0.0000013705  -0.0000103033
        0.0000046759   0.0000093567  -0.0000128025  -0.0000130069   0.0000001722
       -0.0000131671  -0.0000018944   0.0000045247  -0.0000085806  -0.0000018175
        0.0000051101  -0.0000077970  -0.0000136343   0.0000060153   0.0000016717
       -0.0000060252   0.0000126140  -0.0000112472   0.0000181385  -0.0000052257
        0.0000574579  -0.0000081414  -0.0000233706   0.0000162705   0.0000316161
        0.0001024091  -0.0000389032  -0.0000532357  -0.0000334113  -0.0000171336
        0.0000570689   0.0059098293  -0.0036403903   0.0010296889   0.0021567246
        0.0100177807   0.0037255822   0.1141794064  -0.0691635966  -0.1663073453
       -0.0066134136  -0.0057684782   0.0036877009   0.0061060816  -0.0033209971
        0.0011314041  -0.0000203487  -0.0000147470   0.0000174994  -0.0000001631
       -0.0000051096  -0.0000096180  -0.0000002708  -0.0000066310  -0.0000066067
        0.0000013142  -0.0000039197  -0.0000039952   0.0000046425  -0.0000033248
       -0.0000024295   0.0000058691  -0.0000059503  -0.0000001365  -0.0000193402
        0.0000352711  -0.0000238305
        0.0003126361   0.0001353353  -0.0000871602  -0.0001461065  -0.0004585166
        0.0000647285   0.0022708030  -0.0040285739   0.0008968843   0.0254383319
        0.0578496563   0.0052203274  -0.0393172869  -0.0024300806   0.0293797585
        0.0044847586  -0.0644197769  -0.0343690802  -0.2026795104  -0.0793566184
        0.0996198000   0.4463607763   0.1150460327  -0.2370251101  -0.1636480140
        0.0166062081   0.1148143212   0.0001765495   0.0001352335  -0.0000840549
        0.0000668039  -0.0001111181  -0.0000112617   0.0000001221  -0.0000040475
       -0.0000036906  -0.0000023004  -0.0000104970   0.0000232841  -0.0000073927
       -0.0000160362  -0.0000018246  -0.0000013749   0.0000120891   0.0000198509
       -0.0000099659   0.0000127621   0.0000091219  -0.0000153368  -0.0000033206
       -0.0000011049   0.0000239927  -0.0000197150  -0.0000782555  -0.0000111430
        0.0000553582  -0.0000193435   0.0000103672  -0.0000389469  -0.0000672224
       -0.0000380325   0.0001996981  -0.0000277119   0.0000072245  -0.0000331584
        0.0001766063  -0.0005414075   0.0001119899   0.0000795634   0.0036277713
       -0.0021065154   0.0025780725  -0.0152087298  -0.0097124459   0.0092103131
       -0.0451037215  -0.0341377815  -0.0071064794  -0.0161180815   0.0067242191
        0.0167991781   0.0000010414   0.0000063647   0.0000145745   0.0000310373
        0.0000147954  -0.0000017522   0.0000305587   0.0000020012   0.0000031301
        0.0000109036   0.0000017455  -0.0000078550  -0.0000062091  -0.0000037239
       -0.0000068586  -0.0000206829  -0.0000143562  -0.0000076003   0.0000216182
       -0.0000082602  -0.0000031486
       -0.0004488780  -0.0005045646   0.0002390651   0.0002565214  -0.0003383784
       -0.0006092177  -0.0026256157  -0.0039245633  -0.0018347064   0.0191472808
       -0.0181296133  -0.0248573371  -0.0052821454   0.0014525059   0.0079606594
       -0.0218088405  -0.0429944836  -0.0023705654  -0.1360706339  -0.1643989643
        0.0634999895   0.1150460327   0.6048402679   0.1337395653   0.0707756133
       -0.1203444398  -0.0996617216   0.0002775527   0.0006878790  -0.0000966948
        0.0000539476  -0.0000445281  -0.0001078294  -0.0000031961   0.0000428858
       -0.0000610426  -0.0000024464   0.0000047162  -0.0000012899  -0.0000154002
        0.0000287220  -0.0000121961   0.0000048058  -0.0000025962   0.0000014705
        0.0000082930  -0.0000126369  -0.0000089618   0.0000075201  -0.0000113966
       -0.0000078576  -0.0000038040  -0.0000146383   0.0000561525  -0.0000532673
        0.0000225366   0.0000952363  -0.0000193048   0.0000928663   0.0000862826
        0.0002097566  -0.0001584932   0.0000495429  -0.0000346590  -0.0000711715
       -0.0001451291   0.0001599310   0.0008209811   0.0003551655  -0.0025687912
       -0.0043488641  -0.0036959287   0.0076973706   0.0055268440  -0.0038773877
       -0.0340958761  -0.2634162860  -0.0805507924  -0.0106654569   0.0052068754
        0.0118709858   0.0000438243  -0.0000367517  -0.0000503731   0.0000051436
       -0.0000114018  -0.0000070268   0.0000025694   0.0000044905   0.0000109255
       -0.0000012623   0.0000013148   0.0000057245   0.0000039557   0.0000057714
        0.0000031002   0.0000015399   0.0000086414  -0.0000020060  -0.0000020802
        0.0000164730  -0.0000158015
       -0.0007793396   0.0000644452  -0.0003132680   0.0020944193  -0.0012216014
       -0.0019683683   0.0018600190  -0.0005686992   0.0084645617  -0.0152706541
       -0.0597714181  -0.0191044125   0.0273947746   0.0052876500  -0.0264080511
       -0.0134014259   0.0344525154   0.0297361792   0.0730178371   0.0147861820
       -0.1039006067  -0.2370251101   0.1337395653   0.3886640673   0.1396465087
       -0.0512353317  -0.1922285617   0.0003296420   0.0004648560  -0.0000289221
        0.0000460728   0.0000718183  -0.0001102203  -0.0000030734   0.0000588922
       -0.0000405204   0.0000177085   0.0000156669  -0.0000191356  -0.0000172461
        0.0000452310   0.0000044132   0.0000129303  -0.0000056007  -0.0000209715
        0.0000006290  -0.0000201338  -0.0000210202   0.0000040131  -0.0000210947
       -0.0000197983  -0.0000228219   0.0000217149   0.0000905839  -0.0000436658
       -0.0000829506   0.0000986287  -0.0000750860   0.0000731640   0.0000479131
       -0.0000514478  -0.0002712978   0.0000762316   0.0000117811   0.0000121850
       -0.0001399834   0.0003684070   0.0004105768  -0.0000947854   0.0023981647
       -0.0040212085   0.0036843824   0.0173798228   0.0113148226  -0.0099121722
       -0.0069973289  -0.0804381032  -0.0672806745   0.0091090650  -0.0032106083
       -0.0092462783   0.0000517131  -0.0000011660  -0.0000211040   0.0000089571
       -0.0000106114   0.0000245276   0.0000074630   0.0000059578   0.0000288084
       -0.0000091958   0.0000146436   0.0000120298  -0.0000078238   0.0000152340
       -0.0000109651  -0.0000102728   0.0000201470  -0.0000202617  -0.0000454360
        0.0000045574  -0.0000222457
       -0.0002658249   0.0004688810  -0.0005314638   0.0007568775   0.0009298419
        0.0014654082   0.0020729391   0.0220768804   0.0108034637  -0.0775684831
       -0.0628082225  -0.0045087167   0.0049634675  -0.0210982408  -0.0131833020
       -0.0049045312   0.0175247824   0.0086238909  -0.0401245466  -0.0209502994
        0.0264005341  -0.1636480140   0.0707756133   0.1396465087   0.4524978021
        0.1105323418  -0.2524912596  -0.0009143063  -0.0016693867   0.0000883392
       -0.0002702190   0.0004236350   0.0003745363   0.0001270094  -0.0000725204
        0.0000813793   0.0000019699  -0.0000636143  -0.0000199952   0.0000489873
       -0.0000314404  -0.0000288930   0.0000489802  -0.0000264065  -0.0000597173
       -0.0000077162  -0.0000374711  -0.0000033564  -0.0000089399  -0.0000370646
        0.0000373081  -0.0000313285   0.0000197280   0.0000361704   0.0000990050
       -0.0001947475  -0.0000957026   0.0000267560  -0.0000190812   0.0000586367
       -0.0003082820   0.0002761929   0.0000221044  -0.0000066178   0.0000241711
       -0.0000317675  -0.0002624957  -0.0045184082   0.0046774922   0.0004051161
        0.0006077227  -0.0002882809  -0.0002540651  -0.0040080153   0.0046222486
        0.0021030720  -0.0005746904  -0.0013959205  -0.1742801017  -0.1076139586
        0.0753703206  -0.0000897410   0.0000450401   0.0000658016  -0.0000812798
       -0.0000198048   0.0001150538  -0.0000565269   0.0000158467   0.0000405015
       -0.0000227983   0.0000241102   0.0000437337  -0.0000014504   0.0000426759
        0.0000169362   0.0000157081   0.0000463991  -0.0000018991  -0.0000604217
       -0.0000904899   0.0000499062
        0.0005343747  -0.0001574937   0.0002784092  -0.0050835337   0.0015450111
        0.0025424005   0.0107125555  -0.0235752270  -0.0286993356  -0.0164656702
       -0.2667209358  -0.0861759265  -0.0543104219  -0.0373167013   0.0300119612
        0.0136073435  -0.0348435794  -0.0268105699   0.0215322909   0.0489908119
        0.0036745190   0.0166062081  -0.1203444398  -0.0512353317   0.1105323418
        0.5714452494   0.1257254250   0.0000945408   0.0005354916  -0.0001050613
        0.0000611293  -0.0001836890   0.0001200034  -0.0000316290  -0.0000592157
        0.0000386382  -0.0000021709  -0.0000410887  -0.0000056058  -0.0000013872
       -0.0000064991   0.0000011882  -0.0000246859  -0.0000042697   0.0000366143
        0.0000004407   0.0000262362   0.0000041759  -0.0000145705   0.0000439912
        0.0000306043   0.0000484116  -0.0000519430  -0.0000825262  -0.0001099284
        0.0003260272   0.0000682934  -0.0000128985  -0.0001510546   0.0000879926
        0.0009589172  -0.0001750739   0.0002709526  -0.0003122082   0.0000366426
        0.0001836485  -0.0039535778  -0.0004658821  -0.0003680381   0.0005194052
        0.0000798717  -0.0004948005  -0.0043992439  -0.0003836855   0.0002006857
        0.0163734808  -0.0136461593  -0.0211347827  -0.1069187407  -0.1247289395
        0.0518807690  -0.0000801126  -0.0000531082   0.0001595908   0.0000295857
        0.0000190925  -0.0000528202   0.0000315044  -0.0000206573  -0.0000416280
        0.0000201098  -0.0000202710  -0.0000306395   0.0000066138  -0.0000357248
       -0.0000095806  -0.0000085920  -0.0000566108   0.0000045367   0.0000601175
       -0.0000061762  -0.0000737622
        0.0002800921  -0.0003812729   0.0008775097  -0.0070813269  -0.0008523718
       -0.0004977799   0.0131417141  -0.0328560504  -0.0232176102   0.0158878382
       -0.0475365980  -0.0828359536  -0.0293878946  -0.0011232006   0.0274300794
        0.0065110927  -0.0287651422  -0.0248414896   0.0456379485   0.0399549013
       -0.0196516977   0.1148143212  -0.0996617216  -0.1922285617  -0.2524912596
        0.1257254250   0.3914828023   0.0011192389   0.0014720594  -0.0005023614
        0.0002299478  -0.0002887016  -0.0000529190  -0.0001028671   0.0000214526
       -0.0000707612  -0.0000143855   0.0000287755   0.0000107228  -0.0000467972
        0.0000367298  -0.0000226414  -0.0000297606   0.0000166111   0.0000613771
        0.0000127612   0.0000295248   0.0000018316  -0.0000001181   0.0000306060
        0.0000124433   0.0000689620  -0.0000474081  -0.0000368431  -0.0002031053
        0.0003192911   0.0001499620  -0.0000085852   0.0000542734   0.0002087932
        0.0001496465  -0.0000990475   0.0004133740   0.0001041581  -0.0000211863
       -0.0001032962   0.0046544027   0.0000984422   0.0029326658  -0.0002833650
       -0.0004469425  -0.0001816458   0.0046853284  -0.0002199090   0.0034136374
        0.0069559532  -0.0065135982  -0.0083806868   0.0752802739   0.0512341043
       -0.0741677661  -0.0000244331  -0.0000907869   0.0000042752   0.0000344644
        0.0000079165  -0.0000883610   0.0000464228  -0.0000296483  -0.0000299834
        0.0000104211  -0.0000144609  -0.0000282290   0.0000052507  -0.0000298203
       -0.0000036837  -0.0000077627  -0.0000470341   0.0000058525   0.0000514226
       -0.0000052120  -0.0000630557
        0.0069471836  -0.0020424104  -0.0086174925  -0.0769585164   0.0162440802
        0.0520097735  -0.0321042038   0.0139746826   0.0310339696  -0.0017635412
        0.0046311531  -0.0000740954  -0.0001414122   0.0002127642   0.0002950821
        0.0001570346  -0.0001593504   0.0001763165   0.0001564907   0.0000121808
       -0.0001352024   0.0001765495   0.0002775527   0.0003296420  -0.0009143063
        0.0000945408   0.0011192389   0.2562785528   0.0198429297  -0.1977207406
       -0.0852597705  -0.0793488383   0.0749760569  -0.0146086442  -0.0010719165
        0.0257710249  -0.0025027883  -0.0088664005  -0.0017473274  -0.0007050132
        0.0162019888   0.0023643853   0.0032466859  -0.0009483990   0.0051195666
        0.0005749120   0.0003017136  -0.0012265395   0.0030137421  -0.0005471143
        0.0048823962   0.0011279807  -0.0119561429  -0.0021974862  -0.0581582374
        0.0312258365   0.0153769850   0.0003872666  -0.0002729213  -0.0004768300
       -0.0015649250   0.0000238158  -0.0032236967   0.0000988301   0.0001954022
       -0.0000698143   0.0000005669   0.0000719947  -0.0001074458  -0.0000615521
       -0.0000116501   0.0000533169  -0.0000757023   0.0000481417  -0.0000106135
       -0.0000906044   0.0001330625   0.0001161842  -0.0000864301   0.0000757635
       -0.0000974082   0.0018445152   0.0012554344  -0.0013028737   0.0032181357
        0.0008188324   0.0051025436   0.0003052887  -0.0001237498  -0.0001544604
       -0.0003745612   0.0006845095   0.0001730569  -0.0010909809  -0.0000066660
       -0.0006671427   0.0002268282  -0.0006173314   0.0000773738  -0.0012993739
       -0.0003534888  -0.0011477439
        0.0018218166   0.0060711087  -0.0039946627   0.0139186479  -0.0715170075
       -0.0360058950   0.0100998057  -0.0135354400  -0.0093352746   0.0050731032
        0.0133548375  -0.0020370519   0.0018331820  -0.0013520787  -0.0022023250
        0.0007881973   0.0002933529   0.0000828458   0.0000851530   0.0001101941
       -0.0000349885   0.0001352335   0.0006878790   0.0004648560  -0.0016693867
        0.0005354916   0.0014720594   0.0198429297   0.6059809081  -0.0396427768
       -0.0491072186  -0.2232396042   0.0939031566  -0.0262327617   0.0446899763
        0.0491096366  -0.0057508269  -0.0502219464   0.0099072772   0.0271779113
        0.0052056022  -0.0489576783  -0.0006339363  -0.0132104520   0.0006477865
        0.0091836501   0.0024671190  -0.0155482746  -0.0098203395   0.0165565244
        0.0172625880  -0.0077979464  -0.0643747367   0.0127061388   0.0203063953
       -0.2362780140  -0.0433703107  -0.0003303190   0.0003660828   0.0000856315
       -0.0000319243   0.0013377355   0.0001327708   0.0004771182   0.0001173001
        0.0011493638   0.0000228731  -0.0000303321  -0.0001261366   0.0001712414
       -0.0000383812  -0.0001914265  -0.0000365520   0.0000238893  -0.0000758403
       -0.0001141781   0.0001011120   0.0001690892  -0.0001806427   0.0000400461
        0.0000167229  -0.0103601225  -0.0248605079   0.0172136736   0.0006747110
        0.0008273856  -0.0015909038  -0.0001805885  -0.0003855167   0.0002420237
       -0.0000372107  -0.0004468232   0.0001639870   0.0000403637   0.0002161028
       -0.0000559119  -0.0000274962  -0.0008656328  -0.0002833323   0.0006591170
        0.0013738254  -0.0012768180
        0.0027714023  -0.0058660587  -0.0297279400   0.0501924272  -0.0356760296
       -0.1714435444   0.0224268462  -0.0067324065  -0.0030995173  -0.0018595329
       -0.0016020093   0.0010543628  -0.0001655780   0.0002688379   0.0001239788
       -0.0001225482   0.0000136846   0.0000920149  -0.0001146628  -0.0000059398
        0.0000919507  -0.0000840549  -0.0000966948  -0.0000289221   0.0000883392
       -0.0001050613  -0.0005023614  -0.1977207406  -0.0396427768   0.5219187648
        0.0760902237   0.1463637481  -0.1799298434   0.0256978349   0.0018854322
       -0.0477016169  -0.0019815234   0.0161816987  -0.0000139579   0.0021854296
       -0.0300838444  -0.0041547609   0.0053073383   0.0014377145  -0.0032183210
       -0.0011402735  -0.0002497271   0.0020111730   0.0047170834   0.0008995784
       -0.0021150448  -0.0013687869   0.0190960488   0.0038810717   0.0143717680
       -0.0625506081  -0.0822117551   0.0005572703   0.0002106751  -0.0000383724
       -0.0022012957  -0.0004570754  -0.0039362416   0.0000377720  -0.0003952029
       -0.0006805262   0.0000170514  -0.0000062867   0.0000050662  -0.0000306945
        0.0000134980   0.0000206125  -0.0000082238  -0.0000091117  -0.0000048355
        0.0000232847  -0.0000370338  -0.0000022585   0.0000429047  -0.0001043087
       -0.0000176372  -0.0012342069  -0.0020567176   0.0034297740   0.0050904819
       -0.0013861233  -0.0032046903  -0.0001267112   0.0002367155   0.0004661683
        0.0002240082  -0.0013574428  -0.0006532567  -0.0006431406   0.0000249881
       -0.0003385722   0.0000068291   0.0009303141   0.0000811235  -0.0010463210
        0.0008575252  -0.0001520853
       -0.0006733621  -0.0003281594  -0.0000683733  -0.0059392891  -0.0081388875
        0.0141111512  -0.0003996462  -0.0007220164   0.0007610208   0.0003611773
        0.0014945883  -0.0002973998   0.0001401530  -0.0000341523  -0.0001053697
        0.0000802646   0.0000097838  -0.0000047807   0.0000160258   0.0000082085
       -0.0000104474   0.0000668039   0.0000539476   0.0000460728  -0.0002702190
        0.0000611293   0.0002299478  -0.0852597705  -0.0491072186   0.0760902237
        0.2327437653   0.0073611069  -0.2221215548  -0.1019535269   0.0056172944
        0.0976694610  -0.0013773041   0.0428820448   0.0046304050  -0.0128981978
       -0.0145019503   0.0130403026   0.0005916889   0.0089382684  -0.0012652730
       -0.0039960668  -0.0020976976   0.0075574273   0.0034360358  -0.0068477360
       -0.0057537421   0.0064654067   0.0115553043  -0.0012488054   0.0062994749
       -0.0291903114  -0.0077957593   0.0000497769  -0.0000552600  -0.0000674241
        0.0003716525   0.0000572590   0.0001964087  -0.0000396133   0.0000717823
        0.0001736908   0.0000117712   0.0000248833  -0.0000184139  -0.0000107450
       -0.0000021545   0.0000110027  -0.0000218913   0.0000139683   0.0000091802
       -0.0000249177   0.0000481022   0.0000421764  -0.0000402076  -0.0000124681
       -0.0000112890  -0.0396375472   0.0303912614   0.0107472997  -0.0044743640
        0.0015148681   0.0104096452   0.0071657494   0.0007543194   0.0036225475
       -0.0001217328  -0.0000138092  -0.0001906474   0.0000187730  -0.0000064930
        0.0000569543  -0.0005615246   0.0000589010  -0.0004098446  -0.0001185933
        0.0001412928  -0.0000357932
       -0.0001399709  -0.0006957406  -0.0020172283  -0.0023498078   0.0075734637
        0.0037368887   0.0032141797  -0.0013760826  -0.0018509694  -0.0005446358
       -0.0004360071   0.0004412300   0.0001339893  -0.0000466895  -0.0002560505
       -0.0001126483   0.0000579558   0.0001616600  -0.0000471480  -0.0000821133
       -0.0000036464  -0.0001111181  -0.0000445281   0.0000718183   0.0004236350
       -0.0001836890  -0.0002887016  -0.0793488383  -0.2232396042   0.1463637481
        0.0073611069   0.6723504354  -0.0172087283   0.0431325020  -0.1049159582
       -0.0784406367   0.0164761670  -0.0060664638  -0.0292857968  -0.0047114130
       -0.0018694312   0.0086697747   0.0001911947   0.0022716392  -0.0002538738
       -0.0020914839  -0.0003315626   0.0035720274   0.0014217377  -0.0050207711
       -0.0027744871   0.0024047730   0.0018171195  -0.0043650996  -0.0074915574
       -0.0554903844   0.0123418568   0.0000903291  -0.0002109601   0.0001503297
       -0.0000147492  -0.0000802621  -0.0004234274  -0.0001043363   0.0001387384
       -0.0003718767  -0.0000300562   0.0000270869   0.0000463850   0.0000476215
        0.0000207886  -0.0000330511   0.0000246375  -0.0000158839  -0.0000400965
        0.0000302761  -0.0000765919  -0.0000688685   0.0000174219  -0.0001207092
       -0.0001461788   0.0306223751  -0.2829028186  -0.0533227199  -0.0098218075
        0.0040112351   0.0176145555   0.0011447736  -0.0053090286  -0.0018068361
       -0.0000841692   0.0002845856   0.0001428918  -0.0000055594   0.0001571369
       -0.0000072316   0.0000781903  -0.0003486891  -0.0000832772   0.0001943889
        0.0001537841  -0.0002643834
        0.0006253319  -0.0015619626  -0.0006492844   0.0167333616   0.0132945531
       -0.0269508888  -0.0015992933   0.0033654216  -0.0005690545   0.0001629822
       -0.0024028329  -0.0004256447  -0.0003609551   0.0000335025   0.0002782419
       -0.0000752932  -0.0000524769  -0.0000761520  -0.0000420622   0.0000034600
        0.0000456154  -0.0000112617  -0.0001078294  -0.0001102203   0.0003745363
        0.0001200034  -0.0000529190   0.0749760569   0.0939031566  -0.1799298434
       -0.2221215548  -0.0172087283   0.5146273496   0.0979941931  -0.0096853327
       -0.2238466638   0.0044510317  -0.0769111923  -0.0071748651   0.0128223637
        0.0255735493  -0.0288850840  -0.0013107734  -0.0158807488   0.0019807860
        0.0077846311   0.0036167525  -0.0129047104  -0.0055430027   0.0118970832
        0.0103026487  -0.0016556656  -0.0204717982   0.0077065584  -0.0068674537
        0.0506763654   0.0162876627   0.0001246879   0.0000213109   0.0000931492
       -0.0004057264  -0.0001790615  -0.0004096898   0.0000636631  -0.0000097504
       -0.0003168930  -0.0000075503  -0.0000390477   0.0000210137   0.0000004611
       -0.0000032417   0.0000034734   0.0000146973  -0.0000099561   0.0000072478
        0.0000255862  -0.0000299945  -0.0000587257   0.0000296998   0.0000394926
       -0.0000138904   0.0104930873  -0.0537392153  -0.0539365369   0.0103702842
       -0.0027990534  -0.0176120937   0.0036278263  -0.0011961973   0.0028560621
       -0.0002011524   0.0000117551   0.0001170008   0.0000274732   0.0000287231
       -0.0000642747  -0.0004381108  -0.0000642097  -0.0001177248  -0.0000620993
       -0.0002324995  -0.0002216504
       -0.0005000668   0.0005245855   0.0015850482   0.0066177626  -0.0017030524
        0.0043498518   0.0006659181  -0.0002526418  -0.0016118018   0.0001322952
       -0.0002433026   0.0000504385   0.0000334711  -0.0000188407  -0.0000723687
       -0.0000167590   0.0000176061  -0.0000100165  -0.0000010371   0.0000200302
        0.0000013705   0.0000001221  -0.0000031961  -0.0000030734   0.0001270094
       -0.0000316290  -0.0001028671  -0.0146086442  -0.0262327617   0.0256978349
       -0.1019535269   0.0431325020   0.0979941931   0.2333176383   0.0008373783
       -0.2171843949  -0.0595831168   0.0192543233   0.0297562562   0.0088813522
        0.0038328135  -0.0138579820   0.0031299999  -0.0095901139   0.0047548700
        0.0035111065   0.0015276234  -0.0055693118  -0.0018745911   0.0044950141
        0.0042169845  -0.0014268188  -0.0065310152   0.0020762981  -0.0064829638
        0.0161903213   0.0023937925  -0.0001586121   0.0000187526  -0.0000502265
        0.0002797305   0.0000824579   0.0003693934  -0.0000081662   0.0000110123
        0.0000953549   0.0000078770   0.0000139776   0.0000069301   0.0000050030
        0.0000154483  -0.0000202351   0.0000022001   0.0000030883  -0.0000087294
        0.0000139602  -0.0000114112  -0.0000127443  -0.0000073498   0.0000057512
        0.0000311725  -0.0012495131   0.0019910938   0.0041197120  -0.0657809914
       -0.0615927847   0.0566930115  -0.0020425850   0.0143374955   0.0048431939
       -0.0001735480  -0.0000453109   0.0000589796  -0.0007123424  -0.0001065418
       -0.0003641415  -0.0000145555   0.0000654677  -0.0000090904  -0.0001302580
       -0.0000141408  -0.0002177027
        0.0001851836   0.0003837567   0.0000380078  -0.0013398812  -0.0025318478
        0.0029307299  -0.0003211018  -0.0003007480  -0.0002629237  -0.0000645076
        0.0004849147   0.0002260501   0.0000693779   0.0000004311  -0.0000591065
        0.0000184494   0.0000116184   0.0000215814   0.0000282239   0.0000129524
       -0.0000103033  -0.0000040475   0.0000428858   0.0000588922  -0.0000725204
       -0.0000592157   0.0000214526  -0.0010719165   0.0446899763   0.0018854322
        0.0056172944  -0.1049159582  -0.0096853327   0.0008373783   0.7004982569
       -0.0084106654   0.0543617749  -0.3600975026  -0.0925060119  -0.0189051402
       -0.0699708598   0.0340360754  -0.0004013737   0.0164165356   0.0008713359
       -0.0070581410  -0.0050913754   0.0120101272   0.0045593716  -0.0080531349
       -0.0082261407   0.0020144941   0.0102520566  -0.0033549594   0.0072633349
       -0.0272459240  -0.0138329952  -0.0000235763   0.0000075666   0.0000114134
        0.0000527323  -0.0000127903  -0.0000329533   0.0000413079  -0.0000299958
        0.0001228615   0.0000011250   0.0000199801  -0.0000067629   0.0000174939
        0.0000103319  -0.0000120019   0.0000153030   0.0000066434  -0.0000090694
        0.0000065877  -0.0000026946   0.0000051472  -0.0000106373   0.0000217726
        0.0000470717   0.0135356036  -0.0102499112  -0.0245074148  -0.0615923463
       -0.1748795843   0.1124403869   0.0022881369  -0.0099315893  -0.0040172259
       -0.0000602932   0.0003812483   0.0001073853  -0.0001349630  -0.0001626928
        0.0002372433   0.0000534495   0.0000819589  -0.0000471316   0.0000938233
        0.0002129382  -0.0000901951
       -0.0005882944  -0.0000343248   0.0001361696   0.0041225536   0.0033612844
        0.0019110922   0.0013184839  -0.0003856063  -0.0009383269   0.0000387715
       -0.0007829737  -0.0001668844  -0.0001073805   0.0000548622   0.0001169009
       -0.0000196070  -0.0000025832  -0.0000081888  -0.0000191905  -0.0000215341
        0.0000046759  -0.0000036906  -0.0000610426  -0.0000405204   0.0000813793
        0.0000386382  -0.0000707612   0.0257710249   0.0491096366  -0.0477016169
        0.0976694610  -0.0784406367  -0.2238466638  -0.2171843949  -0.0084106654
        0.5042593829   0.0299269688  -0.0293993424  -0.0955386028  -0.0138562877
       -0.0069590944   0.0261368516   0.0048380423   0.0173211576  -0.0025464152
       -0.0059213610  -0.0027415377   0.0104521355   0.0042117475  -0.0082483437
       -0.0071748499   0.0022874923   0.0118634467  -0.0039499446   0.0016062012
       -0.0293689235  -0.0093397842   0.0001025681  -0.0000302411   0.0000052634
        0.0000646831  -0.0000588261   0.0002651278  -0.0000027380  -0.0000679715
       -0.0001350386  -0.0000225367  -0.0000141567   0.0000115278  -0.0000055456
        0.0000010212   0.0000036754   0.0000006079   0.0000008623   0.0000009949
        0.0000185495  -0.0000032697  -0.0000160667   0.0000286204  -0.0000301618
       -0.0000220349   0.0044520080  -0.0037643834  -0.0063519527   0.0567699270
        0.1121861301  -0.1372292738   0.0048257706  -0.0252702167  -0.0079233142
        0.0000669473   0.0000817635  -0.0002365438  -0.0003099085   0.0002145470
       -0.0002663868   0.0000309375  -0.0001250463   0.0000333622  -0.0001918104
       -0.0000124681   0.0001660105
       -0.0000532904   0.0000448896  -0.0000459271  -0.0004566864   0.0000940376
        0.0003539611   0.0002310634  -0.0001031614  -0.0000262534   0.0000107159
        0.0000323234  -0.0000082800   0.0000099970  -0.0000124829  -0.0000257838
        0.0000021076  -0.0000115930   0.0000155189  -0.0000181649  -0.0000073275
        0.0000093567  -0.0000023004  -0.0000024464   0.0000177085   0.0000019699
       -0.0000021709  -0.0000143855  -0.0025027883  -0.0057508269  -0.0019815234
       -0.0013773041   0.0164761670   0.0044510317  -0.0595831168   0.0543617749
        0.0299269688   0.2400074062  -0.0226711141  -0.2244154083  -0.0862125041
       -0.0580237515   0.0604953039   0.0012373711  -0.0079597693  -0.0010980114
        0.0067638677   0.0024064091  -0.0012999749  -0.0013718394   0.0018728802
        0.0022759346   0.0030404949  -0.0012767884   0.0056067141  -0.0091407069
       -0.0027326601   0.0183562161  -0.0000495107   0.0000109352   0.0000097867
        0.0000401876   0.0000122382  -0.0000422981  -0.0000340127   0.0000137785
       -0.0000231111   0.0000046114  -0.0000012483   0.0000075903   0.0000076652
       -0.0000084567   0.0000031184  -0.0000126270  -0.0000083078  -0.0000019680
       -0.0000161437  -0.0000069501  -0.0000088962  -0.0000098139  -0.0000125728
       -0.0000169111   0.0033462491   0.0010589023   0.0049542704   0.0015108787
       -0.0099757188  -0.0015487734  -0.0929826158   0.0310689454   0.1057783373
       -0.0011929829   0.0010706590  -0.0012828153   0.0002296964   0.0003445059
       -0.0000218706  -0.0010649172   0.0001427328  -0.0007042784  -0.0003629565
       -0.0004438323   0.0003046526
        0.0000075219   0.0000788281   0.0001973122   0.0001747866  -0.0006151055
       -0.0004245274  -0.0002508591   0.0002236797   0.0000926275  -0.0000098476
        0.0000916456  -0.0000067226  -0.0000017480  -0.0000489856  -0.0000128930
        0.0000288755  -0.0000137575  -0.0000293085   0.0000136218   0.0000109820
       -0.0000128025  -0.0000104970   0.0000047162   0.0000156669  -0.0000636143
       -0.0000410887   0.0000287755  -0.0088664005  -0.0502219464   0.0161816987
        0.0428820448  -0.0060664638  -0.0769111923   0.0192543233  -0.3600975026
       -0.0293993424  -0.0226711141   0.6843246773   0.0378841211  -0.0420026476
       -0.1586557273   0.0723573135  -0.0123529487  -0.0658309856   0.0211210058
        0.0119577157   0.0020278300  -0.0207446122  -0.0066393516   0.0102546679
        0.0119300492  -0.0012613507  -0.0124519012   0.0018813001  -0.0132342205
        0.0422767111   0.0248491067  -0.0000782485   0.0000630657  -0.0000676385
       -0.0000151611   0.0000930514   0.0000294913   0.0000898845   0.0000465635
        0.0000708937   0.0000202812   0.0000083379  -0.0000035644   0.0000045286
       -0.0000088032  -0.0000042451  -0.0000059082   0.0000028012  -0.0000020437
       -0.0000104473   0.0000100115  -0.0000066896   0.0000011465   0.0000625651
        0.0000156312   0.0005825663   0.0006135409  -0.0014865627   0.0015701483
       -0.0250211927  -0.0030179079   0.0318799754  -0.0612488349  -0.0561740611
       -0.0007973129   0.0009057671   0.0014424342  -0.0004865234  -0.0011096693
        0.0007483653  -0.0000257717   0.0001704128   0.0000142593   0.0003165522
        0.0001621089  -0.0005559383
        0.0001084060  -0.0000481725   0.0000614431   0.0003990769  -0.0001931730
       -0.0007412672  -0.0003972293   0.0002352027   0.0001513190  -0.0000189376
       -0.0000836997  -0.0000267826  -0.0000209911   0.0000098147   0.0000587899
        0.0000008821  -0.0000087442  -0.0000201968   0.0000121652   0.0000022011
       -0.0000130069   0.0000232841  -0.0000012899  -0.0000191356  -0.0000199952
       -0.0000056058   0.0000107228  -0.0017473274   0.0099072772  -0.0000139579
        0.0046304050  -0.0292857968  -0.0071748651   0.0297562562  -0.0925060119
       -0.0955386028  -0.2244154083   0.0378841211   0.5109169881   0.0610986370
        0.1019955894  -0.1591125736  -0.0013077347   0.0133210587   0.0028784695
       -0.0015214212  -0.0045656194   0.0082674419   0.0022790457  -0.0034686262
       -0.0041859769   0.0056064123   0.0020188835  -0.0036037396   0.0179542986
        0.0054623832  -0.0310293612   0.0000856237  -0.0000349464   0.0000044745
       -0.0000452053  -0.0000135046   0.0000544791   0.0000478840   0.0000209042
        0.0000275492  -0.0000018687  -0.0000140180  -0.0000000704  -0.0000067052
       -0.0000089397   0.0000039256  -0.0000048780  -0.0000041091  -0.0000011618
       -0.0000002228   0.0000093701  -0.0000012801  -0.0000049435   0.0000291253
        0.0000226981   0.0049393241  -0.0018742916  -0.0028799684  -0.0016667287
        0.0181044191   0.0034055467   0.1057744357  -0.0550659501  -0.2211255647
       -0.0012703869  -0.0018563975   0.0003600823  -0.0000432103  -0.0006204862
        0.0002786139  -0.0006391493  -0.0001815606  -0.0002551472   0.0004162069
        0.0008405932  -0.0007598849
       -0.0002872064  -0.0000072778   0.0007750750   0.0044619301   0.0002354184
        0.0018178231   0.0003645915  -0.0003280587  -0.0008953436   0.0001313643
       -0.0001990117  -0.0000274157   0.0000047430  -0.0000097449  -0.0000126796
       -0.0000212866   0.0000010393  -0.0000057798  -0.0000175950  -0.0000172019
        0.0000001722  -0.0000073927  -0.0000154002  -0.0000172461   0.0000489873
       -0.0000013872  -0.0000467972  -0.0007050132   0.0271779113   0.0021854296
       -0.0128981978  -0.0047114130   0.0128223637   0.0088813522  -0.0189051402
       -0.0138562877  -0.0862125041  -0.0420026476   0.0610986370   0.2522142314
        0.0102451826  -0.2072922288  -0.0633484011   0.0213741995   0.0192979573
        0.0059645042  -0.0072249387  -0.0086070764  -0.0070908622   0.0078558914
        0.0021948683  -0.0097607805  -0.0147690410   0.0186758244  -0.1026309955
        0.0190103104   0.0824791044  -0.0000111310  -0.0000064602   0.0001027774
        0.0001222084  -0.0000621780   0.0002073800  -0.0000286167  -0.0000143815
       -0.0000600667   0.0000014768  -0.0000172999   0.0000187981   0.0000017178
       -0.0000093942  -0.0000038870  -0.0000048226  -0.0000138835  -0.0000039793
       -0.0000045799  -0.0000105332  -0.0000093059  -0.0000071610  -0.0000188827
       -0.0000002328  -0.0002283861  -0.0001660450   0.0000969779   0.0074818019
        0.0012702203   0.0037996618  -0.0052043314  -0.0089059342   0.0111321323
       -0.0016118378   0.0135832506   0.0055033893   0.0066604347  -0.0020638268
        0.0052922354  -0.0001170221   0.0003336196  -0.0002107350   0.0038587802
       -0.0016069613   0.0035484541
        0.0001443836   0.0001966788  -0.0003698546  -0.0003533991  -0.0048691648
        0.0002162531   0.0007186662  -0.0006275020  -0.0005250023   0.0002469523
        0.0006672826  -0.0001454354   0.0001114755  -0.0001130247  -0.0001724332
        0.0000374812   0.0000274572   0.0000270571   0.0000124046   0.0000124468
       -0.0000131671  -0.0000160362   0.0000287220   0.0000452310  -0.0000314404
       -0.0000064991   0.0000367298   0.0162019888   0.0052056022  -0.0300838444
       -0.0145019503  -0.0018694312   0.0255735493   0.0038328135  -0.0699708598
       -0.0069590944  -0.0580237515  -0.1586557273   0.1019955894   0.0102451826
        0.6547014910  -0.0080964381   0.0383336666  -0.2538122363  -0.0722041376
       -0.0305848100  -0.0570955992   0.0519444909   0.0168433392  -0.0275446414
       -0.0298526768  -0.0027002249   0.0425824416   0.0059730632   0.0178076719
       -0.1159061292  -0.0333467096  -0.0000236470   0.0000361861  -0.0000364876
       -0.0000556491   0.0000257564  -0.0000688942   0.0000347900   0.0000190495
        0.0000467526   0.0000238529   0.0000035202  -0.0000099364   0.0000217903
       -0.0000073937  -0.0000221001  -0.0000055376  -0.0000050541  -0.0000158066
       -0.0000150789  -0.0000053689  -0.0000082855  -0.0000290094   0.0000124642
        0.0000054537  -0.0001957250   0.0007174141   0.0004164723   0.0008447567
       -0.0050885895  -0.0012723081   0.0017535350   0.0048911148  -0.0032652399
        0.0025111438  -0.0089615938  -0.0051257322  -0.0016516687  -0.0019542029
        0.0025916741   0.0004744360   0.0000273418  -0.0006195118  -0.0020124025
       -0.0026619516   0.0033407791
       -0.0002597145   0.0002305142   0.0002975804   0.0018889735  -0.0006577768
        0.0024107510   0.0008608389  -0.0003344555  -0.0008239117   0.0000270434
        0.0000023513   0.0000160946   0.0000374236  -0.0000174866  -0.0000153870
        0.0000158031   0.0000168209  -0.0000016861   0.0000090550   0.0000046487
       -0.0000018944  -0.0000018246  -0.0000121961   0.0000044132  -0.0000288930
        0.0000011882  -0.0000226414   0.0023643853  -0.0489576783  -0.0041547609
        0.0130403026   0.0086697747  -0.0288850840  -0.0138579820   0.0340360754
        0.0261368516   0.0604953039   0.0723573135  -0.1591125736  -0.2072922288
       -0.0080964381   0.5023590700   0.0199729631  -0.0430391259  -0.0868228991
       -0.0087458571   0.0113652776   0.0165744505   0.0020788751  -0.0135672510
       -0.0097721798   0.0185318371   0.0249746024  -0.0305987874   0.0821923392
       -0.0323498567  -0.2036105174  -0.0001096619   0.0001176561  -0.0001916934
        0.0000286958   0.0001421459   0.0001665738   0.0000573371   0.0000183884
        0.0000513851  -0.0000011107  -0.0000011134  -0.0000159543   0.0000088874
       -0.0000072727   0.0000016177  -0.0000016000  -0.0000049099   0.0000065277
       -0.0000028203  -0.0000059613   0.0000002085  -0.0000033957   0.0000220482
        0.0000132438  -0.0000609048   0.0002844670  -0.0004570776   0.0038618895
       -0.0020732978   0.0027952249   0.0113494590   0.0158362295  -0.0185905238
        0.0050540556  -0.0240206176  -0.0085264711   0.0052191012   0.0033397777
        0.0005744908  -0.0002008985  -0.0005501490   0.0001154384   0.0034723225
        0.0022763073   0.0000801210
        0.0000637203  -0.0000408013   0.0000150608  -0.0002752656   0.0007357115
        0.0001172684   0.0000504526   0.0000842803  -0.0000183815  -0.0000947015
       -0.0000723456   0.0000943629   0.0000044365   0.0000079954  -0.0000149521
       -0.0000075070   0.0000033806   0.0000123775   0.0000058749   0.0000101369
        0.0000045247  -0.0000013749   0.0000048058   0.0000129303   0.0000489802
       -0.0000246859  -0.0000297606   0.0032466859  -0.0006339363   0.0053073383
        0.0005916889   0.0001911947  -0.0013107734   0.0031299999  -0.0004013737
        0.0048380423   0.0012373711  -0.0123529487  -0.0013077347  -0.0633484011
        0.0383336666   0.0199729631   0.2562867439   0.0271122807  -0.2464269089
       -0.0924200493  -0.0910033048   0.0828511017  -0.0147835444  -0.0004606737
        0.0273907359  -0.0029648839  -0.0094325042  -0.0012919548   0.0001396750
        0.0166802270   0.0021152022  -0.0000367907   0.0000103886   0.0000397058
        0.0000112450  -0.0000323955  -0.0000486236  -0.0000132750  -0.0000199106
        0.0000067543   0.0000023657   0.0000095693   0.0000067570   0.0000082321
        0.0000089003  -0.0000011954   0.0000071728   0.0000024776   0.0000024299
        0.0000089021  -0.0000049376   0.0000018669   0.0000025422  -0.0000004326
        0.0000053366  -0.0010662654  -0.0000925876  -0.0006080995   0.0001681909
       -0.0006990816   0.0000673871  -0.0012136240  -0.0010265041  -0.0011567694
       -0.0935049907   0.0310336372   0.1061261120   0.0015381253   0.0015813430
       -0.0014814112   0.0030670817   0.0006739265   0.0051162379   0.0001111866
       -0.0001854986  -0.0004079306
       -0.0000590947  -0.0000030623   0.0000167001   0.0001194283  -0.0002290212
       -0.0002334164  -0.0002362867  -0.0000351267   0.0001222764   0.0000385471
        0.0000371561  -0.0000807259  -0.0000074374  -0.0000033776   0.0000134126
        0.0000183654   0.0000000478  -0.0000178859   0.0000048096   0.0000029081
       -0.0000085806   0.0000120891  -0.0000025962  -0.0000056007  -0.0000264065
       -0.0000042697   0.0000166111  -0.0009483990  -0.0132104520   0.0014377145
        0.0089382684   0.0022716392  -0.0158807488  -0.0095901139   0.0164165356
        0.0173211576  -0.0079597693  -0.0658309856   0.0133210587   0.0213741995
       -0.2538122363  -0.0430391259   0.0271122807   0.6351474881  -0.0342252794
       -0.0552661437  -0.2378735377   0.0911361655  -0.0274613666   0.0459805362
        0.0491488382  -0.0061419202  -0.0507397353   0.0092049147   0.0282315408
        0.0070158263  -0.0485608635   0.0001035808  -0.0000666568   0.0000339914
       -0.0000326098   0.0000117440   0.0000711144   0.0000707279   0.0000089540
       -0.0000092292  -0.0000060571  -0.0000104537  -0.0000019582   0.0000024525
        0.0000064899  -0.0000099566   0.0000046072   0.0000116273  -0.0000084289
        0.0000113689   0.0000120574  -0.0000066683   0.0000266765   0.0000324719
       -0.0000070271   0.0000188258   0.0002344472  -0.0001060051   0.0000976351
       -0.0008635094  -0.0002216275   0.0007866405   0.0011428133  -0.0014923281
        0.0306330253  -0.0604249472  -0.0536878046  -0.0104569404  -0.0255049336
        0.0173968986   0.0008684710   0.0007086518  -0.0018195775  -0.0002809950
       -0.0004264933   0.0001819843
       -0.0000099410   0.0000302056   0.0000155593   0.0000760966  -0.0012135491
       -0.0004596307  -0.0000501313  -0.0000614495   0.0001484662   0.0001914999
        0.0001178238  -0.0002291717  -0.0000041418  -0.0000106256   0.0000303852
        0.0000279164  -0.0000074759  -0.0000230567  -0.0000002489  -0.0000021452
       -0.0000018175   0.0000198509   0.0000014705  -0.0000209715  -0.0000597173
        0.0000366143   0.0000613771   0.0051195666   0.0006477865  -0.0032183210
       -0.0012652730  -0.0002538738   0.0019807860   0.0047548700   0.0008713359
       -0.0025464152  -0.0010980114   0.0211210058   0.0028784695   0.0192979573
       -0.0722041376  -0.0868228991  -0.2464269089  -0.0342252794   0.5440841827
        0.0841075147   0.1535340512  -0.1861939083   0.0265550318   0.0023973715
       -0.0449369797  -0.0012787944   0.0149492654  -0.0010158853   0.0028553698
       -0.0292683224  -0.0044352964   0.0000566734  -0.0000233251  -0.0000245281
       -0.0000182687   0.0000316605   0.0000540179   0.0000231348   0.0000322684
        0.0000123231  -0.0000032878  -0.0000031264  -0.0000078149  -0.0000069925
       -0.0000029134   0.0000066682  -0.0000028615   0.0000021115   0.0000025039
        0.0000017256   0.0000130169   0.0000060258   0.0000085089   0.0000125267
       -0.0000119273  -0.0006301536   0.0001292465  -0.0003093437   0.0000430995
        0.0011672223   0.0000756537  -0.0011517576   0.0018327836   0.0001594964
        0.1059195405  -0.0549907000  -0.2208283695  -0.0018440258  -0.0035840825
        0.0036425166   0.0051860611  -0.0013706184  -0.0026742366  -0.0003939023
        0.0002938574   0.0006021416
        0.0000906872  -0.0000595674   0.0000164411  -0.0001157067  -0.0000881077
       -0.0002032676   0.0000004114   0.0000442210   0.0000223008   0.0000148197
        0.0000187609   0.0000145063   0.0000015832  -0.0000150617   0.0000010766
       -0.0000047320  -0.0000119525  -0.0000088170  -0.0000095350  -0.0000009261
        0.0000051101  -0.0000099659   0.0000082930   0.0000006290  -0.0000077162
        0.0000004407   0.0000127612   0.0005749120   0.0091836501  -0.0011402735
       -0.0039960668  -0.0020914839   0.0077846311   0.0035111065  -0.0070581410
       -0.0059213610   0.0067638677   0.0119577157  -0.0015214212   0.0059645042
       -0.0305848100  -0.0087458571  -0.0924200493  -0.0552661437   0.0841075147
        0.2461481421   0.0194121369  -0.2268804648  -0.1071872755   0.0044614637
        0.0985534445  -0.0007645667   0.0441473094   0.0044042785  -0.0138032240
       -0.0149427820   0.0133223060  -0.0000807186   0.0000649974  -0.0000183289
        0.0000017237  -0.0000073314  -0.0000563609  -0.0000399131   0.0000189110
        0.0000005332  -0.0000000867   0.0000249794   0.0000048592  -0.0000023997
        0.0000021048  -0.0000002630  -0.0000017700  -0.0000031409   0.0000009115
       -0.0000044202  -0.0000012126   0.0000069252  -0.0000031689  -0.0000070591
        0.0000007204   0.0000346025  -0.0000221181   0.0000545180  -0.0006024675
        0.0000260209  -0.0004046750  -0.0000734606   0.0001762731  -0.0000539898
       -0.0057745001  -0.0100841680   0.0109584715  -0.0404096891   0.0285171875
        0.0107524937  -0.0050217887   0.0016636727   0.0110589848   0.0072268612
        0.0005158679   0.0038716621
       -0.0000811496  -0.0000812149   0.0000583179   0.0001873509   0.0000891514
       -0.0001631134  -0.0001830696   0.0001094618   0.0001514854   0.0000418608
       -0.0000570366  -0.0000917787  -0.0000378359  -0.0000063171   0.0000495263
        0.0000157241  -0.0000121645  -0.0000286932   0.0000021272  -0.0000004406
       -0.0000077970   0.0000127621  -0.0000126369  -0.0000201338  -0.0000374711
        0.0000262362   0.0000295248   0.0003017136   0.0024671190  -0.0002497271
       -0.0020976976  -0.0003315626   0.0036167525   0.0015276234  -0.0050913754
       -0.0027415377   0.0024064091   0.0020278300  -0.0045656194  -0.0072249387
       -0.0570955992   0.0113652776  -0.0910033048  -0.2378735377   0.1535340512
        0.0194121369   0.6884348934  -0.0207188737   0.0436543136  -0.1057897410
       -0.0766547604   0.0169862431  -0.0050170110  -0.0289410720  -0.0051521697
       -0.0021423001   0.0091650000   0.0000556589  -0.0000447525  -0.0000282570
       -0.0000108046   0.0000172012   0.0000706309   0.0000111884   0.0000084614
        0.0000021281  -0.0000137761  -0.0000075304  -0.0000016268  -0.0000088085
       -0.0000073151  -0.0000003736  -0.0000074053   0.0000072907   0.0000042531
        0.0000016085   0.0000135975   0.0000008490   0.0000135399   0.0000127947
       -0.0000024833  -0.0000055604   0.0001527384  -0.0000051921   0.0000956087
       -0.0003571900  -0.0000831422   0.0001910076   0.0001208520  -0.0003149145
        0.0019062614   0.0045793531  -0.0035732418   0.0286034917  -0.2829534893
       -0.0556478980  -0.0104416911   0.0040622521   0.0178203947   0.0008790530
       -0.0052480181  -0.0020279560
       -0.0000286900   0.0000408381  -0.0000690300  -0.0002174426   0.0000061213
        0.0000369519  -0.0001160488  -0.0000360854   0.0000915130  -0.0000197730
        0.0000517537  -0.0000433000   0.0000147047   0.0000240301   0.0000026582
        0.0000049294   0.0000137253   0.0000033119   0.0000100363  -0.0000037155
       -0.0000136343   0.0000091219  -0.0000089618  -0.0000210202  -0.0000033564
        0.0000041759   0.0000018316  -0.0012265395  -0.0155482746   0.0020111730
        0.0075574273   0.0035720274  -0.0129047104  -0.0055693118   0.0120101272
        0.0104521355  -0.0012999749  -0.0207446122   0.0082674419  -0.0086070764
        0.0519444909   0.0165744505   0.0828511017   0.0911361655  -0.1861939083
       -0.2268804648  -0.0207188737   0.5047066320   0.1002891639  -0.0093104013
       -0.2196480102   0.0036513081  -0.0756807089  -0.0075860626   0.0137681892
        0.0254384114  -0.0286140494   0.0000793143  -0.0000750725   0.0000596161
       -0.0000177982   0.0000054612   0.0000519404   0.0000351241   0.0000011779
       -0.0000164564  -0.0000226741  -0.0000412045  -0.0000059868   0.0000013644
       -0.0000065308  -0.0000050733   0.0000008295  -0.0000053597  -0.0000037897
        0.0000022422  -0.0000043543  -0.0000015620   0.0000010373   0.0000140704
       -0.0000047595  -0.0000136941   0.0000367406  -0.0000718716  -0.0004570405
       -0.0000759597  -0.0001372121  -0.0000978745  -0.0002918175  -0.0000641904
        0.0116088402   0.0177469082  -0.0184818913   0.0107682640  -0.0554673422
       -0.0545174790   0.0102889138  -0.0027094277  -0.0168463738   0.0036358475
       -0.0013175228   0.0029907154
        0.0000281701  -0.0000112402  -0.0000986691  -0.0003203587   0.0000658758
        0.0002221552   0.0000813351   0.0000414604   0.0000142607   0.0000317862
       -0.0000413199  -0.0000443378  -0.0000230939  -0.0000376661  -0.0000006576
        0.0000164341   0.0000038862  -0.0000215137   0.0000058761   0.0000225416
        0.0000060153  -0.0000153368   0.0000075201   0.0000040131  -0.0000089399
       -0.0000145705  -0.0000001181   0.0030137421  -0.0098203395   0.0047170834
        0.0034360358   0.0014217377  -0.0055430027  -0.0018745911   0.0045593716
        0.0042117475  -0.0013718394  -0.0066393516   0.0022790457  -0.0070908622
        0.0168433392   0.0020788751  -0.0147835444  -0.0274613666   0.0265550318
       -0.1071872755   0.0436543136   0.1002891639   0.2457892569   0.0123678516
       -0.2237510287  -0.0605292548   0.0135823358   0.0294485783   0.0091262646
        0.0032946241  -0.0140023400  -0.0000707933   0.0000706145   0.0000110359
       -0.0000088468  -0.0000171536  -0.0000390951   0.0000423050   0.0000222977
        0.0000137389   0.0000500701   0.0000232289  -0.0000182623  -0.0000048174
        0.0000079962  -0.0000019539   0.0000022735   0.0000088325   0.0000039007
        0.0000036050   0.0000061615   0.0000093122   0.0000020181   0.0000124107
        0.0000068166  -0.0006837323  -0.0001314097  -0.0003195772   0.0000177391
        0.0000674479  -0.0000035967  -0.0000889790  -0.0000180040  -0.0002460485
        0.0065506176  -0.0016966146   0.0050403864  -0.0011870979   0.0019810668
        0.0040924153  -0.0710203165  -0.0669948012   0.0597704166  -0.0019278494
        0.0148189230   0.0053162088
        0.0000885933   0.0000244028   0.0002638589   0.0002861015   0.0000300216
       -0.0004479243  -0.0000705574   0.0002073562   0.0001164261   0.0000158997
       -0.0001122731  -0.0000184563  -0.0000501639   0.0000271338   0.0000849004
       -0.0000035029  -0.0000027842  -0.0000017440  -0.0000081787  -0.0000039719
        0.0000016717  -0.0000033206  -0.0000113966  -0.0000210947  -0.0000370646
        0.0000439912   0.0000306060  -0.0005471143   0.0165565244   0.0008995784
       -0.0068477360  -0.0050207711   0.0118970832   0.0044950141  -0.0080531349
       -0.0082483437   0.0018728802   0.0102546679  -0.0034686262   0.0078558914
       -0.0275446414  -0.0135672510  -0.0004606737   0.0459805362   0.0023973715
        0.0044614637  -0.1057897410  -0.0093104013   0.0123678516   0.6974709713
       -0.0011879995   0.0502431699  -0.3575127431  -0.0958058837  -0.0207131263
       -0.0699106914   0.0329066339  -0.0000636796  -0.0001268304  -0.0001482727
       -0.0000355550   0.0000203997   0.0000520266  -0.0000441262   0.0000480664
       -0.0000256954   0.0000173356   0.0000064850  -0.0000286221  -0.0000055667
       -0.0000049801   0.0000085572  -0.0000051781   0.0000003345   0.0000029431
       -0.0000082663   0.0000051605  -0.0000094535   0.0000044939  -0.0000103664
       -0.0000148905  -0.0000730301  -0.0001383591   0.0002900389   0.0000622595
        0.0000871909  -0.0000514806   0.0000898445   0.0001855952  -0.0001079076
       -0.0021757061  -0.0022809592   0.0033401250   0.0139457345  -0.0101303202
       -0.0243215871  -0.0669943351  -0.1743121536   0.1086710198   0.0023403484
       -0.0099827199  -0.0041772066
       -0.0000397628  -0.0001608323   0.0001264431   0.0003815903   0.0000842411
       -0.0006326931  -0.0001490603  -0.0000455048   0.0000193646  -0.0000794464
        0.0000498900   0.0000701803   0.0000257148   0.0000275507   0.0000127259
       -0.0000282234  -0.0000026306   0.0000233509  -0.0000041697  -0.0000233875
       -0.0000060252  -0.0000011049  -0.0000078576  -0.0000197983   0.0000373081
        0.0000306043   0.0000124433   0.0048823962   0.0172625880  -0.0021150448
       -0.0057537421  -0.0027744871   0.0103026487   0.0042169845  -0.0082261407
       -0.0071748499   0.0022759346   0.0119300492  -0.0041859769   0.0021948683
       -0.0298526768  -0.0097721798   0.0273907359   0.0491488382  -0.0449369797
        0.0985534445  -0.0766547604  -0.2196480102  -0.2237510287  -0.0011879995
        0.4944242628   0.0306891725  -0.0333766623  -0.0965766431  -0.0146696480
       -0.0083165210   0.0259403370   0.0001031967  -0.0000095593  -0.0000022723
       -0.0000220626   0.0000255602   0.0000587322  -0.0000585386  -0.0000981254
       -0.0000331861  -0.0000766780  -0.0000311613   0.0000056054   0.0000089453
       -0.0000065574  -0.0000084500   0.0000053289  -0.0000148645  -0.0000023775
        0.0000022182  -0.0000151910  -0.0000001572   0.0000014569  -0.0000173920
       -0.0000121710  -0.0003141162   0.0001909034  -0.0002439257   0.0000371489
       -0.0001144315   0.0000389918  -0.0001957981   0.0000402502   0.0001982585
        0.0049375643   0.0026585027   0.0006557352   0.0044873496  -0.0037513426
       -0.0065831142   0.0600399025   0.1083880637  -0.1316680908   0.0048721189
       -0.0251489559  -0.0082671339
       -0.0003481001  -0.0004527223  -0.0000955992  -0.0015593456   0.0012814748
       -0.0019752586  -0.0000842043   0.0003734433   0.0008260465   0.0000818395
       -0.0000071957  -0.0002878579  -0.0000267831  -0.0000896053   0.0000729288
        0.0000295160  -0.0000382563  -0.0000397338  -0.0000130061  -0.0000088347
        0.0000126140   0.0000239927  -0.0000038040  -0.0000228219  -0.0000313285
        0.0000484116   0.0000689620   0.0011279807  -0.0077979464  -0.0013687869
        0.0064654067   0.0024047730  -0.0016556656  -0.0014268188   0.0020144941
        0.0022874923   0.0030404949  -0.0012613507   0.0056064123  -0.0097607805
       -0.0027002249   0.0185318371  -0.0029648839  -0.0061419202  -0.0012787944
       -0.0007645667   0.0169862431   0.0036513081  -0.0605292548   0.0502431699
        0.0306891725   0.2515325860  -0.0139829154  -0.2298818863  -0.0890168684
       -0.0616271730   0.0622435892   0.0005851728  -0.0002610973   0.0000154239
       -0.0000559508   0.0000769064   0.0001288620   0.0000071603  -0.0002570392
       -0.0000018705  -0.0000579302   0.0000149752  -0.0000203527  -0.0000138551
        0.0000028129   0.0000068810  -0.0000062040   0.0000144007   0.0000096941
       -0.0000019352   0.0000168929   0.0000099288   0.0000176307   0.0000290418
       -0.0000194797   0.0002323859   0.0003081326   0.0000026271  -0.0010465674
        0.0001051330  -0.0006432693  -0.0003692805  -0.0004768269   0.0003483931
        0.0001076027  -0.0001844993  -0.0003786815   0.0031325151   0.0010105980
        0.0051224764   0.0014004822  -0.0109080174  -0.0017743072  -0.0997071019
        0.0312685256   0.1098097165
       -0.0001778042  -0.0000629907   0.0000535184  -0.0005936957  -0.0005694956
        0.0016462563  -0.0002876091   0.0000010544  -0.0000505688  -0.0002603870
       -0.0000760814   0.0001750366  -0.0000638414   0.0000015615  -0.0000172090
        0.0000212433   0.0000220309   0.0000024939   0.0000298843   0.0000240365
       -0.0000112472  -0.0000197150  -0.0000146383   0.0000217149   0.0000197280
       -0.0000519430  -0.0000474081  -0.0119561429  -0.0643747367   0.0190960488
        0.0115553043   0.0018171195  -0.0204717982  -0.0065310152   0.0102520566
        0.0118634467  -0.0012767884  -0.0124519012   0.0020188835  -0.0147690410
        0.0425824416   0.0249746024  -0.0094325042  -0.0507397353   0.0149492654
        0.0441473094  -0.0050170110  -0.0756807089   0.0135823358  -0.3575127431
       -0.0333766623  -0.0139829154   0.6803561574   0.0421758452  -0.0435302716
       -0.1591307543   0.0703152947  -0.0000752502  -0.0002060780  -0.0002306833
       -0.0000241242   0.0000096544   0.0000878984   0.0001332083  -0.0000201424
       -0.0000219938   0.0000533400  -0.0000156937  -0.0000025627   0.0000185195
       -0.0000008579  -0.0000132415   0.0000067085   0.0000083507   0.0000030234
        0.0000135118   0.0000005608  -0.0000026714   0.0000144748   0.0000586162
        0.0000208560  -0.0004563844  -0.0011052863   0.0007827090  -0.0000020264
        0.0001809685  -0.0000339414   0.0003376373   0.0001393841  -0.0005810378
        0.0000189909  -0.0003758550   0.0003699049   0.0007350835   0.0006564622
       -0.0014317950   0.0011930663  -0.0252956125  -0.0034010410   0.0315591704
       -0.0590888991  -0.0531822283
        0.0004984811   0.0001666549  -0.0002154250  -0.0017081800  -0.0020099357
        0.0003040798   0.0001686198   0.0001675429  -0.0001787242  -0.0000076678
        0.0001431988   0.0001279109  -0.0000744543  -0.0001034328  -0.0001601878
        0.0000242074   0.0000654630   0.0000109868   0.0000301905   0.0001015002
        0.0000181385  -0.0000782555   0.0000561525   0.0000905839   0.0000361704
       -0.0000825262  -0.0000368431  -0.0021974862   0.0127061388   0.0038810717
       -0.0012488054  -0.0043650996   0.0077065584   0.0020762981  -0.0033549594
       -0.0039499446   0.0056067141   0.0018813001  -0.0036037396   0.0186758244
        0.0059730632  -0.0305987874  -0.0012919548   0.0092049147  -0.0010158853
        0.0044042785  -0.0289410720  -0.0075860626   0.0294485783  -0.0958058837
       -0.0965766431  -0.2298818863   0.0421758452   0.5012889790   0.0621536846
        0.0983602242  -0.1536174760  -0.0002700529  -0.0003207083   0.0000620050
       -0.0000257601  -0.0001498499  -0.0002336031   0.0001125878   0.0001829566
        0.0000705304   0.0002501702   0.0000569583  -0.0000508383   0.0000155354
        0.0000119196  -0.0000157548   0.0000096375   0.0000063940  -0.0000079600
       -0.0000023961  -0.0000054324   0.0000030995  -0.0000201472   0.0000063007
        0.0000292503   0.0000146925  -0.0006129454   0.0003322805  -0.0006384389
       -0.0001855059  -0.0002560607   0.0003329051   0.0008352904  -0.0008443305
       -0.0003963464   0.0003197779   0.0005336197   0.0050646770  -0.0018068489
       -0.0026260442  -0.0012955190   0.0175652648   0.0034874261   0.1102140982
       -0.0522426605  -0.2163722101
       -0.0005506668   0.0006887385   0.0001273465  -0.0026848839   0.0132862492
        0.0065588057   0.0002942869   0.0004902761   0.0010512358  -0.0009943155
       -0.0011179658   0.0007775455  -0.0001411509   0.0001860603   0.0002330905
       -0.0000959542  -0.0000007799   0.0000135903  -0.0000073214  -0.0000281565
       -0.0000052257  -0.0000111430  -0.0000532673  -0.0000436658   0.0000990050
       -0.0001099284  -0.0002031053  -0.0581582374   0.0203063953   0.0143717680
        0.0062994749  -0.0074915574  -0.0068674537  -0.0064829638   0.0072633349
        0.0016062012  -0.0091407069  -0.0132342205   0.0179542986  -0.1026309955
        0.0178076719   0.0821923392   0.0001396750   0.0282315408   0.0028553698
       -0.0138032240  -0.0051521697   0.0137681892   0.0091262646  -0.0207131263
       -0.0146696480  -0.0890168684  -0.0435302716   0.0621536846   0.2512905001
        0.0150076865  -0.2076364782   0.0000560595  -0.0000766538  -0.0001019281
        0.0001483276  -0.0000939190   0.0001539005   0.0000491793  -0.0000467829
       -0.0001225493   0.0000092033  -0.0000096830   0.0000229055  -0.0000229918
        0.0000083685   0.0000219675   0.0000084433   0.0000003927   0.0000089634
        0.0000201003  -0.0000062653  -0.0000065919   0.0000234860  -0.0000367161
        0.0000073874   0.0064117453  -0.0017549053   0.0050427362  -0.0002118936
        0.0002820233  -0.0002839556   0.0039902753  -0.0013550633   0.0034965455
        0.0045438213   0.0003340349   0.0022269271  -0.0003095296  -0.0001773500
        0.0000984471   0.0073381798   0.0009663514   0.0039012190  -0.0055851804
       -0.0098703423   0.0112961374
        0.0001835497  -0.0008517632   0.0012303377   0.0087347738  -0.0108244635
       -0.0138859415  -0.0028050965  -0.0001747636   0.0008752674   0.0009656870
        0.0001696147  -0.0006834882  -0.0001734733  -0.0000313962   0.0002334483
        0.0000354203  -0.0000703626  -0.0000838126  -0.0000551824  -0.0000009445
        0.0000574579   0.0000553582   0.0000225366  -0.0000829506  -0.0001947475
        0.0003260272   0.0003192911   0.0312258365  -0.2362780140  -0.0625506081
       -0.0291903114  -0.0554903844   0.0506763654   0.0161903213  -0.0272459240
       -0.0293689235  -0.0027326601   0.0422767111   0.0054623832   0.0190103104
       -0.1159061292  -0.0323498567   0.0166802270   0.0070158263  -0.0292683224
       -0.0149427820  -0.0021423001   0.0254384114   0.0032946241  -0.0699106914
       -0.0083165210  -0.0616271730  -0.1591307543   0.0983602242   0.0150076865
        0.6379097582  -0.0061404988   0.0001530196   0.0003597820   0.0000721543
       -0.0001094830   0.0000371886   0.0002815274  -0.0002439648  -0.0003149319
       -0.0001598028  -0.0000624796   0.0000063712   0.0000115692  -0.0000358120
       -0.0000052540   0.0000317593  -0.0000138099   0.0000031602   0.0000305015
       -0.0000119344   0.0000329907   0.0000347997   0.0000195648  -0.0000494682
       -0.0000223844  -0.0011342530  -0.0021153200   0.0025554318   0.0004245822
       -0.0000034255  -0.0006058597  -0.0020458718  -0.0027563304   0.0031789188
        0.0007695882  -0.0053210884  -0.0017605414  -0.0002324211   0.0006741917
        0.0004420520   0.0007330921  -0.0050398474  -0.0013661987   0.0021278140
        0.0048293984  -0.0026461904
        0.0011882227   0.0006399436  -0.0016927747   0.0046714493  -0.0236280183
       -0.0073874372   0.0001393328  -0.0023449174  -0.0018353063   0.0012148854
        0.0018182308  -0.0006257687   0.0003131705  -0.0003355842  -0.0004088192
        0.0001228332   0.0000644503   0.0000242238   0.0000262400   0.0000378466
       -0.0000081414  -0.0000193435   0.0000952363   0.0000986287  -0.0000957026
        0.0000682934   0.0001499620   0.0153769850  -0.0433703107  -0.0822117551
       -0.0077957593   0.0123418568   0.0162876627   0.0023937925  -0.0138329952
       -0.0093397842   0.0183562161   0.0248491067  -0.0310293612   0.0824791044
       -0.0333467096  -0.2036105174   0.0021152022  -0.0485608635  -0.0044352964
        0.0133223060   0.0091650000  -0.0286140494  -0.0140023400   0.0329066339
        0.0259403370   0.0622435892   0.0703152947  -0.1536174760  -0.2076364782
       -0.0061404988   0.4965493912  -0.0001072682  -0.0001293585  -0.0004672512
       -0.0002143694   0.0002091130  -0.0004502171   0.0001720959   0.0000575355
        0.0002264203  -0.0000223588   0.0000174099  -0.0000295135   0.0000488977
       -0.0000038985  -0.0000521398  -0.0000005853  -0.0000027281  -0.0000202371
       -0.0000116844  -0.0000106079   0.0000071662  -0.0000414946   0.0000452194
        0.0000035899   0.0049875483   0.0033420689   0.0000839037  -0.0002456610
       -0.0005189009   0.0001627490   0.0032089915   0.0023750506  -0.0002602921
        0.0025066622  -0.0008042575   0.0020170579   0.0001406284   0.0003234266
       -0.0003680774   0.0037763648  -0.0022320303   0.0028907889   0.0113885274
        0.0165899626  -0.0179776657
       -0.1067754246   0.1121204022   0.0022888572  -0.0139207123   0.0163930258
       -0.0042528563  -0.0035842440  -0.0011667686  -0.0030835597   0.0002207389
        0.0004799688  -0.0006635101   0.0001709054   0.0000150737  -0.0000107327
        0.0000905575  -0.0000387196  -0.0000099561   0.0000310608   0.0000002135
       -0.0000233706   0.0000103672  -0.0000193048  -0.0000750860   0.0000267560
       -0.0000128985  -0.0000085852   0.0003872666  -0.0003303190   0.0005572703
        0.0000497769   0.0000903291   0.0001246879  -0.0001586121  -0.0000235763
        0.0001025681  -0.0000495107  -0.0000782485   0.0000856237  -0.0000111310
       -0.0000236470  -0.0001096619  -0.0000367907   0.0001035808   0.0000566734
       -0.0000807186   0.0000556589   0.0000793143  -0.0000707933  -0.0000636796
        0.0001031967   0.0005851728  -0.0000752502  -0.0002700529   0.0000560595
        0.0001530196  -0.0001072682   0.1247569750  -0.1267270246   0.0020154705
       -0.0106989141   0.0167282967   0.0023752743   0.0100495873  -0.0168891118
        0.0007015525  -0.0000411748  -0.0000179869  -0.0000054092  -0.0000118713
       -0.0000056975  -0.0000077109  -0.0000073889  -0.0000045485   0.0000014650
       -0.0000069724  -0.0000046124   0.0000062047  -0.0000937494  -0.0000610586
        0.0000032049  -0.0000212133  -0.0000443357   0.0000484048  -0.0000281568
       -0.0000021069   0.0000479388   0.0000003318  -0.0000050316   0.0000369796
       -0.0000135217   0.0000155184   0.0000339377  -0.0000334776   0.0000340375
        0.0000471833  -0.0000127498   0.0000041978   0.0000176445  -0.0007784285
       -0.0005993959  -0.0001056922
        0.1096821174  -0.2144864460   0.0018556704   0.0034878258  -0.0017303766
        0.0013251962  -0.0000642149   0.0001879560   0.0002659084  -0.0002029696
        0.0000779743   0.0003853125  -0.0000440833  -0.0000391000  -0.0000518877
       -0.0000397615  -0.0000170701   0.0000140461  -0.0000018045   0.0000568389
        0.0000162705  -0.0000389469   0.0000928663   0.0000731640  -0.0000190812
       -0.0001510546   0.0000542734  -0.0002729213   0.0003660828   0.0002106751
       -0.0000552600  -0.0002109601   0.0000213109   0.0000187526   0.0000075666
       -0.0000302411   0.0000109352   0.0000630657  -0.0000349464  -0.0000064602
        0.0000361861   0.0001176561   0.0000103886  -0.0000666568  -0.0000233251
        0.0000649974  -0.0000447525  -0.0000750725   0.0000706145  -0.0001268304
       -0.0000095593  -0.0002610973  -0.0002060780  -0.0003207083  -0.0000766538
        0.0003597820  -0.0001293585  -0.1267270246   0.2478679414  -0.0020248893
        0.0031257999  -0.0037212892  -0.0015108295   0.0116349503  -0.0282195742
        0.0003016811   0.0000374909   0.0000540233  -0.0000002321   0.0000392706
        0.0000228405  -0.0000116930   0.0000369708  -0.0000055183  -0.0000282823
        0.0000005388  -0.0000214989   0.0000028236   0.0000063569   0.0000950391
       -0.0000300305   0.0000176775  -0.0000032895  -0.0001072921   0.0000300668
       -0.0000261576  -0.0000174484  -0.0000082909  -0.0000043394   0.0000055877
       -0.0000055617  -0.0000205447   0.0000168266  -0.0000087911  -0.0000040438
        0.0000159261  -0.0000005735  -0.0000529717   0.0000189020  -0.0004412577
       -0.0001296105  -0.0002954348
        0.0009831750   0.0039366911  -0.0434486395  -0.0114269708   0.0201177834
       -0.0001198633  -0.0058391570  -0.0016346005  -0.0031763524   0.0008950744
        0.0003169296  -0.0007593981  -0.0002276113  -0.0001508965   0.0002300309
        0.0001629004  -0.0002073432  -0.0001044361   0.0000486702   0.0001392686
        0.0000316161  -0.0000672224   0.0000862826   0.0000479131   0.0000586367
        0.0000879926   0.0002087932  -0.0004768300   0.0000856315  -0.0000383724
       -0.0000674241   0.0001503297   0.0000931492  -0.0000502265   0.0000114134
        0.0000052634   0.0000097867  -0.0000676385   0.0000044745   0.0001027774
       -0.0000364876  -0.0001916934   0.0000397058   0.0000339914  -0.0000245281
       -0.0000183289  -0.0000282570   0.0000596161   0.0000110359  -0.0001482727
       -0.0000022723   0.0000154239  -0.0002306833   0.0000620050  -0.0001019281
        0.0000721543  -0.0004672512   0.0020154705  -0.0020248893   0.0467402796
        0.0147734008  -0.0226161157  -0.0011112415  -0.0003962805   0.0022239682
        0.0016231197   0.0000348141   0.0000067360  -0.0000047363  -0.0000222017
       -0.0000054489   0.0000009636  -0.0000195631   0.0000192103   0.0000072465
       -0.0000014192   0.0000454771   0.0000359956   0.0000464252   0.0000507854
       -0.0000810934  -0.0000425640  -0.0001010524   0.0000890602  -0.0000194219
       -0.0000200271   0.0000567423  -0.0000167455  -0.0000101900   0.0000377825
       -0.0000153478   0.0000322174   0.0000226470  -0.0000140586   0.0000374920
        0.0000166226  -0.0000081797   0.0000943683   0.0000078659  -0.0003658160
       -0.0002668202   0.0001486911
       -0.1135011651   0.0118475669   0.1083899249   0.0087039600  -0.0010317451
       -0.0140434760   0.0013397995  -0.0008983618   0.0003288905   0.0003975476
       -0.0000375345  -0.0005111865  -0.0005977857  -0.0003347922   0.0001085641
       -0.0001403921  -0.0000575573   0.0000593549  -0.0000767590   0.0000246732
        0.0001024091  -0.0000380325   0.0002097566  -0.0000514478  -0.0003082820
        0.0009589172   0.0001496465  -0.0015649250  -0.0000319243  -0.0022012957
        0.0003716525  -0.0000147492  -0.0004057264   0.0002797305   0.0000527323
        0.0000646831   0.0000401876  -0.0000151611  -0.0000452053   0.0001222084
       -0.0000556491   0.0000286958   0.0000112450  -0.0000326098  -0.0000182687
        0.0000017237  -0.0000108046  -0.0000177982  -0.0000088468  -0.0000355550
       -0.0000220626  -0.0000559508  -0.0000241242  -0.0000257601   0.0001483276
       -0.0001094830  -0.0002143694  -0.0106989141   0.0031257999   0.0147734008
        0.1290873088  -0.0127225294  -0.1253463079  -0.0135878956  -0.0006243469
        0.0189236126   0.0000576211  -0.0000554375  -0.0000086462   0.0000365072
       -0.0000069560  -0.0000234153   0.0000370914  -0.0000327411  -0.0000117689
        0.0000264557  -0.0000630181  -0.0000063473   0.0000128918  -0.0001396378
        0.0000321516  -0.0001150115   0.0000001954  -0.0000366013   0.0000083019
       -0.0000051634  -0.0000189580  -0.0000494838   0.0000040557  -0.0000137694
        0.0000118565   0.0000045849   0.0000114154  -0.0000032238   0.0000078469
       -0.0000046980   0.0000016695   0.0000176902  -0.0000057406   0.0000505816
        0.0000860623   0.0000601001
        0.0123264979  -0.0462445353  -0.0154058440  -0.0017973727   0.0004301300
       -0.0018462529   0.0006469217  -0.0002013447   0.0000279800   0.0000143895
        0.0001369373   0.0006293299   0.0002710501   0.0001724008  -0.0001216824
       -0.0000850341   0.0001836881   0.0001885226  -0.0000523100  -0.0001628560
       -0.0000389032   0.0001996981  -0.0001584932  -0.0002712978   0.0002761929
       -0.0001750739  -0.0000990475   0.0000238158   0.0013377355  -0.0004570754
        0.0000572590  -0.0000802621  -0.0001790615   0.0000824579  -0.0000127903
       -0.0000588261   0.0000122382   0.0000930514  -0.0000135046  -0.0000621780
        0.0000257564   0.0001421459  -0.0000323955   0.0000117440   0.0000316605
       -0.0000073314   0.0000172012   0.0000054612  -0.0000171536   0.0000203997
        0.0000255602   0.0000769064   0.0000096544  -0.0001498499  -0.0000939190
        0.0000371886   0.0002091130   0.0167282967  -0.0037212892  -0.0226161157
       -0.0127225294   0.0481166336   0.0193750354  -0.0154861106   0.0007388702
        0.0206838379  -0.0001046557  -0.0001475762  -0.0000278843  -0.0000303921
       -0.0000364793   0.0000118113  -0.0000314165  -0.0000386003   0.0000160031
       -0.0000313350  -0.0000438879  -0.0000288394  -0.0001335896  -0.0002249223
        0.0001441923  -0.0000148374   0.0000041586  -0.0000489783   0.0000217287
       -0.0000049870  -0.0000134859  -0.0000092692   0.0000012596   0.0000010512
       -0.0000095413   0.0000008660   0.0000075257  -0.0000049797   0.0000082314
        0.0000130251   0.0000071387  -0.0000200977  -0.0000101499  -0.0000182406
       -0.0000727114  -0.0001254564
        0.1095272669  -0.0155439600  -0.2097041127   0.0095869178  -0.0026673429
       -0.0288315383   0.0022598828  -0.0012558308   0.0026857339  -0.0004980506
        0.0005066173  -0.0000102239  -0.0002317860  -0.0002681726   0.0002863554
        0.0001032430  -0.0000741204  -0.0000692141   0.0000882568   0.0000664487
       -0.0000532357  -0.0000277119   0.0000495429   0.0000762316   0.0000221044
        0.0002709526   0.0004133740  -0.0032236967   0.0001327708  -0.0039362416
        0.0001964087  -0.0004234274  -0.0004096898   0.0003693934  -0.0000329533
        0.0002651278  -0.0000422981   0.0000294913   0.0000544791   0.0002073800
       -0.0000688942   0.0001665738  -0.0000486236   0.0000711144   0.0000540179
       -0.0000563609   0.0000706309   0.0000519404  -0.0000390951   0.0000520266
        0.0000587322   0.0001288620   0.0000878984  -0.0002336031   0.0001539005
        0.0002815274  -0.0004502171   0.0023752743  -0.0015108295  -0.0011112415
       -0.1253463079   0.0193750354   0.2446495698   0.0045975084   0.0011379876
       -0.0033068668  -0.0000326516  -0.0000435964  -0.0000736127   0.0000461143
        0.0000047117  -0.0000763650   0.0000267118  -0.0000093838  -0.0000636436
        0.0000181495  -0.0000439102  -0.0000701671   0.0000559028   0.0002026991
       -0.0001052518  -0.0001275629  -0.0000558505  -0.0000518187   0.0000270406
        0.0000253708  -0.0000599707  -0.0000610548  -0.0000194570  -0.0000823554
        0.0000401352  -0.0000250249  -0.0000236921  -0.0000054431  -0.0000325194
        0.0000124586  -0.0000064003  -0.0000463869   0.0000294412  -0.0000834095
       -0.0002431659  -0.0000809743
       -0.1353051972  -0.1202167236   0.0130674885  -0.0173681878  -0.0144475743
       -0.0044976523  -0.0002112697   0.0031398624  -0.0023613709  -0.0001791680
       -0.0012104556  -0.0004307888  -0.0001815718   0.0000231260   0.0002652835
        0.0000564949  -0.0000372744  -0.0002044595   0.0000799062   0.0000950029
       -0.0000334113   0.0000072245  -0.0000346590   0.0000117811  -0.0000066178
       -0.0003122082   0.0001041581   0.0000988301   0.0004771182   0.0000377720
       -0.0000396133  -0.0001043363   0.0000636631  -0.0000081662   0.0000413079
       -0.0000027380  -0.0000340127   0.0000898845   0.0000478840  -0.0000286167
        0.0000347900   0.0000573371  -0.0000132750   0.0000707279   0.0000231348
       -0.0000399131   0.0000111884   0.0000351241   0.0000423050  -0.0000441262
       -0.0000585386   0.0000071603   0.0001332083   0.0001125878   0.0000491793
       -0.0002439648   0.0001720959   0.0100495873   0.0116349503  -0.0003962805
       -0.0135878956  -0.0154861106   0.0045975084   0.1566101223   0.1355767594
       -0.0104522681   0.0000596836   0.0000758333  -0.0000209405   0.0000040523
        0.0000022653   0.0000059329   0.0000270322   0.0000205657   0.0000022945
        0.0000236956   0.0000227657  -0.0000040339  -0.0001398416   0.0004471383
       -0.0000353814   0.0000542658   0.0001456450  -0.0001422407  -0.0000105368
        0.0000119089   0.0000252212  -0.0000043608   0.0000130914   0.0000063956
        0.0000016270   0.0000150401  -0.0000032610   0.0000034176   0.0000000389
        0.0000006172   0.0000095194   0.0000198626   0.0000134858  -0.0000258594
        0.0000353514  -0.0000064002
       -0.1159350261  -0.1800953643   0.0115298116  -0.0035251584   0.0000148184
       -0.0017584274   0.0008557052  -0.0004696634   0.0001674852   0.0000441799
       -0.0002074249  -0.0002112368  -0.0000409938  -0.0000194099   0.0000369405
        0.0000629385  -0.0000114597  -0.0000774601   0.0000456248   0.0000455528
       -0.0000171336  -0.0000331584  -0.0000711715   0.0000121850   0.0000241711
        0.0000366426  -0.0000211863   0.0001954022   0.0001173001  -0.0003952029
        0.0000717823   0.0001387384  -0.0000097504   0.0000110123  -0.0000299958
       -0.0000679715   0.0000137785   0.0000465635   0.0000209042  -0.0000143815
        0.0000190495   0.0000183884  -0.0000199106   0.0000089540   0.0000322684
        0.0000189110   0.0000084614   0.0000011779   0.0000222977   0.0000480664
       -0.0000981254  -0.0002570392  -0.0000201424   0.0001829566  -0.0000467829
       -0.0003149319   0.0000575355  -0.0168891118  -0.0282195742   0.0022239682
       -0.0006243469   0.0007388702   0.0011379876   0.1355767594   0.2081515343
       -0.0127266291   0.0000187912  -0.0000130278   0.0000038266  -0.0000129395
       -0.0000132310   0.0000043951  -0.0000199033   0.0000118519   0.0000209249
        0.0000265482   0.0000122828   0.0000091650   0.0002614771  -0.0000233439
        0.0000226140   0.0000452608   0.0001035275   0.0000675204  -0.0000056580
        0.0000158935   0.0000256104   0.0000049425   0.0000037924  -0.0000063248
        0.0000025512   0.0000107080  -0.0000171969   0.0000014879  -0.0000094191
       -0.0000170007  -0.0000162123   0.0000419959  -0.0000093367   0.0001370009
       -0.0000564439  -0.0001426831
        0.0086174224   0.0064160073  -0.0399133191  -0.0165976883  -0.0177814555
       -0.0001860352  -0.0007809169   0.0033240590  -0.0022209386  -0.0001469922
       -0.0014069063  -0.0001172805  -0.0000905963   0.0000873547   0.0003347441
       -0.0001069325   0.0000790933  -0.0000959373  -0.0000796938  -0.0000448780
        0.0000570689   0.0001766063  -0.0001451291  -0.0001399834  -0.0000317675
        0.0001836485  -0.0001032962  -0.0000698143   0.0011493638  -0.0006805262
        0.0001736908  -0.0003718767  -0.0003168930   0.0000953549   0.0001228615
       -0.0001350386  -0.0000231111   0.0000708937   0.0000275492  -0.0000600667
        0.0000467526   0.0000513851   0.0000067543  -0.0000092292   0.0000123231
        0.0000005332   0.0000021281  -0.0000164564   0.0000137389  -0.0000256954
       -0.0000331861  -0.0000018705  -0.0000219938   0.0000705304  -0.0001225493
       -0.0001598028   0.0002264203   0.0007015525   0.0003016811   0.0016231197
        0.0189236126   0.0206838379  -0.0033068668  -0.0104522681  -0.0127266291
        0.0449762379  -0.0000281044  -0.0000492413  -0.0000429304  -0.0000402763
       -0.0000218820   0.0000276492  -0.0000161721  -0.0000022405   0.0000308416
        0.0000176223  -0.0000009749  -0.0000230495  -0.0000020600   0.0000116408
        0.0001421209  -0.0000680198   0.0001755043  -0.0001573867   0.0000127983
        0.0000055533  -0.0000071276  -0.0000165115   0.0000264281   0.0000225988
       -0.0000124173   0.0000188461   0.0000141179  -0.0000027698   0.0000273207
        0.0000034638   0.0000054132   0.0000305522  -0.0000132945   0.0000054991
        0.0000044076  -0.0001106245
       -0.0000547234  -0.0000672374   0.0000640913  -0.0005018652   0.0000031301
        0.0000918583   0.0005075757   0.0001328010  -0.0025263732  -0.0035998340
       -0.0212840272  -0.0059112544  -0.0443741247  -0.0341528110  -0.0066711640
        0.0018939187   0.0162921146   0.0062653391   0.0014539472   0.0000572013
        0.0059098293  -0.0005414075   0.0001599310   0.0003684070  -0.0002624957
       -0.0039535778   0.0046544027   0.0000005669   0.0000228731   0.0000170514
        0.0000117712  -0.0000300562  -0.0000075503   0.0000078770   0.0000011250
       -0.0000225367   0.0000046114   0.0000202812  -0.0000018687   0.0000014768
        0.0000238529  -0.0000011107   0.0000023657  -0.0000060571  -0.0000032878
       -0.0000000867  -0.0000137761  -0.0000226741   0.0000500701   0.0000173356
       -0.0000766780  -0.0000579302   0.0000533400   0.0002501702   0.0000092033
       -0.0000624796  -0.0000223588  -0.0000411748   0.0000374909   0.0000348141
        0.0000576211  -0.0001046557  -0.0000326516   0.0000596836   0.0000187912
       -0.0000281044   0.0469531832   0.0412382379  -0.0001477996  -0.0005570194
        0.0014266336  -0.0013173998   0.0001151230   0.0007846791   0.0005106928
       -0.0006703127   0.0004069762  -0.0007590928  -0.0004074007  -0.0011159851
       -0.0004635851   0.0000187577   0.0000044087  -0.0000236684   0.0000114984
        0.0000014486  -0.0000146929   0.0000078249   0.0000039732  -0.0000132577
        0.0000100058  -0.0000055803  -0.0000119845   0.0000131496  -0.0000177855
       -0.0000224698   0.0000097220   0.0000196905  -0.0000013640  -0.0001315781
        0.0000877133  -0.0000637288
        0.0000050880   0.0000608842   0.0000267858   0.0000516294  -0.0003916566
       -0.0001057162   0.0016286089   0.0012577791   0.0004938370  -0.0047804175
       -0.0195120816  -0.0064834768  -0.0341898137  -0.2629050792  -0.0836516268
       -0.0004987159  -0.0132019835  -0.0057555366   0.0003387629   0.0013891579
       -0.0036403903   0.0001119899   0.0008209811   0.0004105768  -0.0045184082
       -0.0004658821   0.0000984422   0.0000719947  -0.0000303321  -0.0000062867
        0.0000248833   0.0000270869  -0.0000390477   0.0000139776   0.0000199801
       -0.0000141567  -0.0000012483   0.0000083379  -0.0000140180  -0.0000172999
        0.0000035202  -0.0000011134   0.0000095693  -0.0000104537  -0.0000031264
        0.0000249794  -0.0000075304  -0.0000412045   0.0000232289   0.0000064850
       -0.0000311613   0.0000149752  -0.0000156937   0.0000569583  -0.0000096830
        0.0000063712   0.0000174099  -0.0000179869   0.0000540233   0.0000067360
       -0.0000554375  -0.0001475762  -0.0000435964   0.0000758333  -0.0000130278
       -0.0000492413   0.0412382379   0.2944204593   0.0975793763   0.0003930229
        0.0005852773   0.0013401891  -0.0001623122  -0.0006926297  -0.0003646149
        0.0003835897  -0.0001744084   0.0004407827  -0.0001291299  -0.0011394508
       -0.0002291487   0.0000092922  -0.0000328471  -0.0000176838  -0.0000058104
       -0.0000093870   0.0000000684  -0.0000012569  -0.0000030773   0.0000066050
       -0.0000027549  -0.0000073740   0.0000054001   0.0000000261   0.0000000968
        0.0000043280  -0.0000029845  -0.0000186987   0.0000041063  -0.0000264299
        0.0001187298  -0.0000004554
        0.0000032134  -0.0000079932   0.0000436505  -0.0000311491   0.0002082237
        0.0005749188  -0.0015111988   0.0008987800  -0.0014053545   0.0015983786
        0.0090139348   0.0046449246  -0.0062735883  -0.0838255213  -0.0680851021
       -0.0019718007  -0.0209848892  -0.0083909068   0.0063104026  -0.0030769290
        0.0010296889   0.0000795634   0.0003551655  -0.0000947854   0.0046774922
       -0.0003680381   0.0029326658  -0.0001074458  -0.0001261366   0.0000050662
       -0.0000184139   0.0000463850   0.0000210137   0.0000069301  -0.0000067629
        0.0000115278   0.0000075903  -0.0000035644  -0.0000000704   0.0000187981
       -0.0000099364  -0.0000159543   0.0000067570  -0.0000019582  -0.0000078149
        0.0000048592  -0.0000016268  -0.0000059868  -0.0000182623  -0.0000286221
        0.0000056054  -0.0000203527  -0.0000025627  -0.0000508383   0.0000229055
        0.0000115692  -0.0000295135  -0.0000054092  -0.0000002321  -0.0000047363
       -0.0000086462  -0.0000278843  -0.0000736127  -0.0000209405   0.0000038266
       -0.0000429304  -0.0001477996   0.0975793763   0.0710469025  -0.0018724418
        0.0004182826  -0.0009923554   0.0000267618  -0.0011616623  -0.0003799168
       -0.0007832637   0.0004430353  -0.0008570337   0.0000334611   0.0006671398
       -0.0000268433  -0.0000134509  -0.0000076405   0.0000111831  -0.0000032558
       -0.0000041265   0.0000130860  -0.0000048164   0.0000002796   0.0000057123
        0.0000005746   0.0000047711   0.0000047021  -0.0000009428   0.0000053411
        0.0000077929  -0.0000018021   0.0000092386   0.0000122649   0.0000172930
       -0.0000192626   0.0000930501
       -0.0002293639  -0.0000069241  -0.0000945360   0.0002981009  -0.0001766836
        0.0001555150  -0.0009238682  -0.0006430770   0.0002845725   0.0019060827
        0.0003859899   0.0061673069  -0.0159070239  -0.0105406808   0.0095243947
       -0.1764323350  -0.1076794572   0.0733378875  -0.0042102661  -0.0047578071
        0.0021567246   0.0036277713  -0.0025687912   0.0023981647   0.0004051161
        0.0005194052  -0.0002833650  -0.0000615521   0.0001712414  -0.0000306945
       -0.0000107450   0.0000476215   0.0000004611   0.0000050030   0.0000174939
       -0.0000055456   0.0000076652   0.0000045286  -0.0000067052   0.0000017178
        0.0000217903   0.0000088874   0.0000082321   0.0000024525  -0.0000069925
       -0.0000023997  -0.0000088085   0.0000013644  -0.0000048174  -0.0000055667
        0.0000089453  -0.0000138551   0.0000185195   0.0000155354  -0.0000229918
       -0.0000358120   0.0000488977  -0.0000118713   0.0000392706  -0.0000222017
        0.0000365072  -0.0000303921   0.0000461143   0.0000040523  -0.0000129395
       -0.0000402763  -0.0005570194   0.0003930229  -0.0018724418   0.1934128768
        0.1234644063  -0.0898541025  -0.0003459772   0.0012442714  -0.0013072342
       -0.0003188666  -0.0002370687   0.0001182916  -0.0006522642   0.0003939886
       -0.0007690193   0.0000119027   0.0000008190  -0.0000247525  -0.0000038724
       -0.0000100272   0.0000101756  -0.0000074695   0.0000036960   0.0000103594
       -0.0000033023   0.0000058297   0.0000089135   0.0000008431   0.0000071755
        0.0000016583   0.0000043379   0.0000165525   0.0000000160  -0.0000103477
       -0.0000440396   0.0000136808
       -0.0000483770   0.0000175197  -0.0000189574   0.0003156709  -0.0001287955
       -0.0000569795   0.0000893957   0.0004380363   0.0001027475  -0.0000132220
        0.0010789018  -0.0037308700   0.0063123412   0.0052554203  -0.0033063957
       -0.1076672225  -0.1252686707   0.0511809826  -0.0218156767  -0.0182854333
        0.0100177807  -0.0021065154  -0.0043488641  -0.0040212085   0.0006077227
        0.0000798717  -0.0004469425  -0.0000116501  -0.0000383812   0.0000134980
       -0.0000021545   0.0000207886  -0.0000032417   0.0000154483   0.0000103319
        0.0000010212  -0.0000084567  -0.0000088032  -0.0000089397  -0.0000093942
       -0.0000073937  -0.0000072727   0.0000089003   0.0000064899  -0.0000029134
        0.0000021048  -0.0000073151  -0.0000065308   0.0000079962  -0.0000049801
       -0.0000065574   0.0000028129  -0.0000008579   0.0000119196   0.0000083685
       -0.0000052540  -0.0000038985  -0.0000056975   0.0000228405  -0.0000054489
       -0.0000069560  -0.0000364793   0.0000047117   0.0000022653  -0.0000132310
       -0.0000218820   0.0014266336   0.0005852773   0.0004182826   0.1234644063
        0.1415555180  -0.0522683918   0.0002247125   0.0003703163   0.0011974513
       -0.0011527090  -0.0011060084   0.0005256836   0.0003812289  -0.0001736274
        0.0004274225   0.0000010154  -0.0000136418  -0.0000052174  -0.0000061661
       -0.0000049849   0.0000014195  -0.0000032762  -0.0000004929   0.0000030402
       -0.0000019731  -0.0000036330   0.0000033402   0.0000004644   0.0000028048
        0.0000020658  -0.0000018163   0.0000006091   0.0000005575  -0.0000102243
        0.0000121213   0.0000097235
        0.0001484685   0.0000836729   0.0000773088  -0.0002210780   0.0000307262
       -0.0002435941   0.0010714450   0.0007140981  -0.0003874157   0.0058077181
       -0.0035233204   0.0012501836   0.0177224484   0.0115002809  -0.0093220224
        0.0733299982   0.0512720770  -0.0740343041  -0.0061326217  -0.0051246204
        0.0037255822   0.0025780725  -0.0036959287   0.0036843824  -0.0002882809
       -0.0004948005  -0.0001816458   0.0000533169  -0.0001914265   0.0000206125
        0.0000110027  -0.0000330511   0.0000034734  -0.0000202351  -0.0000120019
        0.0000036754   0.0000031184  -0.0000042451   0.0000039256  -0.0000038870
       -0.0000221001   0.0000016177  -0.0000011954  -0.0000099566   0.0000066682
       -0.0000002630  -0.0000003736  -0.0000050733  -0.0000019539   0.0000085572
       -0.0000084500   0.0000068810  -0.0000132415  -0.0000157548   0.0000219675
        0.0000317593  -0.0000521398  -0.0000077109  -0.0000116930   0.0000009636
       -0.0000234153   0.0000118113  -0.0000763650   0.0000059329   0.0000043951
        0.0000276492  -0.0013173998   0.0013401891  -0.0009923554  -0.0898541025
       -0.0522683918   0.0780697283  -0.0017929448   0.0003169708  -0.0007585626
       -0.0003421230  -0.0003122959   0.0000956105  -0.0007711239   0.0003989624
       -0.0008795075  -0.0000132342  -0.0000043574   0.0000134719   0.0000038249
       -0.0000010779  -0.0000085467   0.0000019909  -0.0000038128  -0.0000060936
        0.0000016828  -0.0000043636  -0.0000034301   0.0000022106  -0.0000085361
        0.0000005532   0.0000078780  -0.0000129558   0.0000060062   0.0000136121
        0.0000390502  -0.0000161519
       -0.0000952175   0.0000735032  -0.0000224175   0.0001156549  -0.0000057971
        0.0001152663  -0.0007139501   0.0003066480  -0.0008158774   0.0005134632
       -0.0005359299  -0.0003367938   0.0034460360  -0.0020540829   0.0024300286
        0.0013705036  -0.0001720592  -0.0013854085  -0.1320667579   0.0537690362
        0.1141794064  -0.0152087298   0.0076973706   0.0173798228  -0.0002540651
       -0.0043992439   0.0046853284  -0.0000757023  -0.0000365520  -0.0000082238
       -0.0000218913   0.0000246375   0.0000146973   0.0000022001   0.0000153030
        0.0000006079  -0.0000126270  -0.0000059082  -0.0000048780  -0.0000048226
       -0.0000055376  -0.0000016000   0.0000071728   0.0000046072  -0.0000028615
       -0.0000017700  -0.0000074053   0.0000008295   0.0000022735  -0.0000051781
        0.0000053289  -0.0000062040   0.0000067085   0.0000096375   0.0000084433
       -0.0000138099  -0.0000005853  -0.0000073889   0.0000369708  -0.0000195631
        0.0000370914  -0.0000314165   0.0000267118   0.0000270322  -0.0000199033
       -0.0000161721   0.0001151230  -0.0001623122   0.0000267618  -0.0003459772
        0.0002247125  -0.0017929448   0.1445030009  -0.0561222918  -0.1342416716
       -0.0005350968   0.0011500310  -0.0012475384  -0.0007868368   0.0002870848
        0.0010339032   0.0000040247  -0.0000035643  -0.0000288305  -0.0000138352
       -0.0000074650  -0.0000042353  -0.0000119154  -0.0000027978  -0.0000002039
       -0.0000047818  -0.0000006195   0.0000032464   0.0000048163   0.0000017717
        0.0000045388   0.0000102032   0.0000035719   0.0000060747   0.0000005307
       -0.0000100826   0.0000076153
        0.0000784073   0.0000034846   0.0000360147  -0.0001281790  -0.0000594674
       -0.0000563871   0.0004621411  -0.0000132154   0.0004578731  -0.0006991755
       -0.0003640501   0.0002046779  -0.0023618753  -0.0041961523  -0.0035210087
        0.0170749759  -0.0124400756  -0.0207776516   0.0538689461  -0.0768970693
       -0.0691635966  -0.0097124459   0.0055268440   0.0113148226  -0.0040080153
       -0.0003836855  -0.0002199090   0.0000481417   0.0000238893  -0.0000091117
        0.0000139683  -0.0000158839  -0.0000099561   0.0000030883   0.0000066434
        0.0000008623  -0.0000083078   0.0000028012  -0.0000041091  -0.0000138835
       -0.0000050541  -0.0000049099   0.0000024776   0.0000116273   0.0000021115
       -0.0000031409   0.0000072907  -0.0000053597   0.0000088325   0.0000003345
       -0.0000148645   0.0000144007   0.0000083507   0.0000063940   0.0000003927
        0.0000031602  -0.0000027281  -0.0000045485  -0.0000055183   0.0000192103
       -0.0000327411  -0.0000386003  -0.0000093838   0.0000205657   0.0000118519
       -0.0000022405   0.0007846791  -0.0006926297  -0.0011616623   0.0012442714
        0.0003703163   0.0003169708  -0.0561222918   0.0884439931   0.0807476342
        0.0001297017   0.0004700802   0.0013533316  -0.0006260765   0.0002186126
        0.0005262356   0.0000023958  -0.0000059739  -0.0000052514  -0.0000000673
        0.0000026989  -0.0000044830  -0.0000003797   0.0000029949  -0.0000036185
       -0.0000005758  -0.0000014793  -0.0000060330  -0.0000031021  -0.0000023870
       -0.0000055703  -0.0000099580   0.0000010699   0.0000000293  -0.0000226223
        0.0000051983   0.0000016672
        0.0002011516   0.0000224838   0.0001128162  -0.0006171505   0.0002591970
        0.0001973471  -0.0006556822   0.0002323334  -0.0009538359  -0.0001103263
        0.0002979461   0.0006994118   0.0022888160  -0.0038928218   0.0033827090
        0.0070177796  -0.0056398324  -0.0090230219   0.1142409897  -0.0692547223
       -0.1663073453   0.0092103131  -0.0038773877  -0.0099121722   0.0046222486
        0.0002006857   0.0034136374  -0.0000106135  -0.0000758403  -0.0000048355
        0.0000091802  -0.0000400965   0.0000072478  -0.0000087294  -0.0000090694
        0.0000009949  -0.0000019680  -0.0000020437  -0.0000011618  -0.0000039793
       -0.0000158066   0.0000065277   0.0000024299  -0.0000084289   0.0000025039
        0.0000009115   0.0000042531  -0.0000037897   0.0000039007   0.0000029431
       -0.0000023775   0.0000096941   0.0000030234  -0.0000079600   0.0000089634
        0.0000305015  -0.0000202371   0.0000014650  -0.0000282823   0.0000072465
       -0.0000117689   0.0000160031  -0.0000636436   0.0000022945   0.0000209249
        0.0000308416   0.0005106928  -0.0003646149  -0.0003799168  -0.0013072342
        0.0011974513  -0.0007585626  -0.1342416716   0.0807476342   0.1807665389
       -0.0017346967   0.0004975289  -0.0007757697   0.0005865223  -0.0003334606
       -0.0004069875  -0.0000169057   0.0000034293   0.0000137640   0.0000012337
        0.0000024005  -0.0000127789   0.0000012195  -0.0000068792  -0.0000067403
        0.0000004939  -0.0000024370  -0.0000024328   0.0000024358  -0.0000060321
        0.0000021906   0.0000027761  -0.0000036237   0.0000083706  -0.0000047858
        0.0000226403  -0.0000085789
       -0.0000211042   0.0000931080  -0.0000551895   0.0001309261   0.0000567947
        0.0001222857  -0.0001007455   0.0007180955   0.0000296493   0.0012904675
       -0.0001214927   0.0060557135  -0.0003024441   0.0002177551   0.0001790245
       -0.0001329169  -0.0042704718   0.0049916104  -0.0033906897  -0.0213969299
       -0.0066134136  -0.0451037215  -0.0340958761  -0.0069973289   0.0021030720
        0.0163734808   0.0069559532  -0.0000906044  -0.0001141781   0.0000232847
       -0.0000249177   0.0000302761   0.0000255862   0.0000139602   0.0000065877
        0.0000185495  -0.0000161437  -0.0000104473  -0.0000002228  -0.0000045799
       -0.0000150789  -0.0000028203   0.0000089021   0.0000113689   0.0000017256
       -0.0000044202   0.0000016085   0.0000022422   0.0000036050  -0.0000082663
        0.0000022182  -0.0000019352   0.0000135118  -0.0000023961   0.0000201003
       -0.0000119344  -0.0000116844  -0.0000069724   0.0000005388  -0.0000014192
        0.0000264557  -0.0000313350   0.0000181495   0.0000236956   0.0000265482
        0.0000176223  -0.0006703127   0.0003835897  -0.0007832637  -0.0003188666
       -0.0011527090  -0.0003421230  -0.0005350968   0.0001297017  -0.0017346967
        0.0476511215   0.0417654079  -0.0005988208  -0.0005366165   0.0014060659
       -0.0013069745   0.0000033405   0.0000093018  -0.0000079170  -0.0000064983
        0.0000016617   0.0000026792  -0.0000017017  -0.0000045537   0.0000006258
       -0.0000010717   0.0000001120   0.0000024708   0.0000016136   0.0000012107
        0.0000023924  -0.0000011364   0.0000006174   0.0000032140  -0.0000047638
       -0.0000140697   0.0000032737
        0.0002343779  -0.0000464422   0.0001617374  -0.0007077993   0.0000549432
       -0.0000529990   0.0003781410  -0.0007984737  -0.0003735748   0.0002231014
        0.0015346048  -0.0032865054   0.0000742619   0.0008423353   0.0004430022
       -0.0047293058  -0.0003110360   0.0001065423  -0.0043100810  -0.0191923925
       -0.0057684782  -0.0341377815  -0.2634162860  -0.0804381032  -0.0005746904
       -0.0136461593  -0.0065135982   0.0001330625   0.0001011120  -0.0000370338
        0.0000481022  -0.0000765919  -0.0000299945  -0.0000114112  -0.0000026946
       -0.0000032697  -0.0000069501   0.0000100115   0.0000093701  -0.0000105332
       -0.0000053689  -0.0000059613  -0.0000049376   0.0000120574   0.0000130169
       -0.0000012126   0.0000135975  -0.0000043543   0.0000061615   0.0000051605
       -0.0000151910   0.0000168929   0.0000005608  -0.0000054324  -0.0000062653
        0.0000329907  -0.0000106079  -0.0000046124  -0.0000214989   0.0000454771
       -0.0000630181  -0.0000438879  -0.0000439102   0.0000227657   0.0000122828
       -0.0000009749   0.0004069762  -0.0001744084   0.0004430353  -0.0002370687
       -0.0011060084  -0.0003122959   0.0011500310   0.0004700802   0.0004975289
        0.0417654079   0.2951302334   0.0939176958   0.0003529992   0.0006325520
        0.0013058571  -0.0000036973  -0.0000091529   0.0000061298   0.0000105283
        0.0000067604  -0.0000165243   0.0000077149  -0.0000006427  -0.0000100339
        0.0000034055  -0.0000046949  -0.0000108423  -0.0000043584  -0.0000093824
       -0.0000051171  -0.0000119519  -0.0000058553   0.0000026829  -0.0000082552
        0.0000116945  -0.0000072732
        0.0001019566  -0.0001190587   0.0001486927  -0.0001811732   0.0000343628
       -0.0001236871  -0.0001426317  -0.0012478025  -0.0004815556   0.0060989056
       -0.0032851601   0.0014417668   0.0002992834   0.0004594410  -0.0002579342
        0.0047447502  -0.0002216892   0.0035398186   0.0017539326   0.0093183583
        0.0036877009  -0.0071064794  -0.0805507924  -0.0672806745  -0.0013959205
       -0.0211347827  -0.0083806868   0.0001161842   0.0001690892  -0.0000022585
        0.0000421764  -0.0000688685  -0.0000587257  -0.0000127443   0.0000051472
       -0.0000160667  -0.0000088962  -0.0000066896  -0.0000012801  -0.0000093059
       -0.0000082855   0.0000002085   0.0000018669  -0.0000066683   0.0000060258
        0.0000069252   0.0000008490  -0.0000015620   0.0000093122  -0.0000094535
       -0.0000001572   0.0000099288  -0.0000026714   0.0000030995  -0.0000065919
        0.0000347997   0.0000071662   0.0000062047   0.0000028236   0.0000359956
       -0.0000063473  -0.0000288394  -0.0000701671  -0.0000040339   0.0000091650
       -0.0000230495  -0.0007590928   0.0004407827  -0.0008570337   0.0001182916
        0.0005256836   0.0000956105  -0.0012475384   0.0013533316  -0.0007757697
       -0.0005988208   0.0939176958   0.0704094476  -0.0018385793   0.0004202937
       -0.0010308935  -0.0000131467  -0.0000110475   0.0000093027   0.0000039659
        0.0000010962  -0.0000239333   0.0000067200  -0.0000120447  -0.0000058278
        0.0000007832  -0.0000053099  -0.0000010024   0.0000044362  -0.0000044366
        0.0000077502   0.0000024202  -0.0000027985   0.0000094775   0.0000032583
        0.0000334795  -0.0000097976
        0.0000132339   0.0004244658  -0.0000677813  -0.0002759599  -0.0001071359
        0.0000622323  -0.0004272024   0.0013330510  -0.0010879309  -0.0038642294
       -0.0055782243   0.0019628062   0.0031314981  -0.0024938919   0.0023069199
        0.0004701852   0.0005119249  -0.0003192259   0.0014512232   0.0006450442
        0.0061060816  -0.0161180815  -0.0106654569   0.0091090650  -0.1742801017
       -0.1069187407   0.0752802739  -0.0000864301  -0.0001806427   0.0000429047
       -0.0000402076   0.0000174219   0.0000296998  -0.0000073498  -0.0000106373
        0.0000286204  -0.0000098139   0.0000011465  -0.0000049435  -0.0000071610
       -0.0000290094  -0.0000033957   0.0000025422   0.0000266765   0.0000085089
       -0.0000031689   0.0000135399   0.0000010373   0.0000020181   0.0000044939
        0.0000014569   0.0000176307   0.0000144748  -0.0000201472   0.0000234860
        0.0000195648  -0.0000414946  -0.0000937494   0.0000063569   0.0000464252
        0.0000128918  -0.0001335896   0.0000559028  -0.0001398416   0.0002614771
       -0.0000020600  -0.0004074007  -0.0001291299   0.0000334611  -0.0006522642
        0.0003812289  -0.0007711239  -0.0007868368  -0.0006260765   0.0005865223
       -0.0005366165   0.0003529992  -0.0018385793   0.1925785407   0.1229004474
       -0.0914920792   0.0000394893   0.0000050440   0.0000124302   0.0000052881
        0.0000028618  -0.0000120721   0.0000071072  -0.0000139259  -0.0000088919
        0.0000044588  -0.0000072817  -0.0000084409  -0.0000007069  -0.0000076793
       -0.0000007920  -0.0000086472  -0.0000088916   0.0000049114  -0.0000138237
       -0.0000119059  -0.0000003016
        0.0001805175   0.0000012234   0.0001804235  -0.0001410539  -0.0004463859
       -0.0001895441  -0.0001742479   0.0015266696   0.0016951882  -0.0219522390
       -0.0185031550   0.0100128593  -0.0018956645  -0.0042963364  -0.0039103432
        0.0006226199  -0.0000256693  -0.0004596737   0.0000857796   0.0011829597
       -0.0033209971   0.0067242191   0.0052068754  -0.0032106083  -0.1076139586
       -0.1247289395   0.0512341043   0.0000757635   0.0000400461  -0.0001043087
       -0.0000124681  -0.0001207092   0.0000394926   0.0000057512   0.0000217726
       -0.0000301618  -0.0000125728   0.0000625651   0.0000291253  -0.0000188827
        0.0000124642   0.0000220482  -0.0000004326   0.0000324719   0.0000125267
       -0.0000070591   0.0000127947   0.0000140704   0.0000124107  -0.0000103664
       -0.0000173920   0.0000290418   0.0000586162   0.0000063007  -0.0000367161
       -0.0000494682   0.0000452194  -0.0000610586   0.0000950391   0.0000507854
       -0.0001396378  -0.0002249223   0.0002026991   0.0004471383  -0.0000233439
        0.0000116408  -0.0011159851  -0.0011394508   0.0006671398   0.0003939886
       -0.0001736274   0.0003989624   0.0002870848   0.0002186126  -0.0003334606
        0.0014060659   0.0006325520   0.0004202937   0.1229004474   0.1404948917
       -0.0533806865   0.0000776627   0.0001180063  -0.0001368568  -0.0000074918
        0.0000080996   0.0000103493  -0.0000042581   0.0000109511   0.0000064099
       -0.0000009977   0.0000066416   0.0000017922  -0.0000030719   0.0000047350
        0.0000042795  -0.0000059392   0.0000156558   0.0000064171  -0.0000447553
       -0.0000212696   0.0000219051
        0.0000352529   0.0000458139  -0.0000195268   0.0000766361   0.0000826165
        0.0005219092  -0.0027414875   0.0003371165  -0.0002629916  -0.0045617177
       -0.0053718212   0.0027230868   0.0023975891  -0.0035632362   0.0033565231
       -0.0001913921  -0.0003806326  -0.0002214606   0.0058398071  -0.0037147827
        0.0011314041   0.0167991781   0.0118709858  -0.0092462783   0.0753703206
        0.0518807690  -0.0741677661  -0.0000974082   0.0000167229  -0.0000176372
       -0.0000112890  -0.0001461788  -0.0000138904   0.0000311725   0.0000470717
       -0.0000220349  -0.0000169111   0.0000156312   0.0000226981  -0.0000002328
        0.0000054537   0.0000132438   0.0000053366  -0.0000070271  -0.0000119273
        0.0000007204  -0.0000024833  -0.0000047595   0.0000068166  -0.0000148905
       -0.0000121710  -0.0000194797   0.0000208560   0.0000292503   0.0000073874
       -0.0000223844   0.0000035899   0.0000032049  -0.0000300305  -0.0000810934
        0.0000321516   0.0001441923  -0.0001052518  -0.0000353814   0.0000226140
        0.0001421209  -0.0004635851  -0.0002291487  -0.0000268433  -0.0007690193
        0.0004274225  -0.0008795075   0.0010339032   0.0005262356  -0.0004069875
       -0.0013069745   0.0013058571  -0.0010308935  -0.0914920792  -0.0533806865
        0.0786479021   0.0000613848   0.0000409029  -0.0000566593   0.0000057875
        0.0000103776  -0.0000009212   0.0000013189   0.0000137617   0.0000070391
       -0.0000000007   0.0000057899   0.0000029826   0.0000008927   0.0000088244
       -0.0000009525  -0.0000015279   0.0000121383  -0.0000039832  -0.0000003748
        0.0000221491  -0.0000082129
        0.0001749428  -0.0000907617  -0.0005394343  -0.0020375129  -0.0006917719
       -0.0015149846  -0.0003295172   0.0002331743   0.0002965184  -0.0002064992
        0.0001772114   0.0002299655  -0.0000027754  -0.0000081165  -0.0000121060
        0.0000122291  -0.0000087755  -0.0000015526   0.0000280776   0.0000190101
       -0.0000203487   0.0000010414   0.0000438243   0.0000517131  -0.0000897410
       -0.0000801126  -0.0000244331   0.0018445152  -0.0103601225  -0.0012342069
       -0.0396375472   0.0306223751   0.0104930873  -0.0012495131   0.0135356036
        0.0044520080   0.0033462491   0.0005825663   0.0049393241  -0.0002283861
       -0.0001957250  -0.0000609048  -0.0010662654   0.0000188258  -0.0006301536
        0.0000346025  -0.0000055604  -0.0000136941  -0.0006837323  -0.0000730301
       -0.0003141162   0.0002323859  -0.0004563844   0.0000146925   0.0064117453
       -0.0011342530   0.0049875483  -0.0000212133   0.0000176775  -0.0000425640
       -0.0001150115  -0.0000148374  -0.0001275629   0.0000542658   0.0000452608
       -0.0000680198   0.0000187577   0.0000092922  -0.0000134509   0.0000119027
        0.0000010154  -0.0000132342   0.0000040247   0.0000023958  -0.0000169057
        0.0000033405  -0.0000036973  -0.0000131467   0.0000394893   0.0000776627
        0.0000613848   0.0345527598  -0.0333023710  -0.0201502212  -0.0013462658
        0.0004337284  -0.0011169990  -0.0001658881   0.0006782752   0.0002047690
        0.0000222982  -0.0000355334   0.0000070133   0.0002336425   0.0000007878
        0.0001387950  -0.0000160597  -0.0000359602  -0.0000158016   0.0001696585
       -0.0000016740   0.0000670215
       -0.0000121496  -0.0000987157  -0.0000238592   0.0008866409  -0.0001451155
       -0.0008119132  -0.0002921164   0.0007875908  -0.0001792476  -0.0001576420
       -0.0003021688   0.0000531980   0.0000224181   0.0000162707  -0.0000031193
        0.0000290671  -0.0000080993  -0.0000388844   0.0000354823   0.0000362039
       -0.0000147470   0.0000063647  -0.0000367517  -0.0000011660   0.0000450401
       -0.0000531082  -0.0000907869   0.0012554344  -0.0248605079  -0.0020567176
        0.0303912614  -0.2829028186  -0.0537392153   0.0019910938  -0.0102499112
       -0.0037643834   0.0010589023   0.0006135409  -0.0018742916  -0.0001660450
        0.0007174141   0.0002844670  -0.0000925876   0.0002344472   0.0001292465
       -0.0000221181   0.0001527384   0.0000367406  -0.0001314097  -0.0001383591
        0.0001909034   0.0003081326  -0.0011052863  -0.0006129454  -0.0017549053
       -0.0021153200   0.0033420689  -0.0000443357  -0.0000032895  -0.0001010524
        0.0000001954   0.0000041586  -0.0000558505   0.0001456450   0.0001035275
        0.0001755043   0.0000044087  -0.0000328471  -0.0000076405   0.0000008190
       -0.0000136418  -0.0000043574  -0.0000035643  -0.0000059739   0.0000034293
        0.0000093018  -0.0000091529  -0.0000110475   0.0000050440   0.0001180063
        0.0000409029  -0.0333023710   0.3191456290   0.0586447204  -0.0003481384
        0.0009689576   0.0006362181   0.0000999620  -0.0005661760  -0.0001120144
        0.0000210665   0.0000042205  -0.0000420682   0.0000078816  -0.0000606677
       -0.0000028145  -0.0000075510  -0.0001718263   0.0000200933   0.0000107721
       -0.0000229681  -0.0000093703
        0.0001163272   0.0000415205  -0.0003135724  -0.0015476665   0.0015728322
       -0.0001440891  -0.0003117576   0.0000170443   0.0003884013   0.0000091665
       -0.0000365586  -0.0000201601  -0.0000127403   0.0000438992   0.0000268471
       -0.0000352064   0.0000088223   0.0000347107  -0.0000477081  -0.0000356826
        0.0000174994   0.0000145745  -0.0000503731  -0.0000211040   0.0000658016
        0.0001595908   0.0000042752  -0.0013028737   0.0172136736   0.0034297740
        0.0107472997  -0.0533227199  -0.0539365369   0.0041197120  -0.0245074148
       -0.0063519527   0.0049542704  -0.0014865627  -0.0028799684   0.0000969779
        0.0004164723  -0.0004570776  -0.0006080995  -0.0001060051  -0.0003093437
        0.0000545180  -0.0000051921  -0.0000718716  -0.0003195772   0.0002900389
       -0.0002439257   0.0000026271   0.0007827090   0.0003322805   0.0050427362
        0.0025554318   0.0000839037   0.0000484048  -0.0001072921   0.0000890602
       -0.0000366013  -0.0000489783  -0.0000518187  -0.0001422407   0.0000675204
       -0.0001573867  -0.0000236684  -0.0000176838   0.0000111831  -0.0000247525
       -0.0000052174   0.0000134719  -0.0000288305  -0.0000052514   0.0000137640
       -0.0000079170   0.0000061298   0.0000093027   0.0000124302  -0.0001368568
       -0.0000566593  -0.0201502212   0.0586447204   0.0607233170  -0.0010951469
       -0.0007840517   0.0000896779   0.0002653837  -0.0013051717  -0.0004528626
        0.0000073182   0.0000600438   0.0000109685   0.0001271909  -0.0000022188
        0.0000696155  -0.0000218402   0.0000768008  -0.0000021168   0.0000321090
        0.0000059809   0.0001223935
        0.0000598821   0.0001232006   0.0001313782  -0.0001599685  -0.0006322110
        0.0000274090  -0.0001269110  -0.0000684090   0.0001233328   0.0000971653
        0.0000687207  -0.0000405148  -0.0000273835   0.0000107244   0.0000333714
        0.0000103419  -0.0000022246  -0.0000065761  -0.0000053552   0.0000013025
       -0.0000001631   0.0000310373   0.0000051436   0.0000089571  -0.0000812798
        0.0000295857   0.0000344644   0.0032181357   0.0006747110   0.0050904819
       -0.0044743640  -0.0098218075   0.0103702842  -0.0657809914  -0.0615923463
        0.0567699270   0.0015108787   0.0015701483  -0.0016667287   0.0074818019
        0.0008447567   0.0038618895   0.0001681909   0.0000976351   0.0000430995
       -0.0006024675   0.0000956087  -0.0004570405   0.0000177391   0.0000622595
        0.0000371489  -0.0010465674  -0.0000020264  -0.0006384389  -0.0002118936
        0.0004245822  -0.0002456610  -0.0000281568   0.0000300668  -0.0000194219
        0.0000083019   0.0000217287   0.0000270406  -0.0000105368  -0.0000056580
        0.0000127983   0.0000114984  -0.0000058104  -0.0000032558  -0.0000038724
       -0.0000061661   0.0000038249  -0.0000138352  -0.0000000673   0.0000012337
       -0.0000064983   0.0000105283   0.0000039659   0.0000052881  -0.0000074918
        0.0000057875  -0.0013462658  -0.0003481384  -0.0010951469   0.0630879108
        0.0680473681  -0.0708169266  -0.0021987649   0.0004047853  -0.0018087897
        0.0001708569  -0.0000330229   0.0000593442   0.0000021000  -0.0000016728
       -0.0000059234   0.0002185263  -0.0000162011   0.0001437111   0.0000254569
        0.0000203973   0.0000151372
       -0.0000564009  -0.0000245254  -0.0000297053   0.0001719899   0.0000824535
       -0.0002729119   0.0000161546   0.0000753705   0.0000412646   0.0000312424
       -0.0000849242  -0.0000509464  -0.0000223430   0.0000124739   0.0000287916
        0.0000072491  -0.0000014546  -0.0000142556   0.0000045256   0.0000068406
       -0.0000051096   0.0000147954  -0.0000114018  -0.0000106114  -0.0000198048
        0.0000190925   0.0000079165   0.0008188324   0.0008273856  -0.0013861233
        0.0015148681   0.0040112351  -0.0027990534  -0.0615927847  -0.1748795843
        0.1121861301  -0.0099757188  -0.0250211927   0.0181044191   0.0012702203
       -0.0050885895  -0.0020732978  -0.0006990816  -0.0008635094   0.0011672223
        0.0000260209  -0.0003571900  -0.0000759597   0.0000674479   0.0000871909
       -0.0001144315   0.0001051330   0.0001809685  -0.0001855059   0.0002820233
       -0.0000034255  -0.0005189009  -0.0000021069  -0.0000261576  -0.0000200271
       -0.0000051634  -0.0000049870   0.0000253708   0.0000119089   0.0000158935
        0.0000055533   0.0000014486  -0.0000093870  -0.0000041265  -0.0000100272
       -0.0000049849  -0.0000010779  -0.0000074650   0.0000026989   0.0000024005
        0.0000016617   0.0000067604   0.0000010962   0.0000028618   0.0000080996
        0.0000103776   0.0004337284   0.0009689576  -0.0007840517   0.0680473681
        0.1995125684  -0.1239758237  -0.0003216325   0.0007460085   0.0005547662
       -0.0000206074   0.0000471354   0.0000406349  -0.0000443318  -0.0001700453
        0.0000740735  -0.0000140620  -0.0000442320   0.0000202197  -0.0000379506
       -0.0000155423   0.0000516830
        0.0000089583  -0.0001274614  -0.0002496193   0.0000112614   0.0012187825
       -0.0000966652   0.0003331813  -0.0000581181  -0.0001991202  -0.0001797028
       -0.0001147830   0.0001225088   0.0000377607  -0.0000123225  -0.0000569968
       -0.0000219709   0.0000062175   0.0000328708  -0.0000037278  -0.0000134958
       -0.0000096180  -0.0000017522  -0.0000070268   0.0000245276   0.0001150538
       -0.0000528202  -0.0000883610   0.0051025436  -0.0015909038  -0.0032046903
        0.0104096452   0.0176145555  -0.0176120937   0.0566930115   0.1124403869
       -0.1372292738  -0.0015487734  -0.0030179079   0.0034055467   0.0037996618
       -0.0012723081   0.0027952249   0.0000673871  -0.0002216275   0.0000756537
       -0.0004046750  -0.0000831422  -0.0001372121  -0.0000035967  -0.0000514806
        0.0000389918  -0.0006432693  -0.0000339414  -0.0002560607  -0.0002839556
       -0.0006058597   0.0001627490   0.0000479388  -0.0000174484   0.0000567423
       -0.0000189580  -0.0000134859  -0.0000599707   0.0000252212   0.0000256104
       -0.0000071276  -0.0000146929   0.0000000684   0.0000130860   0.0000101756
        0.0000014195  -0.0000085467  -0.0000042353  -0.0000044830  -0.0000127789
        0.0000026792  -0.0000165243  -0.0000239333  -0.0000120721   0.0000103493
       -0.0000009212  -0.0011169990   0.0006362181   0.0000896779  -0.0708169266
       -0.1239758237   0.1522607981  -0.0017810567  -0.0007089344  -0.0000133991
        0.0000622391   0.0000492767   0.0000941467  -0.0000081232   0.0000179712
        0.0000080533   0.0001351278   0.0000192732   0.0000602663   0.0000026411
       -0.0000402306   0.0000255446
        0.0001108446  -0.0000604034  -0.0002558742  -0.0013127162  -0.0001031623
       -0.0011011591  -0.0003063557   0.0001189997   0.0003908828   0.0000357622
        0.0000698430  -0.0000448875  -0.0000300694   0.0000140676   0.0000367391
        0.0000072361  -0.0000022912  -0.0000049390  -0.0000052864  -0.0000004768
       -0.0000002708   0.0000305587   0.0000025694   0.0000074630  -0.0000565269
        0.0000315044   0.0000464228   0.0003052887  -0.0001805885  -0.0001267112
        0.0071657494   0.0011447736   0.0036278263  -0.0020425850   0.0022881369
        0.0048257706  -0.0929826158   0.0318799754   0.1057744357  -0.0052043314
        0.0017535350   0.0113494590  -0.0012136240   0.0007866405  -0.0011517576
       -0.0000734606   0.0001910076  -0.0000978745  -0.0000889790   0.0000898445
       -0.0001957981  -0.0003692805   0.0003376373   0.0003329051   0.0039902753
       -0.0020458718   0.0032089915   0.0000003318  -0.0000082909  -0.0000167455
       -0.0000494838  -0.0000092692  -0.0000610548  -0.0000043608   0.0000049425
       -0.0000165115   0.0000078249  -0.0000012569  -0.0000048164  -0.0000074695
       -0.0000032762   0.0000019909  -0.0000119154  -0.0000003797   0.0000012195
       -0.0000017017   0.0000077149   0.0000067200   0.0000071072  -0.0000042581
        0.0000013189  -0.0001658881   0.0000999620   0.0002653837  -0.0021987649
       -0.0003216325  -0.0017810567   0.0938358033  -0.0355149291  -0.1252460114
        0.0002556985  -0.0004325799  -0.0001371250   0.0001713362   0.0000029773
        0.0000445124   0.0000186449  -0.0000308915  -0.0000002093   0.0001829534
       -0.0001045738   0.0003207615
        0.0000089329   0.0000161829  -0.0000328593  -0.0000604025  -0.0000054696
        0.0001260255   0.0000364409   0.0000495152  -0.0000728006  -0.0000548781
       -0.0000064635   0.0000496300   0.0000174430   0.0000011382  -0.0000201655
        0.0000012007   0.0000032062   0.0000064202   0.0000060692   0.0000114584
       -0.0000066310   0.0000020012   0.0000044905   0.0000059578   0.0000158467
       -0.0000206573  -0.0000296483  -0.0001237498  -0.0003855167   0.0002367155
        0.0007543194  -0.0053090286  -0.0011961973   0.0143374955  -0.0099315893
       -0.0252702167   0.0310689454  -0.0612488349  -0.0550659501  -0.0089059342
        0.0048911148   0.0158362295  -0.0010265041   0.0011428133   0.0018327836
        0.0001762731   0.0001208520  -0.0002918175  -0.0000180040   0.0001855952
        0.0000402502  -0.0004768269   0.0001393841   0.0008352904  -0.0013550633
       -0.0027563304   0.0023750506  -0.0000050316  -0.0000043394  -0.0000101900
        0.0000040557   0.0000012596  -0.0000194570   0.0000130914   0.0000037924
        0.0000264281   0.0000039732  -0.0000030773   0.0000002796   0.0000036960
       -0.0000004929  -0.0000038128  -0.0000027978   0.0000029949  -0.0000068792
       -0.0000045537  -0.0000006427  -0.0000120447  -0.0000139259   0.0000109511
        0.0000137617   0.0006782752  -0.0005661760  -0.0013051717   0.0004047853
        0.0007460085  -0.0007089344  -0.0355149291   0.0738532122   0.0627071835
        0.0000995049  -0.0007333107  -0.0001705972   0.0000141576   0.0000054138
       -0.0000095296   0.0000357470  -0.0000041954  -0.0000459254  -0.0001196533
       -0.0002132586   0.0001868223
        0.0000814111  -0.0000669476  -0.0002056057  -0.0010123193   0.0001330549
       -0.0000818777  -0.0000609912  -0.0000059063   0.0000404730  -0.0001215397
        0.0001244519   0.0001186526   0.0000451643  -0.0000135313  -0.0000528156
       -0.0000069300   0.0000020503   0.0000233092   0.0000037771  -0.0000050867
       -0.0000066067   0.0000031301   0.0000109255   0.0000288084   0.0000405015
       -0.0000416280  -0.0000299834  -0.0001544604   0.0002420237   0.0004661683
        0.0036225475  -0.0018068361   0.0028560621   0.0048431939  -0.0040172259
       -0.0079233142   0.1057783373  -0.0561740611  -0.2211255647   0.0111321323
       -0.0032652399  -0.0185905238  -0.0011567694  -0.0014923281   0.0001594964
       -0.0000539898  -0.0003149145  -0.0000641904  -0.0002460485  -0.0001079076
        0.0001982585   0.0003483931  -0.0005810378  -0.0008443305   0.0034965455
        0.0031789188  -0.0002602921   0.0000369796   0.0000055877   0.0000377825
       -0.0000137694   0.0000010512  -0.0000823554   0.0000063956  -0.0000063248
        0.0000225988  -0.0000132577   0.0000066050   0.0000057123   0.0000103594
        0.0000030402  -0.0000060936  -0.0000002039  -0.0000036185  -0.0000067403
        0.0000006258  -0.0000100339  -0.0000058278  -0.0000088919   0.0000064099
        0.0000070391   0.0002047690  -0.0001120144  -0.0004528626  -0.0018087897
        0.0005547662  -0.0000133991  -0.1252460114   0.0627071835   0.2454085812
       -0.0001187312   0.0007580016   0.0004045875   0.0000385692  -0.0000070628
        0.0001210438   0.0000043272   0.0000534047   0.0000199194   0.0003255440
        0.0002442301  -0.0001661094
       -0.0000651219   0.0000118837   0.0000851869   0.0004504993   0.0000033286
        0.0000546581  -0.0000245340   0.0000280578  -0.0000486219   0.0000556514
       -0.0000472579  -0.0000447303  -0.0000210363   0.0000085466   0.0000272379
        0.0000048917   0.0000003863  -0.0000129436  -0.0000059330   0.0000055731
        0.0000013142   0.0000109036  -0.0000012623  -0.0000091958  -0.0000227983
        0.0000201098   0.0000104211  -0.0003745612  -0.0000372107   0.0002240082
       -0.0001217328  -0.0000841692  -0.0002011524  -0.0001735480  -0.0000602932
        0.0000669473  -0.0011929829  -0.0007973129  -0.0012703869  -0.0016118378
        0.0025111438   0.0050540556  -0.0935049907   0.0306330253   0.1059195405
       -0.0057745001   0.0019062614   0.0116088402   0.0065506176  -0.0021757061
        0.0049375643   0.0001076027   0.0000189909  -0.0003963464   0.0045438213
        0.0007695882   0.0025066622  -0.0000135217  -0.0000055617  -0.0000153478
        0.0000118565  -0.0000095413   0.0000401352   0.0000016270   0.0000025512
       -0.0000124173   0.0000100058  -0.0000027549   0.0000005746  -0.0000033023
       -0.0000019731   0.0000016828  -0.0000047818  -0.0000005758   0.0000004939
       -0.0000010717   0.0000034055   0.0000007832   0.0000044588  -0.0000009977
       -0.0000000007   0.0000222982   0.0000210665   0.0000073182   0.0001708569
       -0.0000206074   0.0000622391   0.0002556985   0.0000995049  -0.0001187312
        0.0948211010  -0.0332615313  -0.1262980528  -0.0022308620   0.0003160008
       -0.0017725347  -0.0003738696   0.0001263977   0.0005064440  -0.0015009041
        0.0000209335  -0.0009156457
        0.0000255383   0.0000244355  -0.0000955850  -0.0001628403  -0.0003469630
        0.0002474941   0.0000917360  -0.0000843297  -0.0001117294  -0.0000177032
        0.0000921597   0.0000197892   0.0000365631  -0.0000153445  -0.0000451915
        0.0000053926   0.0000018325   0.0000130385   0.0000061645   0.0000008121
       -0.0000039197   0.0000017455   0.0000013148   0.0000146436   0.0000241102
       -0.0000202710  -0.0000144609   0.0006845095  -0.0004468232  -0.0013574428
       -0.0000138092   0.0002845856   0.0000117551  -0.0000453109   0.0003812483
        0.0000817635   0.0010706590   0.0009057671  -0.0018563975   0.0135832506
       -0.0089615938  -0.0240206176   0.0310336372  -0.0604249472  -0.0549907000
       -0.0100841680   0.0045793531   0.0177469082  -0.0016966146  -0.0022809592
        0.0026585027  -0.0001844993  -0.0003758550   0.0003197779   0.0003340349
       -0.0053210884  -0.0008042575   0.0000155184  -0.0000205447   0.0000322174
        0.0000045849   0.0000008660  -0.0000250249   0.0000150401   0.0000107080
        0.0000188461  -0.0000055803  -0.0000073740   0.0000047711   0.0000058297
       -0.0000036330  -0.0000043636  -0.0000006195  -0.0000014793  -0.0000024370
        0.0000001120  -0.0000046949  -0.0000053099  -0.0000072817   0.0000066416
        0.0000057899  -0.0000355334   0.0000042205   0.0000600438  -0.0000330229
        0.0000471354   0.0000492767  -0.0004325799  -0.0007333107   0.0007580016
       -0.0332615313   0.0716299413   0.0595530018  -0.0004100824   0.0009085611
        0.0007983117  -0.0005465637   0.0001367122   0.0009061573  -0.0000006862
        0.0000329170   0.0000373473
       -0.0000070216  -0.0000152469  -0.0000179560   0.0000622317  -0.0000300330
        0.0003676791   0.0000986344  -0.0001055717  -0.0001851059  -0.0000591515
        0.0000766685   0.0000777355   0.0000438009  -0.0000188254  -0.0000468938
       -0.0000102686   0.0000065476   0.0000174112   0.0000017165  -0.0000080658
       -0.0000039952  -0.0000078550   0.0000057245   0.0000120298   0.0000437337
       -0.0000306395  -0.0000282290   0.0001730569   0.0001639870  -0.0006532567
       -0.0001906474   0.0001428918   0.0001170008   0.0000589796   0.0001073853
       -0.0002365438  -0.0012828153   0.0014424342   0.0003600823   0.0055033893
       -0.0051257322  -0.0085264711   0.1061261120  -0.0536878046  -0.2208283695
        0.0109584715  -0.0035732418  -0.0184818913   0.0050403864   0.0033401250
        0.0006557352  -0.0003786815   0.0003699049   0.0005336197   0.0022269271
       -0.0017605414   0.0020170579   0.0000339377   0.0000168266   0.0000226470
        0.0000114154   0.0000075257  -0.0000236921  -0.0000032610  -0.0000171969
        0.0000141179  -0.0000119845   0.0000054001   0.0000047021   0.0000089135
        0.0000033402  -0.0000034301   0.0000032464  -0.0000060330  -0.0000024328
        0.0000024708  -0.0000108423  -0.0000010024  -0.0000084409   0.0000017922
        0.0000029826   0.0000070133  -0.0000420682   0.0000109685   0.0000593442
        0.0000406349   0.0000941467  -0.0001371250  -0.0001705972   0.0004045875
       -0.1262980528   0.0595530018   0.2459874974  -0.0017748644  -0.0004741818
       -0.0001573366   0.0005657697  -0.0002299087  -0.0009955998  -0.0008593816
        0.0000223400  -0.0005077950
        0.0000042521   0.0000386623  -0.0000017918   0.0000435610  -0.0000785203
        0.0000163045   0.0000036302   0.0000247427  -0.0000191142   0.0000171576
       -0.0000159513  -0.0000046867  -0.0000048076   0.0000061242   0.0000086924
        0.0000028024   0.0000021151  -0.0000051337  -0.0000013185   0.0000072134
        0.0000046425  -0.0000062091   0.0000039557  -0.0000078238  -0.0000014504
        0.0000066138   0.0000052507  -0.0010909809   0.0000403637  -0.0006431406
        0.0000187730  -0.0000055594   0.0000274732  -0.0007123424  -0.0001349630
       -0.0003099085   0.0002296964  -0.0004865234  -0.0000432103   0.0066604347
       -0.0016516687   0.0052191012   0.0015381253  -0.0104569404  -0.0018440258
       -0.0404096891   0.0286034917   0.0107682640  -0.0011870979   0.0139457345
        0.0044873496   0.0031325151   0.0007350835   0.0050646770  -0.0003095296
       -0.0002324211   0.0001406284  -0.0000334776  -0.0000087911  -0.0000140586
       -0.0000032238  -0.0000049797  -0.0000054431   0.0000034176   0.0000014879
       -0.0000027698   0.0000131496   0.0000000261  -0.0000009428   0.0000008431
        0.0000004644   0.0000022106   0.0000048163  -0.0000031021   0.0000024358
        0.0000016136  -0.0000043584   0.0000044362  -0.0000007069  -0.0000030719
        0.0000008927   0.0002336425   0.0000078816   0.0001271909   0.0000021000
       -0.0000443318  -0.0000081232   0.0001713362   0.0000141576   0.0000385692
       -0.0022308620  -0.0004100824  -0.0017748644   0.0353647555  -0.0311001015
       -0.0203640960  -0.0012658449   0.0004894643  -0.0011098647  -0.0001890817
        0.0007137840   0.0002408791
        0.0000169034  -0.0000227252  -0.0000660473  -0.0001388546   0.0000899528
        0.0002526003   0.0000696741  -0.0000641181  -0.0001199847  -0.0000778295
        0.0000599773   0.0000844416   0.0000429702  -0.0000135758  -0.0000493894
       -0.0000096373  -0.0000016152   0.0000151383   0.0000029034   0.0000005637
       -0.0000033248  -0.0000037239   0.0000057714   0.0000152340   0.0000426759
       -0.0000357248  -0.0000298203  -0.0000066660   0.0002161028   0.0000249881
       -0.0000064930   0.0001571369   0.0000287231  -0.0001065418  -0.0001626928
        0.0002145470   0.0003445059  -0.0011096693  -0.0006204862  -0.0020638268
       -0.0019542029   0.0033397777   0.0015813430  -0.0255049336  -0.0035840825
        0.0285171875  -0.2829534893  -0.0554673422   0.0019810668  -0.0101303202
       -0.0037513426   0.0010105980   0.0006564622  -0.0018068489  -0.0001773500
        0.0006741917   0.0003234266   0.0000340375  -0.0000040438   0.0000374920
        0.0000078469   0.0000082314  -0.0000325194   0.0000000389  -0.0000094191
        0.0000273207  -0.0000177855   0.0000000968   0.0000053411   0.0000071755
        0.0000028048  -0.0000085361   0.0000017717  -0.0000023870  -0.0000060321
        0.0000012107  -0.0000093824  -0.0000044366  -0.0000076793   0.0000047350
        0.0000088244   0.0000007878  -0.0000606677  -0.0000022188  -0.0000016728
       -0.0001700453   0.0000179712   0.0000029773   0.0000054138  -0.0000070628
        0.0003160008   0.0009085611  -0.0004741818  -0.0311001015   0.3190037900
        0.0611658422  -0.0003239008   0.0009502845   0.0006189284   0.0000603871
       -0.0005350635  -0.0001469401
       -0.0000358943  -0.0000430094  -0.0000059758   0.0000537553   0.0000773621
        0.0000355465  -0.0000392799  -0.0000328914  -0.0000090732  -0.0000272653
        0.0000305101   0.0000210522   0.0000187801  -0.0000097118  -0.0000068174
       -0.0000085422  -0.0000061513  -0.0000023390  -0.0000007624  -0.0000091701
       -0.0000024295  -0.0000068586   0.0000031002  -0.0000109651   0.0000169362
       -0.0000095806  -0.0000036837  -0.0006671427  -0.0000559119  -0.0003385722
        0.0000569543  -0.0000072316  -0.0000642747  -0.0003641415   0.0002372433
       -0.0002663868  -0.0000218706   0.0007483653   0.0002786139   0.0052922354
        0.0025916741   0.0005744908  -0.0014814112   0.0173968986   0.0036425166
        0.0107524937  -0.0556478980  -0.0545174790   0.0040924153  -0.0243215871
       -0.0065831142   0.0051224764  -0.0014317950  -0.0026260442   0.0000984471
        0.0004420520  -0.0003680774   0.0000471833   0.0000159261   0.0000166226
       -0.0000046980   0.0000130251   0.0000124586   0.0000006172  -0.0000170007
        0.0000034638  -0.0000224698   0.0000043280   0.0000077929   0.0000016583
        0.0000020658   0.0000005532   0.0000045388  -0.0000055703   0.0000021906
        0.0000023924  -0.0000051171   0.0000077502  -0.0000007920   0.0000042795
       -0.0000009525   0.0001387950  -0.0000028145   0.0000696155  -0.0000059234
        0.0000740735   0.0000080533   0.0000445124  -0.0000095296   0.0001210438
       -0.0017725347   0.0007983117  -0.0001573366  -0.0203640960   0.0611658422
        0.0606116650  -0.0011329167  -0.0007241799   0.0000366076   0.0002124082
       -0.0012659073  -0.0004865156
       -0.0000179639   0.0000462323  -0.0000029610   0.0001077891   0.0000241273
        0.0002138063   0.0000467779  -0.0000134579  -0.0000747307  -0.0000138430
       -0.0000284512   0.0000221859   0.0000142580   0.0000109412  -0.0000002527
       -0.0000041328  -0.0000019660   0.0000061286   0.0000006219   0.0000034445
        0.0000058691  -0.0000206829   0.0000015399  -0.0000102728   0.0000157081
       -0.0000085920  -0.0000077627   0.0002268282  -0.0000274962   0.0000068291
       -0.0005615246   0.0000781903  -0.0004381108  -0.0000145555   0.0000534495
        0.0000309375  -0.0010649172  -0.0000257717  -0.0006391493  -0.0001170221
        0.0004744360  -0.0002008985   0.0030670817   0.0008684710   0.0051860611
       -0.0050217887  -0.0104416911   0.0102889138  -0.0710203165  -0.0669943351
        0.0600399025   0.0014004822   0.0011930663  -0.0012955190   0.0073381798
        0.0007330921   0.0037763648  -0.0000127498  -0.0000005735  -0.0000081797
        0.0000016695   0.0000071387  -0.0000064003   0.0000095194  -0.0000162123
        0.0000054132   0.0000097220  -0.0000029845  -0.0000018021   0.0000043379
       -0.0000018163   0.0000078780   0.0000102032  -0.0000099580   0.0000027761
       -0.0000011364  -0.0000119519   0.0000024202  -0.0000086472  -0.0000059392
       -0.0000015279  -0.0000160597  -0.0000075510  -0.0000218402   0.0002185263
       -0.0000140620   0.0001351278   0.0000186449   0.0000357470   0.0000043272
       -0.0003738696  -0.0005465637   0.0005657697  -0.0012658449  -0.0003239008
       -0.0011329167   0.0691836891   0.0744492789  -0.0745360415  -0.0021389843
        0.0005041194  -0.0019223449
        0.0000327085   0.0000055356  -0.0001222029  -0.0002384652   0.0001059206
        0.0004747303   0.0000775839  -0.0000430281  -0.0001505803  -0.0000996771
        0.0000710925   0.0001108696   0.0000222516  -0.0000434621  -0.0000805291
        0.0000023631   0.0000144561   0.0000079757   0.0000151421   0.0000188737
       -0.0000059503  -0.0000143562   0.0000086414   0.0000201470   0.0000463991
       -0.0000566108  -0.0000470341  -0.0006173314  -0.0008656328   0.0009303141
        0.0000589010  -0.0003486891  -0.0000642097   0.0000654677   0.0000819589
       -0.0001250463   0.0001427328   0.0001704128  -0.0001815606   0.0003336196
        0.0000273418  -0.0005501490   0.0006739265   0.0007086518  -0.0013706184
        0.0016636727   0.0040622521  -0.0027094277  -0.0669948012  -0.1743121536
        0.1083880637  -0.0109080174  -0.0252956125   0.0175652648   0.0009663514
       -0.0050398474  -0.0022320303   0.0000041978  -0.0000529717   0.0000943683
        0.0000176902  -0.0000200977  -0.0000463869   0.0000198626   0.0000419959
        0.0000305522   0.0000196905  -0.0000186987   0.0000092386   0.0000165525
        0.0000006091  -0.0000129558   0.0000035719   0.0000010699  -0.0000036237
        0.0000006174  -0.0000058553  -0.0000027985  -0.0000088916   0.0000156558
        0.0000121383  -0.0000359602  -0.0001718263   0.0000768008  -0.0000162011
       -0.0000442320   0.0000192732  -0.0000308915  -0.0000041954   0.0000534047
        0.0001263977   0.0001367122  -0.0002299087   0.0004894643   0.0009502845
       -0.0007241799   0.0744492789   0.1991393572  -0.1197228807  -0.0002838511
        0.0007620915   0.0005889316
       -0.0000511889  -0.0000011202   0.0000187880   0.0001669288   0.0000406440
        0.0000036521  -0.0000430272   0.0000066883   0.0000292344   0.0000145077
       -0.0000277552  -0.0000237829  -0.0000123401  -0.0000055569   0.0000144612
        0.0000035396  -0.0000055833  -0.0000151010   0.0000007902  -0.0000072313
       -0.0000001365  -0.0000076003  -0.0000020060  -0.0000202617  -0.0000018991
        0.0000045367   0.0000058525   0.0000773738  -0.0002833323   0.0000811235
       -0.0004098446  -0.0000832772  -0.0001177248  -0.0000090904  -0.0000471316
        0.0000333622  -0.0007042784   0.0000142593  -0.0002551472  -0.0002107350
       -0.0006195118   0.0001154384   0.0051162379  -0.0018195775  -0.0026742366
        0.0110589848   0.0178203947  -0.0168463738   0.0597704166   0.1086710198
       -0.1316680908  -0.0017743072  -0.0034010410   0.0034874261   0.0039012190
       -0.0013661987   0.0028907889   0.0000176445   0.0000189020   0.0000078659
       -0.0000057406  -0.0000101499   0.0000294412   0.0000134858  -0.0000093367
       -0.0000132945  -0.0000013640   0.0000041063   0.0000122649   0.0000000160
        0.0000005575   0.0000060062   0.0000060747   0.0000000293   0.0000083706
        0.0000032140   0.0000026829   0.0000094775   0.0000049114   0.0000064171
       -0.0000039832  -0.0000158016   0.0000200933  -0.0000021168   0.0001437111
        0.0000202197   0.0000602663  -0.0000002093  -0.0000459254   0.0000199194
        0.0005064440   0.0009061573  -0.0009955998  -0.0011098647   0.0006189284
        0.0000366076  -0.0745360415  -0.1197228807   0.1458658344  -0.0019121670
       -0.0006980208  -0.0001003318
        0.0000466943   0.0000714465  -0.0002891629   0.0007942160  -0.0007803868
        0.0003921422  -0.0000899972   0.0003573418  -0.0002543325   0.0000347918
       -0.0000032207   0.0000441057   0.0000802982   0.0001876146   0.0000642376
       -0.0000490075  -0.0000294026   0.0000211555  -0.0000119773  -0.0000417406
       -0.0000193402   0.0000216182  -0.0000020802  -0.0000454360  -0.0000604217
        0.0000601175   0.0000514226  -0.0012993739   0.0006591170  -0.0010463210
       -0.0001185933   0.0001943889  -0.0000620993  -0.0001302580   0.0000938233
       -0.0001918104  -0.0003629565   0.0003165522   0.0004162069   0.0038587802
       -0.0020124025   0.0034723225   0.0001111866  -0.0002809950  -0.0003939023
        0.0072268612   0.0008790530   0.0036358475  -0.0019278494   0.0023403484
        0.0048721189  -0.0997071019   0.0315591704   0.1102140982  -0.0055851804
        0.0021278140   0.0113885274  -0.0007784285  -0.0004412577  -0.0003658160
        0.0000505816  -0.0000182406  -0.0000834095  -0.0000258594   0.0001370009
        0.0000054991  -0.0001315781  -0.0000264299   0.0000172930  -0.0000103477
       -0.0000102243   0.0000136121   0.0000005307  -0.0000226223  -0.0000047858
       -0.0000047638  -0.0000082552   0.0000032583  -0.0000138237  -0.0000447553
       -0.0000003748   0.0001696585   0.0000107721   0.0000321090   0.0000254569
       -0.0000379506   0.0000026411   0.0001829534  -0.0001196533   0.0003255440
       -0.0015009041  -0.0000006862  -0.0008593816  -0.0001890817   0.0000603871
        0.0002124082  -0.0021389843  -0.0002838511  -0.0019121670   0.1015328611
       -0.0348907930  -0.1296562104
       -0.0005378393  -0.0006491706  -0.0005041753  -0.0004082603  -0.0007639466
        0.0002463002   0.0007527679  -0.0005273863  -0.0000115508   0.0002949625
       -0.0003903746  -0.0002023310  -0.0000656451   0.0000207186   0.0000750416
        0.0000081344  -0.0000273354  -0.0000530875  -0.0000075420   0.0000456839
        0.0000352711  -0.0000082602   0.0000164730   0.0000045574  -0.0000904899
       -0.0000061762  -0.0000052120  -0.0003534888   0.0013738254   0.0008575252
        0.0001412928   0.0001537841  -0.0002324995  -0.0000141408   0.0002129382
       -0.0000124681  -0.0004438323   0.0001621089   0.0008405932  -0.0016069613
       -0.0026619516   0.0022763073  -0.0001854986  -0.0004264933   0.0002938574
        0.0005158679  -0.0052480181  -0.0013175228   0.0148189230  -0.0099827199
       -0.0251489559   0.0312685256  -0.0590888991  -0.0522426605  -0.0098703423
        0.0048293984   0.0165899626  -0.0005993959  -0.0001296105  -0.0002668202
        0.0000860623  -0.0000727114  -0.0002431659   0.0000353514  -0.0000564439
        0.0000044076   0.0000877133   0.0001187298  -0.0000192626  -0.0000440396
        0.0000121213   0.0000390502  -0.0000100826   0.0000051983   0.0000226403
       -0.0000140697   0.0000116945   0.0000334795  -0.0000119059  -0.0000212696
        0.0000221491  -0.0000016740  -0.0000229681   0.0000059809   0.0000203973
       -0.0000155423  -0.0000402306  -0.0001045738  -0.0002132586   0.0002442301
        0.0000209335   0.0000329170   0.0000223400   0.0007137840  -0.0005350635
       -0.0012659073   0.0005041194   0.0007620915  -0.0006980208  -0.0348907930
        0.0730816566   0.0606501773
       -0.0005050220  -0.0005699134  -0.0001229949   0.0005149206   0.0008227789
        0.0004262355  -0.0004347119  -0.0003498205   0.0000752017  -0.0000769758
        0.0001049142   0.0001086666   0.0000527010   0.0000021014  -0.0000847599
        0.0000030154  -0.0000104366  -0.0000229766   0.0000035083  -0.0000325517
       -0.0000238305  -0.0000031486  -0.0000158015  -0.0000222457   0.0000499062
       -0.0000737622  -0.0000630557  -0.0011477439  -0.0012768180  -0.0001520853
       -0.0000357932  -0.0002643834  -0.0002216504  -0.0002177027  -0.0000901951
        0.0001660105   0.0003046526  -0.0005559383  -0.0007598849   0.0035484541
        0.0033407791   0.0000801210  -0.0004079306   0.0001819843   0.0006021416
        0.0038716621  -0.0020279560   0.0029907154   0.0053162088  -0.0041772066
       -0.0082671339   0.1098097165  -0.0531822283  -0.2163722101   0.0112961374
       -0.0026461904  -0.0179776657  -0.0001056922  -0.0002954348   0.0001486911
        0.0000601001  -0.0001254564  -0.0000809743  -0.0000064002  -0.0001426831
       -0.0001106245  -0.0000637288  -0.0000004554   0.0000930501   0.0000136808
        0.0000097235  -0.0000161519   0.0000076153   0.0000016672  -0.0000085789
        0.0000032737  -0.0000072732  -0.0000097976  -0.0000003016   0.0000219051
       -0.0000082129   0.0000670215  -0.0000093703   0.0001223935   0.0000151372
        0.0000516830   0.0000255446   0.0003207615   0.0001868223  -0.0001661094
       -0.0009156457   0.0000373473  -0.0005077950   0.0002408791  -0.0001469401
       -0.0004865156  -0.0019223449   0.0005889316  -0.0001003318  -0.1296562104
        0.0606501773   0.2407468138
