34
 energy: -49.101872563801 gnorm: 0.088341148135 xtb: 6.7.1 (edcfbbe)
C           -0.79640770570000       -0.29298958060000       -1.57635575990000
C           -0.09799267440000       -0.55087882910000       -0.25689171820000
N            1.03994416820000       -1.16657587520000       -0.12236197090000
C            1.72301075330000       -1.61190115390000       -1.26059200670000
C            2.65692388730000       -0.78545417160000       -1.89041567700000
C            3.35379241430000       -1.23328699970000       -3.01441826750000
C            3.12843736930000       -2.51854076470000       -3.50617495600000
C            2.21387500660000       -3.35731707400000       -2.87007951490000
C            1.51914106690000       -2.90583138000000       -1.74613321040000
C           -0.80101313650000       -0.09822731170000        0.96950327630000
C           -1.21928283140000       -1.10491874320000        1.84922356970000
C           -1.93064066450000       -0.76989512120000        2.99456862050000
C           -2.21979322590000        0.56771367880000        3.26265650720000
C           -1.78777940010000        1.59233541140000        2.40264636970000
C           -2.07388512260000        2.93464172060000        2.70206848910000
C           -1.63331711650000        3.96577475470000        1.87342351570000
C           -0.89273606810000        3.66951872240000        0.73675483040000
C           -0.60203715330000        2.34046221490000        0.42250016320000
C           -1.05295979920000        1.27192208990000        1.23434204950000
H           -1.76424623240000        0.19415300300000       -1.42747827810000
H           -0.17664415900000        0.34863351940000       -2.20853114250000
H           -0.97713297690000       -1.24193208590000       -2.08926341220000
H            2.84251384750000        0.20957491700000       -1.49644421250000
H            4.07646312310000       -0.58263135710000       -3.49914096130000
H            3.67339249950000       -2.87026458650000       -4.37839426500000
H            2.04632489840000       -4.36407801920000       -3.24283135470000
H            0.81665712530000       -3.56264894250000       -1.24162496790000
H           -0.99107975740000       -2.14685952080000        1.63708588910000
H           -2.25992483570000       -1.54714670140000        3.67922470540000
H           -2.77950487650000        0.80869315670000        4.16468136710000
H           -2.64123745380000        3.18978766570000        3.59495988330000
H           -1.86014056420000        4.99893787910000        2.12320777090000
H           -0.53342069090000        4.47051706940000        0.09578203140000
H            0.00070028570000        2.14871241500000       -0.46210088660000
34
 energy: -49.107765103855 gnorm: 0.031702174538 xtb: 6.7.1 (edcfbbe)
C           -0.79377017246015       -0.28561089220780       -1.57278711287806
C           -0.09146120978445       -0.53604980876767       -0.26323663619709
N            1.01973181961081       -1.14709025205286       -0.15039537965702
C            1.70654192695100       -1.60250570570676       -1.27767490306439
C            2.65281590658955       -0.78675172035040       -1.89720912520505
C            3.35392722282816       -1.24222793601158       -3.00150292383286
C            3.12945734055614       -2.51931962085462       -3.49251979541366
C            2.22047065768508       -3.35128451282076       -2.85663523318166
C            1.51625911150194       -2.90038048176575       -1.75185606918351
C           -0.78581925371126       -0.09966760391190        0.96964893037825
C           -1.20611113675494       -1.08365889994381        1.84783601360059
C           -1.92765611853440       -0.75354015536112        2.99506157936926
C           -2.22131357010025        0.56206481835713        3.26857170171211
C           -1.79201615242435        1.59086172470882        2.41031921347273
C           -2.07385306321189        2.93824238529700        2.70246366571027
C           -1.63442210659653        3.94727601837854        1.87728057477219
C           -0.88960128660932        3.63966046365479        0.73802192135989
C           -0.60226668832058        2.32898410857242        0.42446618573821
C           -1.05310564367723        1.26728563686932        1.23677578849113
H           -1.75469962772236        0.20237877882359       -1.41397945388183
H           -0.17480144066212        0.33635059930637       -2.21942745463813
H           -0.96046623422412       -1.23480729180277       -2.08353550092788
H            2.83036263031132        0.20847221013552       -1.51011700080520
H            4.06904363678808       -0.59207022836975       -3.48787801275336
H            3.66598446017866       -2.86724556007586       -4.36575859682210
H            2.04884245002862       -4.35210434968073       -3.23032860409522
H            0.80924870569908       -3.55097576021852       -1.25338268956996
H           -0.98506126337168       -2.11936162932753        1.62837925359636
H           -2.25809829973913       -1.53224183131808        3.66980527107020
H           -2.78261851405546        0.80782530667574        4.16069281954024
H           -2.63805099176035        3.18717576429946        3.59180553064637
H           -1.85931650937121        4.97836649271738        2.11837675235026
H           -0.53217681167898        4.43529941559963        0.09710377188812
H           -0.00599977355768        2.12665051685255       -0.45498800538921
34
 energy: -49.108735059105 gnorm: 0.008807433199 xtb: 6.7.1 (edcfbbe)
C           -0.80258199156980       -0.26912727341407       -1.56941732908670
C           -0.09121045126787       -0.52486000158143       -0.26681326541333
N            1.01029488391583       -1.13391808156741       -0.17216863598854
C            1.70270204394670       -1.59683661448046       -1.28653319237967
C            2.65090903415588       -0.78373859835017       -1.90564474227477
C            3.35555987347211       -1.24574837929955       -2.99949883670574
C            3.13596826319954       -2.52344320303338       -3.48565131498997
C            2.22308204189057       -3.34871163361385       -2.85096709174582
C            1.51319880837733       -2.89587027283009       -1.75599372546119
C           -0.78133499496711       -0.10329682174286        0.97231344315434
C           -1.19954069136997       -1.07592843157639        1.84847270135815
C           -1.92547611396925       -0.74852750226660        2.99924440020511
C           -2.22371950746187        0.55604214699463        3.27479832111206
C           -1.79413153774658        1.58862858725978        2.41753375636997
C           -2.07345350175459        2.94098003738665        2.70171301467223
C           -1.63407810864253        3.93745370932392        1.87618852481277
C           -0.88653528585417        3.62094818999936        0.73412430012297
C           -0.60172747820855        2.31867837446332        0.42668598102302
C           -1.05470406405155        1.26287180227857        1.24395723172495
H           -1.75886675159593        0.22169149741295       -1.41082219047971
H           -0.18129365285976        0.33897127342598       -2.22643633179211
H           -0.96334014292525       -1.22058620855937       -2.07640970761538
H            2.81862051217881        0.21405704500660       -1.52464888886888
H            4.07609988336660       -0.59996334156261       -3.48015298626896
H            3.67610181175358       -2.87500275337156       -4.35231179848120
H            2.05604637029517       -4.35160456468120       -3.21663932954262
H            0.79760224545673       -3.53849803517869       -1.26217445900789
H           -0.97392215960808       -2.10878505883790        1.63048008889900
H           -2.25230928286027       -1.53232828485706        3.66641978508024
H           -2.78851186467896        0.81068822114858        4.15963441712042
H           -2.63769807833472        3.18184927363504        3.59084978036781
H           -1.85401235399639        4.96966028535550        2.10776098274805
H           -0.52845104345350        4.41456017554026        0.09429615351299
H           -0.00928671443214        2.09969444127347       -0.44879257998157
34
 energy: -49.108954684221 gnorm: 0.005428742145 xtb: 6.7.1 (edcfbbe)
C           -0.81455630880381       -0.25594274747189       -1.56794616646707
C           -0.09661099257745       -0.51891248346553       -0.26884407109234
N            1.00572779580783       -1.12843722928896       -0.18645435675737
C            1.69849995276969       -1.59113186192526       -1.29634123171382
C            2.65030242486502       -0.78012982916987       -1.91403729005888
C            3.36367779858469       -1.24919891501108       -2.99925713606488
C            3.14831235486246       -2.53017184327297       -3.47998601331226
C            2.22943628998730       -3.35111471077781       -2.84756263052940
C            1.51023408753047       -2.89225241617303       -1.76125124741937
C           -0.78124086478993       -0.10582254194446        0.97581787044012
C           -1.19519548777075       -1.07727005295055        1.85295612554419
C           -1.92336032299773       -0.75009176027671        3.00443893535159
C           -2.22550632544257        0.55297449181078        3.27862789378306
C           -1.79537005657569        1.58674807299577        2.42078405103055
C           -2.07356220925849        2.94141130425389        2.70114111050025
C           -1.63284135820528        3.93467504606648        1.87398915740061
C           -0.88368553780304        3.61499100603103        0.73139798621686
C           -0.60079689689567        2.31285401315595        0.42805330933921
C           -1.05648000298150        1.26027972630041        1.24925758027899
H           -1.76660619394127        0.24048337019880       -1.40633460097018
H           -0.19158369168440        0.34663036801928       -2.22910512433084
H           -0.98126849871582       -1.20771266446380       -2.07305305429587
H            2.81261523358513        0.21988233553069       -1.53672972449468
H            4.08627631938588       -0.60500043066866       -3.47929707059739
H            3.69310485416320       -2.88594418853995       -4.34162046951687
H            2.06304395679318       -4.35557081266792       -3.20968404687040
H            0.78958360428402       -3.53021382057486       -1.26883256294748
H           -0.96819494872450       -2.11051182580447        1.63703036138381
H           -2.24771531661468       -1.53751404860304        3.66838745693703
H           -2.79243595664590        0.81276314635536        4.16084758598484
H           -2.63879278411706        3.17892607783065        3.59087634582323
H           -1.85069995317001        4.96850645742691        2.09914829412936
H           -0.52625696557488        4.40863478929564        0.09141689180850
H           -0.00805399892836        2.08318397747912       -0.44443768231301
34
 energy: -49.109167418040 gnorm: 0.004518321332 xtb: 6.7.1 (edcfbbe)
C           -0.83973248091605       -0.23344938096137       -1.56585427246428
C           -0.10993498291078       -0.51095207358065       -0.27388483454931
N            0.99544441404339       -1.12002480827303       -0.21202740094058
C            1.68984614643039       -1.58040058413592       -1.31576552064423
C            2.64871753599933       -0.77379100556051       -1.93101384605586
C            3.37863846813465       -1.25536779665000       -3.00065675407097
C            3.17246897243568       -2.54315861331149       -3.46970853750595
C            2.24149728115716       -3.35634864977366       -2.84343642998241
C            1.50531180821175       -2.88576496892186       -1.77279180239671
C           -0.78298515939988       -0.11021593934795        0.98024882259551
C           -1.18860496227782       -1.08189360140622        1.86104795989365
C           -1.91771878732639       -0.75363658554646        3.01366628841922
C           -2.22657543110332        0.54872084003537        3.28437624746225
C           -1.79685920785803        1.58320986312415        2.42458826148031
C           -2.07446755945614        2.94039774586985        2.70011837889460
C           -1.63201946488433        3.93032814812586        1.87005634794504
C           -0.87988977192460        3.60783964679082        0.72804124522443
C           -0.59849199217353        2.30453094103547        0.43052670250737
C           -1.05950221207411        1.25600833509221        1.25635907633710
H           -1.78203757411590        0.27780737637111       -1.39406345043699
H           -0.21397262638417        0.35988178747295       -2.23348168393190
H           -1.02730960228226       -1.18344621138679       -2.06830197466009
H            2.80337268735842        0.23032235182719       -1.56110260739897
H            4.10910810467288       -0.61626727816152       -3.47694358136758
H            3.73412507427684       -2.91042515215389       -4.31612179584621
H            2.08010537643168       -4.36533091131748       -3.19690394990633
H            0.77583599827040       -3.51633981840142       -1.28362143189726
H           -0.95898926880573       -2.11635854997792        1.65056356383151
H           -2.23643826325480       -1.54547342518531        3.67552873980435
H           -2.79699852258936        0.81409485146060        4.16342144722630
H           -2.64091086416617        3.17540055588451        3.59059186487331
H           -1.84629109358301        4.96671953062890        2.08702154605379
H           -0.52200232878086        4.40234129072971        0.08910617754204
H           -0.00273971075522        2.06104208930462       -0.43618631983495
34
 energy: -49.109252309312 gnorm: 0.004708585139 xtb: 6.7.1 (edcfbbe)
C           -0.85636197607830       -0.22320730293205       -1.56523140268997
C           -0.11868680155829       -0.50799083318171       -0.27870649901712
N            0.98798495908764       -1.11562994226072       -0.22597309100514
C            1.68444689366576       -1.57488969013702       -1.32731252025766
C            2.64775346572616       -0.77138486221845       -1.94062296986547
C            3.38794167026446       -1.25979436580907       -3.00036382583960
C            3.18791555761651       -2.55138260092796       -3.46195534152081
C            2.24960305266539       -3.36024248136988       -2.84083308166258
C            1.50324466089691       -2.88270755417325       -1.78020359041409
C           -0.78472208789857       -0.11185893499667        0.98008663713501
C           -1.18520047791532       -1.08410419502231        1.86357338799229
C           -1.91237568261029       -0.75513429688511        3.01734103354012
C           -2.22498429505906        0.54709226553362        3.28637574379652
C           -1.79726270166407        1.58143735876685        2.42529716552883
C           -2.07542930674874        2.93873507774124        2.70018838311056
C           -1.63240342099993        3.92824207363270        1.86950224656342
C           -0.87851400577158        3.60610382412052        0.72867619221933
C           -0.59706108213828        2.30235620848010        0.43198805737515
C           -1.06070825145737        1.25435391200420        1.25765430212985
H           -1.79124148709605        0.29983996035830       -1.38511347900755
H           -0.22950520976762        0.36296367553812       -2.23816350881051
H           -1.06196444206483       -1.17109447474003       -2.06505811369765
H            2.79918976432017        0.23529282566535       -1.57609048470061
H            4.12273497876837       -0.62366725293481       -3.47441307107913
H            3.76034647917083       -2.92525262974605       -4.29863973841760
H            2.09137759462666       -4.37146711501222       -3.18975422735859
H            0.76898794548722       -3.51003224504213       -1.29398043665822
H           -0.95491678081549       -2.11899205680737        1.65528443024778
H           -2.22738554607404       -1.54747842067018        3.68069959048258
H           -2.79601348225595        0.81201503073841        4.16527730487891
H           -2.64200155129657        3.17468159921483        3.59051546071748
H           -1.84648885685953        4.96515641553487        2.08459125726781
H           -0.51961522925002        4.40115379408828        0.09082139476185
H            0.00131565348403        2.05688723314947       -0.43206072954488
34
 energy: -49.109360236209 gnorm: 0.003505053153 xtb: 6.7.1 (edcfbbe)
C           -0.87998456230655       -0.21164901595332       -1.56511991902851
C           -0.13068266787102       -0.50495385503716       -0.28733770278601
N            0.97695933460181       -1.11021610774184       -0.24390251445078
C            1.67711159674017       -1.56922240875199       -1.34261204845735
C            2.64591124481907       -0.76982002936126       -1.95269841471413
C            3.39998331362907       -1.26634912330178       -2.99870176585630
C            3.20904363080163       -2.56267999319978       -3.45013489129894
C            2.26141046103620       -3.36641316206473       -2.83682605320276
C            1.50131830315104       -2.88007950729683       -1.79035590205455
C           -0.78726904211271       -0.11281180354165        0.97728934433053
C           -1.18115616629907       -1.08600540491053        1.86391490052501
C           -1.90308207421900       -0.75665868765212        3.02023905346120
C           -2.22001413416318        0.54538454812021        3.28824133415947
C           -1.79692324886016        1.57952078610474        2.42556742424241
C           -2.07722130503432        2.93575923189526        2.70109815682979
C           -1.63426020789640        3.92616333226804        1.87054081992323
C           -0.87774248114517        3.60601447336144        0.73202272602683
C           -0.59528826907428        2.30213823397204        0.43408992332176
C           -1.06125242975206        1.25318115728472        1.25709754126918
H           -1.80213110109827        0.33127594017060       -1.37239642566691
H           -0.25157927299843        0.36055461750335       -2.24848551928704
H           -1.11560037927845       -1.15625379924922       -2.05857313927797
H            2.79348034373584        0.24055238442200       -1.59649160478882
H            4.14031511360169       -0.63390093569349       -3.46909191506995
H            3.79648672136608       -2.94483564512213       -4.27295327493597
H            2.10841605511646       -4.38050280005831       -3.17961388458656
H            0.76108695363845       -3.50425434167030       -1.30924337750931
H           -0.95078120618720       -2.12090590081225        1.65637639154815
H           -2.21260970372809       -1.54777356964836        3.68799508865690
H           -2.79034800107220        0.80630447010686        4.16865309020222
H           -2.64391836592651        3.17449247195627        3.59049271234329
H           -1.85013259034566        4.96270549077592        2.08617496056719
H           -0.51630419905932        4.40153137808631        0.09605500538335
H            0.00675833659078        2.05970757473908       -0.42791364361822
34
 energy: -49.109429983706 gnorm: 0.002620532633 xtb: 6.7.1 (edcfbbe)
C           -0.90240721724253       -0.20255524953997       -1.56618322806388
C           -0.14144944231065       -0.50127719407155       -0.29721860130420
N            0.96623860996021       -1.10511378708446       -0.26083199932512
C            1.66957741214355       -1.56556176781075       -1.35701584711322
C            2.64321503970665       -0.76951990773870       -1.96315175547721
C            3.41084986115242       -1.27302714426362       -2.99579193519829
C            3.22901244315603       -2.57353057920108       -3.43803374914491
C            2.27303498012676       -3.37293088278641       -2.83227964296349
C            1.49934155670636       -2.87904881336124       -1.79972953578657
C           -0.78928701396311       -0.11190129123194        0.97314107915270
C           -1.17748706581166       -1.08615349555264        1.86122821130165
C           -1.89284179012733       -0.75786961008784        3.02127720615446
C           -2.21277318815402        0.54356951495435        3.29019151211725
C           -1.79552171258622        1.57845232494083        2.42655901616298
C           -2.07877557543654        2.93323731614503        2.70321326992529
C           -1.63677211492720        3.92544424053996        1.87365656308405
C           -0.87788130223659        3.60782899928983        0.73702961196855
C           -0.59448390562685        2.30439574716039        0.43636910556213
C           -1.06092579973921        1.25362592686525        1.25592706247719
H           -1.81020445691272        0.36134368869757       -1.36281175155000
H           -0.27257096647141        0.35115833090790       -2.26363317340893
H           -1.16823084350883       -1.14503944470406       -2.04891450772874
H            2.78685648286508        0.24410440319193       -1.61453633820269
H            4.15614778307980       -0.64343924044484       -3.46186156729004
H            3.82977222656689       -2.96237891566020       -4.24799194856680
H            2.12565980370912       -4.38965964985535       -3.16920288919526
H            0.75381706913463       -3.50101834611334       -1.32399500952846
H           -0.94763644300549       -2.12048265944168        1.65129641955582
H           -2.19721281143278       -1.54750213272050        3.69324338558354
H           -2.78089690681498        0.79966084411887        4.17323837081093
H           -2.64604332460133        3.17352328455979        3.59153962785470
H           -1.85597924814672        4.96087162527319        2.09147131197067
H           -0.51398111668688        4.40358127786707        0.10280458317697
H            0.00983897783589        2.06721258685794       -0.42560638081049
34
 energy: -49.109468154062 gnorm: 0.002073579356 xtb: 6.7.1 (edcfbbe)
C           -0.91627730783565       -0.19870113010229       -1.56841972587343
C           -0.14790853732745       -0.49785893622996       -0.30489728800366
N            0.95933070490600       -1.10159073649584       -0.27166737283552
C            1.66447759514597       -1.56452330031832       -1.36575438527042
C            2.64118551645294       -0.77019367414176       -1.96868693208415
C            3.41728141672785       -1.27754697193205       -2.99277780037400
C            3.24097829935561       -2.58034714231878       -3.42967460704539
C            2.28020157672114       -3.37737848714018       -2.82859395357345
C            1.49786124101662       -2.87954686683769       -1.80494959450433
C           -0.79045943107749       -0.10943264702741        0.96907777090209
C           -1.17520915704924       -1.08493798685104        1.85677541534644
C           -1.88534508872550       -0.75876649394345        3.02033011847466
C           -2.20600759986352        0.54198877667733        3.29166364429274
C           -1.79348168760360        1.57842783087554        2.42800815891722
C           -2.07901079139999        2.93209013180498        2.70607165115385
C           -1.63860686624239        3.92632544007560        1.87784174951851
C           -0.87902129622057        3.61104058172105        0.74143261881481
C           -0.59541811686847        2.30822777755782        0.43766735384358
C           -1.06046144584384        1.25559803286042        1.25481388674967
H           -1.81318480862178        0.37986335079197       -1.36079409057410
H           -0.28573168128207        0.33861887756620       -2.27797069920005
H           -1.20174586747260       -1.14102548974704       -2.03932839251571
H            2.78182145021829        0.24520724050414       -1.62435850677800
H            4.16575879956938       -0.64935962949050       -3.45533530297247
H            3.84963591909465       -2.97277988520854       -4.23149199756138
H            2.13668015133936       -4.39576826787650       -3.16172550624044
H            0.74911615971958       -3.50050515789980       -1.33302091388865
H           -0.94595986345911       -2.11851991344837        1.64286657026257
H           -2.18631685026983       -1.54803018340476        3.69410446988020
H           -2.77118335956994        0.79507374191117        4.17738598277882
H           -2.64674525437060        3.17138658204293        3.59420816038444
H           -1.86058432321040        4.96058778514670        2.09825437263009
H           -0.51419694423453        4.40723610213400        0.10839203669296
H            0.00852744868159        2.07514064844411       -0.42605041514683
34
 energy: -49.109503378304 gnorm: 0.002138915743 xtb: 6.7.1 (edcfbbe)
C           -0.92696659931378       -0.19755460010675       -1.57250347697859
C           -0.15300401382948       -0.49374114817207       -0.31254774891687
N            0.95349708513382       -1.09826017350874       -0.28059586727089
C            1.65998736803287       -1.56454152254294       -1.37220406586958
C            2.63936675952270       -0.77126576026632       -1.97204568256415
C            3.42236758375543       -1.28151085655880       -2.98909352886753
C            3.25024826959879       -2.58604395788861       -3.42200838408252
C            2.28586352818590       -3.38133742695712       -2.82451130172548
C            1.49612646388545       -2.88072795501463       -1.80823905967976
C           -0.79161620524543       -0.10539238050401        0.96409799672065
C           -1.17336196797325       -1.08278274487009        1.85040296955412
C           -1.87836760546862       -0.75982857210273        3.01791443325593
C           -2.19835855989154        0.54011682462694        3.29314537103246
C           -1.79057341131122        1.57889070694019        2.43001141729002
C           -2.07776907177188        2.93152469936976        2.71050360598489
C           -1.63997983128597        3.92824398735471        1.88383903925364
C           -0.88163018171718        3.61579015100028        0.74584203924973
C           -0.59840425817618        2.31379696812154        0.43805150658753
C           -1.06041525704432        1.25897209300722        1.25347179256967
H           -1.81253985980315        0.39679616012337       -1.36417614330296
H           -0.29477692369546        0.32022888254733       -2.29504382254147
H           -1.23086327104377       -1.14141577301059       -2.02785258625089
H            2.77689930406556        0.24530705909683       -1.63044257765071
H            4.17331826916585       -0.65408630688932       -3.44843345916106
H            3.86486307582547       -2.98102512625551       -4.21738327596896
H            2.14545076683735       -4.40105041298522       -3.15462910970004
H            0.74496992099473       -3.50105460175015       -1.33943921588653
H           -0.94468464492835       -2.11545265647054        1.63134550407207
H           -2.17625883803544       -1.54996838634343        3.69178336125610
H           -2.75947065427134        0.79127194220328        4.18202885795754
H           -2.64528167438081        3.16770368987669        3.59960182342414
H           -1.86412759453938        4.96130309636082        2.10742873878454
H           -0.51747088681592        4.41306338267046        0.11386879677888
H            0.00296291593900        2.08403071859778       -0.42879147115317
34
 energy: -49.109543121494 gnorm: 0.002535123794 xtb: 6.7.1 (edcfbbe)
C           -0.93708030513699       -0.19794446569742       -1.57938106036462
C           -0.15847476650497       -0.48845288972274       -0.32154865017721
N            0.94734108647957       -1.09404057623360       -0.28960563467025
C            1.65546042269704       -1.56469294196033       -1.37771772970532
C            2.63772571707771       -0.77243996221769       -1.97452631892277
C            3.42763284998311       -1.28576743191066       -2.98441777228938
C            3.25929813525067       -2.59214816329500       -3.41333858904971
C            2.29134026486443       -3.38556617902766       -2.81916477791166
C            1.49420796021079       -2.88216434767721       -1.81014482061044
C           -0.79365168139632       -0.09963696118366        0.95717167676297
C           -1.17166331247755       -1.07982280300061        1.84161609812886
C           -1.87069035624643       -0.76133974824697        3.01402542266463
C           -2.18884164795393        0.53762974010541        3.29492111182977
C           -1.78653340146277        1.57949393680950        2.43265047975338
C           -2.07444887214683        2.93103596854947        2.71762179603731
C           -1.64096085091096        3.93089831076114        1.89261090980828
C           -0.88660393737825        3.62236416628850        0.75064009071098
C           -0.60439870716272        2.32149339078210        0.43717132308333
C           -1.06151086981478        1.26377505933571        1.25141369695963
H           -1.80815504245946        0.41807808202317       -1.37382502386063
H           -0.30096005668811        0.29241116598756       -2.31788406398229
H           -1.26444298222776       -1.14458501173761       -2.01295676422359
H            2.77167199656234        0.24516691942207       -1.63503650469579
H            4.18117035706944       -0.65915457942109       -3.44055152773843
H            3.87982687496274       -2.98994116032716       -4.20233694335970
H            2.15387467843928       -4.40667305008629       -3.14622818872249
H            0.74058546305330       -3.50166566720008       -1.34431922009284
H           -0.94343519858408       -2.11138132707996        1.61652603925904
H           -2.16488969745863       -1.55378758612540        3.68659544579005
H           -2.74425642872887        0.78737094836168        4.18790171204306
H           -2.63988388577256        3.16222972185104        3.60946911914533
H           -1.86612585995625        4.96275517183756        2.12047682334895
H           -0.52521716367842        4.42177132797636        0.11980592694777
H           -0.00791078210326        2.09473094175942       -0.43423760569534
34
 energy: -49.109584235748 gnorm: 0.002686919460 xtb: 6.7.1 (edcfbbe)
C           -0.94653692526695       -0.19918459971646       -1.58943506418166
C           -0.16502946558158       -0.48246716964484       -0.33198277656215
N            0.94065889414958       -1.08840442838746       -0.29861675197818
C            1.65126901520425       -1.56421490918149       -1.38207333047890
C            2.63684172680464       -0.77349970654347       -1.97625731420114
C            3.43336072567166       -1.29042779678556       -2.97889326896730
C            3.26826229197836       -2.59884285677569       -3.40339483394216
C            2.29672331208835       -3.39001475769755       -2.81215976786603
C            1.49256940046066       -2.88327567788822       -1.81023266714142
C           -0.79754593836503       -0.09288648602637        0.94800693617383
C           -1.17062418897208       -1.07651695998291        1.83079204280502
C           -1.86251006360930       -0.76331154116566        3.00895536474549
C           -2.17764967861648        0.53461029548500        3.29708295876959
C           -1.78150718016021        1.57987578938482        2.43573074991782
C           -2.06830744947192        2.93031063916003        2.72789120779647
C           -1.64112611918344        3.93373084316726        1.90417414623655
C           -0.89464316736740        3.63005760004832        0.75527938223086
C           -0.61419598259776        2.33060604919059        0.43446500857720
C           -1.06454094226071        1.26932339088464        1.24824236673214
H           -1.79964041723650        0.44411458966886       -1.39122349978344
H           -0.30418528422927        0.25573060728252       -2.34540966168074
H           -1.30293273020533       -1.14806505396719       -1.99605803170785
H            2.76707388394578        0.24522073495515       -1.63884702060756
H            4.18955841794385       -0.66504711972945       -3.43236349840610
H            3.89426094468169       -2.99981846448754       -4.18632620451136
H            2.16175782034234       -4.41255798567646       -3.13604600688925
H            0.73644013603095       -3.50153154352479       -1.34691199866466
H           -0.94268975912567       -2.10687125109227        1.59970248837769
H           -2.15214818479289       -1.55924673604240        3.67929472194776
H           -2.72575227022485        0.78307468106034        4.19508808301461
H           -2.62850307570590        3.15561405224143        3.62473758682744
H           -1.86534411480932        4.96457243377781        2.13752522364283
H           -0.53853374702370        4.43266828299926        0.12544249244136
H           -0.02482988409522        2.10667505470921       -0.44278258646570
34
 energy: -49.109617923100 gnorm: 0.001933983466 xtb: 6.7.1 (edcfbbe)
C           -0.95127571213552       -0.20038043742185       -1.59950096952252
C           -0.17051569958471       -0.47796471839481       -0.34019605096565
N            0.93590820057637       -1.08280681135838       -0.30407708244069
C            1.64932975682522       -1.56260137273512       -1.38324988463844
C            2.63754126876274       -0.77378734691690       -1.97637972869926
C            3.43751807854212       -1.29378219937293       -2.97450103366750
C            3.27336577652063       -2.60354579041234       -3.39575996001392
C            2.29956005686009       -3.39268276620012       -2.80565966819655
C            1.49187188917027       -2.88297864174487       -1.80788097863362
C           -0.80276478876361       -0.08817599465522        0.93968258477926
C           -1.17127873691981       -1.07440644974715        1.82187673952348
C           -1.85705630913738       -0.76512314091387        3.00465958951524
C           -2.16878777982989        0.53210283367468        3.29907516010070
C           -1.77733391557338        1.57964049234841        2.43817854225209
C           -2.06067061823060        2.92946364946377        2.73795143646056
C           -1.63981574268130        3.93530611924180        1.91429875037914
C           -0.90338030809562        3.63530432235156        0.75747737525315
C           -0.62543659136145        2.33701511390018        0.43021451983975
C           -1.06922645322052        1.27301122849950        1.24479174752076
H           -1.78973613456928        0.46431869594866       -1.41119664507396
H           -0.30303887766247        0.22495770101424       -2.36631490381158
H           -1.33043141590668       -1.14876337630523       -1.98492781298735
H            2.76593918386606        0.24568300004148       -1.64047978828690
H            4.19563347298981       -0.66997467246641       -3.42706662417489
H            3.90209154259984       -3.00708456074981       -4.17532629801011
H            2.16553742850078       -4.41621584146814       -3.12712188883447
H            0.73412793104867       -3.49979987077370       -1.34531532694303
H           -0.94356118141473       -2.10398107625542        1.58725966925844
H           -2.14284437974125       -1.56421646075808        3.67291519417200
H           -2.71025145338876        0.77967023760888        4.20139993516837
H           -2.61307696745061        3.15073576532083        3.64076513580177
H           -1.86058543298208        4.96580882556780        2.15260415117342
H           -0.55368516279617        4.44082245253943        0.12763497213446
H           -0.04367092441616        2.11443109082851       -0.45243438223104
34
 energy: -49.109646155447 gnorm: 0.002946622461 xtb: 6.7.1 (edcfbbe)
C           -0.95870246865468       -0.20005283674192       -1.61500788678544
C           -0.17960562070359       -0.47080360619395       -0.35263819954576
N            0.92870645934434       -1.07234811839278       -0.31254877748456
C            1.64794651753929       -1.55660172237178       -1.38493364022542
C            2.64107022747288       -0.77259599439632       -1.97713556427469
C            3.44564769788450       -1.29900503394258       -2.96836678088314
C            3.28179515935135       -2.61093080430236       -3.38373637233944
C            2.30360643796793       -3.39561157847980       -2.79486174580252
C            1.49134005707713       -2.87918088081732       -1.80373020876215
C           -0.81261578760522       -0.08352068023300        0.92728714733298
C           -1.17370812223553       -1.07303736117933        1.80975065540205
C           -1.85001418187154       -0.76838093978524        2.99898156366202
C           -2.15668088993427        0.52811178571052        3.30231343629025
C           -1.77182475043993        1.57804899927330        2.44154975765785
C           -2.04721196867316        2.92720837426190        2.75354181020984
C           -1.63612752406930        3.93578199345783        1.92869169740795
C           -0.91789282565870        3.64027261089839        0.75884562716668
C           -0.64469919389267        2.34354263343788        0.42234962163522
C           -1.07836356069176        1.27614491447511        1.23913140615257
H           -1.77281987596522        0.50052721038148       -1.44026825437534
H           -0.29869080379626        0.17700993490849       -2.39831316581739
H           -1.37919605260578       -1.14549703879311       -1.96834699445754
H            2.76878898724999        0.24849647207561       -1.64536740435684
H            4.20715335418830       -0.67910950502247       -3.42088491894129
H            3.91400148695787       -3.01942398166518       -4.15854926663068
H            2.16970545531307       -4.42061811837038       -3.11194365595565
H            0.73039212263562       -3.49240804448857       -1.34138571362118
H           -0.94671162722518       -2.10194851896193        1.57191654005101
H           -2.12994122088469       -1.57118775413425        3.66544170406634
H           -2.68839782926627        0.77296562988237        4.21109766194018
H           -2.58444147645746        3.14546026235184        3.66627581150423
H           -1.84898368351741        4.96629051986511        2.17469359458865
H           -0.57859757592333        4.44946542396007        0.12786804584069
H           -0.07492692250960        2.12293575303161       -0.46832105444816
34
 energy: -49.109653697655 gnorm: 0.002982524369 xtb: 6.7.1 (edcfbbe)
C           -0.95555180549526       -0.20098645159320       -1.61942326877287
C           -0.18110410768134       -0.47089026731101       -0.35377394558878
N            0.92947663624938       -1.06842785730215       -0.31051549202638
C            1.65068373138523       -1.55259295860942       -1.38164917805778
C            2.64460762139968       -0.77084884571671       -1.97522648916231
C            3.44650546404428       -1.29899102405957       -2.96770067924191
C            3.27934271024517       -2.61052047818252       -3.38283346752703
C            2.30125272122343       -3.39378509210609       -2.79197607436610
C            1.49215419805962       -2.87544959799256       -1.79944071899575
C           -0.81741522325572       -0.08494753895401        0.92463752511227
C           -1.17724335200618       -1.07435385808853        1.80803304891534
C           -1.85161017353093       -0.76932190302976        2.99793393199002
C           -2.15560461556856        0.52751333813393        3.30304551538950
C           -1.77092986841969        1.57692807774860        2.44194713895996
C           -2.04075351240342        2.92642430465812        2.75775790662750
C           -1.63243199569241        3.93462946508330        1.93126645550996
C           -0.92298991881104        3.63878229022511        0.75629169661566
C           -0.65236544000044        2.34209695908622        0.41817635608877
C           -1.08286204302385        1.27465677765664        1.23702734176647
H           -1.76712845166593        0.49988232990514       -1.45180169412136
H           -0.29466299214995        0.17071956784607       -2.39887982440899
H           -1.37760894280964       -1.14144963773317       -1.97122647039944
H            2.77539486611709        0.25016213083965       -1.64422190935072
H            4.20846981725129       -0.68099548322287       -3.42210399069369
H            3.90879880044778       -3.01981264028217       -4.15958251931260
H            2.16495955573440       -4.41859619532286       -3.10851751576930
H            0.73101405226455       -3.48702169760154       -1.33509938789371
H           -0.95081735449892       -2.10362480969217        1.57149390831495
H           -2.13124164515765       -1.57224555659826        3.66438609962430
H           -2.68472460745489        0.77163240377425        4.21330643660860
H           -2.57056478715609        3.14622287254062        3.67425614512204
H           -1.84006569936809        4.96573537452901        2.17935274859442
H           -0.58782953846221        4.44815474643269        0.12338200494789
H           -0.08715409940897        2.12132125463846       -0.47492515829757
34
 energy: -49.109666561257 gnorm: 0.001213274698 xtb: 6.7.1 (edcfbbe)
C           -0.95795092585861       -0.20027798359893       -1.61849729953083
C           -0.18168282197814       -0.47064636580719       -0.35440483642064
N            0.92894385232847       -1.06772749831914       -0.31205795903437
C            1.65038384186947       -1.55167217536378       -1.38325471504545
C            2.64482958640994       -0.77039181397395       -1.97609251538830
C            3.44769540252652       -1.29930400432201       -2.96740326957985
C            3.28104429583187       -2.61099862115176       -3.38186465733718
C            2.30209224433046       -3.39373454475727       -2.79170771953371
C            1.49189127363615       -2.87462593835126       -1.80070884929906
C           -0.81716342481430       -0.08540212985759        0.92489959634402
C           -1.17720470657152       -1.07480384508860        1.80790783709848
C           -1.85113141797353       -0.76967635876456        2.99805303252909
C           -2.15517332197329        0.52718741154621        3.30318421044154
C           -1.77077826643910        1.57678346306154        2.44220831871753
C           -2.04104623331005        2.92613694728029        2.75713323542805
C           -1.63231811607855        3.93446126644307        1.93078042892157
C           -0.92237952857762        3.63838893372772        0.75653524334705
C           -0.65160582561115        2.34155287708086        0.41875492164953
C           -1.08216162995092        1.27426220244974        1.23730898005237
H           -1.76632149101695        0.50571681865347       -1.44874131428815
H           -0.29582960884000        0.16723695597506       -2.40162768884880
H           -1.38583356450128       -1.14133591108034       -1.96750270432368
H            2.77573806378115        0.25094670135921       -1.64620683570091
H            4.21017230709918       -0.68159981538376       -3.42122149784548
H            3.91156402330848       -3.02089505035312       -4.15732005153216
H            2.16612457374385       -4.41875996174103       -3.10754588855544
H            0.73005559800668       -3.48576537576212       -1.33701551310348
H           -0.95124737029733       -2.10407711274711        1.57055123540610
H           -2.13107989574721       -1.57190258886977        3.66516504316216
H           -2.68429170616367        0.77059688477603        4.21366073303546
H           -2.57168385357848        3.14636413380371        3.67284421816019
H           -1.84082282598128        4.96528329040507        2.17894859024454
H           -0.58647647566839        4.44709201854440        0.12329781768270
H           -0.08635205154008        2.12158718988612       -0.47466365065154
34
 energy: -49.109672800595 gnorm: 0.001184293486 xtb: 6.7.1 (edcfbbe)
C           -0.96059452407202       -0.20003871594292       -1.61818050593053
C           -0.18299520459158       -0.47056597351813       -0.35535645511171
N            0.92913502379100       -1.06441305039686       -0.31338263771382
C            1.65129880956311       -1.54783842517618       -1.38450515736332
C            2.64706152700322       -0.76837707687096       -1.97662333998816
C            3.45020360576786       -1.29943177065525       -2.96683082278997
C            3.28276269289629       -2.61120276503805       -3.38025704243439
C            2.30218332332095       -3.39229139024433       -2.79038393521617
C            1.49142361557924       -2.87093935028900       -1.80127314175077
C           -0.81878954362989       -0.08725088076231        0.92470320503426
C           -1.17921167320677       -1.07645718342681        1.80735906329476
C           -1.85190786291842       -0.77069619133728        2.99802680367330
C           -2.15443478845324        0.52644258292790        3.30379358852337
C           -1.77019078808755        1.57606977075159        2.44286583757378
C           -2.03880547031560        2.92548127225236        2.75743982226441
C           -1.63036216583251        3.93356999237365        1.93030588343646
C           -0.92274465749027        3.63654092829054        0.75540631333134
C           -0.65298866680535        2.33926709556497        0.41792225408725
C           -1.08267020007239        1.27261939980303        1.23712183759728
H           -1.76267944033463        0.51375390120593       -1.44801441019408
H           -0.29694641367399        0.15909375534082       -2.40547829925762
H           -1.39767549942655       -1.13982253205349       -1.96209102953107
H            2.77970857034404        0.25333157725675       -1.64863831494087
H            4.21377955796768       -0.68302772575758       -3.42044010372921
H            3.91366388864487       -3.02249016180707       -4.15458736671036
H            2.16534866155893       -4.41747128285320       -3.10506607943841
H            0.72825627494148       -3.48042774024099       -1.33765934544910
H           -0.95439660934443       -2.10590199986398        1.56933786844149
H           -2.13275004608641       -1.57177452226746        3.66613902233732
H           -2.68255085784716        0.76888038324378        4.21509067824523
H           -2.56788565408158        3.14710278474278        3.67355561496714
H           -1.83803439161367        4.96426534037044        2.17928506044531
H           -0.58709795518071        4.44390617551097        0.12044046375239
H           -0.08911313791318        2.12009377856559       -0.47662885325418
34
 energy: -49.109677062887 gnorm: 0.000784992386 xtb: 6.7.1 (edcfbbe)
C           -0.96161074383853       -0.20130397047663       -1.61748708227821
C           -0.18330574504695       -0.47114765954122       -0.35504660356738
N            0.93039541914339       -1.06198608102918       -0.31307846540034
C            1.65263018978726       -1.54503800419863       -1.38447099114221
C            2.64928801718834       -0.76672912067474       -1.97617779383183
C            3.45160295277646       -1.29872923630359       -2.96665913526438
C            3.28274972179163       -2.61020189241915       -3.38015800167761
C            2.30126139127554       -3.39027927407465       -2.79030684134262
C            1.49108775337759       -2.86794797416276       -1.80146120632938
C           -0.81988961311936       -0.08884583472269        0.92504802063225
C           -1.18134055456617       -1.07777388992744        1.80742116808259
C           -1.85375918045955       -0.77121389766419        2.99808955933509
C           -2.15468357451030        0.52623532126618        3.30407526557609
C           -1.76981922163589        1.57567684907052        2.44316325210299
C           -2.03704393494963        2.92534142431109        2.75728313684863
C           -1.62864022162355        3.93291043217210        1.92932659231584
C           -0.92223224247257        3.63487219039960        0.75409759322496
C           -0.65314045173836        2.33718496617501        0.41732675512886
C           -1.08279181972786        1.27129642365554        1.23721053578993
H           -1.76058395662480        0.51535987887123       -1.44806545929407
H           -0.29816119123059        0.15399153149296       -2.40626796314342
H           -1.40209100132676       -1.13991909544737       -1.95864116454302
H            2.78338361642005        0.25488869594739       -1.64861654228949
H            4.21586310517530       -0.68312262481038       -3.42019449407494
H            3.91330984030484       -3.02222145192345       -4.15435488096781
H            2.16336934702544       -4.41535680720364       -3.10478570593846
H            0.72706024897871       -3.47627298646439       -1.33776679182328
H           -0.95752056215658       -2.10742354815438        1.56935960523529
H           -2.13575395814250       -1.57172792691324        3.66644386922999
H           -2.68219312389370        0.76889516632922        4.21567128632359
H           -2.56531228202644        3.14784546173110        3.67371607017726
H           -1.83569012630270        4.96370534019940        2.17831174149052
H           -0.58668220903697        4.44129161780111        0.11785086172689
H           -0.08975588841400        2.11774597638852       -0.47745971411101
34
 energy: -49.109684117105 gnorm: 0.000911796861 xtb: 6.7.1 (edcfbbe)
C           -0.96508065680801       -0.20574412438378       -1.61613386092894
C           -0.18405624468098       -0.47219159196419       -0.35468312477216
N            0.93278097473089       -1.05701343419830       -0.31307370644782
C            1.65481978575454       -1.54002946404667       -1.38478780418016
C            2.65359194480854       -0.76368526016385       -1.97515772005327
C            3.45508037988754       -1.29720727055988       -2.96574140049392
C            3.28374271937092       -2.60814429403410       -3.37967006512817
C            2.30005533848071       -3.38631157468770       -2.79075985302183
C            1.49011377033654       -2.86237135692384       -1.80273516000829
C           -0.82147492260371       -0.09097714624278        0.92548099821317
C           -1.18534764528036       -1.07961978819016        1.80697039154612
C           -1.85723250719162       -0.77188488641270        2.99781379102688
C           -2.15485302298583        0.52606856347364        3.30451479384232
C           -1.76863327548046        1.57525816527611        2.44374628097632
C           -2.03405736630623        2.92538430794409        2.75706711748990
C           -1.62572620815226        3.93206131597873        1.92787195562068
C           -0.92035455669125        3.63259202354182        0.75240516744455
C           -0.65203960084194        2.33434149638061        0.41682822230491
C           -1.08223629271387        1.26961125521633        1.23764208563201
H           -1.75696743509831        0.51849785737168       -1.44889170198431
H           -0.30227047315471        0.13884363493405       -2.40991668946465
H           -1.41443756074844       -1.14285546665809       -1.94842289833354
H            2.78986243673696        0.25746629125671       -1.64731953632382
H            4.22080030763388       -0.68291161830402       -3.41861764911014
H            3.91372832408093       -3.02131015879028       -4.15352512926643
H            2.15999183147968       -4.41093382648712       -3.10566498404389
H            0.72417227252158       -3.46865693402194       -1.33959845740314
H           -0.96375317352563       -2.10963958538404        1.56849014775739
H           -2.14130299170434       -1.57201981889231        3.66582690200234
H           -2.68123283790868        0.76984002374548        4.21651778080223
H           -2.56157027821628        3.14874741820602        3.67391403705392
H           -1.83223991322171        4.96307404351830        2.17643594292803
H           -0.58482547090950        4.43782624630459        0.11456322688718
H           -0.08904765119776        2.11389495689684       -0.47799262436211
34
 energy: -49.109699072211 gnorm: 0.001584200424 xtb: 6.7.1 (edcfbbe)
C           -0.97418285839868       -0.21864077051354       -1.61327753348918
C           -0.18572749030015       -0.47449728386866       -0.35422942764125
N            0.93806486866909       -1.04590086101348       -0.31345151504721
C            1.65969964717298       -1.52969168288601       -1.38540980863831
C            2.66357965071509       -0.75749118130857       -1.97215137347673
C            3.46320922480094       -1.29337767900875       -2.96301489522536
C            3.28590538031421       -2.60270468943278       -3.37908190957392
C            2.29714723647110       -3.37689719744352       -2.79325072160971
C            1.48801149994135       -2.85030985596908       -1.80645147378566
C           -0.82442752970180       -0.09446256759508        0.92599671143413
C           -1.19419176840822       -1.08261155684319        1.80531625454949
C           -1.86477650012670       -0.77271200366779        2.99660870050829
C           -2.15542622193972        0.52628549403116        3.30499232812471
C           -1.76581536374952        1.57475331719757        2.44465550426667
C           -2.02799315718553        2.92575566684344        2.75671772567026
C           -1.61935080568340        3.93073949793172        1.92555643549008
C           -0.91517598361107        3.62882771244425        0.75000544679140
C           -0.64830892801612        2.32968427272870        0.41643805667994
C           -1.08036549116376        1.26690703532211        1.23859664541491
H           -1.74938454521774        0.52446501141229       -1.45201479552399
H           -0.31297388841198        0.09758175493289       -2.42056398287701
H           -1.44621872416724       -1.15293170497756       -1.92145868005733
H            2.80417280668877        0.26248569447624       -1.64270035736234
H            4.23278464950301       -0.68208203803427       -3.41355201323821
H            3.91605586979689       -3.01855497527049       -4.15150005958808
H            2.15290350735659       -4.40056484397142       -3.10957716384735
H            0.71788401950718       -3.45277972058211       -1.34541354587407
H           -0.97779990912861       -2.11351141649769        1.56579559914372
H           -2.15294777641957       -1.57241857090071        3.66348556565694
H           -2.67957787700082        0.77237938652998        4.21772463029629
H           -2.55457242162358        3.15069172376286        3.67386408774995
H           -1.82512904388165        4.96223952380571        2.17279717075505
H           -0.57939516053470        4.43235163716380        0.11008008910079
H           -0.08567691586577        2.10699287090136       -0.47813521857561
34
 energy: -49.109720105457 gnorm: 0.003607426394 xtb: 6.7.1 (edcfbbe)
C           -0.99401700983178       -0.24969204254199       -1.60682096238781
C           -0.18921218993557       -0.48023824822683       -0.35294790616124
N            0.94856303907990       -1.02378882438916       -0.31428413947114
C            1.66872916155089       -1.50963640253217       -1.38676654470085
C            2.68340742859170       -0.74525395185258       -1.96510414673874
C            3.48116269174736       -1.28512048592141       -2.95600064518171
C            3.29233291466654       -2.59104187173389       -3.37811137925398
C            2.29280548818826       -3.35762750120082       -2.80016591430164
C            1.48356526870450       -2.82620756058580       -1.81568503872259
C           -0.82948980547534       -0.10033108176061        0.92720988979551
C           -1.21173987267759       -1.08716445943277        1.80242659435114
C           -1.88040129639017       -0.77299035364169        2.99406934648046
C           -2.15814442797945        0.52807843219767        3.30508124257437
C           -1.76070375911879        1.57452485384931        2.44556657273366
C           -2.01743540480750        2.92720776293161        2.75513613138079
C           -1.60627283985831        3.92886264107000        1.92124034722913
C           -0.90200419756282        3.62245952889822        0.74680275707341
C           -0.63810047981816        2.32179708714448        0.41678974845008
C           -1.07568836338445        1.26248350701162        1.24062513294321
H           -1.73657319430222        0.53067709387366       -1.45952134070148
H           -0.33774171141486        0.00716509949214       -2.44176611338434
H           -1.51123395714025       -1.17857686237951       -1.86278935958459
H            2.83276541164250        0.27160656334571       -1.63002180730187
H            4.25788918628772       -0.67924450304124       -3.40158542106471
H            3.91961610291781       -3.00950891118446       -4.15062040069711
H            2.13817809795301       -4.37781849749483       -3.12273015008150
H            0.70488047527612       -3.42202685130566       -1.36024298329721
H           -1.00580235334826       -2.11995396420091        1.56133127234968
H           -2.17665915475465       -1.57188310017913        3.65851288056205
H           -2.67936037991459        0.77852416710766        4.21836422284259
H           -2.54355931910427        3.15542536747424        3.67181160136821
H           -1.81030675755534        4.96151721353940        2.16537183885785
H           -0.56424578391373        4.42353163186948        0.10484033728664
H           -0.07520300791711        2.09424452349979       -0.47661918704504
34
 energy: -49.109743291239 gnorm: 0.001260420056 xtb: 6.7.1 (edcfbbe)
C           -0.99439159279752       -0.25224584502777       -1.60633832382090
C           -0.18903451824749       -0.48042343440540       -0.35297306277542
N            0.94797102333530       -1.02453777165600       -0.31456290275095
C            1.66850874204507       -1.51072929897200       -1.38644379005362
C            2.68316322037650       -0.74592498054236       -1.96426215857236
C            3.48105480498656       -1.28456983315197       -2.95526383329661
C            3.29190477819350       -2.58981590767524       -3.37934873158132
C            2.29255250940048       -3.35688933213724       -2.80228945840140
C            1.48411311930051       -2.82686007788117       -1.81634936526976
C           -0.82882689164150       -0.09939155922319        0.92706388879720
C           -1.21072486770708       -1.08593362198342        1.80272721006414
C           -1.88028519446138       -0.77198489746775        2.99373710312270
C           -2.15984810824685        0.52890263073950        3.30401024339385
C           -1.76172973282677        1.57500907682803        2.44466934509738
C           -2.01860362283827        2.92758117954359        2.75479729562893
C           -1.60557911075052        3.92940454663807        1.92209988194957
C           -0.90029304436816        3.62334283125689        0.74814545844308
C           -0.63711956705937        2.32290692013472        0.41729842784445
C           -1.07577803692860        1.26319404171927        1.24030538371028
H           -1.73813841265969        0.52672579458777       -1.46243856136839
H           -0.34020936787407        0.00044020098054       -2.44116663826824
H           -1.51165159701655       -1.17946633119987       -1.85889691086688
H            2.83230416993833        0.27073285165659       -1.62836516621481
H            4.25831693573725       -0.67874141964477       -3.39983584536942
H            3.92025787219065       -3.00779914624065       -4.15189724194280
H            2.13868204269546       -4.37703594663523       -3.12540380603350
H            0.70566112435676       -3.42365135929786       -1.36184642432753
H           -1.00407801553873       -2.11871262020822        1.56228472225352
H           -2.17615439768747       -1.57071507610958        3.65835822198873
H           -2.68262792653087        0.77849590638311        4.21656672896033
H           -2.54548270848571        3.15603919132356        3.67077851115884
H           -1.80874492553230        4.96214784670048        2.16637840338791
H           -0.56138755353701        4.42505066560893        0.10767948982816
H           -0.07380114941934        2.09545477505822       -0.47582161851389
34
 energy: -49.109755934511 gnorm: 0.001509189904 xtb: 6.7.1 (edcfbbe)
C           -0.99618564560932       -0.25871527894032       -1.60555773915539
C           -0.18906585507995       -0.48108019923602       -0.35283901176361
N            0.94693583162691       -1.02647563041935       -0.31516493263800
C            1.66791803547207       -1.51318565713055       -1.38611775493132
C            2.68285649024819       -0.74715289634121       -1.96227318051734
C            3.48137926403115       -1.28307895459825       -2.95361913778227
C            3.29222532091678       -2.58730707899008       -3.38138162828592
C            2.29321645355440       -3.35577337975944       -2.80625860603244
C            1.48498372384369       -2.82839392738064       -1.81847654673380
C           -0.82770330416030       -0.09743994429466        0.92702179681370
C           -1.20865313634102       -1.08352270358119        1.80370977364199
C           -1.88061896699531       -0.76995313121184        2.99316012010190
C           -2.16408623008160        0.53072598056430        3.30153712642603
C           -1.76437203112758        1.57632762184354        2.44266928284981
C           -2.02126617767629        2.92881654413108        2.75373317024854
C           -1.60374342650209        3.93097321056517        1.92379782436724
C           -0.89597198215095        3.62537261798424        0.75101468177915
C           -0.63475022726319        2.32518648322664        0.41845068423708
C           -1.07600731721021        1.26483792736184        1.23973214025253
H           -1.74004566331917        0.52058048031863       -1.46623307850860
H           -0.34424882997497       -0.01368460679430       -2.44169273655820
H           -1.51511584493371       -1.18548437484135       -1.84929122963728
H            2.83144455532554        0.26891820167448       -1.62412927254169
H            4.25918297823093       -0.67674848238897       -3.39642290865942
H            3.92083614964347       -3.00299540012656       -4.15560017893975
H            2.13930316227685       -4.37497597529103       -3.13238372730423
H            0.70719397314690       -3.42750880832961       -1.36584623588260
H           -0.99966793707104       -2.11621991505445        1.56491465544374
H           -2.17571204566190       -1.56841490214586        3.65825665719822
H           -2.69023151106438        0.77894647326703        4.21242896674652
H           -2.55048048769530        3.15755603769050        3.66807073086967
H           -1.80493678435406        4.96395872887314        2.16856191554181
H           -0.55402065167314        4.42827536717654        0.11372861437705
H           -0.07059188197020        2.09763557187815       -0.47410375882190
34
 energy: -49.109763364241 gnorm: 0.000885003275 xtb: 6.7.1 (edcfbbe)
C           -0.99789403762585       -0.26278839976890       -1.60461523037013
C           -0.18902081901898       -0.48194251670635       -0.35220002192116
N            0.94699430014111       -1.02768370289918       -0.31505722526307
C            1.66779729044561       -1.51448838532098       -1.38594368775673
C            2.68297144811723       -0.74750874117921       -1.96087671426001
C            3.48171708249477       -1.28173243320127       -2.95287603235632
C            3.29255230979615       -2.58536629723107       -3.38283325426063
C            2.29369059092201       -3.35480689953926       -2.80882877948810
C            1.48521086883723       -2.82907021529152       -1.82019282487911
C           -0.82709978037964       -0.09674615884007        0.92747044316247
C           -1.20766137186571       -1.08259905361336        1.80471693937456
C           -1.88141307742306       -0.76895102627222        2.99306997601911
C           -2.16684193261035        0.53171912009545        3.30003279742114
C           -1.76608139481859        1.57715409501284        2.44148516525728
C           -2.02278090248344        2.92974247031868        2.75256798591036
C           -1.60232204417143        3.93193987675620        1.92423729000862
C           -0.89286399677147        3.62622850989162        0.75237093670146
C           -0.63302293273219        2.32595426334684        0.41911091146318
C           -1.07604254408260        1.26555994535925        1.23951187286658
H           -1.73961729063244        0.51916574764552       -1.46698917832316
H           -0.34659222913541       -0.02265446186252       -2.44340995704237
H           -1.51954126193066       -1.19031117363589       -1.84277260346544
H            2.83114974626590        0.26809180192018       -1.62112373369927
H            4.25965545864744       -0.67476586194714       -3.39458743845265
H            3.92108817317123       -2.99954956901139       -4.15775667421446
H            2.13989086283012       -4.37353165694967       -3.13648694060948
H            0.70777765628373       -3.42947234077147       -1.36858902006254
H           -0.99708367934760       -2.11520837223007        1.56690383282587
H           -2.17651729072476       -1.56724701619753        3.65838956920448
H           -2.69500056477983        0.77983049344900        4.20977046922364
H           -2.55382571516052        3.15846529973932        3.66588641472613
H           -1.80240629071120        4.96507862426505        2.16936020941877
H           -0.54870510103798        4.42943263767338        0.11662009360867
H           -0.06816153010762        2.09806139669532       -0.47296911456646
34
 energy: -49.109771207550 gnorm: 0.000651951414 xtb: 6.7.1 (edcfbbe)
C           -1.00092093859092       -0.26931279120737       -1.60187407357357
C           -0.18870533748004       -0.48413955150086       -0.35050615353550
N            0.94785640536406       -1.02913975971723       -0.31435176709788
C            1.66782380903942       -1.51583263704157       -1.38580423691691
C            2.68344149284890       -0.74740991305406       -1.95855103304149
C            3.48233059380642       -1.27893061150168       -2.95184940774047
C            3.29328163553776       -2.58159671066090       -3.38508796724886
C            2.29456992060125       -3.35253520742716       -2.81286492284898
C            1.48545066259131       -2.82936248694570       -1.82318530083819
C           -0.82620043715016       -0.09660244342580        0.92869107151831
C           -1.20672748758724       -1.08184287289264        1.80679432418373
C           -1.88358837980314       -0.76752556265101        2.99319893870812
C           -2.17162624776933        0.53319903101067        3.29752659661786
C           -1.76876001888892        1.57822759928803        2.43946320832334
C           -2.02497665926222        2.93111049370132        2.74984156896320
C           -1.59960779513791        3.93304294047184        1.92379211742397
C           -0.88715304062012        3.62662210221832        0.75382730812042
C           -0.62949053096547        2.32598905036860        0.42012516669623
C           -1.07577465008534        1.26596393334580        1.23925447706367
H           -1.73681656957483        0.51889403748756       -1.46721330595915
H           -0.35103387898446       -0.03950086368635       -2.44595381336828
H           -1.52947127530682       -1.19638190751080       -1.83071183399941
H            2.83130611166497        0.26717303677558       -1.61575043901774
H            4.26022142001662       -0.67066303250202       -3.39188492924686
H            3.92135713014658       -2.99337090075925       -4.16134452520195
H            2.14052059129875       -4.37031083744045       -3.14335607008696
H            0.70817845746250       -3.43137953550521       -1.37343660732805
H           -0.99372131935809       -2.11433105728537        1.57068100292667
H           -2.17918560394374       -1.56535176370038        3.65892249264888
H           -2.70296543617536        0.78199023064453        4.20524738446684
H           -2.55917562970373        3.15989852302791        3.66142132467990
H           -1.79811074714575        4.96643043647099        2.16928277924402
H           -0.53912068760877        4.42970662481061        0.11999133868011
H           -0.06320555883491        2.09727240649369       -0.47093823701381
34
 energy: -49.109776839377 gnorm: 0.001032832871 xtb: 6.7.1 (edcfbbe)
C           -1.00327845846746       -0.27445200964980       -1.59897728338450
C           -0.18843139298529       -0.48645418556639       -0.34877447859131
N            0.94904547451706       -1.02970493363106       -0.31336025491864
C            1.66842031124320       -1.51595891182088       -1.38553074013615
C            2.68437456118846       -0.74660664360738       -1.95662200798800
C            3.48298359740352       -1.27610713340567       -2.95121751477634
C            3.29353779663862       -2.57783938521669       -3.38716767758939
C            2.29464864886396       -3.34967714564381       -2.81646108512873
C            1.48549519761720       -2.82844606848019       -1.82569661782677
C           -0.82573513955675       -0.09751524650436        0.93010553913252
C           -1.20708026457024       -1.08195719016671        1.80877024390055
C           -1.88621485807060       -0.76658181607378        2.99362895659826
C           -2.17549286588834        0.53433495212823        3.29578213839894
C           -1.77052343416928        1.57873325316863        2.43789579281911
C           -2.02620856001624        2.93196800877436        2.74711823534601
C           -1.59714554054487        3.93329263416252        1.92225090738182
C           -0.88220918745613        3.62578642529423        0.75409326865902
C           -0.62595484435053        2.32470878266774        0.42086699731587
C           -1.07516919750574        1.26541006120941        1.23928249608919
H           -1.73304260154638        0.51998512374235       -1.46670531462753
H           -0.35446537334776       -0.05447679377458       -2.44705402042055
H           -1.53936181409855       -1.19966186480424       -1.81966540317883
H            2.83210302361055        0.26723238701715       -1.61167178345860
H            4.26088693540147       -0.66691991413195       -3.38997619992856
H            3.92161544631365       -2.98823059045938       -4.16403291431064
H            2.14074180690966       -4.36693809151935       -3.14860970849242
H            0.70814168550419       -3.43134072044537       -1.37727723187714
H           -0.99302922452693       -2.11452543391262        1.57401792519369
H           -2.18279316521821       -1.56381902367137        3.65964530317145
H           -2.70917888251888        0.78416616248935        4.20186263113277
H           -2.56278107978869        3.16128665203899        3.65722040504103
H           -1.79472835734250        4.96693418303196        2.16745358775697
H           -0.53110162896681        4.42828593456573        0.12120164186057
H           -0.05806861387402        2.09508854189464       -0.46899935696250
34
 energy: -49.109788456375 gnorm: 0.001575852272 xtb: 6.7.1 (edcfbbe)
C           -1.00728785826355       -0.28348374966527       -1.59303915229084
C           -0.18784953686932       -0.49112748271411       -0.34512712739491
N            0.95204700420975       -1.02940216718891       -0.31114180303866
C            1.67018643059668       -1.51437808470241       -1.38506708079708
C            2.68679136416721       -0.74389997904113       -1.95352885725234
C            3.48452086279777       -1.27042010006094       -2.95044280765593
C            3.29403941578819       -2.57058070735783       -3.39056700385184
C            2.29466833929031       -3.34356237599526       -2.82221761273743
C            1.48566282955870       -2.82505184127329       -1.82984346416195
C           -0.82519899163185       -0.10058930228331        0.93333650930285
C           -1.20953019210351       -1.08325546805275        1.81258984358531
C           -1.89228976548204       -0.76525258191617        2.99478180903144
C           -2.18226401215057        0.53627122308895        3.29323852355336
C           -1.77290553639070        1.57913715656534        2.43543965755600
C           -2.02763556590907        2.93317256636918        2.74170923173525
C           -1.59262668867428        3.93282001431520        1.91786433533752
C           -0.87300917085130        3.62266157973479        0.75336221204638
C           -0.61855091549883        2.32059873779884        0.42228547751949
C           -1.07333553683547        1.26318921070057        1.23993489107596
H           -1.72419830276327        0.52369782350051       -1.46555077456698
H           -0.36048553649544       -0.08343518101405       -2.44821419282503
H           -1.55932368666399       -1.20348866324127       -1.79815843873846
H            2.83519466258253        0.26849863800819       -1.60479469257763
H            4.26250200455839       -0.65998105210632       -3.38732810958888
H            3.92131948255083       -2.97879992924346       -4.16912053742919
H            2.13963186433226       -4.35942659948040       -3.15816954661530
H            0.70756665882887       -3.42867346305650       -1.38373898921380
H           -0.99516772225694       -2.11628159388409        1.58019942480161
H           -2.19141072347479       -1.56115191754977        3.66129297398369
H           -2.71963187716574        0.78846768297534        4.19651942066178
H           -2.56810957207326        3.16423850324979        3.64911102132922
H           -1.78915436330693        4.96702534043471        2.16155353826011
H           -0.51681226157415        4.42352265979901        0.12123585604976
H           -0.04735310242506        2.08894110298668       -0.46500805889230
34
 energy: -49.109804869499 gnorm: 0.002432178451 xtb: 6.7.1 (edcfbbe)
C           -1.01335582650891       -0.29854624200863       -1.58311751342403
C           -0.18696683601182       -0.49908751168745       -0.33875798946751
N            0.95760994237326       -1.02750031117702       -0.30704044075004
C            1.67414533457031       -1.50983646347744       -1.38379593060088
C            2.69195655960414       -0.73823512770341       -1.94845535280661
C            3.48750596801477       -1.26055884062750       -2.94940453165674
C            3.29395601704936       -2.55787069352287       -3.39656727221293
C            2.29329068243617       -3.33196229527330       -2.83193022670911
C            1.48588223715447       -2.81738441883376       -1.83616193990053
C           -0.82501631997915       -0.10688883539859        0.93907319270523
C           -1.21608426682435       -1.08639836394190        1.81863099606800
C           -1.90365340145930       -0.76337992764777        2.99689986957319
C           -2.19258314970605        0.53947809769214        3.29008444408949
C           -1.77554873768256        1.57938745976997        2.43218114507486
C           -2.02857364186055        2.93491443440922        2.73294582482376
C           -1.58497396737965        3.93118440662767        1.90942040725524
C           -0.85801030889694        3.61599481069382        0.75093178673937
C           -0.60570997839298        2.31220692176626        0.42467502740630
C           -1.06963022441954        1.25844326175261        1.24177386406660
H           -1.70879635352894        0.52933238478870       -1.46459011220425
H           -0.37010136417110       -0.13183852305816       -2.44889878077438
H           -1.59173059422085       -1.20863154844996       -1.76259627761262
H            2.84193428134287        0.27208863226755       -1.59455053312790
H            4.26587187040719       -0.64881063928821       -3.38376650561815
H            3.92020071073281       -2.96344235010292       -4.17729783120395
H            2.13675557738918       -4.34597142504498       -3.17276428450630
H            0.70665175042101       -3.42166114787170       -1.39297464965122
H           -1.00361002819388       -2.12061700086842        1.58975472955107
H           -2.20803951547292       -1.55683878161042        3.66399033990564
H           -2.73499095401183        0.79565101181701        4.18927264077404
H           -2.57482120434882        3.16983012335581        3.63594660059831
H           -1.78051526483833        4.96648218691297        2.14926253999650
H           -0.49427519789380        4.41381370813436        0.11921127597073
H           -0.02877379529164        2.07665300730638       -0.45798803617004
34
 energy: -49.109818121909 gnorm: 0.002137055397 xtb: 6.7.1 (edcfbbe)
C           -1.01639129483522       -0.30692012850930       -1.57795297430203
C           -0.18674718020573       -0.50350313123317       -0.33528449717689
N            0.96086092263378       -1.02530273472726       -0.30477277336793
C            1.67669291995448       -1.50603938119294       -1.38297192105262
C            2.69520271148854       -0.73432970940602       -1.94602240503740
C            3.48930037699799       -1.25502612363845       -2.94901022800979
C            3.29383620652732       -2.55092222921309       -3.39933448264096
C            2.29252059047906       -3.32524738180083       -2.83613740848425
C            1.48622988339492       -2.81208494248833       -1.83877527977036
C           -0.82551982888336       -0.11092829209039        0.94223012584680
C           -1.22139336618382       -1.08865569852826        1.82143798125607
C           -1.91067230976462       -0.76256421616194        2.99796433109116
C           -2.19731399752980        0.54122969829259        3.28909003570648
C           -1.77597692207789        1.57932021441546        2.43102564755283
C           -2.02786131358492        2.93575130410150        2.72855657506732
C           -1.58063251645335        3.92984134148197        1.90432258541494
C           -0.85018640390950        3.61157847323323        0.74892498737551
C           -0.59868945361091        2.30681932042690        0.42591871050394
C           -1.06728703900943        1.25531307600752        1.24319275100048
H           -1.70139061348298        0.53015085077044       -1.46465583370134
H           -0.37570334251803       -0.15639838836212       -2.44816347967461
H           -1.60686567699821       -1.21118520560497       -1.74486393523982
H            2.84680300591241        0.27484083741791       -1.58956570516415
H            4.26813977342841       -0.64314083639816       -3.38230921235931
H            3.91881452059016       -2.95522302990048       -4.18176737514130
H            2.13399778315746       -4.33789924947734       -3.18011789599137
H            0.70607684958912       -3.41615550865171       -1.39694234978748
H           -1.01156639377818       -2.12376652658757        1.59405775947525
H           -2.21848618127458       -1.55458513246023        3.66520872970137
H           -2.74140802997971        0.79957277052828        4.18661219034904
H           -2.57643783225513        3.17326146755738        3.62943591644283
H           -1.77585965298446        4.96582827402004        2.14143544812633
H           -0.48319707067928        4.40759130901124        0.11683905340385
H           -0.01888912375280        2.06877890886824       -0.45420859521149
34
 energy: -49.109841067821 gnorm: 0.001223418673 xtb: 6.7.1 (edcfbbe)
C           -1.02244450835889       -0.32514530416593       -1.56814764070682
C           -0.18638933046835       -0.51190035418086       -0.32855168029973
N            0.96762685215476       -1.01910990150904       -0.30023899594994
C            1.68247790483599       -1.49673863619578       -1.38085193810898
C            2.70276477235580       -0.72558723492750       -1.94092986820602
C            3.49347745550767       -1.24368737875932       -2.94795135139535
C            3.29303131055392       -2.53649998121952       -3.40482501697361
C            2.29005210090163       -3.31061277640220       -2.84431232172759
C            1.48700773661079       -2.79976088814952       -1.84325398027844
C           -0.82726091682189       -0.11925914945011        0.94825267968385
C           -1.23453331728722       -1.09348227499988        1.82580598062179
C           -1.92596980390953       -0.76102977145915        2.99947012990620
C           -2.20574704248873        0.54486171629392        3.28787127261364
C           -1.77544659356269        1.57909359760266        2.42956352187516
C           -2.02452596251609        2.93741104790525        2.72073331247854
C           -1.57107642188406        3.92682359761590        1.89418253755968
C           -0.83471472551850        3.60215709900474        0.74438026746022
C           -0.58465594085029        2.29550111565386        0.42831101416670
C           -1.06214955403121        1.24874640597536        1.24650329116042
H           -1.68849257991492        0.52812687755707       -1.46644064101706
H           -0.38764437833960       -0.20649675780999       -2.44640289936767
H           -1.63460576659490       -1.21802645840781       -1.70936505012906
H            2.85813935924208        0.28144101514196       -1.58010199265076
H            4.27348697531070       -0.63220441646590       -3.37964086776891
H            3.91542270562539       -2.93876985771326       -4.19057840186866
H            2.12757769783529       -4.32079583189661       -3.19362192698458
H            0.70515608430982       -3.40307002095163       -1.40340746819213
H           -1.03216441326117       -2.13066035307700        1.60068402588995
H           -2.24153258927252       -1.55011635707878        3.66659127135115
H           -2.75197751864058        0.80729117106207        4.18284318558910
H           -2.57680558323416        3.18062951797255        3.61771828520831
H           -1.76582603558504        4.96429137004712        2.12512547453764
H           -0.46233261237005        4.39457737912588        0.11101678000409
H            0.00007464006853        2.05200179356182       -0.44703451228005
34
 energy: -49.109856143422 gnorm: 0.000695742550 xtb: 6.7.1 (edcfbbe)
C           -1.02978611526452       -0.34707359529416       -1.55947865440665
C           -0.18659444212580       -0.51965380342437       -0.32274044441850
N            0.97382214484607       -1.01145449420132       -0.29632574525272
C            1.68832084880080       -1.48667271966088       -1.37836935833372
C            2.71098291314657       -0.71647579079030       -1.93518679600212
C            3.49825897614582       -1.23206101600588       -2.94611121457016
C            3.29240169030604       -2.52162553446851       -3.40988049241728
C            2.28780135654930       -3.29538793194109       -2.85193001696549
C            1.48812925368891       -2.78671297372058       -1.84711015184654
C           -0.82947238628965       -0.12631244005888        0.95315706127765
C           -1.24855117949579       -1.09740184552551        1.82825749312918
C           -1.94180245837562       -0.75918113430765        2.99932668699954
C           -2.21349712420122        0.54879623659365        3.28655150638360
C           -1.77399354276767        1.57936642896746        2.42861567698642
C           -2.01948487978814        2.93949876724420        2.71451403187215
C           -1.55990115882753        3.92444105774532        1.88594383460039
C           -0.81916270350905        3.59376064518384        0.74058443990192
C           -0.57152536616046        2.28543082275885        0.43040505018994
C           -1.05708505112861        1.24315262243217        1.24967343650382
H           -1.67882438057429        0.52075093561613       -1.47187884916851
H           -0.40190813517511       -0.26155034324150       -2.44590107590078
H           -1.66134851487867       -1.22991314108676       -1.67179301627659
H            2.87066036399467        0.28826283350809       -1.56977180395017
H            4.28014170525476       -0.62157001732734       -3.37579383912414
H            3.91190851216895       -2.92158881541645       -4.19936143275469
H            2.12071945124877       -4.30283670923065       -3.20694215816273
H            0.70459615578774       -3.38937527858019       -1.40932172992225
H           -1.05494711010937       -2.13661075456384        1.60430497878547
H           -2.26572087431525       -1.54560330645561        3.66557528331753
H           -2.76115678842896        0.81452859618472        4.17963475405257
H           -2.57465105832713        3.18823396449857        3.60809118676528
H           -1.75316480551000        4.96340125265604        2.11126547848895
H           -0.44168703036162        4.38315977652358        0.10647397154938
H            0.01652173407829        2.03627770508944       -0.44108161512971
34
 energy: -49.109869547125 gnorm: 0.000674252961 xtb: 6.7.1 (edcfbbe)
C           -1.03721168274887       -0.36645763417038       -1.55506666736590
C           -0.18800298634894       -0.52455478340265       -0.32045744283591
N            0.97721316389647       -1.00450308384494       -0.29480628432376
C            1.69212598876428       -1.47946355672208       -1.37660872949375
C            2.71706568929625       -0.71021099646303       -1.93065000784993
C            3.50249812153476       -1.22427047883145       -2.94366862200842
C            3.29281692721460       -2.51152920219120       -3.41228546274422
C            2.28683845240672       -3.28486634533882       -2.85634752990746
C            1.48903392062946       -2.77756097860857       -1.84934020672153
C           -0.83215073752372       -0.12930075391571        0.95441657056362
C           -1.25898549041392       -1.09883684673571        1.82720035964449
C           -1.95258268998140       -0.75764046001758        2.99715105490233
C           -2.21773886891564        0.55158295383413        3.28516718805121
C           -1.77218099164859        1.58023677466229        2.42826856858045
C           -2.01358807877205        2.94147509079739        2.71262945802535
C           -1.54991143437651        3.92398667858826        1.88360473925933
C           -0.80869653342812        3.58999747170460        0.73943034478568
C           -0.56465012022390        2.28074880353663        0.43101401898513
C           -1.05450968466521        1.24087774320649        1.25085544679408
H           -1.67642351848745        0.50952911676140       -1.47973235381127
H           -0.41508904017047       -0.30361443965040       -2.44645548996921
H           -1.67895656808736       -1.24356663933830       -1.64584011751332
H            2.87945315391818        0.29292305387662       -1.56214740722394
H            4.28596362153760       -0.61463774324499       -3.37168406451037
H            3.91051821551829       -2.90978874070701       -4.20398044939537
H            2.11702474732689       -4.29064321010931       -3.21450565112565
H            0.70454949818780       -3.38002634611446       -1.41292038915058
H           -1.07097630672491       -2.13903068253884        1.60316421444233
H           -2.28226676554744       -1.54272438997412        3.66205442730050
H           -2.76544515836050        0.81895083289692        4.17769950093004
H           -2.56948410753777        3.19307462340928        3.60486224444802
H           -1.74055359571016        4.96382553420670        2.10688049130999
H           -0.42868792581534        4.37797975823398        0.10513459162526
H            0.02299078565935        2.02803887590559       -0.43963986749618
34
 energy: -49.109873926684 gnorm: 0.004128417450 xtb: 6.7.1 (edcfbbe)
C           -1.05802061245718       -0.41651798132703       -1.54421439562242
C           -0.19236949191990       -0.53681255748053       -0.31587021010628
N            0.98519567796192       -0.98656686608193       -0.29217324124543
C            1.70075651208749       -1.46205464161361       -1.37338154698089
C            2.73170855390960       -0.69478252893876       -1.91931686048101
C            3.51373067464135       -1.20464143065102       -2.93688425477614
C            3.29583869207036       -2.48643388995572       -3.41734474193880
C            2.28621857301273       -3.25910277615673       -2.86732024623160
C            1.49115034682201       -2.75540663194785       -1.85620596957193
C           -0.83912223253849       -0.13589924462492        0.95652852806945
C           -1.28368280427432       -1.10177099084925        1.82443207199982
C           -1.97909460215129       -0.75371221385721        2.99134775840669
C           -2.22948245184516        0.55836258721925        3.28046554204167
C           -1.76879209783822        1.58265142192708        2.42638125244903
C           -1.99883517408309        2.94654237634343        2.70838096736176
C           -1.52362336493119        3.92370421170705        1.87960824943743
C           -0.78221602819603        3.58199379308827        0.73749451479522
C           -0.54878159161740        2.27039940044226        0.43151796377334
C           -1.04925911103350        1.23604289183254        1.25228506255438
H           -1.66829506995819        0.48501204236674       -1.50001774716401
H           -0.44979931622528       -0.41825185944112       -2.45170002063307
H           -1.73203390870209       -1.27839341362338       -1.57532222371347
H            2.90006688373330        0.30414660603352       -1.54215253754969
H            4.30136598453566       -0.59656322858591       -3.35949125499395
H            3.91010524627456       -2.88047028121130       -4.21376487919571
H            2.10998790699020       -4.26069770211526       -3.23410834498964
H            0.70361879451922       -3.35749984237725       -1.42460931512093
H           -1.10747667836735       -2.14411278660231        1.60040067913445
H           -2.32198740230790       -1.53569175318917        3.65331921575527
H           -2.77771293398866        0.83025851890541        4.17132865868457
H           -2.55621995897180        3.20432600519606        3.59791207890644
H           -1.70583145374089        4.96563622764646        2.10026432718450
H           -0.39455244515697        4.36656934358920        0.10348860248923
H            0.03744488414940        2.00973719403409       -0.43788120652720
34
 energy: -49.109902315165 gnorm: 0.001364087345 xtb: 6.7.1 (edcfbbe)
C           -1.06080363231799       -0.42081216152132       -1.54615164043272
C           -0.19482105848954       -0.53697683860558       -0.31824894380427
N            0.98400676209414       -0.98305358013181       -0.29392426210279
C            1.70032517693216       -1.46050571453249       -1.37380913399615
C            2.73184806184641       -0.69390146894195       -1.91953030313536
C            3.51467603117818       -1.20474906877520       -2.93599069936640
C            3.29729593253601       -2.48695850567919       -3.41516144600786
C            2.28751099845267       -3.25917565452796       -2.86482922236599
C            1.49133992448920       -2.75445568924765       -1.85510838054367
C           -0.84136266093582       -0.13467355957097        0.95388160254357
C           -1.28555398127633       -1.10103924105995        1.82138595685361
C           -1.97960399539983       -0.75376322159437        2.98930142812526
C           -2.22780991885871        0.55823796942308        3.28032108985712
C           -1.76731049911585        1.58302910331971        2.42682927700666
C           -1.99460000164582        2.94681252627790        2.71157719499167
C           -1.52023637022279        3.92463475225619        1.88325491754763
C           -0.78324371731351        3.58355105240647        0.73811155725898
C           -0.55223857680029        2.27206815349821        0.42948599185508
C           -1.05061375538222        1.23713020218232        1.25067030104190
H           -1.67521986362521        0.47577338929418       -1.50290203711233
H           -0.45321863134413       -0.41829155105535       -2.45076608826569
H           -1.72873750844395       -1.28355538886413       -1.57929831093315
H            2.89982670598785        0.30519576285491       -1.54296622703540
H            4.30265884738040       -0.59702579591122       -3.35841395391366
H            3.91209365514605       -2.88167842249960       -4.21068284674303
H            2.11168908968053       -4.26119515437781       -3.23051559282414
H            0.70358571510714       -3.35615149948667       -1.42341595306879
H           -1.10980796114186       -2.14310165831014        1.59588953778489
H           -2.32258727143674       -1.53620064884887        3.65060135468967
H           -2.77398387722966        0.83015422666702        4.17245316135854
H           -2.54924205525948        3.20365857952649        3.60311119332167
H           -1.69993578988190        4.96644736265029        2.10667280078937
H           -0.39664590608538        4.36849606479825        0.10392225542531
H            0.03072013177919        2.01207567808832       -0.44235810259839
34
 energy: -49.109924031668 gnorm: 0.001642824594 xtb: 6.7.1 (edcfbbe)
C           -1.07865266890735       -0.45684167737249       -1.54347655668303
C           -0.20297676513653       -0.54464924856162       -0.32054386448227
N            0.98546195291435       -0.96519285707460       -0.29638704206553
C            1.70373945175234       -1.44638451139345       -1.37369675420386
C            2.74017916816426       -0.68245673561620       -1.91391259854397
C            3.52364739485168       -1.19341149597926       -2.92983528263672
C            3.30293699927442       -2.47362126071702       -3.41268655502578
C            2.28961327667902       -3.24401518089548       -2.86624978645656
C            1.49188468107763       -2.73877598643639       -1.85796156050231
C           -0.85087161327427       -0.13737840911595        0.94989642118542
C           -1.30419980148649       -1.10208999516387        1.81446610572822
C           -1.99564539087120       -0.75180787637750        2.98301327140002
C           -2.23095593601056        0.56170775517898        3.27775576892463
C           -1.76238064726906        1.58455921805100        2.42639048162651
C           -1.97701116210151        2.94965063875413        2.71511856356231
C           -1.49763977110156        3.92542073719861        1.88740278132689
C           -0.76947995860364        3.58070006114808        0.73761591496105
C           -0.54970059750791        2.26796829094706        0.42548008224182
C           -1.05064702577717        1.23538005721086        1.24798181404744
H           -1.68286230032632        0.44650112407529       -1.51975000603328
H           -0.48002438747461       -0.48396241066373       -2.45171899001664
H           -1.75545722000949       -1.31107482320981       -1.54683357460205
H            2.91006193811306        0.31496778219813       -1.53434965567752
H            4.31438696326162       -0.58705899437774       -3.34902057131605
H            3.91791180006266       -2.86820137412262       -4.20793356871034
H            2.11235819756724       -4.24511808023321       -3.23346691092742
H            0.70179111697876       -3.33923810994198       -1.42886225257019
H           -1.13575777545427       -2.14495449857962        1.58680410737359
H           -2.34623444665795       -1.53307290900365        3.64173986499964
H           -2.77379112271923        0.83696248132124        4.17097774324389
H           -2.52640538150442        3.20862440030983        3.60940050101821
H           -1.66744683699306        4.96816411312814        2.11475763708442
H           -0.38118541306268        4.36371833049912        0.10214648682578
H            0.02535328195556        2.00498144451703       -0.45086553889517
34
 energy: -49.109936864186 gnorm: 0.001889667717 xtb: 6.7.1 (edcfbbe)
C           -1.09968851979413       -0.49822582728281       -1.53906871635485
C           -0.21255869110605       -0.55378401461365       -0.32253098402818
N            0.98608677903086       -0.94481879915393       -0.29975962597542
C            1.70668977993276       -1.42884181667983       -1.37467889427430
C            2.74901682513691       -0.66780149990104       -1.90776400366961
C            3.53416346891691       -1.17868070261327       -2.92242819694464
C            3.31041584966858       -2.45680716248656       -3.40951329766680
C            2.29232738555888       -3.22506446921906       -2.86890282054416
C            1.49176679972841       -2.71919386689103       -1.86309549550545
C           -0.86186192711512       -0.14213868210872        0.94648597061454
C           -1.32600033875161       -1.10397799551424        1.80841876310251
C           -2.01498063531406       -0.74923519893126        2.97713137672255
C           -2.23620402664557        0.56600684986181        3.27473331265571
C           -1.75732276088276        1.58577221615454        2.42533317839663
C           -1.95727299258901        2.95241555793779        2.71740782384568
C           -1.47063371142579        3.92502180411697        1.89008545740120
C           -0.75134439174483        3.57523401405028        0.73626002685969
C           -0.54476179718065        2.26092004537117        0.42138051975819
C           -1.05029845491486        1.23184706956019        1.24538556171639
H           -1.68779649756207        0.41757606943139       -1.53954689017654
H           -0.51163106883451       -0.56696165952697       -2.45423999763927
H           -1.79320235032530       -1.34056501081486       -1.50305713480762
H            2.92115629238291        0.32765876639296       -1.52420646885702
H            4.32895443884871       -0.57414923497034       -3.33665883657225
H            3.92692046903005       -2.85165403786754       -4.20345446054984
H            2.11334617612422       -4.22484035022134       -3.23907754740410
H            0.69806866076152       -3.31808544813087       -1.43838721116416
H           -1.16632294173216       -2.14806113192697        1.57953770209025
H           -2.37392489026717       -1.52838391007624        3.63386409030201
H           -2.77596855914794        0.84551034998353        4.16852326112147
H           -2.50160925260587        3.21495914860041        3.61386038733045
H           -1.62898698418457        4.96891851372472        2.12071653338642
H           -0.35932532995323        4.35537392869790        0.09944497111463
H            0.02278319736029        1.99405648474850       -0.45880187808286
34
 energy: -49.109949567653 gnorm: 0.001742182213 xtb: 6.7.1 (edcfbbe)
C           -1.10434461703402       -0.50118409322074       -1.54072845969643
C           -0.21749920697867       -0.55408777455133       -0.32595643086288
N            0.98103770102761       -0.94051772883348       -0.30431324538086
C            1.70320711041649       -1.42499476875941       -1.37808506128760
C            2.74647979634294       -0.66446244123794       -1.90973688481065
C            3.53579214515734       -1.17727165207519       -2.92028893684102
C            3.31519593826652       -2.45709092681655       -3.40427278368298
C            2.29509264466333       -3.22432973099542       -2.86604232530456
C            1.49015281961491       -2.71631037165701       -1.86476168909635
C           -0.86602808020616       -0.14305896162254        0.94377850309963
C           -1.32843590766300       -1.10410450818276        1.80712690508968
C           -2.01508620633551       -0.74910585080747        2.97717340420213
C           -2.23496159442877        0.56583399248599        3.27506221725585
C           -1.75622180125631        1.58509539420366        2.42509961008969
C           -1.95180031355049        2.95144002546972        2.71982105111210
C           -1.46453404165047        3.92405840245607        1.89268100316621
C           -0.75009278883494        3.57419644429214        0.73614332908459
C           -0.54772329994931        2.25990941176787        0.41882563142148
C           -1.05264041851859        1.23095390387545        1.24313527497801
H           -1.69332760832803        0.41372879334170       -1.54314336750557
H           -0.51600527588995       -0.57076406697006       -2.45414392989939
H           -1.79735739441111       -1.34210238647174       -1.50473118160818
H            2.91645395234128        0.33202097473142       -1.52785060160662
H            4.33144058198002       -0.57305884913371       -3.33321994031956
H            3.93584391476317       -2.85456092601390       -4.19393719787060
H            2.11879391042497       -4.22534117355685       -3.23434029570175
H            0.69514676144681       -3.31453088054212       -1.44164415865260
H           -1.16860994811703       -2.14810793115469        1.57860762676662
H           -2.37292002840606       -1.52787028069218        3.63467186545275
H           -2.77341602472858        0.84608679221495        4.16937457975579
H           -2.49266370665660        3.21403975135671        3.61840701587415
H           -1.61894731293792        4.96772117460171        2.12614876265032
H           -0.35821819461159        4.35367150968521        0.09840841275027
H            0.01619649445154        1.99409873251412       -0.46387222642042
34
 energy: -49.109959008862 gnorm: 0.001003411809 xtb: 6.7.1 (edcfbbe)
C           -1.11464715638251       -0.51184315536015       -1.54117488192440
C           -0.22435145533111       -0.55693744041383       -0.32861363013950
N            0.97835894321212       -0.93251327471012       -0.30897333985643
C            1.70229943537256       -1.41738783580299       -1.38111161384637
C            2.74684627384705       -0.65763488319863       -1.91082890574094
C            3.54001046309776       -1.17252301862715       -2.91723792323008
C            3.32141728631217       -2.45347501134020       -3.39930455467854
C            2.29854383374526       -3.21927163216850       -2.86435570592588
C            1.49004254264980       -2.70921094750753       -1.86703498227991
C           -0.87177276990310       -0.14578638345549        0.94194810523621
C           -1.33574007729876       -1.10567372311490        1.80566006647904
C           -2.02016523525336       -0.74887252206512        2.97661694195797
C           -2.23513952698810        0.56679846027309        3.27545693927335
C           -1.75401636703388        1.58492921176575        2.42525236165102
C           -1.94345425705083        2.95176229188105        2.72137729694116
C           -1.45398975984260        3.92309798130625        1.89391100523823
C           -0.74406914970420        3.57125087061787        0.73530927016920
C           -0.54762005088087        2.25627258798234        0.41667526428257
C           -1.05396730780566        1.22878723550397        1.24185468928814
H           -1.70014801958477        0.40507050091405       -1.55003469998391
H           -0.52941932303834       -0.59118079699073       -2.45546429831306
H           -1.81146398384759       -1.34886338124490       -1.49618860404828
H            2.91545444554239        0.33953217600777       -1.53012224060671
H            4.33755874686709       -0.56939593533502       -3.32795131995239
H            3.94587667973083       -2.85325622170478       -4.18492963483959
H            2.12304737694397       -4.22063865032686       -3.23228195145578
H            0.69251432239198       -3.30611064237772       -1.44672945436787
H           -1.17967485093136       -2.15036200555388        1.57697289360149
H           -2.37970125263653       -1.52685058791026        3.63430452795705
H           -2.77123509663897        0.84850792580886        4.17068224802196
H           -2.48123056598338        3.21599116589035        3.62125977604822
H           -1.60311270867315        4.96716040502994        2.12892364516015
H           -0.35034741178392        4.34944801329313        0.09709841484290
H            0.01329597728400        1.98917922263605       -0.46756922875773
34
 energy: -49.109968307027 gnorm: 0.000565700003 xtb: 6.7.1 (edcfbbe)
C           -1.12694906865851       -0.52212401526930       -1.54252689418001
C           -0.23222361358045       -0.55875090814519       -0.33215221706946
N            0.97333384375783       -0.92556785958346       -0.31524785090595
C            1.69969755335023       -1.41009361716920       -1.38525778241375
C            2.74633345050982       -0.65082566349337       -1.91196068499887
C            3.54476091865810       -1.16784461321336       -2.91310300745593
C            3.32940598923693       -2.45025844481551       -3.39305371784990
C            2.30328015589947       -3.21477174469380       -2.86249864216565
C            1.48950856577284       -2.70263336246753       -1.87057271947978
C           -0.87768589567613       -0.14796345089387        0.93965485106626
C           -1.34329525713103       -1.10707393407433        1.80339383392125
C           -2.02426365096607       -0.74857760730898        2.97593963203961
C           -2.23438075586750        0.56773343967046        3.27622285021076
C           -1.75150657414678        1.58495003132776        2.42578274041214
C           -1.93521938426168        2.95233477239247        2.72307728312662
C           -1.44318117872485        3.92231910322208        1.89554774807744
C           -0.73707917328663        3.56852539154917        0.73518604535678
C           -0.54687256055473        2.25293962767647        0.41504077007062
C           -1.05499848565990        1.22701275843869        1.24094897576188
H           -1.70805582509318        0.39743170051989       -1.55768668047904
H           -0.54573783245886       -0.61222223799137       -2.45860230155127
H           -1.82770356943521       -1.35566824150410       -1.48676024819609
H            2.91229261704612        0.34765358547277       -1.53346051654410
H            4.34404067153241       -0.56550638077564       -3.32152073409663
H            3.95867932825909       -2.85207247826500       -4.17381309349358
H            2.12953931973147       -4.21673637190660       -3.22946069705764
H            0.69026830140550       -3.29894443195305       -1.45284106501668
H           -1.19070753364414       -2.15231925381483        1.57469862920280
H           -2.38494516176786       -1.52586070135980        3.63396495493220
H           -2.76780454887873        0.85022017095881        4.17277702169150
H           -2.47028751577892        3.21828141580129        3.62396281410414
H           -1.58722839562556        4.96687306240039        2.13160203992125
H           -0.34150503468090        4.34568498484211        0.09699185677441
H            0.01049030112200        1.98385527412772       -0.47087671751401
34
 energy: -49.109975100000 gnorm: 0.000415584324 xtb: 6.7.1 (edcfbbe)
C           -1.13820854085672       -0.52858408535276       -1.54430163343694
C           -0.24000850271502       -0.56014270963489       -0.33609822123093
N            0.96715979674863       -0.92141569484588       -0.32160035624611
C            1.69632438437309       -1.40555522899056       -1.38916746217349
C            2.74390863360508       -0.64576541610211       -1.91355407287368
C            3.54775576260075       -1.16418326162991       -2.90957996405267
C            3.33687702817815       -2.44824152566878       -3.38725779672721
C            2.30893135071797       -3.21261692684882       -2.86022341937043
C            1.48993554114647       -2.69924760162288       -1.87321181027584
C           -0.88317537286806       -0.14911639488077        0.93681417257136
C           -1.34929591973689       -1.10776102898449        1.80069203218246
C           -2.02616386450815       -0.74823133004995        2.97527799871114
C           -2.23230420592551        0.56833784067512        3.27727744006777
C           -1.74890860202592        1.58500050893267        2.42656997553368
C           -1.92827342292723        2.95277734204514        2.72501862788583
C           -1.43464533730008        3.92176232231899        1.89738021002667
C           -0.73167653146248        3.56678414606286        0.73537001156686
C           -0.54653022210967        2.25096629885582        0.41365075876256
C           -1.05607499968542        1.22602042170385        1.23994988740183
H           -1.71620546352894        0.39313357786993       -1.56372073292451
H           -0.55950804333108       -0.62626183060773       -2.46134756343896
H           -1.84102535976732       -1.35989968834352       -1.48080490948927
H            2.90711613766799        0.35389945606353       -1.53670282233027
H            4.34884780283808       -0.56217179341360       -3.31511363952432
H            3.97126587429058       -2.85130050668919       -4.16315550294971
H            2.13778704291867       -4.21547946318714       -3.22590835110140
H            0.68924669446277       -3.29553437455017       -1.45814892809804
H           -1.20019878455344       -2.15332162705879        1.57114164251158
H           -2.38693785429374       -1.52504818953954        3.63378360140859
H           -2.76251481334566        0.85098628934665        4.17569599294417
H           -2.46141098753449        3.21985479051178        3.62671901997117
H           -1.57520990197552        4.96663960650655        2.13404209123292
H           -0.33474756000232        4.34348315135402        0.09750109909438
H            0.00786824130971        1.98023292545646       -0.47359089942782
34
 energy: -49.109979800032 gnorm: 0.000521534513 xtb: 6.7.1 (edcfbbe)
C           -1.14648861334086       -0.53168591205272       -1.54621523206266
C           -0.24586228955514       -0.56048407537225       -0.33971344331918
N            0.96164928471819       -0.91966241490323       -0.32658811998710
C            1.69315690217069       -1.40372130582927       -1.39209087147628
C            2.74118918805157       -0.64295135948784       -1.91441306595067
C            3.54965103386817       -1.16187161755930       -2.90631421436288
C            3.34296205889275       -2.44725167671697       -3.38238576749504
C            2.31416036335477       -3.21230665393540       -2.85801451121477
C            1.49067458915879       -2.69856419109341       -1.87493332807847
C           -0.88720809777912       -0.14937376726102        0.93415460658974
C           -1.35398791269826       -1.10797447284860        1.79783309531684
C           -2.02701177847968       -0.74812627074578        2.97451116355647
C           -2.22943326560201        0.56861070613429        3.27842681232242
C           -1.74636290055052        1.58502620725606        2.42732477553741
C           -1.92299117750476        2.95298853419308        2.72678035545409
C           -1.42904529892816        3.92150443332097        1.89889843647079
C           -0.72836529463179        3.56609329917510        0.73553743320437
C           -0.54651373030648        2.25026804743693        0.41247019270277
C           -1.05658991398944        1.22572112965132        1.23903551867446
H           -1.72315745193056        0.39049012673894       -1.56692186769611
H           -0.57011302962865       -0.63285484573713       -2.46424240929516
H           -1.85068423121421       -1.36156356424373       -1.47825032998791
H            2.90115828144263        0.35781726875898       -1.53921192609545
H            4.35074419841626       -0.55901564107903       -3.31040898564758
H            3.98109677283539       -2.85043452241991       -4.15509002032159
H            2.14619534962380       -4.21628387855085       -3.22213897782077
H            0.68987380401048       -3.29568607119270       -1.46133178850068
H           -1.20778757117814       -2.15360539856790        1.56686773123100
H           -2.38747462947702       -1.52476003329733        3.63341784836131
H           -2.75652065247546        0.85130247828535        4.17870116558122
H           -2.45409027512675        3.22048660965444        3.62956489502615
H           -1.56736252378605        4.96654256724804        2.13625583568254
H           -0.33097003243433        4.34268020869376        0.09782433064202
H            0.00550884447833        1.97864605604898       -0.47594286083993
34
 energy: -49.109983606440 gnorm: 0.000459688941 xtb: 6.7.1 (edcfbbe)
C           -1.15367600410053       -0.53418463722704       -1.54799270559229
C           -0.25142362180494       -0.56140208980962       -0.34298069952429
N            0.95643694789997       -0.91904995686075       -0.33046444763662
C            1.69022945910767       -1.40299384072181       -1.39418716331319
C            2.73804359804305       -0.64067067578087       -1.91487072847185
C            3.55029900051164       -1.15917629708852       -2.90383946892042
C            3.34802027965136       -2.44579771898136       -3.37835564643317
C            2.31950156686332       -3.21233085701035       -2.85563640157323
C            1.49195604814833       -2.69897495192120       -1.87576492398925
C           -0.89113237291462       -0.14967161886559        0.93163222316460
C           -1.35903431719998       -1.10813778332018        1.79485302570092
C           -2.02804220481310       -0.74802851441028        2.97367715267123
C           -2.22609777868536        0.56889270608650        3.27970987239266
C           -1.74325730922864        1.58504981936218        2.42823727243120
C           -1.91719434342240        2.95317121182209        2.72882281355489
C           -1.42378861268001        3.92136504890098        1.90032047735153
C           -0.72591853210603        3.56557525899845        0.73531564136099
C           -0.54665297145800        2.24970787177651        0.41116182968487
C           -1.05673337953500        1.22542841302380        1.23814797582089
H           -1.72862425456911        0.38964044832923       -1.57028254114298
H           -0.57884145998237       -0.63867572323305       -2.46663618720477
H           -1.85907931966261       -1.36243262307370       -1.47686208512651
H            2.89500791035817        0.36085566566651       -1.54044598685134
H            4.35153712517584       -0.55520600639272       -3.30611986249629
H            3.98959931951602       -2.84870055520428       -4.14829316679590
H            2.15493698760574       -4.21735569059683       -3.21846564583217
H            0.69144270972225       -3.29736329392183       -1.46341313386609
H           -1.21611998721301       -2.15379391633118        1.56200076383149
H           -2.38876708728800       -1.52452022896142        3.63262345572090
H           -2.74978148825151        0.85191070376786        4.18188857659045
H           -2.44623468257008        3.22085766646920        3.63278239496381
H           -1.56071665978432        4.96646306892224        2.13818807684489
H           -0.32889576033598        4.34199285800385        0.09719440176255
H            0.00300119540674        1.97755623828513       -0.47854868287609
34
 energy: -49.109986628368 gnorm: 0.000405441747 xtb: 6.7.1 (edcfbbe)
C           -1.15901293886354       -0.53561528585322       -1.55027402731624
C           -0.25604175649796       -0.56209173594386       -0.34604817750118
N            0.95177088062867       -0.91952114616845       -0.33322081639572
C            1.68760164403794       -1.40341836852911       -1.39543001404632
C            2.73446466298531       -0.63907056322006       -1.91508322668217
C            3.55016794045913       -1.15667569278826       -2.90163315788336
C            3.35220886840835       -2.44445241981036       -3.37479802207646
C            2.32465037504415       -3.21294698572023       -2.85308133171926
C            1.49371359784354       -2.70056801737273       -1.87553673888446
C           -0.89463007184257       -0.14972362694120        0.92909201265909
C           -1.36357044731364       -1.10804913941768        1.79184201494336
C           -2.02907644237181       -0.74790958991361        2.97258534461341
C           -2.22278412004337        0.56908770993658        3.28081677299933
C           -1.74001047721329        1.58507748654604        2.42914982703512
C           -1.91140749967964        2.95321928804104        2.73116982289348
C           -1.41924015120131        3.92138596618696        1.90188381093456
C           -0.72471034793759        3.56548164184069        0.73490714701036
C           -0.54749551101356        2.24960134819817        0.40963108421949
C           -1.05690247033020        1.22534202336699        1.23709272924356
H           -1.73308301603911        0.38849906952371       -1.57280765979742
H           -0.58560277253572       -0.64179359576650       -2.46950978253667
H           -1.86570546828276       -1.36267315194010       -1.47687847747507
H            2.88832031599325        0.36309641200842       -1.54107478273778
H            4.35075939046243       -0.55109026598586       -3.30278613369034
H            3.99655113831845       -2.84673895694070       -4.14273961748889
H            2.16366088996021       -4.21898433420905       -3.21479229804075
H            0.69385255536771       -3.30058433104148       -1.46419810328368
H           -1.22390240408836       -2.15368808760412        1.55696172060692
H           -2.39017506631415       -1.52430508513214        3.63137740727841
H           -2.74309679571464        0.85245626719876        4.18483251223265
H           -2.43788469898657        3.22082489769661        3.63666603731079
H           -1.55462808494519        4.96651080672582        2.14070872759685
H           -0.32850413887519        4.34183984537495        0.09615231550573
H           -0.00025757901439        1.97747761735593       -0.48158044332589
34
 energy: -49.109987695374 gnorm: 0.000191608644 xtb: 6.7.1 (edcfbbe)
C           -1.15875050490427       -0.53571044899946       -1.55086816027714
C           -0.25633799527382       -0.56241993602802       -0.34606286075379
N            0.95153402421586       -0.92023225615185       -0.33256771941913
C            1.68749029378158       -1.40375247399721       -1.39495823553085
C            2.73408959732045       -0.63899304481718       -1.91457993334236
C            3.54987999391927       -1.15618699968276       -2.90125885842757
C            3.35221625398480       -2.44398787076725       -3.37451888475863
C            2.32484684762861       -3.21284137423492       -2.85286958415304
C            1.49376411555956       -2.70083202085110       -1.87525690771399
C           -0.89525495902080       -0.14994471386857        0.92888445193446
C           -1.36421546623691       -1.10814258291497        1.79177062366059
C           -2.02947293703579       -0.74785202859571        2.97263693831224
C           -2.22252238372182        0.56919265854694        3.28101375473261
C           -1.73969176750787        1.58507419507440        2.42920307562512
C           -1.91021286055739        2.95316725435219        2.73166592183495
C           -1.41840472972319        3.92136859402996        1.90211003551273
C           -0.72508656921963        3.56541250996674        0.73448798075475
C           -0.54832714282637        2.24946416800811        0.40902271519073
C           -1.05728044020471        1.22521624894089        1.23678077727661
H           -1.73270088734932        0.38857060519253       -1.57373320868584
H           -0.58456694720789       -0.64178943064808       -2.46978476146993
H           -1.86550023277367       -1.36293907073821       -1.47843291996820
H            2.88736860988317        0.36327363115541       -1.54066843471905
H            4.34996862966537       -0.55016742469779       -3.30272377476887
H            3.99649152357046       -2.84606208951088       -4.14265862967716
H            2.16425896088817       -4.21889822097832       -3.21465663728622
H            0.69428951610818       -3.30124760526638       -1.46378654187851
H           -1.22454749398378       -2.15381667533980        1.55707163306476
H           -2.39075812153495       -1.52417201522112        3.63141402375826
H           -2.74256317122376        0.85277291668812        4.18509188001174
H           -2.43562492274683        3.22079034589663        3.63776724354818
H           -1.55308410167807        4.96646278859075        2.14135844078439
H           -0.32939277986497        4.34168740300805        0.09527096302472
H           -0.00190195152505        1.97753496356086       -0.48276792999511
34
 energy: -49.109989752826 gnorm: 0.000337996142 xtb: 6.7.1 (edcfbbe)
C           -1.15743824252037       -0.53611804357282       -1.55295048052176
C           -0.25742763455548       -0.56349480083014       -0.34625791266008
N            0.95030085421219       -0.92223965316297       -0.33060367282335
C            1.68681361481497       -1.40481833131194       -1.39335282201981
C            2.73209861951618       -0.63847412669796       -1.91327515274902
C            3.54814725678394       -1.15425739681741       -2.90047710539538
C            3.35192100990027       -2.44224988308844       -3.37381589344043
C            2.32580070025568       -3.21262802831326       -2.85187486934143
C            1.49443560346446       -2.70201621705749       -1.87373856354658
C           -0.89734329274544       -0.15063689309547        0.92805112066493
C           -1.36620797094860       -1.10838750244798        1.79145116457458
C           -2.03082028331722       -0.74761952892184        2.97260951575424
C           -2.22178376762288        0.56955363661674        3.28151566754484
C           -1.73848369575211        1.58508474919798        2.42944274626659
C           -1.90608590414510        2.95310007662324        2.73335413633796
C           -1.41533289656798        3.92127080808306        1.90297906613284
C           -0.72628776854607        3.56500779398641        0.73304789081112
C           -0.55122735513169        2.24888412312678        0.40687604054104
C           -1.05859146933135        1.22477704367700        1.23568070219291
H           -1.73142318675063        0.38814914864428       -1.57657103373651
H           -0.58101805570769       -0.64151868294742       -2.47075324996989
H           -1.86407904966484       -1.36375039672038       -1.48309076157506
H            2.88409442411641        0.36382558241683       -1.53898317647060
H            4.34730866580767       -0.54715246322869       -3.30209874864109
H            3.99630689695553       -2.84356795335466       -4.14229347628317
H            2.16635502175605       -4.21865238725767       -3.21419788296794
H            0.69577936597907       -3.30351792222316       -1.46234016777068
H           -1.22706917465299       -2.15417770053727        1.55700635809808
H           -2.39269782168747       -1.52370005577417        3.63133943244841
H           -2.74050684918719        0.85377063324291        4.18612594422236
H           -2.42841783061233        3.22088138011962        3.64118602899804
H           -1.54780916844171        4.96633495061414        2.14348041956517
H           -0.33207688307536        4.34096152150362        0.09247801381644
H           -0.00723373219327        1.97737651921050       -0.48655280185531
34
 energy: -49.109990681448 gnorm: 0.000290219547 xtb: 6.7.1 (edcfbbe)
C           -1.15676845342988       -0.53631068604501       -1.55450077774000
C           -0.25850684865027       -0.56413762753661       -0.34666189263742
N            0.94894146864187       -0.92366932621163       -0.32953085906114
C            1.68614098027157       -1.40564751658749       -1.39220494828393
C            2.73048168641078       -0.63810225478576       -1.91214480818892
C            3.54691471988415       -1.15284905800838       -2.89957540979708
C            3.35185597887880       -2.44089639093367       -3.37320195052108
C            2.32670194470343       -3.21247613779605       -2.85116450516040
C            1.49511910940630       -2.70299550833002       -1.87262228622807
C           -0.89913592033926       -0.15105008797186        0.92720506981115
C           -1.36803808069593       -1.10853965196932        1.79083823457987
C           -2.03160490885892       -0.74746757262206        2.97250128693219
C           -2.22089334588526        0.56979284161805        3.28200620161467
C           -1.73752396861140        1.58509221801261        2.42968022430014
C           -1.90323789449539        2.95316682800130        2.73436371884709
C           -1.41302607110641        3.92114316556737        1.90345500864278
C           -0.72662239103278        3.56454622212078        0.73209595025415
C           -0.55300004721450        2.24834976619054        0.40541592884739
C           -1.05951039755390        1.22445519720805        1.23493703735395
H           -1.73124078721537        0.38758014845594       -1.57843414094259
H           -0.57895104136888       -0.64091481472748       -2.47143667924377
H           -1.86304861103848       -1.36430153849995       -1.48605850277241
H            2.88129277580910        0.36438815057422       -1.53782962881130
H            4.34505652954949       -0.54464031664767       -3.30156996871153
H            3.99632192996985       -2.84129047508956       -4.14207472233286
H            2.16845658558546       -4.21871803239008       -3.21343453658832
H            0.69733590632728       -3.30548854202299       -1.46095900368023
H           -1.22945494815496       -2.15440573914239        1.55638156231860
H           -2.39387081534600       -1.52339331668747        3.63119882964884
H           -2.73851430627915        0.85432347148537        4.18716645089830
H           -2.42340344106924        3.22115591169689        3.64338004916354
H           -1.54380940163161        4.96625584063793        2.14472888704848
H           -0.33342248195781        4.34027312583003        0.09065359181516
H           -0.01103545309801        1.97677170630839       -0.48920693517382
34
 energy: -49.109991420492 gnorm: 0.000198084261 xtb: 6.7.1 (edcfbbe)
C           -1.15675747485098       -0.53636827610148       -1.55592487957277
C           -0.25986081135525       -0.56471820434908       -0.34719692759301
N            0.94731361092492       -0.92502775923090       -0.32891870598543
C            1.68538796036589       -1.40647193225229       -1.39122417532636
C            2.72864302772900       -0.63758124496231       -1.91129484346601
C            3.54548423572325       -1.15124793708124       -2.89895181230497
C            3.35200951766217       -2.43952610814235       -3.37258450022854
C            2.32817078114439       -3.21255307693853       -2.85012059977285
C            1.49615008072803       -2.70415595661245       -1.87139537404924
C           -0.90086008082525       -0.15140771745018        0.92641305663348
C           -1.36993575426181       -1.10871204158005        1.79015202142035
C           -2.03238049794203       -0.74734744234316        2.97232763501873
C           -2.21994537073938        0.57001712490284        3.28250817560788
C           -1.73656877437161        1.58509399919497        2.42995764758794
C           -1.90052305120388        2.95329554219603        2.73520491277902
C           -1.41065089882307        3.92097375981751        1.90380189419079
C           -0.72656283115544        3.56402058212308        0.73116601680414
C           -0.55436543994505        2.24777014704934        0.40410354374352
C           -1.06028283280639        1.22413857728796        1.23434150360166
H           -1.73202839903115        0.38699923046584       -1.57978382450818
H           -0.57788292512545       -0.63983412962621       -2.47223813169660
H           -1.86243527555192       -1.36494586244308       -1.48878856168221
H            2.87841661532084        0.36502139105110       -1.53682248424389
H            4.34297554278334       -0.54209322357023       -3.30081476329522
H            3.99674742231603       -2.83888707690585       -4.14174690439211
H            2.17094782903499       -4.21892649020270       -3.21248548744893
H            0.69913139746302       -3.30759510983671       -1.45960275917992
H           -1.23236666495396       -2.15463902010795        1.55534601706305
H           -2.39470936173808       -1.52310980517080        3.63118313114187
H           -2.73602961779053        0.85473625164994        4.18850119445682
H           -2.41929376924170        3.22154439060998        3.64493355277746
H           -1.54017571607649        4.96617078917321        2.14541574828485
H           -0.33382533060466        4.33956374526495        0.08923968701638
H           -0.01393714239706        1.97580288382279       -0.49130452718025
34
 energy: -49.109992107967 gnorm: 0.000131074710 xtb: 6.7.1 (edcfbbe)
C           -1.15752752630185       -0.53628433635242       -1.55726502337141
C           -0.26163091275037       -0.56529854150974       -0.34791032833279
N            0.94519375843737       -0.92646178813514       -0.32883368363459
C            1.68433918774983       -1.40727867885638       -1.39057450055883
C            2.72652664124800       -0.63693509068839       -1.91063697272900
C            3.54418671999590       -1.14956615046744       -2.89815664752175
C            3.35257404750960       -2.43811805529125       -3.37179119418969
C            2.33004920374414       -3.21268093677465       -2.84907447721923
C            1.49735571835773       -2.70545011150747       -1.87031792922483
C           -0.90267925047622       -0.15179829155621        0.92560551436943
C           -1.37210257496798       -1.10893261567054        1.78937024358753
C           -2.03292688272189       -0.74721860009962        2.97230482357851
C           -2.21866962448507        0.57027599870777        3.28317970185388
C           -1.73550863878934        1.58509494925496        2.43026837207102
C           -1.89813866692895        2.95347012508781        2.73570875105106
C           -1.40840860439431        3.92074692515046        1.90384389972946
C           -0.72577265545932        3.56337213012462        0.73042916719469
C           -0.55497192513024        2.24706473825283        0.40311297958332
C           -1.06080142814499        1.22376604505760        1.23389529301817
H           -1.73387435214587        0.38638790102623       -1.58046061637515
H           -0.57790082927958       -0.63807505825604       -2.47323235315439
H           -1.86231192091912       -1.36570679521279       -1.49154110712614
H            2.87494878559814        0.36589968283308       -1.53621843826353
H            4.34075436262730       -0.53922152438854       -3.30006617064319
H            3.99784668809078       -2.83638229631648       -4.14105628800034
H            2.17440507060573       -4.21943953106433       -3.21107000634260
H            0.70129970473789       -3.31002512893238       -1.45830430687757
H           -1.23583072733035       -2.15491366978336        1.55404912945087
H           -2.39542771278852       -1.52277317408984        3.63131369991965
H           -2.73324728493036        0.85513553952567        4.18999487334852
H           -2.41568673077383        3.22205924625556        3.64603518530803
H           -1.53674381012043        4.96606425610772        2.14561418689514
H           -0.33333815775562        4.33874856480531        0.08813236734033
H           -0.01597967170341        1.97447427246542       -0.49295166853315
34
 energy: -49.109992767766 gnorm: 0.000182832395 xtb: 6.7.1 (edcfbbe)
C           -1.15909494878597       -0.53612736234173       -1.55834270674393
C           -0.26366183741689       -0.56595137642578       -0.34868217731834
N            0.94286101218472       -0.92794346443397       -0.32923552675231
C            1.68307960277048       -1.40801817580590       -1.39041979436512
C            2.72414968345067       -0.63612292439854       -1.91046220384701
C            3.54294988870094       -1.14775263509020       -2.89754051279106
C            3.35369124417456       -2.43681191138611       -3.37074821204899
C            2.33245608468263       -3.21295834414059       -2.84788381371509
C            1.49860298750464       -2.70676515844195       -1.86957819805655
C           -0.90440877153621       -0.15228949197405        0.92492962295358
C           -1.37428823338706       -1.10919140477523        1.78872846648206
C           -2.03355804773275       -0.74704793385205        2.97236437750471
C           -2.21755080639212        0.57059357534052        3.28378560022866
C           -1.73443642711717        1.58510499425395        2.43053650906769
C           -1.89588202121306        2.95364753055246        2.73604870405835
C           -1.40611669559845        3.92050549923834        1.90377668015001
C           -0.72454490135569        3.56265237104542        0.72982996980358
C           -0.55496372856852        2.24625873135068        0.40241482431788
C           -1.06101968759716        1.22332746589733        1.23358906850644
H           -1.73674188242111        0.38574672096349       -1.58036989477957
H           -0.57895731016971       -0.63577329271186       -2.47421481056594
H           -1.86270183716920       -1.36667569921589       -1.49421244733738
H            2.87087117677614        0.36707512308861       -1.53632861260608
H            4.33865321926627       -0.53621476393910       -3.29935637565324
H            3.99978015384871       -2.83412297752171       -4.13981323082507
H            2.17859908033041       -4.22014061833172       -3.20947116951089
H            0.70351890994065       -3.31254646265902       -1.45745510973879
H           -1.23939684377051       -2.15523726028165        1.55292243164639
H           -2.39602962817096       -1.52233633027757        3.63170375773402
H           -2.73060534060410        0.85566515057616        4.19140008071435
H           -2.41279656277212        3.22262526836517        3.64661832748196
H           -1.53375427977370        4.96594837784072        2.14539022802096
H           -0.33191583271376        4.33782353202092        0.08741328257735
H           -0.01678741895979        1.97305324717288       -0.49394065839120
34
 energy: -49.109993380023 gnorm: 0.000183163222 xtb: 6.7.1 (edcfbbe)
C           -1.16097034337038       -0.53610229711830       -1.55902737177790
C           -0.26556748031240       -0.56662454283544       -0.34932176781310
N            0.94074268969261       -0.92923657235537       -0.32990606244404
C            1.68181523869646       -1.40858052372951       -1.39070440485137
C            2.72176631277603       -0.63519265142574       -1.91084204547390
C            3.54191614484499       -1.14602008972625       -2.89719388756434
C            3.35507571998188       -2.43569507834976       -3.36969689034333
C            2.33489533826133       -3.21323697287501       -2.84683942479440
C            1.49973635076532       -2.70791475439011       -1.86918663271092
C           -0.90581745295628       -0.15284094943209        0.92451065262799
C           -1.37615599594583       -1.10944014843915        1.78839768049520
C           -2.03417014876422       -0.74682275595989        2.97258038621087
C           -2.21675551817825        0.57096145340201        3.28427199097315
C           -1.73357767860764        1.58513996359817        2.43067644221637
C           -1.89414622951945        2.95380278756761        2.73612031432610
C           -1.40414925705798        3.92030235725056        1.90356944657038
C           -0.72292874321496        3.56196581042751        0.72955532723418
C           -0.55437410397017        2.24545462163471        0.40211270374966
C           -1.06101902214271        1.22288142580348        1.23340237682848
H           -1.74001024970260        0.38493618419545       -1.57961872150253
H           -0.58058558705150       -0.63344979618440       -2.47503536422082
H           -1.86325542020902       -1.36790982557802       -1.49641026624385
H            2.86667085833606        0.36844237988438       -1.53716924311077
H            4.33682103529904       -0.53339322660127       -3.29892629847706
H            4.00227804273349       -2.83243151457849       -4.13812657525851
H            2.18292797247634       -4.22088897634296       -3.20791022654765
H            0.70543059228040       -3.31477175820800       -1.45716163156467
H           -1.24254932777238       -2.15556913610412        1.55225024128061
H           -2.39687098101712       -1.52183207957406        3.63212170740417
H           -2.72886470922663        0.85635613502806        4.19230836283353
H           -2.41047876082181        3.22315713261676        3.64691316966958
H           -1.53110978348394        4.96584614640335        2.14510539392040
H           -0.32998091709725        4.33688706493746        0.08702199693005
H           -0.01673858531658        1.97182018676050       -0.49444490237009
34
 energy: -49.109993910460 gnorm: 0.000127312791 xtb: 6.7.1 (edcfbbe)
C           -1.16276222484113       -0.53628777697131       -1.55927984289083
C           -0.26710631367673       -0.56727684095971       -0.34973608742444
N            0.93907873422011       -0.93024055288027       -0.33062916639093
C            1.68066687187947       -1.40889747116179       -1.39131358115619
C            2.71963272627143       -0.63424353273142       -1.91159651859359
C            3.54114015215305       -1.14451105422829       -2.89708996214871
C            3.35656543657035       -2.43484346450668       -3.36868194863971
C            2.33709554233680       -3.21344815243197       -2.84601139816334
C            1.50060076471784       -2.70873039893358       -1.86917671153381
C           -0.90683621838409       -0.15339644939220        0.92433719422521
C           -1.37764773694611       -1.10964558906904        1.78832496633665
C           -2.03503872511698       -0.74655528578040        2.97273239148729
C           -2.21663754012227        0.57134898394480        3.28444087326264
C           -1.73296865753848        1.58520179118193        2.43070746856556
C           -1.89265185498168        2.95394033977991        2.73615968827541
C           -1.40220017892767        3.92015094195414        1.90350212289910
C           -0.72137754053417        3.56134894514215        0.72941893000229
C           -0.55367784079523        2.24469969178363        0.40197809541290
C           -1.06089147425520        1.22246599205143        1.23330411688444
H           -1.74317534745048        0.38391729513679       -1.57845412786486
H           -0.58232776283900       -0.63148399428758       -2.47552233899444
H           -1.86371357268772       -1.36932822674054       -1.49788592905442
H            2.86271028467903        0.36991042636127       -1.53860928332832
H            4.33521107429824       -0.53089461326018       -3.29895819031877
H            4.00485961467997       -2.83127208698817       -4.13635745077101
H            2.18690377440411       -4.22156629128661       -3.20651394858837
H            0.70701263590445       -3.31654145567755       -1.45719450749974
H           -1.24483815443315       -2.15587042495680        1.55217556603367
H           -2.39789991144011       -1.52130268426177        3.63249097745040
H           -2.72822326268634        0.85715446947125        4.19263847419580
H           -2.40887404675583        3.22364039266627        3.64690782374151
H           -1.52874312827805        4.96576503074090        2.14492721924474
H           -0.32777709624762        4.33596798137086        0.08691312180544
H           -0.01610902277189        1.97082406462260       -0.49455156026014
34
 energy: -49.109994307583 gnorm: 0.000065242897 xtb: 6.7.1 (edcfbbe)
C           -1.16441858209589       -0.53660862958933       -1.55913453854626
C           -0.26828812498675       -0.56790164512101       -0.34992312669437
N            0.93788570632959       -0.93091642149027       -0.33131648726603
C            1.67971652476247       -1.40902036021106       -1.39206346845178
C            2.71763851434560       -0.63321049159501       -1.91274751250440
C            3.54032892353281       -1.14305797479155       -2.89745365853513
C            3.35794710035597       -2.43411751186782       -3.36789796780047
C            2.33916562609559       -3.21365134341844       -2.84524365939501
C            1.50143149905621       -2.70934220385819       -1.86924670832853
C           -0.90754154665258       -0.15394880470474        0.92437746033135
C           -1.37875768227931       -1.10983506621913        1.78850109574766
C           -2.03595094566375       -0.74627485638624        2.97291450938300
C           -2.21696398861247        0.57173485299494        3.28442458652649
C           -1.73269574550461        1.58526811965414        2.43060349679744
C           -1.89166806330634        2.95407403427207        2.73596160807103
C           -1.40049589436482        3.92000640720367        1.90335231050534
C           -0.71955690934752        3.56073740735945        0.72953005370615
C           -0.55268442474939        2.24394444212350        0.40209700348757
C           -1.06071010453408        1.22206029046835        1.23329161203201
H           -1.74616639169310        0.38278655892283       -1.57694426600985
H           -0.58411618307711       -0.62983052360800       -2.47567921640870
H           -1.86408795031709       -1.37080512503529       -1.49864922516416
H            2.85910566099254        0.37143170623155       -1.54046141545821
H            4.33385474108861       -0.52871893934565       -3.29928006537467
H            4.00744060350242       -2.83047835245187       -4.13460068561511
H            2.19049171825540       -4.22217523610290       -3.20522968023596
H            0.70832768149375       -3.31788266354280       -1.45742788564110
H           -1.24650255952862       -2.15616803299748        1.55251665230644
H           -2.39931189561946       -1.52078593508262        3.63267408242069
H           -2.72863883348403        0.85798051151733        4.19242930707309
H           -2.40768036575519        3.22412116975811        3.64672959739890
H           -1.52636530619277        4.96568311852075        2.14484998763383
H           -0.32542838462002        4.33502519534724        0.08694109932776
H           -0.01530441702109        1.96987630274753       -0.49449841911757
34
 energy: -49.109994510472 gnorm: 0.000057334501 xtb: 6.7.1 (edcfbbe)
C           -1.16525321223753       -0.53698400024887       -1.55891461083021
C           -0.26883990358817       -0.56829416640912       -0.34990874331669
N            0.93735311966926       -0.93123523449534       -0.33159488657845
C            1.67924438792092       -1.40900786611019       -1.39245917943358
C            2.71650571555549       -0.63252411786168       -1.91347260281404
C            3.53987795850543       -1.14217717003347       -2.89770516393077
C            3.35868420625839       -2.43362607312014       -3.36752310819580
C            2.34029472021831       -3.21366578528883       -2.84485054920497
C            1.50198063175368       -2.70961989682177       -1.86921026330451
C           -0.90788546516364       -0.15429514000450        0.92448766897494
C           -1.37941806619242       -1.10995644623504        1.78866214749903
C           -2.03679752585109       -0.74609172988132        2.97290315784820
C           -2.21752363368151        0.57198644927420        3.28424780246195
C           -1.73264864683613        1.58531639096232        2.43050262887302
C           -1.89097688794178        2.95417802461804        2.73587583988598
C           -1.39919542797934        3.91990758350453        1.90336090711739
C           -0.71846527913138        3.56033213248069        0.72953033396177
C           -0.55220755752667        2.24344618677414        0.40208501757825
C           -1.06066043292668        1.22180363593238        1.23328539056357
H           -1.74777421537820        0.38193636563666       -1.57599560200637
H           -0.58507580102026       -0.62915418331518       -2.47564799803248
H           -1.86419740068673       -1.37182365993982       -1.49882250722499
H            2.85695225296356        0.37247710428311       -1.54177248477530
H            4.33277628302054       -0.52725597154683       -3.29989126961922
H            4.00875836500714       -2.82988482340246       -4.13378741248131
H            2.19260625021551       -4.22251506313457       -3.20433231397663
H            0.70930040447832       -3.31864188557294       -1.45728320074865
H           -1.24735304100540       -2.15636087708898        1.55288177337959
H           -2.40046623393475       -1.52045552118425        3.63266640685766
H           -2.72936105860169        0.85850081578987        4.19207806483624
H           -2.40705798251897        3.22446548268646        3.64652962321290
H           -1.52458890318874        4.96562778027015        2.14490016194962
H           -0.32378480463602        4.33439625371894        0.08700919909319
H           -0.01480281513451        1.96919540546590       -0.49443775141790
34
 energy: -49.109994601151 gnorm: 0.000118272595 xtb: 6.7.1 (edcfbbe)
C           -1.16608784237917       -0.53735937090841       -1.55869468311415
C           -0.26939168218958       -0.56868668769724       -0.34989435993902
N            0.93682053300894       -0.93155404750042       -0.33187328589087
C            1.67877225107938       -1.40899537200932       -1.39285489041538
C            2.71537291676539       -0.63183774412836       -1.91419769312368
C            3.53942699347806       -1.14129636527539       -2.89795666932641
C            3.35942131216082       -2.43313463437246       -3.36714824859113
C            2.34142381434102       -3.21368022715923       -2.84445743901494
C            1.50252976445115       -2.70989758978536       -1.86917381828048
C           -0.90822938367470       -0.15464147530425        0.92459787761853
C           -1.38007845010553       -1.11007782625094        1.78882319925041
C           -2.03764410603843       -0.74590860337640        2.97289180631339
C           -2.21808327875054        0.57223804555345        3.28407101839740
C           -1.73260154816765        1.58536466227050        2.43040176094861
C           -1.89028571257721        2.95428201496401        2.73579007170094
C           -1.39789496159386        3.91980875980540        1.90336950372943
C           -0.71737364891523        3.55992685760192        0.72953061421740
C           -0.55173069030395        2.24294793142477        0.40207303166892
C           -1.06061076131928        1.22154698139641        1.23327916909513
H           -1.74938203906330        0.38108617235049       -1.57504693800289
H           -0.58603541896342       -0.62847784302235       -2.47561677965625
H           -1.86430685105637       -1.37284219484435       -1.49899578928582
H            2.85479884493457        0.37352250233466       -1.54308355409239
H            4.33169782495248       -0.52579300374801       -3.30050247386378
H            4.01007612651186       -2.82929129435305       -4.13297413934752
H            2.19472078217562       -4.22285489016623       -3.20343494771730
H            0.71027312746289       -3.31940110760309       -1.45713851585621
H           -1.24820352248219       -2.15655372118047        1.55324689445274
H           -2.40162057225003       -1.52012510728588        3.63265873129463
H           -2.73008328371936        0.85902112006241        4.19172682259939
H           -2.40643559928275        3.22480979561481        3.64632964902690
H           -1.52281250018470        4.96557244201955        2.14495033626541
H           -0.32214122465201        4.33376731209063        0.08707729885862
H           -0.01430121324794        1.96851450818427       -0.49437708371823
