$hessian                                                                        
        0.5242175075  -0.0086159730  -0.0163429989  -0.0776837071  -0.0280199335
       -0.0286573888   0.0004587652   0.0175449873   0.0219945381   0.0027289678
        0.0029001938   0.0013186846   0.0000379994   0.0000098950   0.0004668172
        0.0005168250   0.0001475710  -0.0000892306  -0.0002594559   0.0000555599
       -0.0000406220   0.0001578075  -0.0000822622  -0.0000613621  -0.0000307143
       -0.0000505852  -0.0000168933  -0.0088041834  -0.0185039271  -0.0166419807
       -0.0010025923  -0.0001538478  -0.0002842991   0.0005858721  -0.0002379823
       -0.0002519533   0.0001839123  -0.0001907311  -0.0001363142  -0.0000802239
       -0.0000277296  -0.0000577228  -0.0004084944  -0.0011726501  -0.0008047235
       -0.0048572694  -0.0008364531  -0.0002867564  -0.0798139222  -0.0257423330
        0.0827374291  -0.2801206983  -0.0153859032  -0.0197970376  -0.0733154599
        0.0794103429  -0.0222349875  -0.0000412888  -0.0000248675  -0.0000009757
        0.0000158954  -0.0000087322   0.0000378425  -0.0000460800   0.0000080077
        0.0000196447  -0.0000328121   0.0000285684  -0.0000032393  -0.0000142825
        0.0000235099   0.0000214776  -0.0016216048  -0.0008827767  -0.0008227547
       -0.0000923455   0.0000074228   0.0000128884  -0.0000290242  -0.0000365404
       -0.0000115177  -0.0000316383  -0.0000074244   0.0000296462  -0.0000421308
        0.0000019054  -0.0000300275  -0.0004630216  -0.0002208620  -0.0001305530
       -0.0001126025   0.0000635500   0.0000643701
       -0.0086159730   0.4619061532  -0.0202810044  -0.0242605882  -0.1140340669
       -0.0510032446   0.0123019546  -0.0084985041  -0.0365384337  -0.0049413626
       -0.0040617576   0.0037418180   0.0001002630   0.0001226931   0.0000884541
       -0.0005409618  -0.0005178200   0.0001130048   0.0003898767   0.0000141928
       -0.0000007192  -0.0006002883  -0.0002689768  -0.0005020327   0.0014463500
        0.0001853084   0.0001766160  -0.0091573393  -0.0052632737  -0.0094640592
        0.0008410086  -0.0010251709  -0.0003459314  -0.0000692349  -0.0004406469
        0.0002297247   0.0004341147  -0.0001029101  -0.0001243916  -0.0001010016
        0.0000989796  -0.0000956673  -0.0007581715  -0.0004456705   0.0001041858
       -0.0006886007   0.0017487034  -0.0003493685  -0.0272177861  -0.0548737257
        0.0612013317  -0.0152315508  -0.0442883441  -0.0003861300   0.0766357569
       -0.2316369583   0.0535584094  -0.0000866656   0.0003287038  -0.0000546984
        0.0000165899   0.0001529006  -0.0000631015   0.0001401608   0.0000856820
        0.0000575673   0.0001752633  -0.0000616313   0.0000334557   0.0000551225
        0.0000455613  -0.0000420647  -0.0002154485   0.0006809464  -0.0003178264
       -0.0000563930   0.0000125883  -0.0000081277  -0.0000061948   0.0000171611
        0.0000210654  -0.0000298288  -0.0000214449   0.0000065884  -0.0000600954
       -0.0000335371  -0.0000079656  -0.0001196113  -0.0000872004   0.0001068144
        0.0002206354   0.0002620654   0.0001457313
       -0.0163429989  -0.0202810044   0.4683160044  -0.0251670393  -0.0524383202
       -0.1178448738   0.0131213229  -0.0395683067  -0.0201187608  -0.0041719667
        0.0034655624  -0.0017145691   0.0012753788   0.0001531341  -0.0004510935
       -0.0003416660   0.0001048603  -0.0005309374   0.0000591232   0.0001953760
       -0.0000434232  -0.0005081934   0.0000241463   0.0003792024  -0.0002071158
       -0.0001885342   0.0002694593  -0.0063747440  -0.0079426360  -0.0029986994
        0.0007508906  -0.0000783159  -0.0008629531  -0.0000263992   0.0000225398
       -0.0002989557   0.0003601717  -0.0001120787  -0.0000257389  -0.0000877463
        0.0000018884   0.0000156312  -0.0005042783  -0.0000470732  -0.0002406148
       -0.0000879676  -0.0000964979   0.0014364140   0.0811636004   0.0567896525
       -0.2269574703  -0.0196800617  -0.0000309366  -0.0462346805  -0.0237567420
        0.0597954334  -0.0523827701   0.0002889207  -0.0001249493  -0.0003363464
        0.0002707734   0.0001644461  -0.0000711976   0.0001715015   0.0000065649
       -0.0000040512   0.0001130114  -0.0001009642  -0.0000384551  -0.0000366849
        0.0000652495   0.0000295293  -0.0002142997  -0.0001747194   0.0005810003
       -0.0000688480   0.0000154836   0.0000260505  -0.0000200231  -0.0000076867
        0.0000008948  -0.0000538342  -0.0000248282   0.0000107998  -0.0000393604
       -0.0000042869  -0.0000080972  -0.0001477949   0.0000504649  -0.0000741491
        0.0002630698   0.0003663365   0.0001728512
       -0.0776837071  -0.0242605882  -0.0251670393   0.6428891482  -0.0693722816
       -0.1505422353  -0.2687906695   0.1329822065   0.1817974500  -0.0666226002
        0.0142348478   0.0252913799   0.0049442841   0.0071526026  -0.0011693852
       -0.0028821244  -0.0013959579  -0.0011467023   0.0017031182   0.0004250829
       -0.0002094751  -0.0038815156  -0.0002402575  -0.0013822526   0.0021543402
       -0.0048580573   0.0010349069  -0.1757907452  -0.0349638399  -0.0176257612
       -0.0397343682   0.0037015716   0.0087138294   0.0031022088   0.0060246638
        0.0054117291  -0.0060857046  -0.0010182346  -0.0007354638   0.0016639829
       -0.0000239764   0.0007618233   0.0080980238  -0.0020343373  -0.0020012390
       -0.0205791403  -0.0227300294  -0.0185133993   0.0032973069   0.0071425661
        0.0090389392  -0.0121228185  -0.0215296565  -0.0221483266   0.0033298675
        0.0084730066   0.0072004338   0.0002053000  -0.0000302708   0.0003541785
        0.0001691099   0.0003988418  -0.0003205114   0.0005454058   0.0002155326
        0.0003085397   0.0000065704  -0.0003105088   0.0002087224   0.0000582443
        0.0003412085   0.0006561950   0.0009895899  -0.0004683373  -0.0010326426
       -0.0003384443  -0.0003155825  -0.0003261445   0.0001988454   0.0002332506
       -0.0002091296   0.0001729045   0.0002981805  -0.0001676333   0.0004077880
        0.0000529480   0.0001721399   0.0000750237   0.0003472839   0.0003831518
        0.0005007755   0.0015281223   0.0013639222
       -0.0280199335  -0.1140340669  -0.0524383202  -0.0693722816   0.3814579761
        0.2480860768   0.1592086500  -0.1602738385  -0.1535097268   0.0055077650
       -0.0002564064   0.0010641054  -0.0055397874  -0.0023192327  -0.0017696040
        0.0000751074  -0.0005895413  -0.0001413174   0.0000614912  -0.0003274372
        0.0000726454   0.0008571534   0.0005314746   0.0002274030  -0.0021335540
        0.0014075021   0.0009130158  -0.0475107659  -0.0745601530  -0.0124089185
        0.0111608147   0.0044597950   0.0035746715   0.0024954594   0.0021182538
       -0.0045383559  -0.0002339773  -0.0008243160  -0.0008245805   0.0003892642
       -0.0006881623   0.0009139811  -0.0014964435  -0.0008471216  -0.0062773507
       -0.0228889283  -0.0085850741  -0.0047278563   0.0046306560   0.0045818882
        0.0022360305  -0.0052116972  -0.0039292504  -0.0032211206  -0.0031365636
       -0.0235231764  -0.0194157473   0.0003433636  -0.0003267764   0.0005288601
       -0.0002814088  -0.0002472678   0.0003359800  -0.0002225807  -0.0000821432
        0.0000723585  -0.0002228662   0.0000609320  -0.0001298110   0.0004096444
       -0.0004139112   0.0002556063   0.0010471278  -0.0013237598   0.0006837289
        0.0009878520   0.0001234407  -0.0001583437  -0.0000026082   0.0000085033
       -0.0000785244  -0.0000078664   0.0000749848   0.0000024537   0.0003822066
        0.0000245448   0.0001401034  -0.0010268657  -0.0003554067  -0.0003110098
       -0.0002484274  -0.0013422536   0.0008435669
       -0.0286573888  -0.0510032446  -0.1178448738  -0.1505422353   0.2480860768
        0.4412770608   0.2112881130  -0.1467436636  -0.2313514254   0.0098193910
       -0.0036271685  -0.0048713147  -0.0025145837  -0.0016171349  -0.0005273289
       -0.0000601199   0.0002469345   0.0004807478   0.0001755180  -0.0002705658
        0.0000500581   0.0004968509   0.0003273205   0.0006625939  -0.0041446843
        0.0008322206   0.0002385984  -0.0296044897  -0.0125132527  -0.0642092263
        0.0132686376   0.0039635798   0.0007294875   0.0022651877  -0.0048556928
        0.0030728815   0.0006093164  -0.0006422763  -0.0004790715  -0.0001157274
        0.0007528683  -0.0010014316  -0.0015252867  -0.0064890940   0.0021345127
       -0.0169711615  -0.0046189157  -0.0020509407  -0.0023931339  -0.0185601825
       -0.0234342145  -0.0050835335  -0.0050627916  -0.0031732568   0.0037569707
        0.0007532670   0.0043799405   0.0001350761   0.0001312826   0.0001415625
       -0.0002753555  -0.0002806954   0.0002011920  -0.0003238523  -0.0000808735
       -0.0000945835  -0.0002933965   0.0002250335  -0.0001263020   0.0002849908
       -0.0000189825  -0.0000374678   0.0006471916   0.0007717116  -0.0018534967
        0.0008958996  -0.0000551601   0.0000928242   0.0001203964   0.0001522033
        0.0000449085   0.0002358611   0.0000148499  -0.0000763511  -0.0001738753
       -0.0000385837  -0.0000390496  -0.0008149904  -0.0004105405  -0.0002063073
       -0.0005055866   0.0006314702  -0.0021297263
        0.0004587652   0.0123019546   0.0131213229  -0.2687906695   0.1592086500
        0.2112881130   0.6772284462  -0.1230285653  -0.2577494064  -0.2505241217
       -0.0456410839   0.0028468841  -0.0397617455  -0.0298081841   0.0083920177
        0.0048377248   0.0000951163   0.0025344052  -0.0047308902  -0.0021864294
        0.0010804758   0.0062838031   0.0046384395  -0.0019800000  -0.0561472294
        0.0174048999   0.0009382744  -0.0655518677   0.0087087742   0.0195293082
        0.0011146429  -0.0050245647  -0.0048200514  -0.0039593860  -0.0015520899
       -0.0012942590   0.0025255250   0.0013980585   0.0010185081  -0.0009201630
       -0.0000233463  -0.0003338756  -0.0022511873   0.0016728166   0.0012370747
       -0.0004147147   0.0041561377   0.0051853593   0.0004340994   0.0001150277
       -0.0003451187   0.0006382482  -0.0011182534  -0.0003111428  -0.0000196256
       -0.0007901949  -0.0000616095   0.0018788790   0.0018443470  -0.0000227326
       -0.0006933881  -0.0004805478   0.0003955122  -0.0000694904  -0.0000901572
       -0.0001309734  -0.0009661561   0.0002073355  -0.0002946102   0.0013941492
       -0.0016837410  -0.0008820114   0.0001780042   0.0000029233   0.0002263284
       -0.0007899338   0.0000092558   0.0001393979  -0.0000714354  -0.0001342936
        0.0000905738  -0.0001199416  -0.0001337900   0.0000775300  -0.0001869807
       -0.0000188320  -0.0000676803   0.0000216910  -0.0000887658  -0.0000965462
       -0.0010250516   0.0000391025   0.0002889315
        0.0175449873  -0.0084985041  -0.0395683067   0.1329822065  -0.1602738385
       -0.1467436636  -0.1230285653   0.2441402998   0.1687435029  -0.0273170925
       -0.0666867421   0.0024855136  -0.0334906440  -0.0085543337   0.0098273514
        0.0020884265  -0.0027403580   0.0051528368  -0.0018650702   0.0017392137
       -0.0005310952   0.0025866704  -0.0037798554   0.0046415404   0.0257618369
        0.0048048125  -0.0035438251   0.0142387502   0.0017758044   0.0097673567
       -0.0035147487   0.0011801157   0.0008139193   0.0007370187   0.0013439707
        0.0000033400  -0.0012348446  -0.0000403659   0.0001709438   0.0000948452
        0.0000444171   0.0001856835   0.0018745304   0.0004980857  -0.0000598429
       -0.0048048611  -0.0038673359  -0.0038491362  -0.0014828095  -0.0049027794
       -0.0050415209   0.0013347885   0.0012596864   0.0012968737   0.0000669110
        0.0002928379  -0.0000497193  -0.0011303285   0.0007560589  -0.0018547210
       -0.0011594160  -0.0003756387  -0.0002249983   0.0000526561  -0.0001780295
       -0.0008999860   0.0015099326   0.0000471261  -0.0001107496  -0.0000422861
        0.0009917211  -0.0022359019  -0.0003287237   0.0001210279   0.0004387931
       -0.0001525371   0.0000483833   0.0000753310   0.0000410073  -0.0000166996
       -0.0000217081  -0.0000846985   0.0000231520   0.0000371830  -0.0000318870
        0.0000264328  -0.0000331236   0.0000036890   0.0000464025   0.0000531461
       -0.0012497436   0.0007749325   0.0010749830
        0.0219945381  -0.0365384337  -0.0201187608   0.1817974500  -0.1535097268
       -0.2313514254  -0.2577494064   0.1687435029   0.2999752064   0.0251769488
        0.0105208325  -0.0547054453   0.0167042530   0.0031906156   0.0022594547
        0.0020127412   0.0047841749   0.0052327869  -0.0009444395  -0.0006684782
        0.0000547210   0.0011347244   0.0040606384   0.0044146503  -0.0067888219
        0.0014131972   0.0032360410   0.0223154716   0.0073683264  -0.0011946563
       -0.0033443197   0.0006282400   0.0025663129   0.0013027104   0.0006444878
        0.0011271557  -0.0013397578  -0.0001899227  -0.0002607201   0.0001712342
        0.0000273288   0.0002467287   0.0016074789   0.0002370616  -0.0002262765
       -0.0033313576  -0.0046365261  -0.0023269327  -0.0003812652  -0.0019283712
       -0.0017800031   0.0017658594   0.0020438276   0.0017443005  -0.0006499383
       -0.0038991251  -0.0045799919  -0.0001458736  -0.0017519649  -0.0015313881
        0.0008003846   0.0002022801  -0.0002985040   0.0000077443  -0.0006124738
       -0.0013333959  -0.0002950429  -0.0001081685   0.0001553243  -0.0005726164
       -0.0014131983  -0.0019312663  -0.0003958987   0.0004449696  -0.0000991968
       -0.0000142446   0.0001015851  -0.0000555885   0.0000283757   0.0000280264
       -0.0000381301  -0.0000879204   0.0000226948   0.0000124931   0.0000599752
        0.0000099674  -0.0000056667   0.0000289278   0.0000652378   0.0000960771
       -0.0008679145   0.0007193943   0.0007160958
        0.0027289678  -0.0049413626  -0.0041719667  -0.0666226002   0.0055077650
        0.0098193910  -0.2505241217  -0.0273170925   0.0251769488   0.6336239472
       -0.0167962277  -0.0337214425  -0.1017901577  -0.0796251306   0.0418239059
       -0.0193663945  -0.0298432310   0.0134008632   0.0061375802   0.0108127333
       -0.0052016482  -0.0530309417   0.0125701970  -0.0004526349  -0.1545707859
        0.1213424697  -0.0452147189   0.0046828232   0.0030902691   0.0038821929
       -0.0033750751   0.0006839606   0.0013798540   0.0005328960   0.0010739816
        0.0007057591  -0.0010549740  -0.0003519057  -0.0003033186   0.0005565679
       -0.0000934422   0.0001700613   0.0011038452  -0.0005519573  -0.0007138887
       -0.0005568540  -0.0002403006  -0.0007726017  -0.0004670330  -0.0002860360
       -0.0006754803   0.0008142259   0.0000664312  -0.0004992261   0.0001503002
       -0.0007744864  -0.0003685255   0.0044109610   0.0152121966  -0.0089125399
       -0.0053655653  -0.0005250133   0.0012580822   0.0009464458   0.0001433464
       -0.0003442540  -0.0053298456  -0.0007706903   0.0014344880   0.0061992836
       -0.0064909905   0.0037293582   0.0000707668  -0.0004191918  -0.0003970734
        0.0002154289  -0.0001293176  -0.0001863165   0.0000223091   0.0000946431
       -0.0000488903   0.0001470313   0.0000877064  -0.0000894457   0.0001550322
       -0.0000101817   0.0000644493   0.0001641022   0.0000873851   0.0000982853
       -0.0006081658  -0.0016065271  -0.0008696671
        0.0029001938  -0.0040617576   0.0034655624   0.0142348478  -0.0002564064
       -0.0036271685  -0.0456410839  -0.0666867421   0.0105208325  -0.0167962277
        0.5539935213  -0.1609175280  -0.0240576132  -0.2338356021   0.0802249286
       -0.0815486726   0.0103114630   0.0000447689   0.0109135918  -0.0554652153
        0.0196837210   0.0627272620   0.0346013974  -0.0205012363   0.0677387206
       -0.2042353553   0.0550947239   0.0005732235   0.0069684426  -0.0080111485
       -0.0001739573   0.0004017651  -0.0001690107   0.0001485088  -0.0005153244
        0.0009269687  -0.0001412818  -0.0000381801  -0.0000924652   0.0000529036
        0.0000715043  -0.0000722340   0.0001500213  -0.0003727298   0.0002197863
       -0.0004171217   0.0000613120   0.0003692821   0.0004207930   0.0004494792
        0.0004929574   0.0003685664  -0.0000270695  -0.0008363107  -0.0001282841
       -0.0011325653  -0.0008642387  -0.0053951376  -0.0221452417   0.0098283559
       -0.0001679997   0.0024778967   0.0022887533   0.0002644673  -0.0004164419
        0.0006278507  -0.0012124647   0.0023680928   0.0028977920   0.0151279849
       -0.0224621910   0.0090832288   0.0000274172   0.0000697029  -0.0002858706
        0.0000442917  -0.0000648188   0.0000034353   0.0000004952   0.0000300941
       -0.0000166775   0.0000276747  -0.0000012907  -0.0000293734   0.0000052594
        0.0000027779   0.0000025963  -0.0000095127   0.0000103970  -0.0000231312
       -0.0000368662  -0.0001009141  -0.0003291508
        0.0013186846   0.0037418180  -0.0017145691   0.0252913799   0.0010641054
       -0.0048713147   0.0028468841   0.0024855136  -0.0547054453  -0.0337214425
       -0.1609175280   0.2108269352   0.0165862720   0.0861051529  -0.0861485510
        0.0329265960  -0.0023178980  -0.0032585710  -0.0044431129   0.0185695444
       -0.0133643600  -0.0223295303  -0.0147065330   0.0059530904  -0.0183660463
        0.0490131790  -0.0667121160   0.0012868097  -0.0075429267   0.0047474926
        0.0010172605  -0.0002215077   0.0003279466  -0.0000776713   0.0003218165
       -0.0008565934   0.0000175931   0.0000793844   0.0001252706  -0.0000388213
       -0.0000593247   0.0000421596   0.0000272279   0.0002226939  -0.0003096261
       -0.0007684440   0.0001800795  -0.0000470098   0.0001711380  -0.0004465382
       -0.0006107805   0.0000967297  -0.0002626635  -0.0006347960   0.0003792914
        0.0006177056   0.0005343294   0.0020214450   0.0086894005  -0.0022388246
        0.0013152532   0.0025688722   0.0071780931  -0.0001433843   0.0003046018
        0.0001894084   0.0011127031   0.0024768989   0.0071693529  -0.0065171836
        0.0101053433  -0.0020858377   0.0000414592  -0.0001120768   0.0002066951
       -0.0000032731   0.0000368477  -0.0000128515  -0.0000188225  -0.0000272479
       -0.0000067884  -0.0000179042  -0.0000071602   0.0000123945  -0.0000225629
        0.0000135167  -0.0000063761  -0.0000849316  -0.0000530483  -0.0000300344
        0.0000964034   0.0000779786   0.0003012771
        0.0000379994   0.0001002630   0.0012753788   0.0049442841  -0.0055397874
       -0.0025145837  -0.0397617455  -0.0334906440   0.0167042530  -0.1017901577
       -0.0240576132   0.0165862720   0.6726081882  -0.0241841580  -0.0319380223
       -0.3321438371  -0.0625426217   0.0486524443  -0.0528872355   0.0670303469
       -0.0236995397  -0.0364733765  -0.0311761164   0.0148278173   0.0493125545
       -0.0066065443  -0.0000679512  -0.0018576478   0.0015277359  -0.0014041692
        0.0004035423  -0.0003265836  -0.0005756497  -0.0002660987  -0.0004311487
       -0.0000441546   0.0003786629   0.0001819734   0.0001703472  -0.0001820909
        0.0000353894  -0.0000932300  -0.0001658207   0.0001678097   0.0002380627
       -0.0000595352   0.0002921390   0.0004361360   0.0000402799   0.0000535192
       -0.0000036514  -0.0001752617   0.0002556037   0.0007234318  -0.0000116003
       -0.0000198355  -0.0000175028  -0.1449890695   0.1165264343  -0.0411700653
       -0.0133070582  -0.0039812666   0.0029349446  -0.0015465108   0.0032588674
       -0.0003693144   0.0000591668  -0.0007726187   0.0002609208  -0.0019068699
        0.0034455302  -0.0010818000   0.0000134641   0.0000572392   0.0000053677
       -0.0001246185   0.0000210095   0.0000545923  -0.0000221407  -0.0000410144
        0.0000208376  -0.0000443277  -0.0000293752   0.0000343436  -0.0000766506
       -0.0000013615  -0.0000354422  -0.0000784972  -0.0000683846  -0.0000524628
        0.0000720087   0.0003152130   0.0001423894
        0.0000098950   0.0001226931   0.0001531341   0.0071526026  -0.0023192327
       -0.0016171349  -0.0298081841  -0.0085543337   0.0031906156  -0.0796251306
       -0.2338356021   0.0861051529  -0.0241841580   0.5531197180  -0.1843508629
        0.0073982867  -0.0892515657   0.0187837874   0.0128790952   0.0318944894
       -0.0139268078  -0.0260702993  -0.0179866507   0.0071770075   0.0362190605
       -0.0482409684   0.0187015636  -0.0009270550  -0.0005908657  -0.0000157828
        0.0005102347  -0.0000970731  -0.0002162910  -0.0001615776  -0.0000684719
       -0.0001134641   0.0000862096   0.0000445404   0.0000191961  -0.0000410728
       -0.0000028865   0.0000092517  -0.0000920152   0.0000647345   0.0000770185
        0.0002242900   0.0000458734   0.0001481223   0.0000399360   0.0000067815
        0.0001750582  -0.0002279753   0.0006352459   0.0003683288   0.0002774350
       -0.0001151164  -0.0000692570   0.1166244194  -0.1762585239   0.0537241054
       -0.0261153913  -0.0055088703   0.0047871986   0.0036641676  -0.0017086593
        0.0034893431  -0.0006996750   0.0003094300  -0.0002858344   0.0029781344
       -0.0019826600   0.0034839766  -0.0000128948   0.0000259983   0.0000124944
       -0.0000099456   0.0000118935   0.0000077472   0.0000014380   0.0000009586
        0.0000059523  -0.0000130779   0.0000053248   0.0000058065   0.0000075213
       -0.0000051786   0.0000056258  -0.0000315545   0.0000011453   0.0000022551
       -0.0000527189   0.0002378325   0.0001626931
        0.0004668172   0.0000884541  -0.0004510935  -0.0011693852  -0.0017696040
       -0.0005273289   0.0083920177   0.0098273514   0.0022594547   0.0418239059
        0.0802249286  -0.0861485510  -0.0319380223  -0.1843508629   0.1867965516
        0.0183920233   0.0238516662  -0.0546790826  -0.0005193762  -0.0191675586
        0.0094163834   0.0138027634   0.0087519114  -0.0093416796  -0.0189855687
        0.0204660154  -0.0058445278  -0.0001449470   0.0001155711   0.0002807881
       -0.0001553447   0.0000934852   0.0000866054   0.0000453381   0.0001569748
        0.0000865149  -0.0001583781  -0.0000620464  -0.0000583954   0.0000954989
       -0.0000083645   0.0000512190   0.0000406512  -0.0000961222  -0.0000596510
        0.0001359005  -0.0000289165  -0.0000305479   0.0002211945   0.0001272405
       -0.0000689623   0.0008153750  -0.0004256270  -0.0006135466  -0.0004327704
        0.0001107088   0.0000550013  -0.0413531934   0.0524929432  -0.0516652536
        0.0116684235   0.0029202704  -0.0013249433  -0.0009060128   0.0035491063
        0.0059766039   0.0002632325  -0.0001729442  -0.0000626811  -0.0005304825
        0.0033808806   0.0059279528  -0.0000488304   0.0000024450   0.0000115178
        0.0000491730  -0.0000152916  -0.0000185150   0.0000118175   0.0000227064
        0.0000022397   0.0000194316   0.0000122264  -0.0000074166   0.0000398450
       -0.0000101019   0.0000267463   0.0000491490   0.0000421690   0.0000409457
        0.0000097541  -0.0001296152  -0.0001163485
        0.0005168250  -0.0005409618  -0.0003416660  -0.0028821244   0.0000751074
       -0.0000601199   0.0048377248   0.0020884265   0.0020127412  -0.0193663945
       -0.0815486726   0.0329265960  -0.3321438371   0.0073982867   0.0183920233
        0.6551998480  -0.0098415474  -0.0368897666  -0.1877974426   0.0735683193
       -0.0200685026   0.0547842823   0.0446780989  -0.0221561763  -0.0537738621
        0.0187357382  -0.0044052552   0.0004038638   0.0005526022  -0.0001542595
       -0.0002186911   0.0001341782   0.0001438241   0.0000502545   0.0001217071
        0.0001427133  -0.0001821223  -0.0000559035  -0.0000478281   0.0000804985
       -0.0000038034   0.0000283691   0.0001105941  -0.0000682953  -0.0000556436
        0.0000692422  -0.0000958212  -0.0001857154   0.0002124021   0.0000899163
       -0.0000141306  -0.0001250940  -0.0001493938   0.0005336224  -0.0001646391
       -0.0000390222  -0.0000901663  -0.0219186413   0.0002556402   0.0021602248
       -0.0749979863  -0.0753379384   0.0340083218  -0.0227834810   0.0216043542
       -0.0074197679   0.0003831312  -0.0022796626   0.0015082711  -0.0003536432
        0.0007348854   0.0000645902  -0.0000481751  -0.0000231470  -0.0000334703
        0.0000342464  -0.0000246059  -0.0000260628   0.0000076083   0.0000181080
       -0.0000101847   0.0000142645   0.0000095350  -0.0000174985   0.0000238641
       -0.0000083354   0.0000076780   0.0000220188   0.0000269603   0.0000285328
        0.0000054654  -0.0000747534   0.0000187062
        0.0001475710  -0.0005178200   0.0001048603  -0.0013959579  -0.0005895413
        0.0002469345   0.0000951163  -0.0027403580   0.0047841749  -0.0298432310
        0.0103114630  -0.0023178980  -0.0625426217  -0.0892515657   0.0238516662
       -0.0098415474   0.5843444687  -0.1945344961   0.1464682226  -0.2127120917
        0.0580780227  -0.0108503265  -0.0568363193   0.0243805837   0.0235541954
       -0.0056853197  -0.0009263744  -0.0001616028   0.0007209837  -0.0004493163
       -0.0000643609   0.0000044224  -0.0000268737  -0.0000076985  -0.0000348250
        0.0000772696  -0.0000218357   0.0000001372  -0.0000050046   0.0000070528
        0.0000108179   0.0000025214  -0.0000180214  -0.0000231419   0.0000055439
        0.0000239429  -0.0000282444   0.0000244872   0.0000649586   0.0000578893
       -0.0000340183  -0.0000438878   0.0000296217   0.0001088410  -0.0000517925
       -0.0001118757  -0.0000316621   0.0222931189   0.0010206493  -0.0024270716
       -0.0755403432  -0.2273327688   0.0855530865  -0.0009399223   0.0019719383
       -0.0005727120  -0.0017502024  -0.0032590279   0.0045415979   0.0004266415
        0.0005986707  -0.0004114379  -0.0000105382   0.0000058693  -0.0000140005
       -0.0000005920  -0.0000047649  -0.0000006433   0.0000015582   0.0000063847
       -0.0000030978   0.0000002499  -0.0000021057  -0.0000079267   0.0000040656
        0.0000042484   0.0000023903   0.0000073268   0.0000167251   0.0000005550
       -0.0000095384   0.0000254801  -0.0000000020
       -0.0000892306   0.0001130048  -0.0005309374  -0.0011467023  -0.0001413174
        0.0004807478   0.0025344052   0.0051528368   0.0052327869   0.0134008632
        0.0000447689  -0.0032585710   0.0486524443   0.0187837874  -0.0546790826
       -0.0368897666  -0.1945344961   0.1987789866  -0.0505841469   0.0648684197
       -0.0696900971  -0.0001496705   0.0197777687  -0.0069372924  -0.0054019116
       -0.0010493552  -0.0040461214  -0.0001625794   0.0000085983   0.0000545204
       -0.0000038677  -0.0000068076  -0.0000246381  -0.0000091255  -0.0000264146
       -0.0000077198   0.0000365645   0.0000015566   0.0000087033  -0.0000117711
        0.0000046649  -0.0000175882  -0.0000030089   0.0000043216   0.0000192879
        0.0000444929   0.0000349447   0.0000098117  -0.0000444979  -0.0000619963
       -0.0000114072   0.0001190332  -0.0000875816  -0.0000812584   0.0000544532
        0.0000857233   0.0000218303  -0.0077259633  -0.0003179029   0.0006369383
        0.0341546876   0.0855824760  -0.0723554340   0.0021215195  -0.0024857846
        0.0007233351   0.0012736678   0.0046709108   0.0057592090  -0.0001417098
       -0.0003721406  -0.0000249641   0.0000038489  -0.0000113228   0.0000061724
        0.0000000035  -0.0000040005   0.0000080551  -0.0000000505   0.0000018284
       -0.0000075583   0.0000012570  -0.0000014500   0.0000022195  -0.0000065871
        0.0000033830  -0.0000044301   0.0000031304   0.0000025617  -0.0000095396
       -0.0000297817  -0.0000409853  -0.0000559645
       -0.0002594559   0.0003898767   0.0000591232   0.0017031182   0.0000614912
        0.0001755180  -0.0047308902  -0.0018650702  -0.0009444395   0.0061375802
        0.0109135918  -0.0044431129  -0.0528872355   0.0128790952  -0.0005193762
       -0.1877974426   0.1464682226  -0.0505841469   0.6707967896  -0.0114163297
       -0.0362118472  -0.1234324760  -0.1061056429   0.0493652159  -0.0189254775
       -0.0288796853   0.0135528611  -0.0000178165  -0.0001989060   0.0000400083
        0.0001312407  -0.0000495201  -0.0000560584  -0.0000426362  -0.0000258847
       -0.0000336382   0.0000306481   0.0000234161   0.0000195990  -0.0000420611
        0.0000045668  -0.0000012714  -0.0000454436   0.0000116721   0.0000151739
        0.0000458536  -0.0000088939  -0.0000047755   0.0000151190  -0.0000369885
       -0.0000565112  -0.0001673972   0.0000478384  -0.0000314763   0.0001231158
       -0.0000256830   0.0000434009  -0.0054940290  -0.0004481079   0.0013021213
        0.0060088271  -0.0070628493   0.0024324892  -0.2911427003  -0.0302627995
        0.0317149003   0.0056342888   0.0164529248  -0.0071641693  -0.0056148022
       -0.0009813671   0.0012070843   0.0000012792   0.0000038514   0.0000151539
       -0.0000177283   0.0000012586   0.0000078390   0.0000003501  -0.0000025091
        0.0000068014  -0.0000069048  -0.0000087241   0.0000020440  -0.0000017398
        0.0000028769   0.0000058273  -0.0000146464   0.0000041824  -0.0000002429
        0.0000126727   0.0001140964   0.0000859048
        0.0000555599   0.0000141928   0.0001953760   0.0004250829  -0.0003274372
       -0.0002705658  -0.0021864294   0.0017392137  -0.0006684782   0.0108127333
       -0.0554652153   0.0185695444   0.0670303469   0.0318944894  -0.0191675586
        0.0735683193  -0.2127120917   0.0648684197  -0.0114163297   0.5685932609
       -0.1875618728  -0.0330008908  -0.2574213829   0.0889085675  -0.0830939342
        0.0085533071   0.0034205475  -0.0001189422   0.0001058681  -0.0000658653
        0.0000188553  -0.0000098610  -0.0000328490  -0.0000144428   0.0000094904
        0.0000036264  -0.0000069852  -0.0000043213   0.0000074415  -0.0000036496
        0.0000040263   0.0000120618  -0.0000171228   0.0000153246   0.0000190823
        0.0000912233  -0.0000392810  -0.0000463028   0.0001598662   0.0001082358
        0.0000403053   0.0000404960  -0.0000383267   0.0002369812  -0.0001375542
        0.0001110606   0.0000014657  -0.0011613115   0.0024534428   0.0025614879
        0.0153723251  -0.0221865938   0.0083824038  -0.0302156517  -0.0460548995
        0.0080578929  -0.0059835099  -0.0219569788   0.0097639103  -0.0002468927
        0.0025417348   0.0026458858  -0.0000232783   0.0000323298   0.0000164420
       -0.0000042537   0.0000095356   0.0000001130   0.0000064881   0.0000029560
        0.0000112585  -0.0000026663   0.0000018473   0.0000029855  -0.0000018068
       -0.0000036637  -0.0000019794   0.0000091189   0.0000037490   0.0000201584
        0.0000452367   0.0000259879   0.0000695145
       -0.0000406220  -0.0000007192  -0.0000434232  -0.0002094751   0.0000726454
        0.0000500581   0.0010804758  -0.0005310952   0.0000547210  -0.0052016482
        0.0196837210  -0.0133643600  -0.0236995397  -0.0139268078   0.0094163834
       -0.0200685026   0.0580780227  -0.0696900971  -0.0362118472  -0.1875618728
        0.1912124641   0.0191840250   0.0941773491  -0.0873047965   0.0355363428
       -0.0009814774  -0.0009082162   0.0000494455  -0.0000421868   0.0000350781
       -0.0000136522   0.0000135355   0.0000132762   0.0000063052   0.0000014090
       -0.0000079321   0.0000050470  -0.0000016069   0.0000018715  -0.0000013930
       -0.0000016208  -0.0000016113   0.0000115902  -0.0000069265   0.0000012165
       -0.0000393161   0.0000058790   0.0000294207  -0.0000812743  -0.0000238531
       -0.0000049021  -0.0000280917   0.0000342372  -0.0001010526   0.0000704970
       -0.0000386265  -0.0000241962   0.0015462024   0.0023908519   0.0068245919
       -0.0068042642   0.0100884853  -0.0029238077   0.0317205644   0.0081493923
       -0.0375413184   0.0021025467   0.0081307676  -0.0026924977   0.0010941020
        0.0023272544   0.0069946389   0.0000069633   0.0000003971  -0.0000196249
        0.0000025289   0.0000062192  -0.0000078916  -0.0000015798  -0.0000044731
        0.0000091319   0.0000011671   0.0000045047   0.0000060205   0.0000011751
       -0.0000089223   0.0000022181   0.0000007025  -0.0000120870   0.0000084557
       -0.0000184747  -0.0000223961  -0.0000238189
        0.0001578075  -0.0006002883  -0.0005081934  -0.0038815156   0.0008571534
        0.0004968509   0.0062838031   0.0025866704   0.0011347244  -0.0530309417
        0.0627272620  -0.0223295303  -0.0364733765  -0.0260702993   0.0138027634
        0.0547842823  -0.0108503265  -0.0001496705  -0.1234324760  -0.0330008908
        0.0191840250   0.6625447903  -0.0201147410  -0.0300437534  -0.3355526203
       -0.0654197815   0.0452686756   0.0005644189   0.0000058416   0.0003887237
       -0.0002242276   0.0001072460   0.0001888700   0.0000444993   0.0001247420
        0.0000703340  -0.0001574187  -0.0000484992  -0.0000539962   0.0000770097
       -0.0000142325   0.0000290671   0.0001239030  -0.0000682705  -0.0000922458
       -0.0000413805  -0.0000758362  -0.0000938699  -0.0001924167  -0.0000945146
       -0.0001325234  -0.0001347883   0.0001474211  -0.0002625110   0.0001494046
       -0.0002163011  -0.0000617246   0.0000332950  -0.0008857027   0.0002002865
       -0.0015816703   0.0038477569  -0.0008280714  -0.0138701233  -0.0258659209
        0.0115616927  -0.1435690974   0.1167533219  -0.0398595775  -0.0126299143
       -0.0037270494   0.0022349360   0.0000033116  -0.0000593603  -0.0000544543
        0.0000371071  -0.0000204253  -0.0000258659   0.0000044577   0.0000171236
       -0.0000138811   0.0000184656   0.0000140721  -0.0000145324   0.0000260782
        0.0000002979   0.0000106687   0.0000074842   0.0000227476   0.0000113890
       -0.0000881508  -0.0000792165  -0.0000586060
       -0.0000822622  -0.0002689768   0.0000241463  -0.0002402575   0.0005314746
        0.0003273205   0.0046384395  -0.0037798554   0.0040606384   0.0125701970
        0.0346013974  -0.0147065330  -0.0311761164  -0.0179866507   0.0087519114
        0.0446780989  -0.0568363193   0.0197777687  -0.1061056429  -0.2574213829
        0.0941773491  -0.0201147410   0.5819606427  -0.1900674007   0.0051636504
       -0.0905912232   0.0179802605   0.0001975572   0.0004821220  -0.0005482875
       -0.0000604375   0.0000449368   0.0000348213   0.0000351583  -0.0000237089
        0.0000930091  -0.0000325945  -0.0000227385  -0.0000214740   0.0000244864
        0.0000119478  -0.0000082903   0.0000303920  -0.0000245010   0.0000106726
        0.0000225345  -0.0000132183  -0.0000458359  -0.0001108310  -0.0000491491
        0.0000000284   0.0001056544  -0.0000164621  -0.0001716483   0.0000486644
       -0.0000227140  -0.0000230342  -0.0006482587   0.0003360687  -0.0001571997
        0.0032488177  -0.0018130965   0.0037291803  -0.0032220630  -0.0042158119
        0.0019588151   0.1168217744  -0.1793006181   0.0511767002  -0.0258249873
       -0.0055418619   0.0037613457   0.0000030536  -0.0000017786  -0.0000229017
        0.0000145009  -0.0000058415  -0.0000019600   0.0000038321   0.0000101644
       -0.0000142978   0.0000066297   0.0000093109  -0.0000049295   0.0000014326
        0.0000064614  -0.0000051163   0.0000063296   0.0000093486  -0.0000074312
       -0.0000030118  -0.0000679667  -0.0000576275
       -0.0000613621  -0.0005020327   0.0003792024  -0.0013822526   0.0002274030
        0.0006625939  -0.0019800000   0.0046415404   0.0044146503  -0.0004526349
       -0.0205012363   0.0059530904   0.0148278173   0.0071770075  -0.0093416796
       -0.0221561763   0.0243805837  -0.0069372924   0.0493652159   0.0889085675
       -0.0873047965  -0.0300437534  -0.1900674007   0.1956727991   0.0183770701
        0.0243422599  -0.0536607639  -0.0001797956   0.0004155247  -0.0001225559
       -0.0000899897  -0.0000102643  -0.0000077008   0.0000108823   0.0000105886
        0.0000495023  -0.0000192625  -0.0000105754  -0.0000260843   0.0000055227
        0.0000029775   0.0000016456  -0.0000270085  -0.0000034026  -0.0000100783
        0.0001039982  -0.0000378929  -0.0000111173   0.0001068098   0.0001047808
        0.0001163199   0.0000263675  -0.0000192711   0.0000769139  -0.0000906895
       -0.0001028667  -0.0000870376   0.0002269707  -0.0001258402  -0.0001344464
       -0.0006824304   0.0036403885   0.0064211985   0.0023819024   0.0036806672
       -0.0017305385  -0.0399568768   0.0511483676  -0.0525283963   0.0116704873
        0.0026529806  -0.0018379189  -0.0000118012   0.0000134373   0.0000028852
       -0.0000030976  -0.0000071249   0.0000021233   0.0000021511   0.0000043280
       -0.0000077079   0.0000005985  -0.0000027504  -0.0000054947   0.0000100205
        0.0000020680   0.0000011220   0.0000151676   0.0000143381  -0.0000025175
        0.0000061488   0.0000228491   0.0000020799
       -0.0000307143   0.0014463500  -0.0002071158   0.0021543402  -0.0021335540
       -0.0041446843  -0.0561472294   0.0257618369  -0.0067888219  -0.1545707859
        0.0677387206  -0.0183660463   0.0493125545   0.0362190605  -0.0189855687
       -0.0537738621   0.0235541954  -0.0054019116  -0.0189254775  -0.0830939342
        0.0355363428  -0.3355526203   0.0051636504   0.0183770701   0.6687076116
        0.0074386016  -0.0420282405  -0.0021036800  -0.0017581502   0.0022257937
        0.0004979740  -0.0005353069  -0.0003888785  -0.0003460639  -0.0001390328
       -0.0004455431   0.0003812854   0.0001877202   0.0001883807  -0.0001811566
        0.0000038475  -0.0000499869  -0.0001668297   0.0002955187   0.0001151667
        0.0002033022   0.0002566986   0.0002878316   0.0002617552   0.0000277514
        0.0000478291   0.0000511365   0.0002728811   0.0005169763   0.0000156963
        0.0003440923   0.0002701919   0.0001643389  -0.0021272289   0.0016506686
       -0.0003291882   0.0004612123  -0.0003512030   0.0003099509  -0.0017692218
        0.0011279117  -0.0226222051   0.0002949117   0.0015606617  -0.0769765114
       -0.0781906357   0.0348028704  -0.0000057396   0.0000108856   0.0001249956
       -0.0001318142   0.0000438470   0.0000448641  -0.0000234760  -0.0000410550
        0.0000156377  -0.0000532893  -0.0000215096   0.0000382694  -0.0000683682
        0.0000066735  -0.0000315819  -0.0000822002  -0.0000608620  -0.0000447924
        0.0000312665   0.0003420359   0.0003029129
       -0.0000505852   0.0001853084  -0.0001885342  -0.0048580573   0.0014075021
        0.0008322206   0.0174048999   0.0048048125   0.0014131972   0.1213424697
       -0.2042353553   0.0490131790  -0.0066065443  -0.0482409684   0.0204660154
        0.0187357382  -0.0056853197  -0.0010493552  -0.0288796853   0.0085533071
       -0.0009814774  -0.0654197815  -0.0905912232   0.0243422599   0.0074386016
        0.5677990918  -0.1864074175   0.0006116648  -0.0001070326   0.0007013548
       -0.0003267600   0.0000196062   0.0000637351   0.0000798356   0.0000230832
       -0.0000550141   0.0000213184   0.0000056913   0.0000056002  -0.0000065262
       -0.0000095524  -0.0000174498   0.0000613358  -0.0000205621  -0.0000386553
       -0.0002466315  -0.0000088058  -0.0000091365  -0.0002592923  -0.0000172424
        0.0000232200   0.0001428879  -0.0003373388  -0.0004849837   0.0000545463
       -0.0000012294   0.0000374717  -0.0016289396  -0.0033909395   0.0041873800
        0.0004401512   0.0007101648  -0.0002703830  -0.0022687168  -0.0031640072
        0.0043399811   0.0223410200   0.0011923277  -0.0018403334  -0.0780920007
       -0.2287040509   0.0861040371   0.0000343599  -0.0000184680  -0.0000183989
       -0.0000170141   0.0000074439  -0.0000020968  -0.0000118088  -0.0000188421
        0.0000017079  -0.0000040497  -0.0000004088   0.0000060852  -0.0000162130
       -0.0000013337  -0.0000090971   0.0000014266  -0.0000225689  -0.0000050972
       -0.0000176495  -0.0001330894  -0.0001600152
       -0.0000168933   0.0001766160   0.0002694593   0.0010349069   0.0009130158
        0.0002385984   0.0009382744  -0.0035438251   0.0032360410  -0.0452147189
        0.0550947239  -0.0667121160  -0.0000679512   0.0187015636  -0.0058445278
       -0.0044052552  -0.0009263744  -0.0040461214   0.0135528611   0.0034205475
       -0.0009082162   0.0452686756   0.0179802605  -0.0536607639  -0.0420282405
       -0.1864074175   0.1856414187   0.0003397599   0.0001833982  -0.0003339465
        0.0000431892   0.0000418446   0.0000248685   0.0000047869  -0.0000649020
        0.0000125241   0.0000204124   0.0000115155   0.0000244063  -0.0000322200
        0.0000189589  -0.0000094058   0.0000184585   0.0000633568   0.0000634055
        0.0000908204  -0.0001115421  -0.0001851613   0.0000011748   0.0001019550
        0.0001447140   0.0000497288   0.0001690765   0.0002050896   0.0000977936
        0.0000903042   0.0000529450   0.0012371020   0.0044493013   0.0052424384
       -0.0001698241  -0.0004297391  -0.0000813294   0.0014199376   0.0044114619
        0.0053929265  -0.0074086625  -0.0001617040   0.0013239830   0.0352061340
        0.0857591308  -0.0702269055  -0.0000194500   0.0000363765   0.0000106495
       -0.0000010972   0.0000142071   0.0000126153   0.0000049977  -0.0000033481
        0.0000121900  -0.0000095545  -0.0000027281   0.0000144329  -0.0000127056
       -0.0000049063  -0.0000051136   0.0000159241  -0.0000035582   0.0000118235
        0.0000416351   0.0000224304   0.0000790778
       -0.0088041834  -0.0091573393  -0.0063747440  -0.1757907452  -0.0475107659
       -0.0296044897  -0.0655518677   0.0142387502   0.0223154716   0.0046828232
        0.0005732235   0.0012868097  -0.0018576478  -0.0009270550  -0.0001449470
        0.0004038638  -0.0001616028  -0.0001625794  -0.0000178165  -0.0001189422
        0.0000494455   0.0005644189   0.0001975572  -0.0001797956  -0.0021036800
        0.0006116648   0.0003397599   0.6135018421   0.0046064570  -0.0455472718
       -0.1999613825   0.1001077405   0.0948104302  -0.0623991992  -0.0078581957
       -0.0001772411   0.0035721718   0.0162619131   0.0129321805  -0.0019931051
        0.0000417099  -0.0009239269  -0.0059736079  -0.0246616723  -0.0193669364
       -0.0952725726  -0.0551817033  -0.0397942481  -0.0005126844   0.0000851305
        0.0002437227  -0.0001115373  -0.0006644409  -0.0005351322  -0.0006732449
       -0.0003509029  -0.0002510088  -0.0000302078  -0.0000734374   0.0001593239
       -0.0001422821  -0.0001434847   0.0001106178  -0.0001425738  -0.0000148684
        0.0000407093  -0.0001582980   0.0000785682  -0.0000650738   0.0000737834
       -0.0001207666   0.0000900595   0.0046944503  -0.0017374437  -0.0011421738
       -0.0049680022  -0.0020280885  -0.0002960401   0.0001153165   0.0000103967
        0.0002708994   0.0001790304  -0.0002308172  -0.0001856157  -0.0001274636
       -0.0003033189   0.0000475280  -0.0051227915  -0.0023711629  -0.0007721910
        0.0039271931   0.0168028971   0.0128264573
       -0.0185039271  -0.0052632737  -0.0079426360  -0.0349638399  -0.0745601530
       -0.0125132527   0.0087087742   0.0017758044   0.0073683264   0.0030902691
        0.0069684426  -0.0075429267   0.0015277359  -0.0005908657   0.0001155711
        0.0005526022   0.0007209837   0.0000085983  -0.0001989060   0.0001058681
       -0.0000421868   0.0000058416   0.0004821220   0.0004155247  -0.0017581502
       -0.0001070326   0.0001833982   0.0046064570   0.4282557131   0.2521246574
        0.0543086199  -0.1276875963  -0.0703709879   0.0355490912   0.0307503137
        0.0199570194   0.0165199425  -0.0347579910  -0.0247696702  -0.0006806916
       -0.0001127567  -0.0001359244  -0.0671142726  -0.0085460959  -0.0019818462
       -0.0106150545  -0.1976437403  -0.1200836740  -0.0006300852  -0.0001995610
       -0.0004419562  -0.0009204027  -0.0020252435  -0.0033270683   0.0001836916
        0.0004360752   0.0001497127   0.0000408417  -0.0001022411  -0.0001575398
        0.0002102358   0.0000364048  -0.0000017402  -0.0000323659  -0.0000449673
       -0.0001148695  -0.0001198462   0.0000156059  -0.0000230335  -0.0001183421
        0.0000041931  -0.0001484296   0.0154814376  -0.0132177051  -0.0124662220
       -0.0026211293   0.0036077531  -0.0035594508  -0.0001800642   0.0002869783
        0.0000032942   0.0000658021  -0.0000682094   0.0002785492  -0.0001634069
        0.0001866953   0.0002210063  -0.0019159737   0.0037388363  -0.0037142012
       -0.0003148844  -0.0124443568  -0.0114880421
       -0.0166419807  -0.0094640592  -0.0029986994  -0.0176257612  -0.0124089185
       -0.0642092263   0.0195293082   0.0097673567  -0.0011946563   0.0038821929
       -0.0080111485   0.0047474926  -0.0014041692  -0.0000157828   0.0002807881
       -0.0001542595  -0.0004493163   0.0000545204   0.0000400083  -0.0000658653
        0.0000350781   0.0003887237  -0.0005482875  -0.0001225559   0.0022257937
        0.0007013548  -0.0003339465  -0.0455472718   0.2521246574   0.3455684248
        0.0578312166  -0.0745753822  -0.1165980463   0.0356550482   0.0252733427
        0.0186037139   0.0128164072  -0.0253793329  -0.0285122957  -0.0003630408
        0.0001016455  -0.0002791907  -0.0554161598  -0.0057371467   0.0019803165
       -0.0034656204  -0.1159485254  -0.1472700892  -0.0003068953  -0.0000002791
        0.0005774710  -0.0012394317  -0.0033577223  -0.0021425533  -0.0007121154
       -0.0007794446  -0.0004261778  -0.0001013571  -0.0000095949   0.0000795165
       -0.0001221089  -0.0000411655  -0.0000034720   0.0000068121   0.0000214492
        0.0000492885   0.0002092543   0.0000016753  -0.0000154674   0.0000698391
        0.0000329199   0.0000161972   0.0122720082  -0.0111629357  -0.0098093000
       -0.0010374375  -0.0036777898   0.0052919495  -0.0001246643   0.0002192471
        0.0000021960   0.0000787340  -0.0000193621   0.0002924180  -0.0001628375
        0.0001676601   0.0001662428  -0.0001410174  -0.0036909030   0.0055854910
       -0.0004392181  -0.0130683466  -0.0094154281
       -0.0010025923   0.0008410086   0.0007508906  -0.0397343682   0.0111608147
        0.0132686376   0.0011146429  -0.0035147487  -0.0033443197  -0.0033750751
       -0.0001739573   0.0010172605   0.0004035423   0.0005102347  -0.0001553447
       -0.0002186911  -0.0000643609  -0.0000038677   0.0001312407   0.0000188553
       -0.0000136522  -0.0002242276  -0.0000604375  -0.0000899897   0.0004979740
       -0.0003267600   0.0000431892  -0.1999613825   0.0543086199   0.0578312166
        0.6495160237   0.0332505001  -0.0218072746  -0.3140175973  -0.0348841123
       -0.0046029083  -0.0004225255  -0.0720055733  -0.0592254704   0.0022688464
       -0.0007852086   0.0008264362  -0.0589934714   0.0075604956   0.0117644123
        0.0432762994   0.0462225432   0.0339569649  -0.0005869556  -0.0001721886
        0.0002581071  -0.0000535734   0.0003069694   0.0004315910  -0.0005437724
        0.0003189778  -0.0001676519  -0.0000230120   0.0000511516   0.0000003824
        0.0000170659   0.0000405646  -0.0000283763   0.0000575328   0.0000106223
        0.0000173855   0.0000343192  -0.0000357048   0.0000159191  -0.0000261111
       -0.0000159838   0.0000380307  -0.0518461958  -0.0375628861  -0.0290078292
       -0.0254883103  -0.0045491699  -0.0015106661  -0.0004868206   0.0002273026
       -0.0005529376   0.0001524511   0.0003436512   0.0003945726  -0.0002747303
        0.0004838172   0.0001955442  -0.0005152592   0.0002202376   0.0003012797
        0.0003247335  -0.0017252743  -0.0006015318
       -0.0001538478  -0.0010251709  -0.0000783159   0.0037015716   0.0044597950
        0.0039635798  -0.0050245647   0.0011801157   0.0006282400   0.0006839606
        0.0004017651  -0.0002215077  -0.0003265836  -0.0000970731   0.0000934852
        0.0001341782   0.0000044224  -0.0000068076  -0.0000495201  -0.0000098610
        0.0000135355   0.0001072460   0.0000449368  -0.0000102643  -0.0005353069
        0.0000196062   0.0000418446   0.1001077405  -0.1276875963  -0.0745753822
        0.0332505001   0.4450882888   0.2668764485  -0.0950968802  -0.0932320957
       -0.0300074087  -0.0253816369  -0.0103564314  -0.0062292500  -0.0011807516
       -0.0000388207  -0.0054793913   0.0075635460  -0.0008809384   0.0024100584
        0.0089726869  -0.0281956585  -0.0253968392  -0.0005454374   0.0003714555
       -0.0004487564   0.0000339058  -0.0001280945  -0.0003305677  -0.0007616988
       -0.0003188722   0.0002106698   0.0000369643   0.0000100479   0.0000064228
       -0.0000515643  -0.0000446602   0.0000218793  -0.0000556485  -0.0000075632
        0.0000059520  -0.0000733451   0.0000362120  -0.0000206081   0.0000205877
        0.0000221867  -0.0000276780  -0.0372568804  -0.1923864043  -0.1260483705
        0.0138539290   0.0034758876   0.0011711257  -0.0004452265   0.0000197949
       -0.0002226966   0.0006023606  -0.0000418971  -0.0001679142  -0.0010055466
       -0.0004104472  -0.0003168199   0.0001701383   0.0004653490   0.0004860656
       -0.0012948760  -0.0007382789  -0.0063407289
       -0.0002842991  -0.0003459314  -0.0008629531   0.0087138294   0.0035746715
        0.0007294875  -0.0048200514   0.0008139193   0.0025663129   0.0013798540
       -0.0001690107   0.0003279466  -0.0005756497  -0.0002162910   0.0000866054
        0.0001438241  -0.0000268737  -0.0000246381  -0.0000560584  -0.0000328490
        0.0000132762   0.0001888700   0.0000348213  -0.0000077008  -0.0003888785
        0.0000637351   0.0000248685   0.0948104302  -0.0703709879  -0.1165980463
       -0.0218072746   0.2668764485   0.3381240251  -0.0541830579  -0.0359516039
       -0.0700674452  -0.0210470856  -0.0015676573   0.0001901424  -0.0000934721
       -0.0061424391   0.0019932847   0.0111867609   0.0023840956  -0.0037920503
        0.0037416509  -0.0288026455  -0.0224709179  -0.0008298447   0.0001181835
       -0.0001295174   0.0000191323  -0.0002776028  -0.0000843757  -0.0004443815
       -0.0004552743   0.0002222541   0.0000252571  -0.0000326512   0.0000215065
       -0.0000634271  -0.0000604498   0.0000324231  -0.0000578131  -0.0000102591
        0.0000120645  -0.0000594629   0.0000346966  -0.0000061871   0.0000396628
        0.0000106813  -0.0000095620  -0.0285108296  -0.1261155043  -0.1340776968
        0.0137598173   0.0029038394   0.0015751208  -0.0013953973  -0.0005907146
       -0.0002110682  -0.0001803702   0.0000346319   0.0000119055   0.0010909628
        0.0001353958   0.0003760665   0.0001843072   0.0005104533   0.0002070832
       -0.0004870053  -0.0063268272   0.0018277855
        0.0005858721  -0.0000692349  -0.0000263992   0.0031022088   0.0024954594
        0.0022651877  -0.0039593860   0.0007370187   0.0013027104   0.0005328960
        0.0001485088  -0.0000776713  -0.0002660987  -0.0001615776   0.0000453381
        0.0000502545  -0.0000076985  -0.0000091255  -0.0000426362  -0.0000144428
        0.0000063052   0.0000444993   0.0000351583   0.0000108823  -0.0003460639
        0.0000798356   0.0000047869  -0.0623991992   0.0355490912   0.0356550482
       -0.3140175973  -0.0950968802  -0.0541830579   0.6676261775   0.0222240942
       -0.0329342478  -0.1018338898  -0.0083154416  -0.0019915312  -0.0136205559
       -0.0232476432  -0.0176751076   0.0455636172   0.0087455081   0.0026141301
       -0.0270671257  -0.0261412959  -0.0196095348  -0.0001261196  -0.0000683680
       -0.0001458521   0.0001756885   0.0000993601   0.0000683449  -0.0000697432
       -0.0001161066  -0.0000629168  -0.0000148719   0.0000439787  -0.0000127379
       -0.0000305947  -0.0000228738   0.0000161394  -0.0000335604  -0.0000058328
       -0.0000009882  -0.0000382800   0.0000105738  -0.0000059201   0.0000267337
       -0.0000582288   0.0000258038  -0.0081608214  -0.0040313307  -0.0024766031
       -0.1775984167   0.0903254428   0.0882129306  -0.0050015726  -0.0020895543
       -0.0010499870   0.0005700174  -0.0015267563  -0.0016538101  -0.0010265189
       -0.0014523587  -0.0007689166  -0.0027809039   0.0024442868   0.0029850887
        0.0001559910  -0.0005126919  -0.0005282892
       -0.0002379823  -0.0004406469   0.0000225398   0.0060246638   0.0021182538
       -0.0048556928  -0.0015520899   0.0013439707   0.0006444878   0.0010739816
       -0.0005153244   0.0003218165  -0.0004311487  -0.0000684719   0.0001569748
        0.0001217071  -0.0000348250  -0.0000264146  -0.0000258847   0.0000094904
        0.0000014090   0.0001247420  -0.0000237089   0.0000105886  -0.0001390328
        0.0000230832  -0.0000649020  -0.0078581957   0.0307503137   0.0252733427
       -0.0348841123  -0.0932320957  -0.0359516039   0.0222240942   0.4338065689
        0.2612086404  -0.0684705906  -0.2044827552  -0.1204464422  -0.0089525415
       -0.0078193996  -0.0079937776   0.0493437075  -0.0287480081  -0.0298895925
       -0.0259570240  -0.0233157330  -0.0127261587   0.0000735178  -0.0001627425
        0.0000589670  -0.0000783648   0.0000753211   0.0000642067  -0.0000427967
        0.0000055902  -0.0002068230   0.0000022392  -0.0000168046   0.0000052857
       -0.0000607480  -0.0000476355   0.0000348556  -0.0000511481  -0.0000076265
        0.0000097958  -0.0000508371   0.0000339092  -0.0000259280   0.0000187778
        0.0000192423  -0.0000104298  -0.0225720575  -0.0080038182  -0.0058159777
        0.0901421665  -0.1021555333  -0.0640397484  -0.0015533823  -0.0005515529
       -0.0005198647   0.0014437225   0.0003372529  -0.0003150338   0.0007047719
       -0.0008215041  -0.0001072711   0.0020984402   0.0019322534  -0.0050048109
       -0.0004785949  -0.0000070636   0.0001875614
       -0.0002519533   0.0002297247  -0.0002989557   0.0054117291  -0.0045383559
        0.0030728815  -0.0012942590   0.0000033400   0.0011271557   0.0007057591
        0.0009269687  -0.0008565934  -0.0000441546  -0.0001134641   0.0000865149
        0.0001427133   0.0000772696  -0.0000077198  -0.0000336382   0.0000036264
       -0.0000079321   0.0000703340   0.0000930091   0.0000495023  -0.0004455431
       -0.0000550141   0.0000125241  -0.0001772411   0.0199570194   0.0186037139
       -0.0046029083  -0.0300074087  -0.0700674452  -0.0329342478   0.2612086404
        0.3333596198  -0.0514319185  -0.1262715230  -0.1505319785  -0.0055680046
       -0.0068756021  -0.0039407548   0.0360240166  -0.0257749400  -0.0235356776
       -0.0190344773  -0.0125765291  -0.0133751473  -0.0000388275  -0.0001656594
       -0.0000044403  -0.0000875162   0.0000742526   0.0000412109   0.0001557315
        0.0001059834  -0.0000722671   0.0000103591  -0.0000249713  -0.0000295783
       -0.0000209942  -0.0000367017   0.0000108749  -0.0000406497  -0.0000129118
       -0.0000135422  -0.0000678206   0.0000250344  -0.0000116300  -0.0000014351
        0.0000154148  -0.0000221927  -0.0176539752  -0.0074055185  -0.0030772052
        0.0879837453  -0.0641514156  -0.0953271797  -0.0001533056  -0.0001618117
        0.0007069105   0.0008970696   0.0004113188   0.0004027134   0.0002252311
       -0.0003243491   0.0005681950   0.0027051515  -0.0048761758   0.0031528097
       -0.0004489703   0.0002407496  -0.0000143866
        0.0001839123   0.0004341147   0.0003601717  -0.0060857046  -0.0002339773
        0.0006093164   0.0025255250  -0.0012348446  -0.0013397578  -0.0010549740
       -0.0001412818   0.0000175931   0.0003786629   0.0000862096  -0.0001583781
       -0.0001821223  -0.0000218357   0.0000365645   0.0000306481  -0.0000069852
        0.0000050470  -0.0001574187  -0.0000325945  -0.0000192625   0.0003812854
        0.0000213184   0.0000204124   0.0035721718   0.0165199425   0.0128164072
       -0.0004225255  -0.0253816369  -0.0210470856  -0.1018338898  -0.0684705906
       -0.0514319185   0.6280978570   0.0166867126  -0.0267694851  -0.2036136379
       -0.0415936687  -0.0173968841  -0.2078635487   0.1067419477   0.1032267214
       -0.0628276787  -0.0055530470   0.0007985149   0.0000844007  -0.0000281595
        0.0000638911   0.0001187444   0.0001105629   0.0001209058   0.0000682725
        0.0001004283  -0.0000368641  -0.0000450280   0.0000609657  -0.0000042837
        0.0000529306   0.0000777962  -0.0000318743   0.0000733733   0.0000162236
       -0.0000050889   0.0000727023  -0.0000513928   0.0000192214  -0.0000193728
       -0.0000656887   0.0000255315  -0.0051095478  -0.0023654274  -0.0006628465
        0.0026602773   0.0167070309   0.0141931589  -0.0051737473  -0.0054366410
       -0.0041707137  -0.0231371777  -0.0015234193   0.0009355016  -0.0197320111
       -0.0010942617  -0.0082679151   0.0037266803  -0.0023474753  -0.0015853692
       -0.0047690590  -0.0019803251  -0.0003212316
       -0.0001907311  -0.0001029101  -0.0001120787  -0.0010182346  -0.0008243160
       -0.0006422763   0.0013980585  -0.0000403659  -0.0001899227  -0.0003519057
       -0.0000381801   0.0000793844   0.0001819734   0.0000445404  -0.0000620464
       -0.0000559035   0.0000001372   0.0000015566   0.0000234161  -0.0000043213
       -0.0000016069  -0.0000484992  -0.0000227385  -0.0000105754   0.0001877202
        0.0000056913   0.0000115155   0.0162619131  -0.0347579910  -0.0253793329
       -0.0720055733  -0.0103564314  -0.0015676573  -0.0083154416  -0.2044827552
       -0.1262715230   0.0166867126   0.4442919000   0.2442113664  -0.0378704110
       -0.0751786201  -0.0080702352   0.0463099758  -0.1284015331  -0.0681308772
        0.0401901292   0.0331282662   0.0236672330  -0.0000811634  -0.0000556620
        0.0002090666  -0.0000141005   0.0000073858   0.0000350695  -0.0001008179
        0.0001644679  -0.0000612789  -0.0000026656  -0.0000029284  -0.0000005218
        0.0000283501   0.0000169938  -0.0000155652   0.0000247663  -0.0000025428
        0.0000002933   0.0000349128  -0.0000180265   0.0000100224  -0.0000130212
        0.0000056046   0.0000066295  -0.0018027085   0.0036430853  -0.0037980232
       -0.0008638129  -0.0128802797  -0.0116137852  -0.0290129345  -0.0108847786
       -0.0068588970   0.0043170738   0.0017558994   0.0005554665   0.0127911066
        0.0052144566   0.0015564817   0.0156401459  -0.0137841434  -0.0137270279
       -0.0023283300   0.0035600953  -0.0038308543
       -0.0001363142  -0.0001243916  -0.0000257389  -0.0007354638  -0.0008245805
       -0.0004790715   0.0010185081   0.0001709438  -0.0002607201  -0.0003033186
       -0.0000924652   0.0001252706   0.0001703472   0.0000191961  -0.0000583954
       -0.0000478281  -0.0000050046   0.0000087033   0.0000195990   0.0000074415
        0.0000018715  -0.0000539962  -0.0000214740  -0.0000260843   0.0001883807
        0.0000056002   0.0000244063   0.0129321805  -0.0247696702  -0.0285122957
       -0.0592254704  -0.0062292500   0.0001901424  -0.0019915312  -0.1204464422
       -0.1505319785  -0.0267694851   0.2442113664   0.3537618111  -0.0210208761
       -0.0096861836  -0.0650547677   0.0535912501  -0.0742797074  -0.1168808539
        0.0390916265   0.0281367887   0.0195244399  -0.0000886475  -0.0000455451
        0.0001382994  -0.0000148446   0.0000071233   0.0000042936  -0.0000461073
        0.0001396813  -0.0000300857  -0.0000079060   0.0000177215   0.0000095620
        0.0000298892   0.0000343766  -0.0000079129   0.0000293725   0.0000116094
       -0.0000009009   0.0000346238  -0.0000148494   0.0000018578  -0.0000194035
        0.0000148294  -0.0000095795  -0.0003210595  -0.0038300791   0.0054571461
       -0.0008151955  -0.0133120045  -0.0097365487  -0.0073988116  -0.0039503633
       -0.0021178306   0.0235946439   0.0057959596   0.0031261625  -0.0236665745
       -0.0048398276  -0.0042293122   0.0126629932  -0.0121347974  -0.0098642985
       -0.0007005809  -0.0039660020   0.0054524083
       -0.0000802239  -0.0001010016  -0.0000877463   0.0016639829   0.0003892642
       -0.0001157274  -0.0009201630   0.0000948452   0.0001712342   0.0005565679
        0.0000529036  -0.0000388213  -0.0001820909  -0.0000410728   0.0000954989
        0.0000804985   0.0000070528  -0.0000117711  -0.0000420611  -0.0000036496
       -0.0000013930   0.0000770097   0.0000244864   0.0000055227  -0.0001811566
       -0.0000065262  -0.0000322200  -0.0019931051  -0.0006806916  -0.0003630408
        0.0022688464  -0.0011807516  -0.0000934721  -0.0136205559  -0.0089525415
       -0.0055680046  -0.2036136379  -0.0378704110  -0.0210208761   0.4724154788
       -0.0068724893  -0.0180628152  -0.0317500184  -0.0032117528   0.0001025769
       -0.0005782478   0.0026975525   0.0031065819  -0.0000065846  -0.0000167503
        0.0000377304  -0.0000253388  -0.0000360724  -0.0000320985  -0.0000036614
        0.0000198840   0.0000027227   0.0000140545  -0.0000058530  -0.0000101440
       -0.0000403213  -0.0000452335   0.0000166059  -0.0000604362  -0.0000083870
       -0.0000029208  -0.0000505815   0.0000273784  -0.0000065985   0.0000226269
        0.0000008770   0.0000027514  -0.0003406236   0.0000428871  -0.0000632005
        0.0009609192   0.0013454489   0.0003093645  -0.0429335507  -0.0128746405
       -0.0000971284  -0.1105299562   0.0222966826   0.1074365886  -0.0709836876
        0.0459492152  -0.0642360006   0.0009001961  -0.0007283493  -0.0012292357
       -0.0010241784  -0.0003123040  -0.0002139631
       -0.0000277296   0.0000989796   0.0000018884  -0.0000239764  -0.0006881623
        0.0007528683  -0.0000233463   0.0000444171   0.0000273288  -0.0000934422
        0.0000715043  -0.0000593247   0.0000353894  -0.0000028865  -0.0000083645
       -0.0000038034   0.0000108179   0.0000046649   0.0000045668   0.0000040263
       -0.0000016208  -0.0000142325   0.0000119478   0.0000029775   0.0000038475
       -0.0000095524   0.0000189589   0.0000417099  -0.0001127567   0.0001016455
       -0.0007852086  -0.0000388207  -0.0061424391  -0.0232476432  -0.0078193996
       -0.0068756021  -0.0415936687  -0.0751786201  -0.0096861836  -0.0068724893
        0.5113255642   0.0175993378   0.0112088812   0.0033080970   0.0008940780
        0.0014970738   0.0013500371  -0.0042350946  -0.0000024595  -0.0000212046
        0.0000458045  -0.0000159899   0.0000191863   0.0000089501   0.0000565763
        0.0000607829  -0.0000013938   0.0000003372   0.0000095068  -0.0000076743
        0.0000018417   0.0000028228  -0.0000035982  -0.0000023492   0.0000022512
        0.0000003486  -0.0000004712   0.0000052772   0.0000042608  -0.0000049324
        0.0000063978  -0.0000018172  -0.0011189930  -0.0005462875  -0.0000943632
       -0.0009265771  -0.0001732017   0.0018741627  -0.0130562974  -0.2707283039
       -0.0540860323   0.0232882908  -0.0530592130  -0.0372601669   0.0496751628
       -0.1079344195   0.0957494194   0.0013245598  -0.0000702709   0.0012650189
        0.0006753726   0.0000514829   0.0001119621
       -0.0000577228  -0.0000956673   0.0000156312   0.0007618233   0.0009139811
       -0.0010014316  -0.0003338756   0.0001856835   0.0002467287   0.0001700613
       -0.0000722340   0.0000421596  -0.0000932300   0.0000092517   0.0000512190
        0.0000283691   0.0000025214  -0.0000175882  -0.0000012714   0.0000120618
       -0.0000016113   0.0000290671  -0.0000082903   0.0000016456  -0.0000499869
       -0.0000174498  -0.0000094058  -0.0009239269  -0.0001359244  -0.0002791907
        0.0008264362  -0.0054793913   0.0019932847  -0.0176751076  -0.0079937776
       -0.0039407548  -0.0173968841  -0.0080702352  -0.0650547677  -0.0180628152
        0.0175993378   0.5003409233   0.0120352078   0.0019549653   0.0035249212
        0.0030877420  -0.0045453219   0.0033937822   0.0000385591  -0.0000043148
        0.0000404455  -0.0000260798  -0.0000050524   0.0000081513  -0.0000157785
        0.0000167618  -0.0000180999   0.0000073270  -0.0000112925  -0.0000069668
       -0.0000165127  -0.0000175930   0.0000074591  -0.0000227140  -0.0000015557
       -0.0000041387  -0.0000180801   0.0000127590  -0.0000071080   0.0000051407
        0.0000088466  -0.0000063194  -0.0008323999  -0.0002415752  -0.0002650287
       -0.0011663344   0.0013418102  -0.0008473733  -0.0010018451  -0.0542758859
       -0.0558808244   0.1077150225  -0.0373873886  -0.2051572111  -0.0683046239
        0.0940812067  -0.1760661541   0.0005949478   0.0019191444  -0.0009014715
        0.0006994850   0.0003046187  -0.0002009053
       -0.0004084944  -0.0007581715  -0.0005042783   0.0080980238  -0.0014964435
       -0.0015252867  -0.0022511873   0.0018745304   0.0016074789   0.0011038452
        0.0001500213   0.0000272279  -0.0001658207  -0.0000920152   0.0000406512
        0.0001105941  -0.0000180214  -0.0000030089  -0.0000454436  -0.0000171228
        0.0000115902   0.0001239030   0.0000303920  -0.0000270085  -0.0001668297
        0.0000613358   0.0000184585  -0.0059736079  -0.0671142726  -0.0554161598
       -0.0589934714   0.0075635460   0.0111867609   0.0455636172   0.0493437075
        0.0360240166  -0.2078635487   0.0463099758   0.0535912501  -0.0317500184
        0.0112088812   0.0120352078   0.6575780865   0.0379155316  -0.0202226722
       -0.3204581806  -0.0389789141  -0.0054369749  -0.0002227120  -0.0001067325
        0.0001749154   0.0000049071  -0.0000423968  -0.0000376177  -0.0002038109
        0.0000954147  -0.0001015690  -0.0000017567  -0.0000160171  -0.0000052107
       -0.0000318260  -0.0000224533   0.0000210093  -0.0000260446  -0.0000068416
        0.0000074806  -0.0000387787   0.0000085765  -0.0000170531  -0.0000037365
        0.0000007713  -0.0000007064  -0.0004543703   0.0001033060   0.0002073582
        0.0006780334  -0.0015574223  -0.0007785592   0.0004206337   0.0018671515
        0.0010659657  -0.0049598760  -0.0011815602  -0.0001673784  -0.0013966283
        0.0002328584   0.0011455637  -0.0546121995  -0.0406112269  -0.0314893238
       -0.0236533019  -0.0047463881  -0.0014321274
       -0.0011726501  -0.0004456705  -0.0000470732  -0.0020343373  -0.0008471216
       -0.0064890940   0.0016728166   0.0004980857   0.0002370616  -0.0005519573
       -0.0003727298   0.0002226939   0.0001678097   0.0000647345  -0.0000961222
       -0.0000682953  -0.0000231419   0.0000043216   0.0000116721   0.0000153246
       -0.0000069265  -0.0000682705  -0.0000245010  -0.0000034026   0.0002955187
       -0.0000205621   0.0000633568  -0.0246616723  -0.0085460959  -0.0057371467
        0.0075604956  -0.0008809384   0.0023840956   0.0087455081  -0.0287480081
       -0.0257749400   0.1067419477  -0.1284015331  -0.0742797074  -0.0032117528
        0.0033080970   0.0019549653   0.0379155316   0.4416945327   0.2663858210
       -0.0978532031  -0.0942730766  -0.0310340178   0.0000389656   0.0000288382
        0.0001531349  -0.0000743938  -0.0002514118  -0.0001593047  -0.0000087648
        0.0000828897  -0.0000219421  -0.0000108934   0.0000312755  -0.0000163996
        0.0000264049   0.0000356031  -0.0000189695   0.0000338877   0.0000124306
        0.0000004564   0.0000423868  -0.0000186497   0.0000130377  -0.0000362998
        0.0000094238  -0.0000037240   0.0001175081   0.0004362424   0.0005552559
       -0.0012668697  -0.0005938547  -0.0065848111  -0.0014046166   0.0007352196
        0.0005334130  -0.0022999896   0.0001113302  -0.0002249145  -0.0010143802
        0.0004415605  -0.0001127604  -0.0405879467  -0.1878947601  -0.1226999857
        0.0129558404   0.0038364672   0.0008036281
       -0.0008047235   0.0001041858  -0.0002406148  -0.0020012390  -0.0062773507
        0.0021345127   0.0012370747  -0.0000598429  -0.0002262765  -0.0007138887
        0.0002197863  -0.0003096261   0.0002380627   0.0000770185  -0.0000596510
       -0.0000556436   0.0000055439   0.0000192879   0.0000151739   0.0000190823
        0.0000012165  -0.0000922458   0.0000106726  -0.0000100783   0.0001151667
       -0.0000386553   0.0000634055  -0.0193669364  -0.0019818462   0.0019803165
        0.0117644123   0.0024100584  -0.0037920503   0.0026141301  -0.0298895925
       -0.0235356776   0.1032267214  -0.0681308772  -0.1168808539   0.0001025769
        0.0008940780   0.0035249212  -0.0202226722   0.2663858210   0.3365414351
       -0.0552302985  -0.0366834051  -0.0707740139   0.0000303188   0.0000077800
        0.0000660562  -0.0000321759  -0.0000567002  -0.0001898503   0.0000982482
        0.0001268824   0.0000547848   0.0000000914   0.0000140100  -0.0000136563
        0.0000316208   0.0000330316  -0.0000092126   0.0000274697   0.0000055861
       -0.0000093404   0.0000233742  -0.0000203684   0.0000060353  -0.0000254034
       -0.0000071028  -0.0000214609   0.0001253050   0.0005476978   0.0002085544
       -0.0003819140  -0.0066337696   0.0021996136  -0.0012731140  -0.0000740991
        0.0003337342  -0.0004556778  -0.0003562897   0.0001220830  -0.0007704070
       -0.0003341511  -0.0005398853  -0.0313785835  -0.1227364185  -0.1329711892
        0.0131551766   0.0024192347   0.0023274807
       -0.0048572694  -0.0006886007  -0.0000879676  -0.0205791403  -0.0228889283
       -0.0169711615  -0.0004147147  -0.0048048611  -0.0033313576  -0.0005568540
       -0.0004171217  -0.0007684440  -0.0000595352   0.0002242900   0.0001359005
        0.0000692422   0.0000239429   0.0000444929   0.0000458536   0.0000912233
       -0.0000393161  -0.0000413805   0.0000225345   0.0001039982   0.0002033022
       -0.0002466315   0.0000908204  -0.0952725726  -0.0106150545  -0.0034656204
        0.0432762994   0.0089726869   0.0037416509  -0.0270671257  -0.0259570240
       -0.0190344773  -0.0628276787   0.0401901292   0.0390916265  -0.0005782478
        0.0014970738   0.0030877420  -0.3204581806  -0.0978532031  -0.0552302985
        0.6864162311   0.0225525211  -0.0359987403   0.0001338739   0.0002004222
        0.0000580911  -0.0004613214  -0.0010679350  -0.0011089080   0.0000684114
        0.0000316010   0.0000851646  -0.0000003598   0.0000127059  -0.0000922274
       -0.0000353479  -0.0000239822  -0.0000033940  -0.0000281489  -0.0000105798
       -0.0000196197  -0.0000531529   0.0000157183  -0.0000041062  -0.0000686670
        0.0000271992  -0.0000678565  -0.0030096218   0.0026246533   0.0029528941
        0.0002571794  -0.0006210291  -0.0004986083   0.0004778947  -0.0000969723
       -0.0000684342  -0.0012472082   0.0001223107  -0.0004949760  -0.0000557507
       -0.0002412565  -0.0002807672  -0.0085552149  -0.0043689936  -0.0027761228
       -0.1847207952   0.0932931608   0.0909500224
       -0.0008364531   0.0017487034  -0.0000964979  -0.0227300294  -0.0085850741
       -0.0046189157   0.0041561377  -0.0038673359  -0.0046365261  -0.0002403006
        0.0000613120   0.0001800795   0.0002921390   0.0000458734  -0.0000289165
       -0.0000958212  -0.0000282444   0.0000349447  -0.0000088939  -0.0000392810
        0.0000058790  -0.0000758362  -0.0000132183  -0.0000378929   0.0002566986
       -0.0000088058  -0.0001115421  -0.0551817033  -0.1976437403  -0.1159485254
        0.0462225432  -0.0281956585  -0.0288026455  -0.0261412959  -0.0233157330
       -0.0125765291  -0.0055530470   0.0331282662   0.0281367887   0.0026975525
        0.0013500371  -0.0045453219  -0.0389789141  -0.0942730766  -0.0366834051
        0.0225525211   0.4266177121   0.2531501391   0.0002265742  -0.0000667472
       -0.0001606337   0.0000075185  -0.0002166254  -0.0003009615   0.0002674048
        0.0001288326   0.0000526665  -0.0000608653   0.0000654408  -0.0000047325
        0.0000286907   0.0000438216  -0.0000391843   0.0000580049   0.0000051883
        0.0000008101   0.0000502418  -0.0000346781   0.0000342678  -0.0000060442
       -0.0000504268   0.0000664794   0.0020624141   0.0017896619  -0.0047745772
       -0.0004999732  -0.0000820159   0.0001632448   0.0002621161  -0.0000685430
        0.0000151647   0.0011202952   0.0004632936  -0.0001687017  -0.0009144485
       -0.0002194475  -0.0005010987  -0.0225577844  -0.0081823710  -0.0050775137
        0.0936205576  -0.1005571203  -0.0627263429
       -0.0002867564  -0.0003493685   0.0014364140  -0.0185133993  -0.0047278563
       -0.0020509407   0.0051853593  -0.0038491362  -0.0023269327  -0.0007726017
        0.0003692821  -0.0000470098   0.0004361360   0.0001481223  -0.0000305479
       -0.0001857154   0.0000244872   0.0000098117  -0.0000047755  -0.0000463028
        0.0000294207  -0.0000938699  -0.0000458359  -0.0000111173   0.0002878316
       -0.0000091365  -0.0001851613  -0.0397942481  -0.1200836740  -0.1472700892
        0.0339569649  -0.0253968392  -0.0224709179  -0.0196095348  -0.0127261587
       -0.0133751473   0.0007985149   0.0236672330   0.0195244399   0.0031065819
       -0.0042350946   0.0033937822  -0.0054369749  -0.0310340178  -0.0707740139
       -0.0359987403   0.2531501391   0.3308821626   0.0002514888   0.0000744561
        0.0000454796   0.0000387257  -0.0001547501  -0.0000170531   0.0001070484
       -0.0001218251  -0.0001504054  -0.0000573539   0.0000151111   0.0000123037
        0.0000526882   0.0000557183  -0.0000228906   0.0000606920   0.0000022205
        0.0000046388   0.0000615881  -0.0000415581   0.0000218327   0.0000438100
       -0.0000923721   0.0000867092   0.0026800527  -0.0047600239   0.0030446999
       -0.0004488820   0.0001518262  -0.0000142252  -0.0001752550  -0.0004606226
       -0.0002921272  -0.0001955279   0.0000381553  -0.0000083403   0.0013219904
        0.0000312583  -0.0000435035  -0.0178531579  -0.0068175968  -0.0034252701
        0.0910373197  -0.0627758404  -0.0959760016
       -0.0798139222  -0.0272177861   0.0811636004   0.0032973069   0.0046306560
       -0.0023931339   0.0004340994  -0.0014828095  -0.0003812652  -0.0004670330
        0.0004207930   0.0001711380   0.0000402799   0.0000399360   0.0002211945
        0.0002124021   0.0000649586  -0.0000444979   0.0000151190   0.0001598662
       -0.0000812743  -0.0001924167  -0.0001108310   0.0001068098   0.0002617552
       -0.0002592923   0.0000011748  -0.0005126844  -0.0006300852  -0.0003068953
       -0.0005869556  -0.0005454374  -0.0008298447  -0.0001261196   0.0000735178
       -0.0000388275   0.0000844007  -0.0000811634  -0.0000886475  -0.0000065846
       -0.0000024595   0.0000385591  -0.0002227120   0.0000389656   0.0000303188
        0.0001338739   0.0002265742   0.0002514888   0.0908816082   0.0301197794
       -0.0964159268  -0.0165254263  -0.0099707685   0.0288421041   0.0048815727
        0.0037769359  -0.0094981955  -0.0001207368   0.0001436691  -0.0000741969
        0.0000274375   0.0000391641   0.0000051747  -0.0000050511   0.0000134439
       -0.0000166170  -0.0000001139   0.0000137970   0.0000060546  -0.0000249158
        0.0000713137   0.0000036970  -0.0016519004   0.0003412043  -0.0007704812
       -0.0000085569   0.0000110497   0.0000072588   0.0000039894   0.0000119820
        0.0000098740  -0.0000131213  -0.0000063518  -0.0000045007   0.0000110941
        0.0000011691   0.0000087688  -0.0000051529   0.0000241824   0.0000173343
       -0.0000015356   0.0000840270   0.0000597539
       -0.0257423330  -0.0548737257   0.0567896525   0.0071425661   0.0045818882
       -0.0185601825   0.0001150277  -0.0049027794  -0.0019283712  -0.0002860360
        0.0004494792  -0.0004465382   0.0000535192   0.0000067815   0.0001272405
        0.0000899163   0.0000578893  -0.0000619963  -0.0000369885   0.0001082358
       -0.0000238531  -0.0000945146  -0.0000491491   0.0001047808   0.0000277514
       -0.0000172424   0.0001019550   0.0000851305  -0.0001995610  -0.0000002791
       -0.0001721886   0.0003714555   0.0001181835  -0.0000683680  -0.0001627425
       -0.0001656594  -0.0000281595  -0.0000556620  -0.0000455451  -0.0000167503
       -0.0000212046  -0.0000043148  -0.0001067325   0.0000288382   0.0000077800
        0.0002004222  -0.0000667472   0.0000744561   0.0301197794   0.0656126961
       -0.0665395335  -0.0014180585   0.0000011389   0.0021620617  -0.0105741694
       -0.0110348256   0.0281794308  -0.0000027916  -0.0000101139  -0.0000856116
        0.0000297212   0.0000088213   0.0000016027  -0.0000142595  -0.0000012786
       -0.0000115446  -0.0000073674   0.0000045965  -0.0000145280  -0.0000105958
        0.0000258732  -0.0000268394   0.0006167039   0.0000962489   0.0002262571
        0.0000430717   0.0000038979   0.0000028756  -0.0000082806  -0.0000080807
       -0.0000037120   0.0000027497   0.0000035056  -0.0000013212   0.0000084018
       -0.0000021626   0.0000106970   0.0000203143   0.0000100841  -0.0000079731
        0.0000325185   0.0000338453   0.0000208298
        0.0827374291   0.0612013317  -0.2269574703   0.0090389392   0.0022360305
       -0.0234342145  -0.0003451187  -0.0050415209  -0.0017800031  -0.0006754803
        0.0004929574  -0.0006107805  -0.0000036514   0.0001750582  -0.0000689623
       -0.0000141306  -0.0000340183  -0.0000114072  -0.0000565112   0.0000403053
       -0.0000049021  -0.0001325234   0.0000000284   0.0001163199   0.0000478291
        0.0000232200   0.0001447140   0.0002437227  -0.0004419562   0.0005774710
        0.0002581071  -0.0004487564  -0.0001295174  -0.0001458521   0.0000589670
       -0.0000044403   0.0000638911   0.0002090666   0.0001382994   0.0000377304
        0.0000458045   0.0000404455   0.0001749154   0.0001531349   0.0000660562
        0.0000580911  -0.0001606337   0.0000454796  -0.0964159268  -0.0665395335
        0.2613768088   0.0019141273   0.0006095206   0.0004189695   0.0040342763
        0.0068475491  -0.0103235198   0.0000017598  -0.0000917982   0.0000160350
        0.0000217600   0.0000254643  -0.0000163613   0.0000453659  -0.0000054728
       -0.0000129968   0.0000229703  -0.0000415329  -0.0000052256  -0.0000005723
       -0.0000536141   0.0000097477  -0.0011293946   0.0005351302   0.0002626944
        0.0000736777   0.0000339764   0.0000281895   0.0000221665  -0.0000049985
        0.0000000601  -0.0000140232  -0.0000019129   0.0000134204   0.0000122407
        0.0000074647  -0.0000085107   0.0000465502   0.0000352551   0.0000070119
        0.0000776349   0.0001354835   0.0001065889
       -0.2801206983  -0.0152315508  -0.0196800617  -0.0121228185  -0.0052116972
       -0.0050835335   0.0006382482   0.0013347885   0.0017658594   0.0008142259
        0.0003685664   0.0000967297  -0.0001752617  -0.0002279753   0.0008153750
       -0.0001250940  -0.0000438878   0.0001190332  -0.0001673972   0.0000404960
       -0.0000280917  -0.0001347883   0.0001056544   0.0000263675   0.0000511365
        0.0001428879   0.0000497288  -0.0001115373  -0.0009204027  -0.0012394317
       -0.0000535734   0.0000339058   0.0000191323   0.0001756885  -0.0000783648
       -0.0000875162   0.0001187444  -0.0000141005  -0.0000148446  -0.0000253388
       -0.0000159899  -0.0000260798   0.0000049071  -0.0000743938  -0.0000321759
       -0.0004613214   0.0000075185   0.0000387257  -0.0165254263  -0.0014180585
        0.0019141273   0.3247574480   0.0191541313   0.0236534896  -0.0163597074
        0.0023687191  -0.0017232115   0.0000068523   0.0001787193  -0.0001571113
       -0.0000423847  -0.0000422492  -0.0000334447  -0.0000342425  -0.0000113431
       -0.0000280557  -0.0000347689  -0.0000061241  -0.0000180198  -0.0000090808
       -0.0000792037  -0.0000504359   0.0000092401  -0.0002571005  -0.0002158641
        0.0000021030   0.0000081794   0.0000050379  -0.0000085420  -0.0000300597
       -0.0000055825  -0.0000055325   0.0000010008   0.0000182799  -0.0000123072
        0.0000135399  -0.0000167925  -0.0000405669  -0.0000494589  -0.0000396171
       -0.0000082059  -0.0000461469  -0.0000420163
       -0.0153859032  -0.0442883441  -0.0000309366  -0.0215296565  -0.0039292504
       -0.0050627916  -0.0011182534   0.0012596864   0.0020438276   0.0000664312
       -0.0000270695  -0.0002626635   0.0002556037   0.0006352459  -0.0004256270
       -0.0001493938   0.0000296217  -0.0000875816   0.0000478384  -0.0000383267
        0.0000342372   0.0001474211  -0.0000164621  -0.0000192711   0.0002728811
       -0.0003373388   0.0001690765  -0.0006644409  -0.0020252435  -0.0033577223
        0.0003069694  -0.0001280945  -0.0002776028   0.0000993601   0.0000753211
        0.0000742526   0.0001105629   0.0000073858   0.0000071233  -0.0000360724
        0.0000191863  -0.0000050524  -0.0000423968  -0.0002514118  -0.0000567002
       -0.0010679350  -0.0002166254  -0.0001547501  -0.0099707685   0.0000011389
        0.0006095206   0.0191541313   0.0497801125   0.0033438922   0.0298150188
       -0.0002592168   0.0029106297   0.0000534566  -0.0000930976   0.0002482291
       -0.0000822933  -0.0000892688   0.0000338342  -0.0000328838  -0.0000364445
        0.0000286376  -0.0000552956  -0.0000164334   0.0000118218  -0.0000490515
       -0.0001116118   0.0000487838  -0.0000106779   0.0000067042   0.0001553712
       -0.0000148680   0.0000138959  -0.0000015343   0.0000072296   0.0000010185
        0.0000075231   0.0000007119  -0.0000007700   0.0000064443  -0.0000005023
       -0.0000002146  -0.0000032172  -0.0000775639  -0.0000426071  -0.0000126009
       -0.0000496592   0.0000785142   0.0000248469
       -0.0197970376  -0.0003861300  -0.0462346805  -0.0221483266  -0.0032211206
       -0.0031732568  -0.0003111428   0.0012968737   0.0017443005  -0.0004992261
       -0.0008363107  -0.0006347960   0.0007234318   0.0003683288  -0.0006135466
        0.0005336224   0.0001088410  -0.0000812584  -0.0000314763   0.0002369812
       -0.0001010526  -0.0002625110  -0.0001716483   0.0000769139   0.0005169763
       -0.0004849837   0.0002050896  -0.0005351322  -0.0033270683  -0.0021425533
        0.0004315910  -0.0003305677  -0.0000843757   0.0000683449   0.0000642067
        0.0000412109   0.0001209058   0.0000350695   0.0000042936  -0.0000320985
        0.0000089501   0.0000081513  -0.0000376177  -0.0001593047  -0.0001898503
       -0.0011089080  -0.0003009615  -0.0000170531   0.0288421041   0.0021620617
        0.0004189695   0.0236534896   0.0033438922   0.0512267165  -0.0095873519
        0.0009052781  -0.0000299659  -0.0001436792   0.0002762824  -0.0004561891
       -0.0000655019   0.0000012560   0.0000268226  -0.0000876318   0.0000325602
       -0.0000104218  -0.0000817296   0.0000443786  -0.0000246211  -0.0000649689
        0.0001222594  -0.0000433904   0.0000494317   0.0001995606   0.0000209180
       -0.0000199911   0.0000038278   0.0000200083   0.0000083360  -0.0000019913
        0.0000021707  -0.0000072534  -0.0000025999   0.0000069002  -0.0000023184
        0.0000039951  -0.0000059816  -0.0000905146  -0.0000337775  -0.0000312556
       -0.0000338159   0.0000418611   0.0000717831
       -0.0733154599   0.0766357569  -0.0237567420   0.0033298675  -0.0031365636
        0.0037569707  -0.0000196256   0.0000669110  -0.0006499383   0.0001503002
       -0.0001282841   0.0003792914  -0.0000116003   0.0002774350  -0.0004327704
       -0.0001646391  -0.0000517925   0.0000544532   0.0001231158  -0.0001375542
        0.0000704970   0.0001494046   0.0000486644  -0.0000906895   0.0000156963
        0.0000545463   0.0000977936  -0.0006732449   0.0001836916  -0.0007121154
       -0.0005437724  -0.0007616988  -0.0004443815  -0.0000697432  -0.0000427967
        0.0001557315   0.0000682725  -0.0001008179  -0.0000461073  -0.0000036614
        0.0000565763  -0.0000157785  -0.0002038109  -0.0000087648   0.0000982482
        0.0000684114   0.0002674048   0.0001070484   0.0048815727  -0.0105741694
        0.0040342763  -0.0163597074   0.0298150188  -0.0095873519   0.0842374348
       -0.0916286393   0.0263242393  -0.0000349757  -0.0000717708   0.0002994467
       -0.0000338526  -0.0000233223  -0.0000028219   0.0000303930  -0.0000203049
        0.0000134432   0.0000153061  -0.0000309372   0.0000015129  -0.0000018754
       -0.0000905095   0.0000232097  -0.0016312762  -0.0007134505   0.0002523277
       -0.0000070727   0.0000088177  -0.0000046931   0.0000150655   0.0000238664
        0.0000052182   0.0000008772  -0.0000047925  -0.0000024631  -0.0000104260
       -0.0000102160  -0.0000012357   0.0000032559   0.0000226102   0.0000227907
       -0.0000042297   0.0000750858   0.0000505899
        0.0794103429  -0.2316369583   0.0597954334   0.0084730066  -0.0235231764
        0.0007532670  -0.0007901949   0.0002928379  -0.0038991251  -0.0007744864
       -0.0011325653   0.0006177056  -0.0000198355  -0.0001151164   0.0001107088
       -0.0000390222  -0.0001118757   0.0000857233  -0.0000256830   0.0001110606
       -0.0000386265  -0.0002163011  -0.0000227140  -0.0001028667   0.0003440923
       -0.0000012294   0.0000903042  -0.0003509029   0.0004360752  -0.0007794446
        0.0003189778  -0.0003188722  -0.0004552743  -0.0001161066   0.0000055902
        0.0001059834   0.0001004283   0.0001644679   0.0001396813   0.0000198840
        0.0000607829   0.0000167618   0.0000954147   0.0000828897   0.0001268824
        0.0000316010   0.0001288326  -0.0001218251   0.0037769359  -0.0110348256
        0.0068475491   0.0023687191  -0.0002592168   0.0009052781  -0.0916286393
        0.2660349370  -0.0646247960   0.0000622587   0.0002563776  -0.0001638884
       -0.0000282807   0.0000400813  -0.0000014451   0.0000255357   0.0000217109
       -0.0000025176   0.0000105862  -0.0000202572   0.0000147155  -0.0000369952
        0.0000440817  -0.0000149548  -0.0011970722   0.0003162462   0.0004635353
        0.0000641908   0.0000334100   0.0000193091   0.0000247395   0.0000045193
        0.0000132147  -0.0000023090  -0.0000068300   0.0000113353   0.0000012944
        0.0000051969  -0.0000100015   0.0000487588   0.0000189399   0.0000290181
        0.0000490627   0.0001255993   0.0000683595
       -0.0222349875   0.0535584094  -0.0523827701   0.0072004338  -0.0194157473
        0.0043799405  -0.0000616095  -0.0000497193  -0.0045799919  -0.0003685255
       -0.0008642387   0.0005343294  -0.0000175028  -0.0000692570   0.0000550013
       -0.0000901663  -0.0000316621   0.0000218303   0.0000434009   0.0000014657
       -0.0000241962  -0.0000617246  -0.0000230342  -0.0000870376   0.0002701919
        0.0000374717   0.0000529450  -0.0002510088   0.0001497127  -0.0004261778
       -0.0001676519   0.0002106698   0.0002222541  -0.0000629168  -0.0002068230
       -0.0000722671  -0.0000368641  -0.0000612789  -0.0000300857   0.0000027227
       -0.0000013938  -0.0000180999  -0.0001015690  -0.0000219421   0.0000547848
        0.0000851646   0.0000526665  -0.0001504054  -0.0094981955   0.0281794308
       -0.0103235198  -0.0017232115   0.0029106297  -0.0000299659   0.0263242393
       -0.0646247960   0.0628003412   0.0001638193   0.0000338048  -0.0001251503
       -0.0000254615  -0.0000029071  -0.0000010865  -0.0000077625   0.0000193682
        0.0000157749   0.0000071578  -0.0000004616   0.0000060076  -0.0000142712
        0.0000024974  -0.0000293546   0.0005386768   0.0001807984   0.0001306840
        0.0000422302   0.0000064031  -0.0000072174  -0.0000008841   0.0000048980
       -0.0000033220   0.0000086508   0.0000017995  -0.0000066532  -0.0000070510
       -0.0000058485   0.0000004898   0.0000219062   0.0000030667   0.0000160398
        0.0000227700   0.0000260171   0.0000068789
       -0.0000412888  -0.0000866656   0.0002889207   0.0002053000   0.0003433636
        0.0001350761   0.0018788790  -0.0011303285  -0.0001458736   0.0044109610
       -0.0053951376   0.0020214450  -0.1449890695   0.1166244194  -0.0413531934
       -0.0219186413   0.0222931189  -0.0077259633  -0.0054940290  -0.0011613115
        0.0015462024   0.0000332950  -0.0006482587   0.0002269707   0.0001643389
       -0.0016289396   0.0012371020  -0.0000302078   0.0000408417  -0.0001013571
       -0.0000230120   0.0000369643   0.0000252571  -0.0000148719   0.0000022392
        0.0000103591  -0.0000450280  -0.0000026656  -0.0000079060   0.0000140545
        0.0000003372   0.0000073270  -0.0000017567  -0.0000108934   0.0000000914
       -0.0000003598  -0.0000608653  -0.0000573539  -0.0001207368  -0.0000027916
        0.0000017598   0.0000068523   0.0000534566  -0.0001436792  -0.0000349757
        0.0000622587   0.0001638193   0.1661379882  -0.1306301499   0.0446901627
        0.0007679618   0.0005327929  -0.0004801273  -0.0011934902   0.0011587252
       -0.0003590150   0.0000053781  -0.0000562620  -0.0001243620   0.0002170965
       -0.0003916918   0.0001330671   0.0000029168   0.0000152997   0.0000072315
        0.0000146332   0.0000040227  -0.0000008442   0.0000044714   0.0000050175
       -0.0000008362   0.0000042276   0.0000031082  -0.0000025604   0.0000037977
       -0.0000005028   0.0000022727   0.0000136140   0.0000097181   0.0000043964
        0.0000217017   0.0000207799   0.0000016109
       -0.0000248675   0.0003287038  -0.0001249493  -0.0000302708  -0.0003267764
        0.0001312826   0.0018443470   0.0007560589  -0.0017519649   0.0152121966
       -0.0221452417   0.0086894005   0.1165264343  -0.1762585239   0.0524929432
        0.0002556402   0.0010206493  -0.0003179029  -0.0004481079   0.0024534428
        0.0023908519  -0.0008857027   0.0003360687  -0.0001258402  -0.0021272289
       -0.0033909395   0.0044493013  -0.0000734374  -0.0001022411  -0.0000095949
        0.0000511516   0.0000100479  -0.0000326512   0.0000439787  -0.0000168046
       -0.0000249713   0.0000609657  -0.0000029284   0.0000177215  -0.0000058530
        0.0000095068  -0.0000112925  -0.0000160171   0.0000312755   0.0000140100
        0.0000127059   0.0000654408   0.0000151111   0.0001436691  -0.0000101139
       -0.0000917982   0.0001787193  -0.0000930976   0.0002762824  -0.0000717708
        0.0002563776   0.0000338048  -0.1306301499   0.1980431390  -0.0644784333
       -0.0008212335   0.0005114485  -0.0013383758  -0.0000685065   0.0000064863
        0.0000573417  -0.0000873664  -0.0002052085  -0.0006363199   0.0009387882
       -0.0012278141   0.0003497932  -0.0000095581   0.0000211151   0.0000274105
        0.0000040172   0.0000048296   0.0000090660   0.0000006737  -0.0000095564
        0.0000021703  -0.0000017295  -0.0000041980   0.0000056043  -0.0000118909
        0.0000043126  -0.0000080088   0.0000106513  -0.0000094438  -0.0000024355
        0.0000297521  -0.0000560152  -0.0000075566
       -0.0000009757  -0.0000546984  -0.0003363464   0.0003541785   0.0005288601
        0.0001415625  -0.0000227326  -0.0018547210  -0.0015313881  -0.0089125399
        0.0098283559  -0.0022388246  -0.0411700653   0.0537241054  -0.0516652536
        0.0021602248  -0.0024270716   0.0006369383   0.0013021213   0.0025614879
        0.0068245919   0.0002002865  -0.0001571997  -0.0001344464   0.0016506686
        0.0041873800   0.0052424384   0.0001593239  -0.0001575398   0.0000795165
        0.0000003824   0.0000064228   0.0000215065  -0.0000127379   0.0000052857
       -0.0000295783  -0.0000042837  -0.0000005218   0.0000095620  -0.0000101440
       -0.0000076743  -0.0000069668  -0.0000052107  -0.0000163996  -0.0000136563
       -0.0000922274  -0.0000047325   0.0000123037  -0.0000741969  -0.0000856116
        0.0000160350  -0.0001571113   0.0002482291  -0.0004561891   0.0002994467
       -0.0001638884  -0.0001251503   0.0446901627  -0.0644784333   0.0475168576
        0.0000240091  -0.0014716970  -0.0022161182   0.0001571705   0.0000073448
        0.0002875967  -0.0001049168  -0.0006172671  -0.0014597676  -0.0004187536
        0.0004449772  -0.0005286320   0.0000302783  -0.0000283422  -0.0000305049
       -0.0000087823  -0.0000023648  -0.0000052164  -0.0000046553  -0.0000041728
       -0.0000021232  -0.0000001743  -0.0000003779  -0.0000025540  -0.0000080114
       -0.0000002264  -0.0000026484  -0.0000197772  -0.0000115430  -0.0000067516
       -0.0000009571   0.0000020344   0.0000032071
        0.0000158954   0.0000165899   0.0002707734   0.0001691099  -0.0002814088
       -0.0002753555  -0.0006933881  -0.0011594160   0.0008003846  -0.0053655653
       -0.0001679997   0.0013152532  -0.0133070582  -0.0261153913   0.0116684235
       -0.0749979863  -0.0755403432   0.0341546876   0.0060088271   0.0153723251
       -0.0068042642  -0.0015816703   0.0032488177  -0.0006824304  -0.0003291882
        0.0004401512  -0.0001698241  -0.0001422821   0.0002102358  -0.0001221089
        0.0000170659  -0.0000515643  -0.0000634271  -0.0000305947  -0.0000607480
       -0.0000209942   0.0000529306   0.0000283501   0.0000298892  -0.0000403213
        0.0000018417  -0.0000165127  -0.0000318260   0.0000264049   0.0000316208
       -0.0000353479   0.0000286907   0.0000526882   0.0000274375   0.0000297212
        0.0000217600  -0.0000423847  -0.0000822933  -0.0000655019  -0.0000338526
       -0.0000282807  -0.0000254615   0.0007679618  -0.0008212335   0.0000240091
        0.0884784078   0.0833500256  -0.0391966527   0.0008907975   0.0006881995
       -0.0004901948   0.0002049315   0.0008632018  -0.0003641812   0.0000115667
       -0.0000151082  -0.0000991238   0.0000092538   0.0000053903  -0.0000011677
       -0.0000209865   0.0000060670   0.0000070210  -0.0000008914  -0.0000082877
        0.0000062998  -0.0000045467  -0.0000050558   0.0000072572  -0.0000128170
       -0.0000008500  -0.0000068164  -0.0000066588  -0.0000122935  -0.0000055831
        0.0000231807   0.0000342615   0.0000195324
       -0.0000087322   0.0001529006   0.0001644461   0.0003988418  -0.0002472678
       -0.0002806954  -0.0004805478  -0.0003756387   0.0002022801  -0.0005250133
        0.0024778967   0.0025688722  -0.0039812666  -0.0055088703   0.0029202704
       -0.0753379384  -0.2273327688   0.0855824760  -0.0070628493  -0.0221865938
        0.0100884853   0.0038477569  -0.0018130965   0.0036403885   0.0004612123
        0.0007101648  -0.0004297391  -0.0001434847   0.0000364048  -0.0000411655
        0.0000405646  -0.0000446602  -0.0000604498  -0.0000228738  -0.0000476355
       -0.0000367017   0.0000777962   0.0000169938   0.0000343766  -0.0000452335
        0.0000028228  -0.0000175930  -0.0000224533   0.0000356031   0.0000330316
       -0.0000239822   0.0000438216   0.0000557183   0.0000391641   0.0000088213
        0.0000254643  -0.0000422492  -0.0000892688   0.0000012560  -0.0000233223
        0.0000400813  -0.0000029071   0.0005327929   0.0005114485  -0.0014716970
        0.0833500256   0.2546953510  -0.1017313281  -0.0005992799   0.0003781230
       -0.0011553797  -0.0003662022  -0.0012580851   0.0005096577  -0.0000400502
       -0.0001904824  -0.0006228007   0.0000068038   0.0000035405   0.0000046147
       -0.0000186794   0.0000056493   0.0000085119   0.0000010536  -0.0000110531
        0.0000051062  -0.0000046918  -0.0000057471   0.0000098383  -0.0000149312
        0.0000000200  -0.0000091370  -0.0000093365  -0.0000182520  -0.0000074082
        0.0000171061   0.0000097769   0.0000122082
        0.0000378425  -0.0000631015  -0.0000711976  -0.0003205114   0.0003359800
        0.0002011920   0.0003955122  -0.0002249983  -0.0002985040   0.0012580822
        0.0022887533   0.0071780931   0.0029349446   0.0047871986  -0.0013249433
        0.0340083218   0.0855530865  -0.0723554340   0.0024324892   0.0083824038
       -0.0029238077  -0.0008280714   0.0037291803   0.0064211985  -0.0003512030
       -0.0002703830  -0.0000813294   0.0001106178  -0.0000017402  -0.0000034720
       -0.0000283763   0.0000218793   0.0000324231   0.0000161394   0.0000348556
        0.0000108749  -0.0000318743  -0.0000155652  -0.0000079129   0.0000166059
       -0.0000035982   0.0000074591   0.0000210093  -0.0000189695  -0.0000092126
       -0.0000033940  -0.0000391843  -0.0000228906   0.0000051747   0.0000016027
       -0.0000163613  -0.0000334447   0.0000338342   0.0000268226  -0.0000028219
       -0.0000014451  -0.0000010865  -0.0004801273  -0.0013383758  -0.0022161182
       -0.0391966527  -0.1017313281   0.0692448745   0.0000162188  -0.0012751044
       -0.0020447422   0.0001343486   0.0004498814  -0.0002436280  -0.0001150349
       -0.0006320406  -0.0014982739  -0.0000003779  -0.0000024557  -0.0000051883
        0.0000068305  -0.0000009928  -0.0000053238  -0.0000001458   0.0000020195
       -0.0000014346   0.0000012144   0.0000013788  -0.0000024039   0.0000032434
       -0.0000022917   0.0000035084  -0.0000003442   0.0000036094   0.0000058603
       -0.0000062155  -0.0000040889   0.0000009580
       -0.0000460800   0.0001401608   0.0001715015   0.0005454058  -0.0002225807
       -0.0003238523  -0.0000694904   0.0000526561   0.0000077443   0.0009464458
        0.0002644673  -0.0001433843  -0.0015465108   0.0036641676  -0.0009060128
       -0.0227834810  -0.0009399223   0.0021215195  -0.2911427003  -0.0302156517
        0.0317205644  -0.0138701233  -0.0032220630   0.0023819024   0.0003099509
       -0.0022687168   0.0014199376  -0.0001425738  -0.0000323659   0.0000068121
        0.0000575328  -0.0000556485  -0.0000578131  -0.0000335604  -0.0000511481
       -0.0000406497   0.0000733733   0.0000247663   0.0000293725  -0.0000604362
       -0.0000023492  -0.0000227140  -0.0000260446   0.0000338877   0.0000274697
       -0.0000281489   0.0000580049   0.0000606920  -0.0000050511  -0.0000142595
        0.0000453659  -0.0000342425  -0.0000328838  -0.0000876318   0.0000303930
        0.0000255357  -0.0000077625  -0.0011934902  -0.0000685065   0.0001571705
        0.0008907975  -0.0005992799   0.0000162188   0.3279267134   0.0330885907
       -0.0362649401   0.0009542722   0.0004670475  -0.0004376793  -0.0007312015
       -0.0000964118   0.0001119404   0.0000113729   0.0000027427   0.0000026567
       -0.0000193889   0.0000053167   0.0000068716   0.0000001766  -0.0000083331
        0.0000032792  -0.0000036002  -0.0000030691   0.0000089633  -0.0000137654
        0.0000022259  -0.0000086090  -0.0000124672  -0.0000137491  -0.0000102274
        0.0000159224   0.0000173690   0.0000112941
        0.0000080077   0.0000856820   0.0000065649   0.0002155326  -0.0000821432
       -0.0000808735  -0.0000901572  -0.0001780295  -0.0006124738   0.0001433464
       -0.0004164419   0.0003046018   0.0032588674  -0.0017086593   0.0035491063
        0.0216043542   0.0019719383  -0.0024857846  -0.0302627995  -0.0460548995
        0.0081493923  -0.0258659209  -0.0042158119   0.0036806672  -0.0017692218
       -0.0031640072   0.0044114619  -0.0000148684  -0.0000449673   0.0000214492
        0.0000106223  -0.0000075632  -0.0000102591  -0.0000058328  -0.0000076265
       -0.0000129118   0.0000162236  -0.0000025428   0.0000116094  -0.0000083870
        0.0000022512  -0.0000015557  -0.0000068416   0.0000124306   0.0000055861
       -0.0000105798   0.0000051883   0.0000022205   0.0000134439  -0.0000012786
       -0.0000054728  -0.0000113431  -0.0000364445   0.0000325602  -0.0000203049
        0.0000217109   0.0000193682   0.0011587252   0.0000064863   0.0000073448
        0.0006881995   0.0003781230  -0.0012751044   0.0330885907   0.0534343966
       -0.0149253942  -0.0008131088   0.0003347415  -0.0011134042  -0.0013378163
       -0.0003071728   0.0003022663  -0.0000014289  -0.0000026846   0.0000043011
       -0.0000034239  -0.0000019810   0.0000030403   0.0000025782  -0.0000047258
        0.0000011658   0.0000003322  -0.0000047561   0.0000026632  -0.0000026935
       -0.0000028411  -0.0000012499   0.0000009949  -0.0000064012  -0.0000013189
        0.0000149094  -0.0000019707   0.0000104334
        0.0000196447   0.0000575673  -0.0000040512   0.0003085397   0.0000723585
       -0.0000945835  -0.0001309734  -0.0008999860  -0.0013333959  -0.0003442540
        0.0006278507   0.0001894084  -0.0003693144   0.0034893431   0.0059766039
       -0.0074197679  -0.0005727120   0.0007233351   0.0317149003   0.0080578929
       -0.0375413184   0.0115616927   0.0019588151  -0.0017305385   0.0011279117
        0.0043399811   0.0053929265   0.0000407093  -0.0001148695   0.0000492885
        0.0000173855   0.0000059520   0.0000120645  -0.0000009882   0.0000097958
       -0.0000135422  -0.0000050889   0.0000002933  -0.0000009009  -0.0000029208
        0.0000003486  -0.0000041387   0.0000074806   0.0000004564  -0.0000093404
       -0.0000196197   0.0000008101   0.0000046388  -0.0000166170  -0.0000115446
       -0.0000129968  -0.0000280557   0.0000286376  -0.0000104218   0.0000134432
       -0.0000025176   0.0000157749  -0.0003590150   0.0000573417   0.0002875967
       -0.0004901948  -0.0011553797  -0.0020447422  -0.0362649401  -0.0149253942
        0.0320349605   0.0000657367  -0.0012168411  -0.0020184310   0.0005716482
        0.0001910413   0.0001393655   0.0000011809  -0.0000045019  -0.0000012547
        0.0000034333  -0.0000009803  -0.0000027984  -0.0000009043   0.0000012635
       -0.0000021104   0.0000013932   0.0000016032  -0.0000008815   0.0000002545
        0.0000001257  -0.0000004324  -0.0000016298  -0.0000005226  -0.0000006744
       -0.0000010707   0.0000037714   0.0000005900
       -0.0000328121   0.0001752633   0.0001130114   0.0000065704  -0.0002228662
       -0.0002933965  -0.0009661561   0.0015099326  -0.0002950429  -0.0053298456
       -0.0012124647   0.0011127031   0.0000591668  -0.0006996750   0.0002632325
        0.0003831312  -0.0017502024   0.0012736678   0.0056342888  -0.0059835099
        0.0021025467  -0.1435690974   0.1168217744  -0.0399568768  -0.0226222051
        0.0223410200  -0.0074086625  -0.0001582980  -0.0001198462   0.0002092543
        0.0000343192  -0.0000733451  -0.0000594629  -0.0000382800  -0.0000508371
       -0.0000678206   0.0000727023   0.0000349128   0.0000346238  -0.0000505815
       -0.0000004712  -0.0000180801  -0.0000387787   0.0000423868   0.0000233742
       -0.0000531529   0.0000502418   0.0000615881  -0.0000001139  -0.0000073674
        0.0000229703  -0.0000347689  -0.0000552956  -0.0000817296   0.0000153061
        0.0000105862   0.0000071578   0.0000053781  -0.0000873664  -0.0001049168
        0.0002049315  -0.0003662022   0.0001343486   0.0009542722  -0.0008131088
        0.0000657367   0.1647470744  -0.1301149183   0.0432849319   0.0007977123
        0.0005527138  -0.0004461145   0.0000155336  -0.0000019585   0.0000053013
       -0.0000239661   0.0000077136   0.0000078001  -0.0000036148  -0.0000105441
        0.0000018274  -0.0000062386  -0.0000031758   0.0000079244  -0.0000125849
        0.0000039004  -0.0000081105  -0.0000138370  -0.0000148344  -0.0000138196
        0.0000239447   0.0000375437   0.0000220329
        0.0000285684  -0.0000616313  -0.0001009642  -0.0003105088   0.0000609320
        0.0002250335   0.0002073355   0.0000471261  -0.0001081685  -0.0007706903
        0.0023680928   0.0024768989  -0.0007726187   0.0003094300  -0.0001729442
       -0.0022796626  -0.0032590279   0.0046709108   0.0164529248  -0.0219569788
        0.0081307676   0.1167533219  -0.1793006181   0.0511483676   0.0002949117
        0.0011923277  -0.0001617040   0.0000785682   0.0000156059   0.0000016753
       -0.0000357048   0.0000362120   0.0000346966   0.0000105738   0.0000339092
        0.0000250344  -0.0000513928  -0.0000180265  -0.0000148494   0.0000273784
        0.0000052772   0.0000127590   0.0000085765  -0.0000186497  -0.0000203684
        0.0000157183  -0.0000346781  -0.0000415581   0.0000137970   0.0000045965
       -0.0000415329  -0.0000061241  -0.0000164334   0.0000443786  -0.0000309372
       -0.0000202572  -0.0000004616  -0.0000562620  -0.0002052085  -0.0006172671
        0.0008632018  -0.0012580851   0.0004498814   0.0004670475   0.0003347415
       -0.0012168411  -0.1301149183   0.2012333102  -0.0633797581  -0.0008291384
        0.0005113672  -0.0013425403  -0.0000068174  -0.0000056321  -0.0000047955
        0.0000128684  -0.0000054260  -0.0000062184   0.0000022886   0.0000071745
       -0.0000005355   0.0000051507   0.0000028277  -0.0000060119   0.0000103280
       -0.0000018337   0.0000055036   0.0000100873   0.0000077926   0.0000087993
        0.0000021287  -0.0000082365   0.0000018126
       -0.0000032393   0.0000334557  -0.0000384551   0.0002087224  -0.0001298110
       -0.0001263020  -0.0002946102  -0.0001107496   0.0001553243   0.0014344880
        0.0028977920   0.0071693529   0.0002609208  -0.0002858344  -0.0000626811
        0.0015082711   0.0045415979   0.0057592090  -0.0071641693   0.0097639103
       -0.0026924977  -0.0398595775   0.0511767002  -0.0525283963   0.0015606617
       -0.0018403334   0.0013239830  -0.0000650738  -0.0000230335  -0.0000154674
        0.0000159191  -0.0000206081  -0.0000061871  -0.0000059201  -0.0000259280
       -0.0000116300   0.0000192214   0.0000100224   0.0000018578  -0.0000065985
        0.0000042608  -0.0000071080  -0.0000170531   0.0000130377   0.0000060353
       -0.0000041062   0.0000342678   0.0000218327   0.0000060546  -0.0000145280
       -0.0000052256  -0.0000180198   0.0000118218  -0.0000246211   0.0000015129
        0.0000147155   0.0000060076  -0.0001243620  -0.0006363199  -0.0014597676
       -0.0003641812   0.0005096577  -0.0002436280  -0.0004376793  -0.0011134042
       -0.0020184310   0.0432849319  -0.0633797581   0.0470899581   0.0000628117
       -0.0014244777  -0.0022959935   0.0000019684  -0.0000005691   0.0000013189
       -0.0000014252   0.0000000838   0.0000043079  -0.0000013912  -0.0000028406
        0.0000018688   0.0000021925  -0.0000002539   0.0000046597  -0.0000016646
        0.0000002467   0.0000010487   0.0000005922  -0.0000061792  -0.0000054309
        0.0000008028   0.0000030585  -0.0000049425
       -0.0000142825   0.0000551225  -0.0000366849   0.0000582443   0.0004096444
        0.0002849908   0.0013941492  -0.0000422861  -0.0005726164   0.0061992836
        0.0151279849  -0.0065171836  -0.0019068699   0.0029781344  -0.0005304825
       -0.0003536432   0.0004266415  -0.0001417098  -0.0056148022  -0.0002468927
        0.0010941020  -0.0126299143  -0.0258249873   0.0116704873  -0.0769765114
       -0.0780920007   0.0352061340   0.0000737834  -0.0001183421   0.0000698391
       -0.0000261111   0.0000205877   0.0000396628   0.0000267337   0.0000187778
       -0.0000014351  -0.0000193728  -0.0000130212  -0.0000194035   0.0000226269
       -0.0000049324   0.0000051407  -0.0000037365  -0.0000362998  -0.0000254034
       -0.0000686670  -0.0000060442   0.0000438100  -0.0000249158  -0.0000105958
       -0.0000005723  -0.0000090808  -0.0000490515  -0.0000649689  -0.0000018754
       -0.0000369952  -0.0000142712   0.0002170965   0.0009387882  -0.0004187536
        0.0000115667  -0.0000400502  -0.0001150349  -0.0007312015  -0.0013378163
        0.0005716482   0.0007977123  -0.0008291384   0.0000628117   0.0895465865
        0.0867328868  -0.0404980907   0.0000158107  -0.0000121907  -0.0000048965
        0.0000135867  -0.0000035029  -0.0000019506  -0.0000012077  -0.0000008331
       -0.0000037119   0.0000052715   0.0000011114  -0.0000012901   0.0000098596
        0.0000011485   0.0000033060   0.0000075030  -0.0000022683  -0.0000032540
       -0.0000176223  -0.0000035792  -0.0000802189
        0.0000235099   0.0000455613   0.0000652495   0.0003412085  -0.0004139112
       -0.0000189825  -0.0016837410   0.0009917211  -0.0014131983  -0.0064909905
       -0.0224621910   0.0101053433   0.0034455302  -0.0019826600   0.0033808806
        0.0007348854   0.0005986707  -0.0003721406  -0.0009813671   0.0025417348
        0.0023272544  -0.0037270494  -0.0055418619   0.0026529806  -0.0781906357
       -0.2287040509   0.0857591308  -0.0001207666   0.0000041931   0.0000329199
       -0.0000159838   0.0000221867   0.0000106813  -0.0000582288   0.0000192423
        0.0000154148  -0.0000656887   0.0000056046   0.0000148294   0.0000008770
        0.0000063978   0.0000088466   0.0000007713   0.0000094238  -0.0000071028
        0.0000271992  -0.0000504268  -0.0000923721   0.0000713137   0.0000258732
       -0.0000536141  -0.0000792037  -0.0001116118   0.0001222594  -0.0000905095
        0.0000440817   0.0000024974  -0.0003916918  -0.0012278141   0.0004449772
       -0.0000151082  -0.0001904824  -0.0006320406  -0.0000964118  -0.0003071728
        0.0001910413   0.0005527138   0.0005113672  -0.0014244777   0.0867328868
        0.2561234013  -0.1012097535  -0.0000101065  -0.0000155817  -0.0000028177
        0.0000035572  -0.0000089581  -0.0000050151   0.0000021813   0.0000114505
       -0.0000000215   0.0000038092   0.0000019902  -0.0000060994   0.0000068776
       -0.0000017409   0.0000043610  -0.0000029738   0.0000053802   0.0000067024
        0.0000731357   0.0000501829   0.0000922659
        0.0000214776  -0.0000420647   0.0000295293   0.0006561950   0.0002556063
       -0.0000374678  -0.0008820114  -0.0022359019  -0.0019312663   0.0037293582
        0.0090832288  -0.0020858377  -0.0010818000   0.0034839766   0.0059279528
        0.0000645902  -0.0004114379  -0.0000249641   0.0012070843   0.0026458858
        0.0069946389   0.0022349360   0.0037613457  -0.0018379189   0.0348028704
        0.0861040371  -0.0702269055   0.0000900595  -0.0001484296   0.0000161972
        0.0000380307  -0.0000276780  -0.0000095620   0.0000258038  -0.0000104298
       -0.0000221927   0.0000255315   0.0000066295  -0.0000095795   0.0000027514
       -0.0000018172  -0.0000063194  -0.0000007064  -0.0000037240  -0.0000214609
       -0.0000678565   0.0000664794   0.0000867092   0.0000036970  -0.0000268394
        0.0000097477  -0.0000504359   0.0000487838  -0.0000433904   0.0000232097
       -0.0000149548  -0.0000293546   0.0001330671   0.0003497932  -0.0005286320
       -0.0000991238  -0.0006228007  -0.0014982739   0.0001119404   0.0003022663
        0.0001393655  -0.0004461145  -0.0013425403  -0.0022959935  -0.0404980907
       -0.1012097535   0.0674600623   0.0000094916  -0.0000051533  -0.0000017268
        0.0000002047  -0.0000022298   0.0000009671  -0.0000038982  -0.0000052124
       -0.0000001139   0.0000048802  -0.0000004957   0.0000011562  -0.0000007795
        0.0000033193  -0.0000005009  -0.0000091358  -0.0000089613  -0.0000106600
       -0.0000452269   0.0000090723  -0.0000442053
       -0.0016216048  -0.0002154485  -0.0002142997   0.0009895899   0.0010471278
        0.0006471916   0.0001780042  -0.0003287237  -0.0003958987   0.0000707668
        0.0000274172   0.0000414592   0.0000134641  -0.0000128948  -0.0000488304
       -0.0000481751  -0.0000105382   0.0000038489   0.0000012792  -0.0000232783
        0.0000069633   0.0000033116   0.0000030536  -0.0000118012  -0.0000057396
        0.0000343599  -0.0000194500   0.0046944503   0.0154814376   0.0122720082
       -0.0518461958  -0.0372568804  -0.0285108296  -0.0081608214  -0.0225720575
       -0.0176539752  -0.0051095478  -0.0018027085  -0.0003210595  -0.0003406236
       -0.0011189930  -0.0008323999  -0.0004543703   0.0001175081   0.0001253050
       -0.0030096218   0.0020624141   0.0026800527  -0.0016519004   0.0006167039
       -0.0011293946   0.0000092401  -0.0000106779   0.0000494317  -0.0016312762
       -0.0011970722   0.0005386768   0.0000029168  -0.0000095581   0.0000302783
        0.0000092538   0.0000068038  -0.0000003779   0.0000113729  -0.0000014289
        0.0000011809   0.0000155336  -0.0000068174   0.0000019684   0.0000158107
       -0.0000101065   0.0000094916   0.0672119635   0.0449238718   0.0330136383
        0.0006938749  -0.0006301880  -0.0008338573  -0.0003244882  -0.0001016462
       -0.0000973876   0.0001564689   0.0000232920  -0.0000580086  -0.0000074178
       -0.0000427715   0.0000381446  -0.0000324220   0.0000696135  -0.0000981558
        0.0001669035   0.0009381861   0.0007660865
       -0.0008827767   0.0006809464  -0.0001747194  -0.0004683373  -0.0013237598
        0.0007717116   0.0000029233   0.0001210279   0.0004449696  -0.0004191918
        0.0000697029  -0.0001120768   0.0000572392   0.0000259983   0.0000024450
       -0.0000231470   0.0000058693  -0.0000113228   0.0000038514   0.0000323298
        0.0000003971  -0.0000593603  -0.0000017786   0.0000134373   0.0000108856
       -0.0000184680   0.0000363765  -0.0017374437  -0.0132177051  -0.0111629357
       -0.0375628861  -0.1923864043  -0.1261155043  -0.0040313307  -0.0080038182
       -0.0074055185  -0.0023654274   0.0036430853  -0.0038300791   0.0000428871
       -0.0005462875  -0.0002415752   0.0001033060   0.0004362424   0.0005476978
        0.0026246533   0.0017896619  -0.0047600239   0.0003412043   0.0000962489
        0.0005351302  -0.0002571005   0.0000067042   0.0001995606  -0.0007134505
        0.0003162462   0.0001807984   0.0000152997   0.0000211151  -0.0000283422
        0.0000053903   0.0000035405  -0.0000024557   0.0000027427  -0.0000026846
       -0.0000045019  -0.0000019585  -0.0000056321  -0.0000005691  -0.0000121907
       -0.0000155817  -0.0000051533   0.0449238718   0.2100909201   0.1489030278
        0.0007362839  -0.0004962785   0.0018930498  -0.0001007734  -0.0000673913
        0.0000026430   0.0000305865   0.0000130588   0.0000272370   0.0000231476
        0.0000288321   0.0000212886   0.0000536280  -0.0006654827   0.0009223859
       -0.0003425263  -0.0006302577  -0.0006473783
       -0.0008227547  -0.0003178264   0.0005810003  -0.0010326426   0.0006837289
       -0.0018534967   0.0002263284   0.0004387931  -0.0000991968  -0.0003970734
       -0.0002858706   0.0002066951   0.0000053677   0.0000124944   0.0000115178
       -0.0000334703  -0.0000140005   0.0000061724   0.0000151539   0.0000164420
       -0.0000196249  -0.0000544543  -0.0000229017   0.0000028852   0.0001249956
       -0.0000183989   0.0000106495  -0.0011421738  -0.0124662220  -0.0098093000
       -0.0290078292  -0.1260483705  -0.1340776968  -0.0024766031  -0.0058159777
       -0.0030772052  -0.0006628465  -0.0037980232   0.0054571461  -0.0000632005
       -0.0000943632  -0.0002650287   0.0002073582   0.0005552559   0.0002085544
        0.0029528941  -0.0047745772   0.0030446999  -0.0007704812   0.0002262571
        0.0002626944  -0.0002158641   0.0001553712   0.0000209180   0.0002523277
        0.0004635353   0.0001306840   0.0000072315   0.0000274105  -0.0000305049
       -0.0000011677   0.0000046147  -0.0000051883   0.0000026567   0.0000043011
       -0.0000012547   0.0000053013  -0.0000047955   0.0000013189  -0.0000048965
       -0.0000028177  -0.0000017268   0.0330136383   0.1489030278   0.1420357776
        0.0002725340   0.0020280888  -0.0012488166  -0.0000697230   0.0000221279
       -0.0000719798   0.0000068107   0.0000000488  -0.0000007498  -0.0000210786
       -0.0000548281  -0.0000334163  -0.0001179982   0.0009256025  -0.0010096483
       -0.0001983402  -0.0007481269  -0.0003758790
       -0.0000923455  -0.0000563930  -0.0000688480  -0.0003384443   0.0009878520
        0.0008958996  -0.0007899338  -0.0001525371  -0.0000142446   0.0002154289
        0.0000442917  -0.0000032731  -0.0001246185  -0.0000099456   0.0000491730
        0.0000342464  -0.0000005920   0.0000000035  -0.0000177283  -0.0000042537
        0.0000025289   0.0000371071   0.0000145009  -0.0000030976  -0.0001318142
       -0.0000170141  -0.0000010972  -0.0049680022  -0.0026211293  -0.0010374375
       -0.0254883103   0.0138539290   0.0137598173  -0.1775984167   0.0901421665
        0.0879837453   0.0026602773  -0.0008638129  -0.0008151955   0.0009609192
       -0.0009265771  -0.0011663344   0.0006780334  -0.0012668697  -0.0003819140
        0.0002571794  -0.0004999732  -0.0004488820  -0.0000085569   0.0000430717
        0.0000736777   0.0000021030  -0.0000148680  -0.0000199911  -0.0000070727
        0.0000641908   0.0000422302   0.0000146332   0.0000040172  -0.0000087823
       -0.0000209865  -0.0000186794   0.0000068305  -0.0000193889  -0.0000034239
        0.0000034333  -0.0000239661   0.0000128684  -0.0000014252   0.0000135867
        0.0000035572   0.0000002047   0.0006938749   0.0007362839   0.0002725340
        0.2039522552  -0.0989681998  -0.0986602624  -0.0001706945  -0.0000609163
        0.0000093530   0.0001010687  -0.0003383424  -0.0000852991   0.0000257699
        0.0000279673  -0.0000424348   0.0001429025  -0.0001354240  -0.0001979684
        0.0000108939   0.0000242548  -0.0001429437
        0.0000074228   0.0000125883   0.0000154836  -0.0003155825   0.0001234407
       -0.0000551601   0.0000092558   0.0000483833   0.0001015851  -0.0001293176
       -0.0000648188   0.0000368477   0.0000210095   0.0000118935  -0.0000152916
       -0.0000246059  -0.0000047649  -0.0000040005   0.0000012586   0.0000095356
        0.0000062192  -0.0000204253  -0.0000058415  -0.0000071249   0.0000438470
        0.0000074439   0.0000142071  -0.0020280885   0.0036077531  -0.0036777898
       -0.0045491699   0.0034758876   0.0029038394   0.0903254428  -0.1021555333
       -0.0641514156   0.0167070309  -0.0128802797  -0.0133120045   0.0013454489
       -0.0001732017   0.0013418102  -0.0015574223  -0.0005938547  -0.0066337696
       -0.0006210291  -0.0000820159   0.0001518262   0.0000110497   0.0000038979
        0.0000339764   0.0000081794   0.0000138959   0.0000038278   0.0000088177
        0.0000334100   0.0000064031   0.0000040227   0.0000048296  -0.0000023648
        0.0000060670   0.0000056493  -0.0000009928   0.0000053167  -0.0000019810
       -0.0000009803   0.0000077136  -0.0000054260   0.0000000838  -0.0000035029
       -0.0000089581  -0.0000022298  -0.0006301880  -0.0004962785   0.0020280888
       -0.0989681998   0.1107414105   0.0805115718  -0.0000161930   0.0002542531
        0.0001730154  -0.0009634607  -0.0004867176   0.0002746813   0.0003315561
        0.0000157040   0.0000042391   0.0009713612  -0.0007511829  -0.0006217377
        0.0000123847  -0.0006591215   0.0008771560
        0.0000128884  -0.0000081277   0.0000260505  -0.0003261445  -0.0001583437
        0.0000928242   0.0001393979   0.0000753310  -0.0000555885  -0.0001863165
        0.0000034353  -0.0000128515   0.0000545923   0.0000077472  -0.0000185150
       -0.0000260628  -0.0000006433   0.0000080551   0.0000078390   0.0000001130
       -0.0000078916  -0.0000258659  -0.0000019600   0.0000021233   0.0000448641
       -0.0000020968   0.0000126153  -0.0002960401  -0.0035594508   0.0052919495
       -0.0015106661   0.0011711257   0.0015751208   0.0882129306  -0.0640397484
       -0.0953271797   0.0141931589  -0.0116137852  -0.0097365487   0.0003093645
        0.0018741627  -0.0008473733  -0.0007785592  -0.0065848111   0.0021996136
       -0.0004986083   0.0001632448  -0.0000142252   0.0000072588   0.0000028756
        0.0000281895   0.0000050379  -0.0000015343   0.0000200083  -0.0000046931
        0.0000193091  -0.0000072174  -0.0000008442   0.0000090660  -0.0000052164
        0.0000070210   0.0000085119  -0.0000053238   0.0000068716   0.0000030403
       -0.0000027984   0.0000078001  -0.0000062184   0.0000043079  -0.0000019506
       -0.0000050151   0.0000009671  -0.0008338573   0.0018930498  -0.0012488166
       -0.0986602624   0.0805115718   0.0995952449   0.0002212518   0.0003290480
        0.0001655320  -0.0003231735  -0.0003539689   0.0001804254  -0.0003327925
       -0.0000800035  -0.0003099480   0.0007185872  -0.0005281111  -0.0006332830
       -0.0001430270   0.0008721860  -0.0009702502
       -0.0000290242  -0.0000061948  -0.0000200231   0.0001988454  -0.0000026082
        0.0001203964  -0.0000714354   0.0000410073   0.0000283757   0.0000223091
        0.0000004952  -0.0000188225  -0.0000221407   0.0000014380   0.0000118175
        0.0000076083   0.0000015582  -0.0000000505   0.0000003501   0.0000064881
       -0.0000015798   0.0000044577   0.0000038321   0.0000021511  -0.0000234760
       -0.0000118088   0.0000049977   0.0001153165  -0.0001800642  -0.0001246643
       -0.0004868206  -0.0004452265  -0.0013953973  -0.0050015726  -0.0015533823
       -0.0001533056  -0.0051737473  -0.0290129345  -0.0073988116  -0.0429335507
       -0.0130562974  -0.0010018451   0.0004206337  -0.0014046166  -0.0012731140
        0.0004778947   0.0002621161  -0.0001752550   0.0000039894  -0.0000082806
        0.0000221665  -0.0000085420   0.0000072296   0.0000083360   0.0000150655
        0.0000247395  -0.0000008841   0.0000044714   0.0000006737  -0.0000046553
       -0.0000008914   0.0000010536  -0.0000001458   0.0000001766   0.0000025782
       -0.0000009043  -0.0000036148   0.0000022886  -0.0000013912  -0.0000012077
        0.0000021813  -0.0000038982  -0.0003244882  -0.0001007734  -0.0000697230
       -0.0001706945  -0.0000161930   0.0002212518   0.0516333955   0.0162026490
        0.0037991764   0.0006164928   0.0168875956   0.0049271060   0.0012701439
        0.0119711188   0.0017960024  -0.0006613877   0.0003457076   0.0006973709
        0.0001214433   0.0000336298   0.0000053224
       -0.0000365404   0.0000171611  -0.0000076867   0.0002332506   0.0000085033
        0.0001522033  -0.0001342936  -0.0000166996   0.0000280264   0.0000946431
        0.0000300941  -0.0000272479  -0.0000410144   0.0000009586   0.0000227064
        0.0000181080   0.0000063847   0.0000018284  -0.0000025091   0.0000029560
       -0.0000044731   0.0000171236   0.0000101644   0.0000043280  -0.0000410550
       -0.0000188421  -0.0000033481   0.0000103967   0.0002869783   0.0002192471
        0.0002273026   0.0000197949  -0.0005907146  -0.0020895543  -0.0005515529
       -0.0001618117  -0.0054366410  -0.0108847786  -0.0039503633  -0.0128746405
       -0.2707283039  -0.0542758859   0.0018671515   0.0007352196  -0.0000740991
       -0.0000969723  -0.0000685430  -0.0004606226   0.0000119820  -0.0000080807
       -0.0000049985  -0.0000300597   0.0000010185  -0.0000019913   0.0000238664
        0.0000045193   0.0000048980   0.0000050175  -0.0000095564  -0.0000041728
       -0.0000082877  -0.0000110531   0.0000020195  -0.0000083331  -0.0000047258
        0.0000012635  -0.0000105441   0.0000071745  -0.0000028406  -0.0000008331
        0.0000114505  -0.0000052124  -0.0001016462  -0.0000673913   0.0000221279
       -0.0000609163   0.0002542531   0.0003290480   0.0162026490   0.3125196068
        0.0637980549   0.0011887311  -0.0089116232  -0.0038637572   0.0012371771
       -0.0230560788  -0.0017401966  -0.0002758713   0.0003695135   0.0005503944
        0.0001123127   0.0000514783   0.0000432765
       -0.0000115177   0.0000210654   0.0000008948  -0.0002091296  -0.0000785244
        0.0000449085   0.0000905738  -0.0000217081  -0.0000381301  -0.0000488903
       -0.0000166775  -0.0000067884   0.0000208376   0.0000059523   0.0000022397
       -0.0000101847  -0.0000030978  -0.0000075583   0.0000068014   0.0000112585
        0.0000091319  -0.0000138811  -0.0000142978  -0.0000077079   0.0000156377
        0.0000017079   0.0000121900   0.0002708994   0.0000032942   0.0000021960
       -0.0005529376  -0.0002226966  -0.0002110682  -0.0010499870  -0.0005198647
        0.0007069105  -0.0041707137  -0.0068588970  -0.0021178306  -0.0000971284
       -0.0540860323  -0.0558808244   0.0010659657   0.0005334130   0.0003337342
       -0.0000684342   0.0000151647  -0.0002921272   0.0000098740  -0.0000037120
        0.0000000601  -0.0000055825   0.0000075231   0.0000021707   0.0000052182
        0.0000132147  -0.0000033220  -0.0000008362   0.0000021703  -0.0000021232
        0.0000062998   0.0000051062  -0.0000014346   0.0000032792   0.0000011658
       -0.0000021104   0.0000018274  -0.0000005355   0.0000018688  -0.0000037119
       -0.0000000215  -0.0000001139  -0.0000973876   0.0000026430  -0.0000719798
        0.0000093530   0.0001730154   0.0001655320   0.0037991764   0.0637980549
        0.0612908295   0.0006944051  -0.0279582335  -0.0084021749  -0.0000888247
        0.0252401962   0.0043862203   0.0004005688  -0.0000642996   0.0000773860
        0.0000284299   0.0000136524   0.0000090209
       -0.0000316383  -0.0000298288  -0.0000538342   0.0001729045  -0.0000078664
        0.0002358611  -0.0001199416  -0.0000846985  -0.0000879204   0.0001470313
        0.0000276747  -0.0000179042  -0.0000443277  -0.0000130779   0.0000194316
        0.0000142645   0.0000002499   0.0000012570  -0.0000069048  -0.0000026663
        0.0000011671   0.0000184656   0.0000066297   0.0000005985  -0.0000532893
       -0.0000040497  -0.0000095545   0.0001790304   0.0000658021   0.0000787340
        0.0001524511   0.0006023606  -0.0001803702   0.0005700174   0.0014437225
        0.0008970696  -0.0231371777   0.0043170738   0.0235946439  -0.1105299562
        0.0232882908   0.1077150225  -0.0049598760  -0.0022999896  -0.0004556778
       -0.0012472082   0.0011202952  -0.0001955279  -0.0000131213   0.0000027497
       -0.0000140232  -0.0000055325   0.0000007119  -0.0000072534   0.0000008772
       -0.0000023090   0.0000086508   0.0000042276  -0.0000017295  -0.0000001743
       -0.0000045467  -0.0000046918   0.0000012144  -0.0000036002   0.0000003322
        0.0000013932  -0.0000062386   0.0000051507   0.0000021925   0.0000052715
        0.0000038092   0.0000048802   0.0001564689   0.0000305865   0.0000068107
        0.0001010687  -0.0009634607  -0.0003231735   0.0006164928   0.0011887311
        0.0006944051   0.1319507493  -0.0266414850  -0.1238197267   0.0062992356
       -0.0015448944  -0.0079555621   0.0000824201  -0.0004246268  -0.0001034995
       -0.0003076174  -0.0000787961  -0.0000391304
       -0.0000074244  -0.0000214449  -0.0000248282   0.0002981805   0.0000749848
        0.0000148499  -0.0001337900   0.0000231520   0.0000226948   0.0000877064
       -0.0000012907  -0.0000071602  -0.0000293752   0.0000053248   0.0000122264
        0.0000095350  -0.0000021057  -0.0000014500  -0.0000087241   0.0000018473
        0.0000045047   0.0000140721   0.0000093109  -0.0000027504  -0.0000215096
       -0.0000004088  -0.0000027281  -0.0002308172  -0.0000682094  -0.0000193621
        0.0003436512  -0.0000418971   0.0000346319  -0.0015267563   0.0003372529
        0.0004113188  -0.0015234193   0.0017558994   0.0057959596   0.0222966826
       -0.0530592130  -0.0373873886  -0.0011815602   0.0001113302  -0.0003562897
        0.0001223107   0.0004632936   0.0000381553  -0.0000063518   0.0000035056
       -0.0000019129   0.0000010008  -0.0000007700  -0.0000025999  -0.0000047925
       -0.0000068300   0.0000017995   0.0000031082  -0.0000041980  -0.0000003779
       -0.0000050558  -0.0000057471   0.0000013788  -0.0000030691  -0.0000047561
        0.0000016032  -0.0000031758   0.0000028277  -0.0000002539   0.0000011114
        0.0000019902  -0.0000004957   0.0000232920   0.0000130588   0.0000000488
       -0.0003383424  -0.0004867176  -0.0003539689   0.0168875956  -0.0089116232
       -0.0279582335  -0.0266414850   0.0566275669   0.0436095939  -0.0082240987
        0.0031953481   0.0160535877  -0.0001633997   0.0000366787   0.0000933088
       -0.0000350993  -0.0000481601   0.0000241379
        0.0000296462   0.0000065884   0.0000107998  -0.0001676333   0.0000024537
       -0.0000763511   0.0000775300   0.0000371830   0.0000124931  -0.0000894457
       -0.0000293734   0.0000123945   0.0000343436   0.0000058065  -0.0000074166
       -0.0000174985  -0.0000079267   0.0000022195   0.0000020440   0.0000029855
        0.0000060205  -0.0000145324  -0.0000049295  -0.0000054947   0.0000382694
        0.0000060852   0.0000144329  -0.0001856157   0.0002785492   0.0002924180
        0.0003945726  -0.0001679142   0.0000119055  -0.0016538101  -0.0003150338
        0.0004027134   0.0009355016   0.0005554665   0.0031261625   0.1074365886
       -0.0372601669  -0.2051572111  -0.0001673784  -0.0002249145   0.0001220830
       -0.0004949760  -0.0001687017  -0.0000083403  -0.0000045007  -0.0000013212
        0.0000134204   0.0000182799   0.0000064443   0.0000069002  -0.0000024631
        0.0000113353  -0.0000066532  -0.0000025604   0.0000056043  -0.0000025540
        0.0000072572   0.0000098383  -0.0000024039   0.0000089633   0.0000026632
       -0.0000008815   0.0000079244  -0.0000060119   0.0000046597  -0.0000012901
       -0.0000060994   0.0000011562  -0.0000580086   0.0000272370  -0.0000007498
       -0.0000852991   0.0002746813   0.0001804254   0.0049271060  -0.0038637572
       -0.0084021749  -0.1238197267   0.0436095939   0.2362884634   0.0130743569
       -0.0029799041  -0.0269334617  -0.0001600075   0.0001675931   0.0001369412
       -0.0000676375   0.0000259458  -0.0000419164
       -0.0000421308  -0.0000600954  -0.0000393604   0.0004077880   0.0003822066
       -0.0001738753  -0.0001869807  -0.0000318870   0.0000599752   0.0001550322
        0.0000052594  -0.0000225629  -0.0000766506   0.0000075213   0.0000398450
        0.0000238641   0.0000040656  -0.0000065871  -0.0000017398  -0.0000018068
        0.0000011751   0.0000260782   0.0000014326   0.0000100205  -0.0000683682
       -0.0000162130  -0.0000127056  -0.0001274636  -0.0001634069  -0.0001628375
       -0.0002747303  -0.0010055466   0.0010909628  -0.0010265189   0.0007047719
        0.0002252311  -0.0197320111   0.0127911066  -0.0236665745  -0.0709836876
        0.0496751628  -0.0683046239  -0.0013966283  -0.0010143802  -0.0007704070
       -0.0000557507  -0.0009144485   0.0013219904   0.0000110941   0.0000084018
        0.0000122407  -0.0000123072  -0.0000005023  -0.0000023184  -0.0000104260
        0.0000012944  -0.0000070510   0.0000037977  -0.0000118909  -0.0000080114
       -0.0000128170  -0.0000149312   0.0000032434  -0.0000137654  -0.0000026935
        0.0000002545  -0.0000125849   0.0000103280  -0.0000016646   0.0000098596
        0.0000068776  -0.0000007795  -0.0000074178   0.0000231476  -0.0000210786
        0.0000257699   0.0003315561  -0.0003327925   0.0012701439   0.0012371771
       -0.0000888247   0.0062992356  -0.0082240987   0.0130743569   0.0858326631
       -0.0541089975   0.0782117252  -0.0000091055   0.0003458859  -0.0003562913
       -0.0000142420   0.0000347033  -0.0000726746
        0.0000019054  -0.0000335371  -0.0000042869   0.0000529480   0.0000245448
       -0.0000385837  -0.0000188320   0.0000264328   0.0000099674  -0.0000101817
        0.0000027779   0.0000135167  -0.0000013615  -0.0000051786  -0.0000101019
       -0.0000083354   0.0000042484   0.0000033830   0.0000028769  -0.0000036637
       -0.0000089223   0.0000002979   0.0000064614   0.0000020680   0.0000066735
       -0.0000013337  -0.0000049063  -0.0003033189   0.0001866953   0.0001676601
        0.0004838172  -0.0004104472   0.0001353958  -0.0014523587  -0.0008215041
       -0.0003243491  -0.0010942617   0.0052144566  -0.0048398276   0.0459492152
       -0.1079344195   0.0940812067   0.0002328584   0.0004415605  -0.0003341511
       -0.0002412565  -0.0002194475   0.0000312583   0.0000011691  -0.0000021626
        0.0000074647   0.0000135399  -0.0000002146   0.0000039951  -0.0000102160
        0.0000051969  -0.0000058485  -0.0000005028   0.0000043126  -0.0000002264
       -0.0000008500   0.0000000200  -0.0000022917   0.0000022259  -0.0000028411
        0.0000001257   0.0000039004  -0.0000018337   0.0000002467   0.0000011485
       -0.0000017409   0.0000033193  -0.0000427715   0.0000288321  -0.0000548281
        0.0000279673   0.0000157040  -0.0000800035   0.0119711188  -0.0230560788
        0.0252401962  -0.0015448944   0.0031953481  -0.0029799041  -0.0541089975
        0.1234756137  -0.1109601014   0.0001248689  -0.0001039957  -0.0000520928
       -0.0000383926  -0.0000338063   0.0000006218
       -0.0000300275  -0.0000079656  -0.0000080972   0.0001721399   0.0001401034
       -0.0000390496  -0.0000676803  -0.0000331236  -0.0000056667   0.0000644493
        0.0000025963  -0.0000063761  -0.0000354422   0.0000056258   0.0000267463
        0.0000076780   0.0000023903  -0.0000044301   0.0000058273  -0.0000019794
        0.0000022181   0.0000106687  -0.0000051163   0.0000011220  -0.0000315819
       -0.0000090971  -0.0000051136   0.0000475280   0.0002210063   0.0001662428
        0.0001955442  -0.0003168199   0.0003760665  -0.0007689166  -0.0001072711
        0.0005681950  -0.0082679151   0.0015564817  -0.0042293122  -0.0642360006
        0.0957494194  -0.1760661541   0.0011455637  -0.0001127604  -0.0005398853
       -0.0002807672  -0.0005010987  -0.0000435035   0.0000087688   0.0000106970
       -0.0000085107  -0.0000167925  -0.0000032172  -0.0000059816  -0.0000012357
       -0.0000100015   0.0000004898   0.0000022727  -0.0000080088  -0.0000026484
       -0.0000068164  -0.0000091370   0.0000035084  -0.0000086090  -0.0000012499
       -0.0000004324  -0.0000081105   0.0000055036   0.0000010487   0.0000033060
        0.0000043610  -0.0000005009   0.0000381446   0.0000212886  -0.0000334163
       -0.0000424348   0.0000042391  -0.0003099480   0.0017960024  -0.0017401966
        0.0043862203  -0.0079555621   0.0160535877  -0.0269334617   0.0782117252
       -0.1109601014   0.2028092523  -0.0000071896   0.0000633038  -0.0001339820
        0.0000554632  -0.0000134595   0.0000353601
       -0.0004630216  -0.0001196113  -0.0001477949   0.0000750237  -0.0010268657
       -0.0008149904   0.0000216910   0.0000036890   0.0000289278   0.0001641022
       -0.0000095127  -0.0000849316  -0.0000784972  -0.0000315545   0.0000491490
        0.0000220188   0.0000073268   0.0000031304  -0.0000146464   0.0000091189
        0.0000007025   0.0000074842   0.0000063296   0.0000151676  -0.0000822002
        0.0000014266   0.0000159241  -0.0051227915  -0.0019159737  -0.0001410174
       -0.0005152592   0.0001701383   0.0001843072  -0.0027809039   0.0020984402
        0.0027051515   0.0037266803   0.0156401459   0.0126629932   0.0009001961
        0.0013245598   0.0005949478  -0.0546121995  -0.0405879467  -0.0313785835
       -0.0085552149  -0.0225577844  -0.0178531579  -0.0000051529   0.0000203143
        0.0000465502  -0.0000405669  -0.0000775639  -0.0000905146   0.0000032559
        0.0000487588   0.0000219062   0.0000136140   0.0000106513  -0.0000197772
       -0.0000066588  -0.0000093365  -0.0000003442  -0.0000124672   0.0000009949
       -0.0000016298  -0.0000138370   0.0000100873   0.0000005922   0.0000075030
       -0.0000029738  -0.0000091358  -0.0000324220   0.0000536280  -0.0001179982
        0.0001429025   0.0009713612   0.0007185872  -0.0006613877  -0.0002758713
        0.0004005688   0.0000824201  -0.0001633997  -0.0001600075  -0.0000091055
        0.0001248689  -0.0000071896   0.0670435056   0.0467816166   0.0341687628
        0.0007959350  -0.0005050622  -0.0007902959
       -0.0002208620  -0.0000872004   0.0000504649   0.0003472839  -0.0003554067
       -0.0004105405  -0.0000887658   0.0000464025   0.0000652378   0.0000873851
        0.0000103970  -0.0000530483  -0.0000683846   0.0000011453   0.0000421690
        0.0000269603   0.0000167251   0.0000025617   0.0000041824   0.0000037490
       -0.0000120870   0.0000227476   0.0000093486   0.0000143381  -0.0000608620
       -0.0000225689  -0.0000035582  -0.0023711629   0.0037388363  -0.0036909030
        0.0002202376   0.0004653490   0.0005104533   0.0024442868   0.0019322534
       -0.0048761758  -0.0023474753  -0.0137841434  -0.0121347974  -0.0007283493
       -0.0000702709   0.0019191444  -0.0406112269  -0.1878947601  -0.1227364185
       -0.0043689936  -0.0081823710  -0.0068175968   0.0000241824   0.0000100841
        0.0000352551  -0.0000494589  -0.0000426071  -0.0000337775   0.0000226102
        0.0000189399   0.0000030667   0.0000097181  -0.0000094438  -0.0000115430
       -0.0000122935  -0.0000182520   0.0000036094  -0.0000137491  -0.0000064012
       -0.0000005226  -0.0000148344   0.0000077926  -0.0000061792  -0.0000022683
        0.0000053802  -0.0000089613   0.0000696135  -0.0006654827   0.0009256025
       -0.0001354240  -0.0007511829  -0.0005281111   0.0003457076   0.0003695135
       -0.0000642996  -0.0004246268   0.0000366787   0.0001675931   0.0003458859
       -0.0001039957   0.0000633038   0.0467816166   0.2058698538   0.1457368946
        0.0007663193  -0.0005483621   0.0018488254
       -0.0001305530   0.0001068144  -0.0000741491   0.0003831518  -0.0003110098
       -0.0002063073  -0.0000965462   0.0000531461   0.0000960771   0.0000982853
       -0.0000231312  -0.0000300344  -0.0000524628   0.0000022551   0.0000409457
        0.0000285328   0.0000005550  -0.0000095396  -0.0000002429   0.0000201584
        0.0000084557   0.0000113890  -0.0000074312  -0.0000025175  -0.0000447924
       -0.0000050972   0.0000118235  -0.0007721910  -0.0037142012   0.0055854910
        0.0003012797   0.0004860656   0.0002070832   0.0029850887  -0.0050048109
        0.0031528097  -0.0015853692  -0.0137270279  -0.0098642985  -0.0012292357
        0.0012650189  -0.0009014715  -0.0314893238  -0.1226999857  -0.1329711892
       -0.0027761228  -0.0050775137  -0.0034252701   0.0000173343  -0.0000079731
        0.0000070119  -0.0000396171  -0.0000126009  -0.0000312556   0.0000227907
        0.0000290181   0.0000160398   0.0000043964  -0.0000024355  -0.0000067516
       -0.0000055831  -0.0000074082   0.0000058603  -0.0000102274  -0.0000013189
       -0.0000006744  -0.0000138196   0.0000087993  -0.0000054309  -0.0000032540
        0.0000067024  -0.0000106600  -0.0000981558   0.0009223859  -0.0010096483
       -0.0001979684  -0.0006217377  -0.0006332830   0.0006973709   0.0005503944
        0.0000773860  -0.0001034995   0.0000933088   0.0001369412  -0.0003562913
       -0.0000520928  -0.0001339820   0.0341687628   0.1457368946   0.1412702530
        0.0002868737   0.0019942589  -0.0012997150
       -0.0001126025   0.0002206354   0.0002630698   0.0005007755  -0.0002484274
       -0.0005055866  -0.0010250516  -0.0012497436  -0.0008679145  -0.0006081658
       -0.0000368662   0.0000964034   0.0000720087  -0.0000527189   0.0000097541
        0.0000054654  -0.0000095384  -0.0000297817   0.0000126727   0.0000452367
       -0.0000184747  -0.0000881508  -0.0000030118   0.0000061488   0.0000312665
       -0.0000176495   0.0000416351   0.0039271931  -0.0003148844  -0.0004392181
        0.0003247335  -0.0012948760  -0.0004870053   0.0001559910  -0.0004785949
       -0.0004489703  -0.0047690590  -0.0023283300  -0.0007005809  -0.0010241784
        0.0006753726   0.0006994850  -0.0236533019   0.0129558404   0.0131551766
       -0.1847207952   0.0936205576   0.0910373197  -0.0000015356   0.0000325185
        0.0000776349  -0.0000082059  -0.0000496592  -0.0000338159  -0.0000042297
        0.0000490627   0.0000227700   0.0000217017   0.0000297521  -0.0000009571
        0.0000231807   0.0000171061  -0.0000062155   0.0000159224   0.0000149094
       -0.0000010707   0.0000239447   0.0000021287   0.0000008028  -0.0000176223
        0.0000731357  -0.0000452269   0.0001669035  -0.0003425263  -0.0001983402
        0.0000108939   0.0000123847  -0.0001430270   0.0001214433   0.0001123127
        0.0000284299  -0.0003076174  -0.0000350993  -0.0000676375  -0.0000142420
       -0.0000383926   0.0000554632   0.0007959350   0.0007663193   0.0002868737
        0.2101447266  -0.1021269540  -0.1017871441
        0.0000635500   0.0002620654   0.0003663365   0.0015281223  -0.0013422536
        0.0006314702   0.0000391025   0.0007749325   0.0007193943  -0.0016065271
       -0.0001009141   0.0000779786   0.0003152130   0.0002378325  -0.0001296152
       -0.0000747534   0.0000254801  -0.0000409853   0.0001140964   0.0000259879
       -0.0000223961  -0.0000792165  -0.0000679667   0.0000228491   0.0003420359
       -0.0001330894   0.0000224304   0.0168028971  -0.0124443568  -0.0130683466
       -0.0017252743  -0.0007382789  -0.0063268272  -0.0005126919  -0.0000070636
        0.0002407496  -0.0019803251   0.0035600953  -0.0039660020  -0.0003123040
        0.0000514829   0.0003046187  -0.0047463881   0.0038364672   0.0024192347
        0.0932931608  -0.1005571203  -0.0627758404   0.0000840270   0.0000338453
        0.0001354835  -0.0000461469   0.0000785142   0.0000418611   0.0000750858
        0.0001255993   0.0000260171   0.0000207799  -0.0000560152   0.0000020344
        0.0000342615   0.0000097769  -0.0000040889   0.0000173690  -0.0000019707
        0.0000037714   0.0000375437  -0.0000082365   0.0000030585  -0.0000035792
        0.0000501829   0.0000090723   0.0009381861  -0.0006302577  -0.0007481269
        0.0000242548  -0.0006591215   0.0008721860   0.0000336298   0.0000514783
        0.0000136524  -0.0000787961  -0.0000481601   0.0000259458   0.0000347033
       -0.0000338063  -0.0000134595  -0.0005050622  -0.0005483621   0.0019942589
       -0.1021269540   0.1082532328   0.0791632846
        0.0000643701   0.0001457313   0.0001728512   0.0013639222   0.0008435669
       -0.0021297263   0.0002889315   0.0010749830   0.0007160958  -0.0008696671
       -0.0003291508   0.0003012771   0.0001423894   0.0001626931  -0.0001163485
        0.0000187062  -0.0000000020  -0.0000559645   0.0000859048   0.0000695145
       -0.0000238189  -0.0000586060  -0.0000576275   0.0000020799   0.0003029129
       -0.0001600152   0.0000790778   0.0128264573  -0.0114880421  -0.0094154281
       -0.0006015318  -0.0063407289   0.0018277855  -0.0005282892   0.0001875614
       -0.0000143866  -0.0003212316  -0.0038308543   0.0054524083  -0.0002139631
        0.0001119621  -0.0002009053  -0.0014321274   0.0008036281   0.0023274807
        0.0909500224  -0.0627263429  -0.0959760016   0.0000597539   0.0000208298
        0.0001065889  -0.0000420163   0.0000248469   0.0000717831   0.0000505899
        0.0000683595   0.0000068789   0.0000016109  -0.0000075566   0.0000032071
        0.0000195324   0.0000122082   0.0000009580   0.0000112941   0.0000104334
        0.0000005900   0.0000220329   0.0000018126  -0.0000049425  -0.0000802189
        0.0000922659  -0.0000442053   0.0007660865  -0.0006473783  -0.0003758790
       -0.0001429437   0.0008771560  -0.0009702502   0.0000053224   0.0000432765
        0.0000090209  -0.0000391304   0.0000241379  -0.0000419164  -0.0000726746
        0.0000006218   0.0000353601  -0.0007902959   0.0018488254  -0.0012997150
       -0.1017871441   0.0791632846   0.0995560448
