$hessian                                                                        
        0.4215048668   0.0425774216  -0.0001889833  -0.2016160688   0.0368002250
       -0.0018475011  -0.0073742009   0.0265518695   0.0008905397   0.0023223660
       -0.0038276369   0.0000048159   0.0031441167  -0.0015176274  -0.0000977955
       -0.0022454424   0.0025283178   0.0000301258   0.0000008301  -0.0003054233
       -0.0000342441   0.0016606855  -0.0002248695   0.0000518611  -0.0005273420
       -0.0001376289   0.0000242450   0.0002218940  -0.0000474166  -0.0000236398
        0.0003436348   0.0004999514  -0.0000681629  -0.0011114674  -0.0007689092
        0.0001360107   0.0001507355   0.0005436755  -0.0000208652   0.0007551438
       -0.0000413186  -0.0000817972  -0.0000282889  -0.0000718297   0.0000068148
        0.0005222271  -0.0005175234  -0.0000592667  -0.0419967856  -0.0300539047
       -0.0007759049  -0.0843358187  -0.0329513095  -0.0857608993  -0.0898858260
       -0.0397547426   0.0876743543  -0.0002064045   0.0002721965  -0.0000129944
       -0.0000063990  -0.0000466605  -0.0001037738  -0.0000086303  -0.0000478065
        0.0000996319  -0.0000602035   0.0001238109  -0.0000200091  -0.0000238111
       -0.0000011533   0.0000196864  -0.0000107563  -0.0000382539   0.0000079859
       -0.0000160692  -0.0000010408  -0.0000102019  -0.0000096082   0.0000188340
        0.0000163640   0.0000223876  -0.0000030908   0.0000035955  -0.0000107817
        0.0000187694  -0.0000036863  -0.0006990015   0.0002208521   0.0001199887
       -0.0004759818   0.0002022222   0.0000237059
        0.0425774216   0.5242687138   0.0018876967   0.0212807895  -0.0749817219
       -0.0004991907   0.0378695572  -0.0278449526  -0.0002229343   0.0044441093
        0.0004434949   0.0002971266  -0.0010801414  -0.0048475760  -0.0004092617
        0.0025851467  -0.0016453582  -0.0001081069  -0.0000420307   0.0002152277
        0.0000169341  -0.0007921177  -0.0004639794   0.0000487812   0.0001907247
        0.0002504855  -0.0000004674  -0.0000576714   0.0000320186   0.0000004730
       -0.0002125729  -0.0001498788   0.0000182622   0.0003949365   0.0003854728
       -0.0000569658  -0.0000195997  -0.0002359066   0.0000120017  -0.0002367570
        0.0000095802   0.0000317280  -0.0000055393   0.0000055719   0.0000028850
       -0.0011046400   0.0000598962   0.0000444211  -0.0362811641  -0.2809371924
       -0.0072107021  -0.0317780793  -0.0638498917  -0.0563862418  -0.0384605314
       -0.0707198750   0.0625346075   0.0000783265  -0.0000637223  -0.0000037103
        0.0000438669   0.0000335862   0.0000551820   0.0000574150   0.0000171553
       -0.0000550255   0.0001739195  -0.0001182524   0.0000245485   0.0000120621
       -0.0000016058  -0.0000081432  -0.0000041009   0.0000174465  -0.0000000534
        0.0000114513  -0.0000008635   0.0000084458   0.0000024671  -0.0000031696
       -0.0000068493  -0.0000070698  -0.0000025209   0.0000030948   0.0000041778
       -0.0000026882   0.0000092409   0.0001754400   0.0000988031  -0.0001134913
        0.0001802041   0.0000317026   0.0000857143
       -0.0001889833   0.0018876967   0.4909952801  -0.0025409291  -0.0001146117
       -0.0541552499   0.0015004895  -0.0003419602   0.0000772197   0.0001552630
        0.0000085457  -0.0033576549  -0.0001032877  -0.0002995019   0.0047390409
        0.0000669268  -0.0000033859   0.0012588386  -0.0000143889  -0.0000056115
       -0.0000441259   0.0000252093  -0.0000204096  -0.0007114252   0.0000105796
       -0.0000242068  -0.0000270080  -0.0000022713   0.0000073189   0.0000093431
       -0.0000102154   0.0000158410  -0.0000409273   0.0000274546   0.0000096717
        0.0001020400  -0.0000047971   0.0000027456  -0.0000737936  -0.0000085620
       -0.0000011808  -0.0000227440   0.0000018859   0.0000072953   0.0000031759
        0.0000474575  -0.0001926950   0.0002475382  -0.0009682337  -0.0071199528
       -0.0437514167  -0.0838318965  -0.0584695695  -0.2038573611   0.0858970281
        0.0645662499  -0.1910164479   0.0000034799   0.0000161131   0.0001150721
        0.0000733407  -0.0000783582  -0.0000229089  -0.0000622663   0.0000698998
       -0.0000293920   0.0000092940  -0.0000136602  -0.0001735231  -0.0000059521
        0.0000012200  -0.0000060480   0.0000003368   0.0000007351   0.0000026943
        0.0000072432  -0.0000008695  -0.0000103636   0.0000009950  -0.0000049808
       -0.0000081702  -0.0000006570  -0.0000007410  -0.0000068705  -0.0000025219
        0.0000005069  -0.0000095575  -0.0000380365   0.0002077650  -0.0000602965
       -0.0000439850  -0.0001099094  -0.0001649582
       -0.2016160688   0.0212807895  -0.0025409291   0.4006718345  -0.0502478940
        0.0045954783  -0.0870775679   0.0102599998  -0.0002026481  -0.0053678671
       -0.0512126782  -0.0026520429  -0.0154399786   0.0390933830   0.0010945246
       -0.0049073026  -0.0008935806  -0.0000024388   0.0004090545  -0.0001812961
        0.0000081074  -0.0024680532   0.0017765818  -0.0000039633   0.0009489203
        0.0009620579  -0.0000516353  -0.0003739042   0.0000464432   0.0000379465
        0.0002641813  -0.0003588821  -0.0001487900   0.0016363032   0.0010883749
       -0.0002281436  -0.0002590628  -0.0008089872   0.0000649379  -0.0011109758
       -0.0000321638   0.0001283660   0.0001143052   0.0001652445  -0.0000141935
       -0.0044754416   0.0036924401   0.0004662497  -0.0040579477   0.0072040403
        0.0000850780  -0.0361305424   0.0086947568  -0.0089880623  -0.0373367434
        0.0086665303   0.0081348002  -0.0004814171   0.0003927409  -0.0000308827
       -0.0000060339  -0.0000162589   0.0000312344   0.0000305695  -0.0000134906
       -0.0000424728  -0.0005223895   0.0000823007  -0.0000001808   0.0000045886
        0.0000297523  -0.0000266584  -0.0000116606   0.0000362078  -0.0000009537
        0.0000066363   0.0000305102   0.0000211504   0.0000054224  -0.0000248063
       -0.0000208196  -0.0000347189  -0.0000140057   0.0000040441   0.0000107969
       -0.0000223257   0.0000242229  -0.0019272427   0.0003327142   0.0002829067
       -0.0004976938  -0.0000084990  -0.0000242320
        0.0368002250  -0.0749817219  -0.0001146117  -0.0502478940   0.4168450054
        0.0132063347  -0.0202448402  -0.2068844376  -0.0066409858  -0.0393381831
       -0.0898022433  -0.0054556818   0.0384295426  -0.0480799117  -0.0009425003
       -0.0093278797   0.0166544786   0.0001127541   0.0002755653  -0.0015801012
       -0.0001530751   0.0156619612  -0.0013771760  -0.0000155961  -0.0051715956
       -0.0067188045   0.0003057195   0.0005279201   0.0003618453   0.0000009418
        0.0027508367   0.0044117353  -0.0005671224  -0.0037224028  -0.0060876808
        0.0005092699  -0.0010114251   0.0040202124  -0.0000031565   0.0025749081
        0.0000225584  -0.0002949329  -0.0004383996  -0.0004089421   0.0000803823
       -0.0037525565  -0.0002667790   0.0001184584   0.0356110785  -0.0181477212
        0.0000743626   0.0009297937   0.0026347114   0.0044310115  -0.0002820818
        0.0036155072  -0.0044357607  -0.0009114069   0.0024737107  -0.0001520822
        0.0000243099  -0.0000051493  -0.0002068071   0.0000662282   0.0000725556
        0.0002284529  -0.0000883354   0.0007338069  -0.0000841791  -0.0000122606
        0.0000051482   0.0000342452  -0.0001144356  -0.0000099477  -0.0000030692
       -0.0000733690   0.0000044085  -0.0000146276   0.0000314678   0.0000741234
        0.0000933069   0.0000558705   0.0000513281  -0.0000049950   0.0000081250
        0.0000704331  -0.0000937822   0.0005788369   0.0014025533  -0.0019921192
        0.0004103960   0.0008964948   0.0019798452
       -0.0018475011  -0.0004991907  -0.0541552499   0.0045954783   0.0132063347
        0.0720284927  -0.0013051252  -0.0061027872  -0.0537730817  -0.0022614611
       -0.0055074338   0.0234313047   0.0009584247  -0.0014093373   0.0064669970
       -0.0005248204   0.0006624124   0.0026321693  -0.0000197684  -0.0000948518
        0.0000044404   0.0005548843  -0.0000443662  -0.0005697180  -0.0000877811
       -0.0001793701   0.0000517040   0.0000331680   0.0000176139   0.0000733776
        0.0000927005   0.0000956879   0.0002925739  -0.0001431592  -0.0001763772
       -0.0001085811  -0.0000164295   0.0001087861   0.0001821061   0.0000938672
       -0.0000084981   0.0000140126  -0.0000217418  -0.0000089536  -0.0000494847
       -0.0000878309   0.0003653623  -0.0012865591   0.0010076042  -0.0005045616
        0.0007441744  -0.0273550733   0.0112852076   0.0018719806   0.0259726554
       -0.0110339017   0.0022665983  -0.0000380200   0.0001182086   0.0000479119
        0.0002818149  -0.0001090603   0.0000009189  -0.0002456227   0.0000905971
        0.0000148230  -0.0000216280   0.0000171022  -0.0004585130   0.0000270227
       -0.0000012098   0.0000045998  -0.0000021489  -0.0000050479   0.0000065059
       -0.0000287189   0.0000035784   0.0000109065   0.0000006357   0.0000061965
        0.0000039234   0.0000036258  -0.0000011955  -0.0000011804  -0.0000011533
       -0.0000069770  -0.0000024560   0.0003773891  -0.0005435339  -0.0001048340
        0.0000087129   0.0002595658   0.0003601367
       -0.0073742009   0.0378695572   0.0015004895  -0.0870775679  -0.0202448402
       -0.0013051252   0.7621293373   0.1765308878   0.0195045909  -0.4401431321
       -0.2436333127  -0.0179929150  -0.1807924638   0.0092123060  -0.0012530800
       -0.0393365568   0.0560638613   0.0008501871  -0.0048014139  -0.0025165419
       -0.0006127255   0.0351208733  -0.0034741265  -0.0003519341  -0.0102028522
       -0.0117693885   0.0005549897   0.0012715201   0.0002357580   0.0000268671
        0.0044495534   0.0061175649  -0.0013250423  -0.0105939415  -0.0112659932
        0.0013550935  -0.0006352094   0.0076604113  -0.0001181988   0.0071609598
       -0.0002902297  -0.0007907454  -0.0010447777  -0.0010988123   0.0001707351
       -0.0245578453  -0.0020996894  -0.0005699304  -0.0069583322   0.0021282596
       -0.0000917169   0.0002793327   0.0027164891  -0.0010846666   0.0001426952
        0.0026722500   0.0012071465   0.0035082956  -0.0071913358   0.0002212165
       -0.0003279385  -0.0006206629  -0.0001910584  -0.0005197237  -0.0002381921
        0.0001567111  -0.0001675934   0.0015273476  -0.0002310740  -0.0000210328
       -0.0000846037   0.0001036552   0.0000047117  -0.0002191559   0.0000087636
       -0.0001037183  -0.0000574835  -0.0000798916   0.0000367293   0.0001791372
        0.0001873622   0.0002009779   0.0000692780  -0.0000122803  -0.0000070566
        0.0001660384  -0.0001894630   0.0004784155   0.0008556550  -0.0007515730
       -0.0001180447   0.0007995670   0.0011036128
        0.0265518695  -0.0278449526  -0.0003419602   0.0102599998  -0.2068844376
       -0.0061027872   0.1765308878   0.5690539517   0.0183095189  -0.2530962597
       -0.2470625526  -0.0124371837   0.0332088128  -0.0597610979   0.0007644703
        0.0363162195  -0.0219239237   0.0002939412  -0.0005973593   0.0028359130
        0.0000718966  -0.0121385002  -0.0066323846  -0.0000035979   0.0051424121
        0.0071164951  -0.0004064039  -0.0003471443  -0.0003430740   0.0000124412
       -0.0048582749  -0.0079076650   0.0003015778   0.0015054552   0.0059109702
       -0.0002153406   0.0012793155  -0.0035507310  -0.0000258096  -0.0018830796
       -0.0003497051   0.0002428284   0.0002141011   0.0002809191  -0.0000507373
       -0.0131289464   0.0046797935  -0.0003971544   0.0015950353  -0.0023073697
       -0.0001186098  -0.0021571035   0.0021710294  -0.0024179479  -0.0023560235
        0.0020879918   0.0024075457  -0.0002064908  -0.0061265755   0.0001830765
       -0.0000531636  -0.0000665861   0.0002623867  -0.0001969699  -0.0000264877
       -0.0003085289   0.0017335067  -0.0008174520   0.0000075091   0.0000060794
       -0.0000086966  -0.0000136473   0.0000950533  -0.0000093590   0.0000084104
        0.0000615008  -0.0000071665  -0.0000028138  -0.0000370503  -0.0000470892
       -0.0000719629  -0.0000428117  -0.0000539918   0.0000084602  -0.0000150184
       -0.0000419708   0.0000812963  -0.0018480743  -0.0013674677   0.0024974374
       -0.0015379783  -0.0009963272  -0.0025383112
        0.0008905397  -0.0002229343   0.0000772197  -0.0002026481  -0.0066409858
       -0.0537730817   0.0195045909   0.0183095189   0.1717148995  -0.0178595238
       -0.0123523575  -0.0626333499  -0.0013318744   0.0011726239  -0.0595896417
        0.0005242034  -0.0000525033  -0.0072551939  -0.0001258875   0.0000690062
       -0.0037827190   0.0000567273   0.0002713330   0.0092605449  -0.0004000329
       -0.0003663174   0.0003046019  -0.0001077921  -0.0001037785  -0.0008595130
       -0.0001749704   0.0001773263   0.0006711824  -0.0002442450  -0.0000047898
       -0.0014502515   0.0000621037   0.0000150487  -0.0000943889   0.0000373962
        0.0000242902   0.0001911486   0.0000281093  -0.0000030996   0.0002482867
       -0.0003704022   0.0001242844   0.0011603727  -0.0001699963   0.0000084761
        0.0005924371  -0.0007922034   0.0013232479   0.0006209176   0.0006211822
       -0.0010972677   0.0007407249   0.0000936957  -0.0002850614   0.0006262684
       -0.0002440569  -0.0007320489  -0.0000319388   0.0001605774   0.0006540147
       -0.0000118948   0.0000433520   0.0000594933   0.0025302076  -0.0001873749
        0.0000012677   0.0000173430   0.0000060186   0.0000007487  -0.0000007750
        0.0001701227  -0.0000295676  -0.0000327640   0.0000245583   0.0000086617
        0.0000016188   0.0000045582   0.0000026412   0.0000204786  -0.0000245873
       -0.0000055158   0.0000077833   0.0008439604   0.0002789239   0.0006608822
       -0.0008361006  -0.0006046793   0.0000685945
        0.0023223660   0.0044441093   0.0001552630  -0.0053678671  -0.0393381831
       -0.0022614611  -0.4401431321  -0.2530962597  -0.0178595238   0.5171374366
        0.3060097072   0.0229074251  -0.0663936906  -0.0123373970  -0.0022789981
        0.0123805830  -0.0197527738  -0.0003234442   0.0010467926   0.0044115922
        0.0000459062  -0.0122677191   0.0019853416  -0.0001394468   0.0040817814
        0.0031651240  -0.0002297261  -0.0006526086   0.0000389761   0.0000952957
       -0.0040889752  -0.0050610479   0.0003400846   0.0048262647   0.0057575943
       -0.0006330995  -0.0000243237  -0.0035447500   0.0000754671  -0.0040961735
       -0.0001078260   0.0004790076   0.0003667504   0.0005551226  -0.0000622301
       -0.0079418622   0.0023878033  -0.0000965606   0.0015623314   0.0010829371
        0.0000991687   0.0005833680  -0.0011386259   0.0015384250   0.0006831841
       -0.0011290785  -0.0015615392  -0.0032417821   0.0056913850  -0.0001518116
       -0.0004601432   0.0003081210   0.0001436776  -0.0006330740   0.0002713632
       -0.0001111324   0.0001822035  -0.0008034200   0.0001414765   0.0000421279
        0.0000364947  -0.0000369865  -0.0000085491   0.0001579406  -0.0000100391
        0.0000299677   0.0000287244   0.0000310106  -0.0000041115  -0.0000975565
       -0.0000896392  -0.0001445722  -0.0000532182   0.0000107140   0.0000127632
       -0.0000944362   0.0000830790   0.0001523344   0.0003122005  -0.0001140164
        0.0000583294  -0.0000899644  -0.0001863461
       -0.0038276369   0.0004434949   0.0000085457  -0.0512126782  -0.0898022433
       -0.0055074338  -0.2436333127  -0.2470625526  -0.0123523575   0.3060097072
        0.3348518525   0.0180701129  -0.0182693666   0.0169396592  -0.0005388147
        0.0069688772  -0.0150738639  -0.0002696584   0.0055232004  -0.0048828107
        0.0005147291  -0.0074780676   0.0033884516  -0.0000821449   0.0015188048
        0.0006666537   0.0000406873  -0.0001563940   0.0000751641   0.0000178930
       -0.0017213478  -0.0007211529   0.0002955577   0.0027368709   0.0023103611
       -0.0003567465  -0.0000717948  -0.0014408344   0.0000362658  -0.0019591936
        0.0001380288   0.0002233443   0.0002249769   0.0002740934  -0.0000381172
        0.0001272439  -0.0002605277   0.0000146996  -0.0011335477   0.0012441668
       -0.0000007587   0.0002700007   0.0000302660   0.0003483085   0.0002824502
        0.0001416418  -0.0002173581   0.0033563414  -0.0004588081  -0.0000565248
        0.0008042504   0.0001672610   0.0000880815   0.0011658164  -0.0001272541
       -0.0000687328  -0.0002255101  -0.0006448131   0.0000959220   0.0000469495
        0.0000092249   0.0000020793  -0.0000297993   0.0000926478  -0.0000065787
        0.0000314126  -0.0000018900  -0.0000027069   0.0000050381  -0.0000505029
       -0.0000323541  -0.0000608698  -0.0000188852   0.0000030897   0.0000093243
       -0.0000517903   0.0000245683   0.0003737779   0.0000060917  -0.0003936018
        0.0003244762  -0.0001811300   0.0001400043
        0.0000048159   0.0002971266  -0.0033576549  -0.0026520429  -0.0054556818
        0.0234313047  -0.0179929150  -0.0124371837  -0.0626333499   0.0229074251
        0.0180701129   0.0272930251  -0.0021025470  -0.0003537796   0.0125477363
        0.0004363587  -0.0006745570   0.0000497952   0.0000575688   0.0001972277
        0.0025923658  -0.0004640890  -0.0000941291  -0.0008597710   0.0002011928
        0.0002480628  -0.0002345816  -0.0000175119   0.0000151297   0.0001289190
       -0.0000184039  -0.0003178518   0.0001489097   0.0001846230   0.0001589154
        0.0004646756  -0.0000185610  -0.0000891573   0.0000230473  -0.0001426095
       -0.0000165078  -0.0000258663   0.0000007060   0.0000204485  -0.0000781052
       -0.0004364897   0.0000542826   0.0022477680  -0.0000201051   0.0000683426
        0.0000807224  -0.0000121687  -0.0003427229  -0.0003251498   0.0001059231
        0.0003740124  -0.0003066823  -0.0000692277   0.0000869928  -0.0011948653
       -0.0005293099   0.0006160862   0.0001586258   0.0004538098  -0.0005413046
        0.0001395870   0.0000098657  -0.0000250733  -0.0003503892   0.0000384148
        0.0000119806  -0.0000017708  -0.0000028362   0.0000056125  -0.0000156558
       -0.0000374064  -0.0000026772   0.0000074294  -0.0000117266  -0.0000057199
       -0.0000039278  -0.0000068122  -0.0000036837  -0.0000113713   0.0000106611
       -0.0000007194  -0.0000019872  -0.0003761761  -0.0003752070  -0.0000347261
        0.0004995740   0.0005116227   0.0001219430
        0.0031441167  -0.0010801414  -0.0001032877  -0.0154399786   0.0384295426
        0.0009584247  -0.1807924638   0.0332088128  -0.0013318744  -0.0663936906
       -0.0182693666  -0.0021025470   0.5340801031  -0.0653147191   0.0077208005
       -0.0751540275   0.0655397045  -0.0005462927   0.0070461933  -0.0125102794
        0.0007329743  -0.0606625639   0.0462985619  -0.0002527417   0.0121891206
        0.0126111516  -0.0006358276  -0.0005968399  -0.0008955584   0.0000984254
       -0.0304734551  -0.0213701125   0.0014629371   0.0009297543   0.0102797953
       -0.0003385196   0.0023709236  -0.0043036627  -0.0001174730  -0.0047301695
       -0.0006659440   0.0006389901   0.0001701654   0.0005172108  -0.0000631786
       -0.1205326978  -0.0688136543  -0.0043256391  -0.0001605916  -0.0000060214
        0.0000025237  -0.0005078426  -0.0001335799  -0.0000834938  -0.0004929388
       -0.0001420718   0.0000828569  -0.0007317503   0.0021516962  -0.0000979353
       -0.0010247279  -0.0024401721  -0.0000540070  -0.0010813792  -0.0029464183
       -0.0000193494  -0.0058683779  -0.0004835458   0.0002851044   0.0001932112
       -0.0001582104   0.0000559438   0.0003360331  -0.0003420696   0.0000117101
        0.0002348840  -0.0001716564  -0.0000901369  -0.0000173631  -0.0000760605
       -0.0000961879  -0.0001328284  -0.0001172486   0.0000135205  -0.0000002406
       -0.0000769179   0.0000985182   0.0031390113  -0.0026531311   0.0027450550
        0.0009604107  -0.0060659336  -0.0046492931
       -0.0015176274  -0.0048475760  -0.0002995019   0.0390933830  -0.0480799117
       -0.0014093373   0.0092123060  -0.0597610979   0.0011726239  -0.0123373970
        0.0169396592  -0.0003537796  -0.0653147191   0.7352694038   0.0116120079
        0.0885512598  -0.4070473018  -0.0025761675   0.0003150461  -0.0300350643
       -0.0008301487   0.0413255077  -0.0205586319   0.0003451088  -0.0070074956
       -0.0075514243   0.0004694808   0.0006574670   0.0001796531  -0.0000522869
       -0.0022692327   0.0126963401   0.0010371913  -0.0016701954  -0.0048714547
        0.0005568786  -0.0002068989   0.0027180841  -0.0000294398   0.0024476243
        0.0008548238  -0.0004017401  -0.0001738675  -0.0004298448  -0.0000177410
       -0.0658772339  -0.1419141966  -0.0051377784   0.0015692320  -0.0006543385
       -0.0000038931   0.0000663189   0.0000263721   0.0000657918   0.0001093546
       -0.0000287861  -0.0000642179   0.0011637990  -0.0002390846   0.0000732109
       -0.0011187967  -0.0012716722   0.0004880992  -0.0012990739  -0.0010709839
       -0.0004336966   0.0010791534   0.0022659851  -0.0001200220  -0.0001010289
       -0.0000374266   0.0000406996   0.0000328000   0.0001981883   0.0000001882
       -0.0001226883  -0.0000137196  -0.0000231512   0.0000286742   0.0000619780
        0.0000867783   0.0001062408   0.0000783743  -0.0000162388   0.0000165190
        0.0000682570  -0.0000925958  -0.0137996388  -0.0230155137   0.0018300962
       -0.0129587917  -0.0199290895  -0.0059164190
       -0.0000977955  -0.0004092617   0.0047390409   0.0010945246  -0.0009425003
        0.0064669970  -0.0012530800   0.0007644703  -0.0595896417  -0.0022789981
       -0.0005388147   0.0125477363   0.0077208005   0.0116120079   0.1160592954
        0.0018819129  -0.0039744703  -0.0353856797   0.0002768725  -0.0005162529
        0.0012547980  -0.0014040110   0.0009691425   0.0059319897  -0.0001703231
       -0.0000357971  -0.0002201218  -0.0000438245  -0.0000451563  -0.0002441705
        0.0006255956   0.0017253353  -0.0008858712   0.0009312858   0.0003126824
        0.0006523904   0.0002756367  -0.0002745339   0.0001513160   0.0000060419
        0.0001933529   0.0001990444   0.0000772255   0.0000044426  -0.0000723070
       -0.0042421287  -0.0042548263  -0.0570979091   0.0000647118  -0.0000353655
        0.0001848694   0.0006640449  -0.0006204154   0.0000004500  -0.0007094615
        0.0006236301   0.0000245447  -0.0001283016   0.0001431155  -0.0001959705
       -0.0010214791  -0.0006063662  -0.0002718251   0.0008903063   0.0005886409
       -0.0002859455  -0.0000063867  -0.0000597609   0.0020337008   0.0000085589
       -0.0000038171   0.0000024679   0.0000120950  -0.0000016201  -0.0000332085
       -0.0000143394  -0.0000153160   0.0000042158   0.0000096441   0.0000048301
        0.0000032589   0.0000163441   0.0000098830  -0.0000068005  -0.0000132358
       -0.0000122138   0.0000175912   0.0130786576   0.0158114734   0.0030162710
       -0.0162508937  -0.0204165188   0.0009994735
       -0.0022454424   0.0025851467   0.0000669268  -0.0049073026  -0.0093278797
       -0.0005248204  -0.0393365568   0.0363162195   0.0005242034   0.0123805830
        0.0069688772   0.0004363587  -0.0751540275   0.0885512598   0.0018819129
        0.5636784462  -0.0540715508  -0.0000502327  -0.1171987107  -0.0718878256
       -0.0016846207  -0.2611587695   0.0592390093   0.0014309413  -0.0483094881
       -0.0270213385   0.0011603573  -0.0008553590  -0.0009567729   0.0002461439
        0.0098440094   0.0168155471  -0.0010553659  -0.0096041927  -0.0135450033
        0.0018936994  -0.0017550511   0.0084289128  -0.0001456665   0.0053227844
        0.0000315604  -0.0007171320  -0.0009758987  -0.0008868052   0.0001330193
        0.0029840535  -0.0220414681  -0.0019355784  -0.0001779338   0.0000717160
       -0.0000103987   0.0004611657   0.0000241242   0.0001668687   0.0004504983
        0.0000352155  -0.0001626426  -0.0218989396  -0.0219278768  -0.0002374416
        0.0028171956  -0.0006060222  -0.0013015550   0.0036079859   0.0005760491
        0.0010048738  -0.0095682297   0.0098395901  -0.0006880215  -0.0010567588
        0.0002636078   0.0002796819  -0.0001890828   0.0000378242  -0.0000112335
       -0.0011635910   0.0002680458  -0.0000736761   0.0000687688   0.0001640137
        0.0001649069   0.0001353459   0.0000831420  -0.0000121147   0.0000401020
        0.0001731473  -0.0001768077  -0.0027547320  -0.0038924446   0.0004236997
       -0.0034808718  -0.0043080209  -0.0010262860
        0.0025283178  -0.0016453582  -0.0000033859  -0.0008935806   0.0166544786
        0.0006624124   0.0560638613  -0.0219239237  -0.0000525033  -0.0197527738
       -0.0150738639  -0.0006745570   0.0655397045  -0.4070473018  -0.0039744703
       -0.0540715508   0.7584982452   0.0033878599  -0.0694636473  -0.1622822605
       -0.0002036571   0.0279956416  -0.0981723090   0.0001185742  -0.0092110517
        0.0164105058  -0.0005828711  -0.0031282615  -0.0025568841   0.0005641804
       -0.0028481906  -0.0053792314   0.0003977351   0.0037124138   0.0050703103
       -0.0006672418   0.0007397332  -0.0032003829   0.0000411348  -0.0012828829
        0.0000867146   0.0002065654   0.0004076221   0.0002403549  -0.0000637752
       -0.0018412006  -0.0295774133   0.0009806382  -0.0002467604   0.0000825702
        0.0000100600  -0.0005524456   0.0000023525  -0.0002699419  -0.0005696219
        0.0000042981   0.0002710231   0.0004814147   0.0090468228  -0.0000522586
       -0.0105566911  -0.0227147137  -0.0046202485  -0.0108848819  -0.0244303874
        0.0038149606   0.0291146664  -0.0112518916   0.0002878736  -0.0003625267
        0.0001675065   0.0001076614   0.0006723894  -0.0000780548  -0.0000262458
       -0.0003271832   0.0001835828  -0.0000841964  -0.0000124685  -0.0000500079
       -0.0000709383   0.0000179647  -0.0000284846   0.0000024526  -0.0000044776
       -0.0000590166   0.0000672640  -0.0014814069  -0.0012929976  -0.0003395569
        0.0002178740   0.0003167408   0.0007654523
        0.0000301258  -0.0001081069   0.0012588386  -0.0000024388   0.0001127541
        0.0026321693   0.0008501871   0.0002939412  -0.0072551939  -0.0003234442
       -0.0002696584   0.0000497952  -0.0005462927  -0.0025761675  -0.0353856797
       -0.0000502327   0.0033878599   0.1409928384  -0.0011674024  -0.0010897780
       -0.0607624335  -0.0032389558   0.0010724664  -0.0351785867   0.0030715335
        0.0006047758  -0.0027150210   0.0010928636   0.0005626894   0.0038710608
       -0.0004133045  -0.0005028004  -0.0001329579   0.0003868360   0.0004229312
        0.0001753380   0.0000449769  -0.0002761012  -0.0000588623  -0.0002259183
        0.0000278744  -0.0002222268   0.0000382973   0.0000285589   0.0000094534
        0.0005987135  -0.0008998293  -0.0016730227   0.0000078443  -0.0000032368
        0.0000022339   0.0001172128  -0.0001042005  -0.0000378890  -0.0001335127
        0.0001102003  -0.0000266488   0.0001959640   0.0004619181   0.0001596517
       -0.0145887727  -0.0215478645  -0.0006010850   0.0140342636   0.0206988399
        0.0000021024   0.0002638234  -0.0002343108  -0.0036097661   0.0006773720
       -0.0002475752  -0.0001441039   0.0000108003   0.0000111955   0.0001839747
       -0.0004458449   0.0001842160  -0.0000877620  -0.0000170064  -0.0000294264
       -0.0000233650  -0.0000018798  -0.0000030667   0.0000044662   0.0000079916
        0.0000151566  -0.0000216493   0.0007896721   0.0022668861  -0.0005262659
       -0.0010634720  -0.0023701410  -0.0008794032
        0.0000008301  -0.0000420307  -0.0000143889   0.0004090545   0.0002755653
       -0.0000197684  -0.0048014139  -0.0005973593  -0.0001258875   0.0010467926
        0.0055232004   0.0000575688   0.0070461933   0.0003150461   0.0002768725
       -0.1171987107  -0.0694636473  -0.0011674024   0.5343885660  -0.0298191369
        0.0000282866  -0.0385169936  -0.0302738872  -0.0000012166  -0.0037010403
        0.0036873763  -0.0008238955  -0.0017577020  -0.0010152340   0.0003434644
       -0.0006729459  -0.0010733228   0.0001436531   0.0007632041   0.0009882911
        0.0000342179   0.0000712282  -0.0007614686  -0.0000184890  -0.0004394428
       -0.0000476660   0.0000411672   0.0001300407   0.0001204819  -0.0000250647
       -0.0000001371   0.0018216583  -0.0000426140   0.0000139704   0.0000245942
       -0.0000038886   0.0000355663  -0.0000218846   0.0000010140   0.0000370970
       -0.0000218538  -0.0000072432  -0.2772336934   0.0698142131   0.0045657622
       -0.0490616125   0.0235315013   0.0345836239  -0.0515502798   0.0284270786
       -0.0378751288   0.0012214359  -0.0015200057   0.0000259932  -0.0002305972
        0.0000764275   0.0000640368   0.0001946051  -0.0001591766  -0.0000114241
       -0.0002668402   0.0000707752  -0.0000267035  -0.0000180702  -0.0000260128
       -0.0000212490  -0.0000217869  -0.0000025556   0.0000003719  -0.0000105284
       -0.0000249280   0.0000210770   0.0000591717   0.0001283614  -0.0000515980
        0.0000640388   0.0000655992   0.0000488527
       -0.0003054233   0.0002152277  -0.0000056115  -0.0001812961  -0.0015801012
       -0.0000948518  -0.0025165419   0.0028359130   0.0000690062   0.0044115922
       -0.0048828107   0.0001972277  -0.0125102794  -0.0300350643  -0.0005162529
       -0.0718878256  -0.1622822605  -0.0010897780  -0.0298191369   0.4764052084
       -0.0010345370  -0.0066254592   0.0021200301  -0.0002122656   0.0010658311
       -0.0001545474   0.0000976702  -0.0000491981   0.0000339646  -0.0000427154
        0.0005552300   0.0000615991  -0.0001030878   0.0008165578   0.0001857133
       -0.0001787512  -0.0003637079  -0.0000678983   0.0000493532  -0.0005804532
       -0.0000189296   0.0000736510   0.0001039704   0.0001128499   0.0000050243
        0.0020653066  -0.0020053440   0.0001969324   0.0000529780   0.0000018219
        0.0000055429   0.0000844277  -0.0000140571   0.0000151974   0.0000924531
       -0.0000243706  -0.0000095641   0.0676154765  -0.0619993509  -0.0012485079
        0.0219960965  -0.1042981212  -0.1040422673   0.0266759222  -0.1138951485
        0.1078885054   0.0007863395   0.0006379324   0.0000325515   0.0000064998
        0.0000268076  -0.0000060044  -0.0000641035   0.0000273901  -0.0000171516
        0.0000057149   0.0000152048   0.0000003235  -0.0000118731  -0.0000210378
        0.0000019675  -0.0000482367  -0.0000025791   0.0000099785  -0.0000120741
       -0.0000157111   0.0000145767  -0.0007236332  -0.0007327179  -0.0002700022
       -0.0006351542  -0.0006496126   0.0002138399
       -0.0000342441   0.0000169341  -0.0000441259   0.0000081074  -0.0001530751
        0.0000044404  -0.0006127255   0.0000718966  -0.0037827190   0.0000459062
        0.0005147291   0.0025923658   0.0007329743  -0.0008301487   0.0012547980
       -0.0016846207  -0.0002036571  -0.0607624335   0.0000282866  -0.0010345370
        0.4891579028   0.0006306578  -0.0003126567   0.0025458176   0.0000476109
        0.0001644114   0.0030275607  -0.0000752755  -0.0000712335  -0.0000950054
       -0.0001299296   0.0000166449  -0.0000912915  -0.0002027551  -0.0000775965
       -0.0007485410  -0.0000022449   0.0000512240   0.0001006614  -0.0000069110
       -0.0000067973   0.0000192618  -0.0000051130  -0.0000026523   0.0000366516
        0.0000707893  -0.0004060933   0.0097249156   0.0000028264  -0.0000000614
        0.0000073402   0.0000395544  -0.0000289192   0.0000069893  -0.0000255539
        0.0000280744   0.0000077332   0.0046072194  -0.0013845504  -0.0444451603
        0.0346317931  -0.1066118295  -0.2049893736  -0.0380713743   0.1101776016
       -0.1927825468  -0.0000717791  -0.0000376259  -0.0010835306   0.0000053255
        0.0000020334   0.0000290856   0.0000026977   0.0000010841   0.0000157158
       -0.0000426101   0.0000167614   0.0000257945   0.0000070919   0.0000124916
       -0.0000024705  -0.0000020834   0.0000010227   0.0000035427  -0.0000067060
       -0.0000052116   0.0000010943  -0.0011261924  -0.0012790526   0.0001035659
        0.0012392779   0.0013707887   0.0001619606
        0.0016606855  -0.0007921177   0.0000252093  -0.0024680532   0.0156619612
        0.0005548843   0.0351208733  -0.0121385002   0.0000567273  -0.0122677191
       -0.0074780676  -0.0004640890  -0.0606625639   0.0413255077  -0.0014040110
       -0.2611587695   0.0279956416  -0.0032389558  -0.0385169936  -0.0066254592
        0.0006306578   0.6379068534  -0.0167472085  -0.0215821304  -0.1909222832
       -0.0782943820   0.0165983437  -0.0408093581  -0.0178149568   0.0034004802
       -0.0143522469  -0.0383633613   0.0032985209   0.0201917653   0.0252372668
       -0.0022738534   0.0031151378  -0.0130159784  -0.0001112597  -0.0112448936
        0.0014591984   0.0014188390   0.0018595988   0.0014312405  -0.0002780434
        0.0045147597   0.0010683692  -0.0000540356  -0.0003182201   0.0001738375
        0.0000160290  -0.0004054611  -0.0000212813  -0.0001066938  -0.0004150034
       -0.0000132782   0.0001288835  -0.0031634986  -0.0039666557  -0.0000342680
       -0.0000807751   0.0018255437   0.0005507005  -0.0003116300   0.0014115733
       -0.0003970395  -0.0652937838   0.0782555601   0.0028438770  -0.0037901757
        0.0005091582   0.0011465758   0.0002415858  -0.0022555109  -0.0000685190
       -0.0030068410   0.0001253377  -0.0006053448  -0.0001220721  -0.0003292002
       -0.0001780830  -0.0001157540  -0.0000744259   0.0000474691  -0.0000633252
       -0.0003279669   0.0001849982   0.0015703982   0.0005666088  -0.0001428909
        0.0033077632   0.0012115460   0.0000370216
       -0.0002248695  -0.0004639794  -0.0000204096   0.0017765818  -0.0013771760
       -0.0000443662  -0.0034741265  -0.0066323846   0.0002713330   0.0019853416
        0.0033884516  -0.0000941291   0.0462985619  -0.0205586319   0.0009691425
        0.0592390093  -0.0981723090   0.0010724664  -0.0302738872   0.0021200301
       -0.0003126567  -0.0167472085   0.7233406419  -0.0130286080  -0.1116410065
       -0.1733436618   0.0141834290   0.0039716200   0.0046320497  -0.0010469397
       -0.0420468935  -0.0675438130   0.0066317080   0.0161195082   0.0107595322
       -0.0015483126   0.0007742995  -0.0112205168   0.0001375701  -0.0082808324
        0.0020138268   0.0009100532   0.0010413739   0.0008568474  -0.0001614914
        0.0009204788   0.0009966964  -0.0015241633   0.0001570071  -0.0000084889
        0.0000023802   0.0000223740   0.0000045351   0.0000096047   0.0000220225
        0.0000058824   0.0000057270  -0.0029310007  -0.0045152315  -0.0000439260
       -0.0007951730   0.0004449006   0.0004465403  -0.0007976563   0.0006759365
       -0.0004712615   0.0775111289  -0.3650808977  -0.0049536122   0.0013218339
       -0.0004415651   0.0003846095   0.0031004262   0.0022723657  -0.0003865284
        0.0015215217  -0.0006569855  -0.0006594331  -0.0000270399  -0.0002075077
       -0.0000044481  -0.0001342837  -0.0000312908   0.0000523781  -0.0000092747
       -0.0001965730  -0.0000111009   0.0005027596  -0.0002106133  -0.0000567305
        0.0010974036  -0.0008500709  -0.0007088246
        0.0000518611   0.0000487812  -0.0007114252  -0.0000039633  -0.0000155961
       -0.0005697180  -0.0003519341  -0.0000035979   0.0092605449  -0.0001394468
       -0.0000821449  -0.0008597710  -0.0002527417   0.0003451088   0.0059319897
        0.0014309413   0.0001185742  -0.0351785867  -0.0000012166  -0.0002122656
        0.0025458176  -0.0215821304  -0.0130286080   0.0472139464   0.0136993777
        0.0082416271  -0.0344487434   0.0035927533   0.0015234467   0.0050169961
        0.0027101294   0.0053146216   0.0053455261  -0.0007803318  -0.0020231558
        0.0095059647  -0.0005226602   0.0012598517  -0.0014216302   0.0012201669
       -0.0002090737  -0.0004001779  -0.0002461203  -0.0001684877  -0.0005746328
       -0.0008376170   0.0006532082  -0.0068010128  -0.0000071394  -0.0000010257
       -0.0000427499  -0.0000538985   0.0000914105   0.0000166353   0.0000631574
       -0.0001012907   0.0000104201   0.0001429534  -0.0000626551   0.0011317830
        0.0005419376   0.0006090217   0.0007763872  -0.0006636301  -0.0006881101
        0.0006900260   0.0021505966  -0.0020158847  -0.0059128402   0.0003775182
        0.0002548753  -0.0002962241  -0.0001539567   0.0000605486  -0.0005441262
       -0.0000659330  -0.0004648341  -0.0000196534  -0.0000710930   0.0000289255
        0.0000416443   0.0000086412   0.0000040882  -0.0000325856   0.0000973449
        0.0000447915   0.0000061921  -0.0001159613  -0.0001063454   0.0000164716
       -0.0002376046   0.0005841949   0.0003035323
       -0.0005273420   0.0001907247   0.0000105796   0.0009489203  -0.0051715956
       -0.0000877811  -0.0102028522   0.0051424121  -0.0004000329   0.0040817814
        0.0015188048   0.0002011928   0.0121891206  -0.0070074956  -0.0001703231
       -0.0483094881  -0.0092110517   0.0030715335  -0.0037010403   0.0010658311
        0.0000476109  -0.1909222832  -0.1116410065   0.0136993777   0.5699022731
       -0.0484401463  -0.0354357611  -0.1849918672   0.0638857328   0.0100556525
       -0.0876149569   0.0891364207   0.0023820727   0.0056185132  -0.0182898952
       -0.0010205157  -0.0035093261  -0.0052765107   0.0009976671  -0.0001244760
        0.0011781030  -0.0000880225  -0.0008742735  -0.0005463367   0.0000961296
       -0.0140738854   0.0295817494   0.0014984849   0.0000932055  -0.0001391055
        0.0000016109   0.0000986790   0.0000080373   0.0000593533   0.0001055918
        0.0000099997  -0.0000584433  -0.0007285806  -0.0014790901  -0.0000647449
       -0.0001680331  -0.0001526819  -0.0001410017  -0.0000284252  -0.0001093315
        0.0001297795   0.0061068479   0.0001553151  -0.0002942695  -0.0243095283
        0.0043946891  -0.0017715033  -0.0013696249   0.0037473546   0.0002064750
       -0.0191437701   0.0033867224   0.0063299814   0.0001665151   0.0001779521
        0.0001801886  -0.0000356943   0.0000746545  -0.0000155040   0.0001281082
        0.0001818372  -0.0002150786  -0.0048355437   0.0020692022   0.0000948588
       -0.0039685648   0.0015587043   0.0007004330
       -0.0001376289   0.0002504855  -0.0000242068   0.0009620579  -0.0067188045
       -0.0001793701  -0.0117693885   0.0071164951  -0.0003663174   0.0031651240
        0.0006666537   0.0002480628   0.0126111516  -0.0075514243  -0.0000357971
       -0.0270213385   0.0164105058   0.0006047758   0.0036873763  -0.0001545474
        0.0001644114  -0.0782943820  -0.1733436618   0.0082416271  -0.0484401463
        0.7476279164  -0.0068786791   0.0483559424  -0.0935409512  -0.0020060579
        0.1122665905  -0.3909139471  -0.0051740617  -0.0352160745  -0.0643575275
        0.0043745993  -0.0078465257   0.0176520949   0.0007489618   0.0218288299
       -0.0056037603  -0.0024229541  -0.0024795916  -0.0022189901   0.0003356557
        0.0098616385  -0.0112244538   0.0011438120   0.0000864962  -0.0001238246
       -0.0000094481   0.0001118089   0.0000067336   0.0000356821   0.0001209603
       -0.0000038321  -0.0000637467   0.0002109289   0.0002906711  -0.0000149609
       -0.0004404429  -0.0004992585  -0.0002344831  -0.0003939352  -0.0004649371
        0.0001880147  -0.0178796255  -0.0278125699   0.0024574481  -0.0050776104
        0.0058523132   0.0003017101   0.0273770385  -0.0192114788  -0.0020732440
       -0.0030009584   0.0049669086  -0.0002529700   0.0001644127   0.0005777661
        0.0001813042   0.0003984388   0.0002465332  -0.0001195127   0.0001034232
        0.0005617442  -0.0001843506  -0.0006419630   0.0004831042  -0.0003143458
       -0.0026726073   0.0010340435   0.0013284411
        0.0000242450  -0.0000004674  -0.0000270080  -0.0000516353   0.0003057195
        0.0000517040   0.0005549897  -0.0004064039   0.0003046019  -0.0002297261
        0.0000406873  -0.0002345816  -0.0006358276   0.0004694808  -0.0002201218
        0.0011603573  -0.0005828711  -0.0027150210  -0.0008238955   0.0000976702
        0.0030275607   0.0165983437   0.0141834290  -0.0344487434  -0.0354357611
       -0.0068786791   0.1417250625   0.0107757691  -0.0048910165  -0.0601613005
        0.0033319181  -0.0014003644  -0.0364099657  -0.0009546435   0.0029210132
       -0.0077870756   0.0009023690   0.0003411432   0.0041773496  -0.0002621954
       -0.0000127438  -0.0000463733   0.0001475675   0.0001093639   0.0002285991
        0.0006874193  -0.0032088778  -0.0014957371  -0.0000030740   0.0000136675
        0.0000001697  -0.0000395235   0.0000123893  -0.0000112778   0.0000293349
       -0.0000140220  -0.0000048957  -0.0000506755  -0.0001326650   0.0003060355
        0.0002073948   0.0002276758  -0.0000274031  -0.0000650804  -0.0001761038
       -0.0000031067  -0.0005698449   0.0001311190  -0.0040499410  -0.0196036879
        0.0082617246   0.0020032778  -0.0014908723   0.0005596882  -0.0000056512
        0.0248896175  -0.0096538856  -0.0025750277   0.0000036132  -0.0000547773
       -0.0000513040  -0.0000059845  -0.0000139937  -0.0000066242  -0.0000335809
        0.0000056317  -0.0000046264  -0.0013436806   0.0014988316  -0.0004413011
        0.0022867499  -0.0017523635  -0.0010972738
        0.0002218940  -0.0000576714  -0.0000022713  -0.0003739042   0.0005279201
        0.0000331680   0.0012715201  -0.0003471443  -0.0001077921  -0.0006526086
       -0.0001563940  -0.0000175119  -0.0005968399   0.0006574670  -0.0000438245
       -0.0008553590  -0.0031282615   0.0010928636  -0.0017577020  -0.0000491981
       -0.0000752755  -0.0408093581   0.0039716200   0.0035927533  -0.1849918672
        0.0483559424   0.0107757691   0.4810270966   0.0246040671   0.0017187083
       -0.0069587481   0.0162225636   0.0000828647  -0.0063371558  -0.0040981530
        0.0005850144   0.0000827690   0.0018192692   0.0000368396   0.0036862777
       -0.0040955683  -0.0003770364   0.0000481404   0.0002702619   0.0000279896
        0.0011487909  -0.0002435862   0.0004820576  -0.0000263393   0.0000284017
       -0.0000053762  -0.0000399285   0.0000002663  -0.0000194966  -0.0000432232
        0.0000019141   0.0000060329  -0.0001583069  -0.0003741686  -0.0000174468
        0.0000055980   0.0000841548   0.0000616191   0.0000259463   0.0000931396
       -0.0000641353   0.0005335870   0.0018300095  -0.0002388567  -0.1218586691
       -0.0489079852  -0.1057085095  -0.0434026447  -0.0126691098   0.0003649891
       -0.0784482660  -0.0245920812   0.0877025848  -0.0000157770   0.0000055235
       -0.0000581571   0.0001508730   0.0001110650  -0.0000342406  -0.0000380631
       -0.0000167117   0.0000697645  -0.0002870592   0.0000193693   0.0002215004
       -0.0005506730   0.0001330782  -0.0000845881
       -0.0000474166   0.0000320186   0.0000073189   0.0000464432   0.0003618453
        0.0000176139   0.0002357580  -0.0003430740  -0.0001037785   0.0000389761
        0.0000751641   0.0000151297  -0.0008955584   0.0001796531  -0.0000451563
       -0.0009567729  -0.0025568841   0.0005626894  -0.0010152340   0.0000339646
       -0.0000712335  -0.0178149568   0.0046320497   0.0015234467   0.0638857328
       -0.0935409512  -0.0048910165   0.0246040671   0.5244249036  -0.0032643968
        0.0269284242  -0.0130664340  -0.0026408898  -0.0020341970   0.0014641354
        0.0001427625   0.0004423954  -0.0000919522  -0.0000316109   0.0001518991
       -0.0068622413   0.0002228044   0.0007432354  -0.0000822917  -0.0000089866
       -0.0001349997  -0.0037731367   0.0004049294  -0.0000024660   0.0000066940
        0.0000014531   0.0000207195  -0.0000086247   0.0000049354   0.0000201271
       -0.0000060025  -0.0000029628  -0.0001072069  -0.0002276800  -0.0000171031
        0.0000088977   0.0000890305   0.0000209802   0.0000296708   0.0001002902
       -0.0000201971  -0.0031504118   0.0020631913   0.0001532132  -0.0516929061
       -0.0723942764  -0.0640840203  -0.0133283987  -0.2813241133   0.0149251731
       -0.0272863526  -0.0581405140   0.0572775880  -0.0001479166  -0.0001809915
        0.0000487491   0.0000301231  -0.0000167366   0.0000067897  -0.0001773423
       -0.0002057568  -0.0000007849   0.0009330710  -0.0003758509  -0.0002301126
        0.0006725958  -0.0002654287   0.0000766731
       -0.0000236398   0.0000004730   0.0000093431   0.0000379465   0.0000009418
        0.0000733776   0.0000268671   0.0000124412  -0.0008595130   0.0000952957
        0.0000178930   0.0001289190   0.0000984254  -0.0000522869  -0.0002441705
        0.0002461439   0.0005641804   0.0038710608   0.0003434644  -0.0000427154
       -0.0000950054   0.0034004802  -0.0010469397   0.0050169961   0.0100556525
       -0.0020060579  -0.0601613005   0.0017187083  -0.0032643968   0.4882367887
       -0.0004819314  -0.0023792893  -0.0006316461   0.0008874706   0.0007274947
       -0.0033174300   0.0001116199  -0.0003903877   0.0006138071  -0.0007647045
        0.0008392775  -0.0003641740   0.0000641970   0.0000189051   0.0006097291
        0.0008494640  -0.0000435663   0.0084209522  -0.0000020070  -0.0000032640
        0.0000007520   0.0000034380  -0.0000109940   0.0000014506  -0.0000014843
        0.0000064651  -0.0000010288   0.0000183037   0.0000923782  -0.0000546842
       -0.0000032057   0.0000347593   0.0000106725   0.0000049948  -0.0000405095
        0.0000070173  -0.0000214199  -0.0001971720  -0.0014159366  -0.1074154071
       -0.0638182055  -0.1702261190   0.0005017650   0.0148205213  -0.0440967134
        0.0903103150   0.0561208734  -0.2257525626   0.0001526368   0.0001241366
       -0.0000183445  -0.0000231116  -0.0000110633   0.0000458567  -0.0001381248
       -0.0001058459   0.0000128660   0.0013940679  -0.0004787227  -0.0000297938
       -0.0014462206   0.0005106763   0.0002088338
        0.0003436348  -0.0002125729  -0.0000102154   0.0002641813   0.0027508367
        0.0000927005   0.0044495534  -0.0048582749  -0.0001749704  -0.0040889752
       -0.0017213478  -0.0000184039  -0.0304734551  -0.0022692327   0.0006255956
        0.0098440094  -0.0028481906  -0.0004133045  -0.0006729459   0.0005552300
       -0.0001299296  -0.0143522469  -0.0420468935   0.0027101294  -0.0876149569
        0.1122665905   0.0033319181  -0.0069587481   0.0269284242  -0.0004819314
        0.5084346302  -0.0547153785  -0.0446098958  -0.1261137691  -0.0815138737
        0.0090969659   0.0084816465  -0.0011150290   0.0006747169  -0.0495410213
       -0.0200776187   0.0067188534  -0.0037600859   0.0029201622   0.0008618717
       -0.1779994724   0.0453670914   0.0153146666   0.0000247960   0.0000330084
       -0.0000006494  -0.0000274729  -0.0000553512   0.0000108667  -0.0000186322
       -0.0000468179  -0.0000186721  -0.0001180386   0.0002689531  -0.0000030945
        0.0001597128   0.0002279462   0.0001687665   0.0001893719   0.0002894653
       -0.0001584244  -0.0036856331  -0.0028660369   0.0003320657   0.0001107573
       -0.0000702056   0.0005292128  -0.0050479579   0.0029245575   0.0004845021
        0.0001909747  -0.0001185377  -0.0003913660   0.0001029756   0.0000438330
        0.0000428111  -0.0009765494  -0.0011240317   0.0001725378  -0.0000710383
       -0.0000491351  -0.0000471440  -0.0115573377   0.0111396598  -0.0024522217
       -0.0095179069   0.0099927701   0.0077420423
        0.0004999514  -0.0001498788   0.0000158410  -0.0003588821   0.0044117353
        0.0000956879   0.0061175649  -0.0079076650   0.0001773263  -0.0050610479
       -0.0007211529  -0.0003178518  -0.0213701125   0.0126963401   0.0017253353
        0.0168155471  -0.0053792314  -0.0005028004  -0.0010733228   0.0000615991
        0.0000166449  -0.0383633613  -0.0675438130   0.0053146216   0.0891364207
       -0.3909139471  -0.0014003644   0.0162225636  -0.0130664340  -0.0023792893
       -0.0547153785   0.7541034862  -0.0073644415  -0.0482026565  -0.1071436329
        0.0077447171  -0.0111523223  -0.0907314827   0.0038824637  -0.0293723838
        0.0125429753   0.0032166233   0.0050869088   0.0021370531  -0.0006188260
        0.0422576855  -0.0806654084  -0.0051597985  -0.0001051432   0.0001560923
        0.0000070564  -0.0000660459  -0.0000435150  -0.0000286756  -0.0000711805
       -0.0000343363   0.0000333159   0.0001484102   0.0001817379   0.0000178201
        0.0000956711   0.0002262882   0.0002288719   0.0000139241   0.0002200739
       -0.0002231656  -0.0045532761   0.0001897008   0.0002689313  -0.0013556840
       -0.0019854563   0.0006642307   0.0015034780   0.0002785411  -0.0000716884
       -0.0010237281  -0.0021646360  -0.0001057426  -0.0000107008  -0.0006531828
       -0.0001036980   0.0003143472   0.0004411465  -0.0000312768   0.0000020774
       -0.0006507319   0.0001188705   0.0208664219  -0.0104153525  -0.0009719967
        0.0177742545  -0.0074769126  -0.0042487422
       -0.0000681629   0.0000182622  -0.0000409273  -0.0001487900  -0.0005671224
        0.0002925739  -0.0013250423   0.0003015778   0.0006711824   0.0003400846
        0.0002955577   0.0001489097   0.0014629371   0.0010371913  -0.0008858712
       -0.0010553659   0.0003977351  -0.0001329579   0.0001436531  -0.0001030878
       -0.0000912915   0.0032985209   0.0066317080   0.0053455261   0.0023820727
       -0.0051740617  -0.0364099657   0.0000828647  -0.0026408898  -0.0006316461
       -0.0446098958  -0.0073644415   0.1206960783   0.0079609239   0.0104740840
       -0.0613638695   0.0012948390   0.0028604969   0.0154623581   0.0069285703
        0.0021310670   0.0039639165   0.0007909690  -0.0002943243   0.0041481007
        0.0148950650  -0.0045994778  -0.0588865302   0.0000032984  -0.0000068950
       -0.0000237825   0.0000558668   0.0000150775   0.0000292541  -0.0000597357
       -0.0000061189   0.0000217593   0.0000249723  -0.0000284586  -0.0000421321
       -0.0000158443   0.0000068940  -0.0000229871  -0.0000580386  -0.0000666645
        0.0000200708   0.0006101526   0.0002130734   0.0019377063  -0.0001677995
        0.0002497036   0.0006365229   0.0005348988  -0.0002488498   0.0007639034
        0.0003439128   0.0001045146   0.0007185758   0.0007377584   0.0004094819
       -0.0000821797   0.0001299528   0.0001273560   0.0001527427  -0.0007443445
       -0.0003766063   0.0001198967  -0.0182654636   0.0071093169   0.0046286667
        0.0244971699  -0.0109060997  -0.0011436035
       -0.0011114674   0.0003949365   0.0000274546   0.0016363032  -0.0037224028
       -0.0001431592  -0.0105939415   0.0015054552  -0.0002442450   0.0048262647
        0.0027368709   0.0001846230   0.0009297543  -0.0016701954   0.0009312858
       -0.0096041927   0.0037124138   0.0003868360   0.0007632041   0.0008165578
       -0.0002027551   0.0201917653   0.0161195082  -0.0007803318   0.0056185132
       -0.0352160745  -0.0009546435  -0.0063371558  -0.0020341970   0.0008874706
       -0.1261137691  -0.0482026565   0.0079609239   0.4873050776  -0.0639604155
       -0.0341376980  -0.1062920050   0.1238005296   0.0016421209  -0.1817255194
        0.0279149564   0.0144808902  -0.0469014516  -0.0123819691   0.0057128038
       -0.0284861792  -0.0137680111   0.0037774299   0.0000344867  -0.0000947861
        0.0000062182   0.0001742006   0.0000281420   0.0001210052   0.0001870012
        0.0000429024  -0.0001178601  -0.0001142776  -0.0001605439  -0.0000117616
        0.0000496707   0.0000658723   0.0000717479   0.0001019860   0.0001539081
       -0.0000829055   0.0010588747  -0.0003769124   0.0002901617  -0.0007759340
        0.0035042878  -0.0023184664  -0.0006278483  -0.0010233844   0.0000233633
       -0.0002934612   0.0034696848   0.0020582083   0.0017253450   0.0014921484
        0.0016295319  -0.0039164272  -0.0025838549   0.0005682910   0.0016489652
        0.0014770103  -0.0019201839  -0.0019905783  -0.0010481903  -0.0005574790
       -0.0013672043  -0.0009915905   0.0007111228
       -0.0007689092   0.0003854728   0.0000096717   0.0010883749  -0.0060876808
       -0.0001763772  -0.0112659932   0.0059109702  -0.0000047898   0.0057575943
        0.0023103611   0.0001589154   0.0102797953  -0.0048714547   0.0003126824
       -0.0135450033   0.0050703103   0.0004229312   0.0009882911   0.0001857133
       -0.0000775965   0.0252372668   0.0107595322  -0.0020231558  -0.0182898952
       -0.0643575275   0.0029210132  -0.0040981530   0.0014641354   0.0007274947
       -0.0815138737  -0.1071436329   0.0104740840  -0.0639604155   0.8367872655
       -0.0096591516   0.1199074355  -0.5851462747  -0.0004824451   0.0614830106
       -0.1049038098  -0.0058281373  -0.0223878271   0.0123485755   0.0023428924
       -0.0051167498   0.0024730989   0.0000915036   0.0001478189  -0.0001736949
       -0.0000176880   0.0001700239   0.0000488825   0.0000408547   0.0001627789
        0.0000300024  -0.0000451605  -0.0000688245  -0.0000718275  -0.0000099304
       -0.0000167344  -0.0000084896   0.0000217958   0.0000121803   0.0000042944
       -0.0000423471  -0.0003375977  -0.0019961558   0.0002426221   0.0006634754
        0.0007314547   0.0004558166  -0.0001187500   0.0001565899  -0.0000280264
        0.0003132975   0.0007204227  -0.0005556329  -0.0034556700   0.0006239655
       -0.0015580757  -0.0032322131  -0.0052997024   0.0005063483  -0.0029512050
        0.0007246951   0.0022742483   0.0030439879  -0.0003037665   0.0023313921
        0.0018724834  -0.0003717254  -0.0028257519
        0.0001360107  -0.0000569658   0.0001020400  -0.0002281436   0.0005092699
       -0.0001085811   0.0013550935  -0.0002153406  -0.0014502515  -0.0006330995
       -0.0003567465   0.0004646756  -0.0003385196   0.0005568786   0.0006523904
        0.0018936994  -0.0006672418   0.0001753380   0.0000342179  -0.0001787512
       -0.0007485410  -0.0022738534  -0.0015483126   0.0095059647  -0.0010205157
        0.0043745993  -0.0077870756   0.0005850144   0.0001427625  -0.0033174300
        0.0090969659   0.0077447171  -0.0613638695  -0.0341376980  -0.0096591516
        0.1748048155   0.0017512107  -0.0007271381  -0.0637947282   0.0136189044
       -0.0020103554  -0.0533845885   0.0059464984   0.0011410056  -0.0001950457
        0.0033059510   0.0014922678   0.0012063879  -0.0000068227   0.0000135325
        0.0000244579  -0.0000410157  -0.0000358337  -0.0000324493  -0.0000183372
        0.0000231627  -0.0000053918   0.0000315661   0.0000512079  -0.0000251927
       -0.0000873955  -0.0001552366  -0.0000302955   0.0000275769   0.0001036548
       -0.0000088491   0.0000602735   0.0001634904   0.0026370690  -0.0008159507
        0.0001343995   0.0003039072   0.0000404227   0.0001053364  -0.0001326442
        0.0009427102  -0.0009561068  -0.0003232658  -0.0013303113  -0.0003283584
        0.0006670170   0.0005662074   0.0004304859   0.0005167797   0.0012330826
       -0.0000190595   0.0006710200  -0.0008805701  -0.0001362366   0.0008358070
        0.0011868275   0.0000640642   0.0001405294
        0.0001507355  -0.0000195997  -0.0000047971  -0.0002590628  -0.0010114251
       -0.0000164295  -0.0006352094   0.0012793155   0.0000621037  -0.0000243237
       -0.0000717948  -0.0000185610   0.0023709236  -0.0002068989   0.0002756367
       -0.0017550511   0.0007397332   0.0000449769   0.0000712282  -0.0003637079
       -0.0000022449   0.0031151378   0.0007742995  -0.0005226602  -0.0035093261
       -0.0078465257   0.0009023690   0.0000827690   0.0004423954   0.0001116199
        0.0084816465  -0.0111523223   0.0012948390  -0.1062920050   0.1199074355
        0.0017512107   0.1443860098  -0.1670376295  -0.0087685059  -0.0468590426
        0.0667344740   0.0062244519   0.0001565036   0.0042303336  -0.0005084997
       -0.0027003934  -0.0051978901  -0.0002281886   0.0000392120  -0.0000200201
       -0.0000055376  -0.0000248100   0.0000030038  -0.0000315440  -0.0000328797
       -0.0000090852   0.0000402700   0.0000272622   0.0000119205   0.0000040662
       -0.0000599145  -0.0000600889  -0.0000332493  -0.0000587920  -0.0000652546
        0.0000326723  -0.0002159485  -0.0005564183  -0.0000240483   0.0000103913
       -0.0003158331   0.0004640379   0.0002066393   0.0001265538  -0.0000357056
       -0.0001390592  -0.0002723653  -0.0004176856   0.0004537413  -0.0001426972
        0.0002466321   0.0012802733   0.0012909111  -0.0001694118   0.0002920194
       -0.0001465789  -0.0003538312   0.0006679758  -0.0010045844   0.0011198220
        0.0007733495  -0.0000396560  -0.0014338081
        0.0005436755  -0.0002359066   0.0000027456  -0.0008089872   0.0040202124
        0.0001087861   0.0076604113  -0.0035507310   0.0000150487  -0.0035447500
       -0.0014408344  -0.0000891573  -0.0043036627   0.0027180841  -0.0002745339
        0.0084289128  -0.0032003829  -0.0002761012  -0.0007614686  -0.0000678983
        0.0000512240  -0.0130159784  -0.0112205168   0.0012598517  -0.0052765107
        0.0176520949   0.0003411432   0.0018192692  -0.0000919522  -0.0003903877
       -0.0011150290  -0.0907314827   0.0028604969   0.1238005296  -0.5851462747
       -0.0007271381  -0.1670376295   0.7119109996   0.0021516209   0.0548047039
       -0.0468433008  -0.0046356082  -0.0038111317   0.0023854399   0.0002528203
        0.0048927929   0.0015268092  -0.0004159832  -0.0000996932   0.0001217273
        0.0000164060  -0.0001159209  -0.0000333693  -0.0000222250  -0.0001124109
       -0.0000218690   0.0000334113   0.0000351925   0.0000621706   0.0000012891
        0.0000527657   0.0000219206   0.0000212003   0.0000330743   0.0000198750
       -0.0000154968  -0.0007759985   0.0002683928  -0.0000547177  -0.0003323604
       -0.0004694295  -0.0004502556  -0.0002159707   0.0000117831   0.0000200073
       -0.0000773354  -0.0004426354   0.0004744801   0.0013501863   0.0002714487
        0.0013653067  -0.0010422213   0.0014940966   0.0000982786   0.0010097228
        0.0002264811  -0.0016471239  -0.0014634719   0.0002546441  -0.0017681334
       -0.0005207057   0.0005304033   0.0016927451
       -0.0000208652   0.0000120017  -0.0000737936   0.0000649379  -0.0000031565
        0.0001821061  -0.0001181988  -0.0000258096  -0.0000943889   0.0000754671
        0.0000362658   0.0000230473  -0.0001174730  -0.0000294398   0.0001513160
       -0.0001456665   0.0000411348  -0.0000588623  -0.0000184890   0.0000493532
        0.0001006614  -0.0001112597   0.0001375701  -0.0014216302   0.0009976671
        0.0007489618   0.0041773496   0.0000368396  -0.0000316109   0.0006138071
        0.0006747169   0.0038824637   0.0154623581   0.0016421209  -0.0004824451
       -0.0637947282  -0.0087685059   0.0021516209   0.0278295914   0.0065795411
       -0.0058887965   0.0225502652  -0.0003269655  -0.0006015742  -0.0033644765
       -0.0000208422   0.0003817199  -0.0006445992   0.0000002293  -0.0000004046
       -0.0000434130   0.0000155300   0.0000279509   0.0000241675  -0.0000031382
       -0.0000228484   0.0000097370  -0.0000041442  -0.0000070776  -0.0000018110
        0.0000059769   0.0000260978   0.0000158006   0.0000080326  -0.0000189124
        0.0000047584   0.0000001600   0.0000347823  -0.0008097253   0.0000631437
       -0.0001607779  -0.0000771649  -0.0000302496  -0.0000243428  -0.0001271147
       -0.0000508839   0.0002356771  -0.0000045216   0.0001711079  -0.0001672523
       -0.0003903229  -0.0001077780  -0.0001875334   0.0001033168  -0.0003132970
        0.0001830057  -0.0002300417   0.0004052924  -0.0000871548  -0.0004297619
       -0.0005830070  -0.0002094687   0.0003180733
        0.0007551438  -0.0002367570  -0.0000085620  -0.0011109758   0.0025749081
        0.0000938672   0.0071609598  -0.0018830796   0.0000373962  -0.0040961735
       -0.0019591936  -0.0001426095  -0.0047301695   0.0024476243   0.0000060419
        0.0053227844  -0.0012828829  -0.0002259183  -0.0004394428  -0.0005804532
       -0.0000069110  -0.0112448936  -0.0082808324   0.0012201669  -0.0001244760
        0.0218288299  -0.0002621954   0.0036862777   0.0001518991  -0.0007647045
       -0.0495410213  -0.0293723838   0.0069285703  -0.1817255194   0.0614830106
        0.0136189044  -0.0468590426   0.0548047039   0.0065795411   0.4293917167
        0.0247433025  -0.0418650329  -0.1066731778  -0.0692352302   0.0077271945
       -0.0022526659  -0.0044224174   0.0004038281  -0.0000165747   0.0000829932
       -0.0000029039  -0.0001067313  -0.0000285121  -0.0000896319  -0.0001133275
       -0.0000357967   0.0000838182   0.0001536843   0.0001631492   0.0000007453
       -0.0000277195  -0.0000776442  -0.0000804461  -0.0000373447  -0.0000979348
        0.0000789816  -0.0003351276   0.0008233837  -0.0000874348   0.0007800955
       -0.0014992420   0.0014643221   0.0000879487   0.0001547845   0.0000938204
        0.0004632363  -0.0016670871  -0.0013840444  -0.0076614297  -0.0144937546
       -0.0056279482  -0.0302468251  -0.0254302416   0.0041384195  -0.0017231875
       -0.0095222012   0.0077827066   0.0008817094   0.0003476891   0.0002188196
        0.0003822693   0.0004993663   0.0000711990
       -0.0000413186   0.0000095802  -0.0000011808  -0.0000321638   0.0000225584
       -0.0000084981  -0.0002902297  -0.0003497051   0.0000242902  -0.0001078260
        0.0001380288  -0.0000165078  -0.0006659440   0.0008548238   0.0001933529
        0.0000315604   0.0000867146   0.0000278744  -0.0000476660  -0.0000189296
       -0.0000067973   0.0014591984   0.0020138268  -0.0002090737   0.0011781030
       -0.0056037603  -0.0000127438  -0.0040955683  -0.0068622413   0.0008392775
       -0.0200776187   0.0125429753   0.0021310670   0.0279149564  -0.1049038098
       -0.0020103554   0.0667344740  -0.0468433008  -0.0058887965   0.0247433025
        0.3714756312  -0.0101884305  -0.0543427157  -0.1657733613   0.0088011947
       -0.0029509349  -0.0031836087   0.0004295244  -0.0000113533  -0.0000019738
        0.0000017708   0.0000097769  -0.0000007288   0.0000141730   0.0000099785
        0.0000033627  -0.0000169824   0.0000082364  -0.0000235687  -0.0000008522
        0.0000114817  -0.0000060955   0.0000003011   0.0000091382  -0.0000005704
       -0.0000019520   0.0002188177  -0.0000671791  -0.0000216186  -0.0002545913
       -0.0014992915  -0.0000770919  -0.0008427260  -0.0013290939   0.0001145304
       -0.0002074558  -0.0010660267   0.0003229812  -0.0217519381  -0.0293101559
       -0.0032177404   0.0028673764   0.0082108165  -0.0005276131  -0.0193450071
       -0.0279068140   0.0093936556  -0.0000719543  -0.0003256419  -0.0002261527
       -0.0000593890  -0.0002824612   0.0001383940
       -0.0000817972   0.0000317280  -0.0000227440   0.0001283660  -0.0002949329
        0.0000140126  -0.0007907454   0.0002428284   0.0001911486   0.0004790076
        0.0002233443  -0.0000258663   0.0006389901  -0.0004017401   0.0001990444
       -0.0007171320   0.0002065654  -0.0002222268   0.0000411672   0.0000736510
        0.0000192618   0.0014188390   0.0009100532  -0.0004001779  -0.0000880225
       -0.0024229541  -0.0000463733  -0.0003770364   0.0002228044  -0.0003641740
        0.0067188534   0.0032166233   0.0039639165   0.0144808902  -0.0058281373
       -0.0533845885   0.0062244519  -0.0046356082   0.0225502652  -0.0418650329
       -0.0101884305   0.0755731364   0.0073502387   0.0105063160  -0.0547797205
        0.0006129919   0.0006842125   0.0019324039   0.0000029403  -0.0000072450
       -0.0000007387   0.0000117241   0.0000129336   0.0000227824   0.0000115951
       -0.0000051041  -0.0000011950  -0.0000198157  -0.0000208876  -0.0000053309
        0.0000134384   0.0000305317   0.0000062236  -0.0000019726  -0.0000116509
       -0.0000090247   0.0000140885  -0.0000976195  -0.0001541396   0.0005292152
        0.0007724398  -0.0002302279   0.0001035375   0.0000567485   0.0007008219
       -0.0005961047  -0.0002053195   0.0002602357  -0.0180672394  -0.0186222877
        0.0056337422   0.0034439339   0.0026868664   0.0002176524   0.0206642757
        0.0228440968  -0.0016678269   0.0002660780  -0.0000848728  -0.0000584652
       -0.0005497241   0.0001050471   0.0000881725
       -0.0000282889  -0.0000055393   0.0000018859   0.0001143052  -0.0004383996
       -0.0000217418  -0.0010447777   0.0002141011   0.0000281093   0.0003667504
        0.0002249769   0.0000007060   0.0001701654  -0.0001738675   0.0000772255
       -0.0009758987   0.0004076221   0.0000382973   0.0001300407   0.0001039704
       -0.0000051130   0.0018595988   0.0010413739  -0.0002461203  -0.0008742735
       -0.0024795916   0.0001475675   0.0000481404   0.0007432354   0.0000641970
       -0.0037600859   0.0050869088   0.0007909690  -0.0469014516  -0.0223878271
        0.0059464984   0.0001565036  -0.0038111317  -0.0003269655  -0.1066731778
       -0.0543427157   0.0073502387   0.4814572759  -0.0669174188   0.0026168191
       -0.0013570557  -0.0010377044   0.0002502244  -0.0000091329  -0.0000170094
       -0.0000016217  -0.0000121970  -0.0000016365   0.0000086726  -0.0000118826
        0.0000028296  -0.0000105924  -0.0000101993  -0.0000307805   0.0000023843
       -0.0000097282  -0.0000100977   0.0000091769  -0.0000068435  -0.0000045628
       -0.0000032519  -0.0000258104  -0.0001249965   0.0000115747   0.0001302918
       -0.0004345484   0.0001551353   0.0001245903   0.0002541759  -0.0000340654
        0.0000859364  -0.0004098588  -0.0001388930  -0.0419504183   0.0085660743
        0.0077702720  -0.2271331989   0.1061994500   0.0179208347  -0.0538562027
        0.0300573659  -0.0423269264   0.0000409997  -0.0001444489   0.0000956073
       -0.0000439751  -0.0001299491  -0.0001711045
       -0.0000718297   0.0000055719   0.0000072953   0.0001652445  -0.0004089421
       -0.0000089536  -0.0010988123   0.0002809191  -0.0000030996   0.0005551226
        0.0002740934   0.0000204485   0.0005172108  -0.0004298448   0.0000044426
       -0.0008868052   0.0002403549   0.0000285589   0.0001204819   0.0001128499
       -0.0000026523   0.0014312405   0.0008568474  -0.0001684877  -0.0005463367
       -0.0022189901   0.0001093639   0.0002702619  -0.0000822917   0.0000189051
        0.0029201622   0.0021370531  -0.0002943243  -0.0123819691   0.0123485755
        0.0011410056   0.0042303336   0.0023854399  -0.0006015742  -0.0692352302
       -0.1657733613   0.0105063160  -0.0669174188   0.4626492219   0.0083818973
        0.0000385390   0.0003630964   0.0000500261  -0.0000069334  -0.0000139092
        0.0000058316   0.0000003707   0.0000091082   0.0000119929   0.0000015678
        0.0000076175  -0.0000003297  -0.0000354650  -0.0000298230  -0.0000032205
       -0.0000153197   0.0000100108   0.0000062739  -0.0000128152   0.0000076887
       -0.0000105775  -0.0000291286  -0.0001345122   0.0000148757  -0.0001785420
       -0.0006429906   0.0002008525  -0.0001046031   0.0000005331  -0.0000106233
       -0.0002003262  -0.0005979605  -0.0000994517   0.0098715762  -0.1138277074
       -0.1067915617   0.1002164604  -0.0938313116  -0.0099542646   0.0314515331
       -0.1035849787   0.0974881868  -0.0000202011  -0.0000579881   0.0001107123
       -0.0000483687  -0.0000543707  -0.0001578642
        0.0000068148   0.0000028850   0.0000031759  -0.0000141935   0.0000803823
       -0.0000494847   0.0001707351  -0.0000507373   0.0002482867  -0.0000622301
       -0.0000381172  -0.0000781052  -0.0000631786  -0.0000177410  -0.0000723070
        0.0001330193  -0.0000637752   0.0000094534  -0.0000250647   0.0000050243
        0.0000366516  -0.0002780434  -0.0001614914  -0.0005746328   0.0000961296
        0.0003356557   0.0002285991   0.0000279896  -0.0000089866   0.0006097291
        0.0008618717  -0.0006188260   0.0041481007   0.0057128038   0.0023428924
       -0.0001950457  -0.0005084997   0.0002528203  -0.0033644765   0.0077271945
        0.0088011947  -0.0547797205   0.0026168191   0.0083818973   0.4901862351
        0.0002147575   0.0001617400   0.0003066252   0.0000013606   0.0000013807
        0.0000068603  -0.0000073946  -0.0000104883   0.0000045161   0.0000043358
        0.0000064188  -0.0000027020   0.0000000802   0.0000000707   0.0000142931
        0.0000067134  -0.0000073670   0.0000096363   0.0000029261   0.0000064791
        0.0000030185  -0.0000021270   0.0000153513  -0.0000728449  -0.0000413028
        0.0000656223  -0.0000711057  -0.0000117960  -0.0000265375  -0.0000617748
       -0.0000010194   0.0000757342  -0.0000475546   0.0102681822  -0.1056347417
       -0.1962707485   0.0180644999  -0.0106354458  -0.0451740983  -0.0448732675
        0.0966567587  -0.1949379595   0.0000029225   0.0000421339  -0.0000392094
       -0.0000310383   0.0000398134  -0.0000234111
        0.0005222271  -0.0011046400   0.0000474575  -0.0044754416  -0.0037525565
       -0.0000878309  -0.0245578453  -0.0131289464  -0.0003704022  -0.0079418622
        0.0001272439  -0.0004364897  -0.1205326978  -0.0658772339  -0.0042421287
        0.0029840535  -0.0018412006   0.0005987135  -0.0000001371   0.0020653066
        0.0000707893   0.0045147597   0.0009204788  -0.0008376170  -0.0140738854
        0.0098616385   0.0006874193   0.0011487909  -0.0001349997   0.0008494640
       -0.1779994724   0.0422576855   0.0148950650  -0.0284861792  -0.0051167498
        0.0033059510  -0.0027003934   0.0048927929  -0.0000208422  -0.0022526659
       -0.0029509349   0.0006129919  -0.0013570557   0.0000385390   0.0002147575
        0.4681897020  -0.0014518494   0.0007855304   0.0000755186   0.0000243998
        0.0000077172  -0.0001956852   0.0000653318   0.0000405593  -0.0002413786
        0.0000762457  -0.0000367843  -0.0000845910   0.0001156896   0.0000003315
       -0.0000206758   0.0000548384  -0.0000045348  -0.0000709613   0.0000859457
       -0.0000145578   0.0000111136  -0.0002068372  -0.0000256701   0.0000473150
        0.0000781129   0.0000631470  -0.0003679735  -0.0001446584   0.0001043751
       -0.0003847624   0.0001789938   0.0000124100   0.0000379002   0.0001086116
        0.0000667581  -0.0002262574  -0.0001984828   0.0000119025  -0.0000009154
        0.0000949319  -0.0000711545  -0.0491358605   0.0272545030  -0.0306856401
       -0.0424246835   0.0076078004   0.0144583124
       -0.0005175234   0.0000598962  -0.0001926950   0.0036924401  -0.0002667790
        0.0003653623  -0.0020996894   0.0046797935   0.0001242844   0.0023878033
       -0.0002605277   0.0000542826  -0.0688136543  -0.1419141966  -0.0042548263
       -0.0220414681  -0.0295774133  -0.0008998293   0.0018216583  -0.0020053440
       -0.0004060933   0.0010683692   0.0009966964   0.0006532082   0.0295817494
       -0.0112244538  -0.0032088778  -0.0002435862  -0.0037731367  -0.0000435663
        0.0453670914  -0.0806654084  -0.0045994778  -0.0137680111   0.0024730989
        0.0014922678  -0.0051978901   0.0015268092   0.0003817199  -0.0044224174
       -0.0031836087   0.0006842125  -0.0010377044   0.0003630964   0.0001617400
       -0.0014518494   0.4918278792  -0.0076405700   0.0000772925  -0.0000176989
       -0.0000114730   0.0001404010  -0.0000052955   0.0000036201   0.0001927916
       -0.0000426807  -0.0000000918   0.0003740018  -0.0000473798   0.0000037354
       -0.0003956111  -0.0009256431   0.0000691621  -0.0003306466  -0.0007257088
       -0.0001385059  -0.0001581890   0.0007032088  -0.0000307229  -0.0000625531
       -0.0000294374  -0.0000941047   0.0011122990  -0.0005334925  -0.0001045833
        0.0000753353  -0.0000587795   0.0000765187   0.0000274379   0.0000432963
       -0.0000051661  -0.0003417589  -0.0002716326   0.0000491343   0.0000176021
        0.0000297541  -0.0000051287   0.0272272699  -0.1372097252   0.1055896160
        0.0077190097  -0.0899651867  -0.0880731518
       -0.0000592667   0.0000444211   0.0002475382   0.0004662497   0.0001184584
       -0.0012865591  -0.0005699304  -0.0003971544   0.0011603727  -0.0000965606
        0.0000146996   0.0022477680  -0.0043256391  -0.0051377784  -0.0570979091
       -0.0019355784   0.0009806382  -0.0016730227  -0.0000426140   0.0001969324
        0.0097249156  -0.0000540356  -0.0015241633  -0.0068010128   0.0014984849
        0.0011438120  -0.0014957371   0.0004820576   0.0004049294   0.0084209522
        0.0153146666  -0.0051597985  -0.0588865302   0.0037774299   0.0000915036
        0.0012063879  -0.0002281886  -0.0004159832  -0.0006445992   0.0004038281
        0.0004295244   0.0019324039   0.0002502244   0.0000500261   0.0003066252
        0.0007855304  -0.0076405700   0.4669506385  -0.0000033350   0.0000049957
        0.0000580944   0.0001050165  -0.0000684796  -0.0000025393  -0.0000353987
        0.0000634995  -0.0000177957  -0.0000183280  -0.0000571595  -0.0000133252
        0.0011300364   0.0018708072   0.0001608458  -0.0010448392  -0.0017965100
        0.0001057369  -0.0000371343   0.0000812820  -0.0002998521   0.0013447710
       -0.0004704897  -0.0000163201   0.0001019667   0.0000265421   0.0004193874
       -0.0013778511   0.0005349690   0.0002625446   0.0000349028   0.0000067856
       -0.0000272081   0.0000155623   0.0000237475  -0.0000214840  -0.0000445408
       -0.0000462504   0.0000025991  -0.0310037731   0.1077414154  -0.1597110277
        0.0151662863  -0.0911146519  -0.2052118882
       -0.0419967856  -0.0362811641  -0.0009682337  -0.0040579477   0.0356110785
        0.0010076042  -0.0069583322   0.0015950353  -0.0001699963   0.0015623314
       -0.0011335477  -0.0000201051  -0.0001605916   0.0015692320   0.0000647118
       -0.0001779338  -0.0002467604   0.0000078443   0.0000139704   0.0000529780
        0.0000028264  -0.0003182201   0.0001570071  -0.0000071394   0.0000932055
        0.0000864962  -0.0000030740  -0.0000263393  -0.0000024660  -0.0000020070
        0.0000247960  -0.0001051432   0.0000032984   0.0000344867   0.0001478189
       -0.0000068227   0.0000392120  -0.0000996932   0.0000002293  -0.0000165747
       -0.0000113533   0.0000029403  -0.0000091329  -0.0000069334   0.0000013606
        0.0000755186   0.0000772925  -0.0000033350   0.0543140288   0.0271861899
        0.0008432282  -0.0011240993  -0.0139173449  -0.0009086058  -0.0013110542
       -0.0148684115   0.0001452404  -0.0000545565  -0.0000042983   0.0000005165
        0.0000080512   0.0000013006   0.0000051610   0.0000089622   0.0000015805
       -0.0000081058  -0.0000395575   0.0000096620  -0.0000005272   0.0000023263
        0.0000000244  -0.0000030102   0.0000021160  -0.0000005822  -0.0000002613
        0.0000022166   0.0000002791   0.0000026960  -0.0000012316  -0.0000006926
       -0.0000022873   0.0000018138  -0.0000041625   0.0000003129  -0.0000011415
        0.0000000683   0.0000039169   0.0000309961   0.0001046948   0.0000203190
        0.0000394671   0.0000818155  -0.0000086954
       -0.0300539047  -0.2809371924  -0.0071199528   0.0072040403  -0.0181477212
       -0.0005045616   0.0021282596  -0.0023073697   0.0000084761   0.0010829371
        0.0012441668   0.0000683426  -0.0000060214  -0.0006543385  -0.0000353655
        0.0000717160   0.0000825702  -0.0000032368   0.0000245942   0.0000018219
       -0.0000000614   0.0001738375  -0.0000084889  -0.0000010257  -0.0001391055
       -0.0001238246   0.0000136675   0.0000284017   0.0000066940  -0.0000032640
        0.0000330084   0.0001560923  -0.0000068950  -0.0000947861  -0.0001736949
        0.0000135325  -0.0000200201   0.0001217273  -0.0000004046   0.0000829932
       -0.0000019738  -0.0000072450  -0.0000170094  -0.0000139092   0.0000013807
        0.0000243998  -0.0000176989   0.0000049957   0.0271861899   0.3263733011
        0.0083145150  -0.0037421810  -0.0119916992  -0.0021053876  -0.0040948536
       -0.0136099520   0.0013703026   0.0000097669   0.0000759334  -0.0000011179
        0.0000066658   0.0000061446  -0.0000043343   0.0000094320   0.0000006521
        0.0000040918   0.0000134274   0.0000057078  -0.0000002728   0.0000042903
        0.0000018607   0.0000069532  -0.0000084970  -0.0000044698   0.0000009329
        0.0000011516   0.0000004894  -0.0000071895   0.0000056487   0.0000048083
        0.0000066995   0.0000089028  -0.0000013491  -0.0000005353   0.0000037104
        0.0000043566  -0.0000073661   0.0000439813  -0.0000547072  -0.0000357038
        0.0000290241  -0.0000379372   0.0000300296
       -0.0007759049  -0.0072107021  -0.0437514167   0.0000850780   0.0000743626
        0.0007441744  -0.0000917169  -0.0001186098   0.0005924371   0.0000991687
       -0.0000007587   0.0000807224   0.0000025237  -0.0000038931   0.0001848694
       -0.0000103987   0.0000100600   0.0000022339  -0.0000038886   0.0000055429
        0.0000073402   0.0000160290   0.0000023802  -0.0000427499   0.0000016109
       -0.0000094481   0.0000001697  -0.0000053762   0.0000014531   0.0000007520
       -0.0000006494   0.0000070564  -0.0000237825   0.0000062182  -0.0000176880
        0.0000244579  -0.0000055376   0.0000164060  -0.0000434130  -0.0000029039
        0.0000017708  -0.0000007387  -0.0000016217   0.0000058316   0.0000068603
        0.0000077172  -0.0000114730   0.0000580944   0.0008432282   0.0083145150
        0.0448702511  -0.0048463870  -0.0270493317  -0.0021847797   0.0046758737
        0.0259913988  -0.0004877410  -0.0000005480   0.0000040637  -0.0000169202
       -0.0000017108  -0.0000042429   0.0000095616   0.0000037859  -0.0000068294
       -0.0000031348   0.0000011611   0.0000011920  -0.0000001884  -0.0000004954
        0.0000010613   0.0000004300   0.0000005039  -0.0000020358  -0.0000013672
       -0.0000001028   0.0000000894  -0.0000024183  -0.0000002391  -0.0000038588
        0.0000044890   0.0000008748  -0.0000004974   0.0000001430   0.0000013444
       -0.0000012225  -0.0000007282   0.0000277333  -0.0000176576  -0.0000032090
       -0.0000253700   0.0000210652  -0.0000243988
       -0.0843358187  -0.0317780793  -0.0838318965  -0.0361305424   0.0009297937
       -0.0273550733   0.0002793327  -0.0021571035  -0.0007922034   0.0005833680
        0.0002700007  -0.0000121687  -0.0005078426   0.0000663189   0.0006640449
        0.0004611657  -0.0005524456   0.0001172128   0.0000355663   0.0000844277
        0.0000395544  -0.0004054611   0.0000223740  -0.0000538985   0.0000986790
        0.0001118089  -0.0000395235  -0.0000399285   0.0000207195   0.0000034380
       -0.0000274729  -0.0000660459   0.0000558668   0.0001742006   0.0001700239
       -0.0000410157  -0.0000248100  -0.0001159209   0.0000155300  -0.0001067313
        0.0000097769   0.0000117241  -0.0000121970   0.0000003707  -0.0000073946
       -0.0001956852   0.0001404010   0.0001050165  -0.0011240993  -0.0037421810
       -0.0048463870   0.1140620583   0.0333018033   0.1048352330   0.0070028089
        0.0031764253   0.0112239948  -0.0000085759  -0.0000022181  -0.0000099283
        0.0000113921   0.0000190445   0.0000123911   0.0000120987   0.0000030846
        0.0000013575   0.0000081548  -0.0000152230  -0.0000283670   0.0000032791
        0.0000009396  -0.0000044400   0.0000009939   0.0000078408  -0.0000015314
       -0.0000009781  -0.0000017490   0.0000014692  -0.0000000809  -0.0000040835
       -0.0000069824  -0.0000065981   0.0000018886  -0.0000052004  -0.0000010830
       -0.0000052041  -0.0000042200   0.0000136828   0.0000830564  -0.0001877762
        0.0001811243   0.0000201550   0.0001411738
       -0.0329513095  -0.0638498917  -0.0584695695   0.0086947568   0.0026347114
        0.0112852076   0.0027164891   0.0021710294   0.0013232479  -0.0011386259
        0.0000302660  -0.0003427229  -0.0001335799   0.0000263721  -0.0006204154
        0.0000241242   0.0000023525  -0.0001042005  -0.0000218846  -0.0000140571
       -0.0000289192  -0.0000212813   0.0000045351   0.0000914105   0.0000080373
        0.0000067336   0.0000123893   0.0000002663  -0.0000086247  -0.0000109940
       -0.0000553512  -0.0000435150   0.0000150775   0.0000281420   0.0000488825
       -0.0000358337   0.0000030038  -0.0000333693   0.0000279509  -0.0000285121
       -0.0000007288   0.0000129336  -0.0000016365   0.0000091082  -0.0000104883
        0.0000653318  -0.0000052955  -0.0000684796  -0.0139173449  -0.0119916992
       -0.0270493317   0.0333018033   0.0676128014   0.0640963512   0.0034586692
        0.0035413250   0.0097992072   0.0000584583  -0.0000607154   0.0000253347
       -0.0000284221   0.0000064367   0.0000089509  -0.0000028887  -0.0000009631
       -0.0000078449   0.0000012616   0.0000059318   0.0000230233  -0.0000029903
       -0.0000015284  -0.0000049052   0.0000020365   0.0000033918  -0.0000000692
       -0.0000037493  -0.0000002505   0.0000043575   0.0000018810  -0.0000017191
       -0.0000011810  -0.0000017244   0.0000008423  -0.0000014136  -0.0000015196
       -0.0000035479  -0.0000008362  -0.0000288548  -0.0000590272   0.0000287938
       -0.0000245862  -0.0000297870   0.0000029694
       -0.0857608993  -0.0563862418  -0.2038573611  -0.0089880623   0.0044310115
        0.0018719806  -0.0010846666  -0.0024179479   0.0006209176   0.0015384250
        0.0003483085  -0.0003251498  -0.0000834938   0.0000657918   0.0000004500
        0.0001668687  -0.0002699419  -0.0000378890   0.0000010140   0.0000151974
        0.0000069893  -0.0001066938   0.0000096047   0.0000166353   0.0000593533
        0.0000356821  -0.0000112778  -0.0000194966   0.0000049354   0.0000014506
        0.0000108667  -0.0000286756   0.0000292541   0.0001210052   0.0000408547
       -0.0000324493  -0.0000315440  -0.0000222250   0.0000241675  -0.0000896319
        0.0000141730   0.0000227824   0.0000086726   0.0000119929   0.0000045161
        0.0000405593   0.0000036201  -0.0000025393  -0.0009086058  -0.0021053876
       -0.0021847797   0.1048352330   0.0640963512   0.2326226950  -0.0098060482
       -0.0078917623  -0.0287940632  -0.0000241305   0.0000360695  -0.0000221649
        0.0000117437   0.0000096268   0.0000170014   0.0000274989  -0.0000095701
       -0.0000169381   0.0000057755  -0.0000210925  -0.0000037289   0.0000001692
       -0.0000019248  -0.0000024390   0.0000007129   0.0000085369  -0.0000021784
       -0.0000013986   0.0000003529   0.0000052439  -0.0000006098  -0.0000056927
        0.0000079188  -0.0000049810   0.0000014899   0.0000080094   0.0000003949
       -0.0000031421   0.0000097689   0.0000036773   0.0000112680  -0.0000321624
        0.0000782920   0.0000187371   0.0000553398
       -0.0898858260  -0.0384605314   0.0858970281  -0.0373367434  -0.0002820818
        0.0259726554   0.0001426952  -0.0023560235   0.0006211822   0.0006831841
        0.0002824502   0.0001059231  -0.0004929388   0.0001093546  -0.0007094615
        0.0004504983  -0.0005696219  -0.0001335127   0.0000370970   0.0000924531
       -0.0000255539  -0.0004150034   0.0000220225   0.0000631574   0.0001055918
        0.0001209603   0.0000293349  -0.0000432232   0.0000201271  -0.0000014843
       -0.0000186322  -0.0000711805  -0.0000597357   0.0001870012   0.0001627789
       -0.0000183372  -0.0000328797  -0.0001124109  -0.0000031382  -0.0001133275
        0.0000099785   0.0000115951  -0.0000118826   0.0000015678   0.0000043358
       -0.0002413786   0.0001927916  -0.0000353987  -0.0013110542  -0.0040948536
        0.0046758737   0.0070028089   0.0034586692  -0.0098060482   0.1210365643
        0.0413687605  -0.1066470875  -0.0000086522  -0.0000039499   0.0000210554
        0.0000096378   0.0000022039   0.0000026208   0.0000130978   0.0000188001
       -0.0000084515   0.0000079920  -0.0000119988   0.0000401233  -0.0000005660
       -0.0000012397  -0.0000016646   0.0000011843   0.0000088817   0.0000015675
        0.0000026940   0.0000001653   0.0000029603   0.0000004121  -0.0000044804
       -0.0000017564  -0.0000061957   0.0000025469   0.0000009193  -0.0000000609
       -0.0000049929   0.0000007481   0.0002143194   0.0000661201  -0.0001536067
        0.0000235860   0.0000327331   0.0001541567
       -0.0397547426  -0.0707198750   0.0645662499   0.0086665303   0.0036155072
       -0.0110339017   0.0026722500   0.0020879918  -0.0010972677  -0.0011290785
        0.0001416418   0.0003740124  -0.0001420718  -0.0000287861   0.0006236301
        0.0000352155   0.0000042981   0.0001102003  -0.0000218538  -0.0000243706
        0.0000280744  -0.0000132782   0.0000058824  -0.0001012907   0.0000099997
       -0.0000038321  -0.0000140220   0.0000019141  -0.0000060025   0.0000064651
       -0.0000468179  -0.0000343363  -0.0000061189   0.0000429024   0.0000300024
        0.0000231627  -0.0000090852  -0.0000218690  -0.0000228484  -0.0000357967
        0.0000033627  -0.0000051041   0.0000028296   0.0000076175   0.0000064188
        0.0000762457  -0.0000426807   0.0000634995  -0.0148684115  -0.0136099520
        0.0259913988   0.0031764253   0.0035413250  -0.0078917623   0.0413687605
        0.0751673022  -0.0715166912   0.0000610910  -0.0000589121  -0.0000208520
        0.0000022938  -0.0000012723   0.0000022401  -0.0000283330   0.0000120552
       -0.0000085768   0.0000027366   0.0000012961  -0.0000228069  -0.0000042768
       -0.0000012146  -0.0000060251   0.0000020525   0.0000069021  -0.0000022956
       -0.0000020272  -0.0000005838   0.0000029110  -0.0000011253  -0.0000025378
       -0.0000014450  -0.0000034987   0.0000029786  -0.0000002113   0.0000009159
        0.0000003889   0.0000006445  -0.0000267786  -0.0000389070   0.0000061233
       -0.0000349868  -0.0000334199  -0.0000538115
        0.0876743543   0.0625346075  -0.1910164479   0.0081348002  -0.0044357607
        0.0022665983   0.0012071465   0.0024075457   0.0007407249  -0.0015615392
       -0.0002173581  -0.0003066823   0.0000828569  -0.0000642179   0.0000245447
       -0.0001626426   0.0002710231  -0.0000266488  -0.0000072432  -0.0000095641
        0.0000077332   0.0001288835   0.0000057270   0.0000104201  -0.0000584433
       -0.0000637467  -0.0000048957   0.0000060329  -0.0000029628  -0.0000010288
       -0.0000186721   0.0000333159   0.0000217593  -0.0001178601  -0.0000451605
       -0.0000053918   0.0000402700   0.0000334113   0.0000097370   0.0000838182
       -0.0000169824  -0.0000011950  -0.0000105924  -0.0000003297  -0.0000027020
       -0.0000367843  -0.0000000918  -0.0000177957   0.0001452404   0.0013703026
       -0.0004877410   0.0112239948   0.0097992072  -0.0287940632  -0.1066470875
       -0.0715166912   0.2175654450   0.0000236584  -0.0000369281  -0.0000123162
       -0.0000237918  -0.0000017094  -0.0000017080  -0.0000176844  -0.0000144520
        0.0000165921  -0.0000031242   0.0000225335  -0.0000026458   0.0000021119
        0.0000025697   0.0000051597   0.0000008890  -0.0000118231   0.0000008756
       -0.0000044794   0.0000012905  -0.0000064962   0.0000011032   0.0000011335
        0.0000020589   0.0000064582  -0.0000031547  -0.0000023870  -0.0000015330
        0.0000005942  -0.0000033723  -0.0000840669  -0.0000366921   0.0000327340
       -0.0000060739  -0.0000056363  -0.0000108652
       -0.0002064045   0.0000783265   0.0000034799  -0.0004814171  -0.0009114069
       -0.0000380200   0.0035082956  -0.0002064908   0.0000936957  -0.0032417821
        0.0033563414  -0.0000692277  -0.0007317503   0.0011637990  -0.0001283016
       -0.0218989396   0.0004814147   0.0001959640  -0.2772336934   0.0676154765
        0.0046072194  -0.0031634986  -0.0029310007   0.0001429534  -0.0007285806
        0.0002109289  -0.0000506755  -0.0001583069  -0.0001072069   0.0000183037
       -0.0001180386   0.0001484102   0.0000249723  -0.0001142776  -0.0000688245
        0.0000315661   0.0000272622   0.0000351925  -0.0000041442   0.0001536843
        0.0000082364  -0.0000198157  -0.0000101993  -0.0000354650   0.0000000802
       -0.0000845910   0.0003740018  -0.0000183280  -0.0000545565   0.0000097669
       -0.0000005480  -0.0000085759   0.0000584583  -0.0000241305  -0.0000086522
        0.0000610910   0.0000236584   0.3194301115  -0.0777295504  -0.0052304986
       -0.0074200557   0.0043261173   0.0024565128  -0.0078715089   0.0044984611
       -0.0020307046   0.0000792343  -0.0006103068   0.0000070287  -0.0000007581
       -0.0000018115   0.0000233191   0.0000897880  -0.0000616139  -0.0000005943
       -0.0000000998  -0.0000024987  -0.0000238656   0.0000011215  -0.0000040922
       -0.0000042362   0.0000032025   0.0000058622  -0.0000009515   0.0000022896
       -0.0000044605   0.0000049774   0.0001241753   0.0001259858  -0.0000127993
        0.0001165220   0.0001168587   0.0000231102
        0.0002721965  -0.0000637223   0.0000161131   0.0003927409   0.0024737107
        0.0001182086  -0.0071913358  -0.0061265755  -0.0002850614   0.0056913850
       -0.0004588081   0.0000869928   0.0021516962  -0.0002390846   0.0001431155
       -0.0219278768   0.0090468228   0.0004619181   0.0698142131  -0.0619993509
       -0.0013845504  -0.0039666557  -0.0045152315  -0.0000626551  -0.0014790901
        0.0002906711  -0.0001326650  -0.0003741686  -0.0002276800   0.0000923782
        0.0002689531   0.0001817379  -0.0000284586  -0.0001605439  -0.0000718275
        0.0000512079   0.0000119205   0.0000621706  -0.0000070776   0.0001631492
       -0.0000235687  -0.0000208876  -0.0000307805  -0.0000298230   0.0000000707
        0.0001156896  -0.0000473798  -0.0000571595  -0.0000042983   0.0000759334
        0.0000040637  -0.0000022181  -0.0000607154   0.0000360695  -0.0000039499
       -0.0000589121  -0.0000369281  -0.0777295504   0.0727287205   0.0017021378
        0.0166289414  -0.0051781138  -0.0024062164   0.0176248053  -0.0056226325
        0.0016865894  -0.0000966066  -0.0002086870   0.0000060283  -0.0000319540
        0.0000187198   0.0000028903   0.0000250776  -0.0000267705  -0.0000029723
       -0.0000494716   0.0000218070   0.0000016999   0.0000029185   0.0000087059
        0.0000010349   0.0000115850   0.0000004683  -0.0000028847   0.0000019583
        0.0000091138  -0.0000034348  -0.0000597250   0.0000155507   0.0000332772
       -0.0000690050   0.0000247505  -0.0000128445
       -0.0000129944  -0.0000037103   0.0001150721  -0.0000308827  -0.0001520822
        0.0000479119   0.0002212165   0.0001830765   0.0006262684  -0.0001518116
       -0.0000565248  -0.0011948653  -0.0000979353   0.0000732109  -0.0001959705
       -0.0002374416  -0.0000522586   0.0001596517   0.0045657622  -0.0012485079
       -0.0444451603  -0.0000342680  -0.0000439260   0.0011317830  -0.0000647449
       -0.0000149609   0.0003060355  -0.0000174468  -0.0000171031  -0.0000546842
       -0.0000030945   0.0000178201  -0.0000421321  -0.0000117616  -0.0000099304
       -0.0000251927   0.0000040662   0.0000012891  -0.0000018110   0.0000007453
       -0.0000008522  -0.0000053309   0.0000023843  -0.0000032205   0.0000142931
        0.0000003315   0.0000037354  -0.0000133252   0.0000005165  -0.0000011179
       -0.0000169202  -0.0000099283   0.0000253347  -0.0000221649   0.0000210554
       -0.0000208520  -0.0000123162  -0.0052304986   0.0017021378   0.0471120667
        0.0262149884  -0.0094688915  -0.0023329298  -0.0251196161   0.0090883220
       -0.0010150323   0.0000017973   0.0000032310  -0.0000898298  -0.0000115039
        0.0000081937   0.0000045370  -0.0000003474   0.0000029973  -0.0000160420
        0.0000027240  -0.0000111815   0.0000026025   0.0000002012   0.0000006589
       -0.0000030124   0.0000000718  -0.0000004968  -0.0000006557  -0.0000011485
        0.0000013080   0.0000005120   0.0000207708   0.0000316861  -0.0000115174
       -0.0000212072  -0.0000373848  -0.0000218412
       -0.0000063990   0.0000438669   0.0000733407  -0.0000060339   0.0000243099
        0.0002818149  -0.0003279385  -0.0000531636  -0.0002440569  -0.0004601432
        0.0008042504  -0.0005293099  -0.0010247279  -0.0011187967  -0.0010214791
        0.0028171956  -0.0105566911  -0.0145887727  -0.0490616125   0.0219960965
        0.0346317931  -0.0000807751  -0.0007951730   0.0005419376  -0.0001680331
       -0.0004404429   0.0002073948   0.0000055980   0.0000088977  -0.0000032057
        0.0001597128   0.0000956711  -0.0000158443   0.0000496707  -0.0000167344
       -0.0000873955  -0.0000599145   0.0000527657   0.0000059769  -0.0000277195
        0.0000114817   0.0000134384  -0.0000097282  -0.0000153197   0.0000067134
       -0.0000206758  -0.0003956111   0.0011300364   0.0000080512   0.0000066658
       -0.0000017108   0.0000113921  -0.0000284221   0.0000117437   0.0000096378
        0.0000022938  -0.0000237918  -0.0074200557   0.0166289414   0.0262149884
        0.0541448958  -0.0235781494  -0.0400546314   0.0023813855  -0.0025901694
       -0.0060532454  -0.0007710575  -0.0001104806  -0.0005094431   0.0000305081
        0.0000283466   0.0000175586  -0.0000354770   0.0000270461  -0.0000386840
        0.0000009752  -0.0000087667   0.0000031961   0.0000007041   0.0000043082
        0.0000067560  -0.0000023013  -0.0000006124   0.0000011902  -0.0000002605
        0.0000023527  -0.0000007870  -0.0001679006  -0.0001281383  -0.0000056769
        0.0000310270   0.0000993771   0.0000301551
       -0.0000466605   0.0000335862  -0.0000783582  -0.0000162589  -0.0000051493
       -0.0001090603  -0.0006206629  -0.0000665861  -0.0007320489   0.0003081210
        0.0001672610   0.0006160862  -0.0024401721  -0.0012716722  -0.0006063662
       -0.0006060222  -0.0227147137  -0.0215478645   0.0235315013  -0.1042981212
       -0.1066118295   0.0018255437   0.0004449006   0.0006090217  -0.0001526819
       -0.0004992585   0.0002276758   0.0000841548   0.0000890305   0.0000347593
        0.0002279462   0.0002262882   0.0000068940   0.0000658723  -0.0000084896
       -0.0001552366  -0.0000600889   0.0000219206   0.0000260978  -0.0000776442
       -0.0000060955   0.0000305317  -0.0000100977   0.0000100108  -0.0000073670
        0.0000548384  -0.0009256431   0.0018708072   0.0000013006   0.0000061446
       -0.0000042429   0.0000190445   0.0000064367   0.0000096268   0.0000022039
       -0.0000012723  -0.0000017094   0.0043261173  -0.0051781138  -0.0094688915
       -0.0235781494   0.1245889376   0.1222215039  -0.0024266482   0.0089494541
        0.0140929748  -0.0002422364   0.0004797965  -0.0005196029   0.0000519875
        0.0000073982   0.0000115662  -0.0000314607   0.0000483549  -0.0000166216
       -0.0000141908  -0.0000135916   0.0000186754   0.0000039983   0.0000017741
        0.0000029409  -0.0000062924   0.0000026221   0.0000003067   0.0000056814
       -0.0000064305  -0.0000013195  -0.0003307539  -0.0003393833   0.0000067229
        0.0001517100   0.0002506040   0.0000743277
       -0.0001037738   0.0000551820  -0.0000229089   0.0000312344  -0.0002068071
        0.0000009189  -0.0001910584   0.0002623867  -0.0000319388   0.0001436776
        0.0000880815   0.0001586258  -0.0000540070   0.0004880992  -0.0002718251
       -0.0013015550  -0.0046202485  -0.0006010850   0.0345836239  -0.1040422673
       -0.2049893736   0.0005507005   0.0004465403   0.0007763872  -0.0001410017
       -0.0002344831  -0.0000274031   0.0000616191   0.0000209802   0.0000106725
        0.0001687665   0.0002288719  -0.0000229871   0.0000717479   0.0000217958
       -0.0000302955  -0.0000332493   0.0000212003   0.0000158006  -0.0000804461
        0.0000003011   0.0000062236   0.0000091769   0.0000062739   0.0000096363
       -0.0000045348   0.0000691621   0.0001608458   0.0000051610  -0.0000043343
        0.0000095616   0.0000123911   0.0000089509   0.0000170014   0.0000026208
        0.0000022401  -0.0000017080   0.0024565128  -0.0024062164  -0.0023329298
       -0.0400546314   0.1222215039   0.2357726525   0.0050067810  -0.0123010372
       -0.0283606642  -0.0010628379  -0.0002556896  -0.0002560920   0.0000228946
        0.0000126750  -0.0000143099  -0.0000710057   0.0000463358  -0.0000209716
        0.0000012062   0.0000118609   0.0000074499   0.0000026067  -0.0000019871
       -0.0000003750  -0.0000101472   0.0000033042   0.0000022400   0.0000036514
        0.0000027435   0.0000091232  -0.0000410603  -0.0000085893   0.0000120037
        0.0000149363   0.0000631705   0.0000157245
       -0.0000086303   0.0000574150  -0.0000622663   0.0000305695   0.0000662282
       -0.0002456227  -0.0005197237  -0.0001969699   0.0001605774  -0.0006330740
        0.0011658164   0.0004538098  -0.0010813792  -0.0012990739   0.0008903063
        0.0036079859  -0.0108848819   0.0140342636  -0.0515502798   0.0266759222
       -0.0380713743  -0.0003116300  -0.0007976563  -0.0006636301  -0.0000284252
       -0.0003939352  -0.0000650804   0.0000259463   0.0000296708   0.0000049948
        0.0001893719   0.0000139241  -0.0000580386   0.0001019860   0.0000121803
        0.0000275769  -0.0000587920   0.0000330743   0.0000080326  -0.0000373447
        0.0000091382  -0.0000019726  -0.0000068435  -0.0000128152   0.0000029261
       -0.0000709613  -0.0003306466  -0.0010448392   0.0000089622   0.0000094320
        0.0000037859   0.0000120987  -0.0000028887   0.0000274989   0.0000130978
       -0.0000283330  -0.0000176844  -0.0078715089   0.0176248053  -0.0251196161
        0.0023813855  -0.0024266482   0.0050067810   0.0566984600  -0.0292463059
        0.0442599657  -0.0007418767  -0.0000710747   0.0004676430   0.0000188124
       -0.0000021275   0.0000000815  -0.0000327252   0.0000239369   0.0000268644
        0.0000288068   0.0000207969  -0.0000198165   0.0000002917   0.0000012027
        0.0000026802  -0.0000014001  -0.0000015090   0.0000006537  -0.0000008770
        0.0000028978  -0.0000043748   0.0000170455   0.0000812274  -0.0000236258
       -0.0001793487  -0.0001328025   0.0000194999
       -0.0000478065   0.0000171553   0.0000698998  -0.0000134906   0.0000725556
        0.0000905971  -0.0002381921  -0.0000264877   0.0006540147   0.0002713632
       -0.0001272541  -0.0005413046  -0.0029464183  -0.0010709839   0.0005886409
        0.0005760491  -0.0244303874   0.0206988399   0.0284270786  -0.1138951485
        0.1101776016   0.0014115733   0.0006759365  -0.0006881101  -0.0001093315
       -0.0004649371  -0.0001761038   0.0000931396   0.0001002902  -0.0000405095
        0.0002894653   0.0002200739  -0.0000666645   0.0001539081   0.0000042944
        0.0001036548  -0.0000652546   0.0000198750  -0.0000189124  -0.0000979348
       -0.0000005704  -0.0000116509  -0.0000045628   0.0000076887   0.0000064791
        0.0000859457  -0.0007257088  -0.0017965100   0.0000015805   0.0000006521
       -0.0000068294   0.0000030846  -0.0000009631  -0.0000095701   0.0000188001
        0.0000120552  -0.0000144520   0.0044984611  -0.0056226325   0.0090883220
       -0.0025901694   0.0089494541  -0.0123010372  -0.0292463059   0.1358652217
       -0.1262528395  -0.0002782275   0.0005151467   0.0005425518   0.0000071985
       -0.0000109868  -0.0000069528  -0.0000352057   0.0000545295   0.0000244794
        0.0000509926   0.0000020432  -0.0000101647   0.0000048384  -0.0000034624
       -0.0000070749  -0.0000077919   0.0000044947  -0.0000001906   0.0000044652
       -0.0000010787  -0.0000043806   0.0001129656   0.0002095124  -0.0000706137
       -0.0003302178  -0.0003503778  -0.0000212097
        0.0000996319  -0.0000550255  -0.0000293920  -0.0000424728   0.0002284529
        0.0000148230   0.0001567111  -0.0003085289  -0.0000118948  -0.0001111324
       -0.0000687328   0.0001395870  -0.0000193494  -0.0004336966  -0.0002859455
        0.0010048738   0.0038149606   0.0000021024  -0.0378751288   0.1078885054
       -0.1927825468  -0.0003970395  -0.0004712615   0.0006900260   0.0001297795
        0.0001880147  -0.0000031067  -0.0000641353  -0.0000201971   0.0000070173
       -0.0001584244  -0.0002231656   0.0000200708  -0.0000829055  -0.0000423471
       -0.0000088491   0.0000326723  -0.0000154968   0.0000047584   0.0000789816
       -0.0000019520  -0.0000090247  -0.0000032519  -0.0000105775   0.0000030185
       -0.0000145578  -0.0001385059   0.0001057369  -0.0000081058   0.0000040918
       -0.0000031348   0.0000013575  -0.0000078449  -0.0000169381  -0.0000084515
       -0.0000085768   0.0000165921  -0.0020307046   0.0016865894  -0.0010150323
       -0.0060532454   0.0140929748  -0.0283606642   0.0442599657  -0.1262528395
        0.2216790348   0.0010430775   0.0002604564  -0.0001561292  -0.0000111473
       -0.0000130673   0.0000113609   0.0000706019  -0.0000403958  -0.0000042266
       -0.0000206499  -0.0000128245  -0.0000079309  -0.0000046640   0.0000060693
       -0.0000043706   0.0000077132  -0.0000008727  -0.0000043341  -0.0000053286
        0.0000029711  -0.0000041144  -0.0000207087  -0.0000736209   0.0000047494
        0.0000460375   0.0000264433   0.0000087571
       -0.0000602035   0.0001739195   0.0000092940  -0.0005223895  -0.0000883354
       -0.0000216280  -0.0001675934   0.0017335067   0.0000433520   0.0001822035
       -0.0002255101   0.0000098657  -0.0058683779   0.0010791534  -0.0000063867
       -0.0095682297   0.0291146664   0.0002638234   0.0012214359   0.0007863395
       -0.0000717791  -0.0652937838   0.0775111289   0.0021505966   0.0061068479
       -0.0178796255  -0.0005698449   0.0005335870  -0.0031504118  -0.0000214199
       -0.0036856331  -0.0045532761   0.0006101526   0.0010588747  -0.0003375977
        0.0000602735  -0.0002159485  -0.0007759985   0.0000001600  -0.0003351276
        0.0002188177   0.0000140885  -0.0000258104  -0.0000291286  -0.0000021270
        0.0000111136  -0.0001581890  -0.0000371343  -0.0000395575   0.0000134274
        0.0000011611   0.0000081548   0.0000012616   0.0000057755   0.0000079920
        0.0000027366  -0.0000031242   0.0000792343  -0.0000966066   0.0000017973
       -0.0007710575  -0.0002422364  -0.0010628379  -0.0007418767  -0.0002782275
        0.0010430775   0.0806041476  -0.0839538900  -0.0024810971  -0.0002087365
        0.0001558655  -0.0000307539  -0.0019132509   0.0010379460   0.0000761073
       -0.0001540243   0.0001489223   0.0000391007   0.0000067161   0.0000011622
        0.0000063435  -0.0000221550  -0.0000061742   0.0000016312   0.0000046682
        0.0000034714  -0.0000111138  -0.0001185304  -0.0001005122   0.0000481178
       -0.0001126895  -0.0001066055  -0.0000654715
        0.0001238109  -0.0001182524  -0.0000136602   0.0000823007   0.0007338069
        0.0000171022   0.0015273476  -0.0008174520   0.0000594933  -0.0008034200
       -0.0006448131  -0.0000250733  -0.0004835458   0.0022659851  -0.0000597609
        0.0098395901  -0.0112518916  -0.0002343108  -0.0015200057   0.0006379324
       -0.0000376259   0.0782555601  -0.3650808977  -0.0020158847   0.0001553151
       -0.0278125699   0.0001311190   0.0018300095   0.0020631913  -0.0001971720
       -0.0028660369   0.0001897008   0.0002130734  -0.0003769124  -0.0019961558
        0.0001634904  -0.0005564183   0.0002683928   0.0000347823   0.0008233837
       -0.0000671791  -0.0000976195  -0.0001249965  -0.0001345122   0.0000153513
       -0.0002068372   0.0007032088   0.0000812820   0.0000096620   0.0000057078
        0.0000011920  -0.0000152230   0.0000059318  -0.0000210925  -0.0000119988
        0.0000012961   0.0000225335  -0.0006103068  -0.0002086870   0.0000032310
       -0.0001104806   0.0004797965  -0.0002556896  -0.0000710747   0.0005151467
        0.0002604564  -0.0839538900   0.3990814167   0.0017733948   0.0002744048
        0.0000324042   0.0001338022  -0.0012049092   0.0005890107   0.0000862713
        0.0001845347   0.0000050388  -0.0001624236   0.0000128509   0.0000147959
        0.0000135659   0.0000007271  -0.0000032711  -0.0000009669   0.0000090538
        0.0000147650  -0.0000172060  -0.0001156888   0.0002549011  -0.0001485764
       -0.0000968064   0.0002732525   0.0002769214
       -0.0000200091   0.0000245485  -0.0001735231  -0.0000001808  -0.0000841791
       -0.0004585130  -0.0002310740   0.0000075091   0.0025302076   0.0001414765
        0.0000959220  -0.0003503892   0.0002851044  -0.0001200220   0.0020337008
       -0.0006880215   0.0002878736  -0.0036097661   0.0000259932   0.0000325515
       -0.0010835306   0.0028438770  -0.0049536122  -0.0059128402  -0.0002942695
        0.0024574481  -0.0040499410  -0.0002388567   0.0001532132  -0.0014159366
        0.0003320657   0.0002689313   0.0019377063   0.0002901617   0.0002426221
        0.0026370690  -0.0000240483  -0.0000547177  -0.0008097253  -0.0000874348
       -0.0000216186  -0.0001541396   0.0000115747   0.0000148757  -0.0000728449
       -0.0000256701  -0.0000307229  -0.0002998521  -0.0000005272  -0.0000002728
       -0.0000001884  -0.0000283670   0.0000230233  -0.0000037289   0.0000401233
       -0.0000228069  -0.0000026458   0.0000070287   0.0000060283  -0.0000898298
       -0.0005094431  -0.0005196029  -0.0002560920   0.0004676430   0.0005425518
       -0.0001561292  -0.0024810971   0.0017733948   0.0093778346  -0.0004254575
       -0.0001471793  -0.0001023364   0.0001381688  -0.0000202430   0.0006536373
        0.0004411688   0.0001554414  -0.0002207798  -0.0000178184  -0.0000245793
       -0.0000078188  -0.0000020428  -0.0000013634   0.0000106791   0.0000116486
        0.0000194047  -0.0000035395  -0.0000128243  -0.0000556605   0.0000433211
        0.0000511080  -0.0000487586   0.0000099345
       -0.0000238111   0.0000120621  -0.0000059521   0.0000045886  -0.0000122606
        0.0000270227  -0.0000210328   0.0000060794  -0.0001873749   0.0000421279
        0.0000469495   0.0000384148   0.0001932112  -0.0001010289   0.0000085589
       -0.0010567588  -0.0003625267   0.0006773720  -0.0002305972   0.0000064998
        0.0000053255  -0.0037901757   0.0013218339   0.0003775182  -0.0243095283
       -0.0050776104  -0.0196036879  -0.1218586691  -0.0516929061  -0.1074154071
        0.0001107573  -0.0013556840  -0.0001677995  -0.0007759340   0.0006634754
       -0.0008159507   0.0000103913  -0.0003323604   0.0000631437   0.0007800955
       -0.0002545913   0.0005292152   0.0001302918  -0.0001785420  -0.0000413028
        0.0000473150  -0.0000625531   0.0013447710   0.0000023263   0.0000042903
       -0.0000004954   0.0000032791  -0.0000029903   0.0000001692  -0.0000005660
       -0.0000042768   0.0000021119  -0.0000007581  -0.0000319540  -0.0000115039
        0.0000305081   0.0000519875   0.0000228946   0.0000188124   0.0000071985
       -0.0000111473  -0.0002087365   0.0002744048  -0.0004254575   0.1452603090
        0.0576099079   0.1211803875  -0.0014010398  -0.0033472887  -0.0032372678
        0.0073001125   0.0031489768   0.0074944902  -0.0000500546  -0.0000698508
       -0.0000115870  -0.0001178179  -0.0001018130   0.0000780762  -0.0000902503
       -0.0000578944   0.0000221080   0.0002354371  -0.0001426468   0.0000194207
       -0.0002338332   0.0000351124   0.0000439337
       -0.0000011533  -0.0000016058   0.0000012200   0.0000297523   0.0000051482
       -0.0000012098  -0.0000846037  -0.0000086966   0.0000012677   0.0000364947
        0.0000092249   0.0000119806  -0.0001582104  -0.0000374266  -0.0000038171
        0.0002636078   0.0001675065  -0.0002475752   0.0000764275   0.0000268076
        0.0000020334   0.0005091582  -0.0004415651   0.0002548753   0.0043946891
        0.0058523132   0.0082617246  -0.0489079852  -0.0723942764  -0.0638182055
       -0.0000702056  -0.0019854563   0.0002497036   0.0035042878   0.0007314547
        0.0001343995  -0.0003158331  -0.0004694295  -0.0001607779  -0.0014992420
       -0.0014992915   0.0007724398  -0.0004345484  -0.0006429906   0.0000656223
        0.0000781129  -0.0000294374  -0.0004704897   0.0000000244   0.0000018607
        0.0000010613   0.0000009396  -0.0000015284  -0.0000019248  -0.0000012397
       -0.0000012146   0.0000025697  -0.0000018115   0.0000187198   0.0000081937
        0.0000283466   0.0000073982   0.0000126750  -0.0000021275  -0.0000109868
       -0.0000130673   0.0001558655   0.0000324042  -0.0001471793   0.0576099079
        0.0821490767   0.0737224043  -0.0188173137  -0.0150624836  -0.0239011620
        0.0034785672   0.0034304486   0.0053345425   0.0000164041  -0.0000655340
        0.0000007328  -0.0000781550   0.0000261915   0.0000701764   0.0000617758
        0.0001619172  -0.0001142627  -0.0000286629   0.0000451562  -0.0000128152
        0.0001567307  -0.0000137049  -0.0000151360
        0.0000196864  -0.0000081432  -0.0000060480  -0.0000266584   0.0000342452
        0.0000045998   0.0001036552  -0.0000136473   0.0000173430  -0.0000369865
        0.0000020793  -0.0000017708   0.0000559438   0.0000406996   0.0000024679
        0.0002796819   0.0001076614  -0.0001441039   0.0000640368  -0.0000060044
        0.0000290856   0.0011465758   0.0003846095  -0.0002962241  -0.0017715033
        0.0003017101   0.0020032778  -0.1057085095  -0.0640840203  -0.1702261190
        0.0005292128   0.0006642307   0.0006365229  -0.0023184664   0.0004558166
        0.0003039072   0.0004640379  -0.0004502556  -0.0000771649   0.0014643221
       -0.0000770919  -0.0002302279   0.0001551353   0.0002008525  -0.0000711057
        0.0000631470  -0.0000941047  -0.0000163201  -0.0000030102   0.0000069532
        0.0000004300  -0.0000044400  -0.0000049052  -0.0000024390  -0.0000016646
       -0.0000060251   0.0000051597   0.0000233191   0.0000028903   0.0000045370
        0.0000175586   0.0000115662  -0.0000143099   0.0000000815  -0.0000069528
        0.0000113609  -0.0000307539   0.0001338022  -0.0001023364   0.1211803875
        0.0737224043   0.1960082766  -0.0000050793  -0.0012845420   0.0005148404
       -0.0157286072  -0.0097265672  -0.0283560240  -0.0000616214  -0.0001737318
       -0.0000217019   0.0001318064   0.0000781627  -0.0000248754  -0.0000360604
       -0.0001521607   0.0000452927   0.0000264818  -0.0000350091  -0.0000204753
        0.0000082912  -0.0000245227   0.0000241449
       -0.0000107563  -0.0000041009   0.0000003368  -0.0000116606  -0.0001144356
       -0.0000021489   0.0000047117   0.0000950533   0.0000060186  -0.0000085491
       -0.0000297993  -0.0000028362   0.0003360331   0.0000328000   0.0000120950
       -0.0001890828   0.0006723894   0.0000108003   0.0001946051  -0.0000641035
        0.0000026977   0.0002415858   0.0031004262  -0.0001539567  -0.0013696249
        0.0273770385  -0.0014908723  -0.0434026447  -0.0133283987   0.0005017650
       -0.0050479579   0.0015034780   0.0005348988  -0.0006278483  -0.0001187500
        0.0000404227   0.0002066393  -0.0002159707  -0.0000302496   0.0000879487
       -0.0008427260   0.0001035375   0.0001245903  -0.0001046031  -0.0000117960
       -0.0003679735   0.0011122990   0.0001019667   0.0000021160  -0.0000084970
        0.0000005039   0.0000009939   0.0000020365   0.0000007129   0.0000011843
        0.0000020525   0.0000008890   0.0000897880   0.0000250776  -0.0000003474
       -0.0000354770  -0.0000314607  -0.0000710057  -0.0000327252  -0.0000352057
        0.0000706019  -0.0019132509  -0.0012049092   0.0001381688  -0.0014010398
       -0.0188173137  -0.0000050793   0.0538860811   0.0140993798  -0.0015040195
       -0.0004083120  -0.0130789634   0.0017078420  -0.0000432400  -0.0000398702
       -0.0000034487   0.0000617927   0.0000005279  -0.0000088089  -0.0000407252
       -0.0000482123   0.0000204309  -0.0001661505   0.0000351340   0.0000427197
       -0.0001610512   0.0000296272  -0.0000118389
       -0.0000382539   0.0000174465   0.0000007351   0.0000362078  -0.0000099477
       -0.0000050479  -0.0002191559  -0.0000093590   0.0000007487   0.0001579406
        0.0000926478   0.0000056125  -0.0003420696   0.0001981883  -0.0000016201
        0.0000378242  -0.0000780548   0.0000111955  -0.0001591766   0.0000273901
        0.0000010841  -0.0022555109   0.0022723657   0.0000605486   0.0037473546
       -0.0192114788   0.0005596882  -0.0126691098  -0.2813241133   0.0148205213
        0.0029245575   0.0002785411  -0.0002488498  -0.0010233844   0.0001565899
        0.0001053364   0.0001265538   0.0000117831  -0.0000243428   0.0001547845
       -0.0013290939   0.0000567485   0.0002541759   0.0000005331  -0.0000265375
       -0.0001446584  -0.0005334925   0.0000265421  -0.0000005822  -0.0000044698
       -0.0000020358   0.0000078408   0.0000033918   0.0000085369   0.0000088817
        0.0000069021  -0.0000118231  -0.0000616139  -0.0000267705   0.0000029973
        0.0000270461   0.0000483549   0.0000463358   0.0000239369   0.0000545295
       -0.0000403958   0.0010379460   0.0005890107  -0.0000202430  -0.0033472887
       -0.0150624836  -0.0012845420   0.0140993798   0.3257920815  -0.0173149563
       -0.0024797657  -0.0118411774   0.0032979840  -0.0000301497  -0.0000426373
       -0.0000039860   0.0000383296   0.0000123807  -0.0000073655  -0.0000314610
       -0.0000481751   0.0000102634   0.0000724456  -0.0000168522  -0.0000516531
        0.0000469754  -0.0000240310   0.0000285204
        0.0000079859  -0.0000000534   0.0000026943  -0.0000009537  -0.0000030692
        0.0000065059   0.0000087636   0.0000084104  -0.0000007750  -0.0000100391
       -0.0000065787  -0.0000156558   0.0000117101   0.0000001882  -0.0000332085
       -0.0000112335  -0.0000262458   0.0001839747  -0.0000114241  -0.0000171516
        0.0000157158  -0.0000685190  -0.0003865284  -0.0005441262   0.0002064750
       -0.0020732440  -0.0000056512   0.0003649891   0.0149251731  -0.0440967134
        0.0004845021  -0.0000716884   0.0007639034   0.0000233633  -0.0000280264
       -0.0001326442  -0.0000357056   0.0000200073  -0.0001271147   0.0000938204
        0.0001145304   0.0007008219  -0.0000340654  -0.0000106233  -0.0000617748
        0.0001043751  -0.0001045833   0.0004193874  -0.0000002613   0.0000009329
       -0.0000013672  -0.0000015314  -0.0000000692  -0.0000021784   0.0000015675
       -0.0000022956   0.0000008756  -0.0000005943  -0.0000029723  -0.0000160420
       -0.0000386840  -0.0000166216  -0.0000209716   0.0000268644   0.0000244794
       -0.0000042266   0.0000761073   0.0000862713   0.0006536373  -0.0032372678
       -0.0239011620   0.0005148404  -0.0015040195  -0.0173149563   0.0454398394
        0.0035179525   0.0287834640  -0.0036792029  -0.0000022581   0.0000349913
        0.0000165312  -0.0000075760  -0.0000006429  -0.0000248925   0.0000158133
       -0.0000185587   0.0000173677   0.0001116343  -0.0000456156   0.0000013359
       -0.0000917911   0.0000322385   0.0000291142
       -0.0000160692   0.0000114513   0.0000072432   0.0000066363  -0.0000733690
       -0.0000287189  -0.0001037183   0.0000615008   0.0001701227   0.0000299677
        0.0000314126  -0.0000374064   0.0002348840  -0.0001226883  -0.0000143394
       -0.0011635910  -0.0003271832  -0.0004458449  -0.0002668402   0.0000057149
       -0.0000426101  -0.0030068410   0.0015215217  -0.0000659330  -0.0191437701
       -0.0030009584   0.0248896175  -0.0784482660  -0.0272863526   0.0903103150
        0.0001909747  -0.0010237281   0.0003439128  -0.0002934612   0.0003132975
        0.0009427102  -0.0001390592  -0.0000773354  -0.0000508839   0.0004632363
       -0.0002074558  -0.0005961047   0.0000859364  -0.0002003262  -0.0000010194
       -0.0003847624   0.0000753353  -0.0013778511   0.0000022166   0.0000011516
       -0.0000001028  -0.0000009781  -0.0000037493  -0.0000013986   0.0000026940
       -0.0000020272  -0.0000044794  -0.0000000998  -0.0000494716   0.0000027240
        0.0000009752  -0.0000141908   0.0000012062   0.0000288068   0.0000509926
       -0.0000206499  -0.0001540243   0.0001845347   0.0004411688   0.0073001125
        0.0034785672  -0.0157286072  -0.0004083120  -0.0024797657   0.0035179525
        0.0954481429   0.0293853098  -0.1021278530  -0.0000789079  -0.0000250309
        0.0000072252  -0.0001461449  -0.0001145767  -0.0000349436  -0.0000282649
       -0.0000203258   0.0000163001  -0.0002281745   0.0000374356  -0.0000086479
        0.0002167016  -0.0001296908  -0.0000631041
       -0.0000010408  -0.0000008635  -0.0000008695   0.0000305102   0.0000044085
        0.0000035784  -0.0000574835  -0.0000071665  -0.0000295676   0.0000287244
       -0.0000018900  -0.0000026772  -0.0001716564  -0.0000137196  -0.0000153160
        0.0002680458   0.0001835828   0.0001842160   0.0000707752   0.0000152048
        0.0000167614   0.0001253377  -0.0006569855  -0.0004648341   0.0033867224
        0.0049669086  -0.0096538856  -0.0245920812  -0.0581405140   0.0561208734
       -0.0001185377  -0.0021646360   0.0001045146   0.0034696848   0.0007204227
       -0.0009561068  -0.0002723653  -0.0004426354   0.0002356771  -0.0016670871
       -0.0010660267  -0.0002053195  -0.0004098588  -0.0005979605   0.0000757342
        0.0001789938  -0.0000587795   0.0005349690   0.0000002791   0.0000004894
        0.0000000894  -0.0000017490  -0.0000002505   0.0000003529   0.0000001653
       -0.0000005838   0.0000012905  -0.0000024987   0.0000218070  -0.0000111815
       -0.0000087667  -0.0000135916   0.0000118609   0.0000207969   0.0000020432
       -0.0000128245   0.0001489223   0.0000050388   0.0001554414   0.0031489768
        0.0034304486  -0.0097265672  -0.0130789634  -0.0118411774   0.0287834640
        0.0293853098   0.0655033177  -0.0651972128   0.0000844070   0.0001731308
        0.0000908695  -0.0001008273   0.0000127719  -0.0000470836   0.0000218285
       -0.0000458461  -0.0000072482   0.0001389423  -0.0000258643  -0.0000067035
       -0.0000255064   0.0000389162   0.0000177048
       -0.0000102019   0.0000084458  -0.0000103636   0.0000211504  -0.0000146276
        0.0000109065  -0.0000798916  -0.0000028138  -0.0000327640   0.0000310106
       -0.0000027069   0.0000074294  -0.0000901369  -0.0000231512   0.0000042158
       -0.0000736761  -0.0000841964  -0.0000877620  -0.0000267035   0.0000003235
        0.0000257945  -0.0006053448  -0.0006594331  -0.0000196534   0.0063299814
       -0.0002529700  -0.0025750277   0.0877025848   0.0572775880  -0.2257525626
       -0.0003913660  -0.0001057426   0.0007185758   0.0020582083  -0.0005556329
       -0.0003232658  -0.0004176856   0.0004744801  -0.0000045216  -0.0013840444
        0.0003229812   0.0002602357  -0.0001388930  -0.0000994517  -0.0000475546
        0.0000124100   0.0000765187   0.0002625446   0.0000026960  -0.0000071895
       -0.0000024183   0.0000014692   0.0000043575   0.0000052439   0.0000029603
        0.0000029110  -0.0000064962  -0.0000238656   0.0000016999   0.0000026025
        0.0000031961   0.0000186754   0.0000074499  -0.0000198165  -0.0000101647
       -0.0000079309   0.0000391007  -0.0001624236  -0.0002207798   0.0074944902
        0.0053345425  -0.0283560240   0.0017078420   0.0032979840  -0.0036792029
       -0.1021278530  -0.0651972128   0.2597815839   0.0000540332   0.0001461631
        0.0000213331  -0.0000945868  -0.0000550975   0.0000236769   0.0000621783
        0.0001827152  -0.0000429646   0.0000327248   0.0000177509   0.0000342419
       -0.0000719706   0.0000656775   0.0000034574
       -0.0000096082   0.0000024671   0.0000009950   0.0000054224   0.0000314678
        0.0000006357   0.0000367293  -0.0000370503   0.0000245583  -0.0000041115
        0.0000050381  -0.0000117266  -0.0000173631   0.0000286742   0.0000096441
        0.0000687688  -0.0000124685  -0.0000170064  -0.0000180702  -0.0000118731
        0.0000070919  -0.0001220721  -0.0000270399  -0.0000710930   0.0001665151
        0.0001644127   0.0000036132  -0.0000157770  -0.0001479166   0.0001526368
        0.0001029756  -0.0000107008   0.0007377584   0.0017253450  -0.0034556700
       -0.0013303113   0.0004537413   0.0013501863   0.0001711079  -0.0076614297
       -0.0217519381  -0.0180672394  -0.0419504183   0.0098715762   0.0102681822
        0.0000379002   0.0000274379   0.0000349028  -0.0000012316   0.0000056487
       -0.0000002391  -0.0000000809   0.0000018810  -0.0000006098   0.0000004121
       -0.0000011253   0.0000011032   0.0000011215   0.0000029185   0.0000002012
        0.0000007041   0.0000039983   0.0000026067   0.0000002917   0.0000048384
       -0.0000046640   0.0000067161   0.0000128509  -0.0000178184  -0.0000500546
        0.0000164041  -0.0000616214  -0.0000432400  -0.0000301497  -0.0000022581
       -0.0000789079   0.0000844070   0.0000540332   0.0485482186   0.0005580550
       -0.0068277684  -0.0025935202   0.0163573517   0.0228568465   0.0014434725
       -0.0030272866  -0.0079096954   0.0000078228  -0.0000048456  -0.0000152291
       -0.0000402718  -0.0000115494   0.0000113632
        0.0000188340  -0.0000031696  -0.0000049808  -0.0000248063   0.0000741234
        0.0000061965   0.0001791372  -0.0000470892   0.0000086617  -0.0000975565
       -0.0000505029  -0.0000057199  -0.0000760605   0.0000619780   0.0000048301
        0.0001640137  -0.0000500079  -0.0000294264  -0.0000260128  -0.0000210378
        0.0000124916  -0.0003292002  -0.0002075077   0.0000289255   0.0001779521
        0.0005777661  -0.0000547773   0.0000055235  -0.0001809915   0.0001241366
        0.0000438330  -0.0006531828   0.0004094819   0.0014921484   0.0006239655
       -0.0003283584  -0.0001426972   0.0002714487  -0.0001672523  -0.0144937546
       -0.0293101559  -0.0186222877   0.0085660743  -0.1138277074  -0.1056347417
        0.0001086116   0.0000432963   0.0000067856  -0.0000006926   0.0000048083
       -0.0000038588  -0.0000040835  -0.0000017191  -0.0000056927  -0.0000044804
       -0.0000025378   0.0000011335  -0.0000040922   0.0000087059   0.0000006589
        0.0000043082   0.0000017741  -0.0000019871   0.0000012027  -0.0000034624
        0.0000060693   0.0000011622   0.0000147959  -0.0000245793  -0.0000698508
       -0.0000655340  -0.0001737318  -0.0000398702  -0.0000426373   0.0000349913
       -0.0000250309   0.0001731308   0.0001461631   0.0005580550   0.1429607998
        0.1263517310   0.0039410312  -0.0091519536  -0.0141721442   0.0000885344
        0.0087764668   0.0120682311   0.0000172130   0.0000022171   0.0000037353
       -0.0000294456   0.0000239202   0.0000153153
        0.0000163640  -0.0000068493  -0.0000081702  -0.0000208196   0.0000933069
        0.0000039234   0.0001873622  -0.0000719629   0.0000016188  -0.0000896392
       -0.0000323541  -0.0000039278  -0.0000961879   0.0000867783   0.0000032589
        0.0001649069  -0.0000709383  -0.0000233650  -0.0000212490   0.0000019675
       -0.0000024705  -0.0001780830  -0.0000044481   0.0000416443   0.0001801886
        0.0001813042  -0.0000513040  -0.0000581571   0.0000487491  -0.0000183445
        0.0000428111  -0.0001036980  -0.0000821797   0.0016295319  -0.0015580757
        0.0006670170   0.0002466321   0.0013653067  -0.0003903229  -0.0056279482
       -0.0032177404   0.0056337422   0.0077702720  -0.1067915617  -0.1962707485
        0.0000667581  -0.0000051661  -0.0000272081  -0.0000022873   0.0000066995
        0.0000044890  -0.0000069824  -0.0000011810   0.0000079188  -0.0000017564
       -0.0000014450   0.0000020589  -0.0000042362   0.0000010349  -0.0000030124
        0.0000067560   0.0000029409  -0.0000003750   0.0000026802  -0.0000070749
       -0.0000043706   0.0000063435   0.0000135659  -0.0000078188  -0.0000115870
        0.0000007328  -0.0000217019  -0.0000034487  -0.0000039860   0.0000165312
        0.0000072252   0.0000908695   0.0000213331  -0.0068277684   0.1263517310
        0.2225794146   0.0014783281  -0.0027372664  -0.0036346893   0.0011759637
       -0.0136524185  -0.0284547068  -0.0000180286   0.0000035890  -0.0000294651
       -0.0000139444   0.0000175898   0.0000512309
        0.0000223876  -0.0000070698  -0.0000006570  -0.0000347189   0.0000558705
        0.0000036258   0.0002009779  -0.0000428117   0.0000045582  -0.0001445722
       -0.0000608698  -0.0000068122  -0.0001328284   0.0001062408   0.0000163441
        0.0001353459   0.0000179647  -0.0000018798  -0.0000217869  -0.0000482367
       -0.0000020834  -0.0001157540  -0.0001342837   0.0000086412  -0.0000356943
        0.0003984388  -0.0000059845   0.0001508730   0.0000301231  -0.0000231116
       -0.0009765494   0.0003143472   0.0001299528  -0.0039164272  -0.0032322131
        0.0005662074   0.0012802733  -0.0010422213  -0.0001077780  -0.0302468251
        0.0028673764   0.0034439339  -0.2271331989   0.1002164604   0.0180644999
       -0.0002262574  -0.0003417589   0.0000155623   0.0000018138   0.0000089028
        0.0000008748  -0.0000065981  -0.0000017244  -0.0000049810  -0.0000061957
       -0.0000034987   0.0000064582   0.0000032025   0.0000115850   0.0000000718
       -0.0000023013  -0.0000062924  -0.0000101472  -0.0000014001  -0.0000077919
        0.0000077132  -0.0000221550   0.0000007271  -0.0000020428  -0.0001178179
       -0.0000781550   0.0001318064   0.0000617927   0.0000383296  -0.0000075760
       -0.0001461449  -0.0001008273  -0.0000945868  -0.0025935202   0.0039410312
        0.0014783281   0.2719451190  -0.1098244625  -0.0227443285  -0.0080390271
        0.0069619934  -0.0008642947   0.0000722024  -0.0000272468   0.0000280827
        0.0000457849  -0.0000099269  -0.0000303972
       -0.0000030908  -0.0000025209  -0.0000007410  -0.0000140057   0.0000513281
       -0.0000011955   0.0000692780  -0.0000539918   0.0000026412  -0.0000532182
       -0.0000188852  -0.0000036837  -0.0001172486   0.0000783743   0.0000098830
        0.0000831420  -0.0000284846  -0.0000030667  -0.0000025556  -0.0000025791
        0.0000010227  -0.0000744259  -0.0000312908   0.0000040882   0.0000746545
        0.0002465332  -0.0000139937   0.0001110650  -0.0000167366  -0.0000110633
       -0.0011240317   0.0004411465   0.0001273560  -0.0025838549  -0.0052997024
        0.0004304859   0.0012909111   0.0014940966  -0.0001875334  -0.0254302416
        0.0082108165   0.0026868664   0.1061994500  -0.0938313116  -0.0106354458
       -0.0001984828  -0.0002716326   0.0000237475  -0.0000041625  -0.0000013491
       -0.0000004974   0.0000018886   0.0000008423   0.0000014899   0.0000025469
        0.0000029786  -0.0000031547   0.0000058622   0.0000004683  -0.0000004968
       -0.0000006124   0.0000026221   0.0000033042  -0.0000015090   0.0000044947
       -0.0000008727  -0.0000061742  -0.0000032711  -0.0000013634  -0.0001018130
        0.0000261915   0.0000781627   0.0000005279   0.0000123807  -0.0000006429
       -0.0001145767   0.0000127719  -0.0000550975   0.0163573517  -0.0091519536
       -0.0027372664  -0.1098244625   0.1065431124   0.0107275215   0.0154424429
       -0.0083889800  -0.0004438544   0.0000098394  -0.0000152969  -0.0000077502
        0.0000055061  -0.0000101716   0.0000111500
        0.0000035955   0.0000030948  -0.0000068705   0.0000040441  -0.0000049950
       -0.0000011804  -0.0000122803   0.0000084602   0.0000204786   0.0000107140
        0.0000030897  -0.0000113713   0.0000135205  -0.0000162388  -0.0000068005
       -0.0000121147   0.0000024526   0.0000044662   0.0000003719   0.0000099785
        0.0000035427   0.0000474691   0.0000523781  -0.0000325856  -0.0000155040
       -0.0001195127  -0.0000066242  -0.0000342406   0.0000067897   0.0000458567
        0.0001725378  -0.0000312768   0.0001527427   0.0005682910   0.0005063483
        0.0005167797  -0.0001694118   0.0000982786   0.0001033168   0.0041384195
       -0.0005276131   0.0002176524   0.0179208347  -0.0099542646  -0.0451740983
        0.0000119025   0.0000491343  -0.0000214840   0.0000003129  -0.0000005353
        0.0000001430  -0.0000052004  -0.0000014136   0.0000080094   0.0000009193
       -0.0000002113  -0.0000023870  -0.0000009515  -0.0000028847  -0.0000006557
        0.0000011902   0.0000003067   0.0000022400   0.0000006537  -0.0000001906
       -0.0000043341   0.0000016312  -0.0000009669   0.0000106791   0.0000780762
        0.0000701764  -0.0000248754  -0.0000088089  -0.0000073655  -0.0000248925
       -0.0000349436  -0.0000470836   0.0000236769   0.0228568465  -0.0141721442
       -0.0036346893  -0.0227443285   0.0107275215   0.0467975720  -0.0227813384
        0.0133420932   0.0010507627  -0.0000009004   0.0000107428  -0.0000079688
       -0.0000113072  -0.0000041487   0.0000028988
       -0.0000107817   0.0000041778  -0.0000025219   0.0000107969   0.0000081250
       -0.0000011533  -0.0000070566  -0.0000150184  -0.0000245873   0.0000127632
        0.0000093243   0.0000106611  -0.0000002406   0.0000165190  -0.0000132358
        0.0000401020  -0.0000044776   0.0000079916  -0.0000105284  -0.0000120741
       -0.0000067060  -0.0000633252  -0.0000092747   0.0000973449   0.0001281082
        0.0001034232  -0.0000335809  -0.0000380631  -0.0001773423  -0.0001381248
       -0.0000710383   0.0000020774  -0.0007443445   0.0016489652  -0.0029512050
        0.0012330826   0.0002920194   0.0010097228  -0.0003132970  -0.0017231875
       -0.0193450071   0.0206642757  -0.0538562027   0.0314515331  -0.0448732675
       -0.0000009154   0.0000176021  -0.0000445408  -0.0000011415   0.0000037104
        0.0000013444  -0.0000010830  -0.0000015196   0.0000003949  -0.0000000609
        0.0000009159  -0.0000015330   0.0000022896   0.0000019583  -0.0000011485
       -0.0000002605   0.0000056814   0.0000036514  -0.0000008770   0.0000044652
       -0.0000053286   0.0000046682   0.0000090538   0.0000116486  -0.0000902503
        0.0000617758  -0.0000360604  -0.0000407252  -0.0000314610   0.0000158133
       -0.0000282649   0.0000218285   0.0000621783   0.0014434725   0.0000885344
        0.0011759637  -0.0080390271   0.0154424429  -0.0227813384   0.0604211378
       -0.0256903064   0.0457262425  -0.0000446129  -0.0000240905   0.0000134945
        0.0000233199  -0.0000010943  -0.0000033190
        0.0000187694  -0.0000026882   0.0000005069  -0.0000223257   0.0000704331
       -0.0000069770   0.0001660384  -0.0000419708  -0.0000055158  -0.0000944362
       -0.0000517903  -0.0000007194  -0.0000769179   0.0000682570  -0.0000122138
        0.0001731473  -0.0000590166   0.0000151566  -0.0000249280  -0.0000157111
       -0.0000052116  -0.0003279669  -0.0001965730   0.0000447915   0.0001818372
        0.0005617442   0.0000056317  -0.0000167117  -0.0002057568  -0.0001058459
       -0.0000491351  -0.0006507319  -0.0003766063   0.0014770103   0.0007246951
       -0.0000190595  -0.0001465789   0.0002264811   0.0001830057  -0.0095222012
       -0.0279068140   0.0228440968   0.0300573659  -0.1035849787   0.0966567587
        0.0000949319   0.0000297541  -0.0000462504   0.0000000683   0.0000043566
       -0.0000012225  -0.0000052041  -0.0000035479  -0.0000031421  -0.0000049929
        0.0000003889   0.0000005942  -0.0000044605   0.0000091138   0.0000013080
        0.0000023527  -0.0000064305   0.0000027435   0.0000028978  -0.0000010787
        0.0000029711   0.0000034714   0.0000147650   0.0000194047  -0.0000578944
        0.0001619172  -0.0001521607  -0.0000482123  -0.0000481751  -0.0000185587
       -0.0000203258  -0.0000458461   0.0001827152  -0.0030272866   0.0087764668
       -0.0136524185   0.0069619934  -0.0083889800   0.0133420932  -0.0256903064
        0.1305312845  -0.1188953315  -0.0000213147   0.0000273950   0.0000054332
        0.0000213151   0.0000030374  -0.0000059774
       -0.0000036863   0.0000092409  -0.0000095575   0.0000242229  -0.0000937822
       -0.0000024560  -0.0001894630   0.0000812963   0.0000077833   0.0000830790
        0.0000245683  -0.0000019872   0.0000985182  -0.0000925958   0.0000175912
       -0.0001768077   0.0000672640  -0.0000216493   0.0000210770   0.0000145767
        0.0000010943   0.0001849982  -0.0000111009   0.0000061921  -0.0002150786
       -0.0001843506  -0.0000046264   0.0000697645  -0.0000007849   0.0000128660
       -0.0000471440   0.0001188705   0.0001198967  -0.0019201839   0.0022742483
        0.0006710200  -0.0003538312  -0.0016471239  -0.0002300417   0.0077827066
        0.0093936556  -0.0016678269  -0.0423269264   0.0974881868  -0.1949379595
       -0.0000711545  -0.0000051287   0.0000025991   0.0000039169  -0.0000073661
       -0.0000007282  -0.0000042200  -0.0000008362   0.0000097689   0.0000007481
        0.0000006445  -0.0000033723   0.0000049774  -0.0000034348   0.0000005120
       -0.0000007870  -0.0000013195   0.0000091232  -0.0000043748  -0.0000043806
       -0.0000041144  -0.0000111138  -0.0000172060  -0.0000035395   0.0000221080
       -0.0001142627   0.0000452927   0.0000204309   0.0000102634   0.0000173677
        0.0000163001  -0.0000072482  -0.0000429646  -0.0079096954   0.0120682311
       -0.0284547068  -0.0008642947  -0.0004438544   0.0010507627   0.0457262425
       -0.1188953315   0.2234134821   0.0000406434  -0.0000181302   0.0000358163
       -0.0000009725  -0.0000028091  -0.0000356382
       -0.0006990015   0.0001754400  -0.0000380365  -0.0019272427   0.0005788369
        0.0003773891   0.0004784155  -0.0018480743   0.0008439604   0.0001523344
        0.0003737779  -0.0003761761   0.0031390113  -0.0137996388   0.0130786576
       -0.0027547320  -0.0014814069   0.0007896721   0.0000591717  -0.0007236332
       -0.0011261924   0.0015703982   0.0005027596  -0.0001159613  -0.0048355437
       -0.0006419630  -0.0013436806  -0.0002870592   0.0009330710   0.0013940679
       -0.0115573377   0.0208664219  -0.0182654636  -0.0019905783   0.0030439879
       -0.0008805701   0.0006679758  -0.0014634719   0.0004052924   0.0008817094
       -0.0000719543   0.0002660780   0.0000409997  -0.0000202011   0.0000029225
       -0.0491358605   0.0272272699  -0.0310037731   0.0000309961   0.0000439813
        0.0000277333   0.0000136828  -0.0000288548   0.0000036773   0.0002143194
       -0.0000267786  -0.0000840669   0.0001241753  -0.0000597250   0.0000207708
       -0.0001679006  -0.0003307539  -0.0000410603   0.0000170455   0.0001129656
       -0.0000207087  -0.0001185304  -0.0001156888  -0.0000128243   0.0002354371
       -0.0000286629   0.0000264818  -0.0001661505   0.0000724456   0.0001116343
       -0.0002281745   0.0001389423   0.0000327248   0.0000078228   0.0000172130
       -0.0000180286   0.0000722024   0.0000098394  -0.0000009004  -0.0000446129
       -0.0000213147   0.0000406434   0.0640394521  -0.0327854303   0.0353577018
        0.0021675748  -0.0006493997   0.0005480357
        0.0002208521   0.0000988031   0.0002077650   0.0003327142   0.0014025533
       -0.0005435339   0.0008556550  -0.0013674677   0.0002789239   0.0003122005
        0.0000060917  -0.0003752070  -0.0026531311  -0.0230155137   0.0158114734
       -0.0038924446  -0.0012929976   0.0022668861   0.0001283614  -0.0007327179
       -0.0012790526   0.0005666088  -0.0002106133  -0.0001063454   0.0020692022
        0.0004831042   0.0014988316   0.0000193693  -0.0003758509  -0.0004787227
        0.0111396598  -0.0104153525   0.0071093169  -0.0010481903  -0.0003037665
       -0.0001362366  -0.0010045844   0.0002546441  -0.0000871548   0.0003476891
       -0.0003256419  -0.0000848728  -0.0001444489  -0.0000579881   0.0000421339
        0.0272545030  -0.1372097252   0.1077414154   0.0001046948  -0.0000547072
       -0.0000176576   0.0000830564  -0.0000590272   0.0000112680   0.0000661201
       -0.0000389070  -0.0000366921   0.0001259858   0.0000155507   0.0000316861
       -0.0001281383  -0.0003393833  -0.0000085893   0.0000812274   0.0002095124
       -0.0000736209  -0.0001005122   0.0002549011  -0.0000556605  -0.0001426468
        0.0000451562  -0.0000350091   0.0000351340  -0.0000168522  -0.0000456156
        0.0000374356  -0.0000258643   0.0000177509  -0.0000048456   0.0000022171
        0.0000035890  -0.0000272468  -0.0000152969   0.0000107428  -0.0000240905
        0.0000273950  -0.0000181302  -0.0327854303   0.1649405516  -0.1230706314
       -0.0018247595   0.0081171926  -0.0085790506
        0.0001199887  -0.0001134913  -0.0000602965   0.0002829067  -0.0019921192
       -0.0001048340  -0.0007515730   0.0024974374   0.0006608822  -0.0001140164
       -0.0003936018  -0.0000347261   0.0027450550   0.0018300962   0.0030162710
        0.0004236997  -0.0003395569  -0.0005262659  -0.0000515980  -0.0002700022
        0.0001035659  -0.0001428909  -0.0000567305   0.0000164716   0.0000948588
       -0.0003143458  -0.0004413011   0.0002215004  -0.0002301126  -0.0000297938
       -0.0024522217  -0.0009719967   0.0046286667  -0.0005574790   0.0023313921
        0.0008358070   0.0011198220  -0.0017681334  -0.0004297619   0.0002188196
       -0.0002261527  -0.0000584652   0.0000956073   0.0001107123  -0.0000392094
       -0.0306856401   0.1055896160  -0.1597110277   0.0000203190  -0.0000357038
       -0.0000032090  -0.0001877762   0.0000287938  -0.0000321624  -0.0001536067
        0.0000061233   0.0000327340  -0.0000127993   0.0000332772  -0.0000115174
       -0.0000056769   0.0000067229   0.0000120037  -0.0000236258  -0.0000706137
        0.0000047494   0.0000481178  -0.0001485764   0.0000433211   0.0000194207
       -0.0000128152  -0.0000204753   0.0000427197  -0.0000516531   0.0000013359
       -0.0000086479  -0.0000067035   0.0000342419  -0.0000152291   0.0000037353
       -0.0000294651   0.0000280827  -0.0000077502  -0.0000079688   0.0000134945
        0.0000054332   0.0000358163   0.0353577018  -0.1230706314   0.1843879376
       -0.0056893335   0.0176373507  -0.0322733247
       -0.0004759818   0.0001802041  -0.0000439850  -0.0004976938   0.0004103960
        0.0000087129  -0.0001180447  -0.0015379783  -0.0008361006   0.0000583294
        0.0003244762   0.0004995740   0.0009604107  -0.0129587917  -0.0162508937
       -0.0034808718   0.0002178740  -0.0010634720   0.0000640388  -0.0006351542
        0.0012392779   0.0033077632   0.0010974036  -0.0002376046  -0.0039685648
       -0.0026726073   0.0022867499  -0.0005506730   0.0006725958  -0.0014462206
       -0.0095179069   0.0177742545   0.0244971699  -0.0013672043   0.0018724834
        0.0011868275   0.0007733495  -0.0005207057  -0.0005830070   0.0003822693
       -0.0000593890  -0.0005497241  -0.0000439751  -0.0000483687  -0.0000310383
       -0.0424246835   0.0077190097   0.0151662863   0.0000394671   0.0000290241
       -0.0000253700   0.0001811243  -0.0000245862   0.0000782920   0.0000235860
       -0.0000349868  -0.0000060739   0.0001165220  -0.0000690050  -0.0000212072
        0.0000310270   0.0001517100   0.0000149363  -0.0001793487  -0.0003302178
        0.0000460375  -0.0001126895  -0.0000968064   0.0000511080  -0.0002338332
        0.0001567307   0.0000082912  -0.0001610512   0.0000469754  -0.0000917911
        0.0002167016  -0.0000255064  -0.0000719706  -0.0000402718  -0.0000294456
       -0.0000139444   0.0000457849   0.0000055061  -0.0000113072   0.0000233199
        0.0000213151  -0.0000009725   0.0021675748  -0.0018247595  -0.0056893335
        0.0547815257  -0.0098116500  -0.0181092470
        0.0002022222   0.0000317026  -0.0001099094  -0.0000084990   0.0008964948
        0.0002595658   0.0007995670  -0.0009963272  -0.0006046793  -0.0000899644
       -0.0001811300   0.0005116227  -0.0060659336  -0.0199290895  -0.0204165188
       -0.0043080209   0.0003167408  -0.0023701410   0.0000655992  -0.0006496126
        0.0013707887   0.0012115460  -0.0008500709   0.0005841949   0.0015587043
        0.0010340435  -0.0017523635   0.0001330782  -0.0002654287   0.0005106763
        0.0099927701  -0.0074769126  -0.0109060997  -0.0009915905  -0.0003717254
        0.0000640642  -0.0000396560   0.0005304033  -0.0002094687   0.0004993663
       -0.0002824612   0.0001050471  -0.0001299491  -0.0000543707   0.0000398134
        0.0076078004  -0.0899651867  -0.0911146519   0.0000818155  -0.0000379372
        0.0000210652   0.0000201550  -0.0000297870   0.0000187371   0.0000327331
       -0.0000334199  -0.0000056363   0.0001168587   0.0000247505  -0.0000373848
        0.0000993771   0.0002506040   0.0000631705  -0.0001328025  -0.0003503778
        0.0000264433  -0.0001066055   0.0002732525  -0.0000487586   0.0000351124
       -0.0000137049  -0.0000245227   0.0000296272  -0.0000240310   0.0000322385
       -0.0001296908   0.0000389162   0.0000656775  -0.0000115494   0.0000239202
        0.0000175898  -0.0000099269  -0.0000101716  -0.0000041487  -0.0000010943
        0.0000030374  -0.0000028091  -0.0006493997   0.0081171926   0.0176373507
       -0.0098116500   0.1099806863   0.1062790468
        0.0000237059   0.0000857143  -0.0001649582  -0.0000242320   0.0019798452
        0.0003601367   0.0011036128  -0.0025383112   0.0000685945  -0.0001863461
        0.0001400043   0.0001219430  -0.0046492931  -0.0059164190   0.0009994735
       -0.0010262860   0.0007654523  -0.0008794032   0.0000488527   0.0002138399
        0.0001619606   0.0000370216  -0.0007088246   0.0003035323   0.0007004330
        0.0013284411  -0.0010972738  -0.0000845881   0.0000766731   0.0002088338
        0.0077420423  -0.0042487422  -0.0011436035   0.0007111228  -0.0028257519
        0.0001405294  -0.0014338081   0.0016927451   0.0003180733   0.0000711990
        0.0001383940   0.0000881725  -0.0001711045  -0.0001578642  -0.0000234111
        0.0144583124  -0.0880731518  -0.2052118882  -0.0000086954   0.0000300296
       -0.0000243988   0.0001411738   0.0000029694   0.0000553398   0.0001541567
       -0.0000538115  -0.0000108652   0.0000231102  -0.0000128445  -0.0000218412
        0.0000301551   0.0000743277   0.0000157245   0.0000194999  -0.0000212097
        0.0000087571  -0.0000654715   0.0002769214   0.0000099345   0.0000439337
       -0.0000151360   0.0000241449  -0.0000118389   0.0000285204   0.0000291142
       -0.0000631041   0.0000177048   0.0000034574   0.0000113632   0.0000153153
        0.0000512309  -0.0000303972   0.0000111500   0.0000028988  -0.0000033190
       -0.0000059774  -0.0000356382   0.0005480357  -0.0085790506  -0.0322733247
       -0.0181092470   0.1062790468   0.2379147544
