31
 energy: -50.430038826083 gnorm: 0.051238187301 xtb: 6.7.1 (edcfbbe)
C           -4.30646450010000        1.84334137920000        0.16895893210000
O           -2.98121384020000        1.32847076420000        0.30201985530000
C           -2.77516506740000        0.15737552190000       -0.35294300850000
O           -3.60794677900000       -0.43875411960000       -1.01799151510000
C           -1.37248111530000       -0.28439810200000       -0.15299263030000
C           -1.02318516750000       -1.59119550910000       -0.14244273930000
C           -1.99830304640000       -2.73832345700000       -0.22437360100000
N            0.31424735410000       -1.94087855600000       -0.02373313240000
C            1.36458124290000       -1.03658383030000        0.02625190030000
C            2.74113129930000       -1.63682785360000        0.14918471640000
C            1.09985912990000        0.28894998450000        0.00265784200000
C            2.12103228770000        1.36090674860000        0.01625537480000
O            1.98639014500000        2.40463783190000        0.63731672420000
O            3.14884175930000        1.05976203050000       -0.81580258630000
C            4.14410684670000        2.07982417170000       -0.90020458880000
C           -0.32428486530000        0.80187917550000       -0.02575014450000
H           -4.36547479440000        2.77693470560000        0.73521929160000
H           -4.52978006010000        2.06005449030000       -0.88038735330000
H           -5.03505742960000        1.13989732420000        0.58410346700000
H           -2.96948619170000       -2.49599608220000        0.21646710590000
H           -2.14084334630000       -3.04056229640000       -1.26658638320000
H           -1.62261676630000       -3.60522020110000        0.33137898350000
H            0.54516993220000       -2.93048407340000       -0.05204091910000
H            3.45654435970000       -0.95956425990000        0.62442137890000
H            2.71245750060000       -2.53648338480000        0.77468702980000
H            3.11977434690000       -1.92101831780000       -0.83765487460000
H            4.59046603570000        2.26343808300000        0.08220662370000
H            4.92929526470000        1.73163175210000       -1.57693685440000
H            3.71584318610000        2.99970567000000       -1.31048822300000
H           -0.43081617510000        1.49210629950000       -0.87275403430000
H           -0.50662154610000        1.36737411040000        0.89688593680000
31
 energy: -50.434875953709 gnorm: 0.021174705930 xtb: 6.7.1 (edcfbbe)
C           -4.30322047730956        1.84804163755281        0.16417082665420
O           -2.98336786671984        1.32908299255220        0.28516623914083
C           -2.76362642583285        0.14661488519268       -0.33233192153031
O           -3.60945112208984       -0.45259485077875       -0.96367265372257
C           -1.36440874133926       -0.28816854550851       -0.16101737052850
C           -1.01316558043285       -1.59152427694321       -0.14980869120181
C           -1.97218928481530       -2.74070139126384       -0.22344432484206
N            0.31525107470400       -1.94385100493581       -0.02143977874212
C            1.35606574703630       -1.03589555804546        0.02058772151229
C            2.72049916784212       -1.64508194708871        0.14508230192703
C            1.08864812757630        0.28380640666686       -0.00521951267934
C            2.10658980838970        1.35311156127471        0.00316449697843
O            1.98439345487338        2.39457708419294        0.61163304555719
O            3.15526802490896        1.06312719222377       -0.79639258662967
C            4.15184067182588        2.07576909676852       -0.89480591538994
C           -0.33242812066395        0.81138627742591       -0.01933925507870
H           -4.33504300077356        2.77912925128319        0.73149554041820
H           -4.53815270384879        2.04198691698431       -0.88486902825173
H           -5.02811608423054        1.13986071828194        0.57230074465551
H           -2.94144753046432       -2.46973667515531        0.19060338732419
H           -2.12600021100291       -3.03192847885811       -1.26213170338362
H           -1.59149004494438       -3.60239911178700        0.32934675247140
H            0.54569373198150       -2.92822947144458       -0.03301606933165
H            3.42307370293358       -0.95086434105658        0.60057195726793
H            2.68403877531958       -2.54282711254682        0.76604846577223
H            3.10286850703922       -1.92019807253085       -0.83795347285309
H            4.58326818717042        2.27986765943145        0.08764423212224
H            4.92191042701509        1.70386342160642       -1.57204477089593
H            3.71807927745248        2.99451378667704       -1.29616788796385
H           -0.44184255179351        1.51206663776209       -0.85570744085712
H           -0.51353893980701        1.38719531196669        0.89647924628031
31
 energy: -50.436366883444 gnorm: 0.009398322227 xtb: 6.7.1 (edcfbbe)
C           -4.29853881800201        1.85122922840918        0.15403250183949
O           -2.97869702658332        1.33878127068577        0.25961577394874
C           -2.75615927345834        0.13770690845818       -0.31491125528425
O           -3.63181013858510       -0.48599031793219       -0.88615747671141
C           -1.36101705805599       -0.28723939625249       -0.16110032911163
C           -1.00761087794864       -1.58923427193517       -0.14596975659211
C           -1.95570704813767       -2.74037440801782       -0.22864753892932
N            0.31465703022910       -1.94307746062320       -0.01526784154190
C            1.34935161992173       -1.03178249697994        0.01656850043321
C            2.70750384228498       -1.64678780746968        0.13391501085039
C            1.08070173234334        0.28476640013645       -0.01168667057206
C            2.09869558994793        1.34815585004058       -0.00127945933453
O            1.97604078032000        2.40629627110642        0.57480556878001
O            3.16688146846203        1.05839990633238       -0.77037543851843
C            4.15902639919534        2.07053442325475       -0.88396613539376
C           -0.33820668692675        0.81834644604943       -0.01602021364848
H           -4.30748555350689        2.78178931867232        0.71693729888517
H           -4.55189946910644        2.02905826375640       -0.89369643267648
H           -5.01813170790692        1.14245617941299        0.56991419321220
H           -2.92823821580882       -2.46268800999674        0.16520917054481
H           -2.10492675751409       -3.02847279178368       -1.26753423034956
H           -1.57022723041342       -3.59535139665795        0.32316239202624
H            0.54503993340494       -2.92470723554877       -0.01011357021540
H            3.40947259710349       -0.94812272912511        0.57555691691983
H            2.66189597644301       -2.54103360978554        0.75332795459529
H            3.08491605031011       -1.92342742429995       -0.84883456014298
H            4.58644485601546        2.29495083719263        0.09558452422181
H            4.91658510574250        1.67799939339182       -1.55850847411792
H            3.72164107880314        2.98579631721890       -1.28861629958321
H           -0.45299761704421        1.53042212302557       -0.84246443165117
H           -0.51720058152842        1.39160021916440        0.90145288231736
31
 energy: -50.437199345765 gnorm: 0.014561170445 xtb: 6.7.1 (edcfbbe)
C           -4.29246701142616        1.86005147886558        0.13969192011520
O           -2.96987044597470        1.35700915459523        0.22853029347038
C           -2.76003507666059        0.12270043556816       -0.28467378633897
O           -3.66309480390001       -0.52605350619183       -0.79489994513710
C           -1.36419549344506       -0.28719394781322       -0.15815946756635
C           -1.00508783844595       -1.58892527216401       -0.14539721526351
C           -1.94493204841062       -2.74427993046461       -0.23737890148670
N            0.31486692400366       -1.93941013533893       -0.01190909851766
C            1.34567016365201       -1.02455022927035        0.01445163680916
C            2.70211496857212       -1.64366851223467        0.12037837678399
C            1.07327775839546        0.29131867520234       -0.01627195217576
C            2.08661126917287        1.35438433924505       -0.01612700459809
O            1.95696781142167        2.43239461996062        0.52597592122628
O            3.18144569033764        1.04817643428717       -0.74399058131069
C            4.16912046069274        2.06170526179792       -0.86863710858006
C           -0.34638781776853        0.82117493534071       -0.00759710599472
H           -4.28756974500579        2.79628068827025        0.68992453234503
H           -4.56848669755787        2.01976938067237       -0.90648289742229
H           -5.00275350554978        1.15353923946284        0.57706104665177
H           -2.92380288443916       -2.47042131674944        0.14105511395931
H           -2.08101895357767       -3.03113830459092       -1.27887699053199
H           -1.55703458980830       -3.59533410013266        0.31571697944399
H            0.54729307897575       -2.91998886949362        0.00949308151898
H            3.41159796123823       -0.94725161747295        0.55088155660647
H            2.65339006835534       -2.53610356105531        0.74002692213711
H            3.06763587944543       -1.92493444807155       -0.86573522640492
H            4.59314419908982        2.30546744070587        0.10847639286486
H            4.92378441981533        1.65522969280817       -1.53506267821628
H            3.72965536918801        2.97064187238407       -1.28643485714153
H           -0.46810213574518        1.54308051373807       -0.82496844810657
H           -0.52173697464059        1.38632958803954        0.91587206506054
31
 energy: -50.437992845874 gnorm: 0.027640917695 xtb: 6.7.1 (edcfbbe)
C           -4.28571739057889        1.87530278795333        0.11892831731621
O           -2.95834880962627        1.38521685722484        0.18342648675655
C           -2.76695946486991        0.10915604841684       -0.24827962535014
O           -3.69779929234357       -0.56866141777025       -0.67824833986265
C           -1.37377130028148       -0.28854128288993       -0.14378538685985
C           -1.00512406524469       -1.59102177833852       -0.13917375571314
C           -1.93274842171780       -2.75467146109087       -0.24940206571671
N            0.31523908276969       -1.93273051510932       -0.00797467199552
C            1.34329961321509       -1.01443332832761        0.01131212260015
C            2.69945133620601       -1.63815463712055        0.09932486935541
C            1.06497091836061        0.30199027788463       -0.02045042302675
C            2.07151108203389        1.36567800130678       -0.03659730814283
O            1.91695472515900        2.47714300525390        0.44197176535435
O            3.20281774225439        1.03027779393834       -0.70512148221017
C            4.18290498934659        2.04788331136099       -0.84685191445290
C           -0.35848839078539        0.82041352610150        0.01209233315723
H           -4.27143515782607        2.82158410382832        0.65016072756999
H           -4.59116155407590        2.01479065362536       -0.92332739039132
H           -4.98094984823805        1.17162886910912        0.58787405802734
H           -2.92211551999252       -2.49295133318434        0.11045627939743
H           -2.04503022763495       -3.03904422262968       -1.29605394071574
H           -1.54377764523536       -3.60350610976057        0.30589661275976
H            0.55180074631993       -2.91246263769594        0.03184106795792
H            3.42269717252076       -0.94727193267922        0.51581605553004
H            2.65259261484143       -2.52907507303524        0.72124955645791
H            3.04498068659021       -1.92586761647137       -0.89335695904522
H            4.60397567053472        2.31653285428206        0.12599431386105
H            4.94087746880913        1.62875053561658       -1.50006079567820
H            3.74003744643562        2.94576818013305       -1.28702170333414
H           -0.49303009887221        1.55552242385547       -0.79190319217292
H           -0.52765410807385        1.37075411611217        0.94619696276667
31
 energy: -50.438624018235 gnorm: 0.021855175264 xtb: 6.7.1 (edcfbbe)
C           -4.28312970854998        1.88694723625149        0.10263095785371
O           -2.95676847289242        1.39678322156298        0.16205343903774
C           -2.77444616148358        0.10322867796382       -0.22363935369604
O           -3.70776660843140       -0.57460591851561       -0.62348029113935
C           -1.38419775661881       -0.29202762470782       -0.12233722791714
C           -1.00711581113212       -1.59477682952634       -0.13128928826564
C           -1.92539363820357       -2.76558002724308       -0.25579445665886
N            0.31621523220611       -1.92697132613263       -0.00535676818618
C            1.34363065104218       -1.00732414511433        0.00860510537709
C            2.70064442987860       -1.63320624089656        0.08170384812702
C            1.05976935274179        0.31050795067051       -0.02020458072965
C            2.05841916170919        1.37796857342636       -0.05900263832353
O            1.88822558735946        2.50456035805257        0.38000059557452
O            3.21216557998307        1.02094173527883       -0.68478173170836
C            4.19135341715859        2.03778197724260       -0.83335767551448
C           -0.36809460768286        0.81588023586563        0.03745820723889
H           -4.26934092148931        2.84080854807276        0.62104065499623
H           -4.59782462204351        2.01888819509155       -0.93678045867902
H           -4.97294258223005        1.18865154699637        0.58696539567196
H           -2.92235253717186       -2.51628886764341        0.09397197723369
H           -2.01772992854065       -3.04887597032957       -1.30608491406629
H           -1.53700290945711       -3.61423253926158        0.30215710380434
H            0.55692022359529       -2.90624100918544        0.04270422087334
H            3.43473762211288       -0.94731418948266        0.48935152208966
H            2.65966067698221       -2.52361481031053        0.70651872554697
H            3.03048047376604       -1.92505318849620       -0.91621130240771
H            4.61098432172026        2.31743045003205        0.13682158510030
H            4.95629494844074        1.61372798381205       -1.47621578058088
H            3.74996621917622        2.92887743593732       -1.28926168241480
H           -0.51522988250687        1.56140694708009       -0.75491638306565
H           -0.53013174943831        1.35172161340858        0.98166376902796
31
 energy: -50.439250382595 gnorm: 0.016892978026 xtb: 6.7.1 (edcfbbe)
C           -4.27963067764857        1.90140831528179        0.08166559939006
O           -2.95222812190185        1.41156736445412        0.12844622006045
C           -2.78278301992582        0.10597134040324       -0.21320850587225
O           -3.73017944868862       -0.59294903481818       -0.54581701815487
C           -1.39392949449858       -0.29625132443050       -0.10254436284015
C           -1.01084083125125       -1.59837076177543       -0.11940397428495
C           -1.91843107832962       -2.77707485843702       -0.25925674811246
N            0.31735394299981       -1.92044751143770       -0.00211393402529
C            1.34588481103772       -1.00243569297885        0.00221332155447
C            2.70279676170343       -1.63054958940789        0.05988839685745
C            1.05737190928546        0.31728047846028       -0.01913196682600
C            2.04784639949947        1.38895570018179       -0.08135698803506
O            1.85868322524134        2.52270753604151        0.31727712266798
O            3.21415978526420        1.01949993742011       -0.67103139368623
C            4.19771431656824        2.03095777345643       -0.81916957966580
C           -0.37479641098888        0.80913130982170        0.06679169729480
H           -4.26901017336839        2.86540038765892        0.58515996543543
H           -4.60690384767176        2.02369994911073       -0.95415675904062
H           -4.96167796354901        1.21056967979017        0.58555864693398
H           -2.92325361103208       -2.54033431366069        0.07870461598615
H           -1.98674278311168       -3.06146127792989       -1.31166982307077
H           -1.53402742448122       -3.62606703055195        0.30467164071310
H            0.56186883625627       -2.89917657315016        0.04814726746226
H            3.44487606684577       -0.94791029877552        0.45973034843376
H            2.67149700049200       -2.52114154148208        0.68797287624354
H            3.01879973294774       -1.92342310766730       -0.94217174992823
H            4.61457567054730        2.31156332979622        0.15021763588613
H            4.97312472116206        1.60658609797643       -1.45246789287583
H            3.76277016448828        2.91848435257654       -1.28515243353031
H           -0.53605034676140        1.56998151119717       -0.70756278761757
H           -0.52883811113012        1.32382785277589        1.02470313684665
31
 energy: -50.439653407170 gnorm: 0.011637518054 xtb: 6.7.1 (edcfbbe)
C           -4.27446736937578        1.91487149499861        0.06230309170491
O           -2.95018101781768        1.41556840546206        0.10995396727152
C           -2.79221288956574        0.10350194811611       -0.19579780170909
O           -3.73820092779041       -0.59556480417297       -0.49936017539407
C           -1.39787616090003       -0.30307732097234       -0.08587787839306
C           -1.01236448027174       -1.60276765270942       -0.11200586326876
C           -1.91222787039121       -2.78532172960315       -0.26041715679377
N            0.31854571860130       -1.91926666514734        0.00321458545303
C            1.34729566833662       -1.00337001874638        0.00014174171438
C            2.70388421303494       -1.63158131331823        0.03993902162432
C            1.05668702653569        0.31662412697791       -0.01516082500303
C            2.04186647972843        1.39348971184113       -0.09329783118496
O            1.82589700428386        2.54005292935368        0.25641179956905
O            3.21155934422659        1.02002417690621       -0.65996227628432
C            4.19745945822600        2.02925860423686       -0.80897058236894
C           -0.37701146600258        0.80158079029306        0.09411938342743
H           -4.26111329906640        2.88752177186657        0.55318647477451
H           -4.60540537624666        2.02467696071730       -0.97340233676484
H           -4.95639920375433        1.23597114648790        0.57972842665988
H           -2.92039189803210       -2.55090466180920        0.06750612366677
H           -1.96555229728635       -3.07310699073522       -1.31126186824770
H           -1.53255496058442       -3.63252082996179        0.31142111804343
H            0.56544784345634       -2.89727963184195        0.04433392817757
H            3.44777655109155       -0.94857933145900        0.43466317177086
H            2.68174054824662       -2.52397771314644        0.66687418233281
H            3.01152450393930       -1.92025780652269       -0.96475525228333
H            4.60857872142127        2.31194493119939        0.16240088054135
H            4.98064119851456        1.60418404434544       -1.43532278092854
H            3.76880234129815        2.91458432194929       -1.28230706562408
H           -0.54948931285906        1.58023185552079       -0.65930102759870
H           -0.52225809099648        1.29348924977378        1.06593539931520
31
 energy: -50.439888192921 gnorm: 0.014912264063 xtb: 6.7.1 (edcfbbe)
C           -4.26424808965921        1.93315459172150        0.03575398974238
O           -2.94047464241839        1.42945693524608        0.07385154433715
C           -2.80103371076657        0.09604510104702       -0.16657619717875
O           -3.76058826089053       -0.62096868145909       -0.40510873554231
C           -1.40147090495371       -0.31066662017288       -0.06975021674424
C           -1.01311004336172       -1.60777429835838       -0.10170059297703
C           -1.90288031691730       -2.79492923820596       -0.26251915148640
N            0.31931567305837       -1.91948891703646        0.01289946741040
C            1.34595778534665       -1.00323210002434       -0.00274013308796
C            2.70239029010184       -1.63134224848092        0.01334920417840
C            1.05123265236309        0.31596878657297       -0.01552882599591
C            2.02484016481691        1.40311234590506       -0.12220204482147
O            1.78385954334352        2.56185506993573        0.17557680899760
O            3.21715542451733        1.01684809203131       -0.63852461746392
C            4.20196665346693        2.02702291545189       -0.78946149649315
C           -0.38261781338491        0.79431747716998        0.12334158758027
H           -4.23782897713852        2.91651137962917        0.50720990081229
H           -4.61087150055404        2.01973074311595       -0.99896918977324
H           -4.94133942931111        1.26788154845724        0.57897530517237
H           -2.91698259838487       -2.56097426306424        0.04640814838828
H           -1.93651413508150       -3.08699096767988       -1.31226209681368
H           -1.52785847969460       -3.63717984519363        0.31929622510134
H            0.56915158903669       -2.89672549520147        0.04313719228290
H            3.44992999324838       -0.94828241430006        0.39978547621554
H            2.68832654832199       -2.52656653287974        0.63568560589604
H            2.99749628420841       -1.91488020988324       -0.99606262512463
H            4.59939292621737        2.32280835726165        0.18561996922612
H            4.99269800847415        1.59476921133575       -1.40279353254287
H            3.77746047732903        2.90648587345260       -1.27827441967933
H           -0.56642786454272        1.59433260952572       -0.60431913408753
H           -0.51692724679063        1.25970079398075        1.11083515867115
31
 energy: -50.440004408556 gnorm: 0.020690755936 xtb: 6.7.1 (edcfbbe)
C           -4.25712508768368        1.93907122914289        0.02158895368079
O           -2.93734526047677        1.42325458621473        0.06898124752335
C           -2.80001581737952        0.09699213198007       -0.15864536329823
O           -3.75816941537985       -0.62054760224554       -0.38221679432331
C           -1.39792689628329       -0.31485340185742       -0.06236327179594
C           -1.01356378161724       -1.61027002448787       -0.09213175949432
C           -1.90258787046530       -2.79616876514182       -0.25561550378821
N            0.31866107604733       -1.92552875105029        0.02474613102299
C            1.34374951839134       -1.00871785624947       -0.00393889881854
C            2.70101245536872       -1.63360466168750       -0.00103253555798
C            1.04858549629262        0.30895956529521       -0.01621334225997
C            2.01467461469524        1.40432836785194       -0.14189188805315
O            1.77523113077390        2.54835971909940        0.15703644391319
O            3.21153384399420        1.02507733043056       -0.64211717745929
C            4.19784479622022        2.03612116567232       -0.78320344482451
C           -0.38127065305184        0.78918968672506        0.13896565785858
H           -4.21889201511807        2.92405049036261        0.48522470592674
H           -4.59840897861027        2.01692968504410       -1.01443911357398
H           -4.94159346967213        1.28561625506959        0.56754186817984
H           -2.91787987700319       -2.55469504706906        0.04117307819217
H           -1.92853780909741       -3.09546516676641       -1.30213087018174
H           -1.53305187830980       -3.63271496660195        0.33588175589894
H            0.56836116871101       -2.90338877731992        0.03163125632425
H            3.44592631439640       -0.94913047855942        0.38620642469359
H            2.69085622075635       -2.53375880271159        0.61215811850336
H            2.99356099718476       -1.90784071929027       -1.01308375790844
H            4.58273860105631        2.33228016045074        0.19786090850496
H            4.99053542778966        1.60213971673609       -1.39079197777876
H            3.77705706117446        2.91618082144748       -1.27424090288110
H           -0.56575691171309        1.59892500339994       -0.57331586769536
H           -0.50820300099076        1.23920910601601        1.13330849366992
31
 energy: -50.440248608337 gnorm: 0.009132151028 xtb: 6.7.1 (edcfbbe)
C           -4.25253044312327        1.94197109178527        0.01508511660299
O           -2.93513988416822        1.42082425714209        0.06634739745650
C           -2.79560426218423        0.09924175872662       -0.15366597166909
O           -3.75612801716773       -0.61737042337435       -0.36574764126756
C           -1.39758558817857       -0.31517807218924       -0.05511023118480
C           -1.01384032131069       -1.61154655394629       -0.08442998470985
C           -1.90247950424553       -2.79781013255778       -0.25344943467715
N            0.31793257888698       -1.92849971123297        0.03462437351347
C            1.34261084771739       -1.01087937995568       -0.00270675418052
C            2.70013221000987       -1.63630604446579       -0.01090407338175
C            1.04797437409161        0.30670988222465       -0.01695735407664
C            2.01265432485059        1.40087745882111       -0.14367128917114
O            1.75291932715533        2.56219739704228        0.11629170548992
O            3.21890922189402        1.02056133593107       -0.62608301205722
C            4.19653213756044        2.03963101389604       -0.77632582745993
C           -0.38064573730761        0.78631819821097        0.14844260088257
H           -4.20848420413913        2.92715767641649        0.47349023052803
H           -4.59082983671968        2.01835505912465       -1.02021023476433
H           -4.94078490843263        1.29354083506585        0.56066140888658
H           -2.92129638488477       -2.55595689992979        0.03255396783054
H           -1.91772678775325       -3.09973868144308       -1.30074866775855
H           -1.53745529089531       -3.63208324218330        0.34292337821400
H            0.56737644025061       -2.90690808487312        0.03223155715464
H            3.44808352345992       -0.95434931310537        0.37521805381741
H            2.69234923769840       -2.54046875426118        0.59589706013324
H            2.98551220184033       -1.90412725973025       -1.02776147399062
H            4.57834654588582        2.34670463155445        0.20247998745063
H            4.99092458384234        1.60455442059790       -1.37832799181047
H            3.76941039730926        2.91343781243296       -1.27426972220473
H           -0.56757983346674        1.60013623696483       -0.55695748095791
H           -0.50355694847525        1.22900348721128        1.14601288156155
31
 energy: -50.440355269258 gnorm: 0.007504457895 xtb: 6.7.1 (edcfbbe)
C           -4.24640040307766        1.95139280359718        0.00043469737119
O           -2.92865881490639        1.43012196951834        0.04914500368285
C           -2.79828251075742        0.09338935193211       -0.13481122727577
O           -3.76283844674052       -0.62541707602807       -0.32877104108682
C           -1.40028426734482       -0.31782031414934       -0.04467271134534
C           -1.01423966577877       -1.61476611268529       -0.07646827700985
C           -1.90152392381910       -2.80238137027073       -0.25064470921820
N            0.31827233040929       -1.93042332069548        0.04177295047489
C            1.34243000952423       -1.01203952343881       -0.00683611799902
C            2.70000767035479       -1.63824510888241       -0.02565273267852
C            1.04680652918465        0.30625764115520       -0.01932990860159
C            2.00997853500275        1.39780963512099       -0.14770085581663
O            1.74242283137346        2.56253945781920        0.09305864106002
O            3.22124987277884        1.02224196334125       -0.61710428616188
C            4.19448414584735        2.04529875864742       -0.76883652527914
C           -0.38232116487769        0.78197333575843        0.16074166719391
H           -4.19594232055397        2.94417193490900        0.44371732642742
H           -4.59201406736394        2.01312531948127       -1.03546934625047
H           -4.93230360908887        1.31024492087553        0.56179697293282
H           -2.92351627658502       -2.56167884825133        0.02520084271404
H           -1.90484909459451       -3.10666104866536       -1.29860962617967
H           -1.54211749332153       -3.63528422915208        0.35102627131697
H            0.56824981349812       -2.90897364306592        0.03180584654708
H            3.45109354782670       -0.96058545115591        0.36196019527223
H            2.69527239327578       -2.54728349778663        0.57445012459952
H            2.97909055021823       -1.89801369803631       -1.04700569137457
H            4.57402742580591        2.35587406081508        0.20803336636217
H            4.99278842312634        1.61250550293902       -1.36593195643472
H            3.76360326762539        2.91520682192536       -1.26934822702284
H           -0.57575961599840        1.60348202932463       -0.53561910209841
H           -0.49872567104288        1.21393773500410        1.16460101007818
31
 energy: -50.440443208899 gnorm: 0.003651331752 xtb: 6.7.1 (edcfbbe)
C           -4.24167902780784        1.95537089526813       -0.00785147040207
O           -2.92551354459686        1.42998729667516        0.04443531309569
C           -2.79760149766375        0.09355507981052       -0.12904126556816
O           -3.76471966917176       -0.62362334716606       -0.31469668191540
C           -1.40078600301778       -0.31970633904303       -0.03878743343386
C           -1.01469587268514       -1.61699776173387       -0.07057285556782
C           -1.90242316680451       -2.80433700989876       -0.24548440276902
N            0.31804917802348       -1.93291189314686        0.04877077965593
C            1.34212754857355       -1.01464225909953       -0.00675941357550
C            2.69991517195042       -1.64072183267654       -0.03709860014987
C            1.04637556634806        0.30402072737994       -0.01870609457107
C            2.00594262882001        1.39750782765208       -0.15430270309781
O            1.73534771414948        2.56142164403908        0.07760881274728
O            3.22435189239560        1.02225054180060       -0.60933508277034
C            4.19214289335443        2.05072026370085       -0.76317830767678
C           -0.38154476663485        0.77821881558770        0.16885534229549
H           -4.18832265952293        2.95101434439481        0.42744482176955
H           -4.58664229784563        2.01115910150254       -1.04413098099820
H           -4.92949256047913        1.32031103993401        0.55732272470006
H           -2.92524232758147       -2.56151962720789        0.02316203691417
H           -1.89869118986462       -3.11248339491376       -1.29215948947750
H           -1.54866241375746       -3.63561866757870        0.36197660542973
H            0.56765947632796       -2.91162818218131        0.02844975207899
H            3.45235847808098       -0.96699454960464        0.35460605435829
H            2.69803307678853       -2.55585342654098        0.55404758102172
H            2.97549388428370       -1.89002037947419       -1.06214741703252
H            4.56558338809254        2.36954585850933        0.21386990756295
H            4.99596185450486        1.61937312262003       -1.35445842077483
H            3.75683197860351        2.91499169262035       -1.27052092479571
H           -0.57703589294444        1.60354669091708       -0.52191926883585
H           -0.49312183991862        1.20406372775445        1.17553365598231
31
 energy: -50.440549222460 gnorm: 0.003062479088 xtb: 6.7.1 (edcfbbe)
C           -4.23154305647794        1.96297359382789       -0.02579089422952
O           -2.91798757271536        1.43123328978885        0.03327647754232
C           -2.79483587396100        0.09488698102576       -0.11869827128816
O           -3.76687963883989       -0.61937989086659       -0.28851779451681
C           -1.40081463971900       -0.32360718191758       -0.02522012453518
C           -1.01558839997775       -1.62144213331528       -0.05667723971156
C           -1.90510653403606       -2.80738540053509       -0.23349047902188
N            0.31748246374555       -1.93837993002800        0.06233346010268
C            1.34224294298731       -1.02161843099579       -0.00777882785236
C            2.69936517330187       -1.64747971600295       -0.06171198705795
C            1.04725526547835        0.29780616742469       -0.01617941792696
C            2.00073323415026        1.39403742367051       -0.16223064468428
O            1.72068756521005        2.55884764080957        0.04683335143691
O            3.22980124344827        1.02352237393563       -0.59259187085874
C            4.18514582424842        2.06347454083292       -0.75191466217871
C           -0.37806620380597        0.77028873143681        0.18624337096708
H           -4.17283389898703        2.96505783828820        0.39211264067301
H           -4.57701691310514        2.00446486204380       -1.06260125879802
H           -4.92184102986516        1.34101065182145        0.54978346099830
H           -2.93037378376897       -2.55844097200178        0.01830079871898
H           -1.88551176253165       -3.12588285635993       -1.27670665017876
H           -1.56405646226733       -3.63442166374758        0.38778614829588
H            0.56524452298632       -2.91742186858573        0.02168560246989
H            3.45387557575508       -0.98358395619762        0.34310348896572
H            2.70185873976878       -2.57835242026280        0.50552728110482
H            2.96939225429016       -1.86941614940107       -1.09471250621449
H            4.54658329352283        2.39949843334213        0.22419384093198
H            5.00037005781647        1.63749713046583       -1.33213733725811
H            3.74010061636348        2.91501478919174       -1.27257461343699
H           -0.57670574491700        1.60221233809910       -0.49437954315066
H           -0.48097725809764        1.18498578411361        1.19766677489150
31
 energy: -50.440612143364 gnorm: 0.003964201710 xtb: 6.7.1 (edcfbbe)
C           -4.22159291598228        1.97162256788569       -0.04529811277091
O           -2.91048203690609        1.43490122806783        0.01944365155408
C           -2.79376831017763        0.09494127640974       -0.10591165873730
O           -3.77031275450352       -0.61746999048660       -0.25837426778174
C           -1.40135662114508       -0.32814200756803       -0.00939011466353
C           -1.01643302154043       -1.62594510286344       -0.04310714607547
C           -1.90611204296931       -2.81142646172545       -0.22176455221291
N            0.31727871253771       -1.94292634907667        0.07255191416777
C            1.34250460526609       -1.02775300809560       -0.01075006174968
C            2.69858525959305       -1.65294356617433       -0.08852397525548
C            1.04761176096142        0.29213440143155       -0.01369955751093
C            1.99467340865311        1.39196503059224       -0.17100955778153
O            1.70230101293834        2.55893514344656        0.01204502681634
O            3.23603203143984        1.02380259647046       -0.57327211857648
C            4.17959639485296        2.07358365127365       -0.73932583048002
C           -0.37592359592067        0.76279617566423        0.20587925998312
H           -4.15751909556082        2.98122628970694        0.35419101252833
H           -4.56968394529207        1.99628989032784       -1.08195302400130
H           -4.91284773373993        1.36340365558704        0.54346791871200
H           -2.93414172590398       -2.55652048397708        0.01247481063430
H           -1.87015652193365       -3.14185383317294       -1.26087348786812
H           -1.57689515977140       -3.63280404453166        0.41408018518069
H            0.56327646821934       -2.92189240323757        0.01738693664134
H            3.45494904750708       -0.99998408834690        0.33149345232948
H            2.70445561183566       -2.60028147856394        0.45212665491599
H            2.96428173417181       -1.84509654045952       -1.12900380933240
H            4.52817190613408        2.42808743484150        0.23542628424514
H            5.00596994463341        1.65128402031669       -1.30756053576720
H            3.72700374948824        2.91183352608527       -1.27547877964044
H           -0.57894063579942        1.60292793468053       -0.46372532048119
H           -0.47052553108555        1.16530453539291        1.22338737717798
31
 energy: -50.440671792408 gnorm: 0.005572333501 xtb: 6.7.1 (edcfbbe)
C           -4.21316370604682        1.97631962520064       -0.06105316418264
O           -2.90402968026289        1.43743899018002        0.01209487242306
C           -2.79123159141645        0.09616755542342       -0.09919160755897
O           -3.76987626514192       -0.61183816337373       -0.24902217896684
C           -1.40043838243349       -0.33107348033650        0.00362926444553
C           -1.01693635178357       -1.62911207074603       -0.03223156230303
C           -1.90892263506553       -2.81325762152368       -0.20714852023786
N            0.31716015299996       -1.94736900081533        0.07689392044399
C            1.34316904070142       -1.03425682832373       -0.01469481033273
C            2.69757066362665       -1.65798577203872       -0.11309859250915
C            1.04961603481764        0.28605483761460       -0.00890249082021
C            1.99392818390756        1.38667444269427       -0.16859720988680
O            1.69502374149635        2.55228548026355        0.00141393797436
O            3.23880355000229        1.02627635255230       -0.55817850735941
C            4.17166861975479        2.08379443582867       -0.73076211645506
C           -0.37195727996717        0.75717681565384        0.21971823810774
H           -4.14704285105609        2.99180158916725        0.32249842807960
H           -4.56218064275740        1.98580236569015       -1.09727937063838
H           -4.90534698534608        1.38023843724572        0.53777297884154
H           -2.93791727343581       -2.55095997146485        0.01262959740796
H           -1.86137574218432       -3.15837496470925       -1.24044233692080
H           -1.59100293806591       -3.62776437408716        0.44329843297509
H            0.55993841698065       -2.92609947529219        0.01520516717711
H            3.45409248201813       -1.01927559708426        0.33052535214034
H            2.70324979877556       -2.62430811614446        0.39415033655079
H            2.96475065456681       -1.81321661978683       -1.15964259575966
H            4.51009313258746        2.45325996994722        0.24071440096969
H            5.00679570665540        1.66705972418504       -1.29003738826089
H            3.71278859992283        2.90992994287212       -1.27856236906098
H           -0.57542303266552        1.59987708172244       -0.44564204747422
H           -0.46180342118424        1.15473440938658        1.23887451539080
31
 energy: -50.440734414749 gnorm: 0.003488573848 xtb: 6.7.1 (edcfbbe)
C           -4.20510583000662        1.98214446060744       -0.07756570223131
O           -2.89826014317839        1.43996973012483        0.00270383679308
C           -2.79077661634723        0.09656728393925       -0.09045741213315
O           -3.77320425208947       -0.61114607335724       -0.22803232903656
C           -1.40046871880830       -0.33420977928151        0.01713856189148
C           -1.01775228767983       -1.63189735749211       -0.02254289317605
C           -1.90915103764440       -2.81671600609203       -0.19467255369892
N            0.31720926488619       -1.95033797690105        0.07868912528368
C            1.34292594741744       -1.03816722391161       -0.01943719506639
C            2.69614305369316       -1.65972830859163       -0.13998751081949
C            1.04949932988303        0.28215537628998       -0.00428057342500
C            1.98998065692299        1.38535915654336       -0.17097223953213
O            1.68013300000483        2.55277716656339       -0.02231078314357
O            3.24241672728998        1.02676680596903       -0.53927906430741
C            4.16773927240816        2.08869756080036       -0.71951653576557
C           -0.37076875313830        0.75220136970102        0.23618464056343
H           -4.13462788921462        3.00453225503048        0.28856816317901
H           -4.55684675567376        1.97414412223195       -1.11283487645449
H           -4.89822336922241        1.39980383479063        0.53391080243716
H           -2.94077754621933       -2.54901024896644        0.00773882273705
H           -1.84701930344571       -3.17791819510259       -1.22211239100485
H           -1.60111046001518       -3.62184779176927        0.47222769333859
H            0.55807446519283       -2.92900322874347        0.01670244838653
H            3.45302605495387       -1.03590396394496        0.32530903964629
H            2.70210273082851       -2.64266161085595        0.33404583680553
H            2.96459122176821       -1.77864982703630       -1.19114180413866
H            4.49376498645479        2.47592906340884        0.24944003671484
H            5.01128891921098        1.67120836122322       -1.26600122997110
H            3.70719501460458        2.90275400744020       -1.28400775400566
H           -0.57629597589794        1.60033097815419       -0.42183719477867
H           -0.45570170693775        1.14185605912925        1.25926360911228
31
 energy: -50.440818273177 gnorm: 0.003706030122 xtb: 6.7.1 (edcfbbe)
C           -4.20052011361840        1.98426593453733       -0.08836123451203
O           -2.89570388028582        1.44029087885958        0.00230217263919
C           -2.79098150480530        0.09598783148373       -0.08495051489026
O           -3.77327596997710       -0.60994154883631       -0.22574958177168
C           -1.40048481112676       -0.33585351379815        0.02832342209192
C           -1.01835769087478       -1.63308238440067       -0.01677361501529
C           -1.90942079457416       -2.81930006112085       -0.18149620527983
N            0.31767629637891       -1.95173986200796        0.07187331627412
C            1.34211948771026       -1.03898443640946       -0.02605747939734
C            2.69452780315133       -1.65665474680530       -0.16445157453167
C            1.04856320943331        0.28099510811674        0.00087233173921
C            1.98814201876857        1.38537408534395       -0.16752344916850
O            1.67293064721386        2.55302376284652       -0.02942354675194
O            3.24454106707131        1.02598272492469       -0.52205626134495
C            4.16669738042047        2.08767733120613       -0.71077848199109
C           -0.37135696079867        0.75037030598605        0.24696481459263
H           -4.12719042882550        3.01255521401780        0.26143212119409
H           -4.55291057232200        1.95881765470127       -1.12276566151787
H           -4.89565420250564        1.41499098029802        0.53328868709522
H           -2.94270983228192       -2.54763424752273        0.00574953340085
H           -1.83647711521173       -3.19856467808462       -1.20160581619865
H           -1.60928038305497       -3.61244655258957        0.50205624891640
H            0.55728420646389       -2.93085511295944        0.02241515075023
H            3.45011636666993       -1.05203064502218        0.32835596553905
H            2.69793494051535       -2.65595120608691        0.27011558792404
H            2.96947786772399       -1.73355194364683       -1.21689047830861
H            4.48055863761965        2.49346416422755        0.25463057969664
H            5.01686696398749        1.66404151476838       -1.24208950195421
H            3.70969184117967        2.89046677714851       -1.29438828576522
H           -0.57797127207770        1.60009702269268       -0.40924133448703
H           -0.45483320196721        1.13818964803336        1.27115566523257
31
 energy: -50.440898972581 gnorm: 0.005237515592 xtb: 6.7.1 (edcfbbe)
C           -4.19800259318339        1.98460618084268       -0.09764714085845
O           -2.89491618442007        1.43918186022793        0.00727880734374
C           -2.79161533529047        0.09531370887155       -0.08057852202750
O           -3.77421636485226       -0.61058319445155       -0.22861789635198
C           -1.40091513351275       -0.33637401373698        0.03748273887193
C           -1.01917498858575       -1.63338037612585       -0.01199406408375
C           -1.90997334604965       -2.82183062462065       -0.16499897381437
N            0.31783078471119       -1.95229378109079        0.06248071264241
C            1.34029861289104       -1.03772878047208       -0.03187701053716
C            2.69314897296044       -1.65006056711240       -0.19164531152020
C            1.04668970716026        0.28188200247896        0.00850610921386
C            1.98753998089000        1.38560640334056       -0.15983320818152
O            1.67181428732094        2.55366880811359       -0.02947242475110
O            3.24436022278091        1.02445609814599       -0.50446568962434
C            4.16729400078146        2.08291778484352       -0.70187711240735
C           -0.37295357536337        0.75015668943696        0.25543204212462
H           -4.12170820703504        3.01993820649229        0.23035617918751
H           -4.54950684366646        1.93677950351081       -1.13148724312861
H           -4.89620671175111        1.43110377990191        0.53523305111009
H           -2.94618423763632       -2.54522685712215        0.00095286373019
H           -1.82150433118893       -3.22500160612816       -1.17560353352275
H           -1.62078581826060       -3.59843010437497        0.54250094625062
H            0.55737201957760       -2.93272033118146        0.03010601391869
H            3.44525575804087       -1.07305484521283        0.34069324179642
H            2.69399316547228       -2.67422724514228        0.18532405568212
H            2.97724181870036       -1.66549567325819       -1.24676081326764
H            4.46684012503076        2.51043370238905        0.25849075118769
H            5.02540603190057        1.64854212243285       -1.21130296729016
H            3.71870232553432        2.87319105245870       -1.30908104947272
H           -0.57953633025860        1.59916586364112       -0.40160879469069
H           -0.45658781269791        1.13946423280320        1.27894681667041
31
 energy: -50.440942824448 gnorm: 0.005643087867 xtb: 6.7.1 (edcfbbe)
C           -4.20723966738502        1.97749369820897       -0.08662131028672
O           -2.90317607213098        1.43478674431519        0.02746141158455
C           -2.79453284183136        0.09392896283104       -0.08512314031035
O           -3.77271506950863       -0.61418480335417       -0.25613170743030
C           -1.40236688055292       -0.33322420442460        0.03166601904202
C           -1.01945711510000       -1.62998542742980       -0.01889173972972
C           -1.90896301634137       -2.82126180846318       -0.16092462217024
N            0.31776781246777       -1.94809250772806        0.04651417324340
C            1.33816722025471       -1.02991644223067       -0.03703042195004
C            2.69322865770411       -1.63685282109831       -0.19241348318177
C            1.04357761375569        0.28891165854431        0.00755942286603
C            1.99037228034849        1.38927456487425       -0.15185404134857
O            1.68516763490023        2.55778337696784       -0.00808747645854
O            3.24073575815337        1.02031975890132       -0.50661579943510
C            4.17697777530505        2.06710602357959       -0.70296933834032
C           -0.37796779610787        0.75690627782060        0.24467796423635
H           -4.13236787257358        3.01305120486333        0.23469485189345
H           -4.55415541423096        1.92220673913365       -1.12066257046864
H           -4.90787761247739        1.42719793961403        0.54510443196007
H           -2.94521835241320       -2.54674716106840       -0.00039808577563
H           -1.81880300666751       -3.23431338096721       -1.16575082984733
H           -1.62042107745813       -3.58781444119336        0.55530474188882
H            0.56068947644628       -2.92968516067576        0.03750141539862
H            3.43969882695629       -1.07668046119422        0.36010393973458
H            2.68852742141071       -2.66459603694039        0.15684716204557
H            2.99008276762650       -1.62634009809469       -1.23836708474611
H            4.47157897388928        2.49971000280688        0.25489652314938
H            5.03484955154786        1.61772513710095       -1.19743793328932
H            3.74507132097014        2.85678152432859       -1.32110134310039
H           -0.58392547915349        1.59983665877713       -0.42109995175422
H           -0.46730581780371        1.15667448209633        1.26408139678043
31
 energy: -50.441010348906 gnorm: 0.006668003710 xtb: 6.7.1 (edcfbbe)
C           -4.20852327370660        1.97790157037560       -0.09290721080877
O           -2.90530015816755        1.43397656145817        0.03667389309922
C           -2.79570431481449        0.09332106878925       -0.07730747970520
O           -3.77089059682108       -0.61180653086162       -0.26262214330942
C           -1.40416703459236       -0.33418621004535        0.04174203019888
C           -1.02045276523970       -1.63084498037355       -0.01030178758846
C           -1.90991357518669       -2.82352826516477       -0.14432522945250
N            0.31735874940577       -1.94872351823955        0.04466601121735
C            1.33677234110248       -1.02929302729378       -0.04383630755504
C            2.69312033313976       -1.63085418218088       -0.21781920120453
C            1.04161556004078        0.28946423475885        0.00771599465050
C            1.98829157028548        1.38908117375332       -0.15297529427254
O            1.68213363396343        2.55992725233278       -0.02051744566932
O            3.24437282565620        1.01575105032066       -0.49129074648675
C            4.18075814739092        2.06288876178209       -0.69244274206894
C           -0.37957722429746        0.75626784971166        0.25160155640825
H           -4.12908816840252        3.02306115922255        0.20046196179319
H           -4.55360243431993        1.89545507557477       -1.12828022438403
H           -4.91214273049319        1.44511621349884        0.55376413874149
H           -2.94919619070336       -2.54374916000559       -0.00834765687738
H           -1.79958144735924       -3.25909212481994       -1.13920832942426
H           -1.63576778569832       -3.57499182270431        0.59591583164322
H            0.56141510078698       -2.93026654676260        0.03652468941435
H            3.43346153287023       -1.10018505594742        0.37714120220274
H            2.68563346169598       -2.68381558639005        0.07120549681757
H            3.00088575740520       -1.55699030442120       -1.26406615863144
H            4.45516053748662        2.52118637803496        0.26265911080789
H            5.05109963890491        1.60277153326429       -1.15808480332688
H            3.75657304011609        2.83695679234151       -1.33961039657568
H           -0.58881198848401        1.59973864865367       -0.41299352398092
H           -0.46593254196398        1.15546199123876        1.27179733852736
31
 energy: -50.441100376162 gnorm: 0.002603281279 xtb: 6.7.1 (edcfbbe)
C           -4.21081091969602        1.97756739621167       -0.08969006239570
O           -2.90692616114303        1.43537173919930        0.03746078224742
C           -2.79560213675970        0.09461910984701       -0.08209069807415
O           -3.77186693403232       -0.61168501016065       -0.26233703714953
C           -1.40437962762855       -0.33353660479553        0.03844713204540
C           -1.02037974495507       -1.63031123633722       -0.00951574027908
C           -1.90925664612097       -2.82275310936145       -0.14461620778258
N            0.31724003767001       -1.94757104690813        0.04978738570163
C            1.33706522867893       -1.02995517747398       -0.04341471840460
C            2.69313203547482       -1.63329858195520       -0.21473880580367
C            1.04191727329930        0.28939525719302        0.00377191030101
C            1.98804934764803        1.38874713189178       -0.15952021854785
O            1.68293670323566        2.55952025448728       -0.02651245003215
O            3.24417127449086        1.01570255736947       -0.49714133156874
C            4.18113380252167        2.06379380593679       -0.69204464702467
C           -0.37845131091608        0.75674662209624        0.24890579010136
H           -4.13285135246038        3.02231425721198        0.20182132123147
H           -4.55738519037953        1.89465697839502       -1.12335090447243
H           -4.91229085008040        1.44553403614249        0.55779547468022
H           -2.94840563401334       -2.54271502166465       -0.01326271532881
H           -1.79430045029370       -3.25979651289027       -1.13703128854988
H           -1.63803242816280       -3.57405480962232        0.59627192140124
H            0.56051982296306       -2.92809747275137        0.03311839766263
H            3.43140161560520       -1.10740839233524        0.38319108723841
H            2.68492004774123       -2.68421224458196        0.07075562950080
H            3.00508498900643       -1.55716744194984       -1.25662194499821
H            4.45081173328146        2.51985165724329        0.26421275638851
H            5.05306221807057        1.60646338897797       -1.15441958446363
H            3.76043945783758        2.83703412070745       -1.33965165407474
H           -0.58782140207034        1.60090102877808       -0.41410818523499
H           -0.46312479881219        1.15434332100013        1.26946117988524
31
 energy: -50.441160627116 gnorm: 0.002311733214 xtb: 6.7.1 (edcfbbe)
C           -4.21418285725663        1.97669483360516       -0.08513383608090
O           -2.90919199370534        1.43727813603461        0.03963378964388
C           -2.79606863776935        0.09610156424411       -0.08243525142945
O           -3.77260323709910       -0.61070270738989       -0.26312989800710
C           -1.40489690990898       -0.33233470968537        0.03355558629546
C           -1.02033495688031       -1.62923659202614       -0.00991034617389
C           -1.90818759187008       -2.82168281506851       -0.14652174045573
N            0.31698718873098       -1.94570782070781        0.05828494007543
C            1.33741721055111       -1.03040165624584       -0.04311918550516
C            2.69352881047076       -1.63560071274690       -0.20961082361855
C            1.04210991084627        0.28952116285357       -0.00390169812700
C            1.98840535731591        1.38793339080580       -0.16898489847119
O            1.68432216873722        2.55911286690713       -0.03844702221968
O            3.24434315086206        1.01441815253163       -0.50631618808754
C            4.18224451796000        2.06402754923070       -0.69203171507755
C           -0.37714760434914        0.75741691033763        0.24470388643202
H           -4.13751514585456        3.02209125105506        0.20193156477570
H           -4.56417189484282        1.89004079945739       -1.11649947791507
H           -4.91199523521982        1.44672630307151        0.56642361037622
H           -2.94752941383122       -2.54068203916993       -0.02287668801232
H           -1.78574283033730       -3.26199309408628       -1.13573081115197
H           -1.64196967194671       -3.57123967115077        0.59769632030445
H            0.55921116196735       -2.92548827495116        0.02784844259586
H            3.42745387612263       -1.11520610007968        0.39624375619484
H            2.68185017653548       -2.68583281139903        0.07018804755245
H            3.01289987466258       -1.55354649011689       -1.24654860091943
H            4.44273592820723        2.51754771785620        0.26701278978858
H            5.05803145779826        1.60953977578105       -1.14776650581488
H            3.76660993681069        2.83670298643254       -1.34140376725747
H           -0.58768285697126        1.60343097902535       -0.41488579751975
H           -0.45892988973552        1.15107111549589        1.26666409200965
31
 energy: -50.441202028591 gnorm: 0.002706229421 xtb: 6.7.1 (edcfbbe)
C           -4.21741953666437        1.97532461933808       -0.07927484938775
O           -2.91090541916159        1.43873012517428        0.04097885354206
C           -2.79599021645214        0.09773425249941       -0.08616018683969
O           -3.77260221449453       -0.60926949103792       -0.26642928629005
C           -1.40532538819661       -0.33096454500972        0.02897459514568
C           -1.02049484652924       -1.62803797728903       -0.00935807220090
C           -1.90728774199973       -2.82072034903987       -0.14876932545806
N            0.31663757276808       -1.94401496409310        0.06777143654158
C            1.33746544305529       -1.03016539067352       -0.04238960610758
C            2.69404646478697       -1.63613309940177       -0.20406191513086
C            1.04182520423692        0.29001690350499       -0.01166623442339
C            1.98831884363359        1.38725364157559       -0.18056523089051
O            1.68552852537274        2.55905875811762       -0.05208314861707
O            3.24452728457419        1.01229454926678       -0.51565593530342
C            4.18397081028466        2.06280557670884       -0.69227722240435
C           -0.37650968725084        0.75822863540782        0.24091389833979
H           -4.14114020693766        3.02213010381371        0.20282639215408
H           -4.57263421858148        1.88358135955084       -1.10837414900737
H           -4.91092229303191        1.44719992038934        0.57824805457914
H           -2.94741936046485       -2.53861548455350       -0.03484689284404
H           -1.77613315562970       -3.26506477327586       -1.13510311824340
H           -1.64742950617463       -3.56742441673911        0.60071101334104
H            0.55797017009921       -2.92364897517115        0.02351665418428
H            3.42291221042842       -1.12116864928641        0.41298891506637
H            2.67809141269781       -2.68820412873725        0.06781989119783
H            3.02256275783165       -1.54507586183586       -1.23709811627732
H            4.43326559288248        2.51588468920755        0.26985667673852
H            5.06491374576350        1.60919148359399       -1.13876484600518
H            3.77422407398220        2.83492970799065       -1.34575033348430
H           -0.58832995392471        1.60610483218139       -0.41552914479058
H           -0.45571636690331        1.14803894772435        1.26448380707533
31
 energy: -50.441237951217 gnorm: 0.001927676620 xtb: 6.7.1 (edcfbbe)
C           -4.22080345470116        1.97334409209116       -0.07199958585646
O           -2.91248907823172        1.43959914325490        0.04201646001078
C           -2.79613601403102        0.09913873592082       -0.09004835929734
O           -3.77216180576816       -0.60747393609131       -0.27377739106848
C           -1.40567516653176       -0.32924875678024        0.02386129258063
C           -1.02074348367863       -1.62641306888935       -0.00988150042211
C           -1.90639977552384       -2.81965723466141       -0.15207446940588
N            0.31618547293323       -1.94228188411216        0.07790605512909
C            1.33706473045853       -1.02905808513922       -0.04135879005494
C            2.69452534057731       -1.63459164787648       -0.19771783131990
C            1.04087086475619        0.29112642457397       -0.01965525254828
C            1.98813816011276        1.38681296752511       -0.19229839926780
O            1.68608777487985        2.55958338742464       -0.06965344897266
O            3.24473690142715        1.00936272253090       -0.52401979226373
C            4.18640069478761        2.05956349621115       -0.69309044064879
C           -0.37663947813460        0.75932878349712        0.23748643736865
H           -4.14380059645066        3.02245648544901        0.20262190212188
H           -4.58440428828109        1.87342085887442       -1.09785660825283
H           -4.90842264095100        1.44847691203650        0.59509125674321
H           -2.94784063861391       -2.53637576319115       -0.05116026687911
H           -1.76441382129898       -3.26994185339358       -1.13473490829805
H           -1.65504857462429       -3.56174425583515        0.60520343307604
H            0.55672304691936       -2.92192849744914        0.02129886250525
H            3.41680444874493       -1.12758411512243        0.43546830928830
H            2.67421767876408       -2.69093428409318        0.06076927519699
H            3.03581761575995       -1.52924594906019       -1.22615574824624
H            4.42195895932436        2.51620849120351        0.27121646266393
H            5.07379237453620        1.60417827318013       -1.12585894994390
H            3.78474456997602        2.82964068527606       -1.35485273056439
H           -0.58994455631875        1.60980454345443       -0.41498938480766
H           -0.45314526081752        1.14443332909232        1.26317668563371
31
 energy: -50.441266402993 gnorm: 0.002403536107 xtb: 6.7.1 (edcfbbe)
C           -4.22413695799049        1.97075467428394       -0.06322968382417
O           -2.91400170511606        1.43927718580167        0.04228668412303
C           -2.79638501004894        0.10009359175252       -0.09695222463779
O           -3.77118335742474       -0.60583720118166       -0.28712214054429
C           -1.40575903476514       -0.32741270399100        0.01904371736185
C           -1.02091521108824       -1.62453511990403       -0.01126232141533
C           -1.90549397475243       -2.81854695980714       -0.15620127008877
N            0.31586379573009       -1.94079171469196        0.08617936864529
C            1.33618832725538       -1.02689395362253       -0.03955762417312
C            2.69480593662148       -1.63015952144005       -0.19178983595444
C            1.03917613674380        0.29296995933716       -0.02511336363206
C            1.98713230227125        1.38714131784459       -0.20369342940921
O            1.68546148304191        2.56102927143825       -0.08948803857097
O            3.24494960465034        1.00597532856510       -0.52759271300746
C            4.18960227456528        2.05354990104595       -0.69399127611495
C           -0.37787701755794        0.76077257991832        0.23549444498744
H           -4.14493506441098        3.02275662314749        0.20144625293418
H           -4.59927542420010        1.86009657075678       -1.08453335311766
H           -4.90431723623912        1.45083898632216        0.61666029350726
H           -2.94847904305504       -2.53418167660607       -0.07105273850346
H           -1.75120517930360       -3.27661429717004       -1.13414299725842
H           -1.66451217560851       -3.55429082768431        0.61088333093071
H            0.55608015223045       -2.92046757229469        0.02506467486839
H            3.40951221870695       -1.13438392963374        0.46114449181409
H            2.67145234098956       -2.69286835435032        0.04664924529131
H            3.05061241896715       -1.50474572292867       -1.21466687553669
H            4.41037072275514        2.52115106703695        0.26926528141899
H            5.08364134140868        1.59203097477076       -1.10802242473983
H            3.79860606528535        2.81782799956300       -1.37056800657123
H           -0.59207774587249        1.61386822445030       -0.41337376022283
H           -0.45290098378851        1.14159529917243        1.26316886564003
31
 energy: -50.441291346835 gnorm: 0.002636464082 xtb: 6.7.1 (edcfbbe)
C           -4.22527573581546        1.96960118869182       -0.05962376549211
O           -2.91473963319642        1.43835567429291        0.04251191262994
C           -2.79667557847730        0.10005246946598       -0.10078383596391
O           -3.77055855486105       -0.60554348891105       -0.29587569119292
C           -1.40565024916116       -0.32680871805157        0.01763108475670
C           -1.02082723707589       -1.62381035602566       -0.01267916861112
C           -1.90508777559255       -2.81816228011817       -0.15809188765934
N            0.31591751319161       -1.94033069686185        0.08642223414033
C            1.33571188222327       -1.02558981489582       -0.03854811274125
C            2.69476050969915       -1.62722825770916       -0.19078479988211
C            1.03833362679387        0.29408888475005       -0.02429073662560
C            1.98666594830667        1.38782611744648       -0.20457399246380
O            1.68433561799906        2.56222115366488       -0.09723227495411
O            3.24524812788060        1.00484436178105       -0.52340324363641
C            4.19100385260805        2.04999218020328       -0.69432206825030
C           -0.37893757056969        0.76151667772529        0.23591774560279
H           -4.14459392175072        3.02272760698179        0.20017774868010
H           -4.60547375569870        1.85410257254683       -1.07853886693583
H           -4.90230685136031        1.45269714157639        0.62590331273890
H           -2.94846586202822       -2.53349125997289       -0.07936107048952
H           -1.74612094291009       -3.27986999853739       -1.13358745771164
H           -1.66840327240686       -3.55089580737968        0.61304378095458
H            0.55651870035465       -2.92013711612589        0.03155094232987
H            3.40683138596400       -1.13730830038295        0.46941288195817
H            2.67159201480630       -2.69245175119367        0.03753496696224
H            3.05497615964373       -1.49245757909108       -1.21100021585129
H            4.40739331978445        2.52703180009586        0.26538957916638
H            5.08670682004973        1.58356139666474       -1.09929557070803
H            3.80467345292640        2.80873006160681       -1.38028294563938
H           -0.59275235990209        1.61531020401159       -0.41225854137221
H           -0.45479963142455        1.14142593365224        1.26397063046074
31
 energy: -50.441338934675 gnorm: 0.003680129327 xtb: 6.7.1 (edcfbbe)
C           -4.22921584901172        1.96635358446600       -0.04872193292463
O           -2.91763438237056        1.43615140786240        0.04557749543252
C           -2.79750582042682        0.10034820651929       -0.11170380752314
O           -3.76873573015750       -0.60447209190164       -0.32211270325156
C           -1.40554095225149       -0.32510915662430        0.01328246482677
C           -1.02048017490661       -1.62181602524597       -0.01675644817001
C           -1.90366390023546       -2.81700337445811       -0.16362395336237
N            0.31613584212913       -1.93844911585674        0.08621260284696
C            1.33476970781244       -1.02226067379485       -0.03536484277652
C            2.69481920020165       -1.62041510783907       -0.18839277558386
C            1.03645929526647        0.29732414600876       -0.02090212106204
C            1.98490827567171        1.39002779116207       -0.20910411323302
O            1.68127336387707        2.56573908932540       -0.12072496183862
O            3.24647773639483        1.00202347621318       -0.50973607100712
C            4.19509310282396        2.04067630800565       -0.69488619036852
C           -0.38149089709587        0.76370122755384        0.23743762315802
H           -4.14479081286975        3.02283897782449        0.19546100070976
H           -4.62285026990131        1.83605303915347       -1.06061176089051
H           -4.89745659523273        1.45944372157609        0.65289992913377
H           -2.94804973650627       -2.53100149200424       -0.10471157735577
H           -1.72931526375611       -3.28983665890744       -1.13113241480559
H           -1.68010275639431       -3.54093454902141        0.61961948097612
H            0.55799049587663       -2.91888558942602        0.05123472990572
H            3.39939033684486       -1.14932524862953        0.49339970575678
H            2.67051788975411       -2.69193550635205        0.00958991722960
H            3.06714313769564       -1.45736801370657       -1.20008322001285
H            4.39728043961127        2.54728737629397        0.25346847742801
H            5.09647954709300        1.56054951640205       -1.07140470095813
H            3.82232648240030        2.77998456396585       -1.41036624779129
H           -0.59381675834874        1.61910276961761       -0.40920737600494
H           -0.46041495398730        1.14120740171900        1.26629636571631
31
 energy: -50.441360461844 gnorm: 0.002751145850 xtb: 6.7.1 (edcfbbe)
C           -4.23116978262247        1.96515561494510       -0.04408463937869
O           -2.91922476480572        1.43579291649564        0.04899218039051
C           -2.79762289829918        0.10101505828438       -0.11570538358288
O           -3.76778211495424       -0.60343613191804       -0.33251799524785
C           -1.40569657189876       -0.32438521802196        0.01111541798149
C           -1.02038026196198       -1.62105486825779       -0.01827895454989
C           -1.90295107061691       -2.81651783540920       -0.16586027430649
N            0.31612998383931       -1.93715571651508        0.08550126189604
C            1.33473737092206       -1.02132625918553       -0.03452727841373
C            2.69492163013154       -1.61938918204951       -0.18789233790941
C            1.03634703912692        0.29847402472185       -0.01938733693606
C            1.98486813647402        1.39067640732965       -0.20942364914278
O            1.68017013998137        2.56686217555211       -0.13163536416935
O            3.24764918979242        1.00126436741935       -0.50245842454956
C            4.19646539316481        2.03821100020333       -0.69503306949355
C           -0.38195151912943        0.76450956705986        0.23773660208058
H           -4.14596393776597        3.02321597949978        0.19223034954959
H           -4.62892584714257        1.82768138263995       -1.05309931070737
H           -4.89631502592813        1.46347613322280        0.66377569896262
H           -2.94747775478827       -2.52985085131039       -0.11604366871635
H           -1.72112388025264       -3.29440039192978       -1.12926021262237
H           -1.68551414571516       -3.53667738782513        0.62254910793436
H            0.55838811387333       -2.91780023862115        0.05932820462601
H            3.39654961124649       -1.15723910511458        0.50246337712192
H            2.66875247955968       -2.69242157755548       -0.00251529253224
H            3.07196381503559       -1.44484502165141       -1.19517784398962
H            4.39246914333648        2.55763755350822        0.24733824112363
H            5.10040517756344        1.55408938043034       -1.05910124876585
H            3.82830608983383        2.76714066434900       -1.42260943150928
H           -0.59349216101477        1.62048010378288       -0.40835516291893
H           -0.46253157698455        1.14081745582195        1.26686901197528
31
 energy: -50.441386152314 gnorm: 0.001161921012 xtb: 6.7.1 (edcfbbe)
C           -4.23430015898510        1.96345730163876       -0.03690742099301
O           -2.92164901417899        1.43615406292549        0.05630469964926
C           -2.79749434794906        0.10268972495434       -0.11961376466235
O           -3.76634543923208       -0.60099633259387       -0.34562656844160
C           -1.40608357415588       -0.32315976028734        0.00759553674388
C           -1.02038161834367       -1.61987169130781       -0.02001710609107
C           -1.90189658688983       -2.81566216012850       -0.16899729967688
N            0.31588161342123       -1.93485040342344        0.08605354745101
C            1.33507035123861       -1.02058945776672       -0.03344185662835
C            2.69511670154392       -1.61995986753570       -0.18668947232216
C            1.03680708542026        0.29967119289842       -0.01908670290831
C            1.98467784096304        1.39112375733600       -0.21465290014683
O            1.67903876620740        2.56772240554715       -0.15045902717442
O            3.25010826943929        1.00020842363964       -0.49356475814584
C            4.19830309447589        2.03654077587097       -0.69455007379541
C           -0.38169080337700        0.76544209449879        0.23741499671468
H           -4.14869934840846        3.02444035642502        0.18522114542704
H           -4.63740703697002        1.81278574222976       -1.04159867166219
H           -4.89508465314417        1.47114424572133        0.68100577677145
H           -2.94652227358825       -2.52770677537683       -0.13468046215177
H           -1.70709417502249       -3.30183104752903       -1.12538307601526
H           -1.69504770150934       -3.52977284629598        0.62790350520708
H            0.55812228138608       -2.91554382541092        0.06767325175256
H            3.39163443689549       -1.17278448747533        0.51825401788766
H            2.66408178584127       -2.69518542954743       -0.02159170162496
H            3.08093844264391       -1.42698694468039       -1.18634817462646
H            4.38090869867168        2.57475698724326        0.23950814404405
H            5.10814156627658        1.54861266275103       -1.03737318824472
H            3.83701531934857        2.74831892067017       -1.44107027061186
H           -0.59247843584438        1.62235274173419       -0.40746474648207
H           -0.46367108617398        1.13947963317612        1.26711519495665
31
 energy: -50.441400944132 gnorm: 0.001951012375 xtb: 6.7.1 (edcfbbe)
C           -4.23758987132724        1.96154934593335       -0.02789168255089
O           -2.92386721101881        1.43712426815342        0.06612018366969
C           -2.79677791218888        0.10526639657701       -0.12344982056149
O           -3.76462512433673       -0.59712500787896       -0.35832351369765
C           -1.40640908453141       -0.32151882632746        0.00352236908171
C           -1.02066235812759       -1.61842709174843       -0.02107799320180
C           -1.90104068952932       -2.81450166767950       -0.17225180007674
N            0.31520261106599       -1.93242582770524        0.08888082908517
C            1.33556835402101       -1.02043538117302       -0.03288864498656
C            2.69518029799964       -1.62196742491293       -0.18534013936392
C            1.03782328985291        0.30023867104917       -0.02125495727107
C            1.98534402527573        1.39052154365301       -0.22173696758048
O            1.67722573212560        2.56778779363683       -0.17862316770889
O            3.25447420631850        0.99846830666212       -0.48234364437264
C            4.19992732972352        2.03641286783021       -0.69306754529799
C           -0.38054256140636        0.76616308909912        0.23596684130184
H           -4.15148869873047        3.02689459561017        0.17312773889085
H           -4.64782951186217        1.79073773131006       -1.02668058198832
H           -4.89291572420091        1.48322614573896        0.70454805662264
H           -2.94564922972908       -2.52457494974701       -0.15970314604692
H           -1.68859405055306       -3.31214465110401       -1.11894944334072
H           -1.70949999504926       -3.52001309262862        0.63655268782907
H            0.55665165828319       -2.91321733538542        0.07280268872337
H            3.38403734143805       -1.19544105620352        0.54045579988770
H            2.65698455197184       -2.70082915063265       -0.04849730928960
H            3.09477009494799       -1.40384994635822       -1.17432115655538
H            4.36040417691449        2.60026766478415        0.23023386191610
H            5.11983581890611        1.54573956786822       -1.00510097996227
H            3.84763839385076        2.72456437454549       -1.46566768520067
H           -0.59091358818618        1.62458578585826       -0.40679953595941
H           -0.46266227191730        1.13692326107662        1.26669123220503
31
 energy: -50.441397304495 gnorm: 0.003747799848 xtb: 6.7.1 (edcfbbe)
C           -4.23518267769179        1.96282172405314       -0.03091134251565
O           -2.92225705176622        1.43773455098244        0.06997579614078
C           -2.79584652105912        0.10563336176444       -0.11718755408344
O           -3.76448914323543       -0.59592054881243       -0.35003018365249
C           -1.40616220671025       -0.32215114108204        0.00674958103004
C           -1.02099942936819       -1.61924763754129       -0.01939789831416
C           -1.90215120370915       -2.81482081061651       -0.16966719272388
N            0.31477196394593       -1.93353178384415        0.08698305055921
C            1.33620644059345       -1.02251259717468       -0.03479087753834
C            2.69467091759426       -1.62623057621934       -0.18926831563825
C            1.03939143376710        0.29816526053352       -0.02164789235280
C            1.98599779942683        1.38891250784065       -0.22237014282024
O            1.67651207360271        2.56503935859139       -0.18026686506333
O            3.25687025855754        0.99994916324720       -0.47782166820987
C            4.19795286375551        2.04235478235275       -0.69017135787357
C           -0.37873367797697        0.76481301552086        0.23636838398508
H           -4.14985869001197        3.02874339452807        0.16433723087447
H           -4.64142728355320        1.78664855277643       -1.02960282736549
H           -4.89338319497668        1.48966189961323        0.70125606955068
H           -2.94545141317257       -2.52462473040514       -0.15740616300704
H           -1.69043689806496       -3.31308388753063       -1.11481575960373
H           -1.71203872757016       -3.51957097889290        0.63880318878190
H            0.55528745646854       -2.91449531341809        0.06572066315131
H            3.38433406001117       -1.20165955516849        0.53339600120214
H            2.65555545481477       -2.70323545689192       -0.05236964513199
H            3.09281467942313       -1.41050584118370       -1.17680307055220
H            4.35362082741085        2.60937482298647        0.22929448064946
H            5.11988491667408        1.55793082923459       -0.99850698108961
H            3.84337404486357        2.72430219510495       -1.46366514567838
H           -0.58931884783170        1.62219732205379       -0.40770618980394
H           -0.45950822421055        1.13730811749858        1.26645520129313
31
 energy: -50.441413675532 gnorm: 0.001824617977 xtb: 6.7.1 (edcfbbe)
C           -4.23506050592256        1.96260804473054       -0.02937972436589
O           -2.92207147787388        1.43723061260362        0.06986387374070
C           -2.79597876545882        0.10541065930116       -0.11798961240732
O           -3.76445733308921       -0.59589581052678       -0.35275231045337
C           -1.40591553996033       -0.32207068792123        0.00677095236216
C           -1.02096593417980       -1.61912223537036       -0.01976133844112
C           -1.90230065372024       -2.81471439196449       -0.16996542283042
N            0.31481229290579       -1.93400253139778        0.08782773617685
C            1.33590579189953       -1.02235304360518       -0.03465377507504
C            2.69460563855970       -1.62485432543899       -0.18948790437263
C            1.03888831712749        0.29820504584892       -0.02198684374146
C            1.98534945668746        1.38890403945451       -0.22500688126104
O            1.67520643585007        2.56512110877826       -0.18656920367407
O            3.25728742602170        0.99945124152507       -0.47560317797145
C            4.19836249028517        2.04124799592355       -0.68941598223104
C           -0.37909297580396        0.76485505832364        0.23676334138827
H           -4.14823620837207        3.02939964726899        0.16116798093124
H           -4.64478354853842        1.78200947660348       -1.02618310326946
H           -4.89136301621274        1.49267075053199        0.70718451636794
H           -2.94586351169488       -2.52378624644222       -0.16246711308397
H           -1.68728231911641       -3.31593877419159       -1.11329697454661
H           -1.71551188642534       -3.51699905803138        0.64178084298575
H            0.55531846649485       -2.91513316628838        0.06627579645870
H            3.38222998902586       -1.20490891647820        0.53917545594522
H            2.65534260436471       -2.70383111010750       -0.06020758870531
H            3.09631787434363       -1.40187212627565       -1.17516136120806
H            4.34761407617656        2.61566870768266        0.22773700672948
H            5.12308822927433        1.55464484993187       -0.98910810848834
H            3.84763696419667        2.71837827044185       -1.47084037443185
H           -0.58976528218189        1.62260492451773       -0.40687337193570
H           -0.45931709466244        1.13707199047309        1.26709524360761
31
 energy: -50.441421166134 gnorm: 0.002262405579 xtb: 6.7.1 (edcfbbe)
C           -4.23322425470050        1.96349373282636       -0.02807793821488
O           -2.92057646141955        1.43647601183701        0.06905947912666
C           -2.79592824606572        0.10479827361290       -0.11848617203429
O           -3.76490313373149       -0.59607417997202       -0.35259556246785
C           -1.40529189914742       -0.32274886118188        0.00816828787842
C           -1.02090421808814       -1.61980442238823       -0.01931656535172
C           -1.90315162204859       -2.81513081477325       -0.16852403520147
N            0.31501691162230       -1.93612287159972        0.08878237224432
C            1.33538347341679       -1.02324809832983       -0.03612593860796
C            2.69453209417856       -1.62333718297126       -0.19272713147752
C            1.03821510922355        0.29713172775701       -0.02285456893080
C            1.98457880385333        1.38807430084695       -0.22702496471522
O            1.67099978430751        2.56450705644765       -0.20111603399331
O            3.25850089281807        0.99928606477796       -0.46899091307771
C            4.19778352008118        2.04131614746172       -0.68642264484483
C           -0.37932591085281        0.76405293659644        0.23748437819707
H           -4.14240397230932        3.03226830200535        0.15024971553224
H           -4.64981081940389        1.77210083355235       -1.02054119083447
H           -4.88613424515555        1.50255580140693        0.71816185362534
H           -2.94703609434475       -2.52198090719334       -0.17125467750318
H           -1.68127329507078       -3.32363608737900       -1.10744496799741
H           -1.72375375099655       -3.51145384640462        0.65075823169494
H            0.55528274119530       -2.91733518489215        0.06305297802737
H            3.37836466105833       -1.21356992717761        0.54776941721181
H            2.65475009874893       -2.70571669459084       -0.07918782200977
H            3.10278967018663       -1.38534929490000       -1.17427171994321
H            4.33148517678547        2.63192202391995        0.22439864228897
H            5.12926640900292        1.55274821324102       -0.96607621176221
H            3.85495702965405        2.70624483897931       -1.48443472631433
H           -0.59034004523436        1.62224407073705       -0.40561479450512
H           -0.45784840756293        1.13628803764900        1.26813579815991
31
 energy: -50.441427730283 gnorm: 0.001266279928 xtb: 6.7.1 (edcfbbe)
C           -4.23201367337755        1.96444101120768       -0.03047104465966
O           -2.91979142821708        1.43655870120951        0.06763673567226
C           -2.79603494685562        0.10430944207557       -0.11636320752749
O           -3.76552132154111       -0.59673382859238       -0.34782545914917
C           -1.40534650122838       -0.32344470153942        0.00955284439657
C           -1.02088115021801       -1.62045854990468       -0.01874877836178
C           -1.90340543842934       -2.81568355048830       -0.16706481918323
N            0.31517961257486       -1.93678912702708        0.08763819837734
C            1.33538685182594       -1.02373385142353       -0.03694691798887
C            2.69455309173177       -1.62371126954597       -0.19437783853090
C            1.03820424233636        0.29662788049421       -0.02255836057427
C            1.98431190370601        1.38793994525571       -0.22611614643168
O            1.67083507063027        2.56406772476570       -0.19700868409641
O            3.25797139148034        0.99993826926577       -0.46990094737378
C            4.19702416415347        2.04244299768325       -0.68570690323143
C           -0.37930183941606        0.76351077116727        0.23783348157561
H           -4.14090243534830        3.03276342483410        0.14954310861723
H           -4.64725157880167        1.77501872914312       -1.02365207283887
H           -4.88605533433172        1.50278941960119        0.71398042617819
H           -2.94712192562538       -2.52269987296592       -0.16640131636985
H           -1.68433850070568       -3.32295493827668       -1.10705919860420
H           -1.72174045822364       -3.51300099048176        0.65057252968409
H            0.55553651244206       -2.91785172135457        0.06052549858429
H            3.37992229735016       -1.21098861044464        0.54231295920945
H            2.65572767274265       -2.70518619183463       -0.07652163521926
H            3.10000635895071       -1.38959371535090       -1.17744055031816
H            4.33223816192097        2.63011742986799        0.22618079123268
H            5.12783618128264        1.55512991131471       -0.96817630983342
H            3.85312090543535        2.70939244215854       -1.48083860307686
H           -0.59051914357437        1.62121626318471       -0.40584760750435
H           -0.45762874266910        1.13656655590265        1.26818240154572
31
 energy: -50.441437995979 gnorm: 0.001354224640 xtb: 6.7.1 (edcfbbe)
C           -4.22756866481023        1.96792480769908       -0.03623825305446
O           -2.91685865356141        1.43694962171975        0.06533954431936
C           -2.79626205213397        0.10304586955110       -0.10867564926603
O           -3.76756458187388       -0.59783774556714       -0.33286246762116
C           -1.40566377453315       -0.32593379114131        0.01426010879844
C           -1.02095369831857       -1.62278940242077       -0.01696933342503
C           -1.90421770396042       -2.81779103347536       -0.16232587269668
N            0.31556806457610       -1.93904319518800        0.08370849829355
C            1.33541076042138       -1.02573783265782       -0.04024133333924
C            2.69452602176434       -1.62532831288787       -0.20189461918034
C            1.03829931366754        0.29460082597141       -0.02185634856559
C            1.98291523305708        1.38701120355215       -0.22652819531759
O            1.66789663457481        2.56218428907350       -0.19681177562583
O            3.25807286901363        1.00170150477123       -0.46570509086634
C            4.19445462954531        2.04678864921625       -0.68096960885392
C           -0.37900618439377        0.76124790218244        0.23936200704631
H           -4.13341159414287        3.03714080795692        0.13671288997090
H           -4.64309807619295        1.77358051058597       -1.02809945000592
H           -4.88263663195606        1.51324038264419        0.71108326438422
H           -2.94725812804782       -2.52428283625662       -0.16052309264759
H           -1.68686317521441       -3.32730427464051       -1.10089712987425
H           -1.72238598117542       -3.51347481419904        0.65611516043702
H            0.55602262347512       -2.91975136785650        0.05225237055659
H            3.38178362542712       -1.21299227977890        0.53167363812643
H            2.65682764783164       -2.70590441605076       -0.08447307821137
H            3.09624398237467       -1.39094958366531       -1.18504443605805
H            4.32081996611535        2.64076743402719        0.22751832841559
H            5.12900201552686        1.56238031105484       -0.95378735869691
H            3.85331113340674        2.70656758133927       -1.48229226993632
H           -0.59094662990643        1.61761410929275       -0.40584242025097
H           -0.45645899055582        1.13637507504908        1.26894454734501
31
 energy: -50.441446048147 gnorm: 0.001006150429 xtb: 6.7.1 (edcfbbe)
C           -4.22413267516403        1.97062727867925       -0.04044185962760
O           -2.91448822147037        1.43720965756119        0.06199595880245
C           -2.79651481550324        0.10193817059204       -0.10396577126896
O           -3.76957690762176       -0.59909105805365       -0.31988585814662
C           -1.40596866614951       -0.32787208995536        0.01747140564073
C           -1.02107000509130       -1.62462722888211       -0.01521961015819
C           -1.90475294770004       -2.81961708970631       -0.15818693065738
N            0.31585462835201       -1.94083350628629        0.08140154108338
C            1.33523644904866       -1.02710255676510       -0.04328896888526
C            2.69440109520087       -1.62579749727213       -0.20843340554634
C            1.03811397146509        0.29318552507085       -0.02200946722745
C            1.98211216713343        1.38629099888339       -0.22545862242099
O            1.66504325288506        2.56117922494958       -0.19951050149492
O            3.25798651692984        1.00283113717063       -0.46241261083766
C            4.19264898550377        2.04946048477286       -0.67709744592592
C           -0.37899698262420        0.75951833236543        0.24019347618887
H           -4.12678721820747        3.04067016323264        0.12500819290450
H           -4.64208864290435        1.77084933726287       -1.03010859650906
H           -4.87886294316064        1.52291058200258        0.71117748580462
H           -2.94768862921121       -2.52534609076163       -0.15821467177474
H           -1.68648205191502       -3.33252942167427       -1.09477451472018
H           -1.72431578911757       -3.51264721192097        0.66293341584240
H            0.55639855351041       -2.92135951910984        0.04582396182354
H            3.38207124933393       -1.21618317736986        0.52671651902582
H            2.65693632803179       -2.70697935722582       -0.09549409181001
H            3.09546597491414       -1.38677546631396       -1.19101604802002
H            4.30972512785506        2.64958772056685        0.22791073958301
H            5.13076942280843        1.56694124838731       -0.93911688956903
H            3.85614035155721        2.70269305741046       -1.48493964714116
H           -0.59169347899869        1.61524827294918       -0.40561397044718
H           -0.45548409968982        1.13562007934138        1.26948935968922
31
 energy: -50.441447879583 gnorm: 0.002716316169 xtb: 6.7.1 (edcfbbe)
C           -4.21649643230899        1.97646280201113       -0.04816300089440
O           -2.90928048308401        1.43777583224184        0.05647902574139
C           -2.79723915881600        0.09964557229143       -0.09142367558187
O           -3.77420324521728       -0.60116579147164       -0.29038064244868
C           -1.40687016178411       -0.33204839866465        0.02534989063704
C           -1.02152071773073       -1.62855585881431       -0.01110184950932
C           -1.90573908733426       -2.82383873968995       -0.14862642839305
N            0.31628223032433       -1.94436895348284        0.07576224172104
C            1.33474424969924       -1.02990629227763       -0.05119291861819
C            2.69359061690175       -1.62649937714331       -0.22681401836657
C            1.03753720218744        0.29025467750921       -0.02345127438363
C            1.97933866055667        1.38478336439306       -0.22860143519298
O            1.65684458972938        2.55886365725900       -0.21834166803685
O            3.25986436959208        1.00492818718637       -0.44711792792831
C            4.18958363833224        2.05535024122388       -0.66503737135723
C           -0.37897444730681        0.75561759505629        0.24266224127372
H           -4.11014062473191        3.05082697945415        0.08661010974479
H           -4.64523913979468        1.75177871490085       -1.02864815089824
H           -4.86715425526784        1.55427615255216        0.72265585444964
H           -2.94829612388150       -2.52725061536299       -0.16306975306634
H           -1.67752689694856       -3.35071995862026       -1.07554298016826
H           -1.73582353913259       -3.50571137169085        0.68474675082925
H            0.55691702008559       -2.92475896629321        0.03413053996128
H            3.37977256215743       -1.23341509812668        0.51962017116562
H            2.65534019994906       -2.71052267596800       -0.13825156920581
H            3.09749510994074       -1.36520925131140       -1.20312405182065
H            4.26829692745325        2.68819339912730        0.22481191044006
H            5.14307904703690        1.57391820994651       -0.87915717449708
H            3.87223794750696        2.67786526447999       -1.50757959071522
H           -0.59377054751952        1.61025319691413       -0.40390479901788
H           -0.45264951059385        1.13317750227162        1.27163411833668
31
 energy: -50.441458056547 gnorm: 0.000836974930 xtb: 6.7.1 (edcfbbe)
C           -4.21852344401220        1.97495222199054       -0.04791439353502
O           -2.91064784398967        1.43776155925133        0.05547772368220
C           -2.79738552654813        0.09987709094433       -0.09329791356228
O           -3.77370870842095       -0.60150289375004       -0.29311424804355
C           -1.40685982400339       -0.33102166159263        0.02385012358867
C           -1.02145733117773       -1.62756959309254       -0.01151870068832
C           -1.90531747769330       -2.82301332222037       -0.14976843884026
N            0.31619999764655       -1.94320820509454        0.07685130757636
C            1.33473553284481       -1.02879210222985       -0.05002726161498
C            2.69356317367387       -1.62568325382291       -0.22386625820799
C            1.03739882841632        0.29134213320353       -0.02384457242734
C            1.97988967208052        1.38555239723006       -0.22783976436585
O            1.65953078426637        2.55996503852159       -0.21090928571639
O            3.25875983137045        1.00435037143851       -0.45299169362780
C            4.19085616388093        2.05334277830657       -0.66728513002029
C           -0.37920739392869        0.75676133257726        0.24186746149323
H           -4.11445462845775        3.04787261109811        0.09516181632150
H           -4.64504638361659        1.75727399145062       -1.03053676591516
H           -4.86984660995950        1.54590947285434        0.71781747546558
H           -2.94820476820485       -2.52742225683585       -0.15937825784755
H           -1.68030650553308       -3.34605260342102       -1.07952894147588
H           -1.73156419574500       -3.50784177186224        0.68019990444418
H            0.55693526307316       -2.92364494858034        0.03733467103732
H            3.38103233268115       -1.22751723316856        0.51875056619317
H            2.65572677469149       -2.70908219488818       -0.12815214580685
H            3.09570783189520       -1.37076632520191       -1.20268380835472
H            4.27964934479497        2.67503100484358        0.22737577957405
H            5.13942620173660        1.57170891857335       -0.89449497416481
H            3.87023290814714        2.68583287057501       -1.49911296011918
H           -0.59390870624062        1.61161144954378       -0.40443749006573
H           -0.45320529366769        1.13397312325968        1.27094874922357
31
 energy: -50.441462004583 gnorm: 0.000388458488 xtb: 6.7.1 (edcfbbe)
C           -4.21968547077032        1.97421400905876       -0.04956595475490
O           -2.91136645233091        1.43810393225451        0.05273032734067
C           -2.79778376811990        0.09976071946140       -0.09185983213776
O           -3.77436588191893       -0.60246619656901       -0.28725892240056
C           -1.40710185672215       -0.33052296798332        0.02421817500152
C           -1.02151639186655       -1.62708663979773       -0.01059608514590
C           -1.90496120540050       -2.82288847302983       -0.14817748369419
N            0.31617732149605       -1.94232935211873        0.07670736030139
C            1.33464673814692       -1.02802448500174       -0.05135085510076
C            2.69308787577037       -1.62518036123362       -0.22641424452962
C            1.03717997153116        0.29208255247848       -0.02561072898141
C            1.98012256631411        1.38612866436685       -0.22829355491901
O            1.66093340482010        2.56080668573379       -0.20863518093855
O            3.25840945338642        1.00408992854389       -0.45541556343339
C            4.19218072220752        2.05244124463132       -0.66595716747041
C           -0.37927363334594        0.75741418421472        0.24122251183113
H           -4.11632044244884        3.04706372871064        0.09265251623598
H           -4.64716721587761        1.75585671701211       -1.03145466763982
H           -4.86981496028917        1.54515818868533        0.71683204669080
H           -2.94797596970120       -2.52797626482486       -0.15715262968615
H           -1.68008957852541       -3.34580638103440       -1.07789617632772
H           -1.73046539083258       -3.50757362080793        0.68162774880977
H            0.55695572736319       -2.92283351455178        0.03905843758416
H            3.38167749332904       -1.22680168735105        0.51496918577712
H            2.65508322573086       -2.70835945441680       -0.13002945878946
H            3.09409163310543       -1.37103418147919       -1.20581625440332
H            4.27934889328665        2.67229041343289        0.22932864992012
H            5.14027799305778        1.57045168409334       -0.89147099590525
H            3.87475798227814        2.68626450695555       -1.49710429252319
H           -0.59465354356879        1.61229470137273       -0.40477894389125
H           -0.45238924010457        1.13446171909487        1.27042460737991
31
 energy: -50.441466645494 gnorm: 0.000478963660 xtb: 6.7.1 (edcfbbe)
C           -4.22178449242095        1.97285248816479       -0.05137811871863
O           -2.91253912553270        1.43875943942201        0.04912725967676
C           -2.79833299490253        0.09982325776403       -0.08948817518106
O           -3.77523499963329       -0.60364694220578       -0.27872660250458
C           -1.40734258845970       -0.32957719420153        0.02498455050240
C           -1.02159939941528       -1.62616885406977       -0.00913094194799
C           -1.90452011733305       -2.82249002681873       -0.14549647644584
N            0.31616036850106       -1.94101702263010        0.07647972175967
C            1.33454753647395       -1.02699071003935       -0.05377378856829
C            2.69230708406517       -1.62477698997899       -0.23133151922037
C            1.03698152620609        0.29311717856860       -0.02857326690905
C            1.98047105537634        1.38682872214883       -0.23045232443710
O            1.66263453341068        2.56173157956647       -0.20894120487094
O            3.25855658437706        1.00375679726556       -0.45724344270422
C            4.19441505303177        2.05132716791721       -0.66295616846946
C           -0.37915188001477        0.75848087494661        0.24023639642863
H           -4.11932747545349        3.04651723488894        0.08485181543240
H           -4.65243006685503        1.74891084775826       -1.03061457876478
H           -4.86873610956945        1.54692237741961        0.71940619739305
H           -2.94754937883971       -2.52802161380608       -0.15696161632474
H           -1.67743938894034       -3.34751789931063       -1.07339159433883
H           -1.73150386038245       -3.50509845942378        0.68628669548621
H            0.55688679469236       -2.92166023962857        0.04176740674461
H            3.38159598166226       -1.22970920020523        0.51110834014652
H            2.65331893898442       -2.70818614977299       -0.13880078005671
H            3.09318752468033       -1.36759819556519       -1.20990691311253
H            4.27344596132715        2.67427868574364        0.23078133526650
H            5.14428068967107        1.56825321009303       -0.87798272135325
H            3.88486265697383        2.68212651420062       -1.49919668556067
H           -0.59556094853342        1.61337410400593       -0.40535293349949
H           -0.45059946314702        1.13539901768375        1.26960270835175
31
 energy: -50.441470271675 gnorm: 0.000387398479 xtb: 6.7.1 (edcfbbe)
C           -4.22418287196640        1.97123270278312       -0.05376297786175
O           -2.91368338022746        1.43970406165671        0.04472531903227
C           -2.79896879173685        0.09992482117961       -0.08581909185489
O           -3.77632152329148       -0.60512254843311       -0.26741945534726
C           -1.40750088714987       -0.32853427789323        0.02652693973830
C           -1.02170053054806       -1.62514991233952       -0.00721672294190
C           -1.90432356657989       -2.82198615569906       -0.14134861407173
N            0.31621239657428       -1.93981746654684        0.07571821441167
C            1.33440877158071       -1.02601324362264       -0.05725548168149
C            2.69144344690485       -1.62430156904237       -0.23872510360841
C            1.03686746178177        0.29408982801402       -0.03204448669564
C            1.98098888779508        1.38747897768697       -0.23319449640197
O            1.66406110317976        2.56271295368341       -0.21122566634802
O            3.25927324513302        1.00337389572955       -0.45772209905844
C            4.19708910006680        2.05021134556813       -0.65827789062279
C           -0.37885648393205        0.75969580976963        0.23897106344056
H           -4.12280108632842        3.04622403980267        0.07257751305292
H           -4.65953396400023        1.73791078603824       -1.02871839756997
H           -4.86650602786172        1.55104322334937        0.72407785217648
H           -2.94723852709519       -2.52755893734393       -0.15733039149085
H           -1.67385255303627       -3.35114705910963       -1.06602079749066
H           -1.73423702029416       -3.50080738031516        0.69411648387637
H            0.55682592114234       -2.92060244539829        0.04347244214612
H            3.38119896205622       -1.23503660515630        0.50622405989873
H            2.65116556901666       -2.70817741269370       -0.15325249937190
H            3.09267056894592       -1.36138366765621       -1.21550994738614
H            4.26218455659071        2.68094325253829        0.23175737402950
H            5.15055315257486        1.56569105190521       -0.85522249798910
H            3.89942755580653        2.67395972207386       -1.50474971157367
H           -0.59644927561627        1.61422055274558       -0.40669449057919
H           -0.44821420948489        1.13722165662678        1.26827613234285
31
 energy: -50.441468531844 gnorm: 0.001282105483 xtb: 6.7.1 (edcfbbe)
C           -4.22661114373950        1.96959092771783       -0.05618047774301
O           -2.91484079213242        1.44066080141167        0.04026785893898
C           -2.79961093145274        0.10002901330657       -0.08210592482904
O           -3.77741910391680       -0.60661430802993       -0.25597100422312
C           -1.40766039494817       -0.32747885704294        0.02809149227712
C           -1.02180289822764       -1.62411900002106       -0.00527494603803
C           -1.90412668298412       -2.82147591839008       -0.13713763988860
N            0.31626546473428       -1.93860525820103        0.07494393143951
C            1.33426777906429       -1.02502551174917       -0.06078532444755
C            2.69056859861005       -1.62382173159865       -0.24621856011840
C            1.03675354137137        0.29507312684694       -0.03555638707740
C            1.98151512477382        1.38813537726591       -0.23596561034659
O            1.66550604157299        2.56370232968656       -0.21352960605930
O            3.25999887431321        1.00298840038357       -0.45820819907231
C            4.19979615997759        2.04908404350200       -0.65353669991934
C           -0.37855622328390        0.76092620428667        0.23768622547822
H           -4.12631985352349        3.04592615463723        0.06013739600360
H           -4.66672646770907        1.72676262899929       -1.02679744006967
H           -4.86424615172673        1.55522082694904        0.72880897973219
H           -2.94692538742659       -2.52708776886611       -0.15769603347217
H           -1.67022393812319       -3.35482987945204       -1.05854212389177
H           -1.73700926724113       -3.49645617532442        0.70206143688304
H            0.55676441756238       -2.91953309646445        0.04518206182618
H            3.38079563637740       -1.24043934706516        0.50127770156656
H            2.64898303039205       -2.70817214406073       -0.16790375454971
H            3.09214773909180       -1.35508114332068       -1.22118823111105
H            4.25078950382932        2.68768315623368        0.23273906909459
H            5.15689418716387        1.56311320032414       -0.83217657057643
H            3.91417987288835        2.66569466530494       -1.51034894094778
H           -0.59734532437787        1.61507193157905       -0.40806507913567
H           -0.44580141090914        1.13907735105250        1.26692497447695
31
 energy: -50.441471561873 gnorm: 0.000356381877 xtb: 6.7.1 (edcfbbe)
C           -4.22626398795384        1.96965509985979       -0.05571155571269
O           -2.91457473593399        1.44047580652456        0.04078149485411
C           -2.79937896155785        0.10013604863961       -0.08292798062031
O           -3.77705711207484       -0.60608351945726       -0.25741633898485
C           -1.40758900950310       -0.32775182443412        0.02782498682882
C           -1.02179875246269       -1.62441021986807       -0.00545342541080
C           -1.90440598186470       -2.82161732474741       -0.13645757903574
N            0.31629512478993       -1.93904087008143        0.07435545921199
C            1.33418598249315       -1.02532566922766       -0.06111714108714
C            2.69067695842273       -1.62391480075140       -0.24601292309708
C            1.03685040223936        0.29482744935562       -0.03524424144776
C            1.98153260430544        1.38790317496686       -0.23554691778136
O            1.66510909310187        2.56316951645752       -0.21335263220805
O            3.26013071127489        1.00330921340095       -0.45729607419033
C            4.19952951234387        2.04936990960529       -0.65333350245077
C           -0.37858319589183        0.76078566503553        0.23704060160365
H           -4.12584585993539        3.04583590498471        0.06094329136329
H           -4.66612257457315        1.72721359110985       -1.02632277718184
H           -4.86411400917347        1.55529936900943        0.72893279759165
H           -2.94720667596404       -2.52700654716683       -0.15631094373394
H           -1.67145523296974       -3.35531613574542       -1.05790938855020
H           -1.73679213754180       -3.49633565179602        0.70281747732122
H            0.55681062818643       -2.91981357875568        0.04286919522102
H            3.38066204230080       -1.24011149494583        0.50160787108045
H            2.64923394876185       -2.70831430666360       -0.16741023456983
H            3.09231236621984       -1.35513038914538       -1.22100801013210
H            4.25058075914889        2.68848265704064        0.23112676781963
H            5.15619652110299        1.56467525829891       -0.83113972478913
H            3.91459923561974        2.66478029107479       -1.50969135855637
H           -0.59704815031541        1.61438452159155       -0.40959523762882
H           -0.44646951259564        1.13986885573163        1.26589061847332
31
 energy: -50.441472514262 gnorm: 0.000248324201 xtb: 6.7.1 (edcfbbe)
C           -4.22593882837689        1.96977864316379       -0.05531475762069
O           -2.91438423861361        1.44027453778819        0.04153918691796
C           -2.79938268601290        0.10002337216477       -0.08280314338616
O           -3.77700760770676       -0.60595835063476       -0.25872686277341
C           -1.40753777583575       -0.32796326083104        0.02747372149732
C           -1.02180139030587       -1.62459924416223       -0.00595455305755
C           -1.90468944084847       -2.82172033244582       -0.13588657169232
N            0.31630354504393       -1.93935470008147        0.07366306997910
C            1.33417383005890       -1.02554236595372       -0.06133853606395
C            2.69082260877281       -1.62395499847406       -0.24583009463381
C            1.03697539920772        0.29462123472617       -0.03510002427999
C            1.98165840220308        1.38778720481675       -0.23506718808354
O            1.66488040097611        2.56300703949802       -0.21335826328854
O            3.26038331302798        1.00347635983283       -0.45634482725060
C            4.19938226485224        2.04974370480063       -0.65306814139802
C           -0.37858776873827        0.76070600890893        0.23621985492721
H           -4.12525365864932        3.04591952546101        0.06153074237636
H           -4.66556263861047        1.72751155030375       -1.02606135435512
H           -4.86403035305799        1.55547785994994        0.72916366497974
H           -2.94747179184679       -2.52695246845663       -0.15493309605891
H           -1.67272723824581       -3.35577825013489       -1.05737360331781
H           -1.73644480520086       -3.49619555238907        0.70346123828316
H            0.55682111379096       -2.92007957473790        0.04081782901463
H            3.38056096472274       -1.23983006325606        0.50183773456134
H            2.64960069094021       -2.70833025805874       -0.16693737845986
H            3.09264544923892       -1.35535291139814       -1.22079751565956
H            4.24984998964671        2.68958860714685        0.23094286985696
H            5.15626327117187        1.56510764116947       -0.83016245413714
H            3.91426286016938        2.66410415123581       -1.51014685786314
H           -0.59683966952770        1.61378602968072       -0.41120768521970
H           -0.44692421224582        1.14069886026808        1.26469557040608
31
 energy: -50.441474271537 gnorm: 0.000366255692 xtb: 6.7.1 (edcfbbe)
C           -4.22470772740673        1.97027612502519       -0.05291258159199
O           -2.91368815943481        1.43938089399813        0.04466425169055
C           -2.79921526241630        0.09968643900563       -0.08465561697209
O           -3.77683824272240       -0.60557034573316       -0.26403400206061
C           -1.40740831345930       -0.32882328475496        0.02576544904573
C           -1.02190557672260       -1.62543820266930       -0.00735026560531
C           -1.90580465285603       -2.82226119025078       -0.13321652064888
N            0.31628974229292       -1.94061011259868        0.07074864616706
C            1.33411165480970       -1.02642669594403       -0.06242648522872
C            2.69140006170545       -1.62418032264576       -0.24488763738950
C            1.03733960253776        0.29374674649588       -0.03503865685792
C            1.98205409438630        1.38717570760137       -0.23380498850025
O            1.66413731577974        2.56223464780502       -0.21355697816357
O            3.26140730900148        1.00387616955460       -0.45243151004237
C            4.19891928168336        2.05113425251785       -0.65160095282380
C           -0.37876500033885        0.76052533190325        0.23203585285299
H           -4.12293226372986        3.04621371873354        0.06510620702079
H           -4.66344400113376        1.72930355012047       -1.02437884674926
H           -4.86391792824486        1.55582047895321        0.73059126696430
H           -2.94849855149701       -2.52688915898980       -0.14889436197594
H           -1.67785769345112       -3.35758652541174       -1.05496757314285
H           -1.73479253249642       -3.49584611300850        0.70630651741809
H            0.55680754195122       -2.92118143992433        0.03277527154467
H            3.38008282419269       -1.23855473821838        0.50292579482304
H            2.65100437706239       -2.70845477207100       -0.16458501591373
H            3.09402040270043       -1.35659150547462       -1.21980491762219
H            4.24658954694714        2.69459140714507        0.23026571067444
H            5.15703288479725        1.56708990853643       -0.82526438074456
H            3.91365547225752        2.66137157381436       -1.51189607375326
H           -0.59599160158797        1.61103530303847       -0.41925938625759
H           -0.44908460460705        1.14495215334771        1.25871435804276
31
 energy: -50.441474901860 gnorm: 0.000220223443 xtb: 6.7.1 (edcfbbe)
C           -4.22465651428513        1.97036422016385       -0.05211077567091
O           -2.91381569590706        1.43912211201540        0.04562267154443
C           -2.79942768012766        0.09944968568702       -0.08415351652533
O           -3.77693958467929       -0.60560961207043       -0.26459393764786
C           -1.40753065855464       -0.32893611350068        0.02505635131801
C           -1.02195265756930       -1.62555881764455       -0.00793929471499
C           -1.90588732487007       -2.82245877063210       -0.13270033866252
N            0.31624472477197       -1.94067359329265        0.06979282998458
C            1.33412454875353       -1.02649126193688       -0.06295229642936
C            2.69147308900067       -1.62431745833585       -0.24452566385006
C            1.03727056021278        0.29367221316717       -0.03591810121830
C            1.98216129219176        1.38706465961048       -0.23390722406516
O            1.66422433343382        2.56207829205215       -0.21412642284297
O            3.26167236644018        1.00381042811498       -0.45179825914833
C            4.19908332118197        2.05123659729407       -0.65094239318427
C           -0.37894967435024        0.76064224087860        0.23023489080656
H           -4.12264442239553        3.04626003551808        0.06600158193069
H           -4.66340137392785        1.72961378410849       -1.02364109062092
H           -4.86412822081087        1.55606722125614        0.73125621372821
H           -2.94859271570450       -2.52713140958384       -0.14737683524274
H           -1.67884230308124       -3.35784979864483       -1.05461720900268
H           -1.73393157333318       -3.49593642355655        0.70671936689329
H            0.55675799106421       -2.92124501716648        0.03211295378648
H            3.37986639923135       -1.23825279196635        0.50333034151733
H            2.65102450851794       -2.70856675283876       -0.16366294740610
H            3.09440982016009       -1.35725605224670       -1.21947265880670
H            4.24576949242898        2.69565429329821        0.23019454969760
H            5.15758994717864        1.56769286445407       -0.82333007535179
H            3.91458668053987        2.66082416478540       -1.51190698145421
H           -0.59607436261471        1.61037553025100       -0.42211008508082
H           -0.44948431289620        1.14635553066271        1.25639692991890
31
 energy: -50.441475811383 gnorm: 0.000216421949 xtb: 6.7.1 (edcfbbe)
C           -4.22483357362490        1.97035642876524       -0.05078626928965
O           -2.91418703740279        1.43879182730802        0.04669135931926
C           -2.79978688322087        0.09912231188658       -0.08387562791371
O           -3.77726733549143       -0.60585532230807       -0.26447762768676
C           -1.40775789892977       -0.32897064984764        0.02394320895989
C           -1.02203144740482       -1.62559322725337       -0.00846862449627
C           -1.90587347742295       -2.82267871464156       -0.13204214465934
N            0.31617490449460       -1.94052413394580        0.06854141866587
C            1.33420142223195       -1.02642551544838       -0.06369203382757
C            2.69154181455430       -1.62453429646089       -0.24403430343974
C            1.03718737180842        0.29373335923688       -0.03763522575585
C            1.98230187383239        1.38707433618419       -0.23474010100401
O            1.66453841836823        2.56208906337985       -0.21505615158111
O            3.26205730131555        1.00377254777300       -0.45162511250399
C            4.19952522975967        2.05127215742323       -0.64983504985321
C           -0.37920076959656        0.76097201515784        0.22722628209641
H           -4.12254980512354        3.04620454933455        0.06749716150115
H           -4.66376272329166        1.72998015789305       -1.02234774341237
H           -4.86446934088464        1.55617243323900        0.73250489302621
H           -2.94866525614832       -2.52764901616545       -0.14530806423499
H           -1.67989505960225       -3.35778191278844       -1.05437152834273
H           -1.73255117981546       -3.49631370874433        0.70696401233225
H            0.55666812084309       -2.92114866243971        0.03268590534906
H            3.37961253670607       -1.23797312674963        0.50385372665546
H            2.65083252174198       -2.70872300724478       -0.16233253063074
H            3.09501640868385       -1.35834613264354       -1.21901423689228
H            4.24433464318511        2.69652733346102        0.23068690330899
H            5.15851674804401        1.56815889389006       -0.82004238968806
H            3.91654454499065        2.66010173536318       -1.51177742029496
H           -0.59631682090160        1.60943901348015       -0.42678193376743
H           -0.44990525169802        1.14874926280690        1.25258182226026
31
 energy: -50.441476880432 gnorm: 0.000246100161 xtb: 6.7.1 (edcfbbe)
C           -4.22510485878831        1.97024186654948       -0.04911676981747
O           -2.91457355973319        1.43843995920274        0.04761355712993
C           -2.80018048375627        0.09878523293845       -0.08392828925175
O           -3.77775659902658       -0.60619870551747       -0.26386591946673
C           -1.40800415517380       -0.32900856216294        0.02254236394997
C           -1.02213675004735       -1.62562056998917       -0.00893710499870
C           -1.90589557259123       -2.82291313767101       -0.13111851922285
N            0.31609668590741       -1.94035621151364        0.06698128923165
C            1.33424121015554       -1.02634027108395       -0.06470313352571
C            2.69165884661891       -1.62468495896176       -0.24349060940451
C            1.03710946306391        0.29380988560841       -0.03979424765353
C            1.98251227577893        1.38707873873434       -0.23567058563031
O            1.66493714533128        2.56212586756940       -0.21596894658229
O            3.26247173431169        1.00368537167444       -0.45171532361963
C            4.20011313059159        2.05125719440870       -0.64842254597536
C           -0.37950187846470        0.76147548289440        0.22323822317539
H           -4.12256552096982        3.04604448062266        0.06946048549432
H           -4.66446210250749        1.73032542792760       -1.02061123845472
H           -4.86463350076267        1.55602018624468        0.73424759464117
H           -2.94881404983412       -2.52823884740698       -0.14232308205754
H           -1.68150447220313       -3.35742617406660       -1.05419760145799
H           -1.73071798133545       -3.49695900371271        0.70717153307446
H            0.55660641323914       -2.92106792002251        0.03376051341302
H            3.37929555212103       -1.23752018321883        0.50448671961341
H            2.65074609156842       -2.70879741622451       -0.16083528448332
H            3.09582793313285       -1.35947214815744       -1.21845221460509
H            4.24232073255779        2.69741486861896        0.23154455247188
H            5.15972894215244        1.56836776380639       -0.81557351826158
H            3.91932644882573        2.65918669140690       -1.51170791054079
H           -0.59656954874393        1.60817317992645       -0.43314125517998
H           -0.45057157141834        1.15217191147669        1.24745984219473
31
 energy: -50.441477897766 gnorm: 0.000253025817 xtb: 6.7.1 (edcfbbe)
C           -4.22542556964004        1.97001158335737       -0.04749518830952
O           -2.91486680975396        1.43812775596541        0.04807772962878
C           -2.80053636624285        0.09848946531543       -0.08398667676511
O           -3.77825390700322       -0.60656785685039       -0.26289313275553
C           -1.40819310859589       -0.32906574691051        0.02115620093144
C           -1.02223466247314       -1.62565690926267       -0.00942957712562
C           -1.90605438526625       -2.82307523206998       -0.13000045822274
N            0.31604090312099       -1.94028855278888        0.06537650696471
C            1.33422528415504       -1.02628987633528       -0.06569102062089
C            2.69181184951553       -1.62470388288583       -0.24298083164461
C            1.03708639295120        0.29387077431469       -0.04180495189405
C            1.98270083480639        1.38704307993248       -0.23701061583781
O            1.66536701611751        2.56214533691672       -0.21646266167986
O            3.26285926000953        1.00360402696432       -0.45203425467109
C            4.20081405971693        2.05121239393692       -0.64688368165667
C           -0.37977919969270        0.76202057762875        0.21907134362388
H           -4.12272801226679        3.04578009373700        0.07135029168001
H           -4.66546183627724        1.73045039039595       -1.01876684396086
H           -4.86445115323677        1.55560362469864        0.73618909008918
H           -2.94908251037908       -2.52866149308283       -0.13866025891388
H           -1.68375145756294       -3.35690752960261       -1.05399757076853
H           -1.72873063238353       -3.49765673333984        0.70740064017248
H            0.55660912982349       -2.92105774750362        0.03439665117894
H            3.37890674648188       -1.23692010771495        0.50517131035747
H            2.65087332275090       -2.70874833156379       -0.15949805396107
H            3.09667607357438       -1.36026523696176       -1.21786182937228
H            4.24005354351928        2.69831615769346        0.23255245891189
H            5.16107514699799        1.56834754633887       -0.81054749866284
H            3.92255525424528        2.65810072529529       -1.51173777214628
H           -0.59671057344725        1.60669351918730       -0.44004277470024
H           -0.45139463356440        1.15604818509549        1.24197600433073
31
 energy: -50.441478983914 gnorm: 0.000210126123 xtb: 6.7.1 (edcfbbe)
C           -4.22584296447023        1.96965404775974       -0.04586164193963
O           -2.91510864023287        1.43785066684279        0.04799217802104
C           -2.80087748065409        0.09823690020236       -0.08423544000828
O           -3.77880160616977       -0.60698949219352       -0.26147228935507
C           -1.40834873131454       -0.32912219114476        0.01960062935480
C           -1.02234779342403       -1.62569222174271       -0.00999850224007
C           -1.90634646620009       -2.82318156930428       -0.12862982605308
N            0.31598433469137       -1.94029082883913        0.06360683287099
C            1.33414401070880       -1.02626067871039       -0.06688948320330
C            2.69200346728864       -1.62461679945558       -0.24249714779734
C            1.03711658989596        0.29393108776247       -0.04379968758221
C            1.98316739386217        1.38701548953511       -0.23735138784152
O            1.66585460490582        2.56215237878474       -0.21675041625354
O            3.26335279891271        1.00353083606721       -0.45206453579332
C            4.20164023506100        2.05112782245905       -0.64530828171816
C           -0.38006013147385        0.76263619475479        0.21445010107209
H           -4.12307429911841        3.04539323563520        0.07324305735329
H           -4.66689841231642        1.73037830167271       -1.01673106859813
H           -4.86392491170442        1.55489898514864        0.73841268210309
H           -2.94946083037158       -2.52894014542208       -0.13414895333906
H           -1.68673112682118       -3.35628335127177       -1.05371147660698
H           -1.72646950373312       -3.49837456582934        0.70772385934315
H            0.55664167873296       -2.92108224537611        0.03433875386650
H            3.37837929744892       -1.23619143309909        0.50597664004530
H            2.65117131722234       -2.70859828350394       -0.15827563887627
H            3.09769262651368       -1.36081693298831       -1.21720058827402
H            4.23772881110340        2.69936082570994        0.23347924689309
H            5.16254354372609        1.56814071310039       -0.80513178220362
H            3.92605582599228        2.65671163347234       -1.51196970927196
H           -0.59673578216051        1.60505521654602       -0.44772219357251
H           -0.45244785590075        1.16036640332865        1.23585864380476
31
 energy: -50.441480282118 gnorm: 0.000183061473 xtb: 6.7.1 (edcfbbe)
C           -4.22648988529232        1.96910764730532       -0.04420746090687
O           -2.91540484485212        1.43762602236386        0.04730904282659
C           -2.80129444114851        0.09798229678051       -0.08412660421520
O           -3.77943942895876       -0.60753058223213       -0.25917221504049
C           -1.40849753753092       -0.32911702338557        0.01786532244181
C           -1.02248132470609       -1.62566831342914       -0.01077078996140
C           -1.90674151889031       -2.82321606675815       -0.12692991488748
N            0.31591458969033       -1.94028904654437        0.06153706583078
C            1.33402957593204       -1.02619424359809       -0.06831158813085
C            2.69224027922253       -1.62443181562188       -0.24193562384629
C            1.03717259249187        0.29402641103649       -0.04603993835429
C            1.98370372846478        1.38695705028658       -0.23816163500296
O            1.66654042421723        2.56215291706032       -0.21680981268401
O            3.26395910243032        1.00338931936329       -0.45200091398515
C            4.20274998743739        2.05091200541960       -0.64336992480908
C           -0.38034817313832        0.76340788109109        0.20917148151474
H           -4.12379983550927        3.04483720628647        0.07502505129933
H           -4.66910740058795        1.72992069560428       -1.01437975700246
H           -4.86304402674841        1.55391591447850        0.74107096603226
H           -2.94991789300329       -2.52909238466277       -0.12846500238056
H           -1.69058757929956       -3.35552501265451       -1.05330635992910
H           -1.72367753029456       -3.49907376924876        0.70818916170411
H            0.55667364489741       -2.92106784007126        0.03319968963808
H            3.37769136543164       -1.23536828750000        0.50705180993194
H            2.65156476962170       -2.70835828995226       -0.15705085810405
H            3.09896501212267       -1.36118317872022       -1.21634708539890
H            4.23519265789745        2.70064302868609        0.23448987101758
H            5.16436492181057        1.56773701897931       -0.79861744018911
H            3.93042123103904        2.65488257449865       -1.51222325627294
H           -0.59669654430362        1.60318337949799       -0.45656639121611
H           -0.45365591844266        1.16543448554187        1.22881568428011
31
 energy: -50.441481888906 gnorm: 0.000200554092 xtb: 6.7.1 (edcfbbe)
C           -4.22749835452332        1.96832992784593       -0.04234493934241
O           -2.91588463928779        1.43745289135051        0.04590697023885
C           -2.80187033933747        0.09768009205871       -0.08363827584988
O           -3.78029478931145       -0.60831575029080       -0.25528917391906
C           -1.40870303952384       -0.32900482787088        0.01570144211267
C           -1.02265057254788       -1.62553997164300       -0.01181449138374
C           -1.90720625612032       -2.82318864729503       -0.12470850269500
N            0.31582186618097       -1.94018980271529        0.05888490778579
C            1.33392290241829       -1.02602298504292       -0.07014049089547
C            2.69250130820277       -1.62422173614108       -0.24127420619481
C            1.03725169157455        0.29423864273372       -0.04887992761280
C            1.98446711113305        1.38695568750588       -0.23905060829438
O            1.66753833705612        2.56221935635342       -0.21696034917315
O            3.26483270597266        1.00320876736028       -0.45153112326819
C            4.20430273672267        2.05053374017738       -0.64082967412577
C           -0.38069730156714        0.76443942325951        0.20253068653682
H           -4.12504923616247        3.04408726120154        0.07676860401706
H           -4.67235123654329        1.72900931565603       -1.01145296677636
H           -4.86183808679496        1.55263132337811        0.74445810359231
H           -2.95045111911435       -2.52928701483759       -0.12104425853388
H           -1.69552939497058       -3.35451191334809       -1.05268713365308
H           -1.71993433104837       -3.49984624072304        0.70881553511751
H            0.55666759607343       -2.92094178028025        0.03072558498395
H            3.37669873236239       -1.23457788457893        0.50854990440798
H            2.65186923164209       -2.70809493455487       -0.15574296292424
H            3.10071203088998       -1.36152167792406       -1.21521049846602
H            4.23233696008603        2.70234841281780        0.23564750295532
H            5.16674118771618        1.56714004552521       -0.79038584427000
H            3.93599478654388        2.65232607511091       -1.51246433430315
H           -0.59664611416234        1.60092355141955       -0.46758591631266
H           -0.45505437355921        1.17174065339247        1.21997901044584
31
 energy: -50.441483794071 gnorm: 0.000247412568 xtb: 6.7.1 (edcfbbe)
C           -4.22897883117364        1.96725722330406       -0.04004717355779
O           -2.91664930699893        1.43731576098799        0.04378151902926
C           -2.80270994510768        0.09726224904299       -0.08255616513023
O           -3.78154115583115       -0.60946831937574       -0.24896175868497
C           -1.40903672182070       -0.32875995395963        0.01292421073259
C           -1.02288822094056       -1.62527535881824       -0.01315571690092
C           -1.90770203806954       -2.82313706612167       -0.12174168445997
N            0.31567620624661       -1.93991230901915        0.05522771953813
C            1.33381884380438       -1.02568954987317       -0.07276620009409
C            2.69282573746382       -1.62397115382443       -0.24041556493921
C            1.03731823486317        0.29460175804382       -0.05290320657815
C            1.98548958443869        1.38701873076493       -0.24028480447020
O            1.66892114789342        2.56237852318257       -0.21770827375061
O            3.26609013195799        1.00292342185777       -0.45046455345694
C            4.20646346172061        2.04991600190759       -0.63727127539396
C           -0.38117089258031        0.76587479854660        0.19364841357574
H           -4.12693799651688        3.04308765999811        0.07865404583150
H           -4.67698707360576        1.72752754042292       -1.00760773435372
H           -4.86025421457725        1.55105771774349        0.74895185750805
H           -2.95102577218863       -2.52963659453050       -0.11111450039630
H           -1.70192365085409       -3.35311332246870       -1.05183826907158
H           -1.71474923768959       -3.50083184349044        0.70963604323456
H            0.55656964001714       -2.92063439452569        0.02677949188388
H            3.37530639641077       -1.23383974844882        0.51072338775670
H            2.65203781633081       -2.70778485145010       -0.15424950117499
H            3.10325269694399       -1.36190057064795       -1.21358204038774
H            4.22885199158751        2.70463708923677        0.23720426958037
H            5.16993119649195        1.56625845366935       -0.77933466113402
H            3.94345661691915        2.64874262368935       -1.51259187265619
H           -0.59666537119938        1.59798606004520       -0.48219502035110
H           -0.45678927393565        1.18010942401185        1.20819159247197
31
 energy: -50.441485467864 gnorm: 0.000245507746 xtb: 6.7.1 (edcfbbe)
C           -4.23055732173773        1.96615768966967       -0.03765714205427
O           -2.91754010520349        1.43718922290107        0.04156726307871
C           -2.80365227512677        0.09676547552186       -0.08102072223729
O           -3.78294756254687       -0.61076827212527       -0.24126402138759
C           -1.40944807966105       -0.32848266983269        0.01006143041234
C           -1.02312930575819       -1.62496706917180       -0.01455350024806
C           -1.90813174144519       -2.82310352019807       -0.11857708152476
N            0.31553210126022       -1.93953336283484        0.05117477449952
C            1.33375556420112       -1.02526861634637       -0.07561056678481
C            2.69313063800630       -1.62374508944874       -0.23958249173822
C            1.03735513999934        0.29504921625148       -0.05733606069525
C            1.98649942463559        1.38714936128534       -0.24181562792467
O            1.67029027522705        2.56259953518375       -0.21941843251350
O            3.26747341852306        1.00263651424955       -0.44896531432663
C            4.20879642636827        2.04922460259675       -0.63324070645603
C           -0.38170766771511        0.76739988484817        0.18404847589693
H           -4.12892163860320        3.04210177140324        0.08031590391108
H           -4.68189278143170        1.72579774252658       -1.00352047873929
H           -4.85865805413800        1.54966608502775        0.75372673179487
H           -2.95151125098057       -2.53014476327498       -0.10068788301940
H           -1.70844598477647       -3.35163898721655       -1.05082442734393
H           -1.70922022476093       -3.50188015886454        0.71048968313659
H            0.55643639101177       -2.92024023952716        0.02246268621807
H            3.37368664055015       -1.23335164623195        0.51316639600508
H            2.65201134570189       -2.70751430785408       -0.15297775937012
H            3.10612659859081       -1.36216735116440       -1.21179365068125
H            4.22537302334220        2.70702334439440        0.23904292854188
H            5.17327411999539        1.56533059225589       -0.76748567794727
H            3.95133206744283        2.64492298899525       -1.51234557271799
H           -0.59681372221672        1.59476477898270       -0.49788371274854
H           -0.45849545875370        1.18902724789911        1.19543713116384
31
 energy: -50.441486789014 gnorm: 0.000194605334 xtb: 6.7.1 (edcfbbe)
C           -4.23186219923379        1.96526249167196       -0.03553565525415
O           -2.91832612982788        1.43705924652306        0.03970505389368
C           -2.80452141310580        0.09626329416281       -0.07931033783862
O           -3.78426374813754       -0.61195449380018       -0.23366676578299
C           -1.40986393263521       -0.32828240781882        0.00763728678523
C           -1.02335113378795       -1.62472875660248       -0.01571834933856
C           -1.90844402794147       -2.82313933629400       -0.11571966412969
N            0.31539839208580       -1.93918084421880        0.04732801647695
C            1.33369972497052       -1.02488584767978       -0.07836724810646
C            2.69340728537984       -1.62354258085909       -0.23890150122152
C            1.03733102133596        0.29543810701826       -0.06156170990015
C            1.98727774034068        1.38726932934109       -0.24355441625260
O            1.67131051995820        2.56278745422428       -0.22203189672944
O            3.26873157407821        1.00238795917691       -0.44726488759711
C            4.21085122684467        2.04862640049858       -0.62933378616012
C           -0.38222624982177        0.76870615134536        0.17530473627968
H           -4.13047745125271        3.04132876148232        0.08149848175477
H           -4.68626181978179        1.72413935746904       -0.99978041399405
H           -4.85718853928317        1.54885352793643        0.75808304769979
H           -2.95181769120526       -2.53066692838837       -0.09154555247397
H           -1.71401310806290       -3.35046515108314       -1.04976380628181
H           -1.70438607370526       -3.50279096370883        0.71134299531723
H            0.55629904760108       -2.91988461229730        0.01874930639634
H            3.37215826272212       -1.23315338181754        0.51549091525097
H            2.65190865748949       -2.70729051554643       -0.15221156413313
H            3.10887744733617       -1.36219037084304       -1.21010593627932
H            4.22243605035220        2.70904386172457        0.24101360833341
H            5.17614486927628        1.56458553647835       -0.75679389782669
H            3.95823712463148        2.64166393664066       -1.51162151067461
H           -0.59705961813611        1.59163800434213       -0.51217354936846
H           -0.46000580848380        1.19710277082311        1.18374157535546
31
 energy: -50.441487906551 gnorm: 0.000129759052 xtb: 6.7.1 (edcfbbe)
C           -4.23280056072465        1.96463379663215       -0.03361776043314
O           -2.91894382533171        1.43688474999105        0.03830697140319
C           -2.80528752299635        0.09575238414053       -0.07758874802262
O           -3.78544258340998       -0.61299318880599       -0.22667626869481
C           -1.41024999461434       -0.32820807955000        0.00557756295221
C           -1.02353004218938       -1.62461490361436       -0.01673150658262
C           -1.90870042775749       -2.82326729939654       -0.11315062625931
N            0.31529955762835       -1.93893887506687        0.04380949544364
C            1.33366762378526       -1.02461034344163       -0.08080338830383
C            2.69363329289169       -1.62341597221560       -0.23844470375550
C            1.03727845056992        0.29571870064051       -0.06535941079592
C            1.98781991481627        1.38734408091336       -0.24542701103628
O            1.67191519663616        2.56288510370812       -0.22544098619423
O            3.26983922145442        1.00222550331876       -0.44540662590230
C            4.21255292380122        2.04823143895912       -0.62558382006832
C           -0.38272089728656        0.76977031118957        0.16745962209445
H           -4.13142975750501        3.04083223912451        0.08222769526734
H           -4.68985183200723        1.72263185252267       -0.99639115569705
H           -4.85582953354637        1.54868493140083        0.76205321530382
H           -2.95204175705786       -2.53120859675943       -0.08385031379111
H           -1.71857946895089       -3.34974120366495       -1.04854868197679
H           -1.70042263085811       -3.50351629475136        0.71233261102408
H            0.55620649493326       -2.91965134784997        0.01579780239120
H            3.37069724640793       -1.23326551490981        0.51759149223646
H            2.65176024806203       -2.70717453392696       -0.15201145627922
H            3.11139511451882       -1.36195831826958       -1.20863406388396
H            4.21998153171304        2.71079475235785        0.24313724977712
H            5.17851818304719        1.56418781544925       -0.74746286305056
H            3.96391467448033        2.63908263808429       -1.51041894221390
H           -0.59737402437064        1.58864799454778       -0.52500839231567
H           -0.46127481613904        1.20425617914383        1.17319558156372
31
 energy: -50.441489067261 gnorm: 0.000108983070 xtb: 6.7.1 (edcfbbe)
C           -4.23351211804054        1.96415576276528       -0.03161774961108
O           -2.91943744158932        1.43664193375264        0.03708096639075
C           -2.80605657122237        0.09517602237618       -0.07573869880081
O           -3.78667324402047       -0.61401914068035       -0.21941982782815
C           -1.41066564540098       -0.32826291012909        0.00356091124365
C           -1.02372875931054       -1.62461796485324       -0.01768482158269
C           -1.90897562292417       -2.82350792450036       -0.11040113236974
N            0.31518998286061       -1.93878835161586        0.04005952213409
C            1.33361008879985       -1.02441732391033       -0.08348853953904
C            2.69387922069307       -1.62330681341470       -0.23813271554805
C            1.03719194409467        0.29590451168717       -0.06940654087591
C            1.98825620766672        1.38735863802451       -0.24767809229182
O            1.67222981736277        2.56289148261359       -0.23002364152202
O            3.27101075735684        1.00211809765346       -0.44300557041513
C            4.21415702398869        2.04800748045799       -0.62143330254848
C           -0.38324819131455        0.77071251520048        0.15930619302831
H           -4.13193227337397        3.04050495903378        0.08265245985663
H           -4.69336623882812        1.72101866923231       -0.99278211908199
H           -4.85425172442534        1.54912123498390        0.76631410430523
H           -2.95224452817945       -2.53177566484501       -0.07635747355480
H           -1.72292342628384       -3.34946369209440       -1.04690498417364
H           -1.69677712494669       -3.50407563669717        0.71378600197804
H            0.55612636174765       -2.91951114000128        0.01306526490696
H            3.36913149297310       -1.23369255561423        0.51981564575718
H            2.65163038019806       -2.70710892396523       -0.15241451094635
H            3.11410071251961       -1.36136423189346       -1.20711584842170
H            4.21762338806286        2.71253441303171        0.24576645856010
H            5.18077811526366        1.56406815824630       -0.73804177888429
H            3.96921988246500        2.63681913174701       -1.50863054484049
H           -0.59772850205903        1.58529970593753       -0.53835124066794
H           -0.46261396413351        1.21157955737196        1.16215417954327
31
 energy: -50.441490320992 gnorm: 0.000142509702 xtb: 6.7.1 (edcfbbe)
C           -4.23406972293879        1.96378132161622       -0.02938227305410
O           -2.91983143746875        1.43633201346673        0.03581900570044
C           -2.80685701505644        0.09452855177795       -0.07379966209055
O           -3.78800356341018       -0.61508378807868       -0.21162288010792
C           -1.41110086048510       -0.32842935244588        0.00130373296121
C           -1.02393229490459       -1.62472909081815       -0.01872817294753
C           -1.90930897030229       -2.82385838164145       -0.10721540450523
N            0.31508491136308       -1.93873985831028        0.03595358130468
C            1.33354484792391       -1.02431188498338       -0.08639285073867
C            2.69412811547300       -1.62323008516750       -0.23806667447872
C            1.03710105574787        0.29600931894462       -0.07379969465660
C            1.98864885360962        1.38731096181110       -0.25032788686323
O            1.67228505377090        2.56279132125765       -0.23595991968122
O            3.27230441976137        1.00207283002878       -0.43995830809333
C            4.21578616703910        2.04794683738575       -0.61658426863654
C           -0.38383596734934        0.77163609506492        0.15027809684992
H           -4.13205317279615        3.04032763436270        0.08270089064713
H           -4.69710287727806        1.71908347250580       -0.98862939920059
H           -4.85226218968553        1.55015884520830        0.77126884084830
H           -2.95248556681656       -2.53238287325585       -0.06871052773250
H           -1.72721231676017       -3.34979016264451       -1.04450277587906
H           -1.69336447875448       -3.50435453650759        0.71603117400097
H            0.55608553260130       -2.91947674710633        0.01044004418901
H            3.36730718709559       -1.23456594768985        0.52222377414181
H            2.65148772607646       -2.70712409177272       -0.15368382005235
H            3.11709919963708       -1.36023131032126       -1.20556155205984
H            4.21531893622820        2.71434649440494        0.24916263184652
H            5.18307855258646        1.56420887321932       -0.72808473329897
H            3.97438511950110        2.63478719746830       -1.50602234401195
H           -0.59814296700987        1.58144376237002       -0.55311568853977
H           -0.46408227739843        1.21954257975139        1.14989963833879
31
 energy: -50.441491651170 gnorm: 0.000161969168 xtb: 6.7.1 (edcfbbe)
C           -4.23453416910852        1.96345572935986       -0.02698368236637
O           -2.92013669211670        1.43599138995069        0.03434359377628
C           -2.80765362148309        0.09386432482553       -0.07196777982457
O           -3.78934258149412       -0.61612523434541       -0.20376800756212
C           -1.41154733510970       -0.32866993806093       -0.00115546303707
C           -1.02416030073970       -1.62490627076175       -0.01976786524869
C           -1.90968492162005       -2.82426751343853       -0.10362213824020
N            0.31495960149151       -1.93875943638678        0.03164665744396
C            1.33343152545904       -1.02426793433482       -0.08960880003887
C            2.69438231532005       -1.62314309105979       -0.23824035362377
C            1.03700286574715        0.29604935606644       -0.07848866645009
C            1.98901408875780        1.38721561885053       -0.25332137314837
O            1.67216522438483        2.56261381938188       -0.24290925127305
O            3.27368797907551        1.00208345081344       -0.43636262075075
C            4.21742163274975        2.04801775877307       -0.61120400978171
C           -0.38444518836477        0.77248754589508        0.14067100659828
H           -4.13192392855040        3.04024046838265        0.08229399795176
H           -4.70129599688148        1.71669720421766       -0.98390666053940
H           -4.84973582927258        1.55175483621667        0.77696562679940
H           -2.95273051116941       -2.53291743506883       -0.06126962676398
H           -1.73120377303222       -3.35088938358569       -1.04121307437353
H           -1.69041855244787       -3.50409600214139        0.71926809200180
H            0.55605419405023       -2.91950524980296        0.00791991585866
H            3.36531617767240       -1.23594517654076        0.52480630584504
H            2.65134339564190       -2.70718031750299       -0.15594553952320
H            3.12034383199119       -1.35845779038314       -1.20394358793823
H            4.21328911906230        2.71596339073796        0.25331957854119
H            5.18533368020919        1.56450009954622       -0.71799801493612
H            3.97926835708804        2.63316190465593       -1.50262342288293
H           -0.59845624673042        1.57717426577912       -0.56878448284470
H           -0.46574434057959        1.22785960986213        1.13678222053145
31
 energy: -50.441493393991 gnorm: 0.000184729038 xtb: 6.7.1 (edcfbbe)
C           -4.23510231674695        1.96303829209417       -0.02359726522465
O           -2.92047639841043        1.43553431340911        0.03211672104920
C           -2.80872751289212        0.09297378277225       -0.06952708387788
O           -3.79117983799210       -0.61751123020550       -0.19296239158178
C           -1.41214200765613       -0.32904262203516       -0.00471874767625
C           -1.02447155547694       -1.62519797514308       -0.02119960862078
C           -1.91023650549100       -2.82487143373861       -0.09823940179504
N            0.31479559802527       -1.93885784125870        0.02570087911942
C            1.33325347775923       -1.02427544877892       -0.09424320490076
C            2.69469924948781       -1.62305647331320       -0.23884143985370
C            1.03685161535953        0.29604400220351       -0.08530341650509
C            1.98950637978716        1.38704117212566       -0.25767083894581
O            1.67193060054147        2.56229207249400       -0.25284345034558
O            3.27558961901129        1.00214661140287       -0.43126976822922
C            4.21967549548670        2.04823221948467       -0.60335164391672
C           -0.38529172908113        0.77365176685869        0.12695982984776
H           -4.13160982139942        3.04021081415995        0.08108476823296
H           -4.70741841936679        1.71285460175933       -0.97691290643814
H           -4.84578149736608        1.55446753619605        0.78541328389872
H           -2.95311770469077       -2.53357179937034       -0.05146019590176
H           -1.73617650194598       -3.35322183074581       -1.03570071216477
H           -1.68695571928446       -3.50313508937845        0.72486746355991
H            0.55604046482232       -2.91961217829353        0.00455843766348
H            3.36232292696816       -1.23837261198230        0.52841913812571
H            2.65108478834473       -2.70733762921714       -0.16010170191529
H            3.12502478049085       -1.35542303317686       -1.20178866759757
H            4.21083357141267        2.71782954471139        0.25987804862437
H            5.18837408167116        1.56502431125120       -0.70432699742645
H            3.98566719132805        2.63155627788848       -1.49705126426435
H           -0.59895229176012        1.57106233394041       -0.59103644484070
H           -0.46801002093572        1.23952754378694        1.11808115610089
31
 energy: -50.441495260466 gnorm: 0.000240184203 xtb: 6.7.1 (edcfbbe)
C           -4.23590172662168        1.96244233378618       -0.01935310562525
O           -2.92094208132473        1.43500468409421        0.02901254375494
C           -2.81000763883368        0.09195375606061       -0.06675157722885
O           -3.79330720729198       -0.61912621447854       -0.17981995500410
C           -1.41287052093411       -0.32944947898965       -0.00936701081547
C           -1.02486400864775       -1.62549374991721       -0.02298965373796
C           -1.91089450989175       -2.82554840533207       -0.09114053990830
N            0.31456578346979       -1.93894102056862        0.01835817757833
C            1.33299251678269       -1.02425706348578       -0.10021631785795
C            2.69505446103687       -1.62289362464651       -0.23987128807106
C            1.03666337498810        0.29605632088226       -0.09401803742876
C            1.99015395291808        1.38683775865808       -0.26319733514298
O            1.67177434257407        2.56190302699755       -0.26506842255002
O            3.27787769393307        1.00222902841396       -0.42508997410275
C            4.22248988980502        2.04848455176370       -0.59334316396831
C           -0.38632729008884        0.77500932110187        0.10958285711727
H           -4.13138800508911        3.04013963278080        0.07894054068291
H           -4.71563179304676        1.70736924873575       -0.96770306625616
H           -4.84038866972951        1.55821714446174        0.79652561005769
H           -2.95353125198829       -2.53417379318704       -0.03992871643174
H           -1.74162915683931       -3.35702713719766       -1.02771245256486
H           -1.68337523485585       -3.50103527573629        0.73306744223436
H            0.55599087736820       -2.91969579355035        0.00034145248139
H            3.35841856712765       -1.24189397036691        0.53298718131844
H            2.65071048869884       -2.70751160825892       -0.16630400770667
H            3.13099919653477       -1.35098542177838       -1.19906549615217
H            4.20836455992063        2.71932983668650        0.26884987533691
H            5.19197687350795        1.56554395378892       -0.68790057822773
H            3.99335605075841        2.63035662763621       -1.48925689496208
H           -0.59953367646297        1.56321715790831       -0.61892172390568
H           -0.47079585777756        1.25393817363838        1.09428621128679
31
 energy: -50.441496861381 gnorm: 0.000329024160 xtb: 6.7.1 (edcfbbe)
C           -4.23699546452085        1.96161351114915       -0.01426962314771
O           -2.92160606115720        1.43444243953428        0.02517557756378
C           -2.81142792305718        0.09087830250486       -0.06376805131029
O           -3.79556872924270       -0.62089193132955       -0.16489618311247
C           -1.41368598561084       -0.32981113230178       -0.01509072808366
C           -1.02530564500299       -1.62573883915745       -0.02517035830428
C           -1.91161335007288       -2.82622289745677       -0.08229332505331
N            0.31428877846678       -1.93898506652350        0.00964306863652
C            1.33266910039918       -1.02419160292087       -0.10752193097421
C            2.69542081030377       -1.62267753829927       -0.24136519878456
C            1.03642312549411        0.29611535561346       -0.10457887147757
C            1.99096997614346        1.38662975637804       -0.26964258832962
O            1.67187270946235        2.56147572061571       -0.27869943636827
O            3.28039113612784        1.00230582823290       -0.41824952232253
C            4.22581887993655        2.04867463342935       -0.58136935447400
C           -0.38754018622854        0.77661862304188        0.08875371758634
H           -4.13151674073680        3.03995264801348        0.07584652162110
H           -4.72574689689283        1.70020374051804       -0.95629594210467
H           -4.83369204898198        1.56286589906629        0.81006151385971
H           -2.95399086580798       -2.53463014857084       -0.02683614801522
H           -1.74733422111926       -3.36237478862375       -1.01711459361310
H           -1.67962344354847       -3.49755099882391        0.74410315874702
H            0.55590542563432       -2.91972690778766       -0.00495063941509
H            3.35354541044866       -1.24644017125017        0.53838142091360
H            2.65020890707394       -2.70769448479944       -0.17439124823229
H            3.13817795611625       -1.34530034410690       -1.19584375446071
H            4.20597333899908        2.72020373981003        0.28021394536793
H            5.19603519206310        1.56588367783222       -0.66923135328808
H            4.00222522381645        2.62975745186676       -1.47919191642160
H           -0.60018351969373        1.55372991701728       -0.65214652754095
H           -0.47409488881134        1.27088560722925        1.06567094473839
31
 energy: -50.441497984445 gnorm: 0.000190491734 xtb: 6.7.1 (edcfbbe)
C           -4.23789421431552        1.96094571610685       -0.01108817178354
O           -2.92219101459455        1.43419362298550        0.02252848039902
C           -2.81221015405836        0.09039143663191       -0.06224300202328
O           -3.79667168214941       -0.62180468312485       -0.15616045859867
C           -1.41416390476520       -0.32986733370492       -0.01893386190181
C           -1.02556811350923       -1.62571881136471       -0.02658637058629
C           -1.91193405722038       -2.82645794204933       -0.07618237617231
N            0.31408323824824       -1.93889390699773        0.00415873875707
C            1.33242943004126       -1.02406236036209       -0.11245425851461
C            2.69556400777296       -1.62247031495225       -0.24272913828923
C            1.03623958044197        0.29622765031099       -0.11160443637414
C            1.99150682362797        1.38657263625902       -0.27370241255888
O            1.67225117862140        2.56130750854802       -0.28635197679249
O            3.28169770440851        1.00232670775465       -0.41456645974060
C            4.22788031539897        2.04865177505170       -0.57366028740874
C           -0.38826558400505        0.77753166739820        0.07538336506331
H           -4.13211547378264        3.03971615596114        0.07304801530988
H           -4.73264522468988        1.69477164800873       -0.94855920498127
H           -4.82907790600221        1.56616623680965        0.81903048078562
H           -2.95413533167555       -2.53460661546221       -0.01968334008938
H           -1.74965896610683       -3.36695151265556       -1.00880263946447
H           -1.67815186897648       -3.49393649246153        0.75279682309445
H            0.55579692364604       -2.91962249259989       -0.00838653014324
H            3.35019897099797       -1.24976638375354        0.54163088363580
H            2.64978999799649       -2.70773062680401       -0.18054412373593
H            3.14276621403651       -1.34115646065392       -1.19388386121450
H            4.20534313991245        2.71937042838970        0.28844768213396
H            5.19822757902180        1.56570670555936       -0.65863396735458
H            4.00743797457613        2.63059827630847       -1.47166138654989
H           -0.60057148998770        1.54755417995824       -0.67285484607946
H           -0.47595809290943        1.28101358480550        1.04718121537842
31
 energy: -50.441499140840 gnorm: 0.000195603118 xtb: 6.7.1 (edcfbbe)
C           -4.23895576844262        1.96009942522407       -0.00787294624082
O           -2.92287733771017        1.43396573636979        0.01973193795610
C           -2.81303449651705        0.08988291181541       -0.06069931172479
O           -3.79783037974890       -0.62280024845028       -0.14738078062431
C           -1.41466086597906       -0.32985768578755       -0.02299419524616
C           -1.02585375816867       -1.62564337714171       -0.02809239827293
C           -1.91224553827603       -2.82666199266561       -0.06947144593387
N            0.31387199794753       -1.93874185253554       -0.00181182036379
C            1.33222166792328       -1.02386327784176       -0.11781695220977
C            2.69571191777428       -1.62228165508962       -0.24439568095052
C            1.03605036331960        0.29639660023376       -0.11898321052447
C            1.99219507286235        1.38660437651897       -0.27715390015460
O            1.67300640948231        2.56131522077100       -0.29179501909118
O            3.28294698393995        1.00229966187100       -0.41140925988918
C            4.23009304043862        2.04846952489350       -0.56582498283070
C           -0.38906180694421        0.77867835031282        0.06135356968352
H           -4.13305862033612        3.03934578596418        0.06959450076903
H           -4.74008467010501        1.68852674607424       -0.94036954567900
H           -4.82423992582646        1.56977543743299        0.82848328273516
H           -2.95440256478083       -2.53457067211771       -0.01241435789263
H           -1.75163456312458       -3.37232567397396       -0.99939860571906
H           -1.67674415359943       -3.48947748290863        0.76282580453371
H            0.55565367351584       -2.91943884327502       -0.01284390092402
H            3.34671357756145       -1.25326293295931        0.54474351064239
H            2.64923803983255       -2.70777433352900       -0.18709515421154
H            3.14755656600915       -1.33700336529822       -1.19209904008843
H            4.20488723991869        2.71789832848498        0.29724476761916
H            5.20056143686594        1.56525868940085       -0.64818241448657
H            4.01295677545922        2.63194985307137       -1.46367271475660
H           -0.60101031293654        1.54103794335337       -0.69508395963128
H           -0.47797000035484        1.29219880168272        1.02781679770742
31
 energy: -50.441500740813 gnorm: 0.000331780761 xtb: 6.7.1 (edcfbbe)
C           -4.24067479248771        1.95879746822525       -0.00418253980759
O           -2.92401906947555        1.43385106234344        0.01585754438605
C           -2.81403859780082        0.08944474478551       -0.05897616570563
O           -3.79910963359683       -0.62391354593694       -0.13670102359918
C           -1.41530015346578       -0.32958264574086       -0.02827152939479
C           -1.02619819798962       -1.62527524014346       -0.03012857167220
C           -1.91240754285484       -2.82671083972863       -0.06038260614453
N            0.31356923857441       -1.93828717987570       -0.00957600551699
C            1.33192075332375       -1.02337294599212       -0.12511005009831
C            2.69576396442328       -1.62192283918178       -0.24724332395839
C            1.03577990334780        0.29683802969050       -0.12853997639690
C            1.99319771519083        1.38689231356532       -0.28061472731377
O            1.67454876246814        2.56174568159493       -0.29480251366298
O            3.28424815861259        1.00217688963547       -0.40890794751948
C            4.23301046493819        2.04791585165238       -0.55617302445646
C           -0.39005600712434        0.78011080839915        0.04358000680760
H           -4.13506417871474        3.03875691459489        0.06318777268729
H           -4.75027307822998        1.67884437877145       -0.92955491205520
H           -4.81779720328006        1.57514349039785        0.84088822973800
H           -2.95454892204654       -2.53426113677008       -0.00567363515705
H           -1.75166700225966       -3.38119501444074       -0.98503207476189
H           -1.67672031335949       -3.48155541403738        0.77819399049135
H            0.55541126107239       -2.91897328780096       -0.01901355579480
H            3.34216116883235       -1.25801094585639        0.54805437469946
H            2.64831896093985       -2.70769544847528       -0.19652367600048
H            3.15354868341052       -1.33136444066817       -1.19036735817409
H            4.20599228506158        2.71375664079481        0.30961668647649
H            5.20312649963540        1.56392780853299       -0.63761893574205
H            4.01928820887505        2.63544493848644       -1.45219241781114
H           -0.60167596171251        1.53313396428311       -0.72211971007060
H           -0.48033537430738        1.30533993879611        1.00326024972854
31
 energy: -50.441501698331 gnorm: 0.000423623830 xtb: 6.7.1 (edcfbbe)
C           -4.24203777028940        1.95772326129737       -0.00032742774174
O           -2.92501504665284        1.43347615514266        0.01277593312542
C           -2.81512670830930        0.08875312356147       -0.05666566377842
O           -3.80056105396467       -0.62512405609161       -0.12533583344532
C           -1.41599700527667       -0.32961649501008       -0.03341483391671
C           -1.02656277091710       -1.62518650040326       -0.03239942045536
C           -1.91275498746998       -2.82700304104097       -0.05105125326750
N            0.31327807260023       -1.93810982226273       -0.01844372636289
C            1.33161882525262       -1.02306294013257       -0.13265738436214
C            2.69592176802636       -1.62162246465500       -0.24999355523862
C            1.03553537155183        0.29711327439164       -0.13797257999683
C            1.99419713897152        1.38707180361200       -0.28339191719985
O            1.67583799055036        2.56205492558168       -0.29659038100942
O            3.28582549816496        1.00211582697905       -0.40600210443922
C            4.23584520332555        2.04767310346470       -0.54637382055220
C           -0.39113826972575        0.78150548910686        0.02512085319534
H           -4.13638305488553        3.03831603681598        0.05676982829460
H           -4.75967490556757        1.66939207894847       -0.91872505346684
H           -4.81156388647939        1.58121194525851        0.85318942931751
H           -2.95493712973092       -2.53424092606429        0.00182998988600
H           -1.75235711736640       -3.39035850736951       -0.97045513347279
H           -1.67650026670058       -3.47373825334415        0.79375982639092
H            0.55519437231389       -2.91877913234407       -0.02662091322608
H            3.33776401578341       -1.26227661262121        0.55118937077420
H            2.64765535757426       -2.70763941668076       -0.20526856544344
H            3.15953605960352       -1.32627898277582       -1.18877022366358
H            4.20638097715941        2.71051074438852        0.32174280340736
H            5.20594307267181        1.56315130998357       -0.62615612565912
H            4.02556950759943        2.63844963406313       -1.44115282760372
H           -0.60225666623101        1.52443994594858       -0.75126696070342
H           -0.48323659158181        1.32007849215295        0.97759024481417
31
 energy: -50.441502354986 gnorm: 0.000157313931 xtb: 6.7.1 (edcfbbe)
C           -4.24176465857649        1.95798567583882       -0.00066342145214
O           -2.92482811819777        1.43348763413932        0.01286833821208
C           -2.81506355570238        0.08874410397825       -0.05615454544580
O           -3.80053719851359       -0.62508311497351       -0.12381804919783
C           -1.41599282586910       -0.32972750447796       -0.03301816221859
C           -1.02653192405042       -1.62529194339040       -0.03240142190928
C           -1.91265155424598       -2.82705535314036       -0.05121949457787
N            0.31325090173435       -1.93821761679732       -0.01910718850837
C            1.33157467469568       -1.02314791065941       -0.13276903730523
C            2.69588324257575       -1.62163895243357       -0.25009326742156
C            1.03549607295517        0.29706784097130       -0.13765252777185
C            1.99402370970962        1.38706918229991       -0.28281151596377
O            1.67567383930355        2.56207563984786       -0.29530218165860
O            3.28573682882927        1.00213754946520       -0.40619947157896
C            4.23557889480899        2.04780701651205       -0.54652515267962
C           -0.39115997748019        0.78120180933031        0.02524088803474
H           -4.13598558058518        3.03848140143524        0.05594523701146
H           -4.75920443769157        1.66940236931600       -0.91894200273563
H           -4.81150978453261        1.58202668149986        0.85279130505059
H           -2.95485295384746       -2.53433512732172        0.00132132887213
H           -1.75192696326017       -3.39047700203247       -0.97037280160107
H           -1.67666944471647       -3.47360582115332        0.79365781577085
H            0.55518313611354       -2.91889966728332       -0.02688271104845
H            3.33786838481450       -1.26188975007347        0.55073473898748
H            2.64776070033633       -2.70762094886095       -0.20489504646545
H            3.15924586202204       -1.32666623483551       -1.18907937259282
H            4.20620888963397        2.71045128228556        0.32166364902468
H            5.20570166356486        1.56342713849629       -0.62654930635575
H            4.02515438243924        2.63867894625583       -1.44113755978871
H           -0.60236603553443        1.52384412515431       -0.75101260355932
H           -0.48329617073282        1.31976855050831        0.97731611507294
31
 energy: -50.441503159426 gnorm: 0.000325540297 xtb: 6.7.1 (edcfbbe)
C           -4.24115120353709        1.95852096420521       -0.00156463945614
O           -2.92441243130393        1.43348120787912        0.01298384856657
C           -2.81503566126654        0.08860954608521       -0.05419474061931
O           -3.80067968468159       -0.62509518530481       -0.12035754297005
C           -1.41601723557213       -0.33002420692209       -0.03212614818360
C           -1.02653474813152       -1.62558414193703       -0.03267179231458
C           -1.91258679167235       -2.82732963419321       -0.05163878454863
N            0.31321705356678       -1.93849575493374       -0.02067708802562
C            1.33153686291058       -1.02336238299191       -0.13310442865654
C            2.69589515806173       -1.62169177878526       -0.25033650343997
C            1.03544095303553        0.29689037831846       -0.13710468733337
C            1.99375100536052        1.38699451738594       -0.28158463754359
O            1.67547073591532        2.56203568000230       -0.29227555398794
O            3.28553819945163        1.00218601431975       -0.40670615219021
C            4.23502407147128        2.04812809695009       -0.54685217270434
C           -0.39123290353663        0.78086563721713        0.02567790312361
H           -4.13489993390397        3.03898825206210        0.05374267914950
H           -4.75831965960398        1.66905588603803       -0.91963658191277
H           -4.81127766449546        1.58388831773272        0.85212962600391
H           -2.95482793538372       -2.53459895127869        0.00012070026005
H           -1.75111787693542       -3.39108171661660       -0.97037172380774
H           -1.67726058015009       -3.47346709149854        0.79366339174408
H            0.55519843364799       -2.91917572445547       -0.02769858541375
H            3.33821277922210       -1.26088296783177        0.54970795579523
H            2.64803412195138       -2.70762598986028       -0.20392515785362
H            3.15868357508106       -1.32765935115749       -1.18989747756903
H            4.20580807257267        2.71036896613086        0.32160745140940
H            5.20524450747029        1.56404027916117       -0.62743812723739
H            4.02420065983599        2.63930605496881       -1.44113666651114
H           -0.60256503721624        1.52303929329371       -0.75078052771479
H           -0.48333684216397        1.31967578591740        0.97737873814209
31
 energy: -50.441504289622 gnorm: 0.000513721327 xtb: 6.7.1 (edcfbbe)
C           -4.23986916174832        1.95960139013620       -0.00340994067224
O           -2.92356195594381        1.43343712712010        0.01262407775771
C           -2.81503745812146        0.08831954495171       -0.05103212357039
O           -3.80115541690638       -0.62517971543945       -0.11246901769007
C           -1.41611803826613       -0.33070953625293       -0.03009452274917
C           -1.02661308982858       -1.62625344493707       -0.03287020818666
C           -1.91263337230189       -2.82800305078253       -0.05244116642225
N            0.31315405351792       -1.93915931076412       -0.02394290754010
C            1.33150794980421       -1.02386827204771       -0.13379661530671
C            2.69599848674460       -1.62185994133108       -0.25091934076819
C            1.03542154922241        0.29642309047016       -0.13586911187171
C            1.99342884708779        1.38680541563024       -0.27852029018673
O            1.67532040019322        2.56191615530061       -0.28507909999609
O            3.28516374716593        1.00234800189524       -0.40784932693991
C            4.23392265520084        2.04890115364985       -0.54759725492704
C           -0.39136060636912        0.78027372211126        0.02648723051819
H           -4.13252982719708        3.04011826308351        0.04895629536160
H           -4.75691512219210        1.66816974387725       -0.92091418263753
H           -4.81057166451635        1.58781659810670        0.85111265858826
H           -2.95496879675992       -2.53518084338584       -0.00286749590984
H           -1.74915909727101       -3.39278518677913       -0.97017855313846
H           -1.67911602923272       -3.47317612650636        0.79410411837353
H            0.55521717249268       -2.91982251876918       -0.02997401020651
H            3.33918492924797       -1.25841630610749        0.54720544347969
H            2.64870883074319       -2.70769160219182       -0.20143342749467
H            3.15739322114389       -1.33023849868294       -1.19196204924253
H            4.20507676054725        2.71021615335906        0.32157812744609
H            5.20436612382772        1.56546042948301       -0.62956676606773
H            4.02206012276788        2.64092413075868       -1.44109029512011
H           -0.60284935204352        1.52153418405027       -0.75080353613070
H           -0.48346586100891        1.32007924989490        0.97754586545058
31
 energy: -50.441504998030 gnorm: 0.000394223925 xtb: 6.7.1 (edcfbbe)
C           -4.23911272135124        1.96022446606227       -0.00491979797813
O           -2.92309275716203        1.43342328147996        0.01189934948918
C           -2.81511976292465        0.08808370403117       -0.04780476729400
O           -3.80153040861829       -0.62522817224504       -0.10667514434927
C           -1.41619500792678       -0.33114994145404       -0.02866917218266
C           -1.02668444595810       -1.62667512951744       -0.03332276653125
C           -1.91278215331611       -2.82842100051561       -0.05299767794739
N            0.31310881813024       -1.93963174758960       -0.02615902098552
C            1.33151942737695       -1.02421207019959       -0.13426347326700
C            2.69610072326854       -1.62202830523947       -0.25136509789077
C            1.03547401282576        0.29606787428017       -0.13508101496519
C            1.99344425841519        1.38667577562153       -0.27644551862902
O            1.67548568548179        2.56184381597530       -0.27933983170721
O            3.28493278292559        1.00252545975325       -0.40885381437902
C            4.23332223742372        2.04948512454519       -0.54808019510445
C           -0.39137328587356        0.77990065920629        0.02699197635099
H           -4.13112597198977        3.04083999237775        0.04487206791846
H           -4.75672002715147        1.66692352080997       -0.92157154849075
H           -4.80973441687578        1.59078686917031        0.85071461939371
H           -2.95516108889274       -2.53546102109182       -0.00538108042625
H           -1.74762050924613       -3.39442891855778       -0.96972649217576
H           -1.68086636823931       -3.47260827405159        0.79480740017614
H            0.55518222229488       -2.92028137032415       -0.03235704134018
H            3.34007092704717       -1.25643437278587        0.54512803787815
H            2.64922833574117       -2.70775755582841       -0.19924491390360
H            3.15633995953078       -1.33253442595614       -1.19366860495463
H            4.20478379272844        2.70998653105976        0.32175370484487
H            5.20387234160189        1.56645924395494       -0.63118702415376
H            4.02067813538976        2.64235072231780       -1.44086791078759
H           -0.60300732910363        1.52064929276803       -0.75092163864490
H           -0.48341740555208        1.32062597184399        0.97766896623711
31
 energy: -50.441505605902 gnorm: 0.000191530617 xtb: 6.7.1 (edcfbbe)
C           -4.23879392428268        1.96041930115769       -0.00582103997005
O           -2.92288383876533        1.43347887839930        0.01051330703019
C           -2.81513724187673        0.08801085357608       -0.04641960926672
O           -3.80174595847238       -0.62528718862510       -0.10251900455167
C           -1.41619343940459       -0.33132974286786       -0.02794335159209
C           -1.02672790835095       -1.62685816795448       -0.03355350237083
C           -1.91294552226517       -2.82858093826883       -0.05319884375099
N            0.31307138822886       -1.93992482299036       -0.02740012931314
C            1.33153224836811       -1.02441842828092       -0.13467039181887
C            2.69617478633991       -1.62217256703383       -0.25167705033326
C            1.03553835029836        0.29582678328852       -0.13467308513459
C            1.99370143080502        1.38660265190769       -0.27452932585073
O            1.67576152057914        2.56177302353489       -0.27471279983137
O            3.28477611825874        1.00265979673535       -0.40966152103969
C            4.23307015065873        2.04984669788246       -0.54837898331451
C           -0.39131898063794        0.77980788212651        0.02707699611313
H           -4.13056209465840        3.04115450185485        0.04187496727644
H           -4.75751252818422        1.66554256087749       -0.92142651977208
H           -4.80861285024153        1.59261480537389        0.85112859886953
H           -2.95535392422712       -2.53542788415484       -0.00769272004329
H           -1.74611031918987       -3.39599775740078       -0.96882496590826
H           -1.68268441190973       -3.47161829828886        0.79601594111317
H            0.55508219991884       -2.92057085805176       -0.03479195491126
H            3.34087638603393       -1.25469134249579        0.54334585063523
H            2.64958768764657       -2.70779768576504       -0.19713522466367
H            3.15538348851530       -1.33468098204990       -1.19512666120254
H            4.20495738082921        2.70949163804903        0.32215814877001
H            5.20360208502834        1.56698886600192       -0.63260331655353
H            4.01977074455990        2.64362582726055       -1.44044110335600
H           -0.60289784575724        1.52014475183463       -0.75146839640073
H           -0.48340517784486        1.32136784426862        0.97748826534250
31
 energy: -50.441506125165 gnorm: 0.000284615757 xtb: 6.7.1 (edcfbbe)
C           -4.23882605152153        1.96030950485384       -0.00650030417177
O           -2.92285110941059        1.43363982726456        0.00831993355300
C           -2.81512545485693        0.08805370648048       -0.04552583696224
O           -3.80188123283405       -0.62532733596665       -0.09845541661193
C           -1.41615670677545       -0.33131089268188       -0.02757791056748
C           -1.02675358204822       -1.62685866313792       -0.03381517264955
C           -1.91310180083630       -2.82854482390701       -0.05323672396535
N            0.31302859651495       -1.94008914222997       -0.02820334703826
C            1.33156614047065       -1.02451073060762       -0.13497799979463
C            2.69622971380810       -1.62229274790732       -0.25194494365512
C            1.03563896059837        0.29569008851069       -0.13445082251051
C            1.99408027743938        1.38656512218909       -0.27330392605553
O            1.67623355242617        2.56178181564200       -0.26955726295953
O            3.28462571816984        1.00273465201058       -0.41095986958406
C            4.23310287316219        2.05004155372928       -0.54845167540211
C           -0.39121657878441        0.77988954044319        0.02671231103840
H           -4.13072110280382        3.04120575208645        0.03866099803722
H           -4.75948900707080        1.66338256820337       -0.92041884362807
H           -4.80687048993978        1.59420314300818        0.85242674761308
H           -2.95556700517829       -2.53514902010644       -0.01080850246648
H           -1.74393322641395       -3.39817147450969       -0.96712046182997
H           -1.68511641715361       -3.46965270696278        0.79812141354228
H            0.55490006806141       -2.92074784678318       -0.03799904055510
H            3.34186975090953       -1.25248314750025        0.54121515263107
H            2.64989349237076       -2.70777521594123       -0.19428180228836
H            3.15416452681523       -1.33740283567246       -1.19684356127851
H            4.20553797904939        2.70830221096683        0.32317349873279
H            5.20348691184832        1.56714759148037       -0.63407058040763
H            4.01928363381322        2.64527143876648       -1.43944461409035
H           -0.60263912348965        1.51975967286950       -0.75251107406903
H           -0.48339330633995        1.32233839531063        0.97676221159402
31
 energy: -50.441506402029 gnorm: 0.000324629993 xtb: 6.7.1 (edcfbbe)
C           -4.23916996996795        1.96003327620295       -0.00655647662451
O           -2.92301220486189        1.43379358531769        0.00684550166689
C           -2.81513196571488        0.08815808237476       -0.04540861651099
O           -3.80189368852227       -0.62532419751783       -0.09678741499164
C           -1.41614886869332       -0.33113399528238       -0.02796539622286
C           -1.02675891622139       -1.62669408094888       -0.03419105039854
C           -1.91310958018865       -2.82838213754756       -0.05316283537881
N            0.31299462043221       -1.93999817839719       -0.02840722594609
C            1.33156464569124       -1.02441954480876       -0.13532409300247
C            2.69621967500192       -1.62229293614924       -0.25200729058278
C            1.03567658517024        0.29577458303231       -0.13471553563861
C            1.99443285259644        1.38666480793644       -0.27204518075334
O            1.67661154419168        2.56187375116143       -0.26728123799404
O            3.28461772727263        1.00270552378250       -0.41161498455198
C            4.23336307348375        2.04992243321565       -0.54841108423905
C           -0.39118449570345        0.78004702680549        0.02602926322246
H           -4.13141891022031        3.04101472512288        0.03706456547431
H           -4.76130018061679        1.66175824196796       -0.91918926945190
H           -4.80563968793128        1.59479789359596        0.85377793269135
H           -2.95563316098499       -2.53488693473662       -0.01301160132258
H           -1.74227331948853       -3.39974512862756       -0.96562889367372
H           -1.68668479820832       -3.46786016886079        0.79983183836108
H            0.55477010540593       -2.92066970852669       -0.03977160221825
H            3.34234351845569       -1.25105755234297        0.54006524188163
H            2.64998169752069       -2.70767118024061       -0.19236491972520
H            3.15351390720925       -1.33908163837185       -1.19772669851771
H            4.20642017534936        2.70706134497701        0.32406664270045
H            5.20353993080790        1.56681587647397       -0.63511907047956
H            4.01924881877395        2.64631369526193       -1.43853994588961
H           -0.60247581133295        1.51971429310034       -0.75339393769150
H           -0.48346331870566        1.32276824193080        0.97587595000788
31
 energy: -50.441506653384 gnorm: 0.000198696098 xtb: 6.7.1 (edcfbbe)
C           -4.23942747039752        1.95988390526275       -0.00636606039654
O           -2.92313848860733        1.43387452836760        0.00635422711271
C           -2.81514569085956        0.08822558324136       -0.04551698132200
O           -3.80188571479268       -0.62533083129748       -0.09614019531749
C           -1.41616817354561       -0.33101083870568       -0.02831073294580
C           -1.02676109565180       -1.62657085028673       -0.03444162018570
C           -1.91302851657087       -2.82829390827841       -0.05312183872006
N            0.31297523207470       -1.93986315028374       -0.02862902281188
C            1.33154935612090       -1.02430510681692       -0.13553748043957
C            2.69619206015481       -1.62223146960341       -0.25195121259064
C            1.03565602248308        0.29590367763475       -0.13503163413405
C            1.99443142961587        1.38673526382341       -0.27222701523224
O            1.67682259093978        2.56199998505671       -0.26644845848042
O            3.28459969383032        1.00262142283903       -0.41220435367683
C            4.23354929502102        2.04973493345602       -0.54822485311311
C           -0.39121928624809        0.78014656548153        0.02556905483292
H           -4.13186766219520        3.04088656988101        0.03638456175728
H           -4.76219047367316        1.66083244264781       -0.91832579762693
H           -4.80508967273935        1.59516030713505        0.85467371101549
H           -2.95560908196883       -2.53481224019077       -0.01445453591058
H           -1.74107969705783       -3.40071406482148       -0.96466113576127
H           -1.68757500696393       -3.46670630630342        0.80088939093207
H            0.55472868090464       -2.92053559907623       -0.04032006791248
H            3.34252061462479       -1.25024072151206        0.53957796890636
H            2.65000982304250       -2.70754811412341       -0.19127880478675
H            3.15320933656221       -1.33989393290755       -1.19805743757619
H            4.20696356869575        2.70608023022550        0.32483677813179
H            5.20358804028618        1.56646256208311       -0.63555624315649
H            4.01944225787790        2.64694378268270       -1.43778145250609
H           -0.60247745793720        1.51956049788436       -0.75398906102520
H           -0.48357451302525        1.32300487640571        0.97522287714000
31
 energy: -50.441506986501 gnorm: 0.000145569442 xtb: 6.7.1 (edcfbbe)
C           -4.23989833260809        1.95964619574130       -0.00581917336117
O           -2.92340440669829        1.43395674629868        0.00604372906486
C           -2.81522982579860        0.08830075836650       -0.04561636492273
O           -3.80189997449207       -0.62537349670596       -0.09554526246643
C           -1.41624406582364       -0.33081666771954       -0.02892328213994
C           -1.02678132145705       -1.62636586751938       -0.03489071853903
C           -1.91285414875168       -2.82818989777550       -0.05314664432554
N            0.31294548130329       -1.93958171283799       -0.02915885734430
C            1.33152062200242       -1.02406889489094       -0.13586714889394
C            2.69614183832330       -1.62207132853882       -0.25182893452567
C            1.03560280462780        0.29617508929662       -0.13567657716020
C            1.99436257987692        1.38688349855934       -0.27265560783668
O            1.67720557878435        2.56225075915456       -0.26581404121521
O            3.28460223499931        1.00245096053633       -0.41309851574767
C            4.23390578543966        2.04932376604562       -0.54782293835931
C           -0.39134055327671        0.78035008350179        0.02451150751795
H           -4.13257922546679        3.04068876386778        0.03534354179616
H           -4.76361888640811        1.65916949534587       -0.91668112295181
H           -4.80433841312351        1.59595623728572        0.85639175796374
H           -2.95556067679905       -2.53477909860747       -0.01735574315486
H           -1.73869321972841       -3.40262220499615       -0.96293054100812
H           -1.68927144074786       -3.46457337216395        0.80281948667091
H            0.55471201563020       -2.92025889677909       -0.04058985961876
H            3.34268297053550       -1.24888356084843        0.53892900345205
H            2.65002598605503       -2.70729201211913       -0.18954483146718
H            3.15285155201352       -1.34108648086231       -1.19848651895345
H            4.20813765992042        2.70416210184242        0.32636614700713
H            5.20367486436697        1.56572104024723       -0.63644385921175
H            4.01972603481679        2.64813458390191       -1.43625524237882
H           -0.60261653304840        1.51942869279589       -0.75520389030328
H           -0.48376698446701        1.32336471947821        0.97388307661335
31
 energy: -50.441507249058 gnorm: 0.000244900401 xtb: 6.7.1 (edcfbbe)
C           -4.24032981796559        1.95941332909828       -0.00512013763937
O           -2.92368410510952        1.43398990718676        0.00590759371310
C           -2.81535448675310        0.08834536129222       -0.04575960406451
O           -3.80196560171010       -0.62543502233692       -0.09522971768212
C           -1.41633011927718       -0.33065424122447       -0.02963697883436
C           -1.02682245504403       -1.62618809184965       -0.03550150851948
C           -1.91274166596353       -2.82811889528371       -0.05314425218486
N            0.31290932377604       -1.93934052032845       -0.02990784041030
C            1.33149139053661       -1.02386116632857       -0.13634297334445
C            2.69613162224909       -1.62192268078334       -0.25164236200907
C            1.03554977982365        0.29639833868266       -0.13647660094624
C            1.99436562148958        1.38701238522956       -0.27303234521191
O            1.67759484873895        2.56246517299196       -0.26545770023290
O            3.28463069429085        1.00231910941989       -0.41381318068884
C            4.23427756806820        2.04896048935556       -0.54736663696124
C           -0.39145562968909        0.78055645538820        0.02340282505733
H           -4.13318824058144        3.04052470613009        0.03424440424770
H           -4.76514522703540        1.65737762216454       -0.91481097166637
H           -4.80354440426522        1.59694698955488        0.85839020308050
H           -2.95556731673986       -2.53474430959421       -0.02065792614689
H           -1.73607504574017       -3.40483050194292       -0.96097354928983
H           -1.69135122384024       -3.46229829163091        0.80503499020306
H            0.55470511404158       -2.92002057684123       -0.04071685372579
H            3.34283298836506       -1.24754338436780        0.53840533869623
H            2.65009662211568       -2.70705185408462       -0.18779341774872
H            3.15259701367227       -1.34227541259599       -1.19881263451465
H            4.20948450028968        2.70222549715565        0.32802643626729
H            5.20375904601431        1.56504235726958       -0.63751608237149
H            4.01983461401472        2.64948950447578       -1.43456778758258
H           -0.60272659527470        1.51920385497020       -0.75666744393753
H           -0.48397881249688        1.32401386872810        0.97246928864863
31
 energy: -50.441507600427 gnorm: 0.000281169424 xtb: 6.7.1 (edcfbbe)
C           -4.24086102849564        1.95910640218541       -0.00386010516189
O           -2.92407005548978        1.43398383233562        0.00588970051897
C           -2.81556281696324        0.08836869872016       -0.04596188594122
O           -3.80210585150192       -0.62554131854686       -0.09503874586129
C           -1.41646193819103       -0.33047736805750       -0.03068040384635
C           -1.02689464720780       -1.62599032464350       -0.03645486141336
C           -1.91265468983564       -2.82806180179633       -0.05319134301340
N            0.31285462282942       -1.93907905173186       -0.03121374967600
C            1.33146433055167       -1.02361538646794       -0.13701594725512
C            2.69615786826322       -1.62174357838842       -0.25132796610361
C            1.03549067386223        0.29665019980213       -0.13765038923824
C            1.99445821808605        1.38716286237902       -0.27349702601572
O            1.67809384078321        2.56270225701113       -0.26521527541031
O            3.28470086602530        1.00219592136116       -0.41454852397166
C            4.23481092367121        2.04854336580948       -0.54658801081494
C           -0.39163353770645        0.78086780123055        0.02138627459761
H           -4.13388959851807        3.04035304913557        0.03243218899933
H           -4.76754229602469        1.65447164930167       -0.91162134049036
H           -4.80217650898216        1.59882427932769        0.86182838582968
H           -2.95564092226323       -2.53468232973957       -0.02628777483548
H           -1.73179778101558       -3.40867015620726       -0.95772698091819
H           -1.69504564584477       -3.45855201493272        0.80872502282436
H            0.55470596407217       -2.91975617522064       -0.04083335237693
H            3.34299720122401       -1.24562959299138        0.53776244412060
H            2.65023958575571       -2.70674039136036       -0.18519373847164
H            3.15237042806075       -1.34405066598385       -1.19921164131424
H            4.21172267150799        2.69938849507440        0.33067792083206
H            5.20384934651239        1.56420628635670       -0.63939011143529
H            4.01960808484998        2.65172222302620       -1.43181556914318
H           -0.60286950935087        1.51883077523101       -0.75940851359181
H           -0.48431779866421        1.32521205768142        0.96996389277792
31
 energy: -50.441507811433 gnorm: 0.000183993380 xtb: 6.7.1 (edcfbbe)
C           -4.24099897115867        1.95899663678284       -0.00280752350773
O           -2.92421332433145        1.43392038625952        0.00600071651282
C           -2.81569385966521        0.08832963823514       -0.04610946773661
O           -3.80224489593150       -0.62560304873186       -0.09502418248036
C           -1.41654072531905       -0.33046987233051       -0.03146403421424
C           -1.02695048709601       -1.62597008254723       -0.03727299524524
C           -1.91270212451798       -2.82808906862719       -0.05320056703480
N            0.31280819287633       -1.93906257578550       -0.03239404299711
C            1.33145535975801       -1.02356879932348       -0.13755939124698
C            2.69623627682710       -1.62169605505618       -0.25100813784791
C            1.03546733244455        0.29667730231035       -0.13846406755626
C            1.99459675395970        1.38719281545060       -0.27366769931218
O            1.67825460869244        2.56273940290560       -0.26522704102026
O            3.28476735814686        1.00221047498331       -0.41462059963035
C            4.23506637137232        2.04848512816961       -0.54596734491732
C           -0.39173854847997        0.78099564541587        0.01977187585001
H           -4.13400427919164        3.04034558386280        0.03101147996852
H           -4.76920393552390        1.65237120268919       -0.90905201086344
H           -4.80094772820431        1.60059383961104        0.86459289682009
H           -2.95575329617812       -2.53461953110550       -0.03066906463566
H           -1.72865727278371       -3.41172326206554       -0.95515459257657
H           -1.69813405739578       -3.45574124378973        0.81159484317061
H            0.55470077338900       -2.91973257832482       -0.04107649824632
H            3.34302493706608       -1.24453419840698        0.53762058462806
H            2.65039824347164       -2.70661493741140       -0.18353465113278
H            3.15243683640862       -1.34517234545466       -1.19925056472589
H            4.21331454879901        2.69771227260909        0.33255293014106
H            5.20382332906751        1.56399250181007       -0.64087983569606
H            4.01892917321627        2.65340144312018       -1.42978829048971
H           -0.60286135263363        1.51823734241831       -0.76184954814648
H           -0.48463523708426        1.32639598222815        0.96782939836942
31
 energy: -50.441507971233 gnorm: 0.000091359257 xtb: 6.7.1 (edcfbbe)
C           -4.24066362518409        1.95917060434584       -0.00243252162679
O           -2.92403218871091        1.43382617361693        0.00631379750225
C           -2.81569091367206        0.08823672431922       -0.04604083334366
O           -3.80232487653500       -0.62558777449859       -0.09514804368550
C           -1.41654258854860       -0.33064771170591       -0.03155851066013
C           -1.02696264524581       -1.62614842398091       -0.03750059697724
C           -1.91282786124418       -2.82822088791622       -0.05320904834340
N            0.31279279793278       -1.93929128817211       -0.03289953156714
C            1.33146496552585       -1.02374061988860       -0.13767895608401
C            2.69631682891902       -1.62180354351106       -0.25083102252815
C            1.03548101387661        0.29647812670612       -0.13850846136380
C            1.99466698944874        1.38708751088998       -0.27346345303443
O            1.67797596077652        2.56255608129070       -0.26560073688786
O            3.28480795128898        1.00234515246542       -0.41391318366970
C            4.23489638146231        2.04881235154802       -0.54578875788677
C           -0.39175142130845        0.78088075117937        0.01918737943649
H           -4.13341098513298        3.04053319257392        0.03069639777231
H           -4.76921069552440        1.65213782983737       -0.90836339158205
H           -4.80048908522902        1.60146050310893        0.86535834849271
H           -2.95582959432769       -2.53462286491814       -0.03173141753455
H           -1.72812312831436       -3.41255549130303       -0.95455561810851
H           -1.69909120069140       -3.45520645057414        0.81225309582481
H            0.55470179046678       -2.91995175882665       -0.04130021532488
H            3.34281667381831       -1.24484260650912        0.53813425365065
H            2.65048774426614       -2.70674160113231       -0.18366778272471
H            3.15284632409970       -1.34502852612232       -1.19884374497478
H            4.21351547389697        2.69801023329115        0.33276285108406
H            5.20367721344725        1.56451204338935       -0.64128144999421
H            4.01805544745632        2.65370497718149       -1.42945283364422
H           -0.60275009660960        1.51772363216823       -0.76295204580163
H           -0.48480265040349        1.32691366104819        0.96694860778516
31
 energy: -50.441508089998 gnorm: 0.000128710023 xtb: 6.7.1 (edcfbbe)
C           -4.24022127369505        1.95942700568553       -0.00203196172057
O           -2.92375653807683        1.43373031662563        0.00668865151176
C           -2.81565701728698        0.08813334308681       -0.04592613360261
O           -3.80239991784728       -0.62553651126550       -0.09511859365020
C           -1.41654034616017       -0.33087059830520       -0.03168883315762
C           -1.02696875497112       -1.62636878315801       -0.03776202214822
C           -1.91295603770995       -2.82837343664734       -0.05320028107092
N            0.31276902749410       -1.93956627981808       -0.03348282171682
C            1.33147113008727       -1.02396021109571       -0.13778365867829
C            2.69640169581930       -1.62192753546111       -0.25059259008062
C            1.03549520136951        0.29623996582699       -0.13848120958170
C            1.99468208127899        1.38695049831921       -0.27326041664537
O            1.67759712948227        2.56233591822262       -0.26606687075936
O            3.28486627186821        1.00247701484383       -0.41297296717712
C            4.23464021909384        2.04920947960789       -0.54557834689249
C           -0.39177362769459        0.78069319842476        0.01848661578750
H           -4.13263991636764        3.04079061592053        0.03038973288867
H           -4.76912808610977        1.65198209647322       -0.90762752254415
H           -4.79993173932496        1.60245451930238        0.86614462324497
H           -2.95594561023019       -2.53458503156789       -0.03273781843871
H           -1.72760033557782       -3.41347719098475       -0.95393776105120
H           -1.69998403417115       -3.45466833037041        0.81296946548504
H            0.55468803500521       -2.92022169674712       -0.04176163477963
H            3.34244564339243       -1.24545969096717        0.53899243058964
H            2.65056532975788       -2.70691450184076       -0.18416090270706
H            3.15345684241728       -1.34452754356625       -1.19817176654424
H            4.21365380925425        2.69849037744039        0.33292708440772
H            5.20348008584792        1.56516045793434       -0.64167902281599
H            4.01695740114820        2.65393748579426       -1.42915411418516
H           -0.60260479392805        1.51695680092392       -0.76427084084582
H           -0.48506187416489        1.32748824726411        0.96578206107890
31
 energy: -50.441508164908 gnorm: 0.000117959235 xtb: 6.7.1 (edcfbbe)
C           -4.23987798907126        1.95965217718893       -0.00173560787438
O           -2.92352380543449        1.43367930890434        0.00689265912973
C           -2.81562814593493        0.08806397643849       -0.04579340513638
O           -3.80246580377850       -0.62547957138019       -0.09484272849394
C           -1.41654906237807       -0.33104186558649       -0.03183803193119
C           -1.02697679407804       -1.62653955568202       -0.03797925017945
C           -1.91302079370281       -2.82849785155700       -0.05313680409927
N            0.31274844417085       -1.93975719863355       -0.03395449557350
C            1.33146884673901       -1.02412486657037       -0.13791794888622
C            2.69645813837802       -1.62201984794697       -0.25037741614255
C            1.03549555062407        0.29607338154458       -0.13852364730790
C            1.99462766492446        1.38684876778049       -0.27317526381919
O            1.67730281450709        2.56217808506659       -0.26649921641838
O            3.28492477065991        1.00256261807950       -0.41222190214815
C            4.23442621846350        2.04949892056309       -0.54536982108393
C           -0.39181154238449        0.78054252320703        0.01784708446619
H           -4.13203825701934        3.04099703087581        0.03014294863522
H           -4.76906979198730        1.65189855448551       -0.90704423404009
H           -4.79943359398571        1.60323401751413        0.86675599958546
H           -2.95599322998401       -2.53462981576448       -0.03329134979930
H           -1.72730560456700       -3.41415979685282       -0.95341591580261
H           -1.70050992776048       -3.45428828184962        0.81349587128735
H            0.55467069324919       -2.92041120183995       -0.04230959752057
H            3.34202044663492       -1.24615989453855        0.53989611578400
H            2.65059633391342       -2.70705861692942       -0.18481149425688
H            3.15409344323483       -1.34387851113584       -1.19745258676166
H            4.21372144745840        2.69885322825555        0.33307725729396
H            5.20332285387538        1.56566525979838       -0.64189955829596
H            4.01613922305097        2.65408380705181       -1.42888745244781
H           -0.60250169446720        1.51627826975127       -0.76542458162250
H           -0.48531085335015        1.32793694966290        0.96472694766020
