$hessian                                                                        
        0.5266870015   0.0022277485   0.0129524740  -0.0726378354   0.0068462869
        0.0330054986  -0.0031005052  -0.0082031114  -0.0310320434   0.0029825853
       -0.0006052053  -0.0029441384  -0.0001332890   0.0002391611  -0.0003654874
        0.0004965140  -0.0000606980  -0.0000734684  -0.0002161675  -0.0000452087
        0.0000476069   0.0002341989   0.0000543388   0.0001281041   0.0000572018
       -0.0000113166   0.0000597495  -0.0067935288   0.0059311285   0.0237074157
       -0.0010560850  -0.0000905263   0.0003696487   0.0006353189   0.0002381115
        0.0001797630   0.0000281447   0.0000943573   0.0002119955  -0.0003231705
        0.0007189516   0.0011939446  -0.0046879447  -0.0002630659   0.0012752243
       -0.0555973863  -0.0574014136  -0.0113458129  -0.1155434429   0.0800086806
       -0.0763116118  -0.2686259009  -0.0297041267   0.0473880201  -0.0000700533
       -0.0000265968  -0.0000463289  -0.0000325260   0.0000432518  -0.0000296285
       -0.0000766199  -0.0000099256  -0.0000173215  -0.0000430564  -0.0000473102
       -0.0000177782  -0.0000063308  -0.0000199295  -0.0000221932  -0.0014320314
        0.0000277304   0.0013107463  -0.0000917356  -0.0000079936   0.0000042036
       -0.0000894208   0.0000043814   0.0001363341  -0.0004379409   0.0000904952
        0.0002648344  -0.0001259936  -0.0000281954  -0.0000297508
        0.0022277485   0.4811133351  -0.0114376140   0.0051529040  -0.0680525727
       -0.0193309283  -0.0072903012   0.0205960097  -0.0148985521   0.0029962522
       -0.0064960349   0.0004812197   0.0005112897   0.0000465605   0.0000249248
        0.0004492508  -0.0005466260   0.0001186381  -0.0002627358  -0.0002016281
        0.0000158391   0.0000977813   0.0001143461  -0.0006936004  -0.0013446753
        0.0000847968   0.0003831053   0.0030776613   0.0043417220  -0.0035224136
       -0.0003784933  -0.0008854501  -0.0003931791   0.0002075452  -0.0004965671
        0.0001770972  -0.0001289880   0.0000039785  -0.0000665007   0.0004511369
       -0.0003096084   0.0001884669  -0.0002894740   0.0017726995   0.0000596732
       -0.0562428266  -0.2563998294  -0.0477642751   0.0809431348  -0.1276374860
        0.0887087878  -0.0298410091  -0.0483021115   0.0075303732   0.0002018825
        0.0002627624   0.0002554330   0.0001008671   0.0000765161  -0.0000265534
       -0.0000513505   0.0000417622   0.0000743291  -0.0001190221  -0.0000454241
        0.0000559025  -0.0000729062   0.0000326734  -0.0000545638  -0.0002961409
        0.0008546321   0.0000395484   0.0000114478   0.0000021384  -0.0000171867
       -0.0000356955   0.0001304543  -0.0000335394  -0.0000025695  -0.0001277306
        0.0000819165  -0.0000727140   0.0000266819   0.0000436516
        0.0129524740  -0.0114376140   0.4478587793   0.0282235975  -0.0221532469
       -0.1698750936  -0.0205883671  -0.0164736102  -0.0458317153   0.0061105428
        0.0013908301   0.0004370982  -0.0011834257   0.0001682125   0.0000351272
        0.0004647670   0.0001124107  -0.0004642433  -0.0002462028   0.0001411962
        0.0000520099   0.0007360596  -0.0000009460  -0.0000945181  -0.0005993617
       -0.0002517926   0.0002744226   0.0098859660  -0.0039001350  -0.0143458974
       -0.0008969643  -0.0002078823  -0.0009989601  -0.0001357793  -0.0001523838
       -0.0001155973  -0.0001984850  -0.0001407439  -0.0002121387   0.0007228439
       -0.0001592783  -0.0004779014   0.0010616009   0.0003877243   0.0010844062
       -0.0094867758  -0.0410366113  -0.0449455031  -0.0738237820   0.0851554210
       -0.1193787772   0.0472515843   0.0078539941  -0.0534042952  -0.0001960002
        0.0001332674  -0.0001604213  -0.0002671642   0.0001909141   0.0000608109
       -0.0002057706   0.0000090978   0.0000556306  -0.0001854455  -0.0001237827
       -0.0000499473  -0.0000062747   0.0000342858   0.0000124678   0.0005367546
        0.0000785500   0.0001438968   0.0001012725   0.0000144530   0.0000187824
        0.0000545762   0.0000359114   0.0000084778   0.0002316057   0.0000333846
       -0.0000790078  -0.0003138461   0.0002983740   0.0003921073
       -0.0726378354   0.0051529040   0.0282235975   0.6700333017   0.0478520608
        0.1516241121  -0.3085441145  -0.0538675369  -0.2230498822  -0.0681027698
       -0.0071440332  -0.0229986015   0.0050457982  -0.0059249641  -0.0025691492
       -0.0025308818   0.0005039624   0.0020546999   0.0016489780  -0.0002286856
       -0.0001563244  -0.0033130864  -0.0010849857   0.0017947332   0.0022696590
        0.0049340390   0.0008598824  -0.1700337716   0.0068675016   0.0429710484
       -0.0399100629  -0.0037590280  -0.0052863031   0.0015484791  -0.0033119932
       -0.0064560246  -0.0032443999  -0.0000737988   0.0005589385   0.0068462411
        0.0005251903   0.0019944996  -0.0164567607   0.0084749640   0.0276148048
        0.0020410707  -0.0028349542  -0.0077113383   0.0024185476  -0.0020981321
       -0.0164328305  -0.0093898773   0.0056203601   0.0301002307   0.0002067314
        0.0001196171  -0.0003068845   0.0001858208  -0.0004260729   0.0000824867
        0.0004550419   0.0000142920  -0.0004220831  -0.0000480077   0.0003570779
       -0.0000400832  -0.0000425179   0.0000214525  -0.0007243356   0.0009902881
        0.0003148424   0.0008341218  -0.0002882444   0.0000859329   0.0004770056
        0.0003320767   0.0001884505  -0.0002796595   0.0001349203  -0.0001186429
       -0.0005710976   0.0003853760  -0.0001598200  -0.0021855637
        0.0068462869  -0.0680525727  -0.0221532469   0.0478520608   0.1840905755
        0.1115052572  -0.0619015907  -0.0562501011  -0.0652904703  -0.0064625678
       -0.0010145694   0.0009505163   0.0038123974  -0.0007129154  -0.0023619992
       -0.0003308968  -0.0003535641  -0.0002968522   0.0001962858  -0.0001547466
       -0.0000425611  -0.0007926699   0.0001044934   0.0002420060  -0.0000915329
        0.0007641278   0.0011960385   0.0109491834  -0.0583682676  -0.0078996425
       -0.0085052312   0.0000532330   0.0032401851  -0.0020932813   0.0058467731
       -0.0038167051  -0.0003088106  -0.0003930912  -0.0003148868   0.0004007160
        0.0054433445  -0.0047317447   0.0100077088  -0.0005425621  -0.0035491138
        0.0033319427  -0.0083599088  -0.0285790625  -0.0035730832   0.0035822252
        0.0169464587   0.0003884287   0.0008933820   0.0028215506  -0.0002140091
       -0.0001935607   0.0000756475   0.0001597827  -0.0001875590   0.0001461107
        0.0000942639  -0.0000766236   0.0000272941   0.0000423646   0.0000096468
       -0.0001088083  -0.0001403609  -0.0004160111  -0.0000176723  -0.0001443195
       -0.0020723851   0.0008872863  -0.0005718433   0.0000680671   0.0000730543
        0.0000960342  -0.0015912251   0.0006683047   0.0005145303  -0.0000038445
       -0.0003005774   0.0004382110  -0.0021123602   0.0006836330
        0.0330054986  -0.0193309283  -0.1698750936   0.1516241121   0.1115052572
        0.6131000998  -0.2623044134  -0.0636026289  -0.2986002432  -0.0040478606
       -0.0015897286  -0.0013341557   0.0043889435  -0.0004537643  -0.0023189817
        0.0003581443  -0.0002780695   0.0001009030  -0.0003281112  -0.0002890599
       -0.0000325610  -0.0002252320   0.0000325259   0.0006664783   0.0044999320
        0.0008657454   0.0003270891   0.0588199815  -0.0054938293  -0.0861775714
       -0.0126689808   0.0019752803   0.0068530973  -0.0028005521  -0.0035226109
        0.0000395156  -0.0006075724  -0.0004397875  -0.0009889395   0.0017104024
       -0.0050919890  -0.0040128631   0.0267756025  -0.0033272193  -0.0129342689
       -0.0019590808  -0.0065927611  -0.0097900561  -0.0027351224  -0.0025741432
       -0.0213853512   0.0075687138  -0.0031917309  -0.0110460668  -0.0002664455
       -0.0002420136   0.0003248659   0.0004116605  -0.0003376110   0.0000518358
        0.0002955643  -0.0000215776  -0.0000637322   0.0003194254   0.0002848351
       -0.0000591564  -0.0004538452  -0.0001954566   0.0001410262  -0.0014260115
        0.0006160782  -0.0010189733  -0.0011950231  -0.0001190233   0.0000933958
       -0.0003271131   0.0006768025  -0.0003063593   0.0011629289  -0.0001058589
       -0.0006001274   0.0004044543   0.0008432671  -0.0011538060
       -0.0031005052  -0.0072903012  -0.0205883671  -0.3085441145  -0.0619015907
       -0.2623044134   0.7253660581   0.0517004147   0.2495608929  -0.2515323683
        0.0171824629   0.0413338938  -0.0456840284   0.0248419448   0.0105248693
        0.0042762990   0.0018813496  -0.0018995094  -0.0047944290   0.0014553124
        0.0004825097   0.0063706160  -0.0033093734  -0.0005272003  -0.0511071724
       -0.0210629994  -0.0018831274  -0.0674447185  -0.0041639241  -0.0149490186
        0.0010760749   0.0021547528   0.0067195676  -0.0034129871  -0.0001279548
        0.0019173185   0.0010572060  -0.0004514465  -0.0011372037  -0.0016144633
       -0.0012089255  -0.0014294165  -0.0011716757  -0.0012271763  -0.0064532160
        0.0000226137   0.0005343684  -0.0003229512   0.0004038509  -0.0001860514
       -0.0002014263   0.0005253232   0.0009580049   0.0011908430   0.0017264854
       -0.0015915269  -0.0010087749  -0.0009292357   0.0005505564   0.0000033401
       -0.0001087320  -0.0000195845   0.0000542505  -0.0007755081  -0.0004659805
        0.0002687796   0.0014010861   0.0011688312   0.0010245540   0.0001596619
        0.0002621656  -0.0002760912  -0.0007807563  -0.0000183198  -0.0000327128
       -0.0002708710   0.0000964760  -0.0000343049   0.0000280853   0.0000418403
        0.0001168291  -0.0011417952   0.0001966750  -0.0001499144
       -0.0082031114   0.0205960097  -0.0164736102  -0.0538675369  -0.0562501011
       -0.0636026289   0.0517004147   0.1130785363   0.0837151212   0.0119941616
       -0.0625593921  -0.0039181085   0.0335897494  -0.0039917007  -0.0001022627
       -0.0000178633  -0.0050861383  -0.0005978581   0.0004058449   0.0023438190
        0.0003326676  -0.0002907710  -0.0062182102  -0.0003913825  -0.0326540876
       -0.0005192810  -0.0001204884  -0.0068374415  -0.0072533713   0.0047146608
        0.0008750038   0.0012293909   0.0004351392  -0.0004360496   0.0009491175
       -0.0000647947   0.0005866054   0.0000599165   0.0001767608  -0.0010296288
        0.0000699495   0.0000742003   0.0023762537   0.0001617928  -0.0033265559
       -0.0001625192   0.0008174705   0.0032667098   0.0008535061  -0.0009014342
       -0.0046801048  -0.0001547911   0.0000329297   0.0002435527   0.0009406621
        0.0016011101  -0.0003897879   0.0013251967  -0.0001736351  -0.0003876738
       -0.0000424298   0.0001539318  -0.0000722581  -0.0015355025  -0.0000841052
        0.0001057115  -0.0004542240   0.0021820491   0.0000366366   0.0001761108
       -0.0002289194   0.0002706249   0.0000264403  -0.0000320152   0.0000527779
        0.0000996132  -0.0000116517   0.0000451146   0.0000179590  -0.0000088006
        0.0000247111   0.0007184350   0.0000427326   0.0006331255
       -0.0310320434  -0.0148985521  -0.0458317153  -0.2230498822  -0.0652904703
       -0.2986002432   0.2495608929   0.0837151212   0.3824885491   0.0110164859
       -0.0002087782  -0.0548526409   0.0062332309  -0.0064858032   0.0038247857
       -0.0024080392  -0.0009871636   0.0080316462   0.0022102894   0.0002662462
       -0.0003646857  -0.0022272526  -0.0008679959   0.0066458312   0.0001191542
        0.0042243814   0.0037727583  -0.0188455298   0.0018349321   0.0107036592
        0.0046136422   0.0001219672   0.0017753619  -0.0009499506   0.0003719855
        0.0011779757   0.0011617147   0.0001520147  -0.0000312457  -0.0017537492
        0.0004510890   0.0003614357   0.0047410114  -0.0026191142  -0.0056809888
        0.0000964590  -0.0007048672  -0.0049006092   0.0007706241  -0.0013453100
       -0.0060718123  -0.0020527065   0.0006538084   0.0031206011   0.0002295410
        0.0001442613  -0.0025134426  -0.0001089383   0.0000544328  -0.0002697939
       -0.0001755494   0.0001582994  -0.0017298330  -0.0002901604  -0.0000890381
        0.0000370331   0.0000440312   0.0004227675  -0.0029090369   0.0004375047
        0.0004101234   0.0002112808   0.0001225431   0.0000987943   0.0000280863
        0.0002259223  -0.0000369976   0.0001127152  -0.0000333540   0.0000024030
        0.0001296328   0.0013441089   0.0004514629   0.0013346952
        0.0029825853   0.0029962522   0.0061105428  -0.0681027698  -0.0064625678
       -0.0040478606  -0.2515323683   0.0119941616   0.0110164859   0.6319041658
        0.0058661680  -0.0207010337  -0.1182217978   0.1078670404   0.0085238138
       -0.0322585291   0.0280968202   0.0042062786   0.0078103894  -0.0040567969
       -0.0012278890  -0.0433334811  -0.0215299068  -0.0003813528  -0.1335523811
       -0.1210625203  -0.0034961680   0.0036278758  -0.0018849457  -0.0048535301
       -0.0031250884  -0.0003825636  -0.0011652281   0.0002256265  -0.0003275122
       -0.0009636809  -0.0001914358   0.0000814599   0.0002270248   0.0008024300
        0.0002976679   0.0006593798  -0.0000646693  -0.0003206745   0.0007003976
        0.0000561430   0.0005398420   0.0008006265  -0.0002049077  -0.0002089959
        0.0008032836   0.0007211051  -0.0001862490   0.0000936496   0.0057056425
       -0.0139563438   0.0005622226  -0.0054891740   0.0000877379   0.0006790686
        0.0010788755  -0.0000865711   0.0001100095  -0.0055127671   0.0004761017
        0.0006179250   0.0065944607   0.0110069294  -0.0004085078   0.0000850460
        0.0001765722   0.0005582529   0.0001738835   0.0000487800   0.0001722154
        0.0002996818   0.0000325469   0.0000118012   0.0001324561  -0.0000212438
       -0.0001196412  -0.0006109975   0.0009188110   0.0015119139
       -0.0006052053  -0.0064960349   0.0013908301  -0.0071440332  -0.0010145694
       -0.0015897286   0.0171824629  -0.0625593921  -0.0002087782   0.0058661680
        0.6128350170   0.0462159026   0.0460413821  -0.2544185040  -0.0185575315
        0.0831179240   0.0225971931  -0.0029011326  -0.0036799859  -0.0644885873
       -0.0047842609  -0.0767385700   0.0322708476   0.0062016183  -0.0601177503
       -0.2404321907  -0.0167666629  -0.0010330013   0.0132651129  -0.0034803714
        0.0004354021   0.0004460556  -0.0002894317   0.0001294734  -0.0011693819
        0.0007752367  -0.0000728361  -0.0000070460  -0.0001247328   0.0001644653
       -0.0005555516   0.0002553984  -0.0001975447  -0.0002196960   0.0004597639
        0.0002394865  -0.0005115640  -0.0015082006  -0.0002483396   0.0001286990
        0.0010248747  -0.0001993179   0.0002179472  -0.0001655825   0.0092709844
       -0.0263942058  -0.0028343971  -0.0001459306   0.0016089968  -0.0006910107
       -0.0000859128  -0.0007008461   0.0001989011   0.0006806316   0.0014506386
       -0.0003133521  -0.0126848344  -0.0265074824  -0.0017324940  -0.0000587174
        0.0003017960  -0.0002056278   0.0000274524  -0.0000339717  -0.0000221922
       -0.0000448285   0.0001720565  -0.0000879896  -0.0000251307   0.0000202885
       -0.0000021390  -0.0000738940   0.0001943752  -0.0002569094
       -0.0029441384   0.0004812197   0.0004370982  -0.0229986015   0.0009505163
       -0.0013341557   0.0413338938  -0.0039181085  -0.0548526409  -0.0207010337
        0.0462159026   0.1498162771   0.0047227589  -0.0196953604  -0.0496888167
        0.0103602113   0.0012527360  -0.0026544562  -0.0018287111  -0.0057984451
       -0.0063794634  -0.0042986930   0.0053172459  -0.0013981196  -0.0021436248
       -0.0161420685  -0.0512160628  -0.0015619350  -0.0027365642  -0.0008642624
       -0.0004952105  -0.0001120604   0.0003874329  -0.0000780812   0.0001689951
       -0.0001638395   0.0001305001   0.0000275165   0.0000282591  -0.0002303487
        0.0000182871  -0.0001836604   0.0008771913   0.0002245574   0.0000206681
       -0.0002488093  -0.0001313491  -0.0000129534  -0.0003638140  -0.0000341517
       -0.0004068141  -0.0003018820   0.0002987508  -0.0008536824   0.0005594513
       -0.0015151765   0.0009811388   0.0005100597  -0.0004740322   0.0081858225
       -0.0000459631  -0.0001177066   0.0004500963   0.0011265207  -0.0006609326
        0.0083052159  -0.0013451369  -0.0033469685   0.0015767060  -0.0000494709
       -0.0000901555  -0.0000536289  -0.0000438030   0.0000033802  -0.0000274814
       -0.0000216222  -0.0000363640  -0.0000083692   0.0000596217  -0.0000227362
       -0.0000483966   0.0000206706  -0.0001269278  -0.0000419113
       -0.0001332890   0.0005112897  -0.0011834257   0.0050457982   0.0038123974
        0.0043889435  -0.0456840284   0.0335897494   0.0062332309  -0.1182217978
        0.0460413821   0.0047227589   0.6706917069   0.0167471024  -0.0275962632
       -0.3384891216   0.0481214156   0.0183931850  -0.0425583187  -0.0804530198
       -0.0045734760  -0.0436034945   0.0320101746   0.0050603899   0.0520881869
        0.0185932235  -0.0016386239  -0.0014247332  -0.0023228222   0.0005388477
        0.0002806719   0.0001038122   0.0006704316  -0.0001745924   0.0002897137
        0.0001414189   0.0000472656  -0.0000620620  -0.0001254327  -0.0000403247
       -0.0000419645  -0.0002708539  -0.0001976710  -0.0000168345  -0.0004622681
        0.0000508993   0.0000225707   0.0000126038   0.0000478948  -0.0000029713
       -0.0000811610  -0.0004660724   0.0000938882  -0.0007372228  -0.1180763444
       -0.1146603079  -0.0046817955  -0.0168650187   0.0035807547   0.0010229817
       -0.0008424729  -0.0029154345  -0.0000910544  -0.0001081720   0.0007173794
        0.0001013702  -0.0011436231  -0.0034498644   0.0004156497   0.0000236521
       -0.0000569929  -0.0000391652  -0.0001419967  -0.0000240904  -0.0000362513
       -0.0001010506  -0.0000290911   0.0000253639  -0.0000780655   0.0000275330
        0.0000886608   0.0000741120  -0.0002269313  -0.0002988427
        0.0002391611   0.0000465605   0.0001682125  -0.0059249641  -0.0007129154
       -0.0004537643   0.0248419448  -0.0039917007  -0.0064858032   0.1078670404
       -0.2544185040  -0.0196953604   0.0167471024   0.6305050274   0.0418099732
       -0.0281920616  -0.0932922304  -0.0025797705  -0.0215280269   0.0295336563
        0.0032254504   0.0270120020  -0.0153164215  -0.0024220352  -0.0285961061
       -0.0583864315  -0.0029234780   0.0004635670  -0.0005986259  -0.0003537959
       -0.0004250785  -0.0000547526  -0.0001271477   0.0000832287   0.0000112375
       -0.0001494390  -0.0000315193   0.0000152459   0.0000322562   0.0000523751
        0.0000555971   0.0000808682  -0.0000959786  -0.0000516886   0.0000696139
       -0.0003818169  -0.0001002318  -0.0000789390   0.0000332530  -0.0001490783
        0.0001139129   0.0005745600   0.0003216189   0.0007622183  -0.1146181032
       -0.2228479112  -0.0078956680   0.0273124960  -0.0037551092  -0.0016101786
       -0.0034805466  -0.0037507328  -0.0007997213   0.0006838848   0.0006134260
       -0.0001261052  -0.0027655684  -0.0038488308  -0.0008632402  -0.0000109721
        0.0000082596   0.0000283561   0.0000069723   0.0000091549   0.0000207120
        0.0000310240   0.0000111348   0.0000164138   0.0000316628   0.0000126133
       -0.0000107101   0.0000704678   0.0001316324   0.0002471690
       -0.0003654874   0.0000249248   0.0000351272  -0.0025691492  -0.0023619992
       -0.0023189817   0.0105248693  -0.0001022627   0.0038247857   0.0085238138
       -0.0185575315  -0.0496888167  -0.0275962632   0.0418099732   0.1116281157
        0.0132103862  -0.0064457029  -0.0443313343  -0.0001149882   0.0049894780
        0.0017685690   0.0035717726  -0.0016563320  -0.0052129804  -0.0045250507
       -0.0066380305   0.0014929779   0.0006882387   0.0000325486   0.0000000609
       -0.0001594721   0.0000218901  -0.0000478795   0.0000806671   0.0000355494
       -0.0000005327  -0.0000420261  -0.0000015330   0.0000112830   0.0000684336
       -0.0000171240  -0.0000078813  -0.0002115054  -0.0000404202   0.0001215584
        0.0002251908   0.0000564827  -0.0000134874  -0.0001863712   0.0000628731
        0.0001217827  -0.0005120012  -0.0000247894   0.0000052932  -0.0044266465
       -0.0089559007  -0.0323450566   0.0034104671  -0.0005783081   0.0006576257
        0.0001615536  -0.0007831501   0.0073364366   0.0000617124  -0.0000011573
       -0.0002113924   0.0001868882  -0.0009215177   0.0070992805   0.0000458282
        0.0000150191   0.0000145511  -0.0000237381  -0.0000026641  -0.0000024090
       -0.0000214112  -0.0000020426   0.0000234494  -0.0000172073   0.0000153515
        0.0000376056   0.0000114961   0.0000263755   0.0000022494
        0.0004965140   0.0004492508   0.0004647670  -0.0025308818  -0.0003308968
        0.0003581443   0.0042762990  -0.0000178633  -0.0024080392  -0.0322585291
        0.0831179240   0.0103602113  -0.3384891216  -0.0281920616   0.0132103862
        0.6578774632  -0.0031950953  -0.0273236063  -0.1633418023  -0.0679648102
        0.0000762283   0.0579627527  -0.0357538015  -0.0061286201  -0.0487623773
       -0.0242606191   0.0002967830   0.0003368562  -0.0005290991  -0.0001371732
       -0.0001715123  -0.0000740344  -0.0001790571  -0.0000041426  -0.0000144124
       -0.0001406723  -0.0000511636   0.0000063081   0.0000280516   0.0000357341
        0.0000348826   0.0000560541   0.0001245002   0.0000004883   0.0001627759
       -0.0001675421  -0.0000196909   0.0001762451   0.0002112027  -0.0000558488
       -0.0000407918  -0.0001917983   0.0003507632  -0.0002911498  -0.0191033075
       -0.0017762345   0.0002854739  -0.0958195681   0.1010141910   0.0117922557
       -0.0200069425  -0.0253511296  -0.0010217152  -0.0002002469   0.0032082140
        0.0007095696  -0.0002539843  -0.0007114696  -0.0003361252  -0.0000402851
        0.0000042089   0.0000469984   0.0000261039   0.0000128939   0.0000205277
        0.0000328065  -0.0000035241  -0.0000097201   0.0000142063  -0.0000136904
       -0.0000315241  -0.0000012333   0.0000651566   0.0000037226
       -0.0000606980  -0.0005466260   0.0001124107   0.0005039624  -0.0003535641
       -0.0002780695   0.0018813496  -0.0050861383  -0.0009871636   0.0280968202
        0.0225971931   0.0012527360   0.0481214156  -0.0932922304  -0.0064457029
       -0.0031950953   0.6611514148   0.0456798803  -0.1470014722  -0.2598417199
       -0.0106174673   0.0239296126  -0.0676834577  -0.0074325482  -0.0288647666
       -0.0104315160   0.0013888583   0.0000442619   0.0007237925  -0.0000597448
        0.0000349224   0.0000041601  -0.0000446908   0.0000295650  -0.0000592706
        0.0000355844   0.0000106676   0.0000048231   0.0000023853   0.0000167165
       -0.0000181662   0.0000015305   0.0000188490  -0.0000282729   0.0000322326
        0.0000470670  -0.0000915130  -0.0000641789  -0.0000419116   0.0000704262
        0.0000202258   0.0001052523   0.0000509212   0.0001092760  -0.0259878967
       -0.0010558146   0.0009509911   0.1011933588  -0.2423882207  -0.0227019959
       -0.0009349976   0.0000056839   0.0002635997   0.0026168303  -0.0044454786
       -0.0012673116  -0.0005632755   0.0006589062   0.0000254861   0.0000036265
        0.0000190591  -0.0000060442   0.0000025591   0.0000031382  -0.0000069269
        0.0000004381   0.0000042129  -0.0000049917  -0.0000013324   0.0000026096
        0.0000072398  -0.0000058291   0.0000256484   0.0000343998
       -0.0000734684   0.0001186381  -0.0004642433   0.0020546999  -0.0002968522
        0.0001009030  -0.0018995094  -0.0005978581   0.0080316462   0.0042062786
       -0.0029011326  -0.0026544562   0.0183931850  -0.0025797705  -0.0443313343
       -0.0273236063   0.0456798803   0.1201956110  -0.0064991021  -0.0134117365
       -0.0474542946  -0.0002068247  -0.0047348216   0.0007341482  -0.0007973846
        0.0006962623  -0.0046816909   0.0001345343   0.0003790752   0.0000565937
        0.0000625089   0.0000151452  -0.0000147730   0.0000179064  -0.0000418486
        0.0000216050  -0.0000068579   0.0000043214  -0.0000020733  -0.0000004175
       -0.0000188250   0.0000051652  -0.0000635227   0.0000103130   0.0000069111
       -0.0000112140   0.0000212611   0.0000223156  -0.0000062986  -0.0000037322
       -0.0000480431  -0.0000727428  -0.0000771396  -0.0000209607  -0.0011758813
        0.0001806706  -0.0000782165   0.0117688826  -0.0226182665  -0.0367975858
        0.0009104760   0.0012913850   0.0000028012   0.0006329077  -0.0012361363
        0.0076107768  -0.0000634337   0.0001147410  -0.0001675344   0.0000076640
       -0.0000038908  -0.0000130798  -0.0000020667  -0.0000041926  -0.0000026284
       -0.0000094355   0.0000113316  -0.0000045755  -0.0000096811   0.0000140540
        0.0000013047   0.0000324037  -0.0000108758  -0.0000542919
       -0.0002161675  -0.0002627358  -0.0002462028   0.0016489780   0.0001962858
       -0.0003281112  -0.0047944290   0.0004058449   0.0022102894   0.0078103894
       -0.0036799859  -0.0018287111  -0.0425583187  -0.0215280269  -0.0001149882
       -0.1633418023  -0.1470014722  -0.0064991021   0.6727802294   0.0020860236
       -0.0286850106  -0.1431262538   0.1338454329   0.0162798175  -0.0320799539
        0.0272732085   0.0038808918  -0.0000321592   0.0001382397   0.0000733364
        0.0001212157   0.0000321522   0.0000682049  -0.0000420467   0.0000004784
        0.0000355492  -0.0000118333  -0.0000096501  -0.0000187973  -0.0000335344
       -0.0000084127  -0.0000092117   0.0000474670   0.0000167414   0.0000136107
        0.0000857777   0.0000566120  -0.0000585803   0.0000218849  -0.0000110599
        0.0000349798  -0.0001580603  -0.0000339216  -0.0000172143  -0.0057551923
        0.0000647318   0.0005966180   0.0067113908   0.0111270269   0.0007184205
       -0.2978266679   0.0111118753   0.0146377352   0.0065430890  -0.0142442628
       -0.0015072606  -0.0057583351   0.0004874551   0.0009041965  -0.0000038855
        0.0000030945  -0.0000177828  -0.0000144254   0.0000053558   0.0000003895
       -0.0000191527  -0.0000043500   0.0000027340  -0.0000120060  -0.0000081951
       -0.0000014775   0.0000138021  -0.0000584858  -0.0001243230
       -0.0000452087  -0.0002016281   0.0001411962  -0.0002286856  -0.0001547466
       -0.0002890599   0.0014553124   0.0023438190   0.0002662462  -0.0040567969
       -0.0644885873  -0.0057984451  -0.0804530198   0.0295336563   0.0049894780
       -0.0679648102  -0.2598417199  -0.0134117365   0.0020860236   0.6418020972
        0.0455740535   0.0549470355  -0.2757494601  -0.0224368037   0.0856936770
        0.0200902847  -0.0024761606   0.0000921098   0.0001607196  -0.0000143938
       -0.0000072705   0.0000021252  -0.0000277559   0.0000160790  -0.0000100557
        0.0000115084   0.0000019958   0.0000069107   0.0000007288   0.0000193539
        0.0000155007   0.0000127374  -0.0001027389   0.0000030547  -0.0000486955
        0.0001431648   0.0000979053   0.0000347987  -0.0001430844   0.0000309499
        0.0001024815  -0.0000220547  -0.0001982188   0.0001576561   0.0008104406
        0.0015873859  -0.0004355570  -0.0130345372  -0.0262110787  -0.0015636446
        0.0110640369  -0.0444189542  -0.0017139743   0.0099224768  -0.0260297184
       -0.0029089531  -0.0001761272   0.0016123318  -0.0002730158   0.0000254570
        0.0000038653   0.0000314364   0.0000023646  -0.0000032809   0.0000074746
        0.0000041339   0.0000057219   0.0000036824  -0.0000096950   0.0000173711
        0.0000070261  -0.0000396324  -0.0000062507   0.0000576915
        0.0000476069   0.0000158391   0.0000520099  -0.0001563244  -0.0000425611
       -0.0000325610   0.0004825097   0.0003326676  -0.0003646857  -0.0012278890
       -0.0047842609  -0.0063794634  -0.0045734760   0.0032254504   0.0017685690
        0.0000762283  -0.0106174673  -0.0474542946  -0.0286850106   0.0455740535
        0.1168715654   0.0095475348  -0.0265701888  -0.0499882406   0.0093204640
        0.0000468869   0.0010377944  -0.0000031682  -0.0000056017   0.0000036845
       -0.0000099148   0.0000012564  -0.0000108030   0.0000056726   0.0000018018
       -0.0000058376   0.0000026839  -0.0000009551   0.0000089239   0.0000015142
       -0.0000068324   0.0000082200  -0.0000124402  -0.0000138188   0.0000037148
       -0.0000102982   0.0000154234  -0.0000061057  -0.0000058875   0.0000156126
        0.0000170313   0.0000103818   0.0000052808   0.0000162317   0.0007244222
       -0.0005094445   0.0079524628  -0.0013810428  -0.0028015840   0.0006137801
        0.0145504562  -0.0016306296  -0.0328385152   0.0005644798  -0.0016063164
        0.0006267672   0.0007257666  -0.0006343067   0.0080633436   0.0000021718
        0.0000150929   0.0000019832  -0.0000020390   0.0000083321  -0.0000005352
        0.0000021556  -0.0000064471   0.0000067905  -0.0000002274  -0.0000168011
        0.0000103259   0.0000036696  -0.0000104818   0.0000178438
        0.0002341989   0.0000977813   0.0007360596  -0.0033130864  -0.0007926699
       -0.0002252320   0.0063706160  -0.0002907710  -0.0022272526  -0.0433334811
       -0.0767385700  -0.0042986930  -0.0436034945   0.0270120020   0.0035717726
        0.0579627527   0.0239296126  -0.0002068247  -0.1431262538   0.0549470355
        0.0095475348   0.6611743128   0.0097650397  -0.0291360558  -0.3412174389
        0.0490422811   0.0229892767   0.0004100116   0.0003122661  -0.0003384630
       -0.0001540868  -0.0000304818  -0.0001950855   0.0000073709  -0.0000572092
       -0.0000666788  -0.0000396116   0.0000125155   0.0000249138   0.0000815778
        0.0000329253   0.0000808863  -0.0000093883   0.0000027023   0.0000987868
        0.0001422918   0.0001606433   0.0001053875  -0.0001334465  -0.0000041577
        0.0002219376  -0.0000915885  -0.0002934137   0.0001411481  -0.0001129680
        0.0007966736   0.0001879521  -0.0008039720  -0.0036616543   0.0000987093
       -0.0173039666   0.0267844158   0.0032816995  -0.1169984972  -0.1142473923
       -0.0058348851  -0.0161129175   0.0031440584   0.0013113527   0.0000071006
        0.0000231954   0.0000680144   0.0000315814   0.0000043413   0.0000171688
        0.0000313916   0.0000066082  -0.0000120669  -0.0000013079  -0.0000020191
       -0.0000251548  -0.0000977005   0.0000442416   0.0000837917
        0.0000543388   0.0001143461  -0.0000009460  -0.0010849857   0.0001044934
        0.0000325259  -0.0033093734  -0.0062182102  -0.0008679959  -0.0215299068
        0.0322708476   0.0053172459   0.0320101746  -0.0153164215  -0.0016563320
       -0.0357538015  -0.0676834577  -0.0047348216   0.1338454329  -0.2757494601
       -0.0265701888   0.0097650397   0.6585753047   0.0464028657  -0.0264967140
       -0.0936250431  -0.0038755166  -0.0001811944   0.0004524661  -0.0002974518
       -0.0000069765   0.0000200218   0.0000350861  -0.0000059443  -0.0000731284
        0.0000246652  -0.0000154109  -0.0000087804  -0.0000094485  -0.0000097218
       -0.0000395243   0.0000325508  -0.0000127565   0.0000215253  -0.0000179674
       -0.0000458811   0.0000408474   0.0000302329   0.0000854701  -0.0000348960
       -0.0000753167  -0.0001121435   0.0000700286  -0.0001335609   0.0006225778
        0.0005590646   0.0000364613  -0.0030570815  -0.0038897877  -0.0008878705
        0.0024544912  -0.0024002868  -0.0003435368  -0.1143484788  -0.2236836851
       -0.0103542606   0.0271547828  -0.0034898147  -0.0020239960  -0.0000083148
        0.0000156430  -0.0000179689  -0.0000064930   0.0000104145   0.0000019425
       -0.0000018869   0.0000092152  -0.0000012300  -0.0000008943  -0.0000114630
       -0.0000022785  -0.0000043479  -0.0000402593  -0.0000428887
        0.0001281041  -0.0006936004  -0.0000945181   0.0017947332   0.0002420060
        0.0006664783  -0.0005272003  -0.0003913825   0.0066458312  -0.0003813528
        0.0062016183  -0.0013981196   0.0050603899  -0.0024220352  -0.0052129804
       -0.0061286201  -0.0074325482   0.0007341482   0.0162798175  -0.0224368037
       -0.0499882406  -0.0291360558   0.0464028657   0.1211201794   0.0142873588
       -0.0068215153  -0.0445896912  -0.0000142623   0.0006231382   0.0000274160
        0.0001229718   0.0000217346   0.0000235052   0.0000045024  -0.0000302333
        0.0000715326  -0.0000075965  -0.0000053348  -0.0000299783   0.0000161323
       -0.0000032537  -0.0000190644  -0.0001184677  -0.0000322489  -0.0000315964
        0.0000444809  -0.0000588673  -0.0001554461  -0.0000144331  -0.0000008735
        0.0001070002  -0.0000597937   0.0000072731  -0.0000256213   0.0000697288
        0.0000410365  -0.0001797780   0.0002248715  -0.0008831018   0.0077947963
        0.0010626316  -0.0015667148  -0.0002638184  -0.0057635407  -0.0104023853
       -0.0348504878   0.0030873782  -0.0003730279  -0.0002878884   0.0000044396
        0.0000039057  -0.0000096056  -0.0000087103  -0.0000131127  -0.0000066624
       -0.0000123948   0.0000096835  -0.0000071222  -0.0000198702   0.0000176715
       -0.0000011183   0.0000047578  -0.0000038937  -0.0000391500
        0.0000572018  -0.0013446753  -0.0005993617   0.0022696590  -0.0000915329
        0.0044999320  -0.0511071724  -0.0326540876   0.0001191542  -0.1335523811
       -0.0601177503  -0.0021436248   0.0520881869  -0.0285961061  -0.0045250507
       -0.0487623773  -0.0288647666  -0.0007973846  -0.0320799539   0.0856936770
        0.0093204640  -0.3412174389  -0.0264967140   0.0142873588   0.6731644520
       -0.0155767684  -0.0331196087  -0.0022264142   0.0025063165  -0.0008957846
        0.0003852034   0.0003133672   0.0005533930  -0.0001599746  -0.0001723138
        0.0004045457   0.0000410463  -0.0000578835  -0.0001444509   0.0000049583
       -0.0002193178  -0.0001695192  -0.0000105382  -0.0000400681  -0.0003419909
        0.0000023451  -0.0001637092  -0.0003756393   0.0002159354   0.0000490596
       -0.0000887870  -0.0000513301   0.0000152978  -0.0004955028  -0.0004404658
        0.0030942680   0.0004846647  -0.0001931485  -0.0006513751   0.0000570176
       -0.0002701459   0.0025684701   0.0006976068  -0.0197309815  -0.0021860690
        0.0008889072  -0.0981044183   0.1030892968   0.0128476468  -0.0000179479
        0.0000484158  -0.0001145362  -0.0001229101  -0.0000378464  -0.0000367463
       -0.0001074916   0.0000282900  -0.0000087290  -0.0000762130   0.0000226579
        0.0000780628   0.0000023149  -0.0001581324  -0.0003820371
       -0.0000113166   0.0000847968  -0.0002517926   0.0049340390   0.0007641278
        0.0008657454  -0.0210629994  -0.0005192810   0.0042243814  -0.1210625203
       -0.2404321907  -0.0161420685   0.0185932235  -0.0583864315  -0.0066380305
       -0.0242606191  -0.0104315160   0.0006962623   0.0272732085   0.0200902847
        0.0000468869   0.0490422811  -0.0936250431  -0.0068215153  -0.0155767684
        0.6342196666   0.0497089179  -0.0004980867  -0.0003419744   0.0005004039
        0.0003227359   0.0000575957   0.0000792595  -0.0000917343   0.0000479829
        0.0000298118   0.0000216713  -0.0000055753  -0.0000365678  -0.0000889286
       -0.0000311142  -0.0000930136   0.0002812011   0.0000407165   0.0000017246
       -0.0000219707  -0.0000704446  -0.0000290981   0.0002700081   0.0000092870
       -0.0001147959  -0.0002013838  -0.0000460435  -0.0006991135   0.0024332888
       -0.0044224394  -0.0013655659  -0.0005870133   0.0006924689   0.0002609692
        0.0030754083  -0.0042775932  -0.0012637565  -0.0259055497  -0.0011523105
        0.0011760029   0.1031421530  -0.2421896209  -0.0238087721  -0.0000405015
       -0.0000283394  -0.0000392624  -0.0000046969  -0.0000009987  -0.0000044950
       -0.0000156036  -0.0000042759  -0.0000131170   0.0000047269   0.0000004484
       -0.0000096786   0.0000357475  -0.0000421831  -0.0002597226
        0.0000597495   0.0003831053   0.0002744226   0.0008598824   0.0011960385
        0.0003270891  -0.0018831274  -0.0001204884   0.0037727583  -0.0034961680
       -0.0167666629  -0.0512160628  -0.0016386239  -0.0029234780   0.0014929779
        0.0002967830   0.0013888583  -0.0046816909   0.0038808918  -0.0024761606
        0.0010377944   0.0229892767  -0.0038755166  -0.0445896912  -0.0331196087
        0.0497089179   0.1136835174  -0.0002720144  -0.0002233082   0.0002181698
        0.0000827353  -0.0000157886  -0.0000155167  -0.0000349072  -0.0000102885
       -0.0000391616   0.0000423303   0.0000117210   0.0000217338  -0.0000742720
        0.0000372525   0.0000722609   0.0000180653  -0.0000020253  -0.0001638598
       -0.0000973242   0.0000367336   0.0001794011   0.0000932383   0.0000022175
        0.0001289202  -0.0001986855  -0.0000427910   0.0000035085   0.0005582077
       -0.0011770840   0.0069573583  -0.0000508510   0.0000995868  -0.0002115603
        0.0006823034  -0.0011383609   0.0071226298  -0.0012465220  -0.0000061308
        0.0007554986   0.0125202562  -0.0240878378  -0.0352129605   0.0000034600
        0.0000117408   0.0000356000   0.0000208047   0.0000132675   0.0000220311
        0.0000285161   0.0000073158   0.0000050455  -0.0000011052  -0.0000169192
       -0.0000039697  -0.0000232913  -0.0000139146   0.0000237563
       -0.0067935288   0.0030776613   0.0098859660  -0.1700337716   0.0109491834
        0.0588199815  -0.0674447185  -0.0068374415  -0.0188455298   0.0036278758
       -0.0010330013  -0.0015619350  -0.0014247332   0.0004635670   0.0006882387
        0.0003368562   0.0000442619   0.0001345343  -0.0000321592   0.0000921098
       -0.0000031682   0.0004100116  -0.0001811944  -0.0000142623  -0.0022264142
       -0.0004980867  -0.0002720144   0.6129451336   0.0463668357   0.0108247171
       -0.2092676627  -0.0686858363  -0.1196314800  -0.0631549044  -0.0009127987
        0.0117489221  -0.0013465433  -0.0084169663  -0.0206734876   0.0014631636
        0.0128090589   0.0285828669  -0.0933406466   0.0213891025   0.0548735623
       -0.0004878310   0.0000312567   0.0003500167  -0.0004144197  -0.0000358887
       -0.0001713981   0.0000251063   0.0000262774   0.0004822951  -0.0000340684
        0.0000892818  -0.0000881172  -0.0000948660   0.0001071288  -0.0000222764
       -0.0000858062   0.0000226953  -0.0000198678  -0.0001274508  -0.0000809067
        0.0000500929   0.0000241765   0.0001442994  -0.0000298079   0.0037298724
        0.0012216730   0.0004265232  -0.0048887823  -0.0002214329   0.0022612920
        0.0007069591  -0.0002567937  -0.0004353592  -0.0049630013  -0.0001423582
        0.0029083255   0.0028921532  -0.0095316874  -0.0202686304
        0.0059311285   0.0043417220  -0.0039001350   0.0068675016  -0.0583682676
       -0.0054938293  -0.0041639241  -0.0072533713   0.0018349321  -0.0018849457
        0.0132651129  -0.0027365642  -0.0023228222  -0.0005986259   0.0000325486
       -0.0005290991   0.0007237925   0.0003790752   0.0001382397   0.0001607196
       -0.0000056017   0.0003122661   0.0004524661   0.0006231382   0.0025063165
       -0.0003419744  -0.0002233082   0.0463668357   0.2095568675   0.1808915631
       -0.0443161274  -0.0785651753  -0.0573912688  -0.0232859751   0.0077967679
        0.0189936913  -0.0081239050  -0.0152658585  -0.0184894675   0.0336162073
        0.0028352828  -0.0045698769  -0.0019449050  -0.0875369860  -0.0846283680
       -0.0006906401   0.0004055119   0.0008315038   0.0002044071   0.0002624068
       -0.0007143670  -0.0000927612   0.0008841222  -0.0015006348  -0.0001070567
        0.0000089675  -0.0001943363  -0.0002660942   0.0000394019   0.0000244618
       -0.0000003439   0.0000160179  -0.0001194950   0.0002018739   0.0000282596
       -0.0000062920   0.0001206969   0.0000638677  -0.0001022423  -0.0081161915
       -0.0038395461  -0.0080056608  -0.0000476218   0.0070747121  -0.0026124381
       -0.0001001965  -0.0003410837  -0.0001049241  -0.0001705245   0.0072426084
       -0.0027016508  -0.0001023395  -0.0030477185  -0.0101104535
        0.0237074157  -0.0035224136  -0.0143458974   0.0429710484  -0.0078996425
       -0.0861775714  -0.0149490186   0.0047146608   0.0107036592  -0.0048535301
       -0.0034803714  -0.0008642624   0.0005388477  -0.0003537959   0.0000000609
       -0.0001371732  -0.0000597448   0.0000565937   0.0000733364  -0.0000143938
        0.0000036845  -0.0003384630  -0.0002974518   0.0000274160  -0.0008957846
        0.0005004039   0.0002181698   0.0108247171   0.1808915631   0.5655300690
       -0.0651547440  -0.0521656863  -0.1584108247  -0.0403734112   0.0152819817
        0.0445947625  -0.0205172519  -0.0190570452  -0.0463149876   0.0802053303
        0.0011443215  -0.0146973884   0.0015470390  -0.0896181961  -0.2610650889
        0.0005090895  -0.0002499917  -0.0005829217   0.0007388552  -0.0001375771
        0.0001103752   0.0012867096  -0.0014831642  -0.0051845613   0.0000707655
       -0.0000478614  -0.0000354179   0.0000037597  -0.0000152186  -0.0000098450
        0.0000083413  -0.0000000787  -0.0000132098  -0.0001166880   0.0000084190
       -0.0000101677  -0.0000042237   0.0000386395  -0.0000389213  -0.0191860631
       -0.0102884797  -0.0182869402   0.0031130153  -0.0026191332   0.0015357459
       -0.0004734065  -0.0002496291  -0.0004053011   0.0021971086  -0.0027834937
        0.0016510972  -0.0007956215  -0.0082366209  -0.0179883272
       -0.0010560850  -0.0003784933  -0.0008969643  -0.0399100629  -0.0085052312
       -0.0126689808   0.0010760749   0.0008750038   0.0046136422  -0.0031250884
        0.0004354021  -0.0004952105   0.0002806719  -0.0004250785  -0.0001594721
       -0.0001715123   0.0000349224   0.0000625089   0.0001212157  -0.0000072705
       -0.0000099148  -0.0001540868  -0.0000069765   0.0001229718   0.0003852034
        0.0003227359   0.0000827353  -0.2092676627  -0.0443161274  -0.0651547440
        0.6440637593   0.0382053285  -0.0298706098  -0.3034288292  -0.0064909336
        0.0427529058   0.0062264733   0.0369477721   0.0846460428  -0.0619718324
       -0.0091521278  -0.0087164525   0.0410132937  -0.0214652254  -0.0582286331
       -0.0005175806  -0.0004615801  -0.0000058583  -0.0005094869   0.0001677292
       -0.0000670757  -0.0000948361  -0.0000754235  -0.0004720593  -0.0000226082
       -0.0000411250  -0.0000185525  -0.0000105068  -0.0000190291   0.0000084989
        0.0000131186  -0.0000015672  -0.0000206880   0.0000043353   0.0000175385
       -0.0000065844  -0.0000261290   0.0000256502  -0.0000289173  -0.0483504805
        0.0141669580   0.0355794222  -0.0255465412   0.0000945572   0.0063989645
        0.0009898462  -0.0001252707   0.0012497758  -0.0005674317  -0.0001041758
       -0.0002083709   0.0005567684   0.0002820378   0.0015116200
       -0.0000905263  -0.0008854501  -0.0002078823  -0.0037590280   0.0000532330
        0.0019752803   0.0021547528   0.0012293909   0.0001219672  -0.0003825636
        0.0004460556  -0.0001120604   0.0001038122  -0.0000547526   0.0000218901
       -0.0000740344   0.0000041601   0.0000151452   0.0000321522   0.0000021252
        0.0000012564  -0.0000304818   0.0000200218   0.0000217346   0.0003133672
        0.0000575957  -0.0000157886  -0.0686858363  -0.0785651753  -0.0521656863
        0.0382053285   0.2065273107   0.1979472830   0.0242602128  -0.0558637138
       -0.0252467756   0.0133811299   0.0024970927  -0.0000710423  -0.0085731352
       -0.0054994781   0.0020357942  -0.0018871670  -0.0085289880  -0.0228893596
        0.0004362060  -0.0001015204  -0.0000218033  -0.0000864897   0.0004615536
       -0.0001510636  -0.0000718794   0.0001304406  -0.0002917679  -0.0000228779
        0.0000128138  -0.0000009605   0.0000213920  -0.0000116774  -0.0000154433
        0.0000259848   0.0000112583  -0.0000057811   0.0000291787   0.0000307026
        0.0000030639  -0.0000169491   0.0000206935   0.0000035280   0.0141472014
       -0.0739363440  -0.0942367052  -0.0092113656   0.0007962145   0.0024694030
        0.0000594245   0.0058823740  -0.0049246459  -0.0001304157  -0.0000383026
        0.0003889576  -0.0001473932   0.0053023657  -0.0046485375
        0.0003696487  -0.0003931791  -0.0009989601  -0.0052863031   0.0032401851
        0.0068530973   0.0067195676   0.0004351392   0.0017753619  -0.0011652281
       -0.0002894317   0.0003874329   0.0006704316  -0.0001271477  -0.0000478795
       -0.0001790571  -0.0000446908  -0.0000147730   0.0000682049  -0.0000277559
       -0.0000108030  -0.0001950855   0.0000350861   0.0000235052   0.0005533930
        0.0000792595  -0.0000155167  -0.1196314800  -0.0573912688  -0.1584108247
       -0.0298706098   0.1979472830   0.5806346250   0.1150564948  -0.0188083395
       -0.1161500617   0.0297461794  -0.0051725512  -0.0176068336  -0.0071914195
        0.0021728533   0.0013122774  -0.0136558679  -0.0184293719  -0.0384681010
        0.0008818034  -0.0003997635  -0.0001243550   0.0009264753   0.0004512480
       -0.0001559070   0.0000136366  -0.0001281717  -0.0002710343  -0.0000341811
       -0.0000336283   0.0000177141   0.0000841212  -0.0000636553  -0.0000077498
        0.0000636489  -0.0000049529  -0.0000055544   0.0000738128   0.0000504986
       -0.0000043772  -0.0000502963   0.0000219675  -0.0000049525   0.0349322105
       -0.0944375802  -0.2567513800  -0.0154904241   0.0003874502   0.0050081253
        0.0016149253  -0.0047914071  -0.0037130267  -0.0002182482   0.0004135042
        0.0007496732   0.0011936468  -0.0046915790  -0.0039997221
        0.0006353189   0.0002075452  -0.0001357793   0.0015484791  -0.0020932813
       -0.0028005521  -0.0034129871  -0.0004360496  -0.0009499506   0.0002256265
        0.0001294734  -0.0000780812  -0.0001745924   0.0000832287   0.0000806671
       -0.0000041426   0.0000295650   0.0000179064  -0.0000420467   0.0000160790
        0.0000056726   0.0000073709  -0.0000059443   0.0000045024  -0.0001599746
       -0.0000917343  -0.0000349072  -0.0631549044  -0.0232859751  -0.0403734112
       -0.3034288292   0.0242602128   0.1150564948   0.6583781411   0.0484309241
       -0.0098616494  -0.1024093998  -0.0043330285   0.0022881355   0.0451303607
       -0.0011470179  -0.0126672816  -0.0248653414   0.0113128176   0.0309626284
       -0.0000657250   0.0000419815   0.0001124190  -0.0000641600  -0.0000282583
        0.0001129718   0.0001933800  -0.0000248022  -0.0001347788  -0.0000232403
       -0.0000535332  -0.0000175212  -0.0000146876   0.0000014776  -0.0000022646
       -0.0000071855   0.0000041966   0.0000025761  -0.0000112330   0.0000034644
        0.0000126361   0.0000086004   0.0000691739   0.0000083496  -0.0066470700
        0.0009356432   0.0042489059  -0.1916243047  -0.0622096716  -0.1094123370
       -0.0073130919   0.0103613439   0.0261443861  -0.0029036484  -0.0023716782
       -0.0032391731   0.0001992870   0.0001938477   0.0006494353
        0.0002381115  -0.0004965671  -0.0001523838  -0.0033119932   0.0058467731
       -0.0035226109  -0.0001279548   0.0009491175   0.0003719855  -0.0003275122
       -0.0011693819   0.0001689951   0.0002897137   0.0000112375   0.0000355494
       -0.0000144124  -0.0000592706  -0.0000418486   0.0000004784  -0.0000100557
        0.0000018018  -0.0000572092  -0.0000731284  -0.0000302333  -0.0001723138
        0.0000479829  -0.0000102885  -0.0009127987   0.0077967679   0.0152819817
       -0.0064909336  -0.0558637138  -0.0188083395   0.0484309241   0.2057087126
        0.1972930828   0.0271134117  -0.0891069819  -0.1011139665  -0.0239479569
       -0.0091497371  -0.0193969021   0.0117420906  -0.0084409624  -0.0088349862
        0.0000885024   0.0000777340  -0.0001642193  -0.0000780658  -0.0000858024
        0.0000632840   0.0000434935   0.0000202067   0.0000246261   0.0000045323
       -0.0000235596   0.0000008693   0.0000330104  -0.0000274439  -0.0000082471
        0.0000197004  -0.0000069833   0.0000060654  -0.0000004443   0.0000083186
        0.0000025773  -0.0000140650  -0.0000060208   0.0000148188   0.0106113176
        0.0000771778  -0.0056148835  -0.0622247121  -0.0620816027  -0.0493079549
        0.0009603426   0.0000346396  -0.0027157993  -0.0021783528   0.0061396502
       -0.0037053454   0.0002830959  -0.0001171066   0.0001623718
        0.0001797630   0.0001770972  -0.0001155973  -0.0064560246  -0.0038167051
        0.0000395156   0.0019173185  -0.0000647947   0.0011779757  -0.0009636809
        0.0007752367  -0.0001638395   0.0001414189  -0.0001494390  -0.0000005327
       -0.0001406723   0.0000355844   0.0000216050   0.0000355492   0.0000115084
       -0.0000058376  -0.0000666788   0.0000246652   0.0000715326   0.0004045457
        0.0000298118  -0.0000391616   0.0117489221   0.0189936913   0.0445947625
        0.0427529058  -0.0252467756  -0.1161500617  -0.0098616494   0.1972930828
        0.5761615977   0.0752903161  -0.0938497631  -0.2832556453  -0.0656540707
       -0.0245309797  -0.0414623421   0.0316246935  -0.0087876263  -0.0331604254
       -0.0001701187   0.0001590252  -0.0000625775   0.0000220941  -0.0001864712
       -0.0000809971   0.0000870483   0.0000965350   0.0001217773  -0.0000078028
        0.0000080091  -0.0000289175   0.0000268050  -0.0000339571  -0.0000131007
        0.0000396051  -0.0000010167  -0.0000213003   0.0000607483   0.0000316997
       -0.0000013573  -0.0000036248   0.0000077911  -0.0000066718   0.0262049848
       -0.0033217546  -0.0123801608  -0.1091962042  -0.0494418148  -0.1242330302
        0.0040855205  -0.0047919844  -0.0109807497  -0.0027073296  -0.0036608079
       -0.0000349686   0.0006056183   0.0002401520   0.0000085081
        0.0000281447  -0.0001289880  -0.0001984850  -0.0032443999  -0.0003088106
       -0.0006075724   0.0010572060   0.0005866054   0.0011617147  -0.0001914358
       -0.0000728361   0.0001305001   0.0000472656  -0.0000315193  -0.0000420261
       -0.0000511636   0.0000106676  -0.0000068579  -0.0000118333   0.0000019958
        0.0000026839  -0.0000396116  -0.0000154109  -0.0000075965   0.0000410463
        0.0000216713   0.0000423303  -0.0013465433  -0.0081239050  -0.0205172519
        0.0062264733   0.0133811299   0.0297461794  -0.1024093998   0.0271134117
        0.0752903161   0.6665606363   0.0394688917  -0.0278926270  -0.2295403886
       -0.0748097703  -0.1351541642  -0.0645464845  -0.0023168990   0.0095155901
        0.0000662907  -0.0000842561  -0.0000159479   0.0000508652   0.0000824048
       -0.0000233853   0.0000685147  -0.0000145392  -0.0001212259  -0.0000110481
       -0.0000298619   0.0000091232  -0.0000067652  -0.0000100878  -0.0000010823
       -0.0000021407  -0.0000011868   0.0000021039  -0.0000075490   0.0000093427
        0.0000027059   0.0000023434   0.0000421014   0.0000028540  -0.0049409683
       -0.0000916349   0.0028954954   0.0025660282  -0.0089251059  -0.0211199793
       -0.2686451080   0.0136932333   0.0831005555   0.0030664205   0.0008616747
        0.0014929759  -0.0047863954  -0.0003083188   0.0023130732
        0.0000943573   0.0000039785  -0.0001407439  -0.0000737988  -0.0003930912
       -0.0004397875  -0.0004514465   0.0000599165   0.0001520147   0.0000814599
       -0.0000070460   0.0000275165  -0.0000620620   0.0000152459  -0.0000015330
        0.0000063081   0.0000048231   0.0000043214  -0.0000096501   0.0000069107
       -0.0000009551   0.0000125155  -0.0000087804  -0.0000053348  -0.0000578835
       -0.0000055753   0.0000117210  -0.0084169663  -0.0152658585  -0.0190570452
        0.0369477721   0.0024970927  -0.0051725512  -0.0043330285  -0.0891069819
       -0.0938497631   0.0394688917   0.2029314207   0.1914681528  -0.0432484214
       -0.0788567240  -0.0618248445  -0.0254657877   0.0078832591   0.0211701830
        0.0000484485   0.0000905105   0.0000163841   0.0000783068  -0.0000850488
        0.0000675445   0.0000268852  -0.0000166549   0.0000145264   0.0000011033
       -0.0000113030   0.0000052366  -0.0000095089   0.0000071014   0.0000053849
       -0.0000034540   0.0000044432   0.0000071294  -0.0000096535   0.0000019515
        0.0000002003  -0.0000044942   0.0000070073   0.0000031160  -0.0002688694
        0.0070598488  -0.0027016718   0.0005745153  -0.0034545195  -0.0102440450
        0.0137053717  -0.0370664153  -0.0085877809  -0.0085764963  -0.0034022227
       -0.0082159075  -0.0000544143   0.0071067115  -0.0027114680
        0.0002119955  -0.0000665007  -0.0002121387   0.0005589385  -0.0003148868
       -0.0009889395  -0.0011372037   0.0001767608  -0.0000312457   0.0002270248
       -0.0001247328   0.0000282591  -0.0001254327   0.0000322562   0.0000112830
        0.0000280516   0.0000023853  -0.0000020733  -0.0000187973   0.0000007288
        0.0000089239   0.0000249138  -0.0000094485  -0.0000299783  -0.0001444509
       -0.0000365678   0.0000217338  -0.0206734876  -0.0184894675  -0.0463149876
        0.0846460428  -0.0000710423  -0.0176068336   0.0022881355  -0.1011139665
       -0.2832556453  -0.0278926270   0.1914681528   0.5695890345  -0.0619745417
       -0.0549238034  -0.1630239152  -0.0448584506   0.0156776594   0.0482653891
        0.0000546547   0.0002192236   0.0000545785   0.0001428392  -0.0001579237
        0.0001634606   0.0000392096  -0.0000012061   0.0000319057  -0.0000021037
        0.0000069755   0.0000010367  -0.0000188360   0.0000161277   0.0000025130
       -0.0000135106   0.0000066925   0.0000085336  -0.0000226423  -0.0000055361
        0.0000057576   0.0000046003   0.0000295438   0.0000081685   0.0023771502
       -0.0027600791   0.0014524188   0.0009337731  -0.0079578939  -0.0181320908
        0.0831773713  -0.0085679839  -0.0730013785  -0.0204687344  -0.0102476323
       -0.0185528793   0.0026361177  -0.0027878348   0.0014991097
       -0.0003231705   0.0004511369   0.0007228439   0.0068462411   0.0004007160
        0.0017104024  -0.0016144633  -0.0010296288  -0.0017537492   0.0008024300
        0.0001644653  -0.0002303487  -0.0000403247   0.0000523751   0.0000684336
        0.0000357341   0.0000167165  -0.0000004175  -0.0000335344   0.0000193539
        0.0000015142   0.0000815778  -0.0000097218   0.0000161323   0.0000049583
       -0.0000889286  -0.0000742720   0.0014631636   0.0336162073   0.0802053303
       -0.0619718324  -0.0085731352  -0.0071914195   0.0451303607  -0.0239479569
       -0.0656540707  -0.2295403886  -0.0432484214  -0.0619745417   0.6480341357
        0.0391771036  -0.0248800489  -0.3090529213  -0.0041241819   0.0460826118
       -0.0001927963  -0.0001612147   0.0000829305  -0.0002684468   0.0001469976
       -0.0001013855   0.0000376870   0.0000388837   0.0000352782  -0.0000183635
       -0.0000043731  -0.0000042191  -0.0000134798   0.0000040950  -0.0000097201
       -0.0000079703   0.0000040206  -0.0000071241  -0.0000036983   0.0000004772
        0.0000059855  -0.0000151877   0.0000245517  -0.0000026590  -0.0004905068
       -0.0000099245  -0.0001257101   0.0011519090   0.0000152521   0.0016686409
       -0.0248439695  -0.0088144191  -0.0147274410  -0.0510569873   0.0154689812
        0.0397489189  -0.0241001557   0.0004105723   0.0063881044
        0.0007189516  -0.0003096084  -0.0001592783   0.0005251903   0.0054433445
       -0.0050919890  -0.0012089255   0.0000699495   0.0004510890   0.0002976679
       -0.0005555516   0.0000182871  -0.0000419645   0.0000555971  -0.0000171240
        0.0000348826  -0.0000181662  -0.0000188250  -0.0000084127   0.0000155007
       -0.0000068324   0.0000329253  -0.0000395243  -0.0000032537  -0.0002193178
       -0.0000311142   0.0000372525   0.0128090589   0.0028352828   0.0011443215
       -0.0091521278  -0.0054994781   0.0021728533  -0.0011470179  -0.0091497371
       -0.0245309797  -0.0748097703  -0.0788567240  -0.0549238034   0.0391771036
        0.2050844909   0.1997645265   0.0257397905  -0.0556517432  -0.0262658282
        0.0000297867   0.0000188803  -0.0000523629  -0.0000332655  -0.0000175894
        0.0000897952   0.0000619768  -0.0001332208  -0.0001688193   0.0000081503
        0.0000057967  -0.0000014111  -0.0000125487   0.0000160247  -0.0000015594
       -0.0000153050  -0.0000005846   0.0000082539  -0.0000228668  -0.0000143285
        0.0000044726   0.0000176290  -0.0000000795   0.0000053149  -0.0000682833
       -0.0000792105   0.0003802950  -0.0001737428   0.0058279494  -0.0048991645
        0.0006239079   0.0014510423   0.0004533349   0.0155023666  -0.0719883438
       -0.0905303710  -0.0086658392   0.0015211453   0.0021418057
        0.0011939446   0.0001884669  -0.0004779014   0.0019944996  -0.0047317447
       -0.0040128631  -0.0014294165   0.0000742003   0.0003614357   0.0006593798
        0.0002553984  -0.0001836604  -0.0002708539   0.0000808682  -0.0000078813
        0.0000560541   0.0000015305   0.0000051652  -0.0000092117   0.0000127374
        0.0000082200   0.0000808863   0.0000325508  -0.0000190644  -0.0001695192
       -0.0000930136   0.0000722609   0.0285828669  -0.0045698769  -0.0146973884
       -0.0087164525   0.0020357942   0.0013122774  -0.0126672816  -0.0193969021
       -0.0414623421  -0.1351541642  -0.0618248445  -0.1630239152  -0.0248800489
        0.1997645265   0.5872711090   0.1177099814  -0.0193489045  -0.1180469233
       -0.0000740017   0.0001146725   0.0001060267   0.0000171157  -0.0000721524
        0.0001049980   0.0000383644  -0.0000157787  -0.0002872902   0.0000026245
        0.0000292167  -0.0000026939  -0.0000340427   0.0000334960   0.0000115409
       -0.0000324116   0.0000071572   0.0000027693  -0.0000261309  -0.0000245276
       -0.0000063997   0.0000403942   0.0000153084  -0.0000236745  -0.0001147988
        0.0003784649   0.0007042067   0.0011086098  -0.0049394228  -0.0038049817
        0.0071676938   0.0024191130   0.0055165600   0.0397567145  -0.0905527823
       -0.2546432902  -0.0148307955   0.0001264484   0.0052237000
       -0.0046879447  -0.0002894740   0.0010616009  -0.0164567607   0.0100077088
        0.0267756025  -0.0011716757   0.0023762537   0.0047410114  -0.0000646693
       -0.0001975447   0.0008771913  -0.0001976710  -0.0000959786  -0.0002115054
        0.0001245002   0.0000188490  -0.0000635227   0.0000474670  -0.0001027389
       -0.0000124402  -0.0000093883  -0.0000127565  -0.0001184677  -0.0000105382
        0.0002812011   0.0000180653  -0.0933406466  -0.0019449050   0.0015470390
        0.0410132937  -0.0018871670  -0.0136558679  -0.0248653414   0.0117420906
        0.0316246935  -0.0645464845  -0.0254657877  -0.0448584506  -0.3090529213
        0.0257397905   0.1177099814   0.6835556136   0.0462461174  -0.0143016396
        0.0000457875   0.0000192023  -0.0001157671   0.0001147941  -0.0001194474
       -0.0001309871  -0.0003721257   0.0002864822   0.0015336662   0.0000282669
       -0.0000333591   0.0000785034  -0.0000571340   0.0000344635   0.0000175766
       -0.0000456792  -0.0000046205   0.0000289094  -0.0000812429  -0.0000379816
       -0.0000043475  -0.0000611921  -0.0000837115   0.0000603416  -0.0032284887
       -0.0025380150  -0.0030940708   0.0003211620   0.0003782299   0.0006645759
       -0.0031969768  -0.0021401330  -0.0027601608  -0.0068745565   0.0012538900
        0.0045982460  -0.1969294476  -0.0634306583  -0.1120097768
       -0.0002630659   0.0017726995   0.0003877243   0.0084749640  -0.0005425621
       -0.0033272193  -0.0012271763   0.0001617928  -0.0026191142  -0.0003206745
       -0.0002196960   0.0002245574  -0.0000168345  -0.0000516886  -0.0000404202
        0.0000004883  -0.0000282729   0.0000103130   0.0000167414   0.0000030547
       -0.0000138188   0.0000027023   0.0000215253  -0.0000322489  -0.0000400681
        0.0000407165  -0.0000020253   0.0213891025  -0.0875369860  -0.0896181961
       -0.0214652254  -0.0085289880  -0.0184293719   0.0113128176  -0.0084409624
       -0.0087876263  -0.0023168990   0.0078832591   0.0156776594  -0.0041241819
       -0.0556517432  -0.0193489045   0.0462461174   0.2016420698   0.1858316699
       -0.0001554204   0.0000553207   0.0001820479  -0.0001021137  -0.0000504276
       -0.0001812817  -0.0000810223   0.0000388511  -0.0000958894   0.0000315607
        0.0000460922   0.0000330980   0.0000024852   0.0000290517   0.0000055638
       -0.0000146663   0.0000173250   0.0000077226  -0.0000149782  -0.0000009495
        0.0000004428   0.0000095652  -0.0000067825   0.0000038782  -0.0021259913
        0.0057013538  -0.0036132423   0.0003443340  -0.0001193703   0.0001395879
       -0.0023540618   0.0061033206  -0.0036359968   0.0105339090  -0.0004488590
       -0.0051223603  -0.0637424080  -0.0618891447  -0.0476365494
        0.0012752243   0.0000596732   0.0010844062   0.0276148048  -0.0035491138
       -0.0129342689  -0.0064532160  -0.0033265559  -0.0056809888   0.0007003976
        0.0004597639   0.0000206681  -0.0004622681   0.0000696139   0.0001215584
        0.0001627759   0.0000322326   0.0000069111   0.0000136107  -0.0000486955
        0.0000037148   0.0000987868  -0.0000179674  -0.0000315964  -0.0003419909
        0.0000017246  -0.0001638598   0.0548735623  -0.0846283680  -0.2610650889
       -0.0582286331  -0.0228893596  -0.0384681010   0.0309626284  -0.0088349862
       -0.0331604254   0.0095155901   0.0211701830   0.0482653891   0.0460826118
       -0.0262658282  -0.1180469233  -0.0143016396   0.1858316699   0.5555252034
       -0.0002302987  -0.0000151926  -0.0000545089  -0.0003412507  -0.0000063956
        0.0000311788  -0.0000216005  -0.0001736654  -0.0004015569   0.0000732980
        0.0000513307   0.0000120289  -0.0000491048   0.0000500193   0.0000105821
       -0.0000482154  -0.0000031854   0.0000122958  -0.0000451380  -0.0000513440
        0.0000123931  -0.0000176045  -0.0001258902   0.0000427543  -0.0026261940
       -0.0034999659  -0.0002256071   0.0006786939   0.0001296350  -0.0000386701
       -0.0030763167  -0.0036455795  -0.0000219497   0.0262368749  -0.0030492547
       -0.0121927265  -0.1120453885  -0.0477244983  -0.1226628124
       -0.0555973863  -0.0562428266  -0.0094867758   0.0020410707   0.0033319427
       -0.0019590808   0.0000226137  -0.0001625192   0.0000964590   0.0000561430
        0.0002394865  -0.0002488093   0.0000508993  -0.0003818169   0.0002251908
       -0.0001675421   0.0000470670  -0.0000112140   0.0000857777   0.0001431648
       -0.0000102982   0.0001422918  -0.0000458811   0.0000444809   0.0000023451
       -0.0000219707  -0.0000973242  -0.0004878310  -0.0006906401   0.0005090895
       -0.0005175806   0.0004362060   0.0008818034  -0.0000657250   0.0000885024
       -0.0001701187   0.0000662907   0.0000484485   0.0000546547  -0.0001927963
        0.0000297867  -0.0000740017   0.0000457875  -0.0001554204  -0.0002302987
        0.0637985006   0.0668558916   0.0133768739   0.0043100534   0.0174811361
        0.0019801639  -0.0117067004  -0.0316346529  -0.0048924055  -0.0001276262
        0.0001865256  -0.0002550050  -0.0000245864   0.0000141925   0.0000097896
        0.0000285181   0.0000254810  -0.0000035932   0.0000172728   0.0000317075
        0.0000096305  -0.0000088523   0.0000998014   0.0000223788  -0.0017855015
        0.0004167957   0.0003617202  -0.0000117762  -0.0000087329  -0.0000004102
        0.0000282462  -0.0000628517  -0.0000223463   0.0000013621  -0.0000151853
       -0.0000293789  -0.0000032682  -0.0000536383  -0.0000811746
       -0.0574014136  -0.2563998294  -0.0410366113  -0.0028349542  -0.0083599088
       -0.0065927611   0.0005343684   0.0008174705  -0.0007048672   0.0005398420
       -0.0005115640  -0.0001313491   0.0000225707  -0.0001002318   0.0000564827
       -0.0000196909  -0.0000915130   0.0000212611   0.0000566120   0.0000979053
        0.0000154234   0.0001606433   0.0000408474  -0.0000588673  -0.0001637092
       -0.0000704446   0.0000367336   0.0000312567   0.0004055119  -0.0002499917
       -0.0004615801  -0.0001015204  -0.0003997635   0.0000419815   0.0000777340
        0.0001590252  -0.0000842561   0.0000905105   0.0002192236  -0.0001612147
        0.0000188803   0.0001146725   0.0000192023   0.0000553207  -0.0000151926
        0.0668558916   0.2949737648   0.0500108270  -0.0036956130  -0.0245892145
       -0.0013141920  -0.0044325907  -0.0069996284  -0.0006131350   0.0000214923
        0.0002125410   0.0000400904   0.0000055836   0.0000292899   0.0000165750
       -0.0000289009   0.0000128346  -0.0000002810  -0.0000067450  -0.0000197288
       -0.0000009648   0.0000240509   0.0000393043   0.0000170045   0.0010706308
        0.0003024266   0.0002502841  -0.0000264046   0.0000042252   0.0000305893
       -0.0000115871   0.0000138059   0.0000450915  -0.0000230636  -0.0000035858
        0.0000108113  -0.0000324025   0.0000547967   0.0000738814
       -0.0113458129  -0.0477642751  -0.0449455031  -0.0077113383  -0.0285790625
       -0.0097900561  -0.0003229512   0.0032667098  -0.0049006092   0.0008006265
       -0.0015082006  -0.0000129534   0.0000126038  -0.0000789390  -0.0000134874
        0.0001762451  -0.0000641789   0.0000223156  -0.0000585803   0.0000347987
       -0.0000061057   0.0001053875   0.0000302329  -0.0001554461  -0.0003756393
       -0.0000290981   0.0001794011   0.0003500167   0.0008315038  -0.0005829217
       -0.0000058583  -0.0000218033  -0.0001243550   0.0001124190  -0.0001642193
       -0.0000625775  -0.0000159479   0.0000163841   0.0000545785   0.0000829305
       -0.0000523629   0.0001060267  -0.0001157671   0.0001820479  -0.0000545089
        0.0133768739   0.0500108270   0.0537702486   0.0034763299   0.0182634189
        0.0039700636   0.0014268568   0.0052293161   0.0021352677  -0.0002249819
        0.0001743880  -0.0000881150   0.0000275598   0.0000191720  -0.0000000296
       -0.0000049953   0.0000096342   0.0000210976  -0.0000156235  -0.0000179719
        0.0000078588   0.0000283656   0.0000216689  -0.0000286895   0.0003801093
        0.0000909983   0.0003739108  -0.0000603601   0.0000113070   0.0000144914
       -0.0000256375   0.0000322267  -0.0000002441  -0.0000369299   0.0000002298
        0.0000368535  -0.0000359010   0.0000552475   0.0000734879
       -0.1155434429   0.0809431348  -0.0738237820   0.0024185476  -0.0035730832
       -0.0027351224   0.0004038509   0.0008535061   0.0007706241  -0.0002049077
       -0.0002483396  -0.0003638140   0.0000478948   0.0000332530  -0.0001863712
        0.0002112027  -0.0000419116  -0.0000062986   0.0000218849  -0.0001430844
       -0.0000058875  -0.0001334465   0.0000854701  -0.0000144331   0.0002159354
        0.0002700081   0.0000932383  -0.0004144197   0.0002044071   0.0007388552
       -0.0005094869  -0.0000864897   0.0009264753  -0.0000641600  -0.0000780658
        0.0000220941   0.0000508652   0.0000783068   0.0001428392  -0.0002684468
       -0.0000332655   0.0000171157   0.0001147941  -0.0001021137  -0.0003412507
        0.0043100534  -0.0036956130   0.0034763299   0.1321505359  -0.0932493188
        0.0884816223  -0.0216349583   0.0198488891  -0.0176376774  -0.0000799574
       -0.0001616374   0.0000169347   0.0000195163  -0.0000258289  -0.0000182938
       -0.0000056423  -0.0000191200   0.0000080245  -0.0000093523  -0.0000135740
       -0.0000070766  -0.0000273754  -0.0000741974  -0.0000373410  -0.0010504196
       -0.0007311031   0.0006201790  -0.0000168170  -0.0000074342  -0.0000047399
        0.0000162461   0.0000196187  -0.0000430322  -0.0000099596  -0.0000109921
       -0.0000249823  -0.0000085347  -0.0000414212  -0.0000642293
        0.0800086806  -0.1276374860   0.0851554210  -0.0020981321   0.0035822252
       -0.0025741432  -0.0001860514  -0.0009014342  -0.0013453100  -0.0002089959
        0.0001286990  -0.0000341517  -0.0000029713  -0.0001490783   0.0000628731
       -0.0000558488   0.0000704262  -0.0000037322  -0.0000110599   0.0000309499
        0.0000156126  -0.0000041577  -0.0000348960  -0.0000008735   0.0000490596
        0.0000092870   0.0000022175  -0.0000358887   0.0002624068  -0.0001375771
        0.0001677292   0.0004615536   0.0004512480  -0.0000282583  -0.0000858024
       -0.0001864712   0.0000824048  -0.0000850488  -0.0001579237   0.0001469976
       -0.0000175894  -0.0000721524  -0.0001194474  -0.0000504276  -0.0000063956
        0.0174811361  -0.0245892145   0.0182634189  -0.0932493188   0.1472089757
       -0.0978492237  -0.0007682454   0.0022162608  -0.0015987572  -0.0000264231
        0.0000478832  -0.0000544158  -0.0000045726  -0.0000233244  -0.0000007462
        0.0000371755   0.0000067480  -0.0000032439   0.0000133112   0.0000276299
        0.0000032170  -0.0000036482   0.0000406404  -0.0000033392  -0.0011855407
       -0.0004632143   0.0002060027  -0.0000096630  -0.0000081458  -0.0000174324
        0.0000135349  -0.0000212361  -0.0000466358  -0.0000019341  -0.0000104563
       -0.0000121158   0.0000001282  -0.0000163316  -0.0000553703
       -0.0763116118   0.0887087878  -0.1193787772  -0.0164328305   0.0169464587
       -0.0213853512  -0.0002014263  -0.0046801048  -0.0060718123   0.0008032836
        0.0010248747  -0.0004068141  -0.0000811610   0.0001139129   0.0001217827
       -0.0000407918   0.0000202258  -0.0000480431   0.0000349798   0.0001024815
        0.0000170313   0.0002219376  -0.0000753167   0.0001070002  -0.0000887870
       -0.0001147959   0.0001289202  -0.0001713981  -0.0007143670   0.0001103752
       -0.0000670757  -0.0001510636  -0.0001559070   0.0001129718   0.0000632840
       -0.0000809971  -0.0000233853   0.0000675445   0.0001634606  -0.0001013855
        0.0000897952   0.0001049980  -0.0001309871  -0.0001812817   0.0000311788
        0.0019801639  -0.0013141920   0.0039700636   0.0884816223  -0.0978492237
        0.1387770736   0.0015269589  -0.0025030931   0.0034599213   0.0000207431
       -0.0000349276  -0.0000601672  -0.0000376432   0.0000247941   0.0000060241
       -0.0000307440   0.0000005079  -0.0000135499  -0.0000132473  -0.0000249166
       -0.0000202186   0.0000057669  -0.0000282098  -0.0000122882   0.0007671105
        0.0004276960   0.0003818997  -0.0000759171   0.0000026587   0.0000410836
       -0.0000181570   0.0000021629   0.0000374500  -0.0000480378   0.0000173865
        0.0000248452  -0.0000809518   0.0000589214   0.0001508180
       -0.2686259009  -0.0298410091   0.0472515843  -0.0093898773   0.0003884287
        0.0075687138   0.0005253232  -0.0001547911  -0.0020527065   0.0007211051
       -0.0001993179  -0.0003018820  -0.0004660724   0.0005745600  -0.0005120012
       -0.0001917983   0.0001052523  -0.0000727428  -0.0001580603  -0.0000220547
        0.0000103818  -0.0000915885  -0.0001121435  -0.0000597937  -0.0000513301
       -0.0002013838  -0.0001986855   0.0000251063  -0.0000927612   0.0012867096
       -0.0000948361  -0.0000718794   0.0000136366   0.0001933800   0.0000434935
        0.0000870483   0.0000685147   0.0000268852   0.0000392096   0.0000376870
        0.0000619768   0.0000383644  -0.0003721257  -0.0000810223  -0.0000216005
       -0.0117067004  -0.0044325907   0.0014268568  -0.0216349583  -0.0007682454
        0.0015269589   0.3112518232   0.0346294020  -0.0567579210   0.0000512988
       -0.0001491990   0.0000562844  -0.0000242561   0.0000106546   0.0000437447
       -0.0000097594   0.0000026587   0.0000203240  -0.0000169126   0.0000070916
        0.0000206970   0.0000063959   0.0000816535   0.0000915654   0.0000114867
        0.0001538688   0.0003000624  -0.0000056819  -0.0000095062   0.0000068235
       -0.0000330809   0.0000090079   0.0000483993  -0.0000306684   0.0000215851
        0.0000652148   0.0000114866   0.0000193857   0.0000747536
       -0.0297041267  -0.0483021115   0.0078539941   0.0056203601   0.0008933820
       -0.0031917309   0.0009580049   0.0000329297   0.0006538084  -0.0001862490
        0.0002179472   0.0002987508   0.0000938882   0.0003216189  -0.0000247894
        0.0003507632   0.0000509212  -0.0000771396  -0.0000339216  -0.0001982188
        0.0000052808  -0.0002934137   0.0000700286   0.0000072731   0.0000152978
       -0.0000460435  -0.0000427910   0.0000262774   0.0008841222  -0.0014831642
       -0.0000754235   0.0001304406  -0.0001281717  -0.0000248022   0.0000202067
        0.0000965350  -0.0000145392  -0.0000166549  -0.0000012061   0.0000388837
       -0.0001332208  -0.0000157787   0.0002864822   0.0000388511  -0.0001736654
       -0.0316346529  -0.0069996284   0.0052293161   0.0198488891   0.0022162608
       -0.0025030931   0.0346294020   0.0515555785  -0.0067659655  -0.0000699002
       -0.0003545708   0.0001886221   0.0000390395  -0.0000719139  -0.0000168691
       -0.0000047136  -0.0000522536   0.0000096413   0.0000017336  -0.0000426173
        0.0000013089   0.0000302351  -0.0001719544  -0.0000184867   0.0000818711
       -0.0001210871   0.0000963785  -0.0000026096   0.0000085076  -0.0000062514
       -0.0000071125   0.0000169072   0.0000027899   0.0000170135  -0.0000109228
       -0.0000044665   0.0000133234   0.0000634953   0.0000098705
        0.0473880201   0.0075303732  -0.0534042952   0.0301002307   0.0028215506
       -0.0110460668   0.0011908430   0.0002435527   0.0031206011   0.0000936496
       -0.0001655825  -0.0008536824  -0.0007372228   0.0007622183   0.0000052932
       -0.0002911498   0.0001092760  -0.0000209607  -0.0000172143   0.0001576561
        0.0000162317   0.0001411481  -0.0001335609  -0.0000256213  -0.0004955028
       -0.0006991135   0.0000035085   0.0004822951  -0.0015006348  -0.0051845613
       -0.0004720593  -0.0002917679  -0.0002710343  -0.0001347788   0.0000246261
        0.0001217773  -0.0001212259   0.0000145264   0.0000319057   0.0000352782
       -0.0001688193  -0.0002872902   0.0015336662  -0.0000958894  -0.0004015569
       -0.0048924055  -0.0006131350   0.0021352677  -0.0176376774  -0.0015987572
        0.0034599213  -0.0567579210  -0.0067659655   0.0625218973   0.0000733112
        0.0002155357  -0.0000700890   0.0000987426  -0.0000438985  -0.0000018486
        0.0000872517   0.0000119601  -0.0000065367   0.0000938474   0.0000430456
       -0.0000149020   0.0000742409   0.0000206796  -0.0000049339  -0.0000427295
        0.0000888938   0.0001369444   0.0000232341   0.0000036546   0.0000180665
        0.0000127796   0.0000069013   0.0000100229   0.0001181874  -0.0000165725
       -0.0000708839   0.0000531609   0.0000392471   0.0000828258
       -0.0000700533   0.0002018825  -0.0001960002   0.0002067314  -0.0002140091
       -0.0002664455   0.0017264854   0.0009406621   0.0002295410   0.0057056425
        0.0092709844   0.0005594513  -0.1180763444  -0.1146181032  -0.0044266465
       -0.0191033075  -0.0259878967  -0.0011758813  -0.0057551923   0.0008104406
        0.0007244222  -0.0001129680   0.0006225778   0.0000697288  -0.0004404658
        0.0024332888   0.0005582077  -0.0000340684  -0.0001070567   0.0000707655
       -0.0000226082  -0.0000228779  -0.0000341811  -0.0000232403   0.0000045323
       -0.0000078028  -0.0000110481   0.0000011033  -0.0000021037  -0.0000183635
        0.0000081503   0.0000026245   0.0000282669   0.0000315607   0.0000732980
       -0.0001276262   0.0000214923  -0.0002249819  -0.0000799574  -0.0000264231
        0.0000207431   0.0000512988  -0.0000699002   0.0000733112   0.1362048106
        0.1282089037   0.0043725141   0.0007270730  -0.0007358307  -0.0002438561
       -0.0010965107  -0.0013495890  -0.0000451698  -0.0000021677  -0.0000017590
       -0.0000708415   0.0002527146   0.0006036491   0.0000064677  -0.0000023061
       -0.0000110311  -0.0000228687   0.0000187795   0.0000033863  -0.0000047748
        0.0000116293  -0.0000031977  -0.0000081702   0.0000180676  -0.0000034437
       -0.0000170001   0.0000247281  -0.0000114961  -0.0000143508
       -0.0000265968   0.0002627624   0.0001332674   0.0001196171  -0.0001935607
       -0.0002420136  -0.0015915269   0.0016011101   0.0001442613  -0.0139563438
       -0.0263942058  -0.0015151765  -0.1146603079  -0.2228479112  -0.0089559007
       -0.0017762345  -0.0010558146   0.0001806706   0.0000647318   0.0015873859
       -0.0005094445   0.0007966736   0.0005590646   0.0000410365   0.0030942680
       -0.0044224394  -0.0011770840   0.0000892818   0.0000089675  -0.0000478614
       -0.0000411250   0.0000128138  -0.0000336283  -0.0000535332  -0.0000235596
        0.0000080091  -0.0000298619  -0.0000113030   0.0000069755  -0.0000043731
        0.0000057967   0.0000292167  -0.0000333591   0.0000460922   0.0000513307
        0.0001865256   0.0002125410   0.0001743880  -0.0001616374   0.0000478832
       -0.0000349276  -0.0001491990  -0.0003545708   0.0002155357   0.1282089037
        0.2515224522   0.0111850607   0.0007483578   0.0010847910   0.0002814610
       -0.0000239799  -0.0001199862  -0.0000916877   0.0000331387   0.0000363241
        0.0001443642  -0.0008170449  -0.0014813688  -0.0000032236   0.0000264829
        0.0000102990   0.0000389613  -0.0000031472  -0.0000072790   0.0000098616
        0.0000006613  -0.0000160267   0.0000004123  -0.0000138219  -0.0000178302
        0.0000007388  -0.0000265496  -0.0000524278  -0.0000346036
       -0.0000463289   0.0002554330  -0.0001604213  -0.0003068845   0.0000756475
        0.0003248659  -0.0010087749  -0.0003897879  -0.0025134426   0.0005622226
       -0.0028343971   0.0009811388  -0.0046817955  -0.0078956680  -0.0323450566
        0.0002854739   0.0009509911  -0.0000782165   0.0005966180  -0.0004355570
        0.0079524628   0.0001879521   0.0000364613  -0.0001797780   0.0004846647
       -0.0013655659   0.0069573583  -0.0000881172  -0.0001943363  -0.0000354179
       -0.0000185525  -0.0000009605   0.0000177141  -0.0000175212   0.0000008693
       -0.0000289175   0.0000091232   0.0000052366   0.0000010367  -0.0000042191
       -0.0000014111  -0.0000026939   0.0000785034   0.0000330980   0.0000120289
       -0.0002550050   0.0000400904  -0.0000881150   0.0000169347  -0.0000544158
       -0.0000601672   0.0000562844   0.0001886221  -0.0000700890   0.0043725141
        0.0111850607   0.0239390567  -0.0000781002   0.0003426280  -0.0027889020
        0.0000502835   0.0000127973   0.0002684380  -0.0000734180   0.0001585635
       -0.0017132859  -0.0001124304  -0.0000844180  -0.0003442015  -0.0000211822
       -0.0000052721  -0.0000198124   0.0000027986   0.0000051057  -0.0000009218
        0.0000039972  -0.0000034500  -0.0000047528   0.0000113552  -0.0000020633
       -0.0000121847  -0.0000063958  -0.0000233017  -0.0000077238
       -0.0000325260   0.0001008671  -0.0002671642   0.0001858208   0.0001597827
        0.0004116605  -0.0009292357   0.0013251967  -0.0001089383  -0.0054891740
       -0.0001459306   0.0005100597  -0.0168650187   0.0273124960   0.0034104671
       -0.0958195681   0.1011933588   0.0117688826   0.0067113908  -0.0130345372
       -0.0013810428  -0.0008039720  -0.0030570815   0.0002248715  -0.0001931485
       -0.0005870133  -0.0000508510  -0.0000948660  -0.0002660942   0.0000037597
       -0.0000105068   0.0000213920   0.0000841212  -0.0000146876   0.0000330104
        0.0000268050  -0.0000067652  -0.0000095089  -0.0000188360  -0.0000134798
       -0.0000125487  -0.0000340427  -0.0000571340   0.0000024852  -0.0000491048
       -0.0000245864   0.0000055836   0.0000275598   0.0000195163  -0.0000045726
       -0.0000376432  -0.0000242561   0.0000390395   0.0000987426   0.0007270730
        0.0007483578  -0.0000781002   0.1115422120  -0.1122345080  -0.0140221582
        0.0009473202  -0.0008191375  -0.0002893053   0.0002346190  -0.0007410258
       -0.0000854135   0.0000075787  -0.0000093722  -0.0001142138   0.0000109164
       -0.0000019668  -0.0000042915  -0.0000201435  -0.0000019540  -0.0000052225
       -0.0000116069  -0.0000002705   0.0000039031  -0.0000045075   0.0000057479
        0.0000098888   0.0000287359  -0.0000217959  -0.0000343936
        0.0000432518   0.0000765161   0.0001909141  -0.0004260729  -0.0001875590
       -0.0003376110   0.0005505564  -0.0001736351   0.0000544328   0.0000877379
        0.0016089968  -0.0004740322   0.0035807547  -0.0037551092  -0.0005783081
        0.1010141910  -0.2423882207  -0.0226182665   0.0111270269  -0.0262110787
       -0.0028015840  -0.0036616543  -0.0038897877  -0.0008831018  -0.0006513751
        0.0006924689   0.0000995868   0.0001071288   0.0000394019  -0.0000152186
       -0.0000190291  -0.0000116774  -0.0000636553   0.0000014776  -0.0000274439
       -0.0000339571  -0.0000100878   0.0000071014   0.0000161277   0.0000040950
        0.0000160247   0.0000334960   0.0000344635   0.0000290517   0.0000500193
        0.0000141925   0.0000292899   0.0000191720  -0.0000258289  -0.0000233244
        0.0000247941   0.0000106546  -0.0000719139  -0.0000438985  -0.0007358307
        0.0010847910   0.0003426280  -0.1122345080   0.2738553079   0.0267419722
        0.0005994184   0.0007790195   0.0002800643   0.0005739914  -0.0015062641
       -0.0001728195   0.0000099602   0.0000372943   0.0001667246  -0.0000048675
       -0.0000046841   0.0000083391   0.0000130117   0.0000020013   0.0000079781
        0.0000111774  -0.0000023516  -0.0000055284   0.0000030034  -0.0000048823
       -0.0000159808  -0.0000168391   0.0000006669   0.0000077125
       -0.0000296285  -0.0000265534   0.0000608109   0.0000824867   0.0001461107
        0.0000518358   0.0000033401  -0.0003876738  -0.0002697939   0.0006790686
       -0.0006910107   0.0081858225   0.0010229817  -0.0016101786   0.0006576257
        0.0117922557  -0.0227019959  -0.0367975858   0.0007184205  -0.0015636446
        0.0006137801   0.0000987093  -0.0008878705   0.0077947963   0.0000570176
        0.0002609692  -0.0002115603  -0.0000222764   0.0000244618  -0.0000098450
        0.0000084989  -0.0000154433  -0.0000077498  -0.0000022646  -0.0000082471
       -0.0000131007  -0.0000010823   0.0000053849   0.0000025130  -0.0000097201
       -0.0000015594   0.0000115409   0.0000175766   0.0000055638   0.0000105821
        0.0000097896   0.0000165750  -0.0000000296  -0.0000182938  -0.0000007462
        0.0000060241   0.0000437447  -0.0000168691  -0.0000018486  -0.0002438561
        0.0002814610  -0.0027889020  -0.0140221582   0.0267419722   0.0270309077
       -0.0001444463   0.0003330964  -0.0025146660   0.0000329314  -0.0000712839
       -0.0000706526  -0.0000886847   0.0001670046  -0.0017369703  -0.0000016169
       -0.0000011982  -0.0000058264   0.0000022424   0.0000035904   0.0000004447
        0.0000028902  -0.0000019744   0.0000006554   0.0000047382   0.0000046672
       -0.0000055553   0.0000073356  -0.0000046079   0.0000067471
       -0.0000766199  -0.0000513505  -0.0002057706   0.0004550419   0.0000942639
        0.0002955643  -0.0001087320  -0.0000424298  -0.0001755494   0.0010788755
       -0.0000859128  -0.0000459631  -0.0008424729  -0.0034805466   0.0001615536
       -0.0200069425  -0.0009349976   0.0009104760  -0.2978266679   0.0110640369
        0.0145504562  -0.0173039666   0.0024544912   0.0010626316  -0.0002701459
        0.0030754083   0.0006823034  -0.0000858062  -0.0000003439   0.0000083413
        0.0000131186   0.0000259848   0.0000636489  -0.0000071855   0.0000197004
        0.0000396051  -0.0000021407  -0.0000034540  -0.0000135106  -0.0000079703
       -0.0000153050  -0.0000324116  -0.0000456792  -0.0000146663  -0.0000482154
        0.0000285181  -0.0000289009  -0.0000049953  -0.0000056423   0.0000371755
       -0.0000307440  -0.0000097594  -0.0000047136   0.0000872517  -0.0010965107
       -0.0000239799   0.0000502835   0.0009473202   0.0005994184  -0.0001444463
        0.3351910027  -0.0122053185  -0.0170357786   0.0009106334  -0.0005652854
       -0.0002306961  -0.0009308505   0.0000808471   0.0000722127   0.0000122469
        0.0000031886  -0.0000051949  -0.0000152402  -0.0000001067  -0.0000061911
       -0.0000103532   0.0000041262   0.0000029773  -0.0000052547   0.0000066184
        0.0000134644   0.0000211831  -0.0000079481  -0.0000213031
       -0.0000099256   0.0000417622   0.0000090978   0.0000142920  -0.0000766236
       -0.0000215776  -0.0000195845   0.0001539318   0.0001582994  -0.0000865711
       -0.0007008461  -0.0001177066  -0.0029154345  -0.0037507328  -0.0007831501
       -0.0253511296   0.0000056839   0.0012913850   0.0111118753  -0.0444189542
       -0.0016306296   0.0267844158  -0.0024002868  -0.0015667148   0.0025684701
       -0.0042775932  -0.0011383609   0.0000226953   0.0000160179  -0.0000000787
       -0.0000015672   0.0000112583  -0.0000049529   0.0000041966  -0.0000069833
       -0.0000010167  -0.0000011868   0.0000044432   0.0000066925   0.0000040206
       -0.0000005846   0.0000071572  -0.0000046205   0.0000173250  -0.0000031854
        0.0000254810   0.0000128346   0.0000096342  -0.0000191200   0.0000067480
        0.0000005079   0.0000026587  -0.0000522536   0.0000119601  -0.0013495890
       -0.0001199862   0.0000127973  -0.0008191375   0.0007790195   0.0003330964
       -0.0122053185   0.0542536699   0.0033121763   0.0008481641   0.0007512382
        0.0002439262   0.0014030224  -0.0002433710  -0.0001358498   0.0000025359
        0.0000029657  -0.0000003619  -0.0000022353   0.0000078790   0.0000005530
        0.0000014339   0.0000006672  -0.0000000514  -0.0000011115  -0.0000023452
        0.0000018713  -0.0000067300  -0.0000148839   0.0000044816
       -0.0000173215   0.0000743291   0.0000556306  -0.0004220831   0.0000272941
       -0.0000637322   0.0000542505  -0.0000722581  -0.0017298330   0.0001100095
        0.0001989011   0.0004500963  -0.0000910544  -0.0007997213   0.0073364366
       -0.0010217152   0.0002635997   0.0000028012   0.0146377352  -0.0017139743
       -0.0328385152   0.0032816995  -0.0003435368  -0.0002638184   0.0006976068
       -0.0012637565   0.0071226298  -0.0000198678  -0.0001194950  -0.0000132098
       -0.0000206880  -0.0000057811  -0.0000055544   0.0000025761   0.0000060654
       -0.0000213003   0.0000021039   0.0000071294   0.0000085336  -0.0000071241
        0.0000082539   0.0000027693   0.0000289094   0.0000077226   0.0000122958
       -0.0000035932  -0.0000002810   0.0000210976   0.0000080245  -0.0000032439
       -0.0000135499   0.0000203240   0.0000096413  -0.0000065367  -0.0000451698
       -0.0000916877   0.0002684380  -0.0002893053   0.0002800643  -0.0025146660
       -0.0170357786   0.0033121763   0.0244366976  -0.0001025331   0.0003103265
       -0.0024787796   0.0002309367  -0.0000824399   0.0002290318  -0.0000028931
       -0.0000035843   0.0000008314  -0.0000028149   0.0000019401   0.0000000960
        0.0000023980  -0.0000005006   0.0000003490   0.0000026491  -0.0000031427
       -0.0000057593   0.0000027189  -0.0000040406   0.0000075203
       -0.0000430564  -0.0001190221  -0.0001854455  -0.0000480077   0.0000423646
        0.0003194254  -0.0007755081  -0.0015355025  -0.0002901604  -0.0055127671
        0.0006806316   0.0011265207  -0.0001081720   0.0006838848   0.0000617124
       -0.0002002469   0.0026168303   0.0006329077   0.0065430890   0.0099224768
        0.0005644798  -0.1169984972  -0.1143484788  -0.0057635407  -0.0197309815
       -0.0259055497  -0.0012465220  -0.0001274508   0.0002018739  -0.0001166880
        0.0000043353   0.0000291787   0.0000738128  -0.0000112330  -0.0000004443
        0.0000607483  -0.0000075490  -0.0000096535  -0.0000226423  -0.0000036983
       -0.0000228668  -0.0000261309  -0.0000812429  -0.0000149782  -0.0000451380
        0.0000172728  -0.0000067450  -0.0000156235  -0.0000093523   0.0000133112
       -0.0000132473  -0.0000169126   0.0000017336   0.0000938474  -0.0000021677
        0.0000331387  -0.0000734180   0.0002346190   0.0005739914   0.0000329314
        0.0009106334   0.0008481641  -0.0001025331   0.1352217807   0.1270436181
        0.0052508958   0.0007432941  -0.0007260897  -0.0002911973   0.0000144703
        0.0000051721  -0.0000027570  -0.0000159993  -0.0000068924  -0.0000033733
       -0.0000130499   0.0000062354   0.0000047772  -0.0000084527   0.0000084218
        0.0000140988   0.0000248508  -0.0000148040  -0.0000377404
       -0.0000473102  -0.0000454241  -0.0001237827   0.0003570779   0.0000096468
        0.0002848351  -0.0004659805  -0.0000841052  -0.0000890381   0.0004761017
        0.0014506386  -0.0006609326   0.0007173794   0.0006134260  -0.0000011573
        0.0032082140  -0.0044454786  -0.0012361363  -0.0142442628  -0.0260297184
       -0.0016063164  -0.1142473923  -0.2236836851  -0.0104023853  -0.0021860690
       -0.0011523105  -0.0000061308  -0.0000809067   0.0000282596   0.0000084190
        0.0000175385   0.0000307026   0.0000504986   0.0000034644   0.0000083186
        0.0000316997   0.0000093427   0.0000019515  -0.0000055361   0.0000004772
       -0.0000143285  -0.0000245276  -0.0000379816  -0.0000009495  -0.0000513440
        0.0000317075  -0.0000197288  -0.0000179719  -0.0000135740   0.0000276299
       -0.0000249166   0.0000070916  -0.0000426173   0.0000430456  -0.0000017590
        0.0000363241   0.0001585635  -0.0007410258  -0.0015062641  -0.0000712839
       -0.0005652854   0.0007512382   0.0003103265   0.1270436181   0.2530068805
        0.0131447827   0.0007759604   0.0010625903   0.0002963976   0.0000080288
        0.0000006030  -0.0000090865  -0.0000145831   0.0000020653  -0.0000060668
       -0.0000098113   0.0000024838   0.0000023034  -0.0000065001   0.0000062854
        0.0000137430   0.0000064394  -0.0000144340  -0.0000080019
       -0.0000177782   0.0000559025  -0.0000499473  -0.0000400832  -0.0001088083
       -0.0000591564   0.0002687796   0.0001057115   0.0000370331   0.0006179250
       -0.0003133521   0.0083052159   0.0001013702  -0.0001261052  -0.0002113924
        0.0007095696  -0.0012673116   0.0076107768  -0.0015072606  -0.0029089531
        0.0006267672  -0.0058348851  -0.0103542606  -0.0348504878   0.0008889072
        0.0011760029   0.0007554986   0.0000500929  -0.0000062920  -0.0000101677
       -0.0000065844   0.0000030639  -0.0000043772   0.0000126361   0.0000025773
       -0.0000013573   0.0000027059   0.0000002003   0.0000057576   0.0000059855
        0.0000044726  -0.0000063997  -0.0000043475   0.0000004428   0.0000123931
        0.0000096305  -0.0000009648   0.0000078588  -0.0000070766   0.0000032170
       -0.0000202186   0.0000206970   0.0000013089  -0.0000149020  -0.0000708415
        0.0001443642  -0.0017132859  -0.0000854135  -0.0001728195  -0.0000706526
       -0.0002306961   0.0002439262  -0.0024787796   0.0052508958   0.0131447827
        0.0249469908  -0.0001206155   0.0003930067  -0.0028206206  -0.0000023021
       -0.0000050299   0.0000034792  -0.0000064829  -0.0000060148  -0.0000009763
       -0.0000013280  -0.0000010698   0.0000000596  -0.0000028173  -0.0000100749
       -0.0000017158  -0.0000006830   0.0000020769   0.0000026062
       -0.0000063308  -0.0000729062  -0.0000062747  -0.0000425179  -0.0001403609
       -0.0004538452   0.0014010861  -0.0004542240   0.0000440312   0.0065944607
       -0.0126848344  -0.0013451369  -0.0011436231  -0.0027655684   0.0001868882
       -0.0002539843  -0.0005632755  -0.0000634337  -0.0057583351  -0.0001761272
        0.0007257666  -0.0161129175   0.0271547828   0.0030873782  -0.0981044183
        0.1031421530   0.0125202562   0.0000241765   0.0001206969  -0.0000042237
       -0.0000261290  -0.0000169491  -0.0000502963   0.0000086004  -0.0000140650
       -0.0000036248   0.0000023434  -0.0000044942   0.0000046003  -0.0000151877
        0.0000176290   0.0000403942  -0.0000611921   0.0000095652  -0.0000176045
       -0.0000088523   0.0000240509   0.0000283656  -0.0000273754  -0.0000036482
        0.0000057669   0.0000063959   0.0000302351   0.0000742409   0.0002527146
       -0.0008170449  -0.0001124304   0.0000075787   0.0000099602  -0.0000886847
       -0.0009308505   0.0014030224   0.0002309367   0.0007432941   0.0007759604
       -0.0001206155   0.1133833520  -0.1149534653  -0.0147675078   0.0000161421
        0.0000063504   0.0000119246   0.0000204922  -0.0000023712   0.0000044249
        0.0000176439   0.0000006793   0.0000043009   0.0000107194  -0.0000006366
       -0.0000028564   0.0000027138  -0.0000251142   0.0000672591
       -0.0000199295   0.0000326734   0.0000342858   0.0000214525  -0.0004160111
       -0.0001954566   0.0011688312   0.0021820491   0.0004227675   0.0110069294
       -0.0265074824  -0.0033469685  -0.0034498644  -0.0038488308  -0.0009215177
       -0.0007114696   0.0006589062   0.0001147410   0.0004874551   0.0016123318
       -0.0006343067   0.0031440584  -0.0034898147  -0.0003730279   0.1030892968
       -0.2421896209  -0.0240878378   0.0001442994   0.0000638677   0.0000386395
        0.0000256502   0.0000206935   0.0000219675   0.0000691739  -0.0000060208
        0.0000077911   0.0000421014   0.0000070073   0.0000295438   0.0000245517
       -0.0000000795   0.0000153084  -0.0000837115  -0.0000067825  -0.0001258902
        0.0000998014   0.0000393043   0.0000216689  -0.0000741974   0.0000406404
       -0.0000282098   0.0000816535  -0.0001719544   0.0000206796   0.0006036491
       -0.0014813688  -0.0000844180  -0.0000093722   0.0000372943   0.0001670046
        0.0000808471  -0.0002433710  -0.0000824399  -0.0007260897   0.0010625903
        0.0003930067  -0.1149534653   0.2726628620   0.0284675523   0.0000153363
       -0.0000125099  -0.0000117673   0.0000015202  -0.0000100784  -0.0000048140
        0.0000014609  -0.0000089440   0.0000074379  -0.0000020562  -0.0000019772
        0.0000117545  -0.0000779127  -0.0000253739   0.0001225051
       -0.0000221932  -0.0000545638   0.0000124678  -0.0007243356  -0.0000176723
        0.0001410262   0.0010245540   0.0000366366  -0.0029090369  -0.0004085078
       -0.0017324940   0.0015767060   0.0004156497  -0.0008632402   0.0070992805
       -0.0003361252   0.0000254861  -0.0001675344   0.0009041965  -0.0002730158
        0.0080633436   0.0013113527  -0.0020239960  -0.0002878884   0.0128476468
       -0.0238087721  -0.0352129605  -0.0000298079  -0.0001022423  -0.0000389213
       -0.0000289173   0.0000035280  -0.0000049525   0.0000083496   0.0000148188
       -0.0000066718   0.0000028540   0.0000031160   0.0000081685  -0.0000026590
        0.0000053149  -0.0000236745   0.0000603416   0.0000038782   0.0000427543
        0.0000223788   0.0000170045  -0.0000286895  -0.0000373410  -0.0000033392
       -0.0000122882   0.0000915654  -0.0000184867  -0.0000049339   0.0000064677
       -0.0000032236  -0.0003442015  -0.0001142138   0.0001667246  -0.0017369703
        0.0000722127  -0.0001358498   0.0002290318  -0.0002911973   0.0002963976
       -0.0028206206  -0.0147675078   0.0284675523   0.0264363976  -0.0000090467
       -0.0000115712  -0.0000053639  -0.0000067135  -0.0000074519  -0.0000040864
       -0.0000039520  -0.0000047469  -0.0000020374   0.0000090390  -0.0000107092
       -0.0000081512   0.0000059098   0.0000309173   0.0000098070
       -0.0014320314  -0.0002961409   0.0005367546   0.0009902881  -0.0001443195
       -0.0014260115   0.0001596619   0.0001761108   0.0004375047   0.0000850460
       -0.0000587174  -0.0000494709   0.0000236521  -0.0000109721   0.0000458282
       -0.0000402851   0.0000036265   0.0000076640  -0.0000038855   0.0000254570
        0.0000021718   0.0000071006  -0.0000083148   0.0000044396  -0.0000179479
       -0.0000405015   0.0000034600   0.0037298724  -0.0081161915  -0.0191860631
       -0.0483504805   0.0141472014   0.0349322105  -0.0066470700   0.0106113176
        0.0262049848  -0.0049409683  -0.0002688694   0.0023771502  -0.0004905068
       -0.0000682833  -0.0001147988  -0.0032284887  -0.0021259913  -0.0026261940
       -0.0017855015   0.0010706308   0.0003801093  -0.0010504196  -0.0011855407
        0.0007671105   0.0000114867   0.0000818711  -0.0000427295  -0.0000023061
        0.0000264829  -0.0000211822   0.0000109164  -0.0000048675  -0.0000016169
        0.0000122469   0.0000025359  -0.0000028931   0.0000144703   0.0000080288
       -0.0000023021   0.0000161421   0.0000153363  -0.0000090467   0.0625813272
       -0.0147077706  -0.0430761946   0.0006545346   0.0007046705   0.0007798070
       -0.0003989159   0.0005314217   0.0013034925  -0.0000045776   0.0001527915
       -0.0000724796   0.0000966400  -0.0005210024  -0.0011517046
        0.0000277304   0.0008546321   0.0000785500   0.0003148424  -0.0020723851
        0.0006160782   0.0002621656  -0.0002289194   0.0004101234   0.0001765722
        0.0003017960  -0.0000901555  -0.0000569929   0.0000082596   0.0000150191
        0.0000042089   0.0000190591  -0.0000038908   0.0000030945   0.0000038653
        0.0000150929   0.0000231954   0.0000156430   0.0000039057   0.0000484158
       -0.0000283394   0.0000117408   0.0012216730  -0.0038395461  -0.0102884797
        0.0141669580  -0.0739363440  -0.0944375802   0.0009356432   0.0000771778
       -0.0033217546  -0.0000916349   0.0070598488  -0.0027600791  -0.0000099245
       -0.0000792105   0.0003784649  -0.0025380150   0.0057013538  -0.0034999659
        0.0004167957   0.0003024266   0.0000909983  -0.0007311031  -0.0004632143
        0.0004276960   0.0001538688  -0.0001210871   0.0000888938  -0.0000110311
        0.0000102990  -0.0000052721  -0.0000019668  -0.0000046841  -0.0000011982
        0.0000031886   0.0000029657  -0.0000035843   0.0000051721   0.0000006030
       -0.0000050299   0.0000063504  -0.0000125099  -0.0000115712  -0.0147077706
        0.0703473019   0.1108702589   0.0000234253  -0.0021143265   0.0014522570
        0.0000095832  -0.0001965306  -0.0000885473   0.0001524129  -0.0015457260
        0.0006927480   0.0001931422  -0.0000624086  -0.0006347183
        0.0013107463   0.0000395484   0.0001438968   0.0008341218   0.0008872863
       -0.0010189733  -0.0002760912   0.0002706249   0.0002112808   0.0005582529
       -0.0002056278  -0.0000536289  -0.0000391652   0.0000283561   0.0000145511
        0.0000469984  -0.0000060442  -0.0000130798  -0.0000177828   0.0000314364
        0.0000019832   0.0000680144  -0.0000179689  -0.0000096056  -0.0001145362
       -0.0000392624   0.0000356000   0.0004265232  -0.0080056608  -0.0182869402
        0.0355794222  -0.0942367052  -0.2567513800   0.0042489059  -0.0056148835
       -0.0123801608   0.0028954954  -0.0027016718   0.0014524188  -0.0001257101
        0.0003802950   0.0007042067  -0.0030940708  -0.0036132423  -0.0002256071
        0.0003617202   0.0002502841   0.0003739108   0.0006201790   0.0002060027
        0.0003818997   0.0003000624   0.0000963785   0.0001369444  -0.0000228687
        0.0000389613  -0.0000198124  -0.0000042915   0.0000083391  -0.0000058264
       -0.0000051949  -0.0000003619   0.0000008314  -0.0000027570  -0.0000090865
        0.0000034792   0.0000119246  -0.0000117673  -0.0000053639  -0.0430761946
        0.1108702589   0.2866352391  -0.0007939153   0.0013154586   0.0004520818
        0.0000839740  -0.0002026823  -0.0006715554  -0.0000480827   0.0007078065
       -0.0002048920   0.0002743206  -0.0004660720  -0.0009014979
       -0.0000917356   0.0000114478   0.0001012725  -0.0002882444  -0.0005718433
       -0.0011950231  -0.0007807563   0.0000264403   0.0001225431   0.0001738835
        0.0000274524  -0.0000438030  -0.0001419967   0.0000069723  -0.0000237381
        0.0000261039   0.0000025591  -0.0000020667  -0.0000144254   0.0000023646
       -0.0000020390   0.0000315814  -0.0000064930  -0.0000087103  -0.0001229101
       -0.0000046969   0.0000208047  -0.0048887823  -0.0000476218   0.0031130153
       -0.0255465412  -0.0092113656  -0.0154904241  -0.1916243047  -0.0622247121
       -0.1091962042   0.0025660282   0.0005745153   0.0009337731   0.0011519090
       -0.0001737428   0.0011086098   0.0003211620   0.0003443340   0.0006786939
       -0.0000117762  -0.0000264046  -0.0000603601  -0.0000168170  -0.0000096630
       -0.0000759171  -0.0000056819  -0.0000026096   0.0000232341   0.0000187795
       -0.0000031472   0.0000027986  -0.0000201435   0.0000130117   0.0000022424
       -0.0000152402  -0.0000022353  -0.0000028149  -0.0000159993  -0.0000145831
       -0.0000064829   0.0000204922   0.0000015202  -0.0000067135   0.0006545346
        0.0000234253  -0.0007939153   0.2175661368   0.0704546215   0.1200981212
        0.0009524188   0.0005739481   0.0005632428   0.0000544986   0.0000713843
        0.0001435240   0.0000478261   0.0001651215  -0.0000036630
       -0.0000079936   0.0000021384   0.0000144530   0.0000859329   0.0000680671
       -0.0001190233  -0.0000183198  -0.0000320152   0.0000987943   0.0000487800
       -0.0000339717   0.0000033802  -0.0000240904   0.0000091549  -0.0000026641
        0.0000128939   0.0000031382  -0.0000041926   0.0000053558  -0.0000032809
        0.0000083321   0.0000043413   0.0000104145  -0.0000131127  -0.0000378464
       -0.0000009987   0.0000132675  -0.0002214329   0.0070747121  -0.0026191332
        0.0000945572   0.0007962145   0.0003874502  -0.0622096716  -0.0620816027
       -0.0494418148  -0.0089251059  -0.0034545195  -0.0079578939   0.0000152521
        0.0058279494  -0.0049394228   0.0003782299  -0.0001193703   0.0001296350
       -0.0000087329   0.0000042252   0.0000113070  -0.0000074342  -0.0000081458
        0.0000026587  -0.0000095062   0.0000085076   0.0000036546   0.0000033863
       -0.0000072790   0.0000051057  -0.0000019540   0.0000020013   0.0000035904
       -0.0000001067   0.0000078790   0.0000019401  -0.0000068924   0.0000020653
       -0.0000060148  -0.0000023712  -0.0000100784  -0.0000074519   0.0007046705
       -0.0021143265   0.0013154586   0.0704546215   0.0578012652   0.0616115718
       -0.0000205029  -0.0020168539   0.0012359542  -0.0004722922  -0.0002500370
       -0.0004017881   0.0001662316  -0.0014852531   0.0006659587
        0.0000042036  -0.0000171867   0.0000187824   0.0004770056   0.0000730543
        0.0000933958  -0.0000327128   0.0000527779   0.0000280863   0.0001722154
       -0.0000221922  -0.0000274814  -0.0000362513   0.0000207120  -0.0000024090
        0.0000205277  -0.0000069269  -0.0000026284   0.0000003895   0.0000074746
       -0.0000005352   0.0000171688   0.0000019425  -0.0000066624  -0.0000367463
       -0.0000044950   0.0000220311   0.0022612920  -0.0026124381   0.0015357459
        0.0063989645   0.0024694030   0.0050081253  -0.1094123370  -0.0493079549
       -0.1242330302  -0.0211199793  -0.0102440450  -0.0181320908   0.0016686409
       -0.0048991645  -0.0038049817   0.0006645759   0.0001395879  -0.0000386701
       -0.0000004102   0.0000305893   0.0000144914  -0.0000047399  -0.0000174324
        0.0000410836   0.0000068235  -0.0000062514   0.0000180665  -0.0000047748
        0.0000098616  -0.0000009218  -0.0000052225   0.0000079781   0.0000004447
       -0.0000061911   0.0000005530   0.0000000960  -0.0000033733  -0.0000060668
       -0.0000009763   0.0000044249  -0.0000048140  -0.0000040864   0.0007798070
        0.0014522570   0.0004520818   0.1200981212   0.0616115718   0.1400725358
       -0.0008027257   0.0011000756   0.0001665992  -0.0011025681  -0.0004997135
       -0.0009882479  -0.0000061283   0.0006708425  -0.0002288441
       -0.0000894208  -0.0000356955   0.0000545762   0.0003320767   0.0000960342
       -0.0003271131  -0.0002708710   0.0000996132   0.0002259223   0.0002996818
       -0.0000448285  -0.0000216222  -0.0001010506   0.0000310240  -0.0000214112
        0.0000328065   0.0000004381  -0.0000094355  -0.0000191527   0.0000041339
        0.0000021556   0.0000313916  -0.0000018869  -0.0000123948  -0.0001074916
       -0.0000156036   0.0000285161   0.0007069591  -0.0001001965  -0.0004734065
        0.0009898462   0.0000594245   0.0016149253  -0.0073130919   0.0009603426
        0.0040855205  -0.2686451080   0.0137053717   0.0831773713  -0.0248439695
        0.0006239079   0.0071676938  -0.0031969768  -0.0023540618  -0.0030763167
        0.0000282462  -0.0000115871  -0.0000256375   0.0000162461   0.0000135349
       -0.0000181570  -0.0000330809  -0.0000071125   0.0000127796   0.0000116293
        0.0000006613   0.0000039972  -0.0000116069   0.0000111774   0.0000028902
       -0.0000103532   0.0000014339   0.0000023980  -0.0000130499  -0.0000098113
       -0.0000013280   0.0000176439   0.0000014609  -0.0000039520  -0.0003989159
        0.0000095832   0.0000839740   0.0009524188  -0.0000205029  -0.0008027257
        0.3019552909  -0.0135975458  -0.0925362191   0.0008233696   0.0005089619
        0.0004441233  -0.0011434669   0.0000717288   0.0004228759
        0.0000043814   0.0001304543   0.0000359114   0.0001884505  -0.0015912251
        0.0006768025   0.0000964760  -0.0000116517  -0.0000369976   0.0000325469
        0.0001720565  -0.0000363640  -0.0000290911   0.0000111348  -0.0000020426
       -0.0000035241   0.0000042129   0.0000113316  -0.0000043500   0.0000057219
       -0.0000064471   0.0000066082   0.0000092152   0.0000096835   0.0000282900
       -0.0000042759   0.0000073158  -0.0002567937  -0.0003410837  -0.0002496291
       -0.0001252707   0.0058823740  -0.0047914071   0.0103613439   0.0000346396
       -0.0047919844   0.0136932333  -0.0370664153  -0.0085679839  -0.0088144191
        0.0014510423   0.0024191130  -0.0021401330   0.0061033206  -0.0036455795
       -0.0000628517   0.0000138059   0.0000322267   0.0000196187  -0.0000212361
        0.0000021629   0.0000090079   0.0000169072   0.0000069013  -0.0000031977
       -0.0000160267  -0.0000034500  -0.0000002705  -0.0000023516  -0.0000019744
        0.0000041262   0.0000006672  -0.0000005006   0.0000062354   0.0000024838
       -0.0000010698   0.0000006793  -0.0000089440  -0.0000047469   0.0005314217
       -0.0001965306  -0.0002026823   0.0005739481  -0.0020168539   0.0011000756
       -0.0135975458   0.0295658446   0.0165695234  -0.0000613811  -0.0019504988
        0.0012653151  -0.0004575388  -0.0001767876   0.0002064967
        0.0001363341  -0.0000335394   0.0000084778  -0.0002796595   0.0006683047
       -0.0003063593  -0.0000343049   0.0000451146   0.0001127152   0.0000118012
       -0.0000879896  -0.0000083692   0.0000253639   0.0000164138   0.0000234494
       -0.0000097201  -0.0000049917  -0.0000045755   0.0000027340   0.0000036824
        0.0000067905  -0.0000120669  -0.0000012300  -0.0000071222  -0.0000087290
       -0.0000131170   0.0000050455  -0.0004353592  -0.0001049241  -0.0004053011
        0.0012497758  -0.0049246459  -0.0037130267   0.0261443861  -0.0027157993
       -0.0109807497   0.0831005555  -0.0085877809  -0.0730013785  -0.0147274410
        0.0004533349   0.0055165600  -0.0027601608  -0.0036359968  -0.0000219497
       -0.0000223463   0.0000450915  -0.0000002441  -0.0000430322  -0.0000466358
        0.0000374500   0.0000483993   0.0000027899   0.0000100229  -0.0000081702
        0.0000004123  -0.0000047528   0.0000039031  -0.0000055284   0.0000006554
        0.0000029773  -0.0000000514   0.0000003490   0.0000047772   0.0000023034
        0.0000000596   0.0000043009   0.0000074379  -0.0000020374   0.0013034925
       -0.0000885473  -0.0006715554   0.0005632428   0.0012359542   0.0001665992
       -0.0925362191   0.0165695234   0.0827843586  -0.0009370879   0.0011279743
        0.0003325394  -0.0007877463   0.0000724402   0.0001223493
       -0.0004379409  -0.0000025695   0.0002316057   0.0001349203   0.0005145303
        0.0011629289   0.0000280853   0.0000179590  -0.0000333540   0.0001324561
       -0.0000251307   0.0000596217  -0.0000780655   0.0000316628  -0.0000172073
        0.0000142063  -0.0000013324  -0.0000096811  -0.0000120060  -0.0000096950
       -0.0000002274  -0.0000013079  -0.0000008943  -0.0000198702  -0.0000762130
        0.0000047269  -0.0000011052  -0.0049630013  -0.0001705245   0.0021971086
       -0.0005674317  -0.0001304157  -0.0002182482  -0.0029036484  -0.0021783528
       -0.0027073296   0.0030664205  -0.0085764963  -0.0204687344  -0.0510569873
        0.0155023666   0.0397567145  -0.0068745565   0.0105339090   0.0262368749
        0.0000013621  -0.0000230636  -0.0000369299  -0.0000099596  -0.0000019341
       -0.0000480378  -0.0000306684   0.0000170135   0.0001181874   0.0000180676
       -0.0000138219   0.0000113552  -0.0000045075   0.0000030034   0.0000047382
       -0.0000052547  -0.0000011115   0.0000026491  -0.0000084527  -0.0000065001
       -0.0000028173   0.0000107194  -0.0000020562   0.0000090390  -0.0000045776
        0.0001524129  -0.0000480827   0.0000544986  -0.0004722922  -0.0011025681
        0.0008233696  -0.0000613811  -0.0009370879   0.0619601354  -0.0157325944
       -0.0448296846   0.0007903379   0.0006325817   0.0006901424
        0.0000904952  -0.0001277306   0.0000333846  -0.0001186429  -0.0000038445
       -0.0001058589   0.0000418403  -0.0000088006   0.0000024030  -0.0000212438
        0.0000202885  -0.0000227362   0.0000275330   0.0000126133   0.0000153515
       -0.0000136904   0.0000026096   0.0000140540  -0.0000081951   0.0000173711
       -0.0000168011  -0.0000020191  -0.0000114630   0.0000176715   0.0000226579
        0.0000004484  -0.0000169192  -0.0001423582   0.0072426084  -0.0027834937
       -0.0001041758  -0.0000383026   0.0004135042  -0.0023716782   0.0061396502
       -0.0036608079   0.0008616747  -0.0034022227  -0.0102476323   0.0154689812
       -0.0719883438  -0.0905527823   0.0012538900  -0.0004488590  -0.0030492547
       -0.0000151853  -0.0000035858   0.0000002298  -0.0000109921  -0.0000104563
        0.0000173865   0.0000215851  -0.0000109228  -0.0000165725  -0.0000034437
       -0.0000178302  -0.0000020633   0.0000057479  -0.0000048823   0.0000046672
        0.0000066184  -0.0000023452  -0.0000031427   0.0000084218   0.0000062854
       -0.0000100749  -0.0000006366  -0.0000019772  -0.0000107092   0.0001527915
       -0.0015457260   0.0007078065   0.0000713843  -0.0002500370  -0.0004997135
        0.0005089619  -0.0019504988   0.0011279743  -0.0157325944   0.0685376611
        0.1072354707   0.0000022724  -0.0021517078   0.0014086587
        0.0002648344   0.0000819165  -0.0000790078  -0.0005710976  -0.0003005774
       -0.0006001274   0.0001168291   0.0000247111   0.0001296328  -0.0001196412
       -0.0000021390  -0.0000483966   0.0000886608  -0.0000107101   0.0000376056
       -0.0000315241   0.0000072398   0.0000013047  -0.0000014775   0.0000070261
        0.0000103259  -0.0000251548  -0.0000022785  -0.0000011183   0.0000780628
       -0.0000096786  -0.0000039697   0.0029083255  -0.0027016508   0.0016510972
       -0.0002083709   0.0003889576   0.0007496732  -0.0032391731  -0.0037053454
       -0.0000349686   0.0014929759  -0.0082159075  -0.0185528793   0.0397489189
       -0.0905303710  -0.2546432902   0.0045982460  -0.0051223603  -0.0121927265
       -0.0000293789   0.0000108113   0.0000368535  -0.0000249823  -0.0000121158
        0.0000248452   0.0000652148  -0.0000044665  -0.0000708839  -0.0000170001
        0.0000007388  -0.0000121847   0.0000098888  -0.0000159808  -0.0000055553
        0.0000134644   0.0000018713  -0.0000057593   0.0000140988   0.0000137430
       -0.0000017158  -0.0000028564   0.0000117545  -0.0000081512  -0.0000724796
        0.0006927480  -0.0002048920   0.0001435240  -0.0004017881  -0.0009882479
        0.0004441233   0.0012653151   0.0003325394  -0.0448296846   0.1072354707
        0.2840790737  -0.0008143464   0.0012930657   0.0004009234
       -0.0001259936  -0.0000727140  -0.0003138461   0.0003853760   0.0004382110
        0.0004044543  -0.0011417952   0.0007184350   0.0013441089  -0.0006109975
       -0.0000738940   0.0000206706   0.0000741120   0.0000704678   0.0000114961
       -0.0000012333  -0.0000058291   0.0000324037   0.0000138021  -0.0000396324
        0.0000036696  -0.0000977005  -0.0000043479   0.0000047578   0.0000023149
        0.0000357475  -0.0000232913   0.0028921532  -0.0001023395  -0.0007956215
        0.0005567684  -0.0001473932   0.0011936468   0.0001992870   0.0002830959
        0.0006056183  -0.0047863954  -0.0000544143   0.0026361177  -0.0241001557
       -0.0086658392  -0.0148307955  -0.1969294476  -0.0637424080  -0.1120453885
       -0.0000032682  -0.0000324025  -0.0000359010  -0.0000085347   0.0000001282
       -0.0000809518   0.0000114866   0.0000133234   0.0000531609   0.0000247281
       -0.0000265496  -0.0000063958   0.0000287359  -0.0000168391   0.0000073356
        0.0000211831  -0.0000067300   0.0000027189   0.0000248508   0.0000064394
       -0.0000006830   0.0000027138  -0.0000779127   0.0000059098   0.0000966400
        0.0001931422   0.0002743206   0.0000478261   0.0001662316  -0.0000061283
       -0.0011434669  -0.0004575388  -0.0007877463   0.0007903379   0.0000022724
       -0.0008143464   0.2237766727   0.0715992899   0.1231407061
       -0.0000281954   0.0000266819   0.0002983740  -0.0001598200  -0.0021123602
        0.0008432671   0.0001966750   0.0000427326   0.0004514629   0.0009188110
        0.0001943752  -0.0001269278  -0.0002269313   0.0001316324   0.0000263755
        0.0000651566   0.0000256484  -0.0000108758  -0.0000584858  -0.0000062507
       -0.0000104818   0.0000442416  -0.0000402593  -0.0000038937  -0.0001581324
       -0.0000421831  -0.0000139146  -0.0095316874  -0.0030477185  -0.0082366209
        0.0002820378   0.0053023657  -0.0046915790   0.0001938477  -0.0001171066
        0.0002401520  -0.0003083188   0.0071067115  -0.0027878348   0.0004105723
        0.0015211453   0.0001264484  -0.0634306583  -0.0618891447  -0.0477244983
       -0.0000536383   0.0000547967   0.0000552475  -0.0000414212  -0.0000163316
        0.0000589214   0.0000193857   0.0000634953   0.0000392471  -0.0000114961
       -0.0000524278  -0.0000233017  -0.0000217959   0.0000006669  -0.0000046079
       -0.0000079481  -0.0000148839  -0.0000040406  -0.0000148040  -0.0000144340
        0.0000020769  -0.0000251142  -0.0000253739   0.0000309173  -0.0005210024
       -0.0000624086  -0.0004660720   0.0001651215  -0.0014852531   0.0006708425
        0.0000717288  -0.0001767876   0.0000724402   0.0006325817  -0.0021517078
        0.0012930657   0.0715992899   0.0567843794   0.0598958103
       -0.0000297508   0.0000436516   0.0003921073  -0.0021855637   0.0006836330
       -0.0011538060  -0.0001499144   0.0006331255   0.0013346952   0.0015119139
       -0.0002569094  -0.0000419113  -0.0002988427   0.0002471690   0.0000022494
        0.0000037226   0.0000343998  -0.0000542919  -0.0001243230   0.0000576915
        0.0000178438   0.0000837917  -0.0000428887  -0.0000391500  -0.0003820371
       -0.0002597226   0.0000237563  -0.0202686304  -0.0101104535  -0.0179883272
        0.0015116200  -0.0046485375  -0.0039997221   0.0006494353   0.0001623718
        0.0000085081   0.0023130732  -0.0027114680   0.0014991097   0.0063881044
        0.0021418057   0.0052237000  -0.1120097768  -0.0476365494  -0.1226628124
       -0.0000811746   0.0000738814   0.0000734879  -0.0000642293  -0.0000553703
        0.0001508180   0.0000747536   0.0000098705   0.0000828258  -0.0000143508
       -0.0000346036  -0.0000077238  -0.0000343936   0.0000077125   0.0000067471
       -0.0000213031   0.0000044816   0.0000075203  -0.0000377404  -0.0000080019
        0.0000026062   0.0000672591   0.0001225051   0.0000098070  -0.0011517046
       -0.0006347183  -0.0009014979  -0.0000036630   0.0006659587  -0.0002288441
        0.0004228759   0.0002064967   0.0001223493   0.0006901424   0.0014086587
        0.0004009234   0.1231407061   0.0598958103   0.1377190319
