$hessian                                                                        
        0.5237455834  -0.0082602416  -0.0166087656  -0.0780556502  -0.0284077081
       -0.0300104618   0.0003466326   0.0169754681   0.0225613578   0.0027980151
        0.0029584821   0.0014530071   0.0000833714  -0.0000153760   0.0003491620
        0.0004881048   0.0001273745  -0.0001127378  -0.0002443445   0.0000358824
       -0.0000337490   0.0002030632  -0.0000567811  -0.0000427634  -0.0000563993
       -0.0000340559  -0.0000271385  -0.0089490979  -0.0180442863  -0.0171571555
       -0.0010381699  -0.0000923088  -0.0002353485   0.0006009812  -0.0002186406
       -0.0002962079   0.0001742375  -0.0001635307  -0.0001372422  -0.0000869887
       -0.0000530068  -0.0000680214  -0.0004148225  -0.0011103092  -0.0008817550
       -0.0048236535  -0.0008826419  -0.0001945014  -0.0747927108  -0.0268576182
        0.0775985224  -0.2800726434  -0.0188464768  -0.0146239550  -0.0772795888
        0.0840054390  -0.0207314446  -0.0000249212  -0.0000011122  -0.0000034574
        0.0000069194  -0.0000137210   0.0000369622  -0.0000562425   0.0000104547
        0.0000235511  -0.0000399045   0.0000373435   0.0000010928  -0.0000117880
        0.0000284216   0.0000275098  -0.0017179217  -0.0008888475  -0.0008049814
       -0.0000939302  -0.0000023680   0.0000079333  -0.0000362912  -0.0000471357
       -0.0000054408  -0.0000336009   0.0000041593   0.0000316198  -0.0000440765
       -0.0000053346  -0.0000340583  -0.0004636997  -0.0002281977  -0.0001407459
       -0.0001104625   0.0000466733   0.0000592129
       -0.0082602416   0.4638237768  -0.0203142368  -0.0243195854  -0.1130565920
       -0.0512014171   0.0117169271  -0.0069742891  -0.0366092044  -0.0048364694
       -0.0041473931   0.0037507127   0.0000979035   0.0001429439   0.0000008556
       -0.0005713132  -0.0004140446   0.0001976804   0.0003694319  -0.0000470394
        0.0000215038  -0.0005046997  -0.0002956542  -0.0005220901   0.0014443121
        0.0002300269   0.0001790713  -0.0089400880  -0.0049312345  -0.0094382388
        0.0008089765  -0.0009974643  -0.0003475906  -0.0000472635  -0.0004435686
        0.0002032625   0.0004215667  -0.0000847886  -0.0001300720  -0.0000958676
        0.0000760078  -0.0001161748  -0.0007356883  -0.0004447092   0.0000866892
       -0.0007264468   0.0017527392  -0.0002812951  -0.0281867899  -0.0587151399
        0.0676846960  -0.0188279693  -0.0449618595  -0.0001091397   0.0812817733
       -0.2318044060   0.0470668110  -0.0000980382   0.0003414221  -0.0000206132
        0.0000198727   0.0001391258  -0.0000579877   0.0001332344   0.0000827338
        0.0000442136   0.0001915083  -0.0000621279   0.0000351416   0.0000628795
        0.0000199437  -0.0000735643  -0.0003046563   0.0006305414  -0.0003149305
       -0.0000623724   0.0000087429   0.0000042193  -0.0000120227   0.0000216322
        0.0000146625  -0.0000365797  -0.0000108250   0.0000100078  -0.0000660260
       -0.0000185724  -0.0000044745  -0.0001333340  -0.0000942079   0.0000820356
        0.0002170662   0.0002342797   0.0001594669
       -0.0166087656  -0.0203142368   0.4680753621  -0.0258161828  -0.0522117005
       -0.1201105546   0.0137461969  -0.0392135843  -0.0216910845  -0.0047217240
        0.0032568443  -0.0017162756   0.0012574481   0.0001886066  -0.0003134246
       -0.0003695418   0.0000313092  -0.0005567167   0.0001082769   0.0002098869
       -0.0000577189  -0.0005504983   0.0000705567   0.0003422490  -0.0000823042
       -0.0001775357   0.0002512819  -0.0067686372  -0.0078690123  -0.0032365738
        0.0007857073  -0.0000897171  -0.0009439593  -0.0000562101   0.0000386675
       -0.0003152925   0.0003795675  -0.0000958205  -0.0000517601  -0.0000922209
       -0.0000449146   0.0000093879  -0.0005823240  -0.0000279089  -0.0002117717
       -0.0000176491  -0.0000718150   0.0015359065   0.0759359371   0.0632039316
       -0.2276897912  -0.0146632593   0.0001691528  -0.0452574135  -0.0224191596
        0.0528703337  -0.0485240481   0.0002537368  -0.0001763163  -0.0002902891
        0.0002682118   0.0001473582  -0.0000848866   0.0001678685  -0.0000011024
        0.0000028552   0.0001160374  -0.0001017061  -0.0000010875  -0.0000282148
        0.0000274548   0.0000677060  -0.0001738947  -0.0001791487   0.0005749963
       -0.0000687105   0.0000140946   0.0000202366  -0.0000325276  -0.0000142347
        0.0000154073  -0.0000544610  -0.0000109063   0.0000139304  -0.0000322603
        0.0000012497   0.0000077521  -0.0001423129   0.0000399024  -0.0000563060
        0.0002618706   0.0003303112   0.0001918830
       -0.0780556502  -0.0243195854  -0.0258161828   0.6420190107  -0.0643561464
       -0.1522449342  -0.2677707717   0.1286542029   0.1844355330  -0.0657357906
        0.0136112815   0.0254653119   0.0047244024   0.0066154842  -0.0014794063
       -0.0027919874  -0.0015438698  -0.0010722728   0.0016626101   0.0003546233
       -0.0001738493  -0.0036275151  -0.0001668410  -0.0015329422   0.0024914075
       -0.0045280605   0.0014046879  -0.1763628945  -0.0346023345  -0.0179214994
       -0.0399956185   0.0034273712   0.0094824889   0.0032524878   0.0058788593
        0.0058767876  -0.0062856402  -0.0013058521  -0.0007717080   0.0016667509
        0.0005184308   0.0010334237   0.0082229879  -0.0020797064  -0.0022838836
       -0.0208907032  -0.0222185254  -0.0192513263   0.0032844026   0.0064670037
        0.0085747637  -0.0123888485  -0.0212400528  -0.0225312825   0.0034920528
        0.0087509504   0.0076904375   0.0000961655   0.0000628457   0.0003618641
        0.0001449081   0.0003602739  -0.0003139913   0.0005115622   0.0002255593
        0.0003090895   0.0000248625  -0.0002986336   0.0002165909   0.0000383769
        0.0003333763   0.0006174164   0.0009897107  -0.0004244353  -0.0010749584
       -0.0002758055  -0.0003353803  -0.0003454715   0.0003166085   0.0002561822
       -0.0003112403   0.0001803004   0.0001525096  -0.0002014387   0.0004888276
       -0.0001027101   0.0001240246   0.0000976407   0.0003489668   0.0004057942
        0.0004761495   0.0015042126   0.0013281739
       -0.0284077081  -0.1130565920  -0.0522117005  -0.0643561464   0.3705331411
        0.2459700425   0.1549800133  -0.1529167957  -0.1518285461   0.0039649021
       -0.0003313323   0.0011286805  -0.0052822258  -0.0022291966  -0.0016535706
       -0.0000333040  -0.0005374937  -0.0000552231   0.0001188760  -0.0002485088
        0.0000563621   0.0005865681   0.0003850593   0.0002497081  -0.0018931996
        0.0011723478   0.0008686826  -0.0464917033  -0.0741105380  -0.0119619058
        0.0102273338   0.0040618748   0.0035450767   0.0022331834   0.0027288074
       -0.0046126299  -0.0002288266  -0.0008054253  -0.0008742704   0.0004005690
       -0.0006930483   0.0009786772  -0.0014806429  -0.0001970704  -0.0063678601
       -0.0220646046  -0.0084028603  -0.0048323907   0.0047391038   0.0052603124
        0.0030522626  -0.0051296036  -0.0041505206  -0.0037532041  -0.0030944454
       -0.0227875424  -0.0198760228   0.0003214736  -0.0002493724   0.0004259448
       -0.0002747451  -0.0002038268   0.0003175652  -0.0001883426  -0.0000649055
        0.0000595730  -0.0002117382   0.0000471614  -0.0001391028   0.0003955298
       -0.0003178273   0.0002645505   0.0010593478  -0.0013679027   0.0007596511
        0.0009402675   0.0001546924  -0.0001785965  -0.0000317028  -0.0000245658
       -0.0001181152   0.0000317961   0.0000233047  -0.0000052698   0.0003684433
        0.0000530832   0.0001644450  -0.0009895636  -0.0003260492  -0.0002901971
       -0.0002089049  -0.0013984103   0.0009173837
       -0.0300104618  -0.0512014171  -0.1201105546  -0.1522449342   0.2459700425
        0.4535703426   0.2151403246  -0.1453258455  -0.2386075947   0.0094962406
       -0.0032401180  -0.0049034418  -0.0026049015  -0.0014895228  -0.0002053788
       -0.0000425370   0.0002821817   0.0004557722   0.0001765253  -0.0001936733
        0.0000273933   0.0003048368   0.0002493888   0.0006446046  -0.0044897631
        0.0005365824  -0.0001460641  -0.0302336100  -0.0125411523  -0.0651266616
        0.0144169715   0.0041379469   0.0007453734   0.0024616639  -0.0050126864
        0.0025068846   0.0007278590  -0.0006623184  -0.0005753401  -0.0001485401
        0.0007989103  -0.0009038193  -0.0015733651  -0.0064865370   0.0014866843
       -0.0177279791  -0.0048039498  -0.0021150393  -0.0025460504  -0.0181004445
       -0.0235982729  -0.0048403572  -0.0045975631  -0.0029915575   0.0038124499
        0.0002859486   0.0036943703   0.0002096575   0.0001384262   0.0000911256
       -0.0002749375  -0.0002527288   0.0001690139  -0.0002958826  -0.0000618014
       -0.0000989350  -0.0003048377   0.0002431506  -0.0001194848   0.0003252604
        0.0000653746  -0.0000577731   0.0006241742   0.0009238667  -0.0017077862
        0.0009470642  -0.0000240996   0.0000810474   0.0001817718   0.0001748784
        0.0000813425   0.0001487033  -0.0000002005  -0.0000502663  -0.0001549653
       -0.0000820409  -0.0000542599  -0.0008822570  -0.0004417068  -0.0002096043
       -0.0005981234   0.0007111082  -0.0019721202
        0.0003466326   0.0117169271   0.0137461969  -0.2677707717   0.1549800133
        0.2151403246   0.6756928690  -0.1210014245  -0.2599044461  -0.2502261420
       -0.0434314512   0.0010119052  -0.0397127789  -0.0283278865   0.0097210919
        0.0048806453   0.0003838795   0.0022989648  -0.0047501126  -0.0019598920
        0.0010454144   0.0062127025   0.0042779606  -0.0017590479  -0.0558091438
        0.0168513667  -0.0012488144  -0.0653225530   0.0084718286   0.0199789152
        0.0011130896  -0.0049510886  -0.0051066417  -0.0040157626  -0.0016629446
       -0.0012716429   0.0025133264   0.0014527410   0.0011065119  -0.0009265788
       -0.0002734129  -0.0004806425  -0.0022656124   0.0015944867   0.0014599534
       -0.0004806761   0.0040913479   0.0051932458   0.0004106187   0.0001417957
       -0.0002146521   0.0007682081  -0.0011203578  -0.0005306460   0.0000492762
       -0.0006786229  -0.0000886886   0.0017690529   0.0016665178  -0.0002728417
       -0.0007240735  -0.0005281163   0.0003785960  -0.0001621864  -0.0001160318
       -0.0001471855  -0.0010326487   0.0002443827  -0.0003404767   0.0014625773
       -0.0016720908  -0.0005837843   0.0001925949   0.0000588253   0.0002346529
       -0.0007825725   0.0000051452   0.0001726148  -0.0001190018  -0.0001137249
        0.0001520400  -0.0001000843  -0.0000498181   0.0001099372  -0.0002094777
        0.0000567438  -0.0000303956   0.0000201649  -0.0000737276  -0.0000944650
       -0.0010215816  -0.0000333716   0.0003240060
        0.0169754681  -0.0069742891  -0.0392135843   0.1286542029  -0.1529167957
       -0.1453258455  -0.1210014245   0.2329641258   0.1662518028  -0.0243305449
       -0.0653465477   0.0027804017  -0.0329938745  -0.0078630354   0.0098771857
        0.0024145619  -0.0024561276   0.0053265156  -0.0019469826   0.0018140033
       -0.0007306195   0.0025953781  -0.0032496883   0.0051266335   0.0252617796
        0.0047479913  -0.0033763648   0.0135767387   0.0014383681   0.0094871906
       -0.0035372026   0.0011765494   0.0008305844   0.0007125289   0.0013679389
        0.0000736729  -0.0012451497  -0.0001020718   0.0001708136   0.0000989549
        0.0000909938   0.0002226787   0.0017573193   0.0004364448  -0.0000386299
       -0.0046365039  -0.0033418715  -0.0038178211  -0.0014185872  -0.0047381809
       -0.0050698013   0.0013341279   0.0012301452   0.0013113341   0.0000426263
        0.0001592012  -0.0001278736  -0.0011076158   0.0005757639  -0.0019637927
       -0.0011486331  -0.0004164841  -0.0001852279   0.0000068136  -0.0002694147
       -0.0009027479   0.0014487491   0.0000382524  -0.0000675985   0.0000880716
        0.0008034354  -0.0021999145  -0.0002964104   0.0000400961   0.0004269695
       -0.0001296630   0.0000321946   0.0000636140   0.0000414480  -0.0000094640
       -0.0000401428  -0.0000778817   0.0000325704   0.0000212335   0.0000100685
       -0.0000102853  -0.0000267375   0.0000237155   0.0000498726   0.0000606373
       -0.0011720791   0.0006963091   0.0010554340
        0.0225613578  -0.0366092044  -0.0216910845   0.1844355330  -0.1518285461
       -0.2386075947  -0.2599044461   0.1662518028   0.3088240016   0.0246199529
        0.0102120427  -0.0539918222   0.0180323235   0.0031548079   0.0018350593
        0.0018500816   0.0052421571   0.0047598917  -0.0010096955  -0.0009539320
        0.0001991834   0.0013406461   0.0045874611   0.0039276885  -0.0088617370
        0.0019892149   0.0035090775   0.0230650965   0.0076575751  -0.0011480137
       -0.0035165113   0.0007144967   0.0027198804   0.0014040443   0.0006907227
        0.0012122250  -0.0014973868  -0.0002283980  -0.0002261572   0.0002045156
        0.0001261394   0.0003106015   0.0017450280   0.0002159836  -0.0002597410
       -0.0037141947  -0.0047539719  -0.0027074158  -0.0003918601  -0.0018519198
       -0.0018166056   0.0017022037   0.0020076459   0.0017484207  -0.0007679701
       -0.0039777761  -0.0047696291  -0.0000872019  -0.0018066574  -0.0013645984
        0.0008590667   0.0002083555  -0.0002780799   0.0000070112  -0.0006702963
       -0.0012816514  -0.0003608965  -0.0001116909   0.0001002053  -0.0006012260
       -0.0015621272  -0.0017685982  -0.0003986255   0.0004036776  -0.0000708953
        0.0000016009   0.0000877593  -0.0000412527   0.0000332781   0.0000260743
       -0.0000566138  -0.0000737638   0.0000198176   0.0000102686   0.0000825121
       -0.0000267224   0.0000002356   0.0000388942   0.0000686857   0.0001024725
       -0.0007976310   0.0007168226   0.0008205420
        0.0027980151  -0.0048364694  -0.0047217240  -0.0657357906   0.0039649021
        0.0094962406  -0.2502261420  -0.0243305449   0.0246199529   0.6323715249
       -0.0148294327  -0.0285209409  -0.1031315225  -0.0801587700   0.0454355602
       -0.0203488631  -0.0292793410   0.0147289785   0.0063394789   0.0100985619
       -0.0053183966  -0.0525239083   0.0130394950  -0.0022606393  -0.1533185605
        0.1186741689  -0.0516914594   0.0045314387   0.0028826495   0.0039415456
       -0.0032445780   0.0006434632   0.0014208094   0.0005478559   0.0010550223
        0.0007383489  -0.0009465493  -0.0003638884  -0.0003102493   0.0005521039
        0.0000442473   0.0002130310   0.0011084132  -0.0005252256  -0.0007691061
       -0.0004024097  -0.0002109958  -0.0006672805  -0.0004301633  -0.0002616842
       -0.0007982886   0.0007049430   0.0000934555  -0.0003554890   0.0000744578
       -0.0008347048  -0.0003835590   0.0046890162   0.0146800890  -0.0091846488
       -0.0053621887  -0.0004039270   0.0010981352   0.0010601154   0.0001506895
       -0.0003273487  -0.0052894117  -0.0007692415   0.0013112787   0.0061936911
       -0.0066012887   0.0039372485   0.0000421801  -0.0004298929  -0.0004258081
        0.0001715403  -0.0001201481  -0.0001833281   0.0000508946   0.0000670595
       -0.0000758469   0.0001296394   0.0000127106  -0.0000880772   0.0001300022
       -0.0000254075   0.0000325827   0.0001389998   0.0000760629   0.0000769720
       -0.0006742226  -0.0015016148  -0.0009684938
        0.0029584821  -0.0041473931   0.0032568443   0.0136112815  -0.0003313323
       -0.0032401180  -0.0434314512  -0.0653465477   0.0102120427  -0.0148294327
        0.5356209300  -0.1773858688  -0.0250346464  -0.2250602698   0.0868762576
       -0.0799661706   0.0103752904  -0.0017315647   0.0102200506  -0.0537208001
        0.0218719334   0.0623218978   0.0327046161  -0.0208101003   0.0655167929
       -0.1985968199   0.0625431385   0.0003734447   0.0072393373  -0.0078927811
       -0.0000919993   0.0004641206  -0.0001785169   0.0001710621  -0.0006044191
        0.0008773262  -0.0001253285  -0.0000202737  -0.0000690376   0.0000503456
        0.0000974099  -0.0000711119   0.0001810842  -0.0003941072   0.0001995344
       -0.0004188520  -0.0000113154   0.0003674371   0.0004253741   0.0004856646
        0.0004871368   0.0002633368  -0.0000699098  -0.0008160311  -0.0001225343
       -0.0011028317  -0.0008851098  -0.0055640112  -0.0211148725   0.0107203731
       -0.0001679538   0.0027219538   0.0024721571   0.0002593378  -0.0003771767
        0.0006167856  -0.0011361129   0.0026528203   0.0030901402   0.0145375163
       -0.0214367152   0.0101550797   0.0000132673   0.0001033750  -0.0002986324
        0.0000356814  -0.0000553516  -0.0000046032   0.0000086907   0.0000190283
        0.0000005945   0.0000225654  -0.0000096706  -0.0000255691  -0.0000025294
       -0.0000172592  -0.0000123939  -0.0000168263  -0.0000069573  -0.0000142897
       -0.0000623626  -0.0000605230  -0.0003110526
        0.0014530071   0.0037507127  -0.0017162756   0.0254653119   0.0011286805
       -0.0049034418   0.0010119052   0.0027804017  -0.0539918222  -0.0285209409
       -0.1773858688   0.2271200606   0.0178494954   0.0921828977  -0.0936234309
        0.0368358424  -0.0037539806  -0.0023532223  -0.0045665587   0.0209823631
       -0.0156068262  -0.0266405158  -0.0160091454   0.0072829674  -0.0222370271
        0.0569992680  -0.0733613039   0.0014160031  -0.0075675670   0.0044419202
        0.0009493820  -0.0002373641   0.0002901225  -0.0000975580   0.0003951367
       -0.0008277178   0.0000155966   0.0000620561   0.0001049022  -0.0000294943
       -0.0000914158   0.0000339833   0.0000067037   0.0002292298  -0.0002890562
       -0.0007222700   0.0002059879  -0.0000048643   0.0001398302  -0.0004352252
       -0.0006608171  -0.0000188712  -0.0002126781  -0.0005753727   0.0003930145
        0.0005907791   0.0005104688   0.0023922141   0.0097625812  -0.0032926770
        0.0010934671   0.0027478075   0.0069764762  -0.0001424989   0.0003476263
        0.0001856241   0.0010119245   0.0026728374   0.0069402211  -0.0070664498
        0.0109799837  -0.0030660430   0.0000445779  -0.0001181002   0.0001806127
       -0.0000047956   0.0000425936  -0.0000326879  -0.0000232995  -0.0000313701
       -0.0000097129  -0.0000148308  -0.0000017691  -0.0000043108  -0.0000162626
        0.0000112196  -0.0000121718  -0.0000748651  -0.0000597587  -0.0000273677
        0.0000979625   0.0000320806   0.0002917629
        0.0000833714   0.0000979035   0.0012574481   0.0047244024  -0.0052822258
       -0.0026049015  -0.0397127789  -0.0329938745   0.0180323235  -0.1031315225
       -0.0250346464   0.0178494954   0.6735342509  -0.0226708765  -0.0234943444
       -0.3340487747  -0.0600025913   0.0466965997  -0.0521681693   0.0661472735
       -0.0279205253  -0.0370652252  -0.0305410131   0.0160275887   0.0497378855
       -0.0073539412   0.0010790054  -0.0019749216   0.0016464767  -0.0013805366
        0.0004010093  -0.0003249874  -0.0006286448  -0.0002729309  -0.0004578511
       -0.0000733400   0.0003737038   0.0002094686   0.0001783502  -0.0001862408
       -0.0000149011  -0.0001394164  -0.0001656230   0.0001518467   0.0002508215
       -0.0000616782   0.0002905535   0.0004327899   0.0000570505   0.0000779997
        0.0000648693  -0.0001217480   0.0002733814   0.0005824899   0.0000134904
        0.0000017496  -0.0000170770  -0.1429234412   0.1135164703  -0.0475353740
       -0.0135503945  -0.0038377637   0.0028753460  -0.0014945858   0.0031615129
       -0.0006485068   0.0000355768  -0.0007325927   0.0002935474  -0.0018272498
        0.0033663229  -0.0013246846   0.0000133542   0.0000748490   0.0000083880
       -0.0001281792   0.0000205099   0.0000493560  -0.0000311937  -0.0000376620
        0.0000223780  -0.0000416425  -0.0000044216   0.0000185769  -0.0000731266
        0.0000126166  -0.0000463694  -0.0000733433  -0.0000647637  -0.0000627675
        0.0000786746   0.0003051772   0.0001571141
       -0.0000153760   0.0001429439   0.0001886066   0.0066154842  -0.0022291966
       -0.0014895228  -0.0283278865  -0.0078630354   0.0031548079  -0.0801587700
       -0.2250602698   0.0921828977  -0.0226708765   0.5347076877  -0.2017759767
        0.0084923615  -0.0870866319   0.0201683852   0.0131952687   0.0301791271
       -0.0146515010  -0.0255145354  -0.0172189707   0.0072240438   0.0349947828
       -0.0464096860   0.0213159110  -0.0008318238  -0.0005451347   0.0000056559
        0.0004556621  -0.0000996851  -0.0002156622  -0.0001480224  -0.0000710961
       -0.0001099549   0.0000689100   0.0000475273   0.0000143618  -0.0000397204
       -0.0000099714   0.0000050247  -0.0000774032   0.0000710198   0.0000689148
        0.0002161569   0.0000203534   0.0001014115   0.0000589083   0.0000028244
        0.0001822840  -0.0001553455   0.0006147210   0.0004560724   0.0002359064
       -0.0000512048  -0.0000166947   0.1135003854  -0.1716958680   0.0610426075
       -0.0255264309  -0.0050775990   0.0045173276   0.0035288587  -0.0013478996
        0.0039050718  -0.0006943125   0.0003017108  -0.0003525756   0.0028933529
       -0.0016000786   0.0038870083  -0.0000185850   0.0000227915   0.0000369556
       -0.0000104171   0.0000012670   0.0000138524   0.0000026348   0.0000010993
       -0.0000105284  -0.0000092145  -0.0000025424  -0.0000033112   0.0000119111
        0.0000058939   0.0000015466  -0.0000227807   0.0000126343  -0.0000097849
       -0.0000490835   0.0002372687   0.0001627651
        0.0003491620   0.0000008556  -0.0003134246  -0.0014794063  -0.0016535706
       -0.0002053788   0.0097210919   0.0098771857   0.0018350593   0.0454355602
        0.0868762576  -0.0936234309  -0.0234943444  -0.2017759767   0.2053088377
        0.0129263242   0.0243398215  -0.0565009287  -0.0021934586  -0.0190955128
        0.0105810005   0.0146338096   0.0085867888  -0.0096804881  -0.0198364068
        0.0225140948  -0.0081298824  -0.0000534846   0.0001361851   0.0002531759
       -0.0001793755   0.0000973389   0.0001058690   0.0000572655   0.0001352205
        0.0000818171  -0.0001338715  -0.0000658881  -0.0000719784   0.0000878820
        0.0000183336   0.0000377875   0.0000482595  -0.0000787330  -0.0000863491
        0.0001132581  -0.0000352538  -0.0000355195   0.0001671109   0.0001082670
       -0.0000534355   0.0007198410  -0.0004293420  -0.0004487930  -0.0004023912
        0.0000597908   0.0000605491  -0.0476976791   0.0599931384  -0.0585781607
        0.0127215797   0.0029857485  -0.0014528056  -0.0011569933   0.0039414184
        0.0055987387   0.0003141202  -0.0002157104  -0.0000161599  -0.0007831477
        0.0037825263   0.0055340210  -0.0000502061  -0.0000121709   0.0000022415
        0.0000378819  -0.0000182941  -0.0000289264   0.0000169295   0.0000196451
       -0.0000269282   0.0000098137  -0.0000015900  -0.0000297425   0.0000356663
       -0.0000076955   0.0000021622   0.0000515764   0.0000374914   0.0000195224
        0.0000136325  -0.0001203700  -0.0001384496
        0.0004881048  -0.0005713132  -0.0003695418  -0.0027919874  -0.0000333040
       -0.0000425370   0.0048806453   0.0024145619   0.0018500816  -0.0203488631
       -0.0799661706   0.0368358424  -0.3340487747   0.0084923615   0.0129263242
        0.6571547661  -0.0090796215  -0.0292687835  -0.1863389306   0.0716501388
       -0.0252199210   0.0551065131   0.0430090155  -0.0233810879  -0.0535667842
        0.0187534002  -0.0059725135   0.0003662689   0.0005375701  -0.0001330998
       -0.0001980678   0.0001436217   0.0001552244   0.0000549786   0.0001136359
        0.0001486868  -0.0001593183  -0.0000604838  -0.0000398520   0.0000752348
        0.0000199248   0.0000458686   0.0001133854  -0.0000687460  -0.0000609714
        0.0000604215  -0.0000861298  -0.0001711666   0.0001849436   0.0001033338
       -0.0000401454  -0.0001043285  -0.0001690444   0.0004648804  -0.0001634725
       -0.0000816888  -0.0000975880  -0.0217408266   0.0003380069   0.0017176002
       -0.0764771279  -0.0750007800   0.0379582454  -0.0226032709   0.0212714713
       -0.0088463683   0.0003734183  -0.0023214513   0.0015461461  -0.0003446419
        0.0007075664   0.0000021977  -0.0000455656  -0.0000265813  -0.0000426953
        0.0000296790  -0.0000188437  -0.0000224757   0.0000122430   0.0000126005
       -0.0000011156   0.0000082407  -0.0000007664  -0.0000072775   0.0000191093
       -0.0000154055   0.0000137853   0.0000169749   0.0000165655   0.0000354786
       -0.0000129675  -0.0000834444   0.0000167785
        0.0001273745  -0.0004140446   0.0000313092  -0.0015438698  -0.0005374937
        0.0002821817   0.0003838795  -0.0024561276   0.0052421571  -0.0292793410
        0.0103752904  -0.0037539806  -0.0600025913  -0.0870866319   0.0243398215
       -0.0090796215   0.5652002863  -0.2122264956   0.1431176873  -0.2069566664
        0.0668497274  -0.0115100412  -0.0546773172   0.0266849635   0.0234395574
       -0.0059388885  -0.0005619397  -0.0001773228   0.0006985590  -0.0003888402
       -0.0000582366   0.0000045676  -0.0000259593  -0.0000127083  -0.0000448462
        0.0000688289  -0.0000214669   0.0000051719   0.0000044923   0.0000006700
        0.0000105335   0.0000071321  -0.0000064358  -0.0000228663   0.0000083034
        0.0000064366  -0.0000153492   0.0000288478   0.0000527267   0.0000415078
       -0.0000336009  -0.0000530833   0.0000325181   0.0000904291  -0.0000293544
       -0.0000823848  -0.0000168426   0.0220173862   0.0008025364  -0.0020533201
       -0.0751591245  -0.2185193719   0.0915417636  -0.0008341505   0.0017206629
       -0.0006273742  -0.0017811711  -0.0027421546   0.0049524973   0.0004227004
        0.0005635877  -0.0004348967  -0.0000091107   0.0000103706  -0.0000150398
       -0.0000019763  -0.0000030611  -0.0000014332  -0.0000014048   0.0000060093
        0.0000019557   0.0000035589  -0.0000029923  -0.0000022129   0.0000006590
       -0.0000006134   0.0000028768   0.0000016847   0.0000114060   0.0000062780
       -0.0000133105   0.0000178020  -0.0000016298
       -0.0001127378   0.0001976804  -0.0005567167  -0.0010722728  -0.0000552231
        0.0004557722   0.0022989648   0.0053265156   0.0047598917   0.0147289785
       -0.0017315647  -0.0023532223   0.0466965997   0.0201683852  -0.0565009287
       -0.0292687835  -0.2122264956   0.2186617874  -0.0591981175   0.0724665936
       -0.0773863023   0.0014595319   0.0229015906  -0.0096822765  -0.0074189621
       -0.0006267712  -0.0041353254  -0.0001249571  -0.0000839334   0.0001429179
       -0.0000121265  -0.0000032120  -0.0000063365   0.0000057894  -0.0000174162
       -0.0000076363   0.0000317820   0.0000048999   0.0000145907  -0.0000064888
       -0.0000011170   0.0000023383  -0.0000025631   0.0000019817   0.0000174970
        0.0000480327   0.0000338254   0.0000053465  -0.0000476365  -0.0000683654
       -0.0000235210   0.0001231373  -0.0000769024  -0.0000884296   0.0000532359
        0.0000965384   0.0000363340  -0.0091237643  -0.0003297626   0.0005765658
        0.0380733372   0.0915963238  -0.0799815193   0.0017722491  -0.0021889608
        0.0006870345   0.0012913041   0.0050546964   0.0053329355  -0.0001706083
       -0.0003887795   0.0000168113   0.0000046063  -0.0000072659   0.0000072477
        0.0000028815  -0.0000012142   0.0000137577   0.0000018377  -0.0000019964
        0.0000120221   0.0000004624  -0.0000003391   0.0000125437  -0.0000085483
        0.0000033221   0.0000101772   0.0000053557  -0.0000033711   0.0000051467
       -0.0000305196  -0.0000396625  -0.0000485034
       -0.0002443445   0.0003694319   0.0001082769   0.0016626101   0.0001188760
        0.0001765253  -0.0047501126  -0.0019469826  -0.0010096955   0.0063394789
        0.0102200506  -0.0045665587  -0.0521681693   0.0131952687  -0.0021934586
       -0.1863389306   0.1431176873  -0.0591981175   0.6720073730  -0.0101445481
       -0.0292932427  -0.1249218640  -0.1057113001   0.0545930055  -0.0199368367
       -0.0280566775   0.0146667864  -0.0000093113  -0.0001728865   0.0000203985
        0.0001196488  -0.0000538691  -0.0000631044  -0.0000468787  -0.0000239697
       -0.0000275178   0.0000241496   0.0000210269   0.0000190041  -0.0000376572
        0.0000007495  -0.0000063592  -0.0000398012   0.0000138094   0.0000125842
        0.0000412936  -0.0000073261  -0.0000094055   0.0000225913  -0.0000349294
       -0.0000427900  -0.0001701865   0.0000439278  -0.0000116967   0.0001147458
       -0.0000165398   0.0000462695  -0.0055457766  -0.0004066949   0.0011385561
        0.0061352840  -0.0072072826   0.0029873728  -0.2923075364  -0.0283535328
        0.0292298434   0.0057357062   0.0158612581  -0.0077838773  -0.0056446990
       -0.0009409219   0.0010981003  -0.0000013318   0.0000024699   0.0000200192
       -0.0000162565  -0.0000043224   0.0000068542  -0.0000047463   0.0000003062
       -0.0000040725  -0.0000076270  -0.0000053297  -0.0000004381  -0.0000046830
        0.0000017855   0.0000036984  -0.0000169420   0.0000093521  -0.0000030314
        0.0000108100   0.0001111132   0.0000860712
        0.0000358824  -0.0000470394   0.0002098869   0.0003546233  -0.0002485088
       -0.0001936733  -0.0019598920   0.0018140033  -0.0009539320   0.0100985619
       -0.0537208001   0.0209823631   0.0661472735   0.0301791271  -0.0190955128
        0.0716501388  -0.2069566664   0.0724665936  -0.0101445481   0.5493983926
       -0.2053079993  -0.0340858278  -0.2479620617   0.0965217894  -0.0811716786
        0.0090071652   0.0017918398  -0.0000941460   0.0001119686  -0.0000702797
        0.0000160888  -0.0000122891  -0.0000238270  -0.0000151885   0.0000013769
        0.0000045548  -0.0000102208  -0.0000016974   0.0000041329   0.0000014477
        0.0000051893   0.0000103910  -0.0000135163   0.0000189776   0.0000061518
        0.0000744103  -0.0000208342  -0.0000445547   0.0001423793   0.0000793869
        0.0000433946   0.0000445722  -0.0000606122   0.0002128000  -0.0001198962
        0.0000805036   0.0000129218  -0.0011070220   0.0026994565   0.0027052566
        0.0147788773  -0.0211643323   0.0094831516  -0.0283118993  -0.0450455557
        0.0078771098  -0.0061060669  -0.0209945923   0.0104753024  -0.0002244171
        0.0027850680   0.0027970462  -0.0000181961   0.0000172453   0.0000261364
       -0.0000064502   0.0000014926   0.0000074978   0.0000042286   0.0000075637
       -0.0000031417  -0.0000001448  -0.0000036844   0.0000003314   0.0000000703
        0.0000023533  -0.0000057838   0.0000038849   0.0000114010   0.0000035615
        0.0000366715   0.0000180025   0.0000564907
       -0.0000337490   0.0000215038  -0.0000577189  -0.0001738493   0.0000563621
        0.0000273933   0.0010454144  -0.0007306195   0.0001991834  -0.0053183966
        0.0218719334  -0.0156068262  -0.0279205253  -0.0146515010   0.0105810005
       -0.0252199210   0.0668497274  -0.0773863023  -0.0292932427  -0.2053079993
        0.2095101380   0.0208909465   0.1008557035  -0.0955368656   0.0392279610
       -0.0019865400  -0.0002210635   0.0000458851  -0.0000535871   0.0000446033
       -0.0000146353   0.0000062271   0.0000211877   0.0000082090  -0.0000004191
       -0.0000054521   0.0000066402   0.0000043599   0.0000026439   0.0000032141
        0.0000016245   0.0000006869   0.0000111791  -0.0000012979  -0.0000047793
       -0.0000372160   0.0000053792   0.0000268839  -0.0000749197  -0.0000383896
       -0.0000033327  -0.0000296221   0.0000321558  -0.0000939354   0.0000722335
       -0.0000417084  -0.0000103249   0.0014028178   0.0025864915   0.0066604160
       -0.0073261115   0.0108496421  -0.0038903850   0.0292655868   0.0079636815
       -0.0373389274   0.0025477147   0.0092054773  -0.0036544034   0.0009291139
        0.0025140980   0.0067633267   0.0000094986  -0.0000067727  -0.0000078097
        0.0000027539   0.0000037929   0.0000020790  -0.0000027081  -0.0000004376
        0.0000033465   0.0000003500   0.0000033948   0.0000034016  -0.0000048050
        0.0000006553   0.0000067611  -0.0000008810  -0.0000019754  -0.0000017434
       -0.0000189361  -0.0000109627  -0.0000331820
        0.0002030632  -0.0005046997  -0.0005504983  -0.0036275151   0.0005865681
        0.0003048368   0.0062127025   0.0025953781   0.0013406461  -0.0525239083
        0.0623218978  -0.0266405158  -0.0370652252  -0.0255145354   0.0146338096
        0.0551065131  -0.0115100412   0.0014595319  -0.1249218640  -0.0340858278
        0.0208909465   0.6633566413  -0.0184768572  -0.0226262289  -0.3369308696
       -0.0630325490   0.0439181564   0.0004949003  -0.0000496963   0.0004152072
       -0.0002062804   0.0001093899   0.0002086457   0.0000367438   0.0001285820
        0.0000780135  -0.0001428422  -0.0000522459  -0.0000479077   0.0000727566
        0.0000040764   0.0000518731   0.0001246787  -0.0000652351  -0.0000887669
       -0.0000284526  -0.0000909210  -0.0000940960  -0.0001761038  -0.0000813669
       -0.0001549580  -0.0001560948   0.0001756475  -0.0002447071   0.0001441292
       -0.0002002778  -0.0000498155   0.0000238286  -0.0008379661   0.0002672539
       -0.0015143816   0.0037592361  -0.0011557158  -0.0140882450  -0.0252396480
        0.0125893382  -0.1414946281   0.1137452845  -0.0466554264  -0.0128745236
       -0.0035763147   0.0022409197  -0.0000007043  -0.0000576841  -0.0000530290
        0.0000337632  -0.0000161617  -0.0000186006   0.0000058445   0.0000106465
       -0.0000034053   0.0000141923   0.0000029367  -0.0000004842   0.0000179799
       -0.0000036239   0.0000195100   0.0000009377   0.0000202688   0.0000220613
       -0.0000970362  -0.0000642605  -0.0000565944
       -0.0000567811  -0.0002956542   0.0000705567  -0.0001668410   0.0003850593
        0.0002493888   0.0042779606  -0.0032496883   0.0045874611   0.0130394950
        0.0327046161  -0.0160091454  -0.0305410131  -0.0172189707   0.0085867888
        0.0430090155  -0.0546773172   0.0229015906  -0.1057113001  -0.2479620617
        0.1008557035  -0.0184768572   0.5630194612  -0.2085751956   0.0063885652
       -0.0883207109   0.0195274245   0.0001101378   0.0004964632  -0.0005393503
       -0.0000556410   0.0000601781   0.0000417611   0.0000295899  -0.0000206092
        0.0000800930  -0.0000149685  -0.0000191291  -0.0000189946   0.0000200683
        0.0000115991   0.0000078784   0.0000293591  -0.0000267981   0.0000243889
        0.0000463081  -0.0000281529  -0.0000344381  -0.0000887323  -0.0000166851
        0.0000043921   0.0000969083  -0.0000002137  -0.0001734384   0.0000255576
       -0.0000207213  -0.0000554985  -0.0006279121   0.0003250580  -0.0002019145
        0.0031676384  -0.0014270581   0.0041306143  -0.0030365638  -0.0040127918
        0.0020248513   0.1138001160  -0.1745051271   0.0589930741  -0.0252854671
       -0.0051710866   0.0035820088   0.0000030032   0.0000115129  -0.0000324657
        0.0000092952   0.0000106587  -0.0000045836   0.0000054629   0.0000063070
        0.0000080892   0.0000070627   0.0000080570   0.0000031069   0.0000036041
       -0.0000015589  -0.0000005107   0.0000032936  -0.0000021197   0.0000070186
       -0.0000103643  -0.0000625159  -0.0000406554
       -0.0000427634  -0.0005220901   0.0003422490  -0.0015329422   0.0002497081
        0.0006446046  -0.0017590479   0.0051266335   0.0039276885  -0.0022606393
       -0.0208101003   0.0072829674   0.0160275887   0.0072240438  -0.0096804881
       -0.0233810879   0.0266849635  -0.0096822765   0.0545930055   0.0965217894
       -0.0955368656  -0.0226262289  -0.2085751956   0.2155669380   0.0135045428
        0.0248668908  -0.0557391629  -0.0001631183   0.0003463289  -0.0000258550
       -0.0000871763  -0.0000085787  -0.0000002192   0.0000018923   0.0000220625
        0.0000464456  -0.0000205542  -0.0000125362  -0.0000066522   0.0000125410
        0.0000061496   0.0000222846  -0.0000191833   0.0000000121  -0.0000002478
        0.0000814228  -0.0000437890  -0.0000038504   0.0001101344   0.0001129259
        0.0001063342   0.0000296894  -0.0000205890   0.0000614054  -0.0000793385
       -0.0001038638  -0.0000975450   0.0002569914  -0.0001753356  -0.0001179054
       -0.0009597556   0.0040631048   0.0060029183   0.0023104861   0.0034265421
       -0.0018521521  -0.0467386219   0.0589271135  -0.0593475406   0.0127345280
        0.0026601078  -0.0019987501  -0.0000025921   0.0000120426   0.0000098064
        0.0000003310  -0.0000001177   0.0000133845  -0.0000007942   0.0000043876
        0.0000094800   0.0000016047  -0.0000003762   0.0000139104  -0.0000006869
       -0.0000058875   0.0000200027   0.0000063443   0.0000129921   0.0000093896
        0.0000034284   0.0000106610   0.0000097020
       -0.0000563993   0.0014443121  -0.0000823042   0.0024914075  -0.0018931996
       -0.0044897631  -0.0558091438   0.0252617796  -0.0088617370  -0.1533185605
        0.0655167929  -0.0222370271   0.0497378855   0.0349947828  -0.0198364068
       -0.0535667842   0.0234395574  -0.0074189621  -0.0199368367  -0.0811716786
        0.0392279610  -0.3369308696   0.0063885652   0.0135045428   0.6698727768
        0.0074726548  -0.0354023827  -0.0020361820  -0.0018410389   0.0021852248
        0.0004819404  -0.0005538069  -0.0004381550  -0.0003615453  -0.0001295349
       -0.0004614772   0.0003714900   0.0002048974   0.0001911002  -0.0001793865
       -0.0000576476  -0.0000848727  -0.0001763155   0.0002912939   0.0001356461
        0.0001655362   0.0002670247   0.0002955093   0.0002319523   0.0000256365
        0.0000747285   0.0000318907   0.0003109630   0.0005208786   0.0000425379
        0.0003426981   0.0002694616   0.0001202694  -0.0021598300   0.0016476685
       -0.0003280832   0.0004238489  -0.0003435661   0.0002672460  -0.0017832063
        0.0011935505  -0.0224278141   0.0004186175   0.0012177931  -0.0783872274
       -0.0774979478   0.0387488169   0.0000012589   0.0000170254   0.0001279925
       -0.0001341702   0.0000429513   0.0000406847  -0.0000334252  -0.0000430579
        0.0000170022  -0.0000459095  -0.0000032112   0.0000261683  -0.0000601338
        0.0000182840  -0.0000366098  -0.0000755296  -0.0000603993  -0.0000521750
        0.0000481248   0.0003128736   0.0003207092
       -0.0000340559   0.0002300269  -0.0001775357  -0.0045280605   0.0011723478
        0.0005365824   0.0168513667   0.0047479913   0.0019892149   0.1186741689
       -0.1985968199   0.0569992680  -0.0073539412  -0.0464096860   0.0225140948
        0.0187534002  -0.0059388885  -0.0006267712  -0.0280566775   0.0090071652
       -0.0019865400  -0.0630325490  -0.0883207109   0.0248668908   0.0074726548
        0.5479365674  -0.2036614130   0.0004884206  -0.0001561248   0.0006969388
       -0.0002966554   0.0000108481   0.0000712403   0.0000551983   0.0000329668
       -0.0000513211   0.0000192465   0.0000077604  -0.0000024352   0.0000029803
       -0.0000198516  -0.0000202093   0.0000492776  -0.0000163871  -0.0000398218
       -0.0001910967   0.0000053319  -0.0000027044  -0.0002614110  -0.0000385549
        0.0000251475   0.0001895987  -0.0003591062  -0.0004986139   0.0000560815
       -0.0000023373   0.0000498991  -0.0016424113  -0.0028775800   0.0045709170
        0.0004491562   0.0006886996  -0.0003011716  -0.0022540508  -0.0026811482
        0.0047019819   0.0220092504   0.0009821084  -0.0014788876  -0.0774015454
       -0.2192333172   0.0920210173   0.0000289161  -0.0000222496  -0.0000094680
       -0.0000167632   0.0000031993   0.0000023005  -0.0000145394  -0.0000163472
       -0.0000025860   0.0000008298  -0.0000019228   0.0000018994  -0.0000154264
        0.0000039895  -0.0000111059   0.0000003958  -0.0000123317  -0.0000139139
       -0.0000017588  -0.0001256387  -0.0001628943
       -0.0000271385   0.0001790713   0.0002512819   0.0014046879   0.0008686826
       -0.0001460641  -0.0012488144  -0.0033763648   0.0035090775  -0.0516914594
        0.0625431385  -0.0733613039   0.0010790054   0.0213159110  -0.0081298824
       -0.0059725135  -0.0005619397  -0.0041353254   0.0146667864   0.0017918398
       -0.0002210635   0.0439181564   0.0195274245  -0.0557391629  -0.0354023827
       -0.2036614130   0.2046764180   0.0002065748   0.0002091798  -0.0003571216
        0.0000700257   0.0000195360   0.0000025582  -0.0000096267  -0.0000598907
        0.0000033029   0.0000159012   0.0000112134   0.0000152217  -0.0000188460
        0.0000141836  -0.0000258979   0.0000174750   0.0000544758   0.0000585242
        0.0001145305  -0.0000877511  -0.0001855741   0.0000041022   0.0000936053
        0.0001261387   0.0000889210   0.0001370950   0.0002410773   0.0000972930
        0.0000960637   0.0000593699   0.0012475597   0.0048138744   0.0048797813
       -0.0002033984  -0.0004613842  -0.0000404808   0.0014528245   0.0047648708
        0.0050031772  -0.0088726280  -0.0001128220   0.0012796787   0.0390535923
        0.0918079792  -0.0778433363  -0.0000252148   0.0000353375   0.0000166144
       -0.0000063124   0.0000142384   0.0000038457   0.0000052976  -0.0000009563
       -0.0000089714  -0.0000101263  -0.0000000265  -0.0000047078  -0.0000083934
       -0.0000065109  -0.0000168543   0.0000173064   0.0000050089  -0.0000006568
        0.0000368142   0.0000263299   0.0000903358
       -0.0089490979  -0.0089400880  -0.0067686372  -0.1763628945  -0.0464917033
       -0.0302336100  -0.0653225530   0.0135767387   0.0230650965   0.0045314387
        0.0003734447   0.0014160031  -0.0019749216  -0.0008318238  -0.0000534846
        0.0003662689  -0.0001773228  -0.0001249571  -0.0000093113  -0.0000941460
        0.0000458851   0.0004949003   0.0001101378  -0.0001631183  -0.0020361820
        0.0004884206   0.0002065748   0.6130128911   0.0108183268  -0.0506577130
       -0.1986384576   0.0934808263   0.1023335782  -0.0618790862  -0.0081489149
        0.0006595114   0.0039037288   0.0155993636   0.0133226553  -0.0018153176
       -0.0004762479  -0.0012243688  -0.0069755149  -0.0236325219  -0.0204032135
       -0.0953035151  -0.0538677328  -0.0427998720  -0.0005592611   0.0000156531
        0.0001889848  -0.0001489912  -0.0006812797  -0.0005435665  -0.0006893169
       -0.0003552310  -0.0002116373  -0.0000104712  -0.0000584995   0.0001542757
       -0.0001507776  -0.0001349066   0.0001123466  -0.0001247311  -0.0000141830
        0.0000398154  -0.0001582216   0.0000666800  -0.0000798715   0.0000704104
       -0.0000809212   0.0000799133   0.0047546762  -0.0016998948  -0.0014854487
       -0.0049795455  -0.0021309154  -0.0001750050   0.0000129656   0.0000341432
        0.0003171008   0.0002039542  -0.0001247439  -0.0000856997  -0.0001787348
       -0.0000396918   0.0001012816  -0.0051242102  -0.0025135222  -0.0006927733
        0.0040398789   0.0159305559   0.0136599540
       -0.0180442863  -0.0049312345  -0.0078690123  -0.0346023345  -0.0741105380
       -0.0125411523   0.0084718286   0.0014383681   0.0076575751   0.0028826495
        0.0072393373  -0.0075675670   0.0016464767  -0.0005451347   0.0001361851
        0.0005375701   0.0006985590  -0.0000839334  -0.0001728865   0.0001119686
       -0.0000535871  -0.0000496963   0.0004964632   0.0003463289  -0.0018410389
       -0.0001561248   0.0002091798   0.0108183268   0.4027428569   0.2546675876
        0.0500883592  -0.1196109340  -0.0710087759   0.0333150142   0.0284639648
        0.0198739019   0.0160303635  -0.0317218758  -0.0250356582  -0.0009420619
       -0.0004145755  -0.0002971671  -0.0641297662  -0.0086900303  -0.0014235020
       -0.0114493124  -0.1847437112  -0.1217892462  -0.0006859431  -0.0002339835
       -0.0005375492  -0.0010035165  -0.0018473051  -0.0033217947   0.0001404853
        0.0004637092   0.0001438012   0.0000413317  -0.0001043725  -0.0001526597
        0.0002029598   0.0000323421  -0.0000216457  -0.0000313823  -0.0000368451
       -0.0001009877  -0.0001371956   0.0000281660  -0.0000149605  -0.0001102865
        0.0000192510  -0.0001114176   0.0147600462  -0.0118981054  -0.0129325988
       -0.0027396867   0.0039350253  -0.0035725874  -0.0002986528   0.0002582675
        0.0000640330   0.0000143565  -0.0000177487   0.0002172276  -0.0002825935
        0.0001212037   0.0002921830  -0.0020407380   0.0041053577  -0.0037569674
       -0.0003883902  -0.0110923213  -0.0114152330
       -0.0171571555  -0.0094382388  -0.0032365738  -0.0179214994  -0.0119619058
       -0.0651266616   0.0199789152   0.0094871906  -0.0011480137   0.0039415456
       -0.0078927811   0.0044419202  -0.0013805366   0.0000056559   0.0002531759
       -0.0001330998  -0.0003888402   0.0001429179   0.0000203985  -0.0000702797
        0.0000446033   0.0004152072  -0.0005393503  -0.0000258550   0.0021852248
        0.0006969388  -0.0003571216  -0.0506577130   0.2546675876   0.3731360109
        0.0632337100  -0.0763758562  -0.1272170148   0.0387437832   0.0259822401
        0.0201929523   0.0135422325  -0.0254495141  -0.0314588627  -0.0006547897
       -0.0000867591  -0.0003922925  -0.0584130127  -0.0063156797   0.0030282718
       -0.0043420305  -0.1165380925  -0.1587023668  -0.0002226043  -0.0000112062
        0.0005570987  -0.0012600119  -0.0033680140  -0.0022795342  -0.0007120979
       -0.0007718584  -0.0004069298  -0.0000950387  -0.0000217447   0.0000760052
       -0.0001154851  -0.0000389211   0.0000096520   0.0000063836   0.0000109701
        0.0000364042   0.0002097048  -0.0000073522  -0.0000188472   0.0000589443
        0.0000171785  -0.0000129649   0.0128707016  -0.0110781964  -0.0112890959
       -0.0009616732  -0.0036643024   0.0049216601  -0.0002396648   0.0002479967
        0.0000123944   0.0000173442   0.0000042230   0.0002473852  -0.0002837630
        0.0001372936   0.0002369296  -0.0000324412  -0.0037560040   0.0052391662
       -0.0006414782  -0.0134823782  -0.0109044132
       -0.0010381699   0.0008089765   0.0007857073  -0.0399956185   0.0102273338
        0.0144169715   0.0011130896  -0.0035372026  -0.0035165113  -0.0032445780
       -0.0000919993   0.0009493820   0.0004010093   0.0004556621  -0.0001793755
       -0.0001980678  -0.0000582366  -0.0000121265   0.0001196488   0.0000160888
       -0.0000146353  -0.0002062804  -0.0000556410  -0.0000871763   0.0004819404
       -0.0002966554   0.0000700257  -0.1986384576   0.0500883592   0.0632337100
        0.6472065039   0.0404196937  -0.0278495782  -0.3122702706  -0.0366820593
       -0.0013765186  -0.0008825803  -0.0686358926  -0.0627321206   0.0016214970
       -0.0005657465   0.0010646098  -0.0583764296   0.0066305392   0.0131818616
        0.0434100430   0.0442613876   0.0351293906  -0.0005844794  -0.0001928794
        0.0003263880  -0.0000338759   0.0003079550   0.0004404191  -0.0005376126
        0.0003551979  -0.0001432770  -0.0000311100   0.0000511150  -0.0000058123
        0.0000165313   0.0000329547  -0.0000322079   0.0000438513   0.0000112681
        0.0000091645   0.0000305165  -0.0000287936   0.0000174411  -0.0000314308
       -0.0000167038   0.0000379519  -0.0522162681  -0.0376085102  -0.0318781545
       -0.0252112806  -0.0046374390  -0.0012496076  -0.0006529753   0.0000933282
       -0.0006444110   0.0001947439   0.0002197117   0.0002366220  -0.0003538052
        0.0000457627   0.0001375516  -0.0004996057   0.0001865665   0.0003385999
        0.0003635214  -0.0018041412  -0.0006542840
       -0.0000923088  -0.0009974643  -0.0000897171   0.0034273712   0.0040618748
        0.0041379469  -0.0049510886   0.0011765494   0.0007144967   0.0006434632
        0.0004641206  -0.0002373641  -0.0003249874  -0.0000996851   0.0000973389
        0.0001436217   0.0000045676  -0.0000032120  -0.0000538691  -0.0000122891
        0.0000062271   0.0001093899   0.0000601781  -0.0000085787  -0.0005538069
        0.0000108481   0.0000195360   0.0934808263  -0.1196109340  -0.0763758562
        0.0404196937   0.4184682014   0.2704066127  -0.0941430812  -0.0906793151
       -0.0290543599  -0.0243580580  -0.0109192871  -0.0068297546  -0.0012609523
        0.0008523658  -0.0056763990   0.0065877200  -0.0009961622   0.0025904861
        0.0088330369  -0.0248465444  -0.0254135050  -0.0005445933   0.0003694070
       -0.0004003557  -0.0000033347  -0.0001006523  -0.0003245767  -0.0007687784
       -0.0002539102   0.0001766115   0.0000398193   0.0000061408   0.0000038149
       -0.0000504888  -0.0000445521   0.0000201291  -0.0000503421  -0.0000047512
        0.0000019304  -0.0000710071   0.0000320086  -0.0000162633   0.0000260151
        0.0000251219  -0.0000256995  -0.0373289262  -0.1801435724  -0.1281871046
        0.0128848291   0.0033161781   0.0009972489   0.0000213968   0.0002002709
       -0.0000889679   0.0004465465  -0.0000461300  -0.0001372567  -0.0012928620
       -0.0005887027  -0.0004116400   0.0001669309   0.0004105946   0.0005027300
       -0.0013821759  -0.0001144756  -0.0063944979
       -0.0002353485  -0.0003475906  -0.0009439593   0.0094824889   0.0035450767
        0.0007453734  -0.0051066417   0.0008305844   0.0027198804   0.0014208094
       -0.0001785169   0.0002901225  -0.0006286448  -0.0002156622   0.0001058690
        0.0001552244  -0.0000259593  -0.0000063365  -0.0000631044  -0.0000238270
        0.0000211877   0.0002086457   0.0000417611  -0.0000002192  -0.0004381550
        0.0000712403   0.0000025582   0.1023335782  -0.0710087759  -0.1272170148
       -0.0278495782   0.2704066127   0.3668168738  -0.0541018250  -0.0365448141
       -0.0723978010  -0.0223023576  -0.0010210789   0.0013221769  -0.0000567319
       -0.0062629909   0.0017432309   0.0126803323   0.0025156262  -0.0038467750
        0.0031052179  -0.0298045959  -0.0260054879  -0.0008455160   0.0001080632
       -0.0001113145  -0.0000091019  -0.0003057824  -0.0001134159  -0.0004223022
       -0.0004554508   0.0002807350   0.0000355945  -0.0000306328   0.0000263046
       -0.0000645602  -0.0000520317   0.0000420022  -0.0000557781  -0.0000092674
        0.0000140100  -0.0000618430   0.0000349011  -0.0000111396   0.0000445362
        0.0000100519  -0.0000183644  -0.0313494562  -0.1282639157  -0.1463305781
        0.0149327851   0.0032174170   0.0014652677  -0.0014870520  -0.0006473889
       -0.0003358158   0.0000394387   0.0000224356  -0.0000258536   0.0009290664
        0.0002248514   0.0003836110   0.0002061454   0.0005196088   0.0002384831
       -0.0004958665  -0.0063499492   0.0011463891
        0.0006009812  -0.0000472635  -0.0000562101   0.0032524878   0.0022331834
        0.0024616639  -0.0040157626   0.0007125289   0.0014040443   0.0005478559
        0.0001710621  -0.0000975580  -0.0002729309  -0.0001480224   0.0000572655
        0.0000549786  -0.0000127083   0.0000057894  -0.0000468787  -0.0000151885
        0.0000082090   0.0000367438   0.0000295899   0.0000018923  -0.0003615453
        0.0000551983  -0.0000096267  -0.0618790862   0.0333150142   0.0387437832
       -0.3122702706  -0.0941430812  -0.0541018250   0.6629141670   0.0304284147
       -0.0401024624  -0.1029116210  -0.0100630671  -0.0025144881  -0.0129782374
       -0.0223847181  -0.0182705448   0.0459518306   0.0085000205   0.0018802426
       -0.0274634653  -0.0254697150  -0.0206177574  -0.0001202663  -0.0000838035
       -0.0001258928   0.0001739340   0.0000826323   0.0000757360  -0.0000636089
       -0.0001102054  -0.0000446766  -0.0000052228   0.0000456370  -0.0000041047
       -0.0000293465  -0.0000178613   0.0000273417  -0.0000288487  -0.0000101303
        0.0000012524  -0.0000437441   0.0000002980  -0.0000178510   0.0000228157
       -0.0000554308   0.0000128139  -0.0084023931  -0.0039535783  -0.0025026374
       -0.1748466300   0.0838802131   0.0947038194  -0.0040995131  -0.0018749178
       -0.0009714588   0.0008112773  -0.0014471826  -0.0016784451  -0.0019510732
       -0.0013202438  -0.0009328240  -0.0027078404   0.0021514451   0.0032362314
        0.0001312132  -0.0004481196  -0.0005717220
       -0.0002186406  -0.0004435686   0.0000386675   0.0058788593   0.0027288074
       -0.0050126864  -0.0016629446   0.0013679389   0.0006907227   0.0010550223
       -0.0006044191   0.0003951367  -0.0004578511  -0.0000710961   0.0001352205
        0.0001136359  -0.0000448462  -0.0000174162  -0.0000239697   0.0000013769
       -0.0000004191   0.0001285820  -0.0000206092   0.0000220625  -0.0001295349
        0.0000329668  -0.0000598907  -0.0081489149   0.0284639648   0.0259822401
       -0.0366820593  -0.0906793151  -0.0365448141   0.0304284147   0.4080657346
        0.2652885224  -0.0680941199  -0.1934512324  -0.1224854811  -0.0082870134
       -0.0074143522  -0.0090646728   0.0470306943  -0.0254015928  -0.0308585427
       -0.0250627326  -0.0223079139  -0.0127261684   0.0000923058  -0.0001276507
        0.0000511081  -0.0000834781   0.0000763861   0.0000620355  -0.0000586201
        0.0000099245  -0.0002142252   0.0000064809  -0.0000201667  -0.0000000902
       -0.0000620048  -0.0000518592   0.0000273777  -0.0000484545  -0.0000043833
        0.0000064011  -0.0000452190   0.0000331310  -0.0000108562   0.0000260121
        0.0000203611   0.0000006747  -0.0215941558  -0.0074580354  -0.0055730701
        0.0836965254  -0.0943399758  -0.0652515817  -0.0012568384  -0.0005440208
       -0.0002415166   0.0016169250   0.0004722549   0.0001355491   0.0004822154
       -0.0007618400   0.0000475480   0.0018187729   0.0024998314  -0.0050088107
       -0.0004578944  -0.0000258010   0.0001869755
       -0.0002962079   0.0002032625  -0.0003152925   0.0058767876  -0.0046126299
        0.0025068846  -0.0012716429   0.0000736729   0.0012122250   0.0007383489
        0.0008773262  -0.0008277178  -0.0000733400  -0.0001099549   0.0000818171
        0.0001486868   0.0000688289  -0.0000076363  -0.0000275178   0.0000045548
       -0.0000054521   0.0000780135   0.0000800930   0.0000464456  -0.0004614772
       -0.0000513211   0.0000033029   0.0006595114   0.0198739019   0.0201929523
       -0.0013765186  -0.0290543599  -0.0723978010  -0.0401024624   0.2652885224
        0.3619406043  -0.0555716417  -0.1299119214  -0.1624883966  -0.0051031615
       -0.0073758673  -0.0037116057   0.0371553055  -0.0258425802  -0.0270908975
       -0.0198905600  -0.0126087954  -0.0139408239  -0.0000363462  -0.0001792347
        0.0000024342  -0.0001006368   0.0000686021   0.0000479214   0.0001545035
        0.0001125078  -0.0000769448   0.0000207662  -0.0000259812  -0.0000271095
       -0.0000181909  -0.0000390318   0.0000127310  -0.0000417284  -0.0000202559
       -0.0000116731  -0.0000708109   0.0000227561  -0.0000109716  -0.0000004376
        0.0000134947  -0.0000228948  -0.0186160330  -0.0076752679  -0.0033038487
        0.0944182858  -0.0654098243  -0.1055351428   0.0002012972   0.0002031354
        0.0003295026   0.0011484153   0.0007753173   0.0005011001  -0.0000274574
       -0.0000790039   0.0003271177   0.0029714965  -0.0049148037   0.0025441503
       -0.0004852470   0.0002448574   0.0000250196
        0.0001742375   0.0004215667   0.0003795675  -0.0062856402  -0.0002288266
        0.0007278590   0.0025133264  -0.0012451497  -0.0014973868  -0.0009465493
       -0.0001253285   0.0000155966   0.0003737038   0.0000689100  -0.0001338715
       -0.0001593183  -0.0000214669   0.0000317820   0.0000241496  -0.0000102208
        0.0000066402  -0.0001428422  -0.0000149685  -0.0000205542   0.0003714900
        0.0000192465   0.0000159012   0.0039037288   0.0160303635   0.0135422325
       -0.0008825803  -0.0243580580  -0.0223023576  -0.1029116210  -0.0680941199
       -0.0555716417   0.6230397832   0.0285337638  -0.0314121973  -0.2037155002
       -0.0402595035  -0.0151449973  -0.2037116871   0.0980653788   0.1097411521
       -0.0626522322  -0.0062854148   0.0017598131   0.0000869617  -0.0000369311
        0.0000774203   0.0001349715   0.0001030953   0.0001172994   0.0000715825
        0.0001129667  -0.0000400390  -0.0000519614   0.0000582143  -0.0000067811
        0.0000468211   0.0000636612  -0.0000298524   0.0000621157   0.0000092355
       -0.0000010600   0.0000617689  -0.0000491286   0.0000199933  -0.0000317082
       -0.0000623864   0.0000291998  -0.0050612636  -0.0024467599  -0.0005334755
        0.0025209128   0.0157796959   0.0146703864  -0.0062237391  -0.0066361866
       -0.0039332063  -0.0230522629  -0.0018053835   0.0005894536  -0.0169578796
       -0.0032222990  -0.0088217216   0.0041044431  -0.0022524579  -0.0020429484
       -0.0047032110  -0.0021115078  -0.0002322062
       -0.0001635307  -0.0000847886  -0.0000958205  -0.0013058521  -0.0008054253
       -0.0006623184   0.0014527410  -0.0001020718  -0.0002283980  -0.0003638884
       -0.0000202737   0.0000620561   0.0002094686   0.0000475273  -0.0000658881
       -0.0000604838   0.0000051719   0.0000048999   0.0000210269  -0.0000016974
        0.0000043599  -0.0000522459  -0.0000191291  -0.0000125362   0.0002048974
        0.0000077604   0.0000112134   0.0155993636  -0.0317218758  -0.0254495141
       -0.0686358926  -0.0109192871  -0.0010210789  -0.0100630671  -0.1934512324
       -0.1299119214   0.0285337638   0.4213489737   0.2476158699  -0.0407456870
       -0.0750930343  -0.0077837894   0.0412878943  -0.1192400895  -0.0674252852
        0.0374246510   0.0306975076   0.0233768517  -0.0000707149  -0.0000689046
        0.0002082298   0.0000024755   0.0000058364   0.0000416649  -0.0001112409
        0.0001588620  -0.0000458350  -0.0000118537   0.0000015720   0.0000090100
        0.0000284598   0.0000256416  -0.0000079322   0.0000289497   0.0000065904
        0.0000016425   0.0000370019  -0.0000186075   0.0000048351  -0.0000163392
        0.0000006347  -0.0000002707  -0.0019636569   0.0040045046  -0.0038377839
       -0.0008902293  -0.0115024223  -0.0115291785  -0.0301228477  -0.0115512677
       -0.0062907239   0.0092142307   0.0027709756   0.0009611210   0.0079693427
        0.0037082342   0.0000675664   0.0150290504  -0.0121653142  -0.0141194095
       -0.0024657874   0.0039756286  -0.0038816365
       -0.0001372422  -0.0001300720  -0.0000517601  -0.0007717080  -0.0008742704
       -0.0005753401   0.0011065119   0.0001708136  -0.0002261572  -0.0003102493
       -0.0000690376   0.0001049022   0.0001783502   0.0000143618  -0.0000719784
       -0.0000398520   0.0000044923   0.0000145907   0.0000190041   0.0000041329
        0.0000026439  -0.0000479077  -0.0000189946  -0.0000066522   0.0001911002
       -0.0000024352   0.0000152217   0.0133226553  -0.0250356582  -0.0314588627
       -0.0627321206  -0.0068297546   0.0013221769  -0.0025144881  -0.1224854811
       -0.1624883966  -0.0314121973   0.2476158699   0.3808607344  -0.0212256251
       -0.0094273737  -0.0652238229   0.0579980977  -0.0749267271  -0.1276406446
        0.0422709792   0.0290277524   0.0213361252  -0.0001024891  -0.0000560248
        0.0001494302  -0.0000057698   0.0000086738   0.0000039383  -0.0000609857
        0.0001547124  -0.0000279472  -0.0000098580   0.0000163860   0.0000059497
        0.0000297012   0.0000311414  -0.0000097672   0.0000278417   0.0000102105
        0.0000005431   0.0000336876  -0.0000125342   0.0000042046  -0.0000194655
        0.0000193326  -0.0000110926  -0.0001904490  -0.0037998244   0.0050495939
       -0.0009605043  -0.0136167858  -0.0113266261  -0.0022432913  -0.0022441665
       -0.0006804595   0.0215177859   0.0052038024   0.0024598483  -0.0267044699
       -0.0066709148  -0.0053787683   0.0134093276  -0.0120416044  -0.0112656664
       -0.0006163698  -0.0040400225   0.0051140392
       -0.0000869887  -0.0000958676  -0.0000922209   0.0016667509   0.0004005690
       -0.0001485401  -0.0009265788   0.0000989549   0.0002045156   0.0005521039
        0.0000503456  -0.0000294943  -0.0001862408  -0.0000397204   0.0000878820
        0.0000752348   0.0000006700  -0.0000064888  -0.0000376572   0.0000014477
        0.0000032141   0.0000727566   0.0000200683   0.0000125410  -0.0001793865
        0.0000029803  -0.0000188460  -0.0018153176  -0.0009420619  -0.0006547897
        0.0016214970  -0.0012609523  -0.0000567319  -0.0129782374  -0.0082870134
       -0.0051031615  -0.2037155002  -0.0407456870  -0.0212256251   0.4759292909
       -0.0113333295  -0.0202192210  -0.0323155271  -0.0036114542   0.0007669769
       -0.0001486411   0.0027420080   0.0035495607  -0.0000086304  -0.0000039529
        0.0000252941  -0.0000398867  -0.0000272745  -0.0000354600  -0.0000135024
        0.0000182610  -0.0000118726   0.0000130648  -0.0000118113  -0.0000134242
       -0.0000417653  -0.0000403293   0.0000127675  -0.0000528928  -0.0000038001
        0.0000048414  -0.0000461148   0.0000318440   0.0000026119   0.0000230965
        0.0000084932   0.0000123230  -0.0003740570   0.0000215522  -0.0000732831
        0.0011318203   0.0014693488   0.0004548324  -0.0421801346  -0.0138687094
        0.0029013044  -0.1217630655   0.0472178055   0.1040400944  -0.0639453714
        0.0291725286  -0.0629726351   0.0008100134  -0.0006819932  -0.0012306122
       -0.0010401328  -0.0003029203  -0.0001863530
       -0.0000530068   0.0000760078  -0.0000449146   0.0005184308  -0.0006930483
        0.0007989103  -0.0002734129   0.0000909938   0.0001261394   0.0000442473
        0.0000974099  -0.0000914158  -0.0000149011  -0.0000099714   0.0000183336
        0.0000199248   0.0000105335  -0.0000011170   0.0000007495   0.0000051893
        0.0000016245   0.0000040764   0.0000115991   0.0000061496  -0.0000576476
       -0.0000198516   0.0000141836  -0.0004762479  -0.0004145755  -0.0000867591
       -0.0005657465   0.0008523658  -0.0062629909  -0.0223847181  -0.0074143522
       -0.0073758673  -0.0402595035  -0.0750930343  -0.0094273737  -0.0113333295
        0.5058124939   0.0158375988   0.0095907302   0.0033169773   0.0014106376
        0.0019171545   0.0019929542  -0.0039875021  -0.0000116947  -0.0000252807
        0.0000375207  -0.0000278000   0.0000130570   0.0000018384   0.0000568219
        0.0000532674   0.0000036461   0.0000038544   0.0000002300  -0.0000103132
       -0.0000079165  -0.0000092476   0.0000010053  -0.0000114654   0.0000026800
       -0.0000011072  -0.0000149267   0.0000103463   0.0000015106  -0.0000020378
        0.0000076385  -0.0000049977  -0.0010417945  -0.0005560490  -0.0000503486
       -0.0009530876  -0.0003838007   0.0018922923  -0.0152939276  -0.2809866622
       -0.0097417523   0.0475995482  -0.0738824314  -0.0619687223   0.0313932348
       -0.0727100426   0.0774549946   0.0009598333  -0.0002070936   0.0013639241
        0.0006745588   0.0000516972   0.0000848724
       -0.0000680214  -0.0001161748   0.0000093879   0.0010334237   0.0009786772
       -0.0009038193  -0.0004806425   0.0002226787   0.0003106015   0.0002130310
       -0.0000711119   0.0000339833  -0.0001394164   0.0000050247   0.0000377875
        0.0000458686   0.0000071321   0.0000023383  -0.0000063592   0.0000103910
        0.0000006869   0.0000518731   0.0000078784   0.0000222846  -0.0000848727
       -0.0000202093  -0.0000258979  -0.0012243688  -0.0002971671  -0.0003922925
        0.0010646098  -0.0056763990   0.0017432309  -0.0182705448  -0.0090646728
       -0.0037116057  -0.0151449973  -0.0077837894  -0.0652238229  -0.0202192210
        0.0158375988   0.5015349225   0.0126945255   0.0029131846   0.0030011954
        0.0035726799  -0.0042409944   0.0026119909   0.0000416555  -0.0000039442
        0.0000315113  -0.0000393738  -0.0000081640   0.0000088664  -0.0000223444
        0.0000081412  -0.0000165660   0.0000132440  -0.0000119727  -0.0000038623
       -0.0000225189  -0.0000151841   0.0000158793  -0.0000234296   0.0000011729
        0.0000009914  -0.0000216031   0.0000159342  -0.0000076444   0.0000098069
        0.0000121946  -0.0000117908  -0.0008805118  -0.0002120737  -0.0003307200
       -0.0014763603   0.0013316528  -0.0008367280   0.0020248594  -0.0095843934
       -0.0419524616   0.1033625307  -0.0621650728  -0.1759581863  -0.0671457239
        0.0756951595  -0.2192209213   0.0003540036   0.0019342122  -0.0006312744
        0.0007881984   0.0002902907  -0.0001380645
       -0.0004148225  -0.0007356883  -0.0005823240   0.0082229879  -0.0014806429
       -0.0015733651  -0.0022656124   0.0017573193   0.0017450280   0.0011084132
        0.0001810842   0.0000067037  -0.0001656230  -0.0000774032   0.0000482595
        0.0001133854  -0.0000064358  -0.0000025631  -0.0000398012  -0.0000135163
        0.0000111791   0.0001246787   0.0000293591  -0.0000191833  -0.0001763155
        0.0000492776   0.0000174750  -0.0069755149  -0.0641297662  -0.0584130127
       -0.0583764296   0.0065877200   0.0126803323   0.0459518306   0.0470306943
        0.0371553055  -0.2037116871   0.0412878943   0.0579980977  -0.0323155271
        0.0095907302   0.0126945255   0.6571929288   0.0477318800  -0.0249023480
       -0.3221894771  -0.0416445547  -0.0032770629  -0.0002335341  -0.0001166175
        0.0001587481   0.0000010260  -0.0000434752  -0.0000470754  -0.0002173627
        0.0000975874  -0.0000923930  -0.0000008237  -0.0000160199  -0.0000006726
       -0.0000296711  -0.0000249643   0.0000256969  -0.0000302338  -0.0000084332
        0.0000110035  -0.0000404714   0.0000107444  -0.0000084062  -0.0000071068
        0.0000002238   0.0000013576  -0.0004469552   0.0001264887   0.0001696495
        0.0006805953  -0.0016407143  -0.0007750957  -0.0001218085   0.0018507546
        0.0010484082  -0.0056913792  -0.0014511165  -0.0002097104  -0.0009662852
        0.0004939513   0.0016297880  -0.0554624448  -0.0405645940  -0.0343664962
       -0.0235169588  -0.0048717669  -0.0011318493
       -0.0011103092  -0.0004447092  -0.0000279089  -0.0020797064  -0.0001970704
       -0.0064865370   0.0015944867   0.0004364448   0.0002159836  -0.0005252256
       -0.0003941072   0.0002292298   0.0001518467   0.0000710198  -0.0000787330
       -0.0000687460  -0.0000228663   0.0000019817   0.0000138094   0.0000189776
       -0.0000012979  -0.0000652351  -0.0000267981   0.0000000121   0.0002912939
       -0.0000163871   0.0000544758  -0.0236325219  -0.0086900303  -0.0063156797
        0.0066305392  -0.0009961622   0.0025156262   0.0085000205  -0.0254015928
       -0.0258425802   0.0980653788  -0.1192400895  -0.0749267271  -0.0036114542
        0.0033169773   0.0029131846   0.0477318800   0.4137966132   0.2686274801
       -0.0980150678  -0.0918555313  -0.0305651034   0.0000461757   0.0000152733
        0.0001544819  -0.0000696194  -0.0002453449  -0.0001481851  -0.0000161254
        0.0000759770  -0.0000189293  -0.0000133978   0.0000250064  -0.0000143491
        0.0000236535   0.0000327568  -0.0000149440   0.0000327865   0.0000118436
        0.0000024766   0.0000380777  -0.0000176684   0.0000097336  -0.0000371081
       -0.0000000117  -0.0000049645   0.0001140801   0.0003635032   0.0005667663
       -0.0013402117   0.0000531925  -0.0066611141  -0.0010624078   0.0006497088
        0.0002647035  -0.0022766454   0.0003100568  -0.0004772849  -0.0009199288
        0.0005898882  -0.0002175875  -0.0404868359  -0.1759563821  -0.1243904246
        0.0120965180   0.0037375121   0.0006362142
       -0.0008817550   0.0000866892  -0.0002117717  -0.0022838836  -0.0063678601
        0.0014866843   0.0014599534  -0.0000386299  -0.0002597410  -0.0007691061
        0.0001995344  -0.0002890562   0.0002508215   0.0000689148  -0.0000863491
       -0.0000609714   0.0000083034   0.0000174970   0.0000125842   0.0000061518
       -0.0000047793  -0.0000887669   0.0000243889  -0.0000002478   0.0001356461
       -0.0000398218   0.0000585242  -0.0204032135  -0.0014235020   0.0030282718
        0.0131818616   0.0025904861  -0.0038467750   0.0018802426  -0.0308585427
       -0.0270908975   0.1097411521  -0.0674252852  -0.1276406446   0.0007669769
        0.0014106376   0.0030011954  -0.0249023480   0.2686274801   0.3648793962
       -0.0557126882  -0.0377226171  -0.0727702860   0.0000358706   0.0000189990
        0.0000574815  -0.0000442673  -0.0000675350  -0.0002103493   0.0000978762
        0.0001303047   0.0000364927  -0.0000068749   0.0000087850  -0.0000209051
        0.0000282264   0.0000269100  -0.0000220631   0.0000303193   0.0000047602
       -0.0000110064   0.0000274511  -0.0000203333   0.0000114469  -0.0000211917
       -0.0000054695  -0.0000122282   0.0001355959   0.0005665859   0.0002360195
       -0.0003516809  -0.0066830158   0.0015550868  -0.0010027143  -0.0004126258
        0.0004643619  -0.0005978868  -0.0006116096   0.0004012212  -0.0006339827
       -0.0003789715  -0.0002165388  -0.0343168196  -0.1244283324  -0.1447444975
        0.0142935731   0.0027052204   0.0022044573
       -0.0048236535  -0.0007264468  -0.0000176491  -0.0208907032  -0.0220646046
       -0.0177279791  -0.0004806761  -0.0046365039  -0.0037141947  -0.0004024097
       -0.0004188520  -0.0007222700  -0.0000616782   0.0002161569   0.0001132581
        0.0000604215   0.0000064366   0.0000480327   0.0000412936   0.0000744103
       -0.0000372160  -0.0000284526   0.0000463081   0.0000814228   0.0001655362
       -0.0001910967   0.0001145305  -0.0953035151  -0.0114493124  -0.0043420305
        0.0434100430   0.0088330369   0.0031052179  -0.0274634653  -0.0250627326
       -0.0198905600  -0.0626522322   0.0374246510   0.0422709792  -0.0001486411
        0.0019171545   0.0035726799  -0.3221894771  -0.0980150678  -0.0557126882
        0.6854311860   0.0313517421  -0.0423073389   0.0001322163   0.0002004515
        0.0000597927  -0.0004918233  -0.0010525940  -0.0011430078   0.0000798404
        0.0000364129   0.0000769293  -0.0000053688  -0.0000099111  -0.0000879260
       -0.0000396475  -0.0000256576  -0.0000103517  -0.0000270555  -0.0000090304
       -0.0000209003  -0.0000504332   0.0000201766   0.0000052717  -0.0000585521
        0.0000181465  -0.0000555082  -0.0029140303   0.0023313289   0.0032533080
        0.0002508328  -0.0005876517  -0.0005210119   0.0005369844  -0.0001964176
       -0.0002106043  -0.0011652906  -0.0000836917  -0.0004204228   0.0003834940
       -0.0002706997  -0.0003642648  -0.0088721092  -0.0041949348  -0.0029296460
       -0.1824226337   0.0865187925   0.0975341476
       -0.0008826419   0.0017527392  -0.0000718150  -0.0222185254  -0.0084028603
       -0.0048039498   0.0040913479  -0.0033418715  -0.0047539719  -0.0002109958
       -0.0000113154   0.0002059879   0.0002905535   0.0000203534  -0.0000352538
       -0.0000861298  -0.0000153492   0.0000338254  -0.0000073261  -0.0000208342
        0.0000053792  -0.0000909210  -0.0000281529  -0.0000437890   0.0002670247
        0.0000053319  -0.0000877511  -0.0538677328  -0.1847437112  -0.1165380925
        0.0442613876  -0.0248465444  -0.0298045959  -0.0254697150  -0.0223079139
       -0.0126087954  -0.0062854148   0.0306975076   0.0290277524   0.0027420080
        0.0019929542  -0.0042409944  -0.0416445547  -0.0918555313  -0.0377226171
        0.0313517421   0.3993161355   0.2554945930   0.0002190163  -0.0000907017
       -0.0001214637   0.0000206390  -0.0002096783  -0.0002989046   0.0002772626
        0.0001501395   0.0000832542  -0.0000601131   0.0000880561   0.0000016939
        0.0000325139   0.0000525148  -0.0000252583   0.0000512019   0.0000122248
       -0.0000018672   0.0000504001  -0.0000320705   0.0000162953  -0.0000184611
       -0.0000424246   0.0000403303   0.0018001657   0.0023322379  -0.0047765447
       -0.0004446271  -0.0001209022   0.0001771038   0.0005167471  -0.0000005210
       -0.0000342574   0.0009800878   0.0004337248  -0.0001956252  -0.0007307853
       -0.0003612723  -0.0006309921  -0.0216322484  -0.0077386254  -0.0048650649
        0.0866980941  -0.0926836396  -0.0634246112
       -0.0001945014  -0.0002812951   0.0015359065  -0.0192513263  -0.0048323907
       -0.0021150393   0.0051932458  -0.0038178211  -0.0027074158  -0.0006672805
        0.0003674371  -0.0000048643   0.0004327899   0.0001014115  -0.0000355195
       -0.0001711666   0.0000288478   0.0000053465  -0.0000094055  -0.0000445547
        0.0000268839  -0.0000940960  -0.0000344381  -0.0000038504   0.0002955093
       -0.0000027044  -0.0001855741  -0.0427998720  -0.1217892462  -0.1587023668
        0.0351293906  -0.0254135050  -0.0260054879  -0.0206177574  -0.0127261684
       -0.0139408239   0.0017598131   0.0233768517   0.0213361252   0.0035495607
       -0.0039875021   0.0026119909  -0.0032770629  -0.0305651034  -0.0727702860
       -0.0423073389   0.2554945930   0.3583638815   0.0002690443   0.0000711679
        0.0000641094   0.0000768761  -0.0001420514  -0.0000174700   0.0001292721
       -0.0000884007  -0.0001533579  -0.0000629722   0.0000328797   0.0000123316
        0.0000533511   0.0000558064  -0.0000207675   0.0000563546   0.0000079477
        0.0000073026   0.0000646331  -0.0000384266   0.0000244136   0.0000333359
       -0.0000816269   0.0000945075   0.0029163678  -0.0048159557   0.0025168626
       -0.0004591555   0.0001464201   0.0000289572  -0.0002975134  -0.0005808240
       -0.0003686116   0.0003769322   0.0000340297   0.0000538425   0.0010885100
        0.0000042710  -0.0000753653  -0.0189002824  -0.0070533933  -0.0036328646
        0.0976847445  -0.0634262559  -0.1059427966
       -0.0747927108  -0.0281867899   0.0759359371   0.0032844026   0.0047391038
       -0.0025460504   0.0004106187  -0.0014185872  -0.0003918601  -0.0004301633
        0.0004253741   0.0001398302   0.0000570505   0.0000589083   0.0001671109
        0.0001849436   0.0000527267  -0.0000476365   0.0000225913   0.0001423793
       -0.0000749197  -0.0001761038  -0.0000887323   0.0001101344   0.0002319523
       -0.0002614110   0.0000041022  -0.0005592611  -0.0006859431  -0.0002226043
       -0.0005844794  -0.0005445933  -0.0008455160  -0.0001202663   0.0000923058
       -0.0000363462   0.0000869617  -0.0000707149  -0.0001024891  -0.0000086304
       -0.0000116947   0.0000416555  -0.0002335341   0.0000461757   0.0000358706
        0.0001322163   0.0002190163   0.0002690443   0.0851521372   0.0312922104
       -0.0904660353  -0.0156668127  -0.0109577600   0.0288956932   0.0048345281
        0.0044566230  -0.0101858891  -0.0000982308   0.0001233564  -0.0000827324
        0.0000263763   0.0000395103   0.0000020046   0.0000002424   0.0000125418
       -0.0000145958  -0.0000023525   0.0000112908   0.0000040193  -0.0000261684
        0.0000736458   0.0000056661  -0.0017179119   0.0003129158  -0.0007015822
       -0.0000070685   0.0000068831   0.0000089685  -0.0000015657   0.0000105818
        0.0000043071  -0.0000127160  -0.0000028320  -0.0000033194   0.0000169848
        0.0000064405   0.0000136764  -0.0000029244   0.0000252515   0.0000195464
       -0.0000001058   0.0000818173   0.0000640099
       -0.0268576182  -0.0587151399   0.0632039316   0.0064670037   0.0052603124
       -0.0181004445   0.0001417957  -0.0047381809  -0.0018519198  -0.0002616842
        0.0004856646  -0.0004352252   0.0000779997   0.0000028244   0.0001082670
        0.0001033338   0.0000415078  -0.0000683654  -0.0000349294   0.0000793869
       -0.0000383896  -0.0000813669  -0.0000166851   0.0001129259   0.0000256365
       -0.0000385549   0.0000936053   0.0000156531  -0.0002339835  -0.0000112062
       -0.0001928794   0.0003694070   0.0001080632  -0.0000838035  -0.0001276507
       -0.0001792347  -0.0000369311  -0.0000689046  -0.0000560248  -0.0000039529
       -0.0000252807  -0.0000039442  -0.0001166175   0.0000152733   0.0000189990
        0.0002004515  -0.0000907017   0.0000711679   0.0312922104   0.0699243980
       -0.0738923280  -0.0017075649  -0.0002668362   0.0027139521  -0.0096584447
       -0.0119799566   0.0280941178  -0.0000083193  -0.0000202972  -0.0000761223
        0.0000195073  -0.0000049387   0.0000039178  -0.0000192459  -0.0000033106
       -0.0000083566  -0.0000141540   0.0000027379  -0.0000082099  -0.0000001492
        0.0000285131  -0.0000219484   0.0006398728   0.0000869455   0.0001991655
        0.0000411531   0.0000109827  -0.0000017459  -0.0000116779  -0.0000075206
       -0.0000037868   0.0000089213   0.0000049141  -0.0000009380   0.0000052654
       -0.0000106782   0.0000114714   0.0000153894   0.0000129437  -0.0000056428
        0.0000351454   0.0000228087   0.0000242487
        0.0775985224   0.0676846960  -0.2276897912   0.0085747637   0.0030522626
       -0.0235982729  -0.0002146521  -0.0050698013  -0.0018166056  -0.0007982886
        0.0004871368  -0.0006608171   0.0000648693   0.0001822840  -0.0000534355
       -0.0000401454  -0.0000336009  -0.0000235210  -0.0000427900   0.0000433946
       -0.0000033327  -0.0001549580   0.0000043921   0.0001063342   0.0000747285
        0.0000251475   0.0001261387   0.0001889848  -0.0005375492   0.0005570987
        0.0003263880  -0.0004003557  -0.0001113145  -0.0001258928   0.0000511081
        0.0000024342   0.0000774203   0.0002082298   0.0001494302   0.0000252941
        0.0000375207   0.0000315113   0.0001587481   0.0001544819   0.0000574815
        0.0000597927  -0.0001214637   0.0000641094  -0.0904660353  -0.0738923280
        0.2618405057   0.0022507473   0.0008863059  -0.0002164301   0.0032894399
        0.0067300132  -0.0092113497  -0.0000134018  -0.0000731052   0.0000245114
        0.0000257299   0.0000349208  -0.0000094408   0.0000439452  -0.0000036619
       -0.0000112730   0.0000223837  -0.0000414999  -0.0000127835   0.0000025385
       -0.0000695328   0.0000082813  -0.0011287139   0.0004746534   0.0003317084
        0.0000679579   0.0000220597   0.0000338637   0.0000140420  -0.0000065143
       -0.0000059429  -0.0000153294   0.0000014053   0.0000101458   0.0000116466
        0.0000177606  -0.0000078383   0.0000425440   0.0000344520  -0.0000044380
        0.0000797204   0.0001171879   0.0000930323
       -0.2800726434  -0.0188279693  -0.0146632593  -0.0123888485  -0.0051296036
       -0.0048403572   0.0007682081   0.0013341279   0.0017022037   0.0007049430
        0.0002633368  -0.0000188712  -0.0001217480  -0.0001553455   0.0007198410
       -0.0001043285  -0.0000530833   0.0001231373  -0.0001701865   0.0000445722
       -0.0000296221  -0.0001560948   0.0000969083   0.0000296894   0.0000318907
        0.0001895987   0.0000889210  -0.0001489912  -0.0010035165  -0.0012600119
       -0.0000338759  -0.0000033347  -0.0000091019   0.0001739340  -0.0000834781
       -0.0001006368   0.0001349715   0.0000024755  -0.0000057698  -0.0000398867
       -0.0000278000  -0.0000393738   0.0000010260  -0.0000696194  -0.0000442673
       -0.0004918233   0.0000206390   0.0000768761  -0.0156668127  -0.0017075649
        0.0022507473   0.3248351486   0.0233434583   0.0179740497  -0.0171026598
        0.0021178677  -0.0013365784   0.0000083825   0.0001455268  -0.0001845527
       -0.0000324023  -0.0000328028  -0.0000349261  -0.0000205348  -0.0000128793
       -0.0000294184  -0.0000268096  -0.0000126702  -0.0000174437  -0.0000032678
       -0.0000940198  -0.0000440470   0.0000046401  -0.0002338886  -0.0002266365
       -0.0000046976   0.0000073237   0.0000064119  -0.0000108671  -0.0000318602
        0.0000045122  -0.0000044169   0.0000075147   0.0000200470  -0.0000151098
        0.0000108829  -0.0000212889  -0.0000456490  -0.0000545541  -0.0000421795
       -0.0000014906  -0.0000502420  -0.0000480941
       -0.0188464768  -0.0449618595   0.0001691528  -0.0212400528  -0.0041505206
       -0.0045975631  -0.0011203578   0.0012301452   0.0020076459   0.0000934555
       -0.0000699098  -0.0002126781   0.0002733814   0.0006147210  -0.0004293420
       -0.0001690444   0.0000325181  -0.0000769024   0.0000439278  -0.0000606122
        0.0000321558   0.0001756475  -0.0000002137  -0.0000205890   0.0003109630
       -0.0003591062   0.0001370950  -0.0006812797  -0.0018473051  -0.0033680140
        0.0003079550  -0.0001006523  -0.0003057824   0.0000826323   0.0000763861
        0.0000686021   0.0001030953   0.0000058364   0.0000086738  -0.0000272745
        0.0000130570  -0.0000081640  -0.0000434752  -0.0002453449  -0.0000675350
       -0.0010525940  -0.0002096783  -0.0001420514  -0.0109577600  -0.0002668362
        0.0008863059   0.0233434583   0.0504170848   0.0032281608   0.0297039524
        0.0002060139   0.0021720399   0.0000509086  -0.0000901417   0.0002168371
       -0.0000823180  -0.0000868754   0.0000408965  -0.0000369780  -0.0000360375
        0.0000287575  -0.0000542742  -0.0000203786   0.0000076167  -0.0000480591
       -0.0001273150   0.0000544310   0.0000050190  -0.0000114222   0.0001627696
       -0.0000169505   0.0000139159   0.0000018758   0.0000028963   0.0000014781
        0.0000005767   0.0000039530  -0.0000006049   0.0000066400   0.0000001298
       -0.0000033872  -0.0000033444  -0.0000817225  -0.0000359476  -0.0000209705
       -0.0000427575   0.0000729923   0.0000227033
       -0.0146239550  -0.0001091397  -0.0452574135  -0.0225312825  -0.0037532041
       -0.0029915575  -0.0005306460   0.0013113341   0.0017484207  -0.0003554890
       -0.0008160311  -0.0005753727   0.0005824899   0.0004560724  -0.0004487930
        0.0004648804   0.0000904291  -0.0000884296  -0.0000116967   0.0002128000
       -0.0000939354  -0.0002447071  -0.0001734384   0.0000614054   0.0005208786
       -0.0004986139   0.0002410773  -0.0005435665  -0.0033217947  -0.0022795342
        0.0004404191  -0.0003245767  -0.0001134159   0.0000757360   0.0000620355
        0.0000479214   0.0001172994   0.0000416649   0.0000039383  -0.0000354600
        0.0000018384   0.0000088664  -0.0000470754  -0.0001481851  -0.0002103493
       -0.0011430078  -0.0002989046  -0.0000174700   0.0288956932   0.0027139521
       -0.0002164301   0.0179740497   0.0032281608   0.0501558323  -0.0084566282
        0.0006920452   0.0002927156  -0.0001551163   0.0002301995  -0.0003140165
       -0.0000641989   0.0000046632   0.0000217940  -0.0000824384   0.0000314040
       -0.0000084685  -0.0000835859   0.0000466532  -0.0000257933  -0.0000641738
        0.0001176676  -0.0000378587   0.0000395463   0.0002026721   0.0000317967
       -0.0000186689  -0.0000006654   0.0000167135   0.0000073747  -0.0000026225
        0.0000035646  -0.0000057633  -0.0000007843   0.0000025811   0.0000006850
        0.0000040358  -0.0000039417  -0.0000868552  -0.0000361046  -0.0000272349
       -0.0000347375   0.0000364374   0.0000733875
       -0.0772795888   0.0812817733  -0.0224191596   0.0034920528  -0.0030944454
        0.0038124499   0.0000492762   0.0000426263  -0.0007679701   0.0000744578
       -0.0001225343   0.0003930145   0.0000134904   0.0002359064  -0.0004023912
       -0.0001634725  -0.0000293544   0.0000532359   0.0001147458  -0.0001198962
        0.0000722335   0.0001441292   0.0000255576  -0.0000793385   0.0000425379
        0.0000560815   0.0000972930  -0.0006893169   0.0001404853  -0.0007120979
       -0.0005376126  -0.0007687784  -0.0004223022  -0.0000636089  -0.0000586201
        0.0001545035   0.0000715825  -0.0001112409  -0.0000609857  -0.0000135024
        0.0000568219  -0.0000223444  -0.0002173627  -0.0000161254   0.0000978762
        0.0000798404   0.0002772626   0.0001292721   0.0048345281  -0.0096584447
        0.0032894399  -0.0171026598   0.0297039524  -0.0084566282   0.0886765603
       -0.0970573055   0.0246101754  -0.0000346408  -0.0000587738   0.0002583499
       -0.0000290857  -0.0000215611  -0.0000016623   0.0000273882  -0.0000159898
        0.0000140815   0.0000174567  -0.0000284669   0.0000076293  -0.0000067295
       -0.0000954997   0.0000264355  -0.0015004622  -0.0006649820   0.0002427891
       -0.0000055651   0.0000062448  -0.0000058792   0.0000177288   0.0000235918
        0.0000062652  -0.0000039726  -0.0000061659  -0.0000019170  -0.0000087165
       -0.0000101472   0.0000033198   0.0000043934   0.0000190623   0.0000274604
       -0.0000038718   0.0000689651   0.0000568513
        0.0840054390  -0.2318044060   0.0528703337   0.0087509504  -0.0227875424
        0.0002859486  -0.0006786229   0.0001592012  -0.0039777761  -0.0008347048
       -0.0011028317   0.0005907791   0.0000017496  -0.0000512048   0.0000597908
       -0.0000816888  -0.0000823848   0.0000965384  -0.0000165398   0.0000805036
       -0.0000417084  -0.0002002778  -0.0000207213  -0.0001038638   0.0003426981
       -0.0000023373   0.0000960637  -0.0003552310   0.0004637092  -0.0007718584
        0.0003551979  -0.0002539102  -0.0004554508  -0.0001102054   0.0000099245
        0.0001125078   0.0001129667   0.0001588620   0.0001547124   0.0000182610
        0.0000532674   0.0000081412   0.0000975874   0.0000759770   0.0001303047
        0.0000364129   0.0001501395  -0.0000884007   0.0044566230  -0.0119799566
        0.0067300132   0.0021178677   0.0002060139   0.0006920452  -0.0970573055
        0.2659991896  -0.0568269819   0.0000571249   0.0002067870  -0.0001242092
       -0.0000204779   0.0000403060  -0.0000012594   0.0000319508   0.0000201235
       -0.0000044822   0.0000194601  -0.0000258467   0.0000093987  -0.0000356361
        0.0000302619  -0.0000200682  -0.0011769369   0.0002977299   0.0004639557
        0.0000535873   0.0000307827   0.0000225557   0.0000186277   0.0000027709
        0.0000086158  -0.0000068351  -0.0000043001   0.0000139911   0.0000004236
        0.0000013086  -0.0000098298   0.0000390099   0.0000166004   0.0000173555
        0.0000585240   0.0001119833   0.0000628375
       -0.0207314446   0.0470668110  -0.0485240481   0.0076904375  -0.0198760228
        0.0036943703  -0.0000886886  -0.0001278736  -0.0047696291  -0.0003835590
       -0.0008851098   0.0005104688  -0.0000170770  -0.0000166947   0.0000605491
       -0.0000975880  -0.0000168426   0.0000363340   0.0000462695   0.0000129218
       -0.0000103249  -0.0000498155  -0.0000554985  -0.0000975450   0.0002694616
        0.0000498991   0.0000593699  -0.0002116373   0.0001438012  -0.0004069298
       -0.0001432770   0.0001766115   0.0002807350  -0.0000446766  -0.0002142252
       -0.0000769448  -0.0000400390  -0.0000458350  -0.0000279472  -0.0000118726
        0.0000036461  -0.0000165660  -0.0000923930  -0.0000189293   0.0000364927
        0.0000769293   0.0000832542  -0.0001533579  -0.0101858891   0.0280941178
       -0.0092113497  -0.0013365784   0.0021720399   0.0002927156   0.0246101754
       -0.0568269819   0.0583497488   0.0001362328   0.0000303867  -0.0001176691
       -0.0000197989   0.0000012594  -0.0000012423  -0.0000097209   0.0000142022
        0.0000115018   0.0000062565   0.0000047589   0.0000033189  -0.0000239530
       -0.0000052956  -0.0000342177   0.0005464101   0.0001948639   0.0001080156
        0.0000489698   0.0000008401  -0.0000073365   0.0000029454   0.0000097344
       -0.0000018561   0.0000076553  -0.0000003051  -0.0000068045  -0.0000053859
        0.0000026383  -0.0000007407   0.0000277297   0.0000013880   0.0000166918
        0.0000239216   0.0000264398   0.0000041971
       -0.0000249212  -0.0000980382   0.0002537368   0.0000961655   0.0003214736
        0.0002096575   0.0017690529  -0.0011076158  -0.0000872019   0.0046890162
       -0.0055640112   0.0023922141  -0.1429234412   0.1135003854  -0.0476976791
       -0.0217408266   0.0220173862  -0.0091237643  -0.0055457766  -0.0011070220
        0.0014028178   0.0000238286  -0.0006279121   0.0002569914   0.0001202694
       -0.0016424113   0.0012475597  -0.0000104712   0.0000413317  -0.0000950387
       -0.0000311100   0.0000398193   0.0000355945  -0.0000052228   0.0000064809
        0.0000207662  -0.0000519614  -0.0000118537  -0.0000098580   0.0000130648
        0.0000038544   0.0000132440  -0.0000008237  -0.0000133978  -0.0000068749
       -0.0000053688  -0.0000601131  -0.0000629722  -0.0000982308  -0.0000083193
       -0.0000134018   0.0000083825   0.0000509086  -0.0001551163  -0.0000346408
        0.0000571249   0.0001362328   0.1639497051  -0.1271317255   0.0521299411
        0.0007440302   0.0005683230  -0.0004680359  -0.0012277799   0.0011523457
       -0.0004461810  -0.0000035637  -0.0000452899  -0.0001069344   0.0002104937
       -0.0003891262   0.0001528731   0.0000047981   0.0000109701   0.0000071514
        0.0000203793  -0.0000006069   0.0000006928   0.0000080908   0.0000070377
       -0.0000010138   0.0000041686   0.0000006148  -0.0000012043   0.0000031555
       -0.0000022298   0.0000070727   0.0000161977   0.0000126737   0.0000075855
        0.0000233399   0.0000189430   0.0000011454
       -0.0000011122   0.0003414221  -0.0001763163   0.0000628457  -0.0002493724
        0.0001384262   0.0016665178   0.0005757639  -0.0018066574   0.0146800890
       -0.0211148725   0.0097625812   0.1135164703  -0.1716958680   0.0599931384
        0.0003380069   0.0008025364  -0.0003297626  -0.0004066949   0.0026994565
        0.0025864915  -0.0008379661   0.0003250580  -0.0001753356  -0.0021598300
       -0.0028775800   0.0048138744  -0.0000584995  -0.0001043725  -0.0000217447
        0.0000511150   0.0000061408  -0.0000306328   0.0000456370  -0.0000201667
       -0.0000259812   0.0000582143   0.0000015720   0.0000163860  -0.0000118113
        0.0000002300  -0.0000119727  -0.0000160199   0.0000250064   0.0000087850
       -0.0000099111   0.0000880561   0.0000328797   0.0001233564  -0.0000202972
       -0.0000731052   0.0001455268  -0.0000901417   0.0002301995  -0.0000587738
        0.0002067870   0.0000303867  -0.1271317255   0.1922991125  -0.0733079241
       -0.0007997356   0.0003883898  -0.0014800914  -0.0000436315  -0.0000033531
        0.0000888009  -0.0000719882  -0.0002785632  -0.0006826177   0.0008961956
       -0.0012362897   0.0004072559  -0.0000065645   0.0000178349   0.0000201992
        0.0000031088   0.0000026464   0.0000058386  -0.0000004764  -0.0000094389
        0.0000067267   0.0000010428  -0.0000024907   0.0000043656  -0.0000086925
        0.0000040598  -0.0000084239   0.0000089332  -0.0000145084  -0.0000020827
        0.0000263734  -0.0000667577  -0.0000136873
       -0.0000034574  -0.0000206132  -0.0002902891   0.0003618641   0.0004259448
        0.0000911256  -0.0002728417  -0.0019637927  -0.0013645984  -0.0091846488
        0.0107203731  -0.0032926770  -0.0475353740   0.0610426075  -0.0585781607
        0.0017176002  -0.0020533201   0.0005765658   0.0011385561   0.0027052566
        0.0066604160   0.0002672539  -0.0002019145  -0.0001179054   0.0016476685
        0.0045709170   0.0048797813   0.0001542757  -0.0001526597   0.0000760052
       -0.0000058123   0.0000038149   0.0000263046  -0.0000041047  -0.0000000902
       -0.0000271095  -0.0000067811   0.0000090100   0.0000059497  -0.0000134242
       -0.0000103132  -0.0000038623  -0.0000006726  -0.0000143491  -0.0000209051
       -0.0000879260   0.0000016939   0.0000123316  -0.0000827324  -0.0000761223
        0.0000245114  -0.0001845527   0.0002168371  -0.0003140165   0.0002583499
       -0.0001242092  -0.0001176691   0.0521299411  -0.0733079241   0.0556001098
        0.0001237519  -0.0015950838  -0.0020861867   0.0001302091   0.0000447354
        0.0002851634  -0.0000810903  -0.0006692701  -0.0013955355  -0.0004526497
        0.0004775301  -0.0005736619   0.0000209317  -0.0000170122  -0.0000401055
       -0.0000076933   0.0000000412  -0.0000135974  -0.0000033677  -0.0000035691
        0.0000027631  -0.0000020049   0.0000017684  -0.0000094565  -0.0000056139
        0.0000017400  -0.0000049495  -0.0000135168  -0.0000173065   0.0000005545
       -0.0000021377   0.0000052798   0.0000091039
        0.0000069194   0.0000198727   0.0002682118   0.0001449081  -0.0002747451
       -0.0002749375  -0.0007240735  -0.0011486331   0.0008590667  -0.0053621887
       -0.0001679538   0.0010934671  -0.0135503945  -0.0255264309   0.0127215797
       -0.0764771279  -0.0751591245   0.0380733372   0.0061352840   0.0147788773
       -0.0073261115  -0.0015143816   0.0031676384  -0.0009597556  -0.0003280832
        0.0004491562  -0.0002033984  -0.0001507776   0.0002029598  -0.0001154851
        0.0000165313  -0.0000504888  -0.0000645602  -0.0000293465  -0.0000620048
       -0.0000181909   0.0000468211   0.0000284598   0.0000297012  -0.0000417653
       -0.0000079165  -0.0000225189  -0.0000296711   0.0000236535   0.0000282264
       -0.0000396475   0.0000325139   0.0000533511   0.0000263763   0.0000195073
        0.0000257299  -0.0000324023  -0.0000823180  -0.0000641989  -0.0000290857
       -0.0000204779  -0.0000197989   0.0007440302  -0.0007997356   0.0001237519
        0.0901114454   0.0830345840  -0.0432390068   0.0008691610   0.0007029229
       -0.0005098688   0.0001996021   0.0008329532  -0.0004005324   0.0000043127
       -0.0000168335  -0.0000805233   0.0000098287   0.0000029551   0.0000015185
       -0.0000153319   0.0000001459   0.0000082156  -0.0000005631  -0.0000054785
        0.0000041033  -0.0000027963  -0.0000016836   0.0000040499  -0.0000120806
        0.0000012735  -0.0000046517  -0.0000028246  -0.0000079051  -0.0000076716
        0.0000273215   0.0000342562   0.0000169003
       -0.0000137210   0.0001391258   0.0001473582   0.0003602739  -0.0002038268
       -0.0002527288  -0.0005281163  -0.0004164841   0.0002083555  -0.0004039270
        0.0027219538   0.0027478075  -0.0038377637  -0.0050775990   0.0029857485
       -0.0750007800  -0.2185193719   0.0915963238  -0.0072072826  -0.0211643323
        0.0108496421   0.0037592361  -0.0014270581   0.0040631048   0.0004238489
        0.0006886996  -0.0004613842  -0.0001349066   0.0000323421  -0.0000389211
        0.0000329547  -0.0000445521  -0.0000520317  -0.0000178613  -0.0000518592
       -0.0000390318   0.0000636612   0.0000256416   0.0000311414  -0.0000403293
       -0.0000092476  -0.0000151841  -0.0000249643   0.0000327568   0.0000269100
       -0.0000256576   0.0000525148   0.0000558064   0.0000395103  -0.0000049387
        0.0000349208  -0.0000328028  -0.0000868754   0.0000046632  -0.0000215611
        0.0000403060   0.0000012594   0.0005683230   0.0003883898  -0.0015950838
        0.0830345840   0.2443284097  -0.1090060019  -0.0005795677   0.0000754004
       -0.0011961079  -0.0003637949  -0.0012372791   0.0005601319  -0.0000457693
       -0.0002704623  -0.0006759692   0.0000075959   0.0000033060   0.0000063873
       -0.0000163070   0.0000021996   0.0000092859  -0.0000007187  -0.0000093425
        0.0000060171   0.0000012749  -0.0000047565   0.0000066494  -0.0000078997
        0.0000050485  -0.0000089309  -0.0000064016  -0.0000158729  -0.0000097423
        0.0000188696   0.0000077642   0.0000096046
        0.0000369622  -0.0000579877  -0.0000848866  -0.0003139913   0.0003175652
        0.0001690139   0.0003785960  -0.0001852279  -0.0002780799   0.0010981352
        0.0024721571   0.0069764762   0.0028753460   0.0045173276  -0.0014528056
        0.0379582454   0.0915417636  -0.0799815193   0.0029873728   0.0094831516
       -0.0038903850  -0.0011557158   0.0041306143   0.0060029183  -0.0003435661
       -0.0003011716  -0.0000404808   0.0001123466  -0.0000216457   0.0000096520
       -0.0000322079   0.0000201291   0.0000420022   0.0000273417   0.0000273777
        0.0000127310  -0.0000298524  -0.0000079322  -0.0000097672   0.0000127675
        0.0000010053   0.0000158793   0.0000256969  -0.0000149440  -0.0000220631
       -0.0000103517  -0.0000252583  -0.0000207675   0.0000020046   0.0000039178
       -0.0000094408  -0.0000349261   0.0000408965   0.0000217940  -0.0000016623
       -0.0000012594  -0.0000012423  -0.0004680359  -0.0014800914  -0.0020861867
       -0.0432390068  -0.1090060019   0.0783298827   0.0000607492  -0.0012958825
       -0.0019674069   0.0001565625   0.0005238712  -0.0002993480  -0.0000950984
       -0.0006873873  -0.0014286511  -0.0000049870   0.0000044680  -0.0000117185
        0.0000070741   0.0000018514  -0.0000097964   0.0000008878   0.0000034870
        0.0000031634  -0.0000025723   0.0000023458  -0.0000075348   0.0000011107
        0.0000007970   0.0000037449   0.0000032598  -0.0000016124   0.0000126466
       -0.0000124851  -0.0000063242   0.0000021762
       -0.0000562425   0.0001332344   0.0001678685   0.0005115622  -0.0001883426
       -0.0002958826  -0.0001621864   0.0000068136   0.0000070112   0.0010601154
        0.0002593378  -0.0001424989  -0.0014945858   0.0035288587  -0.0011569933
       -0.0226032709  -0.0008341505   0.0017722491  -0.2923075364  -0.0283118993
        0.0292655868  -0.0140882450  -0.0030365638   0.0023104861   0.0002672460
       -0.0022540508   0.0014528245  -0.0001247311  -0.0000313823   0.0000063836
        0.0000438513  -0.0000503421  -0.0000557781  -0.0000288487  -0.0000484545
       -0.0000417284   0.0000621157   0.0000289497   0.0000278417  -0.0000528928
       -0.0000114654  -0.0000234296  -0.0000302338   0.0000327865   0.0000303193
       -0.0000270555   0.0000512019   0.0000563546   0.0000002424  -0.0000192459
        0.0000439452  -0.0000205348  -0.0000369780  -0.0000824384   0.0000273882
        0.0000319508  -0.0000097209  -0.0012277799  -0.0000436315   0.0001302091
        0.0008691610  -0.0005795677   0.0000607492   0.3292238068   0.0310201324
       -0.0332281603   0.0009339406   0.0004412772  -0.0004308780  -0.0007800912
       -0.0001112899   0.0001161215   0.0000143042   0.0000032345   0.0000035325
       -0.0000136379   0.0000056232   0.0000076263  -0.0000006010  -0.0000051840
        0.0000049133  -0.0000000517   0.0000035814   0.0000067474  -0.0000096594
        0.0000063552  -0.0000056907  -0.0000070816  -0.0000098406  -0.0000101238
        0.0000215324   0.0000190517   0.0000125534
        0.0000104547   0.0000827338  -0.0000011024   0.0002255593  -0.0000649055
       -0.0000618014  -0.0001160318  -0.0002694147  -0.0006702963   0.0001506895
       -0.0003771767   0.0003476263   0.0031615129  -0.0013478996   0.0039414184
        0.0212714713   0.0017206629  -0.0021889608  -0.0283535328  -0.0450455557
        0.0079636815  -0.0252396480  -0.0040127918   0.0034265421  -0.0017832063
       -0.0026811482   0.0047648708  -0.0000141830  -0.0000368451   0.0000109701
        0.0000112681  -0.0000047512  -0.0000092674  -0.0000101303  -0.0000043833
       -0.0000202559   0.0000092355   0.0000065904   0.0000102105  -0.0000038001
        0.0000026800   0.0000011729  -0.0000084332   0.0000118436   0.0000047602
       -0.0000090304   0.0000122248   0.0000079477   0.0000125418  -0.0000033106
       -0.0000036619  -0.0000128793  -0.0000360375   0.0000314040  -0.0000159898
        0.0000201235   0.0000142022   0.0011523457  -0.0000033531   0.0000447354
        0.0007029229   0.0000754004  -0.0012958825   0.0310201324   0.0520931971
       -0.0154212839  -0.0008447234   0.0001593976  -0.0012298464  -0.0013240347
       -0.0002931801   0.0003271966   0.0000009866   0.0000009569   0.0000018124
       -0.0000061042   0.0000052710  -0.0000005600  -0.0000014560  -0.0000002106
        0.0000013057   0.0000039910  -0.0000010989  -0.0000000750   0.0000003210
        0.0000011834  -0.0000052838  -0.0000033703  -0.0000047184  -0.0000026875
        0.0000131208  -0.0000054845   0.0000111084
        0.0000235511   0.0000442136   0.0000028552   0.0003090895   0.0000595730
       -0.0000989350  -0.0001471855  -0.0009027479  -0.0012816514  -0.0003273487
        0.0006167856   0.0001856241  -0.0006485068   0.0039050718   0.0055987387
       -0.0088463683  -0.0006273742   0.0006870345   0.0292298434   0.0078771098
       -0.0373389274   0.0125893382   0.0020248513  -0.0018521521   0.0011935505
        0.0047019819   0.0050031772   0.0000398154  -0.0001009877   0.0000364042
        0.0000091645   0.0000019304   0.0000140100   0.0000012524   0.0000064011
       -0.0000116731  -0.0000010600   0.0000016425   0.0000005431   0.0000048414
       -0.0000011072   0.0000009914   0.0000110035   0.0000024766  -0.0000110064
       -0.0000209003  -0.0000018672   0.0000073026  -0.0000145958  -0.0000083566
       -0.0000112730  -0.0000294184   0.0000287575  -0.0000084685   0.0000140815
       -0.0000044822   0.0000115018  -0.0004461810   0.0000888009   0.0002851634
       -0.0005098688  -0.0011961079  -0.0019674069  -0.0332281603  -0.0154212839
        0.0325301707   0.0001637715  -0.0013220523  -0.0019000864   0.0006373196
        0.0002312752   0.0001239248   0.0000018099  -0.0000052665   0.0000017552
        0.0000011794  -0.0000002780   0.0000004961  -0.0000003399  -0.0000008123
       -0.0000024086  -0.0000007160  -0.0000013331  -0.0000031047  -0.0000060172
       -0.0000009350   0.0000013999  -0.0000011860  -0.0000003974  -0.0000030387
       -0.0000017588   0.0000045183  -0.0000009607
       -0.0000399045   0.0001915083   0.0001160374   0.0000248625  -0.0002117382
       -0.0003048377  -0.0010326487   0.0014487491  -0.0003608965  -0.0052894117
       -0.0011361129   0.0010119245   0.0000355768  -0.0006943125   0.0003141202
        0.0003734183  -0.0017811711   0.0012913041   0.0057357062  -0.0061060669
        0.0025477147  -0.1414946281   0.1138001160  -0.0467386219  -0.0224278141
        0.0220092504  -0.0088726280  -0.0001582216  -0.0001371956   0.0002097048
        0.0000305165  -0.0000710071  -0.0000618430  -0.0000437441  -0.0000452190
       -0.0000708109   0.0000617689   0.0000370019   0.0000336876  -0.0000461148
       -0.0000149267  -0.0000216031  -0.0000404714   0.0000380777   0.0000274511
       -0.0000504332   0.0000504001   0.0000646331  -0.0000023525  -0.0000141540
        0.0000223837  -0.0000268096  -0.0000542742  -0.0000835859   0.0000174567
        0.0000194601   0.0000062565  -0.0000035637  -0.0000719882  -0.0000810903
        0.0001996021  -0.0003637949   0.0001565625   0.0009339406  -0.0008447234
        0.0001637715   0.1624641747  -0.1266485836   0.0510448108   0.0007747975
        0.0005798714  -0.0004355941   0.0000170390  -0.0000012296   0.0000053098
       -0.0000203166   0.0000067656   0.0000060303  -0.0000051963  -0.0000099258
        0.0000032327  -0.0000002062   0.0000002029   0.0000053588  -0.0000083523
        0.0000040383  -0.0000076718  -0.0000101819  -0.0000124714  -0.0000138080
        0.0000315115   0.0000334534   0.0000226970
        0.0000373435  -0.0000621279  -0.0001017061  -0.0002986336   0.0000471614
        0.0002431506   0.0002443827   0.0000382524  -0.0001116909  -0.0007692415
        0.0026528203   0.0026728374  -0.0007325927   0.0003017108  -0.0002157104
       -0.0023214513  -0.0027421546   0.0050546964   0.0158612581  -0.0209945923
        0.0092054773   0.1137452845  -0.1745051271   0.0589271135   0.0004186175
        0.0009821084  -0.0001128220   0.0000666800   0.0000281660  -0.0000073522
       -0.0000287936   0.0000320086   0.0000349011   0.0000002980   0.0000331310
        0.0000227561  -0.0000491286  -0.0000186075  -0.0000125342   0.0000318440
        0.0000103463   0.0000159342   0.0000107444  -0.0000176684  -0.0000203333
        0.0000201766  -0.0000320705  -0.0000384266   0.0000112908   0.0000027379
       -0.0000414999  -0.0000126702  -0.0000203786   0.0000466532  -0.0000284669
       -0.0000258467   0.0000047589  -0.0000452899  -0.0002785632  -0.0006692701
        0.0008329532  -0.0012372791   0.0005238712   0.0004412772   0.0001593976
       -0.0013220523  -0.1266485836   0.1952732705  -0.0726038005  -0.0008048025
        0.0003907760  -0.0014875270  -0.0000049062  -0.0000109862   0.0000013816
        0.0000064490  -0.0000055564  -0.0000022238   0.0000004756   0.0000057073
       -0.0000061667   0.0000070229  -0.0000054005  -0.0000032539   0.0000072991
       -0.0000041318   0.0000030563   0.0000017683   0.0000107635   0.0000012375
       -0.0000006048  -0.0000078671  -0.0000014555
        0.0000010928   0.0000351416  -0.0000010875   0.0002165909  -0.0001391028
       -0.0001194848  -0.0003404767  -0.0000675985   0.0001002053   0.0013112787
        0.0030901402   0.0069402211   0.0002935474  -0.0003525756  -0.0000161599
        0.0015461461   0.0049524973   0.0053329355  -0.0077838773   0.0104753024
       -0.0036544034  -0.0466554264   0.0589930741  -0.0593475406   0.0012177931
       -0.0014788876   0.0012796787  -0.0000798715  -0.0000149605  -0.0000188472
        0.0000174411  -0.0000162633  -0.0000111396  -0.0000178510  -0.0000108562
       -0.0000109716   0.0000199933   0.0000048351   0.0000042046   0.0000026119
        0.0000015106  -0.0000076444  -0.0000084062   0.0000097336   0.0000114469
        0.0000052717   0.0000162953   0.0000244136   0.0000040193  -0.0000082099
       -0.0000127835  -0.0000174437   0.0000076167  -0.0000257933   0.0000076293
        0.0000093987   0.0000033189  -0.0001069344  -0.0006826177  -0.0013955355
       -0.0004005324   0.0005601319  -0.0002993480  -0.0004308780  -0.0012298464
       -0.0019000864   0.0510448108  -0.0726038005   0.0552721474   0.0001604767
       -0.0015522676  -0.0021560810   0.0000069573  -0.0000054432   0.0000090862
       -0.0000031472   0.0000034073   0.0000086684  -0.0000015226  -0.0000017727
       -0.0000014310   0.0000021578   0.0000000867   0.0000045337  -0.0000090840
       -0.0000026030   0.0000027729  -0.0000045013   0.0000017616  -0.0000111643
        0.0000021345   0.0000058722  -0.0000041310
       -0.0000117880   0.0000628795  -0.0000282148   0.0000383769   0.0003955298
        0.0003252604   0.0014625773   0.0000880716  -0.0006012260   0.0061936911
        0.0145375163  -0.0070664498  -0.0018272498   0.0028933529  -0.0007831477
       -0.0003446419   0.0004227004  -0.0001706083  -0.0056446990  -0.0002244171
        0.0009291139  -0.0128745236  -0.0252854671   0.0127345280  -0.0783872274
       -0.0774015454   0.0390535923   0.0000704104  -0.0001102865   0.0000589443
       -0.0000314308   0.0000260151   0.0000445362   0.0000228157   0.0000260121
       -0.0000004376  -0.0000317082  -0.0000163392  -0.0000194655   0.0000230965
       -0.0000020378   0.0000098069  -0.0000071068  -0.0000371081  -0.0000211917
       -0.0000585521  -0.0000184611   0.0000333359  -0.0000261684  -0.0000001492
        0.0000025385  -0.0000032678  -0.0000480591  -0.0000641738  -0.0000067295
       -0.0000356361  -0.0000239530   0.0002104937   0.0008961956  -0.0004526497
        0.0000043127  -0.0000457693  -0.0000950984  -0.0007800912  -0.0013240347
        0.0006373196   0.0007747975  -0.0008048025   0.0001604767   0.0911737747
        0.0860298910  -0.0445792153   0.0000148128  -0.0000069175  -0.0000093278
        0.0000152604   0.0000001666  -0.0000080355  -0.0000001411  -0.0000014691
       -0.0000008000   0.0000085977   0.0000001868  -0.0000020629   0.0000117837
       -0.0000049458   0.0000024836   0.0000101866  -0.0000036924   0.0000026132
        0.0000003380  -0.0000073797  -0.0000684914
        0.0000284216   0.0000199437   0.0000274548   0.0003333763  -0.0003178273
        0.0000653746  -0.0016720908   0.0008034354  -0.0015621272  -0.0066012887
       -0.0214367152   0.0109799837   0.0033663229  -0.0016000786   0.0037825263
        0.0007075664   0.0005635877  -0.0003887795  -0.0009409219   0.0027850680
        0.0025140980  -0.0035763147  -0.0051710866   0.0026601078  -0.0774979478
       -0.2192333172   0.0918079792  -0.0000809212   0.0000192510   0.0000171785
       -0.0000167038   0.0000251219   0.0000100519  -0.0000554308   0.0000203611
        0.0000134947  -0.0000623864   0.0000006347   0.0000193326   0.0000084932
        0.0000076385   0.0000121946   0.0000002238  -0.0000000117  -0.0000054695
        0.0000181465  -0.0000424246  -0.0000816269   0.0000736458   0.0000285131
       -0.0000695328  -0.0000940198  -0.0001273150   0.0001176676  -0.0000954997
        0.0000302619  -0.0000052956  -0.0003891262  -0.0012362897   0.0004775301
       -0.0000168335  -0.0002704623  -0.0006873873  -0.0001112899  -0.0002931801
        0.0002312752   0.0005798714   0.0003907760  -0.0015522676   0.0860298910
        0.2450336397  -0.1084642295  -0.0000053244  -0.0000201693  -0.0000079944
       -0.0000012344  -0.0000074822  -0.0000055579   0.0000019123   0.0000066083
        0.0000004121   0.0000055470  -0.0000050238  -0.0000024909   0.0000062018
       -0.0000093674   0.0000050990  -0.0000066842   0.0000014092   0.0000058148
        0.0000643981   0.0000345006   0.0000851834
        0.0000275098  -0.0000735643   0.0000677060   0.0006174164   0.0002645505
       -0.0000577731  -0.0005837843  -0.0021999145  -0.0017685982   0.0039372485
        0.0101550797  -0.0030660430  -0.0013246846   0.0038870083   0.0055340210
        0.0000021977  -0.0004348967   0.0000168113   0.0010981003   0.0027970462
        0.0067633267   0.0022409197   0.0035820088  -0.0019987501   0.0387488169
        0.0920210173  -0.0778433363   0.0000799133  -0.0001114176  -0.0000129649
        0.0000379519  -0.0000256995  -0.0000183644   0.0000128139   0.0000006747
       -0.0000228948   0.0000291998  -0.0000002707  -0.0000110926   0.0000123230
       -0.0000049977  -0.0000117908   0.0000013576  -0.0000049645  -0.0000122282
       -0.0000555082   0.0000403303   0.0000945075   0.0000056661  -0.0000219484
        0.0000082813  -0.0000440470   0.0000544310  -0.0000378587   0.0000264355
       -0.0000200682  -0.0000342177   0.0001528731   0.0004072559  -0.0005736619
       -0.0000805233  -0.0006759692  -0.0014286511   0.0001161215   0.0003271966
        0.0001239248  -0.0004355941  -0.0014875270  -0.0021560810  -0.0445792153
       -0.1084642295   0.0765179175   0.0000131883  -0.0000092175   0.0000053139
       -0.0000021105  -0.0000003035   0.0000037474  -0.0000041684  -0.0000059319
       -0.0000056916   0.0000054083  -0.0000025210   0.0000000272  -0.0000070176
       -0.0000011759  -0.0000029402  -0.0000127594  -0.0000028835  -0.0000197398
       -0.0000360485   0.0000109020  -0.0000529062
       -0.0017179217  -0.0003046563  -0.0001738947   0.0009897107   0.0010593478
        0.0006241742   0.0001925949  -0.0002964104  -0.0003986255   0.0000421801
        0.0000132673   0.0000445779   0.0000133542  -0.0000185850  -0.0000502061
       -0.0000455656  -0.0000091107   0.0000046063  -0.0000013318  -0.0000181961
        0.0000094986  -0.0000007043   0.0000030032  -0.0000025921   0.0000012589
        0.0000289161  -0.0000252148   0.0047546762   0.0147600462   0.0128707016
       -0.0522162681  -0.0373289262  -0.0313494562  -0.0084023931  -0.0215941558
       -0.0186160330  -0.0050612636  -0.0019636569  -0.0001904490  -0.0003740570
       -0.0010417945  -0.0008805118  -0.0004469552   0.0001140801   0.0001355959
       -0.0029140303   0.0018001657   0.0029163678  -0.0017179119   0.0006398728
       -0.0011287139   0.0000046401   0.0000050190   0.0000395463  -0.0015004622
       -0.0011769369   0.0005464101   0.0000047981  -0.0000065645   0.0000209317
        0.0000098287   0.0000075959  -0.0000049870   0.0000143042   0.0000009866
        0.0000018099   0.0000170390  -0.0000049062   0.0000069573   0.0000148128
       -0.0000053244   0.0000131883   0.0677707215   0.0450320687   0.0359070370
        0.0006406147  -0.0005484402  -0.0009296019  -0.0002654145  -0.0000805713
       -0.0000718054   0.0001567871   0.0000087439  -0.0000436428  -0.0000896020
       -0.0000570023   0.0000109665  -0.0000354174   0.0000957680  -0.0001113320
        0.0001619772   0.0008863563   0.0008246970
       -0.0008888475   0.0006305414  -0.0001791487  -0.0004244353  -0.0013679027
        0.0009238667   0.0000588253   0.0000400961   0.0004036776  -0.0004298929
        0.0001033750  -0.0001181002   0.0000748490   0.0000227915  -0.0000121709
       -0.0000265813   0.0000103706  -0.0000072659   0.0000024699   0.0000172453
       -0.0000067727  -0.0000576841   0.0000115129   0.0000120426   0.0000170254
       -0.0000222496   0.0000353375  -0.0016998948  -0.0118981054  -0.0110781964
       -0.0376085102  -0.1801435724  -0.1282639157  -0.0039535783  -0.0074580354
       -0.0076752679  -0.0024467599   0.0040045046  -0.0037998244   0.0000215522
       -0.0005560490  -0.0002120737   0.0001264887   0.0003635032   0.0005665859
        0.0023313289   0.0023322379  -0.0048159557   0.0003129158   0.0000869455
        0.0004746534  -0.0002338886  -0.0000114222   0.0002026721  -0.0006649820
        0.0002977299   0.0001948639   0.0000109701   0.0000178349  -0.0000170122
        0.0000029551   0.0000033060   0.0000044680   0.0000032345   0.0000009569
       -0.0000052665  -0.0000012296  -0.0000109862  -0.0000054432  -0.0000069175
       -0.0000201693  -0.0000092175   0.0450320687   0.1955641578   0.1512521514
        0.0007654326  -0.0006807793   0.0018863143  -0.0000928418  -0.0000572996
       -0.0000322227   0.0000260460   0.0000157532   0.0000298451  -0.0000149306
        0.0000265545   0.0000116858   0.0000837387  -0.0007673368   0.0009192918
       -0.0003189266  -0.0005555095  -0.0006796019
       -0.0008049814  -0.0003149305   0.0005749963  -0.0010749584   0.0007596511
       -0.0017077862   0.0002346529   0.0004269695  -0.0000708953  -0.0004258081
       -0.0002986324   0.0001806127   0.0000083880   0.0000369556   0.0000022415
       -0.0000426953  -0.0000150398   0.0000072477   0.0000200192   0.0000261364
       -0.0000078097  -0.0000530290  -0.0000324657   0.0000098064   0.0001279925
       -0.0000094680   0.0000166144  -0.0014854487  -0.0129325988  -0.0112890959
       -0.0318781545  -0.1281871046  -0.1463305781  -0.0025026374  -0.0055730701
       -0.0033038487  -0.0005334755  -0.0038377839   0.0050495939  -0.0000732831
       -0.0000503486  -0.0003307200   0.0001696495   0.0005667663   0.0002360195
        0.0032533080  -0.0047765447   0.0025168626  -0.0007015822   0.0001991655
        0.0003317084  -0.0002266365   0.0001627696   0.0000317967   0.0002427891
        0.0004639557   0.0001080156   0.0000071514   0.0000201992  -0.0000401055
        0.0000015185   0.0000063873  -0.0000117185   0.0000035325   0.0000018124
        0.0000017552   0.0000053098   0.0000013816   0.0000090862  -0.0000093278
       -0.0000079944   0.0000053139   0.0359070370   0.1512521514   0.1564851200
        0.0002760690   0.0020573512  -0.0010389815  -0.0000529554   0.0000001622
       -0.0000229259  -0.0000018239   0.0000026106   0.0000077277  -0.0000340593
       -0.0000685074  -0.0000361540  -0.0001382363   0.0009212443  -0.0009154694
       -0.0002183247  -0.0008011811  -0.0004684300
       -0.0000939302  -0.0000623724  -0.0000687105  -0.0002758055   0.0009402675
        0.0009470642  -0.0007825725  -0.0001296630   0.0000016009   0.0001715403
        0.0000356814  -0.0000047956  -0.0001281792  -0.0000104171   0.0000378819
        0.0000296790  -0.0000019763   0.0000028815  -0.0000162565  -0.0000064502
        0.0000027539   0.0000337632   0.0000092952   0.0000003310  -0.0001341702
       -0.0000167632  -0.0000063124  -0.0049795455  -0.0027396867  -0.0009616732
       -0.0252112806   0.0128848291   0.0149327851  -0.1748466300   0.0836965254
        0.0944182858   0.0025209128  -0.0008902293  -0.0009605043   0.0011318203
       -0.0009530876  -0.0014763603   0.0006805953  -0.0013402117  -0.0003516809
        0.0002508328  -0.0004446271  -0.0004591555  -0.0000070685   0.0000411531
        0.0000679579  -0.0000046976  -0.0000169505  -0.0000186689  -0.0000055651
        0.0000535873   0.0000489698   0.0000203793   0.0000031088  -0.0000076933
       -0.0000153319  -0.0000163070   0.0000070741  -0.0000136379  -0.0000061042
        0.0000011794  -0.0000203166   0.0000064490  -0.0000031472   0.0000152604
       -0.0000012344  -0.0000021105   0.0006406147   0.0007654326   0.0002760690
        0.2009153304  -0.0913979092  -0.1060360260  -0.0001419320  -0.0000254935
        0.0000327244   0.0002335932  -0.0003409769  -0.0000362696  -0.0000767672
        0.0000104319  -0.0000376383   0.0001268529  -0.0001116873  -0.0001880490
       -0.0000174879   0.0000653860  -0.0001587634
       -0.0000023680   0.0000087429   0.0000140946  -0.0003353803   0.0001546924
       -0.0000240996   0.0000051452   0.0000321946   0.0000877593  -0.0001201481
       -0.0000553516   0.0000425936   0.0000205099   0.0000012670  -0.0000182941
       -0.0000188437  -0.0000030611  -0.0000012142  -0.0000043224   0.0000014926
        0.0000037929  -0.0000161617   0.0000106587  -0.0000001177   0.0000429513
        0.0000031993   0.0000142384  -0.0021309154   0.0039350253  -0.0036643024
       -0.0046374390   0.0033161781   0.0032174170   0.0838802131  -0.0943399758
       -0.0654098243   0.0157796959  -0.0115024223  -0.0136167858   0.0014693488
       -0.0003838007   0.0013316528  -0.0016407143   0.0000531925  -0.0066830158
       -0.0005876517  -0.0001209022   0.0001464201   0.0000068831   0.0000109827
        0.0000220597   0.0000073237   0.0000139159  -0.0000006654   0.0000062448
        0.0000307827   0.0000008401  -0.0000006069   0.0000026464   0.0000000412
        0.0000001459   0.0000021996   0.0000018514   0.0000056232   0.0000052710
       -0.0000002780   0.0000067656  -0.0000055564   0.0000034073   0.0000001666
       -0.0000074822  -0.0000003035  -0.0005484402  -0.0006807793   0.0020573512
       -0.0913979092   0.1009624806   0.0818180493  -0.0000833351   0.0001515951
        0.0000627471  -0.0010308711  -0.0002150574   0.0001906278   0.0003370713
        0.0000799412   0.0001922510   0.0009376499  -0.0007105348  -0.0006614846
        0.0000493690  -0.0007515350   0.0008731906
        0.0000079333   0.0000042193   0.0000202366  -0.0003454715  -0.0001785965
        0.0000810474   0.0001726148   0.0000636140  -0.0000412527  -0.0001833281
       -0.0000046032  -0.0000326879   0.0000493560   0.0000138524  -0.0000289264
       -0.0000224757  -0.0000014332   0.0000137577   0.0000068542   0.0000074978
        0.0000020790  -0.0000186006  -0.0000045836   0.0000133845   0.0000406847
        0.0000023005   0.0000038457  -0.0001750050  -0.0035725874   0.0049216601
       -0.0012496076   0.0009972489   0.0014652677   0.0947038194  -0.0652515817
       -0.1055351428   0.0146703864  -0.0115291785  -0.0113266261   0.0004548324
        0.0018922923  -0.0008367280  -0.0007750957  -0.0066611141   0.0015550868
       -0.0005210119   0.0001771038   0.0000289572   0.0000089685  -0.0000017459
        0.0000338637   0.0000064119   0.0000018758   0.0000167135  -0.0000058792
        0.0000225557  -0.0000073365   0.0000006928   0.0000058386  -0.0000135974
        0.0000082156   0.0000092859  -0.0000097964   0.0000076263  -0.0000005600
        0.0000004961   0.0000060303  -0.0000022238   0.0000086684  -0.0000080355
       -0.0000055579   0.0000037474  -0.0009296019   0.0018863143  -0.0010389815
       -0.1060360260   0.0818180493   0.1120520007   0.0002527352   0.0003463787
        0.0001773607  -0.0005379726  -0.0002595176   0.0002336453  -0.0002063187
       -0.0001142709  -0.0001676155   0.0007743091  -0.0005327851  -0.0007174783
       -0.0001570409   0.0008719122  -0.0008756492
       -0.0000362912  -0.0000120227  -0.0000325276   0.0003166085  -0.0000317028
        0.0001817718  -0.0001190018   0.0000414480   0.0000332781   0.0000508946
        0.0000086907  -0.0000232995  -0.0000311937   0.0000026348   0.0000169295
        0.0000122430  -0.0000014048   0.0000018377  -0.0000047463   0.0000042286
       -0.0000027081   0.0000058445   0.0000054629  -0.0000007942  -0.0000334252
       -0.0000145394   0.0000052976   0.0000129656  -0.0002986528  -0.0002396648
       -0.0006529753   0.0000213968  -0.0014870520  -0.0040995131  -0.0012568384
        0.0002012972  -0.0062237391  -0.0301228477  -0.0022432913  -0.0421801346
       -0.0152939276   0.0020248594  -0.0001218085  -0.0010624078  -0.0010027143
        0.0005369844   0.0005167471  -0.0002975134  -0.0000015657  -0.0000116779
        0.0000140420  -0.0000108671   0.0000028963   0.0000073747   0.0000177288
        0.0000186277   0.0000029454   0.0000080908  -0.0000004764  -0.0000033677
       -0.0000005631  -0.0000007187   0.0000008878  -0.0000006010  -0.0000014560
       -0.0000003399  -0.0000051963   0.0000004756  -0.0000015226  -0.0000001411
        0.0000019123  -0.0000041684  -0.0002654145  -0.0000928418  -0.0000529554
       -0.0001419320  -0.0000833351   0.0002527352   0.0509355108   0.0184750301
        0.0007811498   0.0006911471   0.0187000314   0.0017432166   0.0015506397
        0.0103516852  -0.0005133332  -0.0003162705   0.0001160635   0.0006271041
        0.0001067222   0.0000175187   0.0000105253
       -0.0000471357   0.0000216322  -0.0000142347   0.0002561822  -0.0000245658
        0.0001748784  -0.0001137249  -0.0000094640   0.0000260743   0.0000670595
        0.0000190283  -0.0000313701  -0.0000376620   0.0000010993   0.0000196451
        0.0000126005   0.0000060093  -0.0000019964   0.0000003062   0.0000075637
       -0.0000004376   0.0000106465   0.0000063070   0.0000043876  -0.0000430579
       -0.0000163472  -0.0000009563   0.0000341432   0.0002582675   0.0002479967
        0.0000933282   0.0002002709  -0.0006473889  -0.0018749178  -0.0005440208
        0.0002031354  -0.0066361866  -0.0115512677  -0.0022441665  -0.0138687094
       -0.2809866622  -0.0095843934   0.0018507546   0.0006497088  -0.0004126258
       -0.0001964176  -0.0000005210  -0.0005808240   0.0000105818  -0.0000075206
       -0.0000065143  -0.0000318602   0.0000014781  -0.0000026225   0.0000235918
        0.0000027709   0.0000097344   0.0000070377  -0.0000094389  -0.0000035691
       -0.0000054785  -0.0000093425   0.0000034870  -0.0000051840  -0.0000002106
       -0.0000008123  -0.0000099258   0.0000057073  -0.0000017727  -0.0000014691
        0.0000066083  -0.0000059319  -0.0000805713  -0.0000572996   0.0000001622
       -0.0000254935   0.0001515951   0.0003463787   0.0184750301   0.3246097379
        0.0115983662   0.0013363885  -0.0152165194  -0.0025669489   0.0009300142
       -0.0177668886   0.0028853551  -0.0002216522   0.0002055981   0.0005492169
        0.0000917815   0.0000466863   0.0000377473
       -0.0000054408   0.0000146625   0.0000154073  -0.0003112403  -0.0001181152
        0.0000813425   0.0001520400  -0.0000401428  -0.0000566138  -0.0000758469
        0.0000005945  -0.0000097129   0.0000223780  -0.0000105284  -0.0000269282
       -0.0000011156   0.0000019557   0.0000120221  -0.0000040725  -0.0000031417
        0.0000033465  -0.0000034053   0.0000080892   0.0000094800   0.0000170022
       -0.0000025860  -0.0000089714   0.0003171008   0.0000640330   0.0000123944
       -0.0006444110  -0.0000889679  -0.0003358158  -0.0009714588  -0.0002415166
        0.0003295026  -0.0039332063  -0.0062907239  -0.0006804595   0.0029013044
       -0.0097417523  -0.0419524616   0.0010484082   0.0002647035   0.0004643619
       -0.0002106043  -0.0000342574  -0.0003686116   0.0000043071  -0.0000037868
       -0.0000059429   0.0000045122   0.0000005767   0.0000035646   0.0000062652
        0.0000086158  -0.0000018561  -0.0000010138   0.0000067267   0.0000027631
        0.0000041033   0.0000060171   0.0000031634   0.0000049133   0.0000013057
       -0.0000024086   0.0000032327  -0.0000061667  -0.0000014310  -0.0000008000
        0.0000004121  -0.0000056916  -0.0000718054  -0.0000322227  -0.0000229259
        0.0000327244   0.0000627471   0.0001773607   0.0007811498   0.0115983662
        0.0460697826   0.0004293478  -0.0257050633  -0.0022840420   0.0000229723
        0.0304229904  -0.0013621953   0.0004683780  -0.0001498566  -0.0000550805
        0.0000142816   0.0000070322  -0.0000033432
       -0.0000336009  -0.0000365797  -0.0000544610   0.0001803004   0.0000317961
        0.0001487033  -0.0001000843  -0.0000778817  -0.0000737638   0.0001296394
        0.0000225654  -0.0000148308  -0.0000416425  -0.0000092145   0.0000098137
        0.0000082407   0.0000035589   0.0000004624  -0.0000076270  -0.0000001448
        0.0000003500   0.0000141923   0.0000070627   0.0000016047  -0.0000459095
        0.0000008298  -0.0000101263   0.0002039542   0.0000143565   0.0000173442
        0.0001947439   0.0004465465   0.0000394387   0.0008112773   0.0016169250
        0.0011484153  -0.0230522629   0.0092142307   0.0215177859  -0.1217630655
        0.0475995482   0.1033625307  -0.0056913792  -0.0022766454  -0.0005978868
       -0.0011652906   0.0009800878   0.0003769322  -0.0000127160   0.0000089213
       -0.0000153294  -0.0000044169   0.0000039530  -0.0000057633  -0.0000039726
       -0.0000068351   0.0000076553   0.0000041686   0.0000010428  -0.0000020049
       -0.0000027963   0.0000012749  -0.0000025723  -0.0000000517   0.0000039910
       -0.0000007160  -0.0000002062   0.0000070229   0.0000021578   0.0000085977
        0.0000055470   0.0000054083   0.0001567871   0.0000260460  -0.0000018239
        0.0002335932  -0.0010308711  -0.0005379726   0.0006911471   0.0013363885
        0.0004293478   0.1439617002  -0.0547647885  -0.1198346677   0.0056162521
       -0.0026950504  -0.0056660851   0.0000790893  -0.0003555087  -0.0002027406
       -0.0003686614  -0.0000781752  -0.0000472057
        0.0000041593  -0.0000108250  -0.0000109063   0.0001525096   0.0000233047
       -0.0000002005  -0.0000498181   0.0000325704   0.0000198176   0.0000127106
       -0.0000096706  -0.0000017691  -0.0000044216  -0.0000025424  -0.0000015900
       -0.0000007664  -0.0000029923  -0.0000003391  -0.0000053297  -0.0000036844
        0.0000033948   0.0000029367   0.0000080570  -0.0000003762  -0.0000032112
       -0.0000019228  -0.0000000265  -0.0001247439  -0.0000177487   0.0000042230
        0.0002197117  -0.0000461300   0.0000224356  -0.0014471826   0.0004722549
        0.0007753173  -0.0018053835   0.0027709756   0.0052038024   0.0472178055
       -0.0738824314  -0.0621650728  -0.0014511165   0.0003100568  -0.0006116096
       -0.0000836917   0.0004337248   0.0000340297  -0.0000028320   0.0000049141
        0.0000014053   0.0000075147  -0.0000006049  -0.0000007843  -0.0000061659
       -0.0000043001  -0.0000003051   0.0000006148  -0.0000024907   0.0000017684
       -0.0000016836  -0.0000047565   0.0000023458   0.0000035814  -0.0000010989
       -0.0000013331   0.0000002029  -0.0000054005   0.0000000867   0.0000001868
       -0.0000050238  -0.0000025210   0.0000087439   0.0000157532   0.0000026106
       -0.0003409769  -0.0002150574  -0.0002595176   0.0187000314  -0.0152165194
       -0.0257050633  -0.0547647885   0.0809216355   0.0731633754  -0.0060259405
        0.0044949311   0.0093368036  -0.0001581093   0.0000213924   0.0001359490
       -0.0000545472  -0.0000763708   0.0000540493
        0.0000316198   0.0000100078   0.0000139304  -0.0002014387  -0.0000052698
       -0.0000502663   0.0001099372   0.0000212335   0.0000102686  -0.0000880772
       -0.0000255691  -0.0000043108   0.0000185769  -0.0000033112  -0.0000297425
       -0.0000072775  -0.0000022129   0.0000125437  -0.0000004381   0.0000003314
        0.0000034016  -0.0000004842   0.0000031069   0.0000139104   0.0000261683
        0.0000018994  -0.0000047078  -0.0000856997   0.0002172276   0.0002473852
        0.0002366220  -0.0001372567  -0.0000258536  -0.0016784451   0.0001355491
        0.0005011001   0.0005894536   0.0009611210   0.0024598483   0.1040400944
       -0.0619687223  -0.1759581863  -0.0002097104  -0.0004772849   0.0004012212
       -0.0004204228  -0.0001956252   0.0000538425  -0.0000033194  -0.0000009380
        0.0000101458   0.0000200470   0.0000066400   0.0000025811  -0.0000019170
        0.0000139911  -0.0000068045  -0.0000012043   0.0000043656  -0.0000094565
        0.0000040499   0.0000066494  -0.0000075348   0.0000067474  -0.0000000750
       -0.0000031047   0.0000053588  -0.0000032539   0.0000045337  -0.0000020629
       -0.0000024909   0.0000000272  -0.0000436428   0.0000298451   0.0000077277
       -0.0000362696   0.0001906278   0.0002336453   0.0017432166  -0.0025669489
       -0.0022840420  -0.1198346677   0.0731633754   0.2016061560   0.0159921805
       -0.0095733779  -0.0272656137  -0.0001579770   0.0001499035   0.0001300617
       -0.0000510180   0.0000464621  -0.0000627068
       -0.0000440765  -0.0000660260  -0.0000322603   0.0004888276   0.0003684433
       -0.0001549653  -0.0002094777   0.0000100685   0.0000825121   0.0001300022
       -0.0000025294  -0.0000162626  -0.0000731266   0.0000119111   0.0000356663
        0.0000191093   0.0000006590  -0.0000085483  -0.0000046830   0.0000000703
       -0.0000048050   0.0000179799   0.0000036041  -0.0000006869  -0.0000601338
       -0.0000154264  -0.0000083934  -0.0001787348  -0.0002825935  -0.0002837630
       -0.0003538052  -0.0012928620   0.0009290664  -0.0019510732   0.0004822154
       -0.0000274574  -0.0169578796   0.0079693427  -0.0267044699  -0.0639453714
        0.0313932348  -0.0671457239  -0.0009662852  -0.0009199288  -0.0006339827
        0.0003834940  -0.0007307853   0.0010885100   0.0000169848   0.0000052654
        0.0000116466  -0.0000151098   0.0000001298   0.0000006850  -0.0000087165
        0.0000004236  -0.0000053859   0.0000031555  -0.0000086925  -0.0000056139
       -0.0000120806  -0.0000078997   0.0000011107  -0.0000096594   0.0000003210
       -0.0000060172  -0.0000083523   0.0000072991  -0.0000090840   0.0000117837
        0.0000062018  -0.0000070176  -0.0000896020  -0.0000149306  -0.0000340593
       -0.0000767672   0.0003370713  -0.0002063187   0.0015506397   0.0009300142
        0.0000229723   0.0056162521  -0.0060259405   0.0159921805   0.0767665298
       -0.0326859144   0.0773815312  -0.0000764103   0.0004765772  -0.0001997792
        0.0000365865   0.0000506764  -0.0000512870
       -0.0000053346  -0.0000185724   0.0000012497  -0.0001027101   0.0000530832
       -0.0000820409   0.0000567438  -0.0000102853  -0.0000267224  -0.0000254075
       -0.0000172592   0.0000112196   0.0000126166   0.0000058939  -0.0000076955
       -0.0000154055  -0.0000006134   0.0000033221   0.0000017855   0.0000023533
        0.0000006553  -0.0000036239  -0.0000015589  -0.0000058875   0.0000182840
        0.0000039895  -0.0000065109  -0.0000396918   0.0001212037   0.0001372936
        0.0000457627  -0.0005887027   0.0002248514  -0.0013202438  -0.0007618400
       -0.0000790039  -0.0032222990   0.0037082342  -0.0066709148   0.0291725286
       -0.0727100426   0.0756951595   0.0004939513   0.0005898882  -0.0003789715
       -0.0002706997  -0.0003612723   0.0000042710   0.0000064405  -0.0000106782
        0.0000177606   0.0000108829  -0.0000033872   0.0000040358  -0.0000101472
        0.0000013086   0.0000026383  -0.0000022298   0.0000040598   0.0000017400
        0.0000012735   0.0000050485   0.0000007970   0.0000063552   0.0000011834
       -0.0000009350   0.0000040383  -0.0000041318  -0.0000026030  -0.0000049458
       -0.0000093674  -0.0000011759  -0.0000570023   0.0000265545  -0.0000685074
        0.0000104319   0.0000799412  -0.0001142709   0.0103516852  -0.0177668886
        0.0304229904  -0.0026950504   0.0044949311  -0.0095733779  -0.0326859144
        0.0832893326  -0.0893198918   0.0002837943  -0.0001016964  -0.0001855827
       -0.0000158687  -0.0000207091  -0.0000038924
       -0.0000340583  -0.0000044745   0.0000077521   0.0001240246   0.0001644450
       -0.0000542599  -0.0000303956  -0.0000267375   0.0000002356   0.0000325827
       -0.0000123939  -0.0000121718  -0.0000463694   0.0000015466   0.0000021622
        0.0000137853   0.0000028768   0.0000101772   0.0000036984  -0.0000057838
        0.0000067611   0.0000195100  -0.0000005107   0.0000200027  -0.0000366098
       -0.0000111059  -0.0000168543   0.0001012816   0.0002921830   0.0002369296
        0.0001375516  -0.0004116400   0.0003836110  -0.0009328240   0.0000475480
        0.0003271177  -0.0088217216   0.0000675664  -0.0053787683  -0.0629726351
        0.0774549946  -0.2192209213   0.0016297880  -0.0002175875  -0.0002165388
       -0.0003642648  -0.0006309921  -0.0000753653   0.0000136764   0.0000114714
       -0.0000078383  -0.0000212889  -0.0000033444  -0.0000039417   0.0000033198
       -0.0000098298  -0.0000007407   0.0000070727  -0.0000084239  -0.0000049495
       -0.0000046517  -0.0000089309   0.0000037449  -0.0000056907  -0.0000052838
        0.0000013999  -0.0000076718   0.0000030563   0.0000027729   0.0000024836
        0.0000050990  -0.0000029402   0.0000109665   0.0000116858  -0.0000361540
       -0.0000376383   0.0001922510  -0.0001676155  -0.0005133332   0.0028853551
       -0.0013621953  -0.0056660851   0.0093368036  -0.0272656137   0.0773815312
       -0.0893198918   0.2528782993  -0.0000469122   0.0001907411  -0.0000868896
        0.0000608783   0.0000093069   0.0000327921
       -0.0004636997  -0.0001333340  -0.0001423129   0.0000976407  -0.0009895636
       -0.0008822570   0.0000201649   0.0000237155   0.0000388942   0.0001389998
       -0.0000168263  -0.0000748651  -0.0000733433  -0.0000227807   0.0000515764
        0.0000169749   0.0000016847   0.0000053557  -0.0000169420   0.0000038849
       -0.0000008810   0.0000009377   0.0000032936   0.0000063443  -0.0000755296
        0.0000003958   0.0000173064  -0.0051242102  -0.0020407380  -0.0000324412
       -0.0004996057   0.0001669309   0.0002061454  -0.0027078404   0.0018187729
        0.0029714965   0.0041044431   0.0150290504   0.0134093276   0.0008100134
        0.0009598333   0.0003540036  -0.0554624448  -0.0404868359  -0.0343168196
       -0.0088721092  -0.0216322484  -0.0189002824  -0.0000029244   0.0000153894
        0.0000425440  -0.0000456490  -0.0000817225  -0.0000868552   0.0000043934
        0.0000390099   0.0000277297   0.0000161977   0.0000089332  -0.0000135168
       -0.0000028246  -0.0000064016   0.0000032598  -0.0000070816  -0.0000033703
       -0.0000011860  -0.0000101819   0.0000017683  -0.0000045013   0.0000101866
       -0.0000066842  -0.0000127594  -0.0000354174   0.0000837387  -0.0001382363
        0.0001268529   0.0009376499   0.0007743091  -0.0003162705  -0.0002216522
        0.0004683780   0.0000790893  -0.0001581093  -0.0001579770  -0.0000764103
        0.0002837943  -0.0000469122   0.0675883093   0.0468354979   0.0373241378
        0.0007782809  -0.0004130769  -0.0008890050
       -0.0002281977  -0.0000942079   0.0000399024   0.0003489668  -0.0003260492
       -0.0004417068  -0.0000737276   0.0000498726   0.0000686857   0.0000760629
       -0.0000069573  -0.0000597587  -0.0000647637   0.0000126343   0.0000374914
        0.0000165655   0.0000114060  -0.0000033711   0.0000093521   0.0000114010
       -0.0000019754   0.0000202688  -0.0000021197   0.0000129921  -0.0000603993
       -0.0000123317   0.0000050089  -0.0025135222   0.0041053577  -0.0037560040
        0.0001865665   0.0004105946   0.0005196088   0.0021514451   0.0024998314
       -0.0049148037  -0.0022524579  -0.0121653142  -0.0120416044  -0.0006819932
       -0.0002070936   0.0019342122  -0.0405645940  -0.1759563821  -0.1244283324
       -0.0041949348  -0.0077386254  -0.0070533933   0.0000252515   0.0000129437
        0.0000344520  -0.0000545541  -0.0000359476  -0.0000361046   0.0000190623
        0.0000166004   0.0000013880   0.0000126737  -0.0000145084  -0.0000173065
       -0.0000079051  -0.0000158729  -0.0000016124  -0.0000098406  -0.0000047184
       -0.0000003974  -0.0000124714   0.0000107635   0.0000017616  -0.0000036924
        0.0000014092  -0.0000028835   0.0000957680  -0.0007673368   0.0009212443
       -0.0001116873  -0.0007105348  -0.0005327851   0.0001160635   0.0002055981
       -0.0001498566  -0.0003555087   0.0000213924   0.0001499035   0.0004765772
       -0.0001016964   0.0001907411   0.0468354979   0.1915579972   0.1476468391
        0.0008001279  -0.0007681058   0.0018776649
       -0.0001407459   0.0000820356  -0.0000563060   0.0004057942  -0.0002901971
       -0.0002096043  -0.0000944650   0.0000606373   0.0001024725   0.0000769720
       -0.0000142897  -0.0000273677  -0.0000627675  -0.0000097849   0.0000195224
        0.0000354786   0.0000062780   0.0000051467  -0.0000030314   0.0000035615
       -0.0000017434   0.0000220613   0.0000070186   0.0000093896  -0.0000521750
       -0.0000139139  -0.0000006568  -0.0006927733  -0.0037569674   0.0052391662
        0.0003385999   0.0005027300   0.0002384831   0.0032362314  -0.0050088107
        0.0025441503  -0.0020429484  -0.0141194095  -0.0112656664  -0.0012306122
        0.0013639241  -0.0006312744  -0.0343664962  -0.1243904246  -0.1447444975
       -0.0029296460  -0.0048650649  -0.0036328646   0.0000195464  -0.0000056428
       -0.0000044380  -0.0000421795  -0.0000209705  -0.0000272349   0.0000274604
        0.0000173555   0.0000166918   0.0000075855  -0.0000020827   0.0000005545
       -0.0000076716  -0.0000097423   0.0000126466  -0.0000101238  -0.0000026875
       -0.0000030387  -0.0000138080   0.0000012375  -0.0000111643   0.0000026132
        0.0000058148  -0.0000197398  -0.0001113320   0.0009192918  -0.0009154694
       -0.0001880490  -0.0006614846  -0.0007174783   0.0006271041   0.0005492169
       -0.0000550805  -0.0002027406   0.0001359490   0.0001300617  -0.0001997792
       -0.0001855827  -0.0000868896   0.0373241378   0.1476468391   0.1551996224
        0.0002677599   0.0020551661  -0.0011073933
       -0.0001104625   0.0002170662   0.0002618706   0.0004761495  -0.0002089049
       -0.0005981234  -0.0010215816  -0.0011720791  -0.0007976310  -0.0006742226
       -0.0000623626   0.0000979625   0.0000786746  -0.0000490835   0.0000136325
       -0.0000129675  -0.0000133105  -0.0000305196   0.0000108100   0.0000366715
       -0.0000189361  -0.0000970362  -0.0000103643   0.0000034284   0.0000481248
       -0.0000017588   0.0000368142   0.0040398789  -0.0003883902  -0.0006414782
        0.0003635214  -0.0013821759  -0.0004958665   0.0001312132  -0.0004578944
       -0.0004852470  -0.0047032110  -0.0024657874  -0.0006163698  -0.0010401328
        0.0006745588   0.0007881984  -0.0235169588   0.0120965180   0.0142935731
       -0.1824226337   0.0866980941   0.0976847445  -0.0000001058   0.0000351454
        0.0000797204  -0.0000014906  -0.0000427575  -0.0000347375  -0.0000038718
        0.0000585240   0.0000239216   0.0000233399   0.0000263734  -0.0000021377
        0.0000273215   0.0000188696  -0.0000124851   0.0000215324   0.0000131208
       -0.0000017588   0.0000315115  -0.0000006048   0.0000021345   0.0000003380
        0.0000643981  -0.0000360485   0.0001619772  -0.0003189266  -0.0002183247
       -0.0000174879   0.0000493690  -0.0001570409   0.0001067222   0.0000917815
        0.0000142816  -0.0003686614  -0.0000545472  -0.0000510180   0.0000365865
       -0.0000158687   0.0000608783   0.0007782809   0.0008001279   0.0002677599
        0.2076548418  -0.0942358017  -0.1094311978
        0.0000466733   0.0002342797   0.0003303112   0.0015042126  -0.0013984103
        0.0007111082  -0.0000333716   0.0006963091   0.0007168226  -0.0015016148
       -0.0000605230   0.0000320806   0.0003051772   0.0002372687  -0.0001203700
       -0.0000834444   0.0000178020  -0.0000396625   0.0001111132   0.0000180025
       -0.0000109627  -0.0000642605  -0.0000625159   0.0000106610   0.0003128736
       -0.0001256387   0.0000263299   0.0159305559  -0.0110923213  -0.0134823782
       -0.0018041412  -0.0001144756  -0.0063499492  -0.0004481196  -0.0000258010
        0.0002448574  -0.0021115078   0.0039756286  -0.0040400225  -0.0003029203
        0.0000516972   0.0002902907  -0.0048717669   0.0037375121   0.0027052204
        0.0865187925  -0.0926836396  -0.0634262559   0.0000818173   0.0000228087
        0.0001171879  -0.0000502420   0.0000729923   0.0000364374   0.0000689651
        0.0001119833   0.0000264398   0.0000189430  -0.0000667577   0.0000052798
        0.0000342562   0.0000077642  -0.0000063242   0.0000190517  -0.0000054845
        0.0000045183   0.0000334534  -0.0000078671   0.0000058722  -0.0000073797
        0.0000345006   0.0000109020   0.0008863563  -0.0005555095  -0.0008011811
        0.0000653860  -0.0007515350   0.0008719122   0.0000175187   0.0000466863
        0.0000070322  -0.0000781752  -0.0000763708   0.0000464621   0.0000506764
       -0.0000207091   0.0000093069  -0.0004130769  -0.0007681058   0.0020551661
       -0.0942358017   0.0985504298   0.0800129072
        0.0000592129   0.0001594669   0.0001918830   0.0013281739   0.0009173837
       -0.0019721202   0.0003240060   0.0010554340   0.0008205420  -0.0009684938
       -0.0003110526   0.0002917629   0.0001571141   0.0001627651  -0.0001384496
        0.0000167785  -0.0000016298  -0.0000485034   0.0000860712   0.0000564907
       -0.0000331820  -0.0000565944  -0.0000406554   0.0000097020   0.0003207092
       -0.0001628943   0.0000903358   0.0136599540  -0.0114152330  -0.0109044132
       -0.0006542840  -0.0063944979   0.0011463891  -0.0005717220   0.0001869755
        0.0000250196  -0.0002322062  -0.0038816365   0.0051140392  -0.0001863530
        0.0000848724  -0.0001380645  -0.0011318493   0.0006362142   0.0022044573
        0.0975341476  -0.0634246112  -0.1059427966   0.0000640099   0.0000242487
        0.0000930323  -0.0000480941   0.0000227033   0.0000733875   0.0000568513
        0.0000628375   0.0000041971   0.0000011454  -0.0000136873   0.0000091039
        0.0000169003   0.0000096046   0.0000021762   0.0000125534   0.0000111084
       -0.0000009607   0.0000226970  -0.0000014555  -0.0000041310  -0.0000684914
        0.0000851834  -0.0000529062   0.0008246970  -0.0006796019  -0.0004684300
       -0.0001587634   0.0008731906  -0.0008756492   0.0000105253   0.0000377473
       -0.0000033432  -0.0000472057   0.0000540493  -0.0000627068  -0.0000512870
       -0.0000038924   0.0000327921  -0.0008890050   0.0018776649  -0.0011073933
       -0.1094311978   0.0800129072   0.1116442300
