$hessian                                                                        
        0.5270094220   0.0036579436   0.0119354861  -0.0727026891   0.0075853237
        0.0323990248  -0.0028436093  -0.0092543571  -0.0306335957   0.0028490588
       -0.0006705492  -0.0028125901  -0.0002099054   0.0002462947  -0.0004477671
        0.0005278567  -0.0000397257  -0.0000996932  -0.0002230674  -0.0000721221
        0.0000438672   0.0001930315   0.0000576303   0.0001490198   0.0000898551
       -0.0000057930   0.0000419777  -0.0067971123   0.0065034764   0.0235759314
       -0.0011214186  -0.0000333314   0.0004316334   0.0006190452   0.0002208212
        0.0002021707   0.0000402721   0.0000966356   0.0002179083  -0.0003073475
        0.0006731487   0.0012327926  -0.0047331690  -0.0001934148   0.0012838527
       -0.0577229764  -0.0608056317  -0.0104915142  -0.1124875417   0.0772729346
       -0.0767847229  -0.2697626106  -0.0253723759   0.0482124243  -0.0000952624
       -0.0000039989  -0.0000365152  -0.0000285293   0.0000418228  -0.0000253710
       -0.0000652744  -0.0000073882  -0.0000172581  -0.0000386665  -0.0000349961
       -0.0000237401  -0.0000065169  -0.0000053682  -0.0000239978  -0.0014361994
        0.0000726820   0.0013312625  -0.0000868501  -0.0000139514  -0.0000004310
       -0.0000823689   0.0000101927   0.0001234086  -0.0004346422   0.0000927117
        0.0002557021  -0.0001427838  -0.0000186143  -0.0000392658
        0.0036579436   0.4811054359  -0.0122266337   0.0061661710  -0.0698445009
       -0.0217331614  -0.0084509770   0.0194035925  -0.0169592868   0.0033664723
       -0.0064133249   0.0005183731   0.0005498150  -0.0000398852   0.0001497004
        0.0004228152  -0.0005981783   0.0000337185  -0.0003035871  -0.0001376936
       -0.0000033127   0.0001798412   0.0001638753  -0.0006748489  -0.0013635615
        0.0000782770   0.0003090999   0.0031104003   0.0040442645  -0.0039695613
       -0.0003738684  -0.0008726714  -0.0002998692   0.0001724174  -0.0004788669
        0.0001863289  -0.0001232036   0.0000203624  -0.0000706712   0.0004110236
       -0.0002944305   0.0001156144  -0.0002399482   0.0017855105   0.0000053914
       -0.0597192536  -0.2564778889  -0.0422867748   0.0782943071  -0.1255090056
        0.0900421213  -0.0254973988  -0.0472611880   0.0064369045   0.0002069805
        0.0002637335   0.0002711216   0.0001101063   0.0000785414   0.0000209217
       -0.0000507512   0.0000345652   0.0000845425  -0.0000957933  -0.0000478865
        0.0000208295  -0.0000755230   0.0000309741  -0.0000702381  -0.0002463551
        0.0008429315   0.0000269179   0.0000044442  -0.0000075627  -0.0000086992
       -0.0000387284   0.0001459806  -0.0000296136   0.0000086406  -0.0000668510
        0.0000661990  -0.0000824289   0.0000518898   0.0000448860
        0.0119354861  -0.0122266337   0.4474303229   0.0279817016  -0.0240942010
       -0.1682174483  -0.0199557720  -0.0186964510  -0.0447441362   0.0056146099
        0.0016184036   0.0004889658  -0.0011506469   0.0000898049  -0.0000572803
        0.0004014593   0.0001917751  -0.0004850879  -0.0002138952   0.0001518778
        0.0000577736   0.0007148415  -0.0000659242  -0.0000316971  -0.0004662401
       -0.0002029349   0.0002978167   0.0097904687  -0.0044430506  -0.0141422050
       -0.0008465291  -0.0001935533  -0.0010220109  -0.0001495019  -0.0000987815
       -0.0001475455  -0.0001937492  -0.0001477882  -0.0002038039   0.0006956234
       -0.0001566597  -0.0004889517   0.0010615213   0.0002532214   0.0010617796
       -0.0086444024  -0.0355446128  -0.0429087565  -0.0741698473   0.0861804009
       -0.1237680470   0.0479698352   0.0067724131  -0.0536311203  -0.0002547656
        0.0001501275  -0.0002331060  -0.0002737914   0.0001986067   0.0000300011
       -0.0002150713   0.0000081732   0.0000508676  -0.0001752533  -0.0001296370
       -0.0000285213   0.0000016905   0.0000667786   0.0000493441   0.0004916642
        0.0000353948   0.0002131328   0.0000987989   0.0000264737   0.0000160585
        0.0000550257   0.0000063666   0.0000200277   0.0002252334  -0.0000044924
       -0.0000538082  -0.0003284941   0.0002549024   0.0004474356
       -0.0727026891   0.0061661710   0.0279817016   0.6688666040   0.0566481000
        0.1494353973  -0.3073235614  -0.0631946300  -0.2202356980  -0.0687568363
       -0.0084395009  -0.0228687861   0.0051190590  -0.0061271467  -0.0030746165
       -0.0025693989   0.0002257126   0.0020628119   0.0017013991  -0.0003068440
       -0.0001588476  -0.0035563573  -0.0008911950   0.0016885041   0.0019996686
        0.0049739842   0.0013288542  -0.1691032234   0.0075104411   0.0426828864
       -0.0398650114  -0.0037972252  -0.0050158383   0.0015843668  -0.0032217197
       -0.0064675718  -0.0033227305  -0.0000716406   0.0005394404   0.0069616574
        0.0005291349   0.0018838952  -0.0164219399   0.0086437597   0.0276612372
        0.0020911093  -0.0031706763  -0.0080312005   0.0023991497  -0.0025184096
       -0.0162066579  -0.0093177748   0.0065301021   0.0299186051   0.0001561176
        0.0003231825  -0.0002923993   0.0002183528  -0.0004475395   0.0000885962
        0.0004890377   0.0000343321  -0.0004161606  -0.0000651843   0.0003758005
       -0.0000419595  -0.0000221881   0.0000211825  -0.0007626993   0.0010008010
        0.0003344512   0.0007954501  -0.0003386258   0.0000864474   0.0004640828
        0.0002988681   0.0001546474  -0.0002622037   0.0001060734  -0.0001323769
       -0.0005424855   0.0003732565  -0.0002385447  -0.0021543382
        0.0075853237  -0.0698445009  -0.0240942010   0.0566481000   0.1926651458
        0.1250734023  -0.0721570685  -0.0622873015  -0.0750918179  -0.0078951129
       -0.0009776204   0.0009209971   0.0041018098  -0.0008114756  -0.0024660913
       -0.0004276159  -0.0004144261  -0.0003650217   0.0002461387  -0.0001895151
       -0.0000631150  -0.0009611360   0.0001921901   0.0002953661   0.0002166452
        0.0009380538   0.0011633394   0.0124798588  -0.0584963765  -0.0084385013
       -0.0084376412   0.0000324146   0.0031308979  -0.0019532399   0.0058974716
       -0.0037988683  -0.0003500413  -0.0003815334  -0.0002795303   0.0004780654
        0.0054681662  -0.0046660102   0.0098602580  -0.0004627865  -0.0033768851
        0.0031869318  -0.0092361381  -0.0285112630  -0.0036808952   0.0041925960
        0.0164534693   0.0007766566   0.0008131103   0.0020648215  -0.0001395740
       -0.0004755129   0.0001434708   0.0001719810  -0.0002067907   0.0001140147
        0.0001172377  -0.0000813042   0.0000289840   0.0000530103   0.0000223825
       -0.0000675419  -0.0001645647  -0.0004484049  -0.0000164367  -0.0001723418
       -0.0020937123   0.0007871623  -0.0005569707   0.0000809764   0.0000535562
        0.0000781669  -0.0016291881   0.0006572286   0.0005029120  -0.0000567395
       -0.0002804939   0.0003931062  -0.0022091804   0.0006290673
        0.0323990248  -0.0217331614  -0.1682174483   0.1494353973   0.1250734023
        0.6069512617  -0.2585526791  -0.0736169432  -0.2942612990  -0.0046885507
       -0.0017022280  -0.0013563195   0.0041519623  -0.0002964426  -0.0025592533
        0.0003815877  -0.0003985995   0.0000729159  -0.0003012322  -0.0003740452
       -0.0000483387  -0.0004203217   0.0001652937   0.0007110452   0.0044201855
        0.0008994463   0.0006749473   0.0586375008  -0.0059647417  -0.0862727998
       -0.0126822364   0.0020834221   0.0070757301  -0.0028381330  -0.0034674920
        0.0000101099  -0.0005869466  -0.0003989845  -0.0009833500   0.0017009388
       -0.0049668823  -0.0041894125   0.0270323081  -0.0032774839  -0.0129875965
       -0.0021487017  -0.0066948511  -0.0087197799  -0.0026255744  -0.0030617598
       -0.0222476579   0.0077280213  -0.0034244718  -0.0108349073  -0.0002370928
       -0.0002369787   0.0003599456   0.0004208047  -0.0003720619   0.0000932818
        0.0003363970  -0.0000320577  -0.0000617039   0.0003167775   0.0003016425
       -0.0000942928  -0.0004124159  -0.0002809279   0.0000881145  -0.0013972940
        0.0005218494  -0.0011266009  -0.0011976177  -0.0001314008   0.0000809018
       -0.0003418592   0.0006706438  -0.0003160193   0.0011619710  -0.0000821596
       -0.0006260840   0.0003077786   0.0007979737  -0.0012153901
       -0.0028436093  -0.0084509770  -0.0199557720  -0.3073235614  -0.0721570685
       -0.2585526791   0.7258965110   0.0615211609   0.2459594240  -0.2527655332
        0.0194779692   0.0402246650  -0.0458015327   0.0254943625   0.0119198897
        0.0041659530   0.0020923117  -0.0019202439  -0.0048256695   0.0016974431
        0.0005502817   0.0066233106  -0.0037046694  -0.0004162457  -0.0514905948
       -0.0212309812  -0.0035443594  -0.0680421914  -0.0051165266  -0.0145292700
        0.0011739615   0.0021668013   0.0066490481  -0.0034232019  -0.0000556035
        0.0018760168   0.0010880534  -0.0004536316  -0.0011881889  -0.0016633861
       -0.0011083059  -0.0015002513  -0.0012519695  -0.0014239381  -0.0062977132
        0.0000071028   0.0005367709  -0.0004087880   0.0004136336  -0.0002382789
        0.0001441510   0.0003967659   0.0009961526   0.0010307617   0.0018792721
       -0.0016119050  -0.0013335397  -0.0008967521   0.0005187882  -0.0000376778
       -0.0000155298  -0.0000201502   0.0000360601  -0.0007160326  -0.0003952609
        0.0002659246   0.0014716618   0.0011078031   0.0011999031   0.0001723064
        0.0002301892  -0.0002099268  -0.0007960865  -0.0000313997  -0.0000293272
       -0.0002969413   0.0000678863  -0.0000117776   0.0000275967   0.0000439535
        0.0001163091  -0.0011635368   0.0000471042  -0.0000366741
       -0.0092543571   0.0194035925  -0.0186964510  -0.0631946300  -0.0622873015
       -0.0736169432   0.0615211609   0.1207427324   0.0967288988   0.0136448044
       -0.0629141277  -0.0045521206   0.0333346975  -0.0040969413  -0.0002225142
        0.0002509015  -0.0048410431  -0.0007506288   0.0004127229   0.0021309000
        0.0004106568  -0.0003806033  -0.0062187731  -0.0007736708  -0.0326454173
       -0.0003202467  -0.0001785222  -0.0080749479  -0.0071770945   0.0054220915
        0.0013120113   0.0013110984   0.0005064032  -0.0005370752   0.0010015943
        0.0000698430   0.0005958765   0.0000076852   0.0001003980  -0.0010478812
        0.0000280642   0.0001161386   0.0022183391   0.0001822564  -0.0035445570
       -0.0001717919   0.0008793337   0.0030318186   0.0008997974  -0.0011418972
       -0.0048441983  -0.0002191104   0.0000481766   0.0004187950   0.0009461380
        0.0015996748  -0.0002871220   0.0012995794  -0.0001297681  -0.0004055054
       -0.0000727466   0.0001814496  -0.0000580904  -0.0015707330  -0.0000571044
        0.0000686415  -0.0002981193   0.0019254224   0.0000418118   0.0001921073
       -0.0002457106   0.0002934359   0.0000394398  -0.0000397999   0.0000615462
        0.0001102394  -0.0000042401   0.0000435152   0.0000148001  -0.0000097657
        0.0000315642   0.0006747978   0.0000418332   0.0005847657
       -0.0306335957  -0.0169592868  -0.0447441362  -0.2202356980  -0.0750918179
       -0.2942612990   0.2459594240   0.0967288988   0.3776429836   0.0113477073
       -0.0004074788  -0.0550973145   0.0070443661  -0.0067111562   0.0038050440
       -0.0023129555  -0.0012987666   0.0080536381   0.0020991939   0.0003757057
       -0.0003163970  -0.0020325462  -0.0012914937   0.0064946060  -0.0012348502
        0.0038819088   0.0035992195  -0.0186154344   0.0021499468   0.0105871405
        0.0045047945   0.0000832018   0.0016474779  -0.0009179987   0.0003355916
        0.0011404956   0.0011742886   0.0001467974  -0.0000122995  -0.0017959217
        0.0004143841   0.0004503008   0.0047664841  -0.0026440585  -0.0057902898
        0.0001172108  -0.0009122210  -0.0050626049   0.0007414753  -0.0015065447
       -0.0056596385  -0.0020712798   0.0007296766   0.0031653313   0.0002176038
        0.0002459710  -0.0024650528  -0.0000937485   0.0000871178  -0.0003036369
       -0.0002186726   0.0002184748  -0.0017319926  -0.0003493837  -0.0001173602
        0.0000642037   0.0000104746   0.0005939492  -0.0029624944   0.0004706932
        0.0004068203   0.0002832570   0.0001500733   0.0001083881   0.0000452167
        0.0002604416  -0.0000191955   0.0001128926  -0.0000136104   0.0000071732
        0.0001213547   0.0016614644   0.0004453740   0.0011939943
        0.0028490588   0.0033664723   0.0056146099  -0.0687568363  -0.0078951129
       -0.0046885507  -0.2527655332   0.0136448044   0.0113477073   0.6334636779
        0.0076681326  -0.0177020004  -0.1167158696   0.1058133536   0.0101906076
       -0.0314927533   0.0282636966   0.0048468908   0.0077819121  -0.0046020773
       -0.0013197584  -0.0440916358  -0.0207943799  -0.0012597792  -0.1344961199
       -0.1212289290  -0.0069519390   0.0039724674  -0.0021033810  -0.0049007951
       -0.0032900833  -0.0004274305  -0.0011505305   0.0001939837  -0.0002972468
       -0.0009799890  -0.0002302131   0.0000830406   0.0002553769   0.0008020920
        0.0002954496   0.0006698653  -0.0002415712  -0.0002549538   0.0007163325
        0.0000930776   0.0005504564   0.0008178502  -0.0002620712  -0.0001294348
        0.0006188482   0.0008851213  -0.0002060992   0.0002323565   0.0055676733
       -0.0143070615   0.0004843555  -0.0055549629   0.0001830069   0.0006175549
        0.0009726714  -0.0000992738   0.0001178022  -0.0055850504   0.0004440286
        0.0005416582   0.0066424077   0.0108696522  -0.0003356606   0.0001007021
        0.0001670198   0.0005463349   0.0002227681   0.0000684964   0.0001863376
        0.0003498423   0.0000348382   0.0000017299   0.0001619902  -0.0000297151
       -0.0001296445  -0.0005767457   0.0009226474   0.0016124291
       -0.0006705492  -0.0064133249   0.0016184036  -0.0084395009  -0.0009776204
       -0.0017022280   0.0194779692  -0.0629141277  -0.0004074788   0.0076681326
        0.6109878951   0.0605364456   0.0447526661  -0.2540733092  -0.0242428656
        0.0829278779   0.0216582966  -0.0018468961  -0.0041694547  -0.0638079607
       -0.0063687532  -0.0757037375   0.0326368139   0.0064988772  -0.0611185442
       -0.2386902821  -0.0224820154  -0.0012545185   0.0129989389  -0.0040426356
        0.0002237350   0.0004461187  -0.0002312958   0.0001275823  -0.0012026273
        0.0006982648  -0.0000508666   0.0000099716  -0.0001040196   0.0001366176
       -0.0005365959   0.0002210751  -0.0000431475  -0.0002264897   0.0004287639
        0.0002392925  -0.0005524095  -0.0014687926  -0.0002725905   0.0001479096
        0.0010357393  -0.0002471917   0.0002069057  -0.0002661455   0.0089638345
       -0.0263101461  -0.0036034887  -0.0001084799   0.0016218625  -0.0008619026
       -0.0000862613  -0.0007018906   0.0002154122   0.0007286308   0.0014565199
       -0.0005087158  -0.0129093539  -0.0264329859  -0.0025459836  -0.0000543084
        0.0002971618  -0.0001969699   0.0000078225  -0.0000399810  -0.0000162569
       -0.0000484198   0.0001757692  -0.0000823805  -0.0000182821   0.0000323774
       -0.0000096443  -0.0000589542   0.0002032098  -0.0002645134
       -0.0028125901   0.0005183731   0.0004889658  -0.0228687861   0.0009209971
       -0.0013563195   0.0402246650  -0.0045521206  -0.0550973145  -0.0177020004
        0.0605364456   0.1521203406   0.0053146797  -0.0251002931  -0.0505499885
        0.0126213092   0.0022476463  -0.0025107673  -0.0018729589  -0.0075835068
       -0.0067543735  -0.0067813842   0.0062618840  -0.0009832053  -0.0042900499
       -0.0222072482  -0.0524989178  -0.0015245750  -0.0030911246  -0.0006407162
       -0.0004524049  -0.0001158491   0.0003804036  -0.0000783120   0.0002198871
       -0.0001620692   0.0001396402   0.0000176218   0.0000310928  -0.0002288298
        0.0000386239  -0.0001825827   0.0009407273   0.0002253176   0.0000228320
       -0.0002639337  -0.0000845274  -0.0000074294  -0.0003551189  -0.0000263610
       -0.0003720565  -0.0004664457   0.0002235384  -0.0009569104   0.0007849966
       -0.0023516743   0.0008022896   0.0003626501  -0.0006651566   0.0081473509
       -0.0000295105  -0.0001578703   0.0004292369   0.0011046975  -0.0008587051
        0.0083135620  -0.0017109311  -0.0041137612   0.0014726493  -0.0000526441
       -0.0000856751  -0.0000461673  -0.0000454621   0.0000080202  -0.0000240933
       -0.0000254162  -0.0000478814   0.0000054656   0.0000625056  -0.0000302863
       -0.0000370559   0.0000054822  -0.0001463142  -0.0000342218
       -0.0002099054   0.0005498150  -0.0011506469   0.0051190590   0.0041018098
        0.0041519623  -0.0458015327   0.0333346975   0.0070443661  -0.1167158696
        0.0447526661   0.0053146797   0.6714504297   0.0172180907  -0.0227917221
       -0.3384086341   0.0495783156   0.0174190696  -0.0433606045  -0.0798444738
       -0.0070978066  -0.0431526019   0.0319765081   0.0057640098   0.0519360402
        0.0176965820  -0.0010195801  -0.0013420277  -0.0022297647   0.0006439856
        0.0003708859   0.0000974697   0.0006302240  -0.0001669000   0.0002865526
        0.0001446275   0.0000334121  -0.0000662039  -0.0001306357  -0.0000354254
       -0.0000380610  -0.0002450114  -0.0001849883  -0.0000305324  -0.0004493895
        0.0000628201   0.0000501410   0.0000443277   0.0000272678  -0.0000208834
       -0.0000263164  -0.0004519999   0.0000749503  -0.0008761273  -0.1199658636
       -0.1153087246  -0.0082937940  -0.0167428067   0.0037492351   0.0010022429
       -0.0009053267  -0.0029143566  -0.0002652749  -0.0000941535   0.0007530007
        0.0001320140  -0.0012306115  -0.0034613855   0.0003052006   0.0000212090
       -0.0000515118  -0.0000258851  -0.0001370805  -0.0000230800  -0.0000325064
       -0.0000987030  -0.0000304704   0.0000275369  -0.0000800028   0.0000201174
        0.0000877535   0.0000639139  -0.0002205036  -0.0003073034
        0.0002462947  -0.0000398852   0.0000898049  -0.0061271467  -0.0008114756
       -0.0002964426   0.0254943625  -0.0040969413  -0.0067111562   0.1058133536
       -0.2540733092  -0.0251002931   0.0172180907   0.6269496622   0.0564770959
       -0.0264472621  -0.0932805123  -0.0041310041  -0.0209840108   0.0300043271
        0.0038653497   0.0269973225  -0.0154974396  -0.0025866918  -0.0290168418
       -0.0577872700  -0.0047336255   0.0005184637  -0.0005907923  -0.0003664597
       -0.0004752084  -0.0000653188  -0.0001523638   0.0000836589   0.0000161555
       -0.0001439346  -0.0000328090   0.0000100956   0.0000337287   0.0000732612
        0.0000493466   0.0000736083  -0.0001137753  -0.0000394943   0.0001161832
       -0.0004364403  -0.0001383604  -0.0001260588   0.0000936281  -0.0001579642
        0.0001192265   0.0005821230   0.0004586042   0.0007440724  -0.1153619948
       -0.2202712607  -0.0134672727   0.0273586294  -0.0039488118  -0.0015563185
       -0.0035300899  -0.0036700282  -0.0011359690   0.0006698331   0.0005972412
       -0.0000939949  -0.0027812974  -0.0037726173  -0.0012052821  -0.0000089271
        0.0000098919   0.0000207156   0.0000197598   0.0000085888   0.0000177657
        0.0000381047   0.0000047351   0.0000132740   0.0000401072   0.0000047351
       -0.0000150540   0.0000688105   0.0001280979   0.0002510966
       -0.0004477671   0.0001497004  -0.0000572803  -0.0030746165  -0.0024660913
       -0.0025592533   0.0119198897  -0.0002225142   0.0038050440   0.0101906076
       -0.0242428656  -0.0505499885  -0.0227917221   0.0564770959   0.1147327289
        0.0100140274  -0.0075737896  -0.0448513124  -0.0009794406   0.0051809556
        0.0019540474   0.0040282860  -0.0016640423  -0.0052531878  -0.0049818472
       -0.0080965516   0.0010705339   0.0008281769  -0.0000006463  -0.0000413472
       -0.0002086044   0.0000104420  -0.0000541791   0.0001056935   0.0000405740
       -0.0000046236  -0.0000468329   0.0000019465   0.0000014980   0.0000950562
       -0.0000073054  -0.0000271215  -0.0002515084  -0.0000189061   0.0001417831
        0.0002479888   0.0000466406  -0.0000010138  -0.0002149436   0.0000476380
        0.0001021742  -0.0006299284   0.0000143664  -0.0002207261  -0.0080218508
       -0.0147075686  -0.0330206507   0.0040854992  -0.0007013599   0.0006346998
        0.0000152279  -0.0011073774   0.0073073825   0.0000859978   0.0000268058
       -0.0002029944   0.0000584797  -0.0012618036   0.0070345081   0.0000509005
        0.0000107968   0.0000151376  -0.0000278763  -0.0000105579  -0.0000086131
       -0.0000294036   0.0000068094   0.0000151135  -0.0000227585   0.0000235072
        0.0000359736   0.0000032690   0.0000441014   0.0000016673
        0.0005278567   0.0004228152   0.0004014593  -0.0025693989  -0.0004276159
        0.0003815877   0.0041659530   0.0002509015  -0.0023129555  -0.0314927533
        0.0829278779   0.0126213092  -0.3384086341  -0.0264472621   0.0100140274
        0.6580631361  -0.0031143568  -0.0231529554  -0.1646551996  -0.0682976180
       -0.0026739149   0.0579216864  -0.0364074124  -0.0069143187  -0.0490434603
       -0.0239038550  -0.0004946343   0.0003755414  -0.0005368221  -0.0001227526
       -0.0001805171  -0.0000724420  -0.0001823520  -0.0000167507  -0.0000145050
       -0.0001433244  -0.0000669668   0.0000070998   0.0000356231   0.0000375600
        0.0000334315   0.0000573138   0.0001220347  -0.0000006143   0.0001721430
       -0.0001671802  -0.0000439413   0.0001476548   0.0002322246  -0.0000401195
       -0.0000560733  -0.0002332473   0.0003369531  -0.0003849751  -0.0193653865
       -0.0016697077   0.0000706342  -0.0946241294   0.0997568519   0.0140347356
       -0.0202068987  -0.0252184778  -0.0018480860  -0.0002029543   0.0031240752
        0.0007330736  -0.0002654755  -0.0007226209  -0.0003894322  -0.0000433024
        0.0000021759   0.0000380324   0.0000355453   0.0000149270   0.0000215067
        0.0000416457  -0.0000048447  -0.0000166839   0.0000159687  -0.0000183079
       -0.0000385172   0.0000031027   0.0000634147   0.0000018747
       -0.0000397257  -0.0005981783   0.0001917751   0.0002257126  -0.0004144261
       -0.0003985995   0.0020923117  -0.0048410431  -0.0012987666   0.0282636966
        0.0216582966   0.0022476463   0.0495783156  -0.0932805123  -0.0075737896
       -0.0031143568   0.6579329908   0.0606398641  -0.1471343734  -0.2573553410
       -0.0172736830   0.0229916454  -0.0670433703  -0.0091872489  -0.0284478879
       -0.0099580996   0.0011298672   0.0000765464   0.0007129400  -0.0001244921
        0.0000285620   0.0000122799  -0.0000311868   0.0000271279  -0.0000554929
        0.0000316231  -0.0000015939   0.0000037976  -0.0000007012   0.0000163983
       -0.0000091810   0.0000064511   0.0000145946  -0.0000441573   0.0000268318
        0.0000551691  -0.0000992460  -0.0000769613  -0.0000410958   0.0000796989
        0.0000309946   0.0000905508   0.0000537496   0.0000986267  -0.0257779928
       -0.0008231421   0.0007056310   0.0999747991  -0.2424106049  -0.0279036889
       -0.0008767114   0.0001975307   0.0002838005   0.0025533610  -0.0044338549
       -0.0016078047  -0.0005609812   0.0006453548   0.0000455133   0.0000036026
        0.0000209691  -0.0000068784   0.0000039244   0.0000035281  -0.0000035543
        0.0000063698   0.0000058709  -0.0000061866  -0.0000031478   0.0000044145
        0.0000054869  -0.0000048212   0.0000352282   0.0000494303
       -0.0000996932   0.0000337185  -0.0004850879   0.0020628119  -0.0003650217
        0.0000729159  -0.0019202439  -0.0007506288   0.0080536381   0.0048468908
       -0.0018468961  -0.0025107673   0.0174190696  -0.0041310041  -0.0448513124
       -0.0231529554   0.0606398641   0.1232417379  -0.0114551764  -0.0193902942
       -0.0484163421   0.0007997594  -0.0069361972   0.0002483152  -0.0019208713
        0.0003447291  -0.0045719287   0.0001190360   0.0004745399   0.0000183363
        0.0000528368   0.0000140477  -0.0000091424   0.0000192666  -0.0000520121
        0.0000333515  -0.0000039964   0.0000010974  -0.0000021321   0.0000109904
       -0.0000150359   0.0000067262  -0.0000649500   0.0000077922   0.0000131299
       -0.0000076560   0.0000207769   0.0000021643  -0.0000211545  -0.0000002631
       -0.0000276914  -0.0000606607  -0.0000864123   0.0000005869  -0.0019750816
        0.0001814395  -0.0000310417   0.0140113233  -0.0278363846  -0.0381428408
        0.0007643191   0.0011129330   0.0000652093   0.0006406609  -0.0015659939
        0.0075165853  -0.0000799117   0.0001335304  -0.0001636164   0.0000052906
        0.0000036897  -0.0000133993  -0.0000020849  -0.0000060946   0.0000029161
       -0.0000085406   0.0000124782  -0.0000020829  -0.0000067039   0.0000054185
        0.0000080254   0.0000274251  -0.0000038165  -0.0000562528
       -0.0002230674  -0.0003035871  -0.0002138952   0.0017013991   0.0002461387
       -0.0003012322  -0.0048256695   0.0004127229   0.0020991939   0.0077819121
       -0.0041694547  -0.0018729589  -0.0433606045  -0.0209840108  -0.0009794406
       -0.1646551996  -0.1471343734  -0.0114551764   0.6728272720   0.0026317424
       -0.0248885487  -0.1417121983   0.1320235303   0.0193688040  -0.0313657076
        0.0275574794   0.0044767351  -0.0000518148   0.0001660035   0.0000735288
        0.0001246752   0.0000255166   0.0000678722  -0.0000391765  -0.0000018962
        0.0000425071   0.0000013229  -0.0000060708  -0.0000226164  -0.0000420283
       -0.0000017378  -0.0000128692   0.0000578298   0.0000219881   0.0000114186
        0.0000999357   0.0000556645  -0.0000563452   0.0000115279  -0.0000240825
        0.0000526372  -0.0001543617  -0.0000636841  -0.0000042266  -0.0057523746
        0.0001184238   0.0005039758   0.0066734719   0.0108183502   0.0010611608
       -0.2978330215   0.0126208445   0.0132761205   0.0065414726  -0.0144643550
       -0.0019149526  -0.0057655256   0.0005104369   0.0008424003  -0.0000006021
       -0.0000062063  -0.0000128684  -0.0000159158  -0.0000039332  -0.0000000030
       -0.0000262299  -0.0000011586   0.0000042593  -0.0000104624   0.0000059074
       -0.0000071497   0.0000131412  -0.0000501988  -0.0001383305
       -0.0000721221  -0.0001376936   0.0001518778  -0.0003068440  -0.0001895151
       -0.0003740452   0.0016974431   0.0021309000   0.0003757057  -0.0046020773
       -0.0638079607  -0.0075835068  -0.0798444738   0.0300043271   0.0051809556
       -0.0682976180  -0.2573553410  -0.0193902942   0.0026317424   0.6385512851
        0.0604434336   0.0533456404  -0.2751994054  -0.0286347556   0.0858181734
        0.0192783691  -0.0016004161   0.0001160196   0.0001679387  -0.0000196146
       -0.0000141751   0.0000026806  -0.0000321036   0.0000103794   0.0000005144
        0.0000138014   0.0000021112   0.0000028004   0.0000026079   0.0000206295
        0.0000071626   0.0000220469  -0.0001046283  -0.0000120767  -0.0000468141
        0.0001581241   0.0001183256   0.0000465771  -0.0001655998   0.0000479389
        0.0001091168  -0.0000216242  -0.0001806751   0.0002053895   0.0008642651
        0.0015840686  -0.0005707174  -0.0132939545  -0.0261681579  -0.0024193186
        0.0125868573  -0.0445171378  -0.0020146875   0.0096327380  -0.0259560455
       -0.0035763452  -0.0001448628   0.0016175194  -0.0004182456   0.0000262434
        0.0000149083   0.0000317941   0.0000025470   0.0000009682   0.0000067223
        0.0000044395   0.0000014997   0.0000083133  -0.0000084877   0.0000036300
        0.0000154601  -0.0000408855  -0.0000108278   0.0000670624
        0.0000438672  -0.0000033127   0.0000577736  -0.0001588476  -0.0000631150
       -0.0000483387   0.0005502817   0.0004106568  -0.0003163970  -0.0013197584
       -0.0063687532  -0.0067543735  -0.0070978066   0.0038653497   0.0019540474
       -0.0026739149  -0.0172736830  -0.0484163421  -0.0248885487   0.0604434336
        0.1195119839   0.0103894368  -0.0323194372  -0.0511527925   0.0115466244
        0.0006376188   0.0010374672   0.0000069263  -0.0000054748   0.0000049555
       -0.0000124719  -0.0000034730  -0.0000105751   0.0000040742   0.0000009271
       -0.0000005477   0.0000000933  -0.0000030945   0.0000016995   0.0000054686
        0.0000023230   0.0000006706  -0.0000223121  -0.0000077697  -0.0000069955
       -0.0000061366   0.0000051702   0.0000044425  -0.0000053537   0.0000009883
        0.0000197263   0.0000215131  -0.0000092966   0.0000310165   0.0006448762
       -0.0006850143   0.0079468729  -0.0017336645  -0.0034610736   0.0004611430
        0.0132123989  -0.0019207600  -0.0328599799   0.0008564795  -0.0024298704
        0.0004691928   0.0006354942  -0.0008179883   0.0080441748   0.0000041934
        0.0000042974   0.0000050658   0.0000021140   0.0000002413  -0.0000004318
        0.0000007246  -0.0000011878  -0.0000007664  -0.0000001795  -0.0000009090
        0.0000031007  -0.0000055722   0.0000032070   0.0000142070
        0.0001930315   0.0001798412   0.0007148415  -0.0035563573  -0.0009611360
       -0.0004203217   0.0066233106  -0.0003806033  -0.0020325462  -0.0440916358
       -0.0757037375  -0.0067813842  -0.0431526019   0.0269973225   0.0040282860
        0.0579216864   0.0229916454   0.0007997594  -0.1417121983   0.0533456404
        0.0103894368   0.6617901126   0.0110059701  -0.0252106580  -0.3414639474
        0.0501414449   0.0223753500   0.0004772886   0.0002806905  -0.0003517869
       -0.0001822575  -0.0000399655  -0.0001979980   0.0000030661  -0.0000629491
       -0.0000720362  -0.0000482406   0.0000064851   0.0000393043   0.0000813018
        0.0000222267   0.0000871885  -0.0000257471  -0.0000007377   0.0001014721
        0.0001541602   0.0001668957   0.0001255113  -0.0001589022   0.0000127085
        0.0002037269  -0.0000782435  -0.0002523144   0.0001896843  -0.0001019970
        0.0008184700   0.0002499090  -0.0008843340  -0.0036326663  -0.0000803667
       -0.0171745202   0.0268676479   0.0039473398  -0.1186794280  -0.1151233786
       -0.0096282905  -0.0159396641   0.0032733824   0.0013499393   0.0000099023
        0.0000235793   0.0000746299   0.0000390985   0.0000013221   0.0000259989
        0.0000415148  -0.0000042419  -0.0000066647   0.0000026007  -0.0000138190
       -0.0000189301  -0.0000869993   0.0000402767   0.0000986049
        0.0000576303   0.0001638753  -0.0000659242  -0.0008911950   0.0001921901
        0.0001652937  -0.0037046694  -0.0062187731  -0.0012914937  -0.0207943799
        0.0326368139   0.0062618840   0.0319765081  -0.0154974396  -0.0016640423
       -0.0364074124  -0.0670433703  -0.0069361972   0.1320235303  -0.2751994054
       -0.0323194372   0.0110059701   0.6544530907   0.0617653694  -0.0249255960
       -0.0936155864  -0.0056096931  -0.0002786010   0.0003984474  -0.0002698920
       -0.0000171783   0.0000119406   0.0000287258  -0.0000174646  -0.0000615243
        0.0000302680   0.0000072713  -0.0000000993  -0.0000113656  -0.0000206547
       -0.0000311083   0.0000212083   0.0000238514   0.0000358532  -0.0000188935
       -0.0000622423   0.0000398417   0.0000438373   0.0000983660  -0.0000464541
       -0.0000918805  -0.0001170259   0.0000475298  -0.0001419104   0.0006226633
        0.0005294298   0.0000558284  -0.0030606313  -0.0038218381  -0.0012347388
        0.0026369019  -0.0026035770  -0.0003729894  -0.1152516755  -0.2207242157
       -0.0162361474   0.0271231690  -0.0036432739  -0.0020187606  -0.0000058942
        0.0000112975  -0.0000145527  -0.0000063262   0.0000057194  -0.0000009567
       -0.0000098334   0.0000166574  -0.0000019468   0.0000022169   0.0000002454
       -0.0000068454  -0.0000072986  -0.0000362669  -0.0000647474
        0.0001490198  -0.0006748489  -0.0000316971   0.0016885041   0.0002953661
        0.0007110452  -0.0004162457  -0.0007736708   0.0064946060  -0.0012597792
        0.0064988772  -0.0009832053   0.0057640098  -0.0025866918  -0.0052531878
       -0.0069143187  -0.0091872489   0.0002483152   0.0193688040  -0.0286347556
       -0.0511527925  -0.0252106580   0.0617653694   0.1238433281   0.0115383731
       -0.0079969237  -0.0449628863  -0.0000331608   0.0007041627  -0.0000274328
        0.0001168278   0.0000322119   0.0000193481   0.0000038104  -0.0000352142
        0.0000827705  -0.0000082948  -0.0000147840  -0.0000262243   0.0000161729
       -0.0000237619  -0.0000078003  -0.0001150974  -0.0000423696  -0.0000305015
        0.0000331543  -0.0000433326  -0.0001549698  -0.0000132102   0.0000156276
        0.0001117167  -0.0000675760   0.0000115247  -0.0000380289   0.0000921127
        0.0000677751  -0.0001953498   0.0000833855  -0.0012403790   0.0077156051
        0.0010294993  -0.0014390932  -0.0002400742  -0.0095541324  -0.0162758290
       -0.0357703899   0.0037333866  -0.0004441397  -0.0003121852   0.0000018954
        0.0000159562  -0.0000093650  -0.0000076008  -0.0000021905  -0.0000067533
       -0.0000120445   0.0000063790   0.0000005716  -0.0000101050   0.0000133553
        0.0000082718   0.0000032679  -0.0000113718  -0.0000327343
        0.0000898551  -0.0013635615  -0.0004662401   0.0019996686   0.0002166452
        0.0044201855  -0.0514905948  -0.0326454173  -0.0012348502  -0.1344961199
       -0.0611185442  -0.0042900499   0.0519360402  -0.0290168418  -0.0049818472
       -0.0490434603  -0.0284478879  -0.0019208713  -0.0313657076   0.0858181734
        0.0115466244  -0.3414639474  -0.0249255960   0.0115383731   0.6738208033
       -0.0155862563  -0.0298340483  -0.0023496167   0.0024108568  -0.0009778974
        0.0003796598   0.0003148060   0.0005405379  -0.0001609067  -0.0001753245
        0.0003819399   0.0000519611  -0.0000475025  -0.0001465972  -0.0000044013
       -0.0002068906  -0.0001838613   0.0000661767  -0.0000479086  -0.0003455456
       -0.0000214462  -0.0001665784  -0.0003693211   0.0002367316   0.0000371142
       -0.0000534132  -0.0000174531   0.0000079016  -0.0004924681  -0.0004240264
        0.0030476962   0.0004645330  -0.0001890375  -0.0006933572   0.0000476637
       -0.0002415910   0.0025129881   0.0007435590  -0.0199686098  -0.0020942895
        0.0007441412  -0.0969985636   0.1022410287   0.0153434236  -0.0000231383
        0.0000555977  -0.0001032186  -0.0001323191  -0.0000278156  -0.0000395251
       -0.0001129915   0.0000364584  -0.0000087505  -0.0000772123   0.0000256064
        0.0000764940   0.0000002471  -0.0001611006  -0.0003989701
       -0.0000057930   0.0000782770  -0.0002029349   0.0049739842   0.0009380538
        0.0008994463  -0.0212309812  -0.0003202467   0.0038819088  -0.1212289290
       -0.2386902821  -0.0222072482   0.0176965820  -0.0577872700  -0.0080965516
       -0.0239038550  -0.0099580996   0.0003447291   0.0275574794   0.0192783691
        0.0006376188   0.0501414449  -0.0936155864  -0.0079969237  -0.0155862563
        0.6319281141   0.0646186307  -0.0005317208  -0.0003063039   0.0005057968
        0.0003742201   0.0000642736   0.0000917776  -0.0000987827   0.0000447212
        0.0000302851   0.0000223403  -0.0000067931  -0.0000409013  -0.0000988836
       -0.0000305662  -0.0000840634   0.0003095875   0.0000276769  -0.0000163925
       -0.0000116344  -0.0000676164  -0.0000344834   0.0002604585   0.0000128719
       -0.0001072292  -0.0001540564  -0.0000828485  -0.0006793150   0.0024026967
       -0.0044242263  -0.0016998352  -0.0005677461   0.0006794280   0.0002789858
        0.0030619145  -0.0042663236  -0.0015831157  -0.0257189033  -0.0008898699
        0.0009871371   0.1023807573  -0.2425341258  -0.0291873422  -0.0000445657
       -0.0000261488  -0.0000458172  -0.0000063693  -0.0000036906  -0.0000070874
       -0.0000207698  -0.0000045815  -0.0000168674  -0.0000016240  -0.0000041018
       -0.0000102694   0.0000294052  -0.0000331045  -0.0002599385
        0.0000419777   0.0003090999   0.0002978167   0.0013288542   0.0011633394
        0.0006749473  -0.0035443594  -0.0001785222   0.0035992195  -0.0069519390
       -0.0224820154  -0.0524989178  -0.0010195801  -0.0047336255   0.0010705339
       -0.0004946343   0.0011298672  -0.0045719287   0.0044767351  -0.0016004161
        0.0010374672   0.0223753500  -0.0056096931  -0.0449628863  -0.0298340483
        0.0646186307   0.1170280340  -0.0004284955  -0.0002363597   0.0002741210
        0.0001272780   0.0000082621  -0.0000050235  -0.0000600137  -0.0000062534
       -0.0000381952   0.0000434456   0.0000019610   0.0000165427  -0.0000950134
        0.0000260250   0.0000805365   0.0000453377  -0.0000175737  -0.0001937142
       -0.0001035562   0.0000412456   0.0001568449   0.0001092056   0.0000181182
        0.0001499308  -0.0001233668  -0.0000009640   0.0000088350   0.0005673849
       -0.0014977370   0.0068570355  -0.0000669481   0.0001229506  -0.0001979075
        0.0007136508  -0.0014463956   0.0070530486  -0.0021002383  -0.0000418916
        0.0007946563   0.0149572968  -0.0295740652  -0.0366812220   0.0000002505
        0.0000082360   0.0000271503   0.0000267772   0.0000152918   0.0000182442
        0.0000309410   0.0000000969  -0.0000000507   0.0000020657  -0.0000157646
       -0.0000103989  -0.0000243577  -0.0000218475   0.0000152806
       -0.0067971123   0.0031104003   0.0097904687  -0.1691032234   0.0124798588
        0.0586375008  -0.0680421914  -0.0080749479  -0.0186154344   0.0039724674
       -0.0012545185  -0.0015245750  -0.0013420277   0.0005184637   0.0008281769
        0.0003755414   0.0000765464   0.0001190360  -0.0000518148   0.0001160196
        0.0000069263   0.0004772886  -0.0002786010  -0.0000331608  -0.0023496167
       -0.0005317208  -0.0004284955   0.6132205801   0.0448775166   0.0123857028
       -0.2104873642  -0.0666260704  -0.1202454634  -0.0633937672  -0.0006034264
        0.0121458623  -0.0015020321  -0.0083544855  -0.0209218202   0.0018997546
        0.0125169384   0.0287046010  -0.0931628119   0.0204369743   0.0541093892
       -0.0004841153  -0.0000024702   0.0003015357  -0.0004451754  -0.0000320147
       -0.0001456344   0.0000409391   0.0000404543   0.0004996202  -0.0000511066
        0.0000982802  -0.0000911936  -0.0000899004   0.0001114106  -0.0000294362
       -0.0001008421   0.0000199244  -0.0000125228  -0.0001293596  -0.0000924255
        0.0000562809   0.0000227309   0.0001756724  -0.0000025940   0.0036941955
        0.0010353607   0.0003335366  -0.0048417724  -0.0001715439   0.0022602477
        0.0007516774  -0.0002340959  -0.0004765827  -0.0049359818  -0.0000981502
        0.0028612110   0.0028550404  -0.0092593501  -0.0205131831
        0.0065034764   0.0040442645  -0.0044430506   0.0075104411  -0.0584963765
       -0.0059647417  -0.0051165266  -0.0071770945   0.0021499468  -0.0021033810
        0.0129989389  -0.0030911246  -0.0022297647  -0.0005907923  -0.0000006463
       -0.0005368221   0.0007129400   0.0004745399   0.0001660035   0.0001679387
       -0.0000054748   0.0002806905   0.0003984474   0.0007041627   0.0024108568
       -0.0003063039  -0.0002363597   0.0448775166   0.2067265219   0.1788374831
       -0.0428862828  -0.0769607275  -0.0560317202  -0.0225154822   0.0076210207
        0.0187875811  -0.0080959370  -0.0149008232  -0.0181644861   0.0330648023
        0.0025781042  -0.0045648983  -0.0023495040  -0.0860681629  -0.0832484097
       -0.0006085722   0.0004428101   0.0007719027   0.0002240819   0.0002335884
       -0.0006943958  -0.0000849676   0.0008209164  -0.0016791378  -0.0001075250
        0.0000149012  -0.0002213015  -0.0002658289   0.0000419719   0.0000258193
       -0.0000027275   0.0000253393  -0.0001406854   0.0001828633   0.0000225235
        0.0000004873   0.0001218771   0.0000769453  -0.0001246110  -0.0080045419
       -0.0036567858  -0.0078937830   0.0000155524   0.0071149410  -0.0025957192
       -0.0001044365  -0.0003373659  -0.0001103769  -0.0001537810   0.0072970145
       -0.0026787558  -0.0001920809  -0.0028446954  -0.0098622444
        0.0235759314  -0.0039695613  -0.0141422050   0.0426828864  -0.0084385013
       -0.0862727998  -0.0145292700   0.0054220915   0.0105871405  -0.0049007951
       -0.0040426356  -0.0006407162   0.0006439856  -0.0003664597  -0.0000413472
       -0.0001227526  -0.0001244921   0.0000183363   0.0000735288  -0.0000196146
        0.0000049555  -0.0003517869  -0.0002698920  -0.0000274328  -0.0009778974
        0.0005057968   0.0002741210   0.0123857028   0.1788374831   0.5669311570
       -0.0654808948  -0.0510439252  -0.1586722847  -0.0401188498   0.0151016517
        0.0449587373  -0.0207618602  -0.0186145804  -0.0464437132   0.0803360661
        0.0007103316  -0.0149444379   0.0006952447  -0.0880051758  -0.2620880938
        0.0005485294  -0.0002316456  -0.0005757455   0.0006776994  -0.0001291764
        0.0001619325   0.0012190764  -0.0016425378  -0.0051245920   0.0000808582
       -0.0000408924  -0.0000225589   0.0000104549  -0.0000147712  -0.0000037872
        0.0000098885   0.0000015075  -0.0000002720  -0.0001286717   0.0000124666
       -0.0000149275  -0.0000132964   0.0000330085  -0.0000341344  -0.0193827624
       -0.0099913679  -0.0184475234   0.0030876304  -0.0025913976   0.0014548320
       -0.0005001808  -0.0002268130  -0.0004156888   0.0021925163  -0.0027550571
        0.0015729971  -0.0009509813  -0.0081058404  -0.0180519489
       -0.0011214186  -0.0003738684  -0.0008465291  -0.0398650114  -0.0084376412
       -0.0126822364   0.0011739615   0.0013120113   0.0045047945  -0.0032900833
        0.0002237350  -0.0004524049   0.0003708859  -0.0004752084  -0.0002086044
       -0.0001805171   0.0000285620   0.0000528368   0.0001246752  -0.0000141751
       -0.0000124719  -0.0001822575  -0.0000171783   0.0001168278   0.0003796598
        0.0003742201   0.0001272780  -0.2104873642  -0.0428862828  -0.0654808948
        0.6442076952   0.0361471021  -0.0280901076  -0.3026256376  -0.0051329356
        0.0427883241   0.0067887948   0.0362082749   0.0848772898  -0.0620463907
       -0.0087634759  -0.0086618427   0.0406867420  -0.0212752168  -0.0586457951
       -0.0005112760  -0.0004251866   0.0000332120  -0.0005590445   0.0001817083
       -0.0000416194  -0.0000965518  -0.0000911104  -0.0004877966  -0.0000144928
       -0.0000421416  -0.0000219058  -0.0000030458  -0.0000253901  -0.0000010580
        0.0000258648   0.0000007848  -0.0000248242   0.0000021962   0.0000250740
       -0.0000047369  -0.0000274471   0.0000184754  -0.0000259037  -0.0479139245
        0.0132326008   0.0341938766  -0.0257325034   0.0002091303   0.0064766925
        0.0009628011  -0.0001296604   0.0012175544  -0.0005830195  -0.0001047537
       -0.0001865275   0.0005167092   0.0002325465   0.0014865725
       -0.0000333314  -0.0008726714  -0.0001935533  -0.0037972252   0.0000324146
        0.0020834221   0.0021668013   0.0013110984   0.0000832018  -0.0004274305
        0.0004461187  -0.0001158491   0.0000974697  -0.0000653188   0.0000104420
       -0.0000724420   0.0000122799   0.0000140477   0.0000255166   0.0000026806
       -0.0000034730  -0.0000399655   0.0000119406   0.0000322119   0.0003148060
        0.0000642736   0.0000082621  -0.0666260704  -0.0769607275  -0.0510439252
        0.0361471021   0.2029842761   0.1948204228   0.0250652704  -0.0556587203
       -0.0252290217   0.0131023732   0.0021779098  -0.0004433749  -0.0081226619
       -0.0054236375   0.0020484466  -0.0021830334  -0.0081307532  -0.0222371227
        0.0004141385  -0.0000800724  -0.0000122363  -0.0000571401   0.0004495021
       -0.0001790193  -0.0000755653   0.0001339388  -0.0002790303  -0.0000225896
        0.0000151495  -0.0000041640   0.0000228800  -0.0000112933  -0.0000165207
        0.0000281310   0.0000057163  -0.0000053941   0.0000358223   0.0000238925
        0.0000070144  -0.0000112502   0.0000218962   0.0000049664   0.0131878180
       -0.0726150984  -0.0927215866  -0.0089291822   0.0008574410   0.0024265945
        0.0000578256   0.0059543190  -0.0048528942  -0.0001251396  -0.0000362300
        0.0003851200  -0.0001429277   0.0053496751  -0.0045869871
        0.0004316334  -0.0002998692  -0.0010220109  -0.0050158383   0.0031308979
        0.0070757301   0.0066490481   0.0005064032   0.0016474779  -0.0011505305
       -0.0002312958   0.0003804036   0.0006302240  -0.0001523638  -0.0000541791
       -0.0001823520  -0.0000311868  -0.0000091424   0.0000678722  -0.0000321036
       -0.0000105751  -0.0001979980   0.0000287258   0.0000193481   0.0005405379
        0.0000917776  -0.0000050235  -0.1202454634  -0.0560317202  -0.1586722847
       -0.0280901076   0.1948204228   0.5837895673   0.1152827052  -0.0190515934
       -0.1167702579   0.0297469747  -0.0052982645  -0.0179702938  -0.0070089265
        0.0021937218   0.0013682165  -0.0140242702  -0.0180566605  -0.0386306791
        0.0008657363  -0.0004580238  -0.0001079975   0.0009790062   0.0004653179
       -0.0002433796  -0.0000317874  -0.0001543090  -0.0002691285  -0.0000319860
       -0.0000334007   0.0000218275   0.0000820977  -0.0000680689  -0.0000045322
        0.0000669885  -0.0000089170  -0.0000048825   0.0000770986   0.0000495025
       -0.0000079694  -0.0000432924   0.0000196322  -0.0000137148   0.0335734763
       -0.0929067304  -0.2584165364  -0.0154997679   0.0004537451   0.0050502775
        0.0015758412  -0.0047332838  -0.0038043710  -0.0002166496   0.0004119563
        0.0007665974   0.0011697297  -0.0046243115  -0.0041024873
        0.0006190452   0.0001724174  -0.0001495019   0.0015843668  -0.0019532399
       -0.0028381330  -0.0034232019  -0.0005370752  -0.0009179987   0.0001939837
        0.0001275823  -0.0000783120  -0.0001669000   0.0000836589   0.0001056935
       -0.0000167507   0.0000271279   0.0000192666  -0.0000391765   0.0000103794
        0.0000040742   0.0000030661  -0.0000174646   0.0000038104  -0.0001609067
       -0.0000987827  -0.0000600137  -0.0633937672  -0.0225154822  -0.0401188498
       -0.3026256376   0.0250652704   0.1152827052   0.6586681932   0.0458123063
       -0.0083314740  -0.1022082474  -0.0043420250   0.0013575013   0.0447640471
       -0.0014393455  -0.0130136934  -0.0245332279   0.0111513815   0.0309120178
       -0.0000739251   0.0000576237   0.0001183216  -0.0000624211  -0.0000355499
        0.0001236415   0.0001858233  -0.0000272100  -0.0001349196  -0.0000253857
       -0.0000622559  -0.0000217708  -0.0000117589  -0.0000061983  -0.0000050242
       -0.0000049293  -0.0000025741  -0.0000001153  -0.0000032115   0.0000009335
        0.0000100411   0.0000111705   0.0000771425   0.0000096795  -0.0066585983
        0.0010153957   0.0042627807  -0.1926267869  -0.0607081950  -0.1102007159
       -0.0072393690   0.0102323781   0.0262744055  -0.0029564146  -0.0022988677
       -0.0032682511   0.0002009208   0.0002106684   0.0006548343
        0.0002208212  -0.0004788669  -0.0000987815  -0.0032217197   0.0058974716
       -0.0034674920  -0.0000556035   0.0010015943   0.0003355916  -0.0002972468
       -0.0012026273   0.0002198871   0.0002865526   0.0000161555   0.0000405740
       -0.0000145050  -0.0000554929  -0.0000520121  -0.0000018962   0.0000005144
        0.0000009271  -0.0000629491  -0.0000615243  -0.0000352142  -0.0001753245
        0.0000447212  -0.0000062534  -0.0006034264   0.0076210207   0.0151016517
       -0.0051329356  -0.0556587203  -0.0190515934   0.0458123063   0.2017194127
        0.1943864600   0.0264738085  -0.0874567572  -0.0996000352  -0.0238090604
       -0.0087649714  -0.0190728788   0.0115538742  -0.0084154702  -0.0088448847
        0.0000866850   0.0000687470  -0.0001622800  -0.0000818758  -0.0000837385
        0.0000637214   0.0000463559   0.0000197956   0.0000283562   0.0000095804
       -0.0000147699   0.0000034496   0.0000395950  -0.0000169791  -0.0000049511
        0.0000178124  -0.0000013968   0.0000111818   0.0000025910   0.0000076813
        0.0000075703  -0.0000138184   0.0000027884   0.0000191405   0.0104937124
        0.0000512468  -0.0055957955  -0.0607326473  -0.0603494817  -0.0479748849
        0.0009953117   0.0000248423  -0.0027697605  -0.0021181845   0.0062114822
       -0.0036389341   0.0002821864  -0.0001266776   0.0001572399
        0.0002021707   0.0001863289  -0.0001475455  -0.0064675718  -0.0037988683
        0.0000101099   0.0018760168   0.0000698430   0.0011404956  -0.0009799890
        0.0006982648  -0.0001620692   0.0001446275  -0.0001439346  -0.0000046236
       -0.0001433244   0.0000316231   0.0000333515   0.0000425071   0.0000138014
       -0.0000005477  -0.0000720362   0.0000302680   0.0000827705   0.0003819399
        0.0000302851  -0.0000381952   0.0121458623   0.0187875811   0.0449587373
        0.0427883241  -0.0252290217  -0.1167702579  -0.0083314740   0.1943864600
        0.5792327605   0.0746083380  -0.0927256345  -0.2850100435  -0.0662459825
       -0.0239467606  -0.0416370646   0.0316342494  -0.0087981689  -0.0334401328
       -0.0001512790   0.0001525619  -0.0000728333   0.0000280965  -0.0001990278
       -0.0000823072   0.0000850467   0.0000862721   0.0001203963  -0.0000007368
        0.0000065079  -0.0000247527   0.0000328710  -0.0000309382  -0.0000032061
        0.0000371126   0.0000063802  -0.0000126802   0.0000566181   0.0000359973
        0.0000027825  -0.0000047540   0.0000099867  -0.0000094155   0.0263731645
       -0.0034411879  -0.0126356160  -0.1100431615  -0.0480986727  -0.1243468763
        0.0041335641  -0.0047465720  -0.0110893762  -0.0027513486  -0.0035991419
       -0.0001042328   0.0006211485   0.0002257672   0.0000103725
        0.0000402721  -0.0001232036  -0.0001937492  -0.0033227305  -0.0003500413
       -0.0005869466   0.0010880534   0.0005958765   0.0011742886  -0.0002302131
       -0.0000508666   0.0001396402   0.0000334121  -0.0000328090  -0.0000468329
       -0.0000669668  -0.0000015939  -0.0000039964   0.0000013229   0.0000021112
        0.0000000933  -0.0000482406   0.0000072713  -0.0000082948   0.0000519611
        0.0000223403   0.0000434456  -0.0015020321  -0.0080959370  -0.0207618602
        0.0067887948   0.0131023732   0.0297469747  -0.1022082474   0.0264738085
        0.0746083380   0.6670595573   0.0373449656  -0.0269152801  -0.2305920005
       -0.0728728543  -0.1357795594  -0.0648167752  -0.0019210082   0.0099110580
        0.0000667468  -0.0000970332  -0.0000110133   0.0000530607   0.0000767455
       -0.0000297273   0.0000684074  -0.0000225151  -0.0001304029  -0.0000067113
       -0.0000355343   0.0000146017  -0.0000034347  -0.0000069756   0.0000050124
       -0.0000073123   0.0000023016   0.0000015357  -0.0000053406   0.0000081977
       -0.0000043157   0.0000061507   0.0000476414  -0.0000047106  -0.0049492080
       -0.0000437507   0.0028996899   0.0024550243  -0.0088252559  -0.0213399344
       -0.2681368821   0.0142960218   0.0836216416   0.0029571960   0.0007535855
        0.0013469559  -0.0047738643  -0.0002538615   0.0023033481
        0.0000966356   0.0000203624  -0.0001477882  -0.0000716406  -0.0003815334
       -0.0003989845  -0.0004536316   0.0000076852   0.0001467974   0.0000830406
        0.0000099716   0.0000176218  -0.0000662039   0.0000100956   0.0000019465
        0.0000070998   0.0000037976   0.0000010974  -0.0000060708   0.0000028004
       -0.0000030945   0.0000064851  -0.0000000993  -0.0000147840  -0.0000475025
       -0.0000067931   0.0000019610  -0.0083544855  -0.0149008232  -0.0186145804
        0.0362082749   0.0021779098  -0.0052982645  -0.0043420250  -0.0874567572
       -0.0927256345   0.0373449656   0.1992020905   0.1887408216  -0.0419397895
       -0.0770878309  -0.0601558651  -0.0246345081   0.0077646015   0.0208236785
        0.0000439644   0.0000822792   0.0000196475   0.0000664707  -0.0000850345
        0.0000680922   0.0000261864  -0.0000214159   0.0000138542  -0.0000024902
       -0.0000029246   0.0000063034  -0.0000099395   0.0000071859   0.0000030656
       -0.0000036064   0.0000008763  -0.0000016271  -0.0000050378  -0.0000065130
       -0.0000083226   0.0000012764   0.0000113703  -0.0000025119  -0.0002242594
        0.0071108070  -0.0026821238   0.0005041806  -0.0032893660  -0.0100420639
        0.0143033254  -0.0371038729  -0.0089658954  -0.0084976053  -0.0032253620
       -0.0080926382  -0.0000331093   0.0071564928  -0.0026907085
        0.0002179083  -0.0000706712  -0.0002038039   0.0005394404  -0.0002795303
       -0.0009833500  -0.0011881889   0.0001003980  -0.0000122995   0.0002553769
       -0.0001040196   0.0000310928  -0.0001306357   0.0000337287   0.0000014980
        0.0000356231  -0.0000007012  -0.0000021321  -0.0000226164   0.0000026079
        0.0000016995   0.0000393043  -0.0000113656  -0.0000262243  -0.0001465972
       -0.0000409013   0.0000165427  -0.0209218202  -0.0181644861  -0.0464437132
        0.0848772898  -0.0004433749  -0.0179702938   0.0013575013  -0.0996000352
       -0.2850100435  -0.0269152801   0.1887408216   0.5731001413  -0.0623474970
       -0.0535685572  -0.1634923801  -0.0446252576   0.0156560229   0.0486611470
        0.0000515591   0.0002261335   0.0000447328   0.0001322198  -0.0001521083
        0.0001698594   0.0000354757   0.0000049495   0.0000287933  -0.0000044457
        0.0000049432  -0.0000033699  -0.0000234606   0.0000137663   0.0000000566
       -0.0000133159   0.0000006641   0.0000051278  -0.0000229739  -0.0000101057
        0.0000037316   0.0000079371   0.0000220061   0.0000084948   0.0023693276
       -0.0027293539   0.0013640931   0.0008300384  -0.0078842552  -0.0183724392
        0.0837187717  -0.0089486920  -0.0736349640  -0.0207237524  -0.0100381975
       -0.0186939821   0.0026180682  -0.0027596869   0.0014119849
       -0.0003073475   0.0004110236   0.0006956234   0.0069616574   0.0004780654
        0.0017009388  -0.0016633861  -0.0010478812  -0.0017959217   0.0008020920
        0.0001366176  -0.0002288298  -0.0000354254   0.0000732612   0.0000950562
        0.0000375600   0.0000163983   0.0000109904  -0.0000420283   0.0000206295
        0.0000054686   0.0000813018  -0.0000206547   0.0000161729  -0.0000044013
       -0.0000988836  -0.0000950134   0.0018997546   0.0330648023   0.0803360661
       -0.0620463907  -0.0081226619  -0.0070089265   0.0447640471  -0.0238090604
       -0.0662459825  -0.2305920005  -0.0419397895  -0.0623474970   0.6486839362
        0.0371132315  -0.0238142963  -0.3088945565  -0.0030291746   0.0464499229
       -0.0001876264  -0.0001665760   0.0000782210  -0.0002530440   0.0001373773
       -0.0001045914   0.0000330483   0.0000274242   0.0000312977  -0.0000180108
       -0.0000070082   0.0000025113  -0.0000074449  -0.0000061487  -0.0000004813
        0.0000044493  -0.0000006125  -0.0000021260   0.0000029376   0.0000052502
        0.0000044605  -0.0000109810   0.0000249569  -0.0000070552  -0.0005000261
       -0.0000228101  -0.0001122401   0.0011428651   0.0000217108   0.0016303523
       -0.0250291310  -0.0085195611  -0.0147427323  -0.0506823593   0.0147521793
        0.0389800317  -0.0241394892   0.0005078943   0.0064685795
        0.0006731487  -0.0002944305  -0.0001566597   0.0005291349   0.0054681662
       -0.0049668823  -0.0011083059   0.0000280642   0.0004143841   0.0002954496
       -0.0005365959   0.0000386239  -0.0000380610   0.0000493466  -0.0000073054
        0.0000334315  -0.0000091810  -0.0000150359  -0.0000017378   0.0000071626
        0.0000023230   0.0000222267  -0.0000311083  -0.0000237619  -0.0002068906
       -0.0000305662   0.0000260250   0.0125169384   0.0025781042   0.0007103316
       -0.0087634759  -0.0054236375   0.0021937218  -0.0014393455  -0.0087649714
       -0.0239467606  -0.0728728543  -0.0770878309  -0.0535685572   0.0371132315
        0.2019564353   0.1965694277   0.0263220098  -0.0554456024  -0.0261611772
        0.0000317085   0.0000059049  -0.0000329860  -0.0000355209  -0.0000303800
        0.0000883256   0.0000609707  -0.0001517798  -0.0001434687   0.0000046281
        0.0000146029   0.0000136511  -0.0000117051   0.0000157766   0.0000081063
       -0.0000144184   0.0000000802   0.0000080852  -0.0000215296  -0.0000160723
       -0.0000080481   0.0000185834   0.0000096538  -0.0000041828  -0.0000676609
       -0.0000835205   0.0003823718  -0.0001697619   0.0059001512  -0.0048332407
        0.0007220842   0.0014789051   0.0005203282   0.0147806162  -0.0711943416
       -0.0892115389  -0.0083728943   0.0015876645   0.0021038999
        0.0012327926   0.0001156144  -0.0004889517   0.0018838952  -0.0046660102
       -0.0041894125  -0.0015002513   0.0001161386   0.0004503008   0.0006698653
        0.0002210751  -0.0001825827  -0.0002450114   0.0000736083  -0.0000271215
        0.0000573138   0.0000064511   0.0000067262  -0.0000128692   0.0000220469
        0.0000006706   0.0000871885   0.0000212083  -0.0000078003  -0.0001838613
       -0.0000840634   0.0000805365   0.0287046010  -0.0045648983  -0.0149444379
       -0.0086618427   0.0020484466   0.0013682165  -0.0130136934  -0.0190728788
       -0.0416370646  -0.1357795594  -0.0601558651  -0.1634923801  -0.0238142963
        0.1965694277   0.5909935797   0.1181800703  -0.0196292393  -0.1188156486
       -0.0000669956   0.0001272329   0.0000928174   0.0000128846  -0.0000614827
        0.0001173221   0.0000295504  -0.0000168342  -0.0002961610   0.0000016346
        0.0000302117  -0.0000089076  -0.0000361996   0.0000403649   0.0000081437
       -0.0000354908   0.0000074058   0.0000011899  -0.0000305259  -0.0000253264
       -0.0000028149   0.0000353489   0.0000173485  -0.0000190066  -0.0001120661
        0.0003807727   0.0007184741   0.0010646418  -0.0048787850  -0.0039101858
        0.0072405898   0.0023989012   0.0055321659   0.0390272003  -0.0892334007
       -0.2565837368  -0.0147349140   0.0001925293   0.0052360693
       -0.0047331690  -0.0002399482   0.0010615213  -0.0164219399   0.0098602580
        0.0270323081  -0.0012519695   0.0022183391   0.0047664841  -0.0002415712
       -0.0000431475   0.0009407273  -0.0001849883  -0.0001137753  -0.0002515084
        0.0001220347   0.0000145946  -0.0000649500   0.0000578298  -0.0001046283
       -0.0000223121  -0.0000257471   0.0000238514  -0.0001150974   0.0000661767
        0.0003095875   0.0000453377  -0.0931628119  -0.0023495040   0.0006952447
        0.0406867420  -0.0021830334  -0.0140242702  -0.0245332279   0.0115538742
        0.0316342494  -0.0648167752  -0.0246345081  -0.0446252576  -0.3088945565
        0.0263220098   0.1181800703   0.6852356996   0.0440397839  -0.0133465762
        0.0000454757   0.0000256413  -0.0001317871   0.0001047174  -0.0001208024
       -0.0001334733  -0.0003494408   0.0003437536   0.0015156404   0.0000286807
       -0.0000509144   0.0000740069  -0.0000572750   0.0000398015   0.0000132238
       -0.0000491681  -0.0000036387   0.0000235693  -0.0000780701  -0.0000366591
       -0.0000059024  -0.0000594443  -0.0000896601   0.0000586986  -0.0033011880
       -0.0024463198  -0.0031484337   0.0003272991   0.0003673346   0.0006770227
       -0.0032720891  -0.0020964940  -0.0027793654  -0.0069028238   0.0012842445
        0.0046330412  -0.1983384000  -0.0618900405  -0.1127022122
       -0.0001934148   0.0017855105   0.0002532214   0.0086437597  -0.0004627865
       -0.0032774839  -0.0014239381   0.0001822564  -0.0026440585  -0.0002549538
       -0.0002264897   0.0002253176  -0.0000305324  -0.0000394943  -0.0000189061
       -0.0000006143  -0.0000441573   0.0000077922   0.0000219881  -0.0000120767
       -0.0000077697  -0.0000007377   0.0000358532  -0.0000423696  -0.0000479086
        0.0000276769  -0.0000175737   0.0204369743  -0.0860681629  -0.0880051758
       -0.0212752168  -0.0081307532  -0.0180566605   0.0111513815  -0.0084154702
       -0.0087981689  -0.0019210082   0.0077646015   0.0156560229  -0.0030291746
       -0.0554456024  -0.0196292393   0.0440397839   0.1978219571   0.1828391887
       -0.0001544692   0.0000442859   0.0001817269  -0.0000955557  -0.0000482765
       -0.0001897310  -0.0000596571   0.0000361165  -0.0001022530   0.0000248131
        0.0000435332   0.0000380826   0.0000007477   0.0000224963   0.0000055242
       -0.0000186735   0.0000082844   0.0000083345  -0.0000108488  -0.0000146831
        0.0000004308   0.0000185714  -0.0000092489   0.0000040696  -0.0020760550
        0.0057887530  -0.0035620930   0.0003371896  -0.0001232096   0.0001386224
       -0.0022825092   0.0061811242  -0.0035679106   0.0103805610  -0.0004799399
       -0.0050714147  -0.0621805025  -0.0602220979  -0.0463675256
        0.0012838527   0.0000053914   0.0010617796   0.0276612372  -0.0033768851
       -0.0129875965  -0.0062977132  -0.0035445570  -0.0057902898   0.0007163325
        0.0004287639   0.0000228320  -0.0004493895   0.0001161832   0.0001417831
        0.0001721430   0.0000268318   0.0000131299   0.0000114186  -0.0000468141
       -0.0000069955   0.0001014721  -0.0000188935  -0.0000305015  -0.0003455456
       -0.0000163925  -0.0001937142   0.0541093892  -0.0832484097  -0.2620880938
       -0.0586457951  -0.0222371227  -0.0386306791   0.0309120178  -0.0088448847
       -0.0334401328   0.0099110580   0.0208236785   0.0486611470   0.0464499229
       -0.0261611772  -0.1188156486  -0.0133465762   0.1828391887   0.5579923182
       -0.0002290794  -0.0000469847  -0.0000700799  -0.0003377394   0.0000152098
        0.0000163041  -0.0000084240  -0.0001784206  -0.0004182708   0.0000697852
        0.0000416309   0.0000090846  -0.0000447721   0.0000516938   0.0000080913
       -0.0000551351  -0.0000047331   0.0000082373  -0.0000411678  -0.0000548272
        0.0000113696  -0.0000161524  -0.0001299801   0.0000373741  -0.0026600171
       -0.0034583275  -0.0002990130   0.0006926978   0.0001264709  -0.0000319458
       -0.0030972437  -0.0035703591  -0.0000821002   0.0263268341  -0.0030988742
       -0.0123696413  -0.1128434105  -0.0464374001  -0.1227287482
       -0.0577229764  -0.0597192536  -0.0086444024   0.0020911093   0.0031869318
       -0.0021487017   0.0000071028  -0.0001717919   0.0001172108   0.0000930776
        0.0002392925  -0.0002639337   0.0000628201  -0.0004364403   0.0002479888
       -0.0001671802   0.0000551691  -0.0000076560   0.0000999357   0.0001581241
       -0.0000061366   0.0001541602  -0.0000622423   0.0000331543  -0.0000214462
       -0.0000116344  -0.0001035562  -0.0004841153  -0.0006085722   0.0005485294
       -0.0005112760   0.0004141385   0.0008657363  -0.0000739251   0.0000866850
       -0.0001512790   0.0000667468   0.0000439644   0.0000515591  -0.0001876264
        0.0000317085  -0.0000669956   0.0000454757  -0.0001544692  -0.0002290794
        0.0662005647   0.0708105233   0.0123415098   0.0045236865   0.0171151153
        0.0015372495  -0.0122825295  -0.0316892705  -0.0041209658  -0.0001045072
        0.0001922469  -0.0002339325  -0.0000307234   0.0000109039   0.0000156004
        0.0000300317   0.0000270212  -0.0000019145   0.0000126401   0.0000306810
        0.0000127052  -0.0000075481   0.0000904674   0.0000197506  -0.0018082587
        0.0004850863   0.0003288916  -0.0000076976  -0.0000090579  -0.0000022737
        0.0000269068  -0.0000576918  -0.0000260626   0.0000017658  -0.0000103337
       -0.0000301527  -0.0000062139  -0.0000473015  -0.0000828435
       -0.0608056317  -0.2564778889  -0.0355446128  -0.0031706763  -0.0092361381
       -0.0066948511   0.0005367709   0.0008793337  -0.0009122210   0.0005504564
       -0.0005524095  -0.0000845274   0.0000501410  -0.0001383604   0.0000466406
       -0.0000439413  -0.0000992460   0.0000207769   0.0000556645   0.0001183256
        0.0000051702   0.0001668957   0.0000398417  -0.0000433326  -0.0001665784
       -0.0000676164   0.0000412456  -0.0000024702   0.0004428101  -0.0002316456
       -0.0004251866  -0.0000800724  -0.0004580238   0.0000576237   0.0000687470
        0.0001525619  -0.0000970332   0.0000822792   0.0002261335  -0.0001665760
        0.0000059049   0.0001272329   0.0000256413   0.0000442859  -0.0000469847
        0.0708105233   0.2950706860   0.0438263961  -0.0040813308  -0.0244584357
       -0.0006304536  -0.0042746937  -0.0063115552  -0.0003280127  -0.0000045450
        0.0002466094   0.0000051292   0.0000139160   0.0000320153   0.0000177524
       -0.0000243410   0.0000134878  -0.0000015150   0.0000018533  -0.0000198981
        0.0000028742   0.0000230433   0.0000471461   0.0000208808   0.0010798444
        0.0002676465   0.0002860100  -0.0000378959   0.0000095402   0.0000308100
       -0.0000174593   0.0000125368   0.0000548921  -0.0000260518   0.0000093844
        0.0000185227  -0.0000279625   0.0000510399   0.0000931511
       -0.0104915142  -0.0422867748  -0.0429087565  -0.0080312005  -0.0285112630
       -0.0087197799  -0.0004087880   0.0030318186  -0.0050626049   0.0008178502
       -0.0014687926  -0.0000074294   0.0000443277  -0.0001260588  -0.0000010138
        0.0001476548  -0.0000769613   0.0000021643  -0.0000563452   0.0000465771
        0.0000044425   0.0001255113   0.0000438373  -0.0001549698  -0.0003693211
       -0.0000344834   0.0001568449   0.0003015357   0.0007719027  -0.0005757455
        0.0000332120  -0.0000122363  -0.0001079975   0.0001183216  -0.0001622800
       -0.0000728333  -0.0000110133   0.0000196475   0.0000447328   0.0000782210
       -0.0000329860   0.0000928174  -0.0001317871   0.0001817269  -0.0000700799
        0.0123415098   0.0438263961   0.0513861565   0.0038949591   0.0190100814
        0.0035294722   0.0015954589   0.0053713618   0.0019613947  -0.0002082910
        0.0001878616  -0.0000455629   0.0000328901   0.0000180663   0.0000057053
       -0.0000041459   0.0000141459   0.0000244290  -0.0000137153  -0.0000151308
        0.0000005723   0.0000218134   0.0000302010  -0.0000282364   0.0003421977
        0.0000742348   0.0004041075  -0.0000652852   0.0000058204   0.0000197295
       -0.0000249875   0.0000342067   0.0000014445  -0.0000403265  -0.0000033193
        0.0000388978  -0.0000387426   0.0000624002   0.0000820987
       -0.1124875417   0.0782943071  -0.0741698473   0.0023991497  -0.0036808952
       -0.0026255744   0.0004136336   0.0008997974   0.0007414753  -0.0002620712
       -0.0002725905  -0.0003551189   0.0000272678   0.0000936281  -0.0002149436
        0.0002322246  -0.0000410958  -0.0000211545   0.0000115279  -0.0001655998
       -0.0000053537  -0.0001589022   0.0000983660  -0.0000132102   0.0002367316
        0.0002604585   0.0001092056  -0.0004451754   0.0002240819   0.0006776994
       -0.0005590445  -0.0000571401   0.0009790062  -0.0000624211  -0.0000818758
        0.0000280965   0.0000530607   0.0000664707   0.0001322198  -0.0002530440
       -0.0000355209   0.0000128846   0.0001047174  -0.0000955557  -0.0003377394
        0.0045236865  -0.0040813308   0.0038949591   0.1290110898  -0.0901162312
        0.0889240771  -0.0214003308   0.0198272437  -0.0182624507  -0.0001012316
       -0.0001826616   0.0000068991   0.0000247257  -0.0000267085  -0.0000246923
       -0.0000063107  -0.0000204240   0.0000076092  -0.0000064552  -0.0000131865
       -0.0000142758  -0.0000236479  -0.0000745837  -0.0000355509  -0.0012474316
       -0.0007898462   0.0006972530  -0.0000186698  -0.0000074912  -0.0000042537
        0.0000135858   0.0000213525  -0.0000419254  -0.0000084902  -0.0000071612
       -0.0000210025  -0.0000106331  -0.0000358072  -0.0000642917
        0.0772729346  -0.1255090056   0.0861804009  -0.0025184096   0.0041925960
       -0.0030617598  -0.0002382789  -0.0011418972  -0.0015065447  -0.0001294348
        0.0001479096  -0.0000263610  -0.0000208834  -0.0001579642   0.0000476380
       -0.0000401195   0.0000796989  -0.0000002631  -0.0000240825   0.0000479389
        0.0000009883   0.0000127085  -0.0000464541   0.0000156276   0.0000371142
        0.0000128719   0.0000181182  -0.0000320147   0.0002335884  -0.0001291764
        0.0001817083   0.0004495021   0.0004653179  -0.0000355499  -0.0000837385
       -0.0001990278   0.0000767455  -0.0000850345  -0.0001521083   0.0001373773
       -0.0000303800  -0.0000614827  -0.0001208024  -0.0000482765   0.0000152098
        0.0171151153  -0.0244584357   0.0190100814  -0.0901162312   0.1449783149
       -0.0993539840  -0.0003708486   0.0018173233  -0.0012709844  -0.0000210619
        0.0000567201  -0.0000586626  -0.0000111406  -0.0000147322   0.0000023133
        0.0000316758   0.0000050500  -0.0000052456   0.0000127906   0.0000220684
        0.0000033372  -0.0000025283   0.0000401341  -0.0000042250  -0.0012243405
       -0.0004613663   0.0002101885  -0.0000017378  -0.0000034289  -0.0000178206
        0.0000177514  -0.0000253059  -0.0000458868   0.0000057001   0.0000059064
       -0.0000194457   0.0000058433  -0.0000236035  -0.0000562427
       -0.0767847229   0.0900421213  -0.1237680470  -0.0162066579   0.0164534693
       -0.0222476579   0.0001441510  -0.0048441983  -0.0056596385   0.0006188482
        0.0010357393  -0.0003720565  -0.0000263164   0.0001192265   0.0001021742
       -0.0000560733   0.0000309946  -0.0000276914   0.0000526372   0.0001091168
        0.0000197263   0.0002037269  -0.0000918805   0.0001117167  -0.0000534132
       -0.0001072292   0.0001499308  -0.0001456344  -0.0006943958   0.0001619325
       -0.0000416194  -0.0001790193  -0.0002433796   0.0001236415   0.0000637214
       -0.0000823072  -0.0000297273   0.0000680922   0.0001698594  -0.0001045914
        0.0000883256   0.0001173221  -0.0001334733  -0.0001897310   0.0000163041
        0.0015372495  -0.0006304536   0.0035294722   0.0889240771  -0.0993539840
        0.1439466830   0.0014322111  -0.0024245690   0.0035106101   0.0000104749
       -0.0000432403  -0.0000655825  -0.0000395894   0.0000265929   0.0000058804
       -0.0000343170  -0.0000000035  -0.0000154292  -0.0000159930  -0.0000256782
       -0.0000219741   0.0000089582  -0.0000204390  -0.0000156384   0.0008421381
        0.0004739873   0.0003888865  -0.0000798385   0.0000059002   0.0000428830
       -0.0000203072   0.0000039732   0.0000437907  -0.0000514437   0.0000199739
        0.0000306845  -0.0000743953   0.0000635874   0.0001715458
       -0.2697626106  -0.0254973988   0.0479698352  -0.0093177748   0.0007766566
        0.0077280213   0.0003967659  -0.0002191104  -0.0020712798   0.0008851213
       -0.0002471917  -0.0004664457  -0.0004519999   0.0005821230  -0.0006299284
       -0.0002332473   0.0000905508  -0.0000606607  -0.0001543617  -0.0000216242
        0.0000215131  -0.0000782435  -0.0001170259  -0.0000675760  -0.0000174531
       -0.0001540564  -0.0001233668   0.0000409391  -0.0000849676   0.0012190764
       -0.0000965518  -0.0000755653  -0.0000317874   0.0001858233   0.0000463559
        0.0000850467   0.0000684074   0.0000261864   0.0000354757   0.0000330483
        0.0000609707   0.0000295504  -0.0003494408  -0.0000596571  -0.0000084240
       -0.0122825295  -0.0042746937   0.0015954589  -0.0214003308  -0.0003708486
        0.0014322111   0.3126158459   0.0293935962  -0.0573195168   0.0000471296
       -0.0001469320   0.0000033144  -0.0000344863   0.0000193337   0.0000578765
       -0.0000207092   0.0000023007   0.0000276195  -0.0000249471   0.0000019434
        0.0000189464  -0.0000013416   0.0000701712   0.0000840916   0.0000127858
        0.0001525532   0.0003132752   0.0000037043  -0.0000087787   0.0000000320
       -0.0000336118   0.0000116770   0.0000378299  -0.0000277701   0.0000236409
        0.0000541705  -0.0000021606   0.0000197909   0.0000656408
       -0.0253723759  -0.0472611880   0.0067724131   0.0065301021   0.0008131103
       -0.0034244718   0.0009961526   0.0000481766   0.0007296766  -0.0002060992
        0.0002069057   0.0002235384   0.0000749503   0.0004586042   0.0000143664
        0.0003369531   0.0000537496  -0.0000864123  -0.0000636841  -0.0001806751
       -0.0000092966  -0.0002523144   0.0000475298   0.0000115247   0.0000079016
       -0.0000828485  -0.0000009640   0.0000404543   0.0008209164  -0.0016425378
       -0.0000911104   0.0001339388  -0.0001543090  -0.0000272100   0.0000197956
        0.0000862721  -0.0000225151  -0.0000214159   0.0000049495   0.0000274242
       -0.0001517798  -0.0000168342   0.0003437536   0.0000361165  -0.0001784206
       -0.0316892705  -0.0063115552   0.0053713618   0.0198272437   0.0018173233
       -0.0024245690   0.0293935962   0.0503515602  -0.0056539656  -0.0000399944
       -0.0004289532   0.0002848943   0.0000469452  -0.0000714705  -0.0000198128
       -0.0000081659  -0.0000542660   0.0000086780   0.0000060199  -0.0000408375
        0.0000015880   0.0000279143  -0.0001586618  -0.0000142924   0.0000658244
       -0.0001268797   0.0001097724   0.0000016633   0.0000143982  -0.0000059491
       -0.0000038744   0.0000130074   0.0000072850   0.0000274506  -0.0000014451
       -0.0000089854   0.0000222648   0.0000568436   0.0000145002
        0.0482124243   0.0064369045  -0.0536311203   0.0299186051   0.0020648215
       -0.0108349073   0.0010307617   0.0004187950   0.0031653313   0.0002323565
       -0.0002661455  -0.0009569104  -0.0008761273   0.0007440724  -0.0002207261
       -0.0003849751   0.0000986267   0.0000005869  -0.0000042266   0.0002053895
        0.0000310165   0.0001896843  -0.0001419104  -0.0000380289  -0.0004924681
       -0.0006793150   0.0000088350   0.0004996202  -0.0016791378  -0.0051245920
       -0.0004877966  -0.0002790303  -0.0002691285  -0.0001349196   0.0000283562
        0.0001203963  -0.0001304029   0.0000138542   0.0000287933   0.0000312977
       -0.0001434687  -0.0002961610   0.0015156404  -0.0001022530  -0.0004182708
       -0.0041209658  -0.0003280127   0.0019613947  -0.0182624507  -0.0012709844
        0.0035106101  -0.0573195168  -0.0056539656   0.0629630644   0.0000422492
        0.0003324707  -0.0001542214   0.0001052798  -0.0000463950   0.0000021930
        0.0000937660   0.0000188698  -0.0000034514   0.0000927620   0.0000482047
       -0.0000141271   0.0000736342   0.0000507871  -0.0000069009  -0.0000390114
        0.0000947394   0.0001344369   0.0000234904   0.0000036930   0.0000187047
        0.0000156749   0.0000073022   0.0000075744   0.0001160942  -0.0000153139
       -0.0000729137   0.0000595198   0.0000390453   0.0000885225
       -0.0000952624   0.0002069805  -0.0002547656   0.0001561176  -0.0001395740
       -0.0002370928   0.0018792721   0.0009461380   0.0002176038   0.0055676733
        0.0089638345   0.0007849966  -0.1199658636  -0.1153619948  -0.0080218508
       -0.0193653865  -0.0257779928  -0.0019750816  -0.0057523746   0.0008642651
        0.0006448762  -0.0001019970   0.0006226633   0.0000921127  -0.0004240264
        0.0024026967   0.0005673849  -0.0000511066  -0.0001075250   0.0000808582
       -0.0000144928  -0.0000225896  -0.0000319860  -0.0000253857   0.0000095804
       -0.0000007368  -0.0000067113  -0.0000024902  -0.0000044457  -0.0000180108
        0.0000046281   0.0000016346   0.0000286807   0.0000248131   0.0000697852
       -0.0001045072  -0.0000045450  -0.0002082910  -0.0001012316  -0.0000210619
        0.0000104749   0.0000471296  -0.0000399944   0.0000422492   0.1383168355
        0.1288874813   0.0086514562   0.0007667808  -0.0006942275  -0.0002456422
       -0.0010669971  -0.0013295850  -0.0000958472   0.0000075656   0.0000089106
       -0.0000561610   0.0002626254   0.0005947539   0.0000242128  -0.0000033105
       -0.0000098100  -0.0000227213   0.0000156258   0.0000006490  -0.0000054077
        0.0000071524  -0.0000061943  -0.0000043812   0.0000169160  -0.0000062096
       -0.0000115947   0.0000242896  -0.0000136003  -0.0000116399
       -0.0000039989   0.0002637335   0.0001501275   0.0003231825  -0.0004755129
       -0.0002369787  -0.0016119050   0.0015996748   0.0002459710  -0.0143070615
       -0.0263101461  -0.0023516743  -0.1153087246  -0.2202712607  -0.0147075686
       -0.0016697077  -0.0008231421   0.0001814395   0.0001184238   0.0015840686
       -0.0006850143   0.0008184700   0.0005294298   0.0000677751   0.0030476962
       -0.0044242263  -0.0014977370   0.0000982802   0.0000149012  -0.0000408924
       -0.0000421416   0.0000151495  -0.0000334007  -0.0000622559  -0.0000147699
        0.0000065079  -0.0000355343  -0.0000029246   0.0000049432  -0.0000070082
        0.0000146029   0.0000302117  -0.0000509144   0.0000435332   0.0000416309
        0.0001922469   0.0002466094   0.0001878616  -0.0001826616   0.0000567201
       -0.0000432403  -0.0001469320  -0.0004289532   0.0003324707   0.1288874813
        0.2488701152   0.0178816816   0.0007507413   0.0010558820   0.0003887525
        0.0000016340  -0.0000947333  -0.0001064374   0.0000428441   0.0000375357
        0.0001925896  -0.0008353242  -0.0014393566  -0.0000290777   0.0000277512
        0.0000132940   0.0000434057  -0.0000048813  -0.0000016020   0.0000097058
        0.0000004685  -0.0000050166  -0.0000021131  -0.0000162524  -0.0000076996
        0.0000005018  -0.0000239165  -0.0000459060  -0.0000314417
       -0.0000365152   0.0002711216  -0.0002331060  -0.0002923993   0.0001434708
        0.0003599456  -0.0013335397  -0.0002871220  -0.0024650528   0.0004843555
       -0.0036034887   0.0008022896  -0.0082937940  -0.0134672727  -0.0330206507
        0.0000706342   0.0007056310  -0.0000310417   0.0005039758  -0.0005707174
        0.0079468729   0.0002499090   0.0000558284  -0.0001953498   0.0004645330
       -0.0016998352   0.0068570355  -0.0000911936  -0.0002213015  -0.0000225589
       -0.0000219058  -0.0000041640   0.0000218275  -0.0000217708   0.0000034496
       -0.0000247527   0.0000146017   0.0000063034  -0.0000033699   0.0000025113
        0.0000136511  -0.0000089076   0.0000740069   0.0000380826   0.0000090846
       -0.0002339325   0.0000051292  -0.0000455629   0.0000068991  -0.0000586626
       -0.0000655825   0.0000033144   0.0002848943  -0.0001542214   0.0086514562
        0.0178816816   0.0248759576  -0.0000254059   0.0004308464  -0.0027720441
        0.0000394978  -0.0000040866   0.0002582551  -0.0000610406   0.0002117268
       -0.0017044601  -0.0001365383  -0.0001005212  -0.0003354247  -0.0000213895
        0.0000001997  -0.0000207790   0.0000048616   0.0000009512   0.0000012944
        0.0000047481  -0.0000017516  -0.0000091535   0.0000087510  -0.0000151035
       -0.0000107373  -0.0000146306  -0.0000189409  -0.0000098070
       -0.0000285293   0.0001101063  -0.0002737914   0.0002183528   0.0001719810
        0.0004208047  -0.0008967521   0.0012995794  -0.0000937485  -0.0055549629
       -0.0001084799   0.0003626501  -0.0167428067   0.0273586294   0.0040854992
       -0.0946241294   0.0999747991   0.0140113233   0.0066734719  -0.0132939545
       -0.0017336645  -0.0008843340  -0.0030606313   0.0000833855  -0.0001890375
       -0.0005677461  -0.0000669481  -0.0000899004  -0.0002658289   0.0000104549
       -0.0000030458   0.0000228800   0.0000820977  -0.0000117589   0.0000395950
        0.0000328710  -0.0000034347  -0.0000099395  -0.0000234606  -0.0000074449
       -0.0000117051  -0.0000361996  -0.0000572750   0.0000007477  -0.0000447721
       -0.0000307234   0.0000139160   0.0000328901   0.0000247257  -0.0000111406
       -0.0000395894  -0.0000344863   0.0000469452   0.0001052798   0.0007667808
        0.0007507413  -0.0000254059   0.1103063470  -0.1108871289  -0.0163614568
        0.0009186131  -0.0007926270  -0.0002894391   0.0002418993  -0.0007504709
       -0.0001062750   0.0000197859  -0.0000165306  -0.0001048570   0.0000106776
       -0.0000005595  -0.0000029472  -0.0000235954  -0.0000023779  -0.0000071462
       -0.0000164320   0.0000014589   0.0000056995  -0.0000061931   0.0000074423
        0.0000130889   0.0000241874  -0.0000197010  -0.0000363433
        0.0000418228   0.0000785414   0.0001986067  -0.0004475395  -0.0002067907
       -0.0003720619   0.0005187882  -0.0001297681   0.0000871178   0.0001830069
        0.0016218625  -0.0006651566   0.0037492351  -0.0039488118  -0.0007013599
        0.0997568519  -0.2424106049  -0.0278363846   0.0108183502  -0.0261681579
       -0.0034610736  -0.0036326663  -0.0038218381  -0.0012403790  -0.0006933572
        0.0006794280   0.0001229506   0.0001114106   0.0000419719  -0.0000147712
       -0.0000253901  -0.0000112933  -0.0000680689  -0.0000061983  -0.0000169791
       -0.0000309382  -0.0000069756   0.0000071859   0.0000137663  -0.0000061487
        0.0000157766   0.0000403649   0.0000398015   0.0000224963   0.0000516938
        0.0000109039   0.0000320153   0.0000180663  -0.0000267085  -0.0000147322
        0.0000265929   0.0000193337  -0.0000714705  -0.0000463950  -0.0006942275
        0.0010558820   0.0004308464  -0.1108871289   0.2738655948   0.0330507636
        0.0005895735   0.0008031113   0.0003710864   0.0005616683  -0.0014580849
       -0.0002043504   0.0000032568   0.0000331750   0.0002241238  -0.0000035209
       -0.0000004725   0.0000078902   0.0000174342   0.0000049165   0.0000076198
        0.0000130341  -0.0000001194  -0.0000043213   0.0000076393  -0.0000055177
       -0.0000166448  -0.0000122492   0.0000026833   0.0000104160
       -0.0000253710   0.0000209217   0.0000300011   0.0000885962   0.0001140147
        0.0000932818  -0.0000376778  -0.0004055054  -0.0003036369   0.0006175549
       -0.0008619026   0.0081473509   0.0010022429  -0.0015563185   0.0006346998
        0.0140347356  -0.0279036889  -0.0381428408   0.0010611608  -0.0024193186
        0.0004611430  -0.0000803667  -0.0012347388   0.0077156051   0.0000476637
        0.0002789858  -0.0001979075  -0.0000294362   0.0000258193  -0.0000037872
       -0.0000010580  -0.0000165207  -0.0000045322  -0.0000050242  -0.0000049511
       -0.0000032061   0.0000050124   0.0000030656   0.0000000566  -0.0000004813
        0.0000081063   0.0000081437   0.0000132238   0.0000055242   0.0000080913
        0.0000156004   0.0000177524   0.0000057053  -0.0000246923   0.0000023133
        0.0000058804   0.0000578765  -0.0000198128   0.0000021930  -0.0002456422
        0.0003887525  -0.0027720441  -0.0163614568   0.0330507636   0.0286202157
       -0.0001113194   0.0004049548  -0.0025073703   0.0000468495  -0.0001140925
       -0.0000739943  -0.0000782050   0.0002185643  -0.0017237926  -0.0000032377
        0.0000111324  -0.0000090937   0.0000059330   0.0000037173   0.0000025408
        0.0000048578  -0.0000015679  -0.0000022228   0.0000063587  -0.0000154816
        0.0000001184  -0.0000036975  -0.0000004891   0.0000094015
       -0.0000652744  -0.0000507512  -0.0002150713   0.0004890377   0.0001172377
        0.0003363970  -0.0000155298  -0.0000727466  -0.0002186726   0.0009726714
       -0.0000862613  -0.0000295105  -0.0009053267  -0.0035300899   0.0000152279
       -0.0202068987  -0.0008767114   0.0007643191  -0.2978330215   0.0125868573
        0.0132123989  -0.0171745202   0.0026369019   0.0010294993  -0.0002415910
        0.0030619145   0.0007136508  -0.0001008421  -0.0000027275   0.0000098885
        0.0000258648   0.0000281310   0.0000669885  -0.0000049293   0.0000178124
        0.0000371126  -0.0000073123  -0.0000036064  -0.0000133159   0.0000044493
       -0.0000144184  -0.0000354908  -0.0000491681  -0.0000186735  -0.0000551351
        0.0000300317  -0.0000243410  -0.0000041459  -0.0000063107   0.0000316758
       -0.0000343170  -0.0000207092  -0.0000081659   0.0000937660  -0.0010669971
        0.0000016340   0.0000394978   0.0009186131   0.0005895735  -0.0001113194
        0.3352186049  -0.0138816080  -0.0154291695   0.0009404198  -0.0005704759
       -0.0002210924  -0.0008828422   0.0000647232   0.0000634239   0.0000110135
        0.0000019479  -0.0000048963  -0.0000201659  -0.0000018528  -0.0000074541
       -0.0000138087   0.0000034800   0.0000021296  -0.0000110471   0.0000073089
        0.0000156759   0.0000155885  -0.0000067682  -0.0000203849
       -0.0000073882   0.0000345652   0.0000081732   0.0000343321  -0.0000813042
       -0.0000320577  -0.0000201502   0.0001814496   0.0002184748  -0.0000992738
       -0.0007018906  -0.0001578703  -0.0029143566  -0.0036700282  -0.0011073774
       -0.0252184778   0.0001975307   0.0011129330   0.0126208445  -0.0445171378
       -0.0019207600   0.0268676479  -0.0026035770  -0.0014390932   0.0025129881
       -0.0042663236  -0.0014463956   0.0000199244   0.0000253393   0.0000015075
        0.0000007848   0.0000057163  -0.0000089170  -0.0000025741  -0.0000013968
        0.0000063802   0.0000023016   0.0000008763   0.0000006641  -0.0000006125
        0.0000000802   0.0000074058  -0.0000036387   0.0000082844  -0.0000047331
        0.0000270212   0.0000134878   0.0000141459  -0.0000204240   0.0000050500
       -0.0000000035   0.0000023007  -0.0000542660   0.0000188698  -0.0013295850
       -0.0000947333  -0.0000040866  -0.0007926270   0.0008031113   0.0004049548
       -0.0138816080   0.0541747184   0.0041252616   0.0008219921   0.0007810967
        0.0003419219   0.0013826401  -0.0002308515  -0.0001429053   0.0000060596
       -0.0000003731   0.0000019403   0.0000012216  -0.0000007460  -0.0000000467
        0.0000000991  -0.0000009623  -0.0000009181  -0.0000016394  -0.0000004070
       -0.0000005609  -0.0000078023  -0.0000073086   0.0000030924
       -0.0000172581   0.0000845425   0.0000508676  -0.0004161606   0.0000289840
       -0.0000617039   0.0000360601  -0.0000580904  -0.0017319926   0.0001178022
        0.0002154122   0.0004292369  -0.0002652749  -0.0011359690   0.0073073825
       -0.0018480860   0.0002838005   0.0000652093   0.0132761205  -0.0020146875
       -0.0328599799   0.0039473398  -0.0003729894  -0.0002400742   0.0007435590
       -0.0015831157   0.0070530486  -0.0000125228  -0.0001406854  -0.0000002720
       -0.0000248242  -0.0000053941  -0.0000048825  -0.0000001153   0.0000111818
       -0.0000126802   0.0000015357  -0.0000016271   0.0000051278  -0.0000021260
        0.0000080852   0.0000011899   0.0000235693   0.0000083345   0.0000082373
       -0.0000019145  -0.0000015150   0.0000244290   0.0000076092  -0.0000052456
       -0.0000154292   0.0000276195   0.0000086780  -0.0000034514  -0.0000958472
       -0.0001064374   0.0002582551  -0.0002894391   0.0003710864  -0.0025073703
       -0.0154291695   0.0041252616   0.0244844173  -0.0000455751   0.0003896150
       -0.0024651518   0.0002640367  -0.0000980004   0.0002123454  -0.0000030587
       -0.0000034659   0.0000003583   0.0000018129   0.0000002491   0.0000003449
        0.0000023149  -0.0000026297  -0.0000013285   0.0000071205  -0.0000036478
       -0.0000042087  -0.0000051285  -0.0000017307   0.0000080752
       -0.0000386665  -0.0000957933  -0.0001752533  -0.0000651843   0.0000530103
        0.0003167775  -0.0007160326  -0.0015707330  -0.0003493837  -0.0055850504
        0.0007286308   0.0011046975  -0.0000941535   0.0006698331   0.0000859978
       -0.0002029543   0.0025533610   0.0006406609   0.0065414726   0.0096327380
        0.0008564795  -0.1186794280  -0.1152516755  -0.0095541324  -0.0199686098
       -0.0257189033  -0.0021002383  -0.0001293596   0.0001828633  -0.0001286717
        0.0000021962   0.0000358223   0.0000770986  -0.0000032115   0.0000025910
        0.0000566181  -0.0000053406  -0.0000050378  -0.0000229739   0.0000029376
       -0.0000215296  -0.0000305259  -0.0000780701  -0.0000108488  -0.0000411678
        0.0000126401   0.0000018533  -0.0000137153  -0.0000064552   0.0000127906
       -0.0000159930  -0.0000249471   0.0000060199   0.0000927620   0.0000075656
        0.0000428441  -0.0000610406   0.0002418993   0.0005616683   0.0000468495
        0.0009404198   0.0008219921  -0.0000455751   0.1370745994   0.1280413949
        0.0095787990   0.0007916828  -0.0006838670  -0.0002928842   0.0000122613
        0.0000104480  -0.0000040138  -0.0000236620   0.0000012053  -0.0000065473
       -0.0000174994   0.0000104949   0.0000062612  -0.0000107250   0.0000084459
        0.0000183380   0.0000216753  -0.0000196189  -0.0000392233
       -0.0000349961  -0.0000478865  -0.0001296370   0.0003758005   0.0000223825
        0.0003016425  -0.0003952609  -0.0000571044  -0.0001173602   0.0004440286
        0.0014565199  -0.0008587051   0.0007530007   0.0005972412   0.0000268058
        0.0031240752  -0.0044338549  -0.0015659939  -0.0144643550  -0.0259560455
       -0.0024298704  -0.1151233786  -0.2207242157  -0.0162758290  -0.0020942895
       -0.0008898699  -0.0000418916  -0.0000924255   0.0000225235   0.0000124666
        0.0000250740   0.0000238925   0.0000495025   0.0000009335   0.0000076813
        0.0000359973   0.0000081977  -0.0000065130  -0.0000101057   0.0000052502
       -0.0000160723  -0.0000253264  -0.0000366591  -0.0000146831  -0.0000548272
        0.0000306810  -0.0000198981  -0.0000151308  -0.0000131865   0.0000220684
       -0.0000256782   0.0000019434  -0.0000408375   0.0000482047   0.0000089106
        0.0000375357   0.0002117268  -0.0007504709  -0.0014580849  -0.0001140925
       -0.0005704759   0.0007810967   0.0003896150   0.1280413949   0.2496912115
        0.0201901375   0.0007822438   0.0010332103   0.0004012943   0.0000099204
       -0.0000031947  -0.0000070272  -0.0000144531  -0.0000102607  -0.0000060248
       -0.0000119650  -0.0000057925   0.0000023414  -0.0000108156  -0.0000003968
        0.0000152618   0.0000012772  -0.0000106528  -0.0000074963
       -0.0000237401   0.0000208295  -0.0000285213  -0.0000419595  -0.0000675419
       -0.0000942928   0.0002659246   0.0000686415   0.0000642037   0.0005416582
       -0.0005087158   0.0083135620   0.0001320140  -0.0000939949  -0.0002029944
        0.0007330736  -0.0016078047   0.0075165853  -0.0019149526  -0.0035763452
        0.0004691928  -0.0096282905  -0.0162361474  -0.0357703899   0.0007441412
        0.0009871371   0.0007946563   0.0000562809   0.0000004873  -0.0000149275
       -0.0000047369   0.0000070144  -0.0000079694   0.0000100411   0.0000075703
        0.0000027825  -0.0000043157  -0.0000083226   0.0000037316   0.0000044605
       -0.0000080481  -0.0000028149  -0.0000059024   0.0000004308   0.0000113696
        0.0000127052   0.0000028742   0.0000005723  -0.0000142758   0.0000033372
       -0.0000219741   0.0000189464   0.0000015880  -0.0000141271  -0.0000561610
        0.0001925896  -0.0017044601  -0.0001062750  -0.0002043504  -0.0000739943
       -0.0002210924   0.0003419219  -0.0024651518   0.0095787990   0.0201901375
        0.0260315531  -0.0000722290   0.0004922308  -0.0028062568  -0.0000021625
       -0.0000105274   0.0000045164  -0.0000032346  -0.0000014070  -0.0000036881
       -0.0000027278  -0.0000014338   0.0000008589   0.0000043429   0.0000079450
       -0.0000033713  -0.0000003317  -0.0000000958   0.0000013493
       -0.0000065169  -0.0000755230   0.0000016905  -0.0000221881  -0.0001645647
       -0.0004124159   0.0014716618  -0.0002981193   0.0000104746   0.0066424077
       -0.0129093539  -0.0017109311  -0.0012306115  -0.0027812974   0.0000584797
       -0.0002654755  -0.0005609812  -0.0000799117  -0.0057655256  -0.0001448628
        0.0006354942  -0.0159396641   0.0271231690   0.0037333866  -0.0969985636
        0.1023807573   0.0149572968   0.0000227309   0.0001218771  -0.0000132964
       -0.0000274471  -0.0000112502  -0.0000432924   0.0000111705  -0.0000138184
       -0.0000047540   0.0000061507   0.0000012764   0.0000079371  -0.0000109810
        0.0000185834   0.0000353489  -0.0000594443   0.0000185714  -0.0000161524
       -0.0000075481   0.0000230433   0.0000218134  -0.0000236479  -0.0000025283
        0.0000089582  -0.0000013416   0.0000279143   0.0000736342   0.0002626254
       -0.0008353242  -0.0001365383   0.0000197859   0.0000032568  -0.0000782050
       -0.0008828422   0.0013826401   0.0002640367   0.0007916828   0.0007822438
       -0.0000722290   0.1119645975  -0.1140708760  -0.0173207753   0.0000142549
        0.0000078523   0.0000096606   0.0000149491   0.0000019055   0.0000026324
        0.0000134024   0.0000044199   0.0000046511   0.0000080432   0.0000027794
       -0.0000005009  -0.0000016656  -0.0000317904   0.0000635075
       -0.0000053682   0.0000309741   0.0000667786   0.0000211825  -0.0004484049
       -0.0002809279   0.0011078031   0.0019254224   0.0005939492   0.0108696522
       -0.0264329859  -0.0041137612  -0.0034613855  -0.0037726173  -0.0012618036
       -0.0007226209   0.0006453548   0.0001335304   0.0005104369   0.0016175194
       -0.0008179883   0.0032733824  -0.0036432739  -0.0004441397   0.1022410287
       -0.2425341258  -0.0295740652   0.0001756724   0.0000769453   0.0000330085
        0.0000184754   0.0000218962   0.0000196322   0.0000771425   0.0000027884
        0.0000099867   0.0000476414   0.0000113703   0.0000220061   0.0000249569
        0.0000096538   0.0000173485  -0.0000896601  -0.0000092489  -0.0001299801
        0.0000904674   0.0000471461   0.0000302010  -0.0000745837   0.0000401341
       -0.0000204390   0.0000701712  -0.0001586618   0.0000507871   0.0005947539
       -0.0014393566  -0.0001005212  -0.0000165306   0.0000331750   0.0002185643
        0.0000647232  -0.0002308515  -0.0000980004  -0.0006838670   0.0010332103
        0.0004922308  -0.1140708760   0.2732081946   0.0350154952   0.0000172064
       -0.0000044364  -0.0000071584  -0.0000011998  -0.0000048083  -0.0000050322
        0.0000006852  -0.0000001754   0.0000094226  -0.0000015718  -0.0000000126
        0.0000140902  -0.0000777180  -0.0000248255   0.0001267859
       -0.0000239978  -0.0000702381   0.0000493441  -0.0007626993  -0.0000164367
        0.0000881145   0.0011999031   0.0000418118  -0.0029624944  -0.0003356606
       -0.0025459836   0.0014726493   0.0003052006  -0.0012052821   0.0070345081
       -0.0003894322   0.0000455133  -0.0001636164   0.0008424003  -0.0004182456
        0.0080441748   0.0013499393  -0.0020187606  -0.0003121852   0.0153434236
       -0.0291873422  -0.0366812220  -0.0000025940  -0.0001246110  -0.0000341344
       -0.0000259037   0.0000049664  -0.0000137148   0.0000096795   0.0000191405
       -0.0000094155  -0.0000047106  -0.0000025119   0.0000084948  -0.0000070552
       -0.0000041828  -0.0000190066   0.0000586986   0.0000040696   0.0000373741
        0.0000197506   0.0000208808  -0.0000282364  -0.0000355509  -0.0000042250
       -0.0000156384   0.0000840916  -0.0000142924  -0.0000069009   0.0000242128
       -0.0000290777  -0.0003354247  -0.0001048570   0.0002241238  -0.0017237926
        0.0000634239  -0.0001429053   0.0002123454  -0.0002928842   0.0004012943
       -0.0028062568  -0.0173207753   0.0350154952   0.0281710946  -0.0000074303
       -0.0000206866  -0.0000014236  -0.0000035271  -0.0000050325  -0.0000065351
       -0.0000044811  -0.0000056724  -0.0000012607   0.0000139491   0.0000093371
       -0.0000125061   0.0000068860   0.0000288531   0.0000156650
       -0.0014361994  -0.0002463551   0.0004916642   0.0010008010  -0.0001723418
       -0.0013972940   0.0001723064   0.0001921073   0.0004706932   0.0001007021
       -0.0000543084  -0.0000526441   0.0000212090  -0.0000089271   0.0000509005
       -0.0000433024   0.0000036026   0.0000052906  -0.0000006021   0.0000262434
        0.0000041934   0.0000099023  -0.0000058942   0.0000018954  -0.0000231383
       -0.0000445657   0.0000002505   0.0036941955  -0.0080045419  -0.0193827624
       -0.0479139245   0.0131878180   0.0335734763  -0.0066585983   0.0104937124
        0.0263731645  -0.0049492080  -0.0002242594   0.0023693276  -0.0005000261
       -0.0000676609  -0.0001120661  -0.0033011880  -0.0020760550  -0.0026600171
       -0.0018082587   0.0010798444   0.0003421977  -0.0012474316  -0.0012243405
        0.0008421381   0.0000127858   0.0000658244  -0.0000390114  -0.0000033105
        0.0000277512  -0.0000213895   0.0000106776  -0.0000035209  -0.0000032377
        0.0000110135   0.0000060596  -0.0000030587   0.0000122613   0.0000099204
       -0.0000021625   0.0000142549   0.0000172064  -0.0000074303   0.0624030904
       -0.0137949535  -0.0417214482   0.0006817525   0.0006555563   0.0007987702
       -0.0003752178   0.0005201102   0.0013024672   0.0000033140   0.0001459914
       -0.0000654919   0.0001121397  -0.0005040235  -0.0011584154
        0.0000726820   0.0008429315   0.0000353948   0.0003344512  -0.0020937123
        0.0005218494   0.0002301892  -0.0002457106   0.0004068203   0.0001670198
        0.0002971618  -0.0000856751  -0.0000515118   0.0000098919   0.0000107968
        0.0000021759   0.0000209691   0.0000036897  -0.0000062063   0.0000149083
        0.0000042974   0.0000235793   0.0000112975   0.0000159562   0.0000555977
       -0.0000261488   0.0000082360   0.0010353607  -0.0036567858  -0.0099913679
        0.0132326008  -0.0726150984  -0.0929067304   0.0010153957   0.0000512468
       -0.0034411879  -0.0000437507   0.0071108070  -0.0027293539  -0.0000228101
       -0.0000835205   0.0003807727  -0.0024463198   0.0057887530  -0.0034583275
        0.0004850863   0.0002676465   0.0000742348  -0.0007898462  -0.0004613663
        0.0004739873   0.0001525532  -0.0001268797   0.0000947394  -0.0000098100
        0.0000132940   0.0000001997  -0.0000005595  -0.0000004725   0.0000111324
        0.0000019479  -0.0000003731  -0.0000034659   0.0000104480  -0.0000031947
       -0.0000105274   0.0000078523  -0.0000044364  -0.0000206866  -0.0137949535
        0.0687987817   0.1091758093  -0.0000036857  -0.0021458619   0.0014372253
        0.0000051447  -0.0001846133  -0.0000875081   0.0001465606  -0.0015361495
        0.0006854113   0.0001908081  -0.0000433654  -0.0006057223
        0.0013312625   0.0000269179   0.0002131328   0.0007954501   0.0007871623
       -0.0011266009  -0.0002099268   0.0002934359   0.0002832570   0.0005463349
       -0.0001969699  -0.0000461673  -0.0000258851   0.0000207156   0.0000151376
        0.0000380324  -0.0000068784  -0.0000133993  -0.0000128684   0.0000317941
        0.0000050658   0.0000746299  -0.0000145527  -0.0000093650  -0.0001032186
       -0.0000458172   0.0000271503   0.0003335366  -0.0078937830  -0.0184475234
        0.0341938766  -0.0927215866  -0.2584165364   0.0042627807  -0.0055957955
       -0.0126356160   0.0028996899  -0.0026821238   0.0013640931  -0.0001122401
        0.0003823718   0.0007184741  -0.0031484337  -0.0035620930  -0.0002990130
        0.0003288916   0.0002860100   0.0004041075   0.0006972530   0.0002101885
        0.0003888865   0.0003132752   0.0001097724   0.0001344369  -0.0000227213
        0.0000434057  -0.0000207790  -0.0000029472   0.0000078902  -0.0000090937
       -0.0000048963   0.0000019403   0.0000003583  -0.0000040138  -0.0000070272
        0.0000045164   0.0000096606  -0.0000071584  -0.0000014236  -0.0417214482
        0.1091758093   0.2887147669  -0.0007707150   0.0013088960   0.0004647218
        0.0000684626  -0.0001994963  -0.0006531365  -0.0000492067   0.0006946715
       -0.0001730351   0.0002953846  -0.0004476997  -0.0008864158
       -0.0000868501   0.0000044442   0.0000987989  -0.0003386258  -0.0005569707
       -0.0011976177  -0.0007960865   0.0000394398   0.0001500733   0.0002227681
        0.0000078225  -0.0000454621  -0.0001370805   0.0000197598  -0.0000278763
        0.0000355453   0.0000039244  -0.0000020849  -0.0000159158   0.0000025470
        0.0000021140   0.0000390985  -0.0000063262  -0.0000076008  -0.0001323191
       -0.0000063693   0.0000267772  -0.0048417724   0.0000155524   0.0030876304
       -0.0257325034  -0.0089291822  -0.0154997679  -0.1926267869  -0.0607326473
       -0.1100431615   0.0024550243   0.0005041806   0.0008300384   0.0011428651
       -0.0001697619   0.0010646418   0.0003272991   0.0003371896   0.0006926978
       -0.0000076976  -0.0000378959  -0.0000652852  -0.0000186698  -0.0000017378
       -0.0000798385   0.0000037043   0.0000016633   0.0000234904   0.0000156258
       -0.0000048813   0.0000048616  -0.0000235954   0.0000174342   0.0000059330
       -0.0000201659   0.0000012216   0.0000018129  -0.0000236620  -0.0000144531
       -0.0000032346   0.0000149491  -0.0000011998  -0.0000035271   0.0006817525
       -0.0000036857  -0.0007707150   0.2188000032   0.0687052199   0.1209783112
        0.0009420088   0.0005707187   0.0006222620   0.0000603664   0.0000707651
        0.0001491887   0.0000607206   0.0001632281   0.0000075399
       -0.0000139514  -0.0000075627   0.0000264737   0.0000864474   0.0000809764
       -0.0001314008  -0.0000313997  -0.0000397999   0.0001083881   0.0000684964
       -0.0000399810   0.0000080202  -0.0000230800   0.0000085888  -0.0000105579
        0.0000149270   0.0000035281  -0.0000060946  -0.0000039332   0.0000009682
        0.0000002413   0.0000013221   0.0000057194  -0.0000021905  -0.0000278156
       -0.0000036906   0.0000152918  -0.0001715439   0.0071149410  -0.0025913976
        0.0002091303   0.0008574410   0.0004537451  -0.0607081950  -0.0603494817
       -0.0480986727  -0.0088252559  -0.0032893660  -0.0078842552   0.0000217108
        0.0059001512  -0.0048787850   0.0003673346  -0.0001232096   0.0001264709
       -0.0000090579   0.0000095402   0.0000058204  -0.0000074912  -0.0000034289
        0.0000059002  -0.0000087787   0.0000143982   0.0000036930   0.0000006490
       -0.0000016020   0.0000009512  -0.0000023779   0.0000049165   0.0000037173
       -0.0000018528  -0.0000007460   0.0000002491   0.0000012053  -0.0000102607
       -0.0000014070   0.0000019055  -0.0000048083  -0.0000050325   0.0006555563
       -0.0021458619   0.0013088960   0.0687052199   0.0557879481   0.0600364468
       -0.0000051717  -0.0020391600   0.0012299596  -0.0004625040  -0.0002269230
       -0.0003833831   0.0001685044  -0.0015032348   0.0006589124
       -0.0000004310  -0.0000086992   0.0000160585   0.0004640828   0.0000535562
        0.0000809018  -0.0000293272   0.0000615462   0.0000452167   0.0001863376
       -0.0000162569  -0.0000240933  -0.0000325064   0.0000177657  -0.0000086131
        0.0000215067  -0.0000035543   0.0000029161  -0.0000000030   0.0000067223
       -0.0000004318   0.0000259989  -0.0000009567  -0.0000067533  -0.0000395251
       -0.0000070874   0.0000182442   0.0022602477  -0.0025957192   0.0014548320
        0.0064766925   0.0024265945   0.0050502775  -0.1102007159  -0.0479748849
       -0.1243468763  -0.0213399344  -0.0100420639  -0.0183724392   0.0016303523
       -0.0048332407  -0.0039101858   0.0006770227   0.0001386224  -0.0000319458
       -0.0000022737   0.0000308100   0.0000197295  -0.0000042537  -0.0000178206
        0.0000428830   0.0000000320  -0.0000059491   0.0000187047  -0.0000054077
        0.0000097058   0.0000012944  -0.0000071462   0.0000076198   0.0000025408
       -0.0000074541  -0.0000000467   0.0000003449  -0.0000065473  -0.0000060248
       -0.0000036881   0.0000026324  -0.0000050322  -0.0000065351   0.0007987702
        0.0014372253   0.0004647218   0.1209783112   0.0600364468   0.1404378127
       -0.0007424476   0.0011084283   0.0002305028  -0.0011144559  -0.0004813913
       -0.0009649172   0.0000104425   0.0006636847  -0.0002105025
       -0.0000823689  -0.0000387284   0.0000550257   0.0002988681   0.0000781669
       -0.0003418592  -0.0002969413   0.0001102394   0.0002604416   0.0003498423
       -0.0000484198  -0.0000254162  -0.0000987030   0.0000381047  -0.0000294036
        0.0000416457   0.0000063698  -0.0000085406  -0.0000262299   0.0000044395
        0.0000007246   0.0000415148  -0.0000098334  -0.0000120445  -0.0001129915
       -0.0000207698   0.0000309410   0.0007516774  -0.0001044365  -0.0005001808
        0.0009628011   0.0000578256   0.0015758412  -0.0072393690   0.0009953117
        0.0041335641  -0.2681368821   0.0143033254   0.0837187717  -0.0250291310
        0.0007220842   0.0072405898  -0.0032720891  -0.0022825092  -0.0030972437
        0.0000269068  -0.0000174593  -0.0000249875   0.0000135858   0.0000177514
       -0.0000203072  -0.0000336118  -0.0000038744   0.0000156749   0.0000071524
        0.0000004685   0.0000047481  -0.0000164320   0.0000130341   0.0000048578
       -0.0000138087   0.0000000991   0.0000023149  -0.0000174994  -0.0000119650
       -0.0000027278   0.0000134024   0.0000006852  -0.0000044811  -0.0003752178
        0.0000051447   0.0000684626   0.0009420088  -0.0000051717  -0.0007424476
        0.3016106278  -0.0143794104  -0.0931962975   0.0007929256   0.0004874380
        0.0004636366  -0.0011016833   0.0000820898   0.0004303426
        0.0000101927   0.0001459806   0.0000063666   0.0001546474  -0.0016291881
        0.0006706438   0.0000678863  -0.0000042401  -0.0000191955   0.0000348382
        0.0001757692  -0.0000478814  -0.0000304704   0.0000047351   0.0000068094
       -0.0000048447   0.0000058709   0.0000124782  -0.0000011586   0.0000014997
       -0.0000011878  -0.0000042419   0.0000166574   0.0000063790   0.0000364584
       -0.0000045815   0.0000000969  -0.0002340959  -0.0003373659  -0.0002268130
       -0.0001296604   0.0059543190  -0.0047332838   0.0102323781   0.0000248423
       -0.0047465720   0.0142960218  -0.0371038729  -0.0089486920  -0.0085195611
        0.0014789051   0.0023989012  -0.0020964940   0.0061811242  -0.0035703591
       -0.0000576918   0.0000125368   0.0000342067   0.0000213525  -0.0000253059
        0.0000039732   0.0000116770   0.0000130074   0.0000073022  -0.0000061943
       -0.0000050166  -0.0000017516   0.0000014589  -0.0000001194  -0.0000015679
        0.0000034800  -0.0000009623  -0.0000026297   0.0000104949  -0.0000057925
       -0.0000014338   0.0000044199  -0.0000001754  -0.0000056724   0.0005201102
       -0.0001846133  -0.0001994963   0.0005707187  -0.0020391600   0.0011084283
       -0.0143794104   0.0294882061   0.0168007161  -0.0000754854  -0.0019864086
        0.0012478006  -0.0004368259  -0.0001766511   0.0002024341
        0.0001234086  -0.0000296136   0.0000200277  -0.0002622037   0.0006572286
       -0.0003160193  -0.0000117776   0.0000435152   0.0001128926   0.0000017299
       -0.0000823805   0.0000054656   0.0000275369   0.0000132740   0.0000151135
       -0.0000166839  -0.0000061866  -0.0000020829   0.0000042593   0.0000083133
       -0.0000007664  -0.0000066647  -0.0000019468   0.0000005716  -0.0000087505
       -0.0000168674  -0.0000000507  -0.0004765827  -0.0001103769  -0.0004156888
        0.0012175544  -0.0048528942  -0.0038043710   0.0262744055  -0.0027697605
       -0.0110893762   0.0836216416  -0.0089658954  -0.0736349640  -0.0147427323
        0.0005203282   0.0055321659  -0.0027793654  -0.0035679106  -0.0000821002
       -0.0000260626   0.0000548921   0.0000014445  -0.0000419254  -0.0000458868
        0.0000437907   0.0000378299   0.0000072850   0.0000075744  -0.0000043812
       -0.0000021131  -0.0000091535   0.0000056995  -0.0000043213  -0.0000022228
        0.0000021296  -0.0000009181  -0.0000013285   0.0000062612   0.0000023414
        0.0000008589   0.0000046511   0.0000094226  -0.0000012607   0.0013024672
       -0.0000875081  -0.0006531365   0.0006222620   0.0012299596   0.0002305028
       -0.0931962975   0.0168007161   0.0835222835  -0.0009001043   0.0011234807
        0.0003811155  -0.0007783051   0.0000738233   0.0001387143
       -0.0004346422   0.0000086406   0.0002252334   0.0001060734   0.0005029120
        0.0011619710   0.0000275967   0.0000148001  -0.0000136104   0.0001619902
       -0.0000182821   0.0000625056  -0.0000800028   0.0000401072  -0.0000227585
        0.0000159687  -0.0000031478  -0.0000067039  -0.0000104624  -0.0000084877
       -0.0000001795   0.0000026007   0.0000022169  -0.0000101050  -0.0000772123
       -0.0000016240   0.0000020657  -0.0049359818  -0.0001537810   0.0021925163
       -0.0005830195  -0.0001251396  -0.0002166496  -0.0029564146  -0.0021181845
       -0.0027513486   0.0029571960  -0.0084976053  -0.0207237524  -0.0506823593
        0.0147806162   0.0390272003  -0.0069028238   0.0103805610   0.0263268341
        0.0000017658  -0.0000260518  -0.0000403265  -0.0000084902   0.0000057001
       -0.0000514437  -0.0000277701   0.0000274506   0.0001160942   0.0000169160
       -0.0000162524   0.0000087510  -0.0000061931   0.0000076393   0.0000063587
       -0.0000110471  -0.0000016394   0.0000071205  -0.0000107250  -0.0000108156
        0.0000043429   0.0000080432  -0.0000015718   0.0000139491   0.0000033140
        0.0001465606  -0.0000492067   0.0000603664  -0.0004625040  -0.0011144559
        0.0007929256  -0.0000754854  -0.0009001043   0.0617901325  -0.0149896741
       -0.0439489921   0.0007822553   0.0005930420   0.0006946946
        0.0000927117  -0.0000668510  -0.0000044924  -0.0001323769  -0.0000567395
       -0.0000821596   0.0000439535  -0.0000097657   0.0000071732  -0.0000297151
        0.0000323774  -0.0000302863   0.0000201174   0.0000047351   0.0000235072
       -0.0000183079   0.0000044145   0.0000054185   0.0000059074   0.0000036300
       -0.0000009090  -0.0000138190   0.0000002454   0.0000133553   0.0000256064
       -0.0000041018  -0.0000157646  -0.0000981502   0.0072970145  -0.0027550571
       -0.0001047537  -0.0000362300   0.0004119563  -0.0022988677   0.0062114822
       -0.0035991419   0.0007535855  -0.0032253620  -0.0100381975   0.0147521793
       -0.0711943416  -0.0892334007   0.0012842445  -0.0004799399  -0.0030988742
       -0.0000103337   0.0000093844  -0.0000033193  -0.0000071612   0.0000059064
        0.0000199739   0.0000236409  -0.0000014451  -0.0000153139  -0.0000062096
       -0.0000076996  -0.0000151035   0.0000074423  -0.0000055177  -0.0000154816
        0.0000073089  -0.0000004070  -0.0000036478   0.0000084459  -0.0000003968
        0.0000079450   0.0000027794  -0.0000000126   0.0000093371   0.0001459914
       -0.0015361495   0.0006946715   0.0000707651  -0.0002269230  -0.0004813913
        0.0004874380  -0.0019864086   0.0011234807  -0.0149896741   0.0674618020
        0.1056795844  -0.0000227483  -0.0021927008   0.0013961372
        0.0002557021   0.0000661990  -0.0000538082  -0.0005424855  -0.0002804939
       -0.0006260840   0.0001163091   0.0000315642   0.0001213547  -0.0001296445
       -0.0000096443  -0.0000370559   0.0000877535  -0.0000150540   0.0000359736
       -0.0000385172   0.0000054869   0.0000080254  -0.0000071497   0.0000154601
        0.0000031007  -0.0000189301  -0.0000068454   0.0000082718   0.0000764940
       -0.0000102694  -0.0000103989   0.0028612110  -0.0026787558   0.0015729971
       -0.0001865275   0.0003851200   0.0007665974  -0.0032682511  -0.0036389341
       -0.0001042328   0.0013469559  -0.0080926382  -0.0186939821   0.0389800317
       -0.0892115389  -0.2565837368   0.0046330412  -0.0050714147  -0.0123696413
       -0.0000301527   0.0000185227   0.0000388978  -0.0000210025  -0.0000194457
        0.0000306845   0.0000541705  -0.0000089854  -0.0000729137  -0.0000115947
        0.0000005018  -0.0000107373   0.0000130889  -0.0000166448   0.0000001184
        0.0000156759  -0.0000005609  -0.0000042087   0.0000183380   0.0000152618
       -0.0000033713  -0.0000005009   0.0000140902  -0.0000125061  -0.0000654919
        0.0006854113  -0.0001730351   0.0001491887  -0.0003833831  -0.0009649172
        0.0004636366   0.0012478006   0.0003811155  -0.0439489921   0.1056795844
        0.2863474838  -0.0008023565   0.0012796056   0.0004060088
       -0.0001427838  -0.0000824289  -0.0003284941   0.0003732565   0.0003931062
        0.0003077786  -0.0011635368   0.0006747978   0.0016614644  -0.0005767457
       -0.0000589542   0.0000054822   0.0000639139   0.0000688105   0.0000032690
        0.0000031027  -0.0000048212   0.0000274251   0.0000131412  -0.0000408855
       -0.0000055722  -0.0000869993  -0.0000072986   0.0000032679   0.0000002471
        0.0000294052  -0.0000243577   0.0028550404  -0.0001920809  -0.0009509813
        0.0005167092  -0.0001429277   0.0011697297   0.0002009208   0.0002821864
        0.0006211485  -0.0047738643  -0.0000331093   0.0026180682  -0.0241394892
       -0.0083728943  -0.0147349140  -0.1983384000  -0.0621805025  -0.1128434105
       -0.0000062139  -0.0000279625  -0.0000387426  -0.0000106331   0.0000058433
       -0.0000743953  -0.0000021606   0.0000222648   0.0000595198   0.0000242896
       -0.0000239165  -0.0000146306   0.0000241874  -0.0000122492  -0.0000036975
        0.0000155885  -0.0000078023  -0.0000051285   0.0000216753   0.0000012772
       -0.0000003317  -0.0000016656  -0.0000777180   0.0000068860   0.0001121397
        0.0001908081   0.0002953846   0.0000607206   0.0001685044   0.0000104425
       -0.0011016833  -0.0004368259  -0.0007783051   0.0007822553  -0.0000227483
       -0.0008023565   0.2252769875   0.0698881221   0.1238154508
       -0.0000186143   0.0000518898   0.0002549024  -0.0002385447  -0.0022091804
        0.0007979737   0.0000471042   0.0000418332   0.0004453740   0.0009226474
        0.0002032098  -0.0001463142  -0.0002205036   0.0001280979   0.0000441014
        0.0000634147   0.0000352282  -0.0000038165  -0.0000501988  -0.0000108278
        0.0000032070   0.0000402767  -0.0000362669  -0.0000113718  -0.0001611006
       -0.0000331045  -0.0000218475  -0.0092593501  -0.0028446954  -0.0081058404
        0.0002325465   0.0053496751  -0.0046243115   0.0002106684  -0.0001266776
        0.0002257672  -0.0002538615   0.0071564928  -0.0027596869   0.0005078943
        0.0015876645   0.0001925293  -0.0618900405  -0.0602220979  -0.0464374001
       -0.0000473015   0.0000510399   0.0000624002  -0.0000358072  -0.0000236035
        0.0000635874   0.0000197909   0.0000568436   0.0000390453  -0.0000136003
       -0.0000459060  -0.0000189409  -0.0000197010   0.0000026833  -0.0000004891
       -0.0000067682  -0.0000073086  -0.0000017307  -0.0000196189  -0.0000106528
       -0.0000000958  -0.0000317904  -0.0000248255   0.0000288531  -0.0005040235
       -0.0000433654  -0.0004476997   0.0001632281  -0.0015032348   0.0006636847
        0.0000820898  -0.0001766511   0.0000738233   0.0005930420  -0.0021927008
        0.0012796056   0.0698881221   0.0548464407   0.0584046905
       -0.0000392658   0.0000448860   0.0004474356  -0.0021543382   0.0006290673
       -0.0012153901  -0.0000366741   0.0005847657   0.0011939943   0.0016124291
       -0.0002645134  -0.0000342218  -0.0003073034   0.0002510966   0.0000016673
        0.0000018747   0.0000494303  -0.0000562528  -0.0001383305   0.0000670624
        0.0000142070   0.0000986049  -0.0000647474  -0.0000327343  -0.0003989701
       -0.0002599385   0.0000152806  -0.0205131831  -0.0098622444  -0.0180519489
        0.0014865725  -0.0045869871  -0.0041024873   0.0006548343   0.0001572399
        0.0000103725   0.0023033481  -0.0026907085   0.0014119849   0.0064685795
        0.0021038999   0.0052360693  -0.1127022122  -0.0463675256  -0.1227287482
       -0.0000828435   0.0000931511   0.0000820987  -0.0000642917  -0.0000562427
        0.0001715458   0.0000656408   0.0000145002   0.0000885225  -0.0000116399
       -0.0000314417  -0.0000098070  -0.0000363433   0.0000104160   0.0000094015
       -0.0000203849   0.0000030924   0.0000080752  -0.0000392233  -0.0000074963
        0.0000013493   0.0000635075   0.0001267859   0.0000156650  -0.0011584154
       -0.0006057223  -0.0008864158   0.0000075399   0.0006589124  -0.0002105025
        0.0004303426   0.0002024341   0.0001387143   0.0006946946   0.0013961372
        0.0004060088   0.1238154508   0.0584046905   0.1380761163
