$hessian                                                                        
        0.5235905986  -0.0082267412  -0.0168674768  -0.0782064590  -0.0284151657
       -0.0304962368   0.0003571427   0.0166616199   0.0227918229   0.0028311856
        0.0029758200   0.0015140379   0.0000970792  -0.0000156417   0.0003116154
        0.0004669090   0.0001143579  -0.0001248819  -0.0002425244   0.0000271610
       -0.0000339909   0.0002137517  -0.0000478158  -0.0000399276  -0.0000627391
       -0.0000248641  -0.0000303831  -0.0089644270  -0.0178621913  -0.0173016822
       -0.0010404287  -0.0000977880  -0.0002223519   0.0005994422  -0.0002143249
       -0.0003072159   0.0001705661  -0.0001488715  -0.0001444056  -0.0000812585
       -0.0000692649  -0.0000633889  -0.0004204545  -0.0010864990  -0.0009105755
       -0.0048191748  -0.0008966413  -0.0001669200  -0.0720447431  -0.0270911804
        0.0744364720  -0.2800304048  -0.0211829599  -0.0117365274  -0.0797670053
        0.0866660307  -0.0198323182  -0.0000265702  -0.0000081200   0.0000087417
        0.0000067458  -0.0000131611   0.0000381838  -0.0000548989   0.0000096763
        0.0000252511  -0.0000396098   0.0000350726  -0.0000006354  -0.0000107191
        0.0000263695   0.0000296120  -0.0017296161  -0.0009056287  -0.0007832961
       -0.0000956090  -0.0000014932   0.0000084598  -0.0000402632  -0.0000446088
       -0.0000016431  -0.0000336548   0.0000150409   0.0000250602  -0.0000453241
       -0.0000071816  -0.0000351106  -0.0004659090  -0.0002175746  -0.0001491915
       -0.0001116275   0.0000465688   0.0000589025
       -0.0082267412   0.4648038798  -0.0202965161  -0.0242971115  -0.1123991008
       -0.0512183757   0.0113207054  -0.0063030151  -0.0366204725  -0.0046717432
       -0.0041687228   0.0037679350   0.0000611295   0.0001484649  -0.0000332714
       -0.0005794172  -0.0003783710   0.0002337544   0.0003592053  -0.0000683744
        0.0000333666  -0.0004619720  -0.0003238747  -0.0005183490   0.0014199104
        0.0002545862   0.0001729036  -0.0088366566  -0.0047962830  -0.0094241626
        0.0007748416  -0.0009815983  -0.0003416718  -0.0000348717  -0.0004450481
        0.0001963478   0.0004070435  -0.0000710956  -0.0001377300  -0.0000896158
        0.0000471781  -0.0001081886  -0.0007184809  -0.0004432634   0.0000681923
       -0.0007552807   0.0017299249  -0.0002737981  -0.0283373619  -0.0609955780
        0.0710794713  -0.0211965776  -0.0454786756   0.0000148492   0.0839668999
       -0.2313902209   0.0435016623  -0.0001024306   0.0003198025   0.0000183331
        0.0000168181   0.0001334057  -0.0000647956   0.0001322750   0.0000797379
        0.0000381401   0.0001962292  -0.0000574131   0.0000376920   0.0000638416
        0.0000148815  -0.0000798992  -0.0003161711   0.0006314742  -0.0003201832
       -0.0000596439   0.0000094093   0.0000050673  -0.0000127607   0.0000201220
        0.0000189804  -0.0000436335  -0.0000009245   0.0000053558  -0.0000576900
       -0.0000135193  -0.0000046244  -0.0001345046  -0.0001034823   0.0000824097
        0.0002137650   0.0002256940   0.0001675773
       -0.0168674768  -0.0202965161   0.4676209954  -0.0261246774  -0.0519588463
       -0.1206701351   0.0140665923  -0.0390819846  -0.0225146427  -0.0049376490
        0.0031729754  -0.0017252607   0.0012657647   0.0001926381  -0.0002613172
       -0.0003820504  -0.0000060490  -0.0005611540   0.0001226448   0.0002110211
       -0.0000643562  -0.0005810592   0.0000794329   0.0003129856  -0.0000465620
       -0.0001854815   0.0002370017  -0.0068384191  -0.0078156580  -0.0032613524
        0.0008091449  -0.0000976647  -0.0009601526  -0.0000664541   0.0000471685
       -0.0003176540   0.0003855792  -0.0000779789  -0.0000641490  -0.0000835382
       -0.0000773355   0.0000220473  -0.0006013003  -0.0000197381  -0.0002006361
        0.0000197764  -0.0000708429   0.0015560196   0.0727435812   0.0664518335
       -0.2280096245  -0.0118143296   0.0002632083  -0.0448322030  -0.0216055688
        0.0491522795  -0.0468184119   0.0002419617  -0.0001504303  -0.0002567663
        0.0002638468   0.0001454679  -0.0000866518   0.0001697355   0.0000010021
        0.0000037169   0.0001160197  -0.0001061931   0.0000016715  -0.0000230696
        0.0000184831   0.0000707454  -0.0001572893  -0.0001759971   0.0005824254
       -0.0000704293   0.0000128946   0.0000216631  -0.0000468606  -0.0000130902
        0.0000077447  -0.0000522983   0.0000045819   0.0000097137  -0.0000297616
        0.0000058638   0.0000182700  -0.0001406560   0.0000500655  -0.0000572098
        0.0002648028   0.0003248901   0.0001966771
       -0.0782064590  -0.0242971115  -0.0261246774   0.6419121965  -0.0619961126
       -0.1539099410  -0.2675072732   0.1266875051   0.1862075811  -0.0654131853
        0.0132023028   0.0257292875   0.0045119026   0.0064121131  -0.0016178430
       -0.0027618481  -0.0016349513  -0.0010292917   0.0016411673   0.0003327587
       -0.0001636425  -0.0035459590  -0.0002031069  -0.0015811842   0.0025987714
       -0.0043988017   0.0015647580  -0.1765279392  -0.0344945487  -0.0180234350
       -0.0399384066   0.0033245216   0.0096888491   0.0032929533   0.0057254315
        0.0060211048  -0.0062604035  -0.0014735212  -0.0007001767   0.0015629881
        0.0010152489   0.0008789768   0.0082108947  -0.0021036310  -0.0023257852
       -0.0210177266  -0.0218993142  -0.0194803771   0.0032313878   0.0061248551
        0.0082724538  -0.0125000575  -0.0210903125  -0.0226370729   0.0035802214
        0.0089485895   0.0080194661   0.0000710746   0.0000822963   0.0004229838
        0.0001325649   0.0003505493  -0.0003189584   0.0005120410   0.0002341875
        0.0003077555   0.0000371335  -0.0002969004   0.0002247292   0.0000319452
        0.0003594870   0.0006015725   0.0009875240  -0.0004042833  -0.0010826830
       -0.0002709352  -0.0003334667  -0.0003518561   0.0004109790   0.0002189606
       -0.0003068410   0.0001872626   0.0000105329  -0.0001274028   0.0004780445
       -0.0002249500   0.0001101278   0.0000911240   0.0003296336   0.0004117364
        0.0004680165   0.0014920385   0.0013197859
       -0.0284151657  -0.1123991008  -0.0519588463  -0.0619961126   0.3655559334
        0.2450913123   0.1529652195  -0.1496067436  -0.1514273118   0.0032477529
       -0.0003462862   0.0011591085  -0.0051581350  -0.0021892342  -0.0015931445
       -0.0000800139  -0.0005112571  -0.0000226305   0.0001493794  -0.0002201530
        0.0000498008   0.0004924449   0.0003588782   0.0002512557  -0.0017732668
        0.0010813404   0.0008617908  -0.0462275466  -0.0738583543  -0.0118397391
        0.0099741414   0.0039141915   0.0035396575   0.0021532978   0.0029457643
       -0.0046300745  -0.0001906264  -0.0008034387  -0.0008559273   0.0003427708
       -0.0006667708   0.0009574580  -0.0014867129   0.0000449590  -0.0063730552
       -0.0217348427  -0.0082115127  -0.0048429158   0.0047618434   0.0053748426
        0.0035595231  -0.0051740736  -0.0042641675  -0.0040461543  -0.0030790719
       -0.0224142602  -0.0200696095   0.0003145984  -0.0002406605   0.0003715938
       -0.0002702360  -0.0002028713   0.0003057667  -0.0001854170  -0.0000671929
        0.0000589944  -0.0002132318   0.0000441315  -0.0001265955   0.0003868582
       -0.0002976214   0.0002834954   0.0010544684  -0.0014140537   0.0007569204
        0.0009337019   0.0001633704  -0.0001840367  -0.0000541076  -0.0000495984
       -0.0001169205   0.0000762736  -0.0000185126  -0.0000081191   0.0003346548
        0.0000558755   0.0001781213  -0.0009638163  -0.0003152513  -0.0002764342
       -0.0001850288  -0.0014422455   0.0009467162
       -0.0304962368  -0.0512183757  -0.1206701351  -0.1539099410   0.2450913123
        0.4604242141   0.2172876892  -0.1449426148  -0.2433286147   0.0096479325
       -0.0031002520  -0.0050034017  -0.0026009965  -0.0014494660  -0.0000531697
       -0.0000167001   0.0003183838   0.0004565750   0.0001738478  -0.0001667884
        0.0000237806   0.0002727206   0.0002588879   0.0006245099  -0.0046027078
        0.0004166490  -0.0003184947  -0.0303302518  -0.0125867897  -0.0652723710
        0.0147832760   0.0042020320   0.0008112582   0.0025135042  -0.0050471107
        0.0023048766   0.0007101701  -0.0006996429  -0.0006106253  -0.0001079235
        0.0008337722  -0.0008788006  -0.0016327363  -0.0064744851   0.0012111191
       -0.0180747619  -0.0048358950  -0.0021641935  -0.0026753741  -0.0177114961
       -0.0242640155  -0.0047412931  -0.0043306649  -0.0028205578   0.0038545976
       -0.0000192288   0.0033985019   0.0002390688   0.0001682748   0.0000223398
       -0.0002727975  -0.0002525909   0.0001776287  -0.0003011904  -0.0000603290
       -0.0000904173  -0.0003164407   0.0002492685  -0.0001147418   0.0003303811
        0.0000749352  -0.0000640649   0.0006296419   0.0009377656  -0.0016648970
        0.0009559403  -0.0000290711   0.0000799787   0.0002344649   0.0001969142
        0.0000652863   0.0000936086  -0.0000015994  -0.0000361999  -0.0001184022
       -0.0001004426  -0.0000583128  -0.0009137042  -0.0004383727  -0.0002360139
       -0.0006153855   0.0007170200  -0.0019510415
        0.0003571427   0.0113207054   0.0140665923  -0.2675072732   0.1529652195
        0.2172876892   0.6749931174  -0.1190222425  -0.2616815468  -0.2504127770
       -0.0429922325   0.0003947436  -0.0394682104  -0.0278042666   0.0104251562
        0.0048380821   0.0005242932   0.0021840648  -0.0047389271  -0.0018559938
        0.0010349037   0.0060471078   0.0041322586  -0.0016519446  -0.0556706528
        0.0163593055  -0.0021189268  -0.0650892168   0.0083440436   0.0202454662
        0.0010777402  -0.0048899538  -0.0051702278  -0.0040078930  -0.0016560649
       -0.0012703868   0.0024994347   0.0015161486   0.0010989824  -0.0008768082
       -0.0005015645  -0.0004211058  -0.0022433406   0.0015589124   0.0015210686
       -0.0004742623   0.0040069023   0.0051777439   0.0004016753   0.0001746556
       -0.0001900823   0.0008095247  -0.0010842004  -0.0006009872   0.0000738920
       -0.0006798006  -0.0001185540   0.0017565210   0.0016060771  -0.0003973045
       -0.0006929973  -0.0005257160   0.0003612799  -0.0001631289  -0.0001253634
       -0.0001529594  -0.0010308980   0.0002373453  -0.0003591377   0.0016066870
       -0.0016690057  -0.0004646352   0.0001950222   0.0000712186   0.0002208431
       -0.0007876997   0.0000118798   0.0001718094  -0.0001698748  -0.0000900764
        0.0001588616  -0.0001013536   0.0000217597   0.0000871591  -0.0002094881
        0.0001139663  -0.0000351254   0.0000197189  -0.0000696980  -0.0000973758
       -0.0010308641   0.0000014875   0.0002939361
        0.0166616199  -0.0063030151  -0.0390819846   0.1266875051  -0.1496067436
       -0.1449426148  -0.1190222425   0.2282107490   0.1652372611  -0.0237333741
       -0.0649607494   0.0029862062  -0.0328247229  -0.0077486841   0.0100263105
        0.0025454482  -0.0023136443   0.0054027528  -0.0019899162   0.0018240069
       -0.0008153374   0.0025755180  -0.0029951977   0.0053465141   0.0248180464
        0.0048101064  -0.0033684313   0.0132013745   0.0013077197   0.0093616461
       -0.0034808921   0.0011534251   0.0007973881   0.0006814359   0.0013412375
        0.0000774482  -0.0012032090  -0.0001093322   0.0001806514   0.0000777317
        0.0001381597   0.0002096142   0.0017098595   0.0004084273  -0.0000087366
       -0.0045257303  -0.0031558427  -0.0037681577  -0.0013811539  -0.0046572694
       -0.0050685691   0.0013531557   0.0012345213   0.0013314018   0.0000299726
        0.0001125785  -0.0001747674  -0.0010813812   0.0005056593  -0.0019804274
       -0.0011314500  -0.0004154658  -0.0001753924   0.0000088343  -0.0002987012
       -0.0009084489   0.0014325357   0.0000454410  -0.0000528626   0.0001374972
        0.0007084103  -0.0021723291  -0.0002909886   0.0000240987   0.0004288468
       -0.0001302663   0.0000290414   0.0000626796   0.0000404382  -0.0000214171
       -0.0000333106  -0.0000846942   0.0000256150   0.0000224824   0.0000153364
       -0.0000297198  -0.0000229836   0.0000279665   0.0000427652   0.0000642949
       -0.0011242544   0.0006938199   0.0010388553
        0.0227918229  -0.0366204725  -0.0225146427   0.1862075811  -0.1514273118
       -0.2433286147  -0.2616815468   0.1652372611   0.3149210470   0.0244159679
        0.0101680470  -0.0539951655   0.0187566269   0.0033170266   0.0015272794
        0.0017338334   0.0054533180   0.0045055974  -0.0010141378  -0.0010677661
        0.0002757988   0.0013809868   0.0047952638   0.0037125071  -0.0097353532
        0.0021635055   0.0035979195   0.0234330858   0.0078039873  -0.0012288677
       -0.0035681905   0.0007324093   0.0027560482   0.0014401074   0.0006796507
        0.0012483606  -0.0015316301  -0.0002513177  -0.0002067799   0.0001948231
        0.0002170190   0.0002834829   0.0017989261   0.0002075000  -0.0002532672
       -0.0038388528  -0.0047829366  -0.0028565290  -0.0003843531  -0.0018068754
       -0.0017752023   0.0017089029   0.0019935569   0.0017939854  -0.0008325480
       -0.0040040759  -0.0048579738  -0.0000519375  -0.0018439752  -0.0012873229
        0.0008910859   0.0002250063  -0.0002707527   0.0000195614  -0.0006941116
       -0.0012562067  -0.0003801977  -0.0001194009   0.0000757093  -0.0006118837
       -0.0016110614  -0.0017090456  -0.0004025309   0.0004020351  -0.0000449202
        0.0000043032   0.0000815075  -0.0000289435   0.0000370785   0.0000076178
       -0.0000510589  -0.0000650811   0.0000067316   0.0000221896   0.0000804549
       -0.0000422343   0.0000005914   0.0000356194   0.0000683086   0.0001010503
       -0.0008325246   0.0007117873   0.0008437265
        0.0028311856  -0.0046717432  -0.0049376490  -0.0654131853   0.0032477529
        0.0096479325  -0.2504127770  -0.0237333741   0.0244159679   0.6326403708
       -0.0141480832  -0.0261561336  -0.1032461982  -0.0796192301   0.0468322399
       -0.0202093012  -0.0290919416   0.0154005806   0.0063277588   0.0100037241
       -0.0055099805  -0.0525061353   0.0129491141  -0.0028847502  -0.1536314716
        0.1175961382  -0.0548776370   0.0044424006   0.0027240033   0.0040123819
       -0.0032106914   0.0006276884   0.0014279734   0.0005372883   0.0010487846
        0.0007545032  -0.0009378960  -0.0004039127  -0.0002962515   0.0005268175
        0.0001616439   0.0001795848   0.0010951656  -0.0005140234  -0.0007857255
       -0.0003891367  -0.0001860298  -0.0006226636  -0.0004241863  -0.0002778936
       -0.0008248765   0.0006961177   0.0000630571  -0.0003368800   0.0000504785
       -0.0008247324  -0.0003859314   0.0047375113   0.0145638681  -0.0093777211
       -0.0053924349  -0.0004118052   0.0010606264   0.0010633684   0.0001489133
       -0.0003206377  -0.0053113898  -0.0007785692   0.0012662954   0.0061199200
       -0.0065087584   0.0039846565   0.0000380264  -0.0004299327  -0.0004265465
        0.0001774103  -0.0001200596  -0.0001833961   0.0000838245   0.0000606114
       -0.0000883874   0.0001351763  -0.0000359890  -0.0000724910   0.0001306830
       -0.0000456426   0.0000389910   0.0001376020   0.0000789015   0.0000780938
       -0.0006863017  -0.0014724804  -0.0010121684
        0.0029758200  -0.0041687228   0.0031729754   0.0132023028  -0.0003462862
       -0.0031002520  -0.0429922325  -0.0649607494   0.0101680470  -0.0141480832
        0.5263581508  -0.1848833089  -0.0248241659  -0.2212246707   0.0898948812
       -0.0792208890   0.0099482418  -0.0022853417   0.0101521490  -0.0527128505
        0.0228113599   0.0617098111   0.0320651861  -0.0210834962   0.0647392205
       -0.1949228360   0.0657721620   0.0003064807   0.0073814424  -0.0078394290
       -0.0000929661   0.0004787610  -0.0001683598   0.0001801490  -0.0006308155
        0.0008730094  -0.0001352642  -0.0000275223  -0.0000642486   0.0000578870
        0.0001176581  -0.0000840374   0.0001873242  -0.0003963297   0.0001888293
       -0.0004217190  -0.0000313159   0.0003637278   0.0004293066   0.0004908432
        0.0005000066   0.0002263370  -0.0000819286  -0.0007882073  -0.0001172383
       -0.0010924415  -0.0008853639  -0.0055035688  -0.0205853925   0.0111160395
       -0.0002088266   0.0028349059   0.0025796672   0.0002533474  -0.0003596850
        0.0006097648  -0.0011302506   0.0027811827   0.0031669535   0.0143801723
       -0.0209106979   0.0106184912   0.0000129885   0.0001097873  -0.0002932824
        0.0000366785  -0.0000586163  -0.0000010535   0.0000159650   0.0000218407
        0.0000009036   0.0000220477  -0.0000095489  -0.0000170560  -0.0000039076
       -0.0000203475  -0.0000114121  -0.0000197099  -0.0000032182  -0.0000175715
       -0.0000691658  -0.0000440247  -0.0003143981
        0.0015140379   0.0037679350  -0.0017252607   0.0257292875   0.0011591085
       -0.0050034017   0.0003947436   0.0029862062  -0.0539951655  -0.0261561336
       -0.1848833089   0.2357537140   0.0180681472   0.0950027698  -0.0974652754
        0.0387583594  -0.0041820769  -0.0019957903  -0.0047615879   0.0220275358
       -0.0167329880  -0.0284558936  -0.0167163437   0.0080654917  -0.0241607541
        0.0604785316  -0.0766410577   0.0014543993  -0.0075948591   0.0043084719
        0.0009521114  -0.0002395235   0.0002720775  -0.0001036195   0.0004162128
       -0.0008180876   0.0000239925   0.0000699944   0.0001014924  -0.0000369592
       -0.0001090160   0.0000491571  -0.0000014087   0.0002296678  -0.0002775515
       -0.0007123183   0.0002160828   0.0000112857   0.0001301699  -0.0004290766
       -0.0006869101  -0.0000457182  -0.0002123770  -0.0005431428   0.0004010465
        0.0005756946   0.0004992088   0.0025309917   0.0102423281  -0.0038004145
        0.0010160635   0.0028383038   0.0068598801  -0.0001437462   0.0003658446
        0.0001730751   0.0009856758   0.0027652139   0.0068084320  -0.0073893346
        0.0113567300  -0.0036006374   0.0000461934  -0.0001201731   0.0001731224
       -0.0000019754   0.0000461867  -0.0000336442  -0.0000298122  -0.0000293617
       -0.0000044644  -0.0000148653   0.0000016685  -0.0000078938  -0.0000146442
        0.0000131228  -0.0000110340  -0.0000733000  -0.0000619409  -0.0000226916
        0.0000968516   0.0000189195   0.0002900027
        0.0000970792   0.0000611295   0.0012657647   0.0045119026  -0.0051581350
       -0.0026009965  -0.0394682104  -0.0328247229   0.0187566269  -0.1032461982
       -0.0248241659   0.0180681472   0.6741044059  -0.0217346279  -0.0203245830
       -0.3343882507  -0.0597071592   0.0466234573  -0.0521727905   0.0652994384
       -0.0296571386  -0.0370496621  -0.0302536869   0.0166350127   0.0497837290
       -0.0072420945   0.0014219479  -0.0019892721   0.0017133847  -0.0013721529
        0.0003884878  -0.0003159317  -0.0006315188  -0.0002700119  -0.0004625046
       -0.0000772024   0.0003687409   0.0002311328   0.0001720137  -0.0001740237
       -0.0000640413  -0.0001238703  -0.0001629012   0.0001459431   0.0002586893
       -0.0000536620   0.0002814368   0.0004244705   0.0000673056   0.0000896832
        0.0000833569  -0.0001242514   0.0002696319   0.0005678185   0.0000167923
        0.0000076213  -0.0000133473  -0.1431419857   0.1122388995  -0.0505975147
       -0.0135412721  -0.0038072927   0.0028807613  -0.0015047699   0.0031163292
       -0.0007864275   0.0000405975  -0.0007260014   0.0003077446  -0.0018239354
        0.0033235132  -0.0014370976   0.0000147551   0.0000776532   0.0000091926
       -0.0001304453   0.0000216404   0.0000518052  -0.0000456556  -0.0000335655
        0.0000271764  -0.0000416327   0.0000148939   0.0000138394  -0.0000680210
        0.0000209301  -0.0000458511  -0.0000752769  -0.0000617136  -0.0000648043
        0.0000784329   0.0003023824   0.0001646800
       -0.0000156417   0.0001484649   0.0001926381   0.0064121131  -0.0021892342
       -0.0014494660  -0.0278042666  -0.0077486841   0.0033170266  -0.0796192301
       -0.2212246707   0.0950027698  -0.0217346279   0.5251871392  -0.2094680722
        0.0079460701  -0.0861767065   0.0210155452   0.0129797523   0.0296561526
       -0.0150925938  -0.0252933881  -0.0170564935   0.0073623329   0.0347755534
       -0.0453342130   0.0223767218  -0.0007989083  -0.0005184952   0.0000025994
        0.0004419672  -0.0000967097  -0.0002181361  -0.0001460136  -0.0000678653
       -0.0001107962   0.0000686119   0.0000486412   0.0000182344  -0.0000369540
       -0.0000136514   0.0000036153  -0.0000707472   0.0000737832   0.0000745720
        0.0002155148   0.0000099112   0.0000917090   0.0000662176   0.0000143596
        0.0001760720  -0.0001317904   0.0005994980   0.0004641446   0.0002257416
       -0.0000327750  -0.0000070163   0.1122179948  -0.1683199159   0.0638032450
       -0.0252537173  -0.0049869576   0.0044691200   0.0034789970  -0.0011425127
        0.0040786512  -0.0006863819   0.0002812355  -0.0003668860   0.0028624001
       -0.0013919147   0.0040649744  -0.0000213195   0.0000229068   0.0000409268
       -0.0000108339   0.0000004869   0.0000146377   0.0000000619  -0.0000021676
       -0.0000120935  -0.0000102284   0.0000007428  -0.0000034432   0.0000100175
        0.0000083383   0.0000040755  -0.0000213657   0.0000145153  -0.0000107328
       -0.0000455989   0.0002367915   0.0001656244
        0.0003116154  -0.0000332714  -0.0002613172  -0.0016178430  -0.0015931445
       -0.0000531697   0.0104251562   0.0100263105   0.0015272794   0.0468322399
        0.0898948812  -0.0974652754  -0.0203245830  -0.2094680722   0.2143343800
        0.0112652514   0.0248090892  -0.0571941564  -0.0027168484  -0.0191900569
        0.0112676390   0.0150818411   0.0086280993  -0.0099102119  -0.0204559910
        0.0233290088  -0.0092260612  -0.0000206764   0.0001458776   0.0002459760
       -0.0001871239   0.0000935249   0.0001114060   0.0000601382   0.0001266210
        0.0000837252  -0.0001260691  -0.0000752431  -0.0000660973   0.0000807619
        0.0000400883   0.0000301890   0.0000462290  -0.0000700809  -0.0000891198
        0.0001027423  -0.0000395936  -0.0000372041   0.0001538591   0.0001023564
       -0.0000498280   0.0007166333  -0.0004303612  -0.0004926563  -0.0003850189
        0.0000444251   0.0000667321  -0.0507519849   0.0628423823  -0.0617615807
        0.0132461883   0.0030846395  -0.0015477539  -0.0012854781   0.0041081330
        0.0053919599   0.0003299108  -0.0002282122  -0.0000130635  -0.0008978894
        0.0039593887   0.0053176285  -0.0000460031  -0.0000193863   0.0000084724
        0.0000363486  -0.0000217041  -0.0000233265   0.0000201130   0.0000183144
       -0.0000363701   0.0000108606  -0.0000063925  -0.0000234637   0.0000323502
       -0.0000061818   0.0000032208   0.0000476268   0.0000434086   0.0000107573
        0.0000156432  -0.0001148480  -0.0001487096
        0.0004669090  -0.0005794172  -0.0003820504  -0.0027618481  -0.0000800139
       -0.0000167001   0.0048380821   0.0025454482   0.0017338334  -0.0202093012
       -0.0792208890   0.0387583594  -0.3343882507   0.0079460701   0.0112652514
        0.6576052280  -0.0083542829  -0.0262517208  -0.1864593516   0.0707346039
       -0.0276262466   0.0551118680   0.0426479071  -0.0242042092  -0.0536555522
        0.0185257926  -0.0065952255   0.0003535239   0.0005239260  -0.0001222257
       -0.0001940447   0.0001440723   0.0001558628   0.0000533896   0.0001101477
        0.0001504009  -0.0001570569  -0.0000688193  -0.0000379105   0.0000713363
        0.0000413252   0.0000407974   0.0001119467  -0.0000669708  -0.0000655440
        0.0000586626  -0.0000785873  -0.0001660663   0.0001741520   0.0000994337
       -0.0000468517  -0.0000872918  -0.0001805209   0.0004409070  -0.0001596158
       -0.0000894603  -0.0000970158  -0.0217610636   0.0002951950   0.0015572563
       -0.0764378986  -0.0741590008   0.0394378934  -0.0226234122   0.0209935307
       -0.0094479082   0.0003699626  -0.0023019489   0.0015643553  -0.0003520615
        0.0006990229  -0.0000329089  -0.0000438717  -0.0000280234  -0.0000425718
        0.0000300731  -0.0000181197  -0.0000222451   0.0000180710   0.0000136238
       -0.0000050512   0.0000088634  -0.0000073457  -0.0000047760   0.0000215835
       -0.0000188421   0.0000154435   0.0000147048   0.0000176216   0.0000342382
       -0.0000177359  -0.0000854787   0.0000126289
        0.0001143579  -0.0003783710  -0.0000060490  -0.0016349513  -0.0005112571
        0.0003183838   0.0005242932  -0.0023136443   0.0054533180  -0.0290919416
        0.0099482418  -0.0041820769  -0.0597071592  -0.0861767065   0.0248090892
       -0.0083542829   0.5552687401  -0.2201710526   0.1413966120  -0.2030069901
        0.0704821938  -0.0112998207  -0.0533976038   0.0276171951   0.0231404191
       -0.0058808910  -0.0004706133  -0.0001714742   0.0006932226  -0.0003603667
       -0.0000596884   0.0000021683  -0.0000244442  -0.0000118206  -0.0000462971
        0.0000643319  -0.0000215722   0.0000030279   0.0000079188   0.0000035173
        0.0000126961   0.0000013466  -0.0000045542  -0.0000213823   0.0000097414
        0.0000032899  -0.0000155756   0.0000239125   0.0000485245   0.0000381850
       -0.0000420760  -0.0000533888   0.0000300336   0.0000888285  -0.0000212219
       -0.0000728365  -0.0000062322   0.0217468408   0.0008099485  -0.0019354972
       -0.0743083287  -0.2147682910   0.0943522492  -0.0008665769   0.0017046540
       -0.0007123309  -0.0017681430  -0.0025073409   0.0051399330   0.0004213642
        0.0005485015  -0.0004506432  -0.0000083483   0.0000074929  -0.0000118401
       -0.0000008193  -0.0000066039   0.0000003899  -0.0000012755   0.0000047223
       -0.0000002248   0.0000019353  -0.0000008112   0.0000008207  -0.0000047665
        0.0000002741   0.0000041817   0.0000022572   0.0000131141   0.0000034318
       -0.0000132770   0.0000195797  -0.0000038186
       -0.0001248819   0.0002337544  -0.0005611540  -0.0010292917  -0.0000226305
        0.0004565750   0.0021840648   0.0054027528   0.0045055974   0.0154005806
       -0.0022853417  -0.0019957903   0.0466234573   0.0210155452  -0.0571941564
       -0.0262517208  -0.2201710526   0.2282916865  -0.0632264422   0.0755664143
       -0.0811181203   0.0020128476   0.0241833023  -0.0110295848  -0.0082515016
       -0.0005120752  -0.0041742908  -0.0001128907  -0.0001247861   0.0001791017
       -0.0000139817  -0.0000010139  -0.0000045446   0.0000063592  -0.0000094147
       -0.0000117495   0.0000299183   0.0000037633   0.0000127461  -0.0000042726
       -0.0000029323   0.0000093128  -0.0000036495   0.0000015863   0.0000189025
        0.0000512002   0.0000307876   0.0000017206  -0.0000513594  -0.0000655953
       -0.0000360351   0.0001244629  -0.0000724464  -0.0000892499   0.0000532372
        0.0001010665   0.0000438362  -0.0097334979  -0.0003749093   0.0005901054
        0.0395468196   0.0944195089  -0.0837795652   0.0016829458  -0.0021123346
        0.0007213865   0.0012905697   0.0052383325   0.0051115606  -0.0001833681
       -0.0003990732   0.0000368964   0.0000039892  -0.0000071736   0.0000078200
        0.0000024840   0.0000005385   0.0000122258   0.0000012095  -0.0000016929
        0.0000096344   0.0000008820   0.0000042098   0.0000134588  -0.0000037959
        0.0000010351   0.0000130220   0.0000033473  -0.0000014741   0.0000048767
       -0.0000277210  -0.0000386513  -0.0000462245
       -0.0002425244   0.0003592053   0.0001226448   0.0016411673   0.0001493794
        0.0001738478  -0.0047389271  -0.0019899162  -0.0010141378   0.0063277588
        0.0101521490  -0.0047615879  -0.0521727905   0.0129797523  -0.0027168484
       -0.1864593516   0.1413966120  -0.0632264422   0.6722399315  -0.0092925789
       -0.0262269579  -0.1249694671  -0.1046559913   0.0566610772  -0.0198644546
       -0.0277636714   0.0152030614  -0.0000002531  -0.0001604423   0.0000119209
        0.0001158520  -0.0000522118  -0.0000665216  -0.0000457019  -0.0000230905
       -0.0000280563   0.0000249997   0.0000194016   0.0000190560  -0.0000371415
       -0.0000051212  -0.0000035037  -0.0000377594   0.0000105304   0.0000156793
        0.0000424701  -0.0000113561  -0.0000105515   0.0000258101  -0.0000253140
       -0.0000414928  -0.0001714668   0.0000474658  -0.0000066555   0.0001098089
       -0.0000132011   0.0000385505  -0.0055530897  -0.0004234162   0.0010742066
        0.0061441342  -0.0071244291   0.0031794244  -0.2924255424  -0.0284448581
        0.0285491266   0.0057406904   0.0157059375  -0.0081356007  -0.0056495879
       -0.0009442654   0.0010727163  -0.0000032306   0.0000065184   0.0000163440
       -0.0000175209  -0.0000027706   0.0000036122  -0.0000051136  -0.0000017685
        0.0000014066  -0.0000076712  -0.0000050463   0.0000003400  -0.0000072576
        0.0000006136   0.0000012817  -0.0000156762   0.0000042882   0.0000015846
        0.0000119052   0.0001075953   0.0000924753
        0.0000271610  -0.0000683744   0.0002110211   0.0003327587  -0.0002201530
       -0.0001667884  -0.0018559938   0.0018240069  -0.0010677661   0.0100037241
       -0.0527128505   0.0220275358   0.0652994384   0.0296561526  -0.0191900569
        0.0707346039  -0.2030069901   0.0755664143  -0.0092925789   0.5395877334
       -0.2133751662  -0.0338542740  -0.2437880212   0.1000430852  -0.0802930263
        0.0087517574   0.0012982972  -0.0000828400   0.0001133138  -0.0000721280
        0.0000166841  -0.0000107402  -0.0000246384  -0.0000146861   0.0000027421
        0.0000023573  -0.0000099360  -0.0000040139   0.0000049657   0.0000032749
        0.0000060045   0.0000052339  -0.0000127706   0.0000188070   0.0000050161
        0.0000642431  -0.0000177851  -0.0000417239   0.0001351369   0.0000802591
        0.0000339569   0.0000431896  -0.0000634020   0.0001972331  -0.0001139271
        0.0000709156   0.0000083161  -0.0011127904   0.0028087821   0.0027779537
        0.0146258493  -0.0206708665   0.0099649979  -0.0284083761  -0.0448258392
        0.0080133542  -0.0060172450  -0.0204782933   0.0108261625  -0.0002365790
        0.0029043224   0.0028717766  -0.0000162961   0.0000151578   0.0000235193
       -0.0000035388  -0.0000009775   0.0000061903   0.0000046119   0.0000056607
       -0.0000042919  -0.0000040901   0.0000005880   0.0000016917  -0.0000014966
        0.0000001199  -0.0000047160   0.0000056625   0.0000088545   0.0000035841
        0.0000341061   0.0000131288   0.0000546128
       -0.0000339909   0.0000333666  -0.0000643562  -0.0001636425   0.0000498008
        0.0000237806   0.0010349037  -0.0008153374   0.0002757988  -0.0055099805
        0.0228113599  -0.0167329880  -0.0296571386  -0.0150925938   0.0112676390
       -0.0276262466   0.0704821938  -0.0811181203  -0.0262269579  -0.2133751662
        0.2188242463   0.0212858875   0.1039956219  -0.0997126261   0.0410153671
       -0.0022165696   0.0000444582   0.0000442309  -0.0000585486   0.0000490543
       -0.0000148416   0.0000032252   0.0000203734   0.0000077731  -0.0000039363
       -0.0000055836   0.0000108247   0.0000034941  -0.0000023561  -0.0000010983
       -0.0000016421   0.0000008798   0.0000080768  -0.0000003362  -0.0000072913
       -0.0000345397   0.0000055195   0.0000216401  -0.0000741640  -0.0000459503
        0.0000005987  -0.0000315482   0.0000334839  -0.0000878046   0.0000706379
       -0.0000414111  -0.0000033653   0.0013638555   0.0026818322   0.0065661104
       -0.0076382737   0.0111755016  -0.0043987525   0.0285938880   0.0080927572
       -0.0373956729   0.0027153119   0.0096959847  -0.0041593643   0.0008691346
        0.0026048789   0.0066403361   0.0000074556  -0.0000107509  -0.0000046268
        0.0000024519  -0.0000013668   0.0000024095  -0.0000019013  -0.0000027092
       -0.0000029289   0.0000006369   0.0000013703   0.0000004914   0.0000000409
        0.0000024822   0.0000019362   0.0000004255  -0.0000003422  -0.0000073505
       -0.0000165788  -0.0000062119  -0.0000365656
        0.0002137517  -0.0004619720  -0.0005810592  -0.0035459590   0.0004924449
        0.0002727206   0.0060471078   0.0025755180   0.0013809868  -0.0525061353
        0.0617098111  -0.0284558936  -0.0370496621  -0.0252933881   0.0150818411
        0.0551118680  -0.0112998207   0.0020128476  -0.1249694671  -0.0338542740
        0.0212858875   0.6634728093  -0.0175326582  -0.0196018323  -0.3368381015
       -0.0628066649   0.0440764223   0.0004782366  -0.0000757552   0.0004275283
       -0.0001983644   0.0001042720   0.0002073892   0.0000338248   0.0001293455
        0.0000779417  -0.0001402546  -0.0000576371  -0.0000463198   0.0000680338
        0.0000216422   0.0000441560   0.0001226327  -0.0000625565  -0.0000905480
       -0.0000238882  -0.0000875783  -0.0000916462  -0.0001744445  -0.0000840314
       -0.0001551869  -0.0001592052   0.0001869044  -0.0002313911   0.0001424293
       -0.0001884804  -0.0000437544   0.0000271026  -0.0008235213   0.0003011095
       -0.0015235161   0.0037065290  -0.0012955463  -0.0140901978  -0.0249874846
        0.0131181692  -0.1416028679   0.1123575233  -0.0498853538  -0.0128771978
       -0.0035547337   0.0022902697  -0.0000037893  -0.0000573147  -0.0000517298
        0.0000344099  -0.0000170249  -0.0000198305   0.0000113358   0.0000085833
       -0.0000066321   0.0000136565  -0.0000045877  -0.0000003646   0.0000182818
       -0.0000057525   0.0000185378   0.0000021773   0.0000204855   0.0000212657
       -0.0000946070  -0.0000578230  -0.0000599843
       -0.0000478158  -0.0003238747   0.0000794329  -0.0002031069   0.0003588782
        0.0002588879   0.0041322586  -0.0029951977   0.0047952638   0.0129491141
        0.0320651861  -0.0167163437  -0.0302536869  -0.0170564935   0.0086280993
        0.0426479071  -0.0533976038   0.0241833023  -0.1046559913  -0.2437880212
        0.1039956219  -0.0175326582   0.5530968937  -0.2168135536   0.0059001634
       -0.0873693378   0.0204571324   0.0000879302   0.0005044746  -0.0005254955
       -0.0000543467   0.0000592653   0.0000442474   0.0000288126  -0.0000167318
        0.0000814855  -0.0000172293  -0.0000216319  -0.0000210416   0.0000208684
        0.0000162310   0.0000042607   0.0000269071  -0.0000259776   0.0000202707
        0.0000490954  -0.0000274645  -0.0000326026  -0.0000806660  -0.0000137388
        0.0000115369   0.0000949520   0.0000023112  -0.0001702493   0.0000160856
       -0.0000242573  -0.0000599412  -0.0006223680   0.0003153850  -0.0002105015
        0.0031237679  -0.0012099153   0.0043140534  -0.0030239448  -0.0039750024
        0.0020847622   0.1124173170  -0.1710206289   0.0620818104  -0.0250300064
       -0.0051225196   0.0035672226   0.0000024666   0.0000111086  -0.0000311392
        0.0000133171   0.0000077570  -0.0000037954   0.0000077152   0.0000061143
        0.0000071739   0.0000033756   0.0000091899   0.0000030468   0.0000063416
       -0.0000033560   0.0000030813   0.0000061985  -0.0000021668   0.0000076949
       -0.0000127740  -0.0000588753  -0.0000437235
       -0.0000399276  -0.0005183490   0.0003129856  -0.0015811842   0.0002512557
        0.0006245099  -0.0016519446   0.0053465141   0.0037125071  -0.0028847502
       -0.0210834962   0.0080654917   0.0166350127   0.0073623329  -0.0099102119
       -0.0242042092   0.0276171951  -0.0110295848   0.0566610772   0.1000430852
       -0.0997126261  -0.0196018323  -0.2168135536   0.2252314570   0.0119853419
        0.0253641678  -0.0565142274  -0.0001557112   0.0003038461   0.0000217932
       -0.0000853694  -0.0000063518  -0.0000039683   0.0000011711   0.0000235548
        0.0000398859  -0.0000128417  -0.0000128151  -0.0000062922   0.0000021126
        0.0000052624   0.0000247235  -0.0000224519   0.0000008202  -0.0000011045
        0.0000735588  -0.0000419106  -0.0000056522   0.0001086117   0.0001114853
        0.0001100758   0.0000274445  -0.0000163471   0.0000554990  -0.0000768727
       -0.0000997531  -0.0001047053   0.0002772121  -0.0001964784  -0.0001126208
       -0.0010810237   0.0042452781   0.0057887228   0.0023108579   0.0033509588
       -0.0019198780  -0.0499684138   0.0620078040  -0.0626666986   0.0132735733
        0.0027336613  -0.0020930366  -0.0000030333   0.0000171490   0.0000046780
        0.0000009218   0.0000031463   0.0000088693   0.0000007584   0.0000030981
        0.0000177779  -0.0000002293  -0.0000003204   0.0000143705   0.0000012493
       -0.0000070166   0.0000144651   0.0000083982   0.0000026157   0.0000169719
        0.0000024936   0.0000031613   0.0000158224
       -0.0000627391   0.0014199104  -0.0000465620   0.0025987714  -0.0017732668
       -0.0046027078  -0.0556706528   0.0248180464  -0.0097353532  -0.1536314716
        0.0647392205  -0.0241607541   0.0497837290   0.0347755534  -0.0204559910
       -0.0536555522   0.0231404191  -0.0082515016  -0.0198644546  -0.0802930263
        0.0410153671  -0.3368381015   0.0059001634   0.0119853419   0.6697128098
        0.0078644335  -0.0327268007  -0.0019822961  -0.0018763559   0.0021617551
        0.0004827546  -0.0005502979  -0.0004468352  -0.0003628204  -0.0001225524
       -0.0004663934   0.0003713430   0.0002273112   0.0001860390  -0.0001719179
       -0.0001103360  -0.0000692228  -0.0001744375   0.0002882524   0.0001447729
        0.0001510013   0.0002640761   0.0002960222   0.0002221559   0.0000274768
        0.0000709528   0.0000241160   0.0003313341   0.0005258711   0.0000531882
        0.0003318052   0.0002636689   0.0001103154  -0.0021464804   0.0016354283
       -0.0003272468   0.0004174278  -0.0003471177   0.0002689976  -0.0017591430
        0.0012134963  -0.0224481199   0.0003843488   0.0010977996  -0.0782837766
       -0.0765925153   0.0402676031   0.0000030276   0.0000157484   0.0001250794
       -0.0001345046   0.0000434821   0.0000405033  -0.0000486255  -0.0000436320
        0.0000213732  -0.0000471355   0.0000128681   0.0000173677  -0.0000555132
        0.0000250497  -0.0000362848  -0.0000746462  -0.0000617680  -0.0000523403
        0.0000518019   0.0003024465   0.0003294227
       -0.0000248641   0.0002545862  -0.0001854815  -0.0043988017   0.0010813404
        0.0004166490   0.0163593055   0.0048101064   0.0021635055   0.1175961382
       -0.1949228360   0.0604785316  -0.0072420945  -0.0453342130   0.0233290088
        0.0185257926  -0.0058808910  -0.0005120752  -0.0277636714   0.0087517574
       -0.0022165696  -0.0628066649  -0.0873693378   0.0253641678   0.0078644335
        0.5379263181  -0.2117853844   0.0004440985  -0.0001810828   0.0007047227
       -0.0002866647   0.0000079067   0.0000728627   0.0000504544   0.0000378944
       -0.0000498156   0.0000165606   0.0000112708  -0.0000056988   0.0000058032
       -0.0000290529  -0.0000176237   0.0000437606  -0.0000172347  -0.0000402049
       -0.0001795782   0.0000097924  -0.0000017499  -0.0002643838  -0.0000415848
        0.0000254250   0.0002080345  -0.0003642210  -0.0005176053   0.0000555819
       -0.0000032639   0.0000518896  -0.0016243117  -0.0026502215   0.0047613518
        0.0004433649   0.0006741888  -0.0003221759  -0.0022331133  -0.0024578838
        0.0048767512   0.0217194190   0.0009982261  -0.0013598283  -0.0765038869
       -0.2151354129   0.0949603446   0.0000265252  -0.0000220362  -0.0000097063
       -0.0000128360   0.0000002703   0.0000016424  -0.0000155087  -0.0000181719
        0.0000013048  -0.0000002371  -0.0000001600   0.0000001645  -0.0000135863
        0.0000037361  -0.0000108377   0.0000058574  -0.0000139004  -0.0000109982
        0.0000050734  -0.0001258897  -0.0001625665
       -0.0000303831   0.0001729036   0.0002370017   0.0015647580   0.0008617908
       -0.0003184947  -0.0021189268  -0.0033684313   0.0035979195  -0.0548776370
        0.0657721620  -0.0766410577   0.0014219479   0.0223767218  -0.0092260612
       -0.0065952255  -0.0004706133  -0.0041742908   0.0152030614   0.0012982972
        0.0000444582   0.0440764223   0.0204571324  -0.0565142274  -0.0327268007
       -0.2117853844   0.2138828893   0.0001591302   0.0002199555  -0.0003686435
        0.0000807174   0.0000150538   0.0000012716  -0.0000121405  -0.0000614083
        0.0000101501   0.0000158539   0.0000118707   0.0000088878  -0.0000223163
        0.0000098217  -0.0000206340   0.0000136094   0.0000516595   0.0000547621
        0.0001218994  -0.0000741999  -0.0001885931   0.0000091161   0.0000775360
        0.0001292155   0.0001052125   0.0001188794   0.0002526301   0.0000980433
        0.0000985835   0.0000627046   0.0012509449   0.0049859414   0.0046669933
       -0.0002156593  -0.0004734544  -0.0000264098   0.0014659286   0.0049350585
        0.0047890965  -0.0095319068  -0.0001254965   0.0012896193   0.0405319888
        0.0948202246  -0.0816353631  -0.0000271799   0.0000343973   0.0000194620
       -0.0000034335   0.0000105712   0.0000049878   0.0000052148  -0.0000005643
       -0.0000093415  -0.0000118677   0.0000007198  -0.0000064607  -0.0000011578
       -0.0000021422  -0.0000187105   0.0000190706   0.0000037728   0.0000009070
        0.0000317155   0.0000286411   0.0000953318
       -0.0089644270  -0.0088366566  -0.0068384191  -0.1765279392  -0.0462275466
       -0.0303302518  -0.0650892168   0.0132013745   0.0234330858   0.0044424006
        0.0003064807   0.0014543993  -0.0019892721  -0.0007989083  -0.0000206764
        0.0003535239  -0.0001714742  -0.0001128907  -0.0000002531  -0.0000828400
        0.0000442309   0.0004782366   0.0000879302  -0.0001557112  -0.0019822961
        0.0004440985   0.0001591302   0.6127527616   0.0130051726  -0.0519212187
       -0.1981869337   0.0910480444   0.1048472408  -0.0617046879  -0.0079588921
        0.0007813265   0.0039377925   0.0153409351   0.0134076788  -0.0016421658
       -0.0009652399  -0.0010848036  -0.0073705287  -0.0232553051  -0.0208380873
       -0.0955079669  -0.0533858020  -0.0442080617  -0.0005706416  -0.0000039836
        0.0001693776  -0.0001565090  -0.0006819458  -0.0005560334  -0.0006875363
       -0.0003360616  -0.0001966117  -0.0000083264  -0.0000461904   0.0001336919
       -0.0001535344  -0.0001360739   0.0001096633  -0.0001263004  -0.0000121304
        0.0000397388  -0.0001572753   0.0000689557  -0.0000758704   0.0000673216
       -0.0000674643   0.0000827413   0.0048038412  -0.0016703310  -0.0016411725
       -0.0049882917  -0.0021066345  -0.0002135909  -0.0000679055   0.0000872052
        0.0002456702   0.0002204466  -0.0000452828  -0.0000762376  -0.0001462424
        0.0001394502   0.0001206790  -0.0051296584  -0.0025105627  -0.0007025468
        0.0041015842   0.0155696790   0.0139435293
       -0.0178621913  -0.0047962830  -0.0078156580  -0.0344945487  -0.0738583543
       -0.0125867897   0.0083440436   0.0013077197   0.0078039873   0.0027240033
        0.0073814424  -0.0075948591   0.0017133847  -0.0005184952   0.0001458776
        0.0005239260   0.0006932226  -0.0001247861  -0.0001604423   0.0001133138
       -0.0000585486  -0.0000757552   0.0005044746   0.0003038461  -0.0018763559
       -0.0001810828   0.0002199555   0.0130051726   0.3929259538   0.2549356841
        0.0485167091  -0.1166536451  -0.0711884153   0.0327238120   0.0274373971
        0.0200145533   0.0157384501  -0.0306210051  -0.0251196736  -0.0010046125
       -0.0006280239  -0.0002688913  -0.0629331109  -0.0083713803  -0.0014550033
       -0.0117979357  -0.1799061092  -0.1218980001  -0.0006948353  -0.0002436046
       -0.0005526946  -0.0010322832  -0.0017855422  -0.0033088351   0.0001269266
        0.0004828054   0.0001580947   0.0000438966  -0.0000979115  -0.0001433991
        0.0002045218   0.0000350230  -0.0000200394  -0.0000305703  -0.0000353264
       -0.0000933298  -0.0001439600   0.0000263407  -0.0000191203  -0.0001107973
        0.0000182095  -0.0001041774   0.0144258742  -0.0114162483  -0.0129965569
       -0.0027298136   0.0040604726  -0.0035536798  -0.0003609074   0.0002500763
        0.0001012511  -0.0000139244   0.0000830105   0.0001277239  -0.0003038833
        0.0000842966   0.0003173599  -0.0020424324   0.0043046303  -0.0038056481
       -0.0004223609  -0.0105953767  -0.0114202277
       -0.0173016822  -0.0094241626  -0.0032613524  -0.0180234350  -0.0118397391
       -0.0652723710   0.0202454662   0.0093616461  -0.0012288677   0.0040123819
       -0.0078394290   0.0043084719  -0.0013721529   0.0000025994   0.0002459760
       -0.0001222257  -0.0003603667   0.0001791017   0.0000119209  -0.0000721280
        0.0000490543   0.0004275283  -0.0005254955   0.0000217932   0.0021617551
        0.0007047227  -0.0003686435  -0.0519212187   0.2549356841   0.3830750889
        0.0648639577  -0.0766873659  -0.1310120071   0.0397650349   0.0259980574
        0.0210463260   0.0138591427  -0.0253821378  -0.0325690498  -0.0007842396
       -0.0002445391  -0.0003913848  -0.0596425463  -0.0063218752   0.0031134985
       -0.0047955963  -0.1164960168  -0.1628468598  -0.0001998481  -0.0000085806
        0.0005487462  -0.0012565644  -0.0033580889  -0.0023437721  -0.0006969595
       -0.0007433420  -0.0003994994  -0.0000935215  -0.0000284600   0.0000658894
       -0.0001123303  -0.0000399812   0.0000102553   0.0000054725   0.0000078202
        0.0000306342   0.0002110524  -0.0000058313  -0.0000125425   0.0000557096
        0.0000144703  -0.0000199553   0.0131176581  -0.0110846238  -0.0118375760
       -0.0009851160  -0.0036703749   0.0047754267  -0.0003030670   0.0002494163
        0.0000553476  -0.0000255454   0.0000717033   0.0001573241  -0.0003259142
        0.0000751391   0.0002722871  -0.0000538161  -0.0037662219   0.0050766233
       -0.0007213010  -0.0135224984  -0.0114679630
       -0.0010404287   0.0007748416   0.0008091449  -0.0399384066   0.0099741414
        0.0147832760   0.0010777402  -0.0034808921  -0.0035681905  -0.0032106914
       -0.0000929661   0.0009521114   0.0003884878   0.0004419672  -0.0001871239
       -0.0001940447  -0.0000596884  -0.0000139817   0.0001158520   0.0000166841
       -0.0000148416  -0.0001983644  -0.0000543467  -0.0000853694   0.0004827546
       -0.0002866647   0.0000807174  -0.1981869337   0.0485167091   0.0648639577
        0.6468338788   0.0415927021  -0.0282206321  -0.3118452099  -0.0364870259
       -0.0010614270  -0.0010420970  -0.0672418480  -0.0641719882   0.0012320298
       -0.0001999203   0.0008855964  -0.0582348201   0.0066030949   0.0134245868
        0.0435961822   0.0433390166   0.0357803186  -0.0005715825  -0.0001998665
        0.0003310966  -0.0000291847   0.0003110081   0.0004373342  -0.0005588877
        0.0003479054  -0.0001342607  -0.0000332587   0.0000490028  -0.0000065668
        0.0000157355   0.0000344167  -0.0000321556   0.0000436204   0.0000142307
        0.0000079366   0.0000327179  -0.0000266348   0.0000165455  -0.0000295712
       -0.0000161382   0.0000375017  -0.0524877123  -0.0374878208  -0.0331150976
       -0.0251504098  -0.0046088478  -0.0012031032  -0.0007165032  -0.0000454295
       -0.0004905081   0.0002011771   0.0001606717   0.0001672915  -0.0003998974
       -0.0002932015   0.0001179433  -0.0005076118   0.0002091894   0.0003089841
        0.0003554393  -0.0018042904  -0.0006990963
       -0.0000977880  -0.0009815983  -0.0000976647   0.0033245216   0.0039141915
        0.0042020320  -0.0048899538   0.0011534251   0.0007324093   0.0006276884
        0.0004787610  -0.0002395235  -0.0003159317  -0.0000967097   0.0000935249
        0.0001440723   0.0000021683  -0.0000010139  -0.0000522118  -0.0000107402
        0.0000032252   0.0001042720   0.0000592653  -0.0000063518  -0.0005502979
        0.0000079067   0.0000150538   0.0910480444  -0.1166536451  -0.0766873659
        0.0415927021   0.4069356345   0.2712858098  -0.0927648671  -0.0891849285
       -0.0289511467  -0.0239756233  -0.0107767520  -0.0068624227  -0.0011745336
        0.0012289813  -0.0059305156   0.0063897196  -0.0010872512   0.0025734854
        0.0086250056  -0.0237408520  -0.0254692614  -0.0005387642   0.0003555615
       -0.0003780104  -0.0000096050  -0.0000872965  -0.0003217828  -0.0007761561
       -0.0002424102   0.0001679853   0.0000409097   0.0000049399   0.0000011533
       -0.0000491470  -0.0000441354   0.0000187296  -0.0000489028  -0.0000066547
        0.0000034341  -0.0000708887   0.0000319611  -0.0000133613   0.0000238191
        0.0000262781  -0.0000206657  -0.0371879498  -0.1746304586  -0.1287275530
        0.0125802930   0.0032016445   0.0010038314   0.0003602757   0.0003409985
        0.0000087459   0.0003163417  -0.0000228558  -0.0000826191  -0.0014460149
       -0.0006814169  -0.0004360090   0.0001717884   0.0003870620   0.0005106504
       -0.0014008180   0.0001189257  -0.0063948026
       -0.0002223519  -0.0003416718  -0.0009601526   0.0096888491   0.0035396575
        0.0008112582  -0.0051702278   0.0007973881   0.0027560482   0.0014279734
       -0.0001683598   0.0002720775  -0.0006315188  -0.0002181361   0.0001114060
        0.0001558628  -0.0000244442  -0.0000045446  -0.0000665216  -0.0000246384
        0.0000203734   0.0002073892   0.0000442474  -0.0000039683  -0.0004468352
        0.0000728627   0.0000012716   0.1048472408  -0.0711884153  -0.1310120071
       -0.0282206321   0.2712858098   0.3785941617  -0.0550557056  -0.0365793779
       -0.0736537853  -0.0227458632  -0.0010735864   0.0014299644  -0.0001915432
       -0.0061968608   0.0017225399   0.0130115571   0.0025179757  -0.0038164421
        0.0029848771  -0.0299045726  -0.0273173596  -0.0008345574   0.0001252012
       -0.0001242023  -0.0000069085  -0.0003112867  -0.0001288351  -0.0004291650
       -0.0004711262   0.0002893001   0.0000371974  -0.0000305393   0.0000262584
       -0.0000656196  -0.0000539441   0.0000406685  -0.0000573010  -0.0000091563
        0.0000112702  -0.0000632468   0.0000343349  -0.0000133363   0.0000468707
        0.0000103768  -0.0000197899  -0.0326324633  -0.1287864892  -0.1515546514
        0.0153162979   0.0032545197   0.0015051444  -0.0014626791  -0.0006647294
       -0.0004142994   0.0001873130  -0.0000118844  -0.0000694841   0.0007033206
        0.0002121023   0.0003432445   0.0002116978   0.0005191315   0.0002650506
       -0.0005233070  -0.0063543885   0.0008928205
        0.0005994422  -0.0000348717  -0.0000664541   0.0032929533   0.0021532978
        0.0025135042  -0.0040078930   0.0006814359   0.0014401074   0.0005372883
        0.0001801490  -0.0001036195  -0.0002700119  -0.0001460136   0.0000601382
        0.0000533896  -0.0000118206   0.0000063592  -0.0000457019  -0.0000146861
        0.0000077731   0.0000338248   0.0000288126   0.0000011711  -0.0003628204
        0.0000504544  -0.0000121405  -0.0617046879   0.0327238120   0.0397650349
       -0.3118452099  -0.0927648671  -0.0550557056   0.6617872819   0.0317789467
       -0.0401999725  -0.1036550691  -0.0106502019  -0.0032174164  -0.0128515355
       -0.0218779532  -0.0187014102   0.0462404003   0.0080961426   0.0018451135
       -0.0277236010  -0.0251363130  -0.0211230931  -0.0001183921  -0.0000816457
       -0.0001239774   0.0001731965   0.0000833252   0.0000750296  -0.0000653232
       -0.0001109091  -0.0000465366  -0.0000035425   0.0000458312  -0.0000092876
       -0.0000290103  -0.0000190129   0.0000265849  -0.0000291422  -0.0000109800
        0.0000019102  -0.0000447375  -0.0000002347  -0.0000160631   0.0000218711
       -0.0000544287   0.0000158530  -0.0085047440  -0.0038829479  -0.0026043945
       -0.1737711587   0.0818247587   0.0965074239  -0.0032586837  -0.0016111942
       -0.0009789066   0.0009123669  -0.0015046405  -0.0016495955  -0.0028004255
       -0.0013529950  -0.0010834495  -0.0026868368   0.0020600293   0.0033011278
        0.0001265122  -0.0004412797  -0.0005751082
       -0.0002143249  -0.0004450481   0.0000471685   0.0057254315   0.0029457643
       -0.0050471107  -0.0016560649   0.0013412375   0.0006796507   0.0010487846
       -0.0006308155   0.0004162128  -0.0004625046  -0.0000678653   0.0001266210
        0.0001101477  -0.0000462971  -0.0000094147  -0.0000230905   0.0000027421
       -0.0000039363   0.0001293455  -0.0000167318   0.0000235548  -0.0001225524
        0.0000378944  -0.0000614083  -0.0079588921   0.0274373971   0.0259980574
       -0.0364870259  -0.0891849285  -0.0365793779   0.0317789467   0.3972554660
        0.2664698040  -0.0678520705  -0.1885526243  -0.1234729299  -0.0077728479
       -0.0074116040  -0.0094554974   0.0458355292  -0.0244148265  -0.0308976477
       -0.0245679452  -0.0216570790  -0.0127297098   0.0000978852  -0.0001258687
        0.0000548202  -0.0000833101   0.0000725498   0.0000633909  -0.0000655353
        0.0000101527  -0.0002105390   0.0000057384  -0.0000184651  -0.0000028361
       -0.0000640417  -0.0000478695   0.0000269071  -0.0000478498  -0.0000026043
        0.0000052397  -0.0000433045   0.0000349357  -0.0000121616   0.0000244719
        0.0000214604   0.0000005740  -0.0212041599  -0.0071630140  -0.0055720999
        0.0816160709  -0.0916791705  -0.0654815485  -0.0009037558  -0.0003483743
       -0.0001045292   0.0016109882   0.0005008225   0.0003684870   0.0002339711
       -0.0004820628   0.0001394873   0.0017618777   0.0026685788  -0.0049688783
       -0.0004499128  -0.0000337518   0.0001896500
       -0.0003072159   0.0001963478  -0.0003176540   0.0060211048  -0.0046300745
        0.0023048766  -0.0012703868   0.0000774482   0.0012483606   0.0007545032
        0.0008730094  -0.0008180876  -0.0000772024  -0.0001107962   0.0000837252
        0.0001504009   0.0000643319  -0.0000117495  -0.0000280563   0.0000023573
       -0.0000055836   0.0000779417   0.0000814855   0.0000398859  -0.0004663934
       -0.0000498156   0.0000101501   0.0007813265   0.0200145533   0.0210463260
       -0.0010614270  -0.0289511467  -0.0736537853  -0.0401999725   0.2664698040
        0.3738221114  -0.0578389727  -0.1308536433  -0.1678819732  -0.0050911207
       -0.0076297837  -0.0034214679   0.0379405722  -0.0259572823  -0.0283800869
       -0.0204378822  -0.0126719234  -0.0144057624  -0.0000352720  -0.0001744839
       -0.0000047772  -0.0001035790   0.0000715219   0.0000480882   0.0001506744
        0.0001185039  -0.0000871912   0.0000218776  -0.0000292106  -0.0000290698
       -0.0000194032  -0.0000439997   0.0000104833  -0.0000432466  -0.0000210966
       -0.0000102358  -0.0000723219   0.0000235252  -0.0000067794   0.0000012467
        0.0000150523  -0.0000180631  -0.0190493797  -0.0077342180  -0.0034925855
        0.0962146011  -0.0656211877  -0.1089785125   0.0004094261   0.0003479011
       -0.0000922122   0.0013259479   0.0008429711   0.0005015891  -0.0002858106
        0.0000075910   0.0000876072   0.0030319007  -0.0049626865   0.0023646871
       -0.0004938808   0.0002349449   0.0000476866
        0.0001705661   0.0004070435   0.0003855792  -0.0062604035  -0.0001906264
        0.0007101701   0.0024994347  -0.0012032090  -0.0015316301  -0.0009378960
       -0.0001352642   0.0000239925   0.0003687409   0.0000686119  -0.0001260691
       -0.0001570569  -0.0000215722   0.0000299183   0.0000249997  -0.0000099360
        0.0000108247  -0.0001402546  -0.0000172293  -0.0000128417   0.0003713430
        0.0000165606   0.0000158539   0.0039377925   0.0157384501   0.0138591427
       -0.0010420970  -0.0239756233  -0.0227458632  -0.1036550691  -0.0678520705
       -0.0578389727   0.6217692739   0.0318475593  -0.0310892999  -0.2040254763
       -0.0376667044  -0.0160045345  -0.2022616968   0.0953883080   0.1112255953
       -0.0626063666  -0.0063492944   0.0019375872   0.0000857578  -0.0000337630
        0.0000782363   0.0001337135   0.0001053631   0.0001148091   0.0000686631
        0.0001124899  -0.0000428385  -0.0000510970   0.0000551162  -0.0000069206
        0.0000468627   0.0000604224  -0.0000302491   0.0000621219   0.0000095953
        0.0000034517   0.0000623360  -0.0000461912   0.0000276661  -0.0000301323
       -0.0000596584   0.0000361797  -0.0050692037  -0.0024119170  -0.0005811545
        0.0024225891   0.0155227990   0.0147499239  -0.0076695599  -0.0080305628
       -0.0028940243  -0.0233543071  -0.0023216047   0.0006413092  -0.0143377098
       -0.0047766324  -0.0083573440   0.0042758784  -0.0021368308  -0.0023228993
       -0.0047017466  -0.0020936294  -0.0002655986
       -0.0001488715  -0.0000710956  -0.0000779789  -0.0014735212  -0.0008034387
       -0.0006996429   0.0015161486  -0.0001093322  -0.0002513177  -0.0004039127
       -0.0000275223   0.0000699944   0.0002311328   0.0000486412  -0.0000752431
       -0.0000688193   0.0000030279   0.0000037633   0.0000194016  -0.0000040139
        0.0000034941  -0.0000576371  -0.0000216319  -0.0000128151   0.0002273112
        0.0000112708   0.0000118707   0.0153409351  -0.0306210051  -0.0253821378
       -0.0672418480  -0.0107767520  -0.0010735864  -0.0106502019  -0.1885526243
       -0.1308536433   0.0318475593   0.4125495672   0.2485457794  -0.0417547233
       -0.0744591350  -0.0080526600   0.0401726871  -0.1163651960  -0.0672429568
        0.0366049015   0.0295820319   0.0234670965  -0.0000622937  -0.0000662856
        0.0002007169   0.0000087123   0.0000087227   0.0000414447  -0.0001120928
        0.0001571127  -0.0000456487  -0.0000150965   0.0000015825   0.0000102468
        0.0000322664   0.0000278918  -0.0000116106   0.0000343314   0.0000060434
        0.0000012064   0.0000423680  -0.0000218455   0.0000068819  -0.0000204155
       -0.0000024724   0.0000021075  -0.0019963636   0.0041501171  -0.0038497885
       -0.0008906168  -0.0110734531  -0.0115792311  -0.0301556190  -0.0116932545
       -0.0052978550   0.0133017871   0.0037138729   0.0014861507   0.0034159557
        0.0017123149  -0.0012007473   0.0147493202  -0.0114695082  -0.0142263555
       -0.0024927855   0.0041663693  -0.0039175347
       -0.0001444056  -0.0001377300  -0.0000641490  -0.0007001767  -0.0008559273
       -0.0006106253   0.0010989824   0.0001806514  -0.0002067799  -0.0002962515
       -0.0000642486   0.0001014924   0.0001720137   0.0000182344  -0.0000660973
       -0.0000379105   0.0000079188   0.0000127461   0.0000190560   0.0000049657
       -0.0000023561  -0.0000463198  -0.0000210416  -0.0000062922   0.0001860390
       -0.0000056988   0.0000088878   0.0134076788  -0.0251196736  -0.0325690498
       -0.0641719882  -0.0068624227   0.0014299644  -0.0032174164  -0.1234729299
       -0.1678819732  -0.0310892999   0.2485457794   0.3913998329  -0.0215829670
       -0.0090432679  -0.0656218371   0.0585927735  -0.0745942503  -0.1309565801
        0.0432889368   0.0290584931   0.0222820774  -0.0001035463  -0.0000673723
        0.0001555740  -0.0000069544   0.0000060440   0.0000038342  -0.0000654856
        0.0001564482  -0.0000221638  -0.0000102169   0.0000158466   0.0000085444
        0.0000278204   0.0000316321  -0.0000086802   0.0000251868   0.0000108898
       -0.0000020132   0.0000324263  -0.0000117343  -0.0000008377  -0.0000177062
        0.0000188541  -0.0000149160  -0.0001791709  -0.0037985358   0.0048881500
       -0.0010092197  -0.0136317317  -0.0119091749   0.0027085418  -0.0004300704
        0.0007859037   0.0185111921   0.0042882754   0.0020039629  -0.0285067929
       -0.0081528831  -0.0062110627   0.0137344662  -0.0120301027  -0.0118750572
       -0.0006192853  -0.0040444118   0.0049486753
       -0.0000812585  -0.0000896158  -0.0000835382   0.0015629881   0.0003427708
       -0.0001079235  -0.0008768082   0.0000777317   0.0001948231   0.0005268175
        0.0000578870  -0.0000369592  -0.0001740237  -0.0000369540   0.0000807619
        0.0000713363   0.0000035173  -0.0000042726  -0.0000371415   0.0000032749
       -0.0000010983   0.0000680338   0.0000208684   0.0000021126  -0.0001719179
        0.0000058032  -0.0000223163  -0.0016421658  -0.0010046125  -0.0007842396
        0.0012320298  -0.0011745336  -0.0001915432  -0.0128515355  -0.0077728479
       -0.0050911207  -0.2040254763  -0.0417547233  -0.0215829670   0.4781482768
       -0.0162789150  -0.0176272219  -0.0325497709  -0.0037012500   0.0008558978
       -0.0000511353   0.0028225439   0.0036386991  -0.0000048479  -0.0000146630
        0.0000302154  -0.0000353268  -0.0000316997  -0.0000302597  -0.0000100815
        0.0000182594  -0.0000033536   0.0000115261  -0.0000052433  -0.0000100120
       -0.0000402540  -0.0000327381   0.0000161131  -0.0000514584  -0.0000024149
       -0.0000006938  -0.0000450093   0.0000274330  -0.0000103488   0.0000211260
        0.0000047569   0.0000008854  -0.0003824424  -0.0000155330  -0.0000358979
        0.0012363195   0.0013958850   0.0006906634  -0.0421841864  -0.0179615550
        0.0059234455  -0.1299584992   0.0705174128   0.0928260510  -0.0574414888
        0.0155960808  -0.0573408640   0.0007844555  -0.0007155502  -0.0011136095
       -0.0010480810  -0.0003013759  -0.0001814285
       -0.0000692649   0.0000471781  -0.0000773355   0.0010152489  -0.0006667708
        0.0008337722  -0.0005015645   0.0001381597   0.0002170190   0.0001616439
        0.0001176581  -0.0001090160  -0.0000640413  -0.0000136514   0.0000400883
        0.0000413252   0.0000126961  -0.0000029323  -0.0000051212   0.0000060045
       -0.0000016421   0.0000216422   0.0000162310   0.0000052624  -0.0001103360
       -0.0000290529   0.0000098217  -0.0009652399  -0.0006280239  -0.0002445391
       -0.0001999203   0.0012289813  -0.0061968608  -0.0218779532  -0.0074116040
       -0.0076297837  -0.0376667044  -0.0744591350  -0.0090432679  -0.0162789150
        0.5019978595   0.0151197698   0.0089292008   0.0036088898   0.0016964695
        0.0024031185   0.0024354130  -0.0039303475  -0.0000160014  -0.0000235466
        0.0000270041  -0.0000375085   0.0000072007  -0.0000020287   0.0000554259
        0.0000474766   0.0000079308   0.0000086561  -0.0000047387  -0.0000117973
       -0.0000165187  -0.0000173493   0.0000057881  -0.0000208072   0.0000011764
       -0.0000019844  -0.0000256061   0.0000159085  -0.0000033266   0.0000000103
        0.0000118558  -0.0000099817  -0.0009883486  -0.0005347780  -0.0000423962
       -0.0010220906  -0.0005247580   0.0018179623  -0.0208178411  -0.2735602011
        0.0327151255   0.0702270011  -0.1013378328  -0.0742154764   0.0163553844
       -0.0501674323   0.0474228610   0.0007593620  -0.0003450587   0.0015046122
        0.0007057635   0.0000312443   0.0000992292
       -0.0000633889  -0.0001081886   0.0000220473   0.0008789768   0.0009574580
       -0.0008788006  -0.0004211058   0.0002096142   0.0002834829   0.0001795848
       -0.0000840374   0.0000491571  -0.0001238703   0.0000036153   0.0000301890
        0.0000407974   0.0000013466   0.0000093128  -0.0000035037   0.0000052339
        0.0000008798   0.0000441560   0.0000042607   0.0000247235  -0.0000692228
       -0.0000176237  -0.0000206340  -0.0010848036  -0.0002688913  -0.0003913848
        0.0008855964  -0.0059305156   0.0017225399  -0.0187014102  -0.0094554974
       -0.0034214679  -0.0160045345  -0.0080526600  -0.0656218371  -0.0176272219
        0.0151197698   0.5034980720   0.0128571751   0.0033423000   0.0024849488
        0.0034619044  -0.0040576251   0.0021541491   0.0000454871  -0.0000080451
        0.0000380799  -0.0000367982  -0.0000079442   0.0000113897  -0.0000244082
        0.0000118941  -0.0000177554   0.0000132830  -0.0000115274  -0.0000006770
       -0.0000176931  -0.0000147187   0.0000185022  -0.0000198973  -0.0000031815
        0.0000054766  -0.0000197789   0.0000094641  -0.0000035313   0.0000069825
        0.0000076053  -0.0000079580  -0.0009208818  -0.0001796183  -0.0003791073
       -0.0015481299   0.0014145702  -0.0008079248   0.0057734783   0.0334221979
       -0.0453641247   0.0922849251  -0.0743225143  -0.1417933605  -0.0609053215
        0.0459500760  -0.2510490259   0.0003237314   0.0018165874  -0.0005137409
        0.0007958924   0.0002465952  -0.0000816202
       -0.0004204545  -0.0007184809  -0.0006013003   0.0082108947  -0.0014867129
       -0.0016327363  -0.0022433406   0.0017098595   0.0017989261   0.0010951656
        0.0001873242  -0.0000014087  -0.0001629012  -0.0000707472   0.0000462290
        0.0001119467  -0.0000045542  -0.0000036495  -0.0000377594  -0.0000127706
        0.0000080768   0.0001226327   0.0000269071  -0.0000224519  -0.0001744375
        0.0000437606   0.0000136094  -0.0073705287  -0.0629331109  -0.0596425463
       -0.0582348201   0.0063897196   0.0130115571   0.0462404003   0.0458355292
        0.0379405722  -0.2022616968   0.0401726871   0.0585927735  -0.0325497709
        0.0089292008   0.0128571751   0.6578994987   0.0494519856  -0.0238018712
       -0.3233828673  -0.0417158424  -0.0034101398  -0.0002278734  -0.0001243179
        0.0001571575   0.0000015532  -0.0000453235  -0.0000487314  -0.0002193028
        0.0000999247  -0.0000857289  -0.0000027384  -0.0000152736  -0.0000014307
       -0.0000303609  -0.0000239487   0.0000246366  -0.0000307143  -0.0000089911
        0.0000067434  -0.0000407142   0.0000091685  -0.0000138177  -0.0000079919
       -0.0000014444  -0.0000035513  -0.0004432959   0.0001240684   0.0001771425
        0.0006787338  -0.0016895975  -0.0007679561  -0.0004938729   0.0018022030
        0.0009613090  -0.0060165601  -0.0014289858  -0.0003248162  -0.0005488068
        0.0007470251   0.0018359192  -0.0559642013  -0.0404719774  -0.0358949094
       -0.0234958158  -0.0047772844  -0.0011747818
       -0.0010864990  -0.0004432634  -0.0000197381  -0.0021036310   0.0000449590
       -0.0064744851   0.0015589124   0.0004084273   0.0002075000  -0.0005140234
       -0.0003963297   0.0002296678   0.0001459431   0.0000737832  -0.0000700809
       -0.0000669708  -0.0000213823   0.0000015863   0.0000105304   0.0000188070
       -0.0000003362  -0.0000625565  -0.0000259776   0.0000008202   0.0002882524
       -0.0000172347   0.0000516595  -0.0232553051  -0.0083713803  -0.0063218752
        0.0066030949  -0.0010872512   0.0025179757   0.0080961426  -0.0244148265
       -0.0259572823   0.0953883080  -0.1163651960  -0.0745942503  -0.0037012500
        0.0036088898   0.0033423000   0.0494519856   0.4023919749   0.2690080342
       -0.0970338851  -0.0904387547  -0.0306870967   0.0000485550   0.0000211896
        0.0001442107  -0.0000676297  -0.0002405107  -0.0001455669  -0.0000163130
        0.0000760566  -0.0000153789  -0.0000140860   0.0000227471  -0.0000129581
        0.0000223133   0.0000314586  -0.0000146841   0.0000322270   0.0000134572
        0.0000025479   0.0000378845  -0.0000157950   0.0000104618  -0.0000351977
       -0.0000005085  -0.0000053835   0.0001136617   0.0003345118   0.0005705111
       -0.0013481076   0.0003523429  -0.0067091008  -0.0008755455   0.0004416530
       -0.0000036867  -0.0020518656   0.0003415765  -0.0006415653  -0.0009465894
        0.0005878673  -0.0002453106  -0.0404328462  -0.1706076035  -0.1247825024
        0.0118144906   0.0036763123   0.0006140072
       -0.0009105755   0.0000681923  -0.0002006361  -0.0023257852  -0.0063730552
        0.0012111191   0.0015210686  -0.0000087366  -0.0002532672  -0.0007857255
        0.0001888293  -0.0002775515   0.0002586893   0.0000745720  -0.0000891198
       -0.0000655440   0.0000097414   0.0000189025   0.0000156793   0.0000050161
       -0.0000072913  -0.0000905480   0.0000202707  -0.0000011045   0.0001447729
       -0.0000402049   0.0000547621  -0.0208380873  -0.0014550033   0.0031134985
        0.0134245868   0.0025734854  -0.0038164421   0.0018451135  -0.0308976477
       -0.0283800869   0.1112255953  -0.0672429568  -0.1309565801   0.0008558978
        0.0016964695   0.0024849488  -0.0238018712   0.2690080342   0.3757619869
       -0.0568928709  -0.0379334657  -0.0738716520   0.0000361770   0.0000048546
        0.0000694106  -0.0000487797  -0.0000772144  -0.0002122873   0.0000970752
        0.0001276324   0.0000404886  -0.0000082242   0.0000098877  -0.0000154213
        0.0000292543   0.0000309964  -0.0000191053   0.0000315669   0.0000049704
       -0.0000098723   0.0000289575  -0.0000217499   0.0000081427  -0.0000202605
       -0.0000085483  -0.0000131867   0.0001398921   0.0005714938   0.0002533824
       -0.0003804349  -0.0066730661   0.0012544827  -0.0007947868  -0.0005776099
        0.0005650792  -0.0008281495  -0.0007128776   0.0006076819  -0.0006582715
       -0.0003309674   0.0001283717  -0.0358451715  -0.1248072294  -0.1496466536
        0.0146407596   0.0027658869   0.0021980003
       -0.0048191748  -0.0007552807   0.0000197764  -0.0210177266  -0.0217348427
       -0.0180747619  -0.0004742623  -0.0045257303  -0.0038388528  -0.0003891367
       -0.0004217190  -0.0007123183  -0.0000536620   0.0002155148   0.0001027423
        0.0000586626   0.0000032899   0.0000512002   0.0000424701   0.0000642431
       -0.0000345397  -0.0000238882   0.0000490954   0.0000735588   0.0001510013
       -0.0001795782   0.0001218994  -0.0955079669  -0.0117979357  -0.0047955963
        0.0435961822   0.0086250056   0.0029848771  -0.0277236010  -0.0245679452
       -0.0204378822  -0.0626063666   0.0366049015   0.0432889368  -0.0000511353
        0.0024031185   0.0034619044  -0.3233828673  -0.0970338851  -0.0568928709
        0.6856627488   0.0330608875  -0.0427985064   0.0001311061   0.0001913019
        0.0000634222  -0.0004955212  -0.0010503503  -0.0011493265   0.0000851627
        0.0000343841   0.0000846879  -0.0000059513  -0.0000153334  -0.0000786152
       -0.0000383576  -0.0000265009  -0.0000062449  -0.0000263868  -0.0000130582
       -0.0000201371  -0.0000511394   0.0000151179   0.0000015302  -0.0000548204
        0.0000100531  -0.0000573694  -0.0028834975   0.0022387519   0.0033325042
        0.0002470439  -0.0005528707  -0.0005566028   0.0004900470  -0.0003056948
       -0.0002895428  -0.0010734919  -0.0003210916  -0.0002484654   0.0005900350
       -0.0002310752  -0.0003475656  -0.0088401391  -0.0042465131  -0.0028984891
       -0.1815353670   0.0842637397   0.0996506473
       -0.0008966413   0.0017299249  -0.0000708429  -0.0218993142  -0.0082115127
       -0.0048358950   0.0040069023  -0.0031558427  -0.0047829366  -0.0001860298
       -0.0000313159   0.0002160828   0.0002814368   0.0000099112  -0.0000395936
       -0.0000785873  -0.0000155756   0.0000307876  -0.0000113561  -0.0000177851
        0.0000055195  -0.0000875783  -0.0000274645  -0.0000419106   0.0002640761
        0.0000097924  -0.0000741999  -0.0533858020  -0.1799061092  -0.1164960168
        0.0433390166  -0.0237408520  -0.0299045726  -0.0251363130  -0.0216570790
       -0.0126719234  -0.0063492944   0.0295820319   0.0290584931   0.0028225439
        0.0024354130  -0.0040576251  -0.0417158424  -0.0904387547  -0.0379334657
        0.0330608875   0.3887452495   0.2558696611   0.0002088811  -0.0000846213
       -0.0001294652   0.0000182727  -0.0001987278  -0.0003032640   0.0002756930
        0.0001480758   0.0000827493  -0.0000583282   0.0000876956  -0.0000023376
        0.0000320019   0.0000498064  -0.0000269716   0.0000503272   0.0000130518
       -0.0000020701   0.0000504532  -0.0000302511   0.0000184921  -0.0000219620
       -0.0000373676   0.0000389667   0.0017191630   0.0025497201  -0.0047931460
       -0.0004310586  -0.0001078825   0.0001577502   0.0007403105   0.0000026265
       -0.0000851016   0.0007866532   0.0002876110  -0.0001437493  -0.0005265874
       -0.0004280306  -0.0006648515  -0.0213349756  -0.0074437378  -0.0049009271
        0.0844630515  -0.0901179999  -0.0635176360
       -0.0001669200  -0.0002737981   0.0015560196  -0.0194803771  -0.0048429158
       -0.0021641935   0.0051777439  -0.0037681577  -0.0028565290  -0.0006226636
        0.0003637278   0.0000112857   0.0004244705   0.0000917090  -0.0000372041
       -0.0001660663   0.0000239125   0.0000017206  -0.0000105515  -0.0000417239
        0.0000216401  -0.0000916462  -0.0000326026  -0.0000056522   0.0002960222
       -0.0000017499  -0.0001885931  -0.0442080617  -0.1218980001  -0.1628468598
        0.0357803186  -0.0254692614  -0.0273173596  -0.0211230931  -0.0127297098
       -0.0144057624   0.0019375872   0.0234670965   0.0222820774   0.0036386991
       -0.0039303475   0.0021541491  -0.0034101398  -0.0306870967  -0.0738716520
       -0.0427985064   0.2558696611   0.3686511611   0.0002740196   0.0000611597
        0.0000729466   0.0000828118  -0.0001429861  -0.0000244299   0.0001381827
       -0.0000871466  -0.0001498427  -0.0000627265   0.0000354037   0.0000127597
        0.0000535187   0.0000586120  -0.0000213064   0.0000572655   0.0000080901
        0.0000050994   0.0000657419  -0.0000398369   0.0000204005   0.0000276221
       -0.0000796458   0.0000946174   0.0029775535  -0.0048383640   0.0023049996
       -0.0004656015   0.0001548473   0.0000299919  -0.0004441621  -0.0006620812
       -0.0003489657   0.0007497410   0.0000026219   0.0001530948   0.0008531493
        0.0000343315  -0.0000658672  -0.0192414795  -0.0071315225  -0.0037504467
        0.0997575479  -0.0635142264  -0.1093172993
       -0.0720447431  -0.0283373619   0.0727435812   0.0032313878   0.0047618434
       -0.0026753741   0.0004016753  -0.0013811539  -0.0003843531  -0.0004241863
        0.0004293066   0.0001301699   0.0000673056   0.0000662176   0.0001538591
        0.0001741520   0.0000485245  -0.0000513594   0.0000258101   0.0001351369
       -0.0000741640  -0.0001744445  -0.0000806660   0.0001086117   0.0002221559
       -0.0002643838   0.0000091161  -0.0005706416  -0.0006948353  -0.0001998481
       -0.0005715825  -0.0005387642  -0.0008345574  -0.0001183921   0.0000978852
       -0.0000352720   0.0000857578  -0.0000622937  -0.0001035463  -0.0000048479
       -0.0000160014   0.0000454871  -0.0002278734   0.0000485550   0.0000361770
        0.0001311061   0.0002088811   0.0002740196   0.0819868644   0.0315175363
       -0.0868276392  -0.0151512190  -0.0114841533   0.0289582303   0.0047988919
        0.0048522077  -0.0106289191  -0.0000922841   0.0001163026  -0.0000836222
        0.0000260463   0.0000394640   0.0000008296   0.0000019072   0.0000134551
       -0.0000134590  -0.0000028560   0.0000104886   0.0000033532  -0.0000258598
        0.0000772793   0.0000068405  -0.0017363388   0.0003095852  -0.0006610903
       -0.0000078219   0.0000064928   0.0000091116  -0.0000059651   0.0000070335
       -0.0000022729  -0.0000100423  -0.0000018961  -0.0000053905   0.0000177301
        0.0000083400   0.0000166660  -0.0000028209   0.0000266554   0.0000185157
        0.0000011290   0.0000803187   0.0000662992
       -0.0270911804  -0.0609955780   0.0664518335   0.0061248551   0.0053748426
       -0.0177114961   0.0001746556  -0.0046572694  -0.0018068754  -0.0002778936
        0.0004908432  -0.0004290766   0.0000896832   0.0000143596   0.0001023564
        0.0000994337   0.0000381850  -0.0000655953  -0.0000253140   0.0000802591
       -0.0000459503  -0.0000840314  -0.0000137388   0.0001114853   0.0000274768
       -0.0000415848   0.0000775360  -0.0000039836  -0.0002436046  -0.0000085806
       -0.0001998665   0.0003555615   0.0001252012  -0.0000816457  -0.0001258687
       -0.0001744839  -0.0000337630  -0.0000662856  -0.0000673723  -0.0000146630
       -0.0000235466  -0.0000080451  -0.0001243179   0.0000211896   0.0000048546
        0.0001913019  -0.0000846213   0.0000611597   0.0315175363   0.0726579302
       -0.0778428527  -0.0018635721  -0.0004633642   0.0030668590  -0.0091377948
       -0.0124523098   0.0280755319  -0.0000108527  -0.0000138597  -0.0000639597
        0.0000179853   0.0000072626   0.0000142434  -0.0000186457  -0.0000015393
       -0.0000073093  -0.0000147985   0.0000011130  -0.0000208227   0.0000007286
        0.0000228042  -0.0000306280   0.0006448806   0.0000697578   0.0001925024
        0.0000447477   0.0000012354   0.0000062862  -0.0000116531  -0.0000026636
       -0.0000077496   0.0000078926  -0.0000006101  -0.0000027363   0.0000046091
        0.0000064749   0.0000019277   0.0000182853   0.0000170374  -0.0000120973
        0.0000299043   0.0000275882   0.0000138539
        0.0744364720   0.0710794713  -0.2280096245   0.0082724538   0.0035595231
       -0.0242640155  -0.0001900823  -0.0050685691  -0.0017752023  -0.0008248765
        0.0005000066  -0.0006869101   0.0000833569   0.0001760720  -0.0000498280
       -0.0000468517  -0.0000420760  -0.0000360351  -0.0000414928   0.0000339569
        0.0000005987  -0.0001551869   0.0000115369   0.0001100758   0.0000709528
        0.0000254250   0.0001292155   0.0001693776  -0.0005526946   0.0005487462
        0.0003310966  -0.0003780104  -0.0001242023  -0.0001239774   0.0000548202
       -0.0000047772   0.0000782363   0.0002007169   0.0001555740   0.0000302154
        0.0000270041   0.0000380799   0.0001571575   0.0001442107   0.0000694106
        0.0000634222  -0.0001294652   0.0000729466  -0.0868276392  -0.0778428527
        0.2625683737   0.0024207958   0.0010792516  -0.0005816558   0.0029029226
        0.0066663467  -0.0086776252  -0.0000152628  -0.0000813893   0.0000189234
        0.0000258920   0.0000231365  -0.0000208592   0.0000433446  -0.0000071904
       -0.0000089979   0.0000209034  -0.0000386955   0.0000039959   0.0000074550
       -0.0000703237   0.0000253951  -0.0010881524   0.0004642867   0.0003536262
        0.0000655647   0.0000297873   0.0000252908   0.0000100889  -0.0000120091
        0.0000046674  -0.0000136197   0.0000086537   0.0000078539   0.0000128309
        0.0000088354  -0.0000028578   0.0000426709   0.0000256986   0.0000063818
        0.0000819319   0.0001045361   0.0001034354
       -0.2800304048  -0.0211965776  -0.0118143296  -0.0125000575  -0.0051740736
       -0.0047412931   0.0008095247   0.0013531557   0.0017089029   0.0006961177
        0.0002263370  -0.0000457182  -0.0001242514  -0.0001317904   0.0007166333
       -0.0000872918  -0.0000533888   0.0001244629  -0.0001714668   0.0000431896
       -0.0000315482  -0.0001592052   0.0000949520   0.0000274445   0.0000241160
        0.0002080345   0.0001052125  -0.0001565090  -0.0010322832  -0.0012565644
       -0.0000291847  -0.0000096050  -0.0000069085   0.0001731965  -0.0000833101
       -0.0001035790   0.0001337135   0.0000087123  -0.0000069544  -0.0000353268
       -0.0000375085  -0.0000367982   0.0000015532  -0.0000676297  -0.0000487797
       -0.0004955212   0.0000182727   0.0000828118  -0.0151512190  -0.0018635721
        0.0024207958   0.3248134329   0.0261063813   0.0146303557  -0.0175472572
        0.0019396070  -0.0010876142   0.0000034562   0.0001336969  -0.0001909477
       -0.0000319020  -0.0000312937  -0.0000332332  -0.0000210535  -0.0000129217
       -0.0000307748  -0.0000275464  -0.0000125714  -0.0000203281  -0.0000010076
       -0.0000972746  -0.0000444629   0.0000037571  -0.0002281161  -0.0002318488
       -0.0000064146   0.0000077502   0.0000072160  -0.0000129003  -0.0000290649
        0.0000085007  -0.0000030325   0.0000113173   0.0000174302  -0.0000181903
        0.0000106263  -0.0000242350  -0.0000477065  -0.0000514761  -0.0000448718
       -0.0000014185  -0.0000495756  -0.0000489764
       -0.0211829599  -0.0454786756   0.0002632083  -0.0210903125  -0.0042641675
       -0.0043306649  -0.0010842004   0.0012345213   0.0019935569   0.0000630571
       -0.0000819286  -0.0002123770   0.0002696319   0.0005994980  -0.0004303612
       -0.0001805209   0.0000300336  -0.0000724464   0.0000474658  -0.0000634020
        0.0000334839   0.0001869044   0.0000023112  -0.0000163471   0.0003313341
       -0.0003642210   0.0001188794  -0.0006819458  -0.0017855422  -0.0033580889
        0.0003110081  -0.0000872965  -0.0003112867   0.0000833252   0.0000725498
        0.0000715219   0.0001053631   0.0000087227   0.0000060440  -0.0000316997
        0.0000072007  -0.0000079442  -0.0000453235  -0.0002405107  -0.0000772144
       -0.0010503503  -0.0001987278  -0.0001429861  -0.0114841533  -0.0004633642
        0.0010792516   0.0261063813   0.0508939398   0.0031374420   0.0296222049
        0.0005237757   0.0017435096   0.0000491047  -0.0000958147   0.0001993134
       -0.0000810117  -0.0000831747   0.0000405047  -0.0000380695  -0.0000365042
        0.0000296532  -0.0000536146  -0.0000187798   0.0000092900  -0.0000488481
       -0.0001358413   0.0000620627   0.0000078543  -0.0000154284   0.0001624586
       -0.0000144011   0.0000115965   0.0000027908   0.0000030095  -0.0000004318
        0.0000052381  -0.0000003021  -0.0000012132   0.0000052818   0.0000022514
        0.0000019222  -0.0000078405  -0.0000773529  -0.0000411499  -0.0000186751
       -0.0000438294   0.0000701024   0.0000227418
       -0.0117365274   0.0000148492  -0.0448322030  -0.0226370729  -0.0040461543
       -0.0028205578  -0.0006009872   0.0013314018   0.0017939854  -0.0003368800
       -0.0007882073  -0.0005431428   0.0005678185   0.0004641446  -0.0004926563
        0.0004409070   0.0000888285  -0.0000892499  -0.0000066555   0.0001972331
       -0.0000878046  -0.0002313911  -0.0001702493   0.0000554990   0.0005258711
       -0.0005176053   0.0002526301  -0.0005560334  -0.0033088351  -0.0023437721
        0.0004373342  -0.0003217828  -0.0001288351   0.0000750296   0.0000633909
        0.0000480882   0.0001148091   0.0000414447   0.0000038342  -0.0000302597
       -0.0000020287   0.0000113897  -0.0000487314  -0.0001455669  -0.0002122873
       -0.0011493265  -0.0003032640  -0.0000244299   0.0289582303   0.0030668590
       -0.0005816558   0.0146303557   0.0031374420   0.0497866896  -0.0078624845
        0.0005695488   0.0004505899  -0.0001545051   0.0002202993  -0.0002889564
       -0.0000648007   0.0000022329   0.0000233193  -0.0000819038   0.0000313364
       -0.0000071486  -0.0000856178   0.0000453686  -0.0000271998  -0.0000624299
        0.0001168678  -0.0000407749   0.0000363177   0.0002012745   0.0000382881
       -0.0000197805  -0.0000007730   0.0000151225   0.0000039053  -0.0000024362
       -0.0000023770  -0.0000033466   0.0000033317   0.0000008111   0.0000020418
        0.0000037524  -0.0000012880  -0.0000892549  -0.0000300751  -0.0000311596
       -0.0000346314   0.0000373720   0.0000752521
       -0.0797670053   0.0839668999  -0.0216055688   0.0035802214  -0.0030790719
        0.0038545976   0.0000738920   0.0000299726  -0.0008325480   0.0000504785
       -0.0001172383   0.0004010465   0.0000167923   0.0002257416  -0.0003850189
       -0.0001596158  -0.0000212219   0.0000532372   0.0001098089  -0.0001139271
        0.0000706379   0.0001424293   0.0000160856  -0.0000768727   0.0000531882
        0.0000555819   0.0000980433  -0.0006875363   0.0001269266  -0.0006969595
       -0.0005588877  -0.0007761561  -0.0004291650  -0.0000653232  -0.0000655353
        0.0001506744   0.0000686631  -0.0001120928  -0.0000654856  -0.0000100815
        0.0000554259  -0.0000244082  -0.0002193028  -0.0000163130   0.0000970752
        0.0000851627   0.0002756930   0.0001381827   0.0047988919  -0.0091377948
        0.0029029226  -0.0175472572   0.0296222049  -0.0078624845   0.0915284015
       -0.1001292484   0.0236099951  -0.0000055586  -0.0000624549   0.0002161144
       -0.0000268376  -0.0000218859  -0.0000001749   0.0000255825  -0.0000161207
        0.0000143175   0.0000178788  -0.0000282230   0.0000091539  -0.0000096721
       -0.0000984566   0.0000276028  -0.0014896137  -0.0006838865   0.0002472354
       -0.0000077594   0.0000082362  -0.0000054790   0.0000172280   0.0000238855
        0.0000035866  -0.0000050638  -0.0000075380  -0.0000029465  -0.0000069920
       -0.0000067234   0.0000072166   0.0000013970   0.0000204526   0.0000264264
       -0.0000035089   0.0000667823   0.0000590456
        0.0866660307  -0.2313902209   0.0491522795   0.0089485895  -0.0224142602
       -0.0000192288  -0.0006798006   0.0001125785  -0.0040040759  -0.0008247324
       -0.0010924415   0.0005756946   0.0000076213  -0.0000327750   0.0000444251
       -0.0000894603  -0.0000728365   0.0001010665  -0.0000132011   0.0000709156
       -0.0000414111  -0.0001884804  -0.0000242573  -0.0000997531   0.0003318052
       -0.0000032639   0.0000985835  -0.0003360616   0.0004828054  -0.0007433420
        0.0003479054  -0.0002424102  -0.0004711262  -0.0001109091   0.0000101527
        0.0001185039   0.0001124899   0.0001571127   0.0001564482   0.0000182594
        0.0000474766   0.0000118941   0.0000999247   0.0000760566   0.0001276324
        0.0000343841   0.0001480758  -0.0000871466   0.0048522077  -0.0124523098
        0.0066663467   0.0019396070   0.0005237757   0.0005695488  -0.1001292484
        0.2653790889  -0.0526263520   0.0000478743   0.0001901010  -0.0001090907
       -0.0000192885   0.0000418895  -0.0000043535   0.0000333457   0.0000192219
       -0.0000056338   0.0000209008  -0.0000245434   0.0000086678  -0.0000369362
        0.0000304992  -0.0000210431  -0.0011998774   0.0002980143   0.0004812080
        0.0000559106   0.0000292291   0.0000242610   0.0000189122   0.0000022853
        0.0000106426  -0.0000118724  -0.0000009959   0.0000121174   0.0000042857
        0.0000059652  -0.0000123987   0.0000410092   0.0000133546   0.0000193630
        0.0000588052   0.0001117160   0.0000662723
       -0.0198323182   0.0435016623  -0.0468184119   0.0080194661  -0.0200696095
        0.0033985019  -0.0001185540  -0.0001747674  -0.0048579738  -0.0003859314
       -0.0008853639   0.0004992088  -0.0000133473  -0.0000070163   0.0000667321
       -0.0000970158  -0.0000062322   0.0000438362   0.0000385505   0.0000083161
       -0.0000033653  -0.0000437544  -0.0000599412  -0.0001047053   0.0002636689
        0.0000518896   0.0000627046  -0.0001966117   0.0001580947  -0.0003994994
       -0.0001342607   0.0001679853   0.0002893001  -0.0000465366  -0.0002105390
       -0.0000871912  -0.0000428385  -0.0000456487  -0.0000221638  -0.0000033536
        0.0000079308  -0.0000177554  -0.0000857289  -0.0000153789   0.0000404886
        0.0000846879   0.0000827493  -0.0001498427  -0.0106289191   0.0280755319
       -0.0086776252  -0.0010876142   0.0017435096   0.0004505899   0.0236099951
       -0.0526263520   0.0562830712   0.0000931856   0.0000390313  -0.0000820108
       -0.0000186941  -0.0000003519   0.0000021446  -0.0000105851   0.0000149551
        0.0000086798   0.0000065390   0.0000029496   0.0000003304  -0.0000234565
       -0.0000074307  -0.0000428311   0.0005504665   0.0002020796   0.0001211306
        0.0000469020   0.0000013665  -0.0000060131   0.0000033536   0.0000111685
       -0.0000101614   0.0000097823   0.0000010203  -0.0000028154  -0.0000078489
       -0.0000012227   0.0000019327   0.0000230091   0.0000093677   0.0000093573
        0.0000277626   0.0000302461   0.0000043573
       -0.0000265702  -0.0001024306   0.0002419617   0.0000710746   0.0003145984
        0.0002390688   0.0017565210  -0.0010813812  -0.0000519375   0.0047375113
       -0.0055035688   0.0025309917  -0.1431419857   0.1122179948  -0.0507519849
       -0.0217610636   0.0217468408  -0.0097334979  -0.0055530897  -0.0011127904
        0.0013638555   0.0000271026  -0.0006223680   0.0002772121   0.0001103154
       -0.0016243117   0.0012509449  -0.0000083264   0.0000438966  -0.0000935215
       -0.0000332587   0.0000409097   0.0000371974  -0.0000035425   0.0000057384
        0.0000218776  -0.0000510970  -0.0000150965  -0.0000102169   0.0000115261
        0.0000086561   0.0000132830  -0.0000027384  -0.0000140860  -0.0000082242
       -0.0000059513  -0.0000583282  -0.0000627265  -0.0000922841  -0.0000108527
       -0.0000152628   0.0000034562   0.0000491047  -0.0001545051  -0.0000055586
        0.0000478743   0.0000931856   0.1641655319  -0.1256411452   0.0556677459
        0.0007410291   0.0005615995  -0.0004580216  -0.0012291786   0.0011367091
       -0.0004820274  -0.0000015015  -0.0000432679  -0.0000967932   0.0002100514
       -0.0003856188   0.0001648694   0.0000049458   0.0000098356   0.0000055731
        0.0000187360  -0.0000003818   0.0000000144   0.0000095455   0.0000073513
       -0.0000021926   0.0000046701  -0.0000024043  -0.0000004028   0.0000044869
       -0.0000024996   0.0000056587   0.0000149468   0.0000125048   0.0000068487
        0.0000246956   0.0000169178   0.0000010263
       -0.0000081200   0.0003198025  -0.0001504303   0.0000822963  -0.0002406605
        0.0001682748   0.0016060771   0.0005056593  -0.0018439752   0.0145638681
       -0.0205853925   0.0102423281   0.1122388995  -0.1683199159   0.0628423823
        0.0002951950   0.0008099485  -0.0003749093  -0.0004234162   0.0028087821
        0.0026818322  -0.0008235213   0.0003153850  -0.0001964784  -0.0021464804
       -0.0026502215   0.0049859414  -0.0000461904  -0.0000979115  -0.0000284600
        0.0000490028   0.0000049399  -0.0000305393   0.0000458312  -0.0000184651
       -0.0000292106   0.0000551162   0.0000015825   0.0000158466  -0.0000052433
       -0.0000047387  -0.0000115274  -0.0000152736   0.0000227471   0.0000098877
       -0.0000153334   0.0000876956   0.0000354037   0.0001163026  -0.0000138597
       -0.0000813893   0.0001336969  -0.0000958147   0.0002202993  -0.0000624549
        0.0001901010   0.0000390313  -0.1256411452   0.1882434282  -0.0767760243
       -0.0007911730   0.0003111867  -0.0015350640  -0.0000443467   0.0000064569
        0.0000974243  -0.0000688806  -0.0003128433  -0.0007083305   0.0008857708
       -0.0012197940   0.0004203171  -0.0000045302   0.0000147846   0.0000191042
        0.0000030287   0.0000017138   0.0000051947  -0.0000022568  -0.0000088647
        0.0000039842   0.0000007009   0.0000030849   0.0000043569  -0.0000099175
        0.0000009746  -0.0000057562   0.0000071750  -0.0000118992  -0.0000048143
        0.0000253226  -0.0000678916  -0.0000146996
        0.0000087417   0.0000183331  -0.0002567663   0.0004229838   0.0003715938
        0.0000223398  -0.0003973045  -0.0019804274  -0.0012873229  -0.0093777211
        0.0111160395  -0.0038004145  -0.0505975147   0.0638032450  -0.0617615807
        0.0015572563  -0.0019354972   0.0005901054   0.0010742066   0.0027779537
        0.0065661104   0.0003011095  -0.0002105015  -0.0001126208   0.0016354283
        0.0047613518   0.0046669933   0.0001336919  -0.0001433991   0.0000658894
       -0.0000065668   0.0000011533   0.0000262584  -0.0000092876  -0.0000028361
       -0.0000290698  -0.0000069206   0.0000102468   0.0000085444  -0.0000100120
       -0.0000117973  -0.0000006770  -0.0000014307  -0.0000129581  -0.0000154213
       -0.0000786152  -0.0000023376   0.0000127597  -0.0000836222  -0.0000639597
        0.0000189234  -0.0001909477   0.0001993134  -0.0002889564   0.0002161144
       -0.0001090907  -0.0000820108   0.0556677459  -0.0767760243   0.0594233121
        0.0001682851  -0.0016374336  -0.0020228858   0.0001266082   0.0000607532
        0.0002805653  -0.0000679272  -0.0006976446  -0.0013678107  -0.0004697124
        0.0004808574  -0.0006009371   0.0000188971  -0.0000190535  -0.0000375381
       -0.0000087829  -0.0000007612  -0.0000130204  -0.0000048328  -0.0000009784
       -0.0000036825   0.0000013381   0.0000027960  -0.0000086837  -0.0000047742
       -0.0000014217   0.0000000556  -0.0000162758  -0.0000097677  -0.0000041554
       -0.0000001585   0.0000122531   0.0000116972
        0.0000067458   0.0000168181   0.0002638468   0.0001325649  -0.0002702360
       -0.0002727975  -0.0006929973  -0.0011314500   0.0008910859  -0.0053924349
       -0.0002088266   0.0010160635  -0.0135412721  -0.0252537173   0.0132461883
       -0.0764378986  -0.0743083287   0.0395468196   0.0061441342   0.0146258493
       -0.0076382737  -0.0015235161   0.0031237679  -0.0010810237  -0.0003272468
        0.0004433649  -0.0002156593  -0.0001535344   0.0002045218  -0.0001123303
        0.0000157355  -0.0000491470  -0.0000656196  -0.0000290103  -0.0000640417
       -0.0000194032   0.0000468627   0.0000322664   0.0000278204  -0.0000402540
       -0.0000165187  -0.0000176931  -0.0000303609   0.0000223133   0.0000292543
       -0.0000383576   0.0000320019   0.0000535187   0.0000260463   0.0000179853
        0.0000258920  -0.0000319020  -0.0000810117  -0.0000648007  -0.0000268376
       -0.0000192885  -0.0000186941   0.0007410291  -0.0007911730   0.0001682851
        0.0900941304   0.0821331164  -0.0447838774   0.0008529879   0.0007026963
       -0.0005046906   0.0001995387   0.0008253788  -0.0004210279   0.0000035625
       -0.0000138342  -0.0000727747   0.0000097901   0.0000029679   0.0000012178
       -0.0000169382   0.0000006157   0.0000081373  -0.0000028612  -0.0000047518
        0.0000039888  -0.0000016834   0.0000002637   0.0000035467  -0.0000096941
        0.0000024259  -0.0000058744  -0.0000042660  -0.0000073770  -0.0000087025
        0.0000279373   0.0000333487   0.0000175775
       -0.0000131611   0.0001334057   0.0001454679   0.0003505493  -0.0002028713
       -0.0002525909  -0.0005257160  -0.0004154658   0.0002250063  -0.0004118052
        0.0028349059   0.0028383038  -0.0038072927  -0.0049869576   0.0030846395
       -0.0741590008  -0.2147682910   0.0944195089  -0.0071244291  -0.0206708665
        0.0111755016   0.0037065290  -0.0012099153   0.0042452781   0.0004174278
        0.0006741888  -0.0004734544  -0.0001360739   0.0000350230  -0.0000399812
        0.0000344167  -0.0000441354  -0.0000539441  -0.0000190129  -0.0000478695
       -0.0000439997   0.0000604224   0.0000278918   0.0000316321  -0.0000327381
       -0.0000173493  -0.0000147187  -0.0000239487   0.0000314586   0.0000309964
       -0.0000265009   0.0000498064   0.0000586120   0.0000394640   0.0000072626
        0.0000231365  -0.0000312937  -0.0000831747   0.0000022329  -0.0000218859
        0.0000418895  -0.0000003519   0.0005615995   0.0003111867  -0.0016374336
        0.0821331164   0.2397964111  -0.1124072264  -0.0005631505   0.0000256221
       -0.0012582051  -0.0003595445  -0.0012109979   0.0005823700  -0.0000416684
       -0.0003044095  -0.0007025530   0.0000076183   0.0000039513   0.0000049261
       -0.0000147351   0.0000020382   0.0000076925  -0.0000037182  -0.0000105298
        0.0000052481  -0.0000004453   0.0000037258   0.0000069292  -0.0000087120
        0.0000013827  -0.0000043207  -0.0000060559  -0.0000147562  -0.0000097246
        0.0000197456   0.0000074394   0.0000110224
        0.0000381838  -0.0000647956  -0.0000866518  -0.0003189584   0.0003057667
        0.0001776287   0.0003612799  -0.0001753924  -0.0002707527   0.0010606264
        0.0025796672   0.0068598801   0.0028807613   0.0044691200  -0.0015477539
        0.0394378934   0.0943522492  -0.0837795652   0.0031794244   0.0099649979
       -0.0043987525  -0.0012955463   0.0043140534   0.0057887228  -0.0003471177
       -0.0003221759  -0.0000264098   0.0001096633  -0.0000200394   0.0000102553
       -0.0000321556   0.0000187296   0.0000406685   0.0000265849   0.0000269071
        0.0000104833  -0.0000302491  -0.0000116106  -0.0000086802   0.0000161131
        0.0000057881   0.0000185022   0.0000246366  -0.0000146841  -0.0000191053
       -0.0000062449  -0.0000269716  -0.0000213064   0.0000008296   0.0000142434
       -0.0000208592  -0.0000332332   0.0000405047   0.0000233193  -0.0000001749
       -0.0000043535   0.0000021446  -0.0004580216  -0.0015350640  -0.0020228858
       -0.0447838774  -0.1124072264   0.0829137553   0.0000975959  -0.0013509170
       -0.0019001462   0.0001655271   0.0005473867  -0.0003286402  -0.0000855383
       -0.0007153475  -0.0013997403  -0.0000061617   0.0000023168  -0.0000096258
        0.0000052199   0.0000015895  -0.0000101321   0.0000003493   0.0000043188
       -0.0000040712   0.0000000279   0.0000038065  -0.0000059760   0.0000027007
       -0.0000024873   0.0000068538  -0.0000001794   0.0000042012   0.0000073076
       -0.0000099593  -0.0000045814   0.0000015330
       -0.0000548989   0.0001322750   0.0001697355   0.0005120410  -0.0001854170
       -0.0003011904  -0.0001631289   0.0000088343   0.0000195614   0.0010633684
        0.0002533474  -0.0001437462  -0.0015047699   0.0034789970  -0.0012854781
       -0.0226234122  -0.0008665769   0.0016829458  -0.2924255424  -0.0284083761
        0.0285938880  -0.0140901978  -0.0030239448   0.0023108579   0.0002689976
       -0.0022331133   0.0014659286  -0.0001263004  -0.0000305703   0.0000054725
        0.0000436204  -0.0000489028  -0.0000573010  -0.0000291422  -0.0000478498
       -0.0000432466   0.0000621219   0.0000343314   0.0000251868  -0.0000514584
       -0.0000208072  -0.0000198973  -0.0000307143   0.0000322270   0.0000315669
       -0.0000263868   0.0000503272   0.0000572655   0.0000019072  -0.0000186457
        0.0000433446  -0.0000210535  -0.0000380695  -0.0000819038   0.0000255825
        0.0000333457  -0.0000105851  -0.0012291786  -0.0000443467   0.0001266082
        0.0008529879  -0.0005631505   0.0000975959   0.3293829222   0.0311446576
       -0.0323977270   0.0009410135   0.0004430142  -0.0004209612  -0.0007819334
       -0.0001113172   0.0001159702   0.0000139607   0.0000039266   0.0000025935
       -0.0000140630   0.0000065035   0.0000068268  -0.0000035068  -0.0000047084
        0.0000053754   0.0000000038   0.0000076823   0.0000048630  -0.0000072251
        0.0000073772  -0.0000063724  -0.0000072977  -0.0000097525  -0.0000103572
        0.0000216832   0.0000187021   0.0000131798
        0.0000096763   0.0000797379   0.0000010021   0.0002341875  -0.0000671929
       -0.0000603290  -0.0001253634  -0.0002987012  -0.0006941116   0.0001489133
       -0.0003596850   0.0003658446   0.0031163292  -0.0011425127   0.0041081330
        0.0209935307   0.0017046540  -0.0021123346  -0.0284448581  -0.0448258392
        0.0080927572  -0.0249874846  -0.0039750024   0.0033509588  -0.0017591430
       -0.0024578838   0.0049350585  -0.0000121304  -0.0000353264   0.0000078202
        0.0000142307  -0.0000066547  -0.0000091563  -0.0000109800  -0.0000026043
       -0.0000210966   0.0000095953   0.0000060434   0.0000108898  -0.0000024149
        0.0000011764  -0.0000031815  -0.0000089911   0.0000134572   0.0000049704
       -0.0000130582   0.0000130518   0.0000080901   0.0000134551  -0.0000015393
       -0.0000071904  -0.0000129217  -0.0000365042   0.0000313364  -0.0000161207
        0.0000192219   0.0000149551   0.0011367091   0.0000064569   0.0000607532
        0.0007026963   0.0000256221  -0.0013509170   0.0311446576   0.0515227865
       -0.0157920750  -0.0008305140   0.0001050141  -0.0012840293  -0.0013079902
       -0.0002818259   0.0003321337   0.0000018561  -0.0000013470   0.0000036178
       -0.0000021764   0.0000010880   0.0000012272  -0.0000017369  -0.0000018567
        0.0000003216   0.0000004177   0.0000029906   0.0000015455  -0.0000019384
        0.0000010588  -0.0000024522  -0.0000010347  -0.0000043376  -0.0000038060
        0.0000126022  -0.0000035462   0.0000092644
        0.0000252511   0.0000381401   0.0000037169   0.0003077555   0.0000589944
       -0.0000904173  -0.0001529594  -0.0009084489  -0.0012562067  -0.0003206377
        0.0006097648   0.0001730751  -0.0007864275   0.0040786512   0.0053919599
       -0.0094479082  -0.0007123309   0.0007213865   0.0285491266   0.0080133542
       -0.0373956729   0.0131181692   0.0020847622  -0.0019198780   0.0012134963
        0.0048767512   0.0047890965   0.0000397388  -0.0000933298   0.0000306342
        0.0000079366   0.0000034341   0.0000112702   0.0000019102   0.0000052397
       -0.0000102358   0.0000034517   0.0000012064  -0.0000020132  -0.0000006938
       -0.0000019844   0.0000054766   0.0000067434   0.0000025479  -0.0000098723
       -0.0000201371  -0.0000020701   0.0000050994  -0.0000134590  -0.0000073093
       -0.0000089979  -0.0000307748   0.0000296532  -0.0000071486   0.0000143175
       -0.0000056338   0.0000086798  -0.0004820274   0.0000974243   0.0002805653
       -0.0005046906  -0.0012582051  -0.0019001462  -0.0323977270  -0.0157920750
        0.0329132820   0.0002069525  -0.0013644453  -0.0018408840   0.0006648772
        0.0002480935   0.0001161556   0.0000009630  -0.0000043954   0.0000009666
        0.0000014460  -0.0000004208  -0.0000004304  -0.0000002589  -0.0000005128
       -0.0000025268  -0.0000011529   0.0000004566  -0.0000024045  -0.0000013428
       -0.0000002354  -0.0000011272  -0.0000013352  -0.0000016276  -0.0000031031
       -0.0000006034   0.0000045509  -0.0000002996
       -0.0000396098   0.0001962292   0.0001160197   0.0000371335  -0.0002132318
       -0.0003164407  -0.0010308980   0.0014325357  -0.0003801977  -0.0053113898
       -0.0011302506   0.0009856758   0.0000405975  -0.0006863819   0.0003299108
        0.0003699626  -0.0017681430   0.0012905697   0.0057406904  -0.0060172450
        0.0027153119  -0.1416028679   0.1124173170  -0.0499684138  -0.0224481199
        0.0217194190  -0.0095319068  -0.0001572753  -0.0001439600   0.0002110524
        0.0000327179  -0.0000708887  -0.0000632468  -0.0000447375  -0.0000433045
       -0.0000723219   0.0000623360   0.0000423680   0.0000324263  -0.0000450093
       -0.0000256061  -0.0000197789  -0.0000407142   0.0000378845   0.0000289575
       -0.0000511394   0.0000504532   0.0000657419  -0.0000028560  -0.0000147985
        0.0000209034  -0.0000275464  -0.0000536146  -0.0000856178   0.0000178788
        0.0000209008   0.0000065390  -0.0000015015  -0.0000688806  -0.0000679272
        0.0001995387  -0.0003595445   0.0001655271   0.0009410135  -0.0008305140
        0.0002069525   0.1625931134  -0.1250821801   0.0547320128   0.0007663158
        0.0005667847  -0.0004249165   0.0000170131  -0.0000010003   0.0000050625
       -0.0000192925   0.0000061937   0.0000062803  -0.0000084467  -0.0000103811
        0.0000056106  -0.0000009405   0.0000043545   0.0000041165  -0.0000086532
        0.0000060869  -0.0000076451  -0.0000089481  -0.0000130365  -0.0000132770
        0.0000316347   0.0000324347   0.0000230195
        0.0000350726  -0.0000574131  -0.0001061931  -0.0002969004   0.0000441315
        0.0002492685   0.0002373453   0.0000454410  -0.0001194009  -0.0007785692
        0.0027811827   0.0027652139  -0.0007260014   0.0002812355  -0.0002282122
       -0.0023019489  -0.0025073409   0.0052383325   0.0157059375  -0.0204782933
        0.0096959847   0.1123575233  -0.1710206289   0.0620078040   0.0003843488
        0.0009982261  -0.0001254965   0.0000689557   0.0000263407  -0.0000058313
       -0.0000266348   0.0000319611   0.0000343349  -0.0000002347   0.0000349357
        0.0000235252  -0.0000461912  -0.0000218455  -0.0000117343   0.0000274330
        0.0000159085   0.0000094641   0.0000091685  -0.0000157950  -0.0000217499
        0.0000151179  -0.0000302511  -0.0000398369   0.0000104886   0.0000011130
       -0.0000386955  -0.0000125714  -0.0000187798   0.0000453686  -0.0000282230
       -0.0000245434   0.0000029496  -0.0000432679  -0.0003128433  -0.0006976446
        0.0008253788  -0.0012109979   0.0005473867   0.0004430142   0.0001050141
       -0.0013644453  -0.1250821801   0.1910466256  -0.0763211962  -0.0007978964
        0.0003103548  -0.0015385240  -0.0000041762  -0.0000101946   0.0000006486
        0.0000107268  -0.0000077036  -0.0000021884   0.0000030857   0.0000039123
       -0.0000033621   0.0000024176  -0.0000048073  -0.0000010094   0.0000049761
       -0.0000036299   0.0000023767   0.0000055477   0.0000064886   0.0000043083
       -0.0000017426  -0.0000078038  -0.0000014457
       -0.0000006354   0.0000376920   0.0000016715   0.0002247292  -0.0001265955
       -0.0001147418  -0.0003591377  -0.0000528626   0.0000757093   0.0012662954
        0.0031669535   0.0068084320   0.0003077446  -0.0003668860  -0.0000130635
        0.0015643553   0.0051399330   0.0051115606  -0.0081356007   0.0108261625
       -0.0041593643  -0.0498853538   0.0620818104  -0.0626666986   0.0010977996
       -0.0013598283   0.0012896193  -0.0000758704  -0.0000191203  -0.0000125425
        0.0000165455  -0.0000133613  -0.0000133363  -0.0000160631  -0.0000121616
       -0.0000067794   0.0000276661   0.0000068819  -0.0000008377  -0.0000103488
       -0.0000033266  -0.0000035313  -0.0000138177   0.0000104618   0.0000081427
        0.0000015302   0.0000184921   0.0000204005   0.0000033532  -0.0000208227
        0.0000039959  -0.0000203281   0.0000092900  -0.0000271998   0.0000091539
        0.0000086678   0.0000003304  -0.0000967932  -0.0007083305  -0.0013678107
       -0.0004210279   0.0005823700  -0.0003286402  -0.0004209612  -0.0012840293
       -0.0018408840   0.0547320128  -0.0763211962   0.0593105861   0.0002031775
       -0.0015985160  -0.0020850981   0.0000068149  -0.0000034432   0.0000075954
       -0.0000006947   0.0000020005   0.0000086325  -0.0000000341  -0.0000018560
        0.0000046754  -0.0000011174  -0.0000001514   0.0000040328  -0.0000033372
        0.0000021478  -0.0000046097  -0.0000012072  -0.0000053547  -0.0000070666
        0.0000011504   0.0000049788  -0.0000031798
       -0.0000107191   0.0000638416  -0.0000230696   0.0000319452   0.0003868582
        0.0003303811   0.0016066870   0.0001374972  -0.0006118837   0.0061199200
        0.0143801723  -0.0073893346  -0.0018239354   0.0028624001  -0.0008978894
       -0.0003520615   0.0004213642  -0.0001833681  -0.0056495879  -0.0002365790
        0.0008691346  -0.0128771978  -0.0250300064   0.0132735733  -0.0782837766
       -0.0765038869   0.0405319888   0.0000673216  -0.0001107973   0.0000557096
       -0.0000295712   0.0000238191   0.0000468707   0.0000218711   0.0000244719
        0.0000012467  -0.0000301323  -0.0000204155  -0.0000177062   0.0000211260
        0.0000000103   0.0000069825  -0.0000079919  -0.0000351977  -0.0000202605
       -0.0000548204  -0.0000219620   0.0000276221  -0.0000258598   0.0000007286
        0.0000074550  -0.0000010076  -0.0000488481  -0.0000624299  -0.0000096721
       -0.0000369362  -0.0000234565   0.0002100514   0.0008857708  -0.0004697124
        0.0000035625  -0.0000416684  -0.0000855383  -0.0007819334  -0.0013079902
        0.0006648772   0.0007663158  -0.0007978964   0.0002031775   0.0910220329
        0.0850435863  -0.0461627476   0.0000138610  -0.0000077366  -0.0000071800
        0.0000167002  -0.0000032754  -0.0000062259   0.0000019575  -0.0000046454
        0.0000006606   0.0000082479  -0.0000039597  -0.0000003048   0.0000094624
       -0.0000071340   0.0000034849   0.0000127748  -0.0000050040   0.0000032495
        0.0000044298  -0.0000065813  -0.0000653065
        0.0000263695   0.0000148815   0.0000184831   0.0003594870  -0.0002976214
        0.0000749352  -0.0016690057   0.0007084103  -0.0016110614  -0.0065087584
       -0.0209106979   0.0113567300   0.0033235132  -0.0013919147   0.0039593887
        0.0006990229   0.0005485015  -0.0003990732  -0.0009442654   0.0029043224
        0.0026048789  -0.0035547337  -0.0051225196   0.0027336613  -0.0765925153
       -0.2151354129   0.0948202246  -0.0000674643   0.0000182095   0.0000144703
       -0.0000161382   0.0000262781   0.0000103768  -0.0000544287   0.0000214604
        0.0000150523  -0.0000596584  -0.0000024724   0.0000188541   0.0000047569
        0.0000118558   0.0000076053  -0.0000014444  -0.0000005085  -0.0000085483
        0.0000100531  -0.0000373676  -0.0000796458   0.0000772793   0.0000228042
       -0.0000703237  -0.0000972746  -0.0001358413   0.0001168678  -0.0000984566
        0.0000304992  -0.0000074307  -0.0003856188  -0.0012197940   0.0004808574
       -0.0000138342  -0.0003044095  -0.0007153475  -0.0001113172  -0.0002818259
        0.0002480935   0.0005667847   0.0003103548  -0.0015985160   0.0850435863
        0.2402303477  -0.1120715256  -0.0000033185  -0.0000200029  -0.0000094650
        0.0000017675  -0.0000085841  -0.0000053103   0.0000038409   0.0000064962
        0.0000016633   0.0000025558  -0.0000057981  -0.0000007862   0.0000052795
       -0.0000081139   0.0000046974  -0.0000045634  -0.0000019432   0.0000079166
        0.0000584991   0.0000304060   0.0000822770
        0.0000296120  -0.0000798992   0.0000707454   0.0006015725   0.0002834954
       -0.0000640649  -0.0004646352  -0.0021723291  -0.0017090456   0.0039846565
        0.0106184912  -0.0036006374  -0.0014370976   0.0040649744   0.0053176285
       -0.0000329089  -0.0004506432   0.0000368964   0.0010727163   0.0028717766
        0.0066403361   0.0022902697   0.0035672226  -0.0020930366   0.0402676031
        0.0949603446  -0.0816353631   0.0000827413  -0.0001041774  -0.0000199553
        0.0000375017  -0.0000206657  -0.0000197899   0.0000158530   0.0000005740
       -0.0000180631   0.0000361797   0.0000021075  -0.0000149160   0.0000008854
       -0.0000099817  -0.0000079580  -0.0000035513  -0.0000053835  -0.0000131867
       -0.0000573694   0.0000389667   0.0000946174   0.0000068405  -0.0000306280
        0.0000253951  -0.0000444629   0.0000620627  -0.0000407749   0.0000276028
       -0.0000210431  -0.0000428311   0.0001648694   0.0004203171  -0.0006009371
       -0.0000727747  -0.0007025530  -0.0013997403   0.0001159702   0.0003321337
        0.0001161556  -0.0004249165  -0.0015385240  -0.0020850981  -0.0461627476
       -0.1120715256   0.0811309735   0.0000130661  -0.0000041402   0.0000009723
        0.0000005668   0.0000009323   0.0000023645  -0.0000026781  -0.0000058713
        0.0000052100   0.0000022816  -0.0000029712  -0.0000001499  -0.0000039684
        0.0000018314  -0.0000098738  -0.0000085782  -0.0000120310  -0.0000123245
       -0.0000350995   0.0000071372  -0.0000535486
       -0.0017296161  -0.0003161711  -0.0001572893   0.0009875240   0.0010544684
        0.0006296419   0.0001950222  -0.0002909886  -0.0004025309   0.0000380264
        0.0000129885   0.0000461934   0.0000147551  -0.0000213195  -0.0000460031
       -0.0000438717  -0.0000083483   0.0000039892  -0.0000032306  -0.0000162961
        0.0000074556  -0.0000037893   0.0000024666  -0.0000030333   0.0000030276
        0.0000265252  -0.0000271799   0.0048038412   0.0144258742   0.0131176581
       -0.0524877123  -0.0371879498  -0.0326324633  -0.0085047440  -0.0212041599
       -0.0190493797  -0.0050692037  -0.0019963636  -0.0001791709  -0.0003824424
       -0.0009883486  -0.0009208818  -0.0004432959   0.0001136617   0.0001398921
       -0.0028834975   0.0017191630   0.0029775535  -0.0017363388   0.0006448806
       -0.0010881524   0.0000037571   0.0000078543   0.0000363177  -0.0014896137
       -0.0011998774   0.0005504665   0.0000049458  -0.0000045302   0.0000188971
        0.0000097901   0.0000076183  -0.0000061617   0.0000139607   0.0000018561
        0.0000009630   0.0000170131  -0.0000041762   0.0000068149   0.0000138610
       -0.0000033185   0.0000130661   0.0681096501   0.0449104454   0.0372813588
        0.0006298569  -0.0005244332  -0.0009471777  -0.0002033572  -0.0000508120
       -0.0000535423   0.0001634585  -0.0000027280  -0.0000344240  -0.0001572819
       -0.0000808628  -0.0000069238  -0.0000352508   0.0001061973  -0.0001139984
        0.0001647560   0.0008666841   0.0008380445
       -0.0009056287   0.0006314742  -0.0001759971  -0.0004042833  -0.0014140537
        0.0009377656   0.0000712186   0.0000240987   0.0004020351  -0.0004299327
        0.0001097873  -0.0001201731   0.0000776532   0.0000229068  -0.0000193863
       -0.0000280234   0.0000074929  -0.0000071736   0.0000065184   0.0000151578
       -0.0000107509  -0.0000573147   0.0000111086   0.0000171490   0.0000157484
       -0.0000220362   0.0000343973  -0.0016703310  -0.0114162483  -0.0110846238
       -0.0374878208  -0.1746304586  -0.1287864892  -0.0038829479  -0.0071630140
       -0.0077342180  -0.0024119170   0.0041501171  -0.0037985358  -0.0000155330
       -0.0005347780  -0.0001796183   0.0001240684   0.0003345118   0.0005714938
        0.0022387519   0.0025497201  -0.0048383640   0.0003095852   0.0000697578
        0.0004642867  -0.0002281161  -0.0000154284   0.0002012745  -0.0006838865
        0.0002980143   0.0002020796   0.0000098356   0.0000147846  -0.0000190535
        0.0000029679   0.0000039513   0.0000023168   0.0000039266  -0.0000013470
       -0.0000043954  -0.0000010003  -0.0000101946  -0.0000034432  -0.0000077366
       -0.0000200029  -0.0000041402   0.0449104454   0.1890940654   0.1518460837
        0.0007647074  -0.0007536532   0.0018827784  -0.0000782263  -0.0000443532
       -0.0000484406   0.0000221655   0.0000127034   0.0000213031  -0.0000432728
        0.0000101288   0.0000014289   0.0000937277  -0.0008097974   0.0009281681
       -0.0003153490  -0.0005244157  -0.0006777579
       -0.0007832961  -0.0003201832   0.0005824254  -0.0010826830   0.0007569204
       -0.0016648970   0.0002208431   0.0004288468  -0.0000449202  -0.0004265465
       -0.0002932824   0.0001731224   0.0000091926   0.0000409268   0.0000084724
       -0.0000425718  -0.0000118401   0.0000078200   0.0000163440   0.0000235193
       -0.0000046268  -0.0000517298  -0.0000311392   0.0000046780   0.0001250794
       -0.0000097063   0.0000194620  -0.0016411725  -0.0129965569  -0.0118375760
       -0.0331150976  -0.1287275530  -0.1515546514  -0.0026043945  -0.0055720999
       -0.0034925855  -0.0005811545  -0.0038497885   0.0048881500  -0.0000358979
       -0.0000423962  -0.0003791073   0.0001771425   0.0005705111   0.0002533824
        0.0033325042  -0.0047931460   0.0023049996  -0.0006610903   0.0001925024
        0.0003536262  -0.0002318488   0.0001624586   0.0000382881   0.0002472354
        0.0004812080   0.0001211306   0.0000055731   0.0000191042  -0.0000375381
        0.0000012178   0.0000049261  -0.0000096258   0.0000025935   0.0000036178
        0.0000009666   0.0000050625   0.0000006486   0.0000075954  -0.0000071800
       -0.0000094650   0.0000009723   0.0372813588   0.1518460837   0.1626056629
        0.0002878422   0.0020566505  -0.0009466184  -0.0000311608  -0.0000006994
        0.0000052109   0.0000000836   0.0000123821   0.0000097768  -0.0000447990
       -0.0000673213  -0.0000277813  -0.0001410540   0.0009328941  -0.0008838095
       -0.0002303957  -0.0008080233  -0.0005020045
       -0.0000956090  -0.0000596439  -0.0000704293  -0.0002709352   0.0009337019
        0.0009559403  -0.0007876997  -0.0001302663   0.0000043032   0.0001774103
        0.0000366785  -0.0000019754  -0.0001304453  -0.0000108339   0.0000363486
        0.0000300731  -0.0000008193   0.0000024840  -0.0000175209  -0.0000035388
        0.0000024519   0.0000344099   0.0000133171   0.0000009218  -0.0001345046
       -0.0000128360  -0.0000034335  -0.0049882917  -0.0027298136  -0.0009851160
       -0.0251504098   0.0125802930   0.0153162979  -0.1737711587   0.0816160709
        0.0962146011   0.0024225891  -0.0008906168  -0.0010092197   0.0012363195
       -0.0010220906  -0.0015481299   0.0006787338  -0.0013481076  -0.0003804349
        0.0002470439  -0.0004310586  -0.0004656015  -0.0000078219   0.0000447477
        0.0000655647  -0.0000064146  -0.0000144011  -0.0000197805  -0.0000077594
        0.0000559106   0.0000469020   0.0000187360   0.0000030287  -0.0000087829
       -0.0000169382  -0.0000147351   0.0000052199  -0.0000140630  -0.0000021764
        0.0000014460  -0.0000192925   0.0000107268  -0.0000006947   0.0000167002
        0.0000017675   0.0000005668   0.0006298569   0.0007647074   0.0002878422
        0.2001017461  -0.0889879823  -0.1079240779  -0.0001044431  -0.0000127159
        0.0000337173  -0.0000481483  -0.0003219973  -0.0001987179  -0.0001329436
       -0.0000094512  -0.0000311011   0.0001320103  -0.0001271046  -0.0001693115
       -0.0000212296   0.0000692392  -0.0001578012
       -0.0000014932   0.0000094093   0.0000128946  -0.0003334667   0.0001633704
       -0.0000290711   0.0000118798   0.0000290414   0.0000815075  -0.0001200596
       -0.0000586163   0.0000461867   0.0000216404   0.0000004869  -0.0000217041
       -0.0000181197  -0.0000066039   0.0000005385  -0.0000027706  -0.0000009775
       -0.0000013668  -0.0000170249   0.0000077570   0.0000031463   0.0000434821
        0.0000002703   0.0000105712  -0.0021066345   0.0040604726  -0.0036703749
       -0.0046088478   0.0032016445   0.0032545197   0.0818247587  -0.0916791705
       -0.0656211877   0.0155227990  -0.0110734531  -0.0136317317   0.0013958850
       -0.0005247580   0.0014145702  -0.0016895975   0.0003523429  -0.0066730661
       -0.0005528707  -0.0001078825   0.0001548473   0.0000064928   0.0000012354
        0.0000297873   0.0000077502   0.0000115965  -0.0000007730   0.0000082362
        0.0000292291   0.0000013665  -0.0000003818   0.0000017138  -0.0000007612
        0.0000006157   0.0000020382   0.0000015895   0.0000065035   0.0000010880
       -0.0000004208   0.0000061937  -0.0000077036   0.0000020005  -0.0000032754
       -0.0000085841   0.0000009323  -0.0005244332  -0.0007536532   0.0020566505
       -0.0889879823   0.0978388808   0.0821407018  -0.0001220682   0.0000514872
       -0.0000227881  -0.0010313150  -0.0002133465  -0.0000330595   0.0003046190
        0.0001499814   0.0002831092   0.0009040922  -0.0006931339  -0.0006606524
        0.0000553929  -0.0007841626   0.0008720378
        0.0000084598   0.0000050673   0.0000216631  -0.0003518561  -0.0001840367
        0.0000799787   0.0001718094   0.0000626796  -0.0000289435  -0.0001833961
       -0.0000010535  -0.0000336442   0.0000518052   0.0000146377  -0.0000233265
       -0.0000222451   0.0000003899   0.0000122258   0.0000036122   0.0000061903
        0.0000024095  -0.0000198305  -0.0000037954   0.0000088693   0.0000405033
        0.0000016424   0.0000049878  -0.0002135909  -0.0035536798   0.0047754267
       -0.0012031032   0.0010038314   0.0015051444   0.0965074239  -0.0654815485
       -0.1089785125   0.0147499239  -0.0115792311  -0.0119091749   0.0006906634
        0.0018179623  -0.0008079248  -0.0007679561  -0.0067091008   0.0012544827
       -0.0005566028   0.0001577502   0.0000299919   0.0000091116   0.0000062862
        0.0000252908   0.0000072160   0.0000027908   0.0000151225  -0.0000054790
        0.0000242610  -0.0000060131   0.0000000144   0.0000051947  -0.0000130204
        0.0000081373   0.0000076925  -0.0000101321   0.0000068268   0.0000012272
       -0.0000004304   0.0000062803  -0.0000021884   0.0000086325  -0.0000062259
       -0.0000053103   0.0000023645  -0.0009471777   0.0018827784  -0.0009466184
       -0.1079240779   0.0821407018   0.1163761396   0.0002823512   0.0003526693
        0.0001420561  -0.0008538400  -0.0002246437   0.0000966127  -0.0001392881
       -0.0000977056  -0.0000275007   0.0008108210  -0.0005225335  -0.0007389631
       -0.0001602902   0.0008710742  -0.0008371937
       -0.0000402632  -0.0000127607  -0.0000468606   0.0004109790  -0.0000541076
        0.0002344649  -0.0001698748   0.0000404382   0.0000370785   0.0000838245
        0.0000159650  -0.0000298122  -0.0000456556   0.0000000619   0.0000201130
        0.0000180710  -0.0000012755   0.0000012095  -0.0000051136   0.0000046119
       -0.0000019013   0.0000113358   0.0000077152   0.0000007584  -0.0000486255
       -0.0000155087   0.0000052148  -0.0000679055  -0.0003609074  -0.0003030670
       -0.0007165032   0.0003602757  -0.0014626791  -0.0032586837  -0.0009037558
        0.0004094261  -0.0076695599  -0.0301556190   0.0027085418  -0.0421841864
       -0.0208178411   0.0057734783  -0.0004938729  -0.0008755455  -0.0007947868
        0.0004900470   0.0007403105  -0.0004441621  -0.0000059651  -0.0000116531
        0.0000100889  -0.0000129003   0.0000030095   0.0000039053   0.0000172280
        0.0000189122   0.0000033536   0.0000095455  -0.0000022568  -0.0000048328
       -0.0000028612  -0.0000037182   0.0000003493  -0.0000035068  -0.0000017369
       -0.0000002589  -0.0000084467   0.0000030857  -0.0000000341   0.0000019575
        0.0000038409  -0.0000026781  -0.0002033572  -0.0000782263  -0.0000311608
       -0.0001044431  -0.0001220682   0.0002823512   0.0509926094   0.0245771435
       -0.0033890016   0.0011689364   0.0195263585  -0.0017262463   0.0018681242
        0.0081451804  -0.0018302527  -0.0001247276  -0.0000262660   0.0005543038
        0.0000937941  -0.0000036624   0.0000230974
       -0.0000446088   0.0000201220  -0.0000130902   0.0002189606  -0.0000495984
        0.0001969142  -0.0000900764  -0.0000214171   0.0000076178   0.0000606114
        0.0000218407  -0.0000293617  -0.0000335655  -0.0000021676   0.0000183144
        0.0000136238   0.0000047223  -0.0000016929  -0.0000017685   0.0000056607
       -0.0000027092   0.0000085833   0.0000061143   0.0000030981  -0.0000436320
       -0.0000181719  -0.0000005643   0.0000872052   0.0002500763   0.0002494163
       -0.0000454295   0.0003409985  -0.0006647294  -0.0016111942  -0.0003483743
        0.0003479011  -0.0080305628  -0.0116932545  -0.0004300704  -0.0179615550
       -0.2735602011   0.0334221979   0.0018022030   0.0004416530  -0.0005776099
       -0.0003056948   0.0000026265  -0.0006620812   0.0000070335  -0.0000026636
       -0.0000120091  -0.0000290649  -0.0000004318  -0.0000024362   0.0000238855
        0.0000022853   0.0000111685   0.0000073513  -0.0000088647  -0.0000009784
       -0.0000047518  -0.0000105298   0.0000043188  -0.0000047084  -0.0000018567
       -0.0000005128  -0.0000103811   0.0000039123  -0.0000018560  -0.0000046454
        0.0000064962  -0.0000058713  -0.0000508120  -0.0000443532  -0.0000006994
       -0.0000127159   0.0000514872   0.0003526693   0.0245771435   0.3162607452
       -0.0383446214   0.0010820357  -0.0204104371   0.0007633815   0.0004470304
       -0.0113747125   0.0048769736  -0.0001344159   0.0000860996   0.0004676886
        0.0000839158   0.0000421941   0.0000292338
       -0.0000016431   0.0000189804   0.0000077447  -0.0003068410  -0.0001169205
        0.0000652863   0.0001588616  -0.0000333106  -0.0000510589  -0.0000883874
        0.0000009036  -0.0000044644   0.0000271764  -0.0000120935  -0.0000363701
       -0.0000050512  -0.0000002248   0.0000096344   0.0000014066  -0.0000042919
       -0.0000029289  -0.0000066321   0.0000071739   0.0000177779   0.0000213732
        0.0000013048  -0.0000093415   0.0002456702   0.0001012511   0.0000553476
       -0.0004905081   0.0000087459  -0.0004142994  -0.0009789066  -0.0001045292
       -0.0000922122  -0.0028940243  -0.0052978550   0.0007859037   0.0059234455
        0.0327151255  -0.0453641247   0.0009613090  -0.0000036867   0.0005650792
       -0.0002895428  -0.0000851016  -0.0003489657  -0.0000022729  -0.0000077496
        0.0000046674   0.0000085007   0.0000052381  -0.0000023770   0.0000035866
        0.0000106426  -0.0000101614  -0.0000021926   0.0000039842  -0.0000036825
        0.0000039888   0.0000052481  -0.0000040712   0.0000053754   0.0000003216
       -0.0000025268   0.0000056106  -0.0000033621   0.0000046754   0.0000006606
        0.0000016633   0.0000052100  -0.0000535423  -0.0000484406   0.0000052109
        0.0000337173  -0.0000227881   0.0001420561  -0.0033890016  -0.0383446214
        0.0505346818  -0.0001925262  -0.0214807467   0.0023519152   0.0008708894
        0.0328757523  -0.0080806449   0.0004315914  -0.0001885304  -0.0001149024
       -0.0000020910  -0.0000020825  -0.0000130587
       -0.0000336548  -0.0000436335  -0.0000522983   0.0001872626   0.0000762736
        0.0000936086  -0.0001013536  -0.0000846942  -0.0000650811   0.0001351763
        0.0000220477  -0.0000148653  -0.0000416327  -0.0000102284   0.0000108606
        0.0000088634   0.0000019353   0.0000008820  -0.0000076712  -0.0000040901
        0.0000006369   0.0000136565   0.0000033756  -0.0000002293  -0.0000471355
       -0.0000002371  -0.0000118677   0.0002204466  -0.0000139244  -0.0000255454
        0.0002011771   0.0003163417   0.0001873130   0.0009123669   0.0016109882
        0.0013259479  -0.0233543071   0.0133017871   0.0185111921  -0.1299584992
        0.0702270011   0.0922849251  -0.0060165601  -0.0020518656  -0.0008281495
       -0.0010734919   0.0007866532   0.0007497410  -0.0000100423   0.0000078926
       -0.0000136197  -0.0000030325  -0.0000003021  -0.0000033466  -0.0000050638
       -0.0000118724   0.0000097823   0.0000046701   0.0000007009   0.0000013381
       -0.0000016834  -0.0000004453   0.0000000279   0.0000000038   0.0000004177
       -0.0000011529  -0.0000009405   0.0000024176  -0.0000011174   0.0000082479
        0.0000025558   0.0000022816   0.0001634585   0.0000221655   0.0000000836
       -0.0000481483  -0.0010313150  -0.0008538400   0.0011689364   0.0010820357
       -0.0001925262   0.1532184335  -0.0808445434  -0.1073125217   0.0047747807
       -0.0029866432  -0.0034757855   0.0000717113  -0.0003023781  -0.0002747127
       -0.0003859747  -0.0000784166  -0.0000519614
        0.0000150409  -0.0000009245   0.0000045819   0.0000105329  -0.0000185126
       -0.0000015994   0.0000217597   0.0000256150   0.0000067316  -0.0000359890
       -0.0000095489   0.0000016685   0.0000148939   0.0000007428  -0.0000063925
       -0.0000073457  -0.0000008112   0.0000042098  -0.0000050463   0.0000005880
        0.0000013703  -0.0000045877   0.0000091899  -0.0000003204   0.0000128681
       -0.0000001600   0.0000007198  -0.0000452828   0.0000830105   0.0000717033
        0.0001606717  -0.0000228558  -0.0000118844  -0.0015046405   0.0005008225
        0.0008429711  -0.0023216047   0.0037138729   0.0042882754   0.0705174128
       -0.1013378328  -0.0743225143  -0.0014289858   0.0003415765  -0.0007128776
       -0.0003210916   0.0002876110   0.0000026219  -0.0000018961  -0.0000006101
        0.0000086537   0.0000113173  -0.0000012132   0.0000033317  -0.0000075380
       -0.0000009959   0.0000010203  -0.0000024043   0.0000030849   0.0000027960
        0.0000002637   0.0000037258   0.0000038065   0.0000076823   0.0000029906
        0.0000004566   0.0000043545  -0.0000048073  -0.0000001514  -0.0000039597
       -0.0000057981  -0.0000029712  -0.0000027280   0.0000127034   0.0000123821
       -0.0003219973  -0.0002133465  -0.0002246437   0.0195263585  -0.0204104371
       -0.0214807467  -0.0808445434   0.1137433880   0.0877848704  -0.0032329842
        0.0033532178   0.0035220421  -0.0001471183   0.0000317327   0.0001345868
       -0.0000634132  -0.0000860182   0.0000653020
        0.0000250602   0.0000053558   0.0000097137  -0.0001274028  -0.0000081191
       -0.0000361999   0.0000871591   0.0000224824   0.0000221896  -0.0000724910
       -0.0000170560  -0.0000078938   0.0000138394  -0.0000034432  -0.0000234637
       -0.0000047760   0.0000008207   0.0000134588   0.0000003400   0.0000016917
        0.0000004914  -0.0000003646   0.0000030468   0.0000143705   0.0000173677
        0.0000001645  -0.0000064607  -0.0000762376   0.0001277239   0.0001573241
        0.0001672915  -0.0000826191  -0.0000694841  -0.0016495955   0.0003684870
        0.0005015891   0.0006413092   0.0014861507   0.0020039629   0.0928260510
       -0.0742154764  -0.1417933605  -0.0003248162  -0.0006415653   0.0006076819
       -0.0002484654  -0.0001437493   0.0001530948  -0.0000053905  -0.0000027363
        0.0000078539   0.0000174302   0.0000052818   0.0000008111  -0.0000029465
        0.0000121174  -0.0000028154  -0.0000004028   0.0000043569  -0.0000086837
        0.0000035467   0.0000069292  -0.0000059760   0.0000048630   0.0000015455
       -0.0000024045   0.0000041165  -0.0000010094   0.0000040328  -0.0000003048
       -0.0000007862  -0.0000001499  -0.0000344240   0.0000213031   0.0000097768
       -0.0001987179  -0.0000330595   0.0000966127  -0.0017262463   0.0007633815
        0.0023519152  -0.1073125217   0.0877848704   0.1610699246   0.0181828259
       -0.0156815510  -0.0250981715  -0.0001617873   0.0001564431   0.0001064165
       -0.0000443095   0.0000590186  -0.0000761566
       -0.0000453241  -0.0000576900  -0.0000297616   0.0004780445   0.0003346548
       -0.0001184022  -0.0002094881   0.0000153364   0.0000804549   0.0001306830
       -0.0000039076  -0.0000146442  -0.0000680210   0.0000100175   0.0000323502
        0.0000215835  -0.0000047665  -0.0000037959  -0.0000072576  -0.0000014966
        0.0000000409   0.0000182818   0.0000063416   0.0000012493  -0.0000555132
       -0.0000135863  -0.0000011578  -0.0001462424  -0.0003038833  -0.0003259142
       -0.0003998974  -0.0014460149   0.0007033206  -0.0028004255   0.0002339711
       -0.0002858106  -0.0143377098   0.0034159557  -0.0285067929  -0.0574414888
        0.0163553844  -0.0609053215  -0.0005488068  -0.0009465894  -0.0006582715
        0.0005900350  -0.0005265874   0.0008531493   0.0000177301   0.0000046091
        0.0000128309  -0.0000181903   0.0000022514   0.0000020418  -0.0000069920
        0.0000042857  -0.0000078489   0.0000044869  -0.0000099175  -0.0000047742
       -0.0000096941  -0.0000087120   0.0000027007  -0.0000072251  -0.0000019384
       -0.0000013428  -0.0000086532   0.0000049761  -0.0000033372   0.0000094624
        0.0000052795  -0.0000039684  -0.0001572819  -0.0000432728  -0.0000447990
       -0.0001329436   0.0003046190  -0.0001392881   0.0018681242   0.0004470304
        0.0008708894   0.0047747807  -0.0032329842   0.0181828259   0.0686063509
       -0.0151514393   0.0704156539  -0.0001913966   0.0005619649  -0.0000744986
        0.0000729885   0.0000461086  -0.0000277778
       -0.0000071816  -0.0000135193   0.0000058638  -0.0002249500   0.0000558755
       -0.0001004426   0.0001139663  -0.0000297198  -0.0000422343  -0.0000456426
       -0.0000203475   0.0000131228   0.0000209301   0.0000083383  -0.0000061818
       -0.0000188421   0.0000002741   0.0000010351   0.0000006136   0.0000001199
        0.0000024822  -0.0000057525  -0.0000033560  -0.0000070166   0.0000250497
        0.0000037361  -0.0000021422   0.0001394502   0.0000842966   0.0000751391
       -0.0002932015  -0.0006814169   0.0002121023  -0.0013529950  -0.0004820628
        0.0000075910  -0.0047766324   0.0017123149  -0.0081528831   0.0155960808
       -0.0501674323   0.0459500760   0.0007470251   0.0005878673  -0.0003309674
       -0.0002310752  -0.0004280306   0.0000343315   0.0000083400   0.0000064749
        0.0000088354   0.0000106263   0.0000019222   0.0000037524  -0.0000067234
        0.0000059652  -0.0000012227  -0.0000024996   0.0000009746  -0.0000014217
        0.0000024259   0.0000013827  -0.0000024873   0.0000073772   0.0000010588
       -0.0000002354   0.0000060869  -0.0000036299   0.0000021478  -0.0000071340
       -0.0000081139   0.0000018314  -0.0000808628   0.0000101288  -0.0000673213
       -0.0000094512   0.0001499814  -0.0000977056   0.0081451804  -0.0113747125
        0.0328757523  -0.0029866432   0.0033532178  -0.0156815510  -0.0151514393
        0.0572951582  -0.0544669751   0.0003780292  -0.0000514194  -0.0002337021
       -0.0000001554  -0.0000153266   0.0000004271
       -0.0000351106  -0.0000046244   0.0000182700   0.0001101278   0.0001781213
       -0.0000583128  -0.0000351254  -0.0000229836   0.0000005914   0.0000389910
       -0.0000114121  -0.0000110340  -0.0000458511   0.0000040755   0.0000032208
        0.0000154435   0.0000041817   0.0000130220   0.0000012817  -0.0000047160
        0.0000019362   0.0000185378   0.0000030813   0.0000144651  -0.0000362848
       -0.0000108377  -0.0000187105   0.0001206790   0.0003173599   0.0002722871
        0.0001179433  -0.0004360090   0.0003432445  -0.0010834495   0.0001394873
        0.0000876072  -0.0083573440  -0.0012007473  -0.0062110627  -0.0573408640
        0.0474228610  -0.2510490259   0.0018359192  -0.0002453106   0.0001283717
       -0.0003475656  -0.0006648515  -0.0000658672   0.0000166660   0.0000019277
       -0.0000028578  -0.0000242350  -0.0000078405  -0.0000012880   0.0000072166
       -0.0000123987   0.0000019327   0.0000056587  -0.0000057562   0.0000000556
       -0.0000058744  -0.0000043207   0.0000068538  -0.0000063724  -0.0000024522
       -0.0000011272  -0.0000076451   0.0000023767  -0.0000046097   0.0000034849
        0.0000046974  -0.0000098738  -0.0000069238   0.0000014289  -0.0000277813
       -0.0000311011   0.0002831092  -0.0000275007  -0.0018302527   0.0048769736
       -0.0080806449  -0.0034757855   0.0035220421  -0.0250981715   0.0704156539
       -0.0544669751   0.2897527679  -0.0001076799   0.0003066825  -0.0000007479
        0.0000698614   0.0000328295   0.0000239899
       -0.0004659090  -0.0001345046  -0.0001406560   0.0000911240  -0.0009638163
       -0.0009137042   0.0000197189   0.0000279665   0.0000356194   0.0001376020
       -0.0000197099  -0.0000733000  -0.0000752769  -0.0000213657   0.0000476268
        0.0000147048   0.0000022572   0.0000033473  -0.0000156762   0.0000056625
        0.0000004255   0.0000021773   0.0000061985   0.0000083982  -0.0000746462
        0.0000058574   0.0000190706  -0.0051296584  -0.0020424324  -0.0000538161
       -0.0005076118   0.0001717884   0.0002116978  -0.0026868368   0.0017618777
        0.0030319007   0.0042758784   0.0147493202   0.0137344662   0.0007844555
        0.0007593620   0.0003237314  -0.0559642013  -0.0404328462  -0.0358451715
       -0.0088401391  -0.0213349756  -0.0192414795  -0.0000028209   0.0000182853
        0.0000426709  -0.0000477065  -0.0000773529  -0.0000892549   0.0000013970
        0.0000410092   0.0000230091   0.0000149468   0.0000071750  -0.0000162758
       -0.0000042660  -0.0000060559  -0.0000001794  -0.0000072977  -0.0000010347
       -0.0000013352  -0.0000089481   0.0000055477  -0.0000012072   0.0000127748
       -0.0000045634  -0.0000085782  -0.0000352508   0.0000937277  -0.0001410540
        0.0001320103   0.0009040922   0.0008108210  -0.0001247276  -0.0001344159
        0.0004315914   0.0000717113  -0.0001471183  -0.0001617873  -0.0001913966
        0.0003780292  -0.0001076799   0.0678445940   0.0467796170   0.0389654455
        0.0007792747  -0.0003975817  -0.0008943426
       -0.0002175746  -0.0001034823   0.0000500655   0.0003296336  -0.0003152513
       -0.0004383727  -0.0000696980   0.0000427652   0.0000683086   0.0000789015
       -0.0000032182  -0.0000619409  -0.0000617136   0.0000145153   0.0000434086
        0.0000176216   0.0000131141  -0.0000014741   0.0000042882   0.0000088545
       -0.0000003422   0.0000204855  -0.0000021668   0.0000026157  -0.0000617680
       -0.0000139004   0.0000037728  -0.0025105627   0.0043046303  -0.0037662219
        0.0002091894   0.0003870620   0.0005191315   0.0020600293   0.0026685788
       -0.0049626865  -0.0021368308  -0.0114695082  -0.0120301027  -0.0007155502
       -0.0003450587   0.0018165874  -0.0404719774  -0.1706076035  -0.1248072294
       -0.0042465131  -0.0074437378  -0.0071315225   0.0000266554   0.0000170374
        0.0000256986  -0.0000514761  -0.0000411499  -0.0000300751   0.0000204526
        0.0000133546   0.0000093677   0.0000125048  -0.0000118992  -0.0000097677
       -0.0000073770  -0.0000147562   0.0000042012  -0.0000097525  -0.0000043376
       -0.0000016276  -0.0000130365   0.0000064886  -0.0000053547  -0.0000050040
       -0.0000019432  -0.0000120310   0.0001061973  -0.0008097974   0.0009328941
       -0.0001271046  -0.0006931339  -0.0005225335  -0.0000262660   0.0000860996
       -0.0001885304  -0.0003023781   0.0000317327   0.0001564431   0.0005619649
       -0.0000514194   0.0003066825   0.0467796170   0.1851862931   0.1481459251
        0.0008070421  -0.0008481623   0.0018847105
       -0.0001491915   0.0000824097  -0.0000572098   0.0004117364  -0.0002764342
       -0.0002360139  -0.0000973758   0.0000642949   0.0001010503   0.0000780938
       -0.0000175715  -0.0000226916  -0.0000648043  -0.0000107328   0.0000107573
        0.0000342382   0.0000034318   0.0000048767   0.0000015846   0.0000035841
       -0.0000073505   0.0000212657   0.0000076949   0.0000169719  -0.0000523403
       -0.0000109982   0.0000009070  -0.0007025468  -0.0038056481   0.0050766233
        0.0003089841   0.0005106504   0.0002650506   0.0033011278  -0.0049688783
        0.0023646871  -0.0023228993  -0.0142263555  -0.0118750572  -0.0011136095
        0.0015046122  -0.0005137409  -0.0358949094  -0.1247825024  -0.1496466536
       -0.0028984891  -0.0049009271  -0.0037504467   0.0000185157  -0.0000120973
        0.0000063818  -0.0000448718  -0.0000186751  -0.0000311596   0.0000264264
        0.0000193630   0.0000093573   0.0000068487  -0.0000048143  -0.0000041554
       -0.0000087025  -0.0000097246   0.0000073076  -0.0000103572  -0.0000038060
       -0.0000031031  -0.0000132770   0.0000043083  -0.0000070666   0.0000032495
        0.0000079166  -0.0000123245  -0.0001139984   0.0009281681  -0.0008838095
       -0.0001693115  -0.0006606524  -0.0007389631   0.0005543038   0.0004676886
       -0.0001149024  -0.0002747127   0.0001345868   0.0001064165  -0.0000744986
       -0.0002337021  -0.0000007479   0.0389654455   0.1481459251   0.1609605363
        0.0002740755   0.0020588853  -0.0010255273
       -0.0001116275   0.0002137650   0.0002648028   0.0004680165  -0.0001850288
       -0.0006153855  -0.0010308641  -0.0011242544  -0.0008325246  -0.0006863017
       -0.0000691658   0.0000968516   0.0000784329  -0.0000455989   0.0000156432
       -0.0000177359  -0.0000132770  -0.0000277210   0.0000119052   0.0000341061
       -0.0000165788  -0.0000946070  -0.0000127740   0.0000024936   0.0000518019
        0.0000050734   0.0000317155   0.0041015842  -0.0004223609  -0.0007213010
        0.0003554393  -0.0014008180  -0.0005233070   0.0001265122  -0.0004499128
       -0.0004938808  -0.0047017466  -0.0024927855  -0.0006192853  -0.0010480810
        0.0007057635   0.0007958924  -0.0234958158   0.0118144906   0.0146407596
       -0.1815353670   0.0844630515   0.0997575479   0.0000011290   0.0000299043
        0.0000819319  -0.0000014185  -0.0000438294  -0.0000346314  -0.0000035089
        0.0000588052   0.0000277626   0.0000246956   0.0000253226  -0.0000001585
        0.0000279373   0.0000197456  -0.0000099593   0.0000216832   0.0000126022
       -0.0000006034   0.0000316347  -0.0000017426   0.0000011504   0.0000044298
        0.0000584991  -0.0000350995   0.0001647560  -0.0003153490  -0.0002303957
       -0.0000212296   0.0000553929  -0.0001602902   0.0000937941   0.0000839158
       -0.0000020910  -0.0003859747  -0.0000634132  -0.0000443095   0.0000729885
       -0.0000001554   0.0000698614   0.0007792747   0.0008070421   0.0002740755
        0.2067182631  -0.0917470142  -0.1116929658
        0.0000465688   0.0002256940   0.0003248901   0.0014920385  -0.0014422455
        0.0007170200   0.0000014875   0.0006938199   0.0007117873  -0.0014724804
       -0.0000440247   0.0000189195   0.0003023824   0.0002367915  -0.0001148480
       -0.0000854787   0.0000195797  -0.0000386513   0.0001075953   0.0000131288
       -0.0000062119  -0.0000578230  -0.0000588753   0.0000031613   0.0003024465
       -0.0001258897   0.0000286411   0.0155696790  -0.0105953767  -0.0135224984
       -0.0018042904   0.0001189257  -0.0063543885  -0.0004412797  -0.0000337518
        0.0002349449  -0.0020936294   0.0041663693  -0.0040444118  -0.0003013759
        0.0000312443   0.0002465952  -0.0047772844   0.0036763123   0.0027658869
        0.0842637397  -0.0901179999  -0.0635142264   0.0000803187   0.0000275882
        0.0001045361  -0.0000495756   0.0000701024   0.0000373720   0.0000667823
        0.0001117160   0.0000302461   0.0000169178  -0.0000678916   0.0000122531
        0.0000333487   0.0000074394  -0.0000045814   0.0000187021  -0.0000035462
        0.0000045509   0.0000324347  -0.0000078038   0.0000049788  -0.0000065813
        0.0000304060   0.0000071372   0.0008666841  -0.0005244157  -0.0008080233
        0.0000692392  -0.0007841626   0.0008710742  -0.0000036624   0.0000421941
       -0.0000020825  -0.0000784166  -0.0000860182   0.0000590186   0.0000461086
       -0.0000153266   0.0000328295  -0.0003975817  -0.0008481623   0.0020588853
       -0.0917470142   0.0952841789   0.0801351954
        0.0000589025   0.0001675773   0.0001966771   0.0013197859   0.0009467162
       -0.0019510415   0.0002939361   0.0010388553   0.0008437265  -0.0010121684
       -0.0003143981   0.0002900027   0.0001646800   0.0001656244  -0.0001487096
        0.0000126289  -0.0000038186  -0.0000462245   0.0000924753   0.0000546128
       -0.0000365656  -0.0000599843  -0.0000437235   0.0000158224   0.0003294227
       -0.0001625665   0.0000953318   0.0139435293  -0.0114202277  -0.0114679630
       -0.0006990963  -0.0063948026   0.0008928205  -0.0005751082   0.0001896500
        0.0000476866  -0.0002655986  -0.0039175347   0.0049486753  -0.0001814285
        0.0000992292  -0.0000816202  -0.0011747818   0.0006140072   0.0021980003
        0.0996506473  -0.0635176360  -0.1093172993   0.0000662992   0.0000138539
        0.0001034354  -0.0000489764   0.0000227418   0.0000752521   0.0000590456
        0.0000662723   0.0000043573   0.0000010263  -0.0000146996   0.0000116972
        0.0000175775   0.0000110224   0.0000015330   0.0000131798   0.0000092644
       -0.0000002996   0.0000230195  -0.0000014457  -0.0000031798  -0.0000653065
        0.0000822770  -0.0000535486   0.0008380445  -0.0006777579  -0.0005020045
       -0.0001578012   0.0008720378  -0.0008371937   0.0000230974   0.0000292338
       -0.0000130587  -0.0000519614   0.0000653020  -0.0000761566  -0.0000277778
        0.0000004271   0.0000239899  -0.0008943426   0.0018847105  -0.0010255273
       -0.1116929658   0.0801351954   0.1158113844
