34
 energy: -49.104736967816 gnorm: 0.092846198251 xtb: 6.7.1 (edcfbbe)
C           -0.08220260360000        3.71959992900000       -0.91342627450000
C           -0.54658595130000        2.38525587100000       -0.37536764960000
N           -1.64899629040000        2.37161637370000        0.31464694610000
C           -2.18295949990000        1.17197403050000        0.80495693530000
C           -2.17141665800000        0.92677289270000        2.18029110060000
C           -2.71243917090000       -0.25263991680000        2.69605011810000
C           -3.28463480260000       -1.18908485210000        1.83633841090000
C           -3.32543221030000       -0.94121599060000        0.46494880900000
C           -2.78456832940000        0.24031584220000       -0.04646990520000
C            0.30691742010000        1.21675216700000       -0.70009190110000
C            0.50609033800000        0.86775167320000       -2.03608621580000
C            1.31867668620000       -0.22323197940000       -2.34837121630000
C            1.93970693020000       -0.96944057540000       -1.33259079900000
C            2.75794064620000       -2.07023703630000       -1.63189008120000
C            3.36850470500000       -2.80342897280000       -0.61295738900000
C            3.16896040680000       -2.44654045590000        0.71743286230000
C            2.35879213150000       -1.35492196200000        1.03322926540000
C            1.73796663440000       -0.60637806190000        0.02087046200000
C            0.92197181500000        0.49353453950000        0.32478715840000
H           -0.75129047460000        4.03350749870000       -1.71986369330000
H           -0.11596135620000        4.46498802320000       -0.11305767460000
H            0.94104256070000        3.66787269340000       -1.29508211580000
H           -1.73721502010000        1.66369443340000        2.84985518760000
H           -2.69267088650000       -0.43555074130000        3.76678756600000
H           -3.70794506200000       -2.10702151790000        2.23563222820000
H           -3.78227302090000       -1.66309414160000       -0.20633551260000
H           -2.83152360880000        0.43761172740000       -1.11317743230000
H            0.02623181570000        1.42821534090000       -2.83382053220000
H            1.46284203280000       -0.49133971480000       -3.39287720030000
H            2.92602199270000       -2.36686864890000       -2.66481682650000
H            3.99881108200000       -3.65407628700000       -0.85910654010000
H            3.64252746360000       -3.01831474290000        1.51132356600000
H            2.21250937770000       -1.09379708900000        2.07915451440000
H            0.76260090680000        0.78829586350000        1.35908382910000
34
 energy: -49.110204556589 gnorm: 0.035163309590 xtb: 6.7.1 (edcfbbe)
C           -0.09171880540877        3.71240912719870       -0.90720721890447
C           -0.54987984398447        2.38206980136390       -0.37294698548759
N           -1.62233200908253        2.34975199836021        0.31287256731899
C           -2.15632266010611        1.15679070366414        0.80262914415506
C           -2.16810223792779        0.92277864123547        2.17775569479636
C           -2.71766051574260       -0.24243503709863        2.68590293510757
C           -3.28622568963024       -1.17567503353451        1.83243731244920
C           -3.32511641047753       -0.92678130870412        0.46922301928962
C           -2.76731401533999        0.23242548713799       -0.04491493003637
C            0.30260586507895        1.21298845851255       -0.69122238970287
C            0.51485324266310        0.85839883747807       -2.03154917405165
C            1.31201386523306       -0.21864941291790       -2.34519593865770
C            1.93875055534516       -0.97159846861274       -1.33486292481025
C            2.76082272198934       -2.07432192428573       -1.62859604289687
C            3.36043477163074       -2.79357946180084       -0.61883828900862
C            3.15965801140480       -2.43526059865588        0.71600292492917
C            2.36158114392081       -1.35897351753112        1.03369410726084
C            1.73456873826319       -0.60662070249930        0.02384956956411
C            0.90628141196060        0.49053248008375        0.32057338774700
H           -0.75434870320996        4.03305070621673       -1.71040467317134
H           -0.13654310436699        4.46137079882294       -0.11801615222009
H            0.92669177384928        3.65266298437819       -1.28819371061743
H           -1.72618774669410        1.65275023385933        2.84345267950587
H           -2.69392734146064       -0.42639060366164        3.75182689750491
H           -3.70373384715970       -2.09210623781314        2.22929539498679
H           -3.77847104584942       -1.64586671750426       -0.20015731378778
H           -2.80809987998737        0.42802284869637       -1.10868113106036
H            0.03724223674821        1.42016954046602       -2.82298054274697
H            1.45972407456469       -0.48730451515056       -3.38318421482084
H            2.92472902187897       -2.36400784285256       -2.65841195498759
H            3.98954275760473       -3.63999264213438       -0.86162212371760
H            3.63264121141882       -3.00541833796412        1.50488364415984
H            2.21188755398016       -1.09382073674461        2.07224503270592
H            0.75195489879359        0.78320666469170        1.35034139920515
34
 energy: -49.111171845336 gnorm: 0.009051166601 xtb: 6.7.1 (edcfbbe)
C           -0.09862371079299        3.71237996662566       -0.90856663912537
C           -0.55087185033520        2.38555091872912       -0.37263038527982
N           -1.60611106098365        2.33351752999082        0.31855496467864
C           -2.14328706630856        1.14893918775334        0.80679192711525
C           -2.16139108740927        0.91736642773231        2.18164407481407
C           -2.71790790736693       -0.24112036512092        2.68446289067421
C           -3.29065521670948       -1.17092862039904        1.83277742023463
C           -3.31881701771144       -0.92339330352369        0.47123750248287
C           -2.75086525766229        0.22552066717113       -0.04298273903722
C            0.30656337410343        1.21780974803784       -0.68894584186516
C            0.52405241451305        0.85698365691855       -2.03349060895690
C            1.30892695674146       -0.21521231400047       -2.34575157242256
C            1.93639079438111       -0.97411931255609       -1.33653496098645
C            2.76218769557958       -2.07845134344633       -1.62678946640389
C            3.35649754934645       -2.78995302740195       -0.62206700855870
C            3.15328713770140       -2.42952046541190        0.71753660356658
C            2.35857550566948       -1.36313358619415        1.03384956186243
C            1.72869631809152       -0.60900296684054        0.02282799972888
C            0.89785713622573        0.49049345795822        0.31437185358625
H           -0.75923848504376        4.03029164158221       -1.71312322875365
H           -0.15581322852515        4.46274255570534       -0.12408244443147
H            0.91896119292771        3.65173905332112       -1.28550855771443
H           -1.71386256681076        1.64455061050457        2.84390659756341
H           -2.70449779895509       -0.41987974112671        3.74985073875026
H           -3.71750604976735       -2.08076914098175        2.22859375382816
H           -3.77933673511102       -1.63538653675314       -0.19848860354261
H           -2.77370121187705        0.41752799883045       -1.10685859549164
H            0.04767064101444        1.42490521267799       -2.81912279805054
H            1.46164572534959       -0.48965980831930       -3.37947215186694
H            2.92161313620348       -2.35862499826411       -2.65803768326524
H            3.98660355010454       -3.63487876139203       -0.85889640650900
H            3.62831149093177       -2.99991095981962        1.50239944704484
H            2.20394021286697       -1.08797036722767        2.06719381904914
H            0.74070541951824        0.77217319794084        1.34535053728199
34
 energy: -49.111376925213 gnorm: 0.005323486209 xtb: 6.7.1 (edcfbbe)
C           -0.10457412424835        3.71705668737033       -0.91235533023442
C           -0.54794825593139        2.38945920901024       -0.37424871584123
N           -1.59790076764004        2.32532704487119        0.32532534272349
C           -2.13277631373471        1.14306839300837        0.81218101066915
C           -2.15750338008529        0.91343005163808        2.18772253970363
C           -2.72447929564056       -0.24072427892775        2.68895096257022
C           -3.30054971825750       -1.16822680249285        1.83609515724985
C           -3.31758348990365       -0.92360305313126        0.47339032322322
C           -2.73724231025841        0.21941696922829       -0.04040974220251
C            0.31242690732151        1.22289317741613       -0.69213818936993
C            0.53230526421332        0.86166294300966       -2.03840659655228
C            1.31142632191134       -0.21374804467669       -2.34888432872199
C            1.93574648404947       -0.97539578110521       -1.33800106828644
C            2.76221162172400       -2.08086254160174       -1.62716638360841
C            3.35535257776750       -2.79124493675760       -0.62223385842962
C            3.15007495086952       -2.42978942445230        0.71899873182283
C            2.35413447069441       -1.36514475156673        1.03333743265380
C            1.72556742209950       -0.61106527505269        0.01988272573949
C            0.89536434913414        0.48980110320108        0.31005509188170
H           -0.76475892667218        4.02743132240232       -1.72070333908922
H           -0.17080191564221        4.46980235280870       -0.13051783326278
H            0.91439399149754        3.66111731990225       -1.28523672004636
H           -1.70692412059359        1.63947181905617        2.84904387092506
H           -2.71456962647340       -0.41920237667373        3.75462021245718
H           -3.73472627464620       -2.07463395204093        2.23115970165934
H           -3.77732286751446       -1.63455749722189       -0.19828518597083
H           -2.74840022126129        0.40967918417195       -1.10487319828963
H            0.05776057339672        1.43511060857994       -2.82150892574113
H            1.46598189735138       -0.49358349414407       -3.38120076905522
H            2.92027621581419       -2.35614674273339       -2.66022725818246
H            3.98787272881774       -3.63561675416792       -0.85460347908759
H            3.62732011813908       -3.00050470971611        1.50229517611630
H            2.19439946086076       -1.08476774342821        2.06485007702082
H            0.73544625274108        0.76466618691658        1.34309256555602
34
 energy: -49.111582653072 gnorm: 0.005691445108 xtb: 6.7.1 (edcfbbe)
C           -0.11847240288469        3.72531045783764       -0.92111566482624
C           -0.54034531084847        2.39449587398771       -0.37710614629151
N           -1.58028957083541        2.31247103965682        0.33962310592409
C           -2.11255731593641        1.13331742043417        0.82414693490879
C           -2.15173704714174        0.90646960381132        2.20095520693890
C           -2.73755458085923       -0.24043235473981        2.69930153226281
C           -3.31824227731844       -1.16340494051205        1.84324394366328
C           -3.31193950928022       -0.92586248549795        0.47816781412829
C           -2.71056668688114        0.20798923036532       -0.03338855789204
C            0.32378292916057        1.23069624114551       -0.70010591350524
C            0.55015975379171        0.87270528183040       -2.04824380424588
C            1.32025670468717       -0.21026811033338       -2.35574029235673
C            1.93601466701302       -0.97701439655356       -1.34139239689851
C            2.76259934710285       -2.08421106404834       -1.62907351611979
C            3.35369562967795       -2.79392127953816       -0.62229919977237
C            3.14386309369243       -2.43212616577542        0.72034249470929
C            2.34454234441549       -1.36930314247197        1.03153919598526
C            1.72082215992783       -0.61507824057930        0.01368083630124
C            0.89233680730613        0.48751707153687        0.30258597961998
H           -0.77754468320115        4.01659803556288       -1.73877906460515
H           -0.20524768768960        4.48438186808726       -0.14612363072571
H            0.90470241001792        3.68448811791628       -1.28481142888180
H           -1.69819348014834        1.63029667604981        2.86282638871196
H           -2.74058842723452       -0.41644045012569        3.76616725133187
H           -3.77390013302950       -2.06011591584512        2.23752526268578
H           -3.77108231316349       -1.63477618507358       -0.19699576868137
H           -2.70060122359656        0.39387023579908       -1.09898750958719
H            0.08278498108518        1.45691459837838       -2.82856878113238
H            1.47827096437255       -0.49684372221703       -3.38644883430159
H            2.91999976312511       -2.35402141249561       -2.66430900478403
H            3.98936535458922       -3.63828981573344       -0.84738260196750
H            3.62307636810636       -3.00434667711321        1.50176084859422
H            2.17570541835108       -1.08319185386044        2.06071643251896
H            0.72688395352628        0.75270267281510        1.33828888829039
34
 energy: -49.111688165317 gnorm: 0.006363109403 xtb: 6.7.1 (edcfbbe)
C           -0.12957525318052        3.72837861918495       -0.92766129303316
C           -0.53523465224588        2.39496598348088       -0.37855992770107
N           -1.56751500728181        2.30599530744619        0.34959676006437
C           -2.09935999079921        1.12802073730771        0.83335447797648
C           -2.15050095689474        0.90349041992146        2.21073565922799
C           -2.74872399431448       -0.23821645686881        2.70714568750256
C           -3.32984661110121       -1.15883041106662        1.84861708089764
C           -3.30683969402055       -0.92712878088909        0.48240379627672
C           -2.69256323072063        0.20089400932984       -0.02680217906820
C            0.33092286170518        1.23408909423624       -0.70604586026313
C            0.56387517564118        0.88068152725671       -2.05429360707751
C            1.33001268797484       -0.20612312093103       -2.36053103592925
C            1.93821821754138       -0.97708170310759       -1.34446487559173
C            2.76380707772779       -2.08549340950797       -1.63118630155089
C            3.35206564457046       -2.79601309169902       -0.62278870109388
C            3.13865085960862       -2.43535779902949        0.71978466291950
C            2.33774318617903       -1.37298978873243        1.02961689486166
C            1.71886644183573       -0.61751895582267        0.00957802288456
C            0.89140799350720        0.48568551456508        0.29792813898923
H           -0.78660745082317        4.00304468298604       -1.75342806003113
H           -0.23454032223036        4.49235931601191       -0.15902020463275
H            0.89742813052729        3.70188727528523       -1.28322734965354
H           -1.69709232022737        1.62565670661815        2.87466127139967
H           -2.76175616717029       -0.41214794437140        3.77458330297465
H           -3.79864955080397       -2.04948834487776        2.24186711471461
H           -3.76329841099784       -1.63588094343066       -0.19504840520056
H           -2.66990969760132        0.38293821899146       -1.09291974244244
H            0.10366159305934        1.47089216251540       -2.83454046202206
H            1.49135060730426       -0.49265413879929       -3.39091436748528
H            2.92302241115618       -2.35436354354234       -2.66651251364211
H            3.98896484355896       -3.64039804413969       -0.84488456629653
H            3.61693826851046       -3.00886832149333        1.50101855352259
H            2.16384785420084       -1.08698693688908        2.05805398403025
H            0.72122945570451        0.74713837276176        1.33388404447286
34
 energy: -49.111866899899 gnorm: 0.005506256461 xtb: 6.7.1 (edcfbbe)
C           -0.14801787915152        3.72957660639195       -0.93835336757658
C           -0.52880073505083        2.39244175302716       -0.38045333735371
N           -1.54793447117664        2.29924470826674        0.36606403346793
C           -2.08095270478920        1.12237294172189        0.84942832807882
C           -2.15232901758965        0.90190952993286        2.22701556503495
C           -2.76735337237860       -0.23248929950477        2.71984268319685
C           -3.34508914175035       -1.15097816037192        1.85702794175019
C           -3.29651658778396       -0.92845201259312        0.48988031940772
C           -2.66520530360428        0.19177024521712       -0.01443678326135
C            0.33976772055935        1.23688634452384       -0.71567806472255
C            0.58571345993968        0.89284811125575       -2.06287740437479
C            1.34919678664629       -0.19741251268549       -2.36798577566493
C            1.94420877479917       -0.97587786075361       -1.35024541979625
C            2.76744770861222       -2.08613014634530       -1.63522357465664
C            3.34945414531470       -2.79948013608242       -0.62413017302488
C            3.12942426894069       -2.44226072732180        0.71743727079317
C            2.32674252775211       -1.37996899274229        1.02579007910968
C            1.71685652691610       -0.62104469609082        0.00341386798565
C            0.89001250833412        0.48211609124357        0.29074801359760
H           -0.79818332220074        3.97452273871544       -1.77996463181878
H           -0.28736928445910        4.50124963093320       -0.18180083752468
H            0.88615183260845        3.72830871460733       -1.27705189617732
H           -1.70200240947392        1.62162316673386        2.89594836079948
H           -2.79786379566102       -0.40218879871107        3.78784419754738
H           -3.83187529037809       -2.03320686593292        2.24778859796419
H           -3.74679410517767       -1.63783283589239       -0.19114972381898
H           -2.62432442191581        0.36714901188085       -1.08107638955639
H            0.13835603931134        1.49013592755824       -2.84508248993760
H            1.51746120056089       -0.47847356578952       -3.39872460332420
H            2.93229454628206       -2.35599327255517       -2.66931804677687
H            3.98685427253779       -3.64409204606260       -0.84415221875727
H            3.60329578124434       -3.01801357908153        1.49986983027411
H            2.14625570850458       -1.09828746199285        2.05405140923381
H            0.71111803357739        0.74060366120096        1.32555423988243
34
 energy: -49.112051873066 gnorm: 0.005475197888 xtb: 6.7.1 (edcfbbe)
C           -0.17172098719860        3.72709383046269       -0.95281269734879
C           -0.52399879240192        2.38714002375625       -0.38202654059150
N           -1.52631600363385        2.29343093990330        0.38700642535253
C           -2.06127822073126        1.11738289640164        0.87052932448913
C           -2.15887740482033        0.90375368928465        2.24773465412082
C           -2.79192183009485       -0.22261806106537        2.73583241051394
C           -3.36148230928856       -1.14103442433213        1.86802222395570
C           -3.28208297399148       -0.92981057856539        0.50046040313261
C           -2.63270751897435        0.18204989547771        0.00232648731905
C            0.34792730756523        1.23864928430093       -0.72630623749656
C            0.61280425277200        0.90766372202601       -2.07174319751709
C            1.37764501609159       -0.18274060249263       -2.37638639125004
C            1.95602515257723       -0.97192823625106       -1.35813137372099
C            2.77548132105495       -2.08486177329127       -1.64081687862729
C            3.34619031954913       -2.80489171558336       -0.62716104215034
C            3.11679146145606       -2.45359267878716        0.71310965104443
C            2.31421078446371       -1.39024527804295        1.02013133083028
C            1.71670784571982       -0.62448122363507       -0.00372121435993
C            0.88880076137742        0.47740812489820        0.28196675117900
H           -0.80806567091542        3.93299267220411       -1.81686030515072
H           -0.35811755099996        4.50765062970354       -0.21417095209639
H            0.87121166151672        3.75649322846412       -1.26618212534907
H           -1.71591100670656        1.62206672090982        2.92326629229746
H           -2.84519138500974       -0.38546353089229        3.80412252365165
H           -3.86636164898397       -2.01455571711845        2.25509627265362
H           -3.72351706270448       -1.64060671778868       -0.18468365886092
H           -2.57065846104664        0.34915121779456       -1.06470047013011
H            0.18084003475128        1.51116596808586       -2.85746232927242
H            1.55718417648479       -0.45257519432914       -3.40811196162368
H            2.94931122773143       -2.35576051826993       -2.67296528966560
H            3.98149183891494       -3.65095939379039       -0.84724653393753
H            3.58144367253102       -3.03344594661057        1.49808546255493
H            2.12628046236963       -1.11658751508942        2.04889551762334
H            0.69786153047487        0.73264247496368        1.31490346843073
34
 energy: -49.112196434561 gnorm: 0.004837724317 xtb: 6.7.1 (edcfbbe)
C           -0.18902561946632        3.72113005140683       -0.96469997114227
C           -0.52435063841265        2.38165176883907       -0.38290218744072
N           -1.51438739575237        2.29135444788042        0.40163041097123
C           -2.05088509057240        1.11586352047847        0.88649723638016
C           -2.16857650966216        0.90984841466842        2.26291279298054
C           -2.81120522652178       -0.21209346056774        2.74761217094201
C           -3.37039128623530       -1.13385596515435        1.87688080794118
C           -3.26991116253764       -0.93120943617073        0.50988097676342
C           -2.61086802252886        0.17595821821491        0.01580265280095
C            0.35043247258335        1.23822939297974       -0.73225902943675
C            0.63206012137234        0.91841757202135       -2.07629068751658
C            1.40268860562592       -0.16806509820688       -2.38130657417768
C            1.96921849411354       -0.96621214713883       -1.36418809043297
C            2.78585408223792       -2.08097912229336       -1.64548424597993
C            3.34439003927773       -2.80973927154228       -0.63095947931113
C            3.10616771588177       -2.46488481478644        0.70864238051343
C            2.30553461740288       -1.39975181087352        1.01507760402795
C            1.71836045195416       -0.62642137903414       -0.00854358458408
C            0.88716990438230        0.47276686994608        0.27583399048353
H           -0.80934870486298        3.89874949992031       -1.84612986747322
H           -0.41125830998147        4.50608569513645       -0.24210289995637
H            0.85899232602159        3.77095887986190       -1.25627143509041
H           -1.73441559878462        1.62965836097619        2.94255359918971
H           -2.88173467155996       -0.36800746105080        3.81566363547992
H           -3.88428412973487       -2.00278471188374        2.26099724055465
H           -3.70327300212002       -1.64434337846234       -0.17767425602640
H           -2.53437156829717        0.33671237006698       -1.05112015077578
H            0.20991848962441        1.52466035043580       -2.86475044243798
H            1.59386429375496       -0.42620026845885       -3.41392300820010
H            2.96856104490630       -2.35014936784932       -2.67645474885975
H            3.97596981118062       -3.65796009403900       -0.85306757028929
H            3.56063377612103       -3.04964556642978        1.49593204127009
H            2.11187765596980       -1.13366532835819        2.04462282441756
H            0.68659303451983        0.72449948216975        1.30758786441542
34
 energy: -49.112345089790 gnorm: 0.004350147210 xtb: 6.7.1 (edcfbbe)
C           -0.20280991557534        3.71307190676668       -0.97649272395004
C           -0.52778552823439        2.37645816723304       -0.38343482294217
N           -1.50863225404279        2.29081219030753        0.41222051976530
C           -2.04581528432081        1.11633704462899        0.89985849278611
C           -2.18198398615675        0.92035087655527        2.27548816197289
C           -2.82943175180512       -0.19932864911123        2.75812044715321
C           -3.37540156595364       -1.12800379022970        1.88618969888135
C           -3.25732453140756       -0.93385991801793        0.51989078396812
C           -2.59301319543449        0.17061631252113        0.02782009132446
C            0.35008590182363        1.23675242623163       -0.73467886059981
C            0.64779389910116        0.92790747076369       -2.07790697038387
C            1.42720637717345       -0.15173757364846       -2.38387571612917
C            1.98439078203843       -0.95865919613502       -1.36908771261641
C            2.79967424160434       -2.07410912104010       -1.65019293637008
C            3.34384329162730       -2.81439210970096       -0.63638897542503
C            3.09540662337907       -2.47781448559010        0.70336177718631
C            2.29770796084631       -1.41080889747712        1.00996986895958
C            1.72048135983459       -0.62849705725395       -0.01224055195211
C            0.88405137087095        0.46657636862340        0.27147498510560
H           -0.80160894215035        3.86391042201147       -1.87699279477580
H           -0.46121823816784        4.50192731828979       -0.27196527759334
H            0.85021051155925        3.77864531395321       -1.24238757516313
H           -1.75862760580075        1.64497934581193        2.95665619120261
H           -2.91503059956001       -0.34726229044249        3.82569416862295
H           -3.89297796243062       -1.99493393764970        2.26835929925466
H           -3.68196100314078       -1.65077580640291       -0.16891928472393
H           -2.50401353585355        0.32558744902221       -1.03880962651164
H            0.23144625046670        1.53586672245218       -2.86769598219299
H            1.63148160358758       -0.39791128080219       -3.41691351062230
H            2.99219162635610       -2.33683519538222       -2.68109397214198
H            3.97086790396077       -3.66516898446486       -0.86137420422957
H            3.53843081335870       -3.06935158233707        1.49203336602378
H            2.09789578490056       -1.15179027374674        2.04019103663322
H            0.67446959744582        0.71201702696359        1.30312260948364
34
 energy: -49.112505527705 gnorm: 0.004734508452 xtb: 6.7.1 (edcfbbe)
C           -0.21368317626804        3.70418618697176       -0.98904500292634
C           -0.53232264328826        2.37183174804525       -0.38385018619702
N           -1.50748110855600        2.29094524925003        0.41899256450875
C           -2.04488456031933        1.11829013056150        0.91073842045295
C           -2.19914849020689        0.93501699702076        2.28588077900676
C           -2.84783277394140       -0.18392373721512        2.76845563528793
C           -3.37739292408988       -1.12313148765400        1.89714219562341
C           -3.24317494197472       -0.93895100279860        0.53114970176737
C           -2.57735791852983        0.16445591041657        0.03876521993864
C            0.34893681751911        1.23464395730049       -0.73415677558272
C            0.66192264160819        0.93740434895435       -2.07722616707262
C            1.45142687239271       -0.13392802087949       -2.38467795225232
C            2.00054677261715       -0.94978772008632       -1.37275243156003
C            2.81665800530986       -2.06418024836866       -1.65532530441820
C            3.34467507385852       -2.81841742458989       -0.64365122812109
C            3.08374678879083       -2.49282979760940        0.69693493182598
C            2.28865092651656       -1.42465577921783        1.00484472141573
C            1.72168429451499       -0.63194076152417       -0.01518214359931
C            0.87899369395074        0.45810393002848        0.26905041485880
H           -0.78410835098169        3.82609663447821       -1.91256389439573
H           -0.51295801877283        4.49839671526374       -0.30702815696676
H            0.84620723357510        3.78519232562815       -1.22156201697009
H           -1.78891301233607        1.66810982754577        2.96589665176809
H           -2.94829753586913       -0.32221814144860        3.83577666713474
H           -3.89523662253035       -1.98974796873477        2.27917499780905
H           -3.65722925205182       -1.66203717715619       -0.15767552445307
H           -2.47624801008421        0.31302611034030       -1.02763127186839
H            0.24875771858675        1.54801693937796       -2.86660484151168
H            1.66957183578412       -0.36850327367836       -3.41757110226797
H            3.02032657065750       -2.31534954214044       -2.68721028000678
H            3.96784233315453       -3.67122259396672       -0.87156244951294
H            3.51479845054826       -3.09334643292515        1.48537527221310
H            2.08100569927526       -1.17283285230266        2.03553509232355
H            0.66051761104019        0.69386316381666        1.30156346374873
34
 energy: -49.112680174057 gnorm: 0.004656208197 xtb: 6.7.1 (edcfbbe)
C           -0.21776791997302        3.69480708192201       -0.99938676902386
C           -0.53843841329717        2.36783432322979       -0.38482718099162
N           -1.51457786370498        2.29301025806439        0.41728655947649
C           -2.05190151904084        1.12276964885368        0.91489597596101
C           -2.22015847424170        0.95421525639288        2.28992235154998
C           -2.86357117634728       -0.16623743370608        2.77637170031336
C           -3.37376692268810       -1.12034509730947        1.90902897074530
C           -3.22925869226930       -0.94741701683752        0.54291279198952
C           -2.56922873570649        0.15780051150401        0.04627061035074
C            0.34593719409120        1.23114968081552       -0.73005186596039
C            0.67128628291578        0.94503506927384       -2.07338028382566
C            1.47154904350390       -0.11706149275525       -2.38290450408692
C            2.01519709296507       -0.94037697215942       -1.37398624896059
C            2.83562117609353       -2.05084529070974       -1.66010536106973
C            3.34815640511903       -2.81973870876214       -0.65211618362423
C            3.07267458785837       -2.50809766216375        0.68961887813161
C            2.27826639591144       -1.44053054795665        1.00051097846924
C            1.72085042417172       -0.63679044256350       -0.01643934611405
C            0.87158851106535        0.44788917360448        0.26988211229849
H           -0.75481828079492        3.79454390120826       -1.94343268830627
H           -0.55125531840636        4.49222112944070       -0.34150720799645
H            0.84746783148017        3.78709656044719       -1.19691041614861
H           -1.82477099435288        1.69986148885493        2.96509859287711
H           -2.97515999217653       -0.29389195244969        3.84358609504399
H           -3.88496568217648       -1.98956798907842        2.29410297802942
H           -3.63065839263270       -1.68037736991863       -0.14327542116650
H           -2.45990145336330        0.29910685473194       -1.02002414332505
H            0.25835602606415        1.55891120035294       -2.86055051963993
H            1.70245302243874       -0.34121627877317       -3.41517640931103
H            3.05132846256922       -2.28639625301373       -2.69354932052452
H            3.96996602968980       -3.67273339254779       -0.88295443647383
H            3.49265127009507       -3.11922050306416        1.47576559348799
H            2.06140313755928       -1.19694988617719        2.03159357064034
H            0.64544693748023        0.67211836395399        1.30373054718527
34
 energy: -49.112827714914 gnorm: 0.007899723945 xtb: 6.7.1 (edcfbbe)
C           -0.22305524438938        3.68684284367757       -1.01177193132064
C           -0.54205604568494        2.36449593423907       -0.38586630677911
N           -1.52097525088019        2.29354464311438        0.41436167372798
C           -2.05788343797104        1.12683874782478        0.91904426568194
C           -2.24503280289777        0.97682270779303        2.29440858080928
C           -2.88384542615654       -0.14402085466821        2.78725673880655
C           -3.37092965930162       -1.11608171175900        1.92578069902925
C           -3.21047890633207       -0.95956342401680        0.55859583101436
C           -2.55523832659071        0.14629535692004        0.05541281115168
C            0.34618920077247        1.22871703457382       -0.72580106262968
C            0.68644273533445        0.95696053860672       -2.06967257434448
C            1.49513399342485       -0.09720435726093       -2.38174596863860
C            2.02996180841552       -0.93036394312676       -1.37541025243753
C            2.85674681078427       -2.03535144693290       -1.66622333614733
C            3.35252710108718       -2.82016329225820       -0.66267598472094
C            3.05791675638930       -2.52677713711901        0.68017416888982
C            2.26125969545676       -1.46237334118334        0.99514713882804
C            1.71656220049984       -0.64498879944313       -0.01863828455524
C            0.86140514412197        0.43465890103616        0.27092523835826
H           -0.71278007706479        3.74817954197242       -1.99067613036010
H           -0.61435396792624        4.49436739477920       -0.38888048728449
H            0.85334351024065        3.79946396815790       -1.15438780884527
H           -1.86690036696751        1.73746197776895        2.96308746824019
H           -3.01013654781767       -0.25818374498807        3.85477089705683
H           -3.87643393350061       -1.98695560348585        2.31621057806231
H           -3.59539173897377       -1.70571379611594       -0.12348681731627
H           -2.43309447421454        0.27646512840166       -1.01135013841192
H            0.27623368410391        1.57753019010384       -2.85349300769502
H            1.74006031766209       -0.31010289760090       -3.41320191874377
H            3.08693987350937       -2.25205078426380       -2.70102945781470
H            3.97621187007425       -3.67119715023059       -0.89559854268078
H            3.46613172570393       -3.15087643960875        1.46236504845136
H            2.03084023937525       -1.23008465949383        2.02632904414134
H            0.62467953961339        0.64398468729159        1.30603982847740
34
 energy: -49.112999589988 gnorm: 0.004069943565 xtb: 6.7.1 (edcfbbe)
C           -0.21774741559043        3.68322550611052       -1.01430020988320
C           -0.54562909167775        2.36303667113633       -0.38887537101007
N           -1.53376885974045        2.29484699026674        0.40152221454227
C           -2.06965112862110        1.13045157753713        0.91216333246672
C           -2.26282969979946        0.99355303124502        2.28820589965182
C           -2.89233041760218       -0.12867325021948        2.79084319175904
C           -3.36378550722215       -1.11561778376717        1.93780202232042
C           -3.20023306497983       -0.97141055368015        0.56927743114440
C           -2.55522262346723        0.13679400039030        0.05654549651653
C            0.34445205003456        1.22600988016231       -0.72203889775680
C            0.69140369730819        0.96205592901353       -2.06612066115019
C            1.50430688641345       -0.08783887766567       -2.37970618509163
C            2.03527623410781       -0.92489792599947       -1.37415431958523
C            2.87019436393492       -2.02323570353964       -1.66880550670266
C            3.35910320591218       -2.81567045687744       -0.66874149656140
C            3.04998639789546       -2.53625960911777        0.67421343842222
C            2.24715949000896       -1.47743032532111        0.99265615000678
C            1.70976058051017       -0.65180807174922       -0.01884053907712
C            0.85179350743735        0.42558758771242        0.27348419594984
H           -0.67933699361745        3.73776638269289       -2.00205676786257
H           -0.62440554860620        4.48992052455839       -0.40949248557542
H            0.85861884498901        3.80130798512026       -1.13190769915235
H           -1.89633741896498        1.76685144253404        2.94890881518627
H           -3.02331520392029       -0.23286942197848        3.85903358723037
H           -3.85987254302704       -1.98917218559463        2.33622169011381
H           -3.57373970696119       -1.72962296462614       -0.10609549340168
H           -2.42989978415911        0.25756504982175       -1.01112694927290
H            0.28273081513137        1.58756811100144       -2.84709075534324
H            1.75613867918872       -0.29510718922519       -3.41045866898962
H            3.11022482282994       -2.22714661018361       -2.70375763023186
H            3.98935440978102       -3.66176045375481       -0.90226080329894
H            3.45277490803253       -3.16854174992359        1.45244006899976
H            2.00592413332065       -1.25492401014397        2.02371184311631
H            0.60890198102067        0.62602268677016        1.30880106252109
34
 energy: -49.113140125093 gnorm: 0.004367630712 xtb: 6.7.1 (edcfbbe)
C           -0.21538079561681        3.68040357764897       -1.01773490307209
C           -0.54824236806562        2.36113636422275       -0.39283615116410
N           -1.54510540110549        2.29419652745264        0.38760232908502
C           -2.07960273072462        1.13266395923932        0.90562705104088
C           -2.28375548935639        1.01354827536818        2.28215758102720
C           -2.90465294987592       -0.10799669648797        2.79699942413786
C           -3.35675630789616       -1.11291097913185        1.95480395713366
C           -3.18548454982575       -0.98638740127776        0.58536993941876
C           -2.54920691222208        0.12156168542870        0.06106130528160
C            0.34428124624481        1.22433258889474       -0.72079075897599
C            0.70362170521068        0.97193284976457       -2.06431544470701
C            1.51997046167154       -0.07468548338292       -2.37950604734897
C            2.04176081644735       -0.91886785327180       -1.37471834544411
C            2.88609466050987       -2.00954093031489       -1.67235762554187
C            3.36683541824513       -2.81043065385577       -0.67513818155437
C            3.03686928120430       -2.54940534983894        0.66681290168583
C            2.22447159172273       -1.49840163910160        0.98779246009219
C            1.69888088525235       -0.66171062877139       -0.02141654879692
C            0.83862974508567        0.41394394794061        0.27332161091890
H           -0.63560427070415        3.71702245389443       -2.02466882059082
H           -0.65697919723838        4.48767442995892       -0.43862949740572
H            0.86418417287950        3.81305221036010       -1.09307908961793
H           -1.93116913922851        1.80092311928371        2.93376647495704
H           -3.04312788162457       -0.19849973933735        3.86566478093495
H           -3.84487869455880       -1.98686040647451        2.36287973367583
H           -3.54431150667550       -1.75957257084529       -0.08102865119413
H           -2.41747124411316        0.22790790885967       -1.00740040584187
H            0.30230258228271        1.60493748512164       -2.84304746021370
H            1.78190300416441       -0.27341001844826       -3.40964925230814
H            3.14029618879226       -2.19945994901693       -2.70637845503674
H            4.00715532006847       -3.64924374527761       -0.90843237937041
H            3.43248974466230       -3.19070672026735        1.44134400435181
H            1.96730438595525       -1.29039792759651        2.01816920618559
H            0.58467822833278        0.60382752196615        1.30775525825871
34
 energy: -49.113293530803 gnorm: 0.004277919015 xtb: 6.7.1 (edcfbbe)
C           -0.21390838836928        3.68179874259889       -1.01722872479347
C           -0.54978587859404        2.35944968869224       -0.40007454762893
N           -1.55435942396452        2.28963274071760        0.37064599271219
C           -2.08642843921427        1.13084641714469        0.89638406854986
C           -2.30255163809444        1.03247238548220        2.27322510014572
C           -2.91681721694373       -0.08508783266277        2.80381018723939
C           -3.35131014566243       -1.10839535121746        1.97603384094294
C           -3.16895602845426       -1.00442506607405        0.60569158344737
C           -2.53897237440420        0.09976872138105        0.06672897419075
C            0.34541252001168        1.22434997968075       -0.72549725089566
C            0.72143703564347        0.98444191407503       -2.06682938766855
C            1.53825657658138       -0.06190994457645       -2.38217800111539
C            2.04596365227790       -0.91500895005088       -1.37756196826229
C            2.90128436392310       -1.99710712925164       -1.67498873321896
C            3.37632013811699       -2.80278322826267       -0.67859130021380
C            3.02038381740183       -2.56179249636172        0.65999645555825
C            2.19307414091605       -1.52190938680193        0.98034131601039
C            1.68237094400455       -0.67415117736041       -0.02739353503376
C            0.82138930978059        0.40138934771762        0.26766007433874
H           -0.58905154849768        3.70485479497183       -2.04062876175485
H           -0.69182073740285        4.48466238551294       -0.46245898428422
H            0.86526365341531        3.83250588844806       -1.04768646267141
H           -1.96336630416714        1.83369713624420        2.91428227149153
H           -3.06339973925075       -0.15843850058094        3.87303093865719
H           -3.83442143634239       -1.97922731136489        2.39618648123673
H           -3.51298137514810       -1.79381165405358       -0.04861905193672
H           -2.39874836503013        0.18641177445022       -1.00282118826316
H            0.33433436878504        1.62639401657716       -2.84495842527132
H            1.81148769228275       -0.25141297979475       -3.41134975272799
H            3.17295967888095       -2.17516223492965       -2.70612621372239
H            4.03172487529327       -3.63097093912292       -0.90933827990256
H            3.40868490891355       -3.21012770539710        1.43234521330473
H            1.91481845727217       -1.33195021848926        2.00854638411806
H            0.55171290593987        0.58157238536593        1.29942168742268
34
 energy: -49.113389011011 gnorm: 0.004925439480 xtb: 6.7.1 (edcfbbe)
C           -0.21609811065939        3.68365152813487       -1.01654473767865
C           -0.55242950642693        2.35710432987527       -0.40826319133095
N           -1.56045398677133        2.28362270314344        0.35716926792616
C           -2.09012961382718        1.12712261418805        0.88987796643218
C           -2.31795633296643        1.04956706195109        2.26632105840371
C           -2.92818380167419       -0.06308553580016        2.81101387970442
C           -3.34680662064245       -1.10391205937887        1.99684711394389
C           -3.15289989385140       -1.02159802983661        0.62675588292207
C           -2.52655115854069        0.07779102917815        0.07452990221135
C            0.34591439798588        1.22486055958106       -0.73362015574202
C            0.74093304216276        0.99720049289376       -2.07153417905754
C            1.55934210769645       -0.04861874667667       -2.38602283066050
C            2.05203724430784       -0.91144234780052       -1.38255482023935
C            2.91715581968868       -1.98610998436021       -1.67712684560822
C            3.38407949225665       -2.79680311442830       -0.67986765109088
C            3.00198356213096       -2.57406601430966        0.65431396704313
C            2.16141215074465       -1.54353649767187        0.97117983745197
C            1.66668255209829       -0.68535465998882       -0.03548883780211
C            0.80403016628833        0.38935934119324        0.25785046216936
H           -0.54420761579806        3.69606142174179       -2.05816519368665
H           -0.73177071118598        4.47934904199699       -0.48347400403985
H            0.86239324093180        3.85302301494870       -0.99974203738450
H           -1.99094227861522        1.86384668997384        2.89741870031413
H           -3.08334243704464       -0.11875750307360        3.88022334342972
H           -3.82809445877139       -1.97033126060378        2.42739235179696
H           -3.48354004080995       -1.82577855204456       -0.01620339359808
H           -2.37779070140402        0.14532419747740       -0.99515124276183
H            0.36946131950413        1.64715729246288       -2.85021888301701
H            1.84573969290329       -0.22793947918214       -3.41370400291356
H            3.20709550881391       -2.15407000102562       -2.70511296188312
H            4.05221267848969       -3.61555991336458       -0.90767743166860
H            3.38094722160567       -3.22807321302580        1.42687088221157
H            1.86208588373581       -1.37006370290582        1.99618009360018
H            0.51769118754474        0.56063550944534        1.28652769060392
34
 energy: -49.113417652359 gnorm: 0.005327760652 xtb: 6.7.1 (edcfbbe)
C           -0.21895329417585        3.69009249357381       -1.01032717361889
C           -0.55295304634788        2.35581783596929       -0.41662616053322
N           -1.55951607150297        2.27523601054060        0.34861625986698
C           -2.08736203606883        1.11941145530615        0.88417099216873
C           -2.31934649543644        1.05406068362751        2.25982849005862
C           -2.93072387893377       -0.05240158113729        2.81402324641664
C           -3.34686332423032       -1.10033009566615        2.00993666835159
C           -3.14602293854541       -1.03181304944108        0.64101559588189
C           -2.51776893502704        0.06122628550307        0.07960467262696
C            0.34682109075185        1.22677176091913       -0.74678068070054
C            0.75575388285266        1.00468264292467       -2.08024758565807
C            1.57262251198956       -0.04394194582273       -2.39154763119158
C            2.05339194002306       -0.91284553907559       -1.38854339737976
C            2.92403611841597       -1.98404438849963       -1.67565886356768
C            3.38828362933242       -2.79250828058207       -0.67451224857757
C            2.98907850333719       -2.57768030315487        0.65387308083620
C            2.13804430294794       -1.55346186905965        0.96304801936254
C            1.65435630786500       -0.69181288945949       -0.04456596966524
C            0.79179466539294        0.38352467459876        0.24384601163551
H           -0.52690133174424        3.71176379446869       -2.05098654327541
H           -0.74597930535225        4.47415895918600       -0.48033157751581
H            0.85177549437267        3.86883539518676       -0.97476722604432
H           -1.99415602053728        1.87288022067291        2.88411821610905
H           -3.08819966442041       -0.09697030361278        3.88253761391416
H           -3.83129381440371       -1.96076653450646        2.44690946977418
H           -3.47246459168987       -1.84282794274005        0.00654959549693
H           -2.36457420733030        0.11541899510645       -0.98951589548897
H            0.39891192864695        1.65901076486534       -2.86141968674011
H            1.86737754606629       -0.21815351859771       -3.41740379583342
H            3.22548289787092       -2.15167902281503       -2.69960573247741
H            4.06572492181162       -3.60436856944321       -0.89761370424159
H            3.36266713263417       -3.23042551886570        1.42992994508176
H            1.82381692180322       -1.38878922246878        1.98364025226162
H            0.49313915953241        0.55250481520788        1.26880574266765
34
 energy: -49.113476242021 gnorm: 0.002964199766 xtb: 6.7.1 (edcfbbe)
C           -0.22345007708617        3.68795340088962       -1.01382001569246
C           -0.55618460181296        2.35311628667590       -0.42135656880864
N           -1.56129968879231        2.27244732576376        0.34590418470413
C           -2.08819365531870        1.11813282935349        0.88551540778235
C           -2.32881190296391        1.06420375470457        2.26103025419386
C           -2.93945959240531       -0.04043670565291        2.81995817890963
C           -3.34667064208173       -1.09725874068944        2.02088025345078
C           -3.13611591784590       -1.03979427880708        0.65197024667948
C           -2.50900487370568        0.05186027427943        0.08553752599645
C            0.34632880679110        1.22597164858262       -0.75098343021748
C            0.76696372471613        1.01149008808091       -2.08267710174923
C            1.58851553123056       -0.03357218036966       -2.39318096920346
C            2.06175615876074       -0.90867948407609       -1.39173901401597
C            2.93578573686883       -1.97755912101358       -1.67718412223198
C            3.39023307750690       -2.79237788781339       -0.67646774528951
C            2.97811566796573       -2.58625984536788        0.65025970649494
C            2.12457125559110       -1.56383448305271        0.95780735131361
C            1.65016391867055       -0.69582997205805       -0.04911757404181
C            0.78407429501867        0.37668921830722        0.23796035817936
H           -0.50571115938475        3.70162391972974       -2.06629231757422
H           -0.77628003930861        4.46961386526187       -0.49738957175193
H            0.84829537144083        3.87844046550482       -0.94951435631966
H           -2.01037710130805        1.89047769488618        2.88046782516105
H           -3.10436759890586       -0.07588008939712        3.88822494320001
H           -3.82984117397284       -1.95688982624929        2.46123131146183
H           -3.45534367587525       -1.85764798563716        0.02117588284861
H           -2.34842977675916        0.09782581958826       -0.98347693870313
H            0.41486928561647        1.66892379650190       -2.86340061974561
H            1.89298709613296       -0.20111320390620       -3.41763153193797
H            3.24682951037577       -2.13800615539756       -2.70030523055836
H            4.06868268889753       -3.60309537289510       -0.89911290862715
H            3.34355049440163       -3.24380184203722        1.42666461769497
H            1.80016692648248       -1.40502639517604        1.97674094141906
H            0.47765193095952        0.53886939419550        1.26232102697994
34
 energy: -49.113495959494 gnorm: 0.002080022625 xtb: 6.7.1 (edcfbbe)
C           -0.22597702499900        3.68597989787657       -1.01598811380908
C           -0.55769549195056        2.35194135362819       -0.42165947535130
N           -1.56108632973508        2.27267605603266        0.34816849226142
C           -2.08824097173756        1.11853177925367        0.88811958446562
C           -2.32866861306215        1.06422031780357        2.26329745108870
C           -2.93980080300410       -0.04095893766497        2.82069010980200
C           -3.34688793448200       -1.09741905788911        2.02049933224976
C           -3.13679481897704       -1.03866660901686        0.65235478635015
C           -2.50972019749889        0.05377410500943        0.08689951050379
C            0.34563110726088        1.22520498009287       -0.75125060122516
C            0.76747279721091        1.01144412977853       -2.08257569016836
C            1.59228593297700       -0.03111826769556       -2.39257875574585
C            2.06558952819285       -0.90690492247215       -1.39188687365751
C            2.93845199854144       -1.97694752209466       -1.67687413915077
C            3.38842707801725       -2.79473537811521       -0.67683170928674
C            2.97706743212753       -2.58757200789738        0.64991089241751
C            2.12658773510945       -1.56276891546279        0.95736291907115
C            1.65311898463906       -0.69426257102058       -0.04947983444640
C            0.78525044195371        0.37661936077322        0.23711532214108
H           -0.50827760077997        3.69996974446506       -2.06961588536217
H           -0.77798100044590        4.46739860305294       -0.49974946629538
H            0.84503888468012        3.87555824534574       -0.95073946100454
H           -2.00999798660963        1.89070552894509        2.88261858458183
H           -3.10609468076986       -0.07669106371136        3.88857573657729
H           -3.83039764664019       -1.95768489298761        2.45977799190940
H           -3.45678816563047       -1.85562628518676        0.02057207308478
H           -2.34922456524392        0.10165502078921       -0.98143619413699
H            0.41334385962214        1.66833756480934       -2.86288900490342
H            1.89943169358775       -0.19723084744119       -3.41637272814693
H            3.24972970001032       -2.13650162294671       -2.70015278896021
H            4.06342369896283       -3.60804368158856       -0.90016682562094
H            3.34023941759210       -3.24614926612157        1.42637660145687
H            1.80273601386352       -1.40176299043804        1.97603244499255
H            0.47980752711777        0.53760436480427        1.26187571431938
34
 energy: -49.113517125235 gnorm: 0.001763934570 xtb: 6.7.1 (edcfbbe)
C           -0.23253827417800        3.68329381632515       -1.02038539892715
C           -0.56080667942552        2.34849190055852       -0.42626025377599
N           -1.56017629072030        2.26982807667820        0.34907623954727
C           -2.08670812456145        1.11677658561883        0.89192179056436
C           -2.33120440773380        1.06744574787359        2.26679042218747
C           -2.94472450135947       -0.03600669709845        2.82512424003289
C           -3.34950092245097       -1.09482202812181        2.02637654987002
C           -3.13391410756750       -1.04088108004703        0.65895157209601
C           -2.50568794858983        0.05051045572044        0.09173709393948
C            0.34533125614911        1.22406024365621       -0.75614510582209
C            0.77595894143465        1.01518461734436       -2.08560091126000
C            1.60704803781591       -0.02286644277044       -2.39335786832669
C            2.07528446313450       -0.90270871047065       -1.39379670125096
C            2.94759270447093       -1.97394264745523       -1.67642721504705
C            3.38658653772522       -2.79832308729893       -0.67738779202834
C            2.96951251082310       -2.59329781780723        0.64810693187445
C            2.12173292246839       -1.56588736595013        0.95404833563862
C            1.65489342140226       -0.69402386818434       -0.05293332266813
C            0.78309602905621        0.37366769174763        0.23152139260732
H           -0.50766336928628        3.69798582202047       -2.07471289474764
H           -0.79354534652940        4.46092008274240       -0.50809992409517
H            0.83583441597471        3.88029433147753       -0.94417495011397
H           -2.01360957663064        1.89626810376922        2.88344071413445
H           -3.11516780748580       -0.06843469707200        3.89206858748562
H           -3.83403937437922       -1.95437620264607        2.46641107564841
H           -3.45267997893001       -1.85919327241718        0.02798970866326
H           -2.34108090665417        0.09614398956581       -0.97597890779350
H            0.42291594302923        1.67316234327256       -2.86587487543930
H            1.92299219458019       -0.18387937047767       -3.41511113889994
H            3.26405196062498       -2.13012161787332       -2.69871977062961
H            4.05761386378882       -3.61503650750595       -0.90081581844377
H            3.32556278393832       -3.25523545297652        1.42480410764123
H            1.79307733259362       -1.40436028684908        1.97126740028403
H            0.47396229737253        0.52993955736073        1.25614668705594
34
 energy: -49.113525357872 gnorm: 0.000504815436 xtb: 6.7.1 (edcfbbe)
C           -0.23398890133919        3.68317985623451       -1.02154779741238
C           -0.56033991250655        2.34828530165550       -0.42624093890263
N           -1.56049450563412        2.26913035222342        0.34786016264015
C           -2.08651009550695        1.11626096128437        0.89130669211231
C           -2.33027411384983        1.06666765633160        2.26624394075498
C           -2.94380083569802       -0.03617884764613        2.82536694845031
C           -3.34961235445801       -1.09451342354012        2.02727060718852
C           -3.13556154662202       -1.04070733836675        0.65964383921321
C           -2.50674128270815        0.04968322683149        0.09192514614481
C            0.34666370451019        1.22465058501151       -0.75557506877533
C            0.77815447472294        1.01655368870465       -2.08459822061528
C            1.60937151400694       -0.02138627267126       -2.39218460940283
C            2.07682661860957       -0.90130915536737       -1.39249607184846
C            2.94790098394769       -1.97339027802956       -1.67622232510835
C            3.38530534523407       -2.79938888144162       -0.67832361524561
C            2.96835440031368       -2.59465627571790        0.64715245918776
C            2.12180405268884       -1.56640819074356        0.95414998881140
C            1.65556709585875       -0.69384677963937       -0.05236443185164
C            0.78471452469893        0.37478293955706        0.23264162335929
H           -0.50679005494379        3.69559193788118       -2.07597444005617
H           -0.79702693884676        4.45979098797881       -0.51174397204600
H            0.83285082218331        3.88359584466321       -0.94511097304416
H           -2.01270286862058        1.89518176730544        2.88287388289890
H           -3.11396033978782       -0.06853614172020        3.89252507712515
H           -3.83499242744047       -1.95296217348881        2.46804756084837
H           -3.45500681681241       -1.85894573002486        0.02927300091051
H           -2.34374973744558        0.09527020811811       -0.97619075082787
H            0.42552174777075        1.67445088138473       -2.86508074271953
H            1.92565405648818       -0.18172948148080       -3.41362116132758
H            3.26568601005302       -2.12882114103114       -2.69785046282309
H            4.05576131047355       -3.61683401967264       -0.90198413354644
H            3.32321731088326       -3.25831811665366        1.42254235743489
H            1.79388641772389       -1.40527540245399        1.97165293804169
H            0.47431234195301        0.53070766723376        1.25663349043263
34
 energy: -49.113531663759 gnorm: 0.000762128840 xtb: 6.7.1 (edcfbbe)
C           -0.23662196051127        3.68317488674819       -1.02355195094917
C           -0.56003141780153        2.34808128438308       -0.42674591843679
N           -1.56131094281924        2.26795053454472        0.34574028953752
C           -2.08652835758455        1.11550286812313        0.89041268537909
C           -2.32845833674861        1.06595554455932        2.26561348977266
C           -2.94244670826771       -0.03605460746062        2.82596556234993
C           -3.35041338768760       -1.09411694154780        2.02880284382985
C           -3.13799812133698       -1.04084664206930        0.66081260943342
C           -2.50891143086821        0.04870150008099        0.09211965807923
C            0.34889618330817        1.22577694030346       -0.75479962218356
C            0.78189662000529        1.01896291583698       -2.08336881396890
C            1.61359023013976       -0.01866713137214       -2.39087487757605
C            2.07933291009133       -0.89939113429736       -1.39118030361264
C            2.94929802043038       -1.97221761530093       -1.67606169793967
C            3.38380677190828       -2.80091090007530       -0.67925233548760
C            2.96588142581193       -2.59735180469954        0.64620069166501
C            2.12167528773304       -1.56749142017121        0.95436205608116
C            1.65733592545402       -0.69303372049399       -0.05150124603967
C            0.78646510039923        0.37582536848151        0.23376641426017
H           -0.50628230244642        3.69176444836166       -2.07880878841346
H           -0.80421137193417        4.45833613519516       -0.51704147442447
H            0.82909550038775        3.88785657286334       -0.94476888810105
H           -2.00966990110239        1.89407622058610        2.88210284311430
H           -3.11098799981923       -0.06827805260768        3.89343707938891
H           -3.83617585591160       -1.95172426726331        2.47071174719254
H           -3.45937341485365       -1.85875757671595        0.03110396937243
H           -2.34749098826285        0.09386041664709       -0.97635856218821
H            0.42994325753887        1.67700421401690       -2.86399492329507
H            1.93107141892429       -0.17782133927404       -3.41197203892182
H            3.26818745959349       -2.12677088005694       -2.69734356367750
H            4.05232080141269       -3.61995436711490       -0.90327144089063
H            3.31904678542840       -3.26321698089850        1.42038260053281
H            1.79401469160092       -1.40729610421453        1.97206078516683
H            0.47505410768851        0.53164784761203        1.25730112095197
34
 energy: -49.113538637723 gnorm: 0.000932887773 xtb: 6.7.1 (edcfbbe)
C           -0.24061312396197        3.68321118276382       -1.02638111817278
C           -0.56025783950899        2.34771557740390       -0.42814816800642
N           -1.56276973274932        2.26584187631980        0.34248346084461
C           -2.08669906982556        1.11406972093083        0.88926650121046
C           -2.32553282046324        1.06509241122126        2.26497733811493
C           -2.93973891207120       -0.03594892133287        2.82711515066738
C           -3.35122239777880       -1.09369281954958        2.03127257526446
C           -3.14163534293713       -1.04111500005296        0.66274274459263
C           -2.51215688526876        0.04730703285920        0.09240568137602
C            0.35185648969735        1.22743959686183       -0.75409789115407
C            0.78750065246791        1.02252117193960       -2.08207461221159
C            1.62030358487708       -0.01432929633411       -2.38935671797940
C            2.08323293035659       -0.89684084436767       -1.38995770331863
C            2.95137338418778       -1.97099686143778       -1.67573981882755
C            3.38150676525392       -2.80328346819815       -0.68002832962135
C            2.96226570688683       -2.60088254730697        0.64531884856185
C            2.12063679924290       -1.56922094184251        0.95435579702171
C            1.65933981997683       -0.69203721101452       -0.05071018601821
C            0.78825902538965        0.37679154218674        0.23448669564299
H           -0.50496354547387        3.68768761686982       -2.08310378835746
H           -0.81507548546427        4.45649905946982       -0.52458338739121
H            0.82371453278103        3.89370675424957       -0.94254408238689
H           -2.00444397340910        1.89288452705077        2.88086446702700
H           -3.10610398511444       -0.06739169383172        3.89491759929814
H           -3.83738010839200       -1.95035754635338        2.47463206307291
H           -3.46532934194549       -1.85892792724532        0.03404508140509
H           -2.35247687958390        0.09166894294633       -0.97639850378547
H            0.43697169995649        1.68127882503414       -2.86269178187050
H            1.93979354367019       -0.17200855375194       -3.41004180917662
H            3.27204942556699       -2.12385522569809       -2.69673330130552
H            4.04788717451865       -3.62392580957103       -0.90434950231121
H            3.31210683671514       -3.26988279451386        1.41838464228709
H            1.79234414045923       -1.41031058690614        1.97203170550524
H            0.47525693184385        0.53186842391079        1.25764035000390
34
 energy: -49.113545849701 gnorm: 0.000679900705 xtb: 6.7.1 (edcfbbe)
C           -0.24690081385737        3.68334399171958       -1.03056057450266
C           -0.56082127989312        2.34732521105118       -0.43043509980201
N           -1.56450332029038        2.26246279053644        0.33817506540520
C           -2.08650418812877        1.11150987646428        0.88795694415082
C           -2.32087450519585        1.06371756937711        2.26450645611464
C           -2.93586111559815       -0.03567687010757        2.82904640565374
C           -3.35219634508569       -1.09302884937741        2.03507804997700
C           -3.14607995736584       -1.04188258780937        0.66595972202803
C           -2.51606923674285        0.04497392469773        0.09302425991199
C            0.35588074714861        1.22999398829937       -0.75376578368200
C            0.79639030366389        1.02809017632564       -2.08072792113413
C            1.63040921093017       -0.00789006488781       -2.38753920780703
C            2.08885500886935       -0.89357374967890       -1.38887976935813
C            2.95490793800186       -1.96933491549650       -1.67492934677374
C            3.37865707770298       -2.80633985023260       -0.68039840482847
C            2.95602088178349       -2.60615518149135        0.64427489955713
C            2.11766483698644       -1.57200947950050        0.95380800581400
C            1.66144793593877       -0.69088948774981       -0.05025815917197
C            0.79003626928866        0.37775534324485        0.23445744571539
H           -0.50281793795354        3.68286957946092       -2.08945707731830
H           -0.83138594060989        4.45376514768349       -0.53547781166696
H            0.81525842000690        3.90224842274096       -0.93850494488533
H           -1.99599148370777        1.89109982001247        2.87907648435020
H           -3.09838510524139       -0.06618165843186        3.89744202636069
H           -3.83907424194371       -1.94834728114987        2.48031510840923
H           -3.47391482764775       -1.85918169501839        0.03863187389443
H           -2.35915303774493        0.08839893117136       -0.97620804096449
H            0.44847091469688        1.68835382851611       -2.86118971792672
H            1.95388856326327       -0.16300883710948       -3.40742969286477
H            3.27742435871477       -2.12043287703288       -2.69567135666392
H            4.04168177685195       -3.62949512953701       -0.90521175954061
H            3.30146043939139       -3.27842520111082        1.41656680468298
H            1.78771743921048       -1.41441219594988        1.97116493295042
H            0.47436121445762        0.53093352308011        1.25716018391691
34
 energy: -49.113550118803 gnorm: 0.000381820895 xtb: 6.7.1 (edcfbbe)
C           -0.25161228541708        3.68355902508269       -1.03349395317137
C           -0.56153573921260        2.34702160192893       -0.43265416460112
N           -1.56523065389923        2.25987232300547        0.33557758077234
C           -2.08586617629623        1.10941951420472        0.88736789830733
C           -2.31674156258327        1.06245085370100        2.26462368398741
C           -2.93206167790649       -0.03584793452195        2.83088003073156
C           -3.35238202363801       -1.09262106514861        2.03811330550354
C           -3.14927592456546       -1.04228703690354        0.66854982753400
C           -2.51855913724635        0.04329485379413        0.09370985489571
C            0.35823569147183        1.23175606195902       -0.75453234568150
C            0.80342315202598        1.03240740351157       -2.08046689956611
C            1.63838587419284       -0.00294018652676       -2.38662219079340
C            2.09271328031018       -0.89153708008594       -1.38863310302676
C            2.95713670179547       -1.96865449849403       -1.67417758072339
C            3.37627228150298       -2.80852098522788       -0.68004067023587
C            2.95132819392357       -2.60926140405484        0.64398865284404
C            2.11413116593002       -1.57404576895771        0.95303534380058
C            1.66171924510364       -0.69061292700934       -0.05068841150207
C            0.78990462004079        0.37780863973232        0.23328831756670
H           -0.50127791344258        3.68021423064550       -2.09385659346212
H           -0.84315639292139        4.45162984429117       -0.54292791111039
H            0.80887850150248        3.90839644136426       -0.93533992060970
H           -1.98919469646199        1.88975626671911        2.87790760032804
H           -3.09259369434320       -0.06536364629767        3.89958437118118
H           -3.84005146729894       -1.94688519193893        2.48457520337391
H           -3.47936461816865       -1.85954783417822        0.04231353220562
H           -2.36320642761014        0.08585935380422       -0.97573690103320
H            0.45836317961162        1.69436705521940       -2.86074432736566
H            1.96520257614951       -0.15614091516154       -3.40581427772353
H            3.28229971504809       -2.11801537833917       -2.69442668585761
H            4.03818930984944       -3.63250563763442       -0.90481729489362
H            3.29273840464684       -3.28379793270294        1.41615679496365
H            1.78129670694468       -1.41779373679213        1.96968550779623
H            0.47189179086219        0.52914190372170        1.25561572556711
34
 energy: -49.113553724639 gnorm: 0.000361740576 xtb: 6.7.1 (edcfbbe)
C           -0.25470207130082        3.68380608029688       -1.03535561217467
C           -0.56214575520628        2.34681599667712       -0.43447996495223
N           -1.56513865498808        2.25821188638513        0.33448158715876
C           -2.08495488184823        1.10801445588383        0.88735046252055
C           -2.31378620141926        1.06164937153356        2.26504992869122
C           -2.92935960311212       -0.03589979031558        2.83234330255025
C           -3.35179657741257       -1.09243353974905        2.04034411239111
C           -3.15029868972154       -1.04276925566527        0.67058442001660
C           -2.51932473342656        0.04209264264573        0.09449368818720
C            0.35913031351501        1.23274542199250       -0.75607305857867
C            0.80840725983627        1.03541731625003       -2.08103429632382
C            1.64384183358821        0.00029045258749       -2.38648548745531
C            2.09486376752182       -0.89050297838517       -1.38891918071644
C            2.95917409131238       -1.96790289497755       -1.67332349167242
C            3.37533413194707       -2.80908405395480       -0.67900715114241
C            2.94707128168339       -2.61127509208345        0.64408968720072
C            2.10946240391272       -1.57605111206357        0.95203915812048
C            1.66029369802211       -0.69116044837401       -0.05175011838634
C            0.78816072098897        0.37710543831518        0.23138965247816
H           -0.50028730691232        3.67930254522798       -2.09656801913637
H           -0.85039492040069        4.45020521280893       -0.54730909500364
H            0.80460962268456        3.91222930063953       -0.93328311392973
H           -1.98411694322362        1.88878606501915        2.87740268288270
H           -3.08806347611539       -0.06517825153419        3.90132409134562
H           -3.83992153987823       -1.94605702369621        2.48755036372970
H           -3.48221950183560       -1.85977845491564        0.04496897428505
H           -2.36527661563671        0.08426799210351       -0.97512179652211
H            0.46626927869421        1.69908368332385       -2.86115107824716
H            1.97383572151596       -0.15116107945805       -3.40497302045922
H            3.28614197484223       -2.11676413286853       -2.69309797265682
H            4.03694856777220       -3.63338722823343       -0.90344002466850
H            3.28638946924566       -3.28627954232936        1.41672905320321
H            1.77417816265922       -1.42031883690014        1.96797461655290
H            0.46767517259662        0.52655606652317        1.25325670071317
34
 energy: -49.113557503306 gnorm: 0.000460590179 xtb: 6.7.1 (edcfbbe)
C           -0.25701054398609        3.68410681652943       -1.03688539217086
C           -0.56278701266423        2.34666508368195       -0.43632728768585
N           -1.56450942183138        2.25729397054488        0.33425178443713
C           -2.08384020747696        1.10724133456816        0.88766042700254
C           -2.31095429030536        1.06109072480427        2.26574749659490
C           -2.92628002060542       -0.03609604260588        2.83386731370413
C           -3.35020697250839       -1.09244269443565        2.04240943514337
C           -3.15018359251359       -1.04311866187796        0.67246101440584
C           -2.51933652344887        0.04135471797689        0.09542064665685
C            0.35888938439680        1.23317338519847       -0.75842722763374
C            0.81277270155291        1.03809730520201       -2.08219823079658
C            1.64853249054737        0.00297463006986       -2.38675959097233
C            2.09597367187184       -0.88996753910297       -1.38946308049757
C            2.96102883234937       -1.96711671931828       -1.67231199825367
C            3.37474420097164       -2.80896617667563       -0.67748251792895
C            2.94283692753788       -2.61256612160594        0.64454436735537
C            2.10355857142562       -1.57817013466114        0.95088270961719
C            1.65731831762677       -0.69242597607900       -0.05333291366533
C            0.78453247373191        0.37547655380175        0.22872498025897
H           -0.49959070232609        3.67909600445514       -2.09871041365189
H           -0.85551571653610        4.44916886539386       -0.55031700967083
H            0.80144559861746        3.91489148469743       -0.93193706104603
H           -1.98007767586187        1.88825420141282        2.87734165288048
H           -3.08383601781053       -0.06525223514673        3.90303205038575
H           -3.83832296594779       -1.94573283139059        2.49023979993175
H           -3.48298588875610       -1.86014758565951        0.04737265710732
H           -2.36621988228275        0.08319248985718       -0.97433041130058
H            0.47375760540306        1.70342516307251       -2.86226244320317
H            1.98182952091890       -0.14673480736441       -3.40443809543337
H            3.29109973971965       -2.11508952738608       -2.69122517831535
H            4.03763350753886       -3.63251991351430       -0.90098530097628
H            3.28016449091809       -3.28787196566121        1.41776863581342
H            1.76438260055900       -1.42373478603572        1.96574380175906
H            0.46115679907503        0.52302719996397        1.24992538014984
34
 energy: -49.113560861621 gnorm: 0.000403129392 xtb: 6.7.1 (edcfbbe)
C           -0.25897397603195        3.68428550728892       -1.03862739012966
C           -0.56363356160379        2.34647444068430       -0.43832735145801
N           -1.56411214486952        2.25695089000868        0.33397527827050
C           -2.08291726040663        1.10705629691119        0.88798705346266
C           -2.30854914472259        1.06104628209673        2.26637897387582
C           -2.92298806535383       -0.03614568145411        2.83539498946477
C           -3.34763644645170       -1.09267464366029        2.04457279464101
C           -3.14930092027971       -1.04346681786823        0.67437002612849
C           -2.51921555911586        0.04094344916065        0.09644336366199
C            0.35819121514990        1.23334702753396       -0.76086096397126
C            0.81665060929905        1.04054376305368       -2.08337354808333
C            1.65312192568138        0.00564949285987       -2.38693338370943
C            2.09705917937782       -0.88918529079874       -1.38974671562613
C            2.96360501833368       -1.96552951465605       -1.67108321252701
C            3.37467870802772       -2.80826825313170       -0.67584771136678
C            2.93781028337276       -2.61433166644564        0.64490748709190
C            2.09630106843448       -1.58126523131342        0.94962832271533
C            1.65354159834375       -0.69414187923719       -0.05489589471029
C            0.78015047494168        0.37347137764986        0.22607210465941
H           -0.49901925491360        3.67863522129995       -2.10099767902721
H           -0.85985155629187        4.44833130593255       -0.55340395020830
H            0.79882929013489        3.91704168083574       -0.93128396992214
H           -1.97679476641416        1.88822775329745        2.87746780463603
H           -3.07922908060851       -0.06532611347202        3.90476785026386
H           -3.83518562252178       -1.94590541042662        2.49311605716835
H           -3.48265682580981       -1.86064529012968        0.04978852569005
H           -2.36725865194919        0.08258831328653       -0.97349475507516
H            0.48112133549028        1.70767539072182       -2.86341487293506
H            1.98997670653983       -0.14213404034559       -3.40371647005116
H            3.29721395338817       -2.11234295740669       -2.68898957214017
H            4.03914816618001       -3.63090776554518       -0.89817078940831
H            3.27325295493152       -3.29017564989831        1.41846883709432
H            1.75341037987212       -1.42826339140317        1.96344244272263
H            0.45325996974622        0.51901761728032        1.24638631880384
34
 energy: -49.113563724554 gnorm: 0.000279070957 xtb: 6.7.1 (edcfbbe)
C           -0.26052496362701        3.68416729232853       -1.04058389452468
C           -0.56445802930671        2.34633084054473       -0.43989380147738
N           -1.56427215346769        2.25716091185175        0.33341029865022
C           -2.08263526549238        1.10744270904756        0.88809400589842
C           -2.30686144380392        1.06150569399362        2.26672035978571
C           -2.91998148022379       -0.03596943484962        2.83663737339673
C           -3.34473645508603       -1.09296285499610        2.04652666574375
C           -3.14800584762098       -1.04381865580565        0.67606348632243
C           -2.51935290759716        0.04089793488401        0.09727041275268
C            0.35734137172289        1.23330308869615       -0.76254194673706
C            0.81989680758049        1.04274365872686       -2.08391709004748
C            1.65724596095582        0.00825500711764       -2.38665503951693
C            2.09810418701311       -0.88825222394199       -1.38961104510212
C            2.96637178026280       -1.96353036576070       -1.66986160088277
C            3.37469614415738       -2.80757688881999       -0.67461602358615
C            2.93303391317482       -2.61636024598060        0.64497451607370
C            2.08982584992316       -1.58438737785858        0.94859674646650
C            1.65021786015363       -0.69569971274258       -0.05594904883270
C            0.77604968226084        0.37144072338163        0.22414272130526
H           -0.49871805991553        3.67770995528871       -2.10335036867432
H           -0.86299368684279        4.44771690545503       -0.55664060811349
H            0.79678975787799        3.91826239112933       -0.93159321278852
H           -1.97486512080023        1.88885776082787        2.87745772744038
H           -3.07480853027557       -0.06520026429035        3.90622279700449
H           -3.83094637287415       -1.94653500820670        2.49585269649464
H           -3.48165581027714       -1.86124707842388        0.05197577855020
H           -2.36865634384114        0.08248078664844       -0.97286860453153
H            0.48675525542704        1.71095857445282       -2.86401978737665
H            1.99717936915502       -0.13776282596762       -3.40264348356312
H            3.30383110450531       -2.10844497106028       -2.68675419336786
H            4.04081203490742       -3.62919093387672       -0.89585763631835
H            3.26628305580511       -3.29346398886866        1.41838549470704
H            1.74286601498585       -1.43366842120430        1.96137670931575
H            0.44617232108435        0.51541323098922        1.24364959553477
34
 energy: -49.113566867860 gnorm: 0.000224485948 xtb: 6.7.1 (edcfbbe)
C           -0.26199509889282        3.68377576462325       -1.04309097454727
C           -0.56563817195729        2.34616289678478       -0.44163781403782
N           -1.56519794513482        2.25773935640081        0.33217785881179
C           -2.08291088208166        1.10823808690586        0.88791959280087
C           -2.30540583721624        1.06244830109050        2.26680342002495
C           -2.91634541493510       -0.03567793341472        2.83790594711409
C           -3.34087458218610       -1.09342812175363        2.04872810694475
C           -3.14660468598655       -1.04413546317945        0.67786451896407
C           -2.52006067195639        0.04113999317317        0.09797522855406
C            0.35636545286695        1.23321409529205       -0.76371745492027
C            0.82287995672319        1.04490442213002       -2.08396843842613
C            1.66171407987019        0.01132133182578       -2.38585017041381
C            2.09970788551706       -0.88674200585526       -1.38898948306295
C            2.97000702316627       -1.96066228851401       -1.66837466363580
C            3.37493974566817       -2.80673451642537       -0.67350447271401
C            2.92741451750522       -2.61927378940203        0.64473028291222
C            2.08244549155559       -1.58853924770116        0.94749979783604
C            1.64674855439328       -0.69740449679638       -0.05666704499006
C            0.77189925055340        0.36934487298180        0.22268436717556
H           -0.49877059724328        3.67616046480594       -2.10615503740343
H           -0.86572323704895        4.44718007465559       -0.56052588728089
H            0.79498021553388        3.91887234110816       -0.93292341588911
H           -1.97364617982486        1.89023737571387        2.87709173991466
H           -3.06976141415241       -0.06473284190835        3.90770019714183
H           -3.82511696769167       -1.94759124341613        2.49904052698562
H           -3.48003321948397       -1.86215965926770        0.05446308262883
H           -2.37087472040206        0.08266872522108       -0.97239857139591
H            0.49219938923819        1.71431194687724       -2.86408144179294
H            2.00508538913027       -0.13257032811399       -3.40096115711974
H            3.31175224992020       -2.10292559297311       -2.68418224199975
H            4.04274729420384       -3.62725646255097       -0.89374193386745
H            3.25791956714606       -3.29832556790192        1.41760610910205
H            1.73143829352271       -1.44045021460184        1.95925104069770
H            0.43871526958060        0.51146593689572        1.24132838588985
34
 energy: -49.113570084841 gnorm: 0.000285100078 xtb: 6.7.1 (edcfbbe)
C           -0.26375029385953        3.68312373808923       -1.04635592153974
C           -0.56711462625156        2.34600379972523       -0.44348175713655
N           -1.56706302405590        2.25842751970408        0.32999713967130
C           -2.08383265257623        1.10920732873878        0.88730405844319
C           -2.30417093569310        1.06392633000236        2.26649513199642
C           -2.91231619005702       -0.03496614683341        2.83922109994631
C           -3.33618752485509       -1.09395188125160        2.05140365256217
C           -3.14483671432962       -1.04479735243009        0.68008529679439
C           -2.52129195456537        0.04128514773439        0.09859004216601
C            0.35538204639318        1.23315867215464       -0.76437188413503
C            0.82657939534166        1.04769606796755       -2.08338118670008
C            1.66738788150699        0.01544885413109       -2.38439526935419
C            2.10201099057691       -0.88464456843006       -1.38791621635866
C            2.97452456156698       -1.95701323912526       -1.66654984972598
C            3.37505019695592       -2.80604527880496       -0.67247158947800
C            2.92078292421560       -2.62314482889265        0.64416054906683
C            2.07428837118333       -1.59352123648128        0.94629116693296
C            1.64321927411410       -0.69918301729346       -0.05710383630408
C            0.76745201480154        0.36698644444277        0.22157354672924
H           -0.49950283596609        3.67403517645694       -2.10963504610423
H           -0.86842547735827        4.44673065266380       -0.56533564457172
H            0.79296355795832        3.91905065556980       -0.93544849469265
H           -1.97248987227185        1.89232292230717        2.87603886776760
H           -3.06328498296176       -0.06391820019959        3.90938110640535
H           -3.81757244043302       -1.94900684870135        2.50308360122579
H           -3.47846793710510       -1.86344194242789        0.05759927409629
H           -2.37441493134085        0.08284194358788       -0.97212010841757
H            0.49797718632774        1.71807702169934       -2.86349052133119
H            2.01452655615472       -0.12599148027686       -3.39854610026299
H            3.32152688497044       -2.09551249020175       -2.68109372969578
H            4.04464022608768       -3.62535112223709       -0.89182090086771
H            3.24735458268813       -3.30514920232070        1.41612931262580
H            1.71818809144754       -1.44909034377845        1.95681018778988
H            0.43086765129062        0.50698311742098        1.23935402245816
34
 energy: -49.113572524215 gnorm: 0.000299252061 xtb: 6.7.1 (edcfbbe)
C           -0.26577966370194        3.68244251480598       -1.04980194637940
C           -0.56867539520173        2.34583764239489       -0.44542730217024
N           -1.56933911098659        2.25878698167888        0.32721284837048
C           -2.08504744943102        1.10987874262190        0.88629004501322
C           -2.30260385422285        1.06526711804301        2.26591885638746
C           -2.90771554732695       -0.03432712341646        2.84059310554785
C           -3.33161068609320       -1.09443615351198        2.05430486092416
C           -3.14387612041073       -1.04549993504472        0.68244102455280
C           -2.52325493248997        0.04120119887644        0.09899584727816
C            0.35484870132485        1.23338298605742       -0.76465022442494
C            0.83063596852632        1.05072439129749       -2.08245063882243
C            1.67348286395729        0.01994326239767       -2.38264928085548
C            2.10481169201815       -0.88226220443840       -1.38666754906005
C            2.97928034786918       -1.95321540957820       -1.66462247000943
C            3.37502220708594       -2.80561041032048       -0.67153059739149
C            2.91380231007862       -2.62752735247356        0.64337538012451
C            2.06622176087310       -1.59866139487077        0.94501445733272
C            1.64019926300770       -0.70069861191921       -0.05735569728317
C            0.76358654931398        0.36495564941149        0.22074567626957
H           -0.50129740815522        3.67201820948247       -2.11311715711868
H           -0.87098122058132        4.44632410952315       -0.56988935234866
H            0.79079014369521        3.91900364945413       -0.93883567506162
H           -1.97124613257010        1.89466266847897        2.87428298490127
H           -3.05677121113836       -0.06260413128641        3.91102058486394
H           -3.81018028961807       -1.95024981115632        2.50754986691194
H           -3.47728999994110       -1.86515818424236        0.06118882271449
H           -2.37847466768720        0.08237329993407       -0.97200356864847
H            0.50436164740917        1.72242733410006       -2.86239093416025
H            2.02481865376416       -0.11866902405247       -3.39576728343181
H            3.33117821762104       -2.08803425114494       -2.67795746818267
H            4.04586255352259       -3.62403907010024       -0.89029007537697
H            3.23636708292267       -3.31243413232936        1.41444248161577
H            1.70537576221036       -1.45769665851523        1.95432785498487
H            0.42349796425715        0.50247031255265        1.23770252293413
34
 energy: -49.113574152084 gnorm: 0.000227989914 xtb: 6.7.1 (edcfbbe)
C           -0.26779666559109        3.68197630588385       -1.05261414329433
C           -0.56995674243152        2.34564427496369       -0.44718539377201
N           -1.57146679759321        2.25849891974770        0.32432885450410
C           -2.08606143741206        1.10989185365853        0.88512523511481
C           -2.30139244537993        1.06630966000224        2.26512972906945
C           -2.90437624313382       -0.03347742050580        2.84166716613662
C           -3.32826391482975       -1.09473735662371        2.05693386319485
C           -3.14330907984324       -1.04649231240243        0.68467631999391
C           -2.52495279277338        0.04047210612341        0.09928833690823
C            0.35486899318558        1.23381701737700       -0.76479879047228
C            0.83485658146815        1.05376484194436       -2.08151718319893
C            1.67935688040393        0.02420561420444       -2.38104451026449
C            2.10754866199877       -0.88011048724102       -1.38560226977523
C            2.98291765289782       -1.95042140090477       -1.66306140147668
C            3.37452464812079       -2.80572188781671       -0.67083051906129
C            2.90825087716131       -2.63107580593526        0.64269160539676
C            2.05999852914496       -1.60263179227700        0.94394196791020
C            1.63809999559773       -0.70175738825903       -0.05754139567342
C            0.76079780548234        0.36349225359739        0.22008929033323
H           -0.50402256833980        3.67074482662106       -2.11576490359385
H           -0.87310320378022        4.44597663451836       -0.57297510385780
H            0.78875768114796        3.91903531546630       -0.94236391321368
H           -1.96943876605642        1.89637333615760        2.87227881850468
H           -3.05095641756353       -0.06134144471257        3.91246295736087
H           -3.80481582109358       -1.95089299210888        2.51165630133404
H           -3.47745513998832       -1.86672423628843        0.06455605075980
H           -2.38241995812243        0.08124408951088       -0.97202790333750
H            0.51060384479002        1.72670823372130       -2.86120847742426
H            2.03392080771349       -0.11224234953839       -3.39330968922080
H            3.33886080376805       -2.08223176288468       -2.67538547206260
H            4.04613886878049       -3.62359513776730       -0.88924194229957
H            3.22701784305532       -3.31862645179071        1.41300719863731
H            1.69532891836918       -1.46439767640618        1.95224729694279
H            0.41793860074763        0.49889883267436        1.23639201989861
34
 energy: -49.113575707761 gnorm: 0.000160986192 xtb: 6.7.1 (edcfbbe)
C           -0.27018293867758        3.68166516714707       -1.05527311826712
C           -0.57095335982018        2.34542801333546       -0.44886000211969
N           -1.57336308582821        2.25762732746302        0.32137170012428
C           -2.08695893112243        1.10936719357455        0.88376951876445
C           -2.29973549463840        1.06686786669996        2.26423299512562
C           -2.90097086643695       -0.03278836710152        2.84277220921365
C           -3.32583269958702       -1.09485455478377        2.05963141881211
C           -3.14368841811987       -1.04751993249293        0.68698190036165
C           -2.52695934557515        0.03929158337269        0.09951253657702
C            0.35547850246652        1.23452641176246       -0.76496367436380
C            0.83976515874899        1.05716008621363       -2.08056378810240
C            1.68549219107451        0.02850670300266       -2.37950328954218
C            2.11034303681156       -0.87809782518084       -1.38467548743380
C            2.98625957538314       -1.94803306020669       -1.66163638842397
C            3.37378523676777       -2.80614491303450       -0.67020669850059
C            2.90289812877035       -2.63454909373345        0.64200899659748
C            2.05449945316954       -1.60608053247015        0.94290351696438
C            1.63659359897637       -0.70251160339103       -0.05776892342407
C            0.75861679257134        0.36234067184508        0.21938494174013
H           -0.50834544900612        3.67014477290592       -2.11799186008981
H           -0.87495831698935        4.44563742487871       -0.57493145924252
H            0.78644594877093        3.91911114683616       -0.94682737137271
H           -1.96717080867305        1.89773908973479        2.86993360599554
H           -3.04569827066659       -0.05976333169816        3.91382816241014
H           -3.80087215681501       -1.95100863400272        2.51592948672864
H           -3.47844378189174       -1.86849827328069        0.06818091808948
H           -2.38625893472312        0.07920631969027       -0.97205744732074
H            0.51780345242011        1.73160979935606       -2.85987962609027
H            2.04355761182548       -0.10559728346649       -3.39087340841695
H            3.34554054475712       -2.07751303568191       -2.67305923437434
H            4.04554644505575       -3.62393672348228       -0.88843632716065
H            3.21836517795872       -3.32420190605920        1.41175969305872
H            1.68642696288939       -1.47012866679406        1.95027706743865
H            0.41297504005451        0.49557437175147        1.23502943624522
34
 energy: -49.113577624193 gnorm: 0.000207447362 xtb: 6.7.1 (edcfbbe)
C           -0.27360167255521        3.68146853175111       -1.05845254197311
C           -0.57205104120030        2.34505152523900       -0.45121470634152
N           -1.57543516865035        2.25584626176635        0.31751828807392
C           -2.08771974870062        1.10809427488717        0.88197125920805
C           -2.29734358080843        1.06717328724981        2.26303304413752
C           -2.89705910387262       -0.03186657776810        2.84420364820410
C           -3.32357934313661       -1.09487197972012        2.06319982138710
C           -3.14475437795555       -1.04898516946196        0.69009287290745
C           -2.52949706056140        0.03724254845114        0.09986569788754
C            0.35678560002982        1.23570352440113       -0.76547545463822
C            0.84685308073913        1.06189864382059       -2.07951063604021
C            1.69388032799420        0.03415151774743       -2.37766266956656
C            2.11405492149147       -0.87561826135624       -1.38368270931027
C            2.99002348028402       -1.94561924216225       -1.65998105494616
C            3.37251343602259       -2.80700532268128       -0.66939654955718
C            2.89649889833633       -2.63857138421692        0.64130018832003
C            2.04787863757646       -1.61005511237309        0.94158673006698
C            1.63491037169714       -0.70335790077844       -0.05823965369942
C            0.75617070584741        0.36108315918995        0.21821378695064
H           -0.51608543413600        3.67020532436503       -2.12021479161597
H           -0.87686221495856        4.44518938670647       -0.57578281901110
H            0.78333842385118        3.91918462057186       -0.95392320053932
H           -1.96331060894318        1.89883212058316        2.86683763476597
H           -3.03910148291437       -0.05773385658372        3.91564931400662
H           -3.79740464638825       -1.95060025914020        2.52155305568432
H           -3.48093370769109       -1.87067800032253        0.07300635662966
H           -2.39117353607270        0.07586268048573       -0.97205130614898
H            0.52849219427977        1.73875265759218       -2.85821734087530
H            2.05640458978822       -0.09705562076857       -3.38783420295322
H            3.35335868125994       -2.07258132334289       -2.67028974221350
H            4.04424365482973       -3.62489174387052       -0.88735677903898
H            3.20788606207053       -3.33068639527406        1.41049734731296
H            1.67586066011703       -1.47648597258859        1.94782311331818
H            0.40675900223172        0.49150027031092        1.23293399960954
34
 energy: -49.113579359416 gnorm: 0.000258899200 xtb: 6.7.1 (edcfbbe)
C           -0.27748102820550        3.68134412623158       -1.06168520459623
C           -0.57281920250984        2.34458508743411       -0.45352154567438
N           -1.57693277059998        2.25363868646270        0.31400465608544
C           -2.08808408351981        1.10648192025115        0.88035893042449
C           -2.29455582257735        1.06704024957444        2.26201354692271
C           -2.89329282032190       -0.03111277585446        2.84573619114868
C           -3.32215488938987       -1.09471644437554        2.06679434403842
C           -3.14644501044337       -1.05031215220996        0.69326272498801
C           -2.53199847368675        0.03499109690101        0.10039350762077
C            0.35846518551588        1.23697920520715       -0.76628714061985
C            0.85481314119170        1.06708048249242       -2.07855041544239
C            1.70281013545854        0.03991989318069       -2.37590273727657
C            2.11785051373267       -0.87325736025020       -1.38284787950834
C            2.99369769135408       -1.94351669405495       -1.65840604381315
C            3.37122281776012       -2.80795447168396       -0.66853198016184
C            2.89031732658998       -2.64235888048669        0.64071345433790
C            2.04156765057055       -1.61371468897456        0.94024994937829
C            1.63340663375630       -0.70416807348236       -0.05891229820528
C            0.75381772370579        0.35976416574321        0.21671318043578
H           -0.52661380508585        3.67087953651402       -2.12198109866771
H           -0.87797929281135        4.44480350256142       -0.57511250505249
H            0.78002770774359        3.91898384453846       -0.96320604970906
H           -1.95869970617408        1.89924551093894        2.86404831575568
H           -3.03286804372413       -0.05577256874114        3.91752676298401
H           -3.79533592723174       -1.94973210902374        2.52713819291718
H           -3.48431546869017       -1.87256594633311        0.07784639488450
H           -2.39590389601433        0.07220529821955       -0.97185139042610
H            0.54044411238076        1.74654229838108       -2.85656733465342
H            2.06985336072591       -0.08842625772983       -3.38480977479483
H            3.36065838701383       -2.06853447152559       -2.66763177842979
H            4.04268151560002       -3.62616931846452       -0.88610467020424
H            3.19798133428102       -3.33661375820175        1.40946418244647
H            1.66541870537388       -1.48240724443359        1.94527020548401
H            0.40044629813293        0.48742452390357        1.23037530738491
34
 energy: -49.113580541484 gnorm: 0.000232107323 xtb: 6.7.1 (edcfbbe)
C           -0.28077600884022        3.68116471496169       -1.06431493616959
C           -0.57318111000082        2.34410556227453       -0.45526693613736
N           -1.57740713125822        2.25179451797816        0.31192999126006
C           -2.08784934391159        1.10515642987842        0.87960335908464
C           -2.29215695465985        1.06659839279423        2.26165920431251
C           -2.89089215143067       -0.03066162129428        2.84699835853068
C           -3.32189655474121       -1.09439061831596        2.06939233099895
C           -3.14804030212526       -1.05102609457887        0.69561368887918
C           -2.53370056864117        0.03342830326697        0.10105486612818
C            0.35998232827382        1.23796253833720       -0.76713219549426
C            0.86120259789693        1.07109822820439       -2.07791344101031
C            1.70974303406080        0.04417493213683       -2.37463718607169
C            2.12068755367525       -0.87165742521459       -1.38233025403485
C            2.99630865737891       -1.94226665948603       -1.65730815021021
C            3.37035433577736       -2.80869308774763       -0.66786792133757
C            2.88601951885508       -2.64497863576878        0.64034894575101
C            2.03690972324412       -1.61645003873629        0.93919241052461
C            1.63229363322586       -0.70488860595443       -0.05957775644260
C            0.75212686876542        0.35868845448065        0.21534992924373
H           -0.53750971906022        3.67163703536891       -2.12287039106091
H           -0.87775436825452        4.44454937047450       -0.57324805376373
H            0.77745022000812        3.91829796714964       -0.97283199980395
H           -1.95466184114197        1.89888675230806        2.86266155336095
H           -3.02865309189710       -0.05458886526473        3.91903881931958
H           -3.79511470027136       -1.94869369973689        2.53101148178006
H           -3.48752866222398       -1.87339230609056        0.08123661857448
H           -2.39914715298454        0.06970797745253       -0.97141229439529
H            0.55040416244378        1.75286768013766       -2.85533495862208
H            2.08049668874301       -0.08183745685042       -3.38249693411797
H            3.36611373956959       -2.06588538015047       -2.66569803923732
H            4.04175130913953       -3.62708271538243       -0.88498149740462
H            3.19118302991785       -3.34067624363700        1.40878317800209
H            1.65782265895275       -1.48657776236249        1.94326270417106
H            0.39541960141612        0.48420457207703        1.22808550539409
34
 energy: -49.113581367480 gnorm: 0.000148708189 xtb: 6.7.1 (edcfbbe)
C           -0.28299906009853        3.68079926165512       -1.06618291400079
C           -0.57313577893502        2.34369286260213       -0.45602200740007
N           -1.57698903082407        2.25078162264703        0.31160668581927
C           -2.08729045613386        1.10451227976796        0.87984757680496
C           -2.29067570486643        1.06608840468595        2.26206297770106
C           -2.88997123905977       -0.03061028615302        2.84787713775205
C           -3.32248704594070       -1.09399894972318        2.07066200562642
C           -3.14939004760993       -1.05087104542209        0.69676823202681
C           -2.53443999537557        0.03295456863307        0.10174707585202
C            0.36085324013003        1.23831438908158       -0.76770411261490
C            0.86512484872946        1.07346705315899       -2.07754239755741
C            1.71390860058609        0.04659180368195       -2.37394684951723
C            2.12239813304128       -0.87083143030218       -1.38212975613638
C            2.99804386869998       -1.94154925781028       -1.65678537678159
C            3.37024261951375       -2.80900110310856       -0.66755271564290
C            2.88400111994648       -2.64634336415528        0.64014101055680
C            2.03460115584418       -1.61797729576058        0.93857081482487
C            1.63169766889741       -0.70549357040514       -0.06007269564068
C            0.75111245942866        0.35777179514316        0.21445261286934
H           -0.54670407748038        3.67187728805956       -2.12307790646028
H           -0.87641177464855        4.44445493304277       -0.57119156227226
H            0.77591507572117        3.91715320116304       -0.98128701687083
H           -1.95196624233589        1.89799385371768        2.86291624282234
H           -3.02708439057325       -0.05429879143950        3.92000133254139
H           -3.79638801581867       -1.94771837342179        2.53264334051450
H           -3.48990571237266       -1.87301172687002        0.08266526467571
H           -2.40045450748608        0.06894905678099       -0.97080308093048
H            0.55643954733412        1.75657059333495       -2.85458370361412
H            2.08669492286818       -0.07814377940027       -3.38116606655595
H            3.36922411841353       -2.06458492962968       -2.66470957415893
H            4.04162887490351       -3.62750162636955       -0.88431005140469
H            3.18799884083170       -3.34277175385412        1.40838501133409
H            1.65380900468978       -1.48892259898212        1.94210585955397
H            0.39259897988167        0.48223312836098        1.22661460628543
34
 energy: -49.113582120334 gnorm: 0.000133091679 xtb: 6.7.1 (edcfbbe)
C           -0.28482305119061        3.68010702049155       -1.06801934363368
C           -0.57286044424009        2.34324156015520       -0.45621588525498
N           -1.57588388980112        2.25032654299400        0.31255607975636
C           -2.08639118525191        1.10436287667887        0.88096467621097
C           -2.28955710027462        1.06549433223901        2.26319656223896
C           -2.89007199344676       -0.03075998101930        2.84864634488105
C           -3.32391409760360       -1.09336573144939        2.07113248852457
C           -3.15069320140002       -1.04999795690735        0.69724141123492
C           -2.53465667564258        0.03336595983522        0.10260644083601
C            0.36148265156251        1.23830738168923       -0.76799815879603
C            0.86760001983945        1.07481245736462       -2.07722324066967
C            1.71656661731220        0.04799244083188       -2.37349457629207
C            2.12361248423182       -0.87040109885666       -1.38202344980857
C            2.99940824072242       -1.94108124839304       -1.65655981246102
C            3.37065379972789       -2.80909576789144       -0.66749355749725
C            2.88328210048712       -2.64718697126455        0.63991858947576
C            2.03345149385565       -1.61916182837894        0.93813424766145
C            1.63151741301805       -0.70606947200372       -0.06041057036237
C            0.75059992632970        0.35690446817346        0.21391904509149
H           -0.55632574527907        3.67147084723528       -2.12298711011687
H           -0.87394835784554        4.44443410341449       -0.56895045810152
H            0.77489026611838        3.91527573097042       -0.99065813319377
H           -1.94993221428024        1.89669919060197        2.86450555295252
H           -3.02699382549625       -0.05473915383055        3.92080143757821
H           -3.79877435730277       -1.94667937593006        2.53287370320139
H           -3.49214996046941       -1.87152505347856        0.08284189234940
H           -2.40073047919777        0.06963372677940       -0.96995803637892
H            0.56045662382495        1.75895209120239       -2.85395098893584
H            2.09099484291398       -0.07561149409195       -3.38025728107213
H            3.37176669349459       -2.06345474924116       -2.66415593424941
H            4.04232938667168       -3.62744186256639       -0.88396439236072
H            3.18686807200409       -3.34399815182352        1.40797167296944
H            1.65162595347551       -1.49069902575216        1.94134965324729
H            0.39059999303400        0.48046440493132        1.22566113097659
34
 energy: -49.113582580466 gnorm: 0.000154165825 xtb: 6.7.1 (edcfbbe)
C           -0.28601602276479        3.67924892800156       -1.06959932558477
C           -0.57269151083932        2.34284595036374       -0.45605994961037
N           -1.57490021190839        2.25044346477983        0.31389787033758
C           -2.08570910367998        1.10467572482296        0.88232096030098
C           -2.28907003812710        1.06519974466666        2.26449252151934
C           -2.89050441211990       -0.03096731979893        2.84925646955504
C           -3.32508355160764       -1.09282933224823        2.07115228430951
C           -3.15163426179459       -1.04886950392116        0.69727284662254
C           -2.53463561498777        0.03430773629750        0.10337027245745
C            0.36163700456509        1.23798409598414       -0.76792762593043
C            0.86885769285470        1.07543438432864       -2.07688111709196
C            1.71818908863822        0.04889608464732       -2.37314921637512
C            2.12460176917104       -0.87004531368000       -1.38190321743783
C            3.00080894529016       -1.94040704069143       -1.65645185599386
C            3.37154610240416       -2.80888725293113       -0.66759233168133
C            2.88323995509146       -2.64780997372190        0.63963362636717
C            2.03299881481801       -1.62014532406444        0.93784552442641
C            1.63147330634405       -0.70663066447398       -0.06053423060970
C            0.75020838067641        0.35602983602618        0.21378583336069
H           -0.56349948459193        3.67041742724252       -2.12302417247530
H           -0.87171725521374        4.44441499921430       -0.56779096987916
H            0.77431188886985        3.91337442240336       -0.99813989194354
H           -1.94889783813292        1.89573665324206        2.86643451192747
H           -3.02771642429162       -0.05536515168072        3.92136719504025
H           -3.80087149835008       -1.94592344779182        2.53235365901889
H           -3.49361287674831       -1.86979865283458        0.08236045109299
H           -2.40041814702072        0.07109561645449       -0.96914696589257
H            0.56213277047610        1.75990211279529       -2.85346858471885
H            2.09309699600931       -0.07425842279502       -3.37974693153016
H            3.37371308765800       -2.06225479612287       -2.66388538584843
H            4.04343510264324       -3.62707344614977       -0.88399733767399
H            3.18644001308648       -3.34508681284758        1.40747098441915
H            1.65053115903164       -1.49227238809591        1.94090161622466
H            0.38975617445256        0.47919387528846        1.22538248329881
34
 energy: -49.113582800659 gnorm: 0.000102391272 xtb: 6.7.1 (edcfbbe)
C           -0.28631128970868        3.67872380290286       -1.07025236087869
C           -0.57263406880990        2.34264802326063       -0.45581167592983
N           -1.57456334943396        2.25066418253512        0.31458963656968
C           -2.08554589637051        1.10496346531446        0.88301335125127
C           -2.28915795795463        1.06520849723115        2.26512261335457
C           -2.89104120482368       -0.03095564873971        2.84945846269976
C           -3.32579694943498       -1.09247865272814        2.07099667382273
C           -3.15207828686918       -1.04823537207102        0.69715441380136
C           -2.53463938915161        0.03491168614287        0.10368737935095
C            0.36163214600623        1.23773399848286       -0.76761233686973
C            0.86872232134498        1.07524068565561       -2.07664013272084
C            1.71830434212863        0.04896270807033       -2.37298941398916
C            2.12499725364063       -0.86992543178932       -1.38179908647006
C            3.00143125120401       -1.94004942651773       -1.65648052925372
C            3.37207114075697       -2.80880879932258       -0.66782154938436
C            2.88356581328987       -2.64809263031387        0.63933829752429
C            2.03332799340246       -1.62046966146801        0.93773251238202
C            1.63184268955378       -0.70671431739906       -0.06043666909754
C            0.75040971371793        0.35579618759529        0.21401004856081
H           -0.56551602687881        3.66951170806133       -2.12319620952769
H           -0.87096531050024        4.44433360889131       -0.56791777061056
H            0.77417506460149        3.91248510759393       -1.00056831220602
H           -1.94885086455990        1.89546993554266        2.86737552513852
H           -3.02835856479304       -0.05566514018116        3.92155733311653
H           -3.80182600471364       -1.94561245877289        2.53188562414794
H           -3.49421929707157       -1.86888256936897        0.08195204200161
H           -2.40025592407847        0.07205039869340       -0.96880250859853
H            0.56184958570318        1.75972414666191       -2.85317978443671
H            2.09344919967188       -0.07387205677790       -3.37958861307277
H            3.37458683864721       -2.06145926642687       -2.66388190473524
H            4.04412967219708       -3.62682102016689       -0.88434478568141
H            3.18668037198923       -3.34554824529160        1.40702340694472
H            1.65070712191982       -1.49296753632401        1.94078459905981
H            0.38987786527906        0.47870630373357        1.22564172373785
34
 energy: -49.113582945824 gnorm: 0.000049498606 xtb: 6.7.1 (edcfbbe)
C           -0.28643524093818        3.67818356004903       -1.07077290787290
C           -0.57263738116203        2.34243375921315       -0.45555475668013
N           -1.57442076328577        2.25085504730260        0.31508871692967
C           -2.08558196114525        1.10523862491302        0.88355724150621
C           -2.28931722538463        1.06527438879901        2.26563520645417
C           -2.89153835188105       -0.03088303870060        2.84965052440037
C           -3.32646188832336       -1.09212721987919        2.07091018265789
C           -3.15257871411916       -1.04767264054719        0.69709782779060
C           -2.53484105055023        0.03546324034526        0.10394017397021
C            0.36157702405969        1.23744305756530       -0.76722245448904
C            0.86853676710539        1.07503024955414       -2.07636926555742
C            1.71847695300667        0.04912274067085       -2.37280779326833
C            2.12550703362389       -0.86972263238859       -1.38167859873200
C            3.00215150160937       -1.93959604616494       -1.65653981485139
C            3.37276972883239       -2.80862274490538       -0.66811835534162
C            2.88399025786204       -2.64837575719484        0.63896583817844
C            2.03367701404111       -1.62084900977175        0.93759923944972
C            1.63220443724946       -0.70684353340337       -0.06031053678248
C            0.75062799898182        0.35554960454081        0.21431449550646
H           -0.56654827645069        3.66849733334032       -2.12347095975515
H           -0.87054837616840        4.44415416208590       -0.56837158141667
H            0.77414589494079        3.91176102560771       -1.00209026930831
H           -1.94898096287210        1.89538339895536        2.86807094455858
H           -3.02906566591185       -0.05577865671027        3.92171748162003
H           -3.80277254484082       -1.94523744511720        2.53154734378504
H           -3.49488427747878       -1.86808688640155        0.08168089658406
H           -2.40029558902624        0.07285703322789       -0.96851772071880
H            0.56114462442672        1.75928700138575       -2.85289489847701
H            2.09345614789054       -0.07363838433855       -3.37945866017372
H            3.37551739749297       -2.06055510890900       -2.66392073194586
H            4.04485887165826       -3.62654755997521       -0.88487999786696
H            3.18686274529855       -3.34611777147433        1.40647442918354
H            1.65113677411470       -1.49360178352314        1.94069088209625
H            0.39026709724582        0.47829820455858        1.22603787856806
34
 energy: -49.113582947761 gnorm: 0.000032133177 xtb: 6.7.1 (edcfbbe)
C           -0.28643906955777        3.67817896936414       -1.07076827367730
C           -0.57264037821595        2.34244255243407       -0.45554967842407
N           -1.57441630120176        2.25084741735337        0.31508812896629
C           -2.08558417973709        1.10523183287643        0.88355203299765
C           -2.28932219863422        1.06527656030844        2.26563885403622
C           -2.89153963010007       -0.03087822288062        2.84965102655931
C           -3.32646229304917       -1.09212888009151        2.07090688574636
C           -3.15258602008103       -1.04767196925589        0.69710238264901
C           -2.53483654010413        0.03547087549338        0.10394052843948
C            0.36157871354269        1.23743992064386       -0.76722153708323
C            0.86853496329293        1.07502375707353       -2.07636805500064
C            1.71847122840250        0.04912248025570       -2.37280219723847
C            2.12550854650097       -0.86972409885064       -1.38168488873263
C            3.00215628651476       -1.93958613838354       -1.65654663928671
C            3.37276849697157       -2.80862867916827       -0.66811044403119
C            2.88399391859027       -2.64837940857114        0.63896130448890
C            2.03368462088012       -1.62084721044268        0.93759361649695
C            1.63220592509351       -0.70684502358996       -0.06030781065289
C            0.75062671236181        0.35555056366405        0.21431290182727
H           -0.56654634697967        3.66849613948491       -2.12347682506552
H           -0.87055017230144        4.44415521293864       -0.56837351931539
H            0.77415158146877        3.91176101483366       -1.00208874152389
H           -1.94897814609662        1.89538403624842        2.86806976663913
H           -3.02906719281684       -0.05577757077738        3.92171701656758
H           -3.80277659385891       -1.94523565761999        2.53154764777279
H           -3.49488557764136       -1.86808567676761        0.08168127872552
H           -2.40029803524046        0.07285676614652       -0.96851533002436
H            0.56114220069029        1.75928953762352       -2.85289493116072
H            2.09345776848588       -0.07363876181431       -3.37946137050597
H            3.37551790868680       -2.06055338368193       -2.66391951813971
H            4.04486429752103       -3.62654324899375       -0.88488277087022
H            3.18686490166087       -3.34611746294389        1.40647558824116
H            1.65113181133916       -1.49360547707544        1.94069557449498
H            0.39026879351420        0.47829544687548        1.22603799608586
