$hessian                                                                        
        0.5186695648  -0.0161708186  -0.0291264791  -0.0882149705  -0.0219886362
       -0.0439891551  -0.0375519885  -0.0138274466  -0.0331194655  -0.0021138549
        0.0024809471  -0.0005407858  -0.0008456375  -0.0004917347  -0.0011121901
        0.0001111876  -0.0002058794   0.0002018679   0.0000732562   0.0000539288
        0.0000240354   0.0003740034  -0.0000768110  -0.0002065904  -0.0012242575
       -0.0006639551  -0.0009073432   0.0074650323   0.0030444149   0.0070376665
       -0.0006614524   0.0008751489   0.0011176923  -0.0007333132   0.0000797104
       -0.0006480486  -0.0000043595   0.0001283695   0.0000124748  -0.0002745264
       -0.0001850390  -0.0003688690   0.0000991720   0.0000058871  -0.0000141963
        0.0001264004  -0.0000525632   0.0000018750   0.0000451565  -0.0000224143
        0.0000348959  -0.0000263839   0.0003506058   0.0001243763  -0.0009532472
        0.0004185101   0.0004156069  -0.0569384819   0.0516607311  -0.0377842216
       -0.2033956819  -0.0956117406   0.0629885996  -0.1339871780   0.0899407009
        0.0762192595   0.0000304447   0.0001850910  -0.0000304503  -0.0002071708
       -0.0001394828  -0.0000971840  -0.0001265887   0.0000105829  -0.0001104738
       -0.0001078739  -0.0000004283  -0.0003083843  -0.0000032908   0.0001363983
       -0.0000455764   0.0002095171   0.0000142277   0.0001564724  -0.0000131391
        0.0000976972   0.0000499835   0.0001323423   0.0000246161   0.0001385146
       -0.0000668757   0.0000187348  -0.0000152311  -0.0000196155  -0.0000159913
        0.0000061935  -0.0000554797  -0.0000319051  -0.0000178154   0.0001892900
       -0.0000414567  -0.0000870541
       -0.0161708186   0.4912508354   0.0041989140  -0.0299533420  -0.0832289600
       -0.0492181852  -0.0055518753  -0.0003101012   0.0058533826   0.0021877084
        0.0093193798  -0.0070070165   0.0016271747   0.0006941563   0.0017805903
        0.0006704831  -0.0000954545  -0.0003430859   0.0001029638   0.0000748254
        0.0000430065   0.0002640390  -0.0001709337  -0.0007085700  -0.0013793287
       -0.0006587582  -0.0009043108  -0.0018429593  -0.0056222972  -0.0187524127
        0.0006911877   0.0005719545  -0.0001490356   0.0009753512  -0.0000472245
        0.0003305681  -0.0000830591  -0.0000197227   0.0000665938   0.0007551009
        0.0000857543   0.0000589037   0.0000043344  -0.0000185498   0.0000020694
       -0.0000437897  -0.0001449029   0.0000243253  -0.0001797011   0.0001212042
        0.0002453916   0.0002530871  -0.0005377312  -0.0003318912  -0.0009284934
       -0.0020431470  -0.0005620274   0.0549605166  -0.1756923797   0.1079238124
       -0.0960550258  -0.0983953075   0.0332111706   0.0905168408  -0.1361789130
       -0.0755804330   0.0000134107   0.0002098813   0.0000107628   0.0001136018
        0.0000849979   0.0000932449  -0.0000725442   0.0001031967   0.0000087111
       -0.0001127985  -0.0000307803  -0.0001616669  -0.0001725392   0.0000543234
       -0.0000669964  -0.0002816620   0.0001338834  -0.0003185447   0.0000040718
       -0.0000561948  -0.0000599258  -0.0001285022   0.0000247371  -0.0001692996
        0.0000967885   0.0000356837  -0.0000146591  -0.0000134660   0.0000608858
        0.0000097256   0.0000226485   0.0000962091  -0.0000408629  -0.0002894042
        0.0003294504   0.0005277510
       -0.0291264791   0.0041989140   0.4662905289  -0.0517193609  -0.0452672400
       -0.1512804180  -0.0184554214   0.0015608101  -0.0083951123   0.0001851627
       -0.0056057853   0.0063018547  -0.0014184368  -0.0007246427  -0.0017916062
       -0.0004419482   0.0001316904   0.0004472573  -0.0000329920  -0.0000248355
       -0.0000211739   0.0000601060   0.0001532687   0.0005974735   0.0005762209
        0.0003429641   0.0003423496  -0.0044968894  -0.0150503877  -0.0181497415
        0.0008123841   0.0005692340  -0.0022529017   0.0008774793  -0.0008591703
        0.0005235492  -0.0001498803  -0.0000479286   0.0001660739   0.0004048226
        0.0000476451   0.0003195580   0.0000257278   0.0000570961   0.0000109340
        0.0000534808  -0.0000333758  -0.0000491143  -0.0001600022  -0.0002200693
        0.0000554897  -0.0004759167   0.0004944478  -0.0001010188   0.0000147984
       -0.0005671546   0.0001068970  -0.0382564689   0.1036512520  -0.1231478094
        0.0653022613   0.0336952913  -0.0621421814   0.0762513452  -0.0759843332
       -0.1054905477  -0.0000362804  -0.0000737515  -0.0000676086  -0.0002233607
       -0.0001605855  -0.0001249537  -0.0000396132  -0.0001147207  -0.0000979774
        0.0000115663   0.0000150389  -0.0000826912   0.0000839689  -0.0001171226
       -0.0000324056  -0.0002534139  -0.0000027105  -0.0002543050   0.0001768327
       -0.0002270046  -0.0001319053  -0.0001284792  -0.0000416302  -0.0001673275
        0.0000687455  -0.0000155824  -0.0000330104   0.0000688379  -0.0000157229
       -0.0000722489   0.0000315645   0.0000317027  -0.0000453446   0.0004096381
        0.0002043986  -0.0012305625
       -0.0882149705  -0.0299533420  -0.0517193609   0.8199859795  -0.0741044610
        0.0565814568  -0.5778708235   0.0716310392  -0.0330053289  -0.0506827346
       -0.0070781319  -0.0233818294   0.0046675955   0.0021887823  -0.0009490835
       -0.0009094201  -0.0026152134  -0.0014471965   0.0005471978   0.0003476927
        0.0005875767  -0.0010003037  -0.0017188729  -0.0016134244   0.0024729917
        0.0019680160   0.0095482364  -0.0842969840   0.0327463477   0.0403133234
        0.0028400409   0.0112121748   0.0020725068   0.0057284732  -0.0018158532
        0.0031494331  -0.0008474553   0.0001900388   0.0007802331   0.0025326553
       -0.0012509473   0.0031879985  -0.0007311084   0.0004005103   0.0004667881
       -0.0001242162  -0.0002030804  -0.0000834215  -0.0005436843   0.0001228696
        0.0004039772  -0.0011902958   0.0006078523  -0.0013296335  -0.0143448471
        0.0034595307   0.0157850957  -0.0080711223  -0.0005296576  -0.0115793981
       -0.0182527109  -0.0101504609  -0.0187353486   0.0093759285   0.0067736516
        0.0127886836  -0.0005661526   0.0001521598  -0.0000519789   0.0002074773
        0.0003653477  -0.0001491275   0.0001310287   0.0003886322   0.0004456670
        0.0001606047  -0.0002576384   0.0007389233  -0.0002265243  -0.0000570640
        0.0001881724  -0.0019266989  -0.0015358531  -0.0013771841   0.0001979150
       -0.0008885564  -0.0005796721  -0.0007691255  -0.0002966124  -0.0012161446
        0.0004587483  -0.0001755556   0.0000415895   0.0001876640   0.0001415320
       -0.0001286350   0.0002753620   0.0003372640  -0.0001360020   0.0007995150
       -0.0004021414   0.0004031082
       -0.0219886362  -0.0832289600  -0.0452672400  -0.0741044610   0.2756094396
        0.1302161172   0.0824859332  -0.0571709831  -0.0022264076  -0.0177681307
       -0.0030478668  -0.0084230349  -0.0012875170  -0.0001418241  -0.0026691949
       -0.0010510299  -0.0006248417  -0.0007966914   0.0003594345   0.0001734623
        0.0005154547  -0.0004418245  -0.0004337898  -0.0006908970  -0.0002821450
       -0.0003986966   0.0016856668   0.0319402589  -0.1010387224  -0.0468601311
        0.0153983665  -0.0272342327  -0.0198221458  -0.0006639674  -0.0048695625
        0.0010096579   0.0002758398  -0.0005723056  -0.0002580542  -0.0025003018
       -0.0011736392   0.0029680651  -0.0002013447   0.0005181536   0.0002087335
        0.0001272835   0.0001678876  -0.0001114760   0.0004410843  -0.0002378561
       -0.0006722049  -0.0021971477   0.0010180339   0.0018736704  -0.0007224301
        0.0109511128   0.0030079617   0.0092958451   0.0082351852   0.0164851466
       -0.0096112522  -0.0054276366  -0.0116695808  -0.0079150676  -0.0091372106
       -0.0186133167  -0.0000607749   0.0001579642   0.0002122022  -0.0001148249
       -0.0001221924  -0.0000885473   0.0000040790   0.0000053295   0.0000625476
       -0.0000382072  -0.0000540349  -0.0000281183   0.0000082323   0.0000824399
        0.0002118936   0.0006894678   0.0000036693  -0.0009160163   0.0005492642
       -0.0005307358  -0.0006320952  -0.0002180732   0.0001684352   0.0002022906
       -0.0003642320  -0.0000700410   0.0004232283  -0.0000352977  -0.0001610108
        0.0000712682  -0.0001041687  -0.0003092419   0.0001703206   0.0000957450
       -0.0011057281   0.0004209274
       -0.0439891551  -0.0492181852  -0.1512804180   0.0565814568   0.1302161172
        0.3884977580  -0.0206742441  -0.0094688747  -0.0578691458  -0.0359218665
       -0.0001980471  -0.0127177172  -0.0004987303   0.0011564730  -0.0013930786
       -0.0007854357  -0.0014397368  -0.0008694960   0.0004060924   0.0001926324
        0.0005071301   0.0003677391  -0.0012702460  -0.0015856052  -0.0014313848
       -0.0026496558   0.0008219125   0.0451584708  -0.0460479885  -0.1209776335
       -0.0005047177  -0.0100917800  -0.0001666826   0.0041871401   0.0012947152
        0.0053802495   0.0004365415  -0.0000796436  -0.0006835505   0.0039643296
        0.0019887247   0.0013245962   0.0005459072  -0.0005932460  -0.0008685559
       -0.0001536552  -0.0000249739  -0.0002134809   0.0001470791  -0.0001776563
       -0.0002935299  -0.0015585375  -0.0007203011  -0.0011289459   0.0167190966
       -0.0066423489  -0.0157779572  -0.0140750797  -0.0038386680  -0.0186730095
        0.0000743573   0.0035098806   0.0067899239  -0.0061954398  -0.0102819936
       -0.0190958965   0.0001390046   0.0007313762  -0.0000561868   0.0000968244
        0.0000065324  -0.0001626207  -0.0000160317   0.0003344265   0.0001887264
       -0.0001056972   0.0000289346   0.0000819200  -0.0000001781   0.0007321541
        0.0001159262  -0.0016061972   0.0013120655  -0.0010053121  -0.0003294124
        0.0007005279   0.0003289938  -0.0012828806   0.0002617767  -0.0007121579
        0.0002040089   0.0001731142   0.0002578578  -0.0001006642  -0.0000785274
        0.0001576539   0.0000232406  -0.0002456867   0.0003330859   0.0001780187
        0.0004281082   0.0007452467
       -0.0375519885  -0.0055518753  -0.0184554214  -0.5778708235   0.0824859332
       -0.0206742441   0.8180901355  -0.0260152087   0.1536268172  -0.1172270432
       -0.0436631744  -0.0911332999  -0.0379661458  -0.0208299863  -0.0234763913
        0.0017742416  -0.0050962756   0.0044299798  -0.0004443813   0.0002217753
       -0.0023717847   0.0033916712  -0.0024373859   0.0010332280  -0.0002758840
       -0.0036971385  -0.0200193270  -0.0486367890   0.0217522801   0.0138700439
       -0.0029134476  -0.0037756945   0.0010814003   0.0015642119   0.0008020185
        0.0016875262   0.0004330758  -0.0002645297  -0.0004983641   0.0000769374
       -0.0003772225   0.0022210138   0.0001762920   0.0001697972  -0.0002269728
        0.0001353379   0.0000811105  -0.0002999969   0.0001385647  -0.0000412270
       -0.0002187973  -0.0002384440   0.0005845494  -0.0002264824   0.0007314903
        0.0039581473   0.0003902470   0.0002030442  -0.0011979150   0.0001983459
       -0.0006474037  -0.0016212990  -0.0029685870   0.0005582933  -0.0001160104
        0.0012503996   0.0006164701   0.0020647174  -0.0002716722  -0.0009559818
       -0.0007999404  -0.0006947956  -0.0007371624   0.0008414891   0.0000989032
       -0.0002455379   0.0003667097  -0.0003262622  -0.0005159747   0.0021437418
        0.0021472284  -0.0001034638   0.0002757350  -0.0009646654  -0.0002076740
        0.0005543800   0.0003055973  -0.0005853074   0.0001692176  -0.0001853471
       -0.0001637102   0.0000689891   0.0003377348  -0.0000996471  -0.0001296829
        0.0000873102  -0.0000261109  -0.0002134831   0.0000999203  -0.0004768455
       -0.0007125420   0.0001467156
       -0.0138274466  -0.0003101012   0.0015608101   0.0716310392  -0.0571709831
       -0.0094688747  -0.0260152087   0.1268264928   0.0723490030  -0.0305940722
       -0.0771096553  -0.0380374624  -0.0279424670  -0.0119482204  -0.0150573763
       -0.0032168559   0.0022784907   0.0058797385  -0.0007914521  -0.0004086077
       -0.0023784017  -0.0025632629   0.0054226628   0.0048220694   0.0049548269
        0.0064473145  -0.0044487120   0.0249742307   0.0103439132  -0.0101465889
       -0.0006970351   0.0011783640   0.0001134478  -0.0007250701   0.0006992618
       -0.0002355353   0.0000600294   0.0002285263  -0.0000499852   0.0004992809
        0.0006841976  -0.0012707275   0.0000955748  -0.0002269511  -0.0001739055
       -0.0000429981  -0.0000284103   0.0000617477  -0.0001389264   0.0000144457
        0.0001978573   0.0001238529  -0.0006939152  -0.0001034831   0.0026282043
       -0.0035972228  -0.0017595296  -0.0001458755   0.0005370598   0.0004025000
       -0.0027199310  -0.0012724268  -0.0020657016   0.0001359818   0.0003222294
        0.0016695960   0.0021474764  -0.0010957030  -0.0014266148  -0.0007144181
       -0.0004011316  -0.0006383609   0.0007785359  -0.0009345327  -0.0003094333
        0.0003840957   0.0001420056   0.0003120468   0.0014992876  -0.0004833756
       -0.0000072119   0.0000679342   0.0002127999   0.0002963707  -0.0000056193
        0.0000380360   0.0001031940   0.0001389250  -0.0000323672   0.0000528337
        0.0000757300   0.0000477143  -0.0001884774   0.0000126568   0.0000507165
       -0.0000264121   0.0000589702   0.0001006144  -0.0000725950  -0.0001259938
        0.0001387592   0.0000441742
       -0.0331194655   0.0058533826  -0.0083951123  -0.0330053289  -0.0022264076
       -0.0578691458   0.1536268172   0.0723490030   0.2772986775  -0.0675179273
       -0.0469848929  -0.1696938170  -0.0141789071  -0.0087294126   0.0045043578
        0.0033126873   0.0040323175   0.0028375380  -0.0026513977  -0.0014786171
       -0.0022847451   0.0020893074   0.0070330701  -0.0007672493  -0.0263157313
       -0.0073842783  -0.0510328096   0.0192323837  -0.0165807419   0.0111107426
        0.0025695797  -0.0011232433  -0.0024259429  -0.0014836553  -0.0009146521
       -0.0013201562  -0.0000016013  -0.0000267771   0.0000882200  -0.0009932015
       -0.0003842715  -0.0005774713  -0.0000102640   0.0001387305   0.0001240334
        0.0000873986  -0.0000062352   0.0000383637  -0.0000333271  -0.0000696212
        0.0000776151   0.0005223623   0.0002761533   0.0004382420  -0.0007333885
        0.0003089058  -0.0000508821  -0.0024389011  -0.0008793511  -0.0033277399
       -0.0020491131  -0.0011577343  -0.0018613123   0.0006728955   0.0021705833
        0.0020652978   0.0014651113  -0.0016202567   0.0006882478   0.0004117846
        0.0000592885   0.0005097726   0.0003432606  -0.0005745758  -0.0000382561
       -0.0006785147  -0.0005497978  -0.0015366302  -0.0003973530  -0.0013182091
        0.0018533520   0.0006373831   0.0000378893   0.0001232673   0.0001984949
       -0.0002351831  -0.0002190584   0.0003236615  -0.0000086832   0.0002580333
       -0.0000940523  -0.0000134760  -0.0000758029   0.0000019743   0.0000102442
       -0.0000474751  -0.0000349252   0.0000198890  -0.0001063383   0.0002419531
       -0.0000230391  -0.0003858161
       -0.0021138549   0.0021877084   0.0001851627  -0.0506827346  -0.0177681307
       -0.0359218665  -0.1172270432  -0.0305940722  -0.0675179273   0.4715733368
        0.2220884907   0.0531771436  -0.1877287372  -0.1206082195   0.0672008663
       -0.0427203984  -0.0185170881  -0.0445757583  -0.0158052195  -0.0139584988
        0.0265802402   0.0251040219   0.0227552280  -0.0082888099  -0.0784938797
       -0.0197502479  -0.0023359938   0.0029391897  -0.0013078327  -0.0005457323
        0.0003542017   0.0000516686  -0.0006851093  -0.0002610384   0.0000263257
       -0.0001705875   0.0000394024   0.0000025420  -0.0000637789   0.0000807018
        0.0000913721  -0.0003961859  -0.0000133466   0.0000035668   0.0000458972
        0.0000022634  -0.0000444278   0.0000185021   0.0000886928   0.0000018436
       -0.0000951740   0.0000375119  -0.0000437686  -0.0000246915  -0.0004151833
       -0.0008053920  -0.0004229012  -0.0009054501  -0.0004871294  -0.0009595001
       -0.0003876981   0.0000276837  -0.0008276592  -0.0000858074  -0.0000412668
       -0.0000098315  -0.0030462079  -0.0033796533   0.0027183609   0.0014360255
       -0.0044632526  -0.0036997291   0.0005603496  -0.0003808351   0.0006207434
        0.0006839499  -0.0045257969  -0.0041469736  -0.0033116372  -0.0104466301
        0.0201993648   0.0000383190   0.0002859670   0.0001318178   0.0001251963
       -0.0002559823  -0.0000810522   0.0001727445  -0.0000775224  -0.0000556407
        0.0000876752  -0.0000403959  -0.0001263590   0.0000658573   0.0000423067
       -0.0000629633   0.0000427171   0.0001200523  -0.0000384675  -0.0002339203
       -0.0001886125   0.0001745939
        0.0024809471   0.0093193798  -0.0056057853  -0.0070781319  -0.0030478668
       -0.0001980471  -0.0436631744  -0.0771096553  -0.0469848929   0.2220884907
        0.3236433425  -0.0765802145  -0.1046802637  -0.1426880653   0.0590143056
       -0.0314861818  -0.0134801986  -0.0440163520  -0.0127610632  -0.0217611901
        0.0244378282   0.0315140122   0.0203925973   0.0070257183  -0.0340029403
       -0.0885164783   0.0580568428   0.0007628361  -0.0033961653   0.0034461546
        0.0005847522  -0.0004413709  -0.0008612030  -0.0002765143  -0.0002202631
       -0.0001046942   0.0000176574   0.0000184706  -0.0000344871  -0.0002332104
       -0.0001200335  -0.0000871150  -0.0000235382   0.0000031590   0.0000453005
       -0.0000070140  -0.0000016890   0.0000081368   0.0000660928   0.0000183258
       -0.0000687515  -0.0001163813   0.0000794078   0.0000956806  -0.0005438061
        0.0003650276   0.0005505989  -0.0017235947  -0.0008316079  -0.0019659072
        0.0011307370   0.0009654943   0.0012587626  -0.0002184292   0.0000949761
        0.0000470194  -0.0085873427  -0.0054538571   0.0045963796  -0.0044684498
        0.0049934643  -0.0004873370  -0.0000383297  -0.0000215199   0.0004832561
       -0.0046543918   0.0050243323  -0.0004101495  -0.0042234763  -0.0074469015
        0.0179624495   0.0001216773  -0.0001757450   0.0003058189   0.0000626493
       -0.0001158990  -0.0000150268   0.0000660256  -0.0000302298   0.0000464259
       -0.0000114940  -0.0000262942  -0.0000220276   0.0000122255   0.0000004057
       -0.0000119414  -0.0000022741   0.0000138051   0.0000121088  -0.0001081010
       -0.0000471575   0.0000611452
       -0.0005407858  -0.0070070165   0.0063018547  -0.0233818294  -0.0084230349
       -0.0127177172  -0.0911332999  -0.0380374624  -0.1696938170   0.0531771436
       -0.0765802145   0.6047232949   0.0195291249   0.0216992573  -0.1017907158
       -0.0004048077  -0.0120351189   0.0444789172   0.0262686191   0.0251518969
       -0.0263134064  -0.0528358222  -0.0269528085  -0.0575746347   0.0484806262
        0.0950883237  -0.2620005089   0.0048101040   0.0051105786  -0.0019521236
       -0.0001644393   0.0004607429   0.0005338241  -0.0002105163   0.0004242215
       -0.0001982496   0.0000655058  -0.0000011069  -0.0001419739   0.0002554518
        0.0001794683  -0.0005189309  -0.0000107208  -0.0000248170  -0.0000154886
       -0.0000266411  -0.0000490889   0.0000584143   0.0000639434   0.0000139780
       -0.0000860087   0.0000478596  -0.0000917227  -0.0001616632   0.0004698616
       -0.0011915935  -0.0009059147   0.0007489876   0.0002111718   0.0012805459
       -0.0011691559  -0.0004112048  -0.0017401158  -0.0004980106  -0.0002861271
       -0.0004616302   0.0206232564   0.0198329454  -0.0095708897  -0.0043173503
       -0.0002987598  -0.0021300205   0.0006310678   0.0006699450   0.0002658472
       -0.0036486595  -0.0004627099  -0.0012761475   0.0033867722   0.0029728727
       -0.0089027134  -0.0001705806   0.0002100567   0.0002634179   0.0000095977
       -0.0000966191   0.0000725312   0.0001268489  -0.0000539161  -0.0000046647
        0.0000671823  -0.0000382780  -0.0000848402   0.0000452271   0.0000170111
       -0.0000162507   0.0000059233   0.0000472467   0.0000261565  -0.0003004837
       -0.0000481173   0.0002536221
       -0.0008456375   0.0016271747  -0.0014184368   0.0046675955  -0.0012875170
       -0.0004987303  -0.0379661458  -0.0279424670  -0.0141789071  -0.1877287372
       -0.1046802637   0.0195291249   0.4612931151   0.2453859579   0.0766925399
       -0.1759574284  -0.0790991366  -0.0868025091   0.0258888966   0.0316797421
       -0.0533256479  -0.0418874945  -0.0243853201  -0.0120875295   0.0074134907
       -0.0107769616   0.0625493844  -0.0005378717  -0.0009880018   0.0004505910
        0.0003449785  -0.0000264620  -0.0001498146   0.0000087796  -0.0000513057
        0.0000607377   0.0000019613   0.0000254885   0.0000164451  -0.0000405325
       -0.0001217913   0.0001036151  -0.0000151659   0.0000246098  -0.0000163589
        0.0000193507  -0.0000162381  -0.0000297270  -0.0000177199   0.0000108966
        0.0000015022   0.0000829662   0.0000561172   0.0000507148  -0.0000378522
        0.0001828280   0.0003513500  -0.0001921984  -0.0001652982  -0.0002946075
        0.0001124405   0.0000903111   0.0002172937   0.0000711005   0.0002225100
        0.0002587238  -0.0431543955  -0.0141251183   0.0247055619  -0.0171150441
       -0.0094699912  -0.0157738858   0.0032652563  -0.0031576984   0.0002104442
       -0.0002750417  -0.0002787177  -0.0002362026   0.0028726160  -0.0028595052
       -0.0001952461  -0.0002105290   0.0000758998  -0.0001291196   0.0000074577
        0.0000236228  -0.0000216658  -0.0000353365   0.0000140830   0.0000003846
       -0.0000184493   0.0000115999   0.0000198995  -0.0000159078  -0.0000004591
        0.0000102251  -0.0000140386  -0.0000099057  -0.0000017797   0.0000155212
        0.0000113172  -0.0000683699
       -0.0004917347   0.0006941563  -0.0007246427   0.0021887823  -0.0001418241
        0.0011564730  -0.0208299863  -0.0119482204  -0.0087294126  -0.1206082195
       -0.1426880653   0.0216992573   0.2453859579   0.3106884354  -0.0731772408
       -0.0648722208  -0.0866185646  -0.0251122296   0.0201964732   0.0230036692
       -0.0250564539  -0.0246198979  -0.0206173227  -0.0096475746  -0.0016573732
       -0.0117027369   0.0491367423  -0.0005146238  -0.0002648813   0.0003258702
       -0.0001240028  -0.0000284396   0.0002256328   0.0000283767   0.0000551977
        0.0001138393   0.0000041340   0.0000155394   0.0000156719  -0.0000175979
       -0.0001065371   0.0000699989   0.0000123309   0.0000177087   0.0000043625
        0.0000212740  -0.0000120359  -0.0000377338  -0.0000157806   0.0000207642
        0.0000014968   0.0000769396   0.0000293064  -0.0000045118  -0.0002140917
        0.0001336319   0.0003034450  -0.0001017909  -0.0000688031  -0.0002138480
        0.0000154166   0.0000078656   0.0000783292   0.0000630717   0.0001907726
        0.0002044961  -0.0137205125  -0.0621431074   0.0765750216  -0.0140904018
       -0.0068840665  -0.0126296952  -0.0030683385   0.0042567135   0.0031860825
        0.0000032286  -0.0003088559  -0.0004601145  -0.0032385468   0.0042280645
        0.0029450810   0.0002586874   0.0000643111  -0.0001896001  -0.0000056914
        0.0000653286  -0.0000007285  -0.0000162851   0.0000248248  -0.0000102474
       -0.0000158819   0.0000124723   0.0000194292  -0.0000142664   0.0000035368
        0.0000023348  -0.0000078997   0.0000038351  -0.0000143897  -0.0000095286
        0.0000173267  -0.0000551414
       -0.0011121901   0.0017805903  -0.0017916062  -0.0009490835  -0.0026691949
       -0.0013930786  -0.0234763913  -0.0150573763   0.0045043578   0.0672008663
        0.0590143056  -0.1017907158   0.0766925399  -0.0731772408   0.6556380539
       -0.1479177290  -0.0689873711  -0.2173194287  -0.0068944416   0.0095410696
       -0.0591175009  -0.0155892882  -0.0120166436  -0.0020510282   0.0252118579
        0.0188483518  -0.0008106429  -0.0001232055  -0.0008060266   0.0003980850
       -0.0001186774  -0.0002396143   0.0000112482   0.0000692058  -0.0000538623
       -0.0000218658   0.0000244503   0.0000172959  -0.0000280718  -0.0000418588
       -0.0000723783   0.0000449011   0.0000222406   0.0000093615  -0.0000326636
       -0.0000010811  -0.0000006385  -0.0000142315  -0.0000114838   0.0000077301
        0.0000068844  -0.0000149808   0.0000983568   0.0000665695  -0.0000406402
        0.0002821775   0.0001136346  -0.0004600860  -0.0001552187  -0.0005970344
        0.0001082659  -0.0000179141   0.0000469495  -0.0000080897   0.0000317132
        0.0001730513   0.0248044760   0.0765121284  -0.2711395279   0.0029799192
        0.0014273870   0.0040334575  -0.0000984194   0.0027599533  -0.0049186929
       -0.0002431796  -0.0004397501   0.0008562841   0.0002583153   0.0032582462
       -0.0049678057  -0.0001969943   0.0000513950   0.0000594170  -0.0000185830
        0.0000507966   0.0000344563  -0.0000352448   0.0000232848   0.0000251575
       -0.0000350007   0.0000073239   0.0000352084  -0.0000225313  -0.0000206087
        0.0000186660  -0.0000098264  -0.0000434104   0.0000134426   0.0000468694
        0.0000357809  -0.0000859299
        0.0001111876   0.0006704831  -0.0004419482  -0.0009094201  -0.0010510299
       -0.0007854357   0.0017742416  -0.0032168559   0.0033126873  -0.0427203984
       -0.0314861818  -0.0004048077  -0.1759574284  -0.0648722208  -0.1479177290
        0.4753214126   0.2579291675   0.0614396189  -0.0809023185  -0.0375370287
        0.0495014136   0.0074950229  -0.0018094495   0.0259406161  -0.0052578545
        0.0033151246  -0.0170250734   0.0003557553  -0.0003176645   0.0002569488
        0.0000088229  -0.0000958565   0.0000089292  -0.0000311382   0.0000184542
       -0.0000296173   0.0000216743  -0.0000002966  -0.0000086209  -0.0000152571
        0.0000255781  -0.0000358134  -0.0000074580   0.0000012853   0.0000314010
       -0.0000134495   0.0000303931   0.0000156686  -0.0000041695   0.0000264673
       -0.0000026975   0.0000138914  -0.0000795353  -0.0000360100  -0.0000136271
       -0.0000003250  -0.0000521576  -0.0001501422  -0.0000708761  -0.0001342511
        0.0001277305   0.0001091591   0.0000584469  -0.0000708845   0.0000293144
        0.0000492785   0.0015564751   0.0008651029   0.0008932049  -0.1817633769
       -0.1220031066   0.0437716431   0.0010533887   0.0053056617  -0.0188520996
       -0.0005201015  -0.0064968825   0.0008533618   0.0004680765   0.0005141460
       -0.0004170892  -0.0000077357   0.0000545100  -0.0000173225   0.0000188922
        0.0000058469   0.0000053122   0.0000326927   0.0000094457   0.0000048211
        0.0000033516   0.0000082913  -0.0000039963  -0.0000020484   0.0000165946
       -0.0000000356  -0.0000110464   0.0000195796   0.0000007329  -0.0000047610
        0.0000827043   0.0000206201
       -0.0002058794  -0.0000954545   0.0001316904  -0.0026152134  -0.0006248417
       -0.0014397368  -0.0050962756   0.0022784907   0.0040323175  -0.0185170881
       -0.0134801986  -0.0120351189  -0.0790991366  -0.0866185646  -0.0689873711
        0.2579291675   0.3305512082  -0.0814987461  -0.0220461162  -0.0888084920
        0.1004230718  -0.0132112440  -0.0137058929   0.0202722730   0.0042675797
       -0.0019373418  -0.0000334520   0.0003097143   0.0002224683  -0.0004774041
        0.0000300078   0.0000508028   0.0000721935   0.0000059264   0.0000526546
        0.0000200620  -0.0000043876   0.0000132631  -0.0000061085   0.0000307893
        0.0000255002  -0.0000311678   0.0000008326  -0.0000063576   0.0000142922
       -0.0000058829   0.0000014758   0.0000054855  -0.0000199372   0.0000038696
        0.0000208169   0.0000276396  -0.0000653799  -0.0000354513   0.0000047599
       -0.0001423790  -0.0000648293   0.0000002049  -0.0000221390   0.0000308722
       -0.0000145021   0.0000185410  -0.0000581928   0.0000194440   0.0000058155
        0.0000519027   0.0055516728   0.0026599316   0.0068806772  -0.1220768629
       -0.1357727906   0.0391063121   0.0006358217   0.0025736825  -0.0083140382
       -0.0064157255   0.0025085039   0.0022397639   0.0005327214   0.0002188464
       -0.0002334249  -0.0000447605   0.0000254795  -0.0000301933  -0.0000045890
        0.0000006192  -0.0000142545   0.0000060186  -0.0000014450  -0.0000294421
        0.0000090719   0.0000020059  -0.0000197531   0.0000046026   0.0000157563
       -0.0000089333   0.0000084454   0.0000250555   0.0000005120   0.0000031808
        0.0000273064   0.0000153754
        0.0002018679  -0.0003430859   0.0004472573  -0.0014471965  -0.0007966914
       -0.0008694960   0.0044299798   0.0058797385   0.0028375380  -0.0445757583
       -0.0440163520   0.0444789172  -0.0868025091  -0.0251122296  -0.2173194287
        0.0614396189  -0.0814987461   0.6347284179  -0.0126726834   0.0533597923
       -0.2999595638   0.0734316073   0.0551131364  -0.0023115874  -0.0210914624
       -0.0017028197  -0.0571251966   0.0004049268   0.0001451136   0.0000925658
       -0.0000541170  -0.0001277481   0.0000117045  -0.0000413963  -0.0000128220
       -0.0000845509   0.0000083255   0.0000081052  -0.0000285247   0.0000184671
        0.0000323859  -0.0000806624  -0.0000048725  -0.0000146194   0.0000108452
       -0.0000048700   0.0000148702   0.0000199363   0.0000184558   0.0000122077
       -0.0000316965  -0.0000082789  -0.0000402707  -0.0000663138   0.0000712213
       -0.0000660498  -0.0002030297   0.0000426505   0.0000188655   0.0000993537
       -0.0000286514   0.0000014804  -0.0000851612  -0.0000577332  -0.0000299421
       -0.0000391035  -0.0175826067  -0.0078349441  -0.0238290844   0.0438318753
        0.0391243851  -0.0581794792   0.0003513787   0.0060510885  -0.0232728280
        0.0002817081   0.0019670257   0.0011165586  -0.0001871127  -0.0001923489
       -0.0004830646  -0.0000044664   0.0000448972   0.0000162579  -0.0000044401
       -0.0000068737   0.0000213089   0.0000235389  -0.0000119051   0.0000183164
        0.0000010777  -0.0000094312  -0.0000011222   0.0000050498  -0.0000028499
        0.0000103739   0.0000069849  -0.0000002278   0.0000106587  -0.0000005799
        0.0000468654   0.0000498836
        0.0000732562   0.0001029638  -0.0000329920   0.0005471978   0.0003594345
        0.0004060924  -0.0004443813  -0.0007914521  -0.0026513977  -0.0158052195
       -0.0127610632   0.0262686191   0.0258888966   0.0201964732  -0.0068944416
       -0.0809023185  -0.0220461162  -0.0126726834   0.4718463659   0.2531230437
        0.0740254848  -0.2091656083  -0.1403084864   0.0664077257  -0.0433242630
       -0.0216204557  -0.0439066007  -0.0000460868  -0.0002794146   0.0001633642
       -0.0000451874  -0.0000793084   0.0000405834  -0.0000275132   0.0000142583
       -0.0000100301   0.0000114760  -0.0000113302  -0.0000014049  -0.0000194755
       -0.0000095853  -0.0000145330  -0.0000088530  -0.0000002886   0.0000256990
       -0.0000090407   0.0000253805   0.0000118144  -0.0000033696   0.0000313374
       -0.0000017083   0.0000081881  -0.0000677793  -0.0000753069   0.0000113623
        0.0000512964   0.0000053104  -0.0000126782  -0.0000021780  -0.0000045481
        0.0000640968   0.0000227091   0.0000107283  -0.0000101770   0.0000286284
        0.0000327481   0.0009158403  -0.0047023695  -0.0043440610  -0.0038436488
       -0.0087959642   0.0213603338  -0.1436803510  -0.0547536233  -0.1164958014
       -0.0029186994  -0.0034785392   0.0021869604   0.0008754914  -0.0044412759
       -0.0038561290   0.0000387752   0.0000283102  -0.0000276222   0.0000000861
        0.0000237494   0.0000068701   0.0000072620   0.0000184612   0.0000084141
       -0.0000150024   0.0000080088   0.0000045421  -0.0000137293   0.0000058313
        0.0000018817  -0.0000111296   0.0000081063  -0.0000062276   0.0000184379
        0.0001012374   0.0000283160
        0.0000539288   0.0000748254  -0.0000248355   0.0003476927   0.0001734623
        0.0001926324   0.0002217753  -0.0004086077  -0.0014786171  -0.0139584988
       -0.0217611901   0.0251518969   0.0316797421   0.0230036692   0.0095410696
       -0.0375370287  -0.0888084920   0.0533597923   0.2531230437   0.3226635600
       -0.0753729250  -0.1236968979  -0.1578902262   0.0649206231  -0.0342983658
       -0.0124225161  -0.0446044384  -0.0000002854  -0.0001758552   0.0001224078
       -0.0000742616  -0.0000964475   0.0000037904  -0.0000337844   0.0000146125
        0.0000017800   0.0000031779  -0.0000007988  -0.0000005871  -0.0000085387
       -0.0000354556  -0.0000418049   0.0000016654  -0.0000085510   0.0000290286
       -0.0000047134   0.0000179860   0.0000117014   0.0000017312   0.0000194634
       -0.0000099692   0.0000050818  -0.0000388292  -0.0000613021  -0.0000158313
        0.0000180017  -0.0000295981  -0.0000244073  -0.0000030369  -0.0000181171
        0.0000541848   0.0000139039   0.0000100604  -0.0000120744   0.0000014144
        0.0000169150  -0.0044828035   0.0047023267  -0.0009001004  -0.0040582325
       -0.0068285347   0.0182810592  -0.0548174147  -0.0606574102  -0.0530846980
       -0.0082342847  -0.0065871942   0.0042544064  -0.0042408421   0.0048320846
       -0.0002918633   0.0000274814   0.0000431516  -0.0000308685  -0.0000088935
        0.0000295123  -0.0000014988   0.0000009215   0.0000179789   0.0000041828
       -0.0000162969   0.0000035107   0.0000055835  -0.0000057609   0.0000046839
        0.0000067318   0.0000026955   0.0000098048   0.0000078629   0.0000060944
        0.0000791933   0.0000296988
        0.0000240354   0.0000430065  -0.0000211739   0.0005875767   0.0005154547
        0.0005071301  -0.0023717847  -0.0023784017  -0.0022847451   0.0265802402
        0.0244378282  -0.0263134064  -0.0533256479  -0.0250564539  -0.0591175009
        0.0495014136   0.1004230718  -0.2999595638   0.0740254848  -0.0753729250
        0.6390880745   0.0038262787   0.0185672519  -0.1051173737   0.0026023007
       -0.0096679309   0.0454973147  -0.0003054619  -0.0001711777  -0.0000617761
        0.0001095850   0.0001372946  -0.0000088255   0.0000280668   0.0000013432
        0.0000708317  -0.0000047599   0.0000119244   0.0000279577  -0.0000045764
       -0.0000122871   0.0000682163  -0.0000093506   0.0000118770  -0.0000054335
       -0.0000020933   0.0000027805   0.0000055336  -0.0000170805   0.0000038290
        0.0000018215   0.0000100007  -0.0000296978   0.0000173836  -0.0000678902
        0.0000571617   0.0001191225   0.0000543235  -0.0000190323   0.0000488838
       -0.0000141155  -0.0000102956   0.0000075848   0.0000304780   0.0000825050
        0.0000636113  -0.0038949609  -0.0002853222  -0.0017534323   0.0023342823
        0.0039621156  -0.0081790096  -0.1164461750  -0.0531391895  -0.1713003933
        0.0212548285   0.0185762061  -0.0093392812  -0.0044506810  -0.0006211096
       -0.0019605061  -0.0000087533  -0.0000877316  -0.0000592506  -0.0000124457
        0.0000082124  -0.0000015920  -0.0000209055   0.0000016616  -0.0000074411
       -0.0000013972   0.0000064006   0.0000026684   0.0000001958   0.0000033418
       -0.0000043799  -0.0000068701   0.0000010343  -0.0000079134  -0.0000041410
       -0.0000027458  -0.0000231360
        0.0003740034   0.0002640390   0.0000601060  -0.0010003037  -0.0004418245
        0.0003677391   0.0033916712  -0.0025632629   0.0020893074   0.0251040219
        0.0315140122  -0.0528358222  -0.0418874945  -0.0246198979  -0.0155892882
        0.0074950229  -0.0132112440   0.0734316073  -0.2091656083  -0.1236968979
        0.0038262787   0.4672907209   0.2502158997   0.0622659418  -0.1769170878
       -0.0783996981  -0.0861413801  -0.0000197108   0.0000189887  -0.0000024625
        0.0001615449   0.0000996667  -0.0000960907   0.0000042323   0.0000419947
        0.0000486035  -0.0000159654   0.0000287876   0.0000397830   0.0000316374
       -0.0000240251  -0.0000330334  -0.0000280503  -0.0000177097   0.0000314270
        0.0000016281  -0.0000096682   0.0000137822   0.0000186276   0.0000188212
       -0.0000372995   0.0000337767  -0.0000583139  -0.0000249697  -0.0000856343
       -0.0001404982   0.0000870515  -0.0000202196  -0.0000328991  -0.0000082959
        0.0000291807   0.0000971412   0.0000937562  -0.0000030479   0.0000289907
       -0.0000071072  -0.0006037007   0.0000526004  -0.0000805771   0.0033940439
       -0.0031852069  -0.0001587491  -0.0166511514  -0.0135431541   0.0026015084
       -0.0438341979  -0.0138462950   0.0256824029  -0.0170660623  -0.0086141998
       -0.0156518231  -0.0000243848  -0.0000398025   0.0000245076   0.0000096340
       -0.0000235503  -0.0000112968   0.0000099763  -0.0000061069  -0.0000247079
        0.0000200783  -0.0000028831  -0.0000127763   0.0000017892   0.0000259494
       -0.0000029574  -0.0000080385   0.0000408331  -0.0000120891  -0.0000409315
        0.0000294138   0.0000669235
       -0.0000768110  -0.0001709337   0.0001532687  -0.0017188729  -0.0004337898
       -0.0012702460  -0.0024373859   0.0054226628   0.0070330701   0.0227552280
        0.0203925973  -0.0269528085  -0.0243853201  -0.0206173227  -0.0120166436
       -0.0018094495  -0.0137058929   0.0551131364  -0.1403084864  -0.1578902262
        0.0185672519   0.2502158997   0.3273061671  -0.0876168350  -0.0627312352
       -0.0858642105  -0.0217642337   0.0001427764  -0.0002277053  -0.0000936721
        0.0001678998   0.0000101640  -0.0001170609   0.0000111283   0.0000267524
        0.0000266773  -0.0000151772   0.0000396519   0.0000269789   0.0000459271
       -0.0000231271  -0.0000279134  -0.0000267723  -0.0000102140   0.0000285281
       -0.0000008895  -0.0000113009   0.0000210478   0.0000135774  -0.0000085953
       -0.0000406113   0.0000081730  -0.0000414700  -0.0000523472  -0.0000216643
       -0.0001498195   0.0000267975   0.0000283432  -0.0000064483   0.0000111846
       -0.0000472812  -0.0000369863  -0.0000520620  -0.0000046851  -0.0000130857
       -0.0000326855  -0.0002063388  -0.0000604364  -0.0003066401  -0.0033350319
        0.0045575841   0.0030159515  -0.0084310297  -0.0068137561   0.0010908926
       -0.0138266892  -0.0647473800   0.0779104597  -0.0139485710  -0.0069707562
       -0.0127113964  -0.0000279685  -0.0000086682   0.0000104493   0.0000022447
       -0.0000203867  -0.0000163624  -0.0000044476   0.0000036158  -0.0000220993
       -0.0000004958   0.0000046751  -0.0000102262  -0.0000020540   0.0000178221
        0.0000034323   0.0000019901   0.0000329771  -0.0000022787  -0.0000265306
        0.0000178424   0.0000669956
       -0.0002065904  -0.0007085700   0.0005974735  -0.0016134244  -0.0006908970
       -0.0015856052   0.0010332280   0.0048220694  -0.0007672493  -0.0082888099
        0.0070257183  -0.0575746347  -0.0120875295  -0.0096475746  -0.0020510282
        0.0259406161   0.0202722730  -0.0023115874   0.0664077257   0.0649206231
       -0.1051173737   0.0622659418  -0.0876168350   0.6461236895  -0.1464571735
       -0.0679815257  -0.2135395759   0.0004806928   0.0005669201  -0.0005144603
        0.0001158288   0.0001924498   0.0000057567   0.0000072867   0.0001188403
        0.0000388251  -0.0000472458  -0.0000057453   0.0000699815   0.0000141363
        0.0000454725   0.0000044916  -0.0000291255   0.0000145808   0.0000138785
       -0.0000201661  -0.0000319235   0.0000081389   0.0000071391  -0.0000392899
       -0.0000237705   0.0001126584  -0.0000592090   0.0000925236   0.0000418411
       -0.0001783158  -0.0000357653   0.0001261517  -0.0000027500   0.0001824676
       -0.0001358919  -0.0000119487  -0.0001319426  -0.0000104226   0.0000581354
        0.0000244705  -0.0003464333  -0.0003223575   0.0008624088   0.0003253267
        0.0033281468  -0.0049884938  -0.0165380628  -0.0133108307   0.0035617719
        0.0255957359   0.0777807635  -0.2669710465   0.0032855868   0.0015885063
        0.0041632010  -0.0000173033  -0.0000661187  -0.0000052888  -0.0000059578
       -0.0000250552  -0.0000027410   0.0000191380  -0.0000282332  -0.0000305707
        0.0000328345  -0.0000184896  -0.0000304760   0.0000280098   0.0000221879
       -0.0000253805   0.0000009345   0.0000372184  -0.0000024622  -0.0000366758
       -0.0000482361  -0.0000396261
       -0.0012242575  -0.0013793287   0.0005762209   0.0024729917  -0.0002821450
       -0.0014313848  -0.0002758840   0.0049548269  -0.0263157313  -0.0784938797
       -0.0340029403   0.0484806262   0.0074134907  -0.0016573732   0.0252118579
       -0.0052578545   0.0042675797  -0.0210914624  -0.0433242630  -0.0342983658
        0.0026023007  -0.1769170878  -0.0627312352  -0.1464571735   0.4755113498
        0.2595047294   0.0739175937  -0.0000539843   0.0010460387  -0.0000667796
       -0.0006532167   0.0000920262   0.0001123364  -0.0000123485  -0.0000877146
       -0.0001674750  -0.0000038884  -0.0000923396  -0.0000042274  -0.0000941898
        0.0000287010  -0.0000325969   0.0000780018  -0.0000602508  -0.0000262058
       -0.0000035341  -0.0000005799  -0.0000101961   0.0000638152   0.0000035615
       -0.0000639353  -0.0000655843   0.0000185655   0.0002587470  -0.0001675373
        0.0003340564  -0.0001736394   0.0001670766   0.0000112380   0.0001114758
       -0.0003502927  -0.0002998234  -0.0003599778  -0.0000325514   0.0000618230
        0.0000597739  -0.0006503597  -0.0064250252   0.0006974784   0.0004181694
        0.0005954480  -0.0003448727  -0.0006093423  -0.0059541185   0.0003428618
        0.0016522778   0.0005308006   0.0006165078  -0.1793816392  -0.1240087150
        0.0434430524   0.0000236996  -0.0001039189   0.0000712383  -0.0000409029
        0.0000651949   0.0000552696  -0.0000192621   0.0000127942   0.0000665431
       -0.0000427739  -0.0000117954   0.0000228470  -0.0000212228  -0.0000407402
        0.0000258323  -0.0000313855  -0.0000918854   0.0000346542  -0.0000736304
        0.0000009112  -0.0001615592
       -0.0006639551  -0.0006587582   0.0003429641   0.0019680160  -0.0003986966
       -0.0026496558  -0.0036971385   0.0064473145  -0.0073842783  -0.0197502479
       -0.0885164783   0.0950883237  -0.0107769616  -0.0117027369   0.0188483518
        0.0033151246  -0.0019373418  -0.0017028197  -0.0216204557  -0.0124225161
       -0.0096679309  -0.0783996981  -0.0858642105  -0.0679815257   0.2595047294
        0.3238943623  -0.0749377958   0.0003103366   0.0005660010  -0.0000980470
        0.0002114159   0.0001053359   0.0000428642   0.0000770304   0.0000125422
       -0.0000478299  -0.0000458006  -0.0000329531   0.0000518541  -0.0001555613
        0.0002569586   0.0001700327  -0.0000040032   0.0000254047   0.0000359401
       -0.0000284526  -0.0000888170   0.0000270615  -0.0000526299  -0.0001151586
        0.0000716098   0.0001347786  -0.0002416025   0.0001073663   0.0002438155
        0.0000211878   0.0000012207   0.0000921413   0.0000147653   0.0001033511
       -0.0001565851  -0.0001040079  -0.0001880347  -0.0000111571   0.0000135063
        0.0000224972  -0.0059649752   0.0022030208   0.0020500228   0.0005267806
        0.0003535667  -0.0002165769  -0.0063166396   0.0023891315   0.0018603276
        0.0050604990   0.0030150605   0.0067450118  -0.1238050787  -0.1369958202
        0.0393854032  -0.0000863399  -0.0001122352   0.0000758457  -0.0000068982
       -0.0000512398   0.0000053561   0.0000054517  -0.0000383614  -0.0000133122
        0.0000382829  -0.0000047009  -0.0000325756   0.0000146092   0.0000158040
       -0.0000292931   0.0000202718   0.0000394257  -0.0000295910   0.0000192948
       -0.0000877525  -0.0000561378
       -0.0009073432  -0.0009043108   0.0003423496   0.0095482364   0.0016856668
        0.0008219125  -0.0200193270  -0.0044487120  -0.0510328096  -0.0023359938
        0.0580568428  -0.2620005089   0.0625493844   0.0491367423  -0.0008106429
       -0.0170250734  -0.0000334520  -0.0571251966  -0.0439066007  -0.0446044384
        0.0454973147  -0.0861413801  -0.0217642337  -0.2135395759   0.0739175937
       -0.0749377958   0.6191181084  -0.0004401368   0.0003019735  -0.0000000295
       -0.0002877225  -0.0001356952   0.0002876674  -0.0000309901   0.0000894663
        0.0000503307   0.0000503754   0.0000857876  -0.0000576240   0.0000139151
       -0.0001492837  -0.0000480427  -0.0000083570   0.0000127977   0.0000070121
        0.0000025481   0.0000556577   0.0000100607  -0.0000312975   0.0000948448
       -0.0000237678   0.0000176320  -0.0000538224  -0.0002574218  -0.0000224634
        0.0001320611   0.0000193519   0.0001696276   0.0000559628   0.0001561796
       -0.0000514000  -0.0000930908  -0.0000720148  -0.0000043074   0.0001454964
        0.0002366655   0.0002838202   0.0015397647   0.0006262944  -0.0002642940
       -0.0002878076  -0.0004739134   0.0005768174   0.0023139103   0.0010813842
       -0.0184187951  -0.0071122553  -0.0247230858   0.0428097910   0.0402637636
       -0.0581375726   0.0000598451   0.0001701061  -0.0001491614  -0.0000276289
        0.0001051130   0.0000162910  -0.0000272230   0.0000466955   0.0000135604
       -0.0000433309   0.0000316976   0.0000415912  -0.0000370894   0.0000039973
        0.0000452400  -0.0000094926  -0.0000148452   0.0000129292   0.0000406606
        0.0002113952   0.0000671243
        0.0074650323  -0.0018429593  -0.0044968894  -0.0842969840   0.0319402589
        0.0451584708  -0.0486367890   0.0249742307   0.0192323837   0.0029391897
        0.0007628361   0.0048101040  -0.0005378717  -0.0005146238  -0.0001232055
        0.0003557553   0.0003097143   0.0004049268  -0.0000460868  -0.0000002854
       -0.0003054619  -0.0000197108   0.0001427764   0.0004806928  -0.0000539843
        0.0003103366  -0.0004401368   0.3300350152   0.0140183560  -0.2049890495
       -0.0656139761  -0.0009180952   0.0223134580   0.0130481389   0.0136954857
       -0.0149271162  -0.0083606685  -0.0163440438   0.0054232499  -0.0185135060
        0.0158922650   0.0223990671  -0.0003704794  -0.0022995191   0.0074507897
       -0.0031019804   0.0068127642   0.0031772131   0.0110958423  -0.0000925082
       -0.0061029777  -0.0073441703  -0.0219706804   0.0081325258  -0.1265364095
       -0.0482991510   0.0902792277  -0.0000173405  -0.0004660246  -0.0002685192
        0.0006148901   0.0001292628  -0.0001750354  -0.0010633620  -0.0010726428
       -0.0030360439   0.0000819701  -0.0000323841  -0.0000556493  -0.0000347524
       -0.0000403811   0.0000331685  -0.0000191048  -0.0000472634  -0.0000736713
        0.0000691833   0.0000495317  -0.0000380890  -0.0000477213   0.0002269115
       -0.0003968641  -0.0011767406  -0.0181924202   0.0025093492   0.0018750550
        0.0024677007   0.0050232512   0.0001642412  -0.0003308508  -0.0000222691
       -0.0007258368  -0.0003563238   0.0004889185  -0.0007811620   0.0000597079
       -0.0007765031   0.0002388713   0.0000825535   0.0002150912  -0.0006845475
        0.0009454649  -0.0013044067
        0.0030444149  -0.0056222972  -0.0150503877   0.0327463477  -0.1010387224
       -0.0460479885   0.0217522801   0.0103439132  -0.0165807419  -0.0013078327
       -0.0033961653   0.0051105786  -0.0009880018  -0.0002648813  -0.0008060266
       -0.0003176645   0.0002224683   0.0001451136  -0.0002794146  -0.0001758552
       -0.0001711777   0.0000189887  -0.0002277053   0.0005669201   0.0010460387
        0.0005660010   0.0003019735   0.0140183560   0.6510932326   0.0093075421
       -0.0390060046  -0.3549761646   0.0335893558   0.0477859386  -0.0458902917
       -0.0572661935  -0.0209325021  -0.0352466363   0.0232798262   0.0009731238
        0.0434494782  -0.0009681993  -0.0027973321  -0.0103374198   0.0031096288
       -0.0049870375   0.0116826711   0.0055233048   0.0121191517  -0.0062840043
       -0.0136397578  -0.0264116034  -0.0422178650   0.0311786228  -0.0355349466
       -0.0924665445   0.0391151312   0.0001969025  -0.0002649818  -0.0008421826
        0.0001842885  -0.0001056915   0.0003629273  -0.0003187599   0.0002587912
       -0.0024933540  -0.0001435310  -0.0001327320   0.0000851369  -0.0000015363
       -0.0000603661  -0.0000196409   0.0000113232  -0.0000558334   0.0000113478
        0.0000820620   0.0000177868   0.0001712900   0.0003699107  -0.0005236454
        0.0004608478  -0.0031159256  -0.0169139363   0.0034319566   0.0024499148
       -0.0016819436  -0.0028175685  -0.0002248904  -0.0001562004   0.0004237480
        0.0007104093   0.0000222408  -0.0008357770   0.0000472220   0.0001230358
       -0.0000317234  -0.0007438995  -0.0007663229   0.0009030993  -0.0004457907
        0.0010265875   0.0004923682
        0.0070376665  -0.0187524127  -0.0181497415   0.0403133234  -0.0468601311
       -0.1209776335   0.0138700439  -0.0101465889   0.0111107426  -0.0005457323
        0.0034461546  -0.0019521236   0.0004505910   0.0003258702   0.0003980850
        0.0002569488  -0.0004774041   0.0000925658   0.0001633642   0.0001224078
       -0.0000617761  -0.0000024625  -0.0000936721  -0.0005144603  -0.0000667796
       -0.0000980470  -0.0000000295  -0.2049890495   0.0093075421   0.3792695536
        0.0226285402  -0.0101569227  -0.0655697486  -0.0130505930  -0.0162855519
        0.0152146866   0.0047738031   0.0178138415  -0.0087465767   0.0223496626
       -0.0166423249  -0.0249515604   0.0074360594   0.0022230043  -0.0025182545
        0.0031876770  -0.0076305370  -0.0034858193  -0.0058740877   0.0004709846
        0.0126441046   0.0087596593   0.0248143207  -0.0097319361   0.0898513826
        0.0543287940  -0.1559513444   0.0003827459   0.0000381161   0.0002434420
        0.0001991270  -0.0003328418   0.0001750190  -0.0017070533  -0.0025383503
       -0.0031151539   0.0000323837   0.0001060601  -0.0000057845  -0.0000260848
        0.0000269303  -0.0000261620  -0.0000549012   0.0000750041   0.0000117299
       -0.0000895534  -0.0000283335  -0.0001126847  -0.0004301643   0.0003662750
        0.0000110864   0.0021547817   0.0200519771  -0.0017563754   0.0046326049
       -0.0029201396   0.0003602195  -0.0001308947   0.0003539110   0.0000884381
        0.0006248181   0.0004348299  -0.0009012063  -0.0007731316  -0.0000881401
       -0.0005912677   0.0000659763  -0.0000274116  -0.0000516675  -0.0014306716
       -0.0012272143  -0.0004483666
       -0.0006614524   0.0006911877   0.0008123841   0.0028400409   0.0153983665
       -0.0005047177  -0.0029134476  -0.0006970351   0.0025695797   0.0003542017
        0.0005847522  -0.0001644393   0.0003449785  -0.0001240028  -0.0001186774
        0.0000088229   0.0000300078  -0.0000541170  -0.0000451874  -0.0000742616
        0.0001095850   0.0001615449   0.0001678998   0.0001158288  -0.0006532167
        0.0002114159  -0.0002877225  -0.0656139761  -0.0390060046   0.0226285402
        0.3424749198   0.0211153402  -0.2611863074  -0.1252202350   0.0867352258
        0.0899771183  -0.0287018952  -0.0097301897   0.0336356310  -0.0015270384
        0.0152938106  -0.0043492579  -0.0029230359  -0.0050110017   0.0031332028
       -0.0012088947   0.0050400866   0.0017904135   0.0036120176  -0.0010146754
       -0.0038154939  -0.0008188446  -0.0067658201   0.0074098328   0.0061918498
       -0.0141819529  -0.0051336215   0.0000119847   0.0002196938   0.0002199366
       -0.0000662233  -0.0001184479  -0.0000307033   0.0002406280   0.0000923976
        0.0004866497  -0.0000388208   0.0000138594   0.0000128094  -0.0000699043
       -0.0000263939  -0.0000260835  -0.0000205312  -0.0000270049  -0.0000436906
       -0.0000144226  -0.0000220880  -0.0000800737  -0.0000099224  -0.0000606251
        0.0000104436  -0.1295647699  -0.0670721925   0.1065901847   0.0014072197
        0.0000047170   0.0000049706   0.0031089724  -0.0016672117   0.0068174299
        0.0000222881  -0.0000399555  -0.0002896342   0.0000580534   0.0000803875
       -0.0000058172  -0.0005684047  -0.0001578745  -0.0002711584  -0.0001972994
        0.0001175895   0.0000369746
        0.0008751489   0.0005719545   0.0005692340   0.0112121748  -0.0272342327
       -0.0100917800  -0.0037756945   0.0011783640  -0.0011232433   0.0000516686
       -0.0004413709   0.0004607429  -0.0000264620  -0.0000284396  -0.0002396143
       -0.0000958565   0.0000508028  -0.0001277481  -0.0000793084  -0.0000964475
        0.0001372946   0.0000996667   0.0000101640   0.0001924498   0.0000920262
        0.0001053359  -0.0001356952  -0.0009180952  -0.3549761646  -0.0101569227
        0.0211153402   0.6684692800  -0.0058598866   0.0350058684  -0.1558489774
       -0.0421358274   0.0261298856   0.0518691069  -0.0288262678   0.0021445946
       -0.0410779302  -0.0033368750   0.0067595488   0.0117026955  -0.0076564466
        0.0051683818  -0.0142634212  -0.0056629587  -0.0119734942   0.0005025487
        0.0139292194   0.0051378031   0.0197083857  -0.0063473447  -0.0425964468
       -0.0472762240   0.0488546188   0.0001830112   0.0000851128  -0.0000397217
       -0.0000743057  -0.0001172942   0.0000784069  -0.0003372510   0.0001587207
       -0.0003072014  -0.0001374892  -0.0000924759   0.0001132210  -0.0000377398
       -0.0000452345   0.0000093592  -0.0000334713  -0.0000240335  -0.0000197462
       -0.0000048767   0.0000179340   0.0000189490  -0.0001133445  -0.0001353097
        0.0001496405  -0.0668941412  -0.0928652104   0.0737623782   0.0153725340
       -0.0203444958  -0.0182297031  -0.0022027764  -0.0000045340   0.0022450949
        0.0000397693   0.0001568604  -0.0000718695   0.0000360710   0.0000110372
       -0.0000971369  -0.0001629236   0.0000259938   0.0001392444   0.0000401839
        0.0002474994  -0.0001938644
        0.0011176923  -0.0001490356  -0.0022529017   0.0020725068  -0.0198221458
       -0.0001666826   0.0010814003   0.0001134478  -0.0024259429  -0.0006851093
       -0.0008612030   0.0005338241  -0.0001498146   0.0002256328   0.0000112482
        0.0000089292   0.0000721935   0.0000117045   0.0000405834   0.0000037904
       -0.0000088255  -0.0000960907  -0.0001170609   0.0000057567   0.0001123364
        0.0000428642   0.0002876674   0.0223134580   0.0335893558  -0.0655697486
       -0.2611863074  -0.0058598866   0.4066949349   0.0879415096  -0.1013801351
       -0.1509449150   0.0345497369   0.0124215104  -0.0378296467  -0.0045633808
       -0.0178960135  -0.0009721867   0.0032973232   0.0058350825  -0.0038764497
        0.0019356490  -0.0058447668  -0.0016918155  -0.0038171623   0.0011531998
        0.0046262301   0.0072754968   0.0077914846  -0.0029575741  -0.0047163073
        0.0158296533   0.0083669340  -0.0000358268  -0.0002728097  -0.0001704786
        0.0001753756   0.0001548683   0.0001163305  -0.0001204147  -0.0001297068
       -0.0006192167   0.0000648546  -0.0000198939  -0.0001129994   0.0000427114
        0.0000116516  -0.0000002127   0.0000219789  -0.0000057656  -0.0000139847
        0.0000209824   0.0000276497   0.0000285309   0.0000453916   0.0000531136
       -0.0000555414   0.1066733076   0.0741012662  -0.1528492316   0.0003401591
       -0.0006116860   0.0007959229   0.0068225988   0.0016690053   0.0016776353
       -0.0003004375   0.0000498293   0.0000918908  -0.0000249677  -0.0001040915
        0.0000402644  -0.0002940913   0.0001434249  -0.0005051008   0.0000359285
       -0.0002148229  -0.0002654199
       -0.0007333132   0.0009753512   0.0008774793   0.0057284732  -0.0006639674
        0.0041871401   0.0015642119  -0.0007250701  -0.0014836553  -0.0002610384
       -0.0002765143  -0.0002105163   0.0000087796   0.0000283767   0.0000692058
       -0.0000311382   0.0000059264  -0.0000413963  -0.0000275132  -0.0000337844
        0.0000280668   0.0000042323   0.0000111283   0.0000072867  -0.0000123485
        0.0000770304  -0.0000309901   0.0130481389   0.0477859386  -0.0130505930
       -0.1252202350   0.0350058684   0.0879415096   0.3548679691   0.0333259486
       -0.2721013461  -0.1703081395  -0.0514254620   0.1411905095  -0.0050405076
       -0.0511453275   0.0057239351   0.0109404296   0.0120680752  -0.0057411680
        0.0037132723  -0.0122586293  -0.0037307322  -0.0074086254   0.0015015938
        0.0090941247   0.0035412860   0.0101329494  -0.0043155996  -0.0221875515
       -0.0084017792   0.0194928701  -0.0000383154   0.0000051830  -0.0000335753
       -0.0000890199  -0.0000647528  -0.0000643640   0.0001561486   0.0001262959
        0.0003555495   0.0000174881  -0.0000131122  -0.0000165889   0.0000184647
        0.0000166640  -0.0000015548   0.0000085163   0.0000108785   0.0000084264
        0.0000101263  -0.0000000064   0.0000183906  -0.0000255177  -0.0000236165
        0.0000349123  -0.0105250561   0.0092280590   0.0134259482  -0.0398592190
       -0.0194975666   0.0057131430  -0.0112977699  -0.0059481142   0.0135836627
       -0.0000005215   0.0001860971  -0.0001964171  -0.0004522309  -0.0000827233
       -0.0005220449  -0.0000300319   0.0000181835   0.0000141268  -0.0000794443
        0.0000508783  -0.0002257453
        0.0000797104  -0.0000472245  -0.0008591703  -0.0018158532  -0.0048695625
        0.0012947152   0.0008020185   0.0006992618  -0.0009146521   0.0000263257
       -0.0002202631   0.0004242215  -0.0000513057   0.0000551977  -0.0000538623
        0.0000184542   0.0000526546  -0.0000128220   0.0000142583   0.0000146125
        0.0000013432   0.0000419947   0.0000267524   0.0001188403  -0.0000877146
        0.0000125422   0.0000894663   0.0136954857  -0.0458902917  -0.0162855519
        0.0867352258  -0.1558489774  -0.1013801351   0.0333259486   0.6642602163
       -0.0217946296  -0.0990810428  -0.1466607990   0.1089433254  -0.0203343396
       -0.0250489611   0.0224446154  -0.0003548093  -0.0064049780   0.0002159997
       -0.0010257808   0.0004778811   0.0012022045   0.0014283173   0.0003946793
       -0.0016855098  -0.0012011292  -0.0034382594   0.0014282519   0.0029994654
        0.0068445107  -0.0033218947   0.0000057393  -0.0001068604  -0.0001562810
        0.0001389483   0.0000257627   0.0000475447  -0.0000632295   0.0001102224
       -0.0000907560   0.0000324072  -0.0000142638  -0.0000041032  -0.0000271220
       -0.0000171524   0.0000020210  -0.0000166474  -0.0000120054  -0.0000232438
        0.0000098055  -0.0000010649  -0.0000108638   0.0000077439  -0.0000388070
       -0.0000563875  -0.0064792423   0.0065049092   0.0076478983  -0.0193044308
       -0.2971899653   0.0144388662   0.0102905941   0.0063628398  -0.0114786290
        0.0002141642  -0.0001118037  -0.0002373232  -0.0000222420  -0.0003624915
        0.0000665585   0.0000537326   0.0001389333  -0.0000580824  -0.0000554505
        0.0003027552   0.0000580252
       -0.0006480486   0.0003305681   0.0005235492   0.0031494331   0.0010096579
        0.0053802495   0.0016875262  -0.0002355353  -0.0013201562  -0.0001705875
       -0.0001046942  -0.0001982496   0.0000607377   0.0001138393  -0.0000218658
       -0.0000296173   0.0000200620  -0.0000845509  -0.0000100301   0.0000017800
        0.0000708317   0.0000486035   0.0000266773   0.0000388251  -0.0001674750
       -0.0000478299   0.0000503307  -0.0149271162  -0.0572661935   0.0152146866
        0.0899771183  -0.0421358274  -0.1509449150  -0.2721013461  -0.0217946296
        0.4204580546   0.1402232530   0.0544036167  -0.1993757182   0.0065129918
        0.0577439393  -0.0049215773  -0.0058188496  -0.0139946199   0.0125250330
       -0.0039930715   0.0140993267   0.0046432193   0.0091035870  -0.0016791929
       -0.0100225476  -0.0042715083  -0.0116859981   0.0048283387   0.0188361551
        0.0101923464  -0.0276929211   0.0000272144   0.0000013950  -0.0000534504
        0.0000150367   0.0000010636   0.0000029745   0.0001445396   0.0001656964
        0.0002567842  -0.0000207995  -0.0000054288   0.0000201079   0.0000135006
       -0.0000043438   0.0000099828   0.0000041188   0.0000009213   0.0000145253
        0.0000072171  -0.0000024357   0.0000212578   0.0000455680  -0.0000371081
       -0.0000176579   0.0133211475  -0.0103777898  -0.0139797586   0.0058389112
        0.0146184322  -0.0403584431   0.0138875141   0.0068472416  -0.0148603382
       -0.0001708504  -0.0002227262   0.0000682983  -0.0004877229   0.0000617177
       -0.0002897627   0.0000705337  -0.0000121160   0.0000077814  -0.0001576846
       -0.0000318121   0.0000070819
       -0.0000043595  -0.0000830591  -0.0001498803  -0.0008474553   0.0002758398
        0.0004365415   0.0004330758   0.0000600294  -0.0000016013   0.0000394024
        0.0000176574   0.0000655058   0.0000019613   0.0000041340   0.0000244503
        0.0000216743  -0.0000043876   0.0000083255   0.0000114760   0.0000031779
       -0.0000047599  -0.0000159654  -0.0000151772  -0.0000472458  -0.0000038884
       -0.0000458006   0.0000503754  -0.0083606685  -0.0209325021   0.0047738031
       -0.0287018952   0.0261298856   0.0345497369  -0.1703081395  -0.0990810428
        0.1402232530   0.3753082253   0.0153688852  -0.2950345541  -0.0611404555
        0.0100030143   0.0112325295  -0.0071685842  -0.0277020937   0.0088183932
       -0.0007341773   0.0056684205   0.0075809477   0.0036915984  -0.0012478108
       -0.0043794120   0.0001904128  -0.0020765593   0.0069608972   0.0111430705
        0.0179640665  -0.0114760200  -0.0000607622  -0.0000036751  -0.0000500138
        0.0000139180   0.0000630481   0.0000237841   0.0000472519  -0.0000346101
       -0.0000533407   0.0000284766   0.0000161796  -0.0000203042   0.0000031762
       -0.0000012963   0.0000013266  -0.0000000265   0.0000032160  -0.0000049720
       -0.0000037858  -0.0000004244   0.0000018131   0.0000289852  -0.0000020267
       -0.0000115240   0.0018720622   0.0019189589   0.0049854784  -0.0016506573
       -0.0027469709   0.0026644707  -0.1120238703   0.0779951710   0.0905897572
       -0.0007799020  -0.0012877889  -0.0013229327  -0.0000466157  -0.0009854425
        0.0003336819  -0.0007990276  -0.0000832652  -0.0007556623  -0.0001845305
        0.0008422493  -0.0000128479
        0.0001283695  -0.0000197227  -0.0000479286   0.0001900388  -0.0005723056
       -0.0000796436  -0.0002645297   0.0002285263  -0.0000267771   0.0000025420
        0.0000184706  -0.0000011069   0.0000254885   0.0000155394   0.0000172959
       -0.0000002966   0.0000132631   0.0000081052  -0.0000113302  -0.0000007988
        0.0000119244   0.0000287876   0.0000396519  -0.0000057453  -0.0000923396
       -0.0000329531   0.0000857876  -0.0163440438  -0.0352466363   0.0178138415
       -0.0097301897   0.0518691069   0.0124215104  -0.0514254620  -0.1466607990
        0.0544036167   0.0153688852   0.6141234592  -0.0083187054  -0.0116441398
       -0.2783002026   0.0108524556  -0.0219740165  -0.0453135208   0.0247198648
       -0.0071137011   0.0205311123   0.0077936439   0.0103663817  -0.0036945576
       -0.0119488733  -0.0021314169  -0.0113833718   0.0024636418   0.0321934836
       -0.0230351280  -0.0377035203  -0.0000057424   0.0000121292  -0.0000326672
        0.0001292352   0.0000472333   0.0000523472  -0.0000064455   0.0000711220
       -0.0000268427   0.0000140321   0.0000181896  -0.0000112418   0.0000048793
        0.0000022987  -0.0000041809   0.0000101031   0.0000073014   0.0000012879
        0.0000303748  -0.0000051266  -0.0000008372   0.0000540955  -0.0000419298
       -0.0001098723   0.0024499802  -0.0011274254  -0.0027326638  -0.0186819391
       -0.0165804461   0.0208005955   0.0770483398  -0.1254228430  -0.0891229911
        0.0012593667   0.0012641155  -0.0013787387   0.0001072190  -0.0004111768
       -0.0000423076   0.0001366426   0.0002326079  -0.0000739031  -0.0001226523
       -0.0006451829   0.0002226286
        0.0000124748   0.0000665938   0.0001660739   0.0007802331  -0.0002580542
       -0.0006835505  -0.0004983641  -0.0000499852   0.0000882200  -0.0000637789
       -0.0000344871  -0.0001419739   0.0000164451   0.0000156719  -0.0000280718
       -0.0000086209  -0.0000061085  -0.0000285247  -0.0000014049  -0.0000005871
        0.0000279577   0.0000397830   0.0000269789   0.0000699815  -0.0000042274
        0.0000518541  -0.0000576240   0.0054232499   0.0232798262  -0.0087465767
        0.0336356310  -0.0288262678  -0.0378296467   0.1411905095   0.1089433254
       -0.1993757182  -0.2950345541  -0.0083187054   0.4463336098   0.0107573000
       -0.0150251823  -0.0647858999   0.0087506415   0.0314571176  -0.0091781017
        0.0075354568  -0.0059893875  -0.0027276042  -0.0040959218   0.0013759866
        0.0046070674   0.0068773984   0.0022706209  -0.0017401172  -0.0111459664
       -0.0206636917   0.0140678138   0.0000607624  -0.0000124306   0.0000711787
       -0.0000085063  -0.0000386012  -0.0000341703  -0.0000397621   0.0000254704
        0.0000555833  -0.0000361047  -0.0000351811   0.0000394444  -0.0000041880
       -0.0000040449   0.0000069953  -0.0000006930  -0.0000026105   0.0000127131
        0.0000114964  -0.0000025396   0.0000212566  -0.0000405196  -0.0000361417
       -0.0000048351   0.0048630992  -0.0024403155   0.0003726760   0.0020996821
        0.0026780835  -0.0017924398   0.0906756103  -0.0900859839  -0.1374326568
       -0.0012879882   0.0014726572  -0.0004233062   0.0002765028   0.0011490373
       -0.0001942997  -0.0007575087   0.0000457235  -0.0005952132   0.0000218325
       -0.0010286414  -0.0001402407
       -0.0002745264   0.0007551009   0.0004048226   0.0025326553  -0.0025003018
        0.0039643296   0.0000769374   0.0004992809  -0.0009932015   0.0000807018
       -0.0002332104   0.0002554518  -0.0000405325  -0.0000175979  -0.0000418588
       -0.0000152571   0.0000307893   0.0000184671  -0.0000194755  -0.0000085387
       -0.0000045764   0.0000316374   0.0000459271   0.0000141363  -0.0000941898
       -0.0001555613   0.0000139151  -0.0185135060   0.0009731238   0.0223496626
       -0.0015270384   0.0021445946  -0.0045633808  -0.0050405076  -0.0203343396
        0.0065129918  -0.0611404555  -0.0116441398   0.0107573000   0.3457412490
        0.0142741598  -0.2439535732  -0.1376797874  -0.0320627483   0.0992169547
        0.0062089324  -0.0447666698  -0.0055767808  -0.0230917222   0.0033663783
        0.0197076421   0.0113120777   0.0336500130  -0.0120018454  -0.1217390135
        0.0464577662   0.0756733340  -0.0000392837  -0.0000289834  -0.0001062559
        0.0000201315   0.0000947230   0.0000254717   0.0001319176   0.0001653160
        0.0001540403   0.0000307841   0.0000190118  -0.0000209603   0.0000117109
        0.0000059405   0.0000003807   0.0000171151   0.0000023265   0.0000069013
        0.0000067963   0.0000037144  -0.0000150791   0.0000041220   0.0001336874
       -0.0000877432   0.0001935194   0.0002684920  -0.0004228365   0.0032769535
       -0.0021297701   0.0070585199   0.0005404072   0.0160708842   0.0009459823
       -0.0104461510  -0.0046031049   0.0139308432   0.0060841553   0.0001760482
        0.0041699190  -0.0004513064   0.0000376051   0.0001440770   0.0038109492
       -0.0006899168   0.0024629487
       -0.0001850390   0.0000857543   0.0000476451  -0.0012509473  -0.0011736392
        0.0019887247  -0.0003772225   0.0006841976  -0.0003842715   0.0000913721
       -0.0001200335   0.0001794683  -0.0001217913  -0.0001065371  -0.0000723783
        0.0000255781   0.0000255002   0.0000323859  -0.0000095853  -0.0000354556
       -0.0000122871  -0.0000240251  -0.0000231271   0.0000454725   0.0000287010
        0.0002569586  -0.0001492837   0.0158922650   0.0434494782  -0.0166423249
        0.0152938106  -0.0410779302  -0.0178960135  -0.0511453275  -0.0250489611
        0.0577439393   0.0100030143  -0.2783002026  -0.0150251823   0.0142741598
        0.6458788005  -0.0129381942  -0.0541763239  -0.0989809485   0.0630910076
       -0.0137722070  -0.0477512799   0.0162681150  -0.0088546911   0.0067743960
        0.0100768579   0.0180904938  -0.0238205099  -0.0204569890   0.0467150384
       -0.1562608079  -0.0546023582   0.0000369651   0.0000162987   0.0000432463
       -0.0000602224  -0.0001233365  -0.0000712788  -0.0000474842  -0.0000072213
        0.0001098508  -0.0000295482  -0.0000283480   0.0000304388  -0.0000163670
       -0.0000098495   0.0000066348  -0.0000223691  -0.0000138249  -0.0000201408
        0.0000091525   0.0000162039   0.0000170700  -0.0000139297  -0.0001472585
        0.0000261950   0.0002552860  -0.0003347068  -0.0005115577  -0.0014848227
        0.0002045447   0.0014161959   0.0017333821  -0.0196366925  -0.0020611939
        0.0097219615   0.0060422270  -0.0112332779  -0.0004275770  -0.0056876281
        0.0006171587  -0.0000583573   0.0008432278  -0.0000021416  -0.0000933428
       -0.0055892889   0.0003384669
       -0.0003688690   0.0000589037   0.0003195580   0.0031879985   0.0029680651
        0.0013245962   0.0022210138  -0.0012707275  -0.0005774713  -0.0003961859
       -0.0000871150  -0.0005189309   0.0001036151   0.0000699989   0.0000449011
       -0.0000358134  -0.0000311678  -0.0000806624  -0.0000145330  -0.0000418049
        0.0000682163  -0.0000330334  -0.0000279134   0.0000044916  -0.0000325969
        0.0001700327  -0.0000480427   0.0223990671  -0.0009681993  -0.0249515604
       -0.0043492579  -0.0033368750  -0.0009721867   0.0057239351   0.0224446154
       -0.0049215773   0.0112325295   0.0108524556  -0.0647858999  -0.2439535732
       -0.0129381942   0.4163117909   0.0997434793   0.0375668363  -0.1661449190
       -0.0055641290   0.0512955477   0.0069768706   0.0192983197  -0.0038529765
       -0.0280246656  -0.0112824627  -0.0369082613   0.0148187961   0.0744496254
       -0.0553458251  -0.1440369043   0.0000636765   0.0000182926   0.0000488012
       -0.0001161796  -0.0001349313  -0.0000652546  -0.0000185750   0.0000223445
        0.0001891887  -0.0000263116  -0.0000181730   0.0000292873  -0.0000032458
       -0.0000019026   0.0000149565  -0.0000080557  -0.0000116315   0.0000128117
       -0.0000192370  -0.0000000096   0.0000409735  -0.0000124895  -0.0001442061
        0.0000988602  -0.0004878095  -0.0003129355   0.0001972023   0.0071611825
        0.0020854233   0.0017228079   0.0007898990  -0.0186266168   0.0001010596
        0.0134824294   0.0052997816  -0.0147491506   0.0041076865   0.0000123714
        0.0048807490   0.0002159810  -0.0000699699  -0.0004092182   0.0025419198
        0.0012647676   0.0030805248
        0.0000991720   0.0000043344   0.0000257278  -0.0007311084  -0.0002013447
        0.0005459072   0.0001762920   0.0000955748  -0.0000102640  -0.0000133466
       -0.0000235382  -0.0000107208  -0.0000151659   0.0000123309   0.0000222406
       -0.0000074580   0.0000008326  -0.0000048725  -0.0000088530   0.0000016654
       -0.0000093506  -0.0000280503  -0.0000267723  -0.0000291255   0.0000780018
       -0.0000040032  -0.0000083570  -0.0003704794  -0.0027973321   0.0074360594
       -0.0029230359   0.0067595488   0.0032973232   0.0109404296  -0.0003548093
       -0.0058188496  -0.0071685842  -0.0219740165   0.0087506415  -0.1376797874
       -0.0541763239   0.0997434793   0.3285312544  -0.0142303850  -0.2471442546
       -0.0657126315   0.0093115025   0.0255815975   0.0129422710   0.0141316953
       -0.0140120255  -0.0083528536  -0.0153612333   0.0058780020  -0.0176292579
        0.0158452726   0.0211229660  -0.0000329952   0.0000292587  -0.0000013309
       -0.0000952467  -0.0000018949   0.0000234750   0.0000311251  -0.0000461898
       -0.0000675568  -0.0000086248   0.0000115338  -0.0000160982   0.0000024925
        0.0000100666  -0.0000082539   0.0000017783   0.0000131587  -0.0000050156
       -0.0000073558   0.0000076553   0.0000038189  -0.0000043342  -0.0000049948
        0.0000594112  -0.0007105627   0.0001849459  -0.0007896794   0.0001742060
        0.0001918979   0.0000472998  -0.0004962074   0.0013488474  -0.0014867838
       -0.1114817512   0.0774568118   0.0894829818  -0.0014946194  -0.0183216869
        0.0027472700   0.0018170147   0.0025446934   0.0048588397   0.0001782724
       -0.0004371019  -0.0002045023
        0.0000058871  -0.0000185498   0.0000570961   0.0004005103   0.0005181536
       -0.0005932460   0.0001697972  -0.0002269511   0.0001387305   0.0000035668
        0.0000031590  -0.0000248170   0.0000246098   0.0000177087   0.0000093615
        0.0000012853  -0.0000063576  -0.0000146194  -0.0000002886  -0.0000085510
        0.0000118770  -0.0000177097  -0.0000102140   0.0000145808  -0.0000602508
        0.0000254047   0.0000127977  -0.0022995191  -0.0103374198   0.0022230043
       -0.0050110017   0.0117026955   0.0058350825   0.0120680752  -0.0064049780
       -0.0139946199  -0.0277020937  -0.0453135208   0.0314571176  -0.0320627483
       -0.0989809485   0.0375668363  -0.0142303850   0.7069918842   0.0109777665
       -0.0375532868  -0.3770051878   0.0478011610   0.0494996496  -0.0448579169
       -0.0562475829  -0.0197495560  -0.0355936265   0.0232423458   0.0011867501
        0.0440349499  -0.0019230279  -0.0000301641   0.0000119119   0.0000083609
       -0.0000228165  -0.0000624993  -0.0000288871  -0.0000049737  -0.0000164648
        0.0000131048   0.0000089878  -0.0000041536  -0.0000045197  -0.0000001155
       -0.0000086693   0.0000006855  -0.0000085249  -0.0000094073  -0.0000007577
        0.0000071968  -0.0000025509  -0.0000090715   0.0000328389  -0.0000410458
       -0.0000004935   0.0000138194   0.0000924140   0.0000592210  -0.0009039635
       -0.0008824520   0.0009899073  -0.0011324256   0.0007271201   0.0013845242
        0.0780408690  -0.1269009019  -0.0903592848  -0.0025518479  -0.0161430416
        0.0030781634   0.0022829282  -0.0012742732  -0.0022700537  -0.0004051002
       -0.0000157201   0.0005892564
       -0.0000141963   0.0000020694   0.0000109340   0.0004667881   0.0002087335
       -0.0008685559  -0.0002269728  -0.0001739055   0.0001240334   0.0000458972
        0.0000453005  -0.0000154886  -0.0000163589   0.0000043625  -0.0000326636
        0.0000314010   0.0000142922   0.0000108452   0.0000256990   0.0000290286
       -0.0000054335   0.0000314270   0.0000285281   0.0000138785  -0.0000262058
        0.0000359401   0.0000070121   0.0074507897   0.0031096288  -0.0025182545
        0.0031332028  -0.0076564466  -0.0038764497  -0.0057411680   0.0002159997
        0.0125250330   0.0088183932   0.0247198648  -0.0091781017   0.0992169547
        0.0630910076  -0.1661449190  -0.2471442546   0.0109777665   0.3984777197
        0.0262311097  -0.0068322151  -0.0739891395  -0.0146143486  -0.0154329658
        0.0182992348   0.0058778337   0.0182290693  -0.0106658569   0.0220538087
       -0.0189127950  -0.0236129211   0.0000237219  -0.0000327014   0.0000277905
        0.0001017245   0.0000282855   0.0000059437  -0.0000275618   0.0000360955
        0.0000488839  -0.0000007442  -0.0000170410   0.0000175329  -0.0000089170
       -0.0000001912   0.0000013740   0.0000007112   0.0000051267  -0.0000053515
        0.0000253851  -0.0000012035   0.0000158607   0.0000177873  -0.0000193005
       -0.0000839411  -0.0008150913  -0.0001399072  -0.0005459237   0.0000214571
       -0.0002028200   0.0001195928  -0.0015846894  -0.0015300188  -0.0001678115
        0.0895794127  -0.0890540046  -0.1361900298   0.0025053537   0.0214064403
       -0.0025221453   0.0048710843  -0.0026759259   0.0005962647  -0.0003094339
        0.0004939024   0.0001210530
        0.0001264004  -0.0000437897   0.0000534808  -0.0001242162   0.0001272835
       -0.0001536552   0.0001353379  -0.0000429981   0.0000873986   0.0000022634
       -0.0000070140  -0.0000266411   0.0000193507   0.0000212740  -0.0000010811
       -0.0000134495  -0.0000058829  -0.0000048700  -0.0000090407  -0.0000047134
       -0.0000020933   0.0000016281  -0.0000008895  -0.0000201661  -0.0000035341
       -0.0000284526   0.0000025481  -0.0031019804  -0.0049870375   0.0031876770
       -0.0012088947   0.0051683818   0.0019356490   0.0037132723  -0.0010257808
       -0.0039930715  -0.0007341773  -0.0071137011   0.0075354568   0.0062089324
       -0.0137722070  -0.0055641290  -0.0657126315  -0.0375532868   0.0262311097
        0.3419094041   0.0149884835  -0.2601808630  -0.1279563229   0.0881233093
        0.0871482410  -0.0285069270  -0.0105988979   0.0339177421  -0.0019624770
        0.0157288902  -0.0047167721  -0.0000528847  -0.0000028479   0.0000036906
       -0.0001319718  -0.0000312345   0.0000055928   0.0000186643  -0.0000503254
       -0.0000605527   0.0000074337   0.0000096498  -0.0000106010   0.0000014056
        0.0000044083  -0.0000026792   0.0000059936   0.0000049846   0.0000032049
       -0.0000180208  -0.0000041537  -0.0000060378  -0.0000127257  -0.0000092605
        0.0000645668   0.0000727067   0.0000876929  -0.0000073703  -0.0005980117
       -0.0001160934  -0.0003140981  -0.0001739632   0.0000813189   0.0000790353
        0.0004105628   0.0168585707   0.0002472022  -0.1268930458  -0.0649604187
        0.1071586703   0.0011517735   0.0004539269   0.0004297180   0.0034291456
       -0.0012991888   0.0069736974
       -0.0000525632  -0.0001449029  -0.0000333758  -0.0002030804   0.0001678876
       -0.0000249739   0.0000811105  -0.0000284103  -0.0000062352  -0.0000444278
       -0.0000016890  -0.0000490889  -0.0000162381  -0.0000120359  -0.0000006385
        0.0000303931   0.0000014758   0.0000148702   0.0000253805   0.0000179860
        0.0000027805  -0.0000096682  -0.0000113009  -0.0000319235  -0.0000005799
       -0.0000888170   0.0000556577   0.0068127642   0.0116826711  -0.0076305370
        0.0050400866  -0.0142634212  -0.0058447668  -0.0122586293   0.0004778811
        0.0140993267   0.0056684205   0.0205311123  -0.0059893875  -0.0447666698
       -0.0477512799   0.0512955477   0.0093115025  -0.3770051878  -0.0068322151
        0.0149884835   0.6854966335  -0.0269940221   0.0371651499  -0.1570902789
       -0.0389882878   0.0250235533   0.0521485112  -0.0298860611   0.0031175691
       -0.0418619349  -0.0029134750   0.0000325474  -0.0000174576  -0.0000009204
        0.0000660346   0.0000779349   0.0000363682  -0.0000015752   0.0000137120
        0.0000027732   0.0000028232   0.0000058880  -0.0000042024   0.0000154781
        0.0000080979   0.0000018489   0.0000126700   0.0000097855   0.0000045563
       -0.0000055193   0.0000063670   0.0000043966   0.0000041779   0.0000910823
       -0.0000481064   0.0000119457   0.0000082829  -0.0000847869  -0.0001934199
        0.0000120610   0.0001260666   0.0000263447   0.0003951130  -0.0001220371
        0.0011807121  -0.0207406361  -0.0005219033  -0.0650452706  -0.0920665473
        0.0758528899   0.0159340790  -0.0201107148  -0.0178769316  -0.0019535848
        0.0000421316   0.0023867939
        0.0000018750   0.0000243253  -0.0000491143  -0.0000834215  -0.0001114760
       -0.0002134809  -0.0002999969   0.0000617477   0.0000383637   0.0000185021
        0.0000081368   0.0000584143  -0.0000297270  -0.0000377338  -0.0000142315
        0.0000156686   0.0000054855   0.0000199363   0.0000118144   0.0000117014
        0.0000055336   0.0000137822   0.0000210478   0.0000081389  -0.0000101961
        0.0000270615   0.0000100607   0.0031772131   0.0055233048  -0.0034858193
        0.0017904135  -0.0056629587  -0.0016918155  -0.0037307322   0.0012022045
        0.0046432193   0.0075809477   0.0077936439  -0.0027276042  -0.0055767808
        0.0162681150   0.0069768706   0.0255815975   0.0478011610  -0.0739891395
       -0.2601808630  -0.0269940221   0.4126410465   0.0886345983  -0.0980162332
       -0.1483388489   0.0332195512   0.0108249786  -0.0370576513  -0.0041232818
       -0.0172522963  -0.0005090263   0.0000149623  -0.0000245488   0.0000041445
        0.0000926387   0.0000442248   0.0000118130  -0.0000188537   0.0000388634
        0.0000365481  -0.0000047650  -0.0000086925   0.0000158555  -0.0000034601
       -0.0000032140   0.0000086246  -0.0000022673  -0.0000040494  -0.0000013906
        0.0000254553   0.0000045755   0.0000222698   0.0000304243   0.0000019199
       -0.0001387445  -0.0000507981  -0.0000971218   0.0000286807  -0.0002956824
        0.0001643096  -0.0005295255   0.0000496968  -0.0001056498  -0.0002404280
        0.0005178334  -0.0193282427   0.0005745790   0.1071466466   0.0756531120
       -0.1590835762  -0.0003073561   0.0002533351   0.0014548478   0.0067945610
        0.0019129848   0.0015114496
        0.0000451565  -0.0001797011  -0.0001600022  -0.0005436843   0.0004410843
        0.0001470791   0.0001385647  -0.0001389264  -0.0000333271   0.0000886928
        0.0000660928   0.0000639434  -0.0000177199  -0.0000157806  -0.0000114838
       -0.0000041695  -0.0000199372   0.0000184558  -0.0000033696   0.0000017312
       -0.0000170805   0.0000186276   0.0000135774   0.0000071391   0.0000638152
       -0.0000526299  -0.0000312975   0.0110958423   0.0121191517  -0.0058740877
        0.0036120176  -0.0119734942  -0.0038171623  -0.0074086254   0.0014283173
        0.0091035870   0.0036915984   0.0103663817  -0.0040959218  -0.0230917222
       -0.0088546911   0.0192983197   0.0129422710   0.0494996496  -0.0146143486
       -0.1279563229   0.0371651499   0.0886345983   0.3500304066   0.0155539969
       -0.2706688080  -0.1635181693  -0.0460635377   0.1393345828  -0.0035545792
       -0.0506666198   0.0063856542   0.0000106901  -0.0000223354   0.0000344910
       -0.0001385599  -0.0000045250   0.0001086717   0.0000324626  -0.0000220394
       -0.0000562426  -0.0000028793   0.0000010290  -0.0000142154   0.0000027019
       -0.0000009872  -0.0000122221   0.0000088459  -0.0000050232  -0.0000037086
        0.0000045119  -0.0000066088  -0.0000121317  -0.0001073773   0.0000509894
        0.0000163239  -0.0004513594  -0.0000272139  -0.0005385567  -0.0000412497
        0.0000193776   0.0000149779  -0.0000535117   0.0000235453  -0.0002277963
        0.0060392664  -0.0005992649   0.0040977306  -0.0103779743   0.0091058019
        0.0130811845  -0.0392110747  -0.0112700154   0.0055820409  -0.0113431225
       -0.0059325449   0.0142596129
       -0.0000224143   0.0001212042  -0.0002200693   0.0001228696  -0.0002378561
       -0.0001776563  -0.0000412270   0.0000144457  -0.0000696212   0.0000018436
        0.0000183258   0.0000139780   0.0000108966   0.0000207642   0.0000077301
        0.0000264673   0.0000038696   0.0000122077   0.0000313374   0.0000194634
        0.0000038290   0.0000188212  -0.0000085953  -0.0000392899   0.0000035615
       -0.0001151586   0.0000948448  -0.0000925082  -0.0062840043   0.0004709846
       -0.0010146754   0.0005025487   0.0011531998   0.0015015938   0.0003946793
       -0.0016791929  -0.0012478108  -0.0036945576   0.0013759866   0.0033663783
        0.0067743960  -0.0038529765   0.0141316953  -0.0448579169  -0.0154329658
        0.0881233093  -0.1570902789  -0.0980162332   0.0155539969   0.6627435742
       -0.0344811485  -0.0937077072  -0.1446002729   0.1104565928  -0.0193719747
       -0.0243078491   0.0229304007   0.0000165908   0.0000657504  -0.0000832666
        0.0001210431   0.0000207130   0.0001867426   0.0000162550   0.0000026152
        0.0000157846   0.0000089647   0.0000120647  -0.0000130662   0.0000168769
        0.0000074851   0.0000030570   0.0000137108   0.0000124322   0.0000066884
       -0.0000189667   0.0000092797  -0.0000013751  -0.0001284738   0.0000473137
       -0.0000717951  -0.0000673011  -0.0003530119   0.0000132333   0.0000628774
        0.0001396426  -0.0000632017  -0.0000782133   0.0003140738   0.0001104238
       -0.0000693030  -0.0057470161   0.0002064827  -0.0065171643   0.0064938266
        0.0073983266  -0.0109890095  -0.2966770662   0.0214796643   0.0102176601
        0.0062351158  -0.0117382989
        0.0000348959   0.0002453916   0.0000554897   0.0004039772  -0.0006722049
       -0.0002935299  -0.0002187973   0.0001978573   0.0000776151  -0.0000951740
       -0.0000687515  -0.0000860087   0.0000015022   0.0000014968   0.0000068844
       -0.0000026975   0.0000208169  -0.0000316965  -0.0000017083  -0.0000099692
        0.0000018215  -0.0000372995  -0.0000406113  -0.0000237705  -0.0000639353
        0.0000716098  -0.0000237678  -0.0061029777  -0.0136397578   0.0126441046
       -0.0038154939   0.0139292194   0.0046262301   0.0090941247  -0.0016855098
       -0.0100225476  -0.0043794120  -0.0119488733   0.0046070674   0.0197076421
        0.0100768579  -0.0280246656  -0.0140120255  -0.0562475829   0.0182992348
        0.0871482410  -0.0389882878  -0.1483388489  -0.2706688080  -0.0344811485
        0.4253052285   0.1405581314   0.0559691994  -0.2061436662   0.0058612682
        0.0588187748  -0.0070192070  -0.0000078107   0.0000406323  -0.0000510102
        0.0000818640  -0.0000285329  -0.0000520510  -0.0000555895   0.0000364099
        0.0000399887  -0.0000073841  -0.0000006063   0.0000094282  -0.0000034775
       -0.0000032501   0.0000029354  -0.0000008260  -0.0000070256  -0.0000097709
        0.0000159804  -0.0000008393   0.0000277954   0.0002073281  -0.0000320150
        0.0000014531  -0.0004569606   0.0001078659  -0.0002543209   0.0000753939
       -0.0000217873   0.0000189236  -0.0001656165  -0.0000296567   0.0000539088
        0.0039284146   0.0008350716   0.0046733986   0.0134239577  -0.0105937583
       -0.0139582810   0.0058634330   0.0216134633  -0.0412598077   0.0136898394
        0.0065355016  -0.0148585575
       -0.0000263839   0.0002530871  -0.0004759167  -0.0011902958  -0.0021971477
       -0.0015585375  -0.0002384440   0.0001238529   0.0005223623   0.0000375119
       -0.0001163813   0.0000478596   0.0000829662   0.0000769396  -0.0000149808
        0.0000138914   0.0000276396  -0.0000082789   0.0000081881   0.0000050818
        0.0000100007   0.0000337767   0.0000081730   0.0001126584  -0.0000655843
        0.0001347786   0.0000176320  -0.0073441703  -0.0264116034   0.0087596593
       -0.0008188446   0.0051378031   0.0072754968   0.0035412860  -0.0012011292
       -0.0042715083   0.0001904128  -0.0021314169   0.0068773984   0.0113120777
        0.0180904938  -0.0112824627  -0.0083528536  -0.0197495560   0.0058778337
       -0.0285069270   0.0250235533   0.0332195512  -0.1635181693  -0.0937077072
        0.1405581314   0.3721077328   0.0003093673  -0.2923655438  -0.0609725638
        0.0147656636   0.0110415226   0.0000409394   0.0001780398  -0.0001114468
        0.0005474257   0.0000125537   0.0003049652  -0.0000026764   0.0000102893
        0.0000178528  -0.0000081497  -0.0000338580   0.0000141380  -0.0000277217
       -0.0000243909   0.0000024307  -0.0000324539  -0.0000285219  -0.0000159788
        0.0000077548  -0.0000014442  -0.0000173785  -0.0002565387  -0.0001138298
       -0.0000943414  -0.0000555595  -0.0009793869   0.0003130093  -0.0007743255
       -0.0000069277  -0.0007199785  -0.0001675683   0.0008920154   0.0000176013
        0.0000349019  -0.0003949538  -0.0003517016   0.0017550367   0.0021760701
        0.0049380884  -0.0011395318  -0.0022670574   0.0022501863  -0.1162151402
        0.0821399105   0.0891096755
        0.0003506058  -0.0005377312   0.0004944478   0.0006078523   0.0010180339
       -0.0007203011   0.0005845494  -0.0006939152   0.0002761533  -0.0000437686
        0.0000794078  -0.0000917227   0.0000561172   0.0000293064   0.0000983568
       -0.0000795353  -0.0000653799  -0.0000402707  -0.0000677793  -0.0000388292
       -0.0000296978  -0.0000583139  -0.0000414700  -0.0000592090   0.0000185655
       -0.0002416025  -0.0000538224  -0.0219706804  -0.0422178650   0.0248143207
       -0.0067658201   0.0197083857   0.0077914846   0.0101329494  -0.0034382594
       -0.0116859981  -0.0020765593  -0.0113833718   0.0022706209   0.0336500130
       -0.0238205099  -0.0369082613  -0.0153612333  -0.0355936265   0.0182290693
       -0.0105988979   0.0521485112   0.0108249786  -0.0460635377  -0.1446002729
        0.0559691994   0.0003093673   0.6117820570  -0.0186744253  -0.0077958927
       -0.2747817411   0.0156256447  -0.0001608974  -0.0001358977   0.0001702977
       -0.0004193106   0.0001791528  -0.0001162822   0.0000547001  -0.0000945430
       -0.0002133458   0.0000438715   0.0000522158  -0.0000709090   0.0000317460
        0.0000308881  -0.0000276805   0.0000250626   0.0000238412   0.0000164907
       -0.0000039728  -0.0000047040  -0.0000401957  -0.0000218467   0.0003234038
        0.0002231192   0.0000916966  -0.0003949691  -0.0000552252   0.0001231136
        0.0002642889  -0.0000505462  -0.0001976622  -0.0006638512   0.0001849948
       -0.0005644968  -0.0000425825   0.0003705738   0.0024668846  -0.0011697138
       -0.0026562990  -0.0180817437  -0.0165724939   0.0215499863   0.0817848537
       -0.1291061628  -0.0874155466
        0.0001243763  -0.0003318912  -0.0001010188  -0.0013296335   0.0018736704
       -0.0011289459  -0.0002264824  -0.0001034831   0.0004382420  -0.0000246915
        0.0000956806  -0.0001616632   0.0000507148  -0.0000045118   0.0000665695
       -0.0000360100  -0.0000354513  -0.0000663138  -0.0000753069  -0.0000613021
        0.0000173836  -0.0000249697  -0.0000523472   0.0000925236   0.0002587470
        0.0001073663  -0.0002574218   0.0081325258   0.0311786228  -0.0097319361
        0.0074098328  -0.0063473447  -0.0029575741  -0.0043155996   0.0014282519
        0.0048283387   0.0069608972   0.0024636418  -0.0017401172  -0.0120018454
       -0.0204569890   0.0148187961   0.0058780020   0.0232423458  -0.0106658569
        0.0339177421  -0.0298860611  -0.0370576513   0.1393345828   0.1104565928
       -0.2061436662  -0.2923655438  -0.0186744253   0.4469733285   0.0121436788
       -0.0085020934  -0.0647897237   0.0001857429  -0.0000325318   0.0001234670
        0.0001634714   0.0003715779  -0.0006022892   0.0000042433   0.0000361193
       -0.0001322403  -0.0000325151  -0.0000158720   0.0000287873  -0.0000023995
       -0.0000040262   0.0000096694  -0.0000254791  -0.0000143346   0.0000117499
       -0.0000249529  -0.0000068469  -0.0000020522  -0.0000314193   0.0000597230
        0.0005109366   0.0003695809   0.0011760256  -0.0000933499  -0.0007336507
        0.0000483543  -0.0006124102  -0.0000061106  -0.0010279142  -0.0002330138
       -0.0001965124   0.0004443699   0.0002560784   0.0048720887  -0.0023000662
        0.0005761049   0.0026159518   0.0031714131  -0.0026930447   0.0890309437
       -0.0882962637  -0.1295816863
       -0.0009532472  -0.0009284934   0.0000147984  -0.0143448471  -0.0007224301
        0.0167190966   0.0007314903   0.0026282043  -0.0007333885  -0.0004151833
       -0.0005438061   0.0004698616  -0.0000378522  -0.0002140917  -0.0000406402
       -0.0000136271   0.0000047599   0.0000712213   0.0000113623  -0.0000158313
       -0.0000678902  -0.0000856343  -0.0000216643   0.0000418411  -0.0001675373
        0.0002438155  -0.0000224634  -0.1265364095  -0.0355349466   0.0898513826
        0.0061918498  -0.0425964468  -0.0047163073  -0.0221875515   0.0029994654
        0.0188361551   0.0111430705   0.0321934836  -0.0111459664  -0.1217390135
        0.0467150384   0.0744496254  -0.0176292579   0.0011867501   0.0220538087
       -0.0019624770   0.0031175691  -0.0041232818  -0.0035545792  -0.0193719747
        0.0058612682  -0.0609725638  -0.0077958927   0.0121436788   0.3384061899
        0.0057025020  -0.2376715910   0.0001089463  -0.0001733698   0.0000740180
        0.0000042534   0.0000641624  -0.0002445953   0.0001722518   0.0000930057
        0.0000104137   0.0000113963   0.0000079262  -0.0000051099   0.0000195435
        0.0000297524   0.0000028166   0.0000357856  -0.0000031171   0.0000173403
        0.0000524695   0.0000032223   0.0000406002  -0.0005263419   0.0002837791
       -0.0002619833   0.0055019899  -0.0001199715   0.0041589451  -0.0004966265
        0.0000399232   0.0000671637   0.0037560680  -0.0009698219   0.0026803363
        0.0015426867  -0.0014139425   0.0049721822   0.0001207291   0.0002691259
       -0.0004372020   0.0034048918  -0.0017690199   0.0069614332   0.0004077746
        0.0166123347  -0.0000275676
        0.0004185101  -0.0020431470  -0.0005671546   0.0034595307   0.0109511128
       -0.0066423489   0.0039581473  -0.0035972228   0.0003089058  -0.0008053920
        0.0003650276  -0.0011915935   0.0001828280   0.0001336319   0.0002821775
       -0.0000003250  -0.0001423790  -0.0000660498   0.0000512964   0.0000180017
        0.0000571617  -0.0001404982  -0.0001498195  -0.0001783158   0.0003340564
        0.0000211878   0.0001320611  -0.0482991510  -0.0924665445   0.0543287940
       -0.0141819529  -0.0472762240   0.0158296533  -0.0084017792   0.0068445107
        0.0101923464   0.0179640665  -0.0230351280  -0.0206636917   0.0464577662
       -0.1562608079  -0.0553458251   0.0158452726   0.0440349499  -0.0189127950
        0.0157288902  -0.0418619349  -0.0172522963  -0.0506666198  -0.0243078491
        0.0588187748   0.0147656636  -0.2747817411  -0.0085020934   0.0057025020
        0.6352490317  -0.0132820072   0.0001142295  -0.0000435578   0.0004486610
        0.0000224701  -0.0001162799  -0.0005011425  -0.0001478507  -0.0004487129
       -0.0002808343  -0.0000224423  -0.0000120157  -0.0000103973   0.0000402627
        0.0000374989   0.0000151035  -0.0000040966   0.0000250185   0.0000326635
        0.0000102159   0.0000129349   0.0000509259   0.0005867553   0.0000962378
        0.0001202702  -0.0007826243  -0.0057129661   0.0003236926  -0.0001152647
        0.0008294879   0.0000534658  -0.0003640796  -0.0055882531   0.0000953610
       -0.0018794522  -0.0005183560   0.0026099852   0.0003907462  -0.0004000673
       -0.0003875663  -0.0013995790   0.0002562451   0.0014900527   0.0011778976
       -0.0201118705  -0.0014059444
        0.0004156069  -0.0005620274   0.0001068970   0.0157850957   0.0030079617
       -0.0157779572   0.0003902470  -0.0017595296  -0.0000508821  -0.0004229012
        0.0005505989  -0.0009059147   0.0003513500   0.0003034450   0.0001136346
       -0.0000521576  -0.0000648293  -0.0002030297   0.0000053104  -0.0000295981
        0.0001191225   0.0000870515   0.0000267975  -0.0000357653  -0.0001736394
        0.0000012207   0.0000193519   0.0902792277   0.0391151312  -0.1559513444
       -0.0051336215   0.0488546188   0.0083669340   0.0194928701  -0.0033218947
       -0.0276929211  -0.0114760200  -0.0377035203   0.0140678138   0.0756733340
       -0.0546023582  -0.1440369043   0.0211229660  -0.0019230279  -0.0236129211
       -0.0047167721  -0.0029134750  -0.0005090263   0.0063856542   0.0229304007
       -0.0070192070   0.0110415226   0.0156256447  -0.0647897237  -0.2376715910
       -0.0132820072   0.4078228528   0.0000368558   0.0001409264  -0.0000789194
        0.0000529522  -0.0002975022  -0.0001466577  -0.0002139000  -0.0001842847
       -0.0000076362  -0.0000156302  -0.0000070175   0.0000048519  -0.0000100205
       -0.0000119774  -0.0000072284  -0.0000236681  -0.0000136592  -0.0000127607
       -0.0000550847  -0.0000115156  -0.0000453119  -0.0002966332  -0.0001409787
        0.0001722818   0.0041231558  -0.0003657322   0.0045960130   0.0001739560
       -0.0000141153  -0.0004082141   0.0023536216   0.0010076368   0.0028676745
        0.0050620381   0.0016417683   0.0002292210  -0.0004019470  -0.0003017461
        0.0002900804   0.0070788187   0.0023581402   0.0014829226   0.0007519520
       -0.0180534944   0.0010326737
       -0.0569384819   0.0549605166  -0.0382564689  -0.0080711223   0.0092958451
       -0.0140750797   0.0002030442  -0.0001458755  -0.0024389011  -0.0009054501
       -0.0017235947   0.0007489876  -0.0001921984  -0.0001017909  -0.0004600860
       -0.0001501422   0.0000002049   0.0000426505  -0.0000126782  -0.0000244073
        0.0000543235  -0.0000202196   0.0000283432   0.0001261517   0.0001670766
        0.0000921413   0.0001696276  -0.0000173405   0.0001969025   0.0003827459
        0.0000119847   0.0001830112  -0.0000358268  -0.0000383154   0.0000057393
        0.0000272144  -0.0000607622  -0.0000057424   0.0000607624  -0.0000392837
        0.0000369651   0.0000636765  -0.0000329952  -0.0000301641   0.0000237219
       -0.0000528847   0.0000325474   0.0000149623   0.0000106901   0.0000165908
       -0.0000078107   0.0000409394  -0.0001608974   0.0001857429   0.0001089463
        0.0001142295   0.0000368558   0.0668594198  -0.0592531348   0.0474428393
        0.0057611205  -0.0206467776   0.0160323281  -0.0063957996   0.0174073698
       -0.0102083509  -0.0000650097  -0.0000431697   0.0000013041  -0.0000411671
       -0.0000237523  -0.0000245960   0.0000048473  -0.0000180728  -0.0000011750
        0.0000170212   0.0000039838   0.0000172876   0.0000141381  -0.0000332175
        0.0000593511  -0.0000460793  -0.0001974775  -0.0000406326  -0.0000066729
        0.0000063207   0.0000164783  -0.0000136811  -0.0000048954   0.0000125901
       -0.0000025826  -0.0000018327   0.0000043412   0.0000015235   0.0000015188
        0.0000031526   0.0000181090   0.0000075940   0.0000111730  -0.0001159939
        0.0000249785   0.0000106591
        0.0516607311  -0.1756923797   0.1036512520  -0.0005296576   0.0082351852
       -0.0038386680  -0.0011979150   0.0005370598  -0.0008793511  -0.0004871294
       -0.0008316079   0.0002111718  -0.0001652982  -0.0000688031  -0.0001552187
       -0.0000708761  -0.0000221390   0.0000188655  -0.0000021780  -0.0000030369
       -0.0000190323  -0.0000328991  -0.0000064483  -0.0000027500   0.0000112380
        0.0000147653   0.0000559628  -0.0004660246  -0.0002649818   0.0000381161
        0.0002196938   0.0000851128  -0.0002728097   0.0000051830  -0.0001068604
        0.0000013950  -0.0000036751   0.0000121292  -0.0000124306  -0.0000289834
        0.0000162987   0.0000182926   0.0000292587   0.0000119119  -0.0000327014
       -0.0000028479  -0.0000174576  -0.0000245488  -0.0000223354   0.0000657504
        0.0000406323   0.0001780398  -0.0001358977  -0.0000325318  -0.0001733698
       -0.0000435578   0.0001409264  -0.0592531348   0.2025197831  -0.1228892112
        0.0022923091  -0.0158384466   0.0128915856   0.0081458345  -0.0184454864
        0.0111342160   0.0000283150   0.0000200598  -0.0000241235  -0.0000055481
       -0.0000051672  -0.0000152399   0.0000086268   0.0000002459   0.0000052613
       -0.0000012591   0.0000007075   0.0000114077   0.0000146047  -0.0000275793
        0.0000045789  -0.0000740654  -0.0000297360  -0.0000455845   0.0000213099
       -0.0000161826  -0.0000164981  -0.0000162275   0.0000014468   0.0000201141
       -0.0000033891   0.0000179955   0.0000124950  -0.0000150497  -0.0000010091
        0.0000156440   0.0000191881   0.0000025170  -0.0000163613  -0.0000824693
        0.0000158088   0.0000051437
       -0.0377842216   0.1079238124  -0.1231478094  -0.0115793981   0.0164851466
       -0.0186730095   0.0001983459   0.0004025000  -0.0033277399  -0.0009595001
       -0.0019659072   0.0012805459  -0.0002946075  -0.0002138480  -0.0005970344
       -0.0001342511   0.0000308722   0.0000993537  -0.0000045481  -0.0000181171
        0.0000488838  -0.0000082959   0.0000111846   0.0001824676   0.0001114758
        0.0001033511   0.0001561796  -0.0002685192  -0.0008421826   0.0002434420
        0.0002199366  -0.0000397217  -0.0001704786  -0.0000335753  -0.0001562810
       -0.0000534504  -0.0000500138  -0.0000326672   0.0000711787  -0.0001062559
        0.0000432463   0.0000488012  -0.0000013309   0.0000083609   0.0000277905
        0.0000036906  -0.0000009204   0.0000041445   0.0000344910  -0.0000832666
       -0.0000510102  -0.0001114468   0.0001702977   0.0001234670   0.0000740180
        0.0004486610  -0.0000789194   0.0474428393  -0.1228892112   0.1418860194
       -0.0009174047   0.0120067479  -0.0070887566   0.0043233512  -0.0108663868
        0.0090051907  -0.0000456115  -0.0000336312   0.0000187697  -0.0000732942
       -0.0000450036  -0.0000308082  -0.0000103251  -0.0000272032  -0.0000299478
        0.0000163166   0.0000135432  -0.0000173584   0.0000704979  -0.0000095042
        0.0000507061  -0.0001048231  -0.0002138750   0.0000579499  -0.0000133922
        0.0000017572   0.0000195442  -0.0000155737  -0.0000052049   0.0000278351
       -0.0000192109  -0.0000145765   0.0000095757  -0.0000030526  -0.0000167525
        0.0000018011  -0.0000269076  -0.0000409009   0.0000193981   0.0000705971
       -0.0001343194  -0.0001167215
       -0.2033956819  -0.0960550258   0.0653022613  -0.0182527109  -0.0096112522
        0.0000743573  -0.0006474037  -0.0027199310  -0.0020491131  -0.0003876981
        0.0011307370  -0.0011691559   0.0001124405   0.0000154166   0.0001082659
        0.0001277305  -0.0000145021  -0.0000286514   0.0000640968   0.0000541848
       -0.0000141155   0.0000291807  -0.0000472812  -0.0001358919  -0.0003502927
       -0.0001565851  -0.0000514000   0.0006148901   0.0001842885   0.0001991270
       -0.0000662233  -0.0000743057   0.0001753756  -0.0000890199   0.0001389483
        0.0000150367   0.0000139180   0.0001292352  -0.0000085063   0.0000201315
       -0.0000602224  -0.0001161796  -0.0000952467  -0.0000228165   0.0001017245
       -0.0001319718   0.0000660346   0.0000926387  -0.0001385599   0.0001210431
        0.0000818640   0.0005474257  -0.0004193106   0.0001634714   0.0000042534
        0.0000224701   0.0000529522   0.0057611205   0.0022923091  -0.0009174047
        0.2348358805   0.1124756526  -0.0702051727  -0.0184547500  -0.0083021335
        0.0088233245   0.0000458004   0.0000744703  -0.0000007333   0.0000031010
       -0.0000005837   0.0000091602  -0.0000157838   0.0000172461  -0.0000129418
       -0.0000125148  -0.0000061309  -0.0000540925  -0.0000335798   0.0000377293
       -0.0000818739   0.0000059749   0.0001078956   0.0000172572  -0.0000312632
        0.0000373119   0.0000242926   0.0000060112   0.0000198621   0.0000151276
       -0.0000161440   0.0000074581   0.0000219629  -0.0000353317   0.0000186592
        0.0000393082  -0.0000134324  -0.0000052826   0.0000208462  -0.0000243473
        0.0005444109  -0.0004931217
       -0.0956117406  -0.0983953075   0.0336952913  -0.0101504609  -0.0054276366
        0.0035098806  -0.0016212990  -0.0012724268  -0.0011577343   0.0000276837
        0.0009654943  -0.0004112048   0.0000903111   0.0000078656  -0.0000179141
        0.0001091591   0.0000185410   0.0000014804   0.0000227091   0.0000139039
       -0.0000102956   0.0000971412  -0.0000369863  -0.0000119487  -0.0002998234
       -0.0001040079  -0.0000930908   0.0001292628  -0.0001056915  -0.0003328418
       -0.0001184479  -0.0001172942   0.0001548683  -0.0000647528   0.0000257627
        0.0000010636   0.0000630481   0.0000472333  -0.0000386012   0.0000947230
       -0.0001233365  -0.0001349313  -0.0000018949  -0.0000624993   0.0000282855
       -0.0000312345   0.0000779349   0.0000442248  -0.0000045250   0.0000207130
       -0.0000285329   0.0000125537   0.0001791528   0.0003715779   0.0000641624
       -0.0001162799  -0.0002975022  -0.0206467776  -0.0158384466   0.0120067479
        0.1124756526   0.1110147900  -0.0416554618   0.0153607778   0.0088701460
       -0.0061831941   0.0000058469   0.0000258545   0.0000216737  -0.0000288941
       -0.0000190873  -0.0000007780  -0.0000314624   0.0000039503  -0.0000285481
       -0.0000142620   0.0000053312  -0.0000687888  -0.0000129476   0.0000333214
       -0.0000500801   0.0000156230   0.0001404817   0.0000248400  -0.0000170203
        0.0000347128   0.0000175144  -0.0000004187   0.0000133757   0.0000097120
       -0.0000148058  -0.0000184598   0.0000137500  -0.0000043123  -0.0000139103
        0.0000043842  -0.0000563258  -0.0000698375   0.0000581971   0.0001627513
        0.0002226430   0.0005579570
        0.0629885996   0.0332111706  -0.0621421814  -0.0187353486  -0.0116695808
        0.0067899239  -0.0029685870  -0.0020657016  -0.0018613123  -0.0008276592
        0.0012587626  -0.0017401158   0.0002172937   0.0000783292   0.0000469495
        0.0000584469  -0.0000581928  -0.0000851612   0.0000107283   0.0000100604
        0.0000075848   0.0000937562  -0.0000520620  -0.0001319426  -0.0003599778
       -0.0001880347  -0.0000720148  -0.0001750354   0.0003629273   0.0001750190
       -0.0000307033   0.0000784069   0.0001163305  -0.0000643640   0.0000475447
        0.0000029745   0.0000237841   0.0000523472  -0.0000341703   0.0000254717
       -0.0000712788  -0.0000652546   0.0000234750  -0.0000288871   0.0000059437
        0.0000055928   0.0000363682   0.0000118130   0.0001086717   0.0001867426
       -0.0000520510   0.0003049652  -0.0001162822  -0.0006022892  -0.0002445953
       -0.0005011425  -0.0001466577   0.0160323281   0.0128915856  -0.0070887566
       -0.0702051727  -0.0416554618   0.0736256444   0.0144296436   0.0070760061
       -0.0056604312   0.0000003839   0.0000570237  -0.0000044174   0.0000073845
        0.0000075971   0.0000031373  -0.0000100639   0.0000203575   0.0000063726
       -0.0000289136  -0.0000123238  -0.0000379636  -0.0000610964   0.0000062651
       -0.0000064945   0.0000078863   0.0000990177  -0.0000562980   0.0000046269
        0.0000527065   0.0000109304  -0.0000050651   0.0000453476   0.0000202714
       -0.0000220720   0.0000275324   0.0000358407  -0.0000471005   0.0000151862
        0.0000492208  -0.0000212801   0.0000064896   0.0000299821  -0.0005360036
        0.0007911736  -0.0011504263
       -0.1339871780   0.0905168408   0.0762513452   0.0093759285  -0.0079150676
       -0.0061954398   0.0005582933   0.0001359818   0.0006728955  -0.0000858074
       -0.0002184292  -0.0004980106   0.0000711005   0.0000630717  -0.0000080897
       -0.0000708845   0.0000194440  -0.0000577332  -0.0000101770  -0.0000120744
        0.0000304780  -0.0000030479  -0.0000046851  -0.0000104226  -0.0000325514
       -0.0000111571  -0.0000043074  -0.0010633620  -0.0003187599  -0.0017070533
        0.0002406280  -0.0003372510  -0.0001204147   0.0001561486  -0.0000632295
        0.0001445396   0.0000472519  -0.0000064455  -0.0000397621   0.0001319176
       -0.0000474842  -0.0000185750   0.0000311251  -0.0000049737  -0.0000275618
        0.0000186643  -0.0000015752  -0.0000188537   0.0000324626   0.0000162550
       -0.0000555895  -0.0000026764   0.0000547001   0.0000042433   0.0001722518
       -0.0001478507  -0.0002139000  -0.0063957996   0.0081458345   0.0043233512
       -0.0184547500   0.0153607778   0.0144296436   0.1494419372  -0.1052335673
       -0.0870980102   0.0000051170  -0.0000086999  -0.0000034090   0.0000041715
        0.0000030882  -0.0000034078   0.0000055206  -0.0000024618   0.0000085286
       -0.0000032551  -0.0000018558   0.0000035465  -0.0000037479  -0.0000257126
        0.0000498515  -0.0000755299   0.0000387076  -0.0000452879  -0.0000064748
       -0.0000016150  -0.0000164290  -0.0000381455   0.0000082391  -0.0000218332
        0.0000073121  -0.0000003866   0.0000155578   0.0000009357  -0.0000071076
        0.0000032298  -0.0000062436  -0.0000132323   0.0000246591  -0.0000611352
        0.0000206814   0.0002022206
        0.0899407009  -0.1361789130  -0.0759843332   0.0067736516  -0.0091372106
       -0.0102819936  -0.0001160104   0.0003222294   0.0021705833  -0.0000412668
        0.0000949761  -0.0002861271   0.0002225100   0.0001907726   0.0000317132
        0.0000293144   0.0000058155  -0.0000299421   0.0000286284   0.0000014144
        0.0000825050   0.0000289907  -0.0000130857   0.0000581354   0.0000618230
        0.0000135063   0.0001454964  -0.0010726428   0.0002587912  -0.0025383503
        0.0000923976   0.0001587207  -0.0001297068   0.0001262959   0.0001102224
        0.0001656964  -0.0000346101   0.0000711220   0.0000254704   0.0001653160
       -0.0000072213   0.0000223445  -0.0000461898  -0.0000164648   0.0000360955
       -0.0000503254   0.0000137120   0.0000388634  -0.0000220394   0.0000026152
        0.0000364099   0.0000102893  -0.0000945430   0.0000361193   0.0000930057
       -0.0004487129  -0.0001842847   0.0174073698  -0.0184454864  -0.0108663868
       -0.0083021335   0.0088701460   0.0070760061  -0.1052335673   0.1541780253
        0.0905499207  -0.0000640629  -0.0000798802   0.0000260475  -0.0000046232
       -0.0000028424   0.0000099171  -0.0000082118   0.0000023879   0.0000015657
        0.0000083777   0.0000150789   0.0000105723  -0.0000032838  -0.0000146070
       -0.0000021609  -0.0000376728   0.0000173587  -0.0000528027  -0.0000083108
       -0.0000302990  -0.0000136134  -0.0000211871  -0.0000198340  -0.0000542136
        0.0000376883  -0.0000140250  -0.0000151222   0.0000134739   0.0000222786
       -0.0000131821   0.0000077103   0.0000356131   0.0000069691   0.0000185945
        0.0001183392  -0.0000782118
        0.0762192595  -0.0755804330  -0.1054905477   0.0127886836  -0.0186133167
       -0.0190958965   0.0012503996   0.0016695960   0.0020652978  -0.0000098315
        0.0000470194  -0.0004616302   0.0002587238   0.0002044961   0.0001730513
        0.0000492785   0.0000519027  -0.0000391035   0.0000327481   0.0000169150
        0.0000636113  -0.0000071072  -0.0000326855   0.0000244705   0.0000597739
        0.0000224972   0.0002366655  -0.0030360439  -0.0024933540  -0.0031151539
        0.0004866497  -0.0003072014  -0.0006192167   0.0003555495  -0.0000907560
        0.0002567842  -0.0000533407  -0.0000268427   0.0000555833   0.0001540403
        0.0001098508   0.0001891887  -0.0000675568   0.0000131048   0.0000488839
       -0.0000605527   0.0000027732   0.0000365481  -0.0000562426   0.0000157846
        0.0000399887   0.0000178528  -0.0002133458  -0.0001322403   0.0000104137
       -0.0002808343  -0.0000076362  -0.0102083509   0.0111342160   0.0090051907
        0.0088233245  -0.0061831941  -0.0056604312  -0.0870980102   0.0905499207
        0.1228530162  -0.0000226700  -0.0000263689   0.0000199771   0.0000244932
        0.0000112041   0.0000230966   0.0000060172   0.0000020893   0.0000059033
        0.0000136891   0.0000038930   0.0000224910   0.0000291555  -0.0000332179
       -0.0000262616  -0.0000944443   0.0000321860  -0.0001164509   0.0000285060
       -0.0000734977  -0.0000341275  -0.0000512070  -0.0000139772  -0.0000806889
        0.0000283205  -0.0000122807  -0.0000105401   0.0000025262   0.0000169846
       -0.0000014874   0.0000256067   0.0000268548  -0.0000121609   0.0001003459
        0.0000500178  -0.0002161746
        0.0000304447   0.0000134107  -0.0000362804  -0.0005661526  -0.0000607749
        0.0001390046   0.0006164701   0.0021474764   0.0014651113  -0.0030462079
       -0.0085873427   0.0206232564  -0.0431543955  -0.0137205125   0.0248044760
        0.0015564751   0.0055516728  -0.0175826067   0.0009158403  -0.0044828035
       -0.0038949609  -0.0006037007  -0.0002063388  -0.0003464333  -0.0006503597
       -0.0059649752   0.0002838202   0.0000819701  -0.0001435310   0.0000323837
       -0.0000388208  -0.0001374892   0.0000648546   0.0000174881   0.0000324072
       -0.0000207995   0.0000284766   0.0000140321  -0.0000361047   0.0000307841
       -0.0000295482  -0.0000263116  -0.0000086248   0.0000089878  -0.0000007442
        0.0000074337   0.0000028232  -0.0000047650  -0.0000028793   0.0000089647
       -0.0000073841  -0.0000081497   0.0000438715  -0.0000325151   0.0000113963
       -0.0000224423  -0.0000156302  -0.0000650097   0.0000283150  -0.0000456115
        0.0000458004   0.0000058469   0.0000003839   0.0000051170  -0.0000640629
       -0.0000226700   0.0461861163   0.0229631738  -0.0254303877  -0.0004517602
        0.0018689462  -0.0003005088   0.0000722481   0.0001254845  -0.0009840221
       -0.0006063000   0.0008279170   0.0001713800  -0.0003512910  -0.0003734996
        0.0011783544  -0.0000858002   0.0001260594   0.0000256568   0.0000048854
       -0.0000013706  -0.0000027636   0.0000127388   0.0000031970  -0.0000128779
        0.0000042906   0.0000013201  -0.0000040239   0.0000055084   0.0000039464
       -0.0000031689   0.0000031688   0.0000086274  -0.0000020866   0.0000027990
        0.0000082113   0.0000239749
        0.0001850910   0.0002098813  -0.0000737515   0.0001521598   0.0001579642
        0.0007313762   0.0020647174  -0.0010957030  -0.0016202567  -0.0033796533
       -0.0054538571   0.0198329454  -0.0141251183  -0.0621431074   0.0765121284
        0.0008651029   0.0026599316  -0.0078349441  -0.0047023695   0.0047023267
       -0.0002853222   0.0000526004  -0.0000604364  -0.0003223575  -0.0064250252
        0.0022030208   0.0015397647  -0.0000323841  -0.0001327320   0.0001060601
        0.0000138594  -0.0000924759  -0.0000198939  -0.0000131122  -0.0000142638
       -0.0000054288   0.0000161796   0.0000181896  -0.0000351811   0.0000190118
       -0.0000283480  -0.0000181730   0.0000115338  -0.0000041536  -0.0000170410
        0.0000096498   0.0000058880  -0.0000086925   0.0000010290   0.0000120647
       -0.0000006063  -0.0000338580   0.0000522158  -0.0000158720   0.0000079262
       -0.0000120157  -0.0000070175  -0.0000431697   0.0000200598  -0.0000336312
        0.0000744703   0.0000258545   0.0000570237  -0.0000086999  -0.0000798802
       -0.0000263689   0.0229631738   0.0618299534  -0.0877110492   0.0016275520
       -0.0013653230  -0.0011249734  -0.0001060719   0.0002202023  -0.0003904487
        0.0008420408  -0.0010783796  -0.0002666972  -0.0000658376  -0.0006368410
        0.0010295601   0.0000095488   0.0000827811  -0.0000170114   0.0000094085
       -0.0000015973  -0.0000080185   0.0000005859   0.0000022499   0.0000035233
       -0.0000022863   0.0000030281   0.0000022026  -0.0000007127   0.0000010946
        0.0000047710   0.0000027615  -0.0000017339   0.0000064526   0.0000098959
       -0.0000058582   0.0000169286
       -0.0000304503   0.0000107628  -0.0000676086  -0.0000519789   0.0002122022
       -0.0000561868  -0.0002716722  -0.0014266148   0.0006882478   0.0027183609
        0.0045963796  -0.0095708897   0.0247055619   0.0765750216  -0.2711395279
        0.0008932049   0.0068806772  -0.0238290844  -0.0043440610  -0.0009001004
       -0.0017534323  -0.0000805771  -0.0003066401   0.0008624088   0.0006974784
        0.0020500228   0.0006262944  -0.0000556493   0.0000851369  -0.0000057845
        0.0000128094   0.0001132210  -0.0001129994  -0.0000165889  -0.0000041032
        0.0000201079  -0.0000203042  -0.0000112418   0.0000394444  -0.0000209603
        0.0000304388   0.0000292873  -0.0000160982  -0.0000045197   0.0000175329
       -0.0000106010  -0.0000042024   0.0000158555  -0.0000142154  -0.0000130662
        0.0000094282   0.0000141380  -0.0000709090   0.0000287873  -0.0000051099
       -0.0000103973   0.0000048519   0.0000013041  -0.0000241235   0.0000187697
       -0.0000007333   0.0000216737  -0.0000044174  -0.0000034090   0.0000260475
        0.0000199771  -0.0254303877  -0.0877110492   0.3052921924   0.0008938180
       -0.0002351351   0.0006919121   0.0000929888   0.0003517191  -0.0012781433
        0.0001968768  -0.0002754583  -0.0000231322   0.0000365809   0.0001695691
       -0.0005112940   0.0000958285  -0.0001089578   0.0000506812   0.0000060956
       -0.0000246462  -0.0000163535  -0.0000023533  -0.0000087597  -0.0000062150
        0.0000035230  -0.0000014366  -0.0000100626   0.0000022784   0.0000046387
       -0.0000049019  -0.0000005338   0.0000074095  -0.0000036020   0.0000048359
        0.0000064409  -0.0000221434
       -0.0002071708   0.0001136018  -0.0002233607   0.0002074773  -0.0001148249
        0.0000968244  -0.0009559818  -0.0007144181   0.0004117846   0.0014360255
       -0.0044684498  -0.0043173503  -0.0171150441  -0.0140904018   0.0029799192
       -0.1817633769  -0.1220768629   0.0438318753  -0.0038436488  -0.0040582325
        0.0023342823   0.0033940439  -0.0033350319   0.0003253267   0.0004181694
        0.0005267806  -0.0002642940  -0.0000347524  -0.0000015363  -0.0000260848
       -0.0000699043  -0.0000377398   0.0000427114   0.0000184647  -0.0000271220
        0.0000135006   0.0000031762   0.0000048793  -0.0000041880   0.0000117109
       -0.0000163670  -0.0000032458   0.0000024925  -0.0000001155  -0.0000089170
        0.0000014056   0.0000154781  -0.0000034601   0.0000027019   0.0000168769
       -0.0000034775  -0.0000277217   0.0000317460  -0.0000023995   0.0000195435
        0.0000402627  -0.0000100205  -0.0000411671  -0.0000055481  -0.0000732942
        0.0000031010  -0.0000288941   0.0000073845   0.0000041715  -0.0000046232
        0.0000244932  -0.0004517602   0.0016275520   0.0008938180   0.2000974727
        0.1442409790  -0.0462470111  -0.0002292278   0.0017377637  -0.0001116597
       -0.0002927762  -0.0002172056   0.0001153593  -0.0005692834   0.0008170170
        0.0001866383   0.0000037021  -0.0000353748  -0.0000092302  -0.0000118497
        0.0000279042   0.0000093565  -0.0000093701   0.0000117454   0.0000081632
       -0.0000070758   0.0000065475   0.0000112765  -0.0000034678  -0.0000022174
        0.0000086094  -0.0000013003  -0.0000085871   0.0000060135   0.0000112202
        0.0000244186   0.0000006563
       -0.0001394828   0.0000849979  -0.0001605855   0.0003653477  -0.0001221924
        0.0000065324  -0.0007999404  -0.0004011316   0.0000592885  -0.0044632526
        0.0049934643  -0.0002987598  -0.0094699912  -0.0068840665   0.0014273870
       -0.1220031066  -0.1357727906   0.0391243851  -0.0087959642  -0.0068285347
        0.0039621156  -0.0031852069   0.0045575841   0.0033281468   0.0005954480
        0.0003535667  -0.0002878076  -0.0000403811  -0.0000603661   0.0000269303
       -0.0000263939  -0.0000452345   0.0000116516   0.0000166640  -0.0000171524
       -0.0000043438  -0.0000012963   0.0000022987  -0.0000040449   0.0000059405
       -0.0000098495  -0.0000019026   0.0000100666  -0.0000086693  -0.0000001912
        0.0000044083   0.0000080979  -0.0000032140  -0.0000009872   0.0000074851
       -0.0000032501  -0.0000243909   0.0000308881  -0.0000040262   0.0000297524
        0.0000374989  -0.0000119774  -0.0000237523  -0.0000051672  -0.0000450036
       -0.0000005837  -0.0000190873   0.0000075971   0.0000030882  -0.0000028424
        0.0000112041   0.0018689462  -0.0013653230  -0.0002351351   0.1442409790
        0.1441493987  -0.0459746389   0.0014684049  -0.0011835773  -0.0008649478
       -0.0004465458  -0.0004518161   0.0001994406   0.0008289245  -0.0010561853
       -0.0003073033  -0.0000149367  -0.0000160886  -0.0000023687  -0.0000053485
        0.0000177841   0.0000105979  -0.0000040925   0.0000056466   0.0000100926
       -0.0000035998   0.0000015600   0.0000103944  -0.0000026456  -0.0000019439
        0.0000076745   0.0000045567  -0.0000050296   0.0000071720   0.0000093720
        0.0000067774  -0.0000011100
       -0.0000971840   0.0000932449  -0.0001249537  -0.0001491275  -0.0000885473
       -0.0001626207  -0.0006947956  -0.0006383609   0.0005097726  -0.0036997291
       -0.0004873370  -0.0021300205  -0.0157738858  -0.0126296952   0.0040334575
        0.0437716431   0.0391063121  -0.0581794792   0.0213603338   0.0182810592
       -0.0081790096  -0.0001587491   0.0030159515  -0.0049884938  -0.0003448727
       -0.0002165769  -0.0004739134   0.0000331685  -0.0000196409  -0.0000261620
       -0.0000260835   0.0000093592  -0.0000002127  -0.0000015548   0.0000020210
        0.0000099828   0.0000013266  -0.0000041809   0.0000069953   0.0000003807
        0.0000066348   0.0000149565  -0.0000082539   0.0000006855   0.0000013740
       -0.0000026792   0.0000018489   0.0000086246  -0.0000122221   0.0000030570
        0.0000029354   0.0000024307  -0.0000276805   0.0000096694   0.0000028166
        0.0000151035  -0.0000072284  -0.0000245960  -0.0000152399  -0.0000308082
        0.0000091602  -0.0000007780   0.0000031373  -0.0000034078   0.0000099171
        0.0000230966  -0.0003005088  -0.0011249734   0.0006919121  -0.0462470111
       -0.0459746389   0.0690191386   0.0010255170  -0.0000429902   0.0006188522
        0.0011363690   0.0010096910  -0.0005843852   0.0001885729  -0.0002699023
       -0.0000541725   0.0000034563  -0.0000343086   0.0000046489   0.0000009549
       -0.0000011598   0.0000002840  -0.0000003495   0.0000006988  -0.0000021210
       -0.0000004837   0.0000021844  -0.0000006694   0.0000007764   0.0000011576
        0.0000011328  -0.0000003424   0.0000005051  -0.0000017179   0.0000089302
        0.0000165789  -0.0000140023
       -0.0001265887  -0.0000725442  -0.0000396132   0.0001310287   0.0000040790
       -0.0000160317  -0.0007371624   0.0007785359   0.0003432606   0.0005603496
       -0.0000383297   0.0006310678   0.0032652563  -0.0030683385  -0.0000984194
        0.0010533887   0.0006358217   0.0003513787  -0.1436803510  -0.0548174147
       -0.1164461750  -0.0166511514  -0.0084310297  -0.0165380628  -0.0006093423
       -0.0063166396   0.0005768174  -0.0000191048   0.0000113232  -0.0000549012
       -0.0000205312  -0.0000334713   0.0000219789   0.0000085163  -0.0000166474
        0.0000041188  -0.0000000265   0.0000101031  -0.0000006930   0.0000171151
       -0.0000223691  -0.0000080557   0.0000017783  -0.0000085249   0.0000007112
        0.0000059936   0.0000126700  -0.0000022673   0.0000088459   0.0000137108
       -0.0000008260  -0.0000324539   0.0000250626  -0.0000254791   0.0000357856
       -0.0000040966  -0.0000236681   0.0000048473   0.0000086268  -0.0000103251
       -0.0000157838  -0.0000314624  -0.0000100639   0.0000055206  -0.0000082118
        0.0000060172   0.0000722481  -0.0001060719   0.0000929888  -0.0002292278
        0.0014684049   0.0010255170   0.1582506344   0.0688885106   0.1311540167
       -0.0004525718   0.0016616907  -0.0001325184  -0.0008393813  -0.0005760486
       -0.0008440423   0.0000055043  -0.0000067569  -0.0000018061  -0.0000062250
        0.0000170345   0.0000004947  -0.0000109740   0.0000069521   0.0000073927
       -0.0000066619   0.0000037054   0.0000088485  -0.0000025684  -0.0000039661
        0.0000080115   0.0000033502  -0.0000058869   0.0000034413   0.0000099432
        0.0000215793   0.0000168866
        0.0000105829   0.0001031967  -0.0001147207   0.0003886322   0.0000053295
        0.0003344265   0.0008414891  -0.0009345327  -0.0005745758  -0.0003808351
       -0.0000215199   0.0006699450  -0.0031576984   0.0042567135   0.0027599533
        0.0053056617   0.0025736825   0.0060510885  -0.0547536233  -0.0606574102
       -0.0531391895  -0.0135431541  -0.0068137561  -0.0133108307  -0.0059541185
        0.0023891315   0.0023139103  -0.0000472634  -0.0000558334   0.0000750041
       -0.0000270049  -0.0000240335  -0.0000057656   0.0000108785  -0.0000120054
        0.0000009213   0.0000032160   0.0000073014  -0.0000026105   0.0000023265
       -0.0000138249  -0.0000116315   0.0000131587  -0.0000094073   0.0000051267
        0.0000049846   0.0000097855  -0.0000040494  -0.0000050232   0.0000124322
       -0.0000070256  -0.0000285219   0.0000238412  -0.0000143346  -0.0000031171
        0.0000250185  -0.0000136592  -0.0000180728   0.0000002459  -0.0000272032
        0.0000172461   0.0000039503   0.0000203575  -0.0000024618   0.0000023879
        0.0000020893   0.0001254845   0.0002202023   0.0003517191   0.0017377637
       -0.0011835773  -0.0000429902   0.0688885106   0.0615647658   0.0562217406
        0.0013919130  -0.0012735066  -0.0009160534  -0.0008130008  -0.0002231386
       -0.0006713511  -0.0000030960   0.0000024859   0.0000047735   0.0000007398
        0.0000102310   0.0000101306  -0.0000018409   0.0000063154   0.0000089722
       -0.0000053990   0.0000019372   0.0000077234  -0.0000054640  -0.0000032989
        0.0000053424   0.0000032224  -0.0000045658   0.0000044576   0.0000038849
        0.0000114565   0.0000083092
       -0.0001104738   0.0000087111  -0.0000979774   0.0004456670   0.0000625476
        0.0001887264   0.0000989032  -0.0003094333  -0.0000382561   0.0006207434
        0.0004832561   0.0002658472   0.0002104442   0.0031860825  -0.0049186929
       -0.0188520996  -0.0083140382  -0.0232728280  -0.1164958014  -0.0530846980
       -0.1713003933   0.0026015084   0.0010908926   0.0035617719   0.0003428618
        0.0018603276   0.0010813842  -0.0000736713   0.0000113478   0.0000117299
       -0.0000436906  -0.0000197462  -0.0000139847   0.0000084264  -0.0000232438
        0.0000145253  -0.0000049720   0.0000012879   0.0000127131   0.0000069013
       -0.0000201408   0.0000128117  -0.0000050156  -0.0000007577  -0.0000053515
        0.0000032049   0.0000045563  -0.0000013906  -0.0000037086   0.0000066884
       -0.0000097709  -0.0000159788   0.0000164907   0.0000117499   0.0000173403
        0.0000326635  -0.0000127607  -0.0000011750   0.0000052613  -0.0000299478
       -0.0000129418  -0.0000285481   0.0000063726   0.0000085286   0.0000015657
        0.0000059033  -0.0009840221  -0.0003904487  -0.0012781433  -0.0001116597
       -0.0008649478   0.0006188522   0.1311540167   0.0562217406   0.1942098421
        0.0009980914  -0.0000961561   0.0008775677   0.0001752325   0.0001581107
        0.0000927032   0.0000314682  -0.0000220493  -0.0000042666  -0.0000000523
        0.0000170139  -0.0000004812  -0.0000099228   0.0000059193   0.0000062390
       -0.0000060385   0.0000038351   0.0000060162  -0.0000018702  -0.0000030348
        0.0000053120   0.0000006813  -0.0000082795   0.0000028462   0.0000090749
        0.0000072235  -0.0000086691
       -0.0001078739  -0.0001127985   0.0000115663   0.0001606047  -0.0000382072
       -0.0001056972  -0.0002455379   0.0003840957  -0.0006785147   0.0006839499
       -0.0046543918  -0.0036486595  -0.0002750417   0.0000032286  -0.0002431796
       -0.0005201015  -0.0064157255   0.0002817081  -0.0029186994  -0.0082342847
        0.0212548285  -0.0438341979  -0.0138266892   0.0255957359   0.0016522778
        0.0050604990  -0.0184187951   0.0000691833   0.0000820620  -0.0000895534
       -0.0000144226  -0.0000048767   0.0000209824   0.0000101263   0.0000098055
        0.0000072171  -0.0000037858   0.0000303748   0.0000114964   0.0000067963
        0.0000091525  -0.0000192370  -0.0000073558   0.0000071968   0.0000253851
       -0.0000180208  -0.0000055193   0.0000254553   0.0000045119  -0.0000189667
        0.0000159804   0.0000077548  -0.0000039728  -0.0000249529   0.0000524695
        0.0000102159  -0.0000550847   0.0000170212  -0.0000012591   0.0000163166
       -0.0000125148  -0.0000142620  -0.0000289136  -0.0000032551   0.0000083777
        0.0000136891  -0.0006063000   0.0008420408   0.0001968768  -0.0002927762
       -0.0004465458   0.0011363690  -0.0004525718   0.0013919130   0.0009980914
        0.0471092027   0.0241098098  -0.0260088976  -0.0004347129   0.0018489172
       -0.0003076890  -0.0000141555  -0.0000247735   0.0000078611  -0.0000094130
       -0.0000057062   0.0000081113  -0.0000045656  -0.0000021014   0.0000004365
       -0.0000027344  -0.0000011929   0.0000020773  -0.0000056348  -0.0000029526
        0.0000016069  -0.0000033416  -0.0000105640   0.0000023771   0.0000131144
        0.0000271007  -0.0000049944
       -0.0000004283  -0.0000307803   0.0000150389  -0.0002576384  -0.0000540349
        0.0000289346   0.0003667097   0.0001420056  -0.0005497978  -0.0045257969
        0.0050243323  -0.0004627099  -0.0002787177  -0.0003088559  -0.0004397501
       -0.0064968825   0.0025085039   0.0019670257  -0.0034785392  -0.0065871942
        0.0185762061  -0.0138462950  -0.0647473800   0.0777807635   0.0005308006
        0.0030150605  -0.0071122553   0.0000495317   0.0000177868  -0.0000283335
       -0.0000220880   0.0000179340   0.0000276497  -0.0000000064  -0.0000010649
       -0.0000024357  -0.0000004244  -0.0000051266  -0.0000025396   0.0000037144
        0.0000162039  -0.0000000096   0.0000076553  -0.0000025509  -0.0000012035
       -0.0000041537   0.0000063670   0.0000045755  -0.0000066088   0.0000092797
       -0.0000008393  -0.0000014442  -0.0000047040  -0.0000068469   0.0000032223
        0.0000129349  -0.0000115156   0.0000039838   0.0000007075   0.0000135432
       -0.0000061309   0.0000053312  -0.0000123238  -0.0000018558   0.0000150789
        0.0000038930   0.0008279170  -0.0010783796  -0.0002754583  -0.0002172056
       -0.0004518161   0.0010096910   0.0016616907  -0.0012735066  -0.0000961561
        0.0241098098   0.0651308057  -0.0892639681   0.0015710097  -0.0013307175
       -0.0011790390  -0.0000077432  -0.0000090412   0.0000037501  -0.0000032543
       -0.0000038396   0.0000143000   0.0000060682  -0.0000060772   0.0000058916
        0.0000029459  -0.0000081346   0.0000012644  -0.0000018806  -0.0000080760
        0.0000018417  -0.0000000001  -0.0000151657   0.0000000087   0.0000120351
        0.0000041138  -0.0000091955
       -0.0003083843  -0.0001616669  -0.0000826912   0.0007389233  -0.0000281183
        0.0000819200  -0.0003262622   0.0003120468  -0.0015366302  -0.0041469736
       -0.0004101495  -0.0012761475  -0.0002362026  -0.0004601145   0.0008562841
        0.0008533618   0.0022397639   0.0011165586   0.0021869604   0.0042544064
       -0.0093392812   0.0256824029   0.0779104597  -0.2669710465   0.0006165078
        0.0067450118  -0.0247230858  -0.0000380890   0.0001712900  -0.0001126847
       -0.0000800737   0.0000189490   0.0000285309   0.0000183906  -0.0000108638
        0.0000212578   0.0000018131  -0.0000008372   0.0000212566  -0.0000150791
        0.0000170700   0.0000409735   0.0000038189  -0.0000090715   0.0000158607
       -0.0000060378   0.0000043966   0.0000222698  -0.0000121317  -0.0000013751
        0.0000277954  -0.0000173785  -0.0000401957  -0.0000020522   0.0000406002
        0.0000509259  -0.0000453119   0.0000172876   0.0000114077  -0.0000173584
       -0.0000540925  -0.0000687888  -0.0000379636   0.0000035465   0.0000105723
        0.0000224910   0.0001713800  -0.0002666972  -0.0000231322   0.0001153593
        0.0001994406  -0.0005843852  -0.0001325184  -0.0009160534   0.0008775677
       -0.0260088976  -0.0892639681   0.3009029043   0.0009266297  -0.0003195785
        0.0006998832   0.0000141410  -0.0000442564   0.0000059906   0.0000012215
        0.0000246991   0.0000054351  -0.0000180853   0.0000117944   0.0000155423
       -0.0000086790   0.0000088330   0.0000090380  -0.0000052296  -0.0000079929
        0.0000068974  -0.0000019570  -0.0000224282   0.0000013086   0.0000237272
        0.0000410886  -0.0000279950
       -0.0000032908  -0.0001725392   0.0000839689  -0.0002265243   0.0000082323
       -0.0000001781  -0.0005159747   0.0014992876  -0.0003973530  -0.0033116372
       -0.0042234763   0.0033867722   0.0028726160  -0.0032385468   0.0002583153
        0.0004680765   0.0005327214  -0.0001871127   0.0008754914  -0.0042408421
       -0.0044506810  -0.0170660623  -0.0139485710   0.0032855868  -0.1793816392
       -0.1238050787   0.0428097910  -0.0000477213   0.0003699107  -0.0004301643
       -0.0000099224  -0.0001133445   0.0000453916  -0.0000255177   0.0000077439
        0.0000455680   0.0000289852   0.0000540955  -0.0000405196   0.0000041220
       -0.0000139297  -0.0000124895  -0.0000043342   0.0000328389   0.0000177873
       -0.0000127257   0.0000041779   0.0000304243  -0.0001073773  -0.0001284738
        0.0002073281  -0.0002565387  -0.0000218467  -0.0000314193  -0.0005263419
        0.0005867553  -0.0002966332   0.0000141381   0.0000146047   0.0000704979
       -0.0000335798  -0.0000129476  -0.0000610964  -0.0000037479  -0.0000032838
        0.0000291555  -0.0003512910  -0.0000658376   0.0000365809  -0.0005692834
        0.0008289245   0.0001885729  -0.0008393813  -0.0008130008   0.0001752325
       -0.0004347129   0.0015710097   0.0009266297   0.1994703325   0.1457272835
       -0.0453485349  -0.0000456152  -0.0000445759   0.0000001073  -0.0000114605
       -0.0000214494   0.0000113205  -0.0000014362  -0.0000417019  -0.0000059542
        0.0000239815  -0.0000198184  -0.0000036941   0.0000324718  -0.0000287668
       -0.0000291218   0.0000599166  -0.0000401703   0.0000063958  -0.0000640158
       -0.0002393847  -0.0003204741
        0.0001363983   0.0000543234  -0.0001171226  -0.0000570640   0.0000824399
        0.0007321541   0.0021437418  -0.0004833756  -0.0013182091  -0.0104466301
       -0.0074469015   0.0029728727  -0.0028595052   0.0042280645   0.0032582462
        0.0005141460   0.0002188464  -0.0001923489  -0.0044412759   0.0048320846
       -0.0006211096  -0.0086141998  -0.0069707562   0.0015885063  -0.1240087150
       -0.1369958202   0.0402637636   0.0002269115  -0.0005236454   0.0003662750
       -0.0000606251  -0.0001353097   0.0000531136  -0.0000236165  -0.0000388070
       -0.0000371081  -0.0000020267  -0.0000419298  -0.0000361417   0.0001336874
       -0.0001472585  -0.0001442061  -0.0000049948  -0.0000410458  -0.0000193005
       -0.0000092605   0.0000910823   0.0000019199   0.0000509894   0.0000473137
       -0.0000320150  -0.0001138298   0.0003234038   0.0000597230   0.0002837791
        0.0000962378  -0.0001409787  -0.0000332175  -0.0000275793  -0.0000095042
        0.0000377293   0.0000333214   0.0000062651  -0.0000257126  -0.0000146070
       -0.0000332179  -0.0003734996  -0.0006368410   0.0001695691   0.0008170170
       -0.0010561853  -0.0002699023  -0.0005760486  -0.0002231386   0.0001581107
        0.0018489172  -0.0013307175  -0.0003195785   0.1457272835   0.1460934870
       -0.0462869134  -0.0000048998   0.0000506976  -0.0000183955  -0.0000110153
        0.0000348452   0.0000136926  -0.0000097001   0.0000208332   0.0000156940
       -0.0000258894  -0.0000178206   0.0000329022  -0.0000100507  -0.0000323630
        0.0000151668  -0.0000363269  -0.0001126963   0.0000663251  -0.0001724965
        0.0000698174  -0.0001782480
       -0.0000455764  -0.0000669964  -0.0000324056   0.0001881724   0.0002118936
        0.0001159262   0.0021472284  -0.0000072119   0.0018533520   0.0201993648
        0.0179624495  -0.0089027134  -0.0001952461   0.0029450810  -0.0049678057
       -0.0004170892  -0.0002334249  -0.0004830646  -0.0038561290  -0.0002918633
       -0.0019605061  -0.0156518231  -0.0127113964   0.0041632010   0.0434430524
        0.0393854032  -0.0581375726  -0.0003968641   0.0004608478   0.0000110864
        0.0000104436   0.0001496405  -0.0000555414   0.0000349123  -0.0000563875
       -0.0000176579  -0.0000115240  -0.0001098723  -0.0000048351  -0.0000877432
        0.0000261950   0.0000988602   0.0000594112  -0.0000004935  -0.0000839411
        0.0000645668  -0.0000481064  -0.0001387445   0.0000163239  -0.0000717951
        0.0000014531  -0.0000943414   0.0002231192   0.0005109366  -0.0002619833
        0.0001202702   0.0001722818   0.0000593511   0.0000045789   0.0000507061
       -0.0000818739  -0.0000500801  -0.0000064945   0.0000498515  -0.0000021609
       -0.0000262616   0.0011783544   0.0010295601  -0.0005112940   0.0001866383
       -0.0003073033  -0.0000541725  -0.0008440423  -0.0006713511   0.0000927032
       -0.0003076890  -0.0011790390   0.0006998832  -0.0453485349  -0.0462869134
        0.0679494268   0.0000425017  -0.0000690228   0.0000038122   0.0000224759
       -0.0000279881  -0.0000318251   0.0000047141  -0.0000214543  -0.0000210953
        0.0000204533  -0.0000024070  -0.0000300722   0.0000303745  -0.0000070575
       -0.0000485111   0.0000255792   0.0000331040  -0.0000243115  -0.0001833099
       -0.0003298179  -0.0001848033
        0.0002095171  -0.0002816620  -0.0002534139  -0.0019266989   0.0006894678
       -0.0016061972  -0.0001034638   0.0000679342   0.0006373831   0.0000383190
        0.0001216773  -0.0001705806  -0.0002105290   0.0002586874  -0.0001969943
       -0.0000077357  -0.0000447605  -0.0000044664   0.0000387752   0.0000274814
       -0.0000087533  -0.0000243848  -0.0000279685  -0.0000173033   0.0000236996
       -0.0000863399   0.0000598451  -0.0011767406  -0.0031159256   0.0021547817
       -0.1295647699  -0.0668941412   0.1066733076  -0.0105250561  -0.0064792423
        0.0133211475   0.0018720622   0.0024499802   0.0048630992   0.0001935194
        0.0002552860  -0.0004878095  -0.0007105627   0.0000138194  -0.0008150913
        0.0000727067   0.0000119457  -0.0000507981  -0.0004513594  -0.0000673011
       -0.0004569606  -0.0000555595   0.0000916966   0.0003695809   0.0055019899
       -0.0007826243   0.0041231558  -0.0000460793  -0.0000740654  -0.0001048231
        0.0000059749   0.0000156230   0.0000078863  -0.0000755299  -0.0000376728
       -0.0000944443  -0.0000858002   0.0000095488   0.0000958285   0.0000037021
       -0.0000149367   0.0000034563   0.0000055043  -0.0000030960   0.0000314682
       -0.0000141555  -0.0000077432   0.0000141410  -0.0000456152  -0.0000048998
        0.0000425017   0.1382201829   0.0746680464  -0.1276765867  -0.0007859976
       -0.0003672737  -0.0013914225  -0.0006365915  -0.0003377590   0.0006342269
        0.0000248590   0.0000369607   0.0000115506   0.0001578023  -0.0000157905
        0.0001758842  -0.0000377874  -0.0000526646   0.0000153821   0.0001158024
       -0.0000222879   0.0001010186
        0.0000142277   0.0001338834  -0.0000027105  -0.0015358531   0.0000036693
        0.0013120655   0.0002757350   0.0002127999   0.0000378893   0.0002859670
       -0.0001757450   0.0002100567   0.0000758998   0.0000643111   0.0000513950
        0.0000545100   0.0000254795   0.0000448972   0.0000283102   0.0000431516
       -0.0000877316  -0.0000398025  -0.0000086682  -0.0000661187  -0.0001039189
       -0.0001122352   0.0001701061  -0.0181924202  -0.0169139363   0.0200519771
       -0.0670721925  -0.0928652104   0.0741012662   0.0092280590   0.0065049092
       -0.0103777898   0.0019189589  -0.0011274254  -0.0024403155   0.0002684920
       -0.0003347068  -0.0003129355   0.0001849459   0.0000924140  -0.0001399072
        0.0000876929   0.0000082829  -0.0000971218  -0.0000272139  -0.0003530119
        0.0001078659  -0.0009793869  -0.0003949691   0.0011760256  -0.0001199715
       -0.0057129661  -0.0003657322  -0.0001974775  -0.0000297360  -0.0002138750
        0.0001078956   0.0001404817   0.0000990177   0.0000387076   0.0000173587
        0.0000321860   0.0001260594   0.0000827811  -0.0001089578  -0.0000353748
       -0.0000160886  -0.0000343086  -0.0000067569   0.0000024859  -0.0000220493
       -0.0000247735  -0.0000090412  -0.0000442564  -0.0000445759   0.0000506976
       -0.0000690228   0.0746680464   0.1096287032  -0.0819563584   0.0006971070
        0.0009061325  -0.0006665892   0.0005316771   0.0002228269  -0.0005994541
       -0.0000414976   0.0000036053   0.0000476908  -0.0000274331  -0.0000192734
        0.0000182402  -0.0000944018  -0.0001192486   0.0001047348  -0.0000492407
        0.0000482883   0.0000398201
        0.0001564724  -0.0003185447  -0.0002543050  -0.0013771841  -0.0009160163
       -0.0010053121  -0.0009646654   0.0002963707   0.0001232673   0.0001318178
        0.0003058189   0.0002634179  -0.0001291196  -0.0001896001   0.0000594170
       -0.0000173225  -0.0000301933   0.0000162579  -0.0000276222  -0.0000308685
       -0.0000592506   0.0000245076   0.0000104493  -0.0000052888   0.0000712383
        0.0000758457  -0.0001491614   0.0025093492   0.0034319566  -0.0017563754
        0.1065901847   0.0737623782  -0.1528492316   0.0134259482   0.0076478983
       -0.0139797586   0.0049854784  -0.0027326638   0.0003726760  -0.0004228365
       -0.0005115577   0.0001972023  -0.0007896794   0.0000592210  -0.0005459237
       -0.0000073703  -0.0000847869   0.0000286807  -0.0005385567   0.0000132333
       -0.0002543209   0.0003130093  -0.0000552252  -0.0000933499   0.0041589451
        0.0003236926   0.0045960130  -0.0000406326  -0.0000455845   0.0000579499
        0.0000172572   0.0000248400  -0.0000562980  -0.0000452879  -0.0000528027
       -0.0001164509   0.0000256568  -0.0000170114   0.0000506812  -0.0000092302
       -0.0000023687   0.0000046489  -0.0000018061   0.0000047735  -0.0000042666
        0.0000078611   0.0000037501   0.0000059906   0.0000001073  -0.0000183955
        0.0000038122  -0.1276765867  -0.0819563584   0.1663555825  -0.0013530891
        0.0005269097  -0.0004178984   0.0007090892   0.0003909454  -0.0007881285
        0.0000082438  -0.0000376166   0.0000216741   0.0001732215   0.0000268355
        0.0001111823   0.0000055899   0.0000490407  -0.0000326947   0.0000870114
        0.0000456348   0.0000995612
       -0.0000131391   0.0000040718   0.0001768327   0.0001979150   0.0005492642
       -0.0003294124  -0.0002076740  -0.0000056193   0.0001984949   0.0001251963
        0.0000626493   0.0000095977   0.0000074577  -0.0000056914  -0.0000185830
        0.0000188922  -0.0000045890  -0.0000044401   0.0000000861  -0.0000088935
       -0.0000124457   0.0000096340   0.0000022447  -0.0000059578  -0.0000409029
       -0.0000068982  -0.0000276289   0.0018750550   0.0024499148   0.0046326049
        0.0014072197   0.0153725340   0.0003401591  -0.0398592190  -0.0193044308
        0.0058389112  -0.0016506573  -0.0186819391   0.0020996821   0.0032769535
       -0.0014848227   0.0071611825   0.0001742060  -0.0009039635   0.0000214571
       -0.0005980117  -0.0001934199  -0.0002956824  -0.0000412497   0.0000628774
        0.0000753939  -0.0007743255   0.0001231136  -0.0007336507  -0.0004966265
       -0.0001152647   0.0001739560  -0.0000066729   0.0000213099  -0.0000133922
       -0.0000312632  -0.0000170203   0.0000046269  -0.0000064748  -0.0000083108
        0.0000285060   0.0000048854   0.0000094085   0.0000060956  -0.0000118497
       -0.0000053485   0.0000009549  -0.0000062250   0.0000007398  -0.0000000523
       -0.0000094130  -0.0000032543   0.0000012215  -0.0000114605  -0.0000110153
        0.0000224759  -0.0007859976   0.0006971070  -0.0013530891   0.0385785187
        0.0220638449  -0.0162247363  -0.0014499450  -0.0005120764  -0.0020118336
        0.0001631459  -0.0000041417   0.0000530373  -0.0000260467  -0.0000946364
        0.0000206550   0.0001649496  -0.0000086164   0.0001479305   0.0000230388
       -0.0000391276   0.0000171288
        0.0000976972  -0.0000561948  -0.0002270046  -0.0008885564  -0.0005307358
        0.0007005279   0.0005543800   0.0000380360  -0.0002351831  -0.0002559823
       -0.0001158990  -0.0000966191   0.0000236228   0.0000653286   0.0000507966
        0.0000058469   0.0000006192  -0.0000068737   0.0000237494   0.0000295123
        0.0000082124  -0.0000235503  -0.0000203867  -0.0000250552   0.0000651949
       -0.0000512398   0.0001051130   0.0024677007  -0.0016819436  -0.0029201396
        0.0000047170  -0.0203444958  -0.0006116860  -0.0194975666  -0.2971899653
        0.0146184322  -0.0027469709  -0.0165804461   0.0026780835  -0.0021297701
        0.0002045447   0.0020854233   0.0001918979  -0.0008824520  -0.0002028200
       -0.0001160934   0.0000120610   0.0001643096   0.0000193776   0.0001396426
       -0.0000217873  -0.0000069277   0.0002642889   0.0000483543   0.0000399232
        0.0008294879  -0.0000141153   0.0000063207  -0.0000161826   0.0000017572
        0.0000373119   0.0000347128   0.0000527065  -0.0000016150  -0.0000302990
       -0.0000734977  -0.0000013706  -0.0000015973  -0.0000246462   0.0000279042
        0.0000177841  -0.0000011598   0.0000170345   0.0000102310   0.0000170139
       -0.0000057062  -0.0000038396   0.0000246991  -0.0000214494   0.0000348452
       -0.0000279881  -0.0003672737   0.0009061325   0.0005269097   0.0220638449
        0.3340961020  -0.0162375908   0.0004676446   0.0010093622  -0.0004075781
       -0.0000214265   0.0000043015   0.0000170995  -0.0000406654  -0.0001202539
        0.0000479386  -0.0000154413  -0.0000606597   0.0000090720   0.0000261974
       -0.0000104013  -0.0000227047
        0.0000499835  -0.0000599258  -0.0001319053  -0.0005796721  -0.0006320952
        0.0003289938   0.0003055973   0.0001031940  -0.0002190584  -0.0000810522
       -0.0000150268   0.0000725312  -0.0000216658  -0.0000007285   0.0000344563
        0.0000053122  -0.0000142545   0.0000213089   0.0000068701  -0.0000014988
       -0.0000015920  -0.0000112968  -0.0000163624  -0.0000027410   0.0000552696
        0.0000053561   0.0000162910   0.0050232512  -0.0028175685   0.0003602195
        0.0000049706  -0.0182297031   0.0007959229   0.0057131430   0.0144388662
       -0.0403584431   0.0026644707   0.0208005955  -0.0017924398   0.0070585199
        0.0014161959   0.0017228079   0.0000472998   0.0009899073   0.0001195928
       -0.0003140981   0.0001260666  -0.0005295255   0.0000149779  -0.0000632017
        0.0000189236  -0.0007199785  -0.0000505462  -0.0006124102   0.0000671637
        0.0000534658  -0.0004082141   0.0000164783  -0.0000164981   0.0000195442
        0.0000242926   0.0000175144   0.0000109304  -0.0000164290  -0.0000136134
       -0.0000341275  -0.0000027636  -0.0000080185  -0.0000163535   0.0000093565
        0.0000105979   0.0000002840   0.0000004947   0.0000101306  -0.0000004812
        0.0000081113   0.0000143000   0.0000054351   0.0000113205   0.0000136926
       -0.0000318251  -0.0013914225  -0.0006665892  -0.0004178984  -0.0162247363
       -0.0162375908   0.0417333639  -0.0019702432   0.0006675850  -0.0009613683
        0.0000618969   0.0000043945   0.0001509726   0.0000165179   0.0000976364
       -0.0000291199   0.0001508167   0.0000160531   0.0001263549   0.0000172433
        0.0000576695   0.0000095703
        0.0001323423  -0.0001285022  -0.0001284792  -0.0007691255  -0.0002180732
       -0.0012828806  -0.0005853074   0.0001389250   0.0003236615   0.0001727445
        0.0000660256   0.0001268489  -0.0000353365  -0.0000162851  -0.0000352448
        0.0000326927   0.0000060186   0.0000235389   0.0000072620   0.0000009215
       -0.0000209055   0.0000099763  -0.0000044476   0.0000191380  -0.0000192621
        0.0000054517  -0.0000272230   0.0001642412  -0.0002248904  -0.0001308947
        0.0031089724  -0.0022027764   0.0068225988  -0.0112977699   0.0102905941
        0.0138875141  -0.1120238703   0.0770483398   0.0906756103   0.0005404072
        0.0017333821   0.0007898990  -0.0004962074  -0.0011324256  -0.0015846894
       -0.0001739632   0.0000263447   0.0000496968  -0.0000535117  -0.0000782133
       -0.0001656165  -0.0001675683  -0.0001976622  -0.0000061106   0.0037560680
       -0.0003640796   0.0023536216  -0.0000136811  -0.0000162275  -0.0000155737
        0.0000060112  -0.0000004187  -0.0000050651  -0.0000381455  -0.0000211871
       -0.0000512070   0.0000127388   0.0000005859  -0.0000023533  -0.0000093701
       -0.0000040925  -0.0000003495  -0.0000109740  -0.0000018409  -0.0000099228
       -0.0000045656   0.0000060682  -0.0000180853  -0.0000014362  -0.0000097001
        0.0000047141  -0.0006365915   0.0005316771   0.0007090892  -0.0014499450
        0.0004676446  -0.0019702432   0.1193877652  -0.0856466010  -0.1106457599
        0.0001376396  -0.0000859061  -0.0000002946   0.0001257360  -0.0000208093
        0.0000857227   0.0000131689   0.0000300023   0.0000094499   0.0001788651
        0.0000221579   0.0002197950
        0.0000246161   0.0000247371  -0.0000416302  -0.0002966124   0.0001684352
        0.0002617767   0.0001692176  -0.0000323672  -0.0000086832  -0.0000775224
       -0.0000302298  -0.0000539161   0.0000140830   0.0000248248   0.0000232848
        0.0000094457  -0.0000014450  -0.0000119051   0.0000184612   0.0000179789
        0.0000016616  -0.0000061069   0.0000036158  -0.0000282332   0.0000127942
       -0.0000383614   0.0000466955  -0.0003308508  -0.0001562004   0.0003539110
       -0.0016672117  -0.0000045340   0.0016690053  -0.0059481142   0.0063628398
        0.0068472416   0.0779951710  -0.1254228430  -0.0900859839   0.0160708842
       -0.0196366925  -0.0186266168   0.0013488474   0.0007271201  -0.0015300188
        0.0000813189   0.0003951130  -0.0001056498   0.0000235453   0.0003140738
       -0.0000296567   0.0008920154  -0.0006638512  -0.0010279142  -0.0009698219
       -0.0055882531   0.0010076368  -0.0000048954   0.0000014468  -0.0000052049
        0.0000198621   0.0000133757   0.0000453476   0.0000082391  -0.0000198340
       -0.0000139772   0.0000031970   0.0000022499  -0.0000087597   0.0000117454
        0.0000056466   0.0000006988   0.0000069521   0.0000063154   0.0000059193
       -0.0000021014  -0.0000060772   0.0000117944  -0.0000417019   0.0000208332
       -0.0000214543  -0.0003377590   0.0002228269   0.0003909454  -0.0005120764
        0.0010093622   0.0006675850  -0.0856466010   0.1431226129   0.0992685764
       -0.0008042490  -0.0003820604   0.0008817822  -0.0000372293   0.0000761469
        0.0000388827  -0.0000475426   0.0000032870   0.0000600758   0.0000200006
       -0.0005400927   0.0000167831
        0.0001385146  -0.0001692996  -0.0001673275  -0.0012161446   0.0002022906
       -0.0007121579  -0.0001853471   0.0000528337   0.0002580333  -0.0000556407
        0.0000464259  -0.0000046647   0.0000003846  -0.0000102474   0.0000251575
        0.0000048211  -0.0000294421   0.0000183164   0.0000084141   0.0000041828
       -0.0000074411  -0.0000247079  -0.0000220993  -0.0000305707   0.0000665431
       -0.0000133122   0.0000135604  -0.0000222691   0.0004237480   0.0000884381
        0.0068174299   0.0022450949   0.0016776353   0.0135836627  -0.0114786290
       -0.0148603382   0.0905897572  -0.0891229911  -0.1374326568   0.0009459823
       -0.0020611939   0.0001010596  -0.0014867838   0.0013845242  -0.0001678115
        0.0000790353  -0.0001220371  -0.0002404280  -0.0002277963   0.0001104238
        0.0000539088   0.0000176013   0.0001849948  -0.0002330138   0.0026803363
        0.0000953610   0.0028676745   0.0000125901   0.0000201141   0.0000278351
        0.0000151276   0.0000097120   0.0000202714  -0.0000218332  -0.0000542136
       -0.0000806889  -0.0000128779   0.0000035233  -0.0000062150   0.0000081632
        0.0000100926  -0.0000021210   0.0000073927   0.0000089722   0.0000062390
        0.0000004365   0.0000058916   0.0000155423  -0.0000059542   0.0000156940
       -0.0000210953   0.0006342269  -0.0005994541  -0.0007881285  -0.0020118336
       -0.0004075781  -0.0009613683  -0.1106457599   0.0992685764   0.1500661757
        0.0000111865   0.0000590191   0.0001985502   0.0000855413   0.0000295361
        0.0001036577   0.0000129499  -0.0000374561   0.0000119769   0.0001968511
       -0.0000530576   0.0001619947
       -0.0000668757   0.0000967885   0.0000687455   0.0004587483  -0.0003642320
        0.0002040089  -0.0001637102   0.0000757300  -0.0000940523   0.0000876752
       -0.0000114940   0.0000671823  -0.0000184493  -0.0000158819  -0.0000350007
        0.0000033516   0.0000090719   0.0000010777  -0.0000150024  -0.0000162969
       -0.0000013972   0.0000200783  -0.0000004958   0.0000328345  -0.0000427739
        0.0000382829  -0.0000433309  -0.0007258368   0.0007104093   0.0006248181
        0.0000222881   0.0000397693  -0.0003004375  -0.0000005215   0.0002141642
       -0.0001708504  -0.0007799020   0.0012593667  -0.0012879882  -0.0104461510
        0.0097219615   0.0134824294  -0.1114817512   0.0780408690   0.0895794127
        0.0004105628   0.0011807121   0.0005178334   0.0060392664  -0.0000693030
        0.0039284146   0.0000349019  -0.0005644968  -0.0001965124   0.0015426867
       -0.0018794522   0.0050620381  -0.0000025826  -0.0000033891  -0.0000192109
       -0.0000161440  -0.0000148058  -0.0000220720   0.0000073121   0.0000376883
        0.0000283205   0.0000042906  -0.0000022863   0.0000035230  -0.0000070758
       -0.0000035998  -0.0000004837  -0.0000066619  -0.0000053990  -0.0000060385
       -0.0000027344   0.0000029459  -0.0000086790   0.0000239815  -0.0000258894
        0.0000204533   0.0000248590  -0.0000414976   0.0000082438   0.0001631459
       -0.0000214265   0.0000618969   0.0001376396  -0.0008042490   0.0000111865
        0.1173747938  -0.0869931075  -0.1082994659  -0.0013894128  -0.0005136774
       -0.0021514690  -0.0000631544  -0.0000269823  -0.0000144161  -0.0011268418
       -0.0000497976  -0.0010510145
        0.0000187348   0.0000356837  -0.0000155824  -0.0001755556  -0.0000700410
        0.0001731142   0.0000689891   0.0000477143  -0.0000134760  -0.0000403959
       -0.0000262942  -0.0000382780   0.0000115999   0.0000124723   0.0000073239
        0.0000082913   0.0000020059  -0.0000094312   0.0000080088   0.0000035107
        0.0000064006  -0.0000028831   0.0000046751  -0.0000184896  -0.0000117954
       -0.0000047009   0.0000316976  -0.0003563238   0.0000222408   0.0004348299
       -0.0000399555   0.0001568604   0.0000498293   0.0001860971  -0.0001118037
       -0.0002227262  -0.0012877889   0.0012641155   0.0014726572  -0.0046031049
        0.0060422270   0.0052997816   0.0774568118  -0.1269009019  -0.0890540046
        0.0168585707  -0.0207406361  -0.0193282427  -0.0005992649  -0.0057470161
        0.0008350716  -0.0003949538  -0.0000425825   0.0004443699  -0.0014139425
       -0.0005183560   0.0016417683  -0.0000018327   0.0000179955  -0.0000145765
        0.0000074581  -0.0000184598   0.0000275324  -0.0000003866  -0.0000140250
       -0.0000122807   0.0000013201   0.0000030281  -0.0000014366   0.0000065475
        0.0000015600   0.0000021844   0.0000037054   0.0000019372   0.0000038351
       -0.0000011929  -0.0000081346   0.0000088330  -0.0000198184  -0.0000178206
       -0.0000024070   0.0000369607   0.0000036053  -0.0000376166  -0.0000041417
        0.0000043015   0.0000043945  -0.0000859061  -0.0003820604   0.0000590191
       -0.0869931075   0.1473067494   0.0997834976   0.0004527284   0.0007703260
       -0.0005695450   0.0008972040  -0.0010990003  -0.0009427578   0.0000093225
        0.0000008246  -0.0000052895
       -0.0000152311  -0.0000146591  -0.0000330104   0.0000415895   0.0004232283
        0.0002578578   0.0003377348  -0.0001884774  -0.0000758029  -0.0001263590
       -0.0000220276  -0.0000848402   0.0000198995   0.0000194292   0.0000352084
       -0.0000039963  -0.0000197531  -0.0000011222   0.0000045421   0.0000055835
        0.0000026684  -0.0000127763  -0.0000102262  -0.0000304760   0.0000228470
       -0.0000325756   0.0000415912   0.0004889185  -0.0008357770  -0.0009012063
       -0.0002896342  -0.0000718695   0.0000918908  -0.0001964171  -0.0002373232
        0.0000682983  -0.0013229327  -0.0013787387  -0.0004233062   0.0139308432
       -0.0112332779  -0.0147491506   0.0894829818  -0.0903592848  -0.1361900298
        0.0002472022  -0.0005219033   0.0005745790   0.0040977306   0.0002064827
        0.0046733986  -0.0003517016   0.0003705738   0.0002560784   0.0049721822
        0.0026099852   0.0002292210   0.0000043412   0.0000124950   0.0000095757
        0.0000219629   0.0000137500   0.0000358407   0.0000155578  -0.0000151222
       -0.0000105401  -0.0000040239   0.0000022026  -0.0000100626   0.0000112765
        0.0000103944  -0.0000006694   0.0000088485   0.0000077234   0.0000060162
        0.0000020773   0.0000012644   0.0000090380  -0.0000036941   0.0000329022
       -0.0000300722   0.0000115506   0.0000476908   0.0000216741   0.0000530373
        0.0000170995   0.0001509726  -0.0000002946   0.0008817822   0.0001985502
       -0.1082994659   0.0997834976   0.1475938644  -0.0021490815   0.0005353730
       -0.0007781039   0.0000157945  -0.0000031309  -0.0000818286  -0.0010153095
       -0.0000373113  -0.0008561024
       -0.0000196155  -0.0000134660   0.0000688379   0.0001876640  -0.0000352977
       -0.0001006642  -0.0000996471   0.0000126568   0.0000019743   0.0000658573
        0.0000122255   0.0000452271  -0.0000159078  -0.0000142664  -0.0000225313
       -0.0000020484   0.0000046026   0.0000050498  -0.0000137293  -0.0000057609
        0.0000001958   0.0000017892  -0.0000020540   0.0000280098  -0.0000212228
        0.0000146092  -0.0000370894  -0.0007811620   0.0000472220  -0.0007731316
        0.0000580534   0.0000360710  -0.0000249677  -0.0004522309  -0.0000222420
       -0.0004877229  -0.0000466157   0.0001072190   0.0002765028   0.0060841553
       -0.0004275770   0.0041076865  -0.0014946194  -0.0025518479   0.0025053537
       -0.1268930458  -0.0650452706   0.1071466466  -0.0103779743  -0.0065171643
        0.0134239577   0.0017550367   0.0024668846   0.0048720887   0.0001207291
        0.0003907462  -0.0004019470   0.0000015235  -0.0000150497  -0.0000030526
       -0.0000353317  -0.0000043123  -0.0000471005   0.0000009357   0.0000134739
        0.0000025262   0.0000055084  -0.0000007127   0.0000022784  -0.0000034678
       -0.0000026456   0.0000007764  -0.0000025684  -0.0000054640  -0.0000018702
       -0.0000056348  -0.0000018806  -0.0000052296   0.0000324718  -0.0000100507
        0.0000303745   0.0001578023  -0.0000274331   0.0001732215  -0.0000260467
       -0.0000406654   0.0000165179   0.0001257360  -0.0000372293   0.0000855413
       -0.0013894128   0.0004527284  -0.0021490815   0.1344395590   0.0720084130
       -0.1280411797  -0.0007325702  -0.0004668579  -0.0013355244  -0.0006239706
       -0.0003196040   0.0006383256
       -0.0000159913   0.0000608858  -0.0000157229   0.0001415320  -0.0001610108
       -0.0000785274  -0.0001296829   0.0000507165   0.0000102442   0.0000423067
        0.0000004057   0.0000170111  -0.0000004591   0.0000035368  -0.0000206087
        0.0000165946   0.0000157563  -0.0000028499   0.0000058313   0.0000046839
        0.0000033418   0.0000259494   0.0000178221   0.0000221879  -0.0000407402
        0.0000158040   0.0000039973   0.0000597079   0.0001230358  -0.0000881401
        0.0000803875   0.0000110372  -0.0001040915  -0.0000827233  -0.0003624915
        0.0000617177  -0.0009854425  -0.0004111768   0.0011490373   0.0001760482
       -0.0056876281   0.0000123714  -0.0183216869  -0.0161430416   0.0214064403
       -0.0649604187  -0.0920665473   0.0756531120   0.0091058019   0.0064938266
       -0.0105937583   0.0021760701  -0.0011697138  -0.0023000662   0.0002691259
       -0.0004000673  -0.0003017461   0.0000015188  -0.0000010091  -0.0000167525
        0.0000186592  -0.0000139103   0.0000151862  -0.0000071076   0.0000222786
        0.0000169846   0.0000039464   0.0000010946   0.0000046387  -0.0000022174
       -0.0000019439   0.0000011576  -0.0000039661  -0.0000032989  -0.0000030348
       -0.0000029526  -0.0000080760  -0.0000079929  -0.0000287668  -0.0000323630
       -0.0000070575  -0.0000157905  -0.0000192734   0.0000268355  -0.0000946364
       -0.0001202539   0.0000976364  -0.0000208093   0.0000761469   0.0000295361
       -0.0005136774   0.0007703260   0.0005353730   0.0720084130   0.1078130511
       -0.0842045310   0.0005659189   0.0009020490  -0.0007157291   0.0005292573
        0.0002193487  -0.0006062004
        0.0000061935   0.0000097256  -0.0000722489  -0.0001286350   0.0000712682
        0.0001576539   0.0000873102  -0.0000264121  -0.0000474751  -0.0000629633
       -0.0000119414  -0.0000162507   0.0000102251   0.0000023348   0.0000186660
       -0.0000000356  -0.0000089333   0.0000103739   0.0000018817   0.0000067318
       -0.0000043799  -0.0000029574   0.0000034323  -0.0000253805   0.0000258323
       -0.0000292931   0.0000452400  -0.0007765031  -0.0000317234  -0.0005912677
       -0.0000058172  -0.0000971369   0.0000402644  -0.0005220449   0.0000665585
       -0.0002897627   0.0003336819  -0.0000423076  -0.0001942997   0.0041699190
        0.0006171587   0.0048807490   0.0027472700   0.0030781634  -0.0025221453
        0.1071586703   0.0758528899  -0.1590835762   0.0130811845   0.0073983266
       -0.0139582810   0.0049380884  -0.0026562990   0.0005761049  -0.0004372020
       -0.0003875663   0.0002900804   0.0000031526   0.0000156440   0.0000018011
        0.0000393082   0.0000043842   0.0000492208   0.0000032298  -0.0000131821
       -0.0000014874  -0.0000031689   0.0000047710  -0.0000049019   0.0000086094
        0.0000076745   0.0000011328   0.0000080115   0.0000053424   0.0000053120
        0.0000016069   0.0000018417   0.0000068974  -0.0000291218   0.0000151668
       -0.0000485111   0.0001758842   0.0000182402   0.0001111823   0.0000206550
        0.0000479386  -0.0000291199   0.0000857227   0.0000388827   0.0001036577
       -0.0021514690  -0.0005695450  -0.0007781039  -0.1280411797  -0.0842045310
        0.1725432047  -0.0013722834   0.0004427321  -0.0003796657   0.0006269441
        0.0003696631  -0.0007946838
       -0.0000554797   0.0000226485   0.0000315645   0.0002753620  -0.0001041687
        0.0000232406  -0.0000261109   0.0000589702  -0.0000349252   0.0000427171
       -0.0000022741   0.0000059233  -0.0000140386  -0.0000078997  -0.0000098264
       -0.0000110464   0.0000084454   0.0000069849  -0.0000111296   0.0000026955
       -0.0000068701  -0.0000080385   0.0000019901   0.0000009345  -0.0000313855
        0.0000202718  -0.0000094926   0.0002388713  -0.0007438995   0.0000659763
       -0.0005684047  -0.0001629236  -0.0002940913  -0.0000300319   0.0000537326
        0.0000705337  -0.0007990276   0.0001366426  -0.0007575087  -0.0004513064
       -0.0000583573   0.0002159810   0.0018170147   0.0022829282   0.0048710843
        0.0011517735   0.0159340790  -0.0003073561  -0.0392110747  -0.0109890095
        0.0058634330  -0.0011395318  -0.0180817437   0.0026159518   0.0034048918
       -0.0013995790   0.0070788187   0.0000181090   0.0000191881  -0.0000269076
       -0.0000134324  -0.0000563258  -0.0000212801  -0.0000062436   0.0000077103
        0.0000256067   0.0000031688   0.0000027615  -0.0000005338  -0.0000013003
        0.0000045567  -0.0000003424   0.0000033502   0.0000032224   0.0000006813
       -0.0000033416  -0.0000000001  -0.0000019570   0.0000599166  -0.0000363269
        0.0000255792  -0.0000377874  -0.0000944018   0.0000055899   0.0001649496
       -0.0000154413   0.0001508167   0.0000131689  -0.0000475426   0.0000129499
       -0.0000631544   0.0008972040   0.0000157945  -0.0007325702   0.0005659189
       -0.0013722834   0.0375114304   0.0124845694  -0.0162189152  -0.0014902878
       -0.0007076414  -0.0020251549
       -0.0000319051   0.0000962091   0.0000317027   0.0003372640  -0.0003092419
       -0.0002456867  -0.0002134831   0.0001006144   0.0000198890   0.0001200523
        0.0000138051   0.0000472467  -0.0000099057   0.0000038351  -0.0000434104
        0.0000195796   0.0000250555  -0.0000002278   0.0000081063   0.0000098048
        0.0000010343   0.0000408331   0.0000329771   0.0000372184  -0.0000918854
        0.0000394257  -0.0000148452   0.0000825535  -0.0007663229  -0.0000274116
       -0.0001578745   0.0000259938   0.0001434249   0.0000181835   0.0001389333
       -0.0000121160  -0.0000832652   0.0002326079   0.0000457235   0.0000376051
        0.0008432278  -0.0000699699   0.0025446934  -0.0012742732  -0.0026759259
        0.0004539269  -0.0201107148   0.0002533351  -0.0112700154  -0.2966770662
        0.0216134633  -0.0022670574  -0.0165724939   0.0031714131  -0.0017690199
        0.0002562451   0.0023581402   0.0000075940   0.0000025170  -0.0000409009
       -0.0000052826  -0.0000698375   0.0000064896  -0.0000132323   0.0000356131
        0.0000268548   0.0000086274  -0.0000017339   0.0000074095  -0.0000085871
       -0.0000050296   0.0000005051  -0.0000058869  -0.0000045658  -0.0000082795
       -0.0000105640  -0.0000151657  -0.0000224282  -0.0000401703  -0.0001126963
        0.0000331040  -0.0000526646  -0.0001192486   0.0000490407  -0.0000086164
       -0.0000606597   0.0000160531   0.0000300023   0.0000032870  -0.0000374561
       -0.0000269823  -0.0010990003  -0.0000031309  -0.0004668579   0.0009020490
        0.0004427321   0.0124845694   0.3333926125  -0.0245618063   0.0003396652
        0.0010432373  -0.0005411848
       -0.0000178154  -0.0000408629  -0.0000453446  -0.0001360020   0.0001703206
        0.0003330859   0.0000999203  -0.0000725950  -0.0001063383  -0.0000384675
        0.0000121088   0.0000261565  -0.0000017797  -0.0000143897   0.0000134426
        0.0000007329   0.0000005120   0.0000106587  -0.0000062276   0.0000078629
       -0.0000079134  -0.0000120891  -0.0000022787  -0.0000024622   0.0000346542
       -0.0000295910   0.0000129292   0.0002150912   0.0009030993  -0.0000516675
       -0.0002711584   0.0001392444  -0.0005051008   0.0000141268  -0.0000580824
        0.0000077814  -0.0007556623  -0.0000739031  -0.0005952132   0.0001440770
       -0.0000021416  -0.0004092182   0.0048588397  -0.0022700537   0.0005962647
        0.0004297180  -0.0178769316   0.0014548478   0.0055820409   0.0214796643
       -0.0412598077   0.0022501863   0.0215499863  -0.0026930447   0.0069614332
        0.0014900527   0.0014829226   0.0000111730  -0.0000163613   0.0000193981
        0.0000208462   0.0000581971   0.0000299821   0.0000246591   0.0000069691
       -0.0000121609  -0.0000020866   0.0000064526  -0.0000036020   0.0000060135
        0.0000071720  -0.0000017179   0.0000034413   0.0000044576   0.0000028462
        0.0000023771   0.0000000087   0.0000013086   0.0000063958   0.0000663251
       -0.0000243115   0.0000153821   0.0001047348  -0.0000326947   0.0001479305
        0.0000090720   0.0001263549   0.0000094499   0.0000600758   0.0000119769
       -0.0000144161  -0.0009427578  -0.0000818286  -0.0013355244  -0.0007157291
       -0.0003796657  -0.0162189152  -0.0245618063   0.0430773516  -0.0020283449
        0.0006011682  -0.0009952160
        0.0001892900  -0.0002894042   0.0004096381   0.0007995150   0.0000957450
        0.0001780187  -0.0004768455  -0.0001259938   0.0002419531  -0.0002339203
       -0.0001081010  -0.0003004837   0.0000155212  -0.0000095286   0.0000468694
       -0.0000047610   0.0000031808  -0.0000005799   0.0000184379   0.0000060944
       -0.0000041410  -0.0000409315  -0.0000265306  -0.0000366758  -0.0000736304
        0.0000192948   0.0000406606  -0.0006845475  -0.0004457907  -0.0014306716
       -0.0001972994   0.0000401839   0.0000359285  -0.0000794443  -0.0000554505
       -0.0001576846  -0.0001845305  -0.0001226523   0.0000218325   0.0038109492
       -0.0000933428   0.0025419198   0.0001782724  -0.0004051002  -0.0003094339
        0.0034291456  -0.0019535848   0.0067945610  -0.0113431225   0.0102176601
        0.0136898394  -0.1162151402   0.0817848537   0.0890309437   0.0004077746
        0.0011778976   0.0007519520  -0.0001159939  -0.0000824693   0.0000705971
       -0.0000243473   0.0001627513  -0.0005360036  -0.0000611352   0.0000185945
        0.0001003459   0.0000027990   0.0000098959   0.0000048359   0.0000112202
        0.0000093720   0.0000089302   0.0000099432   0.0000038849   0.0000090749
        0.0000131144   0.0000120351   0.0000237272  -0.0000640158  -0.0001724965
       -0.0001833099   0.0001158024  -0.0000492407   0.0000870114   0.0000230388
        0.0000261974   0.0000172433   0.0001788651   0.0000200006   0.0001968511
       -0.0011268418   0.0000093225  -0.0010153095  -0.0006239706   0.0005292573
        0.0006269441  -0.0014902878   0.0003396652  -0.0020283449   0.1238370762
       -0.0905462014  -0.1089270391
       -0.0000414567   0.0003294504   0.0002043986  -0.0004021414  -0.0011057281
        0.0004281082  -0.0007125420   0.0001387592  -0.0000230391  -0.0001886125
       -0.0000471575  -0.0000481173   0.0000113172   0.0000173267   0.0000357809
        0.0000827043   0.0000273064   0.0000468654   0.0001012374   0.0000791933
       -0.0000027458   0.0000294138   0.0000178424  -0.0000482361   0.0000009112
       -0.0000877525   0.0002113952   0.0009454649   0.0010265875  -0.0012272143
        0.0001175895   0.0002474994  -0.0002148229   0.0000508783   0.0003027552
       -0.0000318121   0.0008422493  -0.0006451829  -0.0010286414  -0.0006899168
       -0.0055892889   0.0012647676  -0.0004371019  -0.0000157201   0.0004939024
       -0.0012991888   0.0000421316   0.0019129848  -0.0059325449   0.0062351158
        0.0065355016   0.0821399105  -0.1291061628  -0.0882962637   0.0166123347
       -0.0201118705  -0.0180534944   0.0000249785   0.0000158088  -0.0001343194
        0.0005444109   0.0002226430   0.0007911736   0.0000206814   0.0001183392
        0.0000500178   0.0000082113  -0.0000058582   0.0000064409   0.0000244186
        0.0000067774   0.0000165789   0.0000215793   0.0000114565   0.0000072235
        0.0000271007   0.0000041138   0.0000410886  -0.0002393847   0.0000698174
       -0.0003298179  -0.0000222879   0.0000482883   0.0000456348  -0.0000391276
       -0.0000104013   0.0000576695   0.0000221579  -0.0005400927  -0.0000530576
       -0.0000497976   0.0000008246  -0.0000373113  -0.0003196040   0.0002193487
        0.0003696631  -0.0007076414   0.0010432373   0.0006011682  -0.0905462014
        0.1470405925   0.0964085297
       -0.0000870541   0.0005277510  -0.0012305625   0.0004031082   0.0004209274
        0.0007452467   0.0001467156   0.0000441742  -0.0003858161   0.0001745939
        0.0000611452   0.0002536221  -0.0000683699  -0.0000551414  -0.0000859299
        0.0000206201   0.0000153754   0.0000498836   0.0000283160   0.0000296988
       -0.0000231360   0.0000669235   0.0000669956  -0.0000396261  -0.0001615592
       -0.0000561378   0.0000671243  -0.0013044067   0.0004923682  -0.0004483666
        0.0000369746  -0.0001938644  -0.0002654199  -0.0002257453   0.0000580252
        0.0000070819  -0.0000128479   0.0002226286  -0.0001402407   0.0024629487
        0.0003384669   0.0030805248  -0.0002045023   0.0005892564   0.0001210530
        0.0069736974   0.0023867939   0.0015114496   0.0142596129  -0.0117382989
       -0.0148585575   0.0891096755  -0.0874155466  -0.1295816863  -0.0000275676
       -0.0014059444   0.0010326737   0.0000106591   0.0000051437  -0.0001167215
       -0.0004931217   0.0005579570  -0.0011504263   0.0002022206  -0.0000782118
       -0.0002161746   0.0000239749   0.0000169286  -0.0000221434   0.0000006563
       -0.0000011100  -0.0000140023   0.0000168866   0.0000083092  -0.0000086691
       -0.0000049944  -0.0000091955  -0.0000279950  -0.0003204741  -0.0001782480
       -0.0001848033   0.0001010186   0.0000398201   0.0000995612   0.0000171288
       -0.0000227047   0.0000095703   0.0002197950   0.0000167831   0.0001619947
       -0.0010510145  -0.0000052895  -0.0008561024   0.0006383256  -0.0006062004
       -0.0007946838  -0.0020251549  -0.0005411848  -0.0009952160  -0.1089270391
        0.0964085297   0.1443064936
