time_s,device_j,wire_j,source_resistor_j,supplied_j,capacitor_change_j,BE_numerical_loss_j,kcl_residual_a
0,1.87437667695e-09,4.15199536463e-09,2.27979757321e-09,8.30684707511e-09,3.38832881194e-13,3.3863639358e-13,6.47991114434e-14
0.0005,1.78114068448e-09,3.96185700303e-09,2.16847102891e-09,7.91145365182e-09,-1.52508280265e-14,1.91277453679e-16,2.45863340808e-14
0.001,1.73614782896e-09,3.87395873026e-09,2.11600000137e-09,7.72609956973e-09,-7.02943044948e-15,4.279055518e-17,2.20770972304e-14
0.0015,1.73387523987e-09,3.8777151354e-09,2.11544733592e-09,7.72703803222e-09,3.2482348006e-16,6.60044078068e-20,2.14676671893e-14
0.002,1.7714599489e-09,3.96761890366e-09,2.16349807656e-09,7.90258420755e-09,7.23946258904e-15,4.28132515732e-17,2.23139140899e-14
0.0025,1.84854932655e-09,4.14309816005e-09,2.25981023571e-09,8.25147198815e-09,1.4110952895e-14,1.59042964315e-16,2.46639798971e-14
0.003,1.96715059561e-09,4.40824553111e-09,2.40684416904e-09,8.78226194983e-09,2.13142831913e-14,3.44658551697e-16,2.88856801976e-14
0.0035,2.13159104293e-09,4.77167133079e-09,2.60980440158e-09,9.51309658434e-09,2.92129639255e-14,6.02210191865e-16,3.57316715278e-14
0.004,2.3485503246e-09,5.24640005138e-09,2.87664739168e-09,1.04716368609e-08,3.81625810159e-14,9.39016406613e-16,4.65521447345e-14
0.0045,2.62708842776e-09,5.84963718285e-09,3.21806012029e-09,1.16948355837e-08,4.85004339085e-14,1.36434310538e-15,6.37009162866e-14
0.005,2.97853136379e-09,6.60210867818e-09,3.64724101277e-09,1.32279434325e-08,6.05113164226e-14,1.88490689164e-15,9.12741358731e-14
0.0055,3.41597351759e-09,7.52650353152e-09,4.17920003718e-09,1.51217539382e-08,7.43555321835e-14,2.49772247776e-15,1.08453624228e-14
0.006,3.95300550362e-09,8.64434184802e-09,4.82913526469e-09,1.74265757354e-08,8.99423618209e-14,3.17950934145e-15,2.11656254047e-14
0.0065,4.60109020336e-09,9.97042159233e-09,5.60926450454e-09,2.0180886903e-08,1.06735253671e-13,3.87315404091e-15,3.82136610224e-14
0.007,5.36487658026e-09,1.15040630226e-08,6.52339737773e-09,2.33924649393e-08,1.23493809641e-13,4.47501414991e-15,6.23473373081e-14
0.0075,6.23490039587e-09,1.32170298277e-08,7.5587825398e-09,2.70108555851e-08,1.38004991298e-13,4.83270875372e-15,8.8624589709e-14
0.008,7.17803135499e-09,1.50397153351e-08,8.67580050878e-09,3.08936989089e-08,1.46940420716e-13,4.76960941092e-15,6.77626357803e-21
0.0085,8.12818981206e-09,1.6850124709e-08,9.79833266086e-09,3.47767973898e-08,1.46076010622e-13,4.15227158653e-15,9.28757735324e-14
0.009,8.98312088652e-09,1.84734706965e-08,1.08108658229e-08,3.82675915304e-08,1.31139888115e-13,2.99769795596e-15,5.52575224618e-14
0.0095,9.6152471127e-09,1.97011465372e-08,1.15704431834e-08,4.08869377715e-08,9.937034506e-14,1.57209658405e-15,1.67992789818e-14
0.01,9.90140762229e-09,2.03327307493e-08,1.19382269273e-08,4.21724170667e-08,5.13812960193e-14,3.86781225301e-16,1.12588296975e-15
0.0105,9.76479584224e-09,2.0232388317e-08,1.18240255941e-08,4.1821202116e-08,-7.65249040474e-15,1.51592289923e-17,3.84891771232e-18
0.011,9.20864233453e-09,1.93774475092e-08,1.12233232171e-08,3.98093452398e-08,-6.86010327043e-14,7.81005532119e-16,5.79220102871e-15
0.0115,8.31973060458e-09,1.78737779004e-08,1.02240888001e-08,3.64174787628e-08,-1.21055399778e-13,2.52215254896e-15,5.13560344966e-14
0.012,7.23760789736e-09,1.59270292465e-08,8.97734033391e-09,3.21418251972e-08,-1.5691494584e-13,4.6343064203e-15,1.35525271561e-20
0.0125,6.10803752443e-09,1.37828935742e-08,7.64842408698e-09,2.75391886569e-08,-1.72916018606e-13,6.38730439145e-15,1.35525271561e-20
0.013,5.04574668752e-09,1.16649300951e-08,6.37461393664e-09,2.30851271625e-08,-1.70838113452e-13,7.28131174133e-15,1.35525271561e-20
0.0135,4.11929029999e-09,9.73436979193e-09,5.24439611985e-09,1.90979076869e-08,-1.55721592789e-13,7.20921136426e-15,4.48232217402e-14
0.014,3.35504735953e-09,8.07943795514e-09,4.29793004421e-09,1.57322882535e-08,-1.3347291329e-13,6.3837892604e-15,8.32036059517e-14
0.0145,2.75026055868e-09,6.72670139353e-09,3.53937488243e-09,1.30162328988e-08,-1.09079409895e-13,5.15225497486e-15,3.89554450438e-14
0.015,2.28660229985e-09,5.66171278602e-09,2.95177270103e-09,1.09000057598e-08,-8.58569282281e-14,3.8347658082e-15,2.56550491029e-14
0.0155,1.94024639004e-09,4.84898556084e-09,2.50918357896e-09,9.29835266782e-09,-6.55049021286e-14,2.64601564126e-15,2.01401869899e-14
0.016,1.68785185436e-09,4.24661578726e-09,2.18454022324e-09,8.1189610112e-09,-4.85402651261e-14,1.68879258303e-15,1.54805401625e-14
0.0165,1.50939389657e-09,3.81494833492e-09,1.95377171962e-09,7.27808015334e-09,-3.47797310034e-14,9.83564536371e-16,1.18046611169e-14
0.017,1.38904286648e-09,3.52063543976e-09,1.79740015975e-09,6.70705525696e-09,-2.37124920087e-14,5.047085038e-16,8.98726012773e-15
0.0175,1.31504168651e-09,3.33783109047e-09,1.70072317415e-09,6.35358142726e-09,-1.47318086377e-14,2.08939072705e-16,6.84139702355e-15
0.018,1.27919225984e-09,3.24793390221e-09,1.65336644752e-09,6.18048540924e-09,-7.25222329626e-15,5.2697926488e-17,5.19365705499e-15
0.0185,1.27628415444e-09,3.23879533732e-09,1.64866929121e-09,6.16374803024e-09,-7.52629336241e-16,5.51009302057e-19,3.90558421649e-15
0.019,1.30362199808e-09,3.30389659821e-09,1.68313762375e-09,6.29066146876e-09,5.22133057976e-15,2.79284605716e-17,2.87411153904e-15
0.0195,1.36070904714e-09,3.44172575221e-09,1.75606122737e-09,6.55850722085e-09,1.10735539563e-14,1.21004072526e-16,2.02633320279e-15
0.02,1.44909660684e-09,3.65543279811e-09,1.86932051873e-09,6.97386737888e-09,1.71800243004e-14,2.75507011719e-16,1.45703219455e-15
0.0205,1.57238892043e-09,3.95275981811e-09,2.0273744476e-09,7.55254759237e-09,2.39111159799e-14,4.95362840366e-16,1.08359230876e-15
0.021,1.73638336612e-09,4.34619446634e-09,2.2374028194e-09,8.32001309282e-09,3.16497278395e-14,7.91397593352e-16,6.98869944121e-16
0.0215,1.94931262588e-09,4.85324337728e-09,2.50955515926e-09,9.3121531432e-09,4.08010989621e-14,1.17983743602e-15,8.49347041266e-16
0.022,2.22212498649e-09,5.49663689885e-09,2.85721688587e-09,1.05760322382e-08,5.17874797955e-14,1.67987683054e-15,2.11875804987e-15
0.0225,2.56867502977e-09,6.30412655139e-09,3.29712261519e-09,1.21699915198e-08,6.50155033111e-14,2.30908570754e-15,5.05003753658e-15
0.023,3.00557415458e-09,7.30729350763e-09,3.8490009386e-09,1.41619524692e-08,8.07968199958e-14,3.07491988352e-15,1.15511034982e-14
0.0235,3.55123789801e-09,8.53844458732e-09,4.53420080875e-09,1.66239864399e-08,9.91942801654e-14,3.96047494901e-15,2.51882594101e-14
0.024,4.22336478804e-09,1.00242969556e-08,5.37243732826e-09,1.96202237164e-08,1.19763256229e-13,4.90381701923e-15,5.14978887984e-14
0.0245,5.03375029909e-09,1.17749930716e-08,6.37550286067e-09,2.3184393142e-08,1.41175005229e-13,5.77457048194e-15,9.98574663171e-14
0.025,5.97927430949e-09,1.37676006786e-08,7.53684988921e-09,2.72838920086e-08,1.60770363713e-13,6.36094948168e-15,1.35525271561e-20
0.0255,7.02881784528e-09,1.59255026406e-08,8.81708619731e-09,3.17715873011e-08,1.74223930108e-13,6.39397125684e-15,1.35525271561e-20
0.026,8.10881438184e-09,1.80996653477e-08,1.0128595008e-08,3.6337256067e-08,1.75687034852e-13,5.64234112373e-15,1.35525271561e-20
0.0265,9.09550658516e-09,2.00637737164e-08,1.13278977442e-08,4.04873410273e-08,1.58895446622e-13,4.0860449271e-15,1.35525271561e-20
0.027,9.82683319503e-09,2.15382855559e-08,1.22290352561e-08,4.35942755956e-08,1.19499124964e-13,2.09686518531e-15,4.26007495881e-14
0.0275,1.01432894982e-08,2.22513790537e-08,1.26475313715e-08,4.5042258438e-08,5.80588882562e-14,4.56074685657e-16,2.06945056794e-15
0.028,9.94852807176e-09,2.20240627402e-08,1.24660213361e-08,4.44385942427e-08,-1.79599201593e-14,5.45765676711e-17,4.84164032651e-17
0.0285,9.25681257622e-09,2.08424404062e-08,1.1688349519e-08,4.17875086646e-08,-9.51915871784e-14,1.35793116455e-15,2.18150015196e-14
0.029,8.19289589396e-09,1.88748897866e-08,1.04451834786e-08,3.75128143452e-08,-1.58836717354e-13,4.02276941261e-15,1.35525271561e-20
0.0295,6.94186768216e-09,1.64193058318e-08,8.94451911181e-09,3.23055012537e-08,-1.98366216116e-13,7.03415085776e-15,9.65853238317e-14
0.03,5.68252516579e-09,1.38080527198e-08,7.39878147171e-09,2.68891576643e-08,-2.10974236176e-13,9.29111022337e-15,2.56360552361e-14
0.0305,4.541874113e-09,1.13198584539e-08,5.96922260454e-09,2.18307643211e-08,-2.01011478461e-13,1.01685602219e-14,4.79249547491e-14
0.031,3.58383825884e-09,9.13336966016e-09,4.74614745727e-09,1.7463188452e-08,-1.76593977874e-13,9.67838294415e-15,5.37798158871e-14
0.0315,2.82189281353e-09,7.32576327917e-09,3.75800069901e-09,1.39055190958e-08,-1.45943812366e-13,8.25631552048e-15,4.82101202492e-14
0.032,2.23929126434e-09,5.89854077188e-09,2.9926559979e-09,1.11303792773e-08,-1.15187050214e-13,6.44153557108e-15,5.47782068457e-14
0.0325,1.80634391428e-09,4.80993045813e-09,2.41805622363e-09,9.03424742564e-09,-8.78221465111e-14,4.65842302434e-15,2.9096117063e-14
0.033,1.49143616005e-09,4.00131265665e-09,1.99673416911e-09,7.48942092114e-09,-6.5207252434e-14,3.14684313718e-15,2.14071009454e-14
0.0335,1.26653826491e-09,3.41385175193e-09,1.69387763424e-09,6.37422228207e-09,-4.73551633005e-14,1.98907756268e-15,1.56512206895e-14
0.034,1.10912108893e-09,2.99664323409e-09,1.48068629626e-09,5.58641816571e-09,-3.36207649348e-14,1.16931667443e-15,1.14936848288e-14
0.0345,1.0021646524e-09,2.70929829486e-09,1.33497954946e-09,5.04641997111e-09,-2.31512689689e-14,6.27285879485e-16,8.52130052718e-15
0.035,9.33374707675e-10,2.52160145338e-09,1.24051750986e-09,4.69547884017e-09,-1.51227732397e-14,2.93311038667e-16,6.38558148957e-15
0.0355,8.94219863667e-10,2.41200997809e-09,1.18591536398e-09,4.49213647718e-09,-8.83362226389e-15,1.06125216101e-16,4.82841983626e-15
0.036,8.79071799069e-10,2.36596817789e-09,1.1635938053e-09,4.40863008146e-09,-3.71905490648e-15,1.91625364914e-17,3.66925185982e-15
0.0365,8.84546487642e-10,2.37447439103e-09,1.1689422822e-09,4.4279638303e-09,6.69459565432e-16,7.64987876145e-19,2.78466824794e-15
0.037,9.09057533721e-10,2.43304267704e-09,1.19973617664e-09,4.54184111497e-09,4.69629980615e-15,3.19870463095e-17,2.56153944085e-15
0.0375,9.52560420622e-10,2.54106738947e-09,1.25579308469e-09,4.74942967253e-09,8.67436692995e-15,1.04034212968e-16,2.48694633138e-15
0.038,1.01646274183e-09,2.70155508766e-09,1.33884035954e-09,5.05687129952e-09,1.28948396977e-14,2.16251399356e-16,2.41212282895e-15
0.0385,1.10368357059e-09,2.92118630598e-09,1.45257188671e-09,5.47745979153e-09,1.76538729534e-14,3.74941452734e-16,2.31659784129e-15
0.039,1.21885625135e-09,3.21068021581e-09,1.60288315054e-09,6.03244348724e-09,2.32771054115e-14,5.92970367419e-16,2.17301898047e-15
0.0395,1.36867773414e-09,3.58543956895e-09,1.79828170012e-09,6.75243003502e-09,3.01423560481e-14,8.89927963374e-16,1.94489945524e-15
0.04,1.56240810974e-09,4.06643509976e-09,2.0504669086e-09,7.67935010917e-09,3.86990854307e-14,1.29241075443e-15,1.58856285873e-15
0.0405,1.81250900144e-09,4.6812239744e-09,2.37504770278e-09,8.8688319912e-09,4.9479361446e-14,1.83363913056e-15,1.94434380163e-15
0.041,2.13536161385e-09,5.46484814301e-09,2.79229873373e-09,1.03925741294e-08,6.30885108158e-14,2.55095963197e-15,4.87867938322e-15
0.0415,2.55188737929e-09,6.46007068932e-09,3.32770399087e-09,1.23397456888e-08,8.01521440877e-14,3.47875265747e-15,1.20556979655e-14
0.042,3.08765616731e-09,7.71590945715e-09,4.01174918006e-09,1.48154206122e-08,1.01179493467e-13,4.63296557292e-15,2.90531013418e-14
0.0425,3.77162102099e-09,9.28268637201e-09,4.87792805062e-09,1.79323676957e-08,1.26283231261e-13,5.98288702912e-15,6.70737947063e-14
0.043,4.6319176387e-09,1.1200964686e-08,5.95721270668e-09,2.17902571065e-08,1.54687194455e-13,7.40846849076e-15,5.73959350642e-14
0.0435,5.6863468581e-09,1.3481400895e-08,7.26652562784e-09,2.64344660271e-08,1.83993323037e-13,8.65274557092e-15,6.77626357803e-21
0.044,6.92499505039e-09,1.607414222e-08,8.78890855225e-09,3.17882644616e-08,2.0933459101e-13,9.3044174348e-15,6.77626357803e-21
0.0445,8.28498596317e-09,1.88321801632e-08,1.04461079476e-08,3.75635058301e-08,2.22876139744e-13,8.87995865406e-15,1.35525271561e-20
0.045,9.62553467234e-09,2.14842512204e-08,1.20727718521e-08,4.3182779387e-08,2.1456404541e-13,7.07809140864e-15,1.35525271561e-20
0.0455,1.07249112534e-08,2.36450731221e-08,1.34145821585e-08,4.77847458238e-08,1.75116881847e-13,4.17300591346e-15,1.35525271561e-20
0.046,1.13271323399e-08,2.4889935917e-08,1.41784159586e-08,5.03955867176e-08,1.01234056681e-13,1.27155407173e-15,2.06790286934e-14
0.0465,1.12418026069e-08,2.48906990647e-08,1.41388435646e-08,5.02713458705e-08,6.32806135737e-16,1.52605072162e-18,4.06575814682e-20
0.047,1.0445605429e-08,2.3557195667e-08,1.32505615938e-08,4.72532567903e-08,-1.07423558215e-13,1.52939053034e-15,3.55589581218e-14
0.0475,9.10610849722e-09,2.10968177683e-08,1.16842459014e-08,4.18869790027e-08,-1.98749030019e-13,5.58486121482e-15,6.77626357803e-21
0.048,7.50281375385e-09,1.79434473765e-08,9.75170341157e-09,3.51977200651e-08,-2.54911704523e-13,1.0471910229e-14,7.41469467205e-14
0.0485,5.90693521042e-09,1.45961417965e-08,7.77581322276e-09,2.8278633782e-08,-2.70611372103e-13,1.41720392991e-14,4.46895734936e-14
0.049,4.50049264877e-09,1.14644014032e-08,5.99131651697e-09,2.19559729632e-08,-2.5312909786e-13,1.55354992491e-14,7.65689527299e-14
0.0495,3.36181339761e-09,8.79137667624e-09,4.51513769199e-09,1.66681264101e-08,-2.15969277832e-13,1.46275199241e-14,7.72595149749e-14
0.05,2.49320887939e-09,6.65974350641e-09,3.36871325115e-09,1.25215057544e-08,-1.72142213933e-13,1.22712021448e-14,6.21965993248e-14
0.0505,1.85738336933e-09,5.04212944808e-09,2.517522975e-09,9.41691462758e-09,-1.30557687383e-13,9.407678851e-15,9.51559557332e-14
0.051,1.40464062153e-09,3.8567829545e-09,1.9048464687e-09,7.16618114095e-09,-9.56095592017e-14,6.71289594952e-15,3.07853650341e-14
0.0515,1.08782049006e-09,3.00814503676e-09,1.47264702136e-09,5.56854865744e-09,-6.84056879959e-14,4.5187606782e-15,2.07666966034e-14
0.052,8.68249388372e-10,2.40901952122e-09,1.17130412963e-09,4.44852767418e-09,-4.82611809904e-14,2.89837911256e-15,1.40482006724e-14
0.0525,7.1669292315e-10,1.98902525225e-09,9.62319858358e-10,3.6680060072e-09,-3.38098561976e-14,1.78473170341e-15,9.63514885282e-15
0.053,6.12124640348e-10,1.69527521075e-09,8.17533852396e-10,3.12491113047e-09,-2.36330979656e-14,1.06105470227e-15,6.73299035883e-15
0.0535,5.39873765213e-10,1.4897069262e-09,7.17078574368e-10,2.74664334663e-09,-1.65301410682e-14,6.11694182405e-16,4.80115553976e-15
0.054,4.89873875764e-10,1.3455947785e-09,6.47221933509e-10,2.48267934673e-09,-1.1583609695e-14,3.43086787007e-16,3.4899044917e-15
0.0545,4.55262980673e-10,1.24439272667e-09,5.98558938047e-10,2.29820670048e-09,-8.13218220217e-15,1.87682373011e-16,2.57965916965e-15
0.055,4.31358910523e-10,1.17326801629e-09,5.6465393037e-10,2.16927524279e-09,-5.7143663038e-15,1.00305467442e-16,1.9335119443e-15
0.0555,4.14948601694e-10,1.12331766185e-09,5.41083936135e-10,2.07934623877e-09,-4.01304053752e-15,5.24139501114e-17,1.56100718289e-15
0.056,4.03809910232e-10,1.08833267571e-09,5.24788323232e-10,2.01692812468e-09,-2.811025365e-15,2.67667762286e-17,1.44907008484e-15
0.0565,3.96394187162e-10,1.06395937619e-09,5.13634288044e-10,1.97398590563e-09,-1.95889523424e-15,1.33271931454e-17,1.36056869438e-15
0.057,3.9161592932e-10,1.04713324219e-09,5.0612762686e-10,1.9448754517e-09,-1.35292133501e-15,6.43251543153e-18,1.28840148728e-15
0.0575,3.88712480682e-10,1.03569478886e-09,5.01219110737e-10,1.92562546275e-09,-9.20340027184e-16,2.97362463545e-18,1.22773021133e-15
0.058,3.87148992644e-10,1.02812622308e-09,4.98173176322e-10,1.91344778358e-09,-6.09595640687e-16,1.28407250784e-18,1.17523449739e-15
0.0585,3.86553138289e-10,1.02336868756e-09,4.96477673792e-10,1.90639911616e-09,-3.83836235674e-16,4.90131808257e-19,1.12867140222e-15
0.059,3.8666969831e-10,1.02069418259e-09,4.95781100585e-10,1.90314476058e-09,-2.16506047492e-16,1.4342660599e-19,6.115398647e-14
0.0595,3.87328741876e-10,1.019615365e-09,4.9584867518e-10,1.90279269313e-09,-8.82949066294e-17,1.93689494049e-20,9.55724553859e-15
0.06,3.88423367774e-10,1.01982221122e-09,4.96531595224e-10,1.90477718894e-09,1.50207207619e-17,9.50768889474e-21,5.54501648591e-15
0.0605,3.89894319293e-10,1.02113808005e-09,4.97745837708e-10,1.90877833922e-09,1.04139051607e-16,6.56272239141e-20,3.35497519252e-14
0.061,3.91719697841e-10,1.02349016407e-09,4.99457936286e-10,1.91466798039e-09,1.87386945201e-16,1.71784503556e-19,8.08061046054e-14
0.0615,3.93908552463e-10,1.02689083239e-09,5.01676079148e-10,1.92247573584e-09,2.71594789971e-16,3.313755977e-19,9.14897226988e-16
0.062,3.96497550607e-10,1.03142755252e-09,5.04445364198e-10,1.93237083059e-09,3.62783518845e-16,5.62547149507e-19,8.85969357774e-16
0.0625,3.99550216811e-10,1.03725986762e-09,5.07846570111e-10,1.94465712209e-09,4.66732801163e-16,8.98764134106e-19,8.58478056438e-16
0.063,4.03158518287e-10,1.04462270251e-09,5.11998016045e-10,1.95977982764e-09,5.89486756192e-16,1.39345855941e-18,8.32375889135e-16
0.0635,4.07446774051e-10,1.05383581119e-09,5.17060518092e-10,1.97834384323e-09,7.37847571369e-16,2.1289972116e-18,8.07615422021e-16
0.064,4.12578121128e-10,1.06531985084e-09,5.23245701123e-10,2.00114459615e-09,9.1990722113e-16,3.23136682928e-18,7.84809906949e-16
0.0645,4.1876403905e-10,1.07962024964e-09,5.30828304684e-10,2.02921374387e-09,1.14567331405e-15,4.8932339245e-18,7.64474339951e-16
0.065,4.26277780723e-10,1.09744089778e-09,5.40163570151e-10,2.06388368385e-09,1.42785827348e-15,7.40975235096e-18,7.45693925445e-16
0.0655,4.35473031161e-10,1.11969083649e-09,5.51711407211e-10,2.10687706895e-09,1.78292394625e-15,1.12340335256e-17,7.28458499034e-16
0.066,4.46809823815e-10,1.1475487145e-09,5.66069921794e-10,2.16043070962e-09,2.23250876571e-15,1.70630824433e-17,7.12690133688e-16
0.0665,4.60890600502e-10,1.18255215639e-09,5.84022081589e-10,2.22746766982e-09,2.80543751768e-15,2.59709800978e-17,6.98216034685e-16
0.067,4.78510820914e-10,1.22672260297e-09,6.06601197916e-10,2.31183820192e-09,3.54056832862e-15,3.96155773177e-17,6.84670283793e-16
0.0675,5.0073102782e-10,1.28274119144e-09,6.35183874753e-10,2.41866064542e-09,4.49090571461e-15,6.05588099054e-17,6.71395583443e-16
0.068,5.28980217411e-10,1.35419904136e-09,6.7162310631e-10,2.55480818738e-09,5.72959155376e-15,9.27630970445e-17,6.57189146852e-16
0.0685,5.65205804459e-10,1.44595661172e-09,7.18440809866e-10,2.72961072703e-09,7.35869131868e-15,1.423586925e-16,6.39994378023e-16
0.069,6.12093314267e-10,1.56466369801e-09,7.79108813278e-10,2.95587556646e-09,9.52214007935e-15,2.18825038433e-16,6.16274067368e-16
0.0695,6.73390848929e-10,1.71951625972e-09,8.58461931022e-10,3.25138180126e-09,1.24248488781e-14,3.36796576383e-16,5.79797440527e-16
0.07,7.54391666962e-10,1.9233613533e-09,9.63308262368e-10,3.64107816212e-09,1.63607585442e-14,5.18791147665e-16,5.21524961888e-16
0.0705,8.62656121572e-10,2.19430790519e-09,1.10333343412e-09,4.16032001371e-09,2.17536517181e-14,7.99245275837e-16,4.28713867792e-16
0.071,1.00909205705e-09,2.55805749788e-09,1.29243716016e-09,4.8596171606e-09,2.92153048146e-14,1.23028483163e-15,4.01375032386e-16
0.0715,1.20956428792e-09,3.05122079951e-09,1.55069005585e-09,5.81151665766e-09,3.96250636246e-14,1.88947578805e-15,8.57085534272e-16
0.072,1.48726497005e-09,3.72587713765e-09,1.90714545156e-09,7.1203446782e-09,5.42304216988e-14,2.8889796858e-15,2.45835049908e-15
0.0725,1.87610934492e-09,4.65544629314e-09,2.40372406554e-09,8.93535883868e-09,7.47535770533e-14,4.38315631428e-15,8.31939836574e-15
0.073,2.42532377213e-09,5.94126819126e-09,3.10017364355e-09,1.14668756166e-08,1.03449872422e-13,6.56591387749e-15,2.85499637711e-14
0.0735,3.20488407276e-09,7.71752081072e-09,4.07935078975e-09,1.50019082638e-08,1.42976609838e-13,9.63716483963e-15,9.76587517451e-14
0.074,4.30979255987e-09,1.01482580093e-08,5.45001901729e-09,1.99082790121e-08,1.95763300459e-13,1.36985266159e-14,7.65224675617e-14
0.0745,5.85682902706e-09,1.34034672632e-08,7.33968074645e-09,2.66002578898e-08,2.62330183129e-13,1.85228968303e-14,1.35525271561e-20
0.075,7.95827465343e-09,1.75925905498e-08,9.86132781617e-09,3.54125540745e-08,3.37873148938e-13,2.31820136598e-14,6.77626357803e-21
0.0755,1.06446896126e-08,2.26339445395e-08,1.30281617757e-08,4.63072287564e-08,4.07098454934e-13,2.57300997913e-14,4.06575814682e-20
0.076,1.371362e-08,2.8072197894e-08,1.65988353243e-08,5.83851167846e-08,4.39962043685e-13,2.36041978074e-14,9.48676900925e-20
0.0765,1.65599276517e-08,3.29482938315e-08,1.99115153576e-08,6.94201481126e-08,3.95643012165e-13,1.56288678364e-14,3.52365706058e-19
0.077,1.82174888492e-08,3.59294964807e-08,2.19250991769e-08,7.60723328223e-08,2.43237372597e-13,5.07806215984e-15,6.09863722023e-19
0.0775,1.78565658952e-08,3.58422692181e-08,2.17080737473e-08,7.5406903647e-08,-5.23527420287e-15,2.17523273406e-17,3.30410612065e-17
0.078,1.54566536304e-08,3.23861080214e-08,1.91394701119e-08,6.69819601676e-08,-2.78917507582e-13,7.32130751492e-15,2.71050543121e-20
0.0785,1.18861020471e-08,2.64370765679e-08,1.50734444902e-08,5.33961664367e-08,-4.8147516059e-13,2.48065581985e-14,2.30392961653e-19
0.079,8.25177445561e-09,1.95804664247e-08,1.07323841984e-08,3.85641121522e-08,-5.55033480446e-13,4.2106864878e-14,6.57297567069e-19
0.0795,5.26802575265e-09,1.32699622111e-08,7.00887326934e-09,2.55464008915e-08,-5.10562317507e-13,5.02207825933e-14,2.98155597434e-19
0.08,3.13790339716e-09,8.30419946661e-09,4.24696148129e-09,1.56887107208e-08,-4.01444424316e-13,4.78201726746e-14,4.74338450462e-20
0.0805,1.75809428137e-09,4.83124871398e-09,2.40300349471e-09,8.99210507028e-09,-2.80475706045e-13,3.90659363993e-14,9.22446797766e-14
0.081,9.2997278414e-10,2.6219203829e-09,1.27223928795e-09,4.82398298509e-09,-1.78184859808e-13,2.87205998606e-14,5.14763335039e-14
0.0815,4.6826817885e-10,1.33065631313e-09,6.3276891674e-10,2.43160912608e-09,-1.03940008443e-13,1.96613332905e-14,5.21416575552e-14
0.082,2.33787091529e-10,6.41916721292e-10,3.04814875397e-10,1.18047628633e-09,-5.52661101321e-14,1.28648904097e-14,8.88245165896e-15
0.0825,1.32764413443e-10,3.20227265861e-10,1.62057235039e-10,6.15031487916e-10,-2.56537969873e-14,8.22750569093e-15,3.40926526105e-15
0.083,1.06512034532e-10,2.09601738475e-10,1.23626300741e-10,4.39736675019e-10,-8.65471355328e-15,5.25601509605e-15,1.23215172332e-15
0.0835,1.20591615952e-10,2.15357261679e-10,1.4153391752e-10,4.77486926395e-10,6.9800216403e-16,3.43325234583e-15,4.07104363241e-16
0.084,1.56234243685e-10,2.844936301e-10,1.89470732391e-10,6.3020673488e-10,5.77748143005e-15,2.35123695078e-15,2.1063930629e-16
0.0845,2.04295946435e-10,3.90246253436e-10,2.54541184449e-10,8.49093818147e-10,8.70464506652e-15,1.72921738644e-15,4.82390345659e-16
0.085,2.61312958876e-10,5.21528708578e-10,3.31769316128e-10,1.11462311826e-09,1.07451069783e-14,1.38964005343e-15,8.77514274894e-16
0.0855,3.27075151029e-10,6.76276866305e-10,4.2069303523e-10,1.42405890474e-09,1.26259599158e-14,1.22634657282e-15,1.4195577629e-15
0.086,4.03180766845e-10,8.57430798089e-10,5.23326879972e-10,1.78395437147e-09,1.47493209421e-14,1.17746143339e-15,2.15317130445e-15
0.0865,4.92159484292e-10,1.07047557385e-09,6.42926217287e-10,2.20557979932e-09,1.73186320116e-14,1.20562259846e-15,3.15360869471e-15
0.087,5.96868967756e-10,1.32175119425e-09,7.83140222178e-10,2.70178206912e-09,2.04009422893e-14,1.28455865521e-15,4.52235633924e-15
0.0875,7.19956306491e-10,1.61699288793e-09,9.47268825314e-10,3.28424335468e-09,2.39454169451e-14,1.3904285226e-15,6.39484803002e-15
0.088,8.63249860958e-10,1.9597598144e-09,1.13744437395e-09,3.96048331919e-09,2.77745565349e-14,1.49670382121e-15,8.93710222472e-15
0.0885,1.02700366876e-09,2.34960065723e-09,1.35364646587e-09,4.73028392509e-09,3.15630179736e-14,1.57231046893e-15,1.23232248516e-14
0.089,1.20900498887e-09,2.78001535057e-09,1.5925718487e-09,5.58162858975e-09,3.48213928593e-14,1.58335986229e-15,1.66846347664e-14
0.0895,1.40365783537e-09,3.23654039936e-09,1.84652294863e-09,6.48675958454e-09,3.69064816695e-14,1.49919380983e-15,2.20272849169e-14
0.09,1.60130543707e-09,3.69557694276e-09,2.10265579051e-09,7.39957654838e-09,3.70816016776e-14,1.30261349056e-15,2.81016360084e-14
0.0905,1.78819015084e-09,4.12479632744e-09,2.34307479235e-09,8.25609690882e-09,3.46441054877e-14,1.00209632745e-15,3.42746156164e-14
0.091,1.94748280711e-09,4.48590399927e-09,2.54627139323e-09,8.97968794641e-09,2.91156981332e-14,6.40817000543e-16,3.94994096025e-14
0.0915,2.06161933854e-09,4.74003807296e-09,2.69013591077e-09,9.49181406106e-09,2.04543721544e-14,2.95282018968e-16,4.28831876422e-14
0.092,2.1157074398e-09,4.85509606877e-09,2.75619411212e-09,9.72700687684e-09,9.20899272576e-15,5.82205977295e-17,4.38001821227e-14
0.0925,2.10113657724e-09,4.81315936936e-09,2.73399639362e-09,9.64828886374e-09,-3.47394656054e-15,7.65544525344e-18,4.1604300029e-14
0.093,2.01811145274e-09,4.61554698299e-09,2.62414245842e-09,9.25778501743e-09,-1.60422752734e-14,1.73992498847e-16,3.63467597491e-14
0.0935,1.8760148799e-09,4.2834641754e-09,2.43867062241e-09,8.5981233003e-09,-2.68933694708e-14,5.2227089979e-16,2.92570702636e-14
0.094,1.69133808147e-09,3.85374065251e-09,2.19851313574e-09,7.7435580572e-09,-3.47693527039e-14,9.61137476424e-16,2.18263212679e-14
0.0945,1.48395029025e-09,3.37105578773e-09,1.92891942027e-09,6.78388783172e-09,-3.90393176909e-14,1.3755121234e-15,1.52319122755e-14
0.095,1.27308580226e-09,2.87928826106e-09,1.65447642789e-09,5.80681238695e-09,-3.97691829515e-14,1.66652312211e-15,1.0062432929e-14
0.0955,1.07430075043e-09,2.41459185449e-09,1.39524978488e-09,4.8841065865e-09,-3.75823008252e-14,1.77989043502e-15,6.37867986512e-15
0.096,8.98005791672e-10,2.00169633069e-09,1.16483662431e-09,4.0645070595e-09,-3.33996861776e-14,1.71299622501e-15,3.93771387025e-15
0.0965,7.49480381785e-10,1.65351793363e-09,9.70279134321e-10,3.37325077919e-09,-2.81735864949e-14,1.50329212495e-15,2.4044758155e-15
0.097,6.29859838679e-10,1.37314806772e-09,8.13249759546e-10,2.81623617785e-09,-2.26960413997e-14,1.20806783045e-15,1.47630558223e-15
0.0975,5.37515350746e-10,1.15695270281e-09,6.91786920977e-10,2.38623835048e-09,-1.75095423001e-14,8.85556096069e-16,9.27033515057e-16
0.098,4.69387329172e-10,9.97717798683e-10,6.02011230143e-10,2.0691040377e-09,-1.29031174108e-14,5.82862344254e-16,6.05864032446e-16
0.0985,4.22039424066e-10,8.87212735149e-10,5.39503384817e-10,1.84874691618e-09,-8.9592500714e-15,3.31426173802e-16,4.19416834162e-16
0.099,3.9237336632e-10,8.1795721495e-10,5.00247372133e-10,1.7105724833e-09,-5.61802328342e-15,1.47941753074e-16,3.12751669181e-16
0.0995,3.78041072895e-10,7.84250239938e-10,4.81179364646e-10,1.64346797895e-09,-2.73649015623e-15,3.79725064517e-17,2.54955223058e-16
0.1,3.77633451622e-10,7.8264143897e-10,4.80441223301e-10,1.64071597829e-09,-1.33659482712e-16,8.45465021783e-20,3.80382930151e-14
0.1005,3.90726074391e-10,8.12036545148e-10,4.97442101404e-10,1.70020713019e-09,2.38001905606e-15,2.92431289722e-17,2.40000009341e-16
0.101,4.17840231369e-10,8.73584149204e-10,5.32805166363e-10,1.82423465088e-09,4.98499416203e-15,1.18964054872e-16,2.80557640921e-16
0.1015,4.60351000545e-10,9.70423299991e-10,5.8824122789e-10,2.01902363192e-09,7.84134884508e-15,2.6216765853e-16,3.57488561323e-16
0.102,5.2034602051e-10,1.10730351861e-09,6.66354604967e-10,2.29401567341e-09,1.10784808945e-14,4.50879012252e-16,4.88870147706e-16
0.1025,6.00413278755e-10,1.29002885837e-09,7.70354246007e-10,2.66081183892e-09,1.47808495712e-14,6.74994040906e-16,7.05722440664e-16
0.103,7.03317100925e-10,1.52463112877e-09,9.0361847221e-10,3.13158658835e-09,1.89661714591e-14,9.20386939849e-16,1.05804071288e-15
0.1035,8.31504163675e-10,1.81615850847e-09,1.06904423801e-09,3.71673163124e-09,2.35544629294e-14,1.16682663164e-15,1.62210875157e-15
0.104,9.86383487417e-10,2.16698647183e-09,1.2681200893e-09,4.42151976432e-09,2.83296223174e-14,1.38652194359e-15,2.50620108434e-15
0.1045,1.16736046141e-09,2.57465207528e-09,1.49970896473e-09,5.24175594651e-09,3.29011963425e-14,1.54453674163e-15,3.84760989345e-15
0.105,1.3706795645e-09,3.02941226128e-09,1.75862931424e-09,6.1587594241e-09,3.66824085388e-14,1.60275869674e-15,5.78848424813e-15
0.1055,1.58827462102e-09,3.51203050721e-09,2.03430073702e-09,7.13464630125e-09,3.89089190896e-14,1.52883716954e-15,8.41339530596e-15
0.106,1.80702081465e-09,3.99264602332e-09,2.30994254342e-09,8.10964941501e-09,3.87263174172e-14,1.30993624746e-15,1.16424610837e-14
0.1065,2.00894825699e-09,4.4317983612e-09,2.56298558923e-09,9.00376853557e-09,3.53639112579e-14,9.67868084603e-16,1.51105324542e-14
0.107,2.17296369559e-09,4.78450112392e-09,2.76730373173e-09,9.72479749474e-09,2.83799463807e-14,5.68089026241e-16,1.81252480743e-14
0.1075,2.27826760027e-09,5.00744931758e-09,2.89741844499e-09,1.0183153484e-08,1.79131049319e-14,2.13142209721e-16,1.98240031433e-14
0.108,2.30890915304e-09,5.06808239978e-09,2.93396689105e-09,1.0310963285e-08,4.83079391468e-15,1.53950540031e-17,1.9672109807e-14
0.1085,2.25809004041e-09,4.95287252886e-09,2.86879865343e-09,1.00797519395e-08,-9.33416363643e-15,5.52884389957e-17,1.77177235828e-14
0.109,2.13048700392e-09,4.6717571273e-09,2.70771267306e-09,9.50993445079e-09,-2.26940743874e-14,3.43876804659e-16,1.4569024291e-14
0.1095,1.94145802859e-09,4.25669862426e-09,2.46953250834e-09,8.66765649208e-09,-3.34783366863e-14,8.11418726251e-16,1.07495663846e-14
0.11,1.71333820735e-09,3.75462250065e-09,2.18173245281e-09,7.64965400607e-09,-4.04846900248e-14,1.33125968396e-15,7.15251222507e-15
0.1105,1.47030072318e-09,3.21724460217e-09,1.87428448983e-09,6.5617882533e-09,-4.33286250674e-14,1.76747866743e-15,4.33305125179e-15
0.111,1.23366635516e-09,2.69127254791e-09,1.57391996894e-09,5.49881848005e-09,-4.24130663654e-14,2.02150175049e-15,2.41764717783e-15
0.1115,1.01898173699e-09,2.21175676441e-09,1.3004212619e-09,4.53112314443e-09,-3.86753042904e-14,2.05662205795e-15,1.25819798644e-15
0.112,8.35188788777e-10,1.7996457942e-09,1.06542644058e-09,3.70022966921e-09,-3.32492514416e-14,1.89498880152e-15,7.77711770851e-16
0.1125,6.85411566503e-10,1.46294359773e-09,8.73261675858e-10,3.02159126015e-09,-2.71760682544e-14,1.59616624298e-15,4.03014888172e-16
0.113,5.68580769865e-10,1.19998354597e-09,7.22886710459e-10,2.49143102364e-09,-2.1234033984e-14,1.23140170775e-15,1.75610258757e-16
0.1135,4.81205358529e-10,1.0033017291e-09,6.10094596035e-10,2.09458665758e-09,-1.58901087927e-14,8.64035974127e-16,1.33883721709e-16
0.114,4.18866871382e-10,8.63061765806e-10,5.2940960392e-10,1.811327445e-09,-1.13358267571e-14,5.39730719774e-16,1.02843352324e-16
0.1145,3.77279146041e-10,7.69555787581e-10,4.75453723609e-10,1.62228138076e-09,-7.56155609672e-15,2.8508716642e-16,7.67106918351e-17
0.115,3.52924619357e-10,7.14742662261e-10,4.4377951545e-10,1.51144247448e-09,-4.43376002556e-15,1.1117427213e-16,5.65072619772e-17
0.1155,3.43363997573e-10,6.93014441038e-10,4.31282924305e-10,1.46765962448e-09,-1.75715591145e-15,1.87224798077e-17,4.12979383763e-17
0.116,3.47333703366e-10,7.01444247129e-10,4.36338620046e-10,1.4851172571e-09,6.83648860969e-16,2.91461015503e-18,2.95563676615e-17
0.1165,3.64722764152e-10,7.39736988323e-10,4.58775393691e-10,1.56323830312e-09,3.10015308595e-15,5.68076821089e-17,2.31324697895e-17
0.117,3.96490258762e-10,8.10026141391e-10,4.99770133298e-10,1.70629239416e-09,5.68752673047e-15,1.73182063803e-16,1.96799634965e-17
0.1175,4.4454859546e-10,9.16577297671e-10,5.616932154e-10,1.92282807053e-09,8.617054271e-15,3.44950116378e-16,2.05244553449e-17
0.118,5.11605989955e-10,1.06538295063e-09,6.47896963564e-10,2.22489849584e-09,1.202734387e-14,5.64348700289e-16,4.2892901416e-17
0.1185,6.00932167211e-10,1.26356876332e-09,7.62402101861e-10,2.62691986263e-09,1.60090973415e-14,8.2114608717e-16,9.16726818154e-17
0.119,7.15987856935e-10,1.51848100569e-09,9.09408531874e-10,3.14389907401e-09,2.05793876354e-14,1.10014627408e-15,1.94812495671e-16
0.1195,8.59842181743e-10,1.83630129176e-09,1.09253946472e-09,3.78870996036e-09,2.56437024773e-14,1.37848146722e-15,4.04046574302e-16
0.12,1.03429953333e-09,2.22006426221e-09,1.31373399442e-09,4.56813036147e-09,3.09479323952e-14,1.62371386452e-15,8.07058074342e-16
0.1205,1.23870640074e-09,2.66707084955e-09,1.57176508487e-09,5.47758015911e-09,3.60299299798e-14,1.79431815479e-15,1.53595533644e-15
0.121,1.46850736393e-09,3.16594735712e-09,1.86049318579e-09,6.49498994235e-09,4.01913070997e-14,1.84477789605e-15,2.75735312946e-15
0.1215,1.7138152374e-09,3.69399663106e-09,2.16720264993e-09,7.57505877587e-09,4.25213450012e-14,1.73717170518e-15,4.61975496377e-15
0.122,1.95852537582e-09,4.21594274772e-09,2.47166639363e-09,8.64617798394e-09,4.20094757426e-14,1.45895913163e-15,7.13765865531e-15
0.1225,2.18072310565e-09,4.68543947108e-09,2.74680838846e-09,9.61300977274e-09,3.77678382636e-14,1.04210734875e-15,1.00371981234e-14
0.123,2.35508804609e-09,5.0504283776e-09,2.96173183543e-09,1.03672781696e-08,2.93404257176e-14,5.73159267708e-16,1.26731477146e-14
0.1235,2.45745485624e-09,5.26229322987e-09,3.0872189197e-09,1.08069841916e-08,1.70074218717e-14,1.8179298761e-16,1.41828314772e-14
0.124,2.47062941554e-09,5.2869357573e-09,3.10260245999e-09,1.08601695704e-08,1.93840579289e-15,2.41440008891e-18,1.39975887597e-14
0.1245,2.38947865012e-09,5.11423519838e-09,3.00172527262e-09,1.05054252997e-08,-1.39385275695e-14,1.1975426052e-16,1.22793282161e-14
0.125,2.2230534403e-09,4.76207289821e-09,2.79544510337e-09,9.78054359193e-09,-2.83736441997e-14,5.25486905026e-16,9.38568748545e-15
0.1255,1.99257881307e-09,4.27286572712e-09,2.50934620294e-09,8.77475245859e-09,-3.93967127071e-14,1.11324599207e-15,6.26687490421e-15
0.126,1.72605952114e-09,3.70365667465e-09,2.17745430947e-09,7.60712638974e-09,-4.58335632305e-14,1.71864119003e-15,3.67521158363e-15
0.1265,1.45174291166e-09,3.11346864996e-09,1.83447100422e-09,6.39963722319e-09,-4.75253239186e-14,2.18301034448e-15,2.68292942658e-15
0.127,1.19282237369e-09,2.5522998322e-09,1.50930106898e-09,5.25438048496e-09,-4.51966322979e-14,2.40691283159e-15,2.45741198657e-15
0.1275,9.6471360304e-10,2.0547009664e-09,1.22153723752e-09,4.24091408914e-09,-4.00880371624e-14,2.37033046188e-15,1.73681056516e-15
0.128,7.74894069648e-10,1.63851846793e-09,9.81031862968e-10,3.3944129783e-09,-3.35414017581e-14,2.11920722392e-15,9.88914354051e-16
0.1285,6.24444327501e-10,1.30750991661e-09,7.89623792122e-10,2.72155308141e-09,-2.66890238581e-14,1.73423902215e-15,4.66877784263e-16
0.129,5.10260924421e-10,1.05581511644e-09,6.43797087947e-10,2.20985412427e-09,-2.03044921078e-14,1.29996998796e-15,1.98104065704e-16
0.1295,4.27166715268e-10,8.7254293004e-10,5.37298989637e-10,1.83699472674e-09,-1.47929257798e-14,8.84736558741e-16,1.49313273876e-16
0.13,3.69530371829e-10,7.45453689976e-10,4.63192503704e-10,1.57816683512e-09,-1.02635581278e-14,5.33175754028e-16,1.08421911314e-16
0.1305,3.32309826733e-10,6.63412833571e-10,4.15201692306e-10,1.41091799211e-09,-6.62828586972e-15,2.67790009634e-16,7.78745151047e-17
0.131,3.1160650245e-10,6.17735932542e-10,3.88440568763e-10,1.31777940783e-09,-3.69075082687e-15,9.48324316641e-17,5.63124443994e-17
0.1315,3.04879755253e-10,6.0273368205e-10,3.79705570156e-10,1.28731780783e-09,-1.21055043098e-15,1.09221261422e-17,4.43760561067e-17
0.132,3.1096196532e-10,6.15778384717e-10,3.87507868945e-10,1.31424928559e-09,1.05819725829e-15,8.41940696434e-18,4.37797449118e-17
0.1325,3.29980350038e-10,6.57135473174e-10,4.1198042413e-10,1.39909967416e-09,3.3479123771e-15,7.89111664994e-17,4.42778002848e-17
0.133,3.63246294757e-10,7.2970379368e-10,4.5473788839e-10,1.54769406183e-09,5.87016046176e-15,2.14850136686e-16,4.34206029421e-17
0.1335,4.13132162697e-10,8.3871219432e-10,5.18715203888e-10,1.77056878261e-09,8.81207176328e-15,4.09637587029e-16,4.03052157621e-17
0.134,4.8292083738e-10,9.91336126981e-10,6.07966018342e-10,2.08223596897e-09,1.23298465968e-14,6.56426364564e-16,3.3964327119e-17
0.1345,5.76581372662e-10,1.19612707005e-09,7.27361793171e-10,2.50008771541e-09,1.65336910116e-14,9.45838865122e-16,8.88554502329e-17
0.135,6.98393105647e-10,1.462090019e-09,8.82095715005e-10,3.04260156185e-09,2.1459364624e-14,1.26284304756e-15,2.15724045073e-16
0.1355,8.52321859491e-10,1.7972058194e-09,1.07687453433e-09,3.72643082003e-09,2.70236202625e-14,1.58322097222e-15,4.66098513952e-16
0.136,1.04103889127e-09,2.2062181106e-09,1.31467703361e-09,4.56196887124e-09,3.29650978316e-14,1.87075497969e-15,8.94449851642e-16
0.1365,1.26452132307e-09,2.68762590269e-09,1.59502152178e-09,5.54720960499e-09,3.87806248348e-14,2.07703277392e-15,1.50240266734e-15
0.137,1.51828879268e-09,3.23012278675e-09,1.91183846998e-09,6.66029587679e-09,4.36810568465e-14,2.14676453817e-15,2.15097240692e-15
0.1375,1.79156970048e-09,3.80921843883e-09,2.25133773672e-09,7.85217451303e-09,4.66064279045e-14,2.03141983365e-15,3.05107366238e-15
0.138,2.06604549194e-09,4.38538648071e-09,2.5906592419e-09,9.0421392738e-09,4.63491862612e-14,1.71147621365e-15,5.16655200068e-15
0.1385,2.31614521382e-09,4.90550141586e-09,2.89843301711e-09,1.01201226853e-08,4.18189317823e-14,1.2216484355e-15,7.74903348411e-15
0.139,2.51186388664e-09,5.30905368455e-09,3.138311298e-09,1.09592619581e-08,3.24259961685e-14,6.65620369689e-16,1.01769890529e-14
0.1395,2.62439857632e-09,5.53921822333e-09,3.27571053561e-09,1.14393460057e-08,1.84703688631e-14,2.03140286522e-16,1.15585302831e-14
0.14,2.63347269937e-09,5.5564648276e-09,3.28639471182e-09,1.14763335814e-08,1.34435528237e-15,1.10522131185e-18,1.1311261037e-14
0.1405,2.533723357e-09,5.35016305249e-09,3.16390252479e-09,1.10477724652e-08,-1.66297025244e-14,1.62815155437e-16,9.62953810657e-15
0.141,2.33717203282e-09,4.94324869283e-09,2.92246456653e-09,1.02028532062e-08,-3.27567386906e-14,6.72146241565e-16,6.94976980695e-15
0.1415,2.07032007518e-09,4.38740591797e-09,2.59373756765e-09,9.05142022012e-09,-4.47295298676e-14,1.38965808768e-15,4.25040455306e-15
0.142,1.76704741565e-09,3.75036193812e-09,2.21860075395e-09,7.73596095448e-09,-5.12607117011e-14,2.10795373961e-15,3.50277939249e-15
0.1425,1.46041136637e-09,3.1002769517e-09,1.83746436747e-09,6.39810300504e-09,-5.23153886448e-14,2.63520960097e-15,4.19524576753e-15
0.143,1.17640991694e-09,2.49280738401e-09,1.48264879588e-09,5.15182006051e-09,-4.88968083334e-14,2.86069733123e-15,3.61807751727e-15
0.1435,9.31194316957e-10,1.96426134556e-09,1.17472189446e-09,4.07013777316e-09,-4.25579268279e-14,2.77424171083e-15,2.39950203804e-15
0.144,7.31438324721e-10,1.53113095979e-09,9.2264416544e-10,3.18518100327e-09,-3.48898371507e-14,2.44322902615e-15,1.27851830685e-15
0.1445,5.76598164019e-10,1.19403094703e-09,7.26333219808e-10,2.49693713326e-09,-2.71681692768e-14,1.97060920797e-15,5.63952842216e-16
0.145,4.61739271486e-10,9.4341805028e-10,5.80066833564e-10,1.98520540269e-09,-2.02097489596e-14,1.45713759931e-15,2.09562727414e-16
0.1455,3.80038332525e-10,7.65031839816e-10,4.75590657015e-10,1.62064741424e-09,-1.43945116004e-14,9.79409613806e-16,1.48386619832e-16
0.146,3.24581110458e-10,6.43992384631e-10,4.04400284407e-10,1.37296459005e-09,-9.7732227556e-15,5.83789368892e-16,1.0213523278e-16
0.1465,2.89434544006e-10,5.67336661725e-10,3.59129232578e-10,1.21589453618e-09,-6.19269586687e-15,2.90576412671e-16,7.48895709985e-17
0.147,2.70149555956e-10,5.25261254394e-10,3.34217959471e-10,1.12962547248e-09,-3.3996073725e-15,1.02277929071e-16,6.19198025102e-17
0.1475,2.63896093328e-10,5.11501529892e-10,3.26109902259e-10,1.10150642738e-09,-1.10991483986e-15,1.18243481893e-17,5.71865824009e-17
0.148,2.6940619182e-10,5.23242988963e-10,3.33195104089e-10,1.12584524709e-09,9.53439887795e-16,8.78633180768e-18,5.86383968725e-17
0.1485,2.86846060844e-10,5.60846802687e-10,3.55655998492e-10,1.20335199075e-09,3.04556250479e-15,8.3167746846e-17,6.43202938827e-17
0.149,3.17683027011e-10,6.27546092466e-10,3.95300576799e-10,1.34053532051e-09,5.39717561997e-15,2.27064403615e-16,7.03867438509e-17
0.1495,3.64568125048e-10,7.29160202655e-10,4.5540910678e-10,1.54914608512e-09,8.21600132865e-15,4.3463817141e-16,7.44745248544e-17
0.15,4.31215471418e-10,8.73783772632e-10,5.40571064392e-10,1.84558269386e-09,1.16846838302e-14,7.00742821272e-16,7.27990936847e-17
0.1505,5.22227309521e-10,1.07132849984e-09,6.56446545028e-10,2.25001932159e-09,1.59488489219e-14,1.01836349267e-15,8.88842493531e-17
0.151,6.42779815032e-10,1.33272398034e-09,8.09344529182e-10,2.7848707892e-09,2.10897079381e-14,1.37494548695e-15,2.27348725241e-16
0.1515,7.98046103931e-10,1.66852863249e-09,1.00546838339e-09,3.47207194416e-09,2.70764187652e-14,1.74794857842e-15,5.20098558405e-16
0.152,9.92218082907e-10,2.08668113083e-09,1.24966697186e-09,4.32860198324e-09,3.36972152084e-14,2.10048668718e-15,1.06206750751e-15
0.1525,1.22699804167e-09,2.58921830053e-09,1.5435568734e-09,5.35981607094e-09,4.04763327821e-14,2.37917951201e-15,1.90853802489e-15
0.153,1.49954728522e-09,3.16806739188e-09,1.88303044278e-09,6.55069423705e-09,4.65999966025e-14,2.51758886107e-15,2.94126092297e-15
0.1535,1.80012050138e-09,3.80058211683e-09,2.25547661707e-09,7.85623258043e-09,5.08963776352e-14,2.44958067715e-15,3.73619795583e-15
0.154,2.11005951798e-09,4.44628639761e-09,2.63754978275e-09,9.19394976524e-09,5.1933365903e-14,2.13494246852e-15,3.89822858238e-15
0.1545,2.40132336424e-09,5.04702607978e-09,2.99486517975e-09,1.04432645077e-08,4.82930770793e-14,1.59304030039e-15,6.43836180658e-15
0.155,2.63895819581e-09,5.53276949773e-09,3.28517617538e-09,1.14569438208e-08,3.90254698392e-14,9.29340832678e-16,9.09956992027e-15
0.1555,2.78731877777e-09,5.83390000344e-09,3.4658348e-09,1.20870780776e-08,2.41687312782e-14,3.3104864649e-16,1.08878767005e-14
0.156,2.81912490105e-09,5.89789105e-09,3.50437421708e-09,1.22213952785e-08,5.09931068517e-15,1.43586654692e-17,1.09161337196e-14
0.1565,2.72422361824e-09,5.70495159986e-09,3.3886411121e-09,1.18178009088e-08,-1.55525272674e-14,1.33715710044e-16,9.3954656338e-15
0.157,2.51391472278e-09,5.27593316512e-09,3.13184459102e-09,1.09216586517e-08,-3.45243952906e-14,6.9874508616e-16,6.67638145289e-15
0.1575,2.21830011553e-09,4.66826361279e-09,2.76965081913e-09,9.65616721894e-09,-4.88817366599e-14,1.55416120587e-15,3.89894686632e-15
0.158,1.87769445733e-09,3.96107848682e-09,2.35036786531e-09,8.18908636834e-09,-5.68831621991e-14,2.44264586426e-15,5.28752185807e-15
0.1585,1.5320984932e-09,3.23569351064e-09,1.92261772862e-09,6.690354493e-09,-5.83534827715e-14,3.1144716485e-15,6.48452849034e-15
0.159,1.21300204679e-09,2.55890621992e-09,1.52539061973e-09,5.29724784847e-09,-5.44570349805e-14,3.41937392624e-15,5.59260279688e-15
0.1595,9.39686429337e-10,1.97397229082e-09,1.1832039541e-09,4.09681892881e-09,-4.70826599433e-14,3.33740058964e-15,3.64751360626e-15
0.16,7.19692118065e-10,1.4998505184e-09,9.06253144097e-10,3.12576055047e-09,-3.81806307976e-14,2.95064422972e-15,1.88785856251e-15
0.1605,5.51739871299e-10,1.13616467181e-09,6.93700249288e-10,2.38157787623e-09,-2.93039576359e-14,2.3878342572e-15,8.02052109623e-16
0.161,4.29326834647e-10,8.70408273925e-10,5.37988609418e-10,1.83770406453e-09,-2.1427842772e-14,1.77440923475e-15,2.85931217939e-16
0.1615,3.43840682274e-10,6.84696077743e-10,4.28706822822e-10,1.4572298014e-09,-1.49855169826e-14,1.20409969675e-15,1.47800473032e-16
0.162,2.86729725376e-10,5.60723356776e-10,3.55346456334e-10,1.2027902584e-09,-1.0011879751e-14,7.31800785449e-16,9.82185524318e-17
0.1625,2.50738529937e-10,4.82713228121e-10,3.08908090149e-10,1.04235392305e-09,-6.30485054675e-15,3.79698240148e-16,7.43508580441e-17
0.163,2.30434360816e-10,4.38748544617e-10,2.82610801598e-10,9.51790300433e-10,-3.55490772744e-15,1.48314642054e-16,6.31031075375e-17
0.1635,2.22294724198e-10,4.21067095282e-10,2.72034582672e-10,9.15395000592e-10,-1.42862703008e-15,2.70728599381e-17,5.6639399117e-17
0.164,2.24581367041e-10,4.25830083522e-10,2.74980489033e-10,9.25392330688e-10,3.89024649653e-16,2.07207029357e-18,5.63132914323e-17
0.1645,2.3715074186e-10,4.52719221574e-10,2.9124225938e-10,9.81114464408e-10,2.18085828566e-15,6.07416532669e-17,6.32742081928e-17
0.165,2.61285175568e-10,5.04560090175e-10,3.22396827894e-10,1.08824648707e-09,4.19950563902e-15,1.93929310216e-16,7.28414453321e-17
0.1655,2.99573534617e-10,5.87041339958e-10,3.71651394144e-10,1.25827333986e-09,6.6750405396e-15,3.9610336698e-16,8.34039461843e-17
0.166,3.55830428372e-10,7.08500590258e-10,4.43731989476e-10,1.50807349242e-09,9.82017768202e-15,6.64142282144e-16,9.15049692919e-17
0.1665,4.35007320936e-10,8.79664342044e-10,5.44753600159e-10,1.8594400846e-09,1.38265996238e-14,9.94868660351e-16,9.15134396214e-17
0.167,5.43010025505e-10,1.11314760548e-09,6.81965412933e-10,2.33814327076e-09,1.88455293583e-14,1.3813220891e-15,1.72400003886e-16
0.1675,6.86303248405e-10,1.42243489857e-09,8.63216652794e-10,2.97198155343e-09,2.49460243334e-14,1.80765842308e-15,4.33184507687e-16
0.168,8.71126096445e-10,1.8199978617e-09,1.09593314464e-09,3.78709139126e-09,3.20453700885e-14,2.24315748882e-15,9.78543282645e-16
0.1685,1.10212588292e-09,2.31419737627e-09,1.38538457233e-09,4.80175027979e-09,3.98116117547e-14,2.6367865978e-15,1.96583133344e-15
0.169,1.38025281974e-09,2.90479381582e-09,1.73208611783e-09,6.0171832206e-09,4.75518297299e-14,2.91571675056e-15,3.43643977207e-15
0.1695,1.69995150073e-09,3.57737057598e-09,2.12843099588e-09,7.40581019044e-09,5.41253721161e-14,2.99320529682e-15,5.05183324643e-15
0.17,2.04610669763e-09,4.29786467975e-09,2.55517063714e-09,8.89920275828e-09,5.79532969196e-14,2.79183894485e-15,5.93444157747e-15
0.1705,2.39189196084e-09,5.00955343499e-09,2.97913199936e-09,1.03806368931e-08,5.72167662092e-14,2.28344601879e-15,5.79080173028e-15
0.171,2.69934082485e-09,5.6356697388e-09,3.35425077208e-09,1.16893131768e-08,5.03097113599e-14,1.53470838146e-15,8.67235699486e-15
0.1715,2.92447088691e-09,6.09023703541e-09,3.62787838545e-09,1.26426235326e-08,3.64983300205e-14,7.30710402633e-16,1.14211449272e-14
0.172,3.02730280052e-09,6.29683380072e-09,3.75256092594e-09,1.30767142206e-08,1.65557581857e-14,1.42194607232e-16,1.24320279277e-14
0.1725,2.9841235429e-09,6.21033598633e-09,3.70018601171e-09,1.28946385606e-08,-7.0015931847e-15,2.50531122487e-17,1.14106281661e-14
0.173,2.79660717963e-09,5.83293155187e-09,3.4724772043e-09,1.21019860494e-08,-3.03754848421e-14,4.91658122771e-16,8.59845845241e-15
0.1735,2.49267925995e-09,5.21633551427e-09,3.10215519972e-09,1.08111218139e-08,-4.95927078983e-14,1.43409552755e-15,5.19531385143e-15
0.174,2.11814145449e-09,4.44812048745e-09,2.6435520484e-09,9.20975477197e-09,-6.17774945299e-14,2.56007147092e-15,6.99613300235e-15
0.1745,1.72321916792e-09,3.62795294114e-09,2.15712380015e-09,7.5082334741e-09,-6.59596598253e-14,3.52528669363e-15,1.00203929898e-14
0.175,1.35030971484e-09,2.84387052733e-09,1.69487192581e-09,5.88899317442e-09,-6.30712731485e-14,4.07826328825e-15,9.51198687415e-15
0.1755,1.0271982056e-09,2.15699755582e-09,1.29177045115e-09,4.47591507739e-09,-5.52708050666e-14,4.13595431293e-15,6.56695157237e-15
0.176,7.66289948088e-10,1.59748958772e-09,9.64239772796e-10,3.32797803415e-09,-4.50432044628e-14,3.76892139863e-15,3.49738209855e-15
0.1765,5.67826896861e-10,1.16928634333e-09,7.13602401587e-10,2.45068428047e-09,-3.44933098467e-14,3.1320842627e-15,1.49716800372e-15
0.177,4.24518183366e-10,8.59019893429e-10,5.315512841e-10,1.81506674035e-09,-2.50119970499e-14,2.39148987123e-15,5.30384926516e-16
0.1775,3.25763587195e-10,6.45010489121e-10,4.05349469611e-10,1.37610795532e-09,-1.72682497779e-14,1.67766524438e-15,1.60782099982e-16
0.178,2.60668763347e-10,5.0411102059e-10,3.2164833523e-10,1.08641780781e-09,-1.13814997087e-14,1.0701578304e-15,9.87538772545e-17
0.1785,2.19782090875e-10,4.15852492341e-10,2.68743474054e-10,9.04371522585e-10,-7.13783344856e-15,6.03155685854e-16,6.77863527029e-17
0.179,1.95838057621e-10,3.64335512283e-10,2.37576474109e-10,7.97746152848e-10,-4.17097887236e-15,2.79819586043e-16,5.26490269025e-17
0.1795,1.83876226117e-10,3.38645825428e-10,2.21930289798e-10,7.4445034721e-10,-2.08097982741e-15,8.68510082671e-17,4.38873180961e-17
0.18,1.81051202661e-10,3.32508386036e-10,2.18218058443e-10,7.31777157221e-10,-4.95391016305e-16,5.4759975336e-18,4.00705876358e-17
0.1805,1.86350386171e-10,3.43690355623e-10,2.25142954129e-10,7.55184624599e-10,9.10483920556e-16,1.81960215774e-17,4.3936446007e-17
0.181,2.0034266541e-10,3.73449637942e-10,2.43388682824e-10,8.17183515426e-10,2.41717059904e-15,1.12082634034e-16,5.26363214083e-17
0.1815,2.25011772407e-10,4.26158558923e-10,2.75410606722e-10,9.26585492759e-10,4.27501682838e-15,2.79694621827e-16,6.48268195852e-17
0.182,2.63680066238e-10,5.09115993887e-10,3.25335136949e-10,1.09813843477e-09,6.71926239796e-15,5.18436151779e-16,7.91992746342e-17
0.1825,3.2099350341e-10,6.32476446222e-10,3.98929351819e-10,1.35241010952e-09,9.97933010152e-15,8.28740860378e-16,9.22198650994e-17
0.183,4.02907335873e-10,8.0914658915e-10,5.03561324736e-10,1.71563073684e-09,1.42760395503e-14,1.21104516133e-15,9.722074762e-17
0.1835,5.16572402827e-10,1.05440792377e-09,6.48022498484e-10,2.2190242859e-09,1.97996052276e-14,1.66122872129e-15,2.23682766645e-16
0.184,6.69965690902e-10,1.38491535349e-09,8.4201672733e-10,2.89692659534e-09,2.66594137459e-14,2.16423782782e-15,5.84539130966e-16
0.1845,8.71047645785e-10,1.81661496542e-09,1.09504637138e-09,3.78274646554e-09,3.47969584996e-14,2.68607728855e-15,1.37688593708e-15
0.185,1.12616959356e-09,2.3610822876e-09,1.41437982944e-09,4.90167873532e-09,4.38590099683e-14,3.1659057535e-15,2.88253104654e-15
0.1855,1.43748207995e-09,3.01995900942e-09,1.8018447496e-09,6.25934239613e-09,5.30450178245e-14,3.51263016155e-15,5.23236307255e-15
0.186,1.79931889294e-09,3.77777199034e-09,2.24949227751e-09,7.82664775121e-09,6.09778263661e-14,3.61367675332e-15,7.93112185085e-15
0.1865,2.19409304301e-09,4.59462622915e-09,2.73487591779e-09,9.52366424783e-09,6.56947106304e-14,3.36521938175e-15,9.49125828387e-15
0.187,2.58923374994e-09,5.40192858841e-09,3.21780121467e-09,1.12090311691e-08,6.4892392001e-14,2.72708111814e-15,8.21332612382e-15
0.1875,2.9377379735e-09,6.10557575779e-09,3.64147252448e-09,1.26848445656e-08,5.65272866719e-14,1.78741607284e-15,1.21790903372e-14
0.188,3.18501614318e-09,6.60029328958e-09,3.94088310792e-09,1.37262330409e-08,3.97100943017e-14,7.96167890201e-16,1.59618005662e-14
0.1885,3.28252049487e-09,6.79464090699e-09,4.05871933298e-09,1.41358964035e-08,1.55591248311e-14,1.1587146665e-16,1.69593411038e-14
0.189,3.20413431124e-09,6.63941571977e-09,3.96412500466e-09,1.38076625743e-08,-1.25308654408e-14,7.46802435549e-17,1.48633953452e-14
0.1895,2.95737991515e-09,6.14703958969e-09,3.66553757114e-09,1.2769918245e-08,-3.96143087505e-14,7.86533801672e-16,1.03481845759e-14
0.19,2.58252875829e-09,5.39125087175e-09,3.20995914821e-09,1.1183680063e-08,-6.07737965473e-14,2.06039315685e-15,6.00215677941e-15
0.1905,2.1394339504e-09,4.48584652504e-09,2.66824465652e-09,9.29345581097e-09,-7.27974627598e-14,3.47785820566e-15,1.3367962065e-14
0.191,1.68915711055e-09,3.55225881932e-09,2.11395395531e-09,7.35529940556e-09,-7.50725624946e-14,4.59408750731e-15,1.68990933443e-14
0.1915,1.27920870056e-09,2.69034916985e-09,1.60564843778e-09,5.57514210702e-09,-6.93279899185e-14,5.12759672427e-15,1.4217637755e-14
0.192,9.3711798034e-10,1.96250833687e-09,1.17844073518e-09,4.07801351584e-09,-5.85687433261e-14,5.03261164822e-15,8.68725461033e-15
0.1925,6.71660441894e-10,1.39262383288e-09,8.44642110648e-10,2.9088849494e-09,-4.58843794818e-14,4.4485388727e-15,4.07935471969e-15
0.193,4.7824579954e-10,9.75018662563e-10,5.99788724027e-10,2.05302313088e-09,-3.36490214453e-14,3.59384320634e-15,1.53186755544e-15
0.1935,3.45068109475e-10,6.86764585759e-10,4.30021276494e-10,1.46183339584e-09,-2.32495058684e-14,2.67364370748e-15,4.7321697884e-16
0.194,2.58054418588e-10,4.98558565088e-10,3.1825880138e-10,1.0748584172e-09,-1.51998266717e-14,1.83198108428e-15,1.22448776921e-16
0.1945,2.04013398184e-10,3.82097423917e-10,2.48243886946e-10,8.34346432145e-10,-9.42148041565e-15,1.14458563715e-15,6.92390142074e-17
0.195,1.72186635593e-10,3.13935780634e-10,2.06599814613e-10,6.92717339207e-10,-5.52555877794e-15,6.33930452541e-16,4.70255751657e-17
0.1955,1.54696686874e-10,2.76770006355e-10,1.83474330642e-10,6.14938294601e-10,-3.01954783205e-15,2.90280230434e-16,3.8877965246e-17
0.196,1.46387095478e-10,2.59233965403e-10,1.72387306116e-10,5.78007029657e-10,-1.42700849702e-15,8.96708560578e-17,3.34315433952e-17
0.1965,1.44421051051e-10,2.55066682127e-10,1.69751226309e-10,5.69238627422e-10,-3.38001588574e-16,5.9380574158e-18,3.0125573802e-17
0.197,1.47859347822e-10,2.6219783362e-10,1.74354657178e-10,5.84412440074e-10,5.84176952498e-16,1.72777496489e-17,3.14884498142e-17
0.1975,1.57335337917e-10,2.82030570997e-10,1.86960016889e-10,6.2632765352e-10,1.61876905919e-15,1.08950525606e-16,3.47241156727e-17
0.198,1.74868448905e-10,3.19024298889e-10,2.10070605483e-10,7.03966638536e-10,3.01157528027e-15,2.7368706481e-16,4.18891673735e-17
0.1985,2.03814627044e-10,3.80572761593e-10,2.4786481745e-10,8.32257715489e-10,4.99858895537e-15,5.10815491584e-16,5.70612215247e-17
0.199,2.4892494894e-10,4.77103896452e-10,3.06259488813e-10,1.03229698243e-09,7.82370154738e-15,8.24532473476e-16,7.46134382577e-17
0.1995,3.16456270533e-10,6.22266252028e-10,3.93029963689e-10,1.3317654531e-09,1.17456529581e-14,1.22119981402e-15,8.95703460404e-17
0.2,4.14244006913e-10,8.32982122252e-10,5.17869145484e-10,1.76511400678e-09,1.70269977964e-14,1.70514232455e-15,1.54637722983e-16
0.2005,5.51598498326e-10,1.12901655426e-09,6.92202507301e-10,2.37284372722e-09,2.3895225566e-14,2.272119638e-15,4.51509218468e-16
0.201,7.38789817624e-10,1.53154600864e-09,9.28468473391e-10,3.19883966188e-09,3.24623061821e-14,2.89997221155e-15,1.19465865694e-15
0.2015,9.85789603172e-10,2.06004872324e-09,1.23845743585e-09,4.28434188852e-09,4.2589556388e-14,3.53686151654e-15,2.83278310748e-15
0.202,1.29984969283e-09,2.72680400052e-09,1.63024123866e-09,5.65695271765e-09,5.36955971641e-14,4.09049770717e-15,5.89383481798e-15
0.2025,1.68157600124e-09,3.5286602293e-09,2.1033635252e-09,7.31366871843e-09,6.4537429512e-14,4.42637817075e-15,1.04106244567e-14
0.203,2.11958954917e-09,4.43687166954e-09,2.64254346981e-09,9.19908213126e-09,7.3056453014e-14,4.38864793282e-15,1.48627143307e-14
0.2035,2.58494550609e-09,5.38791479729e-09,3.21142872889e-09,1.11843693445e-08,7.64592451893e-14,3.85717905273e-15,1.59143463923e-14
0.204,3.02817854825e-09,6.28076239978e-09,3.74977685833e-09,1.3058792377e-08,7.17382660539e-14,2.83881676291e-15,1.46578102845e-14
0.2045,3.38323969429e-09,6.98722534106e-09,4.17875315257e-09,1.45492764545e-08,5.67215509816e-14,1.55373310748e-15,2.14193422656e-14
0.205,3.58155066173e-09,7.37883206706e-09,4.41756874743e-09,1.53779833027e-08,3.13976509858e-14,4.38726130392e-16,2.5249828541e-14
0.2055,3.57408997828e-09,7.36509567332e-09,4.40875757518e-09,1.53479420425e-08,-1.17601045089e-15,6.19638067519e-19,2.38725258637e-14
0.206,3.35187534821e-09,6.92783994911e-09,4.14138234169e-09,1.44210629921e-08,-3.51943805507e-14,5.53484306157e-16,1.7907563995e-14
0.2065,2.95240626347e-09,6.13317248256e-09,3.65861185393e-09,1.27441287021e-08,-6.38983356792e-14,2.00394122473e-15,1.02977759512e-14
0.207,2.44687850757e-09,5.11247264965e-09,3.04379689235e-09,1.06030698534e-08,-8.2055678222e-14,3.86208588413e-15,2.01466752623e-14
0.2075,1.91545147572e-09,4.02113114681e-09,2.39253122273e-09,8.32903159298e-09,-8.77412257261e-14,5.49113529444e-15,2.93421801342e-14
0.208,1.42424165355e-09,2.99537750832e-09,1.7855974557e-09,6.20514054252e-09,-8.24898633146e-14,6.41636542359e-15,2.6551128646e-14
0.2085,1.01347110092e-09,2.12505820749e-09,1.27389398493e-09,4.4123597632e-09,-7.00200192163e-14,6.49068946377e-15,1.66596777877e-14
0.209,6.97453213822e-10,1.44804177848e-09,8.77114993273e-10,3.02256134355e-09,-5.45012958368e-14,5.85959682947e-15,7.74980089596e-15
0.2095,4.71546875073e-10,9.60641853892e-10,5.91272860131e-10,2.02342713193e-09,-3.92697613082e-14,4.81270609684e-15,2.79495631012e-15
0.21,3.2073713472e-10,6.34325338538e-10,3.98881228217e-10,1.35392101786e-09,-2.63223732127e-14,3.63879362031e-15,8.0560625987e-16
0.2105,2.26646495408e-10,4.31040453004e-10,2.77677663959e-10,9.35350731515e-10,-1.64262645442e-14,2.54542186775e-15,1.89222925252e-16
0.211,1.7196995515e-10,3.13678577713e-10,2.06335745328e-10,6.91976412867e-10,-9.50807958619e-15,1.64275983671e-15,5.39500695095e-17
0.2115,1.42605547606e-10,2.51470202238e-10,1.67310392935e-10,5.6138204627e-10,-5.06036014629e-15,9.63854740408e-16,3.80216149364e-17
0.212,1.28209858896e-10,2.21663196325e-10,1.47656255403e-10,4.97527365395e-10,-2.4403325736e-15,4.9510576683e-16,2.87152639449e-17
0.2125,1.21903415918e-10,2.09075515752e-10,1.3872246311e-10,4.69700556531e-10,-1.04057951165e-15,2.02331998037e-16,2.28224557308e-17
0.213,1.19640351842e-10,2.04773025152e-10,1.35393980763e-10,4.5980704622e-10,-3.59490361024e-16,4.79548195286e-17,1.93962074592e-17
0.2135,1.19556617491e-10,2.04643363014e-10,1.35288941525e-10,4.59488912118e-10,-9.68646544818e-18,5.63124412256e-20,9.636798873e-15
0.214,1.21451269083e-10,2.08249131056e-10,1.38115590213e-10,4.67816330602e-10,3.04301029801e-16,3.59500547873e-17,2.0185642166e-17
0.2145,1.2645739021e-10,2.18098041319e-10,1.45262902927e-10,4.89819296622e-10,8.1943763446e-16,1.427290511e-16,2.35153286817e-17
0.215,1.36905099863e-10,2.39337995639e-10,1.59629223184e-10,5.35874383396e-10,1.74825176585e-15,3.16459466803e-16,2.79385347322e-17
0.2155,1.5635531964e-10,2.79826452912e-10,1.85661749198e-10,6.21847391461e-10,3.30882468841e-15,5.60886992213e-16,3.30020976909e-17
0.216,1.89772011948e-10,3.50493383406e-10,2.29564458325e-10,7.69836487838e-10,5.74830116297e-15,8.85859920834e-16,5.114808452e-17
0.2165,2.43788467689e-10,4.6588074387e-10,2.99614248535e-10,1.00929412222e-09,9.35698849941e-15,1.30514551399e-15,7.15361675604e-17
0.217,3.26991355888e-10,6.4467069269e-10,4.06485761227e-10,1.37816410998e-09,1.44673435876e-14,1.83284065171e-15,1.08699738121e-16
0.2175,4.50094595845e-10,9.09874353797e-10,5.6341388614e-10,1.92340673925e-09,2.14263834157e-14,2.47709690527e-15,3.60537879933e-16
0.218,6.25781286813e-10,1.28812391145e-09,7.85901947529e-10,2.69984089894e-09,3.05235274481e-14,3.22966069031e-15,1.08263346747e-15
0.2185,8.6782585362e-10,1.80721727304e-09,1.09049435104e-09,3.7655833781e-09,4.18500804396e-14,4.05046345875e-15,2.92007832302e-15
0.219,1.18892321527e-09,2.49080822594e-09,1.49192978124e-09,5.17172114034e-09,5.50695394461e-14,4.84882390401e-15,6.94920398894e-15
0.2195,1.59653111597e-09,3.34919048435e-09,1.99793016401e-09,6.94372633603e-09,6.91039375893e-14,5.46906837148e-15,1.41647964517e-14
0.22,2.08628160652e-09,4.36606705816e-09,2.60127073759e-09,9.05370690949e-09,8.18125456036e-14,5.69773830833e-15,2.36326562974e-14
0.2205,2.63355907434e-09,5.48367189892e-09,3.27011803325e-09,1.13874441809e-08,8.9862066595e-14,5.3182897081e-15,3.01253908429e-14
0.221,3.18618856134e-09,6.59264386133e-09,3.94027515502e-09,1.37192009099e-08,8.91119758544e-14,4.23005298183e-15,2.62677453031e-14
0.2215,3.66424024619e-09,7.53675529479e-09,4.51610269017e-09,1.57171766293e-08,7.58096170381e-14,2.60233144416e-15,3.12792597813e-14
0.222,3.97391794412e-09,8.14144745855e-09,4.88738604514e-09,1.70028008877e-08,4.84995187494e-14,9.56985456065e-16,3.98009804368e-14
0.2225,4.03686399995e-09,8.26474664874e-09,4.96289084426e-09,1.72645113262e-08,9.8118496934e-15,3.75208990841e-17,3.99648643714e-14
0.223,3.82367392981e-09,7.85196729703e-09,4.70800776641e-09,1.63836161751e-08,-3.32432309164e-14,4.36522082589e-16,3.13453486799e-14
0.2235,3.37103537638e-09,6.96470726325e-09,4.1642578946e-09,1.44999313808e-08,-7.13409762612e-14,2.19416670957e-15,1.84090684862e-14
0.224,2.7690097008e-09,5.7640906421e-09,3.4359149095e-09,1.19689234434e-08,-9.6505453666e-14,4.70139475159e-15,3.61179354925e-14
0.2245,2.12592143937e-09,4.45530961835e-09,2.65102037721e-09,9.23215325289e-09,-1.05204872435e-13,7.02736098446e-15,5.69289691885e-14
0.225,1.53277709328e-09,3.22348991251e-09,1.92014218347e-09,6.67631856126e-09,-9.90456123208e-14,8.42080050898e-15,5.22095692688e-14
0.2255,1.04428907519e-09,2.19104777464e-09,1.31248432258e-09,4.54774673422e-09,-8.30533581383e-14,8.61670918055e-15,3.17172774589e-14
0.226,6.78580825034e-10,1.40784858845e-09,8.53395190957e-10,2.93976936469e-09,-6.30467901364e-14,7.80758362557e-15,1.37459200245e-14
0.2265,4.27665092388e-10,8.66165078795e-10,5.35538144543e-10,1.82933107927e-09,-4.36489825397e-14,6.41268003162e-15,4.44471221709e-15
0.227,2.70040344905e-10,5.25067206484e-10,3.33805303496e-10,1.12889017447e-09,-2.75285934412e-14,4.84821630081e-15,1.09771743019e-15
0.2275,1.80557915832e-10,3.32276247478e-10,2.17655402795e-10,7.30477369755e-10,-1.5600803945e-14,3.40446370948e-15,2.07679773173e-16
0.228,1.36310357637e-10,2.38415380715e-10,1.58781598983e-10,5.33501927787e-10,-7.63580729761e-15,2.22626148923e-15,4.03145331246e-17
0.2285,1.19172201634e-10,2.0375901922e-10,1.34579735848e-10,4.57509444273e-10,-2.86067424011e-15,1.34824574387e-15,2.99366854548e-17
0.229,1.16204859996e-10,1.99762136294e-10,1.28824834234e-10,4.44792193728e-10,-3.78887680343e-16,7.42093677043e-16,3.68078167229e-17
0.2295,1.18983367187e-10,2.07816186461e-10,1.30906512461e-10,4.57707027381e-10,6.06797594669e-16,3.54475438351e-16,3.80876835062e-17
0.23,1.22561219868e-10,2.17011455716e-10,1.34561895038e-10,4.74135415229e-10,7.14365977559e-16,1.30242628348e-16,3.37779798706e-17
0.2305,1.24471727017e-10,2.21917210684e-10,1.36636039871e-10,4.83025385104e-10,3.84029549622e-16,2.35045344413e-17,2.96241302973e-17
0.231,1.23939163142e-10,2.20829542814e-10,1.36100272012e-10,4.80868894587e-10,-8.44955919115e-17,1.11589911238e-18,2.43818433867e-17
0.2315,1.21350077137e-10,2.1460099417e-10,1.33393801758e-10,4.69344430046e-10,-4.85384462181e-16,4.23660730638e-17,1.90438417531e-17
0.232,1.17969364872e-10,2.0601649035e-10,1.30070452507e-10,4.54055782176e-10,-6.62882043448e-16,1.37329448099e-16,1.24649368518e-17
0.2325,1.15865684542e-10,1.99635305359e-10,1.28706345234e-10,4.44207146394e-10,-4.73904413435e-16,2.85163680821e-16,1.30214374981e-17
0.233,1.18013997084e-10,2.02023608631e-10,1.3302790857e-10,4.53066250443e-10,2.43299063612e-16,4.92860390092e-16,1.71634286102e-17
0.2335,1.28553421636e-10,2.2232129954e-10,1.48231575344e-10,4.9910876701e-10,1.6960250389e-15,7.7446541063e-16,2.22752724469e-17
0.234,1.53182482048e-10,2.73098304735e-10,1.81470100538e-10,6.07756198034e-10,4.16029040005e-15,1.15042374635e-15,3.26920836322e-17
0.2345,1.99665373672e-10,3.71430863906e-10,2.42469431511e-10,8.1357531379e-10,7.99837639256e-15,1.64632685451e-15,5.54882813417e-17
0.235,2.78399383535e-10,5.40035461153e-10,3.44201446066e-10,1.16265224382e-09,1.36633037607e-14,2.28976636316e-15,1.12762108136e-16
0.2355,4.02909740394e-10,8.08108563245e-10,5.03432224846e-10,1.71447530674e-09,2.16749367329e-14,3.10333181109e-15,4.34768459298e-16
0.236,5.90007263396e-10,1.21116494932e-09,7.40786573416e-10,2.54199541593e-09,3.253906247e-14,4.0907932379e-15,1.4916504311e-15
0.2365,8.59091417788e-10,1.78863807952e-09,1.07966352575e-09,3.72744480411e-09,4.65673559998e-14,5.21392633616e-15,4.5428274315e-15
0.237,1.22970467414e-09,2.57742192176e-09,1.54291783168e-09,5.35011433782e-09,6.35508336566e-14,6.3602192816e-15,1.20885933371e-14
0.2375,1.71607124248e-09,3.59928115968e-09,2.14590291842e-09,7.46134489636e-09,8.22669289952e-14,7.31134859459e-15,2.72595700624e-14
0.238,2.31744774261e-09,4.84111500849e-09,2.88477990782e-09,1.00434503e-08,9.99071000398e-14,7.7403269231e-15,4.95695810245e-14
0.2385,3.00452100866e-09,6.23089578697e-09,3.72090921645e-09,1.29564450202e-08,1.11733621577e-13,7.28733053581e-15,6.72579938792e-14
0.239,3.70614199732e-09,7.61933298655e-09,4.56677729245e-09,1.58923695588e-08,1.11545994179e-13,5.75762629765e-15,5.99351094471e-14
0.2395,4.30697464762e-09,8.78493531779e-09,5.28534083426e-09,1.83773477373e-08,9.35645785378e-14,3.40210393226e-15,6.14672294183e-14
0.24,4.66967819695e-09,9.47921833002e-09,5.71684448216e-09,1.98657977029e-08,5.56498473424e-14,1.07802242775e-15,7.65223252602e-14
0.2405,4.68471177846e-09,9.50965658157e-09,5.73505868285e-09,1.99294293297e-08,2.31608273994e-15,1.91168006905e-18,7.23295392763e-14
0.241,4.32533325669e-09,8.82542156217e-09,5.30821423463e-09,1.84589150208e-08,-5.50628390905e-14,1.05010891138e-15,5.15131828253e-14
0.2415,3.66831763961e-09,7.55289978097e-09,4.52270741851e-09,1.57438266159e-08,-1.02284112899e-13,4.07320265426e-15,4.04342629257e-14
0.242,2.86086574827e-09,5.95188598989e-09,3.54817836635e-09,1.23608093145e-08,-1.28661870009e-13,7.87388424407e-15,9.32832641427e-15
0.2425,2.05738924644e-09,4.31665936293e-09,2.56751204668e-09,8.9414401646e-09,-1.31432119735e-13,1.09409472129e-14,2.13531584992e-15
0.243,1.36871526705e-09,2.88043404956e-09,1.71712070012e-09,5.96616683533e-09,-1.154840209e-13,1.23082510485e-14,9.96264499392e-14
0.2435,8.45632032431e-10,1.76803578388e-09,1.0639280352e-09,3.67751823235e-09,-8.95039778552e-14,1.18868100459e-14,4.6839451534e-14
0.244,4.89819068539e-10,1.00156321946e-09,6.14770594365e-10,2.1061013629e-09,-6.17325652063e-14,1.02135855842e-14,1.51622997198e-14
0.2445,2.74631801689e-10,5.35594767709e-10,3.3983524479e-10,1.15003222002e-09,-3.75927057568e-14,7.99862628699e-15,3.43271113303e-15
0.245,1.63386071983e-10,2.95857725403e-10,1.95065656345e-10,6.54295852553e-10,-1.94068432189e-14,5.80567924671e-15,5.21763825179e-16
0.2455,1.20906902773e-10,2.06988387497e-10,1.37128289588e-10,4.65020261518e-10,-7.26806173656e-15,3.94972568035e-15,7.46651072675e-17
0.246,1.1884783971e-10,2.06795570837e-10,1.30681967363e-10,4.56327790656e-10,-1.22126454396e-16,2.53487539454e-15,9.65871669754e-17
0.2465,1.36904620374e-10,2.50388931707e-10,1.50261177276e-10,5.37559683979e-10,3.4177729685e-15,1.53685493943e-15,1.35237280359e-16
0.247,1.619123456e-10,3.08676731899e-10,1.7929184285e-10,6.49886414732e-10,4.61866550563e-15,8.75727249108e-16,1.64664899012e-16
0.2475,1.86165949305e-10,3.64696802758e-10,2.08029044313e-10,7.58896712219e-10,4.45419188285e-15,4.61665351832e-16,2.30640295274e-16
0.248,2.05703702048e-10,4.09782170145e-10,2.31418292837e-10,8.46907972605e-10,3.59059655944e-15,2.16995537032e-16,2.81823108145e-16
0.2485,2.18902124735e-10,4.40416635482e-10,2.47339667765e-10,9.06660952972e-10,2.44197501852e-15,8.30346655798e-17,3.09790441997e-16
0.249,2.25464455013e-10,4.5598851799e-10,2.55345376378e-10,9.36799610821e-10,1.24212476819e-15,1.93357170385e-17,3.12507723692e-16
0.2495,2.25767806691e-10,4.57346250581e-10,2.55844578977e-10,9.38958743015e-10,1.08849600217e-16,1.26116788904e-19,6.71366411629e-14
0.25,2.20486668453e-10,4.45968788909e-10,2.4963284444e-10,9.16087405577e-10,-9.06667839742e-16,1.04582162391e-17,2.60913252809e-16
0.2505,2.10411783632e-10,4.2357167423e-10,2.37665635178e-10,8.71647351206e-10,-1.78493126419e-15,4.31086910312e-17,2.19452684106e-16
0.251,1.96405452581e-10,3.92012785907e-10,2.21001908908e-10,8.0941772983e-10,-2.51405575225e-15,9.64978639112e-17,1.70990541062e-16
0.2515,1.79455691934e-10,3.5341516155e-10,2.00871241053e-10,7.33739195821e-10,-3.07229342825e-15,1.73582617434e-16,1.21776232761e-16
0.252,1.60811629648e-10,3.10472579782e-10,1.78843431576e-10,6.50124509249e-10,-3.41333889971e-15,2.81585124531e-16,7.74916562125e-17
0.2525,1.42201769387e-10,2.66943243225e-10,1.5710314424e-10,5.66245138096e-10,-3.45118805298e-15,4.32434068315e-16,4.20213045133e-17
0.253,1.26154009178e-10,2.28370254008e-10,1.38852456388e-10,4.93374321479e-10,-3.04192283042e-15,6.43829028469e-16,1.78325846385e-17
0.2535,1.16448791483e-10,2.03095848861e-10,1.28879332174e-10,4.48422953241e-10,-1.9600961078e-15,9.40819757524e-16,9.83489955057e-18
0.254,1.18742599935e-10,2.03653055325e-10,1.3433809854e-10,4.56735243066e-10,1.3162197727e-16,1.35764465883e-15,1.43834664773e-17
0.2545,1.41408155596e-10,2.48599150961e-10,1.65792024831e-10,5.55804988423e-10,3.71781529354e-15,1.93922052255e-15,2.58802446704e-17
0.255,1.96605053721e-10,3.64782479248e-10,2.385212681e-10,7.99921006966e-10,9.46507396781e-15,2.74082486989e-15,5.83622641317e-17
0.2555,3.01514768531e-10,5.89808084249e-10,3.73990453869e-10,1.26533536694e-09,1.82373947323e-14,3.82290376956e-15,3.31701490277e-16
0.256,4.79506549388e-10,9.73954296188e-10,6.01132902425e-10,2.05463003494e-09,3.10514122293e-14,5.23558693454e-15,1.54692610718e-15
0.2565,7.60638253767e-10,1.57983612063e-09,9.5661739649e-10,3.29714764916e-09,4.88943849401e-14,6.98418205602e-15,6.14745511711e-15
0.257,1.18015454164e-09,2.47661080745e-09,1.48237391077e-09,5.13922051108e-09,7.22848729109e-14,8.96769051293e-15,2.08884355667e-14
0.2575,1.77247867889e-09,3.72385946856e-09,2.2174061991e-09,7.71385567574e-09,1.00441460463e-13,1.08929007446e-14,5.93734181828e-14
0.258,2.55705972384e-09,5.33999248979e-09,3.1800471115e-09,1.10772415647e-08,1.30040277759e-13,1.22033956724e-14,1.50608522778e-14
0.2585,3.51307619028e-09,7.25495771367e-09,4.33838122809e-09,1.51065812121e-08,1.53960908257e-13,1.21334702128e-14,3.84725346199e-14
0.259,4.54661636342e-09,9.26176634343e-09,5.57474175694e-09,1.93832956826e-08,1.6120662188e-13,1.00506793491e-14,9.16837542301e-14
0.2595,5.47053788116e-09,1.10039878675e-08,6.66761919387e-09,2.3142290878e-08,1.39809757002e-13,6.12577050709e-15,1.35525271561e-20
0.26,6.0347966627e-09,1.20464856355e-08,7.33009458992e-09,2.5411462315e-08,8.35129166779e-14,1.91616713802e-15,1.48025919322e-14
0.2605,6.02964081105e-09,1.20398983018e-08,7.32467789829e-09,2.53942162656e-08,-7.45875395723e-16,3.45006060742e-19,1.35525271561e-20
0.261,5.41279218648e-09,1.09040888568e-08,6.60115677188e-09,2.2917948751e-08,-9.13627678965e-14,2.30142222359e-15,2.24352397012e-14
0.2615,4.35200935368e-09,8.89904095043e-09,5.34488173641e-09,1.85957792556e-08,-1.61100016411e-13,8.33291288865e-15,5.25093952152e-14
0.262,3.13406191892e-09,6.51415071975e-09,3.88258847125e-09,1.35306247957e-08,-1.91596759634e-13,1.52857375401e-14,1.41450707484e-14
0.2625,2.02037912789e-09,4.25063666078e-09,2.5243642768e-09,8.79521822524e-09,-1.8190031608e-13,2.00603838502e-14,2.17492311053e-15
0.263,1.16011004532e-09,2.44496036284e-09,1.45881581514e-09,5.06376223822e-09,-1.45196631116e-13,2.12116674897e-14,1.96836565602e-15
0.2635,5.88323850495e-10,1.21737489891e-09,7.40285870716e-10,2.54590503306e-09,-9.88118727517e-14,1.92275302898e-14,8.05666229803e-14
0.264,2.68194760548e-10,5.22789097643e-10,3.31764812704e-10,1.12270820247e-09,-5.60151143284e-14,1.55470179118e-14,1.48680624968e-14
0.2645,1.34600708073e-10,2.35091380609e-10,1.56413155101e-10,5.26093455697e-10,-2.33218051521e-14,1.15337452879e-14,1.29488467746e-15
0.265,1.22272062397e-10,2.14895257142e-10,1.33974183074e-10,4.71147711514e-10,-1.80969836006e-15,8.01861023591e-15,2.98906068625e-16
0.2655,1.78650985235e-10,3.45965504203e-10,1.98749584575e-10,7.23381761151e-10,1.03725468828e-14,5.31462307247e-15,4.80103356701e-16
0.266,2.67003909535e-10,5.46458051299e-10,3.04550421874e-10,1.11803177269e-09,1.59803902924e-14,3.40966546563e-15,8.05926438324e-16
0.2665,3.64716698189e-10,7.66234030986e-10,4.22877709456e-10,1.55384814606e-09,1.75570491422e-14,2.15051262914e-15,1.45854499539e-15
0.267,4.59808182954e-10,9.79095955084e-10,5.38599105672e-10,1.97752162526e-09,1.70242244581e-14,1.35754674585e-15,2.24141350283e-15
0.2675,5.47439709075e-10,1.17475440196e-09,6.45543435359e-10,2.3677540827e-09,1.56596973188e-14,8.76922485113e-16,3.09077579069e-15
0.268,6.27125965546e-10,1.35246933019e-09,7.42983457254e-10,2.72259357905e-09,1.42310305752e-14,5.95450752624e-16,3.96906086556e-15
0.2685,7.0080299774e-10,1.51671980702e-09,8.33212305323e-10,3.05074870548e-09,1.3158198328e-14,4.37730644237e-16,4.87364123125e-15
0.269,7.71646414524e-10,1.67460097909e-09,9.200680817e-10,3.3663284843e-09,1.26521115543e-14,3.57522703867e-16,5.83742919996e-15
0.2695,8.43454483399e-10,1.83448339707e-09,1.00816460011e-09,3.68611562477e-09,1.2815922223e-14,3.29057946768e-16,6.92159410299e-15
0.27,9.20420791788e-10,2.00552162647e-09,1.10260492867e-09,4.02856139952e-09,1.37132140108e-14,3.40343612808e-16,8.22340581589e-15
0.2705,1.00716667043e-09,2.19771412832e-09,1.20901410055e-09,4.4139106992e-09,1.54123046869e-14,3.88784178743e-16,9.88107978685e-15
0.271,1.1089530808e-09,2.42233036017e-09,1.33378921652e-09,4.86509115052e-09,1.80157591654e-14,4.78771182878e-16,1.21049139679e-14
0.2715,1.23203351868e-09,2.69260752579e-09,1.48451703452e-09,5.40918037992e-09,2.16821317583e-14,6.20754853311e-16,1.52239264489e-14
0.272,1.38413983703e-09,3.02467786472e-09,1.67054393254e-09,6.0793891075e-09,2.66445527091e-14,8.3133804438e-16,1.97757968042e-14
0.2725,1.57511149278e-09,3.43871118815e-09,1.90370324204e-09,6.91756028116e-09,3.32281072856e-14,1.13394478399e-15,2.66764048189e-14
0.273,1.81768132728e-09,3.96024098462e-09,2.19920362424e-09,7.97716935454e-09,4.18647860129e-14,1.55947715243e-15,3.75475848059e-14
0.2735,2.12840794645e-09,4.62156221147e-09,2.57664768399e-09,9.32667307779e-09,5.30993850122e-14,2.14597553529e-15,5.53715568134e-14
0.274,2.52867620544e-09,5.46289816401e-09,3.06105760029e-09,1.10527024601e-08,6.75713056542e-14,2.93544501722e-15,8.58333722023e-14
0.2745,3.04551331239e-09,6.53266661069e-09,3.68357479717e-09,1.32618446248e-08,8.59425635976e-14,3.96470331575e-15,3.02769352016e-14
0.275,3.71161846762e-09,7.88554186463e-09,4.48110088429e-09,1.60783751764e-08,1.08721307218e-13,5.24550508216e-15,6.86749173696e-14
0.2755,4.56335091223e-09,9.57608740914e-09,5.49345685837e-09,1.96330378152e-08,1.3590665275e-13,6.72878504947e-15,1.35525271561e-20
0.276,5.63441116924e-09,1.16447531468e-08,6.75565566951e-09,2.40349946138e-08,1.66375844223e-13,8.25239855058e-15,6.77626357803e-21
0.2765,6.94185399383e-09,1.40928892982e-08,8.28199090759e-09,2.93169406895e-08,1.97001474855e-13,9.48840302623e-15,1.35525271561e-20
0.277,8.46123267254e-09,1.68461334527e-08,1.00392498883e-08,3.53468476676e-08,2.21713229658e-13,9.94076271159e-15,1.35525271561e-20
0.2775,1.00923657473e-08,1.97138139014e-08,1.19115361348e-08,4.1717956032e-08,2.31164640346e-13,9.08375899121e-15,4.06575814682e-20
0.278,1.16304601859e-08,2.23663034103e-08,1.36723031318e-08,4.76692875883e-08,2.14148425368e-13,6.7118878713e-15,1.08420217249e-19
0.2785,1.27760086654e-08,2.43643707832e-08,1.49966758794e-08,5.21372204698e-08,1.61746713076e-13,3.39503471664e-15,2.03287907341e-19
0.279,1.32180337664e-08,2.52652189426e-08,1.55473087946e-08,5.40306356457e-08,7.35143615549e-14,6.2916563935e-16,6.43380476933e-15
0.2795,1.27768904066e-08,2.47844541666e-08,1.51203594347e-08,5.26816663108e-08,-3.79108569205e-14,2.13925727959e-16,8.20673281936e-16
0.28,1.15152758712e-08,2.29334116377e-08,1.37631564178e-08,4.82116982684e-08,-1.48661906413e-13,3.0035736863e-15,6.77626357803e-20
0.2805,9.71873532976e-09,2.00378973283e-08,1.1764566261e-08,4.15209737705e-08,-2.33212679556e-13,8.06411951699e-15,2.03287907341e-20
0.281,7.75512973642e-09,1.66144514383e-08,9.51950181365e-09,3.38888201481e-08,-2.76021085995e-13,1.31807691915e-14,6.77626357803e-21
0.2815,5.92512237646e-09,1.31807991448e-08,7.37205095675e-09,2.64777118639e-08,-2.76941025489e-13,1.63269284583e-14,6.77626357803e-21
0.282,4.39403105084e-09,1.01107076508e-08,5.53133513172e-09,2.00358429499e-08,-2.47617753235e-13,1.6752854598e-14,9.94512631969e-14
0.2825,3.20555959047e-09,7.58794318493e-09,4.07185222031e-09,1.48651665201e-08,-2.03430882644e-13,1.49671503561e-14,6.86513224198e-14
0.283,2.32966472996e-09,5.63990812195e-09,2.97723670988e-09,1.0946664556e-08,-1.57031520267e-13,1.20323244515e-14,5.17855411873e-14
0.2835,1.70635702032e-09,4.20135447813e-09,2.18758134666e-09,8.09518583683e-09,-1.15910348872e-13,8.91118665977e-15,5.29671318199e-14
0.284,1.27261124081e-09,3.17085336879e-09,1.6324481283e-09,6.07583593305e-09,-8.29885096079e-14,6.18743759462e-15,2.37893946621e-14
0.2845,9.74528876032e-10,2.44635006806e-09,1.2481091765e-09,4.66893388933e-09,-5.83124336246e-14,4.08300860404e-15,1.56912243615e-14
0.285,7.70602952375e-10,1.94159648983e-09,9.83768258814e-10,3.69592968815e-09,-4.06013790969e-14,2.58953177535e-15,1.0433822995e-14
0.2855,6.30791404523e-10,1.59033831237e-09,8.01830050111e-10,3.02293312338e-09,-2.82377412851e-14,1.59475061445e-15,7.05342292277e-15
0.286,5.34162897393e-10,1.34449763314e-09,6.7571178918e-10,2.55435353118e-09,-1.97520677604e-14,9.63949501285e-16,4.866590529e-15
0.2865,4.66448949922e-10,1.17032559663e-09,5.87114691313e-10,2.22387583009e-09,-1.39867065339e-14,5.79224958528e-16,3.42752898546e-15
0.287,4.18012855485e-10,1.04451727836e-09,5.23601013082e-10,1.98612140011e-09,-1.00983659988e-14,3.5175625554e-16,2.45956006213e-15
0.2875,3.82339886457e-10,9.51040409731e-10,4.76728827733e-10,1.81010184421e-09,-7.50020502035e-15,2.20641675259e-16,1.79337881351e-15
0.288,3.54985865862e-10,8.78802134857e-10,4.40725993377e-10,1.67450834693e-09,-5.79395197785e-15,1.46897178326e-16,1.32500008686e-15
0.2885,3.32873515887e-10,8.20029979568e-10,4.11591360579e-10,1.56449025082e-09,-4.71207975408e-15,1.06957779657e-16,9.89591980409e-16
0.289,3.13832520461e-10,7.6918579024e-10,3.86502670743e-10,1.46951699407e-09,-4.07468912802e-15,8.73830809887e-17,7.4589382522e-16
0.2895,2.96303524811e-10,7.22251929548e-10,3.63433636728e-10,1.38198541273e-09,-3.75941795837e-15,8.11197024147e-17,5.66907293136e-16
0.29,2.79151203039e-10,6.76271565635e-10,3.40911396052e-10,1.29633056889e-09,-3.68091404696e-15,8.51243245318e-17,4.34473691833e-16
0.2905,2.61551769409e-10,6.29066045018e-10,3.17870398657e-10,1.20848453552e-09,-3.77653964909e-15,9.90144891984e-17,3.35995947319e-16
0.291,2.42935557741e-10,5.79085399242e-10,2.93577967155e-10,1.11559505293e-09,-3.99563151825e-15,1.24454277911e-16,2.62685245734e-16
0.2915,2.22976575278e-10,5.2537365116e-10,2.67621195869e-10,1.01596729712e-09,-4.29024500514e-15,1.65076545057e-16,2.37482627422e-16
0.292,2.01629935469e-10,4.67651740224e-10,2.39956493441e-10,9.09233790284e-10,-4.60567368814e-15,2.26841027823e-16,2.11868351097e-16
0.2925,1.79226068499e-10,4.06541169171e-10,2.11033624078e-10,7.96796311436e-10,-4.86911030498e-15,3.1881140044e-16,1.84866634804e-16
0.293,1.56641508685e-10,3.43972135565e-10,1.82019306269e-10,6.82628430098e-10,-4.97481138853e-15,4.54399916484e-16,1.55454262744e-16
0.2935,1.35573023426e-10,2.83847690666e-10,1.55156668532e-10,5.7457327245e-10,-4.76334110439e-15,6.53173332752e-16,1.23543990522e-16
0.294,1.18955484025e-10,2.33065341202e-10,1.34313414653e-10,4.86331190274e-10,-3.99289045253e-15,9.43287859057e-16,8.93628229683e-17
0.2945,1.11585223344e-10,2.0302308193e-10,1.25793534548e-10,4.40400904033e-10,-2.30033059198e-15,1.36454271823e-15,5.47073169643e-17
0.295,1.21013669302e-10,2.11754755701e-10,1.3949199561e-10,4.72263241738e-10,8.49496124815e-16,1.97163065073e-15,3.4204884476e-17
0.2955,1.5878211359e-10,2.86790123487e-10,1.90466587919e-10,6.3604788315e-10,6.2218052705e-15,2.83635153866e-15,6.42694719059e-17
0.296,2.42007349419e-10,4.68660802532e-10,3.00908226595e-10,1.01159528785e-09,1.48637358795e-14,4.04558923647e-15,2.50135605588e-16
0.2965,3.95179809137e-10,8.14468854591e-10,5.02262730918e-10,1.71194519094e-09,2.81079846718e-14,5.68840677271e-15,9.66378195457e-16
0.297,6.51697069588e-10,1.39980722598e-09,8.36754662321e-10,2.88831421662e-09,4.74390604267e-14,7.82015409995e-15,4.64497621681e-15
0.2975,1.05387866236e-09,2.31528603639e-09,1.35650296223e-09,4.7257521027e-09,7.40571328408e-14,1.03868019973e-14,1.85572653706e-14
0.298,1.64860826038e-09,3.65102797166e-09,2.1165871908e-09,7.41634442062e-09,1.07906765241e-13,1.3099939394e-14,6.1200979858e-14
0.2985,2.47353811045e-09,5.46024440697e-09,3.15632834583e-09,1.10902721332e-08,1.45991089181e-13,1.52929766851e-14,5.38546664946e-14
0.299,3.5275488147e-09,7.69652481238e-09,4.4630085231e-09,1.5687278309e-08,1.80261955073e-13,1.58968839502e-14,6.77626357803e-21
0.2995,4.72461355053e-09,1.01377032176e-08,5.92044651576e-09,2.07829736584e-08,1.96560921287e-13,1.38135391714e-14,6.77626357803e-21
0.3,5.85221651143e-09,1.23454660557e-08,7.26921923795e-09,2.54670882266e-08,1.77530081329e-13,8.89141543035e-15,6.77626357803e-21
0.3005,6.59027439762e-09,1.37386969225e-08,8.13767161406e-09,2.84667577435e-08,1.11779169453e-13,3.03601246881e-15,3.27019295432e-14
0.301,6.64307306996e-09,1.38181304759e-08,8.19162410635e-09,2.86528336631e-08,6.00111769111e-15,9.77264077865e-18,6.64073830647e-19
0.3015,5.93136929795e-09,1.24446770982e-08,7.34127457646e-09,2.57172130826e-08,-1.10818435333e-13,2.93355717455e-15,3.35293113261e-14
0.302,4.67094117488e-09,9.96152702521e-09,5.82690468258e-09,2.04591841813e-08,-1.99989061546e-13,1.12876643168e-14,6.77626357803e-21
0.3025,3.24198731183e-09,7.03597373535e-09,4.08426649723e-09,1.43620128512e-08,-2.35545977623e-13,2.08692124772e-14,6.04986845126e-14
0.303,1.97703784281e-09,4.33624416119e-09,2.51327159592e-09,8.82636326793e-09,-2.17424238845e-13,2.70946861051e-14,1.40254561437e-14
0.3035,1.04630728246e-09,2.2811292687e-09,1.33674914179e-09,4.66404813942e-09,-1.65632744196e-13,2.80794898383e-14,2.42981904128e-15
0.304,4.70954092128e-10,9.86109412768e-10,5.98067803283e-10,2.05505162556e-09,-1.04523388684e-13,2.48436296052e-14,8.08685529565e-14
0.3045,1.89252856989e-10,3.54304326563e-10,2.30360514704e-10,7.73886128855e-10,-5.11684027529e-14,1.95992194195e-14,9.99839554411e-15
0.305,1.14258749653e-10,2.00662034093e-10,1.27340277198e-10,4.42262610263e-10,-1.26721964562e-14,1.42215320906e-14,8.20311598867e-16
0.3055,1.66153449783e-10,3.40713866596e-10,1.87699587478e-10,6.9458762429e-10,1.09993331433e-14,9.7211357842e-15,1.05480504702e-15
0.306,2.84513425966e-10,6.316106654e-10,3.33788068186e-10,1.24994172978e-09,2.3183078341e-14,6.38723793473e-15,1.19135861658e-15
0.3065,4.2963148982e-10,9.79859351212e-10,5.14491511931e-10,1.9240143069e-09,2.78419300003e-14,4.11216574495e-15,1.71949382359e-15
0.307,5.78930230367e-10,1.33335469605e-09,7.00830762666e-10,2.61314663981e-09,2.8301900805e-14,2.64908144984e-15,2.2580746409e-15
0.3075,7.22115945853e-10,1.66923774204e-09,8.79633450935e-10,3.27101580345e-09,2.6914850108e-14,1.75014617407e-15,2.68904500446e-15
0.308,8.56820102253e-10,1.98304918397e-09,1.04784051914e-09,3.88773618623e-09,2.51613854083e-14,1.2200072124e-15,3.00625206695e-15
0.3085,9.85358980682e-10,2.28087137226e-09,1.20831438377e-09,4.4745695504e-09,2.38905137028e-14,9.23906315715e-16,3.24219140034e-15
0.309,1.11264397692e-09,2.57438953026e-09,1.36716025947e-09,5.05421809762e-09,2.35541469183e-14,7.77785269571e-16,4.22296068557e-15
0.3095,1.24502116139e-09,2.87821037188e-09,1.53224930797e-09,5.65550596301e-09,2.43884988107e-14,7.3454156582e-16,5.74609871945e-15
0.31,1.38978051067e-09,3.20872422857e-09,1.71258996934e-09,6.31112201725e-09,2.65381934894e-14,7.72166196658e-16,7.80510706522e-15
0.3105,1.55511052217e-09,3.5839386007e-09,1.91825151877e-09,7.05733165898e-09,3.01344165253e-14,8.85237794505e-16,1.07289563789e-14
0.311,1.75033208724e-09,4.02387045108e-09,2.16062387045e-09,7.93486282476e-09,3.53399364421e-14,1.07935365265e-15,1.50751197007e-14
0.3115,1.98629212145e-09,4.55119294946e-09,2.45285675851e-09,8.99038556159e-09,4.23696697101e-14,1.36739230055e-15,2.18074493739e-14
0.312,2.27581169193e-09,5.1918617123e-09,2.81033914759e-09,1.02780657996e-08,5.1489231514e-14,1.76624331211e-15,3.26344311817e-14
0.3125,2.63405058254e-09,5.97538069763e-09,3.25104130826e-09,1.18605378545e-08,6.2986159087e-14,2.29243324699e-15,5.0655531473e-14
0.313,3.07855734978e-09,6.93419285696e-09,3.79543423239e-09,1.3808264472e-08,7.70997737918e-14,2.95480310488e-15,8.15937080271e-14
0.3135,3.62859147892e-09,8.10139683822e-09,4.46550266996e-09,1.61955886132e-08,9.38868779002e-14,3.74231896384e-15,2.18409681617e-14
0.314,4.30302522161e-09,9.50564972399e-09,5.28208276501e-09,1.90908753056e-08,1.12995602645e-13,4.60597359003e-15,4.14868877099e-14
0.3145,5.11580797596e-09,1.11619070149e-08,6.2594606381e-09,2.25373143835e-08,1.33330497655e-13,5.4370560406e-15,7.2883322641e-14
0.315,6.0678273431e-09,1.30570291071e-08,7.39612126035e-09,2.65211364008e-08,1.52638512656e-13,6.0517585119e-15,6.77626357803e-21
0.3155,7.13462865093e-09,1.5130994308e-08,8.66134607368e-09,3.0927142389e-08,1.67152317681e-13,6.20405031819e-15,1.35525271561e-20
0.316,8.25184195692e-09,1.72582358824e-08,9.97993128544e-09,3.54901863757e-08,1.71593437641e-13,5.65752515719e-15,1.35525271561e-20
0.3165,9.30498230253e-09,1.92390670897e-08,1.12221253489e-08,3.9766339047e-08,1.5997364272e-13,4.33217032615e-15,1.35525271561e-20
0.317,1.01356889656e-08,2.08150567729e-08,1.22110064388e-08,4.31618821612e-08,1.27514823204e-13,2.48032608009e-15,4.30935940144e-14
0.3175,1.05757614336e-08,2.17183114023e-08,1.27585316784e-08,4.50526786549e-08,7.33879252282e-14,7.53815799527e-16,4.26863947835e-15
0.318,1.05055941091e-08,2.17482533225e-08,1.27269513918e-08,4.49808017894e-08,2.96397230823e-15,2.00793731032e-18,1.35525271561e-20
0.3185,9.90923418152e-09,2.08464437145e-08,1.20882230913e-08,4.28438294959e-08,-7.22983517657e-14,8.08166202813e-16,6.92720484924e-15
0.319,8.88856667837e-09,1.91290266694e-08,1.09432919303e-08,3.89607500626e-08,-1.38260180017e-13,3.0597332449e-15,8.30600982416e-14
0.3195,7.62356192639e-09,1.68539872275e-08,9.48529135777e-09,3.3962663044e-08,-1.83401674621e-13,5.93404231131e-15,6.77626357803e-21
0.32,6.30488249648e-09,1.43386322551e-08,7.9298385073e-09,2.8573158731e-08,-2.02887862902e-13,8.36001072011e-15,1.35525271561e-20
0.3205,5.07943462325e-09,1.18705500574e-08,6.45332605391e-09,2.34031211885e-08,-1.99110016242e-13,9.59071021248e-15,8.53677344743e-14
0.321,4.02985079317e-09,9.65083009843e-09,5.16420986458e-09,1.88447211517e-08,-1.79066641498e-13,9.47280839133e-15,4.41555971474e-14
0.3215,3.18237159052e-09,7.78121692693e-09,4.10583098881e-09,1.50692770318e-08,-1.50797463039e-13,8.32933358581e-15,4.34861971736e-14
0.322,2.52665522242e-09,6.28273766505e-09,3.2754864362e-09,1.20847651465e-08,-1.20832342638e-13,6.66572517771e-15,5.73845068956e-14
0.3225,2.03476038075e-09,5.12593497552e-09,2.64559481635e-09,9.8062018414e-09,-9.32527740964e-14,4.9271714626e-15,2.85737281275e-14
0.323,1.67417494622e-09,4.25825464102e-09,2.17977859929e-09,8.11214165319e-09,-6.99238248921e-14,3.39380100364e-15,2.14231810189e-14
0.3235,1.41484389561e-09,3.6227215992e-09,1.84245692447e-09,6.87997340125e-09,-5.12003396927e-14,2.18449068618e-15,1.58311372637e-14
0.324,1.23199277174e-09,3.16798772982e-09,1.60329594599e-09,6.00324112845e-09,-3.66253992728e-14,1.30784111196e-15,1.1687997575e-14
0.3245,1.10657942019e-09,2.85224350823e-09,1.43845753858e-09,5.39725575531e-09,-2.54267308577e-14,7.16198485971e-16,8.68055966192e-15
0.325,1.02466877782e-09,2.64364078774e-09,1.33022785719e-09,4.99852096753e-09,-1.67986646622e-14,3.44341529306e-16,6.50025619811e-15
0.3255,9.76481190376e-10,2.51915792829e-09,1.26603782302e-09,4.76166704402e-09,-1.00278982204e-14,1.30955831818e-16,4.90251827849e-15
0.326,9.55483043847e-10,2.46304472865e-09,1.237417625e-09,4.65594089722e-09,-4.52721792992e-15,2.75321879709e-17,3.70992977007e-15
0.3265,9.57662912427e-10,2.46540330496e-09,1.23912256757e-09,4.66218895516e-09,1.75649480756e-16,6.55152419607e-20,6.37640710632e-14
0.327,9.81025509435e-10,2.52111678879e-09,1.2685038045e-09,4.77065059613e-09,4.4662666307e-15,2.75518523353e-17,2.08341305904e-15
0.3275,1.02528965432e-09,2.62916931366e-09,1.32512334909e-09,4.97959109154e-09,8.67517949401e-15,9.96477223485e-17,1.50619059868e-15
0.328,1.09176588308e-09,2.79233592161e-09,1.41058987711e-09,5.294705004e-09,1.31078561978e-14,2.14642400886e-16,1.08470700412e-15
0.3285,1.1833945793e-09,3.01720758927e-09,1.52859248081e-09,5.72921309908e-09,1.80717898908e-14,3.78156986987e-16,8.68374789393e-16
0.329,1.30493542437e-09,3.31452037012e-09,1.68511826752e-09,6.30459856551e-09,2.39010900067e-14,6.02583215256e-16,6.43528199479e-16
0.3295,1.46330626608e-09,3.69975734476e-09,1.88884537254e-09,7.05194086887e-09,3.09785893964e-14,9.07034085953e-16,4.49655910379e-16
0.33,1.66806797086e-09,4.19396825764e-09,2.15169691967e-09,8.01377421891e-09,3.97535086949e-14,1.31734327169e-15,7.70190118279e-16
0.3305,1.93203357255e-09,4.82467879629e-09,2.48951205384e-09,9.24627703658e-09,5.07488754182e-14,1.86526359525e-15,1.95564660928e-15
0.331,2.27192176588e-09,5.62660337231e-09,2.92271227638e-09,1.08213045451e-08,6.45460163505e-14,2.58536044912e-15,4.88371753519e-15
0.3315,2.70884650559e-09,6.64157631172e-09,3.4766797255e-09,1.28271877692e-08,8.17219401837e-14,3.50710564772e-15,1.19687313988e-14
0.332,3.26817867182e-09,7.91661772576e-09,4.18126347032e-09,1.53661671983e-08,1.02699641859e-13,4.63856646061e-15,2.84979085143e-14
0.3325,3.97785644722e-09,9.49834451605e-09,5.06833176985e-09,1.85446661035e-08,1.27454192219e-13,5.93795082063e-15,6.4718297724e-14
0.333,4.86354353327e-09,1.14212075804e-08,6.16561431991e-09,2.2450527685e-08,1.55015567735e-13,7.27279242405e-15,8.57391618098e-14
0.3335,5.93833447783e-09,1.36869525404e-08,7.48451002124e-09,2.71099881786e-08,1.8276044194e-13,8.37875830296e-15,1.35525271561e-20
0.334,7.18487815459e-09,1.62347101538e-08,9.00002806525e-09,3.2419830881e-08,2.05652347257e-13,8.85503392117e-15,1.35525271561e-20
0.3345,8.53089153255e-09,1.89072151318e-08,1.06245539021e-08,3.80628847465e-08,2.15917695992e-13,8.26230062882e-15,1.35525271561e-20
0.335,9.8275604296e-09,2.14293761925e-08,1.21858157288e-08,4.34429627527e-08,2.04021093835e-13,6.38071901236e-15,6.77626357803e-21
0.3355,1.08526172633e-08,2.34255656725e-08,1.34313161042e-08,4.77096643804e-08,1.61770928252e-13,3.5694331944e-15,1.35525271561e-20
0.336,1.13625163799e-08,2.44980044533e-08,1.40837775454e-08,4.99443865924e-08,8.72679310606e-14,9.47922974346e-16,1.06641312534e-14
0.3365,1.11905990155e-08,2.43574705576e-08,1.39453747436e-08,4.94934335456e-08,-1.07935343474e-14,2.24241959647e-17,1.25631926737e-17
0.337,1.03371793455e-08,2.29494124664e-08,1.29977117302e-08,4.6284191867e-08,-1.13416669475e-13,1.74832540678e-15,4.36283902885e-14
0.3375,8.98016861248e-09,2.04965802746e-08,1.1423076904e-08,4.08996334354e-08,-1.98066741691e-13,5.71109574525e-15,6.77626357803e-21
0.338,7.39265832125e-09,1.74215811726e-08,9.5251980795e-09,3.4339199352e-08,-2.48481946933e-13,1.02605477654e-14,1.35525271561e-20
0.3385,5.83033609303e-09,1.4194006733e-08,7.6073549038e-09,2.76314504485e-08,-2.60838610281e-13,1.35693913346e-14,4.38248748272e-14
0.339,4.46057832868e-09,1.11912145964e-08,5.88492556605e-09,2.15364905213e-08,-2.42627989239e-13,1.46689818139e-14,7.19790641478e-14
0.3395,3.3530160429e-09,8.63323396033e-09,4.46248943963e-09,1.64485465073e-08,-2.06614991444e-13,1.3691218202e-14,7.21846966424e-14
0.34,2.50703766545e-09,6.59199652836e-09,3.35672496529e-09,1.24556057685e-08,-1.64801721495e-13,1.14210511772e-14,5.84087357473e-14
0.3405,1.88589179753e-09,5.03908435638e-09,2.53341215824e-09,9.45827171035e-09,-1.25310487156e-13,8.72173885453e-15,7.93523097708e-14
0.341,1.44178528685e-09,3.89691718891e-09,1.93842869151e-09,7.27704525087e-09,-9.21130391551e-14,6.20308809001e-15,2.95465048099e-14
0.3415,1.12959528127e-09,3.07571714344e-09,1.51680125162e-09,5.72205164474e-09,-6.61881452765e-14,4.1601092243e-15,2.01845477994e-14
0.342,9.12316967069e-10,2.49365949829e-09,1.22156133756e-09,4.62749356922e-09,-4.68854181881e-14,2.65387910256e-15,1.38267659312e-14
0.3425,7.61913781013e-10,2.08456637817e-09,1.0161939766e-09,3.86264281967e-09,-3.293429979e-14,1.61959618834e-15,9.59720177678e-15
0.343,6.58153062569e-10,1.79853689244e-09,8.73898386757e-10,3.33056627356e-09,-2.30154479863e-14,9.48230078541e-16,6.78156600428e-15
0.3435,5.86866586239e-10,1.59951788577e-09,7.75693650954e-10,2.96206264703e-09,-1.60076033551e-14,5.32389816007e-16,4.88397164508e-15
0.344,5.38304294367e-10,1.46211333571e-09,7.08418036551e-10,2.70882490264e-09,-1.1048675585e-14,2.85238951631e-16,3.58126546539e-15
0.3445,5.0581601651e-10,1.36868299256e-09,6.6304771931e-10,2.53753936015e-09,-7.51179257804e-15,1.44003115602e-16,2.66711362739e-15
0.345,4.84883881526e-10,1.30706700676e-09,6.33430592926e-10,2.42537659307e-09,-4.95439738772e-15,6.66240125391e-17,2.01131022644e-15
0.3455,4.72450239453e-10,1.26893605184e-09,6.15392273161e-10,2.35677552319e-09,-3.06745549279e-15,2.64986334466e-17,1.6183275965e-15
0.346,4.66466074925e-10,1.24864872924e-09,6.06128906999e-10,2.32124208416e-09,-1.63432484011e-15,7.58851888045e-18,1.52278228005e-15
0.3465,4.65594148053e-10,1.24248216044e-09,6.03804853203e-10,2.31188066159e-09,-5.00525000827e-16,6.60692560841e-19,1.45020172086e-15
0.347,4.69017378494e-10,1.24812469577e-09,6.07291324409e-10,2.32443384663e-09,4.47477183149e-16,6.9761169707e-19,1.39434836832e-15
0.3475,4.76318724294e-10,1.26435080075e-09,6.16001411964e-10,2.35667223906e-09,1.29699641292e-15,5.25084990158e-18,1.35096334076e-15
0.348,4.87411141142e-10,1.29082559323e-09,6.29792802896e-10,2.40803167016e-09,2.11959881439e-15,1.34743168335e-17,1.32466466182e-15
0.3485,5.02505192048e-10,1.32800750617e-09,6.48921288837e-10,2.47943699152e-09,2.97901678365e-15,2.56214708457e-17,1.30553526973e-15
0.349,5.2210835544e-10,1.37713307495e-09,6.74036731403e-10,2.57328214225e-09,3.93776683443e-15,4.28605943697e-17,1.29232155576e-15
0.3495,5.47055071026e-10,1.44027986438e-09,7.06219731385e-10,2.69355979739e-09,5.06344314051e-15,6.73268181322e-17,1.28379701618e-15
0.35,5.78571008649e-10,1.52051406307e-09,7.47063036811e-10,2.84615464629e-09,6.43553666445e-15,1.02383295446e-16,1.27842343916e-15
0.3505,6.18379684433e-10,1.62214004151e-09,7.98807751281e-10,3.03933578383e-09,8.15365990429e-15,1.53109168476e-16,1.27354791751e-15
0.351,6.68865595326e-10,1.75108177501e-09,8.64551702809e-10,3.28450964821e-09,1.03481597834e-14,2.27073815634e-16,1.26525715903e-15
0.3515,7.33315686072e-10,1.91544185934e-09,9.48556654902e-10,3.5973277301e-09,1.3194454981e-14,3.35496018693e-16,1.2465275665e-15
0.352,8.16271660516e-10,2.12630303992e-09,1.05669399363e-09,3.99928612142e-09,1.69325889027e-14,4.94929124878e-16,1.20614781184e-15
0.3525,9.24041000676e-10,2.3988605896e-09,1.19708460816e-09,4.52000882188e-09,2.18939728651e-14,7.29630643206e-16,1.12647928095e-15
0.353,1.06543069449e-09,2.75399719606e-09,1.38100644768e-09,5.2004639499e-09,2.8537082752e-14,1.07475276127e-15,9.81084381487e-16
0.3535,1.25279187573e-09,3.22041821229e-09,1.62416407535e-09,6.09741323629e-09,3.74928153892e-14,1.58029501169e-15,7.3816549661e-16
0.354,1.50347766046e-09,3.83742890858e-09,1.9484163108e-09,7.28937481122e-09,4.96164860613e-14,2.31522112015e-15,1.89048267058e-15
0.3545,1.8418024834e-09,4.65827660975e-09,2.3840142283e-09,8.8841627243e-09,6.60338992819e-14,3.36980540972e-15,5.57901977654e-15
0.355,2.30148618674e-09,5.75355286945e-09,2.97223063836e-09,1.10273626902e-08,8.81469989729e-14,4.85146474434e-15,1.66338669997e-14
0.3555,2.92823264754e-09,7.21317952598e-09,3.76780381653e-09,1.39093403658e-08,1.17521190691e-13,6.86412811782e-15,4.93840198227e-14
0.356,3.78120991812e-09,9.14360159413e-09,4.83955191367e-09,1.77645283677e-08,1.55501492901e-13,9.45382186759e-15,4.12361456288e-14
0.3565,4.93023333277e-09,1.16536833389e-08,6.26538060586e-09,2.28495120502e-08,2.0230563105e-13,1.24985068444e-14,9.11729391528e-14
0.357,6.44182174082e-09,1.48191507459e-08,8.11439100863e-09,2.93756343309e-08,2.55298927385e-13,1.55365991802e-14,1.35525271561e-20
0.3575,8.34275694815e-09,1.86150295697e-08,1.04051393145e-08,3.73632498507e-08,3.06412958834e-13,1.76054307006e-14,2.03287907341e-20
0.358,1.05507706427e-08,2.28176474277e-08,1.30317968582e-08,4.64005719232e-08,3.39666104596e-13,1.73284562552e-14,1.35525271561e-20
0.3585,1.27858554758e-08,2.69136664837e-08,1.56744827815e-08,5.53743500215e-08,3.31648351914e-13,1.36322041922e-14,2.71050543121e-20
0.359,1.45372166867e-08,3.01055009757e-08,1.77682773965e-08,6.24112613853e-08,2.59172742919e-13,7.15371226718e-15,5.42101086243e-20
0.3595,1.52089112678e-08,3.15128899078e-08,1.86508603925e-08,6.53727779518e-08,1.15138365505e-13,1.2515088825e-15,2.85365806506e-14
0.36,1.44553020163e-08,3.05577984293e-08,1.79070895778e-08,6.2920114412e-08,-7.62534196233e-14,6.43928242876e-16,1.16826849843e-14
0.3605,1.24488892798e-08,2.73134628503e-08,1.5668400766e-08,5.54304984004e-08,-2.62028051786e-13,7.53235970154e-15,2.71050543121e-20
0.361,9.78726365219e-09,2.25244732874e-08,1.25584077384e-08,4.48697762311e-08,-3.87383062912e-13,1.89362078307e-14,3.38813178902e-20
0.3615,7.12515122576e-09,1.724588121e-08,9.32518199871e-09,3.36958162242e-08,-4.27041534582e-13,2.88506335565e-14,8.08128452936e-14
0.362,4.88281577444e-09,1.2382088339e-08,6.50357096394e-09,2.37681147622e-08,-3.93336271272e-13,3.30210632038e-14,4.06575814682e-20
0.3625,3.19856218634e-09,8.43452878604e-09,4.31769145928e-09,1.59504945774e-08,-3.19043654333e-13,3.11893475413e-14,1.35525271561e-20
0.363,2.0293932557e-09,5.51720840236e-09,2.76209067943e-09,1.03084824388e-08,-2.35592753297e-13,2.57086097283e-14,9.22298600881e-14
0.3635,1.2619716338e-09,3.50689941277e-09,1.7219958483e-09,6.49072391749e-09,-1.62186423381e-13,1.92161026959e-14,5.22022271872e-14
0.364,7.78779222778e-10,2.19203850882e-09,1.05867227447e-09,4.02939745232e-09,-1.05949290309e-13,1.34012788615e-14,5.13043824275e-14
0.3645,4.84306736665e-10,1.36465710292e-09,6.50957190487e-10,2.49986338753e-09,-6.65643086533e-14,8.92348278129e-15,1.46437834189e-14
0.365,3.09677167591e-10,8.58595960481e-10,4.07785653632e-10,1.5760239452e-09,-4.06296585063e-14,5.79375929735e-15,7.67832317367e-15
0.3655,2.0877015627e-10,5.55591905754e-10,2.66676065265e-10,1.03101761756e-09,-2.42587381033e-14,3.74924599832e-15,4.06955285442e-15
0.366,1.52339619079e-10,3.77656036122e-10,1.87443646324e-10,7.17427593015e-10,-1.41876713525e-14,2.4792613111e-15,2.18641057136e-15
0.3665,1.22714017282e-10,2.76275959225e-10,1.45604021574e-10,5.44587691421e-10,-8.03012841868e-15,1.72351254042e-15,1.18619510373e-15
0.367,1.09799448577e-10,2.22965498005e-10,1.27094563493e-10,4.59856640251e-10,-4.16629615076e-15,1.29649157159e-15,6.42847184989e-16
0.3675,1.08374545925e-10,2.02397527866e-10,1.24595726507e-10,4.35367346896e-10,-1.53308875164e-15,1.07969584177e-15,3.42113219264e-16
0.368,1.16409910989e-10,2.07958887262e-10,1.35206413821e-10,4.59576789366e-10,5.726458575e-16,1.0046537909e-15,1.73830642534e-16
0.3685,1.3411628247e-10,2.39146931219e-10,1.59110357012e-10,5.32377250807e-10,2.64340127963e-15,1.03671089391e-15,8.05316574602e-17
0.369,1.63477104632e-10,3.00224545309e-10,1.98905203796e-10,6.62613079201e-10,5.06289963439e-15,1.16257451703e-15,1.7484962317e-16
0.3695,2.08079241217e-10,3.99658095126e-10,2.59338629341e-10,8.67085516362e-10,8.16930971388e-15,1.38139327476e-15,3.85460977373e-16
0.37,2.73104131832e-10,5.49948988948e-10,3.4725670988e-10,1.17032381554e-09,1.22869145018e-14,1.69802611763e-15,7.81794469657e-16
0.3705,3.65349270439e-10,7.67496481274e-10,4.71579001548e-10,1.60444459846e-09,1.77286386309e-14,2.11669575229e-15,1.50798630852e-15
0.371,4.93124873018e-10,1.07206313999e-09,6.43082056427e-10,2.20829746618e-09,2.47636848727e-14,2.63336522232e-15,2.8171502674e-15
0.3715,6.65808887674e-10,1.48527043376e-09,8.73699901368e-10,3.02481598707e-09,3.35392526196e-14,3.22569358167e-15,5.14090723117e-15
0.372,8.92746240418e-10,2.02740012632e-09,1.17493544682e-09,4.09512959625e-09,4.39435996189e-14,3.84058473286e-15,9.19226242975e-15
0.3725,1.18108902381e-09,2.71173397507e-09,1.55491481492e-09,5.44779760072e-09,5.54075190164e-14,4.3825245066e-15,1.60812220474e-14
0.373,1.53222376854e-09,3.53602391327e-09,2.01374219049e-09,7.08206125046e-09,6.66734968777e-14,4.71090403107e-15,2.73337870892e-14
0.3735,1.9368025847e-09,4.47184394144e-09,2.53736014412e-09,8.94608694556e-09,7.56263037684e-14,4.66056185412e-15,4.46085463219e-14
0.374,2.3693604611e-09,5.45477221049e-09,3.0913516578e-09,1.0915567773e-08,7.93625799609e-14,4.10054475528e-15,6.86450882573e-14
0.3745,2.78511447925e-09,6.38109616931e-09,3.61793002486e-09,1.27842183939e-08,7.47197615388e-14,3.0302444478e-15,9.72081640985e-14
0.375,3.12299556964e-09,7.11806933348e-09,4.04071332236e-09,1.4281839268e-08,5.93698198189e-14,1.6730348671e-15,4.01509880031e-15
0.3755,3.3182535182e-09,7.53162231396e-09,4.28059643484e-09,1.51305059747e-08,3.32234279387e-14,4.8434448464e-16,3.82086398111e-16
0.376,3.32314154171e-09,7.52640528e-09,4.280356665e-09,1.51299029032e-08,-5.83697744908e-16,2.38987565742e-19,6.77626357803e-21
0.3765,3.1268292785e-09,7.08212983173e-09,4.02770027434e-09,1.4236623946e-08,-3.59971733371e-14,5.58669021167e-16,4.15276537116e-16
0.377,2.7624659407e-09,6.26663508976e-09,3.56333632452e-09,1.25923734804e-08,-6.59216956983e-14,2.06770878108e-15,7.49591564492e-14
0.3775,2.29582905908e-09,5.21629068432e-09,2.96790942441e-09,1.04799483224e-08,-8.48469844978e-14,4.01318224376e-15,4.48817889863e-14
0.378,1.80208845004e-09,4.09279719626e-09,2.33479962485e-09,8.22960024666e-09,-9.07410363236e-14,5.72262916764e-15,2.351168644e-14
0.3785,1.34379234764e-09,3.03786332093e-09,1.74341217709e-09,6.12498931973e-09,-8.5217179101e-14,6.69415233284e-15,1.71038245958e-14
0.379,9.59339780502e-10,2.14466986321e-09,1.24408304851e-09,4.34802728042e-09,-7.2183241137e-14,6.77261836003e-15,1.03364345349e-14
0.3795,6.62754236927e-10,1.45210268149e-09,8.56548876618e-10,2.97135589578e-09,-5.60108173667e-14,6.111963257e-15,4.72111600844e-15
0.38,4.50146014963e-10,9.55786554296e-10,5.77224414916e-10,1.98312181727e-09,-4.01841513309e-14,5.01735842995e-15,1.70812155924e-15
0.3805,3.07763343159e-10,6.25634665411e-10,3.89182116391e-10,1.32255714133e-09,-2.67755367551e-14,3.79193180169e-15,4.92747864538e-16
0.381,2.18587901553e-10,4.21864644527e-10,2.7073332988e-10,9.11171960329e-10,-1.65681400133e-14,2.65251680366e-15,1.15497177523e-16
0.3815,1.66516641267e-10,3.05863256859e-10,2.01055973048e-10,6.73428114666e-10,-9.46982765446e-15,1.71332074094e-15,2.98926397416e-17
0.382,1.38381027254e-10,2.45734694097e-10,1.6299938739e-10,5.47111175535e-10,-4.94097201291e-15,1.00776607388e-15,1.5994523143e-17
0.3825,1.24486324794e-10,2.17973265688e-10,1.43893108717e-10,4.86350913099e-10,-2.30682690339e-15,5.20727781614e-16,1.00508929521e-17
0.383,1.18351169996e-10,2.06937380059e-10,1.35249841399e-10,4.60537672843e-10,-9.34492135657e-16,2.15881249542e-16,8.33226310214e-18
0.3835,1.16126992491e-10,2.03431480157e-10,1.32021388805e-10,4.51579610158e-10,-3.04903082451e-16,5.36081530419e-17,7.63261388771e-18
0.384,1.15993617955e-10,2.03194565535e-10,1.3181052673e-10,4.50998688504e-10,-2.04383165703e-17,3.43859798885e-19,5.89396246585e-14
0.3845,1.17676186833e-10,2.05688140226e-10,1.34238610483e-10,4.57603188844e-10,2.19103380994e-16,3.21996006002e-17,7.27813059928e-18
0.385,1.22137211786e-10,2.13321880322e-10,1.40541028993e-10,4.76000908206e-10,6.51646579302e-16,1.35459353622e-16,5.90847832357e-18
0.3855,1.31447974851e-10,2.31122038432e-10,1.53395559946e-10,5.1596736735e-10,1.48841198663e-15,3.05709692186e-16,5.08389174942e-18
0.386,1.48821187364e-10,2.66790113463e-10,1.76958355177e-10,5.92573147798e-10,2.9452758672e-15,5.4651804424e-16,4.91363812702e-18
0.3865,1.7877739107e-10,3.3107264764e-10,2.1706879718e-10,7.26924971485e-10,5.26769641708e-15,8.67899827658e-16,1.15391298404e-17
0.387,2.27408561423e-10,4.38331108106e-10,2.81570196787e-10,9.47319897369e-10,8.74679472247e-15,1.28425991114e-15,3.23397179262e-17
0.3875,3.02673681837e-10,6.07136950473e-10,3.80656966971e-10,1.29048313149e-09,1.3721164995e-14,1.81105065946e-15,8.89232128687e-17
0.388,4.14617666003e-10,8.60581981335e-10,5.27095078254e-10,1.80231773812e-09,2.05537245238e-14,2.45882425853e-15,2.35380291647e-16
0.3885,5.75316981598e-10,1.22576962079e-09,7.36045795766e-10,2.53716518673e-09,2.95655747884e-14,3.22309624512e-15,6.72864338574e-16
0.389,7.98202494783e-10,1.73164553996e-09,1.02404290563e-09,3.55393591131e-09,4.09022537325e-14,4.06896118968e-15,1.88037587345e-15
0.3895,1.09621896543e-09,2.40403326767e-09,1.40645625972e-09,4.90676771176e-09,5.43083664119e-14,4.91142324256e-15,4.65205741225e-15
0.39,1.47812235643e-09,3.25670369774e-09,1.89267052228e-09,6.62757098107e-09,6.88084687468e-14,5.59840359969e-15,9.90760885876e-15
0.3905,1.94236682986e-09,4.27810095279e-09,2.47849776854e-09,8.69905381748e-09,8.23587110066e-14,5.91286963768e-15,1.73949803129e-14
0.391,2.46888114712e-09,5.41568415345e-09,3.13651536508e-09,1.10211779336e-08,9.16575993185e-14,5.6211384763e-15,2.97039783991e-14
0.3915,3.01118176711e-09,6.56393945436e-09,3.80753589093e-09,1.33827541281e-08,9.24455391014e-14,4.58902753064e-15,5.09934027513e-14
0.392,3.49440042106e-09,7.56636779156e-09,4.3996830324e-09,1.54605347945e-08,8.06324097461e-14,2.94521901469e-15,7.61616925126e-14
0.3925,3.82649948007e-09,8.24164891404e-09,4.80277601181e-09,1.68709798011e-08,5.42411465985e-14,1.18960199801e-15,9.56468723125e-14
0.393,3.92555849848e-09,8.43461662746e-09,4.9202988882e-09,1.72804894644e-08,1.5394639267e-14,9.19820631425e-17,9.85531846561e-14
0.3935,3.7539224125e-09,8.07478836517e-09,4.70817077588e-09,1.65368527589e-08,-2.90890187836e-14,3.22908159632e-16,8.44911163603e-14
0.394,3.33891063129e-09,7.21169740004e-09,4.19818420083e-09,1.47487246583e-08,-6.95671846065e-14,2.01084009909e-15,5.75117617375e-14
0.3945,2.76420799761e-09,6.00326306176e-09,3.48888547164e-09,1.22562637653e-08,-9.73408366964e-14,4.58517742256e-15,3.12854871675e-14
0.395,2.1365344495e-09,4.66095634111e-09,2.70824410864e-09,9.50563385625e-09,-1.08114899498e-13,7.07829803366e-15,4.8564278277e-14
0.3955,1.54899454535e-09,3.38179247843e-09,1.9709038253e-09,6.90159645186e-09,-1.03051367138e-13,8.65792187309e-15,4.68550775978e-14
0.396,1.05985636861e-09,2.30030746192e-09,1.35144166282e-09,4.7115273126e-09,-8.7166991203e-14,8.98796825822e-15,2.95108616634e-14
0.3965,6.9051747989e-10,1.47493873665e-09,8.79667331947e-10,3.0450652053e-09,-6.65743703455e-14,8.23177063517e-15,1.31309571642e-14
0.397,4.35256284087e-10,9.0191554069e-10,5.50935413545e-10,1.88806778289e-09,-4.62736866093e-14,6.81840855329e-15,4.32687976973e-15
0.3975,2.73814462881e-10,5.40555022176e-10,3.41209016837e-10,1.15555445906e-09,-2.92350604328e-14,5.19226070826e-15,1.08177965826e-15
0.398,1.81538376095e-10,3.36713392473e-10,2.19950420492e-10,7.38189315908e-10,-1.65446360053e-14,3.67149211106e-15,2.05616400913e-16
0.3985,1.3557198512e-10,2.38424856418e-10,1.58334346723e-10,5.32325577501e-10,-8.03056097234e-15,2.41980341383e-15,3.79267472463e-17
0.399,1.17630165682e-10,2.03510024688e-10,1.33092480938e-10,4.54231244055e-10,-2.90815744055e-15,1.48090585085e-15,3.12173992711e-17
0.3995,1.14543406237e-10,2.01481050584e-10,1.27386855192e-10,4.43411901775e-10,-2.38765598143e-16,8.28528725075e-16,3.87314285462e-17
0.4,1.17654866094e-10,2.12357331549e-10,1.30116368316e-10,4.60129795239e-10,8.21685217608e-16,4.07597351307e-16,4.05135858672e-17
0.4005,1.21811088944e-10,2.2433108458e-10,1.34650138419e-10,4.80793401748e-10,9.30018493049e-16,1.59787151822e-16,3.64274989296e-17
0.401,1.24362469393e-10,2.31399755707e-10,1.3755633887e-10,4.93319153197e-10,5.53308730013e-16,3.5919843582e-17,2.82536309886e-17
0.4015,1.24357607103e-10,2.31471417527e-10,1.37576680859e-10,4.93405711948e-10,6.47775095884e-18,3.04374505473e-21,9.42280108107e-16
0.402,1.21992295734e-10,2.25073937816e-10,1.34925003121e-10,4.81990766462e-10,-4.99222765429e-16,2.90157045142e-17,1.11435654541e-17
0.4025,1.18299437175e-10,2.14634655174e-10,1.30893004916e-10,4.63826397997e-10,-8.10425361855e-16,1.11157278327e-16,8.12219893122e-18
0.403,1.15045654038e-10,2.04243658581e-10,1.27718871138e-10,4.47007634951e-10,-7.92799549825e-16,2.43993809288e-16,1.03727654721e-17
0.4035,1.14801235361e-10,1.998195532e-10,1.28675780539e-10,4.43296703492e-10,-2.98700238836e-16,4.33092321342e-16,1.31400221108e-17
0.404,1.21162293073e-10,2.09619177154e-10,1.38351878736e-10,4.6913490063e-10,8.60440584387e-16,6.91226134008e-16,1.62875965428e-17
0.4045,1.39112950004e-10,2.45051159376e-10,1.63103092069e-10,5.47271177926e-10,2.93858917563e-15,1.03788823252e-15,1.93614791083e-17
0.405,1.75508503342e-10,3.21747697902e-10,2.11652197613e-10,7.08916173055e-10,6.27569047587e-15,1.49850772215e-15,2.08471748978e-17
0.4055,2.3964723079e-10,4.60780170766e-10,2.95783842885e-10,9.96224655802e-10,1.13091100216e-14,2.10225148073e-15,5.84842368761e-17
0.406,3.43840496068e-10,6.89748512746e-10,4.31005131452e-10,1.46461558011e-09,1.85631962366e-14,2.87665929374e-15,2.41050330196e-16
0.4065,5.03775977706e-10,1.04317218215e-09,6.3688713903e-10,2.18386772786e-09,2.85927293785e-14,3.83628467727e-15,8.79172765405e-16
0.407,7.38267363336e-10,1.56110996161e-09,9.36538654053e-10,3.23596278106e-09,4.18400849207e-14,4.96213803064e-15,2.84837698404e-15
0.4075,1.06762557732e-09,2.28429969739e-09,1.35425400021e-09,4.7062437999e-09,5.83551162996e-14,6.17050292693e-15,8.11296966023e-15
0.408,1.50946221334e-09,3.24360842402e-09,1.90994849278e-09,6.66310374141e-09,7.7336973399e-14,7.27642204009e-15,1.9815871627e-14
0.4085,2.07053969161e-09,4.44199272291e-09,2.60896405338e-09,9.1216009684e-09,9.65329124246e-14,7.97345475665e-15,3.97788220549e-14
0.409,2.73404570855e-09,5.82997940249e-09,3.42702918314e-09,1.19911738776e-08,1.11720750294e-13,7.87589560533e-15,6.13731172816e-14
0.4095,3.44474281028e-09,7.28217609758e-09,4.29390536609e-09,1.50209477282e-08,1.16798448794e-13,6.68031102762e-15,6.5349730293e-14
0.41,4.10052194633e-09,8.5911870493e-09,5.08575029098e-09,1.77775688886e-08,1.05189904266e-13,4.44965346516e-15,8.39009783415e-14
0.4105,4.56461815131e-09,9.49910436438e-09,5.64139109911e-09,1.9705188347e-08,7.28649602924e-14,1.86829727128e-15,8.61750991746e-15
0.411,4.70809379211e-09,9.77374999864e-09,5.81139435102e-09,2.02932602227e-08,2.19213770369e-14,1.59586242261e-16,6.61837663667e-17
0.4115,4.46946388398e-09,9.3045265535e-09,5.5245158677e-09,1.92984689052e-08,-3.78622631281e-14,4.74345366163e-16,9.90468828916e-14
0.412,3.8927262062e-09,8.16355928868e-09,4.83011225057e-09,1.68863089649e-08,-9.18245073634e-14,3.06507549255e-15,6.2481636076e-14
0.4125,3.11119246432e-09,6.58702675726e-09,3.88172988158e-09,1.3579829243e-08,-1.26815421079e-13,6.97019015627e-15,9.06703098019e-14
0.413,2.2872360522e-09,4.88331325222e-09,2.87110133575e-09,1.00415241724e-08,-1.37048966766e-13,1.0582585066e-14,9.51407396334e-15
0.4135,1.55143228246e-09,3.32398833679e-09,1.95794740828e-09,6.83325517534e-09,-1.25475292276e-13,1.26233427524e-14,2.40177547447e-15
0.414,9.74077546823e-10,2.07532764628e-09,1.2331894454e-09,4.28250681475e-09,-1.00537380487e-13,1.27165713381e-14,6.19256233206e-14
0.4145,5.69774606484e-10,1.18908439715e-09,7.20175484546e-10,2.47897434214e-09,-7.14255147526e-14,1.12802556981e-14,2.20363803566e-14
0.415,3.1764909086e-10,6.33671902098e-10,3.96699861376e-10,1.3479850773e-09,-4.48345350689e-14,9.05764711838e-15,5.43356558477e-15
0.4155,1.81751970353e-10,3.36255243511e-10,2.19711652285e-10,7.3770149369e-10,-2.40837374314e-14,6.71130205639e-15,9.02633036945e-16
0.416,1.2503234222e-10,2.16146818051e-10,1.43351608541e-10,4.84525608847e-10,-9.81008251559e-15,4.65012275602e-15,1.24618028299e-16
0.4165,1.16423953095e-10,2.03684481663e-10,1.28596680186e-10,4.48707021801e-10,-1.1318712657e-15,3.03873164295e-15,9.39562826412e-17
0.417,1.33033799633e-10,2.47048365772e-10,1.4649486417e-10,5.26582291528e-10,3.3816330279e-15,1.88032476987e-15,1.39386047734e-16
0.4175,1.59646194982e-10,3.11838324052e-10,1.77738247992e-10,6.49228995487e-10,5.12799053072e-15,1.10047734294e-15,1.73340210458e-16
0.418,1.87123024595e-10,3.77517535692e-10,2.10692438781e-10,7.75338823476e-10,5.22047338821e-15,6.03945153719e-16,1.88663036474e-16
0.4185,2.10599147214e-10,4.33265183852e-10,2.39125927166e-10,8.82995002104e-10,4.43976703304e-15,3.0411695991e-16,1.84726027335e-16
0.419,2.2793523942e-10,4.74412047028e-10,2.60256005639e-10,9.62606706311e-10,3.28063191072e-15,1.33605513336e-16,1.65766041844e-16
0.4195,2.38567750301e-10,4.99815592363e-10,2.73299023354e-10,1.01168443791e-09,2.02701029845e-15,4.4892363008e-17,1.60026546593e-16
0.42,2.42745331981e-10,5.10122728692e-10,2.78507329364e-10,1.03137622025e-09,8.23318261319e-16,6.90336717844e-18,1.52525222812e-16
0.4205,2.41067600625e-10,5.06730760613e-10,2.76588049497e-10,1.02438614196e-09,-2.69536243933e-16,7.77763524545e-19,1.36289295279e-16
0.421,2.34240156429e-10,4.91242239342e-10,2.68394562751e-10,9.9387574023e-10,-1.23451694172e-15,1.62335356064e-17,1.18169566471e-16
0.4215,2.22976707631e-10,4.65250365761e-10,2.54802766237e-10,9.43027816702e-10,-2.0718846471e-15,4.89641680756e-17,9.64059019247e-17
0.422,2.08000012059e-10,4.30346420338e-10,2.36711711135e-10,8.75055461242e-10,-2.78134195628e-15,9.90560701738e-17,7.31548475226e-17
0.4225,1.90115810794e-10,3.8828995588e-10,2.15136180087e-10,7.93538768081e-10,-3.34895197852e-15,1.70275029182e-16,5.08914335369e-17
0.423,1.70351822365e-10,3.41324489743e-10,1.91381626691e-10,7.03054473495e-10,-3.73537906505e-15,2.70077094418e-16,3.16561623377e-17
0.4235,1.50167013062e-10,2.92657997136e-10,1.67309385935e-10,6.10130943759e-10,-3.86262025201e-15,4.10247433549e-16,1.67272066424e-17
0.424,1.31752926624e-10,2.47156510506e-10,1.45719369421e-10,5.24625817799e-10,-3.59687209169e-15,6.08120349388e-16,6.82962665371e-18
0.4245,1.18463521497e-10,2.12325653057e-10,1.30894342118e-10,4.61681679598e-10,-2.72541832252e-15,8.88344764127e-16,8.46863540665e-18
0.425,1.15417279784e-10,1.99677130862e-10,1.29359239105e-10,4.44454009151e-10,-9.25626876682e-16,1.28502706799e-15,1.24361377316e-17
0.4255,1.30320605102e-10,2.26572653771e-10,1.50913977196e-10,5.07811353206e-10,2.27335557064e-15,1.8437823166e-15,1.64231218143e-17
0.426,1.74553949956e-10,3.18579881214e-10,2.09974799411e-10,7.0311878462e-10,7.53159221049e-15,2.6224476166e-15,3.91125933724e-17
0.4265,2.64483742601e-10,5.12195663772e-10,3.27159714929e-10,1.10385853658e-09,1.57275759754e-14,3.68770510116e-15,2.16272922422e-16
0.427,4.22831659635e-10,8.57330711523e-10,5.30851251777e-10,1.81104666326e-09,2.79381167031e-14,5.10225375596e-15,1.1004685932e-15
0.4275,6.79598829945e-10,1.41803567641e-09,8.58017485184e-10,2.95570418108e-09,4.52961586631e-14,6.8936018662e-15,4.70440574246e-15
0.428,1.07137527783e-09,2.26839907088e-09,1.35271756712e-09,4.6925695101e-09,6.86016129462e-14,8.99375132476e-15,1.71337485757e-14
0.4285,1.63662748024e-09,3.47857774771e-09,2.05935265625e-09,7.1746665531e-09,9.75264064857e-14,1.11470387071e-14,5.23748762188e-14
0.429,2.40310748434e-09,5.08478318526e-09,3.00642676267e-09,1.0494459568e-08,1.29324698821e-13,1.28152168208e-14,1.392535379e-14
0.4295,3.36326182876e-09,7.04050522659e-09,4.17716997681e-09,1.45811075313e-08,1.57330680269e-13,1.31833566646e-14,3.87815728966e-14
0.43,4.43860691049e-09,9.15999000031e-09,5.47020731307e-09,1.90689859858e-08,1.70351655296e-13,1.14526406373e-14,9.679094955e-14
0.4305,5.45031448551e-09,1.1090074228e-08,6.67112458672e-09,2.32116758028e-08,1.54967169858e-13,7.5353769927e-15,1.35525271561e-20
0.431,6.1361049047e-09,1.23650303876e-08,7.47723060818e-09,2.59784709197e-08,1.02202538e-13,2.82125785123e-15,3.17720974313e-14
0.4315,6.24896943825e-09,1.25713711021e-08,7.60882790559e-09,2.6429184836e-08,1.63215915222e-14,6.8505780465e-17,1.77402580473e-17
0.432,5.70244229911e-09,1.15587004753e-08,6.96660560486e-09,2.42276685749e-08,-8.15411045342e-14,1.73849327121e-15,1.3501983006e-14
0.4325,4.64328698186e-09,9.55076784455e-09,5.71172961168e-09,1.9905630828e-08,-1.61408685398e-13,7.82873145764e-15,8.9953936769e-14
0.433,3.37211866491e-09,7.05470913392e-09,4.18507067146e-09,1.4611713376e-08,-2.00597180729e-13,1.55090418253e-14,2.73930556786e-14
0.4335,2.18263863285e-09,4.62687501372e-09,2.73316252406e-09,9.54250220732e-09,-1.95162891637e-13,2.12002743776e-14,5.46890888153e-15
0.434,1.25201362168e-09,2.66136911592e-09,1.5785759575e-09,5.49182357443e-09,-1.58092503764e-13,2.2971970947e-14,2.03469850018e-15
0.4345,6.29308005667e-10,1.31411291729e-09,7.94311196054e-10,2.73764478586e-09,-1.08474795916e-13,2.11417084271e-14,1.42653223218e-15
0.435,2.7991453073e-10,5.49967019169e-10,3.47444863133e-10,1.17728202661e-09,-6.16437705667e-14,1.72577888701e-14,1.98235694624e-14
0.4355,1.34873623079e-10,2.35977760642e-10,1.56853845971e-10,5.27692645341e-10,-2.54652421102e-14,1.28809229051e-14,1.66801920786e-15
0.436,1.23386113379e-10,2.19653723825e-10,1.35251617687e-10,4.78298927058e-10,-1.5215836833e-15,8.99376387637e-15,3.88264656428e-16
0.4365,1.8791496479e-10,3.72197377943e-10,2.10400768688e-10,7.70531176926e-10,1.20815269579e-14,5.98401680004e-15,6.09174237204e-16
0.437,2.88084664271e-10,6.02530574791e-10,3.31301768276e-10,1.22193923119e-09,1.83666908554e-14,3.85725041722e-15,8.86458942817e-16
0.4375,3.99023123035e-10,8.54903847659e-10,4.66486808594e-10,1.72043639737e-09,2.01684220351e-14,2.44982397554e-15,1.31714639738e-15
0.438,5.07608724379e-10,1.10039630294e-09,5.99338362729e-10,2.20736459388e-09,1.96407035358e-14,1.56339184712e-15,2.10327428759e-15
0.4385,6.08651784659e-10,1.32795845755e-09,7.23232284203e-10,2.65986177207e-09,1.82193384317e-14,1.02669998476e-15,2.99806295241e-15
0.439,7.01824357882e-10,1.53729681649e-09,8.37641443039e-10,3.07678009968e-09,1.67691125166e-14,7.13675029448e-16,3.96746505549e-15
0.4395,7.89531086743e-10,1.73403880573e-09,9.45451915048e-10,3.46903811413e-09,1.57665921915e-14,5.40683972063e-16,5.01725058526e-15
0.44,8.75615965725e-10,1.92684760029e-09,1.05134078286e-09,3.85382026159e-09,1.54565729755e-14,4.56972216095e-16,6.19085200313e-15
0.4405,9.64700908709e-10,2.12596561009e-09,1.16094721196e-09,4.25163013142e-09,1.59667435046e-14,4.34949561719e-16,7.57482591192e-15
0.441,1.06196266986e-09,2.34272015144e-09,1.28058839626e-09,4.68528906398e-09,1.73849989054e-14,4.62719016505e-16,9.30636454401e-15
0.4415,1.17320469296e-09,2.58965411928e-09,1.4173373642e-09,5.18021652364e-09,1.98096507602e-14,5.39200374424e-16,1.15989778004e-14
0.442,1.30513503235e-09,2.88106713389e-09,1.57934854348e-09,5.76557476143e-09,2.33824801268e-14,6.71428565211e-16,1.4788859834e-14
0.4425,1.4658037831e-09,3.23384384925e-09,1.77636851791e-09,6.47604533253e-09,2.83118727234e-14,8.73393820637e-16,1.94248879948e-14
0.443,1.66518059484e-09,3.6684923541e-09,2.02040073005e-09,7.35410973027e-09,3.48898261638e-14,1.16574855401e-15,2.64384461589e-14
0.4435,1.91585861262e-09,4.21031040665e-09,2.32649635775e-09,8.45271044847e-09,4.35023683875e-14,1.57559981563e-15,3.74699627066e-14
0.444,2.2338483192e-09,4.89051982533e-09,2.71360986423e-09,9.83803476074e-09,5.46271897131e-14,2.13526207603e-15,5.55123980638e-14
0.4445,2.63934731368e-09,5.74702480505e-09,3.20535999763e-09,1.15918037804e-08,6.88037438886e-14,2.87816155557e-15,8.62071983351e-14
0.445,3.15719989118e-09,6.82410392398e-09,3.83033277894e-09,1.38117269684e-08,8.65478945195e-14,3.82906395046e-15,2.71630726809e-14
0.4455,3.81642775206e-09,8.16978672319e-09,4.62119203715e-09,1.66075196572e-08,1.08166414283e-13,4.98482137352e-15,5.90333920527e-14
0.446,4.64764079079e-09,9.82892414307e-09,5.61127161027e-09,2.0087976238e-08,1.3341144359e-13,6.28239985839e-15,1.35525271561e-20
0.4465,5.67634968915e-09,1.18293253997e-08,6.82658218217e-09,2.4332425751e-08,1.6092361421e-13,7.55636166747e-15,1.35525271561e-20
0.447,6.90955634274e-09,1.41586725467e-08,8.27071933569e-09,2.93391442186e-08,1.87489926024e-13,8.50358267602e-15,1.35525271561e-20
0.4475,8.31378923352e-09,1.67329053215e-08,9.90131877379e-09,3.49482293831e-08,2.07353496259e-13,8.70081099228e-15,1.35525271561e-20
0.448,9.78755359842e-09,1.93642552466e-08,1.16018442318e-08,4.0753872994e-08,2.12172806744e-13,7.74444646727e-15,3.38813178902e-20
0.4485,1.11422420133e-08,2.1748422708e-08,1.31633778857e-08,4.60542406941e-08,1.92538356671e-13,5.54882268936e-15,6.77626357803e-20
0.449,1.21183793337e-08,2.34978519088e-08,1.43029864694e-08,4.99193620393e-08,1.41660819683e-13,2.68647063417e-15,8.42326561149e-14
0.4495,1.24600248007e-08,2.42368568657e-08,1.47406418397e-08,5.14375843132e-08,6.03692082972e-14,4.38424137395e-16,2.65544151338e-15
0.45,1.20294403002e-08,2.37363047226e-08,1.43173102243e-08,5.00830158677e-08,-3.96162245455e-14,2.36982336737e-16,8.74273526838e-16
0.4505,1.08892324746e-08,2.20211264283e-08,1.3083327183e-08,4.59935509731e-08,-1.37781651027e-13,2.68694043618e-15,8.32342549918e-14
0.451,9.28150991245e-09,1.93790315868e-08,1.12855110205e-08,3.99458466862e-08,-2.12802381736e-13,6.96884757274e-15,1.35525271561e-20
0.4515,7.51579681557e-09,1.62561857993e-08,9.25827712879e-09,3.30300192513e-08,-2.5177335992e-13,1.12809712407e-14,6.77626357803e-21
0.452,5.85017004262e-09,1.31018287917e-08,7.2980163016e-09,2.62497747137e-08,-2.54403809777e-13,1.39815654797e-14,1.35525271561e-20
0.4525,4.43382238864e-09,1.02478380647e-08,5.59240784576e-09,2.02738525224e-08,-2.30183991726e-13,1.44329531007e-14,8.78925499547e-14
0.453,3.31397170489e-09,7.86697916011e-09,4.21630178989e-09,1.53970736611e-08,-1.91991079695e-13,1.30083627273e-14,6.14035460932e-14
0.4535,2.47244095042e-09,5.99668987428e-09,3.16465864837e-09,1.16336492514e-08,-1.50773714263e-13,1.05583700847e-14,4.86544195232e-14
0.454,1.86168907085e-09,4.59016580418e-09,2.39118538682e-09,8.84293479782e-09,-1.13343157653e-13,7.88784379569e-15,4.69292133095e-14
0.4545,1.42846073268e-09,3.56410422764e-09,1.83694244533e-09,6.82943026482e-09,-8.26470351405e-14,5.51013204574e-15,2.43248482338e-14
0.455,1.12544124495e-09,2.83043860878e-09,1.44634574524e-09,5.40217017045e-09,-5.90669261174e-14,3.64044629885e-15,1.66421679226e-14
0.4555,9.15118195442e-10,2.3122250913e-09,1.1737163382e-09,4.40102021573e-09,-4.17010186645e-14,2.29302609282e-15,1.14398067571e-14
0.456,7.69665128304e-10,1.94874067035e-09,9.84369900232e-10,3.70274784549e-09,-2.92367017321e-14,1.38409845883e-15,7.97251804505e-15
0.4565,6.6927313871e-10,1.69488982604e-09,8.53227194515e-10,3.21737055088e-09,-2.04104270736e-14,8.02593407076e-16,5.65326729656e-15
0.457,6.00188024138e-10,1.51839502192e-09,7.62689859428e-10,2.88125916537e-09,-1.41864994842e-14,4.46785500945e-16,4.08168575436e-15
0.4575,5.52989128061e-10,1.39663967159e-09,7.00617547999e-10,2.65023680006e-09,-9.78483089909e-15,2.37537429884e-16,2.9960368496e-15
0.458,5.21262806838e-10,1.31395177744e-09,6.58704721438e-10,2.49391277952e-09,-6.64503553671e-15,1.19073740016e-16,2.22980068112e-15
0.4585,5.0065129473e-10,1.25953319256e-09,6.31289527558e-10,2.39146969526e-09,-4.37411524639e-15,5.47166696833e-17,1.67751487072e-15
0.459,4.88200794429e-10,1.22598212302e-09,6.14525532078e-10,2.32870577255e-09,-2.6984239221e-15,2.1605144107e-17,1.27178270085e-15
0.4595,4.81926703035e-10,1.20827892284e-09,6.05823824661e-10,2.29602803034e-09,-1.42618957179e-15,6.12282896101e-18,9.68768522434e-16
0.46,4.80528267402e-10,1.20310564119e-09,6.03484476428e-10,2.28711796489e-09,-4.20529581062e-16,5.11435511287e-19,7.39290356364e-16
0.4605,4.83203850433e-10,1.20839726371e-09,6.06456800989e-10,2.2980583349e-09,4.19267672656e-16,5.9256856379e-19,5.634768097e-16
0.461,4.89534119215e-10,1.22305304866e-09,6.14187148778e-10,2.32677549158e-09,1.17066537822e-15,4.34441660259e-18,4.27392496394e-16
0.4615,4.99412610353e-10,1.24676154498e-09,6.26527991995e-10,2.37270405538e-09,1.89704557898e-15,1.10768399677e-17,3.46375489055e-16
0.462,5.13011709176e-10,1.27991156307e-09,6.43692869403e-10,2.43661881723e-09,2.65463370205e-15,2.10068039999e-17,3.24298422318e-16
0.4625,5.30778130868e-10,1.32357491975e-09,6.66249456841e-10,2.52060604078e-09,3.49827651086e-15,3.51039914849e-17,3.0557221792e-16
0.463,5.53456569135e-10,1.37955716404e-09,6.95148864832e-10,2.62816714e-09,4.48691275478e-15,5.51354197437e-17,2.8527053224e-16
0.4635,5.82144191809e-10,1.45052155091e-09,7.31794352813e-10,2.76446586884e-09,5.68946812832e-15,8.3885357975e-17,2.61960185531e-16
0.464,6.18382895276e-10,1.54020085678e-09,7.78157948008e-10,2.93674901751e-09,7.19192716155e-15,1.2556635425e-16,2.34218162443e-16
0.4645,6.64301285419e-10,1.65372262399e-09,8.36959823947e-10,3.15499302628e-09,9.10648306224e-15,1.86473793942e-16,2.00075958405e-16
0.465,7.22825554938e-10,1.79808747252e-09,9.11933697253e-10,3.4328585845e-09,1.15838481242e-14,2.75974990317e-16,1.80270634032e-16
0.4655,7.97988050383e-10,1.98285816316e-09,1.00821287281e-09,3.78907432456e-09,1.48302708457e-14,4.07960598693e-16,1.63375714866e-16
0.466,8.95375279992e-10,2.2211392954e-09,1.13288685944e-09,4.2494211687e-09,1.91309595661e-14,6.02928425967e-16,1.36656907578e-16
0.4665,1.02277609594e-09,2.53095307901e-09,1.29579749138e-09,4.84955243925e-09,2.48820743135e-14,8.90864836807e-16,1.36599309338e-16
0.467,1.19111025427e-09,2.93713663677e-09,1.5106639473e-09,5.63894478611e-09,3.26328219669e-14,1.31501305355e-15,3.65979219586e-16
0.4675,1.41574325674e-09,3.47387785285e-09,1.79664365671e-09,6.68630983944e-09,4.31371125021e-14,1.93626602908e-15,1.01804212304e-15
0.468,1.71829838277e-09,4.18792255256e-09,2.18042183538e-09,8.086703015e-09,5.74080369751e-14,2.83702434897e-15,3.01992317871e-15
0.4685,2.12902736364e-09,5.14221024489e-09,2.69882669121e-09,9.97014517156e-09,7.67530337246e-14,4.12129756147e-15,9.10245322042e-15
0.469,2.68959629292e-09,6.4190119968e-09,3.40166765037e-09,1.25103845705e-08,1.02734933227e-13,5.90367584812e-15,2.75534803307e-14
0.4695,3.45554502819e-09,8.12019310723e-09,4.353737245e-09,1.59296205694e-08,1.36942272058e-13,8.27291324765e-15,8.22534043914e-14
0.47,4.49622293629e-09,1.03595773792e-08,5.63326877104e-09,2.04892606509e-08,1.80356314384e-13,1.12080924913e-14,6.77626357803e-21
0.4705,5.88698854828e-09,1.3238572343e-08,7.32107299567e-09,2.64468803219e-08,2.3200710394e-13,1.44278172462e-14,1.35525271561e-20
0.471,7.68363682811e-09,1.67932599139e-08,9.47025915067e-09,3.39474597674e-08,2.86678116919e-13,1.71966362302e-14,1.35525271561e-20
0.4715,9.86553493001e-09,2.09059072695e-08,1.20444433556e-08,4.28162358303e-08,3.32030026887e-13,1.82451819759e-14,1.35525271561e-20
0.472,1.22448399869e-08,2.51986323277e-08,1.48247855822e-08,5.22686211665e-08,3.47109681998e-13,1.61601324847e-14,5.42101086243e-20
0.4725,1.43871863054e-08,2.89773847031e-08,1.73324963859e-08,6.06973842459e-08,3.06281084723e-13,1.05704303525e-14,1.35525271561e-19
0.473,1.56644229257e-08,3.13369563251e-08,1.88833288921e-08,6.58849038961e-08,1.92113360975e-13,3.63983035669e-15,2.16840434497e-19
0.4735,1.55397402318e-08,3.14870809276e-08,1.88737497288e-08,6.59005843622e-08,1.34601743765e-14,1.38540186246e-17,2.65629532259e-18
0.474,1.39395829725e-08,2.91712010272e-08,1.71696082675e-08,6.02802094804e-08,-1.86502819766e-13,3.7160876224e-15,2.71050543121e-20
0.4745,1.13446892347e-08,2.48714536942e-08,1.42379447724e-08,5.04537543073e-08,-3.47517328716e-13,1.41234291838e-14,1.35525271561e-20
0.475,8.47875740416e-09,1.95931430828e-08,1.08629090655e-08,3.8934408465e-08,-4.26889522348e-13,2.58020349577e-14,8.13151629364e-20
0.4755,5.91476129145e-09,1.43839361885e-08,7.72714358592e-09,2.80254528055e-08,-4.21232090682e-13,3.29717388396e-14,6.09863722023e-20
0.476,3.9141470713e-09,9.95043648368e-09,5.19583947771e-09,1.90600982523e-08,-3.58327587628e-13,3.35471374898e-14,1.35525271561e-20
0.4765,2.49166400984e-09,6.56378063836e-09,3.3442595812e-09,1.23994598158e-08,-2.735288903e-13,2.91264572744e-14,9.61542586005e-14
0.477,1.54404016333e-09,4.17734791894e-09,2.08365533878e-09,7.8048734156e-09,-1.92575212061e-13,2.25788495495e-14,6.68535119299e-14
0.4775,9.42288577871e-10,2.59475290865e-09,1.27066800649e-09,4.80759806648e-09,-1.27567803626e-13,1.61453746558e-14,3.59430977277e-14
0.478,5.74265096471e-10,1.59228766496e-09,7.68242107426e-10,2.93472509783e-09,-8.06907406725e-14,1.0922335445e-14,1.86669019272e-14
0.4785,3.56265930363e-10,9.79156090566e-10,4.68571546615e-10,1.80395145148e-09,-4.92597913983e-14,7.14456390319e-15,9.60977174572e-15
0.479,2.31058430674e-10,6.14486353991e-10,2.95626835888e-10,1.1411470147e-09,-2.9222613388e-14,4.61706287791e-15,4.97467193307e-15
0.4795,1.61817245758e-10,4.03233849205e-10,1.99596085276e-10,7.64633333798e-10,-1.68648471288e-14,3.01852815634e-15,2.603911417e-15
0.48,1.26017220448e-10,2.85332656669e-10,1.49688751305e-10,5.61031325398e-10,-9.35449255363e-15,2.05151918779e-15,1.37586610941e-15
0.4805,1.10596221659e-10,2.24977283734e-10,1.27934672848e-10,4.6350494154e-10,-4.72903473955e-15,1.49235597925e-15,7.27021931156e-16
0.481,1.08569773121e-10,2.02376174897e-10,1.24673421763e-10,4.35618867647e-10,-1.69447857965e-15,1.19235433244e-15,3.78100261061e-16
0.4815,1.16863955839e-10,2.08199923293e-10,1.35605361882e-10,4.60670896559e-10,5.93584006132e-16,1.06196583749e-15,1.88290341977e-16
0.482,1.3503856033e-10,2.4019747298e-10,1.60032020544e-10,5.35271812411e-10,2.70577132627e-15,1.05279024224e-15,8.58154489852e-17
0.4825,1.64610417983e-10,3.01335798422e-10,1.99908347823e-10,6.65860769323e-10,5.0622784639e-15,1.14282660419e-15,1.69234641763e-16
0.483,2.08750792091e-10,3.98906665991e-10,2.59402516393e-10,8.67069311133e-10,8.01099565275e-15,1.32568595393e-15,3.66287539579e-16
0.4835,2.72191560135e-10,5.44150209513e-10,3.4473351466e-10,1.16108875611e-09,1.18691682277e-14,1.60268357366e-15,7.30079720095e-16
0.484,3.61195531845e-10,7.52005109985e-10,4.64083572811e-10,1.57730312421e-09,1.69336487114e-14,1.97603852074e-15,1.38589328544e-15
0.4845,4.83435822267e-10,1.04056607775e-09,6.27369628787e-10,2.15139742706e-09,2.34570059201e-14,2.44151663085e-15,2.55111924153e-15
0.485,6.47584330588e-10,1.4297245624e-09,8.45606113573e-10,2.92294956694e-09,3.15816309868e-14,2.97933265717e-15,4.59392384702e-15
0.4855,8.62330594838e-10,1.93834981607e-09,1.12949860898e-09,3.93022378352e-09,4.12217505771e-14,3.54313777032e-15,8.11507369007e-15
0.486,1.13447819098e-09,2.57932988946e-09,1.48685637864e-09,5.20072039694e-09,5.18908925e-14,4.04958284251e-15,1.40468081502e-14
0.4865,1.46580283273e-09,3.35208118588e-09,1.91851137141e-09,6.7364622582e-09,6.24981925337e-14,4.37514311482e-15,2.36669475792e-14
0.487,1.84866146902e-09,4.2330814325e-09,2.41287805737e-09,8.49469651148e-09,7.11902071874e-14,4.37192845048e-15,3.83892814456e-14
0.4875,2.26112776096e-09,5.16680823147e-09,2.94030223593e-09,1.03683175136e-08,7.53858186848e-14,3.91558194709e-15,5.8954780619e-14
0.488,2.66378493566e-09,6.06183586749e-09,3.44988306084e-09,1.21755790207e-08,7.21947443699e-14,2.9865908134e-15,8.38088076043e-14
0.4885,3.00162067243e-09,6.79824517351e-09,3.87272099654e-09,1.36726479282e-08,5.9330725302e-14,1.75540368929e-15,4.06070983046e-15
0.489,3.21416928621e-09,7.25038777538e-09,4.13480640169e-09,1.45994004143e-08,3.63471610535e-14,6.03898093464e-16,5.48260709835e-16
0.4895,3.25335708147e-09,7.32186053205e-09,4.17835882947e-09,1.47535820727e-08,5.61500943772e-15,1.47414316987e-17,4.33680868994e-19
0.49,3.10222581473e-09,6.97992132493e-09,3.98357931073e-09,1.40656990289e-08,-2.77295646883e-14,3.38325059561e-16,9.80254424724e-14
0.4905,2.78394051959e-09,6.27195183365e-09,3.57898416003e-09,1.26348208284e-08,-5.72346965249e-14,1.56990504867e-15,7.09732294636e-14
0.491,2.35463671601e-09,5.31334898735e-09,3.03318704458e-09,1.07010986165e-08,-7.74306161617e-14,3.31077403012e-15,4.41195711421e-14
0.4915,1.8838573826e-09,4.25170535491e-09,2.43210807831e-09,8.56759004101e-09,-8.57324316041e-14,4.9637827894e-15,2.39633989464e-14
0.492,1.43358816658e-09,3.22484436413e-09,1.85380159512e-09,6.5121572188e-09,-8.29306273075e-14,6.02662401924e-15,1.49406854076e-14
0.4925,1.04533603412e-09,2.33081509614e-09,1.35199501879e-09,4.72808020515e-09,-7.22282086055e-14,6.28561810141e-15,1.01614578568e-14
0.493,7.37656951975e-10,1.61793944134e-09,9.51942646206e-10,3.30748723298e-09,-5.76284714761e-14,5.8224040923e-15,5.19747209138e-15
0.4935,5.10863259727e-10,1.09169786406e-09,6.55451879856e-10,2.2579753132e-09,-4.25810289794e-14,4.89073624497e-15,2.05496461048e-15
0.494,3.54242208931e-10,7.29745354768e-10,4.49655561266e-10,1.53361757049e-09,-2.93277683226e-14,3.77333087063e-15,6.49720010323e-16
0.4945,2.52540315578e-10,4.9714850518e-10,3.1532122062e-10,1.06499384708e-09,-1.88843649521e-14,2.69008140364e-15,1.6806997146e-16
0.495,1.90404694228e-10,3.57603661581e-10,2.32743876651e-10,7.80742638556e-10,-1.13631813637e-14,1.76927978285e-15,3.87263463485e-17
0.4955,1.54763261603e-10,2.7977571285e-10,1.84997019774e-10,6.19530688598e-10,-6.3655565453e-15,1.05992842605e-15,1.86516654985e-17
0.496,1.35678632785e-10,2.39750993302e-10,1.59153974255e-10,5.3458086478e-10,-3.29481228414e-15,5.59250538465e-16,1.21337469694e-17
0.4965,1.26304393196e-10,2.21094153934e-10,1.46286629123e-10,4.9368386585e-10,-1.54930496436e-15,2.3890219937e-16,7.94093388051e-18
0.497,1.22437208939e-10,2.13786955432e-10,1.40902189527e-10,4.77125804956e-10,-6.12445867381e-16,6.35042756299e-17,5.29903811802e-18
0.4975,1.21976637199e-10,2.12897219869e-10,1.40245487314e-10,4.75119271035e-10,-7.45382259422e-17,1.19104237864e-18,3.94124430357e-18
0.498,1.24464220123e-10,2.1743272172e-10,1.43698779063e-10,4.85596131202e-10,3.82008146359e-16,2.8287674265e-17,4.00392474167e-18
0.4985,1.30773730238e-10,2.29566976067e-10,1.52376572659e-10,5.12718422023e-10,1.01253836387e-15,1.3052045724e-16,4.64682274864e-18
0.499,1.42967985769e-10,2.5427288665e-10,1.68935483009e-10,5.66178700857e-10,2.04291321314e-15,3.0251565023e-16,4.94159021428e-18
0.4995,1.64309272261e-10,2.99324256925e-10,1.97580570757e-10,6.61218345509e-10,3.69900039015e-15,5.46566063199e-16,5.89534931289e-18
0.5,1.99395133564e-10,3.7558383286e-10,2.44228710862e-10,8.19214778007e-10,6.22976539003e-15,8.70955716958e-16,1.61198840192e-17
0.5005,2.54374786036e-10,4.97455226224e-10,3.16766661284e-10,1.06860788133e-09,9.92018045599e-15,1.28761278755e-15,4.21619119825e-17
0.501,3.37176003296e-10,6.83298773902e-10,4.25305993142e-10,1.44579766701e-09,1.50883650321e-14,1.80830935311e-15,1.07019224754e-16
0.5015,4.57616159856e-10,9.55478230922e-10,5.82262562301e-10,1.99538144679e-09,2.2055467959e-14,2.43827549334e-15,2.65304271607e-16
0.502,6.271906776e-10,1.33948594943e-09,8.01981096647e-10,2.76869196099e-09,3.1071473372e-14,3.16594437976e-15,7.80567965949e-16
0.5025,8.58182423682e-10,1.86133545633e-09,1.09945373009e-09,3.81901773364e-09,4.217554684e-14,3.94832062736e-15,2.06503244409e-15
0.503,1.16158056045e-09,2.54220324185e-09,1.48751910031e-09,5.19136257011e-09,5.49744324559e-14,4.69398980809e-15,4.82234152784e-15
0.5035,1.54322031658e-09,3.38943239694e-09,1.97191590319e-09,6.90464221597e-09,6.83499558265e-14,5.25166349065e-15,9.64437473568e-15
0.504,1.99782290904e-09,4.38400292645e-09,2.54398698961e-09,8.92589841647e-09,8.01760005435e-14,5.42063917918e-15,1.57777945169e-14
0.5045,2.50159565188e-09,5.46696586841e-09,3.17211207626e-09,1.11407658303e-08,8.72377788866e-14,5.00621286197e-15,2.86096355482e-14
0.505,3.00613143663e-09,6.53102365464e-09,3.79531547273e-09,1.33325601285e-08,8.56494789271e-14,3.93225346249e-15,4.73458349349e-14
0.5055,3.43890383389e-09,7.42652105794e-09,4.32507695307e-09,1.51905762149e-08,7.2015623325e-14,2.37925683224e-15,6.79864557663e-14
0.506,3.7161912859e-09,7.98947619066e-09,4.66139986881e-09,1.63671133647e-08,4.52015503278e-14,8.48034840903e-16,8.22707821194e-14
0.5065,3.76909149379e-09,8.08934986082e-09,4.72309705501e-09,1.6581546318e-08,7.91247692671e-15,2.56199029198e-17,8.37372976948e-14
0.507,3.57255505437e-09,7.67884493784e-09,4.48076349397e-09,1.57321307511e-08,-3.31531527557e-14,4.40548720378e-16,6.97955622876e-14
0.5075,3.15980509469e-09,6.81906306211e-09,3.97321808515e-09,1.39520190479e-08,-6.92877649236e-14,2.10731310064e-15,4.65740659472e-14
0.508,2.61096700426e-09,5.66274624693e-09,3.29517268316e-09,1.1568797243e-08,-9.31367758805e-14,4.45333809039e-15,2.50974845832e-14
0.5085,2.02250477613e-09,4.40279490259e-09,2.56273204156e-09,8.98793685839e-09,-1.01479447309e-13,6.62251503588e-15,3.95239600054e-14
0.509,1.47615962154e-09,3.21336043394e-09,1.8768656988e-09,6.56629785598e-09,-9.58220487937e-14,7.92661591012e-15,3.67401387905e-14
0.5095,1.02203408972e-09,2.2105758356e-09,1.30185089695e-09,4.5343881176e-09,-8.08232950522e-14,8.1199185415e-15,2.28298960682e-14
0.51,6.77840356786e-10,1.44312025124e-09,8.62484052936e-10,2.98339013345e-09,-6.19016202308e-14,7.37454996865e-15,1.02083546829e-14
0.5105,4.37734586267e-10,9.0556415139e-10,5.53604221796e-10,1.89686562689e-09,-4.34063268484e-14,6.07388959203e-15,3.43917399442e-15
0.511,2.83295700973e-10,5.60687402576e-10,3.5329881873e-10,1.19725863049e-09,-2.78955119943e-14,4.6037543315e-15,8.96658913568e-16
0.5115,1.92328026302e-10,3.59811788669e-10,2.34090349022e-10,7.86217107843e-10,-1.62938407514e-14,3.23769833448e-15,1.82748205403e-16
0.512,1.44255855567e-10,2.56322185788e-10,1.7006848786e-10,5.70640206861e-10,-8.43831242614e-15,2.11596131168e-15,3.5505927083e-17
0.5125,1.22567809761e-10,2.1228204421e-10,1.40257907946e-10,4.75105404509e-10,-3.63312297263e-15,1.27571589001e-15,2.34246961563e-17
0.513,1.15319795001e-10,2.00140854223e-10,1.29412156584e-10,4.44872455215e-10,-1.04446837707e-15,6.93875873274e-16,2.56693334665e-17
0.5135,1.14632691928e-10,2.01759612199e-10,1.27440585837e-10,4.4383329605e-10,8.3723644685e-17,3.22364105146e-16,2.58489044514e-17
0.514,1.15823124553e-10,2.06423667676e-10,1.28324062081e-10,4.50571312769e-10,3.48193811737e-16,1.10265056987e-16,2.20381032217e-17
0.5145,1.16540663251e-10,2.08815293206e-10,1.29020768355e-10,4.543769226e-10,1.83031413735e-16,1.47571401675e-17,1.57971644663e-17
0.515,1.16079991816e-10,2.07394747913e-10,1.28591991798e-10,4.52066628888e-10,-1.07504967587e-16,4.86694740004e-18,9.24451758633e-18
0.5155,1.14919657054e-10,2.03325014226e-10,1.27616206848e-10,4.45860634105e-10,-3.05537459945e-16,6.15148709595e-17,1.01686305318e-17
0.516,1.14483893576e-10,1.99920054606e-10,1.27886607351e-10,4.42290494175e-10,-2.37515399058e-16,1.76157709608e-16,1.23582107004e-17
0.5165,1.17101226997e-10,2.02548044186e-10,1.32357662009e-10,4.52007544751e-10,2.62298816711e-16,3.49260378672e-16,1.51161499767e-17
0.517,1.2613206856e-10,2.1891818172e-10,1.45304325174e-10,4.9035654726e-10,1.38274410991e-15,5.89062619529e-16,1.82933705619e-17
0.5175,1.46240070283e-10,2.59689898143e-10,1.72660003019e-10,5.78594243547e-10,3.36151332521e-15,9.10589876092e-16,2.1326595546e-17
0.518,1.83782398871e-10,3.39332906177e-10,2.22498314899e-10,7.45621459674e-10,6.5052780752e-15,1.33444908108e-15,2.28393963898e-17
0.5185,2.47278188262e-10,4.77112813633e-10,3.05599319542e-10,1.03000340556e-09,1.11996549132e-14,1.88446706454e-15,5.25524651465e-17
0.519,3.47864236504e-10,6.97948612023e-10,4.35973182275e-10,1.48180651219e-09,1.78986844333e-14,2.58271433426e-15,2.04937927522e-16
0.5195,4.99553924949e-10,1.03263743567e-09,6.3108805248e-10,2.16330992626e-09,2.70735605337e-14,3.43962904904e-15,7.14545135842e-16
0.52,7.18949234101e-10,1.51653873768e-09,9.11333884854e-10,3.14686538181e-09,3.90885031492e-14,4.43680133278e-15,2.22902818707e-15
0.5205,1.02376838957e-09,2.18531327652e-09,1.29792788698e-09,4.50706901779e-09,5.39636800793e-14,5.5015276178e-15,6.15255933765e-15
0.521,1.42923276713e-09,3.06593930722e-09,1.80814602035e-09,6.30339556571e-09,7.0994953026e-14,6.4776138152e-15,1.4671498337e-14
0.5215,1.9412300078e-09,4.16158754607e-09,2.44677069434e-09,8.5496836144e-09,8.82609404285e-14,7.10946478473e-15,2.9051048134e-14
0.522,2.54580138472e-09,5.43115627729e-09,3.19361366505e-09,1.11706805888e-08,1.02196344127e-13,7.07489689332e-15,4.4913017397e-14
0.5225,3.19686696612e-09,6.76931878054e-09,3.98987394793e-09,1.39561734258e-08,1.07638492984e-13,6.11048951072e-15,4.9187792782e-14
0.523,3.80871710731e-09,7.99990963316e-09,4.73107897497e-09,1.65398088279e-08,9.89049546445e-14,4.23522185095e-15,6.36887224003e-14
0.5235,4.26434266759e-09,8.89898822795e-09,5.27855623641e-09,1.84419612399e-08,7.21794491193e-14,1.96496791169e-15,9.10782273168e-14
0.524,4.44799410273e-09,9.25508258838e-09,5.49745291437e-09,1.92005583808e-08,2.8489734113e-14,2.85566600224e-16,1.98686824372e-16
0.5245,4.29410448065e-09,8.9497545434e-09,5.31167775506e-09,1.85555122819e-08,-2.4677289069e-14,2.1101621969e-16,8.78423784992e-14
0.525,3.82384164101e-09,8.0166145991e-09,4.7447166976e-09,1.65850999143e-08,-7.51170645323e-14,2.11206736022e-15,5.74712735626e-14
0.5255,3.14042137195e-09,6.63854795275e-09,3.91546515762e-09,1.36943289678e-08,-1.10861053791e-13,5.35822444917e-15,5.34242585609e-14
0.526,2.38425766973e-09,5.07991175245e-09,2.98921603894e-09,1.04532687246e-08,-1.25379675461e-13,8.65273358727e-15,9.74433715954e-14
0.5265,1.67945732115e-09,3.59341247653e-09,2.11652698962e-09,7.38928797864e-09,-1.19606508946e-13,1.08042878576e-14,9.45948641683e-14
0.527,1.10232442036e-09,2.35161599586e-09,1.39416516604e-09,4.84801691485e-09,-9.9967314861e-14,1.13028579025e-14,5.74137600255e-14
0.5275,6.78662411197e-10,1.42683922161e-09,8.58458602114e-10,2.96389608419e-09,-7.45056732513e-14,1.03558728708e-14,2.37089282262e-14
0.528,3.98249284241e-10,8.10281278968e-10,5.00319898845e-10,1.70880927611e-09,-4.97359659204e-14,8.55023115026e-15,6.95498752991e-15
0.5285,2.3270440907e-10,4.46799661869e-10,2.86395447971e-10,9.65876620719e-10,-2.93847121653e-14,6.48656019859e-15,1.45926412636e-15
0.529,1.49219862989e-10,2.66264042289e-10,1.76432952396e-10,5.91906777374e-10,-1.46613895279e-14,4.58109719254e-15,2.09367062803e-16
0.5295,1.18446437851e-10,2.0353361798e-10,1.3375525306e-10,4.55733174681e-10,-5.16939691571e-15,3.03518890612e-15,5.05788783794e-17
0.53,1.17648446756e-10,2.07388561143e-10,1.29697784402e-10,4.54736890137e-10,2.07088194529e-16,1.89074967254e-15,7.94025625415e-17
0.5305,1.30981195827e-10,2.42030444783e-10,1.4419412034e-10,5.17209568372e-10,2.70524004965e-15,1.10218584755e-15,1.0206916421e-16
0.531,1.48401389694e-10,2.84845188757e-10,1.64482587183e-10,5.97733140635e-10,3.38325858789e-15,5.9174726175e-16,1.12572372756e-16
0.5315,1.64166075124e-10,3.22985687719e-10,1.83231554447e-10,6.70386624743e-10,3.02582982975e-15,2.8162926127e-16,1.0980596315e-16
0.532,1.75424151301e-10,3.50143093172e-10,1.96766424088e-10,7.2233593514e-10,2.15855917679e-15,1.08024906538e-16,9.62178606104e-17
0.5325,1.81117943312e-10,3.64030161964e-10,2.0368416479e-10,7.48833399599e-10,1.10509656893e-15,2.4441121993e-17,7.62837872297e-17
0.533,1.81223647908e-10,3.64655858477e-10,2.03897175808e-10,7.4977673225e-10,5.05575867098e-17,4.13657015793e-20,1.7131082116e-14
0.5335,1.76286585244e-10,3.5327764451e-10,1.98048571948e-10,7.27611914008e-10,-9.0413371435e-16,1.64428926523e-17,5.43947618068e-17
0.534,1.67185026813e-10,3.31872764589e-10,1.87214887706e-10,6.86271043224e-10,-1.70055785359e-15,6.46763955634e-17,4.21796996744e-17
0.5345,1.55062999641e-10,3.02993651682e-10,1.7282173243e-10,6.30876234803e-10,-2.29192382157e-15,1.42975789914e-16,2.91557210774e-17
0.535,1.41393033143e-10,2.69918023648e-10,1.56723444809e-10,5.6803213774e-10,-2.61939648616e-15,2.55536614333e-16,1.74217736591e-17
0.5355,1.28151491242e-10,2.37052493303e-10,1.41424678515e-10,5.06626483537e-10,-2.59169544479e-15,4.1217203886e-16,8.46694134075e-18
0.536,1.18107245631e-10,2.10591392671e-10,1.30444500293e-10,4.59141702706e-10,-2.06460324351e-15,6.28713918467e-16,9.24112945454e-18
0.5365,1.15238390304e-10,1.99463954461e-10,1.28841344169e-10,4.43543799146e-10,-8.17734569612e-16,9.27946443277e-16,1.31984673841e-17
0.537,1.25302413989e-10,2.16614536225e-10,1.43928328962e-10,4.85848092068e-10,1.47217248005e-15,1.34072010097e-15,1.75733925567e-17
0.5375,1.56585151751e-10,2.80638987249e-10,1.86200752526e-10,6.23432057843e-10,5.25980783364e-15,1.90650985799e-15,2.51018213919e-17
0.538,2.20809091446e-10,4.17713253306e-10,2.7044423456e-10,9.0898040587e-10,1.11546256889e-14,2.67193447822e-15,7.68462171067e-17
0.5385,3.34116769917e-10,6.63509617211e-10,4.16888583112e-10,1.41453857386e-09,1.99192632287e-14,3.68437376369e-15,3.78825321264e-16
0.539,5.17863419328e-10,1.06431600083e-09,6.52032091962e-10,2.23424889308e-09,3.24050350535e-14,4.97598637492e-15,1.58790556116e-15
0.5395,7.98624932625e-10,1.67572730929e-09,1.00831823657e-09,3.48272636555e-09,4.93559044596e-14,6.53146300223e-15,5.76782003235e-15
0.54,1.20618313439e-09,2.5560802336e-09,1.52110093683e-09,5.28344352413e-09,7.09854547817e-14,8.23512033904e-15,1.80567061683e-14
0.5405,1.76736798835e-09,3.75070282579e-09,2.22042983592e-09,7.73860668721e-09,9.62372937455e-14,9.80437644554e-15,4.74497387725e-14
0.541,2.49303448118e-09,5.26349086325e-09,3.11486924392e-09,1.08715270921e-08,1.21768112371e-13,1.07486205898e-14,9.95553195004e-14
0.5415,3.35663120033e-09,7.01737407511e-09,4.16657259483e-09,1.45407293632e-08,1.41061324478e-13,1.04452461809e-14,3.52130773e-14
0.542,4.26893892467e-09,8.81773254472e-09,5.26416402397e-09,1.83509885838e-08,1.44676479648e-13,8.44783636479e-15,7.79523743732e-14
0.5425,5.06637479866e-09,1.03495811184e-08,6.21328876655e-09,2.1629372664e-08,1.22973968037e-13,5.01584718786e-15,7.29241496291e-14
0.543,5.54103767517e-09,1.12434175092e-08,6.77387475325e-09,2.35584030696e-08,7.1625749849e-14,1.50731735806e-15,7.9353908969e-15
0.5435,5.52489112653e-09,1.12120966171e-08,6.75432651257e-09,2.3491311545e-08,-2.71337366094e-15,2.1457091335e-18,2.71050543121e-20
0.544,4.98717978022e-09,1.01960655748e-08,6.11790640152e-09,2.13010719574e-08,-8.17730319264e-14,1.9756209863e-15,1.42828660682e-14
0.5445,4.06510671891e-09,8.41613490445e-09,5.01781947358e-09,1.74989249873e-08,-1.43089010571e-13,6.99554997153e-15,5.30391838305e-14
0.545,2.99377520905e-09,6.28379099464e-09,3.72395862431e-09,1.30013662546e-08,-1.71393207457e-13,1.28232988256e-14,1.67878643658e-14
0.5455,1.99379950875e-09,4.22689497023e-09,2.49898929388e-09,8.71953536036e-09,-1.6537124791e-13,1.69591838271e-14,3.58542947936e-15
0.546,1.19896569125e-09,2.54400654636e-09,1.51137216679e-09,5.25422717953e-09,-1.35377621329e-13,1.81528541845e-14,1.59854090685e-15
0.5465,6.49058393612e-10,1.35535452904e-09,8.18954732899e-10,2.82328863622e-09,-9.5708396606e-14,1.66914579227e-14,6.6066645427e-14
0.547,3.20410710333e-10,6.37773329774e-10,3.99543261765e-10,1.35768312144e-09,-5.78730623107e-14,1.36929952946e-14,1.46363396934e-14
0.5475,1.61207379747e-10,2.91758403028e-10,1.92316963606e-10,6.45265028564e-10,-2.80096284523e-14,1.02918491452e-14,1.84542136482e-15
0.548,1.16134772242e-10,1.99229247996e-10,1.29342900163e-10,4.44706528094e-10,-7.61987760238e-15,7.22757682277e-15,2.02744112189e-16
0.5485,1.38774889764e-10,2.57128714067e-10,1.52550946545e-10,5.48463861562e-10,4.49620608861e-15,4.81499209689e-15,2.62288834315e-16
0.549,1.95418344817e-10,3.8979171134e-10,2.19462254858e-10,8.04685926141e-10,1.05336730415e-14,3.0814800942e-15,4.1861723506e-16
0.5495,2.64336582463e-10,5.48553126772e-10,3.02614054007e-10,1.11551833758e-09,1.26580317997e-14,1.9163563686e-15,5.5890452585e-16
0.55,3.3318208323e-10,7.06014009324e-10,3.86358465599e-10,1.42556830681e-09,1.25765196047e-14,1.17221418192e-15,7.91877549861e-16
0.5505,3.96088183362e-10,8.49398410503e-10,4.63214749508e-10,1.70871352254e-09,1.14636965563e-14,7.15583847581e-16,1.10854251126e-15
0.551,4.5124003911e-10,9.7496139445e-10,5.30798903313e-10,1.95701082645e-09,1.00455678796e-14,4.44159121078e-16,1.42042343057e-15
0.5515,4.99110026335e-10,1.08398677122e-09,5.89601412094e-10,2.17270722338e-09,8.72679366788e-15,2.87119667454e-16,1.71427948876e-15
0.552,5.41315401879e-10,1.18023251237e-09,6.4155399054e-10,2.36310981032e-09,7.70683005475e-15,1.98914260626e-16,1.98997177243e-15
0.5525,5.79956264464e-10,1.26847192618e-09,6.89201246274e-10,2.53763665659e-09,7.06789015365e-15,1.52025240349e-16,2.25719711477e-15
0.553,6.17285796436e-10,1.35377967186e-09,7.35288436791e-10,2.70636087046e-09,6.83470774753e-15,1.30934262739e-16,2.53256752592e-15
0.5535,6.55595900219e-10,1.44128967408e-09,7.82616701557e-10,2.87950941583e-09,7.01246093983e-15,1.27825478512e-16,2.83824477592e-15
0.554,6.97236130826e-10,1.53624264698e-09,8.34063668145e-10,3.06755019552e-09,7.61004746446e-15,1.39870072819e-16,3.20273321752e-15
0.5545,7.44718209863e-10,1.64421624191e-09,8.92709725625e-10,3.28165299952e-09,8.65478773012e-15,1.67735811204e-16,3.66518610167e-15
0.555,8.00884267655e-10,1.77148788777e-09,9.62042296685e-10,3.53442486973e-09,1.02030925126e-14,2.14999382151e-16,4.27881403811e-15
0.5555,8.69136671644e-10,1.92552141637e-09,1.04623440742e-09,3.84090513354e-09,1.23504514151e-14,2.88238905138e-16,5.12572162449e-15
0.556,9.53742183261e-10,2.11559864399e-09,1.150512111e-09,4.21986857832e-09,1.52431156164e-14,3.97695422157e-16,6.33392603232e-15
0.5565,1.06023742208e-09,2.35364070198e-09,1.28164066578e-09,4.6955384407e-09,1.9093392227e-14,5.58465034916e-16,8.1144163925e-15
0.557,1.19597468426e-09,2.65528076552e-09,1.44857295691e-09,5.29985339742e-09,2.41999073535e-14,7.92220217266e-16,1.08312203607e-14
0.5575,1.37086060668e-09,3.0412560567e-09,1.66331524517e-09,6.07546400922e-09,3.0973379235e-14,1.12939753397e-15,1.5136621069e-14
0.558,1.59834756336e-09,3.53916924848e-09,1.94206706315e-09,7.0796254496e-09,3.99664363796e-14,1.61156115758e-15,2.22488789003e-14
0.5585,1.89672798053e-09,4.18559367925e-09,2.30666915719e-09,8.38904500573e-09,5.19015586645e-14,2.29307405008e-15,3.4542132338e-14
0.559,2.29072552579e-09,5.02829836679e-09,2.7863086737e-09,1.01054034763e-08,6.76810150345e-14,3.24002198356e-15,5.68500528229e-14
0.5595,2.81321579031e-09,6.1279259671e-09,3.41921506911e-09,1.23604496698e-08,8.83435432208e-14,4.52208942328e-15,9.94466282326e-14
0.56,3.50649727912e-09,7.55759627722e-09,4.2535871645e-09,1.53178018008e-08,1.14898463051e-13,6.18974939066e-15,7.76333682127e-14
0.5605,4.42165221647e-09,9.39743908724e-09,5.34601584125e-09,1.91652632903e-08,1.47919568863e-13,8.22577130801e-15,1.35525271561e-20
0.561,5.61287211251e-09,1.17190596948e-08,6.75398369396e-09,2.40861127011e-08,1.86737704354e-13,1.04621267693e-14,1.35525271561e-20
0.5615,7.12117425774e-09,1.4553434046e-08,8.51681581927e-09,3.01916647076e-08,2.28110425156e-13,1.24741796191e-14,2.03287907341e-20
0.562,8.94020568779e-09,1.7837899105e-08,1.06184565586e-08,3.73968394136e-08,2.6453881116e-13,1.35234088872e-14,1.35525271561e-20
0.5625,1.09614479047e-08,2.13494768032e-08,1.2931045671e-08,4.5242266243e-08,2.83150992007e-13,1.27131707238e-14,6.77626357803e-20
0.563,1.29173526589e-08,2.46566590041e-08,1.51593999356e-08,5.27336882788e-08,2.67137165562e-13,9.54308381972e-15,2.16840434497e-19
0.5635,1.43801489362e-08,2.71488013226e-08,1.68431853129e-08,5.83723422529e-08,2.01921555689e-13,4.75960771289e-15,4.87890977618e-19
0.564,1.48893979003e-08,2.81942671268e-08,1.74867086379e-08,6.05704599518e-08,8.55342411187e-14,7.55024608882e-16,9.9761236598e-15
0.5645,1.41939179738e-08,2.73993110767e-08,1.68033852355e-08,5.83965517387e-08,-6.3056174401e-14,5.10002112594e-16,5.54668344675e-15
0.565,1.24324470219e-08,2.48253973241e-08,1.49074863051e-08,5.21651289099e-08,-2.07029988815e-13,5.28876640184e-15,6.77626357803e-20
0.5655,1.00690137723e-08,2.09975517973e-08,1.22687326231e-08,4.33350027324e-08,-3.08658185157e-13,1.31978657857e-14,1.35525271561e-20
0.566,7.63432217252e-09,1.66768512168e-08,9.46212573569e-09,3.37729708773e-08,-3.48670049626e-13,2.04223452918e-14,1.35525271561e-20
0.5665,5.50127081944e-09,1.25557759422e-08,6.92709732777e-09,2.49838354919e-08,-3.32598555179e-13,2.40010001261e-14,1.35525271561e-20
0.567,3.82509074905e-09,9.06610799462e-09,4.87902726726e-09,1.77699678073e-08,-2.81579551122e-13,2.33886492644e-14,8.95429902643e-14
0.5675,2.60251199818e-09,6.35844967697e-09,3.3498527994e-09,1.23106159746e-08,-2.18389209591e-13,1.98996160989e-14,8.04478011984e-14
0.568,1.7552007992e-09,4.38785354379e-09,2.27046522869e-09,8.41337602806e-09,-1.58850145307e-13,1.53124118615e-14,5.21281998957e-14
0.5685,1.18789922499e-09,3.01750356412e-09,1.53798684974e-09,5.74329018352e-09,-1.10385247031e-13,1.0937006638e-14,4.8556360213e-14
0.569,8.16341203878e-10,2.09292758223e-09,1.05371252768e-09,3.96291430066e-09,-7.44128046153e-14,7.4021772156e-15,1.87738686359e-14
0.5695,5.75766138824e-10,1.47958878945e-09,7.38171734821e-10,2.79348218223e-09,-4.93132941875e-14,4.83348513935e-15,1.11502942838e-14
0.57,4.20247638569e-10,1.07463654286e-09,5.33356975702e-10,2.0282117366e-09,-3.25204633408e-14,3.10043795233e-15,6.72261251116e-15
0.5705,3.18857592233e-10,8.05362050029e-10,3.99490320432e-10,1.52369036061e-09,-2.15955907968e-14,1.99378239808e-15,4.14045628837e-15
0.571,2.51488896083e-10,6.22885323508e-10,3.104207991e-10,1.18478172361e-09,-1.46120255428e-14,1.3170972334e-15,2.60742660373e-15
0.5715,2.05403393067e-10,4.95442694927e-10,2.49470244645e-10,9.50307065312e-10,-1.01868740716e-14,9.19637082831e-16,1.67425040574e-15
0.572,1.72723958886e-10,4.02953160018e-10,2.06286713304e-10,7.81957154124e-10,-7.376940662e-15,6.98909886875e-16,1.09036349014e-15
0.5725,1.48762761421e-10,3.33180217606e-10,1.74699803135e-10,6.56637824415e-10,-5.54942640173e-15,5.91712280584e-16,7.15178716487e-16
0.573,1.30987718245e-10,2.79275865462e-10,1.51378284322e-10,5.6163816138e-10,-4.26988513517e-15,5.63255921286e-16,4.6847190027e-16
0.5735,1.18444447879e-10,2.38374097149e-10,1.35073906343e-10,4.91889832093e-10,-3.2174831005e-15,5.98216208555e-16,3.03070082593e-16
0.574,1.11501962199e-10,2.10945515305e-10,1.26284333677e-10,4.487303823e-10,-2.12349815713e-15,6.9462319288e-16,1.90944943234e-16
0.5745,1.11831434957e-10,2.00716484174e-10,1.27220298125e-10,4.39768351807e-10,-7.25667968514e-16,8.60222025061e-16,1.14589158203e-16
0.575,1.22567940668e-10,2.15029357104e-10,1.42010996793e-10,4.79610672404e-10,1.26730105543e-15,1.11054039219e-15,6.28337510603e-17
0.5755,1.48630859237e-10,2.65560244677e-10,1.77107708906e-10,5.91304485029e-10,4.20449614678e-15,1.46771589094e-15,5.92482605945e-17
0.576,1.97165482773e-10,3.69302242121e-10,2.41834645748e-10,8.0831284362e-10,8.51405731355e-15,1.95893053401e-15,1.73764573964e-16
0.5765,2.78050232819e-10,5.49622335212e-10,3.48999229379e-10,1.17668911894e-09,1.47087463965e-14,2.61281476805e-15,4.49718590818e-16
0.577,4.0433487261e-10,8.36983773392e-10,5.15367356675e-10,1.75671281279e-09,2.33586714768e-14,3.45154201546e-15,1.07965191149e-15
0.5775,5.92338881432e-10,1.26853433093e-09,7.61612218183e-10,2.62252490496e-09,3.49994235144e-14,4.47530675466e-15,2.4757146745e-15
0.578,8.60870777471e-10,1.88518277968e-09,1.11102132972e-09,3.85713045197e-09,4.99294215694e-14,5.6366476338e-15,5.48287476076e-15
0.5785,1.22864683489e-09,2.7241739914e-09,1.58581450163e-09,5.53870997716e-09,6.78465510334e-14,6.80545266639e-15,1.19347721538e-14
0.579,1.70862352418e-09,3.80498434234e-09,2.19964264667e-09,7.71334555295e-09,8.73100806353e-14,7.73686119725e-15,2.61075544321e-14
0.5795,2.29810295069e-09,5.10774812268e-09,2.94527299528e-09,1.03512372681e-08,1.05141093348e-13,8.07492342708e-15,4.85069070414e-14
0.58,2.96505779289e-09,6.54794453293e-09,3.77869644105e-09,1.32918223081e-08,1.16126667411e-13,7.44747452628e-15,8.94598726152e-14
0.5805,3.63547402077e-09,7.95914108087e-09,4.60593783625e-09,1.62006723026e-08,1.1367680884e-13,5.693636019e-15,4.7242232641e-14
0.581,4.1929202328e-09,9.1032122126e-09,5.28529119752e-09,1.85815188458e-08,9.20428767638e-14,3.16245698103e-15,1.8567199373e-14
0.5815,4.50374082884e-09,9.72431608272e-09,5.65857511815e-09,1.98866827065e-08,4.98355016933e-14,8.41502570727e-16,1.53154398885e-15
0.582,4.46867788871e-09,9.63957864652e-09,5.61032143576e-09,1.97185709452e-08,-7.04138722947e-15,1.5573455258e-17,6.84402621381e-19
0.5825,4.07518426679e-09,8.82465059859e-09,5.12612734217e-09,1.80258978602e-08,-6.58261138059e-14,1.4793191311e-15,4.39948912804e-15
0.583,3.41095948742e-09,7.43862356485e-09,4.30813459176e-09,1.51576107088e-08,-1.11780383903e-13,4.87712273776e-15,8.5733537511e-14
0.5835,2.62459122463e-09,5.76545201892e-09,3.33215762744e-09,1.17220747925e-08,-1.34884509156e-13,8.82527736257e-15,9.10449592508e-14
0.584,1.86236216623e-09,4.10622788486e-09,2.37615411358e-09,8.34462216537e-09,-1.33770136034e-13,1.17735242576e-14,1.45018850715e-14
0.5845,1.22290037934e-09,2.68533152159e-09,1.56525311628e-09,5.47338326762e-09,-1.14603292081e-13,1.28587617995e-14,6.8477921223e-14
0.585,7.46491896575e-10,1.61139225821e-09,9.5489209241e-10,3.31270169345e-09,-8.66871877499e-14,1.21350132716e-14,2.9946280644e-14
0.5855,4.28721143135e-10,8.91055014694e-10,5.43931747913e-10,1.8636599169e-09,-5.82228089091e-14,1.02343097124e-14,9.02792617952e-15
0.586,2.41060225073e-10,4.68382824191e-10,2.98815116865e-10,1.00823181169e-09,-3.4247350522e-14,7.89296906735e-15,1.88519887906e-15
0.5865,1.47686031895e-10,2.63978739061e-10,1.74975202598e-10,5.86628976616e-10,-1.66533435529e-14,5.65641346059e-15,2.75380575548e-16
0.587,1.1553529366e-10,2.01299325129e-10,1.30375423281e-10,4.47208633763e-10,-5.21568477581e-15,3.80737875397e-15,6.08677875897e-17
0.5875,1.18587613016e-10,2.19151737546e-10,1.31617060183e-10,4.69360130601e-10,1.29791502236e-15,2.42194413846e-15,9.94281154805e-17
0.588,1.38543098411e-10,2.74471597491e-10,1.55124847617e-10,5.68145345181e-10,4.34375794747e-15,1.45790697197e-15,1.33082428541e-16
0.5885,1.6374344423e-10,3.40027593844e-10,1.85854160065e-10,6.89631218948e-10,5.19446574978e-15,8.26347818832e-16,1.53341762573e-16
0.589,1.87498142625e-10,4.0040198278e-10,2.15153219251e-10,8.03058579375e-10,4.80031665993e-15,4.34408372758e-16,1.56770551944e-16
0.5895,2.06462903616e-10,4.480651274e-10,2.38674138911e-10,8.93206170684e-10,3.79630737515e-15,2.04454581593e-16,1.45311890233e-16
0.59,2.19344201973e-10,4.8026600236e-10,2.54706672915e-10,9.5431952385e-10,2.56755133352e-15,7.90564720613e-17,1.23709161946e-16
0.5905,2.25985489385e-10,4.96861126613e-10,2.63005616941e-10,9.85853576653e-10,1.32451177264e-15,1.92056703364e-17,9.73122271783e-17
0.591,2.2678697157e-10,4.98943677676e-10,2.64046504625e-10,9.89777321573e-10,1.67412381698e-16,2.92591945095e-19,7.05934198901e-17
0.5915,2.22372725255e-10,4.88070557291e-10,2.58599901586e-10,9.69042326462e-10,-8.6577693075e-16,8.1087819917e-18,4.6651186603e-17
0.592,2.13432268822e-10,4.6590065502e-10,2.47528990738e-10,9.26860184047e-10,-1.76625762758e-15,3.57260245898e-17,2.97054454602e-17
0.5925,2.00680465477e-10,4.34109576719e-10,2.31738333204e-10,8.66525924686e-10,-2.53214817544e-15,8.14349344003e-17,1.68830607047e-17
0.593,1.84901623725e-10,3.94498888452e-10,2.12230069526e-10,7.91627576512e-10,-3.15283519119e-15,1.47644564024e-16,9.57316636987e-18
0.5935,1.67062896494e-10,3.49264456441e-10,1.90248736882e-10,7.0657273429e-10,-3.59611668443e-15,2.40590297917e-16,1.30663302443e-17
0.594,1.48496422526e-10,3.01428795638e-10,1.67515171194e-10,6.17436965103e-10,-3.79498163056e-15,3.70726987125e-16,1.60970141296e-17
0.5945,1.31165995921e-10,2.5547441559e-10,1.46569582631e-10,5.33206916438e-10,-3.63143727913e-15,5.53733876685e-16,1.76665661809e-17
0.595,1.18049307551e-10,2.18242983455e-10,1.31261786595e-10,4.67551974534e-10,-2.91515089453e-15,8.12083871829e-16,1.64654734617e-17
0.5955,1.13675178228e-10,2.00189500694e-10,1.27437194599e-10,4.41301695713e-10,-1.35484790123e-15,1.17704019352e-15,1.15315065439e-17
0.596,1.24860717389e-10,2.17084180647e-10,1.43873149023e-10,4.85821215389e-10,1.47763440092e-15,1.69069531441e-15,1.14900019295e-17
0.5965,1.61694157896e-10,2.92210422821e-10,1.93508746207e-10,6.47421921071e-10,6.18709688369e-15,2.40705047047e-15,2.7830114515e-17
0.597,2.38745660081e-10,4.58969768481e-10,2.949300302e-10,9.9266243615e-10,1.35875480001e-14,3.38984431579e-15,1.23729490737e-16
0.5975,3.7638368115e-10,7.63428903261e-10,4.73907623004e-10,1.6137496065e-09,2.46965252799e-14,4.70259087401e-15,6.52225533781e-16
0.598,6.01810587875e-10,1.26556732934e-09,7.64417457546e-10,2.63184238758e-09,4.06299822803e-14,6.38300830804e-15,2.87541766385e-15
0.5985,9.48891250685e-10,2.03663204909e-09,1.20785422005e-09,4.19344819831e-09,6.22878737895e-14,8.39145514432e-15,1.08232277578e-14
0.599,1.45480266828e-09,3.14813804279e-09,1.84795455562e-09,6.4509954718e-09,8.96809147738e-14,1.052776414e-14,3.44630465658e-14
0.5995,2.15013596737e-09,4.64659572928e-09,2.71760519783e-09,9.51446999828e-09,1.20781269067e-13,1.23348510688e-14,8.96144053061e-14
0.6,3.0383767437e-09,6.5099263209e-09,3.81365251139e-09,1.33621186834e-08,1.50053666572e-13,1.30688848778e-14,4.45997202386e-14
0.6005,4.06377905923e-09,8.59209179325e-09,5.06050454334e-09,1.77165548043e-08,1.67520544408e-13,1.19019265454e-14,9.86976274905e-14
0.601,5.079201437e-09,1.0584733781e-08,6.27756749444e-09,2.19416713718e-08,1.6015013244e-13,8.50918059078e-15,1.35525271561e-20
0.6015,5.84722462702e-09,1.2046884036e-08,7.18677537911e-09,2.50810052348e-08,1.17341687051e-13,3.85844865269e-15,5.00820020763e-14
0.602,6.11426797086e-09,1.25411895921e-08,7.49879522758e-09,2.61542926556e-08,3.94614715194e-14,4.03646641907e-16,6.01223985961e-16
0.6025,5.74642532448e-09,1.18395762927e-08,7.0615528036e-09,2.46474986054e-08,-5.66413763282e-14,8.26322129195e-16,2.86094525891e-15
0.603,4.82795946143e-09,1.00690672212e-08,5.96725016461e-09,2.08641402258e-08,-1.42481085469e-13,5.85972313762e-15,1.35525271561e-20
0.6035,3.62259089187e-09,7.67431192844e-09,4.5144495887e-09,1.58111731106e-08,-1.92614030329e-13,1.33302188345e-14,5.74940451964e-14
0.604,2.42779613168e-09,5.21156723371e-09,3.05201652092e-09,1.06912014637e-08,-1.98103049453e-13,1.96829248564e-14,1.51177898325e-14
0.6045,1.44840126794e-09,3.1221701918e-09,1.83365265405e-09,6.4040784387e-09,-1.68153771039e-13,2.24789736907e-14,2.81105163018e-15
0.605,7.62173865186e-10,1.62055090136e-09,9.67076424574e-10,3.34970173683e-09,-1.20958799161e-13,2.15045922973e-14,1.55489160501e-15
0.6055,3.53191716624e-10,7.14569716487e-10,4.43249513717e-10,1.51095592286e-09,-7.30997813447e-14,1.8076611665e-14,2.96557246262e-14
0.606,1.60779568905e-10,2.91497614773e-10,1.92030752858e-10,6.44287461451e-10,-3.4272102543e-14,1.37970826583e-14,3.37638090094e-15
0.6065,1.15546281775e-10,2.01658330765e-10,1.27972459292e-10,4.45179410297e-10,-7.45740693193e-15,9.79588109487e-15,3.25762942283e-16
0.607,1.57984225892e-10,3.10035100568e-10,1.76043663086e-10,6.44078097236e-10,8.51329296359e-15,6.59441923896e-15,4.66151029994e-16
0.6075,2.44606481723e-10,5.16691196033e-10,2.80962265064e-10,1.0422806736e-09,1.645170424e-14,4.27912355277e-15,7.31922863788e-16
0.608,3.47502167656e-10,7.57770219635e-10,4.07176251279e-10,1.51247061176e-09,1.92531904233e-14,2.72009464066e-15,1.02590597692e-15
0.6085,4.51094030776e-10,9.98183130371e-10,5.3484067643e-10,1.98413879032e-09,1.92281181876e-14,1.72477511899e-15,1.26396966895e-15
0.609,5.48400448494e-10,1.22267211011e-09,6.5503436103e-10,2.42612600487e-09,1.79702720755e-14,1.11518910223e-15,1.42522780145e-15
0.6095,6.37858836411e-10,1.42825772252e-09,7.6568970474e-10,2.83182348557e-09,1.64670973816e-14,7.55104098581e-16,1.9283314908e-15
0.61,7.21029741966e-10,1.61888627889e-09,8.68670291403e-10,3.20860213945e-09,1.52761427755e-14,5.51452166787e-16,2.52560152696e-15
0.6105,8.01139421966e-10,1.80210126113e-09,9.67927788736e-10,3.57118360486e-09,1.46874712433e-14,4.46060489239e-16,3.19625172141e-15
0.611,8.82282344421e-10,1.98725178454e-09,1.06849673849e-09,3.93804611978e-09,1.48470800228e-14,4.05874033419e-16,3.98435150433e-15
0.6115,9.69091319511e-10,2.18475747916e-09,1.17607647852e-09,4.32994153311e-09,1.58417611746e-14,4.14941346699e-16,4.96347754564e-15
0.612,1.06672318451e-09,2.40606419963e-09,1.29700481307e-09,4.76981041981e-09,1.77546499322e-14,4.689393301e-16,6.25197390061e-15
0.6125,1.18106041523e-09,2.66405148571e-09,1.43849582364e-09,5.28362899685e-09,2.07015739503e-14,5.71981504328e-16,8.03817326285e-15
0.613,1.31907561194e-09,2.97375389234e-09,1.60907122485e-09,5.90192631889e-09,2.48563533664e-14,7.35149542675e-16,1.06304362828e-14
0.6135,1.48933761809e-09,3.35332209987e-09,1.81915304445e-09,6.66184420621e-09,3.04701504458e-14,9.76148872668e-16,1.45527646466e-14
0.614,1.70265446895e-09,3.82516980345e-09,2.0818025991e-09,7.60966607377e-09,3.78865683324e-14,1.31944937517e-15,2.07294000487e-14
0.6145,1.97284233313e-09,4.41721723117e-09,2.41357879104e-09,8.803687695e-09,4.75495608264e-14,1.79607748516e-15,3.08507458132e-14
0.615,2.31757050826e-09,5.16402243208e-09,2.8354337103e-09,1.03170890769e-08,5.9994682166e-14,2.4417065864e-15,4.81168110997e-14
0.6155,2.759122117e-09,6.1073425231e-09,3.37342712303e-09,1.22399708392e-08,7.58036201792e-14,3.29080002613e-15,7.87798171424e-14
0.616,3.32468204394e-09,7.29522124826e-09,4.0587737883e-09,1.46787769264e-08,9.54861840692e-14,4.36333430696e-15,3.18796570631e-14
0.6165,4.04533029983e-09,8.77801479423e-09,4.92626429342e-09,1.77497342532e-08,1.19234842661e-13,5.63980892275e-15,6.91148798349e-14
0.617,4.95221135275e-09,1.05989356309e-08,6.00938627898e-09,2.15606867693e-08,1.46484549666e-13,7.02203562483e-15,1.35525271561e-20
0.6175,6.06746346999e-09,1.2776195833e-08,7.32968182165e-09,2.61735246484e-08,1.75237531338e-13,8.28618413295e-15,1.35525271561e-20
0.618,7.3870693519e-09,1.52749169859e-08,8.87774073852e-09,3.15399373713e-08,2.01238329877e-13,9.05668963097e-15,1.35525271561e-20
0.6185,8.8547480462e-09,1.79717207198e-08,1.05856180822e-08,3.74123130884e-08,2.17377375909e-13,8.86275724044e-15,2.03287907341e-20
0.619,1.03334886443e-08,2.0624915399e-08,1.22981646085e-08,4.32567901269e-08,2.14122669386e-13,7.35245843815e-15,4.06575814682e-20
0.6195,1.15953257474e-08,2.28755121125e-08,1.37642147772e-08,4.8235239271e-08,1.81973203557e-13,4.66078092902e-15,8.13151629364e-20
0.62,1.23602761854e-08,2.43070187548e-08,1.46778568922e-08,5.13452697172e-08,1.16180335433e-13,1.71280092995e-15,3.04235261116e-14
0.6205,1.23971560797e-08,2.45686808654e-08,1.47820700359e-08,5.17479289421e-08,2.1911077377e-14,5.00333253067e-17,4.28530908675e-17
0.621,1.16421259394e-08,2.35179511348e-08,1.39922771637e-08,4.91522711251e-08,-8.40899170543e-14,9.79832495567e-16,1.31273843792e-14
0.6215,1.02464656173e-08,2.13000684416e-08,1.24527567798e-08,4.39991168791e-08,-1.78514001097e-13,4.55439192731e-15,2.71050543121e-20
0.622,8.5070947312e-09,1.83048434983e-08,1.04750350007e-08,3.72867410963e-08,-2.41476344339e-13,9.34244182594e-15,1.35525271561e-20
0.6225,6.73344543173e-09,1.5021237434e-08,8.40360272102e-09,3.01580340352e-08,-2.64884684379e-13,1.33330761995e-14,1.35525271561e-20
0.623,5.14548202539e-09,1.18776945486e-08,6.50198796863e-09,2.35249260914e-08,-2.53619930525e-13,1.51686956175e-14,6.77626357803e-21
0.6235,3.84630216093e-09,9.14842146332e-09,4.91060776157e-09,1.79051258863e-08,-2.20170267389e-13,1.46847294158e-14,6.87549450424e-14
0.624,2.8484067067e-09,6.9442043591e-09,3.66443911339e-09,1.34568849931e-08,-1.77764684601e-13,1.2586553981e-14,5.88081964853e-14
0.6245,2.11469600223e-09,5.25609118983e-09,2.73376540738e-09,1.01044263089e-08,-1.36089802624e-13,9.81392279547e-15,9.48324670744e-14
0.625,1.59083535983e-09,4.01117626749e-09,2.06121036602e-09,7.66312877084e-09,-1.00314457129e-13,7.09815520211e-15,3.05122680594e-14
0.6255,1.22369229226e-09,3.11619972941e-09,1.585580265e-09,5.92540503491e-09,-7.20798011955e-14,4.83101845835e-15,2.07281328874e-14
0.626,9.69058608949e-10,2.48285013389e-09,1.25349838731e-09,4.70535927393e-09,-5.09816210922e-14,3.12706240578e-15,1.40456561854e-14
0.6265,7.93242511894e-10,2.03838168732e-09,1.02306305869e-09,3.85465343853e-09,-3.57587281966e-14,1.940377329e-15,9.61797780091e-15
0.627,6.71896177875e-10,1.72745718963e-09,8.63398555596e-10,3.26272808107e-09,-2.50024837037e-14,1.16113809448e-15,6.6974217513e-15
0.6275,5.87988887248e-10,1.50995584326e-09,7.52625101298e-10,2.85055302188e-09,-1.74825756516e-14,6.73128143974e-16,4.75330834263e-15
0.628,5.29825346146e-10,1.35759123029e-09,6.75585345809e-10,2.56299005839e-09,-1.2242829948e-14,3.79325548541e-16,3.43673792766e-15
0.6285,4.89437510976e-10,1.25069907479e-09,6.21891606912e-10,2.36201981366e-09,-8.58706355348e-15,2.08308398281e-16,2.52592339948e-15
0.629,4.61397128591e-10,1.17566975301e-09,5.8443989764e-10,2.22150086393e-09,-6.02675669895e-15,1.11652821684e-16,1.88192763781e-15
0.6295,4.41987703163e-10,1.12306800174e-09,5.58354568129e-10,2.12340610594e-09,-4.22536467953e-15,5.844251482e-17,1.41731990185e-15
0.63,4.28645844935e-10,1.08632118068e-09,5.40267697527e-10,2.05523180055e-09,-2.95229251789e-15,2.98447939833e-17,1.07623328652e-15
0.6305,4.19590172771e-10,1.0608264072e-09,5.2783679585e-10,2.00825134153e-09,-2.04899623835e-15,1.48196443204e-17,8.22255539481e-16
0.631,4.13575609469e-10,1.04334775116e-09,5.19423865765e-10,1.97634582785e-09,-1.40554289723e-15,7.1014252558e-18,6.31036157573e-16
0.6315,4.09729879374e-10,1.03160792576e-09,5.13880960032e-10,1.95521782342e-09,-9.44890924102e-16,3.23257028e-18,5.1575158532e-16
0.632,4.07443173059e-10,1.02400911859e-09,5.10405202076e-10,1.94185688253e-09,-6.12467653491e-16,1.35202101835e-18,4.91221511167e-16
0.6325,4.06292661714e-10,1.0194398735e-09,5.08439482188e-10,1.93417164859e-09,-3.692305825e-16,4.8082665127e-19,4.69171549484e-16
0.633,4.05990232768e-10,1.01714020431e-09,5.07603660764e-10,1.93073390703e-09,-1.86976582252e-16,1.1577258964e-19,5.53168215444e-14
0.6335,4.06346063564e-10,1.01660695823e-09,5.0764662729e-10,1.93059960378e-09,-4.5102161539e-17,5.27976253131e-21,3.22605034049e-15
0.634,4.07243303628e-10,1.0175277007e-09,5.08412941877e-10,1.93318401697e-09,7.16879300649e-17,2.93067079268e-20,1.44002140128e-14
0.6345,4.08620741951e-10,1.01973524374e-09,5.09820033258e-10,1.93817618963e-09,1.75041304634e-16,1.36973862218e-19,6.00410919035e-14
0.635,4.10461409893e-10,1.02317757347e-09,5.11843165298e-10,1.94548242312e-09,2.74192995084e-16,3.15637119195e-19,3.80842953744e-16
0.6355,4.12785741478e-10,1.0278996012e-09,5.14506357281e-10,1.95519207741e-09,3.76913427646e-16,5.77161104535e-19,3.65901292555e-16
0.636,4.15648387638e-10,1.03403436254e-09,5.17878129638e-10,1.967561371e-09,4.90268439054e-16,9.54043989671e-19,3.51535613769e-16
0.6365,4.19138189565e-10,1.04180232412e-09,5.22071319983e-10,1.98301245641e-09,6.2126783622e-16,1.50210988473e-18,3.38006803536e-16
0.637,4.2338110176e-10,1.05151818252e-09,5.27246742079e-10,2.0021468061e-09,7.77467179559e-16,2.30889385766e-18,3.25392788885e-16
0.6375,4.28546175426e-10,1.06360534043e-09,5.33620794586e-10,2.0257732815e-09,9.67583741216e-16,3.50859886942e-18,3.13151468732e-16
0.638,4.34855034481e-10,1.07861903683e-09,5.41477566147e-10,2.05495284493e-09,1.20219126766e-15,5.3061034681e-18,3.01157482199e-16
0.6385,4.42595671263e-10,1.09728006173e-09,5.51186487294e-10,2.09106372285e-09,1.49457014331e-15,8.01442706937e-18,2.89265139619e-16
0.639,4.52141922697e-10,1.12052221388e-09,5.63227251001e-10,2.13589326147e-09,1.86181113559e-15,1.21127656346e-17,2.77271153086e-16
0.6395,4.63980702863e-10,1.14955836228e-09,5.78224641865e-10,2.19176605163e-09,2.32631169881e-15,1.83362543782e-17,2.64894307661e-16
0.64,4.78750038775e-10,1.18597243508e-09,5.96997204718e-10,2.26172262422e-09,2.9178631054e-15,2.78148554178e-17,2.51744968188e-16
0.6405,4.97292638193e-10,1.23184817893e-09,6.20625719457e-10,2.34977025545e-09,3.67660461511e-15,4.22883543877e-17,2.37257316658e-16
0.641,5.20732139547e-10,1.28995078584e-09,6.5055044042e-10,2.46123808751e-09,4.65728116886e-15,6.44389082831e-17,2.20628365837e-16
0.6415,5.50582523521e-10,1.36398543472e-09,6.88710380542e-10,2.60328437261e-09,5.93543505341e-15,9.84051587887e-17,2.00746808499e-16
0.642,5.88906779609e-10,1.45896842085e-09,7.37744734e-10,2.78562770149e-09,7.61647299902e-15,1.50574969415e-16,1.76101537866e-16
0.6425,6.38549130704e-10,1.58176380144e-09,8.0128662062e-10,3.02160963256e-09,9.84900418557e-15,2.30802347093e-16,1.44832469585e-16
0.643,7.03477661007e-10,1.74186349171e-09,8.8439443052e-10,3.32974878195e-09,1.28444659205e-14,3.54261353403e-16,1.05170998863e-16
0.6435,7.89293081236e-10,1.95252403469e-09,9.94188099419e-10,3.73602266544e-09,1.69058750726e-14,5.44234088036e-16,1.12401272101e-16
0.644,9.03988009035e-10,2.23241932704e-09,1.14078972347e-09,4.27722036517e-09,2.24694290358e-14,8.36210475321e-16,2.29779709799e-16
0.6445,1.05908021219e-09,2.60802294418e-09,1.33870969145e-09,5.00584429487e-09,3.01634244481e-14,1.28369707761e-15,4.72407215343e-16
0.645,1.27129372634e-09,3.11697857798e-09,1.60886745894e-09,5.99718261696e-09,4.08880125572e-14,1.96590254019e-15,9.9290896143e-16
0.6455,1.5650206314e-09,3.81269289763e-09,1.98147708033e-09,7.35924951924e-09,5.59140869851e-14,2.99653567054e-15,2.62126542802e-15
0.646,1.97581561465e-09,4.77016036261e-09,2.49999367505e-09,9.24605116351e-09,7.69833708573e-14,4.53036011717e-15,8.85427595501e-15
0.6465,2.5550427051e-09,6.09228212165e-09,3.22605970913e-09,1.18734976347e-08,1.06349639622e-13,6.75806034708e-15,3.0278615715e-14
0.647,3.37519614126e-09,7.91404476486e-09,4.24454289005e-09,1.55339402577e-08,1.46609107171e-13,9.86767761046e-15,4.5413156471e-14
0.6475,4.53354725286e-09,1.03979040569e-08,5.66552079441e-09,2.05971860336e-08,1.99997301979e-13,1.39321092239e-14,6.77626357803e-21
0.648,6.14705708236e-09,1.37067866845e-08,7.61511016251e-09,2.7469239195e-08,2.66595329812e-13,1.86703397249e-14,6.77626357803e-21
0.6485,8.32202252478e-09,1.79332899913e-08,1.01982499996e-08,3.64539264101e-08,3.40813645758e-13,2.30808372615e-14,1.35525271561e-20
0.649,1.10703335187e-08,2.29659816128e-08,1.34077031582e-08,4.74444497893e-08,4.06322589722e-13,2.51770322117e-14,4.06575814682e-20
0.6495,1.41538493765e-08,2.83116676399e-08,1.69664743524e-08,5.94324462986e-08,4.32422414611e-13,2.25074147967e-14,1.49077798717e-19
0.65,1.69264508977e-08,3.29861910371e-08,2.01745635735e-08,7.00875990696e-08,3.79304303922e-13,1.42571012313e-14,6.50521303491e-19
0.6505,1.84140070121e-08,3.56774439648e-08,2.19877132109e-08,7.60793880536e-08,2.19742032795e-13,4.12370904197e-15,9.89334482393e-19
0.651,1.78451043634e-08,3.52938496397e-08,2.15390121475e-08,7.46779370292e-08,-2.92440633367e-14,1.22822704374e-16,8.4285876889e-16
0.6515,1.52911835788e-08,3.16425973362e-08,1.88071477019e-08,6.57406422848e-08,-2.94658123679e-13,8.32588495727e-15,5.42101086243e-20
0.652,1.1667966479e-08,2.56619413239e-08,1.46989128736e-08,5.20283625275e-08,-4.83895993758e-13,2.57470128673e-14,2.57498015965e-19
0.6525,8.06023727792e-09,1.8915892488e-08,1.04120716071e-08,3.73876975539e-08,-5.45916517508e-13,4.20973749995e-14,5.75982404133e-19
0.653,5.13389305505e-09,1.27842740306e-08,6.78151941179e-09,2.46992397123e-08,-4.95946521813e-13,4.91613766133e-14,2.30392961653e-19
0.6535,3.05814356531e-09,7.99543951795e-09,4.10768158462e-09,1.51609238336e-08,-3.87039685334e-13,4.62053657251e-14,3.38813178902e-20
0.654,1.71746009698e-09,4.65994754978e-09,2.32892072647e-09,8.70609649187e-09,-2.69311087121e-13,3.74387234481e-14,8.63573738886e-14
0.6545,9.13215290805e-10,2.54103742792e-09,1.23924435466e-09,4.69335359653e-09,-1.70857301233e-13,2.73855832921e-14,4.84620956104e-14
0.655,4.64026673168e-10,1.30114364008e-09,6.22122093882e-10,2.3872113087e-09,-9.97886109251e-14,1.86937431255e-14,4.42457434758e-14
0.6555,2.3471778608e-10,6.36786886305e-10,3.04069007087e-10,1.17553259139e-09,-5.33054126909e-14,1.22179540331e-14,8.56149393459e-15
0.656,1.34591589022e-10,3.23049555799e-10,1.63844101337e-10,6.21468040097e-10,-2.50240931186e-14,7.81816458375e-15,3.34935800882e-15
0.6565,1.07020015058e-10,2.11453507221e-10,1.24062804251e-10,4.42532587857e-10,-8.7458387181e-15,5.00719857629e-15,1.24228393143e-15
0.657,1.18836283246e-10,2.1204043472e-10,1.38893435349e-10,4.69773709711e-10,2.69313480107e-16,3.28709180725e-15,4.25613727205e-16
0.6575,1.52002631917e-10,2.74528707575e-10,1.83256580218e-10,6.09795419997e-10,5.2313411296e-15,2.26895753684e-15,1.75526402495e-16
0.658,1.97773522869e-10,3.73611040498e-10,2.44913651878e-10,8.16308060754e-10,8.15869229915e-15,1.6868445756e-15,4.1086603656e-16
0.6585,2.52903568902e-10,4.98955613494e-10,3.19232039723e-10,1.0711028555e-09,1.02600126428e-14,1.37343121964e-15,7.60403499607e-16
0.659,3.17323335612e-10,6.48924506275e-10,4.05951510339e-10,1.37221281713e-09,1.2235787254e-14,1.22922131781e-15,1.24983946532e-15
0.6595,3.92761191097e-10,8.26787945862e-10,5.07255921862e-10,1.72682073553e-09,1.4480378212e-14,1.19651792336e-15,1.92491286582e-15
0.66,4.81907316584e-10,1.03839946917e-09,6.26600908057e-10,2.14692613432e-09,1.72003455703e-14,1.2404735447e-15,2.86281211953e-15
0.6605,5.87829544126e-10,1.2905699236e-09,7.67897361454e-10,2.64631863588e-09,2.04710502675e-14,1.3361604089e-15,4.16907922573e-15
0.661,7.1343481007e-10,1.58961358003e-09,9.34769651677e-10,3.23784375145e-09,2.42504100711e-14,1.46008609427e-15,5.98726255206e-15
0.6615,8.60838130395e-10,1.93972133885e-09,1.12970708547e-09,3.93029650364e-09,2.83651932129e-14,1.58502083618e-15,8.49787159586e-15
0.662,1.03055300311e-09,2.34100074834e-09,1.353008852e-09,4.72459676361e-09,3.2484164582e-14,1.67801024497e-15,1.18996948254e-14
0.6625,1.22050900147e-09,2.78723528489e-09,1.60153992978e-09,5.60932201089e-09,3.60956977149e-14,1.70209451563e-15,1.63575106422e-14
0.663,1.42501158629e-09,3.26370650352e-09,1.8674665406e-09,6.55622476188e-09,3.85131674988e-14,1.6227624035e-15,2.19138739815e-14
0.6635,1.63392819378e-09,3.74575427701e-09,2.13734123085e-09,7.51706404962e-09,3.89349233098e-14,1.41927820785e-15,2.83423797127e-14
0.664,1.83254952092e-09,4.19901693347e-09,2.39208718191e-09,8.42369130691e-09,3.65801077166e-14,1.09869305198e-15,3.49915544673e-14
0.6645,2.00263252885e-09,4.58227100832e-09,2.60846580868e-09,9.19340094105e-09,3.08984311278e-14,7.06810387511e-16,4.07280749382e-14
0.665,2.12493236877e-09,4.85325423202e-09,2.76233268579e-09,9.74054141315e-09,2.18101607757e-14,3.27729508276e-16,4.41349634248e-14
0.6655,2.18299337692e-09,4.976748826e-09,2.83333417977e-09,9.9930863238e-09,9.887364509e-15,6.53092561658e-17,4.40295349279e-14
0.666,2.16722967545e-09,4.93289171725e-09,2.80984918395e-09,9.90996694515e-09,-3.62905618659e-15,8.17813592663e-18,4.16289520759e-14
0.6665,2.07781821876e-09,4.72289733891e-09,2.69243309296e-09,9.49313179477e-09,-1.70388566731e-14,1.91736712975e-16,3.61225026941e-14
0.667,1.92512234524e-09,4.36983764698e-09,2.49428091176e-09,8.78921289387e-09,-2.85809434721e-14,5.7728326545e-16,2.87321537818e-14
0.6675,1.72733471134e-09,3.91387694774e-09,2.23835325067e-09,7.87952908798e-09,-3.6879558343e-14,1.0621035668e-15,2.10788248564e-14
0.668,1.5062442238e-09,3.40356321469e-09,1.95221283714e-09,6.86198052902e-09,-4.12610215977e-14,1.51707486284e-15,1.44033277059e-14
0.6685,1.28273177479e-09,2.88620272489e-09,1.66245759923e-09,5.83135210297e-09,-4.18268222646e-14,1.83241989538e-15,9.28144822283e-15
0.669,1.07342579054e-09,2.4002714959e-09,1.39048625139e-09,4.86414619737e-09,-3.92892344944e-14,1.94959442823e-15,5.72086391389e-15
0.6695,8.89173668039e-10,1.97151081271e-09,1.15045793701e-09,4.01110961097e-09,-3.4674666292e-14,1.86830843952e-15,3.42493367651e-15
0.67,7.35173690589e-10,1.61272198582e-09,9.49334169713e-10,3.29720245234e-09,-2.90259207654e-14,1.63235325402e-15,2.02403266131e-15
0.6705,6.12156764734e-10,1.32614305496e-09,7.88296296422e-10,2.72657422781e-09,-2.31944175607e-14,1.30622006655e-15,1.20101987437e-15
0.671,5.17954129647e-10,1.10695630496e-09,6.6471360101e-10,2.28960724032e-09,-1.77491979307e-14,9.53957694818e-16,7.28399206728e-16
0.6715,4.48967583915e-10,9.46749177086e-10,5.74033636527e-10,1.96973804323e-09,-1.29804665452e-14,6.26203667833e-16,4.59960913216e-16
0.672,4.01302458384e-10,8.36265587443e-10,5.11261958283e-10,1.74882140309e-09,-8.95679911945e-15,3.55797867683e-16,3.08201408188e-16
0.6725,3.71513542748e-10,7.67250320981e-10,4.71946784967e-10,1.61070520993e-09,-5.59811215465e-15,1.59360900485e-16,2.2325586204e-16
0.673,3.570180516e-10,7.33483707261e-10,4.52730290974e-10,1.54322935062e-09,-2.74083613583e-15,4.16342200175e-17,1.77846425737e-16
0.6735,3.56271807318e-10,7.31224135086e-10,4.51586493818e-10,1.53908224655e-09,-1.85686173127e-16,1.86364062127e-19,7.77217001966e-14
0.674,3.68800016764e-10,7.59278101606e-10,4.67864134514e-10,1.59594455441e-09,2.27236317023e-15,2.91685646896e-17,1.65899873049e-16
0.6745,3.95147190093e-10,8.18862340661e-10,5.02219553895e-10,1.71623403352e-09,4.82724222236e-15,1.21641782411e-16,1.97321407261e-16
0.675,4.36781698515e-10,9.13344237621e-10,5.56486178879e-10,1.90662003741e-09,7.6519342154e-15,2.70477813285e-16,2.57738573322e-16
0.6755,4.95959312879e-10,1.04787242335e-09,6.33486493738e-10,2.17732958754e-09,1.08895936544e-14,4.68012926449e-16,3.63187398992e-16
0.676,5.75521762837e-10,1.22884418524e-09,7.36756436722e-10,2.54113772976e-09,1.46403298136e-14,7.04681536283e-16,5.41877469545e-16
0.6765,6.78584373006e-10,1.46310317378e-09,8.70124152798e-10,3.01183160583e-09,1.89394415126e-14,9.66894837187e-16,8.40741186522e-16
0.677,8.08048837348e-10,1.7567322961e-09,1.03706480248e-09,3.6018708952e-09,2.37248668418e-14,1.23457768462e-15,1.33402268182e-15
0.6775,9.65869190361e-10,2.11332056862e-09,1.23975210663e-09,4.31897213934e-09,2.87948426367e-14,1.47920590188e-15,2.13167360825e-15
0.678,1.15203452227e-09,2.53166636171e-09,1.47777248373e-09,5.16150879344e-09,3.37626846546e-14,1.66362796913e-15,3.38069822787e-15
0.6785,1.363303853e-09,3.00308482695e-09,1.7465674306e-09,6.11299588027e-09,3.80251604299e-14,1.74559293939e-15,5.24623747222e-15
0.679,1.59187964473e-09,3.50881658564e-09,2.03586061868e-09,7.13659930523e-09,4.07710536753e-14,1.68683202175e-15,7.85173114677e-15
0.6795,1.82443090737e-09,4.0184455681e-09,2.32858296572e-09,8.17150196942e-09,4.10628044115e-14,1.46805463869e-15,1.11643821358e-14
0.68,2.04209043796e-09,4.49054194491e-09,2.60103697881e-09,9.13370848061e-09,3.80159697021e-14,1.10667107488e-15,1.48497310097e-14
0.6805,2.22209141006e-09,4.87664416027e-09,2.82504537408e-09,9.9238126766e-09,3.10678307207e-14,6.69119270154e-16,1.81929327831e-14
0.681,2.34136349308e-09,5.12887671594e-09,2.97238427577e-09,1.04426450152e-08,2.02692511322e-14,2.66594769402e-16,2.02359491468e-14
0.6815,2.38158511397e-09,5.20997756076e-09,3.0208430091e-09,1.06124121825e-08,6.47739967195e-15,2.67241553041e-17,2.04873519137e-14
0.682,2.33418191329e-09,5.10286886968e-09,2.96013160079e-09,1.03971737433e-08,-8.68213842926e-15,4.63993950641e-17,1.89838040578e-14
0.6825,2.20324950856e-09,4.81619723707e-09,2.7953176369e-09,9.81474158547e-09,-2.31400794805e-14,3.46593905413e-16,1.56418220119e-14
0.683,2.00495986443e-09,4.38331576852e-09,2.54614686491e-09,8.93438844052e-09,-3.49104633687e-14,8.55477250783e-16,1.14709741814e-14
0.6835,1.76355021971e-09,3.85474628179e-09,2.24233225033e-09,7.86058756935e-09,-4.26139566572e-14,1.43287806212e-15,7.53711261697e-15
0.684,1.50554000728e-09,3.28686194578e-09,1.91666055614e-09,6.7090186519e-09,-4.57808777765e-14,1.92434893265e-15,4.4799437055e-15
0.6845,1.25437690047e-09,2.73079690816e-09,1.59846541195e-09,5.58359660341e-09,-4.48326605859e-14,2.21589254355e-15,2.43656142354e-15
0.685,1.02708662445e-09,2.22485364379e-09,1.30938380125e-09,4.56128553208e-09,-4.08008650038e-14,2.26364595914e-15,1.5519811998e-15
0.6855,8.33324506531e-10,1.79169005042e-09,1.06198715714e-09,3.68696886195e-09,-3.49432763585e-14,2.09123023901e-15,9.63310242122e-16
0.686,6.76279622137e-10,1.43961730587e-09,8.60731166874e-10,2.97660144636e-09,-2.84136788134e-14,1.76520105545e-15,4.92585234212e-16
0.6865,5.54522322017e-10,1.16629649216e-09,7.04162212793e-10,2.42496032321e-09,-2.20690871053e-14,1.36534832107e-15,2.11534620115e-16
0.687,4.63998233585e-10,9.63086537916e-10,5.87390506212e-10,2.01445982284e-09,-1.64170731224e-14,9.62211497648e-16,1.40595610783e-16
0.6875,3.99689775414e-10,8.18850302811e-10,5.04199862075e-10,1.7227288872e-09,-1.16591682916e-14,6.06072789372e-16,1.05775780387e-16
0.688,3.56774779354e-10,7.22694677994e-10,4.48542975993e-10,1.52800498248e-09,-7.77649406181e-15,3.25641638083e-16,7.7450998631e-17
0.6885,3.31305833866e-10,6.6561980078e-10,4.15432511087e-10,1.41235366065e-09,-4.61736190915e-15,1.32287681205e-16,5.62751749497e-17
0.689,3.20527472461e-10,6.41309624267e-10,4.01365987553e-10,1.36320114401e-09,-1.96633852203e-15,2.60657438435e-17,4.08845862981e-17
0.6895,3.22962984372e-10,6.46361179505e-10,4.04449438981e-10,1.37377401466e-09,4.10620182685e-16,1.18192911396e-18,2.94394771148e-17
0.69,3.3837754152e-10,6.80206299984e-10,4.24356384045e-10,1.44294301676e-09,2.74134754886e-15,4.98696623983e-17,2.34340135187e-17
0.6905,3.67687225046e-10,7.44890940085e-10,4.62211870077e-10,1.57479543566e-09,5.23595580646e-15,1.64498758118e-16,2.24785603542e-17
0.691,4.12844119253e-10,8.44784979732e-10,5.20440753025e-10,1.7780782713e-09,8.08117949165e-15,3.3810732822e-16,1.9656246574e-17
0.6915,4.76693442862e-10,9.86211509695e-10,6.02575062034e-10,2.06549201205e-09,1.14338402648e-14,5.6362150476e-16,2.65155193808e-17
0.692,5.62767413715e-10,1.17691369088e-09,7.12975453617e-10,2.45267279796e-09,1.54077666352e-14,8.31981113292e-16,6.16453638353e-17
0.6925,6.74951095219e-10,1.42521986653e-09,8.56386398931e-10,2.95657853945e-09,2.00493654986e-14,1.12942310441e-15,1.52045802164e-16
0.693,8.1693809496e-10,1.73872721141e-09,1.03722415814e-09,3.59291619773e-09,2.52989575003e-14,1.43430510463e-15,3.33659830451e-16
0.6935,9.9137846115e-10,2.12233719137e-09,1.25848784873e-09,4.37223615422e-09,3.09386833677e-14,1.71440890122e-15,6.55979583803e-16
0.694,1.19865670804e-09,2.57556974978e-09,1.52023268885e-09,5.29449760734e-09,3.65345950792e-14,1.92632654782e-15,1.31119514389e-15
0.6945,1.43533129763e-09,3.08932797844e-09,1.81766803529e-09,6.34237072295e-09,4.13927539497e-14,2.0193804932e-15,2.46198596449e-15
0.695,1.69245664308e-09,3.64270286571e-09,2.13918326281e-09,7.47438928017e-09,4.45629056962e-14,1.94666848002e-15,4.3016432701e-15
0.6955,1.95431099637e-09,4.20094519284e-09,2.46494792568e-09,8.62025073004e-09,4.4932835893e-14,1.6839835817e-15,6.91514310007e-15
0.696,2.19835254346e-09,4.71615621494e-09,2.7670517885e-09,9.68160324451e-09,4.14474360197e-14,1.2526644231e-15,1.00959788218e-14
0.6965,2.39729635072e-09,5.13214268665e-09,3.01217550128e-09,1.05416487143e-08,3.34432889384e-14,7.35621553586e-16,1.32004223362e-14
0.697,2.52373723228e-09,5.39381516255e-09,3.16719356546e-09,1.1084767241e-08,2.10130511071e-14,2.71421756118e-16,1.52447871763e-14
0.6975,2.55660229821e-09,5.45949841338e-09,3.20680344239e-09,1.12229094049e-08,5.23812337589e-15,1.65563440157e-17,1.5380265014e-14
0.698,2.48734627646e-09,5.31238875469e-09,3.12076645152e-09,1.09204896822e-08,-1.18811879347e-14,8.3828014954e-17,1.37765843113e-14
0.6985,2.32319373023e-09,4.96659284104e-09,2.91770813048e-09,1.02074673242e-08,-2.78614506792e-14,4.86045585357e-16,1.06739602237e-14
0.699,2.08569540029e-09,4.46477570336e-09,2.62350687732e-09,9.17393869016e-09,-4.04095049066e-14,1.11996694759e-15,7.16676609551e-15
0.6995,1.80506598177e-09,3.86794653868e-09,2.27473992564e-09,7.9477061972e-09,-4.80528188028e-14,1.80465279656e-15,4.19053287621e-15
0.7,1.51274728697e-09,3.24130175458e-09,1.90990267356e-09,6.66390361335e-09,-5.04553577971e-14,2.35402035061e-15,3.3480874594e-15
0.7005,1.23507971317e-09,2.64127644313e-09,1.56172356805e-09,5.43803404692e-09,-4.83205203678e-14,2.64333624469e-15,3.15780659e-15
0.701,9.89849848623e-10,2.10756168072e-09,1.25274906065e-09,4.35012023571e-09,-4.29927980433e-14,2.63864675023e-15,2.2669854275e-15
0.7015,7.85861734154e-10,1.66110339867e-09,9.9454343862e-10,3.44147497864e-09,-3.59778063784e-14,2.3850804175e-15,1.29872512484e-15
0.702,6.24579395118e-10,1.3067539016e-09,7.89496622274e-10,2.72080332178e-09,-2.85687854144e-14,1.9716095603e-15,6.13151903924e-16
0.7025,5.02623113431e-10,1.03824912274e-09,6.33807285777e-10,2.17465935653e-09,-2.16597289521e-14,1.4943377217e-15,2.4329327344e-16
0.703,4.14185151339e-10,8.43431820168e-10,5.204725238e-10,1.77807480215e-09,-1.57251028162e-14,1.03196359539e-15,1.5622336866e-16
0.7035,3.52888949007e-10,7.08474568477e-10,4.41642514228e-10,1.50299576781e-09,-1.09000783907e-14,6.36185721518e-16,1.10747863788e-16
0.704,3.12982352131e-10,6.20690246084e-10,3.9015961008e-10,1.32382544757e-09,-7.09381998403e-15,3.33098179529e-16,7.75949942321e-17
0.7045,2.89963752341e-10,5.70058012241e-10,3.60383241659e-10,1.22040104349e-09,-4.09266227641e-15,1.29918203531e-16,5.48775705867e-17
0.705,2.80815344155e-10,5.49824796297e-10,3.48510265495e-10,1.17914879432e-09,-1.63432011787e-15,2.26942751558e-17,4.50418240032e-17
0.7055,2.84009491073e-10,5.56560675194e-10,3.52599172938e-10,1.19316988993e-09,5.48112181582e-16,2.61984776855e-18,4.35086943687e-17
0.706,2.99414254206e-10,5.89958184709e-10,3.72458343153e-10,1.26183354775e-09,2.70550036169e-15,6.01827311096e-17,4.46386363203e-17
0.7065,3.28172344773e-10,6.52551811696e-10,4.09493746322e-10,1.39022315619e-09,5.06617932476e-15,1.87225858486e-16,4.46979286266e-17
0.707,3.72581657793e-10,7.49425959418e-10,4.66553293693e-10,1.58856912319e-09,7.83500760454e-15,3.77286358523e-16,4.28869721854e-17
0.7075,4.35967695394e-10,8.87888726888e-10,5.47755664262e-10,1.87162390162e-09,1.11905217949e-14,6.24555731098e-16,3.80876835062e-17
0.708,5.22506907916e-10,1.07701017352e-09,6.58249778229e-10,2.25778305528e-09,1.52739694621e-14,9.21655799014e-16,7.11897310849e-17
0.7085,6.36924999319e-10,1.32685550917e-09,8.03810067981e-10,2.76761199761e-09,2.0164775979e-14,1.25637062059e-15,1.82721947382e-16
0.709,7.8396269741e-10,1.64719148823e-09,9.90136109312e-10,3.42131774059e-09,2.58380011538e-14,1.6076591023e-15,4.17946384966e-16
0.7095,9.67486459509e-10,2.0454260619e-09,1.22171317362e-09,4.23465973959e-09,3.21028869414e-14,1.94173450072e-15,8.52880862722e-16
0.71,1.18913012259e-09,2.52362412814e-09,1.50011451896e-09,5.21290950816e-09,3.85285762731e-14,2.21006424499e-15,1.53423755363e-15
0.7105,1.44645449446e-09,3.07468699539e-09,1.82175545425e-09,6.34294367313e-09,4.43772250853e-14,2.3522018309e-15,2.37627300649e-15
0.711,1.73081688766e-09,3.6782703736e-09,2.17537717146e-09,7.58451532264e-09,4.85834745578e-14,2.30722995373e-15,3.05399762012e-15
0.7115,2.02552432812e-09,4.29770901077e-09,2.53997697448e-09,8.86326218395e-09,4.98360060676e-14,2.03597419099e-15,4.75219025914e-15
0.712,2.30528227905e-09,4.87987801764e-09,2.88437829548e-09,1.00695869549e-08,4.68141997777e-14,1.55073920204e-15,7.57346388294e-15
0.7125,2.53817328306e-09,5.36001638141e-09,3.16981966724e-09,1.10680488556e-08,3.85867899638e-14,9.40030748086e-16,1.05468680122e-14
0.713,2.69095472928e-09,5.67241873903e-09,3.35635857152e-09,1.17197574866e-08,2.50824559188e-14,3.67874804245e-16,1.26694478747e-14
0.7135,2.73704470118e-09,5.76539840384e-09,3.41225759805e-09,1.19147081621e-08,7.43124792856e-15,3.1282416541e-17,1.29601461941e-14
0.714,2.66463342774e-09,5.61596293335e-09,3.32340121346e-09,1.16039855933e-08,-1.20601848434e-14,8.18353398712e-17,1.15290332077e-14
0.7145,2.4812819086e-09,5.23820380897e-09,3.09865410819e-09,1.08181099582e-08,-3.04139924235e-14,5.48281158828e-16,8.64509947462e-15
0.715,2.21246167752e-09,4.68116234998e-09,2.76828809438e-09,9.66186860482e-09,-4.48252643854e-14,1.30929683256e-15,5.44724516687e-15
0.7155,1.89446895064e-09,4.01649377126e-09,2.37587469095e-09,8.2867860724e-09,-5.34795392314e-14,2.13974865488e-15,4.00916279342e-15
0.716,1.56495105556e-09,3.32089706589e-09,1.96719717178e-09,6.85299212614e-09,-5.59720012803e-14,2.80534315445e-15,5.29428456912e-15
0.7165,1.2549328686e-09,2.66005397475e-09,1.58062177943e-09,5.49555858649e-09,-5.3186455727e-14,3.15045298512e-15,4.87167272668e-15
0.717,9.84663810494e-10,2.07897361897e-09,1.24177487156e-09,4.30536865501e-09,-4.67818642692e-14,3.13601997831e-15,3.37344084958e-15
0.7175,7.63367709437e-10,1.59994928354e-09,9.62864224292e-10,3.32614545777e-09,-3.85818663807e-14,2.82246086317e-15,1.84830212387e-15
0.718,5.91537202534e-10,1.2262521945e-09,7.45209451385e-10,2.56297105648e-09,-3.01144065825e-14,2.32252147924e-15,8.29663689638e-16
0.7185,4.64150350928e-10,9.4848593329e-10,5.83076728796e-10,1.9956923692e-09,-2.23978836711e-14,1.75409694725e-15,3.12143499524e-16
0.719,3.73641316132e-10,7.50976837083e-10,4.67350268172e-10,1.59195369412e-09,-1.59376321218e-14,1.21038087564e-15,1.5949122177e-16
0.7195,3.12085842626e-10,6.16732455965e-10,3.88299625705e-10,1.31710783326e-09,-1.08407434332e-14,7.4971322637e-16,1.06404278834e-16
0.72,2.72527200405e-10,5.30574121838e-10,3.37293691739e-10,1.14038845048e-09,-6.96247484652e-15,3.98984191136e-16,7.45050180405e-17
0.7205,2.4960813044e-10,4.80701132738e-10,3.07640955009e-10,1.03794634913e-09,-4.03202624598e-15,1.62976044438e-16,5.92465665286e-17
0.721,2.39747699783e-10,4.59185966484e-10,2.94844643628e-10,9.93776605532e-10,-1.73855950276e-15,3.42011562075e-17,5.34613314989e-17
0.7215,2.41077498605e-10,4.61882090695e-10,2.96541294449e-10,9.99501105844e-10,2.21520016744e-16,5.79959720887e-19,5.21348779035e-17
0.722,2.53287597332e-10,4.88098431496e-10,3.12316523315e-10,1.05370472823e-09,2.12580074045e-15,5.02914942022e-17,5.77930579912e-17
0.7225,2.77470012475e-10,5.40249179753e-10,3.43511126482e-10,1.16123471665e-09,4.22381319594e-15,1.74128976302e-16,6.50470481514e-17
0.723,3.15995415087e-10,6.23561836958e-10,3.93062804289e-10,1.33262716388e-09,6.74160389204e-15,3.65942279358e-16,7.2216335017e-17
0.7235,3.72416626654e-10,7.45826381268e-10,4.65374906953e-10,1.58362842144e-09,9.88495571445e-15,6.21616065737e-16,7.60584764658e-17
0.724,4.5135577013e-10,9.17084480601e-10,5.66157853505e-10,1.93461287557e-09,1.3834539882e-14,9.36797156514e-16,7.17775719503e-17
0.7245,5.58298214607e-10,1.14907856152e-09,7.02145163858e-10,2.4095419699e-09,1.87265138538e-14,1.30340028392e-15,1.60341642849e-16
0.725,6.9917943605e-10,1.45420465829e-09,8.80539860421e-10,3.03395027225e-09,2.4612589021e-14,1.70491849104e-15,3.95887952954e-16
0.7255,8.7960736988e-10,1.84365773065e-09,1.10800314249e-09,3.83130174901e-09,3.13949937421e-14,2.11104602936e-15,8.77207648967e-16
0.726,1.10354994057e-09,2.32446836592e-09,1.38899305345e-09,4.81705257043e-09,3.87375230583e-14,2.47309532657e-15,1.72710356758e-15
0.7265,1.37136519114e-09,2.89530820702e-09,1.7233350121e-09,5.99005710001e-09,4.59667527693e-14,2.72331284327e-15,2.95832355466e-15
0.727,1.67723534514e-09,3.54139994591e-09,2.10314707743e-09,7.32183715131e-09,5.20005900973e-14,2.78292844011e-15,4.26346241297e-15
0.7275,2.00645620879e-09,4.2296725446e-09,2.50971972657e-09,8.74590643132e-09,5.53687432606e-14,2.58390458824e-15,4.91638251377e-15
0.728,2.33363881275e-09,4.90630807269e-09,2.91162540867e-09,1.01516288027e-08,5.44058273668e-14,2.10486460743e-15,5.79014104458e-15
0.7285,2.62343362714e-09,5.49948573163e-09,3.26589660756e-09,1.13888650433e-08,4.76693252316e-14,1.4107718696e-15,8.99426339613e-15
0.729,2.83533013766e-09,5.92951575e-09,3.5239308961e-09,1.22888119842e-08,3.45325301572e-14,6.71798055438e-16,1.18123386235e-14
0.7295,2.93273068848e-09,6.12595006139e-09,3.64218357737e-09,1.27008801984e-08,1.57430022984e-14,1.3230238948e-16,1.29493312774e-14
0.73,2.89390266024e-09,6.04718102516e-09,3.59483896068e-09,1.25359162837e-08,-6.3800721186e-15,2.13509036179e-17,1.1961050504e-14
0.7305,2.72010285028e-09,5.69483270905e-09,3.38318296301e-09,1.17980905944e-08,-2.83654138078e-14,4.39877876622e-16,9.19599276285e-15
0.731,2.43643732668e-09,5.11585764333e-09,3.03673283214e-09,1.05889825181e-08,-4.65759887994e-14,1.29335508209e-15,5.76892117518e-15
0.7315,2.08455371729e-09,4.39045890233e-09,2.60501752632e-09,9.0799741225e-09,-5.83446872087e-14,2.32212500801e-15,5.55575008741e-15
0.732,1.71069526956e-09,3.61081956776e-09,2.14379099065e-09,7.46524633328e-09,-6.27104041507e-14,3.21635955631e-15,8.14538730519e-15
0.7325,1.35457555063e-09,2.8595225281e-09,1.70178719665e-09,5.91582857644e-09,-6.04427577289e-14,3.74429109404e-15,7.94397303472e-15
0.733,1.04293863414e-09,2.19521436119e-09,1.31262182844e-09,4.55072518415e-09,-5.34617412325e-14,3.82240834989e-15,5.65462932554e-15
0.7335,7.88487866617e-10,1.64826884198e-09,9.9297592493e-10,3.42969210372e-09,-4.40362367605e-14,3.50658080808e-15,3.11495688726e-15
0.734,5.92528692937e-10,1.22456205465e-09,7.45401104493e-10,2.56246065179e-09,-3.41332515476e-14,2.93303299824e-15,1.38317092155e-15
0.7345,4.49071179381e-10,9.13318368469e-10,5.63151256006e-10,1.9255179657e-09,-2.50909878851e-14,2.25286920542e-15,5.09441189863e-16
0.735,3.48708541539e-10,6.95333921888e-10,4.34947358349e-10,1.47897382244e-09,-1.75876669176e-14,1.58834734332e-15,1.69425224176e-16
0.7355,2.81475544081e-10,5.49428932777e-10,3.4858797125e-10,1.17948168134e-09,-1.17834396543e-14,1.01668153626e-15,1.04915194913e-16
0.736,2.38561598963e-10,4.56502340556e-10,2.93164658175e-10,9.88221658616e-10,-7.51251671836e-15,5.73445873005e-16,7.33327244415e-17
0.7365,2.13099112985e-10,4.01504010481e-10,2.601148214e-10,8.74713759416e-10,-4.45020876175e-15,2.64764175657e-16,5.76278865664e-17
0.737,2.00351256443e-10,3.7399402189e-10,2.43501108856e-10,8.17844240981e-10,-2.2266458149e-15,8.04411604558e-17,4.9124522809e-17
0.7375,1.97587392823e-10,3.67938406094e-10,2.39880725967e-10,8.05406041001e-10,-4.88106855627e-16,4.22835387296e-18,4.52146187244e-17
0.738,2.03849661545e-10,3.81220159436e-10,2.48026290949e-10,8.330972123e-10,1.08004138362e-15,2.0332592283e-17,4.93879500556e-17
0.7385,2.1973170829e-10,4.1515278781e-10,2.68653500156e-10,9.03540866436e-10,2.75347206347e-15,1.1671157164e-16,5.79040193073e-17
0.739,2.4722312208e-10,4.74126032034e-10,3.04225513382e-10,1.02557973299e-09,4.77944152565e-15,2.86053879716e-16,6.91704045387e-17
0.7395,2.89625685613e-10,5.65398357767e-10,3.58842263527e-10,1.21387422059e-09,7.38852270367e-15,5.25166889055e-16,8.13287154636e-17
0.74,3.51512225924e-10,6.98963445337e-10,4.38176070067e-10,1.48866337481e-09,1.08003592982e-14,8.33128351304e-16,9.02920181114e-17
0.7405,4.38666177615e-10,8.87336681234e-10,5.49372315067e-10,1.87539159931e-09,1.52172306387e-14,1.20816900058e-15,9.02971003091e-17
0.741,5.57894841741e-10,1.14501870052e-09,7.00782202549e-10,2.40371818593e-09,2.07980138782e-14,1.64312112276e-15,2.50921652163e-16
0.7415,7.16567573723e-10,1.48729425624e-09,9.01336663629e-10,3.10522821751e-09,2.76047157585e-14,2.1192317338e-15,6.29375972996e-16
0.742,9.21664164156e-10,1.92794612796e-09,1.15930501314e-09,4.00895341919e-09,3.55150758153e-14,2.59893822511e-15,1.41894959324e-15
0.7425,1.17809518293e-09,2.47546866235e-09,1.48017100442e-09,5.13378197132e-09,4.41021737315e-14,3.01964611888e-15,2.83199367277e-15
0.743,1.48611727561e-09,3.12761427916e-09,1.86345738962e-09,6.47724473768e-09,5.25007477623e-14,3.29305416857e-15,4.87437645585e-15
0.7435,1.83792996048e-09,3.86476798469e-09,2.29867732867e-09,8.00143790369e-09,5.93137076541e-14,3.31724033548e-15,6.95427602223e-15
0.744,2.21412631797e-09,4.64381801176e-09,2.76129673741e-09,9.61930672697e-09,6.26531248403e-14,3.00869814226e-15,7.75019900145e-15
0.7445,2.58156871229e-09,5.39562574159e-09,3.21058357243e-09,1.11878408079e-08,6.04307000846e-14,2.35403381712e-15,7.74570295056e-15
0.745,2.89503572402e-09,6.02999937605e-09,3.59198049133e-09,1.25170680111e-08,5.09607804392e-14,1.46338290281e-15,1.15970262365e-14
0.7455,3.10469402783e-09,6.45080344082e-09,3.84614056807e-09,1.34016723911e-08,3.37731897933e-14,5.86681796386e-16,1.45454259531e-14
0.746,3.169077593e-09,6.57960408738e-09,3.92403642486e-09,1.36727284477e-08,1.02956480267e-14,5.22723684016e-17,1.48623924582e-14
0.7465,3.0692698278e-09,6.38035498164e-09,3.80322079523e-09,1.32528296618e-08,-1.60659527341e-14,1.27382899255e-16,1.27394941113e-14
0.747,2.81724224372e-09,5.87408354941e-09,3.49743546869e-09,1.21887213965e-08,-4.07314115935e-14,8.68699931492e-16,8.80591037372e-15
0.7475,2.45315522501e-09,5.13536007706e-09,3.05379094531e-09,1.06422489059e-08,-5.94064466393e-14,2.06654228427e-15,5.58849638115e-15
0.748,2.0325888243e-09,4.27113600251e-09,2.5383801901e-09,8.84203885573e-09,-6.94944212196e-14,3.33437482783e-15,1.13506887266e-14
0.7485,1.61033641756e-09,3.39152039894e-09,2.01748687098e-09,7.01927723394e-09,-7.07416094084e-14,4.28896135196e-15,1.36385755391e-14
0.749,1.22808315659e-09,2.58487240514e-09,1.54268483935e-09,5.3555802136e-09,-6.48916571617e-14,4.70477741631e-15,1.11644227934e-14
0.7495,9.09464225875e-10,1.90512592498e-09,1.1442329577e-09,3.95877296496e-09,-5.4705811372e-14,4.56254097179e-15,6.74501822668e-15
0.75,6.61572857603e-10,1.37192801112e-09,8.32199539036e-10,2.86566146908e-09,-4.29357029769e-14,3.99716968845e-15,3.17077974662e-15
0.7505,4.79850239159e-10,9.79030239484e-10,6.01995165271e-10,2.06084718757e-09,-3.16611352407e-14,3.20485193182e-15,1.20414712001e-15
0.751,3.53503418125e-10,7.05260574312e-10,4.40903186956e-10,1.49964746292e-09,-2.20819970769e-14,2.36554783788e-15,3.79323376637e-16
0.7515,2.69830520334e-10,5.24065300343e-10,3.33485137796e-10,1.12736793039e-09,-1.46323390014e-14,1.60427252472e-15,1.19543453912e-16
0.752,2.16973187751e-10,4.0995088759e-10,2.65116577445e-10,8.92032410443e-10,-9.22864081412e-15,9.86304855046e-16,7.35834461939e-17
0.7525,1.85281345512e-10,3.41864343918e-10,2.2379457476e-10,7.50935279602e-10,-5.5153348474e-15,5.30751206051e-16,4.9734386531e-17
0.753,1.67720405436e-10,3.04340403271e-10,2.00718470436e-10,6.7277646371e-10,-3.0443176492e-15,2.28888250827e-16,4.21314187964e-17
0.7535,1.59747320348e-10,2.87356779262e-10,1.90176684673e-10,6.37279465291e-10,-1.37875244154e-15,5.97619452403e-17,3.69543534228e-17
0.754,1.58974501434e-10,2.85641717468e-10,1.89147227787e-10,6.33763310164e-10,-1.37174893645e-16,6.52728192267e-19,3.39372220647e-17
0.7545,1.64817924048e-10,2.97908049957e-10,1.96866293959e-10,6.5959330135e-10,1.00058041668e-15,3.2807750802e-17,3.63529600303e-17
0.755,1.78227418873e-10,3.26258499417e-10,2.14494845989e-10,7.1898321511e-10,2.30704192184e-15,1.43791866867e-16,4.19399893503e-17
0.7555,2.01537302258e-10,3.75846864672e-10,2.44930599276e-10,8.2231912147e-10,4.02752695049e-15,3.27739957492e-16,5.45828031211e-17
0.756,2.38431155122e-10,4.54778566865e-10,2.92757513596e-10,9.85974219253e-10,6.39934337426e-15,5.84329868076e-16,7.01563508893e-17
0.7565,2.93982167265e-10,5.74162362391e-10,3.64284266992e-10,1.23243937726e-09,9.66385888795e-15,9.16760464476e-16,8.54639303121e-17
0.757,3.74704665561e-10,7.48150826453e-10,4.67586174645e-10,1.59045706057e-09,1.40653616774e-14,1.32855831458e-15,9.36818439663e-17
0.7575,4.8851307873e-10,9.93709512034e-10,6.12413821518e-10,2.09465806017e-09,1.98292398262e-14,1.81865994924e-15,2.38556665199e-16
0.758,6.44415353102e-10,1.32972523519e-09,8.09753371051e-10,2.78392344242e-09,2.71088096796e-14,2.37429549323e-15,6.47790469269e-16
0.7585,8.51696252561e-10,1.77492068543e-09,1.07073077831e-09,3.69738656696e-09,3.58892009295e-14,2.96153625916e-15,1.5876751682e-15
0.759,1.11825398118e-09,2.34395581239e-09,1.40447058921e-09,4.86672973939e-09,4.58416459594e-14,3.51518981974e-15,3.46007537943e-15
0.7595,1.44775165965e-09,3.04123486262e-09,1.81455281177e-09,6.30359940563e-09,5.61392869376e-14,3.93289699603e-15,6.53643466935e-15
0.76,1.83546368037e-09,3.85257867332e-09,2.29401448963e-09,7.98212621107e-09,6.52864550279e-14,4.0826352054e-15,1.02985247283e-14
0.7605,2.26332131197e-09,4.73632766837e-09,2.81963255137e-09,9.81935643933e-09,7.10742977193e-14,3.83592666963e-15,1.27765263918e-14
0.761,2.69587486789e-09,5.61752029453e-09,3.34759469776e-09,1.16610638187e-08,7.0829786571e-14,3.1330288717e-15,1.14075076967e-14
0.7615,3.08030047607e-09,6.39058355894e-09,3.81412451281e-09,1.32850727066e-08,6.21004611757e-14,2.06454005259e-15,1.51549102044e-14
0.762,3.35395933701e-09,6.93539433255e-09,4.14479393597e-09,1.44341922441e-08,4.3727231731e-14,9.19183918411e-16,2.00819788858e-14
0.7625,3.46048667139e-09,7.14662938858e-09,4.27325789264e-09,1.48803909819e-08,1.69075287314e-14,1.29967967902e-16,2.1382154131e-14
0.763,3.36964995366e-09,6.96777482722e-09,4.16389986005e-09,1.45013102929e-08,-1.44357023565e-14,9.42132957032e-17,1.85873452047e-14
0.7635,3.090975402e-09,6.41441262224e-09,3.82737564094e-09,1.33327200918e-08,-4.45171847805e-14,9.47859683034e-16,1.26780977752e-14
0.764,2.67234343129e-09,5.57343365229e-09,3.31938877222e-09,1.15651006868e-08,-6.76189648058e-14,2.45236446464e-15,9.00433970007e-15
0.7645,2.18353975278e-09,4.57683881834e-09,2.72238889231e-09,9.48269143371e-09,-8.01246523273e-14,4.09683419275e-15,1.92970029604e-14
0.765,1.69401904143e-09,3.56271750023e-09,2.12002752376e-09,7.37668787109e-09,-8.15454331059e-14,5.35267226795e-15,2.33102891102e-14
0.7655,1.25589052726e-09,2.64129283571e-09,1.57668976061e-09,5.47380491212e-09,-7.41146483543e-14,5.904199427e-15,1.85969403939e-14
0.766,8.97414079983e-10,1.87783970812e-09,1.12871967139e-09,3.90391774637e-09,-6.14368464205e-14,5.72421905568e-15,1.06932082004e-14
0.7665,6.2549862775e-10,1.29338372507e-09,7.86406733695e-10,2.70524702226e-09,-4.70627189415e-14,4.99865787499e-15,4.68853742722e-15
0.767,4.32600673344e-10,8.76489545079e-10,5.41784323194e-10,1.85084493456e-09,-3.35992354366e-14,3.99224815732e-15,1.63013354172e-15
0.7675,3.03978354192e-10,5.98037142857e-10,3.77393739712e-10,1.2793897087e-09,-2.24684476673e-14,2.94041464057e-15,4.61888760204e-16
0.768,2.23202656337e-10,4.23544226042e-10,2.73209448629e-10,9.19944227022e-10,-1.41034592735e-14,1.99948413551e-15,1.08537107795e-16
0.7685,1.75451136068e-10,3.21035369715e-10,2.10910080876e-10,7.07389526471e-10,-8.30487492461e-15,1.2446918861e-15,5.18722976899e-17
0.769,1.489691351e-10,2.64796289511e-10,1.75847532566e-10,5.89609077774e-10,-4.5711402034e-15,6.91740354323e-16,3.95403450108e-17
0.7695,1.35340733112e-10,2.36294921254e-10,1.57477106779e-10,5.29110757479e-10,-2.32627939733e-15,3.22615191988e-16,3.1523178165e-17
0.77,1.2915111127e-10,2.23576284571e-10,1.48981917997e-10,5.01708377482e-10,-1.04243714953e-15,1.0608235808e-16,2.6384229274e-17
0.7705,1.27438590964e-10,2.20099166723e-10,1.46609570889e-10,4.94147054298e-10,-2.8487398167e-16,1.05968050811e-17,2.34551893424e-17
0.771,1.29171329892e-10,2.23588305321e-10,1.49027176073e-10,5.01787111339e-10,2.8922240375e-16,1.08314039697e-17,2.42420829504e-17
0.7715,1.34859164079e-10,2.35176092141e-10,1.5684004419e-10,5.26876344332e-10,9.53876046459e-16,9.00466108618e-17,2.73083422195e-17
0.772,1.46336847469e-10,2.5892061193e-10,1.72321527623e-10,5.77581171699e-10,1.94447753654e-15,2.40200846008e-16,3.14020524536e-17
0.7725,1.66713573221e-10,3.01686670987e-10,1.99347514352e-10,6.67751706385e-10,3.48683788966e-15,4.60988357228e-16,3.8235914272e-17
0.773,2.00461188545e-10,3.73322287116e-10,2.43499906136e-10,8.17289961047e-10,5.82095582999e-15,7.58296348674e-16,5.55119982642e-17
0.7735,2.53595727943e-10,4.87019367643e-10,3.12279286612e-10,1.05290473976e-09,9.21553807222e-15,1.14202551919e-15,7.45058650734e-17
0.774,3.33882885098e-10,6.59678202192e-10,4.15334654947e-10,1.4089113333e-09,1.39684036408e-14,1.62266693012e-15,9.09171284265e-17
0.7745,4.50945470273e-10,9.11981963564e-10,5.64551287121e-10,1.9275013094e-09,2.03827736768e-14,2.20568531259e-15,2.92571956245e-16
0.775,6.16081560867e-10,1.26769621894e-09,7.73744243675e-10,2.65755361097e-09,2.87049948218e-14,2.88252446211e-15,8.54497001586e-16
0.7755,8.41462651057e-10,1.75147800388e-09,1.05754916256e-09,3.65053243974e-09,3.90046567631e-14,3.61770001434e-15,2.24941118791e-15
0.776,1.13824025733e-09,2.38428082344e-09,1.42894690866e-09,4.95152330359e-09,5.09811695483e-14,4.33334415636e-15,5.24959511083e-15
0.7765,1.5130018282e-09,3.1755013251e-09,1.89482100287e-09,6.58339275482e-09,6.37021001219e-14,4.89750494797e-15,1.0566092272e-14
0.777,1.96223147516e-09,4.11177580203e-09,2.44927058863e-09,8.52335832828e-09,7.5335037372e-14,5.12964226874e-15,1.75889949036e-14
0.7775,2.46525037007e-09,5.14429925426e-09,3.06546297003e-09,1.06751004645e-08,8.3030882479e-14,4.84364750887e-15,2.27380675324e-14
0.778,2.97793985193e-09,6.17974085426e-09,3.68889055327e-09,1.28466584101e-08,8.32157341063e-14,3.94221445629e-15,2.06645749232e-14
0.7785,3.4319534446e-09,7.08290086694e-09,4.23738655313e-09,1.47523159326e-08,7.25357248336e-14,2.54270414042e-15,2.39953524173e-14
0.779,3.74509735221e-09,7.69878320344e-09,4.6139043704e-09,1.60578353831e-08,4.9414757608e-14,1.05524745758e-15,3.16538313031e-14
0.7795,3.84468684472e-09,7.894179471e-09,4.73348185375e-09,1.64723638711e-08,1.56148319949e-14,9.98932326223e-17,3.29466543023e-14
0.78,3.69618194954e-09,7.60527489864e-09,4.5555864538e-09,1.58570202263e-08,-2.32885607787e-14,2.22886695456e-16,2.7383064078e-14
0.7805,3.32098047197e-09,6.86751557698e-09,4.10430214494e-09,1.42927404089e-08,-5.93332945489e-14,1.55415587954e-15,1.73071802658e-14
0.781,2.79050290511e-09,5.80873550434e-09,3.46232473925e-09,1.20614817014e-08,-8.51138807489e-14,3.67046765414e-15,2.19262169456e-14
0.7815,2.19926650391e-09,4.60691459606e-09,2.74113288139e-09,9.54722317171e-09,-9.66112529362e-14,5.80506097552e-15,4.01318010128e-14
0.782,1.63339150355e-09,3.43466824962e-09,2.04475837854e-09,7.1127311298e-09,-9.42540734476e-14,7.25481770021e-15,4.1769068266e-14
0.7825,1.15041994903e-09,2.41694785139e-09,1.44506213804e-09,5.01235576172e-09,-8.18620792925e-14,7.68680011398e-15,2.8584075482e-14
0.783,7.75186946922e-10,1.61554701131e-09,9.7509607705e-10,3.36577271289e-09,-6.4500101368e-14,7.17830747565e-15,1.39573208134e-14
0.7835,5.06800368324e-10,1.03718719841e-09,6.36105908655e-10,2.18005294151e-09,-4.6587921513e-14,6.05423522107e-15,5.11980086419e-15
0.784,3.29321619115e-10,6.53161350666e-10,4.09934395009e-10,1.39239107801e-09,-3.09718833624e-14,4.68515878731e-15,1.45724903498e-15
0.7845,2.21124052993e-10,4.19330721712e-10,2.70547768063e-10,9.10987005664e-10,-1.88943882108e-14,3.357299843e-15,3.27450231914e-16
0.785,1.61061668024e-10,2.90562882571e-10,1.91946224697e-10,6.43562570275e-10,-1.04382934329e-14,2.2332808681e-15,5.82784078699e-17
0.7855,1.31567312024e-10,2.28560649977e-10,1.52289820596e-10,5.12414096528e-10,-5.05682711042e-15,1.37076000721e-15,3.34789772402e-17
0.786,1.19578068763e-10,2.04575429971e-10,1.35233592407e-10,4.59385867435e-10,-1.9845830914e-15,7.60878970896e-16,2.31231524271e-17
0.7865,1.16254053784e-10,1.99084886287e-10,1.29664352768e-10,4.45003174912e-10,-4.8140236317e-16,3.63476111657e-16,2.19500117951e-17
0.787,1.16188557899e-10,2.00147010997e-10,1.2875234093e-10,4.45088101993e-10,6.11814166229e-17,1.30986722397e-16,1.93479265812e-17
0.7875,1.16544870626e-10,2.01505025146e-10,1.28886155146e-10,4.46936171946e-10,9.97912320038e-17,2.12383355832e-17,1.42301535139e-17
0.788,1.16334137763e-10,2.00983858958e-10,1.28775472791e-10,4.46093434648e-10,-3.74612456036e-17,2.59778951319e-18,1.1176599739e-17
0.7885,1.15912853116e-10,1.99375804759e-10,1.28825995943e-10,4.44114596886e-10,-1.11795935831e-16,5.48639663133e-17,1.3152727605e-17
0.789,1.16707943432e-10,1.99833726979e-10,1.30797339881e-10,4.47339245514e-10,6.68969099632e-17,1.68325108384e-16,1.6122425118e-17
0.7895,1.21146809438e-10,2.07719057879e-10,1.37715949765e-10,4.66582836021e-10,6.76583582959e-16,3.42355917863e-16,2.01585371117e-17
0.79,1.32763896643e-10,2.30835877686e-10,1.54006186826e-10,5.17608459261e-10,1.91398046666e-15,5.84125977214e-16,2.52009242467e-17
0.7905,1.56455107351e-10,2.79982008739e-10,1.85802289476e-10,6.22244333028e-10,4.020031416e-15,9.07431933894e-16,3.40507244796e-17
0.791,1.98846161806e-10,3.69732432523e-10,2.41396981395e-10,8.09984205372e-10,7.29844319785e-15,1.33120649787e-15,5.52206189303e-17
0.7915,2.68727110011e-10,5.19309663807e-10,3.31756179165e-10,1.11980695233e-09,1.21225715357e-14,1.87678422446e-15,7.60720289929e-17
0.792,3.77441925255e-10,7.53264632841e-10,4.70954665183e-10,1.60168270576e-09,1.89199989416e-14,2.562490202e-15,2.69719007328e-16
0.7925,5.39033628987e-10,1.10143943056e-09,6.76262219513e-10,2.31676678689e-09,2.81144482118e-14,3.39341821133e-15,8.99713314376e-16
0.793,7.69768833799e-10,1.59730297408e-09,9.67394439219e-10,3.33451058631e-09,3.9994897017e-14,4.34444056407e-15,2.68948207346e-15
0.7935,1.08639648264e-09,2.27331572432e-09,1.36413900981e-09,4.72391102915e-09,5.44765943077e-14,5.336225521e-15,7.10853427445e-15
0.794,1.50222051672e-09,3.15172808378e-09,1.88131295924e-09,6.5353385022e-09,7.07338178293e-14,6.20999758831e-15,1.61893339446e-14
0.7945,2.0200608617e-09,4.22976940914e-09,2.52013377563e-09,8.77005751183e-09,8.67502223502e-14,6.7186209876e-15,3.04790711441e-14
0.795,2.62197738011e-09,5.46055991115e-09,3.2562165379e-09,1.13388593672e-08,9.89778717317e-14,6.56765008119e-15,4.45027044729e-14
0.7955,3.25813935047e-09,6.73595774739e-09,4.02737474197e-09,1.40215798669e-08,1.02497523616e-13,5.54252376832e-15,4.55508636994e-14
0.796,3.8415697182e-09,7.88364571875e-09,4.72901609242e-09,1.64543273922e-08,9.21664591337e-14,3.71537100914e-15,3.98668931526e-14
0.7965,4.25898299943e-09,8.69272342999e-09,5.22802961564e-09,1.81798025474e-08,6.49069939821e-14,1.61914557968e-15,5.43609821328e-14
0.797,4.40386601436e-09,8.97227434263e-09,5.40088334131e-09,1.87770461982e-08,2.23444119139e-14,1.79987613418e-16,5.72878197788e-14
0.7975,4.22198090342e-09,8.62469117986e-09,5.18451804804e-09,1.80311623735e-08,-2.80228875426e-14,2.83437523077e-16,4.71592776223e-14
0.798,3.74193089364e-09,7.69498791195e-09,4.61059858464e-09,1.60474448042e-08,-7.47573632878e-14,2.18192162262e-15,2.85224927986e-14
0.7985,3.0666128584e-09,6.36230029634e-09,3.79713837221e-09,1.3225949636e-08,-1.07112273832e-13,5.22920992852e-15,5.21429145521e-14
0.799,2.32975245559e-09,4.87456184171e-09,2.90095240572e-09,1.01051553497e-08,-1.19575576835e-13,8.22986024948e-15,9.0244086211e-14
0.7995,1.64709799004e-09,3.46392572489e-09,2.06184310994e-09,7.17276354267e-09,-1.13409334466e-13,1.01325764408e-14,8.54743522054e-14
0.8,1.08881868428e-09,2.28671990543e-09,1.36832710401e-09,4.74378151748e-09,-9.46886680305e-14,1.05149749477e-14,5.14933961356e-14
0.8005,6.77985412179e-10,1.40722653086e-09,8.52793082414e-10,2.93794382022e-09,-7.07943636426e-14,9.58995459339e-15,2.13943090538e-14
0.801,4.04279579904e-10,8.16018444527e-10,5.05840394436e-10,1.72609867317e-09,-4.7642541166e-14,7.89704528952e-15,6.40165986898e-15
0.8015,2.40575576868e-10,4.6170421511e-10,2.95823795774e-10,9.98080961636e-10,-2.8606000444e-14,5.97992505669e-15,1.39589420345e-15
0.802,1.55673824051e-10,2.79323653252e-10,1.8481533763e-10,6.19802249742e-10,-1.47792534203e-14,4.21407043959e-15,2.15459770793e-16
0.8025,1.21644153082e-10,2.08463023033e-10,1.38245057905e-10,4.68349214142e-10,-5.80122075667e-15,2.78134517717e-15,4.10912623372e-17
0.803,1.16789930031e-10,2.01420506315e-10,1.29014685247e-10,4.47226187852e-10,-6.53613613554e-16,1.7198748016e-15,6.40373848783e-17
0.8035,1.25929662085e-10,2.24648212911e-10,1.38066369952e-10,4.88647031858e-10,1.79850280695e-15,9.88411065887e-16,8.15387796345e-17
0.804,1.39386891847e-10,2.56781074786e-10,1.53204277726e-10,5.49375292937e-10,2.53237268243e-15,5.16208495592e-16,8.87029843024e-17
0.8045,1.51593811013e-10,2.85557246401e-10,1.67371415747e-10,6.04524984217e-10,2.27890705157e-15,2.32154831502e-16,1.02272452117e-16
0.805,1.59773753315e-10,3.04887134934e-10,1.77010565282e-10,6.41673065353e-10,1.5340255727e-15,7.78026653299e-17,1.12494445725e-16
0.8055,1.62913862415e-10,3.12562297979e-10,1.80782043575e-10,6.56258824448e-10,6.09849401079e-16,1.06353065045e-17,1.0917068844e-16
0.806,1.61060473091e-10,3.08691154025e-10,1.78684293732e-10,6.48435616601e-10,-3.07019703929e-16,2.77793370442e-18,9.56977823808e-17
0.8065,1.54897727166e-10,2.94770579936e-10,1.71528695889e-10,6.21195936733e-10,-1.10450870959e-15,3.8255501762e-17,7.86978311294e-17
0.807,1.45551626938e-10,2.73259146494e-10,1.60695543312e-10,5.79504722307e-10,-1.70481544681e-15,1.1038149854e-16,5.70239520751e-17
0.8075,1.34568531948e-10,2.47537544542e-10,1.48107876732e-10,5.30212139811e-10,-2.03331777749e-15,2.19907576553e-16,3.54356233484e-17
0.808,1.24035910161e-10,2.2218380175e-10,1.36382858211e-10,4.82600950895e-10,-1.99329771852e-15,3.74071215517e-16,1.78715481541e-17
0.8085,1.1683211865e-10,2.03534498031e-10,1.29144411004e-10,4.495101712e-10,-1.44293203463e-15,5.86446904975e-16,1.04447632726e-17
0.809,1.17007325473e-10,2.00537763618e-10,1.31499802791e-10,4.49045597392e-10,-1.71868080904e-16,8.77379008213e-16,1.48569578948e-17
0.8095,1.30312914434e-10,2.25915153326e-10,1.50697534494e-10,5.06929000438e-10,2.12358512317e-15,1.27459935306e-15,2.00077652471e-17
0.81,1.64887234344e-10,2.97633097521e-10,1.9696967909e-10,6.59497689505e-10,5.86525219745e-15,1.81329897361e-15,3.94996874293e-17
0.8105,2.32067811268e-10,4.40596997334e-10,2.84514716722e-10,9.57193670318e-10,1.16107665503e-14,2.53423094035e-15,8.45203356088e-17
0.811,3.47238821198e-10,6.8825327727e-10,4.3248052496e-10,1.46799614643e-09,2.00457174665e-14,3.47730043219e-15,3.8872205422e-16
0.8115,5.3044596221e-10,1.08335627902e-09,6.65579613792e-10,2.2794184377e-09,3.19162026559e-14,4.66653705118e-15,1.5430704132e-15
0.812,8.06212213766e-10,1.67641524168e-09,1.01357379504e-09,3.49625517296e-09,4.78416290864e-14,6.08110807732e-15,5.35104594098e-15
0.8125,1.20142926122e-09,2.51933742637e-09,1.5082261232e-09,5.22906834754e-09,6.79283539509e-14,7.60944801939e-15,1.6075557091e-14
0.813,1.73947572313e-09,3.65095161278e-09,2.17559200922e-09,7.56611945191e-09,9.11162497334e-14,8.99411965781e-15,4.07167145323e-14
0.8135,2.42832876355e-09,5.07168303804e-09,3.02138758824e-09,1.05215234905e-08,1.14308699202e-13,9.80197735757e-15,8.27863947913e-14
0.814,3.24166282433e-09,6.70917014984e-09,4.00909382468e-09,1.39600679361e-08,1.31650487807e-13,9.49623022003e-15,2.67223783791e-14
0.8145,4.09729037506e-09,8.38717047132e-09,5.03679483417e-09,1.75213981604e-08,1.34802165927e-13,7.70127902482e-15,5.84305146585e-14
0.815,4.84784869124e-09,9.82377794594e-09,5.92970653644e-09,2.06014530848e-08,1.15303275015e-13,4.64481999359e-15,9.47938559245e-14
0.8155,5.30699423796e-09,1.06879714972e-08,6.47247618047e-09,2.24675126501e-08,6.92520594188e-14,1.48337921329e-15,7.38048944876e-15
0.816,5.3212241054e-09,1.07168389505e-08,6.48973097399e-09,2.25277961819e-08,2.15050515156e-15,1.54084346758e-18,2.03287907341e-20
0.8165,4.85440099854e-09,9.84249414884e-09,5.93871360276e-09,2.06355398927e-08,-7.0348598762e-14,1.52536836314e-15,8.13473840697e-14
0.817,4.01896209474e-09,8.24435984346e-09,4.94473614934e-09,1.72079354382e-08,-1.28431895596e-13,5.80528460901e-15,9.58398196417e-14
0.8175,3.02149075495e-09,6.28036963231e-09,3.7443790608e-09,1.30460926427e-08,-1.57806474328e-13,1.10037863839e-14,1.1935392182e-14
0.818,2.06601813181e-09,4.339075326e-09,2.57915362617e-09,8.98410598833e-09,-1.56017265765e-13,1.49219241318e-14,2.28138837574e-15
0.8185,1.28514818817e-09,2.70688399733e-09,1.6138982574e-09,5.60581552553e-09,-1.31240691942e-13,1.63234052294e-14,1.46609544708e-15
0.819,7.26722990432e-10,1.51435995541e-09,9.14734382569e-10,3.15573666536e-09,-9.59653137141e-14,1.53048068213e-14,6.55719510807e-14
0.8195,3.77117678516e-10,7.58401931049e-10,4.7142895482e-10,1.60690042281e-09,-6.09150464946e-14,1.27739233972e-14,1.6665342744e-14
0.82,1.92520298512e-10,3.58619839797e-10,2.33432745129e-10,7.84550326113e-10,-3.23003686581e-14,9.74309829523e-15,2.63105797593e-15
0.8205,1.22545750572e-10,2.10207432365e-10,1.39499212324e-10,4.72247226365e-10,-1.20906018754e-14,6.92171280609e-15,2.78288439656e-16
0.821,1.23116120304e-10,2.17133681574e-10,1.34909643689e-10,4.75164503656e-10,4.12384768605e-16,4.64571070869e-15,1.70392535801e-16
0.8215,1.61133661149e-10,3.06120302974e-10,1.78203216867e-10,6.45467190414e-10,7.03116772706e-15,2.97827216565e-15,2.81175974973e-16
0.822,2.14493287085e-10,4.28157066058e-10,2.41578544262e-10,8.84240448439e-10,9.71126058984e-15,1.83980423923e-15,4.28646105156e-16
0.8225,2.70029809366e-10,5.54204587591e-10,3.08424988912e-10,1.13267054455e-09,1.00551121663e-14,1.10361851003e-15,6.84926087743e-16
0.823,3.20941384693e-10,6.69419625156e-10,3.70111028736e-10,1.36048188888e-09,9.20256377022e-15,6.47802922144e-16,9.50348943963e-16
0.8235,3.64503858607e-10,7.67990641664e-10,4.23119600251e-10,1.5556223551e-09,7.87929679515e-15,3.75372750955e-16,1.19523802748e-15
0.824,4.00353344747e-10,8.4927717862e-10,4.66893919926e-10,1.71653116154e-09,6.50120631522e-15,2.17158694799e-16,1.40322527361e-15
0.8245,4.2932898489e-10,9.1524234817e-10,5.02390709835e-10,1.84696744816e-09,5.27802102739e-15,1.27374597258e-16,1.56998064993e-15
0.825,4.52766457678e-10,9.68903153105e-10,5.31198763404e-10,1.95287274638e-09,4.2949655324e-15,7.736667836e-17,1.69934968603e-15
0.8255,4.72109304159e-10,1.01348769582e-09,5.55054185416e-10,2.04065480475e-09,3.56948995593e-15,5.00064112761e-17,1.79942324062e-15
0.826,4.88724640108e-10,1.05204099375e-09,5.7560975023e-10,2.11637850669e-09,3.08728792389e-15,3.54691375172e-17,1.87980666731e-15
0.8265,5.03840378095e-10,1.08729472138e-09,5.94355000747e-10,2.18549295193e-09,2.82349867138e-15,2.83663331909e-17,1.95013750699e-15
0.827,5.18549619483e-10,1.12168152952e-09,6.12619620595e-10,2.2528535497e-09,2.7543292702e-15,2.59374991271e-17,2.01961792559e-15
0.8275,5.33849644572e-10,1.15742357679e-09,6.31619870306e-10,2.32289598152e-09,2.86303705908e-15,2.69846122136e-17,2.09711127587e-15
0.828,5.50698254223e-10,1.196658255e-09,6.5252679418e-10,2.39988647745e-09,3.14291984471e-15,3.12967251701e-17,2.19174518487e-15
0.8285,5.70080603814e-10,1.24158560456e-09,6.76547451415e-10,2.48821729807e-09,3.59907650823e-15,3.93922318943e-17,2.31378230377e-15
0.829,5.93085566923e-10,1.29463616176e-09,7.05018125788e-10,2.59274415681e-09,4.25005737463e-15,5.24776284913e-17,2.47591118614e-15
0.8295,6.20995699567e-10,1.35866759022e-09,7.39514342824e-10,2.71918283515e-09,5.13018593943e-15,7.25756537758e-17,2.69510976036e-15
0.83,6.55398735983e-10,1.43720661014e-09,7.81987269531e-10,2.87459901143e-09,6.2932072708e-15,1.02818653978e-16,2.99563027379e-15
0.8305,6.98332842985e-10,1.53476126773e-09,8.34941218206e-10,3.06804329452e-09,7.81794978027e-15,1.47939239787e-16,3.4136986315e-15
0.831,7.52483310036e-10,1.65723917255e-09,9.01673513217e-10,3.31140602734e-09,9.81686607371e-15,2.15025643573e-16,4.00721122951e-15
0.8315,8.21456296982e-10,1.81252150492e-09,9.86607020852e-10,3.6205975855e-09,1.2448551109e-14,3.14647853561e-16,4.86714957075e-15
0.832,9.10166686746e-10,2.01126102235e-09,1.09575844954e-09,4.01720255632e-09,1.59357938994e-14,4.62496523025e-16,6.15028251309e-15
0.8325,1.02539202293e-09,2.26799529673e-09,1.23740222469e-09,4.53081081616e-09,2.05909554398e-14,6.81713024435e-16,8.12489588413e-15
0.833,1.17656563874e-09,2.6026911609e-09,1.42301055181e-09,5.20229520694e-09,2.68507058741e-14,1.00606527052e-15,1.12816792583e-14
0.8335,1.37690547572e-09,3.04284955124e-09,1.66857240577e-09,6.08836423582e-09,3.53212162568e-14,1.48398253028e-15,1.65542052451e-14
0.834,1.64499802055e-09,3.62627463332e-09,1.99640558571e-09,7.26772725058e-09,4.6831763778e-14,2.18297467358e-15,2.58057769218e-14
0.8345,2.00694974811e-09,4.40447854194e-09,2.43754347563e-09,8.84903743745e-09,6.24862877589e-14,3.19274391738e-15,4.29498321945e-14
0.835,2.49912431892e-09,5.44631149259e-09,3.03462670736e-09,1.09801508081e-08,8.36820897654e-14,4.62265440433e-15,7.66550316061e-14
0.8355,3.17116333045e-09,6.84050743757e-09,3.84479886159e-09,1.38565882299e-08,1.12023778924e-13,6.58411954166e-15,7.95542898593e-14
0.836,4.08810159274e-09,8.69401913438e-09,4.94105571462e-09,1.77233345692e-08,1.48986657067e-13,9.14081387912e-15,6.77626357803e-21
0.8365,5.32834967622e-09,1.11199050446e-08,6.40830919652e-09,2.28567712006e-08,1.95079933023e-13,1.22033111337e-14,6.77626357803e-21
0.837,6.97036716219e-09,1.4204598234e-08,8.32659976956e-09,2.95018287164e-08,2.48193902921e-13,1.53567059909e-14,1.35525271561e-20
0.8375,9.05537861381e-09,1.79430118148e-08,1.07293054609e-08,3.77280145866e-08,3.01017659926e-13,1.76794172124e-14,2.03287907341e-20
0.838,1.15125225277e-08,2.21401773202e-08,1.35250435329e-08,4.71780994959e-08,3.38336744742e-13,1.77783208607e-14,1.08420217249e-19
0.8385,1.40550715007e-08,2.63124433726e-08,1.63951200064e-08,5.67629862525e-08,3.36934834203e-13,1.44379891437e-14,4.60785923306e-19
0.839,1.61236758033e-08,2.96755209738e-08,1.87418619625e-08,6.454133921e-08,2.72437735289e-13,8.03270155024e-15,1.34170018845e-18
0.8395,1.70226761564e-08,3.13262125015e-08,1.98269596002e-08,6.81759847822e-08,1.34817957959e-13,1.72261865631e-15,6.35389906922e-14
0.84,1.6299310099e-08,3.06227648485e-08,1.91489461564e-08,6.60709661989e-08,-5.52834880105e-14,3.7944179655e-16,4.42834245835e-15
0.8405,1.40953094214e-08,2.75604325708e-08,1.68068437503e-08,5.84623461269e-08,-2.46353927027e-13,6.73834061622e-15,2.71050543121e-19
0.841,1.10848888594e-08,2.28381362163e-08,1.34716827979e-08,4.73943451335e-08,-3.810121647e-13,1.82719247333e-14,2.71050543121e-20
0.8415,8.04337044451e-09,1.75225770887e-08,9.97625452068e-09,3.55418017216e-08,-4.29199568713e-13,2.88673279022e-14,6.09863722023e-20
0.842,5.4777246341e-09,1.25672523337e-08,6.92181349452e-09,2.49664241181e-08,-4.00106107369e-13,3.37619076031e-14,3.38813178902e-20
0.8425,3.55672687054e-09,8.5223855019e-09,4.56083087244e-09,1.66396490914e-08,-3.26474265286e-13,3.23207370948e-14,1.35525271561e-20
0.843,2.2308585182e-09,5.52954150708e-09,2.88804643049e-09,1.06482318863e-08,-2.41420545526e-13,2.68623634747e-14,9.22328009865e-14
0.8435,1.36704073798e-09,3.47244930044e-09,1.77656833037e-09,6.61591273595e-09,-1.65805254277e-13,2.01778760275e-14,5.19077849822e-14
0.844,8.28093799326e-10,2.13518144314e-09,1.0735930718e-09,4.03677474753e-09,-1.0767310554e-13,1.41121325017e-14,4.91936406975e-14
0.8445,5.03385599967e-10,1.30208253579e-09,6.46325966768e-10,2.45173652724e-09,-6.69853152211e-14,9.41156691839e-15,1.4119866436e-14
0.845,3.13738465546e-10,8.00112020162e-10,3.95468804017e-10,1.50928512027e-09,-4.02844560745e-14,6.11549225926e-15,7.24505226863e-15
0.8455,2.06525595894e-10,5.06201050663e-10,2.53265591282e-10,9.65972672688e-10,-2.35235250475e-14,3.95855777203e-15,3.74514770596e-15
0.846,1.48632783051e-10,3.39529184359e-10,1.76422108403e-10,6.64573408753e-10,-1.32842850251e-14,2.61729972219e-15,1.95608198421e-15
0.8465,1.20228891036e-10,2.50202943567e-10,1.38781085536e-10,5.09207671965e-10,-7.06646084181e-15,1.81831827231e-15,1.02766102919e-15
0.847,1.10115868084e-10,2.09285003936e-10,1.25499886834e-10,4.4489894767e-10,-3.17716179815e-15,1.36599311132e-15,5.36685157578e-16
0.8475,1.12600971936e-10,2.01538845051e-10,1.29007731708e-10,4.43148172911e-10,-5.10747315381e-16,1.13496971286e-15,2.73113915381e-16
0.848,1.2555640432e-10,2.20726738471e-10,1.46454875339e-10,4.92740728772e-10,1.65824327952e-15,1.05240248572e-15,1.30737841343e-16
0.8485,1.49313696338e-10,2.66843278305e-10,1.78241322449e-10,5.94403209564e-10,3.8317264942e-15,1.0807510588e-15,7.7291756437e-17
0.849,1.86098684382e-10,3.44655261914e-10,2.27254160963e-10,7.58015705314e-10,6.39362383141e-15,1.20444355326e-15,1.78632472312e-16
0.8495,2.39794058645e-10,4.63023909636e-10,2.9853139169e-10,1.00136045314e-09,9.67298787201e-15,1.4202068614e-15,3.71794947802e-16
0.85,3.15859303483e-10,6.34585515491e-10,3.99125174804e-10,1.3495856963e-09,1.39729150882e-14,1.72967024346e-15,7.29419034396e-16
0.8505,4.21254967075e-10,8.75392109631e-10,5.37955153954e-10,1.8346239301e-09,1.95671280269e-14,2.13244129503e-15,1.37906111769e-15
0.851,5.64196855589e-10,1.20405626539e-09,7.25416553489e-10,2.49369895227e-09,2.66599320539e-14,2.61816567625e-15,2.54892881433e-15
0.8515,7.53500329488e-10,1.63983618713e-09,9.7243636537e-10,3.36581133887e-09,3.53007403724e-14,3.1567954056e-15,4.62107633517e-15
0.852,9.97202315598e-10,2.19900863369e-09,1.28859213095e-09,4.4848520125e-09,4.52458660203e-14,3.68780783011e-15,8.22556744397e-15
0.8525,1.30011052998e-09,2.88895471682e-09,1.67891255086e-09,5.8680376816e-09,5.57743655122e-14,4.11250455075e-15,1.43058206611e-14
0.853,1.66007893602e-09,3.69991553007e-09,2.1392096195e-09,7.49927387885e-09,6.5501111563e-14,4.29784100101e-15,2.4087973776e-14
0.8535,2.06329261059e-09,4.59566236156e-09,2.65045438398e-09,9.30948574122e-09,7.22908337049e-14,4.10451278734e-15,3.87124414556e-14
0.854,2.47990294304e-09,5.50639095221e-09,3.17396305576e-09,1.11603338224e-08,7.34397030147e-14,3.44837180756e-15,5.82071622347e-14
0.8545,2.86276876301e-09,6.32922567359e-09,3.6506699172e-09,1.28427330052e-08,6.629039983e-14,2.38516263263e-15,7.98390013498e-14
0.855,3.15284299446e-09,6.94182799932e-09,4.00834792649e-09,1.41030693504e-08,4.92875155772e-14,1.17326725641e-15,9.71094000568e-14
0.8555,3.29305938363e-09,7.23043381619e-09,4.17841912233e-09,1.47019356792e-08,2.31358112951e-14,2.43116200607e-16,9.90870187008e-14
0.856,3.24748868422e-09,7.12517263564e-09,4.11828374354e-09,1.44909364459e-08,-8.62015286794e-15,3.21669776149e-17,9.01760626891e-14
0.8565,3.01674904436e-09,6.62750648184e-09,3.82899120558e-09,1.34732072212e-08,-4.02358866164e-14,7.46700283566e-16,6.80210418156e-14
0.857,2.64008027082e-09,5.8146230662e-09,3.35769143369e-09,1.18123313454e-08,-6.56218405139e-14,2.20954765277e-15,4.52235667805e-14
0.8575,2.18190453671e-09,4.81657351837e-09,2.7823514752e-09,9.78075291608e-09,-8.05315452134e-14,3.92456039062e-15,2.57983230319e-14
0.858,1.71050231498e-09,3.77698922042e-09,2.18691889335e-09,7.6743318731e-09,-8.38773814539e-14,5.32552269587e-15,1.63390554884e-14
0.8585,1.27994097181e-09,2.81590014559e-09,1.63940827928e-09,5.73517786968e-09,-7.75597168201e-14,6.03452105344e-15,1.40141160666e-14
0.859,9.21792611443e-10,2.00866730961e-09,1.18091812688e-09,4.11131884811e-09,-6.51720070992e-14,5.97292237575e-15,8.53658777781e-15
0.8595,6.46211354459e-10,1.38389439532e-09,8.25907050258e-10,2.8559676284e-09,-5.0475963177e-14,5.30457564519e-15,3.92571988372e-15
0.86,4.48122606521e-10,9.34278139863e-10,5.69224267737e-10,1.9515929514e-09,-3.63616264899e-14,4.29898238001e-15,1.42121117121e-15
0.8605,3.14335078857e-10,6.31844101436e-10,3.94855560675e-10,1.34101345702e-09,-2.44941190512e-14,3.21018978538e-15,4.17036671581e-16
0.861,2.29203968244e-10,4.41319246627e-10,2.83195778501e-10,9.53705745189e-10,-1.5462930209e-14,2.21475202918e-15,1.01102699617e-16
0.8615,1.7816438192e-10,3.29026410789e-10,2.15732669216e-10,7.22915723649e-10,-9.14137731339e-15,1.40310288983e-15,3.10217346602e-17
0.862,1.49409975508e-10,2.67360038048e-10,1.77345685136e-10,5.94111456275e-10,-5.04199531471e-15,7.99578895651e-16,1.60648268776e-17
0.8625,1.34317847803e-10,2.36096727912e-10,1.56943060544e-10,5.27355454263e-10,-2.5714423219e-15,3.8944729755e-16,1.05531834898e-17
0.863,1.27201668376e-10,2.219296181e-10,1.47188169901e-10,4.96318424326e-10,-1.1734276377e-15,1.41377271227e-16,7.017667968e-18
0.8635,1.24807176829e-10,2.1729525109e-10,1.4386793595e-10,4.8597000016e-10,-3.85763329301e-16,2.20557196013e-17,4.76117219652e-18
0.864,1.25799384768e-10,2.19147105433e-10,1.45238883595e-10,4.90185532936e-10,1.55293722767e-16,3.84675304611e-18,4.68663329716e-18
0.8645,1.30365440228e-10,2.2799953456e-10,1.51517551303e-10,5.09883330537e-10,7.36677270232e-16,6.77689708288e-17,5.61836953914e-18
0.865,1.39978631694e-10,2.47354797038e-10,1.64575778377e-10,5.51911010259e-10,1.59927493465e-15,2.03875587361e-16,6.37815809282e-18
0.8655,1.5732462861e-10,2.83512454975e-10,1.87841820788e-10,6.28682283358e-10,2.96858214047e-15,4.10403059332e-16,6.65513786658e-18
0.866,1.86368580216e-10,3.45701333494e-10,2.26378040018e-10,7.58453726703e-10,5.08065055806e-15,6.9232481475e-16,6.10371941791e-18
0.8665,2.32525172026e-10,4.46433202402e-10,2.87083584752e-10,9.66051218289e-10,8.19975382438e-15,1.05935637171e-15,1.76386140936e-17
0.867,3.0287371139e-10,6.01918618813e-10,3.78942369844e-10,1.28374884631e-09,1.26233487889e-14,1.52291492045e-15,5.07762370561e-17
0.8675,4.06318355638e-10,8.32283223706e-10,5.13180949421e-10,1.75180328557e-09,1.8665707524e-14,2.09111303961e-15,1.69703050982e-16
0.868,5.53531362152e-10,1.16114747412e-09,7.03115179149e-10,2.41782338254e-09,2.66066125546e-14,2.76054691629e-15,5.15045159842e-16
0.8685,7.56392974499e-10,1.61389903221e-09,9.63322186028e-10,3.33365428274e-09,3.65861040123e-14,3.50406566064e-15,1.41309490151e-15
0.869,1.0264999212e-09,2.21375594603e-09,1.30760721424e-09,4.54791576242e-09,4.84263830639e-14,4.25506301108e-15,3.45618580413e-15
0.8695,1.37218597629e-09,2.97466332077e-09,1.7451446008e-09,6.0920601668e-09,6.13771360389e-14,4.89315387817e-15,7.35295071358e-15
0.87,1.79359220621e-09,3.89060180072e-09,2.27436069411e-09,7.95863376853e-09,7.38277075349e-14,5.24298740779e-15,1.31005537635e-14
0.8705,2.27591998525e-09,4.92254584178e-09,2.87495273647e-09,1.00735067829e-08,8.31198916658e-14,5.10620006297e-15,1.84639629974e-14
0.871,2.78254185935e-09,5.98735435372e-09,3.50027107289e-09,1.22702573257e-08,8.57065622002e-14,4.34513509482e-15,3.10395054115e-14
0.8715,3.25203538363e-09,6.95638526709e-09,4.07485128179e-09,1.42833528612e-08,7.79364857183e-14,3.01055262692e-15,4.82852690123e-14
0.872,3.60494787102e-09,7.67254951184e-09,4.50338536903e-09,1.57809417123e-08,5.75369902704e-14,1.44754839388e-15,6.39042482397e-14
0.8725,3.76386877659e-09,7.98876283857e-09,4.69446788133e-09,1.64471250618e-08,2.53288632768e-14,2.6269873286e-16,7.13449990004e-14
0.873,3.68201618701e-09,7.81761692136e-09,4.59323977864e-09,1.60928590602e-08,-1.38811545772e-14,7.66413156316e-17,6.49618332488e-14
0.8735,3.36558550882e-09,7.16920740283e-09,4.20667251178e-09,1.47414143085e-08,-5.22585618709e-14,1.15824390771e-15,4.74712669619e-14
0.874,2.87450446281e-09,6.15431296262e-09,3.60483024943e-09,1.26335691485e-08,-8.17226396243e-14,3.20466150868e-15,2.76902185534e-14
0.8745,2.29967977525e-09,4.94825386982e-09,2.89564810152e-09,1.01434901179e-08,-9.70965063295e-14,5.47312905748e-15,3.32130021185e-14
0.875,1.73090622995e-09,3.73420447045e-09,2.18810775328e-09,7.65312788155e-09,-9.77512330345e-14,7.18251761786e-15,3.89701258188e-14
0.8755,1.23301201453e-09,2.65430861673e-09,1.56333470892e-09,5.45057624094e-09,-8.69799437414e-14,7.88250986472e-15,2.91832970821e-14
0.876,8.38060081968e-10,1.78690470849e-09,1.06355676046e-09,3.68845920813e-09,-6.99051204414e-14,7.56306935165e-15,1.53094462834e-14
0.8765,5.50348892465e-10,1.15017692527e-09,6.96576424346e-10,2.39705740321e-09,-5.13587969949e-14,6.52014778662e-15,5.95881240943e-15
0.877,3.56745260394e-10,7.20872792727e-10,4.47659569253e-10,1.5252480913e-09,-3.46723343832e-14,5.14132480103e-15,1.78406483922e-15
0.8775,2.36557132972e-10,4.55616159033e-10,2.91718570809e-10,9.83874145305e-10,-2.14661508902e-14,3.7486583899e-15,4.19086491313e-16
0.878,1.68431951954e-10,3.07331711692e-10,2.02209708483e-10,6.77963869908e-10,-1.20407606005e-14,2.53854513346e-15,7.76144759899e-17
0.8785,1.34067509141e-10,2.34750608447e-10,1.56099135803e-10,5.24912913015e-10,-5.93175411208e-15,1.59138017173e-15,2.97842195243e-17
0.879,1.19532680591e-10,2.06172939974e-10,1.35737558975e-10,4.61441717648e-10,-2.37151695462e-15,9.09626502147e-16,2.11690474178e-17
0.8795,1.15190976076e-10,1.99630719094e-10,1.2886491742e-10,4.43686490135e-10,-5.78686810674e-16,4.56233055258e-16,2.3012191111e-17
0.88,1.14985076939e-10,2.0135320689e-10,1.27747025114e-10,4.44085596386e-10,1.05274430605e-16,1.82168961256e-16,2.10589331346e-17
0.8805,1.15572257485e-10,2.03789237689e-10,1.28093490059e-10,4.47455207431e-10,1.80310944206e-16,4.18881421839e-17,1.61884936879e-17
0.881,1.15564856433e-10,2.03847214541e-10,1.28099183602e-10,4.47511259699e-10,5.19066797156e-18,1.53956224914e-20,3.46517959997e-15
0.8815,1.14977470462e-10,2.01615571482e-10,1.27745760525e-10,4.44338671452e-10,-1.63948167431e-16,3.29306952214e-17,1.03761536039e-17
0.882,1.14898602555e-10,1.99610143295e-10,1.28387100929e-10,4.42895843381e-10,-1.31414536876e-16,1.28017264542e-16,1.24708660824e-17
0.8825,1.17371183681e-10,2.02500086667e-10,1.32597928666e-10,4.5246975768e-10,2.76442489556e-16,2.8222392306e-16,1.52338875564e-17
0.883,1.25453742334e-10,2.17242803383e-10,1.44249227328e-10,4.86947517923e-10,1.24417447452e-15,5.00704642491e-16,1.85601859402e-17
0.8835,1.4343419827e-10,2.53561319926e-10,1.68773618009e-10,5.65772926474e-10,2.99458772793e-15,7.95682201567e-16,2.2032173991e-17
0.884,1.77170328792e-10,3.24690804859e-10,2.13584742462e-10,7.15452871702e-10,5.81036308366e-15,1.18522594743e-15,2.44199598693e-17
0.8845,2.34517560673e-10,4.48282057045e-10,2.88595432658e-10,9.71406788113e-10,1.0046572321e-14,1.69116704872e-15,3.87432870074e-17
0.885,3.25766949109e-10,6.47245828826e-10,4.06726515593e-10,1.37975775414e-09,1.61257007568e-14,2.33491168831e-15,1.52118646997e-16
0.8855,4.63936360344e-10,9.50114358493e-10,5.84192133359e-10,1.99827047986e-09,2.4498526835e-14,3.1291529645e-15,5.34669219164e-16
0.886,6.64619671226e-10,1.39014955848e-09,8.40165188572e-10,2.89497402445e-09,3.55430658948e-14,4.06318657329e-15,1.68629860238e-15
0.8865,9.44852258903e-10,2.00197518079e-09,1.19514254655e-09,4.14202443185e-09,4.93653307775e-14,5.08059672386e-15,4.73011319241e-15
0.887,1.32015488655e-09,2.81411844458e-09,1.66701540835e-09,5.80136026035e-09,6.54699763181e-14,6.05196641473e-15,1.15574460809e-14
0.8875,1.79873483455e-09,3.8359740085e-09,2.26376381587e-09,7.89856172377e-09,8.23123559041e-14,6.75550489775e-15,2.3747307289e-14
0.888,2.3722209469e-09,5.03930901465e-09,2.97234701764e-09,1.03839807283e-08,9.68617078772e-14,6.8944454663e-15,3.88462997663e-14
0.8885,3.00408135285e-09,6.33851475825e-09,3.74560875255e-09,1.30883155469e-08,1.04504860624e-13,6.19209637931e-15,4.64555558735e-14
0.889,3.62074215308e-09,7.5801209906e-09,4.49330394231e-09,1.5694271443e-08,9.97959681444e-14,4.58307469403e-15,4.67204874506e-14
0.8895,4.11503938741e-09,8.55674574551e-09,5.08785412302e-09,1.77597200791e-08,7.84222826839e-14,2.43098306355e-15,7.10716953497e-14
0.89,4.37140882617e-09,9.05583210163e-09,5.39424243803e-09,1.88215239032e-08,3.99926546753e-14,5.78887776087e-16,8.47574709527e-14
0.8905,4.3101807166e-09,8.93393399261e-09,5.32007032483e-09,1.85641751136e-08,-9.92532033642e-15,3.44021503387e-17,7.82454138916e-14
0.891,3.92824877801e-09,8.18202834018e-09,4.86091802044e-09,1.69711359407e-08,-6.05386599005e-14,1.35934315731e-15,5.50162603734e-14
0.8915,3.30632250255e-09,6.94050412087e-09,4.10918546776e-09,1.43559164223e-08,-9.98666114301e-14,4.20893515297e-15,3.54470074712e-14
0.892,2.57472513643e-09,5.4494731712e-09,3.21713540873e-09,1.12412212582e-08,-1.1991701303e-13,7.46784720788e-15,8.10015100242e-14
0.8925,1.86152965424e-09,3.9624007368e-09,2.33845848811e-09,8.16227916558e-09,-1.19619210545e-13,9.91240218457e-15,9.24267410383e-14
0.893,1.25501081188e-09,2.67103256668e-09,1.58318634298e-09,5.50913664897e-09,-1.03920300027e-13,1.08512672036e-14,6.41006108056e-14
0.8935,7.93683268782e-10,1.6727929997e-09,1.00281628219e-09,3.46922246929e-09,-8.03855780618e-14,1.03054565481e-14,2.985506536e-14
0.894,4.76593206995e-10,9.7990920498e-10,5.99965230363e-10,2.05642054993e-09,-5.58540999574e-14,8.76201518439e-15,9.86134053105e-15
0.8945,2.8032726727e-10,5.50057653727e-10,3.47935179787e-10,1.17829220329e-09,-3.47098161961e-14,6.81239417374e-15,2.35955765831e-15
0.895,1.73657787125e-10,3.18259362207e-10,2.08864392593e-10,7.00767677401e-10,-1.87776063921e-14,4.91309535109e-15,4.01945085559e-16
0.8955,1.26782424331e-10,2.19394995814e-10,1.45775009617e-10,4.9194767178e-10,-8.07323996497e-15,3.31526054184e-15,6.22882618422e-17
0.896,1.15609977467e-10,1.99716974136e-10,1.28440628852e-10,4.43767993832e-10,-1.68613348938e-15,2.09951275811e-15,6.11566258247e-17
0.8965,1.2275315569e-10,2.20172783236e-10,1.34920530603e-10,4.77849274814e-10,1.56228104475e-15,1.24300654341e-15,8.27974705941e-17
0.897,1.36800833785e-10,2.55161614817e-10,1.50763673497e-10,5.42729551387e-10,2.75134027268e-15,6.77950453261e-16,9.47253885573e-17
0.8975,1.50957669511e-10,2.89505508676e-10,1.67327811036e-10,6.07794035858e-10,2.71802006212e-15,3.28618617651e-16,9.468303691e-17
0.898,1.61644051224e-10,3.15267527857e-10,1.80026093535e-10,6.56939846384e-10,2.04425097278e-15,1.29520985073e-16,8.43560112171e-17
0.8985,1.67346117324e-10,3.29134554963e-10,1.86881577497e-10,6.83363382991e-10,1.10193288526e-15,3.12797928285e-17,6.74390691945e-17
0.899,1.67793044275e-10,3.30553044062e-10,1.87493023838e-10,6.85839225796e-10,1.13334556078e-16,2.90930086231e-19,5.85655520391e-17
0.8995,1.63436249125e-10,3.20558484077e-10,1.82381307713e-10,6.66375263687e-10,-7.93277285396e-16,1.60508168769e-17,4.9091488524e-17
0.9,1.55173095409e-10,3.01159705489e-10,1.72642764039e-10,6.28974094057e-10,-1.53911082354e-15,6.8233374487e-17,3.77251534048e-17
0.9005,1.44257390629e-10,2.75145063071e-10,1.59837237943e-10,5.79237785108e-10,-2.06095442479e-15,1.54419582919e-16,2.55837831389e-17
0.901,1.32355630432e-10,2.46217013219e-10,1.46059459677e-10,5.24630097285e-10,-2.28478782626e-15,2.78745381657e-16,1.47934304238e-17
0.9015,1.21728786183e-10,2.19408074115e-10,1.34167974772e-10,4.75303183326e-10,-2.10318371313e-15,4.51438633754e-16,7.78169168643e-18
0.902,1.15537075104e-10,2.01772570394e-10,1.28168470829e-10,4.45477452309e-10,-1.35310087576e-15,6.89083377554e-16,1.13748054487e-17
0.9025,1.18278106103e-10,2.03377277743e-10,1.33764339554e-10,4.55420946862e-10,2.0811240876e-16,1.01534998905e-15,1.56421574369e-17
0.903,1.36382299184e-10,2.38615079266e-10,1.59097904248e-10,5.34099673035e-10,2.92861896862e-15,1.46171852655e-15,2.01975006273e-17
0.9035,1.78968248709e-10,3.27833183142e-10,2.15679269872e-10,7.22490056365e-10,7.2873635796e-15,2.0672798307e-15,3.45614853468e-17
0.904,2.58716369063e-10,4.99141344078e-10,3.19438652336e-10,1.0773131494e-09,1.39081095153e-14,2.87581435327e-15,1.3540160475e-16
0.9045,3.92730921868e-10,7.89969503672e-10,4.91707434821e-10,1.67443532631e-09,2.35389363747e-14,3.92703469681e-15,6.05504890477e-16
0.905,6.03042593635e-10,1.24740368136e-09,7.59646618069e-10,2.6101350834e-09,3.69534237223e-14,5.23700365445e-15,2.34284739233e-15
0.9055,9.16022383856e-10,1.92543351759e-09,1.15515338301e-09,3.99667074798e-09,5.47018179661e-14,6.76215609528e-15,7.8957633075e-15
0.906,1.35930312623e-09,2.87615150118e-09,1.71052506287e-09,5.94606465833e-09,7.66241789616e-14,8.34560785407e-15,2.28620189457e-14
0.9065,1.95404011195e-09,4.13128284896e-09,2.44845880553e-09,8.53389249385e-09,1.0107268093e-13,9.66042633734e-15,5.49889960769e-14
0.907,2.70022570055e-09,5.67198224975e-09,3.36423986429e-09,1.17365819802e-08,1.23971493982e-13,1.01997173933e-14,1.67478810226e-14
0.9075,3.55506296354e-09,7.39152935042e-09,4.40117389864e-09,1.53479138589e-08,1.38253983373e-13,9.40832422071e-15,4.08423024133e-14
0.908,4.41195201947e-09,9.06874309326e-09,5.4288681067e-09,1.89097049572e-08,1.34735578623e-13,7.03845777033e-15,8.33406558825e-14
0.9085,5.09981003575e-09,1.03832149667e-08,6.24607291304e-09,2.17292070249e-08,1.05480394851e-13,3.63419717161e-15,3.96101337494e-14
0.909,5.42670950013e-09,1.09982834753e-08,6.63207151383e-09,2.30571144384e-08,4.92297897253e-14,7.19556011052e-16,1.77774597343e-15
0.9095,5.26638489496e-09,1.06970217287e-08,6.44255509642e-09,2.24059375179e-08,-2.43748849138e-14,1.72658307862e-16,1.19038622275e-16
0.91,4.6358747531e-09,9.49893744235e-09,5.69468114953e-09,1.9829399858e-08,-9.63677420906e-14,2.91434076674e-15,8.02324176606e-14
0.9105,3.69678945225e-09,7.67161603894e-09,4.5706186066e-09,1.59388852219e-08,-1.46876601067e-13,8.01034938165e-15,3.35609259838e-14
0.911,2.67363571209e-09,5.61876792682e-09,3.33055650324e-09,1.16228083343e-08,-1.6500075949e-13,1.31946799938e-14,9.61521986163e-15
0.9115,1.75554781768e-09,3.71844385929e-09,2.20232945317e-09,7.67618473077e-09,-1.52791453605e-13,1.63922889723e-14,1.81016023026e-15
0.912,1.04548571184e-09,2.20964206055e-09,1.31785740932e-09,4.57288063104e-09,-1.21386997947e-13,1.68364108802e-14,1.51087977307e-15
0.9125,5.64602225641e-10,1.16935104734e-09,7.11203157297e-10,2.44508769377e-09,-8.37783520999e-14,1.50432997351e-14,4.31581836648e-14
0.913,2.82973220221e-10,5.55454957935e-10,3.51095386237e-10,1.18948612606e-09,-4.95280132472e-14,1.20898940303e-14,8.99592866291e-15
0.9135,1.50295559616e-10,2.68351872475e-10,1.77723287579e-10,5.96356408245e-10,-2.32604022048e-14,8.94899974162e-15,1.07048532094e-15
0.914,1.16045177693e-10,1.99384686673e-10,1.28810072707e-10,4.44240434274e-10,-5.71142706613e-15,6.20863374228e-15,1.31447654953e-16
0.9145,1.39025512643e-10,2.57125718024e-10,1.52796468916e-10,5.48956288472e-10,4.49711112185e-15,4.09178818221e-15,2.38212769822e-16
0.915,1.89859727699e-10,3.75855999902e-10,2.12689032434e-10,7.78416775184e-10,9.42563717646e-15,2.58953467004e-15,3.62467420987e-16
0.9155,2.49874125229e-10,5.13917845444e-10,2.84902735535e-10,1.04870729901e-09,1.10041732252e-14,1.58866519356e-15,4.66522030425e-16
0.916,3.08586576527e-10,6.48133597178e-10,3.56153862201e-10,1.31288570598e-09,1.07163554178e-14,9.53786367103e-16,7.02466446015e-16
0.9165,3.61080265722e-10,7.67823324207e-10,4.20162345727e-10,1.54907606815e-09,9.5660665356e-15,5.66515299686e-16,9.49639130353e-16
0.917,4.05862553711e-10,8.6990985015e-10,4.74952653016e-10,1.75073355889e-09,8.16456033484e-15,3.3756121121e-16,1.17883946962e-15
0.9175,4.43332215914e-10,9.55463681734e-10,5.20927718121e-10,1.91973066687e-09,6.84566723657e-15,2.05568208336e-16,1.37945583504e-15
0.918,4.74794422896e-10,1.02751070809e-09,5.59635042325e-10,2.06194607139e-09,5.76711555764e-15,1.3110483227e-16,1.55098170093e-15
0.9185,5.01889096787e-10,1.08977648191e-09,5.93052032363e-10,2.18472268675e-09,4.98568965702e-15,9.01621215712e-17,1.69952078669e-15
0.919,5.26299914379e-10,1.14605573335e-09,6.23221920167e-10,2.29558214399e-09,4.50742195349e-15,6.88392262411e-17,1.8347851721e-15
0.9195,5.4963900217e-10,1.19996854858e-09,6.52108448554e-10,2.40172037735e-09,4.31866419862e-15,5.95631553946e-17,1.96826062393e-15
0.92,5.73435117121e-10,1.25494222516e-09,6.81579234147e-10,2.50996103909e-09,4.40420751877e-15,5.86455475193e-17,2.11260520254e-15
0.9205,5.99181648818e-10,1.31432096377e-09,7.13463069575e-10,2.62697050437e-09,4.75757815561e-15,6.48388664415e-17,2.28203550891e-15
0.921,6.28420312776e-10,1.38155205068e-09,7.49651597966e-10,2.75962942698e-09,5.38719679518e-15,7.85918684894e-17,2.49362772727e-15
0.9215,6.62851746554e-10,1.46042869124e-09,7.92234224752e-10,2.91552108502e-09,6.32094633723e-15,1.01790179861e-16,2.76959106148e-15
0.922,7.04474510634e-10,1.55539188796e-09,8.43667852354e-10,3.10354199944e-09,7.61093346456e-15,1.37859774664e-16,3.14118102731e-15
0.9225,7.55762239779e-10,1.671910718e-09,9.06993048707e-10,3.33467553813e-09,9.33981427205e-15,1.92188828219e-16,3.65595344254e-15
0.923,8.19896774273e-10,1.81697569297e-09,9.86117662028e-10,3.62300203159e-09,1.16298858732e-14,2.72887441236e-16,4.38586545012e-15
0.9235,9.01084376794e-10,1.99975564513e-09,1.08619954573e-09,3.9870546153e-09,1.46562745016e-14,3.91953916978e-16,5.45203598522e-15
0.924,1.00499320044e-09,2.23248637312e-09,1.21417253169e-09,4.45167133701e-09,1.86655969958e-14,5.6695848881e-16,7.05488320757e-15
0.9245,1.13936512229e-09,2.53167809728e-09,1.37947468961e-09,5.05054273302e-09,2.40016435252e-14,8.23352142269e-16,9.55044216996e-15
0.925,1.31487138949e-09,2.91974008611e-09,1.59505411881e-09,5.82969792909e-09,3.11390245566e-14,1.197436742e-15,1.3593428683e-14
0.9255,1.546298498e-09,3.42710961303e-09,1.87873727268e-09,6.85218784435e-09,4.0723864037e-14,1.73974994258e-15,2.04419543359e-14
0.926,1.85414972112e-09,4.09489628411e-09,2.25502864585e-09,8.20413077915e-09,5.36155457247e-14,2.51790863987e-15,3.26285731018e-14
0.9265,2.26669649788e-09,4.97782678254e-09,2.75732420895e-09,1.00019220064e-08,7.09112909868e-14,3.61639422423e-15,5.55042597712e-14
0.927,2.82233267161e-09,6.14673510869e-09,3.43027008265e-09,1.23994368847e-08,9.39103907939e-14,5.12768990732e-15,9.35834865005e-14
0.9275,3.57158517622e-09,7.68873012774e-09,4.33138644243e-09,1.55918327993e-08,1.2392864716e-13,7.12422686792e-15,6.77626357803e-21
0.928,4.57697419728e-09,9.70117982179e-09,5.5297821947e-09,1.98081076122e-08,1.61803355115e-13,9.59505465955e-15,1.35525271561e-20
0.9285,5.90658222215e-09,1.22727925118e-08,7.0974196616e-09,2.5277013587e-08,2.0685888308e-13,1.23325984813e-14,6.77626357803e-21
0.929,7.61350544027e-09,1.54427271369e-08,9.08505514404e-09,3.21415576486e-08,2.55143492153e-13,1.4783902925e-14,1.35525271561e-20
0.9295,9.69039404557e-09,1.9131493463e-08,1.14730935194e-08,4.02952941567e-08,2.97158782858e-13,1.59699534732e-14,4.06575814682e-20
0.93,1.19948159609e-08,2.30541374643e-08,1.40954866739e-08,4.9144771229e-08,3.16409566759e-13,1.47203098655e-14,1.21972744405e-19
0.9305,1.41739492603e-08,2.66624980996e-08,1.65669901999e-08,5.74037397164e-08,2.91664807279e-13,1.04918649517e-14,4.60785923306e-19
0.931,1.56769064268e-08,2.92000931767e-08,1.82995378379e-08,6.31767479086e-08,2.05912385949e-13,4.55477420496e-15,1.01643953671e-18
0.9315,1.59553910645e-08,2.99319395481e-08,1.87037192786e-08,6.45911107147e-08,6.04893702608e-14,3.34626387852e-16,2.5495014086e-15
0.932,1.47966546015e-08,2.84861545258e-08,1.75243435744e-08,6.08070387004e-08,-1.15534052526e-13,1.5439497197e-15,5.2037557206e-14
0.9325,1.25043414498e-08,2.50911744609e-08,1.50391847301e-08,5.26344361189e-08,-2.73453628416e-13,8.93179680677e-15,8.13151629364e-20
0.933,9.71879666991e-09,2.05029023362e-08,1.19060114534e-08,4.21273592544e-08,-3.70245503034e-13,1.90404686393e-14,2.03287907341e-20
0.9335,7.05115269976e-09,1.56540184122e-08,8.80084896833e-09,3.15056554449e-08,-3.91455250045e-13,2.68198574838e-14,3.38813178902e-20
0.934,4.85377226526e-09,1.12845748318e-08,6.1587129213e-09,2.22967366476e-08,-3.52716982312e-13,2.93461474361e-14,2.03287907341e-20
0.9345,3.21825158402e-09,7.77375504476e-09,4.13506463008e-09,1.51268149215e-08,-2.8329991436e-13,2.69732861277e-14,9.66538792903e-14
0.935,2.08273073745e-09,5.18208622993e-09,2.69714429729e-09,9.96177411131e-09,-2.09011663069e-13,2.1867296813e-14,7.54521025195e-14
0.9355,1.33174625253e-09,3.38489541398e-09,1.72955971136e-09,6.44607272567e-09,-1.44830098134e-13,1.61825350563e-14,4.41192729865e-14
0.936,8.51908918263e-10,2.19373029832e-09,1.10381164179e-09,4.14936617346e-09,-9.59004986994e-14,1.12199477431e-14,3.06369309804e-14
0.9365,5.52678621848e-10,1.42848850674e-09,7.10474737355e-10,2.69158777639e-09,-6.15350082353e-14,7.44686984462e-15,1.35201908263e-14
0.937,3.69072311606e-10,9.46299243593e-10,4.67931350099e-10,1.78326901758e-09,-3.87147972549e-14,4.8276278515e-15,7.47177249542e-15
0.9375,2.57471065634e-10,6.45213330481e-10,3.2009385622e-10,1.22275724843e-09,-2.41268106214e-14,3.12314149009e-15,4.19342803483e-15
0.938,1.89971445711e-10,4.57356366557e-10,2.30572790184e-10,8.77887654669e-10,-1.50146268748e-14,2.06695720981e-15,2.39705750095e-15
0.9385,1.49429402656e-10,3.39799342154e-10,1.76824096683e-10,6.66044919417e-10,-9.36192564821e-15,1.43990634069e-15,1.39170393146e-15
0.939,1.25767003675e-10,2.66660203334e-10,1.45532772291e-10,5.37955274606e-10,-5.79184142399e-15,1.08717560535e-15,8.1444081351e-16
0.9395,1.13480098962e-10,2.23380829366e-10,1.29409289255e-10,4.66267737728e-10,-3.39044056757e-15,9.10599321825e-16,4.74462117273e-16
0.94,1.10094852234e-10,2.03028131326e-10,1.25171673257e-10,4.38293968038e-10,-1.54299426079e-15,8.5422324065e-16,2.7050420687e-16
0.9405,1.15300165325e-10,2.04150305974e-10,1.32398220401e-10,4.5184977469e-10,1.92043340589e-16,8.90950423079e-16,1.47055084039e-16
0.941,1.30540257883e-10,2.29724032372e-10,1.52980174997e-10,5.13247648965e-10,2.17117850192e-15,1.0125366534e-15,7.29498655493e-17
0.9415,1.58911292252e-10,2.86829770714e-10,1.90969179731e-10,6.36716190122e-10,4.72470150088e-15,1.2227282872e-15,9.01454814115e-17
0.942,2.05243728646e-10,3.86776004096e-10,2.52664228637e-10,8.44693686413e-10,8.19271608433e-15,1.53233104635e-15,2.19760157066e-16
0.9425,2.76279705367e-10,5.45405685272e-10,3.46809332928e-10,1.16850961792e-09,1.29397066517e-14,1.95468383576e-15,4.90091569215e-16
0.943,3.80824684025e-10,7.8326109446e-10,4.84734838339e-10,1.6488424595e-09,1.93429806161e-14,2.49978658359e-15,1.03500311078e-15
0.9435,5.29695936205e-10,1.12511379689e-09,6.8019329936e-10,2.33503393858e-09,2.77411629204e-14,3.1651969454e-15,2.11142952081e-15
0.944,7.35168596588e-10,1.59810577381e-09,9.48497150903e-10,3.28181376534e-09,3.83221973981e-14,3.92245008149e-15,4.19577431609e-15
0.9445,1.00945396313e-09,2.22748016648e-09,1.30437227947e-09,4.54136203565e-09,5.09287575406e-14,4.69930545162e-15,8.14716607437e-15
0.945,1.36159140237e-09,3.02879459054e-09,1.75782552054e-09,6.14828164784e-09,6.47747834128e-14,5.36306649989e-15,1.54053439656e-14
0.9455,1.79221047413e-09,3.9960785966e-09,2.30751593796e-09,8.09588883924e-09,7.81196508065e-14,5.71835501419e-15,2.81069790923e-14
0.946,2.2862458898e-09,5.08726827556e-09,2.93202161198e-09,1.03056293565e-08,8.80510378907e-14,5.5426367286e-15,4.86956327583e-14
0.9465,2.80538155488e-09,6.2117544771e-09,3.58145213619e-09,1.25986834842e-08,9.06591882098e-14,4.68179323222e-15,7.82009073924e-14
0.947,3.28471316613e-09,7.22895963929e-09,4.17477614536e-09,1.46885340752e-08,8.19289823405e-14,3.1969826409e-15,1.33567202437e-14
0.9475,3.64015140848e-09,7.96789904824e-09,4.60994677638e-09,1.62180581479e-08,5.94303487485e-14,1.48485082108e-15,3.44643476084e-15
0.948,3.79055774453e-09,8.27082685027e-09,4.79044096861e-09,1.68518500474e-08,2.42511051626e-14,2.32879868669e-16,9.60670887458e-17
0.9485,3.6889804148e-09,8.04866216092e-09,4.66115962661e-09,1.63987842607e-08,-1.80666862688e-14,1.25061981102e-16,2.63122314735e-17
0.949,3.34613773778e-09,7.32135681756e-09,4.23500760259e-09,1.49024448031e-08,-5.87476643232e-14,1.42218670417e-15,8.7888443539e-14
0.9495,2.82934274056e-09,6.21791284052e-09,3.59193998829e-09,1.26391102573e-08,-8.90279469578e-14,3.73265391136e-15,5.26300398119e-14
0.95,2.23609135556e-09,4.93285750488e-09,2.84929474979e-09,1.00181461511e-08,-1.03647648578e-13,6.19780515297e-15,3.35753153795e-14
0.9505,1.65924617988e-09,3.66250048835e-09,2.12137916418e-09,7.44303132381e-09,-1.02468860556e-13,7.96524120804e-15,3.71065144215e-14
0.951,1.16293524591e-09,2.55310183107e-09,1.48976255395e-09,5.20571869972e-09,-8.95172631918e-14,8.58830635012e-15,2.62244415907e-14
0.9515,7.76288505567e-10,1.6796118724e-09,9.93733097676e-10,3.44957105968e-09,-7.05273064353e-14,8.11213804933e-15,1.29641712946e-14
0.952,5.00219719381e-10,1.05302479724e-09,6.36930005372e-10,2.19013077408e-09,-5.06437686105e-14,6.89607902395e-15,4.73400446177e-15
0.9525,3.18869920771e-10,6.42521118274e-10,4.00837126358e-10,1.36220030317e-09,-3.32326604853e-14,5.3704795918e-15,1.31823229361e-15
0.953,2.09838396219e-10,3.98748605663e-10,2.57690427044e-10,8.66261514427e-10,-1.97882753139e-14,3.87378656672e-15,2.83513785907e-16
0.9535,1.50972564566e-10,2.70805873982e-10,1.7943461084e-10,6.0120521147e-10,-1.04381613147e-14,2.60024536218e-15,5.3250420295e-17
0.954,1.23793600786e-10,2.15466912258e-10,1.42419787991e-10,4.81677354176e-10,-4.5667191705e-15,1.61986085333e-15,2.07328254499e-17
0.9545,1.1453429071e-10,2.00359524902e-10,1.28934019893e-10,4.43827457227e-10,-1.30187278766e-15,9.23596091226e-16,2.63029141111e-17
0.955,1.13850690438e-10,2.03561347142e-10,1.26921746811e-10,4.44334446101e-10,1.9652751504e-16,4.65183341007e-16,2.80774481356e-17
0.9555,1.15974002157e-10,2.11642283409e-10,1.28923572011e-10,4.56540658497e-10,6.11540021176e-16,1.8938020586e-16,2.55075501736e-17
0.956,1.17776333871e-10,2.17415544944e-10,1.30879476996e-10,4.66071848405e-10,4.45662857013e-16,4.69318357308e-17,1.97392558028e-17
0.9565,1.17977706495e-10,2.18024420768e-10,1.31109993332e-10,4.67112166394e-10,4.78333603015e-17,4.33706289958e-19,9.81476930436e-14
0.957,1.16577635851e-10,2.13585073554e-10,1.29586661855e-10,4.59749054286e-10,-3.42149347634e-16,2.51759698012e-17,8.91671583575e-18
0.9575,1.14521270368e-10,2.06392133758e-10,1.27503533599e-10,4.48416497244e-10,-5.48357383639e-16,1.07877280507e-16,9.02259495415e-18
0.958,1.13572592735e-10,2.0062034924e-10,1.27114426981e-10,4.41307195058e-10,-4.18870001763e-16,2.44971519294e-16,7.59788553687e-18
0.9585,1.16365001099e-10,2.02443596777e-10,1.31796432905e-10,4.50605679711e-10,2.07743020439e-16,4.41187229902e-16,6.93550577212e-18
0.959,1.26606549178e-10,2.20506429602e-10,1.4630876574e-10,4.93423983934e-10,1.53083662932e-15,7.08577204668e-16,7.77491542285e-18
0.9595,1.49420595416e-10,2.6669696557e-10,1.77219495879e-10,5.93341934429e-10,3.81181593593e-15,1.0657472326e-15,7.81303190547e-18
0.96,1.91797400008e-10,3.57152687998e-10,2.33465362514e-10,7.82424379931e-10,7.39276354924e-15,1.53664815473e-15,1.71049833369e-17
0.9605,2.63113624998e-10,5.13352825335e-10,3.26979026866e-10,1.10346032822e-09,1.27032488425e-14,2.14777242591e-15,6.96345785938e-17
0.961,3.75609690476e-10,7.62986328126e-10,4.73228981456e-10,1.61184816402e-09,2.02420003088e-14,2.92198150341e-15,2.71258913226e-16
0.9615,5.44603174406e-10,1.13996939467e-09,6.91361785275e-10,2.37596872858e-09,3.05080562501e-14,3.86623890771e-15,9.42407163049e-16
0.962,7.88003453898e-10,1.68250374702e-09,1.00337070401e-09,3.47392669826e-09,4.38428978691e-14,4.95070138493e-15,2.91679183519e-15
0.9625,1.12435830658e-09,2.42750747572e-09,1.43133513742e-09,4.98326713586e-09,6.01382414465e-14,6.07880273486e-15,7.93169444512e-15
0.963,1.56830784391e-09,3.39942693431e-09,1.99145036298e-09,6.95927057795e-09,7.83836274806e-14,7.0558777125e-15,1.84289398791e-14
0.9635,2.12229701553e-09,4.59218515051e-09,2.68373082514e-09,9.3983166796e-09,9.61157123337e-14,7.57980185313e-15,3.49538140673e-14
0.964,2.7644084565e-09,5.94619445439e-09,3.47774655771e-09,1.21884657768e-08,1.09025011289e-13,7.29850292485e-15,5.03978877674e-14
0.9645,3.43543776867e-09,7.32879460212e-09,4.2986189393e-09,1.50629685006e-08,1.11237872817e-13,5.98000421013e-15,5.96281989171e-14
0.965,4.03393174856e-09,8.53409933036e-09,5.02336389908e-09,1.75914955962e-08,9.68827984959e-14,3.77657030477e-15,9.43516640685e-14
0.9655,4.43188490005e-09,9.31944165775e-09,5.50092368621e-09,1.92523146925e-08,6.30313583681e-14,1.4177605752e-15,4.49378083573e-15
0.966,4.51700441753e-09,9.48057931281e-09,5.60083237306e-09,1.95984289593e-08,1.2799478878e-14,5.64156673196e-17,6.92534137675e-18
0.9665,4.24568520259e-09,8.9376600456e-09,5.27236015583e-09,1.84556622296e-08,-4.38078121923e-14,6.57828513395e-16,9.97035773712e-14
0.967,3.67116360103e-09,7.78183889856e-09,4.57613091932e-09,1.60290436236e-08,-9.30647119213e-14,3.29067700989e-15,6.21434056557e-14
0.9675,2.92234256816e-09,6.24735902137e-09,3.66187018238e-09,1.28314552164e-08,-1.23497627328e-13,6.95620310568e-15,7.82479549905e-14
0.968,2.1475374505e-09,4.62247344347e-09,2.70612565577e-09,9.47601595323e-09,-1.30777900789e-13,1.01830637128e-14,1.01855542501e-14
0.9685,1.46213147462e-09,3.15215893769e-09,1.85116492194e-09,6.46534883771e-09,-1.18376812745e-13,1.18861775654e-14,9.01004023181e-14
0.969,9.26196136829e-10,1.98129200155e-09,1.17537896641e-09,4.0827845873e-09,-9.43258454468e-14,1.18106221875e-14,4.65795987664e-14
0.9695,5.50353620574e-10,1.15072165159e-09,6.96639148715e-10,2.39765782606e-09,-6.69772934233e-14,1.03830757573e-14,1.65359872605e-14
0.97,3.14258525435e-10,6.27430090158e-10,3.92785404332e-10,1.33444003815e-09,-4.226755821e-14,8.28590482343e-15,4.14168787428e-15
0.9705,1.8467208538e-10,3.42724245394e-10,2.2371663667e-10,7.51096008244e-10,-2.30686764217e-14,6.10949454904e-15,7.17920562137e-16
0.971,1.27720744515e-10,2.2190082798e-10,1.47301660978e-10,4.96917576375e-10,-9.86899018951e-15,4.21189490989e-15,1.06848124098e-16
0.9715,1.15081212115e-10,2.00814561648e-10,1.2782172568e-10,4.43718409496e-10,-1.82360177106e-15,2.7336568315e-15,7.53901674704e-17
0.972,1.25861738398e-10,2.31754240121e-10,1.38759694112e-10,4.96379731621e-10,2.38585669877e-15,1.67313650053e-15,1.09163912176e-16
0.9725,1.46122597668e-10,2.8294120013e-10,1.62365532069e-10,5.91434328808e-10,4.03809740454e-15,9.60848427534e-16,1.32613172288e-16
0.973,1.67431287162e-10,3.35275558592e-10,1.87868076614e-10,6.90579583545e-10,4.15161793602e-15,5.09563981727e-16,1.40826003745e-16
0.9735,1.85242014243e-10,3.78575550862e-10,2.09429345292e-10,7.73250593966e-10,3.44324682445e-15,2.4032851691e-16,1.33885415775e-16
0.974,1.97509758002e-10,4.08350568714e-10,2.24387029385e-10,8.3024981879e-10,2.37085843755e-15,9.1836039953e-17,1.1572333532e-16
0.9745,2.03661732679e-10,4.23427446392e-10,2.31952730107e-10,8.59043131899e-10,1.20170263833e-15,2.10242023903e-17,9.15625675323e-17
0.975,2.03915962201e-10,4.24389883627e-10,2.32350262247e-10,8.60656184621e-10,7.76257120731e-17,7.65171559379e-20,3.25187891615e-14
0.9755,1.98878971254e-10,4.12663993005e-10,2.26307193752e-10,8.3784923767e-10,-9.33051341877e-16,1.27136149731e-17,4.33189589885e-17
0.976,1.89348470345e-10,3.90073798459e-10,2.14805214915e-10,7.94225737004e-10,-1.79776961198e-15,5.10575554228e-17,3.2727659016e-17
0.9765,1.76261530067e-10,3.58729483664e-10,1.99014507646e-10,7.34003141867e-10,-2.49298420644e-15,1.13475916292e-16,2.27919625447e-17
0.977,1.60750884141e-10,3.211622804e-10,1.8036504499e-10,6.62275428613e-10,-2.98433374547e-15,2.0341721639e-16,1.37439566021e-17
0.9775,1.44292602718e-10,2.8066900804e-10,1.60734050006e-10,5.85692780132e-10,-3.20975181647e-15,3.29121041997e-16,6.7237475353e-18
0.978,1.2894738947e-10,2.41870943237e-10,1.42752568308e-10,5.1356834286e-10,-3.06222593664e-15,5.04071520868e-16,5.48792646526e-18
0.9785,1.17714216829e-10,2.11526087789e-10,1.30253604108e-10,4.5949228735e-10,-2.36944693894e-15,7.48070863672e-16,8.40087277087e-18
0.979,1.15024698122e-10,1.99659349355e-10,1.28896839008e-10,4.43581107024e-10,-8.68195458138e-16,1.08873380385e-15,1.18652375251e-17
0.9795,1.27414117887e-10,2.21077515061e-10,1.47012832002e-10,4.95507854494e-10,1.82652381467e-15,1.56302030012e-15,1.53092734887e-17
0.98,1.64402202057e-10,2.97298232068e-10,1.96694804062e-10,6.58403710708e-10,6.25464735119e-15,2.21787452984e-15,2.54228468789e-17
0.9805,2.3955658363e-10,4.5879837281e-10,2.95093336711e-10,9.93464537698e-10,1.31365427001e-14,3.10800832071e-15,1.20620032788e-16
0.981,3.71622800384e-10,7.47160674834e-10,4.65727896814e-10,1.58453902307e-09,2.33640191071e-14,4.28704272236e-15,6.01345958706e-16
0.9815,5.85366840199e-10,1.21605017804e-09,7.39310111987e-10,2.54077082155e-09,3.79057658825e-14,5.78567322307e-15,2.53749895174e-15
0.982,9.113226655e-10,1.92883815538e-09,1.15297453228e-09,3.99320045801e-09,5.75367578283e-14,7.56865412116e-15,9.21521363449e-15
0.9825,1.38278071851e-09,2.94918363523e-09,1.74583907024e-09,6.07789515928e-09,8.22712268079e-14,9.46642678718e-15,2.85270972697e-14
0.983,2.02723588433e-09,4.31972349321e-09,2.54773987836e-09,8.89482074948e-09,1.1040553507e-13,1.10961532034e-14,7.28362581023e-14
0.9835,2.84900266642e-09,6.02545644967e-09,3.55795599673e-09,1.24325642291e-08,1.37290915782e-13,1.18338670859e-14,2.45235689394e-14
0.984,3.80213314372e-09,7.94659840608e-09,4.71437705919e-09,1.6463274048e-08,1.54497200078e-13,1.09668343592e-14,6.19199990218e-14
0.9845,4.76247094171e-09,9.82320803898e-09,5.86466031771e-09,2.04504982254e-08,1.50774791902e-13,8.15225540765e-15,6.77626357803e-21
0.985,5.52485229714e-09,1.12727093712e-08,6.76799213163e-09,2.35656741786e-08,1.16316013939e-13,4.07005748907e-15,5.44021072765e-14
0.9855,5.85882889541e-09,1.18954581199e-08,7.1605804333e-09,2.49149179399e-08,4.98116265006e-14,6.79971557757e-16,1.72866549634e-15
0.986,5.62098303779e-09,1.14477686987e-08,6.8792728156e-09,2.39479887255e-08,-3.61792476686e-14,3.52715458655e-16,5.33210628428e-16
0.9865,4.85085008579e-09,9.98358136648e-09,5.96599747984e-09,2.08003152385e-08,-1.17783460527e-13,4.09705431263e-15,5.95301328306e-14
0.987,3.76048700816e-09,7.85340382572e-09,4.65952009942e-09,1.6273250151e-08,-1.71247298742e-13,1.04773837789e-14,4.63162968807e-14
0.9875,2.62049055048e-09,5.54821544927e-09,3.27418417489e-09,1.14427213724e-08,-1.85322922762e-13,1.65228068101e-14,1.25216101322e-14
0.988,1.63987883201e-09,3.49708598668e-09,2.06417912617e-09,7.20099878272e-09,-1.64964530659e-13,1.98026458272e-14,2.28622662793e-15
0.9885,9.16870008367e-10,1.9433425624e-09,1.15893377534e-09,4.0190409859e-09,-1.25054186005e-13,1.96940614509e-14,1.65386909896e-15
0.989,4.56480039497e-10,9.37513808504e-10,5.74582736402e-10,1.96851261901e-09,-8.10571589965e-14,1.7092988522e-14,4.1028605616e-14
0.9895,2.1229928605e-10,4.02523329819e-10,2.59682302303e-10,8.74475086283e-10,-4.32239288083e-14,1.33921738849e-14,6.48007225001e-15
0.99,1.22058759741e-10,2.0994144191e-10,1.38945844036e-10,4.70940061514e-10,-1.56903635605e-14,9.70620296298e-15,5.90280320283e-16
0.9905,1.2836076007e-10,2.33215993402e-10,1.40874879505e-10,5.02459948163e-10,1.68485869633e-15,6.63033813541e-15,2.73962642394e-16
0.991,1.87036133709e-10,3.7275577689e-10,2.09797655209e-10,7.69604961822e-10,1.10610759386e-14,4.33496682912e-15,4.62717158426e-16
0.9915,2.68246007216e-10,5.61167952027e-10,3.07953496638e-10,1.13738522659e-09,1.50198975279e-14,2.75086806002e-15,6.76216894979e-16
0.992,3.54210354238e-10,7.58622235124e-10,4.12802406689e-10,1.52565248876e-09,1.57736212544e-14,1.71918444105e-15,8.53070598102e-16
0.9925,4.35904057376e-10,9.4525563534e-10,5.12870830359e-10,1.89404652535e-09,1.49258521849e-14,1.07656853204e-15,1.25388320061e-15
0.993,5.10017003065e-10,1.11407414016e-09,6.03890808601e-10,2.22799615278e-09,1.3510889605e-14,6.90269002367e-16,1.71106415169e-15
0.9935,5.76626293461e-10,1.26559145619e-09,6.85852530468e-10,2.52808287784e-09,1.21326146128e-14,4.65373630331e-16,2.17972409328e-15
0.994,6.37631907814e-10,1.40428640869e-09,7.61033714129e-10,2.80296348048e-09,1.11104129072e-14,3.3976458002e-16,2.65848405573e-15
0.9945,6.95823857971e-10,1.5365279261e-09,8.32829982874e-10,3.06519263922e-09,1.05968950648e-14,2.75775198437e-16,3.16389167469e-15
0.995,7.54410555324e-10,1.66954032364e-09,9.05163715845e-10,3.32912550835e-09,1.06614549403e-14,2.52545526633e-16,3.73008237796e-15
0.9955,8.16857273778e-10,1.81105514473e-09,9.82279509721e-10,3.61020353345e-09,1.13453897244e-14,2.60379639621e-16,4.40590286152e-15
0.996,8.86929219426e-10,1.96940372303e-09,1.06879224465e-09,3.92513818092e-09,1.26973401858e-14,2.97150277248e-16,5.26569551309e-15
0.9965,9.68875530463e-10,2.15390426255e-09,1.16990769152e-09,4.29270264709e-09,1.47969871338e-14,3.66391831668e-16,6.41663032929e-15
0.997,1.06772679384e-09,2.37547436117e-09,1.29177917969e-09,4.73499858351e-09,1.77732035013e-14,4.76664061916e-16,8.02735156992e-15
0.9975,1.18970484488e-09,2.6474519926e-09,1.44199625795e-09,5.27917555672e-09,2.18208743794e-14,6.41854256175e-16,1.03727146501e-14
0.998,1.34276387968e-09,2.98663918474e-09,1.63022274496e-09,5.95965390837e-09,2.7218875681e-14,8.82144466609e-16,1.39198446877e-14
0.9985,1.53729288564e-09,3.41458807575e-09,1.86901155388e-09,6.82092808723e-09,3.43496486898e-14,1.22533655493e-15,1.94952527158e-14
0.999,1.78700771131e-09,3.9591158983e-09,2.1748155982e-09,7.9209846288e-09,4.37178134258e-14,1.70798939374e-15,2.86196982996e-14
0.9995,2.11003224005e-09,4.65593224812e-09,2.56917028277e-09,9.33519309738e-09,5.59593902697e-14,2.37525996249e-15,4.42026718505e-14
1,2.53008526757e-09,5.55002674206e-09,3.07991042891e-09,1.11600975237e-08,7.1822951297e-14,3.2772140701e-15,7.20264912166e-14
1.0005,3.07748051346e-09,6.69600743346e-09,3.74202911996e-09,1.35156136069e-08,9.20857872826e-14,4.45762135326e-15,3.33903572652e-14
1.001,3.78921011842e-09,8.15578286904e-09,4.5972859916e-09,1.65424022406e-08,1.17341212094e-13,5.92912152009e-15,7.78064543133e-14
1.0015,4.70655038555e-09,9.99080897007e-09,5.6907957045e-09,2.03883102509e-08,1.47562700756e-13,7.6281165824e-15,1.35525271561e-20
1.002,5.86731905055e-09,1.22448906076e-08,7.06156557866e-09,2.51739659315e-08,1.81345670205e-13,9.34908000174e-15,6.77626357803e-21
1.0025,7.28850348032e-09,1.49134705983e-08,8.72282838965e-09,3.09250279704e-08,2.14820944763e-13,1.0681186505e-14,6.77626357803e-21
1.003,8.93538254632e-09,1.78991932217e-08,1.06290072451e-08,3.74638345765e-08,2.40545616537e-13,1.101777484e-14,1.35525271561e-20
1.0035,1.06800862224e-08,2.09648364515e-08,1.26335115739e-08,4.42786912783e-08,2.47272347153e-13,9.75819012902e-15,6.09863722023e-20
1.004,1.22709026046e-08,2.37131726521e-08,1.44594874251e-08,5.0443791535e-08,2.22076434959e-13,6.77673912782e-15,1.49077798717e-19
1.0045,1.33568216787e-08,2.56361875562e-08,1.57270768435e-08,5.47202449453e-08,1.55900249326e-13,2.96664688494e-15,2.57498015965e-19
1.005,1.36047975288e-08,2.62571831751e-08,1.60731429159e-08,5.5935174969e-08,5.10712091555e-14,2.78368973353e-16,1.28003618989e-15
1.0055,1.28726977444e-08,2.53251637278e-08,1.5328294761e-08,5.35260826388e-08,-7.43249923009e-14,7.32383894485e-16,8.95710914293e-15
1.006,1.13098455954e-08,2.29515862603e-08,1.36273417946e-08,4.78885875489e-08,-1.90955076297e-13,4.85370877273e-15,4.06575814682e-20
1.0065,9.28617607356e-09,1.95860665861e-08,1.13510249528e-08,4.02230072827e-08,-2.71316366172e-13,1.09865124863e-14,1.35525271561e-20
1.007,7.20691818545e-09,1.58352898742e-08,8.94332303383e-09,3.19852448719e-08,-3.02589715905e-13,1.63681292299e-14,1.35525271561e-20
1.0075,5.36029712726e-09,1.22430521725e-08,6.74544712267e-09,2.43485255591e-08,-2.89842448259e-13,1.8979185178e-14,1.35525271561e-20
1.008,3.87541570456e-09,9.15508920678e-09,4.93346150713e-09,1.79637357675e-08,-2.49117938725e-13,1.84844273558e-14,8.5570798765e-14
1.0085,2.76071226924e-09,6.70363680975e-09,3.54400507203e-09,1.30081722636e-08,-1.97703295698e-13,1.5825096763e-14,6.91324710152e-14
1.009,1.96239656211e-09,4.86736803066e-09,2.53190579534e-09,9.36153464599e-09,-1.48022514801e-13,1.22860280993e-14,4.83906805685e-14
1.0095,1.40826977862e-09,3.54709841979e-09,1.82031954655e-09,6.77559021956e-09,-1.06367686742e-13,8.84912742117e-15,3.97259536464e-14
1.01,1.03092522732e-09,2.62291505902e-09,1.33121307708e-09,4.98498496999e-09,-7.44086220398e-14,6.01803613313e-15,2.02826816486e-14
1.0105,7.76306678996e-10,1.9854758994e-09,9.98995014086e-10,3.760730227e-09,-5.12852443058e-14,3.92114436124e-15,1.29758061392e-14
1.011,6.04561141263e-10,1.54769024829e-09,7.73863735823e-10,2.92608241046e-09,-3.51952386222e-14,2.48109169619e-15,8.41242630027e-15
1.0115,4.87783896313e-10,1.24541445453e-09,6.20279488604e-10,2.3534551035e-09,-2.42820407068e-14,1.54656116907e-15,5.5659483641e-15
1.012,4.07048528098e-10,1.03358459354e-09,5.13837486348e-10,1.95445457059e-09,-1.70031560145e-14,9.66055115433e-16,3.76558661097e-15
1.0125,3.49741657516e-10,8.81378653886e-10,4.38144296242e-10,1.66925301745e-09,-1.22078627507e-14,6.17870110598e-16,2.60198018188e-15
1.013,3.07512687548e-10,7.67972018422e-10,3.82294316977e-10,1.45777034938e-09,-9.08895287585e-15,4.15520450932e-16,1.83123440999e-15
1.0135,2.74828624607e-10,6.79327998737e-10,3.39042104052e-10,1.29319193117e-09,-7.09876267687e-15,3.02629832061e-16,1.3081797066e-15
1.014,2.48011677309e-10,6.05969091947e-10,3.03566458561e-10,1.15754160314e-09,-5.86971417841e-15,2.45106634036e-16,9.45402271551e-16
1.0145,2.2462761797e-10,5.41519084095e-10,2.72677650165e-10,1.03881942435e-09,-5.15193428822e-15,2.24108389019e-16,6.89140923688e-16
1.015,2.03117869866e-10,4.81805041625e-10,2.44337707857e-10,9.29256082228e-10,-4.76797601912e-15,2.3089302024e-16,5.0543980622e-16
1.0155,1.82600775825e-10,4.24360833493e-10,2.174005149e-10,8.24357807387e-10,-4.58037219494e-15,2.63568656239e-16,3.72152395706e-16
1.016,1.62798795087e-10,3.68233604894e-10,1.9151610434e-10,7.22544362495e-10,-4.46720460726e-15,3.25397163545e-16,2.74320090298e-16
1.0165,1.44071036036e-10,3.14048492308e-10,1.67173205485e-10,6.25288856903e-10,-4.30119816858e-15,4.24285133703e-16,2.01648051555e-16
1.017,1.27547554669e-10,2.64331754814e-10,1.45876728184e-10,5.37752681918e-10,-3.92891390767e-15,5.7317266706e-16,1.46626485367e-16
1.0175,1.15383054971e-10,2.24124485471e-10,1.30480636607e-10,4.69985820745e-10,-3.14742741506e-15,7.91126879328e-16,1.03959741748e-16
1.018,1.11157369652e-10,2.01946872118e-10,1.25709732712e-10,4.38813403373e-10,-1.67605048632e-15,1.10494287789e-15,7.00276018813e-17
1.0185,1.20453637668e-10,2.1118489406e-10,1.38908982477e-10,4.70549942717e-10,8.77626127067e-16,1.55088640034e-15,4.24575264811e-17
1.019,1.51652926568e-10,2.71938702704e-10,1.81057576331e-10,6.04656436122e-10,5.05473462235e-15,2.1757874012e-15,5.81987867729e-17
1.0195,2.16937518218e-10,4.13272738047e-10,2.68023277669e-10,8.98248146983e-10,1.15773652516e-14,3.03569565479e-15,2.05620636078e-16
1.02,3.33413868925e-10,6.75523402105e-10,4.21905524006e-10,1.43086833588e-09,2.13523511393e-14,4.18854490385e-15,6.22337129204e-16
1.0205,5.24074224709e-10,1.11171758774e-09,6.72040281053e-10,2.30787316704e-09,3.53990194045e-14,5.67475297416e-15,1.78896068966e-15
1.021,8.17928411716e-10,1.78608421964e-09,1.05469345808e-09,3.65876817939e-09,5.46139316376e-14,7.47694077218e-15,6.76600092685e-15
1.0215,1.24784999315e-09,2.76608879998e-09,1.60954077084e-09,5.62356826137e-09,7.92482240818e-14,9.45254779596e-15,2.17265611155e-14
1.022,1.84355874786e-09,4.10296906416e-09,2.36988157902e-09,8.31652860862e-09,1.0797983967e-13,1.12486159185e-14,5.76482085809e-14
1.0225,2.61633303561e-09,5.79639792613e-09,3.34312628831e-09,1.17560061215e-08,1.36637202022e-13,1.22520971096e-14,6.47306101949e-14
1.023,3.53349688192e-09,7.74584985947e-09,4.48079326362e-09,1.57603088441e-08,1.57137380313e-13,1.17016904052e-14,6.77626357803e-21
1.0235,4.48875250127e-09,9.70820628903e-09,5.64702760605e-09,1.98441535145e-08,1.58005925653e-13,9.1121954142e-15,6.77626357803e-21
1.024,5.29122234599e-09,1.13026172689e-08,6.61188872055e-09,2.32058614895e-08,1.28198733977e-13,4.96508742484e-15,6.27277635216e-14
1.0245,5.70847854733e-09,1.2104701252e-08,7.10511761576e-09,2.49183628233e-08,6.42854627752e-14,1.12337111061e-15,3.81866847171e-15
1.025,5.57302256303e-09,1.18220101919e-08,6.93559611785e-09,2.43306059496e-08,-2.30604676388e-14,1.37324857147e-16,6.67394199801e-17
1.0255,4.89017840695e-09,1.04574811594e-08,6.10884347502e-09,2.14563963773e-08,-1.10082761789e-13,3.42350239372e-15,3.3165581826e-14
1.026,3.84932413486e-09,8.33635947898e-09,4.84087471905e-09,1.7026397276e-08,-1.70916063094e-13,9.85915591265e-15,1.35525271561e-20
1.0265,2.72011613131e-09,5.96175385869e-09,3.44753492295e-09,1.21292300185e-08,-1.91304261878e-13,1.64194255553e-14,3.95264130129e-14
1.027,1.72492263717e-09,3.79968624679e-09,2.2009316356e-09,7.72538662396e-09,-1.74231962447e-13,2.03380838607e-14,1.06679124085e-14
1.0275,9.77130977929e-10,2.13230861158e-09,1.25055437469e-09,4.35988018001e-09,-1.34462311605e-13,2.06783636523e-14,2.27542187566e-15
1.028,4.92065367437e-10,1.03527998434e-09,6.26087121336e-10,2.1533621137e-09,-8.8584993207e-14,1.82271474771e-14,4.1426680608e-14
1.0285,2.28174064159e-10,4.40281298197e-10,2.81869638822e-10,9.50291262117e-10,-4.81792406955e-14,1.44403555562e-14,6.92042773862e-15
1.029,1.24375925265e-10,2.16392794872e-10,1.43033906586e-10,4.83794889349e-10,-1.82892817944e-14,1.0551921972e-14,7.35851402598e-16
1.0295,1.2261673036e-10,2.29710635309e-10,1.3595143355e-10,4.88286888522e-10,8.36070200555e-16,7.25324213193e-15,2.95500996177e-16
1.03,1.77421695455e-10,3.72834467251e-10,2.02200424587e-10,7.52472676284e-10,1.13227112541e-14,4.76629908376e-15,4.37978714169e-16
1.0305,2.57627621363e-10,5.7216089145e-10,3.0160892894e-10,1.13141636407e-09,1.58841382202e-14,3.03820774264e-15,6.53619750012e-16
1.031,3.44393220192e-10,7.83716689377e-10,4.09887902729e-10,1.5380166213e-09,1.69017425673e-14,1.90730540515e-15,8.38525348332e-16
1.0315,4.27962230383e-10,9.85284196322e-10,5.14465465301e-10,1.92772921741e-09,1.61250556775e-14,1.20042085476e-15,9.67335342687e-16
1.032,5.0458799895e-10,1.16880697318e-09,6.10487883266e-10,2.28389832348e-09,1.46937319837e-14,7.74449744133e-16,1.03678187997e-15
1.0325,5.74136876136e-10,1.33456997722e-09,6.97717992027e-10,2.60643865107e-09,1.32796153302e-14,5.26181697568e-16,1.05881828912e-15
1.033,6.38457498217e-10,1.48732039396e-09,7.78439783957e-10,2.90423030637e-09,1.22426197098e-14,3.87759159354e-16,1.05182857324e-15
1.0335,7.00399191425e-10,1.63398118765e-09,8.56205040667e-10,3.19059749623e-09,1.17586688564e-14,3.17983696538e-16,1.03449489101e-15
1.034,7.63311156969e-10,1.78250538667e-09,9.3519536056e-10,3.48102410953e-09,1.19113999255e-14,2.94123395177e-16,1.02322257655e-15
1.0345,8.30869555e-10,1.94148868801e-09,1.01999998336e-09,3.79237128505e-09,1.27531445372e-14,3.0579164248e-16,1.12200017072e-15
1.035,9.0712321325e-10,2.12027171395e-09,1.11566788989e-09,4.14307751214e-09,1.43443300938e-14,3.51029173087e-16,1.48729498769e-15
1.0355,9.96692234591e-10,2.32937057399e-09,1.22794874712e-09,4.55402876945e-09,1.67799407879e-14,4.34214391028e-16,2.01449507032e-15
1.036,1.10508940122e-09,2.58115625387e-09,1.36368262097e-09,5.04994905043e-09,2.02095670121e-14,5.65349305134e-16,2.80945920824e-15
1.0365,1.23916302588e-09,2.89075712025e-09,1.53133200251e-09,5.66127776361e-09,2.48554430064e-14,7.6032214431e-16,4.0582737637e-15
1.037,1.4076767371e-09,3.27718641854e-09,1.74166828117e-09,6.426563508e-09,3.10306294307e-14,1.04178693642e-15,6.09987727647e-15
1.0375,1.62204874247e-09,3.76468885027e-09,2.00862899405e-09,7.39540718177e-09,3.91567965042e-14,1.44019918435e-15,9.57431833468e-15
1.038,1.89726005841e-09,4.3842398233e-09,2.35033943259e-09,8.63189108168e-09,4.97767183088e-14,1.99420382497e-15,1.57346466585e-14
1.0385,2.25289164208e-09,5.17497515834e-09,2.79022149458e-09,1.02181545861e-08,6.35489821986e-14,2.74881566938e-15,2.7122096615e-14
1.039,2.71412018107e-09,6.1850091308e-09,3.35794629345e-09,1.22571605396e-08,8.11992758777e-14,3.74852179587e-15,4.90626013124e-14
1.0395,3.31221573802e-09,7.47051876301e-09,4.08964719973e-09,1.48724900742e-08,1.03381561734e-13,5.02063560007e-15,9.30258406656e-14
1.04,4.08352342449e-09,9.09105547599e-09,5.02619228834e-09,1.82009080957e-08,1.30375556701e-13,6.5428493102e-15,7.12605362631e-14
1.0405,5.06495420923e-09,1.10978986152e-08,6.20734724066e-09,2.23703697842e-08,1.61527883914e-13,8.1911446734e-15,1.35525271561e-20
1.041,6.2827570553e-09,1.35115494382e-08,7.6585431537e-09,2.74530537029e-08,1.94378729259e-13,9.67691005238e-15,1.35525271561e-20
1.0415,7.73070429362e-09,1.62859724323e-08,9.3667261594e-09,3.33836369921e-08,2.23592451292e-13,1.05143986253e-14,1.35525271561e-20
1.042,9.33663065346e-09,1.92639397303e-08,1.12451509195e-08,3.98459716408e-08,2.40229612748e-13,1.01078742337e-14,1.35525271561e-20
1.0425,1.09272248404e-08,2.21419442433e-08,1.30981083991e-08,4.61675180339e-08,2.32489187059e-13,8.06182963203e-15,4.06575814682e-20
1.043,1.22208840652e-08,2.44795260604e-08,1.46155299683e-08,5.13161340267e-08,1.89247422814e-13,4.68541292609e-15,8.13151629364e-20
1.0435,1.2889760538e-08,2.57880748107e-08,1.54375298825e-08,5.41154730214e-08,1.06460210598e-13,1.33524958526e-15,1.92665843132e-14
1.044,1.26976287032e-08,2.56959968523e-08,1.5295885978e-08,5.36895049674e-08,-6.58083127888e-15,1.47180518773e-17,7.1557343384e-18
1.0445,1.16371896666e-08,2.41185860696e-08,1.41595840812e-08,4.99152351864e-08,-1.26717271767e-13,2.09863659513e-15,6.45272680774e-14
1.045,9.95072642118e-09,2.13222982243e-08,1.22686114909e-08,4.35414178178e-08,-2.25431565917e-13,7.11294484367e-15,1.35525271561e-20
1.0455,8.00750304087e-09,1.78265595517e-08,1.00196214491e-08,3.5853414774e-08,-2.82124901809e-13,1.28572975869e-14,1.35525271561e-20
1.046,6.13938189755e-09,1.42024484124e-08,7.79435167985e-09,2.81359063209e-08,-2.92570502386e-13,1.69016375702e-14,1.35525271561e-20
1.0465,4.54689063485e-09,1.08932076027e-08,5.84644767596e-09,2.12862968076e-08,-2.67130029971e-13,1.80418945114e-14,8.21035202173e-14
1.047,3.2977358951e-09,8.13845783664e-09,4.2826098479e-09,1.57185978346e-08,-2.2230611231e-13,1.6571818674e-14,7.78577574048e-14
1.0475,2.37282248469e-09,5.9963728676e-09,3.10230463345e-09,1.14713407796e-08,-1.72791063665e-13,1.35925537356e-14,5.9368898415e-14
1.048,1.71437315373e-09,4.41071702625e-09,2.24938680452e-09,8.37435935329e-09,-1.2783913584e-13,1.02197105948e-14,8.05380068192e-14
1.0485,1.2574445465e-09,3.27608437399e-09,1.65085990949e-09,6.18430458616e-09,-9.14206439746e-14,7.18172107868e-15,2.68499347647e-14
1.049,9.45017880753e-10,2.48123752508e-09,1.23827986471e-09,4.66447605749e-09,-6.39998351722e-14,4.78912801689e-15,1.74352990812e-14
1.0495,7.32655856181e-10,1.93027484303e-09,9.56196234287e-10,3.61908567073e-09,-4.43308390469e-14,3.06934972775e-15,1.13942533251e-14
1.05,5.88045729771e-10,1.54890284203e-09,7.63282502827e-10,2.90020232417e-09,-3.06629712842e-14,1.9132941185e-15,7.56822921932e-15
1.0505,4.88675580419e-10,1.28310653833e-09,6.30282045589e-10,2.40204398378e-09,-2.13550601519e-14,1.17500042235e-15,5.13435119615e-15
1.051,4.19254708954e-10,1.09506145558e-09,5.37113641961e-10,2.05141543035e-09,-1.50978513508e-14,7.22039346736e-16,3.55972372347e-15
1.0515,3.69522023924e-10,9.58793543543e-10,4.70210562302e-10,1.79851564876e-09,-1.09336787789e-14,4.52911963438e-16,2.51786642209e-15
1.052,3.32601151209e-10,8.56576633397e-10,4.20444222968e-10,1.60961410832e-09,-8.19650310379e-15,2.97424298187e-16,1.81178653352e-15
1.0525,3.03853424335e-10,7.76271089196e-10,3.81643339124e-10,1.4617616275e-09,-6.435570754e-15,2.10549512865e-16,1.32221843066e-15
1.053,2.80114635293e-10,7.09486272227e-10,3.49595259902e-10,1.33919098394e-09,-5.34862487803e-15,1.65242974084e-16,9.75956444024e-16
1.0535,2.59204058386e-10,6.50367046576e-10,3.21398338021e-10,1.23096485797e-09,-4.73138864962e-15,1.46452399837e-16,7.27052424342e-16
1.054,2.39619710417e-10,5.94822778016e-10,2.95057619262e-10,1.12949581275e-09,-4.4417665905e-15,1.46878287972e-16,5.45878853188e-16
1.0545,2.20360776545e-10,5.40066628703e-10,2.69248205689e-10,1.02967140046e-09,-4.37476155145e-15,1.64328236617e-16,4.2285917606e-16
1.055,2.00841719751e-10,4.84382930173e-10,2.43200189421e-10,9.28420595573e-10,-4.44405420779e-15,2.00317290378e-16,3.63045097457e-16
1.0555,1.808807918e-10,4.27082631759e-10,2.16682607589e-10,8.24641723894e-10,-4.56682612209e-15,2.59598723278e-16,3.04757372224e-16
1.056,1.60761226064e-10,3.68640592447e-10,1.90083542886e-10,7.19481062671e-10,-4.64912269248e-15,3.50414080047e-16,2.52835946624e-16
1.0565,1.41374485232e-10,3.11038823209e-10,1.64598956183e-10,6.17008180789e-10,-4.5691830159e-15,4.85359820447e-16,2.00828970695e-16
1.057,1.24464204106e-10,2.58369603541e-10,1.42556086962e-10,5.25386420932e-10,-4.15649889566e-15,6.8282939001e-16,1.4898970729e-16
1.0575,1.1300770537e-10,2.1777625998e-10,1.27916631563e-10,4.58698401185e-10,-3.16473344529e-15,9.69009202153e-16,9.877844121e-17
1.058,1.1178020928e-10,2.00832063603e-10,1.27015501921e-10,4.39627918719e-10,-1.23636812429e-15,1.38028427037e-15,5.35900805069e-17
1.0585,1.28149658066e-10,2.25457187899e-10,1.49593086073e-10,5.03204038106e-10,2.14052640813e-15,1.96554301453e-15,3.14884498142e-17
1.059,1.73147482228e-10,3.18409529831e-10,2.10159761198e-10,7.01727238568e-10,7.67826594894e-15,2.78705211206e-15,1.09657732384e-16
1.0595,2.6278476868e-10,5.18193120725e-10,3.2962798882e-10,1.11062611794e-09,1.63228811028e-14,3.91685985067e-15,3.79101454005e-16
1.06,4.19446635252e-10,8.77728401214e-10,5.36929286745e-10,1.83413897968e-09,2.92337622525e-14,5.42283768562e-15,1.14594240401e-15
1.0605,6.72872639494e-10,1.46511532046e-09,8.69859805158e-10,3.00790272796e-09,4.76291280189e-14,7.33428621056e-15,4.69882379533e-15
1.061,1.05953278728e-09,2.35910835869e-09,1.37347967277e-09,4.7922027503e-09,7.23586498899e-14,9.57521742419e-15,1.72612880207e-14
1.0615,1.61792096323e-09,3.63372836273e-09,2.09294378774e-09,7.34470799368e-09,1.03026210487e-13,1.18621441203e-14,5.2712489999e-14
1.062,2.37573012004e-09,5.32521871467e-09,3.05626993235e-09,1.07573689203e-08,1.3656730376e-13,1.36001543608e-14,5.45387777366e-14
1.0625,3.3245427958e-09,7.37861157177e-09,4.24329674123e-09,1.4946630618e-08,1.65612894972e-13,1.38962693135e-14,6.77626357803e-21
1.063,4.38307659904e-09,9.5869286928e-09,5.54470584913e-09,1.9514900956e-08,1.77914077983e-13,1.19009669859e-14,6.77626357803e-21
1.0635,5.36752138779e-09,1.15642273188e-08,6.7342399609e-09,2.36661553566e-08,1.59093457441e-13,7.59567429248e-15,1.35525271561e-20
1.064,6.01171759586e-09,1.2812728515e-08,7.49944008519e-09,2.63239890369e-08,1.00229264061e-13,2.61517145751e-15,2.23646445872e-14
1.0645,6.07303025274e-09,1.29087392729e-08,7.56315347696e-09,2.65449303906e-08,7.37285686987e-15,1.51135674778e-17,1.26038502551e-18
1.065,5.48134836076e-09,1.17278928986e-08,6.84586290927e-09,2.40550111111e-08,-9.5368660036e-14,2.31377937608e-15,1.74290513662e-14
1.0655,4.40326548817e-09,9.54692949174e-09,5.53595127754e-09,1.94859796467e-08,-1.75789563102e-13,9.17882754877e-15,1.35525271561e-20
1.066,3.14780622796e-09,6.92368083365e-09,3.9912357911e-09,1.40625287979e-08,-2.1135435207e-13,1.73175423678e-14,6.62993423182e-14
1.0665,2.00069345504e-09,4.43787651645e-09,2.55678241401e-09,8.99517501122e-09,-2.00319932341e-13,2.29489146401e-14,1.80222895255e-14
1.067,1.1230481915e-09,2.47674152416e-09,1.44149060669e-09,5.04114647139e-09,-1.58142121669e-13,2.42915892995e-14,3.82222601009e-15
1.0675,5.50162171202e-10,1.17318801926e-09,7.03104917322e-10,2.42637179845e-09,-1.05249461044e-13,2.19430649927e-14,7.21524450159e-14
1.068,2.40214488118e-10,4.68496834058e-10,2.98164979519e-10,1.00683689533e-09,-5.70512193989e-14,1.76451650128e-14,1.18390201614e-14
1.0685,1.22712745193e-10,2.13559728171e-10,1.40781151791e-10,4.77045811414e-10,-2.08283463878e-14,1.30146264893e-14,1.13937789867e-15
1.069,1.28527384578e-10,2.48021504569e-10,1.43086909104e-10,5.19647308248e-10,2.5033091507e-15,9.00670198049e-15,5.16202206848e-16
1.0695,2.02912688286e-10,4.41139270543e-10,2.34425888749e-10,8.78499124328e-10,1.53182899031e-14,5.95849381658e-15,6.35755825155e-16
1.07,3.0825996168e-10,7.03052587214e-10,3.66091206068e-10,1.37742848733e-09,2.08990883381e-14,3.83334208935e-15,9.87655663092e-16
1.0705,4.21933253639e-10,9.8045078341e-10,5.08804225702e-10,1.91121288793e-09,2.2183375339e-14,2.44189556909e-15,1.31087835357e-15
1.071,5.32427482248e-10,1.24701213231e-09,6.47721158807e-10,2.42718368829e-09,2.13418569821e-14,1.57320474646e-15,1.56119691827e-15
1.0715,6.35643076167e-10,1.49401649893e-09,7.77541291751e-10,2.90722170945e-09,1.9791115381e-14,1.05166559232e-15,1.72829618997e-15
1.072,7.31970309299e-10,1.72314772818e-09,8.9870628781e-10,3.3538434453e-09,1.83691961686e-14,7.51060290455e-16,1.82786660699e-15
1.0725,8.2431413132e-10,1.94173845513e-09,1.0148492299e-09,3.78091993714e-09,1.75317078955e-14,5.8939827282e-16,1.88937136335e-15
1.073,9.16929355615e-10,2.16002362958e-09,1.1312996466e-09,4.2082706628e-09,1.75132262477e-14,5.18168950227e-16,1.9461632284e-15
1.0735,1.01485826484e-09,2.38983375605e-09,1.25436266202e-09,4.6590736377e-09,1.84430926557e-14,5.12188207914e-16,2.0310765873e-15
1.074,1.1237835178e-09,2.64424492572e-09,1.39112422178e-09,5.15917364907e-09,2.04223494229e-14,5.6205741285e-16,2.34983202601e-15
1.0745,1.25016285443e-09,2.93784200383e-09,1.54960620466e-09,5.73763530455e-09,2.35731376447e-14,6.69359377135e-16,3.3516145046e-15
1.075,1.40156127899e-09,3.28737676737e-09,1.73915931045e-09,6.42812627012e-09,2.80705250073e-14,8.44011911507e-16,4.89779183464e-15
1.0755,1.58713369092e-09,3.71268191588e-09,1.97102796862e-09,7.27087883979e-09,3.41632199114e-14,1.10299435639e-15,7.38350827418e-15
1.076,1.81822688208e-09,4.2377260081e-09,2.25903898398e-09,8.31503552583e-09,4.21850460645e-14,1.46957239451e-15,1.15376831082e-14
1.0765,2.10905909391e-09,4.89164691693e-09,2.62034754012e-09,9.62110807132e-09,5.25534122995e-14,1.9719103327e-15,1.87458555623e-14
1.077,2.47737644942e-09,5.70945743961e-09,3.07609919489e-09,1.12630014577e-08,6.57432568572e-14,2.63946130244e-15,3.17163965447e-14
1.0775,2.94485083747e-09,6.73183393214e-09,3.6517040878e-09,1.33284745488e-08,8.22136098447e-14,3.49473893879e-15,5.58683551895e-14
1.078,3.53672256722e-09,8.0029373197e-09,4.37612374755e-09,1.59158903981e-08,1.02249849576e-13,4.53729045452e-15,9.47673742865e-14
1.0785,4.2797427369e-09,9.56459716411e-09,5.27910039903e-09,1.9123571679e-08,1.25671592278e-13,5.71705527049e-15,5.4260774747e-14
1.079,5.19685331237e-09,1.14446292439e-08,6.3846674022e-09,2.30263082178e-08,1.51360965852e-13,6.89831289851e-15,1.35525271561e-20
1.0795,6.29650681853e-09,1.3637222663e-08,7.69888924108e-09,2.76328031735e-08,1.76623593491e-13,7.82731465956e-15,1.35525271561e-20
1.08,7.55500132493e-09,1.60755331489e-08,9.19054844993e-09,3.28212876197e-08,1.96557237038e-13,8.138699893e-15,1.35525271561e-20
1.0805,8.893592173e-09,1.86024453441e-08,1.0767204872e-08,3.82634537403e-08,2.03893743056e-13,7.45746891152e-15,2.03287907341e-20
1.081,1.01603577413e-08,2.0954859284e-08,1.22572585609e-08,4.33726712917e-08,1.90069171241e-13,5.63631618365e-15,1.35525271561e-20
1.0815,1.1137400829e-08,2.27845345703e-08,1.3418679662e-08,4.73407662508e-08,1.4815120407e-13,3.0586391216e-15,7.95623739417e-14
1.082,1.15941222669e-08,2.37327441746e-08,1.3994780712e-08,4.93217250966e-08,7.71885782997e-14,7.55799287245e-16,5.1044915907e-15
1.0825,1.13800598054e-08,2.35473804854e-08,1.38109949118e-08,4.87384209419e-08,-1.42996075145e-14,3.89646481645e-17,3.14960731107e-17
1.083,1.05055820623e-08,2.21910453025e-08,1.28623038953e-08,4.5558823966e-08,-1.08973484223e-13,1.68559806496e-15,3.43552565411e-14
1.0835,9.14706761422e-09,1.98736136815e-08,1.13266946903e-08,4.03471944928e-08,-1.86769767396e-13,5.27663869642e-15,1.35525271561e-20
1.084,7.56772536287e-09,1.69811325265e-08,9.48982474506e-09,3.40384586278e-08,-2.33357807834e-13,9.35114649197e-15,1.35525271561e-20
1.0845,6.01278096937e-09,1.39409374615e-08,7.63448464956e-09,2.75879700368e-08,-2.45359891946e-13,1.23162165749e-14,1.35525271561e-20
1.085,4.64382296598e-09,1.10989729204e-08,5.96224544766e-09,2.17048252777e-08,-2.29362817523e-13,1.33224117984e-14,5.67482326863e-14
1.0855,3.52977172249e-09,8.66109328704e-09,4.57280092209e-09,1.6763481682e-08,-1.9671353006e-13,1.24727903485e-14,6.07239342902e-14
1.086,2.67216685132e-09,6.69939009462e-09,3.48430830014e-09,1.28557174461e-08,-1.58241179407e-13,1.04478794213e-14,5.13239624411e-14
1.0865,2.03707307946e-09,5.19338063243e-09,2.66681255014e-09,9.89715282837e-09,-1.21434642385e-13,8.01156706483e-15,6.2230026633e-14
1.087,1.57900443904e-09,4.07551846772e-09,2.07072284075e-09,7.72516136125e-09,-9.00967213097e-14,5.71562993885e-15,2.76082460929e-14
1.0875,1.25432106853e-09,3.26493814973e-09,1.64470119108e-09,6.16389894315e-09,-6.52997814631e-14,3.83645698147e-15,1.93066421953e-14
1.088,1.02678700746e-09,2.68648012075e-09,1.34426861749e-09,5.05749160538e-09,-4.65783830729e-14,2.4398288678e-15,1.34908055593e-14
1.0885,8.68652278555e-10,2.27844531688e-09,1.13443128223e-09,4.28149750946e-09,-3.28414420513e-14,1.47443321552e-15,9.52282889588e-15
1.089,7.59702463688e-10,1.99374243443e-09,9.89236598537e-10,3.74265943434e-09,-2.29065517831e-14,8.45080588e-16,6.82521869425e-15
1.0895,6.85676439582e-10,1.79802789195e-09,8.90150224968e-10,3.37383926837e-09,-1.57427341809e-14,4.55233500242e-16,4.97274069795e-15
1.09,6.36720508617e-10,1.66697923468e-09,8.24257428312e-10,3.12794685644e-09,-1.05401296848e-14,2.2544721099e-16,3.67909438266e-15
1.0905,6.06129525047e-10,1.58372510002e-09,7.82717298792e-10,2.97256532396e-09,-6.69707085272e-15,9.75663985231e-17,2.75721082793e-15
1.091,5.89415502363e-10,1.53679233746e-09,7.59585106139e-10,2.88578919999e-09,-3.77797549722e-15,3.23219622808e-17,2.08578136316e-15
1.0915,5.83658606692e-10,1.5186086402e-09,7.50977314975e-10,2.85324309812e-09,-1.46835207061e-15,4.88405345258e-18,1.58625215285e-15
1.092,5.87076946832e-10,1.52447538019e-09,7.54510876496e-10,2.86606366713e-09,4.63276133482e-16,5.79779428199e-19,1.20706260742e-15
1.0925,5.98755949133e-10,1.55190307716e-09,7.6894697372e-10,2.9196082061e-09,2.19472198514e-15,1.15737854146e-17,1.06484916371e-15
1.093,6.18493629743e-10,1.60021940594e-09,7.93985050163e-10,3.01270199245e-09,3.87217048055e-15,3.46246522637e-17,1.03134392845e-15
1.0935,6.46734270414e-10,1.67038823478e-09,8.30171670841e-10,3.14729987283e-09,5.62720440726e-15,6.97686339583e-17,9.99627626768e-16
1.094,6.84576350223e-10,1.76500622319e-09,8.78905571116e-10,3.32849585524e-09,7.59114384325e-15,1.19736974905e-16,9.65858117227e-16
1.0945,7.33851544565e-10,1.88846807348e-09,9.42534462289e-10,3.5648641788e-09,9.90865205949e-15,1.89959976046e-16,9.24793959944e-16
1.095,7.97283314791e-10,2.04731272321e-09,1.02455256782e-09,3.86916164708e-09,1.27523150147e-14,2.89080919043e-16,8.69631786287e-16
1.0955,8.7874324688e-10,2.2507829226e-09,1.1299197693e-09,4.2594627085e-09,1.63398817555e-14,4.29967203495e-16,7.91220252294e-16
1.096,9.83633306641e-10,2.51164970239e-09,1.26553507476e-09,4.76083967054e-09,2.09555988164e-14,6.31251994834e-16,6.77379024183e-16
1.0965,1.11943699223e-09,2.84736543572e-09,1.44091205055e-09,5.40774237462e-09,2.69767934322e-14,9.19418980247e-16,5.15175602915e-16
1.097,1.29649260746e-09,3.28161157612e-09,1.66911117284e-09,6.24725159343e-09,3.49057754634e-14,1.3313224055e-15,4.75426040767e-16
1.0975,1.52904739048e-09,3.84627110201e-09,1.96798129823e-09,7.34334711147e-09,4.54042684363e-14,1.91666331116e-15,1.29239609466e-15
1.098,1.83663120954e-09,4.58373790292e-09,2.36172195302e-09,8.78215312495e-09,5.93209315496e-14,2.73910283467e-15,3.56528703587e-15
1.0985,2.24570590604e-09,5.54918218945e-09,2.88265284619e-09,1.06776225012e-08,7.76883668812e-14,3.87300017482e-15,9.91292144941e-15
1.099,2.79131551287e-09,6.8117651297e-09,3.57276907786e-09,1.31759567434e-08,1.01639384587e-13,5.38979126032e-15,2.74536930732e-14
1.0995,3.51790554394e-09,8.45262366819e-09,4.48399134406e-09,1.64546600087e-08,1.32148217953e-13,7.32397194456e-15,7.43554252457e-14
1.1,4.47731988907e-09,1.05555708259e-08,5.67475055842e-09,2.07078202934e-08,1.69445583084e-13,9.60608546373e-15,6.70405774623e-14
1.1005,5.71994287401e-09,1.31842350394e-08,7.1985300579e-09,2.61029318573e-08,2.11928009057e-13,1.19580391836e-14,1.35525271561e-20
1.101,7.27239783028e-09,1.63386955239e-08,9.07785228725e-09,3.26892139299e-08,2.54504790709e-13,1.37837221928e-14,1.35525271561e-20
1.1015,9.09507408391e-09,1.98903126307e-08,1.12580232025e-08,4.02437109196e-08,2.86828495238e-13,1.41739297151e-14,6.77626357803e-21
1.102,1.10231867433e-08,2.35120947867e-08,1.3546244335e-08,4.80818310017e-08,2.92895958006e-13,1.22406692865e-14,1.35525271561e-20
1.1025,1.27258242024e-08,2.66534256018e-08,1.5571580798e-08,5.49510930699e-08,2.54555453828e-13,7.91223919611e-15,2.71050543121e-20
1.103,1.37547367853e-08,2.86281504798e-08,1.6836302176e-08,5.92193528594e-08,1.60620139196e-13,2.79830121729e-15,2.71050543121e-20
1.1035,1.37306998211e-08,2.88451619072e-08,1.69072085991e-08,5.94830888775e-08,1.85213839336e-14,2.86808167502e-17,7.94178091346e-18
1.104,1.2577232334e-08,2.70933069385e-08,1.56642350219e-08,5.533463558e-08,-1.41016574447e-13,2.30215501932e-15,1.35525271561e-20
1.1045,1.0594178168e-08,2.36886875661e-08,1.33999827035e-08,4.76825827873e-08,-2.75067168975e-13,9.41685082269e-15,1.35525271561e-20
1.105,8.28548700844e-09,1.93506910921e-08,1.06633151352e-08,3.82991604681e-08,-3.50756385462e-13,1.79887280563e-14,2.03287907341e-20
1.1055,6.10150393097e-09,1.48858441879e-08,7.98618774514e-09,2.89731988303e-08,-3.61009308118e-13,2.39955505638e-14,9.7869276702e-14
1.106,4.29607321383e-09,1.09010215563e-08,5.70466145974e-09,2.09014596364e-08,-3.22081318436e-13,2.54877652748e-14,1.35525271561e-20
1.1065,2.93472223446e-09,7.69349233623e-09,3.9387843505e-09,1.45667628596e-08,-2.59112752237e-13,2.30621742638e-14,8.91057247519e-14
1.107,1.9713076104e-09,5.30053646735e-09,2.66272763312e-09,9.93439708268e-09,-1.93175489928e-13,1.85583968135e-14,7.11409081059e-14
1.1075,1.3186671934e-09,3.61103882245e-09,1.78468991323e-09,6.71427334332e-09,-1.36274050096e-13,1.36943699379e-14,4.3457208318e-14
1.108,8.89393061816e-10,2.46306362118e-09,1.20072105377e-09,4.55309471327e-09,-9.25037931672e-14,9.48503420068e-15,2.88900237825e-14
1.1085,6.12142076245e-10,1.70166278842e-09,8.20676858302e-10,3.13442672563e-09,-6.12824890471e-14,6.28703518308e-15,1.48886335389e-14
1.109,4.3455303253e-10,1.20245042852e-09,5.7598487452e-10,2.21295227043e-09,-4.01254493343e-14,4.06116206524e-15,8.76583216279e-15
1.1095,3.20633698255e-10,8.75013286412e-10,4.18462026745e-10,1.61408534044e-09,-2.62773313349e-14,2.6067894264e-15,5.26229382877e-15
1.11,2.46714599676e-10,6.57630871911e-10,3.15993893315e-10,1.2203236523e-09,-1.74135490466e-14,1.70117114184e-15,3.23068191665e-15
1.1105,1.97725068925e-10,5.09909538493e-10,2.47967031191e-10,9.55590990302e-10,-1.1807964375e-14,1.15978430361e-15,2.02521681337e-15
1.111,1.64335396181e-10,4.06247011193e-10,2.01557390339e-10,7.72132384049e-10,-8.26448493492e-15,8.50894031195e-16,1.29001254394e-15
1.1115,1.40979859098e-10,3.30981315502e-10,1.69089206601e-10,6.41045090899e-10,-5.98007981128e-15,6.8982043535e-16,8.28916606578e-16
1.112,1.24595592216e-10,2.75168417604e-10,1.46323702296e-10,5.46083927048e-10,-4.41246176085e-15,6.27418330894e-16,5.32326326031e-16
1.1125,1.1388784233e-10,2.34648712433e-10,1.3145126961e-10,4.79985287863e-10,-3.1757754871e-15,6.39278924759e-16,3.37535853217e-16
1.113,1.08969718883e-10,2.09054386195e-10,1.24587855401e-10,4.42610713808e-10,-1.96442820966e-15,7.17763611658e-16,2.08061785032e-16
1.1135,1.11265052266e-10,2.01496850991e-10,1.2762841417e-10,4.40390686289e-10,-4.9803172362e-16,8.66897375438e-16,1.21729645949e-16
1.114,1.23609009686e-10,2.18758267414e-10,1.44366383253e-10,4.86736278978e-10,1.51923917331e-15,1.09938943038e-15,6.46912943136e-17
1.1145,1.50508244171e-10,2.71867080224e-10,1.80819283396e-10,6.03200472121e-10,4.42956785047e-15,1.43476781549e-15,1.02383413433e-16
1.115,1.98516830296e-10,3.76941173263e-10,2.45698674687e-10,8.21167218575e-10,8.64294060502e-15,1.89740517931e-15,2.83187678223e-16
1.1155,2.76671000667e-10,5.56098390515e-10,3.509334364e-10,1.18371998263e-09,1.46422490379e-14,2.51284422673e-15,6.92749284044e-16
1.116,3.96855563194e-10,8.38043387171e-10,5.12060127913e-10,1.74698533531e-09,2.29568935953e-14,3.3002889244e-15,1.573041827e-15
1.1165,5.73858042974e-10,1.25758958102e-09,7.48120668414e-10,2.57960662678e-09,3.40764639544e-14,4.25832868055e-15,3.41033760476e-15
1.117,8.24634203804e-10,1.85286558381e-09,1.08042605212e-09,3.75797944406e-09,4.82637318916e-14,5.34175532295e-15,7.1433168354e-15
1.1175,1.16598735794e-09,2.65842623372e-09,1.52917698744e-09,5.35366223025e-09,6.52238320911e-14,6.43038563091e-15,1.45426171919e-14
1.118,1.60956024207e-09,3.6923476129e-09,2.10670493434e-09,7.40870370191e-09,8.36192442178e-14,7.30087373088e-15,2.86805288178e-14
1.1185,2.15318236546e-09,4.93662955391e-09,2.80650291919e-09,9.89642298413e-09,1.00532087716e-13,7.63012640217e-15,5.42029833831e-14
1.119,2.76895196055e-09,6.31418978461e-09,3.58914320111e-09,1.26724031862e-08,1.11194049688e-13,7.07836654734e-15,9.60962876656e-14
1.1195,3.39205537705e-09,7.67277599778e-09,4.37046646103e-09,1.54354128709e-08,1.09551307146e-13,5.4882940901e-15,4.53336099129e-14
1.12,3.91969010334e-09,8.7929200765e-09,5.02289773621e-09,1.77356012726e-08,9.02080411863e-14,3.15058046028e-15,1.90260337324e-14
1.1205,4.23160004e-09,9.43485995139e-09,5.40174445051e-09,1.90682569369e-08,5.15633012983e-14,9.3192022528e-16,1.94579053391e-15
1.121,4.23397121666e-09,9.41972576585e-09,5.39653658394e-09,1.90502321213e-08,-1.44586777328e-15,7.57492994502e-19,1.35525271561e-20
1.1215,3.90644128301e-09,8.70959906429e-09,4.98414153454e-09,1.76001255684e-08,-5.74570571513e-14,1.1439542596e-15,2.37776378448e-15
1.122,3.31844139621e-09,7.43658663688e-09,4.24719565264e-09,1.50021250334e-08,-1.02794104791e-13,4.14484528045e-15,2.51706682298e-14
1.1225,2.59936563097e-09,5.85651776403e-09,3.34105267797e-09,1.1796816349e-08,-1.27519501483e-13,7.81592131192e-15,6.25786518416e-14
1.123,1.88385121651e-09,4.25318501429e-09,2.43123595137e-09,8.56815349621e-09,-1.29395740732e-13,1.07211124102e-14,7.4323990159e-14
1.1235,1.26843783452e-09,2.84869655464e-09,1.64089225519e-09,5.75792522317e-09,-1.13388482338e-13,1.19724288509e-14,5.37823807028e-14
1.124,7.97723658105e-10,1.76053591692e-09,1.03070236604e-09,3.58888553888e-09,-8.79146559289e-14,1.15141591823e-14,2.55665680412e-14
1.1245,4.73792446153e-10,1.0082741621e-09,6.07283623973e-10,2.08929924909e-09,-6.08534121547e-14,9.87068073745e-15,8.46126283188e-15
1.125,2.74012242184e-10,5.47449934918e-10,3.4403982292e-10,1.16547235863e-09,-3.73611908836e-14,7.71987336587e-15,1.98655653559e-15
1.1255,1.66754199007e-10,3.063052282e-10,2.0122112264e-10,6.74266506931e-10,-1.96398943205e-14,5.59698956246e-15,3.28313358488e-16
1.126,1.21413061383e-10,2.12109690343e-10,1.39448254756e-10,4.72967035532e-10,-7.77189833829e-15,3.80095082873e-15,6.82759377464e-17
1.1265,1.13109972642e-10,2.0472753875e-10,1.26382204441e-10,4.4422140068e-10,-7.45990565747e-16,2.43083955297e-15,6.97904326561e-17
1.127,1.23846082094e-10,2.40594071947e-10,1.38538169707e-10,5.02982557334e-10,2.76992419837e-15,1.463665623e-15,9.47524936117e-17
1.1275,1.41801569567e-10,2.91332333963e-10,1.60480063646e-10,5.93618787407e-10,3.99711248369e-15,8.23121969935e-16,1.0965349722e-16
1.128,1.59936791299e-10,3.40279129784e-10,1.83008301722e-10,6.83228524313e-10,3.87840720227e-15,4.23105297587e-16,1.11711787282e-16
1.1285,1.74529332608e-10,3.78831424984e-10,2.01248695188e-10,7.54612704658e-10,3.06294178516e-15,1.88940860899e-16,1.02001401574e-16
1.129,1.83964853055e-10,4.03437372242e-10,2.13071588202e-10,8.00475835593e-10,1.95798019396e-15,6.41177897898e-17,8.43966687985e-17
1.1295,1.87859937003e-10,4.13443355442e-10,2.17950086923e-10,8.19254186701e-10,7.9758770573e-16,9.74906859053e-18,6.3383475443e-17
1.13,1.86494325675e-10,4.0971563437e-10,2.16222721652e-10,8.12432387873e-10,-2.95123091273e-16,1.30221523577e-18,5.01900902566e-17
1.1305,1.80487392461e-10,3.93864469484e-10,2.08674304374e-10,7.83024931796e-10,-1.25954104607e-15,2.50216454913e-17,5.17621834067e-17
1.131,1.70653955012e-10,3.67904818639e-10,1.96349478226e-10,7.34906264528e-10,-2.06241343088e-15,7.50673794034e-17,5.22009464734e-17
1.1315,1.57990383442e-10,3.34231322446e-10,1.80535074627e-10,6.72754259609e-10,-2.67256129623e-15,1.51656951149e-16,5.09778308976e-17
1.132,1.43762464712e-10,2.95836768212e-10,1.62874106402e-10,6.02470558258e-10,-3.04124802333e-15,2.60181564118e-16,4.75913931744e-17
1.1325,1.29685401854e-10,2.56750858207e-10,1.45599232056e-10,5.32032818853e-10,-3.084432163e-15,4.11169213464e-16,4.15054614484e-17
1.133,1.182047307e-10,2.22715736524e-10,1.31895852531e-10,4.72814276985e-10,-2.66372890179e-15,6.20960102123e-16,3.2343106058e-17
1.1335,1.12899440549e-10,2.02146361264e-10,1.26420921686e-10,4.41466072963e-10,-1.5634583478e-15,9.12922504205e-16,2.06057705079e-17
1.134,1.19035466657e-10,2.07440032458e-10,1.36013052016e-10,4.62490407479e-10,5.37426009026e-16,1.31892225651e-15,1.15670819277e-17
1.1345,1.44307816204e-10,2.56680230497e-10,1.70632080374e-10,5.71626104421e-10,4.0969345142e-15,1.88041233762e-15,1.35389746289e-17
1.135,1.99772195038e-10,3.75709370492e-10,2.44518931628e-10,8.20012884589e-10,9.73968013976e-15,2.64775310215e-15,5.00308480625e-17
1.1355,3.00901731745e-10,6.00328653242e-10,3.77468017851e-10,1.27872034421e-09,1.82664435735e-14,3.67494323822e-15,2.36742320626e-16
1.136,4.68555819334e-10,9.77910189846e-10,5.9588993141e-10,2.04239155177e-09,3.06063070143e-14,5.00494066437e-15,1.06402754175e-15
1.1365,7.29338098976e-10,1.56684823187e-09,9.32907823336e-10,3.22914843375e-09,4.76418855825e-14,6.63802071211e-15,4.11445068283e-15
1.137,1.11418793366e-09,2.43096488957e-09,1.42597015825e-09,4.97120125944e-09,6.98026254591e-14,8.47677013419e-15,1.36968378534e-14
1.1375,1.65309351638e-09,3.62458304651e-09,2.10943168589e-09,7.38721480675e-09,9.63122862315e-14,1.02508948278e-14,3.83889189155e-14
1.138,2.36291918444e-09,5.16384259673e-09,2.99890911474e-09,1.05258064203e-08,1.24082949469e-13,1.14570467132e-14,8.64680201084e-14
1.1385,3.22592515675e-09,6.98424328691e-09,4.06566948175e-09,1.42759959254e-08,1.46612997078e-13,1.14084253511e-14,6.03716905569e-14
1.139,4.16195283332e-09,8.89716084151e-09,5.20618294e-09,1.82654600661e-08,1.53918180677e-13,9.53307127733e-15,6.77626357803e-21
1.1395,5.01060421443e-09,1.05775733358e-08,6.22621367033e-09,2.18145322215e-08,1.35057886696e-13,5.95527107614e-15,8.66716502171e-14
1.14,5.55431051006e-09,1.16244476133e-08,6.87178360475e-09,2.40506277226e-08,8.39788489245e-14,2.01752434766e-15,1.23574246539e-14
1.1405,5.60255084665e-09,1.17051207165e-08,6.92485950095e-09,2.42325373098e-08,6.23421206646e-15,1.15273441397e-17,4.33680868994e-19
1.141,5.10142646506e-09,1.07222144623e-08,6.32322627684e-09,2.21467897095e-08,-7.92560078126e-14,1.76266717181e-15,1.04835844866e-14
1.1415,4.17980470136e-09,8.88849812607e-09,5.21185135646e-09,1.82800136121e-08,-1.47612860149e-13,7.04107701533e-15,6.77626357803e-21
1.142,3.08253553599e-09,6.64131338419e-09,3.87321428037e-09,1.35968958194e-08,-1.80841162136e-13,1.34691314011e-14,4.13794161696e-14
1.1425,2.04764026003e-09,4.45130755325e-09,2.59221549379e-09,9.09100522713e-09,-1.76274575328e-13,1.81962483826e-14,1.13281169926e-14
1.143,1.22252563709e-09,2.6540400408e-09,1.55576369114e-09,5.43220432484e-09,-1.44744512201e-13,1.97005544637e-14,2.30182050449e-15
1.1435,6.52906830505e-10,1.38855661688e-09,8.30559344628e-10,2.87193899176e-09,-1.0201930899e-13,1.8221860992e-14,7.14740664928e-14
1.144,3.15271918171e-10,6.33224047547e-10,3.95087657784e-10,1.34353760676e-09,-6.10059160499e-14,1.49895811798e-14,1.5382345327e-14
1.1445,1.55333470429e-10,2.80255521735e-10,1.84954245929e-10,6.20525881559e-10,-2.86360190075e-14,1.12795228492e-14,1.79775543275e-15
1.145,1.14836769959e-10,2.00665672551e-10,1.27629962761e-10,4.4313370929e-10,-6.62380583522e-15,7.92783166313e-15,2.13088925574e-16
1.1455,1.44940701627e-10,2.82038122501e-10,1.61135851312e-10,5.88126321615e-10,6.35561397609e-15,5.29057322778e-15,3.17029185564e-16
1.146,2.10296577225e-10,4.42307981314e-10,2.40315670311e-10,8.92936364532e-10,1.27362938915e-14,3.39941292831e-15,5.09342934041e-16
1.1465,2.8826921126e-10,6.29214702376e-10,3.36201489601e-10,1.25370244532e-09,1.49107605888e-14,2.13136728491e-15,6.85371627073e-16
1.147,3.66152110053e-10,8.13857494762e-10,4.32518248948e-10,1.61254393278e-09,1.47557342259e-14,1.32335017207e-15,8.14635631088e-16
1.1475,4.38092252353e-10,9.83307448422e-10,5.21740931088e-10,1.94315501557e-09,1.35552912924e-14,8.28508394353e-16,8.87355103675e-16
1.148,5.02518404497e-10,1.13445544622e-09,6.0179124316e-10,2.23877772837e-09,1.20994883839e-14,5.35127715232e-16,9.10296144019e-16
1.1485,5.60288189187e-10,1.26965568798e-09,6.73670538705e-10,2.50362561067e-09,1.082835783e-14,3.66592804798e-16,8.98630806269e-16
1.149,6.13502296304e-10,1.39398960978e-09,7.39953575652e-10,2.74745571785e-09,9.96200136073e-15,2.74301732934e-16,1.0290264463e-15
1.1495,6.64834840724e-10,1.51374979793e-09,8.03941576175e-10,2.98253604277e-09,9.59853245153e-15,2.29622583634e-16,1.25106427496e-15
1.15,7.17225063423e-10,1.63575400553e-09,8.69271901764e-10,3.22226096857e-09,9.7808024309e-15,2.17306920958e-16,1.51061888692e-15
1.1505,7.73806184397e-10,1.76719390366e-09,9.39825651709e-10,3.48083650976e-09,1.05393715562e-14,2.30926947163e-16,1.8333892618e-15
1.151,8.37990320999e-10,1.91582594225e-09,1.01982935926e-09,3.77365781232e-09,1.19200390437e-14,2.7013176511e-16,2.25906397538e-15
1.1515,9.13664852201e-10,2.09039793119e-09,1.11409388794e-09,4.11817101303e-09,1.40028262185e-14,3.39330900521e-16,2.84864634052e-15
1.152,1.00548543214e-09,2.30126952492e-09,1.22836981487e-09,4.53514213641e-09,1.69176178623e-14,4.47445101412e-16,3.70046671799e-15
1.1525,1.11927233998e-09,2.56122909994e-09,1.3698250307e-09,5.05034793826e-09,2.0859990829e-14,6.08467769958e-16,4.98087899051e-15
1.153,1.26253516872e-09,2.88653535424e-09,1.5476700611e-09,5.69676753489e-09,2.61093790884e-14,8.42641724148e-16,6.98170972533e-15
1.1535,1.44516143266e-09,3.29821896201e-09,1.77396583187e-09,6.51738045281e-09,3.30500775053e-14,1.17802458711e-15,1.02353868924e-14
1.154,1.68030637717e-09,3.82365191304e-09,2.0646445134e-09,7.56864664552e-09,4.21929521058e-14,1.6519912928e-15,1.57519566238e-14
1.1545,1.98549971356e-09,4.49830104345e-09,2.44073834889e-09,8.92459560269e-09,5.41904988817e-14,2.31167541407e-15,2.55241655719e-14
1.155,2.38391441302e-09,5.36736612225e-09,2.92971199947e-09,1.06810655637e-08,6.98279400321e-14,3.21124599153e-15,4.3639252639e-14
1.1555,2.90555949372e-09,6.48656415286e-09,3.56656237828e-09,1.29587803611e-08,8.99551488488e-14,4.40206513537e-15,7.87901983782e-14
1.156,3.58775158479e-09,7.92052951946e-09,4.3938745247e-09,1.59022768266e-08,1.15295780168e-13,5.90932905225e-15,5.7269340908e-14
1.1565,4.47341638871e-09,9.73606918415e-09,5.45915525939e-09,1.96687945543e-08,1.46034736459e-13,7.68734877828e-15,1.35525271561e-20
1.157,5.60441758346e-09,1.1986065638e-08,6.80643314532e-09,2.43971069844e-08,1.81067316243e-13,9.55028204817e-15,1.35525271561e-20
1.1575,7.00544450872e-09,1.46792684379e-08,8.45770133211e-09,3.01426422398e-08,2.16864526798e-13,1.10965020218e-14,6.77626357803e-21
1.158,8.65367571086e-09,1.77343167777e-08,1.03800727706e-08,3.6768323153e-08,2.46199710424e-13,1.16940955289e-14,1.35525271561e-20
1.1585,1.04351168544e-08,2.09272009602e-08,1.24408664688e-08,4.38034525418e-08,2.57601772716e-13,1.06565759434e-14,2.71050543121e-20
1.159,1.21066056966e-08,2.38611845908e-08,1.43706673919e-08,5.03387025188e-08,2.37121058454e-13,7.71842154873e-15,1.08420217249e-19
1.1595,1.33093174725e-08,2.60055660013e-08,1.57794164541e-08,5.50944774169e-08,1.73826364695e-13,3.66253971047e-15,1.89735380185e-19
1.16,1.36806517677e-08,2.68361837719e-08,1.62707182217e-08,5.67876222904e-08,6.80321319271e-14,4.97817536807e-16,3.01935397257e-15
1.1605,1.30389566468e-08,2.60452391544e-08,1.56308140193e-08,5.47149473987e-08,-6.29425888504e-14,5.21866333867e-16,5.02037105464e-15
1.161,1.15084674974e-08,2.37056881075e-08,1.39648167057e-08,4.91787886134e-08,-1.8827581877e-13,4.57866424169e-15,2.71050543121e-20
1.1615,9.46278400114e-09,2.02672578443e-08,1.16554250292e-08,4.13852006488e-08,-2.77316440384e-13,1.10906568558e-14,1.35525271561e-20
1.162,7.33097958786e-09,1.63718761339e-08,9.17323288188e-09,3.28757912745e-08,-3.14389922341e-13,1.70608573983e-14,1.35525271561e-20
1.1625,5.42651858176e-09,1.26111879811e-08,6.89053932122e-09,2.49279624631e-08,-3.0355106609e-13,2.0143584375e-14,9.51695184248e-14
1.163,3.8937470011e-09,9.36909921296e-09,5.0045230746e-09,1.82671274623e-08,-2.61640487763e-13,1.98298034208e-14,9.2575510517e-14
1.1635,2.74585180441e-09,6.79715749483e-09,3.56028208086e-09,1.31031009749e-08,-2.0748070183e-13,1.70850820697e-14,7.43678258081e-14
1.164,1.92764027527e-09,4.87721397664e-09,2.51244074733e-09,9.31715350329e-09,-1.5480449628e-13,1.33147089487e-14,5.13953300491e-14
1.1645,1.36336150201e-09,3.50430797877e-09,1.78009772365e-09,6.64766618318e-09,-1.10628109131e-13,9.61435486547e-15,4.71362959244e-14
1.165,9.82085477482e-10,2.54994795441e-09,1.28047495705e-09,4.81243809323e-09,-7.68463616716e-14,6.55369698119e-15,2.08347167372e-14
1.1655,7.27043911495e-10,1.89686863275e-09,9.43997010681e-10,3.5678612929e-09,-5.25443492745e-14,4.28376816155e-15,1.30918123835e-14
1.166,5.56564935399e-10,1.45197376868e-09,7.18017488618e-10,2.72652315356e-09,-3.57632149655e-14,2.7248573463e-15,8.33665073281e-15
1.1665,4.41646222633e-10,1.14708679586e-09,5.65178257999e-10,2.15388850387e-09,-2.44859353885e-14,1.71377184108e-15,5.42040099871e-15
1.167,3.62768586579e-10,9.34676170864e-10,4.60021049864e-10,1.75744985051e-09,-1.7042802926e-14,1.08629471466e-15,3.60542962131e-15
1.1675,3.07049988095e-10,7.82545778303e-10,3.85612361134e-10,1.47519664366e-09,-1.2194325165e-14,7.10638139766e-16,2.45027996916e-15
1.168,2.66070751913e-10,6.69211001204e-10,3.30832401255e-10,1.26610557238e-09,-9.0754113693e-15,4.93540501139e-16,1.69607166853e-15
1.1685,2.34352805626e-10,5.80436119926e-10,2.8842788951e-10,1.10321008861e-09,-7.10105844284e-15,3.74692228253e-16,1.19103166186e-15
1.169,2.08359933311e-10,5.06864220872e-10,2.53712787325e-10,9.68931381812e-10,-5.87783527161e-15,3.18198966041e-16,8.45022091038e-16
1.1695,1.85877848935e-10,4.42504661918e-10,2.23755036857e-10,8.5213271817e-10,-5.13446006829e-15,3.04962043005e-16,6.03326321736e-16
1.17,1.65660224278e-10,3.83847467772e-10,1.96909106805e-10,7.46412454892e-10,-4.67110773241e-15,3.27172187913e-16,4.31746245743e-16
1.1705,1.47264284911e-10,3.2943479996e-10,1.72597094187e-10,6.49292241507e-10,-4.32245332934e-15,3.84920470777e-16,3.08303052142e-16
1.171,1.31029601404e-10,2.79790808112e-10,1.51279830655e-10,5.62096796015e-10,-3.92867653555e-15,4.84532638976e-16,2.18310883694e-16
1.1715,1.18183419942e-10,2.3766897314e-10,1.34595277916e-10,4.90444999201e-10,-3.30997675893e-15,6.38185865135e-16,1.51629061954e-16
1.172,1.11078218983e-10,2.08619517944e-10,1.25668828501e-10,4.45365189099e-10,-2.24076906819e-15,8.64443889132e-16,1.01542309717e-16
1.1725,1.13574466664e-10,2.01911951224e-10,1.29611840934e-10,4.45099027078e-10,-4.21054757373e-16,1.18931323258e-15,6.34453088482e-17
1.173,1.31592340364e-10,2.31846793249e-10,1.54234671927e-10,5.17678007659e-10,2.55482327283e-15,1.64729863856e-15,3.44564532614e-17
1.1735,1.73847901435e-10,3.19449788593e-10,2.10979915568e-10,7.04287115834e-10,7.22880824556e-15,2.28143445705e-15,1.10013486222e-16
1.174,2.52732362411e-10,4.94407961385e-10,3.16009379116e-10,1.0631671415e-09,1.4298315695e-14,3.14029504713e-15,3.41045957751e-16
1.1745,3.85206418601e-10,7.96778704546e-10,4.91238702556e-10,1.67325269128e-09,2.45972349879e-14,4.26843062633e-15,9.42918770949e-16
1.175,5.93366584363e-10,1.27738582225e-09,7.64809346516e-10,2.63560642677e-09,3.89895346732e-14,5.68445958179e-15,2.43828598263e-15
1.1755,9.0393084806e-10,1.99479844744e-09,1.1699475773e-09,4.06874230489e-09,5.80931025497e-14,7.34025022157e-15,8.04884587799e-15
1.176,1.34516166664e-09,3.00551867157e-09,1.74033223522e-09,6.09110336025e-09,8.17315682997e-14,9.05942728228e-15,2.34838732661e-14
1.1765,1.93888759317e-09,4.34322449565e-09,2.49931087546e-09,8.78154147622e-09,1.08051985575e-13,1.04722063091e-14,5.6353261223e-14
1.177,2.68508290563e-09,5.98475688447e-09,3.44061489797e-09,1.21105981336e-08,1.32460085838e-13,1.10057810424e-14,7.19900552473e-14
1.1775,3.53891483282e-09,7.8084526129e-09,4.50187866105e-09,1.58494031626e-08,1.47013238836e-13,1.00426322688e-14,1.35525271561e-20
1.178,4.38853481464e-09,9.56592095748e-09,5.54195425977e-09,1.94965588908e-08,1.41518223097e-13,7.34071358233e-15,1.35525271561e-20
1.1785,5.0554674573e-09,1.09033068594e-08,6.34639529478e-09,2.23052807217e-08,1.07527074219e-13,3.58772809504e-15,3.16752171909e-14
1.179,5.34360709216e-09,1.14599045382e-08,6.68668269971e-09,2.34902394478e-08,4.45508439045e-14,5.67078891007e-16,9.25170042573e-16
1.1795,5.13277329482e-09,1.102197708e-08,6.42504295662e-09,2.25797581401e-08,-3.55410959596e-14,3.49777558817e-16,3.55232065551e-16
1.18,4.45685100989e-09,9.6444623596e-09,5.600112699e-09,1.97013186886e-08,-1.11142648587e-13,3.76746445164e-15,3.41550382811e-14
1.1805,3.49507183126e-09,7.64673610354e-09,4.41889777242e-09,1.55605541779e-08,-1.61028143322e-13,9.52718439627e-15,9.15801722651e-14
1.181,2.47874138315e-09,5.47451222242e-09,3.15561426898e-09,1.11087078119e-08,-1.75070086597e-13,1.5014984731e-14,3.30558266848e-14
1.1815,1.59089742146e-09,3.52142142195e-09,2.03670703116e-09,7.14888648658e-09,-1.57458004615e-13,1.80714675395e-14,9.49580854486e-15
1.182,9.22283944352e-10,2.01729574208e-09,1.18291611637e-09,4.12239254241e-09,-1.21350056052e-13,1.80951847899e-14,9.71938560179e-14
1.1825,4.83091949796e-10,1.0179500801e-09,6.15484244247e-10,2.11646137106e-09,-8.07324932161e-14,1.58305229393e-14,2.85998760346e-14
1.183,2.36920507951e-10,4.60316438315e-10,2.93654182329e-10,9.90858460825e-10,-4.5169309649e-14,1.25016803835e-14,5.1858109888e-15
1.1835,1.31234697465e-10,2.30174315289e-10,1.52639657239e-10,5.14039009991e-10,-1.87833327919e-14,9.12334541698e-15,6.15522749144e-16
1.184,1.1598426952e-10,2.11300018889e-10,1.28760507396e-10,4.56049314503e-10,-1.74308939625e-15,6.26179341316e-15,1.70932942822e-16
1.1845,1.51667069311e-10,3.09928549268e-10,1.71139611333e-10,6.3274708229e-10,7.75344402277e-15,4.09894463152e-15,2.94342255105e-16
1.185,2.10878498283e-10,4.60994137378e-10,2.44358082292e-10,9.16245318864e-10,1.201100677e-14,2.58992085367e-15,4.3140912663e-16
1.1855,2.76716352124e-10,6.24789423904e-10,3.26560554913e-10,1.22808099682e-09,1.30678675745e-14,1.59804175067e-15,5.43061621605e-16
1.186,3.40085264891e-10,7.80397648941e-10,4.05983996721e-10,1.52648032139e-09,1.24353668202e-14,9.75504157462e-16,6.12777515362e-16
1.1865,3.97085002854e-10,9.19243764535e-10,4.77563462078e-10,1.79390393508e-09,1.11069261226e-14,5.98731008679e-16,6.39248989029e-16
1.187,4.4694875829e-10,1.04006430021e-09,5.40258387316e-10,2.02728149466e-09,9.67158160363e-15,3.77310572576e-16,6.31222504821e-16
1.1875,4.9061296354e-10,1.14548053265e-09,5.95209024757e-10,2.23131121429e-09,8.44275035518e-15,2.50646460583e-16,6.01223985961e-16
1.188,5.29827704177e-10,1.23990664049e-09,6.44595933242e-10,2.41433802414e-09,7.56550430468e-15,1.80782912981e-16,5.6118643261e-16
1.1885,5.6666594763e-10,1.32841916869e-09,6.91013452061e-10,2.58610580757e-09,7.09384564143e-15,1.45402731091e-16,5.2046786477e-16
1.189,6.03301509604e-10,1.4162592578e-09,7.3718651028e-10,2.7567544516e-09,7.04157991748e-15,1.32405413462e-16,4.85719185142e-16
1.1895,6.41958170531e-10,1.50872883956e-09,7.85904388088e-10,2.93659894837e-09,7.41402675448e-15,1.36237869313e-16,4.61565193618e-16
1.19,6.84965904629e-10,1.61132938358e-09,8.40089752935e-10,3.1363934243e-09,8.22755594404e-15,1.5569388081e-16,4.51692177585e-16
1.1905,7.34889933797e-10,1.73006078773e-09,9.02958785547e-10,3.36791922227e-09,9.52248577562e-15,1.92818849362e-16,4.60104908817e-16
1.191,7.94720358889e-10,1.87184895764e-09,9.78256047193e-10,3.64483698969e-09,1.13734667221e-14,2.52629935589e-16,6.06275690459e-16
1.1915,8.68127091108e-10,2.04510698534e-09,1.0705689919e-09,3.9838173119e-09,1.39002607861e-14,3.43474655836e-16,8.55052655199e-16
1.192,9.59799251961e-10,2.26046250503e-09,1.18574360164e-09,4.40602311749e-09,1.72811667194e-14,4.77946507532e-16,1.25058654838e-15
1.1925,1.0758999077e-09,2.53170523584e-09,1.33143620215e-09,4.93906379041e-09,2.17707547617e-14,6.74340273238e-16,1.90338806457e-15
1.193,1.22468112089e-09,2.87701993064e-09,1.51785073473e-09,5.61958046721e-09,2.77229443454e-14,9.58620258187e-16,3.0233960138e-15
1.1935,1.41731393559e-09,3.3205676938e-09,1.75871659242e-09,6.49663520663e-09,3.56191416486e-14,1.36674694868e-15,5.02499924266e-15
1.194,1.66898909442e-09,3.89443537243e-09,2.07255460062e-09,7.63602711037e-09,4.60980809026e-14,1.94682501194e-15,8.75883567064e-15
1.1945,2.00031651891e-09,4.6408441899e-09,2.48423027694e-09,9.1254537184e-09,5.99770191811e-14,2.75968743011e-15,1.60429361581e-14
1.195,2.43895505493e-09,5.6142023752e-09,3.02665543669e-09,1.10798949726e-08,7.82397190199e-14,3.87484976562e-15,3.09208632006e-14
1.1955,3.02114524655e-09,6.8819532307e-09,3.74216966561e-09,1.36453754187e-08,1.01940358752e-13,5.35594385743e-15,6.27246057828e-14
1.196,3.79222102196e-09,8.52201519115e-09,4.68243916742e-09,1.69968145254e-08,1.31930659617e-13,7.2260973923e-15,7.2966413185e-14
1.1965,4.80397018097e-09,1.06128290365e-08,5.90442668511e-09,2.13214035716e-08,1.6826686197e-13,9.40213995591e-15,1.35525271561e-20
1.197,6.10468030029e-09,1.32100618805e-08,7.45802809782e-09,2.67729910126e-08,2.0913802832e-13,1.15959627471e-14,1.35525271561e-20
1.1975,7.71536434637e-09,1.63038431292e-08,9.35909507846e-09,3.33785650728e-08,2.49299000012e-13,1.32197371901e-14,1.35525271561e-20
1.198,9.58619836376e-09,1.97566033829e-08,1.15430301283e-08,4.08861237865e-08,2.78498647944e-13,1.34128156588e-14,1.35525271561e-20
1.1985,1.15387293724e-08,2.32399949966e-08,1.3806313238e-08,4.85853303638e-08,2.81369874393e-13,1.13869031784e-14,5.42101086243e-20
1.199,1.32303351316e-08,2.62182818917e-08,1.57729759937e-08,5.52218413014e-08,2.41104182772e-13,7.18019587761e-15,1.35525271561e-19
1.1995,1.42113719241e-08,2.80406518948e-08,1.695426677e-08,5.92064411661e-08,1.48188686206e-13,2.40928253022e-15,7.5811319028e-14
1.2,1.41156502676e-08,2.81624910935e-08,1.69415475192e-08,5.92196998243e-08,1.09332554488e-14,1.07618602181e-17,2.27682456222e-18
1.2005,1.2887409114e-08,2.64068822017e-08,1.56425213639e-08,5.49366740577e-08,-1.41003571141e-13,2.38166102675e-15,5.42101086243e-20
1.201,1.08420655704e-08,2.30905389062e-08,1.33625263892e-08,4.72948725615e-08,-2.67490169137e-13,9.18588207421e-15,1.35525271561e-20
1.2015,8.48740174307e-09,1.88999934431e-08,1.06422020451e-08,3.80292760743e-08,-3.38380252047e-13,1.72232584328e-14,1.35525271561e-20
1.202,6.26959731702e-09,1.45964922867e-08,7.99486918824e-09,2.88606340133e-08,-3.47573702377e-13,2.27949587248e-14,1.35525271561e-20
1.2025,4.43724833939e-09,1.07517387417e-08,5.74097312415e-09,2.09296738689e-08,-3.10463152069e-13,2.41394667302e-14,9.5267448986e-14
1.203,3.05289942978e-09,7.64710511501e-09,3.99332901883e-09,1.46931047858e-08,-2.50595365721e-13,2.18306434853e-14,9.68834116665e-14
1.2035,2.06944597948e-09,5.31978862242e-09,2.72553052824e-09,1.01145949553e-08,-1.87746246995e-13,1.75799463361e-14,6.6460143053e-14
1.204,1.39960055748e-09,3.66653791772e-09,1.84826367213e-09,6.91428185548e-09,-1.33274367937e-13,1.29874434512e-14,4.14126639068e-14
1.2045,9.55923156051e-10,2.53493113912e-09,1.26058507945e-09,4.75135722965e-09,-9.1145189457e-14,9.00451176303e-15,2.47963914755e-14
1.205,6.66895564896e-10,1.77800443872e-09,8.74745694967e-10,3.31959076169e-09,-6.09056039755e-14,5.97044787661e-15,1.47215173266e-14
1.2055,4.79839751939e-10,1.276951798e-09,6.2371154907e-10,2.38046668095e-09,-4.02701825085e-14,3.85292815207e-15,8.82285780893e-15
1.206,3.58367883572e-10,9.44783724117e-10,4.60113999088e-10,1.76324141056e-09,-2.66615437756e-14,2.46575082867e-15,5.39094458093e-15
1.2065,2.78393384802e-10,7.21627775864e-10,3.52151212989e-10,1.35215608826e-09,-1.78849307606e-14,1.5997628745e-15,3.36917180353e-15
1.207,2.24438973055e-10,5.67906611917e-10,2.79211310024e-10,1.07154567622e-09,-1.22990745859e-14,1.08043715635e-15,2.15128072691e-15
1.2075,1.86790655049e-10,4.58194742683e-10,2.28290524731e-10,8.73267944325e-10,-8.76042087651e-15,7.82363189529e-16,1.39762807989e-15
1.208,1.59515720658e-10,3.76608579536e-10,1.91423697177e-10,7.27542123084e-10,-6.49857314974e-15,6.24335024299e-16,9.18180326692e-16
1.2085,1.39188293939e-10,3.1370642077e-10,1.64003493908e-10,6.1689377343e-10,-4.99387525714e-15,5.58718028502e-16,6.05425269379e-16
1.209,1.24132897152e-10,2.64596540564e-10,1.43773280379e-10,5.32499399976e-10,-3.87944881101e-15,5.61347874428e-16,3.96902698424e-16
1.2095,1.14035214923e-10,2.27935065913e-10,1.30303875904e-10,4.72271911315e-10,-2.86944521363e-15,6.24030304386e-16,2.55663342602e-16
1.21,1.09817702453e-10,2.0557111794e-10,1.248195463e-10,4.40207409866e-10,-1.70661147608e-15,7.4978983967e-16,1.5914902046e-16
1.2105,1.13711272902e-10,2.02687356261e-10,1.30284961179e-10,4.46684418243e-10,-1.22332563028e-16,9.50235741204e-16,9.31744712309e-17
1.211,1.29493563505e-10,2.28339775001e-10,1.51708483807e-10,5.09545262057e-10,2.19553266721e-15,1.24421302062e-15,4.861037381e-17
1.2115,1.62871478698e-10,2.96324264483e-10,1.96624998636e-10,6.5582802743e-10,5.62886759547e-15,1.65675086057e-15,1.03685303073e-16
1.212,2.21966580137e-10,4.26256278292e-10,2.75699091188e-10,9.23934812892e-10,1.06463020743e-14,2.21699028205e-15,2.88226677226e-16
1.2125,3.17829970347e-10,6.44602510616e-10,4.03332482422e-10,1.36578571544e-09,1.77988749948e-14,2.95323292731e-15,7.19978005166e-16
1.213,4.6480894277e-10,9.85121612125e-10,5.98015889462e-10,2.04797799867e-09,2.76721910511e-14,3.88230596185e-15,1.68472481517e-15
1.2135,6.80407121295e-10,1.48769029552e-09,8.81916601678e-10,3.05005976346e-09,4.07556413944e-14,4.9898854344e-15,3.78047067392e-15
1.214,9.83959001699e-10,2.19384471295e-09,1.27881377147e-09,4.45668086172e-09,5.7177348547e-14,6.19987546051e-15,8.21347858975e-15
1.2145,1.39302148876e-09,3.13681248108e-09,1.80905610565e-09,6.33897366753e-09,7.62594973664e-14,7.33695450656e-15,1.77851270766e-14
1.215,1.9161254183e-09,4.32404956205e-09,2.48011103762e-09,8.72039002403e-09,9.59150423728e-14,8.10192033352e-15,3.59986156552e-14
1.2155,2.54107316764e-09,5.71278664177e-09,3.27226359266e-09,1.15262435701e-08,1.12087596746e-13,8.10413967286e-15,6.75253649112e-14
1.216,3.22054456977e-09,7.18528107733e-09,4.12236580793e-09,1.45283171939e-08,1.18734769373e-13,7.01060590075e-15,6.15995630697e-14
1.2165,3.86234144406e-09,8.53952066752e-09,4.9146893759e-09,1.73166653909e-08,1.09081331002e-13,4.82680467285e-15,3.93313582658e-14
1.217,4.337683718e-09,9.51621132029e-09,5.49354120777e-09,1.93475169657e-08,7.85450979301e-14,2.17583513606e-15,9.81621061562e-15
1.2175,4.51850355373e-09,9.87198943099e-09,5.70792926422e-09,2.00984509653e-08,2.84479486027e-14,2.68406490385e-16,1.72543999487e-16
1.218,4.33468781586e-09,9.47726196609e-09,5.47649795124e-09,1.92884160376e-08,-3.20265086601e-14,3.30932944781e-16,2.30196450009e-16
1.2185,3.8157543455e-09,8.38502574173e-09,4.83399983423e-09,1.70346944818e-08,-8.81872334298e-14,2.74934467883e-15,1.34637445507e-14
1.219,3.08207806091e-09,6.82116230784e-09,3.92219946329e-09,1.3825320316e-08,-1.26146806641e-13,6.65862379407e-15,7.20067655133e-14
1.2195,2.28980030257e-09,5.09656344806e-09,2.9287113024e-09,1.03149464e-08,-1.39086126251e-13,1.043985226e-14,3.0544960143e-14
1.22,1.56995652258e-09,3.49485630793e-09,2.0162642553e-09,7.08096058845e-09,-1.29203333523e-13,1.27148150923e-14,9.09446773261e-14
1.2205,9.96904105117e-10,2.19688886138e-09,1.28211198423e-09,4.47581318708e-09,-1.0476176649e-13,1.30014786112e-14,5.02559318217e-14
1.221,5.89936024234e-10,1.26572004043e-09,7.55703024486e-10,2.61129551927e-09,-7.52332475552e-14,1.16642596787e-14,1.86352398356e-14
1.2215,3.31951132307e-10,6.75641235674e-10,4.19003583522e-10,1.42655764066e-09,-4.77603621817e-14,9.44969026766e-15,4.7825716369e-15
1.222,1.89471942759e-10,3.55028522214e-10,2.31073179626e-10,7.75554655208e-10,-2.60421879403e-14,7.05282142527e-15,8.30969814443e-16
1.2225,1.26797514266e-10,2.21633447818e-10,1.46673950439e-10,4.95098890918e-10,-1.09389115139e-14,4.91730940392e-15,1.4028729079e-16
1.223,1.13435909215e-10,2.03186388987e-10,1.26579938458e-10,4.43203817409e-10,-1.65111622467e-15,3.23186798927e-15,8.07679796525e-17
1.2235,1.26605212649e-10,2.45299852052e-10,1.41304239492e-10,5.1321457359e-10,3.25775647842e-15,2.01164330922e-15,1.20363381805e-16
1.224,1.5096722664e-10,3.11533761621e-10,1.70957466089e-10,6.33464869817e-10,5.23002056085e-15,1.18545094047e-15,1.50675302855e-16
1.2245,1.77176738924e-10,3.79938419225e-10,2.03409246753e-10,7.60530492737e-10,5.43121070101e-15,6.56630402396e-16,1.64910538567e-16
1.225,2.00157054165e-10,4.38820107448e-10,2.32056068824e-10,8.71038252618e-10,4.68674076434e-15,3.35446562871e-16,1.61976416438e-16
1.2255,2.17588123152e-10,4.83031512231e-10,2.53859268344e-10,9.54482579003e-10,3.5240069668e-15,1.51275219521e-16,1.45415228253e-16
1.226,2.28765372622e-10,5.11208337834e-10,2.67869605446e-10,1.00784561794e-09,2.24812699681e-15,5.39115556636e-17,1.20592080701e-16
1.2265,2.33832456937e-10,5.23923278555e-10,2.74236279139e-10,1.03199304065e-09,1.01574206728e-15,1.02811117816e-17,9.27365551972e-17
1.227,2.3331057428e-10,5.22570393589e-10,2.73600832172e-10,1.02948169192e-09,-1.06321833577e-16,1.11346388416e-19,4.37643577113e-14
1.2275,2.27842487485e-10,5.08768403569e-10,2.66768459172e-10,1.00337826301e-09,-1.09933460343e-15,1.21253343428e-17,4.27921044953e-17
1.228,2.18082872603e-10,4.8411101895e-10,2.54567263207e-10,9.56759231297e-10,-1.96472863819e-15,4.12680928882e-17,2.69271773932e-17
1.2285,2.04686521147e-10,4.50147370365e-10,2.37833128955e-10,8.92664401875e-10,-2.70556822883e-15,8.69772109216e-17,2.614451895e-17
1.229,1.88366698615e-10,4.08526715841e-10,2.17484704183e-10,8.14374957665e-10,-3.31331805172e-15,1.52345389002e-16,2.9339527227e-17
1.2295,1.70014772464e-10,3.61283611944e-10,1.94676839122e-10,7.25971711019e-10,-3.75652870962e-15,2.44019155556e-16,3.18569091462e-17
1.23,1.50884572625e-10,3.11276810593e-10,1.71038054548e-10,6.33195842133e-10,-3.96836638404e-15,3.72733865596e-16,3.26717548415e-17
1.2305,1.32857997099e-10,2.62826571512e-10,1.49013960593e-10,5.44695252938e-10,-3.8306946254e-15,5.544291778e-16,3.08955267511e-17
1.231,1.18826445297e-10,2.22619880273e-10,1.3235861433e-10,4.73802599301e-10,-3.1525269091e-15,8.11928157188e-16,2.55575251175e-17
1.2315,1.1322991186e-10,2.00978904143e-10,1.26825736339e-10,4.4103408864e-10,-1.64077371465e-15,1.1770723265e-15,1.6187646655e-17
1.232,1.22801038797e-10,2.13594779565e-10,1.41117635426e-10,4.77516283884e-10,1.13715017993e-15,1.6929469738e-15,1.24564665223e-17
1.2325,1.5756536397e-10,2.83786273674e-10,1.88142597789e-10,6.29502446032e-10,5.79536806257e-15,2.41523214026e-15,2.64350512509e-17
1.233,2.32089461395e-10,4.45210930978e-10,2.86552670577e-10,9.63869639142e-10,1.31658160423e-14,3.41038094689e-15,1.12648605721e-16
1.2335,3.66862412693e-10,7.44584133207e-10,4.62368782133e-10,1.57384437184e-09,2.42978482307e-14,4.74598737417e-15,6.12459030973e-16
1.234,5.89436920381e-10,1.24317260011e-09,7.50134214404e-10,2.58279055895e-09,4.03589566102e-14,6.46526815235e-15,2.76640791167e-15
1.2345,9.34414233779e-10,2.0144309831e-09,1.19230391871e-09,4.14121999235e-09,6.23231656241e-14,8.53445254446e-15,1.06370837973e-14
1.235,1.44027849715e-09,3.13317046635e-09,1.83433488466e-09,6.40788488919e-09,9.0288488047e-14,1.07561966021e-14,3.45593440475e-14
1.2355,2.13959065917e-09,4.64999337475e-09,2.71148278667e-09,9.50120176394e-09,1.22290073625e-13,1.26661529025e-14,9.16728817152e-14
1.236,3.03816861935e-09,6.54639274105e-09,3.82308023589e-09,1.34078078224e-08,1.52748688439e-13,1.3493664455e-14,4.69634097236e-14
1.2365,4.08178505461e-09,8.67662253024e-09,5.09464901173e-09,1.78532403781e-08,1.71419894395e-13,1.23616602186e-14,6.77626357803e-21
1.237,5.12175654423e-09,1.07258184606e-08,6.34290785628e-09,2.21906564798e-08,1.64722771487e-13,8.89598908343e-15,1.35525271561e-20
1.2375,5.91403401358e-09,1.22382252776e-08,7.28149899065e-09,2.54338837344e-08,1.21391628901e-13,4.06930308905e-15,5.58090899883e-14
1.238,6.19473088211e-09,1.27577304739e-08,7.60921887338e-09,2.6561722147e-08,4.14788148922e-14,4.38888987566e-16,7.15695406585e-16
1.2385,5.82242237195e-09,1.20437248804e-08,7.16562900855e-09,2.50317194414e-08,-5.76598971075e-14,8.40801715703e-16,2.99336022549e-15
1.239,4.88309218524e-09,1.02260359899e-08,6.044895554e-09,2.11538834997e-08,-1.46303821739e-13,6.07437086464e-15,6.77626357803e-21
1.2395,3.650336026e-09,7.76680825748e-09,4.55687899741e-09,1.59738392949e-08,-1.97830482427e-13,1.38608124934e-14,6.52542900086e-14
1.24,2.43211609648e-09,5.24396840945e-09,3.06311161925e-09,1.07390136124e-08,-2.0296852779e-13,2.04585014254e-14,1.73577074751e-14
1.2405,1.43860315141e-09,3.11352812416e-09,1.8245974855e-09,6.37658059327e-09,-1.71485626213e-13,2.3318161869e-14,3.30062989743e-15
1.241,7.47611799305e-10,1.59368490479e-09,9.49997193251e-10,3.29119369103e-09,-1.22451346594e-13,2.22451116465e-14,1.56363976129e-15
1.2415,3.40642361494e-10,6.88182639257e-10,4.27473951916e-10,1.45624451132e-09,-7.30825073518e-14,1.86419397452e-14,2.96529192531e-14
1.242,1.54094982115e-10,2.77346106304e-10,1.83155390127e-10,6.14577362001e-10,-3.33036019774e-14,1.41871172059e-14,3.13896942429e-15
1.2425,1.16335291451e-10,2.0525246995e-10,1.28503671815e-10,4.50095440757e-10,-6.04089738772e-15,1.00484479952e-14,3.32018280599e-16
1.243,1.66470629893e-10,3.32692107289e-10,1.86492853292e-10,6.85672383963e-10,1.00395312274e-14,6.75398426372e-15,5.40374833096e-16
1.2435,2.60338493914e-10,5.57543828976e-10,3.00828391555e-10,1.11873300693e-09,1.79107620742e-14,4.38177824822e-15,8.21320415107e-16
1.244,3.69840363443e-10,8.15209921023e-10,4.35638655056e-10,1.62071231432e-09,2.05845173154e-14,2.79038173767e-15,1.14892226592e-15
1.2445,4.79497524755e-10,1.07072532304e-09,5.71171350342e-10,2.12141641668e-09,2.04410038278e-14,1.77770406251e-15,1.41596803727e-15
1.245,5.82578277228e-10,1.30940099628e-09,6.98813195029e-10,2.59081273768e-09,1.91099787165e-14,1.15942540654e-15,1.60039421494e-15
1.2455,6.7784055388e-10,1.52902372837e-09,8.16903028879e-10,3.02378570146e-09,1.75949448698e-14,7.95727635759e-16,1.89878359346e-15
1.246,7.67197809026e-10,1.73438699493e-09,9.27754427095e-10,3.42935628256e-09,1.64600781388e-14,5.91883831687e-16,2.52571672344e-15
1.2465,8.54254726844e-10,1.93392949799e-09,1.03579978338e-09,3.8240004963e-09,1.5999392758e-14,4.89276481479e-16,3.24875421161e-15
1.247,9.43521696158e-10,2.13796076782e-09,1.1465975793e-09,4.22809686189e-09,1.63641742827e-14,4.55159506395e-16,4.1204425939e-15
1.2475,1.04010832851e-09,2.35797138975e-09,1.26644198755e-09,4.66453982947e-09,1.76501707936e-14,4.74397700627e-16,5.23070288797e-15
1.248,1.14974040646e-09,2.60665005505e-09,1.40237376421e-09,5.15878472282e-09,1.99543942884e-14,5.43880510035e-16,6.7258041313e-15
1.2485,1.27899995435e-09,2.89835924111e-09,1.5624623913e-09,5.73984566654e-09,2.34120632388e-14,6.6928392955e-16,8.84307140318e-15
1.249,1.43573229308e-09,3.24992248021e-09,1.75628443776e-09,6.44196829413e-09,2.82217117134e-14,8.63540329927e-16,1.19788890179e-14
1.2495,1.62959381428e-09,3.68163119381e-09,1.99555843986e-09,7.30681925404e-09,3.46629681242e-14,1.14630617902e-15,1.68190690596e-14
1.25,1.8727227224e-09,4.21838174712e-09,2.29490381856e-09,8.38605293398e-09,4.31071714356e-14,1.54362442138e-15,2.45931137326e-14
1.2505,2.18049574601e-09,4.89078443274e-09,2.6726621741e-09,9.7439984468e-09,5.40153104898e-14,2.08666910419e-15,3.75814017493e-14
1.251,2.57226260319e-09,5.73591358248e-09,3.15162887626e-09,1.14598757653e-08,6.79095014824e-14,2.807830912e-15,6.01484194482e-14
1.2515,3.07179043378e-09,6.79704119491e-09,3.75935233011e-09,1.36282729642e-08,8.5291612108e-14,3.73145005768e-15,9.42937066861e-14
1.252,3.70684197664e-09,8.12116666993e-09,4.52731219408e-09,1.63554321573e-08,1.0646665113e-13,4.8555738945e-15,4.35690844297e-14
1.2525,4.50678010505e-09,9.75244884849e-09,5.48773562421e-09,1.97471019003e-08,1.31213846021e-13,6.12159448882e-15,8.99295896539e-14
1.253,5.49635851833e-09,1.17190256497e-08,6.66611719642e-09,2.38816669933e-08,1.58255302528e-13,7.37355430418e-15,1.35525271561e-20
1.2535,6.68324215552e-09,1.40109769187e-08,8.06707292561e-09,2.87614848661e-08,1.84542895173e-13,8.32332874425e-15,6.77626357803e-21
1.254,8.03746973866e-09,1.65499040343e-08,9.65217527891e-09,3.42397621953e-08,2.04579484581e-13,8.56398037835e-15,1.35525271561e-20
1.2545,9.46538163231e-09,1.915756553e-08,1.13130616628e-08,3.99362268529e-08,2.10330771543e-13,7.69714226245e-15,2.03287907341e-20
1.255,1.07906691071e-08,2.15417861513e-08,1.28531116264e-08,4.51857650911e-08,1.92593301712e-13,5.61303592156e-15,4.06575814682e-20
1.2555,1.17673930729e-08,2.33255607291e-08,1.40023680972e-08,4.90954691538e-08,1.44451906908e-13,2.8226697239e-15,7.19930164745e-14
1.256,1.21473499746e-08,2.41359598494e-08,1.44874128222e-08,5.07707892938e-08,6.61140120677e-14,5.34330669375e-16,2.95859799333e-15
1.2565,1.17879135282e-08,2.373424505e-08,1.41428886138e-08,4.96650156601e-08,-3.1688273429e-14,1.56442564414e-16,4.02279663574e-16
1.257,1.0734327673e-08,2.21249002701e-08,1.30004326873e-08,4.58595336681e-08,-1.2931063254e-13,2.36158846032e-15,6.52265988075e-14
1.2575,9.20766663464e-09,1.95725690539e-08,1.1284964981e-08,4.00650014863e-08,-2.05639181717e-13,6.45603564577e-15,1.35525271561e-20
1.258,7.50310827069e-09,1.6507571037e-08,9.31638278621e-09,3.33268256362e-08,-2.47187173556e-13,1.07294283896e-14,1.35525271561e-20
1.2585,5.87502320726e-09,1.33754577489e-08,7.38792457474e-09,2.66381663835e-08,-2.52684115476e-13,1.35367876269e-14,1.35525271561e-20
1.259,4.4765922203e-09,1.05146030046e-08,5.69236133023e-09,2.06833398994e-08,-2.30800974918e-13,1.4165880172e-14,6.23777559553e-14
1.2595,3.36169394153e-09,8.10878373618e-09,4.31250225486e-09,1.57827987782e-08,-1.94053920121e-13,1.29093070272e-14,6.1696646598e-14
1.26,2.5181040817e-09,6.20588338791e-09,3.2503786571e-09,1.19742232539e-08,-1.53440132349e-13,1.05735965029e-14,4.97509612717e-14
1.2605,1.90236596661e-09,4.76647828675e-09,2.46450331603e-09,9.13323949871e-09,-1.1601989459e-13,7.95840174244e-15,5.14796809781e-14
1.261,1.46356989405e-09,3.71132706122e-09,1.89859439517e-09,7.07341192969e-09,-8.50092249206e-14,5.59274120856e-15,2.5367318787e-14
1.2615,1.15554044615e-09,2.95393963482e-09,1.49822100175e-09,5.60764380185e-09,-6.09900290354e-14,3.71145212175e-15,1.74565562201e-14
1.262,9.41199306187e-10,2.41748108854e-09,1.21799006679e-09,4.57662962559e-09,-4.31783994096e-14,2.34385635146e-15,1.20518659885e-14
1.2625,7.92797538897e-10,2.0406580008e-09,1.0230898704e-09,3.8565165082e-09,-3.03159549018e-14,1.41496512724e-15,8.42784907617e-15
1.263,6.9045496163e-10,1.77760853284e-09,8.88170025333e-10,3.35621318224e-09,-2.11544713406e-14,8.17541082024e-16,5.99386940905e-15
1.2635,6.2030703275e-10,1.59533792955e-09,7.95354614492e-10,3.01098537314e-09,-1.46539005664e-14,4.50718942076e-16,4.33861456419e-15
1.264,5.72834568852e-10,1.47065962228e-09,7.32277401417e-10,2.77576180499e-09,-1.00220275365e-14,2.34817565217e-16,3.19218257513e-15
1.2645,5.41557499104e-10,1.38750137046e-09,6.90476278492e-10,2.61952857625e-09,-6.68460478277e-15,1.13078605277e-16,2.38103333165e-15
1.265,5.22089454186e-10,1.33482609362e-09,6.64202474224e-10,2.52111383416e-09,-4.23552713307e-15,4.78868696431e-17,1.79477811194e-15
1.2655,5.11486992438e-10,1.3051389031e-09,6.49587885383e-10,2.46621140708e-09,-2.38933491997e-15,1.56811782272e-17,1.36263884291e-15
1.266,5.07815607987e-10,1.29346148896e-09,6.44084040203e-10,2.44536019603e-09,-9.43392185537e-16,2.42593659794e-18,1.03847933399e-15
1.2665,5.09867408284e-10,1.29664907736e-09,6.46094374593e-10,2.45261111013e-09,2.49817319748e-16,2.12982406172e-19,7.91569229868e-16
1.267,5.1698279259e-10,1.31294999824e-09,6.54740573308e-10,2.48467467128e-09,1.30229560654e-15,4.96667656247e-18,6.20017952995e-16
1.2675,5.28944504888e-10,1.34173796329e-09,6.69722803401e-10,2.54040759097e-09,2.304474189e-15,1.50243202166e-17,5.96270537286e-16
1.268,5.45924875429e-10,1.38337315118e-09,6.91249124744e-10,2.62055051721e-09,3.33560303837e-15,3.03494511453e-17,5.73071998926e-16
1.2685,5.68476308471e-10,1.43916847422e-09,7.20021052238e-10,2.72767035925e-09,4.47222654433e-15,5.21912327655e-17,5.49080637728e-16
1.269,5.97562149338e-10,1.51145324199e-09,7.57271244008e-10,2.86629251436e-09,5.79602798084e-15,8.30738890425e-17,5.22632880983e-16
1.2695,6.34631042075e-10,1.60373991956e-09,8.04856936251e-10,3.04323542702e-09,7.40213987238e-15,1.27065660511e-16,4.91316378857e-16
1.27,6.81744151338e-10,1.72101286805e-09,8.6542038179e-10,3.2681870004e-09,9.40895981116e-15,1.90333558502e-16,4.52054707686e-16
1.2705,7.417717131e-10,1.87017267396e-09,9.42636170817e-10,3.55459281055e-09,1.19706970886e-14,2.82038565677e-16,4.00751616137e-16
1.271,8.18684519071e-10,2.06068658023e-09,1.04157649119e-09,3.9209633001e-09,1.52939916031e-14,4.1567135849e-16,3.32223262572e-16
1.2715,9.17978770944e-10,2.30551590377e-09,1.16923907843e-09,4.39275402433e-09,1.96602758386e-14,6.1095712489e-16,2.42325961814e-16
1.272,1.04728676825e-09,2.62241290035e-09,1.33529800034e-09,5.00502402092e-09,2.5455566732e-14,8.96457011152e-16,1.59482751441e-16
1.2725,1.21724563998e-09,3.03569068511e-09,1.5531562329e-09,5.80612707954e-09,3.32087234295e-14,1.3128846776e-15,3.81039465388e-16
1.273,1.44271220563e-09,3.57855464076e-09,1.84138657195e-09,6.86269897183e-09,4.36368597572e-14,1.91681423686e-15,1.07845590097e-15
1.2735,1.74440967788e-09,4.29598783885e-09,2.22562602339e-09,8.26608401347e-09,5.76903957205e-14,2.78357693315e-15,3.11691861557e-15
1.274,2.15103074649e-09,5.24790592801e-09,2.74088327529e-09,1.01399005292e-08,7.65753427627e-14,4.00624698542e-15,9.1332208452e-15
1.2745,2.70161263487e-09,6.51164122391e-09,3.43392169985e-09,1.26472829358e-08,1.01700352384e-13,5.68391207321e-15,2.6817883038e-14
1.275,3.44742268803e-09,8.18148065651e-09,4.3646631596e-09,1.59937088091e-08,1.34441097494e-13,7.88663588526e-15,7.74926794283e-14
1.2755,4.45126475613e-09,1.03606364908e-08,5.60406562654e-09,2.04161529475e-08,1.75533440494e-13,1.0578654064e-14,9.53216455421e-14
1.276,5.77949120858e-09,1.31378107984e-08,7.22327252924e-09,2.61408118576e-08,2.23835777327e-13,1.34856360575e-14,1.35525271561e-20
1.2765,7.47806297822e-09,1.65383668977e-08,9.26534577366e-09,3.32820658671e-08,2.74284981101e-13,1.5932486953e-14,6.77626357803e-21
1.277,9.5217377777e-09,2.04450085412e-08,1.16898963947e-08,4.16569749339e-08,3.15428945946e-13,1.67913118518e-14,1.35525271561e-20
1.2775,1.17358447413e-08,2.45049005727e-08,1.42926011883e-08,5.05336896278e-08,3.28286876476e-13,1.48386720794e-14,2.71050543121e-20
1.278,1.37306310868e-08,2.80830114168e-08,1.66408495043e-08,5.84547917594e-08,2.89973532654e-13,9.77785261858e-15,6.77626357803e-20
1.2785,1.49483264647e-08,3.03562022555e-08,1.81229007556e-08,6.34276179517e-08,1.84978171229e-13,3.49760098594e-15,1.08420217249e-19
1.279,1.49046680155e-08,3.05988344839e-08,1.81921319668e-08,6.36956553158e-08,2.0816043812e-14,3.35346995795e-17,1.29697684884e-17
1.2795,1.35085877712e-08,2.85520712092e-08,1.67025795026e-08,5.8763076691e-08,-1.647695083e-13,2.9775875947e-15,2.71050543121e-20
1.28,1.11581337937e-08,2.46166007535e-08,1.40396453817e-08,4.981407393e-08,-3.18023001239e-13,1.20241515044e-14,2.71050543121e-20
1.2805,8.49289557134e-09,1.96834226563e-08,1.08960783974e-08,3.90720202926e-08,-3.98945319019e-13,2.26128497459e-14,5.42101086243e-20
1.281,6.04953747485e-09,1.47181253206e-08,7.90743054667e-09,2.86747214001e-08,-4.0150471643e-13,2.95626828669e-14,4.74338450462e-20
1.2815,4.09783578671e-09,1.04060021221e-08,5.44036447804e-09,1.99438845455e-08,-3.4853338593e-13,3.06920029351e-14,1.35525271561e-20
1.282,2.67809848e-09,7.04189410242e-09,3.59517759709e-09,1.33149255626e-08,-2.71735228269e-13,2.71297707205e-14,9.57764073671e-14
1.2825,1.71025712955e-09,4.61783009013e-09,2.30974018815e-09,8.63765310962e-09,-1.95645809555e-13,2.13576787353e-14,7.00976040722e-14
1.283,1.08028401839e-09,2.97071879914e-09,1.45977250588e-09,5.51065797734e-09,-1.32805931943e-13,1.54647379237e-14,3.94989894742e-14
1.2835,6.83860252177e-10,1.89821418376e-09,9.19100537153e-10,3.50109915958e-09,-8.63687462188e-14,1.05586498093e-14,2.34156921961e-14
1.284,4.40569825302e-10,1.22028089981e-09,5.84883951048e-10,2.24568710904e-09,-5.4508869448e-14,6.94291692521e-15,1.15822641463e-14
1.2845,2.9400444118e-10,7.99819974455e-10,3.82560369155e-10,1.47635553295e-09,-3.37395132522e-14,4.48813291027e-15,6.30033270563e-15
1.285,2.06982836534e-10,5.41747413084e-10,2.62004150025e-10,1.01071666233e-09,-2.06543649504e-14,2.91725304488e-15,3.48194407606e-15
1.2855,1.56133775419e-10,3.8420844756e-10,1.91340135931e-10,7.31671753657e-10,-1.2562384651e-14,1.95722401301e-15,1.9564750075e-15
1.286,1.27400595062e-10,2.88969179091e-10,1.51261133686e-10,5.67624750883e-10,-7.55249198246e-15,1.39557926167e-15,1.11216103601e-15
1.2865,1.12791297974e-10,2.33671088672e-10,1.30736247426e-10,4.77195380305e-10,-4.34133881951e-15,1.08759394636e-15,6.32577757537e-16
1.287,1.08245422159e-10,2.06448183553e-10,1.24127644892e-10,4.38820113178e-10,-2.08174107013e-15,9.44326289602e-16,3.54451101174e-16
1.2875,1.12350637881e-10,2.02565793101e-10,1.29428888741e-10,4.44346038128e-10,-1.98516780529e-16,9.16927262401e-16,1.91068610044e-16
1.288,1.2565117315e-10,2.22546230588e-10,1.47303498317e-10,4.95503617244e-10,1.73192343308e-15,9.83269848196e-16,9.52056562384e-17
1.2885,1.50354008852e-10,2.71304121531e-10,1.80659579879e-10,6.02322911732e-10,4.06325183633e-15,1.1382242202e-15,1.10576763132e-16
1.289,1.90282444162e-10,3.57921603317e-10,2.3455826962e-10,7.827708348e-10,7.13085053029e-15,1.38686716561e-15,2.66399485208e-16
1.2895,2.5096976102e-10,4.95754128974e-10,3.16302351964e-10,1.06303925947e-09,1.12783802007e-14,1.73916766578e-15,5.78472680998e-16
1.29,3.39780294302e-10,7.02553580726e-10,4.35546224654e-10,1.47789916313e-09,1.68590638958e-14,2.20448023236e-15,1.18101803836e-15
1.2905,4.65913207591e-10,1.00019304099e-09,6.04219299437e-10,2.07035253506e-09,2.42032831631e-14,2.78400129445e-15,2.31682145799e-15
1.291,6.40063196909e-10,1.41338296751e-09,8.35953710481e-10,2.88943687117e-09,3.35370731726e-14,3.45976027583e-15,4.42212523652e-15
1.2915,8.73381061651e-10,1.96653560297e-09,1.14455466693e-09,3.98452034259e-09,4.4832541171e-14,4.17982348276e-15,8.2483153608e-15
1.292,1.1752419341e-09,2.67779328691e-09,1.54092438106e-09,5.39402202071e-09,5.7579046644e-14,4.84253481128e-15,1.50353193166e-14
1.2925,1.54930829596e-09,3.54950663063e-09,2.02791175469e-09,7.12680246134e-09,7.04974014434e-14,5.2888775182e-15,2.66124301144e-14
1.293,1.98772350045e-09,4.55565525992e-09,2.59310049502e-09,9.13656585845e-09,8.12948877724e-14,5.32026286616e-15,4.52032854236e-14
1.2935,2.46434270628e-09,5.62928355712e-09,3.20094968836e-09,1.12946673631e-08,8.66695429839e-14,4.76306406275e-15,7.23002522652e-14
1.294,2.92994015145e-09,6.65660388528e-09,3.78801199824e-09,1.33746424492e-08,8.2851438716e-14,3.58527505004e-15,9.95719891088e-14
1.2945,3.31449398774e-09,7.48673892007e-09,4.26705157216e-09,1.50683533671e-08,6.68652681764e-14,2.02244403468e-15,6.21954609125e-15
1.295,3.54136890176e-09,7.9630588609e-09,4.54493758404e-09,1.60494042223e-08,3.82678364265e-14,6.07867571264e-16,6.43182610036e-16
1.2955,3.55244494473e-09,7.9711308411e-09,4.55237309759e-09,1.60759493612e-08,4.77440645762e-16,3.68125817891e-19,6.77626357803e-21
1.296,3.33337175164e-09,7.48388073768e-09,4.27292106791e-09,1.50901347303e-08,-3.94612352797e-14,6.343270762e-16,5.76009509187e-16
1.2965,2.92305009442e-09,6.5788748318e-09,3.75381337317e-09,1.32556675635e-08,-7.31261037899e-14,2.41362794113e-15,8.00327821593e-14
1.297,2.39960821321e-09,5.41501848542e-09,3.0900298407e-09,1.09045672583e-08,-9.39791640619e-14,4.71111115145e-15,4.58566256527e-14
1.2975,1.85136222759e-09,4.17986472654e-09,2.39062410035e-09,8.42175802893e-09,-9.9723127492e-14,6.70444685108e-15,2.7535902703e-14
1.298,1.34994957942e-09,3.03489760265e-09,1.74628454098e-09,6.13104705426e-09,-9.2459961284e-14,7.79445144896e-15,2.32175390025e-14
1.2985,9.37238302587e-10,2.08243427388e-09,1.21204368415e-09,4.23164712555e-09,-7.6952300345e-14,7.81852357102e-15,1.38619177985e-14
1.299,6.26275116577e-10,1.36074090323e-09,8.06808902293e-10,2.79377355382e-09,-5.83557489332e-14,6.98787757453e-15,6.03781856055e-15
1.2995,4.09884421162e-10,8.58932766367e-10,5.23094193683e-10,1.79187643427e-09,-4.06281348537e-14,5.68130145117e-15,2.00327188377e-15
1.3,2.7051437404e-10,5.385591132e-10,3.39249004797e-10,1.14830075838e-09,-2.59910966696e-14,4.25746149227e-15,5.19461589629e-16
1.3005,1.87864305129e-10,3.52300476744e-10,2.29421839844e-10,7.69574420747e-10,-1.51615349374e-14,2.96056905284e-15,1.06409361032e-16
1.301,1.43440934293e-10,2.55971904703e-10,1.69732765101e-10,5.69139624537e-10,-7.88931199347e-15,1.90975280878e-15,2.45241449219e-17
1.3015,1.22548438928e-10,2.14142972587e-10,1.41077163128e-10,4.77766234685e-10,-3.47103396996e-15,1.1310779771e-15,1.64341332426e-17
1.302,1.14628886212e-10,2.01365888102e-10,1.29686658094e-10,4.456809265e-10,-1.10387291545e-15,5.9796599441e-16,1.84602360525e-17
1.3025,1.12766949904e-10,2.01077724096e-10,1.2652886964e-10,4.40373734033e-10,-7.28590322636e-17,2.6325285147e-16,1.74929244267e-17
1.303,1.12905862709e-10,2.03679103162e-10,1.26297255296e-10,4.42882482644e-10,1.82634893529e-16,7.88418095285e-17,1.43123157098e-17
1.3035,1.13089951593e-10,2.04646519179e-10,1.26423470434e-10,4.44160017959e-10,7.15882948931e-17,5.16502445724e-18,1.46595992181e-17
1.304,1.12873255174e-10,2.03064089457e-10,1.26306691335e-10,4.42243935238e-10,-1.15000716161e-16,1.4272251214e-17,1.43648317525e-17
1.3045,1.12938157397e-10,2.0068284816e-10,1.26816464253e-10,4.40437397719e-10,-1.61783291087e-16,8.96922695702e-17,1.21252766399e-17
1.305,1.14917909209e-10,2.01483361086e-10,1.30060618765e-10,4.46462225511e-10,1.11334869439e-16,2.25116732535e-16,1.02956854739e-17
1.3055,1.21400505028e-10,2.1167447551e-10,1.39387146611e-10,4.72463434486e-10,8.84379385954e-16,4.22958563204e-16,6.93550577212e-18
1.306,1.36087764587e-10,2.40059264232e-10,1.59583990561e-10,5.35734079195e-10,2.36669035713e-15,6.93125500303e-16,6.13251853812e-18
1.3065,1.64085659554e-10,2.98697716387e-10,1.97242312806e-10,6.60031561377e-10,4.82078059774e-15,1.05184923396e-15,7.67496553507e-18
1.307,2.12292373569e-10,4.03770312631e-10,2.61236782313e-10,8.77309566893e-10,8.57843328492e-15,1.51994799993e-15,2.39422332871e-17
1.3075,2.89828404526e-10,5.76466197411e-10,3.63238831947e-10,1.22954959576e-09,1.40424199941e-14,2.11945870678e-15,7.88299682692e-17
1.308,4.08386036386e-10,8.43551616017e-10,5.18091929772e-10,1.77005410959e-09,2.16605667563e-14,2.86687396969e-15,2.87455877244e-16
1.3085,5.82266717162e-10,1.23697430721e-09,7.43726279291e-10,2.56300291204e-09,3.18477673793e-14,3.76070587853e-15,9.41976870312e-16
1.309,8.27670993052e-10,1.79143219078e-09,1.06004781915e-09,3.67920058637e-09,4.48220590843e-14,4.76167875591e-15,2.75889134129e-15
1.3095,1.16052806407e-09,2.53840161427e-09,1.48592020465e-09,5.18491596739e-09,6.03191548037e-14,5.76633520149e-15,7.10117186407e-15
1.31,1.59189772951e-09,3.49500362618e-09,2.0331696281e-09,7.12015474093e-09,7.71770738091e-14,6.58313162748e-15,1.55850640282e-14
1.3105,2.12012344004e-09,4.64709921444e-09,2.6968805904e-09,9.46420304482e-09,9.28733146873e-14,6.93404264917e-15,2.78075190641e-14
1.311,2.72006596278e-09,5.92921757587e-09,3.44284750038e-09,1.20922408181e-08,1.03273695744e-13,6.52063184839e-15,3.74704031637e-14
1.3115,3.33282478161e-09,7.20968302233e-09,4.1966241591e-09,1.47392401786e-08,1.03056268997e-13,5.18583535266e-15,6.46531168446e-14
1.312,3.86393396812e-09,8.29515742631e-09,4.84331511876e-09,1.70024968891e-08,8.72773347122e-14,3.13762212891e-15,9.7130562328e-14
1.3125,4.20019096731e-09,8.9679252757e-09,5.24866826563e-09,1.84168395886e-08,5.40021844566e-14,1.0780991007e-15,2.29089886167e-15
1.313,4.24783249653e-09,9.05437662925e-09,5.30314466328e-09,1.86053606068e-08,6.80060992595e-15,1.71044746051e-17,5.14996031931e-19
1.3135,3.9763827289e-09,8.49768957469e-09,4.97115328013e-09,1.74451813445e-08,-4.49318801837e-14,7.26003320915e-16,9.80005125987e-14
1.314,3.43880038286e-09,7.3923187922e-09,4.31387067561e-09,1.51449039539e-08,-8.90483593926e-14,3.17092279424e-15,6.06024934825e-14
1.3145,2.75049638433e-09,5.95414813651e-09,3.46672664657e-09,1.21712617809e-08,-1.15807926521e-13,6.43337983372e-15,5.83244559691e-14
1.315,2.04120600776e-09,4.44128905133e-09,2.58550639934e-09,9.0678888707e-09,-1.21825631451e-13,9.24604998746e-15,8.12430262225e-14
1.3155,1.4115364546e-09,3.07090989423e-09,1.79510697136e-09,6.27745362998e-09,-1.10388112338e-13,1.07023823742e-14,6.55907823172e-14
1.316,9.14511766955e-10,1.97163695734e-09,1.16494127225e-09,4.0510119952e-09,-8.86032950566e-14,1.06037037887e-14,3.46790162504e-14
1.3165,5.60411740115e-10,1.18076411162e-09,7.11782072217e-10,2.45290343986e-09,-6.38073274498e-14,9.32372693592e-15,1.28413278004e-14
1.317,3.32267509564e-10,6.70254644018e-10,4.17089124064e-10,1.41957747721e-09,-4.1252355911e-14,7.45202647939e-15,3.43990752495e-15
1.3175,2.01302260531e-10,3.79759965063e-10,2.45969508885e-10,8.27013696874e-10,-2.35401549769e-14,5.50256956133e-15,6.6537063809e-16
1.318,1.37652998875e-10,2.42633619238e-10,1.61110898564e-10,5.4139012761e-10,-1.11816980398e-14,3.79263517709e-15,1.04018187022e-16
1.3185,1.15969637906e-10,2.00827199687e-10,1.30401137405e-10,4.47196937728e-10,-3.48910796168e-15,2.45183957046e-15,4.9895322791e-17
1.319,1.17267497257e-10,2.10498373669e-10,1.29633714732e-10,4.57401747585e-10,6.77562705331e-16,1.48436636759e-15,7.15607315158e-17
1.3195,1.28659960488e-10,2.41926631383e-10,1.42324551395e-10,5.12914427891e-10,2.45215559923e-15,8.32471801699e-16,8.55706564634e-17
1.32,1.42182191158e-10,2.76861812901e-10,1.5825646347e-10,5.77303644224e-10,2.75612174011e-15,4.20575020315e-16,8.8581011558e-17
1.3205,1.53419001715e-10,3.052936016e-10,1.71739798736e-10,6.30454833034e-10,2.25204892859e-15,1.78936341566e-16,8.11965783238e-17
1.321,1.60302150239e-10,3.22621210379e-10,1.80081460267e-10,6.6300624899e-10,1.37525497659e-15,5.28519987555e-17,6.65530727317e-17
1.3215,1.62212323724e-10,3.27547944153e-10,1.82441152255e-10,6.72201815968e-10,3.9196849248e-16,3.86915610252e-18,4.86891478741e-17
1.322,1.59385427678e-10,3.20702334043e-10,1.79076889551e-10,6.59164116514e-10,-5.42372673909e-16,7.61513934351e-18,3.1250433556e-17
1.3225,1.5257519691e-10,3.03862177637e-10,1.70916850297e-10,6.27352940969e-10,-1.33471813963e-15,5.08440321372e-17,1.94292417441e-17
1.323,1.42915106864e-10,2.79642592713e-10,1.59384467857e-10,5.81940379242e-10,-1.91711648363e-15,1.28925136048e-16,1.02524867936e-17
1.3235,1.31934606551e-10,2.51541199022e-10,1.46419621498e-10,5.29893453275e-10,-2.21799956132e-15,2.4420346797e-16,4.88653307271e-18
1.324,1.21704255396e-10,2.24279285341e-10,1.34663201682e-10,4.80645009293e-10,-2.13839960641e-15,4.0527408486e-16,7.2954947747e-18
1.3245,1.15102636111e-10,2.0442132969e-10,1.27795725446e-10,4.47318788747e-10,-1.52953692515e-15,6.27037464239e-16,1.01948885532e-17
1.325,1.16211457482e-10,2.01288058586e-10,1.31038159181e-10,4.48538437315e-10,-1.69233190758e-16,9.31299485988e-16,1.34669768284e-17
1.3255,1.30859857379e-10,2.28186350845e-10,1.51836222684e-10,5.10886041953e-10,2.26354731849e-15,1.3474977581e-15,1.66467385124e-17
1.326,1.67327284544e-10,3.03957628836e-10,2.00732481879e-10,6.72025522238e-10,6.21420981491e-15,1.91276961568e-15,2.0218676451e-17
1.3265,2.37173033489e-10,4.54747609562e-10,2.9237812894e-10,9.84313711887e-10,1.22700896604e-14,2.6698101643e-15,8.7777177291e-17
1.327,3.56095581675e-10,7.15648779931e-10,4.46531364422e-10,1.51830053546e-09,2.11496981368e-14,3.65975152062e-15,4.04402328139e-16
1.3275,5.44537982618e-10,1.13139721447e-09,6.88643966721e-10,2.3646176956e-09,3.36262660786e-14,4.90559248162e-15,1.60747202224e-15
1.328,8.27436302422e-10,1.75449934905e-09,1.04921302504e-09,3.63120537702e-09,5.03203144349e-14,6.38053572164e-15,5.57433060214e-15
1.3285,1.23190974537e-09,2.63810298539e-09,1.56039262912e-09,5.43048459356e-09,7.12765299399e-14,7.9585136955e-15,1.67015889779e-14
1.329,1.7809390145e-09,3.82009459739e-09,2.24762024233e-09,7.84875846334e-09,9.52573296746e-14,9.35644056539e-15,4.19968422018e-14
1.3295,2.48072825573e-09,5.29574438384e-09,3.11396758342e-09,1.08905691422e-08,1.18824060586e-13,1.01080021316e-14,8.41380289821e-14
1.33,3.30091351016e-09,6.98147069555e-09,4.11720119662e-09,1.43997306703e-08,1.35629533304e-13,9.65383554733e-15,4.11064445557e-14
1.3305,4.15277311184e-09,8.683995201e-09,5.14659840065e-09,1.79835111818e-08,1.36862660918e-13,7.64148622996e-15,8.77373735188e-14
1.331,4.88187013185e-09,1.01033521406e-08,6.01813864157e-09,2.10034792845e-08,1.13979021622e-13,4.39803649712e-15,5.13125037794e-14
1.3315,5.29924474704e-09,1.08990877312e-08,6.51276707217e-09,2.27111645524e-08,6.37724166596e-14,1.23021689341e-15,4.77647977594e-15
1.332,5.25856137429e-09,1.0817038648e-08,6.4629422444e-09,2.25385354912e-08,-6.78869066118e-15,1.31826983334e-17,8.13151629364e-19
1.3325,4.74007450825e-09,9.81701982428e-09,5.8447051102e-09,2.04017209063e-08,-8.05213297507e-14,1.98648383575e-15,1.29518384949e-14
1.333,3.87298492103e-09,8.11317117377e-09,4.80358956575e-09,1.67896152651e-08,-1.3703942821e-13,6.66043999616e-15,5.91610534704e-14
1.3335,2.87104893016e-09,6.0879954542e-09,3.58665411675e-09,1.25455476263e-08,-1.62856634891e-13,1.19857598416e-14,2.04796032563e-14
1.334,1.93379078798e-09,4.13486116972e-09,2.43278611121e-09,8.5012967036e-09,-1.57101390504e-13,1.57366733857e-14,5.09938906422e-15
1.3345,1.18325501835e-09,2.5283991423e-09,1.49618643784e-09,5.20772812424e-09,-1.2928782726e-13,1.68136872782e-14,1.39412475162e-15
1.335,6.57266442858e-10,1.38101579492e-09,8.3146166115e-10,2.86966694861e-09,-9.24263281167e-14,1.54780684478e-14,5.48994020139e-14
1.3355,3.35915573479e-10,6.73909004359e-10,4.20227042501e-10,1.43000729939e-09,-5.70515615652e-14,1.27309554012e-14,1.29106337302e-14
1.336,1.72876696662e-10,3.17162506331e-10,2.07958143679e-10,6.97978061204e-10,-2.88824754228e-14,9.5970466832e-15,1.8268205213e-15
1.3365,1.17770428833e-10,2.02229818462e-10,1.32594553601e-10,4.52592131171e-10,-9.42458406499e-15,6.75486492888e-15,2.12989822719e-16
1.337,1.27741435126e-10,2.33100875825e-10,1.40348165545e-10,5.01197301694e-10,2.32319263457e-15,4.50201207489e-15,1.99211984799e-16
1.3375,1.71248159118e-10,3.38298089294e-10,1.91330546256e-10,7.00887994869e-10,8.32731148345e-15,2.87290341804e-15,3.17921958291e-16
1.338,2.27618914864e-10,4.71064582744e-10,2.59319295667e-10,9.58015135872e-10,1.057084355e-14,1.77178022004e-15,4.23021806386e-16
1.3385,2.84813341145e-10,6.04402052588e-10,3.2900204809e-10,1.21822914743e-09,1.06402947806e-14,1.06535779003e-15,4.9415393923e-16
1.339,3.36823914646e-10,7.25069123861e-10,3.92698324422e-10,1.45460163435e-09,9.6408842634e-15,6.30597081573e-16,5.25123157848e-16
1.3395,3.81452563774e-10,8.28415840029e-10,4.4754165716e-10,1.65741869615e-09,8.26345407273e-15,3.71808621175e-16,6.58925564394e-16
1.34,4.18669360948e-10,9.14617741361e-10,4.93403886267e-10,1.82669810674e-09,6.89641296833e-15,2.21838004275e-16,7.89609195628e-16
1.3405,4.49527971947e-10,9.86220890903e-10,5.31528579619e-10,1.96728331011e-09,5.73093456788e-15,1.36805961597e-16,9.01542905542e-16
1.341,4.75516679596e-10,1.04669320928e-09,5.6371550161e-10,2.08593032169e-09,4.84172457836e-15,8.95896226792e-17,9.96812089251e-16
1.3415,4.98212241361e-10,1.09966301484e-09,5.91885919496e-10,2.18976548199e-09,4.24220003845e-15,6.4212689131e-17,1.08055315455e-15
1.342,5.19126819203e-10,1.1485891603e-09,6.1788960612e-10,2.28560955638e-09,3.91916104664e-15,5.17273395258e-17,1.1594186982e-15
1.3425,5.39669555873e-10,1.19668475265e-09,6.43455076143e-10,2.3798132852e-09,3.85318222401e-15,4.7478972713e-17,1.24083550509e-15
1.343,5.6117291948e-10,1.24698267606e-09,6.7022066536e-10,2.4783803402e-09,4.0300092898e-15,4.94330808873e-17,1.33292492712e-15
1.3435,5.84955884991e-10,1.30248003963e-09,6.99811350795e-10,2.58725177944e-09,4.44692528915e-15,5.72463172927e-17,1.44505853681e-15
1.344,6.12410428757e-10,1.36633270294e-09,7.33944696806e-10,2.71269301697e-09,5.11678882507e-15,7.1843410297e-17,1.58887456685e-15
1.3445,6.45108799732e-10,1.44209368601e-09,7.74562536432e-10,2.86177118891e-09,6.07157548717e-15,9.53491562572e-17,1.7800973369e-15
1.345,6.84936613693e-10,1.53400565482e-09,8.23994369908e-10,3.04294413624e-09,7.36673801372e-15,1.31302823292e-16,2.04143410618e-15
1.3455,7.34263347376e-10,1.64737116124e-09,8.85166447011e-10,3.266810228e-09,9.08748230584e-15,1.85145476844e-16,2.4084196009e-15
1.346,7.96168999719e-10,1.7890378457e-09,9.61878829933e-10,3.54709729806e-09,1.13580092123e-14,2.65024136928e-16,2.93601609496e-15
1.3465,8.7475460682e-10,1.96805111764e-09,1.05918292085e-09,3.90200338289e-09,1.43550194125e-14,3.82999410191e-16,3.71767503934e-15
1.347,9.75575398765e-10,2.19654493998e-09,1.18390468818e-09,4.35604391e-09,1.83268875409e-14,5.56784191054e-16,4.91202198816e-15
1.3475,1.10625113837e-09,2.49096161124e-09,1.34537458246e-09,4.94261176351e-09,2.36201780599e-14,8.12141319403e-16,6.80439862441e-15
1.348,1.27732536591e-09,2.87370618009e-09,1.55644242274e-09,5.70750586804e-09,3.07146868794e-14,1.18600438429e-15,9.9293979343e-15
1.3485,1.50346496793e-09,3.37533386277e-09,1.83486874527e-09,6.71370957017e-09,4.02664649063e-14,1.73011413244e-15,1.5333474914e-14
1.349,1.80509493017e-09,4.03729987929e-09,2.20517232079e-09,8.04762279344e-09,5.31533481129e-14,2.51426211437e-15,2.51640241034e-14
1.3495,2.21051933497e-09,4.91508262235e-09,2.70093447793e-09,9.82661055833e-09,7.0505441353e-14,3.62665283372e-15,4.40501788149e-14
1.35,2.75840835013e-09,6.08095527179e-09,3.36731831665e-09,1.22067807619e-08,9.36776457345e-14,5.16573116804e-15,8.24785525251e-14
1.3505,3.50004472249e-09,7.6245511947e-09,4.2629561821e-09,1.53876833746e-08,1.24073510447e-13,7.21254841717e-15,9.35533321276e-14
1.351,4.49955954605e-09,9.64730445216e-09,5.45904824657e-09,1.96060846662e-08,1.62654952357e-13,9.76648859148e-15,6.77626357803e-21
1.3515,5.82798837185e-09,1.22437947418e-08,7.03106402695e-09,2.51030686605e-08,2.08892403511e-13,1.26274480639e-14,6.77626357803e-21
1.352,7.54305235598e-09,1.54603082891e-08,9.03485594246e-09,3.20384907598e-08,2.58936297054e-13,1.52359006203e-14,6.77626357803e-21
1.3525,9.64305137723e-09,1.92233327049e-08,1.14566031756e-08,4.03233070298e-08,3.03197096355e-13,1.65749671129e-14,2.71050543121e-20
1.353,1.19891583269e-08,2.32476178177e-08,1.41334010415e-08,4.93705172571e-08,3.24675087326e-13,1.5395835598e-14,1.21972744405e-19
1.3535,1.4224011941e-08,2.69717550362e-08,1.66743746873e-08,5.78704538246e-08,3.01091277736e-13,1.10689034884e-14,4.20128341838e-19
1.354,1.577904322e-08,2.9610101092e-08,1.8472019745e-08,6.38613830536e-08,2.14132812283e-13,4.86384941824e-15,9.35124373769e-19
1.3545,1.60808865325e-08,3.03907663727e-08,1.89089843943e-08,6.53807021602e-08,6.44850983105e-14,3.76314984206e-16,2.85501602828e-15
1.355,1.49030142747e-08,2.89171637563e-08,1.77123126469e-08,6.15323744486e-08,-1.17797594912e-13,1.58012907964e-15,5.63472337366e-14
1.3555,1.25597659068e-08,2.54233986703e-08,1.51676689835e-08,5.31505613696e-08,-2.8151487058e-13,9.32383904062e-15,5.42101086243e-20
1.356,9.71704712543e-09,2.06998196648e-08,1.19598526783e-08,4.23763581332e-08,-3.81280383935e-13,1.99450786209e-14,2.71050543121e-20
1.3565,7.00632779376e-09,1.57208144104e-08,8.79063477042e-09,3.15174029907e-08,-4.02057497403e-13,2.80735802807e-14,4.06575814682e-20
1.357,4.78619677852e-09,1.1253884192e-08,6.10695690186e-09,2.2146707853e-08,-3.60655060049e-13,3.06356798976e-14,1.35525271561e-20
1.3575,3.14457904792e-09,7.68531380507e-09,4.06371543389e-09,1.48933483328e-08,-2.88001826966e-13,2.80583221891e-14,9.96588269265e-14
1.358,2.01311037404e-09,5.06901934724e-09,2.62193375476e-09,9.70387510978e-09,-2.11018772013e-13,2.26616364692e-14,7.62661215106e-14
1.3585,1.27091822262e-09,3.26914032196e-09,1.65955072251e-09,6.19948092137e-09,-1.4505346859e-13,1.67123815917e-14,4.37910172262e-14
1.359,8.01213492099e-10,2.08719990054e-09,1.04309063092e-09,3.93142041903e-09,-9.515531477e-14,1.15549563844e-14,3.01921472036e-14
1.3595,5.11695076548e-10,1.33618946381e-09,6.60098359408e-10,2.50793017158e-09,-6.03824994852e-14,7.65563648098e-15,1.29431784301e-14
1.36,3.36668337896e-10,8.69288687754e-10,4.27424307675e-10,1.63334881825e-09,-3.7475867547e-14,4.96128563492e-15,7.01857259919e-15
1.3605,2.32389409405e-10,5.82711452172e-10,2.88408061571e-10,1.10348918699e-09,-2.29506588332e-14,3.21470909848e-15,3.86048648832e-15
1.361,1.71125481117e-10,4.08040067997e-10,2.06631383e-10,7.85785122695e-10,-1.39454307623e-14,2.1361086019e-15,2.1589904208e-15
1.3615,1.36036668048e-10,3.02515324315e-10,1.59801157549e-10,5.98346261914e-10,-8.38601694929e-15,1.49806495645e-15,1.22327481803e-15
1.362,1.17398237294e-10,2.40793313701e-10,1.34983871733e-10,4.93171698405e-10,-4.86558867215e-15,1.1412877314e-15,6.95580068153e-16
1.3625,1.1007662547e-10,2.09043767805e-10,1.25332628296e-10,4.44451532066e-10,-2.45499760938e-15,9.6550354575e-16,3.91327527566e-16
1.363,1.11980447084e-10,2.01174372016e-10,1.28044317453e-10,4.41199520105e-10,-5.30397767418e-16,9.13955128143e-16,2.13224450845e-16
1.3635,1.23196897705e-10,2.16661805449e-10,1.43209031769e-10,4.83070051011e-10,1.3567782571e-15,9.59312674225e-16,1.08603176365e-16
1.364,1.45591260425e-10,2.59490059105e-10,1.73264115612e-10,5.78350097612e-10,3.56934567347e-15,1.09312926292e-15,6.36265738989e-17
1.3645,1.82697124234e-10,3.3780317178e-10,2.22830033209e-10,7.43338089682e-10,6.44199044263e-15,1.31847849144e-15,1.58803431017e-16
1.365,2.39777036305e-10,4.63952734012e-10,2.98762878464e-10,1.00250460617e-09,1.03129968467e-14,1.64441152113e-15,3.5535234423e-16
1.3655,3.23939152221e-10,6.54633169597e-10,4.10266309036e-10,1.38885624265e-09,1.55312288139e-14,2.08062796319e-15,7.45919236209e-16
1.366,4.44169430352e-10,9.30720090444e-10,5.68866400599e-10,1.94378098371e-09,2.24319458931e-14,2.63052252006e-15,1.50271606953e-15
1.3665,6.11070423961e-10,1.31625195063e-09,7.87964175642e-10,2.71532109851e-09,3.126757957e-14,3.28106794381e-15,2.94746459227e-15
1.367,8.35971536958e-10,1.83576810912e-09,1.08153651937e-09,3.7533222286e-09,4.20751083475e-14,3.98893388774e-15,5.6504043252e-15
1.3675,1.12893939605e-09,2.50904583566e-09,1.46141406234e-09,5.09945842291e-09,5.44662131726e-14,4.66471705554e-15,1.05927128234e-14
1.368,1.49515631705e-09,3.34242793242e-09,1.93257139298e-09,6.77022815356e-09,6.73528135488e-14,5.16282725889e-15,1.92965625033e-14
1.3685,1.92939795669e-09,4.31689186746e-09,2.4862797483e-09,8.7326535414e-09,7.8685836093e-14,5.29227338124e-15,3.37706411772e-14
1.369,2.40923960303e-09,5.37526545922e-09,3.09216773455e-09,1.08767630388e-08,8.53890910083e-14,4.86950877919e-15,5.57446816029e-14
1.3695,2.88949986641e-09,6.41440898222e-09,3.69239922315e-09,1.2996395632e-08,8.37630883526e-14,3.823937416e-15,8.45779406255e-14
1.37,3.30270953335e-09,7.2909922126e-09,4.20348198018e-09,1.4797256634e-08,7.05825132288e-14,2.32613296995e-15,7.28455110902e-15
1.3705,3.57086415253e-09,7.84792573644e-09,4.53118254872e-09,1.59500180422e-08,4.47579727992e-14,8.46688448703e-16,1.11752783676e-15
1.371,3.62912276814e-09,7.95931974045e-09,4.59849388773e-09,1.61869452488e-08,8.8200239139e-15,3.24684935696e-17,2.0057740191e-18
1.3715,3.45253629899e-09,7.57761437967e-09,4.37624649257e-09,1.54063666424e-08,-3.0916369099e-14,3.87547390974e-16,2.2042507793e-16
1.372,3.06992677179e-09,6.75808877622e-09,3.89890239529e-09,1.37268536836e-08,-6.61774497214e-14,1.94006430997e-15,7.04217432523e-14
1.3725,2.55440890479e-09,5.64428478445e-09,3.25404441735e-09,1.14526523882e-08,-8.98710944584e-14,4.16520248955e-15,4.06126751695e-14
1.373,1.99585280979e-09,4.42030789512e-09,2.55096280288e-09,8.96703101652e-09,-9.87425535695e-14,6.25810104586e-15,2.87345559673e-14
1.3735,1.4719814348e-09,3.25498331529e-09,1.88644878013e-09,6.61332705672e-09,-9.40245142301e-14,7.55447890748e-15,2.76242211343e-14
1.374,1.03185370503e-09,2.26345117987e-09,1.32376055356e-09,4.61899319993e-09,-8.00354009486e-14,7.79833564656e-15,1.77709646857e-14
1.3745,6.9425726191e-10,1.49663267054e-09,8.88971108508e-10,3.07980623236e-09,-6.19407923775e-14,7.13268843982e-15,8.24758860654e-15
1.375,4.55375436123e-10,9.52739224203e-10,5.79219079624e-10,1.98729567031e-09,-4.39821410659e-14,5.91263372232e-15,2.89617166512e-15
1.3755,2.98882319468e-10,5.9808511e-10,3.74921507242e-10,1.27186471565e-09,-2.87281895909e-14,4.5071614211e-15,7.92392545893e-16
1.376,2.0428560475e-10,3.86648373239e-10,2.50445530278e-10,8.41365518633e-10,-1.71745575289e-14,3.18493081667e-15,1.71366623691e-16
1.3765,1.52189636617e-10,2.73442806777e-10,1.81108717664e-10,6.0673400954e-10,-9.24030144186e-15,2.08878566219e-15,3.38703064619e-17
1.377,1.26794681487e-10,2.21321132163e-10,1.46629850505e-10,4.94742629287e-10,-4.2962253918e-15,1.26135809104e-15,1.54439517273e-17
1.3775,1.16521266356e-10,2.02973332908e-10,1.32079009431e-10,4.51572741943e-10,-1.55172160685e-15,6.84969993917e-16,1.80595894684e-17
1.378,1.13634566734e-10,2.00214735747e-10,1.27457081328e-10,4.41306426534e-10,-2.72929158534e-16,3.1565473563e-16,1.78215732102e-17
1.3785,1.13478131908e-10,2.02188298472e-10,1.2673025337e-10,4.42396918657e-10,1.29721791635e-16,1.05185855553e-16,1.47764897649e-17
1.379,1.13683912278e-10,2.03456979235e-10,1.26815915289e-10,4.4395691176e-10,9.26313370734e-17,1.23259932297e-17,1.01034089948e-17
1.3795,1.13530942202e-10,2.02453704634e-10,1.26757786402e-10,4.42742367912e-10,-7.2317589517e-17,6.99221435743e-18,7.46998356184e-18
1.38,1.13514389434e-10,2.00442836079e-10,1.27170967187e-10,4.41128126671e-10,-1.36664724328e-16,7.06358892196e-17,6.91432994844e-18
1.3805,1.15124335613e-10,2.00991003085e-10,1.2995700336e-10,4.46072622594e-10,8.54362862016e-17,1.95100494886e-16,6.18926974559e-18
1.381,1.20814205274e-10,2.09885445069e-10,1.38261401366e-10,4.68962206201e-10,7.73309290212e-16,3.8118257749e-16,7.14387587714e-18
1.3815,1.34131441632e-10,2.35431061852e-10,1.56636746223e-10,5.26202017123e-10,2.13005729788e-15,6.37358722304e-16,7.78423278527e-18
1.382,1.59985471559e-10,2.89055613573e-10,1.91376533027e-10,6.40423004121e-10,4.40735385264e-15,9.78608129302e-16,7.48607718783e-18
1.3825,2.05019786942e-10,3.86133025469e-10,2.50974772495e-10,8.42136932588e-10,7.92288123329e-15,1.42480119852e-15,1.67382180707e-17
1.383,2.78038329011e-10,5.46864438786e-10,3.4663559463e-10,1.17155342488e-09,1.30648002917e-14,1.99766044944e-15,6.9085701244e-17
1.3835,3.90371744511e-10,7.96908517221e-10,4.92676851458e-10,1.67998009924e-09,2.02713616538e-14,2.71470450423e-15,2.54514765925e-16
1.384,5.55973661376e-10,1.16717716927e-09,7.06535320279e-10,2.42971969217e-09,2.99633556362e-14,3.57795749656e-15,8.42799476584e-16
1.3845,7.90848957126e-10,1.69180948932e-09,1.00785475602e-09,3.49056015526e-09,4.23974295794e-14,4.55559791181e-15,2.49883528583e-15
1.385,1.11114702431e-09,2.40290100907e-09,1.41583053718e-09,4.92994153111e-09,5.74046238958e-14,5.55673590983e-15,6.53427304127e-15
1.3855,1.5289870554e-09,3.32037220662e-09,1.94376120524e-09,6.79320087067e-09,7.39991438788e-14,6.40663206579e-15,1.46548863268e-14
1.386,2.04514311198e-09,4.43612381291e-09,2.58998006602e-09,9.07134374753e-09,8.99200511331e-14,6.84247944331e-15,2.69651143049e-14
1.3865,2.63865585871e-09,5.69439703997e-09,3.32567449387e-09,1.16588352754e-08,1.0132918242e-13,6.56613485832e-15,3.80125889533e-14
1.387,3.25617642311e-09,6.97557660376e-09,4.08333039398e-09,1.43151918802e-08,1.03093436568e-13,5.38814689555e-15,5.07117541319e-14
1.3875,3.80827603666e-09,8.09671556966e-09,4.75417728063e-09,1.66592624317e-08,9.01339845155e-14,3.44424069336e-15,8.02229749373e-14
1.388,4.18286921088e-09,8.84274561865e-09,5.20534326871e-09,1.82310193406e-08,5.98922458156e-14,1.35058312192e-15,3.71537110973e-15
1.3885,4.28036404221e-09,9.03010358477e-09,5.32057492112e-09,1.86310575529e-08,1.49244261141e-14,8.04226776536e-17,1.32950291401e-17
1.389,4.05812123637e-09,8.58027503765e-09,5.05017238953e-09,1.76885327869e-08,-3.63176032538e-14,4.72808153358e-16,9.1637167418e-14
1.3895,3.55599252367e-09,7.56237681393e-09,4.43972805681e-09,1.55580180404e-08,-8.1980754936e-14,2.64539787959e-15,5.81818156208e-14
1.39,2.88193055411e-09,6.17428714744e-09,3.61502733113e-09,1.26711390987e-08,-1.11737368636e-13,5.81496724184e-15,5.25198984237e-14
1.3905,2.16651109199e-09,4.67008297022e-09,2.73158198212e-09,9.56806369492e-09,-1.21082300467e-13,8.74118193081e-15,8.16096254702e-14
1.391,1.5170151175e-09,3.27555885082e-09,1.92121392604e-09,6.71368604006e-09,-1.12285090192e-13,1.04357180961e-14,7.15035364631e-14
1.3915,9.94524293275e-10,2.13395364292e-09,1.26264101114e-09,4.3910375588e-09,-9.1970462758e-14,1.05840025708e-14,4.04573462676e-14
1.392,6.15594169903e-10,1.2963419476e-09,7.8044005906e-10,2.6923181181e-09,-6.75384522967e-14,9.48061106738e-15,1.59190033795e-14
1.3925,3.66760690726e-10,7.43938134308e-10,4.60802716432e-10,1.57146463184e-09,-4.46029847195e-14,7.6935040107e-15,4.52560047542e-15
1.393,2.20405908125e-10,4.20665119215e-10,2.70699257742e-10,9.11749874565e-10,-2.61649444528e-14,5.75445409316e-15,9.34933791356e-16
1.3935,1.46360422308e-10,2.60490931439e-10,1.72755364319e-10,5.79597700342e-10,-1.30292101249e-14,4.01149222619e-15,1.35062791571e-16
1.394,1.18298762681e-10,2.03996114046e-10,1.33839812077e-10,4.56132641842e-10,-4.66789608249e-15,2.62093503664e-15,4.45005699499e-17
1.3945,1.16116431889e-10,2.05276421371e-10,1.28456528932e-10,4.49850989139e-10,3.02826274305e-18,1.60392006047e-15,6.61990129597e-17
1.395,1.25936247806e-10,2.3261552647e-10,1.38937771228e-10,4.97492578605e-10,2.12239913497e-15,9.10703807236e-16,8.1433747549e-17
1.3955,1.3902948134e-10,2.6616094854e-10,1.54136819138e-10,5.59330359758e-10,2.64289691154e-15,4.67844408751e-16,8.61754379878e-17
1.396,1.50451189826e-10,2.94756209578e-10,1.67709865008e-10,6.12919732628e-10,2.26353389108e-15,2.04684938815e-16,8.0407143617e-17
1.3965,1.57796453208e-10,3.13051460027e-10,1.76542141103e-10,6.4739157022e-10,1.45139373773e-15,6.44911585896e-17,6.69545663487e-17
1.397,1.6025060711e-10,3.19299558796e-10,1.79543962356e-10,6.59094631544e-10,4.96601863061e-16,6.68277060847e-18,4.97293043333e-17
1.3975,1.5794880071e-10,3.13881707723e-10,1.76840069361e-10,6.48670153743e-10,-4.29141130538e-16,5.09139300946e-18,3.24430559457e-17
1.398,1.51602033781e-10,2.98454617478e-10,1.69297088746e-10,6.19352562432e-10,-1.22267311671e-15,4.5101711821e-17,2.02610280983e-17
1.3985,1.42333176503e-10,2.7558217515e-10,1.58316661465e-10,5.7623032375e-10,-1.81045095256e-15,1.21082939785e-16,1.09267250196e-17
1.399,1.31675834235e-10,2.48740664814e-10,1.45834625723e-10,5.26249240885e-10,-2.11852720975e-15,2.34640395039e-16,4.83655812882e-18
1.3995,1.21707804054e-10,2.22630647491e-10,1.3449015478e-10,4.78826952189e-10,-2.04791067564e-15,3.93775044926e-16,7.2345084025e-18
1.4,1.15309183674e-10,2.03772172574e-10,1.27952264154e-10,4.47032781482e-10,-1.4517544869e-15,6.12834948225e-16,1.02194525086e-17
1.4005,1.16549514701e-10,2.01393514798e-10,1.31409073191e-10,4.49352903934e-10,-1.11781081748e-16,9.13024886316e-16,1.36584062745e-17
1.401,1.31223168436e-10,2.28632603647e-10,1.52238900227e-10,5.12098282205e-10,2.28683740678e-15,1.32305919204e-15,1.71490290501e-17
1.4015,1.67540297692e-10,3.04050436134e-10,2.00865535463e-10,6.72464328962e-10,6.18048807027e-15,1.87918610143e-15,1.96274474538e-17
1.402,2.36941230829e-10,4.53359981493e-10,2.91749621975e-10,9.82065601551e-10,1.21441834655e-14,2.62307304582e-15,8.70326353304e-17
1.4025,3.54938873252e-10,7.11029982876e-10,4.44366258947e-10,1.51035959096e-09,2.08810230443e-14,3.59487128228e-15,3.98325713776e-16
1.403,5.41709834514e-10,1.12096919994e-09,6.8377947658e-10,2.34649647596e-09,3.31478550397e-14,4.81714253165e-15,1.57510011707e-15
1.4035,8.21845848022e-10,1.73471654367e-09,1.04001321237e-09,3.59663142194e-09,4.9554001121e-14,6.26419482301e-15,5.43955071958e-15
1.404,1.22209651436e-09,2.60453604848e-09,1.54475707556e-09,5.37146760247e-09,7.01511448651e-14,7.81418615023e-15,1.62496393023e-14
1.4045,1.76520600449e-09,3.76800553903e-09,2.22322618114e-09,7.75654066189e-09,9.37484995557e-14,9.19304048298e-15,4.08053040142e-14
1.405,2.45760339241e-09,5.22146997166e-09,3.07894060352e-09,1.07581409234e-08,1.17019513859e-13,9.94817102336e-15,8.18422613751e-14
1.4055,3.27010556016e-09,6.8847346556e-09,4.07135673755e-09,1.42263402767e-08,1.338038852e-13,9.53333701709e-15,3.64354813681e-14
1.406,4.1165315766e-09,8.57059986274e-09,5.09305130535e-09,1.77803258153e-08,1.35507530781e-13,7.59542407029e-15,7.69613864825e-14
1.4065,4.84599865267e-09,9.98664424759e-09,5.96435405665e-09,2.07971150855e-08,1.1370349168e-13,4.43177578936e-15,5.22385953938e-14
1.407,5.27235620859e-09,1.07980495857e-08,6.4695252777e-09,2.25399973944e-08,6.50308024887e-14,1.29228906968e-15,5.30122685116e-15
1.4075,5.24875563001e-09,1.07502328734e-08,6.44045936259e-09,2.24394438406e-08,-4.03007816205e-15,4.72922772064e-18,1.15196480827e-19
1.408,4.75063996138e-09,9.79491021349e-09,5.84770866011e-09,2.03931837409e-08,-7.69138993884e-14,1.8211792974e-15,1.10246216995e-14
1.4085,3.90053382478e-09,8.13365879493e-09,4.82898734264e-09,1.68630526842e-08,-1.33593843235e-13,6.33143983704e-15,5.41259609832e-14
1.409,2.90765031952e-09,6.13820612395e-09,3.62558548117e-09,1.26712930536e-08,-1.60441269738e-13,1.15740045584e-14,1.86125325764e-14
1.4095,1.97101814218e-09,4.1975380601e-09,2.47507634964e-09,8.64349183207e-09,-1.56072234162e-13,1.53529292287e-14,4.53297813239e-15
1.41,1.21511359379e-09,2.58843357241e-09,1.53396295166e-09,5.33739717478e-09,-1.29475905653e-13,1.65329226226e-14,1.38677589377e-15
1.4105,6.80933655185e-10,1.42889762028e-09,8.60463831456e-10,2.97021703758e-09,-9.33838399792e-14,1.53166750019e-14,5.71804024485e-14
1.411,3.51045023448e-10,7.05849361e-10,4.39320568334e-10,1.49616929767e-09,-5.83190620131e-14,1.26643165129e-14,1.3892986967e-14
1.4115,1.80517239123e-10,3.33403634908e-10,2.17959464153e-10,7.31859790697e-10,-3.01351752473e-14,9.58773161939e-15,2.06481899179e-15
1.412,1.19478631859e-10,2.05069167781e-10,1.35168037176e-10,4.59712111771e-10,-1.04961540738e-14,6.77111595212e-15,2.34655231444e-16
1.4125,1.2504263308e-10,2.25408110494e-10,1.37269394409e-10,4.87726141488e-10,1.47977311659e-15,4.52373905331e-15,1.83599473515e-16
1.413,1.65384160162e-10,3.2267493797e-10,1.84108133423e-10,6.72177813367e-10,7.69145169938e-15,2.890373984e-15,2.96236220775e-16
1.4135,2.19473712988e-10,4.49502573635e-10,2.4906104945e-10,9.18049212229e-10,1.00941990139e-14,1.78198215637e-15,3.96967072928e-16
1.414,2.74936678386e-10,5.78229469349e-10,3.16419659559e-10,1.16959714594e-09,1.02699985316e-14,1.06868951225e-15,4.65605540776e-16
1.4145,3.25493364858e-10,6.95028190774e-10,3.78170262761e-10,1.39870177717e-09,9.3301242734e-15,6.28707705282e-16,5.56116093388e-16
1.415,3.68736759162e-10,7.94775839626e-10,4.31185545938e-10,1.5947064855e-09,7.97438565613e-15,3.66462340918e-16,7.10392980335e-16
1.4155,4.04479341347e-10,8.77276036328e-10,4.75137478323e-10,1.75689966958e-09,6.59924571542e-15,2.14427421856e-16,8.45174556968e-16
1.416,4.33651250648e-10,9.44774328907e-10,5.11111244751e-10,1.88954235401e-09,5.4015776148e-15,1.28225122941e-16,9.56867709525e-16
1.4165,4.57634484517e-10,1.00047645426e-09,5.40769795991e-10,1.99888527406e-09,4.4591477427e-15,8.02590542746e-17,1.04740706126e-15
1.417,4.77901918387e-10,1.0477558355e-09,5.65901182843e-10,2.09156277671e-09,3.78595184521e-15,5.41428123182e-17,1.12185109293e-15
1.4175,4.95851129772e-10,1.08979530358e-09,5.88209482564e-10,2.17385932346e-09,3.36709341766e-15,4.05642538155e-17,1.1865644101e-15
1.418,5.12753750613e-10,1.12948319518e-09,6.09249772861e-10,2.25148993226e-09,3.17922583405e-15,3.45071420596e-17,1.24831311195e-15
1.4185,5.29768809146e-10,1.16944925569e-09,6.30442922029e-10,2.32966422206e-09,3.20180862711e-15,3.35212548573e-17,1.31395477723e-15
1.419,5.47989930299e-10,1.21217408878e-09,6.53132743712e-10,2.4133002224e-09,3.42301858499e-15,3.6724726398e-17,1.39068240972e-15
1.4195,5.68511589385e-10,1.260138665e-09,6.7866678979e-10,2.50732093132e-09,3.84299083858e-15,4.42923163351e-17,1.4866038088e-15
1.42,5.92508678713e-10,1.31600236577e-09,7.08493866814e-10,2.61700944454e-09,4.47612313055e-15,5.7268265782e-17,1.61174445643e-15
1.4205,6.21330900723e-10,1.38281240478e-09,7.44279943289e-10,2.74842867984e-09,5.35360885221e-15,7.76136339171e-17,1.77955523581e-15
1.421,6.56618583339e-10,1.46425842721e-09,7.8805040324e-10,2.90893404912e-09,6.52707864774e-15,1.08455887448e-16,2.00932139308e-15
1.4215,7.00451432442e-10,1.56499608513e-09,8.42372555778e-10,3.10782830183e-09,8.0741580149e-15,1.54554972539e-16,2.33034688009e-15
1.422,7.55547510255e-10,1.69107458142e-09,9.10599188904e-10,3.35723161018e-09,1.01068442199e-14,2.23041557652e-16,2.78955732212e-15
1.4225,8.25537541792e-10,1.85051733871e-09,9.97202913703e-10,3.67327090219e-09,1.27838242173e-14,3.24523596387e-16,3.46228105322e-15
1.423,9.15350755006e-10,2.05412262745e-09,1.10824355734e-09,4.07773374218e-09,1.63281973884e-14,4.74693939663e-16,4.47923219783e-15
1.4235,1.03176287745e-09,2.31657278596e-09,1.25202663145e-09,4.60038404308e-09,2.10523426301e-14,6.96600935916e-16,6.06823890182e-15
1.424,1.18417591935e-09,2.65796306205e-09,1.44002980666e-09,5.28219720238e-09,2.73917115504e-14,1.02371581753e-15,8.65191639578e-15
1.4245,1.38572201402e-09,3.10586934177e-09,1.68819482847e-09,6.1798236345e-09,3.59483243389e-14,1.50376929646e-15,1.30459303028e-14
1.425,1.65480107543e-09,3.69804299657e-09,2.01868797047e-09,7.37158178334e-09,4.7541402912e-14,2.20283057238e-15,2.09013307963e-14
1.4255,2.01714937798e-09,4.48567842583e-09,2.46219336481e-09,8.96508762372e-09,6.32538810195e-14,3.20787291866e-15,3.57317223498e-14
1.426,2.50843310181e-09,5.53680686768e-09,3.06064283032e-09,1.11059718519e-08,8.44431724846e-14,4.62345945986e-15,6.54117873148e-14
1.4265,3.17702928617e-09,6.93846870021e-09,3.86984578149e-09,1.39854629578e-08,1.1264409379e-13,6.55326926774e-15,6.95531482344e-14
1.427,4.08577008356e-09,8.79453315938e-09,4.96044028568e-09,1.78409017995e-08,1.4922079934e-13,9.0500611505e-15,1.35525271561e-20
1.4275,5.30943648063e-09,1.12130514593e-08,6.41346242497e-09,2.29361569057e-08,1.94528266695e-13,1.20125318924e-14,1.35525271561e-20
1.428,6.92104260745e-09,1.42734095765e-08,8.30322620983e-09,2.94979397072e-08,2.46292357866e-13,1.50210110895e-14,2.03287907341e-20
1.4285,8.95501839461e-09,1.79626864521e-08,1.06561471156e-08,3.75741662712e-08,2.97135842836e-13,1.7173088493e-14,1.35525271561e-20
1.429,1.13353305307e-08,2.20811902459e-08,1.33757730772e-08,4.67926430778e-08,3.3208583169e-13,1.71380772754e-14,8.13151629364e-20
1.4295,1.37789256939e-08,2.61504061649e-08,1.6147359611e-08,5.60770339728e-08,3.28703731823e-13,1.3799363864e-14,3.52365706058e-19
1.43,1.57481130067e-08,2.94071328967e-08,1.83948317878e-08,6.35503491712e-08,2.63887189245e-13,7.59280433164e-15,1.00288700955e-18
1.4305,1.65862665798e-08,3.09829117469e-08,1.94181808186e-08,6.69874894441e-08,1.28726063689e-13,1.58566987837e-15,4.5589928859e-14
1.431,1.58745695648e-08,3.02685734171e-08,1.87493078432e-08,6.4892394955e-08,-5.62608106707e-14,3.91537970273e-16,4.49439747571e-15
1.4315,1.37537195227e-08,2.72683222019e-08,1.64871766571e-08,5.75089834775e-08,-2.41439566474e-13,6.53527887339e-15,1.62630325873e-19
1.432,1.08607627083e-08,2.26580408853e-08,1.32677504572e-08,4.67861995855e-08,-3.72039713894e-13,1.75744609154e-14,2.03287907341e-20
1.4325,7.92837821004e-09,1.7464028805e-08,9.88204477416e-09,3.52740600719e-08,-4.19437062452e-13,2.77197796215e-14,4.74338450462e-20
1.433,5.44098646387e-09,1.26062314483e-08,6.90747911135e-09,2.49543372086e-08,-3.92272088231e-13,3.24571624899e-14,2.71050543121e-20
1.4335,3.56581523608e-09,8.6211541905e-09,4.59310966083e-09,1.67797885598e-08,-3.21679433223e-13,3.11518442567e-14,1.35525271561e-20
1.434,2.26160548679e-09,5.65350766956e-09,2.94105397035e-09,1.08559536773e-08,-2.39411168147e-13,2.59730221741e-14,9.15125858121e-14
1.4345,1.40454975816e-09,3.59758679059e-09,1.83391946151e-09,6.83590984788e-09,-1.65728659395e-13,1.95719637444e-14,5.24656781507e-14
1.435,8.64400832073e-10,2.24814510393e-09,1.12653031782e-09,4.23898130616e-09,-1.08668024999e-13,1.37263408705e-14,5.02534313804e-14
1.4355,5.34851225787e-10,1.39726255696e-09,6.9104950245e-10,2.62310402768e-09,-6.84286553105e-14,9.17282355134e-15,1.48351146092e-14
1.436,3.39109565008e-10,8.76428184664e-10,4.30947257326e-10,1.64644916062e-09,-4.18118507626e-14,5.96603907432e-15,7.77682971731e-15
1.4365,2.2570322478e-10,5.64702851233e-10,2.79771632586e-10,1.07015660421e-09,-2.49641952113e-14,3.86003142788e-15,4.11594654301e-15
1.437,1.61951859299e-10,3.81902646154e-10,1.94662142808e-10,7.38504607079e-10,-1.45876549076e-14,2.54656737708e-15,2.2073848012e-15
1.4375,1.28064429235e-10,2.77952250931e-10,1.4942348952e-10,5.55433683894e-10,-8.2477938781e-15,1.76204357718e-15,1.19585636153e-15
1.438,1.12679690483e-10,2.23330522922e-10,1.28939157714e-10,4.64946403628e-10,-4.28388475502e-15,1.31641230912e-15,6.47814186192e-16
1.4385,1.09840464526e-10,2.0204069685e-10,1.25255786952e-10,4.37136431212e-10,-1.60432637498e-15,1.08721827832e-15,3.45266722927e-16
1.439,1.17105518262e-10,2.07020592873e-10,1.35094484011e-10,4.59222109511e-10,5.11299021502e-16,1.0030705859e-15,1.76224357643e-16
1.4395,1.34469982483e-10,2.37431286295e-10,1.58411305745e-10,5.30316166122e-10,2.56427565913e-15,1.0273275756e-15,8.24425637892e-17
1.44,1.63822272803e-10,2.9723886585e-10,1.97660902314e-10,6.58728127692e-10,4.94133651384e-15,1.14539520889e-15,1.12092105075e-16
1.4405,2.08731162555e-10,3.94606149246e-10,2.57493924556e-10,8.60840571894e-10,7.97995254988e-15,1.35559994897e-15,2.51216419628e-16
1.441,2.7441393761e-10,5.41699139646e-10,3.44685368234e-10,1.16081210953e-09,1.20017274262e-14,1.66235017084e-15,5.19615749625e-16
1.4415,3.67746028764e-10,7.5454733904e-10,4.68103123913e-10,1.59041587817e-09,1.73167249031e-14,2.06981694312e-15,1.02455411234e-15
1.442,4.97153258971e-10,1.05253678552e-09,6.3849849749e-10,2.18821530979e-09,2.419356358e-14,2.57446357645e-15,1.96009014412e-15
1.4425,6.7216693219e-10,1.45697760073e-09,8.67829724936e-10,2.99701019746e-09,3.27848206147e-14,3.15527091292e-15,3.66853696401e-15
1.443,9.02325449048e-10,1.98803992721e-09,1.16771602389e-09,4.05812815587e-09,4.29952446752e-14,3.76158195202e-15,6.73182484149e-15
1.4435,1.19501701713e-09,2.65930121149e-09,1.54655433071e-09,5.40093114769e-09,5.42892528646e-14,4.30150901777e-15,1.20870890066e-14
1.444,1.5519011386e-09,3.46947611653e-09,2.00494386691e-09,7.02639122024e-09,6.54644326596e-14,4.63867752404e-15,2.10703240337e-14
1.4445,1.96390781498e-09,4.39199436886e-09,2.52958426799e-09,8.88556553294e-09,7.44794651119e-14,4.61096914542e-15,3.52152490924e-14
1.445,2.40576251734e-09,5.36519877169e-09,3.08700818869e-09,1.08580520544e-08,7.85065924961e-14,4.08614171387e-15,5.53766491755e-14
1.4455,2.8325963527e-09,6.28862597532e-09,3.62030485045e-09,1.27416046331e-08,7.4424500949e-14,3.05470162106e-15,7.99059440577e-14
1.446,3.18270065199e-09,7.03227142965e-09,4.05340823429e-09,1.42684418827e-08,5.98653768189e-14,1.72334326462e-15,9.7761479901e-14
1.4465,3.38990042848e-09,7.46296178535e-09,4.30643226084e-09,1.51593295941e-08,3.45901241477e-14,5.29363296799e-16,4.11027819853e-16
1.447,3.40432097022e-09,7.48339031927e-09,4.32007711637e-09,1.52077899082e-08,1.50101484734e-15,1.27813425e-18,6.77626357803e-21
1.4475,3.21290020234e-09,7.06859292536e-09,4.07917268626e-09,1.43606327039e-08,-3.35720788695e-14,4.8946373619e-16,8.33830346349e-14
1.448,2.8473879039e-09,6.28053531655e-09,3.62185060974e-09,1.27497121078e-08,-6.36359855764e-14,1.93085274792e-15,5.73221754351e-14
1.4485,2.3736820136e-09,5.25069262013e-09,3.02753630063e-09,1.06518316591e-08,-8.31054189309e-14,3.83986154364e-15,3.33998948561e-14
1.449,1.86853495089e-09,4.13843773444e-09,2.39009729344e-09,8.39698578667e-09,-8.97424744742e-14,5.55555269314e-15,2.02326491065e-14
1.4495,1.3968137696e-09,3.08594673767e-09,1.7906586872e-09,6.27334082541e-09,-8.49333787485e-14,6.56688871174e-15,1.89459789545e-14
1.45,9.99104275361e-10,2.18873330114e-09,1.28165733332e-09,4.46942917522e-09,-7.24322018893e-14,6.6986784054e-15,1.22066053554e-14
1.4505,6.90935889936e-10,1.48858525517e-09,8.84605098613e-10,3.06407576875e-09,-5.65611403128e-14,6.08653970361e-15,5.80081365971e-15
1.451,4.69124088119e-10,9.83619669272e-10,5.97040441546e-10,2.04974838995e-09,-4.08347448001e-14,5.02586255842e-15,2.12924601182e-15
1.4515,3.1998509681e-10,6.4540681915e-10,4.02513924359e-10,1.36788226759e-09,-2.73910748299e-14,3.81837676828e-15,6.22752175349e-16
1.452,2.26186517438e-10,4.34997209231e-10,2.79345581871e-10,9.40514913764e-10,-1.70791250672e-14,2.6843549628e-15,1.48025783796e-16
1.4525,1.71154477928e-10,3.14006384963e-10,2.0646074065e-10,6.91613490838e-10,-9.85549339171e-15,1.74279182688e-15,3.14892968471e-17
1.453,1.41244407778e-10,2.50415328697e-10,1.66361568701e-10,5.58017127109e-10,-5.20927514359e-15,1.03120880377e-15,1.67873459816e-17
1.4535,1.26358579761e-10,2.20441435678e-10,1.46039287863e-10,4.92837361975e-10,-2.47853705449e-15,5.37210763123e-16,1.05802885442e-17
1.454,1.19711221309e-10,2.08136744851e-10,1.36726247922e-10,4.6457340683e-10,-1.03318041255e-15,2.25929741705e-16,8.36106222235e-18
1.4545,1.17245096357e-10,2.04031526797e-10,1.33165773733e-10,4.54442103274e-10,-3.51910513182e-16,5.82976551796e-17,6.20282227274e-18
1.455,1.1701060727e-10,2.0364327863e-10,1.32818402134e-10,4.53472255656e-10,-3.3145374654e-17,7.67750084783e-19,4.37577220552e-18
1.4555,1.18663229463e-10,2.06262165953e-10,1.35215823558e-10,4.60141475312e-10,2.27133959554e-16,2.92037784642e-17,5.23551064698e-18
1.456,1.23138352692e-10,2.14163232539e-10,1.41541438896e-10,4.78843823297e-10,6.69636087659e-16,1.29534839554e-16,6.16470579012e-18
1.4565,1.32509419681e-10,2.32257311113e-10,1.54445420399e-10,5.19213955141e-10,1.50698770654e-15,2.96960584401e-16,6.95244643106e-18
1.457,1.50011217986e-10,2.68131214726e-10,1.78069809511e-10,5.96215731879e-10,2.95500136932e-15,5.34654745558e-16,7.24806092966e-18
1.4575,1.80199910246e-10,3.32399091914e-10,2.18244595528e-10,7.30849707512e-10,5.25758934119e-15,8.52235519201e-16,6.5712816048e-18
1.458,2.29212254437e-10,4.39254288964e-10,2.82801216604e-10,9.51277726596e-10,8.70288283641e-15,1.26371023206e-15,1.82882883642e-17
1.4585,3.05057054423e-10,6.07048409264e-10,3.819134343e-10,1.29403430735e-09,1.36252083992e-14,1.78416246279e-15,6.90992537711e-17
1.459,4.17829348747e-10,8.58591558464e-10,5.28312924617e-10,1.80475663812e-09,2.03824149082e-14,2.42388908176e-15,2.3570894043e-16
1.4595,5.79650013486e-10,1.22064796534e-09,7.37111573439e-10,2.53744202158e-09,2.92909429416e-14,3.17843777093e-15,7.28243352665e-16
1.46,8.03981135478e-10,1.72180087873e-09,1.02478443439e-09,3.55061095644e-09,4.04945502765e-14,4.01352029258e-15,2.02498133821e-15
1.4605,1.10377916392e-09,2.38757468439e-09,1.40665306888e-09,4.89806550545e-09,5.37432258487e-14,4.84573573658e-15,4.98630677763e-15
1.461,1.48779272312e-09,3.23166524065e-09,1.89210669174e-09,6.61163825966e-09,6.80801812186e-14,5.52589024999e-15,1.05751961821e-14
1.4615,1.95446380864e-09,4.24290305337e-09,2.47708238393e-09,8.67453658205e-09,8.14997377287e-14,5.84093458574e-15,1.85065687547e-14
1.462,2.48373444663e-09,5.36985137067e-09,3.13447938948e-09,1.09881615179e-08,9.07595956089e-14,5.56089041159e-15,2.50400625256e-14
1.4625,3.02918690055e-09,6.50893790601e-09,3.80565962214e-09,1.33438806335e-08,9.16691167601e-14,4.55204531413e-15,4.05903406047e-14
1.463,3.51604114488e-09,7.50619174243e-09,4.39941666179e-09,1.5421732648e-08,8.01864925748e-14,2.93683132746e-15,6.19912446571e-14
1.4635,3.85222369707e-09,8.18262935788e-09,4.80605121307e-09,1.68409597578e-08,5.43191629575e-14,1.20148926464e-15,8.12613424629e-14
1.464,3.95542760308e-09,8.38410686575e-09,4.9289209766e-09,1.72684715969e-08,1.6082513399e-14,1.00600927143e-16,8.5786521116e-14
1.4645,3.78716270454e-09,8.03900566769e-09,4.72298522904e-09,1.65491259934e-08,-2.78821297444e-14,2.98945929194e-16,7.32359289044e-14
1.465,3.37372346455e-09,7.19369945089e-09,4.21851178807e-09,1.47858685261e-08,-6.8098427338e-14,1.93602222378e-15,4.9226844389e-14
1.4655,2.7981156489e-09,6.0021461907e-09,3.5126446088e-09,1.2312814969e-08,-9.5934558137e-14,4.46395543627e-15,2.89514506119e-14
1.466,2.16712241925e-09,4.67264087951e-09,2.73270049103e-09,9.57236368537e-09,-1.07033305866e-13,6.93480057837e-15,5.00055827638e-14
1.4665,1.57459525139e-09,3.40079560017e-09,1.99356921881e-09,6.96886617497e-09,-1.02413286861e-13,8.52154615503e-15,4.88391472446e-14
1.467,1.07982857099e-09,2.32149718449e-09,1.37066126161e-09,4.77190894669e-09,-8.6948195339e-14,8.87951659918e-15,3.11057061185e-14
1.4675,7.05113412324e-10,1.49458392666e-09,8.94752984365e-10,3.0943918171e-09,-6.66639452431e-14,8.15829265762e-15,1.39924303291e-14
1.468,4.45281800791e-10,9.17931065689e-10,5.61974155031e-10,1.92514725823e-09,-4.6539226677e-14,6.77610922362e-15,4.6636482111e-15
1.4685,2.80285686251e-10,5.52218637136e-10,3.48752230399e-10,1.18123216022e-09,-2.95658883815e-14,5.17236019584e-15,1.18118575088e-15
1.469,1.8543776899e-10,3.44193826761e-10,2.24731165779e-10,7.54349558845e-10,-1.68676427978e-14,3.66496650868e-15,2.28204228517e-16
1.4695,1.37719569468e-10,2.42347045164e-10,1.61075183389e-10,5.41135910128e-10,-8.30762464215e-15,2.41973475773e-15,3.95335687472e-17
1.47,1.1864496141e-10,2.04647970992e-10,1.34407120001e-10,4.57698409273e-10,-3.1260902014e-15,1.48296237038e-15,2.99959777611e-17
1.4705,1.14857550086e-10,2.00582899e-10,1.27750049767e-10,4.43190930645e-10,-3.98715739606e-16,8.30508978446e-16,3.74473265981e-17
1.471,1.1755249042e-10,2.10069701834e-10,1.29874433988e-10,4.5749774719e-10,7.12233883095e-16,4.08716015032e-16,3.93548447953e-17
1.4715,1.21472507086e-10,2.21185685417e-10,1.34049722379e-10,4.76708937255e-10,8.6230829203e-16,1.60065957963e-16,3.54872923582e-17
1.472,1.23904820271e-10,2.27833219926e-10,1.36778065693e-10,4.88516661652e-10,5.19989957884e-16,3.577237019e-17,2.75641461695e-17
1.4725,1.23869644381e-10,2.27859225997e-10,1.36768044283e-10,4.88496917474e-10,2.81515190022e-18,2.81246692419e-22,1.21891429242e-16
1.473,1.21563088778e-10,2.21769397844e-10,1.34229941402e-10,4.77561982886e-10,-4.74919425829e-16,2.97810867064e-17,1.08928437017e-17
1.4735,1.18043081478e-10,2.12009047539e-10,1.30478905075e-10,4.60530390748e-10,-7.56683114032e-16,1.13338148839e-16,8.27551189467e-18
1.474,1.15124622217e-10,2.02726963656e-10,1.27802749088e-10,4.45653878305e-10,-7.04925132567e-16,2.48269214795e-16,1.06590626082e-17
1.4745,1.15450600598e-10,1.99942512316e-10,1.29551339894e-10,4.44944724324e-10,-1.68672080141e-16,4.40188396925e-16,1.36152075942e-17
1.475,1.2271682979e-10,2.12056522329e-10,1.40419076721e-10,4.75194174816e-10,1.04406418759e-15,7.01911355798e-16,1.70660198213e-17
1.4755,1.42037617542e-10,2.50663943651e-10,1.6689990094e-10,5.59605705639e-10,3.19059077292e-15,1.05291566405e-15,2.0506667653e-17
1.476,1.80429842891e-10,3.3161801269e-10,2.17884979297e-10,7.29940966881e-10,6.61355347815e-15,1.51845148811e-15,2.23955511254e-17
1.4765,2.47380813044e-10,4.76221184678e-10,3.05349173081e-10,1.02896504897e-09,1.17510080122e-14,2.12716189838e-15,6.72044410681e-17
1.477,3.55401188821e-10,7.12258969582e-10,4.44986272697e-10,1.51266846005e-09,1.91235283638e-14,2.90543200479e-15,2.72402407705e-16
1.4775,5.20346948233e-10,1.07428246087e-09,6.56495674902e-10,2.25115822298e-09,2.92733722876e-14,3.86564025871e-15,9.78900730549e-16
1.478,7.61086655714e-10,1.60204246941e-09,9.62954070597e-10,3.32613079631e-09,4.26155250162e-14,4.9852348019e-15,3.12603099602e-15
1.4785,1.09772706028e-09,2.33535707604e-09,1.38829500587e-09,4.82144446774e-09,5.91506588436e-14,6.17555051061e-15,8.76955233149e-15
1.479,1.54719969986e-09,3.30324198097e-09,1.95151412515e-09,6.80204105353e-09,7.80032600436e-14,7.2464394528e-15,2.10578726494e-14
1.4795,2.11486767375e-09,4.50565715905e-09,2.65624809846e-09,9.27687764396e-09,9.68292281175e-14,7.88931572655e-15,4.1431254586e-14
1.48,2.78168413789e-09,5.88920246075e-09,3.47569539341e-09,1.21467010373e-08,1.11333017952e-13,7.72523210301e-15,6.23546082389e-14
1.4805,3.48967167408e-09,7.32468838219e-09,4.33673534007e-09,1.515121727e-08,1.15425057287e-13,6.47211091212e-15,6.42658059473e-14
1.481,4.13458919162e-09,8.60310319302e-09,5.11356322455e-09,1.78513625072e-08,1.02706451654e-13,4.2267356152e-15,7.56052460763e-14
1.4815,4.579896071e-09,9.46942562141e-09,5.64578204738e-09,1.96951749496e-08,6.95092217472e-14,1.70148884884e-15,7.35875797147e-15
1.482,4.70043769433e-09,9.69969434037e-09,5.78858267896e-09,2.01887331832e-08,1.83570605578e-14,1.12523225705e-16,3.31833627416e-17
1.4825,4.44108537763e-09,9.19454318361e-09,5.47798315137e-09,1.9113571502e-08,-4.07335568928e-14,5.55308361234e-16,8.8346600272e-14
1.483,3.85154112129e-09,8.03539822824e-09,4.76973549522e-09,1.66565847747e-08,-9.32599490206e-14,3.20847934776e-15,5.2021514402e-14
1.4835,3.0671626489e-09,6.46137906969e-09,3.81964439335e-09,1.33480665873e-08,-1.26584169207e-13,7.07330125832e-15,9.31998754431e-14
1.484,2.24838629194e-09,4.77670395066e-09,2.81711223935e-09,9.84207756023e-09,-1.35489972136e-13,1.05693466032e-14,7.2424806766e-15
1.4845,1.52191066953e-09,3.24473601184e-09,1.91713354127e-09,6.68366945357e-09,-1.23250403131e-13,1.24815030606e-14,1.68934283879e-15
1.485,9.54467739786e-10,2.0236906875e-09,1.20613245637e-09,4.18420507245e-09,-9.82954510287e-14,1.24869930385e-14,5.89184124124e-14
1.4855,5.58479366269e-10,1.16006736104e-09,7.04606913746e-10,2.42309507259e-09,-6.95891340525e-14,1.10213884353e-14,2.07197049096e-14
1.486,3.12250712965e-10,6.20282807252e-10,3.89252721854e-10,1.32175149433e-09,-4.35640310732e-14,8.81643258801e-15,5.06718148344e-15
1.4865,1.7989860073e-10,3.31845214668e-10,2.17121322446e-10,7.28848299385e-10,-2.33510902488e-14,6.51265244133e-15,8.37760477581e-16
1.487,1.24848179291e-10,2.15538590343e-10,1.43028899052e-10,4.83410672342e-10,-9.49637380955e-15,4.50003421553e-15,1.1519732786e-16
1.4875,1.16599925576e-10,2.03395488732e-10,1.28754185854e-10,4.4875143198e-10,-1.10024963937e-15,2.93207049329e-15,9.1936956095e-17
1.488,1.32756855116e-10,2.45036385997e-10,1.46041193662e-10,5.23839489929e-10,3.24748329777e-15,1.80767574388e-15,1.35142412669e-16
1.4885,1.58471936026e-10,3.07093696485e-10,1.76093162326e-10,6.41664758678e-10,4.91151447173e-15,1.05233335273e-15,1.66745211931e-16
1.489,1.84848685877e-10,3.69679524583e-10,2.07606495697e-10,7.621402529e-10,4.97419242599e-15,5.72560240511e-16,1.80177460408e-16
1.4895,2.07162360678e-10,4.2233009098e-10,2.34539366533e-10,8.64036294756e-10,4.19265158772e-15,2.83926853797e-16,1.75113897449e-16
1.49,2.23344989073e-10,4.60540349208e-10,2.54203637373e-10,9.38092142704e-10,3.04607804283e-15,1.20986285304e-16,1.68053030801e-16
1.4905,2.32863538772e-10,4.83221334786e-10,2.65854525963e-10,9.81941246722e-10,1.80949030447e-15,3.77253025677e-17,1.70145202181e-16
1.491,2.35977505435e-10,4.91023771477e-10,2.69756920672e-10,9.96758825e-10,6.23253440692e-16,4.17654057597e-18,1.60536460427e-16
1.4915,2.33294417004e-10,4.85341134051e-10,2.66626356686e-10,9.85261457674e-10,-4.5235793874e-16,2.30331726701e-18,1.43453499947e-16
1.492,2.2553749314e-10,4.6779564515e-10,2.57337018303e-10,9.50668780651e-10,-1.3984315439e-15,2.24995797595e-17,1.23566860411e-16
1.4925,2.13459126793e-10,4.40050323605e-10,2.42812598305e-10,8.96319898604e-10,-2.21120373044e-15,6.11108725999e-17,9.84353928663e-17
1.493,1.97854611615e-10,4.03844643904e-10,2.24042991783e-10,8.25739482175e-10,-2.88408845319e-15,1.18965638542e-16,7.31650119179e-17
1.4935,1.79652803207e-10,3.61200269656e-10,2.02197669955e-10,7.43047549607e-10,-3.39398268728e-15,2.00773904975e-16,4.97547153217e-17
1.494,1.60076623252e-10,3.14786518842e-10,1.78828035227e-10,6.5368780421e-10,-3.68836464218e-15,3.15255979554e-16,2.99078863346e-17
1.4945,1.40882632171e-10,2.68470350805e-10,1.56170916608e-10,5.65520705001e-10,-3.67048754237e-15,4.75905113324e-16,1.50280585502e-17
1.495,1.24706401393e-10,2.28104114593e-10,1.37585581559e-10,4.90393619627e-10,-3.18025181201e-15,7.02334845646e-16,6.56027017648e-18
1.4955,1.15550544643e-10,2.02631488767e-10,1.28169295757e-10,4.46350382652e-10,-1.96863319485e-15,1.02211906154e-15,1.02414753653e-17
1.496,1.19457872824e-10,2.05606091588e-10,1.35603701802e-10,4.60669474575e-10,3.35512642018e-16,1.47284941989e-15,1.44300532894e-17
1.4965,1.45420317497e-10,2.57190972001e-10,1.71286059282e-10,5.73903716421e-10,4.26393595658e-15,2.10370611605e-15,2.25581814513e-17
1.497,2.06533689347e-10,3.86617851546e-10,2.51742603084e-10,8.44907664691e-10,1.05458944249e-14,2.97482272437e-15,7.58145309769e-17
1.4975,3.21318640226e-10,6.34814010117e-10,4.00194203564e-10,1.35635112562e-09,2.01208865425e-14,4.15084249242e-15,4.29120443606e-16
1.498,5.14930737628e-10,1.0562995576e-09,6.47865122158e-10,2.21913517895e-09,3.40793248382e-14,5.68231307262e-15,1.99561639999e-15
1.4985,8.19559045192e-10,1.71834187562e-09,1.03405049518e-09,3.57201242157e-09,5.34409655413e-14,7.5650223435e-15,7.89433690401e-15
1.499,1.2724425082e-09,2.69364890751e-09,1.60292811576e-09,5.56910783327e-09,7.86347075689e-14,9.66898451133e-15,2.65745203078e-14
1.4995,1.90860764398e-09,4.04111399789e-09,2.39371607561e-09,8.3435578899e-09,1.08536362689e-13,1.16432059753e-14,7.4186577698e-14
1.5,2.74427816433e-09,5.76928798078e-09,3.41999750667e-09,1.1933715576e-08,1.39082318931e-13,1.2848372661e-14,1.97649513943e-14
1.5005,3.7481316192e-09,7.78396947363e-09,4.6364403697e-09,1.61687158957e-08,1.62002363296e-13,1.24521312006e-14,5.35720895271e-14
1.501,4.8062909444e-09,9.83931083527e-09,5.90159712093e-09,2.05473738862e-08,1.6512004367e-13,9.86551931729e-15,6.77626357803e-21
1.5015,5.70665027082e-09,1.15365861212e-08,6.96571601019e-09,2.4209094107e-08,1.36198605585e-13,5.50620205976e-15,2.03287907341e-20
1.502,6.18471373614e-09,1.24195685999e-08,7.52639384192e-09,2.61307481892e-08,7.06907752965e-14,1.32149891948e-15,7.22870792088e-15
1.5025,6.04554150806e-09,1.21635130956e-08,7.36308216115e-09,2.55721160785e-08,-2.07968152296e-14,1.10564421555e-16,6.24093875537e-17
1.503,5.29129503941e-09,1.07585198294e-08,6.47507378913e-09,2.25247791675e-08,-1.1300729115e-13,3.52319755583e-15,5.08623091561e-14
1.5035,4.13689417687e-09,8.54637637563e-09,5.10157660602e-09,1.77846797815e-08,-1.77778238459e-13,1.04174855207e-14,5.36182020007e-14
1.504,2.88948346894e-09,6.06591996527e-09,3.59548528196e-09,1.25507068693e-08,-1.99337027654e-13,1.74927544945e-14,1.38224189581e-14
1.5045,1.7998794541e-09,3.81689105653e-09,2.25839834792e-09,7.87500975074e-09,-1.80807179225e-13,2.16996405908e-14,2.2578611886e-15
1.505,9.92483931422e-10,2.09860144005e-09,1.25201427488e-09,4.34298342615e-09,-1.38238135097e-13,2.20180299932e-14,1.92917852374e-15
1.5055,4.80126960512e-10,9.86658937363e-10,6.04018094322e-10,2.07073375795e-09,-8.95661064481e-14,1.93336565464e-14,5.98181901012e-14
1.506,2.12712645182e-10,4.03100253096e-10,2.60056909187e-10,8.75837932979e-10,-4.7122838837e-14,1.52485310318e-14,9.04572234174e-15
1.5065,1.19984851534e-10,2.0554633579e-10,1.35741085545e-10,4.61267274808e-10,-1.60939954988e-14,1.10959500086e-14,7.37841930024e-16
1.507,1.36581092342e-10,2.5109991524e-10,1.49917816414e-10,5.37609895903e-10,3.46753930414e-15,7.60438434738e-15,4.16176086106e-16
1.5075,2.12167465334e-10,4.26923729084e-10,2.39293575163e-10,8.78403730952e-10,1.39683468777e-14,4.99307177026e-15,6.35932008008e-16
1.508,3.12888295598e-10,6.56960185101e-10,3.61121331995e-10,1.33099136078e-09,1.8356757168e-14,3.19143208322e-15,9.22029244404e-16
1.5085,4.18778412235e-10,8.96766820155e-10,4.90159770729e-10,1.80572619256e-09,1.91698425561e-14,2.01977702899e-15,1.53661263401e-15
1.509,5.19960742119e-10,1.12477790386e-09,6.13892494157e-10,2.25865067603e-09,1.82446308128e-14,1.29153390124e-15,2.32852745332e-15
1.5095,6.13142377377e-10,1.33414283911e-09,7.28078661096e-10,2.6753814961e-09,1.67635138639e-14,8.55393858744e-16,3.19819989719e-15
1.51,6.98944307249e-10,1.52660086882e-09,8.33376556677e-10,3.05893775345e-09,1.54172854268e-14,6.03935099775e-16,4.12151663167e-15
1.5105,7.80123696339e-10,1.70848339315e-09,9.33110061677e-10,3.421732194e-09,1.45757208506e-14,4.67757397111e-16,5.11303645907e-15
1.511,8.60539688716e-10,1.88842583904e-09,1.03197427946e-09,3.78095463698e-09,1.44247588765e-14,4.05804299165e-16,6.22135535363e-15
1.5115,9.44661823368e-10,2.07629198949e-09,1.13541950374e-09,4.15638877605e-09,1.50638226782e-14,3.96606459542e-16,7.53471381966e-15
1.512,1.03744841238e-09,2.28290163516e-09,1.24949329415e-09,4.56986034276e-09,1.65703769298e-14,4.31922114391e-16,9.18687868834e-15
1.5125,1.14447399906e-09,2.52028089917e-09,1.38098703629e-09,5.04576148767e-09,1.90419177278e-14,5.12788549213e-16,1.1384146528e-14
1.513,1.2722361073e-09,2.80226526237e-09,1.53779728304e-09,5.61232192256e-09,2.26243887689e-14,6.47501978979e-16,1.44504261259e-14
1.5135,1.42860944274e-09,3.14536493618e-09,1.72945760362e-09,6.30346036401e-09,2.75333233646e-14,8.50944620021e-16,1.89147234388e-14
1.514,1.6234398534e-09,3.5698402317e-09,1.96782400585e-09,7.16113930242e-09,3.40708253241e-14,1.1446683458e-15,2.56761774928e-14
1.5145,1.8692751197e-09,4.10092576425e-09,2.26789892609e-09,8.23814399867e-09,4.26376996304e-14,1.55703398226e-15,3.63221957936e-14
1.515,2.18220718086e-09,4.77006532415e-09,2.64874542398e-09,9.60107377599e-09,5.3734474619e-14,2.12234963103e-15,5.37586739447e-14
1.5155,2.58272795868e-09,5.61583498136e-09,3.13434932496e-09,1.1332983062e-08,6.79366902277e-14,2.87721241303e-15,8.3488879872e-14
1.516,3.09633078705e-09,6.68388268792e-09,3.75408375999e-09,1.35343868997e-08,8.58162074659e-14,3.85114198699e-15,2.73040189633e-14
1.5165,3.75325605845e-09,8.02463183154e-09,4.54205421075e-09,1.63200549038e-08,1.07762115387e-13,5.04737772615e-15,6.03581922398e-14
1.517,4.5861842083e-09,9.6866923494e-09,5.5339805638e-09,1.98069971678e-08,1.33636391312e-13,6.40986853182e-15,1.35525271561e-20
1.5175,5.62381698948e-09,1.17031535353e-08,6.75944718131e-09,2.40865876858e-08,1.62202329676e-13,7.77741302594e-15,1.35525271561e-20
1.518,6.87746993454e-09,1.40680603865e-08,8.22673058104e-09,2.91724600787e-08,1.90335008437e-13,8.84159905581e-15,6.77626357803e-21
1.5185,8.3183098377e-09,1.6703170261e-08,9.89831692498e-09,3.49200184148e-08,2.12235795528e-13,9.15526275133e-15,2.03287907341e-20
1.519,9.84750274488e-09,1.94227323093e-08,1.1660247126e-08,4.09307097089e-08,2.19260853935e-13,8.26794977581e-15,3.38813178902e-20
1.5195,1.12732129419e-08,2.19163473361e-08,1.32999525772e-08,4.64897202446e-08,2.0135061618e-13,6.03870739434e-15,8.13151629364e-20
1.52,1.23233391337e-08,2.37793102533e-08,1.45211819149e-08,5.06239851452e-08,1.50824701273e-13,3.01857108597e-15,1.49077798717e-19
1.5205,1.27213263591e-08,2.46099476102e-08,1.5022352442e-08,5.23536947487e-08,6.77898465871e-14,5.48513519665e-16,4.30437749246e-15
1.521,1.23100666777e-08,2.41534899954e-08,1.46237621035e-08,5.10872829536e-08,-3.60201215995e-14,1.97322458054e-16,6.52906548271e-16
1.5215,1.11459773062e-08,2.24219038366e-08,1.33680191782e-08,4.69357639202e-08,-1.3907474064e-13,2.69293520929e-15,8.7259016744e-14
1.522,9.48201420936e-09,1.97096106993e-08,1.15117469546e-08,4.07031606285e-08,-2.18452389577e-13,7.21763952809e-15,2.03287907341e-20
1.5225,7.64768224891e-09,1.64852028864e-08,9.40966595978e-09,3.35423029684e-08,-2.59967252365e-13,1.1840587805e-14,1.35525271561e-20
1.523,5.91865271317e-09,1.32243497264e-08,7.37747770175e-09,2.65202319052e-08,-2.6300075544e-13,1.47646174657e-14,6.77626357803e-21
1.5235,4.45331978327e-09,1.02786236925e-08,5.61423485754e-09,2.03459559941e-08,-2.3758885809e-13,1.52765875784e-14,9.29029192443e-14
1.524,3.30041232583e-09,7.8296785012e-09,4.19790378254e-09,1.53278108851e-08,-1.97484544695e-13,1.37714680372e-14,6.44184277318e-14
1.5245,2.43905970327e-09,5.91494556363e-09,3.12139235367e-09,1.14752544257e-08,-1.5435659168e-13,1.11681830429e-14,5.03215700988e-14
1.525,1.81782371076e-09,4.48287381307e-09,2.33438314359e-09,8.63497359313e-09,-1.15399595202e-13,8.33440490036e-15,5.08756922766e-14
1.5255,1.37993478299e-09,3.44418596078e-09,1.77392503597e-09,6.59796793466e-09,-8.36601901887e-14,5.81908344352e-15,2.44581644434e-14
1.526,1.07545998278e-09,2.70555656653e-09,1.381261907e-09,5.1622228408e-09,-5.94618131903e-14,3.84831564319e-15,1.65161192557e-14
1.5265,8.65141511049e-10,2.18615109783e-09,1.10851430032e-09,4.15976754925e-09,-4.17918514075e-14,2.43307913947e-15,1.12166101873e-14
1.527,7.20075997965e-10,1.82266573919e-09,9.19602054527e-10,3.46231604044e-09,-2.92317314286e-14,1.48123841544e-15,7.73047329817e-15
1.5275,6.19826240935e-10,1.56841385423e-09,7.88615576728e-10,2.97683610684e-09,-2.04378761872e-14,8.73330364846e-16,5.42685200163e-15
1.528,5.50282387006e-10,1.39017391542e-09,6.97480197773e-10,2.63792267865e-09,-1.43223195451e-14,5.01139691181e-16,3.88348682097e-15
1.5285,5.01817700266e-10,1.26475865006e-09,6.33777595098e-10,2.40034415152e-09,-1.00748153521e-14,2.81177846701e-16,2.82827350407e-15
1.529,4.67881076138e-10,1.1761081766e-09,5.89017887273e-10,2.23300017462e-09,-7.12021200547e-15,1.55020065444e-16,2.09083645579e-15
1.5295,4.43996165201e-10,1.11309489119e-09,5.57382858416e-10,2.11446893834e-09,-5.06078662845e-15,8.44831352675e-17,1.56453422808e-15
1.53,4.27078807219e-10,1.06796643935e-09,5.34856498349e-10,2.02989816608e-09,-3.62458784421e-15,4.58794739531e-17,1.18188540009e-15
1.5305,4.1498148501e-10,1.03527762993e-09,5.18639536112e-10,1.9688960502e-09,-2.62586556173e-15,2.51162669592e-17,8.99366030867e-16
1.531,4.06191608078e-10,1.0111677567e-09,5.06759394001e-10,1.92411683563e-09,-1.93715915704e-15,1.4096775439e-17,6.88251539094e-16
1.5315,3.99631116351e-10,9.92871346111e-10,4.97809914789e-10,1.89031091506e-09,-1.47042581477e-15,8.30768578209e-18,5.29097436437e-16
1.532,3.945213547e-10,9.78383661954e-10,4.9077551584e-10,1.86367937318e-09,-1.16454930609e-15,5.30118699808e-18,4.08337643212e-16
1.5325,3.90290339609e-10,9.66228308741e-10,4.84910345245e-10,1.84142802022e-09,-9.77104169503e-16,3.78618804594e-18,3.3655668313e-16
1.533,3.8650776733e-10,9.55292764464e-10,4.79653551405e-10,1.82145320737e-09,-8.78881234436e-16,3.10615437929e-18,3.16800486668e-16
1.5335,3.82838485603e-10,9.44709763919e-10,4.74568641307e-10,1.80211604354e-09,-8.5019585455e-16,2.95052457036e-18,2.9892470335e-16
1.534,3.7900848905e-10,9.33770129464e-10,4.69299199985e-10,1.7820769433e-09,-8.78357881328e-16,3.20246909073e-18,2.82661670762e-16
1.5345,3.74779566374e-10,9.2185749095e-10,4.63535921478e-10,1.76017202672e-09,-9.55911658446e-16,3.8650123507e-18,2.70671072361e-16
1.535,3.69930041819e-10,9.08398469802e-10,4.5699161127e-10,1.7353190485e-09,-1.0793929077e-15,5.03314672092e-18,2.60364375459e-16
1.5355,3.64239943813e-10,8.92824057485e-10,4.4938198211e-10,1.70644474185e-09,-1.24842853906e-15,6.89567659211e-18,2.50787820957e-16
1.536,3.57479610314e-10,8.74539572472e-10,4.40410949212e-10,1.67242867669e-09,-1.46504599873e-15,9.76080579235e-18,2.41875340286e-16
1.5365,3.49401347304e-10,8.52902066411e-10,4.29759923559e-10,1.63206161828e-09,-1.73307230978e-15,1.41067129181e-17,2.33569335205e-16
1.537,3.39734413035e-10,8.27205651945e-10,4.17081458344e-10,1.58401948647e-09,-2.05749368713e-15,2.06646171172e-17,2.2578510242e-16
1.5375,3.28184431346e-10,7.96677245327e-10,4.01998687153e-10,1.52685795074e-09,-2.44361282086e-15,3.05487877905e-17,2.18397281054e-16
1.538,3.14439502967e-10,7.60488051408e-10,3.84113513716e-10,1.45903821775e-09,-2.89577530646e-15,4.54571877004e-17,2.11207665398e-16
1.5385,2.98187011543e-10,7.17790332418e-10,3.63028771029e-10,1.37900276763e-09,-3.41532551801e-15,6.79797855753e-17,2.03904547327e-16
1.539,2.79147746331e-10,6.67795434887e-10,3.38393003843e-10,1.28533228984e-09,-3.99727341768e-15,1.02071358628e-16,1.96003423995e-16
1.5395,2.57137983023e-10,6.09918951923e-10,3.09981798622e-10,1.17703426246e-09,-4.62487430032e-15,1.53774821738e-16,1.8676229454e-16
1.54,2.32176306101e-10,5.44034102194e-10,2.7783764763e-10,1.05404302734e-09,-5.26089664545e-15,2.32323267757e-16,1.75122367779e-16
1.5405,2.04661256558e-10,4.70897486411e-10,2.42502543076e-10,9.18055804123e-10,-5.83371948044e-15,3.51806868076e-16,1.59658934294e-16
1.541,1.75659408091e-10,3.92845939887e-10,2.05395329288e-10,7.73894995439e-10,-6.21548224534e-15,5.33663166126e-16,1.38479722481e-16
1.5415,1.4736587048e-10,3.14910648519e-10,1.69413836572e-10,6.31684977401e-10,-6.18848586069e-15,8.10321284399e-16,1.1149579388e-16
1.542,1.23820760738e-10,2.46563209974e-10,1.39872987847e-10,5.10252794812e-10,-5.39409170746e-15,1.23034704844e-15,8.44737487967e-17
1.5425,1.12006468676e-10,2.04381319803e-10,1.25936421787e-10,4.42322816541e-10,-3.25894788567e-15,1.86522381401e-15,5.25948167939e-17
1.543,1.23490534993e-10,2.15973823227e-10,1.42739814255e-10,4.82208096096e-10,1.10644778126e-15,2.81717429476e-15,2.93437623917e-17
1.5435,1.76792478776e-10,3.2544543559e-10,2.14398988026e-10,7.16650158933e-10,9.03121059739e-15,4.22533553467e-15,8.65481324845e-17
1.544,3.00559676343e-10,6.00298570903e-10,3.77929106072e-10,1.278816015e-09,2.23992665736e-14,6.26245919493e-15,5.62646717411e-16
1.5445,5.37320632984e-10,1.13844579611e-09,6.8757782961e-10,2.36339701825e-09,4.3655621289e-14,9.10422507265e-15,3.90615342264e-15
1.545,9.46748614659e-10,2.07105539104e-09,1.21778047748e-09,4.23567278561e-09,7.54681353801e-14,1.2836257374e-14,2.10724856618e-14
1.5455,1.60507397339e-09,3.55142793836e-09,2.05996751726e-09,7.21660626956e-09,1.19598489197e-13,1.72529631723e-14,9.11482938822e-14
1.546,2.59251512385e-09,5.71255638117e-09,3.30326291113e-09,1.16085303099e-08,1.74374125343e-13,2.15350017351e-14,5.64687389188e-14
1.5465,3.95398754079e-09,8.57324862506e-09,4.9837816311e-09,1.75112723149e-08,2.30550421014e-13,2.39674891924e-14,6.77626357803e-21
1.547,5.61811781662e-09,1.18947146769e-08,6.99211058449e-09,2.45052326877e-08,2.67355547588e-13,2.22540547394e-14,6.77626357803e-21
1.5475,7.29305460727e-09,1.50601599894e-08,8.96885085015e-09,3.13223350724e-08,2.5441662736e-13,1.52089867098e-14,1.35525271561e-20
1.548,8.44794230261e-09,1.71408918496e-08,1.03055602243e-08,3.58945666716e-08,1.66828846243e-13,5.46617157303e-15,1.35525271561e-20
1.5485,8.53924473448e-09,1.7278380175e-08,1.04005178564e-08,3.62181532549e-08,1.04660070887e-14,2.2995282146e-17,4.85858098545e-18
1.549,7.41908799893e-09,1.52258122751e-08,9.0885963016e-09,3.17333363914e-08,-1.654611152e-13,5.276868468e-15,1.35525271561e-20
1.5495,5.50642308094e-09,1.15946060234e-08,6.82424956106e-09,2.39250065975e-08,-2.92189408871e-13,2.01214793831e-14,6.77626357803e-21
1.55,3.47980516442e-09,7.52335854954e-09,4.37301847411e-09,1.5375890593e-08,-3.27541012369e-13,3.59637374261e-14,7.16087752246e-14
1.5505,1.84627037539e-09,4.04946549033e-09,2.34800968824e-09,8.24351039289e-09,-2.79620191141e-13,4.44607138779e-14,1.09052476522e-14
1.551,7.87955599417e-10,1.70245801086e-09,1.0063133798e-09,3.49658140863e-09,-1.89122025336e-13,4.35407353047e-14,2.78479699695e-15
1.5515,2.57042392713e-10,5.05779118877e-10,3.19748176168e-10,1.08250938499e-09,-9.66664792714e-14,3.63656291357e-14,8.21995873061e-14
1.552,1.14597840032e-10,2.00665371851e-10,1.27465987614e-10,4.42731439184e-10,-2.49531812799e-14,2.71929241637e-14,3.96518907796e-15
1.5525,2.16794194412e-10,4.62679887997e-10,2.49046065706e-10,9.28559704355e-10,2.07077392952e-14,1.88486735005e-14,5.15887788217e-15
1.553,4.49676234551e-10,1.02064254946e-09,5.37856467592e-10,2.00823226541e-09,4.45748752565e-14,1.24395247192e-14,9.37871809836e-15
1.5535,7.36225486026e-10,1.69148769748e-09,8.94573757993e-10,3.32234865535e-09,5.37181354063e-14,7.99684237188e-15,9.84677834062e-15
1.554,1.03151933011e-09,2.37157914112e-09,1.26177814213e-09,4.66493625043e-09,5.45186546657e-14,5.12026918685e-15,8.22758677052e-15
1.5545,1.31424527582e-09,3.01442849622e-09,1.61263113777e-09,5.94135982219e-09,5.15702095709e-14,3.34504977624e-15,1.05809255129e-14
1.555,1.57852483586e-09,3.6092850607e-09,1.93994256548e-09,7.12780249418e-09,4.77468464646e-14,2.28955473044e-15,1.4654581395e-14
1.5555,1.82753462619e-09,4.16524349672e-09,2.24782225454e-09,8.24064670299e-09,4.46458723571e-14,1.68566142721e-15,2.1442825407e-14
1.556,2.06916044088e-09,4.70100072017e-09,2.54612331353e-09,9.31632887021e-09,4.30414455968e-14,1.36233580476e-15,2.97521982908e-14
1.5565,2.31334795084e-09,5.2389050513e-09,2.84711873131e-09,1.03994161699e-08,4.32293972419e-14,1.21793134221e-15,4.01207319862e-14
1.557,2.57063503803e-09,5.80178407904e-09,3.16368644174e-09,1.15361519899e-08,4.5250451496e-14,1.19510927829e-15,5.35059328658e-14
1.5575,2.8513801273e-09,6.41130998101e-09,3.50836157654e-09,1.27711019412e-08,4.90138071664e-14,1.26186486154e-15,7.14189178717e-14
1.558,3.16528695906e-09,7.08698919451e-09,3.89275331437e-09,1.4145085187e-08,5.43473676541e-14,1.39809300166e-15,9.6136044004e-14
1.5585,3.52091101135e-09,7.84512325564e-09,4.32694466846e-09,1.56930415164e-08,6.0995443682e-14,1.58605397405e-15,4.13325650832e-15
1.559,3.92489353822e-09,8.69727348192e-09,4.81857998213e-09,1.74408173836e-08,6.85788244976e-14,1.80336732287e-15,6.11505610688e-15
1.5595,4.3807190881e-09,9.64792136778e-09,5.37141715324e-09,1.94001361558e-08,7.65300005176e-14,2.01803623156e-15,8.77589152607e-15
1.56,4.88687027168e-09,1.06912256146e-08,5.98322318718e-09,2.15614052778e-08,8.40201761575e-14,2.18621479767e-15,1.17956452982e-14
1.5605,5.43442365685e-09,1.1807115728e-08,6.64309227066e-09,2.38847238129e-08,8.99052893e-14,2.25467092416e-15,1.43089750118e-14
1.561,6.00445381884e-09,1.29574900347e-08,7.32862159566e-09,2.62906603502e-08,9.27334497235e-14,2.170537762e-15,1.49937435514e-14
1.5615,6.56610479311e-09,1.40839503682e-08,8.00389784217e-09,2.86540457678e-08,9.08673591003e-14,1.89976151591e-15,1.2807897104e-14
1.562,7.07671121019e-09,1.51090541481e-08,8.61977208995e-09,3.08056216641e-08,8.27663448832e-14,1.45137191409e-15,8.18111854303e-15
1.5625,7.48551675412e-09,1.5943010344e-08,9.11803682949e-09,3.25466322491e-08,6.74246331759e-14,8.97602640714e-16,3.35507039902e-15
1.563,7.74179060347e-09,1.64965513334e-08,9.44032055054e-09,3.36787077321e-08,4.48708624251e-14,3.73971299244e-16,6.19323385978e-16
1.5635,7.80621684083e-09,1.66982661226e-08,9.54053173836e-09,3.40450312801e-08,1.65321247075e-14,4.62270041261e-17,1.15196480827e-17
1.564,7.66201561209e-09,1.65118189783e-08,9.39719332632e-09,3.35710131947e-08,-1.47697014897e-14,4.77075142734e-17,1.67983574099e-17
1.5645,7.32106841508e-09,1.59469393282e-08,9.02070338054e-09,3.22886662213e-08,-4.53167660552e-14,4.14464901578e-16,1.00208741045e-15
1.565,6.82186736893e-09,1.50594283116e-08,8.45197544033e-09,3.03332007946e-08,-7.13823078229e-14,1.05704058697e-15,5.80241963418e-15
1.5655,6.21991706998e-09,1.39395893908e-08,7.75272111516e-09,2.79121391949e-08,-9.0169624169e-14,1.79101308071e-15,1.46090686206e-14
1.566,5.57474999399e-09,1.26932560255e-08,6.99142170065e-09,2.52593297132e-08,-1.00414957833e-13,2.41156138918e-15,2.26385750424e-14
1.5665,4.93859130037e-09,1.14221413928e-08,6.23031861686e-09,2.25909516311e-08,-1.02445182841e-13,2.76989138709e-15,2.49655642839e-14
1.567,4.34982277287e-09,1.02093405323e-08,5.51714878029e-09,2.0076217119e-08,-9.77618507585e-14,2.8133994151e-15,5.56922265466e-14
1.5675,3.83159031913e-09,9.11259228864e-09,4.8825053504e-09,1.78266021148e-08,-8.841308225e-14,2.57947779972e-15,2.69454665286e-14
1.568,3.39399370813e-09,8.16457889558e-09,4.34150332814e-09,1.59000016621e-08,-7.64236301988e-14,2.15946497666e-15,1.49531876139e-14
1.5685,3.03783441325e-09,7.37766962205e-09,3.8976457269e-09,1.43130879813e-08,-6.34349913074e-14,1.65755168007e-15,1.44335362889e-14
1.569,2.75839030146e-09,6.75031486888e-09,3.54710231459e-09,1.30557580725e-08,-5.05717655081e-14,1.16164889303e-15,1.29561820799e-14
1.5695,2.54843601287e-09,6.27309620635e-09,3.28235454532e-09,1.21038490242e-08,-3.84695064812e-14,7.30862282542e-16,1.10789741097e-14
1.57,2.40031363846e-09,5.93345782119e-09,3.09483193538e-09,1.14285764082e-08,-2.73813738797e-14,3.95857008211e-16,9.14016312723e-15
1.5705,2.30717545458e-09,5.7189236477e-09,2.97658255027e-09,1.10026645167e-08,-1.73006409021e-14,1.65850905934e-16,7.30863394978e-15
1.571,2.26362940912e-09,5.61902362091e-09,2.92119998355e-09,1.08038449848e-08,-8.065049991e-15,3.71241098662e-17,5.64892371161e-15
1.5715,2.26600763548e-09,5.6262877306e-09,2.92425371942e-09,1.08165496529e-08,5.67865852953e-16,1.8146473471e-19,4.17254528455e-15
1.572,2.31242298198e-09,5.7366367192e-09,2.98342229853e-09,1.10324909158e-08,8.87207470545e-15,4.45680936987e-17,2.87268852369e-15
1.5725,2.40271528667e-09,5.94940026144e-09,3.09845913172e-09,1.14505919638e-08,1.71230190061e-14,1.61387639634e-16,1.74858771126e-15
1.573,2.5383326253e-09,6.26708130646e-09,3.27105282879e-09,1.20764926813e-08,2.55772002478e-14,3.43944685084e-16,1.13674532027e-15
1.5735,2.72214447488e-09,6.69488010807e-09,3.50458366691e-09,1.29216432892e-08,3.44528766019e-14,5.86912228068e-16,2.1630782018e-15
1.574,2.9581395636e-09,7.23989694796e-09,3.80372313041e-09,1.40018044296e-08,4.39042363027e-14,8.84260688507e-16,4.09963946471e-15
1.5745,3.25091653966e-09,7.90984877503e-09,4.1737707874e-09,1.53345913085e-08,5.39822757006e-14,1.22606075862e-15,7.66655619197e-15
1.575,3.60483148172e-09,8.71106973505e-09,4.61957447135e-09,1.69355418553e-08,6.45770585947e-14,1.59434364722e-15,1.40838404307e-14
1.5755,4.02263263056e-09,9.64554755651e-09,5.14384916042e-09,1.88121066375e-08,7.53399324577e-14,1.95862305142e-15,2.53192852426e-14
1.576,4.50341871996e-09,1.07068358752e-08,5.74473131541e-09,2.09550737591e-08,8.55925866658e-14,2.27259679642e-15,4.43004126763e-14
1.5765,5.03986822095e-09,1.18749610009e-08,6.41254672778e-09,2.33274726393e-08,9.42453679416e-14,2.47487057201e-15,7.48086353064e-14
1.577,5.61498030677e-09,1.31110007066e-08,7.12610982021e-09,2.58521930978e-08,9.97697898224e-14,2.49770695389e-15,2.29903241084e-14
1.5775,6.19911077645e-09,1.43528493795e-08,7.84946466963e-09,2.84015274023e-08,1.00292781331e-13,2.28728486875e-15,2.30463638082e-14
1.578,6.74879568581e-09,1.55145650969e-08,8.53071995246e-09,3.07941764514e-08,9.38842296502e-14,1.83458690598e-15,1.73618714891e-14
1.5785,7.20934137646e-09,1.64920354236e-08,9.10510544659e-09,3.28065625186e-08,7.90664822448e-14,1.20678932673e-15,8.5251291161e-15
1.579,7.52269436949e-09,1.71766786376e-08,9.50385318684e-09,3.42032822171e-08,5.54649604071e-14,5.58551163188e-16,1.97572129013e-15
1.5795,7.6400774358e-09,1.74760355312e-08,9.66837030054e-09,3.47845077381e-08,2.43694997068e-14,1.01131626136e-16,6.2436492608e-17
1.58,7.5357438503e-09,1.73361246645e-08,9.5658679458e-09,3.44377253692e-08,-1.11170301832e-14,2.55529822745e-17,6.23416249179e-18
1.5805,7.21600657048e-09,1.67575773049e-08,9.20017895266e-09,3.31737166605e-08,-4.65777534254e-14,4.10447675268e-16,1.27176914833e-15
1.581,6.71881147547e-09,1.57984166078e-08,8.61240099445e-09,3.1129552883e-08,-7.73631265368e-14,1.16962916798e-15,9.21685010214e-15
1.5815,6.10363696597e-09,1.45614715798e-08,7.87056952775e-09,2.85355802886e-08,-9.98391167778e-14,2.07931953672e-15,5.19059147335e-14
1.582,5.4363694018e-09,1.31711342151e-08,7.05289421542e-09,2.56602884384e-08,-1.12254560759e-13,2.873531161e-15,4.08145129564e-14
1.5825,4.77551591465e-09,1.1748283675e-08,6.2314558405e-09,2.27551438807e-08,-1.14891423338e-13,3.35061355641e-15,4.556049277e-14
1.583,4.16402908658e-09,1.0391460031e-08,5.46155431065e-09,2.00169372966e-08,-1.09557992138e-13,3.43347920126e-15,3.85753576434e-14
1.5835,3.6274221518e-09,9.16807786805e-09,4.77815765375e-09,1.75735620581e-08,-9.87743395836e-14,3.16502620507e-15,2.62076398452e-14
1.584,3.17630046766e-09,8.1148309268e-09,4.197856268e-09,1.54889052905e-08,-8.50271120301e-14,2.66051213079e-15,2.22663684366e-14
1.5845,2.81078258812e-09,7.24381718126e-09,3.72360203001e-09,1.37781335407e-08,-7.03062220073e-14,2.05217202981e-15,2.04207785122e-14
1.585,2.524911015e-09,6.55065754197e-09,3.34991993476e-09,1.24254339943e-08,-5.59438153312e-14,1.45035306431e-15,1.76770151793e-14
1.5855,2.31011426653e-09,6.02201304255e-09,3.06727086491e-09,1.13993564347e-08,-4.26634656237e-14,9.27479656894e-16,1.47438281744e-14
1.586,2.15751588619e-09,5.64130366516e-09,2.86512689273e-09,1.06639162344e-08,-3.07260763624e-14,5.19304208907e-16,1.19866952735e-14
1.5865,2.05926730666e-09,5.39246077749e-09,2.73385094188e-09,1.01855591689e-08,-2.008926691e-14,2.34624478651e-16,9.54584447512e-15
1.587,2.00919940255e-09,5.26206851851e-09,2.66568572425e-09,9.93694317198e-09,-1.05377844122e-14,6.65690325264e-17,7.43986984649e-15
1.5875,2.00306278773e-09,5.24039429399e-09,2.65517281676e-09,9.89862812514e-09,-1.77335261542e-15,1.81162320095e-18,5.63398205042e-15
1.588,2.03855471095e-09,5.32174771784e-09,2.69925442625e-09,1.00595634112e-08,6.53108505797e-15,2.66283596636e-17,4.07925646387e-15
1.5885,2.1152543745e-09,5.50447281624e-09,2.79722164704e-09,1.04169636684e-08,1.47018113271e-14,1.30063576084e-16,3.05019952438e-15
1.589,2.23452521016e-09,5.7907381869e-09,2.95059257642e-09,1.09758793255e-08,2.30481192453e-14,3.04892656878e-16,2.28737181648e-15
1.5895,2.39939218782e-09,6.18616687872e-09,3.16293708193e-09,1.17485285443e-08,3.18494903189e-14,5.46978471012e-16,1.81384312951e-15
1.59,2.61435804805e-09,6.69924077091e-09,3.43960713534e-09,1.27532481447e-08,4.13375202507e-14,8.5333448366e-16,1.23378141471e-15
1.5905,2.88507649191e-09,7.34031477252e-09,3.78727444194e-09,1.40127185895e-08,5.16645564013e-14,1.21893628635e-15,2.0962303616e-15
1.591,3.21774709741e-09,8.11998159427e-09,4.2131154347e-09,1.55509086094e-08,6.28513991229e-14,1.63221472557e-15,4.44842052734e-15
1.5915,3.61803917715e-09,9.04645310375e-09,4.72342292784e-09,1.73879919843e-08,7.4707961604e-14,2.06938990955e-15,8.60246661231e-15
1.592,4.08930795326e-09,1.01216188032e-08,5.32138763133e-09,1.9532403598e-08,8.67264573474e-14,2.48858543964e-15,1.51454776455e-14
1.5925,4.62988591215e-09,1.13356024266e-08,6.00383898785e-09,2.19694281013e-08,9.79597660539e-14,2.82619686069e-15,2.39364124767e-14
1.593,5.22941911879e-09,1.26600975603e-08,6.7569715427e-09,2.46465981203e-08,1.06922010821e-13,3.00005901153e-15,4.25473932887e-14
1.5935,5.86469533503e-09,1.40416450254e-08,7.55163132568e-09,2.74580861503e-08,1.11582315401e-13,2.92540057028e-15,7.24395586918e-14
1.594,6.4962541839e-09,1.5397254643e-08,8.3396491716e-09,3.02332700496e-08,1.09552003986e-13,2.54763651934e-15,9.87359133797e-14
1.5945,7.06806649183e-09,1.66158944524e-08,9.05373512959e-09,3.27377965147e-08,9.85566300334e-14,1.88734927406e-15,2.22060054806e-14
1.595,7.5129730603e-09,1.75693509042e-08,9.61381234646e-09,3.46962145803e-08,7.7193182396e-14,1.07727830252e-15,8.11168217015e-15
1.5955,7.76522668015e-09,1.81336265598e-08,9.94120914392e-09,3.58401085273e-08,4.57856123516e-14,3.58034909678e-16,9.44048712901e-16
1.596,7.77785554575e-09,1.82171872234e-08,9.97830966663e-09,3.5973359389e-08,6.94615190635e-15,7.07612850064e-18,2.16840434497e-19
1.5965,7.53827457386e-09,1.77870076172e-08,9.70667531644e-09,3.50319231273e-08,-3.45955340026e-14,2.15401770454e-16,4.07009495551e-16
1.597,7.0742696825e-09,1.6881384666e-08,9.15498856032e-09,3.31105707791e-08,-7.30614595699e-14,9.77543548703e-16,6.77461762361e-14
1.5975,6.44659931974e-09,1.56027598502e-08,8.3921459193e-09,3.04414038929e-08,-1.03248633594e-13,2.07263074246e-15,3.27653689228e-14
1.598,5.73169643844e-09,1.4092791889e-08,7.50848335664e-09,2.73328528594e-08,-1.2197343429e-13,3.15963910952e-15,5.75108130606e-14
1.5985,5.0027356556e-09,1.24999402875e-08,6.59380620321e-09,2.40963573829e-08,-1.2868198105e-13,3.92843213611e-15,7.24518643865e-14
1.599,4.31642271775e-09,1.09516791613e-08,5.72075326126e-09,2.09887342701e-08,-1.25074423876e-13,4.21440129658e-15,6.62784443214e-14
1.5995,3.7081773175e-09,9.5389199706e-09,4.93739131658e-09,1.81843785054e-08,-1.14113426057e-13,4.02386291514e-15,4.73297819665e-14
1.6,3.19404010272e-09,8.31341637831e-09,4.26798737627e-09,1.57753483618e-08,-9.89707049293e-14,3.48355103268e-15,2.76832390019e-14
1.6005,2.77591540342e-09,7.29415962638e-09,3.71844820455e-09,1.37884436926e-08,-8.22984031968e-14,2.76354224644e-15,2.46516538736e-14
1.601,2.44727503472e-09,6.47753708915e-09,3.28300922073e-09,1.220775743e-08,-6.59248599119e-14,2.01592932272e-15,2.12164948154e-14
1.6015,2.1977753489e-09,5.84726971027e-09,2.95005577902e-09,1.09950513055e-08,-5.08733565901e-14,1.34526296064e-15,1.75566551856e-14
1.602,2.01636132914e-09,5.38212671472e-09,2.70627905372e-09,1.01047303569e-08,-3.75427020443e-14,8.05856033552e-16,1.41807816574e-14
1.6025,1.89304530442e-09,5.06099607372e-09,2.53920746976e-09,9.49322333638e-09,-2.59217321156e-14,4.13468498729e-16,1.12681538362e-14
1.603,1.8197532749e-09,4.86573735017e-09,2.43851117598e-09,9.12398618998e-09,-1.57689324706e-14,1.60650378179e-16,8.8271607363e-15
1.6035,1.79061239495e-09,4.7825068611e-09,2.39652481844e-09,8.96963736579e-09,-6.73606739547e-15,2.97784798172e-17,6.79594862373e-15
1.604,1.80195708693e-09,4.80218380271e-09,2.40834693025e-09,9.01248937881e-09,1.55916451525e-15,1.84570853114e-18,5.09425265643e-15
1.6045,1.85222859534e-09,4.92034806078e-09,2.47175471437e-09,9.24434092695e-09,9.49699084874e-15,6.12875491606e-17,4.3427514731e-15
1.605,1.94186141337e-09,5.13707606341e-09,2.58706794942e-09,9.66602306352e-09,1.74409798704e-14,1.97895396363e-16,3.96103099322e-15
1.6055,2.07319137594e-09,5.45666900158e-09,2.75701564941e-09,1.02869021651e-08,2.57327035755e-14,4.06808523037e-16,3.48284362505e-15
1.606,2.25037533457e-09,5.88730717075e-09,2.9865973919e-09,1.11243152693e-08,3.46859229263e-14,6.87188309338e-16,2.864983912e-15
1.6065,2.47927084682e-09,6.44051864417e-09,3.28287591854e-09,1.22027110203e-08,4.45717541064e-14,1.03973681962e-15,2.15899889112e-15
1.607,2.76717578483e-09,7.13024247185e-09,3.65457656058e-09,1.35520518656e-08,5.55860978372e-14,1.46286480667e-15,2.88159253403e-15
1.6075,3.1222623786e-09,7.97114894058e-09,4.11129333404e-09,1.52047743894e-08,6.77898307471e-14,1.94716216011e-15,6.14832078479e-15
1.608,3.55245870343e-09,8.97576748667e-09,4.66201455869e-09,1.71903242275e-08,8.10126445214e-14,2.46807665347e-15,1.20974465254e-14
1.6085,4.06345231323e-09,1.01499268424e-08,5.31260961924e-09,1.95260864641e-08,9.47167951278e-14,2.97769510322e-15,2.18299431808e-14
1.609,4.65547624693e-09,1.14861622474e-08,6.06193587136e-09,2.22036855844e-08,1.07832586814e-13,3.39863290117e-15,3.54886340584e-14
1.6095,5.31872766867e-09,1.29552910625e-08,6.89648004101e-09,2.5170620981e-08,1.18609450147e-13,3.62619422143e-15,5.41338350014e-14
1.61,6.02786524092e-09,1.44975103532e-08,7.78414133011e-09,2.83096449957e-08,1.24575325143e-13,3.54769033919e-15,9.44037667591e-14
1.6105,6.73719518166e-09,1.60161112647e-08,8.6690249446e-09,3.14224572147e-08,1.22745024338e-13,3.08603603194e-15,5.48743179802e-14
1.611,7.37966260748e-09,1.73786141249e-08,9.47066500401e-09,3.42290542111e-08,1.10216831141e-13,2.26274306968e-15,3.47960728156e-14
1.6115,7.87353931521e-09,1.84303155564e-08,1.00918202131e-08,3.63957615103e-08,8.51753128345e-14,1.25190214775e-15,1.20281998879e-14
1.612,8.13890835883e-09,1.90220655031e-08,1.04370496003e-08,3.75980718846e-08,4.80471667194e-14,3.75412634433e-16,1.1380057053e-15
1.6125,8.12072637283e-09,1.90471402366e-08,1.04387159631e-08,3.76065848209e-08,2.24779616274e-15,6.5758240554e-19,1.35525271561e-20
1.613,7.80891166383e-09,1.8474398513e-08,1.00803183611e-08,3.63635827925e-08,-4.61093739117e-14,3.64082236545e-16,1.24390515249e-15
1.6135,7.24438847842e-09,1.73624761835e-08,9.40499659003e-09,3.40117728818e-08,-8.97466485901e-14,1.42250283245e-15,6.4595694787e-14
1.614,6.50680585895e-09,1.58467143362e-08,8.50362984329e-09,3.08570304256e-08,-1.22438535856e-13,2.84586755828e-15,5.77805964424e-14
1.6145,5.69033956409e-09,1.41037881502e-08,7.48833079982e-09,2.72823218552e-08,-1.40827897049e-13,4.17158421124e-15,6.07026500463e-15
1.615,4.87973786017e-09,1.23095166094e-08,6.46426595716e-09,2.36533804602e-08,-1.44982091925e-13,5.01812702206e-15,1.79110402183e-14
1.6155,4.13582563717e-09,1.06060330194e-08,5.51078107119e-09,2.02525073038e-08,-1.37632116445e-13,5.22299166618e-15,9.80290609971e-14
1.616,3.49235376311e-09,9.08658869488e-09,4.67532061362e-09,1.7254145166e-08,-1.22739993223e-13,4.8471910146e-15,6.42391887839e-14
1.6165,2.96062157435e-09,7.79674066208e-09,3.97715148392e-09,1.4734413627e-08,-1.04169279092e-13,4.08602079368e-15,3.46367764114e-14
1.617,2.53702513879e-09,6.74527718585e-09,3.41562903007e-09,1.26978496134e-08,-8.48962507317e-14,3.16262103514e-15,2.69692986476e-14
1.6175,2.21012680903e-09,5.91790185206e-09,2.97876307848e-09,1.11067272023e-08,-6.67875878581e-14,2.25634531792e-15,2.2346077625e-14
1.618,1.9658033313e-09,5.28915737427e-09,2.64991774846e-09,9.90482918226e-09,-5.07440811933e-14,1.47704585051e-15,1.79559261882e-14
1.6185,1.79036533492e-09,4.8308377189e-09,2.41214785818e-09,9.03331479383e-09,-3.69858059455e-14,8.71465752826e-16,1.41868464133e-14
1.619,1.67212214806e-09,4.51697281587e-09,2.25054997748e-09,8.43962005136e-09,-2.53300024431e-14,4.43131481603e-16,1.10994587544e-14
1.6195,1.60196218668e-09,4.32625804527e-09,2.15326580111e-09,8.08147080518e-09,-1.53980099027e-14,1.7280672694e-16,8.61528052674e-15
1.62,1.57340819121e-09,4.24290057138e-09,2.11171555117e-09,7.92801760192e-09,-6.74329976372e-15,3.37750228134e-17,6.61462258664e-15
1.6205,1.58245336351e-09,4.25664913183e-09,2.12047448015e-09,7.95957805711e-09,1.08257483387e-15,1.06837034707e-18,4.9820716129e-15
1.621,1.62735597849e-09,4.36250557238e-09,2.1770443652e-09,8.16691447461e-09,8.50438740241e-15,5.59238652292e-17,4.64615528667e-15
1.6215,1.70847915239e-09,4.56039064251e-09,2.28165001115e-09,8.55053591133e-09,1.59196871177e-14,1.87171120522e-16,4.34641404356e-15
1.622,1.82820566284e-09,4.85487407186e-09,2.43710949422e-09,9.12021332257e-09,2.37041395527e-14,3.9087998355e-16,3.978635726e-15
1.6225,1.99091952067e-09,5.25496375656e-09,2.64877132597e-09,9.89468748749e-09,3.22164633666e-14,6.6899767666e-16,3.48878640821e-15
1.623,2.20301322974e-09,5.77385277779e-09,2.92446501451e-09,1.09013738434e-08,4.17951655784e-14,1.02712677163e-15,2.8211143816e-15
1.6235,2.47283772976e-09,6.42841856858e-09,3.2743565362e-09,1.21756670436e-08,5.27387356981e-14,1.47111042242e-15,2.40713888709e-15
1.624,2.81044632105e-09,7.23813561683e-09,3.71052158488e-09,1.37591707822e-08,6.52585148502e-14,2.00174895372e-15,5.42330123952e-15
1.6245,3.22688726057e-09,8.22289700313e-09,4.24593918142e-09,1.56958054413e-08,7.93908334105e-14,2.60690018515e-15,1.14137689643e-14
1.625,3.73266984024e-09,9.39907469394e-09,4.89247286758e-09,1.80243155035e-08,9.48549588749e-14,3.25078772038e-15,2.23663793107e-14
1.6255,4.33490227696e-09,1.07730931981e-08,5.65729572663e-09,2.07654059058e-08,1.10852331852e-13,3.86217768926e-15,4.01983811906e-14
1.626,5.03258913553e-09,1.23320767571e-08,6.53726145871e-09,2.39020574838e-08,1.25829604497e-13,4.32688398024e-15,6.4494504843e-14
1.6265,5.80994093962e-09,1.40321019147e-08,7.5111968657e-09,2.73533814487e-08,1.37283498091e-13,4.49547012388e-15,9.30168079063e-14
1.627,6.62865003837e-09,1.57865624726e-08,8.53133811213e-09,3.09466965971e-08,1.4176641433e-13,4.22070778084e-15,9.80632743519e-14
1.6275,7.42214067498e-09,1.74599383543e-08,9.51730310453e-09,3.43995208739e-08,1.35318096737e-13,3.43303409007e-15,7.93534752882e-14
1.628,8.09712283498e-09,1.88744642432e-08,1.03583206746e-08,3.73300244876e-08,1.14504185547e-13,2.23627172799e-15,3.9570147018e-14
1.6285,8.54802325087e-09,1.98360253582e-08,1.09295580269e-08,3.93136855716e-08,7.79728204421e-14,9.64052822462e-16,8.14187042439e-15
1.629,8.68491239986e-09,2.01784614471e-08,1.11232300485e-08,3.99866319668e-08,2.79558691483e-14,1.15503273319e-16,1.11632166185e-16
1.6295,8.4655814893e-09,1.98135730843e-08,1.08848361122e-08,3.91639615752e-08,-2.92517352874e-14,1.41109219332e-16,2.23515054121e-16
1.63,7.91475624297e-09,1.87649747468e-08,1.02364560223e-08,3.69161035978e-08,-8.45900602946e-14,1.17753944073e-15,1.335426046e-14
1.6305,7.11769837717e-09,1.7167083044e-08,9.27248925144e-09,3.35571444916e-08,-1.29065535827e-13,2.92340173887e-15,7.0790914092e-14
1.631,6.19112835555e-09,1.52274915524e-08,8.12912806517e-09,2.95475960081e-08,-1.56733639088e-13,4.77439853085e-15,1.31615909577e-14
1.6315,5.24804592785e-09,1.31704607543e-08,6.94428110465e-09,2.53626276766e-08,-1.66238663015e-13,6.13105664883e-15,1.76755853877e-14
1.632,4.37311753466e-09,1.11865891069e-08,5.82679870939e-09,2.13863516957e-08,-1.6031085384e-13,6.66117081466e-15,3.26311921277e-14
1.6325,3.61478990313e-09,9.40531956357e-09,4.84382527445e-09,1.78637971926e-08,-1.43909381866e-13,6.36879691192e-15,3.87356569346e-14
1.633,2.99018620906e-09,7.89204504562e-09,4.02374102875e-09,1.49058555348e-08,-1.22224806352e-13,5.49013256927e-15,6.53646380728e-14
1.6335,2.49537807475e-09,6.66125369881e-09,3.36701452949e-09,1.25235512474e-08,-9.93790289045e-14,4.33316537438e-15,3.22430138686e-14
1.634,2.11540818647e-09,5.69509960396e-09,2.85816367105e-09,1.06685966253e-08,-7.79873876032e-14,3.15819054497e-15,2.61563299774e-14
1.6345,1.83158673673e-09,4.96006308632e-09,2.4752046164e-09,9.26679724813e-09,-5.93152158947e-14,2.12905058368e-15,2.05430765172e-14
1.635,1.6258139213e-09,4.41868813611e-09,2.19568635368e-09,8.24014604685e-09,-4.36778113556e-14,1.31752343508e-15,1.58923641933e-14
1.6355,1.48264190235e-09,4.03637125893e-09,1.99984440283e-09,7.51882745044e-09,-3.08417860407e-14,7.3125475824e-16,1.22287129153e-14
1.636,1.3899367489e-09,3.78447384224e-09,1.8718262969e-09,7.04621690647e-09,-2.03227795632e-14,3.43767783925e-16,9.39770857704e-15
1.6365,1.3388182854e-09,3.64120168194e-09,1.79984433089e-09,6.77985284687e-09,-1.15661208628e-14,1.16920858921e-16,7.21099137975e-15
1.637,1.32331777531e-09,3.59137716299e-09,1.77585466923e-09,6.69054558369e-09,-4.036247156e-15,1.42704120231e-17,5.50088268122e-15
1.6375,1.33999735238e-09,3.62582305026e-09,1.79511755778e-09,6.7609407182e-09,2.75207234639e-15,7.35844822528e-18,4.59166735124e-15
1.638,1.38764857686e-09,3.74074878527e-09,1.85581954496e-09,6.98422621736e-09,9.23411592136e-15,7.76434447104e-17,4.36393746118e-15
1.6385,1.46711479166e-09,3.93731431087e-09,1.95883246355e-09,7.36327759068e-09,1.58097142734e-14,2.1623924307e-16,4.15952130595e-15
1.639,1.58124402783e-09,4.22141833109e-09,2.10762514169e-09,7.9103107837e-09,2.28615256756e-14,4.22778156845e-16,3.90875211972e-15
1.6395,1.73495822772e-09,4.60367888501e-09,2.30830975802e-09,8.64697834434e-09,3.07707092693e-14,7.0395747149e-16,3.55791107296e-15
1.64,1.93540547192e-09,5.09950724184e-09,2.56977543902e-09,9.6047291482e-09,3.9924622161e-14,1.07172892996e-15,3.0429963562e-15
1.6405,2.19213088005e-09,5.72908882152e-09,2.90381910968e-09,1.08250910605e-08,5.0709504811e-14,1.5405888067e-15,2.30410579938e-15
1.641,2.51714381706e-09,6.51694779516e-09,3.32510960259e-09,1.2359266814e-08,6.34770961351e-14,2.12296086343e-15,4.96629647129e-15
1.6415,2.92465301997e-09,7.49056373999e-09,3.85069552175e-09,1.426599357e-08,7.84684592368e-14,2.8212897058e-15,1.10912188179e-14
1.642,3.43006938419e-09,8.67723238422e-09,4.49857678785e-09,1.66059778407e-08,9.56725742761e-14,3.61550666934e-15,2.34568698558e-14
1.6425,4.04764498875e-09,1.00980885061e-08,5.28462282487e-09,1.94304753532e-08,1.1459748293e-13,4.44578104795e-15,4.63032593496e-14
1.643,4.78589259983e-09,1.17581619814e-08,6.21693407459e-09,2.27611277759e-08,1.3394992871e-13,5.19431015374e-15,8.31565312486e-14
1.6435,5.6399640927e-09,1.36319768172e-08,7.28689027836e-09,2.65589881018e-08,1.51274137715e-13,5.67759516241e-15,9.61698846643e-14
1.644,6.58100663824e-09,1.5646186678e-08,8.45716296279e-09,3.06845246586e-08,1.62708918291e-13,5.67068615255e-15,1.35525271561e-20
1.6445,7.54488483073e-09,1.76645087678e-08,9.64955109348e-09,3.48591128468e-08,1.63166538015e-13,4.98825234486e-15,1.35525271561e-20
1.645,8.42666802014e-09,1.94848740083e-08,1.07395993709e-08,3.86512923357e-08,1.47311260893e-13,3.62513190169e-15,1.35525271561e-20
1.6455,9.09062234419e-09,2.0860766177e-08,1.1568185389e-08,4.15196873131e-08,1.11511078009e-13,1.8970654004e-15,3.42094449014e-14
1.646,9.40248026585e-09,2.15527286528e-08,1.19771061103e-08,4.29323717685e-08,5.6289323363e-14,4.50520094583e-16,2.01572835029e-15
1.6465,9.27712607894e-09,2.13995944817e-08,1.18618290363e-08,4.25385375714e-08,-1.20509199366e-14,2.52647771186e-17,1.01576191035e-17
1.647,8.71750250993e-09,2.03799293955e-08,1.1216446587e-08,4.03137973281e-08,-8.21942035895e-14,1.03150574827e-15,1.20535702188e-14
1.6475,7.81832113675e-09,1.86295767975e-08,1.01420303276e-08,3.65897900799e-08,-1.41372122931e-13,3.23257846615e-15,9.09992702936e-14
1.648,6.73011340076e-09,1.6401709135e-08,8.81072402683e-09,3.19423723238e-08,-1.80049288289e-13,5.82374611425e-15,2.8184973886e-14
1.6485,5.60653661757e-09,1.39891741821e-08,7.40736391556e-09,2.70028875899e-08,-1.94999736179e-13,7.87779080603e-15,1.9685323521e-14
1.649,4.56428069968e-09,1.16480766593e-08,6.08060118012e-09,2.22927781382e-08,-1.89205612934e-13,8.8113852818e-15,4.09475242342e-14
1.6495,3.66895686003e-09,9.55290086706e-09,4.92129683522e-09,1.81429938236e-08,-1.69289014235e-13,8.5599654119e-15,4.89882521484e-14
1.65,2.94181857789e-09,7.78943717503e-09,3.96582805351e-09,1.46969487989e-08,-1.42440171811e-13,7.44239700032e-15,4.60976200788e-14
1.6505,2.37512077025e-09,6.37311724301e-09,3.21202917429e-09,1.19601587242e-08,-1.14357486251e-13,5.90659144959e-15,5.29562626931e-14
1.651,1.94683424202e-09,5.27588713653e-09,2.63667853641e-09,9.85931568225e-09,-8.85585406625e-14,4.33369774206e-15,2.98725345675e-14
1.6515,1.63090642578e-09,4.44995918076e-09,2.20887383714e-09,8.2896757614e-09,-6.66359607802e-14,2.95897454788e-15,2.25650322538e-14
1.652,1.40295129531e-09,3.8439195765e-09,1.89813741608e-09,7.14496128539e-09,-4.8878621242e-14,1.8798824721e-15,1.68557388099e-14
1.6525,1.24266045217e-09,3.41144373479e-09,1.67828999991e-09,6.33236041371e-09,-3.48710711166e-14,1.10071631869e-15,1.25942042439e-14
1.653,1.13431086539e-09,3.1147673639e-09,1.52864361286e-09,5.77769850023e-09,-2.39182680642e-14,5.78539623455e-16,9.46488506602e-15
1.6535,1.06637406395e-09,2.92515592723e-09,1.43380575042e-09,5.42532070742e-09,-1.52883639649e-14,2.55954886334e-16,7.1641640103e-15
1.654,1.03082806717e-09,2.82201500566e-09,1.38293940975e-09,5.23577423812e-09,-8.32237679505e-15,7.94007863301e-17,5.45137191139e-15
1.6545,1.02247970831e-09,2.79162165082e-09,1.36894388648e-09,5.18304278658e-09,-2.46459756321e-15,6.86606025842e-18,4.1500413132e-15
1.655,1.03842742027e-09,2.82596722403e-09,1.38777021329e-09,5.25216761263e-09,2.74668804315e-15,9.5119843342e-18,3.82798583413e-15
1.6555,1.0777010236e-09,2.92190929427e-09,1.43794479957e-09,5.43756289129e-09,7.70435920157e-15,7.05572102131e-17,3.70528464139e-15
1.656,1.14107687038e-09,3.08068153646e-09,1.52031076248e-09,5.74208211329e-09,1.27615295539e-14,1.83427665155e-16,3.61465550417e-15
1.6565,1.23105523442e-09,3.30774856133e-09,1.63797328662e-09,6.1767956911e-09,1.82595142097e-14,3.50136876521e-16,3.5150579821e-15
1.657,1.35198735073e-09,3.61297036489e-09,1.7964308133e-09,6.7614136612e-09,2.45529486998e-14,5.80197417413e-16,3.36921246111e-15
1.6575,1.51034127409e-09,4.01102590537e-09,2.0038721057e-09,7.5252722051e-09,3.20307988569e-14,8.89945597427e-16,3.12649686414e-15
1.658,1.71509115898e-09,4.52201050633e-09,2.27160845957e-09,8.50875255649e-09,4.11305337581e-14,1.3018176461e-15,2.72126952591e-15
1.6585,1.97818884536e-09,5.17204128385e-09,2.6145736116e-09,9.76485792177e-09,5.23389870488e-14,1.84270438437e-15,2.42792507561e-15
1.659,2.31501469056e-09,5.99354197155e-09,3.05174169316e-09,1.1360367061e-08,6.61667817484e-14,2.53991030432e-15,5.89909658665e-15
1.6595,2.74457593026e-09,7.02459000998e-09,3.60615340356e-09,1.33754058275e-08,8.30730604107e-14,3.41245374263e-15,1.39356909801e-14
1.66,3.28897840184e-09,8.30626162457e-09,4.30396043493e-09,1.58993082158e-08,1.03304549302e-13,4.45480815031e-15,3.1711802238e-14
1.6605,3.97130108986e-09,9.87633956397e-09,5.17147397023e-09,1.90192468238e-08,1.26602594795e-13,5.61083488757e-15,6.82467049453e-14
1.661,4.81048323582e-09,1.17572929738e-08,6.22870490791e-09,2.27966395795e-08,1.51741233598e-13,6.74005753508e-15,6.07920221866e-14
1.6615,5.8114526313e-09,1.39367735375e-08,7.47764417937e-09,2.72260538606e-08,1.7592206818e-13,7.59033156324e-15,1.35525271561e-20
1.662,6.94934713543e-09,1.63412364681e-08,8.88445319144e-09,3.21752388212e-08,1.94214709949e-13,7.8115208157e-15,1.35525271561e-20
1.6625,8.14992250702e-09,1.88090654236e-08,1.03583413881e-08,3.73175358871e-08,1.99505963588e-13,7.06243238668e-15,1.35525271561e-20
1.663,9.27544300351e-09,2.10783468086e-08,1.17372623579e-08,4.20912410775e-08,1.83666436897e-13,5.24105693822e-15,1.35525271561e-20
1.6635,1.01337343741e-08,2.28108098524e-08,1.2798704132e-08,4.5743391567e-08,1.40461829323e-13,2.76010775515e-15,8.41950546283e-14
1.664,1.05264286878e-08,2.36664532841e-08,1.33119817947e-08,4.75049340613e-08,6.96691661823e-14,6.26320867634e-16,4.56026275769e-15
1.6645,1.0328123765e-08,2.34153450455e-08,1.31242945129e-08,4.68677435246e-08,-1.98595162111e-14,6.06215420696e-17,6.65022507548e-17
1.665,9.55202143146e-09,2.20363472555e-08,1.22357359165e-08,4.38239951261e-08,-1.11204915729e-13,1.73313962612e-15,3.97848597057e-14
1.6655,8.35154774185e-09,1.97416964785e-08,1.08088859925e-08,3.89019499977e-08,-1.85400412836e-13,5.18520325199e-15,2.03287907341e-20
1.666,6.95326124904e-09,1.69052016446e-08,9.10197618933e-09,3.29602187873e-08,-2.29303200427e-13,9.02340933017e-15,3.43153850062e-14
1.6665,5.56940681021e-09,1.39344847903e-08,7.37175673021e-09,2.68754199379e-08,-2.40163806434e-13,1.1776789972e-14,3.89893128091e-14
1.667,4.34235999843e-09,1.11576498389e-08,5.80369495017e-09,2.13034930163e-08,-2.24442843664e-13,1.26825033178e-14,6.36103244188e-14
1.6675,3.33562833574e-09,8.7701620713e-09,4.49220149346e-09,1.65978108367e-08,-1.92904978093e-13,1.18538150861e-14,6.53685886345e-14
1.668,2.55401145815e-09,6.84148478162e-09,3.45742843646e-09,1.2852778829e-08,-1.55764682367e-13,9.92829605679e-15,5.46339029247e-14
1.6685,1.97030169643e-09,5.35355142252e-09,2.67461662538e-09,9.99835723966e-09,-1.20108748819e-13,7.6170086198e-15,6.74037411443e-14
1.669,1.54596330254e-09,4.24322944258e-09,2.09980690978e-09,7.88891550402e-09,-8.95792356771e-14,5.4353996371e-15,2.95649972332e-14
1.6695,1.24312485453e-09,3.43403777753e-09,1.68641728253e-09,6.36351830588e-09,-6.52489916089e-14,3.64447257133e-15,2.08425162166e-14
1.67,1.02983219029e-09,2.85428231346e-09,1.39349916072e-09,5.27756924669e-09,-4.67240818303e-14,2.30901915457e-15,1.46979698106e-14
1.6705,8.81313004388e-10,2.44466784908e-09,1.18848206515e-09,4.5144313035e-09,-3.29965477819e-14,1.38329943102e-15,1.04739079822e-14
1.671,7.79348065356e-10,2.1596448137e-09,1.04700213185e-09,3.98597283713e-09,-2.29514607879e-14,7.79049812675e-16,7.57812934041e-15
1.6715,7.10996095565e-10,1.96583500063e-09,9.51552483997e-10,3.62836838195e-09,-1.56028121434e-14,4.05613696687e-16,5.57293469185e-15
1.672,6.6729127378e-10,1.83956058123e-09,8.89904622312e-10,3.39674649872e-09,-1.01655495069e-14,1.87775726061e-16,4.15964327869e-15
1.6725,6.4215953712e-10,1.76446851974e-09,8.53721831257e-10,3.26034391017e-09,-6.04743827952e-15,7.01827899354e-17,3.14253628003e-15
1.673,6.31608769817e-10,1.72961791939e-09,8.37492232327e-10,3.19871612503e-09,-2.81132964159e-15,1.54177438383e-17,2.56313525092e-15
1.6735,6.33166521982e-10,1.72808667163e-09,8.37773911727e-10,3.19902697101e-09,-1.32931681135e-16,2.47415404701e-20,1.30347020341e-14
1.674,6.45514811337e-10,1.75603301941e-09,8.52697490975e-10,3.25424756795e-09,2.23609673054e-15,1.06137858766e-17,2.35055708621e-15
1.6745,6.68275612204e-10,1.81212184182e-09,8.8166876397e-10,3.36207075608e-09,4.49768208381e-15,4.08570212707e-17,2.31912538761e-15
1.675,7.01913576369e-10,1.89724038985e-09,9.25227787965e-10,3.52438867405e-09,6.83076712178e-15,8.95300452241e-17,2.30813428808e-15
1.6755,7.47737032952e-10,2.01445599583e-09,9.85038419673e-10,3.74724101839e-09,9.41086914114e-15,1.59496276861e-16,2.31058390737e-15
1.676,8.07991670186e-10,2.16919711868e-09,1.06399906027e-09,4.04120053434e-09,1.24281398828e-14,2.57481477813e-16,2.31786500258e-15
1.6765,8.86053145627e-10,2.36966477321e-09,1.16648051804e-09,4.42221493692e-09,1.61059317882e-14,3.94522172895e-16,2.31774641797e-15
1.677,9.86738544627e-10,2.62750114982e-09,1.29871234668e-09,4.91297334932e-09,2.07216061198e-14,5.87010008193e-16,2.29123767485e-15
1.6775,1.11676605204e-09,2.95875766843e-09,1.46934913304e-09,5.54490034209e-09,2.66307284191e-14,8.58262759131e-16,2.20824538668e-15
1.678,1.2854021915e-09,3.38520296254e-09,1.69025602545e-09,6.36089671409e-09,3.42945718095e-14,1.24045195015e-15,2.02294168287e-15
1.6785,1.50533709416e-09,3.93597672285e-09,1.97754624562e-09,7.4189061468e-09,4.43082043134e-14,1.77641254027e-15,1.67350332268e-15
1.679,1.79380672654e-09,4.64948809332e-09,2.35286383692e-09,8.79621859685e-09,5.74205027594e-14,2.52017443258e-15,3.44297209015e-15
1.6795,2.17390731714e-09,5.57520256854e-09,2.84479416369e-09,1.05939821075e-08,7.45256568139e-14,3.53369569164e-15,9.21218125654e-15
1.68,2.67585068468e-09,6.77443887479e-09,3.49002365137e-09,1.29404146663e-08,9.65841115158e-14,4.87499786354e-15,2.44974328908e-14
1.6805,3.33746204262e-09,8.31834719602e-09,4.33332902305e-09,1.59892692169e-08,1.24396500435e-13,6.56990671363e-15,6.36632673662e-14
1.681,4.20232461428e-09,1.02797635928e-08,5.4244850974e-09,1.99067399592e-08,1.58111450237e-13,8.55797636423e-15,5.02750239443e-14
1.6815,5.31245766333e-09,1.27139336118e-08,6.8086657345e-09,2.4835263933e-08,1.96329515298e-13,1.0609567862e-14,9.82892288609e-14
1.682,6.69058279001e-09,1.56226219184e-08,8.5053806421e-09,3.08188323523e-08,2.34762527985e-13,1.22392303455e-14,1.35525271561e-20
1.6825,8.30697958457e-09,1.89003981044e-08,1.04716785467e-08,3.7679333726e-08,2.6478664737e-13,1.27036776775e-14,1.35525271561e-20
1.683,1.00332589552e-08,2.22759095979e-08,1.25534987028e-08,4.48629515104e-08,2.73009242038e-13,1.12453063197e-14,1.35525271561e-20
1.6835,1.16069705392e-08,2.52851938536e-08,1.44504444391e-08,5.13428603304e-08,2.43803694058e-13,7.69489150944e-15,1.35525271561e-20
1.684,1.26590973471e-08,2.73321647512e-08,1.57460005282e-08,5.57374321326e-08,1.66318482833e-13,3.18753417308e-15,2.71050543121e-20
1.6845,1.28470363395e-08,2.78671758225e-08,1.60463846025e-08,5.67606410683e-08,4.41065011022e-14,1.97346262278e-16,4.92309101471e-16
1.685,1.2044061959e-08,2.66281444886e-08,1.5183318397e-08,5.38554264141e-08,-9.96120743123e-14,1.18585527952e-15,2.77212877219e-14
1.6855,1.04347087242e-08,2.37970674507e-08,1.3330725977e-08,4.75622799864e-08,-2.28720387863e-13,6.55489071086e-15,1.35525271561e-20
1.686,8.41783504802e-09,1.99437465167e-08,1.09223535888e-08,3.92836374886e-08,-3.11619448544e-13,1.39546286266e-14,1.35525271561e-20
1.6865,6.40209133359e-09,1.57833310209e-08,8.43753361528e-09,3.06226394101e-08,-3.36485797358e-13,1.99388937029e-14,6.45171104583e-14
1.687,4.65733200004e-09,1.19139539594e-08,6.22325951579e-09,2.27942549339e-08,-3.12856654884e-13,2.23267076147e-14,9.29420860478e-14
1.6875,3.28814942967e-09,8.68028439219e-09,4.44079730972e-09,1.6408990883e-08,-2.61328161118e-13,2.10915548886e-14,8.81210184575e-14
1.688,2.28405537051e-09,6.18221027862e-09,3.10603633546e-09,1.15721178024e-08,-2.01754176052e-13,1.75854969811e-14,7.67402634494e-14
1.6885,1.58114947501e-09,4.35960684029e-09,2.15653265392e-09,8.09715522287e-09,-1.47090581985e-13,1.33523230761e-14,5.00434349721e-14
1.689,1.10410879418e-09,3.08186861229e-09,1.50455964893e-09,5.69044346926e-09,-1.03029082366e-13,9.4499000351e-15,4.24736302715e-14
1.6895,7.86425526607e-10,2.20866765481e-09,1.06681095559e-09,4.06184014393e-09,-7.03407690105e-14,6.35064361014e-15,1.89416489221e-14
1.69,5.76671099545e-10,1.6195920412e-09,7.76149086562e-10,2.97236894376e-09,-4.74012543668e-14,4.11914502525e-15,1.16354950848e-14
1.6905,4.38009705985e-10,1.22274051937e-09,5.83253887057e-10,2.24397483743e-09,-3.18953834757e-14,2.621163379e-15,7.27430539849e-15
1.691,3.45311017616e-10,9.52737062557e-10,4.53943429234e-10,1.75197150339e-09,-2.16726442724e-14,1.66706638812e-15,4.65269776916e-15
1.6915,2.8196056851e-10,7.65065508968e-10,3.65399992326e-10,1.41241211008e-09,-1.50434490527e-14,1.08399145425e-15,3.0459067614e-15
1.692,2.37191124622e-10,6.30212906653e-10,3.02752066622e-10,1.17014604454e-09,-1.07937472522e-14,7.40554916804e-16,2.03566581181e-15
1.6925,2.04122299593e-10,5.28941677772e-10,2.56466285681e-10,9.89522717625e-10,-8.09283131672e-15,5.4751783513e-16,1.38285921342e-15
1.693,1.78433188103e-10,4.48922739208e-10,2.20546320317e-10,8.47896314333e-10,-6.38271398459e-15,4.49490150063e-16,9.49791596283e-16
1.6935,1.57524276407e-10,3.82537273579e-10,1.91381568662e-10,7.31438250686e-10,-5.2833098884e-15,4.15393084426e-16,6.55713615458e-16
1.694,1.40032382658e-10,3.2556338468e-10,1.67073453285e-10,6.32665130625e-10,-4.52070596422e-15,4.30737234877e-16,4.52168210101e-16
1.6945,1.25593520811e-10,2.76509368896e-10,1.47101832409e-10,5.49201339786e-10,-3.87472948762e-15,4.92416979368e-16,3.09006089488e-16
1.695,1.14790208265e-10,2.36433089922e-10,1.32244228682e-10,4.83464992811e-10,-3.13979371939e-15,6.0574473331e-16,2.06953865937e-16
1.6955,1.09253675601e-10,2.09159461491e-10,1.24703853734e-10,4.43115681295e-10,-2.09271012147e-15,7.83185671788e-16,1.33646552484e-16
1.696,1.11907402987e-10,2.01865791225e-10,1.28427560398e-10,4.42201335784e-10,-4.63002334281e-16,1.04417925591e-15,8.08484477825e-17
1.6965,1.27357415036e-10,2.26026254334e-10,1.49615711203e-10,5.03002891943e-10,2.09595704506e-15,1.41541610363e-15,4.31758104204e-17
1.697,1.62434949517e-10,2.98693107144e-10,1.97419370787e-10,6.58555392058e-10,6.03393987461e-15,1.93067785412e-15,1.43192613799e-16
1.6975,2.26859556258e-10,4.44009555299e-10,2.8477388889e-10,9.55657551528e-10,1.19223582646e-14,2.62875043903e-15,4.19728542287e-16
1.698,3.33936049145e-10,6.94629383423e-10,4.29225631181e-10,1.45781505667e-09,2.04460714855e-14,3.54694245106e-15,1.08613510167e-15
1.6985,5.01056564738e-10,1.09229733876e-09,6.53406328866e-10,2.24679727368e-09,3.23354289631e-14,4.70619046208e-15,2.60936292105e-15
1.699,7.49516733063e-10,1.68614064059e-09,9.84444740659e-10,3.42015637704e-09,4.81808159226e-14,6.08287907856e-15,5.97709138043e-15
1.6995,1.10268322353e-09,2.52628109667e-09,1.45104724843e-09,5.08008718534e-09,6.80548153393e-14,7.56480154435e-15,1.41339983337e-14
1.7,1.58093179343e-09,3.64962461597e-09,2.07635868876e-09,7.30701486981e-09,9.08805545185e-14,8.8991322448e-15,3.48709742451e-14
1.7005,2.19145128145e-09,5.05532185074e-09,2.86466368981e-09,1.01115600682e-08,1.13600381134e-13,9.6657655489e-15,6.90340051291e-14
1.701,2.91202604356e-09,6.67176002776e-09,3.78178447004e-09,1.33657103884e-08,1.30498560007e-13,9.34851175384e-15,1.35525271561e-20
1.7015,3.67237813447e-09,8.32696504419e-09,4.73464671119e-09,1.67341309556e-08,1.33486871421e-13,7.58887095015e-15,9.70235786786e-14
1.702,4.34552453061e-09,9.74714175554e-09,5.56492380437e-09,1.96577090753e-08,1.14384022669e-13,4.60620206733e-15,4.73362532982e-14
1.7025,4.76896836703e-09,1.06108075872e-08,6.07762003662e-09,2.1457466893e-08,6.93956003406e-14,1.50726508622e-15,6.07708192579e-15
1.703,4.80533002477e-09,1.06608323128e-08,6.11202095792e-09,2.15781870557e-08,3.75490700243e-15,5.30906053823e-18,1.35525271561e-19
1.7035,4.41610124742e-09,9.82644140369e-09,5.62425702937e-09,1.98667335614e-08,-6.75118969446e-14,1.39344804217e-15,4.26623390478e-15
1.704,3.69230227412e-09,8.27533266828e-09,4.7214353202e-09,1.66889505033e-08,-1.25226503188e-13,5.47400580788e-15,5.21190485518e-14
1.7045,2.81132874885e-09,6.35069106581e-09,3.61467213409e-09,1.27765471498e-08,-1.55298090558e-13,1.05168394785e-14,7.19141204377e-14
1.705,1.95389982531e-09,4.43084389669e-09,2.52535486554e-09,8.90995806684e-09,-1.54916705369e-13,1.44008684989e-14,2.71724273128e-14
1.7055,1.24171351174e-09,2.80018782278e-09,1.60963899775e-09,5.65142457069e-09,-1.31640060077e-13,1.588658901e-14,9.39459725562e-14
1.706,7.22619144485e-10,1.5938769574e-09,9.34821519964e-10,3.25123515759e-09,-9.74716995526e-14,1.50097378324e-14,3.86819126941e-14
1.7065,3.89010458111e-10,8.15890717036e-10,4.96895290714e-10,1.70174611312e-09,-6.29668284552e-14,1.26145199418e-14,1.04769488305e-14
1.707,2.04737225381e-10,3.92033727913e-10,2.52472287712e-10,8.49218498525e-10,-3.44218474946e-14,9.67942168704e-15,1.81737017471e-15
1.7075,1.26189882316e-10,2.21388403179e-10,1.46209829174e-10,4.93781029842e-10,-1.39944471448e-14,6.90962724999e-15,2.91978186149e-16
1.708,1.14250469405e-10,2.09581047048e-10,1.27400619902e-10,4.51235625761e-10,-1.16292117944e-15,4.65233129382e-15,1.22836718011e-16
1.7085,1.38949079156e-10,2.83464712957e-10,1.56886069085e-10,5.79308624224e-10,5.77806267802e-15,2.98497135652e-15,2.01204206291e-16
1.709,1.79843014769e-10,3.93371500159e-10,2.07910967198e-10,7.81136036862e-10,8.71576320892e-15,1.83898306659e-15,2.72946202857e-16
1.7095,2.24429604055e-10,5.09328683935e-10,2.64115744793e-10,9.97884361428e-10,9.23451355941e-15,1.09414576989e-15,3.21848803034e-16
1.71,2.65971982376e-10,6.15562142955e-10,3.16684232245e-10,1.19822746638e-09,8.47736446681e-15,6.31457810062e-16,3.4166090367e-16
1.7105,3.01494870659e-10,7.05446630681e-10,3.61710808658e-10,1.36865984603e-09,7.1813271096e-15,3.54720349248e-16,3.34915133278e-16
1.711,3.30247324918e-10,7.77660137243e-10,3.98183063848e-10,1.50609649465e-09,5.77417659584e-15,1.94479800303e-16,3.08916303995e-16
1.7115,3.52643289557e-10,8.33587317179e-10,4.26600613178e-10,1.61283579885e-09,4.47466828865e-15,1.04285807001e-16,2.71958562441e-16
1.712,3.69599387831e-10,8.75724362961e-10,4.48116091388e-10,1.69344327003e-09,3.37308571257e-15,5.4779238486e-17,2.31026542298e-16
1.7125,3.8215787609e-10,9.06788405364e-10,4.64048011939e-10,1.7529968095e-09,2.48790849312e-15,2.82141231308e-17,1.90951719497e-16
1.713,3.91295528219e-10,9.2927753246e-10,4.75634461752e-10,1.79620933875e-09,1.80207447188e-15,1.42515311046e-17,1.54559795951e-16
1.7135,3.97843915757e-10,9.45296144321e-10,4.83930364986e-10,1.82707171645e-09,1.28434526648e-15,7.05311417308e-18,1.23104380422e-16
1.714,4.0247079298e-10,9.56523259476e-10,4.89783225395e-10,1.84877818208e-09,9.0082871522e-16,3.41005891501e-18,9.68531353208e-17
1.7145,4.05691349306e-10,9.64249010009e-10,4.93847148313e-10,1.86378812971e-09,6.20485704982e-16,1.60038653337e-18,7.54740237321e-17
1.715,4.07891340227e-10,9.69436893097e-10,4.96612083935e-10,1.87394073519e-09,4.17220761105e-16,7.19560561434e-19,5.83775107248e-17
1.7155,4.09352565815e-10,9.72789645597e-10,4.98436106848e-10,1.88057858875e-09,2.70188916352e-16,3.01605507685e-19,4.48758055455e-17
1.716,4.10276197642e-10,9.74808531292e-10,4.99574985944e-10,1.88465987452e-09,1.63278025887e-16,1.10826757727e-19,5.38013203595e-14
1.7165,4.10802244243e-10,9.75842363586e-10,5.00206880041e-10,1.88685157117e-09,8.42932962481e-17,3.01829038971e-20,1.43475285634e-14
1.717,4.11024889352e-10,9.76125924582e-10,5.00451767944e-10,1.88760260589e-09,2.41102334204e-17,2.81163845693e-21,1.57211686703e-15
1.7175,4.11004057635e-10,9.75808838115e-10,5.00386137482e-10,1.88719900908e-09,-2.40859571366e-17,2.04158744838e-21,1.16460084577e-15
1.718,4.10773819193e-10,9.74976506831e-10,5.00053640963e-10,1.88580390101e-09,-6.54356515595e-17,1.63751806653e-20,8.64069151516e-15
1.7185,4.10348238623e-10,9.73664665735e-10,4.9947251781e-10,1.88348531687e-09,-1.03914904651e-16,4.22177723696e-20,2.18515560735e-14
1.719,4.09725206576e-10,9.71868911186e-10,4.98640459658e-10,1.88023443205e-09,-1.42737297162e-16,8.06164786918e-20,4.13425617661e-14
1.7195,4.08888683374e-10,9.69550282433e-10,4.97537462792e-10,1.87597623949e-09,-1.84669696894e-16,1.36147779592e-19,6.9409942068e-14
1.72,4.07809675974e-10,9.66637696707e-10,4.96127080579e-10,1.87057422119e-09,-2.32283752995e-16,2.17104506039e-19,1.40929341764e-17
1.7205,4.06446181925e-10,9.63027816676e-10,4.9435634478e-10,1.86383005555e-09,-2.88162225576e-16,3.36688383012e-19,1.40573587926e-17
1.721,4.04742237258e-10,9.58582686639e-10,4.92154593518e-10,1.85547916285e-09,-3.55075729588e-16,5.15293648613e-19,1.41014045059e-17
1.7215,4.02626177346e-10,9.5312539878e-10,4.89431266238e-10,1.84518240701e-09,-4.3614175805e-16,7.84227334268e-19,1.4243706041e-17
1.722,4.00008152777e-10,9.46433881004e-10,4.86072774868e-10,1.83251427487e-09,-5.34973997411e-16,1.19156816284e-18,1.45079803206e-17
1.7225,3.96776942913e-10,9.38232890189e-10,4.81938486364e-10,1.81694766545e-09,-6.55825601191e-16,1.81129505349e-18,1.49213323988e-17
1.723,3.92796118783e-10,9.28184304736e-10,4.76855887814e-10,1.79783551037e-09,-8.03724527688e-16,2.75748774383e-18,1.55328901867e-17
1.7235,3.87899664255e-10,9.1587593299e-10,4.70615076122e-10,1.77438969298e-09,-9.84591088478e-16,4.20643080737e-18,1.63833112658e-17
1.724,3.81887286215e-10,9.00809326686e-10,4.62962871163e-10,1.74565828518e-09,-1.20531563393e-15,6.4310596386e-18,1.75352760741e-17
1.7245,3.74519869327e-10,8.82387601743e-10,4.53597140592e-10,1.71050314776e-09,-1.47375489636e-15,9.85470497142e-18,1.90768760381e-17
1.725,3.65515920471e-10,8.59905168877e-10,4.42162425809e-10,1.66758173172e-09,-1.79857431693e-15,1.51350400306e-17,2.11046729138e-17
1.7255,3.54550501015e-10,8.32542799957e-10,4.28248799777e-10,1.61533993523e-09,-2.18881343566e-15,2.32953188032e-17,2.3735557248e-17
1.726,3.41259218462e-10,7.99373981456e-10,4.11397272121e-10,1.552027855e-09,-2.65297068625e-15,3.59296627399e-17,2.71084424439e-17
1.7265,3.25251589692e-10,7.59392634746e-10,3.91117306491e-10,1.47575838918e-09,-3.19727478626e-15,5.55242099964e-17,3.13453012461e-17
1.727,3.06140881193e-10,7.11578960887e-10,3.66925632925e-10,1.38464173836e-09,-3.82260456409e-15,8.59592267567e-17,3.65325310151e-17
1.7275,2.83601972114e-10,6.55030867027e-10,3.38421302435e-10,1.27704975567e-09,-4.51919522678e-15,1.33292868947e-16,4.26108394446e-17
1.728,2.57475777075e-10,5.89205399468e-10,3.05421026757e-10,1.15209715251e-09,-5.25776445394e-15,2.06980590323e-16,4.92431074216e-17
1.7285,2.2794964735e-10,5.14341166346e-10,2.6819302456e-10,1.01047818509e-09,-5.97492000812e-15,3.21761260721e-16,5.55602791422e-17
1.729,1.95859663098e-10,4.32173636739e-10,2.27849168252e-10,8.55876419076e-10,-6.5495561477e-15,5.00545291206e-16,5.98310192623e-17
1.7295,1.63186750614e-10,3.47115373508e-10,1.86988342476e-10,6.97284479928e-10,-6.76543001367e-15,7.7876219201e-16,5.93888680638e-17
1.73,1.33853212016e-10,2.68158981717e-10,1.50729747643e-10,5.52736899231e-10,-6.25285994776e-15,1.21071840144e-15,5.12742924291e-17
1.7305,1.14972322634e-10,2.11870974114e-10,1.28332830403e-10,4.55173604646e-10,-4.40089850871e-15,1.87839544401e-15,3.93429863341e-17
1.731,1.18772161137e-10,2.06944178596e-10,1.35672804185e-10,4.61391814171e-10,-2.32161161795e-16,2.90241598164e-15,3.46665174323e-17
1.7315,1.65461406099e-10,3.00776810456e-10,1.98874159771e-10,6.65124588961e-10,7.76003077376e-15,4.45260820306e-15,8.61788261195e-17
1.732,2.87243277659e-10,5.68197578558e-10,3.59269676638e-10,1.21473906597e-09,2.17836443609e-14,6.74949815979e-15,5.93448223505e-16
1.7325,5.33365477455e-10,1.12111532409e-09,6.79296011895e-10,2.33383166728e-09,4.48194471436e-14,1.0034660807e-14,4.64532688845e-15
1.733,9.75145265778e-10,2.11428159922e-09,1.24741885848e-09,4.33694048895e-09,8.03045360727e-14,1.4463092013e-14,2.78657746021e-14
1.7335,1.70706316968e-09,3.73504399335e-09,2.17638589325e-09,7.6186437396e-09,1.30838114687e-13,1.98481138313e-14,1.26648705087e-14
1.734,2.83341210034e-09,6.15398321804e-09,3.58178909063e-09,1.25694046369e-08,1.95024297556e-13,2.52194089782e-14,5.01860041697e-14
1.7345,4.41949470798e-09,9.40717339938e-09,5.51899967731e-09,1.93459581472e-08,2.61973184241e-13,2.83893001514e-14,1.35525271561e-20
1.735,6.38287162963e-09,1.32083315721e-08,7.86011448823e-09,2.7451649707e-08,3.05704633984e-13,2.63124687466e-14,1.35525271561e-20
1.7355,8.34676802327e-09,1.67885363573e-08,1.014848579e-08,3.52840950763e-08,2.87473078448e-13,1.74326549138e-14,6.77626357803e-21
1.736,9.6173325343e-09,1.89932974287e-08,1.16019794872e-08,4.02127914969e-08,1.7654352997e-13,5.50316870805e-15,1.35525271561e-20
1.7365,9.52114401921e-09,1.88094390056e-08,1.14845422838e-08,3.98151099139e-08,-1.54336268865e-14,3.89542835728e-17,1.88109076926e-17
1.737,7.97023759055e-09,1.60676942785e-08,9.69298332477e-09,3.37307032768e-08,-2.20683435019e-13,8.76640339855e-15,1.35525271561e-20
1.7375,5.6074932902e-09,1.16755416322e-08,6.91776480569e-09,2.4200475144e-08,-3.53056897525e-13,2.84728014497e-14,2.03287907341e-20
1.738,3.29548513715e-09,7.07567279662e-09,4.13134182553e-09,1.45021769597e-08,-3.69774669491e-13,4.69846025106e-14,4.99055481727e-14
1.7385,1.57487041594e-09,3.42852305751e-09,1.99978545809e-09,7.00294019665e-09,-2.93392831215e-13,5.46586122818e-14,5.3441409284e-15
1.739,5.67931177789e-10,1.20160705383e-09,7.2186308926e-10,2.49127279127e-09,-1.7939525372e-13,5.08657448798e-14,2.60127206234e-15
1.7395,1.56402133777e-10,2.83248063611e-10,1.86403203241e-10,6.26019839852e-10,-7.42648919665e-14,4.07048367966e-14,4.41984841196e-14
1.74,1.53349746008e-10,2.99274788393e-10,1.70394531293e-10,6.23049326065e-10,8.68793008143e-16,2.93916921642e-14,5.08451516567e-15
1.7405,3.89325948634e-10,8.59334102934e-10,4.5913068853e-10,1.70785522247e-09,4.46647978084e-14,1.98184049686e-14,1.76239993872e-14
1.741,7.39485957146e-10,1.66711284049e-09,8.9200421159e-10,3.29868046625e-09,6.46521565822e-14,1.28069704536e-14,2.69328457377e-14
1.7415,1.12422182199e-09,2.53745575676e-09,1.36721276792e-09,5.02896820093e-09,6.97517442875e-14,8.10619615749e-15,2.269229726e-14
1.742,1.50003228026e-09,3.37417363271e-09,1.83005354481e-09,6.70433169347e-09,6.71098137426e-14,5.1317185277e-15,1.85098349137e-14
1.7425,1.84851889308e-09,4.14027037747e-09,2.25799717636e-09,8.24685124286e-09,6.14828695635e-14,3.32193483342e-15,3.0621674223e-14
1.743,2.16682418178e-09,4.83322261428e-09,2.64796795985e-09,9.64807263696e-09,5.56424427575e-14,2.25129027872e-15,4.5329293433e-14
1.7435,2.46056195549e-09,5.46796349393e-09,3.0072244573e-09,1.09358025165e-08,5.09934282121e-14,1.63358355263e-15,6.23771460916e-14
1.744,2.73915262165e-09,6.06641682142e-09,3.34751239004e-09,1.21531312006e-08,4.80999835745e-14,1.28999131509e-15,8.19796568954e-14
1.7445,3.0130078061e-09,6.65157670315e-09,3.68162214795e-09,1.33462548121e-08,4.70505154447e-14,1.11384980031e-15,9.95141401466e-14
1.745,3.2919344817e-09,7.244353205e-09,4.02148052934e-09,1.45578169381e-08,4.76797483295e-14,1.04251638539e-15,1.9557448651e-15
1.7455,3.58422622324e-09,7.86188482689e-09,4.37708694298e-09,1.5823248717e-08,4.96865112274e-14,1.03766400986e-15,2.15155177745e-15
1.746,3.89604967205e-09,8.51646445866e-09,4.75580945112e-09,1.7168377337e-08,5.26829517233e-14,1.07249900674e-15,2.53917438291e-15
1.7465,4.2308699995e-09,9.21457344315e-09,5.16173508512e-09,1.86072358546e-08,5.62032141047e-14,1.12405252379e-15,3.0714431107e-15
1.747,4.58877831124e-09,9.95578990046e-09,5.59491783158e-09,2.01395469052e-08,5.96931781465e-14,1.16924168317e-15,3.64966845808e-15
1.7475,4.96570446149e-09,1.07315692087e-08,6.05050929844e-09,2.1747846652e-08,6.24999960734e-14,1.18407791823e-15,4.09564824546e-15
1.748,5.35262871414e-09,1.15241208559e-08,6.51790428352e-09,2.33947188783e-08,6.38795634488e-14,1.14585983758e-15,4.17446296714e-15
1.7485,5.73505235315e-09,1.23058229256e-08,6.98019221616e-09,2.50211315718e-08,6.30394360454e-14,1.03814166053e-15,3.70037523843e-15
1.749,6.09311943696e-09,1.3039776552e-08,7.41434251355e-09,2.65472985898e-08,5.9230275605e-14,8.57539330287e-16,2.69899933566e-15
1.7495,6.40282672116e-09,1.36821113036e-08,7.79259181062e-09,2.7877582342e-08,5.18867356547e-14,6.20112644398e-16,1.49155725748e-15
1.75,6.63861472503e-09,1.41863958052e-08,8.08534141101e-09,2.89103931023e-08,4.07973928607e-14,3.63775982088e-16,5.38048880623e-16
1.7505,6.77723278126e-09,1.45099343782e-08,8.26544896062e-09,2.95526425209e-08,2.62577088418e-14,1.43146029456e-16,8.85860937556e-17
1.751,6.80218187381e-09,1.46209477572e-08,8.31317937909e-09,2.97363181685e-08,9.1428347851e-15,1.55818804506e-17,1.3891340335e-18
1.7515,6.70752106397e-09,1.45049523635e-08,8.22052872897e-09,2.94329930228e-08,-9.15537966022e-15,2.17571798941e-17,2.75116301268e-18
1.752,6.49973424959e-09,1.4168473356e-08,7.9935143805e-09,2.86616952123e-08,-2.69424109831e-14,1.68597039453e-16,1.27901975035e-16
1.7525,6.1968918777e-09,1.36388054632e-08,7.65154930347e-09,2.74872045276e-08,-4.25400016622e-14,4.23287131801e-16,7.32100740707e-16
1.753,5.82531808094e-09,1.29597385688e-08,7.224021596e-09,2.60090243549e-08,-5.46129016487e-14,7.22495205335e-16,1.94730164068e-15
1.7535,5.41487428897e-09,1.21844688173e-08,6.74517822487e-09,2.43444599262e-08,-6.2397558424e-14,9.93163949249e-16,3.31995580116e-15
1.754,4.99431871062e-09,1.13677055143e-08,6.24886160141e-09,2.26108212327e-08,-6.57682772504e-14,1.17537089595e-15,4.14269584349e-15
1.7545,4.58789581637e-09,1.05589411553e-08,5.7644158104e-09,2.09111888752e-08,-6.51439040395e-14,1.23765199675e-15,4.05567506662e-15
1.755,4.21363777061e-09,9.79812401343e-09,5.31441286419e-09,1.93261145175e-08,-6.1293828971e-14,1.18027132945e-15,6.82268979269e-14
1.7555,3.88322244332e-09,9.1140103311e-09,4.91415267212e-09,1.79113313426e-08,-5.5121291374e-14,1.02818265121e-15,4.36016511524e-14
1.756,3.60287697242e-09,8.52471248227e-09,4.5724485147e-09,1.66999912957e-08,-4.74856786231e-14,8.19089307626e-16,2.83445616696e-14
1.7565,3.37476115544e-09,8.039604767e-09,4.29308597522e-09,1.57074133922e-08,-3.90926211129e-14,5.92029498055e-16,1.90259862986e-14
1.757,3.19839569021e-09,7.66176295172e-09,4.07644180641e-09,1.49365703738e-08,-3.04507428764e-14,3.7967002146e-16,1.33886771028e-14
1.7575,3.071884544e-09,7.3903348497e-09,3.92093668996e-09,1.43831344087e-08,-2.18771805553e-14,2.04956461876e-16,1.00263222204e-14
1.758,2.99283586937e-09,7.22250671806e-09,3.82417254514e-09,1.40395016813e-08,-1.35302218896e-14,8.11343227526e-17,8.09926127901e-15
1.7585,2.95898310952e-09,7.15494536158e-09,3.78372717119e-09,1.38976502024e-08,-5.45165727025e-15,1.36204377269e-17,7.16482808413e-15
1.759,2.96855194937e-09,7.18472612709e-09,3.79764213903e-09,1.39509226079e-08,2.39170176013e-15,2.39724972811e-18,7.01794579481e-15
1.7595,3.02042618806e-09,7.30981120056e-09,3.86465815855e-09,1.41949056613e-08,1.00717224681e-14,4.40714737761e-17,7.51320257094e-15
1.76,3.11415321165e-09,7.52914486937e-09,3.98424363547e-09,1.46275595159e-08,1.7668042322e-14,1.33185862185e-16,8.70980940365e-15
1.7605,3.24980916765e-09,7.84240709537e-09,4.15644106662e-09,1.52486828306e-08,2.52405137863e-14,2.62684803207e-16,1.07921213199e-14
1.761,3.42772160797e-09,8.24943341666e-09,4.38153149639e-09,1.60587197439e-08,3.28023047278e-14,4.23620821902e-16,1.40867745528e-14
1.7615,3.64802893913e-09,8.74928216727e-09,4.65949703147e-09,1.70568490292e-08,4.02914398329e-14,6.0431364402e-16,1.90919261195e-14
1.762,3.91004719091e-09,9.33892276496e-09,4.98925269345e-09,1.82382709721e-08,4.7540196694e-14,7.89305127068e-16,2.6502515731e-14
1.7625,4.21142243354e-09,1.00115475284e-08,5.36763044156e-09,1.95906555965e-08,5.42446381782e-14,9.58638568243e-16,3.71993085749e-14
1.763,4.54708415109e-09,1.07545910468e-08,5.7881433124e-09,2.10898795236e-08,5.99408334096e-14,1.08821651212e-15,5.21419997565e-14
1.7635,4.90809378624e-09,1.15476886558e-08,6.23964907788e-09,2.26954966481e-08,6.39996506415e-14,1.15214654629e-15,7.20796713332e-14
1.764,5.28060923359e-09,1.23610127996e-08,6.70517427083e-09,2.43468630548e-08,6.56568576536e-14,1.12783041688e-15,9.70016439134e-14
1.7645,5.64534138607e-09,1.31546452667e-08,7.16132737258e-09,2.59613791248e-08,6.40963073289e-14,1.00376819327e-15,3.82249706063e-15
1.765,5.9779985086e-09,1.38797671338e-08,7.57885306653e-09,2.74366780934e-08,5.85964007312e-14,7.88453217172e-16,2.6263577901e-15
1.7655,6.25118237393e-09,1.44823195946e-08,7.92483638242e-09,2.86583875971e-08,4.87297148817e-14,5.16682670331e-16,1.22753369969e-15
1.766,6.4378936823e-09,1.49092724871e-08,8.16672709049e-09,2.95139280825e-08,3.45743558769e-14,2.48340531359e-16,2.97816784255e-16
1.7665,6.51619976127e-09,1.51167430203e-08,8.27770083512e-09,2.99106605375e-08,1.68647726534e-14,5.60204775233e-17,1.45621904292e-17
1.767,6.47391416334e-09,1.50782118421e-08,8.24210578384e-09,2.97942287932e-08,-2.99883802576e-15,2.7024383409e-18,6.09863722023e-20
1.7675,6.31174556863e-09,1.47904945879e-08,8.05928935125e-09,2.91615064942e-08,-2.31309168999e-14,1.17350166118e-16,8.22706161009e-17
1.768,6.04367088991e-09,1.42754251941e-08,7.74436683953e-09,2.80634217642e-08,-4.15072430363e-14,3.80236076828e-16,8.17210407959e-14
1.7685,5.694270176e-09,1.35764677607e-08,7.32551519517e-09,2.65961974635e-08,-5.63760295425e-14,7.26815189136e-16,5.01912218926e-14
1.769,5.29393311343e-09,1.27511886249e-08,6.83866581586e-09,2.48837220193e-08,-6.65940860064e-14,1.06957872613e-15,2.75227499754e-14
1.7695,4.87354866293e-09,1.1861850802e-08,6.3213309318e-09,2.30566599392e-08,-7.1779684095e-14,1.32759115325e-15,1.30909145286e-14
1.77,4.46019562758e-09,1.09667194477e-08,5.80732003228e-09,2.12341642991e-08,-7.22553385417e-14,1.45017032338e-15,7.21987844943e-15
1.7705,4.07466311083e-09,1.01139714251e-08,5.32342821538e-09,1.9511995338e-08,-6.88369083246e-14,1.4260375276e-15,9.2500673462e-15
1.771,3.73082894181e-09,9.3388982981e-09,4.88829078835e-09,1.79579567371e-08,-6.25667486877e-14,1.27780545953e-15,1.09870337654e-14
1.7715,3.43639417676e-09,8.66400786826e-09,4.51294025497e-09,1.66132888669e-08,-5.447890525e-14,1.04797200556e-15,1.15160295579e-14
1.772,3.19431639725e-09,8.10103742423e-09,4.20234188075e-09,1.54976510397e-08,-4.54443360735e-14,7.83918055477e-16,1.11031043843e-14
1.7725,3.00439511649e-09,7.65381500288e-09,3.95724691051e-09,1.46154214524e-08,-3.6102340958e-14,5.26954619098e-16,1.00801393057e-14
1.773,2.86467399188e-09,7.32115098437e-09,3.77591842133e-09,1.39617168445e-08,-2.6858209653e-14,3.06984849313e-16,8.72893879574e-15
1.7735,2.77251856935e-09,7.09928668295e-09,3.6555115151e-09,1.35272989884e-08,-1.79191604059e-14,1.41842365323e-16,7.24776277406e-15
1.774,2.7253569636e-09,6.98371959541e-09,3.5930554362e-09,1.33021226883e-08,-9.34483654975e-15,3.93820242702e-17,5.75989858023e-15
1.7745,2.72113311256e-09,6.97041016958e-09,3.58607582982e-09,1.32776180139e-08,-1.09734266031e-15,5.22809395256e-19,4.3366867172e-15
1.775,2.75853740806e-09,7.0564575882e-09,3.63292644013e-09,1.34479283733e-08,6.91581269884e-15,2.20350259495e-17,3.02207125427e-15
1.7755,2.83706916065e-09,7.24034230306e-09,3.73289445252e-09,1.38103208208e-08,1.48067276581e-14,9.84709882131e-17,2.0726015305e-15
1.776,2.95696197794e-09,7.52180440664e-09,3.88611947632e-09,1.43649087613e-08,2.26777248807e-14,2.2306400032e-16,1.33119020364e-15
1.7765,3.11897746171e-09,7.90138257744e-09,4.09333655376e-09,1.51137275744e-08,3.05939731801e-14,3.87657783538e-16,6.57324672124e-16
1.777,3.32404846495e-09,8.37959559718e-09,4.35542535461e-09,1.60591085532e-08,3.85546708938e-14,5.81851517555e-16,6.27597203807e-16
1.7775,3.57273425644e-09,8.95572103873e-09,4.67272675132e-09,1.72012292984e-08,4.64605265661e-14,7.91651618119e-16,1.29654316797e-15
1.778,3.86444425377e-09,9.62612813082e-09,5.04408354421e-09,1.85347110036e-08,5.40777229499e-14,9.98087775228e-16,2.32999112625e-15
1.7785,4.19640417913e-09,1.03821749388e-08,5.46558597851e-09,2.00442272731e-08,6.10026177111e-14,1.17651442751e-15,5.0893466416e-15
1.779,4.56239570884e-09,1.12078060191e-08,5.92907285343e-09,2.16993425109e-08,6.6637316697e-14,1.29762532474e-15,1.01635551104e-14
1.7795,4.95141489105e-09,1.20771990132e-08,6.42057172795e-09,2.34492571467e-08,7.01932451413e-14,1.33135484926e-15,1.75697604794e-14
1.78,5.34656843363e-09,1.29530875763e-08,6.91905579042e-09,2.52187837834e-08,7.07452794637e-14,1.25444477745e-15,2.70897128514e-14
1.7805,5.72472251927e-09,1.37866487696e-08,7.39610483117e-09,2.69075445139e-08,6.73576453479e-14,1.06108229356e-15,3.96218702379e-14
1.781,6.05753034852e-09,1.45199177425e-08,7.81716773155e-09,2.83946758508e-08,5.92879026963e-14,7.73575646299e-16,5.25231510303e-14
1.7815,6.31432579118e-09,1.50913674603e-08,8.14495892286e-09,2.95506988252e-08,4.62431106333e-14,4.4740811709e-16,6.20474740923e-14
1.782,6.4668435795e-09,1.54444344849e-08,8.34493994931e-09,3.02562467558e-08,2.86191392965e-14,1.64327027451e-16,6.46338587035e-14
1.7825,6.4948731281e-09,1.55375214965e-08,8.39190496968e-09,3.04243071894e-08,7.62180574276e-15,1.07515640944e-17,5.86549309557e-14
1.783,6.39115955582e-09,1.53528759062e-08,8.27580667308e-09,3.00198273309e-08,-1.48224402679e-14,4.68126163672e-17,4.57277783889e-14
1.7835,6.16370742771e-09,1.49014479175e-08,8.00473526996e-09,2.90698544854e-08,-3.63911662704e-14,2.7950688911e-16,3.00819414409e-14
1.784,5.83444573852e-09,1.42218212876e-08,7.60377336892e-09,2.76599861943e-08,-5.4846253182e-14,6.54885784016e-16,1.84055312766e-14
1.7845,5.43465869079e-09,1.33733161616e-08,7.11001158261e-09,2.59179189993e-08,-6.85070054952e-14,1.07547656956e-15,9.21580655755e-15
1.785,4.99884400553e-09,1.24254192981e-08,6.5654661122e-09,2.39896543e-08,-7.65487155383e-14,1.43507117762e-15,9.14410013637e-15
1.7855,4.55902044595e-09,1.14467508535e-08,6.01018629699e-09,2.20158802074e-08,-7.90407152134e-14,1.65373218168e-15,1.0523672862e-14
1.786,4.14091571469e-09,1.04964110488e-08,5.47732080966e-09,2.01145725147e-08,-7.67535263924e-14,1.69775759947e-15,1.01283524211e-14
1.7865,3.76245208839e-09,9.6191872093e-09,4.9908225587e-09,1.83723925869e-08,-7.08458519722e-14,1.57963918105e-15,1.26079973285e-14
1.787,3.43411466587e-09,8.84458357601e-09,4.56547834502e-09,1.68441153721e-08,-6.25547072582e-14,1.34345440333e-15,1.35598116394e-14
1.7875,3.16042265536e-09,8.18862750638e-09,4.20843027144e-09,1.55574285047e-08,-5.29705219457e-14,1.04556636993e-15,1.3276001392e-14
1.788,2.94176852559e-09,7.65710013097e-09,3.92131460191e-09,1.45201410719e-08,-4.29219048028e-14,7.38721997118e-16,1.2183586388e-14
1.7885,2.77613281731e-09,7.249053615e-09,3.70237705414e-09,1.37275309938e-08,-3.29526168435e-14,4.630986417e-16,1.06585137309e-14
1.789,2.66044157796e-09,6.95990507014e-09,3.54822030906e-09,1.31685438422e-08,-2.33560097332e-14,2.43922989321e-16,8.96593183811e-15
1.7895,2.59151938946e-09,6.78380257043e-09,3.45507599257e-09,1.28303838092e-08,-1.4234060513e-14,9.33701050129e-17,7.26646526153e-15
1.79,2.56668879993e-09,6.71523413204e-09,3.41963253635e-09,1.27015499217e-08,-5.55867574197e-15,1.42743174283e-17,5.64579307784e-15
1.7905,2.58409867826e-09,6.74998605829e-09,3.43950647506e-09,1.27735939892e-08,2.7756471139e-15,3.87453522583e-18,4.14598910758e-15
1.791,2.64285782752e-09,6.88558884761e-09,3.5134477948e-09,1.30419054354e-08,1.09104090543e-14,5.66515878197e-17,3.15901954118e-15
1.7915,2.7430248155e-09,7.12136188881e-09,3.6413445215e-09,1.35057503813e-08,1.89907230318e-14,1.65935948004e-16,2.6767393098e-15
1.792,2.88547480791e-09,7.45811476315e-09,3.82405652688e-09,1.4167673559e-08,2.71376262044e-14,3.24309022403e-16,2.09145309578e-15
1.7925,3.07163409903e-09,7.89750480149e-09,4.06307223508e-09,1.50322470784e-08,3.54203698211e-14,5.22967576216e-16,1.42079273693e-15
1.793,3.30304631453e-09,8.44100110686e-09,4.35995012299e-09,1.61040421191e-08,4.38246837891e-14,7.50290522828e-16,1.07395646196e-15
1.7935,3.58071416257e-09,9.08837800866e-09,4.71548496255e-09,1.73846303382e-08,5.22147959205e-14,9.89955039298e-16,2.11205971332e-15
1.794,3.90415623526e-09,9.83567406919e-09,5.12853749235e-09,1.88684293053e-08,6.02902082947e-14,1.21918030452e-15,3.66362756105e-15
1.7945,4.27014597463e-09,1.06726328741e-08,5.59450375123e-09,2.05373515493e-08,6.75436843135e-14,1.40805338543e-15,7.31040255457e-15
1.795,4.67118121171e-09,1.15798199527e-08,6.10349992715e-09,2.23545758423e-08,7.32347684153e-14,1.52131226362e-15,1.40733236696e-14
1.7955,5.0938918255e-09,1.25259003764e-08,6.63852251045e-09,2.42583926283e-08,7.64022598242e-14,1.5240987612e-15,2.3767541212e-14
1.796,5.51782872781e-09,1.34659274165e-08,7.1741045165e-09,2.6157937981e-08,7.59452573816e-14,1.39248090591e-15,3.59111069874e-14
1.7965,5.91532550718e-09,1.43418011092e-08,7.6762514142e-09,2.79334499297e-08,7.07979232977e-14,1.12739599778e-15,4.8595154322e-14
1.797,6.25322190735e-09,1.50860617724e-08,8.10452929958e-09,2.94438739107e-08,6.01988813588e-14,7.67158742133e-16,5.83197363015e-14
1.7975,6.4969525887e-09,1.56296066764e-08,8.41684970294e-09,3.05434533275e-08,4.40090910717e-14,3.9045224203e-16,6.09786404856e-14
1.798,6.61668945486e-09,1.59126487743e-08,8.57660205829e-09,3.11059633253e-08,2.29757322105e-14,1.02074995099e-16,5.4126265915e-14
1.7985,6.59407494121e-09,1.58965942298e-08,8.56052757846e-09,3.10511955254e-08,-1.191252142e-15,5.27601123728e-19,4.4194459019e-14
1.799,6.42723612819e-09,1.55733110138e-08,8.36477059597e-09,3.03652918248e-08,-2.60285883256e-14,1.38294475701e-16,3.11167378756e-14
1.7995,6.13197355799e-09,1.49684163542e-08,8.0066860349e-09,2.91070276258e-08,-4.88035873488e-14,4.94682396092e-16,1.88111719669e-14
