time_s,input_normalized,partition_minus1unused_0train_1val_2test,target_x,target_y,target_z,pred_x,pred_y,pred_z,input_only_x,input_only_y,input_only_z
0,-1.01158133767,-1,-5.93448834153,-8.91691087939,17.8878050763,191.174144902,372.153324591,69.3337565193,-0.91235691018,1.11244747898,22.618962048
0.0005,-0.987173112569,-1,-6.57346973117,-9.97989194093,18.1097210837,180.454975999,355.539551545,76.8745261881,-0.811094054556,1.16408901324,22.6482489185
0.001,-0.975615814229,-1,-7.29590453728,-11.1086050952,18.5939878018,170.261721334,339.392851359,83.4528438613,-0.763146076836,1.18854128766,22.6621162562
0.0015,-0.975941362878,-1,-8.09523554068,-12.2639809281,19.3815440483,160.58205085,323.927359591,89.2811536609,-0.764496686546,1.18785251034,22.6617256378
0.002,-0.987417080245,-1,-8.95690401476,-13.3836821599,20.5077046008,151.402570079,309.310888483,94.5337236799,-0.812106207773,1.16357284031,22.6479561872
0.0025,-1.00957919917,-1,-9.85522707404,-14.3788554268,21.9911747039,142.709471975,295.676655898,99.3558463818,-0.904050601116,1.11668348972,22.6213643681
0.003,-1.04223432151,-1,-10.7506851924,-15.1361310439,23.8188963791,134.489126454,283.133486729,103.871619247,-1.03952751206,1.0475936394,22.5821822344
0.0035,-1.08543504298,-1,-11.588875859,-15.5289335368,25.929320057,126.728626582,271.774426425,108.190532111,-1.2187551455,0.956192010288,22.5303466778
0.004,-1.13943088545,-1,-12.3028252042,-15.4409063525,28.2003988804,119.558515012,261.153461877,111.244782233,-1.44276869741,0.841950678221,22.4655583026
0.0045,-1.20459044611,-1,-12.8201527948,-14.7993508955,30.4516233839,112.799581554,250.656576729,112.867110524,-1.71309737379,0.704089786225,22.3873748375
0.005,-1.28128550744,-1,-13.0752020983,-13.6085144343,32.4679399536,106.450726005,240.270108239,113.012103624,-2.0312835955,0.541822738078,22.2953501892
0.0055,-1.36972337669,-1,-13.023705645,-11.9661886159,34.0443878306,100.523971347,230.080352197,112.085499064,-2.39818742195,0.3547109249,22.1892356146
0.006,-1.46971157034,-1,-12.6550815664,-10.0499805413,35.0366622277,95.0488603452,220.313174729,111.117090031,-2.81301029319,0.143161592376,22.0692620701
0.0065,-1.58034254006,-1,-11.9971071615,-8.07427900634,35.3949098368,90.0356271863,211.007450781,110.204923886,-3.27198704667,-0.0909051203681,21.9365185023
0.007,-1.69960129327,-1,-11.1105486324,-6.23623372682,35.1650701907,85.4965001521,202.217239101,109.459511251,-3.76675804532,-0.343226006636,21.7934226546
0.0075,-1.82393320426,-1,-10.0758665028,-4.67469682231,34.4603564847,81.4428148373,194.009801146,108.998456915,-4.28257614767,-0.606280391579,21.6442396411
0.008,-1.94786859468,-1,-8.97730243919,-3.45578963718,33.4203555049,77.8791299862,186.455717914,108.932231905,-4.79674919775,-0.86849584084,21.4955324034
0.0085,-2.06387791479,-1,-7.88963762651,-2.58265228461,32.176408939,74.7938004873,179.60777989,109.338180168,-5.27803921315,-1.11394176141,21.3563354761
0.009,-2.16269168288,-1,-6.87046278737,-2.01738767855,30.8325519254,72.0730352991,173.080560941,109.408873851,-5.68798972331,-1.32300631114,21.237771098
0.0095,-2.2342921247,-1,-5.95801257965,-1.70347574939,29.4611250809,69.6311223409,166.743092191,108.925679705,-5.98503980265,-1.47449445311,21.1518593671
0.01,-2.26959208387,-1,-5.17295654295,-1.58231425216,28.1072501257,67.4110791471,160.699995332,108.217180743,-6.13148939716,-1.54918009876,21.1095037542
0.0105,-2.26246474545,-1,-4.52219101023,-1.60267678461,26.796433815,65.3458732987,155.027867292,107.56855962,-6.10192007623,-1.53410048155,21.1180556844
0.011,-2.21144553175,-1,-4.00310331765,-1.72458459959,25.5417788637,63.3794978981,149.81034071,107.240496409,-5.89025571927,-1.42615693133,21.1792724709
0.0115,-2.12037894463,-1,-3.60741021803,-1.91971849565,24.3494236053,61.4822785004,145.168521526,107.504096272,-5.51244608229,-1.23348342641,21.2885411839
0.012,-1.99767529698,-1,-3.32419279869,-2.17011372384,23.2221225563,59.5216061288,140.581182477,107.235382994,-5.00338318625,-0.973874028434,21.4357704816
0.0125,-1.85447068355,-1,-3.14207649714,-2.46626067599,22.1614028304,57.4678340178,135.985610589,106.261710151,-4.40926755369,-0.670889853205,21.6075984188
0.013,-1.70242452603,-1,-3.05066668046,-2.80521743777,21.168811093,55.3326474335,131.484563657,104.783518689,-3.77847084338,-0.349199241919,21.7900351223
0.0135,-1.55188687336,-1,-3.0414056071,-3.18899905192,20.2466674323,53.1324141112,127.17213803,103.020561479,-3.15393249509,-0.0307002393945,21.9706618053
0.014,-1.41082853797,-1,-3.10801421079,-3.62331000613,19.3986117599,50.8825609308,123.110932749,101.155877801,-2.568721166,0.267742962845,22.1399144726
0.0145,-1.28454136673,-1,-3.2466535234,-4.1165793059,18.6301226013,48.6143099478,119.489540959,100.076923597,-2.04479123926,0.534934176189,22.2914435582
0.015,-1.17588611596,-1,-3.45590282103,-4.67919941865,17.9491180181,46.3591465271,116.483862768,100.693585328,-1.59401118758,0.764820775166,22.4218165061
0.0155,-1.08581726884,-1,-3.73661241016,-5.3228326642,17.3667051849,44.0370442193,113.720419198,102.612894363,-1.22034089303,0.955383318545,22.5298880537
0.016,-1.01397322106,-1,-4.09165045467,-6.0596127002,16.8981134987,41.7081589431,109.959397543,103.865524083,-0.922280161129,1.10738686815,22.6160920819
0.0165,-0.959207534338,-1,-4.52552442537,-6.90102327349,16.5638077064,39.4020347455,105.591387991,104.643910324,-0.695072742093,1.2232569929,22.6818041756
0.017,-0.920008982536,-1,-5.04381644896,-7.85617741313,16.3907095207,37.1335240216,100.927870356,105.120371383,-0.532448984095,1.30619105908,22.7288376205
0.0175,-0.894803275569,-1,-5.65232657477,-8.92915612002,16.4133280723,34.9145529642,96.2151715038,105.42444911,-0.427877600674,1.35951986011,22.7590813712
0.018,-0.882151749957,-1,-6.35577113999,-10.115029465,16.6743727363,32.7547944386,91.6461277632,105.653321927,-0.375389982002,1.38628723835,22.7742616471
0.0185,-0.880869976172,-1,-7.15584690905,-11.3942545828,17.224059966,30.6622491627,87.3716557397,105.880471053,-0.370072263354,1.38899914242,22.7757996182
0.019,-0.890088903483,-1,-8.04847627058,-12.7254784635,18.1168323521,28.6437535192,83.5115277433,106.162832996,-0.408318997868,1.36949426041,22.7647380383
0.0195,-0.909277201609,-1,-9.02015568419,-14.0376058039,19.4037165302,26.7054266424,80.1639834607,106.54670553,-0.487925845759,1.32889675072,22.7417144387
0.02,-0.938238236039,-1,-10.043634359,-15.2235601667,21.1184730179,24.8530689211,77.4140433882,107.072674762,-0.608077025794,1.26762264145,22.7069647565
0.0205,-0.977089692973,-1,-11.0737520716,-16.140397376,23.2568728747,23.0925261752,75.3405318792,107.779822445,-0.769260784886,1.18542293885,22.6603477828
0.021,-1.02622853906,-1,-12.0451558329,-16.6223151029,25.7519459133,21.4300368662,74.0218795046,108.709459276,-0.973124025939,1.08145776344,22.6013872064
0.0215,-1.08627862834,-1,-12.8744657402,-16.512102624,28.4541161673,19.8816541708,73.5435358399,109.879735538,-1.22225494372,0.954407200365,22.529334479
0.022,-1.15801255199,-1,-13.4694384009,-15.709394982,31.1310515369,18.5283359871,72.9187033161,109.743384541,-1.51985880161,0.802636645129,22.4432625863
0.0225,-1.24223306266,-1,-13.7457109056,-14.2205466695,33.500984002,17.2723793159,71.7765126493,108.16389908,-1.86926599439,0.624447679342,22.3422083237
0.023,-1.33959292242,-1,-13.6476146143,-12.1831819351,35.2986954763,16.1338705821,70.1434696082,105.132097987,-2.27318464814,0.418459226154,22.2253884569
0.0235,-1.45032697102,-1,-13.1653829193,-9.84298128861,36.3497834779,15.1723340344,68.3905439969,102.237107797,-2.73258904689,0.184174424973,22.0925212071
0.024,-1.5738708489,-1,-12.3405721183,-7.48611010604,36.6157491419,14.4141211052,66.58486692,99.589935819,-3.24513782164,-0.0772126843219,21.9442837364
0.0245,-1.70835560593,-1,-11.25651998,-5.35983931579,36.1868614902,13.8871715532,64.8117654625,97.3276674767,-3.80307722444,-0.361747883402,21.7829185553
0.025,-1.85000961134,-1,-10.018159603,-3.6196673205,35.2323279514,13.6183297012,63.1743629471,95.6064170351,-4.39075982079,-0.661451370385,21.6129511572
0.0255,-1.99258248914,-1,-8.72992339802,-2.31956863254,33.9393260715,13.6272204927,61.7838227953,94.5784949633,-4.98225456003,-0.963098955301,21.4418812251
0.026,-2.12702909467,-1,-7.47926621944,-1.43520889039,32.4686561001,13.882685011,60.5626232454,93.9871905823,-5.54003568295,-1.24755343558,21.2805618212
0.0265,-2.24180927817,-1,-6.32878530453,-0.898755785332,30.9361703543,14.2458516539,58.9786694174,92.6271845434,-6.01622635649,-1.49039881882,21.1428397067
0.027,-2.32415614339,-1,-5.31579771523,-0.628881661531,29.4140019096,14.694760802,57.2303104125,90.8420797768,-6.3578603217,-1.66462363215,21.0440335884
0.0275,-2.36239348809,-1,-4.45642377467,-0.549707795127,27.9410761773,15.1819079743,55.4704809235,88.9017273395,-6.51649630197,-1.74552403101,20.9981534739
0.028,-2.34881652462,-1,-3.75136747429,-0.599570130758,26.5349544491,15.6526965584,53.8252097834,87.0174310461,-6.46016930212,-1.716798664,21.0144441615
0.0285,-2.282073511,-1,-3.19155251102,-0.733053493621,25.2012498756,16.0709577097,52.4419552934,85.4185174156,-6.18327132513,-1.57558759231,21.0945275756
0.029,-2.16791602385,-1,-2.76273797464,-0.91954518434,23.9398288888,16.4328262572,51.5221314665,84.4282498375,-5.70966404345,-1.33405967458,21.2315025309
0.0295,-2.0178783814,-1,-2.44888855741,-1.14048427858,22.7483738881,16.6579864581,50.7700335803,83.3507321053,-5.08720009683,-1.01661856524,21.4115292631
0.03,-1.84648379169,-1,-2.23441192738,-1.386489291,21.624201673,16.667151227,49.8365154168,81.4355076379,-4.37613218748,-0.653991641722,21.6171817075
0.0305,-1.66818616533,-1,-2.10550319647,-1.65488986817,20.5650949754,16.482030954,48.866555749,79.0277479615,-3.63642552209,-0.276759665921,21.8311169474
0.031,-1.49508964353,-1,-2.05085054989,-1.94782475991,19.569659207,16.1237007938,47.9736445547,76.445802912,-2.91829677555,0.0894681086955,22.0388115011
0.0315,-1.33585796264,-1,-2.06192092563,-2.27089279737,18.6375077936,15.6100414733,47.2230657239,73.9178821953,-2.25768935133,0.426361441593,22.2298699496
0.032,-1.19565597018,-1,-2.1329946663,-2.63227084183,17.7694416801,15.0058870656,47.0771674909,73.6545989393,-1.67603074799,0.722992842184,22.3980951106
0.0325,-1.07671479063,-1,-2.26106921471,-3.042189591,16.9677125396,14.2383365566,47.0525584887,75.1148130182,-1.18257727304,0.974641824178,22.5408099089
0.033,-0.979131859543,-1,-2.44570991212,-3.51265463196,16.2364254156,13.3675725537,45.5172043405,75.7928377957,-0.777733159164,1.18110223898,22.6578974339
0.0335,-0.901650976171,-1,-2.68889134504,-4.05729893449,15.5821276872,12.4208754655,42.9626789433,75.9645317359,-0.456286783011,1.3450318847,22.750864972
0.034,-0.842301135131,-1,-2.99484343473,-4.69124278966,15.0146345494,11.3837666669,39.9088843252,75.6239636468,-0.210060998054,1.47060090239,22.8220774875
0.0345,-0.798862978441,-1,-3.3698890936,-5.43080873613,14.54814622,10.2347520122,36.7997431141,74.6917766003,-0.0298483127164,1.56250488343,22.8741979373
0.035,-0.769178457933,-1,-3.82223027327,-6.29288309635,14.2027066971,9.02379395186,33.7516079481,73.4670485032,0.0933044074112,1.62530970339,22.9098157139
0.0355,-0.751336915637,-1,-4.36160125367,-7.29362359062,14.0060186171,7.79061673333,30.848330055,72.1748130776,0.167323944442,1.6630578237,22.931223372
0.036,-0.743772746022,-1,-4.99865644597,-8.44608025234,13.9955289841,6.56682387737,28.1494399876,70.9835432392,0.198705555049,1.6790616635,22.9402994459
0.0365,-0.745304935312,-1,-5.74389091393,-9.75613907347,14.220477597,5.37783901523,25.6973439378,70.020157203,0.192348932959,1.67581994456,22.9384610071
0.037,-0.755141857462,-1,-6.60580867939,-11.2160783442,14.7431667533,4.24462605421,23.523426282,69.3826891481,0.151538311808,1.65500754422,22.9266579094
0.0375,-0.772867945185,-1,-7.58798001606,-12.7951180671,15.6379716889,3.18518016831,21.6531021641,69.1508775443,0.0779977633017,1.61750369613,22.9053887826
0.038,-0.79842303978,-1,-8.68463105295,-14.4270039314,16.9855539012,2.21580598486,20.1099519408,69.3949982222,-0.0280231310425,1.56343568063,22.8747258096
0.0385,-0.83208043281,-1,-9.87462889776,-15.9964865709,18.8586784458,1.35221413048,18.9191094725,70.1833080851,-0.167658180997,1.49222528298,22.8343410743
0.039,-0.874425564208,-1,-11.1143924869,-17.3301132257,21.2960530466,0.585801495608,18.194262305,71.4495484297,-0.34333621206,1.40263386267,22.7835321205
0.0395,-0.926333553206,-1,-12.3315986013,-18.201664669,24.2639188204,-0.136115379353,18.2104050825,72.8826437548,-0.558687847592,1.29280989222,22.7212489129
0.04,-0.988939586422,-1,-13.4234459807,-18.3656252858,27.6142739212,-0.803300708028,19.0435752677,74.5302540231,-0.818422657354,1.16035160834,22.6461293669
0.0405,-1.06359093154,-1,-14.2646205891,-17.6259860487,31.0626512863,-1.4044188773,20.786221141,76.4518893704,-1.12813007574,1.00240853871,22.556556927
0.041,-1.15176220651,-1,-14.7286794075,-15.9256444786,34.2167534416,-1.83551145697,22.5904085099,77.2020582646,-1.49392787753,0.815860770559,22.4507622327
0.0415,-1.25490597487,-1,-14.7203200404,-13.4111921893,36.671126388,-2.20425139403,23.6140877706,76.1003996969,-1.92184234004,0.597635052557,22.3270023864
0.042,-1.37419923111,-1,-14.2068708103,-10.4196666971,38.1372009453,-2.46942300832,24.0201015121,73.6833650029,-2.41675648208,0.345241166726,22.1838651393
0.0425,-1.51013611701,-1,-13.232899034,-7.37530368004,38.5369842153,-2.56598087184,24.1674175462,71.3760740463,-2.9807203588,0.0576336359971,22.020757582
0.043,-1.66191750312,-1,-11.9089082614,-4.65059290702,38.003153827,-2.45520986902,24.1648919952,69.3559365268,-3.61041860704,-0.26349678699,21.8386385717
0.0435,-1.82661850305,-1,-10.3799193155,-2.4704687078,36.7949121705,-2.09547571955,24.1506283003,67.8436520779,-4.29371669648,-0.611961794002,21.6410176125
0.044,-1.99820730356,-1,-8.78984771276,-0.897005311212,35.1915148416,-1.44752818224,24.2889824262,67.0876548923,-5.00559033179,-0.974999617687,21.4351321391
0.0445,-2.16667404914,-1,-7.25577348895,0.126142522435,33.4192692053,-0.570445413201,24.3116528382,66.4050275111,-5.70451143999,-1.33143197515,21.2329927479
0.045,-2.31779058767,-1,-5.85708380958,0.712870711676,31.6272362298,0.421616761392,23.8001614612,64.7934427613,-6.33145142275,-1.65115575144,21.051671473
0.0455,-2.43421289863,-1,-4.63663277095,0.987173824904,29.8963931212,1.51011801606,23.0172732575,62.7048328725,-6.8144548209,-1.89747545454,20.9119790074
0.046,-2.49844070521,-1,-3.60827427277,1.05716253314,28.261071502,2.62915529524,22.1397134077,60.4522255465,-7.08091791186,-2.03336499425,20.8349135327
0.0465,-2.49728373158,-1,-2.76604778288,1.00596019788,26.7291370556,3.69123274228,21.2742226681,58.2023065101,-7.07611795394,-2.03091713527,20.8363017589
0.047,-2.42622007212,-1,-2.09235561312,0.892105366428,25.2960703058,4.63590430321,20.5531063247,56.1153195543,-6.78129483349,-1.88056468686,20.9215694169
0.0475,-2.29141804188,-1,-1.56415318095,0.75387815941,23.9530755692,5.46118167583,20.2208662123,54.5304791085,-6.22203915349,-1.5953582192,21.0833152869
0.048,-2.10817182417,-1,-1.15712554698,0.61444042844,22.6910012411,6.21128596416,20.6160545191,54.0106280868,-5.46180217549,-1.20765629531,21.3031882283
0.0485,-1.89655294656,-1,-0.84821504956,0.486426263582,21.5018353722,6.68600957605,20.741057451,52.4268535114,-4.58385501779,-0.759925111521,21.5571048748
0.049,-1.67647995729,-1,-0.616947352303,0.375562821306,20.379009002,6.90994579146,20.7574677405,50.1845986596,-3.67083413043,-0.294307199177,21.8211654163
0.0495,-1.46415725458,-1,-0.445953064106,0.283323607883,19.3172210283,6.9128186994,20.83503007,47.7644180144,-2.7899670005,0.154913097722,22.0759265664
0.05,-1.27057237559,-1,-0.320992762219,0.208768739702,18.3121392953,6.73802578404,21.2611865312,46.4151315976,-1.98683782694,0.56448897305,22.3082046309
0.0505,-1.10165651805,-1,-0.230705372607,0.149758239858,17.360124987,6.4404248348,22.3985625954,47.888163196,-1.28605347965,0.921871536042,22.5108829012
0.051,-0.95932712336,-1,-0.166227365151,0.103708445293,16.458023531,5.91198042084,21.4071168821,48.7063462091,-0.695568883287,1.22300397325,22.6816606834
0.0515,-0.842759227328,-1,-0.120775475981,0.0680305795239,15.60302113,5.21970046886,18.9414807255,48.6273107274,-0.211961493638,1.46963169698,22.8215278332
0.052,-0.749517231565,-1,-0.0892467374144,0.0403579787126,14.7925520173,4.25918228684,16.0044784694,47.1791658329,0.174873301462,1.66690780775,22.9334067693
0.0525,-0.676411663246,-1,-0.0678633236099,0.0186395786568,14.024240491,3.11156778612,12.82340215,44.8799667286,0.478167727005,1.82158041076,23.021124467
0.053,-0.620077226502,-1,-0.0538729528785,0.00115375023455,13.2958650901,2.30472459468,10.5237996371,42.3047214641,0.711883448299,1.94076960757,23.088718868
0.0535,-0.577322638301,-1,-0.0453056075412,-0.0135215022122,12.6053361778,1.91667771832,9.35160594028,39.968591095,0.889260200383,2.03122733328,23.1400191195
0.054,-0.545314159332,-1,-0.0407819728434,-0.0265592092999,11.9506813717,1.68461267469,8.6242232868,37.7872608927,1.02205437003,2.09894905236,23.1784253606
0.0545,-0.52164778853,-1,-0.0393666258321,-0.0389415006437,11.3300354882,1.55884524156,8.20955431493,35.782730008,1.12023948099,2.14902101349,23.2068220972
0.055,-0.50435272639,-1,-0.0404584525669,-0.0515178600872,10.7416330907,1.50226300933,8.00713795884,33.9643037953,1.19199182567,2.18561292218,23.2275740463
0.0555,-0.491856549683,-1,-0.0437112370816,-0.0650604221408,10.183802602,1.48830273682,7.94618583972,32.350951679,1.24383494547,2.21205162204,23.2425679226
0.056,-0.482932506377,-1,-0.0489783282858,-0.080315677596,9.65496144556,1.5014456746,8.00059484569,31.0594563525,1.28085828925,2.23093260524,23.2532756779
0.0565,-0.476641762551,-1,-0.0562764340036,-0.098053461258,9.15361198522,1.52638300038,8.11746297521,30.0272011924,1.30695681469,2.24424220319,23.2608237974
0.057,-0.472278044758,-1,-0.065764736388,-0.119114973272,8.67833821959,1.55265464266,8.25923348272,29.2046071964,1.32506065153,2.25347470908,23.2660597225
0.0575,-0.469318485083,-1,-0.0777365833119,-0.144462112299,8.2278033305,1.57334756284,8.39986955556,28.5523261452,1.33733903158,2.25973637709,23.2696108304
0.058,-0.467382155484,-1,-0.0926219564639,-0.175230763653,7.80074832498,1.58409192959,8.52187440113,28.0390129871,1.34537231806,2.26383315311,23.2719341879
0.0585,-0.466196396745,-1,-0.110999752985,-0.212791017641,7.39599218312,1.58229855429,8.61399480776,27.6395694437,1.3502916973,2.266341914,23.2733569527
0.059,-0.465570305563,-1,-0.133619666343,-0.258817681157,7.01243417084,1.56658651505,8.66946625594,27.3337644903,1.35288917339,2.26766656212,23.2741081851
0.0595,-0.465374415235,-1,-0.161434145816,-0.315374951591,6.64905934506,1.53635721725,8.6846799157,27.1051521442,1.35370186722,2.26808101573,23.2743432295
0.06,-0.465525528916,-1,-0.195641588474,-0.385019793119,6.30494884372,1.49147869901,8.65817339563,26.9402211338,1.35307493909,2.267761298,23.2741619116
0.0605,-0.465975728775,-1,-0.237742609742,-0.470929427662,5.97929742374,1.43205102545,8.58986641669,26.8277235031,1.3512071866,2.26680879074,23.2736217271
0.061,-0.466704717648,-1,-0.28961198448,-0.57705945175,5.67144205702,1.35822960775,8.4804788842,26.7581398458,1.34818281696,2.26526643755,23.2727470301
0.0615,-0.467714807973,-1,-0.353589682258,-0.708340421965,5.38090748306,1.27008823525,8.33108217791,26.7232474447,1.34399223651,2.2631293459,23.2715350458
0.062,-0.469028031268,-1,-0.432595362215,-0.870922279101,5.10747785331,1.16750740417,8.14274489876,26.7157644593,1.33854404271,2.26035090275,23.2699593392
0.0625,-0.470684988184,-1,-0.530271750242,-1.07247757675,4.85130862043,1.05007648698,7.9162424367,26.7290483902,1.33166979485,2.25684520756,23.2679711946
0.063,-0.472745190102,-1,-0.651163459638,-1.32257582557,4.613100591,0.917000166224,7.65180542121,26.7568310389,1.32312259699,2.25248634953,23.2654992054
0.0635,-0.475288758964,-1,-0.800938918128,-1.63314165637,4.39437004151,0.76700090216,7.34888631475,26.7929747643,1.31257004573,2.24710481122,23.2624472354
0.064,-0.478419455683,-1,-0.986663841221,-2.0190074765,4.19786717647,0.598209790214,7.00592594583,26.8312365758,1.29958166626,2.24048106119,23.2586907841
0.0645,-0.48226910348,-1,-1.21713451808,-2.49856388678,4.02822312589,0.408038216146,6.6201030892,26.8650274445,1.28361056113,2.23233619536,23.2540716798
0.065,-0.487003565845,-1,-1.50327676197,-3.09449252156,3.89294738336,0.193022236013,6.18705038132,26.8871542882,1.26396860941,2.22231928919,23.2483909068
0.0655,-0.492830534634,-1,-1.85860915771,-3.83452495225,3.80395812104,-0.0511433787378,5.70220569257,26.8965646348,1.23979415606,2.20999092008,23.2413992604
0.066,-0.500009487035,-1,-2.29975223814,-4.7520867193,3.7799112581,-0.326796850291,5.18314706632,26.9928390662,1.21001070324,2.19480210095,23.2327853997
0.0665,-0.508864285254,-1,-2.84692904385,-5.88651884603,3.84969792611,-0.640785839423,4.62298876001,27.1835434204,1.17327463784,2.17606762256,23.2221607301
0.067,-0.519799023116,-1,-3.5243300041,-7.28225339366,4.05757953223,-1.00176985531,4.01268299029,27.4793213936,1.12790948831,2.15293252619,23.2090403885
0.0675,-0.533317870102,-1,-4.3600764951,-8.98574888086,4.47044149038,-1.42064739462,3.34055232312,27.8945603801,1.07182359739,2.12433011873,23.1928194335
0.068,-0.550049820927,-1,-5.38526594801,-11.038029686,5.1873478752,-1.91108932085,2.5917134819,28.448245949,1.00240744305,2.08892960893,23.1727431487
0.0685,-0.570779411224,-1,-6.6311571119,-13.4592460153,6.35045628918,-2.49020331422,1.74737076527,29.1650577655,0.916406207768,2.04507112094,23.1478701879
0.069,-0.596484567481,-1,-8.12292368179,-16.2201049335,8.15339846971,-3.19764594965,0.744081192354,30.0740682897,0.809762749829,1.99068561351,23.1170271594
0.0695,-0.628382735278,-1,-9.86770335283,-19.1949636807,10.8369612856,-4.21758634743,-0.928486894374,31.0318951172,0.677426230184,1.92319728454,23.0787532781
0.07,-0.66798609582,-1,-11.8345614392,-22.0975139215,14.6516323546,-5.43752276569,-2.82628757443,32.4919217406,0.513123034666,1.83940674705,23.0312341125
0.0705,-0.717165681431,-1,-13.9262655097,-24.421139989,19.7574077359,-6.47670621027,-4.18950112071,34.6477715529,0.309090776805,1.73535537728,22.9722246536
0.071,-0.778221847856,-1,-15.9504657684,-25.4481979209,26.044073918,-7.31768865793,-4.97525009896,37.608122936,0.0557859281118,1.6061762134,22.8989647573
0.0715,-0.853953553953,-1,-17.6122307891,-24.4298793554,32.9276535527,-7.93662291376,-5.11850250346,41.5220321455,-0.258403603878,1.44594737747,22.808096017
0.072,-0.947708862833,-1,-18.5611015497,-20.9777192631,39.3097551538,-8.465541225,-3.96894303002,45.6670693883,-0.647367990614,1.24758522799,22.6956011683
0.0725,-1.06337989817,-1,-18.5071097187,-15.4675765603,43.918107084,-8.89734459806,-1.28416931286,50.1129647172,-1.12725455767,1.00285503112,22.5568101411
0.073,-1.20527068289,-1,-17.3574155265,-9.04220980618,45.9450858213,-9.10297762256,1.27517498109,52.3024028792,-1.71591948471,0.702650579946,22.3865586369
0.0735,-1.37770756703,-1,-15.2743366958,-3.05963215526,45.4728762738,-9.17552373177,2.89881563671,52.0388671108,-2.43131158029,0.337818429154,22.1796555674
0.074,-1.58417470207,-1,-12.6027977399,1.56834853525,43.2924732338,-8.98661583195,4.20330538662,51.7229617481,-3.28788560817,-0.0990129907518,21.9319203789
0.0745,-1.8256599768,-1,-9.72606649408,4.61206048921,40.356521105,-8.42881624744,5.45696190578,51.7782575309,-4.28974004086,-0.60993379868,21.6421677262
0.075,-2.09788189295,-1,-6.94995920233,6.31960926337,37.3673123335,-7.35668739175,7.08432785181,52.8194346436,-5.41911214725,-1.18588544417,21.3155348812
0.0755,-2.38738304918,-1,-4.46040455783,7.1027133812,34.6822159794,-5.95618237089,7.81580268344,51.7442622594,-6.62017095701,-1.7983955229,20.9681690716
0.076,-2.6675413773,-1,-2.3365273016,7.33677652294,32.4074447128,-4.07914993357,8.41159012834,49.6687057856,-7.78246900271,-2.39113857736,20.6320135076
0.0765,-2.89753705481,-1,-0.584444869115,7.29394641401,30.5210989195,-1.74581584721,9.48148661764,47.8145309259,-8.73665633059,-2.87775034906,20.3560469596
0.077,-3.02886499271,-1,0.830620770969,7.14802706938,28.9574783829,0.701137036822,10.915289317,46.6964197194,-9.28149897937,-3.15560652978,20.1984695735
0.0775,-3.02139228292,-1,1.96149780866,7.00099039034,27.6491547973,2.73749805279,11.9091744283,45.6177679113,-9.25049680983,-3.13979619548,20.2074359069
0.078,-2.86226948796,-1,2.86523954302,6.90835583191,26.5424071805,4.09072333681,11.9529756061,43.5653349304,-8.59034112268,-2.80313323724,20.3983637057
0.0785,-2.57396210332,-1,3.59576448278,6.89750657374,25.5998210851,4.92897496911,11.6346946901,40.8377052151,-7.39423493524,-2.19314887253,20.7442971361
0.079,-2.20420921738,-1,4.20050942715,6.97943312943,24.7980821196,5.59631931801,12.227078857,39.2537879247,-5.86023428777,-1.410846749,21.1879551589
0.0795,-1.80605680494,-1,4.71935063127,7.15578937999,24.1247133922,5.95849284059,12.8803873086,36.8809669819,-4.20841199863,-0.568458522744,21.6656891233
0.08,-1.42183119574,-1,5.18469282485,7.42289219816,23.5751676635,5.9848171686,13.5477398497,33.9219389675,-2.61436809611,0.244464165395,22.1267126354
0.0805,-1.07726574874,-1,5.62207102439,7.77376627807,23.1506026751,5.74862533574,15.0622337018,35.0736112218,-1.18486304317,0.973476138343,22.5401488269
0.081,-0.783311680372,-1,6.05088707705,8.19892005367,22.8562344072,5.08143996246,12.5134531638,33.4845997572,0.0346696456647,1.59540743529,22.8928575838
0.0815,-0.540815670948,-1,6.4850695443,8.68628235558,22.7000210858,5.02093751058,10.985964038,29.2918592722,1.04071733212,2.10846669819,23.1838229939
0.082,-0.344964286087,-1,6.9335478269,9.22059780258,22.691404661,5.996181339,11.8250810126,26.6059994268,1.85324960058,2.52283791772,23.4188205868
0.0825,-0.188445869085,-1,7.40050013478,9.78253687005,22.8398534531,7.56940853361,13.855567027,25.5105556901,2.50260045664,2.85399068122,23.6066234521
0.083,-0.0633639893344,-1,7.88539007487,10.3478013871,23.1529929663,8.85088501728,15.1520319408,26.4214700445,3.02152996827,3.1186318074,23.756706336
0.0835,0.0377439148324,-1,8.38286106134,10.8865782282,23.6341958737,10.0182764095,16.1022879061,28.4407869419,3.44099820327,3.33255015975,23.8780233954
0.084,0.121443307629,-1,8.88261745661,11.3637812786,24.2796560337,10.9382722108,16.0377315189,30.2739836213,3.78824342467,3.50963657398,23.9784523807
0.0845,0.193253240308,-1,9.36948311798,11.7405654555,25.075219379,11.9656132597,16.5230161509,31.7674330931,4.08616262263,3.66156794479,24.0646154749
0.085,0.257658671735,-1,9.82387553665,11.9775066361,25.9935751534,13.0498922019,17.4003139097,32.9987403235,4.35336262908,3.79783329305,24.1418940776
0.0855,0.318193761883,-1,10.2229359787,12.0395203041,26.9927386571,13.8078256495,18.0328089816,35.0303037643,4.60450567897,3.92590999339,24.2145287464
0.086,0.377543812781,-1,10.5424740997,11.9020013274,28.016901316,14.2559481798,18.2146477019,37.0283382156,4.85073233457,4.05147945508,24.2857415137
0.0865,0.437636599353,-1,10.7596937817,11.5569246109,29.0004565387,14.3935973202,18.038216433,38.7712469038,5.10004039142,4.17862035467,24.3578454725
0.087,0.499707990418,-1,10.856385322,11.0170778439,29.8751984204,14.1942204613,17.1425353946,40.2534978164,5.35755712138,4.3099474731,24.4323235136
0.0875,0.564336268832,-1,10.8219864756,10.3166400084,30.5794949908,13.6269101218,15.4603361689,41.3547725728,5.62568165726,4.44668430833,24.5098695053
0.088,0.631447195408,-1,10.6557716695,9.50722995246,31.0671814334,12.8086577274,13.0558976795,41.793646597,5.90410600155,4.58867378933,24.5903943697
0.0885,0.700299394817,-1,10.3675439904,8.65009535462,31.3136553917,12.2371869629,11.467245899,41.7666987634,6.18975439671,4.73434735634,24.6730085475
0.089,0.769467904981,-1,9.97658345976,7.80656337126,31.3174991592,11.8871168178,10.6151330187,41.2783204068,6.47671507614,4.88069015565,24.7560022593
0.0895,0.836852280178,-1,9.5091048018,7.02944018696,31.097548798,11.6105357459,10.3696749753,40.5915653021,6.7562738818,5.02325818369,24.8368552284
0.09,0.899742214006,-1,8.99487934439,6.35745101938,30.6868436805,11.2914783388,10.3389050982,39.7742951445,7.01718651529,5.15631712833,24.9123154202
0.0905,0.95497395591,-1,8.46381668596,5.81347760776,30.1255938556,10.9232741523,10.4600108475,38.828946698,7.24632746607,5.27317330612,24.9785867229
0.091,0.999199454542,-1,7.94316601268,5.40603641825,29.4550406533,10.5058198353,10.6747511149,37.765061505,7.42980661151,5.36674310046,25.0316518862
0.0915,1.02926362566,-1,7.4556967384,5.13270474284,28.7132438805,10.0463725033,10.9318527738,36.5997098276,7.55453439514,5.43035116357,25.0677251968
0.092,1.04264616533,-1,7.01890395835,4.98414074804,27.932948592,9.55931418912,11.1887271664,35.3557866681,7.61005478537,5.45866517977,25.0837825998
0.0925,1.03788521183,-1,6.64506127514,4.9477142468,27.1411143358,9.06460931529,11.4118235476,34.0584744549,7.5903029294,5.44859222517,25.0780700407
0.093,1.01488034263,-1,6.34184326388,5.01025078044,26.3594938775,8.58513823637,11.5755780875,32.7311162882,7.49486220241,5.3999198315,25.0504670248
0.0935,0.974988348567,-1,6.11323893057,5.15978246168,25.6057118299,8.14357314341,11.660671996,31.3921655556,7.32936154765,5.31551861963,25.0026015344
0.094,0.920877670463,-1,5.96053240857,5.38642560706,24.8944644166,7.75966332993,11.6526516044,30.0544010853,7.10487157502,5.20103432486,24.9376753706
0.0945,0.856176542854,-1,5.88319908767,5.68258912877,24.2386320873,7.44857319301,11.541624798,28.7264712027,6.83644480834,5.06414335944,24.8600419688
0.095,0.78500545007,-1,5.87963027244,6.04271194294,23.6502185208,7.17517653373,11.1020710095,27.4063534784,6.54117597728,4.91356360973,24.7746454039
0.0955,0.711504013703,-1,5.94764709149,6.46268070914,23.1410954298,6.75251305896,10.1760860067,26.4595319726,6.23623920664,4.75805345163,24.6864527132
0.096,0.639443642436,-1,6.0847936592,6.93902330344,22.7235536229,6.19459223669,8.79302737749,25.8805950887,5.93728100947,4.60559221709,24.5999891234
0.0965,0.571975724524,-1,6.2884139744,7.46792642715,22.4106514188,5.94522105929,8.37045102301,25.8627556957,5.65737560861,4.46284743413,24.5190359133
0.097,0.51152165904,-1,6.55552199091,8.04409711314,22.2163233163,6.07828153369,8.78440783826,26.064925802,5.40656870724,4.33494216117,24.4464984641
0.0975,0.45978016723,-1,6.88247538483,8.65948405276,22.155173282,6.47127686966,9.68368187996,26.2840835307,5.19190782168,4.225470456,24.3844150327
0.098,0.417813444458,-1,7.26446658084,9.30190232206,22.2418365301,7.01808414141,10.7193003913,26.5067972377,5.01779970149,4.13667965114,24.3340601228
0.0985,0.386173586917,-1,7.69485562558,9.95367148901,22.4897642038,7.66132827803,11.733330924,26.8286887271,4.88653483839,4.06973784031,24.2960961821
0.099,0.365038324379,-1,8.1643945688,10.5904862941,22.9092893312,8.34503996911,12.6973254354,27.2102121703,4.79885058318,4.02502105407,24.2707364644
0.0995,0.354335048457,-1,8.66043684373,11.1808826583,23.5049041675,9.02262501688,13.568846131,27.6487154356,4.75444570409,4.0023756717,24.2578938487
0.1,0.35384110854,0,9.16628772488,11.6868036271,24.2718596165,9.65813194227,14.2907771234,28.1898927142,4.7523964864,4.00133062172,24.2573011815
0.1005,0.363254939127,0,9.66092288359,12.0658307795,25.1925135144,10.2191238555,14.8092333668,28.8655313872,4.79145181975,4.021247869,24.2685966213
0.101,0.382236634713,0,10.1193541952,12.2755042028,26.2332762109,10.6722218639,15.0841639146,29.6569127768,4.87020153186,4.06140826079,24.2913723233
0.1015,0.410418592913,0,10.5139096955,12.2796853913,27.3433902089,10.9780711497,15.1010328845,30.4530543145,4.9871205439,4.12103404488,24.3251872097
0.102,0.447387531639,0,10.8165660639,12.0561034753,28.4568705976,11.11042405,14.8070166114,31.2733052973,5.14049426483,4.19925082254,24.369545393
0.1025,0.492639337046,0,11.0022018545,11.6032852198,29.4984240397,11.019740282,13.9662243453,32.0774985364,5.3282312682,4.29499201838,24.4238419983
0.103,0.545508619307,0,11.0522738929,10.9445009843,30.3929524708,10.6503456059,12.4805519323,32.7833023644,5.5475710389,4.40684983844,24.4872786397
0.1035,0.605076379312,0,10.9580975878,10.1267289972,31.0766841923,10.0319509876,10.2983044796,33.1254916425,5.79470090831,4.53287991668,24.5587526312
0.104,0.670062659575,0,10.7228231919,9.21413315426,31.5068645197,9.45075633826,8.17815324248,33.0516875305,6.06431069308,4.67037419186,24.6367281811
0.1045,0.738717118946,0,10.3614653519,8.27761192425,31.6670825824,9.11217892992,6.82128629944,32.6572031612,6.34913872047,4.81562939175,24.7191050951
0.105,0.80872913309,0,9.89890249512,7.3835126314,31.5668432507,8.94985768838,6.15763940961,32.0078390691,6.6395988605,4.9637568288,24.8031109081
0.1055,0.877188841312,0,9.36637487282,6.58473572284,31.236134351,8.75889663514,5.84660816676,31.3580579035,6.92361892019,5.10859998528,24.8852541447
0.106,0.940637775905,0,8.79739642221,5.91618823767,30.7173243336,8.51903044487,5.73275026111,30.653246588,7.18685069051,5.24284163194,24.9613850687
0.1065,0.995246013822,0,8.22401476277,5.39472778002,30.0570540554,8.22458472309,5.76104443286,29.8791182588,7.41340489876,5.35837863546,25.0269082432
0.107,1.03713500271,0,7.67406751995,5.02234473174,29.300012216,7.87852770064,5.88212791759,29.0311629955,7.58719052295,5.4470049754,25.0771698819
0.1075,1.06282782264,0,7.16967811974,4.79083162583,28.4852964256,7.49284034725,6.05456109611,28.1153749433,7.69378280094,5.50136438233,25.1079981084
0.108,1.06975801569,0,6.7268887058,4.68645040675,27.6451028511,7.08727030924,6.2453512491,27.1466484436,7.72253422124,5.51602689058,25.1163134884
0.1085,1.05672359577,0,6.35613093229,4.69371041404,26.8050242118,6.68642096769,6.42846314746,26.1450727749,7.66845808183,5.48844940634,25.1006737863
0.109,1.02416057186,0,6.06318504159,4.79794626591,25.9851999717,6.31584629225,6.58213782656,25.1313802631,7.53336326133,5.41955441263,25.0616021594
0.1095,0.974147037932,0,5.85032351968,4.98676355158,25.2017507766,5.99831579452,6.68658417428,24.1232955369,7.32587118663,5.31373862244,25.001592065
0.11,0.910126279099,0,5.71742172827,5.2505910476,24.4681641785,5.75131898642,6.72338858261,23.1340880501,7.0602670785,5.17828714258,24.9247750222
0.1105,0.836422085209,0,5.66290467945,5.58260421406,23.7964853419,5.58624973476,6.67692334531,22.1734742338,6.75448912396,5.02234800164,24.8363390473
0.111,0.757672934392,0,5.68446698488,5.97823655341,23.1982787723,5.37865784165,6.18617423499,21.3679978824,6.42778106316,4.85573502781,24.7418497441
0.1115,0.678314359866,0,5.77954703262,6.43442336459,22.6853751459,5.00573523205,5.18979000309,20.9801849054,6.09854467494,4.68783266996,24.6466292074
0.112,0.602199212939,0,5.94555951995,6.94865440849,22.2704210043,4.72040526086,4.50608544755,21.1296665047,5.78276435487,4.52679257173,24.5553003851
0.1125,0.532389474266,0,6.17989850193,7.51786099258,21.9672253773,4.82737956455,4.85111129295,21.7079497477,5.49314339884,4.37909309761,24.4715372779
0.113,0.471105447953,0,6.47972255209,8.13713530678,21.7908571469,5.26161564333,5.86076323419,22.3421654673,5.23889322361,4.24943184074,24.3980039777
0.1135,0.419790921379,0,6.84153076925,8.79828116068,21.7573970627,5.88876096507,7.11996790918,22.9744745818,5.02600369663,4.14086348433,24.3364328521
0.114,0.379245905828,0,7.26053958971,9.48823369761,21.8831964083,6.64162041707,8.39002021101,23.702923426,4.85779383953,4.05508064673,24.2877838162
0.1145,0.349784923476,0,7.72988261694,10.1874714918,22.1834550313,7.44807924274,9.66691759814,24.3829556475,4.73556851629,3.99274877609,24.2524342579
0.115,0.331390723829,0,8.23968634743,10.8686848405,22.6699328983,8.26497414206,10.8863054754,25.0810707294,4.65925615947,3.95383137479,24.2303634789
0.1155,0.323845321546,0,8.77612986407,11.4961502365,23.3476969405,9.05368820413,11.9850695113,25.8516448341,4.62795240924,3.93786724185,24.2213099234
0.116,0.326829640619,0,9.32067657652,12.0264469017,24.2110347191,9.7794437718,12.9039928977,26.7332746445,4.64033350906,3.94418129438,24.2248907395
0.1165,0.33998914255,0,9.84975746149,12.4112309429,25.2390759892,10.4110641172,13.5880242353,27.7514440734,4.6949285785,3.97202342002,24.2406805246
0.117,0.362966009931,0,10.3352517603,12.6025895663,26.3922117263,10.9206332389,13.9861774472,28.9209476908,4.79025313384,4.02063656904,24.2682499418
0.1175,0.395399568381,0,10.7460913454,12.5608661739,27.6108936669,11.2720577457,14.0780222654,30.1467810746,4.9248108386,4.0892576471,24.307166226
0.118,0.436896551825,0,11.0511401143,12.2637645403,28.8184675732,11.4304634879,13.8730962277,31.3187211421,5.09697014253,4.17705460421,24.3569575065
0.1185,0.486972419953,0,11.2231408485,11.7143366776,29.9289388482,11.3490351844,13.0805541217,32.4328820597,5.30472082428,4.28300227754,24.4170423942
0.119,0.544965106251,0,11.243052393,10.9448422694,30.8589001874,10.9627129201,11.5816903362,33.4001543311,5.54531615621,4.40569990443,24.4866264908
0.1195,0.609924270867,0,11.103719773,10.0141787136,31.5408383768,10.3133784883,9.32201062426,33.9030562367,5.81481344581,4.54313680987,24.5645695053
0.12,0.680483376959,0,10.8117784219,8.99873218483,31.9338311433,9.73902505153,7.24163270016,33.9268451333,6.10754331633,4.69242175294,24.6492317613
0.1205,0.75472954806,0,10.3871184226,7.9791578501,32.0282330393,9.4227906961,5.97085071342,33.5565766597,6.41556978176,4.84950757844,24.7383180422
0.121,0.830097237539,0,9.85999082155,7.02723479191,31.843248879,9.23092643039,5.40509296089,32.9929286541,6.72824911127,5.00896624872,24.8287500074
0.1215,0.903324387638,0,9.26657265317,6.19658681512,31.4190251122,8.99884509359,5.10491839993,32.3492454697,7.03204794539,5.16389608754,24.9166135883
0.122,0.970518960146,0,8.64417634999,5.51907386992,30.8065279926,8.71329927525,5.00879800783,31.6065056857,7.31081931311,5.30606254184,24.9972388176
0.1225,1.0273809879,0,8.02717943203,5.00635213533,30.0583876601,8.36935071202,5.05847061942,30.7552102937,7.54672386099,5.42636798569,25.0654662629
0.123,1.06960109568,0,7.44431090033,4.65465699001,29.2225832769,7.97196096596,5.20230423633,29.7982626574,7.72188320427,5.51569488814,25.1161252036
0.1235,1.09340676309,0,6.91742386494,4.45062601358,28.3393276449,7.5361517077,5.39746358308,28.7515516064,7.82064621764,5.56606156511,25.144689079
0.124,1.0961626095,0,6.46151168858,4.37656285694,27.4404975914,7.08510841592,5.60981304038,27.6413699899,7.83207944869,5.57189222819,25.147995756
0.1245,1.07687835455,0,6.08555576233,4.41435849821,26.55061237,6.64635717624,5.81155532604,26.4990729216,7.75207450294,5.5310916985,25.1248570199
0.125,1.03647237175,0,5.79379063855,4.54793618932,25.6884820954,6.24707331734,5.97797948921,25.3547997894,7.5844414536,5.4456030185,25.0763748062
0.1255,0.977697537135,0,5.58706107695,4.76444583703,24.8689495652,5.9100531869,6.08533868031,24.2327022019,7.34060120845,5.32125056669,25.0058522277
0.126,0.904740730232,0,5.4640593367,5.05455042707,24.1044379553,5.65151218306,6.11119456602,23.1493762713,7.03792395215,5.16689270463,24.9183130254
0.1265,0.822609013661,0,5.4223305132,5.41212107315,23.4062148496,5.4798117033,6.02225721839,22.1105207298,6.69718257815,4.99312309059,24.819765059
0.127,0.736466594217,0,5.45900390201,5.83357230679,22.7853857046,5.20295624306,5.38025007777,21.3527983343,6.33980192684,4.81086785954,24.716404742
0.1275,0.651071473725,0,5.5712491044,6.31697562291,22.2536623722,4.74570016202,4.18692516012,21.0577874118,5.98552160854,4.63019372111,24.613941092
0.128,0.570399873843,0,5.75647312922,6.86101025779,21.8239417486,4.58596255328,3.98092222269,21.4424384888,5.65083784769,4.4595133389,24.5171450861
0.1285,0.497476362293,0,6.0122768551,7.46375399864,21.510694389,4.8612953261,4.73620253929,22.0482152475,5.34829872444,4.30522592125,24.4296458341
0.129,0.434376087235,0,6.33618317268,8.12128694013,21.3301124512,5.41311390733,5.99461876438,22.6361076948,5.0865134444,4.1717219486,24.3539332587
0.1295,0.382342113179,0,6.72514158428,8.82608252344,21.299905075,6.14074089527,7.31385777118,23.3237452854,4.87063913232,4.06163142613,24.2914988845
0.13,0.341960521028,0,7.17481178995,9.56520284327,21.4385628552,6.96099971661,8.70017909321,23.9251688309,4.70310727291,3.97619435047,24.2430459365
0.1305,0.313348229283,0,7.67863967799,10.31841382,21.7638557717,7.8238191747,10.0623353362,24.4351223583,4.58440292811,3.91565809114,24.2087147027
0.131,0.296324240794,0,8.22677231591,11.0565041665,22.2903128302,8.68444495177,11.2974196385,24.8085756451,4.51377519171,3.87963970466,24.1882880087
0.1315,0.290548785832,0,8.80492277225,11.7403273682,23.025513403,9.50642642043,12.3832809405,25.2337856357,4.48981445472,3.86742032558,24.1813581725
0.132,0.295624546124,0,9.39339388803,12.3213405458,23.9652766387,10.2571820455,13.2982475157,25.8698609731,4.51087235546,3.87815933048,24.1874484611
0.1325,0.311159781883,0,9.96658930697,12.7445609272,25.0883299858,10.9076012764,14.0212775635,26.8505340684,4.57532367584,3.91102789861,24.2060888348
0.133,0.336795611588,0,10.4934375318,12.9546809662,26.3517426641,11.4285498599,14.473911706,28.0972075145,4.68167951743,3.96526672887,24.23684868
0.1335,0.37219998616,0,10.9391518437,12.9053356851,27.6890945761,11.7933579891,14.5757063371,29.5048039126,4.82856230208,4.04017329069,24.2793295785
0.134,0.417030062636,0,11.2685503221,12.5701399894,29.0135306602,11.9553689381,14.3405374563,30.8498170388,5.01454967082,4.13502221644,24.3331201609
0.1345,0.470863638555,0,11.4507163233,11.9525105013,30.2269542901,11.8792483966,13.6100139514,32.1212647342,5.23789002448,4.24892023417,24.3977138362
0.135,0.533099997079,0,11.4641763479,11.0904081063,31.2344644091,11.4886411543,12.1436914721,33.2554156222,5.49609115799,4.38059638136,24.472389818
0.1355,0.602832019969,0,11.3012726617,10.053029234,31.9604834361,10.7965147551,9.84016175489,33.9004627338,5.78538969312,4.52813142885,24.5560596758
0.136,0.678696017499,0,10.9703518346,8.92931866058,32.3614430906,10.1489588923,7.59474590173,33.9805473323,6.10012806503,4.68864015947,24.6470871496
0.1365,0.758714614747,0,10.4949506756,7.81167088923,32.4307580955,9.78423623198,6.22438235287,33.6128694279,6.43210270175,4.85793895585,24.7430996325
0.137,0.84016163721,0,9.91014579908,6.78021131161,32.1949481387,9.53280275263,5.56365477341,33.0448516023,6.77000347262,5.03025993305,24.8408260501
0.1375,0.919494435221,0,9.25715595911,5.89234669758,31.7033229187,9.24163317352,5.19427445483,32.3709297134,7.09913292134,5.19810775442,24.9360156583
0.138,0.99241257521,0,8.57769750581,5.1795029185,31.0155576588,8.89535453316,5.04925945255,31.572610504,7.4016497595,5.35238380722,25.0235084651
0.1385,1.05410142042,0,7.90938001343,4.65000633132,30.1910648657,8.48782595311,5.06478131166,30.6423620063,7.6575794144,5.4829015569,25.0975274981
0.139,1.09969163642,0,7.28282789376,4.29543035977,29.282194187,8.02417223488,5.18420615881,29.5873038277,7.84672038804,5.5793587426,25.1522301546
0.1395,1.12490422204,0,6.72057999238,4.0976930328,28.3313578195,7.52108568376,5.36069587245,28.4299944513,7.95132030905,5.63270209709,25.1824821588
0.14,1.12676714937,0,6.23739529407,4.03510131722,27.3710405891,7.0045657501,5.55700040526,27.2050985323,7.95904907019,5.63664357278,25.1847174427
0.1405,1.1042205539,0,5.84143497825,4.08659916626,26.4253918568,6.50526754774,5.74247388941,25.952427102,7.8655095919,5.58894076859,25.157664299
0.141,1.05841963807,0,5.53582926007,4.23423196475,25.5123635052,6.05286608077,5.88913632935,24.7088103987,7.67549448396,5.49203779617,25.1027088286
0.1415,0.992622001055,0,5.32026824856,4.46420307429,24.6457789636,5.67142126824,5.96936465182,23.5021236434,7.40251860838,5.35282689851,25.0237597503
0.142,0.911682402426,0,5.19239986181,4.76697380235,23.8370719969,5.3771457105,5.956769145,22.3497122759,7.06672299617,5.1815794998,24.9266421789
0.1425,0.821305701278,0,5.14893349954,5.13678537591,23.096652891,5.17733225081,5.81194564521,21.2550560415,6.69177550192,4.99036561638,24.8182012443
0.143,0.727265626199,0,5.18642406114,5.57086073244,22.4349597991,4.84984610861,5.05526490681,20.4987520858,6.30162970038,4.79140097478,24.7053647111
0.1435,0.634767509715,0,5.30175105322,6.06842749187,21.8632750746,4.36317984051,3.82079785229,20.2702329401,5.91788105102,4.59569872147,24.5943783388
0.144,0.548049906765,0,5.49232139655,6.62961085177,21.3943653764,4.31267290564,3.89305132783,20.7202487129,5.55811412525,4.41222654988,24.4903278723
0.1445,0.470232293926,0,5.7560216849,7.25418008795,21.0429608418,4.69253245972,4.87841062521,21.3015755928,5.23527075332,4.24758447112,24.3969563002
0.145,0.403357380405,0,6.09093407843,7.94009474763,20.8260309068,5.33043561058,6.183664286,21.9156245547,4.95782556076,4.10609433312,24.3167146225
0.1455,0.348554709768,0,6.49481650326,8.6817897045,20.7627438072,6.12968042153,7.61313982629,22.4822065519,4.73046470589,3.99014595991,24.2509581526
0.146,0.306257517729,0,6.96433914943,9.46817257013,20.8739147158,7.01907936902,9.0746169386,22.8159074052,4.55498556173,3.90065596697,24.2002067203
0.1465,0.276422913997,0,7.49407368596,10.2804016835,21.1806636988,7.94823963578,10.4357696025,22.8350237616,4.43121018856,3.83753360947,24.1644088623
0.147,0.258725359964,0,8.07525994771,11.0896918162,21.7019489103,8.87779136607,11.6660947158,22.763960781,4.3577880183,3.80009013133,24.1431739724
0.1475,0.252709421901,0,8.69443963784,11.8556714088,22.4506746367,9.76250857783,12.7472717917,22.8052827893,4.33282958461,3.78736195178,24.135955586
0.148,0.257898282545,0,9.33215719116,12.5261602103,23.4282965202,10.5763723404,13.6660897114,23.0841485664,4.35435670689,3.79834024797,24.1421815811
0.1485,0.273860051718,0,9.96207876235,13.0395267086,24.6183671583,11.2818545844,14.4051972676,23.7487002883,4.42057759434,3.83211125124,24.1613337425
0.149,0.300235835707,0,10.5510320656,13.3307621819,25.9803189776,11.85414711,14.9393339724,24.9110331673,4.53000329798,3.88791563468,24.1929814419
0.1495,0.336733129684,0,11.0605327684,13.3417182491,27.4457731197,12.2685513129,15.1849574424,26.4777249287,4.6814202976,3.96513453321,24.2367737093
0.15,0.383086496074,0,11.4502064737,13.0343702692,28.9202304797,12.496038329,15.0268278967,28.1849212196,4.87372736743,4.06320634911,24.2923920525
0.1505,0.43898562187,0,11.6830341653,12.4037981428,30.2923167888,12.485217622,14.5197366187,29.7607916084,5.10563710613,4.18147453978,24.3594641338
0.151,0.503969646548,0,11.7315902491,11.4859567956,31.4503002182,12.1704733148,13.2656795343,31.1913200288,5.37523753312,4.31896404272,24.4374369773
0.1515,0.577287264932,0,11.5837046811,10.3558102056,32.3020228633,11.4835979525,11.1126064228,32.2655388798,5.67941169469,4.47408528919,24.525409109
0.152,0.657726031163,0,11.245735377,9.11472539265,32.7917318839,10.6875134563,8.48056991186,32.6192026073,6.01312949426,4.64427305521,24.6219257431
0.1525,0.743423257042,0,10.7422104149,7.87077882108,32.9077553744,10.2064417875,6.80652341954,32.473717741,6.36866316277,4.82558637103,24.7247518825
0.153,0.831686205721,0,10.1118346329,6.71886069125,32.6788118633,9.89758529553,5.97011699389,32.032124302,6.734841293,5.01232809721,24.8306565739
0.1535,0.918870155763,0,9.40112247459,5.72702224364,32.1616460748,9.55242859239,5.46558522006,31.4622992848,7.09654296159,5.19678693945,24.9352665996
0.154,1.00038391512,0,8.65755555695,4.93195791461,31.4255882627,9.15129397433,5.21962229614,30.7434739215,7.43472060503,5.36924911476,25.0330730933
0.1545,1.07090108083,0,7.92394872789,4.34244339329,30.5392798805,8.68420390508,5.16103266412,29.8660219862,7.72727647675,5.51844532278,25.117685026
0.155,1.12483365658,0,7.23493728066,3.94723711015,29.5623140888,8.15380063801,5.2258455395,28.8366821552,7.95102755282,5.63255279871,25.182397489
0.1555,1.15705804571,0,6.61566340636,3.72387754553,28.5419019631,7.57646574547,5.36112661958,27.6806634974,8.08471747295,5.70073132822,25.2210627957
0.156,1.16377842389,0,6.08218531416,3.64605421716,27.5131470856,6.98033027462,5.52543282912,26.4386327776,8.11259843041,5.7149499221,25.2291264237
0.1565,1.14331040286,0,5.64293556311,3.68865991081,26.5012016205,6.4000246404,5.68544046296,25.1586067329,8.0276823724,5.67164484748,25.2045673138
0.157,1.09653394643,0,5.30061612601,3.83061467312,25.5239765774,5.86974636211,5.81077013594,23.8855496412,7.83362002108,5.57267788174,25.1484413146
0.1575,1.02684384984,0,5.0540936403,4.05599254683,24.5946575409,5.41727023091,5.87046903181,22.6531233026,7.54449542638,5.42523153954,25.0648217632
0.158,0.939597035001,0,4.90004375217,4.3540461034,23.7237409182,5.06095342165,5.83357255209,21.4810437799,7.18253294945,5.24063969154,24.9601363075
0.1585,0.841231308001,0,4.83423750925,4.71860826949,22.9205783612,4.8100394722,5.67342355633,20.378310244,6.77444123565,5.03252308166,24.8421095236
0.159,0.738318336029,0,4.85245389169,5.14718795277,22.1945328747,4.47568845114,4.93008380998,19.559389025,6.3474842824,4.81478566953,24.7186266046
0.1595,0.63678388466,0,4.95104854769,5.639928388,21.5558701124,3.94846161887,3.60492636892,19.3084187209,5.92624642311,4.59996485288,24.5967977409
0.16,0.541421632689,0,5.12722282098,6.19848385874,21.0164807232,3.90703165388,3.71547318696,19.7828430682,5.53061528181,4.39820282463,24.482374758
0.1605,0.455711371304,0,5.37903132343,6.82479071451,20.59048104,4.32201970274,4.78992206835,20.3633662469,5.17502753264,4.21686192902,24.3795329776
0.161,0.381875628146,0,5.70514978983,7.51965715114,20.2946791084,5.01633632955,6.12979036715,21.0058160723,4.86870381722,4.06064446363,24.2909391598
0.1615,0.321081506936,0,6.10440458798,8.28107166101,20.1488197671,5.87656856277,7.668381799,21.4719260255,4.61648612037,3.93201972011,24.2179936855
0.162,0.273702972739,0,6.57504714421,9.1021397643,20.1754315285,6.83772324406,9.15178226117,21.3431412238,4.41992591787,3.83177891247,24.161145267
0.1625,0.239583163128,0,7.1137481121,9.96862206456,20.3989893335,7.76809570265,10.5095428727,21.1671227367,4.27837243168,3.75959016012,24.1202056886
0.163,0.218261972738,0,7.7142981772,10.8561958627,20.8439972192,8.5720437183,11.5206369753,21.2819765752,4.18991681414,3.7144799983,24.0946228804
0.1635,0.209154095729,0,8.3660502871,11.7278342497,21.5315333599,9.30002080422,12.3059572549,21.6140468098,4.15213079607,3.69521007021,24.0836945473
0.164,0.211675324164,0,9.05223957836,12.5321054256,22.4738885027,9.99648748477,12.9938098596,22.0941443852,4.16259066319,3.70054434192,24.0867197115
0.1645,0.225321263525,0,9.74848322674,13.2036764019,23.667322331,10.6993987167,13.6952565567,22.6560602811,4.2192038246,3.7294156442,24.1030931618
0.165,0.249704567327,0,10.4219762432,13.6676334848,25.0838120388,11.4346718521,14.3818498864,23.2271644245,4.32036328878,3.7810044514,24.1323501298
0.1655,0.284555985188,0,11.0320866593,13.8489724777,26.663957415,12.0246605333,14.8631891965,24.3498959012,4.46495201167,3.85474109886,24.1741675482
0.166,0.329692232911,0,11.5330634075,13.6872499088,28.314496493,12.428522891,15.0578566329,26.0815638976,4.65220959873,3.95023780432,24.2283254985
0.1665,0.38495087457,0,11.8792111819,13.1537840621,29.9141665831,12.6142841135,14.7951859334,27.9520740255,4.88146214903,4.06715089508,24.2946290775
0.167,0.450089899786,0,12.0320647913,12.2658461292,31.3297334972,12.5232399073,14.0852678159,29.6567333432,5.15170562962,4.20496833935,24.3727879026
0.1675,0.524648512192,0,11.9680142229,11.0910710301,32.4397029181,12.0753757496,12.5214172654,31.1807730277,5.46102832608,4.36271521038,24.4622490747
0.168,0.607767315021,0,11.6840604766,9.73787276151,33.158444135,11.2659770899,9.94040320069,32.0745046226,5.80586484313,4.53857324538,24.5619814233
0.1685,0.697972708816,0,11.1995697541,8.33367336491,33.4516651719,10.5821927796,7.65859202101,32.2970565591,6.18010163139,4.72942468645,24.6702168102
0.169,0.792944361837,0,10.5532056727,6.99874713223,33.3375183849,10.2236021796,6.37370839258,31.946323198,6.5741122876,4.93036030766,24.7841711224
0.1695,0.889307582647,0,9.79603102225,5.8252370874,32.8743288419,9.85286763212,5.64280015128,31.5023143049,6.97389616687,5.13424012885,24.8997951449
0.17,0.982522014702,0,8.98305855031,4.867374418,32.1414959908,9.42816764677,5.22621474855,30.8922337434,7.3606166079,5.3314579219,25.0116410079
0.1705,1.06696401268,0,8.16566483121,4.1430843269,31.2212708992,8.93175882632,5.04410448652,30.0989731621,7.71094268916,5.51011549793,25.1129610281
0.171,1.13630142513,0,7.38643368357,3.6429132823,30.1863330494,8.3589109049,5.02190234244,29.1215782915,7.99860409664,5.65681565109,25.1961574019
0.1715,1.18420981825,0,6.67683580874,3.34123933647,29.0942089455,7.72094378344,5.09645062576,27.9805593645,8.19736253469,5.7581775041,25.253641586
0.172,1.20536543834,0,6.05727398345,3.20613744659,27.9869431139,7.04503570239,5.21893324543,26.717715547,8.28513124765,5.8029373617,25.2790257302
0.1725,1.1965005545,0,5.53864428343,3.20631829781,26.8936429397,6.36955283594,5.35252597991,25.3887748017,8.24835333983,5.78418154472,25.2683889591
0.173,1.15720009177,0,5.12458621458,3.31508704578,25.8339475949,5.73585728465,5.46585146916,24.0507374324,8.08530678207,5.70103186119,25.2212332336
0.1735,1.09014441868,0,4.81381431445,3.51199796871,24.8212847718,5.17976544565,5.52651041117,22.749275823,7.80711166897,5.55915928239,25.1407746666
0.174,1.00068475202,0,4.6021761745,3.7830228751,23.865469098,4.72611670781,5.49918047953,21.5120534659,7.43596869268,5.36988560838,25.0334340606
0.1745,0.895888409241,0,4.48428326699,4.11990613066,22.9746105405,4.38790943541,5.34956014921,20.3504374935,7.00119816407,5.14816346742,24.9076913281
0.175,0.78336939954,0,4.45469009863,4.5191567184,22.1564805895,4.12495750987,4.84932642708,19.264303142,6.53438846414,4.91010214709,24.7726823444
0.1755,0.670238469549,0,4.50866382047,4.98092701139,21.4195209057,3.6112708739,3.59305057675,18.7935326584,6.06504007918,4.6707461606,24.6369391315
0.176,0.562389409357,0,4.64260915514,5.50787719818,20.7736493197,3.39981833566,3.31644672505,19.145255798,5.61760468529,4.4425652538,24.5075335132
0.1765,0.464177904149,0,4.85420928636,6.1040198076,20.2309649709,3.7448816212,4.25860529994,19.6911892747,5.2101527943,4.23477493762,24.3896917765
0.177,0.378427789064,0,5.14232432054,6.77346814111,19.8063945847,4.42717153478,5.59590482832,20.2918284989,4.85439970335,4.05334972182,24.2868021766
0.1775,0.306647129494,0,5.50666288911,7.51896579812,19.5182552328,5.3128179805,7.16102323568,20.5124614707,4.55660195128,3.90148028538,24.2006742065
0.178,0.249339649262,0,5.9472147153,8.34005007825,19.3886265234,6.31035967988,8.67953299993,20.0922728571,4.31884934644,3.78023237851,24.131912273
0.1785,0.20632743464,0,6.46340761797,9.23071031707,19.4433159517,7.11070475329,9.73215372614,20.0738433767,4.14040377485,3.68922958146,24.0803029013
0.179,0.177035773798,0,7.05293903868,10.1764703833,19.7110599306,7.77173857837,10.3677592266,20.3708089144,4.0188809189,3.62725595164,24.0451565081
0.1795,0.160718870505,0,7.71024271941,11.150999394,20.2214449459,8.34930693333,10.7455624791,20.9084653953,3.95118667994,3.59273357581,24.0255782294
0.18,0.156623044246,0,8.4246061419,12.1126955441,21.0009181258,8.89098935353,11.0030288741,21.6148764882,3.93419424967,3.58406785959,24.0206637412
0.1805,0.164093247656,0,9.17808019823,13.0022335459,22.0663199802,9.43711962059,11.258437197,22.4214929028,3.96518602094,3.59987289104,24.0296270673
0.181,0.182631878337,0,9.9435401065,13.7427536385,23.4158392144,10.0219122964,11.6136545238,23.263246509,4.04209758147,3.63909587131,24.0518711458
0.1815,0.211918278601,0,10.6835518335,14.2449041981,25.0184078317,10.6745462202,12.156951542,24.0783567819,4.16359861276,3.7010583711,24.087011227
0.182,0.251794682102,0,11.350975545,14.4187031591,26.8043570141,11.4125659146,12.8204145087,24.7968769957,4.32903458666,3.78542659734,24.1348580107
0.1825,0.302220762131,0,11.8922826105,14.1923545428,28.662045435,11.9392752187,13.220783725,26.3081558025,4.538238199,3.8921152291,24.1953631096
0.183,0.363195096337,0,12.2540886358,13.5344662648,30.4456512241,12.224192953,13.166213013,28.2254780043,4.79120354885,4.02112125702,24.2685248173
0.1835,0.434638492304,0,12.3922613409,12.471885653,31.996558763,12.2088010648,12.62793089,29.9987770923,5.08760208917,4.17227713032,24.3542481125
0.184,0.516232265692,0,12.2814521894,11.093805914,33.1744831192,11.8104733736,11.1890193502,31.6141905194,5.42611168832,4.34490859477,24.4521506132
0.1845,0.607206021607,0,11.921888185,9.53692362579,33.8877565035,11.0015329466,8.61588003938,32.5669310988,5.80353619475,4.53738569271,24.5613079402
0.185,0.706077099829,0,11.3406874607,7.95538936075,34.1103938965,10.3375813151,6.39624777607,32.7824330397,6.21372446852,4.74657149595,24.6799410834
0.1855,0.810361263905,0,10.586957889,6.48732318831,33.8793818437,9.97228145458,5.22853418223,32.4614274126,6.64637011185,4.96720999834,24.8050692645
0.186,0.916304323253,0,9.72243256498,5.23071022542,33.2755029943,9.57312668906,4.53817726507,31.9988675789,7.08589804473,5.19135829698,24.9321879159
0.1865,1.01872524101,0,8.8108896746,4.23517942747,32.3978447138,9.10487893488,4.16482553914,31.3414518563,7.51081360355,5.40805464879,25.0550804304
0.187,1.11109965425,0,7.90939752377,3.50787558982,31.3420739804,8.54814729557,4.0209118546,30.4711182687,7.89404904295,5.60349517781,25.165918374
0.1875,1.18601896216,0,7.0630248653,3.02683820658,30.1876135119,7.89936047243,4.02604078022,29.389868668,8.20486816355,5.76200518788,25.2558123364
0.188,1.23609452692,0,6.30310365766,2.75529653433,28.9935676367,7.17473976293,4.11492866775,28.1264727488,8.4126175867,5.86795221937,25.3158968601
0.1885,1.2552182445,0,5.64815146215,2.65294806,27.800433179,6.40974439333,4.2404957322,26.7355190773,8.49195650808,5.90841309321,25.338842971
0.189,1.23988176457,0,5.10628193681,2.68307132496,26.6343551749,5.65234389485,4.36935531193,25.2867117456,8.42832976969,5.87596504135,25.3204410799
0.1895,1.19011650549,0,4.67811317426,2.81601450503,25.5116933645,4.95186462846,4.47190928097,23.847619643,8.22186771745,5.77067453697,25.2607288848
0.19,1.10967573757,0,4.3595297901,3.03018817114,24.44282798,4.34824229128,4.51371300851,22.4678187079,7.88814161346,5.60048253591,25.164209849
0.1905,1.00535620902,0,4.14397638766,3.31162918762,23.4349423577,3.86632658608,4.45419985885,21.1723246928,7.45534925288,5.37976921138,25.0390392349
0.191,0.885702055074,0,4.02418536538,3.65290554254,22.4939232887,3.51645022291,4.25343117472,19.9665461486,6.95893784783,5.1266117587,24.8954689549
0.1915,0.759540460597,0,3.99336971274,4.05182565006,21.6256460459,3.17734385431,3.55334698279,18.957368036,6.43552890373,4.85968623352,24.7440905461
0.192,0.634769933224,0,4.04596662779,4.51018018891,20.8368977648,2.60272568871,2.15259711611,18.6452728003,5.91789110548,4.595703849,24.5943812467
0.1925,0.517628189,0,4.17802763336,5.03258532538,20.1361308168,2.64827652269,2.4970224668,19.1266652611,5.43190298121,4.34786200991,24.4538255496
0.193,0.412451710479,0,4.38733571001,5.6253934473,19.5341700402,3.19070867537,3.75142066947,19.630954775,4.99555537641,4.12533559938,24.327626701
0.1935,0.321803410587,0,4.67330246414,6.2955693569,19.0449359728,4.03549577425,5.36400357296,19.9789989978,4.61948109542,3.93354708279,24.2188598812
0.194,0.246806255722,0,5.03666540201,7.04938037069,18.6861851864,5.03920577233,6.97890592505,19.4569697376,4.30833900973,3.77487236857,24.128872512
0.1945,0.187545792656,0,5.4789705701,7.89071120664,18.480194384,5.79219873292,7.94404713061,19.4042941423,4.06248402883,3.64949245171,24.0577672391
0.195,0.143452433865,0,6.00179195158,8.81879450752,18.4542087702,6.36377040947,8.36244361061,19.7324069243,3.8795530944,3.55620223133,24.0048606274
0.1955,0.113618883262,0,6.60561098495,9.82516919556,18.6403196771,6.86970055708,8.68158466814,20.3189474717,3.75578209036,3.49308210198,23.969064033
0.196,0.0970392724351,0,7.28826808756,10.8897919441,19.0742254926,7.42969117746,9.23105291837,20.9988150132,3.68699795179,3.45800390448,23.9491705375
0.1965,0.0927742489099,0,8.04292398527,11.9765139671,19.7920940988,7.99327932355,9.77199322561,21.8057952967,3.66930356968,3.44898021031,23.9440530334
0.197,0.10005389613,0,8.85556604634,13.0286953916,20.8245960446,8.51357754023,10.0934523191,22.7665519861,3.69950477695,3.46438207381,23.9527877155
0.1975,0.118331727274,0,9.70230651411,13.966611579,22.1873636323,8.96474565756,10.0515492849,23.8794773199,3.77533435361,3.50305326926,23.9747188666
0.198,0.147300896981,0,10.5470728832,14.6893473224,23.8680456039,9.46334597742,10.0535637602,24.9768730566,3.89551928462,3.56434459068,24.0094783101
0.1985,0.186879968958,0,11.3407399919,15.0844627749,25.8121378761,10.0719982156,10.3724791867,25.9705148056,4.05972171372,3.6480837398,24.0569683325
0.199,0.237171017354,0,12.0230965701,15.0476798771,27.9127060442,10.811425602,11.0731250981,26.804562612,4.26836511783,3.75448667931,24.1173114101
0.1995,0.298388021885,0,12.5288802065,14.5109822752,30.0115145068,11.3908030944,11.5090629474,28.2742392795,4.52233723855,3.8840061353,24.1907642924
0.2,0.370748828831,0,12.7980264111,13.4711813226,31.9180627755,11.6828716448,11.4197029559,30.2188713807,4.82254185879,4.03710301456,24.277588368
0.2005,0.454320071424,0,12.7882583108,12.0057395158,33.4462166941,11.6153579802,10.7285126976,31.9897053909,5.16925542106,4.21391829588,24.3778635887
0.201,0.548802853809,0,12.4860954097,10.2642193312,34.4573849501,11.0659556481,8.8847452403,33.4331378438,5.5612378906,4.41381959241,24.4912313162
0.2015,0.653250589994,0,11.9118597589,8.43458276064,34.8920772277,10.2226891111,6.08102477807,33.9678838867,5.99456214857,4.63480417136,24.6165557637
0.202,0.765723869359,0,11.1162715785,6.69762632036,34.7757076053,9.76794179002,4.45139116294,33.8062988395,6.4611821262,4.87276873805,24.7515098767
0.2025,0.882916520027,0,10.1698439186,5.18910248453,34.1983012407,9.38490934872,3.5943433642,33.3824156698,6.94738144699,5.1207182821,24.8921266552
0.203,0.999835946645,0,9.14918287889,3.98270536446,33.280771395,8.92867843284,3.10701112448,32.7475613121,7.43244723809,5.36808975424,25.0324155985
0.2035,1.10968300813,0,8.12476676893,3.09437764156,32.1435129736,8.36984820161,2.89139758441,31.8731246845,7.88817177694,5.60049791853,25.1642185727
0.204,1.2041241966,0,7.1530680853,2.49927047713,30.8867990522,7.69461341403,2.85305581397,30.7490634936,8.27998168504,5.80031121302,25.2775363927
0.2045,1.27412690376,0,6.27355095325,2.15128204124,29.5839967267,6.91197087304,2.91309875081,29.3959830771,8.57040321304,5.9484189589,25.3615310384
0.205,1.31137793679,0,5.50945663175,1.99876791391,28.2835507759,6.05674965712,3.01635917206,27.8697141735,8.72494726383,6.02723257564,25.4062277001
0.2055,1.31002598822,0,4.8707503462,1.99439822037,27.0148467811,5.18447258255,3.12941074194,26.2527930179,8.71933840975,6.02437219976,25.404605528
0.206,1.2682052974,0,4.35781758709,2.09987798746,25.7945244616,4.35799280528,3.22794775452,24.6335726962,8.54583613502,5.93589036099,25.3544258385
0.2065,1.18872852666,0,3.96499463747,2.2871939659,24.6316215403,3.63160847775,3.28156382613,23.0820961906,8.21610938397,5.76773793031,25.2590634808
0.207,1.07861558031,0,3.68348559458,2.53794804842,23.5311830814,3.04053883803,3.24690301802,21.6355512505,7.75928176365,5.53476722196,25.1269414774
0.2075,0.947625778411,0,3.50354060454,2.84187545039,22.4965751778,2.59966362814,3.07372733813,20.3005479218,7.21584194596,5.25762645015,24.9697698129
0.208,0.806361746249,0,3.41594772976,3.19519111376,21.5309119607,2.30274101462,2.63262167734,19.0392628772,6.62977723886,4.95874804638,24.8002703348
0.2085,0.664577995639,0,3.41296500447,3.59907718896,20.6379688602,1.72443475434,1.24088669946,18.4613101002,6.04155636621,4.65877005189,24.6301472584
0.209,0.530090571546,0,3.48883192165,4.05841643494,19.8228569729,1.66051268088,1.3503748819,18.8181989073,5.48360589854,4.37422921,24.4687788772
0.2095,0.408361484611,0,3.63998094488,4.58075454311,19.0926396992,2.19252562982,2.59308075132,19.2451924198,4.97858618058,4.11668173215,24.3227189326
0.21,0.302607428551,0,3.86503744367,5.17540250708,18.4570025168,3.07656663636,4.24669412179,19.2323167813,4.53984236914,3.89293331591,24.1958270618
0.2105,0.214207634929,0,4.16465955625,5.85254139583,17.9290358059,3.95430897858,5.63595259943,18.798205813,4.17309650777,3.70590206099,24.0897581733
0.211,0.143215457346,0,4.54123117355,6.62214888706,17.526145151,4.55174135453,6.19119873316,18.8704887292,3.87856994552,3.55570084989,24.0045762847
0.2115,0.0888470121586,0,4.99838186689,7.49252101962,17.2710443912,5.18333527106,7.09543078872,19.1181869521,3.65301056982,3.44067118619,23.939340832
0.212,0.0498849072652,0,5.54026681235,8.46811590426,17.1926898643,5.85729874714,8.30833914575,19.7094870389,3.49136776349,3.35823738092,23.8925910943
0.2125,0.0249797194767,0,6.17049920685,9.54641842494,17.3268510014,6.52347215378,9.54234428637,20.4806501539,3.38804314955,3.30554440127,23.8627079296
0.213,0.0128564756189,0,6.89059491184,10.7135673391,17.7157551818,7.17793163648,10.6958408351,21.3464423081,3.33774722318,3.27989473152,23.8481615269
0.2135,0.0124436531586,0,7.69778391171,11.9386989508,18.4058895933,7.81968638462,11.7143913479,22.3560079151,3.33603453899,3.27902130524,23.8476661907
0.214,0.0229439722775,0,8.58210556941,13.1675032253,19.4426632649,8.44719936951,12.5549603945,23.545333907,3.37959740743,3.30123728315,23.8602652832
0.2145,0.0438636700516,0,9.52289901188,14.3165350522,20.8604750863,9.05706602711,13.1700230572,24.8817587889,3.46638734512,3.34549798973,23.8853663496
0.215,0.0750124914999,0,10.4852007719,15.2714000883,22.6673218436,9.62925807198,13.4272525206,26.0433241687,3.59561503768,3.41140089432,23.9227411074
0.2155,0.116481525883,0,11.4171924912,15.893540693,24.8251670148,10.0452563063,12.9448714609,27.3648755817,3.76765838883,3.4991387184,23.9724988523
0.216,0.168600714321,0,12.2505438097,16.0404997255,27.2313264606,10.5776840563,12.7278022483,28.5197509269,3.98388623139,3.60940953261,24.0350354733
0.2165,0.231872405644,0,12.9057790479,15.6009010111,29.7109906914,11.287864801,13.0609606213,29.4206150963,4.24638266927,3.74327617805,24.1109537272
0.217,0.306871694722,0,13.3038864759,14.5366524199,32.0327533099,11.8264714245,13.180761872,31.0285369093,4.5575336092,3.90195540772,24.2009436572
0.2175,0.394098664094,0,13.3827979013,12.9144211523,33.9522469129,12.0148073445,12.6867221566,32.9481349525,4.91941375289,4.08650526781,24.3056053008
0.218,0.493763115735,0,13.1138970835,10.9055894292,35.2729365086,11.7498750786,11.3271040785,34.6173137826,5.33289350966,4.2973696454,24.4251903946
0.2185,0.605481667151,0,12.5117842778,8.74678203788,35.8977560102,10.9442341858,8.5559553211,35.5768479878,5.79638233347,4.53373740163,24.5592389268
0.219,0.727875721827,0,11.6324631014,6.67629500925,35.8458728646,10.3319608712,6.29627404383,35.6259795608,6.30416081541,4.79269178041,24.7060967509
0.2195,0.858085722945,0,10.5604325255,4.87655808969,35.2287273314,9.92219079816,5.09328586007,35.2085591837,6.84436545915,5.06818269408,24.8623327503
0.22,0.991272570976,0,9.39024206865,3.44612203581,34.2026218836,9.43331680984,4.32647016058,34.5551449086,7.39692020282,5.34997185111,25.0221406001
0.2205,1.12026437441,0,8.20947571905,2.40425542922,32.9229853318,8.82471821947,3.88339544014,33.6263825736,7.93207088725,5.62288537141,25.1769149119
0.221,1.23560390721,0,7.08774273879,1.71512960866,31.5162098293,8.07092304213,3.65068046439,32.3994454028,8.41058214362,5.86691419409,25.3153081768
0.2215,1.32629138147,0,6.07259856451,1.31567107817,30.0708666102,7.17284602076,3.53129886358,30.8868391686,8.78681894803,6.05878559358,25.4241220009
0.222,1.381391222,0,5.19076382475,1.1372355468,28.6417028185,6.16572929248,3.46000584018,29.1483278723,9.01541267714,6.17536270194,25.4902350381
0.2225,1.3923129146,0,4.45222096508,1.11843146145,27.2587159496,5.11646679843,3.40546538578,27.2855425787,9.06072370555,6.19847019788,25.5033397271
0.223,1.3550958442,0,3.85516781514,1.21061247512,25.9362235135,4.10715228645,3.35381106101,25.4161342697,8.90632055617,6.11972843735,25.4586838163
0.2235,1.27176075112,0,3.39059527721,1.37874250019,24.6797915935,3.21149856482,3.28320867701,23.6378685204,8.56058671171,5.94341278772,25.358691946
0.224,1.15005878532,0,3.04594614779,1.59994285511,23.4907569119,2.47719442682,3.14827073079,22.002649586,8.05567951172,5.68592269122,25.2126645434
0.2245,1.00168498063,0,2.80775399428,1.86122134284,22.3688663218,1.92255631239,2.88540557303,20.5155482371,7.44011835964,5.37200183517,25.034634212
0.225,0.839725411375,0,2.66338298307,2.1571913323,21.3137003501,1.54496655462,2.4332724008,19.1562640094,6.76819369442,5.02933699124,24.8403026328
0.2255,0.676302091484,0,2.60206825624,2.48813655502,20.3254242063,0.939351666701,0.981031369673,18.4076917248,6.09019633983,4.68357522698,24.6442147326
0.226,0.521049252742,0,2.61545847732,2.85852265897,19.4052338364,0.873711354288,1.08560165385,18.6942459346,5.44609601173,4.35510010197,24.4579304057
0.2265,0.380548779313,0,2.69783046434,3.27592774701,18.5557215159,1.46858019066,2.35196729703,19.0555167043,4.86319909489,4.05783719234,24.2893471042
0.227,0.258498925151,0,2.84610365589,3.75030398141,17.7812929905,2.45075968812,4.0206321574,18.2902432488,4.35684860399,3.79961105343,24.1429022784
0.2275,0.15628130517,0,3.05974010229,4.29345360231,17.0887174798,3.08136537411,4.76726478555,18.0771827974,3.93277647043,3.58334482749,24.0202536963
0.228,0.0736464909679,0,3.34057708513,4.91858225528,16.4878673782,3.73888495453,5.93302485283,18.0883790483,3.58994788597,3.4085107881,23.9211020746
0.2285,0.00934758331073,0,3.69260371786,5.63976527198,15.9926904586,4.41013174725,7.41825812018,18.3900736861,3.32318981666,3.27247081677,23.8439512873
0.229,-0.0383533906769,0,4.12165717255,6.47111787223,15.6224374979,5.08796626703,8.89956793307,18.7476461876,3.12529190223,3.17154780937,23.7867159807
0.2295,-0.0713202452216,0,4.63497464944,7.42539151829,15.4031218188,5.74179978304,10.1445310411,18.7339544906,2.98852170208,3.10179841377,23.7471598067
0.23,-0.0913018359551,0,5.24049013394,8.51162720898,15.3690836517,6.33740679851,11.1554567219,18.6108073536,2.90562370645,3.0595225007,23.7231843534
0.2305,-0.0997880671385,0,5.94570914489,9.73140329602,15.5643260382,6.90474757017,11.9786405912,18.5905804771,2.87041672194,3.04156781548,23.7130019189
0.231,-0.097934800924,0,6.75593647351,11.0731850673,16.042921992,7.47316080495,12.6610049695,18.8334473993,2.87810540181,3.04548885072,23.7152256106
0.2315,-0.0865341511765,0,7.67159540614,12.5044638354,16.8672190848,8.06801632165,13.2485041597,19.4684940861,2.92540348861,3.06960969696,23.7289049892
0.232,-0.0660124813118,0,8.6844199663,13.9620385764,18.1018355397,8.69595674259,13.7814558505,20.6374179246,3.01054212054,3.11302827873,23.7535284711
0.2325,-0.0364442459599,0,9.77253289653,15.3423268318,19.8008722444,9.32369813771,14.2623917336,22.378290998,3.13321240628,3.17558706917,23.7890067197
0.233,0.00242484283072,0,10.8949943504,16.4962494894,21.9862170434,9.92022487615,14.5433674011,24.2344889976,3.29446931498,3.25782407625,23.8356448495
0.2335,0.0511468961236,0,11.9874286766,17.2364462348,24.6177890903,10.4907404159,14.4938754048,26.161402696,3.49660340004,3.36090742516,23.8941053258
0.234,0.11052980452,0,12.9616296801,17.3658286077,27.5633998204,10.8961608443,13.6119396754,27.9751307108,3.74296637215,3.48654640489,23.9653575181
0.2345,0.181575228757,0,13.7127810971,16.7310161276,30.5851809351,11.4440343408,13.0772856095,29.4923518821,4.03771383978,3.63686027223,24.0506032962
0.235,0.265381267738,0,14.1365932886,15.2885460065,33.3637941542,12.1384970388,13.010701912,30.8123943716,4.38540150618,3.81417232239,24.1511602437
0.2355,0.362986718689,0,14.154136995,13.1519842478,35.5694135437,12.4439439071,12.4240510795,33.0341186272,4.79033904865,4.02068038345,24.2682747897
0.236,0.475125788332,0,13.735960629,10.5836649262,36.9578843954,12.2609765923,11.0085050781,35.0134593753,5.25557248421,4.25793784823,24.4028278921
0.2365,0.601857061381,0,12.9140977498,7.92195038666,37.4434180569,11.4426833227,8.00553773765,36.2421599267,5.78134486437,4.52606866692,24.5548898453
0.237,0.74203648989,0,11.775124977,5.47864293033,37.1068245406,10.840132889,5.5973051963,36.3974551232,6.3629098562,4.82265232798,24.7230879323
0.2375,0.892636164021,0,10.4374240752,3.46083163707,36.140589652,10.3717664772,4.22443374095,36.0868368517,6.98770551407,5.14128255198,24.9037890335
0.238,1.04798982675,0,9.02345504436,1.94842016082,34.7700593494,9.79175023553,3.32302080524,35.4620046422,7.63222413251,5.46997099465,25.0901943368
0.2385,1.19918760132,0,7.63780069161,0.919289822558,33.1920386872,9.0471549864,2.75340332604,34.4712335691,8.25950114077,5.78986664555,25.271613085
0.239,1.33402135764,0,6.3559868395,0.293526640617,31.5475176819,8.10461632962,2.37532777415,33.0859854078,8.81888844334,6.07514023744,25.4333970224
0.2395,1.43798405808,0,5.22314237949,-0.0272493994174,29.9220549079,6.96882665131,2.07676904927,31.3309526506,9.25020042456,6.29509860537,25.5581394865
0.24,1.49664155231,0,4.25871504845,-0.135095235852,28.3593609973,5.69579022509,1.79891772689,29.3022391162,9.49355385748,6.41920279506,25.628521271
0.2405,1.4990696794,0,3.46349220913,-0.104562353861,26.8768165741,4.386899435,1.53532919608,27.1553216395,9.50362747331,6.42434008824,25.6314347251
0.241,1.4411922085,0,2.82647069514,0.00963100560767,25.4776439934,3.15891683721,1.29729479626,25.0590019116,9.26351013763,6.30188622754,25.5619888728
0.2415,1.32744272685,0,2.3304341712,0.17051435077,24.1587044103,2.10522265177,1.0683675454,23.1368108155,8.79159555592,6.06122154463,25.4255034739
0.242,1.16980382407,0,1.95596626691,0.355246013052,22.9147795067,1.27320373755,0.784442513236,21.4325662552,8.13759611976,5.72769812106,25.2363561634
0.2425,0.98466006343,0,1.68406189429,0.551452848127,21.7405874933,0.667980701388,0.352623916023,19.9221290187,7.36948677027,5.33598148378,25.0142064037
0.243,0.788960454173,0,1.49765068041,0.75414540146,20.6315519177,0.246879789875,-0.481820004124,18.5266551938,6.55758417607,4.92193138244,24.7793909228
0.2435,0.597179722427,0,1.38235359148,0.963368819152,19.5839846332,-0.330355053733,-1.66783510658,18.3165089226,5.7619399016,4.51617261922,24.5492776134
0.244,0.419770978296,0,1.32674288786,1.18254628814,18.5950533731,0.0313283301039,-0.671239774125,18.5650288317,5.02592095839,4.14082128988,24.3364089228
0.2445,0.262980261285,0,1.3223106272,1.41739917731,17.662717235,0.944786924661,0.957549707909,17.7706766425,4.37544040623,3.80909240952,24.148279331
0.245,0.129499224765,0,1.36329104347,1.67531609603,16.7857109472,1.44658934474,1.4514750354,17.5537191422,3.82166515733,3.52668082521,23.9881184912
0.2455,0.0194368432459,0,1.44643361281,1.96505584165,15.9636117302,2.09588430061,3.03543655842,17.5855684083,3.36504731625,3.29381709904,23.8560571594
0.246,-0.0687297704906,0,1.57078705239,2.296689074,15.19700746,2.74211475614,4.62136564878,17.0908260888,2.99926885258,3.10727919285,23.750268058
0.2465,-0.1373834339,0,1.73752809806,2.68170170318,14.48778686,3.3833517369,6.13339840545,16.0503309631,2.71444412741,2.96202567702,23.667892099
0.247,-0.18921145909,0,1.9498500062,3.1331943052,13.8395836542,4.19919808696,7.98998612771,15.1585088106,2.49942423921,2.85237088944,23.6057048381
0.2475,-0.226844234857,0,2.21291134358,3.66611226213,13.258423194,4.86518027241,9.58468612567,14.5872111065,2.34329644525,2.77274960313,23.560550132
0.248,-0.252644376814,0,2.53383252182,4.29742578724,12.7536399146,5.39771206377,10.697477787,14.2957861438,2.23625891837,2.71816313036,23.5295931324
0.2485,-0.268602007257,0,2.92171194102,5.04614016481,12.3391540714,5.85962334924,11.5072484699,14.1700954307,2.17005520134,2.68440088358,23.5104459369
0.249,-0.276298776232,0,3.38761077867,5.93294327282,12.0352091878,6.3024668343,12.1763389977,14.1991526707,2.13812347332,2.66811649759,23.5012107601
0.2495,-0.276912220842,0,3.94441908724,6.97917443078,11.8706599175,6.740429185,12.7467054581,14.429400452,2.1355784643,2.66681860638,23.5004747019
0.25,-0.271240348774,0,4.6064577889,8.20460922851,11.8858256062,7.18098679834,13.2369993634,14.9068284026,2.15910946502,2.67881883067,23.5072802514
0.2505,-0.259733047002,0,5.3885824385,9.62329396267,12.1357132715,7.65649936443,13.7425000883,15.6161322287,2.20685002105,2.70316532519,23.5210875993
0.251,-0.242521977307,0,6.30443057774,11.2363723914,12.6929350523,8.19164496043,14.3282285521,16.5406089304,2.27825390472,2.73957952744,23.5417387678
0.2515,-0.219444274208,0,7.36330922086,13.0206975606,13.6487111281,8.82592780347,15.0814340333,17.5216290891,2.37399679907,2.78840601894,23.5694291754
0.252,-0.190057976804,0,8.56511840319,14.9124628748,15.1087896708,9.53032293745,15.6623577979,18.6020136253,2.49591227549,2.85057987541,23.6046891209
0.2525,-0.153649116488,0,9.89282718261,16.7870277465,17.1790808503,10.1553967243,15.8750935916,19.8550963462,2.64696238874,2.92761167103,23.6483752789
0.253,-0.109232196586,0,11.3027108225,18.4408427416,19.934493936,10.5577054166,15.5042015576,21.3647525967,2.83123568715,3.02158646361,23.7016701242
0.2535,-0.0555479580197,0,12.7143029815,19.5894264473,23.3671974778,11.0642046924,15.2694206906,23.8385039073,3.05395648217,3.13516852186,23.766084613
0.254,0.00893451542415,0,14.0049928843,19.9031986768,27.3225801415,11.549746829,14.8814984093,26.5963026986,3.32147611426,3.27159687123,23.8434556566
0.2545,0.0859992643984,0,15.0171875288,19.0989432841,31.4544980286,11.9673939659,13.8928406932,29.0860057097,3.64119606593,3.43464608346,23.9359238846
0.255,0.177628368293,0,15.5852655436,17.0729796216,35.2517979509,12.4169510026,12.78049057,31.2901515842,4.02133942666,3.62850972937,24.0458675487
0.2555,0.285877902038,0,15.5807087416,14.0078499058,38.17034682,12.9588223652,12.1621204903,33.4853611414,4.47043627259,3.85753793534,24.175753686
0.256,0.412635362125,0,14.9584445477,10.3603325853,39.828945223,12.9964440846,10.8251059594,36.1430387659,4.99631729539,4.12572415908,24.3278470604
0.2565,0.559188880761,0,13.7785381912,6.70477821963,40.1503677342,12.297774363,7.93360760952,38.2410900709,5.60432659301,4.43579375745,24.5036932722
0.257,0.725524622391,0,12.1885167077,3.52332587798,39.3511782742,11.5651902702,4.88801235923,38.9299208645,6.29440676563,4.78771745796,24.7032757205
0.2575,0.909285428799,0,10.3766005591,1.0745742637,37.8031555757,11.0060130149,3.08320259573,38.9627238588,7.05677862728,5.17650811934,24.9237661052
0.258,1.10441960176,0,8.52184649988,-0.608298442859,35.8752089209,10.2921797363,1.82984221659,38.5473151447,7.86633538543,5.58936190273,25.1579031319
0.2585,1.29979024138,0,6.76180747054,-1.63741043356,33.8404788741,9.33684619052,0.933025250139,37.5927260272,8.67687317719,6.00271598882,25.3923238896
0.259,1.47842747045,0,5.1824041623,-2.18035759306,31.8590584864,8.07423750752,0.186294730373,36.0357760497,9.41798875863,6.38066647671,25.6066666111
0.2595,1.61851971582,0,3.82340277892,-2.40013822368,30.0032658962,6.49867764702,-0.567874073759,33.9041105569,9.99919205218,6.67706568065,25.7747600891
0.26,1.69714424231,0,2.69054780417,-2.42841751104,28.2922937624,4.70053708683,-1.37602133438,31.3616814484,10.3253830817,6.84341498142,25.8690998584
0.2605,1.69651356062,0,1.76810743865,-2.3604981509,26.7195991401,2.86056798336,-2.17139832915,28.6901951761,10.3227665609,6.84208062098,25.8683431179
0.261,1.6103894257,0,1.02897780395,-2.26026624941,25.2696073238,1.18298178747,-2.86081424245,26.1920188647,9.96546176694,6.65986407528,25.7650047401
0.2615,1.44708513268,0,0.441722004493,-2.16795052988,23.9260379804,-0.190566672047,-3.43584330537,24.062862682,9.28795822132,6.3143541413,25.5690596576
0.262,1.22701908013,0,-0.0250608425919,-2.10745158055,22.6751600181,-1.21772625952,-4.0075672638,22.3260166503,8.37496611247,5.84875090528,25.3050074393
0.2625,0.976241817997,0,-0.4003555355,-2.09220387186,21.5065070963,-1.92834357231,-4.7457606937,20.879871457,7.33456183949,5.31817063895,25.0041055437
0.263,0.719535598315,0,-0.709698168795,-2.12949950578,20.4125745553,-2.62655698474,-6.33170746521,19.9036734661,6.2695599905,4.77504622149,24.6960896277
0.2635,0.47593836046,0,-0.974989571565,-2.22352863251,19.3882705054,-2.6489869634,-6.08173655182,20.1818235097,5.25894361725,4.25965704211,24.4038028788
0.264,0.257341910648,0,-1.21479818418,-2.37744873176,18.4304527479,-1.8224823799,-4.590409838,19.2974785159,4.35204847649,3.79716310796,24.1415140032
0.2645,0.0692500685292,0,-1.44491432147,-2.59475907802,17.5376628491,-1.28253822292,-3.40024737557,18.9699022721,3.57170836676,3.39920908758,23.915826908
0.265,-0.0875421037687,0,-1.67900552288,-2.88019690603,16.7100784857,-0.762642886635,-1.84427529602,17.8568765152,2.92122177702,3.0674771282,23.72769557
0.2655,-0.215211957323,0,-1.92928342059,-3.24031075399,15.9496821004,-0.0924689174099,0.316318272663,16.3501033553,2.39155549054,2.79736051426,23.5745074356
0.266,-0.31751078958,0,-2.20713153857,-3.68380890913,15.2606513605,0.0928383502032,1.20234811425,14.7698419424,1.9671464301,2.580922464,23.4517614087
0.2665,-0.398789606855,0,-2.523665099,-4.22172455956,14.649995912,-0.182307313227,0.955353508213,13.0761876436,1.62994349521,2.40895736577,23.3542368167
0.267,-0.463394431141,0,-2.89020111639,-4.86737829065,14.1284855536,-0.795373953617,-0.105540111123,11.3527859102,1.36191626391,2.27227015345,23.2767189671
0.2675,-0.515336887558,0,-3.31861079972,-5.6360441166,13.7119295712,-1.64283937497,-1.64963917681,10.0404699816,1.14642163276,2.16237325879,23.2143944028
0.268,-0.558151285287,0,-3.82150551194,-6.54412582135,13.4228639202,-2.65097008767,-3.43782736468,9.45070115697,0.968796747776,2.07178899147,23.1630223871
0.2685,-0.594868796583,0,-4.41216919555,-7.60751379025,13.2926592823,-3.78145685564,-5.38669007464,9.4489277158,0.816466128483,1.99410416966,23.1189658859
0.269,-0.628059376264,0,-5.10408996093,-8.8386128408,13.3639347152,-5.14405558399,-7.87545936529,9.74960772153,0.678767755715,1.92388142915,23.0791412692
0.2695,-0.659908474208,0,-5.90985881343,-10.2413283846,13.6928721013,-6.68506509163,-10.6208067105,10.5519053625,0.546634813081,1.85649691938,23.0409262657
0.27,-0.692307738724,0,-6.83910119539,-11.8031600478,14.3504625181,-8.05392087376,-12.9176232327,11.9584335952,0.412219384199,1.78794839847,23.00205113
0.2705,-0.726947314075,0,-7.89502135364,-13.4837169841,15.4207590532,-9.25930831783,-14.7924339763,13.9211625596,0.268509536253,1.71465995534,22.9604878965
0.271,-0.765402730663,0,-9.06916433761,-15.1999337242,16.9928778,-10.3048074807,-16.2546655189,16.4269356458,0.108968837082,1.63329817237,22.9143461226
0.2715,-0.809212384722,0,-10.3343303333,-16.8108069929,19.1422876553,-11.1894268739,-17.2990261245,19.4925053433,-0.0727850862745,1.54060819833,22.8617799216
0.272,-0.859942601452,0,-11.6365111664,-18.1092344506,21.8974665978,-11.9086078341,-17.9041218341,23.1574437903,-0.28325047618,1.43327609144,22.800909896
0.2725,-0.919236409026,0,-12.8885030618,-18.8345430154,25.1933334986,-12.5632857369,-17.6605283439,26.8689065371,-0.529243794061,1.30782562617,22.7297646137
0.273,-0.988839276227,0,-13.970152224,-18.7213663621,28.8258192344,-13.1454710166,-16.5008261693,30.6878651415,-0.818006498589,1.16056383895,22.6462497269
0.2735,-1.07058975984,0,-14.7413089351,-17.5886567108,32.4390892393,-13.6448616273,-14.3327330668,34.6872949174,-1.15716624436,0.987600815902,22.5481591931
0.274,-1.1663546744,0,-15.0704357035,-15.4408758794,35.5812813885,-13.8918597538,-12.0195605996,37.1738475739,-1.55446791939,0.784986857054,22.4332530646
0.2745,-1.2778766711,0,-14.8727725385,-12.5194732064,37.833293412,-14.0597406082,-10.512057093,37.5666479813,-2.017141293,0.549034960116,22.2994403739
0.275,-1.40648795401,0,-14.1415868859,-9.2500110996,38.9543844535,-14.0903399501,-9.54631102282,36.7690686191,-2.55071330491,0.276926523487,22.1451226399
0.2755,-1.55263200517,0,-12.9547593061,-6.09796813238,38.9554611153,-13.9113272601,-8.7830684649,35.9488235877,-3.15702383722,-0.0322767468831,21.9697677387
0.276,-1.71513862177,0,-11.4518981186,-3.41799767384,38.0562803555,-13.4644942622,-8.06575728868,35.2635262584,-3.83121804788,-0.376099002465,21.7747797699
0.2765,-1.89024322844,0,-9.79461792798,-1.37965255427,36.5681482782,-12.6822281983,-7.19144115957,34.8963374887,-4.55767777336,-0.746575368847,21.5646757611
0.277,-2.07047085343,0,-8.12945433,0.0155421458523,34.7817361081,-11.4963266658,-5.91809282507,35.0405922608,-5.30539145978,-1.12789072595,21.34842476
0.2775,-2.24375210598,0,-6.56596880532,0.868476678575,32.9081848905,-10.03511627,-4.91588687811,33.9647953704,-6.02428660222,-1.49450934339,21.1405085521
0.278,-2.39345716584,0,-5.17130099701,1.31667039037,31.0722549914,-8.32013184108,-4.06935667619,31.7030685688,-6.6453707573,-1.81124679341,20.9608808781
0.2785,-2.50018868806,0,-3.97561479639,1.49156473306,29.3327088479,-6.4099216322,-3.13887181018,28.8442037586,-7.08816980068,-2.03706327693,20.8328161681
0.279,-2.54574129817,0,-2.98198609994,1.49949907092,27.7078823095,-4.45141553488,-2.07819111026,25.9181821973,-7.27715475813,-2.13344089827,20.7781586341
0.2795,-2.51838383608,0,-2.17637061143,1.41803272,26.1957542295,-2.62194504302,-0.970393459501,23.3277069744,-7.16365634837,-2.07555953615,20.8109842265
0.28,-2.41718448632,0,-1.53565051406,1.29953713746,24.7863861938,-1.03911881758,0.162184618294,21.4134188342,-6.74380873133,-1.86144770841,20.9324110095
0.2805,-2.25292226518,0,-1.03330889752,1.17702469659,23.4683356509,0.285889215111,1.50376561666,20.5951330519,-6.06233101156,-1.51391104459,21.129505488
0.281,-2.04491958566,0,-0.643012885358,1.06981105818,22.2313322042,1.34898275113,3.03753990215,20.6281527356,-5.19938644185,-1.07383080702,21.3790831412
0.2815,-1.8155446286,0,-0.340610996228,0.988153730853,21.0670091626,2.02271212762,4.021499194,19.7141896478,-4.24777430842,-0.588532320354,21.6543049009
0.282,-1.58507857286,0,-0.105036690478,0.936736243596,19.9687964783,2.38063299533,4.76287967817,18.3375200741,-3.29163551366,-0.100925349154,21.930835845
0.2825,-1.36868521516,0,0.0814860132076,0.917145328381,18.9315546072,2.47771526522,5.47835239445,16.8919664999,-2.39388038196,0.35690740802,22.1904812808
0.283,-1.17565698103,0,0.233646167651,0.929561413615,17.9512066454,2.40857631315,6.795848242,18.0456541023,-1.59306057126,0.765305565815,22.4220914398
0.2835,-1.01016868733,0,0.363462281273,0.973874739889,17.0244575215,2.08518098275,6.97195651927,20.0553416,-0.90649622157,1.1154362842,22.6206570548
0.284,-0.872646051828,0,0.480786036753,1.05040518861,16.1486139261,1.60687984095,5.10572230624,21.0943949375,-0.335953516084,1.40639885374,22.7856673167
0.2845,-0.76114528139,0,0.593819308134,1.16036530058,15.3214929724,0.8188489445,2.49287321403,20.4617430991,0.126631795749,1.64230584137,22.9194545385
0.285,-0.672466767246,0,0.709605783723,1.30617096297,14.5414048247,-0.208019009486,-0.508750558999,18.6613568225,0.494533990116,1.82992679732,23.0258578574
0.2855,-0.602940450949,0,0.834481645711,1.49167526986,13.8072009998,-0.710097664449,-2.16966665294,16.6427782606,0.78297910649,1.97702662249,23.1092808926
0.286,-0.548921745158,0,0.974484031546,1.72237814675,13.1183897558,-0.865719088359,-2.97231587279,14.6512061477,1.00708751189,2.09131632748,23.174096701
0.2865,-0.507067977323,0,1.13572401848,2.00564632232,12.4753311079,-0.825707461201,-3.2718022293,12.735006457,1.18072701383,2.17986814871,23.2243160788
0.287,-0.474463444563,0,1.32473448402,2.35096318074,11.879536813,-0.637622472075,-3.14364068483,11.2290633042,1.31599404288,2.24885096448,23.2634375113
0.2875,-0.448647871921,0,1.5488034889,2.77021314395,11.3341163209,-0.339867914787,-2.67571954523,10.2440399453,1.42309558732,2.30347008462,23.2944130259
0.288,-0.427588229086,0,1.8163010835,3.27798647629,10.8444297219,0.0355636821841,-1.97374203762,9.67804508891,1.51046611767,2.348026879,23.3196820092
0.2885,-0.409621100983,0,2.1370009665,3.8918616342,10.4190343324,0.46803221283,-1.11140668024,9.45321227502,1.58500667487,2.38604070662,23.3412403548
0.289,-0.393382970866,0,2.5223862502,4.63257382648,10.0710425286,0.945943857163,-0.137108630999,9.51115539196,1.65237410609,2.42039641866,23.3607241154
0.2895,-0.37773866285,0,2.98590684653,5.52389506471,9.82004040702,1.46496571494,0.92078977555,9.80935207931,1.71727793656,2.45349575566,23.3794953624
0.29,-0.361713299115,0,3.5431180606,6.59190963607,9.6947354569,2.026720026,2.04996128827,10.3183538358,1.78376265996,2.48740130869,23.3987238295
0.2905,-0.344429923833,0,4.21156546989,7.86313843287,9.73647025598,2.63790636513,3.25122127267,11.0197174402,1.85546651916,2.52396849099,23.4194617558
0.291,-0.325052970303,0,5.0101756458,9.36061439906,10.003577237,3.30980145189,4.53658570538,11.9045616818,1.93585604522,2.56496514705,23.4427117188
0.2915,-0.302736638224,0,5.95775040473,11.0965401193,10.5760956548,4.05809430124,5.92815036461,12.9726706448,2.02844022552,2.61218077305,23.4694885747
0.292,-0.276576748266,0,7.06994119012,13.0596927708,11.5593472408,4.90302595897,7.45769375592,14.2320861969,2.13697024559,2.66752838018,23.5008772278
0.2925,-0.245564600371,0,8.35384732878,15.1957419766,13.0828991945,5.78691738038,8.99485102775,15.7330156946,2.26563091805,2.73314211864,23.538087994
0.293,-0.208541742305,0,9.79931831142,17.3802648251,15.2883476186,6.76334897223,10.5447948171,17.2089813345,2.41922833515,2.81147297577,23.5825108738
0.2935,-0.16415545065,0,11.3665927437,19.389588482,18.2960821504,7.75700036855,11.7632821483,18.7827432428,2.60337456558,2.90538296684,23.635768969
0.294,-0.110816411541,0,12.971860037,20.8858131484,22.1417755541,8.40814620459,12.0930390071,20.6239826238,2.82466322522,3.01823467172,23.6997692609
0.2945,-0.0466630972844,0,14.4764093318,21.4471892174,26.6864401121,9.13188697759,12.4749688295,23.6180601818,3.09081726849,3.15396660481,23.776745354
0.295,0.0304574156066,0,15.6903194441,20.6780328952,31.5374905263,9.79043422921,12.4686323754,26.7359421495,3.41076856895,3.31713379916,23.8692804918
0.2955,0.122973513169,0,16.4031056931,18.3941215277,36.0585981015,10.2438172552,11.2906105461,29.4690134308,3.79459181674,3.51287409581,23.9802884393
0.296,0.233504717154,0,16.4430584767,14.7927014705,39.5367233485,10.991470358,11.0117072719,31.5215335129,4.25315467027,3.74672972989,24.1129123004
0.2965,0.364653282662,0,15.7433173238,10.4580689987,41.4629913133,11.3330476509,10.1445408287,34.4207543289,4.79725315347,4.0242064047,24.2702744617
0.297,0.518585439149,0,14.3754471406,6.14345776071,41.7458324306,10.9397304879,7.90304002042,36.8966314601,5.43587434263,4.34988730532,24.4549741322
0.2975,0.696283765054,0,12.5260014662,2.46632259222,40.6954827407,10.1828628017,4.66978509873,37.9539656906,6.17309467912,4.72585131531,24.6681902853
0.298,0.896343384699,0,10.4311265794,-0.272763371027,38.8154225108,9.68769317408,2.85770545259,38.1924319597,7.00308572918,5.14912607862,24.9082372427
0.2985,1.11326114408,0,8.30900484807,-2.0744214148,36.5772236633,9.01287337134,1.5899863807,37.9440993441,7.90301645584,5.60806833504,25.1685118962
0.299,1.33543728458,0,6.3196390905,-3.1142061912,34.3042384185,8.05245593244,0.638901522337,37.0839045643,8.82476272567,6.07813597512,25.4350959607
0.2995,1.54367360566,0,4.55596519852,-3.61796377003,32.1654693213,6.7124303072,-0.261407533659,35.5214820257,9.68867660846,6.51871053822,25.684953955
0.3,1.71168416986,0,3.05458209165,-3.78869415616,30.2213909815,4.96060904187,-1.33146467242,33.3030957662,10.3857051485,6.87417773307,25.8865459846
0.3005,1.81033696026,0,1.81308473416,-3.78070078101,28.4738773513,2.89512573875,-2.59686324212,30.7483057282,10.7949878075,7.08290169534,26.0049172093
0.301,1.81586660339,0,0.806164934033,-3.70005751568,26.9011072679,0.735527067971,-3.94571991624,28.2109102177,10.8179287404,7.09460099975,26.0115521015
0.3015,1.71901931238,0,-0.00238323703959,-3.61475520338,25.4765617516,-1.25539379446,-5.22833560878,25.9323820601,10.4161365901,6.88969701035,25.8953472542
0.302,1.52969998888,0,-0.651859352276,-3.56600114585,24.1772174227,-2.86553073689,-6.29472708354,24.1626281842,9.63070400566,6.48914595469,25.6681873322
0.3025,1.27372847329,0,-1.18015566171,-3.57759010802,22.9859389152,-4.03552595814,-7.24697958097,22.8147038745,8.56875023715,5.94757598237,25.3610529708
0.303,0.983788461976,0,-1.62153822691,-3.66280961409,21.8913582571,-4.80870714224,-8.29973225442,21.6809828471,7.36587074117,5.33413739901,25.013160589
0.3035,0.690077366072,0,-2.00587552601,-3.82922081114,20.8870018393,-5.60854826818,-10.3498946433,21.0296099639,6.14734607669,4.71272016938,24.6607433692
0.304,0.414740288003,0,-2.35871468787,-4.08182278144,19.970460308,-5.35966990171,-9.77361515155,21.3509950257,5.00505004038,4.13017764152,24.3303727127
0.3045,0.170639968977,0,-2.7018014584,-4.42503896516,19.1428896387,-4.76092960399,-8.99694724455,20.7062678888,3.99234652496,3.61372407162,24.0374823283
0.305,-0.0371581375979,0,-3.05378154083,-4.86384299923,18.4089052458,-4.10245092161,-7.22076507575,20.2106286787,3.13025067082,3.17407665785,23.7881501375
0.3055,-0.208986899372,0,-3.43091466422,-5.40422146447,17.7768490535,-3.32083720553,-4.91604966959,18.3383376486,2.41738150378,2.81053113777,23.5819767401
0.306,-0.348349082803,0,-3.84768862107,-6.05306029874,17.2593870417,-3.20883154444,-4.20268283925,16.1950773779,1.83920703174,2.51567655737,23.4147592467
0.3065,-0.460255749565,0,-4.31724670557,-6.81743538338,16.8743814877,-3.71412494693,-4.93827153783,13.7505281321,1.37493777031,2.27891079739,23.2804849992
0.307,-0.550146135566,0,-4.85154423385,-7.70318207849,16.6459440306,-4.64730429499,-6.4867172905,12.0942531902,1.00200786072,2.0887258319,23.172627583
0.3075,-0.623264696916,0,-5.46113279428,-8.71251772869,16.6054819721,-6.01289091255,-8.89873982312,11.3336686879,0.698659530746,1.93402573898,23.0848942952
0.308,-0.684354009101,0,-6.15444079503,-9.84041945596,16.7923662175,-7.52161082945,-11.4848253534,11.6590138949,0.445217169624,1.80477644718,23.0115946281
0.3085,-0.737548002475,0,-6.93638847754,-11.0694795303,17.2535407085,-8.79212072682,-13.4811325062,13.0064007885,0.224530263916,1.69223162182,22.9477683732
0.309,-0.786382513417,0,-7.80617222828,-12.3631988748,18.0409538213,-9.85677446703,-14.9850924773,15.159904115,0.0219296237276,1.58891034141,22.8891729615
0.3095,-0.833867249977,0,-8.75412951623,-13.6583407973,19.2052150108,-10.7364424729,-16.0538907499,17.9861133264,-0.175071182481,1.48844483685,22.8321971133
0.31,-0.882582860502,0,-9.75783665626,-14.8582826056,20.7836876099,-11.4860509526,-16.5663927263,21.1724472626,-0.377178538304,1.38537511918,22.7737443675
0.3105,-0.934779763883,0,-10.7780941511,-15.8312973111,22.7820155729,-12.1596161982,-16.3551062848,24.4198618745,-0.59372879829,1.27493988011,22.7111144981
0.311,-0.992463135107,0,-11.7562448986,-16.4196722428,25.1508403109,-12.7545004627,-15.4051996139,27.7534610562,-0.833040869052,1.15289668446,22.6419015415
0.3115,-1.05745206461,0,-12.6151251864,-16.465488366,27.7647119948,-13.2661243438,-13.6735636992,31.2117805121,-1.10266164477,1.01539680418,22.5639228129
0.312,-1.13140122136,0,-13.2661967592,-15.8536584065,30.4161946326,-13.5359888845,-11.4378758311,33.8746210047,-1.40945588129,0.858939384735,22.4751929127
0.3125,-1.21577099219,0,-13.6240440796,-14.561174737,32.8393476449,-13.7398749846,-9.8851726625,34.8735931871,-1.75948231244,0.680434622805,22.3739595562
0.313,-1.3117279063,0,-13.6259553136,-12.6889621194,34.7663002004,-13.85605103,-8.96243909599,34.1841083181,-2.15758053957,0.477414442225,22.2588230518
0.3135,-1.41995294701,0,-13.2501021881,-10.4521507912,35.9993627905,-13.8317519863,-8.36142098301,32.9676698304,-2.6065757708,0.248438057222,22.1289663031
0.314,-1.54033489064,0,-12.524202804,-8.12451376685,36.4643934863,-13.6245876182,-7.88975087733,31.7963860939,-3.10600657036,-0.00625921144949,21.9845227649
0.3145,-1.67153639986,0,-11.5200250551,-5.96188486093,36.2176989639,-13.1997814516,-7.4392087938,30.7801452089,-3.65032470216,-0.283847901575,21.8270970777
0.315,-1.81045393683,0,-10.3360322063,-4.14211683001,35.407135486,-12.5211185764,-6.88335641277,30.0400818562,-4.22665446118,-0.577761724286,21.6604131055
0.3155,-1.95166211659,0,-9.07583342054,-2.74435794806,34.2137666705,-11.5569962486,-6.08540271371,29.6966973559,-4.81248745237,-0.876521958712,21.4909806433
0.316,-2.08704253505,0,-7.83035883675,-1.76414650797,32.8033635887,-10.2921513769,-4.92218417642,29.8448723953,-5.37414270233,-1.16295214729,21.3285407786
0.3165,-2.20591539087,0,-6.66789566888,-1.14535770889,31.3016391255,-8.8724860609,-3.99483001184,29.117104886,-5.86731272133,-1.41445657381,21.1859079604
0.317,-2.29602659529,0,-5.6318388533,-0.811212205018,29.7907612667,-7.34268599394,-3.22543739042,27.6786782594,-6.2411587444,-1.60510873436,21.0777855892
0.3175,-2.34555425767,0,-4.74363165455,-0.685697115195,28.3175896309,-5.7643922344,-2.48803714618,25.9309332278,-6.4466350748,-1.70989654515,21.0183584809
0.318,-2.34581878096,0,-4.00806134598,-0.70466112643,26.905071305,-4.22136531053,-1.71572330692,24.2351356837,-6.44773250748,-1.71045620849,21.0180410855
0.3185,-2.293799035,0,-3.41885473292,-0.819443792619,25.5620972779,-2.78608376907,-0.842239833176,22.9251256563,-6.23191722375,-1.600395789,21.0804583878
0.319,-2.19333132832,0,-2.96348023994,-0.996309671943,24.2903691503,-1.49198296346,0.260073251085,22.349171477,-5.81510498793,-1.3878319301,21.2010072889
0.3195,-2.05434865699,0,-2.62678029033,-1.21408150087,23.0885381888,-0.389049877582,1.48239531059,22.2421166057,-5.23850500476,-1.0937802998,21.3677694144
0.32,-1.89047877524,0,-2.39346340307,-1.46136566719,21.9544256604,0.413420082794,2.30207353889,21.4158389169,-4.55865499073,-0.747073725366,21.5643931339
0.3205,-1.71606165254,0,-2.24966006709,-1.73404085338,20.8861000623,0.948223345407,2.88430034156,20.1300773582,-3.83504744274,-0.378051898464,21.7736722464
0.321,-1.54368242493,0,-2.18378747655,-2.03325676249,19.8823706514,1.25069181473,3.38012115423,18.6543677937,-3.11989454791,-0.0133417341006,21.9805061352
0.3215,-1.38279234689,0,-2.18694587503,-2.3639733275,18.9430442869,1.35120184608,3.8940681127,17.1987346259,-2.45240690068,0.32706034117,22.1735544564
0.322,-1.23939747079,0,-2.25302402895,-2.73397378844,18.0691420039,1.30875608443,4.78789605092,17.3443833731,-1.85750192188,0.630447063321,22.3456106854
0.3225,-1.11646563993,0,-2.37864308003,-3.15324850506,17.2631835292,1.15206110414,6.14616831476,19.4809885607,-1.34749235793,0.890539238353,22.4931137749
0.323,-1.01465943426,0,-2.56302468745,-3.63363560931,16.5296052913,0.775586171165,6.17980497911,21.4975055774,-0.92512706652,1.10593501731,22.6152687104
0.3235,-0.933110615696,0,-2.80783269209,-4.1885994086,15.8753627145,0.296606491629,5.02914766309,22.9067607338,-0.58680397229,1.2784713689,22.7131172708
0.324,-0.87008475841,0,-3.11700603914,-4.83301489461,15.3107666017,-0.260353539577,3.11429579761,23.9294579383,-0.325327430634,1.41181789266,22.788740554
0.3245,-0.823483986301,0,-3.49657114419,-5.58279673883,14.8506042649,-0.94670227274,1.01040582906,24.3244694039,-0.131993944122,1.51041315551,22.8446557536
0.325,-0.791191890311,0,-3.95438990299,-6.45415459092,14.5155851328,-1.72638887693,-1.09334917259,24.3177527726,0.00197687271467,1.57873493535,22.8834023003
0.3255,-0.771288868358,0,-4.49975998355,-7.46216565791,14.3341067746,-2.55626931271,-3.10298691093,24.1570753277,0.0845489085875,1.62084461706,22.9072834807
0.326,-0.762171808545,0,-5.14273179722,-8.61822951475,14.3442246785,-3.40174373231,-4.95064945535,24.0296319989,0.122373023525,1.64013397361,22.918222832
0.3265,-0.762608944956,0,-5.89293896086,-9.92582943034,14.5954691296,-4.23477549527,-6.58717424499,24.0775382484,0.120559467597,1.63920910525,22.9176983221
0.327,-0.771754455658,0,-6.757662035,-11.3739432912,15.149702976,-5.0321273618,-7.97573317656,24.4110412835,0.0826173179326,1.61985955393,22.9067248332
0.3275,-0.789140691619,0,-7.73878641122,-12.9276100203,16.0794765865,-5.77382456974,-9.08652278376,25.1196405807,0.010486718727,1.58307474486,22.8858634867
0.328,-0.814659927005,0,-8.82834646644,-14.5159299879,17.461339559,-6.44183078083,-9.89239150525,26.2814053597,-0.0953854058553,1.52908259824,22.8552435404
0.3285,-0.848542444801,0,-10.0026134608,-16.019711678,19.3606984126,-7.01890782214,-10.365242058,27.9708304781,-0.2359544351,1.45739589441,22.814588683
0.329,-0.891333412561,0,-11.2154000527,-17.264510655,21.8052149966,-7.54444352357,-10.2791674678,29.9456398559,-0.413482115732,1.36686119889,22.7632447804
0.3295,-0.943866913032,0,-12.3925942448,-18.0292713434,24.7475606125,-8.03514741341,-9.47543652628,32.0943389576,-0.631428822301,1.25571380684,22.7002110359
0.33,-1.00723106759,0,-13.4316830198,-18.0826734135,28.0276248984,-8.48021689576,-7.87395315403,34.4643820285,-0.894308864112,1.12165153296,22.6241818375
0.3305,-1.08271271488,0,-14.2110278475,-17.2516850498,31.357093572,-8.86764129528,-5.37885206956,37.1149882329,-1.2074609725,0.96195175722,22.5336131369
0.331,-1.17170287658,0,-14.6117430842,-15.5047332098,34.3546323747,-9.08986412703,-3.19618448477,38.1400071273,-1.57665610488,0.773671435089,22.4268358792
0.3315,-1.27553488817,0,-14.5486982719,-13.0050900146,36.6410644478,-9.25411698424,-1.77789444786,37.3440282153,-2.00742589479,0.553989571228,22.3022502256
0.332,-1.39521641162,0,-13.998919206,-10.0878519612,37.9603160606,-9.31096807344,-0.894128108437,35.5631738702,-2.5039508482,0.300774211716,22.1586471056
0.3325,-1.53100839353,0,-13.0127263952,-7.1567262675,38.2588569346,-9.20131067581,-0.246974114467,33.9082687636,-3.06731355906,0.0134732606015,21.9957134153
0.333,-1.68180835621,0,-11.7006534616,-4.55563352004,37.6764927386,-8.88488257576,0.278308573922,32.5490408541,-3.69294015773,-0.305580722512,21.8147719925
0.3335,-1.84433213639,0,-10.2028544044,-2.48574107377,36.4636128742,-8.31878079322,0.825560472791,31.6926124178,-4.36720557527,-0.64943929183,21.6197634294
0.334,-2.01218720038,0,-8.6559944154,-0.996893671995,34.883218744,-7.46364973697,1.56176761283,31.5653334149,-5.06358898871,-1.00457748817,21.418357981
0.3345,-2.17511611777,0,-7.17006076669,-0.0312707768125,33.1461944445,-6.39032847686,2.16418961397,31.3492621017,-5.73953520649,-1.34929322374,21.222863303
0.335,-2.31893063056,0,-5.81902926292,0.520202225281,31.3910570163,-5.19892963833,2.29967824271,30.2184684742,-6.3361811398,-1.65356778933,21.0503035616
0.3355,-2.42679542457,0,-4.64244073749,0.77465748494,29.6933545977,-3.91400326583,2.21192253782,28.6123510202,-6.78368180886,-1.88178198485,20.9208790647
0.336,-2.48225619743,0,-3.65266073083,0.833811135756,28.0856026401,-2.60702987791,2.05248020556,26.8485655357,-7.01377294462,-1.99912273331,20.8543329531
0.3365,-2.47353051472,0,-2.84354315554,0.775797626589,26.575808039,-1.36795138089,1.90648183116,25.1235533149,-6.97757254313,-1.98066143018,20.8648027
0.337,-2.39743864422,0,-2.19810370653,0.655618286801,25.1603775608,-0.257160969673,1.8911656235,23.6395248126,-6.6618887904,-1.81967057888,20.9561035934
0.3375,-2.26094516839,0,-1.69432803405,0.509165326104,23.8315826642,0.723092738648,2.23699682928,22.7587469954,-6.09561577875,-1.53088544685,21.1198789902
0.338,-2.07934843266,0,-1.30909865017,0.357999018956,22.5812040633,1.59085567006,3.13642477931,22.7561335495,-5.34222203722,-1.14667340312,21.3377727559
0.3385,-1.87204637452,0,-1.02058012135,0.213624950554,21.4019544815,2.16398332199,3.6750994642,21.6603446583,-4.48218414838,-0.708075500395,21.5865097496
0.339,-1.65795406498,0,-0.80947846384,0.080874349209,20.2877997051,2.48209030031,4.07904724296,19.9744915705,-3.59397541783,-0.255111170036,21.8433942104
0.3395,-1.4522942322,0,-0.659545621077,-0.0396198655562,19.233830437,2.57701760017,4.51543742242,18.1334071195,-2.7407506598,0.180012205669,22.0901607354
0.34,-1.26530545691,0,-0.55761801363,-0.149714159097,18.236012144,2.49619130344,5.29103356725,17.4444771131,-1.96498686382,0.575632420014,22.314524286
0.3405,-1.10246036648,0,-0.493396820996,-0.252643033799,17.2909509358,2.29130548534,6.73047360274,19.4528279268,-1.28938842051,0.920170799265,22.5099183819
0.341,-0.965470406778,0,-0.459110115238,-0.352348795564,16.3957182443,1.85442754923,6.11082330219,20.8336307498,-0.721055637004,1.21000636364,22.6742894983
0.3415,-0.853484931935,0,-0.449145753961,-0.453124261876,15.5477363757,1.27564496699,3.99503733292,21.4309967589,-0.256459423031,1.44693886127,22.8086583058
0.342,-0.764153238514,0,-0.459707468915,-0.55947077066,14.7447140829,0.434537414518,1.42170937511,20.6804210503,0.114152628305,1.63594177679,22.9158453596
0.3425,-0.69442844249,0,-0.4885220268,-0.676101396922,13.9846206844,-0.589888217781,-1.38867396967,19.0882951908,0.403421181199,1.78346153408,22.9995065461
0.343,-0.64111098061,0,-0.534609789628,-0.808042061375,13.2656911566,-1.52570730792,-3.91267324504,16.9847313804,0.624620322988,1.89626758708,23.0634809479
0.3435,-0.601178731656,0,-0.598121928877,-0.960800996768,12.586459745,-2.03810941798,-5.21250698382,15.1958255938,0.790287983957,1.98075396796,23.1113947393
0.344,-0.571961322371,0,-0.680242907511,-1.14059027342,11.9458250071,-2.32321956994,-5.89255593281,13.5862279449,0.911502791098,2.04257050056,23.1464520398
0.3445,-0.55120994939,0,-0.78315506902,-1.35459241825,11.3431549839,-2.51230027571,-6.26324752119,12.165141384,0.9975943966,2.08647507512,23.1713511371
0.345,-0.537102714708,0,-0.910062088716,-1.61127110978,10.7784481099,-2.64372660044,-6.42755160339,10.9424414749,1.05612134245,2.1163223598,23.1882780851
0.3455,-0.528214215717,0,-1.06526874938,-1.92072762401,10.2525745703,-2.74653934486,-6.46389638401,9.92018092408,1.09299722288,2.13512814037,23.1989431915
0.346,-0.523468782986,0,-1.25431522788,-2.29510357399,9.76763545167,-2.8427040528,-6.43159821138,9.09544969644,1.11268468756,2.14516825701,23.2046371276
0.3465,-0.522089671021,0,-1.48416398495,-2.74902379766,9.32749488326,-2.94900922535,-6.37535900575,8.4626591683,1.11840623491,2.14808610365,23.2062918925
0.347,-0.523551459394,0,-1.76343527208,-3.30005732876,8.93856531763,-3.07863435091,-6.32894061462,8.01533273579,1.11234168641,2.14499333496,23.2045379261
0.3475,-0.527539522496,0,-2.10268130569,-3.96914229369,8.61095976255,-3.24243660867,-6.3181433381,7.74749662846,1.09579633514,2.13655561791,23.1997527405
0.348,-0.533918274067,0,-2.51467602974,-4.78085996872,8.3601669874,-3.45001218969,-6.36321719884,7.65476828718,1.06933269033,2.12305981817,23.1920990225
0.3485,-0.542708636913,0,-3.01467142511,-5.76333324914,8.20945074851,-3.71058861054,-6.48082637862,7.73523679178,1.03286394915,2.10446166848,23.1815516673
0.349,-0.554074545982,0,-3.62052302605,-6.94733250477,8.19320184509,-4.03380138474,-6.68567456581,7.99022343683,0.98570999165,2.0804143246,23.1679139733
0.3495,-0.568318047329,0,-4.35250166892,-8.36385134505,8.36142942201,-4.43040408904,-6.99188487276,8.42500360055,0.926617713756,2.05027873466,23.1508235221
0.35,-0.585882543881,0,-5.23246446054,-10.0389193317,8.78534422922,-4.91295648472,-7.41421414845,9.04956596869,0.853747561535,2.01311677197,23.1297482848
0.3505,-0.607363836742,0,-6.2818332643,-11.9837528706,9.56331524456,-5.60195553237,-8.21151065408,9.8492851406,0.764627723911,1.96766787445,23.1039733733
0.351,-0.633528711054,0,-7.5175220301,-14.1777199656,10.8249428232,-6.5313534619,-9.57524814173,10.6825786603,0.656077025155,1.91230972171,23.0725787396
0.3515,-0.665340802384,0,-8.94464696994,-16.5417792747,12.7280311137,-7.63048395622,-11.1118827589,12.0149603312,0.524097612545,1.84500350843,23.0344081395
0.352,-0.703993191918,0,-10.5448498577,-18.9029588143,15.438713382,-8.58873611608,-12.2498657059,13.9074449725,0.363739728064,1.76322498131,22.9880300222
0.3525,-0.75094635339,0,-12.2600980161,-20.9593969303,19.0808796037,-9.3943456188,-12.9626033694,16.4234138509,0.168944277272,1.66388415309,22.9316919987
0.353,-0.807968257516,0,-13.9750977688,-22.273031807,23.6447723246,-10.0316822282,-13.2095039426,19.6515203171,-0.0676235526866,1.5432404519,22.8632727214
0.3535,-0.877169846356,0,-15.5077225349,-22.3362181308,28.8701306302,-10.5112115087,-12.8291561272,23.5378777827,-0.354721466243,1.39682766661,22.7802393192
0.354,-0.961022405349,0,-16.6234662933,-20.7494488062,34.1732873783,-10.9303864228,-11.3255551534,27.5446177443,-0.70260213108,1.21941719205,22.6796265534
0.3545,-1.0623315085,0,-17.0875609279,-17.4680471012,38.7310306314,-11.2715382625,-8.54980128677,31.789924334,-1.12290508403,1.00507315434,22.5580680799
0.355,-1.1841222767,0,-16.7464082512,-12.9510355336,41.7704391411,-11.4168438387,-5.85358131598,34.1565191634,-1.62818070022,0.747395174765,22.4119341253
0.3555,-1.32935959123,0,-15.5970141327,-8.03444801468,42.9183869285,-11.4748084286,-4.15317543265,33.8848805049,-2.23072943747,0.44011032618,22.2376671967
0.356,-1.50038441806,0,-13.7958508341,-3.56792932661,42.3423956488,-11.3381222519,-2.85654150549,33.3918825097,-2.9402633047,0.0782657259432,22.0324584224
0.3565,-1.69790486369,0,-11.5987298188,-0.0840398169453,40.5808772282,-10.934960128,-1.76334759632,33.0908509209,-3.75972003652,-0.339636797438,21.7954581616
0.357,-1.91938006791,0,-9.2731475924,2.28827865805,38.2381687661,-10.1793197092,-0.621157407417,33.3846267044,-4.67855831902,-0.808221436416,21.5297151345
0.3575,-2.15677804981,0,-7.03248162753,3.70147160733,35.7712055844,-9.04253613884,0.550867360165,34.0279936884,-5.66345572424,-1.31049458267,21.244866731
0.358,-2.39414165126,0,-5.01120927258,4.41762356741,33.4362227573,-7.66735687459,0.967552887075,33.1111103622,-6.64821049463,-1.81269498872,20.9600595797
0.3585,-2.60626374256,0,-3.27142206946,4.69141334366,31.3336445906,-6.00733508525,1.14538633686,31.5068775648,-7.52824534433,-2.26149084343,20.7055391386
0.359,-2.76068764634,0,-1.82268556257,4.72184944184,29.4749694643,-4.14985062059,1.39391743365,29.9008017207,-8.16890665456,-2.58821215498,20.5202494319
0.3595,-2.82492041005,0,-0.642589175894,4.64675541672,27.8338446704,-2.33143544712,1.64428572083,28.4400293839,-8.43539031125,-2.7241121827,20.4431780092
0.36,-2.77770336068,0,0.307331024673,4.55434383039,26.3750403708,-0.803288925945,1.64687730804,26.7984211851,-8.23950006387,-2.62421303549,20.4998326658
0.3605,-2.61862209724,0,1.07106507327,4.49777182509,25.0673444602,0.35415902619,1.45188135456,24.8490000862,-7.57951667932,-2.28763794728,20.6907106318
0.361,-2.36933307744,0,1.69196940826,4.50738960251,23.8875660858,1.25688273896,1.61700086351,23.2684578959,-6.54528670485,-1.76020641941,20.9898268195
0.3615,-2.06524174671,0,2.20963143129,4.59965982972,22.8205907353,2.03967236232,2.69930985928,22.905534466,-5.28369736787,-1.1168272794,21.3546990454
0.362,-1.74337081242,0,2.65863895269,4.78319778093,21.858172451,2.45827773808,3.40168985845,21.0684758101,-3.94834546024,-0.435831065529,21.7409046106
0.3625,-1.4332526668,0,3.06845482549,5.06265077348,20.9976821585,2.58032168987,4.13562456527,18.8420939404,-2.66175256468,0.220299266608,22.1130082738
0.363,-1.1534995736,0,3.46386398182,5.44102035799,20.2412502109,2.50121561457,5.67184048866,19.590290517,-1.50113572457,0.812184948091,22.4486776057
0.3635,-0.91270527866,0,3.86564875215,5.92084559481,19.5953825467,2.13918280014,4.62440975664,20.3272743008,-0.502147972527,1.32164382029,22.7376011675
0.364,-0.712193695922,0,4.29127047213,6.50449892877,19.0709862309,1.29195813259,1.73792786393,18.3923868383,0.329718145192,1.7458748214,22.9781904252
0.3645,-0.548863101881,0,4.75540800208,7.19370972905,18.6836830253,1.21727970822,0.479153341157,15.1713787661,1.00733080633,2.09144040159,23.1741670657
0.365,-0.417389916809,0,5.27024108148,7.98832126972,18.4542449987,1.81873424878,0.802205606209,12.7249168387,1.55277604474,2.36960388801,23.3319187306
0.3655,-0.311685724122,0,5.8453798976,8.88420858372,18.4089104944,2.95177650394,2.4581566276,11.6354902642,1.99131298707,2.59324680615,23.4587507714
0.366,-0.225749799716,0,6.48734347858,9.87025882899,18.5792054449,4.3882889529,4.89272021466,11.5150480638,2.34783694859,2.77506514674,23.5618633197
0.3665,-0.154103070952,0,7.19849436208,10.9243914035,19.0006955253,5.77415785119,6.85404107436,12.056063427,2.64507905945,2.92665122,23.6478305893
0.367,-0.0919584308805,0,7.97537037417,12.0088542727,19.7098586094,6.89097922944,8.22262032153,13.4641435324,2.90289967892,3.05813331451,23.7223965202
0.3675,-0.035238089469,0,8.80645399512,13.065578561,20.7381061911,7.99155463408,9.58006800029,16.1236891641,3.13821641006,3.17813898646,23.7904539593
0.368,0.0194882982411,0,9.66963252945,14.0132622418,22.1021485914,8.98335967702,10.612300092,18.9310102522,3.36526078854,3.29392596459,23.856118899
0.3685,0.0750970993151,0,10.5299605057,14.7489331855,23.7907994576,9.86518438593,11.1493892095,21.4246214722,3.59596605169,3.41157990272,23.9228426263
0.369,0.134005040349,0,11.3387990041,15.1573987747,25.7503485259,10.5577140299,10.9112149702,23.8161020159,3.84035851791,3.53621397352,23.9935249162
0.3695,0.198243740966,0,12.0357742983,15.131019874,27.8736649595,11.3839775435,11.258010164,25.7447745755,4.10686680516,3.67212656221,24.0706034624
0.37,0.269498931337,0,12.5548646462,14.5983673182,30.0007700372,12.2297227951,11.8500867491,27.5008316942,4.40248453343,3.82288424081,24.156100934
0.3705,0.34910070417,0,12.8348358138,13.5537712971,31.9377602224,12.7033365217,11.9695862189,29.8856540402,4.73272988298,3.9913011438,24.2516132788
0.371,0.437951321981,0,12.8321731037,12.0741580428,33.4940804946,12.7593889633,11.5003598004,32.0165982165,5.10134608702,4.1792862269,24.358223101
0.3715,0.536377770504,0,12.5325076114,10.3109176667,34.5269998076,12.2882858129,9.82316531022,33.7538684958,5.50968971732,4.38753130793,24.4763227432
0.372,0.643900869449,0,11.9559492998,8.45563450209,34.9745082153,11.4276013319,7.06616666702,34.561026303,5.95577278975,4.61502256447,24.6053372481
0.3725,0.758926542809,0,11.1537682456,6.69320348049,34.861754257,10.9409986749,5.49125639957,34.6014035272,6.43298193163,4.85838734119,24.7433539202
0.373,0.878394295075,0,10.1976068401,5.16261849765,34.2803997619,10.5403518086,4.75452560402,34.2958800717,6.92862000855,5.11115041578,24.886700541
0.3735,0.997467517418,0,9.16544169101,3.93925486698,33.3539209766,10.0522160049,4.37399391003,33.7409748396,7.42262129188,5.36307876641,25.0295737745
0.374,1.10941436677,0,8.12903148242,3.03923057172,32.2052230103,9.44942327015,4.24314859539,32.9183500139,7.88705725955,5.59992954242,25.1638962361
0.3745,1.20587885062,0,7.14582617089,2.43687361488,30.9364574542,8.7182778927,4.25599555388,31.8316433936,8.2872612507,5.8040236102,25.2796417619
0.375,1.27772326591,0,6.25589351423,2.0848361118,29.622100779,7.86590510784,4.32080837451,30.5182868892,8.5853235073,5.95602793736,25.365846231
0.3755,1.31647252201,0,5.4827379036,1.93022203634,28.3110725622,6.92467004721,4.37248605648,29.049533616,8.74608326391,6.03801140926,25.4123405763
0.376,1.31610399108,0,4.8363307467,1.92465804051,27.0328184081,5.94941562345,4.37554601547,27.5139627566,8.7445543328,6.03723169247,25.4118983844
0.3765,1.27462895276,0,4.3168985443,2.02907487698,25.8038159075,5.00615540098,4.31407144502,25.9902577637,8.57248607299,5.9494811656,25.3621334355
0.377,1.19483071542,0,3.91853088241,2.21493216368,24.6328462917,4.15644423253,4.17456735572,24.5241252416,8.24142564752,5.78064859419,25.2663853574
0.3775,1.08380528598,0,3.63215336578,2.46349866767,23.5246713011,3.44504882524,3.93383975675,23.1225784491,7.7808123917,5.54574730601,25.1331684864
0.378,0.951468290362,0,3.447741533,2.76431554019,22.4823726312,2.89602353824,3.55971818699,21.7670884719,7.23178344647,5.26575621836,24.974380355
0.3785,0.808612038235,0,3.35583290926,3.11349891093,21.5087805991,2.50872921158,2.92039701755,20.4012938996,6.63911306691,4.96350908617,24.8029704086
0.379,0.665168250973,0,3.34846905319,3.51219883948,20.6073772132,1.86088033354,1.35397355,19.6420398873,6.04400516945,4.66001888055,24.6308554923
0.3795,0.529088258349,0,3.41971153638,3.96531999769,19.7829556731,1.73518919246,1.24582046122,19.7205805921,5.47944758321,4.37210857276,24.4675762245
0.38,0.405917616435,0,3.56585629064,4.48048688886,19.0422214435,2.23979275398,2.34153025641,19.8267126108,4.96844725941,4.11151113487,24.3197865911
0.3805,0.298909437615,0,3.78543787828,5.06716516534,18.3944485548,3.12795257244,3.90501290553,19.4673037819,4.52450044565,3.88510931704,24.1913899272
0.381,0.209443809112,0,4.07907795612,5.73580296144,17.8522544801,4.00001021343,5.19538647368,18.7405734796,4.15333273536,3.69582302931,24.0840421677
0.3815,0.13755207964,0,4.44919376909,6.49681407111,17.432513861,4.60481409763,5.68693126244,18.5155311627,3.85507418552,3.54371859749,23.9977809274
0.382,0.0824162215888,0,4.89954311435,7.35917868821,17.1573766184,5.29519903445,6.72389770394,18.4254082523,3.62633102985,3.4270652853,23.9316246736
0.3825,0.0427802982528,0,5.43454116266,8.32838773273,17.0552657548,6.0196977156,8.04826131511,18.7910835796,3.46189274047,3.3432058533,23.8840664366
0.383,0.0172568795433,0,6.05824272209,9.40342048447,17.1615751493,6.73654464815,9.3788342983,19.2584829853,3.35600326045,3.28920485584,23.8534414708
0.3835,0.00453631681381,0,6.77284733596,10.572469067,17.5185375842,7.44184255571,10.6321685742,19.8461880333,3.30322922621,3.2622914128,23.8381783588
0.384,0.00351712634836,0,7.57657196343,11.8073028035,18.1733762519,8.13262916545,11.7509476415,20.6036413302,3.29900089185,3.26013506758,23.8369554555
0.3845,0.0133774032134,0,8.46078472034,13.0566586254,19.173445899,8.80575349373,12.6898524989,21.566565248,3.33990840514,3.2809968805,23.848786576
0.385,0.03360448788,0,9.40646710544,14.2400423584,20.5568330057,9.45788285491,13.4120668622,22.7607870663,3.42382488599,3.32379219566,23.8730565918
0.3855,0.0639955572494,0,10.3804511789,15.2449057691,22.3373189122,10.0766867358,13.8075201495,23.8344300489,3.54990887847,3.38809189151,23.9095221402
0.386,0.104636651391,0,11.3325039019,15.9319234205,24.4844946838,10.5463715002,13.5028770846,25.0254858512,3.7185173386,3.47407800672,23.9582864586
0.3865,0.155862327766,0,12.1950792355,16.153646552,26.9037535051,11.0511982681,13.1436157567,26.1582944259,3.93103825112,3.58245837894,24.0197509749
0.387,0.218192682234,0,12.8879724738,15.788747775,29.4260578393,11.7261346313,13.326130349,27.0659041326,4.18962934735,3.7143333974,24.0945397403
0.3875,0.292238794083,0,13.3293952711,14.7856157817,31.8200716395,12.3170364811,13.466240181,28.4327601971,4.49682582325,3.8709959489,24.1833859747
0.388,0.378561866805,0,13.4525200385,13.1978362247,33.8336651631,12.5550046071,13.0061385627,30.3699459069,4.85495595416,4.05363339588,24.2869630534
0.3885,0.477466326987,0,13.2229156353,11.1893274352,35.2559159207,12.3434881577,11.7582147539,32.0668967149,5.26528272029,4.26288982677,24.4056362509
0.389,0.588705393839,0,12.6498828148,8.99816893389,35.973512037,11.5420538715,9.07476062797,33.2222598241,5.7267822976,4.49824311684,24.5391094605
0.3895,0.711084376162,0,11.7861491351,6.87214727075,35.9933099358,10.8285540455,6.55993343165,33.4356621033,6.2344982486,4.75716560639,24.6859491997
0.39,0.841971028706,0,10.7156708711,5.00680206671,35.4217679905,10.370831083,5.1977074238,33.1312815929,6.77751012864,5.03408814065,24.8429970976
0.3905,0.97677476093,0,9.53486729987,3.51244514633,34.4171107039,9.8271571233,4.25763785256,32.6191188858,7.33677286971,5.31929820929,25.0047450097
0.391,1.10854309659,0,8.33460884607,2.41584428798,33.140657536,9.15544193717,3.62285316087,31.8565495391,7.88344260484,5.59808615854,25.162850819
0.3915,1.2279273632,0,7.18811469561,1.68408649091,31.7254963848,8.32787853084,3.17486090987,30.8156144872,8.37873432326,5.85067259893,25.3060972673
0.392,1.32382687234,0,6.14608780715,1.25367897206,30.2657174375,7.34271802247,2.81323875963,29.5023314523,8.77659439335,6.05357132535,25.4211648929
0.3925,1.38492175283,0,5.23756346695,1.05380520689,28.8197618825,6.23381938158,2.47523694871,27.9690425698,9.03005985579,6.18283239824,25.4944712413
0.393,1.40196276881,0,4.4739608603,1.02036432081,27.419681594,5.07017820186,2.14168950466,26.3088625279,9.10075823448,6.21888681052,25.5149183662
0.3935,1.37018449715,0,3.85417078602,1.10215747904,26.0806931135,3.94065106281,1.82022031487,24.6296032748,8.96891913015,6.15165215097,25.4767883456
0.394,1.29087420349,0,3.36932827082,1.26203955367,24.8085712722,2.92903012843,1.51365653633,23.018772333,8.63988304563,5.98385194302,25.3816257399
0.3945,1.17132961662,0,3.00665814085,1.47551313686,23.6045014962,2.09304291612,1.19580885705,21.5196276409,8.14392620359,5.73092630616,25.238186927
0.395,1.02317065882,0,2.75226336041,1.72839331347,22.4679114388,1.45791600037,0.811341051084,20.1319213862,7.52925639076,5.41746001092,25.0604143854
0.3955,0.859742187289,0,2.59297148388,2.01442742238,21.3979846434,1.02372479633,0.296471166521,18.8338649974,6.85123766346,5.07168734711,24.8643203039
0.396,0.693621073391,0,2.5174442331,2.33326348732,20.3944377038,0.439573417301,-1.08571214822,18.0275904418,6.16204792089,4.72021774375,24.6649953825
0.3965,0.534941178451,0,2.51676088813,2.68888463339,19.4579559093,0.277261570835,-1.22827696268,18.2439396834,5.50372970126,4.38449184818,24.4745990093
0.397,0.390720017689,0,2.58465470092,3.08848785674,18.5905278542,0.841597869194,0.0117734887726,18.5684432554,4.90539669996,4.07935691993,24.3015513403
0.3975,0.264976203996,0,2.71753841256,3.54172207694,17.7958187532,1.8284552166,1.74326315291,17.8576070512,4.38372101073,3.81331531157,24.150674217
0.398,0.159290203461,0,2.91441192243,4.06017231885,17.0796669578,2.50869688427,2.62940187169,17.5496384432,3.94525954251,3.58971088334,24.0238640045
0.3985,0.0735084976992,0,3.17670613369,4.65695958185,16.4507625307,3.21641915858,3.94209876526,17.4542572663,3.58937539074,3.40821882979,23.9209364996
0.399,0.006404134939,0,3.50808164761,5.34630371402,15.9215550445,3.93992258292,5.59252419425,17.6531245539,3.31097827787,3.26624323614,23.840419511
0.3995,-0.043791025759,0,3.91416663384,6.1428581746,15.5094248353,4.67378267167,7.22671639053,17.9333832999,3.10273268483,3.16004317037,23.7801914869
0.4,-0.0790003960096,0,4.40218093157,7.06056277891,15.2381195183,5.36491530158,8.59365909035,17.7408862756,2.95665891823,3.0855491876,23.7379445696
0.4005,-0.101047100934,0,4.98034897337,8.11067066709,15.1393788101,5.98622480113,9.71318960266,17.4351817588,2.8651933451,3.0389040234,23.7114912331
0.401,-0.111500408711,0,5.65694961769,9.29850032227,15.2545041128,6.58510700395,10.6346269209,17.2857824001,2.82182551349,3.01678750942,23.6989485484
0.4015,-0.111594986697,0,6.43878896543,10.6183882229,15.6353164384,7.17663045295,11.4030184574,17.3847767921,2.82143313604,3.01658740669,23.6988350664
0.402,-0.102198180725,0,7.32882903709,12.0463892346,16.3434254676,7.77243052758,12.0616547549,17.794976285,2.86041783905,3.03646863425,23.7101100788
0.4025,-0.0838064833973,0,8.32270583675,13.530727277,17.4459972294,8.4095312015,12.6556872002,18.6968526217,2.93671981446,3.07538074129,23.7321778553
0.403,-0.0565583130944,0,9.40401843092,14.9812187209,19.0054547975,9.07190569978,13.2181492663,20.2603376964,3.04976480336,3.13303087007,23.7648723111
0.4035,-0.0202556264476,0,10.5387170897,16.2612663335,21.0604415399,9.71555406936,13.678586187,22.1929516972,3.20037443194,3.20983802948,23.8084310737
0.404,0.0256082200558,0,11.6698207303,17.1894146312,23.597300336,10.3224416784,13.8654050085,24.2693159694,3.39065062154,3.30687414705,23.8634620531
0.4045,0.0818121901553,0,12.7150220113,17.5600886671,26.5170082465,10.8662307882,13.5548828325,26.0832266965,3.62382507345,3.42578730995,23.9308999101
0.405,0.149355541739,0,13.5709048374,17.1906225973,29.6120052971,11.3219240969,12.7200148514,27.8590667813,3.90404342739,3.56869169118,24.0119436314
0.4055,0.229376572894,0,14.1270903123,15.9888976535,32.5752649745,12.0071302068,12.6448176325,29.2309732105,4.2360281617,3.73799563708,24.1079590346
0.406,0.323021114485,0,14.2900440211,14.0145544126,35.0583940121,12.4660764995,12.3400429498,31.4393929355,4.62453300614,3.93612343143,24.2203209762
0.4065,0.431231161183,0,14.0098652813,11.4934098044,36.7684334838,12.466503566,11.3052902624,33.5658768105,5.07346603143,4.16506809295,24.3501597339
0.407,0.554416669811,0,13.2983193059,8.76181930885,37.5586581548,11.8319435227,8.84279288119,35.2654614966,5.58452803304,4.42569698498,24.4979672055
0.4075,0.691973643906,0,12.2283169017,6.1628914881,37.4617968439,11.0378340597,5.8594969941,35.8028517752,6.15521319967,4.71673220615,24.6630186696
0.408,0.841632121249,0,10.9145161601,3.95059073492,36.6503201357,10.5586202956,4.21534258676,35.6392905784,6.776104097,5.03337109954,24.8425904503
0.4085,0.998679467629,0,9.48463067716,2.24686730372,35.3559930018,9.97753057947,3.06720438619,35.1719509862,7.42764933217,5.36564294173,25.0310279658
0.409,1.15522924748,0,8.05374078916,1.0555885386,33.7963674201,9.2372024145,2.27425535628,34.3448131113,8.07713030386,5.69686206095,25.2188684626
0.4095,1.2998897583,0,6.70907694597,0.306310235984,32.1352458352,8.29471428158,1.68819592988,33.1159650307,8.6772860449,6.00292654107,25.3924432977
0.41,1.41834775207,0,5.50591949917,-0.101124640368,30.4761454522,7.14029619,1.18279590219,31.4893132213,9.16873491806,6.25355322608,25.5345783325
0.4105,1.49532629809,0,4.47112393691,-0.265927666397,28.8741840653,5.81515170007,0.686628989876,29.5401108136,9.48809723792,6.41642005499,25.6269431275
0.411,1.5178798169,0,3.61007947643,-0.271095356058,27.3527276732,4.41389490335,0.194585336407,27.4134015445,9.5816654392,6.46413750718,25.6540045784
0.4115,1.47910183187,0,2.91407613295,-0.178983675679,25.9174481659,3.06069904084,-0.260516520534,25.2850523256,9.42078649438,6.38209325226,25.607475762
0.412,1.38062070088,0,2.36653082119,-0.0326592376776,24.5657263448,1.86786963506,-0.662384023803,23.3007219307,9.0122160019,6.17373247719,25.4893105075
0.4125,1.23252760419,0,1.94758953226,0.140500987141,23.2919867883,0.903170023397,-1.04978174328,21.529351202,8.39781942827,5.86040552714,25.3116169912
0.413,1.05069173213,0,1.63719256161,0.324878285227,22.0902894159,0.184736241112,-1.510424139,19.9615976274,7.64343357742,5.47568753236,25.0934362912
0.4135,0.852789215038,0,1.41691172997,0.513186411037,20.9553576031,-0.301680194705,-2.14163141111,18.5495311351,6.82239173868,5.05697664393,24.8559775917
0.414,0.654747683812,0,1.27090359922,0.703806056961,19.8828423872,-1.04514654888,-3.90142271622,17.8566120889,6.00077316943,4.6379716373,24.6183520923
0.4145,0.468640221088,0,1.18627799834,0.898866913886,18.8692830535,-0.902521977336,-3.27302764131,18.0907009465,5.22866569125,4.24421605397,24.3950460085
0.415,0.302117873654,0,1.15311350765,1.10296410292,17.9119959544,-0.106517678989,-1.65116227049,17.8589828734,4.53781134367,3.89189754351,24.1952396561
0.4155,0.158897560633,0,1.16428621385,1.32237364693,17.0089934509,0.517373496528,-0.760856041622,17.4085282632,3.94363057794,3.58888015198,24.0233928814
0.416,0.0397251736886,0,1.21522409773,1.56464247862,16.1589716324,1.19047161387,0.83791125224,17.4339583866,3.44921788859,3.33674199453,23.8804006626
0.4165,-0.0566047878541,0,1.30365846196,1.83845037495,15.361381293,1.87259109507,2.58425019327,17.0914917636,3.04957199266,3.13293254141,23.7648165471
0.417,-0.132387496829,0,1.42941441722,2.15366381345,14.6165932555,2.5068694179,4.14657308638,15.9506916211,2.73517086409,2.97259579649,23.6738866095
0.4175,-0.190370836463,0,1.59426212006,2.52151990692,13.9261764196,3.34980399073,6.13758656823,14.9439286369,2.49461430882,2.84991794474,23.6043137278
0.418,-0.233331159176,0,1.80183643864,2.95488913892,13.2933201612,4.01463648462,7.79023183283,14.2842917373,2.31638402216,2.75902493765,23.5527666201
0.4185,-0.263819007027,0,2.05762222047,3.46856559697,12.7234502269,4.53458348314,8.93024636957,13.8360694708,2.189898523,2.69452048339,23.5161849494
0.419,-0.284027182393,0,2.36899242312,4.07951852373,12.225108351,4.9842817618,9.79719318726,13.4873134887,2.10606049151,2.65176517545,23.4919376224
0.4195,-0.295739742331,0,2.74527364602,4.80700231708,11.8111888487,5.36149926891,10.4051401349,13.3194066282,2.05746837712,2.62698440738,23.4778839899
0.42,-0.300329855501,0,3.1977936532,5.67235244644,11.500644871,5.71047522575,10.8690065374,13.3463936966,2.03842528958,2.61727290703,23.4723764182
0.4205,-0.298783503218,0,3.7398321788,6.69817570183,11.3207781985,6.0673857346,11.2803124935,13.5771562601,2.04484066995,2.62054459123,23.4742318509
0.421,-0.2917334733,0,4.38634125066,7.90645450224,11.3101757444,6.46293299598,11.7137384237,14.0178465779,2.07408925967,2.63546064351,23.4826910204
0.4215,-0.279493763556,0,5.15321416824,9.3148119719,11.5221841331,6.92457801922,12.2326269564,14.6739654577,2.12486837022,2.66135672515,23.4973771679
0.422,-0.262088579447,0,6.05575468494,10.929848275,12.0283929231,7.41918053201,12.7595032019,15.6108352423,2.19707757996,2.69818162364,23.5182612498
0.4225,-0.239272923424,0,7.10583558519,12.7361919806,12.9207250454,7.99467785039,13.4267634091,16.7335209045,2.29173331475,2.74645369083,23.5456372332
0.423,-0.210543713553,0,8.30708925435,14.6801106778,14.309178917,8.67525596715,14.1930322917,17.8867511096,2.41092271994,2.80723731888,23.5801087544
0.4235,-0.175141822517,0,9.64749779805,16.6480782491,16.310020789,9.44220369752,14.8184875619,19.1358528156,2.55779520109,2.88213862618,23.6225866729
0.424,-0.132046800162,0,11.0892901017,18.4450490255,19.0172028628,9.92175153785,14.6927025246,20.6019854874,2.73658431866,2.97331662312,23.6742954037
0.4245,-0.0799678036022,0,12.5576505717,19.7854994581,22.4510661977,10.4132814736,14.4667405581,22.6532786726,2.95264541643,3.08350240164,23.7367837994
0.425,-0.017337019861,0,13.9328008025,20.3202710156,26.4888427322,10.9240614891,14.2508661667,25.4474396123,3.21248290915,3.21601305127,23.8119330429
0.4255,0.057683525392,0,15.0536985108,19.7228370469,30.8055651991,11.3985938195,13.6074143969,28.1429127674,3.52372203498,3.37473725355,23.9019484777
0.426,0.147163259379,0,15.7423324818,17.8307465807,34.8812277774,11.7572413838,12.2109465263,30.5759675346,3.89494826495,3.56405338487,24.0093131619
0.4265,0.253301885508,0,15.8498746314,14.7781605966,38.1231957622,12.4290910863,11.7025063627,32.375525486,4.33528754936,3.78861545258,24.1366664695
0.427,0.378217511385,0,15.3092503808,11.0134260213,40.0778428146,12.6123450428,10.5527948842,35.2289147152,4.85352732045,4.05290482827,24.2865498692
0.4275,0.523553383239,0,14.1655722584,7.14993631918,40.6074701444,12.1090185262,8.1333658576,37.6255763828,5.45648494431,4.36039819884,24.4609350546
0.428,0.689812239373,0,12.5639717886,3.73294208168,39.9080593778,11.2500646764,4.70961770579,38.6132639463,6.14624614064,4.71215922939,24.6604252497
0.4285,0.875330749699,0,10.7017066433,1.07480394506,38.3699420516,10.6942901737,2.74447720711,38.7627203603,6.9159102211,5.10466874074,24.8830246631
0.429,1.07488122379,0,8.77252775934,-0.764716552387,36.3983516704,9.99061766592,1.35152874188,38.4563506913,7.74378896958,5.52686628285,25.1224607085
0.4295,1.2781088504,0,6.9283814275,-1.89583945326,34.2997823177,9.04580151865,0.331302143919,37.59552978,8.58692318879,5.95684373508,25.366308885
0.43,1.46843576491,0,5.26590151411,-2.49744008039,32.2556165082,7.78140256409,-0.537998702617,36.0991078626,9.37653598476,6.35952659449,25.5946777924
0.4305,1.62357299829,0,3.83116721443,-2.7469919494,30.34790672,6.17423118256,-1.4370889525,33.9720982543,10.0201566988,6.68775712825,25.7808234071
0.431,1.71888300586,0,2.63260651061,-2.78868550883,28.5981575622,4.30079656297,-2.42847704691,31.3648764384,10.4155710928,6.88940862078,25.8951837031
0.4315,1.73376731817,0,1.65472850826,-2.72695307893,26.9986025668,2.34412873845,-3.43476861695,28.5684355234,10.477321915,6.92090000211,25.9130430487
0.432,1.65894251488,0,0.869270597867,-2.63173586912,25.5313677,0.530271022832,-4.32420577697,25.9191980673,10.1668948675,6.76258993955,25.8232624803
0.4325,1.50065237077,0,0.24297309704,-2.5470692384,24.1780014354,-0.970853994206,-5.04710617209,23.6559106804,9.51019361431,6.4276886566,25.6333337602
0.433,1.27898373497,0,-0.257599597718,-2.49919530292,22.9231682296,-2.09909344081,-5.69816167289,21.8291908715,8.59055283863,5.95869476609,25.367358639
0.4335,1.02123794751,0,-0.663433358719,-2.50301594328,21.7554348693,-2.88167706794,-6.45989197472,20.3368572442,7.52123811556,5.41337089028,25.0580953694
0.434,0.754231000727,0,-1.00191973974,-2.56682105379,20.6669065597,-3.51565968686,-7.8566245227,19.1754598456,6.41350144921,4.84845278035,24.7377198467
0.4345,0.498992937738,0,-1.29663703572,-2.69559102653,19.6526016358,-3.68345613007,-7.93153112155,19.449497614,5.35459056909,4.30843460531,24.4314655383
0.435,0.268898315892,0,-1.5676640871,-2.8932260813,18.7099445231,-2.90601734864,-6.45960550878,18.7422925769,4.39999274901,3.82161349282,24.1553802693
0.4355,0.070324700973,0,-1.83216516529,-3.16400561705,17.8385039798,-2.36757340635,-5.24956572663,18.3823214837,3.57616671428,3.40148273378,23.9171163348
0.436,-0.0955614367682,0,-2.10507986456,-3.51350711559,17.0400011855,-1.86763401176,-3.68038545502,17.103519246,2.88795182165,3.0505102796,23.7180733559
0.4365,-0.230904106084,0,-2.39981664685,-3.94914000588,16.318586073,-1.26326238305,-1.61878081656,15.6081990449,2.32645318228,2.76415995852,23.5556787855
0.437,-0.339614977964,0,-2.7288885201,-4.48037847666,15.681387183,-1.19732476331,-0.949595341197,13.885492922,1.87544237428,2.53415567957,23.4252390991
0.4375,-0.426297340533,0,-3.1044489431,-5.11870420118,15.1393565326,-1.61547320963,-1.45166212588,12.0210285623,1.51582165093,2.35075806757,23.3212309168
0.438,-0.495578830179,0,-3.53868813473,-5.87718762935,14.7084416358,-2.38783214966,-2.77857563286,10.1707890178,1.22839225142,2.2041762327,23.2381016435
0.4385,-0.551748029589,0,-4.04403514904,-6.76953553924,14.411106836,-3.39297082393,-4.48355020784,9.23321145689,0.995362053311,2.08533663564,23.170705507
0.439,-0.598596051759,0,-4.63307822397,-7.80830480164,14.278171807,-4.57145023163,-6.44282798111,9.02471035239,0.801002795888,1.98621825518,23.1144936377
0.4395,-0.639386237688,0,-5.31806330065,-9.00182897245,14.3507953184,-6.06693328778,-9.15181474513,9.17925074576,0.631775795901,1.89991670005,23.0655504275
0.44,-0.676897588288,0,-6.10975931013,-10.349255157,14.6821411852,-7.57715167831,-11.7380132197,10.0840303874,0.476151760781,1.8205523182,23.0205414167
0.4405,-0.713505715143,0,-7.01540067817,-11.8330413194,15.3377337449,-8.90428041176,-13.8643191169,11.6532846387,0.324274946742,1.74309892576,22.9766161634
0.441,-0.751278324616,0,-8.03537122156,-13.4085493818,16.3926772483,-10.0606599318,-15.5662867892,13.8128436657,0.1675670221,1.66318178725,22.931293674
0.4415,-0.792071207537,0,-9.15837071268,-14.991417181,17.9228736081,-11.0524221939,-16.8585880876,16.5320268934,-0.00167116695257,1.57687452598,22.8823472277
0.442,-0.837616219917,0,-10.3551756885,-16.4457842214,19.9866897589,-11.8803533847,-17.7386926779,19.8159884894,-0.190624603516,1.48051297951,22.8276988101
0.4425,-0.889595454562,0,-11.5719972861,-17.5804548191,22.5946555332,-12.59700253,-17.9959666943,23.3820487065,-0.406271817186,1.37053827157,22.7653301164
0.443,-0.949696092039,0,-12.7259652537,-18.164404015,25.6700781475,-13.243394083,-17.4292855351,27.0143786637,-0.655612445231,1.24338076148,22.6932167374
0.4435,-1.01963836877,0,-13.7069952412,-17.9730256233,29.0144212387,-13.8121589764,-15.9725854263,30.770035642,-0.945783264354,1.09540087088,22.6092946008
0.444,-1.10116455292,0,-14.3907172373,-16.8647561838,32.3037351095,-14.2021995731,-13.508005769,34.4272055069,-1.28401245481,0.922912407876,22.5114731989
0.4445,-1.19596953729,0,-14.6639666294,-14.861909044,35.1423743371,-14.4425434571,-11.5418943736,36.1966040864,-1.67733164966,0.722329414731,22.3977188686
0.445,-1.30554378985,0,-14.4568505977,-12.1859950863,37.1724492249,-14.5955234543,-10.3219000357,35.9790252064,-2.13192438111,0.490498444031,22.2662432315
0.4455,-1.43088858736,0,-13.767741343,-9.20833511673,38.1911644813,-14.5961864368,-9.50389181072,35.0579652654,-2.65194466451,0.225301051414,22.1158448786
0.446,-1.57205705177,0,-12.667500585,-6.33054166748,38.2073071931,-14.3860469311,-8.84574604172,34.1504403065,-3.23761288788,-0.0733751555259,21.94646007
0.4465,-1.72748518125,0,-11.2798060909,-3.86190115823,37.4055441992,-13.9123663529,-8.19935513578,33.3997260643,-3.88244044792,-0.402221150712,21.7599654158
0.447,-1.89312831842,0,-9.74786658433,-1.95743315552,36.0515164738,-13.1162838105,-7.37951130029,32.9671589961,-4.56964719958,-0.7526794781,21.5612140077
0.4475,-2.06154184515,0,-8.20301890293,-0.628895884447,34.3992646901,-11.9423479546,-6.17560787393,33.0154015491,-5.26834751775,-1.10899923815,21.3591384726
0.448,-2.22125614967,0,-6.7454798104,0.203274646415,32.639704738,-10.5058778715,-5.15646644057,32.0809102811,-5.93095721157,-1.44691367867,21.1675009351
0.4485,-2.35703506777,0,-5.43873328586,0.655182126838,30.8913295623,-8.85100487781,-4.31543977537,30.0273414322,-6.49426572432,-1.7341869901,21.0045829198
0.449,-2.45166523615,0,-4.31339988772,0.841857446202,29.2147545702,-7.03413863291,-3.44531462651,27.3921122826,-6.88685965688,-1.93440011754,20.8910383472
0.4495,-2.4894841686,0,-3.37535879884,0.858946043218,27.6333219647,-5.18116350693,-2.49062179419,24.6691006732,-7.04375976253,-2.01441526358,20.8456602759
0.45,-2.46081838768,0,-2.61435524076,0.777796502874,26.1502817904,-3.43871057367,-1.48665297739,22.2615962401,-6.92483350619,-1.95376583489,20.8800556902
0.4505,-2.36544259871,0,-2.01120655181,0.64745818805,24.760030087,-1.90422272186,-0.411635758001,20.5317906567,-6.5291462037,-1.75197516583,20.9944949158
0.451,-2.21316437921,0,-1.54305538145,0.499199855383,23.4542762717,-0.590405622055,0.917859091967,19.8960751451,-5.89738673356,-1.42979357101,21.1772100652
0.4515,-2.02110128282,0,-1.18680730511,0.351265356204,22.2248777488,0.452736895602,2.28499776071,19.7336172025,-5.10057100766,-1.02343739674,21.4076621775
0.452,-1.80907403449,0,-0.921141055411,0.212933265405,21.0648314518,1.13454284996,3.17315982641,18.7592338781,-4.22092963476,-0.574842205398,21.6620688187
0.4525,-1.59526023728,0,-0.727505546453,0.0876403804692,19.9683997721,1.5169182121,3.84368809037,17.3808597424,-3.33387637346,-0.122467135579,21.9186190989
0.453,-1.3935303375,0,-0.590454236243,-0.0247733720681,18.9309134123,1.6490733865,4.48641569816,15.9380687639,-2.49695580125,0.304341511436,22.1606701873
0.4535,-1.2126708005,0,-0.497582095894,-0.126541066992,17.948510012,1.61040664364,5.60041485716,16.5117820933,-1.74662048973,0.686993832044,22.3776794052
0.454,-1.05691964789,0,-0.439251785216,-0.2209952401,17.0179098856,1.33554496184,6.45696331367,18.8986048227,-1.10045279767,1.01652326118,22.5645616475
0.4545,-0.927090584763,0,-0.408232499973,-0.311994334122,16.1362544896,0.907827651172,5.29859283746,20.2905740423,-0.561828558437,1.29120820791,22.7203405681
0.455,-0.821764304121,0,-0.399328106354,-0.403629041838,15.3010029932,0.286099423489,3.00800624029,20.6199280115,-0.124859466804,1.51405156125,22.8467191609
0.4555,-0.738285840181,0,-0.409038393316,-0.500118691568,14.5098742424,-0.575583505053,0.328950313448,19.7316071499,0.221469182954,1.69067054677,22.9468830586
0.456,-0.673491633861,0,-0.435275581652,-0.60583418766,13.7608225848,-1.60380487044,-2.537058131,18.0972560901,0.490282107007,1.82775844283,23.0246281434
0.4565,-0.624185313979,0,-0.477144784862,-0.725405380557,13.0520402465,-2.32814709744,-4.60541327082,16.231621885,0.694840149684,1.93207794976,23.0837896678
0.457,-0.587415922199,0,-0.534789515551,-0.863887190572,12.3819837354,-2.6712763993,-5.58705547991,14.6443189747,0.847386006504,2.00987253735,23.1279084193
0.4575,-0.560615905638,0,-0.609299675764,-1.02697096001,11.7494264847,-2.88529368918,-6.17004827406,13.212591209,0.958571731668,2.06657448793,23.1600651456
0.458,-0.541647394114,0,-0.702678335159,-1.22123609776,11.1535449095,-3.01712696851,-6.47895081259,11.9564354866,1.03726674681,2.10670698563,23.1828250283
0.4585,-0.528793476397,0,-0.817863945382,-1.45444271631,10.5940509185,-3.10223489631,-6.60895570486,10.8848709513,1.09059403336,2.13390257357,23.1982481499
0.459,-0.520720301696,0,-0.958805690768,-1.73586891466,10.0713916421,-3.16718350255,-6.63209821929,9.99940691838,1.1240873628,2.15098333738,23.2079349674
0.4595,-0.516427094511,0,-1.13059080314,-2.07669633201,9.58704794048,-3.23184492598,-6.60246301421,9.29684614184,1.14189867097,2.16006666093,23.2130862884
0.46,-0.51519468679,0,-1.33962322056,-2.49044336304,9.14397868543,-3.31122615223,-6.56046909479,8.77149848253,1.14701158372,2.16267411909,23.2145650262
0.4605,-0.516538633738,0,-1.59385205945,-2.99343422369,8.74727976715,-3.41696634233,-6.53635098655,8.4168961767,1.14143592612,2.15983067258,23.212952455
0.461,-0.520169977419,0,-1.90304454705,-3.60526852244,8.40515725712,-3.55855595672,-6.5529669095,8.22711069824,1.12637050332,2.15214768218,23.2085952889
0.4615,-0.525964861557,0,-2.27908878851,-4.3492103601,8.13035435653,-3.74433538065,-6.62806256503,8.19777155567,1.10232916015,2.13988719595,23.2016421401
0.462,-0.533943148935,0,-2.73629254887,-5.2523312741,7.94221958937,-3.98232948815,-6.77610889769,8.32688173728,1.06922949151,2.12300718934,23.1920691757
0.4625,-0.544255686849,0,-3.2916074052,-6.34508957407,7.8696476881,-4.28097054392,-7.00981848543,8.61551611626,1.02644567443,2.10118850823,23.1796953975
0.463,-0.557179709058,0,-3.96464047131,-7.65976747492,7.95513036997,-4.6497569708,-7.34143086344,9.06848072611,0.972827544077,2.07384459719,23.1641881592
0.4635,-0.573121910351,0,-4.77719915075,-9.2267635151,8.26003671835,-5.0998909328,-7.78384356492,9.69500451484,0.906687838246,2.04011499453,23.1450594768
0.464,-0.592628875426,0,-5.75192339297,-11.0671146378,8.8708168524,-5.64493392932,-8.35165338595,10.5095326164,0.825758930883,1.99884326744,23.121653516
0.4645,-0.616404699815,0,-6.90927636738,-13.1788791326,9.90473304614,-6.4350382955,-9.42083473976,11.4339505293,0.727119727801,1.94853973063,23.0931254487
0.465,-0.645335717057,0,-8.26181700144,-15.5146016689,11.5114139145,-7.47488744259,-10.9952378082,12.5033020278,0.607093080631,1.88732913002,23.0584117834
0.4655,-0.680522120258,0,-9.8044459303,-17.9483524859,13.8624843853,-8.53887678797,-12.4518703726,14.1401396317,0.461114597854,1.81288373963,23.0161924238
0.466,-0.723315737154,0,-11.4997268099,-20.2366502058,17.1163835636,-9.45594552848,-13.4894273626,16.3730197733,0.283575926699,1.72234343922,22.9648453425
0.4665,-0.775361934429,0,-13.2595086147,-21.9917500869,21.3438354228,-10.2124582046,-14.0744623279,19.2797730296,0.0676509039275,1.61222705555,22.902396302
0.467,-0.838640970463,0,-14.9291991823,-22.7075883801,26.4132771956,-10.7904555633,-14.1581133609,22.9666469526,-0.194876005091,1.47834487059,22.8264692353
0.4675,-0.915499018998,0,-16.2886354325,-21.8892331549,31.8795739247,-11.269878652,-13.3217478497,26.9937201851,-0.513738414818,1.3157329834,22.7342490225
0.468,-1.00864979188,0,-17.0871682381,-19.2915377958,36.981007243,-11.6810641895,-11.2727892012,31.2068840138,-0.90019475187,1.1186498768,22.6224795427
0.4685,-1.12111153086,0,-17.1177518147,-15.1498255678,40.8483920613,-11.8816189599,-8.10289206107,34.9751101432,-1.36676685168,0.880709726601,22.4875392767
0.469,-1.25601770573,0,-16.3019022483,-10.1912773686,42.8755766017,-12.0145335018,-5.9525935518,36.1277928447,-1.92645459846,0.595282915637,22.325668446
0.4695,-1.41620051025,0,-14.7317753242,-5.34001164546,42.9951905935,-12.0059314385,-4.51422324085,35.7618137026,-2.59100796691,0.256377249464,22.1334687661
0.47,-1.6033981559,0,-12.6365122583,-1.316549134,41.6360564021,-11.7593579009,-3.35346894848,35.4409083704,-3.36763830719,-0.139684880887,21.9088545967
0.4705,-1.81690486788,0,-10.296368474,1.57448561699,39.4314756579,-11.1909595191,-2.24255312879,35.5145794297,-4.25341755831,-0.591410237246,21.652672781
0.471,-2.05153928949,0,-7.95976630672,3.39137086942,36.934190917,-10.1974069467,-0.855818264813,36.4477612437,-5.22684972979,-1.08783639985,21.3711403101
0.4715,-2.29510092632,0,-5.79939852201,4.37773892784,34.4929172592,-8.91283314397,-0.0415017976711,36.1490006285,-6.2373184044,-1.60315025661,21.0788962782
0.472,-2.52619353481,0,-3.90769645029,4.809804438,32.2679825601,-7.31191229895,0.411448544581,34.7316094701,-7.19605659015,-2.09208285247,20.8016135478
0.4725,-2.71434556444,0,-2.31384264988,4.91873498458,30.2995328112,-5.40846145463,0.966203834827,33.0508460424,-7.97664640093,-2.49016421416,20.575854235
0.473,-2.82486606002,0,-1.00588444551,4.8708290336,28.5700234481,-3.39312994513,1.70754576384,31.5711924013,-8.43516482829,-2.723997192,20.4432432226
0.4735,-2.82909896319,0,0.050538028463,4.77512939535,27.0434170021,-1.56754766032,2.33188646705,30.1398463719,-8.45272595208,-2.73295292775,20.438164259
0.474,-2.71618175081,0,0.899144693611,4.69855103363,25.6843210334,-0.136231768149,2.59673660474,28.4031730711,-7.98426422135,-2.49404911285,20.573651037
0.4745,-2.49886919386,0,1.58504079671,4.67990411414,24.4649975673,0.928034809669,2.78985324768,26.6105788963,-7.08269559066,-2.03427156617,20.834399399
0.475,-2.20887545684,0,2.1504173299,4.7404860481,23.3665235283,1.8023980393,3.66020535257,25.8561251359,-5.87959320186,-1.42071931302,21.182356245
0.4755,-1.88498913811,0,2.63263235389,4.89137565385,22.3777738056,2.38495482476,4.56240810243,24.5848462657,-4.53588003145,-0.73545906338,21.5709800238
0.476,-1.56159299494,0,3.06371171843,5.13817768133,21.494002525,2.6320758955,5.28549226088,22.4440670615,-3.19420046147,-0.0512358993105,21.9590156523
0.4765,-1.26258847496,0,3.47061855277,5.48392582773,20.7157249823,2.62113197862,6.37155125188,21.3647194287,-1.9537148705,0.58138085586,22.3177843304
0.477,-1.00076848584,0,3.87586959067,5.93065843604,20.0480835773,2.35488230525,6.69408976603,22.6630448336,-0.867497431499,1.13532469581,22.6319361413
0.4775,-0.780172023576,0,4.29822790055,6.47999204222,19.5006620257,1.71021534274,4.2485945401,21.7088826502,0.0476951979755,1.60205014254,22.8966247861
0.478,-0.59914478469,0,4.75329467217,7.13286494217,19.087626787,1.31679287732,2.27616380463,18.6113524003,0.798726257412,1.98505727726,23.1138352257
0.4785,-0.452931210799,0,5.25387446728,7.88850433319,18.8280268597,1.73777415589,2.07068175732,15.6065870294,1.40532521997,2.29440763987,23.2892735456
0.479,-0.335480270105,0,5.81001237352,8.74258674888,18.7460187919,2.76534152273,3.38536431111,14.098645203,1.89259611337,2.54290365926,23.4302002404
0.4795,-0.240549195632,0,6.42861032301,9.68452830538,18.8706727527,4.16763355937,5.64074270991,13.7569154018,2.2864384206,2.74375342669,23.5441058634
0.48,-0.162298566222,0,7.11253868096,10.6938983089,19.2348476538,5.649028551,7.74670952604,14.0540015952,2.6110782564,2.90931165729,23.6379970021
0.4805,-0.0955578599436,0,7.85919037989,11.7361650701,19.872422431,6.78595601854,9.10683714751,15.2297743196,2.88796666089,3.05051784724,23.7180776477
0.481,-0.0358945566038,0,8.65851102179,12.7584422097,20.8130288326,7.91505671533,10.4721830955,17.7447810784,3.1354929127,3.17675007064,23.7896662794
0.4815,0.0204231609337,0,9.4907198018,13.6866580536,22.0735558365,8.93319781771,11.5128685643,20.4370344499,3.36913927071,3.2959038939,23.8572406194
0.482,0.0765117088719,0,10.3242421719,14.4265049226,23.6464257509,9.83504599813,12.0449237501,22.8264802462,3.60183486856,3.41457285316,23.924539984
0.4825,0.134967979418,0,11.1147775886,14.8711537266,25.4863236595,10.5502881015,11.8283020157,25.1263748105,3.84435348106,3.53825130523,23.9946803247
0.483,0.197951246697,0,11.8067665426,14.9180607774,27.4996435972,11.3938114853,12.185076404,26.984467388,4.10565332877,3.67150771948,24.0702525052
0.4835,0.267233719064,0,12.3384684321,14.494126037,29.5432969415,12.2644494598,12.7959489544,28.649184369,4.39308680531,3.81809163353,24.1533829576
0.484,0.344205681371,0,12.6510181967,13.5829606665,31.4392980717,12.7712865101,12.9593738996,30.9780907379,4.71242181121,3.98094453301,24.245739853
0.4845,0.429822391754,0,12.7000987839,12.2427470622,33.0063054213,12.8696784018,12.520188839,33.0349022087,5.0676214436,4.16208749873,24.3484693837
0.485,0.524481121537,0,12.4669067558,10.603152796,34.0998506073,12.4773734667,11.0161610533,34.8014053853,5.46033386937,4.36236105476,24.4620482265
0.4855,0.627821040974,0,11.964264006,8.83814944843,34.6452952065,11.5964831773,8.18185797907,35.6720835145,5.88906210748,4.58100177804,24.58604343
0.486,0.738450576615,0,11.235117451,7.1244954319,34.6489469775,11.0591003833,6.42717001675,35.7845325039,6.34803291137,4.81506545665,24.7187852771
0.4865,0.853631976998,0,10.3438180358,5.6034672174,34.1839962711,10.6838277448,5.62220671779,35.4596051518,6.82588812083,5.05875971174,24.8569888025
0.487,0.968995184099,0,9.36353448051,4.35998859814,33.3607641226,10.2301288246,5.18066525648,34.897175091,7.3044975952,5.30283862315,24.9954104736
0.4875,1.07840880546,0,8.36412898738,3.42228821354,32.2958798573,9.67122355978,5.00167249377,34.0802443005,7.758423913,5.53432973949,25.126693373
0.488,1.17418315763,0,7.40362305468,2.77558817877,31.0908790391,8.99205564727,4.98364013411,33.0098478917,8.15576474202,5.7369636659,25.2416108255
0.4885,1.24777306641,0,6.52425392855,2.38037409185,29.8229460719,8.19594378128,5.03610988285,31.7163477358,8.46106855983,5.89266100891,25.3299096723
0.489,1.29103134539,0,5.75241079886,2.18831922131,28.5449305609,7.30911044661,5.09123629661,30.2614656293,8.64053498317,5.98418441493,25.3818142909
0.4895,1.29782431719,0,5.10099866617,2.1530198081,27.2901104003,6.37933154493,5.10809528855,28.7260419044,8.66871711109,5.99855659825,25.3899650222
0.49,1.26554950226,0,4.5728293663,2.23566220652,26.0781180291,5.46694427788,5.06575890135,27.1868469616,8.53481798854,5.93027138071,25.3512392107
0.4905,1.19598150778,0,4.16405662232,2.40701088214,24.9201085643,4.63107366357,4.94886092551,25.6943676896,8.24619996111,5.78308337521,25.2677661668
0.491,1.0950643782,0,3.86712468174,2.64722288822,23.8225577108,3.91749575861,4.73563133838,24.2640903808,7.82752319614,5.56956865287,25.1466780134
0.4915,0.971704570822,0,3.67303841887,2.94463097351,22.789785459,3.35336132585,4.396367812,22.8849750197,7.31573807809,5.30857098947,24.9986614047
0.492,0.836028962267,0,3.57296348081,3.29420568703,21.8255542007,2.94916065931,3.9018729667,21.5380955792,6.75285816753,5.02151625448,24.8358673481
0.4925,0.697706792381,0,3.55925864608,3.69606696289,20.9341006016,2.37604196573,2.5555169063,20.6156567205,6.17899841895,4.72886207558,24.6698977432
0.493,0.564768494851,0,3.62606853553,4.15419058085,20.1208821075,2.02085815957,1.89370931108,20.5494713186,5.62747484135,4.44759878756,24.5103881234
0.4935,0.443059892594,0,3.76959405682,4.67531800345,19.3932296316,2.36828315146,2.79711209967,20.6629708866,5.12254010855,4.19009465002,24.3643527579
0.494,0.33623336698,0,3.98812991615,5.26799567472,18.7610252207,3.13165956646,4.1922109889,20.6576178006,4.67934692282,3.96407716371,24.2361740555
0.4945,0.246075027543,0,4.28192354715,5.94161503526,18.2374679052,4.12696113618,5.75153827057,19.7091887273,4.30530534984,3.77332527758,24.1279951281
0.495,0.172974044882,0,4.65287234266,6.7052794549,17.8399406492,4.84173903051,6.55891046419,19.2797028078,4.0020299489,3.61866237665,24.0402829326
0.4955,0.116398077143,0,5.10403739288,7.56628030641,17.5909282346,5.39090892322,6.9583619178,19.2565186813,3.76731218349,3.4989621623,23.9723987241
0.496,0.0753013745412,0,5.63891248345,8.52792407116,17.5188371954,6.07798542651,7.99494423023,19.2987168206,3.59681353211,3.41201209663,23.9230877315
0.4965,0.0484389716334,0,6.26034925961,9.58643615484,17.6584083131,6.77306414951,9.1602588246,19.7487215032,3.48536898354,3.35517815256,23.8908561492
0.497,0.0345881546428,0,6.96901146234,10.7267255247,18.0501671924,7.46011345866,10.3010411108,20.4379113487,3.42790584251,3.32587338184,23.874236871
0.4975,0.0326913444994,0,7.7612329028,11.9170228048,18.7380331137,8.13308715097,11.3263263961,21.2806823476,3.42003651113,3.32186021884,23.871960932
0.498,0.0419381306553,0,8.62622366711,13.1029467852,19.7638827798,8.78811831734,12.1793365077,22.2799920552,3.45839882415,3.34142404301,23.883055939
0.4985,0.0618027018177,0,9.54276585633,14.2025553543,21.1577893916,9.4157566922,12.7644376585,23.2025145363,3.54081133852,3.38345237272,23.9068909831
0.499,0.0920490377331,0,10.4759267854,15.105376148,22.923317977,9.94966002758,12.8555722811,24.1975533563,3.66629487263,3.44744584976,23.9431828692
0.4995,0.132711384316,0,11.374900692,15.6797645715,25.0193099254,10.3955424481,12.4206901323,25.3143039018,3.83499150316,3.53347692967,23.9919726879
0.5,0.184052349184,0,12.1737018544,15.7928053439,27.3433275279,10.9835656733,12.4352231952,26.2757136813,4.04799071518,3.64210122272,24.0535755363
0.5005,0.246495600849,0,12.7966089899,15.3433203183,29.7261556099,11.7290774507,12.8668088955,27.0205686418,4.30705019011,3.77421510266,24.1284997644
0.501,0.320524694799,0,13.1693204208,14.30048758,31.9478291159,12.2033159102,12.9591311785,28.7738549925,4.61417606354,3.93084164866,24.2173255794
0.5015,0.406534311433,0,13.2343581648,12.7314974838,33.7789790227,12.3131549469,12.4003269904,30.5945513842,4.97100575337,4.11281590307,24.3205265493
0.502,0.504616315457,0,12.9661723939,10.7998940012,35.0367617558,11.9589440883,10.8950464364,32.2137468157,5.3779203804,4.32033222802,24.4382129005
0.5025,0.614263290011,0,12.3798188365,8.7283661397,35.6314568007,11.0793259287,7.97736810852,33.0959144868,5.8328148149,4.55231705976,24.569775795
0.503,0.733981862976,0,11.5289765605,6.74037103568,35.581080775,10.4552341533,5.78872919573,33.1658006525,6.32949347631,4.80561080652,24.7134233699
0.5035,0.860835382669,0,10.4938787315,5.00762379269,34.9892633306,10.0061750561,4.59330162391,32.8350013479,6.85577302338,5.07400026771,24.865632004
0.504,0.98998900995,0,9.36422784562,3.62431910306,34.0019680095,9.47113385918,3.79018931987,32.3034245373,7.39159506941,5.3472561657,25.0206004846
0.5045,1.11441100111,0,8.22339681979,2.61089328512,32.7655034279,8.81282185185,3.26804888044,31.5329794346,7.90778688901,5.61050113714,25.1698915833
0.505,1.22496863848,0,7.1380919359,1.93582762101,31.4002031051,8.00936160619,2.91710195022,30.5024798377,8.3664594072,5.84441269746,25.3025471613
0.5055,1.31118175938,0,6.1543816218,1.54120952033,29.9916885782,7.06460737453,2.64688392383,29.224104501,8.72413337897,6.02681751464,25.4059923113
0.506,1.36276668084,0,5.29866538374,1.36298651947,28.5940017342,6.0151811909,2.40179560097,27.7518095522,8.9381446982,6.13595795716,25.4678878776
0.5065,1.37176819418,0,4.58139341431,1.34323925096,27.2376884092,4.92769433838,2.1630560059,26.1731359216,8.97548944334,6.15500284705,25.4786885874
0.507,1.33465008945,0,4.0016682749,1.43567046385,25.9381312341,3.88340443795,1.93164904477,24.5842202256,8.82149687465,6.07647047245,25.4341514233
0.5075,1.25349614649,0,3.55155979941,1.60670250656,24.7020592106,2.95622234998,1.70146497958,23.0596836667,8.48481200814,5.90476957618,25.336776665
0.508,1.1357357873,0,3.21959704695,1.83430157958,23.5318924456,2.19576048504,1.44142582231,21.6344108701,7.99625742452,5.65561890675,25.195478706
0.5085,0.992473639219,0,2.9933176749,2.10594314776,22.4283476949,1.62323811926,1.09839801214,20.3070028421,7.40190309689,5.35251300298,25.0235817344
0.509,0.836124927086,0,2.86097134338,2.41650250882,21.3918979046,1.2385046369,0.616125382143,19.059983829,6.75325629855,5.02171929139,24.8359824941
0.5095,0.678228833808,0,2.81255538376,2.76642864917,20.4235868779,0.642176527577,-0.81489845483,18.3740216542,6.09818985139,4.68765171879,24.6465265866
0.51,0.528017805792,0,2.84036815923,3.160311965,19.5255473533,0.546933844811,-0.799994941224,18.6627159698,5.47500657686,4.36984377013,24.466291813
0.5105,0.391867918562,0,2.93923843284,3.60582595544,18.7014408608,1.12487677351,0.466988007863,19.0267615419,4.91015901758,4.0817855833,24.3029286803
0.511,0.273432981323,0,3.10654996528,4.11295769112,17.9569509512,2.09683446031,2.19801304147,18.4863426133,4.41880579948,3.83120767999,24.1608213105
0.5115,0.174159347256,0,3.34213994472,4.693406503,17.3004112375,2.83963217439,3.23756997965,18.1489468075,4.00694743482,3.62117017199,24.0417051497
0.512,0.0939228068608,0,3.6481111497,5.36000239679,16.7436215159,3.48856925679,4.22548446952,18.1325579623,3.67406861333,3.45141026389,23.9454311618
0.5125,0.0316257898419,0,4.0285604937,6.1259605094,16.3028825632,4.21484173646,5.76277761175,18.4945149731,3.41561582479,3.31960577891,23.8706823973
0.513,-0.0143193330911,0,4.48918827465,7.0037362166,16.0002443097,4.94092760215,7.36561368821,18.8647427822,3.22500244216,3.22239770129,23.8155538962
0.5135,-0.0456374056427,0,5.03670987194,8.00317460608,15.8648883241,5.6670259091,8.85761356767,19.3544523546,3.09507257441,3.15613670484,23.7779760579
0.514,-0.0639547271679,0,5.67794280313,9.12856866902,15.9344189511,6.36967885998,10.1294731548,19.6614460267,3.01907916327,3.1173819579,23.7559975232
0.5145,-0.070655711541,0,6.41838968759,10.3741925865,16.2555717756,7.05639334471,11.219633469,20.0372787972,2.99127866527,3.10320439633,23.7479571654
0.515,-0.0668062995862,0,7.2600960349,11.7179567521,16.8834184484,7.73369470426,12.1677315441,20.6938211322,3.00724879196,3.11134876318,23.7525759867
0.5155,-0.0531222135191,0,8.198568297,13.1132292305,17.8775570929,8.40684941358,13.0135013215,21.8077971346,3.06402021332,3.14030077409,23.7689952083
0.516,-0.0299655525117,0,9.21866738384,14.4798777327,19.293194594,9.06745852268,13.7451974674,23.2718957205,3.16009068181,3.18929432024,23.7967803557
0.5165,0.00264114955593,0,10.2897633688,15.6974950337,21.1649777081,9.69167615038,14.2597123937,24.8398155879,3.2953667107,3.25828172571,23.835904391
0.517,0.0449889265965,0,11.361167567,16.6064548824,23.4829709332,10.2892815814,14.4702868444,26.5784628973,3.47105571779,3.34787874352,23.8867165192
0.5175,0.0976448096744,0,12.3599232986,17.0245552222,26.1646206233,10.7638744481,13.996221861,28.1357804625,3.68951015535,3.45928506573,23.9498971078
0.518,0.161397745404,0,13.1939931977,16.7852607126,29.03398064,11.258434524,13.406501934,29.5760009233,3.95400314081,3.5941699007,24.0263927958
0.5185,0.23717717219,0,13.7636616905,15.7940064272,31.826048701,11.9662005756,13.5102433809,30.6688727371,4.26839065251,3.75449970136,24.1173187952
0.519,0.325926664817,0,13.9813119952,14.0823637821,34.2309666346,12.4119855011,13.274347675,32.6759515287,4.63658731662,3.94227082954,24.2238072796
0.5195,0.428407810306,0,13.79469713,11.8276743766,35.9730780988,12.4244669166,12.3363736047,34.6257582893,5.06175274334,4.15909460776,24.3467720598
0.52,0.54490371629,0,13.2043318268,9.31559138237,36.8919268505,11.8467623699,10.0814605732,36.2177277287,5.54506146655,4.40557001904,24.4865528304
0.5205,0.674792455709,0,12.2661847753,6.85682636868,36.9818725016,11.0049496541,7.01390513798,36.7188037682,6.08393328592,4.68038122548,24.6424033552
0.521,0.815978711099,0,11.0777458567,4.70066050597,36.3705569517,10.5452832566,5.31802339212,36.4528943575,6.66967531908,4.97909507357,24.8118095107
0.5215,0.964223164234,0,9.75407341986,2.98657137224,35.2554848589,10.0056894248,4.17146145495,35.9411718426,7.28469982799,5.29274225497,24.9896846362
0.522,1.11251027546,0,8.40412615069,1.74512708521,33.837405723,9.32941581769,3.39293405034,35.1150954489,7.89990131331,5.60647968994,25.1676109461
0.5225,1.25074251546,0,7.11489918188,0.930557938937,32.278114987,8.47586305039,2.84612655086,33.9342732428,8.47338796811,5.8989436003,25.3334726462
0.523,1.36618150302,0,5.94530501438,0.460088825837,30.6873900288,7.43187323078,2.40983697269,32.3948020527,8.95231183426,6.14318284369,25.4719852446
0.5235,1.44502615875,0,4.92758969193,0.24425894829,29.1291601735,6.22699578406,2.00546355928,30.552098858,9.27941611805,6.30999788139,25.5665891419
0.524,1.47514992996,0,4.07275577138,0.204143694344,27.634890388,4.93762525603,1.61011742404,28.5234541308,9.4043911657,6.37373204299,25.6027339653
0.5245,1.44932160175,0,3.37707780253,0.278066863981,26.2164640385,3.67038035341,1.23892264374,26.4599798622,9.297236702,6.31908593535,25.5717431456
0.525,1.36761241531,0,2.82800394741,0.422026778831,24.8755841435,2.5289270014,0.9028466497,24.4970732627,8.9582482866,6.14621028653,25.4737021635
0.5255,1.23776868649,0,2.40875328735,0.607228977593,23.6095534912,1.58370473504,0.572881806277,22.7112715264,8.41956320349,5.87149431094,25.3179056458
0.526,1.07328344888,0,2.10153224021,0.816782305066,22.4143674813,0.86217282608,0.17752069502,21.1107055322,7.73716025121,5.52348580158,25.1205435749
0.5265,0.890081290264,0,1.889576438,1.04257643873,21.2861518973,0.359522595123,-0.368995104446,19.662101801,6.97710606199,5.13587709542,24.900723499
0.527,0.703242577862,0,1.75830757361,1.28273616974,20.2217236303,-0.248893381091,-1.76424282323,18.7044164602,6.20196483472,4.74057437561,24.6765400054
0.5275,0.524807825374,0,1.69588063712,1.53973050569,19.2187616448,-0.402696555942,-1.82965679318,18.8962287319,5.46168927163,4.36305227615,24.462440231
0.528,0.362930785228,0,1.69334626137,1.81907564062,18.275857423,0.205436554788,-0.504503989061,19.1128105828,4.79010699646,4.02056204261,24.2682076765
0.5285,0.222074453443,0,1.74459570909,2.12852290219,17.3925806684,1.06799563552,1.02914996549,18.3386380471,4.20573372347,3.72254622811,24.0991973887
0.529,0.103761632876,0,1.84620494493,2.47761637935,16.569627073,1.62521136592,1.83672173552,18.1274248053,3.71488713308,3.47222669231,23.9572365439
0.5295,0.0074767046314,0,1.99725296293,2.87751387573,15.8090871116,2.30295370031,3.50045942344,18.1192097822,3.31542806762,3.26851251808,23.8417064628
0.53,-0.0685175615498,0,2.19915764975,3.34097509102,15.1148706318,2.97750473432,5.09836427854,17.6793553689,3.00014924775,3.10772817246,23.7505226827
0.5305,-0.126543719526,0,2.45554763969,3.88242388602,14.4933303794,3.57012311507,6.4420038427,16.7407934746,2.75941505124,2.9849597281,23.6808984241
0.531,-0.169064480285,0,2.77216759461,4.51798012979,13.9541415609,4.46452767359,8.31272250561,15.9354830928,2.58300838339,2.89499672118,23.6298787368
0.5315,-0.198400106999,0,3.15679313797,5.26532325091,13.5115078826,5.26009621595,9.96876935047,15.3865760111,2.46130312541,2.83293007087,23.5946795899
0.532,-0.216568302276,0,3.61910545243,6.14318447305,13.1857677271,5.98174767231,11.4865193311,15.1207636807,2.38592839711,2.79449083676,23.5728799883
0.5325,-0.225208468229,0,4.17043839242,7.17015621935,13.0054484302,6.64470599265,12.7410766204,15.1243205368,2.35008278056,2.77621046511,23.562512851
0.533,-0.225559237116,0,4.82325601926,8.36234601251,13.0097250832,7.28799608811,13.8263403019,15.352922528,2.34862753918,2.77546832825,23.5620919714
0.5335,-0.218466085375,0,5.59013961786,9.72919508895,13.251015455,7.94811933843,14.8439923779,15.7620580804,2.37805502921,2.79047561523,23.5706028818
0.534,-0.204402914742,0,6.48196068007,11.2665860618,13.7969760319,8.62908246762,15.665077707,16.3401132693,2.43639916573,2.8202296717,23.5874769583
0.5345,-0.183497196542,0,7.50481051797,12.9463580737,14.7303178616,9.35561732397,16.3552042609,17.0846122797,2.5231311061,2.8644608011,23.6125612509
0.535,-0.155552688949,0,8.65521739859,14.7019462902,16.1435584198,9.99410614564,16.6932723857,18.0327009776,2.63906500241,2.9235842007,23.6460912258
0.5355,-0.12006717282,0,9.91337073877,16.4118102858,18.1243337867,10.3883396817,16.4048338202,19.2313129831,2.78628442053,2.99866243721,23.6886694843
0.536,-0.0762455613776,0,11.2347775617,17.8864973788,20.7264056792,10.8705438378,16.1845122612,21.0674942247,2.9680879517,3.09137771001,23.7412500326
0.5365,-0.0230116737147,0,12.542333682,18.8715347858,23.924779164,11.3674680994,15.9878377472,23.626441056,3.18894036759,3.20400694144,23.8051241557
0.537,0.0409744089531,0,13.7231828241,19.0832964184,27.5641074931,11.8339941098,15.4844143951,26.2964545497,3.45440061407,3.33938505545,23.8818995914
0.5375,0.117281342538,0,14.63676303,18.2891602876,31.3277479439,12.1202225819,14.0118855265,28.6701078964,3.770976603,3.50083092498,23.973458534
0.538,0.207634208622,0,15.139152956,16.4163221886,34.7677426841,12.6485874264,13.2595224647,30.5478435059,4.14582521228,3.69199437952,24.0818708695
0.5385,0.313774313051,0,15.1212582424,13.633153821,37.4177895512,13.0679060614,12.5897259401,32.9941386701,4.58617062973,3.91655957494,24.2092259509
0.539,0.437206318702,0,14.5465922144,10.3337352503,38.9519878482,12.9820584222,11.173695172,35.4435566583,5.09825527811,4.17770999134,24.3573291886
0.5395,0.578773290286,0,13.4683944661,7.00967076195,39.2971857209,12.1584151561,8.0431084276,37.2431703086,5.6855767956,4.47722933711,24.5271921568
0.54,0.737994724501,0,12.0149704152,4.08061944944,38.6265351146,11.4490200286,5.1586248702,37.7070539729,6.34614170926,4.81410099067,24.7182383106
0.5405,0.912128748437,0,10.3512793642,1.78426379021,37.2508038711,10.8722799603,3.40619683281,37.6043226693,7.06857476014,5.1825238533,24.9271777393
0.541,1.09501733602,0,8.63707221415,0.167837777401,35.4895301845,10.1505211932,2.16933588175,37.088292577,7.82732803137,5.5694691237,25.1466215685
0.5415,1.27598892467,0,6.99838242084,-0.85136985767,33.5897072901,9.20927153899,1.26799976309,36.0816943411,8.57812821366,5.95235851682,25.3637652346
0.542,1.43942370342,0,5.51713530288,-1.41227835902,31.704882426,7.99649994218,0.517997709116,34.5366378736,9.25617310782,6.29814452507,25.559866884
0.5425,1.56586727143,0,4.23434168749,-1.65697133329,29.9116408702,6.51428763168,-0.218077957755,32.4859806337,9.78075188075,6.56566663382,25.7115836265
0.543,1.63540027396,0,3.15976309776,-1.70443102533,28.2370353995,4.84504286162,-0.982896343104,30.0767979132,10.0692247364,6.71278060535,25.7950146844
0.5435,1.63292356594,0,2.28264940159,-1.6433366945,26.6820432452,3.14357355403,-1.72655909085,27.5503999883,10.058949572,6.7075405274,25.7920429391
0.544,1.55338722908,0,1.58080236935,-1.53459016252,25.2368340642,1.58306452732,-2.37783067888,25.1611615393,9.72897569787,6.53926207011,25.6966091094
0.5445,1.40415986028,0,1.02714984434,-1.41725775009,23.8889603697,0.287582854067,-2.93288866589,23.0755837596,9.10987334856,6.22353529167,25.517554606
0.545,1.20299950058,0,0.593999240895,-1.31474886847,22.6269502224,-0.69864101645,-3.48469980227,21.3218287116,8.27531563782,5.79793164516,25.2761868957
0.5455,0.972737251886,0,0.255482860238,-1.24001489003,21.4414204764,-1.39292144127,-4.17672293991,19.8260885938,7.32002238115,5.31075587732,24.999900495
0.546,0.735483350186,0,-0.0112664907798,-1.19951066437,20.3250760264,-2.03559922525,-5.58919302203,18.7181356681,6.33572272412,4.80878756775,24.71522497
0.5465,0.508681386881,0,-0.225763543462,-1.19604122826,19.272334376,-2.21703825518,-5.67684175161,18.9496554043,5.39478521752,4.3289328749,24.4430904866
0.547,0.303670190823,0,-0.404312078122,-1.2307257145,18.2789165677,-1.52078708746,-4.22005165569,18.7425009903,4.54425147067,3.89518184788,24.1971022459
0.5475,0.126125843091,0,-0.560412640641,-1.30431164533,17.3415310669,-1.08191710459,-3.7365177529,18.4077712634,3.80766994628,3.51954361615,23.9840708478
0.548,-0.0226006180555,0,-0.705289659301,-1.41803799377,16.4576787651,-0.467507121299,-1.95221751979,18.150186643,3.19064572182,3.20487662962,23.8056173719
0.5485,-0.143997058765,0,-0.848449785817,-1.57420326471,15.6255719502,0.18297913969,-0.125838702564,16.6627676298,2.68700605942,2.94803294573,23.659956562
0.549,-0.241135812849,0,-0.998223838798,-1.7765556008,14.8441551305,0.762530668475,1.72061097069,15.401634524,2.28400471089,2.74251229536,23.5434019948
0.5495,-0.317763787328,0,-1.16227134213,-2.03058842546,14.1132236131,0.98217116146,2.57950645088,14.0134328285,1.96609681366,2.58038718576,23.4514578425
0.55,-0.377713759355,0,-1.34804290453,-2.34379716091,13.4336489551,0.863674029573,2.57666912943,12.6204413971,1.71738125416,2.45354844506,23.3795252436
0.5505,-0.424565933609,0,-1.56320429968,-2.72592818485,12.807736291,0.501050973469,1.96009628634,11.2792446846,1.52300477091,2.35442127985,23.3233083923
0.551,-0.461485231434,0,-1.81602882705,-3.1892270845,12.2397570507,-0.0360397467084,0.914669194326,10.0250599857,1.3698369961,2.27630952959,23.2790097721
0.5515,-0.491172578527,0,-2.11576203444,-3.74866435317,11.736722477,-0.697935529248,-0.425543506332,8.87615376371,1.24667254927,2.21349872931,23.243388604
0.552,-0.515884490672,0,-2.47295456887,-4.42207528022,11.3094886943,-1.43847352311,-1.87267168816,8.23011150618,1.14414978157,2.16121467127,23.2137373463
0.5525,-0.537489503529,0,-2.8997425678,-5.23008529574,10.9743101796,-2.23926067987,-3.38193502942,8.00991608942,1.05451666451,2.11550401402,23.187813986
0.553,-0.557541127945,0,-3.41002618801,-6.19558532779,10.7549758436,-3.0913993809,-4.9279370028,8.15353530874,0.971328118844,2.07307992767,23.1637545009
0.5535,-0.577355126845,0,-4.01944829393,-7.34235065166,10.6856461518,-3.99342516028,-6.49887190071,8.61782593012,0.889125414562,2.03115859587,23.1399801373
0.554,-0.598084522614,0,-4.74499651741,-8.692136392,10.8144065965,-4.95002561008,-8.0937042003,9.37524854588,0.80312498633,1.98730051945,23.1151074099
0.5545,-0.620789427461,0,-5.60393092664,-10.2592259047,11.2072541702,-6.07701804722,-10.0526831652,10.2768770457,0.708928726991,1.93926277329,23.0878643143
0.555,-0.646501038804,0,-6.61157088516,-12.0410207099,11.9515485937,-7.38379799284,-12.335236127,11.3995181322,0.602258488709,1.88486360855,23.0570135405
0.5555,-0.676280333853,0,-7.77728210049,-14.0031118865,13.1566160637,-8.67781831386,-14.4389185968,13.0115213942,0.478712575688,1.82185827002,23.0212820461
0.556,-0.711272374088,0,-9.09789351573,-16.0580718363,14.946973337,-9.81949873951,-16.1146753027,15.1464872575,0.333540450152,1.74782410173,22.9792958982
0.5565,-0.752756784487,0,-10.5480205933,-18.0403521206,17.4409070533,-10.8043753308,-17.3534010749,17.841413582,0.161433308242,1.66005374595,22.9295197039
0.557,-0.802193821575,0,-12.0679097517,-19.686981365,20.7060546585,-11.6242999041,-18.1337188755,21.155753573,-0.0436670433297,1.555457675,22.8702013349
0.5575,-0.861263180809,0,-13.5521011231,-20.6452212025,24.6896455452,-12.2699496025,-18.4109098773,25.1570845627,-0.288729188222,1.43048208476,22.799325363
0.558,-0.931888705773,0,-14.8463770729,-20.5365228732,29.1415649026,-12.8538551228,-17.6932673997,29.2280743171,-0.581734611955,1.28105661641,22.7145834125
0.5585,-1.01623543855,0,-15.7635842959,-19.0913887659,33.5817602999,-13.3637159421,-15.8781951116,33.4548038568,-0.931665464732,1.10260059707,22.6133776989
0.559,-1.11665454303,0,-16.1250296385,-16.3139649508,37.3796295472,-13.619719374,-12.8547416183,37.3259038059,-1.3482760637,0.890139567927,22.4928871144
0.5595,-1.23553488949,0,-15.8186416,-12.5664266644,39.9604954404,-13.8084757223,-10.7524193708,38.8367693312,-1.84147715927,0.638619293129,22.3502453083
0.56,-1.37499674604,0,-14.8457562633,-8.47293112588,41.0372991545,-13.8776358971,-9.40895698445,38.3985240041,-2.42006514706,0.343553829994,22.1829082194
0.5605,-1.53633636832,0,-13.3264079681,-4.67604235505,40.7054264422,-13.7299691517,-8.33042599067,37.8736689535,-3.08941782677,0.0022006346128,21.9893205003
0.561,-1.71911486793,0,-11.4582443631,-1.60917807748,39.3393699963,-13.2927611301,-7.33222770753,37.4639065686,-3.847714374,-0.384511717916,21.7700087631
0.5615,-1.91981891185,0,-9.4546750015,0.581004188637,37.3912710061,-12.4755898272,-6.15823573648,37.4177505641,-4.68037895897,-0.809149917441,21.5291885757
0.562,-2.13017833834,0,-7.49460842137,1.96955836684,35.2327926471,-11.2096462072,-4.64452542307,37.6718370098,-5.5531010085,-1.2542164262,21.2767831158
0.5625,-2.33559703219,0,-5.69924294062,2.73826228374,33.0979287973,-9.63919827406,-3.61387021291,36.0456097929,-6.40532534899,-1.68882961388,21.0303059278
0.563,-2.51473058613,0,-4.13235027962,3.0846739233,31.0998617398,-7.72074704671,-2.60156284708,33.214082811,-7.1485000426,-2.06783019769,20.8153676775
0.5635,-2.64167614946,0,-2.81279977927,3.17575337175,29.2736887984,-5.53967766803,-1.34290005258,29.8952075956,-7.67516145281,-2.33641439958,20.6630486023
0.564,-2.69170179412,0,-1.72982616926,3.13491901657,27.6148258409,-3.32300571819,0.0922322168608,26.6525801931,-7.88270377154,-2.44225581296,20.6030239766
0.5645,-2.64929632547,0,-0.856085159499,3.04586051435,26.1038467189,-1.33436094868,1.4368439873,23.7921431319,-7.70677541821,-2.35253673454,20.6539053276
0.565,-2.5146446633,0,-0.157021494523,2.96179256034,24.719353029,0.2815951922,2.59219708843,21.5541571881,-7.14814357299,-2.06764840707,20.8154707743
0.5655,-2.30436009469,0,0.40319078971,2.914759678,23.4432378449,1.55545145033,3.85546396249,20.4246110821,-6.27573208772,-1.62274027835,21.067786414
0.566,-2.04579793416,0,0.858317308818,2.9231739899,22.2620268605,2.5476636945,5.42341230605,20.4016517933,-5.20303046257,-1.07568916683,21.378029231
0.5665,-1.76849501405,0,1.23851353979,2.99736310193,21.1665951559,3.10924796517,6.38319796584,19.2294598165,-4.05257870096,-0.488987422204,21.7107586563
0.567,-1.49721307259,0,1.56989844546,3.14344074146,20.1514548034,3.33595196447,7.1511183748,17.6201165484,-2.92710628501,0.0849754782871,22.0362636472
0.5675,-1.24872649658,0,1.87478200911,3.36590547224,19.2141393408,3.31863664,8.25310855223,17.3827211974,-1.89620542398,0.61070924122,22.334417001
0.568,-1.03186157604,0,2.17223165688,3.6693179264,18.3548698124,3.03884993058,8.88695198482,19.4043238117,-0.996493910813,1.06953970422,22.5946282542
0.5685,-0.849229911782,0,2.47877493599,4.05931751669,17.576541913,2.5384425152,6.81872311569,20.0105381398,-0.238806542099,1.45594139088,22.8137638071
0.569,-0.699341542451,0,2.8091113118,4.54314903948,16.8850291936,1.60527747832,3.77508351507,18.2641658234,0.383038112379,1.77306667665,22.9936114299
0.5695,-0.578411896557,0,3.1767516939,5.12978242027,16.28979539,1.31668110622,2.21387778253,15.6640001305,0.88474117448,2.02892274263,23.1387121435
0.57,-0.481658372894,0,3.59452592042,5.82962020576,15.8048164007,1.51402487827,1.74405838148,12.9985699702,1.28614431043,2.23362834439,23.2548044815
0.5705,-0.404122498533,0,4.07489934111,6.6536898625,15.4498069365,2.10992475303,2.33701005171,11.4446544327,1.60781882872,2.39767433691,23.347838002
0.571,-0.341130961935,0,4.63002135702,7.61210537307,15.2517057526,3.00304770683,3.70220230991,10.7707971379,1.86915298349,2.53094824691,23.4234201047
0.5715,-0.288510110827,0,5.27139200299,8.71145656998,15.2462644096,4.12089467933,5.62589022058,10.7990682438,2.08746208327,2.64228045047,23.4865586592
0.572,-0.242644964463,0,6.00897999843,9.95066844046,15.4793594739,5.33222026077,7.78686829927,11.4035558127,2.27774366563,2.73931931822,23.5415911983
0.5725,-0.200447721826,0,6.84956758229,11.3148390513,16.0072457624,6.60787697047,9.89831803061,12.2211477213,2.45280814784,2.82859784389,23.5922227037
0.573,-0.159279366244,0,7.79406362625,12.7667800628,16.894345218,7.81229298063,11.6428127151,13.3288939842,2.62360406728,2.91569950886,23.6416196711
0.5735,-0.116852411597,0,8.83358392137,14.236751771,18.2063918726,8.68111541327,12.5948671892,14.7764136794,2.79962155997,3.00546404615,23.6925268026
0.574,-0.0711323864346,0,9.9443677167,15.6126150057,19.9962148084,9.57723199747,13.5297182611,16.9867818968,2.98930107531,3.10219587471,23.7473852141
0.5745,-0.020249320712,0,11.0822464915,16.7355365809,22.2801271126,10.4211939648,14.3439453824,19.8348986048,3.20040059266,3.20985137079,23.8084386398
0.575,0.0375724922877,0,12.1785020823,17.4097041989,25.0064407957,11.1810539392,14.7813012331,22.7633141073,3.44028701939,3.33218747368,23.8778177094
0.5755,0.10405831247,0,13.1402954977,17.435249756,28.0253004084,11.7415216277,14.2953591183,25.2961838606,3.7161179732,3.47285439012,23.957592523
0.576,0.180889671033,0,13.8594381064,16.6665581746,31.078685349,12.3860790588,13.9777644253,27.4134199407,4.03486965375,3.63540980819,24.0497807112
0.5765,0.269658223999,0,14.2314699547,15.0804222087,33.8322730775,13.1252588294,14.0742519793,29.2805779413,4.40314539385,3.82322126316,24.1562920656
0.577,0.371743686519,0,14.1818582089,12.8185374542,35.9549905721,13.4268378262,13.5362405419,31.8705155323,4.8266692433,4.03920787786,24.278782075
0.5775,0.48808475066,0,13.6897592647,10.1684064051,37.2184880987,13.1748645685,12.0298354474,34.0631656717,5.30933557128,4.28535568358,24.4183770543
0.578,0.618807208308,0,12.7976504463,7.47981463377,37.5640077699,12.2616781979,8.81480687937,35.3306491136,5.85166625292,4.56193082362,24.5752279385
0.5785,0.762681445392,0,11.601108613,5.05895318672,37.0989694429,11.7119545891,6.70339504267,35.5588807342,6.44855996553,4.86633175048,24.7478593418
0.579,0.916418868191,0,10.2236647249,3.09586266755,36.0325557874,11.2101001247,5.48373284005,35.3748216539,7.08637325943,5.19160064464,24.9323253558
0.5795,1.07390635678,0,8.78855827344,1.65110816844,34.5945687295,10.5771536078,4.67822734073,34.8356540291,7.73974452076,5.52480371469,25.1212909879
0.58,1.22563301138,0,7.39784919395,0.687610511761,32.9775753147,9.7642920966,4.14155717155,33.8990929362,8.36921570338,5.84581833986,25.3033443271
0.5805,1.35874950226,0,6.12289346204,0.117002158212,31.3147867618,8.74228182157,3.72708397589,32.5587285381,8.92147855504,6.12745863924,25.463067757
0.581,1.45828204113,0,5.00441449864,-0.162081737256,29.6841734322,7.51973775278,3.31899701672,30.8750630891,9.33441104284,6.3380439233,25.5824945717
0.5815,1.50977290533,0,4.05806077286,-0.24129708813,28.1236881599,6.15620381259,2.86133950222,28.9820975931,9.54803214498,6.44698536482,25.6442772808
0.582,1.50290641882,0,3.28175093398,-0.193230464104,26.6469741263,4.75621945621,2.35904814193,27.0523314742,9.51954502519,6.43245764324,25.6360383409
0.5825,1.43479773398,0,2.66253902113,-0.0702407944144,25.2550939308,3.43957505938,1.84107933536,25.2329296913,9.23698126272,6.28835716208,25.5543162892
0.583,1.31132590159,0,2.18203218378,0.0928547770951,23.9437741512,2.30307777869,1.3102442685,23.5932453758,8.72473138441,6.02712248252,25.4061652642
0.5835,1.14571918452,0,1.82020153133,0.274927012663,22.7072437155,1.39826522157,0.719901569045,22.1178802346,8.03767572948,5.6767412107,25.2074575558
0.584,0.955074817629,0,1.5578055446,0.464833741626,21.539957545,0.734744664955,-0.00789928011818,20.7446976954,7.24674591296,5.27338670361,24.9787077445
0.5845,0.756449695251,0,1.37776160857,0.65838093531,20.4371951005,0.163370856548,-1.30517802479,19.540425999,6.42270618828,4.85314696802,24.7403820075
0.585,0.563969366818,0,1.26578982223,0.85604755956,19.3951522925,-0.32531450997,-2.2743324978,19.4878438546,5.62415948408,4.44590803792,24.509429268
0.5855,0.387509817058,0,1.21059426031,1.06140295284,18.4108618122,0.131244702601,-1.32520823957,19.6301606413,4.89207848113,4.07256496004,24.2976994941
0.586,0.232707348738,0,1.20377946817,1.28008942523,17.4821014117,0.996375941124,0.14340628344,18.6308957614,4.24984661315,3.74504270315,24.1119555563
0.5865,0.101727779654,0,1.23964023335,1.51923933333,16.6073565698,1.53803281491,0.850870699183,18.1913566905,3.70644924854,3.46792358136,23.95479617
0.587,-0.00571695839954,0,1.31491539227,1.78721297268,15.7858627848,2.21372352086,2.48674113208,17.9043890214,3.2606912734,3.24059811633,23.8258756886
0.5875,-0.0914186440448,0,1.42856145341,2.09356589451,15.0177405774,2.84157547702,3.93465267842,16.8546569956,2.90513910257,3.05927536479,23.7230441981
0.588,-0.157922929687,0,1.58157708112,2.44917421434,14.3042393163,3.67713875231,5.73899567744,15.6196688585,2.62923154075,2.91856938017,23.6432472283
0.5885,-0.208001902959,0,1.77689229536,2.866459988,13.6481170572,4.47536221246,7.55571490423,14.62328606,2.42146797664,2.81261513715,23.5831586147
0.589,-0.244318675784,0,2.01932376123,3.35966254957,13.0541996691,5.10239675393,8.90937741245,14.0080994336,2.27079990847,2.73577817501,23.5395829504
0.5895,-0.269237558136,0,2.31558680999,3.94509188578,12.5301823759,5.6252147665,9.86996873132,13.5466014982,2.16741847964,2.68305622118,23.509683354
0.59,-0.284734951896,0,2.67434253217,4.64127053802,12.0877590053,6.09070651467,10.6097701599,13.2158936302,2.10312415506,2.650267717,23.491088386
0.5905,-0.292374263412,0,3.10624026394,5.46881139494,11.7441843095,6.50736812453,11.1574946831,13.0877847273,2.07143080186,2.63410489624,23.481922151
0.591,-0.293317460986,0,3.62388644077,6.44977544098,11.524380874,6.91487377615,11.6153814734,13.1757189297,2.06751774061,2.63210933246,23.4807904298
0.5915,-0.288354171422,0,4.24162243662,7.6060872282,11.4636667282,7.34644381941,12.066035223,13.4886791099,2.08810903197,2.64261037819,23.4867457674
0.592,-0.277935754281,0,4.97491700039,8.95634029368,11.6110450351,7.83120059944,12.5783717263,14.033661962,2.13133211216,2.66465307255,23.4992465876
0.5925,-0.262206633435,0,5.839064267,10.5100096273,12.0326543095,8.33866985178,13.0798997689,14.8779102931,2.19658780719,2.69793185172,23.5181195996
0.593,-0.241028589291,0,6.84672722848,12.2577998085,12.8142480746,8.91798284083,13.7082342623,15.9257497981,2.28444955125,2.74273915286,23.5435306499
0.5935,-0.213996094041,0,8.00371491548,14.1569063366,14.0602329123,9.59788180873,14.4666405161,17.0245850456,2.39659976506,2.79993296863,23.5759663221
0.594,-0.180442499792,0,9.30235087606,16.111082551,15.8847538442,10.3542016905,15.0697181538,18.2342553625,2.53580418309,2.87092375472,23.6162265116
0.5945,-0.139438374795,0,10.7121646401,17.9488679187,18.3881736079,10.8922446241,15.0562429525,19.6579174666,2.70591875605,2.95767794996,23.6654264225
0.595,-0.0897849855645,0,12.168903082,19.4104648188,21.6124251256,11.3547628186,14.7804308162,21.5564634969,2.91191669176,3.06273176648,23.7250043875
0.5955,-0.030008416556,0,13.5654876499,20.1635006253,25.4762098578,11.8710114437,14.5823513211,24.3962196964,3.15991285095,3.18920363093,23.7967289241
0.596,0.0416361190253,0,14.7521381302,19.8720223642,29.7112131943,12.3464804927,14.0479447824,27.3048283869,3.45714586291,3.34078506398,23.8826935621
0.5965,0.127133531187,0,15.5547097378,18.3241804266,33.8481881181,12.6407273308,12.4665906228,29.8800880011,3.81185056056,3.5216756253,23.9852799496
0.597,0.228624763648,0,15.8151734613,15.5719230154,37.3070786051,13.2331420327,11.8607296404,31.8721354418,4.23290911676,3.73640500185,24.1070569559
0.5975,0.348226592775,0,15.443596125,11.9842882384,39.5892156546,13.5157623879,10.8930502503,34.7027505309,4.72910344084,3.98945174864,24.2505644526
0.598,0.487691633046,0,14.4557706355,8.14109009176,40.4713578531,13.1806094547,8.85757064306,37.2447270536,5.30770463696,4.28452394769,24.4179053615
0.5985,0.647823880165,0,12.9724361772,4.61360112295,40.0682775016,12.1694197805,5.01944577306,38.5940067498,5.97204825697,4.62332264739,24.6100443788
0.599,0.827560879004,0,11.1794493123,1.77537978143,38.7289370718,11.6184523278,2.89181778493,38.9354098613,6.71772647363,5.0035999656,24.8257066889
0.5995,1.02268538084,0,9.27268055463,-0.253885792108,36.8601638056,10.9383340348,1.36395048064,38.8667142981,7.52724310902,5.41643328738,25.0598321115
0.6,1.22430446701,0,7.41473298396,-1.54679829143,34.7938094336,10.0381813545,0.24543551734,38.2948777803,8.36370394675,5.84300748126,25.3017502371
0.6005,1.4175979892,0,5.7154945985,-2.2681238367,32.7402338694,8.83507335655,-0.685283359945,37.1328690392,9.16562436292,6.25196692043,25.5336787092
0.601,1.58183569897,0,4.23289153779,-2.59635358412,30.8035832341,7.28883830751,-1.62748912848,35.3630018014,9.84700039193,6.59945172449,25.7307437771
0.6015,1.69291518275,0,2.98414703945,-2.68323281824,29.0186383128,5.44706523595,-2.67879776402,33.0994201605,10.307837904,6.83446737776,25.8640255067
0.602,1.72896452174,0,1.95943607118,-2.64192772471,27.3841105273,3.46594709813,-3.78980666282,30.595641063,10.4573964644,6.9107385186,25.9072802832
0.6025,1.67753656402,0,1.13364631769,-2.54989141872,25.8844911742,1.56727449857,-4.82015293473,28.1648564959,10.2440363436,6.80193017104,25.8455730542
0.603,1.5408171182,0,0.474910552839,-2.45677937186,24.5016215233,-0.0557342233806,-5.67435541083,26.0477392045,9.676825846,6.51266694453,25.6815265211
0.6035,1.33551702495,0,-0.0499132234409,-2.39265942502,23.2196012617,-1.30986336916,-6.39755667319,24.3170388343,8.82509354601,6.07830468526,25.4351916393
0.604,1.08735965996,0,-0.472122295498,-2.37480663066,22.026176165,-2.19980739556,-7.15084808649,22.8915447587,7.79555848885,5.55326744828,25.1374332983
0.6045,0.823454374418,0,-0.819686036139,-2.41279266161,20.9126095938,-2.77902258033,-8.12175338672,21.6365744777,6.70068974198,4.99491165679,24.820779388
0.605,0.566306158527,0,-1.11681043825,-2.51209317641,19.8731040832,-3.36118965464,-9.17705380877,21.7395387071,5.63385417513,4.4508520889,24.5122331309
0.6055,0.331124000488,0,-1.38412338505,-2.67655288139,18.9042550274,-2.77895068815,-7.86346073673,21.8815484165,4.6581495994,3.95326705672,24.2300434436
0.606,0.125925135916,0,-1.63919126772,-2.91002155841,18.0047131688,-2.34263129557,-7.34222732248,21.4983497195,3.80683726871,3.51911897133,23.9838300238
0.6065,-0.0469066624194,0,-1.89718085486,-3.21740847758,17.1750992948,-1.71621711585,-5.46527804828,21.0563543063,3.0898067853,3.15345128355,23.7764531058
0.607,-0.188731222732,0,-2.17155225508,-3.60533193286,16.4181727049,-0.915667266823,-3.13204115035,19.3555637331,2.50141660468,2.85338694621,23.6062810627
0.6075,-0.303024201265,0,-2.47471515173,-4.08247284181,15.7392555778,-0.594379893515,-1.82599495269,17.6489512575,2.0272472074,2.61157236352,23.4691435344
0.608,-0.394196163999,0,-2.81860628086,-4.65967431264,15.1469315705,-0.794185040277,-1.79656042063,15.7710243142,1.64900039668,2.41867591088,23.3597483836
0.6085,-0.4668341113,0,-3.2151546794,-5.34975641462,14.6540538348,-1.37938669864,-2.69031025176,13.8237660342,1.34764599912,2.26499267382,23.2725917736
0.609,-0.525269726668,0,-3.67659384328,-6.16692807351,14.2791031503,-2.23059389551,-4.11072594063,12.4228890598,1.10521307914,2.14135792281,23.2024762165
0.6095,-0.573374095825,0,-4.21555588029,-7.1255658356,14.0479142023,-3.26856326077,-5.81871526889,11.8024561615,0.905641591701,2.03958143485,23.1447568852
0.61,-0.614497435959,0,-4.84483975858,-8.23798503937,13.9957070535,-4.52730196145,-7.95546989445,11.7267313128,0.73503242869,1.952575011,23.0954139309
0.6105,-0.65149473795,0,-5.5766818011,-9.5106602629,14.1691688911,-6.04953381911,-10.6288723648,12.0968278448,0.581541036559,1.87429822396,23.0510217152
0.611,-0.686797268545,0,-6.42127469808,-10.9382081021,14.6279467114,-7.46119995564,-12.9565045675,13.1799685795,0.43508077391,1.79960713783,23.008663017
0.6115,-0.722504176048,0,-7.38420074698,-12.4944701316,15.4442373287,-8.70063590343,-14.847597048,14.8812053591,0.286942865292,1.72406049404,22.9658191161
0.612,-0.760478399418,0,-8.46242257382,-14.1205447419,16.6981563461,-9.77631229084,-16.3256760806,17.1522823732,0.129398501341,1.64371679231,22.9202547149
0.6125,-0.802437494082,0,-9.63863578559,-15.7111611468,18.4654566184,-10.6911589188,-17.3960347569,19.9824909453,-0.0446779719711,1.55494212657,22.8699089578
0.613,-0.850033557455,0,-10.874347616,-17.1039902953,20.7938452412,-11.4431918214,-18.0484308699,23.3930218221,-0.242140641789,1.45424108308,22.812799531
0.6135,-0.904917621359,0,-12.1032457748,-18.0812693244,23.6666175591,-12.111032043,-17.9677864469,26.9538348354,-0.469839174415,1.33812050262,22.7469453992
0.614,-0.968782856097,0,-13.2282505931,-18.3969631262,26.9602445505,-12.7083514799,-17.0312569119,30.6019250281,-0.734798056855,1.20299807179,22.6703149662
0.6145,-1.04337760163,0,-14.1272620829,-17.8390160568,30.4160903979,-13.226498505,-15.1615192344,34.3999385504,-1.0442706595,1.04517475234,22.5808104388
0.615,-1.13047329214,0,-14.6719258554,-16.3173598342,33.6572332665,-13.4944147313,-12.5552752044,37.4817561927,-1.40560616412,0.860902644612,22.4763063137
0.6155,-1.23176348919,0,-14.7584417087,-13.9377810724,36.2711946774,-13.694569948,-10.7409935792,38.5766666724,-1.825830681,0.646598607348,22.3547705252
0.616,-1.3486589065,0,-14.3404229751,-11.0063954981,37.9379209917,-13.7941446148,-9.64316131599,37.7292553941,-2.31079686424,0.399277932733,22.2145103901
0.6165,-1.48193215889,0,-13.4477878214,-7.94128984182,38.5361384961,-13.7112001084,-8.78597752269,36.8144642724,-2.86371007527,0.117305966276,22.0545988657
0.617,-1.63116286027,0,-12.1804233926,-5.13416588701,38.1628636778,-13.3973703177,-8.03998310736,35.96857684,-3.48282625054,-0.198427863063,21.8755403636
0.6175,-1.79395600562,0,-10.6795524365,-2.84158958752,37.0614762394,-12.796080311,-7.23941305317,35.3522600134,-4.15820918832,-0.542856339867,21.6802085954
0.618,-1.96498402468,0,-9.09164375094,-1.15447884234,35.514335544,-11.8470073849,-6.18188829016,35.1425386548,-4.86775629926,-0.904707694066,21.4749959908
0.6185,-2.13506900126,0,-7.54012645588,-0.0343940567956,33.7609711284,-10.5382490389,-4.85063454043,35.091227745,-5.57339099236,-1.26456381262,21.2709149213
0.619,-2.29077467696,0,-6.11174948834,0.62578551848,31.9651094451,-9.01283104835,-3.88824369071,33.6159275702,-6.21937001354,-1.5939970243,21.0840872457
0.6195,-2.41520186981,0,-4.85586399104,0.950681109611,30.2191719882,-7.28321595908,-3.01506238489,31.2451709156,-6.73558341347,-1.85725300117,20.9347899056
0.62,-2.49058576091,0,-3.79115508614,1.05248303316,28.5646942301,-5.43932459052,-2.08985546211,28.5020681631,-7.04832995893,-2.01674594992,20.8443385005
0.6205,-2.5025599402,0,-2.91477342021,1.01920700657,27.0133222348,-3.627524761,-1.11781380106,25.8249789357,-7.09800745839,-2.04208023734,20.8299709569
0.621,-2.44470428633,0,-2.21081635972,0.913787618889,25.5621333579,-1.98413441741,-0.134043336204,23.5696389612,-6.85798063543,-1.91967253588,20.8993906315
0.6215,-2.3211596068,0,-1.65691604636,0.777958288407,24.2027610511,-0.570961260195,0.953516115861,22.1101044269,-6.34542853481,-1.65828373047,21.047629064
0.622,-2.14575072718,0,-1.22877681322,0.637377203559,22.9259649239,0.635252689595,2.41394074578,21.9209781659,-5.61770646655,-1.28716360071,21.2580981629
0.6225,-1.93802350456,0,-0.902982334005,0.506371403381,21.7234767444,1.4978623075,3.52818257292,21.2879827665,-4.75590468999,-0.84766615918,21.5073453017
0.623,-1.71824987266,0,-0.658517967718,0.391748136567,20.5884633139,2.02356509876,4.27793736957,19.9919023733,-3.84412575208,-0.382681610121,21.7710466512
0.6235,-1.50351297123,0,-0.477419692453,0.295621719318,19.5154075359,2.27090758974,4.90874898995,18.4522750215,-2.95324279119,0.0716465111077,22.028704543
0.624,-1.30581923938,0,-0.344874968708,0.21739359229,18.4998178401,2.29348228022,5.67115533023,17.4213630512,-2.13306714366,0.489915663593,22.2659127259
0.6245,-1.13199909499,0,-0.249011181783,0.155070545007,17.537943133,2.17288312657,7.09455219993,19.2295386418,-1.41193629069,0.857674437722,22.4744755378
0.625,-0.984638642169,0,-0.180531533103,0.106095864138,16.6265505826,1.79869164128,6.80179318622,20.9895412366,-0.800579250255,1.16945130154,22.6512899715
0.6255,-0.863343517704,0,-0.132300226594,0.0678386389385,15.7627707933,1.28646184131,4.77258534033,21.9362273349,-0.297359920435,1.42608062629,22.7968292144
0.626,-0.765912726316,0,-0.0989370961143,0.0378536466571,14.9439968021,0.487155058141,2.19558826286,21.365397802,0.106853008668,1.63221915258,22.9137341905
0.6265,-0.689250456825,0,-0.0764533961407,0.0139944701247,14.1678206654,-0.517968301874,-0.676353495775,19.8147151445,0.424903186248,1.79441682161,23.0057194925
0.627,-0.629994080761,0,-0.0619421311681,-0.00556207911254,13.431994275,-1.32260290129,-3.01387064263,17.7698414646,0.670741211331,1.91978809142,23.0768198616
0.6275,-0.584902674308,0,-0.0533252154476,-0.0223412423402,12.7344049735,-1.66854933765,-4.06771949277,16.0059230364,0.857812764584,2.01518992427,23.1309240079
0.628,-0.551067717589,0,-0.0491536624148,-0.0376204236871,12.073059894,-1.84990660418,-4.65296335907,14.3666754989,0.998184476305,2.08677600107,23.1715217978
0.6285,-0.526002909992,0,-0.0484541742888,-0.0524892511849,11.4460753468,-1.92005986387,-4.9097699279,12.8796894148,1.1021713079,2.13980669524,23.2015964866
0.629,-0.507658130099,0,-0.0506146859224,-0.0679115152393,10.8516691429,-1.91892503615,-4.94487328138,11.558484359,1.17827863608,2.17861953703,23.223607968
0.6295,-0.494390155175,0,-0.0553017499327,-0.0847853638235,10.2881547068,-1.87572682468,-4.83833010085,10.4064083603,1.23332372942,2.20669116366,23.2395279074
0.63,-0.484912266907,0,-0.0624035664085,-0.10400094213,9.75393640628,-1.80726072676,-4.61841048508,9.54831674653,1.27264482006,2.22674394053,23.2509002085
0.6305,-0.478236839347,0,-0.0719936103595,-0.126496382084,9.24750588142,-1.72913894273,-4.33541368594,8.94489674592,1.30033929004,2.24086743044,23.2589099012
0.631,-0.473619233546,0,-0.084310994135,-0.153314087375,8.76743938602,-1.65255893517,-4.02939844125,8.54499592628,1.31949643676,2.25063709813,23.2644504607
0.6315,-0.470507389366,0,-0.0997548206773,-0.185659919373,8.31239635092,-1.58489123198,-3.72816425103,8.30806135689,1.33240660236,2.25722096104,23.2681842913
0.632,-0.468498965686,0,-0.118890800141,-0.224968376144,7.88111958539,-1.53076361531,-3.45041818366,8.2018385112,1.34073898689,2.26147026962,23.2705941529
0.6325,-0.467306346185,0,-0.14246931846,-0.272977313634,7.47243780597,-1.49288713352,-3.2082205246,8.2005518806,1.3456868295,2.26399354612,23.2720251497
0.633,-0.466728984672,0,-0.171454984484,-0.331816283923,7.08527157771,-1.47267808749,-3.00885769766,8.2834720315,1.3480821399,2.26521509476,23.2727179126
0.6335,-0.466632172402,0,-0.207068475814,-0.404113229596,6.7186443508,-1.47072273028,-2.85626842182,8.43378817628,1.34848378677,2.26541992466,23.2728340754
0.634,-0.466931196831,0,-0.250842290492,-0.49312512484,6.37170119229,-1.48712356679,-2.75212692352,8.63771930479,1.34724321858,2.26478726578,23.2724752829
0.6345,-0.467579907358,0,-0.304692830529,-0.602899223586,6.0437392262,-1.52175876154,-2.69666698492,8.88380941223,1.3445519012,2.26341476095,23.27169691
0.635,-0.468562830378,0,-0.371012128641,-0.738472867298,5.73425598033,-1.57447981596,-2.6893135552,9.16236304895,1.34047403026,2.26133514834,23.2705175231
0.6355,-0.469890135158,0,-0.452783506571,-0.906121274834,5.44302521771,-1.64526747866,-2.72917472648,9.46498613791,1.33496741633,2.25852691238,23.2689249205
0.636,-0.471594915913,0,-0.553726525994,-1.11366423726,5.1702150562,-1.73436172358,-2.8154358022,9.78420379291,1.32789476083,2.25492003423,23.2668793931
0.6365,-0.473732410267,0,-0.678477720558,-1.37084381703,4.91657124675,-1.84237871658,-2.94768895711,10.1131322158,1.3190268984,2.25039764527,23.2643146626
0.637,-0.476380915023,0,-0.832814647951,-1.68978523319,4.68370089123,-1.97042557112,-3.12622584272,10.4451854959,1.30803899766,2.24479408956,23.2611367824
0.6375,-0.479644286937,0,-1.02393145767,-2.08555051415,4.47451085504,-2.12022247389,-3.35231638331,10.7738007668,1.29450018615,2.23788963289,23.2572211371
0.638,-0.483656032167,0,-1.2607737536,-2.57678604088,4.29388383074,-2.29424123905,-3.62849450704,11.0921667268,1.2778565844,2.22940181053,23.2524075358
0.6385,-0.488585097928,0,-1.55443765379,-3.18644458272,4.14971764293,-2.4958694815,-3.95887047424,11.3929411487,1.25740727796,2.21897317357,23.2464932627
0.639,-0.494643588773,0,-1.91862987357,-3.9425179633,4.05451476548,-2.72843333267,-4.34070573035,11.7045704172,1.23227230476,2.20615496327,23.2392238182
0.6395,-0.502096743272,0,-2.37016710884,-4.87862586858,4.02779250766,-2.99517805238,-4.76285450931,12.0992163213,1.20135126462,2.19038600293,23.2302809488
0.64,-0.511275629403,0,-2.9294540872,-6.03412934087,4.09968547607,-3.30302244653,-5.23201177498,12.5850558222,1.1632706497,2.17096583778,23.2192674134
0.6405,-0.522593152178,0,-3.62080250103,-7.45310539485,4.31620181612,-3.66076718104,-5.75712271134,13.1734552095,1.11631743331,2.14702086686,23.205687777
0.641,-0.536564115493,0,-4.47230706779,-9.18092560829,4.74658044145,-4.07953162369,-6.34986342141,13.8796516234,1.05835583899,2.11746189738,23.1889243379
0.6415,-0.553830236249,0,-5.51473308673,-11.2561970454,5.49283668388,-4.57329855778,-7.02523038894,14.7236288201,0.986723563967,2.08093122123,23.1682071149
0.642,-0.575191154152,0,-6.77843495582,-13.6944029142,6.70033613417,-5.15959184188,-7.80226055656,15.7312412544,0.898103128159,2.0357370062,23.1425766386
0.6425,-0.601642571523,0,-8.28669606333,-16.4581366333,8.56506961106,-5.91027152875,-8.81383234997,16.9282547208,0.788363642909,1.97977260196,23.1108381884
0.643,-0.634422599769,0,-10.0432275777,-19.4091938027,11.3267866898,-6.96538484551,-10.5096542414,18.1368847803,0.652368532486,1.91041848281,23.071506183
0.6435,-0.675066991031,0,-12.0116236589,-22.2449303344,15.2269610338,-8.14106621761,-12.2287256324,19.9416015745,0.483746393534,1.82442539174,23.0227379084
0.644,-0.725472815736,0,-14.0872214388,-24.4439233682,20.4028282465,-9.13666809434,-13.4158890959,22.4491837412,0.274626814829,1.71777961505,22.9622571133
0.6445,-0.787967579469,0,-16.0700030364,-25.2881742799,26.7056755396,-9.93433552332,-14.0259645462,25.7728819446,0.0153536308339,1.58555674882,22.8872710771
0.645,-0.865375387378,0,-17.6614336014,-24.0602095125,33.509129869,-10.519021925,-13.9599866102,30.014929791,-0.305789575792,1.42178171201,22.7943912205
0.6455,-0.961061085931,0,-18.5172796195,-20.4383755335,39.699469946,-11.0280034555,-12.545298714,34.426439556,-0.702762605925,1.21933535388,22.6795801414
0.646,-1.07891310911,0,-18.3659174715,-14.8694099756,44.0456291521,-11.4398376044,-9.58289848636,39.1609242277,-1.19169747766,0.969990746976,22.5381721969
0.6465,-1.22318951131,0,-17.1385176883,-8.5183242948,45.8247844049,-11.6245318568,-7.06041844283,41.2511573363,-1.79025966013,0.664738942039,22.3650582449
0.647,-1.39809147635,0,-15.0146307341,-2.69873603773,45.1904456822,-11.6652614811,-5.39806894847,41.1976573955,-2.5158786825,0.294691313305,22.1551973813
0.6475,-1.60684152884,0,-12.3418222082,1.74943134804,42.9491634398,-11.4374603929,-4.02703220127,41.1349847773,-3.38192389227,-0.146970173474,21.9047229724
0.648,-1.849953311,0,-9.49395034194,4.64728862859,40.0238534711,-10.8293766127,-2.66247592998,41.492993466,-4.39052624648,-0.661332253309,21.6130187107
0.6485,-2.1223880925,0,-6.76329297105,6.25842042802,37.0768972005,-9.71461039825,-0.985376420637,42.6182219435,-5.52078147126,-1.23773426718,21.2861304534
0.649,-2.40966006638,0,-4.32425314997,6.98766909123,34.4376746544,-8.25302807541,-0.125373167348,41.6411468316,-6.71259203094,-1.84552796872,20.9414393887
0.6495,-2.6840858674,0,-2.24856436184,7.19703645041,32.1994273374,-6.29390994445,0.723861051833,39.7319323085,-7.85110743526,-2.42614246842,20.6121621527
0.65,-2.90434694309,0,-0.538624890488,7.14701913843,30.3371236674,-3.87576362512,2.14278787598,38.0679930034,-8.76490864027,-2.89215832333,20.3478759306
0.6505,-3.02279984247,0,0.841630099382,7.00357628784,28.7864390399,-1.36146448796,3.95769656008,37.0999444271,-9.25633637822,-3.14277422991,20.2057470084
0.651,-3.00185064728,0,1.94497895834,6.86406636109,27.4826469079,0.728480980642,5.32883386749,36.1231043975,-9.16942406405,-3.09845111437,20.2308834682
0.6515,-2.83197305256,0,2.82781444023,6.78154235021,26.374646916,2.14205217136,5.76232947927,34.2312107623,-8.4646497399,-2.73903376256,20.4347157049
0.652,-2.53801764194,0,3.54319784926,6.78220455319,25.4271273489,3.05223447562,5.85864877996,31.8458779533,-7.24511148243,-2.11709962575,20.7874260724
0.6525,-2.16808904186,0,4.13772493667,6.87659719289,24.6183428147,3.79116065928,6.86482156088,30.7870925826,-5.71038184646,-1.33442573624,21.2312949306
0.653,-1.77393089603,0,4.65054537728,7.06634854103,23.9369787342,4.17378991501,7.67831191486,28.5681451753,-4.07513064524,-0.500488352094,21.704236266
0.6535,-1.39599575824,0,5.11348893584,7.34798997014,23.3793962246,4.21854737472,8.49233488444,25.8306093993,-2.50718413796,0.299125314469,22.1577119854
0.654,-1.05842178771,0,5.55167213715,7.71488840427,22.947544922,3.99950310314,9.80866519921,27.0444095652,-1.10668475295,1.0133451192,22.5627592643
0.6545,-0.771137217874,0,5.98422141757,8.15793684725,22.6474281326,3.33297153413,7.27014394829,25.437072617,0.0851780637606,1.62116547052,22.9074654426
0.655,-0.534473981903,0,6.4249070498,8.66540770536,22.4878715003,3.33923643384,5.90579639631,21.3864191738,1.06702721494,2.12188408314,23.1914322414
0.6555,-0.343440546018,0,6.88257983315,9.22225146416,22.4793189318,4.35881375795,6.86994612428,18.8937172686,1.85957116923,2.52606176029,23.4206488876
0.656,-0.190732151515,0,7.36136892846,9.80908848594,22.632390453,5.96168897934,9.00555538468,17.9431630809,2.49311531437,2.84915349491,23.6038801941
0.6565,-0.0685437901883,0,7.86065393061,10.4011757138,22.9559725175,7.27745855358,10.3983327353,18.8545794139,3.00004043251,3.1076726794,23.7504912115
0.657,0.0304684587118,0,8.37488044966,10.967716503,23.4546900621,8.48530442342,11.4946413427,20.9577502141,3.41081438369,3.31715716353,23.8692937422
0.6575,0.112753654612,0,8.8933528237,11.4719898775,24.1257661202,9.43689662238,11.5806513706,22.9425671841,3.75219250023,3.49125150041,23.9680258649
0.658,0.183730286816,0,9.40020728667,11.8728427405,24.9555408124,10.4698685006,12.0569489541,24.6146114154,4.04665456907,3.64141982149,24.053189101
0.6585,0.247803736477,0,9.87482661611,12.1280134695,25.9162916081,11.5992339015,13.0317076818,25.9285989178,4.31247727662,3.77698278161,24.1300693664
0.659,0.308450242453,0,10.2929682161,12.1994207011,26.9643819916,12.4284590497,13.7691242303,27.9676132126,4.56408255942,3.90529520921,24.2028377205
0.6595,0.368316988696,0,10.6287960191,12.0598988862,28.0409637755,12.9481117226,14.068500862,30.1295497653,4.81245283856,4.03195786553,24.2746704587
0.66,0.429309842253,0,10.8577991629,11.70000937,29.0761974794,13.1458505081,13.9706590455,31.9860946662,5.06549501999,4.16100307565,24.3478543873
0.6605,0.492653793158,0,10.9602643454,11.1328705237,29.9970606934,13.0104007101,13.2083441691,33.6256485781,5.32829124254,4.2950226038,24.4238593438
0.661,0.558920335654,0,10.9246424009,10.3949504795,30.7374470154,12.4965886964,11.6357292349,34.8947505674,5.60321247495,4.43522558499,24.5033710511
0.6615,0.62802360291,0,10.7499758475,9.5417780007,31.2480183733,11.7045761264,9.28032969491,35.4935514045,5.88990247993,4.58143034707,24.5862864794
0.662,0.699194842629,0,10.4466758011,8.6393013605,31.5029397698,11.1470788427,7.69689293295,35.5962512289,6.18517192058,4.73201040765,24.6716832206
0.6625,0.770953727583,0,10.035364799,7.75330669564,31.5015854123,10.8182119163,6.87207529382,35.217741345,6.4828793359,4.8838337746,24.7577850638
0.663,0.841104641917,0,9.54407189194,6.93995662377,31.265148872,10.5552577371,6.65075915304,34.6403221105,6.77391573372,5.03225508877,24.8419575399
0.6635,0.906794070252,0,9.00452151111,6.23980109023,30.8298274526,10.2468590835,6.65012396683,33.9247903966,7.04644268193,5.17123704465,24.9207767811
0.664,0.964666729373,0,8.44840995894,5.67605788132,30.2390269585,9.88577662259,6.80583343262,33.073788999,7.28654005489,5.29368072486,24.9902168598
0.6645,1.01114679252,0,7.90439846336,5.25646243977,29.5366848545,9.47171495843,7.05809811827,32.0976665448,7.47937275389,5.39202059855,25.0459872235
0.665,1.0428418472,0,7.39620493914,4.97718530675,28.7628146446,9.01225310835,7.35431911748,31.0150354069,7.6108666144,5.45907919235,25.084017394
0.6655,1.05702348467,0,6.94182315138,4.8272953915,27.9513715911,8.52264295052,7.65095614492,29.8509223669,7.66970223646,5.48908389421,25.1010336161
0.666,1.05209324894,0,6.55365542149,4.79270257633,27.1299197135,8.02414492316,7.91384667754,28.6328011276,7.64924807616,5.4786527819,25.0951179391
0.6665,1.02791862029,0,6.23924354633,4.85907252895,26.320393275,7.54109951008,8.11694470775,27.3859119679,7.54895434646,5.42750547772,25.0661113557
0.667,0.985940543488,0,6.00229105141,5.01363790689,25.5403444725,7.0974950389,8.24032407296,26.1297922656,7.3747991216,5.33869065065,25.0157428224
0.6675,0.929013269529,0,5.84373684801,5.24606753584,24.8042745547,6.71402247903,8.26867173672,24.8774034405,7.13862388557,5.21824716259,24.9474370896
0.668,0.861016143813,0,5.76272236734,5.54863300815,24.1248390861,6.40633768211,8.19107458043,23.6369295034,6.85652295049,5.07438271186,24.8658488952
0.6685,0.786339968875,0,5.75736560258,5.91589457137,23.5138507798,6.14411398858,7.78996921515,22.3995235186,6.54671252017,4.91638710871,24.7762466625
0.669,0.709371654088,0,5.8253062292,6.34406975424,22.9830718934,5.72407922033,6.87912245159,21.5528692447,6.2273926468,4.75354192645,24.6838941437
0.6695,0.634078041006,0,5.96401594558,6.83018328165,22.5448077461,5.16933380463,5.51689377439,21.0945271493,5.91502063942,4.5942399828,24.5935510611
0.67,0.563741794632,0,6.17088183497,7.37104328512,22.212300405,4.97893165186,5.25116559067,21.2009915271,5.62321535113,4.44542655364,24.5091562093
0.6705,0.500853332169,0,6.44307380886,7.96205532529,21.9998894696,5.17519903564,5.81793648543,21.4916166885,5.36230882192,4.31237072202,24.433697783
0.671,0.44712919012,0,6.77720613151,8.59587822304,21.9228633636,5.62716738779,6.86087942998,21.8012451058,5.13942247858,4.19870423825,24.3692354149
0.6715,0.403613186747,0,7.16880375569,9.26095109563,21.9968771241,6.2314589291,7.96923767155,22.1328624246,4.95888682927,4.10663555362,24.3170215587
0.672,0.37081790647,0,7.61159316738,9.93998806081,22.2367734501,6.93190183079,9.07110189656,22.5539604477,4.82282844246,4.0372491651,24.2776712527
0.6725,0.348873298791,0,8.09666144591,10.6086529046,22.6546352974,7.66617440276,10.1460293,22.9796836905,4.73178644207,3.99082001244,24.2513404203
0.673,0.337660533968,0,8.61157229339,11.2347863866,23.2569578103,8.39373330413,11.1313503693,23.4718591023,4.68526783693,3.96709668244,24.2378864805
0.6735,0.336919133875,0,9.13959567066,11.7787311881,24.0410034631,9.0778086119,11.9674318198,24.0756489809,4.68219197664,3.9655280703,24.2369968915
0.674,0.346322419089,0,9.65928967244,12.195402512,24.9907366834,9.68531086789,12.5983405762,24.822150696,4.7212035602,3.98542300627,24.2482796782
0.6745,0.365520461412,0,10.1447421503,12.4386489428,26.0732075987,10.1865773718,12.9720033157,25.7308452518,4.80085083402,4.02604113218,24.2713149696
0.675,0.394151621529,0,10.5667854517,12.4679836145,27.2367337375,10.5433933589,13.0682272661,26.7053120826,4.91963345838,4.08661731214,24.3056688432
0.6755,0.431824202591,0,10.8953782434,12.2568811065,28.4124218314,10.7202384189,12.8711770926,27.6394611239,5.0759263933,4.16632281623,24.3508713107
0.676,0.478069603698,0,11.1030642162,11.8007339512,29.5201112491,10.6844583297,12.1766939601,28.588218878,5.26778554556,4.26416620532,24.4063601088
0.6765,0.532268458388,0,11.1690057962,11.1217938391,30.4785209756,10.3655829304,10.8306361204,29.4778893457,5.49264133802,4.3788370591,24.4713920737
0.677,0.59355248439,0,11.0827015284,10.2686817159,31.2175725495,9.76068228228,8.7415264463,30.0342335777,5.74689151196,4.50849831531,24.5449253735
0.6775,0.6606880938,0,10.8463505688,9.30965085205,31.6894532495,9.12342897906,6.47398171782,30.1081261224,6.02541825839,4.65054001885,24.6254798542
0.678,0.73195404762,0,10.4750878941,8.32117227332,31.8749789975,8.74295755257,5.00805818071,29.8415667555,6.32108064118,4.80132047014,24.7109902407
0.6785,0.805034833945,0,9.99493419977,7.37530440939,31.7834830324,8.56313475135,4.27578198968,29.2753326153,6.62427225321,4.95594064081,24.7986782031
0.679,0.876962797616,0,9.43901517674,6.52959193655,31.446944391,8.35725443241,3.9316637764,28.7077104027,6.92268112853,5.10812173489,24.88498292
0.6795,0.94415158193,0,8.84307198522,5.82183751314,30.9109831789,8.10205820386,3.8002865404,28.0774268672,7.20142848266,5.25027594286,24.9656012041
0.68,1.00256425389,0,8.24132721724,5.26997471379,30.2257950155,7.79038133586,3.82345208538,27.3693923572,7.44376621689,5.37386215151,25.0356892319
0.6805,1.04804295926,0,7.66345104297,4.8756233964,29.4392175596,7.4241952256,3.94865044775,26.5788254871,7.63244456433,5.47008340938,25.0902580893
0.681,1.07678762257,0,7.13290814195,4.62931606695,28.5927356154,7.01524026224,4.13173200079,25.7123353399,7.7516980815,5.53089973294,25.1247481527
0.6815,1.08591423083,0,6.66656941312,4.51569264295,27.7201131281,6.58389140224,4.33769153807,24.7863871032,7.78956181025,5.55020929155,25.135698961
0.682,1.07396933592,0,6.27524886906,4.5176668604,26.8478111609,6.156107772,4.53912572692,23.8232785327,7.74000580345,5.52493696235,25.1213665551
0.6825,1.04125731081,0,5.96477220594,4.61923422823,25.9963236813,5.75915491393,4.71319785962,22.8459829925,7.60429281892,5.45572672038,25.0821161451
0.683,0.989872903657,0,5.7372392111,4.80702027197,25.1817919592,5.41741588469,4.83889646392,21.8738892105,7.39111337708,5.34701051461,25.0204611713
0.6835,0.923417494583,0,5.59224185303,5.07085334276,24.4175340298,5.14955594885,4.89621550237,20.9210389264,7.11540859039,5.20640794026,24.9407228474
0.684,0.846475826686,0,5.52789834342,5.40366701883,23.7153395493,4.96759380195,4.86767261857,19.9971331408,6.79619926747,5.04361913598,24.8484023015
0.6845,0.763994635673,0,5.54163911439,5.80097658102,23.0865061465,4.76804615812,4.42496293279,19.1985280259,6.45400802238,4.86911012378,24.7494350088
0.685,0.680710480646,0,5.63072873797,6.26008954461,22.5426456414,4.39369170318,3.44884072258,18.8366662779,6.10848550561,4.69290224601,24.6495042578
0.6855,0.600729845258,0,5.79253215857,6.7791320026,22.0962917982,4.10775850631,2.7909589607,19.036030752,5.77666836196,4.52368376717,24.5535373245
0.686,0.527300345628,0,6.02454103349,7.35591336685,21.7613153676,4.23897220772,3.21365069273,19.6715097566,5.47203003659,4.36832580872,24.465430949
0.6865,0.462756989287,0,6.32417354689,7.98661725541,21.5531087615,4.70436756703,4.31069870753,20.3424131381,5.20425781849,4.23176864678,24.3879868533
0.687,0.408596483718,0,6.68835539243,8.66430053198,21.4884479847,5.37014788811,5.62065132815,21.0259700938,4.97956112573,4.11717892989,24.3230009026
0.6875,0.365625131213,0,7.11288726833,9.3772140161,21.5848792221,6.16224751416,6.97542338611,21.7453966169,4.80128507956,4.02626258659,24.2714405605
0.688,0.334133551685,0,7.59161244385,10.1070393579,21.8594239326,7.01264847136,8.35198792022,22.4138947122,4.6706353802,3.95963449395,24.2336545352
0.6885,0.314065271759,0,8.11542498534,10.8272790465,22.3263758067,7.87621597252,9.66106421337,23.0416367682,4.58737773552,3.91717516882,24.2095750656
0.689,0.305159843553,0,8.67121310647,11.5022401235,22.9940226068,8.71247183589,10.8266532509,23.6514686147,4.55043162055,3.89833357039,24.1988896461
0.6895,0.307061627433,0,9.24091645194,12.0872811133,23.8603313826,9.48761022446,11.826474915,24.4120143353,4.55832158656,3.90235725654,24.2011715531
0.69,0.319392027989,0,9.80098173873,12.5311449801,24.9080464433,10.1714027143,12.6388331369,25.4653717536,4.60947694776,3.92844521665,24.2159665184
0.6905,0.341786341794,0,10.3225946412,12.7810974104,26.1002574324,10.7327912332,13.166108063,26.6789788733,4.70238465229,3.97582583195,24.2428369429
0.691,0.373897403054,0,10.7730822642,12.7910139276,27.3781305666,11.1459650243,13.3583837534,28.0555244085,4.83560440699,4.0437645888,24.2813662701
0.6915,0.415367876956,0,11.1187359597,12.5314171517,28.6627690421,11.3638181239,13.2281534694,29.3756059717,5.00765373029,4.13150545853,24.3311257424
0.692,0.46577226582,0,11.3289429522,11.9990236778,29.8625712848,11.3540279555,12.6377570529,30.6422631867,5.2167673521,4.23814819735,24.3916048146
0.6925,0.524529367582,0,11.3809862994,11.2223743566,30.8857327259,11.0490292099,11.3593827841,31.8211471638,5.46053402863,4.36246313099,24.4621061158
0.693,0.590787063294,0,11.2643804093,10.2605454836,31.6551625573,10.4270893921,9.26111634063,32.5968723687,5.73541855824,4.50264739466,24.541607208
0.6935,0.663285051198,0,10.9834535385,9.19415257298,32.121344524,9.75933023564,6.92674571214,32.7948751937,6.03619230365,4.65603451359,24.628595884
0.694,0.740208601689,0,10.5572722036,8.11100018309,32.268900318,9.36760794894,5.44793602532,32.5773434192,6.35532646256,4.8187849861,24.7208946911
0.6945,0.819058081184,0,10.0168325623,7.09099811013,32.1150294304,9.15162146992,4.74486628409,32.0774560183,6.6824507588,4.98561022964,24.8155043764
0.695,0.896573610444,0,9.4003320774,6.19495398431,31.7012629269,8.900928152,4.36888157075,31.5028533022,7.00404087099,5.14961317715,24.9085134853
0.6955,0.968767158514,0,8.74784628297,5.45972171987,31.0821734146,8.59685949237,4.21825348337,30.8202745184,7.30355158123,5.30235617959,24.9951368709
0.696,1.03111665124,0,8.09668234838,4.89942542118,30.3148404976,8.23192173089,4.23083462244,30.0181752023,7.56222207671,5.4342716897,25.0699485998
0.6965,1.07895666164,0,7.47820440349,4.51061620704,29.451442786,7.80905490879,4.35093209091,29.0979027579,7.76069681405,5.53548886242,25.127350733
0.697,1.1080502453,0,6.91633374741,4.27880639313,28.5355344252,7.34229563319,4.53216134751,28.0750620925,7.88139790356,5.59704341182,25.162259458
0.6975,1.11525327627,0,6.42747605028,4.18445880962,27.6013020184,6.85519558325,4.73786021441,26.9773648835,7.91128125159,5.61228317502,25.17090221
0.698,1.09911450191,0,6.0214141072,4.20747087954,26.674642248,6.37691230536,4.93873159999,25.8390661342,7.84432601942,5.57813767424,25.1515376641
0.6985,1.06023297223,0,5.70269237864,4.32997567801,25.7750232145,5.93700679251,5.10904408696,24.6938282905,7.68301749695,5.49587434542,25.1048846068
0.699,1.001247578,0,5.47211922587,4.53771804774,24.9174478451,5.56070402391,5.22375185748,23.568855794,7.43830369925,5.37107640357,25.0341093826
0.6995,0.926448325452,0,5.32814421044,4.8204062643,24.1141834855,5.26611105139,5.25836216049,22.4825586239,7.12798265456,5.21282039981,24.9443594719
0.7,0.841121913511,0,5.26798333135,5.17141001693,23.3761587238,5.06382087932,5.19162522767,21.4460894333,6.7739873887,5.03229163102,24.8419782637
0.7005,0.750814974509,0,5.28844648315,5.58707589735,22.714051273,4.80697503546,4.62915139663,20.6178537924,6.39932931796,4.84122534639,24.7336210351
0.701,0.660690986796,0,5.38646851416,6.06582245189,22.1391307755,4.35756890735,3.48089591311,20.2762565305,6.02543026061,4.65054613968,24.6254833255
0.7015,0.575090885583,0,5.55936541084,6.60708471089,21.6639111273,4.15578040803,3.18242972746,20.6370599419,5.670299535,4.4694383147,24.5227737237
0.702,0.497325485174,0,5.8048392258,7.21011100807,21.3026308255,4.41957576492,3.92600306996,21.2443670756,5.34767277774,4.30490670402,24.4294648001
0.7025,0.429665403359,0,6.12074740111,7.87257455577,21.0715277537,4.98078072641,5.19978683041,21.8410847889,5.06697014294,4.16175535161,24.348281017
0.703,0.373464622533,0,6.50464101757,8.58895176273,20.9888102836,5.73154018997,6.56799896889,22.5114021235,4.83380892242,4.04284893639,24.2808469867
0.7035,0.329352116261,0,6.95306893548,9.34864755124,21.0741521189,6.58564186284,8.03227487328,23.0729993599,4.65079855048,3.94951820486,24.2279174003
0.704,0.29743976534,0,7.46064856663,10.1339310194,21.3474632431,7.48934655964,9.43761563814,23.3599814298,4.51840318905,3.88199986804,24.189626501
0.7045,0.277512982187,0,8.01892888039,10.9179026085,21.8266397957,8.3994983736,10.7230015091,23.4913849303,4.43573257465,3.83983991374,24.1657168101
0.705,0.269186448668,0,8.61512825605,11.6629575621,22.5240252178,9.27885749782,11.8624510668,23.6637928028,4.40118813079,3.82222310775,24.1557259932
0.7055,0.272018639984,0,9.23092714305,12.3205145288,23.4415082187,10.09060072,12.839460159,24.0411210995,4.41293809537,3.82821529704,24.1591242747
0.706,0.285585325498,0,9.84162859688,12.833038348,24.5646345568,10.8026439663,13.6360404177,24.7611724373,4.46922245488,3.85691891854,24.1754026301
0.7065,0.309515025785,0,10.4161354531,13.1393830611,25.8568526348,11.3905211851,14.2246640909,25.9415117161,4.56850004575,3.90754801722,24.2041153296
0.707,0.343489694695,0,10.918254939,13.1839106221,27.2558909157,11.8255531943,14.5032153556,27.4128552823,4.70945138403,3.97942968913,24.244880757
0.7075,0.38721279267,0,11.3097170116,12.9284927399,28.6748112143,12.0772845598,14.3983128067,29.0000165917,4.89084621055,4.07193653273,24.2973431013
0.708,0.440345378391,0,11.5548861145,12.3646013044,30.0097876245,12.098619875,13.9471036128,30.4772597876,5.1112783532,4.18435143528,24.3610956745
0.7085,0.502409798759,0,11.6264840984,11.5211632262,31.1546318631,11.8265920253,12.7764183573,31.826627842,5.3687661637,4.3156638055,24.4355653516
0.709,0.572661079598,0,11.5109652414,10.4640550716,32.0189638583,11.1899101813,10.7409196478,32.8664394258,5.6602189539,4.46429746941,24.5198582552
0.7095,0.649929560645,0,11.2118977331,9.28578454356,32.5443777892,10.3975485464,8.09220195852,33.2064538823,5.98078413259,4.62777772637,24.6125709366
0.71,0.732446208685,0,10.7501252934,8.08807432783,32.7129480869,9.91092076892,6.37552581887,33.07658681,6.32312247891,4.80236175652,24.7115807735
0.7105,0.817675516357,0,10.1605311004,6.9632567495,32.5454756732,9.63210392531,5.51158319097,32.5998112859,6.67671488649,4.98268507762,24.8138454685
0.711,0.902199316584,0,9.48639435858,5.98051953823,32.0912438087,9.32209541177,5.01396425719,32.0235381005,7.02738034227,5.1615157262,24.9152636413
0.7115,0.981713623359,0,8.77301322097,5.18022456783,31.414037019,8.95856163482,4.77208092667,31.3126741633,7.35726281976,5.32974757348,25.0106710377
0.712,1.05120919578,0,8.06219714783,4.57583374083,30.5793453118,8.53112118736,4.7172103412,30.4555812051,7.64558038843,5.47678235251,25.094057184
0.7125,1.10538928953,0,7.38860138266,4.16056337365,29.6456991548,8.04105181961,4.78712876661,29.4554600321,7.87035834707,5.59141351296,25.1590666381
0.713,1.13932178493,0,6.77811089456,3.9154675795,28.6606640882,7.50251647343,4.92984807408,28.3326525882,8.01113471931,5.66320595655,25.1997814625
0.7135,1.14923126467,0,6.24792097171,3.81659140078,27.6604352226,6.94107264109,5.10445973323,27.122492337,8.0522463615,5.68417187012,25.2116716204
0.714,1.13324294055,0,5.8077199152,3.84012399946,26.6714880302,6.38917701213,5.27843358419,25.8684839508,7.98591530501,5.65034468339,25.1924875963
0.7145,1.09185066586,0,5.46139208703,3.96546257055,25.7129914121,5.87990225739,5.42291404803,24.6130154417,7.81419040825,5.56276926312,25.1428219535
0.715,1.02793930427,0,5.20880237213,4.17659604306,24.7991894736,5.4411449946,5.50905986136,23.3894401475,7.54904015847,5.42754923971,25.0661361739
0.7155,0.946336842914,0,5.047392869,4.46234330405,23.9414031735,5.09231873104,5.50787686467,22.2188121338,7.21049451539,5.25489939374,24.9682232487
0.716,0.853033316399,0,4.9734633364,4.81590768853,23.1495864379,4.84408648724,5.39367489023,21.111960106,6.82340444651,5.0574930997,24.8562704833
0.7165,0.754298190778,0,4.98310109193,5.23406899333,22.4335057436,4.56087900738,4.79002693693,20.2091466403,6.41378020182,4.84859493724,24.7378004665
0.717,0.655918081501,0,5.07277722275,5.7161957123,21.8036478396,4.06452527705,3.5390998193,19.8427317973,6.00562882,4.64044789816,24.6197564257
0.7175,0.562689428562,0,5.23964514946,6.26314911228,21.2719427736,3.90334416741,3.36346407493,20.2223918087,5.61884938052,4.44320001737,24.5078934994
0.718,0.478194826932,0,5.48157609836,6.87607086703,20.8523464591,4.23274470258,4.25616127411,20.7936007145,5.26830506151,4.26443114552,24.4065103613
0.7185,0.404814181054,0,5.79695303425,7.55499441014,20.5612701086,4.8554230122,5.5595144846,21.3972807146,4.9638694166,4.10917654906,24.3184626043
0.719,0.343888394933,0,6.18422718591,8.29719647809,20.4177740256,5.6638160486,7.02759314647,21.9337527551,4.71110547909,3.98027323641,24.2453591483
0.7195,0.295955081564,0,6.64122582624,9.09521651374,20.4433580891,6.58029118675,8.52885919625,22.1016822206,4.51224365397,3.87885865856,24.187845063
0.72,0.260995540421,0,7.16419389328,9.93453523145,20.66108279,7.55599353383,9.9367594541,21.8957395772,4.36720635801,3.80489325001,24.1458979099
0.7205,0.238655746547,0,7.74656563963,10.7910475452,21.0936603977,8.45337137814,11.1964728978,21.8485979715,4.27452484133,3.75762798488,24.1190929027
0.721,0.22842357008,0,8.37750964914,11.6287189733,21.7601137279,9.26240184148,12.2129730681,22.0339021778,4.23207442128,3.73597932794,24.1068155484
0.7215,0.229757478356,0,9.04038636527,12.3981847232,22.6707031207,10.0276328858,13.1003307078,22.3817398017,4.23760843125,3.73880153519,24.1084160744
0.722,0.242169054124,0,9.71140920532,13.0374685147,23.8202056271,10.7853801837,13.9223771999,22.8223327137,4.28910056556,3.7650612412,24.12330844
0.7225,0.265264318124,0,10.3589897118,13.4762525455,25.1804152156,11.4856292935,14.5767921443,23.5145326757,4.38491631515,3.81392488705,24.1510199185
0.723,0.298748638597,0,10.9444038649,13.6448363386,26.6938798079,12.0279397096,15.0152152743,24.8019523449,4.52383333578,3.88476910763,24.1911969881
0.7235,0.342398210672,0,11.4244054784,13.487651352,28.2719856147,12.3900503108,15.128890627,26.517262188,4.70492312404,3.97712038932,24.2435711103
0.724,0.395998677516,0,11.7560703306,12.978877246,29.8006546402,12.5353532096,14.8174305909,28.2992181985,4.92729637377,4.09052520813,24.3078850834
0.7245,0.459249324026,0,11.9034116307,12.1351595513,31.1551475619,12.4111401039,14.0257682705,29.9336799038,5.18970550264,4.22434732814,24.3837780861
0.725,0.531630432906,0,11.8443540702,11.0194602889,32.2216541195,11.9337584859,12.3926846216,31.374999049,5.48999434989,4.37748716108,24.4706265215
0.7255,0.612233275485,0,11.5759885516,9.73237503777,32.9192031592,11.1208137772,9.78957683928,32.18849731,5.82439285604,4.5480220705,24.5673400271
0.726,0.699558735543,0,11.1162067328,8.39251553013,33.2138898646,10.4550445509,7.56290381179,32.3720806688,6.18668160986,4.73278031158,24.6721198474
0.7265,0.79130382437,0,10.5009703506,7.11279386808,33.1203008674,10.1037836136,6.3017779869,32.0060095011,6.56730615942,4.92688935181,24.7822026791
0.727,0.884176373018,0,9.77806896703,5.98106808544,32.6908448219,9.74748522313,5.59242096204,31.5475915368,6.95260822243,5.12338380739,24.893638324
0.7275,0.973804398323,0,8.99938016621,5.0506607557,31.9986310009,9.34020210849,5.18816306408,30.9328262676,7.32444967134,5.31301368505,25.0011809396
0.728,1.05482832354,0,8.21380880934,4.34118084138,31.1207352994,8.86539288202,5.01226289045,30.1453682018,7.66059513082,5.48443949716,25.0983996925
0.7285,1.12126268396,0,7.46236729243,3.84622963599,30.1264202228,8.318812836,4.99314105355,29.1841012192,7.93621259257,5.62499753797,25.1781127607
0.729,1.16716657617,0,6.77583354627,3.54352100446,29.071486673,7.71115884964,5.06989200293,28.0678212073,8.12665492054,5.72211838197,25.23319179
0.7295,1.1875592681,0,6.17461632588,3.40405205951,27.9975132556,7.06778485242,5.19490282885,26.8349557187,8.21125845934,5.76526407957,25.2576605142
0.73,1.17938543879,0,5.6700815443,3.39874216829,26.9339069991,6.42443242623,5.3317894814,25.5368898242,8.17734754223,5.74797035645,25.2478529235
0.7305,1.14224245618,0,5.26658327815,3.50236264217,25.9009786137,5.81983608565,5.44962250961,24.2266057864,8.02325176221,5.66938534664,25.2032859091
0.731,1.07860660538,0,4.96362522692,3.69529823108,24.9129483358,5.2879678769,5.51716529597,22.9473342563,7.75924452918,5.5347482333,25.1269307085
0.7315,0.993455150878,0,4.75780359323,3.96386173695,23.9804139397,4.8529605832,5.50107116894,21.7263536442,7.40597511249,5.35458962952,25.0247594277
0.732,0.893402380826,0,4.64436937315,4.29978142387,23.1122075952,4.52806534513,5.36925174309,20.5761746603,6.99088433193,5.14290366992,24.9047083995
0.7325,0.78562838385,0,4.61837219634,4.69928952363,22.3167516374,4.28108331294,4.90647512528,19.4875864626,6.5437603542,4.91488157759,24.7753928479
0.733,0.676901810472,0,4.67541469564,5.16205687814,21.6030708824,3.7937441552,3.71951034046,18.9916791931,6.0926844051,4.6848440783,24.6449343217
0.7335,0.5728989589,0,4.81207152403,5.69007613651,20.9815986276,3.52707315691,3.30739562744,19.3066769284,5.66120584817,4.46480076091,24.5201436811
0.734,0.477879631789,0,5.0260258542,6.28649477369,20.4648657793,3.82151620036,4.13737124513,19.8577095653,5.26699740558,4.26376427357,24.4061321658
0.7345,0.394668491698,0,5.31596000374,6.95433062484,20.0681045032,4.45353557506,5.43425746387,20.4576514925,4.92177780722,4.08771087664,24.3062890239
0.735,0.324838631595,0,5.68121357708,7.6949593586,19.8097305435,5.29627133411,6.97363865575,20.9038305718,4.63207337304,3.93996883074,24.2225017734
0.7355,0.268992675071,0,6.12119794572,8.50624560168,19.7115850667,6.27169886484,8.49504722706,20.6647103063,4.40038421868,3.8218131326,24.1554934887
0.736,0.227061931925,0,6.63453579357,9.38020932484,19.798709651,7.16018794448,9.78476397566,20.5105059955,4.22642536784,3.73309845139,24.1051817499
0.7365,0.198575301447,0,7.21788716196,10.300204092,20.0982969041,7.90289883716,10.6435842958,20.6746726503,4.10824235627,3.67282805902,24.0710012942
0.737,0.182875500346,0,7.86444226803,11.2377771299,20.6373269421,8.55556222494,11.2301280802,21.0836271017,4.04310830061,3.6396113129,24.0521634623
0.7375,0.179277375329,0,8.56212583924,12.1497305991,21.4383349059,9.16587088196,11.6817524626,21.6661385215,4.02818069269,3.63199860466,24.0478461545
0.738,0.187172311201,0,9.29169012026,12.9764228669,22.5128944867,9.77441030793,12.1169879477,22.3540602245,4.0609345594,3.64870226089,24.0573191073
0.7385,0.206086224686,0,10.025085724,13.6429377866,23.8529512265,10.4156968286,12.6381734641,23.082542536,4.13940306265,3.68871924316,24.080013479
0.739,0.235698456567,0,10.7247631013,14.0650847286,25.4212784803,11.1191775659,13.3341265281,23.7899621102,4.26225587761,3.75137111895,24.1155445181
0.7395,0.275826633732,0,11.3447650283,14.1616797681,27.1439763539,11.7499735503,13.8535166654,24.8339075941,4.42873638958,3.8362720336,24.1636933992
0.74,0.326379354495,0,11.8344164245,13.8725694703,28.9093987437,12.1719106789,14.0805495726,26.6048206834,4.63846539868,3.94322860462,24.2243504515
0.7405,0.387275150049,0,12.1448667463,13.1784125345,30.5777684419,12.3525021457,13.8114401211,28.5105077197,4.89110491377,4.07206846493,24.2974179225
0.741,0.458323393718,0,12.2376330843,12.1148392273,32.0026309235,12.2287677674,13.0200857549,30.2340578374,5.18586407842,4.22238829747,24.3826670835
0.7415,0.539061820349,0,12.0929976337,10.7731343341,33.0595024053,11.704492179,11.2713823964,31.7076900606,5.52082508464,4.39321006791,24.4795432732
0.742,0.628547925676,0,11.7154276251,9.28413659995,33.6717603085,10.831217093,8.45034077402,32.4220953507,5.89207774751,4.58253967935,24.5869156023
0.7425,0.725110438217,0,11.1338301073,7.79004008744,33.8234106212,10.2406017866,6.45143387142,32.50533889,6.29268843207,4.78684115065,24.7027787504
0.743,0.826085382937,0,10.3963505628,6.4149621504,33.5542831523,9.88521716208,5.44540150672,32.1718006339,6.71160505576,5.00047819496,24.8239362749
0.7435,0.92759059978,0,9.56153806023,5.2449643062,32.9416572192,9.48829960078,4.81845516187,31.6757559487,7.13272162923,5.21523715886,24.9457300608
0.744,1.02442906396,0,8.68880407471,4.3222463276,32.077461507,9.02339910922,4.48686986569,30.9915379966,7.53447715946,5.42012247293,25.0619243169
0.7445,1.11024009108,0,7.83075134989,3.65129311577,31.0494644278,8.47481485584,4.3673969995,30.1050733469,7.8904829573,5.60167656295,25.1648870038
0.745,1.17801002439,0,7.02867158085,3.21109115716,29.9304319771,7.84241884914,4.38490161886,29.0223522979,8.17164133503,5.7450603329,25.2462025953
0.7455,1.22097773113,0,6.31118755763,2.96782516159,28.774841696,7.14452201479,4.47889727128,27.7743186488,8.34990225598,5.83596896272,25.2977585629
0.746,1.23381700533,0,5.69521310279,2.8848086064,27.6205205816,6.41631449383,4.60519320135,26.4143703036,8.40316879067,5.86313356873,25.3131641141
0.7465,1.21379881502,0,5.18819532621,2.92874261111,26.4924354896,5.70294137799,4.73095153605,25.0074239109,8.3201189537,5.82078022036,25.2891447458
0.747,1.16154144478,0,4.7907742855,3.07279846858,25.4067426005,5.04930204321,4.8258846631,23.6142406991,8.10331783375,5.71021704895,25.2264423237
0.7475,1.08104575887,0,4.49929817746,3.29750235193,24.3741863238,4.49092720312,4.85555442699,22.2782492243,7.76936389044,5.53990885551,25.129857393
0.748,0.978975306452,0,4.30791140987,3.59034567186,23.4026210016,4.0496088154,4.78144236832,21.021165739,7.34590231368,5.32395399833,25.0073853939
0.7485,0.863433539268,0,4.21012892732,3.94479077934,22.4987722262,3.73436234897,4.5675875862,19.8483723833,6.8665520438,5.07949729966,24.8687494726
0.749,0.742643270013,0,4.19992188666,4.35907716763,21.6694645075,3.36861299861,3.77019517137,18.9485592877,6.36542721613,4.82393611884,24.7238159939
0.7495,0.623884952604,0,4.27238825472,4.83502618721,20.9225324563,2.8530200174,2.54819998154,18.7535547029,5.87273238474,4.57267402617,24.5813206077
0.75,0.512873541483,0,4.42409015715,5.37689884851,20.2675788347,2.93495924846,2.95539077826,19.2533539396,5.41217728697,4.33780239715,24.4481205569
0.7505,0.413570558226,0,4.65312536913,5.99026614511,19.7166805631,3.48024528921,4.20065253716,19.7741045055,5.00019716078,4.1277027938,24.3289691808
0.751,0.328316951182,0,4.95897439169,6.68078702202,19.2850822629,4.30906493863,5.76589572002,20.1664925563,4.64650394195,3.94732806147,24.2266753294
0.7515,0.258143433517,0,5.34213356572,7.45274399116,18.9918503503,5.32295652862,7.36207833296,19.6926984763,4.35537376927,3.79885892445,24.1424757321
0.752,0.203138592051,0,5.8035126683,8.30715842306,18.8603757695,6.13211278773,8.47061027285,19.5842774192,4.12717416453,3.68248280971,24.0764766821
0.7525,0.162797000965,0,6.34354655405,9.23930839956,18.9184946433,6.76610959199,9.05453892938,19.8429883117,3.95980825828,3.59713036602,24.0280717305
0.753,0.136308220221,0,6.96095188837,10.2355329801,19.1978331278,7.28804202734,9.29187838779,20.3908085706,3.84991376291,3.54108691048,23.996288449
0.7535,0.122774689282,0,7.6510657766,11.2693842475,19.7317859029,7.77194534193,9.43771028641,21.1370062794,3.7937669524,3.51245343554,23.980049875
0.754,0.12136198941,0,8.40375695086,12.2975604456,20.5513672325,8.24281171164,9.53339086729,22.0239396971,3.78790605827,3.50946452551,23.9783548088
0.7545,0.13139165739,0,9.20103551842,13.256685829,21.6781819784,8.71240754572,9.54390447842,23.0054440364,3.82951632762,3.53068472651,23.9903891778
0.755,0.152387876107,0,10.01473546,14.0628551483,23.1142265514,9.23301277186,9.69401300782,23.9991031085,3.91662372915,3.57510733175,24.0155820599
0.7555,0.184087369173,0,10.805000538,14.6166161713,24.829485457,9.83684569647,10.0749771895,24.9422408366,4.04813600326,3.64217531603,24.0536175559
0.756,0.226418235623,0,11.52066802,14.8159653412,26.7504642941,10.5475351585,10.7601648531,25.7768255801,4.22375485307,3.73173655537,24.1044093935
0.7565,0.279449171242,0,12.1027604566,14.5779141795,28.7552639271,11.200994423,11.3434269618,26.9331438087,4.44376527805,3.8439363924,24.1680399991
0.757,0.34330609323,0,12.4917925387,13.8647188608,30.6817055838,11.5953773578,11.5200489691,28.7920953932,4.70868967323,3.97904123559,24.2446604578
0.7575,0.418049187402,0,12.6382447398,12.7054396117,32.351903165,11.6795988172,11.1481931269,30.6210466959,5.01877773261,4.13717842265,24.3343429854
0.758,0.503500834535,0,12.5136814,11.2012084413,33.6089052141,11.3704173917,9.91918945993,32.263690971,5.37329256403,4.31797215693,24.4368744605
0.7585,0.59901566925,0,12.1186844128,9.50755901982,34.3524391938,10.6044955515,7.48438109614,33.2964057221,5.7695567282,4.52005701108,24.5514805239
0.759,0.703191478962,0,11.4842708574,7.79849118413,34.5584257752,9.94069028586,5.25212786067,33.5196012984,6.20175283977,4.74046626346,24.676478693
0.7595,0.813538382423,0,10.6659500519,6.22702847171,34.2744404852,9.58172137288,4.11482413671,33.1847316511,6.6595510823,4.97393196497,24.8088814162
0.76,0.92615807716,0,9.73265742161,4.8979496734,33.5958281923,9.18032345063,3.44822595597,32.6888836936,7.1267784961,5.21220630898,24.9440112097
0.7605,1.03553428243,0,8.75454973685,3.85998328111,32.6353784963,8.69958013785,3.10277519642,31.9813576197,7.58054958508,5.44361826249,25.0752492143
0.761,1.13458584831,0,7.79323906222,3.11439170523,31.4986761396,8.11783013259,2.98544365787,31.0418783301,7.9914866513,5.65318593123,25.1940989206
0.7615,1.21515003316,0,6.89623045165,2.63146525039,30.2706267044,7.4309302666,3.01123174931,29.8725320858,8.32572477745,5.82363905085,25.2907660415
0.762,1.26899380542,0,6.09545882664,2.36709434314,29.0122150694,6.65728414224,3.11285474543,28.506081745,8.54910743284,5.9375586414,25.3553719512
0.7625,1.28926344209,0,5.40874036009,2.27518104942,27.7635336798,5.83749114162,3.24449832756,27.005166731,8.63320045,5.98044398569,25.3796930242
0.763,1.27202332127,0,4.8427330058,2.31500456175,26.5491928456,5.02639824482,3.37597674763,25.4495859366,8.56167604136,5.94396831871,25.3590069979
0.7635,1.21735397961,0,4.39629057759,2.45448568046,25.3836484951,4.2796914996,3.48007484683,23.9155371337,8.3348683309,5.82830203537,25.2934105064
0.764,1.12954831894,0,4.06353026205,2.67079282463,24.2754015184,3.64117675819,3.52170122121,22.4567382594,7.97058735992,5.64252781316,25.1880545044
0.7645,1.01628907607,0,3.83630560683,2.94953319875,23.229922354,3.13653964789,3.45657640748,21.0972622354,7.50070664091,5.40290034957,25.0521573318
0.765,0.887117220755,0,3.70602135101,3.28337203798,22.2515548663,2.7747900914,3.23994178986,19.838544515,6.96480897191,5.12960588575,24.8971669799
0.7655,0.751742762372,0,3.66485537845,3.67055959939,21.3447454227,2.40719297615,2.46869207021,18.8201295521,6.40317844865,4.84318830717,24.7347342665
0.766,0.618693084975,0,3.70650232,4.11358650573,20.514896845,1.88820857211,1.28242138108,18.6013549984,5.85119278733,4.56168936796,24.5750910046
0.7665,0.494543099536,0,3.82655593303,4.61802339898,19.7690635934,2.04495922135,1.86887555152,19.0334265205,5.3361294429,4.29901989076,24.4261262793
0.767,0.383712741372,0,4.02262615091,5.19150035886,19.1166275917,2.68721182244,3.21494407392,19.5352070142,4.87632548289,4.06453132329,24.2931434699
0.7675,0.288667848135,0,4.29425483136,5.84271705733,18.5700328038,3.61762748026,4.88188659787,19.367252899,4.48201097365,3.86344074459,24.1791012784
0.768,0.210329910277,0,4.64265819126,6.58032616038,18.1456034216,4.47957982505,6.20322753699,19.0283317361,4.15700891967,3.69769779175,24.0851053802
0.7685,0.148540290524,0,5.07028619216,7.41148912498,17.8644094925,5.09255503402,6.78177275955,19.1547759802,3.90066117957,3.56696682903,24.0109654301
0.769,0.10248478131,0,5.58015075572,8.33986506735,17.7530541576,5.66530839757,7.40515676078,19.5294695442,3.70958983533,3.4695252024,23.955704479
0.7695,0.0710358773587,0,6.17483782219,9.36277558008,17.8441142855,6.32182829568,8.42173558288,20.0172617876,3.57911718493,3.40298740032,23.9179696591
0.77,0.0530039562904,0,6.85508981722,10.467333104,18.1757496833,6.97642250544,9.47825230199,20.8082973299,3.50430781996,3.36483648743,23.8963335698
0.7705,0.0473064024058,0,7.61784177398,11.6255086482,18.7897048437,7.61944523205,10.4589244123,21.798134561,3.48067027261,3.35278192701,23.8894972054
0.771,0.0530705245399,0,8.45364873476,12.7885711608,19.7266243887,8.24555687151,11.2749038833,22.8545967621,3.50458399289,3.36497732875,23.8964134435
0.7715,0.0696864790964,0,9.34360539432,13.8821902225,21.0174880954,8.84658523745,11.845480176,23.8744748353,3.57351891136,3.40013242024,23.916350547
0.772,0.0968234702115,0,10.256189274,14.8047689669,22.6704542847,9.35423930672,11.9337930476,25.0175713895,3.6861026491,3.45754732241,23.9489116014
0.7725,0.134418088953,0,11.1449735302,15.4328756321,24.6540643587,9.79878387387,11.5933476257,26.2402610556,3.8420721403,3.53708787826,23.9940205237
0.773,0.182638665154,0,11.9487328608,15.637836347,26.880966587,10.3831900696,11.6775812287,27.2980367355,4.04212573806,3.63911023047,24.0518792892
0.7735,0.241824284399,0,12.5957295557,15.3148357218,29.2002665289,11.1252873287,12.2005070253,28.1330768202,4.28767021302,3.76433179703,24.1228947587
0.774,0.312391810059,0,13.0133111003,14.4191101471,31.4083815043,11.6456447453,12.4267070431,29.8185216627,4.58043501396,3.91363455375,24.2075671172
0.7745,0.394699147774,0,13.1419461952,12.9952357692,33.2836297043,11.8342552235,12.0446572578,31.7350374219,4.92190499065,4.08777573702,24.3063258074
0.775,0.48884905256,0,12.9499776457,11.1820211683,34.6374727264,11.5991909254,10.8490693928,33.4161615051,5.31250644473,4.28697275006,24.4192941227
0.7755,0.594417319364,0,12.443475137,9.18407627071,35.362063223,10.8371252805,8.3164825137,34.4948360923,5.75047946884,4.51032808396,24.5459630692
0.776,0.710096723986,0,11.6666205338,7.21943038918,35.4515617109,10.1761496015,5.98156669175,34.6634868629,6.23040075772,4.7550759881,24.6847641384
0.7765,0.833270688009,0,10.6921123078,5.46693205835,34.9884953639,9.78910717173,4.79307967221,34.2980153641,6.74141486402,5.01568045471,24.832557758
0.777,0.959576360043,0,9.60557059959,4.03533260349,34.1060030057,9.33740033625,4.03987976504,33.7188598256,7.26542154536,5.28291081099,24.9841090422
0.7775,1.08258805822,0,8.48985220501,2.9607066216,32.9465739541,8.78265027527,3.61783247206,32.8893007877,7.77576245632,5.54317196474,25.1317079627
0.778,1.19383192814,0,7.41381361441,2.2239179851,31.6331053918,8.09935433841,3.42041833093,31.7856916454,8.23728196021,5.77853541686,25.2651869354
0.7785,1.28337915132,0,6.42708841178,1.77470201083,30.2567206029,7.28437731044,3.3529996277,30.4136407938,8.60878818387,5.96799433799,25.3726325984
0.779,1.34117429629,0,5.55997026276,1.55244580281,28.87730827,6.36423908434,3.34655697388,28.8194431006,8.84856397244,6.09027401817,25.4419796697
0.7795,1.35897796615,0,4.82642902448,1.49977652847,27.5302858891,5.39429289146,3.36177711619,27.0879602853,8.92242638739,6.12794201013,25.4633418856
0.78,1.3324086642,0,4.22838060564,1.56933932175,26.2345797466,4.44647191671,3.37803029546,25.3231205228,8.81219783219,6.0717281924,25.4314619884
0.7805,1.2623064619,0,3.75993302244,1.72583349118,24.9992871711,3.58968268546,3.37292804416,23.6178597633,8.52136352689,5.92340994038,25.3473479608
0.781,1.15478632603,0,3.41095629189,1.94540252622,23.8283382466,2.87302710631,3.30708091988,22.0292600768,8.07529274744,5.69592495295,25.2183370113
0.7815,1.01991004877,0,3.16977013383,2.21388331042,22.723405761,2.32000951916,3.12507382405,20.572922118,7.51572903746,5.41056139766,25.0565020541
0.782,0.869527838761,0,3.02499387495,2.52480113621,21.6855951398,1.93360137432,2.77070547125,19.237589002,6.89183557699,5.09239127186,24.8760618831
0.7825,0.715107445457,0,2.96671057071,2.87754691778,20.7164125293,1.43940462348,1.63969156172,18.3264108261,6.25118883071,4.76567738756,24.6907763884
0.783,0.566178913688,0,2.98712079952,3.27589729289,19.8183770246,1.11128170169,1.11395958085,18.4568044285,5.63332627211,4.45058287151,24.5120804527
0.7835,0.429611752463,0,3.08084320826,3.72688607202,18.9955150154,1.52483992163,2.19624200921,18.781802768,5.06674756047,4.1616418401,24.3482166425
0.784,0.309598739984,0,3.24498370248,4.239955696,18.2538827039,2.36511392835,3.79425991821,18.7892443496,4.5688473524,3.90772513496,24.2042157764
0.7845,0.208073366672,0,3.47905567626,4.82627306891,17.6022060543,3.20661518806,5.10163257434,18.2837564313,4.14764715541,3.69292352514,24.0823978052
0.785,0.125300802822,0,3.78479465681,5.49806113599,17.0526928676,3.74807576714,5.53337937281,18.3263207474,3.80424708644,3.51779804288,23.9830809008
0.7855,0.0604655716462,0,4.16587259624,6.26776032146,16.6220428234,4.42613220403,6.76849838362,18.5387390764,3.53526396181,3.38062334876,23.9052865913
0.786,0.0121656383948,0,4.62747789458,7.14678328759,16.3326388022,5.10356021182,8.17851847547,18.9850874713,3.33488113399,3.27843309742,23.8473326071
0.7865,-0.02121559971,0,5.17568456507,8.1435611352,16.2138215687,5.78236783541,9.57742525673,19.5281449956,3.19639177308,3.20780697265,23.8072792237
0.787,-0.0412532785235,0,5.81648669111,9.26051277177,16.302995878,6.45543463238,10.8419967611,20.1858262925,3.1132610838,3.16541239162,23.7832364717
0.7875,-0.049319947324,0,6.55432662205,10.4895458985,16.6460472085,7.11734466702,11.9400114556,20.9298598918,3.07979474552,3.14834539262,23.7735574605
0.788,-0.046495080785,0,7.38991344777,11.8058186136,17.2961303698,7.77031106706,12.8973203277,21.9004597542,3.09151432165,3.15432208456,23.7769469531
0.7885,-0.0335234821367,0,8.31715139115,13.1599412952,18.3093488966,8.41152055961,13.7114701251,23.0838389022,3.14532983326,3.18176665512,23.7925112774
0.789,-0.0108057069363,0,9.31915003925,14.469846956,19.7353745932,9.02841475646,14.3515686131,24.4014230356,3.23957948807,3.22983163164,23.8197698158
0.7895,0.0215908963889,0,10.3636779255,15.6154206574,21.6012052586,9.62540022669,14.7448194763,25.9347509834,3.37398387643,3.29837452215,23.8586417584
0.79,0.0639065325342,0,11.3991408347,16.4414030173,23.888026831,10.193583436,14.7845590851,27.3568925564,3.54953953999,3.38790353808,23.9094153215
0.7905,0.116649416018,0,12.3531461938,16.7756141211,26.5056126681,10.5910764015,13.9991570865,28.8522138361,3.76835491774,3.4994939308,23.9727002999
0.791,0.180537644507,0,13.1364765458,16.4670724835,29.2755295426,11.1425285051,13.6204747886,30.0907490429,4.03340919478,3.63466501049,24.0493583226
0.7915,0.256411888475,0,13.6548255112,15.4389172588,31.9395343209,11.8774422666,13.7259640915,31.0356112541,4.34819007627,3.79519541995,24.1403980909
0.792,0.34510175575,0,13.8279085288,13.7359376481,34.2049214751,12.2532817572,13.392351211,33.0017724163,4.71613937159,3.98284039621,24.2468150322
0.7925,0.447222087265,0,13.6108982048,11.5373744475,35.8192769926,12.1996447328,12.3784478305,34.8612991429,5.13980788269,4.19890078475,24.36934688
0.793,0.562871024215,0,13.0094430204,9.11727979881,36.6427987231,11.5437680031,9.9572428128,36.2698536829,5.61960276977,4.44358422712,24.5081113918
0.7935,0.691204883905,0,12.0806774424,6.76603332349,36.6800298773,10.7835987505,7.12893562023,36.5908499197,6.15202383081,4.71510570747,24.662096252
0.794,0.829885957984,0,10.9192220813,4.71251762042,36.0562599815,10.356555891,5.62547935946,36.2488989153,6.72737257186,5.00851923545,24.8284964979
0.7945,0.974453267977,0,9.63465823942,3.08262946314,34.9581566104,9.85076531703,4.61878571987,35.6509944568,7.32714164889,5.31438652655,25.0019595035
0.795,1.11776594478,0,8.32982642674,1.90210792122,33.5734164807,9.21638007235,3.98600584166,34.7495314839,7.92170560596,5.61759933612,25.1739171034
0.7955,1.24980453399,0,7.08651129176,1.12703370232,32.0531530475,8.416670158,3.59760350395,33.5092133834,8.46949654699,5.89695907245,25.3323471837
0.796,1.35822094231,0,5.9600548442,0.679805759489,30.5004797977,7.44232332096,3.33834715499,31.9313302576,8.91928570858,6.12634034217,25.46243355
0.7965,1.42996274696,0,4.98080959066,0.476788804682,28.9762378823,6.32449437761,3.13010501427,30.0735556455,9.21692226251,6.27812757157,25.548514899
0.797,1.45391820721,0,4.15922400869,0.444108394977,27.5111662472,5.13644095697,2.94061249304,28.0503140934,9.31630672423,6.32881117172,25.5772585073
0.7975,1.42388301218,0,3.49192133687,0.523913283632,26.1176510855,3.97631614542,2.7663324695,26.0052769717,9.19169915421,6.26526441456,25.5412199644
0.798,1.34063893681,0,2.9672176917,0.674878254195,24.7983707687,2.93673665325,2.59753713532,24.0651548826,8.84634291666,6.08914133504,25.4413373041
0.7985,1.21209364568,0,2.56944121379,0.87000781452,23.5516791485,2.07895676124,2.39181748981,22.3006237386,8.31304468607,5.81717252006,25.2870987522
0.799,1.05134305258,0,2.28197340147,1.09362342484,22.3745447513,1.42593623975,2.07601545316,20.718861634,7.64613572262,5.47706555911,25.0942177957
0.7995,0.873553697621,0,2.08919649255,1.33848503353,21.263969262,0.972824577368,1.57200624834,19.2892932055,6.90853773222,5.10090895504,24.880892419
0.8,0.692959165264,0,1.97761144494,1.60342823293,20.2175919549,0.36432222081,0.142180786317,18.4032085684,6.15930185038,4.71881731618,24.6642011741
0.8005,0.52087881499,0,1.93638120714,1.89160135175,19.2339302036,0.254423465993,0.156980579375,18.6386100678,5.44538891347,4.35473949947,24.4577259014
0.801,0.364972227345,0,1.9575087147,2.2092521055,18.3125109682,0.86386154211,1.45485692081,18.885587807,4.79857636519,4.02488120972,24.2706571561
0.8015,0.229440324377,0,2.03580639544,2.56496321844,17.4540276784,1.75304903268,3.01520213595,18.1189572692,4.23629264866,3.73813051885,24.1080355286
0.802,0.115729221901,0,2.16876589146,2.96922503301,16.6605946174,2.2625204909,3.55124775874,18.0004085161,3.76453729136,3.49754703642,23.97159618
0.8025,0.0233715610988,0,2.35639683378,3.43423534912,15.9361462081,2.92840098979,5.06856736161,18.1310664813,3.38137135309,3.30214195125,23.8607783372
0.803,-0.0492497595216,0,2.60107135653,3.97381813563,15.287025362,3.6024959956,6.6564064496,18.1346958053,3.08008593495,3.14849389198,23.7736416772
0.8035,-0.104303795078,0,2.90738410716,4.60334352606,14.7228120179,4.16744236938,7.89902773835,17.3274899966,2.85168223778,3.03201369518,23.7075836003
0.804,-0.144090620192,0,3.28201211608,5.33950303164,14.2574510976,4.86847053672,9.29283706857,16.6144028541,2.68661789939,2.94783499378,23.6598442997
0.8045,-0.170771802684,0,3.73353041806,6.1997369742,13.9107373536,5.74944527623,10.9442611941,16.0819957873,2.57592518333,2.89138446557,23.6278301597
0.805,-0.186215670081,0,4.27210226185,7.20101617588,13.7101843279,6.55782503639,12.3794284923,15.8033105944,2.51185292457,2.85870920942,23.6092994168
0.8055,-0.191922118561,0,4.90891109821,8.35754110916,13.6932116061,7.32565938229,13.6229948986,15.7664632437,2.48817847604,2.84663583032,23.6024523799
0.806,-0.188997977449,0,5.65513059114,9.6767498991,13.9093689426,8.0818054995,14.7008950872,15.9563612234,2.50030991445,2.85282256175,23.6059609899
0.8065,-0.178161229832,0,6.5201405683,11.1528802487,14.4218856795,8.85213150989,15.6382026258,16.3565031117,2.54526853003,2.87575033594,23.6189637552
0.807,-0.159759043609,0,7.50861222073,12.7573760648,15.3070806938,9.54657538471,16.2627916917,16.981747568,2.62161402091,2.91468463478,23.6410441172
0.8075,-0.133790085805,0,8.61606957434,14.4260321755,16.6490532402,10.0373576053,16.3376981104,17.8579030558,2.72935191722,2.96962827852,23.6722036751
0.808,-0.0999260424968,0,9.82272953163,16.0445524366,18.5258745029,10.4741198816,16.2011986681,19.0815617805,2.86984430101,3.04127589507,23.7128363654
0.8085,-0.0575309940182,0,11.0860720749,17.4378370116,20.9832757013,10.994203099,16.1389044856,21.1613709763,3.04572942399,3.1309729271,23.7637052135
0.809,-0.00568080963298,0,12.3339569421,18.3736086837,23.9948970137,11.4960088234,15.9855289321,23.5555751822,3.26084124445,3.24067459784,23.8259190627
0.8095,0.0568113336481,0,13.4621236725,18.5948154189,27.4174317378,11.97285202,15.455515671,25.9304254044,3.52010355693,3.37289191987,23.9009019547
0.81,0.131352074703,0,14.3415478924,17.8899223713,30.9640975623,12.2902777535,14.032177615,28.152759637,3.82935211019,3.53060097971,23.9903416834
0.8105,0.219489252909,0,14.8399536025,16.1876589975,34.2302576735,12.8760983809,13.5042536382,29.8742792864,4.19500845412,3.71707660788,24.0960954658
0.811,0.322769353112,0,14.8554223696,13.6293854017,36.7900363356,13.2812223872,12.8980940021,32.3352696433,4.62348851907,3.93559076904,24.2200188935
0.8115,0.442490585221,0,14.3501660819,10.5604280179,38.3343204628,13.1931379812,11.538848715,34.7056176462,5.12017821251,4.18889014186,24.3636696591
0.812,0.579299462874,0,13.367153909,7.42379327386,38.7738487883,12.39343465,8.5200332198,36.4404191084,5.68775973757,4.47834258314,24.5278234993
0.8125,0.732576491328,0,12.0192672897,4.61215433392,38.2431905056,11.6951271428,5.70886993858,36.8909209192,6.32366298492,4.80263740113,24.7117370966
0.813,0.899583601809,0,10.4565765806,2.36376351805,37.0128169628,11.1566300693,4.05244211202,36.7742062553,7.01652847793,5.15598154567,24.9121251051
0.8135,1.07443583456,0,8.82865685319,0.744616727516,35.3754562014,10.4877421485,2.91752213883,36.2774889206,7.74194117502,5.52592395365,25.1219262961
0.814,1.24714865611,0,7.25722859652,-0.304597977486,33.567816591,9.62012044834,2.13843550305,35.3320934284,8.45847805725,5.89133991712,25.3291604567
0.8145,1.40329195452,0,5.82461190351,-0.903656193393,31.744705453,8.50609088226,1.54454654573,33.8947552644,9.10627265184,6.22169902602,25.5165132257
0.815,1.525008182,0,4.57496410876,-1.18244758319,29.9890797308,7.14582476913,1.00230577669,31.9916487946,9.61123901955,6.47921929658,25.6625577405
0.8155,1.59398975132,0,3.52224719066,-1.25370948473,28.3350718332,5.60977823115,0.455246995889,29.7480792017,9.89742413404,6.62516657709,25.7453271463
0.816,1.59613069757,0,2.65988900489,-1.20373585328,26.7894551159,4.0329111762,-0.0752927971789,27.3740440564,9.9063063174,6.62969626938,25.7478960187
0.8165,1.52620097779,0,1.9693315696,-1.09306742407,25.3464718024,2.57016171385,-0.545010486137,25.0972995003,9.61618759355,6.48174294607,25.6639889489
0.817,1.39014771642,0,1.4264600957,-0.961203147398,23.9962676582,1.33828231635,-0.958884255787,23.0760596255,9.05174090776,6.19388919474,25.5007417553
0.8175,1.20359420714,0,1.00590935352,-0.832069134142,22.7288970863,0.385748599023,-1.39932585772,21.3500049481,8.27778290796,5.79918989148,25.2769004705
0.818,0.987310855454,0,0.683646324592,-0.718849128685,21.5357964433,-0.295586454853,-1.99220494109,19.8643874727,7.38048416024,5.34158987876,25.0173870283
0.8185,0.761999517219,0,0.438305206642,-0.627769696117,20.4100329183,-0.851519368547,-3.16245973662,18.63663965,6.44573083749,4.86488896565,24.7470411118
0.819,0.544506850051,0,0.25169184559,-0.560865214437,19.346076451,-1.2268762241,-3.71588908599,18.7828669459,5.54341498023,4.40473035203,24.4860766397
0.8195,0.346226321322,0,0.108777738625,-0.517897440279,18.3394606425,-0.655197163378,-2.43840946049,18.9586647004,4.72080487761,3.98521968808,24.2481643727
0.82,0.173269502743,0,-0.00258955228193,-0.497630892119,17.3864810052,-0.0474358895226,-1.518851234,18.4186917952,4.00325572041,3.61928748958,24.0406374457
0.8205,0.0275687942829,0,-0.092108816862,-0.498645069129,16.4839716707,0.556612443048,0.0177525201225,18.3399810945,3.39878449216,3.31102221848,23.8658145012
0.821,-0.0917854180911,0,-0.167486720734,-0.519830610902,15.6291573058,1.10705712289,1.54652454091,17.2560446849,2.90361746028,3.05849936513,23.7226041143
0.8215,-0.187361641692,0,-0.234885109617,-0.560682176877,14.8195638456,1.90112633202,3.62581261066,15.8953088496,2.50709861091,2.85628462787,23.6079243917
0.822,-0.262497470699,0,-0.299327999691,-0.621471023728,14.0529718615,2.38517140046,5.04997900707,14.8083895982,2.19538120525,2.69731651479,23.5177706306
0.8225,-0.320703565828,0,-0.365059607728,-0.703356430112,13.3274010644,2.58326814616,5.69505602886,13.6652542915,1.95390050014,2.57416736963,23.4479304696
0.823,-0.365306203837,0,-0.435855300153,-0.808477187956,12.6411198953,2.53253733846,5.68481963733,12.5840180434,1.76885670958,2.47979964525,23.3944127854
0.8235,-0.39926250689,0,-0.515293204247,-0.940051602324,11.9926792706,2.30763381004,5.21757900112,11.6032941378,1.62798156607,2.40795683078,23.3536693947
0.824,-0.425090626915,0,-0.606997113271,-1.10250580036,11.380974401,1.96393556105,4.44129598575,10.7456528651,1.52082796607,2.3533111636,23.3226788248
0.8245,-0.444870575613,0,-0.714862416729,-1.30164453981,10.8053437992,1.54137913389,3.46405199083,10.0213135927,1.43876652649,2.31146187329,23.2989453172
0.825,-0.460284304513,0,-0.843276864512,-1.54487498236,10.265720979,1.06777136968,2.36280340784,9.43121881905,1.37481930386,2.27885038245,23.2804507368
0.8255,-0.472674169297,0,-0.997347440046,-1.84149078001,9.76286299463,0.561528269867,1.19050128887,8.96951691958,1.32341724232,2.25263661131,23.2655844217
0.826,-0.483106806796,0,-1.18314354817,-2.2030196722,9.29869223546,0.0338573911758,-0.0182689306539,8.62550145517,1.28013516587,2.23056383033,23.2530665388
0.8265,-0.492435043894,0,-1.40796481487,-2.64363014531,8.87680547426,-0.509241069976,-1.24052267108,8.39511945551,1.24143493581,2.21082767689,23.2418738007
0.827,-0.501354226799,0,-1.68063821765,-3.18057748943,8.50322908295,-1.06209126899,-2.43442334149,8.39535732119,1.20443175647,2.19195697705,23.2311718773
0.8275,-0.510451774007,0,-2.01184234654,-3.83463975645,8.18753352692,-1.62697347618,-3.60036533112,8.60031294076,1.16668859384,2.17270890416,23.2202559387
0.828,-0.520250213041,0,-2.41444325015,-4.63043747274,7.9444642948,-2.20873083409,-4.74328766067,8.99187011804,1.12603762831,2.15197792421,23.208499016
0.8285,-0.531244772648,0,-2.90380107361,-5.59642682322,7.79629608585,-2.81449756472,-5.87188920135,9.55873048793,1.0804242952,2.1287162604,23.1953068956
0.829,-0.543937001948,0,-3.49796020606,-6.76417119557,7.77615519154,-3.45362429006,-6.99818170404,10.2958651637,1.02776780838,2.10186276361,23.1800777803
0.8295,-0.558866040194,0,-4.2175528534,-8.16618234112,7.93253376658,-4.13777616225,-8.13732330506,11.2043275018,0.965831430854,2.0702767537,23.1621647691
0.83,-0.576639171505,0,-5.08510487714,-9.83112542152,8.3350256991,-4.88118967882,-9.30769164469,12.2913927152,0.892095711743,2.03267337345,23.1408391957
0.8305,-0.597963225124,0,-6.12320796396,-11.7744860713,9.08070878281,-5.70108313346,-10.5311688176,13.5710136239,0.80362821547,1.98755715378,23.1152529519
0.831,-0.623678233706,0,-7.35070364869,-13.9820677026,10.2991482919,-6.7403481416,-12.2176732353,14.9088254739,0.696943883007,1.93315080136,23.0843981019
0.8315,-0.654794497986,0,-8.77567616117,-16.3836160615,12.1510926009,-8.01445611645,-14.2796749729,16.4982646441,0.56785126097,1.86731677937,23.0470624087
0.832,-0.692533710949,0,-10.3839467653,-18.8162944898,14.8112368774,-9.1764747161,-15.9556283128,18.6486494929,0.411281889042,1.78747029929,23.0017799911
0.8325,-0.738373837003,0,-12.1226127838,-20.9861256743,18.42052916,-10.1734134363,-17.151759149,21.4133226757,0.22110410891,1.6904843681,22.9467774733
0.833,-0.794095594556,0,-13.8812443393,-22.4532545695,22.995344936,-10.9927487561,-17.8376123296,24.8780320503,-0.0100697788756,1.57259144308,22.8799182121
0.8335,-0.861824896082,0,-15.4796924271,-22.6888560263,28.3041534578,-11.6207347464,-17.9529473881,29.1377575164,-0.29105958678,1.42929363953,22.7986513737
0.834,-0.944059165378,0,-16.6789919598,-21.2488020814,33.7777139893,-12.1842229761,-16.9172288211,33.4981577924,-0.632226423172,1.25530705027,22.6999803567
0.8345,-1.0436539916,0,-17.2313461095,-18.0340728373,38.5727224503,-12.666760293,-14.5889623355,38.0734504293,-1.04541732368,1.04458998217,22.5804788048
0.835,-1.16372705427,0,-16.9641946193,-13.4716389481,41.859026233,-12.8970727319,-11.7388493931,41.2773844094,-1.54356666311,0.790546226247,22.4364058858
0.8355,-1.30740514342,0,-15.8575058936,-8.41306770577,43.1977132192,-13.0378715714,-9.88104033918,41.7873376935,-2.13964661314,0.486560298033,22.264009836
0.836,-1.47729601135,0,-14.0606117721,-3.76157733573,42.7209526926,-12.9852328597,-8.50904552373,41.5420086118,-2.84447600407,0.127114863531,22.060161673
0.8365,-1.67451855145,0,-11.8339616254,-0.105500042034,40.9752484008,-12.6433165904,-7.31123732575,41.3323180764,-3.6626968097,-0.290157368278,21.8235188623
0.837,-1.89711036355,0,-9.45684530053,2.39529347124,38.5979853639,-11.9015115843,-5.99673410707,41.4691702498,-4.58616758398,-0.761104462678,21.5564360429
0.8375,-2.13774948153,0,-7.15527424406,3.8890024783,36.0791984729,-10.6626314097,-4.36523311549,41.8915747974,-5.58451155052,-1.2702350203,21.2676986744
0.838,-2.38115191875,0,-5.07327576531,4.64795497149,33.6960025405,-9.05038782429,-3.27767091497,40.1654802606,-6.59431975074,-1.78521205157,20.9756456624
0.8385,-2.60238425084,0,-3.27848532706,4.94016777271,31.5575440307,-6.96566254767,-2.08246715167,37.1261673732,-7.51215042515,-2.25328283552,20.7101940519
0.839,-2.7683726458,0,-1.78277466047,4.97555862972,29.6765791677,-4.48501949034,-0.372844174493,33.6981865845,-8.20078955418,-2.60447163969,20.5110283769
0.8395,-2.84482091935,0,-0.563982806939,4.89926142798,28.0248062977,-1.9216942542,1.70912735131,30.5441781538,-8.51795192285,-2.76621654829,20.4192998437
0.84,-2.80784596367,0,0.417183370123,4.80384214695,26.5643284352,0.321318680097,3.6059061998,27.8021248346,-8.36455323926,-2.68798704029,20.4636652465
0.8405,-2.65467531675,0,1.20598201706,4.74482247015,25.261630757,2.02515779988,4.97924730925,25.4198682543,-7.72909133894,-2.3639172983,20.6474511991
0.841,-2.40597717004,0,1.8471125443,4.75369437719,24.0918932056,3.25887923657,6.17281133468,23.8321492141,-6.69731273064,-1.83773590612,20.9458584117
0.8415,-2.09779887606,0,2.3813947249,4.84733025544,23.039022121,4.23386440991,7.97913283323,24.0358209556,-5.41876773352,-1.18570980174,21.3156344913
0.842,-1.7687953931,0,2.84445413624,5.03430100137,22.0943155061,4.72670028663,9.02011405565,22.6754108403,-4.05382488909,-0.489622947109,21.7103982384
0.8425,-1.45024771164,0,3.26656429184,5.31889277397,21.255076592,4.86077533979,9.86821005221,20.791167967,-2.73226022201,0.184342117472,22.0926163086
0.843,-1.16208985253,0,3.67308289284,5.70347583743,20.5236415492,4.76300680466,11.3852982497,21.6710727152,-1.53677437391,0.794010124567,22.4383703267
0.8435,-0.913682864961,0,4.08512068579,6.18967289313,19.9068975632,4.36020692784,10.2573316833,22.5649901668,-0.50620370292,1.3195754988,22.7364281841
0.844,-0.706669849377,0,4.52021065285,6.77859492811,19.4162100482,3.46056300566,7.20465285075,20.6092312937,0.352635029681,1.75756186171,22.9848183622
0.8445,-0.53798363044,0,4.99282222728,7.47027202684,19.0676131417,3.39122170323,5.87626365947,17.3578403545,1.05246667104,2.11445856841,23.1872210944
0.845,-0.402185863104,0,5.51460610441,8.26230150554,18.8820671979,4.03566634145,6.22105923659,15.0566220517,1.61585338399,2.40177175999,23.3501617265
0.8455,-0.293012618413,0,6.09427326227,9.14767152705,18.885507122,5.2343286171,7.93080226647,14.105492423,2.06878244664,2.63275430104,23.4811562035
0.846,-0.204277298947,0,6.73702050607,10.1117194408,19.108274217,6.68820793401,10.1434840243,13.9922542962,2.4369203103,2.82049544246,23.5876276818
0.8465,-0.130330266376,0,7.44343200717,11.1283005407,19.5833444493,7.85521650361,11.5319917043,14.5779799829,2.74370573417,2.97694836766,23.6763550333
0.847,-0.066240782176,0,8.20783804416,12.1555498857,20.3425865165,8.99056080661,12.8493262584,16.3419135685,3.00959496451,3.11254525275,23.7532545381
0.8475,-0.00781885728573,0,9.01623415964,13.1321920743,21.4102385725,10.0408303581,14.017685066,18.7961635732,3.25197108655,3.23615103823,23.8233536683
0.848,0.0484451270289,0,9.8440931649,13.9761845308,22.7931416643,10.9890845584,14.7940020437,21.335364675,3.48539452055,3.3551911758,23.890863535
0.8485,0.105472992082,0,10.6547480709,14.5883188214,24.4683624747,11.7180164195,14.7320081099,23.6608646212,3.72198708071,3.47584748878,23.9592899647
0.849,0.165691380667,0,11.3994100932,14.8635703196,26.370894955,12.469958373,14.7315877817,25.6879443247,3.97181622496,3.60325412996,24.0315446305
0.8495,0.231102926769,0,12.0200852282,14.7114016212,28.3867155573,13.3515897156,15.2905034879,27.2966911381,4.243190318,3.74164815841,24.1100304471
0.85,0.303320138494,0,12.4562950745,14.0821131612,30.3579345582,14.0237681588,15.6498190681,29.4261771322,4.54279920209,3.89444122707,24.1966822262
0.8505,0.383548653984,0,12.6552897838,12.9906904137,32.1045805238,14.3249090641,15.4190133879,31.7409533141,4.87564473051,4.06418415653,24.2929465852
0.851,0.472507734219,0,12.5835563043,11.5261962296,33.4603684153,14.1961990465,14.4642169648,33.7177025783,5.24471091462,4.25239871826,24.3996865489
0.8515,0.570278231115,0,12.2358573404,9.8382498726,34.3105981199,13.5157426922,12.2519156678,35.19130713,5.65033318626,4.45925597414,24.5169991298
0.852,0.676075429988,0,11.6381210901,8.10294609209,34.6161463898,12.7424686563,9.72382296599,35.7167416675,6.08925598508,4.68309566948,24.6439427667
0.8525,0.787961051579,0,10.8427269279,6.48193591566,34.4134086984,12.3217047855,8.31526291128,35.4856857252,6.55343793601,4.91981690328,24.7781917625
0.853,0.902540423771,0,9.91793718405,5.09143168603,33.7926825348,11.8817465984,7.53499393933,35.043506482,7.02879549997,5.16223742138,24.9156729281
0.8535,1.01473867203,0,8.93538636487,3.99061618517,32.8673543225,11.352440947,7.07240493069,34.3532915853,7.49427445095,5.3996200929,25.0502970375
0.854,1.11780321136,0,7.95950921915,3.1879899287,31.7470834384,10.7119323772,6.82813476492,33.4067393455,7.92186021453,5.61767818264,25.1739618187
0.8545,1.20370741346,0,7.04108821636,2.65744239862,30.5219838622,9.95303312882,6.70796493061,32.2175555108,8.27825256912,5.79942940697,25.2770363041
0.855,1.26408079832,0,6.21510673595,2.35556532517,29.2577799881,9.08913398976,6.63443271651,30.8291015238,8.52872474929,5.92716398046,25.3494769465
0.8555,1.29162255207,0,5.50181973374,2.23517175198,27.99813395,8.15625539638,6.55478582095,29.3110442994,8.64298773326,5.98543525638,25.3825236662
0.856,1.28169431912,0,4.90959503284,2.25362837179,26.7699914105,7.20814667545,6.43953174774,27.7431457417,8.60179828932,5.96442966586,25.3706110068
0.8565,1.23357123447,0,4.43831604022,2.37676925313,25.5891449064,6.30470939794,6.27118979568,26.1927729552,8.40214915654,5.86261358072,25.3128692193
0.857,1.15084187613,0,4.08257784013,2.57985406295,24.4647330959,5.49854059078,6.03040593594,24.6981872688,8.0589283351,5.68757951023,25.2136041562
0.8575,1.04075578277,0,3.83430839275,2.84690370985,23.4024156061,4.82588563953,5.68903742488,23.2665671403,7.60221212024,5.45466561588,25.081514373
0.858,0.912760764795,0,3.68471853075,3.16934447956,22.4064459574,4.30505670213,5.21418900076,21.886203312,7.07119681811,5.18386103756,24.9279360813
0.8585,0.776771356826,0,3.62563313228,3.5445045702,21.4809963911,3.87079225072,4.32353465228,20.573034821,6.50701504211,4.89614238362,24.764765504
0.859,0.641705614977,0,3.65031677199,3.97422415912,20.6310541755,3.15135933861,2.55436774714,19.9344606913,5.94666529685,4.61037796993,24.6027032125
0.8595,0.514592059119,0,3.75391565013,4.46365888425,19.8631249946,3.09717565805,2.62488828449,20.0795217083,5.41930693293,4.34143833901,24.4501825669
0.86,0.400272544726,0,3.93361886958,5.02024660983,19.1858980031,3.59858335733,3.69343103351,20.2407806897,4.94502744584,4.09956761326,24.3130131988
0.8605,0.301550447864,0,4.18861110711,5.65273846489,18.6109629737,4.43995514336,5.17770812738,19.9614042995,4.53545725379,3.8906970163,24.1945588149
0.861,0.219583912507,0,4.51985288252,6.37014524655,18.1536170905,5.30201727204,6.48078724805,19.2315843743,4.19540117015,3.71727688327,24.0962090456
0.8615,0.154356801661,0,4.92968691408,7.18040620318,17.8337426088,5.91156486303,7.03112732333,18.9775629399,3.92479224707,3.57927307244,24.0179445286
0.862,0.105121050921,0,5.42123038449,8.08854577198,17.6766567019,6.4515445976,7.53000024341,19.0213288157,3.7205269759,3.47510287169,23.9588676785
0.8625,0.0707594540381,0,5.99747474362,9.09405608102,17.7137072178,7.10372213644,8.52565665274,19.163093775,3.57797038238,3.40240255958,23.9176379851
0.863,0.0500555511201,0,6.65998211207,10.1872633439,17.9821886276,7.75598221564,9.58678786092,19.681540206,3.49207571681,3.35859841948,23.892795846
0.8635,0.0418778689063,0,7.40705412151,11.3445758493,18.5238711648,8.39930238143,10.5960033332,20.4518151311,3.45814881512,3.34129654462,23.8829836323
0.864,0.0452941945419,0,8.23128358284,12.522887854,19.3811130723,9.02701870692,11.4596344358,21.3397294444,3.47232218857,3.34852461207,23.8870828032
0.8645,0.059632740527,0,9.11652966181,13.6541727937,20.5893184409,9.63258027726,12.0987874895,22.2180347586,3.53180877991,3.37886129205,23.9042872963
0.865,0.0845044661889,0,10.0346445255,14.6425129716,22.164771682,10.1795644305,12.3686786099,23.1260067638,3.63499456891,3.43148347444,23.9341303105
0.8655,0.119796527161,0,10.9427617989,15.3672312902,24.088200817,10.5937758332,11.9926788563,24.2340073863,3.78141139604,3.50615240954,23.9764764465
0.866,0.165641863661,0,11.7825612879,15.6964734962,26.2873085858,11.1090257582,11.8566582229,25.2443073569,3.97161079284,3.60314936469,24.0314852162
0.8665,0.222364718326,0,12.4833400822,15.5137839317,28.6255841675,11.777788356,12.1923013305,26.0763193838,4.20693795076,3.72316035404,24.0995456709
0.867,0.290396523121,0,12.9703621623,14.754316831,30.9075651039,12.3592465411,12.4442608077,27.3771225487,4.48918275958,3.86709817679,24.1811754759
0.8675,0.370151308029,0,13.1782632002,13.4384281531,32.908031647,12.6191512348,12.1408029572,29.2853830923,4.82006291316,4.03583881403,24.2768714165
0.868,0.461845277492,0,13.0664466883,11.684553636,34.4216644884,12.4729803835,11.1536571632,31.0061357817,5.20047538288,4.22983969882,24.3868929112
0.8685,0.565243369776,0,12.6309724601,9.68860969222,35.3150902312,11.7775070221,8.86520518087,32.3390529202,5.62944496375,4.44860350091,24.510957915
0.869,0.679320396927,0,11.9076254321,7.67451448975,35.5570275359,10.966432589,6.12637931535,32.7347879894,6.10271843953,4.68996118595,24.6478363282
0.8695,0.801842395624,0,10.9644124315,5.83787919579,35.2127775661,10.5299259943,4.59836721063,32.4376635562,6.6110277252,4.9491862614,24.7948476694
0.87,0.92891358046,0,9.88658715809,4.30761175418,34.4096823024,10.0416985082,3.64133275167,32.0027283262,7.13821030368,5.21803624613,24.947317475
0.8705,1.0546010543,0,8.76013042269,3.13666590813,33.2938301725,9.45167744471,3.02248826599,31.3482193932,7.65965225473,5.48395865384,25.0981269974
0.871,1.17083304261,0,7.65893101801,2.31633411453,31.9965705935,8.73030688022,2.63198743779,30.4446731613,8.14186605778,5.7298756831,25.2375910992
0.8715,1.2678239478,0,6.63802297527,1.80048198695,30.6182045605,7.86848092442,2.37009563699,29.2880702987,8.54425402289,5.93508352321,25.3539682658
0.872,1.33522997204,0,5.73242111587,1.5281816355,29.2261610179,6.88636570875,2.16378801349,27.9125338838,8.82390264431,6.07769735505,25.4348472111
0.8725,1.36400440133,0,4.95965275612,1.4393695657,27.8610509841,5.83557468027,1.9753866717,26.3905061918,8.94327965216,6.13857665578,25.4693729901
0.873,1.34852849824,0,4.32396325495,1.48317725944,26.5448984677,4.78978510443,1.79458936574,24.815688824,8.8790744863,6.10583362033,25.4508038083
0.8735,1.28825692621,0,3.82072952074,1.62087571183,25.2883857209,3.82550006945,1.61605508288,23.2745872823,8.6290246989,5.97831445663,25.3784853288
0.874,1.18814247698,0,3.44028207375,1.82567629406,24.0960737184,3.00239985868,1.4173563281,21.8216478877,8.21367802881,5.76649799974,25.2583602932
0.8745,1.05759759824,0,3.17084258499,2.08108772462,22.9697173309,2.35343157724,1.15286353277,20.4720574263,7.67208407209,5.49029857105,25.1017224819
0.875,0.908421781623,0,3.00058178583,2.37886668242,21.9102005015,1.88721779391,0.766153893306,19.2145609367,7.05319559824,5.17468086378,24.9227298347
0.8755,0.752515154139,0,2.91893937827,2.71709283252,20.9186274654,1.45182855048,-0.163100892469,18.1750111896,6.40638288468,4.84482248974,24.7356610417
0.876,0.600104253679,0,2.91738575707,3.09858087643,19.9969778362,0.941985891599,-1.23929613417,18.0710589216,5.77407295858,4.52236017609,24.5527866915
0.8765,0.458806035192,0,2.98979298871,3.5296645676,19.1485950326,1.22525250135,-0.374790580224,18.4381456569,5.18786642204,4.22340944284,24.383246194
0.877,0.333466705854,0,3.13254888282,4.0192951224,18.3786739406,2.00075994612,1.18507888233,18.6682646591,4.66786882455,3.95822361947,24.2328544022
0.8775,0.226512124281,0,3.34450830839,4.57834768519,17.6948487886,2.93103965115,2.77892199202,18.0363237819,4.22414437068,3.73193519965,24.1045220483
0.878,0.138529867048,0,3.62683644293,5.21899718855,17.107944456,3.52874736609,3.3900777649,17.9654656808,3.85913075026,3.54578734447,23.9989541521
0.8785,0.0688800776946,0,3.98276057966,5.95399150245,16.6329279368,4.23197810343,4.68009772242,18.0322410097,3.57017337893,3.39842628202,23.9153829644
0.879,0.016224457171,0,4.41720886944,6.7956040815,16.2900633614,4.94058709553,6.20543755338,18.4346272678,3.35172003063,3.28702051531,23.8522026909
0.8795,-0.0210671676941,0,4.93627320198,7.75398574603,16.1062112185,5.65219135303,7.73723336543,18.9312672859,3.19700757574,3.20812101667,23.8074573239
0.88,-0.0446320203483,0,5.54638718936,8.8345624372,16.1160891824,6.35831165475,9.1354839919,19.5405339241,3.099243635,3.15826384186,23.7791823967
0.8805,-0.0559316930498,0,6.25306031788,10.0340732254,16.3630869494,7.04683710246,10.3414142635,20.1226783888,3.05236447354,3.13435663711,23.7656241781
0.881,-0.0561467211401,0,7.05896642346,11.3348879238,16.8988575227,7.72347981328,11.3907867661,20.8868710132,3.05147238252,3.13390169291,23.7653661708
0.8815,-0.0461252379039,0,7.96117835308,12.6975425574,17.7803826791,8.39364112082,12.3247686177,22.0270657091,3.09304869567,3.15510457709,23.7773907191
0.882,-0.026367186569,0,8.94743273698,14.0522368318,19.0626448292,9.04728939812,13.1158212915,23.3866637743,3.17501928925,3.19690753821,23.8010979526
0.8825,0.00296894163379,0,9.99160064952,15.2916325849,20.7848339238,9.66741069248,13.6881681031,24.8566953894,3.29672662777,3.25897524955,23.8362977012
0.883,0.0420444124583,0,11.0491474032,16.2696854674,22.9490445398,10.2641881763,13.977278097,26.5416180296,3.45883975744,3.341648908,23.8831834641
0.8835,0.0913058976578,0,12.0543089155,16.8135028119,25.4938885032,10.7656375403,13.6727225487,28.0034075715,3.66321179364,3.44587355626,23.9422911924
0.884,0.15143547525,0,12.9216904324,16.7547276542,28.2718718577,11.2293946844,13.0318171259,29.4304420031,3.91267248607,3.57309229619,24.014439296
0.8845,0.223276289895,0,13.5551473103,15.9799453959,31.0462472856,11.8992758919,13.0576199284,30.5362210138,4.21071980462,3.72508900532,24.1006394447
0.885,0.30771878215,0,13.8649272887,14.4851577844,33.523122826,12.4196294504,12.9670914087,32.3017504871,4.56104793651,3.90374762711,24.201960058
0.8855,0.405525489446,0,13.7897447682,12.4055212162,35.4200359449,12.5378238191,12.2110384807,34.3017551425,4.9668204349,4.1106814949,24.3193160869
0.886,0.517066482581,0,13.3157433637,9.99443122763,36.54635501,12.1241223244,10.3857961111,36.0282734189,5.42957261938,4.34667358342,24.453151571
0.8865,0.641936630543,0,12.4832985745,7.553134019,36.8546409068,11.1852842211,7.05622816039,36.7243806486,5.94762371541,4.61086673952,24.6029804028
0.887,0.778438628359,0,11.377713385,5.34499909328,36.4358954172,10.6952124966,5.10705347184,36.5479462078,6.5139320824,4.8996699019,24.7667660249
0.8875,0.922956116388,0,10.1080712165,3.53692903961,35.4672581678,10.2034387524,3.92352913221,36.1039603733,7.11349446213,5.20543178252,24.9401692502
0.888,1.0693252956,0,8.78363217169,2.18747204674,34.1462560987,9.59226733601,3.13966227342,35.3679607882,7.72073898737,5.51511136602,25.1157942774
0.8885,1.20844412416,0,7.49607377001,1.27127385919,32.6425518581,8.81831777715,2.62388909807,34.296775251,8.29790384853,5.80945107002,25.2827197749
0.889,1.32849358793,0,6.31094569444,0.716492494526,31.0777233819,7.86069455167,2.25210798073,32.8755964453,8.79595528277,6.06344489674,25.4267643781
0.8895,1.41616684016,0,5.26715970575,0.437056678061,29.5266530938,6.73614291434,1.93350177356,31.1416871946,9.1596869284,6.24893897671,25.5319615062
0.89,1.4590417684,0,4.38132128688,0.352893905215,28.0289719908,5.50658468616,1.62787972318,29.1930383451,9.33756293744,6.33965131104,25.5834061511
0.8905,1.44863617283,0,3.65386273555,0.399144212018,26.6018505154,4.26874009633,1.33737429944,27.169485489,9.29439305032,6.31763574382,25.5709207152
0.891,1.38303226805,0,3.07499919494,0.528165346292,25.2500741429,3.12567666475,1.07174029774,25.2093964529,9.0222209153,6.17883473383,25.4922040917
0.8915,1.26781820295,0,2.62958015733,0.70786986139,23.9726021978,2.15557357822,0.811085986119,23.4043918306,8.5442301891,5.93507136857,25.3539613727
0.892,1.11480029034,0,2.3006093585,0.918730275603,22.7662749336,1.39641427154,0.49453609446,21.780086099,7.90940194046,5.61132477315,25.1703586825
0.8925,0.939076161413,0,2.07156343205,1.15069973396,21.6276557457,0.851496060666,0.0404480055822,20.3132145168,7.18037199154,5.23953765683,24.9595113232
0.893,0.755767900837,0,1.9277702817,1.40058903895,20.5538291155,0.371831065564,-0.97218315439,19.0943817889,6.41987761517,4.85170446618,24.739563938
0.8935,0.577564085468,0,1.8571190505,1.67005789872,19.5427004413,-0.0999000038737,-1.81672877076,19.0525642501,5.68056014518,4.47467097034,24.5257412597
0.894,0.413537083283,0,1.85033378643,1.96419810298,18.5931150395,0.315715621997,-0.737088799765,19.3009091286,5.00005828267,4.12763196942,24.3289290149
0.8945,0.269072455218,0,1.90098900904,2.29061525455,17.7049642451,1.23569193585,0.934252213286,18.5944892983,4.40071520405,3.8219819269,24.1555892151
0.895,0.146468474042,0,2.00539388604,2.65889679446,16.8793646638,1.81908504593,1.64227388178,18.2884946607,3.89206579615,3.56258339757,24.0084795049
0.8955,0.0457849716864,0,2.16242844608,3.08035615046,16.1189603213,2.49149325438,3.13168700396,18.3662933849,3.4743582848,3.34956297044,23.8876716755
0.896,-0.0343323195993,0,2.37338075306,3.56794882276,15.4283882362,3.17859075809,4.83461514563,18.4090405624,3.1419741943,3.18005536283,23.7915407718
0.8965,-0.0959802975361,0,2.64180632015,4.13625561706,14.8149531275,3.7789432369,6.22358692919,17.6506433297,2.88621408622,3.04962407781,23.7175707745
0.897,-0.141511320766,0,2.97340703079,4.80141281918,14.2895678052,4.47385311142,7.69434356133,16.8523096003,2.6973186867,2.95329212879,23.6629391421
0.8975,-0.173212296764,0,3.3759023384,5.58083042545,13.8680240616,5.36159450463,9.46267094704,16.2293994658,2.56580026033,2.88622100701,23.6249018667
0.898,-0.19311390898,0,3.85883551308,6.49246782614,13.5726522199,6.16085101189,11.0013379302,15.864948685,2.48323407306,2.84411430794,23.6010223779
0.8985,-0.202892353938,0,4.4332162456,7.55332164985,13.4343829146,6.90777738019,12.3564203771,15.7542053975,2.44266605732,2.82342563033,23.5892894456
0.899,-0.203831464695,0,5.11084175789,8.77661907788,13.4950993085,7.63081310438,13.5376714258,15.8770393943,2.43876995112,2.82143871321,23.5881626281
0.8995,-0.196820556355,0,5.90305777668,10.1670223932,13.8098882406,8.35388369321,14.5413082715,16.2071848162,2.46785623643,2.83627199427,23.5965748565
0.9,-0.182370456538,0,6.81862408067,11.7130228711,14.4482565288,9.10277184779,15.4163046604,16.7358284147,2.52780563322,2.8668446935,23.6139132005
0.9005,-0.160636174265,0,7.86026901391,13.3758624299,15.4924616307,9.79565662945,16.0058699281,17.4751301425,2.61797505271,2.91282885163,23.6399916682
0.901,-0.13143943576,0,9.01954245936,15.0752418334,17.0298289765,10.2604435275,15.9970327679,18.4633820016,2.7391041026,2.97460165017,23.6750241663
0.9015,-0.0942881421681,0,10.2698922313,16.6744937525,19.1347698675,10.7032509671,15.8411109837,19.8679230379,2.89323436254,3.05320424389,23.719601153
0.902,-0.0483931274347,0,11.5587804049,17.9724357886,21.8366879085,11.2178611095,15.7715809725,22.2053762002,3.08363986036,3.15030630543,23.7746695304
0.9025,0.00731401516157,0,12.8013599365,18.714888139,25.0749605646,11.7045546872,15.5280186501,24.692720934,3.3147531148,3.26816830896,23.8415112555
0.903,0.074154116693,0,13.8804493189,18.6410101856,28.6544443476,12.1513628362,14.8251867214,26.9586057415,3.59205388222,3.40958479373,23.9217111631
0.9035,0.15365096738,0,14.6586848465,17.5687052756,32.2314495231,12.5197725188,13.5945253665,29.0912807883,3.92186393931,3.57777970842,24.0170976142
0.904,0.247437355261,0,15.0058818124,15.4933785026,35.365053132,13.1646497874,13.1914588452,30.6899595299,4.31095726408,3.77620761307,24.1296297539
0.9045,0.357083579432,0,14.8360947536,12.6411902497,37.6399309202,13.4139288657,12.2938451845,33.2792544162,4.76584858546,4.0081908572,24.2611917481
0.905,0.483802032266,0,14.1387517519,9.42263601568,38.8088793064,13.1092575996,10.4485750762,35.581387044,5.29156777815,4.27629455161,24.4132383186
0.9055,0.627970328725,0,12.9864544303,6.29534899968,38.8690729679,12.1189363523,6.79235949643,36.8448340747,5.88968146034,4.58131763258,24.586222557
0.906,0.78841893499,0,11.5139734256,3.61567885901,38.0261941821,11.5772992149,4.50751629995,36.9771135972,6.5553375654,4.92078566696,24.7787411663
0.9065,0.961472910336,0,9.87993938547,1.56121584422,36.5826656979,10.9793497219,3.02072944038,36.7807221233,7.27328979869,5.28692342421,24.9863846695
0.907,1.13986077206,0,8.23008853402,0.142761849793,34.8266265361,10.2205318399,1.99020012692,36.1629804726,8.01337082518,5.66434631485,25.2004281808
0.9075,1.31183931155,0,6.67483568896,-0.733486001617,32.9709837253,9.23480623972,1.23983102449,35.0566529352,8.72686137781,6.0282087261,25.4067812931
0.908,1.46119008648,0,5.28301233745,-1.20105512106,31.1438938554,7.98616006046,0.602367225889,33.4364389934,9.34647570445,6.34419660023,25.5859838687
0.9085,1.56890134843,0,4.08664472613,-1.38986829803,29.4073807872,6.49807144815,-0.0318767984263,31.36420462,9.79333941221,6.57208596135,25.715224146
0.909,1.61695495433,0,3.09045713825,-1.40621027352,27.7822097304,4.87023182879,-0.681405196787,29.0073410345,9.99270029721,6.6737550473,25.7728825676
0.9095,1.59345566945,0,2.28169401972,-1.32823654067,26.2679149761,3.25820686997,-1.2944494798,26.6028138584,9.89520837871,6.62403659705,25.7446863137
0.91,1.49694029326,0,1.63816470568,-1.20907084526,24.8554491017,1.81636869424,-1.82367555573,24.3724974104,9.49479324956,6.41983485415,25.6288797234
0.9105,1.33745721358,0,1.13398113308,-1.08238739839,23.5338315658,0.642228039596,-2.29566902033,22.43838272,8.83314284255,6.08240962601,25.4375196273
0.911,1.13365928663,0,0.743222222211,-0.967975035432,22.2930042176,-0.238878290569,-2.81683202794,20.797997764,7.98764260771,5.65122556475,25.1929871604
0.9115,0.907501700295,0,0.442007712849,-0.876352213997,21.1246759761,-0.849900576803,-3.52050714813,19.3745255083,7.0493784398,5.17273420804,24.9216258502
0.912,0.67915499685,0,0.209465201108,-0.812258854387,20.0222778567,-1.61201085201,-5.26369043482,18.5808099718,6.10203224117,4.68961124187,24.6476378684
0.9125,0.463901078666,0,0.0279853105666,-0.777149787124,18.9806256894,-1.53313887702,-4.74318380744,18.8416645836,5.20900432329,4.23418924601,24.38935962
0.913,0.271266530025,0,-0.116944209742,-0.770899264861,17.9955611868,-0.717226485667,-3.1811517706,18.1535442704,4.40981780285,3.82662402557,24.1582218352
0.9135,0.105683926051,0,-0.237125908156,-0.792924081708,17.0636680701,-0.248707034954,-2.45577139606,17.8738330055,3.72286218638,3.47629377087,23.9595430595
0.914,-0.0321928714227,0,-0.342133094776,-0.842901584419,16.1820806107,0.367663823186,-0.681663466435,17.6616727943,3.15085016258,3.18458188558,23.7941078467
0.9145,-0.144129287869,0,-0.439806625402,-0.921221641232,15.3483732592,1.01752377327,1.11070638076,16.2580463555,2.68645747808,2.94775318291,23.6597979033
0.915,-0.233196610108,0,-0.536727108487,-1.02927731036,14.5605150988,1.63397334532,3.01236089597,15.0637189732,2.31694222837,2.75930960891,23.5529280624
0.9155,-0.302977861324,0,-0.638645272399,-1.16967043259,13.8168774607,1.93609756543,4.01332238552,13.8396731456,2.02743945878,2.61167040694,23.4691991366
0.916,-0.357060634358,0,-0.750867998067,-1.34638607686,13.1162907262,1.92938893645,4.20999846848,12.6365954419,1.80306525642,2.49724515213,23.4043064554
0.9165,-0.398750063546,0,-0.878606101961,-1.56497295981,12.4581549197,1.70214187683,3.83630002931,11.5054234382,1.63010754927,2.40904102926,23.3542842638
0.917,-0.430934982516,0,-1.02729434333,-1.83275428445,11.8426180652,1.32031000508,3.06768996544,10.4778360422,1.49658137972,2.34094600847,23.3156663163
0.9175,-0.456052607367,0,-1.202895672,-2.15908306623,11.2708473436,0.831650323002,2.03280614577,9.5704052573,1.39237542421,2.28780356656,23.2855282533
0.918,-0.476111498245,0,-1.41220114542,-2.5556455061,10.7454322579,0.269398066919,0.823334911072,8.78809082838,1.30915673204,2.24536410625,23.2614600494
0.9185,-0.492745180389,0,-1.66313428454,-3.03680186948,10.2709779305,-0.344110665204,-0.493929019067,8.1434882,1.24014826679,2.21017150774,23.241501675
0.919,-0.507278642539,0,-1.96506317028,-3.61993131039,9.85497190528,-0.989002672235,-1.82625980086,7.8439113619,1.17985302314,2.17942243522,23.2240633065
0.9195,-0.520797094048,0,-2.3291134559,-4.32570654108,9.50904010634,-1.66048496452,-3.15852894582,7.84037014704,1.12376877294,2.15082086449,23.207842826
0.92,-0.534211320424,0,-2.7684571446,-5.17815218405,9.25074466428,-2.3587832481,-4.48495618433,8.09757687929,1.06811692348,2.12243980736,23.1917474029
0.9205,-0.548317248078,0,-3.29851929758,-6.20421491963,9.1061081454,-3.08825882319,-5.80713349292,8.59158348916,1.00959540012,2.09259528801,23.1748220232
0.921,-0.563849372958,0,-3.93698780173,-7.43236184955,9.11304703937,-3.85686541768,-7.13266065476,9.30816438492,0.9451569859,2.0597333017,23.1561853822
0.9215,-0.581528895263,0,-4.7034151159,-8.8893866634,9.32579506898,-4.67589684825,-8.47428234843,10.2418282751,0.871809624205,2.02232797407,23.1349721281
0.922,-0.602108009871,0,-5.61804713165,-10.5941172907,9.82005203354,-5.57629619519,-9.88499990405,11.3929534269,0.786432670211,1.97878785398,23.1102797196
0.9225,-0.626412015586,0,-6.69929003909,-12.5461479743,10.6977414009,-6.6776984389,-11.7418419513,12.6011660331,0.685602191478,1.92736682116,23.0811178996
0.923,-0.655380824994,0,-7.95895400539,-14.7074001108,12.0884923502,-7.98542550593,-13.9040563473,14.0915913678,0.565418755247,1.86607626204,23.0463588884
0.9235,-0.690111088674,0,-9.39422483235,-16.9752227336,14.1418982879,-9.17696640551,-15.6833151477,16.117839755,0.421332666951,1.7925959457,23.0046868401
0.924,-0.731899390733,0,-10.9755920815,-19.1499249272,17.0006424831,-10.2098712042,-17.0067891943,18.7159688523,0.247964764086,1.70418263323,22.9545460131
0.9245,-0.782285571119,0,-12.6314788854,-20.9099077235,20.7427961435,-11.0745018698,-17.851612024,21.9541255987,0.0389266841322,1.59757841888,22.8940887888
0.925,-0.843092693717,0,-14.2340623912,-21.8240845011,25.2902507716,-11.7568909774,-18.1802851874,25.9266950717,-0.213344951823,1.46892616776,22.8211277145
0.9255,-0.916455655678,0,-15.5966509901,-21.4424146952,30.3106725661,-12.3444988006,-17.5748685619,30.1587743007,-0.517707231134,1.31370898593,22.733101176
0.926,-1.00482253929,0,-16.4969912672,-19.4802774482,35.1885701041,-12.8590967066,-15.8002290101,34.5467007307,-0.88431655816,1.12674736012,22.6270717754
0.9265,-1.11089949193,0,-16.7338969815,-16.0263910847,39.1566201674,-13.1298053994,-12.6577477782,38.720159714,-1.32439997659,0.902315777684,22.4997924685
0.927,-1.23748863511,0,-16.2010377435,-11.6128358278,41.5851640986,-13.3207757913,-10.4495351292,40.3783349517,-1.84958269993,0.634485669276,22.3479010537
0.9275,-1.3871374675,0,-14.9368214981,-7.03336310508,42.2585927551,-13.3821862902,-9.01156528469,40.096654821,-2.47043358306,0.317867182138,22.1683408457
0.928,-1.56148056882,0,-13.1147765417,-3.00876112366,41.4264532977,-13.2093496755,-7.84147390068,39.729182441,-3.19373403714,-0.0509980345214,21.9591505498
0.9285,-1.7601284415,0,-10.9798229048,0.0595398848008,39.6082078836,-12.7166935513,-6.72434544476,39.5163113098,-4.01786814643,-0.471285903913,21.7207975152
0.929,-1.97899670948,0,-8.77172386779,2.11595022724,37.332477431,-11.794966945,-5.3517494788,39.7615676626,-4.92589098427,-0.934354935485,21.4581824911
0.9295,-2.20817881561,0,-6.6738668288,3.32518886463,34.979842196,-10.4504244206,-3.99508328962,39.4027736354,-5.8767030335,-1.41924539914,21.1831921288
0.93,-2.42998350797,0,-4.79758333138,3.92772557967,32.7571358572,-8.73008222114,-2.97036479238,37.2324109481,-6.79690826954,-1.88852715038,20.9170537564
0.9305,-2.61857183669,0,-3.19100774118,4.14826087513,30.7427745343,-6.60067932244,-1.75724983903,34.0512887926,-7.57930816245,-2.28753160887,20.6907709383
0.931,-2.74318293961,0,-1.85739626311,4.16031919103,28.9436039855,-4.20735511517,-0.151900984177,30.6472195713,-8.09628455351,-2.55117669221,20.5412529287
0.9315,-2.77597174524,0,-0.773073327868,4.083954993,27.3365187971,-1.86386229672,1.59934987318,27.5116607062,-8.23231607884,-2.62054938205,20.5019103915
0.932,-2.70222165426,0,0.098894499854,3.99629912802,25.8916927594,0.122221556801,3.08643176274,24.7810176109,-7.92634771017,-2.46451313465,20.5904014372
0.9325,-2.52724849726,0,0.799704645377,3.94412399409,24.5828314352,1.64313246545,4.25350832704,22.6340877708,-7.2004333324,-2.09431488201,20.8003477225
0.933,-2.27506936302,0,1.36957247117,3.95439836425,23.3903161939,2.80373564209,5.58338280937,21.7031564658,-6.15421308666,-1.56076861443,21.1029316924
0.9335,-1.97958227426,0,1.84508777109,4.04205620679,22.3012082779,3.63195210717,7.00108333041,21.2936594645,-4.9283203277,-0.935593840129,21.4574798854
0.934,-1.67397153645,0,2.25822308329,4.21534070746,21.3082659716,4.04005764888,7.90586595466,19.8147255287,-3.66042739844,-0.289000025056,21.8241752131
0.9345,-1.383618782,0,2.63630939091,4.47930599406,20.4089566896,4.12287846365,8.72922842029,18.0724953616,-2.45583554736,0.325311816756,22.1725628359
0.935,-1.12393279221,0,3.00251895081,4.83797857015,19.6048228305,4.00823422276,10.367276226,19.7540447338,-1.37847147093,0.874740662308,22.4841541098
0.9355,-0.901575577599,0,3.37655608565,5.29553627096,18.9012765689,3.58883891275,8.99933245935,20.710736079,-0.455973975561,1.34519140871,22.750955441
0.936,-0.716997811418,0,3.77536264488,5.85672393577,18.3077899471,2.71094651681,6.01246758164,19.0764309663,0.309787222236,1.73571054711,22.972426077
0.9365,-0.566922689467,0,4.21370788696,6.52660209043,17.838409409,2.48547775094,4.44122367131,16.1838286017,0.932406660768,2.05323095345,23.15249778
0.937,-0.446238459862,0,4.7045630473,7.30961384486,17.5124972065,2.88204585584,4.28551249152,13.6332574753,1.43309155976,2.3085677816,23.2973040242
0.9375,-0.349243215516,0,5.25916666222,8.20785497846,17.3555464593,3.77631556904,5.39732256138,12.3524570022,1.83549752679,2.51378480224,23.4136863973
0.938,-0.270370971214,0,5.8866750945,9.21835453701,17.3998003053,5.02536299161,7.386664108,12.0944978479,2.16271626781,2.68065821026,23.5083233976
0.9385,-0.204557536575,0,6.59327382445,10.3291546027,17.6842004882,6.41627344352,9.60824589913,12.3821215465,2.43575768327,2.81990253162,23.5872914311
0.939,-0.147377769971,0,7.38061745847,11.5140959291,18.2528840511,7.65051797405,11.2758116677,13.1717428434,2.67298044021,2.94088022926,23.655900124
0.9395,-0.0950489416485,0,8.24350438324,12.7266036039,19.1510796907,8.66684022668,12.4587680832,14.6003108806,2.89007801965,3.05159458762,23.7186882871
0.94,-0.0443639080891,0,9.16683198277,13.8935940255,20.4170009177,9.68238595215,13.6474041572,17.1799651657,3.1003559573,3.15883109852,23.7795040985
0.9405,0.00740449669201,0,10.1221932331,14.9119868151,22.0686005558,10.5979850224,14.5593386041,19.8591959478,3.31512849721,3.26835974463,23.8416198222
0.941,0.0626011000888,0,11.0650141431,15.6519341635,24.0855123851,11.4215145088,15.0218424264,22.3719369569,3.54412366822,3.38514157837,23.907848963
0.9415,0.12327003323,0,11.93381622,15.9716991029,26.3897801855,12.027019645,14.5729822388,24.7552504525,3.79582199501,3.51350145609,23.9806442269
0.942,0.191206572849,0,12.653664865,15.7470708816,28.8336485704,12.763186118,14.6148185565,26.6997765535,4.07767157543,3.6572377222,24.0621597255
0.9425,0.267966182406,0,13.1454533492,14.9114009737,31.2059467629,13.555098212,14.96834334,28.4392291825,4.39612558954,3.81964133781,24.1542618236
0.943,0.354816143278,0,13.3407184885,13.4921156377,33.2653355801,13.956652886,14.7953234705,30.8882790068,4.75644163108,4.00339354476,24.2584711034
0.9435,0.452612553482,0,13.1984387597,11.6231541231,34.7958331278,13.9020238837,13.9139569936,33.0509145094,5.16217140974,4.21030562654,24.375814777
0.944,0.561584417908,0,12.7175810077,9.51964049551,35.6633865581,13.2491427211,11.6527543617,34.7034488589,5.61426500235,4.44086209868,24.5065676224
0.9445,0.681011810113,0,11.9395964434,7.42153883628,35.8461586825,12.4625355772,8.9755845915,35.3164929601,6.10973563675,4.69353978175,24.6498658162
0.945,0.808804460804,0,10.9393172847,5.53230451883,35.4246247904,12.0331090702,7.53671819639,35.1486572998,6.63991137399,4.96391620289,24.8032012921
0.9455,0.941030711387,0,9.80814955167,3.97977360083,34.5410648271,11.5355707655,6.65171166454,34.7475003505,7.18848086923,5.24367298249,24.961856543
0.946,1.07152132304,0,8.63629487528,2.80982297237,33.3521011962,10.9230218569,6.10153333297,34.0477242075,7.72984968709,5.51975759596,25.1184292405
0.9465,1.19176739863,0,7.49956913269,2.00464259342,31.9941315163,10.1665648045,5.76792690321,33.033717808,8.22871680841,5.77416740277,25.2627097537
0.947,1.29139765608,0,6.45298964457,1.50993048368,30.5681749149,9.25693594152,5.54020524108,31.7224262585,8.64205470309,5.98495943423,25.3822538187
0.9475,1.35946337187,0,5.53027934881,1.25884364216,29.1399260329,8.21411260063,5.33395627302,30.1758714217,8.92444019909,6.12896900394,25.4639243128
0.948,1.38648893652,0,4.74705870296,1.18773194231,27.7473752646,7.09054781389,5.10276301852,28.4950387328,9.03656165981,6.18614815635,25.4963516691
0.9485,1.36679678859,0,4.10554126289,1.24395511161,26.4099660224,5.96242933544,4.83250197554,26.792105445,8.95486448091,6.14448462991,25.4727235116
0.949,1.30024393479,0,3.59923917814,1.38819599613,25.136222559,4.91015149127,4.51902381994,25.1538884667,8.67875542347,6.00367588754,25.392868266
0.9495,1.19256740729,0,3.21691791984,1.59373533497,23.9290255581,3.99772209364,4.14454422648,23.6181584969,8.23203581915,5.77586001559,25.2636696658
0.95,1.0541243182,0,2.94556217815,1.84444485459,22.7888351026,3.26201110532,3.66998651738,22.1762431888,7.65767441083,5.48295000271,25.0975549727
0.9505,0.897565667669,0,2.77240508035,2.13251849901,21.7154928971,2.71481181342,3.04671913803,20.7971445033,7.00815663718,5.1517121154,24.9097038321
0.951,0.735375763027,0,2.68619543439,2.45643506385,20.7091875214,2.14787087514,1.76225881339,19.679663381,6.33527637527,4.80855994096,24.7150958787
0.9515,0.578047859226,0,2.67790326279,2.81933125284,19.7710040803,1.62925695182,0.721461810649,19.5533281514,5.68256718633,4.47569451134,24.5263217287
0.952,0.433196598402,0,2.74104270466,3.22779727944,18.9033258987,1.93888567073,1.5336623259,19.6287959126,5.08162007723,4.16922645322,24.352518017
0.9525,0.3054893853,0,2.87175255962,3.6910256658,18.1102480377,2.73245805816,2.96094742506,19.330700681,4.5517987965,3.89903079607,24.1992850557
0.953,0.197088160793,0,3.06873268852,4.22020477975,17.3980989898,3.49610059316,4.03409764866,18.5879098734,4.10207262829,3.66968165142,24.0692169082
0.9535,0.108299290871,0,3.33309470268,4.82802470188,16.7761341075,4.02848549354,4.56698934127,18.3253565705,3.73371259886,3.48182721099,23.9626811759
0.954,0.038224828141,0,3.66814846336,5.52813684203,16.2574461928,4.70933527672,5.9318063343,18.4272201466,3.44299337722,3.33356764877,23.8786004323
0.9545,-0.0146901362106,0,4.07910978234,6.33436850834,15.8601188427,5.39795691161,7.41158745495,18.5230745071,3.22346408439,3.22161317714,23.815108978
0.955,-0.052246979014,0,4.57267589833,7.25943187283,15.6086068658,6.08735620595,8.77610170535,18.6212875113,3.06765131492,3.14215254547,23.7700453821
0.9555,-0.0762126922936,0,5.1563702008,8.31278319073,15.5352373551,6.74962383897,9.91231281844,18.4472231956,2.96822431628,3.09144725255,23.7412894714
0.956,-0.0881444911243,0,5.83750464028,9.49719925712,15.6815436502,7.37180466653,10.8522264573,18.3259763255,2.91872264144,3.0662026313,23.7269727792
0.9565,-0.0892921645933,0,6.62155204972,10.8035979571,16.098818732,7.98416398597,11.6419399543,18.4336751902,2.91396126726,3.06377444905,23.7255957121
0.957,-0.0805533847228,0,7.50968104787,12.2037649208,16.8467578565,8.61275362968,12.3268055346,18.9114596056,2.95021600519,3.08226346242,23.736081174
0.9575,-0.06246255884,0,8.49523257837,13.6411985369,17.9883793787,9.25557990987,12.9439478013,19.928638653,3.02526974966,3.12053900277,23.7577879418
0.958,-0.0351996319883,0,9.55910451904,15.0216016517,19.578820771,9.89422961216,13.4934290814,21.4795038962,3.13837595932,3.17822035261,23.7905001036
0.9585,0.00138924778604,0,10.6644992384,16.2069123191,21.6458235235,10.4951389175,13.8449729165,23.1368469613,3.29017292264,3.25563302316,23.8344022627
0.959,0.0477621800189,0,11.7523965801,17.0198157533,24.1620754439,11.0675697882,13.8792748655,24.93167646,3.48256116564,3.35374623536,23.8900440825
0.9595,0.104641056282,0,12.740333708,17.2673954146,27.0154520705,11.4859641581,13.1285680589,26.5948311761,3.71853561325,3.47408732633,23.9582917439
0.96,0.172952804231,0,13.5279383137,16.7887577385,29.9918914647,11.9931934997,12.5243203484,28.0554947448,4.00194182742,3.61861743689,24.0402574464
0.9605,0.253738694466,0,14.0118202855,15.518214693,32.791185746,12.7125989583,12.4952412469,29.1471288217,4.33709974677,3.78953962812,24.1371905866
0.961,0.348010733493,0,14.1086420033,13.5365800227,35.0876836898,13.0457853783,11.990920209,31.3025973485,4.72820790144,3.98899504585,24.250305448
0.9615,0.456526385762,0,13.7793214725,11.0748525974,36.6212289265,12.9083662886,10.7292443901,33.3050927835,5.17840879822,4.21858629025,24.3805108948
0.962,0.579447393309,0,13.0435421983,8.45477533789,37.2750890673,12.1153769194,7.93108684239,34.7669220854,5.6883734593,4.47865556594,24.5280009976
0.9625,0.715852113085,0,11.9766618368,5.99184792493,37.0973851184,11.3845389475,5.21604177964,35.1175717017,6.25427824709,4.76725291297,24.6916698981
0.963,0.863096726332,0,10.6901070322,3.91199338059,36.258341547,10.8832609388,3.68519480743,34.9107590059,6.86515470173,5.07878469,24.8683453385
0.9635,1.01608827703,0,9.30463949477,2.31842520376,34.9757020823,10.2768955413,2.62286735865,34.427487387,7.49987358222,5.40247551039,25.0519163976
0.964,1.16665811275,0,7.92737397635,1.20810853376,33.4499951918,9.51250331629,1.89052184766,33.6159435586,8.12454544893,5.72104260399,25.2325816964
0.9645,1.30339300982,0,6.63866565288,0.512567889116,31.8311637683,8.55357765068,1.34607606149,32.4429664297,8.6918200494,6.01033852137,25.396646769
0.965,1.41240099389,0,5.48899466834,0.137966648494,30.2141013022,7.39748772587,0.872425810154,30.9227113084,9.14406349224,6.24097141339,25.5274429535
0.9655,1.47937241316,0,4.50255374532,-0.00770831553248,28.6498709909,6.09028673477,0.406169715471,29.1352677355,9.42190905997,6.38266573276,25.6078004263
0.966,1.49277296999,0,3.68378614315,-0.00118119671632,27.1607565749,4.72576640237,-0.0558961900788,27.2173041843,9.47750419831,6.41101786863,25.6238794476
0.9665,1.4471935423,0,3.02420744183,0.0999808805921,25.7528775137,3.4209457088,-0.486372400299,25.3207497703,9.28840798232,6.31458350821,25.5691897358
0.967,1.34535841485,0,2.50815303213,0.256109207194,24.4246470047,2.27827753241,-0.876602974077,23.5593137258,8.86592270263,6.09912653822,25.4470000978
0.9675,1.19769742276,0,2.11703168397,0.442160447735,23.1716147508,1.35816657935,-1.26790373426,21.9757222204,8.25331880936,5.78671381051,25.2698250539
0.968,1.0196325097,0,1.83216881517,0.644136504281,21.9888650899,0.676389070037,-1.74248382637,20.5498456873,7.51457760598,5.40997419628,25.0561690413
0.9685,0.827877634023,0,1.63652118506,0.855956303315,20.8720134906,0.220169747447,-2.38706491757,19.2376044984,6.71904060104,5.00427013785,24.8260867559
0.969,0.637257954297,0,1.51557726903,1.07701906419,19.8175131697,-0.537734678246,-4.18863319183,18.7056551495,5.9282132046,4.60096786246,24.5973665662
0.9695,0.458894984634,0,1.45771815385,1.31045491999,18.8226867584,-0.334243214451,-3.43330341742,18.9793866751,5.18823544824,4.22359763701,24.3833529224
0.97,0.299775401712,0,1.45425279082,1.56196369769,17.8856971598,0.485566853842,-1.78966273092,18.7360201195,4.52809308694,3.88694147462,24.1924289777
0.9705,0.163247586052,0,1.49928179145,1.83911897138,17.0055574266,1.14123789184,-0.838932785117,18.2802365849,3.96167760897,3.59808368832,24.0286123773
0.971,0.0499265045245,0,1.58949409093,2.15102122413,16.1822245889,1.8282366149,0.70259265823,18.2257390788,3.49154033881,3.35832539004,23.8926410059
0.9715,-0.0413621243685,0,1.72396233704,2.50820050254,15.4168029818,2.53572004714,2.50491927699,18.1522798627,3.11280951303,3.16518210177,23.78310587
0.972,-0.112786352292,0,1.90397440966,2.922684724,14.7118828106,3.12582782517,3.94145899726,17.1134484718,2.81649049553,3.01406678313,23.6974055741
0.9725,-0.166919288261,0,2.13291745961,3.40815849732,14.0720503708,4.02730068627,5.93334120661,16.1560050143,2.59190818128,2.89953539644,23.6324527036
0.973,-0.206345577593,0,2.41621415912,3.98013379218,13.5046226802,4.82349032701,7.76877295099,15.4626118817,2.42833960437,2.81611949615,23.5851460016
0.9735,-0.233424080679,0,2.76129494397,4.65603200499,13.020677911,5.49079744023,9.26154698254,15.1051671426,2.315998517,2.75882833962,23.5526551257
0.974,-0.250163257134,0,3.17757069678,5.4550284232,12.6364688795,6.06497832451,10.3891201916,15.016864982,2.24655238555,2.72341254224,23.5325701711
0.9745,-0.258171216281,0,3.67634227491,6.39742281571,12.3753088825,6.59583904473,11.295107828,15.122130612,2.21332961709,2.70646975779,23.5229616042
0.975,-0.258650837952,0,4.27053973055,7.50315923176,12.2699830584,7.11381476077,12.0736326852,15.4393274907,2.21133980178,2.70545500154,23.5223861172
0.9755,-0.252418623784,0,4.97411694802,8.78891294694,12.3656150225,7.64436922914,12.8005557784,15.9821433578,2.23719550415,2.71864076578,23.5298640083
0.976,-0.239932839884,0,5.80082984929,10.2629051335,12.722617648,8.21545621745,13.5502074029,16.7154905874,2.28899550711,2.74505747713,23.5448454145
0.9765,-0.221321835933,0,6.76200062523,11.9163814196,13.4187349385,8.86076201521,14.4032242057,17.5438455357,2.36620732397,2.78443358064,23.5671763321
0.977,-0.196407363617,0,7.8627482646,13.7107579578,14.5480654039,9.56220272174,15.089881005,18.4843409637,2.4695704568,2.83714620396,23.597070637
0.9775,-0.164720626184,0,9.09614803595,15.5603849251,16.2132887881,10.2823445525,15.593896941,19.5825838221,2.60102981137,2.9041872006,23.6350908278
0.978,-0.125511101655,0,10.4350987396,17.3137122916,18.5055858122,10.698123734,15.3419570215,20.9220684378,2.76369909212,2.98714448225,23.6821374387
0.9785,-0.0777503846337,0,11.8227127779,18.741395628,21.4668062174,11.1820954985,15.1182035774,22.8811391789,2.96184486358,3.08819389057,23.7394444296
0.979,-0.020135967068,0,13.1641788809,19.5477970363,25.0342438955,11.6811175215,14.9124216661,25.5679602965,3.20087086503,3.21009119799,23.8085746502
0.9795,0.0488962400188,0,14.3260080837,19.4262521591,28.9842103581,12.1458866446,14.3460340783,28.263838796,3.48726606137,3.356145615,23.8914048151
0.98,0.131135813414,0,15.1503142779,18.1650453247,32.9132373105,12.4429274521,12.8100983185,30.6976785403,3.82845490297,3.53014342638,23.9900821965
0.9805,0.228514032838,0,15.4882460161,15.7707533008,36.3034016667,13.0347836555,12.2531687174,32.5654663963,4.23244972579,3.7361707239,24.1069240926
0.981,0.342934779134,0,15.245342237,12.530413081,38.679009903,13.3400289062,11.3811691829,35.2595468605,4.70714919556,3.97825563035,24.2442149265
0.9815,0.47596509393,0,14.418232496,8.94290893993,39.7823540552,13.0733056803,9.54542251548,37.7078625335,5.25905452689,4.25971360327,24.4038349557
0.982,0.62831346806,0,13.1007044215,5.5396629278,39.6547494344,12.0714341926,5.78475087633,39.0852648109,5.89110504885,4.58204362726,24.586634282
0.9825,0.79902148786,0,11.4542919741,2.70611076481,38.5728532411,11.5342651671,3.48723164315,39.2872552535,6.59932457291,4.94321794522,24.7914629268
0.983,0.984338226633,0,9.66046921971,0.605021052157,36.9012552614,10.9021482924,1.94374192875,39.1453603592,7.36815155999,5.3353005598,25.013820239
0.9835,1.17639018758,0,7.87852081721,-0.789959590778,34.9626977865,10.0816678309,0.847816168004,38.5328731203,8.16492108808,5.74163317434,25.2442589902
0.984,1.36205506883,0,6.22289584384,-1.61052617781,32.9786213543,8.99588380081,-0.00044017026903,37.368891098,8.93519242028,6.13445236895,25.4670340306
0.9845,1.52285740329,0,4.75973495967,-2.01790830961,31.0704642905,7.60266561048,-0.788621444732,35.6243291417,9.60231604407,6.47466880133,25.6599770704
0.985,1.63694505061,0,3.51495343311,-2.15811028164,29.2883810135,5.93279202993,-1.62760179028,33.3787580239,10.07563358,6.71604895592,25.7968682265
0.9855,1.68371630775,0,2.4862264093,-2.14481519548,27.6419067692,4.11144180505,-2.50835566008,30.8404203661,10.2696743609,6.81500492129,25.8529879872
0.986,1.65009734325,0,1.65421396432,-2.05846129093,26.1220931458,2.32946898459,-3.33543571302,28.2948402163,10.1301987401,6.74387582854,25.8126493613
0.9865,1.53562167257,0,0.991179001537,-1.95204492036,24.7142691683,0.767262909832,-4.03186667676,25.9945253218,9.65527140447,6.5016747162,25.6752926249
0.987,1.35326992104,0,0.466803427921,-1.85837128684,23.4040801392,-0.473307257904,-4.62773834883,24.0575239678,8.89874531493,6.11586525299,25.4564929329
0.9875,1.12539910802,0,0.0516909057404,-1.79652232584,22.1796608224,-1.37929584157,-5.25661886585,22.4508250504,7.9533734517,5.63374914871,25.1830759612
0.988,0.87712605221,0,-0.280808243056,-1.77691407291,21.0319585367,-1.98957847658,-6.07906814096,21.0661372397,6.92335842588,5.10846713967,24.8851788054
0.9885,0.630496459565,0,-0.553888560369,-1.8049865689,19.9543628299,-2.8268310969,-7.99773114997,20.5722625917,5.90016166615,4.58666227651,24.5892536035
0.989,0.401350591937,0,-0.787269814427,-1.88378212117,18.9422070626,-2.48744772435,-7.04133598787,20.8606571516,4.94949996027,4.10184848423,24.314306723
0.9895,0.198842611161,0,-0.997566497898,-2.0156935216,17.9923724843,-1.79979962243,-5.80635332506,20.1507424633,4.10935134903,3.67339361771,24.071322033
0.99,0.0265593057642,0,-1.19884907121,-2.20362625957,17.1030642577,-1.20164862882,-4.18678620772,19.977930775,3.39459640844,3.30888640009,23.8646032391
0.9905,-0.115821094515,0,-1.40327469922,-2.45176608973,16.2737667304,-0.697872332039,-2.62182604462,18.5025687982,2.80390020425,3.00764604816,23.6937642564
0.991,-0.230975321256,0,-1.62171716763,-2.76609152628,15.5053728956,-0.0574295014012,-0.537395780948,17.0840342298,2.32615773058,2.76400928551,23.5555933361
0.9915,-0.322742312125,0,-1.86435920728,-3.1547234173,14.8004930175,0.141428003353,0.364357214738,15.5347427438,1.94544231561,2.56985390619,23.4454842246
0.992,-0.395318226183,0,-2.14122962514,-3.6281590476,14.1639664517,-0.0696052879448,0.248738234793,13.9158006611,1.64434527651,2.41630191554,23.3584020469
0.9925,-0.452771647451,0,-2.46267514259,-4.19939159603,13.6036227473,-0.580664741372,-0.596808974206,12.2999888924,1.40598720339,2.29474523493,23.289465002
0.993,-0.498791010025,0,-2.83975379363,-4.88385980858,13.1313595296,-1.3065964121,-1.93016769817,10.8510927635,1.21506582138,2.1973800853,23.2342474224
0.9935,-0.536586541772,0,-3.28452240758,-5.69909676171,12.7646197869,-2.17407647442,-3.48015008594,10.0818060903,1.05826279868,2.11741444914,23.1888974291
0.994,-0.568887546414,0,-3.81016223683,-6.663836495,12.5283471911,-3.14909516018,-5.17213855237,9.86765190768,0.924255022355,2.04907382089,23.1501401932
0.9945,-0.597993543706,0,-4.43083909997,-7.79617757959,12.4574469858,-4.21178383891,-6.95806391468,10.1183362794,0.803502432207,1.98749300744,23.1152165734
0.995,-0.625851948019,0,-5.1611209686,-9.11018495381,12.5996263257,-5.48190953002,-9.22172122675,10.5985251539,0.687925754167,1.92855178026,23.0817899118
0.9955,-0.654145365097,0,-6.01467226567,-10.6100588502,13.0181334411,-6.93175631256,-11.7685661687,11.46072308,0.570544330608,1.86869017781,23.0478412884
0.996,-0.684378775293,0,-7.0018179497,-12.2808247667,13.7932115224,-8.26832474436,-13.9669170488,12.8809285449,0.445114421667,1.80472404828,23.0115649117
0.9965,-0.717961513892,0,-8.12546493533,-14.0747124982,15.019875015,-9.44883136022,-15.7491250636,14.8331289588,0.305789091931,1.73367160023,22.9712697525
0.997,-0.756281612429,0,-9.37490572825,-15.8936534184,16.7979299616,-10.4737799386,-17.1173004422,17.3230928838,0.146809789264,1.6525961155,22.9252903435
0.9975,-0.800771103212,0,-10.7174658659,-17.5716631466,19.2087037143,-11.3396439436,-18.0605164463,20.3821674192,-0.0377645852998,1.55846778158,22.8719084221
0.998,-0.852960467377,0,-12.0891847436,-18.8670729819,22.2739487307,-12.0388599786,-18.5551298345,24.0664498465,-0.254283567201,1.44804849356,22.8092875988
0.9985,-0.914518423783,0,-13.3880240501,-19.4820118913,25.8999658312,-12.6627993962,-18.2121802993,27.8762686054,-0.509670201284,1.31780767098,22.7354256162
0.999,-0.987269316449,0,-14.4759135228,-19.1276569995,29.827437144,-13.2163782262,-16.9070958341,31.7992680884,-0.811493177374,1.16388547054,22.6481334856
0.9995,-1.07317375774,0,-15.1968078016,-17.6351608757,33.6283200757,-13.6878443231,-14.5372002883,35.9161277623,-1.1678865243,0.982133740141,22.5450587132
1,-1.17424801978,0,-15.4128500106,-15.0692072948,36.7905362427,-13.9109486322,-12.1202202775,38.3525586487,-1.58721518759,0.768286565896,22.4237820202
1.0005,-1.29238331954,0,-15.0485711739,-11.7642477979,38.88206556,-14.0518621993,-10.5354919599,38.5918830763,-2.07732529415,0.518342618506,22.2820341785
1.001,-1.42900867727,0,-14.1215807403,-8.22987534048,39.7100207218,-14.0406976191,-9.44162100432,37.8789906427,-2.64414544668,0.229278458257,22.1181005397
1.0015,-1.58452642287,0,-12.7407978488,-4.96732252654,39.3700538617,-13.8053231122,-8.53653046628,37.1611013217,-3.28934479879,-0.0997571416247,21.9314983571
1.002,-1.75745459148,0,-11.0723481148,-2.3115029547,38.1607708724,-13.2803209244,-7.64296214003,36.6183859059,-4.00677509532,-0.465628724135,21.7240058066
1.0025,-1.94327089199,0,-9.29252698693,-0.38052941533,36.4375819614,-12.3896132836,-6.52939570767,36.4611660597,-4.77767462344,-0.858768283025,21.5010490816
1.003,-2.13312289194,0,-7.55003069817,0.877118934025,34.4987906588,-11.0935385178,-5.10756436007,36.5233219984,-5.56531713257,-1.26044634522,21.2732500133
1.0035,-2.31288803477,0,-5.94790347549,1.5997546448,32.5412837758,-9.53656069434,-4.10683810461,34.9319863139,-6.3111121107,-1.64078320888,21.057553934
1.004,-2.46345678138,0,-4.54290919159,1.94413501012,30.6690724399,-7.70731529801,-3.16423048541,32.2830473362,-6.93577945902,-1.9593479982,20.876889942
1.0045,-2.56323175919,0,-3.35456639464,2.04768061414,28.9226560146,-5.69677095816,-2.08787894032,29.1886451509,-7.34971775775,-2.17044622078,20.7571722303
1.005,-2.5931329628,0,-2.37691073431,2.01547406705,27.30749968,-3.68899163466,-0.914661299462,26.1475981742,-7.47376943508,-2.23370948652,20.7212944607
1.0055,-2.54271514992,0,-1.58904110803,1.92097568329,25.8137251519,-1.87589536546,0.222143601222,23.5072589399,-7.26460012083,-2.12703834594,20.7817896401
1.006,-2.41441554669,0,-0.963027695303,1.81210176882,24.4271281681,-0.355212989474,1.33734583237,21.6024304909,-6.73232118018,-1.85558934344,20.9357333967
1.0065,-2.22330904687,0,-0.469157730355,1.71819881678,23.1342325758,0.898057644697,2.71360672005,20.9246377242,-5.93947410421,-1.45125708179,21.1650377107
1.007,-1.99238817528,0,-0.0790377206651,1.65610270168,21.9240075827,1.84069082678,4.0763670319,20.6053641162,-4.98144840648,-0.96268783707,21.4421143779
1.0075,-1.74605300691,0,0.232837383274,1.63482146583,20.7880306132,2.39983496577,4.95629102684,19.4058206749,-3.95947313019,-0.441505900049,21.7376863069
1.008,-1.50488376245,0,0.488524420745,1.65892996185,19.7200938266,2.65114028104,5.67476093762,17.8677601075,-2.95892981815,0.0687462689997,22.027059762
1.0085,-1.28314222171,0,0.706688123637,1.7309312709,18.7157308664,2.6649893995,6.59936446878,17.1728548902,-2.03898658038,0.537894407645,22.2931223603
1.009,-1.08868475739,0,0.902999592564,1.85285256855,17.7718517384,2.46862518047,8.07960187224,19.6136716879,-1.23223729588,0.949316449393,22.5264474198
1.0095,-0.924212823447,0,1.09069850711,2.02730465403,16.8865378487,2.05358894054,6.92849780136,20.8855443755,-0.549889536758,1.29729681161,22.723793528
1.01,-0.788900927258,0,1.28120972284,2.25818451474,16.0589988135,1.35555632504,4.40849531001,20.5791855236,0.0114814335715,1.58358202466,22.8861511744
1.0105,-0.679856263161,0,1.484752685,2.55115234093,15.2896845545,0.354313501581,1.3194233815,18.7280456538,0.463877051526,1.8142925222,23.0169913704
1.011,-0.593213219651,0,1.71091295944,2.91397124845,14.5805569001,-0.0205950644759,-0.238422866402,16.4756828366,0.823334651171,1.99760694516,23.1209523748
1.0115,-0.524859417653,0,1.96916299099,3.35675816897,13.9355433469,-0.0544639228265,-0.976643635881,14.1557841863,1.10691533575,2.14222603128,23.2029685369
1.012,-0.470865071387,0,2.26932658007,3.89215386342,13.3612172401,0.173851297423,-1.03101057385,12.2084926466,1.33092268033,2.25646419777,23.2677551169
1.0125,-0.427700168445,0,2.62197970516,4.53537219005,12.8677711605,0.606709047572,-0.49693505386,10.9933659674,1.51000171278,2.34779004407,23.3195476957
1.013,-0.392311944068,0,3.03876869833,5.30402383502,12.4703702472,1.19022405434,0.458013793864,10.3639719698,1.65681749481,2.42266243623,23.3620092159
1.0135,-0.362117116261,0,3.53260285699,6.21751407014,12.1909806004,1.88816985265,1.71461512143,10.2088349956,1.78208733628,2.48654693534,23.3982392986
1.014,-0.334946734927,0,4.11763745243,7.29567075642,12.0607436479,2.67875792562,3.19265375935,10.4451825842,1.89480960065,2.54403248264,23.4308404171
1.0145,-0.308968369465,0,4.80889768995,8.55605224126,12.1228659744,3.55201017739,4.84329168464,11.0138146612,2.00258652668,2.59899603057,23.4620112631
1.015,-0.282600768999,0,5.62129717596,10.0091176908,12.4357312982,4.50774401001,6.64309649772,11.8750545739,2.11197827918,2.65478309977,23.4936491432
1.0155,-0.254429516804,0,6.56767519649,11.6501795632,13.0753767704,5.48621025685,8.43904776923,13.0690763197,2.22885287503,2.71438623271,23.5274511838
1.016,-0.223127927892,0,7.65533955569,13.4470206893,14.1354241603,6.53554541338,10.3544170023,14.3229940554,2.3587143568,2.78061235401,23.5650092437
1.0165,-0.187384973722,0,8.88054226758,15.3227820911,15.7209029581,7.61710614983,11.9827665654,15.6684529549,2.50700181289,2.85623526328,23.6078963961
1.017,-0.145840996581,0,10.2205435592,17.1362019177,17.9304831466,8.50937986728,12.9969268741,17.2042065264,2.67935608044,2.94413164699,23.6577440632
1.0175,-0.0970322339564,0,11.6238155173,18.6667000464,20.8210480041,9.21931469552,13.5114571262,19.1219576854,2.88184989811,3.04739845057,23.71630858
1.018,-0.0393467816394,0,13.0009397832,19.620000825,24.3530520842,9.96600508798,14.0207062346,22.0876948468,3.12117060274,3.16944604928,23.7855240336
1.0185,0.0290020646092,0,14.2217976252,19.6758502101,28.3296537578,10.6383951731,14.1500061627,25.1142161343,3.40473072731,3.3140546503,23.8675342495
1.019,0.109973457358,0,15.1270081776,18.5898310366,32.3662711685,11.0992444564,13.2064759055,27.7917287373,3.74065824438,3.48536931721,23.9646899699
1.0195,0.205646951918,0,15.559202398,16.3235018483,35.9408375212,11.7599668884,12.7853825983,29.8994042693,4.13758064358,3.68778985483,24.0794864057
1.02,0.318086657814,0,15.4091231869,13.1263349704,38.543790319,12.273866848,12.3777399517,32.5679927762,4.60406133434,3.92568338869,24.2144002346
1.0205,0.4490695894,0,14.6569183001,9.48822056248,39.8659576155,12.214712961,11.0464814468,35.0671192057,5.14747264902,4.20280962467,24.3715636556
1.021,0.599607179303,0,13.3844619226,5.96471515362,39.9047976861,11.3665595925,7.77773162171,36.735630222,5.77201073691,4.5213084944,24.5521902633
1.0215,0.769180689579,0,11.7498524491,2.98250377389,38.9192748249,10.8182467843,5.36960110269,37.1138021601,6.47552350029,4.88008248164,24.7556576361
1.022,0.954642834406,0,9.93907653623,0.74100490731,37.2821052148,10.2708988301,3.89126831958,37.0488920735,7.24495373615,5.27247273807,24.9781894178
1.0225,1.14886192117,0,8.12030050669,-0.76578431129,35.3368906517,9.54330555931,2.86682030173,36.5311814551,8.05071405927,5.68339043415,25.2112284536
1.023,1.33946205092,0,6.4173970619,-1.66481081984,33.3258099361,8.55751717768,2.09626771703,35.4770982118,8.84146034835,6.08665134681,25.4399251857
1.0235,1.50843421186,0,4.90411661213,-2.12175587199,31.3847646642,7.26082844627,1.37336970223,33.8587935063,9.54247828261,6.44415303334,25.6426710132
1.024,1.63371938256,0,3.61142482244,-2.29028857286,29.571652521,5.66281582095,0.5509033338,31.7686100487,10.0622511911,6.70922427094,25.7929978213
1.0245,1.69353698693,0,2.53973110883,-2.29152430928,27.8990160437,3.86518036355,-0.397686729384,29.4358118962,10.3104175945,6.83578295567,25.8647715953
1.025,1.67276535591,0,1.67072251191,-2.21179684074,26.358332261,2.04909122668,-1.38375321482,27.1539429996,10.2242419441,6.79183552031,25.8398481908
1.0255,1.56865685055,0,0.976594150131,-2.1083165307,24.9342769096,0.408386119228,-2.29824517026,25.1511907356,9.79232505933,6.57156866664,25.7149307786
1.026,1.39254322257,0,0.42634386527,-2.01671907218,23.6115895376,-0.926915530836,-3.12166499253,23.496908304,9.06167918848,6.19895747038,25.5036160683
1.0265,1.16630599369,0,-0.0103984753452,-1.95791550215,22.3776135144,-1.91795306126,-3.9508006781,22.1102408814,8.12308460605,5.7202976105,25.2321591968
1.027,0.915686545255,0,-0.361344354371,-1.94348257914,21.2227366703,-2.58938589638,-4.93415952479,20.8524069684,7.0833350577,5.19005123743,24.9314466583
1.0275,0.663959845059,0,-0.650726002311,-1.97960680091,20.140028361,-3.42225141648,-7.03922613367,20.1851508827,6.03899183345,4.65746220405,24.6294055537
1.028,0.428270426492,0,-0.899224063722,-2.06984471847,19.1247142473,-3.19965791159,-6.43818076447,20.3538765543,5.06118277657,4.15880393891,24.3466072162
1.0285,0.21882567469,0,-1.12432139068,-2.21699629377,18.1737550024,-2.4174526332,-5.15462453848,19.4218142935,4.19225545487,3.71567264683,24.0952992534
1.029,0.0399113755657,0,-1.34086989357,-2.42434914338,17.2856126364,-1.77618129236,-3.68935541045,19.1398339481,3.44999038777,3.33713594987,23.8806240819
1.0295,-0.108415805883,0,-1.5617375106,-2.69649490632,16.4602165001,-1.21019525726,-2.18434657297,17.5353083773,2.83462266238,3.02331373662,23.7026496927
1.03,-0.228690464768,0,-1.79845760532,-3.03986266729,15.6991256065,-0.486049725121,-0.098788449779,15.9375789981,2.33563695701,2.7688434549,23.558334883
1.0305,-0.324760920496,0,-2.06183849437,-3.46306194543,15.0058937695,-0.21936272138,0.773779427601,14.1994703916,1.93706767766,2.56558304942,23.4430621426
1.031,-0.400918009791,0,-2.36251050051,-3.97707702297,14.3866636763,-0.375790417476,0.609107129274,12.362239354,1.62111335052,2.40445421191,23.3516829947
1.0315,-0.461365094233,0,-2.71139460186,-4.59529985468,13.8510377424,-0.844141590893,-0.299956557065,10.5124610481,1.37033541153,2.27656370904,23.2791539219
1.032,-0.509937566401,0,-3.12007133314,-5.33332202312,13.4132917885,-1.53244248813,-1.6642607616,9.00292501532,1.16882189646,2.17379683536,23.2208729246
1.0325,-0.549989274885,0,-3.60101002593,-6.20831564953,13.0940032639,-2.37166666122,-3.24733913102,8.1964004069,1.00265863153,2.0890577088,23.1728157965
1.033,-0.584382512968,0,-4.16758355519,-7.23770511178,12.9221401083,-3.32758021703,-4.97403507516,7.96761666883,0.859970767571,2.01629045205,23.1315481375
1.0335,-0.615536985216,0,-4.83373749613,-8.4366546746,12.9375613936,-4.47759788089,-7.07744884005,8.13031048112,0.730719631432,1.95037559182,23.0941665995
1.034,-0.645508262152,0,-5.61310014411,-9.81367773911,13.1936467414,-5.83944442428,-9.60982047765,8.61559576863,0.606377239598,1.88696406892,23.0582047505
1.0345,-0.676077323714,0,-6.51721255919,-11.3634709476,13.759285684,-7.18259754297,-11.9513721771,9.7145356039,0.479554807614,1.82228778732,23.0215256334
1.035,-0.708840438768,0,-7.55244808522,-13.0560785823,14.718578774,-8.36699168883,-13.8644478708,11.3792129948,0.343629865263,1.75296945215,22.9822139217
1.0355,-0.745293526459,0,-8.71515216314,-14.8221340539,16.1652556886,-9.39619148647,-15.3604032706,13.5929201576,0.192396265077,1.67584408276,22.9384746963
1.036,-0.786907870786,0,-9.98473630526,-16.535981824,18.18729551,-10.2692878634,-16.4360206412,16.3677476196,0.0197500638761,1.58779882017,22.8885425973
1.0365,-0.835194983744,0,-11.3152052013,-18.0028565438,20.8368123623,-10.9811445923,-17.0747026111,19.7421318318,-0.180579576156,1.48563569328,22.8306039959
1.037,-0.891757662897,0,-12.6272232045,-18.9628396576,24.0838550624,-11.5823499545,-17.0421636515,23.4425397021,-0.415242210963,1.36596359416,22.7627357321
1.0375,-0.958321719255,0,-13.8052883844,-19.1291588213,27.7641500738,-12.1171965677,-16.0966575875,27.2320981544,-0.691397744651,1.22513115007,22.6828670448
1.038,-1.03673801825,0,-14.7065799888,-18.2716681699,31.5495890884,-12.5754206607,-14.1507561336,31.1816410379,-1.01672489693,1.05922240518,22.5887771229
1.0385,-1.12893668958,0,-15.1864900902,-16.3277304499,34.9826372763,-12.7959717303,-11.4045427693,34.4576157794,-1.39923123264,0.864153700887,22.4781500479
1.039,-1.23680395001,0,-15.1377991077,-13.4814500841,37.5950914393,-12.9487461821,-9.48538832899,35.6227971198,-1.84674213416,0.635934287066,22.3487225916
1.0395,-1.36193713362,0,-14.5284174315,-10.1414466127,39.0695533609,-12.9928921713,-8.27124962506,34.9344077936,-2.36588449107,0.371184615094,22.1985781494
1.04,-1.50521833958,0,-13.4171227402,-6.80557324834,39.3481973992,-12.8445242571,-7.29874367206,34.1902200522,-2.96031788449,0.0680383897403,22.0266583106
1.0405,-1.66614176066,0,-11.9369088455,-3.88954144766,38.618744227,-12.4497553945,-6.4239383117,33.5573847679,-3.62794386255,-0.272434230804,21.8335699818
1.041,-1.84185785848,0,-10.2551937541,-1.62094535802,37.2000633259,-11.745316507,-5.45885275459,33.2389469283,-4.35694049265,-0.64420435536,21.6227322588
1.0415,-2.02600067731,0,-8.5318044984,-0.0366014497491,35.4126641787,-10.6645068266,-4.17287461242,33.4630071665,-5.12089721634,-1.03380325691,21.4017835062
1.042,-2.20758981044,0,-6.89122162637,0.95339782424,33.5001795569,-9.28547788057,-3.00394412607,33.0269820083,-5.87425941682,-1.41799921549,21.1838988627
1.0425,-2.37063927641,0,-5.41315715117,1.49138805039,31.6116209929,-7.67434595724,-2.13802914366,31.326132326,-6.55070575673,-1.7629700009,20.9882595413
1.043,-2.49538204727,0,-4.13646568281,1.72015170995,29.8197265489,-5.86533890505,-1.30567268249,28.9312478615,-7.06822840101,-2.02689365977,20.8385835463
1.0435,-2.56180374199,0,-3.06916659889,1.7579567321,28.1489518145,-3.98237335237,-0.419898004049,26.3324960621,-7.34379331635,-2.16742490322,20.7588856755
1.044,-2.55506469324,0,-2.19926849479,1.69228680046,26.5987826228,-2.19699390091,0.456314053302,23.8695385781,-7.31583489994,-2.1531668072,20.7669717058
1.0445,-2.47072355611,0,-1.50377663195,1.58286790733,25.1586514747,-0.639771228025,1.29194987445,21.8170576466,-6.96592726196,-1.97472262683,20.8681707053
1.045,-2.31691542303,0,-0.955160305342,1.46781659237,23.8158119121,0.661728144418,2.26262615107,20.5705149477,-6.327820611,-1.64930412787,21.052721563
1.0455,-2.11204722967,0,-0.525497906132,1.36986817349,22.5587174465,1.76814741681,3.74418760374,20.7154965003,-5.4778801421,-1.21585565783,21.298538218
1.046,-1.87929037356,0,-0.188831780062,1.3015574631,21.3780131758,2.48949290626,4.69885672415,19.8514868078,-4.51223746138,-0.723401941501,21.577817841
1.0465,-1.64076562754,0,0.0777244557666,1.26914073175,20.266476016,2.88537764111,5.38199537153,18.379281703,-3.52266542901,-0.218744851821,21.864018223
1.047,-1.41370165371,0,0.293682473519,1.27540241824,19.2186169191,3.01234219483,6.03628055497,16.7756593931,-2.5806409145,0.26166418799,22.1364670868
1.0475,-1.20913094958,0,0.475353868081,1.32158667613,18.2302690713,2.95323743719,7.19590284725,17.2451899617,-1.73193464467,0.694483247251,22.3819267913
1.048,-1.03243116617,0,0.636280037911,1.40868912602,17.2982793985,2.65124710548,7.75011264315,19.3394221869,-0.998856979915,1.06833459783,22.5939448161
1.0485,-0.884712221035,0,0.787774263871,1.53830682659,16.4203276034,2.18206666888,6.06446221256,20.3895088024,-0.386012655794,1.38086993929,22.7711893965
1.049,-0.764314450394,0,0.939490701727,1.7132012438,15.5948649483,1.39892150548,3.4625239196,19.7555124513,0.113483805591,1.63560069386,22.9156519251
1.0495,-0.66805528005,0,1.09997470864,1.93768915763,14.8211621297,0.35409187107,0.412135824799,17.8442860417,0.512836008767,1.83926037099,23.0311510999
1.05,-0.592124337852,0,1.27717473927,2.2179423341,14.0994651314,-0.0183134079016,-0.996161276496,15.7218788417,0.827852115259,1.99991073933,23.1222588991
1.0505,-0.532657148823,0,1.47891149896,2.56224774553,13.4312725988,-0.0961460423387,-1.67360219247,13.5907096049,1.074564744,2.12572803523,23.1936122178
1.051,-0.486061058042,0,1.71330772376,2.98125373134,12.8197657152,0.0440336482934,-1.79374828087,11.6295012566,1.267878809,2.22431339359,23.2495218004
1.0515,-0.449168488219,0,1.98918340862,3.48819971337,12.2704417689,0.357460846109,-1.39719416275,10.3471926082,1.42093569684,2.30236859427,23.2937883503
1.052,-0.419278937055,0,2.31641686445,4.09909176092,11.7920259092,0.796282921845,-0.63525342087,9.60746627481,1.54493903145,2.36560720642,23.3296521384
1.0525,-0.394134807195,0,2.70626054254,4.83273416629,11.3977608979,1.32809650981,0.383905051396,9.3059456111,1.64925494879,2.41880572612,23.3598220042
1.053,-0.371861908802,0,3.1715791305,5.71044446675,11.107196503,1.93300287647,1.586665215,9.36431867864,1.74165893495,2.46592945759,23.3865467451
1.0535,-0.350894433434,0,3.72694053327,6.7551466363,10.9486030708,2.60122659918,2.92699621499,9.72554452334,1.82864708842,2.51029124929,23.4117051388
1.054,-0.32989620295,0,4.38842955957,7.98933084663,10.9620816138,3.33129564602,4.38101301974,10.3500743809,1.91576283622,2.55471811091,23.4369004348
1.0545,-0.307684501873,0,5.17295851286,9.43107043939,11.2032601423,4.12874758327,5.94291673696,11.2129887421,2.00791293194,2.60171236459,23.4635517464
1.055,-0.283159228688,0,6.09670911738,11.086918663,11.7470125155,5.00531336609,7.62215131799,12.3019448048,2.10966138712,2.65360154253,23.4929790602
1.0555,-0.255237962959,0,7.17216217471,12.9402135092,12.6896877923,5.91289416012,9.29438587967,13.6792762011,2.22549885949,2.71267576832,23.5264811477
1.056,-0.222796481848,0,8.40301027365,14.9335382892,14.1466374586,6.90288591626,11.0959373688,15.088994282,2.36008943314,2.7813136087,23.5654069382
1.0565,-0.184614058786,0,9.77627714311,16.9458056074,16.2393657174,7.93805803981,12.6073629492,16.574195721,2.51849755901,2.86209780749,23.6112211535
1.057,-0.139323491563,0,11.2515668502,18.7692676555,19.0644424117,8.73279016979,13.390881399,18.2600040139,2.70639537424,2.95792101337,23.6655642682
1.0575,-0.0853673908205,0,12.749139066,20.1009584835,22.6379059514,9.43205630955,13.8279115333,20.4866814105,2.93024404891,3.07207826215,23.7303049583
1.058,-0.0209652265162,0,14.1418782776,20.5738805934,26.8208276794,10.1315382619,14.1864609666,23.5811919719,3.19743050099,3.20833669802,23.8075796408
1.0585,0.0558992642532,0,15.2601880263,19.8529137577,31.2586557458,10.7559755285,14.0227180528,26.5324866861,3.51631963774,3.37096221532,23.8998075836
1.059,0.14745229063,0,15.9192934086,17.7877624982,35.3959340545,11.2379885811,12.9956604007,29.1286010075,3.89614737426,3.56466490075,24.0096599639
1.0595,0.256034590711,0,15.9693551221,14.5488136195,38.6163576641,11.993805408,12.7716574644,31.0796233598,4.34662477405,3.7943971548,24.1399453799
1.06,0.383885787176,0,15.3503479863,10.6311020422,40.4712591631,12.2165666386,11.8149496314,33.9208241708,4.87704340123,4.06489744376,24.2933511036
1.0605,0.532733278533,0,14.1206870321,6.6809897099,40.856398982,11.7032305728,9.41832037716,36.2758458518,5.49456974597,4.37982049912,24.4719498008
1.061,0.703088135511,0,12.4397479917,3.24787807648,40.0105793718,10.9342664877,6.3153066553,37.2555149089,6.20132409688,4.74024761527,24.6763546936
1.0615,0.893154384418,0,10.5147675073,0.624473517177,38.3549435788,10.4094438862,4.57517132125,37.4739460523,6.98985546464,5.14237897322,24.9044108343
1.062,1.09734104828,0,8.54314792475,-1.15663057035,36.3055579169,9.71916201543,3.36487442334,37.2398659495,7.83696845951,5.57438550194,25.1494097377
1.0625,1.30461171057,0,6.67528188945,-2.22738387215,34.1648835096,8.77150703008,2.47690725227,36.4461296781,8.69687609575,6.01291697908,25.3981090602
1.063,1.49737301832,0,5.00348360745,-2.77883314337,32.1043198335,7.48848366674,1.67349374789,35.0201516585,9.49658850407,6.42075038924,25.6293989403
1.0635,1.65215206658,0,3.56886714296,-2.99283148939,30.1961844758,5.84678703645,0.755203380277,33.0078970563,10.1387232088,6.74822309529,25.8151147768
1.064,1.74337518602,0,2.37546805418,-3.01347812455,28.4549145895,3.9241908016,-0.349291944799,30.626650824,10.5171822543,6.94122778237,25.9245713094
1.0645,1.75030395005,0,1.40441940525,-2.94326785603,26.8684493757,1.90882318065,-1.54967551383,28.2145343289,10.545927746,6.95588726719,25.9328849747
1.065,1.66463060646,0,0.625093252942,-2.84985994872,25.416669819,0.0356783702027,-2.68237619201,26.0803087699,10.1904931584,6.77462448016,25.8300874911
1.0655,1.4944400556,0,0.00268185309331,-2.77533847217,24.0801640975,-1.51552438129,-3.66430187012,24.360216449,9.48442046727,6.41454499354,25.6258797455
1.066,1.26179060839,0,-0.497214214967,-2.74454149384,22.8433730755,-2.6767768583,-4.5685158426,22.990111651,8.51922339589,5.92231852687,25.346729
1.0665,0.995364738791,0,-0.90616798734,-2.77152015315,21.6950564546,-3.46999427753,-5.56651269557,21.8007484657,7.41389745524,5.358629827,25.0270506985
1.067,0.722483810356,0,-1.25194385088,-2.86419367233,20.6277753643,-4.19622288238,-7.35812554155,20.9314115262,6.28179129241,4.78128388083,24.6996271198
1.0675,0.463962834802,0,-1.55839576995,-3.02755799251,19.6372193033,-4.1763616099,-7.18034223889,21.1919346713,5.20926053211,4.23431990613,24.3894337197
1.068,0.232578509252,0,-1.84585987934,-3.26582129847,18.721715582,-3.3744489502,-5.81429313291,20.2518412633,4.24931209438,3.7447701119,24.1118009648
1.0685,0.0340212032472,0,-2.13178708806,-3.58377108688,17.8820255488,-2.75402655438,-4.35080189136,19.9579804989,3.42555372076,3.32467385833,23.873556599
1.069,-0.131150543991,0,-2.43145478019,-3.98759289349,17.1214421824,-2.14964663861,-2.71606319159,18.2353854791,2.74030263324,2.97521287094,23.6753708009
1.0695,-0.265548000389,0,-2.75865797495,-4.48527816906,16.4461840808,-1.59904731906,-1.02761864841,16.5475853488,2.18272541621,2.69086237759,23.5141103699
1.07,-0.373410209648,0,-3.12631573997,-5.0866780626,15.8660885629,-1.61583517927,-0.723291247159,14.5033654356,1.73523547055,2.46265365073,23.3846889743
1.0705,-0.45955471854,0,-3.54694274886,-5.80317496089,15.395616787,-2.09476253768,-1.51614701174,12.3039196504,1.37784615071,2.28039399896,23.2813261503
1.071,-0.528742560038,0,-4.03293100238,-6.64684647669,15.055178134,-2.89656799872,-2.94928825876,10.6501271055,1.090805271,2.13401029951,23.1983092433
1.0715,-0.585343582913,0,-4.59656340517,-7.628880194,14.8727377138,-3.92493144909,-4.7279034021,9.8764548097,0.855983558887,2.01425707493,23.1303949717
1.072,-0.633200501919,0,-5.24963883536,-8.7568625969,14.8855554736,-5.30755784309,-7.3062499408,9.58574901423,0.657438672472,1.91300412793,23.0729725502
1.0725,-0.675614811929,0,-6.00252930136,-10.0304359909,15.1416646036,-6.76521483416,-9.87322118568,10.1518849559,0.481473638824,1.82326634345,23.0220805907
1.073,-0.71540112454,0,-6.8624239044,-11.4347704716,15.7002607478,-8.02949195518,-11.9485789979,11.4756499366,0.316411426666,1.73908872638,22.974341905
1.0735,-0.754974723257,0,-7.83047288195,-12.931516001,16.6294878033,-9.11769719917,-13.5830889526,13.4478953437,0.15223170458,1.65536115727,22.9268584499
1.074,-0.796450066054,0,-8.89760075312,-14.4477219089,17.9992378129,-10.0395603115,-14.8019114018,16.0117197138,-0.0198378183964,1.56760998621,22.8770931356
1.0745,-0.84173644501,0,-10.0390456511,-15.8651069836,19.8659515543,-10.7985083704,-15.6097884241,19.1522520211,-0.207718257687,1.47179564163,22.8227550463
1.075,-0.892621916605,0,-11.2083884196,-17.0153062,22.2471202876,-11.454275425,-15.783735294,22.5418409035,-0.418827756331,1.36413505533,22.7616987339
1.0755,-0.950838567386,0,-12.3330758766,-17.6904564117,25.087120497,-12.0402511293,-15.1586666614,26.0037327554,-0.660352253868,1.24096357713,22.6918459074
1.076,-1.01810150543,0,-13.3149401594,-17.6793255871,28.2246194303,-12.5496804252,-13.6759286808,29.5883696386,-0.939407250961,1.09865247891,22.611138648
1.0765,-1.09611073943,0,-14.0398610371,-16.8311911066,31.3826118216,-12.9112893665,-11.2343182241,33.1596457867,-1.26304560514,0.933604978996,22.517537154
1.077,-1.18649928664,0,-14.3986414542,-15.1295768039,34.2050085256,-13.1099181412,-9.21114720821,34.9317642916,-1.63804224539,0.742366032344,22.4090820055
1.0775,-1.29070267922,0,-14.3153409686,-12.7358559468,36.3450795536,-13.225936708,-7.90688058881,34.8034305093,-2.07035279051,0.521898421704,22.2840507404
1.078,-1.40971592078,0,-13.7722964903,-9.96380453763,37.5729981791,-13.2050381953,-7.0438353923,33.7727479569,-2.56410523043,0.270096975018,22.1412494765
1.0785,-1.5436982093,0,-12.819107246,-7.18509078707,37.8437358118,-12.9896220715,-6.34770997185,32.7610621401,-3.1199600328,-0.0133751297597,21.9804871959
1.079,-1.69139345782,0,-11.5600343034,-4.71514443947,37.2865131584,-12.5350063769,-5.68954972876,31.9081739685,-3.73270604636,-0.325860335285,21.8032710485
1.0795,-1.84937451374,0,-10.1261067618,-2.74004583954,36.1305874403,-11.792353681,-4.91125226708,31.3747362262,-4.38812497958,-0.660107666997,21.6137131963
1.08,-2.01121675915,0,-8.64516082983,-1.30871448641,34.6180377017,-10.7160853333,-3.83430309327,31.3275382974,-5.0595629012,-1.00252428381,21.4195223912
1.0805,-2.16687851063,0,-7.22071245571,-0.37122057544,32.9454020924,-9.35935326941,-2.70588018853,31.0413612224,-5.70535969314,-1.33186456313,21.2327474193
1.081,-2.3027728989,0,-5.92320307644,0.170896610803,31.2443412506,-7.82864433928,-1.8919530055,29.6183736944,-6.26914725914,-1.61938217978,21.0696908539
1.0815,-2.40310517593,0,-4.79113620193,0.42527607579,29.5889426809,-6.1604086114,-1.1800310297,27.5385424543,-6.6853976355,-1.83165950436,20.9493044517
1.082,-2.45276198304,0,-3.83752005183,0.486657625832,28.0130770776,-4.44898539841,-0.472018337194,25.2366021745,-6.89140975103,-1.93672055223,20.8897223857
1.0825,-2.44123282497,0,-3.05776330787,0.428641451173,26.5270586218,-2.81440181668,0.249588346477,23.0688663871,-6.84357851936,-1.91232781539,20.9035559585
1.083,-2.36607305138,0,-2.43679578532,0.303510922722,25.1295633992,-1.3470124529,1.03241313681,21.3642593571,-6.53176177436,-1.75330904172,20.9937384501
1.0835,-2.2341474161,0,-1.95454637295,0.145586235821,23.8147206227,-0.0706080781129,2.04876763666,20.5161513816,-5.9844394474,-1.47418828688,21.1520329996
1.084,-2.05988611509,0,-1.58970929705,-0.0245307650455,22.5757112831,0.998149340901,3.31537471156,20.4399490248,-5.26147835977,-1.10549613866,21.3611251452
1.0845,-1.86142415908,0,-1.32207908726,-0.196052537998,21.4062777408,1.72247884434,4.11898175508,19.4900308557,-4.43811556643,-0.685601621195,21.5992551027
1.085,-1.65645464851,0,-1.13382413574,-0.364873556553,20.3011630903,2.15462500653,4.69759665619,18.0620589433,-3.58775476092,-0.251938789945,21.8451933259
1.0855,-1.45930465148,0,-1.01003931342,-0.531258628482,19.2560922305,2.33962194533,5.23691005088,16.5096597248,-2.76983491611,0.165179959338,22.0817490938
1.086,-1.27972357651,0,-0.938848624703,-0.698248506091,18.2676128237,2.33100036911,6.0231518649,15.9074945516,-2.0248035837,0.545127382702,22.2972243144
1.0865,-1.12304048079,0,-0.911256043925,-0.870637563235,17.3329388414,2.18967487527,7.41697444603,17.8762593436,-1.37476952201,0.876628564054,22.4852247739
1.087,-0.99105575985,0,-0.920880519633,-1.05438375488,16.4498489885,1.80792176857,7.17243211184,19.7001900442,-0.827202065255,1.15587432898,22.6435902189
1.0875,-0.883133954787,0,-0.96366315123,-1.25633388234,15.6166531751,1.29958322039,5.38673172637,20.7939320314,-0.379464873375,1.38420914524,22.7730831221
1.088,-0.797189284943,0,-1.03759987485,-1.48417373595,14.8322284608,0.572188014534,2.99304095456,20.7496302781,-0.0229046294944,1.56604598893,22.8762061638
1.0885,-0.73044381916,0,-1.14252926512,-1.74653690828,14.0961275272,-0.341031379041,0.361817304477,19.8199166222,0.254003520835,1.70726224877,22.9562925201
1.089,-0.679948743497,0,-1.27998957533,-2.05322523998,13.4087707511,-1.37820402304,-2.34849481163,18.3843996349,0.463493376644,1.81409685756,23.0168804054
1.0895,-0.642907530896,0,-1.45314934681,-2.41550653707,12.7717446568,-2.30346851989,-4.69978908449,16.6858844875,0.617166941538,1.89246654818,23.0613253084
1.09,-0.616852207442,0,-1.66680948691,-2.84646000804,12.1882445424,-2.96052968527,-6.21538101285,15.2654590599,0.725263144617,1.94759291944,23.0925884945
1.0905,-0.599719836907,0,-1.92746941675,-3.36133451352,11.6637180331,-3.42181371782,-7.09404057811,14.1493485279,0.796340527626,1.98384061449,23.1131452337
1.091,-0.589866728628,0,-2.24344331028,-3.97786486996,11.2067898454,-3.78151302922,-7.62888596422,13.26331683,0.837218300471,2.00468726051,23.1249677527
1.0915,-0.586047792598,0,-2.6250015269,-4.71644932806,10.8305753401,-4.12871004012,-8.02940830754,12.6046363331,0.853061991122,2.01276714813,23.1295500066
1.092,-0.587379862887,0,-3.08449270837,-5.60001397833,10.5545165193,-4.49028470734,-8.36438791295,12.1755429724,0.847535606438,2.00994882959,23.127951686
1.0925,-0.59330116958,0,-3.63636711161,-6.65325741555,10.4068841897,-4.88953059667,-8.69001453887,11.977217111,0.822969771669,1.99742086571,23.1208468457
1.093,-0.603534341317,0,-4.29696199517,-7.90075548321,10.4280483052,-5.42371954702,-9.21916514938,12.0005096662,0.780515222518,1.97577010304,23.1085682972
1.0935,-0.618057036105,0,-5.08381269761,-9.36308794333,10.6744482498,-6.10391112113,-10.0463923739,12.1647260727,0.720264649623,1.94504381149,23.0911428482
1.094,-0.637082155051,0,-6.01410639396,-11.0497380296,11.2227483857,-6.95975929068,-11.2472724105,12.4588919903,0.641334786218,1.90479154703,23.0683150435
1.0945,-0.66104823838,0,-7.1017010646,-12.9471450221,12.1726962141,-7.97760568146,-12.6111299051,13.2206792849,0.541906252346,1.85408547118,23.0395586888
1.095,-0.690619753045,-1,-8.35194048054,-15.0003998401,13.6454048474,-8.89032741654,-13.6690123901,14.4649203097,0.419222361656,1.79151974256,23.0040765053
1.0955,-0.726696247867,-1,-9.75347985495,-17.0887069508,15.771066278,-9.68790079922,-14.4026990632,16.2328553208,0.269551139283,1.71519114694,22.9607891451
1.096,-0.770428441538,-1,-11.2669002161,-18.9997018757,18.6574368681,-10.3579760434,-14.7843783773,18.5821463076,0.0881185772763,1.62266505918,22.9083158871
1.0965,-0.823237797523,-1,-12.8117070735,-20.4176622309,22.331474446,-10.8853111439,-14.7751990553,21.5904331817,-0.130972576176,1.51093402773,22.8449511499
1.097,-0.886833422823,-1,-14.2569407509,-20.9531557305,26.6586300218,-11.2999856875,-14.156765142,25.0844625198,-0.394812924948,1.37638202121,22.768644215
1.0975,-0.963215297333,-1,-15.4251514849,-20.243161801,31.2736666154,-11.6678068313,-12.5590040724,28.6950248076,-0.711699822675,1.21477759593,22.6769953525
1.098,-1.05464457037,-1,-16.1205054075,-18.1166861915,35.5908004043,-11.9726475135,-9.85564361063,32.5207034998,-1.09101414144,1.02133674077,22.5672914609
1.0985,-1.16354821087,-1,-16.1823230176,-14.7465799077,38.9517863306,-12.0922782101,-7.01945736099,34.904233329,-1.54282469218,0.79092461294,22.4366204759
1.099,-1.29230500038,-1,-15.5448782464,-10.6587094004,40.8753154865,-12.1446199291,-5.13904942974,34.9033355059,-2.07700036998,0.518508321739,22.2821281519
1.0995,-1.44283294508,-1,-14.2691438777,-6.54403394817,41.2524049904,-12.0507744658,-3.81462500572,34.0622950831,-2.70149844263,0.200029858786,22.1015131172
1.1,-1.61587164666,1,-12.5240545756,-2.98646675433,40.3445872051,-11.7381823254,-2.75309192725,33.3221991999,-3.41938730939,-0.166075583119,21.8938879407
1.1005,-1.80985093613,1,-10.5288083607,-0.289963587349,38.6059943102,-11.1398735841,-1.76206691737,32.9792217481,-4.22415278101,-0.576485929709,21.6611366322
1.101,-2.01931505229,1,-8.49067391806,1.52098756368,36.4787877927,-10.1798726906,-0.585820273415,33.4060620729,-5.09316043998,-1.01965819179,21.4098054346
1.1015,-2.23312319928,1,-6.56575017497,2.59422385807,34.2783425504,-8.9529612474,0.215417135143,33.2105954571,-5.98019026008,-1.47202130719,21.1532619339
1.102,-2.43314997483,1,-4.8481611045,3.13551371838,32.1784344261,-7.50951055026,0.500864911411,31.8765843066,-6.81004504924,-1.89522658083,20.9132543853
1.1025,-2.59483554161,1,-3.37824747091,3.33683842251,30.2484178413,-5.86403577258,0.641040428167,30.0770986104,-7.48083295534,-2.23731170592,20.7192515753
1.103,-2.69107562042,1,-2.15800622416,3.34801253275,28.49834162,-4.14189926331,0.78629409151,28.2312862865,-7.88010595308,-2.44093099026,20.6037753081
1.1035,-2.69963145288,1,-1.16617064888,3.27422602168,26.9122670229,-2.53746751705,0.865854499993,26.39187824,-7.91560169371,-2.4590329339,20.5935093606
1.104,-2.61140625847,1,-0.369835018698,3.18414048775,25.4672998962,-1.19303701172,0.834979069712,24.4984580847,-7.54958019531,-2.27237108605,20.6993687515
1.1045,-2.4348389419,1,0.267770642192,3.12005234884,24.1423231916,-0.110837981232,0.945044688315,22.8428189522,-6.81705209824,-1.8988000013,20.9112278324
1.105,-2.19331081286,1,0.7826597981,3.10674014999,22.9209217658,0.814271335197,1.73071721776,22.2379492077,-5.81501987505,-1.38778852464,21.2010319049
1.1055,-1.91715985331,1,1.20771266893,3.15818581774,21.7916348348,1.47091538331,2.56109249533,21.2183911291,-4.66934727356,-0.803524032648,21.5323791192
1.106,-1.6350729721,1,1.57176002802,3.28234216664,20.74729334,1.81217729592,3.19546477642,19.3367915889,-3.49904820391,-0.206700655248,21.8708487099
1.1065,-1.36865495575,1,1.89954727034,3.48436924134,19.784275705,1.88648306249,3.90635582302,17.3220194859,-2.39375484417,0.356971429167,22.1905175884
1.107,-1.1309329812,1,2.21218070753,3.76874485645,18.9020088788,1.79316663421,5.4653623692,18.6534577928,-1.40751328465,0.859930060641,22.4757547433
1.1075,-0.927490389838,1,2.52779558728,4.14056393218,18.1028062547,1.42957738315,4.53790619217,19.6402432998,-0.56348723716,1.29036232308,22.7198608511
1.108,-0.758603568427,1,2.86228016365,4.60624104844,17.3920465082,0.694590353751,1.92526400126,18.5798261086,0.1371766474,1.64768345308,22.9225042817
1.1085,-0.621329108876,1,3.22995000704,5.17373486263,16.778677903,0.0358822780472,-0.53634508051,15.8205194914,0.706689740706,1.93812094605,23.087216763
1.109,-0.511112712146,1,3.64409865091,5.85231908806,16.2760345437,0.131540820004,-1.26474324601,12.874337331,1.16394654754,2.17131052884,23.2194628941
1.1095,-0.422865249878,1,4.11735941866,6.65182595048,15.9029454709,0.677770355647,-0.834883592361,10.8940581446,1.53006042901,2.35801948975,23.3253490038
1.11,-0.351602298268,1,4.66180161625,7.58117899691,15.6850798119,1.56807314825,0.494252587266,9.91775536759,1.82571035648,2.50879358914,23.4108557879
1.1105,-0.292773088489,1,5.28865406065,8.64591488357,15.6563709477,2.71730703025,2.47462866592,9.73894738653,2.06977618887,2.63326108482,23.4814436099
1.111,-0.242387313148,1,6.0075036496,9.84429053262,15.860157067,3.98922233756,4.76424458902,10.2054386353,2.27881258841,2.73986444221,23.5419003482
1.1115,-0.19702009941,1,6.82476693993,11.1615493475,16.3493124166,5.32872037384,6.99365947435,10.9656701125,2.46702838846,2.83584981243,23.5963354294
1.112,-0.153750239769,1,7.74120622389,12.5621261922,17.1840896269,6.54386808545,8.76074196225,12.0919169026,2.64654285671,2.92739772015,23.6482539434
1.1125,-0.110067735205,1,8.74831856555,13.980270425,18.4257176771,7.46522479367,9.83086585004,13.6179296883,2.8277692726,3.01981867852,23.7006675805
1.113,-0.0637735806155,1,9.82367346318,15.3111083814,20.1233480593,8.41270803638,10.9039546521,16.0678071746,3.01983068933,3.11776521747,23.7562148768
1.1135,-0.0128864373196,1,10.9258534187,16.4067277555,22.292572368,9.29457047576,11.8012288614,19.0091001554,3.23094712339,3.22542934065,23.817273195
1.114,0.0444335788988,1,11.99064294,17.0847636174,24.8868503736,10.0896538121,12.2951360171,21.9682640486,3.46875173651,3.34670377045,23.8860501702
1.1145,0.109934976248,1,12.9312977035,17.157658384,27.7698579799,10.6623962834,11.8180880681,24.5951950761,3.74049859708,3.48528790106,23.9646437973
1.115,0.185288200405,1,13.6462729314,16.4848416062,30.705228972,11.3591667167,11.6765202074,26.7270906186,4.05311791404,3.64471596644,24.0550584058
1.1155,0.272047369635,1,14.0362873556,15.0348820858,33.3830688069,12.1226052235,11.9014004581,28.6346416283,4.4130572866,3.8282760816,24.1591587468
1.116,0.371539353268,1,14.0281703196,12.9269040269,35.4897099622,12.4514870659,11.5075854293,31.1831447871,4.82582152216,4.03877556119,24.2785369002
1.1165,0.484652231337,1,13.5972530952,10.4185188501,36.7983012145,12.2414400721,10.1845465854,33.3444881559,5.29509501478,4.27809335445,24.414258453
1.117,0.611491508485,1,12.7777309212,7.8344670319,37.2344301059,11.3738303479,7.20279354425,34.6656286241,5.82131547354,4.54645268207,24.5664499978
1.1175,0.750880340521,1,11.6551069489,5.47009933969,36.8804945088,10.8152641005,5.151099409,34.9660093687,6.39960050314,4.84136364408,24.7336994662
1.118,0.899714246139,1,10.3441689979,3.51975051998,35.9222983393,10.3534297381,4.06697834287,34.8209230164,7.01707048448,5.15625795551,24.9122818622
1.1185,1.0522608592,1,8.96274703612,2.05738726956,34.5750259837,9.77125079433,3.40547362528,34.3447379783,7.64994344395,5.47900740215,25.0953190509
1.119,1.19963246969,1,7.61115733823,1.06102054967,33.0262650349,9.02257795118,3.026376655,33.49427576,8.26134677439,5.79080787272,25.2721468724
1.1195,1.32982327703,1,6.36182225869,0.454325219356,31.4108449412,8.07835562128,2.78453966818,32.2595392289,8.80147178854,6.06625817729,25.4283598416
1.12,1.42877903184,1,5.25810523845,0.143523607626,29.8112626449,6.94276659148,2.55852535188,30.693478029,9.21201136167,6.27562313445,25.5470945863
1.1205,1.4827587646,1,4.31881616308,0.0407272652878,28.270348083,5.66581616065,2.27931048528,28.9193916935,9.43595807892,6.38983038251,25.6118636318
1.121,1.48163533068,1,3.54488818899,0.0745867402976,26.8057821173,4.34039264073,1.93693207751,27.0990265726,9.43129726781,6.38745348493,25.6105156492
1.1215,1.42199446826,1,2.9259251445,0.192619409407,25.4215567117,3.07811550934,1.5526666087,25.3721088662,9.18386411705,6.26126874075,25.5389539438
1.122,1.30856895063,1,2.44553847865,0.35933594935,24.1153816901,1.97505086253,1.13391913125,23.8052296296,8.7132935709,6.0212894825,25.4028572619
1.1225,1.15319279462,1,2.0852069409,0.552868032737,22.8828047281,1.08847030239,0.647425962101,22.3835829236,8.06868163418,5.69255344984,25.2164249695
1.123,0.97175314554,1,1.82680411951,0.761518643843,21.7191941663,0.435842635166,0.0290032916018,21.0459733552,7.31593960092,5.30867376109,24.9987196884
1.1235,0.780558195545,1,1.65408663788,0.980836295754,20.6205341275,-0.0484851991205,-1.02391790914,19.7439086371,6.52272557005,4.90415436158,24.769309245
1.124,0.593492163696,1,1.55344632796,1.21137932226,19.5836558648,-0.654439394977,-2.36676927021,19.4900040302,5.74664125838,4.50837069222,24.5448529961
1.1245,0.420578626292,1,1.51418368627,1.4571381049,18.6062600606,-0.29524264155,-1.50050179346,19.5651578463,5.02927166259,4.14253006557,24.3373780012
1.125,0.26781927663,1,1.52849927583,1.72450936688,17.6869100449,0.63494401959,0.0655497975049,18.6675527495,4.39551611883,3.81933052292,24.1540855548
1.1255,0.137817486618,1,1.59134292913,2.0217016209,16.8250798337,1.2175936108,0.633851128004,18.180915234,3.85617528437,3.54428013047,23.9980993832
1.126,0.030702409256,1,1.70021398763,2.35845991518,16.0212970971,1.94348231228,2.22292298079,18.0365501274,3.41178497865,3.31765214279,23.8695744541
1.1265,-0.0549648319009,1,1.85497008374,2.74601361179,15.2774080691,2.68905805027,3.9309996587,17.6456301155,3.0563757083,3.13640226693,23.7667842927
1.127,-0.121452485271,1,2.05767538026,3.19716361261,14.5969951166,3.32627559864,5.30191604488,16.4570404487,2.7805371491,2.99573147193,23.6870072796
1.1275,-0.171323974395,1,2.3124989414,3.72642902965,13.9859903328,4.30733589384,7.30104931113,15.3784007902,2.57363437832,2.89021621207,23.6271676215
1.128,-0.207088075358,1,2.62565669062,4.35016203628,13.4535455105,5.15531947251,9.08640953112,14.5816233656,2.42525919014,2.81454856161,23.5842550955
1.1285,-0.230992943802,1,3.00537233485,5.08650634105,13.0132358559,5.89104061474,10.5766767469,14.117219017,2.32608461959,2.76397200073,23.5555721912
1.129,-0.244922010774,1,3.46180897654,5.95500939979,12.68468397,6.54103954458,11.7295239826,13.9622096736,2.26829684142,2.73450167315,23.5388590226
1.1295,-0.250356135193,1,4.0068879149,6.97558807406,12.4956750427,7.15204747848,12.680836503,14.0427534248,2.24575218877,2.72300446182,23.5323387411
1.13,-0.248374793861,1,4.65385700537,8.16637894497,12.4847587225,7.75484641908,13.5241834169,14.3588196829,2.25397221626,2.7271964711,23.5347161072
1.1305,-0.239676952446,1,5.41639035846,9.5397768957,12.7041307918,8.38130313416,14.3473175418,14.8627018145,2.29005711206,2.74559886921,23.545152448
1.131,-0.224608713225,1,6.30689118454,11.0957222676,13.2221449566,9.0605875495,15.2261196776,15.5063528287,2.35257099525,2.77747939263,23.5632324833
1.1315,-0.203189780505,1,7.33354507957,12.8111972281,14.1239631695,9.78677233928,15.9790317636,16.2882168277,2.44143211821,2.82279635211,23.5889325703
1.132,-0.175134464965,1,8.49559342079,14.6253372928,15.5074817653,10.5746611485,16.6254114742,17.235259406,2.55782572551,2.88215419287,23.6225955011
1.1325,-0.139865749557,1,9.77642301894,16.4213361244,17.4699341541,11.1287244487,16.6562051345,18.4283297222,2.70414569846,2.95677373475,23.6649136253
1.133,-0.096523322798,1,11.1347016713,18.0104883277,20.0795410319,11.582119101,16.3903135566,20.0240987916,2.88396122726,3.04847517585,23.7169192109
1.1335,-0.0439689870351,1,12.4953318904,19.1306411951,23.329083636,12.1090230137,16.2319717834,22.6524738661,3.10199437359,3.15966665003,23.7799779552
1.134,0.0192038763616,1,13.7445772709,19.4779645683,27.0787042967,12.5959124659,15.8392461167,25.3751826843,3.36408080222,3.29332420096,23.8557776277
1.1345,0.0946452282754,1,14.7362935021,18.7875348953,31.0151138362,12.9647168701,14.7090434442,27.8318682237,3.67706573643,3.45293872203,23.9462979788
1.135,0.184188630887,1,15.315669304,16.9516418105,34.6720678482,13.4176017526,13.6764170577,29.9656367773,4.04855610961,3.6423895598,24.0537390576
1.1355,0.28972664197,1,15.3594693219,14.1185075227,37.543376897,13.9169095155,13.0355639921,32.211638889,4.48640361124,3.86568088036,24.1803717009
1.136,0.412975921062,1,14.8185634949,10.690883508,39.256809454,13.9103389109,11.6642718653,34.8492836325,4.99773017856,4.12644469431,24.3282556892
1.1365,0.555069391088,1,13.7400716591,7.1954485432,39.708657101,13.180861406,8.76993810937,36.9762252447,5.5872359899,4.42707797553,24.4987503909
1.137,0.715902055282,1,12.2547181521,4.09475652162,39.0695147435,12.365199136,5.60189226171,37.7762282704,6.25448544321,4.76735857783,24.6917298226
1.1375,0.893174574283,1,10.5363347209,1.65756208802,37.6699156386,11.7550794784,3.70398891894,37.9161150653,6.9899392267,5.14242168979,24.9044350597
1.138,1.08116638721,1,8.75575659936,-0.057253724201,35.8562778318,10.9933863612,2.3239892727,37.6545371008,7.76986434346,5.54016407408,25.1300021322
1.1385,1.26948366745,1,7.04866424065,-1.13593939323,33.8974376963,9.99980262026,1.27056251436,36.9069653361,8.55113973252,5.93859506362,25.3559597254
1.139,1.44238479011,1,5.50347015633,-1.72790357036,31.959574821,8.71320580958,0.34100800336,35.6147422771,9.26845782303,6.30440942386,25.5634198241
1.1395,1.5796427319,1,4.16446210472,-1.98641661979,30.1241370219,7.12580278983,-0.621320674296,33.8020520561,9.83790238879,6.59481196949,25.7281124861
1.14,1.65983092243,1,3.04223932961,-2.03946653,28.4184319159,5.31605167531,-1.66413789589,31.6145392785,10.1705806203,6.76446958171,25.8243284602
1.1405,1.66589303993,1,2.12536297872,-1.98201207917,26.841723645,3.44803498955,-2.71503346038,29.2976272047,10.1957306395,6.77729546507,25.8316022562
1.141,1.59102926519,1,1.39015359106,-1.87898620859,25.3820617001,1.71696666208,-3.65789050129,27.1077546399,9.88514191039,6.61890294894,25.7417749268
1.1415,1.44176119337,1,0.807750408395,-1.77194359721,24.0251748738,0.270953291742,-4.44644253028,25.2062794978,9.26587069568,6.30309005335,25.5626715847
1.142,1.23618165479,1,0.348640589121,-1.68585087639,22.7582744951,-0.831165968324,-5.1557590518,23.6100488408,8.41297905568,5.86813655954,25.3160014028
1.1425,0.998349737182,1,-0.0147652335794,-1.63473232839,21.5711573326,-1.60412644925,-5.93728992774,22.2327945049,7.42628137336,5.3649453168,25.0306323298
1.143,0.751909797516,1,-0.306917741177,-1.62593557742,20.4561273101,-2.24052337146,-7.31061149745,21.1186773688,6.40387143045,4.84354171063,24.7349346881
1.1435,0.515640614611,1,-0.548789592451,-1.66318108669,19.4075468176,-2.48251786929,-7.53930618394,21.3745538456,5.42365709452,4.34365681307,24.4514407046
1.144,0.301778873698,1,-0.758057398917,-1.74866298096,18.4213857032,-1.77949190555,-6.06457104695,21.1401932549,4.53640492828,3.89118030669,24.1948328978
1.1445,0.116454197712,1,-0.94956326362,-1.88445942634,17.4949022317,-1.3315423486,-5.45352367973,20.7728112845,3.76754501194,3.49908089901,23.9724660619
1.145,-0.0388664308166,1,-1.13590085588,-2.07346669146,16.6264862494,-0.685539512304,-3.5662014543,20.4050573744,3.1231634431,3.17046234823,23.7861003956
1.1455,-0.165766199974,1,-1.32803323272,-2.32002123422,15.8156605741,0.156812875761,-1.28649117137,18.7847060867,2.59669202002,2.90197503505,23.6338362678
1.146,-0.267522452587,1,-1.53589181419,-2.63032782708,15.0632358499,0.661364637601,0.376800097439,17.3692728162,2.1745339698,2.68668494394,23.5117412699
1.1465,-0.348129646092,1,-1.76893252592,-3.01277014314,14.3716277761,0.743987340566,0.969731092029,15.7761381877,1.84011741288,2.51614082908,23.4150225438
1.147,-0.411672489167,1,-2.03663965352,-3.47814113344,13.7453651812,0.479196046826,0.69946063143,14.1551686051,1.57649604271,2.38170049619,23.3387789411
1.1475,-0.461969473015,1,-2.34897264749,-4.03978922266,13.1918394643,-0.0391515853553,-0.186653660538,12.5680101209,1.36782801409,2.2752849988,23.2784287417
1.148,-0.502404680812,1,-2.71674670998,-4.71362546231,12.7223683061,-0.736857295415,-1.46422908195,11.2274285794,1.20007371845,2.1897344862,23.2299114616
1.1485,-0.53588082191,1,-3.15192344978,-5.51786556041,12.3536648921,-1.55479343587,-2.91822105489,10.5065944481,1.06119063174,2.11890757108,23.1897442063
1.149,-0.564844418045,1,-3.66776004419,-6.47227446356,12.1098069199,-2.46573091053,-4.48722740882,10.2969335115,0.941028823915,2.05762804191,23.1549914503
1.1495,-0.591349682358,1,-4.27871863439,-7.59652239544,12.0247615396,-3.45471267762,-6.13281379429,10.5198854264,0.831065942857,2.00154971136,23.1231883905
1.15,-0.617139634755,1,-4.99996457589,-8.90703650958,12.1453900751,-4.61314950037,-8.1249898493,11.0132467633,0.724070689599,1.94698479709,23.092243617
1.1505,-0.643731611138,1,-5.84617597944,-10.4114540788,12.5345320577,-5.95712786408,-10.4923561288,11.7532661635,0.613748064573,1.89072300608,23.0603365134
1.151,-0.672500164259,1,-6.82925084661,-12.0995444207,13.2730956833,-7.31206008468,-12.7304677902,13.0254087349,0.494395435311,1.82985613782,23.0258177851
1.1515,-0.704754036325,1,-7.95436722985,-13.9295525424,14.4588738341,-8.5133057637,-14.5503896068,14.8250367504,0.360583198779,1.76161522999,22.9871171024
1.152,-0.741805894693,1,-9.21383785975,-15.8099743253,16.1980074338,-9.56096195095,-15.9544548165,17.1590003266,0.206865467595,1.68322301567,22.9426594258
1.1525,-0.785034171654,1,-10.5785558424,-17.5799056138,18.5831934878,-10.4512438226,-16.9322965638,20.0584825015,0.0275235141761,1.59176308621,22.890790806
1.153,-0.835935739337,1,-11.9879732416,-18.9974006931,21.6529796886,-11.1764330375,-17.4609857327,23.5786300169,-0.183652762607,1.48406844473,22.8297151802
1.1535,-0.896166137655,1,-13.3418842045,-19.7537326724,25.3331558006,-11.7930980226,-17.27075337,27.4139135817,-0.433531731857,1.35663639404,22.7574461042
1.154,-0.967560218973,1,-14.5004355195,-19.534972665,29.3788221697,-12.3423380408,-16.114111981,31.3466566544,-0.729725679571,1.20558485787,22.6717819805
1.1545,-1.05211960802,1,-15.3004149671,-18.1361968059,33.3597727377,-12.8121987285,-13.8895449244,35.4577032514,-1.08053878333,1.0266789125,22.5703211055
1.155,-1.15194325751,1,-15.5915498331,-15.5889120563,36.737392134,-13.0363382565,-11.1991414179,38.3918203715,-1.4946790072,0.815477713139,22.4505449938
1.1555,-1.26906268334,1,-15.2839749824,-12.2161518617,39.0347479274,-13.18371765,-9.36349332207,39.0910319093,-1.98057453871,0.567683094051,22.310016076
1.156,-1.40512462188,1,-14.3843307861,-8.5468270507,40.0161648803,-13.1929861617,-8.11802499451,38.4453785792,-2.54505722365,0.279810984053,22.1467584709
1.1565,-1.56084573866,1,-12.9982481457,-5.12181475495,39.7571030897,-12.9837736616,-7.08665349607,37.7657436939,-3.19110030551,-0.0496548969869,21.959912268
1.157,-1.73516208136,1,-11.2965725494,-2.31471099779,38.5631459238,-12.4906838259,-6.0947888569,37.2386854801,-3.91428974562,-0.41846349928,21.7507540791
1.1575,-1.92404512628,1,-9.46509366558,-0.266223072463,36.8125397855,-11.636380329,-4.9114602169,37.087232327,-4.69791233306,-0.818091501535,21.5241176378
1.158,-2.11911476945,1,-7.66265181842,1.07033018056,34.8276140946,-10.3598594069,-3.35351276032,37.3530375059,-5.50720137528,-1.23080875646,21.2900580388
1.1585,-2.30650207471,1,-6.00031248643,1.83951379326,32.8221405565,-8.82424819905,-2.2780864313,35.8903559703,-6.2846185599,-1.62727215783,21.0652163012
1.159,-2.4668507349,1,-4.53982955846,2.20809547909,30.9087054694,-7.0075828935,-1.30658385231,33.3027958091,-6.94986001684,-1.966528732,20.8728176149
1.1595,-2.57757145219,1,-3.3030123565,2.32284435632,29.1304558428,-4.99200447341,-0.229092533066,30.2102494886,-7.40920910774,-2.20078532755,20.739966361
1.16,-2.61786581386,1,-2.28427992689,2.29593798384,27.4923958087,-2.96336276247,0.919540899112,27.1078617264,-7.57637907244,-2.28603784592,20.6916180789
1.1605,-2.57529608511,1,-1.46197807771,2.20565538283,25.9830567363,-1.12733921431,1.9865283217,24.3209952669,-7.39976925018,-2.19597123531,20.7426965219
1.161,-2.45078132286,1,-0.806859345114,2.10298938487,24.5865652322,0.403502809017,2.96791689431,22.1612630483,-6.88319254945,-1.93252998408,20.8920989345
1.1615,-2.2589413142,1,-0.28769094292,2.01920624723,23.2881219195,1.6495480982,4.15517112285,21.1298160394,-6.08730235176,-1.52664580615,21.1222833689
1.162,-2.02342183533,1,0.125442602005,1.97237264577,22.0758181402,2.61237218571,5.51538094924,20.8417674204,-5.11019832683,-1.02834708973,21.4048777997
1.1625,-1.76993700355,1,0.459477982299,1.97237005433,20.9407678447,3.17679215408,6.35740529243,19.5800583989,-4.0585611095,-0.492038301556,21.7090284461
1.163,-1.52047102692,1,0.737787211622,2.02451248128,19.8766545632,3.42343169462,7.02923032626,17.9417935357,-3.02359699098,0.0357676214932,22.0083569603
1.1635,-1.29039586216,1,0.980245176743,2.13205453717,18.8792147542,3.42259445676,7.88986571138,17.0325123982,-2.0690798929,0.522547567778,22.2844188832
1.164,-1.08825852245,1,1.20365889802,2.29788189449,17.9458616588,3.20934619003,9.35030515068,19.4083245284,-1.2304689671,0.950218253027,22.5269588494
1.1645,-0.917077515036,1,1.42236848275,2.52562866067,17.0755066918,2.7731516823,8.08107336482,20.5834806483,-0.520287150572,1.31239329127,22.7323550212
1.165,-0.776080411092,1,1.64890310046,2.82040810005,16.2685826726,2.02476252251,5.45556821162,20.03522979,0.064670146486,1.6107069435,22.9015342183
1.1655,-0.662270174044,1,1.89462495209,3.18928719488,15.5272667887,0.962901493753,2.2351544231,17.9064666454,0.536836785221,1.85150016921,23.0380925162
1.166,-0.571598824679,1,2.17032506795,3.64158318616,14.8559148552,0.692092275656,0.877441614007,15.5224546512,0.913006691991,2.04333745256,23.1468869925
1.1665,-0.49974360633,1,2.48675064909,4.18900816121,14.2617392295,0.773258473868,0.342312599354,13.053468,1.21111376745,2.19536463622,23.2331044239
1.167,-0.442564084325,1,2.85504677228,4.84562953521,13.75578385,1.14062724561,0.601534021633,11.3975992041,1.44833550962,2.31634181635,23.3017128233
1.1675,-0.396332100472,1,3.28708597549,5.62754048403,13.3542649093,1.72183764754,1.45416878202,10.4773259572,1.64013899747,2.41415681799,23.3571855223
1.168,-0.357812864022,1,3.79563583744,6.55203266785,13.080343073,2.46326227425,2.73352502613,10.1464814305,1.79994446728,2.49565362739,23.4034038723
1.1685,-0.324255602157,1,4.3942733779,7.63592048606,12.966348809,3.32981230361,4.32292616163,10.2951787971,1.93916410122,2.56665217322,23.4436684625
1.169,-0.293334148432,1,5.09689079739,8.8924743303,13.0563492091,4.30164775738,6.14619703793,10.8433975347,2.0674485091,2.63207402611,23.480770407
1.1695,-0.263063768147,1,5.91654623864,10.3261991354,13.4086397024,5.32165984823,8.03762348614,11.7968631149,2.19303179653,2.69611837486,23.5170911433
1.17,-0.23171036846,1,6.86330241952,11.9245369883,14.0971426388,6.3989973947,10.0425597558,12.9256348279,2.32310822663,2.76245411445,23.5547113697
1.1705,-0.197701370171,1,7.94060095074,13.6457349329,15.2096636776,7.51096926493,11.8520214187,14.1523554966,2.46420198783,2.8344084185,23.5955179882
1.171,-0.159543246641,1,9.13974163507,15.4031432589,16.8395050106,8.5591078208,13.2835074964,15.5574969811,2.62250930179,2.91514120573,23.641303047
1.1715,-0.115748537394,1,10.4323861535,17.0489559593,19.0656079575,9.28233794605,13.9060585017,17.231940579,2.80420122332,3.00779956039,23.693851316
1.172,-0.0647747141864,1,11.7620149316,18.3655969317,21.9169634375,10.0513477052,14.5252093573,19.7425357926,3.01567726794,3.11564707601,23.7550136395
1.1725,-0.00497856490122,1,13.0372056339,19.0795219394,25.3228806377,10.7649326816,14.9556894666,22.6877788541,3.26375466018,3.2421603673,23.8267616701
1.173,0.0654070002013,1,14.1321022458,18.914355965,29.0649692184,11.4033734616,14.8497831057,25.4051539344,3.55576455799,3.39107814222,23.9112156983
1.1735,0.148261101105,1,14.9006039654,17.6868598704,32.7653836,11.90131046,13.9695606979,27.8726239385,3.89950290126,3.56637613594,24.0106304371
1.174,0.245506480215,1,15.2072302405,15.4140071036,35.9497757882,12.6574420645,13.896436993,29.7050906617,4.30294660701,3.77212237748,24.1273129412
1.1745,0.358950442622,1,14.9676138657,12.3631781983,38.1874358303,12.9823521032,13.2303724699,32.4296931737,4.77359367536,4.01214066014,24.2634317545
1.175,0.489985713284,1,14.1805133526,8.98861335881,39.2444248926,12.69707677,11.4871265021,34.7881088391,5.31722213014,4.28937763217,24.4206579759
1.1755,0.639088626444,1,12.9326722466,5.77377933515,39.1535457688,11.728048513,7.92473872722,36.0419280788,5.93580814804,4.60484109445,24.5995631478
1.176,0.805055036069,1,11.3726501093,3.07452223457,38.1597704583,11.2469718064,5.95076569138,36.2317182353,6.62435606613,4.95598338332,24.7987024432
1.1765,0.983962792647,1,9.66830384788,1.04895523428,36.5921991674,10.6654168668,4.66530560583,36.0953977309,7.36659399005,5.33450623792,25.0133697644
1.177,1.16798933542,1,7.96870831926,-0.31678709807,34.7484715915,9.90178873442,3.78418275658,35.5162847928,8.13006831708,5.72385912919,25.234179
1.1775,1.34448140613,1,6.382891161,-1.13639647117,32.8385980347,8.8903900208,3.11947536507,34.4292332727,8.86228424029,6.09727101305,25.4459477951
1.178,1.496019972,1,4.97568339783,-1.5553309731,30.9825507099,7.59540382682,2.48846342839,32.8313104181,9.49097509571,6.41788769079,25.627775451
1.1785,1.60238403158,1,3.77433913863,-1.70871321977,29.2338861449,6.04213403795,1.77081316096,30.8308077846,9.93224964007,6.64292671778,25.755399251
1.179,1.64482247324,1,2.77916304975,-1.70384335028,27.6067907335,4.33593333687,0.952383172902,28.6460527169,10.1083147891,6.73271555863,25.8063201656
1.1795,1.61165850013,1,1.97381170465,-1.61788747136,26.0964354233,2.64208688093,0.106770436779,26.5302518516,9.97072679956,6.66254911079,25.7665274735
1.18,1.50272028472,1,1.33340950738,-1.502360693,24.6911816709,1.12580835481,-0.689361427762,24.6622959165,9.51877280721,6.4320638313,25.6358150028
1.1805,1.33001351991,1,0.83015878268,-1.38943763665,23.3786498566,-0.1069428805,-1.43903733353,23.0813881567,8.80226105272,6.06666068236,25.4285881096
1.181,1.11409951045,1,0.436809463239,-1.29783599701,22.1481088017,-1.02579969855,-2.23515723016,21.7086828348,7.90649460192,5.60984210291,25.1695178328
1.1815,0.878210399631,1,0.128538041038,-1.23753641366,20.9910161142,-1.65109854284,-3.20301634054,20.4294965558,6.92785707812,5.11076134026,24.8864798891
1.182,0.642978811388,1,-0.116253692789,-1.21328346559,19.9008020358,-2.52428924014,-5.3978392796,19.8302289089,5.95194743039,4.61307172647,24.6042308917
1.1825,0.423494656177,1,-0.315819293028,-1.22705663964,18.8724521306,-2.26495113417,-4.7115727119,19.973635684,5.04136944979,4.14869963573,24.3408768787
1.183,0.228730836466,1,-0.485340390448,-1.27975264486,17.9021263873,-1.43767542214,-3.29592694375,18.9886376521,4.23334918302,3.73662942468,24.1071842303
1.1835,0.0624594422671,1,-0.637398820517,-1.37230133847,16.9868915161,-0.799079479881,-1.99267891319,18.4906186185,3.54353596979,3.38484186681,23.907678991
1.184,-0.0752773592408,1,-0.782527044326,-1.50639741488,16.1245751721,-0.138160311637,-0.345093142239,17.4399952608,2.97210474984,3.09342617702,23.7424117562
1.1845,-0.186741571055,1,-0.929766759295,-1.68498809822,15.3137307446,0.731574342224,1.82622788317,15.8036109992,2.50967110945,2.85759653805,23.6086684002
1.185,-0.275376086409,1,-1.08720014409,-1.91261977131,14.553703238,1.27122433379,3.31088603582,14.3370994541,2.14195145368,2.67006867224,23.5023178744
1.1855,-0.345028227323,1,-1.26244025693,-2.19571504107,13.8447977155,1.41982665756,3.79747117315,12.7900251905,1.85298432639,2.52270263449,23.4187438652
1.186,-0.399469524436,1,-1.46307995982,-2.54282510745,13.1885665234,1.27393258963,3.54553831444,11.2580736561,1.62712270854,2.40751883483,23.3534209991
1.1865,-0.442135661781,1,-1.69710469395,-2.9648778752,12.588248775,0.91464968497,2.77148331761,9.7957993676,1.45011291417,2.3172482484,23.3022268777
1.187,-0.476015927625,1,-1.97327477126,-3.47541588262,12.049415774,0.401262252915,1.63494700503,8.43574559344,1.30955322764,2.24556630913,23.2615747224
1.1875,-0.50363669522,1,-2.30147769435,-4.09078355269,11.5808997145,-0.218548833329,0.296359456749,7.38597361041,1.19496243745,2.1871278602,23.2284331957
1.188,-0.527099169859,1,-2.69303904908,-4.83017102369,11.1961090742,-0.912035177245,-1.12454618472,6.82139925646,1.09762323428,2.13748729097,23.2002811095
1.1885,-0.548144733588,1,-3.16095851954,-5.71533770867,10.9148570564,-1.6655453839,-2.59367021094,6.66739716828,1.01031111418,2.09296028436,23.1750290194
1.189,-0.568231125915,1,-3.71999980155,-6.76970264347,10.7658334006,-2.47364655129,-4.09223858458,6.87012245682,0.926978326235,2.05046263804,23.1509278171
1.1895,-0.58860975802,1,-4.38650078976,-8.01627585038,10.7897976379,-3.33761491861,-5.61353391484,7.3927571989,0.842433117715,2.00734668742,23.126475963
1.19,-0.610399239414,1,-5.17767189551,-9.47359620929,11.0433853838,-4.34106153618,-7.3668023314,8.15568306683,0.752034692613,1.96124574214,23.1003312631
1.1905,-0.634653251249,1,-6.11000575645,-11.1484574508,11.6029522454,-5.53129462131,-9.53970351753,9.02710377047,0.651411624416,1.90993048353,23.0712294296
1.191,-0.662422679435,1,-7.19623658121,-13.0238935585,12.5668977042,-6.85062394039,-11.7913882102,10.3683278819,0.536204083281,1.85117750697,23.0379095284
1.1915,-0.694812744582,1,-8.44011890635,-15.0411162004,14.0531420796,-8.02030321694,-13.6125632934,12.2296806194,0.401826819991,1.78264844957,22.9990454308
1.192,-0.73303591287,1,-9.82832327624,-17.0758847229,16.1858597763,-9.03720393598,-14.9992618447,14.6362033383,0.243249653645,1.70177804435,22.9531823262
1.1925,-0.778460658678,1,-11.3193704644,-18.914842619,19.0632906879,-9.89461498197,-15.9354598032,17.6348248155,0.0547951692321,1.60567095105,22.8986782137
1.193,-0.832654493516,1,-12.8313783549,-20.2469869408,22.7001477587,-10.5819338229,-16.3923222619,21.2959702095,-0.170039797282,1.49101071799,22.833652272
1.1935,-0.897416631538,1,-14.2339185147,-20.6966895379,26.9507540562,-11.1545671173,-16.0866314057,25.3199269141,-0.438719678991,1.35399067021,22.7559456652
1.194,-0.974790433977,1,-15.3533908039,-19.9240115488,31.4473658773,-11.6592183196,-14.7311797777,29.4574203915,-0.759721806495,1.19028758024,22.663106611
1.1945,-1.0670371382,1,-16.0016708069,-17.7831758875,35.6180750277,-12.0817254258,-12.2065409705,33.8027984937,-1.14242741714,0.995117250695,22.5524219025
1.195,-1.17653874175,1,-16.0280783574,-14.4603789685,38.8349387407,-12.2699359558,-9.61521818995,36.4269905274,-1.59671874828,0.763439986647,22.4210334353
1.1955,-1.30557789912,1,-15.3754175914,-10.4718344343,40.6504962881,-12.3713408298,-7.90693131015,36.6611980417,-2.13206589087,0.490426277581,22.2662023046
1.196,-1.45591708147,1,-14.1078884099,-6.47937765978,40.974896202,-12.3004905753,-6.6448587114,36.1770209571,-2.75578084168,0.172347187258,22.0858137615
1.1965,-1.62807593339,1,-12.3912442885,-3.03504822637,40.0659960496,-11.982406454,-5.55678832188,35.7285451612,-3.47001945981,-0.191896718762,21.8792442965
1.197,-1.82020959886,1,-10.4373186124,-0.423376029256,38.358944403,-11.3403223952,-4.43145671612,35.559609794,-4.26712795697,-0.598402199084,21.6487075099
1.1975,-2.02657716828,1,-8.44534562078,1.33482028893,36.2750291391,-10.2848925333,-2.98829862134,35.9652605212,-5.12328891508,-1.0350229637,21.4010917879
1.198,-2.23584579221,1,-6.56523174278,2.38106586701,34.1153033129,-8.89692690874,-1.76464654774,35.4530238583,-5.99148553183,-1.47778161445,21.149995157
1.1985,-2.42996359482,1,-4.8875380914,2.9118873924,32.0470236399,-7.20988735624,-0.84668651294,33.5169222503,-6.7968256555,-1.88848501927,20.9170776497
1.199,-2.58490354386,1,-3.45128735036,3.11123327681,30.1383637994,-5.24409281885,0.121054898246,30.8462698381,-7.43962789227,-2.21629815003,20.7311687521
1.1995,-2.67462838261,1,-2.25862798281,3.12332839624,28.4007077671,-3.15376717378,1.2246443833,28.0110457005,-7.81187099291,-2.40613286006,20.6235099722
1.2,-2.67828330517,1,-1.28921711744,3.04995442705,26.8201127899,-1.18069600528,2.28730859559,25.3157021646,-7.82703423786,-2.41386573732,20.6191245143
1.2005,-2.58795214933,1,-0.511371682078,2.95787292796,25.3754594361,0.483114904682,3.1485239692,22.9164584648,-7.45227569825,-2.22274821607,20.7275108002
1.201,-2.4125204672,1,0.110425353136,2.888385459,24.0468996615,1.80190248001,3.97274851238,21.1644713111,-6.7244590288,-1.85157984205,20.9380072592
1.2015,-2.17492927781,1,0.611031926565,2.86576384265,22.8187717133,2.87315665614,5.25915534312,20.774527835,-5.7387600601,-1.34889791839,21.223087488
1.202,-1.9044972648,1,1.0223151014,2.90371728144,21.679930381,3.58174111811,6.29572738979,19.9229109167,-4.61681375806,-0.776733248169,21.5475726692
1.2025,-1.62879933394,1,1.37223689101,3.01001866119,20.6231643307,3.93091564431,7.02071912873,18.3167450257,-3.47302064507,-0.193427248493,21.8783763047
1.203,-1.36858320242,1,1.68480172625,3.18967296825,19.6445035143,3.98954873186,7.74395470935,16.5912849555,-2.39345715983,0.357123240765,22.1906036836
1.2035,-1.1363829315,1,1.98048175514,3.44700974646,18.7427375645,3.86942146184,9.25313718385,18.1219513499,-1.43012359443,0.848399365795,22.4692154727
1.204,-0.937599434349,1,2.27686819706,3.78700426643,17.9192397238,3.46853976937,8.39122509069,19.4134237985,-0.605426817386,1.26897418173,22.70773124
1.2045,-0.772530067823,1,2.58938943552,4.21604234188,17.1781061324,2.72592048996,5.78904546378,18.7791950836,0.0793995213756,1.61821855783,22.9057941939
1.205,-0.638359287962,1,2.93199618025,4.74225684204,16.5266028461,1.85665975239,2.8519158977,16.2313455056,0.636036321252,1.90208946186,23.066782641
1.2055,-0.53070201652,1,3.31774733298,5.3754785863,15.9759197197,1.80520282221,1.86998176025,13.5685949352,1.0826760376,2.12986459294,23.1959581363
1.206,-0.444642538429,1,3.75924162619,6.12675388218,15.5422356425,2.19029445243,1.96954372562,11.5144327468,1.43971258858,2.31194434139,23.2992189338
1.2065,-0.375356359824,1,4.26883199631,7.00727789896,15.2480831549,2.91632891089,2.97265835655,10.4508125749,1.72716144126,2.45853609689,23.3823538333
1.207,-0.318432937278,1,4.85853274207,8.02647290337,15.1239368235,3.89768768762,4.62973542564,10.1725998362,1.96332069887,2.57897143636,23.4506549448
1.2075,-0.270002203645,1,5.53948452975,9.18881065285,15.209800184,5.05788066162,6.71829365306,10.5459031118,2.16424618065,2.68143842771,23.5087658733
1.208,-0.22674183882,1,6.32078371659,10.4888775925,15.5562743255,6.29539264896,9.01128581745,11.3082805917,2.34372125758,2.77296624684,23.5606729947
1.2085,-0.18581840637,1,7.20742648583,11.9042149599,16.2240941878,7.56493205764,11.0658809564,12.3188845725,2.51350105988,2.85954971738,23.6097760844
1.209,-0.144797203212,1,8.19710735527,13.3858549229,17.2803976832,8.61354559055,12.4963961578,13.6415007203,2.68368648533,2.94634004562,23.658996487
1.2095,-0.101542872376,1,9.27573451574,14.8475875386,18.7892106673,9.45612843043,13.4358002224,15.3543661108,2.86313652894,3.03785509838,23.7108963683
1.21,-0.0541245735228,1,10.4119283994,16.1572434599,20.7933894103,10.3229625184,14.3591730617,18.0450926017,3.0598617038,3.13818003781,23.7677924995
1.2105,-0.000734896511231,1,11.5516204029,17.1366351841,23.2868734765,11.1119291347,15.0485608951,20.957706406,3.28136044584,3.25113887948,23.8318535506
1.211,0.0603698793271,1,12.615174563,17.5797251584,26.1813444251,11.8196422035,15.2560721352,23.7093456134,3.53486696131,3.3804208884,23.9051717722
1.2115,0.130899455393,1,13.5007081306,17.2969374052,29.280686508,12.3248313846,14.4870770442,26.2442430238,3.82747432007,3.52964335352,23.9897985959
1.212,0.212516664121,1,14.0971462768,16.1819195809,32.2853434207,13.0339637286,14.4548766903,28.2214054257,4.16608114585,3.70232440114,24.0877292161
1.2125,0.306763423326,1,14.3073310815,14.2759092482,34.8452236847,13.6001551197,14.3973950276,30.6289361769,4.55708442166,3.90172633326,24.2008137448
1.213,0.414898709351,1,14.0752098118,11.7892333764,36.6546523166,13.6851055084,13.5929968697,33.05554246,5.00570728596,4.1305128204,24.3305627989
1.2135,0.537614016198,1,13.4055592874,9.05274744238,37.547337607,13.1405491014,11.454985154,35.0607029187,5.51481855274,4.39014688624,24.4778060862
1.214,0.67459025487,1,12.3657147937,6.41601588791,37.537779306,12.2944761504,8.47433407507,35.9168128532,6.08309441155,4.67995342044,24.642160739
1.2145,0.823877056232,1,11.0677501521,4.14704077746,36.7882106785,11.8220996734,6.9038873155,35.9463076982,6.70244332985,4.99580594293,24.8212865542
1.215,0.981131348383,1,9.63996684397,2.38245362541,35.5294632194,11.2529780841,5.86709964171,35.6644586809,7.35484712478,5.32851562921,25.0099723793
1.2155,1.1388697959,1,8.20023544318,1.13655585253,33.9843228588,10.53015523,5.19088018443,35.0078092649,8.00925954404,5.66224966387,25.1992391312
1.216,1.28607042691,1,6.83944370472,0.343859836092,32.3237828898,9.60982086947,4.72286070385,33.9412756453,8.61995352875,5.97368838579,25.3758617984
1.2165,1.40863221531,1,5.61633959083,-0.0950765945336,30.657650766,8.47513565931,4.32072621949,32.4809109749,9.1284278907,6.23299764604,25.5229208824
1.217,1.49118191025,1,4.56050052893,-0.281092949751,29.0453801549,7.15449284509,3.8872853569,30.7192679297,9.47090333933,6.40765159495,25.6219703715
1.2175,1.52027242303,1,3.6791530895,-0.299649807092,27.5128279425,5.72895418307,3.3927402189,28.8155094142,9.5915916886,6.46919964715,25.6568754118
1.218,1.48814580584,1,2.9646391017,-0.215536563779,26.0668513845,4.31615630693,2.86025805686,26.9428303827,9.45830739669,6.40122797793,25.6183274193
1.2185,1.39546319178,1,2.40083008281,-0.0738538116321,24.7052493541,3.03343738767,2.31744449066,25.2212291026,9.07379331884,6.20513537514,25.5071196725
1.219,1.25154408417,1,1.96792068013,0.0964686818288,23.422482024,1.96245756541,1.75053209734,23.6804497235,8.47671345106,5.90063951378,25.3344344302
1.2195,1.07189999887,1,1.64565119683,0.278690733138,22.2124893946,1.136993099,1.09729207931,22.2753326277,7.7314207065,5.52055877673,25.1188836049
1.22,0.874288432126,1,1.41525954048,0.464742122996,21.0698328213,0.55450953183,0.277698333988,20.9365310805,6.91158593888,5.10246346451,24.8817740101
1.2205,0.675023196163,1,1.26051071278,0.652460374185,19.9900048129,-0.204903225091,-1.56267503039,20.1272294975,6.08489056311,4.68086941301,24.6426802154
1.221,0.486683560929,1,1.16811134805,0.843589079363,18.969399951,-0.218067497255,-1.41211088661,20.2365300077,5.30352242949,4.28239112605,24.4166957989
1.2215,0.317400505961,1,1.12774926066,1.04242744867,18.0051978679,0.494877390864,-0.0378216974868,20.0999356796,4.60121468343,3.92423166763,24.2135769367
1.222,0.171267678899,1,1.13193129029,1.25499468294,17.0952696056,1.14852250381,0.815176337034,19.3803995988,3.99495071674,3.61505214456,24.0382355031
1.2225,0.0492852692724,1,1.17573713946,1.48858197304,16.2381495745,1.81944780442,2.2235848817,19.0862336759,3.48888003424,3.35696870097,23.8918716024
1.223,-0.0496066478576,1,1.25656446443,1.75158672656,15.4330878918,2.5201177821,3.90235299139,18.6913093614,3.0786053057,3.14773880794,23.773213455
1.2235,-0.12764032631,1,1.37390994195,2.05354691187,14.6801927161,3.14274733693,5.31269482056,17.3495610369,2.75486553836,2.98263958984,23.6795826308
1.224,-0.187556915077,1,1.5292099434,2.40531277393,13.9806783728,4.02458399575,7.25191770718,16.1309553894,2.5062884766,2.85587147955,23.6076900876
1.2245,-0.2321604464,1,1.72575007042,2.81930550289,13.3372474329,4.73141451557,8.8847491838,15.260171417,2.32124097994,2.76150186514,23.5541713315
1.225,-0.264047677408,1,1.96864240089,3.30981500344,12.7546515856,5.28781900248,9.99492200611,14.629697751,2.18894983395,2.69403667561,23.5159105731
1.2255,-0.285465604148,1,2.26486004706,3.89327798788,12.2404966015,5.76555556061,10.8238164738,14.1013723531,2.10009288453,2.64872184452,23.4902116931
1.226,-0.298254087615,1,2.62330735672,4.58844706913,11.80637988,6.16469058279,11.3882650834,13.7632881855,2.04703706627,2.62166469865,23.4748670846
1.2265,-0.303840380214,1,3.05488673397,5.41630132204,11.469471025,6.52910616585,11.8034298812,13.6324382701,2.02386111068,2.60984553853,23.46816422
1.227,-0.303261568693,1,3.57249399863,6.39944363443,11.2546551154,6.89455846965,12.1606659277,13.7194229567,2.02626243676,2.61107015502,23.4688587227
1.2275,-0.297198644131,1,4.19082558,7.56055990029,11.1973274643,7.29122006618,12.5340675811,14.0311920897,2.0514158042,2.62389774593,23.476133487
1.228,-0.28601178249,1,4.92580250851,8.91926094789,11.3467995001,7.74587361306,12.9859561517,14.5733604447,2.09782694432,2.64756627146,23.4895563462
1.2285,-0.269770645946,1,5.79329814168,10.4862955893,11.769936537,8.24829152598,13.483258411,15.397080292,2.16520684837,2.68192834432,23.5090437141
1.229,-0.248276434304,1,6.80669830636,12.253803363,12.5539134052,8.81070998456,14.0807394496,16.4836686362,2.25438028238,2.72740457466,23.5348341266
1.2295,-0.221074405672,1,7.9726578497,14.180277538,13.8056008942,9.48301644297,14.8890968269,17.6161135178,2.36723384247,2.78495707951,23.567473218
1.23,-0.18745702571,1,9.28436732411,16.1699780995,15.6429617403,10.2314344432,15.5303317753,18.8407503664,2.50670288947,2.85608281979,23.6078099426
1.2305,-0.146459184635,1,10.7119981193,18.0500208413,18.1715015021,10.8332361443,15.6742069786,20.2567598944,2.67679139221,2.94282371987,23.6570023135
1.231,-0.096848481069,1,12.1912656294,19.5557454416,21.4386955714,11.28318854,15.3998223929,22.0584079348,2.88261223712,3.04778722448,23.7165290609
1.2315,-0.0371159737444,1,13.6137645271,20.3453638013,25.3667443453,11.807098126,15.2249227316,24.8949404927,3.13042559678,3.17416586573,23.788200729
1.232,0.0345231762195,1,14.8265437529,20.0698967154,29.6849448388,12.2899606259,14.7436714082,27.8346956588,3.42763626533,3.32573590419,23.8741589049
1.2325,0.120103020069,1,15.6505002324,18.5055330917,33.9126186671,12.5848906649,13.2130527436,30.4503478841,3.78268294884,3.5068008698,23.9768442003
1.233,0.221827099301,1,15.9220640461,15.7008042881,37.4507007845,13.1583466547,12.5352001393,32.4940285002,4.20470752076,3.72202289029,24.0989005941
1.2335,0.341892357267,1,15.5473863922,12.0347889208,39.7820165498,13.4667247972,11.6038452453,35.3179463926,4.70282448065,3.97605013346,24.2429641484
1.234,0.482151452004,1,14.5419307852,8.10729886962,40.6753937751,13.1600842565,9.61938230838,37.8793178054,5.28471998524,4.27280234778,24.4112578251
1.2345,0.643525443986,1,13.0299148596,4.50907867562,40.251804512,12.1322497284,5.7209056331,39.2643013672,5.95421525517,4.61422826063,24.6048867836
1.235,0.825071875346,1,11.2027759936,1.62379459552,38.874900563,11.5766408198,3.54767266958,39.6135580178,6.70740029804,4.99833387325,24.8227201903
1.2355,1.02266233362,1,9.26175934929,-0.429296162048,36.9658891023,10.8897070112,1.98917778744,39.5529547251,7.52714749258,5.41638452538,25.0598044576
1.236,1.22739954314,1,7.37314033884,-1.72926709737,34.8655299579,9.97704009008,0.837353555554,38.9810361196,8.37654454641,5.84955586727,25.3054639481
1.2365,1.42427972394,1,5.64848080022,-2.44841763515,32.7873636456,8.75234173935,-0.136207679631,37.8054314534,9.19334499963,6.26610375473,25.5416959697
1.237,1.59213376843,1,4.14584264107,-2.77114437315,30.8351284645,7.17238494818,-1.1381201556,36.0045309404,9.88972418344,6.62123979406,25.7431001949
1.2375,1.70617301369,1,2.88169697266,-2.85290970583,29.0417665089,5.28465001988,-2.26841019748,33.6940222301,10.3628409128,6.86251754232,25.8799332745
1.238,1.74375865458,1,1.84510147424,-2.80886235459,27.4040215827,3.25057440345,-3.47012688945,31.136107224,10.5187731574,6.94203910335,25.9250314245
1.2385,1.69190159911,1,1.0097803776,-2.7173543968,25.9048238677,1.30134279607,-4.58755303217,28.6562909966,10.3036328307,6.83232289515,25.8628093309
1.239,1.55274206653,1,0.342810407759,-2.62837266488,24.5249639263,-0.361529432452,-5.51203582475,26.5042932886,9.72629910006,6.53789707189,25.6958349936
1.2395,1.3434723305,1,-0.189849023307,-2.57207727794,23.247933296,-1.64192034041,-6.28585009576,24.7537101022,8.85809786955,6.09513606824,25.4447370283
1.24,1.0905881765,1,-0.62024056224,-2.56578114636,22.0612097422,-2.54646903085,-7.07623313049,23.3172459785,7.80895269524,5.56009815993,25.1413071214
1.2405,0.821942830975,1,-0.976953479919,-2.61913363511,20.9560463375,-3.13277017343,-8.08702000346,22.050512289,6.6944187737,4.99171361915,24.8189657216
1.241,0.56054955126,1,-1.28472269914,-2.7377701608,19.9268446427,-3.68586008214,-9.07997660049,22.1654294467,5.60997163192,4.43867258669,24.5053259096
1.2415,0.321848992441,1,-1.56464693974,-2.92578969428,18.9705928022,-3.07570895737,-7.7218211285,22.2554237951,4.6196702017,3.93364352228,24.2189145738
1.242,0.113877181043,1,-1.83473260461,-3.18738385009,18.0865407455,-2.64921605498,-7.12453295345,21.8799667203,3.75685369514,3.49362859373,23.9693739586
1.2425,-0.0610862077999,1,-2.11057512665,-3.52786718505,17.2761524596,-2.03412421906,-5.30049768672,21.1219709005,3.03097984271,3.12345100801,23.7594393939
1.243,-0.204555639998,1,-2.40606160834,-3.95428115054,16.5433353006,-1.28232990905,-2.97126171223,19.4194012378,2.43576555163,2.81990654429,23.5872937067
1.2435,-0.320167798859,1,-2.73402391337,-4.47566986398,15.8949477631,-1.05897766866,-1.89604414576,17.6279828773,1.95612324648,2.57530091491,23.4485733241
1.244,-0.412479412225,1,-3.10679505434,-5.10305104223,15.3416017971,-1.3569328969,-2.08600893642,15.6584201314,1.57314834607,2.37999325428,23.3378107326
1.2445,-0.486201849036,1,-3.53662694485,-5.84902280805,14.8987866461,-2.04050262389,-3.18893676123,13.613528841,1.26729470679,2.22401551601,23.2493528685
1.245,-0.545769954249,1,-4.03591544924,-6.7268476572,14.5883326752,-2.98013246217,-4.73052903392,12.4418771106,1.02016340521,2.0979847074,23.1778784628
1.2455,-0.595140610243,1,-4.61714848442,-7.74873085223,14.4401829069,-4.10832655662,-6.55494496579,12.0408200823,0.815338450116,1.99352908178,23.1186397429
1.246,-0.637737240459,1,-5.29244337482,-8.92286281001,14.4943081028,-5.56801213534,-9.16023168214,12.0262945468,0.638617021251,1.90340555458,23.0675290215
1.2465,-0.67648000166,1,-6.07247192468,-10.2486513277,14.8023261726,-7.05797567661,-11.6654958312,12.8049023215,0.477884210158,1.82143582423,23.0210424693
1.247,-0.713861060177,1,-6.96449694205,-11.7095207764,15.4278865082,-8.36337180463,-13.7068907665,14.2730373558,0.322800720221,1.74234710696,22.976189793
1.2475,-0.752038893356,1,-7.96919841654,-13.262916488,16.444092086,-9.49773826344,-15.3236304882,16.3470486556,0.164411636477,1.66157261917,22.930381085
1.248,-0.792935538011,1,-9.07603664069,-14.8281251633,17.9252419449,-10.4680391423,-16.5327883819,18.9891021555,-0.00525703079961,1.57504582473,22.8813101374
1.2485,-0.838326981208,1,-10.257242214,-16.2747549695,19.9294989453,-11.2756421985,-17.3333866251,22.1988252062,-0.193573352054,1.4790091912,22.8268459838
1.249,-0.889920166802,1,-11.4613546879,-17.4184935707,22.4700661584,-11.9739760159,-17.5142669663,25.6865107747,-0.407618956872,1.36985126388,22.7649405016
1.2495,-0.949410814182,1,-12.6086705724,-18.0349338637,25.4773059619,-12.6027513798,-16.8807331624,29.2418266489,-0.654428907704,1.24398433614,22.6935590358
1.25,-1.01851456616,1,-13.5926288055,-17.90259222,28.7644686222,-13.154653236,-15.3684164371,32.9198565123,-0.941120923672,1.09777854851,22.6106430258
1.2505,-1.09895980605,1,-14.2916776404,-16.8757373939,32.0217378368,-13.5415586726,-12.8652056277,36.5376670549,-1.2748655806,0.927577085906,22.5141186242
1.251,-1.19242362548,1,-14.5933593307,-14.9635732823,34.8643769046,-13.7705204633,-10.8229733588,38.2952553743,-1.66262065968,0.72983165322,22.401973527
1.2515,-1.30038304969,1,-14.4253643839,-12.3688794886,36.9359464605,-13.9137989741,-9.52004497251,38.0898512749,-2.11051392281,0.501417244504,22.2724354855
1.252,-1.42384328364,1,-13.7807618303,-9.4464028104,38.0235050982,-13.9097955544,-8.63376346856,37.1097081195,-2.62271568247,0.240207104262,22.1242983772
1.2525,-1.56289844093,1,-12.7238725233,-6.59058470725,38.118566598,-13.7000416616,-7.90985797705,36.142903615,-3.19961638945,-0.0539978876874,21.9574492775
1.253,-1.71608977911,1,-11.3727753813,-4.11451517452,37.3893931532,-13.2342644083,-7.20578944408,35.3313214744,-3.83516413198,-0.378111407069,21.773638498
1.2535,-1.87957388952,1,-9.86750552745,-2.18375306924,36.0918766833,-12.4567037689,-6.34465062725,34.8356149736,-4.51341368932,-0.724001788455,21.5774776566
1.254,-2.04622841696,1,-8.33887165197,-0.821456843011,34.4777927573,-11.3149338,-5.12616966528,34.8189147489,-5.20481641453,-1.07659995785,21.3775127045
1.2545,-2.20502204354,1,-6.88848514512,0.0434514132869,32.7406920728,-9.90565610421,-4.0248983437,34.0360484513,-5.86360647473,-1.41256648036,21.1869798674
1.255,-2.34120624386,1,-5.5821487895,0.522409653881,31.0034734861,-8.29154867366,-3.14972354416,32.1163955557,-6.42859638937,-1.70069726487,21.0235755632
1.2555,-2.43795771498,1,-4.45292690486,0.728797014876,29.330887614,-6.52234667242,-2.2947263855,29.5764570004,-6.82999100989,-1.90539852397,20.907485688
1.256,-2.47971180409,1,-3.50881432161,0.75838833566,27.7493444107,-4.71397993316,-1.39421891988,26.890135053,-7.00321697284,-1.99373945062,20.8573859124
1.2565,-2.45646055549,1,-2.74117918844,0.683448996828,26.2640652623,-3.00537295622,-0.468942200066,24.4480975548,-6.90675408707,-1.94454578143,20.8852845533
1.257,-2.36724469213,1,-2.13197817203,0.554123236761,24.8705895663,-1.49280990238,0.511631640155,22.6084385689,-6.53662258205,-1.75578793257,20.9923326252
1.2575,-2.22096650647,1,-1.65909727411,0.402647451258,23.5612407159,-0.193254261054,1.73106605467,21.7893648503,-5.92975556344,-1.44630086805,21.1678484713
1.258,-2.03396864654,1,-1.29989754787,0.247985692985,22.3281899474,0.854542785524,3.05565895609,21.5570856325,-5.1539540779,-1.05066143297,21.3922229224
1.2585,-1.82563259688,1,-1.03332566344,0.0998640381832,21.16459558,1.5441270736,3.90286807721,20.501239411,-4.28962644931,-0.609875869817,21.6422005788
1.259,-1.6140628626,1,-0.840993265687,-0.0380906156125,20.0648140594,1.93490926908,4.52987579154,19.0293338841,-3.41188317345,-0.162248660693,21.8960582593
1.2595,-1.41332291252,1,-0.707574583502,-0.16607871369,19.0242483975,2.07527000728,5.1268393435,17.486100212,-2.57906962391,0.262465507053,22.1369215297
1.26,-1.23252014473,1,-0.620790391302,-0.286579703722,18.0391108142,2.0372630069,6.13024319233,17.6530694789,-1.82896983183,0.644997718608,22.3538626315
1.2605,-1.07623080828,1,-0.571168982601,-0.40336275337,17.1062126826,1.77124865307,7.27494407904,20.1234280223,-1.1805693665,0.975665806507,22.5413906283
1.261,-0.945561423296,1,-0.55171167899,-0.520908605386,16.2228144893,1.3492183889,6.3543328588,21.5737278721,-0.638458868425,1.25212865842,22.6981778318
1.2615,-0.839317303136,1,-0.557543066024,-0.644123161102,15.3865355235,0.763607808547,4.14553519358,22.1265447519,-0.197681918982,1.47691392439,22.8256577192
1.262,-0.755001170129,1,-0.585592764657,-0.778252957181,14.5953136968,-0.0690315448392,1.53016057724,21.4165901033,0.152121983954,1.65530520248,22.9268267169
1.2625,-0.689552348457,1,-0.634333300994,-0.928938930376,13.8474069738,-1.07371886202,-1.285714498,19.9250373741,0.42365072284,1.79377809647,23.0053572597
1.263,-0.639837507086,1,-0.703584735993,-1.10236627018,13.1414328548,-1.96901469053,-3.76099443107,17.9886312458,0.629903606188,1.89896192992,23.0650089597
1.2635,-0.602942771428,1,-0.794388744752,-1.30548456681,12.476448671,-2.478074177,-5.07743512259,16.3791053548,0.782969479476,1.97702171296,23.1092781083
1.264,-0.57632311126,1,-0.90895083854,-1.54628419593,11.8520825968,-2.77613254035,-5.80314304299,14.9463974996,0.893406956736,2.03334207574,23.1412184291
1.2645,-0.557857371628,1,-1.05064786714,-1.83412226248,11.2687338173,-2.99044582512,-6.23903864114,13.699322724,0.970016112819,2.07241083727,23.1633750474
1.265,-0.545846053039,1,-1.22409759418,-2.18009436838,10.7278712744,-3.15834937552,-6.48506823595,12.647746498,1.01984769275,2.09782370191,23.1777871536
1.2655,-0.538978229147,1,-1.4352869086,-2.59744603388,10.2324753223,-3.30832070421,-6.61760607766,11.7944026262,1.04834036096,2.11235425304,23.1860276982
1.266,-0.536285251697,1,-1.69175392812,-3.10200736895,9.78768711509,-3.46222101175,-6.69477742446,11.137710997,1.05951276639,2.11805190154,23.1892589402
1.2665,-0.537092341626,1,-2.00281523432,-3.71261165178,9.401758227,-3.63718099653,-6.76086682819,10.6740355171,1.05616437745,2.11634430658,23.1882905315
1.267,-0.540974544802,1,-2.37982017846,-4.45141383375,9.0874283693,-3.84716777325,-6.84992756328,10.3994716351,1.04005820922,2.10813056193,23.1836323648
1.2675,-0.547720452038,1,-2.83639530597,-5.34394318152,8.86389908039,-4.10428597015,-6.98872288731,10.3112634942,1.01207133891,2.09385795513,23.1755381051
1.268,-0.557305158969,1,-3.38860629761,-6.4185803492,8.75960343959,-4.4198718932,-7.19912902599,10.4089534412,0.972307087708,2.07357917741,23.1640376347
1.2685,-0.569872838066,1,-4.05490095945,-7.70490682555,8.81596175079,-4.80543940495,-7.50012030106,10.6953636545,0.920167324624,2.04698919686,23.1489579643
1.269,-0.585728741909,1,-4.85558797695,-9.2299913716,9.09217965985,-5.27353287786,-7.90944321742,11.1775043745,0.854385642625,2.01344217743,23.1299328283
1.2695,-0.605340241543,1,-5.8114323432,-11.0111341587,9.67071839706,-5.92335782152,-8.63284575887,11.8516243282,0.773023050796,1.97194928206,23.1064014388
1.27,-0.629346456013,1,-6.94069828052,-13.0429811565,10.662034575,-6.79858704872,-9.88360095855,12.5733967365,0.67342802412,1.92115829903,23.0775969317
1.2705,-0.658575997404,1,-8.25367971566,-15.276690439,12.2050881397,-7.8965205584,-11.4579505276,13.6845672833,0.552162884284,1.85931609801,23.0425250741
1.271,-0.694072174769,1,-9.74360099261,-17.5901971462,14.456590602,-8.87955277878,-12.6860589517,15.3355046371,0.404899235695,1.78421530506,22.9999340236
1.2715,-0.73712444448,1,-11.3732212464,-19.7540305775,17.5577480777,-9.72211460499,-13.5198994827,17.5762136525,0.226287486813,1.69312776173,22.9482765908
1.272,-0.789303607282,1,-13.0584482137,-21.4095724819,21.5665044415,-10.4101533858,-13.9243657597,20.4834983747,0.00981082749739,1.58273005717,22.8856680079
1.2725,-0.852495637731,1,-14.6547751445,-22.0948574719,26.3561144129,-10.9255544905,-13.8498675885,24.1611490565,-0.252355119838,1.44903195368,22.8098453373
1.273,-0.928924097575,1,-15.9587682646,-21.360560044,31.5187131409,-11.3735202197,-12.7924763187,28.0236444246,-0.569435287005,1.2873289658,22.718140578
1.2735,-1.02114224531,1,-16.7396544572,-18.9793816825,36.3635567386,-11.7551524022,-10.5629770641,32.0780017682,-0.95202242481,1.09221905445,22.6074901338
1.274,-1.13196089341,1,-16.8049646884,-15.1493118662,40.097618104,-11.9338286895,-7.48269424422,35.4279780284,-1.41177780309,0.857755262449,22.474521375
1.2745,-1.26425400939,1,-16.0763937764,-10.511986043,42.1483327413,-12.0456156862,-5.40422841774,36.2393689905,-1.96062470404,0.577857012852,22.3157858938
1.275,-1.42054944293,1,-14.6298339352,-5.90569840791,42.4153062955,-12.0167619878,-4.00389459698,35.6897647318,-2.60905046448,0.247176025083,22.1282505813
1.2755,-1.60227191932,1,-12.6695109745,-2.01223462321,41.2535442891,-11.7577374472,-2.88285849523,35.1943314796,-3.36296586862,-0.137302053593,21.9102059422
1.276,-1.8084836576,1,-10.4534807094,0.849448286966,39.2292311182,-11.1910217613,-1.82801613175,35.0809470517,-4.21848032724,-0.573593119565,21.6627771984
1.2765,-2.03403035625,1,-8.21749211344,2.69760894176,36.8610737268,-10.2234266388,-0.541790685711,35.778593524,-5.15421009411,-1.05079199486,21.3921488783
1.277,-2.26727327164,1,-6.13122864031,3.73792497185,34.4936954365,-8.96794193071,0.264352619242,35.5214821005,-6.12186929791,-1.54427408774,21.1122860439
1.2775,-2.48821202617,1,-4.2903095636,4.22237777426,32.2982495356,-7.43365926897,0.629527364075,34.1042120521,-7.03848200164,-2.01172373697,20.8471866905
1.278,-2.66869047973,1,-2.72964408514,4.37086893617,30.3285901862,-5.63128234837,0.986814646269,32.3174651926,-7.78723630526,-2.39356978293,20.6306347259
1.2785,-2.77676860551,1,-1.44317317108,4.34656652321,28.5782537404,-3.72243843731,1.45896797377,30.6239589044,-8.23562202779,-2.62223533368,20.5009542571
1.279,-2.7858078323,1,-0.401514285189,4.25927146641,27.0185062224,-1.96752954297,1.84295473123,28.9690562515,-8.27312323541,-2.64136001553,20.4901082958
1.2795,-2.68497037427,1,0.435266508937,4.17799145926,25.6181070988,-0.553621508232,1.96903052698,27.1156244652,-7.8547770053,-2.42801385774,20.6111008532
1.28,-2.48476005175,1,1.10957664188,4.14375287136,24.3512791704,0.527620422892,2.09724024454,25.3122135973,-7.02416073143,-2.00442024586,20.8513286356
1.2805,-2.21344262608,1,1.66177399621,4.17976139759,23.1996398114,1.42366746978,2.88754090683,24.5292610781,-5.89854110147,-1.43038226989,21.1768762032
1.281,-1.90673417099,1,2.12802754797,4.29864999476,22.1516790953,2.04377998255,3.7684674972,23.3797982354,-4.62609405219,-0.781465967034,21.5448886567
1.2815,-1.59726339406,1,2.5396474611,4.50735159578,21.2016189951,2.33200634663,4.45235487644,21.3321898536,-3.34218690708,-0.126705300738,21.916215557
1.282,-1.30851524074,1,2.92324659477,4.81021233443,20.3484372483,2.34974484234,5.32414187022,19.5803354626,-2.14425209444,0.484211617275,22.2626778556
1.2825,-1.05372384423,1,3.30131161927,5.21083031901,19.595308673,2.13332422852,6.45121910225,21.3294292112,-1.08719430781,1.02328476078,22.5683962192
1.283,-0.837720793482,1,3.69291132891,5.71294619874,18.9494862063,1.64561549425,4.40408013284,21.3595377938,-0.191058449804,1.48029172871,22.8275733346
1.2835,-0.659667491243,1,4.11436464867,6.32056988509,18.4225580713,0.672396618473,1.1953582128,18.6695986766,0.547634583574,1.85700677743,23.0412154157
1.284,-0.515497263674,1,4.57974470796,7.03740543852,18.0309821844,0.769377793835,0.298235065658,15.3773360697,1.14575627739,2.16203394412,23.2142019711
1.2845,-0.399683076181,1,5.10111880951,7.86552986275,17.7967585709,1.46744732007,0.888293018606,13.2500971002,1.62623674246,2.4070670142,23.3531647633
1.285,-0.306355551562,1,5.68842583707,8.80319618931,17.7480183192,2.62526549669,2.63448211363,12.3373651359,2.01342637272,2.60452408206,23.4651463234
1.2855,-0.229928979184,1,6.34888216868,9.84159009948,17.9191552147,4.03657355288,5.03492065171,12.3076330127,2.33049870932,2.76622307655,23.5568488179
1.286,-0.165397411726,1,7.08579924676,10.960426936,18.3498869105,5.50264297709,7.20200398731,12.816670285,2.59822201865,2.90275529624,23.6342787684
1.2865,-0.1084273831,1,7.89671653589,12.1225307558,19.0823246083,6.57377360164,8.49160891438,13.9577586257,2.83457463176,3.0232892422,23.7026358015
1.287,-0.0553355551085,1,8.77084582436,13.2681271346,20.1548612266,7.6634165279,9.81944251423,16.3105081154,3.05483768206,3.13561791186,23.7663394704
1.2875,-0.00300967246504,1,9.68604651349,14.3106207447,21.5917369392,8.66264190618,10.9302454427,19.0377364382,3.2719230407,3.24632603792,23.829124099
1.288,0.0511894708618,1,10.6059604652,15.1370180719,23.3880138446,9.56624365931,11.6349261101,21.7589485284,3.49678003065,3.36099750237,23.8941564103
1.2885,0.109520486747,1,11.4785092324,15.6172432105,25.4919789418,10.2428102728,11.4455064576,24.2495801626,3.73877899681,3.48441094776,23.9641464608
1.289,0.173931158956,1,12.2374850066,15.6258983531,27.7907598277,10.9953173449,11.4790212377,26.3291571465,4.00600074579,3.62068738416,24.0414313518
1.2895,0.246091655917,1,12.8089561999,15.0756908147,30.1086107199,11.8976194197,12.0535618519,27.9083585251,4.30537433628,3.77336045895,24.1280150801
1.29,0.327377563388,1,13.1230313366,13.9535769954,32.2271147972,12.4613595779,12.2464641769,30.2864478597,4.6426066864,3.94534055821,24.2255481795
1.2905,0.418787660223,1,13.1290100735,12.3428633556,33.9285703235,12.5983141582,11.7777007774,32.4635486881,5.02184144848,4.13874084144,24.335229062
1.291,0.520780264792,1,12.8091432046,10.4151560615,35.0495538336,12.2167680904,10.228343854,34.3334247388,5.44498005644,4.35453099257,24.4576076532
1.2915,0.633014828043,1,12.1852717153,8.389713627,35.5210809568,11.3166353585,7.25990558917,35.2405737793,5.9106096681,4.59199049729,24.5922753362
1.292,0.753998213437,1,11.3150373704,6.47690681317,35.3761782324,10.8109412984,5.53094328985,35.3359715599,6.41253568027,4.84796026224,24.7374405306
1.2925,0.880666063546,1,10.279083023,4.8314930704,34.7240777223,10.4037811558,4.68680281691,35.0449561008,6.93804493649,5.11595689429,24.889426384
1.293,1.00798625018,1,9.16449825538,3.53285284309,33.7078803851,9.90170526203,4.21688825147,34.4844662567,7.46626055336,5.38533370286,25.0421949611
1.2935,1.1287508844,1,8.0503199609,2.59208928255,32.4663084332,9.27326772471,4.00812978895,33.6316545102,7.96727902844,5.64084064651,25.1870976809
1.294,1.23379651073,1,6.99856300916,1.9740706807,31.1112236429,8.5012657295,3.94678824063,32.4877183872,8.40308376434,5.86309020742,25.3131395231
1.2945,1.31289066823,1,6.05121785017,1.62141540051,29.7212575057,7.59181748846,3.93492857188,31.0932331768,8.73122316076,6.03043312677,25.4080427919
1.295,1.35636006549,1,5.23167491449,1.47280484551,28.3457180353,6.58036442918,3.90571177611,29.5298574104,8.91156545443,6.12240320484,25.4602007265
1.2955,1.3571875493,1,4.54850018336,1.4737595681,27.0124568799,5.52900053527,3.82717753674,27.9014119947,8.91499845186,6.12415394802,25.4611936054
1.296,1.31291655051,1,3.99987055403,1.58125808005,25.7356231552,4.51297436093,3.6893409666,26.3006399568,8.73133053907,6.03048788703,25.4080738475
1.2965,1.22656995874,1,3.57764419321,1.76445962526,24.5216091999,3.60160363289,3.48218393756,24.7802992805,8.37310283425,5.84780067979,25.3044685488
1.297,1.10612565087,1,3.27061509483,2.00345225544,23.3729885913,2.84350908153,3.18048868576,23.345768298,7.873413303,5.5929714644,25.1599501812
1.2975,0.962744956833,1,3.06686957315,2.28728540838,22.2908807109,2.26264718222,2.74555815378,21.9713304544,7.27856716156,5.28961474784,24.987910969
1.298,0.808481462543,1,2.95534947844,2.61197587024,21.2762947331,1.85613768024,2.0396703187,20.5935522311,6.63857134512,4.96323282154,24.8028137338
1.2985,0.654274225949,1,2.92679436024,2.97879542285,20.3309094541,1.16359592676,0.337035608573,19.8755761735,5.99880892602,4.63696992209,24.617784001
1.299,0.508706381108,1,2.97423679105,3.39292743888,19.4576039336,1.14081296514,0.458753572046,19.9788856434,5.39488891153,4.32898575627,24.4431204766
1.2995,0.377589593255,1,3.09319711073,3.86246190808,18.660936905,1.74582763737,1.65012670204,20.1185840074,4.85092226487,4.05157631481,24.2857964446
1.3,0.264161202119,1,3.28168550142,4.39763719189,17.9476952893,2.72844899133,3.26728933085,19.2293008047,4.38033979734,3.81159097696,24.1496963149
1.3005,0.169606777643,1,3.54007952133,5.01020045905,17.3275862198,3.44152446355,4.13972426056,18.7130881294,3.98806010493,3.61153810416,24.0362426257
1.301,0.0936739942885,1,3.87090671759,5.71272673841,16.8141178991,4.08080418391,5.01995086736,18.5065462378,3.67303636,3.4508838404,23.9451326173
1.3015,0.0352359860789,1,4.27852393482,6.51769569122,16.4256850688,4.80707379067,6.45857214615,18.7123557603,3.43059351279,3.32724402675,23.8750141891
1.302,-0.00725820811699,1,4.76864498979,7.43606854873,16.1868241373,5.53348712227,7.9647416478,18.9238338831,3.25429706214,3.23733722785,23.8240263784
1.3025,-0.0354574954506,1,5.34762398951,8.47503733237,16.1295032587,6.26717539378,9.39315409844,19.3215828486,3.1373061564,3.17767477976,23.7901906991
1.303,-0.0508923730771,1,6.02135261711,9.63455535897,16.2941260711,6.98708402805,10.6552239476,19.7644190376,3.07327119366,3.14501854366,23.7716707428
1.3035,-0.0548445285721,1,6.79358307087,10.9022610404,16.7296103935,7.69227676805,11.7503222675,20.3237119112,3.05687481295,3.13665679787,23.7669286419
1.304,-0.0482782849201,1,7.66346616148,12.2466026248,17.4914289168,8.38844291301,12.7174499297,21.2101977825,3.08411630963,3.15054928269,23.7748073273
1.3045,-0.031813647032,1,8.62214602127,13.6085804478,18.6359284586,9.06976350541,13.548619052,22.3726803348,3.15242345783,3.18538422698,23.7945628694
1.305,-0.00572601455709,1,9.64846707647,14.8938314847,20.2088648951,9.71531811508,14.1862240793,23.6507680385,3.26065370195,3.24057895583,23.8258648224
1.3055,0.0300368682429,1,10.7043414912,15.9689339003,22.226603204,10.3341371697,14.5606578083,25.1731448128,3.40902383632,3.31624402897,23.8687758867
1.306,0.0758248251418,1,11.7311648374,16.6682700841,24.650977293,10.9044640136,14.5114586113,26.4773139496,3.59898518131,3.41311958363,23.9237158079
1.3065,0.132240862834,1,12.6496859681,16.8185421087,27.3642944209,11.3204083374,13.6741126123,27.8950484867,3.83303944197,3.53248142708,23.99140812
1.307,0.200075798999,1,13.3662717463,16.2835106234,30.1581538531,11.928227737,13.4739795926,29.0286326113,4.11446749826,3.67600272639,24.0728017069
1.3075,0.280209070339,1,13.7874026398,15.0192710716,32.7529361332,12.5554216074,13.4773911194,30.3315317743,4.44691788551,3.84554414369,24.1689517846
1.308,0.373456112031,1,13.8406655123,13.1150017855,34.8554919071,12.8050766199,12.8884971482,32.3738524007,4.83377361475,4.04283093036,24.2808367751
1.3085,0.480336245019,1,13.495593544,10.7899893842,36.2391195887,12.5684800292,11.4601686492,34.1546301118,5.27718920239,4.2689618361,24.4090797998
1.309,0.600731937727,1,12.7750918354,8.33742487812,36.8080026614,11.7130189515,8.48653048227,35.2598821372,5.77667704302,4.5236881943,24.5535398352
1.3095,0.733417498637,1,11.7513205213,6.03951343251,36.61147767,11.0535086091,6.04808977694,35.3913127283,6.32715208752,4.80441675655,24.712746202
1.31,0.875464902148,1,10.5276582445,4.09700902679,35.8046072375,10.5587887603,4.6564679129,35.075234714,6.91646678185,5.10495257286,24.8831856295
1.3105,1.0216026222,1,9.21502019619,2.60216341956,34.5833681393,9.95704870492,3.69253520221,34.5074297856,7.52275104817,5.41414244823,25.0585329342
1.311,1.16371954503,1,7.91171029235,1.55346371228,33.1289389747,9.20131256449,3.02447154432,33.6403367969,8.11235415859,5.71482534956,25.2290557763
1.3115,1.29084695903,1,6.69188719176,0.890920038751,31.578609414,8.26225721101,2.52083832944,32.4469605036,8.63977001607,5.98379430076,25.3815930499
1.312,1.39002562117,1,5.60272815273,0.530987440306,30.0212861246,7.14348045915,2.07664158702,30.9453727343,9.05123436893,6.19363087256,25.500595256
1.3125,1.44831201183,1,4.66750208888,0.390728932579,28.5066739451,5.89291667321,1.63721235146,29.2120234481,9.2930481976,6.31694990243,25.5705317618
1.313,1.45568383053,1,3.89133330594,0.400224499292,27.0581434718,4.59950294116,1.20075109707,27.3696865127,9.3236317984,6.3325467771,25.5793770383
1.3135,1.40792433375,1,3.26731720552,0.506521164772,25.6838103679,3.37010796334,0.790054851408,25.5494566895,9.12549108937,6.2314999505,25.5220715115
1.314,1.3082036894,1,2.78175370602,0.67289423647,24.3841681983,2.29686361491,0.409729077846,23.8458659043,8.71177820486,6.02051668357,25.4024189933
1.3145,1.16650918141,1,2.41808270976,0.876145947273,23.1566068255,1.43446207297,0.0208891058855,22.2923819334,8.12392757474,5.72072750354,25.2324029971
1.315,0.997148874218,1,2.15956242121,1.10349868667,21.9977635096,0.798473314821,-0.449679112039,20.871355647,7.42129933093,5.36240459925,25.0291914418
1.3155,0.81547392409,1,1.99092285856,1.34981337986,20.9045971386,0.375064438276,-1.13035227774,19.5300263769,6.66758109987,4.97802707393,24.8112038284
1.316,0.635090030692,1,1.89926833939,1.61539016729,19.8748161075,-0.347713093401,-2.86896731981,18.9961177369,5.91921909978,4.59638109301,24.5947653243
1.3165,0.466261082572,1,1.87447506113,1.90437440764,18.9070419146,-0.149234826215,-2.16056194163,19.2441478296,5.21879531521,4.23918240803,24.3921913346
1.317,0.315516622325,1,1.90927872249,2.22369158568,18.0009168465,0.651046516101,-0.527779769209,19.2287391831,4.59339898049,3.92024585379,24.2113165079
1.3175,0.186077171197,1,1.9991942565,2.58240241758,17.1572632256,1.41692328363,0.677611183225,18.6422529656,4.05639113177,3.64638522596,24.0560050738
1.318,0.0786519559144,1,2.14236374102,2.99136626542,16.3783530594,2.10703794747,1.98406091769,18.3691040815,3.61071415112,3.41910106611,23.9271080174
1.3185,-0.00771465068036,1,2.33939132423,3.46310616437,15.6683305717,2.8262611888,3.75487282697,18.3374895102,3.25240341042,3.23637151264,23.8234787034
1.319,-0.0749188008782,1,2.59319425507,4.01177016313,15.0338315539,3.53269596235,5.36293563178,17.8310625386,2.97359230756,3.09418479441,23.7428419821
1.3195,-0.125252485927,1,2.90887395316,4.65307249656,14.4848528902,4.15549571015,6.71267916256,16.9753488058,2.76477201599,2.9876916467,23.6824477458
1.32,-0.161032844868,1,3.29358660003,5.40406598976,14.0359346834,5.03086633008,8.47939592015,16.2801891426,2.61632937803,2.91198959853,23.6395157122
1.3205,-0.18437331117,1,3.75636420209,6.28253463014,13.7077150096,5.91121678592,10.1900945768,15.8213874605,2.51949635311,2.8626071676,23.6115100211
1.321,-0.197058704695,1,4.30779875877,7.30569247494,13.5288835821,6.72504411209,11.6858070597,15.6184184831,2.466868226,2.83576813356,23.5962891078
1.3215,-0.200490204793,1,4.95944786134,8.48772624488,13.5384583559,7.50365207817,12.9989308653,15.6594517133,2.45263189798,2.82850796085,23.5921717294
1.322,-0.195673223104,1,5.7227450499,9.83553712788,13.7880734179,8.27287629776,14.1399039372,15.9232157928,2.47261619914,2.8386994567,23.5979515154
1.3225,-0.183228512869,1,6.60710532695,11.34188866,14.3434981549,9.05768793551,15.140012901,16.3947868949,2.52424579903,2.86502926673,23.6128836383
1.323,-0.163413218779,1,7.61682955769,12.9752381504,15.2837923894,9.80584318129,15.8929451305,17.0778055188,2.60645387669,2.90695333882,23.6366595561
1.3235,-0.136143724041,1,8.74640344473,14.6662224668,16.6953102902,10.3346001198,16.0676010289,18.0129186367,2.71958733467,2.96464858462,23.6693795985
1.324,-0.101016268409,1,9.9740156414,16.2927611212,18.6565291584,10.7813782888,15.9771735723,19.2826915042,2.86532126057,3.0389692571,23.7115282283
1.3245,-0.0573247926979,1,11.2538479084,17.6697278335,21.2096096449,11.3105485959,15.9624401174,21.4291934195,3.04658489522,3.13140919612,23.7639526298
1.325,-0.0040788495218,1,12.5091849666,18.5547541762,24.3182494564,11.8155309315,15.8439562588,23.8706182552,3.26748732604,3.24406393392,23.827841218
1.3255,0.059971631021,1,13.630533074,18.6852843244,27.821779212,12.2895459032,15.3251707795,26.2459880234,3.53321474119,3.37957829728,23.9046939232
1.326,0.136292628808,1,14.484500323,17.8549954809,31.411507507,12.6108104386,13.9631250462,28.4844089558,3.84984907853,3.54105392306,23.9962697412
1.3265,0.226483765931,1,14.9375177358,16.0122175879,34.6646236226,13.2035567273,13.5025810533,30.2171972558,4.22402671987,3.73187520066,24.1044880218
1.327,0.332127495243,1,14.8912691327,13.3283157238,37.1514549077,13.5526795569,12.8099853629,32.7555445836,4.66231281668,3.95539019384,24.231247514
1.3275,0.45452689501,1,14.3163937281,10.1766481796,38.5785883566,13.3830906334,11.2906034057,35.1402276149,5.1701134739,4.21435588146,24.3781117516
1.328,0.594277224123,1,13.2665714306,7.01307791185,38.8856952579,12.4972217422,8.03539433603,36.7634799398,5.74989825312,4.51003167841,24.5457949721
1.3285,0.750615279273,1,11.8639476839,4.22388757797,38.2356680586,11.8213830254,5.35284977878,37.147257123,6.39850083863,4.84080284257,24.7333814253
1.329,0.92052227297,1,10.2637065782,2.02863138329,36.9156889924,11.2298325876,3.69696487673,37.039718908,7.10339713085,5.20028239506,24.9372489372
1.3295,1.0976567569,1,8.61592859591,0.473077555028,35.2216126721,10.4909624313,2.51971748532,36.5352948715,7.83827824569,5.57505346027,25.1497885492
1.33,1.27140099486,1,7.03954222779,-0.516724208399,33.3844601501,9.53648161519,1.6471128521,35.5637261762,8.55909418429,5.94265163591,25.3582602827
1.3305,1.4266005655,1,5.61261022968,-1.06800612125,31.5504846886,8.3220644047,0.905812043537,34.0864183664,9.202973518,6.27101405928,25.5444806944
1.331,1.54479343486,1,4.37500164481,-1.31264708254,29.7950174008,6.85610434945,0.171018467,32.1423345448,9.69332246462,6.52107980915,25.6862976125
1.3315,1.60749306175,1,3.3371248396,-1.36234341936,28.1468301119,5.22140916761,-0.591636595693,29.8740840735,9.95344556817,6.6537361132,25.7615294593
1.332,1.60109204917,1,2.48981798898,-1.30118089486,26.6094839462,3.56499330583,-1.33222682246,27.504087599,9.92688956871,6.64019321489,25.7538490309
1.3325,1.52152673367,1,1.8128235793,-1.18738936637,25.1755396146,2.0479259294,-1.98413084382,25.2587373962,9.59679547035,6.47185344623,25.6583804304
1.333,1.37622665359,1,1.28102333333,-1.05853020223,23.8343831848,0.785418098605,-2.54434390747,23.28119154,8.99398633651,6.16443580187,25.4840381907
1.3335,1.18209728216,1,0.868533882851,-0.937108748441,22.5757967709,-0.17983240431,-3.09871308217,21.5926496336,8.18859821708,5.75370792041,25.2511068023
1.334,0.960616788408,1,0.551107379581,-0.835393908631,21.3911721902,-0.861438393482,-3.77934920307,20.1280418507,7.26973798979,5.28511209014,24.9853574284
1.3345,0.732556979286,1,0.307325671868,-0.759136720406,20.2736249338,-1.50512934278,-5.17510359396,19.0447121192,6.32358203495,4.80259611866,24.7117136846
1.335,0.514378087418,1,0.119002738598,-0.710260509638,19.2177062807,-1.70710729731,-5.29145801777,19.2751547844,5.41841922457,4.34098562985,24.4499258272
1.3355,0.316884345773,1,-0.0288921905153,-0.688717540181,18.2190445965,-1.03835656445,-3.82332450081,19.2704185053,4.5990732801,3.92313960526,24.2129576079
1.336,0.145593807443,1,-0.148572578584,-0.693720457216,17.2740436905,-0.52609409756,-3.13775096867,18.8322576913,3.88843705063,3.56073282774,24.0074300125
1.3365,0.00194703667958,1,-0.249890526761,-0.724530836488,16.3796691354,0.0931163983023,-1.40207717566,18.5904969198,3.29248703175,3.25681316117,23.8350715409
1.337,-0.115324003897,1,-0.340823291094,-0.780951009213,15.533315383,0.615182253201,0.128381333895,17.2182061437,2.80596249331,3.00869776422,23.6943607041
1.3375,-0.209023044367,1,-0.4279419552,-0.863630429289,14.7327370218,1.36292730722,2.29188030565,15.8810228056,2.41723154836,2.81045466425,23.5819333705
1.338,-0.282626566135,1,-0.516839920659,-0.97426820993,13.9760299664,1.81003486079,3.65096414219,14.6683205262,2.11187125412,2.65472851966,23.4936181898
1.3385,-0.339716942602,1,-0.612515436204,-1.11577003976,13.2616547881,1.92369649585,4.13862790994,13.4611045206,1.8750193517,2.53393994859,23.4251167541
1.339,-0.383650183928,1,-0.719712257448,-1.2924000986,12.5885017427,1.79784239222,4.00399458328,12.3165478219,1.69275269956,2.44098849563,23.3724022636
1.3395,-0.417390657661,1,-0.843227888365,-1.50995578237,11.9560046989,1.50333275418,3.4352937378,11.271335476,1.55277297115,2.36960232056,23.3319178417
1.34,-0.443455390092,1,-0.988201259915,-1.77598359467,11.3643196825,1.09213149646,2.57177889499,10.3460396203,1.44463773287,2.31445604231,23.3006433659
1.3405,-0.463924706752,1,-1.16039213576,-2.10004671044,10.8145942513,0.601068517675,1.51394312832,9.54882532985,1.35971629966,2.27114822647,23.2760827015
1.341,-0.480489005312,1,-1.36646344321,-2.49404617377,10.309367855,0.0550531276276,0.33200228857,8.87850059572,1.29099568738,2.2361024258,23.2562075789
1.3415,-0.494511860436,1,-1.61427497209,-2.9725851545,9.85316242729,-0.52886671152,-0.91657031347,8.37153483559,1.23281880856,2.20643366659,23.239381876
1.342,-0.507097359878,1,-1.91319159361,-3.55334396054,9.45334839356,-1.13730305347,-2.16571338681,8.17050070851,1.18060511388,2.17980598277,23.2242808234
1.3425,-0.519154970867,1,-2.27439938367,-4.25739402425,9.12140503282,-1.76830749279,-3.40633216559,8.23505758064,1.1305814798,2.15429517531,23.209813172
1.343,-0.531458845085,1,-2.71120516094,-5.10930766615,8.874733922,-2.42404469528,-4.63688608961,8.53640527143,1.07953616891,2.12826333811,23.195050035
1.3435,-0.544700762411,1,-3.2392626701,-6.13679429752,8.73922070906,-3.11014052886,-5.86186057758,9.05544253003,1.0245991812,2.10024684267,23.1791613616
1.344,-0.559537279742,1,-3.87661163885,-7.3693788689,8.75274632232,-3.8353209764,-7.09075254676,9.78155843379,0.963046646905,2.06885658324,23.1613593641
1.3445,-0.576632392988,1,-4.64331866023,-8.83529197627,8.9697572626,-4.61130051059,-8.33747707513,10.7119587753,0.892123833902,2.03268771505,23.1408473291
1.345,-0.596697353073,1,-5.56035134101,-10.5552321299,9.46667198458,-5.45288986921,-9.62012270179,11.8514584185,0.8088799623,1.99023541386,23.1167718428
1.3455,-0.620529336932,1,-6.64708357531,-12.5310422694,10.3470520647,-6.48953152823,-11.3030591112,13.079852291,0.710007769385,1.93981305804,23.088176391
1.346,-0.649050523371,1,-7.91653817495,-14.7269404224,11.7436677928,-7.74180439181,-13.3633987064,14.5064479413,0.591681394858,1.87946955413,23.0539544724
1.3465,-0.683348742296,1,-9.36725136,-17.0417418618,13.8113955968,-8.95172415295,-15.171482869,16.4565536837,0.449387738644,1.80690333351,23.0128008247
1.347,-0.724720133576,1,-10.9708771287,-19.274650911,16.7006056553,-10.0030434143,-16.5204249365,18.9788619652,0.277749481249,1.71937209715,22.9631602394
1.3475,-0.77471289992,1,-12.6561496492,-21.0977840385,20.4983845467,-10.8859933688,-17.3877049146,22.1415549208,0.070343565416,1.61360024585,22.9031750636
1.348,-0.835168764277,1,-14.2936763927,-22.0662170924,25.1332409866,-11.5864464562,-17.7359029911,26.039307173,-0.180470798967,1.48569116693,22.830635456
1.3485,-0.908254274607,1,-15.6922878826,-21.7093759293,30.2704143381,-12.1761533552,-17.1997384927,30.2852307869,-0.483682009557,1.33106100148,22.7429418254
1.349,-0.99646620954,1,-16.6222600695,-19.7230918514,35.276868427,-12.6936344787,-15.4853869388,34.6812188349,-0.849648498109,1.14442720728,22.6370983442
1.3495,-1.1025818749,1,-16.873882864,-16.1908534896,39.3547989975,-13.0192764009,-12.408267196,39.0222461966,-1.28989252473,0.919913718671,22.5097725867
1.35,-1.22950328081,1,-16.335017791,-11.6623903949,41.8457741039,-13.2096426738,-10.0863884241,40.8529462545,-1.8164537126,0.651380627682,22.3574824975
1.3505,-1.37991186047,1,-15.0441978691,-6.964447895,42.5247170688,-13.2747784205,-8.57012098319,40.6072703375,-2.44045657334,0.33315471047,22.1770106861
1.351,-1.55561002904,1,-13.1809606435,-2.84685361823,41.6550115427,-13.1064521895,-7.33029680734,40.2655266439,-3.16937882001,-0.0385774803852,21.9661944761
1.3515,-1.75639519283,1,-10.9988643309,0.277393825369,39.7809523523,-12.6179454779,-6.14987626119,40.0744659759,-4.00237994853,-0.463387308743,21.7252769548
1.352,-1.97834413902,1,-8.74521056214,2.35736498392,37.4520420191,-11.6977148892,-4.71514555325,40.3487945722,-4.92318365312,-0.932974264032,21.4589654955
1.3525,-2.21159335917,1,-6.60791180676,3.5694450098,35.0594642929,-10.3522844045,-3.3103831354,39.9945610813,-5.8908690136,-1.42646969616,21.1790950962
1.353,-2.4382343512,1,-4.69986970145,4.16514109251,32.8121155477,-8.62404286986,-2.24335809596,37.8109879,-6.83113869569,-1.90598381515,20.9071537585
1.3535,-2.63180840842,1,-3.06882458251,4.37660984671,30.7861633853,-6.47514961229,-0.981925225685,34.6172083082,-7.63422297275,-2.31553679439,20.6748886789
1.354,-2.76052069958,1,-1.71669405283,4.3814025218,28.9850955122,-4.05296923203,0.674096504088,31.2109090147,-8.16821403948,-2.58785893854,20.5204497474
1.3545,-2.79534641464,1,-0.618208704257,4.30131599174,27.3828777001,-1.68300423517,2.45062571484,28.0667874999,-8.31269612867,-2.66154120547,20.4786631692
1.355,-2.72076508935,1,0.265056748969,4.21398632094,25.9476237631,0.314464467578,3.90761755125,25.2820384177,-8.00327920284,-2.50374627981,20.568151594
1.3555,-2.54210986508,1,0.975552590103,4.16612847793,24.6517993979,1.8297392861,4.99244967064,23.0160967075,-7.26208896437,-2.12575771869,20.7825159075
1.356,-2.28422953739,1,1.55448678385,4.18444927011,23.4751823551,2.97600732063,6.22620756162,21.9329454201,-6.19221607175,-1.5801491903,21.0919406089
1.3565,-1.98221769242,1,2.03920859891,4.28357405207,22.4046940972,3.79377007981,7.59458767038,21.4371003309,-4.93925393584,-0.941169707962,21.4543177074
1.357,-1.67030197691,1,2.46225621315,4.47143629186,21.4332961207,4.18774496068,8.45866562034,19.8586166948,-3.64520342877,-0.281236179702,21.8285782336
1.3575,-1.3744903133,1,2.85136648049,4.75276240124,20.5589307835,4.25402667119,9.25984722952,18.0377874606,-2.41796410016,0.344625311581,22.1835158765
1.358,-1.11040879078,1,3.22997867018,5.13117649688,19.7838510413,4.12486456991,10.936493048,19.8750283208,-1.32236419566,0.903353975254,22.5003812495
1.3585,-0.884664884446,1,3.61792895912,5.61028919082,19.1143973726,3.68460313152,9.29820952667,20.6599353692,-0.385816269608,1.38097009135,22.7712461946
1.359,-0.697523999069,1,4.03213926536,6.19398681169,18.5611698822,2.74783696929,6.16398073411,18.6711548063,0.390578588278,1.77691213155,22.9957922586
1.3595,-0.545488736058,1,4.48716666798,6.88601051648,18.1395018298,2.6313491749,4.79149304629,15.6147860036,1.02133010033,2.09857969285,23.17821589
1.36,-0.423240864783,1,4.99550958654,7.68880487796,17.8701046923,3.15077538042,4.91331211443,13.2696063966,1.52850210849,2.3572247851,23.3248983121
1.3605,-0.324905077041,1,5.56757315807,8.60152494565,17.7796842998,4.169048726,6.29244474645,12.1913058328,1.93646961274,2.5652780512,23.4428891725
1.361,-0.244778007047,1,6.21118803503,9.61703789975,17.9011928516,5.48119314691,8.4168913447,12.1312275221,2.26889427235,2.73480634805,23.5390318094
1.3615,-0.177690349723,1,6.93056742257,10.7177867744,18.2731628641,6.92628829454,10.5648256975,12.5221447157,2.54722207906,2.87674659729,23.6195287535
1.362,-0.119138676385,1,7.72459958605,11.8705871079,18.9372746142,7.96856309216,11.7753929902,13.4995005157,2.79013649089,3.00062689716,23.6897835659
1.3625,-0.0652840829557,1,8.58444622633,13.0209330902,19.933021408,9.02730223229,13.0085344343,15.522487544,3.01356404029,3.11456938254,23.7544024596
1.363,-0.0128824702135,1,9.49060750736,14.0883241224,21.2882918247,10.0096812908,14.0971535332,18.1486027288,3.2309635818,3.22543773403,23.817277955
1.3635,0.0408115770398,1,10.4099797464,14.9654515479,23.0053398681,10.8967185165,14.8260313221,20.8943236877,3.4537250703,3.33904054495,23.8817042131
1.364,0.0981401276061,1,11.2939744875,15.5253052551,25.0435559118,11.5960891167,14.7750918562,23.2959466133,3.69156509003,3.46033303123,23.9504914284
1.3645,0.16111794604,1,12.0793277024,15.640077282,27.303925109,12.2792250765,14.5978582567,25.424560515,3.95284233201,3.59357791712,24.026057071
1.365,0.231474869255,1,12.6933754413,15.2123060239,29.6239339962,13.1150822134,15.0274666255,27.0932885939,4.24473340269,3.74243509317,24.1104767324
1.3655,0.310651014545,1,13.064684523,14.2112578332,31.7926252253,13.7203305619,15.2270538982,29.3771166709,4.57321294336,3.90995147762,24.2054783765
1.366,0.399730179072,1,13.1376785713,12.6991874939,33.5893476162,13.9174419553,14.7730579431,31.6812724693,4.9427773234,4.09842010686,24.3123624267
1.3665,0.499295489188,1,12.8870372567,10.8304043821,34.8364082782,13.6228558238,13.3808126318,33.6482488602,5.35584576989,4.30907472646,24.4318285628
1.367,0.609193075871,1,12.3261493776,8.81703194684,35.4435836875,12.7645485913,10.5607111984,34.8233315511,5.81177992358,4.54158978909,24.5636921611
1.3675,0.728199679166,1,11.505583258,6.87430050599,35.4232146149,12.1380904631,8.43271963128,35.0885357029,6.30550482323,4.79337719092,24.7064854599
1.368,0.853616434949,1,10.5019493915,5.17031249585,34.8707420558,11.7043110834,7.34130123091,34.8391990381,6.82582364125,5.05872682876,24.8569701539
1.3685,0.980861646143,1,9.40177283219,3.80020243297,33.924494472,11.1836743316,6.64450250389,34.3213949025,7.3537282061,5.32794500855,25.0096487697
1.369,1.10321045411,1,8.2862932455,2.78818905772,32.7255864325,10.5429533632,6.23248895775,33.5121394291,7.86131897217,5.5868036569,25.1564523034
1.3695,1.21190683566,1,7.22126127898,2.1073718086,31.3919223988,9.76161566097,5.99327408042,32.4074666481,8.31226966391,5.81677727806,25.2868746031
1.37,1.29689377664,1,6.25276311829,1.70390762041,30.0087851843,8.84090447751,5.82814514053,31.0383869945,8.66485656028,5.99658781349,25.3888484879
1.3705,1.34828460671,1,5.40784880269,1.51669137325,28.6310375106,7.81074322692,5.66709451776,29.4764692071,8.878062649,6.10531760851,25.4505111684
1.371,1.358387308,1,4.6979272317,1.48962435175,27.2904674089,6.72884831779,5.47436308164,27.8207832218,8.91997591297,6.12669232921,25.4626331684
1.3715,1.32369743413,1,4.12312949624,1.57735596737,26.0036943313,5.66894952827,5.23778401924,26.1686837979,8.77605739063,6.05329746734,25.4210095829
1.372,1.24606805443,1,3.67648096096,1.74667969037,24.7785039247,4.7020421711,4.94741428988,24.5856864251,8.45399494503,5.88905364155,25.3278638674
1.3725,1.13249805009,1,3.34732638532,1.97560475087,23.6181673584,3.88027127529,4.57863612478,23.0921451933,7.98282496416,5.64876868652,25.1915938193
1.373,0.993590654492,1,3.12386241984,2.2514937343,22.5240892406,3.2310542941,4.09139537119,21.6730895173,7.40653727884,5.35487632036,25.0249220154
1.3735,0.841321320388,1,2.99485185545,2.56905778359,21.4973296645,2.76133075774,3.44384850529,20.3023733406,6.7748146717,5.03271352475,24.8422175274
1.374,0.686933979158,1,2.95068207267,2.92858360487,20.5394800925,2.10369033115,1.87718236644,19.4179469408,6.13430504917,4.70606957015,24.6569716912
1.3745,0.539528813167,1,2.98394301731,3.33451706422,19.6532350201,1.84925689376,1.47361987158,19.4545094912,5.52276250639,4.39419810475,24.4801036072
1.375,0.405484355698,1,3.08967687341,3.79439269008,18.8428781246,2.29325542775,2.44765395539,19.5701072237,4.96664978256,4.11059446645,24.3192667315
1.3755,0.288544452622,1,3.26541478802,4.3180277298,18.1148164043,3.15112704156,3.92897344277,19.0373734964,4.4814990404,3.86317967138,24.178953219
1.376,0.190288146424,1,3.51107630844,4.91685908538,17.4782442331,3.89482852406,4.92943509894,18.3810579723,4.07386128271,3.65529456782,24.0610577266
1.3765,0.110733580674,1,3.82876839596,5.60326906551,16.945987385,4.41980172132,5.40845371682,18.1905881755,3.74381178206,3.48697754288,23.9656020245
1.377,0.0489154347847,1,4.22248281065,6.38970706013,16.5355479989,5.09784779694,6.68271944158,18.27376948,3.48734569505,3.35618622619,23.8914278465
1.3775,0.00335897602689,1,4.69765116248,7.28736085675,16.2703251753,5.77695698632,8.08772295164,18.455918546,3.29834477068,3.25980046213,23.8367656946
1.378,-0.0275694317207,1,5.26047347596,8.30406369032,16.1808961031,6.46773640818,9.45949322663,18.8317935489,3.17003151252,3.19436389631,23.7996554062
1.3785,-0.0454250682234,1,5.91688808895,9.44105822537,16.3060735297,7.15108786842,10.687873989,19.3255043723,3.09595350259,3.15658595627,23.7782308367
1.379,-0.0515383628171,1,6.67100350055,10.6882274513,16.6931640212,7.82062481056,11.7476173672,19.8942842507,3.07059116406,3.14365179531,23.7708956345
1.3795,-0.046934899992,1,7.52278534781,12.0175575079,17.3964072135,8.4822243363,12.6760779869,20.7478617437,3.08968963556,3.1533915401,23.7764192241
1.38,-0.0323008635496,1,8.46482805941,13.3751210399,18.4720200821,9.13047185004,13.4679599565,21.8482924451,3.15040213364,3.18435340198,23.7939782694
1.3805,-0.00797795373244,1,9.47822158699,14.6730387263,19.9678403869,9.74801651471,14.0774472868,23.077037103,3.25131104017,3.23581443102,23.8231627721
1.381,0.0260226944481,1,10.5279610687,15.7848766379,21.9058771984,10.341359253,14.4362406412,24.5391121376,3.39237015913,3.30775106839,23.8639593714
1.3815,0.0699926938162,1,11.5591238127,16.5503877655,24.2582031069,10.8977244207,14.4119589881,25.823747263,3.57478931004,3.40078029192,23.916717967
1.382,0.124484521737,1,12.496039084,16.7966937681,26.9215739677,11.2842155234,13.5480294366,27.2378727064,3.80086056598,3.51607100179,23.9821014638
1.3825,0.190249937215,1,13.2473378283,16.3795869517,29.7031954914,11.8455841323,13.2290506444,28.3934123814,4.07370276345,3.65521372694,24.0610118803
1.383,0.268147051246,1,13.7190070601,15.237723066,32.3343251353,12.5072102114,13.2535152864,29.4997273562,4.39687596345,3.82002400981,24.154478844
1.3835,0.358997756228,1,13.8344355808,13.4371362778,34.5215825878,12.8004025662,12.7554044157,31.4993816406,4.77378996619,4.01224076358,24.263488525
1.384,0.463370686729,1,13.5556280144,11.1766163948,36.0244713974,12.6348315865,11.498137825,33.3180670056,5.20680387643,4.23306707292,24.3887232148
1.3845,0.581261086764,1,12.8965533812,8.73998257178,36.7242270162,11.8414844159,8.75455977439,34.6142738289,5.69589796294,4.48249287538,24.5301772069
1.385,0.711643992291,1,11.9216905631,6.41417187617,36.6472446226,11.1071949212,6.08074944218,34.8635743156,6.2368199384,4.75834961036,24.6866206703
1.3855,0.851902168423,1,10.7300269564,4.41467794181,35.933652822,10.6233179029,4.5941924562,34.5637353339,6.81871163196,5.05509988116,24.8549132448
1.386,0.997190786429,1,9.43190246755,2.85100583251,34.7750175315,10.0451726378,3.56311354912,34.0192853546,7.4214732129,5.36249327472,25.0292417313
1.3865,1.13990830124,1,8.12801591176,1.7354274394,33.3560630448,9.32443417217,2.85901840698,33.1826862597,8.01356801037,5.66444687439,25.20048521
1.387,1.26958154619,1,6.89645407672,1.01598244371,31.8211917327,8.42803042537,2.35030423751,32.0229429954,8.55154580387,5.9388021499,25.3560771679
1.3875,1.3735646374,1,5.78856327028,0.612035794355,30.2665166639,7.35291655353,1.92637361918,30.5499708918,8.98294238061,6.15880365943,25.4808440985
1.388,1.43884575908,1,4.83121355851,0.440240764076,28.7473521969,6.13851234669,1.52199726659,28.8306671774,9.25377537946,6.29692174333,25.5591734218
1.3885,1.45482158026,1,4.03223060303,0.428657884546,27.2907682599,4.86626621459,1.12392219484,26.9819683154,9.32005456474,6.33072247704,25.5783424439
1.389,1.41623337175,1,3.38649989322,0.521859910943,25.9070247515,3.63983925819,0.748048990826,25.1370779071,9.15996294926,6.24907974047,25.532041336
1.3895,1.32501450812,1,2.88134751169,0.680808735402,24.5977180198,2.55342045021,0.398914438004,23.4002813401,8.78152155992,6.05608405758,25.4225899098
1.39,1.19008915374,1,2.50067068463,0.880402625435,23.3607331392,1.66688963636,0.0415096963734,21.8171819192,8.22175424273,5.77061666769,25.2606960661
1.3905,1.02515760494,1,2.2277997234,1.10641429531,22.1928885671,1.00092372386,-0.394537611984,20.378195962,7.53749967093,5.4216638785,25.0627984766
1.391,0.845491396067,1,2.04729992861,1.3526598333,21.0911820334,0.548819088239,-0.986136107584,19.049186214,6.79211514192,5.04153633367,24.8472211058
1.3915,0.665027691472,1,1.9459828857,1.61871710879,20.0533068492,-0.138552637431,-2.62535734254,18.3597956646,6.04342202764,4.65972149275,24.6306868381
1.392,0.494574050241,1,1.91337768656,1.90824697118,19.07785479,-0.101034143408,-2.27554604227,18.6199234794,5.33625784867,4.2990853745,24.4261634163
1.3925,0.341237029985,1,1.94186432592,2.22785363889,18.1644371228,0.600672263134,-0.800565366927,18.7836714859,4.70010571221,3.97466362927,24.2421778362
1.393,0.208735567483,1,2.02661871349,2.58637946,17.3138446961,1.43495500365,0.615510673877,18.1048452598,4.15039444019,3.69432457195,24.0831923648
1.3935,0.098152769146,1,2.16547166554,2.99452187911,16.5283126105,2.03625692884,1.55186625339,17.9020792537,3.69161753622,3.46035977748,23.9505065967
1.394,0.0087807639318,1,2.3587456409,3.46466402595,15.8119345134,2.73740032221,3.23641634713,17.9360124771,3.3208382426,3.27127157257,23.8432711737
1.3945,-0.0611345747541,1,2.60910196838,4.01081153269,15.1712706718,3.44102793431,4.88093087495,17.7011637378,3.03077918183,3.12334867596,23.7593813595
1.395,-0.1138219425,-1,2.92140516569,4.64851767403,14.6162020742,4.03577879895,6.1915836258,16.8645307913,2.81219412325,3.01187574028,23.6961629931
1.3955,-0.151588498434,-1,3.30258587533,5.39464819071,14.1610911294,4.83003889723,7.80321953761,16.1695449419,2.65551131304,2.9319714095,23.6508477673
1.396,-0.176570473668,-1,3.76145522598,6.26677690008,13.8263068331,5.72759985993,9.53443739731,15.6825742387,2.5518681296,2.87911596734,23.6208724671
1.3965,-0.1905932035,-1,4.30838545754,7.28190373712,13.6401390392,6.55457710738,11.0484532984,15.4525341245,2.49369177058,2.84944747321,23.6040469146
1.397,-0.195105908229,-1,4.95471835164,8.45404275036,13.6410265561,7.34281229521,12.3709982883,15.465768328,2.47496982887,2.83989974924,23.5986322236
1.3975,-0.191163230509,-1,5.71168981199,9.79005162853,13.8797943444,8.12005965123,13.5271101238,15.7061419862,2.49132688896,2.84824144249,23.6033629523
1.398,-0.17943284592,-1,6.58856852873,11.2829307391,14.4211403411,8.91138370677,14.5411014189,16.156430637,2.53999295281,2.87305992295,23.6174379722
1.3985,-0.160214979144,-1,7.58962244144,12.9018880578,15.3428222747,9.63147887451,15.2493152304,16.8295529689,2.61972247271,2.91371999231,23.6404970506
1.399,-0.133465000443,-1,8.70951850601,14.5791352786,16.7298404406,10.1384524568,15.3905523801,17.7548409579,2.73070060488,2.97031607564,23.6725937376
1.3995,-0.0988145700617,-1,9.92698155573,16.1953004208,18.659710816,10.591664888,15.3223182296,19.0424768279,2.87445548729,3.04362748522,23.7141699958
1.4,-0.0555904170925,2,11.1972398542,17.5691883495,21.174833336,11.1228395415,15.3268641328,21.2055486206,3.05378033143,3.13507868937,23.7660336673
1.4005,-0.00283330975273,2,12.4452275217,18.463056373,24.2414348645,11.6295036576,15.2175846377,23.6361927996,3.27265471996,3.24669917611,23.8293357126
1.401,0.060676251393,2,13.5635910536,18.6181106597,27.7045190515,12.106002543,14.7095485396,25.9903653875,3.53613801278,3.38106909299,23.9055393811
1.4015,0.13637383053,2,14.4210990327,17.8284355724,31.2637950464,12.4318533452,13.3681696897,28.2162995548,3.85018596161,3.54122572504,23.9963671733
1.402,0.225829180732,2,14.8855286455,16.0372585601,34.504963773,13.0281317044,12.9235576252,29.9417001644,4.22131103013,3.73049026653,24.1037026
1.4025,0.330597401095,2,14.8582250516,13.405690422,37.002752125,13.3897815765,12.2670601611,32.4666865252,4.65596488674,3.95215290768,24.2294115891
1.403,0.451961319606,2,14.3074947156,10.2955910263,38.4609822952,13.2401788537,10.8020336274,34.8512246456,5.15946962369,4.20892778295,24.3750333764
1.4035,0.5905116381,2,13.2833332787,7.15539203624,38.8103543366,12.3776083369,7.62459232534,36.5078317715,5.73427589663,4.5020646657,24.5412767316
1.404,0.745510239532,2,11.9041560425,4.37080695262,38.2031281174,11.6968377548,4.92427050321,36.9182099786,6.37732146569,4.83000188987,24.727256005
1.4045,0.914012546104,2,10.3225500155,2.16630526339,36.918771839,11.1221049632,3.28398665805,36.8173165741,7.07639010641,5.18650948525,24.929438065
1.405,1.08982195017,2,8.68759306897,0.594460944729,35.2500771732,10.4056750571,2.13182336096,36.3263810481,7.80577383786,5.55847702185,25.140387744
1.4055,1.26254899974,2,7.11855805329,-0.412933284369,33.4286486223,9.4798367725,1.2969996487,35.3764104056,8.52236974815,5.92392308816,25.3476389764
1.406,1.41733549182,2,5.69462911793,-0.979565392388,31.6030223182,8.29976716106,0.607900535547,33.9282285426,9.16453533521,6.25141154342,25.5333637446
1.4065,1.536018414,2,4.45704132414,-1.23575022268,29.8510072673,6.87145280442,-0.0621741928217,32.0172983511,9.65691737299,6.50251411915,25.6757686658
1.407,1.60029754019,2,3.41747439862,-1.2928956156,28.2033407643,5.27329931018,-0.754041868618,29.7803193612,9.92359337457,6.63851223797,25.7528957177
1.4075,1.59651860122,2,2.56779278361,-1.23542615243,26.6648988344,3.64739608936,-1.42654318365,27.4339860516,9.90791562048,6.63051697387,25.7483614554
1.408,1.52029507071,2,1.88849413903,-1.12211258522,25.229024537,2.15175026357,-2.01959221827,25.2023773551,9.59168564744,6.46924756381,25.6569025862
1.4085,1.37854656799,2,1.35498043232,-0.991033087061,23.8855273479,0.901587548011,-2.53154841482,23.2309909327,9.00361100834,6.16934414479,25.4868218029
1.409,1.18766229801,2,0.941711189673,-0.865087337541,22.6243981607,-0.0582771038935,-3.04562818701,21.54594748,8.21168590143,5.76548206439,25.2577841374
1.4095,0.96876098212,2,0.624661980305,-0.756785784498,21.4371192345,-0.739081779635,-3.69069252063,20.086031515,7.30352595711,5.30234311193,24.99512946
1.41,0.742475661427,2,0.382568187296,-0.67196854953,20.3168339477,-1.35248354492,-5.00036599709,18.9625999133,6.36473185529,4.82358150213,24.7236148842
1.4105,0.525314229468,2,0.197366806154,-0.612506241797,19.2580872653,-1.61429283107,-5.2552096008,19.1844276539,5.46379019968,4.36412369713,24.4630478536
1.411,0.328236125079,2,0.0541497387621,-0.578167501598,18.2564788324,-0.980567972299,-3.83838899051,19.279606189,4.64616861719,3.9471570542,24.226578348
1.4115,0.156948464325,2,-0.0591510500344,-0.567856898864,17.308363608,-0.426311171415,-3.03794030684,18.7978059516,3.93554432598,3.58475636488,24.0210542053
1.412,0.0130677733864,2,-0.152201150206,-0.580403501772,16.4106347179,0.190639540126,-1.36492806827,18.6217294761,3.33862383814,3.28034178332,23.8484150582
1.4125,-0.104531945154,2,-0.232734553401,-0.615045516263,15.5605828191,0.719362847471,0.178716306433,17.3248823469,2.85073570733,3.03153098822,23.7073098483
1.413,-0.198549901995,2,-0.307007495476,-0.671721986271,14.7558152326,1.49533635721,2.30279775291,15.9774238137,2.46068166813,2.83261314314,23.5944998543
1.4135,-0.272390574357,2,-0.38021143463,-0.751253044566,13.9942193688,1.96681949367,3.71101047145,14.853284196,2.15433750283,2.67638524881,23.505900122
1.414,-0.329588877532,2,-0.456838117415,-0.85546680447,13.2739603124,2.13435107884,4.31535005682,13.6914308435,1.91703784287,2.55536833255,23.4372691875
1.4145,-0.373469899702,2,-0.540999768502,-0.987313466827,12.5935084776,2.05956741581,4.28521033434,12.5924407608,1.73498783332,2.46252736191,23.3846173536
1.415,-0.406976758524,2,-0.636713007792,-1.15099473475,11.9516991435,1.81471801708,3.81248783833,11.5939136877,1.59597730741,2.39163545598,23.3444132408
1.4155,-0.432609454243,2,-0.748157778185,-1.35212804981,11.3478316969,1.45314121258,3.03984043898,10.7174100145,1.48963446785,2.33740325643,23.313657156
1.416,-0.452431334014,2,-0.879923472563,-1.59795921203,10.7818233457,1.0130384065,2.07095944154,9.97216114427,1.40739906805,2.29546525074,23.2898733363
1.4165,-0.46811266763,2,-1.03725424516,-1.89763217327,10.2544410145,0.52071476154,0.979129373028,9.35813834232,1.34234162878,2.26228757707,23.2710576631
1.417,-0.480991215779,2,-1.22630443258,-2.26251937726,9.76764746895,-0.00675578748087,-0.185839649821,8.86851350545,1.28891215751,2.23503987746,23.255604988
1.4175,-0.492137397339,2,-1.45441290253,-2.70660732865,9.32511510459,-0.559241213165,-1.3908049618,8.49715799707,1.24266978759,2.21145742054,23.2422309399
1.418,-0.502417103207,2,-1.73040122735,-3.24691589515,8.93298518738,-1.12715268288,-2.57934168051,8.38915217323,1.20002218143,2.18970820361,23.2298965562
1.4185,-0.51254885431,2,-2.06489320723,-3.90389906036,8.60098334358,-1.71086718973,-3.74768750355,8.51207532996,1.15798839794,2.16827202094,23.2177397
1.419,-0.523154328371,2,-2.47063938121,-4.70171731048,8.34404389488,-2.31394070579,-4.89785153297,8.84283935796,1.11398927124,2.14583356219,23.2050144345
1.4195,-0.534802675593,2,-2.96280434818,-5.66816729033,8.18464125839,-2.94266834967,-6.0365067699,9.36633666162,1.06566355734,2.12118865173,23.1910378493
1.42,-0.548049814054,2,-3.55912781722,-6.83387077135,8.15605784635,-3.60588104524,-7.17429488963,10.0745978532,1.01070490861,2.09316110971,23.1751429112
1.4205,-0.56347426646,2,-4.27978774832,-8.23001705599,8.30678573156,-4.31494620252,-8.32546995167,10.9663817069,0.946713197178,2.06052693069,23.1566354639
1.421,-0.58171122522,2,-5.14665496465,-9.88347219704,8.70605028583,-5.08395088577,-9.50782621648,12.0471465251,0.871053188537,2.02194221072,23.1347533546
1.4215,-0.603486504628,2,-6.18141032448,-11.8074102945,9.44982443931,-5.9602794093,-10.8097607298,13.3237435594,0.780713683477,1.97587131318,23.1086256953
1.422,-0.629651892272,2,-7.40169251197,-13.9849684022,10.6652574242,-7.05727430964,-12.6088975297,14.6271216602,0.672160855053,1.92051207436,23.0772304457
1.4225,-0.661223120117,2,-8.81412700525,-16.3434794748,12.5086127541,-8.35087672842,-14.651373107,16.2966940112,0.541180717247,1.85371546635,23.0393488522
1.423,-0.699421133051,2,-10.4030322815,-18.7193922011,15.1473630537,-9.48808272904,-16.2339831569,18.5203349408,0.382707913383,1.77289828339,22.993515931
1.4235,-0.745716312319,2,-12.1144995835,-20.8222991189,18.7127192652,-10.4604540738,-17.3399572436,21.3582183997,0.190642245548,1.67494957649,22.9379674052
1.424,-0.801873389295,2,-13.8385819514,-22.2234461213,23.2114029016,-11.2553752847,-17.9378791298,24.8960979834,-0.0423376599927,1.55613562739,22.8705858142
1.4245,-0.869991211982,2,-15.3983914881,-22.4140867663,28.4086102003,-11.8743790722,-17.9144845485,29.1422945028,-0.324939332833,1.41201581288,22.7888527983
1.425,-0.952525035099,2,-16.5617977632,-20.9742495604,33.7465624076,-12.427776848,-16.745272974,33.4948239245,-0.667348933709,1.23739544467,22.6898223534
1.4255,-1.05226757815,2,-17.0903440585,-17.8196255942,38.4110875527,-12.8991300068,-14.289018751,38.0668584281,-1.08115266974,1.02636584572,22.5701435595
1.426,-1.17224586042,2,-16.8196999077,-13.368100736,41.6076116436,-13.1206185104,-11.4900506499,41.0677806106,-1.57890879199,0.772522620767,22.4261843653
1.4265,-1.31546060925,2,-15.7325708549,-8.43887553089,42.9177917025,-13.2505005884,-9.66606923462,41.4046651332,-2.17306647345,0.469517001646,22.254344267
1.427,-1.48435309704,2,-13.9739174545,-3.89874102306,42.4670241763,-13.182914367,-8.28510146838,41.1323568958,-2.87375386623,0.112183883042,22.0516940374
1.4275,-1.67984031947,2,-11.7953189162,-0.315803214944,40.7763222158,-12.826791288,-7.06413614127,40.9071480798,-3.68477532725,-0.301416862327,21.8171333947
1.428,-1.89975188396,2,-9.46711857656,2.14987765628,38.4571425908,-12.0748658222,-5.71690306902,41.0338583884,-4.59712650864,-0.76669324131,21.5532665431
1.4285,-2.13662657849,2,-7.20927580728,3.6349557135,35.9841822468,-10.8349537279,-4.04991181129,41.4530124156,-5.57985294188,-1.26785924593,21.26904602
1.429,-2.37524725432,2,-5.16319212916,4.39893673891,33.6300022821,-9.23558760446,-2.92643853809,39.7614969382,-6.56982296004,-1.77271929844,20.9827305341
1.4295,-2.59113183892,2,-3.39637514153,4.70059058087,31.5053662076,-7.18674715045,-1.7318874454,36.7681675061,-7.46546733535,-2.22947562243,20.7236955634
1.43,-2.7521524472,2,-1.92187483448,4.74466106953,29.6266612276,-4.76572247569,-0.0949380840239,33.3543545899,-8.13349651579,-2.57015386615,20.5304906219
1.4305,-2.82530560771,2,-0.719142091182,4.67398612472,27.9690311901,-2.26960446851,1.84221080234,30.1482611598,-8.43698838793,-2.724927162,20.4427158194
1.431,-2.78784725225,2,0.249547236838,4.58044297627,26.4971102963,-0.0762160529139,3.57054976941,27.3032556014,-8.28158421475,-2.64567490426,20.4876612425
1.4315,-2.63738375114,2,1.02812196563,4.51961813361,25.178975349,1.60821436078,4.80901504306,24.8238682989,-7.6573535004,-2.32733278738,20.6681989528
1.432,-2.3939782905,2,1.66023715209,4.52336392749,23.9906547716,2.84520126056,5.91708550899,23.1778426044,-6.64753275684,-1.81234935933,20.9602555926
1.4325,-2.09245055306,2,2.18593338681,4.60900745623,22.9163685229,3.82454284005,7.62772170246,23.2691270341,-5.39657904681,-1.17439412416,21.3220518216
1.433,-1.77021726024,2,2.64028429048,4.78561045805,21.9473512736,4.3282671246,8.61144103013,21.8683341476,-4.05972381564,-0.492631252729,21.7086921725
1.4335,-1.45772176842,2,3.05320482484,5.05800359564,21.0805714907,4.47540129189,9.41589808683,19.9717417611,-2.76326797983,0.168528933281,22.083648359
1.434,-1.17453467762,2,3.44986738237,5.42921602388,20.3178291154,4.38769801306,10.8513967288,20.6527067929,-1.5884044503,0.767680071537,22.423438066
1.4345,-0.929999340162,2,3.85136809877,5.90173494825,19.6653290813,4.0008038261,9.95510421509,21.6810697625,-0.573896165846,1.2850540287,22.7168504191
1.435,-0.725921932773,2,4.27541304875,6.47785972838,19.1336719774,3.15349154394,7.02777112769,20.0615287007,0.272763554657,1.71682939877,22.9617182281
1.4355,-0.559458366192,2,4.73687021896,7.15927598824,18.7381418761,2.97152597622,5.49214690802,16.9676697982,0.963374037011,2.06902354404,23.1614540507
1.436,-0.425387450315,2,5.24807301058,7.94586405171,18.4991270456,3.4869670989,5.55130124045,14.4630469531,1.51959652933,2.35268316154,23.3223226732
1.4365,-0.317629241415,2,5.81877625519,8.83367578353,18.4424366192,4.55402483063,6.98661186373,13.3174258378,1.96665500678,2.58067185035,23.4516192811
1.437,-0.230141685252,2,6.45566795512,9.81198474119,18.5991478768,5.9380611792,9.2341805501,13.1593575046,2.32961625171,2.76577304515,23.5565935968
1.4375,-0.157382985817,2,7.16134469978,10.8593830913,19.0044250654,7.32027131361,11.1366797095,13.5773689321,2.63147161589,2.9197117627,23.6438950945
1.438,-0.0944987978513,2,7.93269016865,11.9391444584,19.6945185892,8.4030003372,12.3909688319,14.7900444676,2.89236041141,3.05275855057,23.719348392
1.4385,-0.0373487574558,2,8.75869097073,12.9945955455,20.7009884125,9.47801218567,13.6541756871,17.2535534217,3.12945984268,3.17367335519,23.7879214171
1.439,0.0175511065606,2,9.6179282984,13.9461010757,22.0413383075,10.4453434767,14.610667901,19.868900508,3.35722392553,3.28982736463,23.8537945071
1.4395,0.0731205933056,2,10.4763308611,14.6923301001,23.7060933693,11.3091599733,15.0926336614,22.196986433,3.5877660846,3.40739812374,23.920471062
1.44,0.131810302351,2,11.2862294928,15.1191598717,25.6443015831,11.964717493,14.7298886977,24.4814790758,3.83125316772,3.53157047171,23.9908915003
1.4405,0.195678029246,2,11.9881283447,15.1187264772,27.7524014897,12.752166019,14.9428420004,26.34342295,4.09622238942,3.6666981753,24.0675249236
1.441,0.266430771627,2,12.5165110122,14.6174642805,29.8740174595,13.5802429234,15.429208914,28.0109181215,4.3897556024,3.81639280302,24.1524195194
1.4415,0.345418641613,2,12.8099801438,13.6056039662,31.8176478779,14.0413702715,15.4507003657,30.3892872417,4.71745404184,3.98351084529,24.2471952563
1.442,0.433567288507,2,12.8240214925,12.1548763916,33.3927499767,14.0864118777,14.8549383287,32.4970756015,5.08315796613,4.17001073826,24.3529627996
1.4425,0.531236091841,2,12.5425283349,10.4120036295,34.4538142652,13.6188824268,13.120337634,34.2733810934,5.48835833981,4.37665283668,24.4701533607
1.443,0.63799373898,2,11.9835216274,8.56602761912,34.9340648504,12.7078298716,10.1509825495,35.1008269949,5.93126576814,4.60252459384,24.5982494174
1.4435,0.752315927579,2,11.196362088,6.80210241957,34.8535422756,12.1711373375,8.36084952025,35.1519928679,6.40555634976,4.84440097752,24.7354219943
1.444,0.871238199296,2,10.2514033045,5.26174048168,34.3000239512,11.7423470913,7.43571995711,34.8165848279,6.89893138143,5.09600995539,24.8781141055
1.4445,0.990044935828,2,9.22613669276,4.02382534916,33.3950625758,11.2274916079,6.86834593696,34.2271250562,7.39182709014,5.3473744905,25.0206675888
1.445,1.10213851235,2,8.19255305847,3.10775242172,32.2614205662,10.5991466288,6.55512330768,33.36760373,7.85687178753,5.5845357035,25.155166105
1.4455,1.1992844385,2,7.20880596685,2.49020584473,31.0022092421,9.84319655872,6.39367758871,32.2419336632,8.25990289098,5.79007152815,25.2717292777
1.446,1.27241495221,2,6.31586637034,2.12514016978,29.6932670177,8.96616971886,6.29601769183,30.8855838284,8.56330080789,5.94479690917,25.3594769069
1.4465,1.31303238663,2,5.53813016778,1.9601108528,28.3848097575,7.99967479366,6.20000850951,29.3668392904,8.7318111105,6.03073296649,25.4082128366
1.447,1.3149757718,2,4.88632472832,1.94664883478,27.1073050558,6.99771589212,6.07158530173,27.7727463489,8.73987366856,6.03484467029,25.4105446599
1.4475,1.2760158655,2,4.36124843102,2.04530859345,25.8779462742,6.02550243488,5.8944345549,26.184091497,8.57823998359,5.95241551669,25.3637975603
1.448,1.19864684832,2,3.95737964948,2.22707633885,24.705975923,5.14390549908,5.65313770592,24.6525683308,8.25725770876,5.7887225511,25.2709642479
1.4485,1.08970046342,2,3.66587614598,2.47275547764,23.5964352193,4.39714575386,5.32158811148,23.1930180034,7.80526982354,5.55821998709,25.1402419748
1.449,0.958913960545,2,3.47682408917,2.77147875445,22.5525669851,3.80886741269,4.8642321401,21.7936755283,7.26267343629,5.28150934381,24.9833142442
1.4495,0.817012496709,2,3.38078418944,3.11902524031,21.5772894517,3.38171888955,4.19255696275,20.417656874,6.67396420459,4.98128229836,24.8130499264
1.45,0.673959919915,2,3.36976233669,3.51627523158,20.6741271459,2.71596305561,2.59877464418,19.6092116812,6.08047932925,4.6786197936,24.6414044145
1.4505,0.537804942514,2,3.43774737203,3.96791873677,19.8478850212,2.49525904679,2.28041133489,19.6684801142,5.51561065228,4.39055083728,24.4780351743
1.451,0.414218126736,2,3.58094080658,4.48140645742,19.1052550095,2.92066325802,3.25052318806,19.7887784405,5.00288374026,4.12907288241,24.3297461834
1.4515,0.3065759736,2,3.79777119406,5.06605834406,18.4554715053,3.73523417896,4.7056072306,19.5526867756,4.55630674551,3.90132973779,24.2005888282
1.452,0.216363198755,2,4.08874886999,5.73219586269,17.9110808042,4.58066405182,5.97338020474,18.7891610503,4.18203933535,3.71046268032,24.0923445849
1.4525,0.14369030142,2,4.45617843158,6.49012167277,17.4888456795,5.15268736412,6.42650388715,18.5290093563,3.88053993993,3.55670549797,24.0051460392
1.453,0.0877930639173,2,4.90370702293,7.34872467578,17.2107514144,5.76796634543,7.26616298327,18.4481021857,3.64863803522,3.43844130245,23.9380762236
1.4535,0.0474476811766,2,5.43564562405,8.31343956726,17.1049901501,6.43617923769,8.45475056691,18.7567454391,3.48125639846,3.3530808366,23.8896667225
1.454,0.0212820348003,2,6.05595906996,9.3832546947,17.2066475126,7.09990869529,9.67358747469,19.2347990724,3.37270249663,3.29772105037,23.8582711625
1.4545,0.00798968508053,2,6.7667847237,10.546486017,17.557569437,7.75423111189,10.8237274003,19.8289200919,3.31755627911,3.26959785294,23.8423219763
1.455,0.00646421158854,2,7.56632721963,11.7752118948,18.2045364067,8.39673547277,11.8477361251,20.589259291,3.31122751898,3.2663703429,23.8404915956
1.4555,0.0158736431676,2,8.44602456515,13.018747984,19.1944727139,9.02470602168,12.7001937778,21.5521419741,3.35026460208,3.286278283,23.8517817572
1.456,0.0356922520466,2,9.38705167038,14.1975212755,20.5651854998,9.63515446332,13.3442306444,22.743879403,3.43248643187,3.32820936833,23.8755616522
1.4565,0.0657025430643,2,10.3565992886,15.2002520544,22.3305516977,10.2154508989,13.6646189013,23.788542558,3.55699068214,3.391703435,23.9115703134
1.457,0.105975148928,2,11.3049804194,15.8890813231,24.4609122382,10.647868958,13.2876267314,24.9730314687,3.72407038813,3.47690992367,23.9598924912
1.4575,0.156829036153,2,12.165352175,16.1178402185,26.86328434,11.1263013651,12.8932946477,26.0946325815,3.93504885211,3.58450368555,24.0209109062
1.458,0.218768985721,2,12.8582536905,15.7656926831,29.3710807635,11.7773829974,13.0426153621,26.9956229799,4.1920202683,3.71555270753,24.0952312336
1.4585,0.292391656457,2,13.3024721849,14.780135783,31.7557250608,12.3461804091,13.1502996514,28.3625388618,4.49746000621,3.87131936642,24.1835693908
1.459,0.378245799182,2,13.4313415767,13.2123117098,33.7672010577,12.5698809911,12.6658780666,30.3101808809,4.85364467856,4.05296467798,24.2865838111
1.4595,0.476627234457,2,13.2100150374,11.2227324022,35.1950902794,12.3511172887,11.4088701375,32.0141245484,5.26180156157,4.26111452253,24.404629443
1.46,0.587287475685,2,12.6468376715,9.0463065863,35.9246387327,11.5494483852,8.73512500971,33.1840392059,5.72089975429,4.49524316626,24.537408133
1.4605,0.709041504967,2,11.793295623,6.92902400209,35.9599032678,10.8259485895,6.19079713231,33.4029838348,6.22602295103,4.75284341572,24.6834980053
1.461,0.839283846051,2,10.7321708761,5.06641004184,35.4043292159,10.3702288939,4.81605756131,33.090674219,6.76636176418,5.02840275245,24.8397728086
1.4615,0.973473553119,2,9.55905680145,3.57011915276,34.4138981929,9.8345102112,3.8746928822,32.5687705391,7.32307708771,5.31231370159,25.000783966
1.462,1.10473372408,2,8.36445410195,2.46880187074,33.1488328727,9.17669395386,3.25165751144,31.7959549638,7.86763859053,5.59002650487,25.1582800401
1.4625,1.22381300567,2,7.2216141432,1.73127477399,31.7420942514,8.36853786756,2.8297306062,30.7451800506,8.36166501198,5.84196767531,25.3011605439
1.463,1.31971366042,2,6.18153600014,1.29528148713,30.288206951,7.40717052867,2.50824299649,29.42263031,8.75952983484,6.04486882553,25.416229544
1.4635,1.38119547783,2,5.27367096848,1.09071342644,28.8462384199,6.32448864618,2.22177549488,27.8801777953,9.01460058967,6.17494855755,25.4900001692
1.464,1.39903157541,2,4.50986653261,1.05376834686,27.4488350111,5.18685050873,1.9459652382,26.2105682198,9.08859753811,6.21268515825,25.5114012943
1.4645,1.36839899697,2,3.88939199881,1.13328859326,26.1116861592,4.08035212652,1.68189473264,24.5222893313,8.96151159248,6.14787449125,25.4746459648
1.465,1.2904527421,2,3.40368577995,1.29203779875,24.840909506,3.08659359424,1.42648821804,22.9048848866,8.63813452097,5.98296023899,25.381120038
1.4655,1.17231872237,2,3.0401990192,1.5053784841,23.6379296164,2.26210072016,1.14982164238,21.4042868461,8.14802972494,5.73301899984,25.2393737323
1.466,1.02545433297,2,2.78519399572,1.75898479579,22.5023434601,1.63185744377,0.795237903043,20.0223079792,7.53873071202,5.4222916788,25.0631545137
1.4665,0.863090122006,2,2.62560503128,2.04648545723,21.4334635594,1.19634179809,0.299292198555,18.7377361668,6.86512730224,5.07877071695,24.8683374141
1.467,0.697751789685,2,2.55016254728,2.36744002783,20.4311174538,0.619288636855,-1.04932829549,17.9326048847,6.1791851001,4.72895727832,24.6699517344
1.4675,0.539577651146,2,2.54998881788,2.72577221295,19.4960995454,0.421967863833,-1.26225879019,18.1588570635,5.52296512142,4.39430143337,24.4801622068
1.468,0.395626205423,2,2.61884377747,3.12864231319,18.6305179291,0.95585804958,-0.0572287148834,18.5063701686,4.9257510919,4.08973715286,24.3074381626
1.4685,0.269973642969,2,2.75315673872,3.58567541079,17.8381778735,1.91297495883,1.64302590467,17.8961996918,4.40445397837,3.82388860868,24.1566705296
1.469,0.164259708371,2,2.95193703873,4.1084322774,17.1250877285,2.59623260257,2.55145021917,17.5879367141,3.96587661959,3.60022507915,24.0298267997
1.4695,0.0783832703647,2,3.21661751939,4.70999147112,16.5001465573,3.27934546067,3.77741071429,17.5100212821,3.6095994504,3.4185325965,23.9267856278
1.47,0.0111593671715,2,3.55084911708,5.40448776761,15.9760600132,3.98470304115,5.37116287748,17.7545400683,3.33070639792,3.27630408601,23.8461252053
1.4705,-0.0391488188617,2,3.96023007656,6.20641267111,15.5705163966,4.69992921244,6.97169520025,18.0690588444,3.12199189458,3.16986488766,23.7857615646
1.471,-0.0744426494669,2,4.45191554387,7.12941934726,15.3076197198,5.38631357023,8.32621166739,17.962289925,2.97556772574,3.09519220848,23.7434133053
1.4715,-0.0965304726805,2,5.03400840333,8.18428493193,15.2194935158,6.00300448743,9.43545301073,17.7343994512,2.88393156441,3.04846004854,23.7169106319
1.472,-0.106972048358,2,5.7145776751,9.3755809669,15.3477960817,6.58726244188,10.3388301253,17.6053082149,2.84061240597,3.02636835667,23.7043820243
1.4725,-0.10699609328,2,6.5000898196,10.6965366062,15.744566857,7.16607027581,11.0910527009,17.7246245292,2.84051265036,3.02631748379,23.7043531733
1.473,-0.0974662603103,2,7.39298853589,12.1216707609,16.4712964468,7.76216539084,11.7463352066,18.2085394148,2.88004924493,3.0464801623,23.7157878018
1.4735,-0.0788767484737,2,8.38816717152,13.5972607197,17.5943828259,8.40082877909,12.3399819048,19.1803926513,2.95717189706,3.08581079402,23.7380929314
1.474,-0.0513646699267,2,9.46824038751,15.0309845903,19.1744213838,9.05536077975,12.9018912036,20.8344503754,3.07131176698,3.14401928485,23.7711040446
1.4745,-0.01473171297,2,10.597988519,16.2844874654,21.2467731057,9.68466914234,13.3337722006,22.7371547047,3.22329159411,3.2215252114,23.815059091
1.475,0.0315274282439,2,11.7192669865,17.1759627636,23.7929566501,10.2827337899,13.4855172177,24.8213502597,3.4152077502,3.31939767103,23.8705643755
1.4755,0.0881875757156,2,12.7489877816,17.5022104381,26.7082705242,10.7945111285,13.0584277806,26.6369877124,3.65027475363,3.43927598807,23.9385495893
1.476,0.156239033515,2,13.5838633648,17.0866049335,29.7804633357,11.2692226816,12.298978933,28.3607141397,3.93260109723,3.58325539153,24.0202029755
1.4765,0.236803276907,2,14.1150305015,15.8461669459,32.7014915611,11.9747246096,12.299901186,29.6815307838,4.26683946622,3.75370863498,24.1168701668
1.477,0.330997094207,2,14.2519370326,13.8499581031,35.1276760632,12.4019431033,11.9460633038,31.9029677988,4.65762310096,3.95299855563,24.2298911717
1.4775,0.43971547233,2,13.9485304093,11.3293475695,36.7759444173,12.371848494,10.8907636519,34.042169777,5.10866505025,4.18301871586,24.3603398646
1.478,0.563296630102,2,13.2201253306,8.61955823741,37.5109431855,11.6923899191,8.32713871443,35.6796340398,5.6213684888,4.44448469984,24.5086220666
1.4785,0.701033784091,2,12.1417362639,6.05661275743,37.3736053876,10.9355668918,5.45630840167,36.1517925756,6.19280117109,4.73590113539,24.6738897244
1.479,0.850520725976,2,10.828181303,3.88512102292,36.5389335795,10.4624801749,3.87172433709,35.9677525002,6.81298041608,5.05217710381,24.8532556836
1.4795,1.00688289734,2,9.40571235493,2.21927366732,35.2363127778,9.88756100907,2.78174199722,35.480551,7.46168305297,5.38299929167,25.0408710733
1.48,1.16207282948,2,7.98712123525,1.05864688707,33.6785894358,9.15442402027,2.04635654362,34.6352800844,8.1055223993,5.71134132248,25.22707992
1.4805,1.30459077213,2,6.657304883,0.331746798782,32.0249111169,8.22191935097,1.51929421414,33.3927791244,8.69678922808,6.01287267873,25.3980839366
1.481,1.42014126995,2,5.4696526537,-0.0606088527306,30.3753898685,7.08266741456,1.07706314244,31.7607932415,9.17617571889,6.25734784918,25.5367303335
1.4815,1.49365716658,2,4.44974115154,-0.215829520527,28.7831537529,5.77995024816,0.649859179549,29.8178980126,9.4811724811,6.41288860148,25.6249403749
1.482,1.51260564003,2,3.60225303153,-0.215047496417,27.2706582647,4.40865390753,0.23062663173,27.7099326279,9.55978436391,6.45297870376,25.6476762143
1.4825,1.47061281252,2,2.91821376503,-0.119040685055,25.8433188121,3.09049452945,-0.154143694294,25.6099778901,9.38556794252,6.36413266799,25.597289982
1.483,1.36979830656,2,2.38107491842,0.030330105059,24.4985843511,1.93338926902,-0.496412041118,23.6582692294,8.96731693411,6.15083507089,25.4763249643
1.4835,1.22054445843,2,1.97119708588,0.2065595298,23.2310717305,1.00086867429,-0.840927717751,21.9183155955,8.34810472946,5.83505226897,25.2972386889
1.484,1.03874260353,2,1.66882912406,0.394645733128,22.0350571406,0.308642153754,-1.27656997213,20.3778413921,7.59386000623,5.45040624576,25.0790988054
1.4845,0.841866567874,2,1.45588993105,0.587746267476,20.905466121,-0.157954664855,-1.89757430387,18.9890412558,6.77707675005,5.03386712837,24.8428717574
1.485,0.645527240941,2,1.31689006598,0.784582352685,19.8381323009,-0.917195069445,-3.70516439887,18.3609584786,5.96252014728,4.61846354876,24.607288694
1.4855,0.46147473707,2,1.23928567688,0.98757603602,18.8297675041,-0.734578015168,-2.98372053081,18.6146054737,5.19893811496,4.22905573047,24.3864483082
1.486,0.29709838077,2,1.21349075595,1.20160862524,17.8778663551,0.0795496339142,-1.34899356369,18.3192852583,4.51698688056,3.88127758599,24.1892168815
1.4865,0.155938087936,2,1.23270985137,1.43326778738,16.9806441639,0.692105064863,-0.497364283888,17.9051162026,3.93135255873,3.58261866799,24.0198418778
1.487,0.0386419588678,2,1.29270065735,1.69046130989,16.1370468032,1.36280007859,1.09297589074,17.9496103751,3.4447239352,3.33445019023,23.8791009379
1.4875,-0.0560321211521,2,1.39153586511,1.98229658005,15.3468488958,2.0417618075,2.82436625492,17.6404673694,3.05194782561,3.13414415705,23.7655036767
1.488,-0.130374529018,2,1.52940482584,2.31914619252,14.6108544107,2.65710891119,4.33498134302,16.5275519539,2.74352210093,2.97685471928,23.6763019235
1.4885,-0.187103445933,2,1.70847543735,2.71283648563,13.931222063,3.50674786143,6.31353915979,15.5427780094,2.50816979244,2.85683090377,23.6082341949
1.489,-0.228952518077,2,1.93282240632,3.17690375339,13.311952202,4.18862401527,8.00098131617,14.8885452961,2.3345497716,2.76828901741,23.5580204513
1.4895,-0.258424250456,2,2.20841673999,3.72685880665,12.7595903584,4.72404667397,9.17180544299,14.4860855933,2.21227984952,2.70593440248,23.5226579943
1.49,-0.277662450649,2,2.54315981998,4.38037928977,12.2842240852,5.19686794993,10.0742170084,14.1949453927,2.132465972,2.66523131283,23.4995745183
1.4905,-0.288403243616,2,2.94692991137,5.15730244908,11.9008711721,5.6093850356,10.7436691798,14.0777048701,2.08790544525,2.64250655404,23.4866868868
1.491,-0.291973375519,2,3.43158446152,6.07920619958,11.631370295,5.99800281685,11.2753518284,14.1586165806,2.07309397289,2.63495307204,23.4824031672
1.4915,-0.289313367145,2,4.01082118967,7.16822590367,11.5068690808,6.39934641711,11.7615084982,14.4469357926,2.08412959891,2.64058096645,23.4855948504
1.492,-0.2810103725,2,4.69973578303,8.44453987632,11.5709148401,6.84481305328,12.2780151148,14.9494858549,2.1185763866,2.65814797022,23.4955574236
1.4925,-0.267331139704,2,5.51381429504,9.92166451574,11.8829026366,7.3138402895,12.7721735408,15.7297528144,2.1753276731,2.68708971286,23.5119708218
1.493,-0.248249461708,2,6.46695994102,11.5983847678,12.5210727594,7.84589656402,13.3635236389,16.7424879227,2.25449218409,2.72746164174,23.5348664904
1.4935,-0.223465291801,2,7.56799611592,13.4460198381,13.5831610773,8.48068951975,14.1370897908,17.8190354932,2.3573147289,2.77989857864,23.5646044485
1.494,-0.192414672439,2,8.81499259761,15.3903361169,15.1810179967,9.19535162412,14.7787131985,18.9697427969,2.48613500865,2.84559371284,23.6018613758
1.4945,-0.154271189636,2,10.1869446277,17.2898467805,17.4232779631,9.84045344729,15.0590368787,20.2824382237,2.64438158235,2.92629552405,23.6476288675
1.495,-0.107941256994,2,11.6332085854,18.9179149896,20.3790555291,10.254937002,14.7356904926,21.8508858325,2.83659143215,3.02431776016,23.703219093
1.4955,-0.0520576786458,2,13.0631912729,19.9652488136,24.0197317299,10.7735161285,14.5532551882,24.4410265658,3.06843666886,3.14255305642,23.7702725193
1.496,0.0150206689134,2,14.3421663585,20.0870335931,28.1510782505,11.2650487145,14.173480746,27.2501415295,3.34672585199,3.28447360859,23.8507582929
1.4965,0.0951896110157,2,15.3020338307,19.0106450879,32.3746441061,11.6479963721,13.0452990902,29.7858638543,3.67932422719,3.45409049606,23.9469511711
1.497,0.19053845798,2,15.773861733,16.6793919444,36.1355434929,12.1409411929,12.0845245025,31.9388116353,4.0748997549,3.65582416277,24.0613580697
1.4975,0.303210548552,2,15.6377321035,13.3487403022,38.8828318665,12.6201791934,11.4167238646,34.3974342931,4.54234454427,3.89420936291,24.1965507317
1.498,0.43513014963,2,14.8687089278,9.54064813359,40.2778291052,12.5613874046,9.96212871516,36.9828823571,5.08964183703,4.17331735092,24.3548380409
1.4985,0.587518458362,2,13.5516180213,5.85309067109,40.3155000434,11.7244320738,6.67507657355,38.8373720485,5.7218580364,4.49573186627,24.5376852838
1.499,0.760108323409,2,11.8539148266,2.74428814043,39.2765684098,11.0957279188,3.93790352302,39.2914677651,6.4378848067,4.86088768536,24.7447719116
1.4995,0.949992592696,2,9.97301368828,0.424031583987,37.5638356911,10.5033428134,2.22245809672,39.2370761243,7.22566119223,5.26263402118,24.9726096992
1.5,1.15016196362,2,8.086581051,-1.12040321241,35.5447725476,9.73126775189,1.01362607145,38.7031322386,8.05610756946,5.68614099001,25.2127883447
1.5005,1.34807793426,2,6.32423194635,-2.0298419609,33.4740186346,8.69073456448,0.10239496725,37.5937871313,8.87720522317,6.10488034269,25.4502631869
1.501,1.52509378046,2,4.76186874776,-2.483349437,31.4906442644,7.32117364811,-0.721922599911,35.8546577548,9.61159414348,6.47940040094,25.6626604482
1.5015,1.65794371222,2,3.43011618958,-2.64432816386,29.6507119491,5.63376137905,-1.60094302839,33.5408645537,10.1627511163,6.76047672968,25.8220640398
1.502,1.7232467946,2,2.32770456707,-2.63985467608,27.9632932215,3.74527294835,-2.54567929663,30.8557485784,10.433675224,6.89864127678,25.9004197133
1.5025,1.7044058478,2,1.43414089824,-2.55947349046,26.416549427,1.85937352312,-3.45387935312,28.1125699682,10.3555094389,6.85877867326,25.8778128926
1.503,1.59796961637,2,0.719423307861,-2.46194840101,24.9926447535,0.184683606692,-4.22166758674,25.6166341095,9.91393547388,6.63358694917,25.7501024952
1.5035,1.41567837085,2,0.150558577552,-2.38361928407,23.6746798314,-1.15194725422,-4.85810790579,23.5347993922,9.15766040674,6.24790550113,25.5313754031
1.504,1.18070869005,2,-0.304543551937,-2.34576100913,22.4490921075,-2.12835252935,-5.49922174232,21.8511203993,8.18283733925,5.7507700162,25.2494406624
1.5045,0.920383598197,2,-0.675061192725,-2.36026684962,21.3059318114,-2.78745315756,-6.32645167355,20.4415733654,7.10282180825,5.19998899486,24.9370825445
1.505,0.659292922263,2,-0.986493476582,-2.43375123236,20.2383783982,-3.63423916959,-8.33803405461,19.7724834265,6.01963008439,4.64758819427,24.6238058198
1.5055,0.415375959702,2,-1.26065301751,-2.57039022541,19.2421549178,-3.37038946781,-7.5231034785,20.0577073963,5.00768726333,4.13152255954,24.3311354407
1.506,0.199137936933,2,-1.51608258156,-2.77382834315,18.3151042026,-2.69588523717,-6.34509777836,19.3587517102,4.11057657253,3.67401845117,24.0716763876
1.5065,0.0148174535404,2,-1.76867633902,-3.04842388185,17.4570055842,-2.11198764553,-4.72472686379,19.1322277725,3.34588276861,3.28404365706,23.8505144594
1.507,-0.137761223264,2,-2.03236873684,-3.40003538514,16.6696423882,-1.52183424077,-2.96553528973,17.5506844617,2.71287678568,2.96122637177,23.6674387982
1.5075,-0.26143441343,2,-2.31980916338,-3.83648387035,15.957119253,-1.03706171742,-1.26978829119,16.0602037846,2.19979153063,2.69956567089,23.5190461687
1.508,-0.360354510064,2,-2.6429736598,-4.36775980655,15.3264409021,-1.07352283634,-0.87453811693,14.3032366846,1.78939989327,2.49027615727,23.4003542094
1.5085,-0.439087921486,2,-3.01367997644,-5.00597559578,14.7883824223,-1.5429804498,-1.52632656901,12.4500424163,1.46275713079,2.32369648396,23.3058837915
1.509,-0.502076082451,2,-3.4439713637,-5.76498542369,14.3586936189,-2.32497864457,-2.88596515656,10.7487462067,1.20143698056,2.19042971592,23.2303057392
1.5095,-0.553357373585,2,-3.94631766018,-6.65949470628,14.0596732283,-3.31469458657,-4.57856490871,9.89548526252,0.988685338059,2.08193167716,23.168774492
1.51,-0.596460988256,2,-4.53354766893,-7.70335127211,13.9220997027,-4.4601210194,-6.49449780174,9.72368518449,0.809860573394,1.99073550109,23.1170554516
1.5105,-0.634405889357,2,-5.21837180849,-8.90654812087,13.9873723162,-5.89209832291,-9.09866898013,9.87541468318,0.652437859279,1.91045383775,23.0715262334
1.511,-0.669758478266,2,-6.01227816482,-10.2702981589,14.3094303281,-7.40686124771,-11.7209192262,10.7067241236,0.505769918779,1.83565684109,23.0291074714
1.5115,-0.704718578918,2,-6.92349801324,-11.7794569128,14.9554826524,-8.74340787812,-13.8898574562,12.1826064767,0.360730301581,1.76169024876,22.987159647
1.512,-0.741214780809,2,-7.95367481737,-13.3917992451,16.0037104358,-9.91272942592,-15.6377013062,14.237808838,0.209317832716,1.6844736608,22.9433686898
1.5125,-0.780997815608,2,-9.09292439036,-15.0246492168,17.5349615703,-10.9200217571,-16.9771940389,16.8474428852,0.0442692192748,1.60030297874,22.8956339372
1.513,-0.825725220733,2,-10.3133200043,-16.5417686472,19.614567767,-11.7654313316,-17.9048202561,20.0202855195,-0.141292194928,1.50567127919,22.8419665477
1.5135,-0.877032625446,2,-11.5617277663,-17.7476500126,22.261265778,-12.4774121047,-18.2902646772,23.6090926163,-0.354152175312,1.3971179908,22.7804039674
1.514,-0.936586869222,2,-12.7545208866,-18.4013030797,25.4053878797,-13.1220862402,-17.8456243281,27.2564178584,-0.601225969689,1.27111650943,22.7089461938
1.5145,-1.00611383324,2,-13.7786388458,-18.2625363962,28.8500162186,-13.6918589377,-16.5047436596,31.0204103818,-0.889673773286,1.12401531384,22.6255223814
1.515,-1.08738908097,2,-14.5041825957,-17.1723083058,32.2629568347,-14.1713955777,-14.1756300351,34.9538406956,-1.22686189913,0.952057767852,22.5280020723
1.5155,-1.18217179092,2,-14.8106942137,-15.1411446332,35.22940794,-14.4068363731,-12.0388987417,37.0225584054,-1.6200886837,0.751521901648,22.4142744686
1.516,-1.29205196533,2,-14.6213341666,-12.3920600136,37.3669942114,-14.5597027311,-10.6732370341,37.06764754,-2.07595059878,0.519043678908,22.2824317629
1.5165,-1.41816884936,2,-13.9304822345,-9.31254597597,38.4536651664,-14.5689912854,-9.77617123239,36.176206997,-2.59917405183,0.252212749548,22.131107001
1.517,-1.56074990569,2,-12.8095160937,-6.32780129729,38.4925919784,-14.370086417,-9.05933242716,35.2827957928,-3.19070272149,-0.0494521390395,21.9600272558
1.5175,-1.71842711885,2,-11.3866452169,-3.76733433328,37.6766528241,-13.9084778637,-8.37239929804,34.5352748176,-3.84486109667,-0.383056617543,21.7708339775
1.518,-1.88733530538,2,-9.81155895702,-1.79632397689,36.2866831711,-13.1222558558,-7.5246939213,34.1024665767,-4.54561361906,-0.740422950631,21.5681649114
1.5185,-2.06012049789,2,-8.22176612736,-0.426744226944,34.5911801324,-11.9511273029,-6.29475382108,34.1582541204,-5.26245074804,-1.10599203247,21.3608439146
1.519,-2.22520837641,2,-6.72195822473,0.426583660951,32.7906563677,-10.5089078857,-5.25987716822,33.2004094037,-5.94735388782,-1.45527557517,21.1627587487
1.5195,-2.36695086162,2,-5.37806225841,0.886984752433,31.0080525044,-8.83617424507,-4.40573810568,31.0835223782,-6.53540356196,-1.75516626269,20.9926851857
1.52,-2.46736934693,2,-4.22144946751,1.07582869282,29.3048749936,-6.98764761076,-3.51021674152,28.3622030592,-6.95201159217,-1.96762598183,20.8721953442
1.5205,-2.50979191953,2,-3.25762125962,1.09339196548,27.7035650612,-5.09458276983,-2.51691788271,25.5445938752,-7.12801090502,-2.05738124784,20.8212934705
1.521,-2.48358364593,2,-2.47532938756,1.01405266719,26.2058963344,-3.3142743073,-1.47627795968,23.0365337729,-7.01928015483,-2.00193127335,20.852740178
1.5215,-2.38796666266,2,-1.854145566,0.888716443554,24.8048390637,-1.75325549518,-0.384359520601,21.1939435583,-6.62259220505,-1.7996302991,20.9674688072
1.522,-2.23281995791,2,-1.36993099393,0.749772889294,23.4909568912,-0.426306035411,0.938660307055,20.4337890019,-5.97893219703,-1.47137972636,21.1536257863
1.5225,-2.03588829354,2,-0.998380024814,0.616194188558,22.2552667865,0.639217031856,2.38668826713,20.3556168804,-5.16191815296,-1.0547229129,21.3899195819
1.523,-1.81788934244,2,-0.71706485752,0.497835744798,21.0901763091,1.33131386017,3.32249625914,19.4065324559,-4.25750186618,-0.593493132535,21.6514915325
1.5235,-1.59785493661,2,-0.506424826659,0.398722560148,19.9895388511,1.71616580973,4.02506954545,18.0219822721,-3.34464105064,-0.127956852828,21.9155057786
1.524,-1.39027484532,2,-0.350070089687,0.319405657297,18.9483945543,1.84549086114,4.69642699348,16.5642970293,-2.48344968053,0.311229296613,22.1645763779
1.5245,-1.20427366017,2,-0.234676338967,0.25856763167,17.9626617424,1.80278022618,5.86853925506,17.2546765006,-1.71178311811,0.704760023889,22.3877549417
1.525,-1.04419330034,2,-0.149663094624,0.214063762859,17.0288783031,1.51826649093,6.55031123616,19.5270282907,-1.04765476385,1.04344894341,22.5798317006
1.5255,-0.910795185134,2,-0.0867815054439,0.183560368573,16.144014396,1.07886987748,5.18656983098,20.8023036065,-0.494223532129,1.32568508752,22.739893045
1.526,-0.802522507055,2,-0.0396885208774,0.164898983659,15.3053474865,0.407623850171,2.79640958958,20.8153644545,-0.0450306668689,1.55476226096,22.8698069527
1.5265,-0.716547900464,2,-0.00355009730965,0.156283068527,14.5103830535,-0.505709813131,0.0108353087726,19.6139699809,0.311653776145,1.73666244311,22.9729659148
1.527,-0.64953044783,2,0.02530653727,0.156356820404,13.7568057243,-1.46890907022,-2.7625866146,17.6406364015,0.589690323366,1.87845415726,23.053378622
1.5275,-0.598106139454,2,0.049685680429,0.164224182402,13.0424495432,-1.90259318759,-4.11353903778,15.8330267562,0.803035304145,1.98725478377,23.1150814723
1.528,-0.559170867805,2,0.0717633353048,0.179440055954,12.3652799182,-2.10642463936,-4.84434977418,14.1310264379,0.964566786896,2.06963181678,23.1617990134
1.5285,-0.530017349705,2,0.0932813388922,0.201994259829,11.7233827386,-2.17676930457,-5.19069582491,12.5655567293,1.0855165275,2.13131317204,23.1967796523
1.529,-0.508377157972,2,0.115703762878,0.232301029143,11.1149581976,-2.15888436284,-5.27255551179,11.1563503989,1.17529559182,2.17709825876,23.222745223
1.5295,-0.492406149107,2,0.140344224225,0.271201929567,10.5383182185,-2.08572150165,-5.17812506765,9.91977223982,1.24155481215,2.21088881084,23.2419084709
1.53,-0.480639937587,2,0.168472312027,0.319987219582,9.9918873474,-1.97531102651,-4.9312446522,9.03395272233,1.29036951185,2.23578309188,23.2560264787
1.5305,-0.471936845678,2,0.201406615489,0.380439328068,9.47420775325,-1.84619487838,-4.59555939552,8.42869492422,1.32647619048,2.25419659869,23.2664691194
1.531,-0.465418966942,2,0.240601101704,0.454901780466,8.9839497745,-1.71079171471,-4.21605630513,8.04884117174,1.35351703473,2.26798675576,23.2742897729
1.5315,-0.460417248222,2,0.28773099966,0.546377288653,8.51993044781,-1.57693892195,-3.82353285294,7.85113691942,1.37426775784,2.27856910772,23.2802912207
1.532,-0.456423361518,2,0.34478398056,0.658659599954,8.08114385645,-1.4490800911,-3.43808148835,7.80173981035,1.39083726959,2.28701914602,23.2850833939
1.5325,-0.453049179562,2,0.414162318183,0.796504919944,7.66680921872,-1.32915740633,-3.07176268032,7.87426411644,1.40483580078,2.29415804827,23.2891319976
1.533,-0.449993533831,2,0.4988018671,0.96585013276,7.27644578929,-1.21726436523,-2.73062169908,8.0482622103,1.41751281483,2.3006230097,23.2927983969
1.5335,-0.447015346331,2,0.602314080543,1.17408643345,6.90998845154,-1.1121068917,-2.41618161911,8.30805916311,1.42986847648,2.3069240894,23.2963718559
1.534,-0.44391198302,2,0.72915782679,1.43039798115,6.5679652057,-1.01131232302,-2.12652113555,8.64187152337,1.44274345734,2.31349000897,23.3000955105
1.5345,-0.440501633463,2,0.884848291404,1.74617503304,6.25176889928,-0.911617180582,-1.85702312313,9.04115543595,1.45689203772,2.32070543257,23.3041875109
1.535,-0.436608580877,2,1.07621044335,2.13550824975,5.96407237854,-0.808956697541,-1.60085956249,9.50014188405,1.4730432171,2.32894213178,23.3088586956
1.5355,-0.432050326645,2,1.3116837412,2.61576259465,5.70946138642,-0.69847200651,-1.34926083494,10.0155278255,1.49195413087,2.3385862268,23.3143280405
1.536,-0.426625635248,2,1.60168168138,3.20820997093,5.49539637921,-0.574444677382,-1.09160227845,10.5863014736,1.51445964856,2.35006348029,23.3208370035
1.5365,-0.420102647535,2,1.95900198656,3.93865910223,5.33366666028,-0.430162792169,-0.815327876157,11.2136882156,1.54152168852,2.36386444665,23.3286637871
1.537,-0.412206260963,2,2.39926607707,4.83794018338,5.24256989771,-0.257717730248,-0.50571945139,11.9012110243,1.57428157377,2.38057117219,23.3381384806
1.5375,-0.402603990144,2,2.94133147027,5.94194686104,5.25013213919,-0.0477260596163,-0.145509149742,12.6548660821,1.6141186926,2.40088711058,23.3496600255
1.538,-0.390889499734,2,3.60755286415,7.29065278696,5.39875171319,0.211033880692,0.285677349831,13.4834211368,1.66271881597,2.42567196304,23.3637159743
1.5385,-0.376562948528,2,4.42364168463,8.9250193972,5.75162558948,0.532086236857,0.812070213315,14.3988512983,1.72215564435,2.45598326515,23.3809060751
1.539,-0.359007209303,2,5.41765188135,10.8798961737,6.40099989021,0.931843954111,1.46273264147,15.416935134,1.79498946489,2.49312669958,23.4019708047
1.5395,-0.337458955822,2,6.61725709456,13.169857653,7.47724169089,1.43034487544,2.27281492703,16.5580437445,1.88438710328,2.53871726857,23.4278260607
1.54,-0.310973581995,2,8.04396677346,15.7637611447,9.1551463984,2.05217287062,3.2851510806,17.8481680214,1.99426746431,2.59475351596,23.4596052545
1.5405,-0.278383029178,2,9.70239310031,18.5440789282,11.6486643772,2.8276078054,4.55228414619,19.3202460846,2.12947649451,2.66370675377,23.4987099127
1.541,-0.238246023104,2,11.5626988202,21.2525564265,15.1770615464,3.70195400661,5.95585233775,20.9969907021,2.29599363513,2.74862634812,23.5468693874
1.5415,-0.188791301976,2,13.5363733918,23.4411877568,19.8788423576,4.7064662338,7.28512280582,22.6472612326,2.50116735281,2.85325983396,23.606208975
1.542,-0.127856791668,2,15.4518222152,24.4808028438,25.6609212135,5.41510647441,7.70285034999,24.5089440275,2.75396748452,2.98218160475,23.6793228989
1.5425,-0.0528325278199,2,17.0477101554,23.7083681325,32.027709678,6.17505853747,8.07855732791,27.4677513659,3.06522203774,3.14091367462,23.7693427955
1.543,0.0393754792988,2,18.011013456,20.7484387501,38.0369771749,6.87992049206,8.02931279511,30.7088132978,3.447767105,3.33600213104,23.8799810723
1.5435,0.152325805512,2,18.0729639944,15.860711406,42.5608081172,7.45627646223,7.00618496683,33.411631405,3.91636621573,3.57497600632,24.0155075829
1.544,0.289901242354,2,17.1273582255,9.98568224042,44.8107773558,8.17779889755,6.62193473205,35.9937252439,4.48712797909,3.86605028992,24.1805811999
1.5445,0.455931944845,2,15.2912760333,4.32686593294,44.739275213,8.19633126032,5.12688967685,38.8451692559,5.17594263018,4.21732860597,24.3797976387
1.545,0.653394916522,2,12.8569989499,-0.22202324681,42.960284318,7.38427444141,1.44493338574,40.4093704596,5.99516091871,4.63510952922,24.6167289378
1.5455,0.882928503942,2,10.1721923762,-3.3474684836,40.3131868574,6.96727344041,-0.499546529934,40.9025755545,6.94743116488,5.12074363699,24.8921410344
1.546,1.14040309818,2,7.53138901886,-5.19767270099,37.4754986069,6.32865078083,-1.84517777035,40.8259256668,8.01562078361,5.66549373761,25.2010789055
1.5465,1.41356844626,2,5.12652550513,-6.11872235975,34.8311142622,5.30812327705,-2.89837832275,39.9710502783,9.14890692348,6.24344144269,25.5288437529
1.547,1.67867509154,2,3.04979259351,-6.45873093856,32.5242841317,3.73762374291,-4.05839998901,38.144632894,10.2487597738,6.80433900279,25.8469391473
1.5475,1.89955308781,2,1.3204874935,-6.48627361181,30.5635360347,1.57971750648,-5.441268306,35.7875630484,11.1651204086,7.27166010316,26.1119655982
1.548,2.03287855351,2,-0.0858319861296,-6.38163148357,28.9024707487,-1.03323118931,-7.04572033565,33.3782867733,11.718250238,7.55374253958,26.2719397722
1.5485,2.04145278384,2,-1.21500048432,-6.25559989699,27.4843642343,-3.78226451205,-8.80642021513,31.0431672134,11.7538223062,7.57188340838,26.2822277949
1.549,1.91057673533,2,-2.11989519936,-6.17173390114,26.2608952371,-6.25859860632,-10.5386146941,28.808966493,11.2108544193,7.29498330952,26.1251926205
1.5495,1.65645478516,2,-2.85232882112,-6.16390695783,25.1971597632,-8.15961255794,-12.0073644372,26.9639481296,10.1565739771,6.7573265425,25.8202775103
1.55,1.31953999873,2,-3.45905881701,-6.24826202453,24.2709331745,-9.40833228819,-13.1629806239,25.8102950912,8.75880936137,6.044501402,25.4160211713
1.5505,0.947950815408,2,-3.98025184975,-6.43075582165,23.4702519167,-10.1429614056,-14.4074771577,24.9607633352,7.21719043297,5.25831414494,24.9701598174
1.551,0.582451873144,2,-4.44928988016,-6.7116479492,22.7910258234,-10.8378690424,-16.1016945057,25.3014355932,5.70083820045,4.48501227347,24.5316060042
1.5515,0.249608055708,2,-4.89322055829,-7.08793512697,22.2352073747,-9.99653965921,-14.7357749441,24.6368444401,4.31996288924,3.7808002576,24.1322343277
1.552,-0.037821025464,2,-5.33342770345,-7.55437625702,21.8095259896,-9.36414334484,-12.974682649,24.3369616907,3.12750053565,3.17267415741,23.7873547535
1.5525,-0.277164550663,2,-5.78626661901,-8.10350497725,21.524596106,-8.86291324513,-11.1439436966,22.398248994,2.1345316189,2.6662847413,23.5001719371
1.553,-0.471805427977,2,-6.26351195708,-8.72487872534,21.3941371512,-9.47154012147,-11.8478617466,19.6033827498,1.32702140553,2.25447464478,23.2666268045
1.5535,-0.628087375506,2,-6.77253144171,-9.40374965524,21.4340115674,-10.9844999464,-14.3159979119,18.2676165112,0.678651594744,1.92382218994,23.0791076736
1.554,-0.753328832915,2,-7.31614825671,-10.1193576444,21.6607635115,-12.3805936058,-16.2833654391,19.2712887156,0.159060040333,1.65884343843,22.9288333161
1.5545,-0.854700907168,2,-7.89220585494,-10.8431440954,22.0893356659,-13.4058172678,-17.3600837251,22.0405135847,-0.261504162005,1.44436617005,22.807199285
1.555,-0.938675039934,2,-8.49291657144,-11.537368537,22.7296988863,-14.286642344,-17.2773532618,25.1925031446,-0.609889202203,1.26669847662,22.7064406455
1.5555,-1.01081047617,2,-9.10417012348,-12.1548497517,23.5823223397,-15.0456316077,-16.301064067,28.5341336393,-0.90915882278,1.1140784239,22.619886987
1.556,-1.07572742786,2,-9.70509762646,-12.6407550582,24.6328201331,-15.6919695141,-14.619625775,31.979514484,-1.17848098286,0.976730830148,22.5419946229
1.5565,-1.13716941022,2,-10.2683036088,-12.937337146,25.8467592677,-16.0692365894,-12.7514484784,34.3923954566,-1.43338647326,0.846735378862,22.4682717949
1.557,-1.19809603904,2,-10.7612285903,-12.9920127025,27.1663678805,-16.3712591624,-11.4868284189,35.5117840224,-1.68615390688,0.717830283281,22.3951673278
1.5575,-1.26077096112,2,-11.1489937724,-12.7680184375,28.5113512017,-16.59001337,-10.7407199854,35.427213346,-1.94617451715,0.585226248263,22.3199651237
1.558,-1.32682384074,2,-11.3987276356,-12.2552524967,29.7856172568,-16.7169948573,-10.4417129374,34.1965796417,-2.22020932244,0.445475322829,22.2407097856
1.5585,-1.39727440371,2,-11.484802741,-11.4775728478,30.8900168101,-16.7233707534,-10.351495059,32.6885944564,-2.51248887811,0.296420029113,22.156177768
1.559,-1.47251339125,2,-11.3938172378,-10.492906315,31.7385480342,-16.5928379032,-10.3556231069,31.201014491,-2.82463425947,0.137233659089,22.0659002294
1.5595,-1.55224232761,2,-11.1278781356,-9.38468793483,32.2732133109,-16.3145475896,-10.3938021307,29.7821328611,-3.15540717472,-0.0314522892767,21.9702353039
1.56,-1.63538336531,2,-10.705060165,-8.24668613462,32.4725072104,-15.8782325575,-10.4065403722,28.4789135525,-3.50033593798,-0.207357367549,21.8704762762
1.5605,-1.71998357839,2,-10.1567891179,-7.16616932709,32.3509269068,-15.2759198792,-10.3363033419,27.3348384076,-3.85131840916,-0.386349686087,21.7689664173
1.561,-1.8031546203,2,-9.52292623277,-6.21079232515,31.9506252661,-14.5045137227,-10.1312732617,26.3855729683,-4.19637165146,-0.56231824557,21.6691713883
1.5615,-1.8811048358,2,-8.84599055669,-5.42240161949,31.3291212252,-13.5691487906,-9.75202933515,25.6524029774,-4.51976515453,-0.727240877514,21.5756407092
1.562,-1.94932784789,2,-8.16597731442,-4.81778258897,30.5474564283,-12.4867057569,-9.18026299755,25.1342716377,-4.80280322856,-0.871583245766,21.4937814789
1.5625,-2.00299627553,2,-7.51673153075,-4.39407043108,29.6616901179,-11.2882252147,-8.42677956656,24.8005990191,-5.02545842853,-0.985131852176,21.4293859613
1.563,-2.03756055408,2,-6.9241657054,-4.13591843486,28.7185303446,-10.0185784808,-7.53443452668,24.5884695596,-5.16885589125,-1.05826098663,21.3879130747
1.5635,-2.0494737319,2,-6.4060795321,-4.02217337127,27.7543761779,-8.73225991365,-6.57200691761,24.4081409116,-5.21828031276,-1.0834662106,21.3736187254
1.564,-2.03688093317,2,-5.97307778166,-4.03090716721,26.7964617995,-7.48577222305,-5.61850935905,24.158723205,-5.16603633538,-1.05682308336,21.3887285363
1.5645,-2.00007377738,2,-5.63005654453,-4.14257126268,25.8649080991,-6.32899737982,-4.74281410303,23.7510257298,-5.01333380631,-0.978948596827,21.4328925999
1.565,-1.94155388775,2,-5.37783620681,-4.34155674915,24.9748924326,-5.29871263128,-3.9869328905,23.1294907839,-4.77055125613,-0.855135543112,21.5031092757
1.5655,-1.86567073377,2,-5.21466750038,-4.6166148373,24.1385490012,-4.41626138111,-3.35968184289,22.2840625367,-4.45573340952,-0.69458628237,21.5941597349
1.566,-1.77794128833,2,-5.13746804027,-4.96056084836,23.3664888016,-3.68918774434,-2.84178159686,21.2475047397,-4.09176863407,-0.508973312,21.699424288
1.5665,-1.68425037685,2,-5.14273929978,-5.36957196962,22.6689716262,-3.11503495697,-2.398021522,20.0808841407,-3.70307141402,-0.310747410887,21.8118418678
1.567,-1.59013351651,2,-5.22716754189,-5.84226528318,22.0568104876,-2.68532307503,-1.99034902296,18.8545683228,-3.31260705204,-0.111620311399,21.9247705338
1.5675,-1.50027500943,2,-5.3879352406,-6.37863833652,21.542081091,-2.38853286961,-1.5875056802,17.6319107529,-2.93980939909,0.0784972064991,22.0325896993
1.568,-1.41826126093,2,-5.62277201692,-6.97887775409,21.1386723734,-2.21185312176,-1.16979149175,16.4594521585,-2.59955744141,0.252017230409,22.1309961185
1.5685,-1.34655582788,2,-5.92976482679,-7.64199215404,20.8626613367,-2.14198433295,-0.729717844735,15.3638722356,-2.30207178299,0.403727506859,22.217033826
1.569,-1.28662645777,2,-6.30693323458,-8.36420499066,20.7324296083,-2.14771729535,-0.111422170797,15.1029809396,-2.05344169505,0.530522659187,22.2889417052
1.5695,-1.23915079132,2,-6.75156366204,-9.13705810238,20.7683605286,-2.21696599655,0.660508647205,15.6042512822,-1.8564785182,0.63096897371,22.3459066705
1.57,-1.20424237362,2,-7.25929400814,-9.94524363864,20.9918689161,-2.34120379714,1.52362175087,16.6287019122,-1.71165331903,0.704826218187,22.3877924817
1.5705,-1.18165909818,2,-7.82295677526,-10.7643240871,21.4234408053,-2.51138575184,2.41678457512,17.9482720251,-1.61796166585,0.752606627772,22.4148896369
1.571,-1.17097434919,2,-8.43123712594,-11.558738815,22.0793449226,-2.71791578333,3.2826156896,19.3514986589,-1.57363364977,0.775212811914,22.4277100226
1.5715,-1.17170391497,2,-9.06729412816,-12.2808256011,22.9668067509,-2.95065911203,4.06895036294,20.6462297374,-1.57666041286,0.773669238127,22.4268346333
1.572,-1.18338915958,2,-9.70763178064,-12.8719299092,24.0778235495,-3.19896931093,4.72961326945,21.6602821367,-1.62513920362,0.748946262277,22.4128137758
1.5725,-1.20564012486,2,-10.3216686441,-13.2668309333,25.3825293101,-3.45170844477,5.22477759085,22.2409414477,-1.71745219549,0.701868935622,22.386115352
1.573,-1.23814258027,2,-10.8725727521,-13.4023463998,26.8240164546,-3.69724928773,5.52116726337,22.2541048758,-1.85229573432,0.633102089308,22.3471163998
1.5735,-1.28063175197,2,-11.319881924,-13.2297563605,28.3173802715,-3.92345909481,5.59232621121,21.583750293,-2.02857134807,0.543205916714,22.2961346154
1.574,-1.33283353887,2,-11.6240870353,-12.7286354296,29.7557006076,-4.1176764015,5.41913831222,20.1322946882,-2.2451418684,0.432760345374,22.2334988864
1.5745,-1.39437236965,2,-11.7526817518,-11.9176010516,31.0239448542,-4.24586935818,5.17767047823,18.7046711519,-2.50044915565,0.302559987702,22.1596598522
1.575,-1.46464451011,2,-11.6863684769,-10.8569077814,32.0184290153,-4.29111930102,4.89594161225,17.3853724143,-2.79198848654,0.153882190189,22.0753419197
1.5755,-1.54265794667,2,-11.4235909403,-9.64003277562,32.6660583242,-4.23801302447,4.59774989437,16.2146525203,-3.11564427595,-0.011174201261,21.9817353832
1.576,-1.62684665544,2,-10.981784333,-8.37595321613,32.9365190749,-4.07212664442,4.31392036549,15.2405620319,-3.4649195316,-0.189295882397,21.8807192789
1.5765,-1.71487977645,2,-10.3947672367,-7.16813941567,32.8432302543,-3.78135857385,4.08083536515,14.5148598557,-3.83014417153,-0.375551352272,21.7750903524
1.577,-1.80350535852,2,-9.70706977259,-6.09749690763,32.4338203377,-3.35802315861,3.93673813575,14.0852812349,-4.19782676562,-0.563060317549,21.6687505455
1.5775,-1.88849079429,2,-8.96696637132,-5.21392534089,31.7750033573,-2.80170704698,3.91518006546,13.9835701038,-4.55040741732,-0.742867668348,21.5667784667
1.578,-1.96473837561,2,-8.22010863527,-4.53687135272,30.9377125892,-2.12246821116,4.03598605074,14.2102798488,-4.86673717041,-0.904187963739,21.4752907395
1.5785,-2.02664795656,2,-7.50504169967,-4.06198689049,29.9864549097,-1.34332458145,4.29599701022,14.7201084077,-5.12358259576,-1.03517273353,21.4010068507
1.579,-2.06875129837,2,-6.85100753523,-3.7700578617,28.9739947185,-0.50047891236,4.66388070988,15.4145327185,-5.29825750986,-1.12425258917,21.3504880147
1.5795,-2.08654937967,2,-6.27773402377,-3.63524632759,27.9403854098,0.360010337299,5.08365812088,16.1493162295,-5.37209673945,-1.16190875718,21.3291325045
1.58,-2.07737132718,2,-5.79656658371,-3.631186366,26.9145931454,1.18897542349,5.48849556058,16.7602661671,-5.33401958309,-1.14249035581,21.3401450395
1.5805,-2.04100174615,2,-5.41227347699,-3.73469663577,25.9171496927,1.94218177563,5.82046545912,17.1014432283,-5.18313242853,-1.06554166506,21.3837840672
1.581,-1.97985374465,2,-5.12500425046,-3.92753059313,24.9628402782,2.58654945201,6.04749230236,17.0812397194,-4.92944658196,-0.936168201753,21.4571541542
1.5815,-1.89860796496,2,-4.93207484529,-4.19677703127,24.0629720542,3.10245682572,6.1697730418,16.6808662588,-4.59238071071,-0.764273002565,21.5546391053
1.582,-1.8034275741,2,-4.82941937223,-4.53445748568,23.2271240004,3.48228193676,6.21412003971,15.948762156,-4.19750405997,-0.562895745705,21.6688438772
1.5825,-1.70099396822,2,-4.81266231614,-4.9367087826,22.4644531363,3.72699873738,6.22092712723,14.9766575322,-3.77253586168,-0.346172549073,21.7917516158
1.583,-1.59762553233,2,-4.87782832257,-5.40277840628,21.7846838265,3.8427632964,6.23053025146,13.8698241604,-3.34368931683,-0.127471492289,21.9157810356
1.5835,-1.49865708476,2,-5.02173220458,-5.93393091329,21.1988936507,3.83851858661,6.27366302038,12.7226848064,-2.93309708505,0.0819203194799,22.03453101
1.584,-1.40813584445,2,-5.24209259684,-6.53226986479,20.7201667896,3.72470885334,6.36730892835,11.604996764,-2.55754993852,0.273440010622,22.1431453739
1.5845,-1.32879223809,2,-5.53739928471,-7.19941653727,20.3641298487,3.51433039766,6.52917159717,10.6256830972,-2.22837564899,0.441310699683,22.2383479507
1.585,-1.26219652209,2,-5.90654431027,-7.93494996015,20.1493175497,3.24180970179,6.95143684487,10.7437981514,-1.95208876837,0.582210127446,22.3182546257
1.5855,-1.20900864514,2,-6.34820663178,-8.73450562623,20.0972323201,2.9139269598,7.56496266105,11.7014907152,-1.73142723797,0.69474201203,22.3820735416
1.586,-1.16924930518,2,-6.85996593548,-9.58746658116,20.231858903,2.53829969685,8.29913419066,13.2417558974,-1.56647692776,0.778862561891,22.4297798634
1.5865,-1.14254701653,2,-7.43712230881,-10.4742878314,20.578279761,2.12337482239,9.08569634675,15.1197025656,-1.45569664818,0.835357745321,22.4618193282
1.587,-1.12833904201,2,-8.07122839167,-11.3637106433,21.1599419863,1.67834891752,9.86119695339,17.1091627984,-1.39675176108,0.865418169629,22.4788671516
1.5875,-1.12601979084,2,-8.74841698154,-12.2104781414,21.9941295299,1.2130629053,10.5683141191,19.0056096851,-1.38712984079,0.870325109327,22.4816499679
1.588,-1.13503905627,2,-9.44774613561,-12.9546383211,23.0854320579,0.737905287708,11.1563959021,20.6265238261,-1.42454823434,0.851242660578,22.4708279578
1.5885,-1.15495599424,2,-10.1399849219,-13.5239698317,24.4176438909,0.263743985268,11.5815287839,21.8102928937,-1.50717800386,0.809103536146,22.4469300799
1.589,-1.18545485364,2,-10.7874809204,-13.8411401325,25.9456641134,-0.198104723449,11.8064171541,22.4145829267,-1.63370918682,0.744575784294,22.4103351968
1.5895,-1.22632661402,2,-11.345866381,-13.8363784202,27.5903809926,-0.635870335482,11.8003201171,22.3149648131,-1.80327461628,0.658101638559,22.3612941072
1.59,-1.2774179291,2,-11.7681854537,-13.464320244,29.2404325365,-1.03729345424,11.5392596433,21.4044459067,-2.01523810159,0.550005540333,22.2999908079
1.5905,-1.3385459608,2,-12.0113948278,-12.7206243405,30.7639033619,-1.38811020558,11.0198752984,19.6567317256,-2.2688410991,0.420674327984,22.2266446821
1.591,-1.40937572693,2,-12.0441533733,-11.6516252878,32.0296063655,-1.65113985859,10.4481018724,18.0138224857,-2.56269386193,0.270816737799,22.1416576673
1.5915,-1.48925673867,2,-11.8538004395,-10.351036167,32.9325338103,-1.81061405892,9.844074577,16.5175221766,-2.89409769508,0.101809037022,22.0458102701
1.592,-1.57701984376,2,-11.4501183665,-8.94257481536,33.4144488693,-1.85111829575,9.23599054153,15.2209743643,-3.25820211494,-0.0838751485194,21.9405053295
1.5925,-1.67074575963,2,-10.864340533,-7.55411043473,33.4716614449,-1.75857302591,8.65988215245,14.1861195464,-3.64704455837,-0.28217510994,21.8280457488
1.593,-1.76753602816,2,-10.1436139296,-6.29300740956,33.1478717436,-1.52197627405,8.15747867254,13.4772488327,-4.04860013844,-0.486958454412,21.7119093215
1.5935,-1.86334495823,2,-9.34279194925,-5.23091478666,32.5167441346,-1.1361069994,7.77100935087,13.1490824028,-4.44608442144,-0.689665538772,21.5969503798
1.594,-1.95296128726,2,-8.51610670377,-4.40076716508,31.6621709522,-0.605083532086,7.53433610789,13.2289960203,-4.8178773458,-0.879270670116,21.4894217982
1.5945,-2.0302443211,2,-7.71076962774,-3.8033270406,30.6627909997,0.0539890691271,7.4615311366,13.6960106763,-5.13850289994,-1.04278171705,21.3966916552
1.595,-2.08869516104,2,-6.96341198412,-3.41815814983,29.5834617764,0.808904692636,7.53682836081,14.4637098911,-5.38099898239,-1.16644867935,21.3265578305
1.5955,-2.12235642126,2,-6.29920774193,-3.21453751239,28.4729672566,1.58472137532,7.56036680559,15.06038493,-5.52065007621,-1.23766725898,21.286168455
1.596,-2.1268903498,2,-5.73291716985,-3.15982985412,27.3656688666,2.35285216332,7.59222169206,15.5589164353,-5.53946006952,-1.24725988707,21.280728298
1.5965,-2.10054465626,2,-5.27096322437,-3.2247152805,26.2848323994,3.10019001909,7.76467976755,16.184359698,-5.43015920271,-1.19151916731,21.3123398925
1.597,-2.04467326005,2,-4.91381710423,-3.3857405166,25.2461185453,3.75193527523,7.857445686,16.4286364698,-5.19836450624,-1.07330964531,21.3793787017
1.5975,-1.96359899985,2,-4.65822787099,-3.62602056937,24.260520449,4.27863730639,7.84647098692,16.2067236587,-4.86201022107,-0.901777337303,21.4766578504
1.598,-1.86384722906,2,-4.49906359969,-3.93485790903,23.3365751591,4.66745256239,7.75437309228,15.5520188828,-4.44816820173,-0.690728214824,21.5963477165
1.5985,-1.75300990149,2,-4.4306936932,-4.30683353284,22.4819480108,4.91626719772,7.62495071003,14.5666086092,-3.98833532761,-0.456224901874,21.7293388884
1.599,-1.63859298287,2,-4.44793410208,-4.74070365612,21.7045756419,5.02952526404,7.50606174378,13.3821006761,-3.51365173782,-0.214148093818,21.8666251296
1.5995,-1.52713074596,2,-4.54661653303,-5.23826057985,21.0135437478,5.01516481321,7.43634330162,12.123824883,-3.05122629075,0.0216773667638,22.0003661158
1.6,-1.42369312064,2,-4.7238480688,-5.80319216753,20.4198282209,4.8829774318,7.43864664422,10.8884827359,-2.62209269841,0.240524810614,22.1244785544
1.6005,-1.33176429629,2,-4.97801343485,-6.43989011338,19.9369702128,4.64414983326,7.52112144011,9.74479254438,-2.2407058819,0.435022588001,22.2347818461
1.601,-1.25338715983,2,-5.30854799378,-7.15210048673,19.5816927867,4.33864836505,7.92762063741,9.90480132374,-1.91554120395,0.600848475022,22.3288247778
1.6015,-1.18945067703,2,-5.71548151862,-7.94127467224,19.3743930183,3.97267905809,8.58189186147,11.0887902035,-1.65028673334,0.736121648458,22.4055406998
1.602,-1.14002006388,2,-6.19872566607,-8.80446900524,19.3393473415,3.55347477088,9.40506096143,13.0136673372,-1.44521303291,0.840704127999,22.4648513608
1.6025,-1.10464537605,2,-6.75705783251,-9.73167619948,19.5043399132,3.08927001903,10.3204541784,15.4079674675,-1.29845341018,0.915547880315,22.5072966389
1.603,-1.08261633225,2,-7.38675084324,-10.7025893683,19.8992665313,2.50232523471,10.9444021003,17.9407979351,-1.20706110811,0.962155678099,22.5337287842
1.6035,-1.07315363279,2,-8.0798287546,-11.6830569383,20.5531151297,1.8938902712,11.3624916002,20.2474453747,-1.16780303157,0.982176319355,22.5450828607
1.604,-1.07553978214,2,-8.82201876287,-12.6219414204,21.4886753738,1.27871731961,11.7709872423,22.4274863769,-1.17770249357,0.977127840295,22.5422197747
1.6045,-1.08919786995,2,-9.59064452276,-13.4497478234,22.714572334,0.701762986395,12.3440957224,24.4614687453,-1.23436605546,0.948230835023,22.5258317478
1.605,-1.11372750358,2,-10.3529753658,-14.0810699736,24.2150138167,0.193084391629,12.9258471934,25.985009118,-1.33613260093,0.89633243149,22.496399202
1.6055,-1.14890512186,2,-11.0658581604,-14.4231390835,25.9391734546,-0.300829495949,13.2641248012,26.8233521077,-1.48207463753,0.821905627737,22.4541903832
1.606,-1.19465257645,2,-11.677654415,-14.3917600002,27.7941602648,-0.767401226653,13.3306668742,26.8557521795,-1.67186794984,0.725115765557,22.3992990598
1.6065,-1.25097398807,2,-12.1333106936,-13.9330113969,29.6469549354,-1.19355904125,13.1034580899,25.977204736,-1.90552963357,0.605954126562,22.3317202874
1.607,-1.31785712962,2,-12.3825453532,-13.0447079952,31.3396417775,-1.56563050362,12.5674873621,24.0996230295,-2.1830089619,0.464446580172,22.251468737
1.6075,-1.39513278731,2,-12.3896900209,-11.7882407158,32.7173795094,-1.84735517758,11.9127016612,22.0825418799,-2.50360391445,0.300951139284,22.1587474445
1.608,-1.48228510356,2,-12.1423126747,-10.2826650159,33.6612526094,-2.01545521289,11.2172846416,20.2333866002,-2.86517434338,0.116559226006,22.0541753755
1.6085,-1.57821017228,2,-11.655404228,-8.68023449475,34.1132740584,-2.05282482113,10.5138735568,18.6149073767,-3.26314045292,-0.0863935778937,21.9390770816
1.609,-1.68093257386,2,-10.9692654742,-7.13217680361,34.0831624057,-1.94345127723,9.8445987157,17.3017796269,-3.68930678328,-0.303727792039,21.8158228236
1.6095,-1.78731380117,2,-10.1417394323,-5.75841153142,33.6355403212,-1.67440444674,9.25896901425,16.3734036322,-4.13065255169,-0.528803141526,21.6881784245
1.61,-1.89282378396,2,-9.23759992585,-4.63150911793,32.86548778,-1.23910978432,8.80779584887,15.8993903984,-4.56838377182,-0.752035161412,21.5615794116
1.6105,-1.99148993669,2,-8.31850283885,-3.7767778864,31.8736597693,-0.641862445418,8.53207408588,15.91673575,-4.97772186742,-0.960787394963,21.4431921538
1.611,-2.07616526221,2,-7.43591203391,-3.18334278182,30.7488545446,0.0973767313644,8.44807595397,16.4017767093,-5.32901595899,-1.13993863214,21.3415921693
1.6115,-2.13923011988,2,-6.62776857096,-2.81896294379,29.5601224709,0.889753841288,8.27088486178,16.6961154982,-5.59065430226,-1.2733676707,21.2659220903
1.612,-2.17372530643,2,-5.91835206239,-2.64318690136,28.3563107355,1.69032360018,7.99025769149,16.7144229258,-5.73376512173,-1.34635062423,21.2245321057
1.6125,-2.17471416026,2,-5.32019021923,-2.61649067819,27.1696048066,2.48026059106,7.74948418023,16.6910451408,-5.73786759792,-1.34844278491,21.2233456027
1.613,-2.14047603415,2,-4.83688658811,-2.70533915872,26.0202439395,3.24395816974,7.69196474552,16.8596603601,-5.59582324985,-1.27600370523,21.2644271463
1.6135,-2.07308573727,2,-4.46604695553,-2.88417134538,24.9208124357,3.94317464046,7.8011338649,17.1248349322,-5.31623987681,-1.13342314844,21.3452872207
1.614,-1.97812107886,2,-4.20184025141,-3.13547989701,23.8795271186,4.49557429603,7.78021808381,16.8229449245,-4.9222582393,-0.932502326032,21.4592331403
1.6145,-1.86358779029,2,-4.03700690543,-3.4489168528,22.9025283344,4.89152052966,7.66710650698,16.0202694553,-4.44709186329,-0.690179309025,21.5966590111
1.615,-1.7384508571,2,-3.96429968841,-3.82003047815,21.9954167966,5.13249686674,7.52107095291,14.8602116665,-3.92793395047,-0.425421703924,21.7468079524
1.6155,-1.61124372818,2,-3.97742737139,-4.24896187443,21.1643127035,5.22587130107,7.4007865604,13.5100014191,-3.40018737824,-0.156284096438,21.8994408741
1.616,-1.48908923123,2,-4.07159893649,-4.73923531764,20.4166638017,5.18165023419,7.34956474311,12.117452875,-2.89340275388,0.102163439723,22.0460112584
1.6165,-1.37723857788,2,-4.24375994318,-5.2966497981,19.7619595434,5.01109651186,7.38978532362,10.7880417144,-2.4293658763,0.338810689727,22.1802182967
1.617,-1.27905217457,2,-4.49258924283,-5.92819752061,19.2124434093,4.7454217637,7.69498833099,10.3869315276,-2.02201812602,0.54654789674,22.2980299142
1.6175,-1.19626391229,2,-4.81829284315,-6.64087842967,18.783855875,4.40745493121,8.34065727849,11.3478763228,-1.67855292868,0.72170659285,22.3973656548
1.618,-1.12937253793,2,-5.22219709374,-7.44023639463,18.4961754455,4.00386838078,9.24043325247,13.3581799544,-1.40103944476,0.86323155774,22.4776270835
1.6185,-1.0780466817,2,-5.70610818722,-8.32841129661,18.3742375823,3.45886407349,9.92301795085,15.9274254534,-1.18810291422,0.971823884803,22.5392118033
1.619,-1.04147929753,2,-6.27137253833,-9.30149561234,18.44798185,2.86081382827,9.99649608935,18.0965907754,-1.0363951301,1.04919107618,22.5830881704
1.6195,-1.01866562856,2,-6.91755006588,-10.3460403875,18.751891417,2.22839738318,9.73508676767,20.0073299161,-0.941747639035,1.09745893928,22.6104617695
1.62,-1.00860262601,2,-7.64061497123,-11.4347408697,19.3229528017,1.57770750749,9.36317551522,21.7700934157,-0.899999073948,1.11874966767,22.6225361359
1.6205,-1.01041955578,2,-8.43065391127,-12.5217438771,20.1962404732,0.922779948432,9.06449631565,23.4719250777,-0.907537004151,1.11490551101,22.6203560435
1.621,-1.02345331967,2,-9.26918030088,-13.5387498345,21.3971946616,0.276086356054,8.99115213475,25.1830995146,-0.961610421845,1.08732941476,22.6047171286
1.6215,-1.04728116951,2,-10.1264676794,-14.3941093122,22.9301437311,-0.351013377947,9.27193700522,26.9627543834,-1.06046546386,1.03691580547,22.5761266371
1.622,-1.08172025244,2,-10.9597276316,-14.9780829436,24.7640601981,-0.947859482305,10.0196385086,28.8636954374,-1.20334352518,0.964051552802,22.5348039699
1.6225,-1.12679908085,2,-11.7134067191,-15.1774297819,26.8191416182,-1.41992385529,10.8161296447,29.9865721916,-1.39036289568,0.868676331859,22.4807149157
1.623,-1.18270122743,2,-12.3230461315,-14.9001572519,28.9608583891,-1.8609708097,11.2345500343,30.1000901181,-1.62228516675,0.750401749995,22.4136392098
1.6235,-1.24967667727,2,-12.7235733636,-14.1058606628,31.0093241928,-2.25591403913,11.2638899839,29.1120040007,-1.90014745623,0.608698902955,22.3332769009
1.624,-1.32791178018,2,-12.8612714974,-12.8304098264,32.7680761548,-2.58893670119,10.8995255194,26.9453991615,-2.22472287696,0.44317352244,22.239404392
1.6245,-1.41734562696,2,-12.7064068067,-11.1910107192,34.0667576474,-2.81344705061,10.4134724098,24.8085053106,-2.59575873382,0.253954476667,22.1320947667
1.625,-1.51742102915,2,-12.2619575257,-9.3640901228,34.8017579073,-2.90721543506,9.86282033668,22.8670815338,-3.01094340875,0.0422206332742,22.0120165827
1.6255,-1.62676593593,2,-11.5646069485,-7.5425489529,34.9565572484,-2.85027203729,9.29502321735,21.2058710081,-3.46458464908,-0.189125100653,21.8808161324
1.626,-1.74282172161,2,-10.6772808789,-5.890762221,34.5935183392,-2.6240863355,8.76879582153,19.9234658167,-3.94606743703,-0.434669330425,21.7415634521
1.6265,-1.86147411168,2,-9.67617136462,-4.51560918856,33.8242428373,-2.21456884474,8.35023369289,19.1207553377,-4.43832280571,-0.685707308065,21.5991951657
1.627,-1.97680099898,2,-8.63703059366,-3.46069470571,32.7745575014,-1.6170278606,8.10253622293,18.8781129411,-4.91678159944,-0.929709376108,21.4608170739
1.6275,-2.08111354028,2,-7.62473487277,-2.71862096982,31.5578796506,-0.842751154212,8.06835310751,19.2208969777,-5.34954497186,-1.1504079174,21.3356548437
1.628,-2.16549034925,2,-6.68782721761,-2.25075227934,30.2621417125,-0.00838337043024,7.81381915848,19.1709974298,-5.69960060229,-1.32892757023,21.2344130423
1.6285,-2.22092510143,2,-5.85760959437,-2.00568546132,28.948089327,0.847543325232,7.38126800168,18.7452211442,-5.92958378557,-1.44621326562,21.1678981523
1.629,-2.23998313621,2,-5.15026541349,-1.9322613148,27.6539072576,1.70041266832,6.92549010132,18.1939621254,-6.00865020754,-1.48653517155,21.1450308527
1.6295,-2.21854917353,2,-4.57039579235,-1.98673764905,26.4017688646,2.52567570095,6.59651446035,17.7525400101,-5.9197267295,-1.44118641253,21.1707489738
1.63,-2.15703541422,2,-4.11477495805,-2.13554927035,25.203780435,3.30958866818,6.55489548916,17.6758788184,-5.66452345674,-1.31103909965,21.2445579253
1.6305,-2.06051898953,2,-3.77565018656,-2.35539116441,24.0664130604,4.0059159325,6.72769728011,17.7428023208,-5.26410397769,-1.10683513841,21.3603657737
1.631,-1.93770911087,2,-3.5433194473,-2.63199468209,22.9934419736,4.52196352096,6.74110043108,17.1349883462,-4.75460035908,-0.8470009829,21.5077225355
1.6315,-1.79915109687,2,-3.40796940518,-2.95846726231,21.9877698663,4.85934125206,6.66982667494,16.0157560109,-4.17976215966,-0.553847818435,21.6739751244
1.632,-1.65532938762,2,-3.36087736161,-3.33366089596,21.0525502222,5.02748094996,6.59537554758,14.6001621975,-3.58308637024,-0.249558026973,21.8465435007
1.6325,-1.51522315282,2,-3.3951191242,-3.76076529153,20.1919429518,5.03852262015,6.58233321582,13.0891726296,-3.00182503851,0.0468707749891,22.0146537642
1.633,-1.38555096197,2,-3.50591818123,-4.24616075065,19.4117311685,4.90528047103,6.6682072452,11.631511076,-2.46385161818,0.321223820289,22.1702444574
1.6335,-1.27064514655,2,-3.69074393647,-4.79847317217,18.7199440339,4.66295893313,7.06133193969,11.24538397,-1.98713973315,0.564335008403,22.3081173147
1.634,-1.17274556262,2,-3.94923112464,-5.42771677712,18.1275711983,4.3374936373,7.86077553399,12.4764632267,-1.58098191574,0.77146537929,22.4255847841
1.6345,-1.09248902531,2,-4.28295456839,-6.14436667382,17.6494093334,3.91570785707,8.90593341314,14.965660487,-1.24802013268,0.941267595719,22.5218827659
1.635,-1.02942907329,2,-4.69505460469,-6.95815974395,17.3050339211,3.34922450359,8.8917543326,17.0594544917,-0.986402141568,1.07468625518,22.5975469586
1.6355,-0.982492695035,2,-5.18966834555,-7.87637390093,17.1198184789,2.72206454708,8.20270081,18.7601668073,-0.791676319627,1.17399157442,22.6538648443
1.636,-0.950337086318,2,-5.77108033915,-8.90129078596,17.1258021058,2.05375930177,7.13602400304,20.2167727601,-0.658271750074,1.24202458225,22.6924476231
1.6365,-0.931604037872,2,-6.44246649581,-10.0265364037,17.36200401,1.36090172126,5.930206631,21.5418581242,-0.580553604963,1.28165890056,22.714924979
1.637,-0.925086289375,2,-7.20407907752,-11.2320883981,17.8734770462,0.657726560727,4.77569402234,22.8207834994,-0.553513301033,1.29544878208,22.7227454762
1.6375,-0.929825501772,2,-8.05073565638,-12.478065535,18.707998631,-0.0433496288806,3.82550160624,24.1192988529,-0.573174959295,1.28542182607,22.7170590038
1.638,-0.945160584573,2,-8.96858249313,-13.6981569647,19.9089480775,-0.731233746797,3.20506483489,25.489856759,-0.636795901389,1.25297673019,22.698658789
1.6385,-0.970741291995,2,-9.93137750726,-14.7948608077,21.5029724346,-1.39570772538,3.02099305827,26.9768836566,-0.742923056147,1.19885452452,22.6679650838
1.639,-1.0065170697,2,-10.8970482654,-15.6404555705,23.4821610586,-2.02702233534,3.36858589818,28.6212587907,-0.89134668783,1.12316216908,22.6250385472
1.6395,-1.05270588014,2,-11.805996928,-16.0889486413,25.7834020347,-2.6155243335,4.33807715315,30.4642330962,-1.08297106136,1.02543851129,22.569617651
1.64,-1.10974235995,2,-12.5832610544,-16.0031461578,28.2723993186,-3.05853861105,5.84976118832,32.0085428733,-1.31959936173,0.904763971694,22.5011808846
1.6405,-1.17819910385,2,-13.146539834,-15.2950887064,30.7442342992,-3.46482427308,6.83472331735,32.281424213,-1.60360712327,0.759927086965,22.4190412048
1.641,-1.25866911237,2,-13.4204653371,-13.9675213523,32.9511993807,-3.81653422132,7.29786558516,31.2053378666,-1.93745453832,0.589673220281,22.3224870839
1.6415,-1.35159194566,2,-13.3542481396,-12.135069362,34.6572421519,-4.08855249321,7.30548927035,28.9792336863,-2.32296521813,0.393072375323,22.2109911036
1.642,-1.45700251788,2,-12.9365328461,-10.0070649013,35.7001453145,-4.22923988272,7.15889418069,26.8880026655,-2.76028401181,0.170050682652,22.0845113712
1.6425,-1.57418355795,2,-12.2007753033,-7.83348192113,36.0318552544,-4.2143137237,6.91535593747,25.0292785247,-3.24643516349,-0.0778742963513,21.943908524
1.643,-1.70121764667,2,-11.2181965885,-5.8384547619,35.7171690351,-4.01918997155,6.64691388517,23.5236233709,-3.77346384062,-0.346645795222,21.7914832292
1.6435,-1.83447276326,2,-10.0812999548,-4.17233331011,34.8957609762,-3.62150540988,6.43940146631,22.5071941745,-4.32630181134,-0.628579390995,21.6315934655
1.644,-1.96812589563,2,-8.88484513105,-2.89819507625,33.731371431,-3.00627077049,6.38406235248,22.1107192176,-4.88079103748,-0.911355085908,21.4712261318
1.6445,-2.09392843744,2,-7.71075340543,-2.00740572549,32.3715938401,-2.17423283801,6.55786311219,22.4198386592,-5.40271037312,-1.17752094787,21.320278542
1.645,-2.20150525313,2,-6.62001466449,-1.44783432319,30.9281607102,-1.28020017947,6.32382452324,22.0188425008,-5.8490163012,-1.40512585525,21.1911995837
1.6455,-2.27946554409,2,-5.65118054749,-1.15039458836,29.4747777607,-0.345570310255,5.83898748897,21.1551930838,-6.17245160451,-1.57006980428,21.0976568153
1.646,-2.31737805333,2,-4.82320353537,-1.04723682139,28.0544229093,0.596867915005,5.27205671674,20.1033810609,-6.32973993388,-1.65028293474,21.0521664635
1.6465,-2.30821329837,2,-4.140216278,-1.08120444474,26.6891242732,1.50891119318,4.77500364673,19.0953408085,-6.29171794521,-1.63089266752,21.0631630431
1.647,-2.25039964196,2,-3.59652402096,-1.20897768703,25.3884154559,2.36523981306,4.51313590428,18.3764122983,-6.0518653579,-1.50857382189,21.1325323259
1.6475,-2.14856752224,2,-3.18088903754,-1.40062937102,24.1552899859,3.1636844383,4.6846509405,18.2608729222,-5.62939255642,-1.29312321548,21.254718355
1.648,-2.01257425339,2,-2.87978655608,-1.63760452291,22.9898658813,3.81331876508,4.94396968036,17.9577241238,-5.06519476269,-1.0053963929,21.4178935649
1.6485,-1.85522269751,2,-2.67965556682,-1.91031552173,21.8914258834,4.25163106537,5.04010204022,16.9311191484,-4.41238744791,-0.672480921552,21.6066960944
1.649,-1.68962802294,2,-2.56831925734,-2.21594109585,20.8594814825,4.49324037477,5.08972357335,15.4702922034,-3.72538175395,-0.322125128576,21.8053893534
1.6495,-1.52712850072,2,-2.53578754493,-2.55665358811,19.8943373342,4.55454869805,5.18793817827,13.8528200185,-3.05121697588,0.0216821171133,22.0003688099
1.65,-1.3761654027,2,-2.57463626141,-2.93830580309,18.9974599334,4.45104796013,5.39209969668,12.2850174651,-2.42491357456,0.341081252724,22.1815059751
1.6505,-1.24207444738,2,-2.68011820237,-3.36951616731,18.1718300892,4.22972220637,6.01169485546,12.2512598019,-1.86860794425,0.624783268524,22.3423986425
1.651,-1.12747874251,2,-2.85011763881,-3.86104956792,17.4223847963,3.91280361526,7.10512663679,14.1091413023,-1.39318262062,0.867238342366,22.4798994052
1.6515,-1.03295026524,2,-3.08501896244,-4.42537039813,16.7566167627,3.41386848775,7.3035081468,16.2192152059,-1.00101057585,1.06723631754,22.593321961
1.652,-0.957700836194,2,-3.38752321376,-5.07622492356,16.1853830619,2.82262460595,6.38838700679,17.7590767377,-0.688821875596,1.22644477913,22.6836120282
1.6525,-0.900175103964,2,-3.76241157977,-5.82807913466,15.7239628226,2.16322541041,4.75840253665,18.9354203588,-0.450163804647,1.34815445116,22.7526358373
1.653,-0.858501179937,2,-4.21621911031,-6.69518629363,15.3933809117,1.4491976156,2.75322229045,19.8628520351,-0.277270424041,1.43632576909,22.8026394247
1.6535,-0.830802159983,2,-4.75674070505,-7.6899800782,15.22195744,0.653029904459,0.771580394198,20.4020836912,-0.162354986843,1.49492977991,22.8358748446
1.654,-0.81539271905,2,-5.39224126072,-8.82038911884,15.2469167819,-0.182147219006,-1.09471225092,20.7959448731,-0.0984255537884,1.52753219851,22.85436428
1.6545,-0.810890185212,2,-6.13018260004,-10.0855760368,15.5156432565,-1.02128081612,-2.77762715272,21.2314525837,-0.0797458082472,1.53705840349,22.8597667672
1.655,-0.816267020539,2,-6.97522109289,-11.4696019589,16.0857412379,-1.83550340109,-4.22602295681,21.854389622,-0.102052784572,1.52568240115,22.8533152256
1.6555,-0.830866190802,2,-7.92620323689,-12.9327883236,17.0224079935,-2.60042903363,-5.39967976602,22.7818026826,-0.162620632688,1.49479430715,22.8357980155
1.656,-0.854394869692,2,-8.97196354778,-14.4014137599,18.3908520622,-3.29465590603,-6.2642711752,24.112614417,-0.260234498657,1.44501366673,22.8075664923
1.6565,-0.88690625873,2,-10.0860375893,-15.75825625,20.2410319452,-3.94617211123,-6.62443059103,25.668013699,-0.395115100623,1.37622791914,22.7685568209
1.657,-0.928774193947,2,-11.2211068777,-16.8395265542,22.5829244212,-4.56120144292,-6.35924039121,27.3935034514,-0.568813379046,1.28764612337,22.718320444
1.6575,-0.980660412913,2,-12.3051657554,-17.4469582523,25.3545407787,-5.13044943267,-5.39475229112,29.324985045,-0.784074696847,1.17786821271,22.6560633577
1.658,-1.04346939562,2,-13.2427234686,-17.383925238,28.3930372232,-5.64396144372,-3.64803320099,31.5063357066,-1.04465148691,1.04498053985,22.5807002973
1.6585,-1.11827999089,2,-13.9247503438,-16.5161791158,31.4287033013,-5.99521056973,-1.34237974962,33.2552113786,-1.35501958934,0.886700537808,22.4909367767
1.659,-1.20623609722,2,-14.2488825417,-14.839065501,34.1227728485,-6.29889339912,0.247697868157,33.3689811686,-1.71992471705,0.70060801121,22.3854002584
1.6595,-1.30837046411,2,-14.1459132257,-12.5141757799,36.1515041442,-6.5321972042,1.14849326185,31.7857014512,-2.14365145695,0.484517927433,22.2628515698
1.66,-1.42532755387,2,-13.6024190961,-9.84176144794,37.3046109338,-6.63771037711,1.68563163615,29.8372801814,-2.62887350184,0.237066769753,22.1225174354
1.6605,-1.55694771664,2,-12.6681101207,-7.17166502941,37.5449053898,-6.57459447679,2.02683205839,28.0714942869,-3.17492850935,-0.0414076837276,21.9645894153
1.661,-1.70168559969,2,-11.4433614852,-4.79880991508,36.9961182976,-6.30966718042,2.27070566004,26.6492784452,-3.77540524598,-0.347635863597,21.7909217431
1.6615,-1.85587840721,2,-10.0530347751,-2.89727149542,35.8739039056,-5.80980327485,2.53809236519,25.7621726718,-4.41510780291,-0.673868234844,21.6059093234
1.662,-2.01297705037,2,-8.61867677398,-1.51370465686,34.4058728175,-5.04824667626,2.96388562813,25.6095021923,-5.06686585398,-1.00624860784,21.417410258
1.6625,-2.16301562559,2,-7.23892471029,-0.602511858779,32.777950781,-4.09615934326,3.25565568279,25.4779925694,-5.68933367042,-1.32369169069,21.2373824066
1.663,-2.29277778736,2,-5.98130304606,-0.0720969125792,31.1161531779,-3.05970156994,3.06308700872,24.5305361765,-6.22768035475,-1.59823509134,21.0816837594
1.6635,-2.38717334346,2,-4.88317487793,0.178590136901,29.4927812008,-1.96224886327,2.61267977575,23.153180977,-6.61930094701,-1.79795183947,20.9684206927
1.664,-2.43203468279,2,-3.95767901793,0.23917619627,27.9421210126,-0.858815652184,2.07327672236,21.6264644436,-6.80541801651,-1.89286690938,20.9145925987
1.6645,-2.417783271,2,-3.20110410306,0.179760066406,26.4757999119,0.18784959052,1.58061136445,20.1463417183,-6.74629292041,-1.86271458297,20.9316925414
1.665,-2.34256126367,2,-2.59960849442,0.0504078965403,25.093952249,1.14083496155,1.30377291128,18.9371808666,-6.43421798516,-1.70356413871,21.0219497059
1.6655,-2.21324874167,2,-2.13444197259,-0.115915224065,23.7919858506,2.0052379201,1.48781756191,18.3646369696,-5.89773672966,-1.4299720603,21.1771088406
1.666,-2.04373807759,2,-1.7855743368,-0.299463284046,22.5641031722,2.74710536552,2.06642530434,18.1885273928,-5.19448469746,-1.07133103947,21.3805008057
1.6665,-1.85131067079,2,-1.53397461017,-0.490073583799,21.4048465002,3.23408884317,2.40779160563,17.0754039385,-4.3961575502,-0.66420407795,21.6113900457
1.667,-1.65278913726,2,-1.36287949813,-0.684219906847,20.3096106234,3.49317731772,2.6874061584,15.4627250481,-3.57254758651,-0.244183509757,21.8495914889
1.6675,-1.4618253086,2,-1.25836949911,-0.882826533503,19.2747015868,3.54752144489,3.03341780659,13.7288826034,-2.780292413,0.159846896385,22.078724615
1.668,-1.28776487098,2,-1.20950967219,-1.08976080074,18.2972502116,3.43144928722,3.65444319373,12.7914976359,-2.05816465104,0.528114069265,22.2875757492
1.6685,-1.13577904333,2,-1.20824508479,-1.31087467824,17.3751251157,3.19948237097,4.90937223476,14.3906496613,-1.4276182324,0.849677038035,22.4699400643
1.669,-1.00768629574,2,-1.24918262468,-1.55346604938,16.5069046186,2.75927804889,4.92948903274,16.2391245064,-0.896197477577,1.12068838713,22.6236356196
1.6695,-0.902972959036,2,-1.32934512272,-1.82604864935,15.6919302162,2.19734566063,3.43058065092,17.3823439233,-0.461771317814,1.34223490855,22.749278755
1.67,-0.819723288771,2,-1.44795011233,-2.13834186392,14.9304545603,1.4626536285,1.19273155059,17.6382556799,-0.116391868611,1.51836982543,22.8491681285
1.6705,-0.755342171096,2,-1.60624185923,-2.50141091841,14.2239011556,0.547052102193,-1.27681108548,17.0181489774,0.150707266925,1.65458373203,22.9264175577
1.671,-0.707057337045,2,-1.80738880606,-2.92790044109,13.5752647998,-0.487251283381,-3.82066690877,15.8963628627,0.351027452411,1.75674203734,22.9843534246
1.6715,-0.672234814686,2,-2.05644643728,-3.43230670617,12.9896984038,-1.59154643664,-6.32681170272,14.5490635396,0.495496295998,1.83041754935,23.026136172
1.672,-0.648554489415,2,-2.36037479013,-4.03122189299,12.4753520829,-2.59813751994,-8.49510102944,13.1396607997,0.59373930012,1.88051903456,23.0545496521
1.6725,-0.634089840244,2,-2.7280870166,-4.74345091815,12.0445526186,-3.45884374268,-10.2221059865,11.8622027322,0.653749058091,1.91112251649,23.0719054535
1.673,-0.62732742266,2,-3.17048623604,-5.58983745086,11.7154304908,-4.22963484711,-11.5613487133,10.9034748296,0.681804425193,1.92543005495,23.0800195236
1.6735,-0.627152398133,2,-3.70041655465,-6.5925253437,11.514104332,-4.98045930091,-12.7206687244,10.2176841085,0.682530552691,1.92580036188,23.0802295315
1.674,-0.63281833592,2,-4.33240260228,-7.77320584903,11.4774882393,-5.77025499124,-13.8720470859,9.76460846024,0.659024171634,1.91381269301,23.0734311025
1.6745,-0.643913182555,2,-5.08197046753,-9.14964500826,11.6566327406,-6.63653883511,-15.0590808821,9.62450518379,0.61299477587,1.8903388476,23.06011865
1.675,-0.66032864118,2,-5.9642231244,-10.7294660667,12.1201281747,-7.607426759,-16.3005298449,9.93203722606,0.544891658582,1.855607954,23.040422117
1.6755,-0.68223692371,2,-6.99118926208,-12.499894099,12.9563025589,-8.49652372538,-17.2829305884,10.6687049205,0.454000361004,1.80925565602,23.0141348703
1.676,-0.710076556715,2,-8.16731948832,-14.4123071205,14.2715133941,-9.29070339321,-17.986893344,11.8690046423,0.33850155984,1.75035414411,22.9807307321
1.6765,-0.744547241751,2,-9.48250632816,-16.3617780974,16.179723246,-9.97866870495,-18.3918945525,13.5772158287,0.195492390271,1.67742302949,22.9393701463
1.677,-0.786612278961,2,-10.9024645111,-18.1656759215,18.7765217661,-10.5474017589,-18.4696244073,15.8504240895,0.0209763911574,1.58842421654,22.8888972711
1.6775,-0.837505288263,2,-12.357731425,-19.5530188077,22.0915163337,-10.98154586,-18.1823531028,18.7624800675,-0.190164379309,1.48074768239,22.8278319144
1.678,-0.89873530992,2,-13.7353579006,-20.1859497634,26.0219439703,-11.3334165461,-17.2400830942,22.0105021255,-0.444190504424,1.3512006855,22.7543634132
1.6785,-0.972080025417,2,-14.8809368662,-19.7368890736,30.2722287601,-11.6398223838,-15.3799225241,25.3843116147,-0.748477084292,1.1960221085,22.6663587682
1.679,-1.05954970819,2,-15.6198433395,-18.0217117362,34.3511837688,-11.8857307465,-12.4850494559,28.9725254627,-1.11136417756,1.0109587292,22.5614058984
1.6795,-1.16329323803,2,-15.800183308,-15.1340633091,37.6775860313,-11.9614872494,-9.58056639163,31.0968242277,-1.54176688162,0.791464069981,22.436926412
1.68,-1.28540093378,2,-15.3445042096,-11.479893439,39.7800071678,-11.9745556207,-7.6046312529,30.965123224,-2.04835734098,0.533115553131,22.2904121834
1.6805,-1.42753761958,2,-14.2833758095,-7.65074896118,40.4800558852,-11.8557725266,-6.2079350115,29.9236721288,-2.63804244239,0.232390838436,22.1198656281
1.681,-1.59031927936,2,-12.748880739,-4.19990055224,39.9318312605,-11.5386302355,-5.09885005226,28.9775476578,-3.31337772979,-0.112013337855,21.9245476412
1.6815,-1.77234699358,2,-10.9311470133,-1.46738044082,38.5015400252,-10.9678294014,-4.11641717214,28.3938400098,-4.06855947977,-0.49713722137,21.7061367543
1.682,-1.96887552815,2,-9.02352492214,0.457507069944,36.5915407679,-10.0826401281,-3.05103682496,28.506994059,-4.88390105177,-0.912941115736,21.4703266649
1.6825,-2.1702909483,2,-7.18219150142,1.66491922565,34.5184140327,-8.91589701844,-2.11475892748,28.7276090899,-5.71951693652,-1.33908440464,21.2286529134
1.683,-2.36096058611,2,-5.50980313804,2.32486977661,32.4767994347,-7.59313696169,-1.85402602499,27.7496246895,-6.51055159499,-1.74249237851,20.9998727802
1.6835,-2.51951381538,2,-4.05818447502,2.61372523302,30.5595668868,-6.11602606214,-1.91768347963,26.1932208923,-7.16834431442,-2.07795028207,20.8096283902
1.684,-2.62178176111,2,-2.84026641891,2.67829763057,28.7951412278,-4.56794238165,-2.09459139399,24.4871696581,-7.59262523535,-2.29432298437,20.6869194235
1.6845,-2.64674161568,2,-1.84364419808,2.62666834226,27.1794291631,-3.09204770562,-2.33949077588,22.7583868343,-7.69617664636,-2.34713162487,20.6569706654
1.685,-2.58367359964,2,-1.04193637403,2.53213009846,25.696137573,-1.80723885598,-2.61981989871,20.9971843778,-7.43452519991,-2.21369590402,20.732644534
1.6855,-2.43680870462,2,-0.402884025172,2.44131252032,24.3272550245,-0.732536421454,-2.70916051486,19.4283913386,-6.82522408932,-1.90296751321,20.9088643592
1.686,-2.22442775486,2,0.106523370372,2.38225144677,23.0573447957,0.204591472773,-2.15932265339,18.7129626568,-5.94411530875,-1.45362398051,21.1636953986
1.6865,-1.97284531416,2,0.517182189883,2.37095420533,21.8746457779,0.941569015655,-1.29837321561,18.042526208,-4.90037057653,-0.921340163166,21.4655634096
1.687,-1.70882192347,2,0.856558167804,2.41627426297,20.7708423374,1.3736776348,-0.650520704194,16.3905733021,-3.80501184463,-0.362734491511,21.7823590315
1.6875,-1.4539731799,2,1.14835246461,2.52334792849,19.7404727763,1.54420803742,0.0410500836842,14.4685714396,-2.74771614121,0.176459983637,22.0881462045
1.688,-1.22250718446,2,1.41274342082,2.69593362929,18.7804048747,1.51829898889,1.25836032518,14.386631778,-1.78742887809,0.666182570374,22.3658769533
1.6885,-1.02159669848,2,1.66693022581,2.93795917665,17.889530116,1.25978814881,1.86916000173,16.1720289532,-0.95390782311,1.09125754827,22.6069448458
1.689,-0.853031416997,2,1.92580357382,3.25451505649,17.0687107134,0.79686052796,0.00725822523691,16.7576734611,-0.254577917205,1.44789838238,22.809202468
1.6895,-0.71509446439,2,2.20263662102,3.65246152995,16.3209794345,-0.0702160729179,-2.72792418379,15.2353848474,0.317683673312,1.73973754048,22.9747098595
1.69,-0.604134532111,2,2.50973297246,4.14075005558,15.6519959777,-0.55726432574,-4.52106295814,12.7612817827,0.778025199855,1.9745002535,23.107848142
1.6905,-0.515686841786,2,2.85899187131,4.73049242447,15.0707806861,-0.495185516224,-5.07624777253,10.1304768969,1.14496977117,2.16163284554,23.2139745007
1.691,-0.445182590216,2,3.26235729466,5.43473726829,14.5907626052,-0.0824921898402,-4.71814305399,8.2115090282,1.43747206572,2.31080173054,23.298570938
1.6915,-0.388345581227,2,3.73210830856,6.26782398092,14.2311822383,0.600222020068,-3.62898592854,7.16178800454,1.67327281781,2.43105424111,23.3667683639
1.692,-0.341374434884,2,4.280921835,7.24406837724,14.0188619017,1.48575722782,-2.01237049282,6.80542011735,1.86814288276,2.5304331207,23.4231279671
1.6925,-0.300988805055,2,4.92159353989,8.3753862665,13.9902660716,2.52860581372,-0.0132324897022,7.00970034118,2.03569149336,2.61587873905,23.4715857597
1.693,-0.264395919572,2,5.66623604147,9.66729106037,14.1935645753,3.66639698744,2.18473476319,7.72171698666,2.18750507524,2.69329988465,23.5154927253
1.6935,-0.229215334049,2,6.52469019443,11.1125664553,14.6899980596,4.86515457257,4.51471974421,8.70420937053,2.33345942211,2.76773296633,23.5577051044
1.694,-0.193386110108,2,7.50180705227,12.6819746532,15.5531310155,6.09043085415,6.61128341197,9.87841200247,2.4821047872,2.84353840028,23.6006957699
1.6945,-0.155071183836,2,8.59324830516,14.3119578642,16.8635378516,7.20056216113,8.24922949536,11.307634417,2.64106263159,2.92460294183,23.6466689728
1.695,-0.112567681517,2,9.7796472386,15.890999456,18.6953787227,8.01516243968,9.15219422157,13.058216669,2.81739769903,3.01452943432,23.6976679522
1.6955,-0.0642286949158,2,11.0195950848,17.2497334759,21.0911914431,8.86632356906,10.0450803377,15.6892061413,3.0179425482,3.11680231252,23.7556687955
1.696,-0.00840112442739,2,12.2432032096,18.1647790974,24.0241931036,9.65759399366,10.73870184,18.7792235473,3.24955542407,3.23491911054,23.8226550193
1.6965,0.0566145073618,2,13.3498673724,18.389692241,27.3560640966,10.3671240239,10.9462446581,21.7354531901,3.51928698007,3.37247548601,23.9006657874
1.697,0.132572742894,2,14.2153496818,17.721331052,30.8121080904,10.8845890576,10.1705011964,24.3933736052,3.83441631892,3.53318360004,23.9918063352
1.6975,0.221244559304,2,14.7121709785,16.0890758453,34.0051450525,11.6312984538,10.2020583408,26.4255507679,4.20229072628,3.7207903853,24.0982016177
1.698,0.324306396883,2,14.741413752,13.6236117138,36.5257520299,12.1432954325,10.0482863387,29.0795679352,4.62986528103,3.93884275881,24.2218631572
1.6985,0.443120273734,2,14.2648913487,10.6507484208,38.0720874575,12.123994203,9.07786148118,31.5262274855,5.12279061291,4.190222401,24.3644252079
1.699,0.57835759726,2,13.3215227928,7.59358921467,38.5490582915,11.3638588753,6.37639045597,33.3502432417,5.68385220225,4.47634983745,24.5266933763
1.6995,0.729417926066,2,12.0179411786,4.83314677616,38.0760143243,10.7119110835,3.93521672765,33.9519643519,6.31055898671,4.79595468842,24.7079472065
1.7,0.893620820638,2,10.4980358565,2.60707715753,36.9069123005,10.2266161428,2.64521879745,33.9839096051,6.99179057722,5.14336583244,24.9049705005
1.7005,1.06523512315,2,8.90701626406,0.988509999762,35.3229902758,9.60713785586,1.83011884635,33.6481663369,7.70377001317,5.50645761182,25.1108865731
1.701,1.23458793547,2,7.36461798792,-0.0723723846503,33.5561161049,8.79254685201,1.32660670482,32.8770642905,8.40636716283,5.86476465887,25.3140891355
1.7015,1.38775518278,2,5.95316160398,-0.687268615287,31.7611580619,7.73831064633,0.957406517475,31.6383303913,9.04181495913,6.18882720816,25.497871009
1.702,1.50754178779,2,4.71801682561,-0.980733060189,30.0234751481,6.43947374266,0.571453071742,29.9823905532,9.53877586632,6.44226489324,25.641600214
1.7025,1.57630406724,2,3.67486268661,-1.06264791698,28.3800775687,4.9525455126,0.0904595592719,28.06282844,9.82405120888,6.58774821273,25.7241064989
1.703,1.58035139728,2,2.81888064019,-1.01812883824,26.8401869141,3.39642333495,-0.474582294065,26.097193894,9.84084244199,6.5963113234,25.7289627975
1.7035,1.51439857506,2,2.13306608031,-0.907457743484,25.3998197816,1.91918112094,-1.06408779436,24.2779739975,9.56722274669,6.45677209372,25.649827516
1.704,1.38383216678,2,1.59458023758,-0.770264242894,24.0502913948,0.64614713248,-1.64366219079,22.6929705645,9.02553946996,6.18052711405,25.4931638719
1.7045,1.20341066746,2,1.17906863625,-0.630677688287,22.7823813107,-0.354854210904,-2.24904360557,21.3111663211,8.27702145347,5.79880156865,25.2766802454
1.705,0.993049003828,2,0.863296351546,-0.501986990029,21.5879577395,-1.07213273962,-2.96958963937,20.0358703275,7.4042901227,5.35373032669,25.0242721012
1.7055,0.772844808562,2,0.62654824771,-0.390340517618,20.4603372512,-1.60863707299,-4.17793978309,18.82429385,6.49072489859,4.88783481616,24.7600541286
1.706,0.559370019949,2,0.451197701927,-0.297469426186,19.3941278237,-2.0665371865,-5.09518334395,18.8166949704,5.60507808852,4.43617700144,24.503910617
1.7065,0.364018172207,2,0.322758810874,-0.222583681436,18.384931,-1.49952332777,-3.97518713618,18.9276789332,4.79461825897,4.02286267413,24.2695124072
1.707,0.193068635667,2,0.229648251932,-0.163627157602,17.4290614059,-0.732383126067,-2.81645579004,18.0967163408,4.08539674994,3.66117736879,24.064393972
1.7075,0.0486914584099,2,0.162809074847,-0.118064133179,16.5233319098,-0.0170218252115,-1.2938044113,17.76610376,3.48641648011,3.35571234972,23.8911591023
1.708,-0.0697802678891,2,0.115292620134,-0.0833389071567,15.6649053967,0.721556837432,0.46249749162,16.8820772724,2.99491063457,3.10505661021,23.7490075902
1.7085,-0.164700056417,2,0.0818547250755,-0.0571175143634,14.8511986191,1.67222219643,2.64079485847,15.3341575959,2.60111514954,2.90423072094,23.635115509
1.709,-0.239228894544,2,0.058595256981,-0.0373912578153,14.0798219843,2.41027688831,4.51833878232,14.099169649,2.29191597819,2.74654684463,23.5456900624
1.7095,-0.296737550143,2,0.0426526251805,-0.0224978405703,13.3485423142,2.90103900048,5.66819965636,12.8560889566,2.05332875337,2.62487330237,23.4766867432
1.71,-0.340441840254,2,0.0319545069083,-0.0110974316874,12.6552595452,3.14191018608,6.15395995387,11.6775101932,1.87201195538,2.53240625137,23.424246966
1.7105,-0.373208831895,2,0.0250203671279,-0.00212745410161,11.9979915882,3.20618903317,6.17348357089,10.6115393793,1.73607093016,2.46307971433,23.3849306029
1.711,-0.397478128141,2,0.0208087868547,0.00524963767573,11.3748638592,3.14923528817,5.87623895116,9.68789449033,1.63538445124,2.41173211784,23.3558104299
1.7115,-0.415254642509,2,0.0186019349326,0.0116977303299,10.7841014653,3.01205011559,5.37336583391,8.92227682431,1.56163469678,2.37412157991,23.3344807973
1.712,-0.428141558422,2,0.017919898011,0.0177538391966,10.2240229201,2.82440941215,4.7461589349,8.32002013574,1.50817051001,2.34685617627,23.319018082
1.7125,-0.437392398117,2,0.0184584829534,0.023869098412,9.69303478005,2.60749583431,4.05303334947,7.8790552228,1.46979138,2.32728377585,23.3079182112
1.713,-0.443968887006,2,0.0200451927591,0.0304441958079,9.18962687945,2.37603964021,3.33511665529,7.59225643186,1.44250737871,2.31336961475,23.3000272327
1.7135,-0.448596840557,2,0.0226091619212,0.0378602692731,8.71236800129,2.14001469626,2.62065265664,7.44925259692,1.42330730209,2.30357805388,23.2944742572
1.714,-0.451816054499,2,0.026161824497,0.0465066517526,8.2599019101,1.90595250979,1.92841195374,7.43778997012,1.40995168957,2.29676702414,23.2906115961
1.7145,-0.454022585722,2,0.0307859410468,0.0568070048782,7.8309437247,1.67794090209,1.27029541239,7.54473163775,1.40079741261,2.29209857089,23.2879640298
1.715,-0.455503252922,2,0.0366313261952,0.0692454388892,7.42427664724,1.45837021643,0.653296711978,7.75676981627,1.39465454117,2.28896585945,23.2861874111
1.7155,-0.45646296874,2,0.04391621241,0.0843942573952,7.03874910074,1.24848246622,0.0809656948804,8.06091685441,1.39067295038,2.28693534731,23.2850358701
1.716,-0.457045870201,2,0.0529336817043,0.10294503951,6.67327237187,1.04876998048,-0.445510706429,8.44482959004,1.38825465629,2.28570207756,23.28433646
1.7165,-0.457351308332,2,0.0640630223055,0.12574491165,6.32681891864,0.859261346632,-0.926516261278,8.89701109564,1.38698747945,2.28505584894,23.2839699718
1.717,-0.457445705279,2,0.0777862489793,0.153840090523,5.9984215971,0.679724523652,-1.3634283372,9.40692448308,1.38659585309,2.28485612925,23.283856707
1.7175,-0.457371162725,2,0.0947103896832,0.188529117855,5.68717420638,0.509810298394,-1.75819895542,9.96504547314,1.38690510917,2.28501384214,23.2839461489
1.718,-0.457151555023,2,0.115596512568,0.231428676687,5.39223397587,0.349153755158,-2.11305052943,10.5628740504,1.38781619971,2.28547847562,23.2842096512
1.7185,-0.456796690276,2,0.141396870445,0.284555501936,5.11282696733,0.197447131066,-2.43025331721,11.1929204508,1.38928843366,2.28622927827,23.2846354453
1.719,-0.456304985958,2,0.173301999208,0.350428700733,4.84825790776,0.0544941404187,-2.71195965962,11.8486768771,1.39132837647,2.2872695983,23.28522543
1.7195,-0.45566498764,2,0.21280014745,0.432197809913,4.59792681579,-0.0797465755295,-2.96007607278,12.5245834817,1.39398354935,2.28862367034,23.2859933494
1.72,-0.45485596031,2,0.261752062426,0.533803165739,4.36135610634,-0.205122940011,-3.17615860892,13.2159951184,1.39733997602,2.29033536434,23.2869640827
1.7205,-0.453847699623,2,0.322484937504,0.660176658774,4.13823392274,-0.321251109681,-3.3613199555,13.9191540117,1.40152296581,2.29246858495,23.2881738716
1.721,-0.452599641725,2,0.397910258596,0.817492673315,3.92848267136,-0.427473222615,-3.51613869774,14.6311726074,1.40670080673,2.29510915486,23.2896713877
1.7215,-0.451059291434,2,0.491671377452,1.01348086033,3.73236677055,-0.522807481375,-3.64056236747,15.3500305408,1.41309128652,2.29836814038,23.2915196188
1.722,-0.449159935763,2,0.608327858903,1.25781407929,3.55066148015,-0.605886787822,-3.73379630803,16.0745896019,1.42097117858,2.30238668907,23.2937986122
1.7225,-0.446817559339,2,0.753584890164,1.56258570749,3.38491688975,-0.674881847266,-3.79417021943,16.8046309282,1.43068903904,2.30734255587,23.296609176
1.723,-0.44392682694,2,0.934577033296,1.9428891414,3.23787003214,-0.727404056213,-3.81897347858,17.5409193213,1.44268187409,2.31345860304,23.3000776996
1.7235,-0.44035594254,2,1.16021574504,2.41750579953,3.11408704135,-0.760382580031,-3.80424896639,18.2853006035,1.45749646835,2.32101367714,23.3043623221
1.724,-0.435940130668,2,1.4416081189,3.00969046848,3.02096098589,-0.769908774324,-3.74453311488,19.0408393444,1.47581642886,2.33035640071,23.3096607537
1.7245,-0.430473411095,2,1.79254766839,3.74800304372,2.97025530133,-0.7510394491,-3.63252710968,19.8120061661,1.49849630963,2.34192257502,23.3162201453
1.725,-0.423698248114,2,2.23006163759,4.66705184813,2.98047300922,-0.697548329745,-3.45868048409,20.6049262813,1.52660455379,2.35625707947,23.3243495083
1.7255,-0.415292547803,2,2.77496364628,5.80784538256,3.08044760578,-0.601612323069,-3.21066349031,21.4277040989,1.56147743839,2.37404138205,23.3344353156
1.726,-0.404853347549,2,3.45228753345,7.21712506408,3.31467078462,-0.45341569915,-2.87269831647,22.2908428419,1.60478674186,2.39612804813,23.346961073
1.7265,-0.391876391248,2,4.29133638989,8.94445491429,3.75091346543,-0.240650869582,-2.42471100923,23.2077835013,1.65862448086,2.42358395411,23.3625318258
1.727,-0.375730614828,2,5.32481869987,11.0348176816,4.49043243781,0.0521111460912,-1.84125528547,24.1955945462,1.72560876259,2.45774426945,23.3819047733
1.7275,-0.355626394976,2,6.58609236235,13.5128981559,5.67994389807,0.44421447298,-1.0901455107,25.2758533617,1.80901551192,2.50027963423,23.4060273664
1.728,-0.330576276538,2,8.10284867414,16.3534078895,7.52148861395,0.959918930663,-0.13071796938,26.4757735337,1.91294140233,2.5532792499,23.4360844301
1.7285,-0.299346874226,2,9.88476200793,19.431396426,10.2696015479,1.62966049017,1.08838417508,27.8296507819,2.04250340221,2.6193526429,23.4735558749
1.729,-0.260400916845,2,11.902388828,22.4525550841,14.1937856601,2.43131557123,2.49406086431,29.4423119921,2.20407921706,2.70175228417,23.5202862376
1.7295,-0.211829320712,2,14.0568636142,24.886054991,19.4732209308,3.39715972569,4.11061499323,31.035610966,2.40558909771,2.80451730439,23.5785661838
1.73,-0.151275439438,2,16.1481675783,25.969378651,26.002713621,4.30692411285,5.15668021927,32.7209087424,2.65681010669,2.93263376191,23.6512233996
1.7305,-0.0758585753772,2,17.8656938151,24.899116593,33.1677337666,5.07020240411,5.66023994032,35.0871048713,2.96969344769,3.09219647298,23.7417143682
1.731,0.0178860662452,2,18.8379954109,21.2582024662,39.7950164778,5.80462414196,5.89241438454,38.1520947947,3.35861357898,3.29053605327,23.8541964175
1.7315,0.13401416366,2,18.7585286418,15.4599039273,44.5257562966,6.35132939596,4.84706711827,40.8768269226,3.84039636796,3.5362332761,23.993535863
1.732,0.277052716717,2,17.5338392665,8.7434276154,46.5179763337,7.14991614319,4.6465936471,43.2141228713,4.43382306277,3.83886611024,24.1651645481
1.7325,0.451618607154,2,15.3437926601,2.55688497457,45.9000310884,7.2196181903,3.31377791573,46.0480006193,5.1580478062,4.20820269144,24.3746221636
1.733,0.661544433735,2,12.5585602436,-2.16028835733,43.5473645192,6.44908844238,-0.249000771027,47.5090221511,6.02897097174,4.65235181417,24.6265073569
1.7335,0.908169172716,2,9.58131397749,-5.20698091354,40.4758169763,6.022116946,-2.12618928069,47.8966836794,7.05214759499,5.17414640822,24.922426735
1.734,1.18741770765,2,6.72690443316,-6.8757515117,37.4093419204,5.32676360395,-3.4408001,47.645061855,8.21067116487,5.76496457402,25.2574906591
1.7345,1.4856066104,2,4.18147928184,-7.61096927806,34.6992455667,4.16404098818,-4.56553333595,46.4989096655,9.44777298954,6.39585569265,25.6152806968
1.735,1.77505239011,2,2.02005400042,-7.80371049786,32.4367422184,2.32100526793,-5.98622989617,44.2147982439,10.6486020577,7.00824860892,25.9625800614
1.7355,2.0127656682,2,0.243728773045,-7.73020914348,30.5862454152,-0.195411567902,-7.60388220902,41.6978669823,11.6348075381,7.51118884091,26.2478067816
1.736,2.14733653802,2,-1.18653204469,-7.5628535266,29.0724608756,-3.23891356751,-9.57340516944,39.015422374,12.1931041986,7.79590623253,26.4092752875
1.7365,2.13633798337,2,-2.32658249934,-7.40043730056,27.8219690362,-6.34624337649,-11.649204776,36.3360499974,12.1474742912,7.77263611623,26.3960783735
1.737,1.96683552116,2,-3.2353554203,-7.2952233352,26.7774603677,-8.99984709223,-13.527556182,33.7579987375,11.4442562862,7.41401244844,26.1926962497
1.7375,1.66372332013,2,-3.96775729486,-7.27179002158,25.8993317623,-10.9212642568,-15.0629156106,31.5687396402,10.1867290828,6.77270489535,25.828998859
1.738,1.27823475304,2,-4.5715713503,-7.3387973815,25.1628094761,-12.0974326086,-16.2400404796,30.2585578662,8.58744552344,5.95711011274,25.3664599527
1.7385,0.866170614266,2,-5.0865684837,-7.49589910239,24.5542580456,-12.7423837941,-17.5823439097,29.3462238573,6.87790739754,5.08528824724,24.8720336263
1.739,0.471107624688,2,-5.54472302678,-7.73758693246,24.0679796138,-12.8105164424,-17.7171830911,29.977002916,5.23890225427,4.24943644615,24.3980065896
1.7395,0.118809450791,2,-5.97089469744,-8.05513507993,23.7037605521,-12.4001689918,-17.3689920909,29.7892976971,3.77731629402,3.5040640095,23.9752920761
1.74,-0.180341431436,2,-6.3836201791,-8.43736067751,23.4650239925,-11.5840744779,-14.9662396577,27.9303274996,2.53622348725,2.8711375894,23.6163477812
1.7405,-0.426192751609,2,-6.79582474636,-8.87064903074,23.3573330933,-11.9887949763,-15.0730626824,25.2494278784,1.51625556093,2.35097935087,23.3213564106
1.741,-0.624147216711,2,-7.21536585105,-9.33855785804,23.3869883468,-13.5344490394,-17.4479991354,23.7570037231,0.694998204526,1.93215855379,23.0838353799
1.7415,-0.781935275463,2,-7.64538800315,-9.82126704774,23.5595043968,-14.9217261114,-19.194064553,25.1489053939,0.0403799622092,1.5983195545,22.8945091006
1.742,-0.907713493839,2,-8.08452036728,-10.2951473135,23.8778210847,-15.9650307707,-19.572134263,28.1826948495,-0.481438462366,1.33220515467,22.7435906959
1.7425,-1.00908117414,2,-8.52699530134,-10.7327542919,24.3402074389,-16.8501881852,-18.6003391659,31.6457986368,-0.901984435427,1.11773718276,22.621961937
1.743,-1.09265172776,2,-8.9628101498,-11.1035783016,24.9379693666,-17.5581590313,-16.6681407064,35.2223665837,-1.24869513936,0.940923359122,22.5216875429
1.7435,-1.16392962394,2,-9.37809029496,-11.375844443,25.6532723623,-18.0059634198,-14.9471061677,37.3079141183,-1.54440706763,0.790117640874,22.4361628271
1.744,-1.22734025253,2,-9.75582415668,-11.5195055851,26.4576062305,-18.3603183049,-13.8587340815,38.0628860883,-1.80747991715,0.655957039858,22.3600778656
1.7445,-1.28632430919,2,-10.0771093644,-11.510263792,27.3115668391,-18.6178668123,-13.285411871,37.6724767218,-2.05218816566,0.531161927957,22.2893042464
1.745,-1.34344735342,2,-10.3229547751,-11.3340206355,28.1665871483,-18.7755372942,-13.1314529257,36.2684681938,-2.28917559745,0.410304240284,22.2207636133
1.7455,-1.40049830078,2,-10.4765243438,-10.9907271192,28.9689076486,-18.8098478193,-13.1353961271,34.8068975165,-2.52586391962,0.289599091072,22.1523094877
1.746,-1.45856465759,2,-10.525519186,-10.4964085677,29.6654372176,-18.7181603053,-13.2365814294,33.3298217493,-2.76676488975,0.166745596316,22.0826369955
1.7465,-1.51808163802,2,-10.4642435156,-9.88239770028,30.2104121707,-18.4976063045,-13.3811785054,31.8740864383,-3.013684089,0.0408229546071,22.0112239333
1.747,-1.57885951236,2,-10.294871045,-9.19155756339,30.5712652026,-18.145672863,-13.5209507274,30.4725563364,-3.26583438215,-0.0877674147049,21.9382979533
1.7475,-1.64010001326,2,-10.0275683603,-8.47226052266,30.7321890575,-17.6610904278,-13.6130153799,29.1538024714,-3.51990398269,-0.21733658298,21.8648168783
1.748,-1.70041872866,2,-9.67941135009,-7.77165322023,30.6945745742,-17.0450172632,-13.6206111651,27.9410474264,-3.77014935465,-0.344955489927,21.7924418326
1.7485,-1.75789534969,2,-9.27234535571,-7.12989853912,30.474515106,-16.3024599378,-13.5149251637,26.8503844161,-4.00860367707,-0.466561255287,21.7234769509
1.749,-1.81017539793,2,-8.83066316012,-6.57659497252,30.0984161032,-15.4437373798,-13.2777214238,25.8884934847,-4.22549888168,-0.577172407523,21.6607473179
1.7495,-1.85464270113,2,-8.37852972276,-6.1297315237,29.5980797131,-14.4856324078,-12.904061625,25.0503816851,-4.40998120619,-0.671253798206,21.6073920188
1.75,-1.88866880055,2,-7.93797548805,-5.79676467737,29.0064220193,-13.4517555002,-12.4039717114,24.3180019444,-4.5511459152,-0.743244283872,21.5665648811
1.7505,-1.90992351259,2,-7.52758314158,-5.57698430976,28.3544617972,-12.371686543,-11.8017872884,23.6607899154,-4.63932573276,-0.78821379457,21.5410618387
1.751,-1.91670461689,2,-7.16189281703,-5.46430350786,27.6696906359,-11.2787467529,-11.1324059976,23.0389548185,-4.66745862578,-0.802560869317,21.5329253469
1.7515,-1.90822379129,2,-6.85140751453,-5.44982593239,26.9755826574,-10.2067350259,-10.434805178,22.4095904697,-4.63227406752,-0.78461762093,21.5431012954
1.752,-1.88478188726,2,-6.60301228549,-5.52383827468,26.2918657923,-9.18641536934,-9.74447901311,21.734473361,-4.53502020602,-0.735020573824,21.5712286994
1.7525,-1.84778600559,2,-6.4206150852,-5.67712303426,25.6351967935,-8.24268428962,-9.08713704701,20.987363981,-4.38153470639,-0.656746791811,21.6156192108
1.753,-1.79959952529,2,-6.30584897678,-5.90164162274,25.0199751142,-7.39306522158,-8.47557339527,20.1584563734,-4.18162256293,-0.554796577767,21.6734370654
1.7535,-1.74325977929,2,-6.25872096743,-6.19070555528,24.4591323661,-6.6476371169,-7.91027815561,19.2546080332,-3.94788481504,-0.435596147946,21.7410378368
1.754,-1.68212899693,2,-6.27813635686,-6.53876201417,23.9648114226,-6.01002240726,-7.3829211096,18.2956225691,-3.69427040582,-0.306259115906,21.814387263
1.7545,-1.61955171617,2,-6.36226149765,-6.94089839543,23.5488936122,-5.47885772425,-6.88104973864,17.3082214425,-3.43465488192,-0.173861664847,21.8894723096
1.755,-1.55857704861,2,-6.50871074619,-7.39214046859,23.2233477853,-5.04925238215,-6.39241911432,16.319785812,-3.18168814909,-0.0448549316361,21.9626344172
1.7555,-1.50177692068,2,-6.71455706464,-7.8865946748,23.0003694737,-4.71395960726,-5.90799788927,15.3534919347,-2.94604040612,0.0753195481032,22.0307875904
1.756,-1.4511637516,2,-6.97617384497,-8.41647580522,22.8922604045,-4.4641930699,-5.42340550398,14.4255797237,-2.736060614,0.182404012215,22.0915171732
1.7565,-1.40819120337,2,-7.28892237395,-8.97107305211,22.9109768343,-4.29014420841,-4.93902719549,13.5446886383,-2.55777960708,0.273322885374,22.14307895
1.757,-1.37381219775,2,-7.64670942891,-9.53574464687,23.067259999,-4.18129461251,-4.45925401773,12.7127268251,-2.41515078959,0.346060029904,22.1843295318
1.7575,-1.34856761314,2,-8.04145700626,-10.0910951518,23.36926812,-4.12660714843,-3.99128389814,11.9266163829,-2.31041811379,0.39947108603,22.2146199309
1.758,-1.33268347276,2,-8.46255415711,-10.6125732526,23.8206769285,-4.11329919815,-3.5316702649,11.2376441585,-2.24451928636,0.433077846705,22.2336789473
1.7585,-1.32616074644,2,-8.89639929097,-11.0708096632,24.4183268499,-4.12873792637,-3.08125326531,10.6771591265,-2.21745833084,0.446878260027,22.2415054173
1.759,-1.32884792278,2,-9.32618406717,-11.4330500658,25.1496834274,-4.16438261157,-2.67877467461,10.0946115914,-2.2286066691,0.44119288518,22.2382811359
1.7595,-1.34049121682,2,-9.73210194087,-11.6659604574,25.9906272117,-4.20980512517,-2.34574396204,9.41503949121,-2.27691141875,0.416558665966,22.224310614
1.76,-1.36076044485,2,-10.0921604354,-11.739823932,26.9043288901,-4.24995675396,-2.06058108974,8.75884038758,-2.36100274056,0.373674186264,22.1999900313
1.7605,-1.38925049181,2,-10.3837069228,-11.6336888545,27.8420576704,-4.27264138526,-1.82432829576,8.12969599592,-2.47919992615,0.313396565499,22.1658054762
1.761,-1.425459419,2,-10.5856252392,-11.3404631417,28.7465495071,-4.26577648492,-1.63457655342,7.53601224432,-2.62942057314,0.236787777013,22.1223592134
1.7615,-1.46874520785,2,-10.680941313,-10.8705203653,29.557935635,-4.21757098306,-1.48514164498,6.99113105622,-2.80900112723,0.145206167164,22.0704215863
1.762,-1.51826452923,2,-10.6593567635,-10.2524080518,30.2213196973,-4.1168027308,-1.36593428774,6.51310395093,-3.01444285315,0.0404360037897,22.0110044863
1.7625,-1.57289935146,2,-10.519114069,-9.52991797771,30.6942697048,-3.95324286384,-1.26314395381,6.12383077429,-3.24110735224,-0.0751572453148,21.9454494139
1.763,-1.63118107198,2,-10.267675393,-8.75594062892,30.9522362685,-3.71827677436,-1.15991423044,5.84730192521,-3.48290180582,-0.19846639437,21.8755185118
1.7635,-1.69122717011,2,-9.92097970568,-7.98466831281,30.990475387,-3.40575625012,-1.03771306307,5.70668388144,-3.73201616545,-0.325508513203,21.8034705733
1.764,-1.75071129666,2,-9.50143162272,-7.26424528666,30.8222315578,-3.01306946823,-0.878542087136,5.72012766184,-3.9787990632,-0.45136164454,21.7320969317
1.7645,-1.80689213764,2,-9.03510919355,-6.63162888647,30.4741415196,-2.54232178394,-0.667925569063,5.89553316353,-4.21187755891,-0.570225872168,21.6646868268
1.765,-1.85672583637,2,-8.5488250207,-6.11046542604,29.9804845909,-2.00138539405,-0.398246186953,6.22508983479,-4.41862354796,-0.675661177256,21.6048925125
1.7655,-1.89707716828,2,-8.067604838,-5.71173702066,29.3778400747,-1.40444517532,-0.0715355689317,6.68111161632,-4.58602986614,-0.76103423001,21.5564758732
1.766,-1.92502356226,2,-7.61293002358,-5.43625663568,28.7011360599,-0.771632362557,0.299476043642,7.21514369172,-4.70197158856,-0.820161620737,21.5229436348
1.7665,-1.93821573125,2,-7.20183765163,-5.27792287484,27.9813803988,-0.127498732169,0.693053222928,7.76204084198,-4.75670218444,-0.848072861486,21.5071146533
1.767,-1.9352283335,2,-6.84677353709,-5.22686095531,27.2448533604,0.501542949125,1.08301929639,8.24935725311,-4.74430831205,-0.841752295253,21.5106991634
1.7675,-1.91581812018,2,-6.55598781269,-5.27194027125,26.5133107218,1.0902478712,1.44502824334,8.61022196012,-4.66378080045,-0.800685270004,21.533989034
1.768,-1.88101788795,2,-6.33424075848,-5.4024901954,25.8047401475,1.61723145045,1.76240596643,8.7959616466,-4.51940443236,-0.727056918193,21.575745036
1.7685,-1.83303366123,2,-6.18361863794,-5.60925320508,25.1343230649,2.06665519008,2.02946719847,8.78435349636,-4.32033138208,-0.625534620774,21.6333202111
1.769,-1.7749663386,2,-6.10431370177,-5.884715645,24.515387079,2.42867851248,2.25134004534,8.58101040375,-4.07942640501,-0.502679082582,21.7029938621
1.7695,-1.71042523821,2,-6.09527708502,-6.222975192,23.9602402097,2.69891640608,2.44083493454,8.21415451099,-3.81166354619,-0.366126693638,21.7804352509
1.77,-1.64312134361,2,-6.15469674194,-6.61927876956,23.4808426306,2.87738492059,2.61389956353,7.7253491816,-3.53243863189,-0.223728941877,21.8611916532
1.7705,-1.57651832779,2,-6.2802817794,-7.06932451182,23.0892979234,2.96738189259,2.78530378958,7.15955410589,-3.25612146638,-0.0828140695749,21.9411070871
1.771,-1.51358930914,2,-6.4693513144,-7.56838473501,22.798144285,2.97456226187,2.96562564513,6.55716282775,-2.99504668094,0.0503275685235,22.0166141759
1.7715,-1.45669229456,2,-6.71873427373,-8.1102844834,22.6204066848,2.90627734441,3.15985933901,5.94926537614,-2.75899698256,0.170707035512,22.0848836011
1.772,-1.40754984026,2,-7.02449119005,-8.68626917237,22.5693423915,2.77113509747,3.36741372195,5.35608255979,-2.55511877207,0.27467984496,22.1438485069
1.7725,-1.36730380134,2,-7.38147512437,-9.28382108211,22.6577837453,2.57870546733,3.58302883173,4.78776839541,-2.38814928487,0.359830124798,22.1921388076
1.773,-1.33661302176,2,-7.78276152158,-9.88554270719,22.8969664756,2.33930754273,3.79813905837,4.24657994477,-2.26082187907,0.424763930465,22.2289639714
1.7735,-1.31576624966,2,-8.21900081837,-10.4683153685,23.2947491166,2.07030236521,4.06029452372,4.00315599631,-2.1743344895,0.468870345042,22.253977536
1.774,-1.30479009341,2,-8.67778587492,-11.0030519556,23.8532064463,1.7802005892,4.33321375126,3.9322578297,-2.12879750672,0.492093072091,22.2671475746
1.7745,-1.30353938542,2,-9.14317698621,-11.4554580116,24.5657456081,1.47698291528,4.5736402684,3.87245145664,-2.12360867131,0.494739248916,22.2686482705
1.775,-1.31176333049,2,-9.5955795801,-11.7882286499,25.4141582908,1.16912537328,4.74237698979,3.67570300253,-2.15772750457,0.477339493737,22.2587805471
1.7755,-1.32914485881,2,-10.0122001017,-11.9649477056,26.3663468479,0.86552041842,4.8051098295,3.20924720106,-2.22983857312,0.440564644815,22.2379248492
1.776,-1.35531292425,2,-10.3682783527,-11.9555419517,27.3757246063,0.582998141523,4.80123668969,2.67876225959,-2.33840251094,0.385199740477,22.2065263866
1.7765,-1.38982863614,2,-10.6391736931,-11.7424927896,28.3832872626,0.335403521089,4.74726104212,2.17086849095,-2.48159848427,0.312173360598,22.165111774
1.777,-1.43214675468,2,-10.8031572619,-11.326316272,29.3228800772,0.134531420179,4.64680569407,1.6989815994,-2.65716444657,0.222639092572,22.1143352324
1.7775,-1.48155492058,2,-10.8444776736,-10.7284684787,30.1292125423,-0.00822266359137,4.50758081543,1.28214475694,-2.86214501972,0.118104105622,22.0550515053
1.778,-1.5370947446,2,-10.7560339614,-9.99020562102,30.7469987374,-0.0821887405673,4.34147413079,0.944575542286,-3.09256411647,0.000596105229596,21.988410542
1.7785,-1.59747220553,2,-10.5409439907,-9.1671094348,31.1388230115,-0.077921268452,4.1642782323,0.714341025894,-3.34305320713,-0.127147092187,21.9159650089
1.779,-1.6609701,2,-10.2125185345,-8.32054072346,31.2894977088,0.012074773882,3.99482675463,0.620792011236,-3.60648809819,-0.26149232537,21.839775339
1.7795,-1.72538230186,2,-9.7925874272,-7.50841809074,31.2058522639,0.192361433463,3.85329653747,0.690436039476,-3.87371619324,-0.397771998115,21.7624886126
1.78,-1.78799683508,2,-9.30859536183,-6.77781894302,30.9125011247,0.463368549448,3.75854162344,0.941204871386,-4.13348626712,-0.530248265815,21.6873588677
1.7805,-1.84565897019,2,-8.79018718474,-6.16097334771,30.4453512923,0.820142573828,3.72462876897,1.37566865188,-4.37271023521,-0.652246531297,21.6181713919
1.781,-1.89494178548,2,-8.26602991876,-5.67485882935,29.844915175,1.2513718705,3.75724488528,1.97463595008,-4.57717076399,-0.756516308562,21.5590380701
1.7815,-1.93243490669,2,-7.76141041836,-5.32351051065,29.1509697534,1.73914378301,3.85117722593,2.69346186471,-4.73271917048,-0.8358421217,21.5140509323
1.782,-1.95513096272,2,-7.2968366976,-5.10170838999,28.3992233505,2.25985299655,3.99025661283,3.46365573428,-4.82687871856,-0.883861146029,21.4868184543
1.7825,-1.96084989167,2,-6.88759250765,-4.99883540638,27.6198918395,2.78638414019,4.15060212768,4.20135674631,-4.85060494505,-0.895960930602,21.4799564424
1.783,-1.94860888813,2,-6.54402330611,-5.00212924665,26.8376753557,3.2911924568,4.30667630449,4.82178668927,-4.79982046689,-0.870062111606,21.4946441423
1.7835,-1.91883947854,2,-6.27227445999,-5.09900053608,26.0725458938,3.74946815488,4.43817485097,5.25584581363,-4.67631556585,-0.807077688159,21.5303637753
1.784,-1.87338393315,2,-6.07522624588,-5.27841077403,25.340869443,4.1415014598,4.53513613472,5.46338161529,-4.48773330268,-0.710905430874,21.5849048436
1.7845,-1.81526359825,2,-5.95343285133,-5.53146738818,24.6565586777,4.45374318597,4.59942225596,5.43866707666,-4.2466083926,-0.587937732329,21.6546421028
1.785,-1.74827694153,2,-5.90594160865,-5.85143753877,24.0321018855,4.6786277141,4.64243637235,5.20688073351,-3.96869960897,-0.446211174429,21.7350178586
1.7855,-1.67652694172,2,-5.93092611124,-6.23335841566,23.4794110934,4.81363093941,4.68048854692,4.81393410555,-3.67102905562,-0.294406606168,21.8211090408
1.786,-1.60398124242,2,-6.02610652738,-6.67337104136,23.0104786036,4.86010433299,4.72978060655,4.31389834731,-3.37005736901,-0.140918542167,21.9081549645
1.7865,-1.53413965685,2,-6.18895331608,-7.16785271259,22.6378391677,4.82224765727,4.80254230306,3.75797668472,-3.08030428919,0.00684831179048,21.9919562841
1.787,-1.46984058548,2,-6.41668092994,-7.71238408011,22.3748180085,4.70635058906,4.90497223702,3.18726943561,-2.81354554069,0.142888629482,22.0691072678
1.7875,-1.41319936752,2,-6.70604132926,-8.30056835217,22.2355128753,4.52027782124,5.0368758794,2.62971533754,-2.57855707048,0.262726896536,22.1370697685
1.788,-1.36564786036,2,-7.05292885339,-8.92272854525,22.2344194142,4.27311694842,5.19249704966,2.10036221026,-2.38127925184,0.363333670529,22.1941257333
1.7885,-1.32803661016,2,-7.45181399383,-9.56455094997,22.3855731348,3.97662107604,5.37725998615,1.67582796069,-2.22524076138,0.442909414285,22.2392546114
1.789,-1.30076426001,2,-7.89503985843,-10.2058251936,22.7010644163,3.64962901127,5.65096409063,1.69366064737,-2.11209545711,0.500610701401,22.27197808
1.7895,-1.28390751194,2,-8.37204713402,-10.8195531579,23.188811992,3.29926462678,5.96229322728,1.9672328762,-2.04216155415,0.536275250098,22.292204106
1.79,-1.27733451251,2,-8.86864415459,-11.371842311,23.8495922014,2.93332943236,6.26266016436,2.31981164731,-2.01489202965,0.550182028404,22.3000908976
1.7905,-1.28079247891,2,-9.36650451542,-11.8231119909,24.6735524873,2.56020688088,6.50751609248,2.58814954132,-2.02923815889,0.542865859803,22.2959417629
1.791,-1.29396587227,2,-9.84313900351,-12.1311279523,25.6367951685,2.18876981691,6.6572317729,2.62460349,-2.08389085998,0.514994343459,22.2801353098
1.7915,-1.31650459287,2,-10.2726172213,-12.2561158532,26.6990318934,1.82829513752,6.67771126699,2.29836487477,-2.17739766764,0.467308200485,22.2530916149
1.792,-1.34802310854,2,-10.6272584186,-12.1675997507,27.8035922758,1.49359759821,6.58767489346,1.71716608307,-2.30815911745,0.400623117898,22.2152732695
1.7925,-1.38807187612,2,-10.8803273813,-11.851734987,28.8809357808,1.20337608258,6.44513988054,1.16205156322,-2.4743101814,0.315890213534,22.1672196702
1.793,-1.4360826539,2,-11.0094603548,-11.3170871085,29.8560263429,0.969722916881,6.25499823812,0.649709156365,-2.67349338457,0.21431174089,22.1096126371
1.7935,-1.49129013329,2,-11.00019102,-10.5965934544,30.6585503007,0.804286201123,6.02668590808,0.203303606708,-2.902533677,0.0975068963526,22.0433704465
1.794,-1.55263456631,2,-10.8487111053,-9.74427315813,31.2335339625,0.717889427819,5.77425190074,-0.148174131064,-3.15703446269,-0.0322821656075,21.9697646657
1.7945,-1.61865449703,2,-10.5630530364,-8.82702030482,31.5492886981,0.719935700334,5.51597995628,-0.371663932558,-3.43093257224,-0.171963379619,21.8905488623
1.795,-1.68738573566,2,-10.1622746845,-7.91371872861,31.6003428909,0.817530806165,5.27326339515,-0.433389624566,-3.7160791352,-0.31738102471,21.8080798225
1.7955,-1.75629182622,2,-9.67382031766,-7.06489617992,31.4048614681,1.01429680048,5.0684321051,-0.304198260652,-4.00195110954,-0.463168611539,21.725400982
1.796,-1.82226016148,2,-9.12976019235,-6.32565603195,30.9980158001,1.30894629358,4.92140777465,0.0331539802937,-4.27563516409,-0.602740662831,21.6462470868
1.7965,-1.88170185899,2,-8.56284449972,-5.72307372051,30.4238341125,1.69386024617,4.84550896743,0.575680522896,-4.52224203568,-0.728504025211,21.5749243548
1.797,-1.93078577966,2,-8.00319067846,-5.26757045703,29.7278951513,2.15412150457,4.84340838818,1.29293436207,-4.72587740662,-0.832352992538,21.5160296821
1.7975,-1.96581165082,2,-7.47607810121,-4.95676282223,28.9522407714,2.66758206933,4.90486865395,2.12404703729,-4.87118988716,-0.906458738379,21.4740029412
1.798,-1.9836842293,2,-7.00094000195,-4.78013387744,28.1327747376,3.20640973667,5.00790280892,2.98218345159,-4.94533818457,-0.944272523279,21.4525580434
1.7985,-1.98240131209,2,-6.59136088551,-4.7232995323,27.2986713667,3.74008022793,5.12396130552,3.76761768203,-4.94001572218,-0.941558200024,21.4540973864
1.799,-1.96143581747,2,-6.25575638862,-4.77124362795,26.4730501663,4.23912406736,5.22584847993,4.38699085668,-4.85303578626,-0.897200599072,21.4792534034
1.7995,-1.92189946889,2,-5.99840626264,-4.91038496136,25.6742433225,4.67851730649,5.29541814594,4.77277057176,-4.68901060453,-0.813551841695,21.5266921629
