probe_ev,g0.002_T,g0.002_R,g0.002_A,g0.009_T,g0.009_R,g0.009_A,g0.022_T,g0.022_R,g0.022_A,g0.040_T,g0.040_R,g0.040_A
0.06,3.52000859611e-06,0.999996465342,1.46498482234e-08,3.60528671411e-06,0.999996097259,2.97454083809e-07,4.0722717426e-06,0.999994125183,1.80254562132e-06,5.55597281665e-06,0.999988245377,6.19865055629e-06
0.0604166666667,3.58155096654e-06,0.999996403491,1.49580132724e-08,3.66862697958e-06,0.999996027648,3.03725358308e-07,4.1455898632e-06,0.999994013407,1.84100360567e-06,5.66232587219e-06,0.999988002323,6.33535081818e-06
0.0608333333333,3.64393323408e-06,0.999996340795,1.52721338909e-08,3.73284203025e-06,0.99999595704,3.10118341895e-07,4.21998121251e-06,0.999993899794,1.88022480152e-06,5.7704591954e-06,0.999987754607,6.47493347106e-06
0.06125,3.70716724497e-06,0.99999627724,1.55923374212e-08,3.79794446678e-06,0.99999588542,3.16635666797e-07,4.29546282574e-06,0.999993784311,1.92022623191e-06,5.88040719032e-06,0.999987502125,6.6174682356e-06
0.0616666666667,3.77126507109e-06,0.999996212816,1.59187550919e-08,3.86394713475e-06,0.999995812773,3.23280033521e-07,4.37205210062e-06,0.999993666923,1.96102537153e-06,5.99220513303e-06,0.999987244768,6.76302685065e-06
0.0620833333333,3.83623901476e-06,0.999996147509,1.6251522128e-08,3.93086313007e-06,0.999995739083,3.30054211295e-07,4.4497668063e-06,0.999993547593,2.00264015926e-06,6.10588919771e-06,0.999986982428,6.91168314504e-06
0.0625,3.90210161375e-06,0.999996081308,1.65907763083e-08,3.99870580448e-06,0.999995664333,3.36961040515e-07,4.52862509255e-06,0.999993426286,2.04508901258e-06,6.22149648365e-06,0.99998671499,7.06351310253e-06
0.0629166666667,3.96886564629e-06,0.999996014198,1.69366595193e-08,4.06748877126e-06,0.999995588508,3.44003436181e-07,4.6086454992e-06,0.999993302964,2.08839084204e-06,6.33906504319e-06,0.99998644234,7.21859493769e-06
0.0633333333333,4.03654413636e-06,0.999995946167,1.72893162009e-08,4.13722591101e-06,0.99999551159,3.51184387348e-07,4.68984696589e-06,0.999993177588,2.13256506576e-06,6.45863391072e-06,0.999986164357,7.37700916964e-06
0.06375,4.10515035898e-06,0.999995877201,1.76488966774e-08,4.20793137768e-06,0.999995433562,3.58506961673e-07,4.77224884207e-06,0.99999305012,2.17763162591e-06,6.58024313262e-06,0.999985880918,7.53883870042e-06
0.0641666666667,4.17469784571e-06,0.999995807287,1.80155529383e-08,4.27961960467e-06,0.999995354406,3.65974306527e-07,4.85587089731e-06,0.999992920518,2.22361100455e-06,6.70393379842e-06,0.999985591897,7.70416889651e-06
0.0645833333333,4.24520039029e-06,0.99999573641,1.83894417471e-08,4.35230531116e-06,0.999995274105,3.73589651992e-07,4.94073333197e-06,0.999992788742,2.27052423851e-06,6.82974807294e-06,0.999985297164,7.87308767469e-06
0.065,4.31667205442e-06,0.999995664557,1.87707250854e-08,4.42600350857e-06,0.99999519264,3.81356313084e-07,5.02685678813e-06,0.99999265475,2.31839293952e-06,6.95772922978e-06,0.999984996585,8.04568558754e-06
0.0654166666667,4.38912717368e-06,0.999995591713,1.9159566933e-08,4.50072950719e-06,0.999995109993,3.89277691304e-07,5.11426236084e-06,0.999992518498,2.36723930891e-06,7.08792168584e-06,0.999984690022,8.22205591477e-06
0.0658333333333,4.4625803636e-06,0.999995517863,1.95561379313e-08,4.57649892305e-06,0.999995026144,3.97357279414e-07,5.20297160982e-06,0.999992379942,2.41708615945e-06,7.22037103731e-06,0.999984377334,8.40229476062e-06
0.06625,4.53704652591e-06,0.999995442993,1.9960611275e-08,4.65332768491e-06,0.999994941074,4.05598661102e-07,5.29300657137e-06,0.999992239036,2.46795693004e-06,7.35512409685e-06,0.999984058375,8.58650115088e-06
0.0666666666667,4.61254085496e-06,0.999995367086,2.0373165599e-08,4.73123204145e-06,0.999994854762,4.14005517313e-07,5.38438977077e-06,0.999992095735,2.51987570965e-06,7.49222893223e-06,0.999983732994,8.77477713479e-06
0.0670833333333,4.68907884431e-06,0.999995290127,2.07939845343e-08,4.81022856869e-06,0.99999476719,4.22581625803e-07,5.47714423496e-06,0.999991949989,2.57286725636e-06,7.63173490642e-06,0.999983401037,8.96722789367e-06
0.0675,4.76667629343e-06,0.9999952121,2.12232562635e-08,4.8903341776e-06,0.999994678335,4.31330867134e-07,5.57129350572e-06,0.999991801749,2.62695701636e-06,7.77369271915e-06,0.999983062345,9.1639618508e-06
0.0679166666667,4.84534931468e-06,0.99999513299,2.16611739656e-08,4.97156612187e-06,0.999994588177,4.4025722501e-07,5.66686165316e-06,0.999991650967,2.68217114852e-06,7.91815445008e-06,0.999982716755,9.36509078686e-06
0.0683333333333,4.92511434042e-06,0.999995052778,2.21079354823e-08,5.053942006e-06,0.999994496693,4.49364790822e-07,5.76387328969e-06,0.99999149759,2.73853654797e-06,8.06517360362e-06,0.999982364096,9.57072996144e-06
0.06875,5.00598813032e-06,0.999994971448,2.25637454276e-08,5.13747979352e-06,0.999994403862,4.58657766877e-07,5.86235358439e-06,0.999991341566,2.79608086473e-06,8.21480515545e-06,0.999982004197,9.78099823778e-06
0.0691666666667,5.08798777885e-06,0.999994888983,2.30288123015e-08,5.22219781546e-06,0.999994309662,4.681404705e-07,5.96232827791e-06,0.999991182839,2.85483253415e-06,8.36710560083e-06,0.999981636876,9.99601821383e-06
0.0695833333333,5.17113072302e-06,0.999994805366,2.35033510432e-08,5.3081147791e-06,0.999994214068,4.77817335476e-07,6.06382369771e-06,0.999991021356,2.91482079839e-06,8.52213300483e-06,0.999981261951,1.02159163565e-05
0.07,5.25543475027e-06,0.999994720578,2.39875826979e-08,5.3952497769e-06,0.999994117057,4.87692918161e-07,6.16686677392e-06,0.999990857057,2.97607573363e-06,8.67994705444e-06,0.99998087923,1.04408231459e-05
0.0704166666667,5.34091800664e-06,0.9999946346,2.44817340844e-08,5.48362229574e-06,0.999994018606,4.97771899255e-07,6.27148505564e-06,0.999990689887,3.03862827744e-06,8.84060911277e-06,0.999980488518,1.0670873221e-05
0.0708333333333,5.4275990051e-06,0.999994547415,2.49860374613e-08,5.5732522264e-06,0.999993918689,5.08059088911e-07,6.37770672772e-06,0.999990519783,3.10251025726e-06,9.00418227542e-06,0.999980089612,1.09062055347e-05
0.07125,5.51549663417e-06,0.999994459003,2.55007329697e-08,5.66415987329e-06,0.999993817281,5.18559429952e-07,6.48556062819e-06,0.999990346685,3.16775441866e-06,9.17073142903e-06,0.999979682305,1.11469635119e-05
0.0716666666667,5.60463016671e-06,0.999994369344,2.6026065858e-08,5.75636596448e-06,0.999993714356,5.29278003869e-07,6.59507626618e-06,0.999990170529,3.23439445771e-06,9.34032331215e-06,0.999979266381,1.13932952208e-05
0.0720833333333,5.69501926901e-06,0.999994278418,2.6562289257e-08,5.84989166201e-06,0.999993609888,5.40220032375e-07,6.70628384042e-06,0.999989991251,3.30246504943e-06,9.51302657864e-06,0.99997884162,1.16453535431e-05
0.0725,5.78668401012e-06,0.999994186206,2.71096627369e-08,5.94475857248e-06,0.999993503851,5.51390883841e-07,6.81921425836e-06,0.999989808784,3.37200188361e-06,9.68891186352e-06,0.999978407792,1.19032963589e-05
0.0729166666667,5.87964487142e-06,0.999994092687,2.76684530842e-08,6.04098875801e-06,0.999993396215,5.62796077519e-07,6.93389915596e-06,0.999989623059,3.44304169608e-06,9.8680518516e-06,0.999977964661,1.21672867348e-05
0.0733333333333,5.97392275647e-06,0.999993997838,2.82389355233e-08,6.13860474741e-06,0.999993286954,5.74441288315e-07,7.05037091807e-06,0.999989434007,3.51562230705e-06,1.00505213488e-05,0.999977511986,1.24374931231e-05
0.07375,6.06953900114e-06,0.99999390164,2.88213909405e-08,6.23762954779e-06,0.999993176038,5.86332351893e-07,7.16866269948e-06,0.999989241555,3.58978265402e-06,1.02363973565e-05,0.999977049513,1.27140895676e-05
0.0741666666667,6.16651538402e-06,0.999993804069,2.94161103254e-08,6.33808665639e-06,0.999993063438,5.98475268898e-07,7.28880844677e-06,0.999989045629,3.66556283171e-06,1.04257591488e-05,0.999976576985,1.29972559214e-05
0.0745833333333,6.26487413714e-06,0.999993705102,3.00233916617e-08,6.44000007287e-06,0.999992949124,6.10876212614e-07,7.41084292075e-06,0.999988846153,3.74300413253e-06,1.06186883535e-05,0.999976094134,1.32871780697e-05
0.075,6.36463795694e-06,0.999993604719,3.06435421482e-08,6.5433943119e-06,0.999992833064,6.23541531741e-07,7.53480171979e-06,0.999988643049,3.82214908534e-06,1.08152690353e-05,0.999975600683,1.35840481673e-05
0.0754166666667,6.46583001567e-06,0.999993502893,3.1276875978e-08,6.64829441612e-06,0.999992715228,6.36477757276e-07,7.66072130384e-06,0.999988436237,3.90304149989e-06,1.10155877841e-05,0.999975096347,1.38880648847e-05
0.0758333333333,6.56847397295e-06,0.999993399602,3.19237188906e-08,6.75472596949e-06,0.999992595582,6.49691610954e-07,7.7886390193e-06,0.999988225634,3.98572650928e-06,1.12197338058e-05,0.999974580833,1.41994336645e-05
0.07625,6.67259398784e-06,0.999993294822,3.25844042859e-08,6.86271511109e-06,0.999992474095,6.6319000569e-07,7.91859312477e-06,0.999988011156,4.07025061677e-06,1.14277990172e-05,0.999974053834,1.45183669913e-05
0.0766666666667,6.77821473109e-06,0.999993188526,3.32592756669e-08,6.97228854923e-06,0.999992350731,6.76980059344e-07,8.05062281763e-06,0.999987792715,4.15666174491e-06,1.16398781456e-05,0.999973515037,1.48450846723e-05
0.0770833333333,6.88536139789e-06,0.99999308069,3.39486859735e-08,7.08347357608e-06,0.999992225457,6.91069094172e-07,8.1847682616e-06,0.999987570222,4.24500928253e-06,1.18560688319e-05,0.999972964117,1.51798141311e-05
0.0775,6.99405972088e-06,0.999992971287,3.46529995809e-08,7.19629808267e-06,0.999992098237,7.05464648809e-07,8.32107061517e-06,0.999987343585,4.33534413813e-06,1.20764717384e-05,0.999972400738,1.55227907171e-05
0.0779166666667,7.10433598363e-06,0.999992860291,3.53725901903e-08,7.31079057443e-06,0.999991969035,7.20174483382e-07,8.45957206108e-06,0.999987112709,4.42771879428e-06,1.23011906619e-05,0.999971824551,1.58742580258e-05
0.0783333333333,7.21621703443e-06,0.999992747675,3.61078429378e-08,7.42698018709e-06,0.999991837813,7.35206588276e-07,8.60031583687e-06,0.999986877497,4.52218736047e-06,1.25303326507e-05,0.999971235199,1.62344682362e-05
0.07875,7.32973030055e-06,0.999992633411,3.68591547284e-08,7.54489670316e-06,0.999991704534,7.50569189467e-07,8.7433462664e-06,0.999986637848,4.61880563529e-06,1.27640081276e-05,0.999970632309,1.66036824648e-05
0.0791666666667,7.44490380289e-06,0.999992517469,3.76269333469e-08,7.66457056887e-06,0.999991569159,7.6627075829e-07,8.88870879256e-06,0.99998639366,4.7176311635e-06,1.30023310182e-05,0.999970015498,1.6982171134e-05
0.0795833333333,7.56176617108e-06,0.999992399822,3.84115992347e-08,7.78603291166e-06,0.999991431647,7.82320020654e-07,9.03645001113e-06,0.999986144827,4.81872330105e-06,1.32454188848e-05,0.999969384367,1.73702143597e-05
0.08,7.68034665901e-06,0.99999228044,3.92135852678e-08,7.90931555815e-06,0.999991291958,7.98725963591e-07,9.18661770586e-06,0.999985891239,4.92214327896e-06,1.34933930661e-05,0.999968738505,1.77681023584e-05
0.0804166666667,7.80067516085e-06,0.999992159292,4.00333369788e-08,8.03445105278e-06,0.999991150051,8.1549784503e-07,9.33926088478e-06,0.999985632785,5.02795427404e-06,1.37463788241e-05,0.999968077485,1.81761358704e-05
0.0808333333333,7.92278222753e-06,0.999992036346,4.08713138889e-08,8.1614726769e-06,0.999991005882,8.32645203563e-07,9.49442981783e-06,0.999985369349,5.13622147702e-06,1.40045054966e-05,0.999967400868,1.85946266071e-05
0.08125,8.04669908372e-06,0.999991911573,4.17279878429e-08,8.29041446857e-06,0.999990859408,8.50177867773e-07,9.65217607589e-06,0.999985100812,5.24701216942e-06,1.42679066575e-05,0.999966708196,1.90238977175e-05
0.0816666666667,8.17245764534e-06,0.999991784939,4.26038468948e-08,8.42131124288e-06,0.999990710583,8.68105967666e-07,9.81255257121e-06,0.999984827052,5.36039579713e-06,1.45367202842e-05,0.999965998995,1.94642842818e-05
0.0820833333333,8.30009053757e-06,0.99999165641,4.34993930876e-08,8.55419861307e-06,0.999990559361,8.86439941561e-07,9.97561359932e-06,0.999984547942,5.47644405435e-06,1.48110889329e-05,0.999965272777,1.99161338227e-05
0.0825,8.42963111347e-06,0.999991525954,4.44151431189e-08,8.68911301209e-06,0.999990405696,9.05190551181e-07,1.01414148825e-05,0.999984263354,5.59523096622e-06,1.50911599219e-05,0.999964529033,2.0379806848e-05
0.0829166666667,8.56111347307e-06,0.999991393535,4.5351630229e-08,8.8260917151e-06,0.999990249539,9.24368890987e-07,1.03100136148e-05,0.999983973153,5.71683297457e-06,1.53770855242e-05,0.999963767237,2.08556774175e-05
0.0833333333333,8.69457248318e-06,0.999991259118,4.63094043113e-08,8.96517286249e-06,0.999990090841,9.43986398716e-07,1.0481468509e-05,0.999983677202,5.84132903081e-06,1.56690231681e-05,0.999962986843,2.13441337396e-05
0.08375,8.83004379767e-06,0.999991122667,4.72890315795e-08,9.10639548377e-06,0.99998992955,9.64054870822e-07,1.06558398448e-05,0.999983375359,5.96880068926e-06,1.59671356486e-05,0.999962187286,2.18455787981e-05
0.0841666666667,8.96756387851e-06,0.999990984145,4.82910956778e-08,9.24979952215e-06,0.999989765614,9.84586472019e-07,1.08331895195e-05,0.999983067478,6.09933220796e-06,1.62715913483e-05,0.999961367978,2.23604310088e-05
0.0845833333333,9.10717001737e-06,0.999990843514,4.93161993464e-08,9.39542585998e-06,0.99998959898,1.00559375049e-06,1.10135810999e-05,0.999982753408,6.23301065061e-06,1.65825644693e-05,0.999960528311,2.28891249129e-05
0.085,9.24890035795e-06,0.999990700735,5.03649632e-08,9.54331634498e-06,0.999989429594,1.02708965033e-06,1.11970798772e-05,0.999982432994,6.36992599445e-06,1.69002352761e-05,0.999959667653,2.34321119054e-05
0.0854166666667,9.39279391897e-06,0.999990555768,5.14380278371e-08,9.69351381737e-06,0.999989257399,1.04908752807e-06,1.13837529223e-05,0.999982106076,6.51017124387e-06,1.72247903509e-05,0.999958785349,2.39898610001e-05
0.0858333333333,9.53889061795e-06,0.999990408573,5.25360536185e-08,9.84606213784e-06,0.999989082337,1.07160116469e-06,1.15736691455e-05,0.999981772488,6.65384254517e-06,1.75564228614e-05,0.999957880718,2.4562859636e-05
0.08625,9.68723129567e-06,0.999990259109,5.36597224432e-08,1.00010062165e-05,0.999988904349,1.09464478393e-06,1.17668993562e-05,0.999981432061,6.80103931294e-06,1.78953328416e-05,0.999956953053,2.5151614524e-05
0.0866666666667,9.83785774147e-06,0.999990107333,5.48097380815e-08,1.01583920428e-05,0.999988723375,1.11823306603e-06,1.19635163269e-05,0.999981084619,6.95186435584e-06,1.82417274874e-05,0.99995600162,2.57566525451e-05
0.0870833333333,9.99081271932e-06,0.9999899532,5.59868249539e-08,1.03182667162e-05,0.999988539352,1.14238116622e-06,1.21635948583e-05,0.999980729981,7.10642401014e-06,1.85958214669e-05,0.999955025657,2.63785216855e-05
0.0875,1.01461399947e-05,0.999989796668,5.71917334602e-08,1.04806784786e-05,0.999988352217,1.16710473164e-06,1.23672118479e-05,0.99998036796,7.2648282804e-06,1.89578372457e-05,0.999954024371,2.70177920344e-05
0.0879166666667,1.03038843626e-05,0.99998963769,5.84252364266e-08,1.06456767468e-05,0.999988161903,1.1924199208e-06,1.25744463605e-05,0.999979998363,7.42719098457e-06,1.93280054309e-05,0.999952996938,2.76750568252e-05
0.0883333333333,1.04640916758e-05,0.99998947622,5.96881315484e-08,1.0813312147e-05,0.999987968344,1.21834342015e-06,1.27853797024e-05,0.99997962099,7.59362990954e-06,1.97065651305e-05,0.999951942501,2.83509335424e-05
0.08875,1.06268088749e-05,0.99998931221,6.09812431662e-08,1.09836365497e-05,0.999987771471,1.24489246578e-06,1.30000954981e-05,0.999979235638,7.76426696614e-06,2.00937643338e-05,0.999950860171,2.90460650822e-05
0.0891666666667,1.07920840188e-05,0.999989145611,6.2305422599e-08,1.11567031067e-05,0.999987571212,1.27208486478e-06,1.32186797698e-05,0.999978842092,7.93922836051e-06,2.048986031e-05,0.999949749019,2.97611209839e-05
0.0895833333333,1.09599663161e-05,0.999988976372,6.36615490324e-08,1.13325662885e-05,0.999987367495,1.29993901388e-06,1.34412210209e-05,0.999978440134,8.11864476757e-06,2.08951200293e-05,0.999948608081,3.04967987222e-05
0.09,1.1130506158e-05,0.999988804443,6.50505295186e-08,1.15112819236e-05,0.999987160244,1.3284739262e-06,1.36678103223e-05,0.999978029538,8.30265151219e-06,2.13098206055e-05,0.999947436354,3.12538250815e-05
0.0904166666667,1.13037551521e-05,0.999988629772,6.64733031952e-08,1.16929072385e-05,0.999986949384,1.35770925103e-06,1.38985414025e-05,0.99997761007,8.49138876213e-06,2.17342497628e-05,0.999946232793,3.20329576006e-05
0.0908333333333,1.14797661568e-05,0.999988452303,6.79308378437e-08,1.18775009001e-05,0.999986734834,1.38766529956e-06,1.41335107414e-05,0.999977181488,8.68500172846e-06,2.21687063286e-05,0.999944996308,3.28349861022e-05
0.09125,1.16585933179e-05,0.999988271983,6.94241365506e-08,1.20651230586e-05,0.999986516514,1.41836307188e-06,1.4372817668e-05,0.999976743541,8.88364087481e-06,2.26135007516e-05,0.999943725765,3.36607343119e-05
0.0916666666667,1.18402921052e-05,0.999988088754,7.09542340438e-08,1.22558353925e-05,0.99998629434,1.44982428074e-06,1.46165644623e-05,0.999976295973,9.08746213812e-06,2.30689556502e-05,0.999942419983,3.45110615698e-05
0.0920833333333,1.20249193516e-05,0.999987902558,7.25222003561e-08,1.24497011549e-05,0.999986068227,1.48207138218e-06,1.48648564614e-05,0.999975838516,9.29662715676e-06,2.35354063905e-05,0.999941077729,3.53868646399e-05
0.0925,1.22125332927e-05,0.999987713338,7.4129142047e-08,1.26467852217e-05,0.999985838087,1.51512760316e-06,1.51178021698e-05,0.999975370894,9.51130351445e-06,2.40132016962e-05,0.999939697719,3.62890796309e-05
0.0929166666667,1.24031936076e-05,0.99998752103,7.57762030901e-08,1.28471541416e-05,0.999985603829,1.54901697247e-06,1.53755133753e-05,0.999974892822,9.73166499085e-06,2.45027042945e-05,0.999938278612,3.72186840238e-05
0.0933333333333,1.2596961462e-05,0.999987325574,7.74645670942e-08,1.3050876187e-05,0.999985365359,1.583764352e-06,1.56381052688e-05,0.999974404003,9.95789182978e-06,2.50042915969e-05,0.99993681901,3.81766988298e-05
0.09375,1.27938995519e-05,0.999987126905,7.91954573032e-08,1.32580214083e-05,0.999985122583,1.6193954695e-06,1.59056965704e-05,0.999973904132,1.01901710134e-05,2.55183564203e-05,0.999935317453,3.91641908681e-05
0.0941666666667,1.29940721492e-05,0.999986924958,8.09701402593e-08,1.34686616889e-05,0.999984875401,1.65593695522e-06,1.61784096596e-05,0.999973392894,1.04286965582e-05,2.60453077497e-05,0.999933772417,4.01822751898e-05
0.0945833333333,1.31975451488e-05,0.999986719665,8.27899261369e-08,1.36828708024e-05,0.999984623713,1.69341637524e-06,1.6456370713e-05,0.999972869959,1.06736698177e-05,2.65855715449e-05,0.999932182311,4.12321176463e-05
0.095,1.34043861177e-05,0.999986510958,8.4656170185e-08,1.39007244729e-05,0.999984367413,1.73186227193e-06,1.67397098461e-05,0.99997233499,1.09252998066e-05,2.7139591595e-05,0.999930545471,4.23149376155e-05
0.0954166666667,1.36146643452e-05,0.999986298765,8.65702765029e-08,1.41223004359e-05,0.999984106395,1.77130420154e-06,1.70285612634e-05,0.999971787635,1.11838035375e-05,2.77078304239e-05,0.999928860159,4.34320109022e-05
0.0958333333333,1.3828450895e-05,0.999986083015,8.85336973733e-08,1.4347678503e-05,0.999983840549,1.81177277625e-06,1.73230634134e-05,0.99997122753,1.14494063745e-05,2.82907702494e-05,0.999927124557,4.4584672813e-05
0.09625,1.40458186599e-05,0.999985863633,9.05479364821e-08,1.45769406281e-05,0.99998356976,1.8532997087e-06,1.7623359152e-05,0.999970654298,1.17223424075e-05,2.88889140008e-05,0.999925336765,4.57743214315e-05
0.0966666666667,1.42668424174e-05,0.999985640543,9.26145524716e-08,1.48101709762e-05,0.999983293911,1.89591785482e-06,1.79295959123e-05,0.999970067549,1.20028548422e-05,2.95027863983e-05,0.999923494793,4.70024211001e-05
0.0970833333333,1.44915988879e-05,0.999985413666,9.47351583847e-08,1.50474559953e-05,0.999983012883,1.93966126372e-06,1.8241925883e-05,0.999969466878,1.22911964128e-05,3.01329350986e-05,0.999921596559,4.82705061261e-05
0.0975,1.4720166795e-05,0.999985182922,9.69114244409e-08,1.52888844905e-05,0.99998272655,1.98456522582e-06,1.85605061942e-05,0.999968851864,1.25876298135e-05,3.07799319115e-05,0.999919639883,4.95801847259e-05
0.0979166666667,1.49526269276e-05,0.999984948228,9.91450826993e-08,1.55345477011e-05,0.999982434786,2.03066632432e-06,1.88854991123e-05,0.999968222073,1.28924281559e-05,3.14443740934e-05,0.999917622483,5.09331432323e-05
0.0983333333333,1.51890622047e-05,0.9999847095,1.0143792839e-07,1.57845393808e-05,0.999982137458,2.07800249208e-06,1.92170722441e-05,0.999967577052,1.32058754461e-05,3.21268857214e-05,0.999915541964,5.23311505708e-05
0.09875,1.54295577423e-05,0.99998446665,1.03791819916e-07,1.60389558806e-05,0.999981834431,2.12661306642e-06,1.955539875e-05,0.999966916334,1.3528267089e-05,3.28281191558e-05,0.999913395818,5.37760630429e-05
0.0991666666667,1.56742009228e-05,0.99998421959,1.06208686068e-07,1.62978962357e-05,0.999981525565,2.17653884882e-06,1.99006575675e-05,0.999966239432,1.38599104209e-05,3.35487565961e-05,0.999911181414,5.52698294246e-05
0.0995833333333,1.59230814671e-05,0.999983968228,1.08690525358e-07,1.65614622548e-05,0.999981210716,2.22782216996e-06,2.02530336456e-05,0.999965545841,1.42011252671e-05,3.42895117388e-05,0.999908895992,5.68144964126e-05
0.1,1.61762915091e-05,0.999983712469,1.1123941146e-07,1.68297586137e-05,0.999980889734,2.28050695184e-06,2.061271819e-05,0.999964835037,1.4552244531e-05,3.50511315427e-05,0.999906536654,5.841221444e-05
0.100416666667,1.64339256732e-05,0.999983452217,1.13857493766e-07,1.71028929524e-05,0.999980562468,2.33463877974e-06,2.09799089204e-05,0.999964106476,1.49136148169e-05,3.58343981123e-05,0.999904100358,6.00652438987e-05
0.100833333333,1.66960811548e-05,0.999983187372,1.16547002937e-07,1.73809759757e-05,0.999980228759,2.39026497362e-06,2.13548103403e-05,0.999963359593,1.52855970831e-05,3.66401307062e-05,0.999901583908,6.17759617869e-05
0.10125,1.69628578036e-05,0.999982917832,1.19310254232e-07,1.76641215583e-05,0.999979888444,2.44743466127e-06,2.17376340201e-05,0.999962593799,1.56685673314e-05,3.74691878811e-05,0.999898983943,6.35468688314e-05
0.101666666667,1.72343582099e-05,0.999982643492,1.22149648507e-07,1.79524468538e-05,0.999979541354,2.50619886322e-06,2.21285988936e-05,0.999961808484,1.60629173381e-05,3.83224697822e-05,0.999896296933,6.53805971093e-05
0.102083333333,1.75106877949e-05,0.999982364245,1.25067679657e-07,1.82460724085e-05,0.999979187317,2.56661057085e-06,2.25279315702e-05,0.999961003013,1.64690554211e-05,3.92009205907e-05,0.999893519161,6.72799182189e-05
0.1025,1.77919549035e-05,0.999982079978,1.28066936611e-07,1.85451222793e-05,0.999978826153,2.62872483758e-06,2.29358666622e-05,0.999960176726,1.68874072518e-05,4.01055311418e-05,0.999890646717,6.92477520384e-05
0.102916666667,1.80782709016e-05,0.999981790579,1.31150107108e-07,1.88497241569e-05,0.999978457677,2.69259886898e-06,2.33526471281e-05,0.999959328936,1.73184167123e-05,4.10373417263e-05,0.999887675482,7.12871761253e-05
0.103333333333,1.83697502765e-05,0.99998149593,1.34319982692e-07,1.91600094937e-05,0.999978081698,2.75829212026e-06,2.37785246345e-05,0.999958458929,1.7762546803e-05,4.19974450906e-05,0.999884601119,7.34014358104e-05
0.10375,1.86665107415e-05,0.99998119591,1.37579463932e-07,1.94761136375e-05,0.99997769802,2.82586639888e-06,2.42137599359e-05,0.999957565959,1.82202805964e-05,4.29869896522e-05,0.999881419055,7.55939550366e-05
0.104166666667,1.89686733443e-05,0.999980890395,1.40931564974e-07,1.97981759702e-05,0.999977306438,2.89538596954e-06,2.46586232735e-05,0.999956649254,1.86921222527e-05,4.40071829475e-05,0.999878124469,7.786834802e-05
0.104583333333,1.92763625804e-05,0.999980579258,1.44379416644e-07,2.01263400526e-05,0.999976906742,2.9669176681e-06,2.51133947964e-05,0.999955708007,1.91785980884e-05,4.50592953317e-05,0.999874712273,8.02284317942e-05
0.105,1.95897065101e-05,0.999980262367,1.47926275118e-07,2.04607537755e-05,0.999976498715,3.04053101907e-06,2.55783650028e-05,0.999954741377,1.96802577104e-05,4.61446639531e-05,0.999871177096,8.26782397129e-05
0.105416666667,1.99088368806e-05,0.999979939588,1.51575525353e-07,2.08015695168e-05,0.999976082132,3.11629835981e-06,2.60538352067e-05,0.99995374849,2.01976752163e-05,4.72646970234e-05,0.999867513267,8.52220360029e-05
0.105833333333,2.02338892531e-05,0.99997961078,1.55330686646e-07,2.1148944306e-05,0.999975656761,3.19429497286e-06,2.65401180274e-05,0.999952728432,2.07314504612e-05,4.84208784108e-05,0.99986371479,8.78643314582e-05
0.10625,2.05650031346e-05,0.999979275801,1.59195421179e-07,2.15030399944e-05,0.999975222361,3.27459922111e-06,2.70375379067e-05,0.999951680252,2.1282210408e-05,4.96147725848e-05,0.999859775327,9.06099003719e-05
0.106666666667,2.09023221156e-05,0.999978934504,1.63173537571e-07,2.18640234347e-05,0.999974778684,3.35729269618e-06,2.75464316537e-05,0.999950602958,2.18506105494e-05,5.08480299416e-05,0.999855688171,9.34637988252e-05
0.107083333333,2.12459940127e-05,0.999978586737,1.67268999207e-07,2.22320666664e-05,0.999974325473,3.44246036765e-06,2.80671490189e-05,0.999949495515,2.24373364239e-05,5.21223925458e-05,0.999851446223,9.64313844574e-05
0.1075,2.15961710178e-05,0.999978232343,1.71485932454e-07,2.2607347111e-05,0.999973862462,3.53019074706e-06,2.86000533006e-05,0.999948356841,2.30431052177e-05,5.34397003265e-05,0.999847041962,9.95183378483e-05
0.107916666667,2.1953009853e-05,0.999977871162,1.7582863221e-07,2.29900477743e-05,0.999973389376,3.62057605752e-06,2.91455219842e-05,0.999947185811,2.36686674674e-05,5.48018977667e-05,0.999842467417,0.000102730685669
0.108333333333,2.23166719317e-05,0.999977503026,1.80301570896e-07,2.33803574592e-05,0.99997290593,3.71371240926e-06,2.97039474178e-05,0.999945981244,2.43148088688e-05,5.62110411351e-05,0.999837714133,0.000106074825772
0.10875,2.26873235269e-05,0.999977127767,1.84909406675e-07,2.37784709867e-05,0.999972411829,3.80969999303e-06,3.02757375257e-05,0.99994474191,2.49823521966e-05,5.76693063079e-05,0.999832773139,0.000109557554394
0.109166666667,2.30651359466e-05,0.999976745207,1.89656993443e-07,2.41845894278e-05,0.999971906767,3.90864327715e-06,3.08613165623e-05,0.999943466524,2.5672159345e-05,5.91789972383e-05,0.999827634907,0.000113186095699
0.109583333333,2.34502857158e-05,0.999976355165,1.94549387933e-07,2.45989203453e-05,0.999971390428,4.01065121591e-06,3.14611259097e-05,0.999942153741,2.63851334955e-05,6.0742555136e-05,0.999822289311,0.000116968133857
0.11,2.38429547672e-05,0.999975957453,1.9959186115e-07,2.50216780468e-05,0.999970862484,4.11583747517e-06,3.20756249209e-05,0.999940802154,2.71222214268e-05,6.23625684235e-05,0.999816725584,0.000120911847955
0.110416666667,2.42433306395e-05,0.999975551879,2.0478990892e-07,2.54530838496e-05,0.999970322595,4.22432066338e-06,3.27052918123e-05,0.999939410292,2.78844159672e-05,6.40417835474e-05,0.999810932266,0.000125025949978
0.110833333333,2.4651606684e-05,0.999975138244,2.10149261881e-07,2.58933663576e-05,0.999969770409,4.33622458207e-06,3.33506246092e-05,0.999937976617,2.86727586124e-05,6.57831167294e-05,0.999804897157,0.000129319726211
0.11125,2.50679822812e-05,0.999974716342,2.15675896698e-07,2.63427617509e-05,0.99996920556,4.45167848417e-06,3.40121421469e-05,0.999936499516,2.94883423075e-05,6.75896667508e-05,0.999798607251,0.000133803082389
0.111666666667,2.54926630649e-05,0.999974285961,2.21376050491e-07,2.68015140894e-05,0.999968627669,4.57081735417e-06,3.46903851319e-05,0.9999349773,3.03323144175e-05,6.9464728876e-05,0.999792048678,0.000138486593002
0.112083333333,2.59258611583e-05,0.999973846883,2.27256230945e-07,2.72698756304e-05,0.999968036342,4.69378219892e-06,3.53859172674e-05,0.999933408203,3.12058798879e-05,7.14118100335e-05,0.999785206635,0.000143381555182
0.1125,2.63677954187e-05,0.999973398881,2.33323231957e-07,2.77481071617e-05,0.999967431172,4.82072035468e-06,3.60993264473e-05,0.999931790369,3.21103046272e-05,7.34346453848e-05,0.999778065307,0.000148500047671
0.112916666667,2.68186916941e-05,0.999972941724,2.3958414741e-07,2.82364783497e-05,0.999966811736,4.95178581994e-06,3.68312260238e-05,0.999930121855,3.30469191058e-05,7.55372164292e-05,0.999770607788,0.000153854995415
0.113333333333,2.72787830908e-05,0.999972475171,2.46046385488e-07,2.87352681058e-05,0.999966177592,5.08713959879e-06,3.75822561534e-05,0.999928400622,3.40171222049e-05,7.77237708089e-05,0.999762815989,0.000159460240403
0.11375,2.77483102529e-05,0.999971998972,2.52717686444e-07,2.92447649691e-05,0.999965528285,5.22695006688e-06,3.83530852275e-05,0.999926624529,3.50223853333e-05,7.99988439998e-05,0.999754670537,0.000165330619456
0.114166666667,2.82275216547e-05,0.999971512872,2.59606137143e-07,2.97652675088e-05,0.999964863339,5.37139336432e-06,3.91444113942e-05,0.999924791332,3.60642568218e-05,8.23672830964e-05,0.999746150667,0.000171482049723
0.114583333333,2.87166739063e-05,0.999971016606,2.66720191711e-07,3.0297084746e-05,0.999964182261,5.52065380566e-06,3.99569641756e-05,0.999922898669,3.71443666277e-05,8.48342729246e-05,0.999737234104,0.000177931622803
0.115,2.92160320727e-05,0.999970509899,2.74068689743e-07,3.08405365963e-05,0.999963484539,5.67492431747e-06,4.07915061912e-05,0.999920944062,3.82644313698e-05,8.74053647479e-05,0.999727896927,0.000184697708456
0.115416666667,2.97258700085e-05,0.999969992469,2.81660874069e-07,3.13959543351e-05,0.999962769639,5.83440690116e-06,4.16488349927e-05,0.999918924905,3.94262597225e-05,9.00865078646e-05,0.999718113423,0.000191800069058
0.115833333333,3.0246470707e-05,0.999969464023,2.89506416506e-07,3.19636810857e-05,0.999962037006,5.99931312906e-06,4.2529785019e-05,0.999916838457,4.06317581948e-05,9.28840844341e-05,0.999707855929,0.000199259986069
0.11625,3.07781266666e-05,0.999968924258,2.97615436629e-07,3.25440723326e-05,0.999961286063,6.16986466195e-06,4.3435229682e-05,0.999914681833,4.18829373263e-05,9.58049479158e-05,0.999697094652,0.000207100399963
0.116666666667,3.13211402734e-05,0.999968372861,3.05998527073e-07,3.31374964608e-05,0.99996051621,6.3462938078e-06,4.43660835915e-05,0.999912451998,4.31819183386e-05,9.88564655562e-05,0.999685797469,0.000215346065291
0.117083333333,3.18758242025e-05,0.999967809509,3.14666778856e-07,3.3744335323e-05,0.999959726821,6.52884410934e-06,4.5323304931e-05,0.999910145755,4.45309402739e-05,0.000102046565417,0.999673929712,0.000224023722739
0.1175,3.24425018383e-05,0.999967233866,3.23631810462e-07,3.43649848362e-05,0.999958917244,6.71777097172e-06,4.63078979962e-05,0.999907759734,4.59323676624e-05,0.000105383788509,0.999661453921,0.000233162290353
0.117916666667,3.30215077147e-05,0.999966645586,3.32905791489e-07,3.49998556097e-05,0.999958086802,6.91334232883e-06,4.73209159084e-05,0.999905290385,4.73886987743e-05,0.00010887734668,0.999648329577,0.000242793076387
0.118333333333,3.36131879764e-05,0.999966044311,3.42501478068e-07,3.56493736057e-05,0.999957234787,7.11583935253e-06,4.83634635184e-05,0.999902733962,4.8902574485e-05,0.000112537186983,0.999634512796,0.000252950016583
0.11875,3.42179008629e-05,0.999965429667,3.52432242612e-07,3.63139808356e-05,0.999956360462,7.32555720651e-06,4.94367005142e-05,0.999900086512,5.04767878261e-05,0.000116374063384,0.999619955997,0.000263669939154
0.119166666667,3.4836017216e-05,0.999964801271,3.62712108348e-07,3.69941360933e-05,0.999955463058,7.54280585036e-06,5.05418447507e-05,0.999897343861,5.21142942727e-05,0.000120399616766,0.999604607522,0.000274992861173
0.119583333333,3.54679210122e-05,0.999964158723,3.73355785177e-07,3.76903157281e-05,0.999954541773,7.76791089685e-06,5.16801758198e-05,0.999894501601,5.38182228343e-05,0.000124626464357,0.999588411215,0.000286962320686
0.12,3.61140099213e-05,0.999963501611,3.84378710749e-07,3.840301446e-05,0.999953595771,8.00121452105e-06,5.28530388798e-05,0.999891555073,5.55918880171e-05,0.000129068299869,0.999571305951,0.000299625749533
0.120416666667,3.67746958931e-05,0.999962829507,3.95797088659e-07,3.91327462388e-05,0.999952624177,8.24307643699e-06,5.4061848767e-05,0.999888499348,5.74388027412e-05,0.000133740005837,0.999553225102,0.000313034892631
0.120833333333,3.74504057733e-05,0.999962141966,4.07627933963e-07,3.98800451521e-05,0.99995162608,8.49387493107e-06,5.53080944142e-05,0.999885329213,5.93626922953e-05,0.000138657779894,0.99953409594,0.000327246280432
0.12125,3.8141581951e-05,0.999961438529,4.19889119918e-07,4.06454663827e-05,0.999950600526,8.75400797495e-06,5.65933436001e-05,0.999882039147,6.1367509426e-05,0.000143839276986,0.999513838961,0.000342321762356
0.121666666667,3.88486830385e-05,0.999960718718,4.32599426725e-07,4.14295872211e-05,0.999949546518,9.02389440283e-06,5.7919248062e-05,0.999878623301,6.3457450667e-05,0.000149303769883,0.99949236712,0.000358329110314
0.122083333333,3.95721845865e-05,0.999959982037,4.45778596148e-07,4.22330081337e-05,0.999948463017,9.30397517906e-06,5.92875490012e-05,0.999875075477,6.56369740194e-05,0.000155072330712,0.999469584966,0.000375342702974
0.1225,4.03125798358e-05,0.999959227973,4.59447385914e-07,4.30563538943e-05,0.999947348931,9.59471474604e-06,6.07000830169e-05,0.999871389099,6.79108181209e-05,0.000161168036726,0.99944538766,0.000393444303315
0.122916666667,4.10703805088e-05,0.999958455992,4.73627631004e-07,4.3900274779e-05,0.999946203123,9.89660247108e-06,6.21587885085e-05,0.999867557188,7.02840230364e-05,0.000167616204087,0.999419659852,0.000412723944187
0.123333333333,4.18461176415e-05,0.99995766554,4.88342308369e-07,4.47654478315e-05,0.999945024398,1.02101541901e-05,6.36657125873e-05,0.999863572335,7.27619528297e-05,0.000174444654095,0.999392274407,0.000433280939297
0.12375,4.26403424605e-05,0.999956856042,5.03615605774e-07,4.56525782032e-05,0.999943811508,1.05359138637e-05,6.52230185459e-05,0.999859426661,7.53503200958e-05,0.000181684017132,0.999363090943,0.000455225040214
0.124166666667,4.34536273058e-05,0.9999560269,5.19472992844e-07,4.65624005713e-05,0.999942563144,1.08744553471e-05,6.68329939379e-05,0.999855111793,7.80552126407e-05,0.000189368080532,0.999331954156,0.000478677763901
0.124583333333,4.42865666037e-05,0.999955177492,5.35941302671e-07,4.74956806429e-05,0.999941277935,1.12263842936e-05,6.84980593246e-05,0.999850618818,8.08831225246e-05,0.000197534187809,0.999298691892,0.000503773919936
0.125,4.51397778917e-05,0.999954307173,5.53048813301e-07,4.84532167497e-05,0.999939954443,1.15923401888e-05,7.02207777532e-05,0.999845938245,8.3840977715e-05,0.000206223698083,0.99926311293,0.000530663372362
0.125416666667,4.60139028998e-05,0.999953415272,5.70825337887e-07,4.94358415385e-05,0.99993859116,1.19729985366e-05,7.2003865038e-05,0.999841059958,8.69361766059e-05,0.000215482516304,0.999225004406,0.000559513078034
0.125833333333,4.69096086904e-05,0.999952501089,5.89302320386e-07,5.04444237674e-05,0.999937186503,1.23690732077e-05,7.38502009236e-05,0.999835973173,9.01766257096e-05,0.000225361707034,0.999184128841,0.000590509451975
0.12625,4.78275888621e-05,0.999951563898,6.08512939038e-07,5.14798702118e-05,0.999935738811,1.27813189569e-05,7.57628412172e-05,0.999830666378,9.35707808467e-05,0.000235918207176,0.999140220672,0.000623861120777
0.126666666667,4.876856482e-05,0.999950602943,6.28492216381e-07,5.25431276906e-05,0.999934246338,1.32105341366e-05,7.77450309881e-05,0.999825127277,9.71276922149e-05,0.000247215656296,0.999092982206,0.000659802138201
0.127083333333,4.97332871172e-05,0.999949617436,6.492771355e-07,5.36351852196e-05,0.999932707251,1.36575636069e-05,7.9800218945e-05,0.999819342727,0.000100857053741,0.000259325367275,0.999042078879,0.000698595753363
0.1275,5.07225368727e-05,0.999948606556,6.70906767919e-07,5.4757076303e-05,0.999931119622,1.4123301875e-05,8.19320731104e-05,0.99981329867,0.000104769257196,0.000272327465012,0.998987133693,0.000740538842249
0.127916666667,5.17371272701e-05,0.99994756945,6.93422409936e-07,5.5909881372e-05,0.999929481422,1.46086964707e-05,8.41444979309e-05,0.99980698005,0.000108875451589,0.000286312227317,0.998927720634,0.000785967138787
0.128333333333,5.27779051425e-05,0.999946505227,7.16867726291e-07,5.70947303816e-05,0.999927790518,1.51147515848e-05,8.64416529752e-05,0.999800370739,0.000113187608435,0.000301381670025,0.998863356896,0.000835261433893
0.12875,5.38457526495e-05,0.999945412958,7.41288909367e-07,5.83128055789e-05,0.999926044662,1.56425319943e-05,8.88279733901e-05,0.999793453433,0.000117718593553,0.00031765142854,0.99879349362,0.000888854951769
0.129166666667,5.49415890516e-05,0.999944291676,7.66734843727e-07,5.95653444534e-05,0.999924241488,1.61931672954e-05,9.13081923093e-05,0.999786209562,0.000122482246162,0.000335253000851,0.998717504834,0.000947242164854
0.129583333333,5.60663725905e-05,0.99994314037,7.93257290743e-07,6.08536428866e-05,0.999922378501,1.6767856476e-05,9.38873654292e-05,0.999778619168,0.000127493466097,0.000354336433574,0.998634674191,0.00101098937571
0.13,5.72211024802e-05,0.999941957986,8.20911082555e-07,6.21790585133e-05,0.999920453069,1.73678728524e-05,9.65708979975e-05,0.999770660792,0.000132768310128,0.000375073553871,0.998544178966,0.00108074748062
0.130416666667,5.84068210181e-05,0.999940743425,8.49754329235e-07,6.35430143133e-05,0.999918462416,1.7994569412e-05,9.93645744885e-05,0.999762311327,0.000138324098451,0.0003976618777,0.99844507068,0.00115726744207
0.130833333333,5.96246158234e-05,0.999939495536,8.79848648827e-07,6.49470024508e-05,0.999916403613,1.86493845911e-05,0.000102274591279,0.999753545876,0.000144179532596,0.000422329361012,0.998336251494,0.0012414191445
0.13125,6.08756222125e-05,0.999938213118,9.11259406489e-07,6.6392588382e-05,0.999914273563,1.9333848529e-05,0.000105307592673,0.999744337581,0.000150354826139,0.000449340208042,0.99821644529,0.00133421450188
0.131666666667,6.21610257208e-05,0.999936894918,9.44055981611e-07,6.78814152521e-05,0.999912068995,2.00495898528e-05,0.000108470710684,0.999734657439,0.000156871849847,0.000479002014013,0.998084162042,0.001436835944
0.132083333333,6.34820647802e-05,0.999935539623,9.78312048594e-07,6.9415208606e-05,0.999909786448,2.07983430228e-05,0.000111771609018,0.999724474098,0.000163754293041,0.000511674604062,0.997937653642,0.00155067175434
0.1325,6.48400335657e-05,0.999934145861,1.01410588438e-06,7.09957814378e-05,0.999907422262,2.15819563173e-05,0.000115218531785,0.999713753625,0.000171027843297,0.00054778104422,0.997774858756,0.00167736020023
0.132916666667,6.62362850207e-05,0.999932712194,1.05152069951e-06,7.26250396087e-05,0.99990497256,2.24024004962e-05,0.000118820357529,0.999702459256,0.000178720386853,0.000587821455668,0.997593333509,0.00181884503505
0.133333333333,6.76722340761e-05,0.999931237121,1.09064499743e-06,7.43049876636e-05,0.999902433234,2.32617782228e-05,0.00012258665925,0.999690551108,0.000186862232486,0.000632390477191,0.997390163691,0.00197744583154
0.13375,6.91493610764e-05,0.999929719066,1.13157296111e-06,7.6037735081e-05,0.999899799931,2.41623343094e-05,0.000126527771186,0.999677985867,0.000195486362,0.00068219951786,0.997161852651,0.00215594783134
0.134166666667,7.06692154284e-05,0.99992815638,1.17440487457e-06,7.78255029937e-05,0.99989706803,2.51064668784e-05,0.000130654863268,0.999664716426,0.000204628710969,0.000738105359495,0.99690417692,0.00235771772066
0.134583333333,7.22334194893e-05,0.999926547333,1.21924757679e-06,7.96706314212e-05,0.999894232629,2.60967395235e-05,0.000134980024237,0.999650691492,0.00021432848395,0.000801147262372,0.996611998537,0.00258685420069
0.135,7.38436727118e-05,0.999924890112,1.26621495733e-06,8.15755870595e-05,0.999891288518,2.71358945708e-05,0.000139516354633,0.999635855136,0.000224628509031,0.000872595583093,0.996279018648,0.00284838576843
0.135416666667,7.55017560665e-05,0.999923182815,1.31542849158e-06,8.35429716791e-05,0.999888230161,2.82268675594e-05,0.000144278071007,0.999620146292,0.000235575637357,0.000954016162629,0.995897450524,0.00314853331331
0.135833333333,7.7209536763e-05,0.999921423445,1.36701782472e-06,8.55755311844e-05,0.999885051666,2.93728030658e-05,0.000149280622931,0.999603498183,0.000247221194226,0.00104735659342,0.995457580569,0.00349506283791
0.13625,7.8968973292e-05,0.999919609905,1.42112140378e-06,8.76761653978e-05,0.999881746763,3.05770720042e-05,0.000154540824658,0.999585837686,0.000259621489423,0.00115506326038,0.994947171511,0.00389776522905
0.136666666667,8.07821208144e-05,0.999917739992,1.47788716898e-06,8.98479386337e-05,0.999878308771,3.18432905759e-05,0.000160077003557,0.999567084601,0.000272838395749,0.00128024231667,0.994350639855,0.00436911782796
0.137083333333,8.26511369249e-05,0.99991581139,1.53747330334e-06,9.2094091138e-05,0.999874730568,3.31753410292e-05,0.000165909167822,0.999547150826,0.000286940006285,0.00142688440851,0.99364790519,0.00492521040136
0.1375,8.45782878202e-05,0.999913821663,1.6000490497e-06,9.44180514763e-05,0.999871004554,3.45773944296e-05,0.000172059196387,0.999525939421,0.000302001382731,0.00160018355206,0.992812753918,0.00558706252953
0.137916666667,8.65659549039e-05,0.999911768249,1.66579560612e-06,9.682344996e-05,0.999867122614,3.60539356722e-05,0.000178551054463,0.999503343536,0.00031810540942,0.00180699778794,0.991810470393,0.00638253181949
0.138333333333,8.86166418648e-05,0.999909648451,1.73490709721e-06,9.93141332151e-05,0.999863076076,3.76097909658e-05,0.000185411038759,0.999479245191,0.000335343770238,0.00205652793063,0.990594338861,0.00734913320851
0.13875,9.07329822666e-05,0.999907459426,1.80759164048e-06,0.000101894180004,0.999858855662,3.92501580823e-05,0.000192668057149,0.999453513874,0.000353818068894,0.0023613397938,0.989100363448,0.00853829675811
0.139166666667,9.29177476926e-05,0.99990519818,1.88407250978e-06,0.000104567918427,0.999854451442,4.09806396804e-05,0.000200353948448,0.999426004935,0.000373641116883,0.00273894161657,0.987239101666,0.0100219567171
0.139583333333,9.51738564928e-05,0.999902861554,1.96458941071e-06,0.000107339944646,0.999849852775,4.28072800518e-05,0.000208503849025,0.999396557733,0.000394938418188,0.00321428522565,0.98488268491,0.0119030298643
0.14,9.75043831819e-05,0.999900446217,2.04939987369e-06,0.000110215143286,0.999845048251,4.47366057024e-05,0.000217156614282,0.9993649935,0.000417849885518,0.00382385425446,0.981843550662,0.0143325950835
0.140416666667,9.9912568549e-05,0.999897948651,2.1387807897e-06,0.000113198709687,0.99984002562,4.67756702025e-05,0.000226355304612,0.999331112865,0.000442531829926,0.00462257815624,0.977838380755,0.0175390410891
0.140833333333,0.000102401830536,0.999895365139,2.23303008506e-06,0.000116296174203,0.999834771722,4.89321038366e-05,0.000236147747381,0.999294692978,0.00046915927428,0.00569598034116,0.972424563642,0.021879456017
0.14125,0.000104975775956,0.999892691755,2.33246857362e-06,0.000119513428781,0.999829272403,5.12141686161e-05,0.000246587188874,0.999255484159,0.000497928651768,0.00718244837506,0.964883362016,0.0279341896088
0.141666666667,0.000107638213127,0.999889924345,2.43744198303e-06,0.000122856756044,0.999823512425,5.36308193249e-05,0.000257733053074,0.999213205983,0.000529060963788,0.00931598691993,0.953994855453,0.0366891576266
0.142083333333,0.000110393165496,0.999887058511,2.54832319158e-06,0.000126332861178,0.999817475367,5.61917713406e-05,0.000269651827826,0.999167542684,0.000562805488098,0.0125122377696,0.937583265993,0.049904496237
0.1425,0.00011324488636,0.999884089599,2.66551469319e-06,0.000129948906926,0.999811143517,5.89075760927e-05,0.000282418103436,0.999118137748,0.000599444148655,0.0175482846515,0.911561478193,0.0708902371557
0.142916666667,0.000116197874762,0.999881012674,2.78945131504e-06,0.000133712552046,0.999804497743,6.17897051256e-05,0.000296115794522,0.999064587521,0.00063929668451,0.0259368505547,0.867925836957,0.106137312489
0.143333333333,0.000119256892694,0.999877822504,2.92060322082e-06,0.000137631993633,0.999797517362,6.48506438847e-05,0.000310839583061,0.999006433629,0.000682726787836,0.0405617644665,0.791279446769,0.168158788764
0.14375,0.000122426983716,0.999874513537,3.05947922796e-06,0.000141716013764,0.99979017999,6.81039965086e-05,0.000326696629687,0.998943153948,0.000730149422765,0.065330019517,0.660246670198,0.274423310285
0.144166666667,0.000125713493134,0.999871079876,3.20663048536e-06,0.000145974030968,0.999782461366,7.15646030833e-05,0.000343808611884,0.998874151798,0.0007820395899,0.0948549331,0.501380667738,0.403764399162
0.144583333333,0.00012912208988,0.999867515256,3.36265454515e-06,0.000150416157127,0.999774335172,7.5248671057e-05,0.000362314162519,0.998798742968,0.000838942869705,0.0962419761411,0.488567176068,0.41519084779
0.145,0.000132658790269,0.99986381301,3.52819987992e-06,0.000155053260458,0.999765772817,7.91739227478e-05,0.000382371801287,0.998716140032,0.000901488166427,0.0671876118545,0.639017870853,0.293794517292
0.145416666667,0.000136329983816,0.999859966045,3.70397090421e-06,0.000159897035344,0.999756743203,8.33597612022e-05,0.000404163476449,0.998625433334,0.000970403189443,0.0415675752887,0.774169738583,0.184262686128
0.145833333333,0.000140142461315,0.999855966805,3.89073355966e-06,0.000164960079895,0.999747212463,8.78274569832e-05,0.000427898866641,0.998525567773,0.00104653335999,0.0263513011293,0.855216205414,0.118432493456
0.14625,0.000144103445416,0.999851807233,4.08932152973e-06,0.000170255982226,0.999737143659,9.26003589138e-05,0.000453820635201,0.998415314334,0.00113086503096,0.0176681823185,0.901811480581,0.0805203371006
0.146666666667,0.000148220623958,0.999847478733,4.3006431788e-06,0.000175799416599,0.999726496451,9.7704132268e-05,0.000482210886064,0.998293234941,0.00122455417328,0.012492049415,0.929771237985,0.0577367126004
0.147083333333,0.000152502186338,0.999842972124,4.5256892961e-06,0.000181606250775,0.999715226721,0.000103167028483,0.000513399145944,0.998157638815,0.00132896203939,0.00922925984888,0.947504357233,0.0432663829179
0.1475,0.000156956863241,0.999838277595,4.76554175421e-06,0.00018769366607,0.999703286143,0.000109020191151,0.000547772299694,0.998006527902,0.00144569979794,0.00706470878098,0.959337940076,0.0335973511427
0.147916666667,0.000161593970103,0.999833384647,5.02138320646e-06,0.00019408029191,0.999690621704,0.000115298003862,0.000585787044728,0.997837528161,0.00157668479436,0.00556494667534,0.967583985759,0.0268510675653
0.148333333333,0.000166423454681,0.999828282037,5.2945079646e-06,0.000200786356914,0.999677175157,0.000122038486421,0.000627985621646,0.997647802374,0.00172421200474,0.00448732995481,0.973542061271,0.0219706087739
0.14875,0.000171455949223,0.999822957717,5.58633421033e-06,0.000207833858904,0.999662882394,0.000129283747134,0.0006750158438,0.997433938634,0.00189104552223,0.00368910769561,0.977979570343,0.0183313219617
0.149166666667,0.000176702827714,0.999817398755,5.89841773413e-06,0.000215246756613,0.999647672743,0.000137080500217,0.000727656821725,0.997191806468,0.00208053671041,0.00308247198331,0.98137019572,0.015547332297
0.149583333333,0.000182176268807,0.999811591264,6.23246741127e-06,0.000223051186337,0.999631468155,0.000145480659059,0.00078685230885,0.996916369472,0.00229677821913,0.00261126278632,0.984017898009,0.0133708392044
0.15,0.000187889325055,0.999805520312,6.59036266659e-06,0.000231275707359,0.999614182275,0.00015454201804,0.000853754358584,0.99660143888,0.00254480676093,0.00223832060254,0.986124441036,0.0116372383612
0.150416666667,0.000193855999218,0.999799169828,6.97417321105e-06,0.000239951580602,0.999595719381,0.000164329038062,0.000929781097385,0.99623934593,0.00283087297215,0.00193831913695,0.987827764423,0.0102339164398
0.150833333333,0.000200091328453,0.99979252249,7.38618139096e-06,0.000249113085829,0.99957597316,0.000174913753817,0.00101669406868,0.995820501181,0.00316280475009,0.00169354373595,0.989224643211,0.00908181305291
0.15125,0.000206611477346,0.999785559615,7.82890752971e-06,0.000258797883627,0.999554825292,0.000186376824441,0.00111670308493,0.995332794269,0.00355050264607,0.00149131773759,0.990384535762,0.0081241465008
0.151666666667,0.000213433840864,0.99977826102,8.30513872541e-06,0.000269047429624,0.999532143817,0.000198808753531,0.00123261032293,0.994760765055,0.00400662462183,0.00132238454299,0.991358309541,0.00731930591594
0.152083333333,0.000220577158458,0.99977060488,8.81796162722e-06,0.000279907449784,0.99950778124,0.000212311309813,0.00136801131587,0.994084441892,0.00454754679203,0.00117986223389,0.992183891738,0.00663624602804
0.1525,0.000228061640713,0.999762567559,9.37079981567e-06,0.000291428487403,0.999481572326,0.000226999186394,0.00152757990284,0.993277686508,0.00519473358949,0.00105855133477,0.992890019199,0.00605142946576
0.152916666667,0.000235909110164,0.999754123433,9.96745652093e-06,0.00030366653449,0.999453331521,0.000243001944578,0.00171747947858,0.992305793323,0.00597672719798,0.000954466189663,0.993498782433,0.00554675137714
0.153333333333,0.000244143158105,0.999745244678,1.06121635263e-05,0.000316683762906,0.999422849939,0.000260466298384,0.00194596830081,0.991121937895,0.00693209380441,0.000864511333143,0.994027386156,0.00510810251044
0.15375,0.000252789319518,0.999735901043,1.1309637289e-05,0.000330549373771,0.999389891818,0.000279558808447,0.00222430998148,0.989661806736,0.00811388328236,0.000786253920135,0.994489389824,0.00472435625553
0.154166666667,0.000261875268552,0.999726059588,1.20651434631e-05,0.00034534058773,0.999354190343,0.000300469069766,0.0025681763987,0.987835278115,0.00959654548626,0.000717761051261,0.994895596195,0.00438664275343
0.154583333333,0.000271431037372,0.999715684391,1.288457126e-05,0.00036114380357,0.999315442699,0.000323413497606,0.0029998679817,0.985513182063,0.0114869499549,0.00065748172952,0.995254697397,0.00408782087316
0.155,0.000281489261617,0.999704736219,1.37745193352e-05,0.000378055958954,0.9992733042,0.000348639841014,0.00355193390639,0.982505585678,0.0139424804158,0.000604160017244,0.99557375117,0.00382208881301
0.155416666667,0.000292085456265,0.999693172149,1.47423952297e-05,0.000396186134882,0.99922738128,0.000376432585298,0.00427327395826,0.978524964743,0.0172017612992,0.000556770333867,0.99585853638,0.0035846932863
0.155833333333,0.000303258326265,0.999680945143,1.5796530778e-05,0.000415657455396,0.999177223099,0.000407119445775,0.00523980796229,0.973121373667,0.0216388183703,0.00051446868425,0.996113821525,0.0033717097905
0.15625,0.000315050117074,0.999668003567,1.69463163957e-05,0.000436609346698,0.999122311446,0.000441079207637,0.00657389350148,0.965563577122,0.0278625293766,0.000476555496611,0.996343569716,0.00317987478788
0.156666666667,0.000327507011073,0.999654290631,1.82023577344e-05,0.000459200236054,0.999062048529,0.000478751234914,0.00848117518745,0.954611525468,0.0369072993448,0.000442447021817,0.996551096731,0.00300645624743
0.157083333333,0.000340679576866,0.999639743764,1.95766589336e-05,0.000483610791715,0.998995742148,0.000520647060212,0.0113232858347,0.938062689726,0.0506140244395,0.000411653115966,0.996739194037,0.00284915284737
0.1575,0.000354623279716,0.999624293883,2.10828375818e-05,0.000510047832184,0.998922587584,0.00056736458333,0.0157643122257,0.911824647518,0.0724110402567,0.000383759831291,0.996910225358,0.00270601481095
0.157916666667,0.000369399062829,0.99960786456,2.27363776117e-05,0.000538749068555,0.998841645371,0.000619605560584,0.0230514400535,0.868092153123,0.108856406823,0.000358415663802,0.997066203109,0.00257538122753
0.158333333333,0.000385074010998,0.999590371061,2.45549277237e-05,0.000569988890315,0.998751813838,0.000678197271407,0.0353674579947,0.792846983907,0.171785558098,0.000335320606856,0.997208849344,0.00245583004905
0.15875,0.000401722110245,0.999571719235,2.65586546383e-05,0.000604085466829,0.99865179501,0.000744119523392,0.0548069883027,0.671254898989,0.273938112708,0.00031421737593,0.99733964471,0.00234613791386
0.159166666667,0.000419425119733,0.999551804218,2.87706626109e-05,0.000641409519623,0.998540051952,0.000818538528565,0.0744142195653,0.542655722067,0.382930058368,0.000294884326739,0.997459868023,0.00224524765057
0.159583333333,0.000438273575368,0.999530508931,3.1217493342e-05,0.00068239523237,0.998414755077,0.000902849690984,0.0713873302329,0.550212166046,0.378400503721,0.000277129703816,0.997570628468,0.00215224182778
0.16,0.000458367948412,0.999507702328,3.39297237769e-05,0.000727553917932,0.998273714037,0.000998732044811,0.0496880684984,0.678870069219,0.271441862282,0.000260786941766,0.997672891961,0.00206632109686
0.160416666667,0.00047981998718,0.999483237329,3.69426835996e-05,0.000777491271674,0.998114290673,0.00110821805521,0.0312729612595,0.792560917827,0.176166120913,0.000245710804928,0.997767502835,0.00198678635968
0.160833333333,0.00050275427577,0.999456948405,4.02973196924e-05,0.000832929332124,0.997933286804,0.00123378386353,0.0200949523159,0.863113515198,0.116791532486,0.000231774198946,0.997855201793,0.0019130240076
0.16125,0.000527310051057,0.999428648707,4.40412418218e-05,0.000894734680863,0.997726798313,0.00137846700663,0.0135669100014,0.905032637339,0.0814004526593,0.000218865524013,0.997936640835,0.00184449364128
0.161666666667,0.000553643328223,0.999398126679,4.82299928323e-05,0.000963954998386,0.997490023554,0.00154602144717,0.0096104318764,0.930827551178,0.0595620169453,0.000206886467257,0.998012395727,0.00178071780553
0.162083333333,0.000581929396448,0.999365142005,5.29285982908e-05,0.00104186693647,0.997217009216,0.00174112384777,0.00708902978196,0.947499863463,0.0454111067549,0.000195750153018,0.998082976477,0.00172127336967
0.1625,0.000612365760601,0.999329420774,5.82134657018e-05,0.00113003950172,0.996900309413,0.00196965108514,0.00540462027264,0.958788457549,0.0358069221783,0.000185379586309,0.998148836155,0.00166578425834
0.162916666667,0.000645175622836,0.999290649654,6.41747232996e-05,0.00123041897701,0.996530522913,0.00223905810968,0.00423257593541,0.96674585571,0.0290215683548,0.000175706337576,0.998210378366,0.00161391529601
0.163333333333,0.000680612020862,0.999248468865,7.09191146203e-05,0.00134544417135,0.99609565666,0.00255889916815,0.00338846312424,0.972549542854,0.0240619940215,0.000166669427003,0.998267963599,0.00156536697415
0.16375,0.000718962769043,0.999202463631,7.857359984e-05,0.00147820503014,0.995580237941,0.0029415570285,0.00276259540339,0.976905947353,0.0203314572441,0.000158214374527,0.998321914639,0.00151987098613
0.164166666667,0.000760556386213,0.999152153753,8.72898612829e-05,0.00163266427021,0.994964056634,0.00340327909621,0.0022869594986,0.980256685,0.0174563555016,0.000150292388056,0.998372521208,0.00147718640366
0.164583333333,0.000805769243136,0.999096980784,9.72499730428e-05,0.00181397228677,0.994220353017,0.00396567469671,0.00191779376551,0.982888106856,0.0151940993784,0.000142859667413,0.998420043941,0.00143709639131
0.165,0.0008550342265,0.999036292194,0.000108673579418,0.0020289228391,0.993313157765,0.00465791939594,0.00162601175095,0.984991955623,0.0133820326264,0.000135876805544,0.99846471782,0.00139940537434
0.165416666667,0.00090885130054,0.998969321657,0.000121827042782,0.00228662585069,0.99219330668,0.00552006746898,0.00139172260577,0.986700301565,0.0119079758288,0.000129308271791,0.998506755139,0.00136393658951
0.165833333333,0.000967800459137,0.998895164359,0.000137035181389,0.00259952307171,0.990792333092,0.00660814383603,0.00120097893581,0.988106403633,0.0106926174307,0.000123121964625,0.998546348075,0.00133052996087
0.16625,0.00103255771063,0.998812745849,0.000154696440053,0.00298495944896,0.989012869557,0.00800217099424,0.00104378205708,0.989277578486,0.00967863945653,0.000117288823395,0.998583670925,0.00129904025201
0.166666666667,0.00110391493933,0.998720782411,0.000175302649289,0.0034676812712,0.986713136692,0.00981918203641,0.000912821837648,0.990263374985,0.00882380317718,0.000111782490368,0.998618882055,0.00126933545445
0.167083333333,0.0011828047626,0.998617730265,0.000199464972179,0.00408392896141,0.983681086362,0.0122349846768,0.000802659240976,0.991100904955,0.00809643580435,0.000106579015752,0.998652125606,0.00124129537828
0.1675,0.00127033188074,0.998501719844,0.000227948275014,0.00488836795736,0.979589790317,0.0155218417254,0.000709183268492,0.991818402685,0.00747241404693,0.000101656599593,0.998683532984,0.00121481041645
0.167916666667,0.00136781294365,0.998370469974,0.000261717081985,0.00596625396186,0.973917511822,0.0201162342166,0.000629242361884,0.99243765298,0.00693310465784,9.6995365355e-05,0.998713224176,0.00118978045882
0.168333333333,0.00147682769922,0.998221174668,0.000301997632505,0.00745559945753,0.965798614809,0.0267457857331,0.000560389309806,0.992975679731,0.00646393095887,9.25771608419e-05,0.998741308904,0.00116611393544
0.16875,0.00159928524507,0.998050352173,0.000350362582167,0.00958901473022,0.953734094003,0.0366768912667,0.000500701563698,0.993445941011,0.00605335742538,8.83853827501e-05,0.998767887645,0.00114372697195
0.169166666667,0.0017375107307,0.997853641327,0.000408847942507,0.0127744801671,0.935011574469,0.0522139453635,0.000448652618578,0.993859188564,0.00569215881703,8.44048217049e-05,0.998793052536,0.00112254264219
0.169583333333,0.00189436009174,0.997625523371,0.000480116537168,0.0177474399177,0.904547366858,0.0777051932245,0.000403018582325,0.994224095049,0.00537288636881,8.06215251007e-05,0.998816888169,0.00110249030565
0.17,0.00207337372134,0.99735893673,0.000567689548683,0.025799259182,0.852886077465,0.121314663353,0.000362809384252,0.994547717971,0.0050894726445,7.70226754495e-05,0.998839472306,0.00108350501873
0.170416666667,0.00227898500869,0.997044735689,0.000676279302053,0.0386682400874,0.765512555392,0.195819204521,0.000327217492229,0.994835847108,0.00483693540019,7.35964822704e-05,0.998860876507,0.00106552701089
0.170833333333,0.00251680740785,0.996670917456,0.000812275135813,0.0553936987027,0.641600630226,0.303005671071,0.000295579241423,0.995093267651,0.00461115310738,7.03320858298e-05,0.998881166697,0.00104850121739
0.17125,0.00279403583208,0.996221499093,0.000984465074932,0.0631779291043,0.562330353191,0.374491717705,0.000267345362225,0.995323961645,0.00440869299323,6.72194712759e-05,0.998900403667,0.00103237686203
0.171666666667,0.00312001760131,0.995674854296,0.00120512810254,0.0505299939602,0.62376540394,0.3257046021,0.000242058296964,0.995531263684,0.00422667801941,6.42493919077e-05,0.998918643524,0.00101710708375
0.172083333333,0.00350708000267,0.995001198102,0.00149172189505,0.0325956766626,0.738068184239,0.229336139098,0.000219334581218,0.995717982373,0.00406268304536,6.14133004903e-05,0.998935938097,0.00100264860212
0.1725,0.0039717549524,0.994158694183,0.00186955086426,0.0202379133416,0.823698606706,0.156063479952,0.000198851041838,0.995886495871,0.00391465308724,5.87032876715e-05,0.998952335295,0.000988961417021
0.172916666667,0.00453663330355,0.993087274742,0.00237609195399,0.0129639415985,0.87697202728,0.110064031122,0.000180333898599,0.996038827637,0.00378083846473,5.61120266761e-05,0.998967879434,0.00097600853885
0.173333333333,0.00523324447065,0.99169854726,0.00306820826932,0.00867305374791,0.909858363482,0.0814685827702,0.0001635500945,0.996176706936,0.00365974296996,5.36327235638e-05,0.998982611531,0.0009637557457
0.17375,0.00610665481055,0.989858783555,0.00403456163487,0.00603347659721,0.930922117169,0.0630444062336,0.000148300350947,0.996301617487,0.00355008216242,5.12590724233e-05,0.998996569563,0.000952171364593
0.174166666667,0.00722303853449,0.987359229422,0.00541773204324,0.00433209505889,0.945011483159,0.0506564217819,0.000134413568425,0.996414836832,0.00345074959995,4.89852149573e-05,0.999009788711,0.000941226074171
0.174583333333,0.00868256064115,0.983862236641,0.00745520271776,0.00318807658553,0.954816388874,0.0419955345406,0.000121742284555,0.996517468379,0.00336078933663,4.68057039775e-05,0.999022301569,0.000930892726549
0.175,0.0106420645332,0.97879929519,0.0105586402764,0.0023905181105,0.961872930795,0.0357365510948,0.000110158968968,0.996610467626,0.00327937340489,4.47154703891e-05,0.999034138343,0.000921146186321
0.175416666667,0.0133563477623,0.971169147534,0.0154745047034,0.00181738083179,0.967093931722,0.0310886874462,9.95529848937e-05,0.996694663726,0.00320578328914,4.27097932946e-05,0.999045327022,0.000911963184978
0.175833333333,0.0172549263766,0.959120312659,0.0236247609646,0.00139499515007,0.97104379102,0.0275612138301,8.98280853713e-05,0.996770777297,0.00313939461736,4.07842728901e-05,0.999055893538,0.000903322189146
0.17625,0.0230826569553,0.939061686715,0.0378556563297,0.00107716250685,0.974084317156,0.0248385203375,8.09003407913e-05,0.996839435195,0.003079664464,3.89348058666e-05,0.999065861913,0.000895203281317
0.176666666667,0.0321196335595,0.903813768981,0.0640665974591,0.000833928237506,0.976454903505,0.0227111682576,7.26964165572e-05,0.996901182798,0.00302612078561,3.71575630608e-05,0.999075254385,0.00088758805181
0.177083333333,0.0462388462751,0.839659486728,0.114101666996,0.000645303928057,0.978318271912,0.0210364241601,6.51521366049e-05,0.996956494254,0.00297835360985,3.54489691315e-05,0.99908409153,0.000880459500937
0.1775,0.0659642321721,0.728877275103,0.205158492725,0.000497624592668,0.979787501327,0.0197148740808,5.82112816916e-05,0.997005781043,0.00293600767565,3.38056840606e-05,0.999092392366,0.000873801950388
0.177916666667,0.0816467439953,0.592149341188,0.326203914816,0.0003813632219,0.98094251027,0.0186761265077,5.18245816398e-05,0.997049399136,0.00289877628274,3.22245863018e-05,0.999100174451,0.000867600963019
0.178333333333,0.0737473368725,0.54140638356,0.384846279567,0.000289780998742,0.981840386133,0.0178698328687,4.59488687973e-05,0.997087654974,0.00286639615684,3.07027574197e-05,0.999107453972,0.000861843270287
0.17875,0.0507840011869,0.600475135026,0.348740863787,0.00021807320349,0.982522002478,0.0172599243185,4.0546366363e-05,0.997120810459,0.00283864317484,2.92374680791e-05,0.999114245825,0.000856516706663
0.179166666667,0.0330358038231,0.672952535642,0.294011660535,0.000162818937064,0.98301632152,0.0168208595431,3.55840903226e-05,0.997149087085,0.00281532882476,2.78261652594e-05,0.999120563684,0.000851610150466
0.179583333333,0.023804567403,0.717285607518,0.258909825079,0.000121623467511,0.983343200934,0.0165351755981,3.10333478235e-05,0.997172669352,0.00279629730048,2.64664605831e-05,0.999126420069,0.000847113470567
0.18,0.0208649560018,0.732063584298,0.2470714597,9.28875459657e-05,0.983515192578,0.0163919198763,2.68693181294e-05,0.997191707531,0.00278142315117,2.51561196594e-05,0.999131826402,0.000843017478526
0.180416666667,0.0231479415101,0.719581674836,0.257270383654,7.56647886664e-05,0.983538622293,0.016385712918,2.30707049995e-05,0.997206319872,0.00277060942254,2.38930523539e-05,0.999136793062,0.000839313885753
0.180833333333,0.0315223920164,0.678243682614,0.29023392537,6.95847820704e-05,0.983414114333,0.0165163008853,1.96194515717e-05,0.997216594307,0.00276378624128,2.26753039061e-05,0.999141329431,0.000835995265324
0.18125,0.0480733315376,0.609634319536,0.342292348927,7.48307037443e-05,0.983136636687,0.0167885326097,1.65005107065e-05,0.997222589683,0.00276090980608,2.15010468233e-05,0.999145443935,0.000833055018162
0.181666666667,0.070096950577,0.552166365719,0.377736683704,9.21688393768e-05,0.98269507357,0.0172127575904,1.37016653432e-05,0.997224336575,0.00276196175987,2.03685734893e-05,0.999149144083,0.000830487343287
0.182083333333,0.0790015891928,0.59732558914,0.323672821667,0.000123035460791,0.982071262625,0.0178057019146,1.12133948146e-05,0.997221837678,0.00276694892727,1.92762894305e-05,0.999152436499,0.000828287211909
0.1825,0.0651865444167,0.728565696905,0.206247758678,0.000169696012066,0.981238351788,0.0185919521996,9.02878431219e-06,0.997215067805,0.0027759034108,1.82227071898e-05,0.999155326948,0.000826450345154
0.182916666667,0.0463805808359,0.838131397158,0.115488022006,0.000235504817923,0.980158214508,0.0196062806742,7.14347584221e-06,0.997203973476,0.00278888304822,1.72064407649e-05,0.999157820364,0.000824973195262
0.183333333333,0.0325424575981,0.902477564151,0.0649799782509,0.000325314306497,0.978777481149,0.0208972045443,5.55566011555e-06,0.997188472098,0.00280597224229,1.62262005699e-05,0.999159920869,0.000823852930079
0.18375,0.0235672947278,0.938034380577,0.0383983246954,0.000446117576616,0.977021445555,0.0225324368683,4.26610990753e-06,0.997168450706,0.00282728318392,1.52807888872e-05,0.99916163179,0.000823087420768
0.184166666667,0.0177349884707,0.958316616331,0.023948395198,0.000608069313765,0.974784589929,0.0246073407573,3.27825655908e-06,0.997143764244,0.00285295749988,1.43690957773e-05,0.999162955672,0.000822675232611
0.184583333333,0.0138126846668,0.970513794894,0.0156735204392,0.000826141589687,0.971915549617,0.0272583087937,2.59831251044e-06,0.99711423332,0.0028831683676,1.3490095421e-05,0.999163894286,0.000822615618839
0.185,0.0110704147792,0.978244125267,0.0106854599537,0.00112288167234,0.968192638374,0.0306844799533,2.23544411835e-06,0.997079641403,0.00291812315319,1.26428428705e-05,0.99916444864,0.000822908517454
0.185416666667,0.00908348907022,0.983377692417,0.00753881851266,0.00153315060237,0.963282816841,0.0351840325568,2.20200056847e-06,0.997039731355,0.00295806664396,1.18264711897e-05,0.999164618978,0.000823554551016
0.185833333333,0.00759860066049,0.986926811791,0.00547458754887,0.00211255330193,0.956670650002,0.0412167966956,2.51380653134e-06,0.996994201228,0.00300328496551,1.10401889655e-05,0.999164404782,0.000824555029376
0.18625,0.00645923346528,0.989466473598,0.00407429293647,0.00295300155893,0.947531164034,0.0495158344074,3.19052841604e-06,0.996942699176,0.00305411029606,1.02832781791e-05,0.999163804766,0.000825911955406
0.186666666667,0.00556514103524,0.99133820694,0.00309665202444,0.00421249745446,0.934495508288,0.0612919942571,4.25612676878e-06,0.996884817355,0.00311092651803,9.55509242383e-06,0.999162816874,0.000827628033741
0.187083333333,0.00484993609753,0.992753168799,0.00239689510326,0.00617363389876,0.915213170945,0.0786131951565,5.73941069508e-06,0.996820084608,0.00317417598135,8.85505546262e-06,0.999161438262,0.000829706682614
0.1875,0.00426831220116,0.993846629959,0.00188505783979,0.0093572634898,0.885566862542,0.105075873968,7.67471435347e-06,0.99674795769,0.00324436759576,8.18266011947e-06,0.999159665291,0.000832152048882
0.187916666667,0.00378851148105,0.994708009451,0.00150347906749,0.0147121365705,0.838599226005,0.146688637424,1.0102720835e-05,0.996667810756,0.00332208652319,7.53746750207e-06,0.999157493506,0.000834969026333
0.188333333333,0.00338773891521,0.995398081712,0.00121417937303,0.023682249604,0.765366508255,0.210951242141,1.30714654551e-05,0.996578922725,0.0034080058097,6.91910655551e-06,0.999154917616,0.000838163277446
0.18875,0.00304928499192,0.995959184967,0.000991530040739,0.0366176988255,0.670357242272,0.293025058903,1.66375591072e-05,0.996480462057,0.00350290038425,6.32727394973e-06,0.999151931467,0.000841741258756
0.189166666667,0.00276066975255,0.996421470937,0.000817859310476,0.0466540110033,0.616251948538,0.337094040459,2.08676834895e-05,0.996371468352,0.00360766396404,5.76173430624e-06,0.999148528016,0.000845710250023
0.189583333333,0.00251241519792,0.996806840853,0.000680743949057,0.0430846353522,0.674536374836,0.282378989812,2.58404245816e-05,0.996250830023,0.00372332955249,5.22232077246e-06,0.999144699292,0.000850078387453
0.19,0.00229721460625,0.99713148849,0.000571296904055,0.0317043172031,0.779015466639,0.189280216158,3.16485298893e-05,0.996117257063,0.00385109440708,4.70893595512e-06,0.999140436363,0.000854854701225
0.190416666667,0.0021093586973,0.997407581617,0.000483059686007,0.0219502848436,0.858215029373,0.119834685783,3.8401700344e-05,0.995969247694,0.003992350606,4.22155322756e-06,0.999135729289,0.000860049157634
0.190833333333,0.00194433171741,0.99764439736,0.00041127092218,0.0154897050329,0.90690581871,0.0776044762569,4.62300616245e-05,0.995805047262,0.00414872267646,3.76021842907e-06,0.999130567075,0.000865672706213
0.19125,0.00179852223202,0.997849103629,0.000352374138947,0.0113662972159,0.936202316421,0.0524313863626,5.52885053182e-05,0.9956225973,0.00432211419499,3.32505197847e-06,0.999124937616,0.000871737332209
0.191666666667,0.00166901279755,0.99802730642,0.000303680782342,0.00866883940278,0.954400761758,0.036930398839,6.57621523781e-05,0.995419471974,0.00451476587411,2.91625142798e-06,0.999118827634,0.000878256114889
0.192083333333,0.00155342480195,0.998183439347,0.000263135850953,0.0068349628018,0.966197737338,0.0269672998601,7.78732764643e-05,0.995192798251,0.00472932847275,2.53409448843e-06,0.999112222613,0.00088524329216
0.1925,0.00144980249588,0.998321044989,0.000229152514758,0.00553968738849,0.974164449004,0.0202958636071,9.18901427211e-05,0.994939154856,0.00496895500165,2.17894256143e-06,0.999105106725,0.000892714332103
0.192916666667,0.00135652526599,0.998442980891,0.000200493842658,0.00459309092888,0.979742483141,0.0156644259303,0.00010813838275,0.994654443346,0.00523741827123,1.85124482023e-06,0.999097462743,0.000900686012048
0.193333333333,0.00127224053126,0.998551572302,0.000176187166599,0.0038805988668,0.983771522472,0.0123478786612,0.00012701576051,0.994333722192,0.00553926204764,1.55154288692e-06,0.999089271951,0.000909176505939
0.19375,0.00119581188444,0.998648726755,0.000155461360276,0.00333057133935,0.986760408087,0.00990902057322,0.000149011519254,0.993970991242,0.00587999723898,1.28047616116e-06,0.999080514043,0.000918205480807
0.194166666667,0.00112627863142,0.998736020961,0.00013770040743,0.00289664013865,0.989029112519,0.00807424734228,0.00017473198646,0.993558908928,0.00626635908529,1.03878786308e-06,0.999071167009,0.000927794203282
0.194583333333,0.00106282394277,0.998814767372,0.000122408684823,0.00254782982702,0.990785661071,0.00666650910177,0.00020493483031,0.993088417195,0.00670664797502,8.2733186281e-07,0.999061207011,0.000937965657207
0.195,0.00100474957668,0.998886065662,0.000109184761294,0.00226285210061,0.992169366364,0.00556778153511,0.000240575431533,0.992548238198,0.00721118637094,6.47080378648e-07,0.999050608246,0.000948744673536
0.195416666667,0.000951455662182,0.998950842887,9.77014504795e-05,0.00202670130944,0.993276007777,0.00469729091355,0.000282870458395,0.991924190366,0.00779293917563,4.99132638394e-07,0.999039342793,0.00096015807387
0.195833333333,0.000902424412891,0.999009885088,8.76904995732e-05,0.00182855919498,0.994172987439,0.00399845336602,0.00033338623907,0.991198246155,0.0084683676061,3.84724611364e-07,0.999027380446,0.000972234829155
0.19625,0.000857206918005,0.999063862336,7.89307456274e-05,0.0016604679405,0.994908731569,0.00343080049016,0.000394163465752,0.990347214429,0.00925862210548,3.05239934369e-07,0.999014688525,0.000985006235278
0.196666666667,0.000815412361007,0.999113348752,7.12388872631e-05,0.00151646753047,0.995518683351,0.00296484911862,0.00046789608259,0.989340867716,0.0101912362019,2.62222172643e-07,0.99900123167,0.000998506107524
0.197083333333,0.00077669916717,0.999158838588,6.44622447151e-05,0.00139202144743,0.99602921845,0.0025787601024,0.000558192559303,0.988139232659,0.011302574782,2.57388577325e-07,0.998986971615,0.00101277099614
0.1975,0.000740767693765,0.999200759263,5.84730428043e-05,0.0012836259684,0.996460261004,0.00225611302735,0.000669965104473,0.986688592566,0.01264144233,2.9264552481e-07,0.998971866929,0.00102784042556
0.197916666667,0.000707354161987,0.999239481969,5.31638686501e-05,0.00118853908271,0.996827067111,0.00198439380631,0.000810022201809,0.984915462266,0.0142745155324,3.70105850919e-07,0.998955872734,0.00104375716018
0.198333333333,0.000676225594286,0.999275330364,4.84440416327e-05,0.00110458900222,0.997141463331,0.00175394766699,0.000987992527804,0.982717290643,0.0162947168296,4.92108324783e-07,0.998938940392,0.00106056750007
0.19875,0.000647175570384,0.999308587733,4.42366962624e-05,0.00103003665952,0.997412721287,0.00155724205371,0.00121780403125,0.979947738555,0.0188344574135,6.61239544714e-07,0.99892101715,0.00107832161037
0.199166666667,0.0006200206535,0.999339502921,4.04764255764e-05,0.000963475479305,0.997648184837,0.00138833968358,0.00152012119555,0.976392700951,0.0220871778538,8.80358581881e-07,0.998902045753,0.00109707388882
0.199583333333,0.00059459736801,0.999368295264,3.71073677737e-05,0.00090375730437,0.997853726195,0.00124251650028,0.00192648941653,0.97173004827,0.0263434623134,1.15262474865e-06,0.998881963999,0.0011168833764
0.2,0.000570759633044,0.999395158722,3.4081645269e-05,0.000849936951451,0.998034081975,0.00111598107313,0.00248662173679,0.96545983907,0.0320535391934,1.48152892834e-06,0.998860704254,0.00113781421697
0.200416666667,0.000548376574752,0.99942026534,3.1358085428e-05,0.000801230221612,0.99819310375,0.00100566602854,0.00328165053163,0.956779481347,0.039938868121,1.87092897369e-06,0.998838192898,0.00115993617259
0.200833333333,0.000527330654466,0.999443768178,2.89011675696e-05,0.000756981752907,0.998333946946,0.000909071301085,0.00444894972862,0.944354638231,0.0511964120402,2.32508976445e-06,0.998814349708,0.00118332520226
0.20125,0.000507516061497,0.999465803786,2.6680152578e-05,0.000716640158909,0.998459214725,0.000824145116407,0.00622922489368,0.925896822999,0.0678739521069,2.84872861321e-06,0.998789087158,0.00120806411323
0.201666666667,0.000488837328474,0.999486494311,2.46683605907e-05,0.000679738620621,0.998571068621,0.000749192758622,0.00905202471358,0.897433259676,0.0935147156107,3.44706682509e-06,0.998762309638,0.00123424329526
0.202083333333,0.00047120813459,0.999505949296,2.28425692502e-05,0.00064587960247,0.998671314385,0.000682806012621,0.0136531067334,0.852446906142,0.133899987124,4.12588835644e-06,0.998733912561,0.00126196155022
0.2025,0.00045455026803,0.999524267221,2.11825105697e-05,0.000614722717263,0.998761469141,0.000623808141702,0.0209800338089,0.783453892157,0.195566074034,4.89160668347e-06,0.998703781362,0.00129132703134
0.202916666667,0.000438792723778,0.999541536827,1.967044875e-05,0.000585975017297,0.998842814337,0.000571210645823,0.0305866282604,0.698109341201,0.271304030539,5.75134119076e-06,0.99867179035,0.00132245830899
0.203333333333,0.000423870916882,0.999557838258,1.82908247219e-05,0.0005593831706,0.998916437799,0.00052417902997,0.0364802092836,0.655275161627,0.308244629089,6.71300462848e-06,0.998637801413,0.00135548558277
0.20375,0.000409725994563,0.99957324405,1.70299559017e-05,0.000534727113581,0.998983267367,0.000482005519331,0.0322547715769,0.70784855903,0.259896669393,7.78540347523e-06,0.998601662533,0.00139055206342
0.204166666667,0.000396304233159,0.999587819985,1.58757817696e-05,0.00051181486866,0.99904409796,0.000444087171077,0.0233958852891,0.796654927037,0.179949187674,8.97835339173e-06,0.998563206094,0.00142781555221
0.204583333333,0.000383556508112,0.999601625844,1.48176476391e-05,0.000490478287634,0.999099613504,0.000409908208466,0.0161329787252,0.865305122812,0.118561898463,1.03028123734e-05,0.998522246937,0.00146745025074
0.205,0.00037143782704,0.999614716053,1.38461203371e-05,0.000470569535566,0.999150404784,0.000379025680799,0.0113438384889,0.908928345762,0.079727815749,1.17710347255e-05,0.998478580125,0.00150964884051
0.205416666667,0.000359906917405,0.999627140252,1.29528306538e-05,0.000451958170798,0.999196984069,0.000351057759772,0.00828274952294,0.935995300393,0.0557219500837,1.33967496132e-05,0.998431978371,0.00155462487905
0.205833333333,0.000348925861604,0.9996389438,1.21303383022e-05,0.000434528707668,0.999239797154,0.000325674138337,0.00627904971172,0.953252650573,0.0404682997154,1.51953687158e-05,0.998382189062,0.0016026155692
0.20625,0.000338459773299,0.999650168211,1.13720158629e-05,0.000418178572351,0.999279233312,0.000302588115859,0.00491840046258,0.964689058644,0.0303925408931,1.71842284632e-05,0.998328930802,0.00165388496937
0.206666666667,0.000328476509757,0.999660851541,1.06719488108e-05,0.000402816380556,0.999315633576,0.000281550043127,0.0039598791338,0.972560757071,0.0234793637955,1.93828735212e-05,0.9982718894,0.00170872772696
0.207083333333,0.000318946415653,0.999671028735,1.00248491579e-05,0.000388360480083,0.99934929765,0.000262341869593,0.00326194364211,0.978165638986,0.0185724173717,2.18133896538e-05,0.998210713175,0.00176747343497
0.2075,0.000309842094475,0.999680731925,9.42598070508e-06,0.000374737712406,0.999380489699,0.000244772588456,0.00273890024357,0.982275644341,0.0149854554159,2.45007959357e-05,0.998145007471,0.00183049173355
0.207916666667,0.000301138204149,0.999689990702,8.87109417935e-06,0.000361882356211,0.999409443227,0.000228674416464,0.0023370577076,0.985366836452,0.0122961058407,2.74735085884e-05,0.998074328185,0.00189819830597
0.208333333333,0.000292811274005,0.999698832355,8.35637082741e-06,0.000349735222753,0.9994363652,0.000213899577705,0.00202163619885,0.987743138835,0.0102352249664,3.07638916309e-05,0.997998174155,0.00197106195289
0.20875,0.000284839540559,0.999707282086,7.87837326122e-06,0.000338242878438,0.999461439536,0.000200317585961,0.00176940436006,0.989604798866,0.00862579677381,3.44089132312e-05,0.997915978114,0.0020496129728
0.209166666667,0.000277202799923,0.999715363198,7.43400253089e-06,0.000327356974435,0.999484830085,0.000187812940325,0.0015644094841,0.99108754124,0.00734804927592,3.84509313609e-05,0.997827095937,0.00213445313163
0.209583333333,0.000269882274949,0.999723097264,7.02046055578e-06,0.000317033666682,0.999506683169,0.000176283164702,0.00139542252403,0.992285708831,0.00631886864489,4.29386384205e-05,0.997730793785,0.00222626757609
0.21,0.000262860495432,0.999730504287,6.63521719035e-06,0.000307233112517,0.999527129753,0.000165637134508,0.00125436269747,0.993266371125,0.00547926617783,4.79282023207e-05,0.997626232662,0.00232583913617
0.210416666667,0.00025612118994,0.999737602829,6.27598129188e-06,0.000297919032492,0.999546287323,0.000155793644115,0.0011352986662,0.994078175646,0.00478652568767,5.34846516923e-05,0.997512449767,0.00243406558096
0.210833333333,0.00024964918797,0.999744410137,5.94067525195e-06,0.000289058327824,0.999564261495,0.000146680176764,0.00103379888263,0.994757048277,0.00420915284079,5.96835662138e-05,0.997388335888,0.00255198054593
0.21125,0.000243430331339,0.999750942256,5.62741254817e-06,0.000280620745486,0.999581147409,0.000138231845357,0.000946499074653,0.995329952549,0.00372354837655,6.66131506222e-05,0.997252607797,0.00268077905237
0.211666666667,0.000237451393811,0.999757214128,5.3344779144e-06,0.000272578584234,0.999597030938,0.000130390477869,0.000870808111166,0.995817422998,0.00331176889065,7.4376794316e-05,0.997103774398,0.00282184880768
0.212083333333,0.000231700008097,0.999763239682,5.06030979741e-06,0.000264906435883,0.999611989739,0.000123103825587,0.000804704063542,0.996235306248,0.00295998968854,8.30962497309e-05,0.996940094918,0.00297680883241
0.2125,0.000226164599463,0.999769031916,4.80348480902e-06,0.000257580957068,0.999626094167,0.000116324875923,0.000746590282692,0.996595979231,0.00265743048602,9.29156049071e-05,0.996759526955,0.00314755744025
0.212916666667,0.000220834325271,0.999774602971,4.56270393046e-06,0.000250580667394,0.999639408078,0.000110011254559,0.000695192174022,0.996909215645,0.00239559218098,0.000104006283233,0.996559661468,0.00333633224919
0.213333333333,0.000215699019851,0.9997799642,4.33678024092e-06,0.000243885770533,0.999651989525,0.00010412470406,0.000649482055413,0.997182811527,0.00216770641796,0.000116573382562,0.996337640823,0.0035457857949
0.21375,0.00021074914417,0.999785126228,4.12462799726e-06,0.000237477995299,0.999663891377,9.86306281656e-05,0.000608623706727,0.997423043191,0.0019683331019,0.000130863775981,0.996090054672,0.00377908155245
0.214166666667,0.000205975739832,0.999790099007,3.92525289483e-06,0.000231340454174,0.999675161853,9.34976926023e-05,0.000571930932641,0.997635006738,0.00179306232908,0.00014717655119,0.995812806549,0.00404001690003
0.214583333333,0.00020137038698,0.99979489187,3.73774337104e-06,0.000225457517107,0.999685845008,8.86974746632e-05,0.000538836235293,0.997822872726,0.00163829103881,0.000165876585179,0.995500941414,0.00433318200112
0.215,0.000196925165732,0.999799513571,3.56126282408e-06,0.00021981469871,0.999695981146,8.4204154977e-05,0.00050886687364,0.997990079302,0.00150105382457,0.000187412367084,0.995148420554,0.00466416707861
0.215416666667,0.000192632620805,0.999803972337,3.39504265645e-06,0.000214398557243,0.999705607197,7.99942458396e-05,0.000481626383814,0.998139480145,0.00137889347096,0.000212339642704,0.994747824731,0.00503983562589
0.215833333333,0.000188485729042,0.999808275895,3.2383760229e-06,0.000209196603985,0.999714757045,7.60463513172e-05,0.000456780181295,0.998273458865,0.00126976095348,0.000241353135016,0.994289958309,0.00546868855624
0.21625,0.00018447786956,0.999812431518,3.09061222892e-06,0.000204197221773,0.999723461823,7.23409550114e-05,0.000434044245363,0.998394018238,0.00117193751623,0.000275329616172,0.993763314964,0.00596135541987
0.216666666667,0.000180602796289,0.999816446052,2.95115168802e-06,0.000199389591655,0.999731750176,6.88602319562e-05,0.000413176153416,0.998502850393,0.00108397345363,0.000315387163056,0.993153347147,0.00653126568957
0.217083333333,0.000176854612674,0.999820325946,2.8194413858e-06,0.000194763626748,0.999739648492,6.55878816108e-05,0.000393967922861,0.998601392432,0.00100463964511,0.000362967842614,0.992441453019,0.00719557913872
0.2175,0.000173227748363,0.999824077281,2.69497079053e-06,0.000190309912479,0.999747181108,6.25089793396e-05,0.000376240255169,0.998690870836,0.000932888908687,0.0004199548873,0.991603549897,0.00797649521543
0.217916666667,0.000169716937684,0.999827705794,2.57726816566e-06,0.000186019652518,0.999754370503,5.96098441022e-05,0.000359837876222,0.998772337149,0.000867824974967,0.000488841569186,0.990608031615,0.00890312681595
0.218333333333,0.000166317199776,0.999831216903,2.46589723341e-06,0.000181884619792,0.99976123746,5.68779204082e-05,0.00034462574018,0.99884669684,0.00080867741965,0.000572979107443,0.989412789837,0.010014231056
0.21875,0.000163023820212,0.999834615726,2.36045416668e-06,0.000177897112017,0.999767801215,5.43016728309e-05,0.000330485918343,0.998914732794,0.000754781288061,0.000676948012603,0.98796078289,0.0113622690973
0.219166666667,0.000159832334004,0.999837907101,2.26056485397e-06,0.000174049911291,0.999774079597,5.18704915966e-05,0.000317315034938,0.998977124526,0.000705560439132,0.000807126762262,0.98617329837,0.0130195748682
0.219583333333,0.000156738509852,0.999841095608,2.16588243185e-06,0.000170336247323,0.999780089145,4.95746079744e-05,0.0003050221424,0.999034464001,0.000660513856492,0.000972584010133,0.983939462037,0.0150879539524
0.22,0.000153738335557,0.999844185579,2.07608503566e-06,0.00016674976391,0.999785845218,4.74050183297e-05,0.000293526951855,0.999087268707,0.000619204340657,0.00118651586151,0.981099472599,0.01771401154
0.220416666667,0.000150828004481,0.999847181122,1.99087376573e-06,0.000163284488361,0.999791362096,4.53534158649e-05,0.000282758352354,0.999135992525,0.000581249122882,0.00146862826982,0.977417052649,0.0211143190811
0.220833333333,0.000148003902978,0.999850086126,1.90997083094e-06,0.000159934803543,0.999796653067,4.34121291893e-05,0.00027265316605,0.999181034796,0.000546312038275,0.0018492072625,0.97253283493,0.0256179578071
0.22125,0.000145262598719,0.999852904283,1.8331178645e-06,0.000156695422323,0.999801730511,4.15740669539e-05,0.000263155097186,0.999222747932,0.000514096970564,0.0023762883984,0.965883164734,0.031740546868
0.221666666667,0.00014260082983,0.999855639096,1.76007438613e-06,0.000153561364143,0.999806605968,3.98326678983e-05,0.000254213841033,0.99926144382,0.000484342339038,0.00312863445266,0.956555105593,0.0403162599545
0.222083333333,0.000140015494784,0.999858293889,1.69061640154e-06,0.000150527933546,0.999811290211,3.81818557152e-05,0.000245784325449,0.999297399231,0.000456816443542,0.0042395738355,0.943024908477,0.0527355176874
0.2225,0.000137503642998,0.999860871822,1.62453512254e-06,0.000147590700462,0.999815793301,3.66159982259e-05,0.000237826062894,0.999330860418,0.000431313519087,0.00593971178851,0.922702816296,0.0713574719153
0.222916666667,0.000135062466053,0.999863375898,1.56163580045e-06,0.000144745482078,0.999820124648,3.5129870406e-05,0.000230302594816,0.999362047025,0.000407650379779,0.00862171312412,0.891288304042,0.100089982834
0.223333333333,0.000132689289519,0.999865808974,1.50173665603e-06,0.000141988326167,0.999824293053,3.37186208618e-05,0.000223181013596,0.999391155432,0.000385663554162,0.0128619587492,0.842777072786,0.144360968465
0.22375,0.000130381565322,0.999868173767,1.44466790397e-06,0.000139315495723,0.999828306763,3.23777414009e-05,0.000216431549874,0.999418361618,0.000365206831898,0.0189681021385,0.775097945309,0.205933952553
0.224166666667,0.000128136864607,0.999870472865,1.39027085433e-06,0.000136723454802,0.999832173506,3.11030393815e-05,0.000210027215185,0.999443823629,0.000346149156061,0.024969102876,0.712682985026,0.262347912098
0.224583333333,0.00012595287108,0.999872708732,1.33839709449e-06,0.00013420885544,0.999835900532,2.98906125552e-05,0.000203943491554,0.999467683702,0.000328372806831,0.0256716852318,0.713170775742,0.261157539026
0.225,0.000123827374777,0.999874883717,1.28890773465e-06,0.000131768525581,0.999839494648,2.87368261628e-05,0.000198158061098,0.999490070107,0.000311771831726,0.0205297614681,0.777167145723,0.202303092809
0.225416666667,0.000121758266227,0.999877000061,1.24167271509e-06,0.0001293994579,0.99984296225,2.76382920497e-05,0.000192650569817,0.999511098745,0.000296250685107,0.0145661616164,0.84633440824,0.139099430144
0.225833333333,0.000119743530997,0.999879059899,1.19657017217e-06,0.000127098799464,0.999846309351,2.65918496154e-05,0.0001874024207,0.999530874533,0.000281723045853,0.0101868830269,0.895500707713,0.0943124092601
0.22625,0.000117781244571,0.99988106527,1.15348585228e-06,0.00012486384215,0.999849541609,2.55945484059e-05,0.000182396592038,0.999549492621,0.000268110787239,0.00731634667262,0.926986051431,0.0656976018962
0.226666666667,0.000115869567557,0.99988301812,1.11231257427e-06,0.000122692013759,0.999852664354,2.4643632203e-05,0.000177617477472,0.999567039445,0.000255343077141,0.00544455221667,0.947118086704,0.047437361079
0.227083333333,0.000114006741184,0.999884920309,1.07294973373e-06,0.000120580869765,0.999855682606,2.37365244633e-05,0.000173050744852,0.999583593665,0.00024335559022,0.00419030442135,0.960371010142,0.0354386854363
0.2275,0.000112191083079,0.999886773614,1.03530284601e-06,0.000118528085659,0.999858601099,2.28708149788e-05,0.000168683211386,0.999599226972,0.00023208981653,0.00332053289275,0.969409826145,0.0272696409618
0.227916666667,0.000110420983299,0.999888579734,9.9928312336e-07,0.00011653144982,0.999861424303,2.20442476494e-05,0.000164502732976,0.999614004814,0.00022149245339,0.00269701284842,0.975787274369,0.0215157127828
0.228333333333,0.000108694900605,0.999890340292,9.64807088333e-07,0.000114588856887,0.999864156434,2.12547092618e-05,0.000160498105894,0.999627987025,0.000211514869348,0.00223649624186,0.98042549568,0.0173380080782
0.22875,0.000107011358953,0.999892056845,9.31796211745e-07,0.000112698301589,0.999866801479,2.05002191869e-05,0.000156658979266,0.99964122839,0.000202112630696,0.00188737849735,0.983889286103,0.0142233353999
0.229166666667,0.0001053689442,0.999893730879,9.00176581831e-07,0.000110857872985,0.999869363207,1.97789199043e-05,0.000152975776995,0.999653779141,0.000193245082385,0.00161664511916,0.986536099889,0.0118472549916
0.229583333333,0.000103766300995,0.99989536382,8.69878595045e-07,0.000109065749106,0.999871845183,1.90890682917e-05,0.000149439627988,0.999665685396,0.000184874976391,0.00140252147548,0.988599354197,0.00999812432762
0.23,0.00010220212986,0.999896957033,8.4083667351e-07,0.000107320191939,0.99987425078,1.84290276016e-05,0.000146042303679,0.999676989555,0.000176968141506,0.00123023682433,0.990235904638,0.00853385853779
0.230416666667,0.000100675184433,0.999898511827,8.12989000787e-07,0.000105619542751,0.999876583197,1.77972600709e-05,0.00014277616198,0.999687730649,0.00016949318943,0.00108951318871,0.991553920881,0.00735656593053
0.230833333333,9.91842688707e-05,0.999900029454,7.86277275511e-07,0.00010396221772,0.999878845462,1.71923201027e-05,0.000139634096921,0.99969794465,0.000162421252687,0.000973033230021,0.992629749956,0.00639721681407
0.23125,9.77282353985e-05,0.999901511118,7.6064648824e-07,0.000102346703836,0.999881040448,1.66128479785e-05,0.000136609493311,0.999707664756,0.000155725750534,0.000875479268868,0.993518410951,0.00560610978044
0.231666666667,9.63059820002e-05,0.999902957973,7.36044707406e-07,0.000100771555079,0.999883170881,1.60575640481e-05,0.000133696185863,0.999716921635,0.000149382179519,0.000792914808867,0.994260300294,0.00494678489684
0.232083333333,9.49164502338e-05,0.999904371127,7.12422886906e-07,9.92353888267e-05,0.999885239348,1.55252633636e-05,0.000130888422281,0.999725743652,0.000143367925792,0.000722376927938,0.994885580609,0.00439204246281
0.2325,9.35586231709e-05,0.999905751642,6.89734682591e-07,9.77368824977e-05,0.999887248307,1.5014810711e-05,0.000128180829867,0.999734157073,0.000137662096643,0.000661601732425,0.995417117494,0.00392128077389
0.232916666667,9.22315234471e-05,0.99990710054,6.67936283727e-07,9.62747703953e-05,0.999889200094,1.45251360177e-05,0.000125568385277,0.999742186246,0.000132245369077,0.000608835717568,0.995872484676,0.0035186796066
0.233333333333,9.09342114206e-05,0.999908418802,6.46986258013e-07,9.48478407495e-05,0.999891096929,1.40552300962e-05,0.00012304638708,0.999749853759,0.00012709985349,0.000562703771086,0.996265358532,0.00317193769662
0.23375,8.9665783429e-05,0.999909707371,6.26845401808e-07,9.3454932938e-05,0.999892940926,1.36041407001e-05,0.000120610430831,0.999757180598,0.000122208970775,0.000522115257166,0.996606504418,0.00287138032478
0.234166666667,8.84253701406e-05,0.999910967153,6.07476608683e-07,9.20949348754e-05,0.999894734096,1.31709688648e-05,0.000118256386392,0.999764186272,0.000117557341376,0.000486196163339,0.996904485158,0.00260931867853
0.234583333333,8.72121349926e-05,0.99991219902,5.88844737859e-07,9.07667805584e-05,0.999896478354,1.27548655162e-05,0.000115980377275,0.999770888938,0.00011313068499,0.000454239381825,0.997166177249,0.00237958336915
0.235,8.60252727128e-05,0.999913403811,5.70916497744e-07,8.94694477559e-05,0.999898175524,1.23550283162e-05,0.000113778761795,0.999777305508,0.000108915729781,0.000425667802363,0.997397151917,0.00217718028104
0.235416666667,8.4864007918e-05,0.999914582332,5.53660338132e-07,8.82019558356e-05,0.999899827345,1.19706987353e-05,0.000111648115858,0.999783451754,0.000104900130095,0.000400006584372,0.997601959835,0.0019980335809
0.235833333333,8.37275937855e-05,0.99991573536,5.37046343285e-07,8.69633637163e-05,0.999901435477,1.16011593285e-05,0.000109585217227,0.999789342391,0.000101072391792,0.000376862092444,0.997784346258,0.00183879164984
0.23625,8.26153107937e-05,0.999916863643,5.21046136792e-07,8.5752767939e-05,0.999903001501,1.12457312027e-05,0.000107587031106,0.999794991164,9.74218043938e-05,0.000355905727789,0.997947415272,0.00169667899998
0.236666666667,8.15264655265e-05,0.999917967902,5.05632794079e-07,8.45693008473e-05,0.999904526927,1.09037716584e-05,0.000105650696938,0.999800410924,9.39383793772e-05,0.00033686139786,0.998093756421,0.00156938218074
0.237083333333,8.04603895392e-05,0.99991904883,4.90780755036e-07,8.3412128872e-05,0.999906013199,1.05746719911e-05,0.000103773516277,0.99980561369,9.06127939603e-05,0.000319495718088,0.998225543205,0.0014549610767
0.2375,7.94164382812e-05,0.999920107096,4.76465747301e-07,8.22804509107e-05,0.999907461694,1.02578554486e-05,0.000101952941655,0.999810610718,8.74363398653e-05,0.000303610285586,0.998344610352,0.00135177936237
0.237916666667,7.8393990073e-05,0.999921143345,4.62664714207e-07,8.11734967991e-05,0.999908873728,9.9527753179e-06,0.000100186566342,0.999815412557,8.44008765417e-05,0.000289035538716,0.998452514917,0.00125844954465
0.238333333333,7.73924451339e-05,0.999922158199,4.49355741394e-07,8.00905258655e-05,0.999910250561,9.65891314486e-06,9.8472114911e-05,0.999820029097,8.14987884328e-05,0.000275625840978,0.998550584949,0.0011737892105
0.23875,7.64112246578e-05,0.999923152257,4.36517997637e-07,7.90308255648e-05,0.999911593397,9.37577707294e-06,9.68074345515e-05,0.99982446962,7.87229458865e-05,0.000263255517787,0.99863995853,0.00109678595216
0.239166666667,7.54497699348e-05,0.999924126098,4.24131669119e-07,7.7993710187e-05,0.99991290339,9.10290028944e-06,9.51904870484e-05,0.999828742844,7.60666693638e-05,0.000251815640595,0.998721615295,0.00102656906413
0.239583333333,7.45075415144e-05,0.999925080281,4.12177908249e-07,7.69785196344e-05,0.999914181641,8.83983957234e-06,9.36193413786e-05,0.999832856962,7.35236966415e-05,0.000241211401338,0.998796402036,0.000962386563085
0.24,7.35840184108e-05,0.999926015343,4.00638776821e-07,7.59846182651e-05,0.999915429208,8.58617393529e-06,9.20921668659e-05,0.99983681968,7.10881527154e-05,0.000231359956398,0.998865053623,0.000903586420679
0.240416666667,7.26786973448e-05,0.999926931805,3.89497196829e-07,7.50113937966e-05,0.999916647103,8.34150335671e-06,9.06072268474e-05,0.999840638251,6.87545221719e-05,0.000222188646381,0.998928210202,0.000849601152012
0.240833333333,7.17910920229e-05,0.999927830171,3.78736904172e-07,7.40582562679e-05,0.999917836296,8.105447592e-06,8.91628728085e-05,0.999844319503,6.65176237888e-05,0.000213633518529,0.998986431388,0.000799935093608
0.24125,7.09207324503e-05,0.999928710925,3.68342403689e-07,7.31246370553e-05,0.999918997718,7.87764505961e-06,8.77575389464e-05,0.999847869874,6.43725871717e-05,0.000205638094291,0.999040208056,0.000754153849341
0.241666666667,7.00671642758e-05,0.999929574537,3.5829892997e-07,7.22099879388e-05,0.99992013226,7.657751801e-06,8.63897371254e-05,0.999851295432,6.23148312406e-05,0.000198152336527,0.99908997217,0.000711875493632
0.242083333333,6.9229948168e-05,0.999930421459,3.48592406607e-07,7.13137802166e-05,0.999921240779,7.44544049858e-06,8.50580521941e-05,0.999854601903,6.03400444041e-05,0.000191131780161,0.999136105013,0.000672763206434
0.2425,6.84086592198e-05,0.999931252131,3.39209409672e-07,7.0435503865e-05,0.999922324097,7.24039956335e-06,8.37611376324e-05,0.999857794696,5.84441662757e-05,0.000184536797313,0.999178944122,0.000636519080673
0.242916666667,6.76028863806e-05,0.999932066976,3.30137135518e-07,6.95746667399e-05,0.999923383001,7.04233227344e-06,8.24977115031e-05,0.999860878918,5.66233707892e-05,0.000178331973576,0.999218789132,0.000602878894319
0.243333333333,6.68122319147e-05,0.999932866405,3.21363364253e-07,6.8730793819e-05,0.99992441825,6.85095596475e-06,8.12665526836e-05,0.999863859397,5.4874050609e-05,0.000172485576608,0.999255906744,0.000571607679706
0.24375,6.60363108843e-05,0.999933650813,3.12876434316e-07,6.79034264812e-05,0.999925430572,6.66600127608e-06,8.00664973555e-05,0.9998667407,5.31928027067e-05,0.000166969101686,0.999290534944,0.000542495954613
0.244166666667,6.52747506552e-05,0.999934420584,3.04665209838e-07,6.70921218218e-05,0.999926420667,6.48721143359e-06,7.88964357316e-05,0.999869527149,5.15764150236e-05,0.000161756881719,0.999322886613,0.000515356504904
0.244583333333,6.45271904256e-05,0.999935176091,2.96719056103e-07,6.6296452001e-05,0.999927389206,6.31434158438e-06,7.77553090021e-05,0.999872222837,5.00218541115e-05,0.00015682575144,0.99935315262,0.000490021628715
0.245,6.37932807754e-05,0.999935917691,2.89027811906e-07,6.55160036242e-05,0.999928336838,6.14715816416e-06,7.6642106484e-05,0.99987483164,4.8526253687e-05,0.000152154757322,0.999381504474,0.000466340768297
0.245416666667,6.30726832355e-05,0.999936645735,2.81581767236e-07,6.47503771522e-05,0.999929264185,5.98543830521e-06,7.55558629567e-05,0.999877357233,4.70869040117e-05,0.000147724906215,0.999408096625,0.000444178468674
0.245833333333,6.23650698764e-05,0.999937360558,2.74371640852e-07,6.39991863395e-05,0.999930171844,5.8289692797e-06,7.44956561714e-05,0.999879803102,4.57012420385e-05,0.000143518946883,0.99943306844,0.000423412612738
0.24625,6.16701229141e-05,0.999938062489,2.67388556852e-07,6.32620576992e-05,0.999931060394,5.67754797476e-06,7.346060452e-05,0.999882172553,4.43668422593e-05,0.000139521179599,0.999456545929,0.000403932890988
0.246666666667,6.09875343339e-05,0.999938751842,2.60624026249e-07,6.25386299937e-05,0.99993193039,5.53098039702e-06,7.24498648538e-05,0.999884468727,4.30814082025e-05,0.000135717289737,0.999478643239,0.000385639471057
0.247083333333,6.031700553e-05,0.999939428925,2.54069926431e-07,6.18285537483e-05,0.999932782365,5.38908120684e-06,7.14626304377e-05,0.999886694605,4.18427645216e-05,0.000132094201958,0.99949946396,0.000368441837876
0.2475,5.96582469608e-05,0.999940094035,2.47718485724e-07,6.11314907883e-05,0.999933616836,5.25167327869e-06,7.04981290343e-05,0.999888853021,4.06488496348e-05,0.000128639952102,0.999519102268,0.000352257780013
0.247916666667,5.90109778183e-05,0.99994074746,2.41562263859e-07,6.04471137969e-05,0.999934434299,5.11858728847e-06,6.95556211048e-05,0.99989094667,3.94977088742e-05,0.000125343574382,0.999537643924,0.000337012501592
0.248333333333,5.83749257128e-05,0.99994138948,2.35594135312e-07,5.97751058936e-05,0.999935235233,4.98966132045e-06,6.86343981213e-05,0.999892978114,3.83874880958e-05,0.0001221950018,0.999555167156,0.000322637842389
0.24875,5.77498263694e-05,0.999942020366,2.29807278318e-07,5.91151602321e-05,0.999936020099,4.86474049943e-06,6.77337809807e-05,0.999894949791,3.73164277282e-05,0.000119184978049,0.999571743431,0.000309071591368
0.249166666667,5.71354233379e-05,0.999942640382,2.24195154552e-07,5.84669796153e-05,0.999936789344,4.74367664205e-06,6.68531185145e-05,0.999896864024,3.62828572157e-05,0.000116304979393,0.999587438139,0.000296256881124
0.249583333333,5.65314677153e-05,0.999943249781,2.18751499581e-07,5.7830276129e-05,0.999937543396,4.62632792819e-06,6.59917860868e-05,0.999898723024,3.52851898332e-05,0.000113547145263,0.999602311202,0.000284141652572
0.25,5.59377178786e-05,0.999943848812,2.13470310428e-07,5.72047707908e-05,0.999938282671,4.51255858924e-06,6.51491842754e-05,0.999900528898,3.43219178428e-05,0.000110904216453,0.999616417603,0.000272678180753
0.250416666667,5.53539392298e-05,0.999944437715,2.08345829034e-07,5.65901932153e-05,0.999939007568,4.40223861353e-06,6.43247376302e-05,0.999902283654,3.33916079687e-05,0.000108369479987,0.999629807866,0.000261822653948
0.250833333333,5.47799039503e-05,0.999945016724,2.03372535257e-07,5.59862812934e-05,0.999939718475,4.29524347334e-06,6.35178935028e-05,0.999903989209,3.24928971596e-05,0.000105936719846,0.999642528481,0.000251534799385
0.25125,5.42153907656e-05,0.999945586064,1.98545133667e-07,5.5392780886e-05,0.999940415765,4.19145385311e-06,6.2728120944e-05,0.99990564739,3.16244886331e-05,0.000103600172835,0.999654622277,0.000241777549767
0.251666666667,5.36601847204e-05,0.999946145957,1.93858543107e-07,5.4809445531e-05,0.999941099799,4.09075540952e-06,6.19549096638e-05,0.999907259942,3.07851481641e-05,0.000101354489001,0.999666128765,0.000232516745636
0.252083333333,5.31140769611e-05,0.999946696615,1.89307887033e-07,5.42360361629e-05,0.999941770925,3.99303853127e-06,6.11977690496e-05,0.99990882853,2.9973700613e-05,9.91946960523e-05,0.999677084435,0.000223720869254
0.2525,5.25768645283e-05,0.999947238247,1.84888484966e-07,5.36723208439e-05,0.999942429481,3.89819811608e-06,6.04562272404e-05,0.999910354746,2.91890266709e-05,9.71161673438e-05,0.999687523026,0.000215360806255
0.252916666667,5.20483501568e-05,0.999947771054,1.80595842503e-07,5.31180745073e-05,0.999943075792,3.80613336359e-06,5.97298302511e-05,0.99991184011,2.84300598073e-05,9.51145930007e-05,0.999697475775,0.000207409631837
0.253333333333,5.15283420841e-05,0.999948295232,1.76425643983e-07,5.25730787114e-05,0.999943710174,3.71674756861e-06,5.90181411453e-05,0.999913286075,2.76957834077e-05,9.31859538472e-05,0.999706971628,0.000199842418649
0.25375,5.10166538659e-05,0.999948810972,1.72373742391e-07,5.2037121403e-05,0.999944332931,3.62994793823e-06,5.83207392539e-05,0.999914694033,2.69852280848e-05,9.13264978252e-05,0.999716037438,0.000192636063911
0.254166666667,5.05131041989e-05,0.99994931846,1.6843615458e-07,5.15099966922e-05,0.999944944358,3.54564540705e-06,5.76372194347e-05,0.999916065311,2.62974691537e-05,8.9532718635e-05,0.999724698148,0.000185769133599
0.254583333333,5.00175167506e-05,0.999949817874,1.64609052167e-07,5.09915046353e-05,0.999945544741,3.46375446947e-06,5.69671913725e-05,0.999917401184,2.56316242658e-05,8.78013363598e-05,0.999732976942,0.000179221721825
0.255,4.95297199956e-05,0.999950309391,1.60888755318e-07,5.04814510271e-05,0.999946134356,3.3841930166e-06,5.63102789162e-05,0.99991870287,2.49868511727e-05,8.61292798666e-05,0.999740895396,0.000172975323729
0.255416666667,4.90495470584e-05,0.999950793181,1.57271725199e-07,4.9979647202e-05,0.999946713471,3.30688218286e-06,5.56661194502e-05,0.999919971535,2.43623456365e-05,8.45136707961e-05,0.999748473609,0.000167012720441
0.255833333333,4.85768355616e-05,0.99995126941,1.53754560528e-07,4.94859098425e-05,0.999947282344,3.23174620054e-06,5.50343633e-05,0.999921208297,2.37573394525e-05,8.29518089816e-05,0.999755730316,0.000161317874826
0.25625,4.81114274807e-05,0.999951738239,1.50333987037e-07,4.90000607963e-05,0.999947841227,3.15871226142e-06,5.4414673167e-05,0.999922414228,2.31710985968e-05,8.14411591503e-05,0.999762683004,0.000155875836869
0.256666666667,4.76531690035e-05,0.999952199824,1.47006856688e-07,4.85219268998e-05,0.999948390363,3.08771038515e-06,5.38067235936e-05,0.999923590355,2.26029214746e-05,7.99793387794e-05,0.999769348004,0.000150672657711
0.257083333333,4.72019103955e-05,0.999952654319,1.43770140348e-07,4.80513398094e-05,0.999948929987,3.01867329378e-06,5.32102004546e-05,0.999924737662,2.20521372758e-05,7.85641069932e-05,0.999775740582,0.000145695311439
0.2575,4.67575058698e-05,0.999953101873,1.40620920464e-07,4.75881358393e-05,0.999949460328,2.95153629282e-06,5.26248004753e-05,0.999925857095,2.15181044201e-05,7.71933544001e-05,0.999781875022,0.00014093162386
0.257916666667,4.63198134622e-05,0.99995354263,1.37556390611e-07,4.71321558055e-05,0.999949981607,2.88623716005e-06,5.20502307729e-05,0.99992694956,2.1000209095e-05,7.58650937785e-05,0.999787764699,0.000136370207541
0.258333333333,4.58886949108e-05,0.999953976731,1.34573847399e-07,4.6683244876e-05,0.999950494039,2.82271603624e-06,5.14862084215e-05,0.999928015928,2.04978638724e-05,7.45774515313e-05,0.999793422146,0.000132000402505
0.25875,4.54640155397e-05,0.999954404314,1.31670687464e-07,4.62412524271e-05,0.999950997832,2.76091532414e-06,5.09324600375e-05,0.999929057034,2.00105064075e-05,7.33286598373e-05,0.999798859118,0.000127812222033
0.259166666667,4.50456441477e-05,0.999954825511,1.28844403813e-07,4.58060319049e-05,0.999951493189,2.7007795893e-06,5.0388721387e-05,0.99993007368,1.95375982071e-05,7.21170494336e-05,0.999804086647,0.000123796303076
0.259583333333,4.46334529001e-05,0.999955240455,1.26092579822e-07,4.53774406923e-05,0.999951980304,2.64225547153e-06,4.98547370102e-05,0.99993106664,1.90786234667e-05,7.09410429735e-05,0.999809115096,0.000119943860835
0.26,4.42273172249e-05,0.99995564927,1.23412888131e-07,4.49553399811e-05,0.999952459368,2.5852915928e-06,4.93302598659e-05,0.999932036652,1.86330879728e-05,6.97991489051e-05,0.999813954204,0.000116246647119
0.260416666667,4.38271157133e-05,0.999956052081,1.20803083759e-07,4.45395946491e-05,0.999952930567,2.52983847482e-06,4.88150509919e-05,0.999932984431,1.82005180646e-05,6.86899558262e-05,0.999818613132,0.000112696912121
0.260833333333,4.34327300224e-05,0.999956449009,1.18261005433e-07,4.41300731416e-05,0.999953394078,2.47584846047e-06,4.83088791815e-05,0.999933910661,1.77804596518e-05,6.76121272723e-05,0.999823100503,0.000109287369312
0.26125,4.30440447826e-05,0.999956840171,1.15784565602e-07,4.37266473574e-05,0.999953850077,2.42327563404e-06,4.78115206762e-05,0.999934816002,1.73724772864e-05,6.65643969004e-05,0.99982742444,0.000106011163151
0.261666666667,4.26609475076e-05,0.999957225681,1.13371754207e-07,4.33291925393e-05,0.999954298732,2.37207575282e-06,4.73227588714e-05,0.999935701088,1.69761532828e-05,6.55455640337e-05,0.999831592597,0.000102861839365
0.262083333333,4.22833285079e-05,0.999957605651,1.11020631577e-07,4.29375871685e-05,0.999954740207,2.32220617546e-06,4.68423840372e-05,0.999936566529,1.65910868871e-05,6.45544895372e-05,0.999835612193,9.98333175729e-05
0.2625,4.19110808071e-05,0.99995798019,1.08729325432e-07,4.25517128627e-05,0.999955174661,2.27362579752e-06,4.63701930512e-05,0.999937412913,1.62168934874e-05,6.35900919956e-05,0.999839490042,9.69198660373e-05
0.262916666667,4.15441000613e-05,0.999958349404,1.06496030439e-07,4.21714542786e-05,0.999955602251,2.22629498547e-06,4.59059891437e-05,0.999938240807,1.58532038678e-05,6.26513441686e-05,0.999843232577,9.41160783647e-05
0.263333333333,4.1182284481e-05,0.999958713397,1.04319004102e-07,4.1796699017e-05,0.999956023125,2.18017552012e-06,4.54495816547e-05,0.999939050755,1.54996635017e-05,6.17372697007e-05,0.999846845878,9.1416851983e-05
0.26375,4.08255347564e-05,0.999959072269,1.02196563656e-07,4.14273375326e-05,0.999956437432,2.13523053805e-06,4.50007858016e-05,0.999939843282,1.51559318788e-05,6.08469400642e-05,0.999850335692,8.8817368246e-05
0.264166666667,4.04737539841e-05,0.999959426119,1.00127085623e-07,4.10632630455e-05,0.999956845312,2.09142447682e-06,4.45594224577e-05,0.999940618896,1.48216818713e-05,5.99794717171e-05,0.999853707454,8.63130740224e-05
0.264583333333,4.01268475976e-05,0.999959775043,9.81090015895e-08,4.07043714576e-05,0.999957246906,2.04872302201e-06,4.41253179401e-05,0.999941378083,1.44965991287e-05,5.91340234583e-05,0.999856966312,8.38996646493e-05
0.265,3.97847232989e-05,0.999960119136,9.61407981004e-08,4.03505612705e-05,0.999957642346,2.00709305787e-06,4.36983038073e-05,0.999942121315,1.41803815044e-05,5.83097939653e-05,0.999860117138,8.15730681357e-05
0.265416666667,3.94472909936e-05,0.999960458488,9.42210121035e-08,4.00017335074e-05,0.999958031764,1.96650262141e-06,4.32782166656e-05,0.999942849045,1.38727385143e-05,5.75060194981e-05,0.99986316455,7.9329430511e-05
0.265833333333,3.91144627276e-05,0.999960793189,9.23482305071e-08,3.96577916369e-05,0.999958415288,1.92692085366e-06,4.2864897984e-05,0.999943561711,1.35733908173e-05,5.67219717592e-05,0.999866112926,7.71651022268e-05
0.26625,3.87861526253e-05,0.999961123326,9.05210884028e-08,3.93186415004e-05,0.999958793041,1.88831795811e-06,4.24581939171e-05,0.999944259736,1.32820697267e-05,5.59569558952e-05,0.999868966419,7.50766255292e-05
0.266666666667,3.84622768314e-05,0.999961448985,8.87382652914e-08,3.89841912412e-05,0.999959165144,1.85066516001e-06,4.2057955135e-05,0.999944943528,1.29985167444e-05,5.52103086307e-05,0.999871728969,7.3060722719e-05
0.267083333333,3.8142753453e-05,0.999961770248,8.6998487081e-08,3.86543512364e-05,0.999959531714,1.81393466403e-06,4.16640366621e-05,0.99994561348,1.27224831146e-05,5.44813965242e-05,0.999874404318,7.11142852311e-05
0.2675,3.78275025049e-05,0.999962087197,8.53005206469e-08,3.83290340317e-05,0.999959892866,1.77809961788e-06,4.12762977208e-05,0.999946269973,1.24537294055e-05,5.37696143364e-05,0.999876996022,6.92343634746e-05
0.267916666667,3.75164458557e-05,0.999962399911,8.36431738316e-08,3.80081542771e-05,0.999960248712,1.7431340763e-06,4.08946015828e-05,0.999946913373,1.21920251078e-05,5.30743835035e-05,0.999879507459,6.74181573633e-05
0.268333333333,3.72095071764e-05,0.999962708468,8.20252936684e-08,3.76916286665e-05,0.999960599358,1.70901296559e-06,4.05188154269e-05,0.999947544036,1.19371482525e-05,5.23951507069e-05,0.999881941842,6.56630074967e-05
0.26875,3.69066118904e-05,0.999963012942,8.04457663817e-08,3.73793758778e-05,0.999960944912,1.67571204956e-06,4.01488102019e-05,0.999948162305,1.1688885048e-05,5.1731386533e-05,0.999884302227,6.39663869295e-05
0.269166666667,3.66076871246e-05,0.999963313409,7.89035129456e-08,3.70713165162e-05,0.999961285476,1.64320789864e-06,3.9784460496e-05,0.99994876851,1.14470295355e-05,5.10825842163e-05,0.999886591522,6.23258934911e-05
0.269583333333,3.63126616634e-05,0.999963609941,7.73974906387e-08,3.67673730588e-05,0.999961621149,1.61147786015e-06,3.94256444105e-05,0.999949362972,1.12113832581e-05,5.04482584599e-05,0.999888812499,6.07392426172e-05
0.27,3.60214659025e-05,0.999963902607,7.59266891581e-08,3.6467469801e-05,0.99996195203,1.58050002641e-06,3.907224344e-05,0.999949946002,1.09817549493e-05,4.98279443283e-05,0.999890967795,5.92042606475e-05
0.270416666667,3.57340318056e-05,0.999964191478,7.44901323957e-08,3.61715328053e-05,0.999962278214,1.55025321047e-06,3.87241423562e-05,0.999950517897,1.07579602341e-05,4.92211962067e-05,0.999893059925,5.77188785619e-05
0.270833333333,3.54502928617e-05,0.99996447662,7.30868743304e-08,3.58794898512e-05,0.999962599793,1.52071691528e-06,3.83812290971e-05,0.99995107895,1.05398213428e-05,4.86275868231e-05,0.999895091287,5.62811261161e-05
0.27125,3.5170184044e-05,0.9999647581,7.17159998054e-08,3.5591270387e-05,0.999962916858,1.49187131071e-06,3.80433946606e-05,0.999951629438,1.03271668406e-05,4.80467063283e-05,0.999897064167,5.48891263584e-05
0.271666666667,3.48936417698e-05,0.999965035982,7.03766227517e-08,3.53068054829e-05,0.999963229497,1.46369720877e-06,3.77105330021e-05,0.999952169636,1.01198313692e-05,4.74781614297e-05,0.999898980748,5.35410904889e-05
0.272083333333,3.46206038622e-05,0.999965310328,6.90678844117e-08,3.50260277863e-05,0.999963537796,1.43617603876e-06,3.73825409361e-05,0.999952699804,9.91765539937e-06,4.69215745764e-05,0.999900843112,5.22353130445e-05
0.2725,3.43510095126e-05,0.999965581202,6.77889542278e-08,3.4748871478e-05,0.999963841839,1.40928982573e-06,3.7059318042e-05,0.999953220197,9.72048499515e-06,4.63765831908e-05,0.999902653249,5.09701673828e-05
0.272916666667,3.40847992443e-05,0.999965848662,6.6539026955e-08,3.44752722298e-05,0.999964141707,1.38302116715e-06,3.67407665731e-05,0.999953731062,9.52817158928e-06,4.58428389441e-05,0.99990441306,4.97441014445e-05
0.273333333333,3.38219148778e-05,0.999966112768,6.53173225507e-08,3.42051671638e-05,0.99996443748,1.35735321427e-06,3.64267913697e-05,0.999954232637,9.34057176916e-06,4.53200070736e-05,0.999906124359,4.85556337785e-05
0.27375,3.35622994961e-05,0.999966373577,6.41230856191e-08,3.39384948128e-05,0.999964729236,1.33226965149e-06,3.61172997752e-05,0.999954725153,9.15754707109e-06,4.48077657377e-05,0.999907788884,4.74033498059e-05
0.274166666667,3.33058974122e-05,0.999966631147,6.29555844123e-08,3.36751950822e-05,0.99996501705,1.30775467633e-06,3.58122015551e-05,0.999955208835,8.9789637846e-06,4.43058054074e-05,0.999909408296,4.628589831e-05
0.274583333333,3.30526541371e-05,0.999966885532,6.18141082764e-08,3.34152092125e-05,0.999965300998,1.28379298103e-06,3.551140882e-05,0.999955683898,8.80469276632e-06,4.38138282916e-05,0.999910984184,4.52019881374e-05
0.275,3.28025163484e-05,0.999967136786,6.06979702056e-08,3.31584797436e-05,0.999965581151,1.26036973636e-06,3.52148359506e-05,0.999956150555,8.63460926026e-06,4.33315477929e-05,0.999912518067,4.4150385095e-05
0.275416666667,3.25554318607e-05,0.999967384962,5.96065032887e-08,3.29049504803e-05,0.999965857579,1.23747057323e-06,3.4922399526e-05,0.999956609008,8.46859272641e-06,4.28586879946e-05,0.999914011403,4.3129909027e-05
0.275833333333,3.2311349596e-05,0.999967630111,5.8539060932e-08,3.26545664584e-05,0.999966130352,1.21508156725e-06,3.46340182544e-05,0.999957059455,8.30652668071e-06,4.23949831737e-05,0.999915465586,4.21394310697e-05
0.27625,3.20702195555e-05,0.999967872285,5.74950159704e-08,3.24072739118e-05,0.999966399537,1.19318922209e-06,3.43496129067e-05,0.999957502089,8.14829853457e-06,4.19401773417e-05,0.999916881952,4.11778710561e-05
0.276666666667,3.18319927925e-05,0.999968111533,5.64737607789e-08,3.21630202415e-05,0.999966665199,1.171780456e-06,3.40691062526e-05,0.999957937094,7.99379944771e-06,4.14940238079e-05,0.999918261781,4.02441950776e-05
0.277083333333,3.15966213852e-05,0.999968347904,5.547470594e-08,3.19217539844e-05,0.999966927403,1.15084258678e-06,3.37924229984e-05,0.999958364653,7.84292418521e-06,4.10562847674e-05,0.999919606302,3.9337413183e-05
0.2775,3.13640584112e-05,0.999968581444,5.44972790228e-08,3.16834247839e-05,0.999967186212,1.13036331628e-06,3.35194897277e-05,0.999958784939,7.69557098135e-06,4.06267309094e-05,0.999920916692,3.84565772047e-05
0.277916666667,3.11342579223e-05,0.999968812201,5.35409251379e-08,3.1447983361e-05,0.999967441686,1.1103307197e-06,3.32502348443e-05,0.999959198124,7.55164140598e-06,4.02051410464e-05,0.99992219408,3.7600778713e-05
0.278333333333,3.09071749202e-05,0.99996904022,5.26051052718e-08,3.12153814866e-05,0.999967693885,1.09073323074e-06,3.29845885164e-05,0.999959604371,7.4110402426e-06,3.97913017624e-05,0.999923439551,3.67691470806e-05
0.27875,3.06827653325e-05,0.999969265545,5.16892975089e-08,3.09855719542e-05,0.999967942868,1.07155963069e-06,3.27224826239e-05,0.999960003842,7.27367536635e-06,3.93850070785e-05,0.999924654145,3.5960847655e-05
0.279166666667,3.04609859905e-05,0.999969488221,5.07929948101e-08,3.07585085537e-05,0.999968188692,1.05279903639e-06,3.24638507068e-05,0.999960396692,7.1394576282e-06,3.89860581364e-05,0.999925838862,3.51750800344e-05
0.279583333333,3.0241794606e-05,0.99996970829,4.99157040146e-08,3.05341460461e-05,0.999968431413,1.03444088684e-06,3.22086279153e-05,0.999960783071,7.00830074796e-06,3.85942628968e-05,0.999926994661,3.4411076432e-05
0.28,3.00251497504e-05,0.999969925793,4.90569480593e-08,3.03124401386e-05,0.999968671085,1.01647493622e-06,3.19567509626e-05,0.999961163128,6.88012120531e-06,3.82094358533e-05,0.999928122464,3.36681001376e-05
0.280416666667,2.98110108331e-05,0.999970140773,4.82162620941e-08,3.0093347461e-05,0.999968907761,9.98891239168e-07,3.17081580785e-05,0.999961537004,6.75483814028e-06,3.78313977604e-05,0.999929223158,3.29454440551e-05
0.280833333333,2.95993380814e-05,0.999970353269,4.73931969225e-08,2.98768255418e-05,0.999969141494,9.81680143175e-07,3.14627889646e-05,0.999961904838,6.63237325604e-06,3.7459975375e-05,0.999930297595,3.22424293195e-05
0.28125,2.93900925205e-05,0.99997056332,4.65873128963e-08,2.96628327865e-05,0.999969372335,9.64832277406e-07,3.12205847519e-05,0.999962266765,6.51265072582e-06,3.70950012098e-05,0.999931346595,3.15584039908e-05
0.281666666667,2.91832359545e-05,0.999970770966,4.57981864654e-08,2.9451328455e-05,0.999969600333,9.4833854547e-07,3.09814879586e-05,0.999962622915,6.39559710436e-06,3.67363132996e-05,0.999932370945,3.08927418143e-05
0.282083333333,2.89787309471e-05,0.999970976244,4.50254041828e-08,2.92422726407e-05,0.999969825537,9.32190113656e-07,3.0745442451e-05,0.999962973416,6.28114124057e-06,3.63837549779e-05,0.999933371404,3.02448410457e-05
0.2825,2.87765408038e-05,0.999971179191,4.4268565258e-08,2.90356262498e-05,0.999970047995,9.16378403715e-07,3.05123934037e-05,0.999963318392,6.16921419738e-06,3.60371746648e-05,0.999934348702,2.96141233388e-05
0.282916666667,2.85766295543e-05,0.999971379843,4.35272802246e-08,2.88313509813e-05,0.999970267754,9.00895084865e-07,3.0282287263e-05,0.999963657964,6.05974917212e-06,3.56964256646e-05,0.999935303542,2.90000326885e-05
0.283333333333,2.83789619347e-05,0.999971578237,4.28011689424e-08,2.86294093074e-05,0.999970484859,8.85732064693e-07,3.00550717106e-05,0.999963992247,5.95268141967e-06,3.53613659726e-05,0.9999362366,2.84020344314e-05
0.28375,2.81835033716e-05,0.999971774407,4.20898651488e-08,2.84297644547e-05,0.999970699354,8.70881481818e-07,2.98306956286e-05,0.999964321356,5.8479481827e-06,3.50318580916e-05,0.999937148528,2.78196142949e-05
0.284166666667,2.79902199649e-05,0.999971968387,4.13930104637e-08,2.8232380386e-05,0.999970911284,8.56335698129e-07,2.96091090656e-05,0.999964645402,5.74548861954e-06,3.47077688565e-05,0.999938039954,2.72522774956e-05
0.284583333333,2.77990784729e-05,0.999972160211,4.07102567213e-08,2.80372217822e-05,0.999971120691,8.42087292119e-07,2.93902632046e-05,0.999964964493,5.64524373781e-06,3.43889692665e-05,0.999938911483,2.66995478818e-05
0.285,2.76100462961e-05,0.999972349912,4.00412666357e-08,2.78442540251e-05,0.999971327617,8.28129051222e-07,2.91741103309e-05,0.999965278733,5.54715633083e-06,3.40753343259e-05,0.999939763699,2.61609671202e-05
0.285416666667,2.74230914627e-05,0.999972537523,3.93857104708e-08,2.76534431806e-05,0.999971532103,8.14453966158e-07,2.89606038019e-05,0.999965588225,5.45117091388e-06,3.37667428915e-05,0.999940597163,2.5636093925e-05
0.285833333333,2.7238182614e-05,0.999972723074,3.87432701476e-08,2.74647559823e-05,0.999971734189,8.01055223598e-07,2.87496980175e-05,0.999965893068,5.35723366757e-06,3.34630775265e-05,0.999941412419,2.51245033196e-05
0.28625,2.705528899e-05,0.999972906597,3.81136335825e-08,2.72781598157e-05,0.999971933914,7.87926199619e-07,2.85413483916e-05,0.999966193359,5.26529237921e-06,3.31642243619e-05,0.99994220999,2.46257859398e-05
0.286666666667,2.6874380416e-05,0.999973088123,3.74964993499e-08,2.70936227025e-05,0.999972131317,7.75060453928e-07,2.83355113247e-05,0.999966489192,5.17529638744e-06,3.28700729633e-05,0.99994299038,2.41395473672e-05
0.287083333333,2.66954272887e-05,0.999973267681,3.68915726856e-08,2.69111132857e-05,0.999972326435,7.624517252e-07,2.81321441765e-05,0.999966780659,5.08719652992e-06,3.25805162037e-05,0.999943754076,2.36654075005e-05
0.2875,2.65184005635e-05,0.999973445301,3.62985687063e-08,2.67306008153e-05,0.999972519305,7.5009392464e-07,2.79312052408e-05,0.99996706785,5.00094509315e-06,3.22954501419e-05,0.99994450155,2.32029999486e-05
0.287916666667,2.63432717418e-05,0.999973621011,3.5717207636e-08,2.65520551334e-05,0.999972709964,7.37981129206e-07,2.773265372e-05,0.999967350851,4.91649576384e-06,3.20147739064e-05,0.999945233255,2.2751971461e-05
0.288333333333,2.61700128582e-05,0.99997379484,3.51472198012e-08,2.6375446661e-05,0.999972898446,7.26107579618e-07,2.75364497011e-05,0.999967629747,4.83380357974e-06,3.17383895837e-05,0.999945949629,2.23119813797e-05
0.28875,2.59985964691e-05,0.999973966815,3.45883415243e-08,2.62007463844e-05,0.999973084786,7.14467671137e-07,2.73425541317e-05,0.999967904621,4.7528248881e-06,3.14662021122e-05,0.999946651097,2.18827011212e-05
0.289166666667,2.58289956405e-05,0.999974136964,3.40403164545e-08,2.6027925842e-05,0.999973269018,7.03055953122e-07,2.71509287982e-05,0.999968175554,4.67351729772e-06,3.11981191799e-05,0.999947338067,2.14638136775e-05
0.289583333333,2.56611839368e-05,0.999974305313,3.35028949028e-08,2.58569571116e-05,0.999973451176,6.91867121927e-07,2.69615363026e-05,0.999968442624,4.59583964141e-06,3.09340511268e-05,0.999948010936,2.10550131476e-05
0.29,2.54951354095e-05,0.999974471889,3.29758336193e-08,2.56878127981e-05,0.999973631291,6.80896014904e-07,2.67743400423e-05,0.999968705908,4.51975193372e-06,3.06739108514e-05,0.999948670085,2.06560042841e-05
0.290416666667,2.53308245865e-05,0.999974636717,3.24588959044e-08,2.55204660215e-05,0.999973809396,6.70137609626e-07,2.65893041883e-05,0.99996896548,4.44521533161e-06,3.04176137208e-05,0.999949315884,2.02665020645e-05
0.290833333333,2.51682264617e-05,0.999974799822,3.19518527192e-08,2.5354890405e-05,0.999973985523,6.59587017005e-07,2.64063936662e-05,0.999969221414,4.37219209726e-06,3.01650774848e-05,0.999949948691,1.98862312812e-05
0.29125,2.50073164845e-05,0.999974961229,3.14544791324e-08,2.51910600638e-05,0.9999741597,6.49239478512e-07,2.62255741359e-05,0.99996947378,4.30064556323e-06,2.99162221936e-05,0.999950568852,1.951492615e-05
0.291666666667,2.48480705496e-05,0.999975120963,3.09665564302e-08,2.50289495939e-05,0.99997433196,6.39090361743e-07,2.60468119733e-05,0.999969722648,4.23054009746e-06,2.96709701184e-05,0.9999511767,1.91523299363e-05
0.292083333333,2.46904649878e-05,0.999975279047,3.04878726709e-08,2.48685340611e-05,0.999974502331,6.29135156194e-07,2.58700742516e-05,0.999969968085,4.16184106844e-06,2.94292456759e-05,0.99995177256,1.87981945989e-05
0.2925,2.45344765561e-05,0.999975435505,3.00182200208e-08,2.4709788991e-05,0.999974670842,6.193694706e-07,2.56953287241e-05,0.999970210156,4.09451481531e-06,2.91909753554e-05,0.999952356744,1.84522804486e-05
0.292916666667,2.43800824286e-05,0.99997559036,2.95573976405e-08,2.45526903581e-05,0.999974837521,6.09789028716e-07,2.55225438065e-05,0.999970448928,4.0285286147e-06,2.89560876486e-05,0.999952929557,1.8114355824e-05
0.293333333333,2.42272601872e-05,0.999975743635,2.91052083545e-08,2.43972145762e-05,0.999975002396,6.00389665206e-07,2.53516885606e-05,0.999970684461,3.96385065193e-06,2.8724512983e-05,0.99995349129,1.77841967787e-05
0.29375,2.40759878132e-05,0.999975895351,2.86614613154e-08,2.42433384887e-05,0.999975165494,5.91167324426e-07,2.51827326777e-05,0.999970916817,3.90044999188e-06,2.84961836571e-05,0.99995404223,1.74615867845e-05
0.294166666667,2.39262436786e-05,0.99997604553,2.82259692286e-08,2.40910393589e-05,0.999975326843,5.82118055648e-07,2.50156464635e-05,0.999971146057,3.83829655215e-06,2.82710337786e-05,0.99995458265,1.71463164493e-05
0.294583333333,2.37780065374e-05,0.999976194195,2.77985507946e-08,2.39402948612e-05,0.999975486467,5.73238008506e-07,2.48504008223e-05,0.999971372238,3.77736107371e-06,2.80489992051e-05,0.999955112818,1.68381832405e-05
0.295,2.3631255518e-05,0.999976341365,2.73790284888e-08,2.37910830715e-05,0.999975644393,5.64523434332e-07,2.46869672423e-05,0.999971595418,3.71761509832e-06,2.78300174866e-05,0.999955632991,1.65369912295e-05
0.295416666667,2.34859701148e-05,0.999976487063,2.69672300046e-08,2.36433824589e-05,0.999975800647,5.55970679383e-07,2.45253177818e-05,0.999971815651,3.65903094246e-06,2.76140278107e-05,0.999956143421,1.62425508395e-05
0.295833333333,2.33421301807e-05,0.999976631307,2.65629871432e-08,2.34971718771e-05,0.999975955252,5.47576182619e-07,2.43654250545e-05,0.999972032993,3.60158166957e-06,2.740097095e-05,0.99995664435,1.59546786094e-05
0.29625,2.31997159194e-05,0.999976774118,2.61661357026e-08,2.33524305559e-05,0.999976108233,5.39336474925e-07,2.42072622163e-05,0.999972247497,3.54524107382e-06,2.71907892108e-05,0.999957136014,1.5673196965e-05
0.296666666667,2.30587078781e-05,0.999976915516,2.57765158107e-08,2.32091380933e-05,0.999976259614,5.31248174562e-07,2.40508029524e-05,0.999972459213,3.48998365163e-06,2.69834263845e-05,0.99995761864,1.5397933999e-05
0.297083333333,2.29190869405e-05,0.999977055519,2.5393970926e-08,2.30672744475e-05,0.999976409418,5.23307985723e-07,2.38960214639e-05,0.999972668194,3.43578458317e-06,2.67788277006e-05,0.999958092449,1.51287232643e-05
0.2975,2.27808343192e-05,0.999977194147,2.50183499473e-08,2.29268199293e-05,0.999976557667,5.15512694976e-07,2.37428924561e-05,0.999972874488,3.38261971011e-06,2.6576939781e-05,0.999958557657,1.48654035727e-05
0.297916666667,2.26439315497e-05,0.999977331419,2.46495042155e-08,2.27877551944e-05,0.999976704386,5.07859170495e-07,2.35913911259e-05,0.999973078143,3.33046551626e-06,2.6377710597e-05,0.999959014471,1.46078188014e-05
0.298333333333,2.25083604828e-05,0.999977467352,2.42872889578e-08,2.26500612362e-05,0.999976849594,5.00344357057e-07,2.34414931506e-05,0.999973279208,3.27929910826e-06,2.61810894268e-05,0.999959463093,1.43558177116e-05
0.29875,2.23741032788e-05,0.999977601965,2.39315632866e-08,2.25137193786e-05,0.999976993315,4.92965278265e-07,2.32931746759e-05,0.999973477727,3.22909819483e-06,2.59870268152e-05,0.999959903719,1.4109253769e-05
0.299166666667,2.22411424008e-05,0.999977735275,2.35821896455e-08,2.23787112693e-05,0.99997713557,4.85719029997e-07,2.31464123053e-05,0.999973673747,3.17984107168e-06,2.57954745349e-05,0.99996033654,1.38679849773e-05
0.299583333333,2.21094606088e-05,0.9999778673,2.32390334753e-08,2.22450188727e-05,0.999977276378,4.78602779075e-07,2.30011830893e-05,0.99997386731,3.13150660092e-06,2.56063855486e-05,0.999960761741,1.36318737142e-05
0.3,2.1979040953e-05,0.999977998057,2.2901964547e-08,2.21126244632e-05,0.999977415762,4.71613764819e-07,2.28574645147e-05,0.999974058461,3.08407419702e-06,2.5419713973e-05,0.999961179499,1.34007865749e-05
0.300416666667,2.18498667686e-05,0.999978127562,2.25708547408e-08,2.19815106192e-05,0.99997755374,4.64749292606e-07,2.27152344948e-05,0.999974247242,3.03752380693e-06,2.52354150439e-05,0.999961589991,1.31745942261e-05
0.300833333333,2.17219216698e-05,0.999978255833,2.22455796006e-08,2.18516602163e-05,0.999977690333,4.58006733872e-07,2.25744713591e-05,0.999974433693,2.99183589747e-06,2.50534450824e-05,0.999961993384,1.29531712594e-05
0.30125,2.15951895438e-05,0.999978382884,2.19260172241e-08,2.17230564215e-05,0.99997782556,4.51383525002e-07,2.2435153844e-05,0.999974617855,2.9469914391e-06,2.48737614628e-05,0.999962389842,1.27363960537e-05
0.301666666667,2.14696545458e-05,0.999978508733,2.16120489283e-08,2.15956826871e-05,0.99997795944,4.44877164107e-07,2.22972610834e-05,0.999974799767,2.90297188932e-06,2.46963225811e-05,0.999962779527,1.25241506448e-05
0.302083333333,2.13453010934e-05,0.999978633395,2.13035598051e-08,2.14695227446e-05,0.999978091992,4.38485210696e-07,2.21607725994e-05,0.999974979468,2.85975918102e-06,2.45210878249e-05,0.999963162592,1.23163205982e-05
0.3025,2.12221138613e-05,0.999978756886,2.10004353907e-08,2.13445605994e-05,0.999978223234,4.32205282785e-07,2.20256682936e-05,0.999975156996,2.81733570617e-06,2.4348017544e-05,0.999963539188,1.21127948858e-05
0.302916666667,2.11000777764e-05,0.99997887922,2.07025661059e-08,2.1220780525e-05,0.999978353184,4.26035055678e-07,2.18919284388e-05,0.999975332387,2.7756843054e-06,2.41770730227e-05,0.999963909461,1.19134657691e-05
0.303333333333,2.09791780124e-05,0.999979000412,2.0409843926e-08,2.10981670575e-05,0.999978481861,4.19972260524e-07,2.17595336698e-05,0.999975505678,2.73478825152e-06,2.40082164523e-05,0.999964273555,1.17182286876e-05
0.30375,2.08593999854e-05,0.999979120478,2.01221638241e-08,2.09767049905e-05,0.99997860928,4.14014682759e-07,2.16284649762e-05,0.999975676904,2.69463123981e-06,2.38414109053e-05,0.999964631607,1.15269821509e-05
0.304166666667,2.07407293487e-05,0.999979239431,1.98394235484e-08,2.08563793695e-05,0.99997873546,4.08160160892e-07,2.14987036937e-05,0.999975846099,2.65519737475e-06,2.36766203096e-05,0.999964983752,1.13396276316e-05
0.304583333333,2.06231519884e-05,0.999979357286,1.95615220688e-08,2.07371754875e-05,0.999978860418,4.02406585276e-07,2.13702314969e-05,0.999976013297,2.61647115729e-06,2.35138094243e-05,0.999965330121,1.11560694702e-05
0.305,2.05066540188e-05,0.999979474058,1.92883610195e-08,2.06190788793e-05,0.999978984169,3.9675189456e-07,2.12430303915e-05,0.999976178532,2.57843747631e-06,2.33529438163e-05,0.999965670841,1.09762147738e-05
0.305416666667,2.03912217778e-05,0.999979589758,1.90198460315e-08,2.05020753173e-05,0.999979106731,3.91194077687e-07,2.11170827068e-05,0.999976341836,2.54108159403e-06,2.3193989837e-05,0.999966006037,1.07999733275e-05
0.305833333333,2.02768418227e-05,0.999979704402,1.87558834019e-08,2.03861508064e-05,0.999979228118,3.85731170782e-07,2.09923710891e-05,0.99997650324,2.50438913996e-06,2.30369146006e-05,0.999966335828,1.06272575039e-05
0.30625,2.01635009259e-05,0.999979818003,1.84963808714e-08,2.02712915796e-05,0.999979348347,3.80361255159e-07,2.08688784943e-05,0.999976662775,2.46834609474e-06,2.28816859626e-05,0.999966660332,1.04579821762e-05
0.306666666667,2.00511860707e-05,0.999979930573,1.82412506211e-08,2.01574840932e-05,0.999979467433,3.75082457982e-07,2.07465881814e-05,0.999976820473,2.43293878521e-06,2.27282724993e-05,0.999966979663,1.02920646393e-05
0.307083333333,1.99398844472e-05,0.999980042125,1.79904051656e-08,2.0044715023e-05,0.999979585392,3.69892948382e-07,2.06254837055e-05,0.999976976362,2.39815387304e-06,2.25766434878e-05,0.999967293932,1.01294245261e-05
0.3075,1.98295834487e-05,0.999980152673,1.77437590176e-08,1.99329712591e-05,0.999979702238,3.64790939789e-07,2.05055489118e-05,0.999977130473,2.36397834374e-06,2.24267688867e-05,0.999967603247,9.96998373382e-06
0.307916666667,1.97202706672e-05,0.999980262228,1.75012294656e-08,1.98222399028e-05,0.999979817985,3.59774686598e-07,2.03867679295e-05,0.999977282833,2.33039950026e-06,2.22786193175e-05,0.999967907714,9.81366635044e-06
0.308333333333,1.96119338902e-05,0.999980370803,1.72627349082e-08,1.97125082614e-05,0.999979932649,3.54842483286e-07,2.02691251648e-05,0.99997743347,2.29740495306e-06,2.21321660464e-05,0.999968207435,9.66039858263e-06
0.30875,1.95045610964e-05,0.999980478411,1.70281960754e-08,1.96037638451e-05,0.999980046243,3.49992663073e-07,2.01526052961e-05,0.999977582412,2.26498261136e-06,2.19873809672e-05,0.99996850251,9.51010868833e-06
0.309166666667,1.93981404526e-05,0.999980585062,1.67975359178e-08,1.94959943626e-05,0.999980158782,3.45223598042e-07,2.00371932672e-05,0.999977729686,2.23312067538e-06,2.18442365838e-05,0.999968793037,9.36272691077e-06
0.309583333333,1.929266031e-05,0.999980690769,1.65706779409e-08,1.93891877173e-05,0.999980270279,3.40533697574e-07,1.99228742826e-05,0.999977875318,2.20180762656e-06,2.17027059944e-05,0.999969079109,9.21818541522e-06
0.31,1.91881092005e-05,0.999980795543,1.63475486481e-08,1.92833320037e-05,0.999980380747,3.35921407246e-07,1.98096338011e-05,0.999978019334,2.17103222377e-06,2.15627628755e-05,0.999969360819,9.07641822845e-06
