dimensionless_reaction_q,photon_massweighted_Q,potential_ev
-1.3,-18,10.1304516821
-1.274,-18,9.86450652237
-1.248,-18,9.62004877107
-1.222,-18,9.39600820504
-1.196,-18,9.19133666758
-1.17,-18,9.00500806843
-1.144,-18,8.83601838379
-1.118,-18,8.68338565632
-1.092,-18,8.54614999515
-1.066,-18,8.42337357584
-1.04,-18,8.31414064042
-1.014,-18,8.21755749738
-0.988,-18,8.13275252167
-0.962,-18,8.05887615469
-0.936,-18,7.99510090429
-0.91,-18,7.9406213448
-0.884,-18,7.89465411699
-0.858,-18,7.85643792809
-0.832,-18,7.82523355178
-0.806,-18,7.80032382822
-0.78,-18,7.78101366399
-0.754,-18,7.76663003217
-0.728,-18,7.75652197226
-0.702,-18,7.75006059025
-0.676,-18,7.74663905855
-0.65,-18,7.74567261606
-0.624,-18,7.74659856812
-0.598,-18,7.74887628654
-0.572,-18,7.75198720956
-0.546,-18,7.75543484192
-0.52,-18,7.75874475477
-0.494,-18,7.76146458575
-0.468,-18,7.76316403895
-0.442,-18,7.7634348849
-0.416,-18,7.76189096062
-0.39,-18,7.75816816956
-0.364,-18,7.75192448163
-0.338,-18,7.7428399332
-0.312,-18,7.73061662711
-0.286,-18,7.71497873265
-0.26,-18,7.69567248554
-0.234,-18,7.67246618801
-0.208,-18,7.6451502087
-0.182,-18,7.61353698272
-0.156,-18,7.57746101166
-0.13,-18,7.53677886353
-0.104,-18,7.49136917283
-0.078,-18,7.4411326405
-0.052,-18,7.38599203394
-0.026,-18,7.325892187
0,-18,7.2608
0.026,-18,7.19070443971
0.052,-18,7.11561653937
0.078,-18,7.03556939865
0.104,-18,6.95061818369
0.13,-18,6.86084012711
0.156,-18,6.76633452795
0.182,-18,6.66722275173
0.208,-18,6.56364823042
0.234,-18,6.45577646244
0.26,-18,6.3437950127
0.286,-18,6.22791351251
0.312,-18,6.1083636597
0.338,-18,5.9853992185
0.364,-18,5.85929601964
0.39,-18,5.73035196028
0.416,-18,5.59888700406
0.442,-18,5.46524318106
0.468,-18,5.32978458782
0.494,-18,5.19289738734
0.52,-18,5.05498980907
0.546,-18,4.91649214894
0.572,-18,4.7778567693
0.598,-18,4.63955809899
0.624,-18,4.50209263329
0.65,-18,4.36597893394
0.676,-18,4.23175762914
0.702,-18,4.09999141356
0.728,-18,3.97126504829
0.754,-18,3.84618536091
0.78,-18,3.72538124545
0.806,-18,3.60950366239
0.832,-18,3.49922563867
0.858,-18,3.39524226769
0.884,-18,3.29827070931
0.91,-18,3.20905018984
0.936,-18,3.12834200204
0.962,-18,3.05692950515
0.988,-18,2.99561812485
1.014,-18,2.94523535327
1.04,-18,2.90663074902
1.066,-18,2.88067593716
1.092,-18,2.86826460919
1.118,-18,2.87031252308
1.144,-18,2.88775750326
1.17,-18,2.92155944061
1.196,-18,2.97270029248
1.222,-18,3.04218408266
1.248,-18,3.1310369014
1.274,-18,3.24030690542
1.3,-18,3.37106431788
-1.3,-17.7,9.90062145408
-1.274,-17.7,9.6358028589
-1.248,-17.7,9.39247167215
-1.222,-17.7,9.16955767069
-1.196,-17.7,8.96601269779
-1.17,-17.7,8.7808106632
-1.144,-17.7,8.61294754312
-1.118,-17.7,8.46144138021
-1.092,-17.7,8.3253322836
-1.066,-17.7,8.20368242885
-1.04,-17.7,8.09557605799
-1.014,-17.7,8.00011947951
-0.988,-17.7,7.91644106836
-0.962,-17.7,7.84369126594
-0.936,-17.7,7.78104258011
-0.91,-17.7,7.72768958518
-0.884,-17.7,7.68284892193
-0.858,-17.7,7.64575929759
-0.832,-17.7,7.61568148584
-0.806,-17.7,7.59189832683
-0.78,-17.7,7.57371472717
-0.754,-17.7,7.56045765991
-0.728,-17.7,7.55147616456
-0.702,-17.7,7.54614134711
-0.676,-17.7,7.54384637997
-0.65,-17.7,7.54400650204
-0.624,-17.7,7.54605901867
-0.598,-17.7,7.54946330164
-0.572,-17.7,7.55370078923
-0.546,-17.7,7.55827498614
-0.52,-17.7,7.56271146355
-0.494,-17.7,7.5665578591
-0.468,-17.7,7.56938387685
-0.442,-17.7,7.57078128737
-0.416,-17.7,7.57036392765
-0.39,-17.7,7.56776770115
-0.364,-17.7,7.56265057778
-0.338,-17.7,7.55469259391
-0.312,-17.7,7.54359585238
-0.286,-17.7,7.52908452248
-0.26,-17.7,7.51090483994
-0.234,-17.7,7.48882510696
-0.208,-17.7,7.46263569221
-0.182,-17.7,7.4321490308
-0.156,-17.7,7.39719962429
-0.13,-17.7,7.35764404073
-0.104,-17.7,7.31336091459
-0.078,-17.7,7.26425094682
-0.052,-17.7,7.21023690481
-0.026,-17.7,7.15126362244
0,-17.7,7.087298
0.026,-17.7,7.01832900427
0.052,-17.7,6.94436766849
0.078,-17.7,6.86544709233
0.104,-17.7,6.78162244194
0.13,-17.7,6.69297094991
0.156,-17.7,6.59959191531
0.182,-17.7,6.50160670365
0.208,-17.7,6.3991587469
0.234,-17.7,6.29241354349
0.26,-17.7,6.1815586583
0.286,-17.7,6.06680372268
0.312,-17.7,5.94838043442
0.338,-17.7,5.82654255779
0.364,-17.7,5.70156592349
0.39,-17.7,5.57374842869
0.416,-17.7,5.44341003703
0.442,-17.7,5.31089277859
0.468,-17.7,5.17656074991
0.494,-17.7,5.04080011399
0.52,-17.7,4.90401910029
0.546,-17.7,4.76664800471
0.572,-17.7,4.62913918963
0.598,-17.7,4.49196708388
0.624,-17.7,4.35562818274
0.65,-17.7,4.22064104796
0.676,-17.7,4.08754630772
0.702,-17.7,3.9569066567
0.728,-17.7,3.82930685599
0.754,-17.7,3.70535373317
0.78,-17.7,3.58567618227
0.806,-17.7,3.47092516377
0.832,-17.7,3.36177370461
0.858,-17.7,3.2589168982
0.884,-17.7,3.16307190437
0.91,-17.7,3.07497794946
0.936,-17.7,2.99539632623
0.962,-17.7,2.9251103939
0.988,-17.7,2.86492557815
1.014,-17.7,2.81566937114
1.04,-17.7,2.77819133145
1.066,-17.7,2.75336308415
1.092,-17.7,2.74207832074
1.118,-17.7,2.74525279919
1.144,-17.7,2.76382434393
1.17,-17.7,2.79875284584
1.196,-17.7,2.85102026227
1.222,-17.7,2.92163061701
1.248,-17.7,3.01161000031
1.274,-17.7,3.12200656889
1.3,-17.7,3.25389054592
-1.3,-17.4,9.67370722605
-1.274,-17.4,9.41001519542
-1.248,-17.4,9.16781057324
-1.222,-17.4,8.94602313633
-1.196,-17.4,8.74360472799
-1.17,-17.4,8.55952925796
-1.144,-17.4,8.39279270245
-1.118,-17.4,8.2424131041
-1.092,-17.4,8.10743057205
-1.066,-17.4,7.98690728186
-1.04,-17.4,7.87992747556
-1.014,-17.4,7.78559746164
-0.988,-17.4,7.70304561505
-0.962,-17.4,7.63142237719
-0.936,-17.4,7.56990025592
-0.91,-17.4,7.51767382555
-0.884,-17.4,7.47395972686
-0.858,-17.4,7.43799666708
-0.832,-17.4,7.4090454199
-0.806,-17.4,7.38638882545
-0.78,-17.4,7.36933179035
-0.754,-17.4,7.35720128765
-0.728,-17.4,7.34934635686
-0.702,-17.4,7.34513810397
-0.676,-17.4,7.34396970139
-0.65,-17.4,7.34525638802
-0.624,-17.4,7.34843546921
-0.598,-17.4,7.35296631674
-0.572,-17.4,7.35833036889
-0.546,-17.4,7.36403113037
-0.52,-17.4,7.36959417234
-0.494,-17.4,7.37456713244
-0.468,-17.4,7.37851971476
-0.442,-17.4,7.38104368984
-0.416,-17.4,7.38175289468
-0.39,-17.4,7.38028323273
-0.364,-17.4,7.37629267393
-0.338,-17.4,7.36946125462
-0.312,-17.4,7.35949107766
-0.286,-17.4,7.34610631231
-0.26,-17.4,7.32905319433
-0.234,-17.4,7.30810002592
-0.208,-17.4,7.28303717572
-0.182,-17.4,7.25367707887
-0.156,-17.4,7.21985423693
-0.13,-17.4,7.18142521792
-0.104,-17.4,7.13826865635
-0.078,-17.4,7.09028525314
-0.052,-17.4,7.03739777569
-0.026,-17.4,6.97955105788
0,-17.4,6.916712
0.026,-17.4,6.84886956883
0.052,-17.4,6.77603479761
0.078,-17.4,6.69824078601
0.104,-17.4,6.61554270018
0.13,-17.4,6.52801777272
0.156,-17.4,6.43576530268
0.182,-17.4,6.33890665558
0.208,-17.4,6.23758526339
0.234,-17.4,6.13196662454
0.26,-17.4,6.02223830391
0.286,-17.4,5.90860993285
0.312,-17.4,5.79131320915
0.338,-17.4,5.67060189708
0.364,-17.4,5.54675182734
0.39,-17.4,5.42006089711
0.416,-17.4,5.29084907001
0.442,-17.4,5.15945837613
0.468,-17.4,5.02625291201
0.494,-17.4,4.89161884064
0.52,-17.4,4.7559643915
0.546,-17.4,4.61971986048
0.572,-17.4,4.48333760997
0.598,-17.4,4.34729206878
0.624,-17.4,4.2120797322
0.65,-17.4,4.07821916198
0.676,-17.4,3.9462509863
0.702,-17.4,3.81673789983
0.728,-17.4,3.69026466369
0.754,-17.4,3.56743810543
0.78,-17.4,3.44888711909
0.806,-17.4,3.33526266515
0.832,-17.4,3.22723777055
0.858,-17.4,3.1255075287
0.884,-17.4,3.03078909944
0.91,-17.4,2.94382170909
0.936,-17.4,2.86536665041
0.962,-17.4,2.79620728264
0.988,-17.4,2.73714903146
1.014,-17.4,2.68901938901
1.04,-17.4,2.65266791388
1.066,-17.4,2.62896623114
1.092,-17.4,2.61880803229
1.118,-17.4,2.6231090753
1.144,-17.4,2.6428071846
1.17,-17.4,2.67886225108
1.196,-17.4,2.73225623206
1.222,-17.4,2.80399315136
1.248,-17.4,2.89509909923
1.274,-17.4,3.00662223237
1.3,-17.4,3.13963277395
-1.3,-17.1,9.44970899801
-1.274,-17.1,9.18714353195
-1.248,-17.1,8.94606547433
-1.222,-17.1,8.72540460198
-1.196,-17.1,8.5241127582
-1.17,-17.1,8.34116385273
-1.144,-17.1,8.17555386178
-1.118,-17.1,8.02630082799
-1.092,-17.1,7.8924448605
-1.066,-17.1,7.77304813487
-1.04,-17.1,7.66719489313
-1.014,-17.1,7.57399144378
-0.988,-17.1,7.49256616175
-0.962,-17.1,7.42206948845
-0.936,-17.1,7.36167393174
-0.91,-17.1,7.31057406593
-0.884,-17.1,7.2679865318
-0.858,-17.1,7.23315003658
-0.832,-17.1,7.20532535395
-0.806,-17.1,7.18379532407
-0.78,-17.1,7.16786485353
-0.754,-17.1,7.15686091539
-0.728,-17.1,7.15013254916
-0.702,-17.1,7.14705086083
-0.676,-17.1,7.14700902281
-0.65,-17.1,7.14942227401
-0.624,-17.1,7.15372791975
-0.598,-17.1,7.15938533185
-0.572,-17.1,7.16587594856
-0.546,-17.1,7.17270327459
-0.52,-17.1,7.17939288113
-0.494,-17.1,7.18549240579
-0.468,-17.1,7.19057155267
-0.442,-17.1,7.19422209231
-0.416,-17.1,7.19605786171
-0.39,-17.1,7.19571476432
-0.364,-17.1,7.19285077008
-0.338,-17.1,7.18714591533
-0.312,-17.1,7.17830230293
-0.286,-17.1,7.16604410214
-0.26,-17.1,7.15011754872
-0.234,-17.1,7.13029094487
-0.208,-17.1,7.10635465924
-0.182,-17.1,7.07812112695
-0.156,-17.1,7.04542484956
-0.13,-17.1,7.00812239512
-0.104,-17.1,6.9660923981
-0.078,-17.1,6.91923555945
-0.052,-17.1,6.86747464657
-0.026,-17.1,6.81075449332
0,-17.1,6.749042
0.026,-17.1,6.6823261334
0.052,-17.1,6.61061792673
0.078,-17.1,6.53395047969
0.104,-17.1,6.45237895842
0.13,-17.1,6.36598059552
0.156,-17.1,6.27485469004
0.182,-17.1,6.1791226075
0.208,-17.1,6.07892777987
0.234,-17.1,5.97443570558
0.26,-17.1,5.86583394952
0.286,-17.1,5.75333214302
0.312,-17.1,5.63716198388
0.338,-17.1,5.51757723637
0.364,-17.1,5.39485373119
0.39,-17.1,5.26928936552
0.416,-17.1,5.14120410298
0.442,-17.1,5.01093997366
0.468,-17.1,4.8788610741
0.494,-17.1,4.7453535673
0.52,-17.1,4.61082568271
0.546,-17.1,4.47570771626
0.572,-17.1,4.3404520303
0.598,-17.1,4.20553305368
0.624,-17.1,4.07144728166
0.65,-17.1,3.93871327599
0.676,-17.1,3.80787166488
0.702,-17.1,3.67948514297
0.728,-17.1,3.55413847139
0.754,-17.1,3.43243847769
0.78,-17.1,3.31501405591
0.806,-17.1,3.20251616653
0.832,-17.1,3.0956178365
0.858,-17.1,2.9950141592
0.884,-17.1,2.9014222945
0.91,-17.1,2.81558146871
0.936,-17.1,2.7382529746
0.962,-17.1,2.67022017139
0.988,-17.1,2.61228848477
1.014,-17.1,2.56528540687
1.04,-17.1,2.53006049631
1.066,-17.1,2.50748537813
1.092,-17.1,2.49845374384
1.118,-17.1,2.50388135141
1.144,-17.1,2.52470602527
1.17,-17.1,2.56188765631
1.196,-17.1,2.61640820186
1.222,-17.1,2.68927168571
1.248,-17.1,2.78150419814
1.274,-17.1,2.89415389584
1.3,-17.1,3.02829100199
-1.3,-16.8,9.22862676998
-1.274,-16.8,8.96718786847
-1.248,-16.8,8.72723637541
-1.222,-16.8,8.50770206763
-1.196,-16.8,8.30753678841
-1.17,-16.8,8.1257144475
-1.144,-16.8,7.96123102111
-1.118,-16.8,7.81310455188
-1.092,-16.8,7.68037514895
-1.066,-16.8,7.56210498788
-1.04,-16.8,7.4573783107
-1.014,-16.8,7.36530142591
-0.988,-16.8,7.28500270844
-0.962,-16.8,7.2156325997
-0.936,-16.8,7.15636360755
-0.91,-16.8,7.1063903063
-0.884,-16.8,7.06492933674
-0.858,-16.8,7.03121940608
-0.832,-16.8,7.00452128801
-0.806,-16.8,6.98411782269
-0.78,-16.8,6.96931391671
-0.754,-16.8,6.95943654313
-0.728,-16.8,6.95383474146
-0.702,-16.8,6.95187961769
-0.676,-16.8,6.95296434424
-0.65,-16.8,6.95650415999
-0.624,-16.8,6.96193637029
-0.598,-16.8,6.96872034695
-0.572,-16.8,6.97633752822
-0.546,-16.8,6.98429141882
-0.52,-16.8,6.99210758991
-0.494,-16.8,6.99933367914
-0.468,-16.8,7.00553939058
-0.442,-16.8,7.01031649477
-0.416,-16.8,7.01327882873
-0.39,-16.8,7.01406229591
-0.364,-16.8,7.01232486623
-0.338,-16.8,7.00774657604
-0.312,-16.8,7.0000295282
-0.286,-16.8,6.98889789197
-0.26,-16.8,6.97409790312
-0.234,-16.8,6.95539786382
-0.208,-16.8,6.93258814275
-0.182,-16.8,6.90548117502
-0.156,-16.8,6.8739114622
-0.13,-16.8,6.83773557232
-0.104,-16.8,6.79683213986
-0.078,-16.8,6.75110186577
-0.052,-16.8,6.70046751745
-0.026,-16.8,6.64487392876
0,-16.8,6.584288
0.026,-16.8,6.51869869796
0.052,-16.8,6.44811705585
0.078,-16.8,6.37257617337
0.104,-16.8,6.29213121666
0.13,-16.8,6.20685941832
0.156,-16.8,6.11686007741
0.182,-16.8,6.02225455943
0.208,-16.8,5.92318629636
0.234,-16.8,5.81982078663
0.26,-16.8,5.71234559512
0.286,-16.8,5.60097035318
0.312,-16.8,5.48592675861
0.338,-16.8,5.36746857566
0.364,-16.8,5.24587163504
0.39,-16.8,5.12143383393
0.416,-16.8,4.99447513595
0.442,-16.8,4.86533757119
0.468,-16.8,4.73438523619
0.494,-16.8,4.60200429395
0.52,-16.8,4.46860297393
0.546,-16.8,4.33461157203
0.572,-16.8,4.20048245064
0.598,-16.8,4.06669003857
0.624,-16.8,3.93373083111
0.65,-16.8,3.80212339001
0.676,-16.8,3.67240834346
0.702,-16.8,3.54514838611
0.728,-16.8,3.42092827909
0.754,-16.8,3.30035484995
0.78,-16.8,3.18405699273
0.806,-16.8,3.07268566792
0.832,-16.8,2.96691390244
0.858,-16.8,2.8674367897
0.884,-16.8,2.77497148957
0.91,-16.8,2.69025722834
0.936,-16.8,2.61405529878
0.962,-16.8,2.54714906013
0.988,-16.8,2.49034393807
1.014,-16.8,2.44446742474
1.04,-16.8,2.41036907874
1.066,-16.8,2.38892052511
1.092,-16.8,2.38101545539
1.118,-16.8,2.38756962752
1.144,-16.8,2.40952086594
1.17,-16.8,2.44782906154
1.196,-16.8,2.50347617165
1.222,-16.8,2.57746622007
1.248,-16.8,2.67082529705
1.274,-16.8,2.78460155931
1.3,-16.8,2.91986523002
-1.3,-16.5,9.01046054194
-1.274,-16.5,8.750148205
-1.248,-16.5,8.5113232765
-1.222,-16.5,8.29291553327
-1.196,-16.5,8.09387681862
-1.17,-16.5,7.91318104227
-1.144,-16.5,7.74982418043
-1.118,-16.5,7.60282427577
-1.092,-16.5,7.4712214374
-1.066,-16.5,7.35407784089
-1.04,-16.5,7.25047772827
-1.014,-16.5,7.15952740804
-0.988,-16.5,7.08035525513
-0.962,-16.5,7.01211171096
-0.936,-16.5,6.95396928337
-0.91,-16.5,6.90512254668
-0.884,-16.5,6.86478814167
-0.858,-16.5,6.83220477557
-0.832,-16.5,6.80663322207
-0.806,-16.5,6.78735632131
-0.78,-16.5,6.77367897989
-0.754,-16.5,6.76492817087
-0.728,-16.5,6.76045293376
-0.702,-16.5,6.75962437455
-0.676,-16.5,6.76183566566
-0.65,-16.5,6.76650204597
-0.624,-16.5,6.77306082084
-0.598,-16.5,6.78097136206
-0.572,-16.5,6.78971510789
-0.546,-16.5,6.79879556304
-0.52,-16.5,6.8077382987
-0.494,-16.5,6.81609095248
-0.468,-16.5,6.82342322848
-0.442,-16.5,6.82932689724
-0.416,-16.5,6.83341579576
-0.39,-16.5,6.8353258275
-0.364,-16.5,6.83471496238
-0.338,-16.5,6.83126323676
-0.312,-16.5,6.82467275347
-0.286,-16.5,6.81466768181
-0.26,-16.5,6.80099425751
-0.234,-16.5,6.78342078278
-0.208,-16.5,6.76173762627
-0.182,-16.5,6.7357572231
-0.156,-16.5,6.70531407484
-0.13,-16.5,6.67026474951
-0.104,-16.5,6.63048788162
-0.078,-16.5,6.58588417209
-0.052,-16.5,6.53637638833
-0.026,-16.5,6.48190936419
0,-16.5,6.42245
0.026,-16.5,6.35798726252
0.052,-16.5,6.28853218497
0.078,-16.5,6.21411786706
0.104,-16.5,6.13479947491
0.13,-16.5,6.05065424113
0.156,-16.5,5.96178146477
0.182,-16.5,5.86830251135
0.208,-16.5,5.77036081285
0.234,-16.5,5.66812186768
0.26,-16.5,5.56177324073
0.286,-16.5,5.45152456335
0.312,-16.5,5.33760753334
0.338,-16.5,5.22027591495
0.364,-16.5,5.09980553889
0.39,-16.5,4.97649430234
0.416,-16.5,4.85066216892
0.442,-16.5,4.72265116872
0.468,-16.5,4.59282539828
0.494,-16.5,4.46157102061
0.52,-16.5,4.32929626514
0.546,-16.5,4.19643142781
0.572,-16.5,4.06342887098
0.598,-16.5,3.93076302347
0.624,-16.5,3.79893038057
0.65,-16.5,3.66844950403
0.676,-16.5,3.53986102204
0.702,-16.5,3.41372762925
0.728,-16.5,3.29063408679
0.754,-16.5,3.17118722221
0.78,-16.5,3.05601592955
0.806,-16.5,2.9457711693
0.832,-16.5,2.84112596838
0.858,-16.5,2.74277542021
0.884,-16.5,2.65143668463
0.91,-16.5,2.56784898796
0.936,-16.5,2.49277362297
0.962,-16.5,2.42699394888
0.988,-16.5,2.37131539138
1.014,-16.5,2.32656544261
1.04,-16.5,2.29359366117
1.066,-16.5,2.2732716721
1.092,-16.5,2.26649316694
1.118,-16.5,2.27417390363
1.144,-16.5,2.29725170661
1.17,-16.5,2.33668646677
1.196,-16.5,2.39346014144
1.222,-16.5,2.46857675442
1.248,-16.5,2.56306239597
1.274,-16.5,2.67796522279
1.3,-16.5,2.81435545806
-1.3,-16.2,8.79521031391
-1.274,-16.2,8.53602454152
-1.248,-16.2,8.29832617758
-1.222,-16.2,8.08104499892
-1.196,-16.2,7.88313284882
-1.17,-16.2,7.70356363704
-1.144,-16.2,7.54133333976
-1.118,-16.2,7.39545999966
-1.092,-16.2,7.26498372585
-1.066,-16.2,7.1489666939
-1.04,-16.2,7.04649314585
-1.014,-16.2,6.95666939017
-0.988,-16.2,6.87862380183
-0.962,-16.2,6.81150682221
-0.936,-16.2,6.75449095918
-0.91,-16.2,6.70677078706
-0.884,-16.2,6.66756294661
-0.858,-16.2,6.63610614507
-0.832,-16.2,6.61166115613
-0.806,-16.2,6.59351081992
-0.78,-16.2,6.58096004306
-0.754,-16.2,6.57333579861
-0.728,-16.2,6.56998712606
-0.702,-16.2,6.57028513141
-0.676,-16.2,6.57362298708
-0.65,-16.2,6.57941593195
-0.624,-16.2,6.58710127138
-0.598,-16.2,6.59613837716
-0.572,-16.2,6.60600868755
-0.546,-16.2,6.61621570727
-0.52,-16.2,6.62628500748
-0.494,-16.2,6.63576422583
-0.468,-16.2,6.64422306639
-0.442,-16.2,6.65125329971
-0.416,-16.2,6.65646876279
-0.39,-16.2,6.65950535909
-0.364,-16.2,6.66002105853
-0.338,-16.2,6.65769589747
-0.312,-16.2,6.65223197874
-0.286,-16.2,6.64335347164
-0.26,-16.2,6.6308066119
-0.234,-16.2,6.61435970173
-0.208,-16.2,6.59380310978
-0.182,-16.2,6.56894927117
-0.156,-16.2,6.53963268747
-0.13,-16.2,6.50570992671
-0.104,-16.2,6.46705962337
-0.078,-16.2,6.42358247841
-0.052,-16.2,6.37520125921
-0.026,-16.2,6.32186079963
0,-16.2,6.263528
0.026,-16.2,6.20019182708
0.052,-16.2,6.1318633141
0.078,-16.2,6.05857556074
0.104,-16.2,5.98038373315
0.13,-16.2,5.89736506393
0.156,-16.2,5.80961885213
0.182,-16.2,5.71726646328
0.208,-16.2,5.62045132933
0.234,-16.2,5.51933894872
0.26,-16.2,5.41411688634
0.286,-16.2,5.30499477352
0.312,-16.2,5.19220430807
0.338,-16.2,5.07599925423
0.364,-16.2,4.95665544274
0.39,-16.2,4.83447077075
0.416,-16.2,4.70976520189
0.442,-16.2,4.58288076625
0.468,-16.2,4.45418156038
0.494,-16.2,4.32405374726
0.52,-16.2,4.19290555636
0.546,-16.2,4.06116728358
0.572,-16.2,3.92929129131
0.598,-16.2,3.79775200836
0.624,-16.2,3.66704593003
0.65,-16.2,3.53769161805
0.676,-16.2,3.41022970061
0.702,-16.2,3.28522287239
0.728,-16.2,3.16325589449
0.754,-16.2,3.04493559447
0.78,-16.2,2.93089086638
0.806,-16.2,2.82177267068
0.832,-16.2,2.71825403433
0.858,-16.2,2.62103005071
0.884,-16.2,2.53081787969
0.91,-16.2,2.44835674758
0.936,-16.2,2.37440794715
0.962,-16.2,2.30975483763
0.988,-16.2,2.25520284469
1.014,-16.2,2.21157946048
1.04,-16.2,2.17973424359
1.066,-16.2,2.16053881909
1.092,-16.2,2.15488687849
1.118,-16.2,2.16369417974
1.144,-16.2,2.18789854729
1.17,-16.2,2.228459872
1.196,-16.2,2.28636011123
1.222,-16.2,2.36260328877
1.248,-16.2,2.45821549488
1.274,-16.2,2.57424488626
1.3,-16.2,2.71176168609
-1.3,-15.9,8.58287608587
-1.274,-15.9,8.32481687805
-1.248,-15.9,8.08824507867
-1.222,-15.9,7.87209046457
-1.196,-15.9,7.67530487903
-1.17,-15.9,7.49686223181
-1.144,-15.9,7.33575849909
-1.118,-15.9,7.19101172355
-1.092,-15.9,7.0616620143
-1.066,-15.9,6.94677154691
-1.04,-15.9,6.84542456342
-1.014,-15.9,6.75672737231
-0.988,-15.9,6.67980834852
-0.962,-15.9,6.61381793346
-0.936,-15.9,6.55792863499
-0.91,-15.9,6.51133502743
-0.884,-15.9,6.47325375154
-0.858,-15.9,6.44292351457
-0.832,-15.9,6.41960509018
-0.806,-15.9,6.40258131854
-0.78,-15.9,6.39115710624
-0.754,-15.9,6.38465942635
-0.728,-15.9,6.38243731836
-0.702,-15.9,6.38386188827
-0.676,-15.9,6.3883263085
-0.65,-15.9,6.39524581794
-0.624,-15.9,6.40405772192
-0.598,-15.9,6.41422139226
-0.572,-15.9,6.42521826721
-0.546,-15.9,6.43655185149
-0.52,-15.9,6.44774771627
-0.494,-15.9,6.45835349918
-0.468,-15.9,6.4679389043
-0.442,-15.9,6.47609570218
-0.416,-15.9,6.48243772982
-0.39,-15.9,6.48660089068
-0.364,-15.9,6.48824315468
-0.338,-15.9,6.48704455818
-0.312,-15.9,6.48270720401
-0.286,-15.9,6.47495526147
-0.26,-15.9,6.46353496629
-0.234,-15.9,6.44821462068
-0.208,-15.9,6.4287845933
-0.182,-15.9,6.40505731925
-0.156,-15.9,6.37686730011
-0.13,-15.9,6.34407110391
-0.104,-15.9,6.30654736513
-0.078,-15.9,6.26419678473
-0.052,-15.9,6.21694213009
-0.026,-15.9,6.16472823507
0,-15.9,6.107522
0.026,-15.9,6.04531239164
0.052,-15.9,5.97811044322
0.078,-15.9,5.90594925442
0.104,-15.9,5.82888399139
0.13,-15.9,5.74699188673
0.156,-15.9,5.6603722395
0.182,-15.9,5.5691464152
0.208,-15.9,5.47345784582
0.234,-15.9,5.37347202977
0.26,-15.9,5.26937653195
0.286,-15.9,5.16138098369
0.312,-15.9,5.04971708279
0.338,-15.9,4.93463859352
0.364,-15.9,4.81642134659
0.39,-15.9,4.69536323916
0.416,-15.9,4.57178423486
0.442,-15.9,4.44602636379
0.468,-15.9,4.31845372247
0.494,-15.9,4.18945247391
0.52,-15.9,4.05943084757
0.546,-15.9,3.92881913936
0.572,-15.9,3.79806971165
0.598,-15.9,3.66765699326
0.624,-15.9,3.53807747949
0.65,-15.9,3.40984973206
0.676,-15.9,3.28351437919
0.702,-15.9,3.15963411553
0.728,-15.9,3.03879370219
0.754,-15.9,2.92159996673
0.78,-15.9,2.8086818032
0.806,-15.9,2.70069017206
0.832,-15.9,2.59829810027
0.858,-15.9,2.50220068121
0.884,-15.9,2.41311507476
0.91,-15.9,2.33178050721
0.936,-15.9,2.25895827134
0.962,-15.9,2.19543172637
0.988,-15.9,2.14200629799
1.014,-15.9,2.09950947834
1.04,-15.9,2.06879082602
1.066,-15.9,2.05072196608
1.092,-15.9,2.04619659003
1.118,-15.9,2.05613045585
1.144,-15.9,2.08146138796
1.17,-15.9,2.12314927723
1.196,-15.9,2.18217608103
1.222,-15.9,2.25954582313
1.248,-15.9,2.35628459379
1.274,-15.9,2.47344054974
1.3,-15.9,2.61208391413
-1.3,-15.6,8.37345785784
-1.274,-15.6,8.11652521457
-1.248,-15.6,7.88107997976
-1.222,-15.6,7.66605193021
-1.196,-15.6,7.47039290924
-1.17,-15.6,7.29307682657
-1.144,-15.6,7.13309965842
-1.118,-15.6,6.98947944744
-1.092,-15.6,6.86125630275
-1.066,-15.6,6.74749239992
-1.04,-15.6,6.64727198099
-1.014,-15.6,6.55970135444
-0.988,-15.6,6.48390889521
-0.962,-15.6,6.41904504472
-0.936,-15.6,6.36428231081
-0.91,-15.6,6.31881526781
-0.884,-15.6,6.28186055648
-0.858,-15.6,6.25265688406
-0.832,-15.6,6.23046502424
-0.806,-15.6,6.21456781716
-0.78,-15.6,6.20427016942
-0.754,-15.6,6.19889905408
-0.728,-15.6,6.19780351066
-0.702,-15.6,6.20035464513
-0.676,-15.6,6.20594562992
-0.65,-15.6,6.21399170392
-0.624,-15.6,6.22393017247
-0.598,-15.6,6.23522040737
-0.572,-15.6,6.24734384688
-0.546,-15.6,6.25980399572
-0.52,-15.6,6.27212642505
-0.494,-15.6,6.28385877252
-0.468,-15.6,6.2945707422
-0.442,-15.6,6.30385410465
-0.416,-15.6,6.31132269685
-0.39,-15.6,6.31661242227
-0.364,-15.6,6.31938125083
-0.338,-15.6,6.31930921889
-0.312,-15.6,6.31609842928
-0.286,-15.6,6.3094730513
-0.26,-15.6,6.29917932069
-0.234,-15.6,6.28498553964
-0.208,-15.6,6.26668207681
-0.182,-15.6,6.24408136732
-0.156,-15.6,6.21701791274
-0.13,-15.6,6.1853482811
-0.104,-15.6,6.14895110689
-0.078,-15.6,6.10772709104
-0.052,-15.6,6.06159900096
-0.026,-15.6,6.01051167051
0,-15.6,5.954432
0.026,-15.6,5.8933489562
0.052,-15.6,5.82727357234
0.078,-15.6,5.7562389481
0.104,-15.6,5.68030024964
0.13,-15.6,5.59953470954
0.156,-15.6,5.51404162686
0.182,-15.6,5.42394236713
0.208,-15.6,5.3293803623
0.234,-15.6,5.23052111082
0.26,-15.6,5.12755217755
0.286,-15.6,5.02068319386
0.312,-15.6,4.91014585752
0.338,-15.6,4.79619393281
0.364,-15.6,4.67910325044
0.39,-15.6,4.55917170757
0.416,-15.6,4.43671926783
0.442,-15.6,4.31208796132
0.468,-15.6,4.18564188456
0.494,-15.6,4.05776720057
0.52,-15.6,3.92887213879
0.546,-15.6,3.79938699513
0.572,-15.6,3.66976413198
0.598,-15.6,3.54047797816
0.624,-15.6,3.41202502894
0.65,-15.6,3.28492384608
0.676,-15.6,3.15971505777
0.702,-15.6,3.03696135867
0.728,-15.6,2.91724750989
0.754,-15.6,2.80118033899
0.78,-15.6,2.68938874002
0.806,-15.6,2.58252367344
0.832,-15.6,2.48125816621
0.858,-15.6,2.38628731172
0.884,-15.6,2.29832826982
0.91,-15.6,2.21812026683
0.936,-15.6,2.14642459552
0.962,-15.6,2.08402461512
0.988,-15.6,2.0317257513
1.014,-15.6,1.99035549621
1.04,-15.6,1.96076340845
1.066,-15.6,1.94382111307
1.092,-15.6,1.94042230158
1.118,-15.6,1.95148273196
1.144,-15.6,1.97794022863
1.17,-15.6,2.02075468247
1.196,-15.6,2.08090805082
1.222,-15.6,2.15940435748
1.248,-15.6,2.25726969271
1.274,-15.6,2.37555221321
1.3,-15.6,2.51532214216
-1.3,-15.3,8.1669556298
-1.274,-15.3,7.9111495511
-1.248,-15.3,7.67683088084
-1.222,-15.3,7.46292939586
-1.196,-15.3,7.26839693945
-1.17,-15.3,7.09220742134
-1.144,-15.3,6.93335681775
-1.118,-15.3,6.79086317133
-1.092,-15.3,6.6637665912
-1.066,-15.3,6.55112925293
-1.04,-15.3,6.45203539856
-1.014,-15.3,6.36559133657
-0.988,-15.3,6.29092544191
-0.962,-15.3,6.22718815597
-0.936,-15.3,6.17355198662
-0.91,-15.3,6.12921150818
-0.884,-15.3,6.09338336142
-0.858,-15.3,6.06530625356
-0.832,-15.3,6.0442409583
-0.806,-15.3,6.02947031578
-0.78,-15.3,6.0202992326
-0.754,-15.3,6.01605468182
-0.728,-15.3,6.01608570296
-0.702,-15.3,6.01976340199
-0.676,-15.3,6.02648095134
-0.65,-15.3,6.0356535899
-0.624,-15.3,6.04671862301
-0.598,-15.3,6.05913542247
-0.572,-15.3,6.07238542654
-0.546,-15.3,6.08597213994
-0.52,-15.3,6.09942113384
-0.494,-15.3,6.11228004587
-0.468,-15.3,6.12411858011
-0.442,-15.3,6.13452850711
-0.416,-15.3,6.14312366388
-0.39,-15.3,6.14953995386
-0.364,-15.3,6.15343534698
-0.338,-15.3,6.1544898796
-0.312,-15.3,6.15240565456
-0.286,-15.3,6.14690684114
-0.26,-15.3,6.13773967508
-0.234,-15.3,6.12467245859
-0.208,-15.3,6.10749556032
-0.182,-15.3,6.0860214154
-0.156,-15.3,6.06008452538
-0.13,-15.3,6.0295414583
-0.104,-15.3,5.99427084865
-0.078,-15.3,5.95417339736
-0.052,-15.3,5.90917187184
-0.026,-15.3,5.85921110595
0,-15.3,5.804258
0.026,-15.3,5.74430152076
0.052,-15.3,5.67935270146
0.078,-15.3,5.60944464178
0.104,-15.3,5.53463250788
0.13,-15.3,5.45499353234
0.156,-15.3,5.37062701423
0.182,-15.3,5.28165431905
0.208,-15.3,5.18821887879
0.234,-15.3,5.09048619186
0.26,-15.3,4.98864382316
0.286,-15.3,4.88290140402
0.312,-15.3,4.77349063225
0.338,-15.3,4.6606652721
0.364,-15.3,4.54470115429
0.39,-15.3,4.42589617598
0.416,-15.3,4.30457030081
0.442,-15.3,4.18106555885
0.468,-15.3,4.05574604665
0.494,-15.3,3.92899792722
0.52,-15.3,3.80122943
0.546,-15.3,3.67287085091
0.572,-15.3,3.54437455232
0.598,-15.3,3.41621496305
0.624,-15.3,3.2888885784
0.65,-15.3,3.1629139601
0.676,-15.3,3.03883173635
0.702,-15.3,2.91720460181
0.728,-15.3,2.79861731759
0.754,-15.3,2.68367671125
0.78,-15.3,2.57301167684
0.806,-15.3,2.46727317482
0.832,-15.3,2.36713423215
0.858,-15.3,2.27328994222
0.884,-15.3,2.18645746489
0.91,-15.3,2.10737602646
0.936,-15.3,2.03680691971
0.962,-15.3,1.97553350386
0.988,-15.3,1.92436120461
1.014,-15.3,1.88411751408
1.04,-15.3,1.85565199088
1.066,-15.3,1.83983626006
1.092,-15.3,1.83756401313
1.118,-15.3,1.84975100807
1.144,-15.3,1.8773350693
1.17,-15.3,1.9212760877
1.196,-15.3,1.98255602061
1.222,-15.3,2.06217889183
1.248,-15.3,2.16117079162
1.274,-15.3,2.28057987669
1.3,-15.3,2.4214763702
-1.3,-15,7.96336940177
-1.274,-15,7.70868988762
-1.248,-15,7.47549778193
-1.222,-15,7.26272286151
-1.196,-15,7.06931696965
-1.17,-15,6.89425401611
-1.144,-15,6.73652997708
-1.118,-15,6.59516289522
-1.092,-15,6.46919287965
-1.066,-15,6.35768210595
-1.04,-15,6.25971481613
-1.014,-15,6.1743973187
-0.988,-15,6.1008579886
-0.962,-15,6.03824726722
-0.936,-15,5.98573766244
-0.91,-15,5.94252374856
-0.884,-15,5.90782216635
-0.858,-15,5.88087162306
-0.832,-15,5.86093289236
-0.806,-15,5.8472888144
-0.78,-15,5.83924429578
-0.754,-15,5.83612630956
-0.728,-15,5.83728389526
-0.702,-15,5.84208815885
-0.676,-15,5.84993227277
-0.65,-15,5.86023147588
-0.624,-15,5.87242307355
-0.598,-15,5.88596643757
-0.572,-15,5.90034300621
-0.546,-15,5.91505628417
-0.52,-15,5.92963184263
-0.494,-15,5.94361731921
-0.468,-15,5.95658241802
-0.442,-15,5.96811890958
-0.416,-15,5.97784063091
-0.39,-15,5.98538348545
-0.364,-15,5.99040544313
-0.338,-15,5.99258654031
-0.312,-15,5.99162887983
-0.286,-15,5.98725663097
-0.26,-15,5.97921602947
-0.234,-15,5.96727537754
-0.208,-15,5.95122504384
-0.182,-15,5.93087746347
-0.156,-15,5.90606713801
-0.13,-15,5.8766506355
-0.104,-15,5.8425065904
-0.078,-15,5.80353570368
-0.052,-15,5.75966074272
-0.026,-15,5.71082654139
0,-15,5.657
0.026,-15,5.59817008532
0.052,-15,5.53434783058
0.078,-15,5.46556633547
0.104,-15,5.39188076612
0.13,-15,5.31336835514
0.156,-15,5.23012840159
0.182,-15,5.14228227098
0.208,-15,5.04997339527
0.234,-15,4.95336727291
0.26,-15,4.85265146877
0.286,-15,4.74803561419
0.312,-15,4.63975140698
0.338,-15,4.52805261139
0.364,-15,4.41321505814
0.39,-15,4.29553664439
0.416,-15,4.17533733378
0.442,-15,4.05295915638
0.468,-15,3.92876620875
0.494,-15,3.80314465387
0.52,-15,3.67650272121
0.546,-15,3.54927070668
0.572,-15,3.42190097265
0.598,-15,3.29486794795
0.624,-15,3.16866812786
0.65,-15,3.04382007412
0.676,-15,2.92086441493
0.702,-15,2.80036384495
0.728,-15,2.68290312529
0.754,-15,2.56908908351
0.78,-15,2.45955061366
0.806,-15,2.35493867621
0.832,-15,2.2559262981
0.858,-15,2.16320857272
0.884,-15,2.07750265995
0.91,-15,1.99954778608
0.936,-15,1.93010524389
0.962,-15,1.86995839261
0.988,-15,1.81991265791
1.014,-15,1.78079553195
1.04,-15,1.75345657331
1.066,-15,1.73876740705
1.092,-15,1.73762172468
1.118,-15,1.75093528418
1.144,-15,1.77964590997
1.17,-15,1.82471349293
1.196,-15,1.8871199904
1.222,-15,1.96786942619
1.248,-15,2.06798789054
1.274,-15,2.18852354016
1.3,-15,2.33054659823
-1.3,-14.7,7.76269917373
-1.274,-14.7,7.50914622415
-1.248,-14.7,7.27708068301
-1.222,-14.7,7.06543232716
-1.196,-14.7,6.87315299986
-1.17,-14.7,6.69921661088
-1.144,-14.7,6.54261913641
-1.118,-14.7,6.40237861911
-1.092,-14.7,6.2775351681
-1.066,-14.7,6.16715095896
-1.04,-14.7,6.0703102337
-1.014,-14.7,5.98611930084
-0.988,-14.7,5.91370653529
-0.962,-14.7,5.85222237848
-0.936,-14.7,5.80083933825
-0.91,-14.7,5.75875198893
-0.884,-14.7,5.72517697129
-0.858,-14.7,5.69935299255
-0.832,-14.7,5.68054082641
-0.806,-14.7,5.66802331302
-0.78,-14.7,5.66110535896
-0.754,-14.7,5.6591139373
-0.728,-14.7,5.66139808756
-0.702,-14.7,5.66732891572
-0.676,-14.7,5.67629959419
-0.65,-14.7,5.68772536187
-0.624,-14.7,5.7010435241
-0.598,-14.7,5.71571345268
-0.572,-14.7,5.73121658587
-0.546,-14.7,5.74705642839
-0.52,-14.7,5.76275855141
-0.494,-14.7,5.77787059256
-0.468,-14.7,5.79196225593
-0.442,-14.7,5.80462531205
-0.416,-14.7,5.81547359794
-0.39,-14.7,5.82414301704
-0.364,-14.7,5.83029153928
-0.338,-14.7,5.83359920102
-0.312,-14.7,5.8337681051
-0.286,-14.7,5.8305224208
-0.26,-14.7,5.82360838387
-0.234,-14.7,5.8127942965
-0.208,-14.7,5.79787052735
-0.182,-14.7,5.77864951155
-0.156,-14.7,5.75496575065
-0.13,-14.7,5.72667581269
-0.104,-14.7,5.69365833216
-0.078,-14.7,5.65581401
-0.052,-14.7,5.6130656136
-0.026,-14.7,5.56535797683
0,-14.7,5.512658
0.026,-14.7,5.45495464988
0.052,-14.7,5.3922589597
0.078,-14.7,5.32460402915
0.104,-14.7,5.25204502436
0.13,-14.7,5.17465917795
0.156,-14.7,5.09254578896
0.182,-14.7,5.0058262229
0.208,-14.7,4.91464391176
0.234,-14.7,4.81916435395
0.26,-14.7,4.71957511437
0.286,-14.7,4.61608582436
0.312,-14.7,4.50892818171
0.338,-14.7,4.39835595068
0.364,-14.7,4.28464496199
0.39,-14.7,4.1680931128
0.416,-14.7,4.04902036675
0.442,-14.7,3.92776875391
0.468,-14.7,3.80470237084
0.494,-14.7,3.68020738053
0.52,-14.7,3.55469201243
0.546,-14.7,3.42858656246
0.572,-14.7,3.30234339299
0.598,-14.7,3.17643693285
0.624,-14.7,3.05136367731
0.65,-14.7,2.92764218813
0.676,-14.7,2.80581309351
0.702,-14.7,2.68643908809
0.728,-14.7,2.57010493299
0.754,-14.7,2.45741745578
0.78,-14.7,2.34900555048
0.806,-14.7,2.24552017759
0.832,-14.7,2.14763436404
0.858,-14.7,2.05604320323
0.884,-14.7,1.97146385501
0.91,-14.7,1.89463554571
0.936,-14.7,1.82631956808
0.962,-14.7,1.76729928136
0.988,-14.7,1.71838011122
1.014,-14.7,1.68038954981
1.04,-14.7,1.65417715574
1.066,-14.7,1.64061455404
1.092,-14.7,1.64059543623
1.118,-14.7,1.65503556029
1.144,-14.7,1.68487275064
1.17,-14.7,1.73106689816
1.196,-14.7,1.7945999602
1.222,-14.7,1.87647596054
1.248,-14.7,1.97772098945
1.274,-14.7,2.09938320364
1.3,-14.7,2.24253282627
-1.3,-14.4,7.5649449457
-1.274,-14.4,7.31251856068
-1.248,-14.4,7.0815795841
-1.222,-14.4,6.8710577928
-1.196,-14.4,6.67990503007
-1.17,-14.4,6.50709520565
-1.144,-14.4,6.35162429574
-1.118,-14.4,6.212510343
-1.092,-14.4,6.08879345655
-1.066,-14.4,5.97953581197
-1.04,-14.4,5.88382165128
-1.014,-14.4,5.80075728297
-0.988,-14.4,5.72947108199
-0.962,-14.4,5.66911348973
-0.936,-14.4,5.61885701407
-0.91,-14.4,5.57789622931
-0.884,-14.4,5.54544777622
-0.858,-14.4,5.52075036205
-0.832,-14.4,5.50306476047
-0.806,-14.4,5.49167381163
-0.78,-14.4,5.48588242214
-0.754,-14.4,5.48501756504
-0.728,-14.4,5.48842827986
-0.702,-14.4,5.49548567258
-0.676,-14.4,5.50558291561
-0.65,-14.4,5.51813524785
-0.624,-14.4,5.53257997464
-0.598,-14.4,5.54837646778
-0.572,-14.4,5.56500616554
-0.546,-14.4,5.58197257262
-0.52,-14.4,5.5988012602
-0.494,-14.4,5.61503986591
-0.468,-14.4,5.63025809383
-0.442,-14.4,5.64404771452
-0.416,-14.4,5.65602256496
-0.39,-14.4,5.66581854863
-0.364,-14.4,5.67309363543
-0.338,-14.4,5.67752786173
-0.312,-14.4,5.67882333037
-0.286,-14.4,5.67670421063
-0.26,-14.4,5.67091673826
-0.234,-14.4,5.66122921545
-0.208,-14.4,5.64743201087
-0.182,-14.4,5.62933755962
-0.156,-14.4,5.60678036329
-0.13,-14.4,5.57961698989
-0.104,-14.4,5.54772607392
-0.078,-14.4,5.51100831631
-0.052,-14.4,5.46938648448
-0.026,-14.4,5.42280541227
0,-14.4,5.371232
0.026,-14.4,5.31465521444
0.052,-14.4,5.25308608882
0.078,-14.4,5.18655772283
0.104,-14.4,5.11512528261
0.13,-14.4,5.03886600075
0.156,-14.4,4.95787917632
0.182,-14.4,4.87228617483
0.208,-14.4,4.78223042825
0.234,-14.4,4.687877435
0.26,-14.4,4.58941475998
0.286,-14.4,4.48705203453
0.312,-14.4,4.38102095644
0.338,-14.4,4.27157528997
0.364,-14.4,4.15899086584
0.39,-14.4,4.04356558121
0.416,-14.4,3.92561939972
0.442,-14.4,3.80549435145
0.468,-14.4,3.68355453293
0.494,-14.4,3.56018610718
0.52,-14.4,3.43579730364
0.546,-14.4,3.31081841823
0.572,-14.4,3.18570181332
0.598,-14.4,3.06092191774
0.624,-14.4,2.93697522677
0.65,-14.4,2.81438030215
0.676,-14.4,2.69367777209
0.702,-14.4,2.57543033123
0.728,-14.4,2.46022274069
0.754,-14.4,2.34866182804
0.78,-14.4,2.2413764873
0.806,-14.4,2.13901767897
0.832,-14.4,2.04225842998
0.858,-14.4,1.95179383373
0.884,-14.4,1.86834105008
0.91,-14.4,1.79263930533
0.936,-14.4,1.72544989227
0.962,-14.4,1.6675561701
0.988,-14.4,1.61976356453
1.014,-14.4,1.58289956768
1.04,-14.4,1.55781373816
1.066,-14.4,1.54537770103
1.092,-14.4,1.54648514778
1.118,-14.4,1.5620518364
1.144,-14.4,1.59301559131
1.17,-14.4,1.64033630339
1.196,-14.4,1.70499592999
1.222,-14.4,1.78799849489
1.248,-14.4,1.89037008836
1.274,-14.4,2.01315886711
1.3,-14.4,2.1574350543
-1.3,-14.1,7.37010671766
-1.274,-14.1,7.1188068972
-1.248,-14.1,6.88899448519
-1.222,-14.1,6.67959925845
-1.196,-14.1,6.48957306028
-1.17,-14.1,6.31788980041
-1.144,-14.1,6.16354545507
-1.118,-14.1,6.02555806689
-1.092,-14.1,5.902967745
-1.066,-14.1,5.79483666498
-1.04,-14.1,5.70024906885
-1.014,-14.1,5.6183112651
-0.988,-14.1,5.54815162868
-0.962,-14.1,5.48892060099
-0.936,-14.1,5.43979068988
-0.91,-14.1,5.39995646968
-0.884,-14.1,5.36863458116
-0.858,-14.1,5.34506373155
-0.832,-14.1,5.32850469453
-0.806,-14.1,5.31824031025
-0.78,-14.1,5.31357548532
-0.754,-14.1,5.31383719278
-0.728,-14.1,5.31837447216
-0.702,-14.1,5.32655842944
-0.676,-14.1,5.33778223703
-0.65,-14.1,5.35146113383
-0.624,-14.1,5.36703242518
-0.598,-14.1,5.38395548289
-0.572,-14.1,5.4017117452
-0.546,-14.1,5.41980471684
-0.52,-14.1,5.43775996898
-0.494,-14.1,5.45512513925
-0.468,-14.1,5.47146993174
-0.442,-14.1,5.48638611699
-0.416,-14.1,5.49948753199
-0.39,-14.1,5.51041008022
-0.364,-14.1,5.51881173158
-0.338,-14.1,5.52437252244
-0.312,-14.1,5.52679455564
-0.286,-14.1,5.52580200046
-0.26,-14.1,5.52114109265
-0.234,-14.1,5.51258013441
-0.208,-14.1,5.49990949438
-0.182,-14.1,5.4829416077
-0.156,-14.1,5.46151097592
-0.13,-14.1,5.43547416709
-0.104,-14.1,5.40470981568
-0.078,-14.1,5.36911862263
-0.052,-14.1,5.32862335536
-0.026,-14.1,5.28316884771
0,-14.1,5.232722
0.026,-14.1,5.177271779
0.052,-14.1,5.11682921794
0.078,-14.1,5.05142741651
0.104,-14.1,4.98112154085
0.13,-14.1,4.90598882355
0.156,-14.1,4.82612856368
0.182,-14.1,4.74166212675
0.208,-14.1,4.65273294473
0.234,-14.1,4.55950651605
0.26,-14.1,4.46217040559
0.286,-14.1,4.36093424469
0.312,-14.1,4.25602973117
0.338,-14.1,4.14771062926
0.364,-14.1,4.03625276969
0.39,-14.1,3.92195404962
0.416,-14.1,3.80513443269
0.442,-14.1,3.68613594898
0.468,-14.1,3.56532269503
0.494,-14.1,3.44308083383
0.52,-14.1,3.31981859486
0.546,-14.1,3.19596627401
0.572,-14.1,3.07197623366
0.598,-14.1,2.94832290264
0.624,-14.1,2.82550277623
0.65,-14.1,2.70403441617
0.676,-14.1,2.58445845066
0.702,-14.1,2.46733757436
0.728,-14.1,2.35325654839
0.754,-14.1,2.2428222003
0.78,-14.1,2.13666342412
0.806,-14.1,2.03543118035
0.832,-14.1,1.93979849592
0.858,-14.1,1.85046046423
0.884,-14.1,1.76813424514
0.91,-14.1,1.69355906496
0.936,-14.1,1.62749621645
0.962,-14.1,1.57072905885
0.988,-14.1,1.52406301783
1.014,-14.1,1.48832558555
1.04,-14.1,1.46436632059
1.066,-14.1,1.45305684802
1.092,-14.1,1.45529085933
1.118,-14.1,1.47198411251
1.144,-14.1,1.50407443198
1.17,-14.1,1.55252170863
1.196,-14.1,1.61830789978
1.222,-14.1,1.70243702925
1.248,-14.1,1.80593518728
1.274,-14.1,1.92985053059
1.3,-14.1,2.07525328234
-1.3,-13.8,7.17818448963
-1.274,-13.8,6.92801123373
-1.248,-13.8,6.69932538627
-1.222,-13.8,6.4910567241
-1.196,-13.8,6.30215709048
-1.17,-13.8,6.13160039518
-1.144,-13.8,5.97838261439
-1.118,-13.8,5.84152179078
-1.092,-13.8,5.72005803345
-1.066,-13.8,5.61305351799
-1.04,-13.8,5.51959248642
-1.014,-13.8,5.43878124723
-0.988,-13.8,5.36974817537
-0.962,-13.8,5.31164371224
-0.936,-13.8,5.2636403657
-0.91,-13.8,5.22493271006
-0.884,-13.8,5.1947373861
-0.858,-13.8,5.17229310104
-0.832,-13.8,5.15686062859
-0.806,-13.8,5.14772280887
-0.78,-13.8,5.1441845485
-0.754,-13.8,5.14557282052
-0.728,-13.8,5.15123666447
-0.702,-13.8,5.1605471863
-0.676,-13.8,5.17289755845
-0.65,-13.8,5.18770301981
-0.624,-13.8,5.20440087572
-0.598,-13.8,5.22245049799
-0.572,-13.8,5.24133332487
-0.546,-13.8,5.26055286107
-0.52,-13.8,5.27963467777
-0.494,-13.8,5.2981264126
-0.468,-13.8,5.31559776965
-0.442,-13.8,5.33164051945
-0.416,-13.8,5.34586849902
-0.39,-13.8,5.35791761181
-0.364,-13.8,5.36744582773
-0.338,-13.8,5.37413318315
-0.312,-13.8,5.37768178091
-0.286,-13.8,5.3778157903
-0.26,-13.8,5.37428144705
-0.234,-13.8,5.36684705336
-0.208,-13.8,5.3553029779
-0.182,-13.8,5.33946165577
-0.156,-13.8,5.31915758856
-0.13,-13.8,5.29424734428
-0.104,-13.8,5.26460955743
-0.078,-13.8,5.23014492895
-0.052,-13.8,5.19077622624
-0.026,-13.8,5.14644828315
0,-13.8,5.097128
0.026,-13.8,5.04280434356
0.052,-13.8,4.98348834707
0.078,-13.8,4.9192131102
0.104,-13.8,4.85003379909
0.13,-13.8,4.77602764636
0.156,-13.8,4.69729395105
0.182,-13.8,4.61395407868
0.208,-13.8,4.52615146122
0.234,-13.8,4.43405159709
0.26,-13.8,4.33784205119
0.286,-13.8,4.23773245486
0.312,-13.8,4.13395450589
0.338,-13.8,4.02676196855
0.364,-13.8,3.91643067354
0.39,-13.8,3.80325851803
0.416,-13.8,3.68756546566
0.442,-13.8,3.56969354651
0.468,-13.8,3.45000685712
0.494,-13.8,3.32889156049
0.52,-13.8,3.20675588607
0.546,-13.8,3.08403012978
0.572,-13.8,2.961166654
0.598,-13.8,2.83863988753
0.624,-13.8,2.71694632568
0.65,-13.8,2.59660453019
0.676,-13.8,2.47815512924
0.702,-13.8,2.3621608175
0.728,-13.8,2.24920635609
0.754,-13.8,2.13989857256
0.78,-13.8,2.03486636094
0.806,-13.8,1.93476068173
0.832,-13.8,1.84025456187
0.858,-13.8,1.75204309474
0.884,-13.8,1.67084344021
0.91,-13.8,1.59739482458
0.936,-13.8,1.53245854064
0.962,-13.8,1.4768179476
0.988,-13.8,1.43127847114
1.014,-13.8,1.39666760342
1.04,-13.8,1.37383490302
1.066,-13.8,1.363651995
1.092,-13.8,1.36701257088
1.118,-13.8,1.38483238862
1.144,-13.8,1.41804927265
1.17,-13.8,1.46762311386
1.196,-13.8,1.53453586957
1.222,-13.8,1.6197915636
1.248,-13.8,1.72441628619
1.274,-13.8,1.84945819406
1.3,-13.8,1.99598751037
-1.3,-13.5,6.98917826159
-1.274,-13.5,6.74013157025
-1.248,-13.5,6.51257228736
-1.222,-13.5,6.30543018974
-1.196,-13.5,6.11765712069
-1.17,-13.5,5.94822698995
-1.144,-13.5,5.79613577372
-1.118,-13.5,5.66040151467
-1.092,-13.5,5.5400643219
-1.066,-13.5,5.434186371
-1.04,-13.5,5.34185190399
-1.014,-13.5,5.26216722937
-0.988,-13.5,5.19426072207
-0.962,-13.5,5.13728282349
-0.936,-13.5,5.09040604151
-0.91,-13.5,5.05282495043
-0.884,-13.5,5.02375619103
-0.858,-13.5,5.00243847054
-0.832,-13.5,4.98813256264
-0.806,-13.5,4.98012130749
-0.78,-13.5,4.97770961167
-0.754,-13.5,4.98022444826
-0.728,-13.5,4.98701485677
-0.702,-13.5,4.99745194316
-0.676,-13.5,5.01092887987
-0.65,-13.5,5.02686090579
-0.624,-13.5,5.04468532627
-0.598,-13.5,5.06386151309
-0.572,-13.5,5.08387090453
-0.546,-13.5,5.10421700529
-0.52,-13.5,5.12442538656
-0.494,-13.5,5.14404368595
-0.468,-13.5,5.16264160756
-0.442,-13.5,5.17981092192
-0.416,-13.5,5.19516546605
-0.39,-13.5,5.2083411434
-0.364,-13.5,5.21899592388
-0.338,-13.5,5.22680984386
-0.312,-13.5,5.23148500619
-0.286,-13.5,5.23274558013
-0.26,-13.5,5.23033780144
-0.234,-13.5,5.22402997231
-0.208,-13.5,5.21361246141
-0.182,-13.5,5.19889770385
-0.156,-13.5,5.17972020119
-0.13,-13.5,5.15593652148
-0.104,-13.5,5.12742529919
-0.078,-13.5,5.09408723527
-0.052,-13.5,5.05584509711
-0.026,-13.5,5.01264371859
0,-13.5,4.96445
0.026,-13.5,4.91125290812
0.052,-13.5,4.85306347619
0.078,-13.5,4.78991480388
0.104,-13.5,4.72186205734
0.13,-13.5,4.64898246916
0.156,-13.5,4.57137533841
0.182,-13.5,4.4891620306
0.208,-13.5,4.4024859777
0.234,-13.5,4.31151267814
0.26,-13.5,4.2164296968
0.286,-13.5,4.11744666503
0.312,-13.5,4.01479528062
0.338,-13.5,3.90872930784
0.364,-13.5,3.79952457739
0.39,-13.5,3.68747898644
0.416,-13.5,3.57291249863
0.442,-13.5,3.45616714404
0.468,-13.5,3.33760701921
0.494,-13.5,3.21761828714
0.52,-13.5,3.09660917728
0.546,-13.5,2.97500998556
0.572,-13.5,2.85327307433
0.598,-13.5,2.73187287243
0.624,-13.5,2.61130587514
0.65,-13.5,2.49209064421
0.676,-13.5,2.37476780782
0.702,-13.5,2.25990006064
0.728,-13.5,2.14807216378
0.754,-13.5,2.03989094482
0.78,-13.5,1.93598529777
0.806,-13.5,1.83700618312
0.832,-13.5,1.74362662781
0.858,-13.5,1.65654172524
0.884,-13.5,1.57646863527
0.91,-13.5,1.50414658421
0.936,-13.5,1.44033686482
0.962,-13.5,1.38582283634
0.988,-13.5,1.34140992445
1.014,-13.5,1.30792562128
1.04,-13.5,1.28621948545
1.066,-13.5,1.27716314199
1.092,-13.5,1.28165028243
1.118,-13.5,1.30059666473
1.144,-13.5,1.33494011333
1.17,-13.5,1.38564051909
1.196,-13.5,1.45367983937
1.222,-13.5,1.54006209795
1.248,-13.5,1.64581338511
1.274,-13.5,1.77198185754
1.3,-13.5,1.91963773841
-1.3,-13.2,6.80308803355
-1.274,-13.2,6.55516790678
-1.248,-13.2,6.32873518844
-1.222,-13.2,6.12271965539
-1.196,-13.2,5.9360731509
-1.17,-13.2,5.76776958472
-1.144,-13.2,5.61680493305
-1.118,-13.2,5.48219723856
-1.092,-13.2,5.36298661035
-1.066,-13.2,5.25823522401
-1.04,-13.2,5.16702732156
-1.014,-13.2,5.0884692115
-0.988,-13.2,5.02168926876
-0.962,-13.2,4.96583793475
-0.936,-13.2,4.92008771733
-0.91,-13.2,4.88363319081
-0.884,-13.2,4.85569099597
-0.858,-13.2,4.83549984004
-0.832,-13.2,4.8223204967
-0.806,-13.2,4.81543580611
-0.78,-13.2,4.81415067485
-0.754,-13.2,4.817792076
-0.728,-13.2,4.82570904907
-0.702,-13.2,4.83727270002
-0.676,-13.2,4.8518762013
-0.65,-13.2,4.86893479178
-0.624,-13.2,4.88788577681
-0.598,-13.2,4.9081885282
-0.572,-13.2,4.92932448419
-0.546,-13.2,4.95079714952
-0.52,-13.2,4.97213209534
-0.494,-13.2,4.99287695929
-0.468,-13.2,5.01260144546
-0.442,-13.2,5.03089732439
-0.416,-13.2,5.04737843308
-0.39,-13.2,5.06168067499
-0.364,-13.2,5.07346202003
-0.338,-13.2,5.08240250457
-0.312,-13.2,5.08820423146
-0.286,-13.2,5.09059136996
-0.26,-13.2,5.08931015583
-0.234,-13.2,5.08412889127
-0.208,-13.2,5.07483794493
-0.182,-13.2,5.06124975192
-0.156,-13.2,5.04319881383
-0.13,-13.2,5.02054169868
-0.104,-13.2,4.99315704095
-0.078,-13.2,4.96094554159
-0.052,-13.2,4.92382996799
-0.026,-13.2,4.88175515403
0,-13.2,4.834688
0.026,-13.2,4.78261747268
0.052,-13.2,4.72555460531
0.078,-13.2,4.66353249756
0.104,-13.2,4.59660631558
0.13,-13.2,4.52485329196
0.156,-13.2,4.44837272578
0.182,-13.2,4.36728598253
0.208,-13.2,4.28173649419
0.234,-13.2,4.19188975919
0.26,-13.2,4.09793334241
0.286,-13.2,4.0000768752
0.312,-13.2,3.89855205535
0.338,-13.2,3.79361264713
0.364,-13.2,3.68553448124
0.39,-13.2,3.57461545485
0.416,-13.2,3.4611755316
0.442,-13.2,3.34555674157
0.468,-13.2,3.2281231813
0.494,-13.2,3.10926101379
0.52,-13.2,2.9893784685
0.546,-13.2,2.86890584133
0.572,-13.2,2.74829549467
0.598,-13.2,2.62802185733
0.624,-13.2,2.5085814246
0.65,-13.2,2.39049275822
0.676,-13.2,2.2742964864
0.702,-13.2,2.16055530378
0.728,-13.2,2.04985397148
0.754,-13.2,1.94279931708
0.78,-13.2,1.84002023459
0.806,-13.2,1.7421676845
0.832,-13.2,1.64991469375
0.858,-13.2,1.56395635574
0.884,-13.2,1.48500983033
0.91,-13.2,1.41381434383
0.936,-13.2,1.35113118901
0.962,-13.2,1.29774372509
0.988,-13.2,1.25445737776
1.014,-13.2,1.22209963915
1.04,-13.2,1.20152006788
1.066,-13.2,1.19359028898
1.092,-13.2,1.19920399398
1.118,-13.2,1.21927694084
1.144,-13.2,1.254746954
1.17,-13.2,1.30657392432
1.196,-13.2,1.37573980916
1.222,-13.2,1.46324863231
1.248,-13.2,1.57012648402
1.274,-13.2,1.69742152101
1.3,-13.2,1.84620396645
-1.3,-12.9,6.61991380552
-1.274,-12.9,6.3731202433
-1.248,-12.9,6.14781408953
-1.222,-12.9,5.94292512104
-1.196,-12.9,5.75740518111
-1.17,-12.9,5.59022817949
-1.144,-12.9,5.44039009238
-1.118,-12.9,5.30690896245
-1.092,-12.9,5.1888248988
-1.066,-12.9,5.08520007702
-1.04,-12.9,4.99511873914
-1.014,-12.9,4.91768719363
-0.988,-12.9,4.85203381545
-0.962,-12.9,4.797309046
-0.936,-12.9,4.75268539314
-0.91,-12.9,4.71735743118
-0.884,-12.9,4.6905418009
-0.858,-12.9,4.67147720953
-0.832,-12.9,4.65942443076
-0.806,-12.9,4.65366630472
-0.78,-12.9,4.65350773803
-0.754,-12.9,4.65827570374
-0.728,-12.9,4.66731924137
-0.702,-12.9,4.68000945688
-0.676,-12.9,4.69573952272
-0.65,-12.9,4.71392467776
-0.624,-12.9,4.73400222735
-0.598,-12.9,4.7554315433
-0.572,-12.9,4.77769406386
-0.546,-12.9,4.80029329374
-0.52,-12.9,4.82275480413
-0.494,-12.9,4.84462623264
-0.468,-12.9,4.86547728337
-0.442,-12.9,4.88489972686
-0.416,-12.9,4.90250740011
-0.39,-12.9,4.91793620658
-0.364,-12.9,4.93084411618
-0.338,-12.9,4.94091116529
-0.312,-12.9,4.94783945673
-0.286,-12.9,4.95135315979
-0.26,-12.9,4.95119851022
-0.234,-12.9,4.94714381022
-0.208,-12.9,4.93897942844
-0.182,-12.9,4.9265178
-0.156,-12.9,4.90959342647
-0.13,-12.9,4.88806287587
-0.104,-12.9,4.8618047827
-0.078,-12.9,4.8307198479
-0.052,-12.9,4.79473083887
-0.026,-12.9,4.75378258947
0,-12.9,4.707842
0.026,-12.9,4.65689803725
0.052,-12.9,4.60096173443
0.078,-12.9,4.54006619124
0.104,-12.9,4.47426657382
0.13,-12.9,4.40364011477
0.156,-12.9,4.32828611314
0.182,-12.9,4.24832593445
0.208,-12.9,4.16390301067
0.234,-12.9,4.07518284023
0.26,-12.9,3.98235298802
0.286,-12.9,3.88562308537
0.312,-12.9,3.78522483008
0.338,-12.9,3.68141198642
0.364,-12.9,3.57446038509
0.39,-12.9,3.46466792326
0.416,-12.9,3.35235456458
0.442,-12.9,3.23786233911
0.468,-12.9,3.1215553434
0.494,-12.9,3.00381974045
0.52,-12.9,2.88506375971
0.546,-12.9,2.76571769711
0.572,-12.9,2.646233915
0.598,-12.9,2.52708684222
0.624,-12.9,2.40877297406
0.65,-12.9,2.29181087224
0.676,-12.9,2.17674116498
0.702,-12.9,2.06412654692
0.728,-12.9,1.95455177918
0.754,-12.9,1.84862368934
0.78,-12.9,1.74697117141
0.806,-12.9,1.65024518588
0.832,-12.9,1.55911875969
0.858,-12.9,1.47428698625
0.884,-12.9,1.3964670254
0.91,-12.9,1.32639810346
0.936,-12.9,1.26484151319
0.962,-12.9,1.21258061383
0.988,-12.9,1.17042083106
1.014,-12.9,1.13918965702
1.04,-12.9,1.1197366503
1.066,-12.9,1.11293343597
1.092,-12.9,1.11967370553
1.118,-12.9,1.14087321695
1.144,-12.9,1.17746979467
1.17,-12.9,1.23042332955
1.196,-12.9,1.30071577895
1.222,-12.9,1.38935116666
1.248,-12.9,1.49735558293
1.274,-12.9,1.62577718448
1.3,-12.9,1.77568619448
-1.3,-12.6,6.43965557748
-1.274,-12.6,6.19398857983
-1.248,-12.6,5.96980899062
-1.222,-12.6,5.76604658668
-1.196,-12.6,5.58165321131
-1.17,-12.6,5.41560277426
-1.144,-12.6,5.26689125171
-1.118,-12.6,5.13453668634
-1.092,-12.6,5.01757918725
-1.066,-12.6,4.91508093003
-1.04,-12.6,4.82612615671
-1.014,-12.6,4.74982117576
-0.988,-12.6,4.68529436214
-0.962,-12.6,4.63169615726
-0.936,-12.6,4.58819906895
-0.91,-12.6,4.55399767156
-0.884,-12.6,4.52830860584
-0.858,-12.6,4.51037057903
-0.832,-12.6,4.49944436482
-0.806,-12.6,4.49481280334
-0.78,-12.6,4.49578080121
-0.754,-12.6,4.50167533148
-0.728,-12.6,4.51184543367
-0.702,-12.6,4.52566221374
-0.676,-12.6,4.54251884414
-0.65,-12.6,4.56183056374
-0.624,-12.6,4.5830346779
-0.598,-12.6,4.6055905584
-0.572,-12.6,4.62897964352
-0.546,-12.6,4.65270543797
-0.52,-12.6,4.67629351291
-0.494,-12.6,4.69929150599
-0.468,-12.6,4.72126912128
-0.442,-12.6,4.74181812933
-0.416,-12.6,4.76055236714
-0.39,-12.6,4.77710773817
-0.364,-12.6,4.79114221233
-0.338,-12.6,4.802335826
-0.312,-12.6,4.810390682
-0.286,-12.6,4.81503094963
-0.26,-12.6,4.81600286462
-0.234,-12.6,4.81307472917
-0.208,-12.6,4.80603691195
-0.182,-12.6,4.79470184807
-0.156,-12.6,4.7789040391
-0.13,-12.6,4.75850005307
-0.104,-12.6,4.73336852446
-0.078,-12.6,4.70341015422
-0.052,-12.6,4.66854770975
-0.026,-12.6,4.62872602491
0,-12.6,4.583912
0.026,-12.6,4.53409460181
0.052,-12.6,4.47928486355
0.078,-12.6,4.41951588492
0.104,-12.6,4.35484283206
0.13,-12.6,4.28534293757
0.156,-12.6,4.2111155005
0.182,-12.6,4.13228188638
0.208,-12.6,4.04898552716
0.234,-12.6,3.96139192128
0.26,-12.6,3.86968863362
0.286,-12.6,3.77408529553
0.312,-12.6,3.67481360481
0.338,-12.6,3.5721273257
0.364,-12.6,3.46630228894
0.39,-12.6,3.35763639167
0.416,-12.6,3.24644959755
0.442,-12.6,3.13308393664
0.468,-12.6,3.01790350549
0.494,-12.6,2.9012944671
0.52,-12.6,2.78366505093
0.546,-12.6,2.66544555288
0.572,-12.6,2.54708833534
0.598,-12.6,2.42906782712
0.624,-12.6,2.31188052351
0.65,-12.6,2.19604498626
0.676,-12.6,2.08210184356
0.702,-12.6,1.97061379006
0.728,-12.6,1.86216558688
0.754,-12.6,1.7573640616
0.78,-12.6,1.65683810823
0.806,-12.6,1.56123868726
0.832,-12.6,1.47123882564
0.858,-12.6,1.38753361675
0.884,-12.6,1.31084022046
0.91,-12.6,1.24189786308
0.936,-12.6,1.18146783738
0.962,-12.6,1.13033350258
0.988,-12.6,1.08930028437
1.014,-12.6,1.05919567489
1.04,-12.6,1.04086923273
1.066,-12.6,1.03519258296
1.092,-12.6,1.04305941708
1.118,-12.6,1.06538549307
1.144,-12.6,1.10310863534
1.17,-12.6,1.15718873478
1.196,-12.6,1.22860774874
1.222,-12.6,1.31836970101
1.248,-12.6,1.42750068185
1.274,-12.6,1.55704884796
1.3,-12.6,1.70808442252
-1.3,-12.3,6.26231334945
-1.274,-12.3,6.01777291635
-1.248,-12.3,5.7947198917
-1.222,-12.3,5.59208405233
-1.196,-12.3,5.40881724152
-1.17,-12.3,5.24389336902
-1.144,-12.3,5.09630841104
-1.118,-12.3,4.96508041023
-1.092,-12.3,4.8492494757
-1.066,-12.3,4.74787778304
-1.04,-12.3,4.66004957428
-1.014,-12.3,4.58487115789
-0.988,-12.3,4.52147090884
-0.962,-12.3,4.46899926851
-0.936,-12.3,4.42662874477
-0.91,-12.3,4.39355391193
-0.884,-12.3,4.36899141078
-0.858,-12.3,4.35217994853
-0.832,-12.3,4.34238029887
-0.806,-12.3,4.33887530196
-0.78,-12.3,4.34096986439
-0.754,-12.3,4.34799095922
-0.728,-12.3,4.35928762597
-0.702,-12.3,4.3742309706
-0.676,-12.3,4.39221416556
-0.65,-12.3,4.41265244972
-0.624,-12.3,4.43498312844
-0.598,-12.3,4.45866557351
-0.572,-12.3,4.48318122319
-0.546,-12.3,4.50803358219
-0.52,-12.3,4.5327482217
-0.494,-12.3,4.55687277933
-0.468,-12.3,4.57997695918
-0.442,-12.3,4.60165253179
-0.416,-12.3,4.62151333417
-0.39,-12.3,4.63919526975
-0.364,-12.3,4.65435630848
-0.338,-12.3,4.66667648671
-0.312,-12.3,4.67585790727
-0.286,-12.3,4.68162473946
-0.26,-12.3,4.68372321901
-0.234,-12.3,4.68192164813
-0.208,-12.3,4.67601039547
-0.182,-12.3,4.66580189615
-0.156,-12.3,4.65113065174
-0.13,-12.3,4.63185323026
-0.104,-12.3,4.60784826622
-0.078,-12.3,4.57901646054
-0.052,-12.3,4.54528058063
-0.026,-12.3,4.50658546034
0,-12.3,4.462898
0.026,-12.3,4.41420716637
0.052,-12.3,4.36052399267
0.078,-12.3,4.30188157861
0.104,-12.3,4.23833509031
0.13,-12.3,4.16996176038
0.156,-12.3,4.09686088787
0.182,-12.3,4.0191538383
0.208,-12.3,3.93698404364
0.234,-12.3,3.85051700233
0.26,-12.3,3.75994027923
0.286,-12.3,3.6654635057
0.312,-12.3,3.56731837954
0.338,-12.3,3.46575866499
0.364,-12.3,3.36106019279
0.39,-12.3,3.25352086009
0.416,-12.3,3.14346063052
0.442,-12.3,3.03122153417
0.468,-12.3,2.91716766758
0.494,-12.3,2.80168519375
0.52,-12.3,2.68518234214
0.546,-12.3,2.56808940866
0.572,-12.3,2.45085875567
0.598,-12.3,2.33396481202
0.624,-12.3,2.21790407297
0.65,-12.3,2.10319510028
0.676,-12.3,1.99037852213
0.702,-12.3,1.8800170332
0.728,-12.3,1.77269539458
0.754,-12.3,1.66902043386
0.78,-12.3,1.56962104505
0.806,-12.3,1.47514818864
0.832,-12.3,1.38627489158
0.858,-12.3,1.30369624725
0.884,-12.3,1.22812941553
0.91,-12.3,1.16031362271
0.936,-12.3,1.10101016156
0.962,-12.3,1.05100239133
0.988,-12.3,1.01109573768
1.014,-12.3,0.982117692755
1.04,-12.3,0.964917815161
1.066,-12.3,0.960367729949
1.092,-12.3,0.969361128631
1.118,-12.3,0.992813769176
1.144,-12.3,1.03166347601
1.17,-12.3,1.08687014002
1.196,-12.3,1.15941571854
1.222,-12.3,1.25030423537
1.248,-12.3,1.36056178076
1.274,-12.3,1.49123651143
1.3,-12.3,1.64339865055
-1.3,-12,6.08788712141
-1.274,-12,5.84447325288
-1.248,-12,5.62254679279
-1.222,-12,5.42103751798
-1.196,-12,5.23889727173
-1.17,-12,5.07509996379
-1.144,-12,4.92864157037
-1.118,-12,4.79854013412
-1.092,-12,4.68383576415
-1.066,-12,4.58359063606
-1.04,-12,4.49688899185
-1.014,-12,4.42283714003
-0.988,-12,4.36056345553
-0.962,-12,4.30921837976
-0.936,-12,4.26797442058
-0.91,-12,4.23602615231
-0.884,-12,4.21259021571
-0.858,-12,4.19690531802
-0.832,-12,4.18823223293
-0.806,-12,4.18585380058
-0.78,-12,4.18907492757
-0.754,-12,4.19722258696
-0.728,-12,4.20964581827
-0.702,-12,4.22571572746
-0.676,-12,4.24482548698
-0.65,-12,4.26639033571
-0.624,-12,4.28984757898
-0.598,-12,4.31465658861
-0.572,-12,4.34029880285
-0.546,-12,4.36627772642
-0.52,-12,4.39211893049
-0.494,-12,4.41737005268
-0.468,-12,4.44160079709
-0.442,-12,4.46440293426
-0.416,-12,4.48539030119
-0.39,-12,4.50419880134
-0.364,-12,4.52048640463
-0.338,-12,4.53393314742
-0.312,-12,4.54424113254
-0.286,-12,4.55113452929
-0.26,-12,4.5543595734
-0.234,-12,4.55368456708
-0.208,-12,4.54889987898
-0.182,-12,4.53981794422
-0.156,-12,4.52627326437
-0.13,-12,4.50812240746
-0.104,-12,4.48524400798
-0.078,-12,4.45753876686
-0.052,-12,4.42492945151
-0.026,-12,4.38736089578
0,-12,4.3448
0.026,-12,4.29723573093
0.052,-12,4.24467912179
0.078,-12,4.18716327229
0.104,-12,4.12474334855
0.13,-12,4.05749658318
0.156,-12,3.98552227523
0.182,-12,3.90894179023
0.208,-12,3.82789856013
0.234,-12,3.74255808337
0.26,-12,3.65310792484
0.286,-12,3.55975771587
0.312,-12,3.46273915426
0.338,-12,3.36230600428
0.364,-12,3.25873409664
0.39,-12,3.1523213285
0.416,-12,3.04338766349
0.442,-12,2.9322751317
0.468,-12,2.81934782967
0.494,-12,2.70499192041
0.52,-12,2.58961563335
0.546,-12,2.47364926443
0.572,-12,2.35754517601
0.598,-12,2.24177779691
0.624,-12,2.12684362243
0.65,-12,2.01326121429
0.676,-12,1.90157120071
0.702,-12,1.79233627634
0.728,-12,1.68614120228
0.754,-12,1.58359280612
0.78,-12,1.48531998187
0.806,-12,1.39197369003
0.832,-12,1.30422695752
0.858,-12,1.22277487776
0.884,-12,1.14833461059
0.91,-12,1.08164538233
0.936,-12,1.02346848575
0.962,-12,0.974587280072
0.988,-12,0.935807190983
1.014,-12,0.907955710623
1.04,-12,0.891882397589
1.066,-12,0.888458876938
1.092,-12,0.898578840181
1.118,-12,0.923158045286
1.144,-12,0.963134316681
1.17,-12,1.01946754525
1.196,-12,1.09313968833
1.222,-12,1.18515476972
1.248,-12,1.29653887968
1.274,-12,1.42834017491
1.3,-12,1.58162887859
-1.3,-11.7,5.91637689338
-1.274,-11.7,5.6740895894
-1.248,-11.7,5.45328969387
-1.222,-11.7,5.25290698362
-1.196,-11.7,5.07189330194
-1.17,-11.7,4.90922255856
-1.144,-11.7,4.7638907297
-1.118,-11.7,4.63491585801
-1.092,-11.7,4.5213380526
-1.066,-11.7,4.42221948907
-1.04,-11.7,4.33664440942
-1.014,-11.7,4.26371912216
-0.988,-11.7,4.20257200222
-0.962,-11.7,4.15235349102
-0.936,-11.7,4.1122360964
-0.91,-11.7,4.08141439268
-0.884,-11.7,4.05910502065
-0.858,-11.7,4.04454668752
-0.832,-11.7,4.03700016699
-0.806,-11.7,4.0357482992
-0.78,-11.7,4.04009599075
-0.754,-11.7,4.0493702147
-0.728,-11.7,4.06292001057
-0.702,-11.7,4.08011648433
-0.676,-11.7,4.1003528084
-0.65,-11.7,4.12304422169
-0.624,-11.7,4.14762802953
-0.598,-11.7,4.17356360372
-0.572,-11.7,4.20033238252
-0.546,-11.7,4.22743787064
-0.52,-11.7,4.25440563927
-0.494,-11.7,4.28078332603
-0.468,-11.7,4.306140635
-0.442,-11.7,4.33006933673
-0.416,-11.7,4.35218326822
-0.39,-11.7,4.37211833293
-0.364,-11.7,4.38953250078
-0.338,-11.7,4.40410580813
-0.312,-11.7,4.41554035781
-0.286,-11.7,4.42356031912
-0.26,-11.7,4.4279119278
-0.234,-11.7,4.42836348603
-0.208,-11.7,4.4247053625
-0.182,-11.7,4.4167499923
-0.156,-11.7,4.40433187701
-0.13,-11.7,4.38730758466
-0.104,-11.7,4.36555574973
-0.078,-11.7,4.33897707318
-0.052,-11.7,4.30749432239
-0.026,-11.7,4.27105233122
0,-11.7,4.229618
0.026,-11.7,4.18318029549
0.052,-11.7,4.13175025092
0.078,-11.7,4.07536096597
0.104,-11.7,4.01406760679
0.13,-11.7,3.94794740598
0.156,-11.7,3.8770996626
0.182,-11.7,3.80164574215
0.208,-11.7,3.72172907662
0.234,-11.7,3.63751516442
0.26,-11.7,3.54919157044
0.286,-11.7,3.45696792604
0.312,-11.7,3.36107592899
0.338,-11.7,3.26176934357
0.364,-11.7,3.15932400049
0.39,-11.7,3.05403779691
0.416,-11.7,2.94623069646
0.442,-11.7,2.83624472923
0.468,-11.7,2.72444399177
0.494,-11.7,2.61121464706
0.52,-11.7,2.49696492457
0.546,-11.7,2.38212512021
0.572,-11.7,2.26714759634
0.598,-11.7,2.15250678181
0.624,-11.7,2.03869917188
0.65,-11.7,1.92624332831
0.676,-11.7,1.81567987929
0.702,-11.7,1.70757151948
0.728,-11.7,1.60250300998
0.754,-11.7,1.50108117838
0.78,-11.7,1.40393491869
0.806,-11.7,1.31171519141
0.832,-11.7,1.22509502346
0.858,-11.7,1.14476950826
0.884,-11.7,1.07145580565
0.91,-11.7,1.00589314196
0.936,-11.7,0.948842809935
0.962,-11.7,0.901088168818
0.988,-11.7,0.86343464429
1.014,-11.7,0.83670972849
1.04,-11.7,0.821762980018
1.066,-11.7,0.819466023927
1.092,-11.7,0.83071255173
1.118,-11.7,0.856418321396
1.144,-11.7,0.897521157352
1.17,-11.7,0.95498095048
1.196,-11.7,1.02977965812
1.222,-11.7,1.12292130407
1.248,-11.7,1.23543197859
1.274,-11.7,1.36835983838
1.3,-11.7,1.52277510662
-1.3,-11.4,5.74778266534
-1.274,-11.4,5.50662192593
-1.248,-11.4,5.28694859496
-1.222,-11.4,5.08769244927
-1.196,-11.4,4.90780533214
-1.17,-11.4,4.74626115333
-1.144,-11.4,4.60205588903
-1.118,-11.4,4.4742075819
-1.092,-11.4,4.36175634106
-1.066,-11.4,4.26376434208
-1.04,-11.4,4.17931582699
-1.014,-11.4,4.10751710429
-0.988,-11.4,4.04749654892
-0.962,-11.4,3.99840460227
-0.936,-11.4,3.95941377221
-0.91,-11.4,3.92971863306
-0.884,-11.4,3.90853582558
-0.858,-11.4,3.89510405702
-0.832,-11.4,3.88868410105
-0.806,-11.4,3.88855879781
-0.78,-11.4,3.89403305393
-0.754,-11.4,3.90443384244
-0.728,-11.4,3.91911020287
-0.702,-11.4,3.93743324119
-0.676,-11.4,3.95879612983
-0.65,-11.4,3.98261410767
-0.624,-11.4,4.00832448007
-0.598,-11.4,4.03538661882
-0.572,-11.4,4.06328196218
-0.546,-11.4,4.09151401487
-0.52,-11.4,4.11960834806
-0.494,-11.4,4.14711259937
-0.468,-11.4,4.17359647291
-0.442,-11.4,4.1986517392
-0.416,-11.4,4.22189223525
-0.39,-11.4,4.24295386452
-0.364,-11.4,4.26149459693
-0.338,-11.4,4.27719446884
-0.312,-11.4,4.28975558309
-0.286,-11.4,4.29890210895
-0.26,-11.4,4.30438028219
-0.234,-11.4,4.30595840499
-0.208,-11.4,4.30342684601
-0.182,-11.4,4.29659804037
-0.156,-11.4,4.28530648964
-0.13,-11.4,4.26940876185
-0.104,-11.4,4.24878349149
-0.078,-11.4,4.22333137949
-0.052,-11.4,4.19297519327
-0.026,-11.4,4.15765976666
0,-11.4,4.117352
0.026,-11.4,4.07204086005
0.052,-11.4,4.02173738004
0.078,-11.4,3.96647465965
0.104,-11.4,3.90630786503
0.13,-11.4,3.84131422879
0.156,-11.4,3.77159304996
0.182,-11.4,3.69726569408
0.208,-11.4,3.6184755931
0.234,-11.4,3.53538824546
0.26,-11.4,3.44819121605
0.286,-11.4,3.3570941362
0.312,-11.4,3.26232870372
0.338,-11.4,3.16414868286
0.364,-11.4,3.06282990434
0.39,-11.4,2.95867026532
0.416,-11.4,2.85198972943
0.442,-11.4,2.74313032677
0.468,-11.4,2.63245615386
0.494,-11.4,2.52035337371
0.52,-11.4,2.40723021578
0.546,-11.4,2.29351697598
0.572,-11.4,2.17966601668
0.598,-11.4,2.0661517667
0.624,-11.4,1.95347072134
0.65,-11.4,1.84214144233
0.676,-11.4,1.73270455787
0.702,-11.4,1.62572276262
0.728,-11.4,1.52178081768
0.754,-11.4,1.42148555064
0.78,-11.4,1.32546585551
0.806,-11.4,1.23437269279
0.832,-11.4,1.14887908941
0.858,-11.4,1.06968013876
0.884,-11.4,0.997493000718
0.91,-11.4,0.93305690158
0.936,-11.4,0.87713313412
0.962,-11.4,0.830505057564
0.988,-11.4,0.793978097597
1.014,-11.4,0.768379746358
1.04,-11.4,0.754559562446
1.066,-11.4,0.753389170916
1.092,-11.4,0.76576226328
1.118,-11.4,0.792594597507
1.144,-11.4,0.834823998023
1.17,-11.4,0.893410355712
1.196,-11.4,0.969335627914
1.222,-11.4,1.06360383843
1.248,-11.4,1.1772410775
1.274,-11.4,1.31129550186
1.3,-11.4,1.46683733466
-1.3,-11.1,5.58210443731
-1.274,-11.1,5.34207026245
-1.248,-11.1,5.12352349605
-1.222,-11.1,4.92539391492
-1.196,-11.1,4.74663336235
-1.17,-11.1,4.5862157481
-1.144,-11.1,4.44313704835
-1.118,-11.1,4.31641530579
-1.092,-11.1,4.20509062951
-1.066,-11.1,4.10822519509
-1.04,-11.1,4.02490324457
-1.014,-11.1,3.95423108642
-0.988,-11.1,3.89533709561
-0.962,-11.1,3.84737171352
-0.936,-11.1,3.80950744803
-0.91,-11.1,3.78093887344
-0.884,-11.1,3.76088263052
-0.858,-11.1,3.74857742651
-0.832,-11.1,3.7432840351
-0.806,-11.1,3.74428529643
-0.78,-11.1,3.7508861171
-0.754,-11.1,3.76241347018
-0.728,-11.1,3.77821639517
-0.702,-11.1,3.79766599805
-0.676,-11.1,3.82015545125
-0.65,-11.1,3.84509999365
-0.624,-11.1,3.87193693061
-0.598,-11.1,3.90012563392
-0.572,-11.1,3.92914754185
-0.546,-11.1,3.95850615909
-0.52,-11.1,3.98772705684
-0.494,-11.1,4.01635787272
-0.468,-11.1,4.04396831081
-0.442,-11.1,4.07015014167
-0.416,-11.1,4.09451720228
-0.39,-11.1,4.11670539611
-0.364,-11.1,4.13637269308
-0.338,-11.1,4.15319912955
-0.312,-11.1,4.16688680836
-0.286,-11.1,4.17715989879
-0.26,-11.1,4.18376463658
-0.234,-11.1,4.18646932394
-0.208,-11.1,4.18506432953
-0.182,-11.1,4.17936208845
-0.156,-11.1,4.16919710228
-0.13,-11.1,4.15442593905
-0.104,-11.1,4.13492723325
-0.078,-11.1,4.11060168581
-0.052,-11.1,4.08137206414
-0.026,-11.1,4.0471832021
0,-11.1,4.008002
0.026,-11.1,3.96381742461
0.052,-11.1,3.91464050916
0.078,-11.1,3.86050435333
0.104,-11.1,3.80146412328
0.13,-11.1,3.73759705159
0.156,-11.1,3.66900243733
0.182,-11.1,3.595801646
0.208,-11.1,3.51813810959
0.234,-11.1,3.43617732651
0.26,-11.1,3.35010686166
0.286,-11.1,3.26013634637
0.312,-11.1,3.16649747845
0.338,-11.1,3.06944402215
0.364,-11.1,2.96925180819
0.39,-11.1,2.86621873373
0.416,-11.1,2.7606647624
0.442,-11.1,2.6529319243
0.468,-11.1,2.54338431595
0.494,-11.1,2.43240810037
0.52,-11.1,2.320411507
0.546,-11.1,2.20782483176
0.572,-11.1,2.09510043702
0.598,-11.1,1.9827127516
0.624,-11.1,1.8711582708
0.65,-11.1,1.76095555635
0.676,-11.1,1.65264523645
0.702,-11.1,1.54679000576
0.728,-11.1,1.44397462538
0.754,-11.1,1.3448059229
0.78,-11.1,1.24991279234
0.806,-11.1,1.15994619417
0.832,-11.1,1.07557915535
0.858,-11.1,0.997506769268
0.884,-11.1,0.926446195782
0.91,-11.1,0.863136661205
0.936,-11.1,0.808339458305
0.962,-11.1,0.76283794631
0.988,-11.1,0.727437550903
1.014,-11.1,0.702965764225
1.04,-11.1,0.690272144874
1.066,-11.1,0.690228317905
1.092,-11.1,0.70372797483
1.118,-11.1,0.731686873617
1.144,-11.1,0.775042838694
1.17,-11.1,0.834755760944
1.196,-11.1,0.911807597706
1.222,-11.1,1.00720237278
1.248,-11.1,1.12196617642
1.274,-11.1,1.25714716533
1.3,-11.1,1.41381556269
-1.3,-10.8,5.41934220927
-1.274,-10.8,5.18043459898
-1.248,-10.8,4.96301439713
-1.222,-10.8,4.76601138056
-1.196,-10.8,4.58837739256
-1.17,-10.8,4.42908634286
-1.144,-10.8,4.28713420768
-1.118,-10.8,4.16153902968
-1.092,-10.8,4.05134091796
-1.066,-10.8,3.9556020481
-1.04,-10.8,3.87340666214
-1.014,-10.8,3.80386106856
-0.988,-10.8,3.7460936423
-0.962,-10.8,3.69925482478
-0.936,-10.8,3.66251712384
-0.91,-10.8,3.63507511381
-0.884,-10.8,3.61614543546
-0.858,-10.8,3.60496679601
-0.832,-10.8,3.60079996916
-0.806,-10.8,3.60292779505
-0.78,-10.8,3.61065518028
-0.754,-10.8,3.62330909792
-0.728,-10.8,3.64023858747
-0.702,-10.8,3.66081475491
-0.676,-10.8,3.68443077267
-0.65,-10.8,3.71050187964
-0.624,-10.8,3.73846538115
-0.598,-10.8,3.76778064903
-0.572,-10.8,3.79792912151
-0.546,-10.8,3.82841430332
-0.52,-10.8,3.85876176563
-0.494,-10.8,3.88851914607
-0.468,-10.8,3.91725614872
-0.442,-10.8,3.94456454413
-0.416,-10.8,3.97005816931
-0.39,-10.8,3.9933729277
-0.364,-10.8,4.01416678923
-0.338,-10.8,4.03211979026
-0.312,-10.8,4.04693403363
-0.286,-10.8,4.05833368862
-0.26,-10.8,4.06606499097
-0.234,-10.8,4.0698962429
-0.208,-10.8,4.06961781304
-0.182,-10.8,4.06504213652
-0.156,-10.8,4.05600371492
-0.13,-10.8,4.04235911625
-0.104,-10.8,4.023986975
-0.078,-10.8,4.00078799213
-0.052,-10.8,3.97268493502
-0.026,-10.8,3.93962263754
0,-10.8,3.901568
0.026,-10.8,3.85850998917
0.052,-10.8,3.81045963828
0.078,-10.8,3.75745004702
0.104,-10.8,3.69953638152
0.13,-10.8,3.63679587439
0.156,-10.8,3.56932782469
0.182,-10.8,3.49725359793
0.208,-10.8,3.42071662607
0.234,-10.8,3.33988240756
0.26,-10.8,3.25493850727
0.286,-10.8,3.16609455654
0.312,-10.8,3.07358225318
0.338,-10.8,2.97765536144
0.364,-10.8,2.87858971204
0.39,-10.8,2.77668320214
0.416,-10.8,2.67225579537
0.442,-10.8,2.56564952183
0.468,-10.8,2.45722847805
0.494,-10.8,2.34737882702
0.52,-10.8,2.23650879821
0.546,-10.8,2.12504868753
0.572,-10.8,2.01345085735
0.598,-10.8,1.9021897365
0.624,-10.8,1.79176182025
0.65,-10.8,1.68268567036
0.676,-10.8,1.57550191503
0.702,-10.8,1.47077324889
0.728,-10.8,1.36908443308
0.754,-10.8,1.27104229516
0.78,-10.8,1.17727572916
0.806,-10.8,1.08843569555
0.832,-10.8,1.00519522129
0.858,-10.8,0.928249399771
0.884,-10.8,0.858315390846
0.91,-10.8,0.79613242083
0.936,-10.8,0.742461782491
0.962,-10.8,0.698086835056
0.988,-10.8,0.66381300421
1.014,-10.8,0.640467782093
1.04,-10.8,0.628900727303
1.066,-10.8,0.629983464894
1.092,-10.8,0.644609686379
1.118,-10.8,0.673695149728
1.144,-10.8,0.718177679365
1.17,-10.8,0.779017166175
1.196,-10.8,0.857195567499
1.222,-10.8,0.953716907132
1.248,-10.8,1.06960727533
1.274,-10.8,1.20591482881
1.3,-10.8,1.36370979073
-1.3,-10.5,5.25949598124
-1.274,-10.5,5.02171493551
-1.248,-10.5,4.80542129822
-1.222,-10.5,4.60954484621
-1.196,-10.5,4.43303742277
-1.17,-10.5,4.27487293763
-1.144,-10.5,4.13404736701
-1.118,-10.5,4.00957875356
-1.092,-10.5,3.90050720641
-1.066,-10.5,3.80589490111
-1.04,-10.5,3.72482607971
-1.014,-10.5,3.65640705069
-0.988,-10.5,3.599766189
-0.962,-10.5,3.55405393603
-0.936,-10.5,3.51844279966
-0.91,-10.5,3.49212735419
-0.884,-10.5,3.47432424039
-0.858,-10.5,3.46427216551
-0.832,-10.5,3.46123190322
-0.806,-10.5,3.46448629367
-0.78,-10.5,3.47334024346
-0.754,-10.5,3.48712072566
-0.728,-10.5,3.50517677977
-0.702,-10.5,3.52687951177
-0.676,-10.5,3.55162209409
-0.65,-10.5,3.57881976562
-0.624,-10.5,3.6079098317
-0.598,-10.5,3.63835166413
-0.572,-10.5,3.66962670117
-0.546,-10.5,3.70123844754
-0.52,-10.5,3.73271247441
-0.494,-10.5,3.76359641941
-0.468,-10.5,3.79345998663
-0.442,-10.5,3.8218949466
-0.416,-10.5,3.84851513634
-0.39,-10.5,3.87295645929
-0.364,-10.5,3.89487688538
-0.338,-10.5,3.91395645097
-0.312,-10.5,3.9298972589
-0.286,-10.5,3.94242347845
-0.26,-10.5,3.95128134537
-0.234,-10.5,3.95623916185
-0.208,-10.5,3.95708729655
-0.182,-10.5,3.9536381846
-0.156,-10.5,3.94572632755
-0.13,-10.5,3.93320829344
-0.104,-10.5,3.91596271676
-0.078,-10.5,3.89389029845
-0.052,-10.5,3.8669138059
-0.026,-10.5,3.83497807298
0,-10.5,3.79805
0.026,-10.5,3.75611855373
0.052,-10.5,3.7091947674
0.078,-10.5,3.6573117407
0.104,-10.5,3.60052463976
0.13,-10.5,3.5389106972
0.156,-10.5,3.47256921205
0.182,-10.5,3.40162154985
0.208,-10.5,3.32621114256
0.234,-10.5,3.2465034886
0.26,-10.5,3.16268615287
0.286,-10.5,3.07496876671
0.312,-10.5,2.98358302791
0.338,-10.5,2.88878270073
0.364,-10.5,2.79084361589
0.39,-10.5,2.69006367055
0.416,-10.5,2.58676282835
0.442,-10.5,2.48128311936
0.468,-10.5,2.37398864014
0.494,-10.5,2.26526555367
0.52,-10.5,2.15552208943
0.546,-10.5,2.04518854331
0.572,-10.5,1.93471727769
0.598,-10.5,1.82458272139
0.624,-10.5,1.71528136971
0.65,-10.5,1.60733178438
0.676,-10.5,1.5012745936
0.702,-10.5,1.39767249203
0.728,-10.5,1.29711024078
0.754,-10.5,1.20019466742
0.78,-10.5,1.10755466598
0.806,-10.5,1.01984119694
0.832,-10.5,0.937727287235
0.858,-10.5,0.861908030275
0.884,-10.5,0.79310058591
0.91,-10.5,0.732044180454
0.936,-10.5,0.679500106676
0.962,-10.5,0.636251723803
0.988,-10.5,0.603104457517
1.014,-10.5,0.580885799961
1.04,-10.5,0.570445309731
1.066,-10.5,0.572654611883
1.092,-10.5,0.588407397929
1.118,-10.5,0.618619425838
1.144,-10.5,0.664228520036
1.17,-10.5,0.726194571407
1.196,-10.5,0.805499537291
1.222,-10.5,0.903147441486
1.248,-10.5,1.02016437425
1.274,-10.5,1.15759849228
1.3,-10.5,1.31652001876
-1.3,-10.2,5.1025657532
-1.274,-10.2,4.86591127203
-1.248,-10.2,4.65074419931
-1.222,-10.2,4.45599431186
-1.196,-10.2,4.28061345297
-1.17,-10.2,4.1235755324
-1.144,-10.2,3.98387652634
-1.118,-10.2,3.86053447745
-1.092,-10.2,3.75258949486
-1.066,-10.2,3.65910375412
-1.04,-10.2,3.57916149728
-1.014,-10.2,3.51186903282
-0.988,-10.2,3.45635473569
-0.962,-10.2,3.41176904729
-0.936,-10.2,3.37728447547
-0.91,-10.2,3.35209559456
-0.884,-10.2,3.33541904533
-0.858,-10.2,3.326493535
-0.832,-10.2,3.32457983727
-0.806,-10.2,3.32896079229
-0.78,-10.2,3.33894130664
-0.754,-10.2,3.3538483534
-0.728,-10.2,3.37303097207
-0.702,-10.2,3.39586026863
-0.676,-10.2,3.42172941551
-0.65,-10.2,3.4500536516
-0.624,-10.2,3.48027028224
-0.598,-10.2,3.51183867923
-0.572,-10.2,3.54424028084
-0.546,-10.2,3.57697859177
-0.52,-10.2,3.6095791832
-0.494,-10.2,3.64158969276
-0.468,-10.2,3.67257982454
-0.442,-10.2,3.70214134907
-0.416,-10.2,3.72988810337
-0.39,-10.2,3.75545599088
-0.364,-10.2,3.77850298153
-0.338,-10.2,3.79870911168
-0.312,-10.2,3.81577648417
-0.286,-10.2,3.82942926828
-0.26,-10.2,3.83941369976
-0.234,-10.2,3.8454980808
-0.208,-10.2,3.84747278007
-0.182,-10.2,3.84515023267
-0.156,-10.2,3.83836494019
-0.13,-10.2,3.82697347064
-0.104,-10.2,3.81085445852
-0.078,-10.2,3.78990860476
-0.052,-10.2,3.76405867678
-0.026,-10.2,3.73324950842
0,-10.2,3.697448
0.026,-10.2,3.65664311829
0.052,-10.2,3.61084589652
0.078,-10.2,3.56008943438
0.104,-10.2,3.50442889801
0.13,-10.2,3.44394152
0.156,-10.2,3.37872659942
0.182,-10.2,3.30890550178
0.208,-10.2,3.23462165904
0.234,-10.2,3.15604056965
0.26,-10.2,3.07334979848
0.286,-10.2,2.98675897688
0.312,-10.2,2.89649980264
0.338,-10.2,2.80282604002
0.364,-10.2,2.70601351974
0.39,-10.2,2.60636013896
0.416,-10.2,2.50418586132
0.442,-10.2,2.39983271689
0.468,-10.2,2.29366480223
0.494,-10.2,2.18606828033
0.52,-10.2,2.07745138064
0.546,-10.2,1.96824439908
0.572,-10.2,1.85889969802
0.598,-10.2,1.74989170629
0.624,-10.2,1.64171691917
0.65,-10.2,1.5348938984
0.676,-10.2,1.42996327218
0.702,-10.2,1.32748773517
0.728,-10.2,1.22805204848
0.754,-10.2,1.13226303968
0.78,-10.2,1.0407496028
0.806,-10.2,0.954162698317
0.832,-10.2,0.873175353177
0.858,-10.2,0.798482660778
0.884,-10.2,0.730801780974
0.91,-10.2,0.670871940079
0.936,-10.2,0.619454430862
0.962,-10.2,0.577332612549
0.988,-10.2,0.545311910824
1.014,-10.2,0.524219817828
1.04,-10.2,0.514905892159
1.066,-10.2,0.518241758872
1.092,-10.2,0.535121109479
1.118,-10.2,0.566459701948
1.144,-10.2,0.613195360707
1.17,-10.2,0.676287976639
1.196,-10.2,0.756719507084
1.222,-10.2,0.855493975839
1.248,-10.2,0.973637473159
1.274,-10.2,1.11219815576
1.3,-10.2,1.2722462468
-1.3,-9.9,4.94855152517
-1.274,-9.9,4.71302360856
-1.248,-9.9,4.49898310039
-1.222,-9.9,4.3053597775
-1.196,-9.9,4.13110548318
-1.17,-9.9,3.97519412717
-1.144,-9.9,3.83662168567
-1.118,-9.9,3.71440620134
-1.092,-9.9,3.60758778331
-1.066,-9.9,3.51522860713
-1.04,-9.9,3.43641291485
-1.014,-9.9,3.37024701495
-0.988,-9.9,3.31585928238
-0.962,-9.9,3.27240015854
-0.936,-9.9,3.23904215129
-0.91,-9.9,3.21497983494
-0.884,-9.9,3.19942985026
-0.858,-9.9,3.1916309045
-0.832,-9.9,3.19084377133
-0.806,-9.9,3.1963512909
-0.78,-9.9,3.20745836982
-0.754,-9.9,3.22349198114
-0.728,-9.9,3.24380116437
-0.702,-9.9,3.26775702549
-0.676,-9.9,3.29475273693
-0.65,-9.9,3.32420353758
-0.624,-9.9,3.35554673278
-0.598,-9.9,3.38824169434
-0.572,-9.9,3.4217698605
-0.546,-9.9,3.455634736
-0.52,-9.9,3.48936189199
-0.494,-9.9,3.52249896611
-0.468,-9.9,3.55461566244
-0.442,-9.9,3.58530375154
-0.416,-9.9,3.61417707039
-0.39,-9.9,3.64087152247
-0.364,-9.9,3.66504507768
-0.338,-9.9,3.68637777239
-0.312,-9.9,3.70457170944
-0.286,-9.9,3.71935105812
-0.26,-9.9,3.73046205415
-0.234,-9.9,3.73767299976
-0.208,-9.9,3.74077426358
-0.182,-9.9,3.73957828075
-0.156,-9.9,3.73391955282
-0.13,-9.9,3.72365464784
-0.104,-9.9,3.70866220028
-0.078,-9.9,3.68884291108
-0.052,-9.9,3.66411954766
-0.026,-9.9,3.63443694386
0,-9.9,3.599762
0.026,-9.9,3.56008368285
0.052,-9.9,3.51541302564
0.078,-9.9,3.46578312806
0.104,-9.9,3.41124915625
0.13,-9.9,3.3518883428
0.156,-9.9,3.28779998678
0.182,-9.9,3.2191054537
0.208,-9.9,3.14594817553
0.234,-9.9,3.0684936507
0.26,-9.9,2.98692944409
0.286,-9.9,2.90146518704
0.312,-9.9,2.81233257736
0.338,-9.9,2.71978537931
0.364,-9.9,2.62409942359
0.39,-9.9,2.52557260737
0.416,-9.9,2.42452489429
0.442,-9.9,2.32129831443
0.468,-9.9,2.21625696432
0.494,-9.9,2.10978700698
0.52,-9.9,2.00229667185
0.546,-9.9,1.89421625486
0.572,-9.9,1.78599811836
0.598,-9.9,1.67811669119
0.624,-9.9,1.57106846862
0.65,-9.9,1.46537201242
0.676,-9.9,1.36156795076
0.702,-9.9,1.26021897831
0.728,-9.9,1.16190985618
0.754,-9.9,1.06724741194
0.78,-9.9,0.97686053962
0.806,-9.9,0.891400199699
0.832,-9.9,0.81153941912
0.858,-9.9,0.737973291281
0.884,-9.9,0.671418976038
0.91,-9.9,0.612615699704
0.936,-9.9,0.562324755047
0.962,-9.9,0.521329501295
0.988,-9.9,0.490435364131
1.014,-9.9,0.470469835696
1.04,-9.9,0.462282474587
1.066,-9.9,0.466744905861
1.092,-9.9,0.484750821028
1.118,-9.9,0.517215978059
1.144,-9.9,0.565078201378
1.17,-9.9,0.629297381871
1.196,-9.9,0.710855476876
1.222,-9.9,0.810756510192
1.248,-9.9,0.930026572073
1.274,-9.9,1.06971381923
1.3,-9.9,1.23088847483
-1.3,-9.6,4.79745329713
-1.274,-9.6,4.56305194508
-1.248,-9.6,4.35013800148
-1.222,-9.6,4.15764124315
-1.196,-9.6,3.98451351339
-1.17,-9.6,3.82972872194
-1.144,-9.6,3.692282845
-1.118,-9.6,3.57119392523
-1.092,-9.6,3.46550207176
-1.066,-9.6,3.37426946014
-1.04,-9.6,3.29658033242
-1.014,-9.6,3.23154099709
-0.988,-9.6,3.17827982908
-0.962,-9.6,3.13594726979
-0.936,-9.6,3.1037158271
-0.91,-9.6,3.08078007531
-0.884,-9.6,3.0663566552
-0.858,-9.6,3.059684274
-0.832,-9.6,3.06002370539
-0.806,-9.6,3.06665778952
-0.78,-9.6,3.078891433
-0.754,-9.6,3.09605160887
-0.728,-9.6,3.11748735667
-0.702,-9.6,3.14256978235
-0.676,-9.6,3.17069205835
-0.65,-9.6,3.20126942357
-0.624,-9.6,3.23373918333
-0.598,-9.6,3.26756070944
-0.572,-9.6,3.30221544017
-0.546,-9.6,3.33720688022
-0.52,-9.6,3.37206060077
-0.494,-9.6,3.40632423945
-0.468,-9.6,3.43956750035
-0.442,-9.6,3.47138215401
-0.416,-9.6,3.50138203742
-0.39,-9.6,3.52920305406
-0.364,-9.6,3.55450317383
-0.338,-9.6,3.5769624331
-0.312,-9.6,3.59628293472
-0.286,-9.6,3.61218884795
-0.26,-9.6,3.62442640855
-0.234,-9.6,3.63276391871
-0.208,-9.6,3.6369917471
-0.182,-9.6,3.63692232882
-0.156,-9.6,3.63239016546
-0.13,-9.6,3.62325182503
-0.104,-9.6,3.60938594203
-0.078,-9.6,3.5906932174
-0.052,-9.6,3.56709641854
-0.026,-9.6,3.5385403793
0,-9.6,3.504992
0.026,-9.6,3.46644024741
0.052,-9.6,3.42289615477
0.078,-9.6,3.37439282174
0.104,-9.6,3.32098541449
0.13,-9.6,3.26275116561
0.156,-9.6,3.19978937415
0.182,-9.6,3.13222140563
0.208,-9.6,3.06019069202
0.234,-9.6,2.98386273174
0.26,-9.6,2.90342508969
0.286,-9.6,2.81908739721
0.312,-9.6,2.73108135209
0.338,-9.6,2.6396607186
0.364,-9.6,2.54510132744
0.39,-9.6,2.44770107578
0.416,-9.6,2.34777992726
0.442,-9.6,2.24567991196
0.468,-9.6,2.14176512642
0.494,-9.6,2.03642173363
0.52,-9.6,1.93005796307
0.546,-9.6,1.82310411063
0.572,-9.6,1.71601253869
0.598,-9.6,1.60925767608
0.624,-9.6,1.50333601808
0.65,-9.6,1.39876612643
0.676,-9.6,1.29608862934
0.702,-9.6,1.19586622145
0.728,-9.6,1.09868366388
0.754,-9.6,1.0051477842
0.78,-9.6,0.915887476442
0.806,-9.6,0.831553701081
0.832,-9.6,0.752819485063
0.858,-9.6,0.680379921785
0.884,-9.6,0.614952171102
0.91,-9.6,0.557275459329
0.936,-9.6,0.508111079233
0.962,-9.6,0.468242390041
0.988,-9.6,0.438474817438
1.014,-9.6,0.419635853563
1.04,-9.6,0.412575057016
1.066,-9.6,0.41816405285
1.092,-9.6,0.437296532578
1.118,-9.6,0.470888254169
1.144,-9.6,0.519877042049
1.17,-9.6,0.585222787103
1.196,-9.6,0.667907446669
1.222,-9.6,0.768935044545
1.248,-9.6,0.889331670987
1.274,-9.6,1.03014548271
1.3,-9.6,1.19244670287
-1.3,-9.3,4.6492710691
-1.274,-9.3,4.41599628161
-1.248,-9.3,4.20420890256
-1.222,-9.3,4.0128387088
-1.196,-9.3,3.8408375436
-1.17,-9.3,3.68717931671
-1.144,-9.3,3.55086000433
-1.118,-9.3,3.43089764912
-1.092,-9.3,3.32633236021
-1.066,-9.3,3.23622631315
-1.04,-9.3,3.15966375
-1.014,-9.3,3.09575097922
-0.988,-9.3,3.04361637577
-0.962,-9.3,3.00241038105
-0.936,-9.3,2.97130550292
-0.91,-9.3,2.94949631569
-0.884,-9.3,2.93619946014
-0.858,-9.3,2.93065364349
-0.832,-9.3,2.93211963945
-0.806,-9.3,2.93988028814
-0.78,-9.3,2.95324049618
-0.754,-9.3,2.97152723661
-0.728,-9.3,2.99408954897
-0.702,-9.3,3.02029853921
-0.676,-9.3,3.04954737978
-0.65,-9.3,3.08125130955
-0.624,-9.3,3.11484763387
-0.598,-9.3,3.14979572455
-0.572,-9.3,3.18557701983
-0.546,-9.3,3.22169502445
-0.52,-9.3,3.25767530956
-0.494,-9.3,3.2930655128
-0.468,-9.3,3.32743533826
-0.442,-9.3,3.36037655647
-0.416,-9.3,3.39150300445
-0.39,-9.3,3.42045058565
-0.364,-9.3,3.44687726998
-0.338,-9.3,3.47046309382
-0.312,-9.3,3.49091015999
-0.286,-9.3,3.50794263778
-0.26,-9.3,3.52130676294
-0.234,-9.3,3.53077083766
-0.208,-9.3,3.53612523061
-0.182,-9.3,3.5371823769
-0.156,-9.3,3.53377677809
-0.13,-9.3,3.52576500223
-0.104,-9.3,3.51302568379
-0.078,-9.3,3.49545952372
-0.052,-9.3,3.47298928942
-0.026,-9.3,3.44555981474
0,-9.3,3.413138
0.026,-9.3,3.37571281197
0.052,-9.3,3.33329528389
0.078,-9.3,3.28591851543
0.104,-9.3,3.23363767273
0.13,-9.3,3.17652998841
0.156,-9.3,3.11469476151
0.182,-9.3,3.04825335755
0.208,-9.3,2.9773492085
0.234,-9.3,2.90214781279
0.26,-9.3,2.8228367353
0.286,-9.3,2.73962560738
0.312,-9.3,2.65274612682
0.338,-9.3,2.56245205789
0.364,-9.3,2.46901923129
0.39,-9.3,2.37274554419
0.416,-9.3,2.27395096023
0.442,-9.3,2.17297750949
0.468,-9.3,2.07018928851
0.494,-9.3,1.96597246029
0.52,-9.3,1.86073525428
0.546,-9.3,1.75490796641
0.572,-9.3,1.64894295903
0.598,-9.3,1.54331466098
0.624,-9.3,1.43851956754
0.65,-9.3,1.33507624045
0.676,-9.3,1.23352530792
0.702,-9.3,1.13442946459
0.728,-9.3,1.03837347158
0.754,-9.3,0.945964156464
0.78,-9.3,0.857830413263
0.806,-9.3,0.774623202463
0.832,-9.3,0.697015551005
0.858,-9.3,0.625702552288
0.884,-9.3,0.561401366167
0.91,-9.3,0.504851218953
0.936,-9.3,0.456813403418
0.962,-9.3,0.418071278787
0.988,-9.3,0.389430270744
1.014,-9.3,0.371717871431
1.04,-9.3,0.365783639444
1.066,-9.3,0.372499199839
1.092,-9.3,0.392758244128
1.118,-9.3,0.427476530279
1.144,-9.3,0.477591882721
1.17,-9.3,0.544064192334
1.196,-9.3,0.627875416461
1.222,-9.3,0.730029578898
1.248,-9.3,0.851552769901
1.274,-9.3,0.99349314618
1.3,-9.3,1.1569209309
-1.3,-9,4.50400484106
-1.274,-9,4.27185661813
-1.248,-9,4.06119580365
-1.222,-9,3.87095217444
-1.196,-9,3.7000775738
-1.17,-9,3.54754591147
-1.144,-9,3.41235316366
-1.118,-9,3.29351737301
-1.092,-9,3.19007864866
-1.066,-9,3.10109916617
-1.04,-9,3.02566316757
-1.014,-9,2.96287696135
-0.988,-9,2.91186892246
-0.962,-9,2.8717894923
-0.936,-9,2.84181117873
-0.91,-9,2.82112855606
-0.884,-9,2.80895826507
-0.858,-9,2.80453901299
-0.832,-9,2.8071315735
-0.806,-9,2.81601878676
-0.78,-9,2.83050555936
-0.754,-9,2.84991886435
-0.728,-9,2.87360774127
-0.702,-9,2.90094329607
-0.676,-9,2.9313187012
-0.65,-9,2.96414919553
-0.624,-9,2.99887208441
-0.598,-9,3.03494673965
-0.572,-9,3.0718545995
-0.546,-9,3.10909916867
-0.52,-9,3.14620601834
-0.494,-9,3.18272278615
-0.468,-9,3.21821917616
-0.442,-9,3.25228695894
-0.416,-9,3.28453997148
-0.39,-9,3.31461411724
-0.364,-9,3.34216736613
-0.338,-9,3.36687975453
-0.312,-9,3.38845338526
-0.286,-9,3.40661242761
-0.26,-9,3.42110311733
-0.234,-9,3.43169375662
-0.208,-9,3.43817471413
-0.182,-9,3.44035842497
-0.156,-9,3.43807939073
-0.13,-9,3.43119417943
-0.104,-9,3.41958142555
-0.078,-9,3.40314183004
-0.052,-9,3.38179816029
-0.026,-9,3.35549525018
0,-9,3.3242
0.026,-9,3.28790137653
0.052,-9,3.24661041301
0.078,-9,3.20036020911
0.104,-9,3.14920593098
0.13,-9,3.09322481121
0.156,-9,3.03251614888
0.182,-9,2.96720130948
0.208,-9,2.89742372499
0.234,-9,2.82334889384
0.26,-9,2.74516438091
0.286,-9,2.66307981755
0.312,-9,2.57732690155
0.338,-9,2.48815939717
0.364,-9,2.39585313514
0.39,-9,2.3007060126
0.416,-9,2.2030379932
0.442,-9,2.10319110702
0.468,-9,2.0015294506
0.494,-9,1.89843918694
0.52,-9,1.7943285455
0.546,-9,1.68962782218
0.572,-9,1.58478937936
0.598,-9,1.48028764587
0.624,-9,1.376619117
0.65,-9,1.27430235447
0.676,-9,1.1738779865
0.702,-9,1.07590870773
0.728,-9,0.980979279282
0.754,-9,0.889696528724
0.78,-9,0.802689350084
0.806,-9,0.720608703845
0.832,-9,0.644127616948
0.858,-9,0.573941182791
0.884,-9,0.510766561231
0.91,-9,0.455342978578
0.936,-9,0.408431727603
0.962,-9,0.370816167533
0.988,-9,0.343301724051
1.014,-9,0.326715889298
1.04,-9,0.321908221872
1.066,-9,0.329750346828
1.092,-9,0.351135955677
1.118,-9,0.38698080639
1.144,-9,0.438222723392
1.17,-9,0.505821597566
1.196,-9,0.590759386254
1.222,-9,0.694040113252
1.248,-9,0.816689868815
1.274,-9,0.959756809655
1.3,-9,1.12431115894
-1.3,-8.7,4.36165461302
-1.274,-8.7,4.13063295466
-1.248,-8.7,3.92109870474
-1.222,-8.7,3.73198164009
-1.196,-8.7,3.56223360401
-1.17,-8.7,3.41082850624
-1.144,-8.7,3.27676232299
-1.118,-8.7,3.1590530969
-1.092,-8.7,3.05674093711
-1.066,-8.7,2.96888801918
-1.04,-8.7,2.89457858514
-1.014,-8.7,2.83291894348
-0.988,-8.7,2.78303746916
-0.962,-8.7,2.74408460356
-0.936,-8.7,2.71523285454
-0.91,-8.7,2.69567679644
-0.884,-8.7,2.68463307001
-0.858,-8.7,2.68134038249
-0.832,-8.7,2.68505950756
-0.806,-8.7,2.69507328538
-0.78,-8.7,2.71068662253
-0.754,-8.7,2.73122649209
-0.728,-8.7,2.75604193357
-0.702,-8.7,2.78450405293
-0.676,-8.7,2.81600602262
-0.65,-8.7,2.84996308151
-0.624,-8.7,2.88581253496
-0.598,-8.7,2.92301375475
-0.572,-8.7,2.96104817916
-0.546,-8.7,2.9994193129
-0.52,-8.7,3.03765272713
-0.494,-8.7,3.07529605949
-0.468,-8.7,3.11191901407
-0.442,-8.7,3.14711336141
-0.416,-8.7,3.18049293851
-0.39,-8.7,3.21169364883
-0.364,-8.7,3.24037346228
-0.338,-8.7,3.26621241524
-0.312,-8.7,3.28891261053
-0.286,-8.7,3.30819821744
-0.26,-8.7,3.32381547172
-0.234,-8.7,3.33553267557
-0.208,-8.7,3.34314019764
-0.182,-8.7,3.34645047305
-0.156,-8.7,3.34529800337
-0.13,-8.7,3.33953935662
-0.104,-8.7,3.3290531673
-0.078,-8.7,3.31374013635
-0.052,-8.7,3.29352303117
-0.026,-8.7,3.26834668562
0,-8.7,3.238178
0.026,-8.7,3.2030059411
0.052,-8.7,3.16284154213
0.078,-8.7,3.11771790279
0.104,-8.7,3.06769018922
0.13,-8.7,3.01283563402
0.156,-8.7,2.95325353624
0.182,-8.7,2.8890652614
0.208,-8.7,2.82041424147
0.234,-8.7,2.74746597488
0.26,-8.7,2.67040802652
0.286,-8.7,2.58945002771
0.312,-8.7,2.50482367628
0.338,-8.7,2.41678273646
0.364,-8.7,2.32560303899
0.39,-8.7,2.23158248101
0.416,-8.7,2.13504102617
0.442,-8.7,2.03632070455
0.468,-8.7,1.93578561269
0.494,-8.7,1.83382191359
0.52,-8.7,1.73083783671
0.546,-8.7,1.62726367796
0.572,-8.7,1.5235517997
0.598,-8.7,1.42017663077
0.624,-8.7,1.31763466645
0.65,-8.7,1.21644446849
0.676,-8.7,1.11714666507
0.702,-8.7,1.02030395087
0.728,-8.7,0.926501086981
0.754,-8.7,0.836344900985
0.78,-8.7,0.750464286905
0.806,-8.7,0.669510205227
0.832,-8.7,0.59415568289
0.858,-8.7,0.525095813295
0.884,-8.7,0.463047756295
0.91,-8.7,0.408750738203
0.936,-8.7,0.362966051789
0.962,-8.7,0.326477056279
0.988,-8.7,0.300089177358
1.014,-8.7,0.284629907166
1.04,-8.7,0.2809488043
1.066,-8.7,0.289917493817
1.092,-8.7,0.312429667227
1.118,-8.7,0.3494010825
1.144,-8.7,0.401769564063
1.17,-8.7,0.470495002798
1.196,-8.7,0.556559356046
1.222,-8.7,0.660966647605
1.248,-8.7,0.784742967729
1.274,-8.7,0.928936473129
1.3,-8.7,1.09461738698
-1.3,-8.4,4.22222038499
-1.274,-8.4,3.99232529118
-1.248,-8.4,3.78391760582
-1.222,-8.4,3.59592710574
-1.196,-8.4,3.42730563422
-1.17,-8.4,3.27702710101
-1.144,-8.4,3.14408748231
-1.118,-8.4,3.02750482079
-1.092,-8.4,2.92631922556
-1.066,-8.4,2.83959287219
-1.04,-8.4,2.76641000271
-1.014,-8.4,2.70587692562
-0.988,-8.4,2.65712201585
-0.962,-8.4,2.61929571481
-0.936,-8.4,2.59157053036
-0.91,-8.4,2.57314103681
-0.884,-8.4,2.56322387494
-0.858,-8.4,2.56105775198
-0.832,-8.4,2.56590344162
-0.806,-8.4,2.577043784
-0.78,-8.4,2.59378368571
-0.754,-8.4,2.61545011983
-0.728,-8.4,2.64139212587
-0.702,-8.4,2.6709808098
-0.676,-8.4,2.70360934404
-0.65,-8.4,2.73869296749
-0.624,-8.4,2.7756689855
-0.598,-8.4,2.81399676986
-0.572,-8.4,2.85315775883
-0.546,-8.4,2.89265545712
-0.52,-8.4,2.93201543592
-0.494,-8.4,2.97078533284
-0.468,-8.4,3.00853485198
-0.442,-8.4,3.04485576388
-0.416,-8.4,3.07936190554
-0.39,-8.4,3.11168918042
-0.364,-8.4,3.14149555843
-0.338,-8.4,3.16846107595
-0.312,-8.4,3.1922878358
-0.286,-8.4,3.21270000728
-0.26,-8.4,3.22944382612
-0.234,-8.4,3.24228759452
-0.208,-8.4,3.25102168115
-0.182,-8.4,3.25545852112
-0.156,-8.4,3.255432616
-0.13,-8.4,3.25080053382
-0.104,-8.4,3.24144090906
-0.078,-8.4,3.22725444267
-0.052,-8.4,3.20816390205
-0.026,-8.4,3.18411412106
0,-8.4,3.155072
0.026,-8.4,3.12102650566
0.052,-8.4,3.08198867125
0.078,-8.4,3.03799159647
0.104,-8.4,2.98909044746
0.13,-8.4,2.93536245682
0.156,-8.4,2.8769069236
0.182,-8.4,2.81384521333
0.208,-8.4,2.74632075796
0.234,-8.4,2.67449905593
0.26,-8.4,2.59856767212
0.286,-8.4,2.51873623788
0.312,-8.4,2.43523645101
0.338,-8.4,2.34832207575
0.364,-8.4,2.25826894284
0.39,-8.4,2.16537494942
0.416,-8.4,2.06996005915
0.442,-8.4,1.97236630209
0.468,-8.4,1.87295777479
0.494,-8.4,1.77212064025
0.52,-8.4,1.67026312792
0.546,-8.4,1.56781553373
0.572,-8.4,1.46523022004
0.598,-8.4,1.36298161567
0.624,-8.4,1.26156621591
0.65,-8.4,1.16150258251
0.676,-8.4,1.06333134365
0.702,-8.4,0.967615194007
0.728,-8.4,0.874938894681
0.754,-8.4,0.785909273245
0.78,-8.4,0.701155223726
0.806,-8.4,0.621327706609
0.832,-8.4,0.547099748833
0.858,-8.4,0.479166443798
0.884,-8.4,0.418244951359
0.91,-8.4,0.365074497828
0.936,-8.4,0.320416375974
0.962,-8.4,0.285053945026
0.988,-8.4,0.259792630665
1.014,-8.4,0.245459925033
1.04,-8.4,0.242905386729
1.066,-8.4,0.253000640806
1.092,-8.4,0.276639378777
1.118,-8.4,0.314737358611
1.144,-8.4,0.368232404734
1.17,-8.4,0.43808440803
1.196,-8.4,0.525275325839
1.222,-8.4,0.630809181958
1.248,-8.4,0.755712066643
1.274,-8.4,0.901032136604
1.3,-8.4,1.06783961501
-1.3,-8.1,4.08570215695
-1.274,-8.1,3.85693362771
-1.248,-8.1,3.64965250691
-1.222,-8.1,3.46278857138
-1.196,-8.1,3.29529366443
-1.17,-8.1,3.14614169578
-1.144,-8.1,3.01432864164
-1.118,-8.1,2.89887254468
-1.092,-8.1,2.79881351401
-1.066,-8.1,2.7132137252
-1.04,-8.1,2.64115742028
-1.014,-8.1,2.58175090775
-0.988,-8.1,2.53412256254
-0.962,-8.1,2.49742282606
-0.936,-8.1,2.47082420617
-0.91,-8.1,2.45352127719
-0.884,-8.1,2.44473067988
-0.858,-8.1,2.44369112148
-0.832,-8.1,2.44966337568
-0.806,-8.1,2.46193028261
-0.78,-8.1,2.47979674889
-0.754,-8.1,2.50258974757
-0.728,-8.1,2.52965831817
-0.702,-8.1,2.56037356666
-0.676,-8.1,2.59412866546
-0.65,-8.1,2.63033885348
-0.624,-8.1,2.66844143604
-0.598,-8.1,2.70789578496
-0.572,-8.1,2.74818333849
-0.546,-8.1,2.78880760135
-0.52,-8.1,2.8292941447
-0.494,-8.1,2.86919060619
-0.468,-8.1,2.90806668989
-0.442,-8.1,2.94551416635
-0.416,-8.1,2.98114687257
-0.39,-8.1,3.01460071201
-0.364,-8.1,3.04553365458
-0.338,-8.1,3.07362573666
-0.312,-8.1,3.09857906107
-0.286,-8.1,3.12011779711
-0.26,-8.1,3.13798818051
-0.234,-8.1,3.15195851348
-0.208,-8.1,3.16181916467
-0.182,-8.1,3.1673825692
-0.156,-8.1,3.16848322864
-0.13,-8.1,3.16497771102
-0.104,-8.1,3.15674465082
-0.078,-8.1,3.14368474899
-0.052,-8.1,3.12572077293
-0.026,-8.1,3.10279755649
0,-8.1,3.074882
0.026,-8.1,3.04196307022
0.052,-8.1,3.00405180037
0.078,-8.1,2.96118129016
0.104,-8.1,2.91340670571
0.13,-8.1,2.86080527962
0.156,-8.1,2.80347631097
0.182,-8.1,2.74154116525
0.208,-8.1,2.67514327444
0.234,-8.1,2.60444813697
0.26,-8.1,2.52964331773
0.286,-8.1,2.45093844805
0.312,-8.1,2.36856522574
0.338,-8.1,2.28277741504
0.364,-8.1,2.19385084669
0.39,-8.1,2.10208341783
0.416,-8.1,2.00779509212
0.442,-8.1,1.91132789962
0.468,-8.1,1.81304593688
0.494,-8.1,1.7133353669
0.52,-8.1,1.61260441914
0.546,-8.1,1.5112833895
0.572,-8.1,1.40982464037
0.598,-8.1,1.30870260056
0.624,-8.1,1.20841376537
0.65,-8.1,1.10947669652
0.676,-8.1,1.01243202223
0.702,-8.1,0.917842437146
0.728,-8.1,0.826292702381
0.754,-8.1,0.738389645506
0.78,-8.1,0.654762160548
0.806,-8.1,0.576061207991
0.832,-8.1,0.502959814776
0.858,-8.1,0.436153074301
0.884,-8.1,0.376358146423
0.91,-8.1,0.324314257452
0.936,-8.1,0.28078270016
0.962,-8.1,0.246546833772
0.988,-8.1,0.222412083972
1.014,-8.1,0.209205942901
1.04,-8.1,0.207777969157
1.066,-8.1,0.218999787795
1.092,-8.1,0.243765090326
1.118,-8.1,0.282989634721
1.144,-8.1,0.337611245405
1.17,-8.1,0.408589813262
1.196,-8.1,0.496907295631
1.222,-8.1,0.603567716311
1.248,-8.1,0.729597165556
1.274,-8.1,0.876043800079
1.3,-8.1,1.04397784305
-1.3,-7.8,3.95209992892
-1.274,-7.8,3.72445796423
-1.248,-7.8,3.51830340799
-1.222,-7.8,3.33256603703
-1.196,-7.8,3.16619769463
-1.17,-7.8,3.01817229055
-1.144,-7.8,2.88748580097
-1.118,-7.8,2.77315626857
-1.092,-7.8,2.67422380246
-1.066,-7.8,2.58975057821
-1.04,-7.8,2.51882083785
-1.014,-7.8,2.46054088988
-0.988,-7.8,2.41403910923
-0.962,-7.8,2.37846593732
-0.936,-7.8,2.35299388199
-0.91,-7.8,2.33681751756
-0.884,-7.8,2.32915348482
-0.858,-7.8,2.32924049098
-0.832,-7.8,2.33633930973
-0.806,-7.8,2.34973278123
-0.78,-7.8,2.36872581207
-0.754,-7.8,2.39264537531
-0.728,-7.8,2.42084051047
-0.702,-7.8,2.45268232352
-0.676,-7.8,2.48756398688
-0.65,-7.8,2.52490073946
-0.624,-7.8,2.56412988659
-0.598,-7.8,2.60471080006
-0.572,-7.8,2.64612491815
-0.546,-7.8,2.68787574557
-0.52,-7.8,2.72948885349
-0.494,-7.8,2.77051187953
-0.468,-7.8,2.81051452779
-0.442,-7.8,2.84908856881
-0.416,-7.8,2.8858478396
-0.39,-7.8,2.9204282436
-0.364,-7.8,2.95248775073
-0.338,-7.8,2.98170639737
-0.312,-7.8,3.00778628634
-0.286,-7.8,3.03045158694
-0.26,-7.8,3.0494485349
-0.234,-7.8,3.06454543243
-0.208,-7.8,3.07553264818
-0.182,-7.8,3.08222261727
-0.156,-7.8,3.08444984127
-0.13,-7.8,3.08207088821
-0.104,-7.8,3.07496439258
-0.078,-7.8,3.06303105531
-0.052,-7.8,3.04619364381
-0.026,-7.8,3.02439699193
0,-7.8,2.997608
0.026,-7.8,2.96581563478
0.052,-7.8,2.92903092949
0.078,-7.8,2.88728698384
0.104,-7.8,2.84063896395
0.13,-7.8,2.78916410243
0.156,-7.8,2.73296169833
0.182,-7.8,2.67215311718
0.208,-7.8,2.60688179093
0.234,-7.8,2.53731321802
0.26,-7.8,2.46363496334
0.286,-7.8,2.38605665822
0.312,-7.8,2.30481000046
0.338,-7.8,2.22014875433
0.364,-7.8,2.13234875053
0.39,-7.8,2.04170788624
0.416,-7.8,1.94854612509
0.442,-7.8,1.85320549715
0.468,-7.8,1.75605009897
0.494,-7.8,1.65746609355
0.52,-7.8,1.55786171035
0.546,-7.8,1.45766724528
0.572,-7.8,1.35733506071
0.598,-7.8,1.25733958546
0.624,-7.8,1.15817731482
0.65,-7.8,1.06036681054
0.676,-7.8,0.964448700809
0.702,-7.8,0.870985680285
0.728,-7.8,0.780562510081
0.754,-7.8,0.693786017766
0.78,-7.8,0.611285097369
0.806,-7.8,0.533710709372
0.832,-7.8,0.461735880718
0.858,-7.8,0.396055704805
0.884,-7.8,0.337387341487
0.91,-7.8,0.286470017077
0.936,-7.8,0.244065024345
0.962,-7.8,0.210955722518
0.988,-7.8,0.187947537279
1.014,-7.8,0.175867960769
1.04,-7.8,0.175566551585
1.066,-7.8,0.187914934784
1.092,-7.8,0.213806801876
1.118,-7.8,0.254157910831
1.144,-7.8,0.309906086076
1.17,-7.8,0.382011218493
1.196,-7.8,0.471455265424
1.222,-7.8,0.579242250664
1.248,-7.8,0.70639826447
1.274,-7.8,0.853971463553
1.3,-7.8,1.02303207108
-1.3,-7.5,3.82141370088
-1.274,-7.5,3.59489830076
-1.248,-7.5,3.38987030908
-1.222,-7.5,3.20525950268
-1.196,-7.5,3.04001772484
-1.17,-7.5,2.89311888531
-1.144,-7.5,2.7635589603
-1.118,-7.5,2.65035599246
-1.092,-7.5,2.55255009091
-1.066,-7.5,2.46920343122
-1.04,-7.5,2.39940025543
-1.014,-7.5,2.34224687201
-0.988,-7.5,2.29687165593
-0.962,-7.5,2.26242504857
-0.936,-7.5,2.2380795578
-0.91,-7.5,2.22302975794
-0.884,-7.5,2.21649228975
-0.858,-7.5,2.21770586047
-0.832,-7.5,2.22593124379
-0.806,-7.5,2.24045127985
-0.78,-7.5,2.26057087525
-0.754,-7.5,2.28561700305
-0.728,-7.5,2.31493870277
-0.702,-7.5,2.34790708038
-0.676,-7.5,2.38391530831
-0.65,-7.5,2.42237862544
-0.624,-7.5,2.46273433713
-0.598,-7.5,2.50444181517
-0.572,-7.5,2.54698249782
-0.546,-7.5,2.5898598898
-0.52,-7.5,2.63259956227
-0.494,-7.5,2.67474915288
-0.468,-7.5,2.7158783657
-0.442,-7.5,2.75557897128
-0.416,-7.5,2.79346480662
-0.39,-7.5,2.82917177518
-0.364,-7.5,2.86235784688
-0.338,-7.5,2.89270305808
-0.312,-7.5,2.91990951162
-0.286,-7.5,2.94370137677
-0.26,-7.5,2.9638248893
-0.234,-7.5,2.98004835139
-0.208,-7.5,2.9921621317
-0.182,-7.5,2.99997866535
-0.156,-7.5,3.00333245391
-0.13,-7.5,3.00208006541
-0.104,-7.5,2.99610013433
-0.078,-7.5,2.98529336163
-0.052,-7.5,2.96958251469
-0.026,-7.5,2.94891242737
0,-7.5,2.92325
0.026,-7.5,2.89258419934
0.052,-7.5,2.85692605862
0.078,-7.5,2.81630867752
0.104,-7.5,2.77078722219
0.13,-7.5,2.72043892523
0.156,-7.5,2.6653630857
0.182,-7.5,2.6056810691
0.208,-7.5,2.54153630742
0.234,-7.5,2.47309429907
0.26,-7.5,2.40054260894
0.286,-7.5,2.32409086839
0.312,-7.5,2.24397077519
0.338,-7.5,2.16043609362
0.364,-7.5,2.07376265438
0.39,-7.5,1.98424835466
0.416,-7.5,1.89221315806
0.442,-7.5,1.79799909468
0.468,-7.5,1.70197026106
0.494,-7.5,1.60451282021
0.52,-7.5,1.50603500157
0.546,-7.5,1.40696710105
0.572,-7.5,1.30776148104
0.598,-7.5,1.20889257036
0.624,-7.5,1.11085686428
0.65,-7.5,1.01417292456
0.676,-7.5,0.919381379388
0.702,-7.5,0.827044923424
0.728,-7.5,0.73774831778
0.754,-7.5,0.652098390027
0.78,-7.5,0.57072403419
0.806,-7.5,0.494276210754
0.832,-7.5,0.423427946661
0.858,-7.5,0.358874335308
0.884,-7.5,0.301332536551
0.91,-7.5,0.251541776702
0.936,-7.5,0.210263348531
0.962,-7.5,0.178280611264
0.988,-7.5,0.156398990586
1.014,-7.5,0.145445978636
1.04,-7.5,0.146271134013
1.066,-7.5,0.159746081773
1.092,-7.5,0.186764513426
1.118,-7.5,0.228242186942
1.144,-7.5,0.285116926747
1.17,-7.5,0.358348623725
1.196,-7.5,0.448919235216
1.222,-7.5,0.557832785018
1.248,-7.5,0.686115363384
1.274,-7.5,0.834815127028
1.3,-7.5,1.00500229912
-1.3,-7.2,3.69364347285
-1.274,-7.2,3.46825463728
-1.248,-7.2,3.26435321017
-1.222,-7.2,3.08086896832
-1.196,-7.2,2.91675375505
-1.17,-7.2,2.77098148008
-1.144,-7.2,2.64254811963
-1.118,-7.2,2.53047171635
-1.092,-7.2,2.43379237936
-1.066,-7.2,2.35157228423
-1.04,-7.2,2.282895673
-1.014,-7.2,2.22686885415
-0.988,-7.2,2.18262020262
-0.962,-7.2,2.14930015983
-0.936,-7.2,2.12608123362
-0.91,-7.2,2.11215799831
-0.884,-7.2,2.10674709469
-0.858,-7.2,2.10908722997
-0.832,-7.2,2.11843917785
-0.806,-7.2,2.13408577847
-0.78,-7.2,2.15533193843
-0.754,-7.2,2.18150463079
-0.728,-7.2,2.21195289507
-0.702,-7.2,2.24604783724
-0.676,-7.2,2.28318262973
-0.65,-7.2,2.32277251142
-0.624,-7.2,2.36425478767
-0.598,-7.2,2.40708883027
-0.572,-7.2,2.45075607748
-0.546,-7.2,2.49476003402
-0.52,-7.2,2.53862627106
-0.494,-7.2,2.58190242623
-0.468,-7.2,2.62415820361
-0.442,-7.2,2.66498537375
-0.416,-7.2,2.70399777365
-0.39,-7.2,2.74083130677
-0.364,-7.2,2.77514394303
-0.338,-7.2,2.80661571879
-0.312,-7.2,2.83494873689
-0.286,-7.2,2.85986716661
-0.26,-7.2,2.88111724369
-0.234,-7.2,2.89846727034
-0.208,-7.2,2.91170761521
-0.182,-7.2,2.92065071342
-0.156,-7.2,2.92513106654
-0.13,-7.2,2.9250052426
-0.104,-7.2,2.92015187609
-0.078,-7.2,2.91047166794
-0.052,-7.2,2.89588738557
-0.026,-7.2,2.87634386281
0,-7.2,2.851808
0.026,-7.2,2.8222687639
0.052,-7.2,2.78773718774
0.078,-7.2,2.7482463712
0.104,-7.2,2.70385148043
0.13,-7.2,2.65462974804
0.156,-7.2,2.60068047306
0.182,-7.2,2.54212502103
0.208,-7.2,2.4791068239
0.234,-7.2,2.41179138011
0.26,-7.2,2.34036625455
0.286,-7.2,2.26504107855
0.312,-7.2,2.18604754992
0.338,-7.2,2.10363943291
0.364,-7.2,2.01809255823
0.39,-7.2,1.92970482307
0.416,-7.2,1.83879619103
0.442,-7.2,1.74570869221
0.468,-7.2,1.65080642316
0.494,-7.2,1.55447554686
0.52,-7.2,1.45712429278
0.546,-7.2,1.35918295683
0.572,-7.2,1.26110390138
0.598,-7.2,1.16336155525
0.624,-7.2,1.06645241374
0.65,-7.2,0.970895038576
0.676,-7.2,0.877230057966
0.702,-7.2,0.786020166563
0.728,-7.2,0.69785012548
0.754,-7.2,0.613326762287
0.78,-7.2,0.533078971011
0.806,-7.2,0.457757712136
0.832,-7.2,0.388036012603
0.858,-7.2,0.324608965811
0.884,-7.2,0.268193731615
0.91,-7.2,0.219529536326
0.936,-7.2,0.179377672716
0.962,-7.2,0.14852150001
0.988,-7.2,0.127766443892
1.014,-7.2,0.117939996504
1.04,-7.2,0.119891716442
1.066,-7.2,0.134493228762
1.092,-7.2,0.162638224975
1.118,-7.2,0.205242463052
1.144,-7.2,0.263243767418
1.17,-7.2,0.337602028957
1.196,-7.2,0.429299205009
1.222,-7.2,0.539339319371
1.248,-7.2,0.668748462298
1.274,-7.2,0.818574790502
1.3,-7.2,0.989888527152
-1.3,-6.9,3.56878924481
-1.274,-6.9,3.34452697381
-1.248,-6.9,3.14175211125
-1.222,-6.9,2.95939443397
-1.196,-6.9,2.79640578526
-1.17,-6.9,2.65176007485
-1.144,-6.9,2.52445327896
-1.118,-6.9,2.41350344024
-1.092,-6.9,2.31795066781
-1.066,-6.9,2.23685713724
-1.04,-6.9,2.16930709057
-1.014,-6.9,2.11440683628
-0.988,-6.9,2.07128474931
-0.962,-6.9,2.03909127108
-0.936,-6.9,2.01699890943
-0.91,-6.9,2.00420223869
-0.884,-6.9,1.99991789962
-0.858,-6.9,2.00338459947
-0.832,-6.9,2.01386311191
-0.806,-6.9,2.03063627709
-0.78,-6.9,2.05300900161
-0.754,-6.9,2.08030825853
-0.728,-6.9,2.11188308737
-0.702,-6.9,2.1471045941
-0.676,-6.9,2.18536595115
-0.65,-6.9,2.22608239741
-0.624,-6.9,2.26869123821
-0.598,-6.9,2.31265184538
-0.572,-6.9,2.35744565715
-0.546,-6.9,2.40257617825
-0.52,-6.9,2.44756897985
-0.494,-6.9,2.49197169957
-0.468,-6.9,2.53535404152
-0.442,-6.9,2.57730777622
-0.416,-6.9,2.61744674068
-0.39,-6.9,2.65540683836
-0.364,-6.9,2.69084603918
-0.338,-6.9,2.7234443795
-0.312,-6.9,2.75290396216
-0.286,-6.9,2.77894895644
-0.26,-6.9,2.80132559808
-0.234,-6.9,2.81980218929
-0.208,-6.9,2.83416909873
-0.182,-6.9,2.8442387615
-0.156,-6.9,2.84984567918
-0.13,-6.9,2.8508464198
-0.104,-6.9,2.84711961785
-0.078,-6.9,2.83856597426
-0.052,-6.9,2.82510825644
-0.026,-6.9,2.80669129825
0,-6.9,2.783282
0.026,-6.9,2.75486932846
0.052,-6.9,2.72146431686
0.078,-6.9,2.68310006488
0.104,-6.9,2.63983173868
0.13,-6.9,2.59173657084
0.156,-6.9,2.53891386043
0.182,-6.9,2.48148497295
0.208,-6.9,2.41959334039
0.234,-6.9,2.35340446116
0.26,-6.9,2.28310590016
0.286,-6.9,2.20890728872
0.312,-6.9,2.13104032465
0.338,-6.9,2.0497587722
0.364,-6.9,1.96533846208
0.39,-6.9,1.87807729148
0.416,-6.9,1.788295224
0.442,-6.9,1.69633428975
0.468,-6.9,1.60255858525
0.494,-6.9,1.50735427351
0.52,-6.9,1.41112958399
0.546,-6.9,1.3143148126
0.572,-6.9,1.21736232171
0.598,-6.9,1.12074654015
0.624,-6.9,1.02496396319
0.65,-6.9,0.930533152594
0.676,-6.9,0.837994736544
0.702,-6.9,0.747911409702
0.728,-6.9,0.66086793318
0.754,-6.9,0.577471134548
0.78,-6.9,0.498349907832
0.806,-6.9,0.424155213518
0.832,-6.9,0.355560078546
0.858,-6.9,0.293259596314
0.884,-6.9,0.237970926679
0.91,-6.9,0.190433295951
0.936,-6.9,0.151407996902
0.962,-6.9,0.121678388756
0.988,-6.9,0.102049897199
1.014,-6.9,0.0933500143712
1.04,-6.9,0.09642829887
1.066,-6.9,0.112156375751
1.092,-6.9,0.141427936525
1.118,-6.9,0.185158739163
1.144,-6.9,0.244286608089
1.17,-6.9,0.319771434189
1.196,-6.9,0.412595174801
1.222,-6.9,0.523761853724
1.248,-6.9,0.654297561212
1.274,-6.9,0.805250453977
1.3,-6.9,0.977690755187
-1.3,-6.6,3.44685101678
-1.274,-6.6,3.22371531034
-1.248,-6.6,3.02206701234
-1.222,-6.6,2.84083589962
-1.196,-6.6,2.67897381546
-1.17,-6.6,2.53545466962
-1.144,-6.6,2.40927443829
-1.118,-6.6,2.29945116413
-1.092,-6.6,2.20502495626
-1.066,-6.6,2.12505799025
-1.04,-6.6,2.05863450814
-1.014,-6.6,2.00486081841
-0.988,-6.6,1.96286529601
-0.962,-6.6,1.93179838233
-0.936,-6.6,1.91083258525
-0.91,-6.6,1.89916247906
-0.884,-6.6,1.89600470456
-0.858,-6.6,1.90059796896
-0.832,-6.6,1.91220304596
-0.806,-6.6,1.9301027757
-0.78,-6.6,1.95360206479
-0.754,-6.6,1.98202788627
-0.728,-6.6,2.01472927967
-0.702,-6.6,2.05107735096
-0.676,-6.6,2.09046527257
-0.65,-6.6,2.13230828339
-0.624,-6.6,2.17604368876
-0.598,-6.6,2.22113086048
-0.572,-6.6,2.26705123681
-0.546,-6.6,2.31330832247
-0.52,-6.6,2.35942768863
-0.494,-6.6,2.40495697292
-0.468,-6.6,2.44946587942
-0.442,-6.6,2.49254617869
-0.416,-6.6,2.53381170771
-0.39,-6.6,2.57289836995
-0.364,-6.6,2.60946413533
-0.338,-6.6,2.64318904021
-0.312,-6.6,2.67377518743
-0.286,-6.6,2.70094674627
-0.26,-6.6,2.72444995248
-0.234,-6.6,2.74405310825
-0.208,-6.6,2.75954658224
-0.182,-6.6,2.77074280957
-0.156,-6.6,2.77747629182
-0.13,-6.6,2.779603597
-0.104,-6.6,2.7770033596
-0.078,-6.6,2.76957628058
-0.052,-6.6,2.75724512732
-0.026,-6.6,2.73995473369
0,-6.6,2.717672
0.026,-6.6,2.69038589302
0.052,-6.6,2.65810744598
0.078,-6.6,2.62086975857
0.104,-6.6,2.57872799692
0.13,-6.6,2.53175939364
0.156,-6.6,2.48006324779
0.182,-6.6,2.42376092488
0.208,-6.6,2.36299585687
0.234,-6.6,2.29793354221
0.26,-6.6,2.22876154576
0.286,-6.6,2.15568949889
0.312,-6.6,2.07894909938
0.338,-6.6,1.99879411149
0.364,-6.6,1.91550036593
0.39,-6.6,1.82936575989
0.416,-6.6,1.74071025697
0.442,-6.6,1.64987588728
0.468,-6.6,1.55722674734
0.494,-6.6,1.46314900017
0.52,-6.6,1.36805087521
0.546,-6.6,1.27236266838
0.572,-6.6,1.17653674205
0.598,-6.6,1.08104752504
0.624,-6.6,0.986391512651
0.65,-6.6,0.893087266611
0.676,-6.6,0.801675415123
0.702,-6.6,0.712718652841
0.728,-6.6,0.62680174088
0.754,-6.6,0.544531506808
0.78,-6.6,0.466536844654
0.806,-6.6,0.3934687149
0.832,-6.6,0.326000144489
0.858,-6.6,0.264826226818
0.884,-6.6,0.210664121743
0.91,-6.6,0.164253055576
0.936,-6.6,0.126354321087
0.962,-6.6,0.0977512775025
0.988,-6.6,0.0792493505061
1.014,-6.6,0.0716760322388
1.04,-6.6,0.0758808812982
1.066,-6.6,0.0927355227395
1.092,-6.6,0.123133648075
1.118,-6.6,0.167991015273
1.144,-6.6,0.22824544876
1.17,-6.6,0.30485683942
1.196,-6.6,0.398807144594
1.222,-6.6,0.511100388077
1.248,-6.6,0.642762660126
1.274,-6.6,0.794842117452
1.3,-6.6,0.968408983223
-1.3,-6.3,3.32782878874
-1.274,-6.3,3.10581964686
-1.248,-6.3,2.90529791342
-1.222,-6.3,2.72519336527
-1.196,-6.3,2.56445784567
-1.17,-6.3,2.42206526439
-1.144,-6.3,2.29701159762
-1.118,-6.3,2.18831488802
-1.092,-6.3,2.09501524471
-1.066,-6.3,2.01617484327
-1.04,-6.3,1.95087792571
-1.014,-6.3,1.89823080054
-0.988,-6.3,1.8573618427
-0.962,-6.3,1.82742149359
-0.936,-6.3,1.80758226106
-0.91,-6.3,1.79703871944
-0.884,-6.3,1.7950075095
-0.858,-6.3,1.80072733846
-0.832,-6.3,1.81345898002
-0.806,-6.3,1.83248527432
-0.78,-6.3,1.85711112797
-0.754,-6.3,1.88666351401
-0.728,-6.3,1.92049147197
-0.702,-6.3,1.95796610782
-0.676,-6.3,1.99848059399
-0.65,-6.3,2.04145016937
-0.624,-6.3,2.0863121393
-0.598,-6.3,2.13252587558
-0.572,-6.3,2.17957281648
-0.546,-6.3,2.2269564667
-0.52,-6.3,2.27420239742
-0.494,-6.3,2.32085824627
-0.468,-6.3,2.36649371733
-0.442,-6.3,2.41070058115
-0.416,-6.3,2.45309267474
-0.39,-6.3,2.49330590154
-0.364,-6.3,2.53099823148
-0.338,-6.3,2.56584970092
-0.312,-6.3,2.5975624127
-0.286,-6.3,2.6258605361
-0.26,-6.3,2.65049030687
-0.234,-6.3,2.6712200272
-0.208,-6.3,2.68784006576
-0.182,-6.3,2.70016285765
-0.156,-6.3,2.70802290445
-0.13,-6.3,2.71127677419
-0.104,-6.3,2.70980310136
-0.078,-6.3,2.7035025869
-0.052,-6.3,2.6922979982
-0.026,-6.3,2.67613416913
0,-6.3,2.654978
0.026,-6.3,2.62881845758
0.052,-6.3,2.5976665751
0.078,-6.3,2.56155545225
0.104,-6.3,2.52054025516
0.13,-6.3,2.47469821645
0.156,-6.3,2.42412863515
0.182,-6.3,2.3689528768
0.208,-6.3,2.30931437336
0.234,-6.3,2.24537862325
0.26,-6.3,2.17733319137
0.286,-6.3,2.10538770906
0.312,-6.3,2.02977387411
0.338,-6.3,1.95074545078
0.364,-6.3,1.86857826978
0.39,-6.3,1.7835702283
0.416,-6.3,1.69604128994
0.442,-6.3,1.60633348481
0.468,-6.3,1.51481090944
0.494,-6.3,1.42185972682
0.52,-6.3,1.32788816642
0.546,-6.3,1.23332652415
0.572,-6.3,1.13862716238
0.598,-6.3,1.04426450994
0.624,-6.3,0.950735062108
0.65,-6.3,0.858557380629
0.676,-6.3,0.768272093701
0.702,-6.3,0.68044189598
0.728,-6.3,0.59565154858
0.754,-6.3,0.514507879069
0.78,-6.3,0.437639781475
0.806,-6.3,0.365698216282
0.832,-6.3,0.299356210431
0.858,-6.3,0.239308857321
0.884,-6.3,0.186273316807
0.91,-6.3,0.140988815201
0.936,-6.3,0.104216645272
0.962,-6.3,0.0767401662486
0.988,-6.3,0.059364803813
1.014,-6.3,0.0529180501063
1.04,-6.3,0.0582494637265
1.066,-6.3,0.0762306697285
1.092,-6.3,0.107755359624
1.118,-6.3,0.153739291383
1.144,-6.3,0.215120289431
1.17,-6.3,0.292858244652
1.196,-6.3,0.387935114386
1.222,-6.3,0.50135492243
1.248,-6.3,0.63414375904
1.274,-6.3,0.787349780926
1.3,-6.3,0.962043211258
-1.3,-6,3.21172256071
-1.274,-6,2.99083998339
-1.248,-6,2.79144481451
-1.222,-6,2.61246683091
-1.196,-6,2.45285787588
-1.17,-6,2.31159185916
-1.144,-6,2.18766475695
-1.118,-6,2.08009461191
-1.092,-6,1.98792153316
-1.066,-6,1.91020769628
-1.04,-6,1.84603734329
-1.014,-6,1.79451678268
-0.988,-6,1.75477438939
-0.962,-6,1.72596060484
-0.936,-6,1.70724793688
-0.91,-6,1.69783095981
-0.884,-6,1.69692631443
-0.858,-6,1.70377270796
-0.832,-6,1.71763091408
-0.806,-6,1.73778377294
-0.78,-6,1.76353619114
-0.754,-6,1.79421514175
-0.728,-6,1.82916966427
-0.702,-6,1.86777086468
-0.676,-6,1.90941191541
-0.65,-6,1.95350805535
-0.624,-6,1.99949658984
-0.598,-6,2.04683689069
-0.572,-6,2.09501039614
-0.546,-6,2.14352061092
-0.52,-6,2.1918931062
-0.494,-6,2.23967551961
-0.468,-6,2.28643755524
-0.442,-6,2.33177098362
-0.416,-6,2.37528964177
-0.39,-6,2.41662943313
-0.364,-6,2.45544832763
-0.338,-6,2.49142636163
-0.312,-6,2.52426563797
-0.286,-6,2.55369032593
-0.26,-6,2.57944666126
-0.234,-6,2.60130294615
-0.208,-6,2.61904954927
-0.182,-6,2.63249890572
-0.156,-6,2.64148551709
-0.13,-6,2.64586595139
-0.104,-6,2.64551884312
-0.078,-6,2.64034489322
-0.052,-6,2.63026686908
-0.026,-6,2.61522960457
0,-6,2.5952
0.026,-6,2.57016702214
0.052,-6,2.54014170422
0.078,-6,2.50515714593
0.104,-6,2.46526851341
0.13,-6,2.42055303925
0.156,-6,2.37111002252
0.182,-6,2.31706082873
0.208,-6,2.25854888984
0.234,-6,2.1957397043
0.26,-6,2.12882083698
0.286,-6,2.05800191922
0.312,-6,1.98351464883
0.338,-6,1.90561279007
0.364,-6,1.82457217363
0.39,-6,1.74069069671
0.416,-6,1.65428832292
0.442,-6,1.56570708234
0.468,-6,1.47531107153
0.494,-6,1.38348645348
0.52,-6,1.29064145764
0.546,-6,1.19720637993
0.572,-6,1.10363358272
0.598,-6,1.01039749484
0.624,-6,0.917994611565
0.65,-6,0.826943494647
0.676,-6,0.737784772279
0.702,-6,0.651081139119
0.728,-6,0.567417356279
0.754,-6,0.487400251329
0.78,-6,0.411658718296
0.806,-6,0.340843717664
0.832,-6,0.275628276374
0.858,-6,0.216707487824
0.884,-6,0.164798511871
0.91,-6,0.120640574825
0.936,-6,0.0849949694579
0.962,-6,0.0586450549948
0.988,-6,0.0423962571198
1.014,-6,0.0370760679739
1.04,-6,0.0435340461547
1.066,-6,0.0626418167174
1.092,-6,0.095293071174
1.118,-6,0.142403567494
1.144,-6,0.204911130103
1.17,-6,0.283775649884
1.196,-6,0.379979084179
1.222,-6,0.494525456784
1.248,-6,0.628440857954
1.274,-6,0.782773444401
1.3,-6,0.958593439293
-1.3,-5.7,3.09853233267
-1.274,-5.7,2.87877631991
-1.248,-5.7,2.6805077156
-1.222,-5.7,2.50265629656
-1.196,-5.7,2.34417390609
-1.17,-5.7,2.20403445392
-1.144,-5.7,2.08123391628
-1.118,-5.7,1.9747903358
-1.092,-5.7,1.88374382161
-1.066,-5.7,1.80715654929
-1.04,-5.7,1.74411276086
-1.014,-5.7,1.69371876481
-0.988,-5.7,1.65510293609
-0.962,-5.7,1.62741571609
-0.936,-5.7,1.60982961269
-0.91,-5.7,1.60153920019
-0.884,-5.7,1.60176111937
-0.858,-5.7,1.60973407745
-0.832,-5.7,1.62471884814
-0.806,-5.7,1.64599827156
-0.78,-5.7,1.67287725432
-0.754,-5.7,1.70468276949
-0.728,-5.7,1.74076385657
-0.702,-5.7,1.78049162154
-0.676,-5.7,1.82325923684
-0.65,-5.7,1.86848194134
-0.624,-5.7,1.91559704039
-0.598,-5.7,1.96406390579
-0.572,-5.7,2.01336397581
-0.546,-5.7,2.06300075515
-0.52,-5.7,2.11249981499
-0.494,-5.7,2.16140879296
-0.468,-5.7,2.20929739314
-0.442,-5.7,2.25575738609
-0.416,-5.7,2.3004026088
-0.39,-5.7,2.34286896472
-0.364,-5.7,2.38281442378
-0.338,-5.7,2.41991902234
-0.312,-5.7,2.45388486325
-0.286,-5.7,2.48443611577
-0.26,-5.7,2.51131901565
-0.234,-5.7,2.53430186511
-0.208,-5.7,2.55317503278
-0.182,-5.7,2.5677509538
-0.156,-5.7,2.57786412972
-0.13,-5.7,2.58337112859
-0.104,-5.7,2.58415058488
-0.078,-5.7,2.58010319953
-0.052,-5.7,2.57115173996
-0.026,-5.7,2.55724104001
0,-5.7,2.538338
0.026,-5.7,2.5144315867
0.052,-5.7,2.48553283334
0.078,-5.7,2.45167483961
0.104,-5.7,2.41291277165
0.13,-5.7,2.36932386205
0.156,-5.7,2.32100740988
0.182,-5.7,2.26808478065
0.208,-5.7,2.21069940633
0.234,-5.7,2.14901678535
0.26,-5.7,2.08322448259
0.286,-5.7,2.01353212939
0.312,-5.7,1.94017142356
0.338,-5.7,1.86339612936
0.364,-5.7,1.78348207748
0.39,-5.7,1.70072716512
0.416,-5.7,1.61545135589
0.442,-5.7,1.52799667987
0.468,-5.7,1.43872723362
0.494,-5.7,1.34802918013
0.52,-5.7,1.25631074885
0.546,-5.7,1.1640022357
0.572,-5.7,1.07155600305
0.598,-5.7,0.979446479733
0.624,-5.7,0.888170161022
0.65,-5.7,0.798245608664
0.676,-5.7,0.710213450858
0.702,-5.7,0.624636382259
0.728,-5.7,0.542099163979
0.754,-5.7,0.46320862359
0.78,-5.7,0.388593655117
0.806,-5.7,0.318905219046
0.832,-5.7,0.254816342317
0.858,-5.7,0.197022118328
0.884,-5.7,0.146239706935
0.91,-5.7,0.10320833445
0.936,-5.7,0.0686892936433
0.962,-5.7,0.0434659437409
0.988,-5.7,0.0283437104267
1.014,-5.7,0.0241500858414
1.04,-5.7,0.031734628583
1.066,-5.7,0.0519689637064
1.092,-5.7,0.0857467827237
1.118,-5.7,0.133983843604
1.144,-5.7,0.197617970774
1.17,-5.7,0.277609055116
1.196,-5.7,0.374939053971
1.222,-5.7,0.490611991137
1.248,-5.7,0.625653956868
1.274,-5.7,0.781113107875
1.3,-5.7,0.958059667329
-1.3,-5.4,2.98825810464
-1.274,-5.4,2.76962865644
-1.248,-5.4,2.57248661668
-1.222,-5.4,2.39576176221
-1.196,-5.4,2.23840593629
-1.17,-5.4,2.09939304869
-1.144,-5.4,1.9777190756
-1.118,-5.4,1.87240205969
-1.092,-5.4,1.78248211006
-1.066,-5.4,1.7070214023
-1.04,-5.4,1.64510417843
-1.014,-5.4,1.59583674694
-0.988,-5.4,1.55834748278
-0.962,-5.4,1.53178682735
-0.936,-5.4,1.5153272885
-0.91,-5.4,1.50816344057
-0.884,-5.4,1.5095119243
-0.858,-5.4,1.51861144695
-0.832,-5.4,1.53472278219
-0.806,-5.4,1.55712877018
-0.78,-5.4,1.5851343175
-0.754,-5.4,1.61806639723
-0.728,-5.4,1.65527404887
-0.702,-5.4,1.6961283784
-0.676,-5.4,1.74002255826
-0.65,-5.4,1.78637182732
-0.624,-5.4,1.83461349093
-0.598,-5.4,1.88420692089
-0.572,-5.4,1.93463355547
-0.546,-5.4,1.98539689937
-0.52,-5.4,2.03602252377
-0.494,-5.4,2.08605806631
-0.468,-5.4,2.13507323105
-0.442,-5.4,2.18265978856
-0.416,-5.4,2.22843157583
-0.39,-5.4,2.27202449631
-0.364,-5.4,2.31309651993
-0.338,-5.4,2.35132768306
-0.312,-5.4,2.38642008852
-0.286,-5.4,2.4180979056
-0.26,-5.4,2.44610737005
-0.234,-5.4,2.47021678406
-0.208,-5.4,2.4902165163
-0.182,-5.4,2.50591900187
-0.156,-5.4,2.51715874236
-0.13,-5.4,2.52379230578
-0.104,-5.4,2.52569832663
-0.078,-5.4,2.52277750585
-0.052,-5.4,2.51495261084
-0.026,-5.4,2.50216847545
0,-5.4,2.484392
0.026,-5.4,2.46161215126
0.052,-5.4,2.43383996247
0.078,-5.4,2.40110853329
0.104,-5.4,2.36347302989
0.13,-5.4,2.32101068486
0.156,-5.4,2.27382079725
0.182,-5.4,2.22202473258
0.208,-5.4,2.16576592281
0.234,-5.4,2.10520986639
0.26,-5.4,2.04054412819
0.286,-5.4,1.97197833956
0.312,-5.4,1.89974419829
0.338,-5.4,1.82409546865
0.364,-5.4,1.74530798133
0.39,-5.4,1.66367963353
0.416,-5.4,1.57953038886
0.442,-5.4,1.49320227741
0.468,-5.4,1.40505939571
0.494,-5.4,1.31548790678
0.52,-5.4,1.22489604007
0.546,-5.4,1.13371409148
0.572,-5.4,1.04239442339
0.598,-5.4,0.951411464629
0.624,-5.4,0.861261710479
0.65,-5.4,0.772463722682
0.676,-5.4,0.685558129436
0.702,-5.4,0.601107625398
0.728,-5.4,0.519696971679
0.754,-5.4,0.44193299585
0.78,-5.4,0.368444591938
0.806,-5.4,0.299882720428
0.832,-5.4,0.236920408259
0.858,-5.4,0.180252748831
0.884,-5.4,0.130596901999
0.91,-5.4,0.0886920940749
0.936,-5.4,0.0552996178287
0.962,-5.4,0.0312028324871
0.988,-5.4,0.0172071637335
1.014,-5.4,0.014140103709
1.04,-5.4,0.0228512110113
1.066,-5.4,0.0442121106954
1.092,-5.4,0.0791164942734
1.118,-5.4,0.128480119714
1.144,-5.4,0.193240811445
1.17,-5.4,0.274358460348
1.196,-5.4,0.372815023764
1.222,-5.4,0.48961452549
1.248,-5.4,0.625783055782
1.274,-5.4,0.78236877135
1.3,-5.4,0.960441895364
-1.3,-5.1,2.8808998766
-1.274,-5.1,2.66339699296
-1.248,-5.1,2.46738151777
-1.222,-5.1,2.29178322785
-1.196,-5.1,2.1355539665
-1.17,-5.1,1.99766764346
-1.144,-5.1,1.87712023493
-1.118,-5.1,1.77292978358
-1.092,-5.1,1.68413639851
-1.066,-5.1,1.60980225531
-1.04,-5.1,1.549011596
-1.014,-5.1,1.50087072907
-0.988,-5.1,1.46450802947
-0.962,-5.1,1.4390739386
-0.936,-5.1,1.42374096432
-0.91,-5.1,1.41770368094
-0.884,-5.1,1.42017872924
-0.858,-5.1,1.43040481645
-0.832,-5.1,1.44764271625
-0.806,-5.1,1.47117526879
-0.78,-5.1,1.50030738068
-0.754,-5.1,1.53436602497
-0.728,-5.1,1.57270024117
-0.702,-5.1,1.61468113527
-0.676,-5.1,1.65970187968
-0.65,-5.1,1.7071777133
-0.624,-5.1,1.75654594147
-0.598,-5.1,1.807265936
-0.572,-5.1,1.85881913513
-0.546,-5.1,1.9107090436
-0.52,-5.1,1.96246123256
-0.494,-5.1,2.01362333965
-0.468,-5.1,2.06376506896
-0.442,-5.1,2.11247819103
-0.416,-5.1,2.15937654285
-0.39,-5.1,2.2040960279
-0.364,-5.1,2.24629461608
-0.338,-5.1,2.28565234377
-0.312,-5.1,2.32187131379
-0.286,-5.1,2.35467569543
-0.26,-5.1,2.38381172444
-0.234,-5.1,2.40904770301
-0.208,-5.1,2.43017399981
-0.182,-5.1,2.44700304995
-0.156,-5.1,2.45936935499
-0.13,-5.1,2.46712948298
-0.104,-5.1,2.47016206839
-0.078,-5.1,2.46836781217
-0.052,-5.1,2.46166948172
-0.026,-5.1,2.45001191089
0,-5.1,2.433362
0.026,-5.1,2.41170871582
0.052,-5.1,2.38506309159
0.078,-5.1,2.35345822698
0.104,-5.1,2.31694928813
0.13,-5.1,2.27561350766
0.156,-5.1,2.22955018461
0.182,-5.1,2.1788806845
0.208,-5.1,2.1237484393
0.234,-5.1,2.06431894744
0.26,-5.1,2.0007797738
0.286,-5.1,1.93334054973
0.312,-5.1,1.86223297302
0.338,-5.1,1.78771080793
0.364,-5.1,1.71004988518
0.39,-5.1,1.62954810194
0.416,-5.1,1.54652542183
0.442,-5.1,1.46132387494
0.468,-5.1,1.37430755781
0.494,-5.1,1.28586263344
0.52,-5.1,1.19639733128
0.546,-5.1,1.10634194725
0.572,-5.1,1.01614884373
0.598,-5.1,0.926292449526
0.624,-5.1,0.837269259936
0.65,-5.1,0.7495978367
0.676,-5.1,0.663818808015
0.702,-5.1,0.580494868537
0.728,-5.1,0.500210779379
0.754,-5.1,0.423573368111
0.78,-5.1,0.35121152876
0.806,-5.1,0.28377622181
0.832,-5.1,0.221940474202
0.858,-5.1,0.166399379334
0.884,-5.1,0.117870097063
0.91,-5.1,0.0770918536996
0.936,-5.1,0.0448259420142
0.962,-5.1,0.0218557212332
0.988,-5.1,0.00898661704038
1.014,-5.1,0.00704612157653
1.04,-5.1,0.0168837934395
1.066,-5.1,0.0393712576843
1.092,-5.1,0.0754022058231
1.118,-5.1,0.125892395825
1.144,-5.1,0.191779652116
1.17,-5.1,0.274023865579
1.196,-5.1,0.373606993556
1.222,-5.1,0.491533059843
1.248,-5.1,0.628828154696
1.274,-5.1,0.786540434825
1.3,-5.1,0.965740123399
-1.3,-4.8,2.77645764857
-1.274,-4.8,2.56008132949
-1.248,-4.8,2.36519241885
-1.222,-4.8,2.1907206935
-1.196,-4.8,2.03561799671
-1.17,-4.8,1.89885823823
-1.144,-4.8,1.77943739426
-1.118,-4.8,1.67637350747
-1.092,-4.8,1.58870668696
-1.066,-4.8,1.51549910832
-1.04,-4.8,1.45583501357
-1.014,-4.8,1.40882071121
-0.988,-4.8,1.37358457617
-0.962,-4.8,1.34927704986
-0.936,-4.8,1.33507064013
-0.91,-4.8,1.33015992132
-0.884,-4.8,1.33376153418
-0.858,-4.8,1.34511418594
-0.832,-4.8,1.36347865031
-0.806,-4.8,1.38813776741
-0.78,-4.8,1.41839644386
-0.754,-4.8,1.45358165271
-0.728,-4.8,1.49304243347
-0.702,-4.8,1.53614989213
-0.676,-4.8,1.5822972011
-0.65,-4.8,1.63089959928
-0.624,-4.8,1.68139439202
-0.598,-4.8,1.7332409511
-0.572,-4.8,1.7859207148
-0.546,-4.8,1.83893718782
-0.52,-4.8,1.89181594135
-0.494,-4.8,1.944104613
-0.468,-4.8,1.99537290687
-0.442,-4.8,2.04521259349
-0.416,-4.8,2.09323750988
-0.39,-4.8,2.13908355949
-0.364,-4.8,2.18240871223
-0.338,-4.8,2.22289300448
-0.312,-4.8,2.26023853906
-0.286,-4.8,2.29416948526
-0.26,-4.8,2.32443207883
-0.234,-4.8,2.35079462197
-0.208,-4.8,2.37304748333
-0.182,-4.8,2.39100309802
-0.156,-4.8,2.40449596763
-0.13,-4.8,2.41338266018
-0.104,-4.8,2.41754181015
-0.078,-4.8,2.41687411849
-0.052,-4.8,2.41130235259
-0.026,-4.8,2.40077134633
0,-4.8,2.385248
0.026,-4.8,2.36472128038
0.052,-4.8,2.33920222071
0.078,-4.8,2.30872392066
0.104,-4.8,2.27334154638
0.13,-4.8,2.23313233046
0.156,-4.8,2.18819557197
0.182,-4.8,2.13865263643
0.208,-4.8,2.08464695579
0.234,-4.8,2.02634402848
0.26,-4.8,1.96393141941
0.286,-4.8,1.8976187599
0.312,-4.8,1.82763774775
0.338,-4.8,1.75424214722
0.364,-4.8,1.67770778903
0.39,-4.8,1.59833257035
0.416,-4.8,1.5164364548
0.442,-4.8,1.43236147247
0.468,-4.8,1.3464717199
0.494,-4.8,1.25915336009
0.52,-4.8,1.17081462249
0.546,-4.8,1.08188580303
0.572,-4.8,0.992819264062
0.598,-4.8,0.904089434422
0.624,-4.8,0.816192809393
0.65,-4.8,0.729647950717
0.676,-4.8,0.644995486593
0.702,-4.8,0.562798111676
0.728,-4.8,0.483640587079
0.754,-4.8,0.408129740371
0.78,-4.8,0.336894465581
0.806,-4.8,0.270585723191
0.832,-4.8,0.209876540144
0.858,-4.8,0.155462009838
0.884,-4.8,0.108059292127
0.91,-4.8,0.0684076133243
0.936,-4.8,0.0372682661996
0.962,-4.8,0.0154246099793
0.988,-4.8,0.00368207034723
1.014,-4.8,0.00286813944409
1.04,-4.8,0.0138323758678
1.066,-4.8,0.0374464046733
1.092,-4.8,0.0746039173727
1.118,-4.8,0.126220671935
1.144,-4.8,0.193234492787
1.17,-4.8,0.276605270811
1.196,-4.8,0.377314963349
1.222,-4.8,0.496367594197
1.248,-4.8,0.63478925361
1.274,-4.8,0.793628098299
1.3,-4.8,0.973954351435
-1.3,-4.5,2.67493142053
-1.274,-4.5,2.45968166601
-1.248,-4.5,2.26591931994
-1.222,-4.5,2.09257415915
-1.196,-4.5,1.93859802692
-1.17,-4.5,1.802964833
-1.144,-4.5,1.68467055359
-1.118,-4.5,1.58273323136
-1.092,-4.5,1.49619297541
-1.066,-4.5,1.42411196133
-1.04,-4.5,1.36557443114
-1.014,-4.5,1.31968669334
-0.988,-4.5,1.28557712286
-0.962,-4.5,1.26239616111
-0.936,-4.5,1.24931631595
-0.91,-4.5,1.24553216169
-0.884,-4.5,1.25026033911
-0.858,-4.5,1.26273955544
-0.832,-4.5,1.28223058437
-0.806,-4.5,1.30801626603
-0.78,-4.5,1.33940150704
-0.754,-4.5,1.37571328045
-0.728,-4.5,1.41630062577
-0.702,-4.5,1.46053464899
-0.676,-4.5,1.50780852252
-0.65,-4.5,1.55753748526
-0.624,-4.5,1.60915884256
-0.598,-4.5,1.66213196621
-0.572,-4.5,1.71593829446
-0.546,-4.5,1.77008133205
-0.52,-4.5,1.82408665013
-0.494,-4.5,1.87750188634
-0.468,-4.5,1.92989674477
-0.442,-4.5,1.98086299596
-0.416,-4.5,2.03001447691
-0.39,-4.5,2.07698709108
-0.364,-4.5,2.12143880838
-0.338,-4.5,2.16304966519
-0.312,-4.5,2.20152176433
-0.286,-4.5,2.2365792751
-0.26,-4.5,2.26796843323
-0.234,-4.5,2.29545754092
-0.208,-4.5,2.31883696684
-0.182,-4.5,2.3379191461
-0.156,-4.5,2.35253858027
-0.13,-4.5,2.36255183737
-0.104,-4.5,2.3678375519
-0.078,-4.5,2.3682964248
-0.052,-4.5,2.36385122347
-0.026,-4.5,2.35444678177
0,-4.5,2.34005
0.026,-4.5,2.32064984495
0.052,-4.5,2.29625734983
0.078,-4.5,2.26690561434
0.104,-4.5,2.23264980462
0.13,-4.5,2.19356715327
0.156,-4.5,2.14975695934
0.182,-4.5,2.10134058835
0.208,-4.5,2.04846147227
0.234,-4.5,1.99128510953
0.26,-4.5,1.92999906501
0.286,-4.5,1.86481297006
0.312,-4.5,1.79595852248
0.338,-4.5,1.72368948651
0.364,-4.5,1.64828169288
0.39,-4.5,1.57003303876
0.416,-4.5,1.48926348777
0.442,-4.5,1.40631507
0.468,-4.5,1.32155188199
0.494,-4.5,1.23536008674
0.52,-4.5,1.14814791371
0.546,-4.5,1.0603456588
0.572,-4.5,0.972405684397
0.598,-4.5,0.884802419318
0.624,-4.5,0.79803235885
0.65,-4.5,0.712614064735
0.676,-4.5,0.629088165171
0.702,-4.5,0.548017354815
0.728,-4.5,0.469986394778
0.754,-4.5,0.395602112632
0.78,-4.5,0.325493402402
0.806,-4.5,0.260311224573
0.832,-4.5,0.200728606087
0.858,-4.5,0.147440640341
0.884,-4.5,0.101164487191
0.91,-4.5,0.062639372949
0.936,-4.5,0.032626590385
0.962,-4.5,0.0119094987255
0.988,-4.5,0.00129352365408
1.014,-4.5,0.00160615731165
1.04,-4.5,0.0136969582961
1.066,-4.5,0.0384375516623
1.092,-4.5,0.0767216289224
1.118,-4.5,0.129464948046
1.144,-4.5,0.197605333458
1.17,-4.5,0.282102676043
1.196,-4.5,0.383938933141
1.222,-4.5,0.50411812855
1.248,-4.5,0.643666352523
1.274,-4.5,0.803631761774
1.3,-4.5,0.98508457947
-1.3,-4.2,2.57632119249
-1.274,-4.2,2.36219800254
-1.248,-4.2,2.16956222103
-1.222,-4.2,1.99734362479
-1.196,-4.2,1.84449405712
-1.17,-4.2,1.70998742777
-1.144,-4.2,1.59281971292
-1.118,-4.2,1.49200895525
-1.092,-4.2,1.40659526386
-1.066,-4.2,1.33564081434
-1.04,-4.2,1.27822984872
-1.014,-4.2,1.23346867547
-0.988,-4.2,1.20048566955
-0.962,-4.2,1.17843127236
-0.936,-4.2,1.16647799176
-0.91,-4.2,1.16382040207
-0.884,-4.2,1.16967514405
-0.858,-4.2,1.18328092494
-0.832,-4.2,1.20389851842
-0.806,-4.2,1.23081076465
-0.78,-4.2,1.26332257022
-0.754,-4.2,1.30076090819
-0.728,-4.2,1.34247481807
-0.702,-4.2,1.38783540585
-0.676,-4.2,1.43623584394
-0.65,-4.2,1.48709137125
-0.624,-4.2,1.5398392931
-0.598,-4.2,1.59393898131
-0.572,-4.2,1.64887187413
-0.546,-4.2,1.70414147627
-0.52,-4.2,1.75927335892
-0.494,-4.2,1.81381515969
-0.468,-4.2,1.86733658268
-0.442,-4.2,1.91942939843
-0.416,-4.2,1.96970744394
-0.39,-4.2,2.01780662267
-0.364,-4.2,2.06338490453
-0.338,-4.2,2.1061223259
-0.312,-4.2,2.1457209896
-0.286,-4.2,2.18190506493
-0.26,-4.2,2.21442078762
-0.234,-4.2,2.24303645988
-0.208,-4.2,2.26754245036
-0.182,-4.2,2.28775119417
-0.156,-4.2,2.3034971929
-0.13,-4.2,2.31463701457
-0.104,-4.2,2.32104929366
-0.078,-4.2,2.32263473112
-0.052,-4.2,2.31931609435
-0.026,-4.2,2.31103821721
0,-4.2,2.297768
0.026,-4.2,2.27949440951
0.052,-4.2,2.25622847895
0.078,-4.2,2.22800330802
0.104,-4.2,2.19487406286
0.13,-4.2,2.15691797607
0.156,-4.2,2.1142343467
0.182,-4.2,2.06694454028
0.208,-4.2,2.01519198876
0.234,-4.2,1.95914219058
0.26,-4.2,1.89898271062
0.286,-4.2,1.83492318023
0.312,-4.2,1.76719529721
0.338,-4.2,1.6960528258
0.364,-4.2,1.62177159673
0.39,-4.2,1.54464950717
0.416,-4.2,1.46500652074
0.442,-4.2,1.38318466753
0.468,-4.2,1.29954804408
0.494,-4.2,1.2144828134
0.52,-4.2,1.12839720492
0.546,-4.2,1.04172151458
0.572,-4.2,0.954908104733
0.598,-4.2,0.868431404214
0.624,-4.2,0.782787908307
0.65,-4.2,0.698496178753
0.676,-4.2,0.61609684375
0.702,-4.2,0.536152597954
0.728,-4.2,0.459248202478
0.754,-4.2,0.385990484892
0.78,-4.2,0.317008339223
0.806,-4.2,0.252952725955
0.832,-4.2,0.19449667203
0.858,-4.2,0.142335270844
0.884,-4.2,0.0971856822549
0.91,-4.2,0.0597871325738
0.936,-4.2,0.0309009145705
0.962,-4.2,0.0113103874716
0.988,-4.2,0.00182097696093
1.014,-4.2,0.0032601751792
1.04,-4.2,0.0164775407243
1.066,-4.2,0.0423446986513
1.092,-4.2,0.0817553404721
1.118,-4.2,0.135625224156
1.144,-4.2,0.204892174129
1.17,-4.2,0.290516081275
1.196,-4.2,0.393478902934
1.222,-4.2,0.514784662903
1.248,-4.2,0.655459451437
1.274,-4.2,0.816551425249
1.3,-4.2,0.999130807505
-1.3,-3.9,2.48062696446
-1.274,-3.9,2.26763033906
-1.248,-3.9,2.07612112211
-1.222,-3.9,1.90502909044
-1.196,-3.9,1.75330608733
-1.17,-3.9,1.61992602253
-1.144,-3.9,1.50388487225
-1.118,-3.9,1.40420067914
-1.092,-3.9,1.31991355231
-1.066,-3.9,1.25008566735
-1.04,-3.9,1.19380126629
-1.014,-3.9,1.1501666576
-0.988,-3.9,1.11831021625
-0.962,-3.9,1.09738238362
-0.936,-3.9,1.08655566758
-0.91,-3.9,1.08502464244
-0.884,-3.9,1.09200594898
-0.858,-3.9,1.10673829443
-0.832,-3.9,1.12848245248
-0.806,-3.9,1.15652126327
-0.78,-3.9,1.1901596334
-0.754,-3.9,1.22872453593
-0.728,-3.9,1.27156501037
-0.702,-3.9,1.31805216271
-0.676,-3.9,1.36757916537
-0.65,-3.9,1.41956125723
-0.624,-3.9,1.47343574364
-0.598,-3.9,1.52866199641
-0.572,-3.9,1.58472145379
-0.546,-3.9,1.6411176205
-0.52,-3.9,1.6973760677
-0.494,-3.9,1.75304443304
-0.468,-3.9,1.80769242059
-0.442,-3.9,1.8609118009
-0.416,-3.9,1.91231641097
-0.39,-3.9,1.96154215426
-0.364,-3.9,2.00824700068
-0.338,-3.9,2.05211098661
-0.312,-3.9,2.09283621487
-0.286,-3.9,2.13014685476
-0.26,-3.9,2.16378914201
-0.234,-3.9,2.19353137883
-0.208,-3.9,2.21916393387
-0.182,-3.9,2.24049924225
-0.156,-3.9,2.25737180554
-0.13,-3.9,2.26963819177
-0.104,-3.9,2.27717703542
-0.078,-3.9,2.27988903744
-0.052,-3.9,2.27769696523
-0.026,-3.9,2.27054565264
0,-3.9,2.258402
0.026,-3.9,2.24125497407
0.052,-3.9,2.21911560807
0.078,-3.9,2.19201700171
0.104,-3.9,2.16001432111
0.13,-3.9,2.12318479887
0.156,-3.9,2.08162773407
0.182,-3.9,2.0354644922
0.208,-3.9,1.98483850524
0.234,-3.9,1.92991527162
0.26,-3.9,1.87088235623
0.286,-3.9,1.8079493904
0.312,-3.9,1.74134807193
0.338,-3.9,1.67133216509
0.364,-3.9,1.59817750058
0.39,-3.9,1.52218197558
0.416,-3.9,1.44366555371
0.442,-3.9,1.36297026507
0.468,-3.9,1.28046020618
0.494,-3.9,1.19652154005
0.52,-3.9,1.11156249614
0.546,-3.9,1.02601337035
0.572,-3.9,0.940326525068
0.598,-3.9,0.854976389111
0.624,-3.9,0.770459457764
0.65,-3.9,0.68729429277
0.676,-3.9,0.606021522328
0.702,-3.9,0.527203841093
0.728,-3.9,0.451426010178
0.754,-3.9,0.379294857153
0.78,-3.9,0.311439276044
0.806,-3.9,0.248510227337
0.832,-3.9,0.191180737972
0.858,-3.9,0.140145901348
0.884,-3.9,0.0961228773189
0.91,-3.9,0.0598508921985
0.936,-3.9,0.0320912387559
0.962,-3.9,0.0136272762178
0.988,-3.9,0.00526443026778
1.014,-3.9,0.00783019304676
1.04,-3.9,0.0221741231526
1.066,-3.9,0.0491678456402
1.092,-3.9,0.0897050520218
1.118,-3.9,0.144701500266
1.144,-3.9,0.2150950148
1.17,-3.9,0.301845486507
1.196,-3.9,0.405934872726
1.222,-3.9,0.528367197256
1.248,-3.9,0.670168550351
1.274,-3.9,0.832387088723
1.3,-3.9,1.01609303554
-1.3,-3.6,2.38784873642
-1.274,-3.6,2.17597867559
-1.248,-3.6,1.9855960232
-1.222,-3.6,1.81563055609
-1.196,-3.6,1.66503411754
-1.17,-3.6,1.5327806173
-1.144,-3.6,1.41786603158
-1.118,-3.6,1.31930840303
-1.092,-3.6,1.23614784076
-1.066,-3.6,1.16744652036
-1.04,-3.6,1.11228868386
-1.014,-3.6,1.06978063974
-0.988,-3.6,1.03905076294
-0.962,-3.6,1.01924949487
-0.936,-3.6,1.00954934339
-0.91,-3.6,1.00914488282
-0.884,-3.6,1.01725275392
-0.858,-3.6,1.03311166393
-0.832,-3.6,1.05598238654
-0.806,-3.6,1.08514776188
-0.78,-3.6,1.11991269657
-0.754,-3.6,1.15960416366
-0.728,-3.6,1.20357120267
-0.702,-3.6,1.25118491957
-0.676,-3.6,1.30183848679
-0.65,-3.6,1.35494714321
-0.624,-3.6,1.40994819419
-0.598,-3.6,1.46630101152
-0.572,-3.6,1.52348703346
-0.546,-3.6,1.58100976472
-0.52,-3.6,1.63839477649
-0.494,-3.6,1.69518970638
-0.468,-3.6,1.7509642585
-0.442,-3.6,1.80531020337
-0.416,-3.6,1.857841378
-0.39,-3.6,1.90819368585
-0.364,-3.6,1.95602509683
-0.338,-3.6,2.00101564732
-0.312,-3.6,2.04286744015
-0.286,-3.6,2.08130464459
-0.26,-3.6,2.1160734964
-0.234,-3.6,2.14694229778
-0.208,-3.6,2.17370141738
-0.182,-3.6,2.19616329032
-0.156,-3.6,2.21416241817
-0.13,-3.6,2.22755536896
-0.104,-3.6,2.23622077718
-0.078,-3.6,2.24005934376
-0.052,-3.6,2.23899383611
-0.026,-3.6,2.23296908808
0,-3.6,2.221952
0.026,-3.6,2.20593153863
0.052,-3.6,2.18491873719
0.078,-3.6,2.15894669539
0.104,-3.6,2.12807057935
0.13,-3.6,2.09236762168
0.156,-3.6,2.05193712143
0.182,-3.6,2.00690044413
0.208,-3.6,1.95740102173
0.234,-3.6,1.90360435267
0.26,-3.6,1.84569800184
0.286,-3.6,1.78389160057
0.312,-3.6,1.71841684666
0.338,-3.6,1.64952750438
0.364,-3.6,1.57749940443
0.39,-3.6,1.50263044399
0.416,-3.6,1.42524058669
0.442,-3.6,1.3456718626
0.468,-3.6,1.26428836827
0.494,-3.6,1.1814762667
0.52,-3.6,1.09764378735
0.546,-3.6,1.01322122613
0.572,-3.6,0.928660945404
0.598,-3.6,0.844437374007
0.624,-3.6,0.761047007221
0.65,-3.6,0.679008406788
0.676,-3.6,0.598862200906
0.702,-3.6,0.521171084232
0.728,-3.6,0.446519817878
0.754,-3.6,0.375515229413
0.78,-3.6,0.308786212866
0.806,-3.6,0.246983728719
0.832,-3.6,0.190780803915
0.858,-3.6,0.140872531851
0.884,-3.6,0.0979760723829
0.91,-3.6,0.0628306518232
0.936,-3.6,0.0361975629414
0.962,-3.6,0.0188601649639
0.988,-3.6,0.0116238835746
1.014,-3.6,0.0153162109143
1.04,-3.6,0.0307867055808
1.066,-3.6,0.0589069926292
1.092,-3.6,0.100570763571
1.118,-3.6,0.156693776377
1.144,-3.6,0.228213855471
1.17,-3.6,0.316090891738
1.196,-3.6,0.421306842519
1.222,-3.6,0.544865731609
1.248,-3.6,0.687793649265
1.274,-3.6,0.851138752198
1.3,-3.6,1.03597126358
-1.3,-3.3,2.29798650839
-1.274,-3.3,2.08724301211
-1.248,-3.3,1.89798692429
-1.222,-3.3,1.72914802173
-1.196,-3.3,1.57967814775
-1.17,-3.3,1.44855121207
-1.144,-3.3,1.33476319091
-1.118,-3.3,1.23733212692
-1.092,-3.3,1.15529812921
-1.066,-3.3,1.08772337338
-1.04,-3.3,1.03369210143
-1.014,-3.3,0.992310621868
-0.988,-3.3,0.962707309632
-0.962,-3.3,0.944032606125
-0.936,-3.3,0.935459019206
-0.91,-3.3,0.936181123192
-0.884,-3.3,0.945415558855
-0.858,-3.3,0.962401033427
-0.832,-3.3,0.986398320595
-0.806,-3.3,1.0166902605
-0.78,-3.3,1.05258175975
-0.754,-3.3,1.0933997914
-0.728,-3.3,1.13849339497
-0.702,-3.3,1.18723367643
-0.676,-3.3,1.23901380821
-0.65,-3.3,1.29324902919
-0.624,-3.3,1.34937664473
-0.598,-3.3,1.40685602662
-0.572,-3.3,1.46516861312
-0.546,-3.3,1.52381790895
-0.52,-3.3,1.58232948528
-0.494,-3.3,1.64025097973
-0.468,-3.3,1.6971520964
-0.442,-3.3,1.75262460583
-0.416,-3.3,1.80628234503
-0.39,-3.3,1.85776121744
-0.364,-3.3,1.90671919298
-0.338,-3.3,1.95283630803
-0.312,-3.3,1.99581466542
-0.286,-3.3,2.03537843442
-0.26,-3.3,2.0712738508
-0.234,-3.3,2.10326921674
-0.208,-3.3,2.1311549009
-0.182,-3.3,2.1547433384
-0.156,-3.3,2.17386903081
-0.13,-3.3,2.18838854616
-0.104,-3.3,2.19818051893
-0.078,-3.3,2.20314565008
-0.052,-3.3,2.20320670699
-0.026,-3.3,2.19830852352
0,-3.3,2.188418
0.026,-3.3,2.17352410319
0.052,-3.3,2.15363786632
0.078,-3.3,2.12879238907
0.104,-3.3,2.09904283759
0.13,-3.3,2.06446644448
0.156,-3.3,2.0251625088
0.182,-3.3,1.98125239605
0.208,-3.3,1.93287953821
0.234,-3.3,1.88020943372
0.26,-3.3,1.82342964744
0.286,-3.3,1.76274981073
0.312,-3.3,1.69840162139
0.338,-3.3,1.63063884367
0.364,-3.3,1.55973730828
0.39,-3.3,1.4859949124
0.416,-3.3,1.40973161966
0.442,-3.3,1.33128946013
0.468,-3.3,1.25103253036
0.494,-3.3,1.16934699336
0.52,-3.3,1.08664107856
0.546,-3.3,1.0033450819
0.572,-3.3,0.919911365739
0.598,-3.3,0.836814358903
0.624,-3.3,0.754550556678
0.65,-3.3,0.673638520806
0.676,-3.3,0.594618879485
0.702,-3.3,0.518054327371
0.728,-3.3,0.444529625577
0.754,-3.3,0.374651601674
0.78,-3.3,0.309049149687
0.806,-3.3,0.248373230101
0.832,-3.3,0.193296869857
0.858,-3.3,0.144515162354
0.884,-3.3,0.102745267447
0.91,-3.3,0.068726411448
0.936,-3.3,0.0432198871268
0.962,-3.3,0.0270090537101
0.988,-3.3,0.0208993368815
1.014,-3.3,0.0257182287819
1.04,-3.3,0.0423152880091
1.066,-3.3,0.0715621396182
1.092,-3.3,0.114352475121
1.118,-3.3,0.171602052487
1.144,-3.3,0.244248696142
1.17,-3.3,0.33325229697
1.196,-3.3,0.439594812311
1.222,-3.3,0.564280265963
1.248,-3.3,0.708334748179
1.274,-3.3,0.872806415672
1.3,-3.3,1.05876549161
-1.3,-3,2.21104028035
-1.274,-3,2.00142334864
-1.248,-3,1.81329382537
-1.222,-3,1.64558148738
-1.196,-3,1.49723817795
-1.17,-3,1.36723780684
-1.144,-3,1.25457635024
-1.118,-3,1.15827185081
-1.092,-3,1.07736441766
-1.066,-3,1.01091622639
-1.04,-3,0.958011519003
-1.014,-3,0.917756604001
-0.988,-3,0.889279856325
-0.962,-3,0.871731717379
-0.936,-3,0.864284695021
-0.91,-3,0.866133363567
-0.884,-3,0.876494363791
-0.858,-3,0.894606402924
-0.832,-3,0.919730254652
-0.806,-3,0.951148759121
-0.78,-3,0.988166822932
-0.754,-3,1.03011141914
-0.728,-3,1.07633158727
-0.702,-3,1.12619843329
-0.676,-3,1.17910512963
-0.65,-3,1.23446691518
-0.624,-3,1.29172109527
-0.598,-3,1.35032704172
-0.572,-3,1.40976619279
-0.546,-3,1.46954205317
-0.52,-3,1.52918019406
-0.494,-3,1.58822825308
-0.468,-3,1.64625593431
-0.442,-3,1.7028550083
-0.416,-3,1.75763931205
-0.39,-3,1.81024474903
-0.364,-3,1.86032928913
-0.338,-3,1.90757296874
-0.312,-3,1.95167789069
-0.286,-3,1.99236822426
-0.26,-3,2.02939020519
-0.234,-3,2.06251213569
-0.208,-3,2.09152438441
-0.182,-3,2.11623938647
-0.156,-3,2.13649164345
-0.13,-3,2.15213772336
-0.104,-3,2.16305626069
-0.078,-3,2.16914795639
-0.052,-3,2.17033557787
-0.026,-3,2.16656395896
0,-3,2.1578
0.026,-3,2.14403266775
0.052,-3,2.12527299544
0.078,-3,2.10155408275
0.104,-3,2.07293109583
0.13,-3,2.03948126728
0.156,-3,2.00130389616
0.182,-3,1.95852034798
0.208,-3,1.9112740547
0.234,-3,1.85973051476
0.26,-3,1.80407729305
0.286,-3,1.7445240209
0.312,-3,1.68130239612
0.338,-3,1.61466618296
0.364,-3,1.54489121213
0.39,-3,1.47227538081
0.416,-3,1.39713865263
0.442,-3,1.31982305766
0.468,-3,1.24069269246
0.494,-3,1.16013372001
0.52,-3,1.07855436978
0.546,-3,0.996384937677
0.572,-3,0.914077786075
0.598,-3,0.832107343799
0.624,-3,0.750970106135
0.65,-3,0.671184634823
0.676,-3,0.593291558063
0.702,-3,0.51785357051
0.728,-3,0.445455433277
0.754,-3,0.376703973934
0.78,-3,0.312228086508
0.806,-3,0.252678731483
0.832,-3,0.1987289358
0.858,-3,0.151073792858
0.884,-3,0.110430462511
0.91,-3,0.0775381710727
0.936,-3,0.0531582113122
0.962,-3,0.0380739424562
0.988,-3,0.0330907901883
1.014,-3,0.0390362466494
1.04,-3,0.0567598704374
1.066,-3,0.0871332866071
1.092,-3,0.131050186671
1.118,-3,0.189426328597
1.144,-3,0.263199536813
1.17,-3,0.353329702202
1.196,-3,0.460798782104
1.222,-3,0.586610800316
1.248,-3,0.731791847093
1.274,-3,0.897390079147
1.3,-3,1.08447571965
-1.3,-2.7,2.12701005232
-1.274,-2.7,1.91851968516
-1.248,-2.7,1.73151672646
-1.222,-2.7,1.56493095303
-1.196,-2.7,1.41771420816
-1.17,-2.7,1.28884040161
-1.144,-2.7,1.17730550956
-1.118,-2.7,1.08212757469
-1.092,-2.7,1.00234670611
-1.066,-2.7,0.937025079398
-1.04,-2.7,0.885246936574
-1.014,-2.7,0.846118586133
-0.988,-2.7,0.818768403018
-0.962,-2.7,0.802346828633
-0.936,-2.7,0.796026370836
-0.91,-2.7,0.799001603943
-0.884,-2.7,0.810489168727
-0.858,-2.7,0.829727772421
-0.832,-2.7,0.85597818871
-0.806,-2.7,0.888523257739
-0.78,-2.7,0.926667886111
-0.754,-2.7,0.969739046883
-0.728,-2.7,1.01708577957
-0.702,-2.7,1.06807919015
-0.676,-2.7,1.12211245105
-0.65,-2.7,1.17860080116
-0.624,-2.7,1.23698154582
-0.598,-2.7,1.29671405683
-0.572,-2.7,1.35727977245
-0.546,-2.7,1.4181821974
-0.52,-2.7,1.47894690285
-0.494,-2.7,1.53912152642
-0.468,-2.7,1.59827577222
-0.442,-2.7,1.65600141077
-0.416,-2.7,1.71191227908
-0.39,-2.7,1.76564428062
-0.364,-2.7,1.81685538528
-0.338,-2.7,1.86522562945
-0.312,-2.7,1.91045711596
-0.286,-2.7,1.95227401409
-0.26,-2.7,1.99042255958
-0.234,-2.7,2.02467105464
-0.208,-2.7,2.05480986793
-0.182,-2.7,2.08065143455
-0.156,-2.7,2.10203025608
-0.13,-2.7,2.11880290055
-0.104,-2.7,2.13084800245
-0.078,-2.7,2.13806626271
-0.052,-2.7,2.14038044874
-0.026,-2.7,2.1377353944
0,-2.7,2.130098
0.026,-2.7,2.11745723231
0.052,-2.7,2.09982412456
0.078,-2.7,2.07723177643
0.104,-2.7,2.04973535408
0.13,-2.7,2.01741209009
0.156,-2.7,1.98036128352
0.182,-2.7,1.9387042999
0.208,-2.7,1.89258457119
0.234,-2.7,1.84216759581
0.26,-2.7,1.78764093866
0.286,-2.7,1.72921423107
0.312,-2.7,1.66711917085
0.338,-2.7,1.60160952225
0.364,-2.7,1.53296111598
0.39,-2.7,1.46147184922
0.416,-2.7,1.3874616856
0.442,-2.7,1.31127265519
0.468,-2.7,1.23326885455
0.494,-2.7,1.15383644666
0.52,-2.7,1.07338366099
0.546,-2.7,0.992340793452
0.572,-2.7,0.91116020641
0.598,-2.7,0.830316328696
0.624,-2.7,0.750305655592
0.65,-2.7,0.671646748841
0.676,-2.7,0.594880236642
0.702,-2.7,0.520568813649
0.728,-2.7,0.449297240977
0.754,-2.7,0.381672346195
0.78,-2.7,0.318323023329
0.806,-2.7,0.259900232865
0.832,-2.7,0.207077001743
0.858,-2.7,0.160548423361
0.884,-2.7,0.121031657575
0.91,-2.7,0.0892659306974
0.936,-2.7,0.0660125354977
0.962,-2.7,0.0520548312023
0.988,-2.7,0.0481982434952
1.014,-2.7,0.055270264517
1.04,-2.7,0.0741204528656
1.066,-2.7,0.105620433596
1.092,-2.7,0.15066389822
1.118,-2.7,0.210166604708
1.144,-2.7,0.285066377485
1.17,-2.7,0.376323107434
1.196,-2.7,0.484918751896
1.222,-2.7,0.611857334669
1.248,-2.7,0.758164946007
1.274,-2.7,0.924889742622
1.3,-2.7,1.11310194768
-1.3,-2.4,2.04589582428
-1.274,-2.4,1.83853202169
-1.248,-2.4,1.65265562754
-1.222,-2.4,1.48719641867
-1.196,-2.4,1.34110623837
-1.17,-2.4,1.21335899637
-1.144,-2.4,1.10295066889
-1.118,-2.4,1.00889929858
-1.092,-2.4,0.930244994565
-1.066,-2.4,0.866049932409
-1.04,-2.4,0.815398354146
-1.014,-2.4,0.777396568265
-0.988,-2.4,0.751172949712
-0.962,-2.4,0.735877939887
-0.936,-2.4,0.73068404665
-0.91,-2.4,0.734785844318
-0.884,-2.4,0.747399973663
-0.858,-2.4,0.767765141917
-0.832,-2.4,0.795142122767
-0.806,-2.4,0.828813756357
-0.78,-2.4,0.86808494929
-0.754,-2.4,0.912282674623
-0.728,-2.4,0.960755971873
-0.702,-2.4,1.01287594701
-0.676,-2.4,1.06803577247
-0.65,-2.4,1.12565068714
-0.624,-2.4,1.18515799636
-0.598,-2.4,1.24601707193
-0.572,-2.4,1.30770935211
-0.546,-2.4,1.36973834162
-0.52,-2.4,1.43162961163
-0.494,-2.4,1.49293079977
-0.468,-2.4,1.55321161012
-0.442,-2.4,1.61206381324
-0.416,-2.4,1.66910124611
-0.39,-2.4,1.7239598122
-0.364,-2.4,1.77629748143
-0.338,-2.4,1.82579429016
-0.312,-2.4,1.87215234123
-0.286,-2.4,1.91509580392
-0.26,-2.4,1.95437091398
-0.234,-2.4,1.9897459736
-0.208,-2.4,2.02101135144
-0.182,-2.4,2.04797948262
-0.156,-2.4,2.07048486872
-0.13,-2.4,2.08838407775
-0.104,-2.4,2.1015557442
-0.078,-2.4,2.10990056903
-0.052,-2.4,2.11334131962
-0.026,-2.4,2.11182282984
0,-2.4,2.105312
0.026,-2.4,2.09379779687
0.052,-2.4,2.07729125368
0.078,-2.4,2.05582547012
0.104,-2.4,2.02945561232
0.13,-2.4,1.99825891289
0.156,-2.4,1.96233467089
0.182,-2.4,1.92180425182
0.208,-2.4,1.87681108767
0.234,-2.4,1.82752067686
0.26,-2.4,1.77412058426
0.286,-2.4,1.71682044124
0.312,-2.4,1.65585194558
0.338,-2.4,1.59146886154
0.364,-2.4,1.52394701983
0.39,-2.4,1.45358431764
0.416,-2.4,1.38070071857
0.442,-2.4,1.30563825273
0.468,-2.4,1.22876101664
0.494,-2.4,1.15045517332
0.52,-2.4,1.07112895221
0.546,-2.4,0.991212649227
0.572,-2.4,0.911158626746
0.598,-2.4,0.831441313592
0.624,-2.4,0.752557205049
0.65,-2.4,0.675024862859
0.676,-2.4,0.59938491522
0.702,-2.4,0.526200056788
0.728,-2.4,0.456055048677
0.754,-2.4,0.389556718455
0.78,-2.4,0.32733396015
0.806,-2.4,0.270037734247
0.832,-2.4,0.218341067685
0.858,-2.4,0.172939053864
0.884,-2.4,0.134548852639
0.91,-2.4,0.103909690322
0.936,-2.4,0.0817828596831
0.962,-2.4,0.0689517199485
0.988,-2.4,0.066221696802
1.014,-2.4,0.0744202823845
1.04,-2.4,0.0943970352939
1.066,-2.4,0.127023580585
1.092,-2.4,0.17319360977
1.118,-2.4,0.233822880818
1.144,-2.4,0.309849218156
1.17,-2.4,0.402232512666
1.196,-2.4,0.511954721689
1.222,-2.4,0.640019869022
1.248,-2.4,0.787454044921
1.274,-2.4,0.955305406096
1.3,-2.4,1.14464417572
-1.3,-2.1,1.96769759625
-1.274,-2.1,1.76146035822
-1.248,-2.1,1.57671052863
-1.222,-2.1,1.41237788432
-1.196,-2.1,1.26741426858
-1.17,-2.1,1.14079359114
-1.144,-2.1,1.03151182822
-1.118,-2.1,0.938587022474
-1.092,-2.1,0.861059283015
-1.066,-2.1,0.79799078542
-1.04,-2.1,0.748465771718
-1.014,-2.1,0.711590550398
-0.988,-2.1,0.686493496405
-0.962,-2.1,0.672325051141
-0.936,-2.1,0.668257722465
-0.91,-2.1,0.673486084693
-0.884,-2.1,0.687226778599
-0.858,-2.1,0.708718511414
-0.832,-2.1,0.737222056824
-0.806,-2.1,0.772020254975
-0.78,-2.1,0.812418012468
-0.754,-2.1,0.857742302363
-0.728,-2.1,0.907342164174
-0.702,-2.1,0.960588703875
-0.676,-2.1,1.0168750939
-0.65,-2.1,1.07561657312
-0.624,-2.1,1.1362504469
-0.598,-2.1,1.19823608704
-0.572,-2.1,1.26105493178
-0.546,-2.1,1.32421048585
-0.52,-2.1,1.38722832042
-0.494,-2.1,1.44965607312
-0.468,-2.1,1.51106344803
-0.442,-2.1,1.57104221571
-0.416,-2.1,1.62920621314
-0.39,-2.1,1.68519134379
-0.364,-2.1,1.73865557758
-0.338,-2.1,1.78927895087
-0.312,-2.1,1.8367635665
-0.286,-2.1,1.88083359375
-0.26,-2.1,1.92123526837
-0.234,-2.1,1.95773689255
-0.208,-2.1,1.99012883496
-0.182,-2.1,2.0182235307
-0.156,-2.1,2.04185548135
-0.13,-2.1,2.06088125494
-0.104,-2.1,2.07517948596
-0.078,-2.1,2.08465087535
-0.052,-2.1,2.0892181905
-0.026,-2.1,2.08882626528
0,-2.1,2.083442
0.026,-2.1,2.07305436143
0.052,-2.1,2.0576743828
0.078,-2.1,2.0373351638
0.104,-2.1,2.01209187056
0.13,-2.1,1.9820217357
0.156,-2.1,1.94722405825
0.182,-2.1,1.90782020375
0.208,-2.1,1.86395360416
0.234,-2.1,1.8157897579
0.26,-2.1,1.76351622987
0.286,-2.1,1.7073426514
0.312,-2.1,1.6475007203
0.338,-2.1,1.58424420083
0.364,-2.1,1.51784892368
0.39,-2.1,1.44861278605
0.416,-2.1,1.37685575154
0.442,-2.1,1.30291985026
0.468,-2.1,1.22716917873
0.494,-2.1,1.14998989997
0.52,-2.1,1.07179024342
0.546,-2.1,0.993000505002
0.572,-2.1,0.914073047081
0.598,-2.1,0.835482298488
0.624,-2.1,0.757724754506
0.65,-2.1,0.681318976876
0.676,-2.1,0.606805593798
0.702,-2.1,0.534747299927
0.728,-2.1,0.465728856377
0.754,-2.1,0.400357090716
0.78,-2.1,0.339260896972
0.806,-2.1,0.283091235629
0.832,-2.1,0.232521133628
0.858,-2.1,0.188245684368
0.884,-2.1,0.150982047703
0.91,-2.1,0.121469449947
0.936,-2.1,0.100469183869
0.962,-2.1,0.0887646086946
0.988,-2.1,0.0871611501089
1.014,-2.1,0.0964863002521
1.04,-2.1,0.117589617722
1.066,-2.1,0.151342727574
1.092,-2.1,0.19863932132
1.118,-2.1,0.260395156929
1.144,-2.1,0.337548058827
1.17,-2.1,0.431057917897
1.196,-2.1,0.541906691481
1.222,-2.1,0.671098403375
1.248,-2.1,0.819659143835
1.274,-2.1,0.988637069571
1.3,-2.1,1.17910240375
-1.3,-1.8,1.89241536821
-1.274,-1.8,1.68730469474
-1.248,-1.8,1.50368142972
-1.222,-1.8,1.34047534997
-1.196,-1.8,1.19663829878
-1.17,-1.8,1.07114418591
-1.144,-1.8,0.962988987551
-1.118,-1.8,0.871190746364
-1.092,-1.8,0.794789571466
-1.066,-1.8,0.732847638431
-1.04,-1.8,0.68444918929
-1.014,-1.8,0.64870053253
-0.988,-1.8,0.624730043098
-0.962,-1.8,0.611688162394
-0.936,-1.8,0.608747398279
-0.91,-1.8,0.615102325068
-0.884,-1.8,0.629969583535
-0.858,-1.8,0.652587880911
-0.832,-1.8,0.682217990882
-0.806,-1.8,0.718142753593
-0.78,-1.8,0.759667075647
-0.754,-1.8,0.806117930102
-0.728,-1.8,0.856844356474
-0.702,-1.8,0.911217460735
-0.676,-1.8,0.968630415317
-0.65,-1.8,1.02849845911
-0.624,-1.8,1.09025889745
-0.598,-1.8,1.15337110214
-0.572,-1.8,1.21731651144
-0.546,-1.8,1.28159863007
-0.52,-1.8,1.3457430292
-0.494,-1.8,1.40929734646
-0.468,-1.8,1.47183128594
-0.442,-1.8,1.53293661817
-0.416,-1.8,1.59222718017
-0.39,-1.8,1.64933887538
-0.364,-1.8,1.70392967373
-0.338,-1.8,1.75567961159
-0.312,-1.8,1.80429079177
-0.286,-1.8,1.84948738359
-0.26,-1.8,1.89101562276
-0.234,-1.8,1.9286438115
-0.208,-1.8,1.96216231847
-0.182,-1.8,1.99138357877
-0.156,-1.8,2.01614209399
-0.13,-1.8,2.03629443214
-0.104,-1.8,2.05171922772
-0.078,-1.8,2.06231718167
-0.052,-1.8,2.06801106138
-0.026,-1.8,2.06874570072
0,-1.8,2.064488
0.026,-1.8,2.05522692599
0.052,-1.8,2.04097351192
0.078,-1.8,2.02176085748
0.104,-1.8,1.99764412881
0.13,-1.8,1.9687005585
0.156,-1.8,1.93502944562
0.182,-1.8,1.89675215567
0.208,-1.8,1.85401212064
0.234,-1.8,1.80697483895
0.26,-1.8,1.75582787548
0.286,-1.8,1.70078086157
0.312,-1.8,1.64206549503
0.338,-1.8,1.57993554012
0.364,-1.8,1.51466682753
0.39,-1.8,1.44655725446
0.416,-1.8,1.37592678451
0.442,-1.8,1.30311744779
0.468,-1.8,1.22849334083
0.494,-1.8,1.15244062662
0.52,-1.8,1.07536753464
0.546,-1.8,0.997704360776
0.572,-1.8,0.919903467417
0.598,-1.8,0.842439283384
0.624,-1.8,0.765808303963
0.65,-1.8,0.690529090894
0.676,-1.8,0.617142272377
0.702,-1.8,0.546210543067
0.728,-1.8,0.478318664076
0.754,-1.8,0.414073462976
0.78,-1.8,0.354103833793
0.806,-1.8,0.299060737011
0.832,-1.8,0.24961719957
0.858,-1.8,0.206468314871
0.884,-1.8,0.170331242767
0.91,-1.8,0.141945209572
0.936,-1.8,0.122071508054
0.962,-1.8,0.111493497441
0.988,-1.8,0.111016603416
1.014,-1.8,0.12146831812
1.04,-1.8,0.14369820015
1.066,-1.8,0.178577874563
1.092,-1.8,0.227001032869
1.118,-1.8,0.289883433039
1.144,-1.8,0.368162899498
1.17,-1.8,0.462799323129
1.196,-1.8,0.574774661274
1.222,-1.8,0.705092937729
1.248,-1.8,0.854780242749
1.274,-1.8,1.02488473305
1.3,-1.8,1.21647663179
-1.3,-1.5,1.82004914018
-1.274,-1.5,1.61606503127
-1.248,-1.5,1.4335683308
-1.222,-1.5,1.27148881561
-1.196,-1.5,1.12877832899
-1.17,-1.5,1.00441078068
-1.144,-1.5,0.89738214688
-1.118,-1.5,0.806710470253
-1.092,-1.5,0.731435859916
-1.066,-1.5,0.670620491442
-1.04,-1.5,0.623348606861
-1.014,-1.5,0.588726514663
-0.988,-1.5,0.565882589791
-0.962,-1.5,0.553967273648
-0.936,-1.5,0.552153074094
-0.91,-1.5,0.559634565444
-0.884,-1.5,0.575628388471
-0.858,-1.5,0.599373250407
-0.832,-1.5,0.630129924939
-0.806,-1.5,0.667181252211
-0.78,-1.5,0.709832138826
-0.754,-1.5,0.757409557842
-0.728,-1.5,0.809262548774
-0.702,-1.5,0.864762217596
-0.676,-1.5,0.923301736739
-0.65,-1.5,0.984296345088
-0.624,-1.5,1.04718334799
-0.598,-1.5,1.11142211724
-0.572,-1.5,1.17649409111
-0.546,-1.5,1.2419027743
-0.52,-1.5,1.30717373799
-0.494,-1.5,1.37185461981
-0.468,-1.5,1.43551512385
-0.442,-1.5,1.49774702064
-0.416,-1.5,1.5581641472
-0.39,-1.5,1.61640240697
-0.364,-1.5,1.67211976988
-0.338,-1.5,1.7249962723
-0.312,-1.5,1.77473401705
-0.286,-1.5,1.82105717342
-0.26,-1.5,1.86371197716
-0.234,-1.5,1.90246673046
-0.208,-1.5,1.93711180198
-0.182,-1.5,1.96745962685
-0.156,-1.5,1.99334470662
-0.13,-1.5,2.01462360934
-0.104,-1.5,2.03117496948
-0.078,-1.5,2.04289948798
-0.052,-1.5,2.04971993226
-0.026,-1.5,2.05158113616
0,-1.5,2.04845
0.026,-1.5,2.04031549055
0.052,-1.5,2.02718864104
0.078,-1.5,2.00910255116
0.104,-1.5,1.98611238705
0.13,-1.5,1.9582953813
0.156,-1.5,1.92575083298
0.182,-1.5,1.8886001076
0.208,-1.5,1.84698663713
0.234,-1.5,1.80107591999
0.26,-1.5,1.75105552108
0.286,-1.5,1.69713507174
0.312,-1.5,1.63954626976
0.338,-1.5,1.5785428794
0.364,-1.5,1.51440073138
0.39,-1.5,1.44741772287
0.416,-1.5,1.37791381749
0.442,-1.5,1.30623104532
0.468,-1.5,1.23273350292
0.494,-1.5,1.15780735328
0.52,-1.5,1.08186082585
0.546,-1.5,1.00532421655
0.572,-1.5,0.928649887753
0.598,-1.5,0.852312268281
0.624,-1.5,0.77680785342
0.65,-1.5,0.702655204912
0.676,-1.5,0.630394950955
0.702,-1.5,0.560589786206
0.728,-1.5,0.493824471776
0.754,-1.5,0.430705835237
0.78,-1.5,0.371862770614
0.806,-1.5,0.317946238392
0.832,-1.5,0.269629265513
0.858,-1.5,0.227606945374
0.884,-1.5,0.192596437831
0.91,-1.5,0.165336969196
0.936,-1.5,0.146589832239
0.962,-1.5,0.137138386187
0.988,-1.5,0.137788056723
1.014,-1.5,0.149366335987
1.04,-1.5,0.172722782579
1.066,-1.5,0.208729021552
1.092,-1.5,0.258278744419
1.118,-1.5,0.322287709149
1.144,-1.5,0.401693740169
1.17,-1.5,0.497456728361
1.196,-1.5,0.610558631066
1.222,-1.5,0.742003472082
1.248,-1.5,0.892817341663
1.274,-1.5,1.06404839652
1.3,-1.5,1.25676685982
-1.3,-1.2,1.75059891214
-1.274,-1.2,1.54774136779
-1.248,-1.2,1.36637123189
-1.222,-1.2,1.20541828126
-1.196,-1.2,1.0638343592
-1.17,-1.2,0.940593375447
-1.144,-1.2,0.834691306209
-1.118,-1.2,0.745146194143
-1.092,-1.2,0.670998148366
-1.066,-1.2,0.611309344453
-1.04,-1.2,0.565164024433
-1.014,-1.2,0.531668496795
-0.988,-1.2,0.509951136484
-0.962,-1.2,0.499162384902
-0.936,-1.2,0.498474749908
-0.91,-1.2,0.507082805819
-0.884,-1.2,0.524203193407
-0.858,-1.2,0.549074619904
-0.832,-1.2,0.580957858997
-0.806,-1.2,0.61913575083
-0.78,-1.2,0.662913202005
-0.754,-1.2,0.711617185581
-0.728,-1.2,0.764596741074
-0.702,-1.2,0.821222974457
-0.676,-1.2,0.88088905816
-0.65,-1.2,0.943010231071
-0.624,-1.2,1.00702379853
-0.598,-1.2,1.07238913235
-0.572,-1.2,1.13858767077
-0.546,-1.2,1.20512291852
-0.52,-1.2,1.27152044678
-0.494,-1.2,1.33732789316
-0.468,-1.2,1.40211496175
-0.442,-1.2,1.46547342311
-0.416,-1.2,1.52701711423
-0.39,-1.2,1.58638193856
-0.364,-1.2,1.64322586603
-0.338,-1.2,1.69722893301
-0.312,-1.2,1.74809324232
-0.286,-1.2,1.79554296325
-0.26,-1.2,1.83932433155
-0.234,-1.2,1.87920564941
-0.208,-1.2,1.9149772855
-0.182,-1.2,1.94645167492
-0.156,-1.2,1.97346331926
-0.13,-1.2,1.99586878653
-0.104,-1.2,2.01354671123
-0.078,-1.2,2.0263977943
-0.052,-1.2,2.03434480314
-0.026,-1.2,2.0373325716
0,-1.2,2.035328
0.026,-1.2,2.02832005511
0.052,-1.2,2.01631977017
0.078,-1.2,1.99936024484
0.104,-1.2,1.97749664529
0.13,-1.2,1.95080620411
0.156,-1.2,1.91938822035
0.182,-1.2,1.88336405952
0.208,-1.2,1.84287715361
0.234,-1.2,1.79809300104
0.26,-1.2,1.74919916669
0.286,-1.2,1.69640528191
0.312,-1.2,1.63994304449
0.338,-1.2,1.58006621869
0.364,-1.2,1.51705063523
0.39,-1.2,1.45119419128
0.416,-1.2,1.38281685046
0.442,-1.2,1.31226064285
0.468,-1.2,1.23988966501
0.494,-1.2,1.16609007993
0.52,-1.2,1.09127011706
0.546,-1.2,1.01586007233
0.572,-1.2,0.940312308088
0.598,-1.2,0.865101253177
0.624,-1.2,0.790723402877
0.65,-1.2,0.717697318929
0.676,-1.2,0.646563629533
0.702,-1.2,0.577885029345
0.728,-1.2,0.512246279476
0.754,-1.2,0.450254207497
0.78,-1.2,0.392537707435
0.806,-1.2,0.339747739774
0.832,-1.2,0.292557331456
0.858,-1.2,0.251661575877
0.884,-1.2,0.217777632895
0.91,-1.2,0.191644728821
0.936,-1.2,0.174024156425
0.962,-1.2,0.165699274933
0.988,-1.2,0.167475510029
1.014,-1.2,0.180180353855
1.04,-1.2,0.204663365007
1.066,-1.2,0.241796168541
1.092,-1.2,0.292472455969
1.118,-1.2,0.35760798526
1.144,-1.2,0.43814058084
1.17,-1.2,0.535030133593
1.196,-1.2,0.649258600859
1.222,-1.2,0.781830006435
1.248,-1.2,0.933770440577
1.274,-1.2,1.10612805999
1.3,-1.2,1.29997308786
-1.3,-0.9,1.68406468411
-1.274,-0.9,1.48233370432
-1.248,-0.9,1.30209013297
-1.222,-0.9,1.14226374691
-1.196,-0.9,1.00180638941
-1.17,-0.9,0.879691970215
-1.144,-0.9,0.774916465538
-1.118,-0.9,0.686497918032
-1.092,-0.9,0.613476436817
-1.066,-0.9,0.554914197464
-1.04,-0.9,0.509895442005
-1.014,-0.9,0.477526478928
-0.988,-0.9,0.456935683177
-0.962,-0.9,0.447273496156
-0.936,-0.9,0.447712425723
-0.91,-0.9,0.457447046194
-0.884,-0.9,0.475693998343
-0.858,-0.9,0.501691989401
-0.832,-0.9,0.534701793054
-0.806,-0.9,0.574006249448
-0.78,-0.9,0.618910265184
-0.754,-0.9,0.668740813321
-0.728,-0.9,0.722846933374
-0.702,-0.9,0.780599731318
-0.676,-0.9,0.841392379582
-0.65,-0.9,0.904640117053
-0.624,-0.9,0.969780249075
-0.598,-0.9,1.03627214745
-0.572,-0.9,1.10359725044
-0.546,-0.9,1.17125906275
-0.52,-0.9,1.23878315556
-0.494,-0.9,1.3057171665
-0.468,-0.9,1.37163079966
-0.442,-0.9,1.43611582558
-0.416,-0.9,1.49878608126
-0.39,-0.9,1.55927747015
-0.364,-0.9,1.61724796218
-0.338,-0.9,1.67237759372
-0.312,-0.9,1.72436846759
-0.286,-0.9,1.77294475308
-0.26,-0.9,1.81785268594
-0.234,-0.9,1.85886056837
-0.208,-0.9,1.89575876901
-0.182,-0.9,1.928359723
-0.156,-0.9,1.9564979319
-0.13,-0.9,1.98002996373
-0.104,-0.9,1.99883445299
-0.078,-0.9,2.01281210062
-0.052,-0.9,2.02188567402
-0.026,-0.9,2.02600000704
0,-0.9,2.025122
0.026,-0.9,2.01924061967
0.052,-0.9,2.00836689929
0.078,-0.9,1.99253393853
0.104,-0.9,1.97179690353
0.13,-0.9,1.94623302691
0.156,-0.9,1.91594160771
0.182,-0.9,1.88104401145
0.208,-0.9,1.8416836701
0.234,-0.9,1.79802608209
0.26,-0.9,1.7502588123
0.286,-0.9,1.69859149208
0.312,-0.9,1.64325581922
0.338,-0.9,1.58450555798
0.364,-0.9,1.52261653908
0.39,-0.9,1.45788665969
0.416,-0.9,1.39063588343
0.442,-0.9,1.32120624039
0.468,-0.9,1.2499618271
0.494,-0.9,1.17728880658
0.52,-0.9,1.10359540828
0.546,-0.9,1.0293119281
0.572,-0.9,0.954890728424
0.598,-0.9,0.880806238073
0.624,-0.9,0.807554952334
0.65,-0.9,0.735655432947
0.676,-0.9,0.665648308112
0.702,-0.9,0.598096272484
0.728,-0.9,0.533584087176
0.754,-0.9,0.472718579758
0.78,-0.9,0.416128644256
0.806,-0.9,0.364465241156
0.832,-0.9,0.318401397398
0.858,-0.9,0.278632206381
0.884,-0.9,0.245874827959
0.91,-0.9,0.220868488446
0.936,-0.9,0.20437448061
0.962,-0.9,0.197176163679
0.988,-0.9,0.200078963336
1.014,-0.9,0.213910371722
1.04,-0.9,0.239519947435
1.066,-0.9,0.27777931553
1.092,-0.9,0.329582167519
1.118,-0.9,0.39584426137
1.144,-0.9,0.477503421511
1.17,-0.9,0.575519538825
1.196,-0.9,0.690874570651
1.222,-0.9,0.824572540788
1.248,-0.9,0.97763953949
1.274,-0.9,1.15112372347
1.3,-0.9,1.34609531589
-1.3,-0.6,1.62044645607
-1.274,-0.6,1.41984204084
-1.248,-0.6,1.24072503406
-1.222,-0.6,1.08202521255
-1.196,-0.6,0.942694419614
-1.17,-0.6,0.821706564984
-1.144,-0.6,0.718057624867
-1.118,-0.6,0.630765641922
-1.092,-0.6,0.558870725267
-1.066,-0.6,0.501435050475
-1.04,-0.6,0.457542859577
-1.014,-0.6,0.42630046106
-0.988,-0.6,0.406836229871
-0.962,-0.6,0.39830060741
-0.936,-0.6,0.399866101537
-0.91,-0.6,0.410727286569
-0.884,-0.6,0.430100803279
-0.858,-0.6,0.457225358897
-0.832,-0.6,0.491361727111
-0.806,-0.6,0.531792748066
-0.78,-0.6,0.577823328362
-0.754,-0.6,0.62878044106
-0.728,-0.6,0.684013125675
-0.702,-0.6,0.742892488179
-0.676,-0.6,0.804811701004
-0.65,-0.6,0.869186003035
-0.624,-0.6,0.935452699618
-0.598,-0.6,1.00307116255
-0.572,-0.6,1.0715228301
-0.546,-0.6,1.14031120698
-0.52,-0.6,1.20896186435
-0.494,-0.6,1.27702243985
-0.468,-0.6,1.34406263757
-0.442,-0.6,1.40967422805
-0.416,-0.6,1.47347104828
-0.39,-0.6,1.53508900174
-0.364,-0.6,1.59418605833
-0.338,-0.6,1.65044225443
-0.312,-0.6,1.70355969286
-0.286,-0.6,1.75326254291
-0.26,-0.6,1.79929704033
-0.234,-0.6,1.84143148732
-0.208,-0.6,1.87945625253
-0.182,-0.6,1.91318377107
-0.156,-0.6,1.94244854453
-0.13,-0.6,1.96710714093
-0.104,-0.6,1.98703819475
-0.078,-0.6,2.00214240694
-0.052,-0.6,2.01234254489
-0.026,-0.6,2.01758344248
0,-0.6,2.017832
0.026,-0.6,2.01307718423
0.052,-0.6,2.00333002841
0.078,-0.6,1.98862363221
0.104,-0.6,1.96901316178
0.13,-0.6,1.94457584971
0.156,-0.6,1.91541099507
0.182,-0.6,1.88163996337
0.208,-0.6,1.84340618659
0.234,-0.6,1.80087516313
0.26,-0.6,1.75423445791
0.286,-0.6,1.70369370224
0.312,-0.6,1.64948459395
0.338,-0.6,1.59186089727
0.364,-0.6,1.53109844293
0.39,-0.6,1.4674951281
0.416,-0.6,1.4013709164
0.442,-0.6,1.33306783792
0.468,-0.6,1.2629499892
0.494,-0.6,1.19140353324
0.52,-0.6,1.11883669949
0.546,-0.6,1.04567978388
0.572,-0.6,0.972385148759
0.598,-0.6,0.899427222969
0.624,-0.6,0.827302501791
0.65,-0.6,0.756529546965
0.676,-0.6,0.68764898669
0.702,-0.6,0.621223515623
0.728,-0.6,0.557837894876
0.754,-0.6,0.498098952018
0.78,-0.6,0.442635581078
0.806,-0.6,0.392098742538
0.832,-0.6,0.347161463341
0.858,-0.6,0.308518836884
0.884,-0.6,0.276888023023
0.91,-0.6,0.253008248071
0.936,-0.6,0.237640804796
0.962,-0.6,0.231569052425
0.988,-0.6,0.235598416643
1.014,-0.6,0.25055638959
1.04,-0.6,0.277292529863
1.066,-0.6,0.316678462519
1.092,-0.6,0.369607879068
1.118,-0.6,0.436996537481
1.144,-0.6,0.519782262182
1.17,-0.6,0.618924944056
1.196,-0.6,0.735406540444
1.222,-0.6,0.870231075141
1.248,-0.6,1.0244246384
1.274,-0.6,1.19903538694
1.3,-0.6,1.39513354393
-1.3,-0.3,1.55974422804
-1.274,-0.3,1.36026637737
-1.248,-0.3,1.18227593515
-1.222,-0.3,1.0247026782
-1.196,-0.3,0.886498449821
-1.17,-0.3,0.766637159752
-1.144,-0.3,0.664114784195
-1.118,-0.3,0.577949365812
-1.092,-0.3,0.507181013717
-1.066,-0.3,0.450871903486
-1.04,-0.3,0.408106277148
-1.014,-0.3,0.377990443193
-0.988,-0.3,0.359652776564
-0.962,-0.3,0.352243718664
-0.936,-0.3,0.354935777352
-0.91,-0.3,0.366923526945
-0.884,-0.3,0.387423608215
-0.858,-0.3,0.415674728394
-0.832,-0.3,0.450937661169
-0.806,-0.3,0.492495246684
-0.78,-0.3,0.539652391541
-0.754,-0.3,0.5917360688
-0.728,-0.3,0.648095317975
-0.702,-0.3,0.70810124504
-0.676,-0.3,0.771147022425
-0.65,-0.3,0.836647889018
-0.624,-0.3,0.904041150161
-0.598,-0.3,0.972786177658
-0.572,-0.3,1.04236440977
-0.546,-0.3,1.1122793512
-0.52,-0.3,1.18205657313
-0.494,-0.3,1.2512437132
-0.468,-0.3,1.31941047548
-0.442,-0.3,1.38614863051
-0.416,-0.3,1.45107201531
-0.39,-0.3,1.51381653333
-0.364,-0.3,1.57404015448
-0.338,-0.3,1.63142291514
-0.312,-0.3,1.68566691813
-0.286,-0.3,1.73649633275
-0.26,-0.3,1.78365739473
-0.234,-0.3,1.82691840627
-0.208,-0.3,1.86606973604
-0.182,-0.3,1.90092381915
-0.156,-0.3,1.93131515717
-0.13,-0.3,1.95710031812
-0.104,-0.3,1.97815793651
-0.078,-0.3,1.99438871325
-0.052,-0.3,2.00571541577
-0.026,-0.3,2.01208287792
0,-0.3,2.013458
0.026,-0.3,2.0098297488
0.052,-0.3,2.00120915753
0.078,-0.3,1.98762932589
0.104,-0.3,1.96914542002
0.13,-0.3,1.94583467252
0.156,-0.3,1.91779638244
0.182,-0.3,1.8851519153
0.208,-0.3,1.84804470307
0.234,-0.3,1.80664024418
0.26,-0.3,1.76112610351
0.286,-0.3,1.71171191241
0.312,-0.3,1.65862936868
0.338,-0.3,1.60213223656
0.364,-0.3,1.54249634678
0.39,-0.3,1.48001959651
0.416,-0.3,1.41502194937
0.442,-0.3,1.34784543545
0.468,-0.3,1.27885415129
0.494,-0.3,1.20843425989
0.52,-0.3,1.13699399071
0.546,-0.3,1.06496363965
0.572,-0.3,0.992795569095
0.598,-0.3,0.920964207866
0.624,-0.3,0.849966051248
0.65,-0.3,0.780319660982
0.676,-0.3,0.712565665269
0.702,-0.3,0.647266758762
0.728,-0.3,0.585007702575
0.754,-0.3,0.526395324279
0.78,-0.3,0.472058517899
0.806,-0.3,0.42264824392
0.832,-0.3,0.378837529284
0.858,-0.3,0.341321467387
0.884,-0.3,0.310817218087
0.91,-0.3,0.288064007695
0.936,-0.3,0.273823128981
0.962,-0.3,0.268877941171
0.988,-0.3,0.27403386995
1.014,-0.3,0.290118407457
1.04,-0.3,0.317981112292
1.066,-0.3,0.358493609508
1.092,-0.3,0.412549590618
1.118,-0.3,0.481064813591
1.144,-0.3,0.564977102853
1.17,-0.3,0.665246349288
1.196,-0.3,0.782854510236
1.222,-0.3,0.918805609495
1.248,-0.3,1.07412573732
1.274,-0.3,1.24986305042
1.3,-0.3,1.44708777196
-1.3,0,1.501958
-1.274,0,1.30360671389
-1.248,0,1.12674283623
-1.222,0,0.970296143848
-1.196,0,0.833218480029
-1.17,0,0.71448375452
-1.144,0,0.613087943524
-1.118,0,0.528049089701
-1.092,0,0.458407302168
-1.066,0,0.403224756497
-1.04,0,0.36158569472
-1.014,0,0.332596425325
-0.988,0,0.315385323257
-0.962,0,0.309102829918
-0.936,0,0.312921453167
-0.91,0,0.32603576732
-0.884,0,0.347662413151
-0.858,0,0.377040097891
-0.832,0,0.413429595226
-0.806,0,0.456113745302
-0.78,0,0.50439745472
-0.754,0,0.557607696539
-0.728,0,0.615093510275
-0.702,0,0.676226001901
-0.676,0,0.740398343847
-0.65,0,0.807025775
-0.624,0,0.875545600705
-0.598,0,0.945417192762
-0.572,0,1.01612198943
-0.546,0,1.08716349543
-0.52,0,1.15806728192
-0.494,0,1.22838098654
-0.468,0,1.29767431338
-0.442,0,1.36553903298
-0.416,0,1.43158898234
-0.39,0,1.49546006492
-0.364,0,1.55681025063
-0.338,0,1.61531957585
-0.312,0,1.6706901434
-0.286,0,1.72264612258
-0.26,0,1.77093374912
-0.234,0,1.81532132523
-0.208,0,1.85559921956
-0.182,0,1.89157986722
-0.156,0,1.9230977698
-0.13,0,1.95000949532
-0.104,0,1.97219367826
-0.078,0,1.98955101957
-0.052,0,2.00200428665
-0.026,0,2.00949831336
0,0,2.012
0.026,0,2.00949831336
0.052,0,2.00200428665
0.078,0,1.98955101957
0.104,0,1.97219367826
0.13,0,1.95000949532
0.156,0,1.9230977698
0.182,0,1.89157986722
0.208,0,1.85559921956
0.234,0,1.81532132523
0.26,0,1.77093374912
0.286,0,1.72264612258
0.312,0,1.6706901434
0.338,0,1.61531957585
0.364,0,1.55681025063
0.39,0,1.49546006492
0.416,0,1.43158898234
0.442,0,1.36553903298
0.468,0,1.29767431338
0.494,0,1.22838098654
0.52,0,1.15806728192
0.546,0,1.08716349543
0.572,0,1.01612198943
0.598,0,0.945417192762
0.624,0,0.875545600705
0.65,0,0.807025775
0.676,0,0.740398343847
0.702,0,0.676226001901
0.728,0,0.615093510275
0.754,0,0.557607696539
0.78,0,0.50439745472
0.806,0,0.456113745302
0.832,0,0.413429595226
0.858,0,0.377040097891
0.884,0,0.347662413151
0.91,0,0.32603576732
0.936,0,0.312921453167
0.962,0,0.309102829918
0.988,0,0.315385323257
1.014,0,0.332596425325
1.04,0,0.36158569472
1.066,0,0.403224756497
1.092,0,0.458407302168
1.118,0,0.528049089701
1.144,0,0.613087943524
1.17,0,0.71448375452
1.196,0,0.833218480029
1.222,0,0.970296143848
1.248,0,1.12674283623
1.274,0,1.30360671389
1.3,0,1.501958
-1.3,0.3,1.44708777196
-1.274,0.3,1.24986305042
-1.248,0.3,1.07412573732
-1.222,0.3,0.918805609495
-1.196,0.3,0.782854510236
-1.17,0.3,0.665246349288
-1.144,0.3,0.564977102853
-1.118,0.3,0.481064813591
-1.092,0.3,0.412549590618
-1.066,0.3,0.358493609508
-1.04,0.3,0.317981112292
-1.014,0.3,0.290118407457
-0.988,0.3,0.27403386995
-0.962,0.3,0.268877941171
-0.936,0.3,0.273823128981
-0.91,0.3,0.288064007695
-0.884,0.3,0.310817218087
-0.858,0.3,0.341321467387
-0.832,0.3,0.378837529284
-0.806,0.3,0.42264824392
-0.78,0.3,0.472058517899
-0.754,0.3,0.526395324279
-0.728,0.3,0.585007702575
-0.702,0.3,0.647266758762
-0.676,0.3,0.712565665269
-0.65,0.3,0.780319660982
-0.624,0.3,0.849966051248
-0.598,0.3,0.920964207866
-0.572,0.3,0.992795569095
-0.546,0.3,1.06496363965
-0.52,0.3,1.13699399071
-0.494,0.3,1.20843425989
-0.468,0.3,1.27885415129
-0.442,0.3,1.34784543545
-0.416,0.3,1.41502194937
-0.39,0.3,1.48001959651
-0.364,0.3,1.54249634678
-0.338,0.3,1.60213223656
-0.312,0.3,1.65862936868
-0.286,0.3,1.71171191241
-0.26,0.3,1.76112610351
-0.234,0.3,1.80664024418
-0.208,0.3,1.84804470307
-0.182,0.3,1.8851519153
-0.156,0.3,1.91779638244
-0.13,0.3,1.94583467252
-0.104,0.3,1.96914542002
-0.078,0.3,1.98762932589
-0.052,0.3,2.00120915753
-0.026,0.3,2.0098297488
0,0.3,2.013458
0.026,0.3,2.01208287792
0.052,0.3,2.00571541577
0.078,0.3,1.99438871325
0.104,0.3,1.97815793651
0.13,0.3,1.95710031812
0.156,0.3,1.93131515717
0.182,0.3,1.90092381915
0.208,0.3,1.86606973604
0.234,0.3,1.82691840627
0.26,0.3,1.78365739473
0.286,0.3,1.73649633275
0.312,0.3,1.68566691813
0.338,0.3,1.63142291514
0.364,0.3,1.57404015448
0.39,0.3,1.51381653333
0.416,0.3,1.45107201531
0.442,0.3,1.38614863051
0.468,0.3,1.31941047548
0.494,0.3,1.2512437132
0.52,0.3,1.18205657313
0.546,0.3,1.1122793512
0.572,0.3,1.04236440977
0.598,0.3,0.972786177658
0.624,0.3,0.904041150161
0.65,0.3,0.836647889018
0.676,0.3,0.771147022425
0.702,0.3,0.70810124504
0.728,0.3,0.648095317975
0.754,0.3,0.5917360688
0.78,0.3,0.539652391541
0.806,0.3,0.492495246684
0.832,0.3,0.450937661169
0.858,0.3,0.415674728394
0.884,0.3,0.387423608215
0.91,0.3,0.366923526945
0.936,0.3,0.354935777352
0.962,0.3,0.352243718664
0.988,0.3,0.359652776564
1.014,0.3,0.377990443193
1.04,0.3,0.408106277148
1.066,0.3,0.450871903486
1.092,0.3,0.507181013717
1.118,0.3,0.577949365812
1.144,0.3,0.664114784195
1.17,0.3,0.766637159752
1.196,0.3,0.886498449821
1.222,0.3,1.0247026782
1.248,0.3,1.18227593515
1.274,0.3,1.36026637737
1.3,0.3,1.55974422804
-1.3,0.6,1.39513354393
-1.274,0.6,1.19903538694
-1.248,0.6,1.0244246384
-1.222,0.6,0.870231075141
-1.196,0.6,0.735406540444
-1.17,0.6,0.618924944056
-1.144,0.6,0.519782262182
-1.118,0.6,0.436996537481
-1.092,0.6,0.369607879068
-1.066,0.6,0.316678462519
-1.04,0.6,0.277292529863
-1.014,0.6,0.25055638959
-0.988,0.6,0.235598416643
-0.962,0.6,0.231569052425
-0.936,0.6,0.237640804796
-0.91,0.6,0.253008248071
-0.884,0.6,0.276888023023
-0.858,0.6,0.308518836884
-0.832,0.6,0.347161463341
-0.806,0.6,0.392098742538
-0.78,0.6,0.442635581078
-0.754,0.6,0.498098952018
-0.728,0.6,0.557837894876
-0.702,0.6,0.621223515623
-0.676,0.6,0.68764898669
-0.65,0.6,0.756529546965
-0.624,0.6,0.827302501791
-0.598,0.6,0.899427222969
-0.572,0.6,0.972385148759
-0.546,0.6,1.04567978388
-0.52,0.6,1.11883669949
-0.494,0.6,1.19140353324
-0.468,0.6,1.2629499892
-0.442,0.6,1.33306783792
-0.416,0.6,1.4013709164
-0.39,0.6,1.4674951281
-0.364,0.6,1.53109844293
-0.338,0.6,1.59186089727
-0.312,0.6,1.64948459395
-0.286,0.6,1.70369370224
-0.26,0.6,1.75423445791
-0.234,0.6,1.80087516313
-0.208,0.6,1.84340618659
-0.182,0.6,1.88163996337
-0.156,0.6,1.91541099507
-0.13,0.6,1.94457584971
-0.104,0.6,1.96901316178
-0.078,0.6,1.98862363221
-0.052,0.6,2.00333002841
-0.026,0.6,2.01307718423
0,0.6,2.017832
0.026,0.6,2.01758344248
0.052,0.6,2.01234254489
0.078,0.6,2.00214240694
0.104,0.6,1.98703819475
0.13,0.6,1.96710714093
0.156,0.6,1.94244854453
0.182,0.6,1.91318377107
0.208,0.6,1.87945625253
0.234,0.6,1.84143148732
0.26,0.6,1.79929704033
0.286,0.6,1.75326254291
0.312,0.6,1.70355969286
0.338,0.6,1.65044225443
0.364,0.6,1.59418605833
0.39,0.6,1.53508900174
0.416,0.6,1.47347104828
0.442,0.6,1.40967422805
0.468,0.6,1.34406263757
0.494,0.6,1.27702243985
0.52,0.6,1.20896186435
0.546,0.6,1.14031120698
0.572,0.6,1.0715228301
0.598,0.6,1.00307116255
0.624,0.6,0.935452699618
0.65,0.6,0.869186003035
0.676,0.6,0.804811701004
0.702,0.6,0.742892488179
0.728,0.6,0.684013125675
0.754,0.6,0.62878044106
0.78,0.6,0.577823328362
0.806,0.6,0.531792748066
0.832,0.6,0.491361727111
0.858,0.6,0.457225358897
0.884,0.6,0.430100803279
0.91,0.6,0.410727286569
0.936,0.6,0.399866101537
0.962,0.6,0.39830060741
0.988,0.6,0.406836229871
1.014,0.6,0.42630046106
1.04,0.6,0.457542859577
1.066,0.6,0.501435050475
1.092,0.6,0.558870725267
1.118,0.6,0.630765641922
1.144,0.6,0.718057624867
1.17,0.6,0.821706564984
1.196,0.6,0.942694419614
1.222,0.6,1.08202521255
1.248,0.6,1.24072503406
1.274,0.6,1.41984204084
1.3,0.6,1.62044645607
-1.3,0.9,1.34609531589
-1.274,0.9,1.15112372347
-1.248,0.9,0.97763953949
-1.222,0.9,0.824572540788
-1.196,0.9,0.690874570651
-1.17,0.9,0.575519538825
-1.144,0.9,0.477503421511
-1.118,0.9,0.39584426137
-1.092,0.9,0.329582167519
-1.066,0.9,0.27777931553
-1.04,0.9,0.239519947435
-1.014,0.9,0.213910371722
-0.988,0.9,0.200078963336
-0.962,0.9,0.197176163679
-0.936,0.9,0.20437448061
-0.91,0.9,0.220868488446
-0.884,0.9,0.245874827959
-0.858,0.9,0.278632206381
-0.832,0.9,0.318401397398
-0.806,0.9,0.364465241156
-0.78,0.9,0.416128644256
-0.754,0.9,0.472718579758
-0.728,0.9,0.533584087176
-0.702,0.9,0.598096272484
-0.676,0.9,0.665648308112
-0.65,0.9,0.735655432947
-0.624,0.9,0.807554952334
-0.598,0.9,0.880806238073
-0.572,0.9,0.954890728424
-0.546,0.9,1.0293119281
-0.52,0.9,1.10359540828
-0.494,0.9,1.17728880658
-0.468,0.9,1.2499618271
-0.442,0.9,1.32120624039
-0.416,0.9,1.39063588343
-0.39,0.9,1.45788665969
-0.364,0.9,1.52261653908
-0.338,0.9,1.58450555798
-0.312,0.9,1.64325581922
-0.286,0.9,1.69859149208
-0.26,0.9,1.7502588123
-0.234,0.9,1.79802608209
-0.208,0.9,1.8416836701
-0.182,0.9,1.88104401145
-0.156,0.9,1.91594160771
-0.13,0.9,1.94623302691
-0.104,0.9,1.97179690353
-0.078,0.9,1.99253393853
-0.052,0.9,2.00836689929
-0.026,0.9,2.01924061967
0,0.9,2.025122
0.026,0.9,2.02600000704
0.052,0.9,2.02188567402
0.078,0.9,2.01281210062
0.104,0.9,1.99883445299
0.13,0.9,1.98002996373
0.156,0.9,1.9564979319
0.182,0.9,1.928359723
0.208,0.9,1.89575876901
0.234,0.9,1.85886056837
0.26,0.9,1.81785268594
0.286,0.9,1.77294475308
0.312,0.9,1.72436846759
0.338,0.9,1.67237759372
0.364,0.9,1.61724796218
0.39,0.9,1.55927747015
0.416,0.9,1.49878608126
0.442,0.9,1.43611582558
0.468,0.9,1.37163079966
0.494,0.9,1.3057171665
0.52,0.9,1.23878315556
0.546,0.9,1.17125906275
0.572,0.9,1.10359725044
0.598,0.9,1.03627214745
0.624,0.9,0.969780249075
0.65,0.9,0.904640117053
0.676,0.9,0.841392379582
0.702,0.9,0.780599731318
0.728,0.9,0.722846933374
0.754,0.9,0.668740813321
0.78,0.9,0.618910265184
0.806,0.9,0.574006249448
0.832,0.9,0.534701793054
0.858,0.9,0.501691989401
0.884,0.9,0.475693998343
0.91,0.9,0.457447046194
0.936,0.9,0.447712425723
0.962,0.9,0.447273496156
0.988,0.9,0.456935683177
1.014,0.9,0.477526478928
1.04,0.9,0.509895442005
1.066,0.9,0.554914197464
1.092,0.9,0.613476436817
1.118,0.9,0.686497918032
1.144,0.9,0.774916465538
1.17,0.9,0.879691970215
1.196,0.9,1.00180638941
1.222,0.9,1.14226374691
1.248,0.9,1.30209013297
1.274,0.9,1.48233370432
1.3,0.9,1.68406468411
-1.3,1.2,1.29997308786
-1.274,1.2,1.10612805999
-1.248,1.2,0.933770440577
-1.222,1.2,0.781830006435
-1.196,1.2,0.649258600859
-1.17,1.2,0.535030133593
-1.144,1.2,0.43814058084
-1.118,1.2,0.35760798526
-1.092,1.2,0.292472455969
-1.066,1.2,0.241796168541
-1.04,1.2,0.204663365007
-1.014,1.2,0.180180353855
-0.988,1.2,0.167475510029
-0.962,1.2,0.165699274933
-0.936,1.2,0.174024156425
-0.91,1.2,0.191644728821
-0.884,1.2,0.217777632895
-0.858,1.2,0.251661575877
-0.832,1.2,0.292557331456
-0.806,1.2,0.339747739774
-0.78,1.2,0.392537707435
-0.754,1.2,0.450254207497
-0.728,1.2,0.512246279476
-0.702,1.2,0.577885029345
-0.676,1.2,0.646563629533
-0.65,1.2,0.717697318929
-0.624,1.2,0.790723402877
-0.598,1.2,0.865101253177
-0.572,1.2,0.940312308088
-0.546,1.2,1.01586007233
-0.52,1.2,1.09127011706
-0.494,1.2,1.16609007993
-0.468,1.2,1.23988966501
-0.442,1.2,1.31226064285
-0.416,1.2,1.38281685046
-0.39,1.2,1.45119419128
-0.364,1.2,1.51705063523
-0.338,1.2,1.58006621869
-0.312,1.2,1.63994304449
-0.286,1.2,1.69640528191
-0.26,1.2,1.74919916669
-0.234,1.2,1.79809300104
-0.208,1.2,1.84287715361
-0.182,1.2,1.88336405952
-0.156,1.2,1.91938822035
-0.13,1.2,1.95080620411
-0.104,1.2,1.97749664529
-0.078,1.2,1.99936024484
-0.052,1.2,2.01631977017
-0.026,1.2,2.02832005511
0,1.2,2.035328
0.026,1.2,2.0373325716
0.052,1.2,2.03434480314
0.078,1.2,2.0263977943
0.104,1.2,2.01354671123
0.13,1.2,1.99586878653
0.156,1.2,1.97346331926
0.182,1.2,1.94645167492
0.208,1.2,1.9149772855
0.234,1.2,1.87920564941
0.26,1.2,1.83932433155
0.286,1.2,1.79554296325
0.312,1.2,1.74809324232
0.338,1.2,1.69722893301
0.364,1.2,1.64322586603
0.39,1.2,1.58638193856
0.416,1.2,1.52701711423
0.442,1.2,1.46547342311
0.468,1.2,1.40211496175
0.494,1.2,1.33732789316
0.52,1.2,1.27152044678
0.546,1.2,1.20512291852
0.572,1.2,1.13858767077
0.598,1.2,1.07238913235
0.624,1.2,1.00702379853
0.65,1.2,0.943010231071
0.676,1.2,0.88088905816
0.702,1.2,0.821222974457
0.728,1.2,0.764596741074
0.754,1.2,0.711617185581
0.78,1.2,0.662913202005
0.806,1.2,0.61913575083
0.832,1.2,0.580957858997
0.858,1.2,0.549074619904
0.884,1.2,0.524203193407
0.91,1.2,0.507082805819
0.936,1.2,0.498474749908
0.962,1.2,0.499162384902
0.988,1.2,0.509951136484
1.014,1.2,0.531668496795
1.04,1.2,0.565164024433
1.066,1.2,0.611309344453
1.092,1.2,0.670998148366
1.118,1.2,0.745146194143
1.144,1.2,0.834691306209
1.17,1.2,0.940593375447
1.196,1.2,1.0638343592
1.222,1.2,1.20541828126
1.248,1.2,1.36637123189
1.274,1.2,1.54774136779
1.3,1.2,1.75059891214
-1.3,1.5,1.25676685982
-1.274,1.5,1.06404839652
-1.248,1.5,0.892817341663
-1.222,1.5,0.742003472082
-1.196,1.5,0.610558631066
-1.17,1.5,0.497456728361
-1.144,1.5,0.401693740169
-1.118,1.5,0.322287709149
-1.092,1.5,0.258278744419
-1.066,1.5,0.208729021552
-1.04,1.5,0.172722782579
-1.014,1.5,0.149366335987
-0.988,1.5,0.137788056723
-0.962,1.5,0.137138386187
-0.936,1.5,0.146589832239
-0.91,1.5,0.165336969196
-0.884,1.5,0.192596437831
-0.858,1.5,0.227606945374
-0.832,1.5,0.269629265513
-0.806,1.5,0.317946238392
-0.78,1.5,0.371862770614
-0.754,1.5,0.430705835237
-0.728,1.5,0.493824471776
-0.702,1.5,0.560589786206
-0.676,1.5,0.630394950955
-0.65,1.5,0.702655204912
-0.624,1.5,0.77680785342
-0.598,1.5,0.852312268281
-0.572,1.5,0.928649887753
-0.546,1.5,1.00532421655
-0.52,1.5,1.08186082585
-0.494,1.5,1.15780735328
-0.468,1.5,1.23273350292
-0.442,1.5,1.30623104532
-0.416,1.5,1.37791381749
-0.39,1.5,1.44741772287
-0.364,1.5,1.51440073138
-0.338,1.5,1.5785428794
-0.312,1.5,1.63954626976
-0.286,1.5,1.69713507174
-0.26,1.5,1.75105552108
-0.234,1.5,1.80107591999
-0.208,1.5,1.84698663713
-0.182,1.5,1.8886001076
-0.156,1.5,1.92575083298
-0.13,1.5,1.9582953813
-0.104,1.5,1.98611238705
-0.078,1.5,2.00910255116
-0.052,1.5,2.02718864104
-0.026,1.5,2.04031549055
0,1.5,2.04845
0.026,1.5,2.05158113616
0.052,1.5,2.04971993226
0.078,1.5,2.04289948798
0.104,1.5,2.03117496948
0.13,1.5,2.01462360934
0.156,1.5,1.99334470662
0.182,1.5,1.96745962685
0.208,1.5,1.93711180198
0.234,1.5,1.90246673046
0.26,1.5,1.86371197716
0.286,1.5,1.82105717342
0.312,1.5,1.77473401705
0.338,1.5,1.7249962723
0.364,1.5,1.67211976988
0.39,1.5,1.61640240697
0.416,1.5,1.5581641472
0.442,1.5,1.49774702064
0.468,1.5,1.43551512385
0.494,1.5,1.37185461981
0.52,1.5,1.30717373799
0.546,1.5,1.2419027743
0.572,1.5,1.17649409111
0.598,1.5,1.11142211724
0.624,1.5,1.04718334799
0.65,1.5,0.984296345088
0.676,1.5,0.923301736739
0.702,1.5,0.864762217596
0.728,1.5,0.809262548774
0.754,1.5,0.757409557842
0.78,1.5,0.709832138826
0.806,1.5,0.667181252211
0.832,1.5,0.630129924939
0.858,1.5,0.599373250407
0.884,1.5,0.575628388471
0.91,1.5,0.559634565444
0.936,1.5,0.552153074094
0.962,1.5,0.553967273648
0.988,1.5,0.565882589791
1.014,1.5,0.588726514663
1.04,1.5,0.623348606861
1.066,1.5,0.670620491442
1.092,1.5,0.731435859916
1.118,1.5,0.806710470253
1.144,1.5,0.89738214688
1.17,1.5,1.00441078068
1.196,1.5,1.12877832899
1.222,1.5,1.27148881561
1.248,1.5,1.4335683308
1.274,1.5,1.61606503127
1.3,1.5,1.82004914018
-1.3,1.8,1.21647663179
-1.274,1.8,1.02488473305
-1.248,1.8,0.854780242749
-1.222,1.8,0.705092937729
-1.196,1.8,0.574774661274
-1.17,1.8,0.462799323129
-1.144,1.8,0.368162899498
-1.118,1.8,0.289883433039
-1.092,1.8,0.227001032869
-1.066,1.8,0.178577874563
-1.04,1.8,0.14369820015
-1.014,1.8,0.12146831812
-0.988,1.8,0.111016603416
-0.962,1.8,0.111493497441
-0.936,1.8,0.122071508054
-0.91,1.8,0.141945209572
-0.884,1.8,0.170331242767
-0.858,1.8,0.206468314871
-0.832,1.8,0.24961719957
-0.806,1.8,0.299060737011
-0.78,1.8,0.354103833793
-0.754,1.8,0.414073462976
-0.728,1.8,0.478318664076
-0.702,1.8,0.546210543067
-0.676,1.8,0.617142272377
-0.65,1.8,0.690529090894
-0.624,1.8,0.765808303963
-0.598,1.8,0.842439283384
-0.572,1.8,0.919903467417
-0.546,1.8,0.997704360776
-0.52,1.8,1.07536753464
-0.494,1.8,1.15244062662
-0.468,1.8,1.22849334083
-0.442,1.8,1.30311744779
-0.416,1.8,1.37592678451
-0.39,1.8,1.44655725446
-0.364,1.8,1.51466682753
-0.338,1.8,1.57993554012
-0.312,1.8,1.64206549503
-0.286,1.8,1.70078086157
-0.26,1.8,1.75582787548
-0.234,1.8,1.80697483895
-0.208,1.8,1.85401212064
-0.182,1.8,1.89675215567
-0.156,1.8,1.93502944562
-0.13,1.8,1.9687005585
-0.104,1.8,1.99764412881
-0.078,1.8,2.02176085748
-0.052,1.8,2.04097351192
-0.026,1.8,2.05522692599
0,1.8,2.064488
0.026,1.8,2.06874570072
0.052,1.8,2.06801106138
0.078,1.8,2.06231718167
0.104,1.8,2.05171922772
0.13,1.8,2.03629443214
0.156,1.8,2.01614209399
0.182,1.8,1.99138357877
0.208,1.8,1.96216231847
0.234,1.8,1.9286438115
0.26,1.8,1.89101562276
0.286,1.8,1.84948738359
0.312,1.8,1.80429079177
0.338,1.8,1.75567961159
0.364,1.8,1.70392967373
0.39,1.8,1.64933887538
0.416,1.8,1.59222718017
0.442,1.8,1.53293661817
0.468,1.8,1.47183128594
0.494,1.8,1.40929734646
0.52,1.8,1.3457430292
0.546,1.8,1.28159863007
0.572,1.8,1.21731651144
0.598,1.8,1.15337110214
0.624,1.8,1.09025889745
0.65,1.8,1.02849845911
0.676,1.8,0.968630415317
0.702,1.8,0.911217460735
0.728,1.8,0.856844356474
0.754,1.8,0.806117930102
0.78,1.8,0.759667075647
0.806,1.8,0.718142753593
0.832,1.8,0.682217990882
0.858,1.8,0.652587880911
0.884,1.8,0.629969583535
0.91,1.8,0.615102325068
0.936,1.8,0.608747398279
0.962,1.8,0.611688162394
0.988,1.8,0.624730043098
1.014,1.8,0.64870053253
1.04,1.8,0.68444918929
1.066,1.8,0.732847638431
1.092,1.8,0.794789571466
1.118,1.8,0.871190746364
1.144,1.8,0.962988987551
1.17,1.8,1.07114418591
1.196,1.8,1.19663829878
1.222,1.8,1.34047534997
1.248,1.8,1.50368142972
1.274,1.8,1.68730469474
1.3,1.8,1.89241536821
-1.3,2.1,1.17910240375
-1.274,2.1,0.988637069571
-1.248,2.1,0.819659143835
-1.222,2.1,0.671098403375
-1.196,2.1,0.541906691481
-1.17,2.1,0.431057917897
-1.144,2.1,0.337548058827
-1.118,2.1,0.260395156929
-1.092,2.1,0.19863932132
-1.066,2.1,0.151342727574
-1.04,2.1,0.117589617722
-1.014,2.1,0.0964863002521
-0.988,2.1,0.0871611501089
-0.962,2.1,0.0887646086946
-0.936,2.1,0.100469183869
-0.91,2.1,0.121469449947
-0.884,2.1,0.150982047703
-0.858,2.1,0.188245684368
-0.832,2.1,0.232521133628
-0.806,2.1,0.283091235629
-0.78,2.1,0.339260896972
-0.754,2.1,0.400357090716
-0.728,2.1,0.465728856377
-0.702,2.1,0.534747299927
-0.676,2.1,0.606805593798
-0.65,2.1,0.681318976876
-0.624,2.1,0.757724754506
-0.598,2.1,0.835482298488
-0.572,2.1,0.914073047081
-0.546,2.1,0.993000505002
-0.52,2.1,1.07179024342
-0.494,2.1,1.14998989997
-0.468,2.1,1.22716917873
-0.442,2.1,1.30291985026
-0.416,2.1,1.37685575154
-0.39,2.1,1.44861278605
-0.364,2.1,1.51784892368
-0.338,2.1,1.58424420083
-0.312,2.1,1.6475007203
-0.286,2.1,1.7073426514
-0.26,2.1,1.76351622987
-0.234,2.1,1.8157897579
-0.208,2.1,1.86395360416
-0.182,2.1,1.90782020375
-0.156,2.1,1.94722405825
-0.13,2.1,1.9820217357
-0.104,2.1,2.01209187056
-0.078,2.1,2.0373351638
-0.052,2.1,2.0576743828
-0.026,2.1,2.07305436143
0,2.1,2.083442
0.026,2.1,2.08882626528
0.052,2.1,2.0892181905
0.078,2.1,2.08465087535
0.104,2.1,2.07517948596
0.13,2.1,2.06088125494
0.156,2.1,2.04185548135
0.182,2.1,2.0182235307
0.208,2.1,1.99012883496
0.234,2.1,1.95773689255
0.26,2.1,1.92123526837
0.286,2.1,1.88083359375
0.312,2.1,1.8367635665
0.338,2.1,1.78927895087
0.364,2.1,1.73865557758
0.39,2.1,1.68519134379
0.416,2.1,1.62920621314
0.442,2.1,1.57104221571
0.468,2.1,1.51106344803
0.494,2.1,1.44965607312
0.52,2.1,1.38722832042
0.546,2.1,1.32421048585
0.572,2.1,1.26105493178
0.598,2.1,1.19823608704
0.624,2.1,1.1362504469
0.65,2.1,1.07561657312
0.676,2.1,1.0168750939
0.702,2.1,0.960588703875
0.728,2.1,0.907342164174
0.754,2.1,0.857742302363
0.78,2.1,0.812418012468
0.806,2.1,0.772020254975
0.832,2.1,0.737222056824
0.858,2.1,0.708718511414
0.884,2.1,0.687226778599
0.91,2.1,0.673486084693
0.936,2.1,0.668257722465
0.962,2.1,0.672325051141
0.988,2.1,0.686493496405
1.014,2.1,0.711590550398
1.04,2.1,0.748465771718
1.066,2.1,0.79799078542
1.092,2.1,0.861059283015
1.118,2.1,0.938587022474
1.144,2.1,1.03151182822
1.17,2.1,1.14079359114
1.196,2.1,1.26741426858
1.222,2.1,1.41237788432
1.248,2.1,1.57671052863
1.274,2.1,1.76146035822
1.3,2.1,1.96769759625
-1.3,2.4,1.14464417572
-1.274,2.4,0.955305406096
-1.248,2.4,0.787454044921
-1.222,2.4,0.640019869022
-1.196,2.4,0.511954721689
-1.17,2.4,0.402232512666
-1.144,2.4,0.309849218156
-1.118,2.4,0.233822880818
-1.092,2.4,0.17319360977
-1.066,2.4,0.127023580585
-1.04,2.4,0.0943970352939
-1.014,2.4,0.0744202823845
-0.988,2.4,0.066221696802
-0.962,2.4,0.0689517199485
-0.936,2.4,0.0817828596831
-0.91,2.4,0.103909690322
-0.884,2.4,0.134548852639
-0.858,2.4,0.172939053864
-0.832,2.4,0.218341067685
-0.806,2.4,0.270037734247
-0.78,2.4,0.32733396015
-0.754,2.4,0.389556718455
-0.728,2.4,0.456055048677
-0.702,2.4,0.526200056788
-0.676,2.4,0.59938491522
-0.65,2.4,0.675024862859
-0.624,2.4,0.752557205049
-0.598,2.4,0.831441313592
-0.572,2.4,0.911158626746
-0.546,2.4,0.991212649227
-0.52,2.4,1.07112895221
-0.494,2.4,1.15045517332
-0.468,2.4,1.22876101664
-0.442,2.4,1.30563825273
-0.416,2.4,1.38070071857
-0.39,2.4,1.45358431764
-0.364,2.4,1.52394701983
-0.338,2.4,1.59146886154
-0.312,2.4,1.65585194558
-0.286,2.4,1.71682044124
-0.26,2.4,1.77412058426
-0.234,2.4,1.82752067686
-0.208,2.4,1.87681108767
-0.182,2.4,1.92180425182
-0.156,2.4,1.96233467089
-0.13,2.4,1.99825891289
-0.104,2.4,2.02945561232
-0.078,2.4,2.05582547012
-0.052,2.4,2.07729125368
-0.026,2.4,2.09379779687
0,2.4,2.105312
0.026,2.4,2.11182282984
0.052,2.4,2.11334131962
0.078,2.4,2.10990056903
0.104,2.4,2.1015557442
0.13,2.4,2.08838407775
0.156,2.4,2.07048486872
0.182,2.4,2.04797948262
0.208,2.4,2.02101135144
0.234,2.4,1.9897459736
0.26,2.4,1.95437091398
0.286,2.4,1.91509580392
0.312,2.4,1.87215234123
0.338,2.4,1.82579429016
0.364,2.4,1.77629748143
0.39,2.4,1.7239598122
0.416,2.4,1.66910124611
0.442,2.4,1.61206381324
0.468,2.4,1.55321161012
0.494,2.4,1.49293079977
0.52,2.4,1.43162961163
0.546,2.4,1.36973834162
0.572,2.4,1.30770935211
0.598,2.4,1.24601707193
0.624,2.4,1.18515799636
0.65,2.4,1.12565068714
0.676,2.4,1.06803577247
0.702,2.4,1.01287594701
0.728,2.4,0.960755971873
0.754,2.4,0.912282674623
0.78,2.4,0.86808494929
0.806,2.4,0.828813756357
0.832,2.4,0.795142122767
0.858,2.4,0.767765141917
0.884,2.4,0.747399973663
0.91,2.4,0.734785844318
0.936,2.4,0.73068404665
0.962,2.4,0.735877939887
0.988,2.4,0.751172949712
1.014,2.4,0.777396568265
1.04,2.4,0.815398354146
1.066,2.4,0.866049932409
1.092,2.4,0.930244994565
1.118,2.4,1.00889929858
1.144,2.4,1.10295066889
1.17,2.4,1.21335899637
1.196,2.4,1.34110623837
1.222,2.4,1.48719641867
1.248,2.4,1.65265562754
1.274,2.4,1.83853202169
1.3,2.4,2.04589582428
-1.3,2.7,1.11310194768
-1.274,2.7,0.924889742622
-1.248,2.7,0.758164946007
-1.222,2.7,0.611857334669
-1.196,2.7,0.484918751896
-1.17,2.7,0.376323107434
-1.144,2.7,0.285066377485
-1.118,2.7,0.210166604708
-1.092,2.7,0.15066389822
-1.066,2.7,0.105620433596
-1.04,2.7,0.0741204528656
-1.014,2.7,0.055270264517
-0.988,2.7,0.0481982434952
-0.962,2.7,0.0520548312023
-0.936,2.7,0.0660125354977
-0.91,2.7,0.0892659306974
-0.884,2.7,0.121031657575
-0.858,2.7,0.160548423361
-0.832,2.7,0.207077001743
-0.806,2.7,0.259900232865
-0.78,2.7,0.318323023329
-0.754,2.7,0.381672346195
-0.728,2.7,0.449297240977
-0.702,2.7,0.520568813649
-0.676,2.7,0.594880236642
-0.65,2.7,0.671646748841
-0.624,2.7,0.750305655592
-0.598,2.7,0.830316328696
-0.572,2.7,0.91116020641
-0.546,2.7,0.992340793452
-0.52,2.7,1.07338366099
-0.494,2.7,1.15383644666
-0.468,2.7,1.23326885455
-0.442,2.7,1.31127265519
-0.416,2.7,1.3874616856
-0.39,2.7,1.46147184922
-0.364,2.7,1.53296111598
-0.338,2.7,1.60160952225
-0.312,2.7,1.66711917085
-0.286,2.7,1.72921423107
-0.26,2.7,1.78764093866
-0.234,2.7,1.84216759581
-0.208,2.7,1.89258457119
-0.182,2.7,1.9387042999
-0.156,2.7,1.98036128352
-0.13,2.7,2.01741209009
-0.104,2.7,2.04973535408
-0.078,2.7,2.07723177643
-0.052,2.7,2.09982412456
-0.026,2.7,2.11745723231
0,2.7,2.130098
0.026,2.7,2.1377353944
0.052,2.7,2.14038044874
0.078,2.7,2.13806626271
0.104,2.7,2.13084800245
0.13,2.7,2.11880290055
0.156,2.7,2.10203025608
0.182,2.7,2.08065143455
0.208,2.7,2.05480986793
0.234,2.7,2.02467105464
0.26,2.7,1.99042255958
0.286,2.7,1.95227401409
0.312,2.7,1.91045711596
0.338,2.7,1.86522562945
0.364,2.7,1.81685538528
0.39,2.7,1.76564428062
0.416,2.7,1.71191227908
0.442,2.7,1.65600141077
0.468,2.7,1.59827577222
0.494,2.7,1.53912152642
0.52,2.7,1.47894690285
0.546,2.7,1.4181821974
0.572,2.7,1.35727977245
0.598,2.7,1.29671405683
0.624,2.7,1.23698154582
0.65,2.7,1.17860080116
0.676,2.7,1.12211245105
0.702,2.7,1.06807919015
0.728,2.7,1.01708577957
0.754,2.7,0.969739046883
0.78,2.7,0.926667886111
0.806,2.7,0.888523257739
0.832,2.7,0.85597818871
0.858,2.7,0.829727772421
0.884,2.7,0.810489168727
0.91,2.7,0.799001603943
0.936,2.7,0.796026370836
0.962,2.7,0.802346828633
0.988,2.7,0.818768403018
1.014,2.7,0.846118586133
1.04,2.7,0.885246936574
1.066,2.7,0.937025079398
1.092,2.7,1.00234670611
1.118,2.7,1.08212757469
1.144,2.7,1.17730550956
1.17,2.7,1.28884040161
1.196,2.7,1.41771420816
1.222,2.7,1.56493095303
1.248,2.7,1.73151672646
1.274,2.7,1.91851968516
1.3,2.7,2.12701005232
-1.3,3,1.08447571965
-1.274,3,0.897390079147
-1.248,3,0.731791847093
-1.222,3,0.586610800316
-1.196,3,0.460798782104
-1.17,3,0.353329702202
-1.144,3,0.263199536813
-1.118,3,0.189426328597
-1.092,3,0.131050186671
-1.066,3,0.0871332866071
-1.04,3,0.0567598704374
-1.014,3,0.0390362466494
-0.988,3,0.0330907901883
-0.962,3,0.0380739424562
-0.936,3,0.0531582113122
-0.91,3,0.0775381710727
-0.884,3,0.110430462511
-0.858,3,0.151073792858
-0.832,3,0.1987289358
-0.806,3,0.252678731483
-0.78,3,0.312228086508
-0.754,3,0.376703973934
-0.728,3,0.445455433277
-0.702,3,0.51785357051
-0.676,3,0.593291558063
-0.65,3,0.671184634823
-0.624,3,0.750970106135
-0.598,3,0.832107343799
-0.572,3,0.914077786075
-0.546,3,0.996384937677
-0.52,3,1.07855436978
-0.494,3,1.16013372001
-0.468,3,1.24069269246
-0.442,3,1.31982305766
-0.416,3,1.39713865263
-0.39,3,1.47227538081
-0.364,3,1.54489121213
-0.338,3,1.61466618296
-0.312,3,1.68130239612
-0.286,3,1.7445240209
-0.26,3,1.80407729305
-0.234,3,1.85973051476
-0.208,3,1.9112740547
-0.182,3,1.95852034798
-0.156,3,2.00130389616
-0.13,3,2.03948126728
-0.104,3,2.07293109583
-0.078,3,2.10155408275
-0.052,3,2.12527299544
-0.026,3,2.14403266775
0,3,2.1578
0.026,3,2.16656395896
0.052,3,2.17033557787
0.078,3,2.16914795639
0.104,3,2.16305626069
0.13,3,2.15213772336
0.156,3,2.13649164345
0.182,3,2.11623938647
0.208,3,2.09152438441
0.234,3,2.06251213569
0.26,3,2.02939020519
0.286,3,1.99236822426
0.312,3,1.95167789069
0.338,3,1.90757296874
0.364,3,1.86032928913
0.39,3,1.81024474903
0.416,3,1.75763931205
0.442,3,1.7028550083
0.468,3,1.64625593431
0.494,3,1.58822825308
0.52,3,1.52918019406
0.546,3,1.46954205317
0.572,3,1.40976619279
0.598,3,1.35032704172
0.624,3,1.29172109527
0.65,3,1.23446691518
0.676,3,1.17910512963
0.702,3,1.12619843329
0.728,3,1.07633158727
0.754,3,1.03011141914
0.78,3,0.988166822932
0.806,3,0.951148759121
0.832,3,0.919730254652
0.858,3,0.894606402924
0.884,3,0.876494363791
0.91,3,0.866133363567
0.936,3,0.864284695021
0.962,3,0.871731717379
0.988,3,0.889279856325
1.014,3,0.917756604001
1.04,3,0.958011519003
1.066,3,1.01091622639
1.092,3,1.07736441766
1.118,3,1.15827185081
1.144,3,1.25457635024
1.17,3,1.36723780684
1.196,3,1.49723817795
1.222,3,1.64558148738
1.248,3,1.81329382537
1.274,3,2.00142334864
1.3,3,2.21104028035
-1.3,3.3,1.05876549161
-1.274,3.3,0.872806415672
-1.248,3.3,0.708334748179
-1.222,3.3,0.564280265963
-1.196,3.3,0.439594812311
-1.17,3.3,0.33325229697
-1.144,3.3,0.244248696142
-1.118,3.3,0.171602052487
-1.092,3.3,0.114352475121
-1.066,3.3,0.0715621396182
-1.04,3.3,0.0423152880091
-1.014,3.3,0.0257182287819
-0.988,3.3,0.0208993368815
-0.962,3.3,0.0270090537101
-0.936,3.3,0.0432198871268
-0.91,3.3,0.068726411448
-0.884,3.3,0.102745267447
-0.858,3.3,0.144515162354
-0.832,3.3,0.193296869857
-0.806,3.3,0.248373230101
-0.78,3.3,0.309049149687
-0.754,3.3,0.374651601674
-0.728,3.3,0.444529625577
-0.702,3.3,0.518054327371
-0.676,3.3,0.594618879485
-0.65,3.3,0.673638520806
-0.624,3.3,0.754550556678
-0.598,3.3,0.836814358903
-0.572,3.3,0.919911365739
-0.546,3.3,1.0033450819
-0.52,3.3,1.08664107856
-0.494,3.3,1.16934699336
-0.468,3.3,1.25103253036
-0.442,3.3,1.33128946013
-0.416,3.3,1.40973161966
-0.39,3.3,1.4859949124
-0.364,3.3,1.55973730828
-0.338,3.3,1.63063884367
-0.312,3.3,1.69840162139
-0.286,3.3,1.76274981073
-0.26,3.3,1.82342964744
-0.234,3.3,1.88020943372
-0.208,3.3,1.93287953821
-0.182,3.3,1.98125239605
-0.156,3.3,2.0251625088
-0.13,3.3,2.06446644448
-0.104,3.3,2.09904283759
-0.078,3.3,2.12879238907
-0.052,3.3,2.15363786632
-0.026,3.3,2.17352410319
0,3.3,2.188418
0.026,3.3,2.19830852352
0.052,3.3,2.20320670699
0.078,3.3,2.20314565008
0.104,3.3,2.19818051893
0.13,3.3,2.18838854616
0.156,3.3,2.17386903081
0.182,3.3,2.1547433384
0.208,3.3,2.1311549009
0.234,3.3,2.10326921674
0.26,3.3,2.0712738508
0.286,3.3,2.03537843442
0.312,3.3,1.99581466542
0.338,3.3,1.95283630803
0.364,3.3,1.90671919298
0.39,3.3,1.85776121744
0.416,3.3,1.80628234503
0.442,3.3,1.75262460583
0.468,3.3,1.6971520964
0.494,3.3,1.64025097973
0.52,3.3,1.58232948528
0.546,3.3,1.52381790895
0.572,3.3,1.46516861312
0.598,3.3,1.40685602662
0.624,3.3,1.34937664473
0.65,3.3,1.29324902919
0.676,3.3,1.23901380821
0.702,3.3,1.18723367643
0.728,3.3,1.13849339497
0.754,3.3,1.0933997914
0.78,3.3,1.05258175975
0.806,3.3,1.0166902605
0.832,3.3,0.986398320595
0.858,3.3,0.962401033427
0.884,3.3,0.945415558855
0.91,3.3,0.936181123192
0.936,3.3,0.935459019206
0.962,3.3,0.944032606125
0.988,3.3,0.962707309632
1.014,3.3,0.992310621868
1.04,3.3,1.03369210143
1.066,3.3,1.08772337338
1.092,3.3,1.15529812921
1.118,3.3,1.23733212692
1.144,3.3,1.33476319091
1.17,3.3,1.44855121207
1.196,3.3,1.57967814775
1.222,3.3,1.72914802173
1.248,3.3,1.89798692429
1.274,3.3,2.08724301211
1.3,3.3,2.29798650839
-1.3,3.6,1.03597126358
-1.274,3.6,0.851138752198
-1.248,3.6,0.687793649265
-1.222,3.6,0.544865731609
-1.196,3.6,0.421306842519
-1.17,3.6,0.316090891738
-1.144,3.6,0.228213855471
-1.118,3.6,0.156693776377
-1.092,3.6,0.100570763571
-1.066,3.6,0.0589069926292
-1.04,3.6,0.0307867055808
-1.014,3.6,0.0153162109143
-0.988,3.6,0.0116238835746
-0.962,3.6,0.0188601649639
-0.936,3.6,0.0361975629414
-0.91,3.6,0.0628306518232
-0.884,3.6,0.0979760723829
-0.858,3.6,0.140872531851
-0.832,3.6,0.190780803915
-0.806,3.6,0.246983728719
-0.78,3.6,0.308786212866
-0.754,3.6,0.375515229413
-0.728,3.6,0.446519817878
-0.702,3.6,0.521171084232
-0.676,3.6,0.598862200906
-0.65,3.6,0.679008406788
-0.624,3.6,0.761047007221
-0.598,3.6,0.844437374007
-0.572,3.6,0.928660945404
-0.546,3.6,1.01322122613
-0.52,3.6,1.09764378735
-0.494,3.6,1.1814762667
-0.468,3.6,1.26428836827
-0.442,3.6,1.3456718626
-0.416,3.6,1.42524058669
-0.39,3.6,1.50263044399
-0.364,3.6,1.57749940443
-0.338,3.6,1.64952750438
-0.312,3.6,1.71841684666
-0.286,3.6,1.78389160057
-0.26,3.6,1.84569800184
-0.234,3.6,1.90360435267
-0.208,3.6,1.95740102173
-0.182,3.6,2.00690044413
-0.156,3.6,2.05193712143
-0.13,3.6,2.09236762168
-0.104,3.6,2.12807057935
-0.078,3.6,2.15894669539
-0.052,3.6,2.18491873719
-0.026,3.6,2.20593153863
0,3.6,2.221952
0.026,3.6,2.23296908808
0.052,3.6,2.23899383611
0.078,3.6,2.24005934376
0.104,3.6,2.23622077718
0.13,3.6,2.22755536896
0.156,3.6,2.21416241817
0.182,3.6,2.19616329032
0.208,3.6,2.17370141738
0.234,3.6,2.14694229778
0.26,3.6,2.1160734964
0.286,3.6,2.08130464459
0.312,3.6,2.04286744015
0.338,3.6,2.00101564732
0.364,3.6,1.95602509683
0.39,3.6,1.90819368585
0.416,3.6,1.857841378
0.442,3.6,1.80531020337
0.468,3.6,1.7509642585
0.494,3.6,1.69518970638
0.52,3.6,1.63839477649
0.546,3.6,1.58100976472
0.572,3.6,1.52348703346
0.598,3.6,1.46630101152
0.624,3.6,1.40994819419
0.65,3.6,1.35494714321
0.676,3.6,1.30183848679
0.702,3.6,1.25118491957
0.728,3.6,1.20357120267
0.754,3.6,1.15960416366
0.78,3.6,1.11991269657
0.806,3.6,1.08514776188
0.832,3.6,1.05598238654
0.858,3.6,1.03311166393
0.884,3.6,1.01725275392
0.91,3.6,1.00914488282
0.936,3.6,1.00954934339
0.962,3.6,1.01924949487
0.988,3.6,1.03905076294
1.014,3.6,1.06978063974
1.04,3.6,1.11228868386
1.066,3.6,1.16744652036
1.092,3.6,1.23614784076
1.118,3.6,1.31930840303
1.144,3.6,1.41786603158
1.17,3.6,1.5327806173
1.196,3.6,1.66503411754
1.222,3.6,1.81563055609
1.248,3.6,1.9855960232
1.274,3.6,2.17597867559
1.3,3.6,2.38784873642
-1.3,3.9,1.01609303554
-1.274,3.9,0.832387088723
-1.248,3.9,0.670168550351
-1.222,3.9,0.528367197256
-1.196,3.9,0.405934872726
-1.17,3.9,0.301845486507
-1.144,3.9,0.2150950148
-1.118,3.9,0.144701500266
-1.092,3.9,0.0897050520218
-1.066,3.9,0.0491678456402
-1.04,3.9,0.0221741231526
-1.014,3.9,0.00783019304676
-0.988,3.9,0.00526443026778
-0.962,3.9,0.0136272762178
-0.936,3.9,0.0320912387559
-0.91,3.9,0.0598508921985
-0.884,3.9,0.0961228773189
-0.858,3.9,0.140145901348
-0.832,3.9,0.191180737972
-0.806,3.9,0.248510227337
-0.78,3.9,0.311439276044
-0.754,3.9,0.379294857153
-0.728,3.9,0.451426010178
-0.702,3.9,0.527203841093
-0.676,3.9,0.606021522328
-0.65,3.9,0.68729429277
-0.624,3.9,0.770459457764
-0.598,3.9,0.854976389111
-0.572,3.9,0.940326525068
-0.546,3.9,1.02601337035
-0.52,3.9,1.11156249614
-0.494,3.9,1.19652154005
-0.468,3.9,1.28046020618
-0.442,3.9,1.36297026507
-0.416,3.9,1.44366555371
-0.39,3.9,1.52218197558
-0.364,3.9,1.59817750058
-0.338,3.9,1.67133216509
-0.312,3.9,1.74134807193
-0.286,3.9,1.8079493904
-0.26,3.9,1.87088235623
-0.234,3.9,1.92991527162
-0.208,3.9,1.98483850524
-0.182,3.9,2.0354644922
-0.156,3.9,2.08162773407
-0.13,3.9,2.12318479887
-0.104,3.9,2.16001432111
-0.078,3.9,2.19201700171
-0.052,3.9,2.21911560807
-0.026,3.9,2.24125497407
0,3.9,2.258402
0.026,3.9,2.27054565264
0.052,3.9,2.27769696523
0.078,3.9,2.27988903744
0.104,3.9,2.27717703542
0.13,3.9,2.26963819177
0.156,3.9,2.25737180554
0.182,3.9,2.24049924225
0.208,3.9,2.21916393387
0.234,3.9,2.19353137883
0.26,3.9,2.16378914201
0.286,3.9,2.13014685476
0.312,3.9,2.09283621487
0.338,3.9,2.05211098661
0.364,3.9,2.00824700068
0.39,3.9,1.96154215426
0.416,3.9,1.91231641097
0.442,3.9,1.8609118009
0.468,3.9,1.80769242059
0.494,3.9,1.75304443304
0.52,3.9,1.6973760677
0.546,3.9,1.6411176205
0.572,3.9,1.58472145379
0.598,3.9,1.52866199641
0.624,3.9,1.47343574364
0.65,3.9,1.41956125723
0.676,3.9,1.36757916537
0.702,3.9,1.31805216271
0.728,3.9,1.27156501037
0.754,3.9,1.22872453593
0.78,3.9,1.1901596334
0.806,3.9,1.15652126327
0.832,3.9,1.12848245248
0.858,3.9,1.10673829443
0.884,3.9,1.09200594898
0.91,3.9,1.08502464244
0.936,3.9,1.08655566758
0.962,3.9,1.09738238362
0.988,3.9,1.11831021625
1.014,3.9,1.1501666576
1.04,3.9,1.19380126629
1.066,3.9,1.25008566735
1.092,3.9,1.31991355231
1.118,3.9,1.40420067914
1.144,3.9,1.50388487225
1.17,3.9,1.61992602253
1.196,3.9,1.75330608733
1.222,3.9,1.90502909044
1.248,3.9,2.07612112211
1.274,3.9,2.26763033906
1.3,3.9,2.48062696446
-1.3,4.2,0.999130807505
-1.274,4.2,0.816551425249
-1.248,4.2,0.655459451437
-1.222,4.2,0.514784662903
-1.196,4.2,0.393478902934
-1.17,4.2,0.290516081275
-1.144,4.2,0.204892174129
-1.118,4.2,0.135625224156
-1.092,4.2,0.0817553404721
-1.066,4.2,0.0423446986513
-1.04,4.2,0.0164775407243
-1.014,4.2,0.0032601751792
-0.988,4.2,0.00182097696093
-0.962,4.2,0.0113103874716
-0.936,4.2,0.0309009145705
-0.91,4.2,0.0597871325738
-0.884,4.2,0.0971856822549
-0.858,4.2,0.142335270844
-0.832,4.2,0.19449667203
-0.806,4.2,0.252952725955
-0.78,4.2,0.317008339223
-0.754,4.2,0.385990484892
-0.728,4.2,0.459248202478
-0.702,4.2,0.536152597954
-0.676,4.2,0.61609684375
-0.65,4.2,0.698496178753
-0.624,4.2,0.782787908307
-0.598,4.2,0.868431404214
-0.572,4.2,0.954908104733
-0.546,4.2,1.04172151458
-0.52,4.2,1.12839720492
-0.494,4.2,1.2144828134
-0.468,4.2,1.29954804408
-0.442,4.2,1.38318466753
-0.416,4.2,1.46500652074
-0.39,4.2,1.54464950717
-0.364,4.2,1.62177159673
-0.338,4.2,1.6960528258
-0.312,4.2,1.76719529721
-0.286,4.2,1.83492318023
-0.26,4.2,1.89898271062
-0.234,4.2,1.95914219058
-0.208,4.2,2.01519198876
-0.182,4.2,2.06694454028
-0.156,4.2,2.1142343467
-0.13,4.2,2.15691797607
-0.104,4.2,2.19487406286
-0.078,4.2,2.22800330802
-0.052,4.2,2.25622847895
-0.026,4.2,2.27949440951
0,4.2,2.297768
0.026,4.2,2.31103821721
0.052,4.2,2.31931609435
0.078,4.2,2.32263473112
0.104,4.2,2.32104929366
0.13,4.2,2.31463701457
0.156,4.2,2.3034971929
0.182,4.2,2.28775119417
0.208,4.2,2.26754245036
0.234,4.2,2.24303645988
0.26,4.2,2.21442078762
0.286,4.2,2.18190506493
0.312,4.2,2.1457209896
0.338,4.2,2.1061223259
0.364,4.2,2.06338490453
0.39,4.2,2.01780662267
0.416,4.2,1.96970744394
0.442,4.2,1.91942939843
0.468,4.2,1.86733658268
0.494,4.2,1.81381515969
0.52,4.2,1.75927335892
0.546,4.2,1.70414147627
0.572,4.2,1.64887187413
0.598,4.2,1.59393898131
0.624,4.2,1.5398392931
0.65,4.2,1.48709137125
0.676,4.2,1.43623584394
0.702,4.2,1.38783540585
0.728,4.2,1.34247481807
0.754,4.2,1.30076090819
0.78,4.2,1.26332257022
0.806,4.2,1.23081076465
0.832,4.2,1.20389851842
0.858,4.2,1.18328092494
0.884,4.2,1.16967514405
0.91,4.2,1.16382040207
0.936,4.2,1.16647799176
0.962,4.2,1.17843127236
0.988,4.2,1.20048566955
1.014,4.2,1.23346867547
1.04,4.2,1.27822984872
1.066,4.2,1.33564081434
1.092,4.2,1.40659526386
1.118,4.2,1.49200895525
1.144,4.2,1.59281971292
1.17,4.2,1.70998742777
1.196,4.2,1.84449405712
1.222,4.2,1.99734362479
1.248,4.2,2.16956222103
1.274,4.2,2.36219800254
1.3,4.2,2.57632119249
-1.3,4.5,0.98508457947
-1.274,4.5,0.803631761774
-1.248,4.5,0.643666352523
-1.222,4.5,0.50411812855
-1.196,4.5,0.383938933141
-1.17,4.5,0.282102676043
-1.144,4.5,0.197605333458
-1.118,4.5,0.129464948046
-1.092,4.5,0.0767216289224
-1.066,4.5,0.0384375516623
-1.04,4.5,0.0136969582961
-1.014,4.5,0.00160615731165
-0.988,4.5,0.00129352365408
-0.962,4.5,0.0119094987255
-0.936,4.5,0.032626590385
-0.91,4.5,0.062639372949
-0.884,4.5,0.101164487191
-0.858,4.5,0.147440640341
-0.832,4.5,0.200728606087
-0.806,4.5,0.260311224573
-0.78,4.5,0.325493402402
-0.754,4.5,0.395602112632
-0.728,4.5,0.469986394778
-0.702,4.5,0.548017354815
-0.676,4.5,0.629088165171
-0.65,4.5,0.712614064735
-0.624,4.5,0.79803235885
-0.598,4.5,0.884802419318
-0.572,4.5,0.972405684397
-0.546,4.5,1.0603456588
-0.52,4.5,1.14814791371
-0.494,4.5,1.23536008674
-0.468,4.5,1.32155188199
-0.442,4.5,1.40631507
-0.416,4.5,1.48926348777
-0.39,4.5,1.57003303876
-0.364,4.5,1.64828169288
-0.338,4.5,1.72368948651
-0.312,4.5,1.79595852248
-0.286,4.5,1.86481297006
-0.26,4.5,1.92999906501
-0.234,4.5,1.99128510953
-0.208,4.5,2.04846147227
-0.182,4.5,2.10134058835
-0.156,4.5,2.14975695934
-0.13,4.5,2.19356715327
-0.104,4.5,2.23264980462
-0.078,4.5,2.26690561434
-0.052,4.5,2.29625734983
-0.026,4.5,2.32064984495
0,4.5,2.34005
0.026,4.5,2.35444678177
0.052,4.5,2.36385122347
0.078,4.5,2.3682964248
0.104,4.5,2.3678375519
0.13,4.5,2.36255183737
0.156,4.5,2.35253858027
0.182,4.5,2.3379191461
0.208,4.5,2.31883696684
0.234,4.5,2.29545754092
0.26,4.5,2.26796843323
0.286,4.5,2.2365792751
0.312,4.5,2.20152176433
0.338,4.5,2.16304966519
0.364,4.5,2.12143880838
0.39,4.5,2.07698709108
0.416,4.5,2.03001447691
0.442,4.5,1.98086299596
0.468,4.5,1.92989674477
0.494,4.5,1.87750188634
0.52,4.5,1.82408665013
0.546,4.5,1.77008133205
0.572,4.5,1.71593829446
0.598,4.5,1.66213196621
0.624,4.5,1.60915884256
0.65,4.5,1.55753748526
0.676,4.5,1.50780852252
0.702,4.5,1.46053464899
0.728,4.5,1.41630062577
0.754,4.5,1.37571328045
0.78,4.5,1.33940150704
0.806,4.5,1.30801626603
0.832,4.5,1.28223058437
0.858,4.5,1.26273955544
0.884,4.5,1.25026033911
0.91,4.5,1.24553216169
0.936,4.5,1.24931631595
0.962,4.5,1.26239616111
0.988,4.5,1.28557712286
1.014,4.5,1.31968669334
1.04,4.5,1.36557443114
1.066,4.5,1.42411196133
1.092,4.5,1.49619297541
1.118,4.5,1.58273323136
1.144,4.5,1.68467055359
1.17,4.5,1.802964833
1.196,4.5,1.93859802692
1.222,4.5,2.09257415915
1.248,4.5,2.26591931994
1.274,4.5,2.45968166601
1.3,4.5,2.67493142053
-1.3,4.8,0.973954351435
-1.274,4.8,0.793628098299
-1.248,4.8,0.63478925361
-1.222,4.8,0.496367594197
-1.196,4.8,0.377314963349
-1.17,4.8,0.276605270811
-1.144,4.8,0.193234492787
-1.118,4.8,0.126220671935
-1.092,4.8,0.0746039173727
-1.066,4.8,0.0374464046733
-1.04,4.8,0.0138323758678
-1.014,4.8,0.00286813944409
-0.988,4.8,0.00368207034723
-0.962,4.8,0.0154246099793
-0.936,4.8,0.0372682661996
-0.91,4.8,0.0684076133243
-0.884,4.8,0.108059292127
-0.858,4.8,0.155462009838
-0.832,4.8,0.209876540144
-0.806,4.8,0.270585723191
-0.78,4.8,0.336894465581
-0.754,4.8,0.408129740371
-0.728,4.8,0.483640587079
-0.702,4.8,0.562798111676
-0.676,4.8,0.644995486593
-0.65,4.8,0.729647950717
-0.624,4.8,0.816192809393
-0.598,4.8,0.904089434422
-0.572,4.8,0.992819264062
-0.546,4.8,1.08188580303
-0.52,4.8,1.17081462249
-0.494,4.8,1.25915336009
-0.468,4.8,1.3464717199
-0.442,4.8,1.43236147247
-0.416,4.8,1.5164364548
-0.39,4.8,1.59833257035
-0.364,4.8,1.67770778903
-0.338,4.8,1.75424214722
-0.312,4.8,1.82763774775
-0.286,4.8,1.8976187599
-0.26,4.8,1.96393141941
-0.234,4.8,2.02634402848
-0.208,4.8,2.08464695579
-0.182,4.8,2.13865263643
-0.156,4.8,2.18819557197
-0.13,4.8,2.23313233046
-0.104,4.8,2.27334154638
-0.078,4.8,2.30872392066
-0.052,4.8,2.33920222071
-0.026,4.8,2.36472128038
0,4.8,2.385248
0.026,4.8,2.40077134633
0.052,4.8,2.41130235259
0.078,4.8,2.41687411849
0.104,4.8,2.41754181015
0.13,4.8,2.41338266018
0.156,4.8,2.40449596763
0.182,4.8,2.39100309802
0.208,4.8,2.37304748333
0.234,4.8,2.35079462197
0.26,4.8,2.32443207883
0.286,4.8,2.29416948526
0.312,4.8,2.26023853906
0.338,4.8,2.22289300448
0.364,4.8,2.18240871223
0.39,4.8,2.13908355949
0.416,4.8,2.09323750988
0.442,4.8,2.04521259349
0.468,4.8,1.99537290687
0.494,4.8,1.944104613
0.52,4.8,1.89181594135
0.546,4.8,1.83893718782
0.572,4.8,1.7859207148
0.598,4.8,1.7332409511
0.624,4.8,1.68139439202
0.65,4.8,1.63089959928
0.676,4.8,1.5822972011
0.702,4.8,1.53614989213
0.728,4.8,1.49304243347
0.754,4.8,1.45358165271
0.78,4.8,1.41839644386
0.806,4.8,1.38813776741
0.832,4.8,1.36347865031
0.858,4.8,1.34511418594
0.884,4.8,1.33376153418
0.91,4.8,1.33015992132
0.936,4.8,1.33507064013
0.962,4.8,1.34927704986
0.988,4.8,1.37358457617
1.014,4.8,1.40882071121
1.04,4.8,1.45583501357
1.066,4.8,1.51549910832
1.092,4.8,1.58870668696
1.118,4.8,1.67637350747
1.144,4.8,1.77943739426
1.17,4.8,1.89885823823
1.196,4.8,2.03561799671
1.222,4.8,2.1907206935
1.248,4.8,2.36519241885
1.274,4.8,2.56008132949
1.3,4.8,2.77645764857
-1.3,5.1,0.965740123399
-1.274,5.1,0.786540434825
-1.248,5.1,0.628828154696
-1.222,5.1,0.491533059843
-1.196,5.1,0.373606993556
-1.17,5.1,0.274023865579
-1.144,5.1,0.191779652116
-1.118,5.1,0.125892395825
-1.092,5.1,0.0754022058231
-1.066,5.1,0.0393712576843
-1.04,5.1,0.0168837934395
-1.014,5.1,0.00704612157653
-0.988,5.1,0.00898661704038
-0.962,5.1,0.0218557212332
-0.936,5.1,0.0448259420142
-0.91,5.1,0.0770918536996
-0.884,5.1,0.117870097063
-0.858,5.1,0.166399379334
-0.832,5.1,0.221940474202
-0.806,5.1,0.28377622181
-0.78,5.1,0.35121152876
-0.754,5.1,0.423573368111
-0.728,5.1,0.500210779379
-0.702,5.1,0.580494868537
-0.676,5.1,0.663818808015
-0.65,5.1,0.7495978367
-0.624,5.1,0.837269259936
-0.598,5.1,0.926292449526
-0.572,5.1,1.01614884373
-0.546,5.1,1.10634194725
-0.52,5.1,1.19639733128
-0.494,5.1,1.28586263344
-0.468,5.1,1.37430755781
-0.442,5.1,1.46132387494
-0.416,5.1,1.54652542183
-0.39,5.1,1.62954810194
-0.364,5.1,1.71004988518
-0.338,5.1,1.78771080793
-0.312,5.1,1.86223297302
-0.286,5.1,1.93334054973
-0.26,5.1,2.0007797738
-0.234,5.1,2.06431894744
-0.208,5.1,2.1237484393
-0.182,5.1,2.1788806845
-0.156,5.1,2.22955018461
-0.13,5.1,2.27561350766
-0.104,5.1,2.31694928813
-0.078,5.1,2.35345822698
-0.052,5.1,2.38506309159
-0.026,5.1,2.41170871582
0,5.1,2.433362
0.026,5.1,2.45001191089
0.052,5.1,2.46166948172
0.078,5.1,2.46836781217
0.104,5.1,2.47016206839
0.13,5.1,2.46712948298
0.156,5.1,2.45936935499
0.182,5.1,2.44700304995
0.208,5.1,2.43017399981
0.234,5.1,2.40904770301
0.26,5.1,2.38381172444
0.286,5.1,2.35467569543
0.312,5.1,2.32187131379
0.338,5.1,2.28565234377
0.364,5.1,2.24629461608
0.39,5.1,2.2040960279
0.416,5.1,2.15937654285
0.442,5.1,2.11247819103
0.468,5.1,2.06376506896
0.494,5.1,2.01362333965
0.52,5.1,1.96246123256
0.546,5.1,1.9107090436
0.572,5.1,1.85881913513
0.598,5.1,1.807265936
0.624,5.1,1.75654594147
0.65,5.1,1.7071777133
0.676,5.1,1.65970187968
0.702,5.1,1.61468113527
0.728,5.1,1.57270024117
0.754,5.1,1.53436602497
0.78,5.1,1.50030738068
0.806,5.1,1.47117526879
0.832,5.1,1.44764271625
0.858,5.1,1.43040481645
0.884,5.1,1.42017872924
0.91,5.1,1.41770368094
0.936,5.1,1.42374096432
0.962,5.1,1.4390739386
0.988,5.1,1.46450802947
1.014,5.1,1.50087072907
1.04,5.1,1.549011596
1.066,5.1,1.60980225531
1.092,5.1,1.68413639851
1.118,5.1,1.77292978358
1.144,5.1,1.87712023493
1.17,5.1,1.99766764346
1.196,5.1,2.1355539665
1.222,5.1,2.29178322785
1.248,5.1,2.46738151777
1.274,5.1,2.66339699296
1.3,5.1,2.8808998766
-1.3,5.4,0.960441895364
-1.274,5.4,0.78236877135
-1.248,5.4,0.625783055782
-1.222,5.4,0.48961452549
-1.196,5.4,0.372815023764
-1.17,5.4,0.274358460348
-1.144,5.4,0.193240811445
-1.118,5.4,0.128480119714
-1.092,5.4,0.0791164942734
-1.066,5.4,0.0442121106954
-1.04,5.4,0.0228512110113
-1.014,5.4,0.014140103709
-0.988,5.4,0.0172071637335
-0.962,5.4,0.0312028324871
-0.936,5.4,0.0552996178287
-0.91,5.4,0.0886920940749
-0.884,5.4,0.130596901999
-0.858,5.4,0.180252748831
-0.832,5.4,0.236920408259
-0.806,5.4,0.299882720428
-0.78,5.4,0.368444591938
-0.754,5.4,0.44193299585
-0.728,5.4,0.519696971679
-0.702,5.4,0.601107625398
-0.676,5.4,0.685558129436
-0.65,5.4,0.772463722682
-0.624,5.4,0.861261710479
-0.598,5.4,0.951411464629
-0.572,5.4,1.04239442339
-0.546,5.4,1.13371409148
-0.52,5.4,1.22489604007
-0.494,5.4,1.31548790678
-0.468,5.4,1.40505939571
-0.442,5.4,1.49320227741
-0.416,5.4,1.57953038886
-0.39,5.4,1.66367963353
-0.364,5.4,1.74530798133
-0.338,5.4,1.82409546865
-0.312,5.4,1.89974419829
-0.286,5.4,1.97197833956
-0.26,5.4,2.04054412819
-0.234,5.4,2.10520986639
-0.208,5.4,2.16576592281
-0.182,5.4,2.22202473258
-0.156,5.4,2.27382079725
-0.13,5.4,2.32101068486
-0.104,5.4,2.36347302989
-0.078,5.4,2.40110853329
-0.052,5.4,2.43383996247
-0.026,5.4,2.46161215126
0,5.4,2.484392
0.026,5.4,2.50216847545
0.052,5.4,2.51495261084
0.078,5.4,2.52277750585
0.104,5.4,2.52569832663
0.13,5.4,2.52379230578
0.156,5.4,2.51715874236
0.182,5.4,2.50591900187
0.208,5.4,2.4902165163
0.234,5.4,2.47021678406
0.26,5.4,2.44610737005
0.286,5.4,2.4180979056
0.312,5.4,2.38642008852
0.338,5.4,2.35132768306
0.364,5.4,2.31309651993
0.39,5.4,2.27202449631
0.416,5.4,2.22843157583
0.442,5.4,2.18265978856
0.468,5.4,2.13507323105
0.494,5.4,2.08605806631
0.52,5.4,2.03602252377
0.546,5.4,1.98539689937
0.572,5.4,1.93463355547
0.598,5.4,1.88420692089
0.624,5.4,1.83461349093
0.65,5.4,1.78637182732
0.676,5.4,1.74002255826
0.702,5.4,1.6961283784
0.728,5.4,1.65527404887
0.754,5.4,1.61806639723
0.78,5.4,1.5851343175
0.806,5.4,1.55712877018
0.832,5.4,1.53472278219
0.858,5.4,1.51861144695
0.884,5.4,1.5095119243
0.91,5.4,1.50816344057
0.936,5.4,1.5153272885
0.962,5.4,1.53178682735
0.988,5.4,1.55834748278
1.014,5.4,1.59583674694
1.04,5.4,1.64510417843
1.066,5.4,1.7070214023
1.092,5.4,1.78248211006
1.118,5.4,1.87240205969
1.144,5.4,1.9777190756
1.17,5.4,2.09939304869
1.196,5.4,2.23840593629
1.222,5.4,2.39576176221
1.248,5.4,2.57248661668
1.274,5.4,2.76962865644
1.3,5.4,2.98825810464
-1.3,5.7,0.958059667329
-1.274,5.7,0.781113107875
-1.248,5.7,0.625653956868
-1.222,5.7,0.490611991137
-1.196,5.7,0.374939053971
-1.17,5.7,0.277609055116
-1.144,5.7,0.197617970774
-1.118,5.7,0.133983843604
-1.092,5.7,0.0857467827237
-1.066,5.7,0.0519689637064
-1.04,5.7,0.031734628583
-1.014,5.7,0.0241500858414
-0.988,5.7,0.0283437104267
-0.962,5.7,0.0434659437409
-0.936,5.7,0.0686892936433
-0.91,5.7,0.10320833445
-0.884,5.7,0.146239706935
-0.858,5.7,0.197022118328
-0.832,5.7,0.254816342317
-0.806,5.7,0.318905219046
-0.78,5.7,0.388593655117
-0.754,5.7,0.46320862359
-0.728,5.7,0.542099163979
-0.702,5.7,0.624636382259
-0.676,5.7,0.710213450858
-0.65,5.7,0.798245608664
-0.624,5.7,0.888170161022
-0.598,5.7,0.979446479733
-0.572,5.7,1.07155600305
-0.546,5.7,1.1640022357
-0.52,5.7,1.25631074885
-0.494,5.7,1.34802918013
-0.468,5.7,1.43872723362
-0.442,5.7,1.52799667987
-0.416,5.7,1.61545135589
-0.39,5.7,1.70072716512
-0.364,5.7,1.78348207748
-0.338,5.7,1.86339612936
-0.312,5.7,1.94017142356
-0.286,5.7,2.01353212939
-0.26,5.7,2.08322448259
-0.234,5.7,2.14901678535
-0.208,5.7,2.21069940633
-0.182,5.7,2.26808478065
-0.156,5.7,2.32100740988
-0.13,5.7,2.36932386205
-0.104,5.7,2.41291277165
-0.078,5.7,2.45167483961
-0.052,5.7,2.48553283334
-0.026,5.7,2.5144315867
0,5.7,2.538338
0.026,5.7,2.55724104001
0.052,5.7,2.57115173996
0.078,5.7,2.58010319953
0.104,5.7,2.58415058488
0.13,5.7,2.58337112859
0.156,5.7,2.57786412972
0.182,5.7,2.5677509538
0.208,5.7,2.55317503278
0.234,5.7,2.53430186511
0.26,5.7,2.51131901565
0.286,5.7,2.48443611577
0.312,5.7,2.45388486325
0.338,5.7,2.41991902234
0.364,5.7,2.38281442378
0.39,5.7,2.34286896472
0.416,5.7,2.3004026088
0.442,5.7,2.25575738609
0.468,5.7,2.20929739314
0.494,5.7,2.16140879296
0.52,5.7,2.11249981499
0.546,5.7,2.06300075515
0.572,5.7,2.01336397581
0.598,5.7,1.96406390579
0.624,5.7,1.91559704039
0.65,5.7,1.86848194134
0.676,5.7,1.82325923684
0.702,5.7,1.78049162154
0.728,5.7,1.74076385657
0.754,5.7,1.70468276949
0.78,5.7,1.67287725432
0.806,5.7,1.64599827156
0.832,5.7,1.62471884814
0.858,5.7,1.60973407745
0.884,5.7,1.60176111937
0.91,5.7,1.60153920019
0.936,5.7,1.60982961269
0.962,5.7,1.62741571609
0.988,5.7,1.65510293609
1.014,5.7,1.69371876481
1.04,5.7,1.74411276086
1.066,5.7,1.80715654929
1.092,5.7,1.88374382161
1.118,5.7,1.9747903358
1.144,5.7,2.08123391628
1.17,5.7,2.20403445392
1.196,5.7,2.34417390609
1.222,5.7,2.50265629656
1.248,5.7,2.6805077156
1.274,5.7,2.87877631991
1.3,5.7,3.09853233267
-1.3,6,0.958593439293
-1.274,6,0.782773444401
-1.248,6,0.628440857954
-1.222,6,0.494525456784
-1.196,6,0.379979084179
-1.17,6,0.283775649884
-1.144,6,0.204911130103
-1.118,6,0.142403567494
-1.092,6,0.095293071174
-1.066,6,0.0626418167174
-1.04,6,0.0435340461547
-1.014,6,0.0370760679739
-0.988,6,0.0423962571198
-0.962,6,0.0586450549948
-0.936,6,0.0849949694579
-0.91,6,0.120640574825
-0.884,6,0.164798511871
-0.858,6,0.216707487824
-0.832,6,0.275628276374
-0.806,6,0.340843717664
-0.78,6,0.411658718296
-0.754,6,0.487400251329
-0.728,6,0.567417356279
-0.702,6,0.651081139119
-0.676,6,0.737784772279
-0.65,6,0.826943494647
-0.624,6,0.917994611565
-0.598,6,1.01039749484
-0.572,6,1.10363358272
-0.546,6,1.19720637993
-0.52,6,1.29064145764
-0.494,6,1.38348645348
-0.468,6,1.47531107153
-0.442,6,1.56570708234
-0.416,6,1.65428832292
-0.39,6,1.74069069671
-0.364,6,1.82457217363
-0.338,6,1.90561279007
-0.312,6,1.98351464883
-0.286,6,2.05800191922
-0.26,6,2.12882083698
-0.234,6,2.1957397043
-0.208,6,2.25854888984
-0.182,6,2.31706082873
-0.156,6,2.37111002252
-0.13,6,2.42055303925
-0.104,6,2.46526851341
-0.078,6,2.50515714593
-0.052,6,2.54014170422
-0.026,6,2.57016702214
0,6,2.5952
0.026,6,2.61522960457
0.052,6,2.63026686908
0.078,6,2.64034489322
0.104,6,2.64551884312
0.13,6,2.64586595139
0.156,6,2.64148551709
0.182,6,2.63249890572
0.208,6,2.61904954927
0.234,6,2.60130294615
0.26,6,2.57944666126
0.286,6,2.55369032593
0.312,6,2.52426563797
0.338,6,2.49142636163
0.364,6,2.45544832763
0.39,6,2.41662943313
0.416,6,2.37528964177
0.442,6,2.33177098362
0.468,6,2.28643755524
0.494,6,2.23967551961
0.52,6,2.1918931062
0.546,6,2.14352061092
0.572,6,2.09501039614
0.598,6,2.04683689069
0.624,6,1.99949658984
0.65,6,1.95350805535
0.676,6,1.90941191541
0.702,6,1.86777086468
0.728,6,1.82916966427
0.754,6,1.79421514175
0.78,6,1.76353619114
0.806,6,1.73778377294
0.832,6,1.71763091408
0.858,6,1.70377270796
0.884,6,1.69692631443
0.91,6,1.69783095981
0.936,6,1.70724793688
0.962,6,1.72596060484
0.988,6,1.75477438939
1.014,6,1.79451678268
1.04,6,1.84603734329
1.066,6,1.91020769628
1.092,6,1.98792153316
1.118,6,2.08009461191
1.144,6,2.18766475695
1.17,6,2.31159185916
1.196,6,2.45285787588
1.222,6,2.61246683091
1.248,6,2.79144481451
1.274,6,2.99083998339
1.3,6,3.21172256071
-1.3,6.3,0.962043211258
-1.274,6.3,0.787349780926
-1.248,6.3,0.63414375904
-1.222,6.3,0.50135492243
-1.196,6.3,0.387935114386
-1.17,6.3,0.292858244652
-1.144,6.3,0.215120289431
-1.118,6.3,0.153739291383
-1.092,6.3,0.107755359624
-1.066,6.3,0.0762306697285
-1.04,6.3,0.0582494637265
-1.014,6.3,0.0529180501063
-0.988,6.3,0.059364803813
-0.962,6.3,0.0767401662486
-0.936,6.3,0.104216645272
-0.91,6.3,0.140988815201
-0.884,6.3,0.186273316807
-0.858,6.3,0.239308857321
-0.832,6.3,0.299356210431
-0.806,6.3,0.365698216282
-0.78,6.3,0.437639781475
-0.754,6.3,0.514507879069
-0.728,6.3,0.59565154858
-0.702,6.3,0.68044189598
-0.676,6.3,0.768272093701
-0.65,6.3,0.858557380629
-0.624,6.3,0.950735062108
-0.598,6.3,1.04426450994
-0.572,6.3,1.13862716238
-0.546,6.3,1.23332652415
-0.52,6.3,1.32788816642
-0.494,6.3,1.42185972682
-0.468,6.3,1.51481090944
-0.442,6.3,1.60633348481
-0.416,6.3,1.69604128994
-0.39,6.3,1.7835702283
-0.364,6.3,1.86857826978
-0.338,6.3,1.95074545078
-0.312,6.3,2.02977387411
-0.286,6.3,2.10538770906
-0.26,6.3,2.17733319137
-0.234,6.3,2.24537862325
-0.208,6.3,2.30931437336
-0.182,6.3,2.3689528768
-0.156,6.3,2.42412863515
-0.13,6.3,2.47469821645
-0.104,6.3,2.52054025516
-0.078,6.3,2.56155545225
-0.052,6.3,2.5976665751
-0.026,6.3,2.62881845758
0,6.3,2.654978
0.026,6.3,2.67613416913
0.052,6.3,2.6922979982
0.078,6.3,2.7035025869
0.104,6.3,2.70980310136
0.13,6.3,2.71127677419
0.156,6.3,2.70802290445
0.182,6.3,2.70016285765
0.208,6.3,2.68784006576
0.234,6.3,2.6712200272
0.26,6.3,2.65049030687
0.286,6.3,2.6258605361
0.312,6.3,2.5975624127
0.338,6.3,2.56584970092
0.364,6.3,2.53099823148
0.39,6.3,2.49330590154
0.416,6.3,2.45309267474
0.442,6.3,2.41070058115
0.468,6.3,2.36649371733
0.494,6.3,2.32085824627
0.52,6.3,2.27420239742
0.546,6.3,2.2269564667
0.572,6.3,2.17957281648
0.598,6.3,2.13252587558
0.624,6.3,2.0863121393
0.65,6.3,2.04145016937
0.676,6.3,1.99848059399
0.702,6.3,1.95796610782
0.728,6.3,1.92049147197
0.754,6.3,1.88666351401
0.78,6.3,1.85711112797
0.806,6.3,1.83248527432
0.832,6.3,1.81345898002
0.858,6.3,1.80072733846
0.884,6.3,1.7950075095
0.91,6.3,1.79703871944
0.936,6.3,1.80758226106
0.962,6.3,1.82742149359
0.988,6.3,1.8573618427
1.014,6.3,1.89823080054
1.04,6.3,1.95087792571
1.066,6.3,2.01617484327
1.092,6.3,2.09501524471
1.118,6.3,2.18831488802
1.144,6.3,2.29701159762
1.17,6.3,2.42206526439
1.196,6.3,2.56445784567
1.222,6.3,2.72519336527
1.248,6.3,2.90529791342
1.274,6.3,3.10581964686
1.3,6.3,3.32782878874
-1.3,6.6,0.968408983223
-1.274,6.6,0.794842117452
-1.248,6.6,0.642762660126
-1.222,6.6,0.511100388077
-1.196,6.6,0.398807144594
-1.17,6.6,0.30485683942
-1.144,6.6,0.22824544876
-1.118,6.6,0.167991015273
-1.092,6.6,0.123133648075
-1.066,6.6,0.0927355227395
-1.04,6.6,0.0758808812982
-1.014,6.6,0.0716760322387
-0.988,6.6,0.0792493505061
-0.962,6.6,0.0977512775025
-0.936,6.6,0.126354321087
-0.91,6.6,0.164253055576
-0.884,6.6,0.210664121743
-0.858,6.6,0.264826226818
-0.832,6.6,0.326000144489
-0.806,6.6,0.3934687149
-0.78,6.6,0.466536844654
-0.754,6.6,0.544531506808
-0.728,6.6,0.62680174088
-0.702,6.6,0.712718652841
-0.676,6.6,0.801675415123
-0.65,6.6,0.893087266611
-0.624,6.6,0.986391512651
-0.598,6.6,1.08104752504
-0.572,6.6,1.17653674205
-0.546,6.6,1.27236266838
-0.52,6.6,1.36805087521
-0.494,6.6,1.46314900017
-0.468,6.6,1.55722674734
-0.442,6.6,1.64987588728
-0.416,6.6,1.74071025697
-0.39,6.6,1.82936575989
-0.364,6.6,1.91550036593
-0.338,6.6,1.99879411149
-0.312,6.6,2.07894909938
-0.286,6.6,2.15568949889
-0.26,6.6,2.22876154576
-0.234,6.6,2.29793354221
-0.208,6.6,2.36299585687
-0.182,6.6,2.42376092488
-0.156,6.6,2.48006324779
-0.13,6.6,2.53175939364
-0.104,6.6,2.57872799692
-0.078,6.6,2.62086975857
-0.052,6.6,2.65810744598
-0.026,6.6,2.69038589302
0,6.6,2.717672
0.026,6.6,2.73995473369
0.052,6.6,2.75724512732
0.078,6.6,2.76957628058
0.104,6.6,2.7770033596
0.13,6.6,2.779603597
0.156,6.6,2.77747629182
0.182,6.6,2.77074280957
0.208,6.6,2.75954658224
0.234,6.6,2.74405310825
0.26,6.6,2.72444995248
0.286,6.6,2.70094674627
0.312,6.6,2.67377518743
0.338,6.6,2.64318904021
0.364,6.6,2.60946413533
0.39,6.6,2.57289836995
0.416,6.6,2.53381170771
0.442,6.6,2.49254617869
0.468,6.6,2.44946587942
0.494,6.6,2.40495697292
0.52,6.6,2.35942768863
0.546,6.6,2.31330832247
0.572,6.6,2.26705123681
0.598,6.6,2.22113086048
0.624,6.6,2.17604368876
0.65,6.6,2.13230828339
0.676,6.6,2.09046527257
0.702,6.6,2.05107735096
0.728,6.6,2.01472927967
0.754,6.6,1.98202788627
0.78,6.6,1.95360206479
0.806,6.6,1.9301027757
0.832,6.6,1.91220304596
0.858,6.6,1.90059796896
0.884,6.6,1.89600470456
0.91,6.6,1.89916247906
0.936,6.6,1.91083258525
0.962,6.6,1.93179838233
0.988,6.6,1.96286529601
1.014,6.6,2.00486081841
1.04,6.6,2.05863450814
1.066,6.6,2.12505799025
1.092,6.6,2.20502495626
1.118,6.6,2.29945116413
1.144,6.6,2.40927443829
1.17,6.6,2.53545466962
1.196,6.6,2.67897381546
1.222,6.6,2.84083589962
1.248,6.6,3.02206701234
1.274,6.6,3.22371531034
1.3,6.6,3.44685101678
-1.3,6.9,0.977690755187
-1.274,6.9,0.805250453977
-1.248,6.9,0.654297561212
-1.222,6.9,0.523761853724
-1.196,6.9,0.412595174801
-1.17,6.9,0.319771434189
-1.144,6.9,0.244286608089
-1.118,6.9,0.185158739163
-1.092,6.9,0.141427936525
-1.066,6.9,0.112156375751
-1.04,6.9,0.09642829887
-1.014,6.9,0.0933500143712
-0.988,6.9,0.102049897199
-0.962,6.9,0.121678388756
-0.936,6.9,0.151407996902
-0.91,6.9,0.190433295951
-0.884,6.9,0.237970926679
-0.858,6.9,0.293259596314
-0.832,6.9,0.355560078546
-0.806,6.9,0.424155213518
-0.78,6.9,0.498349907832
-0.754,6.9,0.577471134548
-0.728,6.9,0.66086793318
-0.702,6.9,0.747911409702
-0.676,6.9,0.837994736544
-0.65,6.9,0.930533152594
-0.624,6.9,1.02496396319
-0.598,6.9,1.12074654015
-0.572,6.9,1.21736232171
-0.546,6.9,1.3143148126
-0.52,6.9,1.41112958399
-0.494,6.9,1.50735427351
-0.468,6.9,1.60255858525
-0.442,6.9,1.69633428975
-0.416,6.9,1.788295224
-0.39,6.9,1.87807729148
-0.364,6.9,1.96533846208
-0.338,6.9,2.0497587722
-0.312,6.9,2.13104032465
-0.286,6.9,2.20890728872
-0.26,6.9,2.28310590016
-0.234,6.9,2.35340446116
-0.208,6.9,2.41959334039
-0.182,6.9,2.48148497295
-0.156,6.9,2.53891386043
-0.13,6.9,2.59173657084
-0.104,6.9,2.63983173868
-0.078,6.9,2.68310006488
-0.052,6.9,2.72146431686
-0.026,6.9,2.75486932846
0,6.9,2.783282
0.026,6.9,2.80669129825
0.052,6.9,2.82510825644
0.078,6.9,2.83856597426
0.104,6.9,2.84711961785
0.13,6.9,2.8508464198
0.156,6.9,2.84984567918
0.182,6.9,2.8442387615
0.208,6.9,2.83416909873
0.234,6.9,2.81980218929
0.26,6.9,2.80132559808
0.286,6.9,2.77894895644
0.312,6.9,2.75290396216
0.338,6.9,2.7234443795
0.364,6.9,2.69084603918
0.39,6.9,2.65540683836
0.416,6.9,2.61744674068
0.442,6.9,2.57730777622
0.468,6.9,2.53535404152
0.494,6.9,2.49197169957
0.52,6.9,2.44756897985
0.546,6.9,2.40257617825
0.572,6.9,2.35744565715
0.598,6.9,2.31265184538
0.624,6.9,2.26869123821
0.65,6.9,2.22608239741
0.676,6.9,2.18536595115
0.702,6.9,2.1471045941
0.728,6.9,2.11188308737
0.754,6.9,2.08030825853
0.78,6.9,2.05300900161
0.806,6.9,2.03063627709
0.832,6.9,2.01386311191
0.858,6.9,2.00338459947
0.884,6.9,1.99991789962
0.91,6.9,2.00420223869
0.936,6.9,2.01699890943
0.962,6.9,2.03909127108
0.988,6.9,2.07128474931
1.014,6.9,2.11440683628
1.04,6.9,2.16930709057
1.066,6.9,2.23685713724
1.092,6.9,2.31795066781
1.118,6.9,2.41350344024
1.144,6.9,2.52445327896
1.17,6.9,2.65176007485
1.196,6.9,2.79640578526
1.222,6.9,2.95939443397
1.248,6.9,3.14175211125
1.274,6.9,3.34452697381
1.3,6.9,3.56878924481
-1.3,7.2,0.989888527152
-1.274,7.2,0.818574790502
-1.248,7.2,0.668748462298
-1.222,7.2,0.539339319371
-1.196,7.2,0.429299205009
-1.17,7.2,0.337602028957
-1.144,7.2,0.263243767418
-1.118,7.2,0.205242463052
-1.092,7.2,0.162638224975
-1.066,7.2,0.134493228762
-1.04,7.2,0.119891716442
-1.014,7.2,0.117939996504
-0.988,7.2,0.127766443892
-0.962,7.2,0.14852150001
-0.936,7.2,0.179377672716
-0.91,7.2,0.219529536326
-0.884,7.2,0.268193731615
-0.858,7.2,0.324608965811
-0.832,7.2,0.388036012603
-0.806,7.2,0.457757712136
-0.78,7.2,0.533078971011
-0.754,7.2,0.613326762287
-0.728,7.2,0.69785012548
-0.702,7.2,0.786020166563
-0.676,7.2,0.877230057966
-0.65,7.2,0.970895038576
-0.624,7.2,1.06645241374
-0.598,7.2,1.16336155525
-0.572,7.2,1.26110390138
-0.546,7.2,1.35918295683
-0.52,7.2,1.45712429278
-0.494,7.2,1.55447554686
-0.468,7.2,1.65080642316
-0.442,7.2,1.74570869221
-0.416,7.2,1.83879619103
-0.39,7.2,1.92970482307
-0.364,7.2,2.01809255823
-0.338,7.2,2.10363943291
-0.312,7.2,2.18604754992
-0.286,7.2,2.26504107855
-0.26,7.2,2.34036625455
-0.234,7.2,2.41179138011
-0.208,7.2,2.4791068239
-0.182,7.2,2.54212502103
-0.156,7.2,2.60068047306
-0.13,7.2,2.65462974804
-0.104,7.2,2.70385148043
-0.078,7.2,2.7482463712
-0.052,7.2,2.78773718774
-0.026,7.2,2.8222687639
0,7.2,2.851808
0.026,7.2,2.87634386281
0.052,7.2,2.89588738557
0.078,7.2,2.91047166794
0.104,7.2,2.92015187609
0.13,7.2,2.9250052426
0.156,7.2,2.92513106654
0.182,7.2,2.92065071342
0.208,7.2,2.91170761521
0.234,7.2,2.89846727034
0.26,7.2,2.88111724369
0.286,7.2,2.85986716661
0.312,7.2,2.83494873689
0.338,7.2,2.80661571879
0.364,7.2,2.77514394303
0.39,7.2,2.74083130677
0.416,7.2,2.70399777365
0.442,7.2,2.66498537375
0.468,7.2,2.62415820361
0.494,7.2,2.58190242623
0.52,7.2,2.53862627106
0.546,7.2,2.49476003402
0.572,7.2,2.45075607748
0.598,7.2,2.40708883027
0.624,7.2,2.36425478767
0.65,7.2,2.32277251142
0.676,7.2,2.28318262973
0.702,7.2,2.24604783724
0.728,7.2,2.21195289507
0.754,7.2,2.18150463079
0.78,7.2,2.15533193843
0.806,7.2,2.13408577847
0.832,7.2,2.11843917785
0.858,7.2,2.10908722997
0.884,7.2,2.10674709469
0.91,7.2,2.11215799831
0.936,7.2,2.12608123362
0.962,7.2,2.14930015983
0.988,7.2,2.18262020262
1.014,7.2,2.22686885415
1.04,7.2,2.282895673
1.066,7.2,2.35157228423
1.092,7.2,2.43379237936
1.118,7.2,2.53047171635
1.144,7.2,2.64254811963
1.17,7.2,2.77098148008
1.196,7.2,2.91675375505
1.222,7.2,3.08086896832
1.248,7.2,3.26435321017
1.274,7.2,3.46825463728
1.3,7.2,3.69364347285
-1.3,7.5,1.00500229912
-1.274,7.5,0.834815127028
-1.248,7.5,0.686115363384
-1.222,7.5,0.557832785018
-1.196,7.5,0.448919235216
-1.17,7.5,0.358348623725
-1.144,7.5,0.285116926747
-1.118,7.5,0.228242186942
-1.092,7.5,0.186764513426
-1.066,7.5,0.159746081773
-1.04,7.5,0.146271134013
-1.014,7.5,0.145445978636
-0.988,7.5,0.156398990586
-0.962,7.5,0.178280611264
-0.936,7.5,0.210263348531
-0.91,7.5,0.251541776702
-0.884,7.5,0.301332536551
-0.858,7.5,0.358874335308
-0.832,7.5,0.423427946661
-0.806,7.5,0.494276210754
-0.78,7.5,0.57072403419
-0.754,7.5,0.652098390027
-0.728,7.5,0.73774831778
-0.702,7.5,0.827044923424
-0.676,7.5,0.919381379388
-0.65,7.5,1.01417292456
-0.624,7.5,1.11085686428
-0.598,7.5,1.20889257036
-0.572,7.5,1.30776148104
-0.546,7.5,1.40696710105
-0.52,7.5,1.50603500157
-0.494,7.5,1.60451282021
-0.468,7.5,1.70197026106
-0.442,7.5,1.79799909468
-0.416,7.5,1.89221315806
-0.39,7.5,1.98424835466
-0.364,7.5,2.07376265438
-0.338,7.5,2.16043609362
-0.312,7.5,2.24397077519
-0.286,7.5,2.32409086839
-0.26,7.5,2.40054260894
-0.234,7.5,2.47309429907
-0.208,7.5,2.54153630742
-0.182,7.5,2.6056810691
-0.156,7.5,2.6653630857
-0.13,7.5,2.72043892523
-0.104,7.5,2.77078722219
-0.078,7.5,2.81630867752
-0.052,7.5,2.85692605862
-0.026,7.5,2.89258419934
0,7.5,2.92325
0.026,7.5,2.94891242737
0.052,7.5,2.96958251469
0.078,7.5,2.98529336163
0.104,7.5,2.99610013433
0.13,7.5,3.00208006541
0.156,7.5,3.00333245391
0.182,7.5,2.99997866535
0.208,7.5,2.9921621317
0.234,7.5,2.98004835139
0.26,7.5,2.9638248893
0.286,7.5,2.94370137677
0.312,7.5,2.91990951162
0.338,7.5,2.89270305808
0.364,7.5,2.86235784688
0.39,7.5,2.82917177518
0.416,7.5,2.79346480662
0.442,7.5,2.75557897128
0.468,7.5,2.7158783657
0.494,7.5,2.67474915288
0.52,7.5,2.63259956227
0.546,7.5,2.5898598898
0.572,7.5,2.54698249782
0.598,7.5,2.50444181517
0.624,7.5,2.46273433713
0.65,7.5,2.42237862544
0.676,7.5,2.38391530831
0.702,7.5,2.34790708038
0.728,7.5,2.31493870277
0.754,7.5,2.28561700305
0.78,7.5,2.26057087525
0.806,7.5,2.24045127985
0.832,7.5,2.22593124379
0.858,7.5,2.21770586047
0.884,7.5,2.21649228975
0.91,7.5,2.22302975794
0.936,7.5,2.2380795578
0.962,7.5,2.26242504857
0.988,7.5,2.29687165593
1.014,7.5,2.34224687201
1.04,7.5,2.39940025543
1.066,7.5,2.46920343122
1.092,7.5,2.55255009091
1.118,7.5,2.65035599246
1.144,7.5,2.7635589603
1.17,7.5,2.89311888531
1.196,7.5,3.04001772484
1.222,7.5,3.20525950268
1.248,7.5,3.38987030908
1.274,7.5,3.59489830076
1.3,7.5,3.82141370088
-1.3,7.8,1.02303207108
-1.274,7.8,0.853971463553
-1.248,7.8,0.70639826447
-1.222,7.8,0.579242250664
-1.196,7.8,0.471455265424
-1.17,7.8,0.382011218493
-1.144,7.8,0.309906086076
-1.118,7.8,0.254157910831
-1.092,7.8,0.213806801876
-1.066,7.8,0.187914934784
-1.04,7.8,0.175566551585
-1.014,7.8,0.175867960769
-0.988,7.8,0.187947537279
-0.962,7.8,0.210955722518
-0.936,7.8,0.244065024345
-0.91,7.8,0.286470017077
-0.884,7.8,0.337387341487
-0.858,7.8,0.396055704805
-0.832,7.8,0.461735880718
-0.806,7.8,0.533710709372
-0.78,7.8,0.611285097369
-0.754,7.8,0.693786017766
-0.728,7.8,0.780562510081
-0.702,7.8,0.870985680285
-0.676,7.8,0.964448700809
-0.65,7.8,1.06036681054
-0.624,7.8,1.15817731482
-0.598,7.8,1.25733958546
-0.572,7.8,1.35733506071
-0.546,7.8,1.45766724528
-0.52,7.8,1.55786171035
-0.494,7.8,1.65746609355
-0.468,7.8,1.75605009897
-0.442,7.8,1.85320549715
-0.416,7.8,1.94854612509
-0.39,7.8,2.04170788624
-0.364,7.8,2.13234875053
-0.338,7.8,2.22014875433
-0.312,7.8,2.30481000046
-0.286,7.8,2.38605665822
-0.26,7.8,2.46363496334
-0.234,7.8,2.53731321802
-0.208,7.8,2.60688179093
-0.182,7.8,2.67215311718
-0.156,7.8,2.73296169833
-0.13,7.8,2.78916410243
-0.104,7.8,2.84063896395
-0.078,7.8,2.88728698384
-0.052,7.8,2.92903092949
-0.026,7.8,2.96581563478
0,7.8,2.997608
0.026,7.8,3.02439699193
0.052,7.8,3.04619364381
0.078,7.8,3.06303105531
0.104,7.8,3.07496439258
0.13,7.8,3.08207088821
0.156,7.8,3.08444984127
0.182,7.8,3.08222261727
0.208,7.8,3.07553264818
0.234,7.8,3.06454543243
0.26,7.8,3.0494485349
0.286,7.8,3.03045158694
0.312,7.8,3.00778628634
0.338,7.8,2.98170639737
0.364,7.8,2.95248775073
0.39,7.8,2.9204282436
0.416,7.8,2.8858478396
0.442,7.8,2.84908856881
0.468,7.8,2.81051452779
0.494,7.8,2.77051187953
0.52,7.8,2.72948885349
0.546,7.8,2.68787574557
0.572,7.8,2.64612491815
0.598,7.8,2.60471080006
0.624,7.8,2.56412988659
0.65,7.8,2.52490073946
0.676,7.8,2.48756398688
0.702,7.8,2.45268232352
0.728,7.8,2.42084051047
0.754,7.8,2.39264537531
0.78,7.8,2.36872581207
0.806,7.8,2.34973278123
0.832,7.8,2.33633930973
0.858,7.8,2.32924049098
0.884,7.8,2.32915348482
0.91,7.8,2.33681751756
0.936,7.8,2.35299388199
0.962,7.8,2.37846593732
0.988,7.8,2.41403910923
1.014,7.8,2.46054088988
1.04,7.8,2.51882083785
1.066,7.8,2.58975057821
1.092,7.8,2.67422380246
1.118,7.8,2.77315626857
1.144,7.8,2.88748580097
1.17,7.8,3.01817229055
1.196,7.8,3.16619769463
1.222,7.8,3.33256603703
1.248,7.8,3.51830340799
1.274,7.8,3.72445796423
1.3,7.8,3.95209992892
-1.3,8.1,1.04397784305
-1.274,8.1,0.876043800079
-1.248,8.1,0.729597165556
-1.222,8.1,0.603567716311
-1.196,8.1,0.496907295631
-1.17,8.1,0.408589813262
-1.144,8.1,0.337611245405
-1.118,8.1,0.282989634721
-1.092,8.1,0.243765090326
-1.066,8.1,0.218999787795
-1.04,8.1,0.207777969157
-1.014,8.1,0.209205942901
-0.988,8.1,0.222412083972
-0.962,8.1,0.246546833772
-0.936,8.1,0.28078270016
-0.91,8.1,0.324314257452
-0.884,8.1,0.376358146423
-0.858,8.1,0.436153074301
-0.832,8.1,0.502959814776
-0.806,8.1,0.576061207991
-0.78,8.1,0.654762160548
-0.754,8.1,0.738389645506
-0.728,8.1,0.826292702381
-0.702,8.1,0.917842437146
-0.676,8.1,1.01243202223
-0.65,8.1,1.10947669652
-0.624,8.1,1.20841376537
-0.598,8.1,1.30870260056
-0.572,8.1,1.40982464037
-0.546,8.1,1.5112833895
-0.52,8.1,1.61260441914
-0.494,8.1,1.7133353669
-0.468,8.1,1.81304593688
-0.442,8.1,1.91132789962
-0.416,8.1,2.00779509212
-0.39,8.1,2.10208341783
-0.364,8.1,2.19385084669
-0.338,8.1,2.28277741504
-0.312,8.1,2.36856522574
-0.286,8.1,2.45093844805
-0.26,8.1,2.52964331773
-0.234,8.1,2.60444813697
-0.208,8.1,2.67514327444
-0.182,8.1,2.74154116525
-0.156,8.1,2.80347631097
-0.13,8.1,2.86080527962
-0.104,8.1,2.91340670571
-0.078,8.1,2.96118129016
-0.052,8.1,3.00405180037
-0.026,8.1,3.04196307022
0,8.1,3.074882
0.026,8.1,3.10279755649
0.052,8.1,3.12572077293
0.078,8.1,3.14368474899
0.104,8.1,3.15674465082
0.13,8.1,3.16497771102
0.156,8.1,3.16848322864
0.182,8.1,3.1673825692
0.208,8.1,3.16181916467
0.234,8.1,3.15195851348
0.26,8.1,3.13798818051
0.286,8.1,3.12011779711
0.312,8.1,3.09857906107
0.338,8.1,3.07362573666
0.364,8.1,3.04553365458
0.39,8.1,3.01460071201
0.416,8.1,2.98114687257
0.442,8.1,2.94551416635
0.468,8.1,2.90806668989
0.494,8.1,2.86919060619
0.52,8.1,2.8292941447
0.546,8.1,2.78880760135
0.572,8.1,2.74818333849
0.598,8.1,2.70789578496
0.624,8.1,2.66844143604
0.65,8.1,2.63033885348
0.676,8.1,2.59412866546
0.702,8.1,2.56037356666
0.728,8.1,2.52965831817
0.754,8.1,2.50258974757
0.78,8.1,2.47979674889
0.806,8.1,2.46193028261
0.832,8.1,2.44966337568
0.858,8.1,2.44369112148
0.884,8.1,2.44473067988
0.91,8.1,2.45352127719
0.936,8.1,2.47082420617
0.962,8.1,2.49742282606
0.988,8.1,2.53412256254
1.014,8.1,2.58175090775
1.04,8.1,2.64115742028
1.066,8.1,2.7132137252
1.092,8.1,2.79881351401
1.118,8.1,2.89887254468
1.144,8.1,3.01432864164
1.17,8.1,3.14614169578
1.196,8.1,3.29529366443
1.222,8.1,3.46278857138
1.248,8.1,3.64965250691
1.274,8.1,3.85693362771
1.3,8.1,4.08570215695
-1.3,8.4,1.06783961501
-1.274,8.4,0.901032136604
-1.248,8.4,0.755712066643
-1.222,8.4,0.630809181958
-1.196,8.4,0.525275325839
-1.17,8.4,0.43808440803
-1.144,8.4,0.368232404734
-1.118,8.4,0.314737358611
-1.092,8.4,0.276639378777
-1.066,8.4,0.253000640806
-1.04,8.4,0.242905386729
-1.014,8.4,0.245459925033
-0.988,8.4,0.259792630665
-0.962,8.4,0.285053945026
-0.936,8.4,0.320416375974
-0.91,8.4,0.365074497828
-0.884,8.4,0.418244951359
-0.858,8.4,0.479166443798
-0.832,8.4,0.547099748833
-0.806,8.4,0.621327706609
-0.78,8.4,0.701155223726
-0.754,8.4,0.785909273245
-0.728,8.4,0.874938894681
-0.702,8.4,0.967615194007
-0.676,8.4,1.06333134365
-0.65,8.4,1.16150258251
-0.624,8.4,1.26156621591
-0.598,8.4,1.36298161567
-0.572,8.4,1.46523022004
-0.546,8.4,1.56781553373
-0.52,8.4,1.67026312792
-0.494,8.4,1.77212064025
-0.468,8.4,1.87295777479
-0.442,8.4,1.97236630209
-0.416,8.4,2.06996005915
-0.39,8.4,2.16537494942
-0.364,8.4,2.25826894284
-0.338,8.4,2.34832207575
-0.312,8.4,2.43523645101
-0.286,8.4,2.51873623788
-0.26,8.4,2.59856767212
-0.234,8.4,2.67449905593
-0.208,8.4,2.74632075796
-0.182,8.4,2.81384521333
-0.156,8.4,2.8769069236
-0.13,8.4,2.93536245682
-0.104,8.4,2.98909044746
-0.078,8.4,3.03799159647
-0.052,8.4,3.08198867125
-0.026,8.4,3.12102650566
0,8.4,3.155072
0.026,8.4,3.18411412106
0.052,8.4,3.20816390205
0.078,8.4,3.22725444267
0.104,8.4,3.24144090906
0.13,8.4,3.25080053382
0.156,8.4,3.255432616
0.182,8.4,3.25545852112
0.208,8.4,3.25102168115
0.234,8.4,3.24228759452
0.26,8.4,3.22944382612
0.286,8.4,3.21270000728
0.312,8.4,3.1922878358
0.338,8.4,3.16846107595
0.364,8.4,3.14149555843
0.39,8.4,3.11168918042
0.416,8.4,3.07936190554
0.442,8.4,3.04485576388
0.468,8.4,3.00853485198
0.494,8.4,2.97078533284
0.52,8.4,2.93201543592
0.546,8.4,2.89265545712
0.572,8.4,2.85315775883
0.598,8.4,2.81399676986
0.624,8.4,2.7756689855
0.65,8.4,2.73869296749
0.676,8.4,2.70360934404
0.702,8.4,2.6709808098
0.728,8.4,2.64139212587
0.754,8.4,2.61545011983
0.78,8.4,2.59378368571
0.806,8.4,2.577043784
0.832,8.4,2.56590344162
0.858,8.4,2.56105775198
0.884,8.4,2.56322387494
0.91,8.4,2.57314103681
0.936,8.4,2.59157053036
0.962,8.4,2.61929571481
0.988,8.4,2.65712201585
1.014,8.4,2.70587692562
1.04,8.4,2.76641000271
1.066,8.4,2.83959287219
1.092,8.4,2.92631922556
1.118,8.4,3.02750482079
1.144,8.4,3.14408748231
1.17,8.4,3.27702710101
1.196,8.4,3.42730563422
1.222,8.4,3.59592710574
1.248,8.4,3.78391760582
1.274,8.4,3.99232529118
1.3,8.4,4.22222038499
-1.3,8.7,1.09461738698
-1.274,8.7,0.928936473129
-1.248,8.7,0.784742967729
-1.222,8.7,0.660966647605
-1.196,8.7,0.556559356046
-1.17,8.7,0.470495002798
-1.144,8.7,0.401769564063
-1.118,8.7,0.3494010825
-1.092,8.7,0.312429667227
-1.066,8.7,0.289917493817
-1.04,8.7,0.2809488043
-1.014,8.7,0.284629907166
-0.988,8.7,0.300089177358
-0.962,8.7,0.326477056279
-0.936,8.7,0.362966051789
-0.91,8.7,0.408750738203
-0.884,8.7,0.463047756295
-0.858,8.7,0.525095813295
-0.832,8.7,0.59415568289
-0.806,8.7,0.669510205227
-0.78,8.7,0.750464286905
-0.754,8.7,0.836344900985
-0.728,8.7,0.926501086981
-0.702,8.7,1.02030395087
-0.676,8.7,1.11714666507
-0.65,8.7,1.21644446849
-0.624,8.7,1.31763466645
-0.598,8.7,1.42017663077
-0.572,8.7,1.5235517997
-0.546,8.7,1.62726367796
-0.52,8.7,1.73083783671
-0.494,8.7,1.83382191359
-0.468,8.7,1.93578561269
-0.442,8.7,2.03632070455
-0.416,8.7,2.13504102617
-0.39,8.7,2.23158248101
-0.364,8.7,2.32560303899
-0.338,8.7,2.41678273646
-0.312,8.7,2.50482367628
-0.286,8.7,2.58945002771
-0.26,8.7,2.67040802652
-0.234,8.7,2.74746597488
-0.208,8.7,2.82041424147
-0.182,8.7,2.8890652614
-0.156,8.7,2.95325353624
-0.13,8.7,3.01283563402
-0.104,8.7,3.06769018922
-0.078,8.7,3.11771790279
-0.052,8.7,3.16284154213
-0.026,8.7,3.2030059411
0,8.7,3.238178
0.026,8.7,3.26834668562
0.052,8.7,3.29352303117
0.078,8.7,3.31374013635
0.104,8.7,3.3290531673
0.13,8.7,3.33953935662
0.156,8.7,3.34529800337
0.182,8.7,3.34645047305
0.208,8.7,3.34314019764
0.234,8.7,3.33553267557
0.26,8.7,3.32381547172
0.286,8.7,3.30819821744
0.312,8.7,3.28891261053
0.338,8.7,3.26621241524
0.364,8.7,3.24037346228
0.39,8.7,3.21169364883
0.416,8.7,3.18049293851
0.442,8.7,3.14711336141
0.468,8.7,3.11191901407
0.494,8.7,3.07529605949
0.52,8.7,3.03765272713
0.546,8.7,2.9994193129
0.572,8.7,2.96104817916
0.598,8.7,2.92301375475
0.624,8.7,2.88581253496
0.65,8.7,2.84996308151
0.676,8.7,2.81600602262
0.702,8.7,2.78450405293
0.728,8.7,2.75604193357
0.754,8.7,2.73122649209
0.78,8.7,2.71068662253
0.806,8.7,2.69507328538
0.832,8.7,2.68505950756
0.858,8.7,2.68134038249
0.884,8.7,2.68463307001
0.91,8.7,2.69567679644
0.936,8.7,2.71523285454
0.962,8.7,2.74408460356
0.988,8.7,2.78303746916
1.014,8.7,2.83291894348
1.04,8.7,2.89457858514
1.066,8.7,2.96888801918
1.092,8.7,3.05674093711
1.118,8.7,3.1590530969
1.144,8.7,3.27676232299
1.17,8.7,3.41082850624
1.196,8.7,3.56223360401
1.222,8.7,3.73198164009
1.248,8.7,3.92109870474
1.274,8.7,4.13063295466
1.3,8.7,4.36165461302
-1.3,9,1.12431115894
-1.274,9,0.959756809655
-1.248,9,0.816689868815
-1.222,9,0.694040113252
-1.196,9,0.590759386254
-1.17,9,0.505821597566
-1.144,9,0.438222723392
-1.118,9,0.38698080639
-1.092,9,0.351135955677
-1.066,9,0.329750346828
-1.04,9,0.321908221872
-1.014,9,0.326715889298
-0.988,9,0.343301724051
-0.962,9,0.370816167533
-0.936,9,0.408431727603
-0.91,9,0.455342978578
-0.884,9,0.510766561231
-0.858,9,0.573941182791
-0.832,9,0.644127616948
-0.806,9,0.720608703845
-0.78,9,0.802689350084
-0.754,9,0.889696528724
-0.728,9,0.980979279282
-0.702,9,1.07590870773
-0.676,9,1.1738779865
-0.65,9,1.27430235447
-0.624,9,1.376619117
-0.598,9,1.48028764587
-0.572,9,1.58478937936
-0.546,9,1.68962782218
-0.52,9,1.7943285455
-0.494,9,1.89843918694
-0.468,9,2.0015294506
-0.442,9,2.10319110702
-0.416,9,2.2030379932
-0.39,9,2.3007060126
-0.364,9,2.39585313514
-0.338,9,2.48815939717
-0.312,9,2.57732690155
-0.286,9,2.66307981755
-0.26,9,2.74516438091
-0.234,9,2.82334889384
-0.208,9,2.89742372499
-0.182,9,2.96720130948
-0.156,9,3.03251614888
-0.13,9,3.09322481121
-0.104,9,3.14920593098
-0.078,9,3.20036020911
-0.052,9,3.24661041301
-0.026,9,3.28790137653
0,9,3.3242
0.026,9,3.35549525018
0.052,9,3.38179816029
0.078,9,3.40314183004
0.104,9,3.41958142555
0.13,9,3.43119417943
0.156,9,3.43807939073
0.182,9,3.44035842497
0.208,9,3.43817471413
0.234,9,3.43169375662
0.26,9,3.42110311733
0.286,9,3.40661242761
0.312,9,3.38845338526
0.338,9,3.36687975453
0.364,9,3.34216736613
0.39,9,3.31461411724
0.416,9,3.28453997148
0.442,9,3.25228695894
0.468,9,3.21821917616
0.494,9,3.18272278615
0.52,9,3.14620601834
0.546,9,3.10909916867
0.572,9,3.0718545995
0.598,9,3.03494673965
0.624,9,2.99887208441
0.65,9,2.96414919553
0.676,9,2.9313187012
0.702,9,2.90094329607
0.728,9,2.87360774127
0.754,9,2.84991886435
0.78,9,2.83050555936
0.806,9,2.81601878676
0.832,9,2.8071315735
0.858,9,2.80453901299
0.884,9,2.80895826507
0.91,9,2.82112855606
0.936,9,2.84181117873
0.962,9,2.8717894923
0.988,9,2.91186892246
1.014,9,2.96287696135
1.04,9,3.02566316757
1.066,9,3.10109916617
1.092,9,3.19007864866
1.118,9,3.29351737301
1.144,9,3.41235316366
1.17,9,3.54754591147
1.196,9,3.7000775738
1.222,9,3.87095217444
1.248,9,4.06119580365
1.274,9,4.27185661813
1.3,9,4.50400484106
-1.3,9.3,1.1569209309
-1.274,9.3,0.99349314618
-1.248,9.3,0.851552769901
-1.222,9.3,0.730029578898
-1.196,9.3,0.627875416461
-1.17,9.3,0.544064192334
-1.144,9.3,0.477591882721
-1.118,9.3,0.427476530279
-1.092,9.3,0.392758244128
-1.066,9.3,0.372499199839
-1.04,9.3,0.365783639444
-1.014,9.3,0.371717871431
-0.988,9.3,0.389430270744
-0.962,9.3,0.418071278787
-0.936,9.3,0.456813403418
-0.91,9.3,0.504851218953
-0.884,9.3,0.561401366167
-0.858,9.3,0.625702552288
-0.832,9.3,0.697015551005
-0.806,9.3,0.774623202463
-0.78,9.3,0.857830413263
-0.754,9.3,0.945964156464
-0.728,9.3,1.03837347158
-0.702,9.3,1.13442946459
-0.676,9.3,1.23352530792
-0.65,9.3,1.33507624045
-0.624,9.3,1.43851956754
-0.598,9.3,1.54331466098
-0.572,9.3,1.64894295903
-0.546,9.3,1.75490796641
-0.52,9.3,1.86073525428
-0.494,9.3,1.96597246029
-0.468,9.3,2.07018928851
-0.442,9.3,2.17297750949
-0.416,9.3,2.27395096023
-0.39,9.3,2.37274554419
-0.364,9.3,2.46901923129
-0.338,9.3,2.56245205789
-0.312,9.3,2.65274612682
-0.286,9.3,2.73962560738
-0.26,9.3,2.8228367353
-0.234,9.3,2.90214781279
-0.208,9.3,2.9773492085
-0.182,9.3,3.04825335755
-0.156,9.3,3.11469476151
-0.13,9.3,3.17652998841
-0.104,9.3,3.23363767273
-0.078,9.3,3.28591851543
-0.052,9.3,3.33329528389
-0.026,9.3,3.37571281197
0,9.3,3.413138
0.026,9.3,3.44555981474
0.052,9.3,3.47298928942
0.078,9.3,3.49545952372
0.104,9.3,3.51302568379
0.13,9.3,3.52576500223
0.156,9.3,3.53377677809
0.182,9.3,3.5371823769
0.208,9.3,3.53612523061
0.234,9.3,3.53077083766
0.26,9.3,3.52130676294
0.286,9.3,3.50794263778
0.312,9.3,3.49091015999
0.338,9.3,3.47046309382
0.364,9.3,3.44687726998
0.39,9.3,3.42045058565
0.416,9.3,3.39150300445
0.442,9.3,3.36037655647
0.468,9.3,3.32743533826
0.494,9.3,3.2930655128
0.52,9.3,3.25767530956
0.546,9.3,3.22169502445
0.572,9.3,3.18557701983
0.598,9.3,3.14979572455
0.624,9.3,3.11484763387
0.65,9.3,3.08125130955
0.676,9.3,3.04954737978
0.702,9.3,3.02029853921
0.728,9.3,2.99408954897
0.754,9.3,2.97152723661
0.78,9.3,2.95324049618
0.806,9.3,2.93988028814
0.832,9.3,2.93211963945
0.858,9.3,2.93065364349
0.884,9.3,2.93619946014
0.91,9.3,2.94949631569
0.936,9.3,2.97130550292
0.962,9.3,3.00241038105
0.988,9.3,3.04361637577
1.014,9.3,3.09575097922
1.04,9.3,3.15966375
1.066,9.3,3.23622631315
1.092,9.3,3.32633236021
1.118,9.3,3.43089764912
1.144,9.3,3.55086000433
1.17,9.3,3.68717931671
1.196,9.3,3.8408375436
1.222,9.3,4.0128387088
1.248,9.3,4.20420890256
1.274,9.3,4.41599628161
1.3,9.3,4.6492710691
-1.3,9.6,1.19244670287
-1.274,9.6,1.03014548271
-1.248,9.6,0.889331670987
-1.222,9.6,0.768935044545
-1.196,9.6,0.667907446669
-1.17,9.6,0.585222787103
-1.144,9.6,0.519877042049
-1.118,9.6,0.470888254169
-1.092,9.6,0.437296532578
-1.066,9.6,0.41816405285
-1.04,9.6,0.412575057016
-1.014,9.6,0.419635853563
-0.988,9.6,0.438474817438
-0.962,9.6,0.468242390041
-0.936,9.6,0.508111079233
-0.91,9.6,0.557275459329
-0.884,9.6,0.614952171102
-0.858,9.6,0.680379921785
-0.832,9.6,0.752819485063
-0.806,9.6,0.831553701081
-0.78,9.6,0.915887476442
-0.754,9.6,1.0051477842
-0.728,9.6,1.09868366388
-0.702,9.6,1.19586622145
-0.676,9.6,1.29608862934
-0.65,9.6,1.39876612643
-0.624,9.6,1.50333601808
-0.598,9.6,1.60925767608
-0.572,9.6,1.71601253869
-0.546,9.6,1.82310411063
-0.52,9.6,1.93005796307
-0.494,9.6,2.03642173363
-0.468,9.6,2.14176512642
-0.442,9.6,2.24567991196
-0.416,9.6,2.34777992726
-0.39,9.6,2.44770107578
-0.364,9.6,2.54510132744
-0.338,9.6,2.6396607186
-0.312,9.6,2.73108135209
-0.286,9.6,2.81908739721
-0.26,9.6,2.90342508969
-0.234,9.6,2.98386273174
-0.208,9.6,3.06019069202
-0.182,9.6,3.13222140563
-0.156,9.6,3.19978937415
-0.13,9.6,3.26275116561
-0.104,9.6,3.32098541449
-0.078,9.6,3.37439282174
-0.052,9.6,3.42289615477
-0.026,9.6,3.46644024741
0,9.6,3.504992
0.026,9.6,3.5385403793
0.052,9.6,3.56709641854
0.078,9.6,3.5906932174
0.104,9.6,3.60938594203
0.13,9.6,3.62325182503
0.156,9.6,3.63239016546
0.182,9.6,3.63692232882
0.208,9.6,3.6369917471
0.234,9.6,3.63276391871
0.26,9.6,3.62442640855
0.286,9.6,3.61218884795
0.312,9.6,3.59628293472
0.338,9.6,3.5769624331
0.364,9.6,3.55450317383
0.39,9.6,3.52920305406
0.416,9.6,3.50138203742
0.442,9.6,3.47138215401
0.468,9.6,3.43956750035
0.494,9.6,3.40632423945
0.52,9.6,3.37206060077
0.546,9.6,3.33720688022
0.572,9.6,3.30221544017
0.598,9.6,3.26756070944
0.624,9.6,3.23373918333
0.65,9.6,3.20126942357
0.676,9.6,3.17069205835
0.702,9.6,3.14256978235
0.728,9.6,3.11748735667
0.754,9.6,3.09605160887
0.78,9.6,3.078891433
0.806,9.6,3.06665778952
0.832,9.6,3.06002370539
0.858,9.6,3.059684274
0.884,9.6,3.0663566552
0.91,9.6,3.08078007531
0.936,9.6,3.1037158271
0.962,9.6,3.13594726979
0.988,9.6,3.17827982908
1.014,9.6,3.23154099709
1.04,9.6,3.29658033242
1.066,9.6,3.37426946014
1.092,9.6,3.46550207176
1.118,9.6,3.57119392523
1.144,9.6,3.692282845
1.17,9.6,3.82972872194
1.196,9.6,3.98451351339
1.222,9.6,4.15764124315
1.248,9.6,4.35013800148
1.274,9.6,4.56305194508
1.3,9.6,4.79745329713
-1.3,9.9,1.23088847483
-1.274,9.9,1.06971381923
-1.248,9.9,0.930026572073
-1.222,9.9,0.810756510192
-1.196,9.9,0.710855476876
-1.17,9.9,0.629297381871
-1.144,9.9,0.565078201378
-1.118,9.9,0.517215978059
-1.092,9.9,0.484750821028
-1.066,9.9,0.466744905861
-1.04,9.9,0.462282474587
-1.014,9.9,0.470469835696
-0.988,9.9,0.490435364131
-0.962,9.9,0.521329501295
-0.936,9.9,0.562324755047
-0.91,9.9,0.612615699704
-0.884,9.9,0.671418976038
-0.858,9.9,0.737973291281
-0.832,9.9,0.81153941912
-0.806,9.9,0.891400199699
-0.78,9.9,0.97686053962
-0.754,9.9,1.06724741194
-0.728,9.9,1.16190985618
-0.702,9.9,1.26021897831
-0.676,9.9,1.36156795076
-0.65,9.9,1.46537201242
-0.624,9.9,1.57106846862
-0.598,9.9,1.67811669119
-0.572,9.9,1.78599811836
-0.546,9.9,1.89421625486
-0.52,9.9,2.00229667185
-0.494,9.9,2.10978700698
-0.468,9.9,2.21625696432
-0.442,9.9,2.32129831443
-0.416,9.9,2.42452489429
-0.39,9.9,2.52557260737
-0.364,9.9,2.62409942359
-0.338,9.9,2.71978537931
-0.312,9.9,2.81233257736
-0.286,9.9,2.90146518704
-0.26,9.9,2.98692944409
-0.234,9.9,3.0684936507
-0.208,9.9,3.14594817553
-0.182,9.9,3.2191054537
-0.156,9.9,3.28779998678
-0.13,9.9,3.3518883428
-0.104,9.9,3.41124915625
-0.078,9.9,3.46578312806
-0.052,9.9,3.51541302564
-0.026,9.9,3.56008368285
0,9.9,3.599762
0.026,9.9,3.63443694386
0.052,9.9,3.66411954766
0.078,9.9,3.68884291108
0.104,9.9,3.70866220028
0.13,9.9,3.72365464784
0.156,9.9,3.73391955282
0.182,9.9,3.73957828075
0.208,9.9,3.74077426358
0.234,9.9,3.73767299976
0.26,9.9,3.73046205415
0.286,9.9,3.71935105812
0.312,9.9,3.70457170944
0.338,9.9,3.68637777239
0.364,9.9,3.66504507768
0.39,9.9,3.64087152247
0.416,9.9,3.61417707039
0.442,9.9,3.58530375154
0.468,9.9,3.55461566244
0.494,9.9,3.52249896611
0.52,9.9,3.48936189199
0.546,9.9,3.455634736
0.572,9.9,3.4217698605
0.598,9.9,3.38824169434
0.624,9.9,3.35554673278
0.65,9.9,3.32420353758
0.676,9.9,3.29475273693
0.702,9.9,3.26775702549
0.728,9.9,3.24380116437
0.754,9.9,3.22349198114
0.78,9.9,3.20745836982
0.806,9.9,3.1963512909
0.832,9.9,3.19084377133
0.858,9.9,3.1916309045
0.884,9.9,3.19942985026
0.91,9.9,3.21497983494
0.936,9.9,3.23904215129
0.962,9.9,3.27240015854
0.988,9.9,3.31585928238
1.014,9.9,3.37024701495
1.04,9.9,3.43641291485
1.066,9.9,3.51522860713
1.092,9.9,3.60758778331
1.118,9.9,3.71440620134
1.144,9.9,3.83662168567
1.17,9.9,3.97519412717
1.196,9.9,4.13110548318
1.222,9.9,4.3053597775
1.248,9.9,4.49898310039
1.274,9.9,4.71302360856
1.3,9.9,4.94855152517
-1.3,10.2,1.2722462468
-1.274,10.2,1.11219815576
-1.248,10.2,0.973637473159
-1.222,10.2,0.855493975839
-1.196,10.2,0.756719507084
-1.17,10.2,0.676287976639
-1.144,10.2,0.613195360707
-1.118,10.2,0.566459701948
-1.092,10.2,0.535121109479
-1.066,10.2,0.518241758872
-1.04,10.2,0.514905892159
-1.014,10.2,0.524219817828
-0.988,10.2,0.545311910824
-0.962,10.2,0.577332612549
-0.936,10.2,0.619454430862
-0.91,10.2,0.670871940079
-0.884,10.2,0.730801780974
-0.858,10.2,0.798482660778
-0.832,10.2,0.873175353177
-0.806,10.2,0.954162698317
-0.78,10.2,1.0407496028
-0.754,10.2,1.13226303968
-0.728,10.2,1.22805204848
-0.702,10.2,1.32748773517
-0.676,10.2,1.42996327218
-0.65,10.2,1.5348938984
-0.624,10.2,1.64171691917
-0.598,10.2,1.74989170629
-0.572,10.2,1.85889969802
-0.546,10.2,1.96824439908
-0.52,10.2,2.07745138064
-0.494,10.2,2.18606828033
-0.468,10.2,2.29366480223
-0.442,10.2,2.39983271689
-0.416,10.2,2.50418586132
-0.39,10.2,2.60636013896
-0.364,10.2,2.70601351974
-0.338,10.2,2.80282604002
-0.312,10.2,2.89649980264
-0.286,10.2,2.98675897688
-0.26,10.2,3.07334979848
-0.234,10.2,3.15604056965
-0.208,10.2,3.23462165904
-0.182,10.2,3.30890550178
-0.156,10.2,3.37872659942
-0.13,10.2,3.44394152
-0.104,10.2,3.50442889801
-0.078,10.2,3.56008943438
-0.052,10.2,3.61084589652
-0.026,10.2,3.65664311829
0,10.2,3.697448
0.026,10.2,3.73324950842
0.052,10.2,3.76405867678
0.078,10.2,3.78990860476
0.104,10.2,3.81085445852
0.13,10.2,3.82697347064
0.156,10.2,3.83836494019
0.182,10.2,3.84515023267
0.208,10.2,3.84747278007
0.234,10.2,3.8454980808
0.26,10.2,3.83941369976
0.286,10.2,3.82942926828
0.312,10.2,3.81577648417
0.338,10.2,3.79870911168
0.364,10.2,3.77850298153
0.39,10.2,3.75545599088
0.416,10.2,3.72988810337
0.442,10.2,3.70214134907
0.468,10.2,3.67257982454
0.494,10.2,3.64158969276
0.52,10.2,3.6095791832
0.546,10.2,3.57697859177
0.572,10.2,3.54424028084
0.598,10.2,3.51183867923
0.624,10.2,3.48027028224
0.65,10.2,3.4500536516
0.676,10.2,3.42172941551
0.702,10.2,3.39586026863
0.728,10.2,3.37303097207
0.754,10.2,3.3538483534
0.78,10.2,3.33894130664
0.806,10.2,3.32896079229
0.832,10.2,3.32457983727
0.858,10.2,3.326493535
0.884,10.2,3.33541904533
0.91,10.2,3.35209559456
0.936,10.2,3.37728447547
0.962,10.2,3.41176904729
0.988,10.2,3.45635473569
1.014,10.2,3.51186903282
1.04,10.2,3.57916149728
1.066,10.2,3.65910375412
1.092,10.2,3.75258949486
1.118,10.2,3.86053447745
1.144,10.2,3.98387652634
1.17,10.2,4.1235755324
1.196,10.2,4.28061345297
1.222,10.2,4.45599431186
1.248,10.2,4.65074419931
1.274,10.2,4.86591127203
1.3,10.2,5.1025657532
-1.3,10.5,1.31652001876
-1.274,10.5,1.15759849228
-1.248,10.5,1.02016437425
-1.222,10.5,0.903147441486
-1.196,10.5,0.805499537291
-1.17,10.5,0.726194571407
-1.144,10.5,0.664228520036
-1.118,10.5,0.618619425838
-1.092,10.5,0.588407397929
-1.066,10.5,0.572654611883
-1.04,10.5,0.570445309731
-1.014,10.5,0.580885799961
-0.988,10.5,0.603104457517
-0.962,10.5,0.636251723803
-0.936,10.5,0.679500106676
-0.91,10.5,0.732044180454
-0.884,10.5,0.79310058591
-0.858,10.5,0.861908030275
-0.832,10.5,0.937727287235
-0.806,10.5,1.01984119694
-0.78,10.5,1.10755466598
-0.754,10.5,1.20019466742
-0.728,10.5,1.29711024078
-0.702,10.5,1.39767249203
-0.676,10.5,1.5012745936
-0.65,10.5,1.60733178438
-0.624,10.5,1.71528136971
-0.598,10.5,1.82458272139
-0.572,10.5,1.93471727769
-0.546,10.5,2.04518854331
-0.52,10.5,2.15552208943
-0.494,10.5,2.26526555367
-0.468,10.5,2.37398864014
-0.442,10.5,2.48128311936
-0.416,10.5,2.58676282835
-0.39,10.5,2.69006367055
-0.364,10.5,2.79084361589
-0.338,10.5,2.88878270073
-0.312,10.5,2.98358302791
-0.286,10.5,3.07496876671
-0.26,10.5,3.16268615287
-0.234,10.5,3.2465034886
-0.208,10.5,3.32621114256
-0.182,10.5,3.40162154985
-0.156,10.5,3.47256921205
-0.13,10.5,3.5389106972
-0.104,10.5,3.60052463976
-0.078,10.5,3.6573117407
-0.052,10.5,3.7091947674
-0.026,10.5,3.75611855373
0,10.5,3.79805
0.026,10.5,3.83497807298
0.052,10.5,3.8669138059
0.078,10.5,3.89389029845
0.104,10.5,3.91596271676
0.13,10.5,3.93320829344
0.156,10.5,3.94572632755
0.182,10.5,3.9536381846
0.208,10.5,3.95708729655
0.234,10.5,3.95623916185
0.26,10.5,3.95128134537
0.286,10.5,3.94242347845
0.312,10.5,3.9298972589
0.338,10.5,3.91395645097
0.364,10.5,3.89487688538
0.39,10.5,3.87295645929
0.416,10.5,3.84851513634
0.442,10.5,3.8218949466
0.468,10.5,3.79345998663
0.494,10.5,3.76359641941
0.52,10.5,3.73271247441
0.546,10.5,3.70123844754
0.572,10.5,3.66962670117
0.598,10.5,3.63835166413
0.624,10.5,3.6079098317
0.65,10.5,3.57881976562
0.676,10.5,3.55162209409
0.702,10.5,3.52687951177
0.728,10.5,3.50517677977
0.754,10.5,3.48712072566
0.78,10.5,3.47334024346
0.806,10.5,3.46448629367
0.832,10.5,3.46123190322
0.858,10.5,3.46427216551
0.884,10.5,3.47432424039
0.91,10.5,3.49212735419
0.936,10.5,3.51844279966
0.962,10.5,3.55405393603
0.988,10.5,3.599766189
1.014,10.5,3.65640705069
1.04,10.5,3.72482607971
1.066,10.5,3.80589490111
1.092,10.5,3.90050720641
1.118,10.5,4.00957875356
1.144,10.5,4.13404736701
1.17,10.5,4.27487293763
1.196,10.5,4.43303742277
1.222,10.5,4.60954484621
1.248,10.5,4.80542129822
1.274,10.5,5.02171493551
1.3,10.5,5.25949598124
-1.3,10.8,1.36370979073
-1.274,10.8,1.20591482881
-1.248,10.8,1.06960727533
-1.222,10.8,0.953716907132
-1.196,10.8,0.857195567499
-1.17,10.8,0.779017166175
-1.144,10.8,0.718177679365
-1.118,10.8,0.673695149728
-1.092,10.8,0.644609686379
-1.066,10.8,0.629983464894
-1.04,10.8,0.628900727303
-1.014,10.8,0.640467782093
-0.988,10.8,0.66381300421
-0.962,10.8,0.698086835056
-0.936,10.8,0.742461782491
-0.91,10.8,0.79613242083
-0.884,10.8,0.858315390846
-0.858,10.8,0.928249399771
-0.832,10.8,1.00519522129
-0.806,10.8,1.08843569555
-0.78,10.8,1.17727572916
-0.754,10.8,1.27104229516
-0.728,10.8,1.36908443308
-0.702,10.8,1.47077324889
-0.676,10.8,1.57550191503
-0.65,10.8,1.68268567036
-0.624,10.8,1.79176182025
-0.598,10.8,1.9021897365
-0.572,10.8,2.01345085735
-0.546,10.8,2.12504868753
-0.52,10.8,2.23650879821
-0.494,10.8,2.34737882702
-0.468,10.8,2.45722847805
-0.442,10.8,2.56564952183
-0.416,10.8,2.67225579537
-0.39,10.8,2.77668320214
-0.364,10.8,2.87858971204
-0.338,10.8,2.97765536144
-0.312,10.8,3.07358225318
-0.286,10.8,3.16609455654
-0.26,10.8,3.25493850727
-0.234,10.8,3.33988240756
-0.208,10.8,3.42071662607
-0.182,10.8,3.49725359793
-0.156,10.8,3.56932782469
-0.13,10.8,3.63679587439
-0.104,10.8,3.69953638152
-0.078,10.8,3.75745004702
-0.052,10.8,3.81045963828
-0.026,10.8,3.85850998917
0,10.8,3.901568
0.026,10.8,3.93962263754
0.052,10.8,3.97268493502
0.078,10.8,4.00078799213
0.104,10.8,4.023986975
0.13,10.8,4.04235911625
0.156,10.8,4.05600371492
0.182,10.8,4.06504213652
0.208,10.8,4.06961781304
0.234,10.8,4.0698962429
0.26,10.8,4.06606499097
0.286,10.8,4.05833368862
0.312,10.8,4.04693403363
0.338,10.8,4.03211979026
0.364,10.8,4.01416678923
0.39,10.8,3.9933729277
0.416,10.8,3.97005816931
0.442,10.8,3.94456454413
0.468,10.8,3.91725614872
0.494,10.8,3.88851914607
0.52,10.8,3.85876176563
0.546,10.8,3.82841430332
0.572,10.8,3.79792912151
0.598,10.8,3.76778064903
0.624,10.8,3.73846538115
0.65,10.8,3.71050187964
0.676,10.8,3.68443077267
0.702,10.8,3.66081475491
0.728,10.8,3.64023858747
0.754,10.8,3.62330909792
0.78,10.8,3.61065518028
0.806,10.8,3.60292779505
0.832,10.8,3.60079996916
0.858,10.8,3.60496679601
0.884,10.8,3.61614543546
0.91,10.8,3.63507511381
0.936,10.8,3.66251712384
0.962,10.8,3.69925482478
0.988,10.8,3.7460936423
1.014,10.8,3.80386106856
1.04,10.8,3.87340666214
1.066,10.8,3.9556020481
1.092,10.8,4.05134091796
1.118,10.8,4.16153902968
1.144,10.8,4.28713420768
1.17,10.8,4.42908634286
1.196,10.8,4.58837739256
1.222,10.8,4.76601138056
1.248,10.8,4.96301439713
1.274,10.8,5.18043459898
1.3,10.8,5.41934220927
-1.3,11.1,1.41381556269
-1.274,11.1,1.25714716533
-1.248,11.1,1.12196617642
-1.222,11.1,1.00720237278
-1.196,11.1,0.911807597706
-1.17,11.1,0.834755760944
-1.144,11.1,0.775042838694
-1.118,11.1,0.731686873617
-1.092,11.1,0.70372797483
-1.066,11.1,0.690228317905
-1.04,11.1,0.690272144874
-1.014,11.1,0.702965764225
-0.988,11.1,0.727437550903
-0.962,11.1,0.76283794631
-0.936,11.1,0.808339458305
-0.91,11.1,0.863136661205
-0.884,11.1,0.926446195782
-0.858,11.1,0.997506769268
-0.832,11.1,1.07557915535
-0.806,11.1,1.15994619417
-0.78,11.1,1.24991279234
-0.754,11.1,1.3448059229
-0.728,11.1,1.44397462538
-0.702,11.1,1.54679000576
-0.676,11.1,1.65264523645
-0.65,11.1,1.76095555635
-0.624,11.1,1.8711582708
-0.598,11.1,1.9827127516
-0.572,11.1,2.09510043702
-0.546,11.1,2.20782483176
-0.52,11.1,2.320411507
-0.494,11.1,2.43240810037
-0.468,11.1,2.54338431595
-0.442,11.1,2.6529319243
-0.416,11.1,2.7606647624
-0.39,11.1,2.86621873373
-0.364,11.1,2.96925180819
-0.338,11.1,3.06944402215
-0.312,11.1,3.16649747845
-0.286,11.1,3.26013634637
-0.26,11.1,3.35010686166
-0.234,11.1,3.43617732651
-0.208,11.1,3.51813810959
-0.182,11.1,3.595801646
-0.156,11.1,3.66900243733
-0.13,11.1,3.73759705159
-0.104,11.1,3.80146412328
-0.078,11.1,3.86050435333
-0.052,11.1,3.91464050916
-0.026,11.1,3.96381742461
0,11.1,4.008002
0.026,11.1,4.0471832021
0.052,11.1,4.08137206414
0.078,11.1,4.11060168581
0.104,11.1,4.13492723325
0.13,11.1,4.15442593905
0.156,11.1,4.16919710228
0.182,11.1,4.17936208845
0.208,11.1,4.18506432953
0.234,11.1,4.18646932394
0.26,11.1,4.18376463658
0.286,11.1,4.17715989879
0.312,11.1,4.16688680836
0.338,11.1,4.15319912955
0.364,11.1,4.13637269308
0.39,11.1,4.11670539611
0.416,11.1,4.09451720228
0.442,11.1,4.07015014167
0.468,11.1,4.04396831081
0.494,11.1,4.01635787272
0.52,11.1,3.98772705684
0.546,11.1,3.95850615909
0.572,11.1,3.92914754185
0.598,11.1,3.90012563392
0.624,11.1,3.87193693061
0.65,11.1,3.84509999365
0.676,11.1,3.82015545125
0.702,11.1,3.79766599805
0.728,11.1,3.77821639517
0.754,11.1,3.76241347018
0.78,11.1,3.7508861171
0.806,11.1,3.74428529643
0.832,11.1,3.7432840351
0.858,11.1,3.74857742651
0.884,11.1,3.76088263052
0.91,11.1,3.78093887344
0.936,11.1,3.80950744803
0.962,11.1,3.84737171352
0.988,11.1,3.89533709561
1.014,11.1,3.95423108642
1.04,11.1,4.02490324457
1.066,11.1,4.10822519509
1.092,11.1,4.20509062951
1.118,11.1,4.31641530579
1.144,11.1,4.44313704835
1.17,11.1,4.5862157481
1.196,11.1,4.74663336235
1.222,11.1,4.92539391492
1.248,11.1,5.12352349605
1.274,11.1,5.34207026245
1.3,11.1,5.58210443731
-1.3,11.4,1.46683733466
-1.274,11.4,1.31129550186
-1.248,11.4,1.1772410775
-1.222,11.4,1.06360383843
-1.196,11.4,0.969335627914
-1.17,11.4,0.893410355712
-1.144,11.4,0.834823998023
-1.118,11.4,0.792594597507
-1.092,11.4,0.76576226328
-1.066,11.4,0.753389170916
-1.04,11.4,0.754559562446
-1.014,11.4,0.768379746358
-0.988,11.4,0.793978097597
-0.962,11.4,0.830505057564
-0.936,11.4,0.87713313412
-0.91,11.4,0.93305690158
-0.884,11.4,0.997493000718
-0.858,11.4,1.06968013876
-0.832,11.4,1.14887908941
-0.806,11.4,1.23437269279
-0.78,11.4,1.32546585551
-0.754,11.4,1.42148555064
-0.728,11.4,1.52178081768
-0.702,11.4,1.62572276262
-0.676,11.4,1.73270455787
-0.65,11.4,1.84214144233
-0.624,11.4,1.95347072134
-0.598,11.4,2.0661517667
-0.572,11.4,2.17966601668
-0.546,11.4,2.29351697598
-0.52,11.4,2.40723021578
-0.494,11.4,2.52035337371
-0.468,11.4,2.63245615386
-0.442,11.4,2.74313032677
-0.416,11.4,2.85198972943
-0.39,11.4,2.95867026532
-0.364,11.4,3.06282990434
-0.338,11.4,3.16414868286
-0.312,11.4,3.26232870372
-0.286,11.4,3.3570941362
-0.26,11.4,3.44819121605
-0.234,11.4,3.53538824546
-0.208,11.4,3.6184755931
-0.182,11.4,3.69726569408
-0.156,11.4,3.77159304996
-0.13,11.4,3.84131422879
-0.104,11.4,3.90630786503
-0.078,11.4,3.96647465965
-0.052,11.4,4.02173738004
-0.026,11.4,4.07204086005
0,11.4,4.117352
0.026,11.4,4.15765976666
0.052,11.4,4.19297519327
0.078,11.4,4.22333137949
0.104,11.4,4.24878349149
0.13,11.4,4.26940876185
0.156,11.4,4.28530648964
0.182,11.4,4.29659804037
0.208,11.4,4.30342684601
0.234,11.4,4.30595840499
0.26,11.4,4.30438028219
0.286,11.4,4.29890210895
0.312,11.4,4.28975558309
0.338,11.4,4.27719446884
0.364,11.4,4.26149459693
0.39,11.4,4.24295386452
0.416,11.4,4.22189223525
0.442,11.4,4.1986517392
0.468,11.4,4.17359647291
0.494,11.4,4.14711259937
0.52,11.4,4.11960834806
0.546,11.4,4.09151401487
0.572,11.4,4.06328196218
0.598,11.4,4.03538661882
0.624,11.4,4.00832448007
0.65,11.4,3.98261410767
0.676,11.4,3.95879612983
0.702,11.4,3.93743324119
0.728,11.4,3.91911020287
0.754,11.4,3.90443384244
0.78,11.4,3.89403305393
0.806,11.4,3.88855879781
0.832,11.4,3.88868410105
0.858,11.4,3.89510405702
0.884,11.4,3.90853582558
0.91,11.4,3.92971863306
0.936,11.4,3.95941377221
0.962,11.4,3.99840460227
0.988,11.4,4.04749654892
1.014,11.4,4.10751710429
1.04,11.4,4.17931582699
1.066,11.4,4.26376434208
1.092,11.4,4.36175634106
1.118,11.4,4.4742075819
1.144,11.4,4.60205588903
1.17,11.4,4.74626115333
1.196,11.4,4.90780533214
1.222,11.4,5.08769244927
1.248,11.4,5.28694859496
1.274,11.4,5.50662192593
1.3,11.4,5.74778266534
-1.3,11.7,1.52277510662
-1.274,11.7,1.36835983838
-1.248,11.7,1.23543197859
-1.222,11.7,1.12292130407
-1.196,11.7,1.02977965812
-1.17,11.7,0.95498095048
-1.144,11.7,0.897521157352
-1.118,11.7,0.856418321396
-1.092,11.7,0.83071255173
-1.066,11.7,0.819466023927
-1.04,11.7,0.821762980018
-1.014,11.7,0.83670972849
-0.988,11.7,0.86343464429
-0.962,11.7,0.901088168818
-0.936,11.7,0.948842809935
-0.91,11.7,1.00589314196
-0.884,11.7,1.07145580565
-0.858,11.7,1.14476950826
-0.832,11.7,1.22509502346
-0.806,11.7,1.31171519141
-0.78,11.7,1.40393491869
-0.754,11.7,1.50108117838
-0.728,11.7,1.60250300998
-0.702,11.7,1.70757151948
-0.676,11.7,1.81567987929
-0.65,11.7,1.92624332831
-0.624,11.7,2.03869917188
-0.598,11.7,2.15250678181
-0.572,11.7,2.26714759634
-0.546,11.7,2.38212512021
-0.52,11.7,2.49696492457
-0.494,11.7,2.61121464706
-0.468,11.7,2.72444399177
-0.442,11.7,2.83624472923
-0.416,11.7,2.94623069646
-0.39,11.7,3.05403779691
-0.364,11.7,3.15932400049
-0.338,11.7,3.26176934357
-0.312,11.7,3.36107592899
-0.286,11.7,3.45696792604
-0.26,11.7,3.54919157044
-0.234,11.7,3.63751516442
-0.208,11.7,3.72172907662
-0.182,11.7,3.80164574215
-0.156,11.7,3.8770996626
-0.13,11.7,3.94794740598
-0.104,11.7,4.01406760679
-0.078,11.7,4.07536096597
-0.052,11.7,4.13175025092
-0.026,11.7,4.18318029549
0,11.7,4.229618
0.026,11.7,4.27105233122
0.052,11.7,4.30749432239
0.078,11.7,4.33897707318
0.104,11.7,4.36555574973
0.13,11.7,4.38730758466
0.156,11.7,4.40433187701
0.182,11.7,4.4167499923
0.208,11.7,4.4247053625
0.234,11.7,4.42836348603
0.26,11.7,4.4279119278
0.286,11.7,4.42356031912
0.312,11.7,4.41554035781
0.338,11.7,4.40410580813
0.364,11.7,4.38953250078
0.39,11.7,4.37211833293
0.416,11.7,4.35218326822
0.442,11.7,4.33006933673
0.468,11.7,4.306140635
0.494,11.7,4.28078332603
0.52,11.7,4.25440563927
0.546,11.7,4.22743787064
0.572,11.7,4.20033238252
0.598,11.7,4.17356360372
0.624,11.7,4.14762802953
0.65,11.7,4.12304422169
0.676,11.7,4.1003528084
0.702,11.7,4.08011648433
0.728,11.7,4.06292001057
0.754,11.7,4.0493702147
0.78,11.7,4.04009599075
0.806,11.7,4.0357482992
0.832,11.7,4.03700016699
0.858,11.7,4.04454668752
0.884,11.7,4.05910502065
0.91,11.7,4.08141439268
0.936,11.7,4.1122360964
0.962,11.7,4.15235349102
0.988,11.7,4.20257200222
1.014,11.7,4.26371912216
1.04,11.7,4.33664440942
1.066,11.7,4.42221948907
1.092,11.7,4.5213380526
1.118,11.7,4.63491585801
1.144,11.7,4.7638907297
1.17,11.7,4.90922255856
1.196,11.7,5.07189330194
1.222,11.7,5.25290698362
1.248,11.7,5.45328969387
1.274,11.7,5.6740895894
1.3,11.7,5.91637689338
-1.3,12,1.58162887859
-1.274,12,1.42834017491
-1.248,12,1.29653887968
-1.222,12,1.18515476972
-1.196,12,1.09313968833
-1.17,12,1.01946754525
-1.144,12,0.963134316681
-1.118,12,0.923158045286
-1.092,12,0.898578840181
-1.066,12,0.888458876938
-1.04,12,0.891882397589
-1.014,12,0.907955710623
-0.988,12,0.935807190983
-0.962,12,0.974587280072
-0.936,12,1.02346848575
-0.91,12,1.08164538233
-0.884,12,1.14833461059
-0.858,12,1.22277487776
-0.832,12,1.30422695752
-0.806,12,1.39197369003
-0.78,12,1.48531998187
-0.754,12,1.58359280612
-0.728,12,1.68614120228
-0.702,12,1.79233627634
-0.676,12,1.90157120071
-0.65,12,2.01326121429
-0.624,12,2.12684362243
-0.598,12,2.24177779691
-0.572,12,2.35754517601
-0.546,12,2.47364926443
-0.52,12,2.58961563335
-0.494,12,2.70499192041
-0.468,12,2.81934782967
-0.442,12,2.9322751317
-0.416,12,3.04338766349
-0.39,12,3.1523213285
-0.364,12,3.25873409664
-0.338,12,3.36230600428
-0.312,12,3.46273915426
-0.286,12,3.55975771587
-0.26,12,3.65310792484
-0.234,12,3.74255808337
-0.208,12,3.82789856013
-0.182,12,3.90894179023
-0.156,12,3.98552227523
-0.13,12,4.05749658318
-0.104,12,4.12474334855
-0.078,12,4.18716327229
-0.052,12,4.24467912179
-0.026,12,4.29723573093
0,12,4.3448
0.026,12,4.38736089578
0.052,12,4.42492945151
0.078,12,4.45753876686
0.104,12,4.48524400798
0.13,12,4.50812240746
0.156,12,4.52627326437
0.182,12,4.53981794422
0.208,12,4.54889987898
0.234,12,4.55368456708
0.26,12,4.5543595734
0.286,12,4.55113452929
0.312,12,4.54424113254
0.338,12,4.53393314742
0.364,12,4.52048640463
0.39,12,4.50419880134
0.416,12,4.48539030119
0.442,12,4.46440293426
0.468,12,4.44160079709
0.494,12,4.41737005268
0.52,12,4.39211893049
0.546,12,4.36627772642
0.572,12,4.34029880285
0.598,12,4.31465658861
0.624,12,4.28984757898
0.65,12,4.26639033571
0.676,12,4.24482548698
0.702,12,4.22571572746
0.728,12,4.20964581827
0.754,12,4.19722258696
0.78,12,4.18907492757
0.806,12,4.18585380058
0.832,12,4.18823223293
0.858,12,4.19690531802
0.884,12,4.21259021571
0.91,12,4.23602615231
0.936,12,4.26797442058
0.962,12,4.30921837976
0.988,12,4.36056345553
1.014,12,4.42283714003
1.04,12,4.49688899185
1.066,12,4.58359063606
1.092,12,4.68383576415
1.118,12,4.79854013412
1.144,12,4.92864157037
1.17,12,5.07509996379
1.196,12,5.23889727173
1.222,12,5.42103751798
1.248,12,5.62254679279
1.274,12,5.84447325288
1.3,12,6.08788712141
-1.3,12.3,1.64339865055
-1.274,12.3,1.49123651143
-1.248,12.3,1.36056178076
-1.222,12.3,1.25030423537
-1.196,12.3,1.15941571854
-1.17,12.3,1.08687014002
-1.144,12.3,1.03166347601
-1.118,12.3,0.992813769176
-1.092,12.3,0.969361128631
-1.066,12.3,0.960367729949
-1.04,12.3,0.964917815161
-1.014,12.3,0.982117692755
-0.988,12.3,1.01109573768
-0.962,12.3,1.05100239133
-0.936,12.3,1.10101016156
-0.91,12.3,1.16031362271
-0.884,12.3,1.22812941553
-0.858,12.3,1.30369624725
-0.832,12.3,1.38627489158
-0.806,12.3,1.47514818864
-0.78,12.3,1.56962104505
-0.754,12.3,1.66902043386
-0.728,12.3,1.77269539458
-0.702,12.3,1.8800170332
-0.676,12.3,1.99037852213
-0.65,12.3,2.10319510028
-0.624,12.3,2.21790407297
-0.598,12.3,2.33396481202
-0.572,12.3,2.45085875567
-0.546,12.3,2.56808940866
-0.52,12.3,2.68518234214
-0.494,12.3,2.80168519375
-0.468,12.3,2.91716766758
-0.442,12.3,3.03122153417
-0.416,12.3,3.14346063052
-0.39,12.3,3.25352086009
-0.364,12.3,3.36106019279
-0.338,12.3,3.46575866499
-0.312,12.3,3.56731837954
-0.286,12.3,3.6654635057
-0.26,12.3,3.75994027923
-0.234,12.3,3.85051700233
-0.208,12.3,3.93698404364
-0.182,12.3,4.0191538383
-0.156,12.3,4.09686088787
-0.13,12.3,4.16996176038
-0.104,12.3,4.23833509031
-0.078,12.3,4.30188157861
-0.052,12.3,4.36052399267
-0.026,12.3,4.41420716637
0,12.3,4.462898
0.026,12.3,4.50658546034
0.052,12.3,4.54528058063
0.078,12.3,4.57901646054
0.104,12.3,4.60784826622
0.13,12.3,4.63185323026
0.156,12.3,4.65113065174
0.182,12.3,4.66580189615
0.208,12.3,4.67601039547
0.234,12.3,4.68192164813
0.26,12.3,4.68372321901
0.286,12.3,4.68162473946
0.312,12.3,4.67585790727
0.338,12.3,4.66667648671
0.364,12.3,4.65435630848
0.39,12.3,4.63919526975
0.416,12.3,4.62151333417
0.442,12.3,4.60165253179
0.468,12.3,4.57997695918
0.494,12.3,4.55687277933
0.52,12.3,4.5327482217
0.546,12.3,4.50803358219
0.572,12.3,4.48318122319
0.598,12.3,4.45866557351
0.624,12.3,4.43498312844
0.65,12.3,4.41265244972
0.676,12.3,4.39221416556
0.702,12.3,4.3742309706
0.728,12.3,4.35928762597
0.754,12.3,4.34799095922
0.78,12.3,4.34096986439
0.806,12.3,4.33887530196
0.832,12.3,4.34238029887
0.858,12.3,4.35217994853
0.884,12.3,4.36899141078
0.91,12.3,4.39355391193
0.936,12.3,4.42662874477
0.962,12.3,4.46899926851
0.988,12.3,4.52147090884
1.014,12.3,4.58487115789
1.04,12.3,4.66004957428
1.066,12.3,4.74787778304
1.092,12.3,4.8492494757
1.118,12.3,4.96508041023
1.144,12.3,5.09630841104
1.17,12.3,5.24389336902
1.196,12.3,5.40881724152
1.222,12.3,5.59208405233
1.248,12.3,5.7947198917
1.274,12.3,6.01777291635
1.3,12.3,6.26231334945
-1.3,12.6,1.70808442252
-1.274,12.6,1.55704884796
-1.248,12.6,1.42750068185
-1.222,12.6,1.31836970101
-1.196,12.6,1.22860774874
-1.17,12.6,1.15718873478
-1.144,12.6,1.10310863534
-1.118,12.6,1.06538549307
-1.092,12.6,1.04305941708
-1.066,12.6,1.03519258296
-1.04,12.6,1.04086923273
-1.014,12.6,1.05919567489
-0.988,12.6,1.08930028437
-0.962,12.6,1.13033350258
-0.936,12.6,1.18146783738
-0.91,12.6,1.24189786308
-0.884,12.6,1.31084022046
-0.858,12.6,1.38753361675
-0.832,12.6,1.47123882564
-0.806,12.6,1.56123868726
-0.78,12.6,1.65683810823
-0.754,12.6,1.7573640616
-0.728,12.6,1.86216558688
-0.702,12.6,1.97061379006
-0.676,12.6,2.08210184356
-0.65,12.6,2.19604498626
-0.624,12.6,2.31188052351
-0.598,12.6,2.42906782712
-0.572,12.6,2.54708833534
-0.546,12.6,2.66544555288
-0.52,12.6,2.78366505093
-0.494,12.6,2.9012944671
-0.468,12.6,3.01790350549
-0.442,12.6,3.13308393664
-0.416,12.6,3.24644959755
-0.39,12.6,3.35763639167
-0.364,12.6,3.46630228894
-0.338,12.6,3.5721273257
-0.312,12.6,3.67481360481
-0.286,12.6,3.77408529553
-0.26,12.6,3.86968863362
-0.234,12.6,3.96139192128
-0.208,12.6,4.04898552716
-0.182,12.6,4.13228188638
-0.156,12.6,4.2111155005
-0.13,12.6,4.28534293757
-0.104,12.6,4.35484283206
-0.078,12.6,4.41951588492
-0.052,12.6,4.47928486355
-0.026,12.6,4.53409460181
0,12.6,4.583912
0.026,12.6,4.62872602491
0.052,12.6,4.66854770975
0.078,12.6,4.70341015422
0.104,12.6,4.73336852446
0.13,12.6,4.75850005307
0.156,12.6,4.7789040391
0.182,12.6,4.79470184807
0.208,12.6,4.80603691195
0.234,12.6,4.81307472917
0.26,12.6,4.81600286462
0.286,12.6,4.81503094963
0.312,12.6,4.810390682
0.338,12.6,4.802335826
0.364,12.6,4.79114221233
0.39,12.6,4.77710773817
0.416,12.6,4.76055236714
0.442,12.6,4.74181812933
0.468,12.6,4.72126912128
0.494,12.6,4.69929150599
0.52,12.6,4.67629351291
0.546,12.6,4.65270543797
0.572,12.6,4.62897964352
0.598,12.6,4.6055905584
0.624,12.6,4.5830346779
0.65,12.6,4.56183056374
0.676,12.6,4.54251884414
0.702,12.6,4.52566221374
0.728,12.6,4.51184543367
0.754,12.6,4.50167533148
0.78,12.6,4.49578080121
0.806,12.6,4.49481280334
0.832,12.6,4.49944436482
0.858,12.6,4.51037057903
0.884,12.6,4.52830860584
0.91,12.6,4.55399767156
0.936,12.6,4.58819906895
0.962,12.6,4.63169615726
0.988,12.6,4.68529436214
1.014,12.6,4.74982117576
1.04,12.6,4.82612615671
1.066,12.6,4.91508093003
1.092,12.6,5.01757918725
1.118,12.6,5.13453668634
1.144,12.6,5.26689125171
1.17,12.6,5.41560277426
1.196,12.6,5.58165321131
1.222,12.6,5.76604658668
1.248,12.6,5.96980899062
1.274,12.6,6.19398857983
1.3,12.6,6.43965557748
-1.3,12.9,1.77568619448
-1.274,12.9,1.62577718448
-1.248,12.9,1.49735558293
-1.222,12.9,1.38935116666
-1.196,12.9,1.30071577895
-1.17,12.9,1.23042332955
-1.144,12.9,1.17746979467
-1.118,12.9,1.14087321695
-1.092,12.9,1.11967370553
-1.066,12.9,1.11293343597
-1.04,12.9,1.1197366503
-1.014,12.9,1.13918965702
-0.988,12.9,1.17042083106
-0.962,12.9,1.21258061383
-0.936,12.9,1.26484151319
-0.91,12.9,1.32639810346
-0.884,12.9,1.3964670254
-0.858,12.9,1.47428698625
-0.832,12.9,1.55911875969
-0.806,12.9,1.65024518588
-0.78,12.9,1.74697117141
-0.754,12.9,1.84862368934
-0.728,12.9,1.95455177918
-0.702,12.9,2.06412654692
-0.676,12.9,2.17674116498
-0.65,12.9,2.29181087224
-0.624,12.9,2.40877297406
-0.598,12.9,2.52708684222
-0.572,12.9,2.646233915
-0.546,12.9,2.76571769711
-0.52,12.9,2.88506375971
-0.494,12.9,3.00381974045
-0.468,12.9,3.1215553434
-0.442,12.9,3.23786233911
-0.416,12.9,3.35235456458
-0.39,12.9,3.46466792326
-0.364,12.9,3.57446038509
-0.338,12.9,3.68141198642
-0.312,12.9,3.78522483008
-0.286,12.9,3.88562308537
-0.26,12.9,3.98235298802
-0.234,12.9,4.07518284023
-0.208,12.9,4.16390301067
-0.182,12.9,4.24832593445
-0.156,12.9,4.32828611314
-0.13,12.9,4.40364011477
-0.104,12.9,4.47426657382
-0.078,12.9,4.54006619124
-0.052,12.9,4.60096173443
-0.026,12.9,4.65689803725
0,12.9,4.707842
0.026,12.9,4.75378258947
0.052,12.9,4.79473083887
0.078,12.9,4.8307198479
0.104,12.9,4.8618047827
0.13,12.9,4.88806287587
0.156,12.9,4.90959342647
0.182,12.9,4.9265178
0.208,12.9,4.93897942844
0.234,12.9,4.94714381022
0.26,12.9,4.95119851022
0.286,12.9,4.95135315979
0.312,12.9,4.94783945673
0.338,12.9,4.94091116529
0.364,12.9,4.93084411618
0.39,12.9,4.91793620658
0.416,12.9,4.90250740011
0.442,12.9,4.88489972686
0.468,12.9,4.86547728337
0.494,12.9,4.84462623264
0.52,12.9,4.82275480413
0.546,12.9,4.80029329374
0.572,12.9,4.77769406386
0.598,12.9,4.7554315433
0.624,12.9,4.73400222735
0.65,12.9,4.71392467776
0.676,12.9,4.69573952272
0.702,12.9,4.68000945688
0.728,12.9,4.66731924137
0.754,12.9,4.65827570374
0.78,12.9,4.65350773803
0.806,12.9,4.65366630472
0.832,12.9,4.65942443076
0.858,12.9,4.67147720953
0.884,12.9,4.6905418009
0.91,12.9,4.71735743118
0.936,12.9,4.75268539314
0.962,12.9,4.797309046
0.988,12.9,4.85203381545
1.014,12.9,4.91768719363
1.04,12.9,4.99511873914
1.066,12.9,5.08520007702
1.092,12.9,5.1888248988
1.118,12.9,5.30690896245
1.144,12.9,5.44039009238
1.17,12.9,5.59022817949
1.196,12.9,5.75740518111
1.222,12.9,5.94292512104
1.248,12.9,6.14781408953
1.274,12.9,6.3731202433
1.3,12.9,6.61991380552
-1.3,13.2,1.84620396645
-1.274,13.2,1.69742152101
-1.248,13.2,1.57012648402
-1.222,13.2,1.46324863231
-1.196,13.2,1.37573980916
-1.17,13.2,1.30657392432
-1.144,13.2,1.254746954
-1.118,13.2,1.21927694084
-1.092,13.2,1.19920399398
-1.066,13.2,1.19359028898
-1.04,13.2,1.20152006788
-1.014,13.2,1.22209963915
-0.988,13.2,1.25445737776
-0.962,13.2,1.29774372509
-0.936,13.2,1.35113118901
-0.91,13.2,1.41381434383
-0.884,13.2,1.48500983033
-0.858,13.2,1.56395635574
-0.832,13.2,1.64991469375
-0.806,13.2,1.7421676845
-0.78,13.2,1.84002023459
-0.754,13.2,1.94279931708
-0.728,13.2,2.04985397148
-0.702,13.2,2.16055530378
-0.676,13.2,2.2742964864
-0.65,13.2,2.39049275822
-0.624,13.2,2.5085814246
-0.598,13.2,2.62802185733
-0.572,13.2,2.74829549467
-0.546,13.2,2.86890584133
-0.52,13.2,2.9893784685
-0.494,13.2,3.10926101379
-0.468,13.2,3.2281231813
-0.442,13.2,3.34555674157
-0.416,13.2,3.4611755316
-0.39,13.2,3.57461545485
-0.364,13.2,3.68553448124
-0.338,13.2,3.79361264713
-0.312,13.2,3.89855205535
-0.286,13.2,4.0000768752
-0.26,13.2,4.09793334241
-0.234,13.2,4.19188975919
-0.208,13.2,4.28173649419
-0.182,13.2,4.36728598253
-0.156,13.2,4.44837272578
-0.13,13.2,4.52485329196
-0.104,13.2,4.59660631558
-0.078,13.2,4.66353249756
-0.052,13.2,4.72555460531
-0.026,13.2,4.78261747268
0,13.2,4.834688
0.026,13.2,4.88175515403
0.052,13.2,4.92382996799
0.078,13.2,4.96094554159
0.104,13.2,4.99315704095
0.13,13.2,5.02054169868
0.156,13.2,5.04319881383
0.182,13.2,5.06124975192
0.208,13.2,5.07483794493
0.234,13.2,5.08412889127
0.26,13.2,5.08931015583
0.286,13.2,5.09059136996
0.312,13.2,5.08820423146
0.338,13.2,5.08240250457
0.364,13.2,5.07346202003
0.39,13.2,5.06168067499
0.416,13.2,5.04737843308
0.442,13.2,5.03089732439
0.468,13.2,5.01260144546
0.494,13.2,4.99287695929
0.52,13.2,4.97213209534
0.546,13.2,4.95079714952
0.572,13.2,4.92932448419
0.598,13.2,4.9081885282
0.624,13.2,4.88788577681
0.65,13.2,4.86893479178
0.676,13.2,4.8518762013
0.702,13.2,4.83727270002
0.728,13.2,4.82570904907
0.754,13.2,4.817792076
0.78,13.2,4.81415067485
0.806,13.2,4.81543580611
0.832,13.2,4.8223204967
0.858,13.2,4.83549984004
0.884,13.2,4.85569099597
0.91,13.2,4.88363319081
0.936,13.2,4.92008771733
0.962,13.2,4.96583793475
0.988,13.2,5.02168926876
1.014,13.2,5.0884692115
1.04,13.2,5.16702732156
1.066,13.2,5.25823522401
1.092,13.2,5.36298661035
1.118,13.2,5.48219723856
1.144,13.2,5.61680493305
1.17,13.2,5.76776958472
1.196,13.2,5.9360731509
1.222,13.2,6.12271965539
1.248,13.2,6.32873518844
1.274,13.2,6.55516790678
1.3,13.2,6.80308803355
-1.3,13.5,1.91963773841
-1.274,13.5,1.77198185754
-1.248,13.5,1.64581338511
-1.222,13.5,1.54006209795
-1.196,13.5,1.45367983937
-1.17,13.5,1.38564051909
-1.144,13.5,1.33494011333
-1.118,13.5,1.30059666473
-1.092,13.5,1.28165028243
-1.066,13.5,1.27716314199
-1.04,13.5,1.28621948545
-1.014,13.5,1.30792562128
-0.988,13.5,1.34140992445
-0.962,13.5,1.38582283634
-0.936,13.5,1.44033686482
-0.91,13.5,1.50414658421
-0.884,13.5,1.57646863527
-0.858,13.5,1.65654172524
-0.832,13.5,1.74362662781
-0.806,13.5,1.83700618312
-0.78,13.5,1.93598529777
-0.754,13.5,2.03989094482
-0.728,13.5,2.14807216378
-0.702,13.5,2.25990006064
-0.676,13.5,2.37476780782
-0.65,13.5,2.49209064421
-0.624,13.5,2.61130587514
-0.598,13.5,2.73187287243
-0.572,13.5,2.85327307433
-0.546,13.5,2.97500998556
-0.52,13.5,3.09660917728
-0.494,13.5,3.21761828714
-0.468,13.5,3.33760701921
-0.442,13.5,3.45616714404
-0.416,13.5,3.57291249863
-0.39,13.5,3.68747898644
-0.364,13.5,3.79952457739
-0.338,13.5,3.90872930784
-0.312,13.5,4.01479528062
-0.286,13.5,4.11744666503
-0.26,13.5,4.2164296968
-0.234,13.5,4.31151267814
-0.208,13.5,4.4024859777
-0.182,13.5,4.4891620306
-0.156,13.5,4.57137533841
-0.13,13.5,4.64898246916
-0.104,13.5,4.72186205734
-0.078,13.5,4.78991480388
-0.052,13.5,4.85306347619
-0.026,13.5,4.91125290812
0,13.5,4.96445
0.026,13.5,5.01264371859
0.052,13.5,5.05584509711
0.078,13.5,5.09408723527
0.104,13.5,5.12742529919
0.13,13.5,5.15593652148
0.156,13.5,5.17972020119
0.182,13.5,5.19889770385
0.208,13.5,5.21361246141
0.234,13.5,5.22402997231
0.26,13.5,5.23033780144
0.286,13.5,5.23274558013
0.312,13.5,5.23148500619
0.338,13.5,5.22680984386
0.364,13.5,5.21899592388
0.39,13.5,5.2083411434
0.416,13.5,5.19516546605
0.442,13.5,5.17981092192
0.468,13.5,5.16264160756
0.494,13.5,5.14404368595
0.52,13.5,5.12442538656
0.546,13.5,5.10421700529
0.572,13.5,5.08387090453
0.598,13.5,5.06386151309
0.624,13.5,5.04468532627
0.65,13.5,5.02686090579
0.676,13.5,5.01092887987
0.702,13.5,4.99745194316
0.728,13.5,4.98701485677
0.754,13.5,4.98022444826
0.78,13.5,4.97770961167
0.806,13.5,4.98012130749
0.832,13.5,4.98813256264
0.858,13.5,5.00243847054
0.884,13.5,5.02375619103
0.91,13.5,5.05282495043
0.936,13.5,5.09040604151
0.962,13.5,5.13728282349
0.988,13.5,5.19426072207
1.014,13.5,5.26216722937
1.04,13.5,5.34185190399
1.066,13.5,5.434186371
1.092,13.5,5.5400643219
1.118,13.5,5.66040151467
1.144,13.5,5.79613577372
1.17,13.5,5.94822698995
1.196,13.5,6.11765712069
1.222,13.5,6.30543018974
1.248,13.5,6.51257228736
1.274,13.5,6.74013157025
1.3,13.5,6.98917826159
-1.3,13.8,1.99598751037
-1.274,13.8,1.84945819406
-1.248,13.8,1.72441628619
-1.222,13.8,1.6197915636
-1.196,13.8,1.53453586957
-1.17,13.8,1.46762311386
-1.144,13.8,1.41804927265
-1.118,13.8,1.38483238862
-1.092,13.8,1.36701257088
-1.066,13.8,1.363651995
-1.04,13.8,1.37383490302
-1.014,13.8,1.39666760342
-0.988,13.8,1.43127847114
-0.962,13.8,1.4768179476
-0.936,13.8,1.53245854064
-0.91,13.8,1.59739482458
-0.884,13.8,1.67084344021
-0.858,13.8,1.75204309474
-0.832,13.8,1.84025456187
-0.806,13.8,1.93476068173
-0.78,13.8,2.03486636094
-0.754,13.8,2.13989857256
-0.728,13.8,2.24920635609
-0.702,13.8,2.3621608175
-0.676,13.8,2.47815512924
-0.65,13.8,2.59660453019
-0.624,13.8,2.71694632568
-0.598,13.8,2.83863988753
-0.572,13.8,2.961166654
-0.546,13.8,3.08403012978
-0.52,13.8,3.20675588607
-0.494,13.8,3.32889156049
-0.468,13.8,3.45000685712
-0.442,13.8,3.56969354651
-0.416,13.8,3.68756546566
-0.39,13.8,3.80325851803
-0.364,13.8,3.91643067354
-0.338,13.8,4.02676196855
-0.312,13.8,4.13395450589
-0.286,13.8,4.23773245486
-0.26,13.8,4.33784205119
-0.234,13.8,4.43405159709
-0.208,13.8,4.52615146122
-0.182,13.8,4.61395407868
-0.156,13.8,4.69729395105
-0.13,13.8,4.77602764636
-0.104,13.8,4.85003379909
-0.078,13.8,4.9192131102
-0.052,13.8,4.98348834707
-0.026,13.8,5.04280434356
0,13.8,5.097128
0.026,13.8,5.14644828315
0.052,13.8,5.19077622624
0.078,13.8,5.23014492895
0.104,13.8,5.26460955743
0.13,13.8,5.29424734428
0.156,13.8,5.31915758856
0.182,13.8,5.33946165577
0.208,13.8,5.3553029779
0.234,13.8,5.36684705336
0.26,13.8,5.37428144705
0.286,13.8,5.3778157903
0.312,13.8,5.37768178091
0.338,13.8,5.37413318315
0.364,13.8,5.36744582773
0.39,13.8,5.35791761181
0.416,13.8,5.34586849902
0.442,13.8,5.33164051945
0.468,13.8,5.31559776965
0.494,13.8,5.2981264126
0.52,13.8,5.27963467777
0.546,13.8,5.26055286107
0.572,13.8,5.24133332487
0.598,13.8,5.22245049799
0.624,13.8,5.20440087572
0.65,13.8,5.18770301981
0.676,13.8,5.17289755845
0.702,13.8,5.1605471863
0.728,13.8,5.15123666447
0.754,13.8,5.14557282052
0.78,13.8,5.1441845485
0.806,13.8,5.14772280887
0.832,13.8,5.15686062859
0.858,13.8,5.17229310104
0.884,13.8,5.1947373861
0.91,13.8,5.22493271006
0.936,13.8,5.2636403657
0.962,13.8,5.31164371224
0.988,13.8,5.36974817537
1.014,13.8,5.43878124723
1.04,13.8,5.51959248642
1.066,13.8,5.61305351799
1.092,13.8,5.72005803345
1.118,13.8,5.84152179078
1.144,13.8,5.97838261439
1.17,13.8,6.13160039518
1.196,13.8,6.30215709048
1.222,13.8,6.4910567241
1.248,13.8,6.69932538627
1.274,13.8,6.92801123373
1.3,13.8,7.17818448963
-1.3,14.1,2.07525328234
-1.274,14.1,1.92985053059
-1.248,14.1,1.80593518728
-1.222,14.1,1.70243702925
-1.196,14.1,1.61830789978
-1.17,14.1,1.55252170863
-1.144,14.1,1.50407443198
-1.118,14.1,1.47198411251
-1.092,14.1,1.45529085933
-1.066,14.1,1.45305684802
-1.04,14.1,1.46436632059
-1.014,14.1,1.48832558555
-0.988,14.1,1.52406301783
-0.962,14.1,1.57072905885
-0.936,14.1,1.62749621645
-0.91,14.1,1.69355906496
-0.884,14.1,1.76813424514
-0.858,14.1,1.85046046423
-0.832,14.1,1.93979849592
-0.806,14.1,2.03543118035
-0.78,14.1,2.13666342412
-0.754,14.1,2.2428222003
-0.728,14.1,2.35325654839
-0.702,14.1,2.46733757436
-0.676,14.1,2.58445845066
-0.65,14.1,2.70403441617
-0.624,14.1,2.82550277623
-0.598,14.1,2.94832290264
-0.572,14.1,3.07197623366
-0.546,14.1,3.19596627401
-0.52,14.1,3.31981859486
-0.494,14.1,3.44308083383
-0.468,14.1,3.56532269503
-0.442,14.1,3.68613594898
-0.416,14.1,3.80513443269
-0.39,14.1,3.92195404962
-0.364,14.1,4.03625276969
-0.338,14.1,4.14771062926
-0.312,14.1,4.25602973117
-0.286,14.1,4.36093424469
-0.26,14.1,4.46217040559
-0.234,14.1,4.55950651605
-0.208,14.1,4.65273294473
-0.182,14.1,4.74166212675
-0.156,14.1,4.82612856368
-0.13,14.1,4.90598882355
-0.104,14.1,4.98112154085
-0.078,14.1,5.05142741651
-0.052,14.1,5.11682921794
-0.026,14.1,5.177271779
0,14.1,5.232722
0.026,14.1,5.28316884771
0.052,14.1,5.32862335536
0.078,14.1,5.36911862263
0.104,14.1,5.40470981568
0.13,14.1,5.43547416709
0.156,14.1,5.46151097592
0.182,14.1,5.4829416077
0.208,14.1,5.49990949438
0.234,14.1,5.51258013441
0.26,14.1,5.52114109265
0.286,14.1,5.52580200046
0.312,14.1,5.52679455564
0.338,14.1,5.52437252244
0.364,14.1,5.51881173158
0.39,14.1,5.51041008022
0.416,14.1,5.49948753199
0.442,14.1,5.48638611699
0.468,14.1,5.47146993174
0.494,14.1,5.45512513925
0.52,14.1,5.43775996898
0.546,14.1,5.41980471684
0.572,14.1,5.4017117452
0.598,14.1,5.38395548289
0.624,14.1,5.36703242518
0.65,14.1,5.35146113383
0.676,14.1,5.33778223703
0.702,14.1,5.32655842944
0.728,14.1,5.31837447216
0.754,14.1,5.31383719278
0.78,14.1,5.31357548532
0.806,14.1,5.31824031025
0.832,14.1,5.32850469453
0.858,14.1,5.34506373155
0.884,14.1,5.36863458116
0.91,14.1,5.39995646968
0.936,14.1,5.43979068988
0.962,14.1,5.48892060099
0.988,14.1,5.54815162868
1.014,14.1,5.6183112651
1.04,14.1,5.70024906885
1.066,14.1,5.79483666498
1.092,14.1,5.902967745
1.118,14.1,6.02555806689
1.144,14.1,6.16354545507
1.17,14.1,6.31788980041
1.196,14.1,6.48957306028
1.222,14.1,6.67959925845
1.248,14.1,6.88899448519
1.274,14.1,7.1188068972
1.3,14.1,7.37010671766
-1.3,14.4,2.1574350543
-1.274,14.4,2.01315886711
-1.248,14.4,1.89037008836
-1.222,14.4,1.78799849489
-1.196,14.4,1.70499592999
-1.17,14.4,1.64033630339
-1.144,14.4,1.59301559131
-1.118,14.4,1.5620518364
-1.092,14.4,1.54648514778
-1.066,14.4,1.54537770103
-1.04,14.4,1.55781373816
-1.014,14.4,1.58289956768
-0.988,14.4,1.61976356453
-0.962,14.4,1.6675561701
-0.936,14.4,1.72544989227
-0.91,14.4,1.79263930533
-0.884,14.4,1.86834105008
-0.858,14.4,1.95179383373
-0.832,14.4,2.04225842998
-0.806,14.4,2.13901767897
-0.78,14.4,2.2413764873
-0.754,14.4,2.34866182804
-0.728,14.4,2.46022274069
-0.702,14.4,2.57543033123
-0.676,14.4,2.69367777209
-0.65,14.4,2.81438030215
-0.624,14.4,2.93697522677
-0.598,14.4,3.06092191774
-0.572,14.4,3.18570181332
-0.546,14.4,3.31081841823
-0.52,14.4,3.43579730364
-0.494,14.4,3.56018610718
-0.468,14.4,3.68355453293
-0.442,14.4,3.80549435145
-0.416,14.4,3.92561939972
-0.39,14.4,4.04356558121
-0.364,14.4,4.15899086584
-0.338,14.4,4.27157528997
-0.312,14.4,4.38102095644
-0.286,14.4,4.48705203453
-0.26,14.4,4.58941475998
-0.234,14.4,4.687877435
-0.208,14.4,4.78223042825
-0.182,14.4,4.87228617483
-0.156,14.4,4.95787917632
-0.13,14.4,5.03886600075
-0.104,14.4,5.11512528261
-0.078,14.4,5.18655772283
-0.052,14.4,5.25308608882
-0.026,14.4,5.31465521444
0,14.4,5.371232
0.026,14.4,5.42280541227
0.052,14.4,5.46938648448
0.078,14.4,5.51100831631
0.104,14.4,5.54772607392
0.13,14.4,5.57961698989
0.156,14.4,5.60678036329
0.182,14.4,5.62933755962
0.208,14.4,5.64743201087
0.234,14.4,5.66122921545
0.26,14.4,5.67091673826
0.286,14.4,5.67670421063
0.312,14.4,5.67882333037
0.338,14.4,5.67752786173
0.364,14.4,5.67309363543
0.39,14.4,5.66581854863
0.416,14.4,5.65602256496
0.442,14.4,5.64404771452
0.468,14.4,5.63025809383
0.494,14.4,5.61503986591
0.52,14.4,5.5988012602
0.546,14.4,5.58197257262
0.572,14.4,5.56500616554
0.598,14.4,5.54837646778
0.624,14.4,5.53257997464
0.65,14.4,5.51813524785
0.676,14.4,5.50558291561
0.702,14.4,5.49548567258
0.728,14.4,5.48842827986
0.754,14.4,5.48501756504
0.78,14.4,5.48588242214
0.806,14.4,5.49167381163
0.832,14.4,5.50306476047
0.858,14.4,5.52075036205
0.884,14.4,5.54544777622
0.91,14.4,5.57789622931
0.936,14.4,5.61885701407
0.962,14.4,5.66911348973
0.988,14.4,5.72947108199
1.014,14.4,5.80075728297
1.04,14.4,5.88382165128
1.066,14.4,5.97953581197
1.092,14.4,6.08879345655
1.118,14.4,6.212510343
1.144,14.4,6.35162429574
1.17,14.4,6.50709520565
1.196,14.4,6.67990503007
1.222,14.4,6.8710577928
1.248,14.4,7.0815795841
1.274,14.4,7.31251856068
1.3,14.4,7.5649449457
-1.3,14.7,2.24253282627
-1.274,14.7,2.09938320364
-1.248,14.7,1.97772098945
-1.222,14.7,1.87647596054
-1.196,14.7,1.7945999602
-1.17,14.7,1.73106689816
-1.144,14.7,1.68487275064
-1.118,14.7,1.65503556029
-1.092,14.7,1.64059543623
-1.066,14.7,1.64061455404
-1.04,14.7,1.65417715574
-1.014,14.7,1.68038954981
-0.988,14.7,1.71838011122
-0.962,14.7,1.76729928136
-0.936,14.7,1.82631956808
-0.91,14.7,1.89463554571
-0.884,14.7,1.97146385501
-0.858,14.7,2.05604320323
-0.832,14.7,2.14763436404
-0.806,14.7,2.24552017759
-0.78,14.7,2.34900555048
-0.754,14.7,2.45741745578
-0.728,14.7,2.57010493299
-0.702,14.7,2.68643908809
-0.676,14.7,2.80581309351
-0.65,14.7,2.92764218813
-0.624,14.7,3.05136367731
-0.598,14.7,3.17643693285
-0.572,14.7,3.30234339299
-0.546,14.7,3.42858656246
-0.52,14.7,3.55469201243
-0.494,14.7,3.68020738053
-0.468,14.7,3.80470237084
-0.442,14.7,3.92776875391
-0.416,14.7,4.04902036675
-0.39,14.7,4.1680931128
-0.364,14.7,4.28464496199
-0.338,14.7,4.39835595068
-0.312,14.7,4.50892818171
-0.286,14.7,4.61608582436
-0.26,14.7,4.71957511437
-0.234,14.7,4.81916435395
-0.208,14.7,4.91464391176
-0.182,14.7,5.0058262229
-0.156,14.7,5.09254578896
-0.13,14.7,5.17465917795
-0.104,14.7,5.25204502436
-0.078,14.7,5.32460402915
-0.052,14.7,5.3922589597
-0.026,14.7,5.45495464988
0,14.7,5.512658
0.026,14.7,5.56535797683
0.052,14.7,5.6130656136
0.078,14.7,5.65581401
0.104,14.7,5.69365833216
0.13,14.7,5.72667581269
0.156,14.7,5.75496575065
0.182,14.7,5.77864951155
0.208,14.7,5.79787052735
0.234,14.7,5.8127942965
0.26,14.7,5.82360838387
0.286,14.7,5.8305224208
0.312,14.7,5.8337681051
0.338,14.7,5.83359920102
0.364,14.7,5.83029153928
0.39,14.7,5.82414301704
0.416,14.7,5.81547359794
0.442,14.7,5.80462531205
0.468,14.7,5.79196225593
0.494,14.7,5.77787059256
0.52,14.7,5.76275855141
0.546,14.7,5.74705642839
0.572,14.7,5.73121658587
0.598,14.7,5.71571345268
0.624,14.7,5.7010435241
0.65,14.7,5.68772536187
0.676,14.7,5.67629959419
0.702,14.7,5.66732891572
0.728,14.7,5.66139808756
0.754,14.7,5.6591139373
0.78,14.7,5.66110535896
0.806,14.7,5.66802331302
0.832,14.7,5.68054082641
0.858,14.7,5.69935299255
0.884,14.7,5.72517697129
0.91,14.7,5.75875198893
0.936,14.7,5.80083933825
0.962,14.7,5.85222237848
0.988,14.7,5.91370653529
1.014,14.7,5.98611930084
1.04,14.7,6.0703102337
1.066,14.7,6.16715095896
1.092,14.7,6.2775351681
1.118,14.7,6.40237861911
1.144,14.7,6.54261913641
1.17,14.7,6.69921661088
1.196,14.7,6.87315299986
1.222,14.7,7.06543232716
1.248,14.7,7.27708068301
1.274,14.7,7.50914622415
1.3,14.7,7.76269917373
-1.3,15,2.33054659823
-1.274,15,2.18852354016
-1.248,15,2.06798789054
-1.222,15,1.96786942619
-1.196,15,1.8871199904
-1.17,15,1.82471349293
-1.144,15,1.77964590997
-1.118,15,1.75093528418
-1.092,15,1.73762172468
-1.066,15,1.73876740705
-1.04,15,1.75345657331
-1.014,15,1.78079553195
-0.988,15,1.81991265791
-0.962,15,1.86995839261
-0.936,15,1.93010524389
-0.91,15,1.99954778608
-0.884,15,2.07750265995
-0.858,15,2.16320857272
-0.832,15,2.2559262981
-0.806,15,2.35493867621
-0.78,15,2.45955061366
-0.754,15,2.56908908351
-0.728,15,2.68290312529
-0.702,15,2.80036384495
-0.676,15,2.92086441493
-0.65,15,3.04382007412
-0.624,15,3.16866812786
-0.598,15,3.29486794795
-0.572,15,3.42190097265
-0.546,15,3.54927070668
-0.52,15,3.67650272121
-0.494,15,3.80314465387
-0.468,15,3.92876620875
-0.442,15,4.05295915638
-0.416,15,4.17533733378
-0.39,15,4.29553664439
-0.364,15,4.41321505814
-0.338,15,4.52805261139
-0.312,15,4.63975140698
-0.286,15,4.74803561419
-0.26,15,4.85265146877
-0.234,15,4.95336727291
-0.208,15,5.04997339527
-0.182,15,5.14228227098
-0.156,15,5.23012840159
-0.13,15,5.31336835514
-0.104,15,5.39188076612
-0.078,15,5.46556633547
-0.052,15,5.53434783058
-0.026,15,5.59817008532
0,15,5.657
0.026,15,5.71082654139
0.052,15,5.75966074272
0.078,15,5.80353570368
0.104,15,5.8425065904
0.13,15,5.8766506355
0.156,15,5.90606713801
0.182,15,5.93087746347
0.208,15,5.95122504384
0.234,15,5.96727537754
0.26,15,5.97921602947
0.286,15,5.98725663097
0.312,15,5.99162887983
0.338,15,5.99258654031
0.364,15,5.99040544313
0.39,15,5.98538348545
0.416,15,5.97784063091
0.442,15,5.96811890958
0.468,15,5.95658241802
0.494,15,5.94361731921
0.52,15,5.92963184263
0.546,15,5.91505628417
0.572,15,5.90034300621
0.598,15,5.88596643757
0.624,15,5.87242307355
0.65,15,5.86023147588
0.676,15,5.84993227277
0.702,15,5.84208815885
0.728,15,5.83728389526
0.754,15,5.83612630956
0.78,15,5.83924429578
0.806,15,5.8472888144
0.832,15,5.86093289236
0.858,15,5.88087162306
0.884,15,5.90782216635
0.91,15,5.94252374856
0.936,15,5.98573766244
0.962,15,6.03824726722
0.988,15,6.1008579886
1.014,15,6.1743973187
1.04,15,6.25971481613
1.066,15,6.35768210595
1.092,15,6.46919287965
1.118,15,6.59516289522
1.144,15,6.73652997708
1.17,15,6.89425401611
1.196,15,7.06931696965
1.222,15,7.26272286151
1.248,15,7.47549778193
1.274,15,7.70868988762
1.3,15,7.96336940177
-1.3,15.3,2.4214763702
-1.274,15.3,2.28057987669
-1.248,15.3,2.16117079162
-1.222,15.3,2.06217889183
-1.196,15.3,1.98255602061
-1.17,15.3,1.9212760877
-1.144,15.3,1.8773350693
-1.118,15.3,1.84975100807
-1.092,15.3,1.83756401313
-1.066,15.3,1.83983626006
-1.04,15.3,1.85565199088
-1.014,15.3,1.88411751408
-0.988,15.3,1.92436120461
-0.962,15.3,1.97553350386
-0.936,15.3,2.03680691971
-0.91,15.3,2.10737602646
-0.884,15.3,2.18645746489
-0.858,15.3,2.27328994222
-0.832,15.3,2.36713423215
-0.806,15.3,2.46727317482
-0.78,15.3,2.57301167684
-0.754,15.3,2.68367671125
-0.728,15.3,2.79861731759
-0.702,15.3,2.91720460181
-0.676,15.3,3.03883173635
-0.65,15.3,3.1629139601
-0.624,15.3,3.2888885784
-0.598,15.3,3.41621496305
-0.572,15.3,3.54437455232
-0.546,15.3,3.67287085091
-0.52,15.3,3.80122943
-0.494,15.3,3.92899792722
-0.468,15.3,4.05574604665
-0.442,15.3,4.18106555885
-0.416,15.3,4.30457030081
-0.39,15.3,4.42589617598
-0.364,15.3,4.54470115429
-0.338,15.3,4.6606652721
-0.312,15.3,4.77349063225
-0.286,15.3,4.88290140402
-0.26,15.3,4.98864382316
-0.234,15.3,5.09048619186
-0.208,15.3,5.18821887879
-0.182,15.3,5.28165431905
-0.156,15.3,5.37062701423
-0.13,15.3,5.45499353234
-0.104,15.3,5.53463250788
-0.078,15.3,5.60944464178
-0.052,15.3,5.67935270146
-0.026,15.3,5.74430152076
0,15.3,5.804258
0.026,15.3,5.85921110595
0.052,15.3,5.90917187184
0.078,15.3,5.95417339736
0.104,15.3,5.99427084865
0.13,15.3,6.0295414583
0.156,15.3,6.06008452538
0.182,15.3,6.0860214154
0.208,15.3,6.10749556032
0.234,15.3,6.12467245859
0.26,15.3,6.13773967508
0.286,15.3,6.14690684114
0.312,15.3,6.15240565456
0.338,15.3,6.1544898796
0.364,15.3,6.15343534698
0.39,15.3,6.14953995386
0.416,15.3,6.14312366388
0.442,15.3,6.13452850711
0.468,15.3,6.12411858011
0.494,15.3,6.11228004587
0.52,15.3,6.09942113384
0.546,15.3,6.08597213994
0.572,15.3,6.07238542654
0.598,15.3,6.05913542247
0.624,15.3,6.04671862301
0.65,15.3,6.0356535899
0.676,15.3,6.02648095134
0.702,15.3,6.01976340199
0.728,15.3,6.01608570296
0.754,15.3,6.01605468182
0.78,15.3,6.0202992326
0.806,15.3,6.02947031578
0.832,15.3,6.0442409583
0.858,15.3,6.06530625356
0.884,15.3,6.09338336142
0.91,15.3,6.12921150818
0.936,15.3,6.17355198662
0.962,15.3,6.22718815597
0.988,15.3,6.29092544191
1.014,15.3,6.36559133657
1.04,15.3,6.45203539856
1.066,15.3,6.55112925293
1.092,15.3,6.6637665912
1.118,15.3,6.79086317133
1.144,15.3,6.93335681775
1.17,15.3,7.09220742134
1.196,15.3,7.26839693945
1.222,15.3,7.46292939586
1.248,15.3,7.67683088084
1.274,15.3,7.9111495511
1.3,15.3,8.1669556298
-1.3,15.6,2.51532214216
-1.274,15.6,2.37555221321
-1.248,15.6,2.25726969271
-1.222,15.6,2.15940435748
-1.196,15.6,2.08090805082
-1.17,15.6,2.02075468247
-1.144,15.6,1.97794022863
-1.118,15.6,1.95148273196
-1.092,15.6,1.94042230158
-1.066,15.6,1.94382111307
-1.04,15.6,1.96076340845
-1.014,15.6,1.99035549621
-0.988,15.6,2.0317257513
-0.962,15.6,2.08402461512
-0.936,15.6,2.14642459552
-0.91,15.6,2.21812026683
-0.884,15.6,2.29832826982
-0.858,15.6,2.38628731172
-0.832,15.6,2.48125816621
-0.806,15.6,2.58252367344
-0.78,15.6,2.68938874002
-0.754,15.6,2.80118033899
-0.728,15.6,2.91724750989
-0.702,15.6,3.03696135867
-0.676,15.6,3.15971505777
-0.65,15.6,3.28492384608
-0.624,15.6,3.41202502894
-0.598,15.6,3.54047797816
-0.572,15.6,3.66976413198
-0.546,15.6,3.79938699513
-0.52,15.6,3.92887213879
-0.494,15.6,4.05776720057
-0.468,15.6,4.18564188456
-0.442,15.6,4.31208796132
-0.416,15.6,4.43671926783
-0.39,15.6,4.55917170757
-0.364,15.6,4.67910325044
-0.338,15.6,4.79619393281
-0.312,15.6,4.91014585752
-0.286,15.6,5.02068319386
-0.26,15.6,5.12755217755
-0.234,15.6,5.23052111082
-0.208,15.6,5.3293803623
-0.182,15.6,5.42394236713
-0.156,15.6,5.51404162686
-0.13,15.6,5.59953470954
-0.104,15.6,5.68030024964
-0.078,15.6,5.7562389481
-0.052,15.6,5.82727357234
-0.026,15.6,5.8933489562
0,15.6,5.954432
0.026,15.6,6.01051167051
0.052,15.6,6.06159900096
0.078,15.6,6.10772709104
0.104,15.6,6.14895110689
0.13,15.6,6.1853482811
0.156,15.6,6.21701791274
0.182,15.6,6.24408136732
0.208,15.6,6.26668207681
0.234,15.6,6.28498553964
0.26,15.6,6.29917932069
0.286,15.6,6.3094730513
0.312,15.6,6.31609842928
0.338,15.6,6.31930921889
0.364,15.6,6.31938125083
0.39,15.6,6.31661242227
0.416,15.6,6.31132269685
0.442,15.6,6.30385410465
0.468,15.6,6.2945707422
0.494,15.6,6.28385877252
0.52,15.6,6.27212642505
0.546,15.6,6.25980399572
0.572,15.6,6.24734384688
0.598,15.6,6.23522040737
0.624,15.6,6.22393017247
0.65,15.6,6.21399170392
0.676,15.6,6.20594562992
0.702,15.6,6.20035464513
0.728,15.6,6.19780351066
0.754,15.6,6.19889905408
0.78,15.6,6.20427016942
0.806,15.6,6.21456781716
0.832,15.6,6.23046502424
0.858,15.6,6.25265688406
0.884,15.6,6.28186055648
0.91,15.6,6.31881526781
0.936,15.6,6.36428231081
0.962,15.6,6.41904504472
0.988,15.6,6.48390889521
1.014,15.6,6.55970135444
1.04,15.6,6.64727198099
1.066,15.6,6.74749239992
1.092,15.6,6.86125630275
1.118,15.6,6.98947944744
1.144,15.6,7.13309965842
1.17,15.6,7.29307682657
1.196,15.6,7.47039290924
1.222,15.6,7.66605193021
1.248,15.6,7.88107997976
1.274,15.6,8.11652521457
1.3,15.6,8.37345785784
-1.3,15.9,2.61208391413
-1.274,15.9,2.47344054974
-1.248,15.9,2.35628459379
-1.222,15.9,2.25954582313
-1.196,15.9,2.18217608103
-1.17,15.9,2.12314927723
-1.144,15.9,2.08146138796
-1.118,15.9,2.05613045585
-1.092,15.9,2.04619659003
-1.066,15.9,2.05072196608
-1.04,15.9,2.06879082602
-1.014,15.9,2.09950947834
-0.988,15.9,2.14200629799
-0.962,15.9,2.19543172637
-0.936,15.9,2.25895827134
-0.91,15.9,2.33178050721
-0.884,15.9,2.41311507476
-0.858,15.9,2.50220068121
-0.832,15.9,2.59829810027
-0.806,15.9,2.70069017206
-0.78,15.9,2.8086818032
-0.754,15.9,2.92159996673
-0.728,15.9,3.03879370219
-0.702,15.9,3.15963411553
-0.676,15.9,3.28351437919
-0.65,15.9,3.40984973206
-0.624,15.9,3.53807747949
-0.598,15.9,3.66765699326
-0.572,15.9,3.79806971165
-0.546,15.9,3.92881913936
-0.52,15.9,4.05943084757
-0.494,15.9,4.18945247391
-0.468,15.9,4.31845372247
-0.442,15.9,4.44602636379
-0.416,15.9,4.57178423486
-0.39,15.9,4.69536323916
-0.364,15.9,4.81642134659
-0.338,15.9,4.93463859352
-0.312,15.9,5.04971708279
-0.286,15.9,5.16138098369
-0.26,15.9,5.26937653195
-0.234,15.9,5.37347202977
-0.208,15.9,5.47345784582
-0.182,15.9,5.5691464152
-0.156,15.9,5.6603722395
-0.13,15.9,5.74699188673
-0.104,15.9,5.82888399139
-0.078,15.9,5.90594925442
-0.052,15.9,5.97811044322
-0.026,15.9,6.04531239164
0,15.9,6.107522
0.026,15.9,6.16472823507
0.052,15.9,6.21694213009
0.078,15.9,6.26419678473
0.104,15.9,6.30654736513
0.13,15.9,6.34407110391
0.156,15.9,6.37686730011
0.182,15.9,6.40505731925
0.208,15.9,6.4287845933
0.234,15.9,6.44821462068
0.26,15.9,6.46353496629
0.286,15.9,6.47495526147
0.312,15.9,6.48270720401
0.338,15.9,6.48704455818
0.364,15.9,6.48824315468
0.39,15.9,6.48660089068
0.416,15.9,6.48243772982
0.442,15.9,6.47609570218
0.468,15.9,6.4679389043
0.494,15.9,6.45835349918
0.52,15.9,6.44774771627
0.546,15.9,6.43655185149
0.572,15.9,6.42521826721
0.598,15.9,6.41422139226
0.624,15.9,6.40405772192
0.65,15.9,6.39524581794
0.676,15.9,6.3883263085
0.702,15.9,6.38386188827
0.728,15.9,6.38243731836
0.754,15.9,6.38465942635
0.78,15.9,6.39115710624
0.806,15.9,6.40258131854
0.832,15.9,6.41960509018
0.858,15.9,6.44292351457
0.884,15.9,6.47325375154
0.91,15.9,6.51133502743
0.936,15.9,6.55792863499
0.962,15.9,6.61381793346
0.988,15.9,6.67980834852
1.014,15.9,6.75672737231
1.04,15.9,6.84542456342
1.066,15.9,6.94677154691
1.092,15.9,7.0616620143
1.118,15.9,7.19101172355
1.144,15.9,7.33575849909
1.17,15.9,7.49686223181
1.196,15.9,7.67530487903
1.222,15.9,7.87209046457
1.248,15.9,8.08824507867
1.274,15.9,8.32481687805
1.3,15.9,8.58287608587
-1.3,16.2,2.71176168609
-1.274,16.2,2.57424488626
-1.248,16.2,2.45821549488
-1.222,16.2,2.36260328877
-1.196,16.2,2.28636011123
-1.17,16.2,2.228459872
-1.144,16.2,2.18789854729
-1.118,16.2,2.16369417974
-1.092,16.2,2.15488687849
-1.066,16.2,2.16053881909
-1.04,16.2,2.17973424359
-1.014,16.2,2.21157946048
-0.988,16.2,2.25520284469
-0.962,16.2,2.30975483763
-0.936,16.2,2.37440794715
-0.91,16.2,2.44835674758
-0.884,16.2,2.53081787969
-0.858,16.2,2.62103005071
-0.832,16.2,2.71825403433
-0.806,16.2,2.82177267068
-0.78,16.2,2.93089086638
-0.754,16.2,3.04493559447
-0.728,16.2,3.16325589449
-0.702,16.2,3.28522287239
-0.676,16.2,3.41022970061
-0.65,16.2,3.53769161805
-0.624,16.2,3.66704593003
-0.598,16.2,3.79775200836
-0.572,16.2,3.92929129131
-0.546,16.2,4.06116728358
-0.52,16.2,4.19290555636
-0.494,16.2,4.32405374726
-0.468,16.2,4.45418156038
-0.442,16.2,4.58288076625
-0.416,16.2,4.70976520189
-0.39,16.2,4.83447077075
-0.364,16.2,4.95665544274
-0.338,16.2,5.07599925423
-0.312,16.2,5.19220430807
-0.286,16.2,5.30499477352
-0.26,16.2,5.41411688634
-0.234,16.2,5.51933894872
-0.208,16.2,5.62045132933
-0.182,16.2,5.71726646328
-0.156,16.2,5.80961885213
-0.13,16.2,5.89736506393
-0.104,16.2,5.98038373315
-0.078,16.2,6.05857556074
-0.052,16.2,6.1318633141
-0.026,16.2,6.20019182708
0,16.2,6.263528
0.026,16.2,6.32186079963
0.052,16.2,6.37520125921
0.078,16.2,6.42358247841
0.104,16.2,6.46705962337
0.13,16.2,6.50570992671
0.156,16.2,6.53963268747
0.182,16.2,6.56894927117
0.208,16.2,6.59380310978
0.234,16.2,6.61435970173
0.26,16.2,6.6308066119
0.286,16.2,6.64335347164
0.312,16.2,6.65223197874
0.338,16.2,6.65769589747
0.364,16.2,6.66002105853
0.39,16.2,6.65950535909
0.416,16.2,6.65646876279
0.442,16.2,6.65125329971
0.468,16.2,6.64422306639
0.494,16.2,6.63576422583
0.52,16.2,6.62628500748
0.546,16.2,6.61621570727
0.572,16.2,6.60600868755
0.598,16.2,6.59613837716
0.624,16.2,6.58710127138
0.65,16.2,6.57941593195
0.676,16.2,6.57362298708
0.702,16.2,6.57028513141
0.728,16.2,6.56998712606
0.754,16.2,6.57333579861
0.78,16.2,6.58096004306
0.806,16.2,6.59351081992
0.832,16.2,6.61166115613
0.858,16.2,6.63610614507
0.884,16.2,6.66756294661
0.91,16.2,6.70677078706
0.936,16.2,6.75449095918
0.962,16.2,6.81150682221
0.988,16.2,6.87862380183
1.014,16.2,6.95666939017
1.04,16.2,7.04649314585
1.066,16.2,7.1489666939
1.092,16.2,7.26498372585
1.118,16.2,7.39545999966
1.144,16.2,7.54133333976
1.17,16.2,7.70356363704
1.196,16.2,7.88313284882
1.222,16.2,8.08104499892
1.248,16.2,8.29832617758
1.274,16.2,8.53602454152
1.3,16.2,8.79521031391
-1.3,16.5,2.81435545806
-1.274,16.5,2.67796522279
-1.248,16.5,2.56306239597
-1.222,16.5,2.46857675442
-1.196,16.5,2.39346014144
-1.17,16.5,2.33668646677
-1.144,16.5,2.29725170661
-1.118,16.5,2.27417390363
-1.092,16.5,2.26649316694
-1.066,16.5,2.2732716721
-1.04,16.5,2.29359366117
-1.014,16.5,2.32656544261
-0.988,16.5,2.37131539138
-0.962,16.5,2.42699394888
-0.936,16.5,2.49277362297
-0.91,16.5,2.56784898796
-0.884,16.5,2.65143668463
-0.858,16.5,2.74277542021
-0.832,16.5,2.84112596838
-0.806,16.5,2.9457711693
-0.78,16.5,3.05601592955
-0.754,16.5,3.17118722221
-0.728,16.5,3.29063408679
-0.702,16.5,3.41372762925
-0.676,16.5,3.53986102204
-0.65,16.5,3.66844950403
-0.624,16.5,3.79893038057
-0.598,16.5,3.93076302347
-0.572,16.5,4.06342887098
-0.546,16.5,4.19643142781
-0.52,16.5,4.32929626514
-0.494,16.5,4.46157102061
-0.468,16.5,4.59282539828
-0.442,16.5,4.72265116872
-0.416,16.5,4.85066216892
-0.39,16.5,4.97649430234
-0.364,16.5,5.09980553889
-0.338,16.5,5.22027591495
-0.312,16.5,5.33760753334
-0.286,16.5,5.45152456335
-0.26,16.5,5.56177324073
-0.234,16.5,5.66812186768
-0.208,16.5,5.77036081285
-0.182,16.5,5.86830251135
-0.156,16.5,5.96178146477
-0.13,16.5,6.05065424113
-0.104,16.5,6.13479947491
-0.078,16.5,6.21411786706
-0.052,16.5,6.28853218497
-0.026,16.5,6.35798726252
0,16.5,6.42245
0.026,16.5,6.48190936419
0.052,16.5,6.53637638833
0.078,16.5,6.58588417209
0.104,16.5,6.63048788162
0.13,16.5,6.67026474951
0.156,16.5,6.70531407484
0.182,16.5,6.7357572231
0.208,16.5,6.76173762627
0.234,16.5,6.78342078278
0.26,16.5,6.80099425751
0.286,16.5,6.81466768181
0.312,16.5,6.82467275347
0.338,16.5,6.83126323676
0.364,16.5,6.83471496238
0.39,16.5,6.8353258275
0.416,16.5,6.83341579576
0.442,16.5,6.82932689724
0.468,16.5,6.82342322848
0.494,16.5,6.81609095248
0.52,16.5,6.8077382987
0.546,16.5,6.79879556304
0.572,16.5,6.78971510789
0.598,16.5,6.78097136206
0.624,16.5,6.77306082084
0.65,16.5,6.76650204597
0.676,16.5,6.76183566566
0.702,16.5,6.75962437455
0.728,16.5,6.76045293376
0.754,16.5,6.76492817087
0.78,16.5,6.77367897989
0.806,16.5,6.78735632131
0.832,16.5,6.80663322207
0.858,16.5,6.83220477557
0.884,16.5,6.86478814167
0.91,16.5,6.90512254668
0.936,16.5,6.95396928337
0.962,16.5,7.01211171096
0.988,16.5,7.08035525513
1.014,16.5,7.15952740804
1.04,16.5,7.25047772827
1.066,16.5,7.35407784089
1.092,16.5,7.4712214374
1.118,16.5,7.60282427577
1.144,16.5,7.74982418043
1.17,16.5,7.91318104227
1.196,16.5,8.09387681862
1.222,16.5,8.29291553327
1.248,16.5,8.5113232765
1.274,16.5,8.750148205
1.3,16.5,9.01046054194
-1.3,16.8,2.91986523002
-1.274,16.8,2.78460155931
-1.248,16.8,2.67082529705
-1.222,16.8,2.57746622007
-1.196,16.8,2.50347617165
-1.17,16.8,2.44782906154
-1.144,16.8,2.40952086594
-1.118,16.8,2.38756962752
-1.092,16.8,2.38101545539
-1.066,16.8,2.38892052511
-1.04,16.8,2.41036907874
-1.014,16.8,2.44446742474
-0.988,16.8,2.49034393807
-0.962,16.8,2.54714906013
-0.936,16.8,2.61405529878
-0.91,16.8,2.69025722834
-0.884,16.8,2.77497148957
-0.858,16.8,2.8674367897
-0.832,16.8,2.96691390244
-0.806,16.8,3.07268566792
-0.78,16.8,3.18405699273
-0.754,16.8,3.30035484995
-0.728,16.8,3.42092827909
-0.702,16.8,3.54514838611
-0.676,16.8,3.67240834346
-0.65,16.8,3.80212339001
-0.624,16.8,3.93373083111
-0.598,16.8,4.06669003857
-0.572,16.8,4.20048245064
-0.546,16.8,4.33461157203
-0.52,16.8,4.46860297393
-0.494,16.8,4.60200429395
-0.468,16.8,4.73438523619
-0.442,16.8,4.86533757119
-0.416,16.8,4.99447513595
-0.39,16.8,5.12143383393
-0.364,16.8,5.24587163504
-0.338,16.8,5.36746857566
-0.312,16.8,5.48592675861
-0.286,16.8,5.60097035318
-0.26,16.8,5.71234559512
-0.234,16.8,5.81982078663
-0.208,16.8,5.92318629636
-0.182,16.8,6.02225455943
-0.156,16.8,6.11686007741
-0.13,16.8,6.20685941832
-0.104,16.8,6.29213121666
-0.078,16.8,6.37257617337
-0.052,16.8,6.44811705585
-0.026,16.8,6.51869869796
0,16.8,6.584288
0.026,16.8,6.64487392876
0.052,16.8,6.70046751745
0.078,16.8,6.75110186577
0.104,16.8,6.79683213986
0.13,16.8,6.83773557232
0.156,16.8,6.8739114622
0.182,16.8,6.90548117502
0.208,16.8,6.93258814275
0.234,16.8,6.95539786382
0.26,16.8,6.97409790312
0.286,16.8,6.98889789197
0.312,16.8,7.0000295282
0.338,16.8,7.00774657604
0.364,16.8,7.01232486623
0.39,16.8,7.01406229591
0.416,16.8,7.01327882873
0.442,16.8,7.01031649477
0.468,16.8,7.00553939058
0.494,16.8,6.99933367914
0.52,16.8,6.99210758991
0.546,16.8,6.98429141882
0.572,16.8,6.97633752822
0.598,16.8,6.96872034695
0.624,16.8,6.96193637029
0.65,16.8,6.95650415999
0.676,16.8,6.95296434424
0.702,16.8,6.95187961769
0.728,16.8,6.95383474146
0.754,16.8,6.95943654313
0.78,16.8,6.96931391671
0.806,16.8,6.98411782269
0.832,16.8,7.00452128801
0.858,16.8,7.03121940608
0.884,16.8,7.06492933674
0.91,16.8,7.1063903063
0.936,16.8,7.15636360755
0.962,16.8,7.2156325997
0.988,16.8,7.28500270844
1.014,16.8,7.36530142591
1.04,16.8,7.4573783107
1.066,16.8,7.56210498788
1.092,16.8,7.68037514895
1.118,16.8,7.81310455188
1.144,16.8,7.96123102111
1.17,16.8,8.1257144475
1.196,16.8,8.30753678841
1.222,16.8,8.50770206763
1.248,16.8,8.72723637541
1.274,16.8,8.96718786847
1.3,16.8,9.22862676998
-1.3,17.1,3.02829100199
-1.274,17.1,2.89415389584
-1.248,17.1,2.78150419814
-1.222,17.1,2.68927168571
-1.196,17.1,2.61640820186
-1.17,17.1,2.56188765631
-1.144,17.1,2.52470602527
-1.118,17.1,2.50388135141
-1.092,17.1,2.49845374384
-1.066,17.1,2.50748537813
-1.04,17.1,2.53006049631
-1.014,17.1,2.56528540687
-0.988,17.1,2.61228848477
-0.962,17.1,2.67022017139
-0.936,17.1,2.7382529746
-0.91,17.1,2.81558146871
-0.884,17.1,2.9014222945
-0.858,17.1,2.9950141592
-0.832,17.1,3.0956178365
-0.806,17.1,3.20251616653
-0.78,17.1,3.31501405591
-0.754,17.1,3.43243847769
-0.728,17.1,3.55413847139
-0.702,17.1,3.67948514297
-0.676,17.1,3.80787166488
-0.65,17.1,3.93871327599
-0.624,17.1,4.07144728166
-0.598,17.1,4.20553305368
-0.572,17.1,4.3404520303
-0.546,17.1,4.47570771626
-0.52,17.1,4.61082568271
-0.494,17.1,4.7453535673
-0.468,17.1,4.8788610741
-0.442,17.1,5.01093997366
-0.416,17.1,5.14120410298
-0.39,17.1,5.26928936552
-0.364,17.1,5.39485373119
-0.338,17.1,5.51757723637
-0.312,17.1,5.63716198388
-0.286,17.1,5.75333214302
-0.26,17.1,5.86583394952
-0.234,17.1,5.97443570558
-0.208,17.1,6.07892777987
-0.182,17.1,6.1791226075
-0.156,17.1,6.27485469004
-0.13,17.1,6.36598059552
-0.104,17.1,6.45237895842
-0.078,17.1,6.53395047969
-0.052,17.1,6.61061792673
-0.026,17.1,6.6823261334
0,17.1,6.749042
0.026,17.1,6.81075449332
0.052,17.1,6.86747464657
0.078,17.1,6.91923555945
0.104,17.1,6.9660923981
0.13,17.1,7.00812239512
0.156,17.1,7.04542484956
0.182,17.1,7.07812112695
0.208,17.1,7.10635465924
0.234,17.1,7.13029094487
0.26,17.1,7.15011754872
0.286,17.1,7.16604410214
0.312,17.1,7.17830230293
0.338,17.1,7.18714591533
0.364,17.1,7.19285077008
0.39,17.1,7.19571476432
0.416,17.1,7.19605786171
0.442,17.1,7.19422209231
0.468,17.1,7.19057155267
0.494,17.1,7.18549240579
0.52,17.1,7.17939288113
0.546,17.1,7.17270327459
0.572,17.1,7.16587594856
0.598,17.1,7.15938533185
0.624,17.1,7.15372791975
0.65,17.1,7.14942227401
0.676,17.1,7.14700902281
0.702,17.1,7.14705086083
0.728,17.1,7.15013254916
0.754,17.1,7.15686091539
0.78,17.1,7.16786485353
0.806,17.1,7.18379532407
0.832,17.1,7.20532535395
0.858,17.1,7.23315003658
0.884,17.1,7.2679865318
0.91,17.1,7.31057406593
0.936,17.1,7.36167393174
0.962,17.1,7.42206948845
0.988,17.1,7.49256616175
1.014,17.1,7.57399144378
1.04,17.1,7.66719489313
1.066,17.1,7.77304813487
1.092,17.1,7.8924448605
1.118,17.1,8.02630082799
1.144,17.1,8.17555386178
1.17,17.1,8.34116385273
1.196,17.1,8.5241127582
1.222,17.1,8.72540460198
1.248,17.1,8.94606547433
1.274,17.1,9.18714353195
1.3,17.1,9.44970899801
-1.3,17.4,3.13963277395
-1.274,17.4,3.00662223237
-1.248,17.4,2.89509909923
-1.222,17.4,2.80399315136
-1.196,17.4,2.73225623206
-1.17,17.4,2.67886225108
-1.144,17.4,2.6428071846
-1.118,17.4,2.6231090753
-1.092,17.4,2.61880803229
-1.066,17.4,2.62896623114
-1.04,17.4,2.65266791388
-1.014,17.4,2.68901938901
-0.988,17.4,2.73714903146
-0.962,17.4,2.79620728264
-0.936,17.4,2.86536665041
-0.91,17.4,2.94382170909
-0.884,17.4,3.03078909944
-0.858,17.4,3.1255075287
-0.832,17.4,3.22723777055
-0.806,17.4,3.33526266515
-0.78,17.4,3.44888711909
-0.754,17.4,3.56743810543
-0.728,17.4,3.69026466369
-0.702,17.4,3.81673789983
-0.676,17.4,3.9462509863
-0.65,17.4,4.07821916198
-0.624,17.4,4.2120797322
-0.598,17.4,4.34729206878
-0.572,17.4,4.48333760997
-0.546,17.4,4.61971986048
-0.52,17.4,4.7559643915
-0.494,17.4,4.89161884064
-0.468,17.4,5.02625291201
-0.442,17.4,5.15945837613
-0.416,17.4,5.29084907001
-0.39,17.4,5.42006089711
-0.364,17.4,5.54675182734
-0.338,17.4,5.67060189708
-0.312,17.4,5.79131320915
-0.286,17.4,5.90860993285
-0.26,17.4,6.02223830391
-0.234,17.4,6.13196662454
-0.208,17.4,6.23758526339
-0.182,17.4,6.33890665558
-0.156,17.4,6.43576530268
-0.13,17.4,6.52801777272
-0.104,17.4,6.61554270018
-0.078,17.4,6.69824078601
-0.052,17.4,6.77603479761
-0.026,17.4,6.84886956883
0,17.4,6.916712
0.026,17.4,6.97955105788
0.052,17.4,7.03739777569
0.078,17.4,7.09028525314
0.104,17.4,7.13826865635
0.13,17.4,7.18142521792
0.156,17.4,7.21985423693
0.182,17.4,7.25367707887
0.208,17.4,7.28303717572
0.234,17.4,7.30810002592
0.26,17.4,7.32905319433
0.286,17.4,7.34610631231
0.312,17.4,7.35949107766
0.338,17.4,7.36946125462
0.364,17.4,7.37629267393
0.39,17.4,7.38028323273
0.416,17.4,7.38175289468
0.442,17.4,7.38104368984
0.468,17.4,7.37851971476
0.494,17.4,7.37456713244
0.52,17.4,7.36959417234
0.546,17.4,7.36403113037
0.572,17.4,7.35833036889
0.598,17.4,7.35296631674
0.624,17.4,7.34843546921
0.65,17.4,7.34525638802
0.676,17.4,7.34396970139
0.702,17.4,7.34513810397
0.728,17.4,7.34934635686
0.754,17.4,7.35720128765
0.78,17.4,7.36933179035
0.806,17.4,7.38638882545
0.832,17.4,7.4090454199
0.858,17.4,7.43799666708
0.884,17.4,7.47395972686
0.91,17.4,7.51767382555
0.936,17.4,7.56990025592
0.962,17.4,7.63142237719
0.988,17.4,7.70304561505
1.014,17.4,7.78559746164
1.04,17.4,7.87992747556
1.066,17.4,7.98690728186
1.092,17.4,8.10743057205
1.118,17.4,8.2424131041
1.144,17.4,8.39279270245
1.17,17.4,8.55952925796
1.196,17.4,8.74360472799
1.222,17.4,8.94602313633
1.248,17.4,9.16781057324
1.274,17.4,9.41001519542
1.3,17.4,9.67370722605
-1.3,17.7,3.25389054592
-1.274,17.7,3.12200656889
-1.248,17.7,3.01161000031
-1.222,17.7,2.92163061701
-1.196,17.7,2.85102026227
-1.17,17.7,2.79875284584
-1.144,17.7,2.76382434393
-1.118,17.7,2.74525279919
-1.092,17.7,2.74207832074
-1.066,17.7,2.75336308415
-1.04,17.7,2.77819133145
-1.014,17.7,2.81566937114
-0.988,17.7,2.86492557815
-0.962,17.7,2.9251103939
-0.936,17.7,2.99539632623
-0.91,17.7,3.07497794946
-0.884,17.7,3.16307190437
-0.858,17.7,3.2589168982
-0.832,17.7,3.36177370461
-0.806,17.7,3.47092516377
-0.78,17.7,3.58567618227
-0.754,17.7,3.70535373317
-0.728,17.7,3.82930685599
-0.702,17.7,3.9569066567
-0.676,17.7,4.08754630772
-0.65,17.7,4.22064104796
-0.624,17.7,4.35562818274
-0.598,17.7,4.49196708388
-0.572,17.7,4.62913918963
-0.546,17.7,4.76664800471
-0.52,17.7,4.90401910029
-0.494,17.7,5.04080011399
-0.468,17.7,5.17656074991
-0.442,17.7,5.31089277859
-0.416,17.7,5.44341003703
-0.39,17.7,5.57374842869
-0.364,17.7,5.70156592349
-0.338,17.7,5.82654255779
-0.312,17.7,5.94838043442
-0.286,17.7,6.06680372268
-0.26,17.7,6.1815586583
-0.234,17.7,6.29241354349
-0.208,17.7,6.3991587469
-0.182,17.7,6.50160670365
-0.156,17.7,6.59959191531
-0.13,17.7,6.69297094991
-0.104,17.7,6.78162244194
-0.078,17.7,6.86544709233
-0.052,17.7,6.94436766849
-0.026,17.7,7.01832900427
0,17.7,7.087298
0.026,17.7,7.15126362244
0.052,17.7,7.21023690481
0.078,17.7,7.26425094682
0.104,17.7,7.31336091459
0.13,17.7,7.35764404073
0.156,17.7,7.39719962429
0.182,17.7,7.4321490308
0.208,17.7,7.46263569221
0.234,17.7,7.48882510696
0.26,17.7,7.51090483994
0.286,17.7,7.52908452248
0.312,17.7,7.54359585238
0.338,17.7,7.55469259391
0.364,17.7,7.56265057778
0.39,17.7,7.56776770115
0.416,17.7,7.57036392765
0.442,17.7,7.57078128737
0.468,17.7,7.56938387685
0.494,17.7,7.5665578591
0.52,17.7,7.56271146355
0.546,17.7,7.55827498614
0.572,17.7,7.55370078923
0.598,17.7,7.54946330164
0.624,17.7,7.54605901867
0.65,17.7,7.54400650204
0.676,17.7,7.54384637997
0.702,17.7,7.54614134711
0.728,17.7,7.55147616456
0.754,17.7,7.56045765991
0.78,17.7,7.57371472717
0.806,17.7,7.59189832683
0.832,17.7,7.61568148584
0.858,17.7,7.64575929759
0.884,17.7,7.68284892193
0.91,17.7,7.72768958518
0.936,17.7,7.78104258011
0.962,17.7,7.84369126594
0.988,17.7,7.91644106836
1.014,17.7,8.00011947951
1.04,17.7,8.09557605799
1.066,17.7,8.20368242885
1.092,17.7,8.3253322836
1.118,17.7,8.46144138021
1.144,17.7,8.61294754312
1.17,17.7,8.7808106632
1.196,17.7,8.96601269779
1.222,17.7,9.16955767069
1.248,17.7,9.39247167215
1.274,17.7,9.6358028589
1.3,17.7,9.90062145408
-1.3,18,3.37106431788
-1.274,18,3.24030690542
-1.248,18,3.1310369014
-1.222,18,3.04218408266
-1.196,18,2.97270029248
-1.17,18,2.92155944061
-1.144,18,2.88775750326
-1.118,18,2.87031252308
-1.092,18,2.86826460919
-1.066,18,2.88067593716
-1.04,18,2.90663074902
-1.014,18,2.94523535327
-0.988,18,2.99561812485
-0.962,18,3.05692950515
-0.936,18,3.12834200204
-0.91,18,3.20905018984
-0.884,18,3.29827070931
-0.858,18,3.39524226769
-0.832,18,3.49922563867
-0.806,18,3.60950366239
-0.78,18,3.72538124545
-0.754,18,3.84618536091
-0.728,18,3.97126504829
-0.702,18,4.09999141356
-0.676,18,4.23175762914
-0.65,18,4.36597893394
-0.624,18,4.50209263329
-0.598,18,4.63955809899
-0.572,18,4.7778567693
-0.546,18,4.91649214894
-0.52,18,5.05498980907
-0.494,18,5.19289738734
-0.468,18,5.32978458782
-0.442,18,5.46524318106
-0.416,18,5.59888700406
-0.39,18,5.73035196028
-0.364,18,5.85929601964
-0.338,18,5.9853992185
-0.312,18,6.1083636597
-0.286,18,6.22791351251
-0.26,18,6.3437950127
-0.234,18,6.45577646244
-0.208,18,6.56364823042
-0.182,18,6.66722275173
-0.156,18,6.76633452795
-0.13,18,6.86084012711
-0.104,18,6.95061818369
-0.078,18,7.03556939865
-0.052,18,7.11561653937
-0.026,18,7.19070443971
0,18,7.2608
0.026,18,7.325892187
0.052,18,7.38599203394
0.078,18,7.4411326405
0.104,18,7.49136917283
0.13,18,7.53677886353
0.156,18,7.57746101166
0.182,18,7.61353698272
0.208,18,7.6451502087
0.234,18,7.67246618801
0.26,18,7.69567248554
0.286,18,7.71497873265
0.312,18,7.73061662711
0.338,18,7.7428399332
0.364,18,7.75192448163
0.39,18,7.75816816956
0.416,18,7.76189096062
0.442,18,7.7634348849
0.468,18,7.76316403895
0.494,18,7.76146458575
0.52,18,7.75874475477
0.546,18,7.75543484192
0.572,18,7.75198720956
0.598,18,7.74887628654
0.624,18,7.74659856812
0.65,18,7.74567261606
0.676,18,7.74663905855
0.702,18,7.75006059025
0.728,18,7.75652197226
0.754,18,7.76663003217
0.78,18,7.78101366399
0.806,18,7.80032382822
0.832,18,7.82523355178
0.858,18,7.85643792809
0.884,18,7.89465411699
0.91,18,7.9406213448
0.936,18,7.99510090429
0.962,18,8.05887615469
0.988,18,8.13275252167
1.014,18,8.21755749738
1.04,18,8.31414064042
1.066,18,8.42337357584
1.092,18,8.54614999515
1.118,18,8.68338565632
1.144,18,8.83601838379
1.17,18,9.00500806843
1.196,18,9.19133666758
1.222,18,9.39600820504
1.248,18,9.62004877107
1.274,18,9.86450652237
1.3,18,10.1304516821
