$hessian                                                                        
        0.5241973053  -0.0086122961  -0.0164441660  -0.0777618361  -0.0279300960
       -0.0288582203   0.0005099550   0.0174167773   0.0220229150   0.0027223561
        0.0028861146   0.0013291254   0.0000388955   0.0000076526   0.0004689640
        0.0005167318   0.0001485196  -0.0000889495  -0.0002587490   0.0000560121
       -0.0000400898   0.0001560433  -0.0000828452  -0.0000618790  -0.0000285870
       -0.0000506460  -0.0000156602  -0.0088467299  -0.0184411499  -0.0167314719
       -0.0010044364  -0.0001543482  -0.0002891944   0.0005888753  -0.0002387173
       -0.0002498414   0.0001861152  -0.0001814116  -0.0001318790  -0.0000809364
       -0.0000447786  -0.0000673060  -0.0004110100  -0.0011759746  -0.0008076735
       -0.0048534860  -0.0008202961  -0.0002840839  -0.0799570803  -0.0260846077
        0.0827668972  -0.2801633873  -0.0149066824  -0.0199152104  -0.0730342919
        0.0792380613  -0.0217899831  -0.0000420008  -0.0000246897  -0.0000016942
        0.0000162453  -0.0000088584   0.0000372556  -0.0000458454   0.0000080214
        0.0000198475  -0.0000325253   0.0000287525  -0.0000022500  -0.0000142917
        0.0000238645   0.0000221330  -0.0016203385  -0.0008734096  -0.0008264128
       -0.0000940040   0.0000081441   0.0000124763  -0.0000334172  -0.0000366572
       -0.0000056929  -0.0000317843   0.0000071849   0.0000274834  -0.0000421105
       -0.0000061324  -0.0000303665  -0.0004629903  -0.0002191525  -0.0001302042
       -0.0001126844   0.0000636447   0.0000651314
       -0.0086122961   0.4620450762  -0.0202765274  -0.0241838300  -0.1134657024
       -0.0509270094   0.0122226380  -0.0081801016  -0.0365054222  -0.0049308908
       -0.0040945290   0.0037357727   0.0000957432   0.0001213540   0.0000933882
       -0.0005392690  -0.0005204860   0.0001111151   0.0003907547   0.0000168923
       -0.0000015113  -0.0006008249  -0.0002650785  -0.0005032236   0.0014486714
        0.0001813557   0.0001718288  -0.0091530335  -0.0051532491  -0.0094446219
        0.0008401096  -0.0010300889  -0.0003525576  -0.0000707144  -0.0004492595
        0.0002389318   0.0004240831  -0.0000870606  -0.0001197185  -0.0000804816
        0.0000637665  -0.0001133654  -0.0007552113  -0.0004407066   0.0001031215
       -0.0006812347   0.0017513598  -0.0003533876  -0.0275541033  -0.0552859864
        0.0617915318  -0.0147496628  -0.0442193148  -0.0003615620   0.0764628961
       -0.2323993729   0.0528238555  -0.0000890676   0.0003306930  -0.0000510982
        0.0000145031   0.0001516863  -0.0000620953   0.0001393139   0.0000858620
        0.0000581902   0.0001747651  -0.0000613367   0.0000331040   0.0000550721
        0.0000461381  -0.0000414307  -0.0002077839   0.0006869880  -0.0003211385
       -0.0000565817   0.0000118310  -0.0000085798  -0.0000083343   0.0000225382
        0.0000250418  -0.0000383384  -0.0000087794   0.0000047660  -0.0000573395
       -0.0000261059   0.0000024575  -0.0001194120  -0.0000874910   0.0001059319
        0.0002198596   0.0002591084   0.0001442126
       -0.0164441660  -0.0202765274   0.4681319091  -0.0253645912  -0.0523919892
       -0.1183156866   0.0131193230  -0.0395328548  -0.0204915189  -0.0041858585
        0.0034601208  -0.0016763290   0.0012742669   0.0001549821  -0.0004558386
       -0.0003452643   0.0001073122  -0.0005296007   0.0000601947   0.0001937723
       -0.0000424070  -0.0005088884   0.0000213933   0.0003785871  -0.0002010406
       -0.0001873533   0.0002728824  -0.0064206692  -0.0079353676  -0.0030683112
        0.0007591659  -0.0000806453  -0.0008626982  -0.0000243795   0.0000237448
       -0.0003013400   0.0003622833  -0.0000991075  -0.0000229028  -0.0000839408
       -0.0000337529   0.0000033975  -0.0005064258  -0.0000533974  -0.0002390697
       -0.0000864003  -0.0000909584   0.0014343396   0.0811856476   0.0573932686
       -0.2263785386  -0.0197953890  -0.0000018573  -0.0462341595  -0.0233122745
        0.0590691835  -0.0518980004   0.0002903742  -0.0001228035  -0.0003405610
        0.0002710085   0.0001663441  -0.0000719149   0.0001718946   0.0000073185
       -0.0000042683   0.0001138368  -0.0001002527  -0.0000384203  -0.0000358548
        0.0000658853   0.0000299063  -0.0002193689  -0.0001737716   0.0005765601
       -0.0000708908   0.0000151798   0.0000259361  -0.0000333348  -0.0000129152
        0.0000013266  -0.0000514933  -0.0000064879   0.0000109541  -0.0000346331
        0.0000064837   0.0000031566  -0.0001468456   0.0000491247  -0.0000714858
        0.0002637134   0.0003659282   0.0001740962
       -0.0777618361  -0.0241838300  -0.0253645912   0.6425927109  -0.0688072742
       -0.1507230059  -0.2682924262   0.1321567855   0.1822346508  -0.0665934390
        0.0141776829   0.0254063310   0.0049504034   0.0071628763  -0.0011335394
       -0.0028863229  -0.0013822944  -0.0011513447   0.0017046126   0.0004267925
       -0.0002095572  -0.0038863730  -0.0002274287  -0.0013726536   0.0021390368
       -0.0048676639   0.0010024354  -0.1758515412  -0.0349496733  -0.0178433944
       -0.0398151593   0.0037592223   0.0087899701   0.0031228976   0.0060109364
        0.0054260155  -0.0060397067  -0.0011877997  -0.0007675033   0.0014909414
        0.0005109925   0.0009607657   0.0080823914  -0.0020382296  -0.0020147864
       -0.0205771498  -0.0225791122  -0.0185198192   0.0033148895   0.0071063883
        0.0090784022  -0.0121538923  -0.0214189034  -0.0222463670   0.0033345248
        0.0084034488   0.0072053752   0.0002062326  -0.0000343768   0.0003540709
        0.0001680721   0.0004010223  -0.0003180446   0.0005451967   0.0002147647
        0.0003098944   0.0000059165  -0.0003097551   0.0002077077   0.0000606641
        0.0003366202   0.0006596521   0.0009895728  -0.0004650845  -0.0010367860
       -0.0003327583  -0.0003202318  -0.0003314997   0.0003040510   0.0001841167
       -0.0002882440   0.0001613428   0.0001408975  -0.0001633773   0.0004434290
       -0.0000756655   0.0000958086   0.0000720312   0.0003352906   0.0003789711
        0.0005016878   0.0015194856   0.0013744630
       -0.0279300960  -0.1134657024  -0.0523919892  -0.0688072742   0.3794083251
        0.2479433487   0.1582352500  -0.1592251439  -0.1534208979   0.0055534397
       -0.0002569645   0.0010653989  -0.0055458322  -0.0023057397  -0.0017723601
        0.0000808220  -0.0005905839  -0.0001482112   0.0000573480  -0.0003275353
        0.0000710954   0.0008638174   0.0005295916   0.0002262697  -0.0021210427
        0.0014077150   0.0009197782  -0.0473163723  -0.0743991129  -0.0124173038
        0.0111989818   0.0044182677   0.0035697688   0.0024778954   0.0021632651
       -0.0045873829  -0.0001827433  -0.0008585000  -0.0008324429   0.0003360908
       -0.0006194299   0.0009401947  -0.0015134648  -0.0008490757  -0.0062371324
       -0.0228173492  -0.0084970976  -0.0047120014   0.0046424476   0.0046351062
        0.0023484280  -0.0051766219  -0.0038518407  -0.0031794714  -0.0031899500
       -0.0234650137  -0.0195498743   0.0003419354  -0.0003315661   0.0005280094
       -0.0002805375  -0.0002485807   0.0003351373  -0.0002219274  -0.0000822032
        0.0000728238  -0.0002218361   0.0000612560  -0.0001290659   0.0004082877
       -0.0004165921   0.0002516631   0.0010424460  -0.0013342542   0.0007002847
        0.0009938721   0.0001260520  -0.0001637076  -0.0000199352  -0.0000192174
       -0.0001126972   0.0000406570   0.0000249231  -0.0000050884   0.0003470841
        0.0000590689   0.0001665290  -0.0010229612  -0.0003549972  -0.0003083912
       -0.0002524311  -0.0013344195   0.0008292882
       -0.0288582203  -0.0509270094  -0.1183156866  -0.1507230059   0.2479433487
        0.4436731453   0.2118313584  -0.1466450893  -0.2329626126   0.0098935686
       -0.0036371009  -0.0049076579  -0.0025483110  -0.0016320920  -0.0005482122
       -0.0000573508   0.0002403224   0.0004836219   0.0001747968  -0.0002752410
        0.0000501054   0.0005072320   0.0003254572   0.0006673349  -0.0041466933
        0.0008500032   0.0002631268  -0.0297636340  -0.0124842685  -0.0642650059
        0.0133060943   0.0039558180   0.0007270567   0.0022701682  -0.0048882631
        0.0031145463   0.0006090228  -0.0006837266  -0.0004989176  -0.0001067896
        0.0007876532  -0.0009910705  -0.0015412356  -0.0064533578   0.0020541136
       -0.0170163454  -0.0046276806  -0.0020574622  -0.0023977022  -0.0184290772
       -0.0235044457  -0.0051120816  -0.0050676882  -0.0032091538   0.0037381247
        0.0006224146   0.0042957189   0.0001362176   0.0001273429   0.0001448074
       -0.0002761778  -0.0002834867   0.0002025226  -0.0003251655  -0.0000816338
       -0.0000934693  -0.0002940679   0.0002257233  -0.0001240324   0.0002864262
       -0.0000220094  -0.0000359297   0.0006510232   0.0007833543  -0.0018660058
        0.0008931208  -0.0000645826   0.0000968835   0.0001956339   0.0001995746
        0.0000570861   0.0001593624   0.0000038817  -0.0000592170  -0.0001554771
       -0.0000748084  -0.0000589496  -0.0008240884  -0.0004056587  -0.0002179515
       -0.0005058035   0.0006178799  -0.0021142889
        0.0005099550   0.0122226380   0.0131193230  -0.2682924262   0.1582352500
        0.2118313584   0.6766209311  -0.1220460450  -0.2584847127  -0.2505271074
       -0.0455438415   0.0028591437  -0.0397976883  -0.0298605408   0.0082615113
        0.0048501688   0.0000728107   0.0025419698  -0.0047345501  -0.0021909299
        0.0010742211   0.0062951380   0.0046560178  -0.0019621160  -0.0561202387
        0.0174561305   0.0011370960  -0.0655153414   0.0087385087   0.0196783339
        0.0011273569  -0.0050266103  -0.0048440093  -0.0039544876  -0.0015369568
       -0.0013036673   0.0024894124   0.0014766487   0.0010373343  -0.0008264205
       -0.0002835030  -0.0004334682  -0.0022499199   0.0016698417   0.0012355045
       -0.0004144159   0.0040999143   0.0051775072   0.0004331818   0.0001057413
       -0.0003506642   0.0006400946  -0.0011159642  -0.0003081062  -0.0000216760
       -0.0007944437  -0.0000657330   0.0018805610   0.0018458639  -0.0000115780
       -0.0006944333  -0.0004816067   0.0003945961  -0.0000696094  -0.0000896313
       -0.0001347216  -0.0009658809   0.0002091487  -0.0002929126   0.0013880737
       -0.0016780943  -0.0009044959   0.0001788131  -0.0000013669   0.0002310006
       -0.0007936278   0.0000133418   0.0001408670  -0.0001353168  -0.0001069819
        0.0001350492  -0.0001102149  -0.0000506065   0.0000826437  -0.0001921731
        0.0000390510  -0.0000438491   0.0000238569  -0.0000827855  -0.0000947115
       -0.0010220153   0.0000490009   0.0002972860
        0.0174167773  -0.0081801016  -0.0395328548   0.1321567855  -0.1592251439
       -0.1466450893  -0.1220460450   0.2429505376   0.1687546485  -0.0273635487
       -0.0667250573   0.0024432013  -0.0335503696  -0.0085848144   0.0097968470
        0.0020708869  -0.0027993112   0.0051024587  -0.0018530233   0.0017462644
       -0.0005157750   0.0025803434  -0.0038395722   0.0045848133   0.0258507870
        0.0047842520  -0.0035658834   0.0142249322   0.0016493932   0.0097323906
       -0.0035060513   0.0011929004   0.0008264427   0.0007351901   0.0013439212
       -0.0000100905  -0.0012387646  -0.0000360900   0.0001695091   0.0000794852
        0.0000996933   0.0002245274   0.0018733114   0.0004862959  -0.0000601573
       -0.0047875312  -0.0038332882  -0.0038398740  -0.0014902941  -0.0048686193
       -0.0050563070   0.0013275240   0.0012436281   0.0012931722   0.0000715650
        0.0003180268  -0.0000214385  -0.0011335191   0.0007770372  -0.0018396069
       -0.0011643548  -0.0003740789  -0.0002247749   0.0000515290  -0.0001685683
       -0.0008934717   0.0015127114   0.0000472455  -0.0001134672  -0.0000424453
        0.0010129877  -0.0022181112  -0.0003269497   0.0001202620   0.0004406560
       -0.0001527645   0.0000498494   0.0000748861   0.0000329312  -0.0000333242
       -0.0000394303  -0.0000970904   0.0000240838   0.0000285885   0.0000005065
       -0.0000124013  -0.0000437318   0.0000053430   0.0000448532   0.0000557415
       -0.0012378576   0.0007891392   0.0010921811
        0.0220229150  -0.0365054222  -0.0204915189   0.1822346508  -0.1534208979
       -0.2329626126  -0.2584847127   0.1687546485   0.3018302198   0.0252575557
        0.0104933910  -0.0546777926   0.0165454364   0.0031517204   0.0023142525
        0.0020343370   0.0047311247   0.0052891515  -0.0009483615  -0.0006485539
        0.0000446385   0.0011477712   0.0040002272   0.0044705312  -0.0065424524
        0.0013957427   0.0032194730   0.0224320609   0.0073104046  -0.0011699769
       -0.0033770992   0.0006407914   0.0025894023   0.0013106162   0.0006412224
        0.0011347063  -0.0013448934  -0.0002101840  -0.0002529973   0.0001495249
        0.0001230193   0.0002698987   0.0016159581   0.0002365731  -0.0002282463
       -0.0033380917  -0.0046159612  -0.0023462696  -0.0003916059  -0.0019487559
       -0.0018175292   0.0017783653   0.0020419465   0.0017631003  -0.0006510486
       -0.0038701578  -0.0045917868  -0.0001589607  -0.0017389989  -0.0015522370
        0.0007926047   0.0002018663  -0.0003002237   0.0000047956  -0.0006044109
       -0.0013437417  -0.0002849851  -0.0001081263   0.0001533138  -0.0005780977
       -0.0013907874  -0.0019548094  -0.0003957341   0.0004484324  -0.0000986124
       -0.0000140155   0.0001008383  -0.0000530468   0.0000246665   0.0000050498
       -0.0000528552  -0.0000819900   0.0000127643   0.0000065110   0.0000751921
       -0.0000280566  -0.0000162842   0.0000276536   0.0000655099   0.0000944995
       -0.0008620559   0.0007350402   0.0007308423
        0.0027223561  -0.0049308908  -0.0041858585  -0.0665934390   0.0055534397
        0.0098935686  -0.2505271074  -0.0273635487   0.0252575557   0.6335235454
       -0.0168920997  -0.0344778268  -0.1017719660  -0.0798389962   0.0414138981
       -0.0193897835  -0.0299005741   0.0132323489   0.0061408284   0.0108247897
       -0.0051477318  -0.0530083230   0.0126104854  -0.0002886306  -0.1545316440
        0.1216285243  -0.0443152692   0.0047032638   0.0030604145   0.0038754920
       -0.0033852926   0.0006866551   0.0013862236   0.0005290509   0.0010747705
        0.0007063103  -0.0010347197  -0.0004006886  -0.0003163070   0.0005052947
        0.0000392793   0.0002167748   0.0011039076  -0.0005492914  -0.0007123845
       -0.0005572281  -0.0002279697  -0.0007729230  -0.0004687412  -0.0002785399
       -0.0006758055   0.0008147988   0.0000694530  -0.0005022302   0.0001505199
       -0.0007722711  -0.0003741707   0.0044043051   0.0152570139  -0.0088298277
       -0.0053605997  -0.0005237236   0.0012757249   0.0009456151   0.0001441429
       -0.0003428853  -0.0053262392  -0.0007694921   0.0014539647   0.0062048806
       -0.0065203129   0.0036927750   0.0000691055  -0.0004181376  -0.0004002015
        0.0002191954  -0.0001307426  -0.0001907867   0.0000729229   0.0000866671
       -0.0000718012   0.0001528345   0.0000194203  -0.0000855574   0.0001381410
       -0.0000150891   0.0000593299   0.0001627844   0.0000826255   0.0000976982
       -0.0006082667  -0.0016053131  -0.0008714673
        0.0028861146  -0.0040945290   0.0034601208   0.0141776829  -0.0002569645
       -0.0036371009  -0.0455438415  -0.0667250573   0.0104933910  -0.0168920997
        0.5560840590  -0.1586191332  -0.0241425217  -0.2348059692   0.0792744400
       -0.0817253200   0.0104101589   0.0002425152   0.0109244234  -0.0557153472
        0.0194021359   0.0628942138   0.0347613978  -0.0204165136   0.0678820182
       -0.2050470964   0.0541102451   0.0005700980   0.0070361490  -0.0080111028
       -0.0001872919   0.0004027991  -0.0001711767   0.0001508687  -0.0005236458
        0.0009436435  -0.0001439942  -0.0000484933  -0.0000931286   0.0000529596
        0.0000927714  -0.0000762017   0.0001498957  -0.0003686506   0.0002155282
       -0.0004115296   0.0000639109   0.0003703215   0.0004201887   0.0004489935
        0.0004981362   0.0003648053  -0.0000180943  -0.0008317761  -0.0001327212
       -0.0011310333  -0.0008730771  -0.0054112359  -0.0222714274   0.0097177110
       -0.0001651042   0.0024487632   0.0022591533   0.0002654110  -0.0004222738
        0.0006253492  -0.0012101202   0.0023361287   0.0028695385   0.0151613307
       -0.0225896377   0.0089286145   0.0000269324   0.0000727161  -0.0002896374
        0.0000427093  -0.0000673725   0.0000034690   0.0000130670   0.0000301708
       -0.0000133913   0.0000286012  -0.0000083434  -0.0000241650  -0.0000004013
       -0.0000019285  -0.0000048291  -0.0000098246   0.0000104486  -0.0000245928
       -0.0000353146  -0.0001026030  -0.0003284866
        0.0013291254   0.0037357727  -0.0016763290   0.0254063310   0.0010653989
       -0.0049076579   0.0028591437   0.0024432013  -0.0546777926  -0.0344778268
       -0.1586191332   0.2089515205   0.0165279492   0.0852573240  -0.0851849561
        0.0324259816  -0.0022077173  -0.0033398549  -0.0043885624   0.0182814929
       -0.0131074154  -0.0218425757  -0.0145189281   0.0057697864  -0.0178148539
        0.0479275352  -0.0660551555   0.0012781362  -0.0075342796   0.0046775526
        0.0010289408  -0.0002219061   0.0003240234  -0.0000808911   0.0003240328
       -0.0008652491   0.0000190915   0.0000936390   0.0001259319  -0.0000357312
       -0.0000863689   0.0000439551   0.0000268470   0.0002143547  -0.0003019017
       -0.0007693885   0.0001780013  -0.0000424309   0.0001725078  -0.0004374066
       -0.0006098910   0.0000963170  -0.0002560590  -0.0006464100   0.0003777211
        0.0006118569   0.0005303042   0.0019816507   0.0085353493  -0.0021151969
        0.0013363424   0.0025375182   0.0072024069  -0.0001425601   0.0003005656
        0.0001962936   0.0011267085   0.0024483995   0.0072030636  -0.0064260319
        0.0099917255  -0.0019568391   0.0000404391  -0.0001112843   0.0002050208
       -0.0000023324   0.0000390476  -0.0000157546  -0.0000272375  -0.0000304111
       -0.0000047517  -0.0000174278  -0.0000027578   0.0000088948  -0.0000206293
        0.0000183430  -0.0000056980  -0.0000835133  -0.0000557209  -0.0000265603
        0.0000963288   0.0000784146   0.0003010907
        0.0000388955   0.0000957432   0.0012742669   0.0049504034  -0.0055458322
       -0.0025483110  -0.0397976883  -0.0335503696   0.0165454364  -0.1017719660
       -0.0241425217   0.0165279492   0.6724929678  -0.0243626608  -0.0330201455
       -0.3320750152  -0.0626251397   0.0487218408  -0.0528629341   0.0672191902
       -0.0231878705  -0.0364742136  -0.0312399528   0.0146784205   0.0493035892
       -0.0066464493  -0.0001784404  -0.0018579269   0.0015369576  -0.0013919124
        0.0004039484  -0.0003260709  -0.0005774973  -0.0002652729  -0.0004324183
       -0.0000430650   0.0003705869   0.0002047123   0.0001785219  -0.0001647263
       -0.0000186488  -0.0001173306  -0.0001648226   0.0001660534   0.0002350135
       -0.0000591337   0.0002900011   0.0004378256   0.0000397928   0.0000530102
       -0.0000046990  -0.0001625252   0.0002596888   0.0007045014  -0.0000125996
       -0.0000196071  -0.0000176632  -0.1449635681   0.1168364485  -0.0402133285
       -0.0133081158  -0.0039894481   0.0029333029  -0.0015428604   0.0032667030
       -0.0003328261   0.0000586695  -0.0007741600   0.0002568502  -0.0019048348
        0.0034569637  -0.0010456007   0.0000132178   0.0000575942   0.0000046632
       -0.0001263182   0.0000213333   0.0000545171  -0.0000361360  -0.0000371237
        0.0000358701  -0.0000425248  -0.0000062898   0.0000318839  -0.0000733115
        0.0000053272  -0.0000328507  -0.0000781282  -0.0000669553  -0.0000522957
        0.0000725507   0.0003139213   0.0001429732
        0.0000076526   0.0001213540   0.0001549821   0.0071628763  -0.0023057397
       -0.0016320920  -0.0298605408  -0.0085848144   0.0031517204  -0.0798389962
       -0.2348059692   0.0852573240  -0.0243626608   0.5554891937  -0.1819307937
        0.0075003806  -0.0894764012   0.0185184224   0.0129291945   0.0320349379
       -0.0137875161  -0.0261290968  -0.0180403918   0.0071478112   0.0362847867
       -0.0485132382   0.0183800333  -0.0009281305  -0.0005907946  -0.0000164481
        0.0005135076  -0.0000977552  -0.0002172620  -0.0001616949  -0.0000660533
       -0.0001151798   0.0000841089   0.0000459354   0.0000185559  -0.0000365301
       -0.0000113726   0.0000095708  -0.0000927433   0.0000645357   0.0000777579
        0.0002226719   0.0000441339   0.0001480756   0.0000387485   0.0000047349
        0.0001754736  -0.0002252703   0.0006414541   0.0003597919   0.0002803330
       -0.0001165788  -0.0000712802   0.1169392444  -0.1771107297   0.0527825030
       -0.0261753804  -0.0055315731   0.0048017131   0.0036753918  -0.0017584888
        0.0034342893  -0.0007017281   0.0003137353  -0.0002822085   0.0029869580
       -0.0020309796   0.0034301550  -0.0000122715   0.0000257256   0.0000126302
       -0.0000102193   0.0000122234   0.0000075406  -0.0000011687  -0.0000009410
        0.0000051849  -0.0000115458   0.0000060204   0.0000031982   0.0000068319
       -0.0000007626   0.0000104367  -0.0000317498   0.0000011483   0.0000020703
       -0.0000529593   0.0002374514   0.0001635401
        0.0004689640   0.0000933882  -0.0004558386  -0.0011335394  -0.0017723601
       -0.0005482122   0.0082615113   0.0097968470   0.0023142525   0.0414138981
        0.0792744400  -0.0851849561  -0.0330201455  -0.1819307937   0.1845869507
        0.0189043515   0.0237176542  -0.0545251169  -0.0003521848  -0.0191353315
        0.0092478126   0.0136888749   0.0087365004  -0.0092860354  -0.0188269023
        0.0202283636  -0.0055852707  -0.0001489161   0.0001081045   0.0002824020
       -0.0001518617   0.0000925937   0.0000857946   0.0000446181   0.0001606565
        0.0000849296  -0.0001498231  -0.0000804436  -0.0000603987   0.0000807119
        0.0000215999   0.0000629807   0.0000397307  -0.0000952262  -0.0000588923
        0.0001379786  -0.0000290452  -0.0000301916   0.0002222461   0.0001282194
       -0.0000682356   0.0007922254  -0.0004343662  -0.0005758635  -0.0004321198
        0.0001116707   0.0000544709  -0.0403963152   0.0515523156  -0.0509062666
        0.0115256596   0.0028928770  -0.0013013888  -0.0008674508   0.0034960749
        0.0060230739   0.0002585965  -0.0001693708  -0.0000654756  -0.0004969021
        0.0033259214   0.0059741546  -0.0000492967   0.0000030915   0.0000111563
        0.0000498784  -0.0000152827  -0.0000193972   0.0000208891   0.0000205418
       -0.0000040475   0.0000180736   0.0000026264  -0.0000078085   0.0000394214
       -0.0000127508   0.0000286812   0.0000486262   0.0000406971   0.0000417555
        0.0000092020  -0.0001292130  -0.0001150191
        0.0005167318  -0.0005392690  -0.0003452643  -0.0028863229   0.0000808220
       -0.0000573508   0.0048501688   0.0020708869   0.0020343370  -0.0193897835
       -0.0817253200   0.0324259816  -0.3320750152   0.0075003806   0.0189043515
        0.6550364000  -0.0099485768  -0.0378601018  -0.1877139568   0.0737452044
       -0.0193681365   0.0547770158   0.0447600176  -0.0219482771  -0.0537538992
        0.0187948284  -0.0042112407   0.0004047605   0.0005519423  -0.0001550204
       -0.0002194510   0.0001341346   0.0001435788   0.0000491929   0.0001221979
        0.0001434307  -0.0001758814  -0.0000679687  -0.0000495514   0.0000684288
        0.0000210587   0.0000359222   0.0001112453  -0.0000680000  -0.0000554630
        0.0000700963  -0.0000946605  -0.0001851025   0.0002127522   0.0000920664
       -0.0000140177  -0.0001257795  -0.0001507194   0.0005330090  -0.0001652884
       -0.0000368695  -0.0000924904  -0.0219114947   0.0002600765   0.0022001347
       -0.0750042076  -0.0755270186   0.0336244381  -0.0227746583   0.0216649849
       -0.0072454247   0.0003845016  -0.0022842862   0.0015072842  -0.0003529497
        0.0007347923   0.0000707789  -0.0000488365  -0.0000220013  -0.0000348748
        0.0000344429  -0.0000245543  -0.0000274185   0.0000174809   0.0000172511
       -0.0000143303   0.0000129205  -0.0000004023  -0.0000166205   0.0000236051
       -0.0000106945   0.0000090653   0.0000216667   0.0000253979   0.0000291614
        0.0000061145  -0.0000757016   0.0000192118
        0.0001485196  -0.0005204860   0.0001073122  -0.0013822944  -0.0005905839
        0.0002403224   0.0000728107  -0.0027993112   0.0047311247  -0.0299005741
        0.0104101589  -0.0022077173  -0.0626251397  -0.0894764012   0.0237176542
       -0.0099485768   0.5867392012  -0.1921580232   0.1468284044  -0.2135875529
        0.0570102562  -0.0108969512  -0.0571413102   0.0240949493   0.0236208034
       -0.0057053348  -0.0009713658  -0.0001608739   0.0007241708  -0.0004462734
       -0.0000650793   0.0000049513  -0.0000258427  -0.0000055036  -0.0000328738
        0.0000791997  -0.0000264681   0.0000002329  -0.0000049537   0.0000118743
        0.0000129932   0.0000075260  -0.0000193058  -0.0000217111   0.0000060334
        0.0000227577  -0.0000281036   0.0000238744   0.0000663994   0.0000568830
       -0.0000329483  -0.0000436682   0.0000285814   0.0001099967  -0.0000517695
       -0.0001128318  -0.0000312784   0.0223552621   0.0010205872  -0.0024623872
       -0.0757302498  -0.2282931928   0.0847177320  -0.0009342235   0.0019746894
       -0.0005578270  -0.0017539676  -0.0033143451   0.0044842922   0.0004280288
        0.0006017920  -0.0004099205  -0.0000095738   0.0000060515  -0.0000124261
       -0.0000003076  -0.0000044959   0.0000014019  -0.0000007327   0.0000057217
       -0.0000069630   0.0000014307  -0.0000030365  -0.0000052363   0.0000021833
        0.0000010854   0.0000004535   0.0000065990   0.0000179232   0.0000006475
       -0.0000098140   0.0000265477   0.0000003865
       -0.0000889495   0.0001111151  -0.0005296007  -0.0011513447  -0.0001482112
        0.0004836219   0.0025419698   0.0051024587   0.0052891515   0.0132323489
        0.0002425152  -0.0033398549   0.0487218408   0.0185184224  -0.0545251169
       -0.0378601018  -0.1921580232   0.1964734941  -0.0494204666   0.0639423476
       -0.0688146864  -0.0002996496   0.0193883833  -0.0066299657  -0.0051741329
       -0.0010862092  -0.0040393581  -0.0001642586   0.0000139902   0.0000502173
       -0.0000037502  -0.0000068434  -0.0000248150  -0.0000094546  -0.0000249066
       -0.0000094728   0.0000397663   0.0000011619   0.0000113298  -0.0000150576
        0.0000018207  -0.0000181595  -0.0000041320   0.0000047791   0.0000187700
        0.0000444008   0.0000345036   0.0000105518  -0.0000443368  -0.0000616440
       -0.0000115896   0.0001185002  -0.0000876757  -0.0000812349   0.0000545976
        0.0000848712   0.0000214360  -0.0075493586  -0.0003093615   0.0006285950
        0.0337709017   0.0847494281  -0.0713969453   0.0021519743  -0.0025154565
        0.0007135167   0.0012753136   0.0046157515   0.0058118674  -0.0001387695
       -0.0003696822  -0.0000299537   0.0000039715  -0.0000112507   0.0000060630
       -0.0000002638  -0.0000036219   0.0000078279   0.0000002523  -0.0000003603
       -0.0000064179   0.0000016088   0.0000022285   0.0000004653  -0.0000062332
        0.0000077061  -0.0000035950   0.0000028369   0.0000027312  -0.0000098018
       -0.0000300234  -0.0000409679  -0.0000563394
       -0.0002587490   0.0003907547   0.0000601947   0.0017046126   0.0000573480
        0.0001747968  -0.0047345501  -0.0018530233  -0.0009483615   0.0061408284
        0.0109244234  -0.0043885624  -0.0528629341   0.0129291945  -0.0003521848
       -0.1877139568   0.1468284044  -0.0494204666   0.6706426585  -0.0115441001
       -0.0372067064  -0.1234351923  -0.1063707573   0.0488241213  -0.0189365321
       -0.0289449065   0.0134007032  -0.0000190856  -0.0001987496   0.0000404349
        0.0001329976  -0.0000497040  -0.0000560956  -0.0000419052  -0.0000247729
       -0.0000330275   0.0000309086   0.0000231617   0.0000204298  -0.0000419033
        0.0000030327  -0.0000006325  -0.0000452628   0.0000117191   0.0000154724
        0.0000459732  -0.0000088118  -0.0000041543   0.0000153972  -0.0000373339
       -0.0000566239  -0.0001666342   0.0000482562  -0.0000313611   0.0001237069
       -0.0000260432   0.0000439573  -0.0054908332  -0.0004462527   0.0013204545
        0.0060087423  -0.0070846372   0.0023783665  -0.2910881086  -0.0302516721
        0.0319447972   0.0056337281   0.0164894213  -0.0070697452  -0.0056121990
       -0.0009789964   0.0012223700   0.0000018587   0.0000043697   0.0000160604
       -0.0000176697   0.0000019386   0.0000089136  -0.0000044103  -0.0000017450
        0.0000028011  -0.0000072553  -0.0000071778   0.0000031026  -0.0000016659
       -0.0000023919   0.0000037204  -0.0000149087   0.0000048338   0.0000006424
        0.0000123442   0.0001142177   0.0000865827
        0.0000560121   0.0000168923   0.0001937723   0.0004267925  -0.0003275353
       -0.0002752410  -0.0021909299   0.0017462644  -0.0006485539   0.0108247897
       -0.0557153472   0.0182814929   0.0672191902   0.0320349379  -0.0191353315
        0.0737452044  -0.2135875529   0.0639423476  -0.0115441001   0.5708947681
       -0.1851762568  -0.0330819984  -0.2584560672   0.0878464587  -0.0832910689
        0.0086220648   0.0036025814  -0.0001194104   0.0001071007  -0.0000655710
        0.0000167811  -0.0000077646  -0.0000345341  -0.0000135375   0.0000111089
        0.0000018626  -0.0000144979  -0.0000004020   0.0000053832   0.0000073889
       -0.0000015492   0.0000167253  -0.0000178797   0.0000144666   0.0000219463
        0.0000911060  -0.0000413286  -0.0000467955   0.0001600493   0.0001116856
        0.0000395008   0.0000397208  -0.0000373822   0.0002364271  -0.0001388008
        0.0001138722  -0.0000015281  -0.0011597406   0.0024227804   0.0025340190
        0.0154073135  -0.0223106076   0.0082331636  -0.0302047366  -0.0461085116
        0.0080273311  -0.0060021051  -0.0220809972   0.0096633520  -0.0002430842
        0.0025117100   0.0026207698  -0.0000237621   0.0000348417   0.0000138298
       -0.0000049887   0.0000112841  -0.0000022974   0.0000049091   0.0000029215
        0.0000102622  -0.0000047625   0.0000023365   0.0000023105   0.0000000458
       -0.0000095424  -0.0000020083   0.0000099696   0.0000011258   0.0000225552
        0.0000461305   0.0000244265   0.0000720262
       -0.0000400898  -0.0000015113  -0.0000424070  -0.0002095572   0.0000710954
        0.0000501054   0.0010742211  -0.0005157750   0.0000446385  -0.0051477318
        0.0194021359  -0.0131074154  -0.0231878705  -0.0137875161   0.0092478126
       -0.0193681365   0.0570102562  -0.0688146864  -0.0372067064  -0.1851762568
        0.1889945560   0.0191071075   0.0932517110  -0.0862693885   0.0350401810
       -0.0009039505  -0.0009692609   0.0000497618  -0.0000412426   0.0000345563
       -0.0000150644   0.0000133614   0.0000133310   0.0000061017   0.0000011734
       -0.0000088246   0.0000063000  -0.0000012554   0.0000025420  -0.0000000758
       -0.0000044219   0.0000000232   0.0000111888  -0.0000068776   0.0000016506
       -0.0000389288   0.0000045679   0.0000288587  -0.0000808333  -0.0000226835
       -0.0000049484  -0.0000279017   0.0000346851  -0.0000995944   0.0000691701
       -0.0000381492  -0.0000246844   0.0015594622   0.0023627570   0.0068503618
       -0.0067138196   0.0099839994  -0.0028033309   0.0319510587   0.0081200742
       -0.0375467814   0.0020558162   0.0079823151  -0.0025738578   0.0011142246
        0.0023003895   0.0070227166   0.0000068198   0.0000004194  -0.0000197646
        0.0000023347   0.0000059595  -0.0000080421  -0.0000015596  -0.0000042762
        0.0000102044   0.0000007627   0.0000032736   0.0000020694   0.0000008748
       -0.0000086803   0.0000045568   0.0000010553  -0.0000127844   0.0000086799
       -0.0000181653  -0.0000227932  -0.0000236761
        0.0001560433  -0.0006008249  -0.0005088884  -0.0038863730   0.0008638174
        0.0005072320   0.0062951380   0.0025803434   0.0011477712  -0.0530083230
        0.0628942138  -0.0218425757  -0.0364742136  -0.0261290968   0.0136888749
        0.0547770158  -0.0108969512  -0.0002996496  -0.1234351923  -0.0330819984
        0.0191071075   0.6624209267  -0.0202922303  -0.0310815535  -0.3354976765
       -0.0654750186   0.0453110715   0.0005664771   0.0000043240   0.0003856212
       -0.0002256427   0.0001074898   0.0001894364   0.0000435084   0.0001246611
        0.0000702690  -0.0001552352  -0.0000551556  -0.0000569671   0.0000716938
        0.0000044337   0.0000364193   0.0001238809  -0.0000677803  -0.0000918388
       -0.0000417877  -0.0000748147  -0.0000944156  -0.0001926858  -0.0000934427
       -0.0001326252  -0.0001347649   0.0001481228  -0.0002620220   0.0001491149
       -0.0002169520  -0.0000631664   0.0000325506  -0.0008873628   0.0001923754
       -0.0015783515   0.0038583435  -0.0007879004  -0.0138702382  -0.0259234317
        0.0114211230  -0.1435186685   0.1170583271  -0.0389165457  -0.0126309500
       -0.0037318585   0.0022314532   0.0000032551  -0.0000595659  -0.0000547239
        0.0000376844  -0.0000207603  -0.0000262805   0.0000117873   0.0000148467
       -0.0000179870   0.0000188118   0.0000035380  -0.0000137870   0.0000233326
        0.0000018502   0.0000101911   0.0000073483   0.0000222379   0.0000108919
       -0.0000884659  -0.0000793049  -0.0000589109
       -0.0000828452  -0.0002650785   0.0000213933  -0.0002274287   0.0005295916
        0.0003254572   0.0046560178  -0.0038395722   0.0040002272   0.0126104854
        0.0347613978  -0.0145189281  -0.0312399528  -0.0180403918   0.0087365004
        0.0447600176  -0.0571413102   0.0193883833  -0.1063707573  -0.2584560672
        0.0932517110  -0.0202922303   0.5843801379  -0.1875468767   0.0052686470
       -0.0908127795   0.0177001881   0.0002002737   0.0004810026  -0.0005472400
       -0.0000626962   0.0000455735   0.0000346738   0.0000353325  -0.0000256872
        0.0000933633  -0.0000393018  -0.0000166228  -0.0000243374   0.0000345710
        0.0000084679  -0.0000061957   0.0000297186  -0.0000235266   0.0000109002
        0.0000207607  -0.0000128987  -0.0000474972  -0.0001118329  -0.0000506979
       -0.0000005974   0.0001049958  -0.0000167196  -0.0001715759   0.0000494269
       -0.0000224645  -0.0000217200  -0.0006494225   0.0003391114  -0.0001540781
        0.0032587479  -0.0018649497   0.0036730475  -0.0032262357  -0.0042279130
        0.0019403778   0.1171269295  -0.1801286468   0.0502021821  -0.0258867839
       -0.0055603897   0.0037754177   0.0000030564  -0.0000027840  -0.0000229383
        0.0000140931  -0.0000068592  -0.0000020118   0.0000068227   0.0000084574
       -0.0000122622   0.0000050286   0.0000084023  -0.0000048390   0.0000007992
        0.0000120303  -0.0000050877   0.0000063876   0.0000093237  -0.0000090748
       -0.0000026248  -0.0000681375  -0.0000585629
       -0.0000618790  -0.0005032236   0.0003785871  -0.0013726536   0.0002262697
        0.0006673349  -0.0019621160   0.0045848133   0.0044705312  -0.0002886306
       -0.0204165136   0.0057697864   0.0146784205   0.0071478112  -0.0092860354
       -0.0219482771   0.0240949493  -0.0066299657   0.0488241213   0.0878464587
       -0.0862693885  -0.0310815535  -0.1875468767   0.1933927098   0.0188766457
        0.0241955384  -0.0535004884  -0.0001790598   0.0004210573  -0.0001256519
       -0.0000923065  -0.0000100485  -0.0000082173   0.0000118644   0.0000088254
        0.0000520565  -0.0000203821  -0.0000106341  -0.0000283398   0.0000106351
        0.0000059791   0.0000052115  -0.0000270145  -0.0000024617  -0.0000086447
        0.0001041962  -0.0000389190  -0.0000122132   0.0001066000   0.0001043248
        0.0001167448   0.0000273971  -0.0000195335   0.0000757812  -0.0000906751
       -0.0001024587  -0.0000873098   0.0002214730  -0.0001214085  -0.0001356012
       -0.0006463391   0.0035809482   0.0064698392   0.0023842371   0.0037046941
       -0.0017169342  -0.0390159231   0.0501763495  -0.0517601696   0.0115262403
        0.0026285099  -0.0018182498  -0.0000113827   0.0000140507   0.0000027740
       -0.0000031204  -0.0000067894   0.0000026047   0.0000008162   0.0000056376
       -0.0000102624  -0.0000027678  -0.0000034792  -0.0000054944   0.0000100956
       -0.0000011501  -0.0000008186   0.0000150714   0.0000144320  -0.0000021937
        0.0000062670   0.0000228473   0.0000020174
       -0.0000285870   0.0014486714  -0.0002010406   0.0021390368  -0.0021210427
       -0.0041466933  -0.0561202387   0.0258507870  -0.0065424524  -0.1545316440
        0.0678820182  -0.0178148539   0.0493035892   0.0362847867  -0.0188269023
       -0.0537538992   0.0236208034  -0.0051741329  -0.0189365321  -0.0832910689
        0.0350401810  -0.3354976765   0.0052686470   0.0188766457   0.6685748209
        0.0073788076  -0.0428202139  -0.0021071176  -0.0017607210   0.0022250821
        0.0005008046  -0.0005348853  -0.0003899771  -0.0003461508  -0.0001375009
       -0.0004496799   0.0003710924   0.0002163923   0.0001938499  -0.0001593433
       -0.0000556512  -0.0000670602  -0.0001672919   0.0002927415   0.0001159790
        0.0002034878   0.0002535982   0.0002875576   0.0002624800   0.0000265284
        0.0000483226   0.0000523831   0.0002679440   0.0005183934   0.0000158873
        0.0003428606   0.0002727003   0.0001664634  -0.0021327624   0.0016510578
       -0.0003291296   0.0004637454  -0.0003470501   0.0003107089  -0.0017733566
        0.0011263225  -0.0226138975   0.0003017686   0.0015969637  -0.0769630430
       -0.0784106020   0.0343630368  -0.0000053980   0.0000097497   0.0001263820
       -0.0001324331   0.0000452056   0.0000455631  -0.0000416393  -0.0000395644
        0.0000261487  -0.0000516832   0.0000010968   0.0000350710  -0.0000642212
        0.0000176490  -0.0000263547  -0.0000817659  -0.0000587598  -0.0000448181
        0.0000309376   0.0003421138   0.0003019721
       -0.0000506460   0.0001813557  -0.0001873533  -0.0048676639   0.0014077150
        0.0008500032   0.0174561305   0.0047842520   0.0013957427   0.1216285243
       -0.2050470964   0.0479275352  -0.0066464493  -0.0485132382   0.0202283636
        0.0187948284  -0.0057053348  -0.0010862092  -0.0289449065   0.0086220648
       -0.0009039505  -0.0654750186  -0.0908127795   0.0241955384   0.0073788076
        0.5701318945  -0.1839417670   0.0006152709  -0.0001100161   0.0006996440
       -0.0003285872   0.0000202272   0.0000652443   0.0000813274   0.0000225437
       -0.0000546854   0.0000130204   0.0000197663   0.0000061541   0.0000044978
       -0.0000256831  -0.0000199045   0.0000621085  -0.0000216088  -0.0000395351
       -0.0002485685  -0.0000067699  -0.0000084416  -0.0002590193  -0.0000199438
        0.0000233365   0.0001415613  -0.0003370174  -0.0004868153   0.0000543391
       -0.0000034752   0.0000389180  -0.0016330581  -0.0034422012   0.0041340215
        0.0004414293   0.0007146380  -0.0002645811  -0.0022733855  -0.0032148182
        0.0042881794   0.0224030904   0.0011870727  -0.0018808208  -0.0783110668
       -0.2296508997   0.0852085877   0.0000348247  -0.0000202335  -0.0000171230
       -0.0000168971   0.0000066247  -0.0000010440  -0.0000181082  -0.0000188633
        0.0000066052  -0.0000010060   0.0000022552   0.0000028576  -0.0000173445
        0.0000024891  -0.0000096453   0.0000010697  -0.0000214021  -0.0000062042
       -0.0000191049  -0.0001315180  -0.0001626512
       -0.0000156602   0.0001718288   0.0002728824   0.0010024354   0.0009197782
        0.0002631268   0.0011370960  -0.0035658834   0.0032194730  -0.0443152692
        0.0541102451  -0.0660551555  -0.0001784404   0.0183800333  -0.0055852707
       -0.0042112407  -0.0009713658  -0.0040393581   0.0134007032   0.0036025814
       -0.0009692609   0.0453110715   0.0177001881  -0.0535004884  -0.0428202139
       -0.1839417670   0.1835412091   0.0003486459   0.0001849363  -0.0003315520
        0.0000389041   0.0000422719   0.0000279069   0.0000060161  -0.0000675424
        0.0000162030   0.0000151238   0.0000209739   0.0000234318  -0.0000221265
        0.0000097029  -0.0000114856   0.0000189034   0.0000649120   0.0000621240
        0.0000883054  -0.0001106982  -0.0001872520   0.0000007025   0.0000975676
        0.0001472753   0.0000512521   0.0001628793   0.0002034992   0.0000987129
        0.0000865298   0.0000572402   0.0012374163   0.0043982069   0.0052953763
       -0.0001673069  -0.0004244989  -0.0000823860   0.0014177391   0.0043596060
        0.0054418525  -0.0072274982  -0.0001586162   0.0013142838   0.0347706901
        0.0848611778  -0.0692589675  -0.0000181302   0.0000340101   0.0000135096
       -0.0000009216   0.0000128933   0.0000159600   0.0000006898  -0.0000002201
        0.0000098915  -0.0000132451   0.0000008177   0.0000139023  -0.0000106631
       -0.0000032084  -0.0000019786   0.0000150930  -0.0000003662   0.0000091339
        0.0000412155   0.0000230263   0.0000748738
       -0.0088467299  -0.0091530335  -0.0064206692  -0.1758515412  -0.0473163723
       -0.0297636340  -0.0655153414   0.0142249322   0.0224320609   0.0047032638
        0.0005700980   0.0012781362  -0.0018579269  -0.0009281305  -0.0001489161
        0.0004047605  -0.0001608739  -0.0001642586  -0.0000190856  -0.0001194104
        0.0000497618   0.0005664771   0.0002002737  -0.0001790598  -0.0021071176
        0.0006152709   0.0003486459   0.6140234514   0.0039635037  -0.0457651809
       -0.2005191364   0.1003965833   0.0952967690  -0.0623600270  -0.0076976910
       -0.0001715831   0.0034253073   0.0163034287   0.0129249925  -0.0016593607
       -0.0005155125  -0.0011470132  -0.0061641853  -0.0246731739  -0.0194247334
       -0.0952171690  -0.0550203501  -0.0398542700  -0.0005165733   0.0000852685
        0.0002439125  -0.0001149973  -0.0006657392  -0.0005437285  -0.0006787651
       -0.0003541227  -0.0002563170  -0.0000308935  -0.0000757912   0.0001586421
       -0.0001426282  -0.0001436003   0.0001104365  -0.0001425871  -0.0000141622
        0.0000417534  -0.0001579717   0.0000799058  -0.0000636932   0.0000745547
       -0.0001220612   0.0000896573   0.0047045661  -0.0017599635  -0.0011426695
       -0.0049674419  -0.0020108951  -0.0003147085   0.0000407374   0.0000807649
        0.0002933919   0.0002412424  -0.0001228219  -0.0001028777  -0.0001235433
       -0.0000528085   0.0001439486  -0.0051306454  -0.0023621178  -0.0007821690
        0.0039393071   0.0167486019   0.0128333732
       -0.0184411499  -0.0051532491  -0.0079353676  -0.0349496733  -0.0743991129
       -0.0124842685   0.0087385087   0.0016493932   0.0073104046   0.0030604145
        0.0070361490  -0.0075342796   0.0015369576  -0.0005907946   0.0001081045
        0.0005519423   0.0007241708   0.0000139902  -0.0001987496   0.0001071007
       -0.0000412426   0.0000043240   0.0004810026   0.0004210573  -0.0017607210
       -0.0001100161   0.0001849363   0.0039635037   0.4267663513   0.2521095006
        0.0547338163  -0.1278155097  -0.0707995287   0.0356967994   0.0305750361
        0.0200126273   0.0167511589  -0.0345207450  -0.0247293807  -0.0009257463
       -0.0004194102  -0.0002783745  -0.0669292456  -0.0083265724  -0.0019963852
       -0.0104719506  -0.1964046119  -0.1195723458  -0.0006281586  -0.0001960403
       -0.0004452570  -0.0009182823  -0.0019950284  -0.0033257882   0.0001941017
        0.0004384668   0.0001546421   0.0000404215  -0.0001017223  -0.0001591560
        0.0002111930   0.0000366742  -0.0000021199  -0.0000325337  -0.0000440564
       -0.0001152824  -0.0001196388   0.0000160882  -0.0000217448  -0.0001190595
        0.0000049737  -0.0001483066   0.0154558312  -0.0132095161  -0.0124901959
       -0.0026095471   0.0035949847  -0.0035297988  -0.0003109102   0.0002980651
        0.0000150730   0.0000127734   0.0000057407   0.0002145104  -0.0002866469
        0.0001613369   0.0002993481  -0.0019189122   0.0037825949  -0.0037505761
       -0.0003308207  -0.0123917436  -0.0114847953
       -0.0167314719  -0.0094446219  -0.0030683112  -0.0178433944  -0.0124173038
       -0.0642650059   0.0196783339   0.0097323906  -0.0011699769   0.0038754920
       -0.0080111028   0.0046775526  -0.0013919124  -0.0000164481   0.0002824020
       -0.0001550204  -0.0004462734   0.0000502173   0.0000404349  -0.0000655710
        0.0000345563   0.0003856212  -0.0005472400  -0.0001256519   0.0022250821
        0.0006996440  -0.0003315520  -0.0457651809   0.2521095006   0.3465824005
        0.0583154801  -0.0749723544  -0.1170808081   0.0358272974   0.0252081760
        0.0187004167   0.0131310915  -0.0252634201  -0.0285486381  -0.0006170341
       -0.0001123272  -0.0003860514  -0.0555176253  -0.0056043910   0.0019732527
       -0.0033973688  -0.1154532546  -0.1474061794  -0.0003143395  -0.0000063447
        0.0005732869  -0.0012515257  -0.0033555273  -0.0021725370  -0.0007100992
       -0.0007738996  -0.0004287539  -0.0001012073  -0.0000102579   0.0000786618
       -0.0001206998  -0.0000405539  -0.0000038986   0.0000070086   0.0000213821
        0.0000498168   0.0002094427   0.0000017667  -0.0000148357   0.0000693644
        0.0000330438   0.0000168660   0.0122971540  -0.0111949713  -0.0098676476
       -0.0010614208  -0.0036505461   0.0052438676  -0.0002228128   0.0002355234
        0.0000059212   0.0000209350   0.0000122532   0.0002320689  -0.0002767487
        0.0001277910   0.0002283455  -0.0001519982  -0.0037300050   0.0056007433
       -0.0004528777  -0.0130650576  -0.0094605282
       -0.0010044364   0.0008401096   0.0007591659  -0.0398151593   0.0111989818
        0.0133060943   0.0011273569  -0.0035060513  -0.0033770992  -0.0033852926
       -0.0001872919   0.0010289408   0.0004039484   0.0005135076  -0.0001518617
       -0.0002194510  -0.0000650793  -0.0000037502   0.0001329976   0.0000167811
       -0.0000150644  -0.0002256427  -0.0000626962  -0.0000923065   0.0005008046
       -0.0003285872   0.0000389041  -0.2005191364   0.0547338163   0.0583154801
        0.6488368554   0.0320557630  -0.0221436692  -0.3121859250  -0.0340935965
       -0.0043355106   0.0000112622  -0.0717588803  -0.0593523503   0.0014687900
       -0.0004133421   0.0009439681  -0.0588434095   0.0078155922   0.0118458572
        0.0433391941   0.0460512459   0.0339965908  -0.0005817055  -0.0001711398
        0.0002575063  -0.0000510107   0.0003035359   0.0004331185  -0.0005426533
        0.0003217944  -0.0001623989  -0.0000213669   0.0000523446   0.0000024138
        0.0000181504   0.0000401255  -0.0000277287   0.0000580473   0.0000083300
        0.0000158662   0.0000338519  -0.0000381149   0.0000128656  -0.0000265539
       -0.0000167328   0.0000364426  -0.0519160557  -0.0376225841  -0.0291943596
       -0.0254819776  -0.0044996239  -0.0015061062  -0.0006251093   0.0000577011
       -0.0006385651   0.0001585933   0.0002164561   0.0002495554  -0.0004277028
        0.0000373839   0.0000683880  -0.0005294720   0.0002204575   0.0002946359
        0.0003122085  -0.0017202064  -0.0006050227
       -0.0001543482  -0.0010300889  -0.0000806453   0.0037592223   0.0044182677
        0.0039558180  -0.0050266103   0.0011929004   0.0006407914   0.0006866551
        0.0004027991  -0.0002219061  -0.0003260709  -0.0000977552   0.0000925937
        0.0001341346   0.0000049513  -0.0000068434  -0.0000497040  -0.0000077646
        0.0000133614   0.0001074898   0.0000455735  -0.0000100485  -0.0005348853
        0.0000202272   0.0000422719   0.1003965833  -0.1278155097  -0.0749723544
        0.0320557630   0.4440759753   0.2672579097  -0.0941859667  -0.0927989916
       -0.0298253589  -0.0253731465  -0.0104184800  -0.0061644165  -0.0011622702
        0.0002869759  -0.0056705356   0.0076290372  -0.0008943855   0.0023851098
        0.0088672138  -0.0281495951  -0.0254555905  -0.0005407641   0.0003749916
       -0.0004461069   0.0000333380  -0.0001261701  -0.0003320430  -0.0007635229
       -0.0003204980   0.0002074916   0.0000355229   0.0000100020   0.0000065713
       -0.0000526020  -0.0000443140   0.0000212205  -0.0000555740  -0.0000060510
        0.0000058739  -0.0000725091   0.0000373201  -0.0000202904   0.0000205291
        0.0000228781  -0.0000275389  -0.0373297231  -0.1918893907  -0.1261296708
        0.0138492710   0.0034361950   0.0011845540  -0.0000238997   0.0001737198
       -0.0001031858   0.0004415808  -0.0000535368  -0.0001243804  -0.0012488887
       -0.0005840605  -0.0003915680   0.0001783297   0.0004652473   0.0004902159
       -0.0012941847  -0.0007314325  -0.0063212999
       -0.0002891944  -0.0003525576  -0.0008626982   0.0087899701   0.0035697688
        0.0007270567  -0.0048440093   0.0008264427   0.0025894023   0.0013862236
       -0.0001711767   0.0003240234  -0.0005774973  -0.0002172620   0.0000857946
        0.0001435788  -0.0000258427  -0.0000248150  -0.0000560956  -0.0000345341
        0.0000133310   0.0001894364   0.0000346738  -0.0000082173  -0.0003899771
        0.0000652443   0.0000279069   0.0952967690  -0.0707995287  -0.1170808081
       -0.0221436692   0.2672579097   0.3392479817  -0.0541595249  -0.0357232959
       -0.0703165706  -0.0210857920  -0.0016041106   0.0000534968  -0.0000944588
       -0.0062059865   0.0023377186   0.0112118037   0.0023490683  -0.0037208752
        0.0037164883  -0.0288168413  -0.0225815997  -0.0008307178   0.0001172510
       -0.0001279976   0.0000177587  -0.0002775951  -0.0000845247  -0.0004510166
       -0.0004574981   0.0002184677   0.0000252472  -0.0000328905   0.0000216118
       -0.0000636154  -0.0000595143   0.0000332148  -0.0000578534  -0.0000098755
        0.0000124347  -0.0000594546   0.0000346669  -0.0000066506   0.0000399122
        0.0000099296  -0.0000108487  -0.0286978296  -0.1262149666  -0.1344807817
        0.0137927292   0.0028908698   0.0015707243  -0.0014972537  -0.0006542945
       -0.0003423454   0.0000318862   0.0000360046  -0.0000139086   0.0009662292
        0.0002577753   0.0004258210   0.0001900767   0.0005141773   0.0002100667
       -0.0005001496  -0.0063060110   0.0017635885
        0.0005888753  -0.0000707144  -0.0000243795   0.0031228976   0.0024778954
        0.0022701682  -0.0039544876   0.0007351901   0.0013106162   0.0005290509
        0.0001508687  -0.0000808911  -0.0002652729  -0.0001616949   0.0000446181
        0.0000491929  -0.0000055036  -0.0000094546  -0.0000419052  -0.0000135375
        0.0000061017   0.0000435084   0.0000353325   0.0000118644  -0.0003461508
        0.0000813274   0.0000060161  -0.0623600270   0.0356967994   0.0358272974
       -0.3121859250  -0.0941859667  -0.0541595249   0.6649832879   0.0214030884
       -0.0328112157  -0.1028314102  -0.0086774807  -0.0022347816  -0.0129466134
       -0.0230512436  -0.0175724892   0.0457774473   0.0084215409   0.0025256659
       -0.0272596486  -0.0261820864  -0.0197399661  -0.0001259024  -0.0000671658
       -0.0001461748   0.0001767617   0.0000999854   0.0000686250  -0.0000699912
       -0.0001156666  -0.0000634204  -0.0000151764   0.0000449820  -0.0000125335
       -0.0000303510  -0.0000220958   0.0000163845  -0.0000338712  -0.0000049733
       -0.0000009554  -0.0000380970   0.0000114600  -0.0000057700   0.0000268272
       -0.0000583987   0.0000253840  -0.0081552259  -0.0039956783  -0.0024752665
       -0.1767709310   0.0903316277   0.0882257402  -0.0040676739  -0.0018480057
       -0.0009774643   0.0007811593  -0.0015851223  -0.0015943775  -0.0019459099
       -0.0013750619  -0.0008754306  -0.0027877373   0.0024354648   0.0029838134
        0.0001532994  -0.0005051667  -0.0005381993
       -0.0002387173  -0.0004492595   0.0000237448   0.0060109364   0.0021632651
       -0.0048882631  -0.0015369568   0.0013439212   0.0006412224   0.0010747705
       -0.0005236458   0.0003240328  -0.0004324183  -0.0000660533   0.0001606565
        0.0001221979  -0.0000328738  -0.0000249066  -0.0000247729   0.0000111089
        0.0000011734   0.0001246611  -0.0000256872   0.0000088254  -0.0001375009
        0.0000225437  -0.0000675424  -0.0076976910   0.0305750361   0.0252081760
       -0.0340935965  -0.0927989916  -0.0357232959   0.0214030884   0.4340113483
        0.2625697779  -0.0695312782  -0.2052703072  -0.1219013452  -0.0082093299
       -0.0079164521  -0.0087326431   0.0489207689  -0.0288435759  -0.0299266081
       -0.0258205303  -0.0231417575  -0.0126450763   0.0000744036  -0.0001642541
        0.0000618034  -0.0000761462   0.0000733176   0.0000663442  -0.0000429101
        0.0000059083  -0.0002016694   0.0000028245  -0.0000144730   0.0000092321
       -0.0000604293  -0.0000466553   0.0000383350  -0.0000513826  -0.0000073091
        0.0000101822  -0.0000512627   0.0000335186  -0.0000287775   0.0000182017
        0.0000194582  -0.0000129924  -0.0225250406  -0.0079289275  -0.0058339937
        0.0901420677  -0.1022608555  -0.0643797405  -0.0011954645  -0.0005150951
       -0.0002394455   0.0016875982   0.0005058393   0.0001848973   0.0005105912
       -0.0007272827   0.0001177369   0.0021136021   0.0019591464  -0.0049925717
       -0.0004802841   0.0000090443   0.0001727314
       -0.0002498414   0.0002389318  -0.0003013400   0.0054260155  -0.0045873829
        0.0031145463  -0.0013036673  -0.0000100905   0.0011347063   0.0007063103
        0.0009436435  -0.0008652491  -0.0000430650  -0.0001151798   0.0000849296
        0.0001434307   0.0000791997  -0.0000094728  -0.0000330275   0.0000018626
       -0.0000088246   0.0000702690   0.0000933633   0.0000520565  -0.0004496799
       -0.0000546854   0.0000162030  -0.0001715831   0.0200126273   0.0187004167
       -0.0043355106  -0.0298253589  -0.0703165706  -0.0328112157   0.2625697779
        0.3349695259  -0.0525051571  -0.1276103728  -0.1514168684  -0.0050416521
       -0.0075298267  -0.0034299368   0.0360411877  -0.0259391191  -0.0236733395
       -0.0191110639  -0.0125404887  -0.0134590290  -0.0000388388  -0.0001619121
       -0.0000063297  -0.0000864181   0.0000782508   0.0000398621   0.0001585912
        0.0001105706  -0.0000727404   0.0000114643  -0.0000254152  -0.0000330261
       -0.0000204627  -0.0000382503   0.0000077111  -0.0000410624  -0.0000139419
       -0.0000148445  -0.0000686968   0.0000258095  -0.0000095891  -0.0000013852
        0.0000166052  -0.0000198639  -0.0176879235  -0.0074071608  -0.0030745018
        0.0879714788  -0.0645163226  -0.0955512881   0.0001975964   0.0002003963
        0.0002822073   0.0011082138   0.0007318045   0.0004162162  -0.0001069631
       -0.0000686710   0.0002866877   0.0027239370  -0.0048906885   0.0031579636
       -0.0004512805   0.0002320242  -0.0000002181
        0.0001861152   0.0004240831   0.0003622833  -0.0060397067  -0.0001827433
        0.0006090228   0.0024894124  -0.0012387646  -0.0013448934  -0.0010347197
       -0.0001439942   0.0000190915   0.0003705869   0.0000841089  -0.0001498231
       -0.0001758814  -0.0000264681   0.0000397663   0.0000309086  -0.0000144979
        0.0000063000  -0.0001552352  -0.0000393018  -0.0000203821   0.0003710924
        0.0000130204   0.0000151238   0.0034253073   0.0167511589   0.0131310915
        0.0000112622  -0.0253731465  -0.0210857920  -0.1028314102  -0.0695312782
       -0.0525051571   0.6248195970   0.0207074552  -0.0247314136  -0.2030977364
       -0.0395113903  -0.0163119361  -0.2056618046   0.1056258199   0.1023648222
       -0.0631310472  -0.0057884094   0.0006455302   0.0000865830  -0.0000343007
        0.0000669515   0.0001204580   0.0001018277   0.0001250776   0.0000729763
        0.0000964580  -0.0000286967  -0.0000404678   0.0000593446   0.0000016067
        0.0000551461   0.0000715856  -0.0000242929   0.0000721408   0.0000073435
       -0.0000034740   0.0000680664  -0.0000595490   0.0000145730  -0.0000212219
       -0.0000709210   0.0000205869  -0.0051128621  -0.0023378147  -0.0006835781
        0.0023572400   0.0166235525   0.0140242791  -0.0067237837  -0.0070456848
       -0.0036770897  -0.0235105051  -0.0016126561   0.0002107525  -0.0162518331
       -0.0032992050  -0.0090260108   0.0040098798  -0.0023012765  -0.0017169032
       -0.0047585574  -0.0019543563  -0.0003474162
       -0.0001814116  -0.0000870606  -0.0000991075  -0.0011877997  -0.0008585000
       -0.0006837266   0.0014766487  -0.0000360900  -0.0002101840  -0.0004006886
       -0.0000484933   0.0000936390   0.0002047123   0.0000459354  -0.0000804436
       -0.0000679687   0.0000002329   0.0000011619   0.0000231617  -0.0000004020
       -0.0000012554  -0.0000551556  -0.0000166228  -0.0000106341   0.0002163923
        0.0000197663   0.0000209739   0.0163034287  -0.0345207450  -0.0252634201
       -0.0717588803  -0.0104184800  -0.0016041106  -0.0086774807  -0.2052703072
       -0.1276103728   0.0207074552   0.4454264418   0.2457358816  -0.0405804076
       -0.0748053500  -0.0081637249   0.0462018289  -0.1278812765  -0.0675469674
        0.0399670406   0.0329937594   0.0236392021  -0.0000805372  -0.0000466234
        0.0002040332  -0.0000128050   0.0000185641   0.0000334433  -0.0001051684
        0.0001678859  -0.0000712640  -0.0000085596  -0.0000002875  -0.0000045041
        0.0000299405   0.0000262744  -0.0000242564   0.0000314014   0.0000059357
        0.0000000758   0.0000444616  -0.0000134190   0.0000172567  -0.0000123796
        0.0000088826   0.0000144658  -0.0018223832   0.0036314724  -0.0037991731
       -0.0008077856  -0.0129540215  -0.0116409969  -0.0301678121  -0.0116595704
       -0.0062936312   0.0107119108   0.0030290840   0.0011860634   0.0065760845
        0.0032391626  -0.0002326034   0.0157810228  -0.0135966722  -0.0137573765
       -0.0023482663   0.0036005240  -0.0038484443
       -0.0001318790  -0.0001197185  -0.0000229028  -0.0007675033  -0.0008324429
       -0.0004989176   0.0010373343   0.0001695091  -0.0002529973  -0.0003163070
       -0.0000931286   0.0001259319   0.0001785219   0.0000185559  -0.0000603987
       -0.0000495514  -0.0000049537   0.0000113298   0.0000204298   0.0000053832
        0.0000025420  -0.0000569671  -0.0000243374  -0.0000283398   0.0001938499
        0.0000061541   0.0000234318   0.0129249925  -0.0247293807  -0.0285486381
       -0.0593523503  -0.0061644165   0.0000534968  -0.0022347816  -0.1219013452
       -0.1514168684  -0.0247314136   0.2457358816   0.3553569184  -0.0221651608
       -0.0096671532  -0.0650127039   0.0532995866  -0.0734613192  -0.1171499768
        0.0390607966   0.0279881173   0.0196861203  -0.0000895710  -0.0000513714
        0.0001398103  -0.0000127744   0.0000033515   0.0000081467  -0.0000419533
        0.0001374377  -0.0000241709  -0.0000071625   0.0000195386   0.0000135875
        0.0000326451   0.0000355926  -0.0000041834   0.0000315846   0.0000097915
       -0.0000002702   0.0000355203  -0.0000193459  -0.0000015754  -0.0000212462
        0.0000117903  -0.0000130459  -0.0003349929  -0.0038065463   0.0054079049
       -0.0007665344  -0.0132530788  -0.0098783690  -0.0006639017  -0.0017657540
       -0.0002782891   0.0203417148   0.0048383287   0.0026211199  -0.0275463983
       -0.0069374398  -0.0058869824   0.0128438997  -0.0121580712  -0.0098348083
       -0.0007104273  -0.0039896286   0.0054630979
       -0.0000809364  -0.0000804816  -0.0000839408   0.0014909414   0.0003360908
       -0.0001067896  -0.0008264205   0.0000794852   0.0001495249   0.0005052947
        0.0000529596  -0.0000357312  -0.0001647263  -0.0000365301   0.0000807119
        0.0000684288   0.0000118743  -0.0000150576  -0.0000419033   0.0000073889
       -0.0000000758   0.0000716938   0.0000345710   0.0000106351  -0.0001593433
        0.0000044978  -0.0000221265  -0.0016593607  -0.0009257463  -0.0006170341
        0.0014687900  -0.0011622702  -0.0000944588  -0.0129466134  -0.0082093299
       -0.0050416521  -0.2030977364  -0.0405804076  -0.0221651608   0.4760278649
       -0.0124115558  -0.0197764375  -0.0325072166  -0.0032868122   0.0001312262
       -0.0003194860   0.0029993581   0.0032885164  -0.0000112340  -0.0000073376
        0.0000336869  -0.0000287844  -0.0000227658  -0.0000373558  -0.0000116545
        0.0000274528  -0.0000118460   0.0000063734  -0.0000047211  -0.0000193634
       -0.0000432827  -0.0000360865   0.0000056125  -0.0000574865   0.0000054026
       -0.0000019523  -0.0000419312   0.0000395699   0.0000053549   0.0000259783
        0.0000077373   0.0000134739  -0.0003645847   0.0000262227  -0.0000640430
        0.0011919842   0.0014592500   0.0005263240  -0.0427291685  -0.0164534247
        0.0037185543  -0.1255643981   0.0553767154   0.1011617386  -0.0599569958
        0.0238207663  -0.0597207965   0.0007897371  -0.0007469137  -0.0011166251
       -0.0010338230  -0.0003249597  -0.0001949126
       -0.0000447786   0.0000637665  -0.0000337529   0.0005109925  -0.0006194299
        0.0007876532  -0.0002835030   0.0000996933   0.0001230193   0.0000392793
        0.0000927714  -0.0000863689  -0.0000186488  -0.0000113726   0.0000215999
        0.0000210587   0.0000129932   0.0000018207   0.0000030327  -0.0000015492
       -0.0000044219   0.0000044337   0.0000084679   0.0000059791  -0.0000556512
       -0.0000256831   0.0000097029  -0.0005155125  -0.0004194102  -0.0001123272
       -0.0004133421   0.0002869759  -0.0062059865  -0.0230512436  -0.0079164521
       -0.0075298267  -0.0395113903  -0.0748053500  -0.0096671532  -0.0124115558
        0.5080187144   0.0154197819   0.0105607421   0.0034925677   0.0016431799
        0.0022148064   0.0015413042  -0.0039255290  -0.0000071337  -0.0000296757
        0.0000444961  -0.0000220938   0.0000077341   0.0000061552   0.0000605690
        0.0000546458   0.0000072481   0.0000081545   0.0000020692  -0.0000072207
       -0.0000050355  -0.0000128507   0.0000043193  -0.0000153627  -0.0000076239
       -0.0000003003  -0.0000161746   0.0000053919  -0.0000031733  -0.0000033128
        0.0000069718  -0.0000087022  -0.0010743842  -0.0005446072  -0.0000524056
       -0.0010828464  -0.0002774890   0.0018161612  -0.0181529386  -0.2807660432
        0.0037807258   0.0557454732  -0.0829614018  -0.0672914415   0.0258078914
       -0.0652914006   0.0698483154   0.0009862854  -0.0000754715   0.0013272050
        0.0007221893   0.0000717432   0.0000812468
       -0.0000673060  -0.0001133654   0.0000033975   0.0009607657   0.0009401947
       -0.0009910705  -0.0004334682   0.0002245274   0.0002698987   0.0002167748
       -0.0000762017   0.0000439551  -0.0001173306   0.0000095708   0.0000629807
        0.0000359222   0.0000075260  -0.0000181595  -0.0000006325   0.0000167253
        0.0000000232   0.0000364193  -0.0000061957   0.0000052115  -0.0000670602
       -0.0000199045  -0.0000114856  -0.0011470132  -0.0002783745  -0.0003860514
        0.0009439681  -0.0056705356   0.0023377186  -0.0175724892  -0.0087326431
       -0.0034299368  -0.0163119361  -0.0081637249  -0.0650127039  -0.0197764375
        0.0154197819   0.4992120456   0.0115949019   0.0027369905   0.0030452811
        0.0033531443  -0.0041642619   0.0031310210   0.0000388643  -0.0000040290
        0.0000379928  -0.0000315776  -0.0000041337   0.0000045976  -0.0000242333
        0.0000157366  -0.0000207987   0.0000086256  -0.0000119093  -0.0000079050
       -0.0000215612  -0.0000200409   0.0000107086  -0.0000274326   0.0000017221
       -0.0000008703  -0.0000219524   0.0000192724  -0.0000052389   0.0000074168
        0.0000124639  -0.0000060711  -0.0008301830  -0.0001887315  -0.0003228978
       -0.0012994348   0.0013300239  -0.0009200791   0.0029631222   0.0040232884
       -0.0415219394   0.1006466641  -0.0674536233  -0.1635890873  -0.0641904600
        0.0680493745  -0.2309434758   0.0004045008   0.0018488813  -0.0008378292
        0.0007294184   0.0002515950  -0.0001392318
       -0.0004110100  -0.0007552113  -0.0005064258   0.0080823914  -0.0015134648
       -0.0015412356  -0.0022499199   0.0018733114   0.0016159581   0.0011039076
        0.0001498957   0.0000268470  -0.0001648226  -0.0000927433   0.0000397307
        0.0001112453  -0.0000193058  -0.0000041320  -0.0000452628  -0.0000178797
        0.0000111888   0.0001238809   0.0000297186  -0.0000270145  -0.0001672919
        0.0000621085   0.0000189034  -0.0061641853  -0.0669292456  -0.0555176253
       -0.0588434095   0.0076290372   0.0112118037   0.0457774473   0.0489207689
        0.0360411877  -0.2056618046   0.0462018289   0.0532995866  -0.0325072166
        0.0105607421   0.0115949019   0.6593163629   0.0394333111  -0.0186969984
       -0.3225993866  -0.0393392882  -0.0057918317  -0.0002210700  -0.0001046083
        0.0001736158   0.0000055475  -0.0000412650  -0.0000383482  -0.0002012108
        0.0000965456  -0.0001012332  -0.0000007392  -0.0000159821  -0.0000057850
       -0.0000306233  -0.0000236305   0.0000196694  -0.0000254142  -0.0000085755
        0.0000065877  -0.0000390275   0.0000075535  -0.0000169172  -0.0000040746
        0.0000009390   0.0000002169  -0.0004516276   0.0001158624   0.0001981745
        0.0006743488  -0.0015702563  -0.0007667248  -0.0000686362   0.0019001769
        0.0009448605  -0.0057234186  -0.0013863707  -0.0002972621  -0.0008732786
        0.0005858610   0.0015829849  -0.0550501653  -0.0410392425  -0.0320377457
       -0.0236915359  -0.0047105908  -0.0014369380
       -0.0011759746  -0.0004407066  -0.0000533974  -0.0020382296  -0.0008490757
       -0.0064533578   0.0016698417   0.0004862959   0.0002365731  -0.0005492914
       -0.0003686506   0.0002143547   0.0001660534   0.0000645357  -0.0000952262
       -0.0000680000  -0.0000217111   0.0000047791   0.0000117191   0.0000144666
       -0.0000068776  -0.0000677803  -0.0000235266  -0.0000024617   0.0002927415
       -0.0000216088   0.0000649120  -0.0246731739  -0.0083265724  -0.0056043910
        0.0078155922  -0.0008943855   0.0023490683   0.0084215409  -0.0288435759
       -0.0259391191   0.1056258199  -0.1278812765  -0.0734613192  -0.0032868122
        0.0034925677   0.0027369905   0.0394333111   0.4399708457   0.2658848425
       -0.0980907687  -0.0940697049  -0.0313288191   0.0000382716   0.0000269799
        0.0001518447  -0.0000762326  -0.0002507750  -0.0001611475  -0.0000085987
        0.0000833714  -0.0000212125  -0.0000106941   0.0000308111  -0.0000167453
        0.0000259583   0.0000362508  -0.0000183020   0.0000333162   0.0000129756
        0.0000011528   0.0000419886  -0.0000178831   0.0000134323  -0.0000358991
        0.0000096290  -0.0000036548   0.0001178838   0.0004211213   0.0005644220
       -0.0012423916  -0.0005673955  -0.0066004205  -0.0011475234   0.0006055315
        0.0002259652  -0.0022005362   0.0002866865  -0.0005369208  -0.0009420645
        0.0005574166  -0.0002921020  -0.0410234505  -0.1873310963  -0.1226794575
        0.0129433833   0.0038084592   0.0008265947
       -0.0008076735   0.0001031215  -0.0002390697  -0.0020147864  -0.0062371324
        0.0020541136   0.0012355045  -0.0000601573  -0.0002282463  -0.0007123845
        0.0002155282  -0.0003019017   0.0002350135   0.0000777579  -0.0000588923
       -0.0000554630   0.0000060334   0.0000187700   0.0000154724   0.0000219463
        0.0000016506  -0.0000918388   0.0000109002  -0.0000086447   0.0001159790
       -0.0000395351   0.0000621240  -0.0194247334  -0.0019963852   0.0019732527
        0.0118458572   0.0023851098  -0.0037208752   0.0025256659  -0.0299266081
       -0.0236733395   0.1023648222  -0.0675469674  -0.1171499768   0.0001312262
        0.0016431799   0.0030452811  -0.0186969984   0.2658848425   0.3372523037
       -0.0556089270  -0.0368710996  -0.0707400894   0.0000293417   0.0000086895
        0.0000664624  -0.0000336558  -0.0000560611  -0.0001910134   0.0000969944
        0.0001258485   0.0000533864  -0.0000007324   0.0000136824  -0.0000146755
        0.0000298246   0.0000322503  -0.0000098927   0.0000269841   0.0000072722
       -0.0000088006   0.0000238881  -0.0000185831   0.0000071629  -0.0000250192
       -0.0000058110  -0.0000203073   0.0001222687   0.0005561373   0.0001950233
       -0.0003760303  -0.0066244053   0.0021614537  -0.0009631685  -0.0003889668
        0.0004780433  -0.0006157878  -0.0006363395   0.0004230445  -0.0006024414
       -0.0003985891  -0.0001568426  -0.0319554938  -0.1227211176  -0.1335772138
        0.0131862919   0.0024354583   0.0023077092
       -0.0048534860  -0.0006812347  -0.0000864003  -0.0205771498  -0.0228173492
       -0.0170163454  -0.0004144159  -0.0047875312  -0.0033380917  -0.0005572281
       -0.0004115296  -0.0007693885  -0.0000591337   0.0002226719   0.0001379786
        0.0000700963   0.0000227577   0.0000444008   0.0000459732   0.0000911060
       -0.0000389288  -0.0000417877   0.0000207607   0.0001041962   0.0002034878
       -0.0002485685   0.0000883054  -0.0952171690  -0.0104719506  -0.0033973688
        0.0433391941   0.0088672138   0.0037164883  -0.0272596486  -0.0258205303
       -0.0191110639  -0.0631310472   0.0399670406   0.0390607966  -0.0003194860
        0.0022148064   0.0033531443  -0.3225993866  -0.0980907687  -0.0556089270
        0.6879692540   0.0225314055  -0.0357727931   0.0001353377   0.0002007655
        0.0000601230  -0.0004616155  -0.0010613939  -0.0011130074   0.0000688108
        0.0000319380   0.0000846258   0.0000004358   0.0000137714  -0.0000920705
       -0.0000345821  -0.0000249110  -0.0000034774  -0.0000280238  -0.0000118197
       -0.0000197538  -0.0000537094   0.0000147098  -0.0000039171  -0.0000696388
        0.0000276798  -0.0000677336  -0.0029970216   0.0026297349   0.0029614828
        0.0002608474  -0.0006121852  -0.0005054282   0.0005260454  -0.0002309099
       -0.0001823341  -0.0011576709  -0.0001095672  -0.0004343955   0.0003452489
       -0.0002719040  -0.0003758446  -0.0085751650  -0.0043502222  -0.0027826505
       -0.1845573655   0.0931460140   0.0911083784
       -0.0008202961   0.0017513598  -0.0000909584  -0.0225791122  -0.0084970976
       -0.0046276806   0.0040999143  -0.0038332882  -0.0046159612  -0.0002279697
        0.0000639109   0.0001780013   0.0002900011   0.0000441339  -0.0000290452
       -0.0000946605  -0.0000281036   0.0000345036  -0.0000088118  -0.0000413286
        0.0000045679  -0.0000748147  -0.0000128987  -0.0000389190   0.0002535982
       -0.0000067699  -0.0001106982  -0.0550203501  -0.1964046119  -0.1154532546
        0.0460512459  -0.0281495951  -0.0288168413  -0.0261820864  -0.0231417575
       -0.0125404887  -0.0057884094   0.0329937594   0.0279881173   0.0029993581
        0.0015413042  -0.0041642619  -0.0393392882  -0.0940697049  -0.0368710996
        0.0225314055   0.4247183085   0.2528823041   0.0002268037  -0.0000663772
       -0.0001609705   0.0000107644  -0.0002127147  -0.0002989885   0.0002670762
        0.0001294165   0.0000537120  -0.0000598444   0.0000660377  -0.0000038985
        0.0000294214   0.0000441883  -0.0000392605   0.0000581642   0.0000041454
       -0.0000006077   0.0000496542  -0.0000355040   0.0000323257  -0.0000057467
       -0.0000506900   0.0000655035   0.0020611011   0.0018312372  -0.0047958549
       -0.0004847639  -0.0000736360   0.0001589353   0.0004918854  -0.0000581586
       -0.0000170190   0.0010093955   0.0003957516  -0.0001751235  -0.0006779453
       -0.0003974785  -0.0006533815  -0.0225367649  -0.0081060243  -0.0050885346
        0.0934710750  -0.1003978140  -0.0628051229
       -0.0002840839  -0.0003533876   0.0014343396  -0.0185198192  -0.0047120014
       -0.0020574622   0.0051775072  -0.0038398740  -0.0023462696  -0.0007729230
        0.0003703215  -0.0000424309   0.0004378256   0.0001480756  -0.0000301916
       -0.0001851025   0.0000238744   0.0000105518  -0.0000041543  -0.0000467955
        0.0000288587  -0.0000944156  -0.0000474972  -0.0000122132   0.0002875576
       -0.0000084416  -0.0001872520  -0.0398542700  -0.1195723458  -0.1474061794
        0.0339965908  -0.0254555905  -0.0225815997  -0.0197399661  -0.0126450763
       -0.0134590290   0.0006455302   0.0236392021   0.0196861203   0.0032885164
       -0.0039255290   0.0031310210  -0.0057918317  -0.0313288191  -0.0707400894
       -0.0357727931   0.2528823041   0.3315683715   0.0002528122   0.0000742152
        0.0000457332   0.0000408843  -0.0001537248  -0.0000169141   0.0001077478
       -0.0001210149  -0.0001503452  -0.0000567551   0.0000156860   0.0000135807
        0.0000534584   0.0000545968  -0.0000226448   0.0000614015   0.0000005944
        0.0000038355   0.0000614153  -0.0000433818   0.0000202289   0.0000437064
       -0.0000935891   0.0000857155   0.0026813050  -0.0047884495   0.0030671349
       -0.0004390059   0.0001577991  -0.0000165381  -0.0003263836  -0.0006117938
       -0.0003422051   0.0003157253   0.0000084086   0.0000722474   0.0011095765
        0.0000117870  -0.0000427784  -0.0179042083  -0.0067976134  -0.0034302037
        0.0911841516  -0.0628419393  -0.0962833928
       -0.0799570803  -0.0275541033   0.0811856476   0.0033148895   0.0046424476
       -0.0023977022   0.0004331818  -0.0014902941  -0.0003916059  -0.0004687412
        0.0004201887   0.0001725078   0.0000397928   0.0000387485   0.0002222461
        0.0002127522   0.0000663994  -0.0000443368   0.0000153972   0.0001600493
       -0.0000808333  -0.0001926858  -0.0001118329   0.0001066000   0.0002624800
       -0.0002590193   0.0000007025  -0.0005165733  -0.0006281586  -0.0003143395
       -0.0005817055  -0.0005407641  -0.0008307178  -0.0001259024   0.0000744036
       -0.0000388388   0.0000865830  -0.0000805372  -0.0000895710  -0.0000112340
       -0.0000071337   0.0000388643  -0.0002210700   0.0000382716   0.0000293417
        0.0001353377   0.0002268037   0.0002528122   0.0910310522   0.0305241070
       -0.0964420597  -0.0165491108  -0.0100686224   0.0287942524   0.0048719682
        0.0037902928  -0.0094298450  -0.0001209634   0.0001444731  -0.0000733162
        0.0000274527   0.0000392100   0.0000053611  -0.0000052817   0.0000136134
       -0.0000167085  -0.0000001552   0.0000139459   0.0000060127  -0.0000248161
        0.0000711372   0.0000039169  -0.0016427300   0.0003485302  -0.0007680963
       -0.0000084852   0.0000106862   0.0000072601  -0.0000007198   0.0000093477
        0.0000044955  -0.0000105009  -0.0000037361  -0.0000038380   0.0000140072
        0.0000038301   0.0000142438  -0.0000055923   0.0000240799   0.0000176364
       -0.0000015466   0.0000836359   0.0000599079
       -0.0260846077  -0.0552859864   0.0573932686   0.0071063883   0.0046351062
       -0.0184290772   0.0001057413  -0.0048686193  -0.0019487559  -0.0002785399
        0.0004489935  -0.0004374066   0.0000530102   0.0000047349   0.0001282194
        0.0000920664   0.0000568830  -0.0000616440  -0.0000373339   0.0001116856
       -0.0000226835  -0.0000934427  -0.0000506979   0.0001043248   0.0000265284
       -0.0000199438   0.0000975676   0.0000852685  -0.0001960403  -0.0000063447
       -0.0001711398   0.0003749916   0.0001172510  -0.0000671658  -0.0001642541
       -0.0001619121  -0.0000343007  -0.0000466234  -0.0000513714  -0.0000073376
       -0.0000296757  -0.0000040290  -0.0001046083   0.0000269799   0.0000086895
        0.0002007655  -0.0000663772   0.0000742152   0.0305241070   0.0660846043
       -0.0672134204  -0.0013974728   0.0000087676   0.0021080632  -0.0106265619
       -0.0111802820   0.0281882569  -0.0000034030  -0.0000098090  -0.0000855793
        0.0000288891   0.0000058388   0.0000007937  -0.0000144208  -0.0000017443
       -0.0000113433  -0.0000074685   0.0000045269  -0.0000136080  -0.0000115182
        0.0000270163  -0.0000254749   0.0006247278   0.0000885221   0.0002281490
        0.0000426220   0.0000038845   0.0000021803  -0.0000120248  -0.0000047728
       -0.0000020125   0.0000024869   0.0000015544  -0.0000006695   0.0000065011
       -0.0000015630   0.0000100491   0.0000202901   0.0000097507  -0.0000064411
        0.0000319538   0.0000325489   0.0000207450
        0.0827668972   0.0617915318  -0.2263785386   0.0090784022   0.0023484280
       -0.0235044457  -0.0003506642  -0.0050563070  -0.0018175292  -0.0006758055
        0.0004981362  -0.0006098910  -0.0000046990   0.0001754736  -0.0000682356
       -0.0000140177  -0.0000329483  -0.0000115896  -0.0000566239   0.0000395008
       -0.0000049484  -0.0001326252  -0.0000005974   0.0001167448   0.0000483226
        0.0000233365   0.0001472753   0.0002439125  -0.0004452570   0.0005732869
        0.0002575063  -0.0004461069  -0.0001279976  -0.0001461748   0.0000618034
       -0.0000063297   0.0000669515   0.0002040332   0.0001398103   0.0000336869
        0.0000444961   0.0000379928   0.0001736158   0.0001518447   0.0000664624
        0.0000601230  -0.0001609705   0.0000457332  -0.0964420597  -0.0672134204
        0.2607337361   0.0019032682   0.0006006534   0.0004402474   0.0040029095
        0.0068387654  -0.0101695951   0.0000025087  -0.0000919387   0.0000148847
        0.0000222471   0.0000266443  -0.0000160386   0.0000452901  -0.0000052906
       -0.0000133777   0.0000229152  -0.0000413748  -0.0000060560  -0.0000003962
       -0.0000535021   0.0000087148  -0.0011241060   0.0005370505   0.0002620748
        0.0000743349   0.0000338484   0.0000286948   0.0000174458  -0.0000096471
        0.0000007625  -0.0000134309   0.0000037774   0.0000099266   0.0000159435
        0.0000069451  -0.0000055338   0.0000464712   0.0000356392   0.0000072038
        0.0000778509   0.0001354527   0.0001065552
       -0.2801633873  -0.0147496628  -0.0197953890  -0.0121538923  -0.0051766219
       -0.0051120816   0.0006400946   0.0013275240   0.0017783653   0.0008147988
        0.0003648053   0.0000963170  -0.0001625252  -0.0002252703   0.0007922254
       -0.0001257795  -0.0000436682   0.0001185002  -0.0001666342   0.0000397208
       -0.0000279017  -0.0001347649   0.0001049958   0.0000273971   0.0000523831
        0.0001415613   0.0000512521  -0.0001149973  -0.0009182823  -0.0012515257
       -0.0000510107   0.0000333380   0.0000177587   0.0001767617  -0.0000761462
       -0.0000864181   0.0001204580  -0.0000128050  -0.0000127744  -0.0000287844
       -0.0000220938  -0.0000315776   0.0000055475  -0.0000762326  -0.0000336558
       -0.0004616155   0.0000107644   0.0000408843  -0.0165491108  -0.0013974728
        0.0019032682   0.3247878388   0.0185833447   0.0238170045  -0.0163053824
        0.0024055116  -0.0017127055   0.0000072806   0.0001801371  -0.0001560030
       -0.0000422948  -0.0000424989  -0.0000339351  -0.0000342967  -0.0000116115
       -0.0000280472  -0.0000349179  -0.0000061987  -0.0000177186  -0.0000094273
       -0.0000787785  -0.0000505077   0.0000096738  -0.0002557055  -0.0002156988
        0.0000016722   0.0000087344   0.0000046250  -0.0000109845  -0.0000284728
        0.0000026598  -0.0000036681   0.0000067853   0.0000177427  -0.0000133251
        0.0000086935  -0.0000211748  -0.0000411221  -0.0000484648  -0.0000390169
       -0.0000085880  -0.0000459296  -0.0000418689
       -0.0149066824  -0.0442193148  -0.0000018573  -0.0214189034  -0.0038518407
       -0.0050676882  -0.0011159642   0.0012436281   0.0020419465   0.0000694530
       -0.0000180943  -0.0002560590   0.0002596888   0.0006414541  -0.0004343662
       -0.0001507194   0.0000285814  -0.0000876757   0.0000482562  -0.0000373822
        0.0000346851   0.0001481228  -0.0000167196  -0.0000195335   0.0002679440
       -0.0003370174   0.0001628793  -0.0006657392  -0.0019950284  -0.0033555273
        0.0003035359  -0.0001261701  -0.0002775951   0.0000999854   0.0000733176
        0.0000782508   0.0001018277   0.0000185641   0.0000033515  -0.0000227658
        0.0000077341  -0.0000041337  -0.0000412650  -0.0002507750  -0.0000560611
       -0.0010613939  -0.0002127147  -0.0001537248  -0.0100686224   0.0000087676
        0.0006006534   0.0185833447   0.0496722368   0.0033196088   0.0298864235
       -0.0003328386   0.0029207397   0.0000542251  -0.0000963291   0.0002510317
       -0.0000822742  -0.0000913703   0.0000325388  -0.0000322413  -0.0000372674
        0.0000284999  -0.0000547779  -0.0000169698   0.0000124264  -0.0000490163
       -0.0001118377   0.0000492326  -0.0000117269   0.0000066600   0.0001545754
       -0.0000150816   0.0000141483  -0.0000016606   0.0000021488   0.0000037305
        0.0000082621  -0.0000027179  -0.0000000735   0.0000060384   0.0000020091
       -0.0000028859  -0.0000025352  -0.0000774197  -0.0000421268  -0.0000116534
       -0.0000496535   0.0000779339   0.0000253507
       -0.0199152104  -0.0003615620  -0.0462341595  -0.0222463670  -0.0031794714
       -0.0032091538  -0.0003081062   0.0012931722   0.0017631003  -0.0005022302
       -0.0008317761  -0.0006464100   0.0007045014   0.0003597919  -0.0005758635
        0.0005330090   0.0001099967  -0.0000812349  -0.0000313611   0.0002364271
       -0.0000995944  -0.0002620220  -0.0001715759   0.0000757812   0.0005183934
       -0.0004868153   0.0002034992  -0.0005437285  -0.0033257882  -0.0021725370
        0.0004331185  -0.0003320430  -0.0000845247   0.0000686250   0.0000663442
        0.0000398621   0.0001250776   0.0000334433   0.0000081467  -0.0000373558
        0.0000061552   0.0000045976  -0.0000383482  -0.0001611475  -0.0001910134
       -0.0011130074  -0.0002989885  -0.0000169141   0.0287942524   0.0021080632
        0.0004402474   0.0238170045   0.0033196088   0.0512129945  -0.0094576412
        0.0009220147  -0.0000145587  -0.0001430677   0.0002795999  -0.0004548102
       -0.0000652447   0.0000026849   0.0000284293  -0.0000877542   0.0000328721
       -0.0000099284  -0.0000819611   0.0000444404  -0.0000251360  -0.0000649142
        0.0001215080  -0.0000436373   0.0000508118   0.0001988721   0.0000233946
       -0.0000200919   0.0000037082   0.0000203564   0.0000051613  -0.0000042867
        0.0000002510  -0.0000052091   0.0000011117   0.0000053483  -0.0000011168
        0.0000033177  -0.0000048157  -0.0000911799  -0.0000325200  -0.0000325639
       -0.0000340374   0.0000428423   0.0000708467
       -0.0730342919   0.0764628961  -0.0233122745   0.0033345248  -0.0031899500
        0.0037381247  -0.0000216760   0.0000715650  -0.0006510486   0.0001505199
       -0.0001327212   0.0003777211  -0.0000125996   0.0002803330  -0.0004321198
       -0.0001652884  -0.0000517695   0.0000545976   0.0001237069  -0.0001388008
        0.0000691701   0.0001491149   0.0000494269  -0.0000906751   0.0000158873
        0.0000543391   0.0000987129  -0.0006787651   0.0001941017  -0.0007100992
       -0.0005426533  -0.0007635229  -0.0004510166  -0.0000699912  -0.0000429101
        0.0001585912   0.0000729763  -0.0001051684  -0.0000419533  -0.0000116545
        0.0000605690  -0.0000242333  -0.0002012108  -0.0000085987   0.0000969944
        0.0000688108   0.0002670762   0.0001077478   0.0048719682  -0.0106265619
        0.0040029095  -0.0163053824   0.0298864235  -0.0094576412   0.0839207700
       -0.0914329945   0.0258115866  -0.0000350719  -0.0000731959   0.0003002645
       -0.0000340822  -0.0000231422  -0.0000030020   0.0000304270  -0.0000202654
        0.0000132537   0.0000152979  -0.0000307397   0.0000013630  -0.0000017839
       -0.0000902987   0.0000228471  -0.0016388351  -0.0007098537   0.0002452564
       -0.0000067902   0.0000083763  -0.0000047911   0.0000181429   0.0000235078
        0.0000040444  -0.0000018621  -0.0000068650  -0.0000016204  -0.0000085471
       -0.0000086831   0.0000038083   0.0000024455   0.0000226358   0.0000226991
       -0.0000041066   0.0000747915   0.0000507830
        0.0792380613  -0.2323993729   0.0590691835   0.0084034488  -0.0234650137
        0.0006224146  -0.0007944437   0.0003180268  -0.0038701578  -0.0007722711
       -0.0011310333   0.0006118569  -0.0000196071  -0.0001165788   0.0001116707
       -0.0000368695  -0.0001128318   0.0000848712  -0.0000260432   0.0001138722
       -0.0000381492  -0.0002169520  -0.0000224645  -0.0001024587   0.0003428606
       -0.0000034752   0.0000865298  -0.0003541227   0.0004384668  -0.0007738996
        0.0003217944  -0.0003204980  -0.0004574981  -0.0001156666   0.0000059083
        0.0001105706   0.0000964580   0.0001678859   0.0001374377   0.0000274528
        0.0000546458   0.0000157366   0.0000965456   0.0000833714   0.0001258485
        0.0000319380   0.0001294165  -0.0001210149   0.0037902928  -0.0111802820
        0.0068387654   0.0024055116  -0.0003328386   0.0009220147  -0.0914329945
        0.2669247749  -0.0637994537   0.0000617706   0.0002586872  -0.0001621535
       -0.0000285042   0.0000392340  -0.0000006902   0.0000254436   0.0000214703
       -0.0000026909   0.0000104077  -0.0000207692   0.0000136946  -0.0000373077
        0.0000442757  -0.0000149965  -0.0011973665   0.0003203281   0.0004610941
        0.0000643303   0.0000329325   0.0000201960   0.0000216316   0.0000083077
        0.0000130641  -0.0000090789  -0.0000028505   0.0000110370   0.0000068401
        0.0000013561  -0.0000092170   0.0000476906   0.0000198601   0.0000284323
        0.0000487492   0.0001251880   0.0000679618
       -0.0217899831   0.0528238555  -0.0518980004   0.0072053752  -0.0195498743
        0.0042957189  -0.0000657330  -0.0000214385  -0.0045917868  -0.0003741707
       -0.0008730771   0.0005303042  -0.0000176632  -0.0000712802   0.0000544709
       -0.0000924904  -0.0000312784   0.0000214360   0.0000439573  -0.0000015281
       -0.0000246844  -0.0000631664  -0.0000217200  -0.0000873098   0.0002727003
        0.0000389180   0.0000572402  -0.0002563170   0.0001546421  -0.0004287539
       -0.0001623989   0.0002074916   0.0002184677  -0.0000634204  -0.0002016694
       -0.0000727404  -0.0000286967  -0.0000712640  -0.0000241709  -0.0000118460
        0.0000072481  -0.0000207987  -0.0001012332  -0.0000212125   0.0000533864
        0.0000846258   0.0000537120  -0.0001503452  -0.0094298450   0.0281882569
       -0.0101695951  -0.0017127055   0.0029207397  -0.0000145587   0.0258115866
       -0.0637994537   0.0622458745   0.0001666557   0.0000354452  -0.0001277076
       -0.0000247977  -0.0000007469  -0.0000007815  -0.0000076897   0.0000195314
        0.0000160801   0.0000070713  -0.0000003777   0.0000061494  -0.0000137063
        0.0000024609  -0.0000297124   0.0005299275   0.0001784599   0.0001362259
        0.0000426691   0.0000062679  -0.0000075937   0.0000037554   0.0000044863
       -0.0000039492   0.0000113321   0.0000003521  -0.0000048732  -0.0000082563
       -0.0000068179  -0.0000007203   0.0000215225   0.0000034672   0.0000157148
        0.0000229408   0.0000264039   0.0000070133
       -0.0000420008  -0.0000890676   0.0002903742   0.0002062326   0.0003419354
        0.0001362176   0.0018805610  -0.0011335191  -0.0001589607   0.0044043051
       -0.0054112359   0.0019816507  -0.1449635681   0.1169392444  -0.0403963152
       -0.0219114947   0.0223552621  -0.0075493586  -0.0054908332  -0.0011597406
        0.0015594622   0.0000325506  -0.0006494225   0.0002214730   0.0001664634
       -0.0016330581   0.0012374163  -0.0000308935   0.0000404215  -0.0001012073
       -0.0000213669   0.0000355229   0.0000252472  -0.0000151764   0.0000028245
        0.0000114643  -0.0000404678  -0.0000085596  -0.0000071625   0.0000063734
        0.0000081545   0.0000086256  -0.0000007392  -0.0000106941  -0.0000007324
        0.0000004358  -0.0000598444  -0.0000567551  -0.0001209634  -0.0000034030
        0.0000025087   0.0000072806   0.0000542251  -0.0001430677  -0.0000350719
        0.0000617706   0.0001666557   0.1661058812  -0.1309816574   0.0435927250
        0.0007666346   0.0005341921  -0.0004823416  -0.0011930002   0.0011626758
       -0.0003496633   0.0000050094  -0.0000563058  -0.0001288002   0.0002170622
       -0.0003926124   0.0001289254   0.0000027619   0.0000149410   0.0000084271
        0.0000148252   0.0000032203   0.0000000386   0.0000067775   0.0000054555
       -0.0000022292   0.0000035238   0.0000001059  -0.0000024503   0.0000042321
       -0.0000020454   0.0000023992   0.0000131378   0.0000101281   0.0000041713
        0.0000215280   0.0000210859   0.0000012625
       -0.0000246897   0.0003306930  -0.0001228035  -0.0000343768  -0.0003315661
        0.0001273429   0.0018458639   0.0007770372  -0.0017389989   0.0152570139
       -0.0222714274   0.0085353493   0.1168364485  -0.1771107297   0.0515523156
        0.0002600765   0.0010205872  -0.0003093615  -0.0004462527   0.0024227804
        0.0023627570  -0.0008873628   0.0003391114  -0.0001214085  -0.0021327624
       -0.0034422012   0.0043982069  -0.0000757912  -0.0001017223  -0.0000102579
        0.0000523446   0.0000100020  -0.0000328905   0.0000449820  -0.0000144730
       -0.0000254152   0.0000593446  -0.0000002875   0.0000195386  -0.0000047211
        0.0000020692  -0.0000119093  -0.0000159821   0.0000308111   0.0000136824
        0.0000137714   0.0000660377   0.0000156860   0.0001444731  -0.0000098090
       -0.0000919387   0.0001801371  -0.0000963291   0.0002795999  -0.0000731959
        0.0002586872   0.0000354452  -0.1309816574   0.1990615299  -0.0633531992
       -0.0008234569   0.0005301672  -0.0013194394  -0.0000686230   0.0000051430
        0.0000555800  -0.0000880493  -0.0001971332  -0.0006279719   0.0009415064
       -0.0012332018   0.0003441087  -0.0000100305   0.0000214490   0.0000278863
        0.0000037415   0.0000048073   0.0000089230  -0.0000012255  -0.0000097828
        0.0000033770  -0.0000006521   0.0000000961   0.0000052038  -0.0000114240
        0.0000028246  -0.0000091820   0.0000106884  -0.0000091928  -0.0000023294
        0.0000298617  -0.0000559775  -0.0000078971
       -0.0000016942  -0.0000510982  -0.0003405610   0.0003540709   0.0005280094
        0.0001448074  -0.0000115780  -0.0018396069  -0.0015522370  -0.0088298277
        0.0097177110  -0.0021151969  -0.0402133285   0.0527825030  -0.0509062666
        0.0022001347  -0.0024623872   0.0006285950   0.0013204545   0.0025340190
        0.0068503618   0.0001923754  -0.0001540781  -0.0001356012   0.0016510578
        0.0041340215   0.0052953763   0.0001586421  -0.0001591560   0.0000786618
        0.0000024138   0.0000065713   0.0000216118  -0.0000125335   0.0000092321
       -0.0000330261   0.0000016067  -0.0000045041   0.0000135875  -0.0000193634
       -0.0000072207  -0.0000079050  -0.0000057850  -0.0000167453  -0.0000146755
       -0.0000920705  -0.0000038985   0.0000135807  -0.0000733162  -0.0000855793
        0.0000148847  -0.0001560030   0.0002510317  -0.0004548102   0.0003002645
       -0.0001621535  -0.0001277076   0.0435927250  -0.0633531992   0.0466083934
        0.0000138620  -0.0014541463  -0.0022330482   0.0001590943   0.0000031419
        0.0002884976  -0.0001086370  -0.0006091190  -0.0014660461  -0.0004132322
        0.0004413349  -0.0005224382   0.0000301784  -0.0000278230  -0.0000307281
       -0.0000089177  -0.0000017406  -0.0000061564  -0.0000041138  -0.0000059471
       -0.0000016387   0.0000029731   0.0000007632  -0.0000041022  -0.0000086522
        0.0000007559  -0.0000030897  -0.0000198737  -0.0000118273  -0.0000064674
       -0.0000009264   0.0000011351   0.0000033441
        0.0000162453   0.0000145031   0.0002710085   0.0001680721  -0.0002805375
       -0.0002761778  -0.0006944333  -0.0011643548   0.0007926047  -0.0053605997
       -0.0001651042   0.0013363424  -0.0133081158  -0.0261753804   0.0115256596
       -0.0750042076  -0.0757302498   0.0337709017   0.0060087423   0.0154073135
       -0.0067138196  -0.0015783515   0.0032587479  -0.0006463391  -0.0003291296
        0.0004414293  -0.0001673069  -0.0001426282   0.0002111930  -0.0001206998
        0.0000181504  -0.0000526020  -0.0000636154  -0.0000303510  -0.0000604293
       -0.0000204627   0.0000551461   0.0000299405   0.0000326451  -0.0000432827
       -0.0000050355  -0.0000215612  -0.0000306233   0.0000259583   0.0000298246
       -0.0000345821   0.0000294214   0.0000534584   0.0000274527   0.0000288891
        0.0000222471  -0.0000422948  -0.0000822742  -0.0000652447  -0.0000340822
       -0.0000285042  -0.0000247977   0.0007666346  -0.0008234569   0.0000138620
        0.0884828725   0.0835559772  -0.0388012704   0.0008882768   0.0006903198
       -0.0004918702   0.0002050658   0.0008649829  -0.0003597260   0.0000110679
       -0.0000156060  -0.0001026029   0.0000090731   0.0000050926  -0.0000005904
       -0.0000213175   0.0000056236   0.0000073541  -0.0000033534  -0.0000066271
        0.0000079120  -0.0000040908  -0.0000011349   0.0000058817  -0.0000116427
       -0.0000009837  -0.0000065535  -0.0000069015  -0.0000114620  -0.0000060510
        0.0000231881   0.0000343503   0.0000189878
       -0.0000088584   0.0001516863   0.0001663441   0.0004010223  -0.0002485807
       -0.0002834867  -0.0004816067  -0.0003740789   0.0002018663  -0.0005237236
        0.0024487632   0.0025375182  -0.0039894481  -0.0055315731   0.0028928770
       -0.0755270186  -0.2282931928   0.0847494281  -0.0070846372  -0.0223106076
        0.0099839994   0.0038583435  -0.0018649497   0.0035809482   0.0004637454
        0.0007146380  -0.0004244989  -0.0001436003   0.0000366742  -0.0000405539
        0.0000401255  -0.0000443140  -0.0000595143  -0.0000220958  -0.0000466553
       -0.0000382503   0.0000715856   0.0000262744   0.0000355926  -0.0000360865
       -0.0000128507  -0.0000200409  -0.0000236305   0.0000362508   0.0000322503
       -0.0000249110   0.0000441883   0.0000545968   0.0000392100   0.0000058388
        0.0000266443  -0.0000424989  -0.0000913703   0.0000026849  -0.0000231422
        0.0000392340  -0.0000007469   0.0005341921   0.0005301672  -0.0014541463
        0.0835559772   0.2558482724  -0.1007125668  -0.0006005388   0.0003928910
       -0.0011378012  -0.0003675838  -0.0012647073   0.0005027899  -0.0000397993
       -0.0001835804  -0.0006164104   0.0000069821   0.0000021081   0.0000060070
       -0.0000191051   0.0000049527   0.0000092052  -0.0000035611  -0.0000121854
        0.0000055304  -0.0000028246   0.0000002287   0.0000082309  -0.0000144189
        0.0000027357  -0.0000094937  -0.0000092380  -0.0000168427  -0.0000096308
        0.0000171435   0.0000105850   0.0000106275
        0.0000372556  -0.0000620953  -0.0000719149  -0.0003180446   0.0003351373
        0.0002025226   0.0003945961  -0.0002247749  -0.0003002237   0.0012757249
        0.0022591533   0.0072024069   0.0029333029   0.0048017131  -0.0013013888
        0.0336244381   0.0847177320  -0.0713969453   0.0023783665   0.0082331636
       -0.0028033309  -0.0007879004   0.0036730475   0.0064698392  -0.0003470501
       -0.0002645811  -0.0000823860   0.0001104365  -0.0000021199  -0.0000038986
       -0.0000277287   0.0000212205   0.0000332148   0.0000163845   0.0000383350
        0.0000077111  -0.0000242929  -0.0000242564  -0.0000041834   0.0000056125
        0.0000043193   0.0000107086   0.0000196694  -0.0000183020  -0.0000098927
       -0.0000034774  -0.0000392605  -0.0000226448   0.0000053611   0.0000007937
       -0.0000160386  -0.0000339351   0.0000325388   0.0000284293  -0.0000030020
       -0.0000006902  -0.0000007815  -0.0004823416  -0.0013194394  -0.0022330482
       -0.0388012704  -0.1007125668   0.0681035611   0.0000061771  -0.0012606232
       -0.0020593320   0.0001316444   0.0004420115  -0.0002374319  -0.0001176224
       -0.0006239520  -0.0015063926  -0.0000002214  -0.0000025676  -0.0000045197
        0.0000067692  -0.0000009273  -0.0000052814   0.0000018953  -0.0000005684
       -0.0000036402   0.0000032318   0.0000002660  -0.0000048083   0.0000027750
       -0.0000020609   0.0000035105  -0.0000005854   0.0000034730   0.0000054516
       -0.0000061685  -0.0000041189   0.0000007279
       -0.0000458454   0.0001393139   0.0001718946   0.0005451967  -0.0002219274
       -0.0003251655  -0.0000696094   0.0000515290   0.0000047956   0.0009456151
        0.0002654110  -0.0001425601  -0.0015428604   0.0036753918  -0.0008674508
       -0.0227746583  -0.0009342235   0.0021519743  -0.2910881086  -0.0302047366
        0.0319510587  -0.0138702382  -0.0032262357   0.0023842371   0.0003107089
       -0.0022733855   0.0014177391  -0.0001425871  -0.0000325337   0.0000070086
        0.0000580473  -0.0000555740  -0.0000578534  -0.0000338712  -0.0000513826
       -0.0000410624   0.0000721408   0.0000314014   0.0000315846  -0.0000574865
       -0.0000153627  -0.0000274326  -0.0000254142   0.0000333162   0.0000269841
       -0.0000280238   0.0000581642   0.0000614015  -0.0000052817  -0.0000144208
        0.0000452901  -0.0000342967  -0.0000322413  -0.0000877542   0.0000304270
        0.0000254436  -0.0000076897  -0.0011930002  -0.0000686230   0.0001590943
        0.0008882768  -0.0006005388   0.0000061771   0.3278624277   0.0330706099
       -0.0365515781   0.0009533552   0.0004672810  -0.0004406486  -0.0007312076
       -0.0000964633   0.0001129355   0.0000112628   0.0000026502   0.0000025340
       -0.0000197241   0.0000053320   0.0000067942  -0.0000033851  -0.0000082909
        0.0000067441  -0.0000027139   0.0000024770   0.0000076398  -0.0000127254
        0.0000041358  -0.0000075905  -0.0000124411  -0.0000135950  -0.0000101952
        0.0000160206   0.0000170778   0.0000110939
        0.0000080214   0.0000858620   0.0000073185   0.0002147647  -0.0000822032
       -0.0000816338  -0.0000896313  -0.0001685683  -0.0006044109   0.0001441429
       -0.0004222738   0.0003005656   0.0032667030  -0.0017584888   0.0034960749
        0.0216649849   0.0019746894  -0.0025154565  -0.0302516721  -0.0461085116
        0.0081200742  -0.0259234317  -0.0042279130   0.0037046941  -0.0017733566
       -0.0032148182   0.0043596060  -0.0000141622  -0.0000440564   0.0000213821
        0.0000083300  -0.0000060510  -0.0000098755  -0.0000049733  -0.0000073091
       -0.0000139419   0.0000073435   0.0000059357   0.0000097915   0.0000054026
       -0.0000076239   0.0000017221  -0.0000085755   0.0000129756   0.0000072722
       -0.0000118197   0.0000041454   0.0000005944   0.0000136134  -0.0000017443
       -0.0000052906  -0.0000116115  -0.0000372674   0.0000328721  -0.0000202654
        0.0000214703   0.0000195314   0.0011626758   0.0000051430   0.0000031419
        0.0006903198   0.0003928910  -0.0012606232   0.0330706099   0.0535685353
       -0.0148146069  -0.0008159776   0.0003492697  -0.0010968906  -0.0013399929
       -0.0003099225   0.0003006874  -0.0000011097  -0.0000028377   0.0000043751
       -0.0000036539  -0.0000016928   0.0000031363  -0.0000000802  -0.0000060622
        0.0000005878   0.0000000976  -0.0000032462   0.0000026828  -0.0000030113
       -0.0000019956  -0.0000019580   0.0000013463  -0.0000064588  -0.0000017216
        0.0000149693  -0.0000018727   0.0000102992
        0.0000198475   0.0000581902  -0.0000042683   0.0003098944   0.0000728238
       -0.0000934693  -0.0001347216  -0.0008934717  -0.0013437417  -0.0003428853
        0.0006253492   0.0001962936  -0.0003328261   0.0034342893   0.0060230739
       -0.0072454247  -0.0005578270   0.0007135167   0.0319447972   0.0080273311
       -0.0375467814   0.0114211230   0.0019403778  -0.0017169342   0.0011263225
        0.0042881794   0.0054418525   0.0000417534  -0.0001152824   0.0000498168
        0.0000158662   0.0000058739   0.0000124347  -0.0000009554   0.0000101822
       -0.0000148445  -0.0000034740   0.0000000758  -0.0000002702  -0.0000019523
       -0.0000003003  -0.0000008703   0.0000065877   0.0000011528  -0.0000088006
       -0.0000197538  -0.0000006077   0.0000038355  -0.0000167085  -0.0000113433
       -0.0000133777  -0.0000280472   0.0000284999  -0.0000099284   0.0000132537
       -0.0000026909   0.0000160801  -0.0003496633   0.0000555800   0.0002884976
       -0.0004918702  -0.0011378012  -0.0020593320  -0.0365515781  -0.0148146069
        0.0319684889   0.0000546121  -0.0012029202  -0.0020322135   0.0005646592
        0.0001877846   0.0001412777   0.0000014776  -0.0000044013  -0.0000011277
        0.0000033848  -0.0000006466  -0.0000026782  -0.0000012250   0.0000014299
       -0.0000027229  -0.0000000187   0.0000013477  -0.0000033831   0.0000001898
        0.0000005516  -0.0000004416  -0.0000015858  -0.0000007145  -0.0000005453
       -0.0000010788   0.0000035949   0.0000005630
       -0.0000325253   0.0001747651   0.0001138368   0.0000059165  -0.0002218361
       -0.0002940679  -0.0009658809   0.0015127114  -0.0002849851  -0.0053262392
       -0.0012101202   0.0011267085   0.0000586695  -0.0007017281   0.0002585965
        0.0003845016  -0.0017539676   0.0012753136   0.0056337281  -0.0060021051
        0.0020558162  -0.1435186685   0.1171269295  -0.0390159231  -0.0226138975
        0.0224030904  -0.0072274982  -0.0001579717  -0.0001196388   0.0002094427
        0.0000338519  -0.0000725091  -0.0000594546  -0.0000380970  -0.0000512627
       -0.0000686968   0.0000680664   0.0000444616   0.0000355203  -0.0000419312
       -0.0000161746  -0.0000219524  -0.0000390275   0.0000419886   0.0000238881
       -0.0000537094   0.0000496542   0.0000614153  -0.0000001552  -0.0000074685
        0.0000229152  -0.0000349179  -0.0000547779  -0.0000819611   0.0000152979
        0.0000104077   0.0000070713   0.0000050094  -0.0000880493  -0.0001086370
        0.0002050658  -0.0003675838   0.0001316444   0.0009533552  -0.0008159776
        0.0000546121   0.1646871565  -0.1304597954   0.0422096646   0.0007970606
        0.0005530066  -0.0004483706   0.0000156593  -0.0000019853   0.0000051212
       -0.0000242390   0.0000081696   0.0000077573  -0.0000090471  -0.0000108237
        0.0000052697  -0.0000050071   0.0000021017   0.0000069058  -0.0000124849
        0.0000056083  -0.0000083402  -0.0000135389  -0.0000146820  -0.0000136871
        0.0000239997   0.0000375912   0.0000220744
        0.0000287525  -0.0000613367  -0.0001002527  -0.0003097551   0.0000612560
        0.0002257233   0.0002091487   0.0000472455  -0.0001081263  -0.0007694921
        0.0023361287   0.0024483995  -0.0007741600   0.0003137353  -0.0001693708
       -0.0022842862  -0.0033143451   0.0046157515   0.0164894213  -0.0220809972
        0.0079823151   0.1170583271  -0.1801286468   0.0501763495   0.0003017686
        0.0011870727  -0.0001586162   0.0000799058   0.0000160882   0.0000017667
       -0.0000381149   0.0000373201   0.0000346669   0.0000114600   0.0000335186
        0.0000258095  -0.0000595490  -0.0000134190  -0.0000193459   0.0000395699
        0.0000053919   0.0000192724   0.0000075535  -0.0000178831  -0.0000185831
        0.0000147098  -0.0000355040  -0.0000433818   0.0000139459   0.0000045269
       -0.0000413748  -0.0000061987  -0.0000169698   0.0000444404  -0.0000307397
       -0.0000207692  -0.0000003777  -0.0000563058  -0.0001971332  -0.0006091190
        0.0008649829  -0.0012647073   0.0004420115   0.0004672810   0.0003492697
       -0.0012029202  -0.1304597954   0.2022391548  -0.0622166296  -0.0008317344
        0.0005283745  -0.0013237003  -0.0000064815  -0.0000056660  -0.0000046731
        0.0000129173  -0.0000053327  -0.0000059915   0.0000021430   0.0000075875
       -0.0000038276   0.0000032304  -0.0000008554  -0.0000049897   0.0000092693
       -0.0000028627   0.0000044629   0.0000102218   0.0000077815   0.0000085492
        0.0000020042  -0.0000080236   0.0000017621
       -0.0000022500   0.0000331040  -0.0000384203   0.0002077077  -0.0001290659
       -0.0001240324  -0.0002929126  -0.0001134672   0.0001533138   0.0014539647
        0.0028695385   0.0072030636   0.0002568502  -0.0002822085  -0.0000654756
        0.0015072842   0.0044842922   0.0058118674  -0.0070697452   0.0096633520
       -0.0025738578  -0.0389165457   0.0502021821  -0.0517601696   0.0015969637
       -0.0018808208   0.0013142838  -0.0000636932  -0.0000217448  -0.0000148357
        0.0000128656  -0.0000202904  -0.0000066506  -0.0000057700  -0.0000287775
       -0.0000095891   0.0000145730   0.0000172567  -0.0000015754   0.0000053549
       -0.0000031733  -0.0000052389  -0.0000169172   0.0000134323   0.0000071629
       -0.0000039171   0.0000323257   0.0000202289   0.0000060127  -0.0000136080
       -0.0000060560  -0.0000177186   0.0000124264  -0.0000251360   0.0000013630
        0.0000136946   0.0000061494  -0.0001288002  -0.0006279719  -0.0014660461
       -0.0003597260   0.0005027899  -0.0002374319  -0.0004406486  -0.0010968906
       -0.0020322135   0.0422096646  -0.0622166296   0.0461604323   0.0000509440
       -0.0014071657  -0.0023124340   0.0000022299  -0.0000004888   0.0000009767
       -0.0000014271   0.0000001711   0.0000045426  -0.0000027652   0.0000005803
        0.0000033105  -0.0000029039  -0.0000002503   0.0000031214  -0.0000015555
        0.0000006826   0.0000007571   0.0000008451  -0.0000061074  -0.0000050411
        0.0000006728   0.0000028324  -0.0000050062
       -0.0000142917   0.0000550721  -0.0000358548   0.0000606641   0.0004082877
        0.0002864262   0.0013880737  -0.0000424453  -0.0005780977   0.0062048806
        0.0151613307  -0.0064260319  -0.0019048348   0.0029869580  -0.0004969021
       -0.0003529497   0.0004280288  -0.0001387695  -0.0056121990  -0.0002430842
        0.0011142246  -0.0126309500  -0.0258867839   0.0115262403  -0.0769630430
       -0.0783110668   0.0347706901   0.0000745547  -0.0001190595   0.0000693644
       -0.0000265539   0.0000205291   0.0000399122   0.0000268272   0.0000182017
       -0.0000013852  -0.0000212219  -0.0000123796  -0.0000212462   0.0000259783
       -0.0000033128   0.0000074168  -0.0000040746  -0.0000358991  -0.0000250192
       -0.0000696388  -0.0000057467   0.0000437064  -0.0000248161  -0.0000115182
       -0.0000003962  -0.0000094273  -0.0000490163  -0.0000649142  -0.0000017839
       -0.0000373077  -0.0000137063   0.0002170622   0.0009415064  -0.0004132322
        0.0000110679  -0.0000397993  -0.0001176224  -0.0007312076  -0.0013399929
        0.0005646592   0.0007970606  -0.0008317344   0.0000509440   0.0895289044
        0.0869734766  -0.0400462027   0.0000159981  -0.0000128952  -0.0000044249
        0.0000137176  -0.0000039560  -0.0000014359  -0.0000015211  -0.0000019668
       -0.0000045187   0.0000059880  -0.0000008065  -0.0000008772   0.0000084221
        0.0000003643   0.0000017636   0.0000075593  -0.0000021987  -0.0000037908
       -0.0000182451  -0.0000027852  -0.0000809196
        0.0000238645   0.0000461381   0.0000658853   0.0003366202  -0.0004165921
       -0.0000220094  -0.0016780943   0.0010129877  -0.0013907874  -0.0065203129
       -0.0225896377   0.0099917255   0.0034569637  -0.0020309796   0.0033259214
        0.0007347923   0.0006017920  -0.0003696822  -0.0009789964   0.0025117100
        0.0023003895  -0.0037318585  -0.0055603897   0.0026285099  -0.0784106020
       -0.2296508997   0.0848611778  -0.0001220612   0.0000049737   0.0000330438
       -0.0000167328   0.0000228781   0.0000099296  -0.0000583987   0.0000194582
        0.0000166052  -0.0000709210   0.0000088826   0.0000117903   0.0000077373
        0.0000069718   0.0000124639   0.0000009390   0.0000096290  -0.0000058110
        0.0000276798  -0.0000506900  -0.0000935891   0.0000711372   0.0000270163
       -0.0000535021  -0.0000787785  -0.0001118377   0.0001215080  -0.0000902987
        0.0000442757   0.0000024609  -0.0003926124  -0.0012332018   0.0004413349
       -0.0000156060  -0.0001835804  -0.0006239520  -0.0000964633  -0.0003099225
        0.0001877846   0.0005530066   0.0005283745  -0.0014071657   0.0869734766
        0.2572512878  -0.1001328866  -0.0000103039  -0.0000149476  -0.0000031715
        0.0000035457  -0.0000086738  -0.0000054757   0.0000027458   0.0000127549
       -0.0000026106   0.0000020116  -0.0000008007  -0.0000044443   0.0000068366
       -0.0000021789   0.0000045048  -0.0000030628   0.0000053102   0.0000069985
        0.0000737464   0.0000498915   0.0000930537
        0.0000221330  -0.0000414307   0.0000299063   0.0006596521   0.0002516631
       -0.0000359297  -0.0009044959  -0.0022181112  -0.0019548094   0.0036927750
        0.0089286145  -0.0019568391  -0.0010456007   0.0034301550   0.0059741546
        0.0000707789  -0.0004099205  -0.0000299537   0.0012223700   0.0026207698
        0.0070227166   0.0022314532   0.0037754177  -0.0018182498   0.0343630368
        0.0852085877  -0.0692589675   0.0000896573  -0.0001483066   0.0000168660
        0.0000364426  -0.0000275389  -0.0000108487   0.0000253840  -0.0000129924
       -0.0000198639   0.0000205869   0.0000144658  -0.0000130459   0.0000134739
       -0.0000087022  -0.0000060711   0.0000002169  -0.0000036548  -0.0000203073
       -0.0000677336   0.0000655035   0.0000857155   0.0000039169  -0.0000254749
        0.0000087148  -0.0000505077   0.0000492326  -0.0000436373   0.0000228471
       -0.0000149965  -0.0000297124   0.0001289254   0.0003441087  -0.0005224382
       -0.0001026029  -0.0006164104  -0.0015063926   0.0001129355   0.0003006874
        0.0001412777  -0.0004483706  -0.0013237003  -0.0023124340  -0.0400462027
       -0.1001328866   0.0663132010   0.0000095680  -0.0000047868  -0.0000023785
        0.0000002003  -0.0000018521   0.0000008070  -0.0000052490  -0.0000012777
        0.0000026554   0.0000005470  -0.0000009867   0.0000007039  -0.0000016677
        0.0000034102  -0.0000019807  -0.0000091388  -0.0000089117  -0.0000098239
       -0.0000453311   0.0000093249  -0.0000430351
       -0.0016203385  -0.0002077839  -0.0002193689   0.0009895728   0.0010424460
        0.0006510232   0.0001788131  -0.0003269497  -0.0003957341   0.0000691055
        0.0000269324   0.0000404391   0.0000132178  -0.0000122715  -0.0000492967
       -0.0000488365  -0.0000095738   0.0000039715   0.0000018587  -0.0000237621
        0.0000068198   0.0000032551   0.0000030564  -0.0000113827  -0.0000053980
        0.0000348247  -0.0000181302   0.0047045661   0.0154558312   0.0122971540
       -0.0519160557  -0.0373297231  -0.0286978296  -0.0081552259  -0.0225250406
       -0.0176879235  -0.0051128621  -0.0018223832  -0.0003349929  -0.0003645847
       -0.0010743842  -0.0008301830  -0.0004516276   0.0001178838   0.0001222687
       -0.0029970216   0.0020611011   0.0026813050  -0.0016427300   0.0006247278
       -0.0011241060   0.0000096738  -0.0000117269   0.0000508118  -0.0016388351
       -0.0011973665   0.0005299275   0.0000027619  -0.0000100305   0.0000301784
        0.0000090731   0.0000069821  -0.0000002214   0.0000112628  -0.0000011097
        0.0000014776   0.0000156593  -0.0000064815   0.0000022299   0.0000159981
       -0.0000103039   0.0000095680   0.0672795136   0.0449460587   0.0332135646
        0.0006844037  -0.0006367016  -0.0008363813  -0.0002590075  -0.0000730475
       -0.0000774844   0.0001715239   0.0000044825  -0.0000476991  -0.0000892548
       -0.0000522095   0.0000188768  -0.0000265641   0.0000725794  -0.0000959317
        0.0001680830   0.0009339436   0.0007670496
       -0.0008734096   0.0006869880  -0.0001737716  -0.0004650845  -0.0013342542
        0.0007833543  -0.0000013669   0.0001202620   0.0004484324  -0.0004181376
        0.0000727161  -0.0001112843   0.0000575942   0.0000257256   0.0000030915
       -0.0000220013   0.0000060515  -0.0000112507   0.0000043697   0.0000348417
        0.0000004194  -0.0000595659  -0.0000027840   0.0000140507   0.0000097497
       -0.0000202335   0.0000340101  -0.0017599635  -0.0132095161  -0.0111949713
       -0.0376225841  -0.1918893907  -0.1262149666  -0.0039956783  -0.0079289275
       -0.0074071608  -0.0023378147   0.0036314724  -0.0038065463   0.0000262227
       -0.0005446072  -0.0001887315   0.0001158624   0.0004211213   0.0005561373
        0.0026297349   0.0018312372  -0.0047884495   0.0003485302   0.0000885221
        0.0005370505  -0.0002557055   0.0000066600   0.0001988721  -0.0007098537
        0.0003203281   0.0001784599   0.0000149410   0.0000214490  -0.0000278230
        0.0000050926   0.0000021081  -0.0000025676   0.0000026502  -0.0000028377
       -0.0000044013  -0.0000019853  -0.0000056660  -0.0000004888  -0.0000128952
       -0.0000149476  -0.0000047868   0.0449460587   0.2094863734   0.1490097325
        0.0007269149  -0.0004926304   0.0018811763  -0.0000836546  -0.0000429449
       -0.0000273826   0.0000267387   0.0000134698   0.0000255179  -0.0000083431
        0.0000192099   0.0000154164   0.0000586554  -0.0006702222   0.0009298003
       -0.0003450713  -0.0006295743  -0.0006509391
       -0.0008264128  -0.0003211385   0.0005765601  -0.0010367860   0.0007002847
       -0.0018660058   0.0002310006   0.0004406560  -0.0000986124  -0.0004002015
       -0.0002896374   0.0002050208   0.0000046632   0.0000126302   0.0000111563
       -0.0000348748  -0.0000124261   0.0000060630   0.0000160604   0.0000138298
       -0.0000197646  -0.0000547239  -0.0000229383   0.0000027740   0.0001263820
       -0.0000171230   0.0000135096  -0.0011426695  -0.0124901959  -0.0098676476
       -0.0291943596  -0.1261296708  -0.1344807817  -0.0024752665  -0.0058339937
       -0.0030745018  -0.0006835781  -0.0037991731   0.0054079049  -0.0000640430
       -0.0000524056  -0.0003228978   0.0001981745   0.0005644220   0.0001950233
        0.0029614828  -0.0047958549   0.0030671349  -0.0007680963   0.0002281490
        0.0002620748  -0.0002156988   0.0001545754   0.0000233946   0.0002452564
        0.0004610941   0.0001362259   0.0000084271   0.0000278863  -0.0000307281
       -0.0000005904   0.0000060070  -0.0000045197   0.0000025340   0.0000043751
       -0.0000011277   0.0000051212  -0.0000046731   0.0000009767  -0.0000044249
       -0.0000031715  -0.0000023785   0.0332135646   0.1490097325   0.1425323800
        0.0002797088   0.0020158032  -0.0012277555  -0.0000494633   0.0000101888
       -0.0000284783   0.0000049993   0.0000037562   0.0000019028  -0.0000305390
       -0.0000698680  -0.0000254673  -0.0001165347   0.0009355596  -0.0010125176
       -0.0001991116  -0.0007466801  -0.0003789170
       -0.0000940040  -0.0000565817  -0.0000708908  -0.0003327583   0.0009938721
        0.0008931208  -0.0007936278  -0.0001527645  -0.0000140155   0.0002191954
        0.0000427093  -0.0000023324  -0.0001263182  -0.0000102193   0.0000498784
        0.0000344429  -0.0000003076  -0.0000002638  -0.0000176697  -0.0000049887
        0.0000023347   0.0000376844   0.0000140931  -0.0000031204  -0.0001324331
       -0.0000168971  -0.0000009216  -0.0049674419  -0.0026095471  -0.0010614208
       -0.0254819776   0.0138492710   0.0137927292  -0.1767709310   0.0901420677
        0.0879714788   0.0023572400  -0.0008077856  -0.0007665344   0.0011919842
       -0.0010828464  -0.0012994348   0.0006743488  -0.0012423916  -0.0003760303
        0.0002608474  -0.0004847639  -0.0004390059  -0.0000084852   0.0000426220
        0.0000743349   0.0000016722  -0.0000150816  -0.0000200919  -0.0000067902
        0.0000643303   0.0000426691   0.0000148252   0.0000037415  -0.0000089177
       -0.0000213175  -0.0000191051   0.0000067692  -0.0000197241  -0.0000036539
        0.0000033848  -0.0000242390   0.0000129173  -0.0000014271   0.0000137176
        0.0000035457   0.0000002003   0.0006844037   0.0007269149   0.0002797088
        0.2034309211  -0.0988395385  -0.0985417597  -0.0001455368  -0.0000424694
        0.0000235363  -0.0000471345  -0.0004051407  -0.0001760651  -0.0000699609
        0.0000087693  -0.0000357518   0.0001365667  -0.0001348291  -0.0001805619
        0.0000025004   0.0000240576  -0.0001415997
        0.0000081441   0.0000118310   0.0000151798  -0.0003202318   0.0001260520
       -0.0000645826   0.0000133418   0.0000498494   0.0001008383  -0.0001307426
       -0.0000673725   0.0000390476   0.0000213333   0.0000122234  -0.0000152827
       -0.0000245543  -0.0000044959  -0.0000036219   0.0000019386   0.0000112841
        0.0000059595  -0.0000207603  -0.0000068592  -0.0000067894   0.0000452056
        0.0000066247   0.0000128933  -0.0020108951   0.0035949847  -0.0036505461
       -0.0044996239   0.0034361950   0.0028908698   0.0903316277  -0.1022608555
       -0.0645163226   0.0166235525  -0.0129540215  -0.0132530788   0.0014592500
       -0.0002774890   0.0013300239  -0.0015702563  -0.0005673955  -0.0066244053
       -0.0006121852  -0.0000736360   0.0001577991   0.0000106862   0.0000038845
        0.0000338484   0.0000087344   0.0000141483   0.0000037082   0.0000083763
        0.0000329325   0.0000062679   0.0000032203   0.0000048073  -0.0000017406
        0.0000056236   0.0000049527  -0.0000009273   0.0000053320  -0.0000016928
       -0.0000006466   0.0000081696  -0.0000053327   0.0000001711  -0.0000039560
       -0.0000086738  -0.0000018521  -0.0006367016  -0.0004926304   0.0020158032
       -0.0988395385   0.1109134246   0.0808938183  -0.0000664069   0.0001902550
        0.0000611471  -0.0011320315  -0.0003731632   0.0001162970   0.0003296371
        0.0000874157   0.0002059612   0.0009722962  -0.0007483492  -0.0006201635
        0.0000114146  -0.0006588977   0.0008703260
        0.0000124763  -0.0000085798   0.0000259361  -0.0003314997  -0.0001637076
        0.0000968835   0.0001408670   0.0000748861  -0.0000530468  -0.0001907867
        0.0000034690  -0.0000157546   0.0000545171   0.0000075406  -0.0000193972
       -0.0000274185   0.0000014019   0.0000078279   0.0000089136  -0.0000022974
       -0.0000080421  -0.0000262805  -0.0000020118   0.0000026047   0.0000455631
       -0.0000010440   0.0000159600  -0.0003147085  -0.0035297988   0.0052438676
       -0.0015061062   0.0011845540   0.0015707243   0.0882257402  -0.0643797405
       -0.0955512881   0.0140242791  -0.0116409969  -0.0098783690   0.0005263240
        0.0018161612  -0.0009200791  -0.0007667248  -0.0066004205   0.0021614537
       -0.0005054282   0.0001589353  -0.0000165381   0.0000072601   0.0000021803
        0.0000286948   0.0000046250  -0.0000016606   0.0000203564  -0.0000047911
        0.0000201960  -0.0000075937   0.0000000386   0.0000089230  -0.0000061564
        0.0000073541   0.0000092052  -0.0000052814   0.0000067942   0.0000031363
       -0.0000026782   0.0000077573  -0.0000059915   0.0000045426  -0.0000014359
       -0.0000054757   0.0000008070  -0.0008363813   0.0018811763  -0.0012277555
       -0.0985417597   0.0808938183   0.0999911520   0.0002622107   0.0003612994
        0.0001626473  -0.0006512361  -0.0003049333   0.0001323281  -0.0002225168
       -0.0001274046  -0.0001636112   0.0007347604  -0.0005209817  -0.0006296694
       -0.0001424066   0.0008681620  -0.0009605251
       -0.0000334172  -0.0000083343  -0.0000333348   0.0003040510  -0.0000199352
        0.0001956339  -0.0001353168   0.0000329312   0.0000246665   0.0000729229
        0.0000130670  -0.0000272375  -0.0000361360  -0.0000011687   0.0000208891
        0.0000174809  -0.0000007327   0.0000002523  -0.0000044103   0.0000049091
       -0.0000015596   0.0000117873   0.0000068227   0.0000008162  -0.0000416393
       -0.0000181082   0.0000006898   0.0000407374  -0.0003109102  -0.0002228128
       -0.0006251093  -0.0000238997  -0.0014972537  -0.0040676739  -0.0011954645
        0.0001975964  -0.0067237837  -0.0301678121  -0.0006639017  -0.0427291685
       -0.0181529386   0.0029631222  -0.0000686362  -0.0011475234  -0.0009631685
        0.0005260454   0.0004918854  -0.0003263836  -0.0000007198  -0.0000120248
        0.0000174458  -0.0000109845   0.0000021488   0.0000051613   0.0000181429
        0.0000216316   0.0000037554   0.0000067775  -0.0000012255  -0.0000041138
       -0.0000033534  -0.0000035611   0.0000018953  -0.0000033851  -0.0000000802
       -0.0000012250  -0.0000090471   0.0000021430  -0.0000027652  -0.0000015211
        0.0000027458  -0.0000052490  -0.0002590075  -0.0000836546  -0.0000494633
       -0.0001455368  -0.0000664069   0.0002622107   0.0514936427   0.0219084120
       -0.0002340108   0.0009341351   0.0192062233   0.0006383688   0.0016998928
        0.0093156514  -0.0009412066  -0.0003423325   0.0001846174   0.0006291312
        0.0001155633   0.0000205919   0.0000120510
       -0.0000366572   0.0000225382  -0.0000129152   0.0001841167  -0.0000192174
        0.0001995746  -0.0001069819  -0.0000333242   0.0000050498   0.0000866671
        0.0000301708  -0.0000304111  -0.0000371237  -0.0000009410   0.0000205418
        0.0000172511   0.0000057217  -0.0000003603  -0.0000017450   0.0000029215
       -0.0000042762   0.0000148467   0.0000084574   0.0000056376  -0.0000395644
       -0.0000188633  -0.0000002201   0.0000807649   0.0002980651   0.0002355234
        0.0000577011   0.0001737198  -0.0006542945  -0.0018480057  -0.0005150951
        0.0002003963  -0.0070456848  -0.0116595704  -0.0017657540  -0.0164534247
       -0.2807660432   0.0040232884   0.0019001769   0.0006055315  -0.0003889668
       -0.0002309099  -0.0000581586  -0.0006117938   0.0000093477  -0.0000047728
       -0.0000096471  -0.0000284728   0.0000037305  -0.0000042867   0.0000235078
        0.0000083077   0.0000044863   0.0000054555  -0.0000097828  -0.0000059471
       -0.0000066271  -0.0000121854  -0.0000005684  -0.0000082909  -0.0000060622
        0.0000014299  -0.0000108237   0.0000075875   0.0000005803  -0.0000019668
        0.0000127549  -0.0000012777  -0.0000730475  -0.0000429449   0.0000101888
       -0.0000424694   0.0001902550   0.0003612994   0.0219084120   0.3244296272
       -0.0042554731   0.0011733573  -0.0170541630  -0.0016804725   0.0006150042
       -0.0158590234   0.0037736415  -0.0002125398   0.0002159711   0.0005455064
        0.0001077257   0.0000447882   0.0000395203
       -0.0000056929   0.0000250418   0.0000013266  -0.0002882440  -0.0001126972
        0.0000570861   0.0001350492  -0.0000394303  -0.0000528552  -0.0000718012
       -0.0000133913  -0.0000047517   0.0000358701   0.0000051849  -0.0000040475
       -0.0000143303  -0.0000069630  -0.0000064179   0.0000028011   0.0000102622
        0.0000102044  -0.0000179870  -0.0000122622  -0.0000102624   0.0000261487
        0.0000066052   0.0000098915   0.0002933919   0.0000150730   0.0000059212
       -0.0006385651  -0.0001031858  -0.0003423454  -0.0009774643  -0.0002394455
        0.0002822073  -0.0036770897  -0.0062936312  -0.0002782891   0.0037185543
        0.0037807258  -0.0415219394   0.0009448605   0.0002259652   0.0004780433
       -0.0001823341  -0.0000170190  -0.0003422051   0.0000044955  -0.0000020125
        0.0000007625   0.0000026598   0.0000082621   0.0000002510   0.0000040444
        0.0000130641  -0.0000039492  -0.0000022292   0.0000033770  -0.0000016387
        0.0000079120   0.0000055304  -0.0000036402   0.0000067441   0.0000005878
       -0.0000027229   0.0000052697  -0.0000038276   0.0000033105  -0.0000045187
       -0.0000026106   0.0000026554  -0.0000774844  -0.0000273826  -0.0000284783
        0.0000235363   0.0000611471   0.0001626473  -0.0002340108  -0.0042554731
        0.0456652436   0.0000638505  -0.0244630722  -0.0006305153   0.0004451284
        0.0316208293  -0.0033913606   0.0004667317  -0.0001926124  -0.0000522225
        0.0000047037   0.0000033604  -0.0000019092
       -0.0000317843  -0.0000383384  -0.0000514933   0.0001613428   0.0000406570
        0.0001593624  -0.0001102149  -0.0000970904  -0.0000819900   0.0001528345
        0.0000286012  -0.0000174278  -0.0000425248  -0.0000115458   0.0000180736
        0.0000129205   0.0000014307   0.0000016088  -0.0000072553  -0.0000047625
        0.0000007627   0.0000188118   0.0000050286  -0.0000027678  -0.0000516832
       -0.0000010060  -0.0000132451   0.0002412424   0.0000127734   0.0000209350
        0.0001585933   0.0004415808   0.0000318862   0.0007811593   0.0016875982
        0.0011082138  -0.0235105051   0.0107119108   0.0203417148  -0.1255643981
        0.0557454732   0.1006466641  -0.0057234186  -0.0022005362  -0.0006157878
       -0.0011576709   0.0010093955   0.0003157253  -0.0000105009   0.0000024869
       -0.0000134309  -0.0000036681  -0.0000027179  -0.0000052091  -0.0000018621
       -0.0000090789   0.0000113321   0.0000035238  -0.0000006521   0.0000029731
       -0.0000040908  -0.0000028246   0.0000032318  -0.0000027139   0.0000000976
       -0.0000000187  -0.0000050071   0.0000032304  -0.0000029039   0.0000059880
        0.0000020116   0.0000005470   0.0001715239   0.0000267387   0.0000049993
       -0.0000471345  -0.0011320315  -0.0006512361   0.0009341351   0.0011733573
        0.0000638505   0.1486295425  -0.0641754813  -0.1163748387   0.0052724871
       -0.0027524257  -0.0046341661   0.0000843730  -0.0003845513  -0.0002107433
       -0.0003540454  -0.0000793293  -0.0000566219
        0.0000071849  -0.0000087794  -0.0000064879   0.0001408975   0.0000249231
        0.0000038817  -0.0000506065   0.0000240838   0.0000127643   0.0000194203
       -0.0000083434  -0.0000027578  -0.0000062898   0.0000060204   0.0000026264
       -0.0000004023  -0.0000030365   0.0000022285  -0.0000071778   0.0000023365
        0.0000032736   0.0000035380   0.0000084023  -0.0000034792   0.0000010968
        0.0000022552   0.0000008177  -0.0001228219   0.0000057407   0.0000122532
        0.0002164561  -0.0000535368   0.0000360046  -0.0015851223   0.0005058393
        0.0007318045  -0.0016126561   0.0030290840   0.0048383287   0.0553767154
       -0.0829614018  -0.0674536233  -0.0013863707   0.0002866865  -0.0006363395
       -0.0001095672   0.0003957516   0.0000084086  -0.0000037361   0.0000015544
        0.0000037774   0.0000067853  -0.0000000735   0.0000011117  -0.0000068650
       -0.0000028505   0.0000003521   0.0000001059   0.0000000961   0.0000007632
       -0.0000011349   0.0000002287   0.0000002660   0.0000024770  -0.0000032462
        0.0000013477   0.0000021017  -0.0000008554  -0.0000002503  -0.0000008065
       -0.0000008007  -0.0000009867   0.0000044825   0.0000134698   0.0000037562
       -0.0004051407  -0.0003731632  -0.0003049333   0.0192062233  -0.0170541630
       -0.0244630722  -0.0641754813   0.0917182401   0.0795606313  -0.0052907392
        0.0044655303   0.0074488977  -0.0001692715   0.0000488872   0.0001426261
       -0.0000532948  -0.0000688793   0.0000560087
        0.0000274834   0.0000047660   0.0000109541  -0.0001633773  -0.0000050884
       -0.0000592170   0.0000826437   0.0000285885   0.0000065110  -0.0000855574
       -0.0000241650   0.0000088948   0.0000318839   0.0000031982  -0.0000078085
       -0.0000166205  -0.0000052363   0.0000004653   0.0000031026   0.0000023105
        0.0000020694  -0.0000137870  -0.0000048390  -0.0000054944   0.0000350710
        0.0000028576   0.0000139023  -0.0001028777   0.0002145104   0.0002320689
        0.0002495554  -0.0001243804  -0.0000139086  -0.0015943775   0.0001848973
        0.0004162162   0.0002107525   0.0011860634   0.0026211199   0.1011617386
       -0.0672914415  -0.1635890873  -0.0002972621  -0.0005369208   0.0004230445
       -0.0004343955  -0.0001751235   0.0000722474  -0.0000038380  -0.0000006695
        0.0000099266   0.0000177427   0.0000060384   0.0000053483  -0.0000016204
        0.0000110370  -0.0000048732  -0.0000024503   0.0000052038  -0.0000041022
        0.0000058817   0.0000082309  -0.0000048083   0.0000076398   0.0000026828
       -0.0000033831   0.0000069058  -0.0000049897   0.0000031214  -0.0000008772
       -0.0000044443   0.0000007039  -0.0000476991   0.0000255179   0.0000019028
       -0.0001760651   0.0001162970   0.0001323281   0.0006383688  -0.0016804725
       -0.0006305153  -0.1163748387   0.0795606313   0.1872240543   0.0170509238
       -0.0117159081  -0.0269079697  -0.0001499221   0.0001632309   0.0001143122
       -0.0000641277   0.0000476175  -0.0000680238
       -0.0000421105  -0.0000573395  -0.0000346331   0.0004434290   0.0003470841
       -0.0001554771  -0.0001921731   0.0000005065   0.0000751921   0.0001381410
       -0.0000004013  -0.0000206293  -0.0000733115   0.0000068319   0.0000394214
        0.0000236051   0.0000021833  -0.0000062332  -0.0000016659   0.0000000458
        0.0000008748   0.0000233326   0.0000007992   0.0000100956  -0.0000642212
       -0.0000173445  -0.0000106631  -0.0001235433  -0.0002866469  -0.0002767487
       -0.0004277028  -0.0012488887   0.0009662292  -0.0019459099   0.0005105912
       -0.0001069631  -0.0162518331   0.0065760845  -0.0275463983  -0.0599569958
        0.0258078914  -0.0641904600  -0.0008732786  -0.0009420645  -0.0006024414
        0.0003452489  -0.0006779453   0.0011095765   0.0000140072   0.0000065011
        0.0000159435  -0.0000133251   0.0000020091  -0.0000011168  -0.0000085471
        0.0000068401  -0.0000082563   0.0000042321  -0.0000114240  -0.0000086522
       -0.0000116427  -0.0000144189   0.0000027750  -0.0000127254  -0.0000030113
        0.0000001898  -0.0000124849   0.0000092693  -0.0000015555   0.0000084221
        0.0000068366  -0.0000016677  -0.0000892548  -0.0000083431  -0.0000305390
       -0.0000699609   0.0003296371  -0.0002225168   0.0016998928   0.0006150042
        0.0004451284   0.0052724871  -0.0052907392   0.0170509238   0.0722012142
       -0.0261877219   0.0737784484  -0.0000542867   0.0004757068  -0.0002179348
        0.0000509611   0.0000424668  -0.0000519121
       -0.0000061324  -0.0000261059   0.0000064837  -0.0000756655   0.0000590689
       -0.0000748084   0.0000390510  -0.0000124013  -0.0000280566  -0.0000150891
       -0.0000019285   0.0000183430   0.0000053272  -0.0000007626  -0.0000127508
       -0.0000106945   0.0000010854   0.0000077061  -0.0000023919  -0.0000095424
       -0.0000086803   0.0000018502   0.0000120303  -0.0000011501   0.0000176490
        0.0000024891  -0.0000032084  -0.0000528085   0.0001613369   0.0001277910
        0.0000373839  -0.0005840605   0.0002577753  -0.0013750619  -0.0007272827
       -0.0000686710  -0.0032992050   0.0032391626  -0.0069374398   0.0238207663
       -0.0652914006   0.0680493745   0.0005858610   0.0005574166  -0.0003985891
       -0.0002719040  -0.0003974785   0.0000117870   0.0000038301  -0.0000015630
        0.0000069451   0.0000086935  -0.0000028859   0.0000033177  -0.0000086831
        0.0000013561  -0.0000068179  -0.0000020454   0.0000028246   0.0000007559
       -0.0000009837   0.0000027357  -0.0000020609   0.0000041358  -0.0000019956
        0.0000005516   0.0000056083  -0.0000028627   0.0000006826   0.0000003643
       -0.0000021789   0.0000034102  -0.0000522095   0.0000192099  -0.0000698680
        0.0000087693   0.0000874157  -0.0001274046   0.0093156514  -0.0158590234
        0.0316208293  -0.0027524257   0.0044655303  -0.0117159081  -0.0261877219
        0.0744438692  -0.0804785585   0.0002715074  -0.0001104629  -0.0001871594
       -0.0000134266  -0.0000235957   0.0000053788
       -0.0000303665   0.0000024575   0.0000031566   0.0000958086   0.0001665290
       -0.0000589496  -0.0000438491  -0.0000437318  -0.0000162842   0.0000593299
       -0.0000048291  -0.0000056980  -0.0000328507   0.0000104367   0.0000286812
        0.0000090653   0.0000004535  -0.0000035950   0.0000037204  -0.0000020083
        0.0000045568   0.0000101911  -0.0000050877  -0.0000008186  -0.0000263547
       -0.0000096453  -0.0000019786   0.0001439486   0.0002993481   0.0002283455
        0.0000683880  -0.0003915680   0.0004258210  -0.0008754306   0.0001177369
        0.0002866877  -0.0090260108  -0.0002326034  -0.0058869824  -0.0597207965
        0.0698483154  -0.2309434758   0.0015829849  -0.0002921020  -0.0001568426
       -0.0003758446  -0.0006533815  -0.0000427784   0.0000142438   0.0000100491
       -0.0000055338  -0.0000211748  -0.0000025352  -0.0000048157   0.0000038083
       -0.0000092170  -0.0000007203   0.0000023992  -0.0000091820  -0.0000030897
       -0.0000065535  -0.0000094937   0.0000035105  -0.0000075905  -0.0000019580
       -0.0000004416  -0.0000083402   0.0000044629   0.0000007571   0.0000017636
        0.0000045048  -0.0000019807   0.0000188768   0.0000154164  -0.0000254673
       -0.0000357518   0.0002059612  -0.0001636112  -0.0009412066   0.0037736415
       -0.0033913606  -0.0046341661   0.0074488977  -0.0269079697   0.0737784484
       -0.0804785585   0.2667105880  -0.0000801540   0.0002220651  -0.0000994691
        0.0000734641   0.0000156260   0.0000297583
       -0.0004629903  -0.0001194120  -0.0001468456   0.0000720312  -0.0010229612
       -0.0008240884   0.0000238569   0.0000053430   0.0000276536   0.0001627844
       -0.0000098246  -0.0000835133  -0.0000781282  -0.0000317498   0.0000486262
        0.0000216667   0.0000065990   0.0000028369  -0.0000149087   0.0000099696
        0.0000010553   0.0000073483   0.0000063876   0.0000150714  -0.0000817659
        0.0000010697   0.0000150930  -0.0051306454  -0.0019189122  -0.0001519982
       -0.0005294720   0.0001783297   0.0001900767  -0.0027877373   0.0021136021
        0.0027239370   0.0040098798   0.0157810228   0.0128438997   0.0007897371
        0.0009862854   0.0004045008  -0.0550501653  -0.0410234505  -0.0319554938
       -0.0085751650  -0.0225367649  -0.0179042083  -0.0000055923   0.0000202901
        0.0000464712  -0.0000411221  -0.0000774197  -0.0000911799   0.0000024455
        0.0000476906   0.0000215225   0.0000131378   0.0000106884  -0.0000198737
       -0.0000069015  -0.0000092380  -0.0000005854  -0.0000124411   0.0000013463
       -0.0000015858  -0.0000135389   0.0000102218   0.0000008451   0.0000075593
       -0.0000030628  -0.0000091388  -0.0000265641   0.0000586554  -0.0001165347
        0.0001365667   0.0009722962   0.0007347604  -0.0003423325  -0.0002125398
        0.0004667317   0.0000843730  -0.0001692715  -0.0001499221  -0.0000542867
        0.0002715074  -0.0000801540   0.0670752695   0.0471545592   0.0347790330
        0.0008071012  -0.0005012572  -0.0007869928
       -0.0002191525  -0.0000874910   0.0000491247   0.0003352906  -0.0003549972
       -0.0004056587  -0.0000827855   0.0000448532   0.0000655099   0.0000826255
        0.0000104486  -0.0000557209  -0.0000669553   0.0000011483   0.0000406971
        0.0000253979   0.0000179232   0.0000027312   0.0000048338   0.0000011258
       -0.0000127844   0.0000222379   0.0000093237   0.0000144320  -0.0000587598
       -0.0000214021  -0.0000003662  -0.0023621178   0.0037825949  -0.0037300050
        0.0002204575   0.0004652473   0.0005141773   0.0024354648   0.0019591464
       -0.0048906885  -0.0023012765  -0.0135966722  -0.0121580712  -0.0007469137
       -0.0000754715   0.0018488813  -0.0410392425  -0.1873310963  -0.1227211176
       -0.0043502222  -0.0081060243  -0.0067976134   0.0000240799   0.0000097507
        0.0000356392  -0.0000484648  -0.0000421268  -0.0000325200   0.0000226358
        0.0000198601   0.0000034672   0.0000101281  -0.0000091928  -0.0000118273
       -0.0000114620  -0.0000168427   0.0000034730  -0.0000135950  -0.0000064588
       -0.0000007145  -0.0000146820   0.0000077815  -0.0000061074  -0.0000021987
        0.0000053102  -0.0000089117   0.0000725794  -0.0006702222   0.0009355596
       -0.0001348291  -0.0007483492  -0.0005209817   0.0001846174   0.0002159711
       -0.0001926124  -0.0003845513   0.0000488872   0.0001632309   0.0004757068
       -0.0001104629   0.0002220651   0.0471545592   0.2051465335   0.1457829026
        0.0007665941  -0.0005690956   0.0018638102
       -0.0001302042   0.0001059319  -0.0000714858   0.0003789711  -0.0003083912
       -0.0002179515  -0.0000947115   0.0000557415   0.0000944995   0.0000976982
       -0.0000245928  -0.0000265603  -0.0000522957   0.0000020703   0.0000417555
        0.0000291614   0.0000006475  -0.0000098018   0.0000006424   0.0000225552
        0.0000086799   0.0000108919  -0.0000090748  -0.0000021937  -0.0000448181
       -0.0000062042   0.0000091339  -0.0007821690  -0.0037505761   0.0056007433
        0.0002946359   0.0004902159   0.0002100667   0.0029838134  -0.0049925717
        0.0031579636  -0.0017169032  -0.0137573765  -0.0098348083  -0.0011166251
        0.0013272050  -0.0008378292  -0.0320377457  -0.1226794575  -0.1335772138
       -0.0027826505  -0.0050885346  -0.0034302037   0.0000176364  -0.0000064411
        0.0000072038  -0.0000390169  -0.0000116534  -0.0000325639   0.0000226991
        0.0000284323   0.0000157148   0.0000041713  -0.0000023294  -0.0000064674
       -0.0000060510  -0.0000096308   0.0000054516  -0.0000101952  -0.0000017216
       -0.0000005453  -0.0000136871   0.0000085492  -0.0000050411  -0.0000037908
        0.0000069985  -0.0000098239  -0.0000959317   0.0009298003  -0.0010125176
       -0.0001805619  -0.0006201635  -0.0006296694   0.0006291312   0.0005455064
       -0.0000522225  -0.0002107433   0.0001426261   0.0001143122  -0.0002179348
       -0.0001871594  -0.0000994691   0.0347790330   0.1457829026   0.1418952785
        0.0002875501   0.0020066959  -0.0013044346
       -0.0001126844   0.0002198596   0.0002637134   0.0005016878  -0.0002524311
       -0.0005058035  -0.0010220153  -0.0012378576  -0.0008620559  -0.0006082667
       -0.0000353146   0.0000963288   0.0000725507  -0.0000529593   0.0000092020
        0.0000061145  -0.0000098140  -0.0000300234   0.0000123442   0.0000461305
       -0.0000181653  -0.0000884659  -0.0000026248   0.0000062670   0.0000309376
       -0.0000191049   0.0000412155   0.0039393071  -0.0003308207  -0.0004528777
        0.0003122085  -0.0012941847  -0.0005001496   0.0001532994  -0.0004802841
       -0.0004512805  -0.0047585574  -0.0023482663  -0.0007104273  -0.0010338230
        0.0007221893   0.0007294184  -0.0236915359   0.0129433833   0.0131862919
       -0.1845573655   0.0934710750   0.0911841516  -0.0000015466   0.0000319538
        0.0000778509  -0.0000085880  -0.0000496535  -0.0000340374  -0.0000041066
        0.0000487492   0.0000229408   0.0000215280   0.0000298617  -0.0000009264
        0.0000231881   0.0000171435  -0.0000061685   0.0000160206   0.0000149693
       -0.0000010788   0.0000239997   0.0000020042   0.0000006728  -0.0000182451
        0.0000737464  -0.0000453311   0.0001680830  -0.0003450713  -0.0001991116
        0.0000025004   0.0000114146  -0.0001424066   0.0001155633   0.0001077257
        0.0000047037  -0.0003540454  -0.0000532948  -0.0000641277   0.0000509611
       -0.0000134266   0.0000734641   0.0008071012   0.0007665941   0.0002875501
        0.2100018503  -0.1019816917  -0.1019597996
        0.0000636447   0.0002591084   0.0003659282   0.0015194856  -0.0013344195
        0.0006178799   0.0000490009   0.0007891392   0.0007350402  -0.0016053131
       -0.0001026030   0.0000784146   0.0003139213   0.0002374514  -0.0001292130
       -0.0000757016   0.0000265477  -0.0000409679   0.0001142177   0.0000244265
       -0.0000227932  -0.0000793049  -0.0000681375   0.0000228473   0.0003421138
       -0.0001315180   0.0000230263   0.0167486019  -0.0123917436  -0.0130650576
       -0.0017202064  -0.0007314325  -0.0063060110  -0.0005051667   0.0000090443
        0.0002320242  -0.0019543563   0.0036005240  -0.0039896286  -0.0003249597
        0.0000717432   0.0002515950  -0.0047105908   0.0038084592   0.0024354583
        0.0931460140  -0.1003978140  -0.0628419393   0.0000836359   0.0000325489
        0.0001354527  -0.0000459296   0.0000779339   0.0000428423   0.0000747915
        0.0001251880   0.0000264039   0.0000210859  -0.0000559775   0.0000011351
        0.0000343503   0.0000105850  -0.0000041189   0.0000170778  -0.0000018727
        0.0000035949   0.0000375912  -0.0000080236   0.0000028324  -0.0000027852
        0.0000498915   0.0000093249   0.0009339436  -0.0006295743  -0.0007466801
        0.0000240576  -0.0006588977   0.0008681620   0.0000205919   0.0000447882
        0.0000033604  -0.0000793293  -0.0000688793   0.0000476175   0.0000424668
       -0.0000235957   0.0000156260  -0.0005012572  -0.0005690956   0.0020066959
       -0.1019816917   0.1080062053   0.0792211475
        0.0000651314   0.0001442126   0.0001740962   0.0013744630   0.0008292882
       -0.0021142889   0.0002972860   0.0010921811   0.0007308423  -0.0008714673
       -0.0003284866   0.0003010907   0.0001429732   0.0001635401  -0.0001150191
        0.0000192118   0.0000003865  -0.0000563394   0.0000865827   0.0000720262
       -0.0000236761  -0.0000589109  -0.0000585629   0.0000020174   0.0003019721
       -0.0001626512   0.0000748738   0.0128333732  -0.0114847953  -0.0094605282
       -0.0006050227  -0.0063212999   0.0017635885  -0.0005381993   0.0001727314
       -0.0000002181  -0.0003474162  -0.0038484443   0.0054630979  -0.0001949126
        0.0000812468  -0.0001392318  -0.0014369380   0.0008265947   0.0023077092
        0.0911083784  -0.0628051229  -0.0962833928   0.0000599079   0.0000207450
        0.0001065552  -0.0000418689   0.0000253507   0.0000708467   0.0000507830
        0.0000679618   0.0000070133   0.0000012625  -0.0000078971   0.0000033441
        0.0000189878   0.0000106275   0.0000007279   0.0000110939   0.0000102992
        0.0000005630   0.0000220744   0.0000017621  -0.0000050062  -0.0000809196
        0.0000930537  -0.0000430351   0.0007670496  -0.0006509391  -0.0003789170
       -0.0001415997   0.0008703260  -0.0009605251   0.0000120510   0.0000395203
       -0.0000019092  -0.0000566219   0.0000560087  -0.0000680238  -0.0000519121
        0.0000053788   0.0000297583  -0.0007869928   0.0018638102  -0.0013044346
       -0.1019597996   0.0792211475   0.0999184210
