$hessian                                                                        
        0.5219601079  -0.0153771969  -0.0175121822  -0.0635775123  -0.0176780361
        0.0091428425  -0.0158273104  -0.0317253504   0.0165701190   0.0033190201
        0.0028061710   0.0084841198  -0.0014302294  -0.0024500247   0.0013279017
       -0.0003042024   0.0003630638   0.0005416038  -0.0000102715  -0.0000476364
        0.0000399909  -0.0000154198   0.0004896693   0.0000758246   0.0004213890
        0.0003051448  -0.0004146885   0.0023453460   0.0146889717  -0.0034489585
       -0.0003411871   0.0009835238  -0.0002464540  -0.0001975467  -0.0001316887
       -0.0002519450  -0.0000038097   0.0000213830  -0.0000971697   0.0001418778
        0.0000566487  -0.0000915148   0.0000047741  -0.0000277221  -0.0000188411
        0.0000643696   0.0000839670   0.0000794729  -0.0001588295  -0.0000004550
        0.0001802774  -0.0011577460  -0.0000495080  -0.0004898978  -0.0008129400
        0.0019341148   0.0011258054  -0.0548648222   0.0016930128  -0.0623141168
       -0.1174988245   0.0915657589   0.0625952353  -0.2722112402  -0.0476210054
       -0.0154961434   0.0000276718  -0.0001045060   0.0000070094  -0.0000987599
       -0.0001949103   0.0001984423   0.0000329548  -0.0000843210   0.0000410055
       -0.0000015852  -0.0000084763  -0.0000425741   0.0000980688   0.0000467809
       -0.0000462773   0.0000914035   0.0003199564  -0.0000778811  -0.0000251323
        0.0000370237   0.0000492517  -0.0000236088   0.0000117319   0.0000334449
       -0.0000543536   0.0000095229  -0.0000088219  -0.0000209357   0.0000455176
       -0.0000202789  -0.0000149467  -0.0000230231  -0.0000274901   0.0001442306
        0.0000618972   0.0001128881
       -0.0153771969   0.4717422288   0.0214430588  -0.0198385144  -0.1800996723
        0.0490682315  -0.0167550701  -0.0096066190   0.0142205343   0.0027157223
        0.0025055674   0.0016151965  -0.0006078321  -0.0011939274   0.0006354783
       -0.0000953194   0.0003370245   0.0001089974   0.0000053909  -0.0000000631
       -0.0000337645   0.0001070723   0.0002945566  -0.0000778863  -0.0000924048
       -0.0001370184  -0.0001079577   0.0024202657  -0.0264837353   0.0090460779
       -0.0003329170  -0.0003240193   0.0006972614   0.0001402564   0.0003839197
        0.0003698800   0.0000605490  -0.0000975254   0.0002184129  -0.0001883151
       -0.0000027252   0.0001129451  -0.0000243072   0.0000043316   0.0000862036
        0.0000290234  -0.0001452303  -0.0000656595   0.0002325047  -0.0000566034
       -0.0003092461   0.0012206066  -0.0005486189   0.0009468481   0.0014503388
       -0.0020254955  -0.0021837641   0.0002921684  -0.0380584439  -0.0068421061
        0.0916529977  -0.1614985472  -0.0825904065  -0.0469523580  -0.0532069612
       -0.0061649160  -0.0000224746  -0.0000471558  -0.0000281366  -0.0000682974
       -0.0001321646   0.0001811975  -0.0000276653  -0.0001114170   0.0000734362
       -0.0000426725  -0.0001318828  -0.0000183145   0.0000581283  -0.0000882460
        0.0000479388   0.0000545941  -0.0009161376  -0.0001499506   0.0000595667
       -0.0000884243  -0.0000702980   0.0000440360  -0.0000383905  -0.0000509612
        0.0000616282  -0.0000338318   0.0000147068   0.0000526647  -0.0000797625
        0.0000308827   0.0000010451   0.0000037262   0.0000032941  -0.0002332145
       -0.0001187363  -0.0002272142
       -0.0175121822   0.0214430588   0.4875618288   0.0108622715   0.0418630305
       -0.0808252747   0.0139372701   0.0204399483  -0.0221192509   0.0066462123
        0.0031788036   0.0074262155  -0.0004740566  -0.0005461774   0.0004071408
       -0.0005676558   0.0001650811   0.0002471550  -0.0000767692  -0.0001437331
        0.0002146144  -0.0002050010   0.0007881394   0.0003415997   0.0010997824
        0.0014934448  -0.0017007305  -0.0022573593   0.0019659236   0.0070591306
        0.0005160741   0.0005018015  -0.0016483998  -0.0009180129   0.0005266734
        0.0001427984   0.0002710473  -0.0003796225   0.0000536414  -0.0000966612
        0.0002961170  -0.0000197777   0.0000291732  -0.0000815941   0.0001574097
        0.0000437670  -0.0000679977   0.0000416708   0.0000659603  -0.0001345498
        0.0000019158  -0.0002285291  -0.0000142287   0.0005324476   0.0016452965
       -0.0018101748   0.0006829212  -0.0602705451  -0.0011630998  -0.2625978039
        0.0632696183  -0.0815480474  -0.0969029282  -0.0173151557  -0.0061300151
       -0.0397895944   0.0001301985  -0.0001136387   0.0002150614   0.0000287660
        0.0000165644  -0.0000866132   0.0001747877   0.0000457517  -0.0000259890
        0.0001699313   0.0003632431  -0.0000344938   0.0001975790   0.0000292119
        0.0000969100   0.0007097999  -0.0009273689   0.0002912835  -0.0000757755
        0.0000130962   0.0000379251  -0.0000067802   0.0000191584   0.0000143739
       -0.0000115855  -0.0000134289   0.0000088206   0.0000009650  -0.0000129799
       -0.0000004659   0.0000049273  -0.0000154006   0.0000314772   0.0002126417
       -0.0000469903   0.0001849806
       -0.0635775123  -0.0198385144   0.0108622715   0.5779431054  -0.0143963411
       -0.3014764364  -0.3792772947  -0.0297213302   0.2491060949  -0.0233956814
       -0.0163596745   0.0209202645   0.0020296829   0.0012827244  -0.0038016517
        0.0007685800  -0.0013075252   0.0012467178   0.0001343207   0.0003226492
       -0.0002236409   0.0002286077  -0.0013053739   0.0006438402   0.0012067479
        0.0063908029   0.0000322176  -0.0976937947   0.0521095153   0.0099706995
       -0.0139693668   0.0071051106   0.0139757989   0.0052903746  -0.0004791230
        0.0020131972  -0.0017000771   0.0019121668   0.0000040254  -0.0003221634
       -0.0017531132   0.0007357820  -0.0002533320   0.0005294384  -0.0004392700
       -0.0004897413  -0.0001009508  -0.0003930496  -0.0002285357   0.0005656859
       -0.0012428831   0.0074402690   0.0017943258   0.0000164852  -0.0092137660
        0.0225338525  -0.0083156429   0.0017902973   0.0044069541  -0.0000452869
        0.0036445625   0.0158410801  -0.0054935164  -0.0086566364  -0.0266795613
        0.0126381857  -0.0003390331  -0.0001242269   0.0001386950  -0.0000584225
        0.0000194412  -0.0003719437  -0.0000798462   0.0003915649  -0.0001899011
        0.0003583527   0.0003493891   0.0001928284  -0.0001602493  -0.0001270895
        0.0000715846  -0.0004294884  -0.0007000923  -0.0011122909   0.0004077702
        0.0000129195  -0.0003230608   0.0001513842  -0.0000635492  -0.0002276923
        0.0003144096  -0.0000659322   0.0000218881   0.0000977926  -0.0002055259
        0.0001288617   0.0001051473   0.0000708289   0.0003317426  -0.0020664633
       -0.0024105258   0.0006050857
       -0.0176780361  -0.1800996723   0.0418630305  -0.0143963411   0.4676441012
       -0.0945473289  -0.0156779676  -0.0659265825   0.0229454876  -0.0312428418
       -0.0169526438   0.0244432843  -0.0018646498  -0.0018304828  -0.0008569195
       -0.0002680852  -0.0017567734   0.0015726889   0.0004258584   0.0008116064
       -0.0001732540   0.0006892436  -0.0020092718   0.0001760542   0.0005755395
        0.0002473436   0.0032145825   0.0594828767  -0.1401850162  -0.0204282244
        0.0095740377  -0.0027210861  -0.0113498118   0.0005745083   0.0046048445
        0.0005259809   0.0010215094  -0.0015909619   0.0000951370  -0.0011149776
        0.0001773010  -0.0009703568   0.0002088707  -0.0003793303   0.0003434793
       -0.0004996533  -0.0006767138   0.0001954467   0.0006085328  -0.0007412688
        0.0010363417   0.0041658232   0.0041882370   0.0043370811   0.0164641472
       -0.0276016201   0.0062598587  -0.0009371551  -0.0017024394   0.0062202257
        0.0002704295  -0.0273255711   0.0092460306  -0.0057666954  -0.0069405459
        0.0057964303  -0.0003838152   0.0002691502  -0.0005515521   0.0000114488
       -0.0001889380  -0.0000510221  -0.0001753199   0.0002999555  -0.0001526088
       -0.0001100286   0.0000956879   0.0000973075  -0.0004213811   0.0004587680
       -0.0003846953  -0.0016963387  -0.0004517803   0.0015282272  -0.0004349094
        0.0001679304   0.0004628817  -0.0001374605   0.0001239363   0.0002309144
        0.0000468730   0.0003209587   0.0000677008  -0.0000923311   0.0001509349
       -0.0001325039   0.0001755205   0.0000844491  -0.0002169579  -0.0013972318
       -0.0005645063  -0.0008429362
        0.0091428425   0.0490682315  -0.0808252747  -0.3014764364  -0.0945473289
        0.4214777267   0.2483161295   0.0263732803  -0.2248244157   0.0251109847
        0.0218702800  -0.0268247834  -0.0006385927   0.0012707018   0.0032012080
        0.0002095313   0.0020794033  -0.0017749954  -0.0003494179  -0.0008359413
        0.0004495813   0.0006480730   0.0015007276  -0.0012459681  -0.0022896394
       -0.0086277492   0.0004056260   0.0090125162  -0.0089768193  -0.0661747295
        0.0195511217  -0.0185250122  -0.0103678367   0.0020411780   0.0012389208
       -0.0044099167   0.0004990866  -0.0006237988  -0.0008717935  -0.0003701025
        0.0001208256  -0.0005428454   0.0001924535  -0.0002154946  -0.0000775701
       -0.0004260817   0.0001256863   0.0000365671  -0.0003105577   0.0005299996
        0.0012614444  -0.0011367096   0.0057790712  -0.0024405026  -0.0114880313
        0.0085326690   0.0078621041   0.0053792190   0.0275202737  -0.0177117112
       -0.0038324136  -0.0115134880   0.0053606150   0.0026901805  -0.0009464074
       -0.0005513409   0.0003042280  -0.0000739740  -0.0003811630   0.0000694110
        0.0000477974   0.0002153960  -0.0000739758  -0.0003582391   0.0001405876
       -0.0004071358  -0.0003959062  -0.0002147965  -0.0001074581  -0.0001072784
       -0.0003298984   0.0002023432  -0.0009064592  -0.0000315669   0.0006207793
       -0.0008618732  -0.0002960457  -0.0000834893   0.0000577823   0.0001094370
       -0.0000065759   0.0001507940   0.0000229542  -0.0001429598   0.0002028902
       -0.0000694356   0.0000189377   0.0000544411  -0.0001235968  -0.0008694381
        0.0009919941  -0.0004530605
       -0.0158273104  -0.0167550701   0.0139372701  -0.3792772947  -0.0156779676
        0.2483161295   0.5264626886   0.1268640017  -0.3478823268  -0.0838118786
       -0.0774028286   0.0287184249  -0.0057190047  -0.0107397847   0.0140125684
        0.0058896286  -0.0012117842   0.0005974253  -0.0005064207  -0.0006900989
       -0.0000717732   0.0052438877  -0.0035768825  -0.0011015910  -0.0058232492
       -0.0256798648   0.0049866387  -0.0386684356   0.0211883735   0.0363079256
       -0.0013443630   0.0056819809  -0.0029039954  -0.0012400296   0.0017741845
        0.0019867019   0.0008535239  -0.0011104461   0.0000874777  -0.0002893881
        0.0004092385  -0.0005863180   0.0001382040  -0.0002743935   0.0002109413
        0.0000132963  -0.0001897387   0.0000804863   0.0000591591  -0.0001577387
        0.0007603996   0.0000079615   0.0008797417   0.0004204514   0.0007183628
       -0.0060486192   0.0041078343  -0.0003089256   0.0010568814  -0.0014527439
       -0.0002701830   0.0001254828  -0.0012909532  -0.0001697385  -0.0025102893
        0.0008398598  -0.0015623753   0.0014006619  -0.0007070499   0.0000503853
       -0.0001316582   0.0003260110  -0.0013614643   0.0006192903  -0.0000697906
       -0.0007044386  -0.0006476086   0.0000971028  -0.0016257563   0.0025109385
        0.0003715883  -0.0002604160  -0.0002321221   0.0000045611  -0.0006664290
        0.0005174781   0.0004432827  -0.0000726077   0.0000272188   0.0001353107
       -0.0000676914   0.0001390373   0.0000216547  -0.0000822427   0.0001416038
       -0.0000822370   0.0000272956  -0.0000057476  -0.0001473532   0.0001952496
       -0.0002934705  -0.0004739140
       -0.0317253504  -0.0096066190   0.0204399483  -0.0297213302  -0.0659265825
        0.0263732803   0.1268640017   0.3234754722  -0.1209074030  -0.0516691605
       -0.1943577268   0.0550516932  -0.0106191849  -0.0078181717   0.0256727415
        0.0002050760   0.0063430936  -0.0030759311  -0.0019299627  -0.0038245958
        0.0022118602  -0.0036515715   0.0043312301  -0.0063135077  -0.0250627437
       -0.0513056945   0.0032121540   0.0241345326   0.0062264778  -0.0050695816
        0.0021720375  -0.0011338092  -0.0004290126  -0.0005445622  -0.0007353319
       -0.0006184501   0.0000325868   0.0000423120  -0.0001114233   0.0001776340
        0.0002911536   0.0001247350   0.0000223764  -0.0000298076  -0.0000029358
        0.0001637554   0.0001656161   0.0000533197   0.0000921013  -0.0000214618
       -0.0000714811  -0.0019378437  -0.0010572821  -0.0001107305   0.0007623496
       -0.0011018238  -0.0013603519  -0.0006488697  -0.0006709079   0.0010081707
       -0.0003082809   0.0029280303  -0.0003680852  -0.0027225023  -0.0050144869
        0.0026068800   0.0027189092  -0.0004581037  -0.0000273436   0.0001820252
        0.0002293157   0.0000888812   0.0008667948  -0.0003880531   0.0001662647
       -0.0004287411  -0.0013321265   0.0002032472   0.0012674411   0.0013206895
        0.0013398276   0.0003051032  -0.0000661171   0.0002288385   0.0000391173
       -0.0001955545  -0.0000996026   0.0000179476  -0.0000479502  -0.0000231728
       -0.0000416921  -0.0000887943  -0.0000119488   0.0000070238  -0.0000547024
        0.0000189719  -0.0000592106  -0.0000792596  -0.0000577907   0.0010401933
       -0.0000384281  -0.0001420616
        0.0165701190   0.0142205343  -0.0221192509   0.2491060949   0.0229454876
       -0.2248244157  -0.3478823268  -0.1209074030   0.3632907079   0.0265937188
        0.0661720507  -0.0890191312   0.0237407817   0.0338031330  -0.0329787410
       -0.0018259164  -0.0049650239  -0.0050057619   0.0008220856   0.0025258280
        0.0007001274  -0.0011182037  -0.0041616667  -0.0008386346  -0.0045031430
        0.0014428984   0.0105324698   0.0397254494  -0.0137796242  -0.0011093692
       -0.0019138861  -0.0007651300   0.0030595997  -0.0000542354  -0.0023398674
       -0.0003545092  -0.0008324408   0.0010560247   0.0003013962   0.0005879759
       -0.0003471326   0.0005779027  -0.0001601215   0.0002628047  -0.0001450267
        0.0002284434   0.0001745305  -0.0000790617  -0.0001127481   0.0001264150
       -0.0009114141  -0.0002331577  -0.0031077338  -0.0003848121  -0.0008228405
        0.0045358148  -0.0037754101   0.0007922818   0.0024607131  -0.0003692489
       -0.0000075090  -0.0010399408   0.0000112983  -0.0002824416   0.0010337281
        0.0001447918  -0.0001394218   0.0008894357   0.0020443449   0.0006772790
        0.0012860711  -0.0010933978   0.0001537566   0.0001154431   0.0000603364
        0.0001201482  -0.0005993549   0.0004365215   0.0001188418  -0.0016271878
        0.0014501004   0.0003708579   0.0004444758   0.0000224368   0.0002608848
       -0.0000474822  -0.0001790613   0.0000376499  -0.0000288181  -0.0000994816
       -0.0000143109  -0.0001413387  -0.0000216322   0.0000827882  -0.0001175839
        0.0000709305  -0.0000279329  -0.0000458517   0.0001321293  -0.0000585209
        0.0005257509   0.0004732664
        0.0033190201   0.0027157223   0.0066462123  -0.0233956814  -0.0312428418
        0.0251109847  -0.0838118786  -0.0516691605   0.0265937188   0.2454322782
        0.1879865501  -0.0545745983  -0.0566619447  -0.0084368264   0.0436456673
       -0.0041295498  -0.0007531847   0.0149813194  -0.0040543660   0.0026303631
       -0.0070500137  -0.0131522268  -0.0221970807   0.0020571410  -0.0779056627
       -0.0651461334  -0.0500907341   0.0002030310  -0.0025399839  -0.0041861677
        0.0003905303  -0.0013918469   0.0003662270   0.0001980750  -0.0000628243
       -0.0002787642   0.0000283305   0.0000320162   0.0001328862  -0.0000236265
       -0.0000561506   0.0001581411  -0.0000277896   0.0000336812  -0.0000001597
       -0.0000311948   0.0000038276  -0.0000557456   0.0000804051  -0.0001165910
       -0.0002665074   0.0002078175   0.0001444124  -0.0001457029  -0.0013833459
        0.0006071812   0.0003224332  -0.0007114779  -0.0020055582   0.0011396927
       -0.0000416744   0.0001569133  -0.0000544728   0.0005063304   0.0005374992
       -0.0000567286   0.0018103974  -0.0005753136  -0.0091699922   0.0056605682
       -0.0049834074   0.0017596774   0.0005419998   0.0001963453  -0.0002294318
        0.0054743342  -0.0052650750   0.0020057839   0.0026671627   0.0009379277
        0.0019984327  -0.0000355754   0.0000716088  -0.0001434339   0.0002147993
       -0.0001106112  -0.0001688996   0.0000517883  -0.0000228759  -0.0000647699
        0.0000587526  -0.0000463271   0.0000069864   0.0000593330  -0.0000650925
        0.0000441132   0.0000104679   0.0000508722   0.0000409591  -0.0015494271
        0.0005819646  -0.0004742542
        0.0028061710   0.0025055674   0.0031788036  -0.0163596745  -0.0169526438
        0.0218702800  -0.0774028286  -0.1943577268   0.0661720507   0.1879865501
        0.5255839363   0.0192002367  -0.0123356751  -0.0796000077   0.0178402929
        0.0054617553   0.0160675445   0.0271910708   0.0020761824  -0.0075521397
       -0.0278533979  -0.0284695600  -0.0553133418   0.0216662216  -0.0588782964
       -0.1830500471  -0.1211967165   0.0027398121  -0.0013037157  -0.0069084846
        0.0002001660  -0.0016113745   0.0008382463   0.0002251918  -0.0003466795
       -0.0003910570  -0.0001008072   0.0001178820   0.0000269644   0.0000151151
       -0.0001336804   0.0002044895  -0.0000504850   0.0000515033  -0.0000016843
       -0.0000112275   0.0000019746  -0.0000735553  -0.0000004188  -0.0000429463
       -0.0003362094   0.0003400761  -0.0001629376  -0.0002024658   0.0005482421
        0.0011522148  -0.0012373116  -0.0006723733  -0.0015588605   0.0008415075
       -0.0004097199  -0.0003554040   0.0003581565   0.0006233014   0.0003199067
        0.0003350308   0.0003702397  -0.0003356856  -0.0241455337  -0.0055611879
       -0.0018466113   0.0020452638   0.0001829076   0.0006343747  -0.0006746431
       -0.0047948681  -0.0011171783   0.0020870999   0.0010380653  -0.0014751247
       -0.0010401605  -0.0000853448   0.0002170799  -0.0001168043   0.0001874343
       -0.0001094766  -0.0001515887   0.0000133880   0.0000179133  -0.0000510819
        0.0000307995  -0.0000171995  -0.0000017804   0.0000413680  -0.0000243589
        0.0000295099   0.0000284897   0.0000161050   0.0001882653   0.0002172114
        0.0005811376   0.0003089849
        0.0084841198   0.0016151965   0.0074262155   0.0209202645   0.0244432843
       -0.0268247834   0.0287184249   0.0550516932  -0.0890191312  -0.0545745983
        0.0192002367   0.6234171043   0.0142120815  -0.0349241637  -0.2910542903
        0.0416124897   0.0754157737  -0.0241071375  -0.0083148656  -0.0270934311
       -0.0511977206  -0.0203714609  -0.0293179027   0.0555353601  -0.0211533452
       -0.0667446484  -0.1608619739  -0.0056995371   0.0003479183  -0.0029205443
        0.0006129095   0.0004379514  -0.0005603858   0.0002627286   0.0003040084
        0.0001292775   0.0000662767  -0.0000907486  -0.0001428307  -0.0000787074
       -0.0000219699  -0.0001544597   0.0000520702  -0.0000488113  -0.0000364566
       -0.0000952046   0.0000038107   0.0000246715  -0.0000605699   0.0000495164
        0.0003310702   0.0002240202   0.0008133218   0.0000046730   0.0001221454
        0.0000340947   0.0010156972  -0.0004251447  -0.0015468597   0.0009031835
       -0.0000071877   0.0003104544   0.0000209888   0.0006662290   0.0023758780
       -0.0013555977   0.0016371113  -0.0026004472  -0.0196440961   0.0015111353
        0.0018231895   0.0004916297  -0.0005951267  -0.0004586937  -0.0004042698
        0.0023069466   0.0022402894   0.0000821911  -0.0093373940  -0.0213752642
       -0.0216608745  -0.0000560505  -0.0001469394   0.0000771282  -0.0001312803
        0.0000333634   0.0001011411  -0.0000214908   0.0000163031   0.0000451383
       -0.0000081193   0.0000478996   0.0000098465  -0.0000505293   0.0000480640
       -0.0000209990  -0.0000242623   0.0000296587  -0.0000760762  -0.0004040785
       -0.0002720265   0.0004263110
       -0.0014302294  -0.0006078321  -0.0004740566   0.0020296829  -0.0018646498
       -0.0006385927  -0.0057190047  -0.0106191849   0.0237407817  -0.0566619447
       -0.0123356751   0.0142120815   0.2254026225   0.2246401446  -0.0539527199
       -0.1005581744  -0.1010589156   0.0677116009  -0.0109870465  -0.0303908104
       -0.0221805413  -0.0102647401  -0.0066733455   0.0171647899   0.0099382755
        0.0163331635  -0.0054294389   0.0002713603  -0.0001186946   0.0007293718
        0.0000151818   0.0002939423   0.0000680709   0.0000608789  -0.0001050242
        0.0001077913  -0.0000230841   0.0000775933  -0.0001592135   0.0000125621
       -0.0000025580   0.0000106616   0.0000158503  -0.0000209272  -0.0000434652
       -0.0000143894   0.0000124567   0.0000507121   0.0000666629  -0.0001024441
       -0.0000153987  -0.0002561938   0.0001049433   0.0002793668   0.0003936309
       -0.0001680920  -0.0008048028   0.0000593725   0.0002502843  -0.0001743632
       -0.0000124465   0.0000531635   0.0000143221  -0.0001051955  -0.0002943434
        0.0001192070  -0.0598847462  -0.0655925989  -0.0433156575  -0.0017880493
       -0.0040698018   0.0032433464   0.0054066828  -0.0040789706  -0.0005801221
       -0.0000412032   0.0002179714   0.0003342890   0.0050155130  -0.0041028943
       -0.0008756468  -0.0000054200  -0.0000201385   0.0000447690  -0.0000604688
        0.0000120836   0.0000331999  -0.0000193178   0.0000096761   0.0000225811
       -0.0000214576   0.0000085342   0.0000069282  -0.0000131921   0.0000083702
       -0.0000072389   0.0000285661  -0.0000227141   0.0000346003  -0.0008505381
        0.0002272880   0.0007227866
       -0.0024500247  -0.0011939274  -0.0005461774   0.0012827244  -0.0018304828
        0.0012707018  -0.0107397847  -0.0078181717   0.0338031330  -0.0084368264
       -0.0796000077  -0.0349241637   0.2246401446   0.5727284339   0.0205219406
       -0.1106801550  -0.2407577774   0.1156138125  -0.0241676454  -0.0551840852
       -0.0327429417  -0.0078458978  -0.0129366912   0.0281409393   0.0132442579
        0.0225983138  -0.0189529157   0.0002858214   0.0004640743   0.0010575517
       -0.0001771839   0.0003894548  -0.0001665825  -0.0000419425   0.0000005838
        0.0000337660  -0.0000029283  -0.0000002539  -0.0000680681   0.0000438897
        0.0000009079  -0.0000858135   0.0000100450  -0.0000078049  -0.0000086480
        0.0000065416  -0.0000213466   0.0000479262  -0.0000347813  -0.0000155305
        0.0001023771  -0.0000617046   0.0000470542  -0.0000220125  -0.0000256756
       -0.0002565767   0.0002869929   0.0001029540   0.0001736722  -0.0001654762
       -0.0000133428   0.0001556909  -0.0000290705  -0.0003152383  -0.0006509426
        0.0002281067  -0.0654395222  -0.1918489746  -0.1098602568  -0.0014998326
       -0.0016693899   0.0024209850  -0.0039983580  -0.0018413873  -0.0030578708
        0.0003296167   0.0003820880   0.0007003550  -0.0041011420  -0.0017491125
       -0.0036473920   0.0000150757  -0.0000679337  -0.0000167307  -0.0000577872
        0.0000457035   0.0000693141  -0.0000187718   0.0000053244   0.0000362336
       -0.0000181272   0.0000275467   0.0000071243  -0.0000138508   0.0000366997
       -0.0000157769   0.0000294026   0.0000194022  -0.0000191459   0.0001500496
        0.0003754461  -0.0000122169
        0.0013279017   0.0006354783   0.0004071408  -0.0038016517  -0.0008569195
        0.0032012080   0.0140125684   0.0256727415  -0.0329787410   0.0436456673
        0.0178402929  -0.2910542903  -0.0539527199   0.0205219406   0.6258109268
        0.0341705334   0.0479808692  -0.1382134667   0.0037243427   0.0197469988
        0.0550192036   0.0161614101   0.0234063064  -0.0403460350  -0.0252462742
       -0.0615957265  -0.0378178643   0.0003822944  -0.0001661185  -0.0011890725
        0.0002049835  -0.0005996401  -0.0001235701  -0.0001202771   0.0001124974
       -0.0001500369  -0.0000058402  -0.0000140094   0.0001704940  -0.0000173325
        0.0000263246   0.0000340909  -0.0000205397  -0.0000012314   0.0000368505
        0.0000386779  -0.0000319976  -0.0000650710  -0.0000853208   0.0000408302
       -0.0001433140   0.0002558977  -0.0003275358  -0.0000696613  -0.0005988914
        0.0000807022  -0.0000898502  -0.0000577793  -0.0003058658   0.0001753350
        0.0000358650  -0.0003192264   0.0000975920   0.0001067019   0.0002336591
       -0.0000762196  -0.0437365340  -0.1098235769  -0.1243502586   0.0138357849
        0.0237162128  -0.0165766752  -0.0007394993  -0.0035765886  -0.0010029894
        0.0000150804   0.0007723128  -0.0000279538  -0.0003358804  -0.0031792422
       -0.0011330954  -0.0000201116   0.0000306071   0.0000746779   0.0000559391
       -0.0000327088  -0.0000195002  -0.0000113213   0.0000112273  -0.0000071166
       -0.0000030852  -0.0000001393   0.0000000988   0.0000066182  -0.0000015346
        0.0000033061   0.0000140620   0.0000080172   0.0000831768   0.0007587299
       -0.0000049571   0.0003206810
       -0.0003042024  -0.0000953194  -0.0005676558   0.0007685800  -0.0002680852
        0.0002095313   0.0058896286   0.0002050760  -0.0018259164  -0.0041295498
        0.0054617553   0.0416124897  -0.1005581744  -0.1106801550   0.0341705334
        0.2258369165   0.2123057337  -0.0527695200  -0.0797362959  -0.0703365098
       -0.0191523168   0.0118073015   0.0136016925  -0.0305749344  -0.0157601769
       -0.0220627093  -0.0018138012   0.0005121021   0.0003557478   0.0001548258
        0.0000714488  -0.0001159842  -0.0001196674  -0.0001065483   0.0000419880
       -0.0000419828   0.0000235453  -0.0000513094   0.0000706267   0.0000143516
        0.0000383839  -0.0000004663   0.0000044438  -0.0000026965   0.0000235532
        0.0000376937  -0.0000077635  -0.0000215007  -0.0000131289   0.0000211871
       -0.0000234039   0.0000209720  -0.0001620472  -0.0000845440  -0.0001793954
       -0.0000507742   0.0001664517   0.0000200415   0.0001101330  -0.0000889848
       -0.0000417174  -0.0000444175   0.0000352900  -0.0000220497  -0.0000687977
        0.0000610292  -0.0047225845  -0.0092376893   0.0032498450  -0.0405629811
       -0.0046901994   0.0328481247  -0.0049819240  -0.0117049003  -0.0069011570
        0.0063554580  -0.0024977059   0.0016360247  -0.0002145898  -0.0001834164
       -0.0002227835   0.0000054965   0.0000301612  -0.0000203865   0.0000006313
        0.0000022416  -0.0000084069  -0.0000004435   0.0000086016  -0.0000028098
        0.0000032309   0.0000095382   0.0000005743   0.0000108609   0.0000084435
        0.0000013530  -0.0000004578   0.0000236522  -0.0000008155  -0.0000484833
        0.0000361447   0.0000008010
        0.0003630638   0.0003370245   0.0001650811  -0.0013075252  -0.0017567734
        0.0020794033  -0.0012117842   0.0063430936  -0.0049650239  -0.0007531847
        0.0160675445   0.0754157737  -0.1010589156  -0.2407577774   0.0479808692
        0.2123057337   0.5513406567   0.0208365655  -0.0784018725  -0.2209682361
       -0.0673928483   0.0205739849   0.0238426740  -0.0724524716  -0.0232625693
       -0.0510928641  -0.0017365221   0.0002633313   0.0000567586  -0.0006615501
        0.0002067615  -0.0003239732  -0.0001048529  -0.0000854077   0.0000853193
       -0.0000964555   0.0000328601  -0.0000812373   0.0001148257  -0.0000118866
        0.0000085458   0.0000139375  -0.0000129205  -0.0000132974   0.0000297621
        0.0000250717  -0.0000216114  -0.0000453046  -0.0000463569   0.0000091459
       -0.0000493081   0.0001492554  -0.0001710123  -0.0001806296  -0.0002690256
       -0.0000712370   0.0002837320  -0.0000373908  -0.0000668001   0.0000280556
       -0.0000094672  -0.0000193542   0.0000287798   0.0000800157   0.0001048739
        0.0000216667  -0.0110172835  -0.0212858643   0.0081320537  -0.0045913556
       -0.0424678393   0.0050748549  -0.0090846902  -0.0212269170  -0.0123886386
       -0.0027184836   0.0025911926   0.0001313649  -0.0000871732  -0.0005555160
       -0.0001000248   0.0000093129   0.0000509195  -0.0000315582   0.0000232216
       -0.0000223794  -0.0000364501   0.0000044242  -0.0000014310  -0.0000142077
        0.0000039810  -0.0000100969  -0.0000036651   0.0000068566  -0.0000061539
        0.0000072744  -0.0000079956   0.0000404652   0.0000089261  -0.0000725862
        0.0000421576  -0.0000934151
        0.0005416038   0.0001089974   0.0002471550   0.0012467178   0.0015726889
       -0.0017749954   0.0005974253  -0.0030759311  -0.0050057619   0.0149813194
        0.0271910708  -0.0241071375   0.0677116009   0.1156138125  -0.1382134667
       -0.0527695200   0.0208365655   0.6630630011  -0.0544392035  -0.1381232046
       -0.1679170981  -0.0040585600  -0.0193015979  -0.0445055934  -0.0043244859
       -0.0058373635   0.0028038863  -0.0003849760   0.0003744996   0.0003430019
        0.0000412095   0.0001035627  -0.0000917350  -0.0000300102   0.0000156146
        0.0000220651   0.0000077793  -0.0000011662  -0.0000152309  -0.0000008614
        0.0000329417  -0.0000244312   0.0000072430  -0.0000168369   0.0000183282
        0.0000201227  -0.0000307175   0.0000093207  -0.0000303114  -0.0000016274
       -0.0000299330   0.0000012322  -0.0000336271   0.0000424249  -0.0000919933
       -0.0001048851  -0.0001278009  -0.0000071637  -0.0000973687   0.0001170967
        0.0000011520  -0.0000528857  -0.0000539182   0.0000295547   0.0001208904
       -0.0000918682  -0.0072246607  -0.0134673975   0.0062111992   0.0329499843
        0.0050721662  -0.2926414697   0.0038689349   0.0093912360   0.0064188957
        0.0013837438  -0.0004093430  -0.0058883750  -0.0001536986   0.0000624324
        0.0009580286   0.0000039294  -0.0000261662   0.0000662981  -0.0000324010
        0.0000034595   0.0000338039  -0.0000172049   0.0000100195   0.0000240093
       -0.0000135035   0.0000138745   0.0000136932  -0.0000112922   0.0000189484
        0.0000009087   0.0000365155  -0.0000224790   0.0000713394   0.0001597777
        0.0000598167   0.0000243588
       -0.0000102715   0.0000053909  -0.0000767692   0.0001343207   0.0004258584
       -0.0003494179  -0.0005064207  -0.0019299627   0.0008220856  -0.0040543660
        0.0020761824  -0.0083148656  -0.0109870465  -0.0241676454   0.0037243427
       -0.0797362959  -0.0784018725  -0.0544392035   0.2275291730   0.2200426971
       -0.0532106401  -0.0611099930  -0.0156637336   0.0505331939  -0.0007787156
       -0.0002108330   0.0157689426   0.0000459133  -0.0000135887   0.0002074046
       -0.0000323732   0.0000813453   0.0000104446   0.0000168002  -0.0000173149
        0.0000359684   0.0000011439   0.0000043325  -0.0000149660   0.0000134776
        0.0000068576   0.0000115783   0.0000077820  -0.0000001736  -0.0000114513
       -0.0000087839   0.0000091274   0.0000083468   0.0000139532  -0.0000043312
        0.0000120853  -0.0000371834   0.0000310081   0.0000150663   0.0001137036
        0.0000374213  -0.0000114138   0.0000056855   0.0000246738  -0.0000188194
        0.0000056911   0.0000408904  -0.0000074776   0.0000070168   0.0000033210
        0.0000024453   0.0053702329  -0.0051243752   0.0019352608   0.0016513766
        0.0022790512   0.0018555673  -0.0843061690  -0.0937129454   0.0489794757
        0.0015523742  -0.0006124295  -0.0095610207   0.0051372046  -0.0051839408
        0.0020415992   0.0000117090  -0.0000006075  -0.0000071785   0.0000002367
        0.0000098699   0.0000109867   0.0000065773   0.0000000478   0.0000085246
        0.0000010105  -0.0000002969   0.0000084825  -0.0000003662  -0.0000081034
        0.0000097377  -0.0000124163   0.0000098595  -0.0000025008  -0.0000449816
       -0.0000357801   0.0000241854
       -0.0000476364  -0.0000000631  -0.0001437331   0.0003226492   0.0008116064
       -0.0008359413  -0.0006900989  -0.0038245958   0.0025258280   0.0026303631
       -0.0075521397  -0.0270934311  -0.0303908104  -0.0551840852   0.0197469988
       -0.0703365098  -0.2209682361  -0.1381232046   0.2200426971   0.5582440159
        0.0137765334  -0.0240756477  -0.0845826139   0.0401574627   0.0054166317
        0.0177258244   0.0243821084  -0.0000561728  -0.0000545589   0.0004243826
       -0.0000860670   0.0001741064   0.0000144372   0.0000277352  -0.0000020945
        0.0000555789  -0.0000214979  -0.0000016131  -0.0000219048   0.0000124799
       -0.0000111234   0.0000077753  -0.0000006427  -0.0000041062  -0.0000228150
       -0.0000158417   0.0000261842  -0.0000016507   0.0000065089   0.0000119225
        0.0000745037  -0.0000715937   0.0000717805   0.0000662884   0.0001176906
        0.0000728801  -0.0000233954  -0.0000041200   0.0000354630  -0.0000289650
        0.0000004324   0.0000939108  -0.0000260649  -0.0000046099   0.0000015572
       -0.0000092472  -0.0051708492  -0.0016482267   0.0019301123  -0.0003368913
        0.0000107660  -0.0012220005  -0.0936163163  -0.2007588937   0.0854686387
        0.0018536414  -0.0008320952  -0.0234675544  -0.0053110521  -0.0017135175
        0.0024412955  -0.0000079336  -0.0000057589  -0.0000323168  -0.0000206054
        0.0000225891   0.0000011640   0.0000066406  -0.0000033921  -0.0000082497
        0.0000078073  -0.0000049001  -0.0000097201   0.0000019581  -0.0000027283
       -0.0000001753  -0.0000433602   0.0000101433  -0.0000497527  -0.0001389784
       -0.0001580074   0.0000470147
        0.0000399909  -0.0000337645   0.0002146144  -0.0002236409  -0.0001732540
        0.0004495813  -0.0000717732   0.0022118602   0.0007001274  -0.0070500137
       -0.0278533979  -0.0511977206  -0.0221805413  -0.0327429417   0.0550192036
       -0.0191523168  -0.0673928483  -0.1679170981  -0.0532106401   0.0137765334
        0.6461362967   0.0139042870  -0.0300674118  -0.3253514894   0.0427657586
        0.0770178668  -0.0281916018  -0.0001099233  -0.0002014057  -0.0001280011
       -0.0002089413   0.0000005950   0.0001783803   0.0001151130  -0.0000853872
        0.0000635183  -0.0000480358   0.0000703121  -0.0001068558   0.0000123344
       -0.0000232254   0.0000329282   0.0000075252   0.0000020331  -0.0000392207
       -0.0000201189   0.0000039730   0.0000400868   0.0000309670  -0.0000590247
       -0.0000572947  -0.0000356512   0.0001592832   0.0001061305   0.0003486191
        0.0001408362  -0.0003247718  -0.0000130555  -0.0000824803   0.0000991064
       -0.0000064741   0.0000324388  -0.0000354818   0.0000224810   0.0000203700
       -0.0000148750   0.0017998826   0.0027605832   0.0001419843  -0.0089584384
       -0.0228067246  -0.0205246676   0.0490992849   0.0854373594  -0.0903165628
        0.0013908402  -0.0018696232  -0.0196721642   0.0016883319   0.0018070558
        0.0003844403  -0.0000106322  -0.0000293808   0.0000538124   0.0000286891
        0.0000132560   0.0000170885  -0.0000035622   0.0000009937   0.0000098683
        0.0000047301  -0.0000037953   0.0000130098   0.0000033377  -0.0000090794
        0.0000117438   0.0000090452  -0.0000103130   0.0000544933   0.0000325411
       -0.0000112923   0.0001513909
       -0.0000154198   0.0001070723  -0.0002050010   0.0002286077   0.0006892436
        0.0006480730   0.0052438877  -0.0036515715  -0.0011182037  -0.0131522268
       -0.0284695600  -0.0203714609  -0.0102647401  -0.0078458978   0.0161614101
        0.0118073015   0.0205739849  -0.0040585600  -0.0611099930  -0.0240756477
        0.0139042870   0.2308956904   0.2185705223  -0.0444445180  -0.1028057210
       -0.1024731682   0.0686094993  -0.0000432260  -0.0001943289  -0.0003112418
       -0.0001205564  -0.0000885071   0.0001119991   0.0000486717  -0.0000600284
        0.0000153905  -0.0000294783   0.0000511462  -0.0000363778  -0.0000003375
       -0.0000228475   0.0000192881  -0.0000016258   0.0000129701  -0.0000257596
        0.0000007758   0.0000140200  -0.0000104939   0.0000340077  -0.0000008433
       -0.0000003075  -0.0000243716   0.0000825217   0.0000064658   0.0000770150
        0.0002242589  -0.0000587814  -0.0000151671   0.0000547736  -0.0000413459
       -0.0000185539   0.0000538895   0.0000104227   0.0000178076   0.0000099467
        0.0000192658  -0.0002544350   0.0003040875   0.0003510254   0.0057034379
       -0.0042906424  -0.0007852825  -0.0022865732  -0.0015586895   0.0137854715
       -0.0616713377  -0.0644186798  -0.0447483994  -0.0022451873  -0.0035336966
        0.0027038296  -0.0000261558   0.0000131685  -0.0000265478   0.0000115937
        0.0000034242  -0.0000351826  -0.0000015922  -0.0000035929  -0.0000285757
        0.0000121569  -0.0000088138  -0.0000168961   0.0000149671  -0.0000060674
       -0.0000012729   0.0000091994   0.0000099149  -0.0000205406  -0.0000184217
       -0.0000723620  -0.0000016787
        0.0004896693   0.0002945566   0.0007881394  -0.0013053739  -0.0020092718
        0.0015007276  -0.0035768825   0.0043312301  -0.0041616667  -0.0221970807
       -0.0553133418  -0.0293179027  -0.0066733455  -0.0129366912   0.0234063064
        0.0136016925   0.0238426740  -0.0193015979  -0.0156637336  -0.0845826139
       -0.0300674118   0.2185705223   0.5561318627   0.0285762931  -0.1099883014
       -0.2364676479   0.1151454535   0.0001690586  -0.0004057395  -0.0007875263
       -0.0000653231  -0.0002363588   0.0002451187   0.0001164723  -0.0000586230
        0.0000383297  -0.0000567552   0.0000499760  -0.0000442078  -0.0000096241
       -0.0000518820   0.0000662240  -0.0000171534   0.0000082516  -0.0000215453
       -0.0000303702   0.0000238146  -0.0000175959   0.0000394672  -0.0000267976
       -0.0000225250  -0.0000428290   0.0001926671   0.0000201440   0.0003378579
        0.0002777719  -0.0000338599  -0.0000820736  -0.0002005430   0.0001362804
       -0.0000480833   0.0000926488   0.0000057231   0.0001312781   0.0001214829
       -0.0000302090  -0.0000087554   0.0005509465   0.0006921691  -0.0042271984
       -0.0017145988  -0.0037638299  -0.0039669551  -0.0025197719   0.0242215425
       -0.0643352123  -0.1876751718  -0.1091210925  -0.0012282955  -0.0015606224
        0.0021008083  -0.0000387173   0.0000265468  -0.0000456643   0.0000546860
        0.0000074394  -0.0000601144   0.0000169862  -0.0000074554  -0.0000415786
        0.0000289982  -0.0000291881  -0.0000138405   0.0000146027  -0.0000318363
        0.0000145349  -0.0000229183   0.0000066818  -0.0000362042   0.0000136903
       -0.0001303956  -0.0000694222
        0.0000758246  -0.0000778863   0.0003415997   0.0006438402   0.0001760542
       -0.0012459681  -0.0011015910  -0.0063135077  -0.0008386346   0.0020571410
        0.0216662216   0.0555353601   0.0171647899   0.0281409393  -0.0403460350
       -0.0305749344  -0.0724524716  -0.0445055934   0.0505331939   0.0401574627
       -0.3253514894  -0.0444445180   0.0285762931   0.6536415687   0.0345225793
        0.0462533972  -0.1379525692  -0.0004487689  -0.0000435969  -0.0003975016
        0.0002073434   0.0000724211  -0.0001838815  -0.0000769004   0.0001199081
       -0.0000540752   0.0000317391  -0.0000711338   0.0000346449  -0.0000098856
        0.0000271455  -0.0000451839   0.0000104685  -0.0000282024  -0.0000006821
        0.0000239814  -0.0000253476  -0.0000129232  -0.0000292548   0.0000652248
        0.0000570248   0.0000774800  -0.0000318002  -0.0000567546  -0.0003216916
       -0.0000263476   0.0002115869  -0.0000336834  -0.0000805264   0.0000158206
        0.0000118191   0.0000293175   0.0000249321  -0.0000173449   0.0000394940
       -0.0000329443   0.0005360209   0.0004285777  -0.0000605843  -0.0004549184
       -0.0032753890  -0.0010191277   0.0025920816   0.0025489270  -0.0151584652
       -0.0449578491  -0.1092811194  -0.1261996855   0.0141170689   0.0235352693
       -0.0163267077   0.0000099164  -0.0000331509   0.0000144804  -0.0000358584
       -0.0000269997   0.0000008850  -0.0000035295   0.0000016210  -0.0000022140
       -0.0000007369   0.0000070294  -0.0000035455  -0.0000002790   0.0000111886
       -0.0000031331  -0.0000215780   0.0000001230  -0.0000206410  -0.0000819659
       -0.0000891357  -0.0000595631
        0.0004213890  -0.0000924048   0.0010997824   0.0012067479   0.0005755395
       -0.0022896394  -0.0058232492  -0.0250627437  -0.0045031430  -0.0779056627
       -0.0588782964  -0.0211533452   0.0099382755   0.0132442579  -0.0252462742
       -0.0157601769  -0.0232625693  -0.0043244859  -0.0007787156   0.0054166317
        0.0427657586  -0.1028057210  -0.1099883014   0.0345225793   0.2254504421
        0.2184286081  -0.0582010131  -0.0011475579   0.0000634472  -0.0000324643
        0.0004610750   0.0002944333  -0.0005450505  -0.0001351894   0.0001674584
       -0.0000973860   0.0001047245  -0.0000966977   0.0001201303   0.0000281379
        0.0000384978  -0.0001396887   0.0000191539  -0.0000476787   0.0000562725
        0.0000665261  -0.0000917970  -0.0000306098  -0.0000756087   0.0000953395
        0.0001524138   0.0001024408  -0.0002869363  -0.0000972394  -0.0014859410
       -0.0000631248   0.0002709661  -0.0000827620  -0.0002507401   0.0001975280
       -0.0000598445   0.0001049928   0.0000137025   0.0000242906   0.0000845859
       -0.0000616613   0.0059923363  -0.0025596060   0.0017951801  -0.0001195737
       -0.0002035472  -0.0001064756   0.0059005806  -0.0024303091   0.0012457144
       -0.0044373344  -0.0097088391   0.0032947280  -0.0381418445  -0.0054535046
        0.0313533671   0.0000033982  -0.0000371462   0.0000075678  -0.0001327901
       -0.0000055232   0.0000622989  -0.0000311983   0.0000221268   0.0000487292
       -0.0000446030   0.0000445421   0.0000026616  -0.0000470907   0.0000487838
       -0.0000329410   0.0000030991  -0.0000049380  -0.0000310454  -0.0007077539
       -0.0001045411  -0.0001169175
        0.0003051448  -0.0001370184   0.0014934448   0.0063908029   0.0002473436
       -0.0086277492  -0.0256798648  -0.0513056945   0.0014428984  -0.0651461334
       -0.1830500471  -0.0667446484   0.0163331635   0.0225983138  -0.0615957265
       -0.0220627093  -0.0510928641  -0.0058373635  -0.0002108330   0.0177258244
        0.0770178668  -0.1024731682  -0.2364676479   0.0462533972   0.2184286081
        0.5400223973   0.0025429917  -0.0011577285   0.0005831396   0.0000284462
        0.0003266779   0.0002915311  -0.0003453242  -0.0000337331   0.0000841868
        0.0000152076   0.0000538124  -0.0000968086  -0.0000603653  -0.0000107284
        0.0000384062  -0.0000974111   0.0000241288  -0.0000377662  -0.0000018643
        0.0000020336  -0.0000280151   0.0000237877  -0.0000167814   0.0000123237
        0.0001397013  -0.0000888316   0.0001716549  -0.0001622870  -0.0002424246
       -0.0001965317   0.0006219010  -0.0000712633  -0.0000836480  -0.0000071019
       -0.0000874317   0.0002914449   0.0000514515  -0.0000229566   0.0001270837
       -0.0000863872  -0.0023219747   0.0018522936   0.0001915616  -0.0000597229
       -0.0005683801  -0.0000418513  -0.0026973603   0.0025116626  -0.0003522198
       -0.0126191772  -0.0216764748   0.0079919133  -0.0064851921  -0.0419995454
        0.0066147939   0.0000435260  -0.0000257568  -0.0000828428  -0.0000785762
        0.0000131365   0.0000308948  -0.0000039668  -0.0000024325   0.0000195627
       -0.0000123671   0.0000173386   0.0000036651  -0.0000173009   0.0000200941
       -0.0000149263  -0.0000098824   0.0000161912  -0.0000464002  -0.0002977894
        0.0001442646  -0.0003790167
       -0.0004146885  -0.0001079577  -0.0017007305   0.0000322176   0.0032145825
        0.0004056260   0.0049866387   0.0032121540   0.0105324698  -0.0500907341
       -0.1211967165  -0.1608619739  -0.0054294389  -0.0189529157  -0.0378178643
       -0.0018138012  -0.0017365221   0.0028038863   0.0157689426   0.0243821084
       -0.0281916018   0.0686094993   0.1151454535  -0.1379525692  -0.0582010131
        0.0025429917   0.6487623067   0.0007123156  -0.0000930877   0.0007774221
       -0.0002936670   0.0000608787   0.0000103077   0.0001429493  -0.0001541087
        0.0000089881   0.0000009837  -0.0000068046  -0.0001008544   0.0000178316
       -0.0000466322   0.0000259185  -0.0000141243   0.0000436870  -0.0000747868
       -0.0000219119   0.0000652693   0.0000080885   0.0000407057  -0.0000388388
        0.0000686884  -0.0000233460  -0.0000153948  -0.0000124761   0.0001872827
       -0.0000945654   0.0002648564   0.0001361380   0.0005292814  -0.0003498922
        0.0000784780  -0.0000232328  -0.0000036929  -0.0000797319  -0.0000564195
        0.0000724146   0.0012228906  -0.0003274342  -0.0056943765  -0.0000534744
       -0.0000433561   0.0010453780   0.0016583141   0.0000767137  -0.0056319376
       -0.0073031153  -0.0133130489   0.0061064569   0.0306258774   0.0069499600
       -0.2919219799   0.0000258928   0.0000578003  -0.0000740266   0.0000277486
        0.0000142976  -0.0000313220   0.0000179442  -0.0000189533  -0.0000338654
        0.0000122573  -0.0000183887  -0.0000098974   0.0000054921  -0.0000096013
        0.0000069603  -0.0000325926   0.0000184974  -0.0000856598  -0.0005387607
       -0.0000596963  -0.0003502610
        0.0023453460   0.0024202657  -0.0022573593  -0.0976937947   0.0594828767
        0.0090125162  -0.0386684356   0.0241345326   0.0397254494   0.0002030310
        0.0027398121  -0.0056995371   0.0002713603   0.0002858214   0.0003822944
        0.0005121021   0.0002633313  -0.0003849760   0.0000459133  -0.0000561728
       -0.0001099233  -0.0000432260   0.0001690586  -0.0004487689  -0.0011475579
       -0.0011577285   0.0007123156   0.3174793329  -0.2085880678  -0.0763980726
       -0.0807496050   0.0150038489   0.0833452620  -0.0174069431   0.0171690897
        0.0193833713   0.0004972557  -0.0084155628   0.0004820514  -0.0019988957
        0.0027079175  -0.0009633953   0.0006389598  -0.0009647387   0.0016392775
        0.0002202655   0.0001381268  -0.0010213283   0.0012014328   0.0055370392
        0.0029324332  -0.0103625335   0.0207394292  -0.0130010001  -0.0848279473
        0.0703268129  -0.0612606234   0.0001817893  -0.0003791572  -0.0003515982
        0.0004493116  -0.0014913435   0.0014602609   0.0004692894  -0.0002098793
        0.0002102545   0.0000360060  -0.0000470417  -0.0002169258  -0.0000258658
        0.0000348619   0.0000499302  -0.0000695535  -0.0000650292   0.0000133951
       -0.0001086148  -0.0001623466  -0.0000405175  -0.0005643607  -0.0002614279
       -0.0003206760   0.0028243883  -0.0009200611  -0.0065774581   0.0033297061
        0.0066505683   0.0025146428  -0.0000550203  -0.0001587727  -0.0000643014
        0.0000471648   0.0000350329   0.0000512025  -0.0007348626  -0.0000794890
       -0.0001626525  -0.0001052257  -0.0000699832   0.0000455373   0.0038097871
       -0.0048116237   0.0073189194
        0.0146889717  -0.0264837353   0.0019659236   0.0521095153  -0.1401850162
       -0.0089768193   0.0211883735   0.0062264778  -0.0137796242  -0.0025399839
       -0.0013037157   0.0003479183  -0.0001186946   0.0004640743  -0.0001661185
        0.0003557478   0.0000567586   0.0003744996  -0.0000135887  -0.0000545589
       -0.0002014057  -0.0001943289  -0.0004057395  -0.0000435969   0.0000634472
        0.0005831396  -0.0000930877  -0.2085880678   0.4532472944  -0.1034919109
        0.0263133339  -0.0775462704  -0.0345135544   0.0052117736   0.0035287284
       -0.0249646517  -0.0038066432  -0.0040779267   0.0110952749  -0.0015088642
        0.0019784043  -0.0000170405  -0.0007150473  -0.0004222362   0.0045587620
        0.0041789022  -0.0036957732  -0.0036328785   0.0009595285   0.0062117930
       -0.0053775941   0.0300528442  -0.0428704546   0.0100640778   0.0610470127
       -0.1721733125   0.1483728866   0.0001957233  -0.0009346814   0.0005597236
       -0.0000047609  -0.0042723830   0.0020192483   0.0009415433  -0.0003059847
       -0.0005103919   0.0000359955   0.0000005902  -0.0000107383   0.0000116788
       -0.0000128937  -0.0000623222  -0.0000286343   0.0000721179  -0.0000330526
        0.0000152458  -0.0000334094   0.0000655894  -0.0002355566   0.0001764676
        0.0000743208  -0.0045801597   0.0017126101   0.0173805050   0.0074373240
       -0.0000232668  -0.0005111981  -0.0001632258   0.0000415975  -0.0000677377
       -0.0000243680  -0.0000577309  -0.0000265158  -0.0001572935  -0.0006429375
       -0.0001263195  -0.0000819114   0.0000571853  -0.0000538233  -0.0020458323
        0.0011447877  -0.0002183481
       -0.0034489585   0.0090460779   0.0070591306   0.0099706995  -0.0204282244
       -0.0661747295   0.0363079256  -0.0050695816  -0.0011093692  -0.0041861677
       -0.0069084846  -0.0029205443   0.0007293718   0.0010575517  -0.0011890725
        0.0001548258  -0.0006615501   0.0003430019   0.0002074046   0.0004243826
       -0.0001280011  -0.0003112418  -0.0007875263  -0.0003975016  -0.0000324643
        0.0000284462   0.0007774221  -0.0763980726  -0.1034919109   0.5906922306
        0.0471928465   0.0121827778  -0.2426830197   0.0515156546  -0.0637352360
       -0.0047779503  -0.0107524864   0.0251519771  -0.0348327490   0.0094026264
       -0.0144507798   0.0032240407   0.0010473665   0.0049773393  -0.0163621917
       -0.0106497910   0.0094424998   0.0120686011   0.0124323196  -0.0180070123
        0.0095812457  -0.0363795725   0.0458205192   0.0158539963  -0.0294592926
        0.1060265828  -0.2235944941   0.0003813991  -0.0012215385  -0.0001638207
        0.0009550638   0.0025819260  -0.0003185836   0.0000454387   0.0007124381
        0.0001943820   0.0000134531   0.0000761174  -0.0000535266  -0.0000305476
       -0.0000003779  -0.0000162759  -0.0000442284   0.0000569732   0.0000021909
       -0.0000833263  -0.0001480076   0.0001289365  -0.0002089946   0.0001070046
        0.0002730987   0.0060832866   0.0004917686  -0.0223153390   0.0021044182
       -0.0000387796   0.0012587202  -0.0000791207  -0.0000623204   0.0001694261
        0.0000569160   0.0000699369  -0.0000546888  -0.0001216380  -0.0001729307
        0.0000878162   0.0001834485  -0.0002394027   0.0000512399  -0.0065985618
        0.0171693442  -0.0246736219
       -0.0003411871  -0.0003329170   0.0005160741  -0.0139693668   0.0095740377
        0.0195511217  -0.0013443630   0.0021720375  -0.0019138861   0.0003905303
        0.0002001660   0.0006129095   0.0000151818  -0.0001771839   0.0002049835
        0.0000714488   0.0002067615   0.0000412095  -0.0000323732  -0.0000860670
       -0.0002089413  -0.0001205564  -0.0000653231   0.0002073434   0.0004610750
        0.0003266779  -0.0002936670  -0.0807496050   0.0263133339   0.0471928465
        0.3386412062  -0.2708889054  -0.0775881133  -0.1744090117   0.1503398127
        0.0676600347  -0.0194113407   0.0385578013  -0.0302013484   0.0118141589
       -0.0088007710   0.0022813895   0.0001756798   0.0043005185  -0.0110063658
       -0.0051834620   0.0049200827   0.0070186665   0.0044061396  -0.0073405580
        0.0034428046  -0.0187835668   0.0139643825   0.0086818736   0.0196843475
       -0.0272262026   0.0103035312  -0.0003586204   0.0002572544   0.0004436622
        0.0000056408   0.0001190116  -0.0001135976   0.0002476032  -0.0000277763
        0.0001846838  -0.0000051461  -0.0000083477   0.0000159443   0.0000043001
       -0.0000009445  -0.0000086061   0.0000117319   0.0000033631  -0.0000027009
        0.0000528841   0.0000115621  -0.0000016048  -0.0001194225  -0.0000827571
        0.0000973660  -0.0581253759   0.0503273718  -0.0511643045  -0.0074766100
        0.0094325634   0.0046391730   0.0000705653  -0.0002656274  -0.0000318298
       -0.0005327769  -0.0003642641  -0.0002918665   0.0000246797  -0.0000304810
        0.0000607815  -0.0000539298  -0.0001911896  -0.0000043625   0.0049395414
        0.0048625769  -0.0003252046
        0.0009835238  -0.0003240193   0.0005018015   0.0071051106  -0.0027210861
       -0.0185250122   0.0056819809  -0.0011338092  -0.0007651300  -0.0013918469
       -0.0016113745   0.0004379514   0.0002939423   0.0003894548  -0.0005996401
       -0.0001159842  -0.0003239732   0.0001035627   0.0000813453   0.0001741064
        0.0000005950  -0.0000885071  -0.0002363588   0.0000724211   0.0002944333
        0.0002915311   0.0000608787   0.0150038489  -0.0775462704   0.0121827778
       -0.2708889054   0.4986805387  -0.0740268725   0.1670116281  -0.2397720845
       -0.0676783024   0.0280445318  -0.0470181289   0.0294328165  -0.0046425820
        0.0111785534   0.0014725377   0.0003519460  -0.0040255943   0.0099966285
        0.0048197711  -0.0037980834  -0.0062871901  -0.0036665126   0.0057513983
       -0.0029765688   0.0109680549  -0.0152806526  -0.0109415115  -0.0189369215
        0.0232514113   0.0072150130   0.0005205888  -0.0010670929  -0.0006914973
        0.0000413409  -0.0000522594  -0.0000686318   0.0003122532  -0.0000608519
       -0.0002482139  -0.0000178354  -0.0000288925  -0.0000238657   0.0000095824
        0.0000151980  -0.0000662703   0.0000139817   0.0000423815  -0.0000280554
        0.0000060367   0.0000548848   0.0000220983  -0.0000389981   0.0000990140
        0.0000762607   0.0500684836  -0.1420167274   0.1193791607   0.0040704962
       -0.0036792485  -0.0025242570  -0.0002400205   0.0001814014   0.0000630185
       -0.0002920667  -0.0004311826   0.0001290483   0.0000055517   0.0000779936
       -0.0000357196  -0.0001586433   0.0000656572  -0.0001254134   0.0047903914
        0.0008741660   0.0044655815
       -0.0002464540   0.0006972614  -0.0016483998   0.0139757989  -0.0113498118
       -0.0103678367  -0.0029039954  -0.0004290126   0.0030595997   0.0003662270
        0.0008382463  -0.0005603858   0.0000680709  -0.0001665825  -0.0001235701
       -0.0001196674  -0.0001048529  -0.0000917350   0.0000104446   0.0000144372
        0.0001783803   0.0001119991   0.0002451187  -0.0001838815  -0.0005450505
       -0.0003453242   0.0000103077   0.0833452620  -0.0345135544  -0.2426830197
       -0.0775881133  -0.0740268725   0.5849510728   0.0256098341  -0.0124473994
       -0.1033362421  -0.0027230378  -0.0068370652   0.0301672571  -0.0088213705
        0.0161497496  -0.0056185157  -0.0008426906  -0.0035182968   0.0125137999
        0.0069670306  -0.0061604370  -0.0081258942  -0.0064354299   0.0104933914
       -0.0052178274   0.0192109027  -0.0242851454  -0.0080729850  -0.0169593451
        0.0437260008  -0.0567534382  -0.0005524697   0.0006738435  -0.0003371409
        0.0001506549   0.0002234711  -0.0000987824   0.0001107839  -0.0000126482
        0.0003172304   0.0000198892   0.0000775094   0.0000539984  -0.0000317269
       -0.0000207650   0.0000864595  -0.0000235384  -0.0000676472   0.0000510706
       -0.0000416392  -0.0000477710  -0.0000064455   0.0001615969   0.0000122876
        0.0002490439  -0.0508974148   0.1186234855  -0.1771315348   0.0187349722
       -0.0213413334  -0.0090222565   0.0000101045   0.0000741016  -0.0002678234
       -0.0002547212   0.0000927269  -0.0001358164   0.0000921903  -0.0000971568
        0.0000307575  -0.0001296669  -0.0000299197   0.0002744187   0.0001705696
        0.0038599647  -0.0021598653
       -0.0001975467   0.0001402564  -0.0009180129   0.0052903746   0.0005745083
        0.0020411780  -0.0012400296  -0.0005445622  -0.0000542354   0.0001980750
        0.0002251918   0.0002627286   0.0000608789  -0.0000419425  -0.0001202771
       -0.0001065483  -0.0000854077  -0.0000300102   0.0000168002   0.0000277352
        0.0001151130   0.0000486717   0.0001164723  -0.0000769004  -0.0001351894
       -0.0000337331   0.0001429493  -0.0174069431   0.0052117736   0.0515156546
       -0.1744090117   0.1670116281   0.0256098341   0.3444497837  -0.2666434197
       -0.1119548584  -0.0709644515   0.0343212243  -0.0224468880  -0.0177917148
        0.0307667886  -0.0162207920   0.0012681492   0.0012529072   0.0132434343
        0.0045045545  -0.0037580146  -0.0066134803  -0.0003348971   0.0083829112
        0.0007989484   0.0180653872  -0.0196923238  -0.0066180170  -0.0156637765
        0.0202432602  -0.0110059453  -0.0000559423   0.0002586770  -0.0000611652
        0.0001002096  -0.0001184073  -0.0000433777  -0.0000240127   0.0000709611
        0.0000896640  -0.0000063971  -0.0000074856  -0.0000231097  -0.0000002618
       -0.0000008099   0.0000160326   0.0000109211  -0.0000067544   0.0000091546
       -0.0000135660   0.0000006368   0.0000024139  -0.0000272762  -0.0000160773
        0.0000138917  -0.0061113187   0.0093328419   0.0008338237  -0.0674274297
        0.0141074256   0.0835851331  -0.0008299691  -0.0008811444  -0.0014347658
       -0.0002421335   0.0007836743  -0.0005823703  -0.0008560373  -0.0007033650
       -0.0003040459  -0.0000522411  -0.0003778683   0.0005541386  -0.0001171117
        0.0000824418  -0.0003258408
       -0.0001316887   0.0003839197   0.0005266734  -0.0004791230   0.0046048445
        0.0012389208   0.0017741845  -0.0007353319  -0.0023398674  -0.0000628243
       -0.0003466795   0.0003040084  -0.0001050242   0.0000005838   0.0001124974
        0.0000419880   0.0000853193   0.0000156146  -0.0000173149  -0.0000020945
       -0.0000853872  -0.0000600284  -0.0000586230   0.0001199081   0.0001674584
        0.0000841868  -0.0001541087   0.0171690897   0.0035287284  -0.0637352360
        0.1503398127  -0.2397720845  -0.0124473994  -0.2666434197   0.4826073119
       -0.0353497455   0.0412272088  -0.1388201555   0.0827177950   0.0287909903
       -0.0452011453   0.0210422182   0.0055160322   0.0059017236  -0.0193101729
       -0.0076052839   0.0060106716   0.0108789423   0.0084922101  -0.0064505388
        0.0036683911  -0.0247162531   0.0243155216   0.0249007391   0.0196411653
       -0.0341304830   0.0139129422  -0.0000589366  -0.0000090088   0.0001510383
       -0.0000963139   0.0002385570  -0.0001494137  -0.0000265674  -0.0001201275
       -0.0000180712   0.0000184126   0.0000269459   0.0000440547   0.0000140871
        0.0000138462  -0.0000110926  -0.0000051806   0.0000236090  -0.0000031063
        0.0000294632   0.0000405360  -0.0000010539   0.0000907425   0.0000195804
       -0.0000260084   0.0140998740  -0.0176410617  -0.0020590097   0.0145901337
       -0.0432350348  -0.0249553157  -0.0017142946   0.0000234777   0.0008281015
        0.0003906904  -0.0006980007   0.0007257723  -0.0007808809  -0.0004124254
       -0.0001849541   0.0000028000   0.0000290883  -0.0004555621   0.0001067908
       -0.0003056566   0.0000978875
       -0.0002519450   0.0003698800   0.0001427984   0.0020131972   0.0005259809
       -0.0044099167   0.0019867019  -0.0006184501  -0.0003545092  -0.0002787642
       -0.0003910570   0.0001292775   0.0001077913   0.0000337660  -0.0001500369
       -0.0000419828  -0.0000964555   0.0000220651   0.0000359684   0.0000555789
        0.0000635183   0.0000153905   0.0000383297  -0.0000540752  -0.0000973860
        0.0000152076   0.0000089881   0.0193833713  -0.0249646517  -0.0047779503
        0.0676600347  -0.0676783024  -0.1033362421  -0.1119548584  -0.0353497455
        0.6064817037  -0.0419613554   0.1091778893  -0.1928301046  -0.0107204676
        0.0134360458   0.0018104304   0.0020343501  -0.0042506747   0.0098865331
        0.0035981569  -0.0028860618  -0.0053577987   0.0008626758   0.0035967256
       -0.0063153723   0.0056323224   0.0086375736  -0.0406236536  -0.0077866043
        0.0093661657  -0.0015987339   0.0001519101  -0.0001082894   0.0000520730
       -0.0000277996   0.0000779880   0.0001189910  -0.0000318369  -0.0000164256
       -0.0000828999   0.0000059931   0.0000235772   0.0000444041  -0.0000015059
        0.0000021137   0.0000269422   0.0000125165  -0.0000121069   0.0000268733
        0.0000083478  -0.0000069142   0.0000156798   0.0000379782  -0.0000311364
        0.0000197924  -0.0134039192   0.0168759450   0.0032235821   0.0827784501
       -0.0239364885  -0.2631866165   0.0007037923  -0.0019997450   0.0009632673
        0.0003822813  -0.0005048217   0.0002949448  -0.0001512531  -0.0003602290
        0.0000476944  -0.0003725549   0.0008461538  -0.0009724187  -0.0003289967
        0.0001326348   0.0006707698
       -0.0000038097   0.0000605490   0.0002710473  -0.0017000771   0.0010215094
        0.0004990866   0.0008535239   0.0000325868  -0.0008324408   0.0000283305
       -0.0001008072   0.0000662767  -0.0000230841  -0.0000029283  -0.0000058402
        0.0000235453   0.0000328601   0.0000077793   0.0000011439  -0.0000214979
       -0.0000480358  -0.0000294783  -0.0000567552   0.0000317391   0.0001047245
        0.0000538124   0.0000009837   0.0004972557  -0.0038066432  -0.0107524864
       -0.0194113407   0.0280445318  -0.0027230378  -0.0709644515   0.0412272088
       -0.0419613554   0.3346562561  -0.2389941126  -0.0765748038  -0.1401621846
        0.0989859492   0.0510031806  -0.0095739360   0.0297263908  -0.0405960306
       -0.0195837128   0.0109874067   0.0200526455   0.0181059404  -0.0246208593
        0.0057322069  -0.0951518723   0.0279955185   0.0587848219  -0.0082564905
        0.0051977096   0.0204555146   0.0000624890  -0.0000654832   0.0001400035
       -0.0000065831  -0.0000140346   0.0000296379  -0.0000863979  -0.0000349307
       -0.0000331018   0.0000024815  -0.0000180001  -0.0000270704  -0.0000043218
       -0.0000094802  -0.0000120469  -0.0000001783  -0.0000070673  -0.0000116281
       -0.0000024765  -0.0000184995  -0.0000057735  -0.0000118934   0.0000240259
       -0.0000138647   0.0036888730   0.0071221805   0.0022119040   0.0033259265
       -0.0053430570   0.0074061972  -0.0068197296   0.0087749898   0.0052050051
        0.0059236700   0.0048251323   0.0003647201  -0.0003185489  -0.0000667128
        0.0003570019   0.0033773341   0.0037225135  -0.0008439797   0.0014590729
        0.0053459940   0.0018217441
        0.0000213830  -0.0000975254  -0.0003796225   0.0019121668  -0.0015909619
       -0.0006237988  -0.0011104461   0.0000423120   0.0010560247   0.0000320162
        0.0001178820  -0.0000907486   0.0000775933  -0.0000002539  -0.0000140094
       -0.0000513094  -0.0000812373  -0.0000011662   0.0000043325  -0.0000016131
        0.0000703121   0.0000511462   0.0000499760  -0.0000711338  -0.0000966977
       -0.0000968086  -0.0000068046  -0.0084155628  -0.0040779267   0.0251519771
        0.0385578013  -0.0470181289  -0.0068370652   0.0343212243  -0.1388201555
        0.1091778893  -0.2389941126   0.4802680026  -0.0713979135   0.1064466868
       -0.1741511763  -0.0536202619   0.0192376541  -0.0424438082   0.0481253451
        0.0149971706  -0.0162896653  -0.0257385695  -0.0197505617   0.0248417600
        0.0079342819   0.0282426660  -0.0907330658  -0.0103850030   0.0000167979
        0.0102080296  -0.0259708108  -0.0000716432   0.0001512979  -0.0001573776
       -0.0000097976  -0.0000268058   0.0000123509   0.0001015201   0.0000367800
        0.0000187206  -0.0000189034   0.0000009595   0.0000119220  -0.0000098570
       -0.0000071576  -0.0000046860   0.0000006885  -0.0000107711  -0.0000029237
       -0.0000039191   0.0000015168  -0.0000078805   0.0000392020  -0.0000345125
        0.0000056584   0.0070322493   0.0004569115   0.0002275865  -0.0006279797
        0.0021281954  -0.0002848063   0.0039554884  -0.0029318707  -0.0030424147
        0.0050520730   0.0014417034   0.0039817345  -0.0000050339   0.0000609895
       -0.0006622266   0.0034683971  -0.0002878071   0.0041001330   0.0055975668
       -0.0011050646  -0.0005747130
       -0.0000971697   0.0002184129   0.0000536414   0.0000040254   0.0000951370
       -0.0008717935   0.0000874777  -0.0001114233   0.0003013962   0.0001328862
        0.0000269644  -0.0001428307  -0.0001592135  -0.0000680681   0.0001704940
        0.0000706267   0.0001148257  -0.0000152309  -0.0000149660  -0.0000219048
       -0.0001068558  -0.0000363778  -0.0000442078   0.0000346449   0.0001201303
       -0.0000603653  -0.0001008544   0.0004820514   0.0110952749  -0.0348327490
       -0.0302013484   0.0294328165   0.0301672571  -0.0224468880   0.0827177950
       -0.1928301046  -0.0765748038  -0.0713979135   0.5963597666   0.0312530696
       -0.0270224590  -0.0907922142  -0.0127134803   0.0109011898   0.0171416034
        0.0089517323  -0.0109670800  -0.0084474879  -0.0064658112   0.0245605889
       -0.0400197855   0.0576104751  -0.0093347371  -0.2390119697   0.0335957018
       -0.0438616291  -0.0018644659   0.0000169875  -0.0000082807   0.0001012621
       -0.0000289408   0.0000774453  -0.0000123174  -0.0000936441   0.0000106563
        0.0000181159   0.0000105830   0.0000166138   0.0000322317   0.0000067535
       -0.0000029721   0.0000085137  -0.0000110796   0.0000039632  -0.0000066742
        0.0000198656   0.0000147463   0.0000061245  -0.0000089314   0.0000065255
        0.0000255919   0.0027457068  -0.0006237257   0.0011902729  -0.0053778869
        0.0169081462  -0.0242754622   0.0180195832  -0.0202733569  -0.0092857683
       -0.0001583550   0.0046541573  -0.0022072680   0.0002656341  -0.0005741669
        0.0002539901  -0.0002286229   0.0032459466  -0.0019540962   0.0012242292
        0.0002710846   0.0009130218
        0.0001418778  -0.0001883151  -0.0000966612  -0.0003221634  -0.0011149776
       -0.0003701025  -0.0002893881   0.0001776340   0.0005879759  -0.0000236265
        0.0000151151  -0.0000787074   0.0000125621   0.0000438897  -0.0000173325
        0.0000143516  -0.0000118866  -0.0000008614   0.0000134776   0.0000124799
        0.0000123344  -0.0000003375  -0.0000096241  -0.0000098856   0.0000281379
       -0.0000107284   0.0000178316  -0.0019988957  -0.0015088642   0.0094026264
        0.0118141589  -0.0046425820  -0.0088213705  -0.0177917148   0.0287909903
       -0.0107204676  -0.1401621846   0.1064466868   0.0312530696   0.3086873286
       -0.2318060098  -0.0769872449  -0.0844216065   0.0642736207  -0.0259727420
        0.0210820098  -0.0198340796  -0.0188271736  -0.0162928885   0.0200924347
       -0.0078537116  -0.0078270196   0.0001936130   0.0330922512  -0.0006533985
        0.0084007427   0.0013960043  -0.0000038198  -0.0000046165  -0.0000448362
        0.0000252803  -0.0000783478   0.0000400787   0.0000091914   0.0000434036
       -0.0000103532  -0.0000011414  -0.0000107520  -0.0000109889   0.0000041083
        0.0000044986  -0.0000006832  -0.0000007833   0.0000060176   0.0000072644
       -0.0000117045   0.0000077206   0.0000139165  -0.0000266774  -0.0000002333
        0.0000063624   0.0000110521   0.0002639114   0.0001889520  -0.0006426979
       -0.0018430243   0.0005066618  -0.0679705616   0.0152100790   0.0836079575
       -0.0061910335   0.0142463040  -0.0132128903   0.0033261242   0.0024755480
        0.0033235035  -0.0000985147   0.0001291691  -0.0003696833  -0.0004395029
        0.0002301828  -0.0000510943
        0.0000566487  -0.0000027252   0.0002961170  -0.0017531132   0.0001773010
        0.0001208256   0.0004092385   0.0002911536  -0.0003471326  -0.0000561506
       -0.0001336804  -0.0000219699  -0.0000025580   0.0000009079   0.0000263246
        0.0000383839   0.0000085458   0.0000329417   0.0000068576  -0.0000111234
       -0.0000232254  -0.0000228475  -0.0000518820   0.0000271455   0.0000384978
        0.0000384062  -0.0000466322   0.0027079175   0.0019784043  -0.0144507798
       -0.0088007710   0.0111785534   0.0161497496   0.0307667886  -0.0452011453
        0.0134360458   0.0989859492  -0.1741511763  -0.0270224590  -0.2318060098
        0.4628292548  -0.1027014495   0.0802183497  -0.1918399249   0.1078210761
       -0.0316086857   0.0254155205   0.0481107869   0.0215481405  -0.0361614920
        0.0099336012   0.0047701071   0.0110946672  -0.0435522617   0.0085422613
       -0.0058923405   0.0026668777  -0.0000122141  -0.0000905239   0.0000267596
       -0.0000298368   0.0000400698  -0.0000231310  -0.0000131645  -0.0000029028
       -0.0000035651   0.0000126995   0.0000139783   0.0000150918   0.0000137504
        0.0000014901   0.0000056437   0.0000156547   0.0000004802   0.0000064341
        0.0000240965  -0.0000021300   0.0000077238   0.0000169723  -0.0000171927
        0.0000054364   0.0005380989  -0.0006193541  -0.0001585399  -0.0009988227
        0.0001586434  -0.0016438601   0.0149400112  -0.0438568771  -0.0253620428
        0.0089177865  -0.0174307454   0.0165794975   0.0025482131   0.0027467911
       -0.0003008216   0.0001167903  -0.0003254200   0.0001775997  -0.0001290398
       -0.0001835318   0.0002121923
       -0.0000915148   0.0001129451  -0.0000197777   0.0007357820  -0.0009703568
       -0.0005428454  -0.0005863180   0.0001247350   0.0005779027   0.0001581411
        0.0002044895  -0.0001544597   0.0000106616  -0.0000858135   0.0000340909
       -0.0000004663   0.0000139375  -0.0000244312   0.0000115783   0.0000077753
        0.0000329282   0.0000192881   0.0000662240  -0.0000451839  -0.0001396887
       -0.0000974111   0.0000259185  -0.0009633953  -0.0000170405   0.0032240407
        0.0022813895   0.0014725377  -0.0056185157  -0.0162207920   0.0210422182
        0.0018104304   0.0510031806  -0.0536202619  -0.0907922142  -0.0769872449
       -0.1027014495   0.6606033649  -0.0682203777   0.1644296337  -0.2381215922
        0.0126090117   0.0059558053  -0.0595479095  -0.0117797913   0.0151777769
       -0.0017128113   0.0203927133  -0.0261832570  -0.0013133749   0.0012676532
        0.0024430681  -0.0055854199   0.0000307870  -0.0000466488  -0.0000201502
       -0.0000155921   0.0000450938   0.0000312495   0.0000102129  -0.0000251671
       -0.0000175744   0.0000152908   0.0000287374   0.0000190330  -0.0000090507
        0.0000031681   0.0000385385  -0.0000061397  -0.0000185053   0.0000218885
       -0.0000023667  -0.0000199111  -0.0000019103   0.0000350254   0.0000030105
       -0.0000045264  -0.0007806390   0.0010525682  -0.0000073375  -0.0016146856
        0.0011604306   0.0006994937   0.0843463095  -0.0264067528  -0.2623856649
        0.0009175754  -0.0023458541   0.0035059098   0.0030489036   0.0000864423
       -0.0049043505  -0.0003467397   0.0001441372   0.0007116419   0.0008712987
       -0.0010363048  -0.0005163815
        0.0000047741  -0.0000243072   0.0000291732  -0.0002533320   0.0002088707
        0.0001924535   0.0001382040   0.0000223764  -0.0001601215  -0.0000277896
       -0.0000504850   0.0000520702   0.0000158503   0.0000100450  -0.0000205397
        0.0000044438  -0.0000129205   0.0000072430   0.0000077820  -0.0000006427
        0.0000075252  -0.0000016258  -0.0000171534   0.0000104685   0.0000191539
        0.0000241288  -0.0000141243   0.0006389598  -0.0007150473   0.0010473665
        0.0001756798   0.0003519460  -0.0008426906   0.0012681492   0.0055160322
        0.0020343501  -0.0095739360   0.0192376541  -0.0127134803  -0.0844216065
        0.0802183497  -0.0682203777   0.3285951279  -0.2589876197  -0.0724668917
       -0.0900195174   0.0187869371   0.0937201123  -0.0161765698   0.0152681518
        0.0203270925  -0.0009049787  -0.0066529825   0.0003590604  -0.0014703629
        0.0019335184  -0.0004285193   0.0000047541  -0.0000071099   0.0000089986
        0.0000001870  -0.0000098815  -0.0000056300  -0.0000128040  -0.0000103783
       -0.0000074741  -0.0000053909  -0.0000070963  -0.0000039210  -0.0000025997
       -0.0000013443  -0.0000053967  -0.0000019018  -0.0000004267  -0.0000005385
       -0.0000105578   0.0000036725  -0.0000001045  -0.0000041203   0.0000043729
        0.0000084958  -0.0006565437  -0.0002062484  -0.0001109909  -0.0001208033
       -0.0000761378   0.0001871462   0.0029511420  -0.0058914914   0.0078203563
       -0.1369836540   0.1244776039   0.0337253052   0.0033131056  -0.0001119903
       -0.0069405695   0.0035203539   0.0069163173   0.0025637212  -0.0000095730
       -0.0001967138  -0.0001595686
       -0.0000277221   0.0000043316  -0.0000815941   0.0005294384  -0.0003793303
       -0.0002154946  -0.0002743935  -0.0000298076   0.0002628047   0.0000336812
        0.0000515033  -0.0000488113  -0.0000209272  -0.0000078049  -0.0000012314
       -0.0000026965  -0.0000132974  -0.0000168369  -0.0000001736  -0.0000041062
        0.0000020331   0.0000129701   0.0000082516  -0.0000282024  -0.0000476787
       -0.0000377662   0.0000436870  -0.0009647387  -0.0004222362   0.0049773393
        0.0043005185  -0.0040255943  -0.0035182968   0.0012529072   0.0059017236
       -0.0042506747   0.0297263908  -0.0424438082   0.0109011898   0.0642736207
       -0.1918399249   0.1644296337  -0.2589876197   0.4947466991  -0.0908027002
        0.0360760429  -0.0806963924  -0.0454324672   0.0033392419   0.0062468744
       -0.0255596667  -0.0024570054  -0.0059527922   0.0112026119  -0.0019670522
        0.0026536355  -0.0006561719  -0.0000288400   0.0000209746  -0.0000486272
       -0.0000100672  -0.0000017563   0.0000046331   0.0000235887   0.0000252500
        0.0000100910  -0.0000050799  -0.0000023179  -0.0000010385  -0.0000015813
       -0.0000078525   0.0000019552   0.0000088774  -0.0000177652  -0.0000057625
        0.0000163477  -0.0000135934  -0.0000072856  -0.0000028893  -0.0000237963
       -0.0000217239  -0.0002094498  -0.0005003978  -0.0001939717  -0.0000767459
        0.0000803855  -0.0003058230  -0.0005310525   0.0017810633  -0.0009564090
        0.1245356601  -0.1867669344  -0.0378091150  -0.0053619130   0.0015506049
        0.0184023603   0.0070707019   0.0000192321  -0.0003575046  -0.0002223607
        0.0000967449   0.0000810703
       -0.0000188411   0.0000862036   0.0001574097  -0.0004392700   0.0003434793
       -0.0000775701   0.0002109413  -0.0000029358  -0.0001450267  -0.0000001597
       -0.0000016843  -0.0000364566  -0.0000434652  -0.0000086480   0.0000368505
        0.0000235532   0.0000297621   0.0000183282  -0.0000114513  -0.0000228150
       -0.0000392207  -0.0000257596  -0.0000215453  -0.0000006821   0.0000562725
       -0.0000018643  -0.0000747868   0.0016392775   0.0045587620  -0.0163621917
       -0.0110063658   0.0099966285   0.0125137999   0.0132434343  -0.0193101729
        0.0098865331  -0.0405960306   0.0481253451   0.0171416034  -0.0259727420
        0.1078210761  -0.2381215922  -0.0724668917  -0.0908027002   0.6114820496
        0.0482018578   0.0157634316  -0.2602159465   0.0518907897  -0.0677785793
       -0.0039149066  -0.0106875111   0.0254757120  -0.0361510267   0.0099039544
       -0.0141780139   0.0030896726   0.0000201909  -0.0000557929   0.0000834584
       -0.0000231098   0.0000436126  -0.0000050054  -0.0000521994  -0.0000261512
        0.0000087374   0.0000062889   0.0000023570   0.0000294587  -0.0000006544
       -0.0000148115   0.0000115617  -0.0000043091  -0.0000081445  -0.0000000707
        0.0000105698   0.0000007557   0.0000007386   0.0000203761   0.0000107927
        0.0000199815  -0.0001660507  -0.0001989484   0.0000494673   0.0001831222
       -0.0002732854   0.0000235676  -0.0063888073   0.0181795252  -0.0245931676
        0.0335891283  -0.0376498562  -0.0537700750   0.0069206602  -0.0002716633
       -0.0226137299   0.0020728220   0.0002711573   0.0013872283  -0.0000896204
       -0.0000809881   0.0001810087
        0.0000643696   0.0000290234   0.0000437670  -0.0004897413  -0.0004996533
       -0.0004260817   0.0000132963   0.0001637554   0.0002284434  -0.0000311948
       -0.0000112275  -0.0000952046  -0.0000143894   0.0000065416   0.0000386779
        0.0000376937   0.0000250717   0.0000201227  -0.0000087839  -0.0000158417
       -0.0000201189   0.0000007758  -0.0000303702   0.0000239814   0.0000665261
        0.0000020336  -0.0000219119   0.0002202655   0.0041789022  -0.0106497910
       -0.0051834620   0.0048197711   0.0069670306   0.0045045545  -0.0076052839
        0.0035981569  -0.0195837128   0.0149971706   0.0089517323   0.0210820098
       -0.0316086857   0.0126090117  -0.0900195174   0.0360760429   0.0482018578
        0.3365029540  -0.2665983331  -0.0812618763  -0.1733357077   0.1482522969
        0.0672815408  -0.0187323056   0.0379641432  -0.0302734791   0.0116837933
       -0.0084972142   0.0020518940   0.0000158026  -0.0000331083   0.0000432908
       -0.0000000630  -0.0000108826   0.0000146317  -0.0000423708  -0.0000060173
       -0.0000062800  -0.0000017054  -0.0000035295   0.0000045093   0.0000015935
       -0.0000053106  -0.0000063865  -0.0000036573   0.0000030730  -0.0000021154
       -0.0000082546  -0.0000064165  -0.0000021386   0.0000064768   0.0000150141
       -0.0000054890  -0.0000060150  -0.0000307282   0.0000315988  -0.0000522355
       -0.0001951647  -0.0000195999   0.0056689601   0.0050171751  -0.0002666652
       -0.0069290743   0.0043257666   0.0177964272  -0.0581844450   0.0502412622
       -0.0492635528  -0.0072603304   0.0093241898   0.0044643292   0.0000178946
       -0.0002834664  -0.0000503127
        0.0000839670  -0.0001452303  -0.0000679977  -0.0001009508  -0.0006767138
        0.0001256863  -0.0001897387   0.0001656161   0.0001745305   0.0000038276
        0.0000019746   0.0000038107   0.0000124567  -0.0000213466  -0.0000319976
       -0.0000077635  -0.0000216114  -0.0000307175   0.0000091274   0.0000261842
        0.0000039730   0.0000140200   0.0000238146  -0.0000253476  -0.0000917970
       -0.0000280151   0.0000652693   0.0001381268  -0.0036957732   0.0094424998
        0.0049200827  -0.0037980834  -0.0061604370  -0.0037580146   0.0060106716
       -0.0028860618   0.0109874067  -0.0162896653  -0.0109670800  -0.0198340796
        0.0254155205   0.0059558053   0.0187869371  -0.0806963924   0.0157634316
       -0.2665983331   0.5006213370  -0.0751879596   0.1641279065  -0.2383823029
       -0.0670560271   0.0278004101  -0.0466619624   0.0292260913  -0.0043818354
        0.0108135303   0.0017040828  -0.0000234072   0.0000162307  -0.0000488735
        0.0000065212  -0.0000367224   0.0000249206   0.0000544333   0.0000284469
        0.0000055911   0.0000051162   0.0000068393   0.0000032418  -0.0000024278
        0.0000041997   0.0000129402   0.0000067047  -0.0000035734  -0.0000004888
        0.0000094961   0.0000041463   0.0000023889  -0.0000170801  -0.0000228907
       -0.0000132329  -0.0000059279   0.0000830022  -0.0000428667  -0.0001531800
        0.0000502926  -0.0001655892   0.0048310439   0.0011365233   0.0045840634
        0.0095815885  -0.0036903216  -0.0206874994   0.0502318355  -0.1469886432
        0.1184655025   0.0038062488  -0.0034452476  -0.0023155032  -0.0002527211
        0.0001961658   0.0001238504
        0.0000794729  -0.0000656595   0.0000416708  -0.0003930496   0.0001954467
        0.0000365671   0.0000804863   0.0000533197  -0.0000790617  -0.0000557456
       -0.0000735553   0.0000246715   0.0000507121   0.0000479262  -0.0000650710
       -0.0000215007  -0.0000453046   0.0000093207   0.0000083468  -0.0000016507
        0.0000400868  -0.0000104939  -0.0000175959  -0.0000129232  -0.0000306098
        0.0000237877   0.0000080885  -0.0010213283  -0.0036328785   0.0120686011
        0.0070186665  -0.0062871901  -0.0081258942  -0.0066134803   0.0108789423
       -0.0053577987   0.0200526455  -0.0257385695  -0.0084474879  -0.0188271736
        0.0481107869  -0.0595479095   0.0937201123  -0.0454324672  -0.2602159465
       -0.0812618763  -0.0751879596   0.5991681730   0.0252628496  -0.0109245159
       -0.1043876443  -0.0026448929  -0.0070381692   0.0304098139  -0.0090957732
        0.0164283819  -0.0053460043  -0.0000031744  -0.0000184909  -0.0000236102
        0.0000168472  -0.0000203828   0.0000060454   0.0000335108   0.0000027936
       -0.0000159261   0.0000040556   0.0000052466  -0.0000078610   0.0000039260
        0.0000053352   0.0000059580   0.0000097781   0.0000099059   0.0000069523
       -0.0000059298   0.0000205825   0.0000173644  -0.0000041063   0.0000072203
        0.0000234082   0.0000963589  -0.0000847952   0.0000487838  -0.0000984765
       -0.0000211325   0.0002886445   0.0002081350   0.0039385171  -0.0019336638
        0.0039111019  -0.0020760730  -0.0070539814  -0.0491078194   0.1183140565
       -0.1725463053   0.0186297986  -0.0214760680  -0.0087913051   0.0000086266
        0.0001002094  -0.0002457556
       -0.0001588295   0.0002325047   0.0000659603  -0.0002285357   0.0006085328
       -0.0003105577   0.0000591591   0.0000921013  -0.0001127481   0.0000804051
       -0.0000004188  -0.0000605699   0.0000666629  -0.0000347813  -0.0000853208
       -0.0000131289  -0.0000463569  -0.0000303114   0.0000139532   0.0000065089
        0.0000309670   0.0000340077   0.0000394672  -0.0000292548  -0.0000756087
       -0.0000167814   0.0000407057   0.0012014328   0.0009595285   0.0124323196
        0.0044061396  -0.0036665126  -0.0064354299  -0.0003348971   0.0084922101
        0.0008626758   0.0181059404  -0.0197505617  -0.0064658112  -0.0162928885
        0.0215481405  -0.0117797913  -0.0161765698   0.0033392419   0.0518907897
       -0.1733357077   0.1641279065   0.0252628496   0.3443319561  -0.2646813865
       -0.1144353078  -0.0700785038   0.0331626584  -0.0223900662  -0.0183478721
        0.0312211164  -0.0159543971  -0.0000065148  -0.0000101552  -0.0000052360
        0.0000088115   0.0000820373  -0.0000261100   0.0000108749  -0.0000167990
        0.0000043304  -0.0000170143   0.0000122911  -0.0000098083  -0.0000287443
       -0.0000092793   0.0000150801  -0.0000072819  -0.0000190626  -0.0000030249
       -0.0000035069  -0.0000135377  -0.0000083846   0.0000092394   0.0000018542
        0.0000259875  -0.0008178612  -0.0006739047  -0.0002620406  -0.0000829237
       -0.0004018097   0.0005451028  -0.0000771534   0.0000948349  -0.0003597349
        0.0032834851   0.0026279254   0.0031034394  -0.0060583330   0.0088094425
        0.0008144439  -0.0686000097   0.0147425615   0.0851093324  -0.0008701826
       -0.0008595165  -0.0014400787
       -0.0000004550  -0.0000566034  -0.0001345498   0.0005656859  -0.0007412688
        0.0005299996  -0.0001577387  -0.0000214618   0.0001264150  -0.0001165910
       -0.0000429463   0.0000495164  -0.0001024441  -0.0000155305   0.0000408302
        0.0000211871   0.0000091459  -0.0000016274  -0.0000043312   0.0000119225
       -0.0000590247  -0.0000008433  -0.0000267976   0.0000652248   0.0000953395
        0.0000123237  -0.0000388388   0.0055370392   0.0062117930  -0.0180070123
       -0.0073405580   0.0057513983   0.0104933914   0.0083829112  -0.0064505388
        0.0035967256  -0.0246208593   0.0248417600   0.0245605889   0.0200924347
       -0.0361614920   0.0151777769   0.0152681518   0.0062468744  -0.0677785793
        0.1482522969  -0.2383823029  -0.0109245159  -0.2646813865   0.4816926716
       -0.0344036301   0.0403819373  -0.1382414636   0.0836289869   0.0290994024
       -0.0453693534   0.0206155465   0.0000002068   0.0000097164   0.0000112813
       -0.0000595478  -0.0000314138   0.0000103711  -0.0000156832   0.0000293840
       -0.0000100176   0.0000069420   0.0000240660   0.0000451013   0.0000241082
        0.0000010062  -0.0000008093   0.0000202197   0.0000165096   0.0000004166
        0.0000274541   0.0000298857   0.0000062571   0.0000184340  -0.0000161729
       -0.0000203013  -0.0007583743  -0.0003987728  -0.0002281281  -0.0000323352
        0.0000094830  -0.0004679681   0.0001260324  -0.0002993777   0.0001888850
        0.0025000956   0.0027394760   0.0000107967   0.0141731052  -0.0175185557
       -0.0021140404   0.0150566041  -0.0437988516  -0.0258191840  -0.0017584404
       -0.0000645130   0.0008501157
        0.0001802774  -0.0003092461   0.0000019158  -0.0012428831   0.0010363417
        0.0012614444   0.0007603996  -0.0000714811  -0.0009114141  -0.0002665074
       -0.0003362094   0.0003310702  -0.0000153987   0.0001023771  -0.0001433140
       -0.0000234039  -0.0000493081  -0.0000299330   0.0000120853   0.0000745037
       -0.0000572947  -0.0000003075  -0.0000225250   0.0000570248   0.0001524138
        0.0001397013   0.0000686884   0.0029324332  -0.0053775941   0.0095812457
        0.0034428046  -0.0029765688  -0.0052178274   0.0007989484   0.0036683911
       -0.0063153723   0.0057322069   0.0079342819  -0.0400197855  -0.0078537116
        0.0099336012  -0.0017128113   0.0203270925  -0.0255596667  -0.0039149066
        0.0672815408  -0.0670560271  -0.1043876443  -0.1144353078  -0.0344036301
        0.6071661655  -0.0408292773   0.1082957006  -0.1945892666  -0.0112869571
        0.0146009871   0.0015893322  -0.0000061289   0.0000151503   0.0000060857
        0.0000368606  -0.0001181705  -0.0000004692   0.0000116838   0.0000287146
       -0.0000098505  -0.0000099278  -0.0000512627  -0.0000163516   0.0000152104
        0.0000064283  -0.0000725310   0.0000221754   0.0000319273  -0.0000268812
       -0.0000086189   0.0000179091  -0.0000014176  -0.0000495485  -0.0000002599
       -0.0000461445  -0.0001220103  -0.0003146594   0.0000821607  -0.0003746275
        0.0008454367  -0.0009716746  -0.0003861818   0.0002224617   0.0006968142
        0.0033559881  -0.0003737798  -0.0048531878  -0.0133430465   0.0168581052
        0.0033949701   0.0844616949  -0.0247363733  -0.2619882665   0.0007300288
       -0.0020552569   0.0010494264
       -0.0011577460   0.0012206066  -0.0002285291   0.0074402690   0.0041658232
       -0.0011367096   0.0000079615  -0.0019378437  -0.0002331577   0.0002078175
        0.0003400761   0.0002240202  -0.0002561938  -0.0000617046   0.0002558977
        0.0000209720   0.0001492554   0.0000012322  -0.0000371834  -0.0000715937
       -0.0000356512  -0.0000243716  -0.0000428290   0.0000774800   0.0001024408
       -0.0000888316  -0.0000233460  -0.0103625335   0.0300528442  -0.0363795725
       -0.0187835668   0.0109680549   0.0192109027   0.0180653872  -0.0247162531
        0.0056323224  -0.0951518723   0.0282426660   0.0576104751  -0.0078270196
        0.0047701071   0.0203927133  -0.0009049787  -0.0024570054  -0.0106875111
       -0.0187323056   0.0278004101  -0.0026448929  -0.0700785038   0.0403819373
       -0.0408292773   0.3349042411  -0.2393780572  -0.0776828407  -0.1421809541
        0.1012173355   0.0507140615   0.0000322036   0.0001355768   0.0000786854
       -0.0000413351   0.0003052030  -0.0002149476  -0.0002238566  -0.0000736980
        0.0000096886  -0.0000030181  -0.0000319460  -0.0000201056   0.0000346526
       -0.0000044258  -0.0000304767   0.0000269391   0.0000137470  -0.0000190327
        0.0000256317   0.0000086940  -0.0000071284   0.0000351332   0.0000242913
       -0.0000941720  -0.0003788392  -0.0001019981   0.0002687080   0.0033424163
        0.0037521849  -0.0008002827   0.0014756934   0.0053675119   0.0018772472
        0.0001420007  -0.0005032438  -0.0002385698   0.0036667968   0.0071340588
        0.0022589190   0.0030734509  -0.0054936321   0.0075153965  -0.0064597292
        0.0089126780   0.0051784539
       -0.0000495080  -0.0005486189  -0.0000142287   0.0017943258   0.0041882370
        0.0057790712   0.0008797417  -0.0010572821  -0.0031077338   0.0001444124
       -0.0001629376   0.0008133218   0.0001049433   0.0000470542  -0.0003275358
       -0.0001620472  -0.0001710123  -0.0000336271   0.0000310081   0.0000717805
        0.0001592832   0.0000825217   0.0001926671  -0.0000318002  -0.0002869363
        0.0001716549  -0.0000153948   0.0207394292  -0.0428704546   0.0458205192
        0.0139643825  -0.0152806526  -0.0242851454  -0.0196923238   0.0243155216
        0.0086375736   0.0279955185  -0.0907330658  -0.0093347371   0.0001936130
        0.0110946672  -0.0261832570  -0.0066529825  -0.0059527922   0.0254757120
        0.0379641432  -0.0466619624  -0.0070381692   0.0331626584  -0.1382414636
        0.1082957006  -0.2393780572   0.4771235700  -0.0709219289   0.1094319811
       -0.1740139782  -0.0535571056  -0.0000543286   0.0001179790  -0.0001526707
       -0.0000385486   0.0000243655  -0.0001152057   0.0001694066  -0.0000705524
        0.0000276194   0.0000076071   0.0000046615   0.0000085353  -0.0000066220
        0.0000227044   0.0000171254   0.0000027578   0.0000015916   0.0000294581
       -0.0000090329   0.0000533881   0.0000033093   0.0000352452  -0.0000463480
        0.0001362221   0.0000804843   0.0000961441  -0.0005865849   0.0034519565
       -0.0003115185   0.0040871977   0.0055952449  -0.0012857379  -0.0006216442
       -0.0005572847   0.0002440794   0.0003722533   0.0070241382   0.0002574239
        0.0001479494  -0.0005068589   0.0021760832  -0.0003646692   0.0045390109
       -0.0027951962  -0.0031194135
       -0.0004898978   0.0009468481   0.0005324476   0.0000164852   0.0043370811
       -0.0024405026   0.0004204514  -0.0001107305  -0.0003848121  -0.0001457029
       -0.0002024658   0.0000046730   0.0002793668  -0.0000220125  -0.0000696613
       -0.0000845440  -0.0001806296   0.0000424249   0.0000150663   0.0000662884
        0.0001061305   0.0000064658   0.0000201440  -0.0000567546  -0.0000972394
       -0.0001622870  -0.0000124761  -0.0130010001   0.0100640778   0.0158539963
        0.0086818736  -0.0109415115  -0.0080729850  -0.0066180170   0.0249007391
       -0.0406236536   0.0587848219  -0.0103850030  -0.2390119697   0.0330922512
       -0.0435522617  -0.0013133749   0.0003590604   0.0112026119  -0.0361510267
       -0.0302734791   0.0292260913   0.0304098139  -0.0223900662   0.0836289869
       -0.1945892666  -0.0776828407  -0.0709219289   0.5989164600   0.0320474834
       -0.0275456234  -0.0896026991   0.0000120962  -0.0001073898   0.0000417200
        0.0000277440   0.0003260068  -0.0001176416  -0.0000134959  -0.0000620616
       -0.0000047519  -0.0000014455   0.0000670011   0.0000506717   0.0000019595
        0.0000174037   0.0000075385   0.0000074186   0.0000247853   0.0000082896
        0.0000042704   0.0000374811   0.0000267959   0.0000111269   0.0000552505
        0.0000379268   0.0002392910  -0.0004880973   0.0002897888  -0.0001939216
        0.0032649094  -0.0019947064   0.0012711439   0.0002545012   0.0010287641
       -0.0001307675   0.0002871828  -0.0004760355   0.0028293136  -0.0005642880
        0.0012717644  -0.0052234921   0.0167633281  -0.0244065607   0.0182382198
       -0.0202444279  -0.0093003275
       -0.0008129400   0.0014503388   0.0016452965  -0.0092137660   0.0164641472
       -0.0114880313   0.0007183628   0.0007623496  -0.0008228405  -0.0013833459
        0.0005482421   0.0001221454   0.0003936309  -0.0000256756  -0.0005988914
       -0.0001793954  -0.0002690256  -0.0000919933   0.0001137036   0.0001176906
        0.0003486191   0.0000770150   0.0003378579  -0.0003216916  -0.0014859410
       -0.0002424246   0.0001872827  -0.0848279473   0.0610470127  -0.0294592926
        0.0196843475  -0.0189369215  -0.0169593451  -0.0156637765   0.0196411653
       -0.0077866043  -0.0082564905   0.0000167979   0.0335957018  -0.0006533985
        0.0085422613   0.0012676532  -0.0014703629  -0.0019670522   0.0099039544
        0.0116837933  -0.0043818354  -0.0090957732  -0.0183478721   0.0290994024
       -0.0112869571  -0.1421809541   0.1094319811   0.0320474834   0.3154141445
       -0.2372548941  -0.0750636052   0.0000001242  -0.0001131451   0.0000820644
        0.0002830191   0.0007583111  -0.0003144520   0.0001297817   0.0000141047
       -0.0000108828  -0.0000827093   0.0000512638   0.0000131570  -0.0001133322
        0.0000173904   0.0000450788   0.0000121608  -0.0000384230   0.0000190925
       -0.0000570838  -0.0000095568  -0.0000117832  -0.0002668189  -0.0000206809
       -0.0000376039   0.0030002475   0.0024774730   0.0033270409  -0.0000340403
        0.0001625029  -0.0003683695  -0.0003557961   0.0002816210  -0.0000580990
       -0.0008105254  -0.0007867157  -0.0001947017  -0.0000167176   0.0002946760
        0.0001550896  -0.0006307391  -0.0018188320   0.0005237721  -0.0646663781
        0.0143485932   0.0806874859
        0.0019341148  -0.0020254955  -0.0018101748   0.0225338525  -0.0276016201
        0.0085326690  -0.0060486192  -0.0011018238   0.0045358148   0.0006071812
        0.0011522148   0.0000340947  -0.0001680920  -0.0002565767   0.0000807022
       -0.0000507742  -0.0000712370  -0.0001048851   0.0000374213   0.0000728801
        0.0001408362   0.0002242589   0.0002777719  -0.0000263476  -0.0000631248
       -0.0001965317  -0.0000945654   0.0703268129  -0.1721733125   0.1060265828
       -0.0272262026   0.0232514113   0.0437260008   0.0202432602  -0.0341304830
        0.0093661657   0.0051977096   0.0102080296  -0.0438616291   0.0084007427
       -0.0058923405   0.0024430681   0.0019335184   0.0026536355  -0.0141780139
       -0.0084972142   0.0108135303   0.0164283819   0.0312211164  -0.0453693534
        0.0146009871   0.1012173355  -0.1740139782  -0.0275456234  -0.2372548941
        0.4574256319  -0.0915916805  -0.0000570368   0.0001505046   0.0000098430
       -0.0002241842  -0.0009461748   0.0003808768  -0.0002321081   0.0001888744
       -0.0000441099  -0.0000029520   0.0000534253   0.0001141989  -0.0000165372
       -0.0000088899   0.0000420554  -0.0000334239  -0.0000308691   0.0000276866
       -0.0000669390  -0.0000137667  -0.0000468322   0.0000749604   0.0001260947
        0.0000635339   0.0023510091   0.0022860569  -0.0002197290   0.0000406867
       -0.0003954598   0.0002150485  -0.0000989197  -0.0001378570   0.0002491546
       -0.0007622271  -0.0003401686  -0.0002720375   0.0005633823  -0.0005776086
       -0.0001630602  -0.0010718230   0.0001226991  -0.0017305165   0.0149677095
       -0.0434992135  -0.0253284958
        0.0011258054  -0.0021837641   0.0006829212  -0.0083156429   0.0062598587
        0.0078621041   0.0041078343  -0.0013603519  -0.0037754101   0.0003224332
       -0.0012373116   0.0010156972  -0.0008048028   0.0002869929  -0.0000898502
        0.0001664517   0.0002837320  -0.0001278009  -0.0000114138  -0.0000233954
       -0.0003247718  -0.0000587814  -0.0000338599   0.0002115869   0.0002709661
        0.0006219010   0.0002648564  -0.0612606234   0.1483728866  -0.2235944941
        0.0103035312   0.0072150130  -0.0567534382  -0.0110059453   0.0139129422
       -0.0015987339   0.0204555146  -0.0259708108  -0.0018644659   0.0013960043
        0.0026668777  -0.0055854199  -0.0004285193  -0.0006561719   0.0030896726
        0.0020518940   0.0017040828  -0.0053460043  -0.0159543971   0.0206155465
        0.0015893322   0.0507140615  -0.0535571056  -0.0896026991  -0.0750636052
       -0.0915916805   0.6444580405   0.0000833112  -0.0001043227  -0.0000972283
        0.0000751954  -0.0004424285   0.0000389008   0.0002079006   0.0000896088
       -0.0001288357   0.0000303459  -0.0001370101  -0.0000914494   0.0000467658
        0.0000029848  -0.0000590754   0.0000241595   0.0000106413  -0.0000288235
        0.0000062393  -0.0000065662  -0.0000091697  -0.0003132260  -0.0000980003
       -0.0002183716   0.0030430921   0.0002042989  -0.0050126897  -0.0002961651
        0.0002378716   0.0007170134   0.0009072808  -0.0010673799  -0.0005420734
       -0.0003470513  -0.0001141299  -0.0000242113  -0.0007557938   0.0010866572
        0.0000139297  -0.0016729889   0.0012019065   0.0007217531   0.0809501695
       -0.0261895132  -0.2657907915
       -0.0548648222   0.0002921684  -0.0602705451   0.0017902973  -0.0009371551
        0.0053792190  -0.0003089256  -0.0006488697   0.0007922818  -0.0007114779
       -0.0006723733  -0.0004251447   0.0000593725   0.0001029540  -0.0000577793
        0.0000200415  -0.0000373908  -0.0000071637   0.0000056855  -0.0000041200
       -0.0000130555  -0.0000151671  -0.0000820736  -0.0000336834  -0.0000827620
       -0.0000712633   0.0001361380   0.0001817893   0.0001957233   0.0003813991
       -0.0003586204   0.0005205888  -0.0005524697  -0.0000559423  -0.0000589366
        0.0001519101   0.0000624890  -0.0000716432   0.0000169875  -0.0000038198
       -0.0000122141   0.0000307870   0.0000047541  -0.0000288400   0.0000201909
        0.0000158026  -0.0000234072  -0.0000031744  -0.0000065148   0.0000002068
       -0.0000061289   0.0000322036  -0.0000543286   0.0000120962   0.0000001242
       -0.0000570368   0.0000833112   0.0623266479   0.0009338804   0.0694723271
        0.0043789007   0.0017793685   0.0165220257  -0.0124620353  -0.0019907662
       -0.0323915457  -0.0000095922   0.0000051649  -0.0000446515   0.0000079255
        0.0000085195  -0.0000205646   0.0000008677   0.0000156188  -0.0000081171
       -0.0000017738  -0.0000081289   0.0000135140   0.0000070416  -0.0000246824
        0.0000089015  -0.0000045872   0.0009557059   0.0006930613  -0.0000174427
        0.0000109113   0.0000206142  -0.0000014928   0.0000048477   0.0000022878
        0.0000045983  -0.0000113089   0.0000053751   0.0000044362  -0.0000046832
        0.0000044771  -0.0000009647  -0.0000059127   0.0000131151   0.0000029635
       -0.0000205236   0.0000740042
        0.0016930128  -0.0380584439  -0.0011630998   0.0044069541  -0.0017024394
        0.0275202737   0.0010568814  -0.0006709079   0.0024607131  -0.0020055582
       -0.0015588605  -0.0015468597   0.0002502843   0.0001736722  -0.0003058658
        0.0001101330  -0.0000668001  -0.0000973687   0.0000246738   0.0000354630
       -0.0000824803   0.0000547736  -0.0002005430  -0.0000805264  -0.0002507401
       -0.0000836480   0.0005292814  -0.0003791572  -0.0009346814  -0.0012215385
        0.0002572544  -0.0010670929   0.0006738435   0.0002586770  -0.0000090088
       -0.0001082894  -0.0000654832   0.0001512979  -0.0000082807  -0.0000046165
       -0.0000905239  -0.0000466488  -0.0000071099   0.0000209746  -0.0000557929
       -0.0000331083   0.0000162307  -0.0000184909  -0.0000101552   0.0000097164
        0.0000151503   0.0001355768   0.0001179790  -0.0001073898  -0.0001131451
        0.0001505046  -0.0001043227   0.0009338804   0.0450250493   0.0044761030
       -0.0045548557  -0.0013700408  -0.0229274696  -0.0022719503   0.0011473663
       -0.0066430653  -0.0000384072   0.0000376797  -0.0000541915  -0.0000056588
        0.0000085338   0.0000004214  -0.0000356326   0.0000006004  -0.0000067810
       -0.0000338148  -0.0000842260   0.0000125536  -0.0000654981  -0.0000839139
       -0.0000095824   0.0008061832  -0.0010388429  -0.0009145609  -0.0000073244
        0.0000200144  -0.0000047821   0.0000015865  -0.0000031252   0.0000010362
        0.0000018885   0.0000228190  -0.0000021950  -0.0000086322   0.0000120593
       -0.0000088654  -0.0000068246   0.0000148624  -0.0000236916  -0.0000940874
        0.0000582756  -0.0001472373
       -0.0623141168  -0.0068421061  -0.2625978039  -0.0000452869   0.0062202257
       -0.0177117112  -0.0014527439   0.0010081707  -0.0003692489   0.0011396927
        0.0008415075   0.0009031835  -0.0001743632  -0.0001654762   0.0001753350
       -0.0000889848   0.0000280556   0.0001170967  -0.0000188194  -0.0000289650
        0.0000991064  -0.0000413459   0.0001362804   0.0000158206   0.0001975280
       -0.0000071019  -0.0003498922  -0.0003515982   0.0005597236  -0.0001638207
        0.0004436622  -0.0006914973  -0.0003371409  -0.0000611652   0.0001510383
        0.0000520730   0.0001400035  -0.0001573776   0.0001012621  -0.0000448362
        0.0000267596  -0.0000201502   0.0000089986  -0.0000486272   0.0000834584
        0.0000432908  -0.0000488735  -0.0000236102  -0.0000052360   0.0000112813
        0.0000060857   0.0000786854  -0.0001526707   0.0000417200   0.0000820644
        0.0000098430  -0.0000972283   0.0694723271   0.0044761030   0.3041897054
       -0.0030225907  -0.0037416160  -0.0193805232  -0.0042913796  -0.0011604762
       -0.0056582556   0.0000066767  -0.0000387838   0.0000529737   0.0000009135
       -0.0000143144  -0.0000067392   0.0000303642   0.0000122904   0.0000032806
        0.0000223032   0.0000536315   0.0000112570   0.0000556313   0.0001125133
        0.0000641247   0.0001165192  -0.0004379761   0.0007280965   0.0000179975
       -0.0000618232   0.0000032527  -0.0000094971   0.0000052048   0.0000092298
        0.0000019573   0.0000079848   0.0000042965   0.0000009541   0.0000022314
       -0.0000075459   0.0000071513  -0.0000128902  -0.0000068858   0.0000552427
       -0.0000522696   0.0000691979
       -0.1174988245   0.0916529977   0.0632696183   0.0036445625   0.0002704295
       -0.0038324136  -0.0002701830  -0.0003082809  -0.0000075090  -0.0000416744
       -0.0004097199  -0.0000071877  -0.0000124465  -0.0000133428   0.0000358650
       -0.0000417174  -0.0000094672   0.0000011520   0.0000056911   0.0000004324
       -0.0000064741  -0.0000185539  -0.0000480833   0.0000118191  -0.0000598445
       -0.0000874317   0.0000784780   0.0004493116  -0.0000047609   0.0009550638
        0.0000056408   0.0000413409   0.0001506549   0.0001002096  -0.0000963139
       -0.0000277996  -0.0000065831  -0.0000097976  -0.0000289408   0.0000252803
       -0.0000298368  -0.0000155921   0.0000001870  -0.0000100672  -0.0000231098
       -0.0000000630   0.0000065212   0.0000168472   0.0000088115  -0.0000595478
        0.0000368606  -0.0000413351  -0.0000385486   0.0000277440   0.0002830191
       -0.0002241842   0.0000751954   0.0043789007  -0.0045548557  -0.0030225907
        0.1296348239  -0.1079244568  -0.0728527630  -0.0204691177   0.0216181143
        0.0154215662   0.0000170235   0.0000052815  -0.0000489936   0.0000025269
       -0.0000017415  -0.0000007614   0.0000035533  -0.0000011458   0.0000021652
       -0.0000023711  -0.0000162656   0.0000076159   0.0000186666   0.0000151477
       -0.0000068749  -0.0001340434   0.0001457351  -0.0001220761   0.0000113775
        0.0000126765  -0.0000040669  -0.0000009187  -0.0000022189   0.0000020349
       -0.0000048106   0.0000096053  -0.0000006913   0.0000018400   0.0000129028
       -0.0000054029   0.0000025225   0.0000105100  -0.0000194891   0.0000085386
        0.0000483720  -0.0000599441
        0.0915657589  -0.1614985472  -0.0815480474   0.0158410801  -0.0273255711
       -0.0115134880   0.0001254828   0.0029280303  -0.0010399408   0.0001569133
       -0.0003554040   0.0003104544   0.0000531635   0.0001556909  -0.0003192264
       -0.0000444175  -0.0000193542  -0.0000528857   0.0000408904   0.0000939108
        0.0000324388   0.0000538895   0.0000926488   0.0000293175   0.0001049928
        0.0002914449  -0.0000232328  -0.0014913435  -0.0042723830   0.0025819260
        0.0001190116  -0.0000522594   0.0002234711  -0.0001184073   0.0002385570
        0.0000779880  -0.0000140346  -0.0000268058   0.0000774453  -0.0000783478
        0.0000400698   0.0000450938  -0.0000098815  -0.0000017563   0.0000436126
       -0.0000108826  -0.0000367224  -0.0000203828   0.0000820373  -0.0000314138
       -0.0001181705   0.0003052030   0.0000243655   0.0003260068   0.0007583111
       -0.0009461748  -0.0004424285   0.0017793685  -0.0013700408  -0.0037416160
       -0.1079244568   0.1881810455   0.0930538762  -0.0013604503   0.0039247475
        0.0018883772   0.0000089297   0.0000074850   0.0001225020   0.0000158811
        0.0000181044  -0.0000010115   0.0000110005   0.0000028711   0.0000047193
        0.0000163244   0.0000284827  -0.0000091110   0.0000640196  -0.0000017247
       -0.0000032490  -0.0000429029   0.0000070904   0.0000687259  -0.0000056095
       -0.0000122047  -0.0000275938   0.0000081751  -0.0000047045  -0.0000201732
        0.0000190189  -0.0000155713   0.0000028838   0.0000132192  -0.0000283974
        0.0000129487   0.0000009013   0.0000041589   0.0000253035  -0.0000428383
       -0.0000396684  -0.0000465335
        0.0625952353  -0.0825904065  -0.0969029282  -0.0054935164   0.0092460306
        0.0053606150  -0.0012909532  -0.0003680852   0.0000112983  -0.0000544728
        0.0003581565   0.0000209888   0.0000143221  -0.0000290705   0.0000975920
        0.0000352900   0.0000287798  -0.0000539182  -0.0000074776  -0.0000260649
       -0.0000354818   0.0000104227   0.0000057231   0.0000249321   0.0000137025
        0.0000514515  -0.0000036929   0.0014602609   0.0020192483  -0.0003185836
       -0.0001135976  -0.0000686318  -0.0000987824  -0.0000433777  -0.0001494137
        0.0001189910   0.0000296379   0.0000123509  -0.0000123174   0.0000400787
       -0.0000231310   0.0000312495  -0.0000056300   0.0000046331  -0.0000050054
        0.0000146317   0.0000249206   0.0000060454  -0.0000261100   0.0000103711
       -0.0000004692  -0.0002149476  -0.0001152057  -0.0001176416  -0.0003144520
        0.0003808768   0.0000389008   0.0165220257  -0.0229274696  -0.0193805232
       -0.0728527630   0.0930538762   0.1099176640  -0.0002788744   0.0010279867
        0.0011172446  -0.0000027948   0.0000300399  -0.0000453022   0.0000001005
       -0.0000025272   0.0000072129  -0.0000087598  -0.0000191612  -0.0000030389
        0.0000013464  -0.0000195102  -0.0000103113  -0.0000018925  -0.0000397374
       -0.0000595554  -0.0000800719   0.0001178199   0.0001984709  -0.0000026683
        0.0000075265   0.0000104359  -0.0000032670   0.0000055753  -0.0000105194
        0.0000018181  -0.0000100203  -0.0000013815   0.0000026665  -0.0000039823
        0.0000024535  -0.0000036978  -0.0000084302   0.0000123711   0.0000577856
        0.0000154810   0.0000829869
       -0.2722112402  -0.0469523580  -0.0173151557  -0.0086566364  -0.0057666954
        0.0026901805  -0.0001697385  -0.0027225023  -0.0002824416   0.0005063304
        0.0006233014   0.0006662290  -0.0001051955  -0.0003152383   0.0001067019
       -0.0000220497   0.0000800157   0.0000295547   0.0000070168  -0.0000046099
        0.0000224810   0.0000178076   0.0001312781  -0.0000173449   0.0000242906
       -0.0000229566  -0.0000797319   0.0004692894   0.0009415433   0.0000454387
        0.0002476032   0.0003122532   0.0001107839  -0.0000240127  -0.0000265674
       -0.0000318369  -0.0000863979   0.0001015201  -0.0000936441   0.0000091914
       -0.0000131645   0.0000102129  -0.0000128040   0.0000235887  -0.0000521994
       -0.0000423708   0.0000544333   0.0000335108   0.0000108749  -0.0000156832
        0.0000116838  -0.0002238566   0.0001694066  -0.0000134959   0.0001297817
       -0.0002321081   0.0002079006  -0.0124620353  -0.0022719503  -0.0042913796
       -0.0204691177  -0.0013604503  -0.0002788744   0.3131435305   0.0573632198
        0.0186969656  -0.0000097205   0.0000046130   0.0000389394  -0.0000193361
       -0.0000213490   0.0000381206   0.0000021740  -0.0000249645   0.0000140453
       -0.0000012776  -0.0000187903  -0.0000124875  -0.0000019380   0.0000218751
        0.0000016335  -0.0000071924  -0.0001009204  -0.0002945710  -0.0000211308
        0.0000330868  -0.0000004868   0.0000026637  -0.0000018523  -0.0000076670
        0.0000027260  -0.0000014868   0.0000004735  -0.0000015342   0.0000010539
        0.0000051958  -0.0000088660  -0.0000069160   0.0000194270  -0.0000168292
        0.0000193746   0.0000218381
       -0.0476210054  -0.0532069612  -0.0061300151  -0.0266795613  -0.0069405459
       -0.0009464074  -0.0025102893  -0.0050144869   0.0010337281   0.0005374992
        0.0003199067   0.0023758780  -0.0002943434  -0.0006509426   0.0002336591
       -0.0000687977   0.0001048739   0.0001208904   0.0000033210   0.0000015572
        0.0000203700   0.0000099467   0.0001214829   0.0000394940   0.0000845859
        0.0001270837  -0.0000564195  -0.0002098793  -0.0003059847   0.0007124381
       -0.0000277763  -0.0000608519  -0.0000126482   0.0000709611  -0.0001201275
       -0.0000164256  -0.0000349307   0.0000367800   0.0000106563   0.0000434036
       -0.0000029028  -0.0000251671  -0.0000103783   0.0000252500  -0.0000261512
       -0.0000060173   0.0000284469   0.0000027936  -0.0000167990   0.0000293840
        0.0000287146  -0.0000736980  -0.0000705524  -0.0000620616   0.0000141047
        0.0001888744   0.0000896088  -0.0019907662   0.0011473663  -0.0011604762
        0.0216181143   0.0039247475   0.0010279867   0.0573632198   0.0602915380
        0.0030760838   0.0000016297  -0.0000102175   0.0000083836  -0.0000298440
       -0.0000489373   0.0000560804   0.0000067709  -0.0000247572   0.0000092872
       -0.0000014033  -0.0000069081  -0.0000135975   0.0000589699   0.0000484128
       -0.0000127669  -0.0000999449  -0.0000829028  -0.0003231528  -0.0000432542
        0.0000487898   0.0000201419  -0.0000081052   0.0000052380   0.0000059415
       -0.0000175970   0.0000134091  -0.0000040116  -0.0000137577   0.0000163403
       -0.0000075499  -0.0000087452   0.0000045019  -0.0000097807  -0.0000456329
        0.0000630950  -0.0000655046
       -0.0154961434  -0.0061649160  -0.0397895944   0.0126381857   0.0057964303
       -0.0005513409   0.0008398598   0.0026068800   0.0001447918  -0.0000567286
        0.0003350308  -0.0013555977   0.0001192070   0.0002281067  -0.0000762196
        0.0000610292   0.0000216667  -0.0000918682   0.0000024453  -0.0000092472
       -0.0000148750   0.0000192658  -0.0000302090  -0.0000329443  -0.0000616613
       -0.0000863872   0.0000724146   0.0002102545  -0.0005103919   0.0001943820
        0.0001846838  -0.0002482139   0.0003172304   0.0000896640  -0.0000180712
       -0.0000828999  -0.0000331018   0.0000187206   0.0000181159  -0.0000103532
       -0.0000035651  -0.0000175744  -0.0000074741   0.0000100910   0.0000087374
       -0.0000062800   0.0000055911  -0.0000159261   0.0000043304  -0.0000100176
       -0.0000098505   0.0000096886   0.0000276194  -0.0000047519  -0.0000108828
       -0.0000441099  -0.0001288357  -0.0323915457  -0.0066430653  -0.0056582556
        0.0154215662   0.0018883772   0.0011172446   0.0186969656   0.0030760838
        0.0465092649   0.0000066782   0.0000205715  -0.0000001501   0.0000049110
        0.0000124144  -0.0000015859  -0.0000151614  -0.0000103144   0.0000021703
       -0.0000128958  -0.0000360613   0.0000002766  -0.0000270162  -0.0000256204
       -0.0000448186  -0.0002298797  -0.0002163321  -0.0003479434   0.0000210792
       -0.0000155837  -0.0000350510   0.0000099987  -0.0000118926  -0.0000168452
        0.0000040588   0.0000013015  -0.0000052417   0.0000040129  -0.0000031881
       -0.0000032545   0.0000019558   0.0000106154  -0.0000167492   0.0000092833
        0.0000276866  -0.0000824547
        0.0000276718  -0.0000224746   0.0001301985  -0.0003390331  -0.0003838152
        0.0003042280  -0.0015623753   0.0027189092  -0.0001394218   0.0018103974
        0.0003702397   0.0016371113  -0.0598847462  -0.0654395222  -0.0437365340
       -0.0047225845  -0.0110172835  -0.0072246607   0.0053702329  -0.0051708492
        0.0017998826  -0.0002544350  -0.0000087554   0.0005360209   0.0059923363
       -0.0023219747   0.0012228906   0.0000360060   0.0000359955   0.0000134531
       -0.0000051461  -0.0000178354   0.0000198892  -0.0000063971   0.0000184126
        0.0000059931   0.0000024815  -0.0000189034   0.0000105830  -0.0000011414
        0.0000126995   0.0000152908  -0.0000053909  -0.0000050799   0.0000062889
       -0.0000017054   0.0000051162   0.0000040556  -0.0000170143   0.0000069420
       -0.0000099278  -0.0000030181   0.0000076071  -0.0000014455  -0.0000827093
       -0.0000029520   0.0000303459  -0.0000095922  -0.0000384072   0.0000066767
        0.0000170235   0.0000089297  -0.0000027948  -0.0000097205   0.0000016297
        0.0000066782   0.0573839793   0.0797516649   0.0464463213  -0.0021342738
        0.0013266911  -0.0006195449  -0.0000562456  -0.0007185508  -0.0003375211
       -0.0014063430   0.0006802967  -0.0001596241  -0.0002476606   0.0001923741
        0.0000706453  -0.0000000566   0.0000025960  -0.0000205605   0.0000057318
       -0.0000032364  -0.0000123952   0.0000016051  -0.0000029052  -0.0000095834
        0.0000045410  -0.0000057822   0.0000006719   0.0000040850  -0.0000070288
        0.0000049800   0.0000127073  -0.0000090396  -0.0000012293   0.0000807901
        0.0000542913   0.0000030381
       -0.0001045060  -0.0000471558  -0.0001136387  -0.0001242269   0.0002691502
       -0.0000739740   0.0014006619  -0.0004581037   0.0008894357  -0.0005753136
       -0.0003356856  -0.0026004472  -0.0655925989  -0.1918489746  -0.1098235769
       -0.0092376893  -0.0212858643  -0.0134673975  -0.0051243752  -0.0016482267
        0.0027605832   0.0003040875   0.0005509465   0.0004285777  -0.0025596060
        0.0018522936  -0.0003274342  -0.0000470417   0.0000005902   0.0000761174
       -0.0000083477  -0.0000288925   0.0000775094  -0.0000074856   0.0000269459
        0.0000235772  -0.0000180001   0.0000009595   0.0000166138  -0.0000107520
        0.0000139783   0.0000287374  -0.0000070963  -0.0000023179   0.0000023570
       -0.0000035295   0.0000068393   0.0000052466   0.0000122911   0.0000240660
       -0.0000512627  -0.0000319460   0.0000046615   0.0000670011   0.0000512638
        0.0000534253  -0.0001370101   0.0000051649   0.0000376797  -0.0000387838
        0.0000052815   0.0000074850   0.0000300399   0.0000046130  -0.0000102175
        0.0000205715   0.0797516649   0.2144275694   0.1233521170   0.0015141560
        0.0001236827  -0.0004301730  -0.0005111566  -0.0011295242  -0.0007173351
        0.0007084262  -0.0003028980   0.0000861935   0.0000592536  -0.0000923383
        0.0000191055  -0.0000023882   0.0000071450   0.0000046179   0.0000040484
       -0.0000005918  -0.0000066375   0.0000000894   0.0000026466  -0.0000020426
       -0.0000020615  -0.0000050188  -0.0000005737  -0.0000005956  -0.0000112731
        0.0000018721   0.0000074393  -0.0000444217   0.0000084307   0.0001402752
       -0.0001585604  -0.0001084178
        0.0000070094  -0.0000281366   0.0002150614   0.0001386950  -0.0005515521
       -0.0003811630  -0.0007070499  -0.0000273436   0.0020443449  -0.0091699922
       -0.0241455337  -0.0196440961  -0.0433156575  -0.1098602568  -0.1243502586
        0.0032498450   0.0081320537   0.0062111992   0.0019352608   0.0019301123
        0.0001419843   0.0003510254   0.0006921691  -0.0000605843   0.0017951801
        0.0001915616  -0.0056943765  -0.0002169258  -0.0000107383  -0.0000535266
        0.0000159443  -0.0000238657   0.0000539984  -0.0000231097   0.0000440547
        0.0000444041  -0.0000270704   0.0000119220   0.0000322317  -0.0000109889
        0.0000150918   0.0000190330  -0.0000039210  -0.0000010385   0.0000294587
        0.0000045093   0.0000032418  -0.0000078610  -0.0000098083   0.0000451013
       -0.0000163516  -0.0000201056   0.0000085353   0.0000506717   0.0000131570
        0.0001141989  -0.0000914494  -0.0000446515  -0.0000541915   0.0000529737
       -0.0000489936   0.0001225020  -0.0000453022   0.0000389394   0.0000083836
       -0.0000001501   0.0464463213   0.1233521170   0.1415242479  -0.0000094654
        0.0009279026   0.0010271629   0.0002463143   0.0004608875   0.0002207160
       -0.0001644658   0.0001024142   0.0000145406  -0.0005817536  -0.0012262391
       -0.0012280504  -0.0000184145  -0.0000038650  -0.0000127407  -0.0000074765
       -0.0000018784  -0.0000123387  -0.0000072307   0.0000016180  -0.0000072677
        0.0000018492   0.0000009708   0.0000021990   0.0000010556   0.0000034733
        0.0000030699   0.0000160534  -0.0000187371   0.0000008498   0.0001259213
       -0.0002149350  -0.0000826303
       -0.0000987599  -0.0000682974   0.0000287660  -0.0000584225   0.0000114488
        0.0000694110   0.0000503853   0.0001820252   0.0006772790   0.0056605682
       -0.0055611879   0.0015111353  -0.0017880493  -0.0014998326   0.0138357849
       -0.0405629811  -0.0045913556   0.0329499843   0.0016513766  -0.0003368913
       -0.0089584384   0.0057034379  -0.0042271984  -0.0004549184  -0.0001195737
       -0.0000597229  -0.0000534744  -0.0000258658   0.0000116788  -0.0000305476
        0.0000043001   0.0000095824  -0.0000317269  -0.0000002618   0.0000140871
       -0.0000015059  -0.0000043218  -0.0000098570   0.0000067535   0.0000041083
        0.0000137504  -0.0000090507  -0.0000025997  -0.0000015813  -0.0000006544
        0.0000015935  -0.0000024278   0.0000039260  -0.0000287443   0.0000241082
        0.0000152104   0.0000346526  -0.0000066220   0.0000019595  -0.0001133322
       -0.0000165372   0.0000467658   0.0000079255  -0.0000056588   0.0000009135
        0.0000025269   0.0000158811   0.0000001005  -0.0000193361  -0.0000298440
        0.0000049110  -0.0021342738   0.0015141560  -0.0000094654   0.0349505155
        0.0127098560  -0.0382758046  -0.0017973896   0.0012477792  -0.0006796041
       -0.0000206111  -0.0000174992  -0.0004663205  -0.0013581676   0.0007068385
       -0.0001545683   0.0000016434  -0.0000031200  -0.0000074784  -0.0000074674
        0.0000010145  -0.0000006583  -0.0000051717   0.0000012697  -0.0000035049
       -0.0000012427   0.0000021788  -0.0000021755  -0.0000041577   0.0000039358
       -0.0000019595   0.0000100167  -0.0000076903   0.0000045999   0.0000676793
       -0.0000242668  -0.0000156445
       -0.0001949103  -0.0001321646   0.0000165644   0.0000194412  -0.0001889380
        0.0000477974  -0.0001316582   0.0002293157   0.0012860711  -0.0049834074
       -0.0018466113   0.0018231895  -0.0040698018  -0.0016693899   0.0237162128
       -0.0046901994  -0.0424678393   0.0050721662   0.0022790512   0.0000107660
       -0.0228067246  -0.0042906424  -0.0017145988  -0.0032753890  -0.0002035472
       -0.0005683801  -0.0000433561   0.0000348619  -0.0000128937  -0.0000003779
       -0.0000009445   0.0000151980  -0.0000207650  -0.0000008099   0.0000138462
        0.0000021137  -0.0000094802  -0.0000071576  -0.0000029721   0.0000044986
        0.0000014901   0.0000031681  -0.0000013443  -0.0000078525  -0.0000148115
       -0.0000053106   0.0000041997   0.0000053352  -0.0000092793   0.0000010062
        0.0000064283  -0.0000044258   0.0000227044   0.0000174037   0.0000173904
       -0.0000088899   0.0000029848   0.0000085195   0.0000085338  -0.0000143144
       -0.0000017415   0.0000181044  -0.0000025272  -0.0000213490  -0.0000489373
        0.0000124144   0.0013266911   0.0001236827   0.0009279026   0.0127098560
        0.0485490011  -0.0050147508   0.0014133987   0.0001808270  -0.0006131681
        0.0000832419  -0.0001254013  -0.0012669543   0.0006769054  -0.0003484680
        0.0000761464   0.0000028616  -0.0000056411  -0.0000034474  -0.0000048803
        0.0000058565   0.0000048762   0.0000003428   0.0000004355   0.0000060289
       -0.0000019029   0.0000009474  -0.0000011054   0.0000002153   0.0000007854
       -0.0000012779  -0.0000000699   0.0000016279   0.0000033106   0.0000484293
       -0.0000351649   0.0000518274
        0.0001984423   0.0001811975  -0.0000866132  -0.0003719437  -0.0000510221
        0.0002153960   0.0003260110   0.0000888812  -0.0010933978   0.0017596774
        0.0020452638   0.0004916297   0.0032433464   0.0024209850  -0.0165766752
        0.0328481247   0.0050748549  -0.2926414697   0.0018555673  -0.0012220005
       -0.0205246676  -0.0007852825  -0.0037638299  -0.0010191277  -0.0001064756
       -0.0000418513   0.0010453780   0.0000499302  -0.0000623222  -0.0000162759
       -0.0000086061  -0.0000662703   0.0000864595   0.0000160326  -0.0000110926
        0.0000269422  -0.0000120469  -0.0000046860   0.0000085137  -0.0000006832
        0.0000056437   0.0000385385  -0.0000053967   0.0000019552   0.0000115617
       -0.0000063865   0.0000129402   0.0000059580   0.0000150801  -0.0000008093
       -0.0000725310  -0.0000304767   0.0000171254   0.0000075385   0.0000450788
        0.0000420554  -0.0000590754  -0.0000205646   0.0000004214  -0.0000067392
       -0.0000007614  -0.0000010115   0.0000072129   0.0000381206   0.0000560804
       -0.0000015859  -0.0006195449  -0.0004301730   0.0010271629  -0.0382758046
       -0.0050147508   0.3296093943  -0.0000600761   0.0006630910   0.0008568670
        0.0000664321  -0.0000626600  -0.0011865505  -0.0001614628   0.0001238337
        0.0000078302  -0.0000100184   0.0000100265  -0.0000065675   0.0000074505
       -0.0000088840  -0.0000244194  -0.0000021651  -0.0000009292  -0.0000153647
        0.0000042541  -0.0000084417  -0.0000011049   0.0000121039  -0.0000172228
        0.0000049936   0.0000245104  -0.0000060037  -0.0000081914  -0.0000324667
        0.0000296056  -0.0001110197
        0.0000329548  -0.0000276653   0.0001747877  -0.0000798462  -0.0001753199
       -0.0000739758  -0.0013614643   0.0008667948   0.0001537566   0.0005419998
        0.0001829076  -0.0005951267   0.0054066828  -0.0039983580  -0.0007394993
       -0.0049819240  -0.0090846902   0.0038689349  -0.0843061690  -0.0936163163
        0.0490992849  -0.0022865732  -0.0039669551   0.0025920816   0.0059005806
       -0.0026973603   0.0016583141  -0.0000695535  -0.0000286343  -0.0000442284
        0.0000117319   0.0000139817  -0.0000235384   0.0000109211  -0.0000051806
        0.0000125165  -0.0000001783   0.0000006885  -0.0000110796  -0.0000007833
        0.0000156547  -0.0000061397  -0.0000019018   0.0000088774  -0.0000043091
       -0.0000036573   0.0000067047   0.0000097781  -0.0000072819   0.0000202197
        0.0000221754   0.0000269391   0.0000027578   0.0000074186   0.0000121608
       -0.0000334239   0.0000241595   0.0000008677  -0.0000356326   0.0000303642
        0.0000035533   0.0000110005  -0.0000087598   0.0000021740   0.0000067709
       -0.0000151614  -0.0000562456  -0.0005111566   0.0002463143  -0.0017973896
        0.0014133987  -0.0000600761   0.0847413642   0.1106437979  -0.0559167657
       -0.0018455681   0.0013118247  -0.0005813451   0.0000750930  -0.0002858558
        0.0001988558   0.0000033210  -0.0000029754  -0.0000010882  -0.0000035139
        0.0000006601   0.0000020268  -0.0000018227  -0.0000003374  -0.0000017820
       -0.0000022672   0.0000004776  -0.0000012537  -0.0000104344   0.0000036399
       -0.0000029591   0.0000062253  -0.0000224278  -0.0000041706   0.0000400050
       -0.0000178675  -0.0000095106
       -0.0000843210  -0.0001114170   0.0000457517   0.0003915649   0.0002999555
       -0.0003582391   0.0006192903  -0.0003880531   0.0001154431   0.0001963453
        0.0006343747  -0.0004586937  -0.0040789706  -0.0018413873  -0.0035765886
       -0.0117049003  -0.0212269170   0.0093912360  -0.0937129454  -0.2007588937
        0.0854373594  -0.0015586895  -0.0025197719   0.0025489270  -0.0024303091
        0.0025116626   0.0000767137  -0.0000650292   0.0000721179   0.0000569732
        0.0000033631   0.0000423815  -0.0000676472  -0.0000067544   0.0000236090
       -0.0000121069  -0.0000070673  -0.0000107711   0.0000039632   0.0000060176
        0.0000004802  -0.0000185053  -0.0000004267  -0.0000177652  -0.0000081445
        0.0000030730  -0.0000035734   0.0000099059  -0.0000190626   0.0000165096
        0.0000319273   0.0000137470   0.0000015916   0.0000247853  -0.0000384230
       -0.0000308691   0.0000106413   0.0000156188   0.0000006004   0.0000122904
       -0.0000011458   0.0000028711  -0.0000191612  -0.0000249645  -0.0000247572
       -0.0000103144  -0.0007185508  -0.0011295242   0.0004608875   0.0012477792
        0.0001808270   0.0006630910   0.1106437979   0.2241595741  -0.0939883954
        0.0014873823   0.0003231921  -0.0004540808  -0.0002130676  -0.0001657166
        0.0000326204   0.0000066494  -0.0000096298   0.0000067386  -0.0000120922
        0.0000085045   0.0000153603  -0.0000028042  -0.0000002054   0.0000101412
       -0.0000050908   0.0000040402  -0.0000006765  -0.0000089888   0.0000107643
       -0.0000059921  -0.0000025592  -0.0000204644   0.0000009235   0.0000615347
       -0.0000333399   0.0000228655
        0.0000410055   0.0000734362  -0.0000259890  -0.0001899011  -0.0001526088
        0.0001405876  -0.0000697906   0.0001662647   0.0000603364  -0.0002294318
       -0.0006746431  -0.0004042698  -0.0005801221  -0.0030578708  -0.0010029894
       -0.0069011570  -0.0123886386   0.0064188957   0.0489794757   0.0854686387
       -0.0903165628   0.0137854715   0.0242215425  -0.0151584652   0.0012457144
       -0.0003522198  -0.0056319376   0.0000133951  -0.0000330526   0.0000021909
       -0.0000027009  -0.0000280554   0.0000510706   0.0000091546  -0.0000031063
        0.0000268733  -0.0000116281  -0.0000029237  -0.0000066742   0.0000072644
        0.0000064341   0.0000218885  -0.0000005385  -0.0000057625  -0.0000000707
       -0.0000021154  -0.0000004888   0.0000069523  -0.0000030249   0.0000004166
       -0.0000268812  -0.0000190327   0.0000294581   0.0000082896   0.0000190925
        0.0000276866  -0.0000288235  -0.0000081171  -0.0000067810   0.0000032806
        0.0000021652   0.0000047193  -0.0000030389   0.0000140453   0.0000092872
        0.0000021703  -0.0003375211  -0.0007173351   0.0002207160  -0.0006796041
       -0.0006131681   0.0008568670  -0.0559167657  -0.0939883954   0.1050602143
        0.0000474220   0.0007974174   0.0007042200   0.0007701873   0.0012336094
       -0.0009070342  -0.0000055152   0.0000004593  -0.0000008497   0.0000015826
       -0.0000028090  -0.0000148492  -0.0000024323   0.0000025872  -0.0000090150
        0.0000030121  -0.0000048016  -0.0000023863   0.0000045359  -0.0000081417
        0.0000046153   0.0000116469   0.0000003558   0.0000010300   0.0000042276
       -0.0000015106  -0.0000503617
       -0.0000015852  -0.0000426725   0.0001699313   0.0003583527  -0.0001100286
       -0.0004071358  -0.0007044386  -0.0004287411   0.0001201482   0.0054743342
       -0.0047948681   0.0023069466  -0.0000412032   0.0003296167   0.0000150804
        0.0063554580  -0.0027184836   0.0013837438   0.0015523742   0.0018536414
        0.0013908402  -0.0616713377  -0.0643352123  -0.0449578491  -0.0044373344
       -0.0126191772  -0.0073031153  -0.0001086148   0.0000152458  -0.0000833263
        0.0000528841   0.0000060367  -0.0000416392  -0.0000135660   0.0000294632
        0.0000083478  -0.0000024765  -0.0000039191   0.0000198656  -0.0000117045
        0.0000240965  -0.0000023667  -0.0000105578   0.0000163477   0.0000105698
       -0.0000082546   0.0000094961  -0.0000059298  -0.0000035069   0.0000274541
       -0.0000086189   0.0000256317  -0.0000090329   0.0000042704  -0.0000570838
       -0.0000669390   0.0000062393  -0.0000017738  -0.0000338148   0.0000223032
       -0.0000023711   0.0000163244   0.0000013464  -0.0000012776  -0.0000014033
       -0.0000128958  -0.0014063430   0.0007084262  -0.0001644658  -0.0000206111
        0.0000832419   0.0000664321  -0.0018455681   0.0014873823   0.0000474220
        0.0585616591   0.0792234665   0.0479886129  -0.0020491164   0.0013680001
       -0.0005858032  -0.0000008891  -0.0000066114  -0.0000052373  -0.0000106014
       -0.0000009050   0.0000067605  -0.0000055052  -0.0000028603   0.0000014261
       -0.0000057111  -0.0000026340  -0.0000045651  -0.0000045717  -0.0000041121
       -0.0000067222   0.0000097558  -0.0000154824  -0.0000036317   0.0000355540
       -0.0000013416   0.0000230158
       -0.0000084763  -0.0001318828   0.0003632431   0.0003493891   0.0000956879
       -0.0003959062  -0.0006476086  -0.0013321265  -0.0005993549  -0.0052650750
       -0.0011171783   0.0022402894   0.0002179714   0.0003820880   0.0007723128
       -0.0024977059   0.0025911926  -0.0004093430  -0.0006124295  -0.0008320952
       -0.0018696232  -0.0644186798  -0.1876751718  -0.1092811194  -0.0097088391
       -0.0216764748  -0.0133130489  -0.0001623466  -0.0000334094  -0.0001480076
        0.0000115621   0.0000548848  -0.0000477710   0.0000006368   0.0000405360
       -0.0000069142  -0.0000184995   0.0000015168   0.0000147463   0.0000077206
       -0.0000021300  -0.0000199111   0.0000036725  -0.0000135934   0.0000007557
       -0.0000064165   0.0000041463   0.0000205825  -0.0000135377   0.0000298857
        0.0000179091   0.0000086940   0.0000533881   0.0000374811  -0.0000095568
       -0.0000137667  -0.0000065662  -0.0000081289  -0.0000842260   0.0000536315
       -0.0000162656   0.0000284827  -0.0000195102  -0.0000187903  -0.0000069081
       -0.0000360613   0.0006802967  -0.0003028980   0.0001024142  -0.0000174992
       -0.0001254013  -0.0000626600   0.0013118247   0.0003231921   0.0007974174
        0.0792234665   0.2097457209   0.1220494552   0.0015579853   0.0000627408
       -0.0003551373   0.0000032697  -0.0000291073  -0.0000014063  -0.0000185996
        0.0000035488   0.0000266149  -0.0000070387  -0.0000020394   0.0000165377
       -0.0000033619   0.0000090572   0.0000060097  -0.0000030188   0.0000111976
       -0.0000052080   0.0000087134  -0.0000115166  -0.0000027779   0.0000766716
       -0.0000473409   0.0000609259
       -0.0000425741  -0.0000183145  -0.0000344938   0.0001928284   0.0000973075
       -0.0002147965   0.0000971028   0.0002032472   0.0004365215   0.0020057839
        0.0020870999   0.0000821911   0.0003342890   0.0007003550  -0.0000279538
        0.0016360247   0.0001313649  -0.0058883750  -0.0095610207  -0.0234675544
       -0.0196721642  -0.0447483994  -0.1091210925  -0.1261996855   0.0032947280
        0.0079919133   0.0061064569  -0.0000405175   0.0000655894   0.0001289365
       -0.0000016048   0.0000220983  -0.0000064455   0.0000024139  -0.0000010539
        0.0000156798  -0.0000057735  -0.0000078805   0.0000061245   0.0000139165
        0.0000077238  -0.0000019103  -0.0000001045  -0.0000072856   0.0000007386
       -0.0000021386   0.0000023889   0.0000173644  -0.0000083846   0.0000062571
       -0.0000014176  -0.0000071284   0.0000033093   0.0000267959  -0.0000117832
       -0.0000468322  -0.0000091697   0.0000135140   0.0000125536   0.0000112570
        0.0000076159  -0.0000091110  -0.0000103113  -0.0000124875  -0.0000135975
        0.0000002766  -0.0001596241   0.0000861935   0.0000145406  -0.0004663205
       -0.0012669543  -0.0011865505  -0.0005813451  -0.0004540808   0.0007042200
        0.0479886129   0.1220494552   0.1447656090   0.0000480980   0.0009351168
        0.0010215696   0.0000031108   0.0000022387   0.0000051455  -0.0000056974
        0.0000036331  -0.0000038971  -0.0000041462   0.0000027509  -0.0000036313
       -0.0000070237   0.0000021454  -0.0000073751  -0.0000091077   0.0000007174
       -0.0000144477   0.0000131987  -0.0000131749  -0.0000220776   0.0000239440
        0.0000134726  -0.0000387249
        0.0000980688   0.0000581283   0.0001975790  -0.0001602493  -0.0004213811
       -0.0001074581  -0.0016257563   0.0012674411   0.0001188418   0.0026671627
        0.0010380653  -0.0093373940   0.0050155130  -0.0041011420  -0.0003358804
       -0.0002145898  -0.0000871732  -0.0001536986   0.0051372046  -0.0053110521
        0.0016883319  -0.0022451873  -0.0012282955   0.0141170689  -0.0381418445
       -0.0064851921   0.0306258774  -0.0005643607  -0.0002355566  -0.0002089946
       -0.0001194225  -0.0000389981   0.0001615969  -0.0000272762   0.0000907425
        0.0000379782  -0.0000118934   0.0000392020  -0.0000089314  -0.0000266774
        0.0000169723   0.0000350254  -0.0000041203  -0.0000028893   0.0000203761
        0.0000064768  -0.0000170801  -0.0000041063   0.0000092394   0.0000184340
       -0.0000495485   0.0000351332   0.0000352452   0.0000111269  -0.0002668189
        0.0000749604  -0.0003132260   0.0000070416  -0.0000654981   0.0000556313
        0.0000186666   0.0000640196  -0.0000018925  -0.0000019380   0.0000589699
       -0.0000270162  -0.0002476606   0.0000592536  -0.0005817536  -0.0013581676
        0.0006769054  -0.0001614628   0.0000750930  -0.0002130676   0.0007701873
       -0.0020491164   0.0015579853   0.0000480980   0.0338288287   0.0133189609
       -0.0367317843   0.0000361243  -0.0000432309   0.0000613799   0.0000330920
       -0.0000272838  -0.0000070286   0.0000117593  -0.0000077394  -0.0000040108
        0.0000140146  -0.0000184193   0.0000065368   0.0000111694  -0.0000193295
        0.0000110795   0.0000100871  -0.0000175126   0.0000228453   0.0000504041
       -0.0000344441   0.0000446262
        0.0000467809  -0.0000882460   0.0000292119  -0.0001270895   0.0004587680
       -0.0001072784   0.0025109385   0.0013206895  -0.0016271878   0.0009379277
       -0.0014751247  -0.0213752642  -0.0041028943  -0.0017491125  -0.0031792422
       -0.0001834164  -0.0005555160   0.0000624324  -0.0051839408  -0.0017135175
        0.0018070558  -0.0035336966  -0.0015606224   0.0235352693  -0.0054535046
       -0.0419995454   0.0069499600  -0.0002614279   0.0001764676   0.0001070046
       -0.0000827571   0.0000990140   0.0000122876  -0.0000160773   0.0000195804
       -0.0000311364   0.0000240259  -0.0000345125   0.0000065255  -0.0000002333
       -0.0000171927   0.0000030105   0.0000043729  -0.0000237963   0.0000107927
        0.0000150141  -0.0000228907   0.0000072203   0.0000018542  -0.0000161729
       -0.0000002599   0.0000242913  -0.0000463480   0.0000552505  -0.0000206809
        0.0001260947  -0.0000980003  -0.0000246824  -0.0000839139   0.0001125133
        0.0000151477  -0.0000017247  -0.0000397374   0.0000218751   0.0000484128
       -0.0000256204   0.0001923741  -0.0000923383  -0.0012262391   0.0007068385
       -0.0003484680   0.0001238337  -0.0002858558  -0.0001657166   0.0012336094
        0.0013680001   0.0000627408   0.0009351168   0.0133189609   0.0478184674
       -0.0073786845  -0.0000169865  -0.0000474048   0.0000969031   0.0000172296
       -0.0000248633  -0.0000081201   0.0000030011  -0.0000022483  -0.0000036520
        0.0000039984  -0.0000012506   0.0000048827   0.0000042559   0.0000014231
        0.0000028054  -0.0000007500  -0.0000073039   0.0000025986   0.0000771065
       -0.0000538286   0.0000021385
       -0.0000462773   0.0000479388   0.0000969100   0.0000715846  -0.0003846953
       -0.0003298984   0.0003715883   0.0013398276   0.0014501004   0.0019984327
       -0.0010401605  -0.0216608745  -0.0008756468  -0.0036473920  -0.0011330954
       -0.0002227835  -0.0001000248   0.0009580286   0.0020415992   0.0024412955
        0.0003844403   0.0027038296   0.0021008083  -0.0163267077   0.0313533671
        0.0066147939  -0.2919219799  -0.0003206760   0.0000743208   0.0002730987
        0.0000973660   0.0000762607   0.0002490439   0.0000138917  -0.0000260084
        0.0000197924  -0.0000138647   0.0000056584   0.0000255919   0.0000063624
        0.0000054364  -0.0000045264   0.0000084958  -0.0000217239   0.0000199815
       -0.0000054890  -0.0000132329   0.0000234082   0.0000259875  -0.0000203013
       -0.0000461445  -0.0000941720   0.0001362221   0.0000379268  -0.0000376039
        0.0000635339  -0.0002183716   0.0000089015  -0.0000095824   0.0000641247
       -0.0000068749  -0.0000032490  -0.0000595554   0.0000016335  -0.0000127669
       -0.0000448186   0.0000706453   0.0000191055  -0.0012280504  -0.0001545683
        0.0000761464   0.0000078302   0.0001988558   0.0000326204  -0.0009070342
       -0.0005858032  -0.0003551373   0.0010215696  -0.0367317843  -0.0073786845
        0.3294663156  -0.0000088047   0.0000151057  -0.0000433440  -0.0000082570
       -0.0000278823  -0.0000378566   0.0000022560  -0.0000070152  -0.0000056970
        0.0000000276   0.0000009102  -0.0000072182   0.0000063842  -0.0000126983
       -0.0000130486   0.0000235053  -0.0000052069  -0.0000144792   0.0001078916
        0.0000157774  -0.0000954625
        0.0000914035   0.0000545941   0.0007097999  -0.0004294884  -0.0016963387
        0.0002023432  -0.0002604160   0.0003051032   0.0003708579  -0.0000355754
       -0.0000853448  -0.0000560505  -0.0000054200   0.0000150757  -0.0000201116
        0.0000054965   0.0000093129   0.0000039294   0.0000117090  -0.0000079336
       -0.0000106322  -0.0000261558  -0.0000387173   0.0000099164   0.0000033982
        0.0000435260   0.0000258928   0.0028243883  -0.0045801597   0.0060832866
       -0.0581253759   0.0500684836  -0.0508974148  -0.0061113187   0.0140998740
       -0.0134039192   0.0036888730   0.0070322493   0.0027457068   0.0000110521
        0.0005380989  -0.0007806390  -0.0006565437  -0.0002094498  -0.0001660507
       -0.0000060150  -0.0000059279   0.0000963589  -0.0008178612  -0.0007583743
       -0.0001220103  -0.0003788392   0.0000804843   0.0002392910   0.0030002475
        0.0023510091   0.0030430921  -0.0000045872   0.0008061832   0.0001165192
       -0.0001340434  -0.0000429029  -0.0000800719  -0.0000071924  -0.0000999449
       -0.0002298797  -0.0000000566  -0.0000023882  -0.0000184145   0.0000016434
        0.0000028616  -0.0000100184   0.0000033210   0.0000066494  -0.0000055152
       -0.0000008891   0.0000032697   0.0000031108   0.0000361243  -0.0000169865
       -0.0000088047   0.0586630186  -0.0663088216   0.0529135814  -0.0017742664
       -0.0016476158  -0.0011505185   0.0001531685   0.0000645318   0.0000072088
       -0.0000503758   0.0000860922  -0.0000563460   0.0001744548   0.0001583642
        0.0000403095   0.0000093171   0.0000266040  -0.0000374282   0.0001468044
       -0.0002514613   0.0004426208
        0.0003199564  -0.0009161376  -0.0009273689  -0.0007000923  -0.0004517803
       -0.0009064592  -0.0002321221  -0.0000661171   0.0004444758   0.0000716088
        0.0002170799  -0.0001469394  -0.0000201385  -0.0000679337   0.0000306071
        0.0000301612   0.0000509195  -0.0000261662  -0.0000006075  -0.0000057589
       -0.0000293808   0.0000131685   0.0000265468  -0.0000331509  -0.0000371462
       -0.0000257568   0.0000578003  -0.0009200611   0.0017126101   0.0004917686
        0.0503273718  -0.1420167274   0.1186234855   0.0093328419  -0.0176410617
        0.0168759450   0.0071221805   0.0004569115  -0.0006237257   0.0002639114
       -0.0006193541   0.0010525682  -0.0002062484  -0.0005003978  -0.0001989484
       -0.0000307282   0.0000830022  -0.0000847952  -0.0006739047  -0.0003987728
       -0.0003146594  -0.0001019981   0.0000961441  -0.0004880973   0.0024774730
        0.0022860569   0.0002042989   0.0009557059  -0.0010388429  -0.0004379761
        0.0001457351   0.0000070904   0.0001178199  -0.0001009204  -0.0000829028
       -0.0002163321   0.0000025960   0.0000071450  -0.0000038650  -0.0000031200
       -0.0000056411   0.0000100265  -0.0000029754  -0.0000096298   0.0000004593
       -0.0000066114  -0.0000291073   0.0000022387  -0.0000432309  -0.0000474048
        0.0000151057  -0.0663088216   0.1595550956  -0.1335409275  -0.0020189291
       -0.0006599466  -0.0000188227   0.0000655585   0.0000876939   0.0000593922
        0.0000640478  -0.0001075279   0.0000732592   0.0001494411   0.0000757315
        0.0000547283   0.0000025890   0.0000053879   0.0000301982   0.0000633085
        0.0000233862  -0.0001465626
       -0.0000778811  -0.0001499506   0.0002912835  -0.0011122909   0.0015282272
       -0.0000315669   0.0000045611   0.0002288385   0.0000224368  -0.0001434339
       -0.0001168043   0.0000771282   0.0000447690  -0.0000167307   0.0000746779
       -0.0000203865  -0.0000315582   0.0000662981  -0.0000071785  -0.0000323168
        0.0000538124  -0.0000265478  -0.0000456643   0.0000144804   0.0000075678
       -0.0000828428  -0.0000740266  -0.0065774581   0.0173805050  -0.0223153390
       -0.0511643045   0.1193791607  -0.1771315348   0.0008338237  -0.0020590097
        0.0032235821   0.0022119040   0.0002275865   0.0011902729   0.0001889520
       -0.0001585399  -0.0000073375  -0.0001109909  -0.0001939717   0.0000494673
        0.0000315988  -0.0000428667   0.0000487838  -0.0002620406  -0.0002281281
        0.0000821607   0.0002687080  -0.0005865849   0.0002897888   0.0033270409
       -0.0002197290  -0.0050126897   0.0006930613  -0.0009145609   0.0007280965
       -0.0001220761   0.0000687259   0.0001984709  -0.0002945710  -0.0003231528
       -0.0003479434  -0.0000205605   0.0000046179  -0.0000127407  -0.0000074784
       -0.0000034474  -0.0000065675  -0.0000010882   0.0000067386  -0.0000008497
       -0.0000052373  -0.0000014063   0.0000051455   0.0000613799   0.0000969031
       -0.0000433440   0.0529135814  -0.1335409275   0.1988859046  -0.0002212320
       -0.0012612326   0.0008677057  -0.0000097097   0.0000660377   0.0000642176
       -0.0000225424   0.0000244179   0.0000059821   0.0000377370   0.0000684073
       -0.0000092604   0.0000331001  -0.0000465408   0.0000135441  -0.0004507767
        0.0009757994  -0.0012600395
       -0.0000251323   0.0000595667  -0.0000757755   0.0004077702  -0.0004349094
        0.0006207793  -0.0006664290   0.0000391173   0.0002608848   0.0002147993
        0.0001874343  -0.0001312803  -0.0000604688  -0.0000577872   0.0000559391
        0.0000006313   0.0000232216  -0.0000324010   0.0000002367  -0.0000206054
        0.0000286891   0.0000115937   0.0000546860  -0.0000358584  -0.0001327901
       -0.0000785762   0.0000277486   0.0033297061   0.0074373240   0.0021044182
       -0.0074766100   0.0040704962   0.0187349722  -0.0674274297   0.0145901337
        0.0827784501   0.0033259265  -0.0006279797  -0.0053778869  -0.0006426979
       -0.0009988227  -0.0016146856  -0.0001208033  -0.0000767459   0.0001831222
       -0.0000522355  -0.0001531800  -0.0000984765  -0.0000829237  -0.0000323352
       -0.0003746275   0.0033424163   0.0034519565  -0.0001939216  -0.0000340403
        0.0000406867  -0.0002961651  -0.0000174427  -0.0000073244   0.0000179975
        0.0000113775  -0.0000056095  -0.0000026683  -0.0000211308  -0.0000432542
        0.0000210792   0.0000057318   0.0000040484  -0.0000074765  -0.0000074674
       -0.0000048803   0.0000074505  -0.0000035139  -0.0000120922   0.0000015826
       -0.0000106014  -0.0000185996  -0.0000056974   0.0000330920   0.0000172296
       -0.0000082570  -0.0017742664  -0.0020189291  -0.0002212320   0.0687938725
       -0.0251176805  -0.0961948025  -0.0000565512   0.0002725562   0.0000876851
        0.0001156725   0.0000854248   0.0000298536   0.0000151960   0.0000061036
        0.0000369052   0.0001706778   0.0002322341  -0.0000032980  -0.0011661660
       -0.0008629083  -0.0003230472
        0.0000370237  -0.0000884243   0.0000130962   0.0000129195   0.0001679304
       -0.0008618732   0.0005174781  -0.0001955545  -0.0000474822  -0.0001106112
       -0.0001094766   0.0000333634   0.0000120836   0.0000457035  -0.0000327088
        0.0000022416  -0.0000223794   0.0000034595   0.0000098699   0.0000225891
        0.0000132560   0.0000034242   0.0000074394  -0.0000269997  -0.0000055232
        0.0000131365   0.0000142976   0.0066505683  -0.0000232668  -0.0000387796
        0.0094325634  -0.0036792485  -0.0213413334   0.0141074256  -0.0432350348
       -0.0239364885  -0.0053430570   0.0021281954   0.0169081462  -0.0018430243
        0.0001586434   0.0011604306  -0.0000761378   0.0000803855  -0.0002732854
       -0.0001951647   0.0000502926  -0.0000211325  -0.0004018097   0.0000094830
        0.0008454367   0.0037521849  -0.0003115185   0.0032649094   0.0001625029
       -0.0003954598   0.0002378716   0.0000109113   0.0000200144  -0.0000618232
        0.0000126765  -0.0000122047   0.0000075265   0.0000330868   0.0000487898
       -0.0000155837  -0.0000032364  -0.0000005918  -0.0000018784   0.0000010145
        0.0000058565  -0.0000088840   0.0000006601   0.0000085045  -0.0000028090
       -0.0000009050   0.0000035488   0.0000036331  -0.0000272838  -0.0000248633
       -0.0000278823  -0.0016476158  -0.0006599466  -0.0012612326  -0.0251176805
        0.0470820118   0.0256973967   0.0005172946  -0.0004171869  -0.0002099409
        0.0000910334   0.0000782063   0.0000025716   0.0000255814   0.0000093695
       -0.0000487064   0.0002331646  -0.0000630085   0.0002658400  -0.0008536595
       -0.0007019353  -0.0002524111
        0.0000492517  -0.0000702980   0.0000379251  -0.0003230608   0.0004628817
       -0.0002960457   0.0004432827  -0.0000996026  -0.0001790613  -0.0001688996
       -0.0001515887   0.0001011411   0.0000331999   0.0000693141  -0.0000195002
       -0.0000084069  -0.0000364501   0.0000338039   0.0000109867   0.0000011640
        0.0000170885  -0.0000351826  -0.0000601144   0.0000008850   0.0000622989
        0.0000308948  -0.0000313220   0.0025146428  -0.0005111981   0.0012587202
        0.0046391730  -0.0025242570  -0.0090222565   0.0835851331  -0.0249553157
       -0.2631866165   0.0074061972  -0.0002848063  -0.0242754622   0.0005066618
       -0.0016438601   0.0006994937   0.0001871462  -0.0003058230   0.0000235676
       -0.0000195999  -0.0001655892   0.0002886445   0.0005451028  -0.0004679681
       -0.0009716746  -0.0008002827   0.0040871977  -0.0019947064  -0.0003683695
        0.0002150485   0.0007170134   0.0000206142  -0.0000047821   0.0000032527
       -0.0000040669  -0.0000275938   0.0000104359  -0.0000004868   0.0000201419
       -0.0000350510  -0.0000123952  -0.0000066375  -0.0000123387  -0.0000006583
        0.0000048762  -0.0000244194   0.0000020268   0.0000153603  -0.0000148492
        0.0000067605   0.0000266149  -0.0000038971  -0.0000070286  -0.0000081201
       -0.0000378566  -0.0011505185  -0.0000188227   0.0008677057  -0.0961948025
        0.0256973967   0.2958920897  -0.0005562581   0.0006350321   0.0004621326
        0.0000187612   0.0000094857   0.0001020109  -0.0000323669   0.0000524649
        0.0000193810   0.0000044875   0.0002710741  -0.0003582748  -0.0003533434
       -0.0002561202  -0.0000719591
       -0.0000236088   0.0000440360  -0.0000067802   0.0001513842  -0.0001374605
       -0.0000834893  -0.0000726077   0.0000179476   0.0000376499   0.0000517883
        0.0000133880  -0.0000214908  -0.0000193178  -0.0000187718  -0.0000113213
       -0.0000004435   0.0000044242  -0.0000172049   0.0000065773   0.0000066406
       -0.0000035622  -0.0000015922   0.0000169862  -0.0000035295  -0.0000311983
       -0.0000039668   0.0000179442  -0.0000550203  -0.0001632258  -0.0000791207
        0.0000705653  -0.0002400205   0.0000101045  -0.0008299691  -0.0017142946
        0.0007037923  -0.0068197296   0.0039554884   0.0180195832  -0.0679705616
        0.0149400112   0.0843463095   0.0029511420  -0.0005310525  -0.0063888073
        0.0056689601   0.0048310439   0.0002081350  -0.0000771534   0.0001260324
       -0.0003861818   0.0014756934   0.0055952449   0.0012711439  -0.0003557961
       -0.0000989197   0.0009072808  -0.0000014928   0.0000015865  -0.0000094971
       -0.0000009187   0.0000081751  -0.0000032670   0.0000026637  -0.0000081052
        0.0000099987   0.0000016051   0.0000000894  -0.0000072307  -0.0000051717
        0.0000003428  -0.0000021651  -0.0000018227  -0.0000028042  -0.0000024323
       -0.0000055052  -0.0000070387  -0.0000041462   0.0000117593   0.0000030011
        0.0000022560   0.0001531685   0.0000655585  -0.0000097097  -0.0000565512
        0.0005172946  -0.0005562581   0.0685425996  -0.0249437674  -0.0961380905
       -0.0015821954  -0.0017364570  -0.0012527825   0.0000503655  -0.0000130416
       -0.0003574685  -0.0012330046  -0.0009112917  -0.0003611291   0.0000053884
        0.0003829263   0.0001714669
        0.0000117319  -0.0000383905   0.0000191584  -0.0000635492   0.0001239363
        0.0000577823   0.0000272188  -0.0000479502  -0.0000288181  -0.0000228759
        0.0000179133   0.0000163031   0.0000096761   0.0000053244   0.0000112273
        0.0000086016  -0.0000014310   0.0000100195   0.0000000478  -0.0000033921
        0.0000009937  -0.0000035929  -0.0000074554   0.0000016210   0.0000221268
       -0.0000024325  -0.0000189533  -0.0001587727   0.0000415975  -0.0000623204
       -0.0002656274   0.0001814014   0.0000741016  -0.0008811444   0.0000234777
       -0.0019997450   0.0087749898  -0.0029318707  -0.0202733569   0.0152100790
       -0.0438568771  -0.0264067528  -0.0058914914   0.0017810633   0.0181795252
        0.0050171751   0.0011365233   0.0039385171   0.0000948349  -0.0002993777
        0.0002224617   0.0053675119  -0.0012857379   0.0002545012   0.0002816210
       -0.0001378570  -0.0010673799   0.0000048477  -0.0000031252   0.0000052048
       -0.0000022189  -0.0000047045   0.0000055753  -0.0000018523   0.0000052380
       -0.0000118926  -0.0000029052   0.0000026466   0.0000016180   0.0000012697
        0.0000004355  -0.0000009292  -0.0000003374  -0.0000002054   0.0000025872
       -0.0000028603  -0.0000020394   0.0000027509  -0.0000077394  -0.0000022483
       -0.0000070152   0.0000645318   0.0000876939   0.0000660377   0.0002725562
       -0.0004171869   0.0006350321  -0.0249437674   0.0470128910   0.0255676566
       -0.0020697798  -0.0005455165   0.0001872655  -0.0003031152  -0.0000084656
        0.0009309896  -0.0009230643  -0.0006833867  -0.0002472300   0.0003758739
       -0.0001404917  -0.0000665360
        0.0000334449  -0.0000509612   0.0000143739  -0.0002276923   0.0002309144
        0.0001094370   0.0001353107  -0.0000231728  -0.0000994816  -0.0000647699
       -0.0000510819   0.0000451383   0.0000225811   0.0000362336  -0.0000071166
       -0.0000028098  -0.0000142077   0.0000240093   0.0000085246  -0.0000082497
        0.0000098683  -0.0000285757  -0.0000415786  -0.0000022140   0.0000487292
        0.0000195627  -0.0000338654  -0.0000643014  -0.0000677377   0.0001694261
       -0.0000318298   0.0000630185  -0.0002678234  -0.0014347658   0.0008281015
        0.0009632673   0.0052050051  -0.0030424147  -0.0092857683   0.0836079575
       -0.0253620428  -0.2623856649   0.0078203563  -0.0009564090  -0.0245931676
       -0.0002666652   0.0045840634  -0.0019336638  -0.0003597349   0.0001888850
        0.0006968142   0.0018772472  -0.0006216442   0.0010287641  -0.0000580990
        0.0002491546  -0.0005420734   0.0000022878   0.0000010362   0.0000092298
        0.0000020349  -0.0000201732  -0.0000105194  -0.0000076670   0.0000059415
       -0.0000168452  -0.0000095834  -0.0000020426  -0.0000072677  -0.0000035049
        0.0000060289  -0.0000153647  -0.0000017820   0.0000101412  -0.0000090150
        0.0000014261   0.0000165377  -0.0000036313  -0.0000040108  -0.0000036520
       -0.0000056970   0.0000072088   0.0000593922   0.0000642176   0.0000876851
       -0.0002099409   0.0004621326  -0.0961380905   0.0255676566   0.2965108214
       -0.0003851633  -0.0009671156   0.0005734058   0.0004114101  -0.0000908542
       -0.0012621427  -0.0003335998  -0.0002695991  -0.0001030355   0.0001514360
       -0.0000637900  -0.0000965482
       -0.0000543536   0.0000616282  -0.0000115855   0.0003144096   0.0000468730
       -0.0000065759  -0.0000676914  -0.0000416921  -0.0000143109   0.0000587526
        0.0000307995  -0.0000081193  -0.0000214576  -0.0000181272  -0.0000030852
        0.0000032309   0.0000039810  -0.0000135035   0.0000010105   0.0000078073
        0.0000047301   0.0000121569   0.0000289982  -0.0000007369  -0.0000446030
       -0.0000123671   0.0000122573   0.0000471648  -0.0000243680   0.0000569160
       -0.0005327769  -0.0002920667  -0.0002547212  -0.0002421335   0.0003906904
        0.0003822813   0.0059236700   0.0050520730  -0.0001583550  -0.0061910335
        0.0089177865   0.0009175754  -0.1369836540   0.1245356601   0.0335891283
       -0.0069290743   0.0095815885   0.0039111019   0.0032834851   0.0025000956
        0.0033559881   0.0001420007  -0.0005572847  -0.0001307675  -0.0008105254
       -0.0007622271  -0.0003470513   0.0000045983   0.0000018885   0.0000019573
       -0.0000048106   0.0000190189   0.0000018181   0.0000027260  -0.0000175970
        0.0000040588   0.0000045410  -0.0000020615   0.0000018492  -0.0000012427
       -0.0000019029   0.0000042541  -0.0000022672  -0.0000050908   0.0000030121
       -0.0000057111  -0.0000033619  -0.0000070237   0.0000140146   0.0000039984
        0.0000000276  -0.0000503758   0.0000640478  -0.0000225424   0.0001156725
        0.0000910334   0.0000187612  -0.0015821954  -0.0020697798  -0.0003851633
        0.1448411600  -0.1468444531  -0.0402304472  -0.0008184727  -0.0011336160
       -0.0008529128  -0.0004635608   0.0004466059   0.0001580622   0.0000373462
        0.0000014216   0.0000231228
        0.0000095229  -0.0000338318  -0.0000134289  -0.0000659322   0.0003209587
        0.0001507940   0.0001390373  -0.0000887943  -0.0001413387  -0.0000463271
       -0.0000171995   0.0000478996   0.0000085342   0.0000275467  -0.0000001393
        0.0000095382  -0.0000100969   0.0000138745  -0.0000002969  -0.0000049001
       -0.0000037953  -0.0000088138  -0.0000291881   0.0000070294   0.0000445421
        0.0000173386  -0.0000183887   0.0000350329  -0.0000577309   0.0000699369
       -0.0003642641  -0.0004311826   0.0000927269   0.0007836743  -0.0006980007
       -0.0005048217   0.0048251323   0.0014417034   0.0046541573   0.0142463040
       -0.0174307454  -0.0023458541   0.1244776039  -0.1867669344  -0.0376498562
        0.0043257666  -0.0036903216  -0.0020760730   0.0026279254   0.0027394760
       -0.0003737798  -0.0005032438   0.0002440794   0.0002871828  -0.0007867157
       -0.0003401686  -0.0001141299  -0.0000113089   0.0000228190   0.0000079848
        0.0000096053  -0.0000155713  -0.0000100203  -0.0000014868   0.0000134091
        0.0000013015  -0.0000057822  -0.0000050188   0.0000009708   0.0000021788
        0.0000009474  -0.0000084417   0.0000004776   0.0000040402  -0.0000048016
       -0.0000026340   0.0000090572   0.0000021454  -0.0000184193  -0.0000012506
        0.0000009102   0.0000860922  -0.0001075279   0.0000244179   0.0000854248
        0.0000782063   0.0000094857  -0.0017364570  -0.0005455165  -0.0009671156
       -0.1468444531   0.2056323821   0.0387584320  -0.0014951901  -0.0000208380
        0.0002035331   0.0001552663  -0.0002716830  -0.0000670168   0.0000196657
        0.0000145368  -0.0000337811
       -0.0000088219   0.0000147068   0.0000088206   0.0000218881   0.0000677008
        0.0000229542   0.0000216547  -0.0000119488  -0.0000216322   0.0000069864
       -0.0000017804   0.0000098465   0.0000069282   0.0000071243   0.0000000988
        0.0000005743  -0.0000036651   0.0000136932   0.0000084825  -0.0000097201
        0.0000130098  -0.0000168961  -0.0000138405  -0.0000035455   0.0000026616
        0.0000036651  -0.0000098974   0.0000512025  -0.0000265158  -0.0000546888
       -0.0002918665   0.0001290483  -0.0001358164  -0.0005823703   0.0007257723
        0.0002949448   0.0003647201   0.0039817345  -0.0022072680  -0.0132128903
        0.0165794975   0.0035059098   0.0337253052  -0.0378091150  -0.0537700750
        0.0177964272  -0.0206874994  -0.0070539814   0.0031034394   0.0000107967
       -0.0048531878  -0.0002385698   0.0003722533  -0.0004760355  -0.0001947017
       -0.0002720375  -0.0000242113   0.0000053751  -0.0000021950   0.0000042965
       -0.0000006913   0.0000028838  -0.0000013815   0.0000004735  -0.0000040116
       -0.0000052417   0.0000006719  -0.0000005737   0.0000021990  -0.0000021755
       -0.0000011054  -0.0000011049  -0.0000012537  -0.0000006765  -0.0000023863
       -0.0000045651   0.0000060097  -0.0000073751   0.0000065368   0.0000048827
       -0.0000072182  -0.0000563460   0.0000732592   0.0000059821   0.0000298536
        0.0000025716   0.0001020109  -0.0012527825   0.0001872655   0.0005734058
       -0.0402304472   0.0387584320   0.0640240398   0.0000556525  -0.0010500646
        0.0005558973   0.0009277823  -0.0010986359  -0.0005139940  -0.0000422380
        0.0000657811   0.0000119319
       -0.0000209357   0.0000526647   0.0000009650   0.0000977926  -0.0000923311
       -0.0001429598  -0.0000822427   0.0000070238   0.0000827882   0.0000593330
        0.0000413680  -0.0000505293  -0.0000131921  -0.0000138508   0.0000066182
        0.0000108609   0.0000068566  -0.0000112922  -0.0000003662   0.0000019581
        0.0000033377   0.0000149671   0.0000146027  -0.0000002790  -0.0000470907
       -0.0000173009   0.0000054921  -0.0007348626  -0.0001572935  -0.0001216380
        0.0000246797   0.0000055517   0.0000921903  -0.0008560373  -0.0007808809
       -0.0001512531  -0.0003185489  -0.0000050339   0.0002656341   0.0033261242
        0.0025482131   0.0030489036   0.0033131056  -0.0053619130   0.0069206602
       -0.0581844450   0.0502318355  -0.0491078194  -0.0060583330   0.0141731052
       -0.0133430465   0.0036667968   0.0070241382   0.0028293136  -0.0000167176
        0.0005633823  -0.0007557938   0.0000044362  -0.0000086322   0.0000009541
        0.0000018400   0.0000132192   0.0000026665  -0.0000015342  -0.0000137577
        0.0000040129   0.0000040850  -0.0000005956   0.0000010556  -0.0000041577
        0.0000002153   0.0000121039  -0.0000104344  -0.0000089888   0.0000045359
       -0.0000045717  -0.0000030188  -0.0000091077   0.0000111694   0.0000042559
        0.0000063842   0.0001744548   0.0001494411   0.0000377370   0.0000151960
        0.0000255814  -0.0000323669   0.0000503655  -0.0003031152   0.0004114101
       -0.0008184727  -0.0014951901   0.0000556525   0.0579419307  -0.0650007994
        0.0510509005  -0.0017098844  -0.0016684477  -0.0011127074   0.0001646897
        0.0000677369  -0.0000045227
        0.0000455176  -0.0000797625  -0.0000129799  -0.0002055259   0.0001509349
        0.0002028902   0.0001416038  -0.0000547024  -0.0001175839  -0.0000650925
       -0.0000243589   0.0000480640   0.0000083702   0.0000366997  -0.0000015346
        0.0000084435  -0.0000061539   0.0000189484  -0.0000081034  -0.0000027283
       -0.0000090794  -0.0000060674  -0.0000318363   0.0000111886   0.0000487838
        0.0000200941  -0.0000096013  -0.0000794890  -0.0006429375  -0.0001729307
       -0.0000304810   0.0000779936  -0.0000971568  -0.0007033650  -0.0004124254
       -0.0003602290  -0.0000667128   0.0000609895  -0.0005741669   0.0024755480
        0.0027467911   0.0000864423  -0.0001119903   0.0015506049  -0.0002716633
        0.0502412622  -0.1469886432   0.1183140565   0.0088094425  -0.0175185557
        0.0168581052   0.0071340588   0.0002574239  -0.0005642880   0.0002946760
       -0.0005776086   0.0010866572  -0.0000046832   0.0000120593   0.0000022314
        0.0000129028  -0.0000283974  -0.0000039823   0.0000010539   0.0000163403
       -0.0000031881  -0.0000070288  -0.0000112731   0.0000034733   0.0000039358
        0.0000007854  -0.0000172228   0.0000036399   0.0000107643  -0.0000081417
       -0.0000041121   0.0000111976   0.0000007174  -0.0000193295   0.0000014231
       -0.0000126983   0.0001583642   0.0000757315   0.0000684073   0.0000061036
        0.0000093695   0.0000524649  -0.0000130416  -0.0000084656  -0.0000908542
       -0.0011336160  -0.0000208380  -0.0010500646  -0.0650007994   0.1618420736
       -0.1333615449  -0.0019829773  -0.0005728166  -0.0000698864   0.0000487086
        0.0001002275   0.0000551501
       -0.0000202789   0.0000308827  -0.0000004659   0.0001288617  -0.0001325039
       -0.0000694356  -0.0000822370   0.0000189719   0.0000709305   0.0000441132
        0.0000295099  -0.0000209990  -0.0000072389  -0.0000157769   0.0000033061
        0.0000013530   0.0000072744   0.0000009087   0.0000097377  -0.0000001753
        0.0000117438  -0.0000012729   0.0000145349  -0.0000031331  -0.0000329410
       -0.0000149263   0.0000069603  -0.0001626525  -0.0001263195   0.0000878162
        0.0000607815  -0.0000357196   0.0000307575  -0.0003040459  -0.0001849541
        0.0000476944   0.0003570019  -0.0006622266   0.0002539901   0.0033235035
       -0.0003008216  -0.0049043505  -0.0069405695   0.0184023603  -0.0226137299
       -0.0492635528   0.1184655025  -0.1725463053   0.0008144439  -0.0021140404
        0.0033949701   0.0022589190   0.0001479494   0.0012717644   0.0001550896
       -0.0001630602   0.0000139297   0.0000044771  -0.0000088654  -0.0000075459
       -0.0000054029   0.0000129487   0.0000024535   0.0000051958  -0.0000075499
       -0.0000032545   0.0000049800   0.0000018721   0.0000030699  -0.0000019595
       -0.0000012779   0.0000049936  -0.0000029591  -0.0000059921   0.0000046153
       -0.0000067222  -0.0000052080  -0.0000144477   0.0000110795   0.0000028054
       -0.0000130486   0.0000403095   0.0000547283  -0.0000092604   0.0000369052
       -0.0000487064   0.0000193810  -0.0003574685   0.0009309896  -0.0012621427
       -0.0008529128   0.0002035331   0.0005558973   0.0510509005  -0.1333615449
        0.1948210308  -0.0002619109  -0.0012020273   0.0008039880  -0.0000035274
        0.0000678329   0.0000579179
       -0.0000149467   0.0000010451   0.0000049273   0.0001051473   0.0001755205
        0.0000189377   0.0000272956  -0.0000592106  -0.0000279329   0.0000104679
        0.0000284897  -0.0000242623   0.0000285661   0.0000294026   0.0000140620
       -0.0000004578  -0.0000079956   0.0000365155  -0.0000124163  -0.0000433602
        0.0000090452   0.0000091994  -0.0000229183  -0.0000215780   0.0000030991
       -0.0000098824  -0.0000325926  -0.0001052257  -0.0000819114   0.0001834485
       -0.0000539298  -0.0001586433  -0.0001296669  -0.0000522411   0.0000028000
       -0.0003725549   0.0033773341   0.0034683971  -0.0002286229  -0.0000985147
        0.0001167903  -0.0003467397   0.0035203539   0.0070707019   0.0020728220
       -0.0072603304   0.0038062488   0.0186297986  -0.0686000097   0.0150566041
        0.0844616949   0.0030734509  -0.0005068589  -0.0052234921  -0.0006307391
       -0.0010718230  -0.0016729889  -0.0000009647  -0.0000068246   0.0000071513
        0.0000025225   0.0000009013  -0.0000036978  -0.0000088660  -0.0000087452
        0.0000019558   0.0000127073   0.0000074393   0.0000160534   0.0000100167
       -0.0000000699   0.0000245104   0.0000062253  -0.0000025592   0.0000116469
        0.0000097558   0.0000087134   0.0000131987   0.0000100871  -0.0000007500
        0.0000235053   0.0000093171   0.0000025890   0.0000331001   0.0001706778
        0.0002331646   0.0000044875  -0.0012330046  -0.0009230643  -0.0003335998
       -0.0004635608   0.0001552663   0.0009277823  -0.0017098844  -0.0019829773
       -0.0002619109   0.0698739530  -0.0255743362  -0.0978488055  -0.0000150848
        0.0002978564   0.0000338016
       -0.0000230231   0.0000037262  -0.0000154006   0.0000708289   0.0000844491
        0.0000544411  -0.0000057476  -0.0000792596  -0.0000458517   0.0000508722
        0.0000161050   0.0000296587  -0.0000227141   0.0000194022   0.0000080172
        0.0000236522   0.0000404652  -0.0000224790   0.0000098595   0.0000101433
       -0.0000103130   0.0000099149   0.0000066818   0.0000001230  -0.0000049380
        0.0000161912   0.0000184974  -0.0000699832   0.0000571853  -0.0002394027
       -0.0001911896   0.0000656572  -0.0000299197  -0.0003778683   0.0000290883
        0.0008461538   0.0037225135  -0.0002878071   0.0032459466   0.0001291691
       -0.0003254200   0.0001441372   0.0069163173   0.0000192321   0.0002711573
        0.0093241898  -0.0034452476  -0.0214760680   0.0147425615  -0.0437988516
       -0.0247363733  -0.0054936321   0.0021760832   0.0167633281  -0.0018188320
        0.0001226991   0.0012019065  -0.0000059127   0.0000148624  -0.0000128902
        0.0000105100   0.0000041589  -0.0000084302  -0.0000069160   0.0000045019
        0.0000106154  -0.0000090396  -0.0000444217  -0.0000187371  -0.0000076903
        0.0000016279  -0.0000060037  -0.0000224278  -0.0000204644   0.0000003558
       -0.0000154824  -0.0000115166  -0.0000131749  -0.0000175126  -0.0000073039
       -0.0000052069   0.0000266040   0.0000053879  -0.0000465408   0.0002322341
       -0.0000630085   0.0002710741  -0.0009112917  -0.0006833867  -0.0002695991
        0.0004466059  -0.0002716830  -0.0010986359  -0.0016684477  -0.0005728166
       -0.0012020273  -0.0255743362   0.0473447252   0.0265787806   0.0005311518
       -0.0004311859  -0.0001871387
       -0.0000274901   0.0000032941   0.0000314772   0.0003317426  -0.0002169579
       -0.0001235968  -0.0001473532  -0.0000577907   0.0001321293   0.0000409591
        0.0001882653  -0.0000760762   0.0000346003  -0.0000191459   0.0000831768
       -0.0000008155   0.0000089261   0.0000713394  -0.0000025008  -0.0000497527
        0.0000544933  -0.0000205406  -0.0000362042  -0.0000206410  -0.0000310454
       -0.0000464002  -0.0000856598   0.0000455373  -0.0000538233   0.0000512399
       -0.0000043625  -0.0001254134   0.0002744187   0.0005541386  -0.0004555621
       -0.0009724187  -0.0008439797   0.0041001330  -0.0019540962  -0.0003696833
        0.0001775997   0.0007116419   0.0025637212  -0.0003575046   0.0013872283
        0.0044643292  -0.0023155032  -0.0087913051   0.0851093324  -0.0258191840
       -0.2619882665   0.0075153965  -0.0003646692  -0.0244065607   0.0005237721
       -0.0017305165   0.0007217531   0.0000131151  -0.0000236916  -0.0000068858
       -0.0000194891   0.0000253035   0.0000123711   0.0000194270  -0.0000097807
       -0.0000167492  -0.0000012293   0.0000084307   0.0000008498   0.0000045999
        0.0000033106  -0.0000081914  -0.0000041706   0.0000009235   0.0000010300
       -0.0000036317  -0.0000027779  -0.0000220776   0.0000228453   0.0000025986
       -0.0000144792  -0.0000374282   0.0000301982   0.0000135441  -0.0000032980
        0.0002658400  -0.0003582748  -0.0003611291  -0.0002472300  -0.0001030355
        0.0001580622  -0.0000670168  -0.0005139940  -0.0011127074  -0.0000698864
        0.0008039880  -0.0978488055   0.0265787806   0.2946395872  -0.0005619187
        0.0006752074   0.0004720404
        0.0001442306  -0.0002332145   0.0002126417  -0.0020664633  -0.0013972318
       -0.0008694381   0.0001952496   0.0010401933  -0.0000585209  -0.0015494271
        0.0002172114  -0.0004040785  -0.0008505381   0.0001500496   0.0007587299
       -0.0000484833  -0.0000725862   0.0001597777  -0.0000449816  -0.0001389784
        0.0000325411  -0.0000184217   0.0000136903  -0.0000819659  -0.0007077539
       -0.0002977894  -0.0005387607   0.0038097871  -0.0020458323  -0.0065985618
        0.0049395414   0.0047903914   0.0001705696  -0.0001171117   0.0001067908
       -0.0003289967   0.0014590729   0.0055975668   0.0012242292  -0.0004395029
       -0.0001290398   0.0008712987  -0.0000095730  -0.0002223607  -0.0000896204
        0.0000178946  -0.0002527211   0.0000086266  -0.0008701826  -0.0017584404
        0.0007300288  -0.0064597292   0.0045390109   0.0182382198  -0.0646663781
        0.0149677095   0.0809501695   0.0000029635  -0.0000940874   0.0000552427
        0.0000085386  -0.0000428383   0.0000577856  -0.0000168292  -0.0000456329
        0.0000092833   0.0000807901   0.0001402752   0.0001259213   0.0000676793
        0.0000484293  -0.0000324667   0.0000400050   0.0000615347   0.0000042276
        0.0000355540   0.0000766716   0.0000239440   0.0000504041   0.0000771065
        0.0001078916   0.0001468044   0.0000633085  -0.0004507767  -0.0011661660
       -0.0008536595  -0.0003533434   0.0000053884   0.0003758739   0.0001514360
        0.0000373462   0.0000196657  -0.0000422380   0.0001646897   0.0000487086
       -0.0000035274  -0.0000150848   0.0005311518  -0.0005619187   0.0678406871
       -0.0252809270  -0.0934783510
        0.0000618972  -0.0001187363  -0.0000469903  -0.0024105258  -0.0005645063
        0.0009919941  -0.0002934705  -0.0000384281   0.0005257509   0.0005819646
        0.0005811376  -0.0002720265   0.0002272880   0.0003754461  -0.0000049571
        0.0000361447   0.0000421576   0.0000598167  -0.0000357801  -0.0001580074
       -0.0000112923  -0.0000723620  -0.0001303956  -0.0000891357  -0.0001045411
        0.0001442646  -0.0000596963  -0.0048116237   0.0011447877   0.0171693442
        0.0048625769   0.0008741660   0.0038599647   0.0000824418  -0.0003056566
        0.0001326348   0.0053459940  -0.0011050646   0.0002710846   0.0002301828
       -0.0001835318  -0.0010363048  -0.0001967138   0.0000967449  -0.0000809881
       -0.0002834664   0.0001961658   0.0001002094  -0.0008595165  -0.0000645130
       -0.0020552569   0.0089126780  -0.0027951962  -0.0202444279   0.0143485932
       -0.0434992135  -0.0261895132  -0.0000205236   0.0000582756  -0.0000522696
        0.0000483720  -0.0000396684   0.0000154810   0.0000193746   0.0000630950
        0.0000276866   0.0000542913  -0.0001585604  -0.0002149350  -0.0000242668
       -0.0000351649   0.0000296056  -0.0000178675  -0.0000333399  -0.0000015106
       -0.0000013416  -0.0000473409   0.0000134726  -0.0000344441  -0.0000538286
        0.0000157774  -0.0002514613   0.0000233862   0.0009757994  -0.0008629083
       -0.0007019353  -0.0002561202   0.0003829263  -0.0001404917  -0.0000637900
        0.0000014216   0.0000145368   0.0000657811   0.0000677369   0.0001002275
        0.0000678329   0.0002978564  -0.0004311859   0.0006752074  -0.0252809270
        0.0468903744   0.0256817714
        0.0001128881  -0.0002272142   0.0001849806   0.0006050857  -0.0008429362
       -0.0004530605  -0.0004739140  -0.0001420616   0.0004732664  -0.0004742542
        0.0003089849   0.0004263110   0.0007227866  -0.0000122169   0.0003206810
        0.0000008010  -0.0000934151   0.0000243588   0.0000241854   0.0000470147
        0.0001513909  -0.0000016787  -0.0000694222  -0.0000595631  -0.0001169175
       -0.0003790167  -0.0003502610   0.0073189194  -0.0002183481  -0.0246736219
       -0.0003252046   0.0044655815  -0.0021598653  -0.0003258408   0.0000978875
        0.0006707698   0.0018217441  -0.0005747130   0.0009130218  -0.0000510943
        0.0002121923  -0.0005163815  -0.0001595686   0.0000810703   0.0001810087
       -0.0000503127   0.0001238504  -0.0002457556  -0.0014400787   0.0008501157
        0.0010494264   0.0051784539  -0.0031194135  -0.0093003275   0.0806874859
       -0.0253284958  -0.2657907915   0.0000740042  -0.0001472373   0.0000691979
       -0.0000599441  -0.0000465335   0.0000829869   0.0000218381  -0.0000655046
       -0.0000824547   0.0000030381  -0.0001084178  -0.0000826303  -0.0000156445
        0.0000518274  -0.0001110197  -0.0000095106   0.0000228655  -0.0000503617
        0.0000230158   0.0000609259  -0.0000387249   0.0000446262   0.0000021385
       -0.0000954625   0.0004426208  -0.0001465626  -0.0012600395  -0.0003230472
       -0.0002524111  -0.0000719591   0.0001714669  -0.0000665360  -0.0000965482
        0.0000231228  -0.0000337811   0.0000119319  -0.0000045227   0.0000551501
        0.0000579179   0.0000338016  -0.0001871387   0.0004720404  -0.0934783510
        0.0256817714   0.3003495381
