$hessian                                                                        
        0.5159408886  -0.0286655242  -0.0189833128  -0.0846268641  -0.0447269127
       -0.0016199081  -0.0350095117  -0.0350237729   0.0025959295  -0.0012928690
       -0.0007831659   0.0035087245  -0.0006142613  -0.0009673700   0.0001681606
        0.0000552652   0.0000481437  -0.0002852650   0.0001562052   0.0000874300
        0.0000370544   0.0002992826  -0.0003424617  -0.0000151563  -0.0012791100
       -0.0009580485  -0.0000921262   0.0082726811   0.0073199004   0.0017027836
       -0.0012237144   0.0002149372  -0.0002536270   0.0005070861  -0.0005533582
       -0.0002968836   0.0001082764   0.0001842785   0.0001686374   0.0002067896
        0.0000917538   0.0007451643  -0.0012216490   0.0024264039   0.0009908518
       -0.1613128376   0.1203068773   0.0270970296  -0.0970812417  -0.0163861765
        0.1015123095  -0.1414466636  -0.0031173766  -0.1182185638   0.0000949249
        0.0000368269   0.0001919896  -0.0002023595  -0.0001276516  -0.0000337546
       -0.0001142461  -0.0000863365   0.0000880234  -0.0000825250  -0.0002947594
        0.0001373887   0.0000277362   0.0000091603   0.0001440433  -0.0001418804
        0.0009843813   0.0004461438   0.0000262451   0.0000038628  -0.0000375150
        0.0000081673   0.0000580806   0.0000506386  -0.0000618731   0.0001915757
        0.0001410671   0.0000080582   0.0000693021   0.0001101728
       -0.0286655242   0.4723159139   0.0025110658  -0.0523721180  -0.1807081185
       -0.0051813248  -0.0208331040  -0.0079582693   0.0054902178   0.0005555986
        0.0020221214  -0.0025643887  -0.0007121412  -0.0010103656   0.0001367476
       -0.0001152893   0.0003569188  -0.0000046320   0.0000257240  -0.0000339510
        0.0000250807   0.0001511162   0.0002283643  -0.0000561620  -0.0000464940
       -0.0000906069   0.0001170788  -0.0056833495  -0.0277064092  -0.0053454764
       -0.0009450891  -0.0005094176  -0.0002523155  -0.0000886338   0.0004927743
       -0.0005755582  -0.0002838909  -0.0000140617  -0.0001606440   0.0002176779
       -0.0005792082  -0.0014098574   0.0025540751  -0.0021488670   0.0003608055
        0.1211383080  -0.1649416913  -0.0245878227  -0.0157234270  -0.0490246723
        0.0337828206   0.0007112625  -0.0386472612  -0.0027779015   0.0000189278
       -0.0000433761   0.0000557049  -0.0001743540  -0.0001234230  -0.0000408839
       -0.0000784253  -0.0001108029  -0.0000089581  -0.0000169956  -0.0001354697
        0.0000671563   0.0000003033  -0.0000911699  -0.0000711767   0.0000755759
       -0.0008828357   0.0002613699   0.0001043385  -0.0000804227  -0.0000057561
       -0.0000383771  -0.0001696961   0.0001067302   0.0001952165  -0.0003107852
       -0.0001875928   0.0000290887  -0.0000952119   0.0003156730
       -0.0189833128   0.0025110658   0.4929113357  -0.0030418546  -0.0035664368
       -0.0593812694   0.0043744533   0.0138827434  -0.0046005457   0.0050332783
       -0.0036586522   0.0124645545   0.0019997167   0.0023328904  -0.0005156408
        0.0008053476  -0.0004970627  -0.0001378276   0.0001515498   0.0001460151
        0.0000346502   0.0003144298  -0.0008719755   0.0000559274  -0.0016254036
       -0.0010671048   0.0001057064   0.0014023158  -0.0107996626   0.0027700513
       -0.0010814194  -0.0011830699  -0.0006039185   0.0003697827  -0.0000713821
       -0.0007319745  -0.0000795189   0.0000905962   0.0000433177   0.0006857601
        0.0001047643  -0.0004946175   0.0005206835  -0.0005269863   0.0006670319
        0.0264943444  -0.0249230941  -0.0501830250   0.1035505448   0.0347352353
       -0.2178174582  -0.1205865208  -0.0070113766  -0.1758729306   0.0000447371
        0.0001736421   0.0001623521   0.0001340501   0.0001511505   0.0000135844
       -0.0000563568   0.0000616361   0.0001330500  -0.0001004918  -0.0001885648
        0.0000584599  -0.0001118465  -0.0000328089   0.0001691170  -0.0002665936
        0.0003626126   0.0004109144   0.0000766896  -0.0000350045  -0.0000170530
       -0.0000399292  -0.0001137814   0.0001548992   0.0000127122  -0.0000171524
       -0.0000517657   0.0000028522   0.0000117637   0.0002530744
       -0.0846268641  -0.0523721180  -0.0030418546   0.7706638539   0.0549179814
       -0.1695573210  -0.5214924755  -0.0263087281   0.1505678280  -0.0485124567
       -0.0271582650   0.0091502694   0.0051150048  -0.0006039923   0.0013693382
       -0.0016400621  -0.0027452569  -0.0013097821   0.0005716531   0.0009758432
       -0.0001124929  -0.0014776073  -0.0019788243  -0.0004528598   0.0016036984
        0.0106170509  -0.0022502362  -0.0844972524   0.0401396172   0.0164338796
       -0.0281036979   0.0203270743   0.0076223620  -0.0029631808  -0.0004213883
       -0.0045278289  -0.0017380530   0.0013928387   0.0002184543   0.0026343948
       -0.0027529481  -0.0041744040   0.0110695653   0.0044862320   0.0025064980
        0.0092565755   0.0183288367  -0.0007384072  -0.0104634815  -0.0143427198
        0.0024455958  -0.0143729677  -0.0203565771  -0.0043796935  -0.0005849875
        0.0000915976   0.0001116024   0.0002464092   0.0000134465   0.0003366879
        0.0002089088   0.0005559330   0.0000752889   0.0000671664   0.0005418769
       -0.0006276628  -0.0001825777   0.0000335918  -0.0002010142   0.0001743312
        0.0001862866   0.0007819720  -0.0001544148   0.0006447167   0.0002286201
        0.0000200516  -0.0006839153   0.0002589136   0.0001668042  -0.0013928974
       -0.0005257285  -0.0009883383  -0.0021352931  -0.0002080245
       -0.0447269127  -0.1807081185  -0.0035664368   0.0549179814   0.4734796947
        0.0527834605  -0.0152105831  -0.0657604070  -0.0033833955  -0.0376539158
       -0.0154672966   0.0115031282  -0.0007639898  -0.0019318346   0.0021159894
       -0.0014556115  -0.0016791117  -0.0006090730   0.0004191450   0.0007648062
       -0.0002522180   0.0002044986  -0.0020449498  -0.0005820796  -0.0023518032
        0.0000474305  -0.0023849561   0.0505410988  -0.1449661612  -0.0328711964
        0.0161710790  -0.0037970606  -0.0000528136   0.0008701687   0.0050689978
       -0.0015456048   0.0004966406  -0.0014756994  -0.0006771681  -0.0017870266
        0.0021517802  -0.0057993548   0.0048292670  -0.0267304904  -0.0149496580
       -0.0075535629  -0.0280534710  -0.0038239392  -0.0076455708  -0.0059602433
        0.0020615789  -0.0062684788  -0.0025449772  -0.0025366107   0.0002331198
        0.0002766783   0.0006300337   0.0000539242  -0.0002109714   0.0000228021
        0.0000447255   0.0002994376   0.0002168088  -0.0001324822   0.0000799076
        0.0000162819   0.0000505897   0.0003790917   0.0007029231  -0.0024466096
       -0.0006790370   0.0007484734  -0.0006509810   0.0002300112  -0.0000137828
       -0.0006403653  -0.0002755057   0.0009701602   0.0003733470  -0.0001778798
       -0.0000706400   0.0000823080  -0.0003146207   0.0013472871
       -0.0016199081  -0.0051813248  -0.0593812694  -0.1695573210   0.0527834605
        0.2288284936   0.1509198923   0.0058946721  -0.0886101849   0.0057131717
        0.0010353946  -0.0031185489  -0.0017740071  -0.0013991367   0.0004470879
       -0.0003587856   0.0000397617   0.0005913225   0.0001057197   0.0001486056
       -0.0000114024  -0.0004843543   0.0003044085   0.0004180225   0.0006390050
       -0.0000863737  -0.0001017230   0.0142678570  -0.0333294216  -0.0741789400
        0.0027062579   0.0063329679   0.0034135436  -0.0045535977  -0.0012602434
        0.0048438168   0.0000202088  -0.0008386968  -0.0009165858  -0.0041212636
       -0.0049459698   0.0021831481   0.0069275331  -0.0213340611  -0.0098025905
       -0.0014249944  -0.0052617883   0.0004014655   0.0121151539   0.0230126589
       -0.0000736841  -0.0105753299  -0.0191762572  -0.0007975275  -0.0000457452
        0.0000879098  -0.0001703113  -0.0001162230  -0.0000504017  -0.0001324050
        0.0000026540  -0.0001410316  -0.0001495820  -0.0000020957  -0.0000816736
        0.0000382792   0.0000073195   0.0001657814  -0.0003502942  -0.0003159489
        0.0013959243  -0.0010778665  -0.0007348660   0.0005750881   0.0002432629
        0.0003523686   0.0009621720  -0.0010323671   0.0004624038  -0.0005144453
       -0.0002522377   0.0014448952   0.0008620204  -0.0012509224
       -0.0350095117  -0.0208331040   0.0043744533  -0.5214924755  -0.0152105831
        0.1509198923   0.7576335956   0.1567001407  -0.1924783086  -0.1134780799
       -0.0977738427   0.0108038975  -0.0426664260  -0.0335866521   0.0000514706
       -0.0008588106   0.0032576856  -0.0068900263  -0.0000398159  -0.0024531918
        0.0012782266   0.0023181053   0.0011310855  -0.0031980944   0.0050422696
       -0.0162007936   0.0036392460  -0.0504867183   0.0238554543   0.0278457991
        0.0039587431   0.0037981001   0.0021220415  -0.0008726232   0.0028628036
       -0.0009998343   0.0009163841  -0.0011917688  -0.0004460476  -0.0009255810
        0.0020288075  -0.0010511662  -0.0035561624  -0.0058240694  -0.0031317535
        0.0002767526   0.0008383119   0.0003363816  -0.0001327619  -0.0020717293
       -0.0003534642   0.0000357088  -0.0014807130   0.0010510740   0.0013788338
        0.0001694708   0.0018358873  -0.0011429510  -0.0011376697  -0.0001351466
       -0.0004301679   0.0003227129   0.0008148063  -0.0000437977   0.0001473582
        0.0005583958   0.0001398106   0.0028961631   0.0013540987  -0.0003444735
       -0.0005815702   0.0005904841  -0.0006417010   0.0004263206   0.0001632369
       -0.0002809720  -0.0000713381   0.0004778457   0.0000127689   0.0004653917
        0.0001926432   0.0006900573  -0.0004827806   0.0002739613
       -0.0350237729  -0.0079582693   0.0138827434  -0.0263087281  -0.0657604070
        0.0058946721   0.1567001407   0.3198850994  -0.0407573044  -0.0744653670
       -0.1926425182   0.0172160797  -0.0274511277  -0.0080074803  -0.0052918962
        0.0024540211   0.0064736769   0.0012435896  -0.0028195282  -0.0037094378
        0.0005545760   0.0028217481   0.0046490160   0.0067796055  -0.0166208743
       -0.0495789540   0.0206684364   0.0207785571   0.0044698129  -0.0162589434
        0.0016000756  -0.0014580968  -0.0015371359   0.0000161914  -0.0011366676
        0.0011012641   0.0001973200   0.0001011906   0.0000767310  -0.0010003452
       -0.0007236424   0.0013050537   0.0016221306  -0.0011213567   0.0003500287
        0.0000570511   0.0029969152   0.0003985960  -0.0036114008  -0.0046921349
        0.0008699783  -0.0013422908  -0.0009152115  -0.0000541316   0.0016304559
       -0.0006629571  -0.0023776906   0.0000650262   0.0002384560  -0.0001677752
        0.0004265112  -0.0003899642  -0.0008347005  -0.0004165342  -0.0012425488
        0.0002347009  -0.0003261284   0.0013131827  -0.0018612909   0.0000593301
        0.0000390249  -0.0005049595   0.0001123308  -0.0002078681   0.0000227409
        0.0001271548   0.0002112916  -0.0002903014   0.0000687306  -0.0000633305
       -0.0000488440   0.0006493225  -0.0001068210  -0.0006138225
        0.0025959295   0.0054902178  -0.0046005457   0.1505678280  -0.0033833955
       -0.0886101849  -0.1924783086  -0.0407573044   0.1411716711   0.0112726472
        0.0311843128  -0.0618817361  -0.0098899063  -0.0101482985   0.0036045683
       -0.0043347520   0.0034935735   0.0016238042   0.0003313218  -0.0005640809
        0.0001691323  -0.0032378355   0.0052340632   0.0016912893   0.0132045576
        0.0221326340  -0.0019866795   0.0259436510  -0.0080982081   0.0126703466
        0.0009742922  -0.0041862882  -0.0018850847   0.0017405055   0.0000921302
       -0.0001409702   0.0001321698   0.0002578060   0.0003315071   0.0000579651
        0.0011536158   0.0000935072   0.0004624409   0.0020601881   0.0006404725
       -0.0007536303   0.0002818314  -0.0008672448   0.0010075213   0.0017077963
        0.0000573470  -0.0012446944  -0.0021943561  -0.0005027742   0.0012425704
       -0.0016249122  -0.0005516354  -0.0005579452  -0.0006278818   0.0002017046
        0.0005439276  -0.0005935232  -0.0007830055   0.0005850809   0.0009045830
       -0.0002544268   0.0016741222  -0.0012087276  -0.0002815952   0.0000040863
       -0.0001108988   0.0001028135   0.0004169022  -0.0004233398  -0.0001298883
        0.0000054842  -0.0001632619   0.0000921141  -0.0000866551   0.0000601147
       -0.0000000940  -0.0001792760   0.0000316102   0.0000255875
       -0.0012928690   0.0005555986   0.0050332783  -0.0485124567  -0.0376539158
        0.0057131717  -0.1134780799  -0.0744653670   0.0112726472   0.5536384259
        0.0977254381   0.1547434620  -0.2416190647   0.0196505460  -0.1162996131
       -0.0445078838  -0.0613661819   0.0164065618  -0.0284312479   0.0226381233
       -0.0263338269   0.0416541664   0.0116957608   0.0173060570  -0.1007672462
        0.0160862484  -0.0367761117   0.0029627404  -0.0017447426  -0.0035297765
       -0.0007297549  -0.0010947231  -0.0001635690   0.0000046204  -0.0002294282
        0.0003369262  -0.0003106057   0.0001166308  -0.0001213876   0.0002704779
       -0.0004418607   0.0002717611   0.0000524228   0.0001832394   0.0010133679
        0.0000335001  -0.0001673341   0.0000255193  -0.0010254814  -0.0016243475
       -0.0002404619  -0.0000576746  -0.0000434365   0.0000800382  -0.0089758048
        0.0016604079  -0.0059349600   0.0005461954  -0.0044407922  -0.0018087708
        0.0002638501   0.0004193405  -0.0008178272  -0.0002292748  -0.0049859183
       -0.0014209774  -0.0101885059   0.0172756351  -0.0191903235   0.0001544686
        0.0001586962   0.0000284777   0.0002827142  -0.0001379835  -0.0000574674
        0.0001554627  -0.0000623890  -0.0001468766   0.0000728970  -0.0002789426
       -0.0001606906   0.0000340085   0.0005716979   0.0007713717
       -0.0007831659   0.0020221214  -0.0036586522  -0.0271582650  -0.0154672966
        0.0010353946  -0.0977738427  -0.1926425182   0.0311843128   0.0977254381
        0.5115347113  -0.1742299748  -0.0243233453  -0.0787134326  -0.0008294011
       -0.0193804613   0.0138051737  -0.0199199907   0.0230340722  -0.0067821446
        0.0134230687  -0.0327816691  -0.0530726182   0.0130444258   0.0628597809
       -0.1750839244   0.1193705914   0.0068637489  -0.0006316854   0.0018450310
       -0.0005342358  -0.0015447945  -0.0005593942   0.0003092150  -0.0002509167
        0.0001424322  -0.0001288674   0.0000598408   0.0000475730   0.0004141084
       -0.0000772899   0.0001624741   0.0011682773   0.0009558972   0.0001745546
       -0.0005257533  -0.0004323477   0.0000598433   0.0000471000   0.0001653913
       -0.0005778181  -0.0010143613  -0.0014690749   0.0001193836   0.0193396246
        0.0002561002   0.0133033278  -0.0050008817  -0.0015512004   0.0036776404
        0.0006038107   0.0005929575   0.0002239581  -0.0045162134  -0.0008238773
        0.0030907061   0.0012892426  -0.0012114138  -0.0005638719   0.0000469358
        0.0001966600   0.0001025239   0.0002223241  -0.0001523792  -0.0000445956
        0.0000555831  -0.0000701968  -0.0000614762  -0.0000191642  -0.0001344805
       -0.0001503627  -0.0000390353   0.0005227385  -0.0004117040
        0.0035087245  -0.0025643887   0.0124645545   0.0091502694   0.0115031282
       -0.0031185489   0.0108038975   0.0172160797  -0.0618817361   0.1547434620
       -0.1742299748   0.3331738647  -0.0848658023   0.0259808016  -0.1084701606
       -0.0122774724  -0.0421864079   0.0185106270  -0.0249771143   0.0125253461
       -0.0276954017   0.0417004552   0.0370429648  -0.0012655774  -0.0680733226
        0.0934267590  -0.1471833199  -0.0026690960   0.0014545679  -0.0058565210
       -0.0004209782   0.0010644618   0.0005079991  -0.0003455016  -0.0002090212
        0.0002297798  -0.0000645766   0.0000380357   0.0000392608  -0.0003083731
       -0.0004467009   0.0000275962   0.0011903215  -0.0005682280  -0.0002954215
        0.0000317960  -0.0002383323  -0.0000110707  -0.0012597165  -0.0018880372
        0.0002633358   0.0017367389   0.0026572041   0.0000161065  -0.0176577733
        0.0016790886  -0.0094197256  -0.0015198704   0.0033755670   0.0052505199
       -0.0004120833   0.0000755783  -0.0001783179  -0.0017064515   0.0033442481
        0.0054525024  -0.0070387121   0.0111861205  -0.0091497202  -0.0000076226
        0.0000451311  -0.0001431485  -0.0001335801   0.0000870457   0.0000281495
       -0.0000272181   0.0000866715  -0.0000582489   0.0000221640  -0.0000046337
       -0.0000176099   0.0008774356  -0.0004530748  -0.0012197673
       -0.0006142613  -0.0007121412   0.0019997167   0.0051150048  -0.0007639898
       -0.0017740071  -0.0426664260  -0.0274511277  -0.0098899063  -0.2416190647
       -0.0243233453  -0.0848658023   0.5470162669   0.1185249322   0.1637122362
       -0.1752524079  -0.0979688539  -0.0123523765   0.0420927865  -0.0323278664
        0.0423960856  -0.0464183702  -0.0232769608  -0.0078384462  -0.0073697489
        0.0584719490  -0.0402940527  -0.0012232755   0.0001086796  -0.0006620280
       -0.0002109857   0.0006568180   0.0000080578  -0.0000738056  -0.0002219637
       -0.0002638231   0.0003278754   0.0000382580   0.0001923263  -0.0004898302
        0.0002722402  -0.0000016924   0.0005818740  -0.0002714203  -0.0003152533
        0.0000358977   0.0003245624   0.0000472012  -0.0001831009  -0.0003380539
        0.0000529282   0.0002420552   0.0003970117   0.0000581860  -0.0616362267
        0.0501615301  -0.0470523399  -0.0198389231  -0.0216474847   0.0022230119
        0.0017166851   0.0004414580  -0.0033350966  -0.0002301401  -0.0004807132
       -0.0000719451   0.0013796492   0.0001629938  -0.0027930149   0.0000336787
       -0.0000259296   0.0000301778  -0.0000571880   0.0000407305   0.0000339292
       -0.0000209908   0.0000088127   0.0000172674   0.0000269911   0.0000312632
        0.0000105934  -0.0006640191   0.0001686110   0.0007280664
       -0.0009673700  -0.0010103656   0.0023328904  -0.0006039923  -0.0019318346
       -0.0013991367  -0.0335866521  -0.0080074803  -0.0101482985   0.0196505460
       -0.0787134326   0.0259808016   0.1185249322   0.5550255637  -0.2076815496
       -0.1574431282  -0.2356901489   0.0320416563   0.0131765621  -0.0528061420
        0.0406692069  -0.0276901260  -0.0133884587  -0.0091895711   0.0226723502
        0.0230252180  -0.0016914152  -0.0006432570   0.0002651418  -0.0009364810
       -0.0000286093   0.0004251702   0.0002020432  -0.0000096147  -0.0000575654
        0.0000131945   0.0000639152   0.0000053297   0.0000391728  -0.0000456769
       -0.0000336140  -0.0000080201  -0.0002898950  -0.0002041235  -0.0001829798
        0.0000022810   0.0001837672  -0.0000015449  -0.0003819745  -0.0006207823
        0.0001161062   0.0001923168   0.0001805205   0.0000112575   0.0503502008
       -0.1826539386   0.1196833007  -0.0031915225  -0.0020028053  -0.0000730820
        0.0000803377  -0.0014052246   0.0052304701  -0.0003862290   0.0003583785
       -0.0006686902   0.0004865433  -0.0013001271   0.0056559924   0.0000239498
       -0.0000494373   0.0000087181  -0.0000848746   0.0000597834   0.0000026536
       -0.0000203927   0.0000437099   0.0000222426   0.0000166838   0.0000554196
        0.0000462473   0.0001326957   0.0002474783  -0.0000751853
        0.0001681606   0.0001367476  -0.0005156408   0.0013693382   0.0021159894
        0.0004470879   0.0000514706  -0.0052918962   0.0036045683  -0.1162996131
       -0.0008294011  -0.1084701606   0.1637122362  -0.2076815496   0.3243492324
        0.0238868364   0.0625021824  -0.0691506026   0.0143563489   0.0159089822
       -0.0003789976  -0.0067328113  -0.0075487977  -0.0036917392  -0.0186545601
        0.0200532345  -0.0208417429  -0.0003040767   0.0001085890   0.0003287997
       -0.0000961802   0.0001055703   0.0000663775   0.0000223410   0.0000029099
       -0.0000284255  -0.0000143521  -0.0000291853  -0.0000011436   0.0001575333
        0.0000802321  -0.0000142780  -0.0004830445   0.0001720809  -0.0003961875
        0.0000468379   0.0001433164   0.0000315673   0.0000849556   0.0001315128
        0.0000100088  -0.0000470708  -0.0000395718  -0.0000167885  -0.0465258425
        0.1198201893  -0.1319002590  -0.0091933838  -0.0100685501   0.0018325305
       -0.0031289305   0.0056238151   0.0022235762   0.0002283566  -0.0006142019
        0.0001841334  -0.0033785723   0.0053700425   0.0019924931   0.0000673971
        0.0000009965   0.0000508049   0.0000241860   0.0000058035   0.0000086073
        0.0000349461  -0.0000277914   0.0000319815   0.0000017913   0.0000379290
        0.0000395735   0.0006457020  -0.0001891781   0.0002046235
        0.0000552652  -0.0001152893   0.0008053476  -0.0016400621  -0.0014556115
       -0.0003587856  -0.0008588106   0.0024540211  -0.0043347520  -0.0445078838
       -0.0193804613  -0.0122774724  -0.1752524079  -0.1574431282   0.0238868364
        0.5713116938   0.1123375195   0.1810388299  -0.1042981027   0.0692230171
       -0.0741447038  -0.0093506688   0.0230484373  -0.0200435865  -0.0005090874
       -0.0078967688   0.0068791318   0.0005036293  -0.0001382195  -0.0003575635
       -0.0000067564  -0.0001374606  -0.0000141044   0.0000200423   0.0000291664
        0.0000776716  -0.0000418447  -0.0000269868  -0.0000326178   0.0000813938
       -0.0000270707   0.0000327108  -0.0001412528   0.0000860649  -0.0000720614
       -0.0000566760   0.0000290491  -0.0000132733  -0.0001109290  -0.0001420296
       -0.0000086590   0.0001390172   0.0001430228   0.0000498479   0.0044430131
        0.0055378842  -0.0009470510  -0.2413562836  -0.0105771013  -0.1064359354
        0.0041001723  -0.0141017017   0.0108849182  -0.0033387248  -0.0012842847
       -0.0052831486   0.0007606953  -0.0001547693   0.0005078386   0.0000626225
        0.0000337718   0.0000396955   0.0000387678  -0.0000096937  -0.0000017989
        0.0000303868  -0.0000043336  -0.0000058772   0.0000012049   0.0000048699
        0.0000048724  -0.0000784138  -0.0000319134   0.0001236901
        0.0000481437   0.0003569188  -0.0004970627  -0.0027452569  -0.0016791117
        0.0000397617   0.0032576856   0.0064736769   0.0034935735  -0.0613661819
        0.0138051737  -0.0421864079  -0.0979688539  -0.2356901489   0.0625021824
        0.1123375195   0.5336515087  -0.1958166670   0.0081785707  -0.2108061773
        0.1057570684   0.0694708114   0.0243904717   0.0225713272  -0.0118493433
       -0.0491596576   0.0217442106   0.0007098347  -0.0000215450   0.0001425047
        0.0002367663  -0.0003377979  -0.0000794063   0.0000120687   0.0001068959
        0.0001723738  -0.0001444481  -0.0000445338  -0.0000919034   0.0003001578
       -0.0001830764   0.0000740937  -0.0003623355   0.0000025959   0.0000223932
       -0.0000373709  -0.0000280003  -0.0000427885   0.0000470813   0.0001037892
       -0.0000539275  -0.0000595369  -0.0001027219  -0.0000090077  -0.0126888373
       -0.0203550918   0.0051490607  -0.0105178446  -0.0422817380  -0.0007078845
        0.0047803265  -0.0204237860   0.0152968567  -0.0018430219   0.0027608197
        0.0022655875   0.0000817924  -0.0005807408   0.0001094295   0.0000280396
        0.0000557369   0.0000164398   0.0000426213  -0.0000238736   0.0000152363
        0.0000289748  -0.0000175993   0.0000007440  -0.0000071710   0.0000006656
       -0.0000041628   0.0000298078   0.0000273473   0.0001163746
       -0.0002852650  -0.0000046320  -0.0001378276  -0.0013097821  -0.0006090730
        0.0005913225  -0.0068900263   0.0012435896   0.0016238042   0.0164065618
       -0.0199199907   0.0185106270  -0.0123523765   0.0320416563  -0.0691506026
        0.1810388299  -0.1958166670   0.3361834567  -0.0361605711   0.1394472402
       -0.1536515137  -0.0485942077  -0.0019039491  -0.0236750299   0.0095631754
        0.0228887382  -0.0144204236   0.0000822135  -0.0004609747   0.0004295420
       -0.0001821232   0.0000635630  -0.0000132387   0.0000490293  -0.0000689117
       -0.0001454084   0.0000915811   0.0000427039   0.0000774436  -0.0000963127
        0.0001805853  -0.0000369487   0.0001756816   0.0000571282  -0.0001237372
        0.0000237504   0.0000710239  -0.0000259061  -0.0000100793  -0.0000063904
       -0.0000231959  -0.0000131832  -0.0000101580   0.0000066356   0.0103071315
        0.0159456539  -0.0038556277  -0.1065207559  -0.0006711375  -0.0923012105
       -0.0007701306   0.0050726217  -0.0035498234  -0.0049972940   0.0023804056
        0.0035821597   0.0004289466   0.0001535664   0.0000003110   0.0000076546
       -0.0000130450   0.0000138964   0.0000172957   0.0000016235  -0.0000018106
        0.0000081852  -0.0000259593   0.0000374724   0.0000016204  -0.0000173462
        0.0000241528  -0.0000195493  -0.0000618651   0.0000314809
        0.0001562052   0.0000257240   0.0001515498   0.0005716531   0.0004191450
        0.0001057197  -0.0000398159  -0.0028195282   0.0003313218  -0.0284312479
        0.0230340722  -0.0249771143   0.0420927865   0.0131765621   0.0143563489
       -0.1042981027   0.0081785707  -0.0361605711   0.5609687546   0.1216154426
        0.1715797379  -0.2694876620   0.0113054066  -0.1315093080  -0.0472705007
       -0.0624900204   0.0134912453  -0.0001120714   0.0000924181  -0.0003372126
        0.0002095395   0.0000216127  -0.0000081715   0.0000007060   0.0000665160
        0.0001233272  -0.0000719605  -0.0000529491  -0.0000832633   0.0000845482
       -0.0000849403   0.0000412104  -0.0002682035  -0.0000306085   0.0000375259
       -0.0000055682   0.0000009875  -0.0000049522  -0.0000222507  -0.0000157304
       -0.0000049231   0.0000901805   0.0000916985   0.0000361497   0.0000329638
       -0.0052790399  -0.0016466909  -0.0099147249   0.0193637653  -0.0179273886
       -0.1357381872  -0.1231141967   0.0197933902  -0.0087774285   0.0009760310
       -0.0059703656   0.0001352563  -0.0045322693  -0.0015868687   0.0000558145
        0.0000206259   0.0000168487  -0.0000149006  -0.0000025408   0.0000288947
        0.0000105139   0.0000231339   0.0000076180   0.0000057917   0.0000278569
        0.0000284989   0.0000379111  -0.0000177453   0.0000874429
        0.0000874300  -0.0000339510   0.0001460151   0.0009758432   0.0007648062
        0.0001486056  -0.0024531918  -0.0037094378  -0.0005640809   0.0226381233
       -0.0067821446   0.0125253461  -0.0323278664  -0.0528061420   0.0159089822
        0.0692230171  -0.2108061773   0.1394472402   0.1216154426   0.5403138971
       -0.1989274108  -0.0495220103  -0.0834371516  -0.0037903610  -0.0171988279
        0.0155120327  -0.0184229610  -0.0004041910  -0.0000722141  -0.0001954744
       -0.0000780200   0.0001916126   0.0000549168  -0.0000058596  -0.0000244107
       -0.0000574855   0.0000342700   0.0000169467   0.0000170549  -0.0001110782
        0.0000930675  -0.0000257520   0.0000936063   0.0000578699  -0.0000659724
        0.0000303346   0.0000970582   0.0000448352   0.0000018124   0.0000028616
        0.0000044380   0.0000374641   0.0000535920   0.0000292953  -0.0046189824
       -0.0013379891   0.0034316479   0.0006521405   0.0003592851   0.0006561804
       -0.1231066394  -0.1965869360   0.0346939232   0.0196473081  -0.0004024115
        0.0115128863  -0.0051061818  -0.0013807310   0.0032953688   0.0000267226
       -0.0000120341   0.0000275732  -0.0000154977   0.0000197271   0.0000050929
       -0.0000019509   0.0000159508   0.0000050880  -0.0000094629   0.0000370990
        0.0000284721  -0.0001037544  -0.0001440757   0.0000665359
        0.0000370544   0.0000250807   0.0000346502  -0.0001124929  -0.0002522180
       -0.0000114024   0.0012782266   0.0005545760   0.0001691323  -0.0263338269
        0.0134230687  -0.0276954017   0.0423960856   0.0406692069  -0.0003789976
       -0.0741447038   0.1057570684  -0.1536515137   0.1715797379  -0.1989274108
        0.3304918927  -0.0921193183   0.0292042969  -0.1174981314  -0.0157303539
       -0.0436738171   0.0204667720   0.0001162719   0.0000778926  -0.0000220891
        0.0001922247  -0.0001053392  -0.0000361687  -0.0000066884   0.0000662267
        0.0001160656  -0.0000844597  -0.0000178931  -0.0000826036   0.0001183112
       -0.0001206496   0.0000053262  -0.0002958389  -0.0000402286   0.0001069149
       -0.0000237445  -0.0000559549  -0.0000144628  -0.0000227437  -0.0000139345
        0.0000152064   0.0000338494   0.0000152262   0.0000131520  -0.0015500046
        0.0029286519   0.0051749934  -0.0062585775   0.0108304290  -0.0094702720
        0.0196779917   0.0347755909  -0.0430018144  -0.0177241884   0.0012930743
       -0.0098250099  -0.0011401682   0.0035067425   0.0050201093   0.0000208023
        0.0000223708   0.0000076375   0.0000045565  -0.0000120481   0.0000110153
        0.0000040997   0.0000112566  -0.0000070066   0.0000019577   0.0000188947
        0.0000160351   0.0000859401   0.0000398400   0.0000459707
        0.0002992826   0.0001511162   0.0003144298  -0.0014776073   0.0002044986
       -0.0004843543   0.0023181053   0.0028217481  -0.0032378355   0.0416541664
       -0.0327816691   0.0417004552  -0.0464183702  -0.0276901260  -0.0067328113
       -0.0093506688   0.0694708114  -0.0485942077  -0.2694876620  -0.0495220103
       -0.0921193183   0.5582509276   0.1087442449   0.1770171916  -0.1762641219
       -0.0972146945  -0.0113664232   0.0000677838  -0.0000509660  -0.0003221269
       -0.0003385263  -0.0000724605   0.0000491262  -0.0000302344  -0.0001383341
       -0.0001117479   0.0000509665   0.0000826726   0.0000800502  -0.0000988136
        0.0000986157   0.0000174583   0.0002871232   0.0000567227  -0.0001203570
        0.0000063262   0.0000039382   0.0000111010  -0.0000138275  -0.0000281067
       -0.0000155234   0.0000210722   0.0000787624  -0.0000001816  -0.0005508111
       -0.0001619107   0.0003187612   0.0017232136   0.0000617601  -0.0032051253
       -0.0188749037  -0.0033284755  -0.0087448189  -0.0622224392   0.0502840579
       -0.0473883491  -0.0196721141  -0.0211031568   0.0029660282   0.0000117335
        0.0000365733   0.0000422745   0.0000483673   0.0000092368  -0.0000045089
        0.0000234181  -0.0000271095  -0.0000027642   0.0000120977  -0.0000137663
       -0.0000143250   0.0000255160   0.0000280269  -0.0000520975
       -0.0003424617   0.0002283643  -0.0008719755  -0.0019788243  -0.0020449498
        0.0003044085   0.0011310855   0.0046490160   0.0052340632   0.0116957608
       -0.0530726182   0.0370429648  -0.0232769608  -0.0133884587  -0.0075487977
        0.0230484373   0.0243904717  -0.0019039491   0.0113054066  -0.0834371516
        0.0292042969   0.1087442449   0.5376476270  -0.2058751927  -0.1563734479
       -0.2310417368   0.0314753915   0.0007252544  -0.0003825051   0.0004728526
       -0.0002340111  -0.0002070322  -0.0001211784  -0.0000242431  -0.0000758420
       -0.0001614567   0.0000220856   0.0001018768   0.0000981424  -0.0000252871
        0.0002194650   0.0000204192   0.0002098749   0.0001766921  -0.0002502792
       -0.0000181485   0.0000873357   0.0000404609   0.0001144212   0.0001265826
       -0.0000673656  -0.0001764139  -0.0002169354   0.0000004425  -0.0005653100
        0.0005192516  -0.0004104392   0.0004787703  -0.0012464396   0.0057967594
       -0.0219689551  -0.0028394376  -0.0103501458   0.0501479783  -0.1781394959
        0.1178714855  -0.0028230126  -0.0018804657  -0.0000873307   0.0000042581
        0.0000177374   0.0000634210   0.0000878803  -0.0000097465  -0.0000042974
        0.0000397503  -0.0000603176  -0.0000003061  -0.0000175102  -0.0000061953
       -0.0000022318   0.0000693777  -0.0001150921   0.0000298374
       -0.0000151563  -0.0000561620   0.0000559274  -0.0004528598  -0.0005820796
        0.0004180225  -0.0031980944   0.0067796055   0.0016912893   0.0173060570
        0.0130444258  -0.0012655774  -0.0078384462  -0.0091895711  -0.0036917392
       -0.0200435865   0.0225713272  -0.0236750299  -0.1315093080  -0.0037903610
       -0.1174981314   0.1770171916  -0.2058751927   0.3435492814   0.0254794516
        0.0644963229  -0.0701631968  -0.0002157093   0.0001223776  -0.0004882085
        0.0000032563   0.0000222203   0.0000120489  -0.0000368521  -0.0000397474
       -0.0000081577   0.0000275880   0.0000111071   0.0000033779  -0.0000310815
       -0.0000538659  -0.0000133605   0.0001082410  -0.0001813665  -0.0000627998
        0.0000186665  -0.0000663669   0.0000057042   0.0000007480  -0.0000357683
        0.0000280273  -0.0000035936  -0.0000259023  -0.0000286817   0.0001762938
       -0.0005061170   0.0002506947  -0.0035356083   0.0055994583   0.0024010823
        0.0033267487  -0.0000241612   0.0016695726  -0.0472265202   0.1180340904
       -0.1346548415  -0.0093404010  -0.0103769117   0.0015239038  -0.0000034683
        0.0000066925  -0.0000043690  -0.0000182269   0.0000043662  -0.0000078871
       -0.0000200411   0.0000139444  -0.0000033235   0.0000085883  -0.0000079375
        0.0000049813   0.0000161225   0.0001055730  -0.0000486097
       -0.0012791100  -0.0000464940  -0.0016254036   0.0016036984  -0.0023518032
        0.0006390050   0.0050422696  -0.0166208743   0.0132045576  -0.1007672462
        0.0628597809  -0.0680733226  -0.0073697489   0.0226723502  -0.0186545601
       -0.0005090874  -0.0118493433   0.0095631754  -0.0472705007  -0.0171988279
       -0.0157303539  -0.1762641219  -0.1563734479   0.0254794516   0.5678609313
        0.1295457716   0.1717731118  -0.0003683179   0.0000775058   0.0013606964
        0.0005542404   0.0000700650  -0.0001894612  -0.0000201963   0.0002519963
        0.0002563180  -0.0001907130  -0.0000822871  -0.0002314112   0.0001495291
       -0.0001952619   0.0000444329  -0.0005902769   0.0002005408   0.0009785926
       -0.0000749677   0.0001068320   0.0000598605   0.0001303095   0.0001039992
       -0.0000443537  -0.0004034981  -0.0005659599  -0.0000698904  -0.0033190706
       -0.0014133865  -0.0052080015   0.0007462931  -0.0000626792   0.0005640967
       -0.0032777659  -0.0016262048  -0.0046140997   0.0045094008   0.0051558338
       -0.0011964013  -0.2385030071  -0.0126100774  -0.1081329016  -0.0000672133
       -0.0000789066  -0.0000294992  -0.0001109280  -0.0000113335   0.0000337974
       -0.0000468834   0.0000570907   0.0000027443  -0.0000028357   0.0000219779
        0.0000031460  -0.0001611834  -0.0000368566  -0.0001633262
       -0.0009580485  -0.0000906069  -0.0010671048   0.0106170509   0.0000474305
       -0.0000863737  -0.0162007936  -0.0495789540   0.0221326340   0.0160862484
       -0.1750839244   0.0934267590   0.0584719490   0.0230252180   0.0200532345
       -0.0078967688  -0.0491596576   0.0228887382  -0.0624900204   0.0155120327
       -0.0436738171  -0.0972146945  -0.2310417368   0.0644963229   0.1295457716
        0.5234925115  -0.1905255942  -0.0006778565   0.0004797076   0.0007581284
        0.0004810989   0.0002104497  -0.0000500608  -0.0000229059   0.0000265033
        0.0000015453   0.0001027389  -0.0000498791   0.0000244357   0.0000011506
        0.0000970982   0.0000848333  -0.0006133056  -0.0001441603  -0.0001489507
       -0.0000857615   0.0002949160   0.0000174118   0.0000872952   0.0001535211
        0.0000575510  -0.0000103263  -0.0000782383   0.0000737281  -0.0016668427
        0.0020296938   0.0019127678   0.0000261472  -0.0005370796   0.0001359675
       -0.0014403929   0.0027290626   0.0024883532  -0.0134889658  -0.0207401833
        0.0065776238  -0.0127930311  -0.0418461681  -0.0000765683   0.0000916217
       -0.0000167507   0.0000342113  -0.0000593036   0.0000248181   0.0000236932
       -0.0000090335   0.0000242036   0.0000109275  -0.0000063375   0.0000887908
        0.0000181305   0.0001233163   0.0001313813   0.0004114725
       -0.0000921262   0.0001170788   0.0001057064  -0.0022502362  -0.0023849561
       -0.0001017230   0.0036392460   0.0206684364  -0.0019866795  -0.0367761117
        0.1193705914  -0.1471833199  -0.0402940527  -0.0016914152  -0.0208417429
        0.0068791318   0.0217442106  -0.0144204236   0.0134912453  -0.0184229610
        0.0204667720  -0.0113664232   0.0314753915  -0.0701631968   0.1717731118
       -0.1905255942   0.3251189459   0.0007673376   0.0001528169  -0.0001899377
       -0.0005004822  -0.0001990568  -0.0001357248  -0.0001134232  -0.0000615276
       -0.0001290516   0.0000275170   0.0001116950   0.0001230729  -0.0001558659
        0.0003177282   0.0000280518   0.0011085709  -0.0000462178  -0.0007643419
        0.0000206548  -0.0000880154   0.0000103404  -0.0000069547  -0.0000527340
       -0.0000260684  -0.0000416893  -0.0000940692  -0.0000207929  -0.0046176265
        0.0023900378   0.0033898700   0.0004756889   0.0002099487   0.0001477174
       -0.0050732680   0.0020225038   0.0033270746   0.0102545093   0.0162934451
       -0.0038046802  -0.1073990130  -0.0011827029  -0.0919633365  -0.0000493633
       -0.0000168148  -0.0000362828   0.0000879649  -0.0000216038  -0.0000577295
        0.0000253013  -0.0000637762  -0.0000160074  -0.0000069142  -0.0001109240
       -0.0000715569   0.0001932708   0.0000884850  -0.0008049549
        0.0082726811  -0.0056833495   0.0014023158  -0.0844972524   0.0505410988
        0.0142678570  -0.0504867183   0.0207785571   0.0259436510   0.0029627404
        0.0068637489  -0.0026690960  -0.0012232755  -0.0006432570  -0.0003040767
        0.0005036293   0.0007098347   0.0000822135  -0.0001120714  -0.0004041910
        0.0001162719   0.0000677838   0.0007252544  -0.0002157093  -0.0003683179
       -0.0006778565   0.0007673376   0.5860833016  -0.0622605839   0.1198530040
       -0.2782420653   0.0075019693  -0.0935234876  -0.0391293180   0.0677245479
        0.0338662811  -0.0388401053  -0.0191218219  -0.0278793766   0.0497679705
       -0.0245225080   0.0044284274  -0.1258102316  -0.0294184210  -0.0495067362
       -0.0011731710  -0.0029907043   0.0000355250   0.0001423010  -0.0007046979
       -0.0000609290   0.0000139541   0.0008699287   0.0001734681   0.0000796749
       -0.0000961377   0.0000462465  -0.0000360287   0.0000198564  -0.0000480408
       -0.0000157152  -0.0000926263  -0.0000119818   0.0000944088   0.0000005558
        0.0000600444   0.0000814024  -0.0002826528   0.0005211613  -0.0137360612
       -0.0008855911  -0.0063248593  -0.0001446691   0.0041738829  -0.0005415935
       -0.0001129961  -0.0003041867  -0.0006612708   0.0000650781   0.0046884668
       -0.0003259341  -0.0142069291  -0.0165091162  -0.0194907127
        0.0073199004  -0.0277064092  -0.0107996626   0.0401396172  -0.1449661612
       -0.0333294216   0.0238554543   0.0044698129  -0.0080982081  -0.0017447426
       -0.0006316854   0.0014545679   0.0001086796   0.0002651418   0.0001085890
       -0.0001382195  -0.0000215450  -0.0004609747   0.0000924181  -0.0000722141
        0.0000778926  -0.0000509660  -0.0003825051   0.0001223776   0.0000775058
        0.0004797076   0.0001528169  -0.0622605839   0.4598166833   0.2013426672
        0.0533096709  -0.0825232081   0.0026574841   0.0239979568   0.0047518641
        0.0128910137  -0.0191184283  -0.0038882136  -0.0066084497   0.0206883701
       -0.0444114563  -0.0241320997  -0.0755024792  -0.1616914776  -0.1189037386
       -0.0016399443  -0.0043914807  -0.0007581865   0.0008740331  -0.0004607512
       -0.0004081699  -0.0003530553  -0.0005822637  -0.0003805512   0.0000028718
        0.0000190039  -0.0000193801   0.0000361539  -0.0000247738   0.0000341419
        0.0000144153   0.0000585527   0.0000279001  -0.0000405381  -0.0000423288
       -0.0000564450  -0.0002178479   0.0001660151   0.0001790874  -0.0168326492
        0.0021010255  -0.0074108831   0.0047583329  -0.0011898088  -0.0048376010
       -0.0004826611   0.0003770475   0.0001116044   0.0039667991  -0.0011560865
       -0.0048503581  -0.0008600641   0.0016375146   0.0018939872
        0.0017027836  -0.0053454764   0.0027700513   0.0164338796  -0.0328711964
       -0.0741789400   0.0278457991  -0.0162589434   0.0126703466  -0.0035297765
        0.0018450310  -0.0058565210  -0.0006620280  -0.0009364810   0.0003287997
       -0.0003575635   0.0001425047   0.0004295420  -0.0003372126  -0.0001954744
       -0.0000220891  -0.0003221269   0.0004728526  -0.0004882085   0.0013606964
        0.0007581284  -0.0001899377   0.1198530040   0.2013426672   0.3222442852
       -0.0579032031  -0.0184730139  -0.0832040997  -0.0006998410   0.0301498495
        0.0243314860  -0.0270776611  -0.0059900682  -0.0222562807   0.0339147415
       -0.0439815122  -0.0151180697  -0.0844525066  -0.0970329114  -0.1569642655
        0.0004063188  -0.0000462938   0.0014778894  -0.0001016958  -0.0002313727
        0.0004783318  -0.0004392338   0.0012064298   0.0000209130  -0.0001950102
        0.0000048635  -0.0001104438   0.0000257745  -0.0000142115  -0.0000103023
        0.0000542641   0.0000123983  -0.0000765756   0.0001071355   0.0002108022
       -0.0000907620   0.0004037172   0.0002072222  -0.0007541233  -0.0184637528
        0.0009256874  -0.0073710703  -0.0003312261  -0.0045180677   0.0044381415
       -0.0002688114   0.0003771980  -0.0004628899  -0.0003200998  -0.0051308820
        0.0043019074  -0.0066463651  -0.0066297299  -0.0063371146
       -0.0012237144  -0.0009450891  -0.0010814194  -0.0281036979   0.0161710790
        0.0027062579   0.0039587431   0.0016000756   0.0009742922  -0.0007297549
       -0.0005342358  -0.0004209782  -0.0002109857  -0.0000286093  -0.0000961802
       -0.0000067564   0.0002367663  -0.0001821232   0.0002095395  -0.0000780200
        0.0001922247  -0.0003385263  -0.0002340111   0.0000032563   0.0005542404
        0.0004810989  -0.0005004822  -0.2782420653   0.0533096709  -0.0579032031
        0.5831601552  -0.0929172273   0.1323853740  -0.1564261743   0.0770058070
        0.0078869053   0.0523277208   0.0196186003   0.0363263177  -0.0470430417
        0.0286548520   0.0034914401  -0.0227481836  -0.0575751077  -0.0529720101
       -0.0000471992  -0.0000805488   0.0000571063   0.0001725611   0.0000043448
       -0.0000715356  -0.0002686120  -0.0005577628  -0.0003637706   0.0000153416
       -0.0000595545   0.0000370676   0.0000797255   0.0000076051   0.0000339389
        0.0000629521   0.0000521516   0.0000089309   0.0000380937   0.0000327729
       -0.0000579897  -0.0000251632  -0.0000762488   0.0003091045  -0.0875512753
       -0.0660970679  -0.0722976475  -0.0184703323   0.0229115281   0.0082175986
        0.0007516017  -0.0008710455  -0.0036813294  -0.0002907016   0.0004967306
        0.0003163302   0.0003955094  -0.0005285543  -0.0033174762
        0.0002149372  -0.0005094176  -0.0011830699   0.0203270743  -0.0037970606
        0.0063329679   0.0037981001  -0.0014580968  -0.0041862882  -0.0010947231
       -0.0015447945   0.0010644618   0.0006568180   0.0004251702   0.0001055703
       -0.0001374606  -0.0003377979   0.0000635630   0.0000216127   0.0001916126
       -0.0001053392  -0.0000724605  -0.0002070322   0.0000222203   0.0000700650
        0.0002104497  -0.0001990568   0.0075019693  -0.0825232081  -0.0184730139
       -0.0929172273   0.4969629523   0.2371683045   0.1379702811  -0.2258911274
       -0.0699793115  -0.0263964717  -0.0447954870  -0.0445422771   0.0302244929
       -0.0184378066   0.0033513127  -0.0181181494   0.0294297348   0.0129310623
        0.0000364965  -0.0000889605  -0.0000168312   0.0003243671   0.0000079777
       -0.0000957439   0.0008795380  -0.0011946925   0.0000874591   0.0000111768
       -0.0000146676   0.0000206378   0.0000487262   0.0000256696   0.0000189611
        0.0000125139   0.0000380134  -0.0000076195  -0.0000229568   0.0000524236
       -0.0000080433  -0.0000943184   0.0001217427  -0.0000282607  -0.0669213425
       -0.1428851355  -0.1096969501   0.0046610302  -0.0041955164  -0.0016006227
       -0.0005633442   0.0001543193  -0.0056819005   0.0004347421   0.0001461700
        0.0005701387  -0.0008554870   0.0001145654  -0.0059323310
       -0.0002536270  -0.0002523155  -0.0006039185   0.0076223620  -0.0000528136
        0.0034135436   0.0021220415  -0.0015371359  -0.0018850847  -0.0001635690
       -0.0005593942   0.0005079991   0.0000080578   0.0002020432   0.0000663775
       -0.0000141044  -0.0000794063  -0.0000132387  -0.0000081715   0.0000549168
       -0.0000361687   0.0000491262  -0.0001211784   0.0000120489  -0.0001894612
       -0.0000500608  -0.0001357248  -0.0935234876   0.0026574841  -0.0832040997
        0.1323853740   0.2371683045   0.3435406728   0.0520703149  -0.0946145064
       -0.0934881097   0.0030026573  -0.0251159063  -0.0155319269   0.0036309150
        0.0032450738  -0.0021505068  -0.0234536767  -0.0055450267  -0.0123491980
       -0.0001954049  -0.0002303053  -0.0000244312   0.0001212337   0.0000458239
        0.0003394180   0.0003827946  -0.0006761557  -0.0003348727   0.0000396996
       -0.0000372748   0.0000433721   0.0000489331   0.0000105753   0.0000228689
        0.0000320357   0.0000370994   0.0000185962  -0.0000072831   0.0000129031
        0.0000090861   0.0002419758   0.0000691075   0.0001322286  -0.0722998075
       -0.1095059781  -0.1459648415  -0.0048885626   0.0061089258   0.0031876214
       -0.0034861204  -0.0060437230   0.0022827762   0.0003041281   0.0004962448
        0.0003008592  -0.0035783736  -0.0056873215   0.0018446533
        0.0005070861  -0.0000886338   0.0003697827  -0.0029631808   0.0008701687
       -0.0045535977  -0.0008726232   0.0000161914   0.0017405055   0.0000046204
        0.0003092150  -0.0003455016  -0.0000738056  -0.0000096147   0.0000223410
        0.0000200423   0.0000120687   0.0000490293   0.0000007060  -0.0000058596
       -0.0000066884  -0.0000302344  -0.0000242431  -0.0000368521  -0.0000201963
       -0.0000229059  -0.0001134232  -0.0391293180   0.0239979568  -0.0006998410
       -0.1564261743   0.1379702811   0.0520703149   0.6124534240  -0.0991946235
        0.1405819648  -0.1304776852  -0.0846991343  -0.0955518556  -0.0242732698
       -0.0181383026  -0.0237766782   0.0024512847   0.0021386975   0.0047983161
        0.0001441873  -0.0001298377   0.0000504418  -0.0000894564   0.0000453931
       -0.0000391245  -0.0000412272   0.0002684085   0.0001786208   0.0000457731
       -0.0000209694   0.0000498014   0.0000258551   0.0000110543  -0.0000027770
        0.0000149541   0.0000022564  -0.0000169613   0.0000026802   0.0000059273
       -0.0000062937  -0.0000223455   0.0000042389   0.0000637720   0.0059230063
       -0.0086415427  -0.0042672474  -0.2693585094   0.0328978337  -0.0765775305
        0.0058935922   0.0105590605   0.0095949054  -0.0045064511   0.0019116127
       -0.0039576221   0.0007972655  -0.0000446975   0.0003821987
       -0.0005533582   0.0004927743  -0.0000713821  -0.0004213883   0.0050689978
       -0.0012602434   0.0028628036  -0.0011366676   0.0000921302  -0.0002294282
       -0.0002509167  -0.0002090212  -0.0002219637  -0.0000575654   0.0000029099
        0.0000291664   0.0001068959  -0.0000689117   0.0000665160  -0.0000244107
        0.0000662267  -0.0001383341  -0.0000758420  -0.0000397474   0.0002519963
        0.0000265033  -0.0000615276   0.0677245479   0.0047518641   0.0301498495
        0.0770058070  -0.2258911274  -0.0946145064  -0.0991946235   0.4894213206
        0.2258218185  -0.0237284464  -0.1798729899  -0.1041237767  -0.0633411134
        0.0309018655  -0.0051411137   0.0030425549  -0.0461953503  -0.0281577158
        0.0000910081   0.0002886328   0.0001986011   0.0000062005  -0.0000957300
        0.0000900329  -0.0001665517   0.0000325555  -0.0000856268  -0.0000384682
        0.0000259417  -0.0000547032   0.0000161747   0.0000019709  -0.0000248733
        0.0000026109   0.0000045972  -0.0000192115   0.0000215686   0.0000221745
       -0.0000369401   0.0000642700   0.0000031973  -0.0000554331   0.0095771443
       -0.0176973000  -0.0090902040   0.0329289836  -0.0452079011   0.0061506439
       -0.0079468411  -0.0175164677  -0.0167406506   0.0023658840   0.0033059568
       -0.0025656411  -0.0000767199  -0.0004329797  -0.0001509831
       -0.0002968836  -0.0005755582  -0.0007319745  -0.0045278289  -0.0015456048
        0.0048438168  -0.0009998343   0.0011012641  -0.0001409702   0.0003369262
        0.0001424322   0.0002297798  -0.0002638231   0.0000131945  -0.0000284255
        0.0000776716   0.0001723738  -0.0001454084   0.0001233272  -0.0000574855
        0.0001160656  -0.0001117479  -0.0001614567  -0.0000081577   0.0002563180
        0.0000015453  -0.0001290516   0.0338662811   0.0128910137   0.0243314860
        0.0078869053  -0.0699793115  -0.0934881097   0.1405819648   0.2258218185
        0.3390141404  -0.0516668532  -0.1307152544  -0.1642306136  -0.0563093124
        0.0137817039  -0.0125254664   0.0055417324  -0.0279238068  -0.0241486025
       -0.0000286406  -0.0000089815   0.0000314304   0.0000722664  -0.0000093421
        0.0000115934  -0.0000110317  -0.0001670498   0.0000035995   0.0000139161
        0.0000021752  -0.0000046165   0.0000225290   0.0000102072   0.0000074882
        0.0000039440   0.0000241023   0.0000195240   0.0000008768   0.0000070405
       -0.0000020934   0.0000095201   0.0000338229   0.0000412748   0.0090553552
       -0.0174924424  -0.0074908974  -0.0766280640   0.0062865228  -0.0629095456
       -0.0036454143  -0.0088401927  -0.0070165675  -0.0036978408  -0.0026453579
        0.0045277914   0.0003377407  -0.0001673726  -0.0001774900
        0.0001082764  -0.0002838909  -0.0000795189  -0.0017380530   0.0004966406
        0.0000202088   0.0009163841   0.0001973200   0.0001321698  -0.0003106057
       -0.0001288674  -0.0000645766   0.0003278754   0.0000639152  -0.0000143521
       -0.0000418447  -0.0001444481   0.0000915811  -0.0000719605   0.0000342700
       -0.0000844597   0.0000509665   0.0000220856   0.0000275880  -0.0001907130
        0.0001027389   0.0000275170  -0.0388401053  -0.0191184283  -0.0270776611
        0.0523277208  -0.0263964717   0.0030026573  -0.1304776852  -0.0237284464
       -0.0516668532   0.5995027361  -0.1067666798   0.1281301473  -0.2988152187
        0.0075254892  -0.1024223011  -0.0393897564   0.0696902768   0.0330262650
        0.0000344376  -0.0001285470  -0.0000618632   0.0000333372  -0.0000021425
       -0.0000661537   0.0000546589   0.0000776648   0.0000324452   0.0000421250
       -0.0000366695   0.0000544621  -0.0000020350  -0.0000074057   0.0000394320
        0.0000120921  -0.0000067120   0.0000191835  -0.0000062326   0.0000095119
        0.0000493745  -0.0000037223  -0.0000016704   0.0000342407   0.0000672877
        0.0045709845  -0.0004331326  -0.0145608733  -0.0178491406  -0.0194208108
       -0.1151193495   0.1076087176   0.0432381368  -0.0138648800   0.0001482935
       -0.0059265584  -0.0000448628   0.0040516120  -0.0006071677
        0.0001842785  -0.0000140617   0.0000905962   0.0013928387  -0.0014756994
       -0.0008386968  -0.0011917688   0.0001011906   0.0002578060   0.0001166308
        0.0000598408   0.0000380357   0.0000382580   0.0000053297  -0.0000291853
       -0.0000269868  -0.0000445338   0.0000427039  -0.0000529491   0.0000169467
       -0.0000178931   0.0000826726   0.0001018768   0.0000111071  -0.0000822871
       -0.0000498791   0.0001116950  -0.0191218219  -0.0038882136  -0.0059900682
        0.0196186003  -0.0447954870  -0.0251159063  -0.0846991343  -0.1798729899
       -0.1307152544  -0.1067666798   0.5029251418   0.2326525667   0.0681814896
       -0.0851681228   0.0021318905   0.0235386059   0.0061060068   0.0138711565
        0.0000010764   0.0000360655   0.0000044334   0.0000570666   0.0000136150
       -0.0001140572   0.0000960450   0.0001120415   0.0001283356  -0.0000261969
        0.0000143972  -0.0000180567  -0.0000054488   0.0000087941   0.0000060149
       -0.0000012437   0.0000096311   0.0000104188   0.0000089659   0.0000113606
       -0.0000067556   0.0000277768  -0.0000474347  -0.0000627365   0.0040284746
       -0.0010223117  -0.0049536584   0.0005895888   0.0021628397   0.0012880661
        0.1076342343  -0.1962348429  -0.0709352595  -0.0180728191   0.0018191861
       -0.0070867541   0.0044507335  -0.0008906876  -0.0047605443
        0.0001686374  -0.0001606440   0.0000433177   0.0002184543  -0.0006771681
       -0.0009165858  -0.0004460476   0.0000767310   0.0003315071  -0.0001213876
        0.0000475730   0.0000392608   0.0001923263   0.0000391728  -0.0000011436
       -0.0000326178  -0.0000919034   0.0000774436  -0.0000832633   0.0000170549
       -0.0000826036   0.0000800502   0.0000981424   0.0000033779  -0.0002314112
        0.0000244357   0.0001230729  -0.0278793766  -0.0066084497  -0.0222562807
        0.0363263177  -0.0445422771  -0.0155319269  -0.0955518556  -0.1041237767
       -0.1642306136   0.1281301473   0.2326525667   0.3390905832  -0.0576863848
       -0.0238521912  -0.0904466962  -0.0000230924   0.0335538633   0.0254254106
        0.0000291773  -0.0000146675  -0.0000006725   0.0000577828  -0.0000015587
       -0.0001204752   0.0001119680   0.0000842889   0.0001556480  -0.0000016583
       -0.0000105010   0.0000127965  -0.0000068709  -0.0000007209   0.0000106971
        0.0000004637  -0.0000065381  -0.0000014616  -0.0000042010  -0.0000037263
        0.0000188911   0.0000237608  -0.0000301572  -0.0000039062  -0.0005972068
       -0.0046844084   0.0044541149  -0.0061591572  -0.0066610170  -0.0064584131
        0.0432337185  -0.0709635227  -0.0672804641  -0.0194977992   0.0007358601
       -0.0068291510  -0.0002504741  -0.0048964608   0.0043742728
        0.0002067896   0.0002176779   0.0006857601   0.0026343948  -0.0017870266
       -0.0041212636  -0.0009255810  -0.0010003452   0.0000579651   0.0002704779
        0.0004141084  -0.0003083731  -0.0004898302  -0.0000456769   0.0001575333
        0.0000813938   0.0003001578  -0.0000963127   0.0000845482  -0.0001110782
        0.0001183112  -0.0000988136  -0.0000252871  -0.0000310815   0.0001495291
        0.0000011506  -0.0001558659   0.0497679705   0.0206883701   0.0339147415
       -0.0470430417   0.0302244929   0.0036309150  -0.0242732698  -0.0633411134
       -0.0563093124  -0.2988152187   0.0681814896  -0.0576863848   0.5982095573
       -0.0922994190   0.1397956276  -0.1580351060   0.0772451143   0.0103994591
       -0.0000019517  -0.0000071906   0.0000891923  -0.0001099942  -0.0000048698
        0.0001363871  -0.0000204656   0.0001552963  -0.0000547456   0.0000295725
       -0.0000704977   0.0000348822   0.0000150801  -0.0000220071  -0.0000020139
        0.0000086273  -0.0000086202   0.0000155607   0.0000155194  -0.0000378481
       -0.0000088848   0.0000610646  -0.0000181497   0.0000122638  -0.0002353724
        0.0004091126   0.0004142541   0.0007225975  -0.0005597975  -0.0034810690
       -0.0174779962   0.0047236892  -0.0045304883  -0.0865253079  -0.0661370868
       -0.0711505264  -0.0182051735   0.0229153544   0.0084734686
        0.0000917538  -0.0005792082   0.0001047643  -0.0027529481   0.0021517802
       -0.0049459698   0.0020288075  -0.0007236424   0.0011536158  -0.0004418607
       -0.0000772899  -0.0004467009   0.0002722402  -0.0000336140   0.0000802321
       -0.0000270707  -0.0001830764   0.0001805853  -0.0000849403   0.0000930675
       -0.0001206496   0.0000986157   0.0002194650  -0.0000538659  -0.0001952619
        0.0000970982   0.0003177282  -0.0245225080  -0.0444114563  -0.0439815122
        0.0286548520  -0.0184378066   0.0032450738  -0.0181383026   0.0309018655
        0.0137817039   0.0075254892  -0.0851681228  -0.0238521912  -0.0922994190
        0.4949596355   0.2373253799   0.1387229825  -0.2244901855  -0.0713766246
        0.0000133752   0.0000175389   0.0000872151   0.0000726355  -0.0000381986
       -0.0001581390   0.0000915617   0.0001314019   0.0001567594  -0.0000212254
        0.0000301855  -0.0000336806  -0.0000491918   0.0000092157  -0.0000216398
       -0.0000300440  -0.0000364588  -0.0000237230   0.0000169816   0.0000282998
        0.0000019283  -0.0000791656  -0.0000811535  -0.0001145428   0.0005165473
        0.0002172560   0.0003757907  -0.0009612734   0.0002937657  -0.0059711783
        0.0231486043  -0.0044637022   0.0058609647  -0.0663426772  -0.1464664384
       -0.1096570109   0.0046914420  -0.0039602218  -0.0019143130
        0.0007451643  -0.0014098574  -0.0004946175  -0.0041744040  -0.0057993548
        0.0021831481  -0.0010511662   0.0013050537   0.0000935072   0.0002717611
        0.0001624741   0.0000275962  -0.0000016924  -0.0000080201  -0.0000142780
        0.0000327108   0.0000740937  -0.0000369487   0.0000412104  -0.0000257520
        0.0000053262   0.0000174583   0.0000204192  -0.0000133605   0.0000444329
        0.0000848333   0.0000280518   0.0044284274  -0.0241320997  -0.0151180697
        0.0034914401   0.0033513127  -0.0021505068  -0.0237766782  -0.0051411137
       -0.0125254664  -0.1024223011   0.0021318905  -0.0904466962   0.1397956276
        0.2373253799   0.3493920377   0.0534323726  -0.0965195224  -0.0950854117
       -0.0001872897  -0.0003621351  -0.0000801826   0.0000724989   0.0000476426
       -0.0001163666   0.0000585742   0.0000113541   0.0000866820   0.0000133118
       -0.0000094997  -0.0000004156  -0.0000462525  -0.0000028831  -0.0000040953
       -0.0000420057  -0.0000340365   0.0000132848  -0.0000027772  -0.0000414374
        0.0000290942  -0.0000346265  -0.0000587914  -0.0000114571   0.0003643414
        0.0004687974   0.0002075969  -0.0037967214  -0.0058549592   0.0022778511
        0.0088352077  -0.0019309928   0.0032746644  -0.0709047436  -0.1098191270
       -0.1449862930  -0.0052038807   0.0061663314   0.0034653253
       -0.0012216490   0.0025540751   0.0005206835   0.0110695653   0.0048292670
        0.0069275331  -0.0035561624   0.0016221306   0.0004624409   0.0000524228
        0.0011682773   0.0011903215   0.0005818740  -0.0002898950  -0.0004830445
       -0.0001412528  -0.0003623355   0.0001756816  -0.0002682035   0.0000936063
       -0.0002958389   0.0002871232   0.0002098749   0.0001082410  -0.0005902769
       -0.0006133056   0.0011085709  -0.1258102316  -0.0755024792  -0.0844525066
       -0.0227481836  -0.0181181494  -0.0234536767   0.0024512847   0.0030425549
        0.0055417324  -0.0393897564   0.0235386059  -0.0000230924  -0.1580351060
        0.1387229825   0.0534323726   0.6083421674  -0.1101745938   0.1294156604
        0.0002175498   0.0007816427  -0.0000349519  -0.0001017783  -0.0000635150
        0.0000248154  -0.0001786107  -0.0000474352  -0.0000761309  -0.0001091917
        0.0001505465  -0.0000264747  -0.0001128904   0.0000083097   0.0000270185
       -0.0000357572  -0.0000313500  -0.0000039151  -0.0000077470   0.0000126003
        0.0000312334  -0.0000768335   0.0000741342  -0.0002123093  -0.0046894826
        0.0018044619  -0.0038483337   0.0008461217  -0.0001731410   0.0003709592
       -0.0045294756   0.0022907377  -0.0035657016   0.0058019887  -0.0084784207
       -0.0038702136  -0.2680475085   0.0329508130  -0.0789910745
        0.0024264039  -0.0021488670  -0.0005269863   0.0044862320  -0.0267304904
       -0.0213340611  -0.0058240694  -0.0011213567   0.0020601881   0.0001832394
        0.0009558972  -0.0005682280  -0.0002714203  -0.0002041235   0.0001720809
        0.0000860649   0.0000025959   0.0000571282  -0.0000306085   0.0000578699
       -0.0000402286   0.0000567227   0.0001766921  -0.0001813665   0.0002005408
       -0.0001441603  -0.0000462178  -0.0294184210  -0.1616914776  -0.0970329114
       -0.0575751077   0.0294297348  -0.0055450267   0.0021386975  -0.0461953503
       -0.0279238068   0.0696902768   0.0061060068   0.0335538633   0.0772451143
       -0.2244901855  -0.0965195224  -0.1101745938   0.4837380618   0.2223095883
       -0.0004171824  -0.0009290345   0.0000811086  -0.0000736737   0.0001809493
        0.0001934405  -0.0000244531   0.0001251855   0.0000011337  -0.0000842834
        0.0000270326  -0.0000582785  -0.0000253329  -0.0000105172  -0.0000197432
       -0.0000397642  -0.0000232015   0.0000167922   0.0000098701  -0.0000038231
        0.0000633710  -0.0000171853   0.0001225470  -0.0000979565   0.0021318307
        0.0028319944  -0.0023286951  -0.0001706112  -0.0004766541  -0.0001984590
        0.0020588595   0.0031752770  -0.0026832510   0.0097640115  -0.0174169297
       -0.0095092229   0.0336688427  -0.0453436729   0.0061052671
        0.0009908518   0.0003608055   0.0006670319   0.0025064980  -0.0149496580
       -0.0098025905  -0.0031317535   0.0003500287   0.0006404725   0.0010133679
        0.0001745546  -0.0002954215  -0.0003152533  -0.0001829798  -0.0003961875
       -0.0000720614   0.0000223932  -0.0001237372   0.0000375259  -0.0000659724
        0.0001069149  -0.0001203570  -0.0002502792  -0.0000627998   0.0009785926
       -0.0001489507  -0.0007643419  -0.0495067362  -0.1189037386  -0.1569642655
       -0.0529720101   0.0129310623  -0.0123491980   0.0047983161  -0.0281577158
       -0.0241486025   0.0330262650   0.0138711565   0.0254254106   0.0103994591
       -0.0713766246  -0.0950854117   0.1294156604   0.2223095883   0.3359420463
       -0.0003218173  -0.0002150958   0.0001262643  -0.0001572942  -0.0000774564
        0.0001191827  -0.0000537933   0.0000431523  -0.0000138618  -0.0000260930
        0.0000615425  -0.0000891534   0.0000256293  -0.0000111241  -0.0000593806
       -0.0000186316   0.0000238055   0.0000047624   0.0000097393   0.0000329503
       -0.0000443689   0.0000734466   0.0000741393  -0.0004192172  -0.0035873358
       -0.0027013826   0.0044002693   0.0003286107  -0.0002774472  -0.0001481021
       -0.0039052141  -0.0024611166   0.0045483260   0.0091993014  -0.0170579757
       -0.0077299318  -0.0786149132   0.0065823383  -0.0634841091
       -0.1613128376   0.1211383080   0.0264943444   0.0092565755  -0.0075535629
       -0.0014249944   0.0002767526   0.0000570511  -0.0007536303   0.0000335001
       -0.0005257533   0.0000317960   0.0000358977   0.0000022810   0.0000468379
       -0.0000566760  -0.0000373709   0.0000237504  -0.0000055682   0.0000303346
       -0.0000237445   0.0000063262  -0.0000181485   0.0000186665  -0.0000749677
       -0.0000857615   0.0000206548  -0.0011731710  -0.0016399443   0.0004063188
       -0.0000471992   0.0000364965  -0.0001954049   0.0001441873   0.0000910081
       -0.0000286406   0.0000344376   0.0000010764   0.0000291773  -0.0000019517
        0.0000133752  -0.0001872897   0.0002175498  -0.0004171824  -0.0003218173
        0.1831157783  -0.1390769844  -0.0293780340  -0.0126427302   0.0115286713
        0.0044271139  -0.0180300474   0.0165053771   0.0005767416  -0.0000047814
       -0.0000236270  -0.0000143350   0.0000009571  -0.0000075705   0.0000009191
        0.0000018651   0.0000026021  -0.0000046712  -0.0000080053  -0.0000029035
        0.0000001780  -0.0000251765   0.0000375968  -0.0000382280   0.0001647882
       -0.0000482382   0.0001700589   0.0000205828  -0.0000011755  -0.0000053795
       -0.0000055840   0.0000059819   0.0000423504   0.0000240379  -0.0000220439
        0.0000052602   0.0000554599   0.0000101067   0.0000820013
        0.1203068773  -0.1649416913  -0.0249230941   0.0183288367  -0.0280534710
       -0.0052617883   0.0008383119   0.0029969152   0.0002818314  -0.0001673341
       -0.0004323477  -0.0002383323   0.0003245624   0.0001837672   0.0001433164
        0.0000290491  -0.0000280003   0.0000710239   0.0000009875   0.0000970582
       -0.0000559549   0.0000039382   0.0000873357  -0.0000663669   0.0001068320
        0.0002949160  -0.0000880154  -0.0029907043  -0.0043914807  -0.0000462938
       -0.0000805488  -0.0000889605  -0.0002303053  -0.0001298377   0.0002886328
       -0.0000089815  -0.0001285470   0.0000360655  -0.0000146675  -0.0000071906
        0.0000175389  -0.0003621351   0.0007816427  -0.0009290345  -0.0002150958
       -0.1390769844   0.1926289105   0.0307681938  -0.0012936647   0.0029821718
       -0.0003996175   0.0031976879  -0.0005909114   0.0007965903  -0.0000992951
        0.0000026986  -0.0000827618   0.0000105325   0.0000156286  -0.0000114660
        0.0000019940  -0.0000008947  -0.0000081163   0.0000211389   0.0000347648
       -0.0000073732   0.0000258802   0.0000011510  -0.0000580207  -0.0000870612
       -0.0000048012  -0.0000027473   0.0000214491  -0.0000103702   0.0000179661
        0.0000075110  -0.0000501956   0.0000169185   0.0000330063  -0.0001039351
       -0.0000734746   0.0000209304  -0.0000414607   0.0000587679
        0.0270970296  -0.0245878227  -0.0501830250  -0.0007384072  -0.0038239392
        0.0004014655   0.0003363816   0.0003985960  -0.0008672448   0.0000255193
        0.0000598433  -0.0000110707   0.0000472012  -0.0000015449   0.0000315673
       -0.0000132733  -0.0000427885  -0.0000259061  -0.0000049522   0.0000448352
       -0.0000144628   0.0000111010   0.0000404609   0.0000057042   0.0000598605
        0.0000174118   0.0000103404   0.0000355250  -0.0007581865   0.0014778894
        0.0000571063  -0.0000168312  -0.0000244312   0.0000504418   0.0001986011
        0.0000314304  -0.0000618632   0.0000044334  -0.0000006725   0.0000891923
        0.0000872151  -0.0000801826  -0.0000349519   0.0000811086   0.0001262643
       -0.0293780340   0.0307681938   0.0526689037   0.0207661821  -0.0190629111
       -0.0058336405  -0.0183228778   0.0168583530   0.0023726952  -0.0000520721
       -0.0000136864  -0.0000196271   0.0000012881   0.0000026649   0.0000012502
        0.0000014574   0.0000080272  -0.0000052781   0.0000005281   0.0000120665
       -0.0000082307  -0.0000436864   0.0000052243  -0.0000135792   0.0001054225
       -0.0002175119  -0.0000609210   0.0000033643  -0.0000144793  -0.0000005843
       -0.0000100739  -0.0000112368   0.0000166025  -0.0000046038   0.0000105443
       -0.0000105623  -0.0000228051  -0.0000466408   0.0000153058
       -0.0970812417  -0.0157234270   0.1035505448  -0.0104634815  -0.0076455708
        0.0121151539  -0.0001327619  -0.0036114008   0.0010075213  -0.0010254814
        0.0000471000  -0.0012597165  -0.0001831009  -0.0003819745   0.0000849556
       -0.0001109290   0.0000470813  -0.0000100793  -0.0000222507   0.0000018124
       -0.0000227437  -0.0000138275   0.0001144212   0.0000007480   0.0001303095
        0.0000872952  -0.0000069547   0.0001423010   0.0008740331  -0.0001016958
        0.0001725611   0.0003243671   0.0001212337  -0.0000894564   0.0000062005
        0.0000722664   0.0000333372   0.0000570666   0.0000577828  -0.0001099942
        0.0000726355   0.0000724989  -0.0001017783  -0.0000736737  -0.0001572942
       -0.0126427302  -0.0012936647   0.0207661821   0.1124439514   0.0236849444
       -0.1179004444   0.0092512812   0.0033669351  -0.0180944253  -0.0000280679
       -0.0000114080  -0.0000106630  -0.0000327521  -0.0000242928  -0.0000037157
        0.0000004143  -0.0000089654  -0.0000174418   0.0000070608   0.0000160223
       -0.0000080170  -0.0000190001   0.0000278080  -0.0000415205   0.0000287011
        0.0000178429  -0.0001723828  -0.0000380085   0.0000293109   0.0000050029
       -0.0000105804   0.0000025503  -0.0000183451  -0.0000289137   0.0000196744
        0.0000040796  -0.0000755614  -0.0000227234  -0.0000325300
       -0.0163861765  -0.0490246723   0.0347352353  -0.0143427198  -0.0059602433
        0.0230126589  -0.0020717293  -0.0046921349   0.0017077963  -0.0016243475
        0.0001653913  -0.0018880372  -0.0003380539  -0.0006207823   0.0001315128
       -0.0001420296   0.0001037892  -0.0000063904  -0.0000157304   0.0000028616
       -0.0000139345  -0.0000281067   0.0001265826  -0.0000357683   0.0001039992
        0.0001535211  -0.0000527340  -0.0007046979  -0.0004607512  -0.0002313727
        0.0000043448   0.0000079777   0.0000458239   0.0000453931  -0.0000957300
       -0.0000093421  -0.0000021425   0.0000136150  -0.0000015587  -0.0000048698
       -0.0000381986   0.0000476426  -0.0000635150   0.0001809493  -0.0000774564
        0.0115286713   0.0029821718  -0.0190629111   0.0236849444   0.0555216985
       -0.0395430912   0.0002951439   0.0014929479   0.0010007303  -0.0000061039
       -0.0000164264  -0.0000061970  -0.0000625182  -0.0000499047  -0.0000074768
       -0.0000050391  -0.0000288828  -0.0000121707   0.0000121145  -0.0000069393
        0.0000079944   0.0000392358   0.0000453312  -0.0000488521   0.0001234845
        0.0000095036   0.0001776212  -0.0000457941   0.0000507205   0.0000183608
       -0.0000034506   0.0000449004   0.0000096396  -0.0000099639   0.0000381370
        0.0000339087   0.0000196573   0.0000545670   0.0000683687
        0.1015123095   0.0337828206  -0.2178174582   0.0024455958   0.0020615789
       -0.0000736841  -0.0003534642   0.0008699783   0.0000573470  -0.0002404619
       -0.0005778181   0.0002633358   0.0000529282   0.0001161062   0.0000100088
       -0.0000086590  -0.0000539275  -0.0000231959  -0.0000049231   0.0000044380
        0.0000152064  -0.0000155234  -0.0000673656   0.0000280273  -0.0000443537
        0.0000575510  -0.0000260684  -0.0000609290  -0.0004081699   0.0004783318
       -0.0000715356  -0.0000957439   0.0003394180  -0.0000391245   0.0000900329
        0.0000115934  -0.0000661537  -0.0001140572  -0.0001204752   0.0001363871
       -0.0001581390  -0.0001163666   0.0000248154   0.0001934405   0.0001191827
        0.0044271139  -0.0003996175  -0.0058336405  -0.1179004444  -0.0395430912
        0.2510284040   0.0103643193   0.0042071521  -0.0278862577   0.0000278827
       -0.0000033491   0.0000108736   0.0000242989   0.0000065379   0.0000045205
        0.0000139358   0.0000209013  -0.0000013577  -0.0000082727   0.0000159606
       -0.0000152457   0.0000018865  -0.0000176258  -0.0000178861  -0.0001936520
        0.0001063923  -0.0003472256   0.0000037190  -0.0000236756  -0.0000198872
       -0.0000119026  -0.0000184984  -0.0000212804   0.0000071977  -0.0000189534
       -0.0000161715  -0.0000229899  -0.0000328583  -0.0000300486
       -0.1414466636   0.0007112625  -0.1205865208  -0.0143729677  -0.0062684788
       -0.0105753299   0.0000357088  -0.0013422908  -0.0012446944  -0.0000576746
       -0.0010143613   0.0017367389   0.0002420552   0.0001923168  -0.0000470708
        0.0001390172  -0.0000595369  -0.0000131832   0.0000901805   0.0000374641
        0.0000338494   0.0000210722  -0.0001764139  -0.0000035936  -0.0004034981
       -0.0000103263  -0.0000416893   0.0000139541  -0.0003530553  -0.0004392338
       -0.0002686120   0.0008795380   0.0003827946  -0.0000412272  -0.0001665517
       -0.0000110317   0.0000546589   0.0000960450   0.0001119680  -0.0000204656
        0.0000915617   0.0000585742  -0.0001786107  -0.0000244531  -0.0000537933
       -0.0180300474   0.0031976879  -0.0183228778   0.0092512812   0.0002951439
        0.0103643193   0.1647250170   0.0029803158   0.1383870823   0.0000562858
        0.0000382441   0.0000539363   0.0000081393   0.0000189714  -0.0000014051
       -0.0000093688   0.0000021325   0.0000304266  -0.0000099354  -0.0000407015
        0.0000169819   0.0000089267  -0.0001003565   0.0000669918   0.0002301904
        0.0009005222   0.0000498786  -0.0000306833   0.0000557419   0.0000149276
        0.0000098376   0.0000055818  -0.0000184257  -0.0000243856   0.0000181061
        0.0000060717   0.0000078152   0.0000358902   0.0000443082
       -0.0031173766  -0.0386472612  -0.0070113766  -0.0203565771  -0.0025449772
       -0.0191762572  -0.0014807130  -0.0009152115  -0.0021943561  -0.0000434365
       -0.0014690749   0.0026572041   0.0003970117   0.0001805205  -0.0000395718
        0.0001430228  -0.0001027219  -0.0000101580   0.0000916985   0.0000535920
        0.0000152262   0.0000787624  -0.0002169354  -0.0000259023  -0.0005659599
       -0.0000782383  -0.0000940692   0.0008699287  -0.0005822637   0.0012064298
       -0.0005577628  -0.0011946925  -0.0006761557   0.0002684085   0.0000325555
       -0.0001670498   0.0000776648   0.0001120415   0.0000842889   0.0001552963
        0.0001314019   0.0000113541  -0.0000474352   0.0001251855   0.0000431523
        0.0165053771  -0.0005909114   0.0168583530   0.0033669351   0.0014929479
        0.0042071521   0.0029803158   0.0454203974   0.0036250382   0.0000237154
        0.0000343689   0.0000708506  -0.0000041733   0.0000097084   0.0000007101
       -0.0000194362  -0.0000014791   0.0000355917  -0.0000246388  -0.0000788747
        0.0000295931  -0.0000325014  -0.0000737373   0.0000600269   0.0012325983
       -0.0012644767   0.0001662219   0.0000020248   0.0000217431   0.0000088827
       -0.0000158752   0.0000195447   0.0000966464  -0.0000024908   0.0000550696
        0.0000536581   0.0000756167   0.0000717790   0.0001645166
       -0.1182185638  -0.0027779015  -0.1758729306  -0.0043796935  -0.0025366107
       -0.0007975275   0.0010510740  -0.0000541316  -0.0005027742   0.0000800382
        0.0001193836   0.0000161065   0.0000581860   0.0000112575  -0.0000167885
        0.0000498479  -0.0000090077   0.0000066356   0.0000361497   0.0000292953
        0.0000131520  -0.0000001816   0.0000004425  -0.0000286817  -0.0000698904
        0.0000737281  -0.0000207929   0.0001734681  -0.0003805512   0.0000209130
       -0.0003637706   0.0000874591  -0.0003348727   0.0001786208  -0.0000856268
        0.0000035995   0.0000324452   0.0001283356   0.0001556480  -0.0000547456
        0.0001567594   0.0000866820  -0.0000761309   0.0000011337  -0.0000138618
        0.0005767416   0.0007965903   0.0023726952  -0.0180944253   0.0010007303
       -0.0278862577   0.1383870823   0.0036250382   0.2019399785   0.0000069359
        0.0000139024  -0.0000022739  -0.0000134960   0.0000020554  -0.0000072106
       -0.0000102019  -0.0000130535   0.0000068013   0.0000044260  -0.0000176468
        0.0000080249   0.0000102804  -0.0000407270   0.0000510065   0.0005418344
       -0.0002914437   0.0006607720   0.0000062928   0.0000368889   0.0000180889
        0.0000215075   0.0000394521   0.0000316593  -0.0000011582   0.0000309100
        0.0000147427   0.0000673270   0.0000533381   0.0000774663
        0.0000949249   0.0000189278   0.0000447371  -0.0005849875   0.0002331198
       -0.0000457452   0.0013788338   0.0016304559   0.0012425704  -0.0089758048
        0.0193396246  -0.0176577733  -0.0616362267   0.0503502008  -0.0465258425
        0.0044430131  -0.0126888373   0.0103071315   0.0000329638  -0.0046189824
       -0.0015500046  -0.0005508111  -0.0005653100   0.0001762938  -0.0033190706
       -0.0016668427  -0.0046176265   0.0000796749   0.0000028718  -0.0001950102
        0.0000153416   0.0000111768   0.0000396996   0.0000457731  -0.0000384682
        0.0000139161   0.0000421250  -0.0000261969  -0.0000016583   0.0000295725
       -0.0000212254   0.0000133118  -0.0001091917  -0.0000842834  -0.0000260930
       -0.0000047814  -0.0000992951  -0.0000520721  -0.0000280679  -0.0000061039
        0.0000278827   0.0000562858   0.0000237154   0.0000069359   0.0695057598
       -0.0526913068   0.0570098818   0.0002728321   0.0000762085   0.0016517265
        0.0001774006  -0.0007669954   0.0004491047  -0.0002926025   0.0003300669
        0.0005937001  -0.0006323080   0.0010754838  -0.0009061735   0.0000124959
        0.0000052270  -0.0000063754   0.0000005576   0.0000004320  -0.0000033237
        0.0000119616   0.0000039321   0.0000015122   0.0000084222  -0.0000084036
       -0.0000005486  -0.0000740863   0.0001808081   0.0000098423
        0.0000368269  -0.0000433761   0.0001736421   0.0000915976   0.0002766783
        0.0000879098   0.0001694708  -0.0006629571  -0.0016249122   0.0016604079
        0.0002561002   0.0016790886   0.0501615301  -0.1826539386   0.1198201893
        0.0055378842  -0.0203550918   0.0159456539  -0.0052790399  -0.0013379891
        0.0029286519  -0.0001619107   0.0005192516  -0.0005061170  -0.0014133865
        0.0020296938   0.0023900378  -0.0000961377   0.0000190039   0.0000048635
       -0.0000595545  -0.0000146676  -0.0000372748  -0.0000209694   0.0000259417
        0.0000021752  -0.0000366695   0.0000143972  -0.0000105010  -0.0000704977
        0.0000301855  -0.0000094997   0.0001505465   0.0000270326   0.0000615425
       -0.0000236270   0.0000026986  -0.0000136864  -0.0000114080  -0.0000164264
       -0.0000033491   0.0000382441   0.0000343689   0.0000139024  -0.0526913068
        0.2034436117  -0.1398046800   0.0012580382   0.0000248673  -0.0010942606
        0.0002942152  -0.0010441160   0.0008482010   0.0003519033  -0.0003537035
       -0.0006819545  -0.0000117348  -0.0000599912  -0.0000993043  -0.0000082240
        0.0000005136  -0.0000005827   0.0000053862  -0.0000060973  -0.0000019453
       -0.0000082883  -0.0000035388  -0.0000036949   0.0000025758  -0.0000220680
       -0.0000093031   0.0001341281  -0.0001303834  -0.0000547923
        0.0001919896   0.0000557049   0.0001623521   0.0001116024   0.0006300337
       -0.0001703113   0.0018358873  -0.0023776906  -0.0005516354  -0.0059349600
        0.0133033278  -0.0094197256  -0.0470523399   0.1196833007  -0.1319002590
       -0.0009470510   0.0051490607  -0.0038556277  -0.0016466909   0.0034316479
        0.0051749934   0.0003187612  -0.0004104392   0.0002506947  -0.0052080015
        0.0019127678   0.0033898700   0.0000462465  -0.0000193801  -0.0001104438
        0.0000370676   0.0000206378   0.0000433721   0.0000498014  -0.0000547032
       -0.0000046165   0.0000544621  -0.0000180567   0.0000127965   0.0000348822
       -0.0000336806  -0.0000004156  -0.0000264747  -0.0000582785  -0.0000891534
       -0.0000143350  -0.0000827618  -0.0000196271  -0.0000106630  -0.0000061970
        0.0000108736   0.0000539363   0.0000708506  -0.0000022739   0.0570098818
       -0.1398046800   0.1401893184   0.0010048342  -0.0016980447  -0.0012722941
       -0.0001822994   0.0003452120  -0.0000521292   0.0006029821  -0.0006658235
       -0.0010374748  -0.0001992896   0.0005168425  -0.0008038780  -0.0000074588
       -0.0000010473  -0.0000227388  -0.0000159171   0.0000046586  -0.0000085619
       -0.0000038114   0.0000123896   0.0000031471   0.0000014933   0.0000121584
       -0.0000042013  -0.0001045357   0.0000821903   0.0000879497
       -0.0002023595  -0.0001743540   0.0001340501   0.0002464092   0.0000539242
       -0.0001162230  -0.0011429510   0.0000650262  -0.0005579452   0.0005461954
       -0.0050008817  -0.0015198704  -0.0198389231  -0.0031915225  -0.0091933838
       -0.2413562836  -0.0105178446  -0.1065207559  -0.0099147249   0.0006521405
       -0.0062585775   0.0017232136   0.0004787703  -0.0035356083   0.0007462931
        0.0000261472   0.0004756889  -0.0000360287   0.0000361539   0.0000257745
        0.0000797255   0.0000487262   0.0000489331   0.0000258551   0.0000161747
        0.0000225290  -0.0000020350  -0.0000054488  -0.0000068709   0.0000150801
       -0.0000491918  -0.0000462525  -0.0001128904  -0.0000253329   0.0000256293
        0.0000009571   0.0000105325   0.0000012881  -0.0000327521  -0.0000625182
        0.0000242989   0.0000081393  -0.0000041733  -0.0000134960   0.0002728321
        0.0012580382   0.0010048342   0.2695361214   0.0158020651   0.1243940985
        0.0003674450   0.0002107326   0.0014352574  -0.0005877994   0.0000212116
       -0.0003205562  -0.0002608616   0.0003287270   0.0005778533   0.0000014434
       -0.0000079799  -0.0000087538  -0.0000246356   0.0000146182  -0.0000051898
       -0.0000135017   0.0000174784   0.0000024785  -0.0000151099   0.0000334860
        0.0000175878  -0.0000288538  -0.0000347051  -0.0000868183
       -0.0001276516  -0.0001234230   0.0001511505   0.0000134465  -0.0002109714
       -0.0000504017  -0.0011376697   0.0002384560  -0.0006278818  -0.0044407922
       -0.0015512004   0.0033755670  -0.0216474847  -0.0020028053  -0.0100685501
       -0.0105771013  -0.0422817380  -0.0006711375   0.0193637653   0.0003592851
        0.0108304290   0.0000617601  -0.0012464396   0.0055994583  -0.0000626792
       -0.0005370796   0.0002099487   0.0000198564  -0.0000247738  -0.0000142115
        0.0000076051   0.0000256696   0.0000105753   0.0000110543   0.0000019709
        0.0000102072  -0.0000074057   0.0000087941  -0.0000007209  -0.0000220071
        0.0000092157  -0.0000028831   0.0000083097  -0.0000105172  -0.0000111241
       -0.0000075705   0.0000156286   0.0000026649  -0.0000242928  -0.0000499047
        0.0000065379   0.0000189714   0.0000097084   0.0000020554   0.0000762085
        0.0000248673  -0.0016980447   0.0158020651   0.0478166419  -0.0060896637
        0.0013111689   0.0000460059  -0.0008836003   0.0010450862  -0.0000924371
        0.0006213948   0.0003521616  -0.0004034203  -0.0006344430   0.0000017751
       -0.0000058570   0.0000003650  -0.0000089099   0.0000056242  -0.0000034344
       -0.0000047081   0.0000060984   0.0000031800  -0.0000030690   0.0000072803
        0.0000023574  -0.0000218923  -0.0000346786  -0.0000697947
       -0.0000337546  -0.0000408839   0.0000135844   0.0003366879   0.0000228021
       -0.0001324050  -0.0001351466  -0.0001677752   0.0002017046  -0.0018087708
        0.0036776404   0.0052505199   0.0022230119  -0.0000730820   0.0018325305
       -0.1064359354  -0.0007078845  -0.0923012105  -0.0179273886   0.0006561804
       -0.0094702720  -0.0032051253   0.0057967594   0.0024010823   0.0005640967
        0.0001359675   0.0001477174  -0.0000480408   0.0000341419  -0.0000103023
        0.0000339389   0.0000189611   0.0000228689  -0.0000027770  -0.0000248733
        0.0000074882   0.0000394320   0.0000060149   0.0000106971  -0.0000020139
       -0.0000216398  -0.0000040953   0.0000270185  -0.0000197432  -0.0000593806
        0.0000009191  -0.0000114660   0.0000012502  -0.0000037157  -0.0000074768
        0.0000045205  -0.0000014051   0.0000007101  -0.0000072106   0.0016517265
       -0.0010942606  -0.0012722941   0.1243940985  -0.0060896637   0.0961429914
        0.0007676895  -0.0014643454  -0.0011688450  -0.0009168634   0.0000273317
       -0.0005952505   0.0005782818  -0.0006794324  -0.0009961217  -0.0000058659
       -0.0000021012  -0.0000085900  -0.0000111563   0.0000040735  -0.0000059842
       -0.0000059712   0.0000079676   0.0000002498  -0.0000067594   0.0000135635
        0.0000032525  -0.0000662113   0.0000025136  -0.0000084957
       -0.0001142461  -0.0000784253  -0.0000563568   0.0002089088   0.0000447255
        0.0000026540  -0.0004301679   0.0004265112   0.0005439276   0.0002638501
        0.0006038107  -0.0004120833   0.0017166851   0.0000803377  -0.0031289305
        0.0041001723   0.0047803265  -0.0007701306  -0.1357381872  -0.1231066394
        0.0196779917  -0.0188749037  -0.0219689551   0.0033267487  -0.0032777659
       -0.0014403929  -0.0050732680  -0.0000157152   0.0000144153   0.0000542641
        0.0000629521   0.0000125139   0.0000320357   0.0000149541   0.0000026109
        0.0000039440   0.0000120921  -0.0000012437   0.0000004637   0.0000086273
       -0.0000300440  -0.0000420057  -0.0000357572  -0.0000397642  -0.0000186316
        0.0000018651   0.0000019940   0.0000014574   0.0000004143  -0.0000050391
        0.0000139358  -0.0000093688  -0.0000194362  -0.0000102019   0.0001774006
        0.0002942152  -0.0001822994   0.0003674450   0.0013111689   0.0007676895
        0.1524736799   0.1400780232  -0.0161909266   0.0001440276   0.0001629853
        0.0014169615  -0.0010119296  -0.0011554088   0.0000603397   0.0000034277
       -0.0000007247  -0.0000035426  -0.0000147016   0.0000070280  -0.0000028104
       -0.0000122106   0.0000110958   0.0000031309  -0.0000057863   0.0000182473
        0.0000158386  -0.0000157618  -0.0000039358  -0.0000301956
       -0.0000863365  -0.0001108029   0.0000616361   0.0005559330   0.0002994376
       -0.0001410316   0.0003227129  -0.0003899642  -0.0005935232   0.0004193405
        0.0005929575   0.0000755783   0.0004414580  -0.0014052246   0.0056238151
       -0.0141017017  -0.0204237860   0.0050726217  -0.1231141967  -0.1965869360
        0.0347755909  -0.0033284755  -0.0028394376  -0.0000241612  -0.0016262048
        0.0027290626   0.0020225038  -0.0000926263   0.0000585527   0.0000123983
        0.0000521516   0.0000380134   0.0000370994   0.0000022564   0.0000045972
        0.0000241023  -0.0000067120   0.0000096311  -0.0000065381  -0.0000086202
       -0.0000364588  -0.0000340365  -0.0000313500  -0.0000232015   0.0000238055
        0.0000026021  -0.0000008947   0.0000080272  -0.0000089654  -0.0000288828
        0.0000209013   0.0000021325  -0.0000014791  -0.0000130535  -0.0007669954
       -0.0010441160   0.0003452120   0.0002107326   0.0000460059  -0.0014643454
        0.1400780232   0.2190385131  -0.0449182910   0.0012584914   0.0002200596
       -0.0010237380  -0.0001371732  -0.0001590786   0.0001702695  -0.0000077528
       -0.0000051479  -0.0000087095  -0.0000202422   0.0000105506  -0.0000029311
       -0.0000139102   0.0000138708   0.0000009665  -0.0000058102   0.0000207640
        0.0000140352   0.0000112388  -0.0000266053  -0.0000582039
        0.0000880234  -0.0000089581   0.0001330500   0.0000752889   0.0002168088
       -0.0001495820   0.0008148063  -0.0008347005  -0.0007830055  -0.0008178272
        0.0002239581  -0.0001783179  -0.0033350966   0.0052304701   0.0022235762
        0.0108849182   0.0152968567  -0.0035498234   0.0197933902   0.0346939232
       -0.0430018144  -0.0087448189  -0.0103501458   0.0016695726  -0.0046140997
        0.0024883532   0.0033270746  -0.0000119818   0.0000279001  -0.0000765756
        0.0000089309  -0.0000076195   0.0000185962  -0.0000169613  -0.0000192115
        0.0000195240   0.0000191835   0.0000104188  -0.0000014616   0.0000155607
       -0.0000237230   0.0000132848  -0.0000039151   0.0000167922   0.0000047624
       -0.0000046712  -0.0000081163  -0.0000052781  -0.0000174418  -0.0000121707
       -0.0000013577   0.0000304266   0.0000355917   0.0000068013   0.0004491047
        0.0008482010  -0.0000521292   0.0014352574  -0.0008836003  -0.0011688450
       -0.0161909266  -0.0449182910   0.0424779296   0.0007446930  -0.0015876138
       -0.0011490613  -0.0005574882  -0.0004542905   0.0002272112   0.0000010607
        0.0000053639  -0.0000043771  -0.0000024112  -0.0000020806  -0.0000041174
       -0.0000002248   0.0000021621  -0.0000040119  -0.0000026286  -0.0000008391
       -0.0000039727  -0.0000401516   0.0000145608   0.0000123481
       -0.0000825250  -0.0000169956  -0.0001004918   0.0000671664  -0.0001324822
       -0.0000020957  -0.0000437977  -0.0004165342   0.0005850809  -0.0002292748
       -0.0045162134  -0.0017064515  -0.0002301401  -0.0003862290   0.0002283566
       -0.0033387248  -0.0018430219  -0.0049972940  -0.0087774285   0.0196473081
       -0.0177241884  -0.0622224392   0.0501479783  -0.0472265202   0.0045094008
       -0.0134889658   0.0102545093   0.0000944088  -0.0000405381   0.0001071355
        0.0000380937  -0.0000229568  -0.0000072831   0.0000026802   0.0000215686
        0.0000008768  -0.0000062326   0.0000089659  -0.0000042010   0.0000155194
        0.0000169816  -0.0000027772  -0.0000077470   0.0000098701   0.0000097393
       -0.0000080053   0.0000211389   0.0000005281   0.0000070608   0.0000121145
       -0.0000082727  -0.0000099354  -0.0000246388   0.0000044260  -0.0002926025
        0.0003519033   0.0006029821  -0.0005877994   0.0010450862  -0.0009168634
        0.0001440276   0.0012584914   0.0007446930   0.0707369021  -0.0517276695
        0.0585449429   0.0002689365   0.0000939591   0.0016413961   0.0000064799
       -0.0000058441   0.0000031451  -0.0000090415   0.0000004273  -0.0000050878
       -0.0000038735   0.0000030223   0.0000031385  -0.0000058750  -0.0000026440
       -0.0000042530  -0.0000352340  -0.0000140824  -0.0000251703
       -0.0002947594  -0.0001354697  -0.0001885648   0.0005418769   0.0000799076
       -0.0000816736   0.0001473582  -0.0012425488   0.0009045830  -0.0049859183
       -0.0008238773   0.0033442481  -0.0004807132   0.0003583785  -0.0006142019
       -0.0012842847   0.0027608197   0.0023804056   0.0009760310  -0.0004024115
        0.0012930743   0.0502840579  -0.1781394959   0.1180340904   0.0051558338
       -0.0207401833   0.0162934451   0.0000005558  -0.0000423288   0.0002108022
        0.0000327729   0.0000524236   0.0000129031   0.0000059273   0.0000221745
        0.0000070405   0.0000095119   0.0000113606  -0.0000037263  -0.0000378481
        0.0000282998  -0.0000414374   0.0000126003  -0.0000038231   0.0000329503
       -0.0000029035   0.0000347648   0.0000120665   0.0000160223  -0.0000069393
        0.0000159606  -0.0000407015  -0.0000788747  -0.0000176468   0.0003300669
       -0.0003537035  -0.0006658235   0.0000212116  -0.0000924371   0.0000273317
        0.0001629853   0.0002200596  -0.0015876138  -0.0517276695   0.1985322013
       -0.1381342200   0.0012261356  -0.0000289898  -0.0011639829  -0.0000000017
       -0.0000225642  -0.0000032556  -0.0000351271   0.0000088337  -0.0000053895
       -0.0000224849   0.0000195652   0.0000128578   0.0000057190   0.0000264464
        0.0000208915  -0.0000162547  -0.0000415885  -0.0000951146
        0.0001373887   0.0000671563   0.0000584599  -0.0006276628   0.0000162819
        0.0000382792   0.0005583958   0.0002347009  -0.0002544268  -0.0014209774
        0.0030907061   0.0054525024  -0.0000719451  -0.0006686902   0.0001841334
       -0.0052831486   0.0022655875   0.0035821597  -0.0059703656   0.0115128863
       -0.0098250099  -0.0473883491   0.1178714855  -0.1346548415  -0.0011964013
        0.0065776238  -0.0038046802   0.0000600444  -0.0000564450  -0.0000907620
       -0.0000579897  -0.0000080433   0.0000090861  -0.0000062937  -0.0000369401
       -0.0000020934   0.0000493745  -0.0000067556   0.0000188911  -0.0000088848
        0.0000019283   0.0000290942   0.0000312334   0.0000633710  -0.0000443689
        0.0000001780  -0.0000073732  -0.0000082307  -0.0000080170   0.0000079944
       -0.0000152457   0.0000169819   0.0000295931   0.0000080249   0.0005937001
       -0.0006819545  -0.0010374748  -0.0003205562   0.0006213948  -0.0005952505
        0.0014169615  -0.0010237380  -0.0011490613   0.0585449429  -0.1381342200
        0.1432716779   0.0009594213  -0.0017165203  -0.0011639209  -0.0000001351
        0.0000075900  -0.0000070363   0.0000106117  -0.0000042543  -0.0000058187
        0.0000103272  -0.0000068563  -0.0000097650  -0.0000090503  -0.0000090660
       -0.0000189562  -0.0000197847  -0.0000074430   0.0000346339
        0.0000277362   0.0000003033  -0.0001118465  -0.0001825777   0.0000505897
        0.0000073195   0.0001398106  -0.0003261284   0.0016741222  -0.0101885059
        0.0012892426  -0.0070387121   0.0013796492   0.0004865433  -0.0033785723
        0.0007606953   0.0000817924   0.0004289466   0.0001352563  -0.0051061818
       -0.0011401682  -0.0196721141  -0.0028230126  -0.0093404010  -0.2385030071
       -0.0127930311  -0.1073990130   0.0000814024  -0.0002178479   0.0004037172
       -0.0000251632  -0.0000943184   0.0002419758  -0.0000223455   0.0000642700
        0.0000095201  -0.0000037223   0.0000277768   0.0000237608   0.0000610646
       -0.0000791656  -0.0000346265  -0.0000768335  -0.0000171853   0.0000734466
       -0.0000251765   0.0000258802  -0.0000436864  -0.0000190001   0.0000392358
        0.0000018865   0.0000089267  -0.0000325014   0.0000102804  -0.0006323080
       -0.0000117348  -0.0001992896  -0.0002608616   0.0003521616   0.0005782818
       -0.0010119296  -0.0001371732  -0.0005574882   0.0002689365   0.0012261356
        0.0009594213   0.2679600873   0.0180567210   0.1249723664  -0.0000481690
       -0.0000432536  -0.0000671803  -0.0000124248   0.0000107021  -0.0000327550
       -0.0000137793  -0.0000103301  -0.0000215971  -0.0000279992   0.0000087863
       -0.0000128488  -0.0000976475  -0.0000282765  -0.0000068604
        0.0000091603  -0.0000911699  -0.0000328089   0.0000335918   0.0003790917
        0.0001657814   0.0028961631   0.0013131827  -0.0012087276   0.0172756351
       -0.0012114138   0.0111861205   0.0001629938  -0.0013001271   0.0053700425
       -0.0001547693  -0.0005807408   0.0001535664  -0.0045322693  -0.0013807310
        0.0035067425  -0.0211031568  -0.0018804657  -0.0103769117  -0.0126100774
       -0.0418461681  -0.0011827029  -0.0002826528   0.0001660151   0.0002072222
       -0.0000762488   0.0001217427   0.0000691075   0.0000042389   0.0000031973
        0.0000338229  -0.0000016704  -0.0000474347  -0.0000301572  -0.0000181497
       -0.0000811535  -0.0000587914   0.0000741342   0.0001225470   0.0000741393
        0.0000375968   0.0000011510   0.0000052243   0.0000278080   0.0000453312
       -0.0000176258  -0.0001003565  -0.0000737373  -0.0000407270   0.0010754838
       -0.0000599912   0.0005168425   0.0003287270  -0.0004034203  -0.0006794324
       -0.0011554088  -0.0001590786  -0.0004542905   0.0000939591  -0.0000289898
       -0.0017165203   0.0180567210   0.0471648395  -0.0053570050  -0.0000983150
       -0.0000424057  -0.0000530415   0.0000165966  -0.0000231248  -0.0000079644
        0.0000008500  -0.0000166805  -0.0000143582   0.0000063704  -0.0000371519
       -0.0000032318   0.0000330449  -0.0000531136  -0.0000543156
        0.0001440433  -0.0000711767   0.0001691170  -0.0002010142   0.0007029231
       -0.0003502942   0.0013540987  -0.0018612909  -0.0002815952  -0.0191903235
       -0.0005638719  -0.0091497202  -0.0027930149   0.0056559924   0.0019924931
        0.0005078386   0.0001094295   0.0000003110  -0.0015868687   0.0032953688
        0.0050201093   0.0029660282  -0.0000873307   0.0015239038  -0.1081329016
       -0.0000765683  -0.0919633365   0.0005211613   0.0001790874  -0.0007541233
        0.0003091045  -0.0000282607   0.0001322286   0.0000637720  -0.0000554331
        0.0000412748   0.0000342407  -0.0000627365  -0.0000039062   0.0000122638
       -0.0001145428  -0.0000114571  -0.0002123093  -0.0000979565  -0.0004192172
       -0.0000382280  -0.0000580207  -0.0000135792  -0.0000415205  -0.0000488521
       -0.0000178861   0.0000669918   0.0000600269   0.0000510065  -0.0009061735
       -0.0000993043  -0.0008038780   0.0005778533  -0.0006344430  -0.0009961217
        0.0000603397   0.0001702695   0.0002272112   0.0016413961  -0.0011639829
       -0.0011639209   0.1249723664  -0.0053570050   0.0966076829   0.0000120842
        0.0000340089   0.0000438139  -0.0000412922   0.0000440976   0.0000023666
       -0.0000185823   0.0000377359   0.0000018783  -0.0000234489   0.0000681011
        0.0000318561  -0.0000579051   0.0000237350   0.0000837826
       -0.0001418804   0.0000755759  -0.0002665936   0.0001743312  -0.0024466096
       -0.0003159489  -0.0003444735   0.0000593301   0.0000040863   0.0001544686
        0.0000469358  -0.0000076226   0.0000336787   0.0000239498   0.0000673971
        0.0000626225   0.0000280396   0.0000076546   0.0000558145   0.0000267226
        0.0000208023   0.0000117335   0.0000042581  -0.0000034683  -0.0000672133
        0.0000916217  -0.0000493633  -0.0137360612  -0.0168326492  -0.0184637528
       -0.0875512753  -0.0669213425  -0.0722998075   0.0059230063   0.0095771443
        0.0090553552   0.0000672877   0.0040284746  -0.0005972068  -0.0002353724
        0.0005165473   0.0003643414  -0.0046894826   0.0021318307  -0.0035873358
        0.0001647882  -0.0000870612   0.0001054225   0.0000287011   0.0001234845
       -0.0001936520   0.0002301904   0.0012325983   0.0005418344   0.0000124959
       -0.0000082240  -0.0000074588   0.0000014434   0.0000017751  -0.0000058659
        0.0000034277  -0.0000077528   0.0000010607   0.0000064799  -0.0000000017
       -0.0000001351  -0.0000481690  -0.0000983150   0.0000120842   0.0999947025
        0.0690748464   0.0842376886   0.0005496573   0.0000804627   0.0014558541
        0.0001898704   0.0005408058   0.0005020589  -0.0001575258  -0.0003049373
        0.0004982291  -0.0006932462  -0.0009575101  -0.0010756577
        0.0009843813  -0.0008828357   0.0003626126   0.0001862866  -0.0006790370
        0.0013959243  -0.0005815702   0.0000390249  -0.0001108988   0.0001586962
        0.0001966600   0.0000451311  -0.0000259296  -0.0000494373   0.0000009965
        0.0000337718   0.0000557369  -0.0000130450   0.0000206259  -0.0000120341
        0.0000223708   0.0000365733   0.0000177374   0.0000066925  -0.0000789066
       -0.0000167507  -0.0000168148  -0.0008855911   0.0021010255   0.0009256874
       -0.0660970679  -0.1428851355  -0.1095059781  -0.0086415427  -0.0176973000
       -0.0174924424   0.0045709845  -0.0010223117  -0.0046844084   0.0004091126
        0.0002172560   0.0004687974   0.0018044619   0.0028319944  -0.0027013826
       -0.0000482382  -0.0000048012  -0.0002175119   0.0000178429   0.0000095036
        0.0001063923   0.0009005222  -0.0012644767  -0.0002914437   0.0000052270
        0.0000005136  -0.0000010473  -0.0000079799  -0.0000058570  -0.0000021012
       -0.0000007247  -0.0000051479   0.0000053639  -0.0000058441  -0.0000225642
        0.0000075900  -0.0000432536  -0.0000424057   0.0000340089   0.0690748464
        0.1608474694   0.1303101820  -0.0011614367  -0.0003064441   0.0012417834
       -0.0005072014  -0.0009247928  -0.0007892327  -0.0003106721  -0.0005327785
        0.0008302317   0.0001926263   0.0000371884   0.0000625421
        0.0004461438   0.0002613699   0.0004109144   0.0007819720   0.0007484734
       -0.0010778665   0.0005904841  -0.0005049595   0.0001028135   0.0000284777
        0.0001025239  -0.0001431485   0.0000301778   0.0000087181   0.0000508049
        0.0000396955   0.0000164398   0.0000138964   0.0000168487   0.0000275732
        0.0000076375   0.0000422745   0.0000634210  -0.0000043690  -0.0000294992
        0.0000342113  -0.0000362828  -0.0063248593  -0.0074108831  -0.0073710703
       -0.0722976475  -0.1096969501  -0.1459648415  -0.0042672474  -0.0090902040
       -0.0074908974  -0.0004331326  -0.0049536584   0.0044541149   0.0004142541
        0.0003757907   0.0002075969  -0.0038483337  -0.0023286951   0.0044002693
        0.0001700589  -0.0000027473  -0.0000609210  -0.0001723828   0.0001776212
       -0.0003472256   0.0000498786   0.0001662219   0.0006607720  -0.0000063754
       -0.0000005827  -0.0000227388  -0.0000087538   0.0000003650  -0.0000085900
       -0.0000035426  -0.0000087095  -0.0000043771   0.0000031451  -0.0000032556
       -0.0000070363  -0.0000671803  -0.0000530415   0.0000438139   0.0842376886
        0.1303101820   0.1552273185   0.0005765747   0.0017455112  -0.0011733698
       -0.0002471653  -0.0003807603  -0.0004349161   0.0005037052   0.0008260707
       -0.0010545926  -0.0002252597  -0.0004300463  -0.0003777089
        0.0000262451   0.0001043385   0.0000766896  -0.0001544148  -0.0006509810
       -0.0007348660  -0.0006417010   0.0001123308   0.0004169022   0.0002827142
        0.0002223241  -0.0001335801  -0.0000571880  -0.0000848746   0.0000241860
        0.0000387678   0.0000426213   0.0000172957  -0.0000149006  -0.0000154977
        0.0000045565   0.0000483673   0.0000878803  -0.0000182269  -0.0001109280
       -0.0000593036   0.0000879649  -0.0001446691   0.0047583329  -0.0003312261
       -0.0184703323   0.0046610302  -0.0048885626  -0.2693585094   0.0329289836
       -0.0766280640  -0.0145608733   0.0005895888  -0.0061591572   0.0007225975
       -0.0009612734  -0.0037967214   0.0008461217  -0.0001706112   0.0003286107
        0.0000205828   0.0000214491   0.0000033643  -0.0000380085  -0.0000457941
        0.0000037190  -0.0000306833   0.0000020248   0.0000062928   0.0000005576
        0.0000053862  -0.0000159171  -0.0000246356  -0.0000089099  -0.0000111563
       -0.0000147016  -0.0000202422  -0.0000024112  -0.0000090415  -0.0000351271
        0.0000106117  -0.0000124248   0.0000165966  -0.0000412922   0.0005496573
       -0.0011614367   0.0005765747   0.3013732133  -0.0399785042   0.0897010634
        0.0005695596  -0.0001459542   0.0012343618  -0.0007539383   0.0001111532
       -0.0002295762  -0.0000814338  -0.0003255304   0.0004985641
        0.0000038628  -0.0000804227  -0.0000350045   0.0006447167   0.0002300112
        0.0005750881   0.0004263206  -0.0002078681  -0.0004233398  -0.0001379835
       -0.0001523792   0.0000870457   0.0000407305   0.0000597834   0.0000058035
       -0.0000096937  -0.0000238736   0.0000016235  -0.0000025408   0.0000197271
       -0.0000120481   0.0000092368  -0.0000097465   0.0000043662  -0.0000113335
        0.0000248181  -0.0000216038   0.0041738829  -0.0011898088  -0.0045180677
        0.0229115281  -0.0041955164   0.0061089258   0.0328978337  -0.0452079011
        0.0062865228  -0.0178491406   0.0021628397  -0.0066610170  -0.0005597975
        0.0002937657  -0.0058549592  -0.0001731410  -0.0004766541  -0.0002774472
       -0.0000011755  -0.0000103702  -0.0000144793   0.0000293109   0.0000507205
       -0.0000236756   0.0000557419   0.0000217431   0.0000368889   0.0000004320
       -0.0000060973   0.0000046586   0.0000146182   0.0000056242   0.0000040735
        0.0000070280   0.0000105506  -0.0000020806   0.0000004273   0.0000088337
       -0.0000042543   0.0000107021  -0.0000231248   0.0000440976   0.0000804627
       -0.0003064441   0.0017455112  -0.0399785042   0.0497733815   0.0013681400
       -0.0012895003  -0.0002283974   0.0011677997  -0.0009584750   0.0000222386
       -0.0003646934  -0.0003355496  -0.0005654332   0.0007721255
       -0.0000375150  -0.0000057561  -0.0000170530   0.0002286201  -0.0000137828
        0.0002432629   0.0001632369   0.0000227409  -0.0001298883  -0.0000574674
       -0.0000445956   0.0000281495   0.0000339292   0.0000026536   0.0000086073
       -0.0000017989   0.0000152363  -0.0000018106   0.0000288947   0.0000050929
        0.0000110153  -0.0000045089  -0.0000042974  -0.0000078871   0.0000337974
        0.0000236932  -0.0000577295  -0.0005415935  -0.0048376010   0.0044381415
        0.0082175986  -0.0016006227   0.0031876214  -0.0765775305   0.0061506439
       -0.0629095456  -0.0194208108   0.0012880661  -0.0064584131  -0.0034810690
       -0.0059711783   0.0022778511   0.0003709592  -0.0001984590  -0.0001481021
       -0.0000053795   0.0000179661  -0.0000005843   0.0000050029   0.0000183608
       -0.0000198872   0.0000149276   0.0000088827   0.0000180889  -0.0000033237
       -0.0000019453  -0.0000085619  -0.0000051898  -0.0000034344  -0.0000059842
       -0.0000028104  -0.0000029311  -0.0000041174  -0.0000050878  -0.0000053895
       -0.0000058187  -0.0000327550  -0.0000079644   0.0000023666   0.0014558541
        0.0012417834  -0.0011733698   0.0897010634   0.0013681400   0.0633913133
        0.0004116389   0.0016414678  -0.0012007872  -0.0009779194   0.0000933481
       -0.0004020740   0.0004892366   0.0007998816  -0.0010548036
        0.0000081673  -0.0000383771  -0.0000399292   0.0000200516  -0.0006403653
        0.0003523686  -0.0002809720   0.0001271548   0.0000054842   0.0001554627
        0.0000555831  -0.0000272181  -0.0000209908  -0.0000203927   0.0000349461
        0.0000303868   0.0000289748   0.0000081852   0.0000105139  -0.0000019509
        0.0000040997   0.0000234181   0.0000397503  -0.0000200411  -0.0000468834
       -0.0000090335   0.0000253013  -0.0001129961  -0.0004826611  -0.0002688114
        0.0007516017  -0.0005633442  -0.0034861204   0.0058935922  -0.0079468411
       -0.0036454143  -0.1151193495   0.1076342343   0.0432337185  -0.0174779962
        0.0231486043   0.0088352077  -0.0045294756   0.0020588595  -0.0039052141
       -0.0000055840   0.0000075110  -0.0000100739  -0.0000105804  -0.0000034506
       -0.0000119026   0.0000098376  -0.0000158752   0.0000215075   0.0000119616
       -0.0000082883  -0.0000038114  -0.0000135017  -0.0000047081  -0.0000059712
       -0.0000122106  -0.0000139102  -0.0000002248  -0.0000038735  -0.0000224849
        0.0000103272  -0.0000137793   0.0000008500  -0.0000185823   0.0001898704
       -0.0005072014  -0.0002471653   0.0005695596  -0.0012895003   0.0004116389
        0.1305260853  -0.1226234163  -0.0429749747   0.0003691696  -0.0000489670
        0.0012378378  -0.0009214850   0.0011392462   0.0004848320
        0.0000580806  -0.0001696961  -0.0001137814  -0.0006839153  -0.0002755057
        0.0009621720  -0.0000713381   0.0002112916  -0.0001632619  -0.0000623890
       -0.0000701968   0.0000866715   0.0000088127   0.0000437099  -0.0000277914
       -0.0000043336  -0.0000175993  -0.0000259593   0.0000231339   0.0000159508
        0.0000112566  -0.0000271095  -0.0000603176   0.0000139444   0.0000570907
        0.0000242036  -0.0000637762  -0.0003041867   0.0003770475   0.0003771980
       -0.0008710455   0.0001543193  -0.0060437230   0.0105590605  -0.0175164677
       -0.0088401927   0.1076087176  -0.1962348429  -0.0709635227   0.0047236892
       -0.0044637022  -0.0019309928   0.0022907377   0.0031752770  -0.0024611166
        0.0000059819  -0.0000501956  -0.0000112368   0.0000025503   0.0000449004
       -0.0000184984   0.0000055818   0.0000195447   0.0000394521   0.0000039321
       -0.0000035388   0.0000123896   0.0000174784   0.0000060984   0.0000079676
        0.0000110958   0.0000138708   0.0000021621   0.0000030223   0.0000195652
       -0.0000068563  -0.0000103301  -0.0000166805   0.0000377359   0.0005408058
       -0.0009247928  -0.0003807603  -0.0001459542  -0.0002283974   0.0016414678
       -0.1226234163   0.2163191107   0.0866879343  -0.0011828535  -0.0000985263
        0.0012686294   0.0000671005  -0.0002944301  -0.0000975115
        0.0000506386   0.0001067302   0.0001548992   0.0002589136   0.0009701602
       -0.0010323671   0.0004778457  -0.0002903014   0.0000921141  -0.0001468766
       -0.0000614762  -0.0000582489   0.0000172674   0.0000222426   0.0000319815
       -0.0000058772   0.0000007440   0.0000374724   0.0000076180   0.0000050880
       -0.0000070066  -0.0000027642  -0.0000003061  -0.0000033235   0.0000027443
        0.0000109275  -0.0000160074  -0.0006612708   0.0001116044  -0.0004628899
       -0.0036813294  -0.0056819005   0.0022827762   0.0095949054  -0.0167406506
       -0.0070165675   0.0432381368  -0.0709352595  -0.0672804641  -0.0045304883
        0.0058609647   0.0032746644  -0.0035657016  -0.0026832510   0.0045483260
        0.0000423504   0.0000169185   0.0000166025  -0.0000183451   0.0000096396
       -0.0000212804  -0.0000184257   0.0000966464   0.0000316593   0.0000015122
       -0.0000036949   0.0000031471   0.0000024785   0.0000031800   0.0000002498
        0.0000031309   0.0000009665  -0.0000040119   0.0000031385   0.0000128578
       -0.0000097650  -0.0000215971  -0.0000143582   0.0000018783   0.0005020589
       -0.0007892327  -0.0004349161   0.0012343618   0.0011677997  -0.0012007872
       -0.0429749747   0.0866879343   0.0681456666   0.0004284846   0.0017608579
       -0.0011209521  -0.0002379349   0.0003551690   0.0000471501
       -0.0000618731   0.0001952165   0.0000127122   0.0001668042   0.0003733470
        0.0004624038   0.0000127689   0.0000687306  -0.0000866551   0.0000728970
       -0.0000191642   0.0000221640   0.0000269911   0.0000166838   0.0000017913
        0.0000012049  -0.0000071710   0.0000016204   0.0000057917  -0.0000094629
        0.0000019577   0.0000120977  -0.0000175102   0.0000085883  -0.0000028357
       -0.0000063375  -0.0000069142   0.0000650781   0.0039667991  -0.0003200998
       -0.0002907016   0.0004347421   0.0003041281  -0.0045064511   0.0023658840
       -0.0036978408  -0.0138648800  -0.0180728191  -0.0194977992  -0.0865253079
       -0.0663426772  -0.0709047436   0.0058019887   0.0097640115   0.0091993014
        0.0000240379   0.0000330063  -0.0000046038  -0.0000289137  -0.0000099639
        0.0000071977  -0.0000243856  -0.0000024908  -0.0000011582   0.0000084222
        0.0000025758   0.0000014933  -0.0000151099  -0.0000030690  -0.0000067594
       -0.0000057863  -0.0000058102  -0.0000026286  -0.0000058750   0.0000057190
       -0.0000090503  -0.0000279992   0.0000063704  -0.0000234489  -0.0001575258
       -0.0003106721   0.0005037052  -0.0007539383  -0.0009584750  -0.0009779194
        0.0003691696  -0.0011828535   0.0004284846   0.0991453290   0.0696681927
        0.0831459320   0.0005590022   0.0000471977   0.0014381415
        0.0001915757  -0.0003107852  -0.0000171524  -0.0013928974  -0.0001778798
       -0.0005144453   0.0004653917  -0.0000633305   0.0000601147  -0.0002789426
       -0.0001344805  -0.0000046337   0.0000312632   0.0000554196   0.0000379290
        0.0000048699   0.0000006656  -0.0000173462   0.0000278569   0.0000370990
        0.0000188947  -0.0000137663  -0.0000061953  -0.0000079375   0.0000219779
        0.0000887908  -0.0001109240   0.0046884668  -0.0011560865  -0.0051308820
        0.0004967306   0.0001461700   0.0004962448   0.0019116127   0.0033059568
       -0.0026453579   0.0001482935   0.0018191861   0.0007358601  -0.0661370868
       -0.1464664384  -0.1098191270  -0.0084784207  -0.0174169297  -0.0170579757
       -0.0000220439  -0.0001039351   0.0000105443   0.0000196744   0.0000381370
       -0.0000189534   0.0000181061   0.0000550696   0.0000309100  -0.0000084036
       -0.0000220680   0.0000121584   0.0000334860   0.0000072803   0.0000135635
        0.0000182473   0.0000207640  -0.0000008391  -0.0000026440   0.0000264464
       -0.0000090660   0.0000087863  -0.0000371519   0.0000681011  -0.0003049373
       -0.0005327785   0.0008260707   0.0001111532   0.0000222386   0.0000933481
       -0.0000489670  -0.0000985263   0.0017608579   0.0696681927   0.1612309317
        0.1299204483  -0.0011775751  -0.0003275699   0.0012695947
        0.0001410671  -0.0001875928  -0.0000517657  -0.0005257285  -0.0000706400
       -0.0002522377   0.0001926432  -0.0000488440  -0.0000000940  -0.0001606906
       -0.0001503627  -0.0000176099   0.0000105934   0.0000462473   0.0000395735
        0.0000048724  -0.0000041628   0.0000241528   0.0000284989   0.0000284721
        0.0000160351  -0.0000143250  -0.0000022318   0.0000049813   0.0000031460
        0.0000181305  -0.0000715569  -0.0003259341  -0.0048503581   0.0043019074
        0.0003163302   0.0005701387   0.0003008592  -0.0039576221  -0.0025656411
        0.0045277914  -0.0059265584  -0.0070867541  -0.0068291510  -0.0711505264
       -0.1096570109  -0.1449862930  -0.0038702136  -0.0095092229  -0.0077299318
        0.0000052602  -0.0000734746  -0.0000105623   0.0000040796   0.0000339087
       -0.0000161715   0.0000060717   0.0000536581   0.0000147427  -0.0000005486
       -0.0000093031  -0.0000042013   0.0000175878   0.0000023574   0.0000032525
        0.0000158386   0.0000140352  -0.0000039727  -0.0000042530   0.0000208915
       -0.0000189562  -0.0000128488  -0.0000032318   0.0000318561   0.0004982291
        0.0008302317  -0.0010545926  -0.0002295762  -0.0003646934  -0.0004020740
        0.0012378378   0.0012686294  -0.0011209521   0.0831459320   0.1299204483
        0.1544435608   0.0005508374   0.0017763754  -0.0011385899
        0.0000080582   0.0000290887   0.0000028522  -0.0009883383   0.0000823080
        0.0014448952   0.0006900573   0.0006493225  -0.0001792760   0.0000340085
       -0.0000390353   0.0008774356  -0.0006640191   0.0001326957   0.0006457020
       -0.0000784138   0.0000298078  -0.0000195493   0.0000379111  -0.0001037544
        0.0000859401   0.0000255160   0.0000693777   0.0000161225  -0.0001611834
        0.0001233163   0.0001932708  -0.0142069291  -0.0008600641  -0.0066463651
        0.0003955094  -0.0008554870  -0.0035783736   0.0007972655  -0.0000767199
        0.0003377407  -0.0000448628   0.0044507335  -0.0002504741  -0.0182051735
        0.0046914420  -0.0052038807  -0.2680475085   0.0336688427  -0.0786149132
        0.0000554599   0.0000209304  -0.0000228051  -0.0000755614   0.0000196573
       -0.0000229899   0.0000078152   0.0000756167   0.0000673270  -0.0000740863
        0.0001341281  -0.0001045357  -0.0000288538  -0.0000218923  -0.0000662113
       -0.0000157618   0.0000112388  -0.0000401516  -0.0000352340  -0.0000162547
       -0.0000197847  -0.0000976475   0.0000330449  -0.0000579051  -0.0006932462
        0.0001926263  -0.0002252597  -0.0000814338  -0.0003355496   0.0004892366
       -0.0009214850   0.0000671005  -0.0002379349   0.0005590022  -0.0011775751
        0.0005508374   0.3018091351  -0.0409949456   0.0905790498
        0.0000693021  -0.0000952119   0.0000117637  -0.0021352931  -0.0003146207
        0.0008620204  -0.0004827806  -0.0001068210   0.0000316102   0.0005716979
        0.0005227385  -0.0004530748   0.0001686110   0.0002474783  -0.0001891781
       -0.0000319134   0.0000273473  -0.0000618651  -0.0000177453  -0.0001440757
        0.0000398400   0.0000280269  -0.0001150921   0.0001055730  -0.0000368566
        0.0001313813   0.0000884850  -0.0165091162   0.0016375146  -0.0066297299
       -0.0005285543   0.0001145654  -0.0056873215  -0.0000446975  -0.0004329797
       -0.0001673726   0.0040516120  -0.0008906876  -0.0048964608   0.0229153544
       -0.0039602218   0.0061663314   0.0329508130  -0.0453436729   0.0065823383
        0.0000101067  -0.0000414607  -0.0000466408  -0.0000227234   0.0000545670
       -0.0000328583   0.0000358902   0.0000717790   0.0000533381   0.0001808081
       -0.0001303834   0.0000821903  -0.0000347051  -0.0000346786   0.0000025136
       -0.0000039358  -0.0000266053   0.0000145608  -0.0000140824  -0.0000415885
       -0.0000074430  -0.0000282765  -0.0000531136   0.0000237350  -0.0009575101
        0.0000371884  -0.0004300463  -0.0003255304  -0.0005654332   0.0007998816
        0.0011392462  -0.0002944301   0.0003551690   0.0000471977  -0.0003275699
        0.0017763754  -0.0409949456   0.0500740871   0.0016062656
        0.0001101728   0.0003156730   0.0002530744  -0.0002080245   0.0013472871
       -0.0012509224   0.0002739613  -0.0006138225   0.0000255875   0.0007713717
       -0.0004117040  -0.0012197673   0.0007280664  -0.0000751853   0.0002046235
        0.0001236901   0.0001163746   0.0000314809   0.0000874429   0.0000665359
        0.0000459707  -0.0000520975   0.0000298374  -0.0000486097  -0.0001633262
        0.0004114725  -0.0008049549  -0.0194907127   0.0018939872  -0.0063371146
       -0.0033174762  -0.0059323310   0.0018446533   0.0003821987  -0.0001509831
       -0.0001774900  -0.0006071677  -0.0047605443   0.0043742728   0.0084734686
       -0.0019143130   0.0034653253  -0.0789910745   0.0061052671  -0.0634841091
        0.0000820013   0.0000587679   0.0000153058  -0.0000325300   0.0000683687
       -0.0000300486   0.0000443082   0.0001645166   0.0000774663   0.0000098423
       -0.0000547923   0.0000879497  -0.0000868183  -0.0000697947  -0.0000084957
       -0.0000301956  -0.0000582039   0.0000123481  -0.0000251703  -0.0000951146
        0.0000346339  -0.0000068604  -0.0000543156   0.0000837826  -0.0010756577
        0.0000625421  -0.0003777089   0.0004985641   0.0007721255  -0.0010548036
        0.0004848320  -0.0000975115   0.0000471501   0.0014381415   0.0012695947
       -0.0011385899   0.0905790498   0.0016062656   0.0653289901
