$hessian                                                                        
        0.5182118730  -0.0164490575  -0.0292272594  -0.0888749692  -0.0225782218
       -0.0442316647  -0.0375876070  -0.0140827490  -0.0328146187  -0.0023107585
        0.0022481443  -0.0005070437  -0.0008724913  -0.0004778960  -0.0011128606
        0.0001003107  -0.0002089224   0.0002061870   0.0000805048   0.0000626757
        0.0000144494   0.0003406539  -0.0000994967  -0.0001686222  -0.0011296665
       -0.0006384397  -0.0007864929   0.0075026832   0.0029720181   0.0069645862
       -0.0006721647   0.0009037072   0.0011240261  -0.0007257682   0.0001009553
       -0.0006651223  -0.0000126789   0.0001255656   0.0000151716  -0.0002561358
       -0.0001886453  -0.0003640522   0.0000860853   0.0000043208  -0.0000150969
        0.0001263716  -0.0000582322   0.0000074186   0.0000565828  -0.0000389647
        0.0000516223  -0.0000634551   0.0003826885   0.0001289467  -0.0009169684
        0.0004152491   0.0004168174  -0.0571556923   0.0514719501  -0.0383982035
       -0.2026895100  -0.0943976470   0.0642384600  -0.1332245624   0.0903173082
        0.0755293946   0.0000409977   0.0001923032  -0.0000547811  -0.0002101940
       -0.0001317516  -0.0000945198  -0.0001305695   0.0000161822  -0.0001163418
       -0.0000999150   0.0000023472  -0.0003033049  -0.0000126247   0.0001296676
       -0.0000518494   0.0002010025   0.0000073470   0.0001533555  -0.0000185270
        0.0000884427   0.0000493957   0.0001309636   0.0000111051   0.0001334876
       -0.0000619338   0.0000088244  -0.0000223623  -0.0000092420  -0.0000210148
       -0.0000038089  -0.0000495119  -0.0000337205  -0.0000214453   0.0002069171
       -0.0000560430  -0.0000738683
       -0.0164490575   0.4914027652   0.0036759573  -0.0306594314  -0.0836750653
       -0.0492625308  -0.0057208467  -0.0003822592   0.0057554797   0.0020259557
        0.0091984191  -0.0070613065   0.0016280202   0.0007079287   0.0017149795
        0.0006570895  -0.0001580502  -0.0003582860   0.0000968938   0.0000786320
        0.0000540278   0.0002878292  -0.0002086482  -0.0006967249  -0.0013362096
       -0.0006244703  -0.0008527121  -0.0019148921  -0.0058307488  -0.0188852820
        0.0006930681   0.0006122023  -0.0002208327   0.0010311631  -0.0000899427
        0.0003130574  -0.0000974932  -0.0000230496   0.0000779508   0.0007468742
        0.0000738101   0.0000838554   0.0000010587  -0.0000135692   0.0000003307
       -0.0000481688  -0.0001400937   0.0000249952  -0.0001877536   0.0001093005
        0.0002566256   0.0002304060  -0.0005001033  -0.0003059607  -0.0009638349
       -0.0020077613  -0.0005506107   0.0548750567  -0.1738615362   0.1084237607
       -0.0948996312  -0.0977817723   0.0337479642   0.0908361149  -0.1378857596
       -0.0757916056   0.0000118606   0.0002177809   0.0000142642   0.0001077072
        0.0000792072   0.0000875464  -0.0000744156   0.0001058370   0.0000070771
       -0.0001120414  -0.0000383259  -0.0001580691  -0.0001812777   0.0000530836
       -0.0000586316  -0.0002993532   0.0001242843  -0.0003121466   0.0000045749
       -0.0000568891  -0.0000601214  -0.0001329205   0.0000276321  -0.0001697503
        0.0000953517   0.0000352068  -0.0000128425  -0.0000072449   0.0000585320
        0.0000067386   0.0000276761   0.0000933847  -0.0000320779  -0.0002721281
        0.0003000385   0.0005448807
       -0.0292272594   0.0036759573   0.4664341853  -0.0516154373  -0.0454080785
       -0.1497695798  -0.0180551513   0.0015821841  -0.0078987211   0.0001986907
       -0.0056837893   0.0062779358  -0.0013933156  -0.0007270931  -0.0017145419
       -0.0004530367   0.0001789300   0.0004590975  -0.0000293687  -0.0000216263
       -0.0000408710  -0.0000020292   0.0001739876   0.0006076514   0.0006196061
        0.0003398321   0.0003892868  -0.0047313638  -0.0151506558  -0.0180858267
        0.0008583471   0.0004873391  -0.0022427908   0.0008690923  -0.0008923674
        0.0005074940  -0.0001489987  -0.0000531558   0.0001596875   0.0004037435
        0.0000387148   0.0003223253   0.0000095939   0.0000681955   0.0000102842
        0.0000677106  -0.0000454040  -0.0000553988  -0.0001436275  -0.0002198027
        0.0000414744  -0.0004726382   0.0004935719  -0.0001658454   0.0000066476
       -0.0005309714   0.0001136506  -0.0389651524   0.1039377071  -0.1246746410
        0.0665767429   0.0343049493  -0.0634675658   0.0754263114  -0.0761405313
       -0.1047529909  -0.0000253093  -0.0000786931  -0.0000869138  -0.0002123462
       -0.0001531481  -0.0001205352  -0.0000370648  -0.0001164108  -0.0000962498
        0.0000187427   0.0000213441  -0.0000801015   0.0000839342  -0.0001267555
       -0.0000266858  -0.0002414467   0.0000170368  -0.0002745653   0.0001758764
       -0.0002149468  -0.0001371255  -0.0001304821  -0.0000250772  -0.0001664721
        0.0000604469  -0.0000051670  -0.0000242459   0.0000657392  -0.0000096634
       -0.0000631958   0.0000249592   0.0000321747  -0.0000361350   0.0004178433
        0.0002514131  -0.0013420739
       -0.0888749692  -0.0306594314  -0.0516154373   0.8237269946  -0.0690372562
        0.0524198644  -0.5795813422   0.0688844448  -0.0277102920  -0.0518050690
       -0.0076846127  -0.0237240604   0.0047299691   0.0019351963  -0.0013334004
       -0.0010588806  -0.0026426752  -0.0016148005   0.0005916361   0.0003637121
        0.0007198142  -0.0011024082  -0.0018313446  -0.0016111593   0.0023354310
        0.0021807451   0.0096380863  -0.0842282624   0.0322586215   0.0396848676
        0.0032037679   0.0111622160   0.0022210391   0.0057775133  -0.0019601520
        0.0031589547  -0.0008808909   0.0002341348   0.0007876207   0.0024124932
       -0.0013532566   0.0032185526  -0.0006842208   0.0003966508   0.0004730551
       -0.0001236061  -0.0002552601  -0.0001143134  -0.0005959854   0.0001117254
        0.0003927469  -0.0010212827   0.0007078018  -0.0013900056  -0.0145895854
        0.0034701378   0.0157451365  -0.0081279004  -0.0006282503  -0.0118339378
       -0.0184094169  -0.0104233874  -0.0184869581   0.0093985393   0.0068403051
        0.0125248629  -0.0005406066   0.0001706678   0.0000435887   0.0002117852
        0.0003756130  -0.0001357599   0.0001509162   0.0004128184   0.0004757595
        0.0001545435  -0.0002415009   0.0008147915  -0.0001480916  -0.0000204275
        0.0001704408  -0.0019014666  -0.0016225833  -0.0014213729   0.0001682505
       -0.0008456150  -0.0005760852  -0.0007895282  -0.0002679379  -0.0012137036
        0.0004442330  -0.0001710306   0.0000503594   0.0001716511   0.0001539984
       -0.0001277570   0.0002693112   0.0003359840  -0.0001329726   0.0007164782
       -0.0003500515   0.0005024751
       -0.0225782218  -0.0836750653  -0.0454080785  -0.0690372562   0.2758607178
        0.1317955124   0.0791848906  -0.0570176873  -0.0034878735  -0.0179515864
       -0.0029399977  -0.0082909510  -0.0013507248  -0.0000851732  -0.0026153655
       -0.0010641815  -0.0005922293  -0.0007543314   0.0003508723   0.0001922874
        0.0005112872  -0.0004610631  -0.0004327802  -0.0006757824  -0.0003033998
       -0.0004470488   0.0017312432   0.0314498555  -0.1007503645  -0.0467488022
        0.0153255380  -0.0273209170  -0.0201030336  -0.0008388205  -0.0048899427
        0.0008784157   0.0002786718  -0.0005963750  -0.0002569715  -0.0025588840
       -0.0011247930   0.0028748319  -0.0002392335   0.0005265530   0.0002032308
        0.0001298404   0.0001924354  -0.0000959030   0.0004494221  -0.0002268617
       -0.0006662896  -0.0022226813   0.0010031396   0.0018639759  -0.0006013455
        0.0108936422   0.0031481130   0.0092731877   0.0085143209   0.0161571685
       -0.0096594132  -0.0055394476  -0.0114469736  -0.0080326099  -0.0093881903
       -0.0187650994  -0.0000757477   0.0001827309   0.0001703257  -0.0001050484
       -0.0001225329  -0.0001027545   0.0000142289   0.0000133120   0.0000543617
       -0.0000356247  -0.0000442396  -0.0000455745   0.0000608468   0.0001232038
        0.0002288025   0.0007466995  -0.0001573655  -0.0008834758   0.0005664848
       -0.0005422576  -0.0006492483  -0.0001872793   0.0001639043   0.0002047145
       -0.0003673460  -0.0000725259   0.0004012082  -0.0000266302  -0.0001682575
        0.0000711517  -0.0000977166  -0.0003085727   0.0001698996  -0.0000357238
       -0.0012236220   0.0005322660
       -0.0442316647  -0.0492625308  -0.1497695798   0.0524198644   0.1317955124
        0.3861751375  -0.0161419924  -0.0107252864  -0.0578574725  -0.0352275668
        0.0000077046  -0.0116525215  -0.0007451045   0.0009150794  -0.0015487288
       -0.0007926793  -0.0014175773  -0.0007708904   0.0003635869   0.0001560967
        0.0004993748   0.0004444044  -0.0012930541  -0.0014870357  -0.0017255042
       -0.0026473939   0.0006289165   0.0447472692  -0.0456602398  -0.1212426225
       -0.0004973397  -0.0103114050  -0.0005093145   0.0041234990   0.0011532754
        0.0054866825   0.0004502164  -0.0000757939  -0.0006694715   0.0039380050
        0.0019903962   0.0014133849   0.0005442436  -0.0005796504  -0.0008775194
       -0.0001473121  -0.0000112277  -0.0002091132   0.0001534283  -0.0001827614
       -0.0002795049  -0.0016326381  -0.0006964572  -0.0010700377   0.0166802482
       -0.0064868949  -0.0154904596  -0.0141843335  -0.0039863993  -0.0188021518
        0.0003170501   0.0035322603   0.0070463435  -0.0062356474  -0.0105743845
       -0.0188795227   0.0001340481   0.0007284454  -0.0000896942   0.0000907181
       -0.0000005655  -0.0001841347   0.0000017581   0.0003437904   0.0001697336
       -0.0000942925   0.0000362766   0.0000593863  -0.0000541259   0.0007886264
       -0.0000983222  -0.0015992228   0.0013420471  -0.0009925171  -0.0003123808
        0.0006657130   0.0003192379  -0.0012701001   0.0002655662  -0.0007213247
        0.0002102808   0.0001614419   0.0002730452  -0.0000940891  -0.0001002820
        0.0001612489   0.0000256423  -0.0002549338   0.0003345664   0.0003417313
        0.0003846059   0.0006348814
       -0.0375876070  -0.0057208467  -0.0180551513  -0.5795813422   0.0791848906
       -0.0161419924   0.8202818407  -0.0222842673   0.1468558746  -0.1170622762
       -0.0435267552  -0.0904105483  -0.0391385595  -0.0207028009  -0.0234317993
        0.0015693346  -0.0051046132   0.0048205626  -0.0004576781   0.0001205895
       -0.0024408394   0.0034578302  -0.0023197099   0.0011760274   0.0001593232
       -0.0040810170  -0.0200939008  -0.0486515329   0.0213998051   0.0146760855
       -0.0027719304  -0.0039300117   0.0007899327   0.0014605275   0.0007424724
        0.0016981300   0.0004407572  -0.0002918776  -0.0004876136   0.0000520442
       -0.0003622487   0.0022199252   0.0001651264   0.0001889165  -0.0002299223
        0.0001461004   0.0001032080  -0.0002795315   0.0001614040  -0.0000313870
       -0.0002178422  -0.0002339450   0.0005781342  -0.0002394348   0.0007618633
        0.0039992263   0.0005554504   0.0001722751  -0.0012182912   0.0003381878
       -0.0006446200  -0.0015592321  -0.0029469907   0.0006293780  -0.0000020167
        0.0012673304   0.0006734839   0.0020824657  -0.0003642875  -0.0009577001
       -0.0007860712  -0.0007227820  -0.0006978713   0.0008720754   0.0000620668
       -0.0002320199   0.0003901018  -0.0003310859  -0.0005332724   0.0022664237
        0.0020939022  -0.0001046485   0.0003099569  -0.0009535866  -0.0001889510
        0.0005240830   0.0002899248  -0.0005624603   0.0001712938  -0.0001864115
       -0.0001647263   0.0000601190   0.0003473542  -0.0001014732  -0.0001432223
        0.0001068212  -0.0000303568  -0.0002243932   0.0001071856  -0.0004283177
       -0.0007050000   0.0001289587
       -0.0140827490  -0.0003822592   0.0015821841   0.0688844448  -0.0570176873
       -0.0107252864  -0.0222842673   0.1261025010   0.0751672545  -0.0310478917
       -0.0772889430  -0.0390128696  -0.0275028153  -0.0115084931  -0.0144025271
       -0.0032751474   0.0026175028   0.0056505323  -0.0008391220  -0.0005257991
       -0.0022125961  -0.0023649054   0.0058660746   0.0045120597   0.0043713637
        0.0060428476  -0.0055584009   0.0245097032   0.0105324249  -0.0101666139
       -0.0007568658   0.0010843751   0.0001487561  -0.0006983604   0.0007506174
       -0.0001931857   0.0000563256   0.0002095563  -0.0000479241   0.0005332520
        0.0006955046  -0.0012397524   0.0000980759  -0.0002178115  -0.0001707053
       -0.0000550322  -0.0000230164   0.0000642597  -0.0001243620   0.0000129452
        0.0001622107   0.0001703747  -0.0007274011  -0.0001430511   0.0026754700
       -0.0035430708  -0.0018217120  -0.0001781783   0.0005108185   0.0003989054
       -0.0027273928  -0.0012815296  -0.0020645942   0.0002265486   0.0004501658
        0.0017333485   0.0022432690  -0.0012446714  -0.0012940794  -0.0006732066
       -0.0003663906  -0.0006109287   0.0007932337  -0.0009769173  -0.0002654119
        0.0003662297   0.0001156656   0.0002911628   0.0014686992  -0.0005643448
       -0.0000022472   0.0000653680   0.0002617858   0.0002838814  -0.0000073747
        0.0000485028   0.0001084852   0.0001314420  -0.0000199097   0.0000461938
        0.0000749318   0.0000565216  -0.0001784663   0.0000073857   0.0000556039
       -0.0000230100   0.0000493210   0.0001025825  -0.0000643485  -0.0001077678
        0.0001722489   0.0000484766
       -0.0328146187   0.0057554797  -0.0078987211  -0.0277102920  -0.0034878735
       -0.0578574725   0.1468558746   0.0751672545   0.2773638045  -0.0676408492
       -0.0478221684  -0.1700484572  -0.0140493335  -0.0079756911   0.0048753866
        0.0034736914   0.0037691710   0.0026783393  -0.0025455647  -0.0013752878
       -0.0022077852   0.0021897634   0.0068513160  -0.0012183480  -0.0259913709
       -0.0082559589  -0.0512309796   0.0199551989  -0.0169693345   0.0108758437
        0.0025740825  -0.0010453246  -0.0024879882  -0.0014954628  -0.0008933878
       -0.0014402152  -0.0000268633  -0.0000126737   0.0001045899  -0.0010053263
       -0.0003945749  -0.0006516345  -0.0000183654   0.0001420973   0.0001295499
        0.0000858213  -0.0000186219   0.0000418180  -0.0000257542  -0.0000711865
        0.0000663404   0.0005673248   0.0002716715   0.0004160111  -0.0006548233
        0.0002503654  -0.0000891531  -0.0024489058  -0.0009497736  -0.0032157845
       -0.0020446720  -0.0011395163  -0.0018676658   0.0006381443   0.0023009328
        0.0021229535   0.0013806325  -0.0016821160   0.0007918612   0.0004619006
        0.0001044991   0.0005530427   0.0003356122  -0.0005272065   0.0000470632
       -0.0006890164  -0.0005815138  -0.0014670644  -0.0005466440  -0.0012047916
        0.0019808050   0.0006479669   0.0000086003   0.0001570970   0.0001883383
       -0.0002246463  -0.0002121809   0.0003216984  -0.0000079726   0.0002692842
       -0.0001061083  -0.0000089096  -0.0000831426  -0.0000054604   0.0000174554
       -0.0000481287  -0.0000458183   0.0000164061  -0.0000990378   0.0001891992
       -0.0000067193  -0.0003500309
       -0.0023107585   0.0020259557   0.0001986907  -0.0518050690  -0.0179515864
       -0.0352275668  -0.1170622762  -0.0310478917  -0.0676408492   0.4824243521
        0.2214352910   0.0444401416  -0.1935278420  -0.1183399933   0.0709140651
       -0.0434928067  -0.0187950014  -0.0458748056  -0.0169002099  -0.0135800337
        0.0274737843   0.0267948944   0.0226105911  -0.0079638229  -0.0805600510
       -0.0206527831   0.0012516502   0.0028074070  -0.0013014852  -0.0007337652
        0.0002338938   0.0001195484  -0.0005865849  -0.0002566749   0.0000511568
       -0.0001631045   0.0000382920   0.0000007103  -0.0000591878   0.0000875355
        0.0000892813  -0.0003933799  -0.0000125408  -0.0000214977   0.0000640121
       -0.0000020082  -0.0000437393   0.0000255048   0.0000901146  -0.0000074012
       -0.0000813606  -0.0000204487  -0.0000378447   0.0000067161  -0.0004460536
       -0.0008103113  -0.0004620511  -0.0008929380  -0.0004467577  -0.0009706721
       -0.0004416333  -0.0000239459  -0.0008509008  -0.0000713275  -0.0000808833
       -0.0000456374  -0.0035409695  -0.0034958211   0.0029940891   0.0012718998
       -0.0045031118  -0.0035708314   0.0005190384  -0.0004032331   0.0006178211
        0.0005296519  -0.0045432488  -0.0040822153  -0.0038522759  -0.0101403869
        0.0208336041   0.0000603038   0.0003200992   0.0001230459   0.0001244106
       -0.0002680470  -0.0000811336   0.0001818346  -0.0000901855  -0.0000555558
        0.0001015018  -0.0000491484  -0.0001314531   0.0000809640   0.0000442829
       -0.0000702619   0.0000571353   0.0001280708  -0.0000475927  -0.0002073460
       -0.0001906489   0.0001496077
        0.0022481443   0.0091984191  -0.0056837893  -0.0076846127  -0.0029399977
        0.0000077046  -0.0435267552  -0.0772889430  -0.0478221684   0.2214352910
        0.3097080375  -0.0686991655  -0.1040812498  -0.1354376317   0.0576187881
       -0.0304025024  -0.0135890427  -0.0416558667  -0.0123547897  -0.0199281194
        0.0234160311   0.0298055892   0.0186216823   0.0056101450  -0.0334153623
       -0.0837642274   0.0534607800   0.0009376126  -0.0032980029   0.0034657591
        0.0006238043  -0.0004133990  -0.0008730584  -0.0002906773  -0.0002142211
       -0.0000931049   0.0000210552   0.0000411293  -0.0000442132  -0.0002265472
       -0.0001265392  -0.0001008445  -0.0000254067   0.0000085689   0.0000460886
       -0.0000126619   0.0000071449   0.0000117241   0.0000616907   0.0000224141
       -0.0000569508  -0.0001375082   0.0001034459   0.0001235788  -0.0005772203
        0.0003497994   0.0005249758  -0.0017288679  -0.0008337761  -0.0019670250
        0.0010981892   0.0009502068   0.0012232575  -0.0002059243   0.0000706313
        0.0000434716  -0.0081536206  -0.0045745405   0.0043698594  -0.0045133746
        0.0051524310  -0.0006262673  -0.0000413309  -0.0000062895   0.0004572397
       -0.0046426695   0.0052198538  -0.0005209419  -0.0043748288  -0.0066590647
        0.0174289093   0.0001182935  -0.0001887343   0.0002926696   0.0000672034
       -0.0001193173  -0.0000268810   0.0000694218  -0.0000286377   0.0000381706
       -0.0000089263  -0.0000178218  -0.0000301445   0.0000152105   0.0000099540
       -0.0000108218  -0.0000027974   0.0000194575   0.0000175619  -0.0000938717
       -0.0000548697   0.0000545283
       -0.0005070437  -0.0070613065   0.0062779358  -0.0237240604  -0.0082909510
       -0.0116525215  -0.0904105483  -0.0390128696  -0.1700484572   0.0444401416
       -0.0686991655   0.6089759240   0.0224026491   0.0213805048  -0.1033218766
       -0.0006488234  -0.0106777019   0.0453827390   0.0271509665   0.0242251085
       -0.0270963980  -0.0534684797  -0.0275342428  -0.0574455661   0.0528689885
        0.0894478925  -0.2645617742   0.0047187094   0.0053123852  -0.0020190696
       -0.0002706299   0.0004895611   0.0006253376  -0.0001909862   0.0004506016
       -0.0001512761   0.0000773274   0.0000072989  -0.0001600861   0.0002697639
        0.0001868010  -0.0004978352  -0.0000198398  -0.0000359839  -0.0000088243
       -0.0000322798  -0.0000500694   0.0000527669   0.0000493630   0.0000049534
       -0.0000499152  -0.0000290359  -0.0000826301  -0.0001281019   0.0004212496
       -0.0011895972  -0.0009288204   0.0007767030   0.0002675234   0.0012268466
       -0.0011991374  -0.0004724195  -0.0017123994  -0.0004696779  -0.0003577412
       -0.0005141218   0.0213539421   0.0193556891  -0.0100302753  -0.0042311646
       -0.0004506196  -0.0022050464   0.0006220126   0.0006473276   0.0002071284
       -0.0035276473  -0.0005702874  -0.0013711197   0.0037023676   0.0026513561
       -0.0092473519  -0.0001515863   0.0002160823   0.0002415565   0.0000158113
       -0.0001060851   0.0000655059   0.0001294713  -0.0000583121  -0.0000172570
        0.0000783928  -0.0000348533  -0.0000972605   0.0000514917   0.0000297935
       -0.0000300816   0.0000141611   0.0000641437   0.0000154512  -0.0002625721
       -0.0000521870   0.0002242442
       -0.0008724913   0.0016280202  -0.0013933156   0.0047299691  -0.0013507248
       -0.0007451045  -0.0391385595  -0.0275028153  -0.0140493335  -0.1935278420
       -0.1040812498   0.0224026491   0.4716230430   0.2442007626   0.0669218808
       -0.1773654420  -0.0783590809  -0.0848000510   0.0275369384   0.0301735655
       -0.0539261593  -0.0426977959  -0.0240011907  -0.0120869432   0.0063105659
       -0.0097104736   0.0639021582  -0.0005146155  -0.0010410625   0.0005098552
        0.0002939996   0.0000015506  -0.0001544474   0.0000033335  -0.0000414995
        0.0000584958   0.0000086834   0.0000334904   0.0000186463  -0.0000350645
       -0.0001261930   0.0001031972  -0.0000143162   0.0000303442  -0.0000096976
        0.0000229257  -0.0000127365  -0.0000228468  -0.0000112493   0.0000155853
       -0.0000001921   0.0000908223   0.0000689066   0.0000422609  -0.0000385898
        0.0001669295   0.0003689562  -0.0001867389  -0.0001665236  -0.0002646754
        0.0001029321   0.0001162491   0.0002208774   0.0000688994   0.0002483352
        0.0002697992  -0.0442071478  -0.0143461613   0.0285954334  -0.0176497780
       -0.0097264417  -0.0160200060   0.0031306227  -0.0031689603   0.0004268922
       -0.0002715880  -0.0003107209  -0.0002328159   0.0026933475  -0.0028555908
        0.0000189962  -0.0000377715   0.0000525046  -0.0001235854   0.0000155074
        0.0000247110  -0.0000161196  -0.0000243914   0.0000161937   0.0000066117
       -0.0000113370   0.0000143995   0.0000276882  -0.0000150564   0.0000047267
        0.0000160787  -0.0000185268  -0.0000050876  -0.0000005980   0.0000067115
        0.0000102379  -0.0000645855
       -0.0004778960   0.0007079287  -0.0007270931   0.0019351963  -0.0000851732
        0.0009150794  -0.0207028009  -0.0115084931  -0.0079756911  -0.1183399933
       -0.1354376317   0.0213805048   0.2442007626   0.2961294016  -0.0639322628
       -0.0660424587  -0.0861632391  -0.0271745599   0.0201881173   0.0214641657
       -0.0257936403  -0.0244585445  -0.0200213848  -0.0091368432  -0.0018037613
       -0.0097316019   0.0478495816  -0.0004679932  -0.0002950034   0.0003305226
       -0.0000690824  -0.0000701100   0.0002213980   0.0000242646   0.0000417898
        0.0001017193   0.0000003116   0.0000146920   0.0000036543  -0.0000155684
       -0.0001137504   0.0000615515   0.0000104994   0.0000216982  -0.0000073473
        0.0000203373  -0.0000113746  -0.0000368439  -0.0000083672   0.0000211384
        0.0000032631   0.0000914172   0.0000357237  -0.0000007618  -0.0002130919
        0.0001215537   0.0003036318  -0.0001068033  -0.0000869226  -0.0002103559
        0.0000306599   0.0000149986   0.0000840793   0.0000720861   0.0001884870
        0.0002147696  -0.0138631964  -0.0575620049   0.0706468249  -0.0137315639
       -0.0066188310  -0.0120978924  -0.0030777763   0.0045641367   0.0029363889
       -0.0000008552  -0.0003181097  -0.0004034195  -0.0032329515   0.0045008133
        0.0027053458   0.0001175108   0.0000968718  -0.0002002588  -0.0000152782
        0.0000627575  -0.0000111534  -0.0000252999   0.0000210350  -0.0000197024
       -0.0000213548   0.0000089814   0.0000156032  -0.0000106484  -0.0000055208
        0.0000056424  -0.0000028227  -0.0000042812  -0.0000067459  -0.0000030545
        0.0000172594  -0.0000449888
       -0.0011128606   0.0017149795  -0.0017145419  -0.0013334004  -0.0026153655
       -0.0015487288  -0.0234317993  -0.0144025271   0.0048753866   0.0709140651
        0.0576187881  -0.1033218766   0.0669218808  -0.0639322628   0.6615668827
       -0.1471204445  -0.0696693759  -0.2172476552  -0.0064350096   0.0079266936
       -0.0592960640  -0.0156537959  -0.0114043864  -0.0016893841   0.0258640169
        0.0183926373  -0.0017578511  -0.0000477883  -0.0008336440   0.0003733290
       -0.0001052337  -0.0002384585  -0.0000091640   0.0000619342  -0.0000466627
       -0.0000305633   0.0000117955   0.0000041423  -0.0000207765  -0.0000371670
       -0.0000702582   0.0000270937   0.0000268732   0.0000161385  -0.0000408497
       -0.0000023560  -0.0000012712  -0.0000108945  -0.0000011328   0.0000051645
        0.0000119110   0.0000001075   0.0001077382   0.0000498898  -0.0000435881
        0.0002669761   0.0001188145  -0.0004519658  -0.0001666318  -0.0005688448
        0.0001168028  -0.0000085542   0.0000402821  -0.0000074301   0.0000333865
        0.0001787430   0.0286290589   0.0705420009  -0.2750083082   0.0031673306
        0.0015734018   0.0042584562   0.0001073439   0.0024957509  -0.0050897026
       -0.0002661900  -0.0004098940   0.0008868116   0.0004608516   0.0030086007
       -0.0051313445  -0.0001470858   0.0000414408   0.0000629192  -0.0000183584
        0.0000469631   0.0000232268  -0.0000356419   0.0000273952   0.0000185082
       -0.0000396151   0.0000084554   0.0000329473  -0.0000271107  -0.0000204756
        0.0000203355  -0.0000104116  -0.0000467502   0.0000180930   0.0000463248
        0.0000358646  -0.0000770803
        0.0001003107   0.0006570895  -0.0004530367  -0.0010588806  -0.0010641815
       -0.0007926793   0.0015693346  -0.0032751474   0.0034736914  -0.0434928067
       -0.0304025024  -0.0006488234  -0.1773654420  -0.0660424587  -0.1471204445
        0.4870279600   0.2562242841   0.0513575986  -0.0825919372  -0.0368494275
        0.0547298489   0.0063609704  -0.0020648204   0.0265310325  -0.0052983625
        0.0030693960  -0.0165171692   0.0003842146  -0.0002813900   0.0002050064
       -0.0000225256  -0.0000834681   0.0000282323  -0.0000382236   0.0000103507
       -0.0000314605   0.0000165247  -0.0000084614  -0.0000178487  -0.0000223941
        0.0000301085  -0.0000344324  -0.0000161843  -0.0000202390   0.0000285671
       -0.0000090310   0.0000198289   0.0000088029   0.0000004715   0.0000149632
        0.0000013103   0.0000108703  -0.0001040080  -0.0000357048  -0.0000138348
       -0.0000119578  -0.0000620062  -0.0001408694  -0.0000738061  -0.0001343222
        0.0001381750   0.0001023324   0.0000534224  -0.0000524216   0.0000299356
        0.0000547368   0.0018268852   0.0009735437   0.0011833839  -0.1883231205
       -0.1199206854   0.0465793413   0.0013171083   0.0048228154  -0.0189624816
       -0.0008323354  -0.0063966162   0.0010410770   0.0005041150   0.0005019634
       -0.0004332427  -0.0000113280   0.0000504183  -0.0000265944   0.0000040606
       -0.0000014358   0.0000009861   0.0000207216  -0.0000031100  -0.0000017869
       -0.0000010549  -0.0000047975  -0.0000132123   0.0000023794   0.0000041243
       -0.0000078092   0.0000025164   0.0000147347  -0.0000026318   0.0000041338
        0.0000826243   0.0000186489
       -0.0002089224  -0.0001580502   0.0001789300  -0.0026426752  -0.0005922293
       -0.0014175773  -0.0051046132   0.0026175028   0.0037691710  -0.0187950014
       -0.0135890427  -0.0106777019  -0.0783590809  -0.0861632391  -0.0696693759
        0.2562242841   0.3154732825  -0.0722722258  -0.0233434335  -0.0838777041
        0.0935505613  -0.0119315084  -0.0114729776   0.0198253467   0.0038807784
       -0.0021823763  -0.0010723320   0.0002985703   0.0002466006  -0.0005020611
        0.0000244121   0.0000566390   0.0000957986   0.0000041396   0.0000478991
        0.0000305672   0.0000051061   0.0000116435  -0.0000090022   0.0000266831
        0.0000354403  -0.0000183921   0.0000027206  -0.0000038075   0.0000120966
       -0.0000079238   0.0000047537   0.0000036269  -0.0000259696   0.0000113929
        0.0000233469   0.0000272841  -0.0000790245  -0.0000315983   0.0000050143
       -0.0001405673  -0.0000595182   0.0000054761  -0.0000050741   0.0000486411
       -0.0000312585   0.0000173276  -0.0000674112   0.0000141900   0.0000130540
        0.0000470997   0.0050342550   0.0024692365   0.0061875858  -0.1200035206
       -0.1282988414   0.0387468798   0.0007415635   0.0023942172  -0.0085229089
       -0.0063494252   0.0028819127   0.0021168725   0.0005141271   0.0001762565
       -0.0002457219  -0.0000422259   0.0000286310  -0.0000313711   0.0000011729
        0.0000000273  -0.0000068952   0.0000117259  -0.0000019342  -0.0000213912
        0.0000151978   0.0000037862  -0.0000142970   0.0000084600   0.0000133771
       -0.0000080252   0.0000024693   0.0000259656  -0.0000060149  -0.0000020718
        0.0000359221   0.0000172975
        0.0002061870  -0.0003582860   0.0004590975  -0.0016148005  -0.0007543314
       -0.0007708904   0.0048205626   0.0056505323   0.0026783393  -0.0458748056
       -0.0416558667   0.0453827390  -0.0848000510  -0.0271745599  -0.2172476552
        0.0513575986  -0.0722722258   0.6396572826  -0.0088131213   0.0478016420
       -0.3030363442   0.0750225183   0.0536082467  -0.0031910254  -0.0206244181
       -0.0026231852  -0.0573917786   0.0004333056   0.0001617304   0.0000831522
       -0.0000863589  -0.0001367697   0.0000218099  -0.0000392827   0.0000008308
       -0.0000886120   0.0000005171  -0.0000101642  -0.0000215965   0.0000143483
        0.0000489001  -0.0000829377  -0.0000066765  -0.0000163186   0.0000106564
       -0.0000077084   0.0000237507   0.0000240070   0.0000253047   0.0000101949
       -0.0000165536  -0.0000210231  -0.0000366659  -0.0000613077   0.0000716305
       -0.0000516695  -0.0002064876   0.0000522772   0.0000248705   0.0000936904
       -0.0000378143   0.0000042957  -0.0000785725  -0.0000567057  -0.0000428052
       -0.0000500201  -0.0176540760  -0.0081336177  -0.0239525311   0.0466625726
        0.0387491461  -0.0593113486   0.0006447032   0.0054277017  -0.0234955016
        0.0004573004   0.0018730137   0.0009765670  -0.0001834083  -0.0002094293
       -0.0004996736   0.0000062035   0.0000478689   0.0000084188   0.0000029238
       -0.0000052733   0.0000155370   0.0000308048  -0.0000052517   0.0000159015
        0.0000021581  -0.0000019632  -0.0000004195   0.0000021476   0.0000049191
        0.0000130082   0.0000046495   0.0000040591   0.0000150880   0.0000025369
        0.0000466806   0.0000479608
        0.0000805048   0.0000968938  -0.0000293687   0.0005916361   0.0003508723
        0.0003635869  -0.0004576781  -0.0008391220  -0.0025455647  -0.0169002099
       -0.0123547897   0.0271509665   0.0275369384   0.0201881173  -0.0064350096
       -0.0825919372  -0.0233434335  -0.0088131213   0.4818734585   0.2518093495
        0.0643850083  -0.2153174546  -0.1372620323   0.0703218380  -0.0443450607
       -0.0219603086  -0.0451709558  -0.0000275881  -0.0002800817   0.0001683965
       -0.0000607750  -0.0000797380   0.0000302923  -0.0000307920   0.0000134895
       -0.0000169081   0.0000133215  -0.0000141019  -0.0000041960  -0.0000221203
       -0.0000045711  -0.0000154243  -0.0000091836  -0.0000034488   0.0000264130
       -0.0000088206   0.0000302592   0.0000167450  -0.0000013310   0.0000297186
       -0.0000016127   0.0000084015  -0.0000793685  -0.0000723644   0.0000182228
        0.0000543037  -0.0000036290  -0.0000167301  -0.0000100607   0.0000019170
        0.0000706199   0.0000139564   0.0000077361  -0.0000122981   0.0000271247
        0.0000366122   0.0007662150  -0.0047357146  -0.0042218365  -0.0043788765
       -0.0083576372   0.0220564737  -0.1441134674  -0.0553881311  -0.1159939933
       -0.0034379140  -0.0036532123   0.0024531518   0.0007560630  -0.0044421187
       -0.0037233833   0.0000343656   0.0000241377  -0.0000274087  -0.0000030178
        0.0000210448   0.0000039909   0.0000060251   0.0000192727   0.0000075923
       -0.0000162551   0.0000094602   0.0000048015  -0.0000104674   0.0000056158
        0.0000052626  -0.0000077809   0.0000080362   0.0000005946   0.0000139866
        0.0001062181   0.0000333969
        0.0000626757   0.0000786320  -0.0000216263   0.0003637121   0.0001922874
        0.0001560967   0.0001205895  -0.0005257991  -0.0013752878  -0.0135800337
       -0.0199281194   0.0242251085   0.0301735655   0.0214641657   0.0079266936
       -0.0368494275  -0.0838777041   0.0478016420   0.2518093495   0.3075178378
       -0.0667274748  -0.1225706539  -0.1496568339   0.0636290685  -0.0331586954
       -0.0125164405  -0.0424655016   0.0000015450  -0.0001614318   0.0001069125
       -0.0000803718  -0.0000893979   0.0000102010  -0.0000387805   0.0000090031
        0.0000067496   0.0000059777  -0.0000022266   0.0000034607  -0.0000114782
       -0.0000362954  -0.0000381929   0.0000033420  -0.0000068091   0.0000218000
       -0.0000084288   0.0000123680   0.0000082938   0.0000030047   0.0000205275
       -0.0000131530   0.0000108348  -0.0000424619  -0.0000578987  -0.0000063411
        0.0000248410  -0.0000307745  -0.0000283659   0.0000056914  -0.0000155373
        0.0000528030   0.0000206033   0.0000047098  -0.0000164490   0.0000110731
        0.0000130405  -0.0044864718   0.0048640327  -0.0010058752  -0.0042309191
       -0.0060530615   0.0177759099  -0.0554504319  -0.0606621403  -0.0536475143
       -0.0078367521  -0.0058151627   0.0040889790  -0.0042559425   0.0049872280
       -0.0004087947   0.0000253306   0.0000419302  -0.0000234343  -0.0000075620
        0.0000283276   0.0000085334   0.0000015718   0.0000135359   0.0000127134
       -0.0000145171  -0.0000020439   0.0000082341  -0.0000028363  -0.0000035998
        0.0000020352  -0.0000024902   0.0000048563  -0.0000030830   0.0000026468
        0.0000825870   0.0000239663
        0.0000144494   0.0000540278  -0.0000408710   0.0007198142   0.0005112872
        0.0004993748  -0.0024408394  -0.0022125961  -0.0022077852   0.0274737843
        0.0234160311  -0.0270963980  -0.0539261593  -0.0257936403  -0.0592960640
        0.0547298489   0.0935505613  -0.3030363442   0.0643850083  -0.0667274748
        0.6438216057   0.0063414473   0.0186412375  -0.1066856499   0.0024472380
       -0.0084412706   0.0464581285  -0.0003232187  -0.0002054631  -0.0000284689
        0.0001277673   0.0001104432  -0.0000008152   0.0000307917   0.0000099269
        0.0000695873  -0.0000154111   0.0000322818   0.0000359059   0.0000070777
       -0.0000348644   0.0000531306  -0.0000286379   0.0000083434   0.0000128029
        0.0000015984  -0.0000108048   0.0000038306  -0.0000012511  -0.0000075168
        0.0000015210   0.0000002378  -0.0000014497   0.0000092201  -0.0000627972
        0.0000421625   0.0001161666   0.0000456015  -0.0000168092   0.0000428722
       -0.0000130102  -0.0000160262   0.0000057130   0.0000325932   0.0000919279
        0.0000639641  -0.0037714461  -0.0003869166  -0.0017947495   0.0025753172
        0.0038836694  -0.0085701032  -0.1159163521  -0.0537297801  -0.1705956775
        0.0219660475   0.0180167092  -0.0097419978  -0.0043392399  -0.0007176328
       -0.0020110597  -0.0000110465  -0.0000766797  -0.0000648272  -0.0000186288
        0.0000081472   0.0000052015  -0.0000195362  -0.0000014883  -0.0000055195
        0.0000010113   0.0000009336   0.0000056330   0.0000002820   0.0000013320
       -0.0000039964  -0.0000076477  -0.0000006799  -0.0000065525  -0.0000046936
        0.0000020713  -0.0000177779
        0.0003406539   0.0002878292  -0.0000020292  -0.0011024082  -0.0004610631
        0.0004444044   0.0034578302  -0.0023649054   0.0021897634   0.0267948944
        0.0298055892  -0.0534684797  -0.0426977959  -0.0244585445  -0.0156537959
        0.0063609704  -0.0119315084   0.0750225183  -0.2153174546  -0.1225706539
        0.0063414473   0.4770546606   0.2487302314   0.0531616612  -0.1780373030
       -0.0777325862  -0.0846049660  -0.0000562413  -0.0000190047   0.0000396896
        0.0001785970   0.0000930973  -0.0000862308  -0.0000083559   0.0000463714
        0.0000699190  -0.0000052109   0.0000190220   0.0000329025   0.0000238527
       -0.0000288067  -0.0000186497  -0.0000090958  -0.0000214528   0.0000228982
       -0.0000054724   0.0000021920   0.0000243679   0.0000085093   0.0000211714
       -0.0000327005   0.0000314254  -0.0000616413  -0.0000157226  -0.0001208072
       -0.0001253938   0.0001011904  -0.0000248599  -0.0000281732  -0.0000234758
        0.0000218985   0.0001030105   0.0001080814   0.0000012141   0.0000280676
       -0.0000058201  -0.0006049450   0.0000673249  -0.0000901655   0.0032015663
       -0.0032062232   0.0000590503  -0.0170711538  -0.0131912839   0.0027421074
       -0.0448761509  -0.0141574447   0.0295333066  -0.0175349980  -0.0088427452
       -0.0158927347  -0.0000243469  -0.0000395848   0.0000211893   0.0000127250
       -0.0000302386  -0.0000129324   0.0000123305  -0.0000127813  -0.0000258676
        0.0000240789  -0.0000083475  -0.0000128992   0.0000093819   0.0000220731
       -0.0000067899  -0.0000019120   0.0000418460  -0.0000175546  -0.0000360773
        0.0000245572   0.0000563169
       -0.0000994967  -0.0002086482   0.0001739876  -0.0018313446  -0.0004327802
       -0.0012930541  -0.0023197099   0.0058660746   0.0068513160   0.0226105911
        0.0186216823  -0.0275342428  -0.0240011907  -0.0200213848  -0.0114043864
       -0.0020648204  -0.0114729776   0.0536082467  -0.1372620323  -0.1496568339
        0.0186412375   0.2487302314   0.3114899397  -0.0791026917  -0.0641119070
       -0.0850486126  -0.0233176745   0.0001579466  -0.0002100917  -0.0001422178
        0.0001889082   0.0000053808  -0.0000862860   0.0000072435   0.0000345048
        0.0000389082  -0.0000103084   0.0000481330   0.0000267895   0.0000447941
       -0.0000333898  -0.0000238193  -0.0000266845  -0.0000120679   0.0000277105
       -0.0000076046  -0.0000112145   0.0000194728   0.0000128153  -0.0000033579
       -0.0000451791   0.0000063795  -0.0000367780  -0.0000411829  -0.0000117158
       -0.0001580691   0.0000235423   0.0000355317   0.0000065812   0.0000067849
       -0.0000622900  -0.0000341759  -0.0000539746  -0.0000039533  -0.0000156726
       -0.0000375081  -0.0001993676  -0.0000749531  -0.0002758078  -0.0033366754
        0.0048393374   0.0027506255  -0.0086920857  -0.0066402495   0.0011966906
       -0.0141164808  -0.0601690515   0.0721551957  -0.0135905918  -0.0067124669
       -0.0121628476  -0.0000245385  -0.0000063857   0.0000107088   0.0000046980
       -0.0000209451  -0.0000118492  -0.0000029366  -0.0000026146  -0.0000214406
        0.0000038162   0.0000004866  -0.0000129301  -0.0000003659   0.0000173288
       -0.0000044671  -0.0000029420   0.0000340003  -0.0000136114  -0.0000239131
        0.0000192721   0.0000539544
       -0.0001686222  -0.0006967249   0.0006076514  -0.0016111593  -0.0006757824
       -0.0014870357   0.0011760274   0.0045120597  -0.0012183480  -0.0079638229
        0.0056101450  -0.0574455661  -0.0120869432  -0.0091368432  -0.0016893841
        0.0265310325   0.0198253467  -0.0031910254   0.0703218380   0.0636290685
       -0.1066856499   0.0531616612  -0.0791026917   0.6509819813  -0.1462710155
       -0.0682207666  -0.2130056963   0.0004711502   0.0005644858  -0.0005456256
        0.0001362267   0.0001893214   0.0000244763   0.0000034607   0.0001413439
        0.0000463225  -0.0000556448  -0.0000068100   0.0000635252   0.0000161204
        0.0000447920  -0.0000003649  -0.0000346733   0.0000143341   0.0000114741
       -0.0000281780  -0.0000319767   0.0000096176   0.0000100625  -0.0000461051
       -0.0000168871   0.0000965562  -0.0000408281   0.0000996263   0.0000447107
       -0.0001852583  -0.0000335715   0.0001372875   0.0000007428   0.0001776971
       -0.0001345301  -0.0000137451  -0.0001169374   0.0000083300   0.0000526254
        0.0000262817  -0.0003698556  -0.0002877789   0.0008876282   0.0005444339
        0.0030408639  -0.0051380448  -0.0168245110  -0.0127812209   0.0037572820
        0.0294055151   0.0720107687  -0.2702583660   0.0034392173   0.0017393155
        0.0043547680  -0.0000116428  -0.0000679891  -0.0000193375  -0.0000083059
       -0.0000325125  -0.0000113400   0.0000202452  -0.0000331555  -0.0000456283
        0.0000347566  -0.0000211442  -0.0000425551   0.0000283009   0.0000267641
       -0.0000367866   0.0000034868   0.0000415770  -0.0000092236  -0.0000215154
       -0.0000622210  -0.0000509577
       -0.0011296665  -0.0013362096   0.0006196061   0.0023354310  -0.0003033998
       -0.0017255042   0.0001593232   0.0043713637  -0.0259913709  -0.0805600510
       -0.0334153623   0.0528689885   0.0063105659  -0.0018037613   0.0258640169
       -0.0052983625   0.0038807784  -0.0206244181  -0.0443450607  -0.0331586954
        0.0024472380  -0.1780373030  -0.0641119070  -0.1462710155   0.4871589894
        0.2577574412   0.0650484526  -0.0003172542   0.0012385497  -0.0002339197
       -0.0006750939   0.0001361209   0.0000946871  -0.0000002065  -0.0000890502
       -0.0001904644  -0.0000003789  -0.0000683907  -0.0000028041  -0.0001181823
        0.0000543600  -0.0000255558   0.0000706644  -0.0000446087  -0.0000317861
       -0.0000142118   0.0000191813  -0.0000123355   0.0000359245  -0.0000041999
       -0.0000395016  -0.0000505699   0.0000395891   0.0002941921  -0.0001243172
        0.0003560861  -0.0001760350   0.0001721217  -0.0000000156   0.0001265707
       -0.0003405247  -0.0002838736  -0.0003543188  -0.0000377764   0.0000703654
        0.0000767565  -0.0009434933  -0.0063849429   0.0008939920   0.0004654106
        0.0005673132  -0.0003551059  -0.0009161301  -0.0059111222   0.0005194416
        0.0019259239   0.0006115556   0.0008817647  -0.1855446798  -0.1219956925
        0.0462430325   0.0000279178  -0.0001349288   0.0000918967  -0.0000260036
        0.0000568882   0.0000502451  -0.0000099797   0.0000123964   0.0000560643
       -0.0000425138   0.0000009920   0.0000039791  -0.0000260318  -0.0000251236
        0.0000087680  -0.0000436096  -0.0000787729   0.0000268713  -0.0000608709
       -0.0000229243  -0.0001824283
       -0.0006384397  -0.0006244703   0.0003398321   0.0021807451  -0.0004470488
       -0.0026473939  -0.0040810170   0.0060428476  -0.0082559589  -0.0206527831
       -0.0837642274   0.0894478925  -0.0097104736  -0.0097316019   0.0183926373
        0.0030693960  -0.0021823763  -0.0026231852  -0.0219603086  -0.0125164405
       -0.0084412706  -0.0777325862  -0.0850486126  -0.0682207666   0.2577574412
        0.3089986291  -0.0668113590   0.0004290821   0.0004981249   0.0000168489
        0.0001838090   0.0001803066   0.0000043259   0.0000698676   0.0000225871
       -0.0000487885  -0.0000482470  -0.0000219143   0.0000541743  -0.0001762291
        0.0002716747   0.0001964594  -0.0000109237   0.0000128685   0.0000548795
       -0.0000260665  -0.0000810166   0.0000335574  -0.0000562543  -0.0001119686
        0.0000777001   0.0001246190  -0.0002785201   0.0001230172   0.0002523729
        0.0000053911  -0.0000007397   0.0000886169   0.0000155602   0.0001100055
       -0.0001502806  -0.0001013527  -0.0001738254  -0.0000117519   0.0000174231
        0.0000335915  -0.0059195578   0.0025656165   0.0019344530   0.0005079117
        0.0003172684  -0.0002312530  -0.0062730008   0.0027615631   0.0017474122
        0.0045491319   0.0028911012   0.0060408219  -0.1218118200  -0.1294107314
        0.0389485191  -0.0000911403  -0.0001251399   0.0000848945  -0.0000097246
       -0.0000676033   0.0000032930   0.0000084411  -0.0000542756  -0.0000177872
        0.0000491817  -0.0000108252  -0.0000410154   0.0000275178   0.0000166700
       -0.0000357321   0.0000278277   0.0000482795  -0.0000402464   0.0000346430
       -0.0000877860  -0.0000549934
       -0.0007864929  -0.0008527121   0.0003892868   0.0096380863   0.0017312432
        0.0006289165  -0.0200939008  -0.0055584009  -0.0512309796   0.0012516502
        0.0534607800  -0.2645617742   0.0639021582   0.0478495816  -0.0017578511
       -0.0165171692  -0.0010723320  -0.0573917786  -0.0451709558  -0.0424655016
        0.0464581285  -0.0846049660  -0.0233176745  -0.2130056963   0.0650484526
       -0.0668113590   0.6231683394  -0.0004970300   0.0003325733  -0.0000126510
       -0.0003158195  -0.0001787780   0.0002719601  -0.0000479346   0.0000822007
        0.0000547580   0.0000552173   0.0000747258  -0.0000535083   0.0000270917
       -0.0001588958  -0.0000719709  -0.0000034281   0.0000102316   0.0000029419
        0.0000112035   0.0000479710   0.0000091221  -0.0000125491   0.0001002104
       -0.0000273337   0.0000372686  -0.0000485930  -0.0002827620  -0.0000473208
        0.0001311878   0.0000174832   0.0001728429   0.0000584376   0.0001822861
       -0.0000344189  -0.0000516802  -0.0000467404  -0.0000124401   0.0001666387
        0.0002371158   0.0004609403   0.0014319922   0.0005002146  -0.0002547373
       -0.0002795107  -0.0004865369   0.0007759015   0.0022285454   0.0009801599
       -0.0185662816  -0.0074091297  -0.0248383270   0.0456434407   0.0399070021
       -0.0592566826   0.0000618271   0.0001921006  -0.0001498743  -0.0000243516
        0.0001132040   0.0000263093  -0.0000227881   0.0000521709   0.0000295587
       -0.0000446332   0.0000286477   0.0000583763  -0.0000405162  -0.0000042595
        0.0000589599  -0.0000131812  -0.0000237596   0.0000197333   0.0000248342
        0.0002331423   0.0000808167
        0.0075026832  -0.0019148921  -0.0047313638  -0.0842282624   0.0314498555
        0.0447472692  -0.0486515329   0.0245097032   0.0199551989   0.0028074070
        0.0009376126   0.0047187094  -0.0005146155  -0.0004679932  -0.0000477883
        0.0003842146   0.0002985703   0.0004333056  -0.0000275881   0.0000015450
       -0.0003232187  -0.0000562413   0.0001579466   0.0004711502  -0.0003172542
        0.0004290821  -0.0004970300   0.3326983466   0.0189610841  -0.2049685863
       -0.0665093489  -0.0038831465   0.0225993603   0.0137442595   0.0135193146
       -0.0152532442  -0.0087468026  -0.0166917277   0.0055006747  -0.0186117931
        0.0163690230   0.0226032598  -0.0005613541  -0.0024344249   0.0074642000
       -0.0032069603   0.0069572976   0.0032459424   0.0112792919  -0.0001334345
       -0.0061982361  -0.0077478114  -0.0224509406   0.0081134212  -0.1273643622
       -0.0486309874   0.0903016473  -0.0000305239  -0.0004535046  -0.0002674350
        0.0006437527   0.0001044103  -0.0002230087  -0.0011087079  -0.0011110396
       -0.0030279650   0.0000944801  -0.0000233130  -0.0000690920  -0.0000379009
       -0.0000444090   0.0000446606  -0.0000303358  -0.0000570275  -0.0000740422
        0.0000647588   0.0000435443  -0.0000449071  -0.0002045877   0.0003279309
       -0.0005180611  -0.0013790381  -0.0185388222   0.0024232752   0.0018385705
        0.0024046422   0.0050575741   0.0001596378  -0.0003514110  -0.0000408004
       -0.0007269255  -0.0003680275   0.0004641346  -0.0007612032   0.0000605699
       -0.0007938677   0.0002484124   0.0000805250   0.0002211052  -0.0006426651
        0.0009424439  -0.0012862421
        0.0029720181  -0.0058307488  -0.0151506558   0.0322586215  -0.1007503645
       -0.0456602398   0.0213998051   0.0105324249  -0.0169693345  -0.0013014852
       -0.0032980029   0.0053123852  -0.0010410625  -0.0002950034  -0.0008336440
       -0.0002813900   0.0002466006   0.0001617304  -0.0002800817  -0.0001614318
       -0.0002054631  -0.0000190047  -0.0002100917   0.0005644858   0.0012385497
        0.0004981249   0.0003325733   0.0189610841   0.6505757097   0.0132778184
       -0.0421915764  -0.3546916847   0.0305353011   0.0477937329  -0.0458214239
       -0.0572509885  -0.0213724347  -0.0352298883   0.0228352214   0.0013242465
        0.0433957332  -0.0006497586  -0.0028854365  -0.0103354891   0.0029760074
       -0.0050045287   0.0116506789   0.0054912310   0.0121659986  -0.0063081874
       -0.0135310276  -0.0268013091  -0.0421089162   0.0306829728  -0.0359532936
       -0.0924962360   0.0387005096   0.0002155310  -0.0003013335  -0.0008543421
        0.0002011614  -0.0001385281   0.0003277493  -0.0003598001   0.0002038541
       -0.0025146108  -0.0001315838  -0.0001456584   0.0001053513  -0.0000051466
       -0.0000564323  -0.0000033542   0.0000080044  -0.0000557639   0.0000211502
        0.0000777091   0.0000195680   0.0001884021   0.0005345083  -0.0005690506
        0.0005852803  -0.0032771417  -0.0169313586   0.0033773407   0.0024303407
       -0.0016762426  -0.0028221214  -0.0002562175  -0.0001517167   0.0004268472
        0.0007052559   0.0000278457  -0.0008257971   0.0000504298   0.0001233105
       -0.0000269357  -0.0007500161  -0.0007552184   0.0008959058  -0.0004254885
        0.0010449215   0.0005000095
        0.0069645862  -0.0188852820  -0.0180858267   0.0396848676  -0.0467488022
       -0.1212426225   0.0146760855  -0.0101666139   0.0108758437  -0.0007337652
        0.0034657591  -0.0020190696   0.0005098552   0.0003305226   0.0003733290
        0.0002050064  -0.0005020611   0.0000831522   0.0001683965   0.0001069125
       -0.0000284689   0.0000396896  -0.0001422178  -0.0005456256  -0.0002339197
        0.0000168489  -0.0000126510  -0.2049685863   0.0132778184   0.3768650022
        0.0224624682  -0.0128167767  -0.0649359676  -0.0127624336  -0.0165652029
        0.0143838528   0.0047088476   0.0174286901  -0.0083653872   0.0222481955
       -0.0161636099  -0.0245297867   0.0074701609   0.0020971717  -0.0023534201
        0.0031373531  -0.0075055977  -0.0034024990  -0.0058251135   0.0004410677
        0.0124435300   0.0087987105   0.0243379029  -0.0092871837   0.0901217522
        0.0537930940  -0.1541640929   0.0003512293   0.0000072499   0.0001792041
        0.0002147495  -0.0003151142   0.0001828078  -0.0016976771  -0.0025208806
       -0.0030885361   0.0000311296   0.0001118380   0.0000054865  -0.0000245911
        0.0000253109  -0.0000247932  -0.0000532868   0.0000777064   0.0000217958
       -0.0000975332  -0.0000347581  -0.0001089070  -0.0006069129   0.0004851724
       -0.0000814331   0.0022775649   0.0197847796  -0.0015552808   0.0046316001
       -0.0029376499   0.0003997262  -0.0001452632   0.0003612776   0.0000951136
        0.0006342769   0.0004405360  -0.0008906727  -0.0007822083  -0.0000765137
       -0.0006124556   0.0000485819  -0.0000234338  -0.0000678163  -0.0014538158
       -0.0011851442  -0.0005063474
       -0.0006721647   0.0006930681   0.0008583471   0.0032037679   0.0153255380
       -0.0004973397  -0.0027719304  -0.0007568658   0.0025740825   0.0002338938
        0.0006238043  -0.0002706299   0.0002939996  -0.0000690824  -0.0001052337
       -0.0000225256   0.0000244121  -0.0000863589  -0.0000607750  -0.0000803718
        0.0001277673   0.0001785970   0.0001889082   0.0001362267  -0.0006750939
        0.0001838090  -0.0003158195  -0.0665093489  -0.0421915764   0.0224624682
        0.3475258361   0.0259717526  -0.2619040380  -0.1257141041   0.0867541551
        0.0906069550  -0.0292150961  -0.0094518722   0.0334049081  -0.0012917522
        0.0151865201  -0.0042821862  -0.0029638091  -0.0049871971   0.0030574534
       -0.0011781920   0.0050046794   0.0017558457   0.0036152415  -0.0010178475
       -0.0037333442  -0.0009728012  -0.0067227708   0.0073704756   0.0058524699
       -0.0145996213  -0.0050124699   0.0000233738   0.0002275246   0.0002356055
       -0.0000754188  -0.0001331106  -0.0000323727   0.0002547832   0.0000863192
        0.0004786429  -0.0000447948   0.0000130561   0.0000284898  -0.0000706672
       -0.0000222349  -0.0000185495  -0.0000215303  -0.0000286862  -0.0000334177
       -0.0000162308  -0.0000223258  -0.0000710750  -0.0000135203  -0.0000837874
        0.0000253092  -0.1327260352  -0.0682618436   0.1070606268   0.0015922385
       -0.0001177161  -0.0001288647   0.0029106680  -0.0017482078   0.0068411758
        0.0000245025  -0.0000299462  -0.0002937339   0.0000545043   0.0000867332
       -0.0000043662  -0.0005620129  -0.0001553027  -0.0002680856  -0.0001860724
        0.0001100863   0.0000335056
        0.0009037072   0.0006122023   0.0004873391   0.0111622160  -0.0273209170
       -0.0103114050  -0.0039300117   0.0010843751  -0.0010453246   0.0001195484
       -0.0004133990   0.0004895611   0.0000015506  -0.0000701100  -0.0002384585
       -0.0000834681   0.0000566390  -0.0001367697  -0.0000797380  -0.0000893979
        0.0001104432   0.0000930973   0.0000053808   0.0001893214   0.0001361209
        0.0001803066  -0.0001787780  -0.0038831465  -0.3546916847  -0.0128167767
        0.0259717526   0.6676776595  -0.0012153630   0.0346653030  -0.1557632164
       -0.0423509729   0.0267516889   0.0518620677  -0.0282147353   0.0018374820
       -0.0410179850  -0.0035634212   0.0069517835   0.0116836623  -0.0075212964
        0.0051571910  -0.0142369879  -0.0056369367  -0.0120924256   0.0005050253
        0.0138022219   0.0052322954   0.0196548488  -0.0062144988  -0.0431374815
       -0.0472462826   0.0481274310   0.0001682591   0.0000890933  -0.0000636364
       -0.0000863295  -0.0001092921   0.0000959806  -0.0003453156   0.0001503293
       -0.0003180403  -0.0001168633  -0.0000946850   0.0001360439  -0.0000443615
       -0.0000563474   0.0000240320  -0.0000465938  -0.0000359026  -0.0000189658
       -0.0000148603   0.0000135713   0.0000281991  -0.0001635805  -0.0001688072
        0.0001808599  -0.0681226564  -0.0924287599   0.0725420819   0.0153686515
       -0.0202363368  -0.0182380527  -0.0023095000  -0.0000138521   0.0021595409
        0.0000427312   0.0001536032  -0.0000770549   0.0000267558   0.0000112231
       -0.0001093219  -0.0001713638   0.0000255913   0.0001231083   0.0000375619
        0.0002283846  -0.0002263555
        0.0011240261  -0.0002208327  -0.0022427908   0.0022210391  -0.0201030336
       -0.0005093145   0.0007899327   0.0001487561  -0.0024879882  -0.0005865849
       -0.0008730584   0.0006253376  -0.0001544474   0.0002213980  -0.0000091640
        0.0000282323   0.0000957986   0.0000218099   0.0000302923   0.0000102010
       -0.0000008152  -0.0000862308  -0.0000862860   0.0000244763   0.0000946871
        0.0000043259   0.0002719601   0.0225993603   0.0305353011  -0.0649359676
       -0.2619040380  -0.0012153630   0.4017165688   0.0877207337  -0.1011030262
       -0.1500979937   0.0349329636   0.0126817059  -0.0372657502  -0.0046756427
       -0.0179640721  -0.0012510570   0.0033858119   0.0058569977  -0.0038265362
        0.0019352901  -0.0058747456  -0.0016917123  -0.0039067314   0.0011513191
        0.0046278702   0.0073956117   0.0078208966  -0.0028508493  -0.0048962183
        0.0154401639   0.0086827864  -0.0000403797  -0.0001856136  -0.0001177916
        0.0001835155   0.0001546605   0.0001185629  -0.0001262639  -0.0001337063
       -0.0006139648   0.0000622680  -0.0000230574  -0.0001077482   0.0000322871
        0.0000102514  -0.0000001742   0.0000141322  -0.0000012120  -0.0000192414
        0.0000152556   0.0000370141   0.0000235914   0.0000364519   0.0000703984
       -0.0000560375   0.1071017640   0.0728769193  -0.1498943911   0.0004149420
       -0.0007786647   0.0006954387   0.0068469637   0.0015794975   0.0018364727
       -0.0003049598   0.0000467927   0.0000757206  -0.0000255297  -0.0001071268
        0.0000323304  -0.0002923059   0.0001433542  -0.0005107120   0.0000337714
       -0.0002159536  -0.0002629263
       -0.0007257682   0.0010311631   0.0008690923   0.0057775133  -0.0008388205
        0.0041234990   0.0014605275  -0.0006983604  -0.0014954628  -0.0002566749
       -0.0002906773  -0.0001909862   0.0000033335   0.0000242646   0.0000619342
       -0.0000382236   0.0000041396  -0.0000392827  -0.0000307920  -0.0000387805
        0.0000307917  -0.0000083559   0.0000072435   0.0000034607  -0.0000002065
        0.0000698676  -0.0000479346   0.0137442595   0.0477937329  -0.0127624336
       -0.1257141041   0.0346653030   0.0877207337   0.3604934454   0.0378949078
       -0.2726012724  -0.1741748712  -0.0526886042   0.1418927256  -0.0057309353
       -0.0518486517   0.0054985003   0.0111236519   0.0120830718  -0.0056777829
        0.0037272662  -0.0123816311  -0.0037522278  -0.0075322416   0.0015271345
        0.0090749846   0.0036379170   0.0101876297  -0.0042509180  -0.0224491912
       -0.0083399752   0.0194794012  -0.0000386929   0.0000094838  -0.0000345122
       -0.0000882846  -0.0000649426  -0.0000706988   0.0001555409   0.0001430759
        0.0003482763   0.0000119013  -0.0000137062  -0.0000113622   0.0000228365
        0.0000122885   0.0000002132   0.0000164355   0.0000006729   0.0000148523
        0.0000136579  -0.0000108818   0.0000231612  -0.0000379320  -0.0000269998
        0.0000365409  -0.0107443488   0.0093804441   0.0135597294  -0.0404384622
       -0.0218223156   0.0055883748  -0.0115883405  -0.0059762655   0.0135499662
       -0.0000061513   0.0002002366  -0.0001831776  -0.0004494412  -0.0000769282
       -0.0005279077  -0.0000461882   0.0000212985   0.0000051609  -0.0000890804
        0.0000615821  -0.0002354389
        0.0001009553  -0.0000899427  -0.0008923674  -0.0019601520  -0.0048899427
        0.0011532754   0.0007424724   0.0007506174  -0.0008933878   0.0000511568
       -0.0002142211   0.0004506016  -0.0000414995   0.0000417898  -0.0000466627
        0.0000103507   0.0000478991   0.0000008308   0.0000134895   0.0000090031
        0.0000099269   0.0000463714   0.0000345048   0.0001413439  -0.0000890502
        0.0000225871   0.0000822007   0.0135193146  -0.0458214239  -0.0165652029
        0.0867541551  -0.1557632164  -0.1011030262   0.0378949078   0.6642986198
       -0.0175471127  -0.1007702299  -0.1466335547   0.1072561574  -0.0207456184
       -0.0250883581   0.0221202079  -0.0004332432  -0.0064401437   0.0001435889
       -0.0010196817   0.0004639340   0.0011637020   0.0014290539   0.0004080550
       -0.0016588697  -0.0012707110  -0.0034280334   0.0013939540   0.0030637069
        0.0068149766  -0.0032133461   0.0000069354  -0.0000939842  -0.0001555303
        0.0001392520   0.0000303157   0.0000442139  -0.0000583121   0.0001087731
       -0.0000976257   0.0000223257  -0.0000184876  -0.0000041991  -0.0000295049
       -0.0000215875   0.0000085034  -0.0000215982  -0.0000229997  -0.0000192638
        0.0000082018  -0.0000075296  -0.0000158876   0.0000080093  -0.0000520954
       -0.0000572966  -0.0064311218   0.0065256811   0.0076215472  -0.0216060881
       -0.2973359722   0.0121677495   0.0104548766   0.0063725601  -0.0113029825
        0.0002172120  -0.0001017591  -0.0002358838  -0.0000200670  -0.0003541922
        0.0000640828   0.0000599017   0.0001413440  -0.0000634911  -0.0000457709
        0.0003067832   0.0000502499
       -0.0006651223   0.0003130574   0.0005074940   0.0031589547   0.0008784157
        0.0054866825   0.0016981300  -0.0001931857  -0.0014402152  -0.0001631045
       -0.0000931049  -0.0001512761   0.0000584958   0.0001017193  -0.0000305633
       -0.0000314605   0.0000305672  -0.0000886120  -0.0000169081   0.0000067496
        0.0000695873   0.0000699190   0.0000389082   0.0000463225  -0.0001904644
       -0.0000487885   0.0000547580  -0.0152532442  -0.0572509885   0.0143838528
        0.0906069550  -0.0423509729  -0.1500979937  -0.2726012724  -0.0175471127
        0.4144795018   0.1401651074   0.0531944623  -0.1950232585   0.0067959815
        0.0570892064  -0.0042519478  -0.0059415904  -0.0139361521   0.0123448861
       -0.0039607372   0.0140007586   0.0046202360   0.0091030595  -0.0016777646
       -0.0098557933  -0.0043225117  -0.0116190975   0.0046845593   0.0188285817
        0.0102090032  -0.0272896286   0.0000241236   0.0000069700  -0.0000516040
        0.0000091637   0.0000105327   0.0000062352   0.0001485852   0.0001757047
        0.0002541675  -0.0000167966  -0.0000034214   0.0000179485   0.0000100980
       -0.0000080083   0.0000086119   0.0000017977  -0.0000077463   0.0000061439
        0.0000074149  -0.0000091575   0.0000127093   0.0000638999  -0.0000431022
       -0.0000126491   0.0132605474  -0.0102600909  -0.0137185071   0.0057778556
        0.0123805905  -0.0400870145   0.0140686211   0.0068376266  -0.0146552059
       -0.0001572673  -0.0002350264   0.0000481150  -0.0004776414   0.0000512588
       -0.0002971773   0.0000902778  -0.0000101226   0.0000123529  -0.0001494485
       -0.0000316885   0.0000072819
       -0.0000126789  -0.0000974932  -0.0001489987  -0.0008808909   0.0002786718
        0.0004502164   0.0004407572   0.0000563256  -0.0000268633   0.0000382920
        0.0000210552   0.0000773274   0.0000086834   0.0000003116   0.0000117955
        0.0000165247   0.0000051061   0.0000005171   0.0000133215   0.0000059777
       -0.0000154111  -0.0000052109  -0.0000103084  -0.0000556448  -0.0000003789
       -0.0000482470   0.0000552173  -0.0087468026  -0.0213724347   0.0047088476
       -0.0292150961   0.0267516889   0.0349329636  -0.1741748712  -0.1007702299
        0.1401651074   0.3813562738   0.0189595550  -0.2958215334  -0.0611915602
        0.0086508789   0.0115769986  -0.0077312929  -0.0283610558   0.0088023189
       -0.0009192430   0.0058422130   0.0076879078   0.0038411758  -0.0012954441
       -0.0044795537   0.0000540250  -0.0021900872   0.0069897205   0.0116266020
        0.0180098637  -0.0116502604  -0.0000605465  -0.0000092442  -0.0000476573
        0.0000128211   0.0000660400   0.0000321871   0.0000425693  -0.0000395561
       -0.0000508276   0.0000351205   0.0000119778  -0.0000232487  -0.0000024665
       -0.0000061647  -0.0000043306  -0.0000017263   0.0000022078  -0.0000147126
       -0.0000035114   0.0000032690  -0.0000005849   0.0000402044   0.0000003266
       -0.0000093237   0.0018186629   0.0018684204   0.0050123064  -0.0019123026
       -0.0029599834   0.0028887171  -0.1127046263   0.0781264351   0.0907263643
       -0.0007767965  -0.0013041055  -0.0013369908  -0.0000395890  -0.0009795867
        0.0003291118  -0.0007770244  -0.0000607028  -0.0007493227  -0.0001884186
        0.0008443194  -0.0000123602
        0.0001255656  -0.0000230496  -0.0000531558   0.0002341348  -0.0005963750
       -0.0000757939  -0.0002918776   0.0002095563  -0.0000126737   0.0000007103
        0.0000411293   0.0000072989   0.0000334904   0.0000146920   0.0000041423
       -0.0000084614   0.0000116435  -0.0000101642  -0.0000141019  -0.0000022266
        0.0000322818   0.0000190220   0.0000481330  -0.0000068100  -0.0000683907
       -0.0000219143   0.0000747258  -0.0166917277  -0.0352298883   0.0174286901
       -0.0094518722   0.0518620677   0.0126817059  -0.0526886042  -0.1466335547
        0.0531944623   0.0189595550   0.6137490288  -0.0051251201  -0.0130720183
       -0.2779834002   0.0092741928  -0.0225664098  -0.0454708415   0.0242496282
       -0.0071633564   0.0205312700   0.0077665051   0.0104845519  -0.0037202725
       -0.0118466063  -0.0022864770  -0.0113452290   0.0023466224   0.0322829026
       -0.0230108542  -0.0376203840  -0.0000094551   0.0000004271  -0.0000259142
        0.0001233646   0.0000276003   0.0000478255  -0.0000066757   0.0000644145
       -0.0000158700  -0.0000064991   0.0000027414  -0.0000105040   0.0000001477
       -0.0000056765  -0.0000154829   0.0000123253   0.0000063699  -0.0000057855
        0.0000352675  -0.0000042699  -0.0000033388   0.0000611142  -0.0000635452
       -0.0001049692   0.0024199272  -0.0011498980  -0.0027351740  -0.0190583494
       -0.0165920121   0.0205233600   0.0771513009  -0.1251382820  -0.0887975634
        0.0012860703   0.0012342243  -0.0013368734   0.0001164867  -0.0004079124
       -0.0000298569   0.0001595653   0.0002436689  -0.0000355793  -0.0001212261
       -0.0006477651   0.0002361787
        0.0000151716   0.0000779508   0.0001596875   0.0007876207  -0.0002569715
       -0.0006694715  -0.0004876136  -0.0000479241   0.0001045899  -0.0000591878
       -0.0000442132  -0.0001600861   0.0000186463   0.0000036543  -0.0000207765
       -0.0000178487  -0.0000090022  -0.0000215965  -0.0000041960   0.0000034607
        0.0000359059   0.0000329025   0.0000267895   0.0000635252  -0.0000028041
        0.0000541743  -0.0000535083   0.0055006747   0.0228352214  -0.0083653872
        0.0334049081  -0.0282147353  -0.0372657502   0.1418927256   0.1072561574
       -0.1950232585  -0.2958215334  -0.0051251201   0.4397795786   0.0107736322
       -0.0164740507  -0.0645475928   0.0087879834   0.0309637927  -0.0086810630
        0.0074914509  -0.0057764856  -0.0025586342  -0.0040023657   0.0013551071
        0.0044180487   0.0068661715   0.0021278423  -0.0015760650  -0.0110764394
       -0.0206047807   0.0134929160   0.0000564416  -0.0000062197   0.0000751413
       -0.0000085692  -0.0000407022  -0.0000406010  -0.0000357814   0.0000308642
        0.0000521030  -0.0000445488  -0.0000302912   0.0000395353   0.0000015609
       -0.0000035292   0.0000064872   0.0000048143  -0.0000077960   0.0000178424
        0.0000152156  -0.0000112661   0.0000202469  -0.0000466906  -0.0000407706
       -0.0000031350   0.0048507383  -0.0024703984   0.0004066920   0.0020216470
        0.0025498153  -0.0016289985   0.0908162873  -0.0897469885  -0.1366945180
       -0.0012588728   0.0015084056  -0.0004386601   0.0002716129   0.0011198718
       -0.0001729707  -0.0007583136   0.0000313518  -0.0006131464   0.0000145596
       -0.0010332141  -0.0001370802
       -0.0002561358   0.0007468742   0.0004037435   0.0024124932  -0.0025588840
        0.0039380050   0.0000520442   0.0005332520  -0.0010053263   0.0000875355
       -0.0002265472   0.0002697639  -0.0000350645  -0.0000155684  -0.0000371670
       -0.0000223941   0.0000266831   0.0000143483  -0.0000221203  -0.0000114782
        0.0000070777   0.0000238527   0.0000447941   0.0000161204  -0.0001181823
       -0.0001762291   0.0000270917  -0.0186117931   0.0013242465   0.0222481955
       -0.0012917522   0.0018374820  -0.0046756427  -0.0057309353  -0.0207456184
        0.0067959815  -0.0611915602  -0.0130720183   0.0107736322   0.3498055749
        0.0170846389  -0.2448801593  -0.1398197120  -0.0322820058   0.0996102403
        0.0060686843  -0.0456009663  -0.0057118034  -0.0235534842   0.0034853009
        0.0198770223   0.0118407280   0.0340481890  -0.0120775143  -0.1223890002
        0.0461798658   0.0760157053  -0.0000434587  -0.0000265781  -0.0000999970
        0.0000296596   0.0001002661   0.0000151087   0.0001312941   0.0001615262
        0.0001399005   0.0000249810   0.0000202082  -0.0000294911   0.0000206464
        0.0000093661  -0.0000042270   0.0000269292   0.0000009812   0.0000106767
        0.0000116650  -0.0000000141  -0.0000208092   0.0000038455   0.0001471448
       -0.0000942168   0.0002278927   0.0002770566  -0.0004319993   0.0030881569
       -0.0022108693   0.0070695116   0.0006440118   0.0160877748   0.0010373931
       -0.0106707196  -0.0046190637   0.0139704585   0.0059937790   0.0001007394
        0.0042058895  -0.0004724969   0.0000477167   0.0001366621   0.0037350353
       -0.0007182660   0.0024858252
       -0.0001886453   0.0000738101   0.0000387148  -0.0013532566  -0.0011247930
        0.0019903962  -0.0003622487   0.0006955046  -0.0003945749   0.0000892813
       -0.0001265392   0.0001868010  -0.0001261930  -0.0001137504  -0.0000702582
        0.0000301085   0.0000354403   0.0000489001  -0.0000045711  -0.0000362954
       -0.0000348644  -0.0000288067  -0.0000333898   0.0000447920   0.0000543600
        0.0002716747  -0.0001588958   0.0163690230   0.0433957332  -0.0161636099
        0.0151865201  -0.0410179850  -0.0179640721  -0.0518486517  -0.0250883581
        0.0570892064   0.0086508789  -0.2779834002  -0.0164740507   0.0170846389
        0.6455433015  -0.0102045509  -0.0546220447  -0.0989468102   0.0625089856
       -0.0141830025  -0.0477376408   0.0159873140  -0.0088901866   0.0067634108
        0.0100029518   0.0181867694  -0.0238713548  -0.0203761306   0.0467052777
       -0.1562124595  -0.0545336745   0.0000438019   0.0000269853   0.0000326907
       -0.0000664690  -0.0001187406  -0.0000650384  -0.0000541884  -0.0000045380
        0.0001070710  -0.0000158299  -0.0000259120   0.0000391512  -0.0000265241
       -0.0000159562   0.0000178787  -0.0000345170  -0.0000231953  -0.0000201060
        0.0000012403   0.0000148190   0.0000216024  -0.0000206839  -0.0001512454
        0.0000320743   0.0002458201  -0.0003368475  -0.0005328462  -0.0015848832
        0.0001955025   0.0013332168   0.0016526664  -0.0196813048  -0.0021924866
        0.0098576191   0.0060463121  -0.0111109360  -0.0005239544  -0.0056881302
        0.0005275436  -0.0000687804   0.0008687257  -0.0000151543  -0.0001545686
       -0.0055925734   0.0003019589
       -0.0003640522   0.0000838554   0.0003223253   0.0032185526   0.0028748319
        0.0014133849   0.0022199252  -0.0012397524  -0.0006516345  -0.0003933799
       -0.0001008445  -0.0004978352   0.0001031972   0.0000615515   0.0000270937
       -0.0000344324  -0.0000183921  -0.0000829377  -0.0000154243  -0.0000381929
        0.0000531306  -0.0000186497  -0.0000238193  -0.0000003649  -0.0000255558
        0.0001964594  -0.0000719709   0.0226032598  -0.0006497586  -0.0245297867
       -0.0042821862  -0.0035634212  -0.0012510570   0.0054985003   0.0221202079
       -0.0042519478   0.0115769986   0.0092741928  -0.0645475928  -0.2448801593
       -0.0102045509   0.4114433029   0.1000751092   0.0372186811  -0.1638127182
       -0.0053670826   0.0506020938   0.0071017450   0.0192375782  -0.0037718878
       -0.0275576657  -0.0113655591  -0.0365614611   0.0143737369   0.0745366572
       -0.0553910104  -0.1430802066   0.0000608549   0.0000174914   0.0000461535
       -0.0001372618  -0.0001399976  -0.0000516392  -0.0000233592   0.0000289653
        0.0001950201  -0.0000240695  -0.0000199037   0.0000360845  -0.0000127357
       -0.0000084964   0.0000126007  -0.0000149755  -0.0000165226   0.0000026895
       -0.0000191495  -0.0000002522   0.0000397490  -0.0000111971  -0.0001547932
        0.0001099698  -0.0005106857  -0.0003125600   0.0001857195   0.0071884450
        0.0019718459   0.0019141372   0.0006802044  -0.0186061668  -0.0000234089
        0.0135857593   0.0052498535  -0.0145663095   0.0041195684  -0.0000466281
        0.0049604373   0.0002346983  -0.0000699604  -0.0003912443   0.0025606068
        0.0012383424   0.0031310395
        0.0000860853   0.0000010587   0.0000095939  -0.0006842208  -0.0002392335
        0.0005442436   0.0001651264   0.0000980759  -0.0000183654  -0.0000125408
       -0.0000254067  -0.0000198398  -0.0000143162   0.0000104994   0.0000268732
       -0.0000161843   0.0000027206  -0.0000066765  -0.0000091836   0.0000033420
       -0.0000286379  -0.0000090958  -0.0000266845  -0.0000346733   0.0000706644
       -0.0000109237  -0.0000034281  -0.0005613541  -0.0028854365   0.0074701609
       -0.0029638091   0.0069517835   0.0033858119   0.0111236519  -0.0004332432
       -0.0059415904  -0.0077312929  -0.0225664098   0.0087879834  -0.1398197120
       -0.0546220447   0.1000751092   0.3330169926  -0.0115509463  -0.2476186212
       -0.0665100101   0.0075700756   0.0259216667   0.0134512115   0.0141070106
       -0.0142496579  -0.0086007616  -0.0156795495   0.0059421080  -0.0179268533
        0.0161861927   0.0211373465  -0.0000331150   0.0000229160  -0.0000019435
       -0.0000993099   0.0000006064   0.0000302973   0.0000250574  -0.0000493555
       -0.0000670390   0.0000023898   0.0000148775  -0.0000212559   0.0000067147
        0.0000129963  -0.0000093697   0.0000026942   0.0000162697  -0.0000047685
       -0.0000072935   0.0000108601   0.0000052506   0.0000057323   0.0000041077
        0.0000700612  -0.0007020404   0.0001887907  -0.0007743139   0.0001745352
        0.0001684593   0.0000619010  -0.0004656818   0.0013855265  -0.0014856263
       -0.1122743587   0.0779058562   0.0894066312  -0.0016127744  -0.0186832980
        0.0027148633   0.0017288579   0.0025529911   0.0048813186   0.0001941946
       -0.0004424846  -0.0001854132
        0.0000043208  -0.0000135692   0.0000681955   0.0003966508   0.0005265530
       -0.0005796504   0.0001889165  -0.0002178115   0.0001420973  -0.0000214977
        0.0000085689  -0.0000359839   0.0000303442   0.0000216982   0.0000161385
       -0.0000202390  -0.0000038075  -0.0000163186  -0.0000034488  -0.0000068091
        0.0000083434  -0.0000214528  -0.0000120679   0.0000143341  -0.0000446087
        0.0000128685   0.0000102316  -0.0024344249  -0.0103354891   0.0020971717
       -0.0049871971   0.0116836623   0.0058569977   0.0120830718  -0.0064401437
       -0.0139361521  -0.0283610558  -0.0454708415   0.0309637927  -0.0322820058
       -0.0989468102   0.0372186811  -0.0115509463   0.7072789762   0.0133086682
       -0.0397364684  -0.3770910233   0.0459519490   0.0498910338  -0.0449239150
       -0.0559009838  -0.0201395333  -0.0355546301   0.0229421509   0.0013649552
        0.0440647331  -0.0017733956  -0.0000330512   0.0000112094   0.0000110126
       -0.0000212854  -0.0000693762  -0.0000322599  -0.0000064722  -0.0000203559
        0.0000112926  -0.0000009162   0.0000018883  -0.0000161838   0.0000012862
        0.0000044856  -0.0000094480  -0.0000022079   0.0000010627  -0.0000026452
        0.0000145503   0.0000053818  -0.0000155901   0.0000505340  -0.0000253340
       -0.0000008994   0.0000377420   0.0000903790   0.0000551249  -0.0009167380
       -0.0008553992   0.0009732629  -0.0011230893   0.0007243864   0.0013835779
        0.0784399441  -0.1269814214  -0.0900911373  -0.0027249674  -0.0161283494
        0.0030206730   0.0023225176  -0.0013108790  -0.0022452791  -0.0003942611
       -0.0000278203   0.0006022314
       -0.0000150969   0.0000003307   0.0000102842   0.0004730551   0.0002032308
       -0.0008775194  -0.0002299223  -0.0001707053   0.0001295499   0.0000640121
        0.0000460886  -0.0000088243  -0.0000096976  -0.0000073473  -0.0000408497
        0.0000285671   0.0000120966   0.0000106564   0.0000264130   0.0000218000
        0.0000128029   0.0000228982   0.0000277105   0.0000114741  -0.0000317861
        0.0000548795   0.0000029419   0.0074642000   0.0029760074  -0.0023534201
        0.0030574534  -0.0075212964  -0.0038265362  -0.0056777829   0.0001435889
        0.0123448861   0.0088023189   0.0242496282  -0.0086810630   0.0996102403
        0.0625089856  -0.1638127182  -0.2476186212   0.0133086682   0.3934745506
        0.0262033957  -0.0081762246  -0.0733088551  -0.0145669484  -0.0154400303
        0.0177921663   0.0058844952   0.0179467428  -0.0104158960   0.0221017457
       -0.0186054689  -0.0231278960   0.0000165289  -0.0000265483   0.0000303204
        0.0000981903   0.0000239519   0.0000014350  -0.0000263064   0.0000401370
        0.0000558846  -0.0000130686  -0.0000241014   0.0000180101  -0.0000132336
       -0.0000113945  -0.0000031240  -0.0000011041  -0.0000040929  -0.0000091648
        0.0000269579  -0.0000064805   0.0000074603   0.0000097350  -0.0000284635
       -0.0000884287  -0.0008131180  -0.0001179582  -0.0005748740   0.0000210616
       -0.0001925041   0.0001132061  -0.0016083302  -0.0015092179  -0.0002088618
        0.0895534892  -0.0887506261  -0.1350822577   0.0026055840   0.0211806225
       -0.0023789964   0.0048801944  -0.0026491487   0.0006804985  -0.0003255199
        0.0004971392   0.0001031578
        0.0001263716  -0.0000481688   0.0000677106  -0.0001236061   0.0001298404
       -0.0001473121   0.0001461004  -0.0000550322   0.0000858213  -0.0000020082
       -0.0000126619  -0.0000322798   0.0000229257   0.0000203373  -0.0000023560
       -0.0000090310  -0.0000079238  -0.0000077084  -0.0000088206  -0.0000084288
        0.0000015984  -0.0000054724  -0.0000076046  -0.0000281780  -0.0000142118
       -0.0000260665   0.0000112035  -0.0032069603  -0.0050045287   0.0031373531
       -0.0011781920   0.0051571910   0.0019352901   0.0037272662  -0.0010196817
       -0.0039607372  -0.0009192430  -0.0071633564   0.0074914509   0.0060686843
       -0.0141830025  -0.0053670826  -0.0665100101  -0.0397364684   0.0262033957
        0.3480878372   0.0177489813  -0.2611124995  -0.1295067694   0.0890072896
        0.0875228738  -0.0291545945  -0.0105333038   0.0338237027  -0.0017795714
        0.0157847941  -0.0047271878  -0.0000588994  -0.0000067537   0.0000052756
       -0.0001375172  -0.0000285982   0.0000126028   0.0000155009  -0.0000546391
       -0.0000590300   0.0000119448   0.0000044438  -0.0000091379   0.0000028924
       -0.0000027171  -0.0000017881   0.0000048953   0.0000023582   0.0000042506
       -0.0000208120  -0.0000050547  -0.0000028681  -0.0000147688  -0.0000091298
        0.0000710003   0.0000781708   0.0000917057  -0.0000006026  -0.0005877166
       -0.0001079482  -0.0003166362  -0.0001691094   0.0000940918   0.0000780648
        0.0004800835   0.0169199034   0.0002828720  -0.1297909338  -0.0660209538
        0.1076583647   0.0011792317   0.0003966216   0.0003497562   0.0032463432
       -0.0013155356   0.0070328172
       -0.0000582322  -0.0001400937  -0.0000454040  -0.0002552601   0.0001924354
       -0.0000112277   0.0001032080  -0.0000230164  -0.0000186219  -0.0000437393
        0.0000071449  -0.0000500694  -0.0000127365  -0.0000113746  -0.0000012712
        0.0000198289   0.0000047537   0.0000237507   0.0000302592   0.0000123680
       -0.0000108048   0.0000021920  -0.0000112145  -0.0000319767   0.0000191813
       -0.0000810166   0.0000479710   0.0069572976   0.0116506789  -0.0075055977
        0.0050046794  -0.0142369879  -0.0058747456  -0.0123816311   0.0004639340
        0.0140007586   0.0058422130   0.0205312700  -0.0057764856  -0.0456009663
       -0.0477376408   0.0506020938   0.0075700756  -0.3770910233  -0.0081762246
        0.0177489813   0.6857585643  -0.0248131261   0.0375351887  -0.1571694463
       -0.0386271786   0.0254895969   0.0521522165  -0.0294915849   0.0030264187
       -0.0418668291  -0.0029873288   0.0000386368  -0.0000094991  -0.0000046073
        0.0000632259   0.0000827177   0.0000374940  -0.0000031579   0.0000181187
       -0.0000008952   0.0000036865   0.0000084715  -0.0000037208   0.0000119141
        0.0000085563   0.0000019254   0.0000125211   0.0000056285   0.0000022876
       -0.0000046970   0.0000052910   0.0000030757  -0.0000055547   0.0000847008
       -0.0000499663   0.0000068058   0.0000053392  -0.0000884824  -0.0001974023
        0.0000139549   0.0001183200   0.0000410513   0.0003745518  -0.0001355869
        0.0011308003  -0.0208710238  -0.0005175544  -0.0661020770  -0.0918073730
        0.0749143544   0.0160136870  -0.0203479794  -0.0178396027  -0.0020059951
        0.0000238225   0.0023100325
        0.0000074186   0.0000249952  -0.0000553988  -0.0001143134  -0.0000959030
       -0.0002091132  -0.0002795315   0.0000642597   0.0000418180   0.0000255048
        0.0000117241   0.0000527669  -0.0000228468  -0.0000368439  -0.0000108945
        0.0000088029   0.0000036269   0.0000240070   0.0000167450   0.0000082938
        0.0000038306   0.0000243679   0.0000194728   0.0000096176  -0.0000123355
        0.0000335574   0.0000091221   0.0032459424   0.0054912310  -0.0034024990
        0.0017558457  -0.0056369367  -0.0016917123  -0.0037522278   0.0011637020
        0.0046202360   0.0076879078   0.0077665051  -0.0025586342  -0.0057118034
        0.0159873140   0.0071017450   0.0259216667   0.0459519490  -0.0733088551
       -0.2611124995  -0.0248131261   0.4064148698   0.0887263707  -0.0971460451
       -0.1465709358   0.0333828293   0.0108514637  -0.0363405436  -0.0041239626
       -0.0171888656  -0.0006840253   0.0000151185  -0.0000210816   0.0000044925
        0.0000911296   0.0000398008   0.0000097849  -0.0000178307   0.0000360538
        0.0000374267  -0.0000081616  -0.0000100556   0.0000134141  -0.0000029307
       -0.0000044717   0.0000062292  -0.0000029550  -0.0000048919  -0.0000010320
        0.0000276171   0.0000059485   0.0000159165   0.0000302520   0.0000014965
       -0.0001386702  -0.0000554900  -0.0000994553   0.0000179743  -0.0002964661
        0.0001694400  -0.0005355485   0.0000456155  -0.0001087507  -0.0002411893
        0.0004116312  -0.0192259320   0.0005038129   0.1076579040   0.0747303623
       -0.1561812533  -0.0003741394   0.0001533251   0.0013899979   0.0068048242
        0.0018778378   0.0016532429
        0.0000565828  -0.0001877536  -0.0001436275  -0.0005959854   0.0004494221
        0.0001534283   0.0001614040  -0.0001243620  -0.0000257542   0.0000901146
        0.0000616907   0.0000493630  -0.0000112493  -0.0000083672  -0.0000011328
        0.0000004715  -0.0000259696   0.0000253047  -0.0000013310   0.0000030047
       -0.0000012511   0.0000085093   0.0000128153   0.0000100625   0.0000359245
       -0.0000562543  -0.0000125491   0.0112792919   0.0121659986  -0.0058251135
        0.0036152415  -0.0120924256  -0.0039067314  -0.0075322416   0.0014290539
        0.0091030595   0.0038411758   0.0104845519  -0.0040023657  -0.0235534842
       -0.0088901866   0.0192375782   0.0134512115   0.0498910338  -0.0145669484
       -0.1295067694   0.0375351887   0.0887263707   0.3563642678   0.0167798253
       -0.2712520660  -0.1671720632  -0.0465710587   0.1396716546  -0.0038542167
       -0.0513306147   0.0062972370   0.0000144257  -0.0000245488   0.0000355304
       -0.0001248714  -0.0000046112   0.0001116687   0.0000404685  -0.0000233418
       -0.0000575098  -0.0000015270   0.0000024233  -0.0000130992   0.0000103031
        0.0000033715  -0.0000068497   0.0000111810   0.0000010211   0.0000083678
        0.0000038240  -0.0000052576  -0.0000057291  -0.0001073352   0.0000550728
        0.0000116918  -0.0004500104  -0.0000094048  -0.0005436387  -0.0000550058
        0.0000199949   0.0000073197  -0.0000578148   0.0000303311  -0.0002363132
        0.0059616201  -0.0006822656   0.0041273939  -0.0106480339   0.0092524729
        0.0132050473  -0.0395774307  -0.0121532886   0.0055122125  -0.0116966473
       -0.0059875618   0.0143073890
       -0.0000389647   0.0001093005  -0.0002198027   0.0001117254  -0.0002268617
       -0.0001827614  -0.0000313870   0.0000129452  -0.0000711865  -0.0000074012
        0.0000224141   0.0000049534   0.0000155853   0.0000211384   0.0000051645
        0.0000149632   0.0000113929   0.0000101949   0.0000297186   0.0000205275
       -0.0000075168   0.0000211714  -0.0000033579  -0.0000461051  -0.0000041999
       -0.0001119686   0.0001002104  -0.0001334345  -0.0063081874   0.0004410677
       -0.0010178475   0.0005050253   0.0011513191   0.0015271345   0.0004080550
       -0.0016777646  -0.0012954441  -0.0037202725   0.0013551071   0.0034853009
        0.0067634108  -0.0037718878   0.0141070106  -0.0449239150  -0.0154400303
        0.0890072896  -0.1571694463  -0.0971460451   0.0167798253   0.6630824218
       -0.0333956716  -0.0947115970  -0.1445733020   0.1092946036  -0.0196714304
       -0.0242782146   0.0227288024   0.0000144529   0.0000594687  -0.0000866075
        0.0001331033   0.0000252520   0.0001978144   0.0000103806   0.0000029057
        0.0000228023   0.0000131285   0.0000136576  -0.0000164927   0.0000115963
        0.0000113649  -0.0000010869   0.0000130134   0.0000189669   0.0000020227
       -0.0000197696   0.0000156707   0.0000015099  -0.0001155603   0.0000388844
       -0.0000648930  -0.0000756505  -0.0003520357   0.0000031985   0.0000610243
        0.0001399876  -0.0000650220  -0.0000746378   0.0003184392   0.0001111179
       -0.0001452358  -0.0057683041   0.0001341645  -0.0065644980   0.0065299879
        0.0073372048  -0.0118244367  -0.2969288708   0.0209009423   0.0103750709
        0.0062335197  -0.0116093267
        0.0000516223   0.0002566256   0.0000414744   0.0003927469  -0.0006662896
       -0.0002795049  -0.0002178422   0.0001622107   0.0000663404  -0.0000813606
       -0.0000569508  -0.0000499152  -0.0000001921   0.0000032631   0.0000119110
        0.0000013103   0.0000233469  -0.0000165536  -0.0000016127  -0.0000131530
        0.0000015210  -0.0000327005  -0.0000451791  -0.0000168871  -0.0000395016
        0.0000777001  -0.0000273337  -0.0061982361  -0.0135310276   0.0124435300
       -0.0037333442   0.0138022219   0.0046278702   0.0090749846  -0.0016588697
       -0.0098557933  -0.0044795537  -0.0118466063   0.0044180487   0.0198770223
        0.0100029518  -0.0275576657  -0.0142496579  -0.0559009838   0.0177921663
        0.0875228738  -0.0386271786  -0.1465709358  -0.2712520660  -0.0333956716
        0.4196884412   0.1405817657   0.0552985521  -0.2030756130   0.0060389256
        0.0583102772  -0.0067130308   0.0000020802   0.0000380374  -0.0000578487
        0.0000761771  -0.0000333312  -0.0000492342  -0.0000480244   0.0000255422
        0.0000452691   0.0000015034  -0.0000101906   0.0000206482  -0.0000098593
       -0.0000121010   0.0000161444  -0.0000166086  -0.0000074423  -0.0000023694
        0.0000043609   0.0000056908   0.0000336190   0.0001984525  -0.0000271793
        0.0000132613  -0.0004414662   0.0001058873  -0.0002599074   0.0000901725
       -0.0000233930   0.0000178063  -0.0001616933  -0.0000324916   0.0000370098
        0.0039316579   0.0007638441   0.0047171500   0.0134176877  -0.0104837767
       -0.0137311097   0.0058990187   0.0210283843  -0.0411210783   0.0138013570
        0.0064672802  -0.0146074307
       -0.0000634551   0.0002304060  -0.0004726382  -0.0010212827  -0.0022226813
       -0.0016326381  -0.0002339450   0.0001703747   0.0005673248  -0.0000204487
       -0.0001375082  -0.0000290359   0.0000908223   0.0000914172   0.0000001075
        0.0000108703   0.0000272841  -0.0000210231   0.0000084015   0.0000108348
        0.0000002378   0.0000314254   0.0000063795   0.0000965562  -0.0000505699
        0.0001246190   0.0000372686  -0.0077478114  -0.0268013091   0.0087987105
       -0.0009728012   0.0052322954   0.0073956117   0.0036379170  -0.0012707110
       -0.0043225117   0.0000540250  -0.0022864770   0.0068661715   0.0118407280
        0.0181867694  -0.0113655591  -0.0086007616  -0.0201395333   0.0058844952
       -0.0291545945   0.0254895969   0.0333828293  -0.1671720632  -0.0947115970
        0.1405817657   0.3792556899   0.0009271399  -0.2925477139  -0.0611397541
        0.0145915341   0.0112224733   0.0000374594   0.0001897688  -0.0001207158
        0.0005878763   0.0000102363   0.0003115149  -0.0000058888   0.0000186785
        0.0000276597  -0.0000073603  -0.0000211885   0.0000026786  -0.0000222570
       -0.0000098855  -0.0000026571  -0.0000258697  -0.0000163737  -0.0000176572
        0.0000154611   0.0000030519  -0.0000151933  -0.0008078079  -0.0002580889
       -0.0003344417  -0.0000591244  -0.0009727125   0.0002816998  -0.0007579624
        0.0000246202  -0.0007202687  -0.0001671610   0.0009016006   0.0000362517
        0.0000233272  -0.0004067822  -0.0003613433   0.0016491603   0.0021667883
        0.0049777839  -0.0012405013  -0.0023955368   0.0023918111  -0.1179717436
        0.0832469894   0.0891004453
        0.0003826885  -0.0005001033   0.0004935719   0.0007078018   0.0010031396
       -0.0006964572   0.0005781342  -0.0007274011   0.0002716715  -0.0000378447
        0.0001034459  -0.0000826301   0.0000689066   0.0000357237   0.0001077382
       -0.0001040080  -0.0000790245  -0.0000366659  -0.0000793685  -0.0000424619
       -0.0000014497  -0.0000616413  -0.0000367780  -0.0000408281   0.0000395891
       -0.0002785201  -0.0000485930  -0.0224509406  -0.0421089162   0.0243379029
       -0.0067227708   0.0196548488   0.0078208966   0.0101876297  -0.0034280334
       -0.0116190975  -0.0021900872  -0.0113452290   0.0021278423   0.0340481890
       -0.0238713548  -0.0365614611  -0.0156795495  -0.0355546301   0.0179467428
       -0.0105333038   0.0521522165   0.0108514637  -0.0465710587  -0.1445733020
        0.0552985521   0.0009271399   0.6116912253  -0.0179725843  -0.0083767058
       -0.2742654405   0.0151190675  -0.0001643727  -0.0001479447   0.0001928443
       -0.0004525090   0.0001775082  -0.0000958402   0.0000648232  -0.0001004501
       -0.0002271126   0.0000285265   0.0000480777  -0.0000728976   0.0000459155
        0.0000352356  -0.0000304548   0.0000367447   0.0000232115   0.0000303765
        0.0000004129  -0.0000118386  -0.0000492441  -0.0002342567   0.0002899415
        0.0001490229   0.0000926760  -0.0004114451  -0.0000449120   0.0001430424
        0.0002547856  -0.0000278903  -0.0002012904  -0.0006679554   0.0001813174
       -0.0006043776  -0.0000461799   0.0003387615   0.0024748255  -0.0011882454
       -0.0026473676  -0.0183668874  -0.0166121494   0.0213834821   0.0830039271
       -0.1294719563  -0.0863957679
        0.0001289467  -0.0003059607  -0.0001658454  -0.0013900056   0.0018639759
       -0.0010700377  -0.0002394348  -0.0001430511   0.0004160111   0.0000067161
        0.0001235788  -0.0001281019   0.0000422609  -0.0000007618   0.0000498898
       -0.0000357048  -0.0000315983  -0.0000613077  -0.0000723644  -0.0000578987
        0.0000092201  -0.0000157226  -0.0000411829   0.0000996263   0.0002941921
        0.0001230172  -0.0002827620   0.0081134212   0.0306829728  -0.0092871837
        0.0073704756  -0.0062144988  -0.0028508493  -0.0042509180   0.0013939540
        0.0046845593   0.0069897205   0.0023466224  -0.0015760650  -0.0120775143
       -0.0203761306   0.0143737369   0.0059421080   0.0229421509  -0.0104158960
        0.0338237027  -0.0294915849  -0.0363405436   0.1396716546   0.1092946036
       -0.2030756130  -0.2925477139  -0.0179725843   0.4403890323   0.0122909084
       -0.0085910674  -0.0645885790   0.0001907293  -0.0000313165   0.0001211289
        0.0001394413   0.0003370027  -0.0008979520  -0.0000021751   0.0000295865
       -0.0001381744  -0.0000443252  -0.0000187571   0.0000314768  -0.0000144204
       -0.0000053938   0.0000015314  -0.0000327738  -0.0000124420   0.0000014982
       -0.0000233625  -0.0000038225  -0.0000150647  -0.0002419193   0.0000054240
        0.0004097870   0.0003563256   0.0011454367  -0.0000582455  -0.0007450858
        0.0000394240  -0.0006271612  -0.0000150551  -0.0010328267  -0.0002327268
       -0.0001753677   0.0004385605   0.0002768270   0.0048957857  -0.0023035096
        0.0006707122   0.0026246021   0.0031493861  -0.0026712091   0.0890428725
       -0.0872813085  -0.1270517197
       -0.0009169684  -0.0009638349   0.0000066476  -0.0145895854  -0.0006013455
        0.0166802482   0.0007618633   0.0026754700  -0.0006548233  -0.0004460536
       -0.0005772203   0.0004212496  -0.0000385898  -0.0002130919  -0.0000435881
       -0.0000138348   0.0000050143   0.0000716305   0.0000182228  -0.0000063411
       -0.0000627972  -0.0001208072  -0.0000117158   0.0000447107  -0.0001243172
        0.0002523729  -0.0000473208  -0.1273643622  -0.0359532936   0.0901217522
        0.0058524699  -0.0431374815  -0.0048962183  -0.0224491912   0.0030637069
        0.0188285817   0.0116266020   0.0322829026  -0.0110764394  -0.1223890002
        0.0467052777   0.0745366572  -0.0179268533   0.0013649552   0.0221017457
       -0.0017795714   0.0030264187  -0.0041239626  -0.0038542167  -0.0196714304
        0.0060389256  -0.0611397541  -0.0083767058   0.0122909084   0.3415975964
        0.0073148052  -0.2381717809   0.0001084685  -0.0001789840   0.0000991652
       -0.0000067498   0.0000588485  -0.0002417960   0.0001638052   0.0000759034
       -0.0000033817  -0.0000065201   0.0000076314  -0.0000081307   0.0000189725
        0.0000386086  -0.0000070729   0.0000405850   0.0000034516   0.0000147141
        0.0000597137   0.0000085538   0.0000369035  -0.0008671727   0.0003490460
       -0.0003566204   0.0053784789  -0.0002697212   0.0041866807  -0.0005203645
        0.0000445506   0.0000553818   0.0037088382  -0.0010596970   0.0027185871
        0.0014091505  -0.0014628696   0.0049826901   0.0001455096   0.0002710756
       -0.0004465626   0.0032361449  -0.0018015918   0.0069742834   0.0004274913
        0.0167367316  -0.0000709686
        0.0004152491  -0.0020077613  -0.0005309714   0.0034701378   0.0108936422
       -0.0064868949   0.0039992263  -0.0035430708   0.0002503654  -0.0008103113
        0.0003497994  -0.0011895972   0.0001669295   0.0001215537   0.0002669761
       -0.0000119578  -0.0001405673  -0.0000516695   0.0000543037   0.0000248410
        0.0000421625  -0.0001253938  -0.0001580691  -0.0001852583   0.0003560861
        0.0000053911   0.0001311878  -0.0486309874  -0.0924962360   0.0537930940
       -0.0145996213  -0.0472462826   0.0154401639  -0.0083399752   0.0068149766
        0.0102090032   0.0180098637  -0.0230108542  -0.0206047807   0.0461798658
       -0.1562124595  -0.0553910104   0.0161861927   0.0440647331  -0.0186054689
        0.0157847941  -0.0418668291  -0.0171888656  -0.0513306147  -0.0242782146
        0.0583102772   0.0145915341  -0.2742654405  -0.0085910674   0.0073148052
        0.6345471351  -0.0118376865   0.0001221323  -0.0000523819   0.0004527684
        0.0000142408  -0.0001153416  -0.0005230370  -0.0001516388  -0.0004445668
       -0.0002651382  -0.0000181378  -0.0000119959  -0.0000115594   0.0000445002
        0.0000384549   0.0000098601  -0.0000006274   0.0000311737   0.0000328580
        0.0000079611   0.0000190892   0.0000551233   0.0006627468   0.0001535648
        0.0001357532  -0.0009243652  -0.0057109774   0.0001764454  -0.0001165263
        0.0008429402   0.0000420193  -0.0004463498  -0.0055901697   0.0000062352
       -0.0018825171  -0.0005325076   0.0025907977   0.0004049760  -0.0003999609
       -0.0003822253  -0.0014720514   0.0002404324   0.0014276821   0.0010755301
       -0.0200640408  -0.0015275418
        0.0004168174  -0.0005506107   0.0001136506   0.0157451365   0.0031481130
       -0.0154904596   0.0005554504  -0.0018217120  -0.0000891531  -0.0004620511
        0.0005249758  -0.0009288204   0.0003689562   0.0003036318   0.0001188145
       -0.0000620062  -0.0000595182  -0.0002064876  -0.0000036290  -0.0000307745
        0.0001161666   0.0001011904   0.0000235423  -0.0000335715  -0.0001760350
       -0.0000007397   0.0000174832   0.0903016473   0.0387005096  -0.1541640929
       -0.0050124699   0.0481274310   0.0086827864   0.0194794012  -0.0032133461
       -0.0272896286  -0.0116502604  -0.0376203840   0.0134929160   0.0760157053
       -0.0545336745  -0.1430802066   0.0211373465  -0.0017733956  -0.0231278960
       -0.0047271878  -0.0029873288  -0.0006840253   0.0062972370   0.0227288024
       -0.0067130308   0.0112224733   0.0151190675  -0.0645885790  -0.2381717809
       -0.0118376865   0.4034654310   0.0000375669   0.0001437213  -0.0000946615
        0.0000602362  -0.0002694430  -0.0001311736  -0.0002025845  -0.0001697246
        0.0000044294   0.0000004068  -0.0000021151   0.0000069683  -0.0000104832
       -0.0000099097  -0.0000007737  -0.0000291972  -0.0000105107  -0.0000099372
       -0.0000605438  -0.0000058559  -0.0000414397  -0.0003244897  -0.0001367608
        0.0001912083   0.0041416522  -0.0004837770   0.0046607813   0.0001913020
        0.0000038290  -0.0003956324   0.0023289385   0.0009357346   0.0028840474
        0.0050852238   0.0015923526   0.0003561769  -0.0004151846  -0.0003009009
        0.0002908104   0.0071197159   0.0023100495   0.0016422424   0.0007014994
       -0.0178435921   0.0010256569
       -0.0571556923   0.0548750567  -0.0389651524  -0.0081279004   0.0092731877
       -0.0141843335   0.0001722751  -0.0001781783  -0.0024489058  -0.0008929380
       -0.0017288679   0.0007767030  -0.0001867389  -0.0001068033  -0.0004519658
       -0.0001408694   0.0000054761   0.0000522772  -0.0000167301  -0.0000283659
        0.0000456015  -0.0000248599   0.0000355317   0.0001372875   0.0001721217
        0.0000886169   0.0001728429  -0.0000305239   0.0002155310   0.0003512293
        0.0000233738   0.0001682591  -0.0000403797  -0.0000386929   0.0000069354
        0.0000241236  -0.0000605465  -0.0000094551   0.0000564416  -0.0000434587
        0.0000438019   0.0000608549  -0.0000331150  -0.0000330512   0.0000165289
       -0.0000588994   0.0000386368   0.0000151185   0.0000144257   0.0000144529
        0.0000020802   0.0000374594  -0.0001643727   0.0001907293   0.0001084685
        0.0001221323   0.0000375669   0.0670690861  -0.0591210279   0.0481807715
        0.0058695793  -0.0205609304   0.0162402712  -0.0064018194   0.0173219930
       -0.0103409596  -0.0000634577  -0.0000456797   0.0000025774  -0.0000399897
       -0.0000263201  -0.0000215523   0.0000042135  -0.0000231934  -0.0000016079
        0.0000135541   0.0000021204   0.0000174913   0.0000079067  -0.0000402841
        0.0000553556  -0.0000479687  -0.0001928987  -0.0000351057  -0.0000047745
        0.0000081800   0.0000151969  -0.0000131045  -0.0000023236   0.0000123486
       -0.0000036349   0.0000003157   0.0000037714  -0.0000029507   0.0000044596
       -0.0000001889   0.0000141994   0.0000100242   0.0000084822  -0.0001179980
        0.0000270412   0.0000145003
        0.0514719501  -0.1738615362   0.1039377071  -0.0006282503   0.0085143209
       -0.0039863993  -0.0012182912   0.0005108185  -0.0009497736  -0.0004467577
       -0.0008337761   0.0002675234  -0.0001665236  -0.0000869226  -0.0001666318
       -0.0000738061  -0.0000050741   0.0000248705  -0.0000100607   0.0000056914
       -0.0000168092  -0.0000281732   0.0000065812   0.0000007428  -0.0000000156
        0.0000155602   0.0000584376  -0.0004535046  -0.0003013335   0.0000072499
        0.0002275246   0.0000890933  -0.0001856136   0.0000094838  -0.0000939842
        0.0000069700  -0.0000092442   0.0000004271  -0.0000062197  -0.0000265781
        0.0000269853   0.0000174914   0.0000229160   0.0000112094  -0.0000265483
       -0.0000067537  -0.0000094991  -0.0000210816  -0.0000245488   0.0000594687
        0.0000380374   0.0001897688  -0.0001479447  -0.0000313165  -0.0001789840
       -0.0000523819   0.0001437213  -0.0591210279   0.2003047393  -0.1233913770
        0.0023245239  -0.0155854555   0.0129122947   0.0082334937  -0.0185471970
        0.0114114981   0.0000274858   0.0000220943  -0.0000236341  -0.0000095574
       -0.0000078782  -0.0000168784   0.0000093105  -0.0000067244   0.0000004931
       -0.0000009725  -0.0000059474   0.0000028974   0.0000196825  -0.0000273738
        0.0000054238  -0.0000668021  -0.0000156806  -0.0000321064   0.0000229188
       -0.0000217231  -0.0000184849  -0.0000113503   0.0000010950   0.0000153892
       -0.0000017646   0.0000167088   0.0000098822  -0.0000117653  -0.0000045169
        0.0000137582   0.0000251800   0.0000043680  -0.0000142814  -0.0000895065
        0.0000257878   0.0000127676
       -0.0383982035   0.1084237607  -0.1246746410  -0.0118339378   0.0161571685
       -0.0188021518   0.0003381878   0.0003989054  -0.0032157845  -0.0009706721
       -0.0019670250   0.0012268466  -0.0002646754  -0.0002103559  -0.0005688448
       -0.0001343222   0.0000486411   0.0000936904   0.0000019170  -0.0000155373
        0.0000428722  -0.0000234758   0.0000067849   0.0001776971   0.0001265707
        0.0001100055   0.0001822861  -0.0002674350  -0.0008543421   0.0001792041
        0.0002356055  -0.0000636364  -0.0001177916  -0.0000345122  -0.0001555303
       -0.0000516040  -0.0000476573  -0.0000259142   0.0000751413  -0.0000999970
        0.0000326907   0.0000461535  -0.0000019435   0.0000110126   0.0000303204
        0.0000052756  -0.0000046073   0.0000044925   0.0000355304  -0.0000866075
       -0.0000578487  -0.0001207158   0.0001928443   0.0001211289   0.0000991652
        0.0004527684  -0.0000946615   0.0481807715  -0.1233913770   0.1437365221
       -0.0009826606   0.0122127177  -0.0074223187   0.0043148931  -0.0107360704
        0.0090699535  -0.0000417090  -0.0000316523   0.0000166514  -0.0000712248
       -0.0000449280  -0.0000267060  -0.0000114844  -0.0000339007  -0.0000312763
        0.0000177514   0.0000093806  -0.0000179371   0.0000629756  -0.0000178671
        0.0000549537  -0.0001082266  -0.0001974836   0.0000625237  -0.0000155133
        0.0000088996   0.0000264902  -0.0000155718  -0.0000057103   0.0000335261
       -0.0000197252  -0.0000180123   0.0000118622  -0.0000027738  -0.0000186994
        0.0000010695  -0.0000309459  -0.0000440803   0.0000174380   0.0000787391
       -0.0001422427  -0.0001292574
       -0.2026895100  -0.0948996312   0.0665767429  -0.0184094169  -0.0096594132
        0.0003170501  -0.0006446200  -0.0027273928  -0.0020446720  -0.0004416333
        0.0010981892  -0.0011991374   0.0001029321   0.0000306599   0.0001168028
        0.0001381750  -0.0000312585  -0.0000378143   0.0000706199   0.0000528030
       -0.0000130102   0.0000218985  -0.0000622900  -0.0001345301  -0.0003405247
       -0.0001502806  -0.0000344189   0.0006437527   0.0002011614   0.0002147495
       -0.0000754188  -0.0000863295   0.0001835155  -0.0000882846   0.0001392520
        0.0000091637   0.0000128211   0.0001233646  -0.0000085692   0.0000296596
       -0.0000664690  -0.0001372618  -0.0000993099  -0.0000212854   0.0000981903
       -0.0001375172   0.0000632259   0.0000911296  -0.0001248714   0.0001331033
        0.0000761771   0.0005878763  -0.0004525090   0.0001394413  -0.0000067498
        0.0000142408   0.0000602362   0.0058695793   0.0023245239  -0.0009826606
        0.2341449656   0.1112578783  -0.0717093898  -0.0183810556  -0.0082149580
        0.0089722569   0.0000488297   0.0000768735  -0.0000082316   0.0000057758
        0.0000015542   0.0000109549  -0.0000156415   0.0000211632  -0.0000132438
       -0.0000123477  -0.0000057839  -0.0000472711  -0.0000390622   0.0000336395
       -0.0000872548   0.0000152795   0.0001209554   0.0000134016  -0.0000320181
        0.0000459143   0.0000244865   0.0000032257   0.0000277230   0.0000186348
       -0.0000222132   0.0000101777   0.0000279381  -0.0000449398   0.0000179558
        0.0000460620  -0.0000218806  -0.0000133799   0.0000240547  -0.0000683756
        0.0005966223  -0.0005635231
       -0.0943976470  -0.0977817723   0.0343049493  -0.0104233874  -0.0055394476
        0.0035322603  -0.0015592321  -0.0012815296  -0.0011395163  -0.0000239459
        0.0009502068  -0.0004724195   0.0001162491   0.0000149986  -0.0000085542
        0.0001023324   0.0000173276   0.0000042957   0.0000139564   0.0000206033
       -0.0000160262   0.0001030105  -0.0000341759  -0.0000137451  -0.0002838736
       -0.0001013527  -0.0000516802   0.0001044103  -0.0001385281  -0.0003151142
       -0.0001331106  -0.0001092921   0.0001546605  -0.0000649426   0.0000303157
        0.0000105327   0.0000660400   0.0000276003  -0.0000407022   0.0001002661
       -0.0001187406  -0.0001399976   0.0000006064  -0.0000693762   0.0000239519
       -0.0000285982   0.0000827177   0.0000398008  -0.0000046112   0.0000252520
       -0.0000333312   0.0000102363   0.0001775082   0.0003370027   0.0000588485
       -0.0001153416  -0.0002694430  -0.0205609304  -0.0155854555   0.0122127177
        0.1112578783   0.1102812087  -0.0424015193   0.0155263022   0.0089090986
       -0.0064141882   0.0000058443   0.0000327339   0.0000181166  -0.0000287324
       -0.0000165850   0.0000020015  -0.0000309487   0.0000011655  -0.0000265661
       -0.0000153716  -0.0000019700  -0.0000663567  -0.0000177129   0.0000300832
       -0.0000481411   0.0000212378   0.0001508340   0.0000202765  -0.0000169044
        0.0000409281   0.0000176676  -0.0000022899   0.0000189387   0.0000107253
       -0.0000214086  -0.0000184829   0.0000154824  -0.0000089334  -0.0000190351
        0.0000061212  -0.0000569483  -0.0000770863   0.0000616659   0.0001923103
        0.0001966503   0.0006850722
        0.0642384600   0.0337479642  -0.0634675658  -0.0184869581  -0.0114469736
        0.0070463435  -0.0029469907  -0.0020645942  -0.0018676658  -0.0008509008
        0.0012232575  -0.0017123994   0.0002208774   0.0000840793   0.0000402821
        0.0000534224  -0.0000674112  -0.0000785725   0.0000077361   0.0000047098
        0.0000057130   0.0001080814  -0.0000539746  -0.0001169374  -0.0003543188
       -0.0001738254  -0.0000467404  -0.0002230087   0.0003277493   0.0001828078
       -0.0000323727   0.0000959806   0.0001185629  -0.0000706988   0.0000442139
        0.0000062352   0.0000321871   0.0000478255  -0.0000406010   0.0000151087
       -0.0000650384  -0.0000516392   0.0000302973  -0.0000322599   0.0000014350
        0.0000126028   0.0000374940   0.0000097849   0.0001116687   0.0001978144
       -0.0000492342   0.0003115149  -0.0000958402  -0.0008979520  -0.0002417960
       -0.0005230370  -0.0001311736   0.0162402712   0.0129122947  -0.0074223187
       -0.0717093898  -0.0424015193   0.0757323609   0.0143622056   0.0070125806
       -0.0058011795  -0.0000022426   0.0000555722  -0.0000093916   0.0000017678
        0.0000051510   0.0000004010  -0.0000149545   0.0000227992   0.0000030668
       -0.0000286043  -0.0000089667  -0.0000422524  -0.0000632324   0.0000059835
       -0.0000069601   0.0000092178   0.0000947379  -0.0000592366   0.0000061766
        0.0000483585   0.0000085007  -0.0000043753   0.0000429866   0.0000184661
       -0.0000209788   0.0000266381   0.0000338565  -0.0000466471   0.0000152643
        0.0000494992  -0.0000198581   0.0000080342   0.0000279081  -0.0006442687
        0.0008719512  -0.0014834036
       -0.1332245624   0.0908361149   0.0754263114   0.0093985393  -0.0080326099
       -0.0062356474   0.0006293780   0.0002265486   0.0006381443  -0.0000713275
       -0.0002059243  -0.0004696779   0.0000688994   0.0000720861  -0.0000074301
       -0.0000524216   0.0000141900  -0.0000567057  -0.0000122981  -0.0000164490
        0.0000325932   0.0000012141  -0.0000039533   0.0000083300  -0.0000377764
       -0.0000117519  -0.0000124401  -0.0011087079  -0.0003598001  -0.0016976771
        0.0002547832  -0.0003453156  -0.0001262639   0.0001555409  -0.0000583121
        0.0001485852   0.0000425693  -0.0000066757  -0.0000357814   0.0001312941
       -0.0000541884  -0.0000233592   0.0000250574  -0.0000064722  -0.0000263064
        0.0000155009  -0.0000031579  -0.0000178307   0.0000404685   0.0000103806
       -0.0000480244  -0.0000058888   0.0000648232  -0.0000021751   0.0001638052
       -0.0001516388  -0.0002025845  -0.0064018194   0.0082334937   0.0043148931
       -0.0183810556   0.0155263022   0.0143622056   0.1485445635  -0.1057253578
       -0.0861615996   0.0000010559  -0.0000121248  -0.0000040428   0.0000021454
        0.0000003045  -0.0000023744   0.0000023527  -0.0000051015   0.0000047821
       -0.0000047699  -0.0000037354  -0.0000009063  -0.0000114422  -0.0000328196
        0.0000428104  -0.0000682825   0.0000436831  -0.0000480383  -0.0000048203
       -0.0000058518  -0.0000172754  -0.0000353098   0.0000085365  -0.0000235200
        0.0000084520  -0.0000016126   0.0000158644   0.0000018680  -0.0000069531
       -0.0000019683  -0.0000092318  -0.0000109631   0.0000200783  -0.0000577736
        0.0000243053   0.0002070309
        0.0903173082  -0.1378857596  -0.0761405313   0.0068403051  -0.0093881903
       -0.0105743845  -0.0000020167   0.0004501658   0.0023009328  -0.0000808833
        0.0000706313  -0.0003577412   0.0002483352   0.0001884870   0.0000333865
        0.0000299356   0.0000130540  -0.0000428052   0.0000271247   0.0000110731
        0.0000919279   0.0000280676  -0.0000156726   0.0000526254   0.0000703654
        0.0000174231   0.0001666387  -0.0011110396   0.0002038541  -0.0025208806
        0.0000863192   0.0001503293  -0.0001337063   0.0001430759   0.0001087731
        0.0001757047  -0.0000395561   0.0000644145   0.0000308642   0.0001615262
       -0.0000045380   0.0000289653  -0.0000493555  -0.0000203559   0.0000401370
       -0.0000546391   0.0000181187   0.0000360538  -0.0000233418   0.0000029057
        0.0000255422   0.0000186785  -0.0001004501   0.0000295865   0.0000759034
       -0.0004445668  -0.0001697246   0.0173219930  -0.0185471970  -0.0107360704
       -0.0082149580   0.0089090986   0.0070125806  -0.1057253578   0.1561396557
        0.0907958144  -0.0000640327  -0.0000715051   0.0000329075  -0.0000016365
       -0.0000031760   0.0000153041  -0.0000068185  -0.0000052213   0.0000028540
        0.0000074381   0.0000059192   0.0000144511  -0.0000058004  -0.0000207611
        0.0000035100  -0.0000354873   0.0000293580  -0.0000558794  -0.0000071455
       -0.0000268489  -0.0000098571  -0.0000208971  -0.0000179167  -0.0000540266
        0.0000358077  -0.0000135712  -0.0000150816   0.0000115248   0.0000190920
       -0.0000135645   0.0000084077   0.0000337269   0.0000075920   0.0000108495
        0.0001296505  -0.0000731253
        0.0755293946  -0.0757916056  -0.1047529909   0.0125248629  -0.0187650994
       -0.0188795227   0.0012673304   0.0017333485   0.0021229535  -0.0000456374
        0.0000434716  -0.0005141218   0.0002697992   0.0002147696   0.0001787430
        0.0000547368   0.0000470997  -0.0000500201   0.0000366122   0.0000130405
        0.0000639641  -0.0000058201  -0.0000375081   0.0000262817   0.0000767565
        0.0000335915   0.0002371158  -0.0030279650  -0.0025146108  -0.0030885361
        0.0004786429  -0.0003180403  -0.0006139648   0.0003482763  -0.0000976257
        0.0002541675  -0.0000508276  -0.0000158700   0.0000521030   0.0001399005
        0.0001070710   0.0001950201  -0.0000670390   0.0000112926   0.0000558846
       -0.0000590300  -0.0000008952   0.0000374267  -0.0000575098   0.0000228023
        0.0000452691   0.0000276597  -0.0002271126  -0.0001381744  -0.0000033817
       -0.0002651382   0.0000044294  -0.0103409596   0.0114114981   0.0090699535
        0.0089722569  -0.0064141882  -0.0058011795  -0.0861615996   0.0907958144
        0.1219212850  -0.0000225525  -0.0000307753   0.0000207808   0.0000237001
        0.0000083813   0.0000217076   0.0000026553   0.0000039746   0.0000019980
        0.0000137647   0.0000096757   0.0000258080   0.0000251214  -0.0000391655
       -0.0000177241  -0.0000858709   0.0000339197  -0.0001197266   0.0000285558
       -0.0000717043  -0.0000357009  -0.0000484285  -0.0000119829  -0.0000820419
        0.0000307723  -0.0000076213  -0.0000111491   0.0000020843   0.0000267550
        0.0000017483   0.0000240957   0.0000320243  -0.0000095907   0.0000996434
        0.0000604130  -0.0002221961
        0.0000409977   0.0000118606  -0.0000253093  -0.0005406066  -0.0000757477
        0.0001340481   0.0006734839   0.0022432690   0.0013806325  -0.0035409695
       -0.0081536206   0.0213539421  -0.0442071478  -0.0138631964   0.0286290589
        0.0018268852   0.0050342550  -0.0176540760   0.0007662150  -0.0044864718
       -0.0037714461  -0.0006049450  -0.0001993676  -0.0003698556  -0.0009434933
       -0.0059195578   0.0004609403   0.0000944801  -0.0001315838   0.0000311296
       -0.0000447948  -0.0001168633   0.0000622680   0.0000119013   0.0000223257
       -0.0000167966   0.0000351205  -0.0000064991  -0.0000445488   0.0000249810
       -0.0000158299  -0.0000240695   0.0000023898  -0.0000009162  -0.0000130686
        0.0000119448   0.0000036865  -0.0000081616  -0.0000015270   0.0000131285
        0.0000015034  -0.0000073603   0.0000285265  -0.0000443252  -0.0000065201
       -0.0000181378   0.0000004068  -0.0000634577   0.0000274858  -0.0000417090
        0.0000488297   0.0000058443  -0.0000022426   0.0000010559  -0.0000640327
       -0.0000225525   0.0476425783   0.0230615982  -0.0300867742  -0.0003335218
        0.0018631592  -0.0003460318   0.0000910953   0.0001114542  -0.0009758582
       -0.0005693099   0.0008256404   0.0001417861  -0.0003522914  -0.0003475479
        0.0012043471  -0.0000769625   0.0001175458   0.0000294412   0.0000048248
        0.0000013480  -0.0000033682   0.0000088547   0.0000070330  -0.0000066336
        0.0000008015   0.0000021729   0.0000012211   0.0000020441   0.0000004199
       -0.0000001978   0.0000044992   0.0000043839  -0.0000018378  -0.0000000747
        0.0000142352   0.0000281380
        0.0001923032   0.0002177809  -0.0000786931   0.0001706678   0.0001827309
        0.0007284454   0.0020824657  -0.0012446714  -0.0016821160  -0.0034958211
       -0.0045745405   0.0193556891  -0.0143461613  -0.0575620049   0.0705420009
        0.0009735437   0.0024692365  -0.0081336177  -0.0047357146   0.0048640327
       -0.0003869166   0.0000673249  -0.0000749531  -0.0002877789  -0.0063849429
        0.0025656165   0.0014319922  -0.0000233130  -0.0001456584   0.0001118380
        0.0000130561  -0.0000946850  -0.0000230574  -0.0000137062  -0.0000184876
       -0.0000034214   0.0000119778   0.0000027414  -0.0000302912   0.0000202082
       -0.0000259120  -0.0000199037   0.0000148775   0.0000018883  -0.0000241014
        0.0000044438   0.0000084715  -0.0000100556   0.0000024233   0.0000136576
       -0.0000101906  -0.0000211885   0.0000480777  -0.0000187571   0.0000076314
       -0.0000119959  -0.0000021151  -0.0000456797   0.0000220943  -0.0000316523
        0.0000768735   0.0000327339   0.0000555722  -0.0000121248  -0.0000715051
       -0.0000307753   0.0230615982   0.0562637698  -0.0808333271   0.0016712266
       -0.0014486408  -0.0009923103  -0.0000871371   0.0002168852  -0.0004126485
        0.0008433842  -0.0011320289  -0.0002417051  -0.0000649122  -0.0005813997
        0.0009957285   0.0000097730   0.0000832078  -0.0000116130   0.0000105896
        0.0000010565  -0.0000041432  -0.0000002865   0.0000051050   0.0000084081
       -0.0000058431   0.0000022209   0.0000063151  -0.0000012081  -0.0000081210
        0.0000060900  -0.0000009906  -0.0000088852   0.0000047211   0.0000046611
        0.0000021821   0.0000223897
       -0.0000547811   0.0000142642  -0.0000869138   0.0000435887   0.0001703257
       -0.0000896942  -0.0003642875  -0.0012940794   0.0007918612   0.0029940891
        0.0043698594  -0.0100302753   0.0285954334   0.0706468249  -0.2750083082
        0.0011833839   0.0061875858  -0.0239525311  -0.0042218365  -0.0010058752
       -0.0017947495  -0.0000901655  -0.0002758078   0.0008876282   0.0008939920
        0.0019344530   0.0005002146  -0.0000690920   0.0001053513   0.0000054865
        0.0000284898   0.0001360439  -0.0001077482  -0.0000113622  -0.0000041991
        0.0000179485  -0.0000232487  -0.0000105040   0.0000395353  -0.0000294911
        0.0000391512   0.0000360845  -0.0000212559  -0.0000161838   0.0000180101
       -0.0000091379  -0.0000037208   0.0000134141  -0.0000130992  -0.0000164927
        0.0000206482   0.0000026786  -0.0000728976   0.0000314768  -0.0000081307
       -0.0000115594   0.0000069683   0.0000025774  -0.0000236341   0.0000166514
       -0.0000082316   0.0000181166  -0.0000093916  -0.0000040428   0.0000329075
        0.0000207808  -0.0300867742  -0.0808333271   0.3095941289   0.0008505216
       -0.0001485457   0.0008257189   0.0001322840   0.0003065863  -0.0012445386
        0.0001641463  -0.0002533802   0.0000146440   0.0000177917   0.0001487505
       -0.0005019911   0.0000879862  -0.0001166770   0.0000516397   0.0000032583
       -0.0000240466  -0.0000128412  -0.0000031173  -0.0000126011  -0.0000036357
        0.0000058370  -0.0000034174  -0.0000107831   0.0000031945   0.0000038291
       -0.0000083562   0.0000011050   0.0000082111  -0.0000068557   0.0000076966
        0.0000046886  -0.0000242266
       -0.0002101940   0.0001077072  -0.0002123462   0.0002117852  -0.0001050484
        0.0000907181  -0.0009577001  -0.0006732066   0.0004619006   0.0012718998
       -0.0045133746  -0.0042311646  -0.0176497780  -0.0137315639   0.0031673306
       -0.1883231205  -0.1200035206   0.0466625726  -0.0043788765  -0.0042309191
        0.0025753172   0.0032015663  -0.0033366754   0.0005444339   0.0004654106
        0.0005079117  -0.0002547373  -0.0000379009  -0.0000051466  -0.0000245911
       -0.0000706672  -0.0000443615   0.0000322871   0.0000228365  -0.0000295049
        0.0000100980  -0.0000024665   0.0000001477   0.0000015609   0.0000206464
       -0.0000265241  -0.0000127357   0.0000067147   0.0000012862  -0.0000132336
        0.0000028924   0.0000119141  -0.0000029307   0.0000103031   0.0000115963
       -0.0000098593  -0.0000222570   0.0000459155  -0.0000144204   0.0000189725
        0.0000445002  -0.0000104832  -0.0000399897  -0.0000095574  -0.0000712248
        0.0000057758  -0.0000287324   0.0000017678   0.0000021454  -0.0000016365
        0.0000237001  -0.0003335218   0.0016712266   0.0008505216   0.2077967549
        0.1419803933  -0.0496917381  -0.0001533720   0.0017216895  -0.0002015352
       -0.0003039854  -0.0002135347   0.0001166437  -0.0005157905   0.0008246352
        0.0001531435   0.0000017748  -0.0000331519  -0.0000055040  -0.0000145471
        0.0000332647   0.0000120821  -0.0000131027   0.0000156507   0.0000117410
       -0.0000124348   0.0000050967   0.0000166221  -0.0000071688  -0.0000057183
        0.0000115857  -0.0000013297  -0.0000139008   0.0000097854   0.0000087248
        0.0000231423   0.0000026925
       -0.0001317516   0.0000792072  -0.0001531481   0.0003756130  -0.0001225329
       -0.0000005655  -0.0007860712  -0.0003663906   0.0001044991  -0.0045031118
        0.0051524310  -0.0004506196  -0.0097264417  -0.0066188310   0.0015734018
       -0.1199206854  -0.1282988414   0.0387491461  -0.0083576372  -0.0060530615
        0.0038836694  -0.0032062232   0.0048393374   0.0030408639   0.0005673132
        0.0003172684  -0.0002795107  -0.0000444090  -0.0000564323   0.0000253109
       -0.0000222349  -0.0000563474   0.0000102514   0.0000122885  -0.0000215875
       -0.0000080083  -0.0000061647  -0.0000056765  -0.0000035292   0.0000093661
       -0.0000159562  -0.0000084964   0.0000129963   0.0000044856  -0.0000113945
       -0.0000027171   0.0000085563  -0.0000044717   0.0000033715   0.0000113649
       -0.0000121010  -0.0000098855   0.0000352356  -0.0000053938   0.0000386086
        0.0000384549  -0.0000099097  -0.0000263201  -0.0000078782  -0.0000449280
        0.0000015542  -0.0000165850   0.0000051510   0.0000003045  -0.0000031760
        0.0000083813   0.0018631592  -0.0014486408  -0.0001485457   0.1419803933
        0.1353526706  -0.0453902359   0.0014960209  -0.0012660156  -0.0008155588
       -0.0004127856  -0.0003920923   0.0001767739   0.0008317269  -0.0010989876
       -0.0002881546  -0.0000157520  -0.0000124717   0.0000033180  -0.0000049705
        0.0000203447   0.0000104370  -0.0000073706   0.0000090484   0.0000108213
       -0.0000086649   0.0000024235   0.0000127313  -0.0000040784  -0.0000082805
        0.0000086211  -0.0000024400  -0.0000119281   0.0000057618   0.0000069993
        0.0000108845   0.0000054321
       -0.0000945198   0.0000875464  -0.0001205352  -0.0001357599  -0.0001027545
       -0.0001841347  -0.0007227820  -0.0006109287   0.0005530427  -0.0035708314
       -0.0006262673  -0.0022050464  -0.0160200060  -0.0120978924   0.0042584562
        0.0465793413   0.0387468798  -0.0593113486   0.0220564737   0.0177759099
       -0.0085701032   0.0000590503   0.0027506255  -0.0051380448  -0.0003551059
       -0.0002312530  -0.0004865369   0.0000446606  -0.0000033542  -0.0000247932
       -0.0000185495   0.0000240320  -0.0000001742   0.0000002132   0.0000085034
        0.0000086119  -0.0000043306  -0.0000154829   0.0000064872  -0.0000042270
        0.0000178787   0.0000126007  -0.0000093697  -0.0000094480  -0.0000031240
       -0.0000017881   0.0000019254   0.0000062292  -0.0000068497  -0.0000010869
        0.0000161444  -0.0000026571  -0.0000304548   0.0000015314  -0.0000070729
        0.0000098601  -0.0000007737  -0.0000215523  -0.0000168784  -0.0000267060
        0.0000109549   0.0000020015   0.0000004010  -0.0000023744   0.0000153041
        0.0000217076  -0.0003460318  -0.0009923103   0.0008257189  -0.0496917381
       -0.0453902359   0.0703207271   0.0009384819  -0.0000124608   0.0006577187
        0.0011647795   0.0009687811  -0.0005767577   0.0001516537  -0.0002491636
       -0.0000330113   0.0000038021  -0.0000357399   0.0000089449  -0.0000003858
       -0.0000029217  -0.0000006872  -0.0000010657   0.0000003554  -0.0000019595
       -0.0000011428   0.0000008397  -0.0000011718  -0.0000010762  -0.0000008909
       -0.0000010276   0.0000008200  -0.0000009707  -0.0000025633   0.0000089858
        0.0000200518  -0.0000098226
       -0.0001305695  -0.0000744156  -0.0000370648   0.0001509162   0.0000142289
        0.0000017581  -0.0006978713   0.0007932337   0.0003356122   0.0005190384
       -0.0000413309   0.0006220126   0.0031306227  -0.0030777763   0.0001073439
        0.0013171083   0.0007415635   0.0006447032  -0.1441134674  -0.0554504319
       -0.1159163521  -0.0170711538  -0.0086920857  -0.0168245110  -0.0009161301
       -0.0062730008   0.0007759015  -0.0000303358   0.0000080044  -0.0000532868
       -0.0000215303  -0.0000465938   0.0000141322   0.0000164355  -0.0000215982
        0.0000017977  -0.0000017263   0.0000123253   0.0000048143   0.0000269292
       -0.0000345170  -0.0000149755   0.0000026942  -0.0000022079  -0.0000011041
        0.0000048953   0.0000125211  -0.0000029550   0.0000111810   0.0000130134
       -0.0000166086  -0.0000258697   0.0000367447  -0.0000327738   0.0000405850
       -0.0000006274  -0.0000291972   0.0000042135   0.0000093105  -0.0000114844
       -0.0000156415  -0.0000309487  -0.0000149545   0.0000023527  -0.0000068185
        0.0000026553   0.0000910953  -0.0000871371   0.0001322840  -0.0001533720
        0.0014960209   0.0009384819   0.1590769415   0.0695540488   0.1303372683
       -0.0003573118   0.0016548850  -0.0001838130  -0.0008313791  -0.0005558605
       -0.0008448393   0.0000040646  -0.0000014061   0.0000007097  -0.0000059383
        0.0000243744   0.0000049717  -0.0000127628   0.0000120656   0.0000115202
       -0.0000112212   0.0000051825   0.0000134256  -0.0000065491  -0.0000053454
        0.0000103460  -0.0000001472  -0.0000086683   0.0000057421   0.0000039040
        0.0000232474   0.0000184397
        0.0000161822   0.0001058370  -0.0001164108   0.0004128184   0.0000133120
        0.0003437904   0.0008720754  -0.0009769173  -0.0005272065  -0.0004032331
       -0.0000062895   0.0006473276  -0.0031689603   0.0045641367   0.0024957509
        0.0048228154   0.0023942172   0.0054277017  -0.0553881311  -0.0606621403
       -0.0537297801  -0.0131912839  -0.0066402495  -0.0127812209  -0.0059111222
        0.0027615631   0.0022285454  -0.0000570275  -0.0000557639   0.0000777064
       -0.0000286862  -0.0000359026  -0.0000012120   0.0000006729  -0.0000229997
       -0.0000077463   0.0000022078   0.0000063699  -0.0000077960   0.0000009812
       -0.0000231953  -0.0000165226   0.0000162697   0.0000010627  -0.0000040929
        0.0000023582   0.0000056285  -0.0000048919   0.0000010211   0.0000189669
       -0.0000074423  -0.0000163737   0.0000232115  -0.0000124420   0.0000034516
        0.0000311737  -0.0000105107  -0.0000231934  -0.0000067244  -0.0000339007
        0.0000211632   0.0000011655   0.0000227992  -0.0000051015  -0.0000052213
        0.0000039746   0.0001114542   0.0002168852   0.0003065863   0.0017216895
       -0.0012660156  -0.0000124608   0.0695540488   0.0610758861   0.0571513104
        0.0014206472  -0.0013492825  -0.0008271768  -0.0007654655  -0.0001940184
       -0.0006609961  -0.0000019837   0.0000010313   0.0000039157  -0.0000015730
        0.0000121444   0.0000059311  -0.0000066556   0.0000081872   0.0000080331
       -0.0000085482   0.0000033152   0.0000098392  -0.0000051928  -0.0000053549
        0.0000087845  -0.0000019451  -0.0000090325   0.0000051886   0.0000046200
        0.0000150136   0.0000146245
       -0.0001163418   0.0000070771  -0.0000962498   0.0004757595   0.0000543617
        0.0001697336   0.0000620668  -0.0002654119   0.0000470632   0.0006178211
        0.0004572397   0.0002071284   0.0004268922   0.0029363889  -0.0050897026
       -0.0189624816  -0.0085229089  -0.0234955016  -0.1159939933  -0.0536475143
       -0.1705956775   0.0027421074   0.0011966906   0.0037572820   0.0005194416
        0.0017474122   0.0009801599  -0.0000740422   0.0000211502   0.0000217958
       -0.0000334177  -0.0000189658  -0.0000192414   0.0000148523  -0.0000192638
        0.0000061439  -0.0000147126  -0.0000057855   0.0000178424   0.0000106767
       -0.0000201060   0.0000026895  -0.0000047685  -0.0000026452  -0.0000091648
        0.0000042506   0.0000022876  -0.0000010320   0.0000083678   0.0000020227
       -0.0000023694  -0.0000176572   0.0000303765   0.0000014982   0.0000147141
        0.0000328580  -0.0000099372  -0.0000016079   0.0000004931  -0.0000312763
       -0.0000132438  -0.0000265661   0.0000030668   0.0000047821   0.0000028540
        0.0000019980  -0.0009758582  -0.0004126485  -0.0012445386  -0.0002015352
       -0.0008155588   0.0006577187   0.1303372683   0.0571513104   0.1936784084
        0.0009584683  -0.0000464525   0.0009044070   0.0002026485   0.0001574579
        0.0001066518   0.0000288356  -0.0000224894   0.0000015465  -0.0000023717
        0.0000197748   0.0000004655  -0.0000108392   0.0000091306   0.0000086611
       -0.0000078077   0.0000038370   0.0000101234  -0.0000050005  -0.0000035375
        0.0000075784  -0.0000010955  -0.0000113300   0.0000059523   0.0000078218
        0.0000084611  -0.0000032238
       -0.0000999150  -0.0001120414   0.0000187427   0.0001545435  -0.0000356247
       -0.0000942925  -0.0002320199   0.0003662297  -0.0006890164   0.0005296519
       -0.0046426695  -0.0035276473  -0.0002715880  -0.0000008552  -0.0002661900
       -0.0008323354  -0.0063494252   0.0004573004  -0.0034379140  -0.0078367521
        0.0219660475  -0.0448761509  -0.0141164808   0.0294055151   0.0019259239
        0.0045491319  -0.0185662816   0.0000647588   0.0000777091  -0.0000975332
       -0.0000162308  -0.0000148603   0.0000152556   0.0000136579   0.0000082018
        0.0000074149  -0.0000035114   0.0000352675   0.0000152156   0.0000116650
        0.0000012403  -0.0000191495  -0.0000072935   0.0000145503   0.0000269579
       -0.0000208120  -0.0000046970   0.0000276171   0.0000038240  -0.0000197696
        0.0000043609   0.0000154611   0.0000004129  -0.0000233625   0.0000597137
        0.0000079611  -0.0000605438   0.0000135541  -0.0000009725   0.0000177514
       -0.0000123477  -0.0000153716  -0.0000286043  -0.0000047699   0.0000074381
        0.0000137647  -0.0005693099   0.0008433842   0.0001641463  -0.0003039854
       -0.0004127856   0.0011647795  -0.0003573118   0.0014206472   0.0009584683
        0.0486088151   0.0243970310  -0.0305768292  -0.0003209495   0.0018426205
       -0.0003451807  -0.0000165520  -0.0000211904   0.0000075949  -0.0000094289
       -0.0000029478   0.0000094244  -0.0000056544   0.0000007761   0.0000021577
       -0.0000045677   0.0000013675   0.0000052023  -0.0000046657  -0.0000034621
        0.0000043902  -0.0000044155  -0.0000108876   0.0000053801   0.0000101601
        0.0000268244  -0.0000028565
        0.0000023472  -0.0000383259   0.0000213441  -0.0002415009  -0.0000442396
        0.0000362766   0.0003901018   0.0001156656  -0.0005815138  -0.0045432488
        0.0052198538  -0.0005702874  -0.0003107209  -0.0003181097  -0.0004098940
       -0.0063966162   0.0028819127   0.0018730137  -0.0036532123  -0.0058151627
        0.0180167092  -0.0141574447  -0.0601690515   0.0720107687   0.0006115556
        0.0028911012  -0.0074091297   0.0000435443   0.0000195680  -0.0000347581
       -0.0000223258   0.0000135713   0.0000370141  -0.0000108818  -0.0000075296
       -0.0000091575   0.0000032690  -0.0000042699  -0.0000112661  -0.0000000141
        0.0000148190  -0.0000002522   0.0000108601   0.0000053818  -0.0000064805
       -0.0000050547   0.0000052910   0.0000059485  -0.0000052576   0.0000156707
        0.0000056908   0.0000030519  -0.0000118386  -0.0000038225   0.0000085538
        0.0000190892  -0.0000058559   0.0000021204  -0.0000059474   0.0000093806
       -0.0000057839  -0.0000019700  -0.0000089667  -0.0000037354   0.0000059192
        0.0000096757   0.0008256404  -0.0011320289  -0.0002533802  -0.0002135347
       -0.0003920923   0.0009687811   0.0016548850  -0.0013492825  -0.0000464525
        0.0243970310   0.0595351459  -0.0826003352   0.0016091827  -0.0014179354
       -0.0010565968  -0.0000041208  -0.0000150085  -0.0000018904  -0.0000030111
       -0.0000027459   0.0000078253   0.0000040936  -0.0000026440   0.0000028892
        0.0000022462  -0.0000028448   0.0000021615  -0.0000021018  -0.0000037725
        0.0000056388  -0.0000039737  -0.0000143599   0.0000018522   0.0000140561
        0.0000061701  -0.0000049307
       -0.0003033049  -0.0001580691  -0.0000801015   0.0008147915  -0.0000455745
        0.0000593863  -0.0003310859   0.0002911628  -0.0014670644  -0.0040822153
       -0.0005209419  -0.0013711197  -0.0002328159  -0.0004034195   0.0008868116
        0.0010410770   0.0021168725   0.0009765670   0.0024531518   0.0040889790
       -0.0097419978   0.0295333066   0.0721551957  -0.2702583660   0.0008817647
        0.0060408219  -0.0248383270  -0.0000449071   0.0001884021  -0.0001089070
       -0.0000710750   0.0000281991   0.0000235914   0.0000231612  -0.0000158876
        0.0000127093  -0.0000005849  -0.0000033388   0.0000202469  -0.0000208092
        0.0000216024   0.0000397490   0.0000052506  -0.0000155901   0.0000074603
       -0.0000028681   0.0000030757   0.0000159165  -0.0000057291   0.0000015099
        0.0000336190  -0.0000151933  -0.0000492441  -0.0000150647   0.0000369035
        0.0000551233  -0.0000414397   0.0000174913   0.0000028974  -0.0000179371
       -0.0000472711  -0.0000663567  -0.0000422524  -0.0000009063   0.0000144511
        0.0000258080   0.0001417861  -0.0002417051   0.0000146440   0.0001166437
        0.0001767739  -0.0005767577  -0.0001838130  -0.0008271768   0.0009044070
       -0.0305768292  -0.0826003352   0.3046766161   0.0008798725  -0.0002524044
        0.0008282015   0.0000108287  -0.0000519283   0.0000142955  -0.0000013906
        0.0000281655   0.0000060277  -0.0000239201   0.0000135430   0.0000173479
       -0.0000135926   0.0000099278   0.0000101198  -0.0000114630  -0.0000085153
        0.0000064446  -0.0000048252  -0.0000246334   0.0000002309   0.0000185706
        0.0000484172  -0.0000208653
       -0.0000126247  -0.0001812777   0.0000839342  -0.0001480916   0.0000608468
       -0.0000541259  -0.0005332724   0.0014686992  -0.0005466440  -0.0038522759
       -0.0043748288   0.0037023676   0.0026933475  -0.0032329515   0.0004608516
        0.0005041150   0.0005141271  -0.0001834083   0.0007560630  -0.0042559425
       -0.0043392399  -0.0175349980  -0.0135905918   0.0034392173  -0.1855446798
       -0.1218118200   0.0456434407  -0.0002045877   0.0005345083  -0.0006069129
       -0.0000135203  -0.0001635805   0.0000364519  -0.0000379320   0.0000080093
        0.0000638999   0.0000402044   0.0000611142  -0.0000466906   0.0000038455
       -0.0000206839  -0.0000111971   0.0000057323   0.0000505340   0.0000097350
       -0.0000147688  -0.0000055547   0.0000302520  -0.0001073352  -0.0001155603
        0.0001984525  -0.0008078079  -0.0002342567  -0.0002419193  -0.0008671727
        0.0006627468  -0.0003244897   0.0000079067   0.0000196825   0.0000629756
       -0.0000390622  -0.0000177129  -0.0000632324  -0.0000114422  -0.0000058004
        0.0000251214  -0.0003522914  -0.0000649122   0.0000177917  -0.0005157905
        0.0008317269   0.0001516537  -0.0008313791  -0.0007654655   0.0002026485
       -0.0003209495   0.0016091827   0.0008798725   0.2077856044   0.1434415565
       -0.0482901467  -0.0000402992  -0.0000349133  -0.0000070622  -0.0000069667
       -0.0000103184   0.0000133393  -0.0000010653  -0.0000290925   0.0000011683
        0.0000203400  -0.0000086477   0.0000070520   0.0000267274  -0.0000257545
       -0.0000172742   0.0000559680  -0.0000340663   0.0000088363  -0.0001015409
       -0.0002790024  -0.0003067190
        0.0001296676   0.0000530836  -0.0001267555  -0.0000204275   0.0001232038
        0.0007886264   0.0022664237  -0.0005643448  -0.0012047916  -0.0101403869
       -0.0066590647   0.0026513561  -0.0028555908   0.0045008133   0.0030086007
        0.0005019634   0.0001762565  -0.0002094293  -0.0044421187   0.0049872280
       -0.0007176328  -0.0088427452  -0.0067124669   0.0017393155  -0.1219956925
       -0.1294107314   0.0399070021   0.0003279309  -0.0005690506   0.0004851724
       -0.0000837874  -0.0001688072   0.0000703984  -0.0000269998  -0.0000520954
       -0.0000431022   0.0000003266  -0.0000635452  -0.0000407706   0.0001471448
       -0.0001512454  -0.0001547932   0.0000041077  -0.0000253340  -0.0000284635
       -0.0000091298   0.0000847008   0.0000014965   0.0000550728   0.0000388844
       -0.0000271793  -0.0002580889   0.0002899415   0.0000054240   0.0003490460
        0.0001535648  -0.0001367608  -0.0000402841  -0.0000273738  -0.0000178671
        0.0000336395   0.0000300832   0.0000059835  -0.0000328196  -0.0000207611
       -0.0000391655  -0.0003475479  -0.0005813997   0.0001487505   0.0008246352
       -0.0010989876  -0.0002491636  -0.0005558605  -0.0001940184   0.0001574579
        0.0018426205  -0.0014179354  -0.0002524044   0.1434415565   0.1373268385
       -0.0456534335   0.0000040313   0.0000605368  -0.0000259550  -0.0000080843
        0.0000476161   0.0000164621  -0.0000101056   0.0000323349   0.0000243801
       -0.0000295717  -0.0000135761   0.0000454837  -0.0000123364  -0.0000347703
        0.0000244088  -0.0000378022  -0.0001171170   0.0000718490  -0.0001787869
       -0.0000224611  -0.0002244998
       -0.0000518494  -0.0000586316  -0.0000266858   0.0001704408   0.0002288025
       -0.0000983222   0.0020939022  -0.0000022472   0.0019808050   0.0208336041
        0.0174289093  -0.0092473519   0.0000189962   0.0027053458  -0.0051313445
       -0.0004332427  -0.0002457219  -0.0004996736  -0.0037233833  -0.0004087947
       -0.0020110597  -0.0158927347  -0.0121628476   0.0043547680   0.0462430325
        0.0389485191  -0.0592566826  -0.0005180611   0.0005852803  -0.0000814331
        0.0000253092   0.0001808599  -0.0000560375   0.0000365409  -0.0000572966
       -0.0000126491  -0.0000093237  -0.0001049692  -0.0000031350  -0.0000942168
        0.0000320743   0.0001099698   0.0000700612  -0.0000008994  -0.0000884287
        0.0000710003  -0.0000499663  -0.0001386702   0.0000116918  -0.0000648930
        0.0000132613  -0.0003344417   0.0001490229   0.0004097870  -0.0003566204
        0.0001357532   0.0001912083   0.0000553556   0.0000054238   0.0000549537
       -0.0000872548  -0.0000481411  -0.0000069601   0.0000428104   0.0000035100
       -0.0000177241   0.0012043471   0.0009957285  -0.0005019911   0.0001531435
       -0.0002881546  -0.0000330113  -0.0008448393  -0.0006609961   0.0001066518
       -0.0003451807  -0.0010565968   0.0008282015  -0.0482901467  -0.0456534335
        0.0695443718   0.0000383641  -0.0000809877   0.0000116234   0.0000244039
       -0.0000322433  -0.0000295348   0.0000080295  -0.0000244685  -0.0000179953
        0.0000261643  -0.0000029014  -0.0000280588   0.0000325299  -0.0000042113
       -0.0000474028   0.0000248859   0.0000363402  -0.0000302762  -0.0002033179
       -0.0004271680  -0.0002411734
        0.0002010025  -0.0002993532  -0.0002414467  -0.0019014666   0.0007466995
       -0.0015992228  -0.0001046485   0.0000653680   0.0006479669   0.0000603038
        0.0001182935  -0.0001515863  -0.0000377715   0.0001175108  -0.0001470858
       -0.0000113280  -0.0000422259   0.0000062035   0.0000343656   0.0000253306
       -0.0000110465  -0.0000243469  -0.0000245385  -0.0000116428   0.0000279178
       -0.0000911403   0.0000618271  -0.0013790381  -0.0032771417   0.0022775649
       -0.1327260352  -0.0681226564   0.1071017640  -0.0107443488  -0.0064311218
        0.0132605474   0.0018186629   0.0024199272   0.0048507383   0.0002278927
        0.0002458201  -0.0005106857  -0.0007020404   0.0000377420  -0.0008131180
        0.0000781708   0.0000068058  -0.0000554900  -0.0004500104  -0.0000756505
       -0.0004414662  -0.0000591244   0.0000926760   0.0003563256   0.0053784789
       -0.0009243652   0.0041416522  -0.0000479687  -0.0000668021  -0.0001082266
        0.0000152795   0.0000212378   0.0000092178  -0.0000682825  -0.0000354873
       -0.0000858709  -0.0000769625   0.0000097730   0.0000879862   0.0000017748
       -0.0000157520   0.0000038021   0.0000040646  -0.0000019837   0.0000288356
       -0.0000165520  -0.0000041208   0.0000108287  -0.0000402992   0.0000040313
        0.0000383641   0.1416393100   0.0762655005  -0.1281914514  -0.0007209877
       -0.0003718519  -0.0014054673  -0.0006268191  -0.0003424322   0.0005946029
        0.0000289339   0.0000323236   0.0000029117   0.0001504951  -0.0000147486
        0.0001730001  -0.0000377474  -0.0000498646   0.0000152794   0.0001091250
       -0.0000178031   0.0001043886
        0.0000073470   0.0001242843   0.0000170368  -0.0016225833  -0.0001573655
        0.0013420471   0.0003099569   0.0002617858   0.0000086003   0.0003200992
       -0.0001887343   0.0002160823   0.0000525046   0.0000968718   0.0000414408
        0.0000504183   0.0000286310   0.0000478689   0.0000241377   0.0000419302
       -0.0000766797  -0.0000395848  -0.0000063857  -0.0000679891  -0.0001349288
       -0.0001251399   0.0001921006  -0.0185388222  -0.0169313586   0.0197847796
       -0.0682618436  -0.0924287599   0.0728769193   0.0093804441   0.0065256811
       -0.0102600909   0.0018684204  -0.0011498980  -0.0024703984   0.0002770566
       -0.0003368475  -0.0003125600   0.0001887907   0.0000903790  -0.0001179582
        0.0000917057   0.0000053392  -0.0000994553  -0.0000094048  -0.0003520357
        0.0001058873  -0.0009727125  -0.0004114451   0.0011454367  -0.0002697212
       -0.0057109774  -0.0004837770  -0.0001928987  -0.0000156806  -0.0001974836
        0.0001209554   0.0001508340   0.0000947379   0.0000436831   0.0000293580
        0.0000339197   0.0001175458   0.0000832078  -0.0001166770  -0.0000331519
       -0.0000124717  -0.0000357399  -0.0000014061   0.0000010313  -0.0000224894
       -0.0000211904  -0.0000150085  -0.0000519283  -0.0000349133   0.0000605368
       -0.0000809877   0.0762655005   0.1092914584  -0.0805134291   0.0006970724
        0.0009044224  -0.0006160814   0.0005456727   0.0002277521  -0.0005895636
       -0.0000422982   0.0000008898   0.0000493451  -0.0000301254  -0.0000253471
        0.0000147644  -0.0000938600  -0.0001201099   0.0000991901  -0.0000618662
        0.0000631724   0.0000431318
        0.0001533555  -0.0003121466  -0.0002745653  -0.0014213729  -0.0008834758
       -0.0009925171  -0.0009535866   0.0002838814   0.0001570970   0.0001230459
        0.0002926696   0.0002415565  -0.0001235854  -0.0002002588   0.0000629192
       -0.0000265944  -0.0000313711   0.0000084188  -0.0000274087  -0.0000234343
       -0.0000648272   0.0000211893   0.0000107088  -0.0000193375   0.0000918967
        0.0000848945  -0.0001498743   0.0024232752   0.0033773407  -0.0015552808
        0.1070606268   0.0725420819  -0.1498943911   0.0135597294   0.0076215472
       -0.0137185071   0.0050123064  -0.0027351740   0.0004066920  -0.0004319993
       -0.0005328462   0.0001857195  -0.0007743139   0.0000551249  -0.0005748740
       -0.0000006026  -0.0000884824   0.0000179743  -0.0005436387   0.0000031985
       -0.0002599074   0.0002816998  -0.0000449120  -0.0000582455   0.0041866807
        0.0001764454   0.0046607813  -0.0000351057  -0.0000321064   0.0000625237
        0.0000134016   0.0000202765  -0.0000592366  -0.0000480383  -0.0000558794
       -0.0001197266   0.0000294412  -0.0000116130   0.0000516397  -0.0000055040
        0.0000033180   0.0000089449   0.0000007097   0.0000039157   0.0000015465
        0.0000075949  -0.0000018904   0.0000142955  -0.0000070622  -0.0000259550
        0.0000116234  -0.1281914514  -0.0805134291   0.1628197425  -0.0013464711
        0.0005455207  -0.0004400005   0.0007037603   0.0003963435  -0.0007487547
        0.0000005058  -0.0000322107   0.0000292019   0.0001738432   0.0000220688
        0.0001153868   0.0000057213   0.0000426126  -0.0000271057   0.0000879516
        0.0000432368   0.0001010879
       -0.0000185270   0.0000045749   0.0001758764   0.0001682505   0.0005664848
       -0.0003123808  -0.0001889510  -0.0000073747   0.0001883383   0.0001244106
        0.0000672034   0.0000158113   0.0000155074  -0.0000152782  -0.0000183584
        0.0000040606   0.0000011729   0.0000029238  -0.0000030178  -0.0000075620
       -0.0000186288   0.0000127250   0.0000046980  -0.0000083059  -0.0000260036
       -0.0000097246  -0.0000243516   0.0018385705   0.0024303407   0.0046316001
        0.0015922385   0.0153686515   0.0004149420  -0.0404384622  -0.0216060881
        0.0057778556  -0.0019123026  -0.0190583494   0.0020216470   0.0030881569
       -0.0015848832   0.0071884450   0.0001745352  -0.0009167380   0.0000210616
       -0.0005877166  -0.0001974023  -0.0002964661  -0.0000550058   0.0000610243
        0.0000901725  -0.0007579624   0.0001430424  -0.0007450858  -0.0005203645
       -0.0001165263   0.0001913020  -0.0000047745   0.0000229188  -0.0000155133
       -0.0000320181  -0.0000169044   0.0000061766  -0.0000048203  -0.0000071455
        0.0000285558   0.0000048248   0.0000105896   0.0000032583  -0.0000145471
       -0.0000049705  -0.0000003858  -0.0000059383  -0.0000015730  -0.0000023717
       -0.0000094289  -0.0000030111  -0.0000013906  -0.0000069667  -0.0000080843
        0.0000244039  -0.0007209877   0.0006970724  -0.0013464711   0.0393614539
        0.0248186317  -0.0161811579  -0.0014097324  -0.0004733957  -0.0020384529
        0.0001683193  -0.0000113869   0.0000472407  -0.0000282084  -0.0000963705
        0.0000193865   0.0001670901  -0.0000093888   0.0001485740   0.0000255926
       -0.0000442477   0.0000117493
        0.0000884427  -0.0000568891  -0.0002149468  -0.0008456150  -0.0005422576
        0.0006657130   0.0005240830   0.0000485028  -0.0002246463  -0.0002680470
       -0.0001193173  -0.0001060851   0.0000247110   0.0000627575   0.0000469631
       -0.0000014358   0.0000000273  -0.0000052733   0.0000210448   0.0000283276
        0.0000081472  -0.0000302386  -0.0000209451  -0.0000325125   0.0000568882
       -0.0000676033   0.0001132040   0.0024046422  -0.0016762426  -0.0029376499
       -0.0001177161  -0.0202363368  -0.0007786647  -0.0218223156  -0.2973359722
        0.0123805905  -0.0029599834  -0.0165920121   0.0025498153  -0.0022108693
        0.0001955025   0.0019718459   0.0001684593  -0.0008553992  -0.0001925041
       -0.0001079482   0.0000139549   0.0001694400   0.0000199949   0.0001399876
       -0.0000233930   0.0000246202   0.0002547856   0.0000394240   0.0000445506
        0.0008429402   0.0000038290   0.0000081800  -0.0000217231   0.0000088996
        0.0000459143   0.0000409281   0.0000483585  -0.0000058518  -0.0000268489
       -0.0000717043   0.0000013480   0.0000010565  -0.0000240466   0.0000332647
        0.0000203447  -0.0000029217   0.0000243744   0.0000121444   0.0000197748
       -0.0000029478  -0.0000027459   0.0000281655  -0.0000103184   0.0000476161
       -0.0000322433  -0.0003718519   0.0009044224   0.0005455207   0.0248186317
        0.3341042839  -0.0136271894   0.0005065056   0.0010183765  -0.0003731391
       -0.0000168381  -0.0000009709   0.0000085957  -0.0000423640  -0.0001178195
        0.0000467899  -0.0000184551  -0.0000610548   0.0000083004   0.0000171404
       -0.0000018203  -0.0000164571
        0.0000493957  -0.0000601214  -0.0001371255  -0.0005760852  -0.0006492483
        0.0003192379   0.0002899248   0.0001084852  -0.0002121809  -0.0000811336
       -0.0000268810   0.0000655059  -0.0000161196  -0.0000111534   0.0000232268
        0.0000009861  -0.0000068952   0.0000155370   0.0000039909   0.0000085334
        0.0000052015  -0.0000129324  -0.0000118492  -0.0000113400   0.0000502451
        0.0000032930   0.0000263093   0.0050575741  -0.0028221214   0.0003997262
       -0.0001288647  -0.0182380527   0.0006954387   0.0055883748   0.0121677495
       -0.0400870145   0.0028887171   0.0205233600  -0.0016289985   0.0070695116
        0.0013332168   0.0019141372   0.0000619010   0.0009732629   0.0001132061
       -0.0003166362   0.0001183200  -0.0005355485   0.0000073197  -0.0000650220
        0.0000178063  -0.0007202687  -0.0000278903  -0.0006271612   0.0000553818
        0.0000420193  -0.0003956324   0.0000151969  -0.0000184849   0.0000264902
        0.0000244865   0.0000176676   0.0000085007  -0.0000172754  -0.0000098571
       -0.0000357009  -0.0000033682  -0.0000041432  -0.0000128412   0.0000120821
        0.0000104370  -0.0000006872   0.0000049717   0.0000059311   0.0000004655
        0.0000094244   0.0000078253   0.0000060277   0.0000133393   0.0000164621
       -0.0000295348  -0.0014054673  -0.0006160814  -0.0004400005  -0.0161811579
       -0.0136271894   0.0412299259  -0.0019784456   0.0006783972  -0.0010020472
        0.0000554698   0.0000100557   0.0001594811   0.0000170112   0.0000928293
       -0.0000251142   0.0001516314   0.0000148433   0.0001373689   0.0000108185
        0.0000623023   0.0000173347
        0.0001309636  -0.0001329205  -0.0001304821  -0.0007895282  -0.0001872793
       -0.0012701001  -0.0005624603   0.0001314420   0.0003216984   0.0001818346
        0.0000694218   0.0001294713  -0.0000243914  -0.0000252999  -0.0000356419
        0.0000207216   0.0000117259   0.0000308048   0.0000060251   0.0000015718
       -0.0000195362   0.0000123305  -0.0000029366   0.0000202452  -0.0000099797
        0.0000084411  -0.0000227881   0.0001596378  -0.0002562175  -0.0001452632
        0.0029106680  -0.0023095000   0.0068469637  -0.0115883405   0.0104548766
        0.0140686211  -0.1127046263   0.0771513009   0.0908162873   0.0006440118
        0.0016526664   0.0006802044  -0.0004656818  -0.0011230893  -0.0016083302
       -0.0001691094   0.0000410513   0.0000456155  -0.0000578148  -0.0000746378
       -0.0001616933  -0.0001671610  -0.0002012904  -0.0000150551   0.0037088382
       -0.0004463498   0.0023289385  -0.0000131045  -0.0000113503  -0.0000155718
        0.0000032257  -0.0000022899  -0.0000043753  -0.0000353098  -0.0000208971
       -0.0000484285   0.0000088547  -0.0000002865  -0.0000031173  -0.0000131027
       -0.0000073706  -0.0000010657  -0.0000127628  -0.0000066556  -0.0000108392
       -0.0000056544   0.0000040936  -0.0000239201  -0.0000010653  -0.0000101056
        0.0000080295  -0.0006268191   0.0005456727   0.0007037603  -0.0014097324
        0.0005065056  -0.0019784456   0.1204340739  -0.0856504118  -0.1108498407
        0.0001193509  -0.0001155468   0.0000362071   0.0001206139  -0.0000275153
        0.0000877628   0.0000170013   0.0000262180   0.0000072681   0.0001784926
        0.0000069627   0.0002126166
        0.0000111051   0.0000276321  -0.0000250772  -0.0002679379   0.0001639043
        0.0002655662   0.0001712938  -0.0000199097  -0.0000079726  -0.0000901855
       -0.0000286377  -0.0000583121   0.0000161937   0.0000210350   0.0000273952
       -0.0000031100  -0.0000019342  -0.0000052517   0.0000192727   0.0000135359
       -0.0000014883  -0.0000127813  -0.0000026146  -0.0000331555   0.0000123964
       -0.0000542756   0.0000521709  -0.0003514110  -0.0001517167   0.0003612776
       -0.0017482078  -0.0000138521   0.0015794975  -0.0059762655   0.0063725601
        0.0068376266   0.0781264351  -0.1251382820  -0.0897469885   0.0160877748
       -0.0196813048  -0.0186061668   0.0013855265   0.0007243864  -0.0015092179
        0.0000940918   0.0003745518  -0.0001087507   0.0000303311   0.0003184392
       -0.0000324916   0.0009016006  -0.0006679554  -0.0010328267  -0.0010596970
       -0.0055901697   0.0009357346  -0.0000023236   0.0000010950  -0.0000057103
        0.0000277230   0.0000189387   0.0000429866   0.0000085365  -0.0000179167
       -0.0000119829   0.0000070330   0.0000051050  -0.0000126011   0.0000156507
        0.0000090484   0.0000003554   0.0000120656   0.0000081872   0.0000091306
        0.0000007761  -0.0000026440   0.0000135430  -0.0000290925   0.0000323349
       -0.0000244685  -0.0003424322   0.0002277521   0.0003963435  -0.0004733957
        0.0010183765   0.0006783972  -0.0856504118   0.1428924718   0.0989634039
       -0.0008417952  -0.0004319296   0.0009450088  -0.0000396947   0.0000910966
        0.0000356641  -0.0000492562   0.0000109788   0.0000609399   0.0000101916
       -0.0005282871   0.0000174206
        0.0001334876  -0.0001697503  -0.0001664721  -0.0012137036   0.0002047145
       -0.0007213247  -0.0001864115   0.0000461938   0.0002692842  -0.0000555558
        0.0000381706  -0.0000172570   0.0000066117  -0.0000197024   0.0000185082
       -0.0000017869  -0.0000213912   0.0000159015   0.0000075923   0.0000127134
       -0.0000055195  -0.0000258676  -0.0000214406  -0.0000456283   0.0000560643
       -0.0000177872   0.0000295587  -0.0000408004   0.0004268472   0.0000951136
        0.0068411758   0.0021595409   0.0018364727   0.0135499662  -0.0113029825
       -0.0146552059   0.0907263643  -0.0887975634  -0.1366945180   0.0010373931
       -0.0021924866  -0.0000234089  -0.0014856263   0.0013835779  -0.0002088618
        0.0000780648  -0.0001355869  -0.0002411893  -0.0002363132   0.0001111179
        0.0000370098   0.0000362517   0.0001813174  -0.0002327268   0.0027185871
        0.0000062352   0.0028840474   0.0000123486   0.0000153892   0.0000335261
        0.0000186348   0.0000107253   0.0000184661  -0.0000235200  -0.0000540266
       -0.0000820419  -0.0000066336   0.0000084081  -0.0000036357   0.0000117410
        0.0000108213  -0.0000019595   0.0000115202   0.0000080331   0.0000086611
        0.0000021577   0.0000028892   0.0000173479   0.0000011683   0.0000243801
       -0.0000179953   0.0005946029  -0.0005895636  -0.0007487547  -0.0020384529
       -0.0003731391  -0.0010020472  -0.1108498407   0.0989634039   0.1491567643
        0.0000344041   0.0001247232   0.0001456036   0.0000898153   0.0000357343
        0.0001052958   0.0000111926  -0.0000307911   0.0000203625   0.0001853682
       -0.0000487248   0.0001766232
       -0.0000619338   0.0000953517   0.0000604469   0.0004442330  -0.0003673460
        0.0002102808  -0.0001647263   0.0000749318  -0.0001061083   0.0001015018
       -0.0000089263   0.0000783928  -0.0000113370  -0.0000213548  -0.0000396151
       -0.0000010549   0.0000151978   0.0000021581  -0.0000162551  -0.0000145171
        0.0000010113   0.0000240789   0.0000038162   0.0000347566  -0.0000425138
        0.0000491817  -0.0000446332  -0.0007269255   0.0007052559   0.0006342769
        0.0000245025   0.0000427312  -0.0003049598  -0.0000061513   0.0002172120
       -0.0001572673  -0.0007767965   0.0012860703  -0.0012588728  -0.0106707196
        0.0098576191   0.0135857593  -0.1122743587   0.0784399441   0.0895534892
        0.0004800835   0.0011308003   0.0004116312   0.0059616201  -0.0001452358
        0.0039316579   0.0000233272  -0.0006043776  -0.0001753677   0.0014091505
       -0.0018825171   0.0050852238  -0.0000036349  -0.0000017646  -0.0000197252
       -0.0000222132  -0.0000214086  -0.0000209788   0.0000084520   0.0000358077
        0.0000307723   0.0000008015  -0.0000058431   0.0000058370  -0.0000124348
       -0.0000086649  -0.0000011428  -0.0000112212  -0.0000085482  -0.0000078077
       -0.0000045677   0.0000022462  -0.0000135926   0.0000203400  -0.0000295717
        0.0000261643   0.0000289339  -0.0000422982   0.0000005058   0.0001683193
       -0.0000168381   0.0000554698   0.0001193509  -0.0008417952   0.0000344041
        0.1184837425  -0.0873228240  -0.1083400919  -0.0013492002  -0.0005035573
       -0.0021595757  -0.0000462792  -0.0000483008  -0.0000266306  -0.0010961139
       -0.0000604769  -0.0010658686
        0.0000088244   0.0000352068  -0.0000051670  -0.0001710306  -0.0000725259
        0.0001614419   0.0000601190   0.0000565216  -0.0000089096  -0.0000491484
       -0.0000178218  -0.0000348533   0.0000143995   0.0000089814   0.0000084554
       -0.0000047975   0.0000037862  -0.0000019632   0.0000094602  -0.0000020439
        0.0000009336  -0.0000083475   0.0000004866  -0.0000211442   0.0000009920
       -0.0000108252   0.0000286477  -0.0003680275   0.0000278457   0.0004405360
       -0.0000299462   0.0001536032   0.0000467927   0.0002002366  -0.0001017591
       -0.0002350264  -0.0013041055   0.0012342243   0.0015084056  -0.0046190637
        0.0060463121   0.0052498535   0.0779058562  -0.1269814214  -0.0887506261
        0.0169199034  -0.0208710238  -0.0192259320  -0.0006822656  -0.0057683041
        0.0007638441  -0.0004067822  -0.0000461799   0.0004385605  -0.0014628696
       -0.0005325076   0.0015923526   0.0000003157   0.0000167088  -0.0000180123
        0.0000101777  -0.0000184829   0.0000266381  -0.0000016126  -0.0000135712
       -0.0000076213   0.0000021729   0.0000022209  -0.0000034174   0.0000050967
        0.0000024235   0.0000008397   0.0000051825   0.0000033152   0.0000038370
        0.0000013675  -0.0000028448   0.0000099278  -0.0000086477  -0.0000135761
       -0.0000029014   0.0000323236   0.0000008898  -0.0000322107  -0.0000113869
       -0.0000009709   0.0000100557  -0.0001155468  -0.0004319296   0.0001247232
       -0.0873228240   0.1475680661   0.0993801317   0.0004667771   0.0007720359
       -0.0005285204   0.0009078584  -0.0010606685  -0.0009256789   0.0000153389
        0.0000138284   0.0000060074
       -0.0000223623  -0.0000128425  -0.0000242459   0.0000503594   0.0004012082
        0.0002730452   0.0003473542  -0.0001784663  -0.0000831426  -0.0001314531
       -0.0000301445  -0.0000972605   0.0000276882   0.0000156032   0.0000329473
       -0.0000132123  -0.0000142970  -0.0000004195   0.0000048015   0.0000082341
        0.0000056330  -0.0000128992  -0.0000129301  -0.0000425551   0.0000039791
       -0.0000410154   0.0000583763   0.0004641346  -0.0008257971  -0.0008906727
       -0.0002937339  -0.0000770549   0.0000757206  -0.0001831776  -0.0002358838
        0.0000481150  -0.0013369908  -0.0013368734  -0.0004386601   0.0139704585
       -0.0111109360  -0.0145663095   0.0894066312  -0.0900911373  -0.1350822577
        0.0002828720  -0.0005175544   0.0005038129   0.0041273939   0.0001341645
        0.0047171500  -0.0003613433   0.0003387615   0.0002768270   0.0049826901
        0.0025907977   0.0003561769   0.0000037714   0.0000098822   0.0000118622
        0.0000279381   0.0000154824   0.0000338565   0.0000158644  -0.0000150816
       -0.0000111491   0.0000012211   0.0000063151  -0.0000107831   0.0000166221
        0.0000127313  -0.0000011718   0.0000134256   0.0000098392   0.0000101234
        0.0000052023   0.0000021615   0.0000101198   0.0000070520   0.0000454837
       -0.0000280588   0.0000029117   0.0000493451   0.0000292019   0.0000472407
        0.0000085957   0.0001594811   0.0000362071   0.0009450088   0.0001456036
       -0.1083400919   0.0993801317   0.1463112240  -0.0021426618   0.0005521680
       -0.0008363363   0.0000201321   0.0000016633  -0.0000765203  -0.0010280251
       -0.0000275628  -0.0008697338
       -0.0000092420  -0.0000072449   0.0000657392   0.0001716511  -0.0000266302
       -0.0000940891  -0.0001014732   0.0000073857  -0.0000054604   0.0000809640
        0.0000152105   0.0000514917  -0.0000150564  -0.0000106484  -0.0000271107
        0.0000023794   0.0000084600   0.0000021476  -0.0000104674  -0.0000028363
        0.0000002820   0.0000093819  -0.0000003659   0.0000283009  -0.0000260318
        0.0000275178  -0.0000405162  -0.0007612032   0.0000504298  -0.0007822083
        0.0000545043   0.0000267558  -0.0000255297  -0.0004494412  -0.0000200670
       -0.0004776414  -0.0000395890   0.0001164867   0.0002716129   0.0059937790
       -0.0005239544   0.0041195684  -0.0016127744  -0.0027249674   0.0026055840
       -0.1297909338  -0.0661020770   0.1076579040  -0.0106480339  -0.0065644980
        0.0134176877   0.0016491603   0.0024748255   0.0048957857   0.0001455096
        0.0004049760  -0.0004151846  -0.0000029507  -0.0000117653  -0.0000027738
       -0.0000449398  -0.0000089334  -0.0000466471   0.0000018680   0.0000115248
        0.0000020843   0.0000020441  -0.0000012081   0.0000031945  -0.0000071688
       -0.0000040784  -0.0000010762  -0.0000065491  -0.0000051928  -0.0000050005
       -0.0000046657  -0.0000021018  -0.0000114630   0.0000267274  -0.0000123364
        0.0000325299   0.0001504951  -0.0000301254   0.0001738432  -0.0000282084
       -0.0000423640   0.0000170112   0.0001206139  -0.0000396947   0.0000898153
       -0.0013492002   0.0004667771  -0.0021426618   0.1378317987   0.0733239092
       -0.1286521063  -0.0007183149  -0.0004625339  -0.0013257702  -0.0006146326
       -0.0003306349   0.0006206566
       -0.0000210148   0.0000585320  -0.0000096634   0.0001539984  -0.0001682575
       -0.0001002820  -0.0001432223   0.0000556039   0.0000174554   0.0000442829
        0.0000099540   0.0000297935   0.0000047267  -0.0000055208  -0.0000204756
        0.0000041243   0.0000133771   0.0000049191   0.0000056158  -0.0000035998
        0.0000013320   0.0000220731   0.0000173288   0.0000267641  -0.0000251236
        0.0000166700  -0.0000042595   0.0000605699   0.0001233105  -0.0000765137
        0.0000867332   0.0000112231  -0.0001071268  -0.0000769282  -0.0003541922
        0.0000512588  -0.0009795867  -0.0004079124   0.0011198718   0.0001007394
       -0.0056881302  -0.0000466281  -0.0186832980  -0.0161283494   0.0211806225
       -0.0660209538  -0.0918073730   0.0747303623   0.0092524729   0.0065299879
       -0.0104837767   0.0021667883  -0.0011882454  -0.0023035096   0.0002710756
       -0.0003999609  -0.0003009009   0.0000044596  -0.0000045169  -0.0000186994
        0.0000179558  -0.0000190351   0.0000152643  -0.0000069531   0.0000190920
        0.0000267550   0.0000004199  -0.0000081210   0.0000038291  -0.0000057183
       -0.0000082805  -0.0000008909  -0.0000053454  -0.0000053549  -0.0000035375
       -0.0000034621  -0.0000037725  -0.0000085153  -0.0000257545  -0.0000347703
       -0.0000042113  -0.0000147486  -0.0000253471   0.0000220688  -0.0000963705
       -0.0001178195   0.0000928293  -0.0000275153   0.0000910966   0.0000357343
       -0.0005035573   0.0007720359   0.0005521680   0.0733239092   0.1075494406
       -0.0831212869   0.0005826162   0.0008860573  -0.0006941138   0.0005369914
        0.0002248499  -0.0006066367
       -0.0000038089   0.0000067386  -0.0000631958  -0.0001277570   0.0000711517
        0.0001612489   0.0001068212  -0.0000230100  -0.0000481287  -0.0000702619
       -0.0000108218  -0.0000300816   0.0000160787   0.0000056424   0.0000203355
       -0.0000078092  -0.0000080252   0.0000130082   0.0000052626   0.0000020352
       -0.0000039964  -0.0000067899  -0.0000044671  -0.0000367866   0.0000087680
       -0.0000357321   0.0000589599  -0.0007938677  -0.0000269357  -0.0006124556
       -0.0000043662  -0.0001093219   0.0000323304  -0.0005279077   0.0000640828
       -0.0002971773   0.0003291118  -0.0000298569  -0.0001729707   0.0042058895
        0.0005275436   0.0049604373   0.0027148633   0.0030206730  -0.0023789964
        0.1076583647   0.0749143544  -0.1561812533   0.0132050473   0.0073372048
       -0.0137311097   0.0049777839  -0.0026473676   0.0006707122  -0.0004465626
       -0.0003822253   0.0002908104  -0.0000001889   0.0000137582   0.0000010695
        0.0000460620   0.0000061212   0.0000494992  -0.0000019683  -0.0000135645
        0.0000017483  -0.0000001978   0.0000060900  -0.0000083562   0.0000115857
        0.0000086211  -0.0000010276   0.0000103460   0.0000087845   0.0000075784
        0.0000043902   0.0000056388   0.0000064446  -0.0000172742   0.0000244088
       -0.0000474028   0.0001730001   0.0000147644   0.0001153868   0.0000193865
        0.0000467899  -0.0000251142   0.0000877628   0.0000356641   0.0001052958
       -0.0021595757  -0.0005285204  -0.0008363363  -0.1286521063  -0.0831212869
        0.1691594615  -0.0013668365   0.0004465760  -0.0004154589   0.0006067545
        0.0003744918  -0.0007644788
       -0.0000495119   0.0000276761   0.0000249592   0.0002693112  -0.0000977166
        0.0000256423  -0.0000303568   0.0000493210  -0.0000458183   0.0000571353
       -0.0000027974   0.0000141611  -0.0000185268  -0.0000028227  -0.0000104116
        0.0000025164   0.0000024693   0.0000046495  -0.0000077809  -0.0000024902
       -0.0000076477  -0.0000019120  -0.0000029420   0.0000034868  -0.0000436096
        0.0000278277  -0.0000131812   0.0002484124  -0.0007500161   0.0000485819
       -0.0005620129  -0.0001713638  -0.0002923059  -0.0000461882   0.0000599017
        0.0000902778  -0.0007770244   0.0001595653  -0.0007583136  -0.0004724969
       -0.0000687804   0.0002346983   0.0017288579   0.0023225176   0.0048801944
        0.0011792317   0.0160136870  -0.0003741394  -0.0395774307  -0.0118244367
        0.0058990187  -0.0012405013  -0.0183668874   0.0026246021   0.0032361449
       -0.0014720514   0.0071197159   0.0000141994   0.0000251800  -0.0000309459
       -0.0000218806  -0.0000569483  -0.0000198581  -0.0000092318   0.0000084077
        0.0000240957   0.0000044992  -0.0000009906   0.0000011050  -0.0000013297
       -0.0000024400   0.0000008200  -0.0000001472  -0.0000019451  -0.0000010955
       -0.0000044155  -0.0000039737  -0.0000048252   0.0000559680  -0.0000378022
        0.0000248859  -0.0000377474  -0.0000938600   0.0000057213   0.0001670901
       -0.0000184551   0.0001516314   0.0000170013  -0.0000492562   0.0000111926
       -0.0000462792   0.0009078584   0.0000201321  -0.0007183149   0.0005826162
       -0.0013668365   0.0381379020   0.0135441665  -0.0162442341  -0.0014515712
       -0.0007032186  -0.0020399592
       -0.0000337205   0.0000933847   0.0000321747   0.0003359840  -0.0003085727
       -0.0002549338  -0.0002243932   0.0001025825   0.0000164061   0.0001280708
        0.0000194575   0.0000641437  -0.0000050876  -0.0000042812  -0.0000467502
        0.0000147347   0.0000259656   0.0000040591   0.0000080362   0.0000048563
       -0.0000006799   0.0000418460   0.0000340003   0.0000415770  -0.0000787729
        0.0000482795  -0.0000237596   0.0000805250  -0.0007552184  -0.0000234338
       -0.0001553027   0.0000255913   0.0001433542   0.0000212985   0.0001413440
       -0.0000101226  -0.0000607028   0.0002436689   0.0000313518   0.0000477167
        0.0008687257  -0.0000699604   0.0025529911  -0.0013108790  -0.0026491487
        0.0003966216  -0.0203479794   0.0001533251  -0.0121532886  -0.2969288708
        0.0210283843  -0.0023955368  -0.0166121494   0.0031493861  -0.0018015918
        0.0002404324   0.0023100495   0.0000100242   0.0000043680  -0.0000440803
       -0.0000133799  -0.0000770863   0.0000080342  -0.0000109631   0.0000337269
        0.0000320243   0.0000043839  -0.0000088852   0.0000082111  -0.0000139008
       -0.0000119281  -0.0000009707  -0.0000086683  -0.0000090325  -0.0000113300
       -0.0000108876  -0.0000143599  -0.0000246334  -0.0000340663  -0.0001171170
        0.0000363402  -0.0000498646  -0.0001201099   0.0000426126  -0.0000093888
       -0.0000610548   0.0000148433   0.0000262180   0.0000109788  -0.0000307911
       -0.0000483008  -0.0010606685   0.0000016633  -0.0004625339   0.0008860573
        0.0004465760   0.0135441665   0.3339170000  -0.0238454640   0.0003577339
        0.0010477735  -0.0005284583
       -0.0000214453  -0.0000320779  -0.0000361350  -0.0001329726   0.0001698996
        0.0003345664   0.0001071856  -0.0000643485  -0.0000990378  -0.0000475927
        0.0000175619   0.0000154512  -0.0000005980  -0.0000067459   0.0000180930
       -0.0000026318  -0.0000060149   0.0000150880   0.0000005946  -0.0000030830
       -0.0000065525  -0.0000175546  -0.0000136114  -0.0000092236   0.0000268713
       -0.0000402464   0.0000197333   0.0002211052   0.0008959058  -0.0000678163
       -0.0002680856   0.0001231083  -0.0005107120   0.0000051609  -0.0000634911
        0.0000123529  -0.0007493227  -0.0000355793  -0.0006131464   0.0001366621
       -0.0000151543  -0.0003912443   0.0048813186  -0.0022452791   0.0006804985
        0.0003497562  -0.0178396027   0.0013899979   0.0055122125   0.0209009423
       -0.0411210783   0.0023918111   0.0213834821  -0.0026712091   0.0069742834
        0.0014276821   0.0016422424   0.0000084822  -0.0000142814   0.0000174380
        0.0000240547   0.0000616659   0.0000279081   0.0000200783   0.0000075920
       -0.0000095907  -0.0000018378   0.0000047211  -0.0000068557   0.0000097854
        0.0000057618  -0.0000025633   0.0000057421   0.0000051886   0.0000059523
        0.0000053801   0.0000018522   0.0000002309   0.0000088363   0.0000718490
       -0.0000302762   0.0000152794   0.0000991901  -0.0000271057   0.0001485740
        0.0000083004   0.0001373689   0.0000072681   0.0000609399   0.0000203625
       -0.0000266306  -0.0009256789  -0.0000765203  -0.0013257702  -0.0006941138
       -0.0004154589  -0.0162442341  -0.0238454640   0.0428115691  -0.0020217663
        0.0005991298  -0.0010543273
        0.0002069171  -0.0002721281   0.0004178433   0.0007164782  -0.0000357238
        0.0003417313  -0.0004283177  -0.0001077678   0.0001891992  -0.0002073460
       -0.0000938717  -0.0002625721   0.0000067115  -0.0000030545   0.0000463248
        0.0000041338  -0.0000020718   0.0000025369   0.0000139866   0.0000026468
       -0.0000046936  -0.0000360773  -0.0000239131  -0.0000215154  -0.0000608709
        0.0000346430   0.0000248342  -0.0006426651  -0.0004254885  -0.0014538158
       -0.0001860724   0.0000375619   0.0000337714  -0.0000890804  -0.0000457709
       -0.0001494485  -0.0001884186  -0.0001212261   0.0000145596   0.0037350353
       -0.0001545686   0.0025606068   0.0001941946  -0.0003942611  -0.0003255199
        0.0032463432  -0.0020059951   0.0068048242  -0.0116966473   0.0103750709
        0.0138013570  -0.1179717436   0.0830039271   0.0890428725   0.0004274913
        0.0010755301   0.0007014994  -0.0001179980  -0.0000895065   0.0000787391
       -0.0000683756   0.0001923103  -0.0006442687  -0.0000577736   0.0000108495
        0.0000996434  -0.0000000747   0.0000046611   0.0000076966   0.0000087248
        0.0000069993   0.0000089858   0.0000039040   0.0000046200   0.0000078218
        0.0000101601   0.0000140561   0.0000185706  -0.0001015409  -0.0001787869
       -0.0002033179   0.0001091250  -0.0000618662   0.0000879516   0.0000255926
        0.0000171404   0.0000108185   0.0001784926   0.0000101916   0.0001853682
       -0.0010961139   0.0000153389  -0.0010280251  -0.0006146326   0.0005369914
        0.0006067545  -0.0014515712   0.0003577339  -0.0020217663   0.1261280288
       -0.0916842717  -0.1089793676
       -0.0000560430   0.0003000385   0.0002514131  -0.0003500515  -0.0012236220
        0.0003846059  -0.0007050000   0.0001722489  -0.0000067193  -0.0001906489
       -0.0000548697  -0.0000521870   0.0000102379   0.0000172594   0.0000358646
        0.0000826243   0.0000359221   0.0000466806   0.0001062181   0.0000825870
        0.0000020713   0.0000245572   0.0000192721  -0.0000622210  -0.0000229243
       -0.0000877860   0.0002331423   0.0009424439   0.0010449215  -0.0011851442
        0.0001100863   0.0002283846  -0.0002159536   0.0000615821   0.0003067832
       -0.0000316885   0.0008443194  -0.0006477651  -0.0010332141  -0.0007182660
       -0.0055925734   0.0012383424  -0.0004424846  -0.0000278203   0.0004971392
       -0.0013155356   0.0000238225   0.0018778378  -0.0059875618   0.0062335197
        0.0064672802   0.0832469894  -0.1294719563  -0.0872813085   0.0167367316
       -0.0200640408  -0.0178435921   0.0000270412   0.0000257878  -0.0001422427
        0.0005966223   0.0001966503   0.0008719512   0.0000243053   0.0001296505
        0.0000604130   0.0000142352   0.0000021821   0.0000046886   0.0000231423
        0.0000108845   0.0000200518   0.0000232474   0.0000150136   0.0000084611
        0.0000268244   0.0000061701   0.0000484172  -0.0002790024  -0.0000224611
       -0.0004271680  -0.0000178031   0.0000631724   0.0000432368  -0.0000442477
       -0.0000018203   0.0000623023   0.0000069627  -0.0005282871  -0.0000487248
       -0.0000604769   0.0000138284  -0.0000275628  -0.0003306349   0.0002248499
        0.0003744918  -0.0007032186   0.0010477735   0.0005991298  -0.0916842717
        0.1475222795   0.0952302055
       -0.0000738683   0.0005448807  -0.0013420739   0.0005024751   0.0005322660
        0.0006348814   0.0001289587   0.0000484766  -0.0003500309   0.0001496077
        0.0000545283   0.0002242442  -0.0000645855  -0.0000449888  -0.0000770803
        0.0000186489   0.0000172975   0.0000479608   0.0000333969   0.0000239663
       -0.0000177779   0.0000563169   0.0000539544  -0.0000509577  -0.0001824283
       -0.0000549934   0.0000808167  -0.0012862421   0.0005000095  -0.0005063474
        0.0000335056  -0.0002263555  -0.0002629263  -0.0002354389   0.0000502499
        0.0000072819  -0.0000123602   0.0002361787  -0.0001370802   0.0024858252
        0.0003019589   0.0031310395  -0.0001854132   0.0006022314   0.0001031578
        0.0070328172   0.0023100325   0.0016532429   0.0143073890  -0.0116093267
       -0.0146074307   0.0891004453  -0.0863957679  -0.1270517197  -0.0000709686
       -0.0015275418   0.0010256569   0.0000145003   0.0000127676  -0.0001292574
       -0.0005635231   0.0006850722  -0.0014834036   0.0002070309  -0.0000731253
       -0.0002221961   0.0000281380   0.0000223897  -0.0000242266   0.0000026925
        0.0000054321  -0.0000098226   0.0000184397   0.0000146245  -0.0000032238
       -0.0000028565  -0.0000049307  -0.0000208653  -0.0003067190  -0.0002244998
       -0.0002411734   0.0001043886   0.0000431318   0.0001010879   0.0000117493
       -0.0000164571   0.0000173347   0.0002126166   0.0000174206   0.0001766232
       -0.0010658686   0.0000060074  -0.0008697338   0.0006206566  -0.0006066367
       -0.0007644788  -0.0020399592  -0.0005284583  -0.0010543273  -0.1089793676
        0.0952302055   0.1420228058
