$hessian                                                                        
        0.5218361661  -0.0162698383  -0.0176341122  -0.0638146410  -0.0182299090
        0.0092672490  -0.0162536566  -0.0318594366   0.0166654349   0.0033242919
        0.0027703416   0.0085279510  -0.0014395204  -0.0024340732   0.0013326456
       -0.0003228280   0.0003823321   0.0005249181  -0.0000112007  -0.0000562897
        0.0000310055  -0.0000394986   0.0004900447   0.0000842258   0.0004364641
        0.0003158653  -0.0003981954   0.0024197292   0.0145737640  -0.0033311729
       -0.0003770894   0.0011118595  -0.0001850207  -0.0002114922  -0.0001321292
       -0.0002286679   0.0000000177   0.0000267554  -0.0000983152   0.0001389261
        0.0000693470  -0.0000909965   0.0000136148  -0.0000096061  -0.0000213536
        0.0000731461   0.0000982189   0.0000816690  -0.0001500605   0.0000004068
        0.0001710651  -0.0011680631  -0.0000668011  -0.0004698197  -0.0007995451
        0.0018835373   0.0011060355  -0.0549158837   0.0021610455  -0.0619840111
       -0.1165238847   0.0911080770   0.0623746900  -0.2723911015  -0.0460381353
       -0.0159385397   0.0000315108  -0.0001213841   0.0000035073  -0.0000980734
       -0.0001964664   0.0001946250   0.0000335136  -0.0000899567   0.0000406955
       -0.0000033088  -0.0000084710  -0.0000496351   0.0001001947   0.0000456008
       -0.0000519206   0.0000889525   0.0003308762  -0.0000486909  -0.0000196788
        0.0000358499   0.0000458985  -0.0000212080   0.0000134049   0.0000300205
       -0.0000531949   0.0000114534  -0.0000111882  -0.0000195876   0.0000437684
       -0.0000229429  -0.0000131651  -0.0000246561  -0.0000263087   0.0001501545
        0.0000646039   0.0001092552
       -0.0162698383   0.4716100346   0.0217448638  -0.0204512595  -0.1799438567
        0.0485065090  -0.0167785844  -0.0093336037   0.0140065967   0.0026348295
        0.0023518855   0.0016030370  -0.0005844484  -0.0011326024   0.0005900540
       -0.0000900589   0.0003750391   0.0001010551   0.0000018693  -0.0000117228
       -0.0000289753   0.0000915473   0.0002718470  -0.0000945807  -0.0000634724
       -0.0000554827  -0.0000998862   0.0022295836  -0.0266607623   0.0089477894
       -0.0002372380  -0.0004893941   0.0006433924   0.0001831732   0.0003530866
        0.0003532996   0.0000477582  -0.0000880302   0.0002356123  -0.0001940426
        0.0000019701   0.0000879842  -0.0000183208   0.0000017606   0.0000895699
        0.0000177813  -0.0001425984  -0.0000503322   0.0002165048  -0.0000357483
       -0.0003106504   0.0012453688  -0.0005008638   0.0009386541   0.0014322328
       -0.0021136834  -0.0021704694   0.0007074324  -0.0382450487  -0.0054905552
        0.0912043172  -0.1619206455  -0.0831675433  -0.0452167529  -0.0525051633
       -0.0061738568  -0.0000214138  -0.0000584491  -0.0000404686  -0.0000675092
       -0.0001296219   0.0001788613  -0.0000283969  -0.0001109819   0.0000777049
       -0.0000416012  -0.0001275165  -0.0000172255   0.0000593764  -0.0000877198
        0.0000522758   0.0000219930  -0.0009196971  -0.0001930366   0.0000472474
       -0.0000792760  -0.0000716554   0.0000412505  -0.0000430779  -0.0000501928
        0.0000603786  -0.0000355063   0.0000118993   0.0000582783  -0.0000797724
        0.0000298160   0.0000062590   0.0000002662   0.0000007131  -0.0002442443
       -0.0001150648  -0.0002402594
       -0.0176341122   0.0217448638   0.4882968640   0.0109542946   0.0414035334
       -0.0805070271   0.0141263450   0.0202228407  -0.0221510433   0.0067645371
        0.0032945737   0.0073550028  -0.0004770284  -0.0005599511   0.0004488124
       -0.0005736456   0.0001991884   0.0002357710  -0.0000857765  -0.0001525034
        0.0002253220  -0.0002408343   0.0007926583   0.0003398961   0.0010522477
        0.0013886238  -0.0016443201  -0.0022501648   0.0018318723   0.0071104646
        0.0005635757   0.0003565834  -0.0016399775  -0.0009106610   0.0005222792
        0.0001412109   0.0002697948  -0.0003785453   0.0000655152  -0.0001071989
        0.0002886501  -0.0000318954   0.0000303739  -0.0000723786   0.0001589831
        0.0000445823  -0.0000666486   0.0000372591   0.0000692460  -0.0001224396
       -0.0000022480  -0.0001956710  -0.0000113799   0.0005353855   0.0016342593
       -0.0017999335   0.0006196644  -0.0598029988   0.0002590167  -0.2625194839
        0.0630504801  -0.0822719102  -0.0977711673  -0.0178160636  -0.0062021953
       -0.0399451313   0.0001405543  -0.0001088217   0.0002321452   0.0000365825
        0.0000242273  -0.0000871848   0.0001836615   0.0000522008  -0.0000202467
        0.0001606714   0.0003661781  -0.0000307103   0.0002007183   0.0000309425
        0.0000838222   0.0007070606  -0.0009799312   0.0002066841  -0.0000843357
        0.0000074699   0.0000311617  -0.0000099990   0.0000149746   0.0000152807
       -0.0000141311  -0.0000157753   0.0000057706  -0.0000013341  -0.0000126554
        0.0000009941   0.0000072618  -0.0000103342   0.0000323981   0.0002077078
       -0.0000352737   0.0001720278
       -0.0638146410  -0.0204512595   0.0109542946   0.5793786972  -0.0141059213
       -0.3035825961  -0.3807794271  -0.0278916453   0.2501015188  -0.0238650750
       -0.0168738688   0.0214573742   0.0022014059   0.0009762257  -0.0038316268
        0.0006696328  -0.0014610843   0.0013024964   0.0001448124   0.0003644736
       -0.0002285239   0.0002200574  -0.0013390737   0.0008061525   0.0010102074
        0.0064442827   0.0000763605  -0.0969433454   0.0516584723   0.0099807407
       -0.0134971603   0.0070547306   0.0137007601   0.0052893227  -0.0003870706
        0.0018749980  -0.0016735184   0.0018809430   0.0000152917  -0.0003442579
       -0.0016818726   0.0006910587  -0.0002620104   0.0005366340  -0.0004223360
       -0.0004979599  -0.0001158178  -0.0003794814  -0.0002706716   0.0005653658
       -0.0011809537   0.0074533247   0.0018975032  -0.0000707740  -0.0092686100
        0.0223173038  -0.0080981615   0.0018194875   0.0043264461   0.0001208862
        0.0037956842   0.0157391183  -0.0053268456  -0.0089334237  -0.0268464601
        0.0125800676  -0.0003310326  -0.0000432065   0.0001503776  -0.0000649776
        0.0000381382  -0.0003948365  -0.0000826472   0.0004282916  -0.0002241850
        0.0003695340   0.0003995489   0.0001922775  -0.0001844846  -0.0001504503
        0.0000238656  -0.0005202020  -0.0006832990  -0.0010041803   0.0003985324
        0.0000177144  -0.0002989455   0.0001504311  -0.0000604055  -0.0002023524
        0.0003217307  -0.0000760563   0.0000304395   0.0000813392  -0.0002112322
        0.0001422983   0.0001013489   0.0000740395   0.0003301818  -0.0020721037
       -0.0023405080   0.0007143583
       -0.0182299090  -0.1799438567   0.0414035334  -0.0141059213   0.4686475301
       -0.0922935889  -0.0143931290  -0.0665271254   0.0219216358  -0.0310617764
       -0.0162369139   0.0241213368  -0.0019346314  -0.0019995161  -0.0006809331
       -0.0002740821  -0.0016965786   0.0015828070   0.0004091566   0.0007655743
       -0.0001468814   0.0007651220  -0.0019636819   0.0001884113   0.0003661726
        0.0001449014   0.0033164838   0.0587854918  -0.1405436636  -0.0204022472
        0.0095462203  -0.0029850934  -0.0115261888   0.0005695326   0.0046166577
        0.0004924538   0.0010293905  -0.0015735615   0.0000783509  -0.0010924803
        0.0001312715  -0.0009119698   0.0002231225  -0.0003717927   0.0003310814
       -0.0004732904  -0.0006791391   0.0001831719   0.0006415111  -0.0007516959
        0.0009921418   0.0042245775   0.0041632327   0.0042362903   0.0163333232
       -0.0271686802   0.0060520938  -0.0009363304  -0.0020678896   0.0064348849
        0.0001105388  -0.0275738428   0.0090676134  -0.0059053607  -0.0068537239
        0.0055950450  -0.0003845525   0.0002379477  -0.0005648680   0.0000078986
       -0.0002129326  -0.0000534620  -0.0001729424   0.0002861855  -0.0001743657
       -0.0001163150   0.0000844698   0.0000835283  -0.0005267220   0.0003384148
       -0.0004626485  -0.0015701267  -0.0005026563   0.0015590108  -0.0004086644
        0.0001564919   0.0004550778  -0.0001336061   0.0001426201   0.0002238228
        0.0000410617   0.0003434724   0.0000576434  -0.0000970703   0.0001664832
       -0.0001455972   0.0001636770   0.0000909146  -0.0002146070  -0.0013998864
       -0.0006638236  -0.0007990606
        0.0092672490   0.0485065090  -0.0805070271  -0.3035825961  -0.0922935889
        0.4225548954   0.2495084418   0.0248839083  -0.2260425537   0.0254245597
        0.0221450615  -0.0268081348  -0.0006932060   0.0014418095   0.0032098581
        0.0002894505   0.0021387617  -0.0017867250  -0.0003519837  -0.0008464530
        0.0004643046   0.0006927373   0.0015147509  -0.0013698453  -0.0022007369
       -0.0086374673   0.0003765189   0.0093092091  -0.0092740027  -0.0662768334
        0.0194851226  -0.0188094388  -0.0105040750   0.0019475236   0.0011412938
       -0.0044769397   0.0004815290  -0.0006182592  -0.0008467700  -0.0003546534
        0.0001137085  -0.0005209696   0.0001970329  -0.0002161829  -0.0000780959
       -0.0004120325   0.0001364713   0.0000398322  -0.0003044873   0.0005442129
        0.0012314028  -0.0012793130   0.0056772348  -0.0025125320  -0.0113897802
        0.0087101888   0.0079837572   0.0055706740   0.0276245003  -0.0176183436
       -0.0038733297  -0.0115803267   0.0054135998   0.0027352104  -0.0009530651
       -0.0004218397   0.0003086912  -0.0001358582  -0.0003832640   0.0000603646
        0.0000346030   0.0002293865  -0.0000881849  -0.0003786661   0.0001531196
       -0.0004116453  -0.0004163003  -0.0002281809  -0.0001667419  -0.0001404751
       -0.0003013198   0.0002856196  -0.0009272489  -0.0001257529   0.0006255526
       -0.0008651232  -0.0003051055  -0.0000819916   0.0000564396   0.0001061099
       -0.0000173358   0.0001516130   0.0000148972  -0.0001373478   0.0001984020
       -0.0000756881   0.0000172545   0.0000422147  -0.0001221115  -0.0008608563
        0.0010307728  -0.0004655747
       -0.0162536566  -0.0167785844   0.0141263450  -0.3807794271  -0.0143931290
        0.2495084418   0.5282424692   0.1254837352  -0.3495606005  -0.0840577095
       -0.0773299285   0.0284459327  -0.0066033818  -0.0112076283   0.0147153819
        0.0060583300  -0.0009637222   0.0008776691  -0.0005259410  -0.0008063822
       -0.0001450103   0.0053443434  -0.0034766701  -0.0009212429  -0.0052927652
       -0.0253377712   0.0046941958  -0.0380788229   0.0210715842   0.0362749281
       -0.0014293990   0.0055929073  -0.0027649868  -0.0011572734   0.0017474496
        0.0019983891   0.0008402212  -0.0010840849   0.0000773985  -0.0002629224
        0.0003562267  -0.0005608684   0.0001477776  -0.0002689938   0.0002052945
        0.0000233759  -0.0001821400   0.0000830799   0.0000819816  -0.0001751048
        0.0007389849   0.0000049474   0.0008566470   0.0004139963   0.0007576401
       -0.0058561722   0.0039927206  -0.0003190461   0.0010742164  -0.0014813574
       -0.0003497269   0.0000789148  -0.0011612299  -0.0001443922  -0.0024721888
        0.0008619431  -0.0015353444   0.0013698329  -0.0008179520   0.0000411566
       -0.0001492981   0.0003267080  -0.0013817995   0.0006192780  -0.0001180254
       -0.0007079928  -0.0006122170   0.0000764207  -0.0017192621   0.0025533060
        0.0002768293  -0.0002597750  -0.0002226361  -0.0000079484  -0.0006423078
        0.0005114558   0.0004338698  -0.0000745891   0.0000339445   0.0001325666
       -0.0000833695   0.0001528803   0.0000172163  -0.0000918097   0.0001483589
       -0.0000935588   0.0000191183  -0.0000035458  -0.0001519428   0.0001893526
       -0.0003305403  -0.0004935883
       -0.0318594366  -0.0093336037   0.0202228407  -0.0278916453  -0.0665271254
        0.0248839083   0.1254837352   0.3251141547  -0.1179993119  -0.0522775386
       -0.1952668221   0.0545248338  -0.0110801642  -0.0073802013   0.0253367019
        0.0002742329   0.0061797880  -0.0030124921  -0.0019192623  -0.0037755505
        0.0021227754  -0.0036862421   0.0040407527  -0.0064304365  -0.0246142615
       -0.0518577788   0.0031585092   0.0244487103   0.0060515281  -0.0052797805
        0.0021860539  -0.0012013413  -0.0004415430  -0.0005304183  -0.0007650823
       -0.0005846507   0.0000270468   0.0000527207  -0.0001105357   0.0001860632
        0.0003012204   0.0001155081   0.0000234821  -0.0000241200   0.0000050062
        0.0001647996   0.0001747055   0.0000518662   0.0000777385  -0.0000266703
       -0.0000435322  -0.0019532749  -0.0011062424  -0.0000999821   0.0007724491
       -0.0011855893  -0.0013637229  -0.0006898326  -0.0006516828   0.0009315521
       -0.0004195298   0.0029006635  -0.0002563548  -0.0027036310  -0.0049764286
        0.0026278817   0.0028161085  -0.0003971791   0.0000461735   0.0002021613
        0.0002804502   0.0000123577   0.0008827016  -0.0003070238   0.0001442455
       -0.0004101374  -0.0012803508   0.0002254173   0.0011875125   0.0014766219
        0.0013601692   0.0002971528  -0.0000311616   0.0002101639   0.0000413006
       -0.0001758660  -0.0000945192   0.0000228872  -0.0000415220  -0.0000228821
       -0.0000401306  -0.0000907739  -0.0000147528   0.0000004724  -0.0000591000
        0.0000163599  -0.0000607997  -0.0000825590  -0.0000781321   0.0010416965
       -0.0000288307  -0.0001636419
        0.0166654349   0.0140065967  -0.0221510433   0.2501015188   0.0219216358
       -0.2260425537  -0.3495606005  -0.1179993119   0.3635351885   0.0267074592
        0.0650276076  -0.0882103758   0.0242408697   0.0335390837  -0.0328973533
       -0.0015601863  -0.0050580544  -0.0050772008   0.0007632272   0.0024842998
        0.0005532304  -0.0010178196  -0.0042872819  -0.0005937465  -0.0046092512
        0.0016405890   0.0104905897   0.0395880835  -0.0138502203  -0.0011169137
       -0.0019128714  -0.0006861045   0.0029551730  -0.0000969751  -0.0022859180
       -0.0003413584  -0.0008148016   0.0010451641   0.0003154774   0.0005672099
       -0.0002998096   0.0005402193  -0.0001623382   0.0002735604  -0.0001392710
        0.0002317685   0.0001686147  -0.0000881811  -0.0001263050   0.0001304953
       -0.0008967703  -0.0002131454  -0.0031181446  -0.0003361093  -0.0008384478
        0.0043357791  -0.0037780719   0.0008285592   0.0024123659  -0.0002819262
        0.0001145832  -0.0009409401  -0.0002137617  -0.0003361067   0.0009718454
        0.0001434100  -0.0002950295   0.0008431238   0.0022110736   0.0006837610
        0.0012745785  -0.0010567982   0.0001286645   0.0001110414   0.0000685656
        0.0001257058  -0.0005975413   0.0004385461   0.0001041680  -0.0016180848
        0.0014665333   0.0003790556   0.0004313947   0.0000510185   0.0002533570
       -0.0000305892  -0.0001617506   0.0000445571  -0.0000244538  -0.0000890428
       -0.0000044377  -0.0001457765  -0.0000207374   0.0000848878  -0.0001210242
        0.0000744476  -0.0000305510  -0.0000500104   0.0001373461  -0.0000340036
        0.0004954895   0.0005121470
        0.0033242919   0.0026348295   0.0067645371  -0.0238650750  -0.0310617764
        0.0254245597  -0.0840577095  -0.0522775386   0.0267074592   0.2443526265
        0.1843682492  -0.0649169067  -0.0578635894  -0.0070060352   0.0480279378
       -0.0053711794  -0.0024775349   0.0150996303  -0.0038010389   0.0032241825
       -0.0057182747  -0.0121078582  -0.0211377702   0.0004748456  -0.0750893982
       -0.0627676947  -0.0461722934   0.0001322842  -0.0025302715  -0.0041466705
        0.0003768395  -0.0013856710   0.0003612810   0.0001682263  -0.0000599052
       -0.0002945966   0.0000292357   0.0000246365   0.0001406993  -0.0000482105
       -0.0000330686   0.0001530243  -0.0000359454   0.0000420863  -0.0000073137
       -0.0000322015   0.0000122361  -0.0000685387   0.0000720458  -0.0001012644
       -0.0002856176   0.0002113141   0.0001108799  -0.0001788914  -0.0014281888
        0.0006058800   0.0003563246  -0.0007160895  -0.0020329024   0.0011746749
       -0.0000264186   0.0001263827  -0.0000677631   0.0004890871   0.0005233132
       -0.0000718412   0.0019641451  -0.0005681913  -0.0085148862   0.0056956798
       -0.0049585019   0.0019373617   0.0005438506   0.0001853601  -0.0001730712
        0.0054680192  -0.0052824973   0.0021634755   0.0028177912   0.0013972827
        0.0025534217  -0.0000365621   0.0000640018  -0.0001409968   0.0002072123
       -0.0001220753  -0.0001836264   0.0000479741  -0.0000355180  -0.0000791139
        0.0000581975  -0.0000607918  -0.0000048218   0.0000690466  -0.0000779300
        0.0000396867   0.0000173194   0.0000428350   0.0000429963  -0.0015657221
        0.0006147832  -0.0003966918
        0.0027703416   0.0023518855   0.0032945737  -0.0168738688  -0.0162369139
        0.0221450615  -0.0773299285  -0.1952668221   0.0650276076   0.1843682492
        0.5299021853   0.0237042850  -0.0121818027  -0.0802031319   0.0162406867
        0.0050541356   0.0169997913   0.0270475773   0.0026405729  -0.0080013348
       -0.0282042749  -0.0286536992  -0.0558143912   0.0220230909  -0.0552810885
       -0.1856370731  -0.1228136425   0.0025733545  -0.0012355823  -0.0068324192
        0.0001618628  -0.0015741603   0.0008226856   0.0001842332  -0.0003325818
       -0.0004053882  -0.0000936063   0.0001092582   0.0000411874  -0.0000036522
       -0.0001070141   0.0002117369  -0.0000521851   0.0000636886  -0.0000021836
       -0.0000152062   0.0000155469  -0.0000694331  -0.0000045738  -0.0000329041
       -0.0003614544   0.0003463682  -0.0001556507  -0.0002101086   0.0005263537
        0.0011482078  -0.0012089860  -0.0006505891  -0.0015861795   0.0009067068
       -0.0003795417  -0.0004226428   0.0003109220   0.0005750550   0.0002841015
        0.0003096441   0.0008236684  -0.0005328680  -0.0244503397  -0.0055465387
       -0.0019602427   0.0020293680   0.0001678256   0.0005790607  -0.0006511047
       -0.0047779728  -0.0012331941   0.0019918340   0.0011114449  -0.0017331516
       -0.0011515184  -0.0000672336   0.0001922399  -0.0001001555   0.0001936394
       -0.0001294679  -0.0001534429   0.0000169201   0.0000021157  -0.0000499775
        0.0000325233  -0.0000291074   0.0000064668   0.0000485124  -0.0000341682
        0.0000388926   0.0000303710   0.0000153682   0.0002080455   0.0002860557
        0.0005951327   0.0003040567
        0.0085279510   0.0016030370   0.0073550028   0.0214573742   0.0241213368
       -0.0268081348   0.0284459327   0.0545248338  -0.0882103758  -0.0649169067
        0.0237042850   0.6223302878   0.0192286073  -0.0365105473  -0.2905157819
        0.0412823939   0.0753575544  -0.0236940437  -0.0070190189  -0.0273796576
       -0.0509938631  -0.0212951743  -0.0290731210   0.0551298341  -0.0178378488
       -0.0683552874  -0.1609500198  -0.0055863516   0.0003514268  -0.0030990200
        0.0006327824   0.0003864318  -0.0005570386   0.0002725963   0.0002962948
        0.0001247222   0.0000610562  -0.0000823711  -0.0001502684  -0.0000754680
       -0.0000376003  -0.0001589742   0.0000525149  -0.0000521948  -0.0000376133
       -0.0000935391   0.0000056600   0.0000237032  -0.0000533875   0.0000382536
        0.0003421223   0.0002051096   0.0008166830  -0.0000118612   0.0002473678
        0.0000594181   0.0010025610  -0.0004467266  -0.0015288272   0.0008591103
       -0.0000201318   0.0003325283   0.0000462841   0.0007117626   0.0023889037
       -0.0013399726   0.0021044206  -0.0027891200  -0.0196323966   0.0016731910
        0.0017579603   0.0004896905  -0.0005687993  -0.0004437050  -0.0004324258
        0.0024344885   0.0021965556   0.0001352855  -0.0086205347  -0.0215466403
       -0.0217637863  -0.0000635720  -0.0001349017   0.0000680412  -0.0001342649
        0.0000402112   0.0001025100  -0.0000260354   0.0000210722   0.0000452465
       -0.0000149383   0.0000531966   0.0000019168  -0.0000530090   0.0000540768
       -0.0000290360  -0.0000232386   0.0000314501  -0.0000871973  -0.0004886037
       -0.0002071961   0.0004154911
       -0.0014395204  -0.0005844484  -0.0004770284   0.0022014059  -0.0019346314
       -0.0006932060  -0.0066033818  -0.0110801642   0.0242408697  -0.0578635894
       -0.0121818027   0.0192286073   0.2239780608   0.2202271318  -0.0641328080
       -0.1009624445  -0.0999630894   0.0680764027  -0.0100193270  -0.0305469001
       -0.0230148725  -0.0108386273  -0.0069920195   0.0175622494   0.0102980537
        0.0175177756  -0.0043210173   0.0002659131  -0.0000858447   0.0007377215
        0.0000159293   0.0002799042   0.0000712826   0.0000645805  -0.0001035089
        0.0001114488  -0.0000179611   0.0000733665  -0.0001587841   0.0000085317
       -0.0000004517   0.0000130073   0.0000139654  -0.0000121576  -0.0000376756
       -0.0000112649   0.0000224873   0.0000489124   0.0000726134  -0.0001099398
       -0.0000081085  -0.0002568138   0.0001165500   0.0002541476   0.0004691350
       -0.0001961583  -0.0007514391   0.0000584050   0.0002591131  -0.0001822197
       -0.0000156638   0.0000650358   0.0000127128  -0.0000998715  -0.0002831809
        0.0001168717  -0.0568428074  -0.0624719194  -0.0403673291  -0.0020946448
       -0.0045479106   0.0035824349   0.0055158840  -0.0039566526  -0.0003732911
       -0.0000550231   0.0002047370   0.0003347034   0.0051020154  -0.0039656612
       -0.0006587871  -0.0000018663  -0.0000185329   0.0000387157  -0.0000521995
        0.0000119385   0.0000316812  -0.0000124588   0.0000086371   0.0000237604
       -0.0000176720   0.0000068854   0.0000089913  -0.0000123880   0.0000081878
       -0.0000026840   0.0000238620  -0.0000200384   0.0000323839  -0.0008708297
        0.0002532623   0.0006523457
       -0.0024340732  -0.0011326024  -0.0005599511   0.0009762257  -0.0019995161
        0.0014418095  -0.0112076283  -0.0073802013   0.0335390837  -0.0070060352
       -0.0802031319  -0.0365105473   0.2202271318   0.5776993131   0.0254568025
       -0.1112957773  -0.2412897676   0.1145689094  -0.0230173223  -0.0558837990
       -0.0325848626  -0.0083175001  -0.0126570141   0.0279113331   0.0133663846
        0.0222888406  -0.0192634832   0.0003574428   0.0004014274   0.0010321420
       -0.0001787028   0.0003770247  -0.0001380088  -0.0000291265   0.0000029198
        0.0000376496  -0.0000063196   0.0000094113  -0.0000697538   0.0000529259
       -0.0000045153  -0.0000871862   0.0000045239  -0.0000027770  -0.0000076770
        0.0000094501  -0.0000204722   0.0000379376  -0.0000343735  -0.0000301579
        0.0000999793  -0.0000619943   0.0000383174  -0.0000192381  -0.0000089572
       -0.0002474438   0.0002852904   0.0001041508   0.0001919396  -0.0001732531
       -0.0000086229   0.0001685071   0.0000000505  -0.0002987432  -0.0006340287
        0.0002453477  -0.0623065896  -0.1950588220  -0.1114273203  -0.0014206433
       -0.0015344953   0.0023691753  -0.0038752284  -0.0019900418  -0.0031528357
        0.0002997308   0.0004196917   0.0007107423  -0.0039734598  -0.0018839029
       -0.0037470149   0.0000171704  -0.0000562740  -0.0000186672  -0.0000512021
        0.0000528560   0.0000737284  -0.0000201366   0.0000121073   0.0000335230
       -0.0000235226   0.0000278768   0.0000001273  -0.0000234980   0.0000295994
       -0.0000233033   0.0000214081   0.0000109730  -0.0000269608   0.0001629119
        0.0002781579  -0.0000335679
        0.0013326456   0.0005900540   0.0004488124  -0.0038316268  -0.0006809331
        0.0032098581   0.0147153819   0.0253367019  -0.0328973533   0.0480279378
        0.0162406867  -0.2905157819  -0.0641328080   0.0254568025   0.6237428957
        0.0353176137   0.0470037398  -0.1374378965   0.0023278644   0.0200312310
        0.0547588258   0.0166900354   0.0232273260  -0.0399682608  -0.0236668828
       -0.0619483674  -0.0377729094   0.0003477958  -0.0001940445  -0.0011874066
        0.0002078461  -0.0005847999  -0.0001327133  -0.0001325919   0.0001237437
       -0.0001512653   0.0000012368  -0.0000087268   0.0001785207  -0.0000213403
        0.0000350382   0.0000362535  -0.0000176447   0.0000054809   0.0000473427
        0.0000418471  -0.0000249639  -0.0000632392  -0.0000881458   0.0000484777
       -0.0001320526   0.0002568204  -0.0003346703  -0.0000664740  -0.0006585177
        0.0000990947  -0.0001087986  -0.0000608220  -0.0003262890   0.0001757527
        0.0000271138  -0.0003417379   0.0000926488   0.0001000552   0.0002223848
       -0.0000851035  -0.0408486828  -0.1113916734  -0.1239744079   0.0139049681
        0.0236681893  -0.0164376285  -0.0005477732  -0.0036859270  -0.0009843312
       -0.0000021575   0.0007467573  -0.0000507742  -0.0001193578  -0.0032917011
       -0.0011421480  -0.0000143695   0.0000239396   0.0000764839   0.0000581774
       -0.0000334589  -0.0000140869  -0.0000027234   0.0000125297   0.0000015043
        0.0000021793   0.0000030979   0.0000053167   0.0000096589   0.0000019190
        0.0000075045   0.0000149053   0.0000093215   0.0000844240   0.0007613614
       -0.0000392231   0.0002564879
       -0.0003228280  -0.0000900589  -0.0005736456   0.0006696328  -0.0002740821
        0.0002894505   0.0060583300   0.0002742329  -0.0015601863  -0.0053711794
        0.0050541356   0.0412823939  -0.1009624445  -0.1112957773   0.0353176137
        0.2243058748   0.2081117296  -0.0640783010  -0.0767538079  -0.0661084940
       -0.0160147738   0.0122228512   0.0136910618  -0.0286933189  -0.0151605331
       -0.0216097261  -0.0020421063   0.0005240414   0.0003253609   0.0001377160
        0.0000708248  -0.0001164594  -0.0001074039  -0.0001100750   0.0000449472
       -0.0000461429   0.0000241165  -0.0000509153   0.0000779691   0.0000037843
        0.0000340455  -0.0000009940  -0.0000034400  -0.0000069164   0.0000263710
        0.0000338189  -0.0000119615  -0.0000241493  -0.0000158774   0.0000157989
       -0.0000216947   0.0000202842  -0.0001679403  -0.0000849929  -0.0001938945
       -0.0000440438   0.0001617240   0.0000311674   0.0001212424  -0.0000877483
       -0.0000334845  -0.0000453128   0.0000308112  -0.0000213435  -0.0000776624
        0.0000636031  -0.0044675870  -0.0087959053   0.0030175141  -0.0419249811
       -0.0045727254   0.0382363876  -0.0047124532  -0.0118490917  -0.0069475532
        0.0063190936  -0.0024429867   0.0019194810  -0.0001926681  -0.0001946478
       -0.0002524084   0.0000110483   0.0000291471  -0.0000237175   0.0000039621
       -0.0000020219  -0.0000074204   0.0000003200   0.0000015152  -0.0000001841
       -0.0000028558   0.0000014659   0.0000011556   0.0000065651   0.0000028555
        0.0000015134  -0.0000059465   0.0000184041  -0.0000008591  -0.0000503161
        0.0000307868   0.0000038963
        0.0003823321   0.0003750391   0.0001991884  -0.0014610843  -0.0016965786
        0.0021387617  -0.0009637222   0.0061797880  -0.0050580544  -0.0024775349
        0.0169997913   0.0753575544  -0.0999630894  -0.2412897676   0.0470037398
        0.2081117296   0.5552564773   0.0253935038  -0.0759053136  -0.2237714246
       -0.0686902263   0.0220344994   0.0234969834  -0.0728320840  -0.0229150101
       -0.0516082506  -0.0018190978   0.0002583083   0.0000262758  -0.0006525824
        0.0002081743  -0.0003201310  -0.0001245643  -0.0000951969   0.0000898785
       -0.0000988490   0.0000323297  -0.0000754264   0.0001300524  -0.0000160591
        0.0000261314   0.0000087573  -0.0000114167  -0.0000072513   0.0000367477
        0.0000341629  -0.0000143954  -0.0000469122  -0.0000548832   0.0000199828
       -0.0000601645   0.0001408953  -0.0001842504  -0.0001781330  -0.0003196125
       -0.0000770610   0.0002860705  -0.0000389616  -0.0000658418   0.0000481473
       -0.0000054360  -0.0000319797   0.0000174664   0.0000715610   0.0001056053
        0.0000140493  -0.0110878783  -0.0215387789   0.0081556116  -0.0045040092
       -0.0423297163   0.0034481021  -0.0086801244  -0.0215367402  -0.0124272585
       -0.0026822853   0.0024885022   0.0000097665  -0.0000624951  -0.0005916410
       -0.0001000034   0.0000105745   0.0000452210  -0.0000302020   0.0000174969
       -0.0000296666  -0.0000367803   0.0000023143  -0.0000052467  -0.0000158157
        0.0000033767  -0.0000106190  -0.0000026536   0.0000102355  -0.0000054148
        0.0000066249  -0.0000038669   0.0000384473   0.0000083040  -0.0000700108
        0.0000420587  -0.0000890666
        0.0005249181   0.0001010551   0.0002357710   0.0013024964   0.0015828070
       -0.0017867250   0.0008776691  -0.0030124921  -0.0050772008   0.0150996303
        0.0270475773  -0.0236940437   0.0680764027   0.1145689094  -0.1374378965
       -0.0640783010   0.0253935038   0.6603286165  -0.0504370650  -0.1395178130
       -0.1678831093  -0.0028437778  -0.0196191642  -0.0443737013  -0.0044780525
       -0.0058453468   0.0027487926  -0.0003697611   0.0003881929   0.0003670009
        0.0000487160   0.0000999764  -0.0001080663  -0.0000332655   0.0000222907
        0.0000219306   0.0000065810   0.0000058801  -0.0000143668  -0.0000029708
        0.0000254418  -0.0000240582  -0.0000033239  -0.0000131228   0.0000286505
        0.0000217676  -0.0000303659  -0.0000023395  -0.0000287939  -0.0000133949
       -0.0000226467   0.0000029588  -0.0000451104   0.0000413351  -0.0000772947
       -0.0001109196  -0.0001236604  -0.0000058781  -0.0000935790   0.0001205348
        0.0000003516  -0.0000600592  -0.0000466579   0.0000324187   0.0001155989
       -0.0000840698  -0.0071974810  -0.0134343478   0.0061785718   0.0383597814
        0.0034603460  -0.2911380654   0.0035813308   0.0093782913   0.0063798224
        0.0016774655  -0.0005236297  -0.0058286614  -0.0001762091   0.0000745256
        0.0009479113   0.0000081874  -0.0000280719   0.0000730064  -0.0000293930
        0.0000057674   0.0000385156  -0.0000146378   0.0000104663   0.0000267745
       -0.0000133337   0.0000088952   0.0000119346  -0.0000152243   0.0000157835
        0.0000015966   0.0000308229  -0.0000232305   0.0000630117   0.0001532651
        0.0000653391   0.0000314923
       -0.0000112007   0.0000018693  -0.0000857765   0.0001448124   0.0004091566
       -0.0003519837  -0.0005259410  -0.0019192623   0.0007632272  -0.0038010389
        0.0026405729  -0.0070190189  -0.0100193270  -0.0230173223   0.0023278644
       -0.0767538079  -0.0759053136  -0.0504370650   0.2249613566   0.2160936867
       -0.0646754366  -0.0615558735  -0.0143730942   0.0564707954  -0.0021227068
       -0.0019038736   0.0161215908   0.0000616531  -0.0000046848   0.0002045258
       -0.0000348689   0.0000809121   0.0000158606   0.0000055646  -0.0000142901
        0.0000219267  -0.0000018756  -0.0000022450  -0.0000153675   0.0000039301
        0.0000022060   0.0000013971   0.0000029500  -0.0000084292  -0.0000207705
       -0.0000099999   0.0000065016   0.0000009858   0.0000169659  -0.0000054815
        0.0000084238  -0.0000370641   0.0000323334   0.0000051916   0.0001085377
        0.0000365055  -0.0000109713   0.0000007847   0.0000268762  -0.0000307759
        0.0000022573   0.0000411455  -0.0000071423   0.0000080887   0.0000041628
       -0.0000041739   0.0053963859  -0.0050966366   0.0020712112   0.0017716452
        0.0028113150   0.0023194440  -0.0844362924  -0.0941356450   0.0490605511
        0.0017249506  -0.0006344854  -0.0088987854   0.0051498353  -0.0051400423
        0.0021719353   0.0000016214   0.0000000347  -0.0000166865  -0.0000091664
        0.0000075564   0.0000038080  -0.0000000375  -0.0000036151  -0.0000009805
       -0.0000032135  -0.0000007642  -0.0000028917   0.0000060777  -0.0000069478
        0.0000000384  -0.0000075177   0.0000103860  -0.0000072290  -0.0000374854
       -0.0000330876   0.0000162781
       -0.0000562897  -0.0000117228  -0.0001525034   0.0003644736   0.0007655743
       -0.0008464530  -0.0008063822  -0.0037755505   0.0024842998   0.0032241825
       -0.0080013348  -0.0273796576  -0.0305469001  -0.0558837990   0.0200312310
       -0.0661084940  -0.2237714246  -0.1395178130   0.2160936867   0.5624626715
        0.0188559677  -0.0245854416  -0.0849925517   0.0380631926   0.0050636630
        0.0186152692   0.0243088308  -0.0000403884  -0.0000541366   0.0004283960
       -0.0001045089   0.0001661915   0.0000390549   0.0000299010  -0.0000015772
        0.0000550482  -0.0000186225  -0.0000007583  -0.0000150801   0.0000162512
        0.0000003823   0.0000040039   0.0000062784   0.0000063318  -0.0000234996
       -0.0000125759   0.0000434562   0.0000037146   0.0000072338   0.0000111069
        0.0000668752  -0.0000761353   0.0000698906   0.0000567557   0.0001205150
        0.0000612316  -0.0000084281  -0.0000062252   0.0000393327  -0.0000446873
       -0.0000052287   0.0000996610  -0.0000223395   0.0000012009   0.0000049211
       -0.0000099280  -0.0051224840  -0.0017056163   0.0018582442  -0.0003389878
       -0.0001924795  -0.0014161399  -0.0940390497  -0.2010063759   0.0845997057
        0.0024100064  -0.0010451404  -0.0236797897  -0.0052959861  -0.0017762196
        0.0023483204  -0.0000093853  -0.0000018671  -0.0000416468  -0.0000158039
        0.0000217656   0.0000005066   0.0000084979  -0.0000024895  -0.0000103364
        0.0000072817   0.0000005529  -0.0000109340   0.0000056755  -0.0000020247
       -0.0000031515  -0.0000414497   0.0000110956  -0.0000519076  -0.0001285086
       -0.0001543662   0.0000301482
        0.0000310055  -0.0000289753   0.0002253220  -0.0002285239  -0.0001468814
        0.0004643046  -0.0001450103   0.0021227754   0.0005532304  -0.0057182747
       -0.0282042749  -0.0509938631  -0.0230148725  -0.0325848626   0.0547588258
       -0.0160147738  -0.0686902263  -0.1678831093  -0.0646754366   0.0188559677
        0.6428796319   0.0205691906  -0.0322693315  -0.3231606002   0.0425741738
        0.0771112014  -0.0277845130  -0.0001041997  -0.0001994893  -0.0001212430
       -0.0002288834   0.0000113371   0.0001909912   0.0001169903  -0.0000861930
        0.0000569757  -0.0000516746   0.0000742144  -0.0001124510   0.0000074631
       -0.0000298719   0.0000277280   0.0000001216   0.0000005346  -0.0000406182
       -0.0000194829   0.0000058897   0.0000344895   0.0000330954  -0.0000705416
       -0.0000543081  -0.0000357365   0.0001682955   0.0000928738   0.0003874621
        0.0001388349  -0.0003093423  -0.0000152539  -0.0000791892   0.0001029298
       -0.0000071739   0.0000321332  -0.0000355933   0.0000181972   0.0000189789
       -0.0000175916   0.0019341115   0.0026918435   0.0001710886  -0.0082605050
       -0.0230463824  -0.0206287941   0.0491821498   0.0845712454  -0.0894091895
        0.0018000583  -0.0020419941  -0.0197111541   0.0017850142   0.0017282759
        0.0004289933  -0.0000106604  -0.0000343855   0.0000541013   0.0000301375
        0.0000123334   0.0000165375  -0.0000033857  -0.0000016717   0.0000075402
        0.0000044692  -0.0000059433   0.0000090974   0.0000057206  -0.0000084119
        0.0000088375   0.0000088289  -0.0000081531   0.0000487943   0.0000456583
       -0.0000070820   0.0001300780
       -0.0000394986   0.0000915473  -0.0002408343   0.0002200574   0.0007651220
        0.0006927373   0.0053443434  -0.0036862421  -0.0010178196  -0.0121078582
       -0.0286536992  -0.0212951743  -0.0108386273  -0.0083175001   0.0166900354
        0.0122228512   0.0220344994  -0.0028437778  -0.0615558735  -0.0245854416
        0.0205691906   0.2277762725   0.2145024891  -0.0561621761  -0.1030359087
       -0.1015679070   0.0689680839  -0.0000161306  -0.0001588342  -0.0002510638
       -0.0001260603  -0.0000713760   0.0001156619   0.0000579612  -0.0000622144
        0.0000235233  -0.0000237019   0.0000516599  -0.0000329131   0.0000036677
       -0.0000209955   0.0000353796  -0.0000049266   0.0000138500  -0.0000166983
       -0.0000015358   0.0000086522  -0.0000062385   0.0000330619  -0.0000049733
        0.0000029721  -0.0000283890   0.0000822471   0.0000072359   0.0000787078
        0.0002210348  -0.0000464273   0.0000009329   0.0000684356  -0.0000367906
       -0.0000123281   0.0000535309   0.0000061568   0.0000132955   0.0000083066
        0.0000283584  -0.0002870057   0.0002912143   0.0003402171   0.0057891909
       -0.0041692997  -0.0005674989  -0.0025649828  -0.0015232318   0.0138837251
       -0.0583923917  -0.0612642389  -0.0417720624  -0.0025478909  -0.0040345502
        0.0029943959  -0.0000132581   0.0000126321  -0.0000176616   0.0000281302
        0.0000071334  -0.0000279620   0.0000127881  -0.0000030657  -0.0000182724
        0.0000200670  -0.0000125902  -0.0000021624   0.0000115744  -0.0000104795
        0.0000131343  -0.0000002169   0.0000052068  -0.0000093334  -0.0000163171
       -0.0000709225  -0.0000059409
        0.0004900447   0.0002718470   0.0007926583  -0.0013390737  -0.0019636819
        0.0015147509  -0.0034766701   0.0040407527  -0.0042872819  -0.0211377702
       -0.0558143912  -0.0290731210  -0.0069920195  -0.0126570141   0.0232273260
        0.0136910618   0.0234969834  -0.0196191642  -0.0143730942  -0.0849925517
       -0.0322693315   0.2145024891   0.5607412166   0.0336826070  -0.1108689696
       -0.2371448503   0.1141621508   0.0001593210  -0.0004359120  -0.0008276308
       -0.0000813596  -0.0002365536   0.0002497474   0.0001202913  -0.0000708516
        0.0000474397  -0.0000556876   0.0000561921  -0.0000525042  -0.0000178718
       -0.0000403545   0.0000746843  -0.0000206873   0.0000332876  -0.0000185174
       -0.0000225028   0.0000425204  -0.0000240033   0.0000475242  -0.0000281501
       -0.0000268046  -0.0000490665   0.0001996187   0.0000066362   0.0003475160
        0.0002769517   0.0000004281  -0.0000825519  -0.0002082078   0.0001428009
       -0.0000461735   0.0000928842  -0.0000056630   0.0001219815   0.0001267017
       -0.0000437412  -0.0000258601   0.0005741501   0.0007026834  -0.0040736282
       -0.0018585021  -0.0038269453  -0.0044875763  -0.0023475913   0.0241930025
       -0.0612282152  -0.1905274437  -0.1105355227  -0.0011937175  -0.0014197993
        0.0020736963  -0.0000398646   0.0000125672  -0.0000439387   0.0000562197
       -0.0000042577  -0.0000669269   0.0000210575  -0.0000159641  -0.0000449107
        0.0000371816  -0.0000374951  -0.0000092840   0.0000218209  -0.0000344785
        0.0000268193  -0.0000219773   0.0000078757  -0.0000289837   0.0000178282
       -0.0001354986  -0.0000931563
        0.0000842258  -0.0000945807   0.0003398961   0.0008061525   0.0001884113
       -0.0013698453  -0.0009212429  -0.0064304365  -0.0005937465   0.0004748456
        0.0220230909   0.0551298341   0.0175622494   0.0279113331  -0.0399682608
       -0.0286933189  -0.0728320840  -0.0443737013   0.0564707954   0.0380631926
       -0.3231606002  -0.0561621761   0.0336826070   0.6498128000   0.0357291577
        0.0451947404  -0.1371465794  -0.0005024338  -0.0000234040  -0.0004020825
        0.0002456670   0.0000614140  -0.0001847115  -0.0000755176   0.0001304030
       -0.0000351779   0.0000366269  -0.0000596632   0.0000358913  -0.0000140694
        0.0000306104  -0.0000341946   0.0000080784  -0.0000359942   0.0000155885
        0.0000227799  -0.0000313003  -0.0000212321  -0.0000338690   0.0000474329
        0.0000791380   0.0000851537  -0.0000436129  -0.0000596903  -0.0003653050
       -0.0000146253   0.0001972666  -0.0000214018  -0.0000657544   0.0000028714
        0.0000103929   0.0000372013   0.0000397341  -0.0000039376   0.0000404738
       -0.0000202636   0.0005204195   0.0004303544  -0.0000771492  -0.0002560512
       -0.0033584909  -0.0010494010   0.0029225038   0.0024990786  -0.0150451437
       -0.0419645955  -0.1107216631  -0.1259697446   0.0141745345   0.0234708889
       -0.0161158636   0.0000185757  -0.0000204462   0.0000196743  -0.0000232361
       -0.0000175462   0.0000120829   0.0000056617   0.0000083285   0.0000076645
       -0.0000053998   0.0000119777   0.0000014368  -0.0000084045   0.0000106140
       -0.0000052526  -0.0000311811  -0.0000024036  -0.0000243856  -0.0000956799
       -0.0000901474  -0.0000368524
        0.0004364641  -0.0000634724   0.0010522477   0.0010102074   0.0003661726
       -0.0022007369  -0.0052927652  -0.0246142615  -0.0046092512  -0.0750893982
       -0.0552810885  -0.0178378488   0.0102980537   0.0133663846  -0.0236668828
       -0.0151605331  -0.0229150101  -0.0044780525  -0.0021227068   0.0050636630
        0.0425741738  -0.1030359087  -0.1108689696   0.0357291577   0.2245115576
        0.2148071568  -0.0697553268  -0.0014367376  -0.0001161400  -0.0000036514
        0.0004946323   0.0002634582  -0.0005663141  -0.0001510443   0.0001862115
       -0.0001039316   0.0001085652  -0.0000989555   0.0001368649   0.0000309630
        0.0000346590  -0.0001397141   0.0000249989  -0.0000503431   0.0000660865
        0.0000752645  -0.0000965087  -0.0000306185  -0.0000777408   0.0001018373
        0.0001567011   0.0001191464  -0.0003013612  -0.0000948008  -0.0018866152
       -0.0000514622   0.0002366949  -0.0000954244  -0.0002494804   0.0001830053
       -0.0000687162   0.0001147628   0.0000181774   0.0000363323   0.0000946933
       -0.0000609946   0.0059734359  -0.0025163199   0.0020514057  -0.0001117218
       -0.0001930975  -0.0001522290   0.0058831610  -0.0023876646   0.0015232608
       -0.0041464114  -0.0092790424   0.0030871007  -0.0393482723  -0.0052773202
        0.0369268991  -0.0000029223  -0.0000377091   0.0000019672  -0.0001389572
       -0.0000106433   0.0000638822  -0.0000333206   0.0000256529   0.0000530982
       -0.0000461643   0.0000528819   0.0000061508  -0.0000465778   0.0000591491
       -0.0000333521   0.0000064262   0.0000013674  -0.0000337780  -0.0007172703
       -0.0001292001  -0.0000993908
        0.0003158653  -0.0000554827   0.0013886238   0.0064442827   0.0001449014
       -0.0086374673  -0.0253377712  -0.0518577788   0.0016405890  -0.0627676947
       -0.1856370731  -0.0683552874   0.0175177756   0.0222888406  -0.0619483674
       -0.0216097261  -0.0516082506  -0.0058453468  -0.0019038736   0.0186152692
        0.0771112014  -0.1015679070  -0.2371448503   0.0451947404   0.2148071568
        0.5442528115   0.0073916096  -0.0011722876   0.0005337487   0.0000187936
        0.0003462936   0.0002486347  -0.0003623290  -0.0000330973   0.0000807983
        0.0000120959   0.0000509993  -0.0000884584  -0.0000438763  -0.0000058092
        0.0000399235  -0.0001007183   0.0000239270  -0.0000238357   0.0000095339
        0.0000059330  -0.0000121621   0.0000244960  -0.0000158091   0.0000168524
        0.0001201723  -0.0001149198   0.0001615808  -0.0001534148  -0.0003111417
       -0.0002643700   0.0006210788  -0.0000727777  -0.0000493489  -0.0000266445
       -0.0000826345   0.0002956310   0.0000558823  -0.0000143519   0.0001410746
       -0.0000807017  -0.0022804080   0.0017746236   0.0000999742  -0.0000722006
       -0.0005635692  -0.0000569266  -0.0026604333   0.0024648220  -0.0004697667
       -0.0127167577  -0.0220004114   0.0079757944  -0.0063415550  -0.0419398251
        0.0048752950   0.0000422737  -0.0000167463  -0.0000890830  -0.0000801409
        0.0000144972   0.0000310308  -0.0000055908   0.0000002777   0.0000199336
       -0.0000151676   0.0000189365   0.0000015610  -0.0000186297   0.0000208441
       -0.0000141661  -0.0000124905   0.0000181612  -0.0000417590  -0.0003413318
        0.0001299335  -0.0003665509
       -0.0003981954  -0.0000998862  -0.0016443201   0.0000763605   0.0033164838
        0.0003765189   0.0046941958   0.0031585092   0.0104905897  -0.0461722934
       -0.1228136425  -0.1609500198  -0.0043210173  -0.0192634832  -0.0377729094
       -0.0020421063  -0.0018190978   0.0027487926   0.0161215908   0.0243088308
       -0.0277845130   0.0689680839   0.1141621508  -0.1371465794  -0.0697553268
        0.0073916096   0.6462842157   0.0007994190  -0.0000483481   0.0007362616
       -0.0003043832   0.0000510527  -0.0000044354   0.0001554281  -0.0001717968
       -0.0000015331   0.0000057245  -0.0000048970  -0.0001094556   0.0000234436
       -0.0000612087   0.0000205663  -0.0000229873   0.0000570225  -0.0000685887
       -0.0000153573   0.0000709027  -0.0000047739   0.0000473101  -0.0000526858
        0.0001015031  -0.0000094695  -0.0000248355  -0.0000126819   0.0001745970
       -0.0001093192   0.0002952034   0.0001330814   0.0005215509  -0.0003482649
        0.0000714589  -0.0000423071  -0.0000158743  -0.0000927431  -0.0000585991
        0.0000642821   0.0014899150  -0.0004263872  -0.0056583843  -0.0000721921
       -0.0000289300   0.0010390050   0.0019583605  -0.0000167418  -0.0055834324
       -0.0072757421  -0.0133416424   0.0061104563   0.0362407543   0.0053193673
       -0.2905789623   0.0000195573   0.0000621900  -0.0000792061   0.0000232144
        0.0000198593  -0.0000233233   0.0000173727  -0.0000127664  -0.0000283523
        0.0000154506  -0.0000115814  -0.0000091995   0.0000088290   0.0000033753
        0.0000103669  -0.0000330704   0.0000240200  -0.0000953108  -0.0005292631
       -0.0000587691  -0.0003576409
        0.0024197292   0.0022295836  -0.0022501648  -0.0969433454   0.0587854918
        0.0093092091  -0.0380788229   0.0244487103   0.0395880835   0.0001322842
        0.0025733545  -0.0055863516   0.0002659131   0.0003574428   0.0003477958
        0.0005240414   0.0002583083  -0.0003697611   0.0000616531  -0.0000403884
       -0.0001041997  -0.0000161306   0.0001593210  -0.0005024338  -0.0014367376
       -0.0011722876   0.0007994190   0.3156100055  -0.2092724483  -0.0718804634
       -0.0790103139   0.0158031612   0.0811533682  -0.0165416902   0.0164557169
        0.0194952903   0.0003604430  -0.0081436370   0.0000734964  -0.0018879022
        0.0025067041  -0.0008673128   0.0006772659  -0.0008752843   0.0014126860
        0.0000764445   0.0002759769  -0.0008755380   0.0013763871   0.0053426805
        0.0029563618  -0.0110226978   0.0212249192  -0.0128125326  -0.0857745128
        0.0711318379  -0.0630811859   0.0001781197  -0.0003888605  -0.0003586982
        0.0004158017  -0.0015429745   0.0014600603   0.0004519115  -0.0002421405
        0.0001802414   0.0000301939  -0.0000628768  -0.0002314582  -0.0000301821
        0.0000262495   0.0000585964  -0.0000778728  -0.0000771092   0.0000190787
       -0.0001119353  -0.0001728631  -0.0000435624  -0.0008324745  -0.0003643423
       -0.0002911162   0.0028429996  -0.0009669514  -0.0068821006   0.0033856401
        0.0066544845   0.0024265783  -0.0000456250  -0.0001670182  -0.0000757401
        0.0000528736   0.0000290825   0.0000497550  -0.0007278034  -0.0000932960
       -0.0001460277  -0.0000993072  -0.0000752850   0.0000537920   0.0037756465
       -0.0046052623   0.0069748352
        0.0145737640  -0.0266607623   0.0018318723   0.0516584723  -0.1405436636
       -0.0092740027   0.0210715842   0.0060515281  -0.0138502203  -0.0025302715
       -0.0012355823   0.0003514268  -0.0000858447   0.0004014274  -0.0001940445
        0.0003253609   0.0000262758   0.0003881929  -0.0000046848  -0.0000541366
       -0.0001994893  -0.0001588342  -0.0004359120  -0.0000234040  -0.0001161400
        0.0005337487  -0.0000483481  -0.2092724483   0.4535214098  -0.0996758719
        0.0263796002  -0.0778385929  -0.0361909520   0.0051988839   0.0030408016
       -0.0251206223  -0.0038041648  -0.0044324221   0.0107902871  -0.0014527661
        0.0019212601  -0.0000424670  -0.0006426256  -0.0003584995   0.0044784762
        0.0040890775  -0.0036407667  -0.0035546710   0.0009912969   0.0060383086
       -0.0053159671   0.0299362851  -0.0425949327   0.0101740832   0.0625267622
       -0.1708960636   0.1472731326   0.0001569207  -0.0009031164   0.0005335136
       -0.0000556572  -0.0042824231   0.0019937291   0.0009315225  -0.0003724224
       -0.0005072163   0.0000232433   0.0000177358  -0.0000078346   0.0000079402
       -0.0000168722  -0.0000638496  -0.0000259510   0.0000694441  -0.0000397768
        0.0000246115  -0.0000451405   0.0000674272  -0.0003221773   0.0001455615
        0.0000526862  -0.0043571695   0.0018179229   0.0172673468   0.0074284917
       -0.0000249739  -0.0005825551  -0.0001648677   0.0000578512  -0.0000382410
       -0.0000130258  -0.0000374558  -0.0000157601  -0.0001573940  -0.0006267546
       -0.0001153847  -0.0000827724   0.0000701389  -0.0000454807  -0.0020770220
        0.0012870787  -0.0002960147
       -0.0033311729   0.0089477894   0.0071104646   0.0099807407  -0.0204022472
       -0.0662768334   0.0362749281  -0.0052797805  -0.0011169137  -0.0041466705
       -0.0068324192  -0.0030990200   0.0007377215   0.0010321420  -0.0011874066
        0.0001377160  -0.0006525824   0.0003670009   0.0002045258   0.0004283960
       -0.0001212430  -0.0002510638  -0.0008276308  -0.0004020825  -0.0000036514
        0.0000187936   0.0007362616  -0.0718804634  -0.0996758719   0.5933115918
        0.0447559265   0.0108326018  -0.2440727276   0.0517630191  -0.0641185577
       -0.0050974680  -0.0112407793   0.0249211969  -0.0350704023   0.0095327768
       -0.0144890926   0.0032077576   0.0008318362   0.0049031928  -0.0164809831
       -0.0105926311   0.0095383932   0.0122183072   0.0125708714  -0.0180584458
        0.0095818455  -0.0363464922   0.0460748639   0.0161397849  -0.0310720691
        0.1045711082  -0.2241454201   0.0003653343  -0.0012352624  -0.0001556706
        0.0009665081   0.0025514014  -0.0003293730   0.0000270145   0.0007129126
        0.0001836096  -0.0000028854   0.0000798298  -0.0000562827  -0.0000342320
       -0.0000086675  -0.0000170572  -0.0000476968   0.0000546923  -0.0000014590
       -0.0000841688  -0.0001538664   0.0001311071  -0.0001613861   0.0001002019
        0.0002706314   0.0058273087   0.0003972188  -0.0224466704   0.0020475721
       -0.0000977549   0.0012050903  -0.0000709412  -0.0000566865   0.0001757478
        0.0000622402   0.0000730328  -0.0000545703  -0.0001005644  -0.0001573383
        0.0000960335   0.0001930180  -0.0002417717   0.0000399566  -0.0069121896
        0.0170502085  -0.0246436070
       -0.0003770894  -0.0002372380   0.0005635757  -0.0134971603   0.0095462203
        0.0194851226  -0.0014293990   0.0021860539  -0.0019128714   0.0003768395
        0.0001618628   0.0006327824   0.0000159293  -0.0001787028   0.0002078461
        0.0000708248   0.0002081743   0.0000487160  -0.0000348689  -0.0001045089
       -0.0002288834  -0.0001260603  -0.0000813596   0.0002456670   0.0004946323
        0.0003462936  -0.0003043832  -0.0790103139   0.0263796002   0.0447559265
        0.3365239826  -0.2720329140  -0.0727627652  -0.1731289735   0.1501691666
        0.0674898693  -0.0199213279   0.0382856723  -0.0298612788   0.0117554343
       -0.0085495920   0.0020908625   0.0000315214   0.0041973060  -0.0109005566
       -0.0050293327   0.0048784826   0.0069741145   0.0043752478  -0.0071823874
        0.0033914256  -0.0184675734   0.0137246243   0.0087105752   0.0196060860
       -0.0267433204   0.0095848217  -0.0003574058   0.0002565011   0.0004068332
        0.0000027700   0.0001275716  -0.0001294098   0.0002438959  -0.0000082598
        0.0002039504  -0.0000119557  -0.0000124841   0.0000175044   0.0000036019
       -0.0000052181  -0.0000133035   0.0000163274   0.0000007892  -0.0000062567
        0.0000579074   0.0000091971  -0.0000019971  -0.0001258001  -0.0000989844
        0.0001007021  -0.0593113875   0.0514203516  -0.0527409324  -0.0071999229
        0.0092403340   0.0045941127   0.0000659924  -0.0002563131  -0.0000149310
       -0.0005324368  -0.0003547521  -0.0002812349   0.0000301064  -0.0000221340
        0.0000574279  -0.0000512909  -0.0001919544   0.0000072455   0.0049411997
        0.0049219216  -0.0004102774
        0.0011118595  -0.0004893941   0.0003565834   0.0070547306  -0.0029850934
       -0.0188094388   0.0055929073  -0.0012013413  -0.0006861045  -0.0013856710
       -0.0015741603   0.0003864318   0.0002799042   0.0003770247  -0.0005847999
       -0.0001164594  -0.0003201310   0.0000999764   0.0000809121   0.0001661915
        0.0000113371  -0.0000713760  -0.0002365536   0.0000614140   0.0002634582
        0.0002486347   0.0000510527   0.0158031612  -0.0778385929   0.0108326018
       -0.2720329140   0.4985506125  -0.0693590371   0.1659220190  -0.2408766376
       -0.0689368477   0.0283959213  -0.0469677385   0.0296210538  -0.0046957653
        0.0112830681   0.0014525617   0.0004927408  -0.0039640910   0.0101045703
        0.0048156584  -0.0038572356  -0.0063866483  -0.0037443525   0.0058144590
       -0.0030018227   0.0109765485  -0.0155280955  -0.0110292852  -0.0190237796
        0.0235892904   0.0069159392   0.0004967068  -0.0010984078  -0.0006677725
        0.0000164935  -0.0000453584  -0.0000696721   0.0002422708  -0.0000157106
       -0.0002113792  -0.0000231906  -0.0000285685  -0.0000194240   0.0000116387
        0.0000090776  -0.0000611097   0.0000193332   0.0000298156  -0.0000210099
        0.0000088336   0.0000427985   0.0000242375  -0.0000435200   0.0000965478
        0.0000835831   0.0511829527  -0.1401947212   0.1180642571   0.0041670871
       -0.0038399566  -0.0026364079  -0.0002270543   0.0001840577   0.0000458851
       -0.0002813816  -0.0004212490   0.0001382922   0.0000174416   0.0000897896
       -0.0000256523  -0.0001533498   0.0000754616  -0.0001265445   0.0048462351
        0.0009262077   0.0043831791
       -0.0001850207   0.0006433924  -0.0016399775   0.0137007601  -0.0115261888
       -0.0105040750  -0.0027649868  -0.0004415430   0.0029551730   0.0003612810
        0.0008226856  -0.0005570386   0.0000712826  -0.0001380088  -0.0001327133
       -0.0001074039  -0.0001245643  -0.0001080663   0.0000158606   0.0000390549
        0.0001909912   0.0001156619   0.0002497474  -0.0001847115  -0.0005663141
       -0.0003623290  -0.0000044354   0.0811533682  -0.0361909520  -0.2440727276
       -0.0727627652  -0.0693590371   0.5878220937   0.0253589152  -0.0135308781
       -0.1039930302  -0.0022697412  -0.0067510845   0.0304339912  -0.0090591648
        0.0161385039  -0.0056585989  -0.0006822308  -0.0034607768   0.0126088238
        0.0069133603  -0.0062157243  -0.0082186312  -0.0065422885   0.0105086662
       -0.0052300972   0.0192588800  -0.0243591096  -0.0082319172  -0.0178191401
        0.0436044208  -0.0569748088  -0.0005516020   0.0007209986  -0.0003480043
        0.0001544434   0.0002046381  -0.0000880082   0.0000786827   0.0000090314
        0.0003054635   0.0000259363   0.0000773851   0.0000611474  -0.0000251360
       -0.0000148689   0.0001054719  -0.0000294098  -0.0000746105   0.0000666419
       -0.0000446858  -0.0000426958  -0.0000054313   0.0001774741   0.0000235747
        0.0002704488  -0.0525045284   0.1172694913  -0.1772769035   0.0187177640
       -0.0215270385  -0.0091913682   0.0000031095   0.0000683546  -0.0002882055
       -0.0002500050   0.0000886957  -0.0001434877   0.0000902487  -0.0001048334
        0.0000234901  -0.0001135631  -0.0000256090   0.0002608979   0.0000809576
        0.0037812118  -0.0022523972
       -0.0002114922   0.0001831732  -0.0009106610   0.0052893227   0.0005695326
        0.0019475236  -0.0011572734  -0.0005304183  -0.0000969751   0.0001682263
        0.0001842332   0.0002725963   0.0000645805  -0.0000291265  -0.0001325919
       -0.0001100750  -0.0000951969  -0.0000332655   0.0000055646   0.0000299010
        0.0001169903   0.0000579612   0.0001202913  -0.0000755176  -0.0001510443
       -0.0000330973   0.0001554281  -0.0165416902   0.0051988839   0.0517630191
       -0.1731289735   0.1659220190   0.0253589152   0.3425039948  -0.2674537726
       -0.1065935180  -0.0719403296   0.0355996875  -0.0242665651  -0.0183119806
        0.0307536437  -0.0162115307   0.0014231794   0.0013022263   0.0133591510
        0.0044869969  -0.0038234944  -0.0067277048  -0.0003377760   0.0084482440
        0.0006710844   0.0180796606  -0.0196560435  -0.0072570879  -0.0159037918
        0.0203192581  -0.0110185251  -0.0000550995   0.0002567529  -0.0000754030
        0.0000999613  -0.0001136270  -0.0000520380  -0.0000150416   0.0000753181
        0.0000958014  -0.0000091659  -0.0000133715  -0.0000239872  -0.0000023211
       -0.0000002253   0.0000124415   0.0000103945  -0.0000067543   0.0000050947
       -0.0000101790   0.0000015165  -0.0000005319  -0.0000300900  -0.0000165782
        0.0000106019  -0.0063257738   0.0095823594   0.0008618745  -0.0658172593
        0.0143560879   0.0808774460  -0.0008691863  -0.0009033642  -0.0014059971
       -0.0002353882   0.0007660062  -0.0005789007  -0.0008566166  -0.0007167555
       -0.0002763016  -0.0000510315  -0.0003683285   0.0005482559  -0.0001182634
        0.0000910193  -0.0003191220
       -0.0001321292   0.0003530866   0.0005222792  -0.0003870706   0.0046166577
        0.0011412938   0.0017474496  -0.0007650823  -0.0022859180  -0.0000599052
       -0.0003325818   0.0002962948  -0.0001035089   0.0000029198   0.0001237437
        0.0000449472   0.0000898785   0.0000222907  -0.0000142901  -0.0000015772
       -0.0000861930  -0.0000622144  -0.0000708516   0.0001304030   0.0001862115
        0.0000807983  -0.0001717968   0.0164557169   0.0030408016  -0.0641185577
        0.1501691666  -0.2408766376  -0.0135308781  -0.2674537726   0.4830014570
       -0.0310365359   0.0420303493  -0.1373862210   0.0817183714   0.0289367405
       -0.0453981985   0.0211610216   0.0052989213   0.0057549065  -0.0193349703
       -0.0074675084   0.0060245197   0.0109157634   0.0085608294  -0.0063789544
        0.0035763084  -0.0243928470   0.0245455591   0.0247436215   0.0197889017
       -0.0340044087   0.0139087304  -0.0000592755  -0.0000223515   0.0001627042
       -0.0000994436   0.0002406795  -0.0001495152  -0.0000448340  -0.0001205927
       -0.0000346133   0.0000190191   0.0000309000   0.0000480770   0.0000199827
        0.0000183316  -0.0000049684  -0.0000007786   0.0000237862   0.0000081308
        0.0000310054   0.0000409009   0.0000060647   0.0000921276   0.0000172275
       -0.0000087988   0.0140312608  -0.0176054315  -0.0020569561   0.0148123908
       -0.0435367569  -0.0267119787  -0.0016763887  -0.0000222726   0.0008582258
        0.0004053489  -0.0006794420   0.0007292139  -0.0007806926  -0.0004061112
       -0.0001805413  -0.0000030574   0.0000331190  -0.0004657518   0.0001073476
       -0.0003080579   0.0001054353
       -0.0002286679   0.0003532996   0.0001412109   0.0018749980   0.0004924538
       -0.0044769397   0.0019983891  -0.0005846507  -0.0003413584  -0.0002945966
       -0.0004053882   0.0001247222   0.0001114488   0.0000376496  -0.0001512653
       -0.0000461429  -0.0000988490   0.0000219306   0.0000219267   0.0000550482
        0.0000569757   0.0000235233   0.0000474397  -0.0000351779  -0.0001039316
        0.0000120959  -0.0000015331   0.0194952903  -0.0251206223  -0.0050974680
        0.0674898693  -0.0689368477  -0.1039930302  -0.1065935180  -0.0310365359
        0.6099525150  -0.0438665768   0.1082553074  -0.1937109436  -0.0106335525
        0.0135237188   0.0018978856   0.0021208511  -0.0042660691   0.0098958537
        0.0035496985  -0.0029117810  -0.0053826214   0.0007217705   0.0035153991
       -0.0063855645   0.0050611952   0.0083655009  -0.0408422572  -0.0078372040
        0.0093417461  -0.0014705652   0.0001625946  -0.0001245443   0.0000481295
       -0.0000197769   0.0000855623   0.0001130758  -0.0000255162  -0.0000202184
       -0.0000791284   0.0000018366   0.0000294390   0.0000459515  -0.0000088370
        0.0000068481   0.0000217437   0.0000064869  -0.0000066022   0.0000188624
        0.0000077620  -0.0000047252   0.0000083066   0.0000442379  -0.0000287524
        0.0000143137  -0.0134035972   0.0169598099   0.0033050813   0.0801218538
       -0.0256808885  -0.2647153898   0.0007504412  -0.0020026765   0.0009677040
        0.0003702574  -0.0004863412   0.0002974410  -0.0001492211  -0.0003508585
        0.0000478773  -0.0003940616   0.0008468254  -0.0009720074  -0.0003292309
        0.0001382072   0.0006756696
        0.0000000177   0.0000477582   0.0002697948  -0.0016735184   0.0010293905
        0.0004815290   0.0008402212   0.0000270468  -0.0008148016   0.0000292357
       -0.0000936063   0.0000610562  -0.0000179611  -0.0000063196   0.0000012368
        0.0000241165   0.0000323297   0.0000065810  -0.0000018756  -0.0000186225
       -0.0000516746  -0.0000237019  -0.0000556876   0.0000366269   0.0001085652
        0.0000509993   0.0000057245   0.0003604430  -0.0038041648  -0.0112407793
       -0.0199213279   0.0283959213  -0.0022697412  -0.0719403296   0.0420303493
       -0.0438665768   0.3338067956  -0.2404163041  -0.0718226860  -0.1395713930
        0.0989597952   0.0511383432  -0.0104047013   0.0296189447  -0.0405498922
       -0.0192933443   0.0109631298   0.0201699646   0.0182025464  -0.0243149128
        0.0051672792  -0.0938001115   0.0283028167   0.0567840430  -0.0076174598
        0.0047830619   0.0205790005   0.0000640783  -0.0000687450   0.0001454399
       -0.0000016316  -0.0000113384   0.0000352793  -0.0000842579  -0.0000331396
       -0.0000291749   0.0000037123  -0.0000174176  -0.0000250335  -0.0000039435
       -0.0000098176  -0.0000098259  -0.0000013941  -0.0000071935  -0.0000125735
       -0.0000023561  -0.0000189983  -0.0000082420  -0.0000144425   0.0000282537
       -0.0000168455   0.0037478134   0.0071380998   0.0021323579   0.0033797060
       -0.0050659699   0.0070916099  -0.0065773702   0.0085793138   0.0051588075
        0.0058860872   0.0049071641   0.0002270694  -0.0003178385  -0.0000773317
        0.0003702519   0.0033380726   0.0037651231  -0.0009318099   0.0014775475
        0.0053600717   0.0017876614
        0.0000267554  -0.0000880302  -0.0003785453   0.0018809430  -0.0015735615
       -0.0006182592  -0.0010840849   0.0000527207   0.0010451641   0.0000246365
        0.0001092582  -0.0000823711   0.0000733665   0.0000094113  -0.0000087268
       -0.0000509153  -0.0000754264   0.0000058801  -0.0000022450  -0.0000007583
        0.0000742144   0.0000516599   0.0000561921  -0.0000596632  -0.0000989555
       -0.0000884584  -0.0000048970  -0.0081436370  -0.0044324221   0.0249211969
        0.0382856723  -0.0469677385  -0.0067510845   0.0355996875  -0.1373862210
        0.1082553074  -0.2404163041   0.4794992249  -0.0677452091   0.1059762205
       -0.1743150928  -0.0542147473   0.0197559351  -0.0421765497   0.0482149819
        0.0147502904  -0.0164664484  -0.0257932931  -0.0197451822   0.0249525536
        0.0077437381   0.0284739747  -0.0909244758  -0.0116677309  -0.0000641315
        0.0098296995  -0.0260288797  -0.0000642606   0.0001539877  -0.0001575539
       -0.0000032048  -0.0000237220   0.0000100937   0.0001040670   0.0000326244
        0.0000187080  -0.0000127826   0.0000009680   0.0000157355  -0.0000046552
       -0.0000026198  -0.0000059127   0.0000031379  -0.0000019886  -0.0000010694
       -0.0000058321   0.0000109659  -0.0000037781   0.0000416270  -0.0000309105
        0.0000098229   0.0070490602   0.0004401731   0.0001450963  -0.0006623901
        0.0022493996  -0.0004068658   0.0040400062  -0.0030816581  -0.0031561782
        0.0050995323   0.0015142927   0.0038828558  -0.0000133787   0.0000531669
       -0.0006805439   0.0035392128  -0.0002273415   0.0040396476   0.0055961742
       -0.0011012149  -0.0006171334
       -0.0000983152   0.0002356123   0.0000655152   0.0000152917   0.0000783509
       -0.0008467700   0.0000773985  -0.0001105357   0.0003154774   0.0001406993
        0.0000411874  -0.0001502684  -0.0001587841  -0.0000697538   0.0001785207
        0.0000779691   0.0001300524  -0.0000143668  -0.0000153675  -0.0000150801
       -0.0001124510  -0.0000329131  -0.0000525042   0.0000358913   0.0001368649
       -0.0000438763  -0.0001094556   0.0000734964   0.0107902871  -0.0350704023
       -0.0298612788   0.0296210538   0.0304339912  -0.0242665651   0.0817183714
       -0.1937109436  -0.0718226860  -0.0677452091   0.5997478630   0.0312873224
       -0.0276417319  -0.0912575460  -0.0125411883   0.0110114195   0.0173567950
        0.0089701234  -0.0109978874  -0.0085763210  -0.0071534398   0.0243682119
       -0.0402661838   0.0556894597  -0.0105894350  -0.2403505133   0.0337275155
       -0.0439738207  -0.0019970312   0.0000164266  -0.0000057358   0.0001028288
       -0.0000227531   0.0000833246  -0.0000095519  -0.0000859672   0.0000131795
        0.0000160989   0.0000148772   0.0000172037   0.0000369736   0.0000132853
       -0.0000013981   0.0000209780  -0.0000126285   0.0000047769   0.0000032117
        0.0000192098   0.0000200195   0.0000159445  -0.0000111969   0.0000082379
        0.0000433304   0.0026686149  -0.0006965298   0.0011248219  -0.0057512618
        0.0167994249  -0.0244506388   0.0180406088  -0.0203621054  -0.0094283123
       -0.0002947489   0.0045463026  -0.0022773214   0.0002881601  -0.0005825295
        0.0002689630  -0.0003098946   0.0031890515  -0.0020002895   0.0011816656
        0.0002120651   0.0008611622
        0.0001389261  -0.0001940426  -0.0001071989  -0.0003442579  -0.0010924803
       -0.0003546534  -0.0002629224   0.0001860632   0.0005672099  -0.0000482105
       -0.0000036522  -0.0000754680   0.0000085317   0.0000529259  -0.0000213403
        0.0000037843  -0.0000160591  -0.0000029708   0.0000039301   0.0000162512
        0.0000074631   0.0000036677  -0.0000178718  -0.0000140694   0.0000309630
       -0.0000058092   0.0000234436  -0.0018879022  -0.0014527661   0.0095327768
        0.0117554343  -0.0046957653  -0.0090591648  -0.0183119806   0.0289367405
       -0.0106335525  -0.1395713930   0.1059762205   0.0312873224   0.3086052353
       -0.2336367866  -0.0707535703  -0.0861284793   0.0663365597  -0.0285738730
        0.0211093198  -0.0199196723  -0.0198194838  -0.0166045630   0.0202542489
       -0.0078471037  -0.0072272686   0.0000265145   0.0333293536  -0.0006364367
        0.0084606346   0.0012557181  -0.0000055624  -0.0000043518  -0.0000465622
        0.0000232172  -0.0000860162   0.0000375249   0.0000112003   0.0000440566
       -0.0000112621  -0.0000083554  -0.0000116259  -0.0000216829  -0.0000019645
        0.0000083452  -0.0000119559  -0.0000021595   0.0000111286  -0.0000007154
       -0.0000075725   0.0000105798   0.0000103860  -0.0000256205  -0.0000008508
       -0.0000038521   0.0000055650   0.0002858633   0.0001882029  -0.0006495811
       -0.0018286611   0.0005545052  -0.0664135290   0.0153073039   0.0810030539
       -0.0064089988   0.0141752848  -0.0132471782   0.0033807781   0.0025155516
        0.0032234424  -0.0001061187   0.0001434432  -0.0003595993  -0.0004276764
        0.0002186955  -0.0000551459
        0.0000693470   0.0000019701   0.0002886501  -0.0016818726   0.0001312715
        0.0001137085   0.0003562267   0.0003012204  -0.0002998096  -0.0000330686
       -0.0001070141  -0.0000376003  -0.0000004517  -0.0000045153   0.0000350382
        0.0000340455   0.0000261314   0.0000254418   0.0000022060   0.0000003823
       -0.0000298719  -0.0000209955  -0.0000403545   0.0000306104   0.0000346590
        0.0000399235  -0.0000612087   0.0025067041   0.0019212601  -0.0144890926
       -0.0085495920   0.0112830681   0.0161385039   0.0307536437  -0.0453981985
        0.0135237188   0.0989597952  -0.1743150928  -0.0276417319  -0.2336367866
        0.4610300871  -0.0989848284   0.0813102360  -0.1896922042   0.1063047496
       -0.0309983320   0.0255604702   0.0478729622   0.0216156492  -0.0358673584
        0.0098624422   0.0043503641   0.0107022641  -0.0435797049   0.0085736321
       -0.0058554180   0.0025990839   0.0000032384  -0.0000887767   0.0000222372
       -0.0000141481   0.0000528021  -0.0000266555   0.0000000467  -0.0000068867
       -0.0000049863   0.0000164191   0.0000211448   0.0000196763   0.0000117176
        0.0000081449   0.0000120926   0.0000088923   0.0000043950   0.0000081481
        0.0000204639   0.0000045631   0.0000055339   0.0000181116  -0.0000128073
        0.0000161596   0.0005374092  -0.0006081524  -0.0001632356  -0.0010163526
        0.0001210929  -0.0016180406   0.0150443529  -0.0440810381  -0.0266320045
        0.0091656008  -0.0173319991   0.0166512796   0.0025608777   0.0027287192
       -0.0003611861   0.0001162801  -0.0003426243   0.0001888209  -0.0001183192
       -0.0001864704   0.0002110993
       -0.0000909965   0.0000879842  -0.0000318954   0.0006910587  -0.0009119698
       -0.0005209696  -0.0005608684   0.0001155081   0.0005402193   0.0001530243
        0.0002117369  -0.0001589742   0.0000130073  -0.0000871862   0.0000362535
       -0.0000009940   0.0000087573  -0.0000240582   0.0000013971   0.0000040039
        0.0000277280   0.0000353796   0.0000746843  -0.0000341946  -0.0001397141
       -0.0001007183   0.0000205663  -0.0008673128  -0.0000424670   0.0032077576
        0.0020908625   0.0014525617  -0.0056585989  -0.0162115307   0.0211610216
        0.0018978856   0.0511383432  -0.0542147473  -0.0912575460  -0.0707535703
       -0.0989848284   0.6640226677  -0.0710624265   0.1629390053  -0.2390249429
        0.0118357503   0.0056586041  -0.0598527757  -0.0118356693   0.0151396824
       -0.0016066757   0.0205259193  -0.0262122868  -0.0014559470   0.0011297995
        0.0023845052  -0.0056643510   0.0000320521  -0.0000512419  -0.0000172814
       -0.0000175094   0.0000415372   0.0000206261  -0.0000028958  -0.0000298988
       -0.0000244303   0.0000062729   0.0000320360   0.0000172907  -0.0000154414
        0.0000051589   0.0000391260  -0.0000070285  -0.0000211795   0.0000224192
        0.0000026070  -0.0000337712  -0.0000022657   0.0000360167  -0.0000047286
       -0.0000073114  -0.0007704034   0.0010352415   0.0000074045  -0.0016076793
        0.0012099529   0.0006952457   0.0817778586  -0.0276992748  -0.2640489804
        0.0009964516  -0.0023059204   0.0036207287   0.0029384248   0.0000232212
       -0.0049868405  -0.0003364813   0.0001614565   0.0007274148   0.0008762961
       -0.0010464400  -0.0005252949
        0.0000136148  -0.0000183208   0.0000303739  -0.0002620104   0.0002231225
        0.0001970329   0.0001477776   0.0000234821  -0.0001623382  -0.0000359454
       -0.0000521851   0.0000525149   0.0000139654   0.0000045239  -0.0000176447
       -0.0000034400  -0.0000114167  -0.0000033239   0.0000029500   0.0000062784
        0.0000001216  -0.0000049266  -0.0000206873   0.0000080784   0.0000249989
        0.0000239270  -0.0000229873   0.0006772659  -0.0006426256   0.0008318362
        0.0000315214   0.0004927408  -0.0006822308   0.0014231794   0.0052989213
        0.0021208511  -0.0104047013   0.0197559351  -0.0125411883  -0.0861284793
        0.0813102360  -0.0710624265   0.3284349730  -0.2610333338  -0.0669049570
       -0.0883283693   0.0196664651   0.0914872282  -0.0153939094   0.0145413531
        0.0204765861  -0.0010138519  -0.0064243348  -0.0000660966  -0.0013510479
        0.0017654777  -0.0003927170   0.0000095812  -0.0000033807   0.0000161049
        0.0000056494  -0.0000087072  -0.0000005119  -0.0000095222  -0.0000096308
       -0.0000028033  -0.0000059876  -0.0000051516  -0.0000067719  -0.0000058888
       -0.0000015073  -0.0000077344  -0.0000046736  -0.0000007348  -0.0000062838
       -0.0000087047   0.0000083976  -0.0000049948  -0.0000026294   0.0000072415
        0.0000105473  -0.0006571937  -0.0002072068  -0.0000955663  -0.0001107069
       -0.0000795836   0.0001880983   0.0030008197  -0.0056179220   0.0075200794
       -0.1368945044   0.1244417450   0.0339929847   0.0033211194  -0.0001757442
       -0.0073035835   0.0035275673   0.0069461396   0.0025035128  -0.0000084899
       -0.0002035138  -0.0001517908
       -0.0000096061   0.0000017606  -0.0000723786   0.0005366340  -0.0003717927
       -0.0002161829  -0.0002689938  -0.0000241200   0.0002735604   0.0000420863
        0.0000636886  -0.0000521948  -0.0000121576  -0.0000027770   0.0000054809
       -0.0000069164  -0.0000072513  -0.0000131228  -0.0000084292   0.0000063318
        0.0000005346   0.0000138500   0.0000332876  -0.0000359942  -0.0000503431
       -0.0000238357   0.0000570225  -0.0008752843  -0.0003584995   0.0049031928
        0.0041973060  -0.0039640910  -0.0034607768   0.0013022263   0.0057549065
       -0.0042660691   0.0296189447  -0.0421765497   0.0110114195   0.0663365597
       -0.1896922042   0.1629390053  -0.2610333338   0.4928841999  -0.0867880154
        0.0358988522  -0.0806816507  -0.0469056290   0.0033202663   0.0056921243
       -0.0255998549  -0.0024789917  -0.0063068493   0.0108619637  -0.0019120428
        0.0025673270  -0.0006369674  -0.0000080549   0.0000294388  -0.0000429161
        0.0000107842   0.0000080645   0.0000114714   0.0000427540   0.0000235610
        0.0000187263   0.0000039235  -0.0000001681   0.0000054983  -0.0000018026
       -0.0000034396   0.0000029974   0.0000037401  -0.0000063078  -0.0000082763
        0.0000089249  -0.0000026387  -0.0000093241  -0.0000045717  -0.0000112652
       -0.0000241899  -0.0002155785  -0.0004967394  -0.0001886971  -0.0000912920
        0.0000774544  -0.0002922520  -0.0005777963   0.0018798269  -0.0010500118
        0.1244918021  -0.1866220244  -0.0383737656  -0.0051373631   0.0016002628
        0.0182879352   0.0070856032   0.0000371465  -0.0004291253  -0.0002216998
        0.0000928233   0.0000869359
       -0.0000213536   0.0000895699   0.0001589831  -0.0004223360   0.0003310814
       -0.0000780959   0.0002052945   0.0000050062  -0.0001392710  -0.0000073137
       -0.0000021836  -0.0000376133  -0.0000376756  -0.0000076770   0.0000473427
        0.0000263710   0.0000367477   0.0000286505  -0.0000207705  -0.0000234996
       -0.0000406182  -0.0000166983  -0.0000185174   0.0000155885   0.0000660865
        0.0000095339  -0.0000685887   0.0014126860   0.0044784762  -0.0164809831
       -0.0109005566   0.0101045703   0.0126088238   0.0133591510  -0.0193349703
        0.0098958537  -0.0405498922   0.0482149819   0.0173567950  -0.0285738730
        0.1063047496  -0.2390249429  -0.0669049570  -0.0867880154   0.6147047030
        0.0457456444   0.0143198590  -0.2615263381   0.0522142128  -0.0678499344
       -0.0041397895  -0.0111542742   0.0251877538  -0.0362933582   0.0099945318
       -0.0142162251   0.0030759455   0.0000203970  -0.0000553675   0.0000815661
       -0.0000222000   0.0000435130  -0.0000032196  -0.0000501860  -0.0000291005
        0.0000036277   0.0000058972   0.0000064334   0.0000271244   0.0000015828
       -0.0000093357   0.0000144414  -0.0000043243  -0.0000016358   0.0000052448
        0.0000116434  -0.0000023970   0.0000086255   0.0000211559   0.0000102211
        0.0000191934  -0.0001487648  -0.0001899937   0.0000554515   0.0001877971
       -0.0002771135  -0.0000029685  -0.0068338785   0.0181204603  -0.0247317353
        0.0338445972  -0.0381853414  -0.0541696550   0.0066238977  -0.0003946703
       -0.0228419076   0.0020070349   0.0002035118   0.0013020774  -0.0000789269
       -0.0000804914   0.0001690469
        0.0000731461   0.0000177813   0.0000445823  -0.0004979599  -0.0004732904
       -0.0004120325   0.0000233759   0.0001647996   0.0002317685  -0.0000322015
       -0.0000152062  -0.0000935391  -0.0000112649   0.0000094501   0.0000418471
        0.0000338189   0.0000341629   0.0000217676  -0.0000099999  -0.0000125759
       -0.0000194829  -0.0000015358  -0.0000225028   0.0000227799   0.0000752645
        0.0000059330  -0.0000153573   0.0000764445   0.0040890775  -0.0105926311
       -0.0050293327   0.0048156584   0.0069133603   0.0044869969  -0.0074675084
        0.0035496985  -0.0192933443   0.0147502904   0.0089701234   0.0211093198
       -0.0309983320   0.0118357503  -0.0883283693   0.0358988522   0.0457456444
        0.3359015959  -0.2681908646  -0.0761542150  -0.1731246807   0.1482757425
        0.0672246064  -0.0193196196   0.0377639266  -0.0299739230   0.0116152016
       -0.0083038474   0.0018754019   0.0000222753  -0.0000332743   0.0000433440
        0.0000063963  -0.0000122115   0.0000168082  -0.0000359441  -0.0000094558
       -0.0000084176   0.0000034733   0.0000034703   0.0000031574   0.0000045009
        0.0000006666  -0.0000051786  -0.0000023157   0.0000103643   0.0000004080
       -0.0000083450  -0.0000016383   0.0000025106   0.0000077149   0.0000191990
       -0.0000035958  -0.0000021864  -0.0000312791   0.0000360910  -0.0000555540
       -0.0001969447  -0.0000065347   0.0056236762   0.0050766588  -0.0004036220
       -0.0067709374   0.0044191774   0.0178804430  -0.0594897683   0.0515962636
       -0.0511485867  -0.0070675345   0.0090987798   0.0044087214   0.0000176926
       -0.0002813229  -0.0000316979
        0.0000982189  -0.0001425984  -0.0000666486  -0.0001158178  -0.0006791391
        0.0001364713  -0.0001821400   0.0001747055   0.0001686147   0.0000122361
        0.0000155469   0.0000056600   0.0000224873  -0.0000204722  -0.0000249639
       -0.0000119615  -0.0000143954  -0.0000303659   0.0000065016   0.0000434562
        0.0000058897   0.0000086522   0.0000425204  -0.0000313003  -0.0000965087
       -0.0000121621   0.0000709027   0.0002759769  -0.0036407667   0.0095383932
        0.0048784826  -0.0038572356  -0.0062157243  -0.0038234944   0.0060245197
       -0.0029117810   0.0109631298  -0.0164664484  -0.0109978874  -0.0199196723
        0.0255604702   0.0056586041   0.0196664651  -0.0806816507   0.0143198590
       -0.2681908646   0.4989625345  -0.0713506985   0.1632052574  -0.2386392600
       -0.0680300419   0.0281839148  -0.0465285281   0.0293420712  -0.0044117546
        0.0109255240   0.0016726615  -0.0000080244   0.0000262070  -0.0000478089
        0.0000224319  -0.0000305921   0.0000253000   0.0000713130   0.0000283749
        0.0000079391   0.0000126389   0.0000121163   0.0000029067  -0.0000019247
        0.0000124824   0.0000154373   0.0000034885   0.0000076298   0.0000025540
        0.0000034467   0.0000120408   0.0000058736  -0.0000197919  -0.0000168562
       -0.0000123997  -0.0000047025   0.0000842762  -0.0000453120  -0.0001598892
        0.0000428637  -0.0001737823   0.0048946301   0.0012032562   0.0045043188
        0.0093439779  -0.0038476712  -0.0207998825   0.0516066527  -0.1451836815
        0.1175589769   0.0039089083  -0.0036045795  -0.0024026462  -0.0002422644
        0.0001875126   0.0000988095
        0.0000816690  -0.0000503322   0.0000372591  -0.0003794814   0.0001831719
        0.0000398322   0.0000830799   0.0000518662  -0.0000881811  -0.0000685387
       -0.0000694331   0.0000237032   0.0000489124   0.0000379376  -0.0000632392
       -0.0000241493  -0.0000469122  -0.0000023395   0.0000009858   0.0000037146
        0.0000344895  -0.0000062385  -0.0000240033  -0.0000212321  -0.0000306185
        0.0000244960  -0.0000047739  -0.0008755380  -0.0035546710   0.0122183072
        0.0069741145  -0.0063866483  -0.0082186312  -0.0067277048   0.0109157634
       -0.0053826214   0.0201699646  -0.0257932931  -0.0085763210  -0.0198194838
        0.0478729622  -0.0598527757   0.0914872282  -0.0469056290  -0.2615263381
       -0.0761542150  -0.0713506985   0.6020898975   0.0250442382  -0.0118971384
       -0.1050532282  -0.0022427888  -0.0069525442   0.0306842736  -0.0092907012
        0.0164173612  -0.0053945280  -0.0000049408  -0.0000070659  -0.0000161352
        0.0000189395  -0.0000211454   0.0000139022   0.0000339716   0.0000075025
       -0.0000101432   0.0000011498   0.0000054312  -0.0000123685  -0.0000003842
        0.0000038922   0.0000045276   0.0000049548   0.0000075875   0.0000012189
       -0.0000037851   0.0000212790   0.0000128356  -0.0000026436   0.0000060576
        0.0000240595   0.0000937469  -0.0000876073   0.0000458697  -0.0000898360
       -0.0000234277   0.0002851173   0.0000785236   0.0038580655  -0.0020132826
        0.0039125922  -0.0021622499  -0.0071990726  -0.0509983795   0.1174069716
       -0.1728989051   0.0186721243  -0.0215830596  -0.0089283557   0.0000132317
        0.0000917990  -0.0002528208
       -0.0001500605   0.0002165048   0.0000692460  -0.0002706716   0.0006415111
       -0.0003044873   0.0000819816   0.0000777385  -0.0001263050   0.0000720458
       -0.0000045738  -0.0000533875   0.0000726134  -0.0000343735  -0.0000881458
       -0.0000158774  -0.0000548832  -0.0000287939   0.0000169659   0.0000072338
        0.0000330954   0.0000330619   0.0000475242  -0.0000338690  -0.0000777408
       -0.0000158091   0.0000473101   0.0013763871   0.0009912969   0.0125708714
        0.0043752478  -0.0037443525  -0.0065422885  -0.0003377760   0.0085608294
        0.0007217705   0.0182025464  -0.0197451822  -0.0071534398  -0.0166045630
        0.0216156492  -0.0118356693  -0.0153939094   0.0033202663   0.0522142128
       -0.1731246807   0.1632052574   0.0250442382   0.3437666993  -0.2655665884
       -0.1094895942  -0.0712229231   0.0344831777  -0.0242493113  -0.0187856896
        0.0311876403  -0.0159331875  -0.0000070111  -0.0000082760   0.0000005830
        0.0000104737   0.0000748503  -0.0000238429   0.0000077409  -0.0000163644
        0.0000057193  -0.0000154554   0.0000109232  -0.0000093100  -0.0000272796
       -0.0000097993   0.0000139402  -0.0000025795  -0.0000178560  -0.0000013698
       -0.0000024856  -0.0000141819  -0.0000048748   0.0000063460   0.0000023273
        0.0000284041  -0.0008249024  -0.0006849694  -0.0002352773  -0.0000802187
       -0.0003879418   0.0005470983  -0.0000937923   0.0001019680  -0.0003533655
        0.0033254140   0.0026586738   0.0029909253  -0.0062945472   0.0090753896
        0.0008513558  -0.0671140204   0.0149142542   0.0827335490  -0.0009013394
       -0.0008878646  -0.0014058001
        0.0000004068  -0.0000357483  -0.0001224396   0.0005653658  -0.0007516959
        0.0005442129  -0.0001751048  -0.0000266703   0.0001304953  -0.0001012644
       -0.0000329041   0.0000382536  -0.0001099398  -0.0000301579   0.0000484777
        0.0000157989   0.0000199828  -0.0000133949  -0.0000054815   0.0000111069
       -0.0000705416  -0.0000049733  -0.0000281501   0.0000474329   0.0001018373
        0.0000168524  -0.0000526858   0.0053426805   0.0060383086  -0.0180584458
       -0.0071823874   0.0058144590   0.0105086662   0.0084482440  -0.0063789544
        0.0035153991  -0.0243149128   0.0249525536   0.0243682119   0.0202542489
       -0.0358673584   0.0151396824   0.0145413531   0.0056921243  -0.0678499344
        0.1482757425  -0.2386392600  -0.0118971384  -0.2655665884   0.4809240511
       -0.0306240295   0.0412776337  -0.1367812535   0.0826262318   0.0291742596
       -0.0454979877   0.0207238456   0.0000061385   0.0000143562   0.0000139056
       -0.0000605663  -0.0000216062   0.0000132210  -0.0000122244   0.0000331509
       -0.0000067465   0.0000008171   0.0000196297   0.0000423601   0.0000174353
       -0.0000070009  -0.0000002128   0.0000163768   0.0000061479  -0.0000040437
        0.0000293753   0.0000251180   0.0000021791   0.0000224857  -0.0000212640
       -0.0000154506  -0.0007616192  -0.0003922658  -0.0002185407  -0.0000325096
        0.0000178521  -0.0004747500   0.0001409488  -0.0002998688   0.0001940086
        0.0025433380   0.0027345404  -0.0000546740   0.0140969877  -0.0174038005
       -0.0021120798   0.0151753417  -0.0440074542  -0.0272610516  -0.0017192440
       -0.0000968332   0.0008795757
        0.0001710651  -0.0003106504  -0.0000022480  -0.0011809537   0.0009921418
        0.0012314028   0.0007389849  -0.0000435322  -0.0008967703  -0.0002856176
       -0.0003614544   0.0003421223  -0.0000081085   0.0000999793  -0.0001320526
       -0.0000216947  -0.0000601645  -0.0000226467   0.0000084238   0.0000668752
       -0.0000543081   0.0000029721  -0.0000268046   0.0000791380   0.0001567011
        0.0001201723   0.0001015031   0.0029563618  -0.0053159671   0.0095818455
        0.0033914256  -0.0030018227  -0.0052300972   0.0006710844   0.0035763084
       -0.0063855645   0.0051672792   0.0077437381  -0.0402661838  -0.0078471037
        0.0098624422  -0.0016066757   0.0204765861  -0.0255998549  -0.0041397895
        0.0672246064  -0.0680300419  -0.1050532282  -0.1094895942  -0.0306240295
        0.6107077784  -0.0428565249   0.1073327830  -0.1953506121  -0.0111530352
        0.0146093241   0.0016773136  -0.0000167571   0.0000239325  -0.0000030788
        0.0000296303  -0.0001166058   0.0000169395   0.0000174860   0.0000331596
       -0.0000013660  -0.0000060389  -0.0000488707  -0.0000198816   0.0000223191
        0.0000030176  -0.0000752170   0.0000272230   0.0000295690  -0.0000320359
       -0.0000045650   0.0000135016  -0.0000064186  -0.0000501221   0.0000035457
       -0.0000745138  -0.0001246954  -0.0002975453   0.0000715775  -0.0003967136
        0.0008515256  -0.0009843451  -0.0003864767   0.0002381860   0.0006987578
        0.0032476372  -0.0004287025  -0.0049498814  -0.0133761500   0.0168612701
        0.0034651041   0.0821289876  -0.0261521050  -0.2637277475   0.0007653773
       -0.0020433206   0.0010411799
       -0.0011680631   0.0012453688  -0.0001956710   0.0074533247   0.0042245775
       -0.0012793130   0.0000049474  -0.0019532749  -0.0002131454   0.0002113141
        0.0003463682   0.0002051096  -0.0002568138  -0.0000619943   0.0002568204
        0.0000202842   0.0001408953   0.0000029588  -0.0000370641  -0.0000761353
       -0.0000357365  -0.0000283890  -0.0000490665   0.0000851537   0.0001191464
       -0.0001149198  -0.0000094695  -0.0110226978   0.0299362851  -0.0363464922
       -0.0184675734   0.0109765485   0.0192588800   0.0180796606  -0.0243928470
        0.0050611952  -0.0938001115   0.0284739747   0.0556894597  -0.0072272686
        0.0043503641   0.0205259193  -0.0010138519  -0.0024789917  -0.0111542742
       -0.0193196196   0.0281839148  -0.0022427888  -0.0712229231   0.0412776337
       -0.0428565249   0.3338033957  -0.2406188650  -0.0727566899  -0.1412662250
        0.1010142240   0.0508419003   0.0000327095   0.0001181088   0.0000778551
       -0.0000442076   0.0003168760  -0.0002167198  -0.0002279760  -0.0000772303
        0.0000016024  -0.0000029539  -0.0000249679  -0.0000203569   0.0000374401
       -0.0000012056  -0.0000336969   0.0000331157   0.0000168526  -0.0000197215
        0.0000311134   0.0000077000  -0.0000034302   0.0000389244   0.0000282463
       -0.0001020171  -0.0003686335  -0.0001036339   0.0002864103   0.0033183985
        0.0038019314  -0.0009018797   0.0014870405   0.0053923820   0.0018356837
        0.0001599877  -0.0005044347  -0.0002456577   0.0036960882   0.0071502266
        0.0021916111   0.0031499519  -0.0052339262   0.0072134181  -0.0062024714
        0.0086890148   0.0050996076
       -0.0000668011  -0.0005008638  -0.0000113799   0.0018975032   0.0041632327
        0.0056772348   0.0008566470  -0.0011062424  -0.0031181446   0.0001108799
       -0.0001556507   0.0008166830   0.0001165500   0.0000383174  -0.0003346703
       -0.0001679403  -0.0001842504  -0.0000451104   0.0000323334   0.0000698906
        0.0001682955   0.0000822471   0.0001996187  -0.0000436129  -0.0003013612
        0.0001615808  -0.0000248355   0.0212249192  -0.0425949327   0.0460748639
        0.0137246243  -0.0155280955  -0.0243591096  -0.0196560435   0.0245455591
        0.0083655009   0.0283028167  -0.0909244758  -0.0105894350   0.0000265145
        0.0107022641  -0.0262122868  -0.0064243348  -0.0063068493   0.0251877538
        0.0377639266  -0.0465285281  -0.0069525442   0.0344831777  -0.1367812535
        0.1073327830  -0.2406188650   0.4764755323  -0.0670862430   0.1087626351
       -0.1743248904  -0.0543513448  -0.0000644702   0.0001221949  -0.0001564765
       -0.0000469964   0.0000368093  -0.0001238777   0.0001500008  -0.0000643971
        0.0000301558  -0.0000008323  -0.0000051379   0.0000073651  -0.0000129915
        0.0000128435   0.0000183294   0.0000069279  -0.0000170748   0.0000317069
       -0.0000059549   0.0000367254  -0.0000000290   0.0000305139  -0.0000594085
        0.0001442723   0.0000589280   0.0000865659  -0.0006077333   0.0035228381
       -0.0002471886   0.0040238564   0.0056115839  -0.0012523995  -0.0006600929
       -0.0005537397   0.0002659345   0.0003907735   0.0070626622   0.0003062365
        0.0000878623  -0.0005170210   0.0023007727  -0.0004644123   0.0046091221
       -0.0029424395  -0.0032160981
       -0.0004698197   0.0009386541   0.0005353855  -0.0000707740   0.0042362903
       -0.0025125320   0.0004139963  -0.0000999821  -0.0003361093  -0.0001788914
       -0.0002101086  -0.0000118612   0.0002541476  -0.0000192381  -0.0000664740
       -0.0000849929  -0.0001781330   0.0000413351   0.0000051916   0.0000567557
        0.0000928738   0.0000072359   0.0000066362  -0.0000596903  -0.0000948008
       -0.0001534148  -0.0000126819  -0.0128125326   0.0101740832   0.0161397849
        0.0087105752  -0.0110292852  -0.0082319172  -0.0072570879   0.0247436215
       -0.0408422572   0.0567840430  -0.0116677309  -0.2403505133   0.0333293536
       -0.0435797049  -0.0014559470  -0.0000660966   0.0108619637  -0.0362933582
       -0.0299739230   0.0293420712   0.0306842736  -0.0242493113   0.0826262318
       -0.1953506121  -0.0727566899  -0.0670862430   0.6021116407   0.0321420071
       -0.0282305214  -0.0901795052   0.0000057362  -0.0001138253   0.0000508927
        0.0000265294   0.0003094599  -0.0001162065  -0.0000203475  -0.0000603750
       -0.0000070822  -0.0000118770   0.0000642625   0.0000388546  -0.0000058497
        0.0000188047  -0.0000029885   0.0000068793   0.0000269925   0.0000022415
        0.0000060724   0.0000363882   0.0000246635   0.0000085098   0.0000534034
        0.0000363247   0.0002520017  -0.0005023317   0.0003068931  -0.0002809696
        0.0032045412  -0.0020318111   0.0012287692   0.0002159394   0.0009862149
       -0.0001389435   0.0003009516  -0.0004693103   0.0027539050  -0.0006068445
        0.0012016937  -0.0056229529   0.0166449067  -0.0245216771   0.0181609071
       -0.0203242194  -0.0094005379
       -0.0007995451   0.0014322328   0.0016342593  -0.0092686100   0.0163333232
       -0.0113897802   0.0007576401   0.0007724491  -0.0008384478  -0.0014281888
        0.0005263537   0.0002473678   0.0004691350  -0.0000089572  -0.0006585177
       -0.0001938945  -0.0003196125  -0.0000772947   0.0001085377   0.0001205150
        0.0003874621   0.0000787078   0.0003475160  -0.0003653050  -0.0018866152
       -0.0003111417   0.0001745970  -0.0857745128   0.0625267622  -0.0310720691
        0.0196060860  -0.0190237796  -0.0178191401  -0.0159037918   0.0197889017
       -0.0078372040  -0.0076174598  -0.0000641315   0.0337275155  -0.0006364367
        0.0085736321   0.0011297995  -0.0013510479  -0.0019120428   0.0099945318
        0.0116152016  -0.0044117546  -0.0092907012  -0.0187856896   0.0291742596
       -0.0111530352  -0.1412662250   0.1087626351   0.0321420071   0.3142273344
       -0.2381678595  -0.0701592501  -0.0000005886  -0.0001055238   0.0000849453
        0.0002889923   0.0007306947  -0.0003121921   0.0001370275   0.0000173794
       -0.0000071805  -0.0000804306   0.0000410831   0.0000107245  -0.0001144976
        0.0000123523   0.0000363786   0.0000195263  -0.0000365941   0.0000175878
       -0.0000568513  -0.0000046616  -0.0000081482  -0.0002928976  -0.0000525489
       -0.0000235285   0.0030748903   0.0025065531   0.0032098119  -0.0000446739
        0.0001614737  -0.0003623022  -0.0003550105   0.0002751323  -0.0000613802
       -0.0008173523  -0.0007849872  -0.0001864488  -0.0000315130   0.0003197675
        0.0001445644  -0.0006339644  -0.0017945001   0.0005567632  -0.0630432819
        0.0145750787   0.0781236096
        0.0018835373  -0.0021136834  -0.0017999335   0.0223173038  -0.0271686802
        0.0087101888  -0.0058561722  -0.0011855893   0.0043357791   0.0006058800
        0.0011482078   0.0000594181  -0.0001961583  -0.0002474438   0.0000990947
       -0.0000440438  -0.0000770610  -0.0001109196   0.0000365055   0.0000612316
        0.0001388349   0.0002210348   0.0002769517  -0.0000146253  -0.0000514622
       -0.0002643700  -0.0001093192   0.0711318379  -0.1708960636   0.1045711082
       -0.0267433204   0.0235892904   0.0436044208   0.0203192581  -0.0340044087
        0.0093417461   0.0047830619   0.0098296995  -0.0439738207   0.0084606346
       -0.0058554180   0.0023845052   0.0017654777   0.0025673270  -0.0142162251
       -0.0083038474   0.0109255240   0.0164173612   0.0311876403  -0.0454979877
        0.0146093241   0.1010142240  -0.1743248904  -0.0282305214  -0.2381678595
        0.4566314904  -0.0878152814  -0.0000637356   0.0001420403   0.0000186482
       -0.0002468397  -0.0009446279   0.0003789627  -0.0002507097   0.0001849406
       -0.0000548251  -0.0000067407   0.0000471400   0.0001129354  -0.0000128324
       -0.0000142237   0.0000459011  -0.0000286386  -0.0000443483   0.0000320851
       -0.0000590552  -0.0000258249  -0.0000491201   0.0000498569   0.0001305635
        0.0000679637   0.0023919688   0.0022826289  -0.0002773071   0.0000529780
       -0.0003854180   0.0002291489  -0.0000824249  -0.0001349975   0.0002451356
       -0.0007511344  -0.0003331403  -0.0002588415   0.0005690111  -0.0005604177
       -0.0001660568  -0.0010868599   0.0000955986  -0.0016958714   0.0151616243
       -0.0438340398  -0.0266298936
        0.0011060355  -0.0021704694   0.0006196644  -0.0080981615   0.0060520938
        0.0079837572   0.0039927206  -0.0013637229  -0.0037780719   0.0003563246
       -0.0012089860   0.0010025610  -0.0007514391   0.0002852904  -0.0001087986
        0.0001617240   0.0002860705  -0.0001236604  -0.0000109713  -0.0000084281
       -0.0003093423  -0.0000464273   0.0000004281   0.0001972666   0.0002366949
        0.0006210788   0.0002952034  -0.0630811859   0.1472731326  -0.2241454201
        0.0095848217   0.0069159392  -0.0569748088  -0.0110185251   0.0139087304
       -0.0014705652   0.0205790005  -0.0260288797  -0.0019970312   0.0012557181
        0.0025990839  -0.0056643510  -0.0003927170  -0.0006369674   0.0030759455
        0.0018754019   0.0016726615  -0.0053945280  -0.0159331875   0.0207238456
        0.0016773136   0.0508419003  -0.0543513448  -0.0901795052  -0.0701592501
       -0.0878152814   0.6469914454   0.0000837334  -0.0000800409  -0.0001256803
        0.0000778267  -0.0004174838   0.0000484724   0.0002288928   0.0001025623
       -0.0001053262   0.0000331604  -0.0001537651  -0.0000858847   0.0000428537
       -0.0000104113  -0.0000548192   0.0000146035  -0.0000010791  -0.0000345703
       -0.0000015198  -0.0000219363  -0.0000226800  -0.0003365594  -0.0001140505
       -0.0002551104   0.0029256541   0.0001396728  -0.0051319699  -0.0002862457
        0.0002479585   0.0007124868   0.0009147398  -0.0010805232  -0.0005576160
       -0.0003230767  -0.0001209728  -0.0000307719  -0.0007536096   0.0010423438
        0.0000191163  -0.0016513194   0.0012367385   0.0007076155   0.0785323888
       -0.0275232880  -0.2667803368
       -0.0549158837   0.0007074324  -0.0598029988   0.0018194875  -0.0009363304
        0.0055706740  -0.0003190461  -0.0006898326   0.0008285592  -0.0007160895
       -0.0006505891  -0.0004467266   0.0000584050   0.0001041508  -0.0000608220
        0.0000311674  -0.0000389616  -0.0000058781   0.0000007847  -0.0000062252
       -0.0000152539   0.0000009329  -0.0000825519  -0.0000214018  -0.0000954244
       -0.0000727777   0.0001330814   0.0001781197   0.0001569207   0.0003653343
       -0.0003574058   0.0004967068  -0.0005516020  -0.0000550995  -0.0000592755
        0.0001625946   0.0000640783  -0.0000642606   0.0000164266  -0.0000055624
        0.0000032384   0.0000320521   0.0000095812  -0.0000080549   0.0000203970
        0.0000222753  -0.0000080244  -0.0000049408  -0.0000070111   0.0000061385
       -0.0000167571   0.0000327095  -0.0000644702   0.0000057362  -0.0000005886
       -0.0000637356   0.0000837334   0.0625504779   0.0003891311   0.0690681075
        0.0043561002   0.0016608409   0.0164353406  -0.0125316062  -0.0017937942
       -0.0325999448  -0.0000099618   0.0000037472  -0.0000389342   0.0000069937
        0.0000074284  -0.0000152244  -0.0000062635   0.0000136111  -0.0000080644
       -0.0000049131  -0.0000086267   0.0000090524   0.0000068242  -0.0000225136
        0.0000066256  -0.0001035323   0.0010513655   0.0007386257  -0.0000173448
        0.0000081317   0.0000172765  -0.0000020590   0.0000047867  -0.0000012770
        0.0000049621  -0.0000122121   0.0000035310   0.0000031794  -0.0000072016
        0.0000053540   0.0000002429  -0.0000056877   0.0000153646   0.0000014701
       -0.0000185045   0.0000719590
        0.0021610455  -0.0382450487   0.0002590167   0.0043264461  -0.0020678896
        0.0276245003   0.0010742164  -0.0006516828   0.0024123659  -0.0020329024
       -0.0015861795  -0.0015288272   0.0002591131   0.0001919396  -0.0003262890
        0.0001212424  -0.0000658418  -0.0000935790   0.0000268762   0.0000393327
       -0.0000791892   0.0000684356  -0.0002082078  -0.0000657544  -0.0002494804
       -0.0000493489   0.0005215509  -0.0003888605  -0.0009031164  -0.0012352624
        0.0002565011  -0.0010984078   0.0007209986   0.0002567529  -0.0000223515
       -0.0001245443  -0.0000687450   0.0001539877  -0.0000057358  -0.0000043518
       -0.0000887767  -0.0000512419  -0.0000033807   0.0000294388  -0.0000553675
       -0.0000332743   0.0000262070  -0.0000070659  -0.0000082760   0.0000143562
        0.0000239325   0.0001181088   0.0001221949  -0.0001138253  -0.0001055238
        0.0001420403  -0.0000800409   0.0003891311   0.0455796775   0.0029561288
       -0.0045996271  -0.0012390966  -0.0230288538  -0.0021663268   0.0012078130
       -0.0064201003  -0.0000421880   0.0000336020  -0.0000564341  -0.0000049505
        0.0000115287   0.0000049181  -0.0000384667  -0.0000001639  -0.0000022152
       -0.0000338697  -0.0000833894   0.0000128674  -0.0000649430  -0.0000873103
       -0.0000068422   0.0008975344  -0.0012817826  -0.0010614306  -0.0000090087
        0.0000178051  -0.0000073458   0.0000021694  -0.0000066306   0.0000051019
        0.0000016599   0.0000218757   0.0000000407  -0.0000069023   0.0000145975
       -0.0000044658  -0.0000040094   0.0000173369  -0.0000248707  -0.0000941459
        0.0000614912  -0.0001621405
       -0.0619840111  -0.0054905552  -0.2625194839   0.0001208862   0.0064348849
       -0.0176183436  -0.0014813574   0.0009315521  -0.0002819262   0.0011746749
        0.0009067068   0.0008591103  -0.0001822197  -0.0001732531   0.0001757527
       -0.0000877483   0.0000481473   0.0001205348  -0.0000307759  -0.0000446873
        0.0001029298  -0.0000367906   0.0001428009   0.0000028714   0.0001830053
       -0.0000266445  -0.0003482649  -0.0003586982   0.0005335136  -0.0001556706
        0.0004068332  -0.0006677725  -0.0003480043  -0.0000754030   0.0001627042
        0.0000481295   0.0001454399  -0.0001575539   0.0001028288  -0.0000465622
        0.0000222372  -0.0000172814   0.0000161049  -0.0000429161   0.0000815661
        0.0000433440  -0.0000478089  -0.0000161352   0.0000005830   0.0000139056
       -0.0000030788   0.0000778551  -0.0001564765   0.0000508927   0.0000849453
        0.0000186482  -0.0001256803   0.0690681075   0.0029561288   0.3043218194
       -0.0030851491  -0.0036561079  -0.0194972476  -0.0043271392  -0.0011041797
       -0.0058006702   0.0000064321  -0.0000393069   0.0000662730  -0.0000013021
       -0.0000172042  -0.0000069410   0.0000282618   0.0000109836   0.0000009500
        0.0000171623   0.0000527216   0.0000053256   0.0000511174   0.0001134113
        0.0000662509   0.0001998953  -0.0005972076   0.0006311361   0.0000251184
       -0.0000661527   0.0000012151  -0.0000059129   0.0000040783   0.0000145123
        0.0000011623   0.0000050181   0.0000045856  -0.0000015274  -0.0000005665
       -0.0000054573   0.0000046958  -0.0000149970  -0.0000008737   0.0000489722
       -0.0000540521   0.0000883749
       -0.1165238847   0.0912043172   0.0630504801   0.0037956842   0.0001105388
       -0.0038733297  -0.0003497269  -0.0004195298   0.0001145832  -0.0000264186
       -0.0003795417  -0.0000201318  -0.0000156638  -0.0000086229   0.0000271138
       -0.0000334845  -0.0000054360   0.0000003516   0.0000022573  -0.0000052287
       -0.0000071739  -0.0000123281  -0.0000461735   0.0000103929  -0.0000687162
       -0.0000826345   0.0000714589   0.0004158017  -0.0000556572   0.0009665081
        0.0000027700   0.0000164935   0.0001544434   0.0000999613  -0.0000994436
       -0.0000197769  -0.0000016316  -0.0000032048  -0.0000227531   0.0000232172
       -0.0000141481  -0.0000175094   0.0000056494   0.0000107842  -0.0000222000
        0.0000063963   0.0000224319   0.0000189395   0.0000104737  -0.0000605663
        0.0000296303  -0.0000442076  -0.0000469964   0.0000265294   0.0002889923
       -0.0002468397   0.0000778267   0.0043561002  -0.0045996271  -0.0030851491
        0.1285843481  -0.1072441085  -0.0727603107  -0.0204198335   0.0217331654
        0.0155405634   0.0000161924  -0.0000021598  -0.0000419045  -0.0000013339
       -0.0000056746   0.0000013946  -0.0000051779  -0.0000029357  -0.0000015397
       -0.0000076957  -0.0000152936   0.0000004892   0.0000188400   0.0000168467
       -0.0000072884  -0.0001276991   0.0001479041  -0.0001180752   0.0000148567
        0.0000115293  -0.0000050596   0.0000006553  -0.0000015128   0.0000023177
       -0.0000072479   0.0000081118  -0.0000026228  -0.0000020429   0.0000081336
       -0.0000061372  -0.0000001715   0.0000076705  -0.0000198778   0.0000050681
        0.0000474083  -0.0000621829
        0.0911080770  -0.1619206455  -0.0822719102   0.0157391183  -0.0275738428
       -0.0115803267   0.0000789148   0.0029006635  -0.0009409401   0.0001263827
       -0.0004226428   0.0003325283   0.0000650358   0.0001685071  -0.0003417379
       -0.0000453128  -0.0000319797  -0.0000600592   0.0000411455   0.0000996610
        0.0000321332   0.0000535309   0.0000928842   0.0000372013   0.0001147628
        0.0002956310  -0.0000423071  -0.0015429745  -0.0042824231   0.0025514014
        0.0001275716  -0.0000453584   0.0002046381  -0.0001136270   0.0002406795
        0.0000855623  -0.0000113384  -0.0000237220   0.0000833246  -0.0000860162
        0.0000528021   0.0000415372  -0.0000087072   0.0000080645   0.0000435130
       -0.0000122115  -0.0000305921  -0.0000211454   0.0000748503  -0.0000216062
       -0.0001166058   0.0003168760   0.0000368093   0.0003094599   0.0007306947
       -0.0009446279  -0.0004174838   0.0016608409  -0.0012390966  -0.0036561079
       -0.1072441085   0.1888917182   0.0937703381  -0.0012471047   0.0037856327
        0.0018189619   0.0000066574   0.0000088645   0.0001292260   0.0000154872
        0.0000175787  -0.0000010912   0.0000076304  -0.0000000699   0.0000040978
        0.0000159290   0.0000336330  -0.0000126305   0.0000647865   0.0000057751
        0.0000105287  -0.0000389587   0.0000053086   0.0000738045  -0.0000065689
       -0.0000088387  -0.0000284400   0.0000124027  -0.0000053416  -0.0000221104
        0.0000232753  -0.0000193502   0.0000010726   0.0000145280  -0.0000335367
        0.0000141590   0.0000026273   0.0000010581   0.0000248487  -0.0000441966
       -0.0000415967  -0.0000554403
        0.0623746900  -0.0831675433  -0.0977711673  -0.0053268456   0.0090676134
        0.0054135998  -0.0011612299  -0.0002563548  -0.0002137617  -0.0000677631
        0.0003109220   0.0000462841   0.0000127128   0.0000000505   0.0000926488
        0.0000308112   0.0000174664  -0.0000466579  -0.0000071423  -0.0000223395
       -0.0000355933   0.0000061568  -0.0000056630   0.0000397341   0.0000181774
        0.0000558823  -0.0000158743   0.0014600603   0.0019937291  -0.0003293730
       -0.0001294098  -0.0000696721  -0.0000880082  -0.0000520380  -0.0001495152
        0.0001130758   0.0000352793   0.0000100937  -0.0000095519   0.0000375249
       -0.0000266555   0.0000206261  -0.0000005119   0.0000114714  -0.0000032196
        0.0000168082   0.0000253000   0.0000139022  -0.0000238429   0.0000132210
        0.0000169395  -0.0002167198  -0.0001238777  -0.0001162065  -0.0003121921
        0.0003789627   0.0000484724   0.0164353406  -0.0230288538  -0.0194972476
       -0.0727603107   0.0937703381   0.1109988869  -0.0003339658   0.0010829226
        0.0011345111  -0.0000007515   0.0000252484  -0.0000455332   0.0000020788
        0.0000037104   0.0000000336  -0.0000088053  -0.0000119487  -0.0000059531
        0.0000004791  -0.0000050171  -0.0000141335  -0.0000017351  -0.0000327866
       -0.0000563309  -0.0000669736   0.0001209954   0.0001993077  -0.0000039632
        0.0000068106   0.0000140329  -0.0000036226   0.0000039772   0.0000007983
       -0.0000030963  -0.0000108022   0.0000004133  -0.0000020490  -0.0000013107
        0.0000040947  -0.0000037701  -0.0000078813   0.0000111464   0.0000566192
        0.0000215062   0.0000801045
       -0.2723911015  -0.0452167529  -0.0178160636  -0.0089334237  -0.0059053607
        0.0027352104  -0.0001443922  -0.0027036310  -0.0003361067   0.0004890871
        0.0005750550   0.0007117626  -0.0000998715  -0.0002987432   0.0001000552
       -0.0000213435   0.0000715610   0.0000324187   0.0000080887   0.0000012009
        0.0000181972   0.0000132955   0.0001219815  -0.0000039376   0.0000363323
       -0.0000143519  -0.0000927431   0.0004519115   0.0009315225   0.0000270145
        0.0002438959   0.0002422708   0.0000786827  -0.0000150416  -0.0000448340
       -0.0000255162  -0.0000842579   0.0001040670  -0.0000859672   0.0000112003
        0.0000000467  -0.0000028958  -0.0000095222   0.0000427540  -0.0000501860
       -0.0000359441   0.0000713130   0.0000339716   0.0000077409  -0.0000122244
        0.0000174860  -0.0002279760   0.0001500008  -0.0000203475   0.0001370275
       -0.0002507097   0.0002288928  -0.0125316062  -0.0021663268  -0.0043271392
       -0.0204198335  -0.0012471047  -0.0003339658   0.3136421819   0.0556133545
        0.0192934846  -0.0000088804   0.0000023368   0.0000389773  -0.0000186836
       -0.0000177854   0.0000357743  -0.0000015446  -0.0000204442   0.0000134517
       -0.0000036156  -0.0000090294  -0.0000141363  -0.0000042332   0.0000253415
        0.0000089380  -0.0000239595  -0.0000984373  -0.0002942030  -0.0000287620
        0.0000347858   0.0000042568  -0.0000020772  -0.0000002839  -0.0000053780
       -0.0000024272  -0.0000001191  -0.0000024480  -0.0000056589   0.0000018717
        0.0000028802  -0.0000084116  -0.0000057393   0.0000143773  -0.0000181937
        0.0000224145   0.0000152024
       -0.0460381353  -0.0525051633  -0.0062021953  -0.0268464601  -0.0068537239
       -0.0009530651  -0.0024721888  -0.0049764286   0.0009718454   0.0005233132
        0.0002841015   0.0023889037  -0.0002831809  -0.0006340287   0.0002223848
       -0.0000776624   0.0001056053   0.0001155989   0.0000041628   0.0000049211
        0.0000189789   0.0000083066   0.0001267017   0.0000404738   0.0000946933
        0.0001410746  -0.0000585991  -0.0002421405  -0.0003724224   0.0007129126
       -0.0000082598  -0.0000157106   0.0000090314   0.0000753181  -0.0001205927
       -0.0000202184  -0.0000331396   0.0000326244   0.0000131795   0.0000440566
       -0.0000068867  -0.0000298988  -0.0000096308   0.0000235610  -0.0000291005
       -0.0000094558   0.0000283749   0.0000075025  -0.0000163644   0.0000331509
        0.0000331596  -0.0000772303  -0.0000643971  -0.0000603750   0.0000173794
        0.0001849406   0.0001025623  -0.0017937942   0.0012078130  -0.0011041797
        0.0217331654   0.0037856327   0.0010829226   0.0556133545   0.0595565808
        0.0030539825   0.0000023463  -0.0000156762   0.0000092419  -0.0000294135
       -0.0000492744   0.0000588524   0.0000069809  -0.0000294951   0.0000137620
       -0.0000016223  -0.0000092976  -0.0000145600   0.0000579942   0.0000486827
       -0.0000030582  -0.0001053781  -0.0000614477  -0.0003095923  -0.0000460037
        0.0000498451   0.0000203415  -0.0000092174   0.0000056643   0.0000061451
       -0.0000171989   0.0000132929  -0.0000054724  -0.0000126167   0.0000163597
       -0.0000082187  -0.0000068390   0.0000037997  -0.0000117310  -0.0000451389
        0.0000618183  -0.0000715171
       -0.0159385397  -0.0061738568  -0.0399451313   0.0125800676   0.0055950450
       -0.0004218397   0.0008619431   0.0026278817   0.0001434100  -0.0000718412
        0.0003096441  -0.0013399726   0.0001168717   0.0002453477  -0.0000851035
        0.0000636031   0.0000140493  -0.0000840698  -0.0000041739  -0.0000099280
       -0.0000175916   0.0000283584  -0.0000437412  -0.0000202636  -0.0000609946
       -0.0000807017   0.0000642821   0.0001802414  -0.0005072163   0.0001836096
        0.0002039504  -0.0002113792   0.0003054635   0.0000958014  -0.0000346133
       -0.0000791284  -0.0000291749   0.0000187080   0.0000160989  -0.0000112621
       -0.0000049863  -0.0000244303  -0.0000028033   0.0000187263   0.0000036277
       -0.0000084176   0.0000079391  -0.0000101432   0.0000057193  -0.0000067465
       -0.0000013660   0.0000016024   0.0000301558  -0.0000070822  -0.0000071805
       -0.0000548251  -0.0001053262  -0.0325999448  -0.0064201003  -0.0058006702
        0.0155405634   0.0018189619   0.0011345111   0.0192934846   0.0030539825
        0.0466386506   0.0000038463   0.0000124109   0.0000063508   0.0000048091
        0.0000111799  -0.0000056684  -0.0000181217  -0.0000083763  -0.0000039939
       -0.0000133742  -0.0000257426  -0.0000069601  -0.0000281180  -0.0000205401
       -0.0000428215  -0.0002255232  -0.0001752303  -0.0003309459   0.0000171256
       -0.0000103865  -0.0000343213   0.0000090540  -0.0000105650  -0.0000130879
        0.0000014564  -0.0000002796  -0.0000080765   0.0000004823  -0.0000050801
       -0.0000034193   0.0000026274   0.0000082835  -0.0000167597   0.0000078619
        0.0000319794  -0.0000878312
        0.0000315108  -0.0000214138   0.0001405543  -0.0003310326  -0.0003845525
        0.0003086912  -0.0015353444   0.0028161085  -0.0002950295   0.0019641451
        0.0008236684   0.0021044206  -0.0568428074  -0.0623065896  -0.0408486828
       -0.0044675870  -0.0110878783  -0.0071974810   0.0053963859  -0.0051224840
        0.0019341115  -0.0002870057  -0.0000258601   0.0005204195   0.0059734359
       -0.0022804080   0.0014899150   0.0000301939   0.0000232433  -0.0000028854
       -0.0000119557  -0.0000231906   0.0000259363  -0.0000091659   0.0000190191
        0.0000018366   0.0000037123  -0.0000127826   0.0000148772  -0.0000083554
        0.0000164191   0.0000062729  -0.0000059876   0.0000039235   0.0000058972
        0.0000034733   0.0000126389   0.0000011498  -0.0000154554   0.0000008171
       -0.0000060389  -0.0000029539  -0.0000008323  -0.0000118770  -0.0000804306
       -0.0000067407   0.0000331604  -0.0000099618  -0.0000421880   0.0000064321
        0.0000161924   0.0000066574  -0.0000007515  -0.0000088804   0.0000023463
        0.0000038463   0.0539136392   0.0760911694   0.0429152651  -0.0021339080
        0.0012929701  -0.0006781501  -0.0000361826  -0.0006985934  -0.0003272725
       -0.0014141760   0.0006738902  -0.0001912116  -0.0002355421   0.0002167590
        0.0000959610  -0.0000000532   0.0000012039  -0.0000219688   0.0000062626
       -0.0000038588  -0.0000111065   0.0000027161  -0.0000048257  -0.0000080467
        0.0000017852  -0.0000069058  -0.0000027750   0.0000045990  -0.0000068268
        0.0000017314   0.0000092279  -0.0000084016  -0.0000047572   0.0000795064
        0.0000434985  -0.0000024439
       -0.0001213841  -0.0000584491  -0.0001088217  -0.0000432065   0.0002379477
       -0.0001358582   0.0013698329  -0.0003971791   0.0008431238  -0.0005681913
       -0.0005328680  -0.0027891200  -0.0624719194  -0.1950588220  -0.1113916734
       -0.0087959053  -0.0215387789  -0.0134343478  -0.0050966366  -0.0017056163
        0.0026918435   0.0002912143   0.0005741501   0.0004303544  -0.0025163199
        0.0017746236  -0.0004263872  -0.0000628768   0.0000177358   0.0000798298
       -0.0000124841  -0.0000285685   0.0000773851  -0.0000133715   0.0000309000
        0.0000294390  -0.0000174176   0.0000009680   0.0000172037  -0.0000116259
        0.0000211448   0.0000320360  -0.0000051516  -0.0000001681   0.0000064334
        0.0000034703   0.0000121163   0.0000054312   0.0000109232   0.0000196297
       -0.0000488707  -0.0000249679  -0.0000051379   0.0000642625   0.0000410831
        0.0000471400  -0.0001537651   0.0000037472   0.0000336020  -0.0000393069
       -0.0000021598   0.0000088645   0.0000252484   0.0000023368  -0.0000156762
        0.0000124109   0.0760911694   0.2180460235   0.1252194749   0.0015192139
        0.0001796106  -0.0003777898  -0.0004582681  -0.0011040771  -0.0007126147
        0.0007037372  -0.0002765888   0.0001191315   0.0000532207  -0.0000822769
        0.0000357007  -0.0000054082   0.0000011413   0.0000027335   0.0000033603
       -0.0000086781  -0.0000073177  -0.0000010453  -0.0000017827  -0.0000025688
       -0.0000014664  -0.0000041809   0.0000049877   0.0000019852  -0.0000060269
        0.0000045642   0.0000083692  -0.0000368832   0.0000075476   0.0001261425
       -0.0001438391  -0.0000807000
        0.0000035073  -0.0000404686   0.0002321452   0.0001503776  -0.0005648680
       -0.0003832640  -0.0008179520   0.0000461735   0.0022110736  -0.0085148862
       -0.0244503397  -0.0196323966  -0.0403673291  -0.1114273203  -0.1239744079
        0.0030175141   0.0081556116   0.0061785718   0.0020712112   0.0018582442
        0.0001710886   0.0003402171   0.0007026834  -0.0000771492   0.0020514057
        0.0000999742  -0.0056583843  -0.0002314582  -0.0000078346  -0.0000562827
        0.0000175044  -0.0000194240   0.0000611474  -0.0000239872   0.0000480770
        0.0000459515  -0.0000250335   0.0000157355   0.0000369736  -0.0000216829
        0.0000196763   0.0000172907  -0.0000067719   0.0000054983   0.0000271244
        0.0000031574   0.0000029067  -0.0000123685  -0.0000093100   0.0000423601
       -0.0000198816  -0.0000203569   0.0000073651   0.0000388546   0.0000107245
        0.0001129354  -0.0000858847  -0.0000389342  -0.0000564341   0.0000662730
       -0.0000419045   0.0001292260  -0.0000455332   0.0000389773   0.0000092419
        0.0000063508   0.0429152651   0.1252194749   0.1409105604  -0.0000945426
        0.0009631098   0.0009844046   0.0002393011   0.0004631313   0.0002299007
       -0.0002008901   0.0001268615   0.0000098751  -0.0005521946  -0.0012297042
       -0.0011875957  -0.0000125721  -0.0000029547  -0.0000079977  -0.0000022172
        0.0000013714  -0.0000144102  -0.0000016068   0.0000000304  -0.0000079471
        0.0000020635  -0.0000062504  -0.0000019377  -0.0000000722  -0.0000051289
        0.0000023034   0.0000110278  -0.0000250771   0.0000015633   0.0001114481
       -0.0001938838  -0.0000660115
       -0.0000980734  -0.0000675092   0.0000365825  -0.0000649776   0.0000078986
        0.0000603646   0.0000411566   0.0002021613   0.0006837610   0.0056956798
       -0.0055465387   0.0016731910  -0.0020946448  -0.0014206433   0.0139049681
       -0.0419249811  -0.0045040092   0.0383597814   0.0017716452  -0.0003389878
       -0.0082605050   0.0057891909  -0.0040736282  -0.0002560512  -0.0001117218
       -0.0000722006  -0.0000721921  -0.0000301821   0.0000079402  -0.0000342320
        0.0000036019   0.0000116387  -0.0000251360  -0.0000023211   0.0000199827
       -0.0000088370  -0.0000039435  -0.0000046552   0.0000132853  -0.0000019645
        0.0000117176  -0.0000154414  -0.0000058888  -0.0000018026   0.0000015828
        0.0000045009  -0.0000019247  -0.0000003842  -0.0000272796   0.0000174353
        0.0000223191   0.0000374401  -0.0000129915  -0.0000058497  -0.0001144976
       -0.0000128324   0.0000428537   0.0000069937  -0.0000049505  -0.0000013021
       -0.0000013339   0.0000154872   0.0000020788  -0.0000186836  -0.0000294135
        0.0000048091  -0.0021339080   0.0015192139  -0.0000945426   0.0364139340
        0.0124208564  -0.0446528103  -0.0018128556   0.0011984758  -0.0007311355
       -0.0000109036  -0.0000167603  -0.0004276769  -0.0013617746   0.0006961888
       -0.0001957064   0.0000013524  -0.0000036173  -0.0000084880  -0.0000056041
        0.0000033629   0.0000031404  -0.0000014779   0.0000014132  -0.0000000203
       -0.0000020635   0.0000028476  -0.0000040973  -0.0000031131   0.0000054216
       -0.0000046944   0.0000054888  -0.0000079771  -0.0000001315   0.0000612094
       -0.0000215996  -0.0000094836
       -0.0001964664  -0.0001296219   0.0000242273   0.0000381382  -0.0002129326
        0.0000346030  -0.0001492981   0.0002804502   0.0012745785  -0.0049585019
       -0.0019602427   0.0017579603  -0.0045479106  -0.0015344953   0.0236681893
       -0.0045727254  -0.0423297163   0.0034603460   0.0028113150  -0.0001924795
       -0.0230463824  -0.0041692997  -0.0018585021  -0.0033584909  -0.0001930975
       -0.0005635692  -0.0000289300   0.0000262495  -0.0000168722  -0.0000086675
       -0.0000052181   0.0000090776  -0.0000148689  -0.0000002253   0.0000183316
        0.0000068481  -0.0000098176  -0.0000026198  -0.0000013981   0.0000083452
        0.0000081449   0.0000051589  -0.0000015073  -0.0000034396  -0.0000093357
        0.0000006666   0.0000124824   0.0000038922  -0.0000097993  -0.0000070009
        0.0000030176  -0.0000012056   0.0000128435   0.0000188047   0.0000123523
       -0.0000142237  -0.0000104113   0.0000074284   0.0000115287  -0.0000172042
       -0.0000056746   0.0000175787   0.0000037104  -0.0000177854  -0.0000492744
        0.0000111799   0.0012929701   0.0001796106   0.0009631098   0.0124208564
        0.0486288004  -0.0030899138   0.0013952816   0.0001822297  -0.0005430015
        0.0001170270  -0.0001245684  -0.0012640711   0.0006702560  -0.0003297496
        0.0000893986   0.0000021912  -0.0000064871  -0.0000046843  -0.0000026042
        0.0000011095   0.0000079824  -0.0000009187  -0.0000003366   0.0000054375
       -0.0000034517   0.0000028010   0.0000021195  -0.0000014078   0.0000024409
       -0.0000012291  -0.0000023129   0.0000037070   0.0000017317   0.0000461510
       -0.0000350045   0.0000562931
        0.0001946250   0.0001788613  -0.0000871848  -0.0003948365  -0.0000534620
        0.0002293865   0.0003267080   0.0000123577  -0.0010567982   0.0019373617
        0.0020293680   0.0004896905   0.0035824349   0.0023691753  -0.0164376285
        0.0382363876   0.0034481021  -0.2911380654   0.0023194440  -0.0014161399
       -0.0206287941  -0.0005674989  -0.0038269453  -0.0010494010  -0.0001522290
       -0.0000569266   0.0010390050   0.0000585964  -0.0000638496  -0.0000170572
       -0.0000133035  -0.0000611097   0.0001054719   0.0000124415  -0.0000049684
        0.0000217437  -0.0000098259  -0.0000059127   0.0000209780  -0.0000119559
        0.0000120926   0.0000391260  -0.0000077344   0.0000029974   0.0000144414
       -0.0000051786   0.0000154373   0.0000045276   0.0000139402  -0.0000002128
       -0.0000752170  -0.0000336969   0.0000183294  -0.0000029885   0.0000363786
        0.0000459011  -0.0000548192  -0.0000152244   0.0000049181  -0.0000069410
        0.0000013946  -0.0000010912   0.0000000336   0.0000357743   0.0000588524
       -0.0000056684  -0.0006781501  -0.0003777898   0.0009844046  -0.0446528103
       -0.0030899138   0.3280120267  -0.0001330628   0.0007091653   0.0008849359
        0.0000984140  -0.0000589508  -0.0011457577  -0.0002018101   0.0001381337
        0.0000241013  -0.0000078253   0.0000086583  -0.0000121766   0.0000136473
       -0.0000122412  -0.0000284727   0.0000053464  -0.0000066692  -0.0000156374
        0.0000068315  -0.0000131567   0.0000005646   0.0000167061  -0.0000202553
        0.0000080864   0.0000199779  -0.0000079749  -0.0000041990  -0.0000312675
        0.0000252199  -0.0001117170
        0.0000335136  -0.0000283969   0.0001836615  -0.0000826472  -0.0001729424
       -0.0000881849  -0.0013817995   0.0008827016   0.0001286645   0.0005438506
        0.0001678256  -0.0005687993   0.0055158840  -0.0038752284  -0.0005477732
       -0.0047124532  -0.0086801244   0.0035813308  -0.0844362924  -0.0940390497
        0.0491821498  -0.0025649828  -0.0044875763   0.0029225038   0.0058831610
       -0.0026604333   0.0019583605  -0.0000778728  -0.0000259510  -0.0000476968
        0.0000163274   0.0000193332  -0.0000294098   0.0000103945  -0.0000007786
        0.0000064869  -0.0000013941   0.0000031379  -0.0000126285  -0.0000021595
        0.0000088923  -0.0000070285  -0.0000046736   0.0000037401  -0.0000043243
       -0.0000023157   0.0000034885   0.0000049548  -0.0000025795   0.0000163768
        0.0000272230   0.0000331157   0.0000069279   0.0000068793   0.0000195263
       -0.0000286386   0.0000146035  -0.0000062635  -0.0000384667   0.0000282618
       -0.0000051779   0.0000076304  -0.0000088053  -0.0000015446   0.0000069809
       -0.0000181217  -0.0000361826  -0.0004582681   0.0002393011  -0.0018128556
        0.0013952816  -0.0001330628   0.0848472775   0.1110298062  -0.0563826954
       -0.0018606070   0.0012559090  -0.0006372090   0.0000579219  -0.0002986512
        0.0002117308  -0.0000023588  -0.0000041319  -0.0000008620  -0.0000058132
        0.0000039525   0.0000042365   0.0000003477   0.0000026654  -0.0000003935
        0.0000018087   0.0000052189  -0.0000017170  -0.0000048059   0.0000103228
       -0.0000039367   0.0000059899  -0.0000174974  -0.0000057268   0.0000356606
       -0.0000140568  -0.0000019734
       -0.0000899567  -0.0001109819   0.0000522008   0.0004282916   0.0002861855
       -0.0003786661   0.0006192780  -0.0003070238   0.0001110414   0.0001853601
        0.0005790607  -0.0004437050  -0.0039566526  -0.0019900418  -0.0036859270
       -0.0118490917  -0.0215367402   0.0093782913  -0.0941356450  -0.2010063759
        0.0845712454  -0.0015232318  -0.0023475913   0.0024990786  -0.0023876646
        0.0024648220  -0.0000167418  -0.0000771092   0.0000694441   0.0000546923
        0.0000007892   0.0000298156  -0.0000746105  -0.0000067543   0.0000237862
       -0.0000066022  -0.0000071935  -0.0000019886   0.0000047769   0.0000111286
        0.0000043950  -0.0000211795  -0.0000007348  -0.0000063078  -0.0000016358
        0.0000103643   0.0000076298   0.0000075875  -0.0000178560   0.0000061479
        0.0000295690   0.0000168526  -0.0000170748   0.0000269925  -0.0000365941
       -0.0000443483  -0.0000010791   0.0000136111  -0.0000001639   0.0000109836
       -0.0000029357  -0.0000000699  -0.0000119487  -0.0000204442  -0.0000294951
       -0.0000083763  -0.0006985934  -0.0011040771   0.0004631313   0.0011984758
        0.0001822297   0.0007091653   0.1110298062   0.2246568951  -0.0929127617
        0.0014685233   0.0003707458  -0.0004304919  -0.0001883614  -0.0001454950
        0.0000024024   0.0000084805  -0.0000111935   0.0000098883  -0.0000116981
        0.0000054329   0.0000214128  -0.0000063284   0.0000002979   0.0000129789
       -0.0000097725   0.0000051487   0.0000007968  -0.0000149223   0.0000119999
       -0.0000066993  -0.0000068126  -0.0000164642  -0.0000014568   0.0000573917
       -0.0000286038   0.0000356465
        0.0000406955   0.0000777049  -0.0000202467  -0.0002241850  -0.0001743657
        0.0001531196  -0.0001180254   0.0001442455   0.0000685656  -0.0001730712
       -0.0006511047  -0.0004324258  -0.0003732911  -0.0031528357  -0.0009843312
       -0.0069475532  -0.0124272585   0.0063798224   0.0490605511   0.0845997057
       -0.0894091895   0.0138837251   0.0241930025  -0.0150451437   0.0015232608
       -0.0004697667  -0.0055834324   0.0000190787  -0.0000397768  -0.0000014590
       -0.0000062567  -0.0000210099   0.0000666419   0.0000050947   0.0000081308
        0.0000188624  -0.0000125735  -0.0000010694   0.0000032117  -0.0000007154
        0.0000081481   0.0000224192  -0.0000062838  -0.0000082763   0.0000052448
        0.0000004080   0.0000025540   0.0000012189  -0.0000013698  -0.0000040437
       -0.0000320359  -0.0000197215   0.0000317069   0.0000022415   0.0000175878
        0.0000320851  -0.0000345703  -0.0000080644  -0.0000022152   0.0000009500
       -0.0000015397   0.0000040978  -0.0000059531   0.0000134517   0.0000137620
       -0.0000039939  -0.0003272725  -0.0007126147   0.0002299007  -0.0007311355
       -0.0005430015   0.0008849359  -0.0563826954  -0.0929127617   0.1039347985
       -0.0000308163   0.0008175629   0.0007112911   0.0007699364   0.0012184871
       -0.0008569665  -0.0000077009  -0.0000035600  -0.0000051600   0.0000055097
       -0.0000073065  -0.0000163750   0.0000029502  -0.0000020493  -0.0000100191
        0.0000063096  -0.0000069814  -0.0000010305   0.0000112554  -0.0000084591
        0.0000065294   0.0000084704   0.0000008958   0.0000021542   0.0000039862
       -0.0000036321  -0.0000495750
       -0.0000033088  -0.0000416012   0.0001606714   0.0003695340  -0.0001163150
       -0.0004116453  -0.0007079928  -0.0004101374   0.0001257058   0.0054680192
       -0.0047779728   0.0024344885  -0.0000550231   0.0002997308  -0.0000021575
        0.0063190936  -0.0026822853   0.0016774655   0.0017249506   0.0024100064
        0.0018000583  -0.0583923917  -0.0612282152  -0.0419645955  -0.0041464114
       -0.0127167577  -0.0072757421  -0.0001119353   0.0000246115  -0.0000841688
        0.0000579074   0.0000088336  -0.0000446858  -0.0000101790   0.0000310054
        0.0000077620  -0.0000023561  -0.0000058321   0.0000192098  -0.0000075725
        0.0000204639   0.0000026070  -0.0000087047   0.0000089249   0.0000116434
       -0.0000083450   0.0000034467  -0.0000037851  -0.0000024856   0.0000293753
       -0.0000045650   0.0000311134  -0.0000059549   0.0000060724  -0.0000568513
       -0.0000590552  -0.0000015198  -0.0000049131  -0.0000338697   0.0000171623
       -0.0000076957   0.0000159290   0.0000004791  -0.0000036156  -0.0000016223
       -0.0000133742  -0.0014141760   0.0007037372  -0.0002008901  -0.0000109036
        0.0001170270   0.0000984140  -0.0018606070   0.0014685233  -0.0000308163
        0.0548791209   0.0756236285   0.0442903811  -0.0020554777   0.0013273783
       -0.0006481472  -0.0000036073  -0.0000065865  -0.0000055630  -0.0000099891
        0.0000012835   0.0000094538  -0.0000029581  -0.0000003390   0.0000050180
       -0.0000016467   0.0000020919   0.0000008707  -0.0000020877   0.0000015412
       -0.0000033608   0.0000097347  -0.0000117935  -0.0000012134   0.0000317611
        0.0000007995   0.0000287667
       -0.0000084710  -0.0001275165   0.0003661781   0.0003995489   0.0000844698
       -0.0004163003  -0.0006122170  -0.0012803508  -0.0005975413  -0.0052824973
       -0.0012331941   0.0021965556   0.0002047370   0.0004196917   0.0007467573
       -0.0024429867   0.0024885022  -0.0005236297  -0.0006344854  -0.0010451404
       -0.0020419941  -0.0612642389  -0.1905274437  -0.1107216631  -0.0092790424
       -0.0220004114  -0.0133416424  -0.0001728631  -0.0000451405  -0.0001538664
        0.0000091971   0.0000427985  -0.0000426958   0.0000015165   0.0000409009
       -0.0000047252  -0.0000189983   0.0000109659   0.0000200195   0.0000105798
        0.0000045631  -0.0000337712   0.0000083976  -0.0000026387  -0.0000023970
       -0.0000016383   0.0000120408   0.0000212790  -0.0000141819   0.0000251180
        0.0000135016   0.0000077000   0.0000367254   0.0000363882  -0.0000046616
       -0.0000258249  -0.0000219363  -0.0000086267  -0.0000833894   0.0000527216
       -0.0000152936   0.0000336330  -0.0000050171  -0.0000090294  -0.0000092976
       -0.0000257426   0.0006738902  -0.0002765888   0.0001268615  -0.0000167603
       -0.0001245684  -0.0000589508   0.0012559090   0.0003707458   0.0008175629
        0.0756236285   0.2131371561   0.1237979554   0.0015633969   0.0001269245
       -0.0003090883   0.0000079490  -0.0000231106   0.0000000117  -0.0000189527
        0.0000080611   0.0000321789  -0.0000110610   0.0000015391   0.0000191428
       -0.0000124624   0.0000104832  -0.0000004598  -0.0000123148   0.0000078871
       -0.0000138130   0.0000036236  -0.0000140180  -0.0000070841   0.0000707090
       -0.0000435726   0.0000752046
       -0.0000496351  -0.0000172255  -0.0000307103   0.0001922775   0.0000835283
       -0.0002281809   0.0000764207   0.0002254173   0.0004385461   0.0021634755
        0.0019918340   0.0001352855   0.0003347034   0.0007107423  -0.0000507742
        0.0019194810   0.0000097665  -0.0058286614  -0.0088987854  -0.0236797897
       -0.0197111541  -0.0417720624  -0.1105355227  -0.1259697446   0.0030871007
        0.0079757944   0.0061104563  -0.0000435624   0.0000674272   0.0001311071
       -0.0000019971   0.0000242375  -0.0000054313  -0.0000005319   0.0000060647
        0.0000083066  -0.0000082420  -0.0000037781   0.0000159445   0.0000103860
        0.0000055339  -0.0000022657  -0.0000049948  -0.0000093241   0.0000086255
        0.0000025106   0.0000058736   0.0000128356  -0.0000048748   0.0000021791
       -0.0000064186  -0.0000034302  -0.0000000290   0.0000246635  -0.0000081482
       -0.0000491201  -0.0000226800   0.0000090524   0.0000128674   0.0000053256
        0.0000004892  -0.0000126305  -0.0000141335  -0.0000141363  -0.0000145600
       -0.0000069601  -0.0001912116   0.0001191315   0.0000098751  -0.0004276769
       -0.0012640711  -0.0011457577  -0.0006372090  -0.0004304919   0.0007112911
        0.0442903811   0.1237979554   0.1444828351  -0.0000354069   0.0009696477
        0.0009918749  -0.0000007844  -0.0000034950   0.0000014408  -0.0000045809
       -0.0000014453  -0.0000028115  -0.0000007765  -0.0000012912  -0.0000010922
       -0.0000042946   0.0000022127  -0.0000030176  -0.0000043856   0.0000046775
       -0.0000103513   0.0000085169  -0.0000081317  -0.0000186967   0.0000219319
        0.0000160150  -0.0000295718
        0.0001001947   0.0000593764   0.0002007183  -0.0001844846  -0.0005267220
       -0.0001667419  -0.0017192621   0.0011875125   0.0001041680   0.0028177912
        0.0011114449  -0.0086205347   0.0051020154  -0.0039734598  -0.0001193578
       -0.0001926681  -0.0000624951  -0.0001762091   0.0051498353  -0.0052959861
        0.0017850142  -0.0025478909  -0.0011937175   0.0141745345  -0.0393482723
       -0.0063415550   0.0362407543  -0.0008324745  -0.0003221773  -0.0001613861
       -0.0001258001  -0.0000435200   0.0001774741  -0.0000300900   0.0000921276
        0.0000442379  -0.0000144425   0.0000416270  -0.0000111969  -0.0000256205
        0.0000181116   0.0000360167  -0.0000026294  -0.0000045717   0.0000211559
        0.0000077149  -0.0000197919  -0.0000026436   0.0000063460   0.0000224857
       -0.0000501221   0.0000389244   0.0000305139   0.0000085098  -0.0002928976
        0.0000498569  -0.0003365594   0.0000068242  -0.0000649430   0.0000511174
        0.0000188400   0.0000647865  -0.0000017351  -0.0000042332   0.0000579942
       -0.0000281180  -0.0002355421   0.0000532207  -0.0005521946  -0.0013617746
        0.0006702560  -0.0002018101   0.0000579219  -0.0001883614   0.0007699364
       -0.0020554777   0.0015633969  -0.0000354069   0.0354986853   0.0131779768
       -0.0432924475   0.0000398908  -0.0000431948   0.0000624680   0.0000334204
       -0.0000281728  -0.0000078778   0.0000102366  -0.0000082217  -0.0000043631
        0.0000135761  -0.0000181673   0.0000076147   0.0000109127  -0.0000183485
        0.0000115097   0.0000117859  -0.0000165783   0.0000239556   0.0000486446
       -0.0000307036   0.0000495192
        0.0000456008  -0.0000877198   0.0000309425  -0.0001504503   0.0003384148
       -0.0001404751   0.0025533060   0.0014766219  -0.0016180848   0.0013972827
       -0.0017331516  -0.0215466403  -0.0039656612  -0.0018839029  -0.0032917011
       -0.0001946478  -0.0005916410   0.0000745256  -0.0051400423  -0.0017762196
        0.0017282759  -0.0040345502  -0.0014197993   0.0234708889  -0.0052773202
       -0.0419398251   0.0053193673  -0.0003643423   0.0001455615   0.0001002019
       -0.0000989844   0.0000965478   0.0000235747  -0.0000165782   0.0000172275
       -0.0000287524   0.0000282537  -0.0000309105   0.0000082379  -0.0000008508
       -0.0000128073  -0.0000047286   0.0000072415  -0.0000112652   0.0000102211
        0.0000191990  -0.0000168562   0.0000060576   0.0000023273  -0.0000212640
        0.0000035457   0.0000282463  -0.0000594085   0.0000534034  -0.0000525489
        0.0001305635  -0.0001140505  -0.0000225136  -0.0000873103   0.0001134113
        0.0000168467   0.0000057751  -0.0000327866   0.0000253415   0.0000486827
       -0.0000205401   0.0002167590  -0.0000822769  -0.0012297042   0.0006961888
       -0.0003297496   0.0001381337  -0.0002986512  -0.0001454950   0.0012184871
        0.0013273783   0.0001269245   0.0009696477   0.0131779768   0.0479777470
       -0.0053368097  -0.0000130862  -0.0000480525   0.0001052317   0.0000182903
       -0.0000237321  -0.0000074731   0.0000018919   0.0000002273  -0.0000025840
       -0.0000003768  -0.0000011332  -0.0000001191  -0.0000007831  -0.0000007468
       -0.0000018926  -0.0000029754  -0.0000088706  -0.0000019324   0.0000722323
       -0.0000521557   0.0000041206
       -0.0000519206   0.0000522758   0.0000838222   0.0000238656  -0.0004626485
       -0.0003013198   0.0002768293   0.0013601692   0.0014665333   0.0025534217
       -0.0011515184  -0.0217637863  -0.0006587871  -0.0037470149  -0.0011421480
       -0.0002524084  -0.0001000034   0.0009479113   0.0021719353   0.0023483204
        0.0004289933   0.0029943959   0.0020736963  -0.0161158636   0.0369268991
        0.0048752950  -0.2905789623  -0.0002911162   0.0000526862   0.0002706314
        0.0001007021   0.0000835831   0.0002704488   0.0000106019  -0.0000087988
        0.0000143137  -0.0000168455   0.0000098229   0.0000433304  -0.0000038521
        0.0000161596  -0.0000073114   0.0000105473  -0.0000241899   0.0000191934
       -0.0000035958  -0.0000123997   0.0000240595   0.0000284041  -0.0000154506
       -0.0000745138  -0.0001020171   0.0001442723   0.0000363247  -0.0000235285
        0.0000679637  -0.0002551104   0.0000066256  -0.0000068422   0.0000662509
       -0.0000072884   0.0000105287  -0.0000563309   0.0000089380  -0.0000030582
       -0.0000428215   0.0000959610   0.0000357007  -0.0011875957  -0.0001957064
        0.0000893986   0.0000241013   0.0002117308   0.0000024024  -0.0008569665
       -0.0006481472  -0.0003090883   0.0009918749  -0.0432924475  -0.0053368097
        0.3278917236  -0.0000096094   0.0000127394  -0.0000469354  -0.0000031427
       -0.0000322107  -0.0000441147   0.0000098337  -0.0000113343  -0.0000064562
        0.0000026226  -0.0000023976  -0.0000076464   0.0000096689  -0.0000192803
       -0.0000125694   0.0000174974  -0.0000074675  -0.0000030531   0.0000999324
        0.0000154989  -0.0000760072
        0.0000889525   0.0000219930   0.0007070606  -0.0005202020  -0.0015701267
        0.0002856196  -0.0002597750   0.0002971528   0.0003790556  -0.0000365621
       -0.0000672336  -0.0000635720  -0.0000018663   0.0000171704  -0.0000143695
        0.0000110483   0.0000105745   0.0000081874   0.0000016214  -0.0000093853
       -0.0000106604  -0.0000132581  -0.0000398646   0.0000185757  -0.0000029223
        0.0000422737   0.0000195573   0.0028429996  -0.0043571695   0.0058273087
       -0.0593113875   0.0511829527  -0.0525045284  -0.0063257738   0.0140312608
       -0.0134035972   0.0037478134   0.0070490602   0.0026686149   0.0000055650
        0.0005374092  -0.0007704034  -0.0006571937  -0.0002155785  -0.0001487648
       -0.0000021864  -0.0000047025   0.0000937469  -0.0008249024  -0.0007616192
       -0.0001246954  -0.0003686335   0.0000589280   0.0002520017   0.0030748903
        0.0023919688   0.0029256541  -0.0001035323   0.0008975344   0.0001998953
       -0.0001276991  -0.0000389587  -0.0000669736  -0.0000239595  -0.0001053781
       -0.0002255232  -0.0000000532  -0.0000054082  -0.0000125721   0.0000013524
        0.0000021912  -0.0000078253  -0.0000023588   0.0000084805  -0.0000077009
       -0.0000036073   0.0000079490  -0.0000007844   0.0000398908  -0.0000130862
       -0.0000096094   0.0601240484  -0.0677412289   0.0547479419  -0.0017726599
       -0.0017003657  -0.0011093386   0.0001506515   0.0000637701  -0.0000085244
       -0.0000568246   0.0000804508  -0.0000630621   0.0001721706   0.0001547672
        0.0000322775   0.0000121136   0.0000232535  -0.0000391106   0.0001422401
       -0.0002490351   0.0004261183
        0.0003308762  -0.0009196971  -0.0009799312  -0.0006832990  -0.0005026563
       -0.0009272489  -0.0002226361  -0.0000311616   0.0004313947   0.0000640018
        0.0001922399  -0.0001349017  -0.0000185329  -0.0000562740   0.0000239396
        0.0000291471   0.0000452210  -0.0000280719   0.0000000347  -0.0000018671
       -0.0000343855   0.0000126321   0.0000125672  -0.0000204462  -0.0000377091
       -0.0000167463   0.0000621900  -0.0009669514   0.0018179229   0.0003972188
        0.0514203516  -0.1401947212   0.1172694913   0.0095823594  -0.0176054315
        0.0169598099   0.0071380998   0.0004401731  -0.0006965298   0.0002858633
       -0.0006081524   0.0010352415  -0.0002072068  -0.0004967394  -0.0001899937
       -0.0000312791   0.0000842762  -0.0000876073  -0.0006849694  -0.0003922658
       -0.0002975453  -0.0001036339   0.0000865659  -0.0005023317   0.0025065531
        0.0022826289   0.0001396728   0.0010513655  -0.0012817826  -0.0005972076
        0.0001479041   0.0000053086   0.0001209954  -0.0000984373  -0.0000614477
       -0.0001752303   0.0000012039   0.0000011413  -0.0000029547  -0.0000036173
       -0.0000064871   0.0000086583  -0.0000041319  -0.0000111935  -0.0000035600
       -0.0000065865  -0.0000231106  -0.0000034950  -0.0000431948  -0.0000480525
        0.0000127394  -0.0677412289   0.1578151275  -0.1318496261  -0.0020476152
       -0.0006241329   0.0000096712   0.0000619298   0.0000928153   0.0000721604
        0.0000637252  -0.0001089100   0.0000717937   0.0001490673   0.0000744428
        0.0000551939   0.0000039447   0.0000043171   0.0000308943   0.0000519697
        0.0000360818  -0.0001699982
       -0.0000486909  -0.0001930366   0.0002066841  -0.0010041803   0.0015590108
       -0.0001257529  -0.0000079484   0.0002101639   0.0000510185  -0.0001409968
       -0.0001001555   0.0000680412   0.0000387157  -0.0000186672   0.0000764839
       -0.0000237175  -0.0000302020   0.0000730064  -0.0000166865  -0.0000416468
        0.0000541013  -0.0000176616  -0.0000439387   0.0000196743   0.0000019672
       -0.0000890830  -0.0000792061  -0.0068821006   0.0172673468  -0.0224466704
       -0.0527409324   0.1180642571  -0.1772769035   0.0008618745  -0.0020569561
        0.0033050813   0.0021323579   0.0001450963   0.0011248219   0.0001882029
       -0.0001632356   0.0000074045  -0.0000955663  -0.0001886971   0.0000554515
        0.0000360910  -0.0000453120   0.0000458697  -0.0002352773  -0.0002185407
        0.0000715775   0.0002864103  -0.0006077333   0.0003068931   0.0032098119
       -0.0002773071  -0.0051319699   0.0007386257  -0.0010614306   0.0006311361
       -0.0001180752   0.0000738045   0.0001993077  -0.0002942030  -0.0003095923
       -0.0003309459  -0.0000219688   0.0000027335  -0.0000079977  -0.0000084880
       -0.0000046843  -0.0000121766  -0.0000008620   0.0000098883  -0.0000051600
       -0.0000055630   0.0000000117   0.0000014408   0.0000624680   0.0001052317
       -0.0000469354   0.0547479419  -0.1318496261   0.1993720298  -0.0001904603
       -0.0012180111   0.0009190355  -0.0000111451   0.0000657915   0.0000663125
       -0.0000236146   0.0000236374   0.0000094235   0.0000310053   0.0000665533
       -0.0000084268   0.0000275532  -0.0000459653   0.0000300010  -0.0004748867
        0.0009702946  -0.0012226512
       -0.0000196788   0.0000472474  -0.0000843357   0.0003985324  -0.0004086644
        0.0006255526  -0.0006423078   0.0000413006   0.0002533570   0.0002072123
        0.0001936394  -0.0001342649  -0.0000521995  -0.0000512021   0.0000581774
        0.0000039621   0.0000174969  -0.0000293930  -0.0000091664  -0.0000158039
        0.0000301375   0.0000281302   0.0000562197  -0.0000232361  -0.0001389572
       -0.0000801409   0.0000232144   0.0033856401   0.0074284917   0.0020475721
       -0.0071999229   0.0041670871   0.0187177640  -0.0658172593   0.0148123908
        0.0801218538   0.0033797060  -0.0006623901  -0.0057512618  -0.0006495811
       -0.0010163526  -0.0016076793  -0.0001107069  -0.0000912920   0.0001877971
       -0.0000555540  -0.0001598892  -0.0000898360  -0.0000802187  -0.0000325096
       -0.0003967136   0.0033183985   0.0035228381  -0.0002809696  -0.0000446739
        0.0000529780  -0.0002862457  -0.0000173448  -0.0000090087   0.0000251184
        0.0000148567  -0.0000065689  -0.0000039632  -0.0000287620  -0.0000460037
        0.0000171256   0.0000062626   0.0000033603  -0.0000022172  -0.0000056041
       -0.0000026042   0.0000136473  -0.0000058132  -0.0000116981   0.0000055097
       -0.0000099891  -0.0000189527  -0.0000045809   0.0000334204   0.0000182903
       -0.0000031427  -0.0017726599  -0.0020476152  -0.0001904603   0.0668311586
       -0.0254525792  -0.0930120184  -0.0000820481   0.0002950838   0.0000498946
        0.0001123707   0.0000883868   0.0000247231   0.0000142258   0.0000056750
        0.0000307982   0.0001773166   0.0002365939  -0.0000161010  -0.0011687453
       -0.0008738044  -0.0003158231
        0.0000358499  -0.0000792760   0.0000074699   0.0000177144   0.0001564919
       -0.0008651232   0.0005114558  -0.0001758660  -0.0000305892  -0.0001220753
       -0.0001294679   0.0000402112   0.0000119385   0.0000528560  -0.0000334589
       -0.0000020219  -0.0000296666   0.0000057674   0.0000075564   0.0000217656
        0.0000123334   0.0000071334  -0.0000042577  -0.0000175462  -0.0000106433
        0.0000144972   0.0000198593   0.0066544845  -0.0000249739  -0.0000977549
        0.0092403340  -0.0038399566  -0.0215270385   0.0143560879  -0.0435367569
       -0.0256808885  -0.0050659699   0.0022493996   0.0167994249  -0.0018286611
        0.0001210929   0.0012099529  -0.0000795836   0.0000774544  -0.0002771135
       -0.0001969447   0.0000428637  -0.0000234277  -0.0003879418   0.0000178521
        0.0008515256   0.0038019314  -0.0002471886   0.0032045412   0.0001614737
       -0.0003854180   0.0002479585   0.0000081317   0.0000178051  -0.0000661527
        0.0000115293  -0.0000088387   0.0000068106   0.0000347858   0.0000498451
       -0.0000103865  -0.0000038588  -0.0000086781   0.0000013714   0.0000033629
        0.0000011095  -0.0000122412   0.0000039525   0.0000054329  -0.0000073065
        0.0000012835   0.0000080611  -0.0000014453  -0.0000281728  -0.0000237321
       -0.0000322107  -0.0017003657  -0.0006241329  -0.0012180111  -0.0254525792
        0.0474235752   0.0276867923   0.0005183599  -0.0004695921  -0.0001616404
        0.0000925484   0.0000796731  -0.0000032455   0.0000253069   0.0000095115
       -0.0000495853   0.0002382184  -0.0000601796   0.0002603328  -0.0008646207
       -0.0007013055  -0.0002391858
        0.0000458985  -0.0000716554   0.0000311617  -0.0002989455   0.0004550778
       -0.0003051055   0.0004338698  -0.0000945192  -0.0001617506  -0.0001836264
       -0.0001534429   0.0001025100   0.0000316812   0.0000737284  -0.0000140869
       -0.0000074204  -0.0000367803   0.0000385156   0.0000038080   0.0000005066
        0.0000165375  -0.0000279620  -0.0000669269   0.0000120829   0.0000638822
        0.0000310308  -0.0000233233   0.0024265783  -0.0005825551   0.0012050903
        0.0045941127  -0.0026364079  -0.0091913682   0.0808774460  -0.0267119787
       -0.2647153898   0.0070916099  -0.0004068658  -0.0244506388   0.0005545052
       -0.0016180406   0.0006952457   0.0001880983  -0.0002922520  -0.0000029685
       -0.0000065347  -0.0001737823   0.0002851173   0.0005470983  -0.0004747500
       -0.0009843451  -0.0009018797   0.0040238564  -0.0020318111  -0.0003623022
        0.0002291489   0.0007124868   0.0000172765  -0.0000073458   0.0000012151
       -0.0000050596  -0.0000284400   0.0000140329   0.0000042568   0.0000203415
       -0.0000343213  -0.0000111065  -0.0000073177  -0.0000144102   0.0000031404
        0.0000079824  -0.0000284727   0.0000042365   0.0000214128  -0.0000163750
        0.0000094538   0.0000321789  -0.0000028115  -0.0000078778  -0.0000074731
       -0.0000441147  -0.0011093386   0.0000096712   0.0009190355  -0.0930120184
        0.0276867923   0.2977898626  -0.0006027172   0.0007014078   0.0004331737
        0.0000217670  -0.0000030188   0.0001108012  -0.0000357978   0.0000513472
        0.0000300386  -0.0000079549   0.0002671575  -0.0003418867  -0.0003381777
       -0.0002380876  -0.0000337273
       -0.0000212080   0.0000412505  -0.0000099990   0.0001504311  -0.0001336061
       -0.0000819916  -0.0000745891   0.0000228872   0.0000445571   0.0000479741
        0.0000169201  -0.0000260354  -0.0000124588  -0.0000201366  -0.0000027234
        0.0000003200   0.0000023143  -0.0000146378  -0.0000000375   0.0000084979
       -0.0000033857   0.0000127881   0.0000210575   0.0000056617  -0.0000333206
       -0.0000055908   0.0000173727  -0.0000456250  -0.0001648677  -0.0000709412
        0.0000659924  -0.0002270543   0.0000031095  -0.0008691863  -0.0016763887
        0.0007504412  -0.0065773702   0.0040400062   0.0180406088  -0.0664135290
        0.0150443529   0.0817778586   0.0030008197  -0.0005777963  -0.0068338785
        0.0056236762   0.0048946301   0.0000785236  -0.0000937923   0.0001409488
       -0.0003864767   0.0014870405   0.0056115839   0.0012287692  -0.0003550105
       -0.0000824249   0.0009147398  -0.0000020590   0.0000021694  -0.0000059129
        0.0000006553   0.0000124027  -0.0000036226  -0.0000020772  -0.0000092174
        0.0000090540   0.0000027161  -0.0000010453  -0.0000016068  -0.0000014779
       -0.0000009187   0.0000053464   0.0000003477  -0.0000063284   0.0000029502
       -0.0000029581  -0.0000110610  -0.0000007765   0.0000102366   0.0000018919
        0.0000098337   0.0001506515   0.0000619298  -0.0000111451  -0.0000820481
        0.0005183599  -0.0006027172   0.0667661270  -0.0251831353  -0.0930717185
       -0.0015844209  -0.0017795028  -0.0011833157   0.0000602940  -0.0000182748
       -0.0003867935  -0.0012244489  -0.0009223243  -0.0003495086   0.0000155472
        0.0003784704   0.0001583600
        0.0000134049  -0.0000430779   0.0000149746  -0.0000604055   0.0001426201
        0.0000564396   0.0000339445  -0.0000415220  -0.0000244538  -0.0000355180
        0.0000021157   0.0000210722   0.0000086371   0.0000121073   0.0000125297
        0.0000015152  -0.0000052467   0.0000104663  -0.0000036151  -0.0000024895
       -0.0000016717  -0.0000030657  -0.0000159641   0.0000083285   0.0000256529
        0.0000002777  -0.0000127664  -0.0001670182   0.0000578512  -0.0000566865
       -0.0002563131   0.0001840577   0.0000683546  -0.0009033642  -0.0000222726
       -0.0020026765   0.0085793138  -0.0030816581  -0.0203621054   0.0153073039
       -0.0440810381  -0.0276992748  -0.0056179220   0.0018798269   0.0181204603
        0.0050766588   0.0012032562   0.0038580655   0.0001019680  -0.0002998688
        0.0002381860   0.0053923820  -0.0012523995   0.0002159394   0.0002751323
       -0.0001349975  -0.0010805232   0.0000047867  -0.0000066306   0.0000040783
       -0.0000015128  -0.0000053416   0.0000039772  -0.0000002839   0.0000056643
       -0.0000105650  -0.0000048257  -0.0000017827   0.0000000304   0.0000014132
       -0.0000003366  -0.0000066692   0.0000026654   0.0000002979  -0.0000020493
       -0.0000003390   0.0000015391  -0.0000012912  -0.0000082217   0.0000002273
       -0.0000113343   0.0000637701   0.0000928153   0.0000657915   0.0002950838
       -0.0004695921   0.0007014078  -0.0251831353   0.0472345273   0.0270623581
       -0.0020841503  -0.0005336796   0.0001835176  -0.0002927631   0.0000070253
        0.0009217430  -0.0009336295  -0.0006894213  -0.0002301144   0.0003724502
       -0.0001368899  -0.0000655387
        0.0000300205  -0.0000501928   0.0000152807  -0.0002023524   0.0002238228
        0.0001061099   0.0001325666  -0.0000228821  -0.0000890428  -0.0000791139
       -0.0000499775   0.0000452465   0.0000237604   0.0000335230   0.0000015043
       -0.0000001841  -0.0000158157   0.0000267745  -0.0000009805  -0.0000103364
        0.0000075402  -0.0000182724  -0.0000449107   0.0000076645   0.0000530982
        0.0000199336  -0.0000283523  -0.0000757401  -0.0000382410   0.0001757478
       -0.0000149310   0.0000458851  -0.0002882055  -0.0014059971   0.0008582258
        0.0009677040   0.0051588075  -0.0031561782  -0.0094283123   0.0810030539
       -0.0266320045  -0.2640489804   0.0075200794  -0.0010500118  -0.0247317353
       -0.0004036220   0.0045043188  -0.0020132826  -0.0003533655   0.0001940086
        0.0006987578   0.0018356837  -0.0006600929   0.0009862149  -0.0000613802
        0.0002451356  -0.0005576160  -0.0000012770   0.0000051019   0.0000145123
        0.0000023177  -0.0000221104   0.0000007983  -0.0000053780   0.0000061451
       -0.0000130879  -0.0000080467  -0.0000025688  -0.0000079471  -0.0000000203
        0.0000054375  -0.0000156374  -0.0000003935   0.0000129789  -0.0000100191
        0.0000050180   0.0000191428  -0.0000010922  -0.0000043631  -0.0000025840
       -0.0000064562  -0.0000085244   0.0000721604   0.0000663125   0.0000498946
       -0.0001616404   0.0004331737  -0.0930717185   0.0270623581   0.2983598483
       -0.0003260357  -0.0009521159   0.0007125294   0.0003993471  -0.0001135434
       -0.0012385674  -0.0003164712  -0.0002558022  -0.0000693778   0.0001445201
       -0.0000671694  -0.0000780072
       -0.0000531949   0.0000603786  -0.0000141311   0.0003217307   0.0000410617
       -0.0000173358  -0.0000833695  -0.0000401306  -0.0000044377   0.0000581975
        0.0000325233  -0.0000149383  -0.0000176720  -0.0000235226   0.0000021793
       -0.0000028558   0.0000033767  -0.0000133337  -0.0000032135   0.0000072817
        0.0000044692   0.0000200670   0.0000371816  -0.0000053998  -0.0000461643
       -0.0000151676   0.0000154506   0.0000528736  -0.0000130258   0.0000622402
       -0.0005324368  -0.0002813816  -0.0002500050  -0.0002353882   0.0004053489
        0.0003702574   0.0058860872   0.0050995323  -0.0002947489  -0.0064089988
        0.0091656008   0.0009964516  -0.1368945044   0.1244918021   0.0338445972
       -0.0067709374   0.0093439779   0.0039125922   0.0033254140   0.0025433380
        0.0032476372   0.0001599877  -0.0005537397  -0.0001389435  -0.0008173523
       -0.0007511344  -0.0003230767   0.0000049621   0.0000016599   0.0000011623
       -0.0000072479   0.0000232753  -0.0000030963  -0.0000024272  -0.0000171989
        0.0000014564   0.0000017852  -0.0000014664   0.0000020635  -0.0000020635
       -0.0000034517   0.0000068315   0.0000018087  -0.0000097725   0.0000063096
       -0.0000016467  -0.0000124624  -0.0000042946   0.0000135761  -0.0000003768
        0.0000026226  -0.0000568246   0.0000637252  -0.0000236146   0.0001123707
        0.0000925484   0.0000217670  -0.0015844209  -0.0020841503  -0.0003260357
        0.1447778760  -0.1468801383  -0.0403865231  -0.0008238312  -0.0011513862
       -0.0008343277  -0.0004321739   0.0004267252   0.0001414780   0.0000399875
       -0.0000008318   0.0000146768
        0.0000114534  -0.0000355063  -0.0000157753  -0.0000760563   0.0003434724
        0.0001516130   0.0001528803  -0.0000907739  -0.0001457765  -0.0000607918
       -0.0000291074   0.0000531966   0.0000068854   0.0000278768   0.0000030979
        0.0000014659  -0.0000106190   0.0000088952  -0.0000007642   0.0000005529
       -0.0000059433  -0.0000125902  -0.0000374951   0.0000119777   0.0000528819
        0.0000189365  -0.0000115814   0.0000290825  -0.0000374558   0.0000730328
       -0.0003547521  -0.0004212490   0.0000886957   0.0007660062  -0.0006794420
       -0.0004863412   0.0049071641   0.0015142927   0.0045463026   0.0141752848
       -0.0173319991  -0.0023059204   0.1244417450  -0.1866220244  -0.0381853414
        0.0044191774  -0.0038476712  -0.0021622499   0.0026586738   0.0027345404
       -0.0004287025  -0.0005044347   0.0002659345   0.0003009516  -0.0007849872
       -0.0003331403  -0.0001209728  -0.0000122121   0.0000218757   0.0000050181
        0.0000081118  -0.0000193502  -0.0000108022  -0.0000001191   0.0000132929
       -0.0000002796  -0.0000069058  -0.0000041809  -0.0000062504   0.0000028476
        0.0000028010  -0.0000131567   0.0000052189   0.0000051487  -0.0000069814
        0.0000020919   0.0000104832   0.0000022127  -0.0000181673  -0.0000011332
       -0.0000023976   0.0000804508  -0.0001089100   0.0000236374   0.0000883868
        0.0000796731  -0.0000030188  -0.0017795028  -0.0005336796  -0.0009521159
       -0.1468801383   0.2053761490   0.0394512930  -0.0014842631  -0.0000264953
        0.0002242984   0.0001481307  -0.0002603288  -0.0000532774   0.0000177458
        0.0000155317  -0.0000273381
       -0.0000111882   0.0000118993   0.0000057706   0.0000304395   0.0000576434
        0.0000148972   0.0000172163  -0.0000147528  -0.0000207374  -0.0000048218
        0.0000064668   0.0000019168   0.0000089913   0.0000001273   0.0000053167
        0.0000011556  -0.0000026536   0.0000119346  -0.0000028917  -0.0000109340
        0.0000090974  -0.0000021624  -0.0000092840   0.0000014368   0.0000061508
        0.0000015610  -0.0000091995   0.0000497550  -0.0000157601  -0.0000545703
       -0.0002812349   0.0001382922  -0.0001434877  -0.0005789007   0.0007292139
        0.0002974410   0.0002270694   0.0038828558  -0.0022773214  -0.0132471782
        0.0166512796   0.0036207287   0.0339929847  -0.0383737656  -0.0541696550
        0.0178804430  -0.0207998825  -0.0071990726   0.0029909253  -0.0000546740
       -0.0049498814  -0.0002456577   0.0003907735  -0.0004693103  -0.0001864488
       -0.0002588415  -0.0000307719   0.0000035310   0.0000000407   0.0000045856
       -0.0000026228   0.0000010726   0.0000004133  -0.0000024480  -0.0000054724
       -0.0000080765  -0.0000027750   0.0000049877  -0.0000019377  -0.0000040973
        0.0000021195   0.0000005646  -0.0000017170   0.0000007968  -0.0000010305
        0.0000008707  -0.0000004598  -0.0000030176   0.0000076147  -0.0000001191
       -0.0000076464  -0.0000630621   0.0000717937   0.0000094235   0.0000247231
       -0.0000032455   0.0001108012  -0.0011833157   0.0001835176   0.0007125294
       -0.0403865231   0.0394512930   0.0644167320   0.0000840746  -0.0010044185
        0.0005892877   0.0009233293  -0.0010945035  -0.0004918620  -0.0000422293
        0.0000630327   0.0000247012
       -0.0000195876   0.0000582783  -0.0000013341   0.0000813392  -0.0000970703
       -0.0001373478  -0.0000918097   0.0000004724   0.0000848878   0.0000690466
        0.0000485124  -0.0000530090  -0.0000123880  -0.0000234980   0.0000096589
        0.0000065651   0.0000102355  -0.0000152243   0.0000060777   0.0000056755
        0.0000057206   0.0000115744   0.0000218209  -0.0000084045  -0.0000465778
       -0.0000186297   0.0000088290  -0.0007278034  -0.0001573940  -0.0001005644
        0.0000301064   0.0000174416   0.0000902487  -0.0008566166  -0.0007806926
       -0.0001492211  -0.0003178385  -0.0000133787   0.0002881601   0.0033807781
        0.0025608777   0.0029384248   0.0033211194  -0.0051373631   0.0066238977
       -0.0594897683   0.0516066527  -0.0509983795  -0.0062945472   0.0140969877
       -0.0133761500   0.0036960882   0.0070626622   0.0027539050  -0.0000315130
        0.0005690111  -0.0007536096   0.0000031794  -0.0000069023  -0.0000015274
       -0.0000020429   0.0000145280  -0.0000020490  -0.0000056589  -0.0000126167
        0.0000004823   0.0000045990   0.0000019852  -0.0000000722  -0.0000031131
       -0.0000014078   0.0000167061  -0.0000048059  -0.0000149223   0.0000112554
       -0.0000020877  -0.0000123148  -0.0000043856   0.0000109127  -0.0000007831
        0.0000096689   0.0001721706   0.0001490673   0.0000310053   0.0000142258
        0.0000253069  -0.0000357978   0.0000602940  -0.0002927631   0.0003993471
       -0.0008238312  -0.0014842631   0.0000840746   0.0593918945  -0.0665589806
        0.0533848023  -0.0016982746  -0.0017018515  -0.0010860926   0.0001682936
        0.0000653163  -0.0000179054
        0.0000437684  -0.0000797724  -0.0000126554  -0.0002112322   0.0001664832
        0.0001984020   0.0001483589  -0.0000591000  -0.0001210242  -0.0000779300
       -0.0000341682   0.0000540768   0.0000081878   0.0000295994   0.0000019190
        0.0000028555  -0.0000054148   0.0000157835  -0.0000069478  -0.0000020247
       -0.0000084119  -0.0000104795  -0.0000344785   0.0000106140   0.0000591491
        0.0000208441   0.0000033753  -0.0000932960  -0.0006267546  -0.0001573383
       -0.0000221340   0.0000897896  -0.0001048334  -0.0007167555  -0.0004061112
       -0.0003508585  -0.0000773317   0.0000531669  -0.0005825295   0.0025155516
        0.0027287192   0.0000232212  -0.0001757442   0.0016002628  -0.0003946703
        0.0515962636  -0.1451836815   0.1174069716   0.0090753896  -0.0174038005
        0.0168612701   0.0071502266   0.0003062365  -0.0006068445   0.0003197675
       -0.0005604177   0.0010423438  -0.0000072016   0.0000145975  -0.0000005665
        0.0000081336  -0.0000335367  -0.0000013107   0.0000018717   0.0000163597
       -0.0000050801  -0.0000068268  -0.0000060269  -0.0000051289   0.0000054216
        0.0000024409  -0.0000202553   0.0000103228   0.0000119999  -0.0000084591
        0.0000015412   0.0000078871   0.0000046775  -0.0000183485  -0.0000007468
       -0.0000192803   0.0001547672   0.0000744428   0.0000665533   0.0000056750
        0.0000095115   0.0000513472  -0.0000182748   0.0000070253  -0.0001135434
       -0.0011513862  -0.0000264953  -0.0010044185  -0.0665589806   0.1598037330
       -0.1322694001  -0.0020005348  -0.0005826719  -0.0000243969   0.0000461524
        0.0001021019   0.0000704503
       -0.0000229429   0.0000298160   0.0000009941   0.0001422983  -0.0001455972
       -0.0000756881  -0.0000935588   0.0000163599   0.0000744476   0.0000396867
        0.0000388926  -0.0000290360  -0.0000026840  -0.0000233033   0.0000075045
        0.0000015134   0.0000066249   0.0000015966   0.0000000384  -0.0000031515
        0.0000088375   0.0000131343   0.0000268193  -0.0000052526  -0.0000333521
       -0.0000141661   0.0000103669  -0.0001460277  -0.0001153847   0.0000960335
        0.0000574279  -0.0000256523   0.0000234901  -0.0002763016  -0.0001805413
        0.0000478773   0.0003702519  -0.0006805439   0.0002689630   0.0032234424
       -0.0003611861  -0.0049868405  -0.0073035835   0.0182879352  -0.0228419076
       -0.0511485867   0.1175589769  -0.1728989051   0.0008513558  -0.0021120798
        0.0034651041   0.0021916111   0.0000878623   0.0012016937   0.0001445644
       -0.0001660568   0.0000191163   0.0000053540  -0.0000044658  -0.0000054573
       -0.0000061372   0.0000141590   0.0000040947   0.0000028802  -0.0000082187
       -0.0000034193   0.0000017314   0.0000045642   0.0000023034  -0.0000046944
       -0.0000012291   0.0000080864  -0.0000039367  -0.0000066993   0.0000065294
       -0.0000033608  -0.0000138130  -0.0000103513   0.0000115097  -0.0000018926
       -0.0000125694   0.0000322775   0.0000551939  -0.0000084268   0.0000307982
       -0.0000495853   0.0000300386  -0.0003867935   0.0009217430  -0.0012385674
       -0.0008343277   0.0002242984   0.0005892877   0.0533848023  -0.1322694001
        0.1953384682  -0.0002352823  -0.0011529057   0.0008529111  -0.0000031080
        0.0000626271   0.0000586766
       -0.0000131651   0.0000062590   0.0000072618   0.0001013489   0.0001636770
        0.0000172545   0.0000191183  -0.0000607997  -0.0000305510   0.0000173194
        0.0000303710  -0.0000232386   0.0000238620   0.0000214081   0.0000149053
       -0.0000059465  -0.0000038669   0.0000308229  -0.0000075177  -0.0000414497
        0.0000088289  -0.0000002169  -0.0000219773  -0.0000311811   0.0000064262
       -0.0000124905  -0.0000330704  -0.0000993072  -0.0000827724   0.0001930180
       -0.0000512909  -0.0001533498  -0.0001135631  -0.0000510315  -0.0000030574
       -0.0003940616   0.0033380726   0.0035392128  -0.0003098946  -0.0001061187
        0.0001162801  -0.0003364813   0.0035275673   0.0070856032   0.0020070349
       -0.0070675345   0.0039089083   0.0186721243  -0.0671140204   0.0151753417
        0.0821289876   0.0031499519  -0.0005170210  -0.0056229529  -0.0006339644
       -0.0010868599  -0.0016513194   0.0000002429  -0.0000040094   0.0000046958
       -0.0000001715   0.0000026273  -0.0000037701  -0.0000084116  -0.0000068390
        0.0000026274   0.0000092279   0.0000083692   0.0000110278   0.0000054888
       -0.0000023129   0.0000199779   0.0000059899  -0.0000068126   0.0000084704
        0.0000097347   0.0000036236   0.0000085169   0.0000117859  -0.0000029754
        0.0000174974   0.0000121136   0.0000039447   0.0000275532   0.0001773166
        0.0002382184  -0.0000079549  -0.0012244489  -0.0009336295  -0.0003164712
       -0.0004321739   0.0001481307   0.0009233293  -0.0016982746  -0.0020005348
       -0.0002352823   0.0681434863  -0.0258394888  -0.0949984732  -0.0000454588
        0.0003282717   0.0000043315
       -0.0000246561   0.0000002662  -0.0000103342   0.0000740395   0.0000909146
        0.0000422147  -0.0000035458  -0.0000825590  -0.0000500104   0.0000428350
        0.0000153682   0.0000314501  -0.0000200384   0.0000109730   0.0000093215
        0.0000184041   0.0000384473  -0.0000232305   0.0000103860   0.0000110956
       -0.0000081531   0.0000052068   0.0000078757  -0.0000024036   0.0000013674
        0.0000181612   0.0000240200  -0.0000752850   0.0000701389  -0.0002417717
       -0.0001919544   0.0000754616  -0.0000256090  -0.0003683285   0.0000331190
        0.0008468254   0.0037651231  -0.0002273415   0.0031890515   0.0001434432
       -0.0003426243   0.0001614565   0.0069461396   0.0000371465   0.0002035118
        0.0090987798  -0.0036045795  -0.0215830596   0.0149142542  -0.0440074542
       -0.0261521050  -0.0052339262   0.0023007727   0.0166449067  -0.0017945001
        0.0000955986   0.0012367385  -0.0000056877   0.0000173369  -0.0000149970
        0.0000076705   0.0000010581  -0.0000078813  -0.0000057393   0.0000037997
        0.0000082835  -0.0000084016  -0.0000368832  -0.0000250771  -0.0000079771
        0.0000037070  -0.0000079749  -0.0000174974  -0.0000164642   0.0000008958
       -0.0000117935  -0.0000140180  -0.0000081317  -0.0000165783  -0.0000088706
       -0.0000074675   0.0000232535   0.0000043171  -0.0000459653   0.0002365939
       -0.0000601796   0.0002671575  -0.0009223243  -0.0006894213  -0.0002558022
        0.0004267252  -0.0002603288  -0.0010945035  -0.0017018515  -0.0005826719
       -0.0011529057  -0.0258394888   0.0476005797   0.0281868459   0.0005353521
       -0.0005027418  -0.0001352963
       -0.0000263087   0.0000007131   0.0000323981   0.0003301818  -0.0002146070
       -0.0001221115  -0.0001519428  -0.0000781321   0.0001373461   0.0000429963
        0.0002080455  -0.0000871973   0.0000323839  -0.0000269608   0.0000844240
       -0.0000008591   0.0000083040   0.0000630117  -0.0000072290  -0.0000519076
        0.0000487943  -0.0000093334  -0.0000289837  -0.0000243856  -0.0000337780
       -0.0000417590  -0.0000953108   0.0000537920  -0.0000454807   0.0000399566
        0.0000072455  -0.0001265445   0.0002608979   0.0005482559  -0.0004657518
       -0.0009720074  -0.0009318099   0.0040396476  -0.0020002895  -0.0003595993
        0.0001888209   0.0007274148   0.0025035128  -0.0004291253   0.0013020774
        0.0044087214  -0.0024026462  -0.0089283557   0.0827335490  -0.0272610516
       -0.2637277475   0.0072134181  -0.0004644123  -0.0245216771   0.0005567632
       -0.0016958714   0.0007076155   0.0000153646  -0.0000248707  -0.0000008737
       -0.0000198778   0.0000248487   0.0000111464   0.0000143773  -0.0000117310
       -0.0000167597  -0.0000047572   0.0000075476   0.0000015633  -0.0000001315
        0.0000017317  -0.0000041990  -0.0000057268  -0.0000014568   0.0000021542
       -0.0000012134  -0.0000070841  -0.0000186967   0.0000239556  -0.0000019324
       -0.0000030531  -0.0000391106   0.0000308943   0.0000300010  -0.0000161010
        0.0002603328  -0.0003418867  -0.0003495086  -0.0002301144  -0.0000693778
        0.0001414780  -0.0000532774  -0.0004918620  -0.0010860926  -0.0000243969
        0.0008529111  -0.0949984732   0.0281868459   0.2966730870  -0.0005841426
        0.0007303653   0.0004509914
        0.0001501545  -0.0002442443   0.0002077078  -0.0020721037  -0.0013998864
       -0.0008608563   0.0001893526   0.0010416965  -0.0000340036  -0.0015657221
        0.0002860557  -0.0004886037  -0.0008708297   0.0001629119   0.0007613614
       -0.0000503161  -0.0000700108   0.0001532651  -0.0000374854  -0.0001285086
        0.0000456583  -0.0000163171   0.0000178282  -0.0000956799  -0.0007172703
       -0.0003413318  -0.0005292631   0.0037756465  -0.0020770220  -0.0069121896
        0.0049411997   0.0048462351   0.0000809576  -0.0001182634   0.0001073476
       -0.0003292309   0.0014775475   0.0055961742   0.0011816656  -0.0004276764
       -0.0001183192   0.0008762961  -0.0000084899  -0.0002216998  -0.0000789269
        0.0000176926  -0.0002422644   0.0000132317  -0.0009013394  -0.0017192440
        0.0007653773  -0.0062024714   0.0046091221   0.0181609071  -0.0630432819
        0.0151616243   0.0785323888   0.0000014701  -0.0000941459   0.0000489722
        0.0000050681  -0.0000441966   0.0000566192  -0.0000181937  -0.0000451389
        0.0000078619   0.0000795064   0.0001261425   0.0001114481   0.0000612094
        0.0000461510  -0.0000312675   0.0000356606   0.0000573917   0.0000039862
        0.0000317611   0.0000707090   0.0000219319   0.0000486446   0.0000722323
        0.0000999324   0.0001422401   0.0000519697  -0.0004748867  -0.0011687453
       -0.0008646207  -0.0003381777   0.0000155472   0.0003724502   0.0001445201
        0.0000399875   0.0000177458  -0.0000422293   0.0001682936   0.0000461524
       -0.0000031080  -0.0000454588   0.0005353521  -0.0005841426   0.0660829825
       -0.0256146590  -0.0904715229
        0.0000646039  -0.0001150648  -0.0000352737  -0.0023405080  -0.0006638236
        0.0010307728  -0.0003305403  -0.0000288307   0.0004954895   0.0006147832
        0.0005951327  -0.0002071961   0.0002532623   0.0002781579  -0.0000392231
        0.0000307868   0.0000420587   0.0000653391  -0.0000330876  -0.0001543662
       -0.0000070820  -0.0000709225  -0.0001354986  -0.0000901474  -0.0001292001
        0.0001299335  -0.0000587691  -0.0046052623   0.0012870787   0.0170502085
        0.0049219216   0.0009262077   0.0037812118   0.0000910193  -0.0003080579
        0.0001382072   0.0053600717  -0.0011012149   0.0002120651   0.0002186955
       -0.0001864704  -0.0010464400  -0.0002035138   0.0000928233  -0.0000804914
       -0.0002813229   0.0001875126   0.0000917990  -0.0008878646  -0.0000968332
       -0.0020433206   0.0086890148  -0.0029424395  -0.0203242194   0.0145750787
       -0.0438340398  -0.0275232880  -0.0000185045   0.0000614912  -0.0000540521
        0.0000474083  -0.0000415967   0.0000215062   0.0000224145   0.0000618183
        0.0000319794   0.0000434985  -0.0001438391  -0.0001938838  -0.0000215996
       -0.0000350045   0.0000252199  -0.0000140568  -0.0000286038  -0.0000036321
        0.0000007995  -0.0000435726   0.0000160150  -0.0000307036  -0.0000521557
        0.0000154989  -0.0002490351   0.0000360818   0.0009702946  -0.0008738044
       -0.0007013055  -0.0002380876   0.0003784704  -0.0001368899  -0.0000671694
       -0.0000008318   0.0000155317   0.0000630327   0.0000653163   0.0001021019
        0.0000626271   0.0003282717  -0.0005027418   0.0007303653  -0.0256146590
        0.0474364193   0.0272106437
        0.0001092552  -0.0002402594   0.0001720278   0.0007143583  -0.0007990606
       -0.0004655747  -0.0004935883  -0.0001636419   0.0005121470  -0.0003966918
        0.0003040567   0.0004154911   0.0006523457  -0.0000335679   0.0002564879
        0.0000038963  -0.0000890666   0.0000314923   0.0000162781   0.0000301482
        0.0001300780  -0.0000059409  -0.0000931563  -0.0000368524  -0.0000993908
       -0.0003665509  -0.0003576409   0.0069748352  -0.0002960147  -0.0246436070
       -0.0004102774   0.0043831791  -0.0022523972  -0.0003191220   0.0001054353
        0.0006756696   0.0017876614  -0.0006171334   0.0008611622  -0.0000551459
        0.0002110993  -0.0005252949  -0.0001517908   0.0000869359   0.0001690469
       -0.0000316979   0.0000988095  -0.0002528208  -0.0014058001   0.0008795757
        0.0010411799   0.0050996076  -0.0032160981  -0.0094005379   0.0781236096
       -0.0266298936  -0.2667803368   0.0000719590  -0.0001621405   0.0000883749
       -0.0000621829  -0.0000554403   0.0000801045   0.0000152024  -0.0000715171
       -0.0000878312  -0.0000024439  -0.0000807000  -0.0000660115  -0.0000094836
        0.0000562931  -0.0001117170  -0.0000019734   0.0000356465  -0.0000495750
        0.0000287667   0.0000752046  -0.0000295718   0.0000495192   0.0000041206
       -0.0000760072   0.0004261183  -0.0001699982  -0.0012226512  -0.0003158231
       -0.0002391858  -0.0000337273   0.0001583600  -0.0000655387  -0.0000780072
        0.0000146768  -0.0000273381   0.0000247012  -0.0000179054   0.0000704503
        0.0000586766   0.0000043315  -0.0001352963   0.0004509914  -0.0904715229
        0.0272106437   0.3015025304
