34
 energy: -49.103145265180 gnorm: 0.093458167657 xtb: 6.7.1 (edcfbbe)
C           -0.08220260360000        3.71959992900000       -0.91342627450000
C           -0.54658595130000        2.38525587100000       -0.37536764960000
N           -1.64899629040000        2.37161637370000        0.31464694610000
C           -2.18295949990000        1.17197403050000        0.80495693530000
C           -2.17141665800000        0.92677289270000        2.18029110060000
C           -2.71243917090000       -0.25263991680000        2.69605011810000
C           -3.28463480260000       -1.18908485210000        1.83633841090000
C           -3.32543221030000       -0.94121599060000        0.46494880900000
C           -2.78456832940000        0.24031584220000       -0.04646990520000
C            0.30691742010000        1.21675216700000       -0.70009190110000
C            0.50609033800000        0.86775167320000       -2.03608621580000
C            1.31867668620000       -0.22323197940000       -2.34837121630000
C            1.93970693020000       -0.96944057540000       -1.33259079900000
C            2.75794064620000       -2.07023703630000       -1.63189008120000
C            3.36850470500000       -2.80342897280000       -0.61295738900000
C            3.16896040680000       -2.44654045590000        0.71743286230000
C            2.35879213150000       -1.35492196200000        1.03322926540000
C            1.73796663440000       -0.60637806190000        0.02087046200000
C            0.92197181500000        0.49353453950000        0.32478715840000
H           -0.75129047460000        4.03350749870000       -1.71986369330000
H           -0.11596135620000        4.46498802320000       -0.11305767460000
H            0.94104256070000        3.66787269340000       -1.29508211580000
H           -1.73721502010000        1.66369443340000        2.84985518760000
H           -2.69267088650000       -0.43555074130000        3.76678756600000
H           -3.70794506200000       -2.10702151790000        2.23563222820000
H           -3.78227302090000       -1.66309414160000       -0.20633551260000
H           -2.83152360880000        0.43761172740000       -1.11317743230000
H            0.02623181570000        1.42821534090000       -2.83382053220000
H            1.46284203280000       -0.49133971480000       -3.39287720030000
H            2.92602199270000       -2.36686864890000       -2.66481682650000
H            3.99881108200000       -3.65407628700000       -0.85910654010000
H            3.64252746360000       -3.01831474290000        1.51132356600000
H            2.21250937770000       -1.09379708900000        2.07915451440000
H            0.76260090680000        0.78829586350000        1.35908382910000
34
 energy: -49.108685219817 gnorm: 0.035241532462 xtb: 6.7.1 (edcfbbe)
C           -0.09206101348044        3.71195471577544       -0.90756899815378
C           -0.55058394039906        2.38168390453040       -0.37260532082031
N           -1.62217556186722        2.34985022862398        0.31342707708686
C           -2.15628197911310        1.15719946224921        0.80292721292019
C           -2.16680184082512        0.92274741527713        2.17783582986564
C           -2.71695870101883       -0.24233041301785        2.68577969670143
C           -3.28591330814730       -1.17525359818570        1.83215406729518
C           -3.32425883788325       -0.92648533151952        0.46881976686166
C           -2.76593830133171        0.23263533346559       -0.04517332057506
C            0.30152729212645        1.21226418241795       -0.69101754785330
C            0.51430198750020        0.85825139249180       -2.03136084023772
C            1.31187143119964       -0.21853409451162       -2.34512619075463
C            1.93850258051022       -0.97146915587167       -1.33465509416724
C            2.76090019090034       -2.07393200725851       -1.62850651082011
C            3.36065168858330       -2.79319881600982       -0.61878574863580
C            3.15966370192237       -2.43499207719125        0.71604723271318
C            2.36105607164281       -1.35911346700274        1.03383260852927
C            1.73374175280694       -0.60687679550394        0.02409320848414
C            0.90461935376793        0.48963440706759        0.32103260041990
H           -0.75455365697731        4.03260249444550       -1.71084924430448
H           -0.13661132561032        4.46110210341236       -0.11853289320273
H            0.92642498279724        3.65197214736706       -1.28878988197413
H           -1.72518940999607        1.65300269547779        2.84330215075250
H           -2.69357594439090       -0.42661298016006        3.75166075171297
H           -3.70340418049927       -2.09169333644195        2.22902188051929
H           -3.77763378991077       -1.64561984451393       -0.20050356305557
H           -2.80547815972944        0.42864220714520       -1.10892053917771
H            0.03725843563912        1.42107709915183       -2.82253943540960
H            1.46006458941370       -0.48721425750116       -3.38310912961756
H            2.92451949070667       -2.36353269554586       -2.65845716035409
H            3.98947731629336       -3.63979283712636       -0.86156250404962
H            3.63266430328205       -3.00519618169219        1.50484014995463
H            2.21131387465176       -1.09391146547066        2.07236630549596
H            0.74886090733600        0.78171577832599        1.35092338385063
34
 energy: -49.109679864216 gnorm: 0.009125987061 xtb: 6.7.1 (edcfbbe)
C           -0.09932846027627        3.71145927302529       -0.90962408369716
C           -0.55213879827037        2.38490029628138       -0.37224093920450
N           -1.60574807247387        2.33403145646511        0.31996424585561
C           -2.14318656018264        1.14992829306161        0.80778390431222
C           -2.15955996838467        0.91764396858318        2.18229513646065
C           -2.71646764095558       -0.24098846682436        2.68439656420495
C           -3.28961883823215       -1.17009037366889        1.83210720603994
C           -3.31673671851961       -0.92264965946182        0.47041896800770
C           -2.74814930512894        0.22624780749942       -0.04326331548966
C            0.30462155973053        1.21650102982796       -0.68873181732430
C            0.52334032625514        0.85692398044765       -2.03330994499308
C            1.30868018438110       -0.21491847772179       -2.34565589687257
C            1.93555841655233       -0.97399499908159       -1.33609443530746
C            2.76213576293607       -2.07769987740902       -1.62651187683058
C            3.35666790341414       -2.78919013607848       -0.62187899956812
C            3.15290042868474       -2.42910200667935        0.71773328830648
C            2.35690924488134       -1.36374359890979        1.03421094554171
C            1.72644160933946       -0.60990429033598        0.02334135116381
C            0.89421440247901        0.48847646719357        0.31514832329194
H           -0.75990359018788        4.02908368463949       -1.71427205189947
H           -0.15592199781257        4.46219143743520       -0.12547494266174
H            0.91828546381600        3.65017972108035       -1.28702473129798
H           -1.71166316264698        1.64485969179817        2.84411067123582
H           -2.70318154577803       -0.42083608868498        3.74960540804508
H           -3.71681392467247       -2.07983040928779        2.22773633224831
H           -3.77669890338228       -1.63490786751380       -0.19939237553809
H           -2.76797170837198        0.41894232439836       -1.10713626325309
H            0.04785378470431        1.42662713950152       -2.81841565925787
H            1.46256684813783       -0.48929936698741       -3.37930646648681
H            2.92155792074245       -2.35729810031756       -2.65800684631948
H            3.98698344260338       -3.63389754481660       -0.85874286205729
H            3.62843995508815       -2.99921279988019        1.50242536046109
H            2.20194961068237       -1.08860413905992        2.06751243250014
H            0.73398233074790        0.76874784418119        1.34629337038382
34
 energy: -49.109898713895 gnorm: 0.005457919477 xtb: 6.7.1 (edcfbbe)
C           -0.10555844223410        3.71587166550718       -0.91423234822167
C           -0.54942152020600        2.38885780182586       -0.37384436446533
N           -1.59726072907576        2.32636524474410        0.32761346697365
C           -2.13231012311049        1.14450806475988        0.81392301248413
C           -2.15537940708800        0.91389466861004        2.18906547471781
C           -2.72260849144804       -0.24065170611524        2.68907002902848
C           -3.29894135350900       -1.16712543021264        1.83517822423953
C           -3.31432424909364       -0.92255748705107        0.47232693130149
C           -2.73321802200938        0.22051335312497       -0.04050722899985
C            0.30977879445301        1.22125673910417       -0.69196326342580
C            0.53151808176080        0.86174822106785       -2.03829921281049
C            1.31116921137678       -0.21321437715337       -2.34879524035680
C            1.93439070814999       -0.97532138374496       -1.33742955410862
C            2.76214070710755       -2.07979976664247       -1.62673755583262
C            3.35555666030400       -2.79007713125708       -0.62191477420739
C            3.14915638822144       -2.42934312367982        0.71937187579167
C            2.35116986751711       -1.36636257498637        1.03388990417257
C            1.72197231681725       -0.61261496792054        0.02054869062797
C            0.88996955158927        0.48681517522991        0.31091584350707
H           -0.76587268822129        4.02550020890555       -1.72270238828122
H           -0.17099961916300        4.46932784409873       -0.13306222235352
H            0.91333078815614        3.65898033643742       -1.28776196356635
H           -1.70417364796475        1.63976473839420        2.84996594973243
H           -2.71275648012227       -0.42078599746271        3.75445278618137
H           -3.73341892496893       -2.07355587546934        2.22976942981154
H           -3.77305197496835       -1.63383674076488       -0.19966657807940
H           -2.74011180324289        0.41164566489411       -1.10493637084833
H            0.05838891810053        1.43754150671625       -2.82076394898675
H            1.46749920983268       -0.49279778912675       -3.38098765853768
H            2.92060570454289       -2.35407940008480       -2.66009113401228
H            3.98878593295964       -3.63385698310135       -0.85429269109278
H            3.62726659627024       -2.99954006838563        1.50245329279720
H            2.19063040753900       -1.08623198506822        2.06534142934639
H            0.72607763162754        0.75973776750723        1.34410215747360
34
 energy: -49.110125270644 gnorm: 0.006014365526 xtb: 6.7.1 (edcfbbe)
C           -0.12014625022674        3.72370682514252       -0.92488219063585
C           -0.54210627998573        2.39413821438824       -0.37674018614071
N           -1.57881176801797        2.31465059960406        0.34392107345434
C           -2.11095381666692        1.13561691010982        0.82763042831497
C           -2.14914945710371        0.90726075685406        2.20394674384569
C           -2.73501109770099       -0.24059803027891        2.70000183577527
C           -3.31522473921121       -1.16208719550021        1.84193755258116
C           -3.30614751345261       -0.92432234577028        0.47676200227061
C           -2.70370139743132        0.20980680326976       -0.03283725462799
C            0.31984989817146        1.22863620875969       -0.70015255366360
C            0.54948624255905        0.87333377791067       -2.04842155739913
C            1.32022628722643       -0.20914216309761       -2.35576317484754
C            1.93367511843442       -0.97706771666622       -1.34066434177800
C            2.76263815529367       -2.08251532552780       -1.62840020693807
C            3.35396317704427       -2.79202431172268       -0.62166288788237
C            3.14157390840175       -2.43186017505800        0.72111512065876
C            2.33859014684550       -1.37193446653860        1.03242730246151
C            1.71448645404655       -0.61798073659748        0.01449641553331
C            0.88364042527563        0.48275917412992        0.30338814474422
H           -0.77971685059695        4.01303260017143       -1.74284295536231
H           -0.20587113488348        4.48441381490121       -0.15142770081276
H            0.90277061795981        3.68145115923499       -1.28960022319538
H           -1.69508022777359        1.63065728830566        2.86571826457325
H           -2.73849183656652       -0.41919059966707        3.76642130501234
H           -3.77139897544969       -2.05898987452359        2.23511849028714
H           -3.76316726207349       -1.63368750704961       -0.19934352427189
H           -2.68729440182695        0.39696305834331       -1.09825826832640
H            0.08461298029405        1.46086660132511       -2.82801145364041
H            1.48119881560762       -0.49504716371484       -3.38627445034098
H            2.92147747582205       -2.35045053253231       -2.66399726630657
H            3.99155440854445       -3.63493844123391       -0.84660774726386
H            3.62216359184678       -3.00319924419117        1.50227892762863
H            2.16767202132897       -1.08671649546098        2.06152848552972
H            0.71269328416531        0.74503474538135        1.33919585076296
34
 energy: -49.110249045575 gnorm: 0.006983393319 xtb: 6.7.1 (edcfbbe)
C           -0.13260365686477        3.72674753416817       -0.93335731075152
C           -0.53680710088535        2.39493411123411       -0.37820726411817
N           -1.56455249633109        2.30857351819460        0.35600144055452
C           -2.09595385668751        1.13057990241005        0.83873182588846
C           -2.14758091436709        0.90431310465492        2.21559182660716
C           -2.74651187215308       -0.23847568514469        2.70881657686411
C           -3.32636495980046       -1.15733062203622        1.84742559332885
C           -3.29852702223317       -0.92555714492301        0.48108731621345
C           -2.68229440847913        0.20266774613344       -0.02524414365158
C            0.32672068296278        1.23215137002549       -0.70654768409579
C            0.56429099376331        0.88230346182674       -2.05500012113474
C            1.33088550493053       -0.20421422980854       -2.36091450243746
C            1.93552274770330       -0.97716058826859       -1.34387900548046
C            2.76417668382808       -2.08340060441033       -1.63051351749332
C            3.35223898901463       -2.79383161273417       -0.62196711178660
C            3.13483301200672       -2.43563246617884        0.72082043887217
C            2.32913107534226       -1.37698274692854        1.03056880680074
C            1.71065425434285       -0.62145651039355        0.01014420388051
C            0.88072343216651        0.47981436524378        0.29828700971818
H           -0.79045446168529        3.99737652925956       -1.75994592598319
H           -0.23741490357452        4.49350031550707       -0.16740625163871
H            0.89419975027931        3.69944887030525       -1.28996003426516
H           -1.69423640611280        1.62592628965959        2.87994911804681
H           -2.76131912264925       -0.41528336899366        3.77578705666832
H           -3.79715660176267       -2.04771948162171        2.23903257198005
H           -3.75209400090157       -1.63467719695445       -0.19793931146293
H           -2.65124239236029        0.38612009327766       -1.09103622028961
H            0.10775335777188        1.47679072961524       -2.83447289513697
H            1.49616412283749       -0.48977855147530       -3.39104895924776
H            2.92571987551377       -2.34966005436704       -2.66626871439348
H            3.99191393015330       -3.63622641896892       -0.84355771238766
H            3.61444093367748       -3.00834557944707        1.50178767313987
H            2.15174146259971       -1.09240293912864        2.05886251654196
H            0.70400336785404        0.73746407296841        1.33437271065005
34
 energy: -49.110455796391 gnorm: 0.006321273562 xtb: 6.7.1 (edcfbbe)
C           -0.15301561842275        3.72763243316613       -0.94689817584440
C           -0.53029308768526        2.39277178950074       -0.37996423132981
N           -1.54311778038491        2.30288800131724        0.37527431247136
C           -2.07541846212632        1.12573741534855        0.85739699398878
C           -2.14935424183574        0.90310523456210        2.23433660372522
C           -2.76551377869104       -0.23282760273857        2.72268481633157
C           -3.34030400055414       -1.14948830599884        1.85581036163547
C           -3.28450140245394       -0.92679580627140        0.48867113617769
C           -2.65073461848195        0.19393541286148       -0.01134040313796
C            0.33510871219298        1.23511694602232       -0.71649379636769
C            0.58745485301700        0.89575711063191       -2.06391205233650
C            1.35143884293763       -0.19427041144664       -2.36860774648145
C            1.94135453562137       -0.97580139982964       -1.34982455968375
C            2.76850991826430       -2.08332120065165       -1.63454271273605
C            3.34937074954504       -2.79706983301995       -0.62304423332455
C            3.12315858334542       -2.44369971040438        0.71879605907724
C            2.31448952390902       -1.38596839338458        1.02679827348696
C            1.70646099454509       -0.62618914122430        0.00370078263725
C            0.87717297240766        0.47505047714308        0.29061770273237
H           -0.80466866108369        3.96562489981620       -1.78973149476770
H           -0.29305286383739        4.50371066220714       -0.19474270286392
H            0.88088627244546        3.72634081323653       -1.28715827190322
H           -1.70057309227728        1.62224968308293        2.90473853144871
H           -2.79964838162682       -0.40572816735802        3.79016318080338
H           -3.83020382249652       -2.03129902916861        2.24388400120447
H           -3.73035166360653       -1.63660728594026       -0.19488794692097
H           -2.59944237611742        0.37096085536184       -1.07735588295604
H            0.14524533211810        1.49817942228798       -2.84544803185022
H            1.52489614827793       -0.47363863861738       -3.39910315843727
H            2.93711214195115       -2.34963345901194       -2.66908642118382
H            3.99052289250854       -3.63904008148348       -0.84221264867008
H            3.59764108353734       -3.01912985540941        1.50106631024902
H            2.12853239467067       -1.10680806348644        2.05487728854762
H            0.69083790028689        0.72883144160060        1.32553811627845
34
 energy: -49.110677497718 gnorm: 0.006019225640 xtb: 6.7.1 (edcfbbe)
C           -0.17846859653905        3.72431607305005       -0.96402743414577
C           -0.52586606833273        2.38758410589672       -0.38154215512688
N           -1.52019722518777        2.29890762923168        0.39830001177514
C           -2.05439715784227        1.12234536809164        0.88081332731030
C           -2.15672451753017        0.90622140137437        2.25712798320157
C           -2.79014650403042       -0.22265296689640        2.73949424620087
C           -3.35402357772451       -1.13988172288558        1.86657584693803
C           -3.26586381485461       -0.92809703134510        0.49941023391254
C           -2.61467040250131        0.18510134893690        0.00706859712266
C            0.34237683190618        1.23684188639020       -0.72727677233864
C            0.61536172266252        0.91156414119403       -2.07272076779282
C            1.38127522879268       -0.17831515862948       -2.37695104712228
C            1.95325175205139       -0.97148298750133       -1.35781344978053
C            2.77750737107097       -2.08101325647883       -1.64006151134506
C            3.34574609493309       -2.80227713022541       -0.62573274648430
C            3.10754151521429       -2.45664639824681        0.71472199756747
C            2.29810926320479       -1.39836963888022        1.02113167711290
C            1.70434581089124       -0.63059667506318       -0.00362208517535
C            0.87404852233163        0.46938366894647        0.28148397955759
H           -0.81678430517933        3.92058239183402       -1.82939724544336
H           -0.36626799906193        4.51040017029403       -0.23124277004573
H            0.86405510915949        3.75444889220859       -1.27976746488566
H           -1.71753002034521        1.62417385014291        2.93541098111278
H           -2.84856781925287       -0.38891189285909        3.80711287254227
H           -3.86149209675822       -2.01365069301984        2.24968264786201
H           -3.70067612028648       -1.63976213070169       -0.18916066326083
H           -2.54112715809867        0.35399014346269       -1.05896382471911
H            0.19010819740531        1.52065522119082       -2.85811370319006
H            1.56726806119120       -0.44523853372764       -3.40849725226631
H            2.95704784144647       -2.34748570535054       -2.67253503759032
H            3.98567749002351       -3.64505166409161       -0.84485976289495
H            3.57130789512130       -3.03704249392144        1.49982913440820
H            2.10272111428685       -1.12888111340068        2.04972999761215
H            0.67505356173251        0.71941711368171        1.31439215937173
34
 energy: -49.110849526952 gnorm: 0.005138460859 xtb: 6.7.1 (edcfbbe)
C           -0.19628104617851        3.71749285340370       -0.97684850716070
C           -0.52701743457214        2.38195347150971       -0.38266401439654
N           -1.50862195793493        2.29838239683638        0.41271251672669
C           -2.04433783034493        1.12230391043157        0.89726578886574
C           -2.16779874390836        0.91405778329520        2.27254373568142
C           -2.80917687892810       -0.21135224367041        2.75123790613921
C           -3.36013264829214       -1.13330335437449        1.87535873482278
C           -3.25085683773778       -0.92988521680266        0.50909855730711
C           -2.59171861228593        0.17963558558174        0.02127043066207
C            0.34404323797613        1.23627583217288       -0.73315447595963
C            0.63465303782186        0.92263777896340       -2.07684397714252
C            1.40715508691108       -0.16279478253064       -2.38149948199258
C            1.96676820177620       -0.96533414969913       -1.36385157181551
C            2.78873600155190       -2.07623992411066       -1.64456918370863
C            3.34365559429949       -2.80706052544293       -0.62931902925378
C            3.09478857928246       -2.46925516051144        0.71025583175246
C            2.28726349966669       -1.40911310771017        1.01594284306873
C            1.70525925022043       -0.63274474357155       -0.00844358163433
C            0.87177058086396        0.46457798268275        0.27527446020835
H           -0.81817112503590        3.88499525280332       -1.85939534221232
H           -0.41991069479194        4.50757733687749       -0.26030209121889
H            0.85119500907830        3.76813716232341       -1.27121078961957
H           -1.73967197276778        1.63422740460679        2.95557830327842
H           -2.88527553721197       -0.37043394793959        3.81846846743517
H           -3.87453155354818       -2.00370224461427        2.25499292051910
H           -3.67596190000190       -1.64455740553927       -0.18203776919335
H           -2.50438079152572        0.34217045040188       -1.04444851113429
H            0.21937844731269        1.53384334612665       -2.86525175483573
H            1.60540070375463       -0.41698742953780       -3.41395175292027
H            2.97876651056530       -2.34045929248802       -2.67564302356998
H            3.98019098309056       -3.65167587815661       -0.85071069093233
H            3.54669719684340       -3.05543737109418        1.49799890399187
H            2.08512418714187       -1.14852514469574        2.04533944908279
H            0.66299945680913        0.71116958717523        1.30680669915938
34
 energy: -49.111006861665 gnorm: 0.004640622480 xtb: 6.7.1 (edcfbbe)
C           -0.20866925002475        3.70984122052809       -0.98783011112719
C           -0.53080509778339        2.37733098140531       -0.38335221767382
N           -1.50454375221831        2.29864868830118        0.42100685472886
C           -2.04078996878446        1.12362112369346        0.90872894362362
C           -2.18174618299888        0.92555779467597        2.28316108179036
C           -2.82567767830175       -0.19860817016983        2.76049968609424
C           -3.36218675028843       -1.12883225325988        1.88427600625159
C           -3.23735410028531       -0.93331500693133        0.51875549589192
C           -2.57547455840782        0.17473071167185        0.03219972863140
C            0.34340027580023        1.23501091628920       -0.73496189788221
C            0.64883363377755        0.93141636425279       -2.07769775410689
C            1.43004917981679       -0.14714348182938       -2.38326308893292
C            1.98127032376868       -0.95785468998617       -1.36816638061017
C            2.80235147490470       -2.06913184301123       -1.64864061700617
C            3.34280114750525       -2.81156040409830       -0.63430742258573
C            3.08320001873011       -2.48243825335958        0.70527898215459
C            2.27893010348975       -1.42019221089556        1.01108915682421
C            1.70724448605779       -0.63449652560495       -0.01168529552710
C            0.86897872490524        0.45906204434136        0.27144732299767
H           -0.81036102303295        3.85286976330364       -1.88761136295513
H           -0.46530939155421        4.50309287449269       -0.28787933366291
H            0.84342950640222        3.77455880964305       -1.25845249680501
H           -1.76551762180558        1.65137418158725        2.96735219430442
H           -2.91566540458450       -0.34956966722776        3.82725755707762
H           -3.87759866117447       -1.99868167093397        2.26247892292508
H           -3.65317806789545       -1.65236232205787       -0.17314081674885
H           -2.47776076608376        0.33172167881730       -1.03334433445419
H            0.23828627077299        1.54368949163416       -2.86731224978763
H            1.64076090147208       -0.38974805101207       -3.41595473923217
H            3.00255939478673       -2.32657013631432       -2.67953441463774
H            3.97509474924959       -3.65851893113453       -0.85863185825364
H            3.52299927559710       -3.07583174994709        1.49436909244760
H            2.07047630227852       -1.16675710619485        2.04099512884390
H            0.65197250580856        0.69966204203450        1.30287023740283
34
 energy: -49.111179912558 gnorm: 0.004924224894 xtb: 6.7.1 (edcfbbe)
C           -0.21791437439907        3.70214964948196       -0.99893649382122
C           -0.53534455441346        2.37357813385055       -0.38394457605577
N           -1.50535230099753        2.29889581141671        0.42485765284201
C           -2.04161957582459        1.12574634399435        0.91685214961006
C           -2.19938371503341        0.94088941779157        2.29088074630751
C           -2.84232085732073       -0.18331439481151        2.76943778159068
C           -3.36149262823013       -1.12554906125197        1.89508132586801
C           -3.22292156443816       -0.93967723920513        0.52972195490881
C           -2.56213938806555        0.16836785238189        0.04148848173359
C            0.34277622385976        1.23363474794744       -0.73382269341575
C            0.66161724390796        0.94027565017756       -2.07634186780233
C            1.45250820612119       -0.13016927918363       -2.38330133257180
C            1.99686800661200       -0.94897327825884       -1.37115120377829
C            2.81877788254008       -2.05926402933555       -1.65301326943082
C            3.34286737793374       -2.81587372287081       -0.64107474645093
C            3.07094235968536       -2.49764540076688        0.69920933600023
C            2.27011874750899       -1.43359762217136        1.00628073301702
C            1.70895243621422       -0.63717432756293       -0.01408741983151
C            0.86511418525741        0.45189906682372        0.26963281560132
H           -0.79266554592852        3.81862473201996       -1.92025795489568
H           -0.51264405082072        4.50031993741891       -0.31982205851449
H            0.84094189401279        3.78061370514514       -1.23771141496400
H           -1.79680748248970        1.67609471263886        2.97300350121143
H           -2.94575781574662       -0.32419111241926        3.83606995226412
H           -3.87434784590609       -1.99644969672427        2.27415452558466
H           -3.62798260772696       -1.66559609564882       -0.16134278430990
H           -2.45481661965982        0.31902337290888       -1.02406397942151
H            0.25272413664672        1.55445347656056       -2.86535678482564
H            1.67607132130732       -0.36204881848408       -3.41562946649027
H            3.02995914260800       -2.30503570370715       -2.68476850161020
H            3.97105147169658       -3.66511930388805       -0.86834081155212
H            3.49791500683228       -3.10068181440671        1.48792988764585
H            2.05404521589228       -1.18694646388513        2.03644264527141
H            0.64026006826429        0.68331696672777        1.30192387028604
34
 energy: -49.111382407265 gnorm: 0.004752161852 xtb: 6.7.1 (edcfbbe)
C           -0.22181285359527        3.69401480658466       -1.00843220154700
C           -0.54129250941971        2.37018179336604       -0.38536813159767
N           -1.51400034814317        2.29989498059353        0.42055564712390
C           -2.04983918917579        1.12939659953672        0.91881505734975
C           -2.22244135655388        0.96149074377051        2.29299445701780
C           -2.85870635406815       -0.16425020444880        2.77735992496365
C           -3.35649791381843       -1.12374948581891        1.90861665506036
C           -3.20773186722905       -0.95072117793194        0.54273911863688
C           -2.55448935394009        0.15944637706383        0.04821116800869
C            0.34142075746260        1.23140418336957       -0.72961399066635
C            0.67228662471767        0.94890575289548       -2.07239842610775
C            1.47389555276468       -0.11226827478579       -2.38135581547008
C            2.01273485051415       -0.93855270513033       -1.37220680624298
C            2.83801752654999       -2.04563829263600       -1.65759279267990
C            3.34469035741575       -2.81853834889430       -0.64969894598370
C            3.05793853097543       -2.51460842179556        0.69159194985331
C            2.25956503219013       -1.44982587910062        1.00170714772073
C            1.70937539064850       -0.64107185957654       -0.01529160332667
C            0.85942589719959        0.44302100860600        0.27055762917865
H           -0.76064820069613        3.78685533642058       -1.95283466908405
H           -0.55444707840675        4.49568552872488       -0.35415911961884
H            0.84383099237768        3.78508015411497       -1.20849397936493
H           -1.83590143040522        1.71097216751728        2.96885134204973
H           -2.97370111477615       -0.29252848062919        3.84418943640183
H           -3.86089995900895       -1.99783738252534        2.29227166335822
H           -3.59947642479208       -1.68785974698916       -0.14445594611278
H           -2.43989418235933        0.30157038999622       -1.01764677969945
H            0.26277032210969        1.56603611822026       -2.85916972675653
H            1.71029731436007       -0.33385522265630       -3.41290992129575
H            3.06163759263507       -2.27518670676944       -2.69076285618944
H            3.97036485215073       -3.66888421221398       -0.88001113457003
H            3.47223473693146       -3.12957788602528        1.47768853566693
H            2.03418645461214       -1.21128770532030        2.03208892350266
H            0.62710735067278        0.66286226517168        1.30416419042141
34
 energy: -49.111552622271 gnorm: 0.007186668721 xtb: 6.7.1 (edcfbbe)
C           -0.22553272746828        3.68791910865654       -1.01818183652416
C           -0.54489815059029        2.36760474107145       -0.38728182455632
N           -1.52281263624863        2.29936103970995        0.41363917947021
C           -2.05768950846174        1.13226485028326        0.91916904182642
C           -2.24774569770246        0.98401555384350        2.29399223259008
C           -2.87729186926701       -0.14221228518519        2.78702672790427
C           -3.35180513603744       -1.12091748695951        1.92601376989013
C           -3.18920776873984       -0.96529112056086        0.55877017227175
C           -2.54295517743183        0.14577451194709        0.05535132428446
C            0.34279470267630        1.23025619764728       -0.72573351493250
C            0.68748383778274        0.96088795692200       -2.06898187186699
C            1.49698192446054       -0.09287593845575       -2.38009698332071
C            2.02718771985134       -0.92827253691493       -1.37307603362704
C            2.85729738330590       -2.03101885104007       -1.66283736171527
C            3.34700958884677       -2.81977702687698       -0.65943065487822
C            3.04232767496601       -2.53302566990229        0.68264014425110
C            2.24330458323550       -1.47010364242778        0.99668936709529
C            1.70614452995688       -0.64766436011149       -0.01711448031411
C            0.85116780003033        0.43225678314996        0.27165168755978
H           -0.71842001417410        3.74718096857670       -1.99485164842216
H           -0.61191908410352        4.49726970398424       -0.39599333780147
H            0.85030943159573        3.79816029544392       -1.16586049805316
H           -1.87844947670672        1.74955836445880        2.96180202719538
H           -3.00569439897099       -0.25576869722042        3.85443105205588
H           -3.84862588039402       -1.99693390181323        2.31674984405362
H           -3.56487802726418       -1.71658896383829       -0.12272637146743
H           -2.41754277074747        0.27561145393125       -1.01138777046190
H            0.28019968934080        1.58389400570487       -2.85282778673408
H            1.74650178807852       -0.30416858469567       -3.41080409401376
H            3.09479282124818       -2.24271305167801       -2.69698301558882
H            3.97343105413213       -3.66907275106052       -0.89166627597122
H            3.44435004295329       -3.16129583516526        1.46460498341015
H            2.00517764441832       -1.24227301401759        2.02705701737674
H            0.60900610732930        0.63853439529831        1.30624678901478
34
 energy: -49.111734533926 gnorm: 0.004580834732 xtb: 6.7.1 (edcfbbe)
C           -0.21916051269168        3.68395136599798       -1.02010865833367
C           -0.55000673919270        2.36562365118038       -0.39191824745435
N           -1.54092647111058        2.29926238786361        0.39470788046477
C           -2.07402026629663        1.13526862890739        0.90847105829054
C           -2.27229966156456        1.00637960743151        2.28436870045310
C           -2.88904611872541       -0.12119700218314        2.79173636007696
C           -3.34273710521056       -1.12058901652269        1.94308113021441
C           -3.17603566889780       -0.98292806982178        0.57403409204184
C           -2.54365313171205        0.13065734792683        0.05637488801950
C            0.34179056083455        1.22781655721586       -0.72130722951000
C            0.69584144993114        0.96849191345445       -2.06479699823966
C            1.51182132973624       -0.07907988879491       -2.37756178486135
C            2.03637780935589       -0.91991986872267       -1.37153971626695
C            2.87432622867593       -2.01598663092633       -1.66618024705026
C            3.35276486534970       -2.81628324494481       -0.66748710385255
C            3.03080775126788       -2.54629801429840        0.67467866229885
C            2.22708114980278       -1.48813744889599        0.99314104369651
C            1.70000146787011       -0.65456093728348       -0.01748502747409
C            0.84106743833894        0.42238011491724        0.27443868642639
H           -0.67315353391512        3.73520400566619       -2.00986872313548
H           -0.62892284178581        4.49023489765346       -0.42084408074107
H            0.85743096359761        3.80291320696319       -1.13238423084767
H           -1.91858478570781        1.78986858418806        2.94020667246980
H           -3.02374558009344       -0.21989582412293        3.86006512825493
H           -3.82687368647323       -1.99956617626194        2.34533509761692
H           -3.53705201239682       -1.75080408286003       -0.09758607820478
H           -2.41429344333273        0.24683752267465       -1.01165468930929
H            0.29015832086767        1.59709414835557       -2.84543945998348
H            1.77103182174429       -0.28296951807865       -3.40726549921429
H            3.12423748348200       -2.21113082703948       -2.70059642257781
H            3.98443519629836       -3.66147972482999       -0.90069103433865
H            3.42431595139276       -3.18612915944429        1.45139649213145
H            1.97614654678714       -1.27179621606728        2.02332613943905
H            0.59087522367405        0.61734392340842        1.30935319950124
34
 energy: -49.111868565140 gnorm: 0.005853202472 xtb: 6.7.1 (edcfbbe)
C           -0.21976224152437        3.68240711375859       -1.02351985113960
C           -0.55216291262125        2.36366150325251       -0.39633768773704
N           -1.55076480942924        2.29659421046235        0.38140240202152
C           -2.08191854739978        1.13543907344355        0.90257287063842
C           -2.29286107825212        1.02535932164490        2.27885618293271
C           -2.90268935128263       -0.10030732882983        2.79871306828368
C           -3.33719276019964       -1.11727815507868        1.96118016025802
C           -3.16002922058967       -0.99889898922733        0.59129473629175
C           -2.53451033631942        0.11303493895871        0.06178792448718
C            0.34350945576787        1.22754090572689       -0.72135164212719
C            0.71151980852929        0.98018574214704       -2.06404410428938
C            1.53088039624483       -0.06426551970963       -2.37786157599699
C            2.04459313098215       -0.91327395526686       -1.37258175087028
C            2.88934317489871       -2.00371758694159       -1.66974543389154
C            3.35722694530261       -2.81366156929095       -0.67374190693558
C            3.01581843160579       -2.56035367656620        0.66724171187766
C            2.20509683494867       -1.50805139716634        0.98783298971472
C            1.69076392329291       -0.66324378209443       -0.02069739167308
C            0.82955481148798        0.41204456649452        0.27296089036867
H           -0.63026779100064        3.71277241503650       -2.03600808403058
H           -0.67122700397609        4.49003406918290       -0.45097213380855
H            0.86117773654514        3.81908352217023       -1.08972463028177
H           -1.95332184077511        1.82292599785250        2.92518296035497
H           -3.04632453609475       -0.18442124922418        3.86740563080045
H           -3.81553662688161       -1.99508870815944        2.37319575584054
H           -3.50657728792352       -1.78145780202552       -0.07108593645064
H           -2.39692191232991        0.21386846301945       -1.00683741463342
H            0.31430610045898        1.61612023597372       -2.84310260509080
H            1.80111944034756       -0.25929977185462       -3.40680650448720
H            3.15253514364221       -2.18599690111365       -2.70303504459238
H            3.99636225921666       -3.65347693437860       -0.90655742741371
H            3.40126796681979       -3.20938188375231        1.44037563193142
H            1.93921370818160       -1.30487518668693        2.01715418294243
H            0.56777898822716        0.59655453094951        1.30685402670658
34
 energy: -49.112030891165 gnorm: 0.005608776593 xtb: 6.7.1 (edcfbbe)
C           -0.22138912192784        3.68551480325276       -1.02279921714273
C           -0.55257018286702        2.36194422507275       -0.40357983247250
N           -1.55704794953066        2.29038794912796        0.36642861705636
C           -2.08552835945629        1.13165772519120        0.89459756041063
C           -2.30827495107720        1.04038438862947        2.27079391762469
C           -2.91445750938578       -0.07979791202604        2.80522150064207
C           -3.33400951569920       -1.11192087533884        1.98115069793594
C           -3.14439727740307       -1.01536142010614        0.61096760155794
C           -2.52172442493222        0.09093812336553        0.06811648558265
C            0.34626296279069        1.22870683459851       -0.72753964680582
C            0.73136265592908        0.99333390696967       -2.06766676712581
C            1.55000921962194       -0.05206669796765       -2.38087647047940
C            2.04860166610714       -0.91023957123398       -1.37552128249519
C            2.90158249206479       -1.99443181952488       -1.67185626415515
C            3.36363990713197       -2.80825534363236       -0.67617625994337
C            2.99945250420644       -2.57144942008285        0.66123322631552
C            2.17572001492747       -1.52862981126152        0.98064824191778
C            1.67549075742389       -0.67444165130687       -0.02709479653458
C            0.81418598644964        0.40123814069004        0.26607256597464
H           -0.59185917151752        3.70311154595972       -2.05007752983346
H           -0.70802686765243        4.48922175426355       -0.47216911445746
H            0.85832240668520        3.84103844404695       -1.04799241305538
H           -1.98019201920152        1.84929593409103        2.90716889004931
H           -3.06614210368784       -0.14844804842961        3.87403076880341
H           -3.81111682061096       -1.98448094569167        2.40417619965555
H           -3.47752332546479       -1.81211351038406       -0.03991239260312
H           -2.37396137010338        0.17273880377013       -1.00095971598774
H            0.34976829816785        1.63800226142279       -2.84683072031027
H            1.83117325213597       -0.23856441955753       -3.40874865834106
H            3.17960380411037       -2.16797637733027       -2.70197821775832
H            4.01566851722488       -3.63922967095812       -0.90593733596092
H            3.37886813641686       -3.22591420202994        1.43248035106692
H            1.89130365859858       -1.34082471108620        2.00765153735280
H            0.53720473042515        0.57720778020414        1.29697847351721
34
 energy: -49.112152284062 gnorm: 0.003979361536 xtb: 6.7.1 (edcfbbe)
C           -0.22446014114652        3.68936574763593       -1.02058791595987
C           -0.55397263533413        2.36019462121237       -0.41174188179338
N           -1.56009291978381        2.28411535216860        0.35480295971597
C           -2.08597694259760        1.12669901262902        0.88852136833360
C           -2.31734360009015        1.05165203836540        2.26412699800433
C           -2.92245688548333       -0.06289400937119        2.81024696255087
C           -3.33135474198131       -1.10781236341856        1.99753001093621
C           -3.13146598037814       -1.02941241069542        0.62816697362704
C           -2.50939390758565        0.07121748384510        0.07482048727242
C            0.34758981491863        1.23039729523267       -0.73715219372588
C            0.74900606314978        1.00429542353384       -2.07319429137424
C            1.56660420028661       -0.04317556630786       -2.38489783182897
C            2.05122210017263       -0.90933647501953       -1.38036615297813
C            2.91137533676346       -1.98840668475671       -1.67283887136179
C            3.36919202743838       -2.80327864173824       -0.67494583911696
C            2.98426186785740       -2.57923088673775        0.65776589451950
C            2.14834203536755       -1.54438292268208        0.97260602058718
C            1.66099083249848       -0.68354689777285       -0.03516316552046
C            0.79985710851424        0.39279854652359        0.25543370677549
H           -0.56320786112205        3.70478421177080       -2.05675107962405
H           -0.73456196317190        4.48239208566031       -0.48097316722820
H            0.85216908108750        3.86024216461436       -1.01315814232177
H           -1.99779783297570        1.86968292322764        2.89282810178052
H           -3.08054451810391       -0.11743429516034        3.87886882005658
H           -3.81000341077253       -1.97479905490493        2.42871128929013
H           -3.45428722604484       -1.83761521787828       -0.01284905386190
H           -2.35381612433931        0.13643272537935       -0.99378928995128
H            0.38339548531088        1.65562924802964       -2.85363727598301
H            1.85768668025291       -0.22197133130572       -3.41134667337217
H            3.20408784927320       -2.15704240289585       -2.69962711802380
H            4.03241773343353       -3.62634734050298       -0.90106135555335
H            3.35730424922850       -3.23608981967475        1.43044017930961
H            1.84665414184942       -1.36985982967006        1.99648018317922
H            0.50858008340799        0.56331348337285        1.28273134364182
34
 energy: -49.112205412161 gnorm: 0.004904116175 xtb: 6.7.1 (edcfbbe)
C           -0.22982396750449        3.69022444388587       -1.02177545392687
C           -0.55762202514741        2.35712821229533       -0.42086272490195
N           -1.56375976721135        2.27782424337303        0.34482616294891
C           -2.08740232991959        1.12256738752157        0.88533806105463
C           -2.33184389607169        1.06817626126007        2.26031872262705
C           -2.93479021988514       -0.04174428691543        2.81795347040165
C           -3.32943877417190       -1.10296473762119        2.01738315181365
C           -3.11438182877799       -1.04574668608975        0.64869460651599
C           -2.49407613514982        0.05052353853271        0.08409204316448
C            0.34812027209902        1.23105598463769       -0.74667330918785
C            0.76998685952995        1.01725100652649       -2.07842163051843
C            1.59046350775025       -0.02878035982766       -2.38869567885378
C            2.05966234487803       -0.90556529803891       -1.38641018501323
C            2.92725257363265       -1.97943758644542       -1.67466898908486
C            3.37423913202345       -2.80010475757363       -0.67553292227885
C            2.96471171277834       -2.59178908138740        0.65265390671641
C            2.11904273566255       -1.56342849079899        0.96278158115288
C            1.64811167536292       -0.69275954911265       -0.04427710511344
C            0.78433174289667        0.38176561990383        0.24355722542549
H           -0.52709206743942        3.69942587168383       -2.07264211863503
H           -0.77666271875655        4.47397078367295       -0.49972054399181
H            0.84455690624715        3.88003336622577       -0.97166703036225
H           -2.02332852420373        1.89865323730877        2.87973480281915
H           -3.10297520230731       -0.07907146526958        3.88608292018427
H           -3.80708732629769       -1.96641291520520        2.45661385537389
H           -3.42374198042363       -1.86775119256138        0.01739668557142
H           -2.32663888109914        0.09751611844230       -0.98423438225410
H            0.41914162303760        1.67590277553226       -2.85926197062698
H            1.89612727318944       -0.19691366608320       -3.41296969326299
H            3.23742238900120       -2.13911462187345       -2.69855707966790
H            4.04565250706444       -3.61690742282856       -0.89898255502911
H            3.32684390810646       -3.25377129202833        1.42687526825576
H            1.79777840419036       -1.40212308775969        1.98295895715493
H            0.47722007681665        0.54294385932727        1.26809195153032
34
 energy: -49.112235270013 gnorm: 0.003448798259 xtb: 6.7.1 (edcfbbe)
C           -0.23517620807036        3.69227987316081       -1.02041575023680
C           -0.55917160997470        2.35517523841405       -0.42649384099382
N           -1.56024420292102        2.27263329384546        0.34454797457781
C           -2.08352521618851        1.11788014838812        0.88627875322192
C           -2.33133062229752        1.07013024468328        2.25999871122602
C           -2.93676896080803       -0.03653412612189        2.82019537435213
C           -3.33207752680822       -1.10021796658243        2.02437699593057
C           -3.11026698180810       -1.04972480107319        0.65760043784676
C           -2.48701435046472        0.04338425680905        0.08970180587431
C            0.34780055524637        1.23136067440055       -0.75616349644701
C            0.78044150325824        1.02176724371269       -2.08410038891372
C            1.60206580907590       -0.02432963097956       -2.39193875077569
C            2.06333800896937       -0.90631287488077       -1.39154242264522
C            2.93342544061050       -1.97928016693227       -1.67316259890905
C            3.37564153993269       -2.79959226293368       -0.67139891904640
C            2.95597670626681       -2.59450731577548        0.65261320141055
C            2.10603724622898       -1.56822133104710        0.95629001491587
C            1.64280133820741       -0.69566116824426       -0.05140436825651
C            0.77733209679612        0.37743634129068        0.23233898872296
H           -0.52378823238106        3.71103507823169       -2.06852841378180
H           -0.78755530515345        4.46824113495345       -0.49808314354008
H            0.83170490383271        3.88647283833734       -0.96270671600004
H           -2.02190033353784        1.90209908503723        2.87584577014742
H           -3.10811584085356       -0.06777680717179        3.88701566937324
H           -3.81272039003478       -1.96102621964293        2.46495873959278
H           -3.41795832030586       -1.87404438547764        0.02996386506818
H           -2.31481250694041        0.08431206917018       -0.97719450026359
H            0.43794823598438        1.68322820241540       -2.86583415665506
H            1.91558985426341       -0.18793297544289       -3.41411318921274
H            3.25036640485294       -2.13938584075411       -2.69443662649219
H            4.04987554261111       -3.61402867358814       -0.89221517732758
H            3.31308469488247       -3.25480885714399        1.43042592555785
H            1.77564244628113       -1.40945447657112        1.97267521092748
H            0.46335428114785        0.53598037022288        1.25490502075298
34
 energy: -49.112263199666 gnorm: 0.001855273082 xtb: 6.7.1 (edcfbbe)
C           -0.23701984309446        3.69016786166686       -1.02288008648781
C           -0.56140428533858        2.35358787202651       -0.42848382720718
N           -1.56349595309352        2.27208725644681        0.34186995703276
C           -2.08622303015174        1.11825963527523        0.88607367023174
C           -2.33673451474877        1.07484855234669        2.25968397113293
C           -2.94065186937967       -0.03170647102533        2.82231210486933
C           -3.33022141622026       -1.09978822226013        2.02850537377962
C           -3.10725204609708       -1.05274000068848        0.66205829730285
C           -2.48670777674932        0.04084627788221        0.09154569532849
C            0.34752872742553        1.23041922942059       -0.75611076677291
C            0.78405129378296        1.02397038618190       -2.08364848604668
C            1.60928771359105       -0.01913353519730       -2.39132574827353
C            2.06837343814734       -0.90327595691943       -1.39159824019688
C            2.93913318972580       -1.97575733270200       -1.67357869671142
C            3.37569408624247       -2.80075476511997       -0.67343633153891
C            2.95259751828059       -2.59869047290870        0.65022932954897
C            2.10334424191604       -1.57199854793129        0.95464442330713
C            1.64346170144738       -0.69631773497419       -0.05216035893510
C            0.77585191468384        0.37502447939500        0.23175589639689
H           -0.51541980358694        3.70527721126526       -2.07651223533893
H           -0.79648136769622        4.46473014644083       -0.50640878970622
H            0.83174196673883        3.88907083587021       -0.95218532354606
H           -2.03083474393799        1.91048260500829        2.87290801163013
H           -3.11520581316068       -0.05951721511618        3.88901128816570
H           -3.80909996542152       -1.96091002334356        2.47119321509349
H           -3.41262391512427       -1.87957201874316        0.03619327956538
H           -2.31432049465113        0.08011236517787       -0.97491249632002
H            0.44110034362877        1.68629189145272       -2.86452664340438
H            1.92724034985754       -0.17973361287140       -3.41273927381947
H            3.25938153881083       -2.13171619492875       -2.69465355706660
H            4.04915190257616       -3.61585503445095       -0.89487417059925
H            3.30571454682597       -3.26251316129111        1.42689480476561
H            1.76949344003754       -1.41503523369939        1.97072411280965
H            0.46054892463379        0.53041514102412        1.25443160101224
34
 energy: -49.112278807739 gnorm: 0.002156558200 xtb: 6.7.1 (edcfbbe)
C           -0.24101860517902        3.68651770400501       -1.02750942372005
C           -0.56373086979552        2.35068276811088       -0.43084796814520
N           -1.56595926101177        2.27074241609947        0.34008948656159
C           -2.08876369256500        1.11873444700440        0.88769108762555
C           -2.34422152566929        1.08086506135977        2.26117519392961
C           -2.94800907872606       -0.02467450684185        2.82644257952311
C           -3.33094263829969       -1.09723079839999        2.03498310762435
C           -3.10356279216002       -1.05567935814121        0.66852625891679
C           -2.48520231651235        0.03792626003715        0.09482099711606
C            0.34787617104104        1.22884486713563       -0.75640880212491
C            0.79089084921690        1.02766075138087       -2.08323060556329
C            1.62221689504374       -0.01045259386180       -2.39018107891152
C            2.07767076297564       -0.89808792032810       -1.39148512340549
C            2.94872559965613       -1.97048129825016       -1.67405140737457
C            3.37531733839054       -2.80355085985696       -0.67679073915636
C            2.94656912434393       -2.60621014366612        0.64656899349069
C            2.09992872763812       -1.57766519351767        0.95219900525690
C            1.64577189623107       -0.69702534008479       -0.05335576429225
C            0.77479051875537        0.37157751807595        0.23066544016019
H           -0.50969615871315        3.69600337055295       -2.08451759077487
H           -0.81164480038204        4.46160085285985       -0.52062367262770
H            0.82610455457662        3.89175891882098       -0.94547692454091
H           -2.04255556768100        1.92054051279640        2.87109048061109
H           -3.12700284198016       -0.04888991586284        3.89246496751113
H           -3.80711072881913       -1.95888733727381        2.48015340043498
H           -3.40464825568838       -1.88594854533482        0.04404317332237
H           -2.30870851138246        0.07384360014318       -0.97204433467479
H            0.44735502950734        1.69172418182208       -2.86287586901771
H            1.94752797781853       -0.16619560282284       -3.40997209841265
H            3.27392787231699       -2.12017010984526       -2.69471801552118
H            4.04565091410605       -3.62132803386381       -0.89918430334881
H            3.29329528674549       -3.27563451815193        1.42110727376445
H            1.76222495314819       -1.42176461607248        1.96752406578063
H            0.45693317295365        0.52142967468195        1.25372820998438
34
 energy: -49.112288042876 gnorm: 0.000623016400 xtb: 6.7.1 (edcfbbe)
C           -0.24218813931600        3.68609486288397       -1.02839324634631
C           -0.56377113816821        2.35034683603356       -0.43096957321928
N           -1.56587892594424        2.27014699719816        0.33981289410267
C           -2.08821765715424        1.11817961639556        0.88778331098621
C           -2.34347730940943        1.08027723684795        2.26091688569440
C           -2.94729053976539       -0.02495741910696        2.82625435355166
C           -3.33100397474085       -1.09710492794838        2.03536201552696
C           -3.10450759109876       -1.05531340842282        0.66911458951661
C           -2.48549495210204        0.03757324581169        0.09541918283556
C            0.34856151873614        1.22919181484522       -0.75626458540420
C            0.79207229953359        1.02825319267737       -2.08262517174629
C            1.62377786284258       -0.00959716750818       -2.38927342938974
C            2.07905853366215       -0.89722056086196       -1.39074431088475
C            2.94936968731559       -1.97013544969383       -1.67370474273069
C            3.37460027863029       -2.80425291109489       -0.67720614386321
C            2.94585171446645       -2.60698770616093        0.64582386389930
C            2.10032153782965       -1.57771422039855        0.95191128363548
C            1.64660258172652       -0.69664619155279       -0.05316806610598
C            0.77596719238435        0.37234573235866        0.23092750842163
H           -0.50999577798293        3.69544337544050       -2.08464127591773
H           -0.81303956889975        4.45990439487442       -0.52227767113279
H            0.82351581348567        3.89319780858915       -0.94660579312232
H           -2.04196959371807        1.91978898446392        2.87066107925188
H           -3.12673148488957       -0.04886654977913        3.89207953293350
H           -3.80812181429286       -1.95797719025440        2.48063717300083
H           -3.40655056045537       -1.88499444723014        0.04499796706083
H           -2.31068534305382        0.07413923876430       -0.97131501719304
H            0.44843548835840        1.69181982622289       -2.86253888602034
H            1.94950117308931       -0.16479374835732       -3.40871662768919
H            3.27526038852097       -2.11956878664602       -2.69385443515932
H            4.04412239769719       -3.62265718359154       -0.89983620110811
H            3.29151667568703       -3.27737847549340        1.41966845194384
H            1.76298832254305       -1.42207128296951        1.96722816197830
H            0.45740090438289        0.52211067637352        1.25353692269525
34
 energy: -49.112292508474 gnorm: 0.000786044636 xtb: 6.7.1 (edcfbbe)
C           -0.24486264450099        3.68565103477458       -1.03034473038791
C           -0.56378715914029        2.34981452317280       -0.43144482582393
N           -1.56584256446918        2.26906288550823        0.33909737388735
C           -2.08761626157592        1.11735376298577        0.88792847484324
C           -2.34177624472188        1.07938687237698        2.26096716618723
C           -2.94639720731744       -0.02513206026738        2.82660110558197
C           -3.33204976207634       -1.09670267658866        2.03637464759923
C           -3.10687809873583       -1.05479555817866        0.67006145300620
C           -2.48693195781823        0.03716757918216        0.09611473058647
C            0.35009703182605        1.22987346706912       -0.75606251563845
C            0.79489672948568        1.02975904289393       -2.08181541941083
C            1.62768568354661       -0.00737315065116       -2.38802135202161
C            2.08206551164891       -0.89540326143301       -1.38968026240628
C            2.95109957756983       -1.96923696476759       -1.67336961131434
C            3.37336027625641       -2.80578091114575       -0.67791627637631
C            2.94401839700998       -2.60908001494154        0.64480864963814
C            2.10084190933894       -1.57811188146603        0.95173137774190
C            1.64868389675494       -0.69568066687942       -0.05266989033461
C            0.77798986729314        0.37346140124125        0.23138985530396
H           -0.51166755264020        3.69317235920963       -2.08612862162496
H           -0.81767466779795        4.45760635053009       -0.52534586247828
H            0.81949085681676        3.89565750546873       -0.94826696605260
H           -2.03951334788739        1.91843124401810        2.87062695303537
H           -3.12524875834540       -0.04887077415552        3.89245254959923
H           -3.81012207444746       -1.95666473705517        2.48206712116147
H           -3.41088132431383       -1.88363752425632        0.04632609336548
H           -2.31390852250371        0.07422898797514       -0.97059982472232
H            0.45135888631816        1.69274786117892       -2.86217297381760
H            1.95444162758814       -0.16147943040103       -3.40704048689241
H            3.27817474558564       -2.11802558137776       -2.69295679303580
H            4.04087956155419       -3.62572315679471       -0.90105984681888
H            3.28755075356774       -3.28137632834935        1.41769958189653
H            1.76392555036148       -1.42302613939138        1.96713337919166
H            0.45859728566972        0.52330215322511        1.25351574653329
34
 energy: -49.112296128188 gnorm: 0.000647510659 xtb: 6.7.1 (edcfbbe)
C           -0.24696154634141        3.68547322834431       -1.03183239553192
C           -0.56389795710486        2.34939356548292       -0.43208908932992
N           -1.56602011230425        2.26810101779703        0.33830990682587
C           -2.08748770600956        1.11676408753832        0.88801197624365
C           -2.34036967460015        1.07886653130863        2.26131536712665
C           -2.94557026151789       -0.02517287901724        2.82738737859340
C           -3.33306232967713       -1.09633554208074        2.03741962181331
C           -3.10895833265663       -1.05453836108478        0.67082426079257
C           -2.48843927525938        0.03688359770093        0.09645392096925
C            0.35128578099632        1.23036259982055       -0.75607440830291
C            0.79739918214335        1.03112788902756       -2.08152756794242
C            1.63114266495652       -0.00536875676570       -2.38747218269321
C            2.08439845856120       -0.89407337763186       -1.38922725592875
C            2.95266823334227       -1.96847507873953       -1.67322224433844
C            3.37253341427688       -2.80689761861208       -0.67825469422845
C            2.94238186701579       -2.61078445556545        0.64436709432077
C            2.10065787340340       -1.57871759367234        0.95167784205447
C            1.65003348919114       -0.69506879555780       -0.05240777581199
C            0.77899955879711        0.37387811061654        0.23148571191461
H           -0.51308351387430        3.69130165068179       -2.08790578613245
H           -0.82196077204814        4.45662447601065       -0.52777697521849
H            0.81705692744259        3.89755150153448       -0.94897574736576
H           -2.03681399563809        1.91750676336194        2.87096318676383
H           -3.12344242623218       -0.04880489434940        3.89343301899710
H           -3.81156628409757       -1.95585695460900        2.48351587111188
H           -3.41433161506854       -1.88306366274259        0.04725734533359
H           -2.31603361039062        0.07384855186401       -0.97041806597569
H            0.45429845618570        1.69412785272305       -2.86206816343786
H            1.95903856262597       -0.15859775750496       -3.40627570815975
H            3.28076997925317       -2.11651038395773       -2.69261449993825
H            4.03874220977755       -3.62783298886636       -0.90165822442245
H            3.28409899666187       -3.28455117589968        1.41682813929798
H            1.76354361988169       -1.42411721703684        1.96710181450297
H            0.45895013820848        0.52353228259144        1.25344832809842
34
 energy: -49.112301378280 gnorm: 0.000278502338 xtb: 6.7.1 (edcfbbe)
C           -0.25099172425336        3.68512992566382       -1.03461856391635
C           -0.56407648618114        2.34871518513025       -0.43333225364686
N           -1.56628927947914        2.26602031993061        0.33681904920830
C           -2.08709279298892        1.11540053289552        0.88820083606800
C           -2.33758432151771        1.07787914200378        2.26207849222602
C           -2.94393334344350       -0.02513231018238        2.82910526853188
C           -3.33490486435875       -1.09552521291287        2.03958967875029
C           -3.11254837024675       -1.05431775466880        0.67257557203660
C           -2.49088336886072        0.03601354371635        0.09721160016442
C            0.35356815241327        1.23142495887144       -0.75623369984142
C            0.80272623778377        1.03417059073505       -2.08110872252968
C            1.63778446537822       -0.00141629671064       -2.38667061709762
C            2.08842459455006       -0.89192775037544       -1.38877946841157
C            2.95555423374508       -1.96720915584866       -1.67286775936528
C            3.37128079661012       -2.80864454807265       -0.67857036950764
C            2.93906776941746       -2.61385520154639        0.64369658644057
C            2.09924728439243       -1.58031003773568        0.95127992362858
C            1.65167207673081       -0.69441711075445       -0.05232809685931
C            0.78011696989850        0.37414333219827        0.23120575199496
H           -0.51539892010939        3.68821216362847       -2.09149144476993
H           -0.83012623802430        4.45523534040991       -0.53283571469898
H            0.81240383732443        3.90139475305995       -0.94997108786239
H           -2.03131272699858        1.91586226039311        2.87148838063405
H           -3.11975819011584       -0.04851079802837        3.89554950693860
H           -3.81440682575087       -1.95418395885068        2.48641403907328
H           -3.42046113568620       -1.88240535156483        0.04937687992905
H           -2.31942851067628        0.07251025853935       -0.96999366651678
H            0.46102096279626        1.69791809873569       -2.86163624835756
H            1.96817656993238       -0.15301713597785       -3.40503178530290
H            3.28540557273920       -2.11385372146341       -2.69202727024592
H            4.03558340470121       -3.63102237108485       -0.90224149800406
H            3.27767751361244       -3.28987440059113        1.41569439888120
H            1.76103784984094       -1.42652460462496        1.96652955873206
H            0.45844880672514        0.52269352779256        1.25292274369799
34
 energy: -49.112305395092 gnorm: 0.000378284140 xtb: 6.7.1 (edcfbbe)
C           -0.25603131380718        3.68472557843308       -1.03814290598472
C           -0.56430480684395        2.34803341109105       -0.43499179247798
N           -1.56633443946491        2.26343268476137        0.33515853843734
C           -2.08616014822005        1.11354979670073        0.88846671025573
C           -2.33380055139572        1.07650948395043        2.26297349948969
C           -2.94161403824869       -0.02510618269137        2.83121419758173
C           -3.33691040334073       -1.09450898077397        2.04238526874720
C           -3.11669885213043       -1.05406973904687        0.67496036155663
C           -2.49338349379396        0.03473004840299        0.09834666245694
C            0.35628689555369        1.23284642576985       -0.75660554487363
C            0.80976377424858        1.03828733239415       -2.08053869564381
C            1.64591787188427        0.00347400016575       -2.38561824731406
C            2.09291377880834       -0.88959709623485       -1.38832601926902
C            2.95876937138521       -1.96589503229066       -1.67236163040866
C            3.36986445600204       -2.81055863927627       -0.67880093537824
C            2.93503715081414       -2.61733816529009        0.64289083424082
C            2.09674384424956       -1.58255524328772        0.95050858208520
C            1.65286934104340       -0.69410053845187       -0.05254947633951
C            0.78078608418996        0.37412528569602        0.23053341857755
H           -0.51831992130765        3.68454036258949       -2.09571824173822
H           -0.83998016772090        4.45326096170199       -0.53906805441875
H            0.80633826303325        3.90614788000563       -0.95156856456492
H           -2.02444396652722        1.91382718272937        2.87183763838216
H           -3.11545794952597       -0.04794622205287        3.89801758374109
H           -3.81805752429693       -1.95184324829498        2.49007658323920
H           -3.42759921666571       -1.88159733208493        0.05237027494079
H           -2.32318258274950        0.07056433120025       -0.96914641191098
H            0.47053317964187        1.70356096512221       -2.86083338716083
H            1.97963522214395       -0.14599364267985       -3.40327801952218
H            3.29100928220164       -2.11081174254448       -2.69106455349620
H            4.03261129851409       -3.63414884449205       -0.90259586497862
H            3.27002986681163       -3.29581555607954        1.41437807215963
H            1.75636692056581       -1.43006723301487        1.96526708305951
H            0.45680277484833        0.52091392058300        1.25182303653072
34
 energy: -49.112307945672 gnorm: 0.000329245312 xtb: 6.7.1 (edcfbbe)
C           -0.25978259540133        3.68441473259885       -1.04087038320668
C           -0.56441947252202        2.34759306473771       -0.43623413427543
N           -1.56611392550919        2.26156140611917        0.33416591499289
C           -2.08519494851781        1.11214647306583        0.88873432357790
C           -2.33092992024281        1.07554833823820        2.26363246918304
C           -2.93990316034016       -0.02492002305850        2.83278198990511
C           -3.33817175797512       -1.09368277371335        2.04458165974001
C           -3.11924604939618       -1.05397460534634        0.67695640313405
C           -2.49474109273501        0.03364799338129        0.09937730814500
C            0.35810017976388        1.23383824838429       -0.75708881244000
C            0.81538773018765        1.04162842133291       -2.08012554394185
C            1.65199981260381        0.00712213258983       -2.38484959130491
C            2.09582059676795       -0.88814884080382       -1.38809688996325
C            2.96123406320515       -1.96484156755883       -1.67187864003426
C            3.36929355133164       -2.81144265413562       -0.67873745442398
C            2.93174794440278       -2.61986828777545        0.64228690350245
C            2.09375216396157       -1.58477737414413        0.94964847408365
C            1.65280890765443       -0.69445709755598       -0.05303577083757
C            0.78039774296880        0.37358873560121        0.22968432913758
H           -0.52076549810084        3.68204217502745       -2.09874838421845
H           -0.84687425890380        4.45167010401215       -0.54358071226026
H            0.80168452950786        3.90958650414064       -0.95328352083755
H           -2.01922028913727        1.91236905919200        2.87197863721713
H           -3.11214424703324       -0.04745263917661        3.89984932447523
H           -3.82057126799008       -1.94996318252159        2.49294293132622
H           -3.43245985595193       -1.88099510092843        0.05486106840638
H           -2.32566055245203        0.06898243532275       -0.96830465392193
H            0.47867291122567        1.70852655064778       -2.86010396062391
H            1.98851810961737       -0.14054887985753       -3.40185617429501
H            3.29520149700742       -2.10873502730588       -2.69015918841295
H            4.03138722120013       -3.63557543259245       -0.90245958538810
H            3.26457430358380       -3.29966205848322        1.41352418463099
H            1.75136873595011       -1.43332805300291        1.96389041590246
H            0.45424889116905        0.51868343627869        1.25051706302756
34
 energy: -49.112310100803 gnorm: 0.000188793791 xtb: 6.7.1 (edcfbbe)
C           -0.26241999003203        3.68416405869287       -1.04291821157985
C           -0.56459625448490        2.34727087164543       -0.43734195982427
N           -1.56577503801684        2.26035982616444        0.33361957993977
C           -2.08435592283497        1.11125772415429        0.88899636300573
C           -2.32864822030079        1.07495033633907        2.26417923386705
C           -2.93819772057284       -0.02476262830315        2.83405566563018
C           -3.33859485436444       -1.09307688064113        2.04636979006513
C           -3.12079686260604       -1.05382554328686        0.67860007267441
C           -2.49551229796699        0.03294053290193        0.10027267359899
C            0.35904165264709        1.23439996954552       -0.75777344641457
C            0.81978706406673        1.04428863162563       -2.07992993137341
C            1.65652759981142        0.00982995604064       -2.38433979148793
C            2.09751826269445       -0.88736064312996       -1.38806182856694
C            2.96298869564430       -1.96409921548814       -1.67144239277946
C            3.36912268901018       -2.81175876985322       -0.67846009563593
C            2.92932073134718       -2.62145618325414        0.64195246661938
C            2.09052872990546       -1.58685983837663        0.94877630504217
C            1.65171124446124       -0.69535416569571       -0.05374108252070
C            0.77894621705106        0.37249788767041        0.22859953504849
H           -0.52295574924969        3.68048618000671       -2.10080154322854
H           -0.85126278412920        4.45047743156412       -0.54651004460482
H            0.79839952769198        3.91174804937498       -0.95513460442179
H           -2.01552329107173        1.91157378764569        2.87201288073421
H           -3.10971716271254       -0.04688623170204        3.90123007538215
H           -3.82190275650722       -1.94855712679412        2.49524372137442
H           -3.43525500217354       -1.88065985967844        0.05697219074569
H           -2.32713856256983        0.06777393982730       -0.96749482400334
H            0.48561853684776        1.71284471583571       -2.85955651787445
H            1.99548140164056       -0.13629746336433       -3.40073122344607
H            3.29895535515139       -2.10691041042477       -2.68919408284005
H            4.03184794817579       -3.63548337833771       -0.90180168760985
H            3.26056766399615       -3.30212671639248        1.41305700441660
H            1.74558773586874       -1.43678654412636        1.96234670817716
H            0.45070141348235        0.51597391252457        1.24894900189201
34
 energy: -49.112312107054 gnorm: 0.000163855826 xtb: 6.7.1 (edcfbbe)
C           -0.26434594362952        3.68387873321883       -1.04465356302449
C           -0.56486649924042        2.34696470445455       -0.43838123217824
N           -1.56549524989311        2.25967042913739        0.33327394389464
C           -2.08374630879228        1.11083020099672        0.88927037447608
C           -2.32703453162436        1.07486114816626        2.26464754312574
C           -2.93682113440039       -0.02433138248727        2.83516699205296
C           -3.33834627154208       -1.09258337002582        2.04802855884738
C           -3.12132648785779       -1.05379586536602        0.68017057294423
C           -2.49588066807225        0.03248067909065        0.10114706944855
C            0.35927603040618        1.23456298905707       -0.75866511079630
C            0.82342430527105        1.04650306864319       -2.07992384019769
C            1.66028494673924        0.01205602897091       -2.38400529676642
C            2.09868092941196       -0.88683634419948       -1.38813239321308
C            2.96511783821947       -1.96295636425536       -1.67087771409431
C            3.36982494257940       -2.81127027418527       -0.67789719454855
C            2.92672792617862       -2.62298543693795        0.64167684195849
C            2.08637698096265       -1.58943469011575        0.94774340033962
C            1.64973854205772       -0.69675254072546       -0.05464593529305
C            0.77654655358191        0.37084236506964        0.22726573753736
H           -0.52519119438478        3.67953556534369       -2.10235718452844
H           -0.85387949441282        4.44957661496253       -0.54839006595446
H            0.79608623378593        3.91285653677895       -0.95731799564659
H           -2.01275671937828        1.91134203886796        2.87203328207926
H           -3.10729409463464       -0.04633259171067        3.90250179342250
H           -3.82194127554212       -1.94760488579692        2.49741409484640
H           -3.43686196666946       -1.88045368485265        0.05892690357811
H           -2.32839346589410        0.06702036059047       -0.96672768115910
H            0.49188230845680        1.71673362723189       -2.85920610592175
H            2.00175627678094       -0.13246620797287       -3.39975312354708
H            3.30288881050655       -2.10493581685737       -2.68810399460340
H            4.03350269988980       -3.63438690106076       -0.90072922927891
H            3.25713466917359       -3.30396657598447        1.41281335081595
H            1.73897092356625       -1.44063492414975        1.96063536187731
H            0.44596038830060        0.51258897881329        1.24705183950884
34
 energy: -49.112313969111 gnorm: 0.000206909220 xtb: 6.7.1 (edcfbbe)
C           -0.26567753428929        3.68347707765665       -1.04617800120817
C           -0.56532859281155        2.34658413693197       -0.43940342389501
N           -1.56547229116933        2.25941984469168        0.33294706436074
C           -2.08360420383962        1.11085948049718        0.88949520723734
C           -2.32588378807622        1.07516583098671        2.26506449730476
C           -2.93524502605279       -0.02388227123986        2.83625906427457
C           -3.33748224507644       -1.09223895808315        2.04964695195447
C           -3.12158255539424       -1.05368396233778        0.68162116656096
C           -2.49647575114090        0.03239678455300        0.10191120210167
C            0.35892363567642        1.23433804549478       -0.75963817929899
C            0.82636391371377        1.04829425335332       -2.08002570697621
C            1.66368766158789        0.01409776485112       -2.38372811039222
C            2.09969671934173       -0.88634500002235       -1.38821376392269
C            2.96735575300912       -1.96166305545955       -1.67027712202576
C            3.37062358740530       -2.81066221602840       -0.67730161466358
C            2.92437877284357       -2.62429318733432        0.64145978567843
C            2.08218315454551       -1.59201391484336        0.94671526085242
C            1.64748221545772       -0.69830584783052       -0.05557796917350
C            0.77364192985245        0.36884122597998        0.22585683989977
H           -0.52746460510111        3.67898732135322       -2.10359790692290
H           -0.85500165164776        4.44897478066714       -0.54949720555070
H            0.79466881392546        3.91290451281990       -0.95978796847122
H           -2.01110152229926        1.91175973789813        2.87200521958557
H           -3.10507796144856       -0.04560974478706        3.90369338745674
H           -3.82078083882130       -1.94712592985034        2.49957836452510
H           -3.43744236164635       -1.88050906561593        0.06081426499728
H           -2.32966504149203        0.06665171515720       -0.96605548625670
H            0.49705546088389        1.71988440320721       -2.85906063169305
H            2.00751699017868       -0.12891129716389       -3.39887600169990
H            3.30779436071362       -2.10213227080639       -2.68681798655323
H            4.03598483413031       -3.63260777436408       -0.89944738438615
H            3.25350207758421       -3.30597502889950        1.41252879352364
H            1.73164700379668       -1.44507381322363        1.95880124306334
H            0.44077908556069        0.50897263450105        1.24508614971479
34
 energy: -49.112315864320 gnorm: 0.000202003415 xtb: 6.7.1 (edcfbbe)
C           -0.26664470310465        3.68289672069399       -1.04767161148127
C           -0.56605672427987        2.34608164350247       -0.44053120260336
N           -1.56585744392699        2.25941915350517        0.33237602939005
C           -2.08391674679194        1.11118090449175        0.88960894943573
C           -2.32521530971975        1.07585918290898        2.26536500394538
C           -2.93373090944508       -0.02325783911494        2.83734512292363
C           -3.33616205032783       -1.09200074868513        2.05136903605689
C           -3.12159075248999       -1.05364251116171        0.68312047617595
C           -2.49735119008411        0.03248801009103        0.10261356078024
C            0.35824380664466        1.23389176636798       -0.76058888836842
C            0.82876523258691        1.04974328792330       -2.08014888775453
C            1.66701268770219        0.01614349927596       -2.38339373835753
C            2.10103509714881       -0.88557227926599       -1.38817655673944
C            2.97035729760397       -1.95974185418354       -1.66951948011880
C            3.37180970476882       -2.80978192468012       -0.67668537394215
C            2.92160344248323       -2.62599221292903        0.64110283504358
C            2.07764293751288       -1.59493986787045        0.94561572917451
C            1.64524644515529       -0.69983928454346       -0.05644191299455
C            0.77065171268656        0.36677979667686        0.22451157493975
H           -0.52992993729765        3.67855508986394       -2.10471103757011
H           -0.85506489157193        4.44854445351335       -0.55015535271419
H            0.79387829753057        3.91199497344947       -0.96267661886678
H           -2.01015723469592        1.91268166227153        2.87184783146289
H           -3.10268189843381       -0.04475995274646        3.90492562076514
H           -3.81863264875523       -1.94700909871746        2.50195375136013
H           -3.43771350598383       -1.88071664490007        0.06278389857743
H           -2.33145114439797        0.06658705594466       -0.96549698682192
H            0.50139033000356        1.72246424867239       -2.85900742403237
H            2.01342670557423       -0.12515202151068       -3.39790432677765
H            3.31360894737828       -2.09848992412650       -2.68534362537532
H            4.03868544989126       -3.63067461512328       -0.89820172402285
H            3.24926330046824       -3.30854803232126        1.41202136801753
H            1.72410196670690       -1.44989054991159        1.95692209403527
H            0.43543372936044        0.50527412534898        1.24317186645876
34
 energy: -49.112317982601 gnorm: 0.000152785468 xtb: 6.7.1 (edcfbbe)
C           -0.26753200248706        3.68201483452105       -1.04949394004060
C           -0.56705931871255        2.34540399441684       -0.44178046183930
N           -1.56678365402441        2.25953135840731        0.33136607605044
C           -2.08480631343271        1.11171542666230        0.88952271010430
C           -2.32482881363955        1.07696542842380        2.26551337239889
C           -2.93201137317930       -0.02234018355403        2.83860210497567
C           -3.33442281809037       -1.09175631169701        2.05353141546668
C           -3.12162170204256       -1.05371054446894        0.68496973201221
C           -2.49881415520455        0.03262150669940        0.10333529077151
C            0.35722886327957        1.23317263750212       -0.76154473633580
C            0.83136002822650        1.05134555360867       -2.08017317234168
C            1.67123077900585        0.01886672894445       -2.38282802024842
C            2.10304416049910       -0.88430076337420       -1.38796288337546
C            2.97440151313480       -1.95703128361346       -1.66853123432620
C            3.37324088053344       -2.80874643493131       -0.67606296460580
C            2.91811342719449       -2.62827742768321        0.64051828544035
C            2.07241340493988       -1.59845270459513        0.94432810656058
C            1.64289931468650       -0.70147831785128       -0.05731090236480
C            0.76721169606560        0.36434585667784        0.22310840484929
H           -0.53305234159684        3.67807338852602       -2.10601122726077
H           -0.85424614617373        4.44819423436180       -0.55071478755159
H            0.79339882822569        3.91008122793471       -0.96655369345355
H           -2.00955343627469        1.91417186196725        2.87137571506926
H           -3.09957855830499       -0.04357908232811        3.90641492315076
H           -3.81536928756147       -1.94712663955662        2.50506656872396
H           -3.43802117235374       -1.88119367444434        0.06529930274002
H           -2.33420264751767        0.06655372422080       -0.96499129300432
H            0.50556858213338        1.72493298138424       -2.85893046884693
H            2.02051593504566       -0.12047497843797       -3.39662631745557
H            3.32149685854885       -2.09320159716730       -2.68341615476360
H            4.04180754984634       -3.62843884456652       -0.89692016375855
H            3.24340190922112       -3.31241658539170        1.41105756067796
H            1.71511164501899       -1.45594801687291        1.95468735185097
H            0.42945836489070        0.50105885898564        1.24115550073171
34
 energy: -49.112319803597 gnorm: 0.000128029846 xtb: 6.7.1 (edcfbbe)
C           -0.26853936566165        3.68091669997316       -1.05165872644203
C           -0.56840097828185        2.34453864474666       -0.44341023892624
N           -1.56825891729542        2.25948413908338        0.32969754486099
C           -2.08610168786617        1.11218698349555        0.88913936036237
C           -2.32432471715063        1.07823023603128        2.26546981790477
C           -2.92975394420968       -0.02127461008039        2.84010451274723
C           -3.33241138567704       -1.09149886215385        2.05624359911617
C           -3.12213393812787       -1.05386441861339        0.68723839513785
C           -2.50101848642247        0.03260394651250        0.10406114664748
C            0.35627397885537        1.23246519383559       -0.76245272342360
C            0.83425766399856        1.05313826993703       -2.08007234765512
C            1.67626455001573        0.02219149911420       -2.38201175127666
C            2.10584881007631       -0.88245160098396       -1.38751940515907
C            2.97950950615567       -1.95351762112075       -1.66729376523702
C            3.37481492563179       -2.80766080696501       -0.67546889600575
C            2.91377440629328       -2.63130524998210        0.63964714034180
C            2.06644476176236       -1.60263418207789        0.94282592664624
C            1.64062460099366       -0.70310719302797       -0.05813895504743
C            0.76374574681376        0.36187030564766        0.22173541405690
H           -0.53697728366172        3.67748204642416       -2.10748778713162
H           -0.85301051385679        4.44784453396412       -0.55126784024542
H            0.79296558438997        3.90752777165285       -0.97141355067395
H           -2.00890000452128        1.91605865277079        2.87041885545629
H           -3.09590818151461       -0.04189742026944        3.90815465813871
H           -3.81166673678613       -1.94717133376368        2.50903142746624
H           -3.43877565573962       -1.88199398655772        0.06852978333247
H           -2.33791397958652        0.06612575930253       -0.96452597381728
H            0.51027149804619        1.72779327040239       -2.85866774722602
H            2.02926170168451       -0.11456477718645       -3.39491328379668
H            3.33102123082908       -2.08657788501537       -2.68108386414087
H            4.04501561800425       -3.62617739067906       -0.89571194696176
H            3.23604463536817       -3.31753726848843        1.40960522055184
H            1.70504512857929       -1.46300339397032        1.95213267730269
H            0.42291142876175        0.49635626075211        1.23906332309810
34
 energy: -49.112320768228 gnorm: 0.000121665473 xtb: 6.7.1 (edcfbbe)
C           -0.26966787072771        3.67996066633638       -1.05366286983069
C           -0.56945215443502        2.34379953303528       -0.44472203539145
N           -1.56973832853123        2.25912455447428        0.32786397086171
C           -2.08729135616820        1.11229188454691        0.88855128797063
C           -2.32387202008082        1.07926951079954        2.26519469699088
C           -2.92808473441268       -0.02012153221233        2.84135849208145
C           -3.33110916259702       -1.09113077351743        2.05875278888177
C           -3.12280778722128       -1.05424056424526        0.68940918740743
C           -2.50305446456180        0.03217050179148        0.10465849701149
C            0.35573254487206        1.23196892315001       -0.76304987221035
C            0.83742593231918        1.05515935138010       -2.07973249890093
C            1.68132621961505        0.02559890730201       -2.38107724813498
C            2.10860306215569       -0.88064347109778       -1.38701896153854
C            2.98389182632799       -1.95052007652946       -1.66622998988198
C            3.37595984920008       -2.80694818002152       -0.67508656232168
C            2.91004771634616       -2.63403687784607        0.63876630414996
C            2.06164096609456       -1.60613057714459        0.94153415949455
C            1.63900300079879       -0.70435512105451       -0.05875952550274
C            0.76099489804816        0.35981077506844        0.22068398618263
H           -0.54081495404872        3.67689144215676       -2.10885074001282
H           -0.85220280963686        4.44749910380018       -0.55186481358806
H            0.79229062642060        3.90544985282677       -0.97593166381499
H           -2.00778758215599        1.91753753957872        2.86922324702635
H           -3.09231526717961       -0.04030687910914        3.90972984658449
H           -3.80893540169682       -1.94693746519779        2.51280647785083
H           -3.44027452833647       -1.88277694594035        0.07162943721331
H           -2.34159650763460        0.06523804342331       -0.96420971116394
H            0.51461242440820        1.73051127860986       -2.85818840646570
H            2.03713584661362       -0.10917631324238       -3.39324208641426
H            3.33937948045721       -2.08069653525851       -2.67902212906906
H            4.04729938026914       -3.62463853980484       -0.89490765746219
H            3.22927909779317       -3.32244240277072        1.40806949785210
H            1.69655625490866       -1.46915282580205        1.94988895618925
H            0.41782580267675        0.49254942522492        1.23743593795718
34
 energy: -49.112321247926 gnorm: 0.000112387196 xtb: 6.7.1 (edcfbbe)
C           -0.27081192542721        3.67936592563978       -1.05517324426503
C           -0.57010353540476        2.34327535932963       -0.44573384452004
N           -1.57075895727570        2.25850699194301        0.32635459257454
C           -2.08801786982573        1.11202970038904        0.88799728387676
C           -2.32308261871648        1.07968585545020        2.26493387090733
C           -2.92658518291737       -0.01944489337994        2.84232031609932
C           -3.33059415583049       -1.09078242470914        2.06064694235585
C           -3.12399917543523       -1.05446292478143        0.69101929310218
C           -2.50481025502264        0.03162579761419        0.10504110514972
C            0.35584936130232        1.23190431851315       -0.76335173940206
C            0.84000635038839        1.05676410175018       -2.07938263770936
C            1.68508723207077        0.02808548100858       -2.38034083345485
C            2.11074377806911       -0.87928555942933       -1.38660990486547
C            2.98694153021223       -1.94848688937253       -1.66550439223013
C            3.37657722677055       -2.80666825030928       -0.67490868500996
C            2.90731054171296       -2.63615657840292        0.63805605930702
C            2.05843151333137       -1.60857191212944        0.94062082131678
C            1.63821550982360       -0.70505918890884       -0.05912719803160
C            0.75958460507268        0.35867775879438        0.22006081292464
H           -0.54396182331876        3.67644979270366       -2.10986585548788
H           -0.85220505286768        4.44713754367795       -0.55237656459827
H            0.79137260807761        3.90445186962097       -0.97931653196006
H           -2.00647705061477        1.91833750912739        2.86815997028808
H           -3.08986991308787       -0.03896833828263        3.91084186925355
H           -3.80786066830809       -1.94639418223549        2.51565752674067
H           -3.44194832791428       -1.88341487325217        0.07404623876110
H           -2.34428038783827        0.06405894294777       -0.96398672469208
H            0.51849645043918        1.73300847455761       -2.85761252466411
H            2.04328982269413       -0.10499940210378       -3.39190766723185
H            3.34484224790908       -2.07689823507132       -2.67765228829141
H            4.04840548168247       -3.62400596643200       -0.89453195723736
H            3.22460290352456       -3.32594001163293        1.40690324361850
H            1.69111939167261       -1.47320205424820        1.94836491974565
H            0.41449034495193        0.48995247432411        1.23635772763148
34
 energy: -49.112321612562 gnorm: 0.000082745295 xtb: 6.7.1 (edcfbbe)
C           -0.27207613001051        3.67899827154713       -1.05639532245749
C           -0.57050953354815        2.34285652454190       -0.44660389588130
N           -1.57151306396397        2.25763051363595        0.32494640077091
C           -2.08837545091390        1.11146066319572        0.88747176798753
C           -2.32224150708818        1.07980224801245        2.26464849478032
C           -2.92562597954271       -0.01882963003720        2.84306663644873
C           -3.33067935204324       -1.09038190667016        2.06222494166117
C           -3.12521693750952       -1.05476124107073        0.69242142548307
C           -2.50615022814373        0.03083951150310        0.10537645559661
C            0.35634738624181        1.23207094088401       -0.76354232724829
C            0.84271240964844        1.05843694196385       -2.07898782091695
C            1.68848942987555        0.03028219724631       -2.37968180512151
C            2.11254806714242       -0.87821866004562       -1.38628603853073
C            2.98906618343106       -1.94718667558400       -1.66501939175898
C            3.37681831077175       -2.80671532429677       -0.67485880136102
C            2.90538745845912       -2.63773228798260        0.63749911963756
C            2.05626941074850       -1.61029700380137        0.93993947958372
C            1.63783499488655       -0.70552347806938       -0.05939719549033
C            0.75875418682842        0.35791699324211        0.21959379204863
H           -0.54692143663013        3.67608616859837       -2.11064630012861
H           -0.85282397176147        4.44672253970922       -0.55278223869076
H            0.79018635974697        3.90419141342007       -0.98213924065013
H           -2.00468741540550        1.91858913178834        2.86719310074992
H           -3.08778238047527       -0.03789209778577        3.91176980651021
H           -3.80792365536025       -1.94557908503166        2.51803403267003
H           -3.44416910612607       -1.88380981037916        0.07608882131082
H           -2.34657278273614        0.06272181829548       -0.96381141569771
H            0.52233447886313        1.73547054097234       -2.85698398199185
H            2.04841125764450       -0.10160020158141       -3.39078088494335
H            3.34871664317103       -2.07433276879748       -2.67669347480831
H            4.04883014002932       -3.62392686722133       -0.89438594604110
H            3.22105332893577       -3.32867947315504        1.40596605836818
H            1.68726238508023       -1.47613250648831        1.94721966639201
H            0.41224649965442        0.48809881215185        1.23553608172065
34
 energy: -49.112321883706 gnorm: 0.000056799005 xtb: 6.7.1 (edcfbbe)
C           -0.27336195043841        3.67877075284241       -1.05741641911520
C           -0.57061605521925        2.34255060567074       -0.44719261513707
N           -1.57187933385101        2.25670602043265        0.32391578645959
C           -2.08849250549871        1.11080596223226        0.88706153958978
C           -2.32122735551127        1.07962757604933        2.26446019377656
C           -2.92479830811199       -0.01844336430017        2.84368749774492
C           -3.33121173062963       -1.08993990077708        2.06346914527675
C           -3.12666502691388       -1.05490101545438        0.69352843455638
C           -2.50733419620321        0.03011857680774        0.10564637604222
C            0.35700299534266        1.23231445658216       -0.76369015509347
C            0.84528277059111        1.05999612594430       -2.07862604089899
C            1.69137487361637        0.03206730771186       -2.37917030748495
C            2.11394238278717       -0.87749171491282       -1.38610026621955
C            2.99053758296464       -1.94641756185885       -1.66472769058795
C            3.37696269683817       -2.80685377700745       -0.67484563576003
C            2.90400985348866       -2.63890365851822        0.63709398179421
C            2.05473721831464       -1.61155499238395        0.93941388496482
C            1.63763774106822       -0.70588371206931       -0.05965026747483
C            0.75822164890765        0.35733016647659        0.21918121530395
H           -0.54976885538671        3.67585860978156       -2.11126023967804
H           -0.85365806805542        4.44628724750116       -0.55300116301291
H            0.78889095063097        3.90431887059484       -0.98462667389104
H           -2.00272911913143        1.91845027629632        2.86644585908439
H           -3.08615259476857       -0.03706278058793        3.91251485732732
H           -3.80869931152522       -1.94465968851111        2.51991160869333
H           -3.44646340812663       -1.88401142463328        0.07773479565254
H           -2.34837994024438        0.06144334322439       -0.96364103326638
H            0.52607576411577        1.73786988616320       -2.85635669145980
H            2.05265128127234       -0.09888691855052       -3.38989425786734
H            3.35128953149111       -2.07282529327028       -2.67609482084683
H            4.04900222254720       -3.62406152967044       -0.89431400305197
H            3.21870484535743       -3.33049566064766        1.40535487793183
H            1.68454905913699       -1.47816774626586        1.94636102463622
H            0.41056434104486        0.48662116781804        1.23482720201318
34
 energy: -49.112322022555 gnorm: 0.000048279624 xtb: 6.7.1 (edcfbbe)
C           -0.27424747070313        3.67867461442196       -1.05797407171666
C           -0.57063514959467        2.34233024620154       -0.44760209880062
N           -1.57190138098133        2.25603096932512        0.32344211004197
C           -2.08834928675913        1.11031090495040        0.88696407596802
C           -2.32054847464257        1.07938948252205        2.26447383967231
C           -2.92450873842206       -0.01825738234042        2.84406705925092
C           -3.33179342284927       -1.08963324956740        2.06414380284440
C           -3.12763170407195       -1.05491557265404        0.69414838342562
C           -2.50792645185979        0.02968256778904        0.10587703702800
C            0.35755852474495        1.23253376163362       -0.76383665949599
C            0.84693240480505        1.06094610684652       -2.07845455591196
C            1.69301540997832        0.03299654096146       -2.37894214923487
C            2.11467187490640       -0.87720201333702       -1.38607822647619
C            2.99117426936852       -1.94621935560284       -1.66465015902820
C            3.37700010356123       -2.80703096325552       -0.67485873065502
C            2.90354526864131       -2.63937916782059        0.63692974593848
C            2.05411405106965       -1.61213133302396        0.93913268997522
C            1.63758242269990       -0.70610797189955       -0.05984922058581
C            0.75805057245013        0.35703229257028        0.21888332968391
H           -0.55179748149628        3.67573563104281       -2.11150634925697
H           -0.85430428625285        4.44597213265639       -0.55296268678559
H            0.78798813506666        3.90459779680568       -0.98627750346478
H           -2.00127915989359        1.91808789873933        2.86622189238052
H           -3.08536861432203       -0.03670012983204        3.91297123524346
H           -3.80975752150565       -1.94394182396879        2.52085316660192
H           -3.44822325047347       -1.88387588057464        0.07856452387271
H           -2.34936630720918        0.06076328538275       -0.96347494636878
H            0.52864983765766        1.73947576608677       -2.85598464261207
H            2.05514997869629       -0.09737817128568       -3.38944016508623
H            3.35236621028376       -2.07238940662774       -2.67589372451311
H            4.04904610620653       -3.62424890699721       -0.89427166498990
H            3.21781759571086       -3.33123997301661        1.40513417331591
H            1.68335515401342       -1.47907660741263        1.94591437046356
H            0.40962078107654        0.48574412399120        1.23433611927746
34
 energy: -49.112322042091 gnorm: 0.000097773077 xtb: 6.7.1 (edcfbbe)
C           -0.27513299096785        3.67857847600150       -1.05853172431812
C           -0.57065424397009        2.34210988673233       -0.44801158246416
N           -1.57192342811166        2.25535591821760        0.32296843362434
C           -2.08820606801954        1.10981584766853        0.88686661234625
C           -2.31986959377387        1.07915138899476        2.26448748556806
C           -2.92421916873212       -0.01807140038067        2.84444662075692
C           -3.33237511506891       -1.08932659835772        2.06481846041205
C           -3.12859838123002       -1.05493012985371        0.69476833229487
C           -2.50851870751638        0.02924655877033        0.10610769801379
C            0.35811405414725        1.23275306668509       -0.76398316389851
C            0.84858203901899        1.06189608774874       -2.07828307092494
C            1.69465594634026        0.03392577421106       -2.37871399098480
C            2.11540136702563       -0.87691231176122       -1.38605618673283
C            2.99181095577240       -1.94602114934682       -1.66457262746844
C            3.37703751028430       -2.80720814950359       -0.67487182555000
C            2.90308068379395       -2.63985467712297        0.63676551008275
C            2.05349088382467       -1.61270767366397        0.93885149498562
C            1.63752710433157       -0.70633223172978       -0.06004817369678
C            0.75787949599261        0.35673441866398        0.21858544406387
H           -0.55382610760586        3.67561265230407       -2.11175245883590
H           -0.85495050445027        4.44565701781162       -0.55292421055827
H            0.78708531950235        3.90487672301653       -0.98792833303851
H           -1.99982920065575        1.91772552118234        2.86599792567665
H           -3.08458463387549       -0.03633747907614        3.91342761315959
H           -3.81081573148608       -1.94322395942647        2.52179472451051
H           -3.44998309282030       -1.88374033651600        0.07939425209289
H           -2.35035267417398        0.06008322754111       -0.96330885947118
H            0.53122391119954        1.74108164601034       -2.85561259376434
H            2.05764867612024       -0.09586942402084       -3.38898607230512
H            3.35344288907642       -2.07195351998521       -2.67569262817939
H            4.04908998986585       -3.62443628432397       -0.89422932692783
H            3.21693034606430       -3.33198428538556        1.40491346869999
H            1.68216124888985       -1.47998546855939        1.94546771629090
H            0.40867722110823        0.48486708016436        1.23384503654174
