epoch,E_hartree,var_EL,acceptance,mc_step,grad_norm,lr,elapsed_s
1,-1.1745736656782717,0.02191235692834644,0.50634765625,0.4628749999999999,0.03745057548090087,0.003999993488806371,0.7998137474060059
2,-1.1658845490426897,0.023085220468439107,0.5096435546875,0.4628749999999999,0.160244384475122,0.00399997395527011,1.615967035293579
3,-1.1746002341911717,0.02173118696531988,0.5189208984375,0.4628749999999999,0.08198900951534861,0.0039999413995250995,2.4059548377990723
4,-1.1720041759525088,0.022540387075359276,0.496337890625,0.4628749999999999,0.11480990727942719,0.003999895821794472,3.1498537063598633
5,-1.16783279462534,0.02001773877616695,0.491455078125,0.4628749999999999,0.07657241144735562,0.003999837222390612,3.95035982131958
6,-1.1728885930912964,0.016462430050499258,0.5068359375,0.4628749999999999,0.05438830150713321,0.003999765601715154,4.703480005264282
7,-1.1728607669067745,0.016096050898535465,0.5186767578125,0.4628749999999999,0.044386553003985856,0.003999680960258978,5.479227781295776
8,-1.1702982417762313,0.015492532296462774,0.503662109375,0.4628749999999999,0.02741627191911488,0.003999583298602205,6.276167631149292
9,-1.1751545692473475,0.014736388219034158,0.5123291015625,0.4628749999999999,0.03772394052583067,0.003999472617414199,7.042747974395752
10,-1.1750706190135203,0.01517923895530914,0.5040283203125,0.4628749999999999,0.04275510612546161,0.0039993489174535565,7.808846950531006
11,-1.1721625737349184,0.014549845372307014,0.50390625,0.4628749999999999,0.035294309537215844,0.003999212199568104,8.54341745376587
12,-1.1642751055381755,0.012520922157021046,0.511962890625,0.4628749999999999,0.027447555139188125,0.003999062464694888,9.296273469924927
13,-1.1696499231056094,0.012952580176098726,0.5042724609375,0.4628749999999999,0.04361631136565522,0.003998899713860176,10.07384443283081
14,-1.1674486240637898,0.013031787823206626,0.5084228515625,0.4628749999999999,0.04293517622142717,0.003998723948179444,10.837610721588135
15,-1.1710302970551507,0.012318006840715998,0.505859375,0.4628749999999999,0.03470018256769321,0.003998535168857371,11.557933807373047
16,-1.1704767891738932,0.010090542382368011,0.509033203125,0.4628749999999999,0.03766527157841449,0.003998333377187828,12.306880474090576
17,-1.1733470520492255,0.009966400946870837,0.4952392578125,0.4628749999999999,0.03141760476380097,0.0039981185745538725,13.075940132141113
18,-1.173180504951031,0.01007626223638444,0.505126953125,0.4628749999999999,0.0330482936229257,0.0039978907624277395,13.841270923614502
19,-1.1733985544174605,0.008266223530008093,0.50048828125,0.4628749999999999,0.028962590790964828,0.003997649942370825,14.623923540115356
20,-1.1744498774123393,0.009046306795009946,0.504150390625,0.4628749999999999,0.032782508932682315,0.0039973961160336855,15.404363632202148
21,-1.1741416741911372,0.007221063927973354,0.50634765625,0.4628749999999999,0.026165483629687368,0.003997129285156018,16.17510151863098
22,-1.1726083547925414,0.0066437644807364644,0.5,0.4628749999999999,0.0382226093431977,0.00399684945156665,16.889349460601807
23,-1.1704184697957842,0.006612746233152179,0.498779296875,0.4628749999999999,0.0300019711522955,0.00399655661718353,17.66157102584839
24,-1.1713648290929926,0.00536750956758817,0.506591796875,0.4628749999999999,0.036906759845401794,0.003996250784013712,18.41068959236145
25,-1.1732517587069289,0.005472035877919873,0.5018310546875,0.4628749999999999,0.028185346644212763,0.003995931954153343,19.19951581954956
26,-1.1723312996454034,0.0051719372430498,0.5111083984375,0.4628749999999999,0.03729335861818231,0.003995600129787645,19.958274602890015
27,-1.1719242130922796,0.004810048472494655,0.4979248046875,0.4628749999999999,0.032720731171877314,0.003995255313190908,20.779661178588867
28,-1.1724298426228974,0.004401993987815732,0.5045166015625,0.4628749999999999,0.027058864477272227,0.0039948975067264645,21.54003620147705
29,-1.1738222758823573,0.004981142419342815,0.5081787109375,0.4628749999999999,0.05788713671496738,0.003994526712846681,22.351348161697388
30,-1.172394176149533,0.004428101964867147,0.5069580078125,0.4628749999999999,0.02724047865202638,0.0039941429340929376,23.078166723251343
31,-1.170986441628961,0.0040350720920950805,0.5015869140625,0.4628749999999999,0.03898148872113625,0.0039937461730956084,23.840762853622437
32,-1.1724332665636887,0.004352582963664075,0.4990234375,0.4628749999999999,0.040662311119877295,0.003993336432574051,24.579596519470215
33,-1.1737169516056398,0.0048531418035252785,0.5184326171875,0.4628749999999999,0.0444670406512789,0.0039929137153365815,25.34523320198059
34,-1.174106067397099,0.00476742460502176,0.50341796875,0.4628749999999999,0.041813215077996596,0.003992478024280455,26.130936861038208
35,-1.1730476555764655,0.004582982114112093,0.50390625,0.4628749999999999,0.048180333235493714,0.003992029362391849,26.87409734725952
36,-1.172851859163735,0.004445964947978561,0.505859375,0.4628749999999999,0.05073072468997252,0.003991567732745844,27.64818263053894
37,-1.1758851861010253,0.004409027333680873,0.5054931640625,0.4628749999999999,0.048098137697078776,0.003991093138506396,28.40942621231079
38,-1.1727874289142926,0.004321411459895614,0.50634765625,0.4628749999999999,0.04322451223358975,0.003990605582926321,29.181272745132446
39,-1.1740015507420813,0.005132834096228485,0.50830078125,0.4628749999999999,0.0831620758424056,0.003990105069347271,29.942567825317383
40,-1.1770565178793864,0.00673973759832446,0.4989013671875,0.4628749999999999,0.13124115700585043,0.00398959160119971,30.703550100326538
41,-1.1735665444750993,0.006008320751618493,0.509521484375,0.4628749999999999,0.1177923008691418,0.00398906518200289,31.461705923080444
42,-1.1744045528077498,0.006151584686168483,0.50634765625,0.4628749999999999,0.09512609688570858,0.003988525815364832,32.198967695236206
43,-1.1729520774989952,0.006721216641217741,0.5069580078125,0.4628749999999999,0.14147426453776707,0.003987973504982291,32.969868421554565
44,-1.172954839433129,0.007913765783799322,0.4942626953125,0.4628749999999999,0.1910085293185722,0.003987408254640742,33.77799606323242
45,-1.1759262754522837,0.008708247278100868,0.5194091796875,0.4628749999999999,0.2747590307207912,0.003986830068214349,34.55985069274902
46,-1.173235917286044,0.010004954094164978,0.501220703125,0.4628749999999999,0.3946303763023384,0.003986238949665936,35.31384253501892
47,-1.1772538271611026,0.010900417192835665,0.5152587890625,0.4628749999999999,0.4415681440448441,0.003985634903046962,36.03959035873413
48,-1.1734655986720695,0.008888361862630263,0.51806640625,0.4628749999999999,0.37908840956485773,0.003985017932497497,36.71315789222717
49,-1.1712137134201948,0.0077912626630746796,0.5035400390625,0.4628749999999999,0.264661200484011,0.003984388042246187,37.43014216423035
50,-1.1740426711785732,0.008992940796134845,0.503173828125,0.4628749999999999,0.35741803877139733,0.003983745236610229,38.118717432022095
51,-1.1714106143457284,0.005989391048145076,0.505615234375,0.4628749999999999,0.24116013259508265,0.0039830895199953415,38.823925733566284
52,-1.1752443111484983,0.008734891976745042,0.504638671875,0.4628749999999999,0.36886929991956136,0.003982420896895732,39.519288539886475
53,-1.1726904679746823,0.004946213790536261,0.4935302734375,0.4628749999999999,0.13703469727640885,0.003981739371894069,40.24875473976135
54,-1.1721007606102511,0.007364306606422677,0.5040283203125,0.4628749999999999,0.35927946657375054,0.003981044949661448,40.903849601745605
55,-1.1735684159061806,0.00421668891486704,0.513671875,0.4628749999999999,0.09640580597154282,0.003980337634957362,41.5652174949646
56,-1.1757644601886992,0.007934971026909328,0.5030517578125,0.4628749999999999,0.28640615849931894,0.003979617432629667,42.297529458999634
57,-1.1739676237054115,0.005695023285977548,0.509765625,0.4628749999999999,0.20328793824895824,0.003978884347614548,42.98492240905762
58,-1.1740102065817628,0.005618899114132346,0.5147705078125,0.4628749999999999,0.19470955532969653,0.003978138384936487,43.6901638507843
59,-1.1773708470845148,0.0048609810571619266,0.5009765625,0.4628749999999999,0.20108296258283923,0.003977379549708231,44.41682982444763
60,-1.173875548332945,0.0047705783770245124,0.5189208984375,0.4628749999999999,0.2087538706554022,0.00397660784713075,45.1663613319397
61,-1.1760604608838343,0.004551194109502664,0.502685546875,0.4628749999999999,0.1567035460343461,0.0039758232824932075,45.86625671386719
62,-1.1769977163822238,0.0057193969284967654,0.502685546875,0.4628749999999999,0.22064727328137512,0.003975025861172922,46.60078239440918
63,-1.1733067199428349,0.004309677758803591,0.4996337890625,0.4628749999999999,0.10913681497888486,0.003974215588635329,47.282891273498535
64,-1.174063919312748,0.004831650305149828,0.510986328125,0.4628749999999999,0.18858860822703052,0.003973392470433947,47.99059009552002
65,-1.1748793883950044,0.004889578831704509,0.5093994140625,0.4628749999999999,0.16960458340890736,0.003972556512210335,48.7093620300293
66,-1.1768824260773836,0.0051343997517398305,0.511474609375,0.4628749999999999,0.13059484248266637,0.0039717077196940575,49.386918783187866
67,-1.177403484923996,0.005167576654320587,0.5135498046875,0.4628749999999999,0.19481943542108734,0.003970846098702643,50.07931613922119
68,-1.1738096500178705,0.003885233860144181,0.5184326171875,0.4628749999999999,0.1216205868211815,0.003969971655141546,50.803932189941406
69,-1.1748963627372193,0.00374224425894775,0.5054931640625,0.4628749999999999,0.13819659077097385,0.003969084395004105,51.5217719078064
70,-1.1746241864126739,0.004472717477237492,0.5015869140625,0.4628749999999999,0.13425299999147025,0.003968184324371501,52.22471594810486
71,-1.1726654705841861,0.0038020402660935318,0.5101318359375,0.4628749999999999,0.11335128103511442,0.003967271449412716,53.00756645202637
72,-1.1754911923665556,0.004051155817489434,0.5074462890625,0.4628749999999999,0.11669030053347394,0.0039663457763844945,53.766263484954834
73,-1.1781133927502063,0.004691332400199299,0.5032958984375,0.4628749999999999,0.13518903380310845,0.003965407311631295,54.50011396408081
74,-1.175822988434947,0.0038933635391594393,0.513671875,0.4628749999999999,0.10006665521533413,0.003964456061585251,55.20035433769226
75,-1.174992515023047,0.0034997382793967844,0.51513671875,0.4628749999999999,0.10004357986408399,0.003963492032766123,55.908686876297
76,-1.1736583813823396,0.0036266747085410135,0.5123291015625,0.4628749999999999,0.07267964111758562,0.003962515231781256,56.61827731132507
77,-1.1747737249648873,0.0041613369211446856,0.5079345703125,0.4628749999999999,0.07800940645203942,0.003961525665325536,57.30718755722046
78,-1.1730589103934705,0.004086750186587675,0.5111083984375,0.4628749999999999,0.06776241557820245,0.003960523340181339,58.014004945755005
79,-1.1719349771464622,0.0038200278924652295,0.5108642578125,0.4628749999999999,0.08934509657996012,0.003959508263218491,58.70024371147156
80,-1.1735806097630532,0.0040436628482268,0.512939453125,0.4628749999999999,0.06302237997077961,0.003958480441394215,59.353734254837036
81,-1.1725851219481163,0.0037007667006220607,0.51318359375,0.4628749999999999,0.10515621157901521,0.0039574398817530864,60.07941126823425
82,-1.1747318635053197,0.00507316842664653,0.50390625,0.4628749999999999,0.12690062374555802,0.003956386591426985,60.79895067214966
83,-1.1724309994479887,0.005675493898131662,0.5126953125,0.4628749999999999,0.16306605772758906,0.003955320577635044,61.61606192588806
84,-1.1774244651031367,0.010310243586299039,0.51123046875,0.4628749999999999,0.2631408251693951,0.003954241847683603,62.391300201416016
85,-1.1707914786843459,0.018047229064045947,0.49169921875,0.4628749999999999,1.3258042580465812,0.003953150408966157,63.11981987953186
86,-1.1607836072726458,0.36758501056507425,0.5484619140625,0.4628749999999999,10.074576763402405,0.003952046268963305,63.8965699672699
87,-1.1812533260282612,0.018071881365188655,0.50830078125,0.4628749999999999,0.8249034841393711,0.003950929435242697,64.67805671691895
88,-1.1718814818134855,0.0447148153647543,0.5042724609375,0.4628749999999999,1.1846915393605744,0.003949799915458987,65.4695200920105
89,-1.1694190535353846,0.01886989252894889,0.5068359375,0.4628749999999999,0.47854363155405083,0.0039486577173537775,66.21519994735718
90,-1.1766825820572597,0.014937682575964645,0.5157470703125,0.4628749999999999,0.37176657781788863,0.003947502848755567,66.97687315940857
91,-1.1697994520874784,0.013700802983233576,0.518798828125,0.4628749999999999,0.34880735644738026,0.003946335317579695,67.72407698631287
92,-1.1693728408123243,0.0074735073469727525,0.5120849609375,0.4628749999999999,0.07529390947839458,0.003945155131828289,68.47320127487183
93,-1.174314273313266,0.011642132189361587,0.5081787109375,0.4628749999999999,0.12627417163272323,0.003943962299590212,69.24706029891968
94,-1.173102504352053,0.011580214034196474,0.5040283203125,0.4628749999999999,0.13034689625318027,0.003942756829041,70.01110601425171
95,-1.1718208259823255,0.010368135843408606,0.51416015625,0.4628749999999999,0.0898342973322413,0.003941538728442814,70.79929494857788
96,-1.1717874207439074,0.010597728370458342,0.5042724609375,0.4628749999999999,0.07240392114823167,0.00394030800614438,71.55257654190063
97,-1.1762546694694005,0.01079811286541539,0.5076904296875,0.4628749999999999,0.09580510899655206,0.003939064670580929,72.29379463195801
98,-1.17119895935092,0.00807254554357087,0.4964599609375,0.4628749999999999,0.07355703147721988,0.003937808730274146,73.04469728469849
99,-1.1779158880462552,0.009318002796738261,0.51025390625,0.4628749999999999,0.057416366940861004,0.003936540193832104,73.838449716568
100,-1.1782568745637643,0.008312363766955655,0.504150390625,0.4628749999999999,0.059429898401175935,0.00393525906994921,74.60339045524597
101,-1.1719936002975722,0.007744848234164652,0.5101318359375,0.4628749999999999,0.06710976630831808,0.003933965367406143,75.34571552276611
102,-1.1751111806951462,0.00837434380292872,0.50390625,0.4628749999999999,0.05523837858725453,0.003932659095069796,76.07158088684082
103,-1.174360685854205,0.007552089875826544,0.50146484375,0.4628749999999999,0.04995507101663407,0.003931340261893213,76.88953471183777
104,-1.174727464480501,0.007436087017114138,0.5159912109375,0.4628749999999999,0.0516517356580061,0.003930008876915529,77.69984698295593
105,-1.1743761225957448,0.007226104464210556,0.4990234375,0.4628749999999999,0.03460171384995921,0.003928664949261908,78.50401139259338
106,-1.1749971918472153,0.007357092666144831,0.5062255859375,0.4628749999999999,0.04467214831714167,0.00392730848814348,79.28163409233093
107,-1.1738514614939026,0.008304508698621288,0.5106201171875,0.4628749999999999,0.05839020982142941,0.003925939502857276,80.03565287590027
108,-1.1769312168058956,0.008387808761449749,0.510009765625,0.4628749999999999,0.07370378881099339,0.00392455800278617,80.79090452194214
109,-1.1751672612619108,0.008091971030152382,0.503662109375,0.4628749999999999,0.0576711754942845,0.003923163997398806,81.51909565925598
110,-1.1752047798735843,0.008773846553425944,0.5213623046875,0.4628749999999999,0.04468074109909791,0.003921757496249544,82.27258610725403
111,-1.1787687495708141,0.010124155975060714,0.512451171875,0.4628749999999999,0.07479027136377085,0.0039203385089783835,83.04642701148987
112,-1.1785349524932354,0.010806459149268408,0.509765625,0.4628749999999999,0.06970728739355381,0.0039189070453109045,83.82216811180115
113,-1.1719670672000198,0.009052188907421661,0.516357421875,0.4628749999999999,0.061485001359025744,0.0039174631150581994,84.57882618904114
114,-1.172949352215193,0.008186133860913164,0.5125732421875,0.4628749999999999,0.05876334902188708,0.0039160067281168035,85.37965059280396
115,-1.1716841083938183,0.008584470699970316,0.5152587890625,0.4628749999999999,0.06528201201132834,0.003914537894468631,86.18358135223389
116,-1.1732881250760179,0.00993673926733592,0.50830078125,0.4628749999999999,0.0774973637337289,0.003913056624180902,86.99074292182922
117,-1.1760049785404005,0.010063719490539236,0.5064697265625,0.4628749999999999,0.09210975070442337,0.003911562927406078,87.78686094284058
118,-1.176011664626336,0.009411602519614126,0.5076904296875,0.4628749999999999,0.07224735126418012,0.003910056814381789,88.53887510299683
119,-1.1783380979660496,0.009798787911074998,0.5089111328125,0.4628749999999999,0.05178800632708623,0.003908538295430765,89.30964684486389
120,-1.1774270176371573,0.011195946204984085,0.510986328125,0.4628749999999999,0.11598844877581102,0.003907007380960766,90.10158109664917
121,-1.1730129842586319,0.008115461248662399,0.5108642578125,0.4628749999999999,0.0779808008256794,0.003905464081464507,90.89618039131165
122,-1.173270630130543,0.006791854376364743,0.510009765625,0.4628749999999999,0.08378447891707728,0.0039039084075195916,91.70104146003723
123,-1.1745885155664193,0.00619565850981092,0.5106201171875,0.4628749999999999,0.09481721345078302,0.0039023403697884323,92.5588698387146
124,-1.1733893237651993,0.005110729281510529,0.5120849609375,0.4628749999999999,0.08037018784813495,0.0039007599790181866,93.35752773284912
125,-1.1740143377584893,0.0050585835401221945,0.5146484375,0.4628749999999999,0.0965785765832774,0.0038991672460406746,94.14919924736023
126,-1.1728119576971605,0.0044287242740534355,0.5086669921875,0.4628749999999999,0.08732328758973165,0.0038975621817723097,94.93322539329529
127,-1.1761697324290528,0.004088706733881652,0.5047607421875,0.4628749999999999,0.05655003953938897,0.0038959447972140232,95.71999168395996
128,-1.1722523260840676,0.004259302207872068,0.5067138671875,0.4628749999999999,0.06884525189396518,0.0038943151034511883,96.51409268379211
129,-1.1734584523464742,0.004374401797864592,0.5152587890625,0.4628749999999999,0.05244347072024275,0.003892673111653542,97.23607230186462
130,-1.173131125377493,0.005278729076031122,0.5047607421875,0.4628749999999999,0.07473356323719683,0.0038910188330751137,98.00694751739502
131,-1.1717664688280922,0.005664493131806532,0.5059814453125,0.4628749999999999,0.14326930712136962,0.003889352279054142,98.77153134346008
132,-1.1749419589887498,0.004298122558086419,0.512451171875,0.4628749999999999,0.05849769187400176,0.0038876734610130033,99.51914072036743
133,-1.1732900574599108,0.0046167910079786,0.50244140625,0.4628749999999999,0.08090692555620109,0.003885982390458127,100.31942629814148
134,-1.1765419116200113,0.005478683099797287,0.5093994140625,0.4628749999999999,0.04312810348200115,0.003884279078979922,101.05495119094849
135,-1.1710874636136777,0.005624995733172726,0.5028076171875,0.4628749999999999,0.0618543530779748,0.0038825635382526954,101.80837106704712
136,-1.1715198725352538,0.006230661028401256,0.5028076171875,0.4628749999999999,0.0681928263242158,0.003880835780034569,102.62237977981567
137,-1.169775631926052,0.006300658347332667,0.507568359375,0.4628749999999999,0.045265594520375506,0.0038790958161674057,103.40670084953308
138,-1.174020713325592,0.007237142056371703,0.5040283203125,0.4628749999999999,0.033016459501681895,0.003877343658576723,104.15107798576355
139,-1.175045126451856,0.006347400712474266,0.4991455078125,0.4628749999999999,0.027419521839909703,0.0038755793192716127,104.92546701431274
140,-1.1698855603562786,0.007742351090453978,0.5078125,0.4628749999999999,0.0348761809619026,0.0038738028103446585,105.67674422264099
141,-1.1726373646471262,0.00815721014027729,0.4945068359375,0.4628749999999999,0.037101555651129665,0.003872014143971854,106.41463470458984
142,-1.1741237510190472,0.008364442765796225,0.5103759765625,0.4628749999999999,0.04125219205880389,0.003870213332412518,107.12918782234192
143,-1.1739945786134056,0.008788913755685029,0.50146484375,0.4628749999999999,0.03823947785489385,0.0038684003880092113,107.9027349948883
144,-1.172817618067457,0.006879450569837393,0.5087890625,0.4628749999999999,0.03177147778435709,0.003866575323187652,108.64608097076416
145,-1.1738320991240605,0.007668417888259059,0.5142822265625,0.4628749999999999,0.02201281221835674,0.0038647381504566306,109.4447762966156
146,-1.1730094369262898,0.008155595267351583,0.5054931640625,0.4628749999999999,0.02534091703597371,0.0038628888824079224,110.25221490859985
147,-1.1753077008548245,0.00786819383190763,0.505126953125,0.4628749999999999,0.0432719073008823,0.003861027531716204,111.03999352455139
148,-1.17237978334634,0.006639257423847488,0.501708984375,0.4628749999999999,0.027300972277323903,0.003859154111138965,111.79105305671692
149,-1.1753281511674674,0.005225924617394939,0.4986572265625,0.4628749999999999,0.03446342060468725,0.003857268633516419,112.60059571266174
150,-1.1732061778251648,0.005217951912683648,0.4993896484375,0.4628749999999999,0.03428024749002199,0.0038553711117714196,113.369619846344
151,-1.172914338451191,0.005305515212803464,0.503173828125,0.4628749999999999,0.027956378871990553,0.003853461558909368,114.18628644943237
152,-1.1742642677408224,0.004830492149631214,0.5020751953125,0.4628749999999999,0.024556912228940984,0.003851539988018126,114.93955874443054
153,-1.17547132139129,0.005565398403470785,0.50341796875,0.4628749999999999,0.040766390210664,0.0038496064122679253,115.67358207702637
154,-1.1714624600250199,0.004873082487596109,0.5107421875,0.4628749999999999,0.041500195807971874,0.003847660844911277,116.40649819374084
155,-1.1708585050791247,0.004659806918027882,0.51025390625,0.4628749999999999,0.042796415146251376,0.003845703299282882,117.23183178901672
156,-1.1721207887642957,0.003872170767204594,0.5177001953125,0.4628749999999999,0.029941068836967132,0.003843733788799539,118.02773642539978
157,-1.1737328670790048,0.004151971992255948,0.5069580078125,0.4628749999999999,0.02623157170912259,0.003841752326960053,118.84936761856079
158,-1.1723837778645607,0.004004531276672454,0.5042724609375,0.4628749999999999,0.031031795446407866,0.003839758927345141,119.56779146194458
159,-1.1748677092141233,0.003529766189186374,0.5074462890625,0.4628749999999999,0.03675743756044768,0.003837753603617341,120.34595108032227
160,-1.1728975335064176,0.003613236845499747,0.5069580078125,0.4628749999999999,0.03976153298905622,0.003835736369520917,121.12753033638
161,-1.1711967327892419,0.002838212958221247,0.5106201171875,0.4628749999999999,0.02053838353552424,0.003833707238881766,121.89661145210266
162,-1.1734170071470258,0.0029984207982660925,0.5189208984375,0.4628749999999999,0.022743176409637925,0.0038316662256073215,122.69719409942627
163,-1.173038875200628,0.003413159278439469,0.5096435546875,0.4628749999999999,0.0445953093239979,0.003829613343686461,123.44870448112488
164,-1.1744253637000681,0.003647688912669823,0.5185546875,0.4628749999999999,0.04100983492336566,0.0038275486071894065,124.2121639251709
165,-1.1749276538857276,0.003972026306084714,0.4979248046875,0.4628749999999999,0.03184313629246018,0.0038254720302676307,124.94051671028137
166,-1.1733217517625798,0.0026004427394121536,0.5003662109375,0.4628749999999999,0.016355241396865946,0.0038233836271537596,125.7020263671875
167,-1.173239246473988,0.002735970691045331,0.5047607421875,0.4628749999999999,0.02487116267263324,0.003821283412161474,126.49243998527527
168,-1.1741253491866819,0.0028844921682017162,0.5162353515625,0.4628749999999999,0.033693487246674717,0.0038191713996854133,127.19422578811646
169,-1.1732903469280256,0.002723948140361723,0.5137939453125,0.4628749999999999,0.018206413152932872,0.003817047604201073,128.00319075584412
170,-1.1728050786663338,0.002765043708826549,0.5089111328125,0.4628749999999999,0.011521162144145695,0.0038149120402647114,128.76267647743225
171,-1.1730611957751518,0.002762889551925769,0.5057373046875,0.4628749999999999,0.017033218256844472,0.003812764722513243,129.53766202926636
172,-1.1729576507477693,0.002559678747939969,0.5025634765625,0.4628749999999999,0.02042420558711721,0.0038106056656641444,130.30496621131897
173,-1.172765972837034,0.0028417445831661085,0.508544921875,0.4628749999999999,0.02391567791947815,0.003808434884515348,131.04596853256226
174,-1.1753133946980978,0.0029195604152228143,0.5185546875,0.4628749999999999,0.024531922976477126,0.0038062523939451456,131.80659914016724
175,-1.1732106000569766,0.002466475114547276,0.505615234375,0.4628749999999999,0.018591557501728848,0.0038040582089120837,132.54816794395447
176,-1.1748071642581457,0.002480988867811882,0.510009765625,0.4628749999999999,0.023167366686269897,0.0038018523444548606,133.3467993736267
177,-1.1752788341019111,0.002262827554931317,0.5059814453125,0.4628749999999999,0.020460010564181615,0.0037996348156922235,134.0900902748108
178,-1.1746710177082047,0.002920678239836295,0.5048828125,0.4628749999999999,0.03542676222276503,0.0037974056378228672,134.8585925102234
179,-1.175913824672425,0.002863416529253073,0.5108642578125,0.4628749999999999,0.029676467524784804,0.0037951648261253267,135.63527536392212
180,-1.1736566196892295,0.0029524684798702757,0.50439453125,0.4628749999999999,0.02185778807606401,0.003792912395957875,136.4161512851715
181,-1.1745821756471506,0.003295378140410969,0.5084228515625,0.4628749999999999,0.026126547107978123,0.0037906483627584155,137.17514324188232
182,-1.1767507248210158,0.0032442239134691086,0.5108642578125,0.4628749999999999,0.04524474017388116,0.0037883727420443786,137.95554995536804
183,-1.1748284513723917,0.002961443251717377,0.5048828125,0.4628749999999999,0.03180874641516416,0.003786085549412614,138.7043263912201
184,-1.1760114227768343,0.0034172193962357512,0.5089111328125,0.4628749999999999,0.03967357473975732,0.0037837868005392837,139.4811327457428
185,-1.172982207904412,0.0037799147331575708,0.50830078125,0.4628749999999999,0.03440770565863133,0.0037814765111797554,140.21794867515564
186,-1.1735081322106184,0.005145532783502886,0.496337890625,0.4628749999999999,0.0843392392540617,0.0037791546971684934,141.0336332321167
187,-1.173383545242484,0.00512782733735078,0.506103515625,0.4628749999999999,0.05771017111153208,0.003776821374418951,141.85084009170532
188,-1.1730089545742626,0.004483986829260448,0.514892578125,0.4628749999999999,0.049316887393963976,0.0037744765589234606,142.59372091293335
189,-1.1739748764317954,0.004368162854656979,0.5054931640625,0.4628749999999999,0.06255169498608373,0.003772120266753127,143.35331225395203
190,-1.1744532475992497,0.004362652612677839,0.5008544921875,0.4628749999999999,0.0744489496623576,0.00376975251405771,144.1396927833557
191,-1.1747646816603647,0.004559938861313307,0.5106201171875,0.4628749999999999,0.1052043444715379,0.0037673733170655237,144.91297960281372
192,-1.1746064097023101,0.0051448681155677415,0.5008544921875,0.4628749999999999,0.14148855899216398,0.003764982692083317,145.71019649505615
193,-1.1751654930278703,0.004129919480965644,0.503662109375,0.4628749999999999,0.12508522703239583,0.003762580655496166,146.4747176170349
194,-1.1745139530835331,0.006131212015814429,0.5072021484375,0.4628749999999999,0.23316368321429093,0.003760167223767361,147.20060634613037
195,-1.173676509447923,0.012134865426787786,0.500244140625,0.4628749999999999,0.6100123576465363,0.0037577424134382915,147.97351956367493
196,-1.1774482805660171,0.12136337901605235,0.52783203125,0.4628749999999999,3.3073192199623422,0.003755306241128337,148.77520513534546
197,-1.187053597752148,0.12451069590510312,0.4947509765625,0.4628749999999999,1.3416390044787099,0.003752858723534749,149.57364678382874
198,-1.1579697853577127,0.14761884399964284,0.4923095703125,0.4628749999999999,0.9867432237418792,0.0037503998774325404,150.3402636051178
199,-1.1511798406290699,0.1119095671550704,0.5087890625,0.4628749999999999,0.6191800842561085,0.0037479297196743658,151.10421872138977
200,-1.1440370342487745,0.09206634584950986,0.5096435546875,0.4628749999999999,0.4349072788063231,0.0037454482671904106,151.8366289138794
201,-1.1635186453572262,0.05974937620386887,0.520751953125,0.4628749999999999,0.22481733281482594,0.003742955536988272,152.5924310684204
202,-1.162689705940096,0.05558712507747724,0.510009765625,0.4628749999999999,0.1889819115926593,0.0037404515461528435,153.4015007019043
203,-1.1634958960300676,0.0405380663660671,0.5181884765625,0.4628749999999999,0.14265998386514667,0.0037379363118461985,154.18727493286133
204,-1.1660829461850328,0.03511224215203562,0.5267333984375,0.4628749999999999,0.14175362087988966,0.0037354098513074706,154.9391884803772
205,-1.166733722158063,0.024934512776967486,0.52001953125,0.4628749999999999,0.13667633775178004,0.003732872181852738,155.74256873130798
206,-1.1710520193279805,0.020427582867547662,0.5008544921875,0.4628749999999999,0.10487568539258628,0.003730323320874903,156.58794975280762
207,-1.174301179715508,0.01725157417021191,0.5040283203125,0.4628749999999999,0.04617186291432042,0.0037277632858435726,157.38667154312134
208,-1.1805571966692665,0.02027085190230925,0.4984130859375,0.4628749999999999,0.16974797171173373,0.003725192094304941,158.1763482093811
209,-1.1715700331153789,0.01640425232479559,0.49853515625,0.4628749999999999,0.15785592997681727,0.0037226097638816667,158.94583535194397
210,-1.1685383506243583,0.015471181217656265,0.498291015625,0.4628749999999999,0.12112352878746437,0.0037200163122727537,159.70063161849976
211,-1.1688141139270671,0.014645681111676755,0.499267578125,0.4628749999999999,0.1434800204816274,0.0037174117572534287,160.48190927505493
212,-1.169586733285216,0.009946144576474506,0.4925537109375,0.4628749999999999,0.09457947662434445,0.00371479611667502,161.21743750572205
213,-1.1728201259790696,0.009513513998641494,0.5064697265625,0.4628749999999999,0.050716807909574044,0.003712169408464836,161.8737554550171
214,-1.172295922691494,0.009987181372246676,0.51416015625,0.4628749999999999,0.056285598234390735,0.00370953165062604,162.54808568954468
215,-1.170669033844404,0.010370694523322257,0.5103759765625,0.4628749999999999,0.0671009232038623,0.0037068828612375287,163.24680638313293
216,-1.1756966051994113,0.011571056117630946,0.5008544921875,0.4628749999999999,0.06388997704256963,0.0037042230584538077,163.96938347816467
217,-1.174484245190171,0.008819388943338642,0.5013427734375,0.4628749999999999,0.04934452858726452,0.003701552260504869,164.63388419151306
218,-1.1727232939853272,0.007407939564995596,0.5064697265625,0.4628749999999999,0.03069488372889529,0.0036988704856960614,165.36312699317932
219,-1.172777091069296,0.007681666365906685,0.4998779296875,0.4628749999999999,0.05799517148035211,0.003696177752407969,166.0493085384369
220,-1.1721835855675429,0.007249444814987391,0.5009765625,0.4628749999999999,0.059730030049046846,0.0036934740790962855,166.74323272705078
221,-1.169829473436184,0.00644122387040606,0.5047607421875,0.4628749999999999,0.04069330490396003,0.0036907594842916836,167.4526126384735
222,-1.1728394548305832,0.005927504475855033,0.4921875,0.4628749999999999,0.023044277286489747,0.0036880339865996933,168.10873341560364
223,-1.1705834442205432,0.006814034357032067,0.503662109375,0.4628749999999999,0.05092586486697846,0.0036852976047005697,168.87636399269104
224,-1.1735345284355851,0.006205811413872662,0.5072021484375,0.4628749999999999,0.04741245176396589,0.003682550357349168,169.5930142402649
225,-1.173704773893097,0.005335094145743009,0.5,0.4628749999999999,0.03350088181613345,0.0036797922633748158,170.29785990715027
226,-1.172999627548697,0.004755617908860174,0.50146484375,0.4628749999999999,0.027078276603560828,0.003677023341681178,171.00620460510254
227,-1.1735386190910093,0.0056737575605585065,0.5067138671875,0.4628749999999999,0.03871523073940005,0.0036742436112461347,171.67520666122437
228,-1.1744908953925894,0.004816785155678234,0.512939453125,0.4628749999999999,0.03462506937578648,0.0036714530911216474,172.33252215385437
229,-1.174522776143681,0.005503651475464259,0.5135498046875,0.4628749999999999,0.03012152055576515,0.0036686518004336284,173.00637483596802
230,-1.1757413044133442,0.005101842297319026,0.5072021484375,0.4628749999999999,0.02932213673614743,0.0036658397583818098,173.69691014289856
231,-1.1739500743592797,0.00600921615509827,0.502685546875,0.4628749999999999,0.031778652289160846,0.003663016984239614,174.44296646118164
232,-1.1761704168912392,0.005781086114740895,0.504638671875,0.4628749999999999,0.03184933520910709,0.0036601834973540182,175.1832938194275
233,-1.1753106048923394,0.005235327901223573,0.501953125,0.4628749999999999,0.026967293034849106,0.003657339317145424,175.90954732894897
234,-1.174980291946265,0.0053500062333130035,0.5087890625,0.4628749999999999,0.027235074243155494,0.0036544844631075245,176.6369125843048
235,-1.1750497548728873,0.004305977347611885,0.5118408203125,0.4628749999999999,0.03375733506954793,0.00365161895480717,177.28080129623413
236,-1.1741550909186276,0.005196518880534336,0.50439453125,0.4628749999999999,0.039781342014725656,0.0036487428118842325,177.9430615901947
237,-1.1742286030350955,0.005207983519337933,0.5029296875,0.4628749999999999,0.033518348284416744,0.0036458560540514754,178.5906686782837
238,-1.1731197065013967,0.004999804416008276,0.502197265625,0.4628749999999999,0.02396785425272042,0.003642958701094412,179.27899956703186
239,-1.17169051580915,0.005342862494085788,0.5069580078125,0.4628749999999999,0.033413432488175694,0.003640050772871175,179.95892786979675
240,-1.1731006703725368,0.0043491459593731786,0.505126953125,0.4628749999999999,0.048402494396316664,0.00363713228931238,180.60174751281738
241,-1.173315628347991,0.004394932099088895,0.4967041015625,0.4628749999999999,0.03043604290933386,0.003634203270420986,181.24436616897583
242,-1.1731325869568048,0.0037263196286604085,0.5087890625,0.4628749999999999,0.03815910959676187,0.00363126373627216,181.88989782333374
243,-1.172540379952025,0.0038492074401971265,0.50732421875,0.4628749999999999,0.05588525959868092,0.00362831370701314,182.53927731513977
244,-1.1734863473493662,0.003307123241607422,0.507080078125,0.4628749999999999,0.01854961588178558,0.0036253532028630974,183.27351808547974
245,-1.1702858938858967,0.0033022859560044976,0.5130615234375,0.4628749999999999,0.03685634388247318,0.003622382244112995,183.99652457237244
246,-1.1726618807941955,0.0033286074815158727,0.50927734375,0.4628749999999999,0.04166381532955671,0.003619400851125452,184.8208839893341
247,-1.1758109653986075,0.0035869570083120364,0.50634765625,0.4628749999999999,0.030074449836358735,0.003616409044334601,185.61208486557007
248,-1.1739492320470535,0.0038336482282498516,0.50634765625,0.4628749999999999,0.03487955322258751,0.0036134068442459522,186.459712266922
249,-1.1761001701011895,0.0038481266287873246,0.5057373046875,0.4628749999999999,0.03859869313517203,0.0036103942714362483,187.30949068069458
250,-1.1742022942838335,0.0028871249382143964,0.5186767578125,0.4628749999999999,0.023363208760667897,0.0036073713465533267,188.10311603546143
251,-1.1739098764043971,0.003563578524878555,0.503173828125,0.4628749999999999,0.03686587453558365,0.003604338090315974,188.88305377960205
252,-1.173569217614796,0.0030375862914655155,0.5130615234375,0.4628749999999999,0.022123019913841933,0.003601294523513791,189.6585772037506
253,-1.1733986242552308,0.002874812399314472,0.5201416015625,0.4628749999999999,0.041340281613822596,0.003598240667007043,190.39346528053284
254,-1.1756748184310992,0.003143092828069808,0.515869140625,0.4628749999999999,0.02950247319944854,0.0035951765417265203,191.159334897995
255,-1.1761252337544499,0.003119124772207363,0.504150390625,0.4628749999999999,0.026751573143590696,0.0035921021686733945,191.86106371879578
256,-1.1770651255153108,0.0033010344744942013,0.508056640625,0.4628749999999999,0.046488683066729236,0.003589017568919075,192.63824939727783
257,-1.1736947754739706,0.0036562902750454456,0.503662109375,0.4628749999999999,0.04361828992773262,0.003585922763605062,193.3855140209198
258,-1.1728874113226517,0.004926940542540159,0.498046875,0.4628749999999999,0.040070357069116325,0.0035828177739428055,194.14894151687622
259,-1.1748053429771295,0.0034680677739684054,0.4957275390625,0.4628749999999999,0.032960922756151534,0.003579702621213557,194.88035488128662
260,-1.1748649603654004,0.003489246268639499,0.5086669921875,0.4628749999999999,0.05258520873389694,0.0035765773267682236,195.61571979522705
261,-1.1747200223057774,0.0033877814469653704,0.511474609375,0.4628749999999999,0.029481885300716437,0.0035734419120272247,196.37494802474976
262,-1.175812888451469,0.00398535985354265,0.518310546875,0.4628749999999999,0.04505609414210255,0.0035702963984803405,197.13636016845703
263,-1.1711657509314741,0.0035362217456190235,0.5159912109375,0.4628749999999999,0.047317526663673816,0.0035671408076865694,197.93385457992554
264,-1.1751069960042346,0.0035047097317561656,0.5086669921875,0.4628749999999999,0.05156651768805063,0.003563975161273978,198.72820448875427
265,-1.174895362390989,0.0036115107255086077,0.5023193359375,0.4628749999999999,0.050580158453079685,0.003560799480939552,199.5144078731537
266,-1.1730763941968578,0.0033825691692800203,0.5128173828125,0.4628749999999999,0.03890640003502088,0.0035576137884490485,200.29462337493896
267,-1.1739222573794046,0.0033878820607018403,0.5069580078125,0.4628749999999999,0.04134148072791697,0.0035544181056368467,201.13950443267822
268,-1.1735940901042636,0.0034012400072353983,0.5142822265625,0.4628749999999999,0.03309990726880729,0.0035512124544057997,201.88442730903625
269,-1.1738686823647182,0.0033735851894957144,0.5006103515625,0.4628749999999999,0.038384689056512857,0.003547996856727081,202.60139346122742
270,-1.1725236997369546,0.00395772530579883,0.5069580078125,0.4628749999999999,0.028848210002290497,0.003544771334640038,203.3330113887787
271,-1.1733123150595457,0.0030973288056207852,0.4957275390625,0.4628749999999999,0.03968493652715468,0.0035415359102520375,204.1369264125824
272,-1.1749874104420042,0.004017672825910584,0.5040283203125,0.4628749999999999,0.035763780224991354,0.003538290605738316,204.89341640472412
273,-1.1746233445228067,0.004162143555604284,0.50146484375,0.4628749999999999,0.04827978741097305,0.0035350354433418283,205.7258586883545
274,-1.1728013444258156,0.004293467971658425,0.5045166015625,0.4628749999999999,0.06684743801227691,0.0035317704453730918,206.53194189071655
275,-1.1731810437631713,0.00456716373864545,0.4976806640625,0.4628749999999999,0.0484020850395215,0.0035284956342100365,207.34356594085693
276,-1.1740127487096674,0.004426843970378077,0.5191650390625,0.4628749999999999,0.06777422039692048,0.0035252110322978526,208.14926671981812
277,-1.1757486721919865,0.004524509563534793,0.5142822265625,0.4628749999999999,0.056169754849508854,0.003521916662148834,208.91586875915527
278,-1.174806515920387,0.003990339374070997,0.5135498046875,0.4628749999999999,0.09931608210976697,0.0035186125463422236,209.7263526916504
279,-1.1732316898845516,0.005020661294459144,0.5101318359375,0.4628749999999999,0.1334534966900115,0.003515298707524062,210.5542938709259
280,-1.1728495413554652,0.0046346592310298595,0.5025634765625,0.4628749999999999,0.07675238814239838,0.0035119751684070297,211.3166949748993
281,-1.1717181225000521,0.0051255913718073745,0.498779296875,0.4628749999999999,0.09157922132787166,0.00350864195177029,212.11398458480835
282,-1.1747074417870822,0.0066923104417369915,0.5015869140625,0.4628749999999999,0.16872398459967303,0.0035052990804593383,212.86775755882263
283,-1.1702037686884217,0.007315541983674445,0.5126953125,0.4628749999999999,0.3472837180613077,0.00350194657738584,213.66989970207214
284,-1.1727192301571026,0.005348329530446793,0.5216064453125,0.4628749999999999,0.32648214862060004,0.003498584465527475,214.48432397842407
285,-1.1761678395432495,0.005491797240027984,0.4989013671875,0.4628749999999999,0.27763845342043636,0.0034952127679277823,215.22128081321716
286,-1.1776181931838705,0.006783800875312138,0.512939453125,0.4628749999999999,0.30004755609643075,0.0034918315076959998,215.98008799552917
287,-1.1723897490003923,0.006833870670419804,0.5048828125,0.4628749999999999,0.37014854663498037,0.003488440708006906,216.72175002098083
288,-1.175699909222704,0.006493264011442005,0.50341796875,0.4628749999999999,0.4431033486108251,0.0034850403921006623,217.45842337608337
289,-1.1749900672063194,0.003705905724351016,0.49462890625,0.4628749999999999,0.17793074422823682,0.003481630583282653,218.24941182136536
290,-1.1758472529256991,0.004876395884350238,0.50732421875,0.4628749999999999,0.2543340993003714,0.0034782113049233268,219.02460360527039
291,-1.1744396712558731,0.003997609465153049,0.514892578125,0.4628749999999999,0.20756191414276026,0.0034747825804580337,219.82887482643127
292,-1.174763907181207,0.0037509157340853802,0.503662109375,0.4628749999999999,0.16628437374948282,0.0034713444333868684,220.60715460777283
293,-1.1742190335799658,0.004189423492122135,0.5142822265625,0.4628749999999999,0.24062046877295018,0.003467896887274505,221.38851857185364
294,-1.173795535255036,0.003578722600900975,0.5150146484375,0.4628749999999999,0.08622879202389526,0.003464439965750039,222.21007800102234
295,-1.1712779676309824,0.003664556738524396,0.50048828125,0.4628749999999999,0.18439286208762742,0.0034609736925068236,223.00876593589783
296,-1.1737244536065585,0.003035349168382884,0.5126953125,0.4628749999999999,0.09667035788483089,0.0034574980913023067,223.7872200012207
297,-1.1752083379025118,0.002834793913464923,0.51708984375,0.4628749999999999,0.0884204714588723,0.0034540131859578703,224.53293466567993
298,-1.1754222930509433,0.0032122212823900535,0.50146484375,0.4628749999999999,0.10797548801995123,0.003450519000358666,225.32479763031006
299,-1.176956199841095,0.0035650027587616827,0.5185546875,0.4628749999999999,0.06211399984059789,0.00344701555845345,226.11244654655457
300,-1.1744458030084735,0.002882514047935377,0.50244140625,0.4628749999999999,0.07538438545645007,0.0034435028842544207,226.84597086906433
301,-1.1756201311003847,0.0026836659038331017,0.5029296875,0.4628749999999999,0.0552986563733575,0.0034399810018370543,227.58107733726501
302,-1.1733801159465695,0.003092533272640586,0.5096435546875,0.4628749999999999,0.07879657488614218,0.003436449935339938,228.3418939113617
303,-1.175462064389766,0.0033944700664258042,0.5126953125,0.4628749999999999,0.04194758974273747,0.0034329097089646067,229.08402252197266
304,-1.174000670674539,0.002728396241887499,0.512939453125,0.4628749999999999,0.07011639697698667,0.0034293603469753753,229.81138229370117
305,-1.1741838000686236,0.0025136835622573254,0.505859375,0.4628749999999999,0.04660132326334992,0.003425801873699173,230.55659651756287
306,-1.1746089754815867,0.002518695908036404,0.5028076171875,0.4628749999999999,0.08886784831008704,0.0034222343135253772,231.31438970565796
307,-1.1737633287004456,0.0024253994123732176,0.5089111328125,0.4628749999999999,0.05722855245680356,0.0034186576909056477,232.05333495140076
308,-1.1741653506321885,0.002419964225517163,0.50927734375,0.4628749999999999,0.06609779141512187,0.003415072030353753,232.78141355514526
309,-1.1756192918340833,0.0025991637403753676,0.5084228515625,0.4628749999999999,0.08594167470205728,0.003411477356445411,233.51777601242065
310,-1.174052478166319,0.0021493901312603925,0.515380859375,0.4628749999999999,0.04051571864635927,0.003407873693818113,234.3370361328125
311,-1.1738801897919524,0.0027252153393709103,0.5096435546875,0.4628749999999999,0.06350601473986012,0.0034042610671709593,235.10267233848572
312,-1.1737037192885862,0.0023952339214896277,0.5040283203125,0.4628749999999999,0.059819239911460174,0.003400639501264489,235.8743371963501
313,-1.173974563463108,0.002034260524058799,0.5106201171875,0.4628749999999999,0.04661162433102985,0.0033970090209205087,236.63042521476746
314,-1.1740500410269021,0.0022035476223613085,0.506591796875,0.4628749999999999,0.04629070942638073,0.0033933696510219245,237.41895651817322
315,-1.1738044116913624,0.002248671628267527,0.5146484375,0.4628749999999999,0.042703123326375644,0.00338972141651257,238.21236991882324
316,-1.175026979644299,0.002548498116876013,0.506103515625,0.4628749999999999,0.05002810265953615,0.003386064342397036,238.99884796142578
317,-1.1766734530538545,0.002573147776538495,0.5064697265625,0.4628749999999999,0.05505893559510615,0.003382398453740499,239.77809381484985
318,-1.174037242114037,0.002416500887629161,0.5205078125,0.4628749999999999,0.0710058099336051,0.0033787237756685495,240.56512022018433
319,-1.1737589096013155,0.002403462021472697,0.515869140625,0.4628749999999999,0.048455496446036764,0.0033750403333670195,241.35099482536316
320,-1.1751677806807161,0.002531557627965887,0.5152587890625,0.4628749999999999,0.13248097657007477,0.003371348152081811,242.12273621559143
321,-1.1741032924352548,0.002976804855938293,0.5140380859375,0.4628749999999999,0.05462138145230199,0.0033676472571187196,242.9108738899231
322,-1.173723744221597,0.0027968536982332106,0.5069580078125,0.4628749999999999,0.07203122090820265,0.0033639376738432655,243.7029869556427
323,-1.1747147147700887,0.0030810803493730057,0.5048828125,0.4628749999999999,0.0801336321304927,0.003360219427680518,244.47459077835083
324,-1.176894379299383,0.0035646156228555364,0.508544921875,0.4628749999999999,0.060065276900630536,0.0033564925441149185,245.31134486198425
325,-1.172002308534419,0.0034806320932640814,0.5169677734375,0.4628749999999999,0.15127271148775545,0.003352757048690111,246.10547494888306
326,-1.1751858612408088,0.0033725190360380485,0.51318359375,0.4628749999999999,0.10330189553590806,0.0033490129670087623,246.83000087738037
327,-1.1734242517257991,0.0034774078400979782,0.50732421875,0.4628749999999999,0.1358050354638866,0.0033452603247323886,247.62674927711487
328,-1.1738590545917837,0.0026070371508562485,0.5125732421875,0.4628749999999999,0.1353657156595968,0.003341499147581181,248.4296314716339
329,-1.1726632487880737,0.003510012553048003,0.5101318359375,0.4628749999999999,0.1392063973955136,0.003337729461333825,249.23290967941284
330,-1.1757898891403054,0.004288253979725045,0.5028076171875,0.4628749999999999,0.29692912612533673,0.00333395129182733,250.00171542167664
331,-1.177674386567034,0.005223943007825135,0.5067138671875,0.4628749999999999,0.8278329696256864,0.003330164664956845,250.80605125427246
332,-1.171691334786595,0.08252101463277535,0.5142822265625,0.4628749999999999,6.20369015280229,0.003326369606675487,251.561443567276
333,-1.2066455666998919,0.1353674433098776,0.4927978515625,0.4628749999999999,2.5659751904588455,0.003322566142994161,252.34973001480103
334,-1.166099776054201,0.036650944493087124,0.51953125,0.4628749999999999,0.4052872985892451,0.003318754299981381,253.1413025856018
335,-1.1627054788649023,0.027190394929556824,0.52099609375,0.4628749999999999,0.14749422152991445,0.003314934103763092,253.9285683631897
336,-1.169709206567814,0.026031115970718118,0.5240478515625,0.4628749999999999,0.16185337509320047,0.0033111055805224916,254.70435094833374
337,-1.1728017302160074,0.023697382581348816,0.523193359375,0.4628749999999999,0.13018166412360405,0.003307268756499849,255.472154378891
338,-1.1700548136474023,0.019696927510326773,0.5279541015625,0.4628749999999999,0.09420906768547543,0.003303423657992326,256.22881412506104
339,-1.1659820902932898,0.012298516440241606,0.51513671875,0.4628749999999999,0.06611225833016479,0.0032995703113537986,257.00732421875
340,-1.173186438481833,0.01354321856846861,0.5079345703125,0.4628749999999999,0.06748444473207371,0.0032957087429946724,257.8252627849579
341,-1.1732960954047211,0.010543030302368514,0.5145263671875,0.4628749999999999,0.04349444267258856,0.0032918389793817047,258.5796618461609
342,-1.1734824336479703,0.011129413797963008,0.5035400390625,0.4628749999999999,0.05148825950143607,0.003287961047037821,259.36489367485046
343,-1.17328036923048,0.010500238445588565,0.507568359375,0.4628749999999999,0.06863930864187752,0.0032840749725419364,260.1066823005676
344,-1.1708473694057187,0.00854167367078335,0.509765625,0.4628749999999999,0.04921488886329568,0.003280180782528771,260.8428030014038
345,-1.1750606596409305,0.008272052878563915,0.5059814453125,0.4628749999999999,0.0399514676514474,0.003276278503688666,261.5646708011627
346,-1.1711493083101199,0.006932779863243876,0.5009765625,0.4628749999999999,0.033231422174418115,0.003272368162767404,262.27059602737427
347,-1.1712400943371564,0.008378115980949482,0.503173828125,0.4628749999999999,0.0364754137092295,0.0032684497865660238,262.9514150619507
348,-1.1718411385170042,0.007360958982578627,0.50927734375,0.4628749999999999,0.03443916154875015,0.003264523401940637,263.6228549480438
349,-1.1759780665039976,0.008290274483468791,0.5125732421875,0.4628749999999999,0.044236406875565674,0.0032605890358022444,264.3287470340729
350,-1.174837886932648,0.007123204648413551,0.5,0.4628749999999999,0.03534858287872653,0.003256646715116551,265.0288972854614
351,-1.173174803115677,0.007214674550096974,0.513427734375,0.4628749999999999,0.03497605985627938,0.003252696466903781,265.73429322242737
352,-1.1729592637294495,0.006860401499689281,0.51220703125,0.4628749999999999,0.03035745919724938,0.0032487383182384943,266.4641513824463
353,-1.1726721651718068,0.006593786394210636,0.49853515625,0.4628749999999999,0.034530356688944885,0.003244772296249397,267.1522693634033
354,-1.1734293796080881,0.007087381670207402,0.499267578125,0.4628749999999999,0.035757029866418016,0.0032407984281191612,267.8082540035248
355,-1.1732012484920435,0.006219766097225403,0.494873046875,0.4628749999999999,0.03583860946207054,0.0032368167410842348,268.4985337257385
356,-1.1723092445912067,0.006124127819108197,0.5015869140625,0.4628749999999999,0.017279635864385343,0.0032328272624346523,269.2488443851471
357,-1.1727149166871915,0.00486902917261645,0.5157470703125,0.4628749999999999,0.014692240812879917,0.0032288300195138556,269.9280893802643
358,-1.1746561470137475,0.005044842743892324,0.505126953125,0.4628749999999999,0.02125202316918241,0.0032248250397184995,270.58936953544617
359,-1.1723520660312357,0.004680482153498231,0.5047607421875,0.4628749999999999,0.024477290217936428,0.003220812350498267,271.33690428733826
360,-1.1743754419594277,0.004900898886178514,0.5164794921875,0.4628749999999999,0.029680175901463306,0.0032167919793556813,272.0319175720215
361,-1.1738920785528304,0.00465662558495337,0.5057373046875,0.4628749999999999,0.03476251625446151,0.0032127639538459154,272.7427935600281
362,-1.1752390654556102,0.0033865032720447217,0.5128173828125,0.4628749999999999,0.017004225765339213,0.0032087283015766054,273.5046594142914
363,-1.1723536641947532,0.00361626291950698,0.51025390625,0.4628749999999999,0.0171239341532741,0.00320468505020766,274.2012526988983
364,-1.1725464286451315,0.004154883139417458,0.511962890625,0.4628749999999999,0.028527449305463613,0.003200634227451072,274.90831327438354
365,-1.1733604417761803,0.004344397360582438,0.50732421875,0.4628749999999999,0.031647621367717045,0.0031965758610707266,275.61497688293457
366,-1.1758491513315983,0.004137912966252807,0.5177001953125,0.4628749999999999,0.0298713309627681,0.003192509978882212,276.3223011493683
367,-1.1735119118462407,0.004450867082098089,0.5042724609375,0.4628749999999999,0.022697934798947095,0.0031884366087526297,277.0655527114868
368,-1.1743611426721023,0.004291828689147307,0.51953125,0.4628749999999999,0.0300258953970584,0.003184355778600403,277.82952857017517
369,-1.1736336655277846,0.004120573112424565,0.509033203125,0.4628749999999999,0.02679329642322012,0.003180267516395084,278.5137851238251
370,-1.1718593385990723,0.0037807962925237616,0.5008544921875,0.4628749999999999,0.027331729454730343,0.0031761718501571654,279.22521352767944
371,-1.1740322212526708,0.003629728538778691,0.5125732421875,0.4628749999999999,0.020074694162392985,0.003172068807957884,279.90017676353455
372,-1.1743142150098764,0.003628485628903887,0.5118408203125,0.4628749999999999,0.028774165677557535,0.0031679584179190316,280.590069770813
373,-1.175296899002634,0.003629833334612323,0.5067138671875,0.4628749999999999,0.02032342911157811,0.0031638407082127612,281.2991564273834
374,-1.1759567428127382,0.0034075078512931702,0.509033203125,0.4628749999999999,0.016582524833562384,0.0031597157070613947,282.0540735721588
375,-1.1749313520333518,0.003750989073917179,0.51904296875,0.4628749999999999,0.028078880448895567,0.0031555834427372275,282.7868983745575
376,-1.174982561582047,0.0033225281943628743,0.5084228515625,0.4628749999999999,0.022867821266234902,0.0031514439435623375,283.49305152893066
377,-1.1762177907980575,0.004150435481723446,0.5048828125,0.4628749999999999,0.027964757293498156,0.0031472972379083877,284.23918867111206
378,-1.176324965019329,0.0035545380505518625,0.511962890625,0.4628749999999999,0.01667404028764897,0.003143143354196434,285.0186085700989
379,-1.1752244474768703,0.0036047554495396987,0.5081787109375,0.4628749999999999,0.026630292886279525,0.0031389823208967313,285.81507325172424
380,-1.173518126908681,0.0031688094435441644,0.51318359375,0.4628749999999999,0.024678690574691877,0.003134814166528535,286.5950267314911
381,-1.173272540138286,0.003700878122550048,0.5089111328125,0.4628749999999999,0.026732242594130946,0.0031306389196599097,287.3690950870514
382,-1.172571990323275,0.002929593029213722,0.504638671875,0.4628749999999999,0.021982616667885188,0.0031264566089075282,288.2127203941345
383,-1.1719707867850757,0.003289407020902251,0.51318359375,0.4628749999999999,0.02369004890618784,0.003122267262936482,288.9744350910187
384,-1.1745180920649254,0.003198199258688944,0.5029296875,0.4628749999999999,0.023455998354178876,0.0031180709104600773,289.79834270477295
385,-1.1746749109149368,0.0032163792530725877,0.4974365234375,0.4628749999999999,0.020191665626457623,0.003113867580239645,290.5332534313202
386,-1.17255337812654,0.003181726815719145,0.5035400390625,0.4628749999999999,0.025455994054231004,0.003109657301084341,291.31090569496155
387,-1.1750535750643687,0.0034688835882383754,0.50537109375,0.4628749999999999,0.026242549871753357,0.0031054401018509458,292.07923674583435
388,-1.1737303807782675,0.003393419111726926,0.509765625,0.4628749999999999,0.016017970533327677,0.0031012160114436715,292.8829221725464
389,-1.1720271750682185,0.0033810467448516725,0.502685546875,0.4628749999999999,0.02365366644237242,0.00309698505881396,293.6967980861664
390,-1.1738131952831257,0.003053090297328028,0.5103759765625,0.4628749999999999,0.038601151175071534,0.0030927472729602866,294.4256272315979
391,-1.1747114020736178,0.0027205474374603386,0.50244140625,0.4628749999999999,0.014444060678279675,0.003088502682927963,295.16191506385803
392,-1.1739157772239155,0.002866606211806961,0.5098876953125,0.4628749999999999,0.03452307200707791,0.0030842513178089316,295.9373378753662
393,-1.1747349110240406,0.0027025818517895255,0.5003662109375,0.4628749999999999,0.02393567194552422,0.0030799932067415744,296.7493290901184
394,-1.174300454135949,0.0028533597381285845,0.5181884765625,0.4628749999999999,0.026136227193231238,0.003075728378910508,297.55024218559265
395,-1.1733617015512419,0.0031941595973767212,0.5072021484375,0.4628749999999999,0.034601546323486713,0.003071456863546383,298.3484365940094
396,-1.173500175953473,0.0031648179017861565,0.50341796875,0.4628749999999999,0.02208666160042652,0.0030671786899256898,299.15680384635925
397,-1.1742229511517817,0.002769797982777559,0.5166015625,0.4628749999999999,0.016543432931293706,0.00306289388737055,299.98217582702637
398,-1.1746812837281468,0.0026524344542026095,0.490478515625,0.4628749999999999,0.03129175974033682,0.0030586024852485207,300.796279668808
399,-1.1752729053224833,0.0032604025478972626,0.513916015625,0.4628749999999999,0.027641160650239315,0.0030543045129723923,301.5635459423065
400,-1.174284658477578,0.0032132443095116664,0.505859375,0.4628749999999999,0.020208416969510746,0.0030499999999999846,302.3386480808258
401,-1.1736738313828692,0.0025970398839044607,0.5084228515625,0.4628749999999999,0.03162986186288869,0.003045688975833948,303.138564825058
402,-1.1768238166668432,0.003388751591275833,0.51123046875,0.4628749999999999,0.013600020992780222,0.003041371470021559,303.9647026062012
403,-1.1743681246868003,0.0030134161491573437,0.5108642578125,0.4628749999999999,0.052962472697472854,0.0030370475121545195,304.7770023345947
404,-1.174098160175459,0.0031071851921734566,0.498779296875,0.4628749999999999,0.024184384528001902,0.0030327171318687523,305.57470440864563
405,-1.174722873833804,0.0029985426490123355,0.5145263671875,0.4628749999999999,0.04344465899827083,0.0030283803588441994,306.3449375629425
406,-1.1749835781078626,0.0030029367791022357,0.5126953125,0.4628749999999999,0.04749234647423564,0.0030240372228046166,307.1330795288086
407,-1.17554278335641,0.0024179956252734993,0.51123046875,0.4628749999999999,0.014633710977469929,0.0030196877535173727,307.96619963645935
408,-1.1746495699144819,0.0029777057605845196,0.513427734375,0.4628749999999999,0.04709567095070674,0.003015331980793243,308.80803084373474
409,-1.1739405667059404,0.002801180673748085,0.5113525390625,0.4628749999999999,0.031140039475563257,0.0030109699344862064,309.6261649131775
410,-1.175758076542765,0.0027008193720978683,0.50244140625,0.4628749999999999,0.03045074682393436,0.0030066016444932403,310.4252710342407
411,-1.1750087730438703,0.002807844841360808,0.506103515625,0.4628749999999999,0.052698264551036024,0.0030022271407541133,311.2127547264099
412,-1.17565471974632,0.0028390169098974115,0.496826171875,0.4628749999999999,0.03435725612460007,0.0029978464532511868,311.9811201095581
413,-1.1748510206994291,0.002583793700901028,0.5181884765625,0.4628749999999999,0.04599897917418005,0.0029934596120092007,312.75099873542786
414,-1.1746120280372545,0.002731083402144672,0.50439453125,0.4628749999999999,0.02650489849106565,0.002989066647095074,313.5115530490875
415,-1.172703861955469,0.0031253483518051523,0.5067138671875,0.4628749999999999,0.07036120873181653,0.002984667588617696,314.2949333190918
416,-1.1727498484849015,0.0037106926146133336,0.5118408203125,0.4628749999999999,0.04659822183474709,0.002980262466727722,315.0895519256592
417,-1.1757817473090229,0.0039778767316761415,0.5076904296875,0.4628749999999999,0.0877737200577348,0.0029758513116173633,315.9445219039917
418,-1.1753912547758372,0.004028189935267292,0.50634765625,0.4628749999999999,0.03593926010397461,0.002971434153520183,316.7180063724518
419,-1.1732054489541697,0.003131840132425147,0.4986572265625,0.4628749999999999,0.06892502994708088,0.002967011022710889,317.5187830924988
420,-1.174256124215498,0.0032843171301508646,0.5228271484375,0.4628749999999999,0.05786120345608871,0.0029625819495051236,318.3139555454254
421,-1.1738638676358901,0.0034260889317175177,0.5142822265625,0.4628749999999999,0.05790490567366593,0.0029581469642592593,319.02472257614136
422,-1.1737622399984131,0.003479461490027204,0.5126953125,0.4628749999999999,0.0802072836187939,0.002953706097370188,319.79176473617554
423,-1.1773512304017766,0.0035416569447112747,0.5006103515625,0.4628749999999999,0.07305263449656244,0.002949259379275115,320.54834485054016
424,-1.173838152148352,0.004141679119389243,0.5035400390625,0.4628749999999999,0.11895653401612213,0.0029448068404513464,321.37156915664673
425,-1.1741316176676788,0.0034094526361826746,0.5057373046875,0.4628749999999999,0.07578290764605032,0.002940348511416087,322.14433670043945
426,-1.1747269156996318,0.004202901339028534,0.5029296875,0.4628749999999999,0.1286357761114749,0.002935884422726223,322.939661026001
427,-1.175330380592185,0.0036360851473470324,0.5115966796875,0.4628749999999999,0.08505879925461188,0.0029314146049781195,323.70969343185425
428,-1.175690004309196,0.005235461443596146,0.512451171875,0.4628749999999999,0.17565471676487443,0.002926939088807407,324.46976828575134
429,-1.1771534359675249,0.004596043212913623,0.5030517578125,0.4628749999999999,0.12030277135029048,0.002922457904888771,325.2503912448883
430,-1.1729569644739222,0.0051127099295569,0.5074462890625,0.4628749999999999,0.16162629038706922,0.0029179710839357456,326.0635151863098
431,-1.1748567222098956,0.005180773485426781,0.5072021484375,0.4628749999999999,0.1919837691627318,0.0029134786567004984,326.86289954185486
432,-1.1750260985294014,0.004677760279943144,0.5076904296875,0.4628749999999999,0.23589785673146685,0.002908980653973623,327.64936542510986
433,-1.174813195678007,0.004799540325221188,0.50439453125,0.4628749999999999,0.0873328845538108,0.002904477106583926,328.40030241012573
434,-1.1732072267985525,0.005169801149152072,0.5098876953125,0.4628749999999999,0.2180257738457664,0.002899968045398218,329.1852252483368
435,-1.1749377010668378,0.005005865420111132,0.504150390625,0.4628749999999999,0.25571889407812504,0.002895453501321098,329.95872616767883
436,-1.1712837282454327,0.003963217741946736,0.51416015625,0.4628749999999999,0.20149410324418623,0.002890933505294747,330.7143077850342
437,-1.1746559715435625,0.0035931554251590254,0.5045166015625,0.4628749999999999,0.12767208040678335,0.0028864080882987113,331.458792924881
438,-1.1740730921551483,0.004207124585134343,0.5118408203125,0.4628749999999999,0.1976955855119917,0.002881877281349691,332.21463656425476
439,-1.1745449431084785,0.0034001028699516705,0.5015869140625,0.4628749999999999,0.10125574696970785,0.002877341115501332,332.9920496940613
440,-1.17664696141606,0.0037424670771654934,0.51025390625,0.4628749999999999,0.163081994751113,0.002872799621844005,333.7566499710083
441,-1.1740947902015892,0.003945130755140772,0.499267578125,0.4628749999999999,0.13050535663517784,0.002868252831504601,334.54054403305054
442,-1.1748158884619646,0.004011766194086882,0.50634765625,0.4628749999999999,0.16302349337256025,0.0028637007756463096,335.3532235622406
443,-1.175236340763857,0.0037166889579951425,0.51416015625,0.4628749999999999,0.10980627251017211,0.002859143485468413,336.0928966999054
444,-1.1704502781719932,0.004460033888974591,0.5030517578125,0.4628749999999999,0.153904908168535,0.002854580992206068,336.8793637752533
445,-1.1747407560975414,0.00418909912905637,0.5076904296875,0.4628749999999999,0.13150566395004243,0.0028500133271300927,337.63443779945374
446,-1.1755618493650064,0.004333852563968458,0.49951171875,0.4628749999999999,0.24977297024851353,0.0028454405215467514,338.4075310230255
447,-1.1771158506564303,0.010213750669167186,0.5140380859375,0.4628749999999999,0.7489913337315993,0.0028408626067975428,339.1628396511078
448,-1.1693951738279322,0.06426768710847061,0.50830078125,0.4628749999999999,2.3574627909226655,0.00283627961425898,339.8647699356079
449,-1.1843915937677116,0.15830436505178216,0.5203857421875,0.4628749999999999,3.5290756731039448,0.0028316915753423826,340.63008999824524
450,-1.1753239595510712,0.01238291300804038,0.5032958984375,0.4628749999999999,0.3650635312392087,0.0028270985214936552,341.4452865123749
451,-1.175456688028898,0.014162148932596623,0.4957275390625,0.4628749999999999,0.30014031038921307,0.002822500484193074,342.219890832901
452,-1.1721662657564993,0.014007215221957511,0.5015869140625,0.4628749999999999,0.23119797318655821,0.0028178974949550724,343.02007150650024
453,-1.1683094892741828,0.011915096046613186,0.501708984375,0.4628749999999999,0.17989694259359082,0.0028132895853280227,343.81614208221436
454,-1.1669344745606605,0.013026702237055227,0.509033203125,0.4628749999999999,0.1378613847110447,0.0028086767868940217,344.6366648674011
455,-1.1668091605670377,0.01288959420681282,0.51806640625,0.4628749999999999,0.09779703635753469,0.0028040591312686733,345.4287655353546
456,-1.1721492887503056,0.014792136852526746,0.51416015625,0.4628749999999999,0.08266477832746888,0.002799436650100873,346.2013521194458
457,-1.1714756851796224,0.012523915724150333,0.5103759765625,0.4628749999999999,0.06988676220931792,0.0027948093750725877,346.96050453186035
458,-1.173993819986117,0.012642013170691888,0.516357421875,0.4628749999999999,0.07621344881027885,0.0027901773378986435,347.76382517814636
459,-1.176258259172752,0.013180285758718801,0.5106201171875,0.4628749999999999,0.08128577570329686,0.002785540570326504,348.51672983169556
460,-1.173784968765779,0.011023761454154733,0.513916015625,0.4628749999999999,0.06706088377468997,0.0027808991041360547,349.3141436576843
461,-1.1725449199118088,0.009284293605825644,0.5146484375,0.4628749999999999,0.06356026935172868,0.0027762529711393862,350.09062933921814
462,-1.1728974274028712,0.009921119030955484,0.515625,0.4628749999999999,0.058761313980619574,0.0027716022031805732,350.8997588157654
463,-1.171591844086,0.009771391574171878,0.5074462890625,0.4628749999999999,0.060278234623186704,0.0027669468321354584,351.6976087093353
464,-1.175100352275011,0.00917662857161441,0.5106201171875,0.4628749999999999,0.058067022421554385,0.0027622868899114337,352.4938118457794
465,-1.1727790942488383,0.008555354053962653,0.509033203125,0.4628749999999999,0.0581446207756337,0.0027576224084472213,353.3208317756653
466,-1.1724939808545378,0.008922616339113872,0.5037841796875,0.4628749999999999,0.04719040060889051,0.0027529534197126555,354.1142883300781
467,-1.1759038370073522,0.007563013793531784,0.5111083984375,0.4628749999999999,0.03097014276805047,0.0027482799557084618,354.85469603538513
468,-1.1734296929088974,0.007998273053435045,0.5133056640625,0.4628749999999999,0.042909036542997575,0.002743602048466039,355.5940923690796
469,-1.1725777242883724,0.00745665343794763,0.5081787109375,0.4628749999999999,0.04882603452554805,0.002738919730047239,356.3513321876526
470,-1.173082254561284,0.00806345938735219,0.5106201171875,0.4628749999999999,0.052197189343844666,0.002734233032544149,357.1850805282593
471,-1.170762567898553,0.007354160462854091,0.516845703125,0.4628749999999999,0.05208123098143196,0.002729541988078869,357.9910559654236
472,-1.1695944589160816,0.007377059479073462,0.4990234375,0.4628749999999999,0.04811370890163244,0.0027248466288032924,358.75157499313354
473,-1.1738322277675293,0.007982490062935494,0.5084228515625,0.4628749999999999,0.029526161172848817,0.0027201469868988856,359.53152561187744
474,-1.1726534648135742,0.007661998390278264,0.5,0.4628749999999999,0.0492294234175995,0.0027154430945764687,360.29117822647095
475,-1.1732277170425354,0.007376919651817539,0.510498046875,0.4628749999999999,0.05468608992397186,0.0027107349840759915,361.0886437892914
476,-1.1731068615354743,0.0060180942940931455,0.516357421875,0.4628749999999999,0.05192137479274435,0.0027060226876663178,361.8555829524994
477,-1.1722055462340664,0.006122816836246329,0.505615234375,0.4628749999999999,0.03729765527614711,0.0027013062376449984,362.6367678642273
478,-1.1706535047655318,0.0050561742688098816,0.511962890625,0.4628749999999999,0.01945297553758194,0.0026965856663380542,363.38375878334045
479,-1.1733511445480853,0.005486073993079528,0.510498046875,0.4628749999999999,0.02056379535270593,0.0026918610060997525,364.1176314353943
480,-1.1728037073880508,0.005365328460190377,0.5076904296875,0.4628749999999999,0.03328742391434521,0.002687132289312385,364.98950958251953
481,-1.1741188510676355,0.005288294966799337,0.5111083984375,0.4628749999999999,0.036215038874399384,0.0026823995483860478,365.76318359375
482,-1.1735477697576924,0.004710205761122207,0.5107421875,0.4628749999999999,0.0257492081438123,0.0026776628157584165,366.57623052597046
483,-1.1735130819297086,0.00471581428740797,0.5009765625,0.4628749999999999,0.02588316526485277,0.0026729221238945273,367.3999035358429
484,-1.1752656949653115,0.004767797335919784,0.5126953125,0.4628749999999999,0.01921886350797203,0.00266817750528655,368.1833920478821
485,-1.17278479606761,0.004796964308967702,0.505859375,0.4628749999999999,0.017699445286654597,0.0026634289924535705,369.0003581047058
486,-1.17385930023113,0.004784218068512452,0.5069580078125,0.4628749999999999,0.03665420282615417,0.002658676617941363,369.77406668663025
487,-1.171894507466288,0.00494825295304472,0.5057373046875,0.4628749999999999,0.03184393416978281,0.0026539204143221713,370.52377557754517
488,-1.1742419288632706,0.004092450907951737,0.499755859375,0.4628749999999999,0.02551491066196234,0.0026491604141944815,371.2825438976288
489,-1.1731715654816228,0.0036154261947589357,0.500244140625,0.4628749999999999,0.015347867778530873,0.0026443966501828024,372.06321144104004
490,-1.1745071198033927,0.0038082141195895213,0.51220703125,0.4628749999999999,0.020107334818861154,0.002639629154937439,372.8486702442169
491,-1.174401519823713,0.004237974035665785,0.51123046875,0.4628749999999999,0.025717721230605183,0.002634857961134269,373.6198818683624
492,-1.1718408134024796,0.0033971522358724696,0.50830078125,0.4628749999999999,0.02704589679676243,0.0026300831014745216,374.3936469554901
493,-1.1731760392447845,0.0035705564901160024,0.5106201171875,0.4628749999999999,0.015510848618550977,0.002625304608684549,375.18919014930725
494,-1.174489975727238,0.0037128647147779254,0.517578125,0.4628749999999999,0.02148617183982378,0.0026205225155156078,375.9834249019623
495,-1.175929346887727,0.004245156771254888,0.5028076171875,0.4628749999999999,0.036750196817885245,0.0026157368547436266,376.7557270526886
496,-1.1736008054350031,0.0039423197018786235,0.5003662109375,0.4628749999999999,0.02673893957458425,0.0026109476591689904,377.5702443122864
497,-1.1710963881330332,0.003938920802905897,0.496337890625,0.4628749999999999,0.025186157579377078,0.002606154961616309,378.3545596599579
498,-1.1730596782005218,0.0036668781591115123,0.511962890625,0.4628749999999999,0.02694339466236901,0.0026013587949341942,379.08661222457886
499,-1.1742125771703287,0.0034797028483103732,0.515625,0.4628749999999999,0.0161820145498924,0.0025965591919950358,379.8015570640564
500,-1.174002778146427,0.003913591793396527,0.5108642578125,0.4628749999999999,0.02543816189816629,0.0025917561856947757,380.56602668762207
501,-1.1746172964911028,0.003562840990377497,0.5155029296875,0.4628749999999999,0.03800175934485066,0.0025869498089526794,381.33015727996826
502,-1.173755647528524,0.0035733803428010373,0.50927734375,0.4628749999999999,0.022485181598993757,0.0025821400947111162,382.11005663871765
503,-1.1756497309655156,0.0034969608224395352,0.502685546875,0.4628749999999999,0.013466870672671456,0.002577327075935329,382.8174874782562
504,-1.1738892049859393,0.00345837854582818,0.504150390625,0.4628749999999999,0.028201215918195327,0.0025725107856132095,383.59734439849854
505,-1.1741082092811226,0.0032069036465170097,0.5106201171875,0.4628749999999999,0.025999909163817288,0.002567691256755073,384.3791706562042
506,-1.173281278687511,0.0037200370016748393,0.490966796875,0.4628749999999999,0.024122027616719378,0.0025628685223934287,385.1809799671173
507,-1.173273665653145,0.0033411853004362323,0.5107421875,0.4628749999999999,0.014761853051538036,0.0025580426155827596,385.9491925239563
508,-1.1730409470152132,0.003369407940044341,0.519775390625,0.4628749999999999,0.023011632905201265,0.00255321356939929,386.62449836730957
509,-1.1744139271513472,0.0035949676866595844,0.511474609375,0.4628749999999999,0.039496151506545424,0.0025483814169407616,387.29913663864136
510,-1.1722867958425827,0.003263489862641204,0.5008544921875,0.4628749999999999,0.019370972634051926,0.0025435461913262064,388.0004894733429
511,-1.17163829922929,0.003043081641216418,0.509765625,0.4628749999999999,0.02547218188685807,0.00253870792569572,388.68903613090515
512,-1.1731279937091008,0.003461678694814768,0.5048828125,0.4628749999999999,0.0344195477860489,0.0025338666532102325,389.3822281360626
513,-1.173870210472959,0.0030953791883177027,0.49072265625,0.4628749999999999,0.015920370799256695,0.0025290224070512834,390.0371947288513
514,-1.1754163762678225,0.0028433762675168627,0.5087890625,0.4628749999999999,0.015657691381962806,0.002524175220420794,390.7257752418518
515,-1.1723828304120865,0.002574919534618309,0.512939453125,0.4628749999999999,0.02083707510491944,0.0025193251265408383,391.38001823425293
516,-1.1724458869573562,0.003049578817444693,0.5142822265625,0.4628749999999999,0.05454717633433681,0.0025144721586534175,392.1086883544922
517,-1.173675493472421,0.0037192696575753937,0.5078125,0.4628749999999999,0.017151571385099533,0.002509616350020229,392.7749128341675
518,-1.1753653055502844,0.0030445161399194768,0.5137939453125,0.4628749999999999,0.031241751051658564,0.0025047577339224417,393.4415633678436
519,-1.1748640505703367,0.0038986992887387203,0.5106201171875,0.4628749999999999,0.048521198826058674,0.002499896343660467,394.1139998435974
520,-1.1725472823295005,0.003019366354075101,0.4981689453125,0.4628749999999999,0.02737132139086249,0.0024950322125537293,394.8106143474579
521,-1.1732573924175735,0.002639121080889008,0.4984130859375,0.4628749999999999,0.020424969626878203,0.002490165373940438,395.4826502799988
522,-1.1726726195548296,0.003456155650290886,0.507080078125,0.4628749999999999,0.04338552822166774,0.00248529586117736,396.1820743083954
523,-1.1742665918752362,0.003541016031967746,0.50146484375,0.4628749999999999,0.0329736144370785,0.002480423707639591,396.84374475479126
524,-1.17600639341889,0.003226191590464906,0.5025634765625,0.4628749999999999,0.038435397901167706,0.0024755489467203256,397.56159472465515
525,-1.1736987870517002,0.0035315428798988425,0.510498046875,0.4628749999999999,0.03949618283129669,0.0024706716118306302,398.2776412963867
526,-1.1734480689590185,0.0031523398079665835,0.4976806640625,0.4628749999999999,0.0330081568946015,0.0024657917363992104,398.98680996894836
527,-1.1723188707761554,0.003478833276457291,0.5032958984375,0.4628749999999999,0.03651104551582438,0.002460909353872187,399.7062907218933
528,-1.1741089378239598,0.003060543042275133,0.4989013671875,0.4628749999999999,0.0459947105040226,0.0024560244977128633,400.442125082016
529,-1.175065692305684,0.0034601303913031536,0.508056640625,0.4628749999999999,0.05187681268698811,0.0024511372014014957,401.1496407985687
530,-1.1748819138489726,0.0032548918285379706,0.5111083984375,0.4628749999999999,0.02603994746070338,0.0024462474984350666,401.81752038002014
531,-1.174748342301795,0.0031709533698133334,0.5086669921875,0.4628749999999999,0.056355052000139454,0.0024413554223270528,402.4822325706482
532,-1.1756809722146784,0.003883240091321674,0.510009765625,0.4628749999999999,0.06217331418387724,0.0024364610066071953,403.17066073417664
533,-1.176513637228732,0.0035451702665821954,0.5045166015625,0.4628749999999999,0.04667580958438912,0.002431564284821272,403.87868666648865
534,-1.1744905376913817,0.004330864449803147,0.5062255859375,0.4628749999999999,0.056516714930903746,0.0024266652905308647,404.564327955246
535,-1.1747806671989296,0.004627839296040907,0.5074462890625,0.4628749999999999,0.09384207101900664,0.0024217640573131333,405.23783779144287
536,-1.1743883941179525,0.0037502400997526694,0.5062255859375,0.4628749999999999,0.11984947306567825,0.0024168606187605812,405.91223096847534
537,-1.1744955651354565,0.003931509674986243,0.5079345703125,0.4628749999999999,0.08496654324122703,0.0024119550084808266,406.6129152774811
538,-1.1759390687540239,0.004207366570627767,0.508544921875,0.4628749999999999,0.05349187412670905,0.0024070472600963735,407.3195950984955
539,-1.1751992736976504,0.004756472091532178,0.5064697265625,0.4628749999999999,0.2273883010868818,0.0024021374072443796,407.99669909477234
540,-1.1746783423654819,0.005780150730396171,0.5076904296875,0.4628749999999999,0.47441095625091084,0.002397225483576426,408.688636302948
541,-1.1742981095900022,0.005951840652326168,0.5130615234375,0.4628749999999999,0.5644835215547851,0.0023923115227582883,409.34201192855835
542,-1.171859346826809,0.005398558952708482,0.5091552734375,0.4628749999999999,0.37080219955077326,0.002387395558469704,410.1146607398987
543,-1.1739428073099987,0.0052011859268714595,0.50732421875,0.4628749999999999,0.132405530644884,0.0023824776244041413,410.89993476867676
544,-1.1768286339892815,0.007283167417085386,0.512451171875,0.4628749999999999,0.7414411105165447,0.0023775577542685697,411.69310116767883
545,-1.1777712217210676,0.018266082170447274,0.504150390625,0.4628749999999999,2.2047234539167357,0.0023726359817832277,412.46825528144836
546,-1.174613717952874,0.05155672748474936,0.5020751953125,0.4628749999999999,3.013689954230674,0.0023677123406813942,413.27289366722107
547,-1.1790174403214086,0.006593251299276335,0.500732421875,0.4628749999999999,0.3968253007702609,0.0023627868647091536,414.06717920303345
548,-1.1723606366815051,0.023324215758532985,0.512939453125,0.4628749999999999,1.5190655573094924,0.002357859587625166,414.8362410068512
549,-1.1731625310033547,0.0068625520318776985,0.5203857421875,0.4628749999999999,0.4191676057296162,0.0023529305432004374,415.57315731048584
550,-1.1742163765617595,0.004295129950041307,0.5025634765625,0.4628749999999999,0.2511557248616957,0.0023479997652180854,416.364958524704
551,-1.1733241147301916,0.007338732470907973,0.509033203125,0.4628749999999999,0.40691699132401465,0.0023430672874731116,417.16301012039185
552,-1.1717463019805283,0.008275171631410033,0.5120849609375,0.4628749999999999,0.36121574806663903,0.0023381331437721652,417.9775002002716
553,-1.1742178234217358,0.006358059387819578,0.515625,0.4628749999999999,0.20587206901034058,0.0023331973679333157,418.81596279144287
554,-1.1706145072567566,0.004575780667933859,0.5113525390625,0.4628749999999999,0.11630693850643399,0.0023282599937858167,419.6450037956238
555,-1.1728314353266587,0.003759637715394037,0.5096435546875,0.4628749999999999,0.05444560735157523,0.0023233210551698792,420.45282316207886
556,-1.172915967691695,0.004011791166396716,0.506103515625,0.4628749999999999,0.06967880729376578,0.0023183805859364344,421.17126393318176
557,-1.1742801123604614,0.005429310575335037,0.5020751953125,0.4628749999999999,0.08850154152210654,0.002313438619946905,421.9309046268463
558,-1.17802707499798,0.006223284876199127,0.5123291015625,0.4628749999999999,0.09594805209599991,0.002308495191072974,422.70768213272095
559,-1.173829193753912,0.00544990667728273,0.5047607421875,0.4628749999999999,0.08959314745445908,0.002303550333196348,423.4710819721222
560,-1.1741063800069518,0.005467201779278591,0.511474609375,0.4628749999999999,0.11535311563072419,0.00229860408020853,424.2509214878082
561,-1.1738476363093495,0.005238891859101779,0.494873046875,0.4628749999999999,0.10502255521427616,0.0022936564660105832,425.00106406211853
562,-1.1746192491250773,0.004475182845907655,0.5107421875,0.4628749999999999,0.09784712121575831,0.0022887075245129024,425.77645540237427
563,-1.1735138141307315,0.004892556025004222,0.5057373046875,0.4628749999999999,0.0796480503987699,0.002283757289634978,426.57344460487366
564,-1.1746389880681223,0.003877574281766806,0.5086669921875,0.4628749999999999,0.06139539411981441,0.002278805795305166,427.33404421806335
565,-1.1727867274000592,0.003166854473401108,0.498046875,0.4628749999999999,0.04507727582230812,0.002273853075460453,428.1433324813843
566,-1.1746600483529321,0.0033866144087772356,0.5137939453125,0.4628749999999999,0.08690468760431495,0.0022688991640462276,428.8721408843994
567,-1.1734808905750378,0.0035339331725210464,0.506103515625,0.4628749999999999,0.09865587740562883,0.0022639440950160427,429.61658811569214
568,-1.1742712338016625,0.0034078481263579595,0.5167236328125,0.4628749999999999,0.077803022475945,0.0022589879023313876,430.3696026802063
569,-1.1733664183905765,0.0036650655502824137,0.5032958984375,0.4628749999999999,0.055560591629784196,0.002254030619961452,431.11042761802673
570,-1.1731534606331868,0.003217893328280158,0.503662109375,0.4628749999999999,0.046020139550877234,0.0022490722818828937,431.9185743331909
571,-1.1739339867705136,0.0026772352667467935,0.5067138671875,0.4628749999999999,0.0623145815319203,0.0022441129220796066,432.72705030441284
572,-1.1745232805439203,0.0029452340505631085,0.5118408203125,0.4628749999999999,0.05236278047833027,0.0022391525745424886,433.4862928390503
573,-1.173518555594642,0.0024479129916881886,0.5003662109375,0.4628749999999999,0.04532264772922043,0.0022341912732692054,434.26602005958557
574,-1.1735932124133268,0.002563335580194707,0.5079345703125,0.4628749999999999,0.047425650204733605,0.00222922905226396,435.0371046066284
575,-1.173423383884356,0.003023835667540334,0.4962158203125,0.4628749999999999,0.06443402246356064,0.002224265945537261,435.82595133781433
576,-1.1740131020783076,0.002574840629686263,0.499267578125,0.4628749999999999,0.051831255605881095,0.0022193019871056844,436.5705144405365
577,-1.1748018955941655,0.002808001986176171,0.510009765625,0.4628749999999999,0.04461583464341197,0.0022143372109916463,437.34541034698486
578,-1.1755994217710728,0.002303640614260616,0.5068359375,0.4628749999999999,0.05849105184243209,0.0022093716512231673,438.14132380485535
579,-1.175244399026441,0.002215948284415233,0.505615234375,0.4628749999999999,0.0643397154982672,0.002204405341833636,438.9161105155945
580,-1.174503905578447,0.00250052618789745,0.494873046875,0.4628749999999999,0.03685978724449869,0.0021994383168615827,439.71982049942017
581,-1.1740573614101626,0.0028234579024686486,0.4974365234375,0.4628749999999999,0.03165252147151017,0.0021944706103504395,440.50243878364563
582,-1.1749975360877456,0.0031734741280428505,0.5086669921875,0.4628749999999999,0.04988808582845705,0.0021895022563483105,441.28978180885315
583,-1.1736714746272088,0.002885403036494314,0.5201416015625,0.4628749999999999,0.04678093683937675,0.0021845332889077382,442.0761799812317
584,-1.174949273094438,0.003411693686664743,0.517578125,0.4628749999999999,0.0641640392919564,0.002179563742085469,442.84357595443726
585,-1.173698393000445,0.0029064133130931712,0.4989013671875,0.4628749999999999,0.05792304013145242,0.0021745936499422197,443.61430072784424
586,-1.1751976669810897,0.0033902649116628377,0.5128173828125,0.4628749999999999,0.05725030578514789,0.002169623046542447,444.3807291984558
587,-1.1746890913190726,0.003096379798852367,0.4971923828125,0.4628749999999999,0.07298300741491968,0.002164651965954108,445.1467499732971
588,-1.175834346739237,0.003554837664996631,0.51171875,0.4628749999999999,0.05463521928718195,0.002159680442248433,445.9094727039337
589,-1.1753166695284358,0.0029598179269274714,0.5135498046875,0.4628749999999999,0.09828479100735506,0.0021547085094996902,446.66435527801514
590,-1.173144687149887,0.003540326755491038,0.507568359375,0.4628749999999999,0.1247046060435408,0.0021497362017849483,447.4146478176117
591,-1.172165988680839,0.003569309346204114,0.503173828125,0.4628749999999999,0.07494784268462769,0.002144763553183849,448.17048954963684
592,-1.1723464830824217,0.004483340685841224,0.5013427734375,0.4628749999999999,0.11706547060504253,0.0021397905977783675,448.9419062137604
593,-1.1733052345301886,0.004167540506316828,0.5072021484375,0.4628749999999999,0.08821163896877117,0.002134817369652585,449.7849352359772
594,-1.1727924855323528,0.005635060711383721,0.5074462890625,0.4628749999999999,0.11195017318563465,0.0021298439028924485,450.51241755485535
595,-1.1741106898905236,0.005349215959192429,0.5013427734375,0.4628749999999999,0.09849628743457889,0.0021248702315855438,451.2844440937042
596,-1.1714607945059057,0.00478828669210988,0.5062255859375,0.4628749999999999,0.07934063592100647,0.002119896389820856,452.0201473236084
597,-1.1758829671690476,0.005537431397598205,0.511474609375,0.4628749999999999,0.12092907552495502,0.002114922411688541,452.785019159317
598,-1.1741033147870912,0.005591510117026445,0.506103515625,0.4628749999999999,0.30460678265888047,0.002109948331279686,453.56315755844116
599,-1.1748211659963852,0.00854536243491026,0.4947509765625,0.4628749999999999,0.7499339794594392,0.002104974182686083,454.3261649608612
600,-1.1736669798420891,0.0195287521750526,0.5028076171875,0.4628749999999999,2.0904542407009634,0.002099999999999989,455.1005744934082
601,-1.173770647543487,0.19712395552103076,0.5245361328125,0.4628749999999999,11.059981946857162,0.002095025817313895,455.86453890800476
602,-1.189830545471565,0.06665058514653145,0.49658203125,0.4628749999999999,2.948891363931049,0.002090051668720292,456.6208543777466
603,-1.1775038570810867,0.02918432361681251,0.49560546875,0.4628749999999999,1.3614427162093912,0.0020850775883114376,457.3717737197876
604,-1.170378563833828,0.0070955645097568664,0.5164794921875,0.4628749999999999,0.20501830994781875,0.002080103610179122,458.16369915008545
605,-1.1760281174989173,0.012145062986485333,0.51416015625,0.4628749999999999,0.5313024074426963,0.0020751297684144343,458.93800497055054
606,-1.1707272199523344,0.013253909462848453,0.513427734375,0.4628749999999999,0.5178946541153638,0.0020701560971075296,459.71714758872986
607,-1.1677212294125234,0.011034458940950695,0.5135498046875,0.4628749999999999,0.34548634057614835,0.0020651826303473932,460.500524520874
608,-1.1719578968188515,0.00918827290609972,0.52294921875,0.4628749999999999,0.19729641508632495,0.0020602094022216105,461.29075479507446
609,-1.17376462451977,0.006398258572858819,0.5191650390625,0.4628749999999999,0.1082945526626954,0.0020552364468161286,462.04155802726746
610,-1.1751802867689358,0.005405125047557105,0.5213623046875,0.4628749999999999,0.06743289563973222,0.002050263798215029,462.81577229499817
611,-1.172416693616976,0.005258472166995237,0.5103759765625,0.4628749999999999,0.07728561158876583,0.0020452914905002874,463.6057095527649
612,-1.1715121666710409,0.0052686646984681324,0.49609375,0.4628749999999999,0.09213174961186685,0.0020403195577515442,464.36929202079773
613,-1.1734677303943029,0.005849906750172537,0.50634765625,0.4628749999999999,0.10102478531129963,0.00203534803404587,465.1478054523468
614,-1.1746564588754653,0.00637183940230545,0.5123291015625,0.4628749999999999,0.0876811377133377,0.002030376953457531,465.86429142951965
615,-1.1714631888773979,0.006095397283170813,0.5111083984375,0.4628749999999999,0.0872005977589167,0.002025406350057758,466.6049611568451
616,-1.1727710493003674,0.005246930080904584,0.5101318359375,0.4628749999999999,0.058443014025002404,0.0020204362579145088,467.35551404953003
617,-1.1742209737467055,0.004451774694632932,0.511474609375,0.4628749999999999,0.05176325232515476,0.00201546671109224,468.1156666278839
618,-1.1718514853764042,0.00401726403456695,0.503173828125,0.4628749999999999,0.04709290153663611,0.002010497743651667,468.87901306152344
619,-1.1700136658221192,0.0038686394225127293,0.522216796875,0.4628749999999999,0.03711012543595598,0.002005529389649538,469.6304008960724
620,-1.1705965345104912,0.0038112343997646994,0.51025390625,0.4628749999999999,0.032274822170640705,0.002000561683138395,470.40472435951233
621,-1.1729121971886007,0.0041677318346273265,0.51953125,0.4628749999999999,0.03167085322963533,0.001995594658166341,471.14716362953186
622,-1.1734953684225427,0.004373692766579618,0.514892578125,0.4628749999999999,0.03281217230106105,0.0019906283487768103,471.91062474250793
623,-1.1746822253849154,0.004311953279872928,0.5103759765625,0.4628749999999999,0.04498593413785634,0.0019856627890083305,472.711225271225
624,-1.1736899018664322,0.0037266488417220505,0.5115966796875,0.4628749999999999,0.042170776465780484,0.0019806980128942928,473.49931955337524
625,-1.1736041415753866,0.004509829649964783,0.5142822265625,0.4628749999999999,0.04159371714661342,0.001975734054462716,474.2549374103546
626,-1.174307518558046,0.0036514826064648815,0.51611328125,0.4628749999999999,0.029695599213021402,0.0019707709477360166,474.9906253814697
627,-1.1726318065174661,0.0030279786464505565,0.513427734375,0.4628749999999999,0.017645697853645538,0.001965808726730771,475.7632794380188
628,-1.173834472591604,0.003531752761113461,0.5172119140625,0.4628749999999999,0.020663046495426267,0.0019608474254574878,476.5390667915344
629,-1.170692066725766,0.0035948014740981244,0.5281982421875,0.4628749999999999,0.01738121624253673,0.001955887077920369,477.2875192165375
630,-1.1726925796571122,0.0038710808065777432,0.509521484375,0.4628749999999999,0.018387388691825615,0.0019509277181170824,478.06679940223694
631,-1.1723287827001538,0.0037561317317142094,0.51513671875,0.4628749999999999,0.021774211196924333,0.001945969380038524,478.84774374961853
632,-1.172641584685234,0.004028428954614825,0.505126953125,0.4628749999999999,0.03168278288642918,0.001941012097668588,479.6261465549469
633,-1.1713730942218206,0.00382315034167454,0.501708984375,0.4628749999999999,0.031216810111608165,0.0019360559049839334,480.38828444480896
634,-1.172370801638777,0.0034110768976877413,0.504638671875,0.4628749999999999,0.03503671809566976,0.0019311008359537488,481.1490681171417
635,-1.17342221476021,0.0034413256228354528,0.504150390625,0.4628749999999999,0.026378927495164874,0.0019261469245395234,481.93618392944336
636,-1.1737705398330913,0.003652553148659704,0.5113525390625,0.4628749999999999,0.016344727509464013,0.0019211942046948101,482.72776460647583
637,-1.1743472932067238,0.003426497520703216,0.5242919921875,0.4628749999999999,0.03994559741873493,0.001916242710364998,483.5312008857727
638,-1.1761431108188134,0.0032967607925005987,0.49951171875,0.4628749999999999,0.03857295177553764,0.0019112924754870735,484.32196140289307
639,-1.1727790972797276,0.0030059484212075186,0.519775390625,0.4628749999999999,0.023907391983105767,0.001906343533989393,485.095805644989
640,-1.17322306326946,0.003170655854060598,0.502685546875,0.4628749999999999,0.016702909530895035,0.0019013959197914465,485.8590009212494
641,-1.1727168972277315,0.0023794060574389648,0.51220703125,0.4628749999999999,0.019988435359644646,0.001896449666803628,486.56402254104614
642,-1.1723928812221196,0.002873563530297569,0.5087890625,0.4628749999999999,0.024209738610654206,0.001891504808927002,487.2605993747711
643,-1.1743269716105047,0.0031558347705093123,0.49951171875,0.4628749999999999,0.03737249982203556,0.0018865613800530705,487.93231558799744
644,-1.17154560094834,0.0027588625147030067,0.50830078125,0.4628749999999999,0.0237985002887432,0.0018816194140635419,488.62404108047485
645,-1.1752055300999236,0.003065907614817759,0.51611328125,0.4628749999999999,0.03279248681505106,0.0018766789448300969,489.31953835487366
646,-1.1744343084271676,0.002543832758509916,0.505615234375,0.4628749999999999,0.021125384908061394,0.0018717400062141592,490.0367751121521
647,-1.1751990965084889,0.0029661568235202166,0.5078125,0.4628749999999999,0.030550880680202123,0.00186680263206666,490.71535420417786
648,-1.173632664511402,0.002762506063625074,0.5025634765625,0.4628749999999999,0.03222358945022253,0.0018618668562278104,491.4195168018341
649,-1.172499217041452,0.0022508023832815346,0.5040283203125,0.4628749999999999,0.013392674061235631,0.0018569327125268643,492.16282057762146
650,-1.1761415683239318,0.0027520323531869087,0.515380859375,0.4628749999999999,0.03334352828189185,0.0018520002347818909,492.84089255332947
651,-1.1736707665358113,0.0022074853220750003,0.5157470703125,0.4628749999999999,0.02696437452212178,0.0018470694567995394,493.5397217273712
652,-1.1741868825943027,0.0026617480455435843,0.50732421875,0.4628749999999999,0.047313469090539476,0.0018421404123748104,494.27670216560364
653,-1.1741093272889311,0.0025452603768539054,0.50634765625,0.4628749999999999,0.03261931915707725,0.0018372131352908222,495.0200664997101
654,-1.1745478133308604,0.002782332598723847,0.5157470703125,0.4628749999999999,0.02845583635396601,0.0018322876593185817,495.6730303764343
655,-1.1738889597888877,0.002725177686466957,0.5086669921875,0.4628749999999999,0.03371722075895412,0.0018273640182167484,496.3776171207428
656,-1.1733732487722173,0.0030445468596054176,0.5096435546875,0.4628749999999999,0.03754373094304328,0.0018224422457314075,497.1089780330658
657,-1.173912634026578,0.0027492221574521945,0.512451171875,0.4628749999999999,0.028612908773110235,0.0018175223755958355,497.8227610588074
658,-1.1740821450402055,0.0029436961918871767,0.5137939453125,0.4628749999999999,0.019067027804619534,0.0018126044415302726,498.58007431030273
659,-1.175144617255639,0.0027448068245902683,0.505126953125,0.4628749999999999,0.03644401914334934,0.0018076884772416884,499.3035924434662
660,-1.1735567956200432,0.0028306587678918506,0.5107421875,0.4628749999999999,0.04797680712901945,0.001802774516423551,499.9752757549286
661,-1.1735253372400072,0.002993675003424247,0.505615234375,0.4628749999999999,0.02679468501949989,0.0017978625927555973,500.6994218826294
662,-1.1746715220755908,0.0026720924792338102,0.5018310546875,0.4628749999999999,0.025011368852169404,0.0017929527399036034,501.3910262584686
663,-1.1756166413496167,0.0028265854655083076,0.5008544921875,0.4628749999999999,0.02167843237092069,0.00178804499151915,502.124498128891
664,-1.1737989103714477,0.0027267466541315297,0.5093994140625,0.4628749999999999,0.031025189738622092,0.0017831393812393949,502.7687478065491
665,-1.1763813441677051,0.002624982167809121,0.5111083984375,0.4628749999999999,0.03591862161517047,0.0017782359426868428,503.45159888267517
666,-1.1741133931950936,0.002506688308567712,0.501953125,0.4628749999999999,0.021128299715342,0.0017733347094691116,504.1871678829193
667,-1.173611412971526,0.0027046511186376416,0.49755859375,0.4628749999999999,0.03295824153647203,0.0017684357151787054,504.85998725891113
668,-1.1741512255513076,0.002111875564224934,0.511474609375,0.4628749999999999,0.03144235915052332,0.0017635389933927815,505.59615445137024
669,-1.1729219410335157,0.0027552516134428224,0.5107421875,0.4628749999999999,0.030864869042969603,0.0017586445776729236,506.3347222805023
670,-1.1760270510612871,0.0027534687946743114,0.5062255859375,0.4628749999999999,0.03356750574712694,0.0017537525015649095,507.0586590766907
671,-1.1747770974647227,0.0021691438878874364,0.508056640625,0.4628749999999999,0.019375935887713247,0.0017488627985984806,507.77679228782654
672,-1.1740879273618758,0.0025009360581894507,0.503662109375,0.4628749999999999,0.05195690658986364,0.0017439755022871128,508.4764041900635
673,-1.1754307624400324,0.0028948383401762212,0.5,0.4628749999999999,0.030965550145839786,0.001739090646127789,509.18259167671204
674,-1.1742594633600145,0.0026599969638308667,0.5050048828125,0.4628749999999999,0.03941987914218706,0.0017342082636007657,509.9416091442108
675,-1.1739315360557931,0.002083341401695861,0.501708984375,0.4628749999999999,0.048148411532556,0.0017293283881693457,510.6877074241638
676,-1.175156786765157,0.002287561316673769,0.5045166015625,0.4628749999999999,0.03207881065722413,0.00172445105327965,511.44940423965454
677,-1.173692546487437,0.0022079894631474176,0.5107421875,0.4628749999999999,0.023827155082905588,0.0017195762923603853,512.2032916545868
678,-1.1731652533642234,0.002774708529262982,0.5035400390625,0.4628749999999999,0.02542875530510992,0.0017147041388226162,512.9963881969452
679,-1.1732884701938393,0.0027899416367586144,0.5220947265625,0.4628749999999999,0.038388769726053616,0.0017098346260595381,513.7931566238403
680,-1.173644726568929,0.0034907883586761945,0.5028076171875,0.4628749999999999,0.038271931905220116,0.0017049677874462468,514.5838599205017
681,-1.174198127041271,0.0030878664434227927,0.5115966796875,0.4628749999999999,0.04230588810396304,0.0017001036563395093,515.3714895248413
682,-1.172472869360277,0.0021734531554833403,0.510498046875,0.4628749999999999,0.03758774321730143,0.0016952422660775348,516.1452996730804
683,-1.175224558664485,0.002694974732296934,0.5133056640625,0.4628749999999999,0.0388086061331147,0.0016903836499797475,516.928288936615
684,-1.1746931387175166,0.0027723910103630285,0.5159912109375,0.4628749999999999,0.036792182564587446,0.001685527841346559,517.6939899921417
685,-1.174276102972358,0.0027608573365917907,0.501953125,0.4628749999999999,0.028257826420010825,0.0016806748734591382,518.4682905673981
686,-1.1762408258887955,0.0032021108175248484,0.51513671875,0.4628749999999999,0.03541590522339873,0.0016758247795791823,519.1999855041504
687,-1.1756793676003765,0.0033512321426015694,0.5086669921875,0.4628749999999999,0.035076917344916726,0.0016709775929486933,519.9271292686462
688,-1.1740276131448946,0.003448386287013267,0.5101318359375,0.4628749999999999,0.0478424041809925,0.0016661333467897445,520.6933917999268
689,-1.1729079662487045,0.003291433202429531,0.5113525390625,0.4628749999999999,0.03645333491651952,0.0016612920743042567,521.465357542038
690,-1.1731834428332024,0.0030249377662291475,0.5057373046875,0.4628749999999999,0.03564295168241081,0.0016564538086737697,522.1988317966461
691,-1.1737605151454695,0.003418494516364577,0.5111083984375,0.4628749999999999,0.0323362838503197,0.001651618583059215,522.9861454963684
692,-1.1734885958867944,0.002624333824406074,0.5233154296875,0.4628749999999999,0.05914401865743202,0.001646786430600687,523.7065119743347
693,-1.1721451152792772,0.002950872345478186,0.5101318359375,0.4628749999999999,0.05526640092813739,0.0016419573844172176,524.4151728153229
694,-1.1727782388347916,0.0031477191140436823,0.51953125,0.4628749999999999,0.049989327379163076,0.0016371314776065476,525.2032752037048
695,-1.1726273469055704,0.0025319732416037703,0.509033203125,0.4628749999999999,0.03964131431126038,0.0016323087432449036,525.9596314430237
696,-1.1731851692317856,0.0030936437014553344,0.5155029296875,0.4628749999999999,0.03331146538984992,0.0016274892143867668,526.7032024860382
697,-1.1740244956379615,0.0037531149003828972,0.512939453125,0.4628749999999999,0.08354444226695892,0.0016226729240646465,527.4115097522736
698,-1.1743701415339283,0.004187510669755111,0.507080078125,0.4628749999999999,0.08124473317261104,0.0016178599052888599,528.1867167949677
699,-1.1755443713026192,0.004502681457268541,0.5203857421875,0.4628749999999999,0.05255295409701473,0.0016130501910472973,528.9224710464478
700,-1.1741505344877332,0.0046636624480730525,0.506103515625,0.4628749999999999,0.06920636687602841,0.0016082438143052015,529.6890947818756
701,-1.175561005259019,0.004849440855783675,0.51025390625,0.4628749999999999,0.04621869615736139,0.0016034408080049403,530.4668412208557
702,-1.175327935622025,0.0053845929460571785,0.497802734375,0.4628749999999999,0.08474705100185918,0.0015986412050657823,531.2309873104095
703,-1.1750763021951625,0.004790043367377033,0.5074462890625,0.4628749999999999,0.08189665905489149,0.001593845038383668,532.018675327301
704,-1.173141128498031,0.005026117528284212,0.512451171875,0.4628749999999999,0.08256196402800484,0.0015890523408309866,532.8734753131866
705,-1.1735988560993698,0.007858245549571454,0.5086669921875,0.4628749999999999,0.09995092384801302,0.0015842631452563497,533.6197955608368
706,-1.1766473759937282,0.014404934433084644,0.504638671875,0.4628749999999999,0.3088703863572761,0.001579477484484369,534.3836755752563
707,-1.1751278531345228,0.018760418720348053,0.501953125,0.4628749999999999,0.8906371482786584,0.0015746953913154274,535.1289238929749
708,-1.1690030916475251,0.0298921406936566,0.4959716796875,0.4628749999999999,3.1304933677428575,0.0015699168985254548,535.9077215194702
709,-1.120387043043428,0.5841534637343088,0.5146484375,0.4628749999999999,19.48777340451594,0.0015651420388657074,536.6872353553772
710,-1.1788570754506553,0.03334766439626453,0.5062255859375,0.4628749999999999,2.293387148017572,0.001560370845062538,537.4723060131073
711,-1.1807517720539353,0.02461007594791568,0.4986572265625,0.4628749999999999,2.7320108157469183,0.001555603349817174,538.2183375358582
712,-1.1623359594371414,0.1325668067270585,0.5152587890625,0.4628749999999999,3.244132869749406,0.0015508395858054942,539.0401811599731
713,-1.1737583935540834,0.04367774408260683,0.5098876953125,0.4628749999999999,1.48880981688284,0.0015460795856778052,539.8309154510498
714,-1.1785486521343604,0.07049775961211713,0.5006103515625,0.4628749999999999,3.626000541343547,0.0015413233820586133,540.617910861969
715,-1.1724466046219564,0.049272349199970825,0.5162353515625,0.4628749999999999,1.9599714516254867,0.0015365710075464056,541.4099318981171
716,-1.1637263455615616,0.07922802484006038,0.507080078125,0.4628749999999999,2.8015236253896356,0.0015318224947134262,542.2079863548279
717,-1.1731730086717933,0.046685180275442696,0.5013427734375,0.4628749999999999,2.131705147233053,0.001527077876105449,543.0142529010773
718,-1.1712191813762107,0.06924933860948153,0.50341796875,0.4628749999999999,5.7141287167714525,0.0015223371842415594,543.802764415741
719,-1.1702421691711415,0.07423544800968201,0.503173828125,0.4628749999999999,4.2244770952442945,0.001517600451613928,544.6366472244263
720,-1.1712648617735333,0.023703840136754854,0.5159912109375,0.4628749999999999,1.302475162506189,0.0015128677106875908,545.4073424339294
721,-1.172142926187128,0.025574543870491698,0.5172119140625,0.4628749999999999,1.4177511556318674,0.0015081389939002239,546.2058777809143
722,-1.1659520814221018,0.023621108276869796,0.5286865234375,0.4628749999999999,1.1283602091256775,0.0015034143336619217,546.9823470115662
723,-1.1702229618348117,0.01518768469992954,0.5233154296875,0.4628749999999999,0.4558049036653499,0.001498693762354977,547.761955499649
724,-1.1719025466502044,0.01097059881485684,0.5123291015625,0.4628749999999999,0.24466790936922803,0.001493977312333658,548.5530624389648
725,-1.173874057439122,0.009642592610478617,0.5103759765625,0.4628749999999999,0.2939721191535102,0.0014892650159239842,549.3260016441345
726,-1.1760398453733285,0.008903934992964933,0.522705078125,0.4628749999999999,0.2802552567086529,0.001484556905423507,550.0533547401428
727,-1.1747782926084325,0.0071190654261841175,0.5086669921875,0.4628749999999999,0.24049622857625721,0.0014798530131010898,550.8515934944153
728,-1.1730286921186561,0.007079396586597822,0.506591796875,0.4628749999999999,0.24766770598487153,0.0014751533711966829,551.6644639968872
729,-1.1704179265110493,0.007950355097885924,0.512939453125,0.4628749999999999,0.24618928414361324,0.0014704580119211065,552.395177602768
730,-1.1710984545160854,0.00835715892325364,0.5032958984375,0.4628749999999999,0.22369957862936754,0.001465766967455826,553.1786952018738
731,-1.173677518589535,0.006589716399011881,0.5054931640625,0.4628749999999999,0.15846652207687564,0.001461080269952737,553.9473466873169
732,-1.1741002600537613,0.006437077520588708,0.519287109375,0.4628749999999999,0.09838800619770115,0.0014563979515339377,554.7337625026703
733,-1.1721421802276923,0.006421984398115239,0.5096435546875,0.4628749999999999,0.1309884672922481,0.001451720044291515,555.5490324497223
734,-1.1734120335948908,0.005122603706260878,0.5074462890625,0.4628749999999999,0.11875435189366688,0.0014470465802873208,556.35120844841
735,-1.1722033897706678,0.004809765095546341,0.51025390625,0.4628749999999999,0.10755528882843861,0.0014423775915527548,557.1513156890869
736,-1.173389581856572,0.004847679944812837,0.507080078125,0.4628749999999999,0.07747565199720628,0.0014377131100885429,557.9675388336182
737,-1.1728214472661604,0.0048622056943168155,0.50927734375,0.4628749999999999,0.040580224270684154,0.0014330531678645177,558.7956216335297
738,-1.1738789798361569,0.00540970009056646,0.5118408203125,0.4628749999999999,0.061031380340463265,0.0014283977968194029,559.5590662956238
739,-1.1753853739246787,0.006155386059454316,0.5078125,0.4628749999999999,0.09718248467544206,0.0014237470288605899,560.3589489459991
740,-1.1751104932667311,0.006055261061062822,0.5025634765625,0.4628749999999999,0.11352719577282931,0.0014191008958639214,561.178308725357
741,-1.1767714073317497,0.0053182337687550105,0.5040283203125,0.4628749999999999,0.11182889743839013,0.001414459429673472,561.9910612106323
742,-1.1718160164136249,0.004514259465977851,0.5123291015625,0.4628749999999999,0.09208983257785797,0.0014098226621013328,562.8171451091766
743,-1.1731682896408877,0.005067836493595917,0.5074462890625,0.4628749999999999,0.08024120356855943,0.0014051906249273882,563.5621509552002
744,-1.174828831454644,0.004687942446756652,0.513916015625,0.4628749999999999,0.0654984738538132,0.001400563349899104,564.3237118721008
745,-1.1761006448070868,0.0046807129082223065,0.505615234375,0.4628749999999999,0.0869536315512785,0.0013959408687313026,565.125890493393
746,-1.1755644698296832,0.005361487955837358,0.5050048828125,0.4628749999999999,0.09317966070061229,0.0013913232131059548,565.9306695461273
747,-1.1722008273238087,0.004960114577662008,0.501953125,0.4628749999999999,0.08493151637974551,0.001386710414671954,566.6970860958099
748,-1.1735778171818225,0.004755536620901506,0.511962890625,0.4628749999999999,0.05384771552842275,0.001382102505044904,567.4458410739899
749,-1.1730883404116277,0.004072980903357611,0.5040283203125,0.4628749999999999,0.023435643979597322,0.0013774995158069023,568.266360282898
750,-1.1715965826003796,0.004547642543037461,0.5072021484375,0.4628749999999999,0.0310022975429744,0.0013729014785063213,569.0254542827606
751,-1.1723167628857758,0.004712356200950713,0.5052490234375,0.4628749999999999,0.03490020298545294,0.001368308424657594,569.8062069416046
752,-1.173670775550963,0.004265964858263301,0.51318359375,0.4628749999999999,0.046879479788248836,0.0013637203857409963,570.5572905540466
753,-1.174288403347334,0.0039034203164764795,0.5118408203125,0.4628749999999999,0.06888061219958723,0.0013591373932024346,571.3580322265625
754,-1.176187533788581,0.0039032282819294077,0.5185546875,0.4628749999999999,0.051912651529519335,0.0013545594784532254,572.119900226593
755,-1.1752295462637683,0.004555295538915112,0.50830078125,0.4628749999999999,0.05349086640753597,0.0013499866728698844,572.921139717102
756,-1.1745557772115487,0.003852690208893953,0.5159912109375,0.4628749999999999,0.055296673413279804,0.0013454190077939086,573.725692987442
757,-1.1731769986062273,0.0036692370837009334,0.5126953125,0.4628749999999999,0.05447887058023838,0.0013408565145315641,574.4953215122223
758,-1.174597810759594,0.004453550552312411,0.5101318359375,0.4628749999999999,0.0715868625803402,0.001336299224353668,575.2788496017456
759,-1.1738944854164837,0.003407993615745121,0.50634765625,0.4628749999999999,0.07419455237212408,0.0013317471684953764,576.0820338726044
760,-1.1737423887244756,0.003464397295918852,0.505615234375,0.4628749999999999,0.04667829423441598,0.0013272003781559713,576.8595604896545
761,-1.174843064843754,0.003398362072924769,0.516845703125,0.4628749999999999,0.026616081468999755,0.001322658884498645,577.631829738617
762,-1.1743238854217748,0.0033628988640938707,0.5001220703125,0.4628749999999999,0.039818151592764875,0.001318122718650286,578.4034359455109
763,-1.1749820955857309,0.0031322994580310617,0.5091552734375,0.4628749999999999,0.047566189914272784,0.0013135919117012662,579.186083316803
764,-1.176213301603791,0.003739070064538671,0.5,0.4628749999999999,0.0452321153640814,0.0013090664947052303,579.9790945053101
765,-1.1735969113891271,0.003317365386063002,0.5059814453125,0.4628749999999999,0.056718049317606115,0.0013045464986788796,580.7662003040314
766,-1.1751049934050277,0.003354049361666615,0.49853515625,0.4628749999999999,0.03926539833864402,0.0013000319546017606,581.5299983024597
767,-1.1745259727083543,0.0028259803551131334,0.50927734375,0.4628749999999999,0.04482058986963632,0.0012955228934160518,582.2847273349762
768,-1.1764565978777854,0.002760713364094231,0.5108642578125,0.4628749999999999,0.03634583330132182,0.0012910193460263545,583.1029498577118
769,-1.1749816658005994,0.0033564986895063148,0.509765625,0.4628749999999999,0.03564061431408334,0.0012865213432994792,583.8901526927948
770,-1.1747907621751175,0.0028120422176661085,0.5172119140625,0.4628749999999999,0.047400062608370715,0.0012820289160642316,584.668297290802
771,-1.1724148137178,0.0027206668173279935,0.5047607421875,0.4628749999999999,0.03511292882058994,0.0012775420951112062,585.448450088501
772,-1.172053808055003,0.0032383100983940333,0.5084228515625,0.4628749999999999,0.04254813944511017,0.0012730609111925707,586.2284207344055
773,-1.173651880019822,0.0032456947104859525,0.5091552734375,0.4628749999999999,0.03301761607743853,0.0012685853950218581,587.043386220932
774,-1.1736664910887558,0.002864239870073706,0.51416015625,0.4628749999999999,0.03834411361482722,0.001264115577273754,587.8462073802948
775,-1.1725032004634017,0.002863335056679686,0.5084228515625,0.4628749999999999,0.05002640088545215,0.0012596514885838909,588.5912907123566
776,-1.1756687034985909,0.0028649282980044363,0.5086669921875,0.4628749999999999,0.023215529588804372,0.0012551931595486312,589.3975813388824
777,-1.1749558905619897,0.0029996584773927084,0.5086669921875,0.4628749999999999,0.036641503011260505,0.001250740620724863,590.1849241256714
778,-1.1740905432240156,0.0024837572234237045,0.497314453125,0.4628749999999999,0.03181215145845172,0.0012462939026297898,590.9484808444977
779,-1.1725836533916185,0.0024769355670914645,0.5032958984375,0.4628749999999999,0.027579831542318793,0.0012418530357407181,591.7605431079865
780,-1.1732889859067095,0.0023890702888170858,0.5008544921875,0.4628749999999999,0.021297319119204232,0.001237418050494854,592.5536870956421
781,-1.1747342527894604,0.0027768001770802167,0.5244140625,0.4628749999999999,0.02301665628450029,0.0012329889772890884,593.3461754322052
782,-1.173124363230868,0.002660456631702962,0.5072021484375,0.4628749999999999,0.027904611000160985,0.0012285658464797945,594.0734510421753
783,-1.1753129845259003,0.0025561343857102895,0.5047607421875,0.4628749999999999,0.030632829037514017,0.0012241486883826148,594.8620269298553
784,-1.1772098438562395,0.0028649488342603175,0.5164794921875,0.4628749999999999,0.025414175366148716,0.001219737533272256,595.6486101150513
785,-1.1746358981089986,0.0025220418866872224,0.5107421875,0.4628749999999999,0.026273126229838305,0.0012153324113822813,596.449987411499
786,-1.1733543243652838,0.002695800353625456,0.5115966796875,0.4628749999999999,0.039804114201166786,0.0012109333529049038,597.2310676574707
787,-1.1722178071825518,0.00254768022562243,0.5015869140625,0.4628749999999999,0.03691562602659128,0.0012065403879907772,597.994631767273
788,-1.1747539555941517,0.0026771390557150903,0.5072021484375,0.4628749999999999,0.022792315429102095,0.0012021535467487904,598.7767512798309
789,-1.1746575063599725,0.0028545989234629874,0.5101318359375,0.4628749999999999,0.03916611824355361,0.0011977728592458626,599.6135625839233
790,-1.1761201374406904,0.0031125718212655818,0.5152587890625,0.4628749999999999,0.027470919875492696,0.0011933983555067367,600.4463737010956
791,-1.1739811872794093,0.002908833517012978,0.503662109375,0.4628749999999999,0.024579844586098545,0.0011890300655137704,601.3285241127014
792,-1.1756538471990199,0.002818743906670603,0.51220703125,0.4628749999999999,0.030262325822127276,0.0011846680192067335,602.1365320682526
793,-1.1748536855700156,0.0023403497677291635,0.5125732421875,0.4628749999999999,0.028314942867962038,0.0011803122464826045,602.9698648452759
794,-1.1742175587717938,0.002483754828845556,0.5086669921875,0.4628749999999999,0.03399410305292275,0.0011759627771953608,603.8081121444702
795,-1.1725669657299171,0.0027023558335979424,0.50927734375,0.4628749999999999,0.05538286209034554,0.001171619641155779,604.6215074062347
796,-1.1737052120981297,0.0025631842915757475,0.50537109375,0.4628749999999999,0.05438339050016415,0.0011672828681312253,605.5022530555725
797,-1.172979556988897,0.0024744237576097023,0.497314453125,0.4628749999999999,0.022611064955468163,0.0011629524878454586,606.3308727741241
798,-1.174674103687121,0.0024867704245281224,0.5062255859375,0.4628749999999999,0.02757597172808003,0.0011586285299784195,607.1459975242615
799,-1.174614282332929,0.0023562352791852365,0.515380859375,0.4628749999999999,0.03471494642712266,0.0011543110241660302,607.9695725440979
800,-1.1750979520683433,0.0022712395013914977,0.50244140625,0.4628749999999999,0.022513399868383084,0.0011499999999999928,609.4940040111542
801,-1.1732310718148846,0.0024422238921415667,0.499755859375,0.4628749999999999,0.020690543785538414,0.0011456954870275855,610.9469738006592
802,-1.1740849537187987,0.0028611669360553912,0.5146484375,0.4628749999999999,0.031218917703944783,0.0011413975147514571,611.6798768043518
803,-1.1735269080412154,0.002246017217817362,0.5098876953125,0.4628749999999999,0.0360867618231452,0.0011371061126294276,612.4630312919617
804,-1.1737214483949163,0.0020309437330918545,0.5074462890625,0.4628749999999999,0.010182526134734231,0.0011328213100742883,613.2478632926941
805,-1.175299248844972,0.002581016845743481,0.510986328125,0.4628749999999999,0.03149592601997199,0.0011285431364535952,613.9710791110992
806,-1.1737761717813489,0.002449711900783205,0.4996337890625,0.4628749999999999,0.025004638229097306,0.0011242716210894713,614.71546459198
807,-1.175355506600233,0.002346203291946052,0.491943359375,0.4628749999999999,0.05071463862396666,0.001120006793258404,615.4248714447021
808,-1.1749901749689786,0.0024732682935962244,0.51416015625,0.4628749999999999,0.028905493348228662,0.001115748682191047,616.108193397522
809,-1.1752226447958738,0.00252050005802781,0.5059814453125,0.4628749999999999,0.032857286899725,0.0011114973170720166,616.8305113315582
810,-1.1743241637899144,0.002634538826998492,0.5126953125,0.4628749999999999,0.04582430902692563,0.0011072527270396917,617.5147671699524
811,-1.1743994135568596,0.0020936221510303456,0.5133056640625,0.4628749999999999,0.03211081350249455,0.0011030149411860185,618.2443144321442
812,-1.1756177095036562,0.002479516752893876,0.5169677734375,0.4628749999999999,0.018533609611259855,0.0010987839885563072,618.9109811782837
813,-1.1734941215438743,0.002387831797081673,0.51513671875,0.4628749999999999,0.030559031824837764,0.001094559898149033,619.5615212917328
814,-1.1747118976815996,0.002278133043987633,0.510498046875,0.4628749999999999,0.042293284411949975,0.0010903426989156372,620.2329223155975
815,-1.1746349633567394,0.0025631663764780774,0.5069580078125,0.4628749999999999,0.04517067806408202,0.0010861324197603331,620.9448170661926
816,-1.1753207698042876,0.0022652338343581574,0.49560546875,0.4628749999999999,0.03159025518499782,0.0010819290895399019,621.6101047992706
817,-1.1746611492330103,0.0024309910364040954,0.502685546875,0.4628749999999999,0.028536178132754254,0.001077732737063498,622.3259580135345
818,-1.1732935741532553,0.0024103163400950975,0.510986328125,0.4628749999999999,0.05724803751299141,0.001073543391092451,623.0221877098083
819,-1.1738044939930719,0.0019345958572261827,0.50634765625,0.4628749999999999,0.025161392793298418,0.0010693610803400701,623.7503032684326
820,-1.1751286599461208,0.0022822661909769337,0.509765625,0.4628749999999999,0.03815936068884761,0.0010651858334714446,624.4971001148224
821,-1.175297777314336,0.0021478942940700257,0.5086669921875,0.4628749999999999,0.023738850411885292,0.0010610176791032483,625.2969102859497
822,-1.1752482469965404,0.0023561214897956026,0.507080078125,0.4628749999999999,0.032573426657184774,0.0010568566458035449,625.9922406673431
823,-1.17495731986559,0.002012163533279561,0.50927734375,0.4628749999999999,0.03315190543183067,0.0010527027620915919,626.6579463481903
824,-1.1768128102215734,0.002199330284224252,0.505859375,0.4628749999999999,0.03359524183763592,0.001048556056437642,627.3400838375092
825,-1.1727930218656435,0.002056765504796508,0.5042724609375,0.4628749999999999,0.0271761679767747,0.0010444165572627514,628.0278840065002
826,-1.1730138884469086,0.002367824347855166,0.50830078125,0.4628749999999999,0.036835820414187856,0.0010402842929385847,628.7236168384552
827,-1.175177313864276,0.001817284098754355,0.5072021484375,0.4628749999999999,0.03157074579707595,0.0010361592917872183,629.3623943328857
828,-1.1760483504646793,0.002065657456148192,0.51171875,0.4628749999999999,0.023491140857569526,0.0010320415820809484,630.0192940235138
829,-1.17696167695824,0.002791640688299432,0.509033203125,0.4628749999999999,0.019251786729917512,0.0010279311920420955,630.7052795886993
830,-1.1739030419035972,0.0023216992955371277,0.5059814453125,0.4628749999999999,0.0256655632455971,0.0010238281498428142,631.3942403793335
831,-1.1749249149710805,0.002488281894572121,0.497314453125,0.4628749999999999,0.036491754428515794,0.0010197324836048946,632.0672655105591
832,-1.1751400387519437,0.0021118598030294227,0.5155029296875,0.4628749999999999,0.02455467113896718,0.0010156442213995762,632.7682800292969
833,-1.17270095786475,0.002055396051275897,0.502197265625,0.4628749999999999,0.02351477931167519,0.001011563391247349,633.4968979358673
834,-1.172844641240561,0.002218208293346945,0.4947509765625,0.4628749999999999,0.03668472587705941,0.0010074900211177672,634.2215168476105
835,-1.1741746786704597,0.0019386092809252002,0.5064697265625,0.4628749999999999,0.02300411511941946,0.0010034241389292528,634.8882331848145
836,-1.1745717604536776,0.0025000038768872804,0.5135498046875,0.4628749999999999,0.027498590376484826,0.0009993657725489067,635.6177232265472
837,-1.1748884597645763,0.0023981291339773936,0.5213623046875,0.4628749999999999,0.044900144981181445,0.0009953149497923188,636.3856015205383
838,-1.1740724534069922,0.0020647463211732066,0.507080078125,0.4628749999999999,0.027987575262107194,0.000991271698423374,637.1910045146942
839,-1.1749406856168467,0.0021390066347588246,0.5079345703125,0.4628749999999999,0.043419767923184874,0.0009872360461540646,637.9738214015961
840,-1.1743885213843672,0.0022578132021257398,0.507080078125,0.4628749999999999,0.04164230113281811,0.0009832080206442985,638.7442348003387
841,-1.1743071230456623,0.0021640632066276147,0.5045166015625,0.4628749999999999,0.020439368087539947,0.000979187649501713,639.5129141807556
842,-1.1735815354997738,0.0023692706352455473,0.5045166015625,0.4628749999999999,0.032234457156645246,0.0009751749602814803,640.2980768680573
843,-1.171725883397992,0.0022624185526149763,0.509765625,0.4628749999999999,0.04319867362098609,0.0009711699804861236,641.0881040096283
844,-1.1740713490711867,0.0021227911553365546,0.506591796875,0.4628749999999999,0.038937650516570166,0.000967172737565327,641.8717911243439
845,-1.1733808809485002,0.0022272091930681027,0.50341796875,0.4628749999999999,0.032511413866711164,0.0009631832589157451,642.6497941017151
846,-1.1750878044187645,0.0019962461048111547,0.5096435546875,0.4628749999999999,0.01867046240568032,0.0009592015718808179,643.4380240440369
847,-1.173435985326495,0.0020038534569342516,0.506103515625,0.4628749999999999,0.032880598406858544,0.0009552277037505817,644.1999688148499
848,-1.1748211947296054,0.0019798507708632847,0.5135498046875,0.4628749999999999,0.029239638197479115,0.0009512616817614852,644.9893350601196
849,-1.1737037173931912,0.0018772470574732884,0.5113525390625,0.4628749999999999,0.03510044294771318,0.0009473035330961983,645.7814795970917
850,-1.1755175001282123,0.001922003672515905,0.5074462890625,0.4628749999999999,0.024961028388074846,0.0009433532848834288,646.5792946815491
851,-1.1744872532564066,0.0020383717813976356,0.5101318359375,0.4628749999999999,0.03557066911468274,0.0009394109641977349,647.3797204494476
852,-1.1730127527066894,0.0020159346209090447,0.50244140625,0.4628749999999999,0.046385091741018784,0.0009354765980593426,648.1834909915924
853,-1.1746034543899815,0.0024211130979368894,0.51611328125,0.4628749999999999,0.05186075386315333,0.0009315502134339554,648.9860701560974
854,-1.1728198820864644,0.0021631533025832984,0.50146484375,0.4628749999999999,0.030677236601560604,0.0009276318372325747,649.7688596248627
855,-1.1743247055002533,0.0024412478446914723,0.514892578125,0.4628749999999999,0.02783475761370087,0.0009237214963113128,650.5651457309723
856,-1.1757149522305035,0.0019416867856956379,0.4959716796875,0.4628749999999999,0.022359029309143873,0.0009198192174712079,651.3206799030304
857,-1.1747175065063251,0.001773207266291875,0.505615234375,0.4628749999999999,0.026573975601481045,0.0009159250274580422,652.1225423812866
858,-1.174911160557083,0.0021411961893333174,0.4959716796875,0.4628749999999999,0.02910605500047821,0.0009120389529621576,652.9301202297211
859,-1.1748471625758246,0.0016520559181291653,0.5047607421875,0.4628749999999999,0.020263684037176908,0.0009081610206182747,653.7158827781677
860,-1.1738477221076113,0.001828336285420045,0.5159912109375,0.4628749999999999,0.03814007838867567,0.0009042912570053067,654.4874312877655
861,-1.174309030874694,0.002044424835599529,0.5108642578125,0.4628749999999999,0.04164829648968681,0.0009004296886461805,655.2654740810394
862,-1.1750856121243123,0.001947321372397439,0.50244140625,0.4628749999999999,0.028610476512206467,0.0008965763420076524,656.0600447654724
863,-1.172432725430995,0.001928354763443873,0.50341796875,0.4628749999999999,0.036567024116349975,0.0008927312435001301,656.883725643158
864,-1.1754391910591533,0.002060997316159272,0.5184326171875,0.4628749999999999,0.030705833983477305,0.000888894419477487,657.668595790863
865,-1.1743535469483635,0.001949086622166609,0.511474609375,0.4628749999999999,0.036894117910567056,0.0008850658962368861,658.4876382350922
866,-1.1741926123938993,0.0018273910136363278,0.515625,0.4628749999999999,0.03239015188386095,0.0008812457000185977,659.306866645813
867,-1.1749743834532151,0.002082095760726345,0.5018310546875,0.4628749999999999,0.036148544156387824,0.0008774338570058178,660.1354904174805
868,-1.1750793855653634,0.0018570958329659378,0.50439453125,0.4628749999999999,0.05832322164347684,0.000873630393324492,660.9243791103363
869,-1.1751585324941498,0.0019154950594566392,0.5107421875,0.4628749999999999,0.04557038379440696,0.0008698353350431338,661.7285749912262
870,-1.1742818089998504,0.0020096556046196065,0.5028076171875,0.4628749999999999,0.039963602676857266,0.000866048708172649,662.4958574771881
871,-1.174813701073747,0.0019668651104138794,0.50537109375,0.4628749999999999,0.03618974701175688,0.0008622705386661534,663.2521047592163
872,-1.1733331505931672,0.0020821402623949453,0.509765625,0.4628749999999999,0.03252775000964665,0.000858500852418798,664.0354795455933
873,-1.175113256602113,0.0020573238517314686,0.498046875,0.4628749999999999,0.03742454671748842,0.0008547396752675895,664.8343772888184
874,-1.173268962053299,0.002325131680052904,0.4935302734375,0.4628749999999999,0.05910863995187761,0.0008509870329912162,665.6294720172882
875,-1.1733146879222107,0.0020984494991406494,0.5184326171875,0.4628749999999999,0.07202540660362254,0.0008472429513098669,666.3445246219635
876,-1.1728626406486242,0.001795525025007601,0.5133056640625,0.4628749999999999,0.0436474487068064,0.0008435074558850588,667.1395709514618
877,-1.173825849172299,0.0019066447370606383,0.50927734375,0.4628749999999999,0.03558431461676633,0.0008397805723194598,667.9574184417725
878,-1.1745820458279006,0.0020704927714832225,0.495849609375,0.4628749999999999,0.033067003748516136,0.0008360623261567123,668.7533087730408
879,-1.175323262467416,0.002277719039544918,0.51025390625,0.4628749999999999,0.06368320066867905,0.0008323527428812585,669.5335030555725
880,-1.1749200471187673,0.0023971984697198877,0.5157470703125,0.4628749999999999,0.0545610816740411,0.000828651847918167,670.3272624015808
881,-1.1751345860129216,0.0019935743102775065,0.5025634765625,0.4628749999999999,0.07505646033284348,0.0008249596666329583,671.1123044490814
882,-1.1732112501081473,0.0016983071782901396,0.5042724609375,0.4628749999999999,0.02846254272578339,0.0008212762243314288,671.8985557556152
883,-1.1720258985270453,0.0016138048313021306,0.51171875,0.4628749999999999,0.026714480513440362,0.0008176015462594796,672.7021889686584
884,-1.1731168866511976,0.0017366433477473081,0.5028076171875,0.4628749999999999,0.028568146245256186,0.0008139356576029425,673.4468364715576
885,-1.1733063147778906,0.0016381132732256846,0.50537109375,0.4628749999999999,0.06019003543143796,0.000810278583487408,674.223557472229
886,-1.174088034493709,0.001899910683442989,0.506591796875,0.4628749999999999,0.03432078960633941,0.0008066303489780538,675.013827085495
887,-1.174474946030018,0.0019552698759700894,0.506591796875,0.4628749999999999,0.032534645514021784,0.0008029909790794691,675.8052694797516
888,-1.1735368338430776,0.0017129945005555194,0.5142822265625,0.4628749999999999,0.04886018445603273,0.0007993604987354891,676.5878443717957
889,-1.173772601379175,0.0019502999042114943,0.509033203125,0.4628749999999999,0.0416094932171361,0.0007957389328290188,677.4144704341888
890,-1.1747801854722768,0.0015965229363650996,0.52099609375,0.4628749999999999,0.023266900506485715,0.0007921263061818657,678.2150454521179
891,-1.175904339918242,0.00207832499411883,0.5078125,0.4628749999999999,0.0321370168853629,0.0007885226435545672,679.0211973190308
892,-1.1732110405976468,0.001985223211334239,0.513671875,0.4628749999999999,0.02873198341947151,0.0007849279696462251,679.8087863922119
893,-1.172525170935864,0.0017783093372778275,0.5166015625,0.4628749999999999,0.025379140530986763,0.0007813423090943313,680.5861191749573
894,-1.1750537485024823,0.0018725139132858583,0.5078125,0.4628749999999999,0.021597759629696504,0.0007777656864746014,681.4021787643433
895,-1.1752441321009899,0.0017362098162252155,0.489501953125,0.4628749999999999,0.035504153065398,0.000774198126300806,682.1987788677216
896,-1.1747141255626947,0.0019072408178399155,0.49755859375,0.4628749999999999,0.024253805278212935,0.0007706396530246036,682.9503126144409
897,-1.1740225504196244,0.0019753060369170016,0.506103515625,0.4628749999999999,0.02463782188167567,0.0007670902910353721,683.7413041591644
898,-1.1752687294728217,0.001739924603423799,0.50634765625,0.4628749999999999,0.042084994573969324,0.0007635500646600402,684.5206623077393
899,-1.1750083619389717,0.0020512076579490644,0.4981689453125,0.4628749999999999,0.031441706681011455,0.0007600189981629243,685.3171463012695
900,-1.1748533407182502,0.0019468079051480867,0.518310546875,0.4628749999999999,0.040718682196000604,0.0007564971157455579,686.1029028892517
901,-1.1737520282988951,0.0021743376263934954,0.502197265625,0.4628749999999999,0.03404528583240089,0.0007529844415465288,686.866201877594
902,-1.1750666790770508,0.0025737508945003654,0.5125732421875,0.4628749999999999,0.042222092285627184,0.0007494809996413124,687.6147408485413
903,-1.1766159317526905,0.0027326608027880847,0.506591796875,0.4628749999999999,0.05462804198431324,0.0007459868140421082,688.4279861450195
904,-1.174605529414753,0.0021298171312557996,0.5064697265625,0.4628749999999999,0.020718710965792357,0.0007425019086976721,689.2409155368805
905,-1.1753168346994074,0.0019114698328964014,0.5126953125,0.4628749999999999,0.037563314945967666,0.0007390263074931557,690.0535628795624
906,-1.173605204699561,0.00197143899668525,0.50634765625,0.4628749999999999,0.0517141613249293,0.0007355600342499396,690.8543462753296
907,-1.174871101763093,0.0020268227011751338,0.5029296875,0.4628749999999999,0.023010481248791362,0.0007321031127254732,691.6605570316315
908,-1.173936415986642,0.00178769246452078,0.5068359375,0.4628749999999999,0.02162241628757072,0.0007286555666131101,692.4718701839447
909,-1.1752962620625764,0.0015973177041534203,0.5059814453125,0.4628749999999999,0.02742371170312301,0.000725217419541944,693.280769109726
910,-1.1730457490179669,0.0019108367798312256,0.513916015625,0.4628749999999999,0.03740615850672097,0.0007217886950766517,694.1128120422363
911,-1.1749001598110218,0.0021408457689176107,0.509033203125,0.4628749999999999,0.03514265187109151,0.0007183694167173255,694.9477174282074
912,-1.1744656971708016,0.0019061733390854493,0.5086669921875,0.4628749999999999,0.03008227176220329,0.0007149596078993168,695.8405089378357
913,-1.1747608594466707,0.002065910666934771,0.4996337890625,0.4628749999999999,0.05397364608489534,0.0007115592919930726,696.66850066185
914,-1.173811052015366,0.0021472530716589483,0.508056640625,0.4628749999999999,0.017997495180937812,0.0007081684923039788,697.4430961608887
915,-1.1740537089490384,0.001800157580119882,0.505126953125,0.4628749999999999,0.029808087035326176,0.0007047872320721962,698.267781496048
916,-1.1756697841827557,0.001729067689933941,0.509521484375,0.4628749999999999,0.032887656027687555,0.0007014155344725038,699.1553375720978
917,-1.174609184991818,0.0017303217477628767,0.50830078125,0.4628749999999999,0.04473035303485699,0.0006980534226141388,700.0422096252441
918,-1.1746057404006938,0.0020787007536437812,0.50830078125,0.4628749999999999,0.022585379604110493,0.0006947009195406401,700.869601726532
919,-1.1743867048971581,0.0021651367591410883,0.517578125,0.4628749999999999,0.0371206193719397,0.0006913580482296885,701.6832909584045
920,-1.17349647061896,0.0019053671767765143,0.50927734375,0.4628749999999999,0.04203758539840477,0.0006880248315929492,702.4483406543732
921,-1.1736662987398465,0.00168988053449878,0.5074462890625,0.4628749999999999,0.01706104299142942,0.0006847012924759168,703.2571542263031
922,-1.1753648160803114,0.0017183531543184315,0.5059814453125,0.4628749999999999,0.031904052785845086,0.000681387453657755,704.059707403183
923,-1.1743089172100039,0.0017454662179434038,0.5035400390625,0.4628749999999999,0.028290600584385334,0.0006780833378511451,704.8666806221008
924,-1.1751195045528822,0.0020060323494031336,0.50830078125,0.4628749999999999,0.044458655790665644,0.0006747889677021256,705.6706731319427
925,-1.1757024900483963,0.0016868945840221394,0.5101318359375,0.4628749999999999,0.05179594779100293,0.0006715043657899418,706.4853208065033
926,-1.174543308842587,0.001595878000787223,0.4991455078125,0.4628749999999999,0.034196995778195884,0.0006682295546268873,707.2833247184753
927,-1.1726836055185088,0.0015621065136107964,0.5142822265625,0.4628749999999999,0.02255796306443239,0.0006649645566581504,708.1038112640381
928,-1.174741555126828,0.0019232105310109152,0.510009765625,0.4628749999999999,0.029630431462266217,0.0006617093942616619,708.8999786376953
929,-1.1741333457072356,0.0018722365233995771,0.515380859375,0.4628749999999999,0.03636492255508686,0.0006584640897479404,709.6774699687958
930,-1.1741313862262452,0.0017608048762920324,0.5078125,0.4628749999999999,0.05185713927984138,0.0006552286653599401,710.4647486209869
931,-1.173404178691566,0.0017485563630757082,0.504150390625,0.4628749999999999,0.029436392603416447,0.000652003143272897,711.2357323169708
932,-1.1756197256604208,0.002017553555439153,0.5001220703125,0.4628749999999999,0.06370496151832561,0.0006487875455941788,711.977597951889
933,-1.1750522963051724,0.0020589608306262387,0.514892578125,0.4628749999999999,0.04260848440805584,0.0006455818943631315,712.6884541511536
934,-1.1736459624261908,0.002044745407891455,0.5069580078125,0.4628749999999999,0.07705551213539645,0.0006423862115509301,713.4271478652954
935,-1.1753180279879083,0.0018615567851478488,0.509033203125,0.4628749999999999,0.0410289785689241,0.0006392005190604261,714.2003779411316
936,-1.1745498169999626,0.0019060152511266625,0.507568359375,0.4628749999999999,0.05535347612209628,0.0006360248387259997,714.8898828029633
937,-1.1737860502739679,0.001571596246856588,0.5115966796875,0.4628749999999999,0.0703023993194528,0.0006328591923134083,715.5975053310394
938,-1.175632032297655,0.0016312517420917641,0.5064697265625,0.4628749999999999,0.02064320621578667,0.0006297036015196375,716.296669960022
939,-1.1738008219698481,0.002068931609364966,0.511474609375,0.4628749999999999,0.05563905418909709,0.0006265580879727535,717.1027925014496
940,-1.174833333229608,0.0016671955114993561,0.5184326171875,0.4628749999999999,0.05748751580786563,0.0006234226732317545,717.8361003398895
941,-1.174835017099383,0.002052149076156558,0.5150146484375,0.4628749999999999,0.056120689055123595,0.0006202973787864217,718.557861328125
942,-1.1728016355872506,0.0016948988600805903,0.503173828125,0.4628749999999999,0.04160868656093425,0.0006171822260571726,719.2753252983093
943,-1.173805984177175,0.0022165985826976785,0.5074462890625,0.4628749999999999,0.06268976249270965,0.0006140772363949164,720.0340323448181
944,-1.1755596936836294,0.0019246334471407242,0.5126953125,0.4628749999999999,0.07088366873705762,0.0006109824310809039,720.744875907898
945,-1.175156146567549,0.0021528816274607957,0.5023193359375,0.4628749999999999,0.057498939691806854,0.0006078978313265844,721.4811697006226
946,-1.1756168160734375,0.002004998417854998,0.515869140625,0.4628749999999999,0.028843608327351524,0.0006048234582734587,722.1879739761353
947,-1.1758768512112736,0.001986215139629678,0.5120849609375,0.4628749999999999,0.04906891071308382,0.0006017593329929361,722.9719293117523
948,-1.1739311183619305,0.0020522641299025595,0.5018310546875,0.4628749999999999,0.05059394472341017,0.0005987054764861881,723.7375822067261
949,-1.1752616446188413,0.0024768205940172154,0.5072021484375,0.4628749999999999,0.055331684754344,0.0005956619096840048,724.4027721881866
950,-1.1726338352863346,0.0020545752981993505,0.50146484375,0.4628749999999999,0.06568361076610403,0.0005926286534466526,725.1645894050598
951,-1.1758503417927764,0.0017571933931693293,0.51513671875,0.4628749999999999,0.06551763466589845,0.0005896057285637306,725.8999440670013
952,-1.1754717319718209,0.0018896079476128556,0.503662109375,0.4628749999999999,0.0710213564094526,0.000586593155754027,726.6339514255524
953,-1.1740562819187743,0.0015503423171859898,0.5040283203125,0.4628749999999999,0.07568817643799673,0.0005835909556653779,727.382383108139
954,-1.1733550872934302,0.0016794767456331863,0.511474609375,0.4628749999999999,0.11464463887078535,0.0005805991488745278,728.1332337856293
955,-1.1738401067187767,0.0018240441071425554,0.5052490234375,0.4628749999999999,0.034964960660925914,0.0005776177558869847,728.910671710968
956,-1.1758167584612975,0.0021610888975576626,0.5091552734375,0.4628749999999999,0.05150612657200467,0.0005746467971368825,729.6297664642334
957,-1.1756178505858292,0.0020706061330660274,0.5068359375,0.4628749999999999,0.08018351049046862,0.0005716862929868393,730.3319125175476
958,-1.1746384565378247,0.0021551463307586125,0.508056640625,0.4628749999999999,0.08111546123830964,0.0005687362637278201,731.0985567569733
959,-1.1752724043702343,0.0021235337077775258,0.5076904296875,0.4628749999999999,0.0646965094089755,0.0005657967295789944,731.8412308692932
960,-1.175587638178596,0.0017813811406743962,0.5048828125,0.4628749999999999,0.05606466298999192,0.0005628677106875999,732.5089712142944
961,-1.1742148158677885,0.002124262259862944,0.50634765625,0.4628749999999999,0.08654023382583409,0.0005599492271288044,733.2065322399139
962,-1.1747710114872119,0.0018156524887384692,0.51416015625,0.4628749999999999,0.04019824083150681,0.0005570412989055679,733.9662668704987
963,-1.1730980269087543,0.002139374868353168,0.500244140625,0.4628749999999999,0.04323750204651125,0.0005541439459485047,734.7301533222198
964,-1.1752484315956053,0.0021253808393872477,0.503173828125,0.4628749999999999,0.0745249032940091,0.0005512571881157467,735.5222885608673
965,-1.1718130741694943,0.0020076602305155776,0.520751953125,0.4628749999999999,0.038965728517344804,0.00054838104519281,736.3828313350677
966,-1.1734465533000433,0.0021633467058536043,0.5115966796875,0.4628749999999999,0.06065748984087134,0.0005455155368924557,737.1936354637146
967,-1.1739733966741008,0.0018976645779907456,0.507568359375,0.4628749999999999,0.09404292461803836,0.0005426606828545568,737.9740426540375
968,-1.1721340291250884,0.002042401287163548,0.49951171875,0.4628749999999999,0.04447580194402143,0.0005398165026459624,738.7989151477814
969,-1.1736787164281552,0.0020307222877475367,0.5130615234375,0.4628749999999999,0.08290043358670728,0.0005369830157603667,739.6269657611847
970,-1.174828928265522,0.0021275419501972396,0.5067138671875,0.4628749999999999,0.13764473988255602,0.0005341602416181708,740.3988597393036
971,-1.1729007367391437,0.001756262949365198,0.514892578125,0.4628749999999999,0.03444045986963161,0.0005313481995663521,741.2092969417572
972,-1.1739368459653297,0.0021090097066538064,0.50537109375,0.4628749999999999,0.058687480988412366,0.0005285469088783326,742.0354800224304
973,-1.1745549656558225,0.002139656429850313,0.51416015625,0.4628749999999999,0.07740661142832282,0.0005257563887538455,742.8444657325745
974,-1.1769961855195064,0.0020786579386361265,0.51171875,0.4628749999999999,0.07815084833090978,0.0005229766583188023,743.646909236908
975,-1.174988999091565,0.001823764443763035,0.5179443359375,0.4628749999999999,0.06071129929285036,0.0005202077366251643,744.5091967582703
976,-1.1738085980372208,0.0017648757017947232,0.510498046875,0.4628749999999999,0.09508846628877854,0.0005174496426508115,745.3447096347809
977,-1.1757899955649092,0.0017696634054920556,0.5101318359375,0.4628749999999999,0.05748715946591608,0.0005147023952994106,746.1569423675537
978,-1.1745612984662843,0.0018961412157109925,0.5118408203125,0.4628749999999999,0.07170741881110097,0.0005119660134002874,746.9441537857056
979,-1.175697233759383,0.0017950200298599036,0.51025390625,0.4628749999999999,0.0949234680005401,0.0005092405157082967,747.7350814342499
980,-1.1737560552748625,0.00222348751840712,0.5089111328125,0.4628749999999999,0.11514334703126085,0.0005065259209036951,748.558274269104
981,-1.1743001827597102,0.0019758914585603867,0.511474609375,0.4628749999999999,0.09155499099130211,0.0005038222475920114,749.3669099807739
982,-1.1738733363963019,0.0017694843472541239,0.5040283203125,0.4628749999999999,0.11679724977938721,0.0005011295143039191,750.213053226471
983,-1.1741838087353709,0.0019914678735284954,0.501953125,0.4628749999999999,0.1185845364930753,0.0004984477394951109,751.0297288894653
984,-1.172463272922517,0.0019771986953672836,0.5009765625,0.4628749999999999,0.14115044960963793,0.0004957769415461719,751.8483724594116
985,-1.1761759253943178,0.0020697359970894714,0.5218505859375,0.4628749999999999,0.2428428762975806,0.0004931171387624516,752.6711444854736
986,-1.1739851199660989,0.0019591905541602424,0.504150390625,0.4628749999999999,0.083610991181806,0.00049046834937394,753.5559182167053
987,-1.17597479725942,0.0025449005374960573,0.505859375,0.4628749999999999,0.1357293240124522,0.00048783059153514386,754.4420800209045
988,-1.1738649334402895,0.00246425602971791,0.509033203125,0.4628749999999999,0.10077675474011225,0.00048520388332495953,755.2671883106232
989,-1.1739541989895796,0.0018266309426410855,0.5081787109375,0.4628749999999999,0.050826381501886585,0.000482588242746551,756.1190989017487
990,-1.173737068262632,0.0021402499935159244,0.5113525390625,0.4628749999999999,0.15201757414943406,0.00047998368772722566,756.9651784896851
991,-1.1730066103621817,0.00213159840813375,0.51416015625,0.4628749999999999,0.11147825232830576,0.0004773902361183128,757.7832522392273
992,-1.1735505050966237,0.0017583727339743364,0.5123291015625,0.4628749999999999,0.08090462322039062,0.00047480790569503833,758.657199382782
993,-1.1734422302755632,0.0017250319469482784,0.5111083984375,0.4628749999999999,0.12386186597785252,0.00047223671415640633,759.5123801231384
994,-1.1727734884970253,0.0021036713746603,0.5025634765625,0.4628749999999999,0.22400195907552342,0.0004696766791250762,760.3640484809875
995,-1.172242103342898,0.0017086072569852857,0.5018310546875,0.4628749999999999,0.04771186354391085,0.00046712781814724083,761.1804575920105
996,-1.1737580070507798,0.0023640297492190255,0.5054931640625,0.4628749999999999,0.30613407516233837,0.00046459014869250825,762.0040414333344
997,-1.173427516796512,0.002144379335918071,0.5008544921875,0.4628749999999999,0.2139795312655955,0.00046206368815378013,762.8494920730591
998,-1.1727248108313315,0.0023212763595617902,0.5054931640625,0.4628749999999999,0.2937382572774944,0.00045954845384713484,763.7085127830505
999,-1.174078422042946,0.0019993606771566736,0.5120849609375,0.4628749999999999,0.24360439400385636,0.00045704446301170654,764.5292801856995
1000,-1.1748947877348548,0.001928182004094374,0.51025390625,0.4628749999999999,0.07852828981989747,0.0004545517328095679,765.3408844470978
1001,-1.1753193845697711,0.0026667591693930117,0.511474609375,0.4628749999999999,0.30800751318588715,0.00045207028032561217,766.2316460609436
1002,-1.1737211845202404,0.0019099744413951009,0.4971923828125,0.4628749999999999,0.17043507287579088,0.00044960012256743795,767.1033511161804
1003,-1.1743694379854008,0.0020688513887438366,0.510498046875,0.4628749999999999,0.4047954172378594,0.0004471412764652287,767.9831585884094
1004,-1.1758367801862852,0.002026191487881465,0.5059814453125,0.4628749999999999,0.1539588990049326,0.0004446937588716408,768.8501839637756
1005,-1.1760474084231038,0.0018412148688857564,0.5076904296875,0.4628749999999999,0.26750648216516426,0.00044225758656168637,769.692754983902
1006,-1.1754309456903496,0.0021007309352797277,0.5211181640625,0.4628749999999999,0.19963562218314343,0.0004398327762326171,770.5764412879944
1007,-1.1748845710602054,0.002104724493075773,0.5009765625,0.4628749999999999,0.18126909194466254,0.0004374193445038115,771.5076024532318
1008,-1.1732396656601014,0.002122165872469929,0.5107421875,0.4628749999999999,0.35804765417734097,0.00043501730791666016,772.4414539337158
1009,-1.1763601788746487,0.0024989192476407096,0.5040283203125,0.4628749999999999,0.2754693489195469,0.00043262668293445343,773.368350982666
1010,-1.1751836000295963,0.002125608191399479,0.50537109375,0.4628749999999999,0.2532855302992492,0.0004302474859422669,774.25332903862
1011,-1.173309049103787,0.0020992544043543413,0.5133056640625,0.4628749999999999,0.19328764440831003,0.00042787973324685065,775.1576306819916
1012,-1.1731554255442247,0.00198065706288443,0.5008544921875,0.4628749999999999,0.25882987000490304,0.00042552344107651583,776.0098440647125
1013,-1.1746196039912067,0.0021501383817057705,0.501220703125,0.4628749999999999,0.06060950530597028,0.000423178625581026,776.8872625827789
1014,-1.1759070080537155,0.002350176691178005,0.5098876953125,0.4628749999999999,0.35552350353058343,0.00042084530283148335,777.7109978199005
1015,-1.1735122340937494,0.00183578742546781,0.507080078125,0.4628749999999999,0.1156872005142742,0.00041852348882022113,778.5435593128204
1016,-1.1744292960371432,0.0023870324318941874,0.5048828125,0.4628749999999999,0.35645258685201103,0.0004162131994606929,779.4040880203247
1017,-1.174837220801987,0.0020312631255175037,0.5079345703125,0.4628749999999999,0.12577256611124116,0.00041391445058736287,780.2261502742767
1018,-1.1731183545010504,0.0023524882537040008,0.5115966796875,0.4628749999999999,0.19965600622648025,0.0004116272579555982,781.1012461185455
1019,-1.1739415891952274,0.002421165197226202,0.4970703125,0.4628749999999999,0.14958125115156465,0.0004093516372415613,781.9444737434387
1020,-1.1727494944910606,0.0019062969567781984,0.5015869140625,0.4628749999999999,0.16432357786046908,0.000407087604042102,782.8182671070099
1021,-1.1726716690556094,0.002122338214104699,0.5008544921875,0.4628749999999999,0.1957112546129284,0.00040483517387465023,783.6940667629242
1022,-1.1738789061636785,0.0021301466477243606,0.509033203125,0.4628749999999999,0.2368372667214879,0.00040259436217710985,784.5302362442017
1023,-1.1730556987095078,0.0016090867063245078,0.513916015625,0.4628749999999999,0.08087889006253443,0.00040036518430775327,785.3411972522736
1024,-1.1761886359671228,0.002009114319923387,0.5086669921875,0.4628749999999999,0.07178888631430135,0.00039814765554511673,786.1199898719788
1025,-1.1748083428725495,0.002036445085601242,0.5103759765625,0.4628749999999999,0.11862049789860676,0.00039594179108789313,786.9465138912201
1026,-1.1742103018366419,0.002264359704413982,0.5087890625,0.4628749999999999,0.21316561506562862,0.00039374760605483084,787.747389793396
1027,-1.1760967828017201,0.0022206514731989216,0.5169677734375,0.4628749999999999,0.14324382292005802,0.000391565115484629,788.5024518966675
1028,-1.1754198809533962,0.0029075754706301147,0.518310546875,0.4628749999999999,0.26114439047922205,0.00038939433433583305,789.3058021068573
1029,-1.176493000921114,0.002500703870098146,0.509033203125,0.4628749999999999,0.15663920376552012,0.0003872352774867341,790.0720188617706
1030,-1.1744143141782644,0.0022875794999273414,0.50048828125,0.4628749999999999,0.18233571870258186,0.0003850879597352655,790.8727905750275
1031,-1.1727594901115368,0.0021803041497080217,0.5146484375,0.4628749999999999,0.2779220882561282,0.00038295239579890346,791.6760506629944
1032,-1.1735498445360117,0.0032166185211843215,0.5045166015625,0.4628749999999999,0.1410288213962989,0.0003808286003145639,792.4312007427216
1033,-1.1744440904450504,0.0019516356041084865,0.50732421875,0.4628749999999999,0.1996942859345463,0.0003787165878385028,793.221602678299
1034,-1.1719499958949107,0.002008045761173133,0.49658203125,0.4628749999999999,0.24417995907871,0.0003766163728462174,793.9765136241913
1035,-1.1731451887539457,0.0021253490950074545,0.5072021484375,0.4628749999999999,0.2181594438730566,0.0003745279697323465,794.7958552837372
1036,-1.1738671432040988,0.0019710343673597953,0.5047607421875,0.4628749999999999,0.17773192255855227,0.0003724513928105704,795.5769879817963
1037,-1.1742086210338654,0.002622938844143428,0.515869140625,0.4628749999999999,0.15678865140176995,0.0003703866563135155,796.3661468029022
1038,-1.1738369101722483,0.0019232392073877014,0.501708984375,0.4628749999999999,0.22910245214495134,0.0003683337743926546,797.1596691608429
1039,-1.1749941223620688,0.001946307840838271,0.5064697265625,0.4628749999999999,0.2132636642207604,0.0003662927611182103,797.8962497711182
1040,-1.1748660108821696,0.0019881122246715862,0.5018310546875,0.4628749999999999,0.14583382807505904,0.00036426363047905913,798.6703720092773
1041,-1.1736053928628496,0.0017079912229678476,0.51123046875,0.4628749999999999,0.14576848166643944,0.0003622463963826347,799.4420070648193
1042,-1.1748318259787802,0.0016394365616387492,0.515625,0.4628749999999999,0.15735202232657855,0.00036024107265483465,800.2250969409943
1043,-1.1734371749843007,0.0021648814269243925,0.510986328125,0.4628749999999999,0.24210090480002483,0.00035824767303992264,801.006189584732
1044,-1.1747686738058558,0.0020583366210442807,0.507568359375,0.4628749999999999,0.34935701329515406,0.0003562662112004368,801.7801804542542
1045,-1.1749242031181146,0.002681402410533626,0.5072021484375,0.4628749999999999,0.5555869146821926,0.000354296700717094,802.5536532402039
1046,-1.1747506530406118,0.002421763758712032,0.5157470703125,0.4628749999999999,0.6009995509667178,0.00035233915508869895,803.3145444393158
1047,-1.17478410097283,0.0024658742581478246,0.50390625,0.4628749999999999,0.6370402333612855,0.0003503935877320508,804.09516954422
1048,-1.173882948151277,0.002569463995691456,0.5015869140625,0.4628749999999999,0.5600873519792844,0.00034846001198184936,804.9255511760712
1049,-1.1735527460145954,0.002238702752763724,0.51513671875,0.4628749999999999,0.2019531146686703,0.0003465384410906073,805.7343003749847
1050,-1.1727874990430545,0.0023922759528313326,0.507568359375,0.4628749999999999,0.398085138504615,0.00034462888822855574,806.5112836360931
1051,-1.1737131605606699,0.002409429351608477,0.5106201171875,0.4628749999999999,0.3766471781439273,0.0003427313664835565,807.3052608966827
1052,-1.1746047692772796,0.001893466496879881,0.5068359375,0.4628749999999999,0.12171853647913287,0.00034084588886101056,808.1062893867493
1053,-1.1763671744168547,0.002293186381258147,0.5142822265625,0.4628749999999999,0.2220754664758701,0.000338972468283771,808.9292767047882
1054,-1.1751642588723716,0.002373327692074347,0.505126953125,0.4628749999999999,0.13297502812864667,0.0003371111175920527,809.7144951820374
1055,-1.1745669365726,0.0019294550405982167,0.5096435546875,0.4628749999999999,0.08227892556485761,0.00033526184954334485,810.5328757762909
1056,-1.1748247981007727,0.0018617688126421226,0.511474609375,0.4628749999999999,0.33358989729166155,0.0003334246768123229,811.3160290718079
1057,-1.1739359200636206,0.00218902853938564,0.4969482421875,0.4628749999999999,0.7634733264148306,0.00033159961199076375,812.0912251472473
1058,-1.1738907023497895,0.0032342701794486122,0.5037841796875,0.4628749999999999,1.4132126596463677,0.0003297866675874575,812.8948390483856
1059,-1.1726912043240567,0.004669718446553417,0.5135498046875,0.4628749999999999,1.8679170032336392,0.0003279858560281214,813.6893849372864
1060,-1.174656174902696,0.004139331969203454,0.5150146484375,0.4628749999999999,1.4570279873098584,0.00032619718965531713,814.4803893566132
1061,-1.1745716209799588,0.0020244304650403086,0.512451171875,0.4628749999999999,0.3294824501058173,0.00032442068072836296,815.3058922290802
1062,-1.1733141682581087,0.0024774138201428464,0.5172119140625,0.4628749999999999,0.9528745949285449,0.00032265634142325257,816.0644330978394
1063,-1.173997743215831,0.0037814910499208705,0.5059814453125,0.4628749999999999,1.371321112135328,0.00032090418383256956,816.8576726913452
1064,-1.1758380100077739,0.0021510350521184427,0.51708984375,0.4628749999999999,0.6857091694090102,0.0003191642199654066,817.6919815540314
1065,-1.1754024160760856,0.00202928041825732,0.5050048828125,0.4628749999999999,0.5266600315610327,0.00031743646174728064,818.4682326316833
1066,-1.1752949031518982,0.003557156736970075,0.5067138671875,0.4628749999999999,1.3387853709496635,0.00031572092102005327,819.2338743209839
1067,-1.1730063797659307,0.003491282073566683,0.509765625,0.4628749999999999,1.4857808822849814,0.0003140176095418482,820.0192656517029
1068,-1.1749044334227765,0.0030655355441285234,0.501708984375,0.4628749999999999,1.464204969381431,0.00031232653898697195,820.8427011966705
1069,-1.1721882783469018,0.0037709540971380333,0.49951171875,0.4628749999999999,1.4953916183544524,0.0003106477209458327,821.6519725322723
1070,-1.1737917084203247,0.002500838020844875,0.5067138671875,0.4628749999999999,1.0470551951550233,0.0003089811669248613,822.4202029705048
1071,-1.174423727577532,0.0015607587211164044,0.5123291015625,0.4628749999999999,0.09918373543323052,0.00030732688834643246,823.2033336162567
1072,-1.1752488905904084,0.0024188521717424098,0.503662109375,0.4628749999999999,1.2544212046281098,0.0003056848965487864,823.9891307353973
1073,-1.1712101784620623,0.00476598133508451,0.505859375,0.4628749999999999,1.308445426424998,0.00030405520278595086,824.8120357990265
1074,-1.1742357219046715,0.00254482321264325,0.5111083984375,0.4628749999999999,0.5756648722937002,0.00030243781822766424,825.554845571518
1075,-1.1743151511484071,0.006015890311613234,0.5068359375,0.4628749999999999,2.7898912656461246,0.00030083275395929973,826.3262226581573
1076,-1.1701565668348648,0.009623244402728104,0.510009765625,0.4628749999999999,2.6481691060198314,0.00029924002098178775,827.0786895751953
1077,-1.1737494051382553,0.0023598816534901954,0.5078125,0.4628749999999999,0.7486886384007422,0.0002976596302115418,827.8413393497467
1078,-1.1731218054622063,0.011955433277868882,0.5164794921875,0.4628749999999999,3.8487473394389844,0.0002960915924803832,828.6072885990143
1079,-1.1760646156943313,0.010322106376036366,0.5081787109375,0.4628749999999999,4.097907712426575,0.00029453591853546705,829.3846349716187
1080,-1.1737008730101564,0.0038216393075356596,0.5059814453125,0.4628749999999999,1.8084776022318747,0.0002929926190392086,830.1641225814819
1081,-1.174887903810268,0.003298783617113367,0.5101318359375,0.4628749999999999,1.4692553875164636,0.0002914617045692095,830.9712541103363
1082,-1.174291602683454,0.0072208091016598705,0.517333984375,0.4628749999999999,2.2390981690268883,0.0002899431856181863,831.7116916179657
1083,-1.1759464959468122,0.0028519963690635214,0.5006103515625,0.4628749999999999,0.6895103339806502,0.000288437072593898,832.4886746406555
1084,-1.1747107301686053,0.006251646321157837,0.50048828125,0.4628749999999999,3.346536308814209,0.00028694337581907433,833.259938955307
1085,-1.1752399016371289,0.008956848047516102,0.506103515625,0.4628749999999999,2.8365831145038016,0.0002854621055313457,834.013180732727
1086,-1.1738811756596945,0.002546205235050813,0.5050048828125,0.4628749999999999,0.699434994158817,0.00028399327188317306,834.8104481697083
1087,-1.1771096421414384,0.007115958010810217,0.503173828125,0.4628749999999999,2.8921626720412346,0.0002825368849417779,835.5934638977051
1088,-1.1740583176212178,0.0026845171323856684,0.51513671875,0.4628749999999999,1.3301132536202662,0.0002810929546890725,836.3176493644714
1089,-1.1725320033023956,0.002833130404342272,0.51025390625,0.4628749999999999,1.1963084035611153,0.000279661491021594,837.0084745883942
1090,-1.1744323458619315,0.003510707912756111,0.5008544921875,0.4628749999999999,1.6093667550696265,0.0002782425037504335,837.6523959636688
1091,-1.1753613538527592,0.002254711104801967,0.50439453125,0.4628749999999999,0.45339793207051954,0.00027683600260117126,838.3865375518799
1092,-1.174230733043259,0.0028414146466781156,0.508056640625,0.4628749999999999,1.0453268612709221,0.00027544199721380846,839.0977363586426
1093,-1.1755448483959885,0.0022556858399704694,0.5125732421875,0.4628749999999999,1.11289118354517,0.00027406049714270213,839.8253655433655
1094,-1.1742653076111171,0.0028845926445941134,0.5162353515625,0.4628749999999999,0.48372555808261913,0.00027269151185649874,840.5520212650299
1095,-1.1742488813908198,0.003148409868301771,0.50830078125,0.4628749999999999,0.8109768482577492,0.00027133505073807064,841.262850522995
1096,-1.1728979931611345,0.0019669109234012813,0.5137939453125,0.4628749999999999,0.8131591940976007,0.0002699911230844499,841.9421813488007
1097,-1.1755698039300304,0.00268291797262504,0.5130615234375,0.4628749999999999,0.6965757212011426,0.0002686597381067666,842.6528384685516
1098,-1.1761062173397363,0.003222896086235791,0.50927734375,0.4628749999999999,0.7148058852548135,0.00026734090493018414,843.3414852619171
1099,-1.175811693437991,0.002073299679805336,0.5029296875,0.4628749999999999,0.41823884324433214,0.0002660346325938373,844.0143568515778
1100,-1.1757103506211548,0.0025544152507068216,0.509765625,0.4628749999999999,0.3978057744206196,0.0002647409300507705,844.6703255176544
1101,-1.1762256861380513,0.002388418971809991,0.502685546875,0.4628749999999999,0.5898376841928996,0.0002634598061678765,845.3242173194885
1102,-1.1743125691325118,0.0024012189919465675,0.5069580078125,0.4628749999999999,0.6947381198213047,0.0002621912697258345,846.0231473445892
1103,-1.1735792346797904,0.0025315686431879435,0.494384765625,0.4628749999999999,0.6536397557530321,0.00026093532941905113,846.7521524429321
1104,-1.17416914843799,0.002508877150351297,0.5078125,0.4628749999999999,0.47270613838545983,0.0002596919938556012,847.4999299049377
1105,-1.1733634848357424,0.002405415008131114,0.5047607421875,0.4628749999999999,0.5753366696195086,0.0002584612715571671,848.2236409187317
1106,-1.1739825194171205,0.0019356568006780237,0.5126953125,0.4628749999999999,0.42023659695222126,0.0002572431709589814,848.9126501083374
1107,-1.1748236936846688,0.0027856607426960576,0.5054931640625,0.4628749999999999,1.0213784025801782,0.00025603770040976955,849.6072092056274
1108,-1.1742581976537343,0.003781344135713523,0.5042724609375,0.4628749999999999,1.3819090358247832,0.0002548448681716919,850.3680441379547
1109,-1.1755219947450257,0.0026009188868562215,0.5140380859375,0.4628749999999999,0.96302652378408,0.00025366468242028653,851.0596976280212
1110,-1.1737854223400843,0.0019531327891607656,0.5050048828125,0.4628749999999999,0.22537103222963814,0.00025249715124441474,851.7605969905853
1111,-1.1736926577058258,0.0022661451112795414,0.510986328125,0.4628749999999999,0.5281531378439417,0.00025134228264620445,852.4442040920258
1112,-1.1756205621337918,0.0027114041293222284,0.5078125,0.4628749999999999,0.7649053718162612,0.0002502000845409957,853.1331608295441
1113,-1.175429219962802,0.002076912213129674,0.5147705078125,0.4628749999999999,0.7013891666250268,0.0002490705647572865,853.7825355529785
1114,-1.174976212672283,0.0019426294632961863,0.507568359375,0.4628749999999999,0.40394140832581377,0.0002479537310366789,854.5328333377838
1115,-1.1735816239393868,0.0023105783553389494,0.50927734375,0.4628749999999999,0.453795660097601,0.0002468495910338262,855.2676770687103
1116,-1.1752253172293812,0.0022598677529486787,0.49951171875,0.4628749999999999,0.4344369571266157,0.0002457581523163803,856.0396661758423
1117,-1.1749459898715373,0.0030846450217451643,0.505859375,0.4628749999999999,0.2765083595664072,0.00024467942236493993,856.7476735115051
1118,-1.1731034558286288,0.002247398151248409,0.502685546875,0.4628749999999999,0.23983445002110076,0.00024361340857299935,857.4191455841064
1119,-1.1733181799973074,0.0021453823325158776,0.5047607421875,0.4628749999999999,0.32228023959989976,0.00024256011824689812,858.1503269672394
1120,-1.1722474224535229,0.002480672890998464,0.5118408203125,0.4628749999999999,0.3331872066360045,0.00024151955860576965,858.840705871582
1121,-1.1731240429103305,0.002566476199248583,0.5111083984375,0.4628749999999999,0.5666917254736725,0.00024049173678149336,859.5900962352753
1122,-1.1729201073431215,0.0023717430913737635,0.512939453125,0.4628749999999999,1.2833808223567686,0.0002394766598186451,860.3513896465302
1123,-1.1749781646096196,0.0031773710165106757,0.5113525390625,0.4628749999999999,1.825423452958978,0.00023847433467444887,861.1259138584137
1124,-1.1741492980270403,0.002637222939941263,0.5028076171875,0.4628749999999999,1.5629429903282945,0.0002374847682187289,861.8564534187317
1125,-1.1736317109646208,0.0018026937997178156,0.5035400390625,0.4628749999999999,0.45168253276811504,0.0002365079672338624,862.6479694843292
1126,-1.175193997418119,0.002341494823799616,0.499755859375,0.4628749999999999,1.2428842614412186,0.00023554393841473446,863.363299369812
1127,-1.1747307171119838,0.0031075924626962487,0.5108642578125,0.4628749999999999,1.6735278247994088,0.00023459268836869055,864.1041219234467
1128,-1.1742879999157085,0.0018691224155527777,0.5008544921875,0.4628749999999999,0.629020682197653,0.00023365422361549181,864.8907556533813
1129,-1.1737638113224587,0.0023963242983237936,0.5091552734375,0.4628749999999999,0.9858974058285747,0.00023272855058727057,865.6743347644806
1130,-1.1762649828680587,0.0026036420467441617,0.5091552734375,0.4628749999999999,1.9911241094934469,0.0002318156756284866,866.3977324962616
1131,-1.1742349003167871,0.0027289848607482416,0.50634765625,0.4628749999999999,1.1482980822430036,0.00023091560499588208,867.2002630233765
1132,-1.1728183157822758,0.002196264646657445,0.501708984375,0.4628749999999999,1.0012059925444905,0.0002300283448584406,868.0052893161774
1133,-1.174820706481435,0.0020543804174096287,0.51416015625,0.4628749999999999,1.6532408216905528,0.0002291539012973437,868.7952971458435
1134,-1.1758012045240616,0.002180061538161787,0.505859375,0.4628749999999999,0.6050976726041352,0.0002282922803059298,869.5644187927246
1135,-1.173622073171492,0.00197777681870441,0.510986328125,0.4628749999999999,0.877985194778232,0.00022744348778965244,870.290168762207
1136,-1.1727451337481387,0.003268476261709159,0.5057373046875,0.4628749999999999,1.7495272952681575,0.00022660752956604068,871.1254923343658
1137,-1.174205787034321,0.0024165803576019222,0.49755859375,0.4628749999999999,1.5129109290290408,0.0002257844113646588,871.8956432342529
1138,-1.175141701346761,0.0028269471919793675,0.506103515625,0.4628749999999999,0.5417627120806546,0.00022497413882706637,872.6493167877197
1139,-1.1756557068770963,0.0021550565361960934,0.5103759765625,0.4628749999999999,0.6113882762781224,0.00022417671750678077,873.3818051815033
1140,-1.1739179945274656,0.002407272946269657,0.5098876953125,0.4628749999999999,0.8837904509292681,0.00022339215286923858,874.09983253479
1141,-1.1747361810068817,0.0023683353284202017,0.5050048828125,0.4628749999999999,0.3392771275065113,0.00022262045029175772,874.8628594875336
1142,-1.1757344730799781,0.002314974434236813,0.5045166015625,0.4628749999999999,0.47962823548418393,0.0002218616150635014,875.6291930675507
1143,-1.173904838821049,0.0022600613584530596,0.50830078125,0.4628749999999999,0.5129870737190111,0.00022111565238544154,876.3916850090027
1144,-1.1739338232609464,0.0018809044311156498,0.4962158203125,0.4628749999999999,0.35126177270574976,0.00022038256737032228,877.16854596138
1145,-1.17454812476762,0.002401075377660732,0.51318359375,0.4628749999999999,0.8004144436828764,0.00021966236504262663,877.8954899311066
1146,-1.1750036544336808,0.0016299080081069086,0.4986572265625,0.4628749999999999,0.3016952256657425,0.00021895505033854077,878.7196805477142
1147,-1.1750722569517542,0.0017954882983651334,0.5064697265625,0.4628749999999999,0.525060431418996,0.00021826062810592018,879.5057303905487
1148,-1.1751920933560203,0.002093974068029895,0.5067138671875,0.4628749999999999,0.9218923909972074,0.00021757910310425725,880.2715165615082
1149,-1.1742784694820778,0.001983956178597468,0.4959716796875,0.4628749999999999,0.5596198511042967,0.0002169104800046481,881.0319268703461
1150,-1.1753529555312947,0.0021171166895422727,0.498291015625,0.4628749999999999,0.42035560620800416,0.00021625476338976035,881.8006420135498
1151,-1.1732902103411273,0.0021980309557839855,0.515625,0.4628749999999999,1.0524936445966164,0.0002156119577538025,882.5746393203735
1152,-1.1747310415817953,0.0023250146523757214,0.4984130859375,0.4628749999999999,1.0297173316884434,0.00021498206750249232,883.3232073783875
1153,-1.1755241509824041,0.001835883730694766,0.5108642578125,0.4628749999999999,0.25043788958993163,0.00021436509695302685,884.1071012020111
1154,-1.1739149071860466,0.0023378647942759135,0.511474609375,0.4628749999999999,1.175556480420136,0.00021376105033405355,884.8905074596405
1155,-1.1763239677891173,0.002786943793689314,0.512939453125,0.4628749999999999,2.1558702160434873,0.0002131699317856401,885.6531200408936
1156,-1.1745750031298017,0.0029860686784744252,0.50927734375,0.4628749999999999,2.4584801948106327,0.0002125917453592468,886.4477214813232
1157,-1.1736817163530642,0.0021814229356384956,0.51513671875,0.4628749999999999,1.2751006668052132,0.0002120264950176989,887.2221426963806
1158,-1.1740075934147334,0.0020393402729386514,0.506591796875,0.4628749999999999,1.1961470160768495,0.00021147418463515858,887.997674703598
1159,-1.174248478444305,0.003620319433342799,0.5101318359375,0.4628749999999999,2.2775434033048927,0.00021093481799709982,888.7483546733856
1160,-1.172665469237383,0.0017367202516805557,0.5062255859375,0.4628749999999999,0.4547163014670572,0.00021040839880028076,889.4821035861969
1161,-1.1730251428912362,0.0030122094630494257,0.5113525390625,0.4628749999999999,1.7306258197782838,0.0002098949306527197,890.2532799243927
1162,-1.1731687832285247,0.0025587349262181456,0.5042724609375,0.4628749999999999,1.6085473667681354,0.00020939441707367015,891.0493376255035
1163,-1.1727783156421432,0.00212291723164888,0.500732421875,0.4628749999999999,0.16996116818799167,0.00020890686149359578,891.8272025585175
1164,-1.1722559774999857,0.002223402075499888,0.504150390625,0.4628749999999999,1.647353755841131,0.000208432267254148,892.5946047306061
1165,-1.1733789178219438,0.002352067760958145,0.4984130859375,0.4628749999999999,1.699873628730837,0.00020797063760814264,893.3737127780914
1166,-1.1737992666207115,0.0017940062707830118,0.504638671875,0.4628749999999999,0.12449309095800201,0.0002075219757195379,894.1794550418854
1167,-1.1744009806810602,0.0025303910466815617,0.51220703125,0.4628749999999999,2.087174601709912,0.00020708628466341162,894.9583263397217
1168,-1.1733551017956687,0.002756490594803736,0.5079345703125,0.4628749999999999,2.01780302830316,0.0002066635674259417,895.7306098937988
1169,-1.173602127730172,0.0017097913801668314,0.50830078125,0.4628749999999999,0.5062183687342576,0.00020625382690438496,896.5043873786926
1170,-1.1772071492527423,0.004429418684143491,0.493896484375,0.4628749999999999,3.163304819762324,0.00020585706590705688,897.2723817825317
1171,-1.1733555709530847,0.003957427459285894,0.50732421875,0.4628749999999999,2.9177608504184667,0.00020547328715331286,898.0929255485535
1172,-1.1724757532577974,0.0017063402956335179,0.5108642578125,0.4628749999999999,0.6017950923814388,0.00020510249327352964,898.8627545833588
1173,-1.1719966227950511,0.004421650033667705,0.500732421875,0.4628749999999999,2.9973219054445632,0.00020474468680908693,899.6341574192047
1174,-1.1733416028258428,0.0019379977193417894,0.50439453125,0.4628749999999999,1.0530030002768138,0.00020439987021234995,900.4239201545715
1175,-1.175279824469472,0.0023864329395402698,0.510986328125,0.4628749999999999,1.9499639429814235,0.0002040680458466534,901.1702995300293
1176,-1.173681073274191,0.002393079567473478,0.5162353515625,0.4628749999999999,1.5063295769301066,0.00020374921598628404,901.961079120636
1177,-1.172987437857254,0.002211089328433765,0.50732421875,0.4628749999999999,1.1405095602913118,0.0002034433828164661,902.7630095481873
1178,-1.1758455105980121,0.002377522343944364,0.4998779296875,0.4628749999999999,1.4137987942284767,0.00020315054843334619,903.5189237594604
1179,-1.1764276826536508,0.0019423185404979693,0.51025390625,0.4628749999999999,0.9380658759656005,0.00020287071484397792,904.2995405197144
1180,-1.1729528011766241,0.0032317357469964975,0.5096435546875,0.4628749999999999,1.9179280006469521,0.0002026038839663097,905.0394804477692
1181,-1.1735437230679993,0.0016191427521385809,0.50341796875,0.4628749999999999,0.2954309280398533,0.00020235005762917017,905.79128074646
1182,-1.1730567100042157,0.0025809807806973202,0.49951171875,0.4628749999999999,1.4691138688307215,0.00020210923757225718,906.5557110309601
1183,-1.1739796756298424,0.0019413918769022513,0.5181884765625,0.4628749999999999,1.3253962810465658,0.00020188142544612373,907.355443239212
1184,-1.1738171498469807,0.0017082149943744565,0.509765625,0.4628749999999999,0.5573963233651491,0.00020166662281216906,908.1448483467102
1185,-1.1763356071053104,0.0024074167583112123,0.5052490234375,0.4628749999999999,1.6342178422745066,0.00020146483114262648,908.9073438644409
1186,-1.1742238182572189,0.0016588055188702343,0.5142822265625,0.4628749999999999,0.14972728548568742,0.00020127605182055315,909.7086701393127
1187,-1.1753152922179062,0.0032997969545023125,0.5081787109375,0.4628749999999999,1.974831633801186,0.0002011002861398215,910.5333781242371
1188,-1.1744503412525842,0.0019115531414587235,0.5078125,0.4628749999999999,1.326821003796057,0.00020093753530510996,911.3099417686462
1189,-1.1747531533203968,0.0016565935472680079,0.503173828125,0.4628749999999999,0.7147794543854489,0.00020078780043189463,912.0851676464081
1190,-1.1730427859446455,0.0024838732112469654,0.5062255859375,0.4628749999999999,1.1760435897926844,0.0002006510825464412,912.8547563552856
1191,-1.1752533746028333,0.0018084209573802769,0.510009765625,0.4628749999999999,0.5356037169239257,0.00020052738258579894,913.6562204360962
1192,-1.172373210977705,0.0027488762560482034,0.5067138671875,0.4628749999999999,2.2227707880036247,0.00020041670139779355,914.4397282600403
1193,-1.1762473676591632,0.00317888093884436,0.502685546875,0.4628749999999999,2.3160147067174957,0.0002003190397410215,915.2186024188995
1194,-1.1751542272004052,0.00220926901541629,0.5203857421875,0.4628749999999999,0.983403796856345,0.0002002343982848449,915.9896790981293
1195,-1.1741787431811064,0.0020553419168056297,0.5020751953125,0.4628749999999999,0.8563000377526158,0.0002001627776093867,916.7931077480316
1196,-1.174501913523927,0.0025901803027715167,0.4935302734375,0.4628749999999999,1.7811187937072679,0.00020010417820552693,917.533403635025
1197,-1.1724919750617557,0.0016530546003784403,0.5040283203125,0.4628749999999999,0.8060847291635668,0.00020005860047489965,918.3583962917328
1198,-1.1756815604181128,0.0019021728835251406,0.508056640625,0.4628749999999999,1.0354113249816381,0.00020002604472988918,919.1258080005646
1199,-1.1730708886560488,0.0022867035139872323,0.503662109375,0.4628749999999999,1.5767898424504525,0.00020000651119362893,919.9013059139252
1200,-1.1740911175496471,0.0017956495312914733,0.50537109375,0.4628749999999999,1.047410877307567,0.0002,920.6903984546661
