$hessian                                                                        
        0.5237794642  -0.0082011246  -0.0166796567  -0.0780867257  -0.0284711234
       -0.0301416496   0.0003180534   0.0168909574   0.0226716204   0.0028129950
        0.0029856943   0.0014830482   0.0000906861  -0.0000124833   0.0003289309
        0.0004758389   0.0001189278  -0.0001203577  -0.0002439487   0.0000300193
       -0.0000349905   0.0002096325  -0.0000508808  -0.0000389111  -0.0000619133
       -0.0000276251  -0.0000288801  -0.0089564886  -0.0179965020  -0.0171855274
       -0.0010410466  -0.0000928261  -0.0002281689   0.0005983001  -0.0002178175
       -0.0003005186   0.0001739289  -0.0001704813  -0.0001407533  -0.0000886505
       -0.0000369740  -0.0000643465  -0.0004158147  -0.0011049549  -0.0008833400
       -0.0048249306  -0.0008933995  -0.0001898086  -0.0732822988  -0.0267837210
        0.0759530207  -0.2800506292  -0.0203722485  -0.0130267950  -0.0787788534
        0.0854935893  -0.0205879772  -0.0000251513  -0.0000065173  -0.0000012395
        0.0000067723  -0.0000137849   0.0000375344  -0.0000555875   0.0000098598
        0.0000248984  -0.0000399052   0.0000363069   0.0000010074  -0.0000111180
        0.0000276716   0.0000298827  -0.0017249736  -0.0009030194  -0.0007922086
       -0.0000938805  -0.0000001516   0.0000086004  -0.0000337792  -0.0000470004
       -0.0000097282  -0.0000309175  -0.0000082898   0.0000343678  -0.0000449374
       -0.0000011792  -0.0000352470  -0.0004637800  -0.0002279597  -0.0001414684
       -0.0001103414   0.0000470380   0.0000586619
       -0.0082011246   0.4642843222  -0.0203195557  -0.0243251072  -0.1131125068
       -0.0512824665   0.0115332697  -0.0068153739  -0.0366494746  -0.0047467222
       -0.0041371473   0.0037720650   0.0000800219   0.0001450042  -0.0000262778
       -0.0005771407  -0.0003928453   0.0002175774   0.0003638968  -0.0000600608
        0.0000296964  -0.0004782682  -0.0003173521  -0.0005179538   0.0014307420
        0.0002468088   0.0001786225  -0.0089107912  -0.0049440058  -0.0094394747
        0.0007887918  -0.0009961944  -0.0003472445  -0.0000434900  -0.0004464622
        0.0001977695   0.0004247422  -0.0000905900  -0.0001356360  -0.0001069598
        0.0000926319  -0.0001056830  -0.0007345834  -0.0004486758   0.0000864585
       -0.0007378241   0.0017461896  -0.0002785552  -0.0280762667  -0.0595559207
        0.0690526098  -0.0203690203  -0.0452582865  -0.0000665895   0.0827748498
       -0.2311998714   0.0457414931  -0.0001015916   0.0003282253   0.0000098085
        0.0000194630   0.0001351972  -0.0000647179   0.0001334513   0.0000799677
        0.0000400207   0.0001949779  -0.0000595504   0.0000380774   0.0000635735
        0.0000149922  -0.0000761029  -0.0003046310   0.0006320464  -0.0003190179
       -0.0000606611   0.0000094540   0.0000044180  -0.0000090255   0.0000147310
        0.0000129144  -0.0000367430  -0.0000156086   0.0000051761  -0.0000694448
       -0.0000157427  -0.0000038453  -0.0001331585  -0.0000971582   0.0000833503
        0.0002147742   0.0002337822   0.0001625380
       -0.0166796567  -0.0203195557   0.4679783725  -0.0258795017  -0.0521357905
       -0.1200718660   0.0139546163  -0.0391813302  -0.0218807669  -0.0048382006
        0.0032119395  -0.0017624023   0.0012653186   0.0001891760  -0.0002785401
       -0.0003742943   0.0000072556  -0.0005626100   0.0001152626   0.0002104028
       -0.0000632825  -0.0005686472   0.0000797370   0.0003239931  -0.0000663704
       -0.0001846023   0.0002409239  -0.0067709033  -0.0078395330  -0.0032154883
        0.0007947155  -0.0000884347  -0.0009422036  -0.0000594939   0.0000445922
       -0.0003122694   0.0003804101  -0.0001090501  -0.0000511164  -0.0000963453
       -0.0000136538   0.0000163146  -0.0005855570  -0.0000226308  -0.0002090010
       -0.0000073647  -0.0000703235   0.0015409182   0.0742906657   0.0644906641
       -0.2283128326  -0.0130907626   0.0001971485  -0.0450194496  -0.0223182399
        0.0514653540  -0.0479195404   0.0002436009  -0.0001602452  -0.0002487063
        0.0002654090   0.0001447224  -0.0000864043   0.0001683525   0.0000001540
        0.0000029022   0.0001153309  -0.0001039275   0.0000014241  -0.0000256769
        0.0000241184   0.0000700059  -0.0001721763  -0.0001727461   0.0005734280
       -0.0000683046   0.0000142518   0.0000200868  -0.0000253995  -0.0000091029
        0.0000169998  -0.0000514747  -0.0000239803   0.0000209934  -0.0000344754
       -0.0000142523  -0.0000056641  -0.0001427288   0.0000417280  -0.0000556265
        0.0002618916   0.0003279144   0.0001914080
       -0.0780867257  -0.0243251072  -0.0258795017   0.6422459255  -0.0634134088
       -0.1532554994  -0.2680222030   0.1281642271   0.1852580900  -0.0655736578
        0.0134159499   0.0255264551   0.0045899329   0.0064756619  -0.0015868722
       -0.0027691470  -0.0016080416  -0.0010464348   0.0016473862   0.0003388787
       -0.0001673133  -0.0035700761  -0.0001984742  -0.0015763351   0.0025654054
       -0.0044393285   0.0015243767  -0.1764686516  -0.0346077767  -0.0177375755
       -0.0398969954   0.0033527924   0.0095144349   0.0032478527   0.0058429745
        0.0058998524  -0.0063172811  -0.0011701483  -0.0007640080   0.0017843748
        0.0001439584   0.0009281116   0.0082193857  -0.0020894384  -0.0022919213
       -0.0209360839  -0.0222139671  -0.0192895021   0.0032534894   0.0062986588
        0.0083882538  -0.0124230431  -0.0212414411  -0.0225188538   0.0035312424
        0.0089125121   0.0078526973   0.0000783577   0.0000789039   0.0004173622
        0.0001386828   0.0003533226  -0.0003188460   0.0005115224   0.0002312232
        0.0003055600   0.0000326484  -0.0002988531   0.0002191532   0.0000301889
        0.0003530897   0.0006039327   0.0009897603  -0.0004168734  -0.0010801209
       -0.0002782328  -0.0003286715  -0.0003454757   0.0002438740   0.0002885564
       -0.0002595971   0.0001861225   0.0002677912  -0.0002113822   0.0004725082
       -0.0000259821   0.0001633206   0.0000985910   0.0003520664   0.0004106906
        0.0004748460   0.0015069447   0.0013169481
       -0.0284711234  -0.1131125068  -0.0521357905  -0.0634134088   0.3694642683
        0.2456622886   0.1545666792  -0.1518037454  -0.1518044899   0.0035054970
       -0.0003337602   0.0011587173  -0.0052013221  -0.0022150477  -0.0016209594
       -0.0000665623  -0.0005231108  -0.0000315162   0.0001413977  -0.0002315237
        0.0000557943   0.0005246244   0.0003697651   0.0002545030  -0.0018337475
        0.0011182887   0.0008605800  -0.0464993875  -0.0741325073  -0.0118847895
        0.0101196340   0.0040567121   0.0035526968   0.0022338398   0.0027619581
       -0.0045829351  -0.0002807286  -0.0007758968  -0.0008759699   0.0004460729
       -0.0007540869   0.0009729712  -0.0014598760  -0.0001345841  -0.0063987299
       -0.0220366305  -0.0084355622  -0.0048503949   0.0047280093   0.0052434549
        0.0033120624  -0.0051754927  -0.0042622435  -0.0039306071  -0.0030450021
       -0.0226499665  -0.0199000144   0.0003193102  -0.0002428120   0.0003768614
       -0.0002730693  -0.0002050702   0.0003086809  -0.0001866882  -0.0000668570
        0.0000613561  -0.0002129737   0.0000464340  -0.0001264532   0.0003939495
       -0.0003043666   0.0002837436   0.0010596773  -0.0013683367   0.0007443662
        0.0009300302   0.0001569748  -0.0001817098  -0.0000177138  -0.0000099122
       -0.0000920089  -0.0000036510   0.0000602190   0.0000002582   0.0003970526
        0.0000296876   0.0001536873  -0.0009875708  -0.0003294935  -0.0002822722
       -0.0002008257  -0.0014163725   0.0009400736
       -0.0301416496  -0.0512824665  -0.1200718660  -0.1532554994   0.2456622886
        0.4556042143   0.2160947848  -0.1453054178  -0.2400253924   0.0095370782
       -0.0031517452  -0.0049179228  -0.0025815957  -0.0014453413  -0.0000951727
       -0.0000306396   0.0003139128   0.0004582066   0.0001745404  -0.0001713978
        0.0000232150   0.0002783297   0.0002558876   0.0006180464  -0.0045564796
        0.0004501996  -0.0002800145  -0.0301304755  -0.0125717682  -0.0651197397
        0.0145367873   0.0041462918   0.0007539063   0.0024643611  -0.0050158545
        0.0024199304   0.0007466464  -0.0006354804  -0.0005750031  -0.0001641205
        0.0007861122  -0.0009055464  -0.0015967477  -0.0065055325   0.0014705504
       -0.0177679555  -0.0047721829  -0.0020894713  -0.0026102661  -0.0179369851
       -0.0240535913  -0.0047652911  -0.0044711872  -0.0028686189   0.0038411930
        0.0001950526   0.0035732383   0.0002259256   0.0001656994   0.0000426811
       -0.0002744293  -0.0002413136   0.0001835764  -0.0002985262  -0.0000560984
       -0.0000969684  -0.0003106852   0.0002436275  -0.0001335367   0.0003290858
        0.0000682233  -0.0000777826   0.0006264142   0.0009050764  -0.0016744333
        0.0009567212  -0.0000274990   0.0000874215   0.0001376778   0.0001531654
        0.0000636708   0.0001926792   0.0000015653  -0.0000614545  -0.0001676925
       -0.0000516618  -0.0000442238  -0.0008825664  -0.0004333601  -0.0002207212
       -0.0006076049   0.0007281897  -0.0019871981
        0.0003180534   0.0115332697   0.0139546163  -0.2680222030   0.1545666792
        0.2160947848   0.6756252188  -0.1206047473  -0.2603198941  -0.2502455248
       -0.0432510118   0.0004748808  -0.0395440678  -0.0279424760   0.0102053955
        0.0048408291   0.0004782891   0.0022273786  -0.0047380337  -0.0018931144
        0.0010391813   0.0061015330   0.0041731620  -0.0016998528  -0.0557292203
        0.0165057497  -0.0019669690  -0.0651709945   0.0083714871   0.0200325072
        0.0010731375  -0.0049283006  -0.0051043596  -0.0040095194  -0.0016640239
       -0.0012622028   0.0025423155   0.0013868191   0.0011046643  -0.0009921153
       -0.0000930070  -0.0004310894  -0.0022558336   0.0015911728   0.0014725343
       -0.0004600723   0.0040902032   0.0052063456   0.0004064705   0.0001716139
       -0.0001895344   0.0007876703  -0.0011011552  -0.0005750503   0.0000641917
       -0.0006808788  -0.0001063055   0.0017620398   0.0016289122  -0.0003512894
       -0.0007056843  -0.0005273182   0.0003674929  -0.0001623043  -0.0001223098
       -0.0001462902  -0.0010314857   0.0002382373  -0.0003525859   0.0015260211
       -0.0016667336  -0.0004993663   0.0001931282   0.0000653000   0.0002290885
       -0.0007818545   0.0000047955   0.0001729844  -0.0000799172  -0.0001320123
        0.0001252315  -0.0001053218  -0.0001065293   0.0001098969  -0.0002111389
        0.0000194116  -0.0000455006   0.0000175489  -0.0000778260  -0.0000955343
       -0.0010128666  -0.0000336580   0.0003288414
        0.0168909574  -0.0068153739  -0.0391813302   0.1281642271  -0.1518037454
       -0.1453054178  -0.1206047473   0.2311087550   0.1658045738  -0.0239392366
       -0.0650950191   0.0029101596  -0.0328418756  -0.0077613618   0.0099576583
        0.0024985977  -0.0023188123   0.0054125735  -0.0019810058   0.0018101401
       -0.0007952396   0.0025855487  -0.0030429082   0.0052974088   0.0249182817
        0.0048028643  -0.0033358553   0.0133642973   0.0014547882   0.0094475833
       -0.0034901735   0.0011542931   0.0008034343   0.0006943429   0.0013481991
        0.0000755117  -0.0012287156  -0.0000936518   0.0001802924   0.0001090055
        0.0000504048   0.0001972502   0.0017424070   0.0004415583  -0.0000335266
       -0.0046268515  -0.0033013534  -0.0037853447  -0.0013906236  -0.0047197331
       -0.0050633877   0.0013502479   0.0012442370   0.0013239753   0.0000336746
        0.0001180545  -0.0001693030  -0.0010852283   0.0005192343  -0.0019727128
       -0.0011345864  -0.0004158081  -0.0001798003   0.0000094089  -0.0002946682
       -0.0009128242   0.0014357809   0.0000420443  -0.0000588329   0.0001242297
        0.0007194854  -0.0021962877  -0.0002953805   0.0000385922   0.0004240233
       -0.0001300553   0.0000301984   0.0000640427   0.0000436519  -0.0000023242
       -0.0000269049  -0.0000698613   0.0000341388   0.0000283766  -0.0000102628
        0.0000096582  -0.0000246404   0.0000216559   0.0000479666   0.0000602919
       -0.0011577113   0.0006901469   0.0010542523
        0.0226716204  -0.0366494746  -0.0218807669   0.1852580900  -0.1518044899
       -0.2400253924  -0.2603198941   0.1658045738   0.3108487405   0.0242925412
        0.0101811339  -0.0540120182   0.0185586850   0.0032535606   0.0016277445
        0.0017603223   0.0054030550   0.0045645993  -0.0010107852  -0.0010385805
        0.0002566007   0.0013524557   0.0047561019   0.0037534112  -0.0096136786
        0.0021197317   0.0035617326   0.0231765094   0.0077843258  -0.0012062474
       -0.0035340167   0.0007201996   0.0027192155   0.0014193502   0.0006986648
        0.0012234413  -0.0015088592  -0.0002151340  -0.0002359972   0.0002247669
        0.0000545722   0.0003011197   0.0017559408   0.0002105772  -0.0002597500
       -0.0037265078  -0.0047823225  -0.0027429948  -0.0003820531  -0.0018123333
       -0.0017723994   0.0016933983   0.0020056255   0.0017503551  -0.0008035565
       -0.0040075157  -0.0048115892  -0.0000527248  -0.0018376773  -0.0012987944
        0.0008850584   0.0002160468  -0.0002730194   0.0000186905  -0.0006918269
       -0.0012564269  -0.0003812322  -0.0001166105   0.0000905540  -0.0006117713
       -0.0016061853  -0.0017128727  -0.0003999684   0.0004064680  -0.0000674561
        0.0000018146   0.0000882806  -0.0000416102   0.0000332425   0.0000397981
       -0.0000472680  -0.0000792170   0.0000316679   0.0000104351   0.0000751680
        0.0000005486   0.0000068011   0.0000399892   0.0000681680   0.0001049142
       -0.0007933784   0.0007190506   0.0008249382
        0.0028129950  -0.0047467222  -0.0048382006  -0.0655736578   0.0035054970
        0.0095370782  -0.2502455248  -0.0239392366   0.0242925412   0.6325224589
       -0.0141051715  -0.0262603004  -0.1032907041  -0.0797883534   0.0465884844
       -0.0203061886  -0.0291089661   0.0152388906   0.0063392992   0.0100065185
       -0.0054466510  -0.0524764895   0.0129712313  -0.0028062189  -0.1534491146
        0.1177020319  -0.0543674132   0.0044524761   0.0028156378   0.0039782945
       -0.0032128171   0.0006335379   0.0014207829   0.0005425904   0.0010516096
        0.0007374429  -0.0009615594  -0.0003279926  -0.0003070928   0.0005870702
       -0.0000418167   0.0001916765   0.0011003533  -0.0005251582  -0.0007767227
       -0.0003939005  -0.0002039660  -0.0006528096  -0.0004256164  -0.0002804629
       -0.0008157392   0.0006972844   0.0000754242  -0.0003401963   0.0000596031
       -0.0008295017  -0.0003771235   0.0047325112   0.0145635480  -0.0093655208
       -0.0053859238  -0.0004120538   0.0010527210   0.0010633048   0.0001504743
       -0.0003216023  -0.0053065497  -0.0007791414   0.0012576777   0.0061501150
       -0.0065372574   0.0040020781   0.0000409835  -0.0004350746  -0.0004215504
        0.0001716071  -0.0001221711  -0.0001806570   0.0000213713   0.0000766567
       -0.0000651603   0.0001264487   0.0000561273  -0.0000926394   0.0001440617
       -0.0000155472   0.0000412851   0.0001402578   0.0000818832   0.0000747756
       -0.0006767456  -0.0014915844  -0.0009781300
        0.0029856943  -0.0041371473   0.0032119395   0.0134159499  -0.0003337602
       -0.0031517452  -0.0432510118  -0.0650950191   0.0101811339  -0.0141051715
        0.5283095551  -0.1834902479  -0.0249427410  -0.2219804132   0.0893359522
       -0.0793658619   0.0100305013  -0.0022840728   0.0101434906  -0.0529029219
        0.0226426648   0.0618336580   0.0321900078  -0.0209616979   0.0648383730
       -0.1956740704   0.0652033566   0.0003333295   0.0072702909  -0.0078627463
       -0.0000960963   0.0004644399  -0.0001750743   0.0001725028  -0.0006023314
        0.0008696916  -0.0001262636  -0.0000140724  -0.0000715651   0.0000535953
        0.0000859852  -0.0000681787   0.0001786200  -0.0003982774   0.0002019429
       -0.0004108141  -0.0000157224   0.0003668749   0.0004273798   0.0004877021
        0.0004887182   0.0002469020  -0.0000856294  -0.0008025807  -0.0001165747
       -0.0010992352  -0.0008786290  -0.0055262903  -0.0206890262   0.0110227597
       -0.0001985468   0.0028138799   0.0025571026   0.0002547702  -0.0003620416
        0.0006146803  -0.0011379598   0.0027564052   0.0031552753   0.0144012835
       -0.0210125094   0.0105583533   0.0000140446   0.0001022536  -0.0002937773
        0.0000381770  -0.0000568052  -0.0000041058   0.0000016860   0.0000206778
       -0.0000028712   0.0000212608  -0.0000028927  -0.0000257758  -0.0000010162
       -0.0000122064  -0.0000089330  -0.0000169052  -0.0000045751  -0.0000148299
       -0.0000654642  -0.0000530417  -0.0003136150
        0.0014830482   0.0037720650  -0.0017624023   0.0255264551   0.0011587173
       -0.0049179228   0.0004748808   0.0029101596  -0.0540120182  -0.0262603004
       -0.1834902479   0.2338938759   0.0180243193   0.0943888664  -0.0966102638
        0.0383506198  -0.0041174753  -0.0020030641  -0.0047011747   0.0218199243
       -0.0165138105  -0.0281424398  -0.0165483585   0.0078871549  -0.0238972084
        0.0599437148  -0.0760571476   0.0014573940  -0.0075962860   0.0044183561
        0.0009522695  -0.0002307484   0.0002861414  -0.0000961536   0.0003979263
       -0.0008218170   0.0000135968   0.0000540954   0.0001088853  -0.0000310481
       -0.0000786025   0.0000372627   0.0000081981   0.0002314903  -0.0002890290
       -0.0007219580   0.0002066812  -0.0000014651   0.0001336004  -0.0004352629
       -0.0006795248  -0.0000333634  -0.0002150138  -0.0005523488   0.0003997971
        0.0005898156   0.0005049483   0.0025151466   0.0101704082  -0.0037078018
        0.0010178559   0.0028202947   0.0068838413  -0.0001432606   0.0003604366
        0.0001719424   0.0009737534   0.0027472618   0.0068384026  -0.0073147752
        0.0112757117  -0.0034991776   0.0000457298  -0.0001158084   0.0001752885
       -0.0000046186   0.0000438075  -0.0000334471  -0.0000187329  -0.0000326702
       -0.0000048083  -0.0000171437   0.0000008115  -0.0000005291  -0.0000145941
        0.0000070627  -0.0000104071  -0.0000760979  -0.0000626071  -0.0000226026
        0.0000962048   0.0000238303   0.0002934884
        0.0000906861   0.0000800219   0.0012653186   0.0045899329  -0.0052013221
       -0.0025815957  -0.0395440678  -0.0328418756   0.0185586850  -0.1032907041
       -0.0249427410   0.0180243193   0.6739559368  -0.0216971014  -0.0203621233
       -0.3343446510  -0.0598109864   0.0462934205  -0.0521312484   0.0654944452
       -0.0293940773  -0.0370911990  -0.0303235712   0.0164783552   0.0497967626
       -0.0072800978   0.0014351252  -0.0019821314   0.0016793191  -0.0013849453
        0.0003902761  -0.0003240264  -0.0006275512  -0.0002723190  -0.0004567839
       -0.0000730564   0.0003823571   0.0001917209   0.0001767957  -0.0002024817
        0.0000248963  -0.0001252554  -0.0001657532   0.0001522065   0.0002558634
       -0.0000562443   0.0002886768   0.0004277333   0.0000634197   0.0000846116
        0.0000766903  -0.0001254658   0.0002750287   0.0005743644   0.0000160221
        0.0000047413  -0.0000142321  -0.1429804926   0.1124095263  -0.0501280623
       -0.0135614087  -0.0038150124   0.0028688690  -0.0015005518   0.0031217019
       -0.0007653667   0.0000380712  -0.0007280270   0.0003031823  -0.0018242867
        0.0033252428  -0.0014273229   0.0000148054   0.0000753735   0.0000101711
       -0.0001277043   0.0000214880   0.0000520752  -0.0000224031  -0.0000396083
        0.0000135943  -0.0000428507  -0.0000192432   0.0000208926  -0.0000754233
        0.0000090749  -0.0000465450  -0.0000745066  -0.0000639965  -0.0000633239
        0.0000776235   0.0003063175   0.0001580022
       -0.0000124833   0.0001450042   0.0001891760   0.0064756619  -0.0022150477
       -0.0014453413  -0.0279424760  -0.0077613618   0.0032535606  -0.0797883534
       -0.2219804132   0.0943888664  -0.0216971014   0.5270490938  -0.2080763448
        0.0080293676  -0.0863643410   0.0208640840   0.0130380208   0.0297600040
       -0.0149958181  -0.0253456000  -0.0170870967   0.0073015490   0.0347923996
       -0.0455443321   0.0222148019  -0.0008051551  -0.0005268227   0.0000059357
        0.0004439153  -0.0000975642  -0.0002145788  -0.0001447064  -0.0000703262
       -0.0001085114   0.0000674755   0.0000469248   0.0000161871  -0.0000383928
       -0.0000039312   0.0000022956  -0.0000735252   0.0000732125   0.0000700136
        0.0002141963   0.0000152290   0.0000971958   0.0000646355   0.0000120032
        0.0001769795  -0.0001369109   0.0006057491   0.0004560012   0.0002275008
       -0.0000403914  -0.0000099506   0.1123855562  -0.1689563932   0.0634503816
       -0.0253156358  -0.0050040837   0.0044512269   0.0034835678  -0.0011812408
        0.0040519565  -0.0006874971   0.0002850855  -0.0003649684   0.0028617744
       -0.0014331331   0.0040326750  -0.0000204300   0.0000231667   0.0000390034
       -0.0000106741  -0.0000015551   0.0000135485   0.0000041790   0.0000061228
       -0.0000093668  -0.0000095525  -0.0000026992   0.0000023757   0.0000096662
       -0.0000005592  -0.0000039534  -0.0000223227   0.0000131749  -0.0000099870
       -0.0000471002   0.0002365219   0.0001610069
        0.0003289309  -0.0000262778  -0.0002785401  -0.0015868722  -0.0016209594
       -0.0000951727   0.0102053955   0.0099576583   0.0016277445   0.0465884844
        0.0893359522  -0.0966102638  -0.0203621233  -0.2080763448   0.2125200726
        0.0112440911   0.0246458194  -0.0569985818  -0.0026815224  -0.0190965806
        0.0111086497   0.0149641245   0.0085874473  -0.0098270744  -0.0202630233
        0.0231538628  -0.0090348978  -0.0000307275   0.0001498222   0.0002464145
       -0.0001856346   0.0000940562   0.0001112323   0.0000596863   0.0001309190
        0.0000811635  -0.0001341183  -0.0000564921  -0.0000686366   0.0000905317
        0.0000052318   0.0000321487   0.0000476480  -0.0000734471  -0.0000906776
        0.0001034450  -0.0000363973  -0.0000368468   0.0001589448   0.0001018676
       -0.0000525689   0.0007203239  -0.0004393838  -0.0004740231  -0.0003918698
        0.0000480562   0.0000666692  -0.0502907527   0.0624602144  -0.0612863385
        0.0131305550   0.0030628870  -0.0015082938  -0.0012704266   0.0040816585
        0.0054311609   0.0003270322  -0.0002272879  -0.0000144831  -0.0008835289
        0.0039294078   0.0053586703  -0.0000468028  -0.0000187004   0.0000082522
        0.0000361786  -0.0000232448  -0.0000236421   0.0000096094   0.0000254542
       -0.0000280108   0.0000108031   0.0000032218  -0.0000274932   0.0000375456
       -0.0000044536  -0.0000016055   0.0000498748   0.0000435067   0.0000118447
        0.0000141976  -0.0001174738  -0.0001468727
        0.0004758389  -0.0005771407  -0.0003742943  -0.0027691470  -0.0000665623
       -0.0000306396   0.0048408291   0.0024985977   0.0017603223  -0.0203061886
       -0.0793658619   0.0383506198  -0.3343446510   0.0080293676   0.0112440911
        0.6575446962  -0.0082454047  -0.0262860002  -0.1863294513   0.0708311846
       -0.0272910071   0.0551400869   0.0426958993  -0.0239589475  -0.0536210550
        0.0185659063  -0.0065446817   0.0003573141   0.0005294550  -0.0001263756
       -0.0001956022   0.0001440277   0.0001552215   0.0000542511   0.0001129946
        0.0001467821  -0.0001613959  -0.0000523145  -0.0000390886   0.0000798840
        0.0000054631   0.0000436019   0.0001123005  -0.0000687330  -0.0000632513
        0.0000596733  -0.0000837540  -0.0001687536   0.0001785308   0.0000998364
       -0.0000443907  -0.0000936427  -0.0001754082   0.0004508541  -0.0001610815
       -0.0000873507  -0.0000963534  -0.0217492032   0.0003047796   0.0015661609
       -0.0765389006  -0.0744361793   0.0391537387  -0.0226151720   0.0210526513
       -0.0093706038   0.0003676803  -0.0023118542   0.0015545904  -0.0003490144
        0.0007026997  -0.0000219377  -0.0000441064  -0.0000281079  -0.0000421787
        0.0000294815  -0.0000178661  -0.0000215782   0.0000057270   0.0000135937
        0.0000004370   0.0000088837   0.0000064073  -0.0000095077   0.0000221491
       -0.0000109660   0.0000135726   0.0000168534   0.0000181831   0.0000344797
       -0.0000155682  -0.0000835434   0.0000151175
        0.0001189278  -0.0003928453   0.0000072556  -0.0016080416  -0.0005231108
        0.0003139128   0.0004782891  -0.0023188123   0.0054030550  -0.0291089661
        0.0100305013  -0.0041174753  -0.0598109864  -0.0863643410   0.0246458194
       -0.0082454047   0.5572284737  -0.2187060639   0.1416615792  -0.2037797861
        0.0699776458  -0.0113708999  -0.0536511141   0.0274201124   0.0231988655
       -0.0058877283  -0.0004533182  -0.0001740088   0.0006932326  -0.0003731370
       -0.0000600665   0.0000021352  -0.0000247322  -0.0000120762  -0.0000448616
        0.0000671271  -0.0000221404   0.0000042526   0.0000050202   0.0000037165
        0.0000109461   0.0000023795  -0.0000071163  -0.0000218161   0.0000082383
        0.0000056228  -0.0000144323   0.0000265655   0.0000499141   0.0000389541
       -0.0000410481  -0.0000531950   0.0000303111   0.0000900444  -0.0000238515
       -0.0000774135  -0.0000092084   0.0218007367   0.0008097623  -0.0019335134
       -0.0745866325  -0.2155137837   0.0937336722  -0.0008569700   0.0017078577
       -0.0006863394  -0.0017767159  -0.0025562589   0.0050989119   0.0004207406
        0.0005526527  -0.0004481474  -0.0000087951   0.0000076748  -0.0000125175
       -0.0000010209  -0.0000087082  -0.0000015655  -0.0000006023   0.0000098808
        0.0000036016   0.0000033618  -0.0000013403   0.0000031595  -0.0000018421
       -0.0000011296   0.0000006720   0.0000011581   0.0000127804   0.0000043506
       -0.0000135802   0.0000180667  -0.0000044775
       -0.0001203577   0.0002175774  -0.0005626100  -0.0010464348  -0.0000315162
        0.0004582066   0.0022273786   0.0054125735   0.0045645993   0.0152388906
       -0.0022840728  -0.0020030641   0.0462934205   0.0208640840  -0.0569985818
       -0.0262860002  -0.2187060639   0.2263431260  -0.0625855397   0.0750905333
       -0.0804980863   0.0019776015   0.0239830375  -0.0107799278  -0.0081406333
       -0.0005153921  -0.0041846845  -0.0001155211  -0.0001095374   0.0001662880
       -0.0000127666  -0.0000015513  -0.0000038715   0.0000064366  -0.0000086241
       -0.0000123162   0.0000293098   0.0000020009   0.0000159982  -0.0000076919
        0.0000025185   0.0000070866  -0.0000011362   0.0000015830   0.0000164255
        0.0000478261   0.0000315646   0.0000036733  -0.0000496442  -0.0000649878
       -0.0000334212   0.0001246624  -0.0000751007  -0.0000884493   0.0000529685
        0.0000993430   0.0000394655  -0.0096476636  -0.0003633978   0.0005823714
        0.0392690672   0.0937952863  -0.0829281354   0.0016626819  -0.0020922079
        0.0006903515   0.0012851569   0.0051986722   0.0051590985  -0.0001811916
       -0.0003954836   0.0000326859   0.0000044604  -0.0000064866   0.0000070177
        0.0000022686  -0.0000017309   0.0000120045  -0.0000010044   0.0000015054
        0.0000124678   0.0000007671   0.0000018490   0.0000154729  -0.0000027043
       -0.0000021555   0.0000067304   0.0000050066  -0.0000032415   0.0000067763
       -0.0000296137  -0.0000405784  -0.0000466976
       -0.0002439487   0.0003638968   0.0001152626   0.0016473862   0.0001413977
        0.0001745404  -0.0047380337  -0.0019810058  -0.0010107852   0.0063392992
        0.0101434906  -0.0047011747  -0.0521312484   0.0130380208  -0.0026815224
       -0.1863294513   0.1416615792  -0.0625855397   0.6722762336  -0.0091909946
       -0.0262561618  -0.1250738890  -0.1049913344   0.0562389723  -0.0199379488
       -0.0278246512   0.0150695579  -0.0000025496  -0.0001647642   0.0000151194
        0.0001157553  -0.0000526398  -0.0000649223  -0.0000466301  -0.0000238851
       -0.0000284947   0.0000244589   0.0000186542   0.0000194662  -0.0000382898
       -0.0000005629  -0.0000044678  -0.0000380063   0.0000107948   0.0000147335
        0.0000418229  -0.0000110467  -0.0000097243   0.0000242688  -0.0000272689
       -0.0000423455  -0.0001719317   0.0000472905  -0.0000092478   0.0001107382
       -0.0000135301   0.0000399762  -0.0055552121  -0.0004227860   0.0010724928
        0.0061506583  -0.0071475956   0.0031582577  -0.2924811684  -0.0284566203
        0.0283541157   0.0057456531   0.0157269466  -0.0080533943  -0.0056512311
       -0.0009475376   0.0010606687  -0.0000030791   0.0000055127   0.0000163080
       -0.0000172528  -0.0000036081   0.0000037601  -0.0000013647  -0.0000036197
        0.0000012372  -0.0000079204  -0.0000080093  -0.0000015512  -0.0000033144
        0.0000004659   0.0000049690  -0.0000155821   0.0000047100   0.0000004846
        0.0000117779   0.0001087003   0.0000894094
        0.0000300193  -0.0000600608   0.0002104028   0.0003388787  -0.0002315237
       -0.0001713978  -0.0018931144   0.0018101401  -0.0010385805   0.0100065185
       -0.0529029219   0.0218199243   0.0654944452   0.0297600040  -0.0190965806
        0.0708311846  -0.2037797861   0.0750905333  -0.0091909946   0.5415061898
       -0.2118550060  -0.0340157061  -0.2446018983   0.0993252140  -0.0804775017
        0.0087883831   0.0012832355  -0.0000862133   0.0001123945  -0.0000721858
        0.0000159408  -0.0000116231  -0.0000247272  -0.0000142239   0.0000012879
        0.0000045417  -0.0000109837  -0.0000033724   0.0000037532   0.0000043406
        0.0000038950   0.0000053485  -0.0000138286   0.0000182587   0.0000044605
        0.0000701192  -0.0000193121  -0.0000413692   0.0001369275   0.0000807037
        0.0000359317   0.0000432139  -0.0000613224   0.0002027720  -0.0001155364
        0.0000739522   0.0000093564  -0.0011150925   0.0027891595   0.0027660898
        0.0146490853  -0.0207544120   0.0098918582  -0.0284195847  -0.0448736796
        0.0079492381  -0.0060477526  -0.0205755808   0.0107531934  -0.0002389445
        0.0028839926   0.0028620734  -0.0000174699   0.0000163702   0.0000239755
       -0.0000044091  -0.0000036391   0.0000042833   0.0000056625   0.0000093196
       -0.0000007616  -0.0000001605  -0.0000008697   0.0000027649  -0.0000037148
        0.0000011245  -0.0000072708   0.0000035019   0.0000099973   0.0000038382
        0.0000353933   0.0000148289   0.0000550907
       -0.0000349905   0.0000296964  -0.0000632825  -0.0001673133   0.0000557943
        0.0000232150   0.0010391813  -0.0007952396   0.0002566007  -0.0054466510
        0.0226426648  -0.0165138105  -0.0293940773  -0.0149958181   0.0111086497
       -0.0272910071   0.0699776458  -0.0804980863  -0.0262561618  -0.2118550060
        0.2169031322   0.0211852113   0.1032550828  -0.0988001368   0.0406412571
       -0.0022042426   0.0000731634   0.0000443432  -0.0000572697   0.0000461379
       -0.0000136415   0.0000036003   0.0000212870   0.0000078026  -0.0000011596
       -0.0000077806   0.0000071218   0.0000024735   0.0000016794  -0.0000003270
       -0.0000022714   0.0000017158   0.0000128287  -0.0000021045  -0.0000081722
       -0.0000356033   0.0000054906   0.0000253821  -0.0000755054  -0.0000436350
       -0.0000009433  -0.0000316813   0.0000332759  -0.0000905907   0.0000714531
       -0.0000416161  -0.0000052728   0.0013564112   0.0026630622   0.0065842700
       -0.0075652240   0.0111086969  -0.0043039777   0.0283974950   0.0080321838
       -0.0373118044   0.0026936979   0.0096210186  -0.0040638353   0.0008658622
        0.0025857775   0.0066681306   0.0000079353  -0.0000096493  -0.0000062833
        0.0000020594  -0.0000026843   0.0000008145  -0.0000024582  -0.0000024523
       -0.0000026119  -0.0000032106   0.0000048549  -0.0000018183   0.0000027820
        0.0000015272   0.0000052824   0.0000002812  -0.0000010867  -0.0000054633
       -0.0000178710  -0.0000086102  -0.0000355910
        0.0002096325  -0.0004782682  -0.0005686472  -0.0035700761   0.0005246244
        0.0002783297   0.0061015330   0.0025855487   0.0013524557  -0.0524764895
        0.0618336580  -0.0281424398  -0.0370911990  -0.0253456000   0.0149641245
        0.0551400869  -0.0113708999   0.0019776015  -0.1250738890  -0.0340157061
        0.0211852113   0.6635777520  -0.0174594560  -0.0196538109  -0.3369756722
       -0.0628919964   0.0436936813   0.0004824887  -0.0000644474   0.0004244538
       -0.0002006820   0.0001076271   0.0002067713   0.0000359399   0.0001287163
        0.0000763170  -0.0001454598  -0.0000455982  -0.0000476798   0.0000782738
       -0.0000094768   0.0000468118   0.0001235805  -0.0000651237  -0.0000897673
       -0.0000256647  -0.0000902129  -0.0000927172  -0.0001751285  -0.0000832153
       -0.0001554513  -0.0001581152   0.0001830302  -0.0002373893   0.0001432023
       -0.0001923801  -0.0000452262   0.0000259104  -0.0008272380   0.0002908673
       -0.0015191185   0.0037120320  -0.0012768138  -0.0141055213  -0.0250421925
        0.0130001786  -0.1414799328   0.1125685384  -0.0493530216  -0.0128943374
       -0.0035661419   0.0022609342  -0.0000024853  -0.0000571467  -0.0000526880
        0.0000335323  -0.0000167155  -0.0000202258   0.0000019966   0.0000123999
       -0.0000027514   0.0000132326   0.0000105541  -0.0000026715   0.0000201550
       -0.0000037890   0.0000188686   0.0000017481   0.0000206538   0.0000217363
       -0.0000952934  -0.0000617785  -0.0000570419
       -0.0000508808  -0.0003173521   0.0000797370  -0.0001984742   0.0003697651
        0.0002558876   0.0041731620  -0.0030429082   0.0047561019   0.0129712313
        0.0321900078  -0.0165483585  -0.0303235712  -0.0170870967   0.0085874473
        0.0426958993  -0.0536511141   0.0239830375  -0.1049913344  -0.2446018983
        0.1032550828  -0.0174594560   0.5550454450  -0.2152456595   0.0059632606
       -0.0875673262   0.0202854473   0.0000921474   0.0005020999  -0.0005324469
       -0.0000553197   0.0000595270   0.0000422266   0.0000299169  -0.0000176139
        0.0000825260  -0.0000184981  -0.0000194199  -0.0000207860   0.0000243627
        0.0000084141   0.0000062345   0.0000271570  -0.0000271281   0.0000223379
        0.0000516007  -0.0000280207  -0.0000318246  -0.0000834092  -0.0000139091
        0.0000094177   0.0000963586   0.0000012869  -0.0001713243   0.0000196794
       -0.0000240327  -0.0000586954  -0.0006227182   0.0003167793  -0.0002125034
        0.0031270844  -0.0012529117   0.0042838658  -0.0030293555  -0.0039833410
        0.0020732959   0.1126280653  -0.1717023217   0.0616231102  -0.0250857635
       -0.0051345692   0.0035354460   0.0000027147   0.0000117562  -0.0000319129
        0.0000124443   0.0000065743  -0.0000061200   0.0000048336   0.0000082283
        0.0000066178   0.0000051675   0.0000149320   0.0000051223   0.0000019449
       -0.0000017091  -0.0000002176   0.0000032083  -0.0000009784   0.0000079263
       -0.0000114581  -0.0000611647  -0.0000410194
       -0.0000389111  -0.0005179538   0.0003239931  -0.0015763351   0.0002545030
        0.0006180464  -0.0016998528   0.0052974088   0.0037534112  -0.0028062189
       -0.0209616979   0.0078871549   0.0164783552   0.0073015490  -0.0098270744
       -0.0239589475   0.0274201124  -0.0107799278   0.0562389723   0.0993252140
       -0.0988001368  -0.0196538109  -0.2152456595   0.2232404752   0.0119242113
        0.0251969666  -0.0562989949  -0.0001595265   0.0003168564   0.0000054010
       -0.0000859882  -0.0000077879  -0.0000023313   0.0000006574   0.0000237105
        0.0000400559  -0.0000186049  -0.0000095450  -0.0000042561   0.0000074890
       -0.0000057568   0.0000269316  -0.0000175918  -0.0000016822  -0.0000008069
        0.0000791243  -0.0000430291  -0.0000019669   0.0001085131   0.0001123106
        0.0001101547   0.0000270586  -0.0000160586   0.0000577408  -0.0000779789
       -0.0001006189  -0.0001017995   0.0002727570  -0.0001933761  -0.0001120995
       -0.0010678867   0.0042158514   0.0058274166   0.0022951275   0.0033356177
       -0.0018853278  -0.0494344771   0.0615529476  -0.0621131847   0.0131553556
        0.0027174903  -0.0020511410  -0.0000034417   0.0000152114   0.0000056502
        0.0000006662  -0.0000004989   0.0000089718   0.0000001703  -0.0000029733
        0.0000133690  -0.0000040511   0.0000065326   0.0000063221   0.0000053263
        0.0000010691   0.0000260572   0.0000069429   0.0000073237   0.0000138430
        0.0000028962   0.0000059628   0.0000140530
       -0.0000619133   0.0014307420  -0.0000663704   0.0025654054  -0.0018337475
       -0.0045564796  -0.0557292203   0.0249182817  -0.0096136786  -0.1534491146
        0.0648383730  -0.0238972084   0.0497967626   0.0347923996  -0.0202630233
       -0.0536210550   0.0231988655  -0.0081406333  -0.0199379488  -0.0804775017
        0.0406412571  -0.3369756722   0.0059632606   0.0119242113   0.6699263545
        0.0080038518  -0.0327337904  -0.0019964197  -0.0018613546   0.0021734794
        0.0004817726  -0.0005524090  -0.0004383100  -0.0003602269  -0.0001311234
       -0.0004602468   0.0003785443   0.0001852143   0.0001909414  -0.0001923666
       -0.0000198009  -0.0000779667  -0.0001744110   0.0002937420   0.0001364776
        0.0001546754   0.0002671221   0.0002953651   0.0002260159   0.0000257417
        0.0000731000   0.0000244646   0.0003276549   0.0005244168   0.0000489225
        0.0003364633   0.0002660503   0.0001099266  -0.0021521082   0.0016368045
       -0.0003274511   0.0004191197  -0.0003487686   0.0002646118  -0.0017707332
        0.0012018633  -0.0224361228   0.0003913262   0.0010921701  -0.0784241037
       -0.0768439675   0.0400019114   0.0000020595   0.0000161216   0.0001271004
       -0.0001336748   0.0000404146   0.0000410550  -0.0000211974  -0.0000453255
        0.0000106691  -0.0000470778  -0.0000183757   0.0000294098  -0.0000650592
        0.0000106677  -0.0000396734  -0.0000762404  -0.0000624020  -0.0000528626
        0.0000497599   0.0003094869   0.0003227296
       -0.0000276251   0.0002468088  -0.0001846023  -0.0044393285   0.0011182887
        0.0004501996   0.0165057497   0.0048028643   0.0021197317   0.1177020319
       -0.1956740704   0.0599437148  -0.0072800978  -0.0455443321   0.0231538628
        0.0185659063  -0.0058877283  -0.0005153921  -0.0278246512   0.0087883831
       -0.0022042426  -0.0628919964  -0.0875673262   0.0251969666   0.0080038518
        0.5400274811  -0.2101362202   0.0004574074  -0.0001677858   0.0007000193
       -0.0002885911   0.0000102632   0.0000695057   0.0000521238   0.0000348749
       -0.0000502833   0.0000183219   0.0000012197  -0.0000034912   0.0000047833
       -0.0000154016  -0.0000181905   0.0000456206  -0.0000168987  -0.0000385009
       -0.0001827509   0.0000063977  -0.0000020198  -0.0002638874  -0.0000365800
        0.0000244430   0.0002057535  -0.0003694556  -0.0005150384   0.0000568270
        0.0000000803   0.0000489473  -0.0016333119  -0.0026982015   0.0047226948
        0.0004450995   0.0006745294  -0.0003185356  -0.0022439554  -0.0025057695
        0.0048395539   0.0217791957   0.0009971415  -0.0013539764  -0.0767550963
       -0.2160477104   0.0942600676   0.0000272571  -0.0000193460  -0.0000116268
       -0.0000144030   0.0000013531  -0.0000009961  -0.0000098670  -0.0000163952
       -0.0000030994  -0.0000026252  -0.0000000533   0.0000042887  -0.0000160777
        0.0000005827  -0.0000089284   0.0000019192  -0.0000145135  -0.0000103866
        0.0000024160  -0.0001287004  -0.0001584653
       -0.0000288801   0.0001786225   0.0002409239   0.0015243767   0.0008605800
       -0.0002800145  -0.0019669690  -0.0033358553   0.0035617326  -0.0543674132
        0.0652033566  -0.0760571476   0.0014351252   0.0222148019  -0.0090348978
       -0.0065446817  -0.0004533182  -0.0041846845   0.0150695579   0.0012832355
        0.0000731634   0.0436936813   0.0202854473  -0.0562989949  -0.0327337904
       -0.2101362202   0.2119378065   0.0001669919   0.0002123212  -0.0003653511
        0.0000794845   0.0000147422   0.0000006342  -0.0000127073  -0.0000612228
        0.0000065408   0.0000163295   0.0000095237   0.0000144435  -0.0000236654
        0.0000124191  -0.0000202272   0.0000170404   0.0000528616   0.0000570467
        0.0001231301  -0.0000812048  -0.0001851922   0.0000084480   0.0000833038
        0.0001302507   0.0001000714   0.0001244302   0.0002469199   0.0000975991
        0.0000997657   0.0000621311   0.0012451133   0.0049505447   0.0047098774
       -0.0002134261  -0.0004717292  -0.0000311128   0.0014571685   0.0048999298
        0.0048354673  -0.0094313955  -0.0001228717   0.0012799799   0.0402784512
        0.0940934872  -0.0807808290  -0.0000267904   0.0000351127   0.0000182171
       -0.0000040546   0.0000108760   0.0000034516   0.0000089771  -0.0000042592
       -0.0000104759  -0.0000138743   0.0000027083  -0.0000123376  -0.0000056641
        0.0000028316  -0.0000118534   0.0000173270   0.0000054895  -0.0000004328
        0.0000344388   0.0000302903   0.0000949649
       -0.0089564886  -0.0089107912  -0.0067709033  -0.1764686516  -0.0464993875
       -0.0301304755  -0.0651709945   0.0133642973   0.0231765094   0.0044524761
        0.0003333295   0.0014573940  -0.0019821314  -0.0008051551  -0.0000307275
        0.0003573141  -0.0001740088  -0.0001155211  -0.0000025496  -0.0000862133
        0.0000443432   0.0004824887   0.0000921474  -0.0001595265  -0.0019964197
        0.0004574074   0.0001669919   0.6125623265   0.0121079759  -0.0509553953
       -0.1980073194   0.0926450486   0.1026915606  -0.0618166760  -0.0081785787
        0.0007555778   0.0040388343   0.0154241033   0.0133614285  -0.0020232438
       -0.0000918042  -0.0011040443  -0.0070085514  -0.0235299696  -0.0204813811
       -0.0954611260  -0.0540222841  -0.0431860147  -0.0005602791   0.0000025153
        0.0001836412  -0.0001502120  -0.0006827288  -0.0005420446  -0.0006815829
       -0.0003478357  -0.0001980708  -0.0000088003  -0.0000477849   0.0001393045
       -0.0001524216  -0.0001337661   0.0001133562  -0.0001256210  -0.0000129018
        0.0000392275  -0.0001573754   0.0000660422  -0.0000816620   0.0000682102
       -0.0000725551   0.0000793969   0.0047685079  -0.0016891658  -0.0015389648
       -0.0049821020  -0.0021417180  -0.0001617154   0.0000628052  -0.0000123339
        0.0003047107   0.0001703480  -0.0001993943  -0.0001283382  -0.0001842639
       -0.0002047211   0.0000417956  -0.0051217658  -0.0025198128  -0.0006816266
        0.0040552649   0.0158700436   0.0137111735
       -0.0179965020  -0.0049440058  -0.0078395330  -0.0346077767  -0.0741325073
       -0.0125717682   0.0083714871   0.0014547882   0.0077843258   0.0028156378
        0.0072702909  -0.0075962860   0.0016793191  -0.0005268227   0.0001498222
        0.0005294550   0.0006932326  -0.0001095374  -0.0001647642   0.0001123945
       -0.0000572697  -0.0000644474   0.0005020999   0.0003168564  -0.0018613546
       -0.0001677858   0.0002123212   0.0121079759   0.4012621082   0.2548490288
        0.0493644703  -0.1187734563  -0.0708391086   0.0331059002   0.0283385034
        0.0198244402   0.0158032991  -0.0316233114  -0.0250942367  -0.0008161100
       -0.0002171976  -0.0002215172  -0.0639641891  -0.0087677432  -0.0013499419
       -0.0117804503  -0.1844255053  -0.1222168759  -0.0006959577  -0.0002459795
       -0.0005436370  -0.0010217871  -0.0018396637  -0.0033149576   0.0001341311
        0.0004699323   0.0001507361   0.0000433720  -0.0001004440  -0.0001462972
        0.0002032181   0.0000347256  -0.0000191674  -0.0000304125  -0.0000360004
       -0.0000957769  -0.0001409382   0.0000268861  -0.0000191233  -0.0001098174
        0.0000175354  -0.0001082496   0.0146754128  -0.0117888839  -0.0129361801
       -0.0027440865   0.0039814928  -0.0035857358  -0.0002239210   0.0002525642
        0.0000473157   0.0000465527  -0.0000767095   0.0002555745  -0.0002170665
        0.0001319215   0.0002498129  -0.0020408950   0.0041197150  -0.0037439056
       -0.0003997550  -0.0110021741  -0.0114311289
       -0.0171855274  -0.0094394747  -0.0032154883  -0.0177375755  -0.0118847895
       -0.0651197397   0.0200325072   0.0094475833  -0.0012062474   0.0039782945
       -0.0078627463   0.0044183561  -0.0013849453   0.0000059357   0.0002464145
       -0.0001263756  -0.0003731370   0.0001662880   0.0000151194  -0.0000721858
        0.0000461379   0.0004244538  -0.0005324469   0.0000054010   0.0021734794
        0.0007000193  -0.0003653511  -0.0509553953   0.2548490288   0.3752676242
        0.0633420309  -0.0762803112  -0.1280171505   0.0389444137   0.0260760589
        0.0203065801   0.0133619460  -0.0255656353  -0.0317366229  -0.0005006763
        0.0000551830  -0.0003316333  -0.0586678346  -0.0064180109   0.0031361249
       -0.0045496156  -0.1168969802  -0.1597286170  -0.0002137357  -0.0000098687
        0.0005531291  -0.0012488408  -0.0033663173  -0.0022911611  -0.0007002280
       -0.0007589826  -0.0003983538  -0.0000940228  -0.0000256452   0.0000682708
       -0.0001148251  -0.0000408055   0.0000091792   0.0000054511   0.0000083583
        0.0000312461   0.0002102622  -0.0000069452  -0.0000162036   0.0000575419
        0.0000154032  -0.0000182124   0.0129129941  -0.0110758301  -0.0113935817
       -0.0009470046  -0.0036826983   0.0049136463  -0.0001797973   0.0002439657
        0.0000049343   0.0000580634  -0.0000292357   0.0002939190  -0.0002203965
        0.0001627726   0.0002038887  -0.0000227250  -0.0037327980   0.0051957545
       -0.0006670361  -0.0135094643  -0.0110285318
       -0.0010410466   0.0007887918   0.0007947155  -0.0398969954   0.0101196340
        0.0145367873   0.0010731375  -0.0034901735  -0.0035340167  -0.0032128171
       -0.0000960963   0.0009522695   0.0003902761   0.0004439153  -0.0001856346
       -0.0001956022  -0.0000600665  -0.0000127666   0.0001157553   0.0000159408
       -0.0000136415  -0.0002006820  -0.0000553197  -0.0000859882   0.0004817726
       -0.0002885911   0.0000794845  -0.1980073194   0.0493644703   0.0633420309
        0.6475846113   0.0417012503  -0.0278076177  -0.3135149251  -0.0370896586
       -0.0013966483  -0.0013037386  -0.0684648226  -0.0630120532   0.0020962134
       -0.0008391881   0.0009961169  -0.0584201341   0.0064257425   0.0132785429
        0.0434614932   0.0441178455   0.0352390210  -0.0005734374  -0.0001965177
        0.0003271925  -0.0000337159   0.0003128598   0.0004357235  -0.0005580909
        0.0003506146  -0.0001417883  -0.0000332019   0.0000489216  -0.0000072194
        0.0000154832   0.0000331966  -0.0000314200   0.0000430366   0.0000130609
        0.0000099517   0.0000311633  -0.0000275115   0.0000183278  -0.0000310900
       -0.0000168657   0.0000380995  -0.0523082843  -0.0376698851  -0.0322023266
       -0.0251923420  -0.0046545021  -0.0012187875  -0.0005711039   0.0002070962
       -0.0006160139   0.0001938457   0.0002907512   0.0003239872  -0.0002705711
        0.0003365336   0.0002196933  -0.0004913016   0.0001887997   0.0003405416
        0.0003696111  -0.0018102260  -0.0006665630
       -0.0000928261  -0.0009961944  -0.0000884347   0.0033527924   0.0040567121
        0.0041462918  -0.0049283006   0.0011542931   0.0007201996   0.0006335379
        0.0004644399  -0.0002307484  -0.0003240264  -0.0000975642   0.0000940562
        0.0001440277   0.0000021352  -0.0000015513  -0.0000526398  -0.0000116231
        0.0000036003   0.0001076271   0.0000595270  -0.0000077879  -0.0005524090
        0.0000102632   0.0000147422   0.0926450486  -0.1187734563  -0.0762803112
        0.0417012503   0.4159831055   0.2704865886  -0.0943722110  -0.0905187498
       -0.0291283851  -0.0242520848  -0.0107877460  -0.0068718774  -0.0012836084
        0.0007193810  -0.0055428733   0.0065169144  -0.0010191049   0.0026093275
        0.0088079499  -0.0246069116  -0.0254217649  -0.0005387366   0.0003630853
       -0.0003869937  -0.0000055872  -0.0000968184  -0.0003245325  -0.0007805836
       -0.0002537617   0.0001772247   0.0000404512   0.0000055935   0.0000029880
       -0.0000502359  -0.0000439007   0.0000188324  -0.0000497130  -0.0000060368
        0.0000019509  -0.0000709597   0.0000323800  -0.0000156377   0.0000257954
        0.0000244555  -0.0000230702  -0.0373796586  -0.1789128455  -0.1283208776
        0.0128280009   0.0033145114   0.0009833194  -0.0002239641   0.0001070692
       -0.0001632109   0.0005451738  -0.0000416934  -0.0001726909  -0.0011602084
       -0.0004774640  -0.0003722657   0.0001632340   0.0004040667   0.0005013992
       -0.0013940503  -0.0000571479  -0.0064075075
       -0.0002281689  -0.0003472445  -0.0009422036   0.0095144349   0.0035526968
        0.0007539063  -0.0051043596   0.0008034343   0.0027192155   0.0014207829
       -0.0001750743   0.0002861414  -0.0006275512  -0.0002145788   0.0001112323
        0.0001552215  -0.0000247322  -0.0000038715  -0.0000649223  -0.0000247272
        0.0000212870   0.0002067713   0.0000422266  -0.0000023313  -0.0004383100
        0.0000695057   0.0000006342   0.1026915606  -0.0708391086  -0.1280171505
       -0.0278076177   0.2704865886   0.3693206754  -0.0542499685  -0.0367140620
       -0.0725093824  -0.0224216281  -0.0009440442   0.0014786080  -0.0000660678
       -0.0062397523   0.0014734925   0.0128042070   0.0025574287  -0.0038901079
        0.0030455701  -0.0298696992  -0.0262971216  -0.0008301767   0.0001153560
       -0.0001167133  -0.0000074779  -0.0003083209  -0.0001174327  -0.0004260014
       -0.0004632159   0.0002829423   0.0000371523  -0.0000299216   0.0000285183
       -0.0000641126  -0.0000532404   0.0000433389  -0.0000561797  -0.0000096455
        0.0000136793  -0.0000625464   0.0000331964  -0.0000125006   0.0000453513
        0.0000107761  -0.0000192938  -0.0316895797  -0.1283586585  -0.1475287932
        0.0150206031   0.0032368384   0.0014686672  -0.0014537535  -0.0006120508
       -0.0002644576  -0.0000724062   0.0000242195  -0.0000034300   0.0010162507
        0.0001478314   0.0003558009   0.0002046722   0.0005188292   0.0002401948
       -0.0004917499  -0.0063708506   0.0011264557
        0.0005983001  -0.0000434900  -0.0000594939   0.0032478527   0.0022338398
        0.0024643611  -0.0040095194   0.0006943429   0.0014193502   0.0005425904
        0.0001725028  -0.0000961536  -0.0002723190  -0.0001447064   0.0000596863
        0.0000542511  -0.0000120762   0.0000064366  -0.0000466301  -0.0000142239
        0.0000078026   0.0000359399   0.0000299169   0.0000006574  -0.0003602269
        0.0000521238  -0.0000127073  -0.0618166760   0.0331059002   0.0389444137
       -0.3135149251  -0.0943722110  -0.0542499685   0.6644155914   0.0314493732
       -0.0403206035  -0.1024668665  -0.0101134597  -0.0025536971  -0.0134491457
       -0.0223820462  -0.0184852409   0.0459088063   0.0086247640   0.0018431171
       -0.0274339080  -0.0253694273  -0.0206574719  -0.0001199631  -0.0000830451
       -0.0001243092   0.0001726008   0.0000835921   0.0000747920  -0.0000639394
       -0.0001115742  -0.0000453171  -0.0000046769   0.0000459350  -0.0000083207
       -0.0000298727  -0.0000173882   0.0000269358  -0.0000287789  -0.0000092527
        0.0000015653  -0.0000436353   0.0000007978  -0.0000173319   0.0000231899
       -0.0000538761   0.0000145330  -0.0084535599  -0.0039682625  -0.0025254397
       -0.1749123194   0.0833156608   0.0952129633  -0.0046902496  -0.0020267752
       -0.0010122712   0.0006545718  -0.0014120145  -0.0017304166  -0.0013757457
       -0.0013573136  -0.0008676234  -0.0026930886   0.0021392137   0.0032499965
        0.0001323520  -0.0004568203  -0.0005602443
       -0.0002178175  -0.0004464622   0.0000445922   0.0058429745   0.0027619581
       -0.0050158545  -0.0016640239   0.0013481991   0.0006986648   0.0010516096
       -0.0006023314   0.0003979263  -0.0004567839  -0.0000703262   0.0001309190
        0.0001129946  -0.0000448616  -0.0000086241  -0.0000238851   0.0000012879
       -0.0000011596   0.0001287163  -0.0000176139   0.0000237105  -0.0001311234
        0.0000348749  -0.0000612228  -0.0081785787   0.0283385034   0.0260760589
       -0.0370896586  -0.0905187498  -0.0367140620   0.0314493732   0.4052920255
        0.2646288526  -0.0674727310  -0.1918074852  -0.1216117736  -0.0086894620
       -0.0072352207  -0.0085858990   0.0470289252  -0.0250627336  -0.0309295839
       -0.0250703977  -0.0222678894  -0.0127867080   0.0000924010  -0.0001343183
        0.0000555263  -0.0000844450   0.0000721186   0.0000638038  -0.0000612913
        0.0000074306  -0.0002097826   0.0000063172  -0.0000185994  -0.0000001170
       -0.0000622203  -0.0000478681   0.0000312705  -0.0000478162  -0.0000040172
        0.0000076758  -0.0000448383   0.0000324265  -0.0000130399   0.0000248237
        0.0000174407  -0.0000021014  -0.0215236587  -0.0074218059  -0.0055452979
        0.0831185853  -0.0937056989  -0.0651587331  -0.0014802234  -0.0005756335
       -0.0004282093   0.0014951829   0.0003989634  -0.0001459991   0.0006076131
       -0.0008197619  -0.0001082769   0.0017934859   0.0025353910  -0.0050299999
       -0.0004540474  -0.0000392423   0.0001974438
       -0.0003005186   0.0001977695  -0.0003122694   0.0058998524  -0.0045829351
        0.0024199304  -0.0012622028   0.0000755117   0.0012234413   0.0007374429
        0.0008696916  -0.0008218170  -0.0000730564  -0.0001085114   0.0000811635
        0.0001467821   0.0000671271  -0.0000123162  -0.0000284947   0.0000045417
       -0.0000077806   0.0000763170   0.0000825260   0.0000400559  -0.0004602468
       -0.0000502833   0.0000065408   0.0007555778   0.0198244402   0.0203065801
       -0.0013966483  -0.0291283851  -0.0725093824  -0.0403206035   0.2646288526
        0.3640263191  -0.0554010930  -0.1291953721  -0.1632461152  -0.0054862415
       -0.0069561743  -0.0041049001   0.0372482478  -0.0257625170  -0.0273590288
       -0.0199490875  -0.0126241568  -0.0139578027  -0.0000351549  -0.0001729705
       -0.0000039264  -0.0001031206   0.0000718392   0.0000451286   0.0001515860
        0.0001144053  -0.0000861392   0.0000197321  -0.0000281565  -0.0000307373
       -0.0000201221  -0.0000408401   0.0000087382  -0.0000424964  -0.0000183402
       -0.0000124633  -0.0000701450   0.0000247538  -0.0000091484   0.0000013241
        0.0000160570  -0.0000200094  -0.0187136655  -0.0076797649  -0.0033479078
        0.0949507413  -0.0652821714  -0.1063777161   0.0000068948  -0.0000193128
        0.0006059975   0.0010079834   0.0005885343   0.0004521597   0.0001725754
       -0.0002443376   0.0004830548   0.0029724651  -0.0049151507   0.0024910582
       -0.0004846243   0.0002433298   0.0000292923
        0.0001739289   0.0004247422   0.0003804101  -0.0063172811  -0.0002807286
        0.0007466464   0.0025423155  -0.0012287156  -0.0015088592  -0.0009615594
       -0.0001262636   0.0000135968   0.0003823571   0.0000674755  -0.0001341183
       -0.0001613959  -0.0000221404   0.0000293098   0.0000244589  -0.0000109837
        0.0000071218  -0.0001454598  -0.0000184981  -0.0000186049   0.0003785443
        0.0000183219   0.0000163295   0.0040388343   0.0158032991   0.0133619460
       -0.0013037386  -0.0242520848  -0.0224216281  -0.1024668665  -0.0674727310
       -0.0554010930   0.6247146620   0.0267490464  -0.0325583498  -0.2037642760
       -0.0416843252  -0.0158048552  -0.2047258295   0.0981321700   0.1108417042
       -0.0623995131  -0.0060601873   0.0019419791   0.0000869593  -0.0000374602
        0.0000767918   0.0001367213   0.0001057426   0.0001150432   0.0000712510
        0.0001146269  -0.0000411980  -0.0000520898   0.0000568302  -0.0000059116
        0.0000491027   0.0000620865  -0.0000321095   0.0000635788   0.0000072963
       -0.0000006207   0.0000626589  -0.0000509270   0.0000225314  -0.0000334419
       -0.0000628648   0.0000316997  -0.0050596930  -0.0024655627  -0.0005170816
        0.0027316778   0.0156963697   0.0148409533  -0.0054201362  -0.0056105970
       -0.0043076782  -0.0227321443  -0.0015958978   0.0009540601  -0.0191606412
       -0.0018082621  -0.0084367647   0.0039617305  -0.0023173684  -0.0019794081
       -0.0047147151  -0.0021324091  -0.0002118422
       -0.0001704813  -0.0000905900  -0.0001090501  -0.0011701483  -0.0007758968
       -0.0006354804   0.0013868191  -0.0000936518  -0.0002151340  -0.0003279926
       -0.0000140724   0.0000540954   0.0001917209   0.0000469248  -0.0000564921
       -0.0000523145   0.0000042526   0.0000020009   0.0000186542  -0.0000033724
        0.0000024735  -0.0000455982  -0.0000194199  -0.0000095450   0.0001852143
        0.0000012197   0.0000095237   0.0154241033  -0.0316233114  -0.0255656353
       -0.0684648226  -0.0107877460  -0.0009440442  -0.0101134597  -0.1918074852
       -0.1291953721   0.0267490464   0.4180915345   0.2469720633  -0.0391775261
       -0.0749945006  -0.0077984501   0.0410601573  -0.1189311692  -0.0678419185
        0.0374256429   0.0304852591   0.0233859686  -0.0000700274  -0.0000659430
        0.0002033023  -0.0000004303   0.0000047368   0.0000376102  -0.0001124267
        0.0001598331  -0.0000456565  -0.0000093917  -0.0000029269   0.0000076555
        0.0000259708   0.0000192854  -0.0000083506   0.0000253179   0.0000033200
        0.0000014952   0.0000323950  -0.0000170779   0.0000058232  -0.0000159354
        0.0000015255   0.0000008466  -0.0019523293   0.0040557810  -0.0038380757
       -0.0009417454  -0.0113358488  -0.0115019900  -0.0294040111  -0.0109931632
       -0.0066725313   0.0053011596   0.0019342135   0.0005779461   0.0117941759
        0.0049257284   0.0011702392   0.0148609560  -0.0121698629  -0.0141190848
       -0.0024526929   0.0039924239  -0.0038742333
       -0.0001407533  -0.0001356360  -0.0000511164  -0.0007640080  -0.0008759699
       -0.0005750031   0.0011046643   0.0001802924  -0.0002359972  -0.0003070928
       -0.0000715651   0.0001088853   0.0001767957   0.0000161871  -0.0000686366
       -0.0000390886   0.0000050202   0.0000159982   0.0000194662   0.0000037532
        0.0000016794  -0.0000476798  -0.0000207860  -0.0000042561   0.0001909414
       -0.0000034912   0.0000144435   0.0133614285  -0.0250942367  -0.0317366229
       -0.0630120532  -0.0068718774   0.0014786080  -0.0025536971  -0.1216117736
       -0.1632461152  -0.0325583498   0.2469720633   0.3825901808  -0.0206703048
       -0.0095345968  -0.0652828614   0.0584860947  -0.0755907328  -0.1284256521
        0.0426157164   0.0291773774   0.0214545330  -0.0001010803  -0.0000602370
        0.0001528347  -0.0000063895   0.0000083427   0.0000035077  -0.0000644927
        0.0001553436  -0.0000266218  -0.0000092651   0.0000158936   0.0000086061
        0.0000299121   0.0000307902  -0.0000078883   0.0000274464   0.0000097581
        0.0000023992   0.0000331275  -0.0000128472   0.0000051410  -0.0000190206
        0.0000184566  -0.0000110687  -0.0001804762  -0.0038267005   0.0050393123
       -0.0010211457  -0.0136833735  -0.0113864637  -0.0064499449  -0.0036050882
       -0.0018507820   0.0234894698   0.0057387013   0.0027854729  -0.0243363082
       -0.0052703388  -0.0043898310   0.0133577973  -0.0120411572  -0.0114267531
       -0.0006117097  -0.0040215716   0.0050640677
       -0.0000886505  -0.0001069598  -0.0000963453   0.0017843748   0.0004460729
       -0.0001641205  -0.0009921153   0.0001090055   0.0002247669   0.0005870702
        0.0000535953  -0.0000310481  -0.0002024817  -0.0000383928   0.0000905317
        0.0000798840   0.0000037165  -0.0000076919  -0.0000382898   0.0000043406
       -0.0000003270   0.0000782738   0.0000243627   0.0000074890  -0.0001923666
        0.0000047833  -0.0000236654  -0.0020232438  -0.0008161100  -0.0005006763
        0.0020962134  -0.0012836084  -0.0000660678  -0.0134491457  -0.0086894620
       -0.0054862415  -0.2037642760  -0.0391775261  -0.0206703048   0.4727543701
       -0.0073655195  -0.0197632371  -0.0319039187  -0.0035288192   0.0007546160
       -0.0002747783   0.0025478788   0.0034627955  -0.0000063430  -0.0000047112
        0.0000263914  -0.0000407307  -0.0000293077  -0.0000350979  -0.0000130689
        0.0000161469  -0.0000072142   0.0000133529  -0.0000093462  -0.0000144562
       -0.0000455689  -0.0000380242   0.0000135826  -0.0000557399  -0.0000007221
       -0.0000001730  -0.0000478735   0.0000350431  -0.0000055106   0.0000255817
        0.0000109463   0.0000069378  -0.0003650538   0.0000320187  -0.0000758439
        0.0009915680   0.0014132451   0.0003233009  -0.0425568602  -0.0125779072
        0.0007934786  -0.1122836732   0.0268106591   0.1076669002  -0.0699219686
        0.0431074905  -0.0649283385   0.0008878828  -0.0006585360  -0.0012997610
       -0.0010324246  -0.0002943531  -0.0001946696
       -0.0000369740   0.0000926319  -0.0000136538   0.0001439584  -0.0007540869
        0.0007861122  -0.0000930070   0.0000504048   0.0000545722  -0.0000418167
        0.0000859852  -0.0000786025   0.0000248963  -0.0000039312   0.0000052318
        0.0000054631   0.0000109461   0.0000025185  -0.0000005629   0.0000038950
       -0.0000022714  -0.0000094768   0.0000084141  -0.0000057568  -0.0000198009
       -0.0000154016   0.0000124191  -0.0000918042  -0.0002171976   0.0000551830
       -0.0008391881   0.0007193810  -0.0062397523  -0.0223820462  -0.0072352207
       -0.0069561743  -0.0416843252  -0.0749945006  -0.0095345968  -0.0073655195
        0.5080971357   0.0175548559   0.0099732152   0.0032010858   0.0009362703
        0.0014288749   0.0018969706  -0.0041806982  -0.0000045126  -0.0000299353
        0.0000404536  -0.0000179143   0.0000102884   0.0000093909   0.0000595363
        0.0000531558   0.0000086898  -0.0000010525   0.0000080801  -0.0000045813
       -0.0000020902   0.0000015926   0.0000021952  -0.0000040995   0.0000044416
       -0.0000046829  -0.0000071866   0.0000028796  -0.0000073541  -0.0000068705
        0.0000010477  -0.0000128357  -0.0010602940  -0.0005584387  -0.0000620273
       -0.0008666304  -0.0003259110   0.0019388538  -0.0130216039  -0.2739824293
       -0.0459518942   0.0276268188  -0.0561066519  -0.0428763269   0.0464888357
       -0.0998792653   0.0931315279   0.0011622662  -0.0001908510   0.0013000035
        0.0006429109   0.0000454850   0.0000929310
       -0.0000643465  -0.0001056830   0.0000163146   0.0009281116   0.0009729712
       -0.0009055464  -0.0004310894   0.0001972502   0.0003011197   0.0001916765
       -0.0000681787   0.0000372627  -0.0001252554   0.0000022956   0.0000321487
        0.0000436019   0.0000023795   0.0000070866  -0.0000044678   0.0000053485
        0.0000017158   0.0000468118   0.0000062345   0.0000269316  -0.0000779667
       -0.0000181905  -0.0000202272  -0.0011040443  -0.0002215172  -0.0003316333
        0.0009961169  -0.0055428733   0.0014734925  -0.0184852409  -0.0085858990
       -0.0041049001  -0.0158048552  -0.0077984501  -0.0652828614  -0.0197632371
        0.0175548559   0.5021769879   0.0130674024   0.0024157278   0.0032929086
        0.0034552681  -0.0044852188   0.0027255960   0.0000380989  -0.0000058072
        0.0000374839  -0.0000370176  -0.0000081087   0.0000102186  -0.0000179395
        0.0000108078  -0.0000166651   0.0000140920  -0.0000136557  -0.0000035141
       -0.0000184029  -0.0000170406   0.0000166528  -0.0000206588  -0.0000032821
        0.0000054662  -0.0000205246   0.0000113751  -0.0000014691   0.0000082940
        0.0000094281  -0.0000057608  -0.0008849582  -0.0002446133  -0.0002973306
       -0.0013929252   0.0013434021  -0.0007717686  -0.0001954373  -0.0460764296
       -0.0516821089   0.1074259498  -0.0430595596  -0.2011584177  -0.0690222078
        0.0914069173  -0.1847460356   0.0004774578   0.0019878780  -0.0006579206
        0.0007776932   0.0003276357  -0.0001752264
       -0.0004158147  -0.0007345834  -0.0005855570   0.0082193857  -0.0014598760
       -0.0015967477  -0.0022558336   0.0017424070   0.0017559408   0.0011003533
        0.0001786200   0.0000081981  -0.0001657532  -0.0000735252   0.0000476480
        0.0001123005  -0.0000071163  -0.0000011362  -0.0000380063  -0.0000138286
        0.0000128287   0.0001235805   0.0000271570  -0.0000175918  -0.0001744110
        0.0000456206   0.0000170404  -0.0070085514  -0.0639641891  -0.0586678346
       -0.0584201341   0.0065169144   0.0128042070   0.0459088063   0.0470289252
        0.0372482478  -0.2047258295   0.0410601573   0.0584860947  -0.0319039187
        0.0099732152   0.0130674024   0.6560508205   0.0472780900  -0.0259424630
       -0.3210029589  -0.0414059742  -0.0028615061  -0.0002332371  -0.0001188251
        0.0001591527  -0.0000000789  -0.0000441333  -0.0000474659  -0.0002205539
        0.0000983949  -0.0000927010  -0.0000015120  -0.0000173268  -0.0000028610
       -0.0000302208  -0.0000261577   0.0000259622  -0.0000306902  -0.0000092277
        0.0000121949  -0.0000410136   0.0000102285  -0.0000067079  -0.0000078972
       -0.0000005042   0.0000018620  -0.0004470217   0.0001126806   0.0001835803
        0.0006800600  -0.0016418245  -0.0007903063   0.0002360378   0.0017947237
        0.0011344245  -0.0052736265  -0.0013483923  -0.0001393113  -0.0012440219
        0.0002889957   0.0013605912  -0.0553177722  -0.0404280145  -0.0344512383
       -0.0234724871  -0.0048626312  -0.0011219474
       -0.0011049549  -0.0004486758  -0.0000226308  -0.0020894384  -0.0001345841
       -0.0065055325   0.0015911728   0.0004415583   0.0002105772  -0.0005251582
       -0.0003982774   0.0002314903   0.0001522065   0.0000732125  -0.0000734471
       -0.0000687330  -0.0000218161   0.0000015830   0.0000107948   0.0000182587
       -0.0000021045  -0.0000651237  -0.0000271281  -0.0000016822   0.0002937420
       -0.0000168987   0.0000528616  -0.0235299696  -0.0087677432  -0.0064180109
        0.0064257425  -0.0010191049   0.0025574287   0.0086247640  -0.0250627336
       -0.0257625170   0.0981321700  -0.1189311692  -0.0755907328  -0.0035288192
        0.0032010858   0.0024157278   0.0472780900   0.4120223413   0.2692144783
       -0.0975303420  -0.0915520396  -0.0303217589   0.0000478907   0.0000200654
        0.0001482735  -0.0000674979  -0.0002451191  -0.0001472357  -0.0000164354
        0.0000762938  -0.0000178906  -0.0000143465   0.0000245659  -0.0000123003
        0.0000235593   0.0000326276  -0.0000148086   0.0000328696   0.0000125419
        0.0000014070   0.0000384984  -0.0000177178   0.0000084708  -0.0000367864
       -0.0000003123  -0.0000067035   0.0001140092   0.0003649281   0.0005646486
       -0.0013643711   0.0001134359  -0.0066544149  -0.0012236008   0.0007157654
        0.0004665369  -0.0023381077   0.0002124826  -0.0002817108  -0.0009655937
        0.0005224168  -0.0001101891  -0.0403406629  -0.1749452691  -0.1245398086
        0.0120444315   0.0037370091   0.0006099953
       -0.0008833400   0.0000864585  -0.0002090010  -0.0022919213  -0.0063987299
        0.0014705504   0.0014725343  -0.0000335266  -0.0002597500  -0.0007767227
        0.0002019429  -0.0002890290   0.0002558634   0.0000700136  -0.0000906776
       -0.0000632513   0.0000082383   0.0000164255   0.0000147335   0.0000044605
       -0.0000081722  -0.0000897673   0.0000223379  -0.0000008069   0.0001364776
       -0.0000385009   0.0000570467  -0.0204813811  -0.0013499419   0.0031361249
        0.0132785429   0.0026093275  -0.0038901079   0.0018431171  -0.0309295839
       -0.0273590288   0.1108417042  -0.0678419185  -0.1284256521   0.0007546160
        0.0009362703   0.0032929086  -0.0259424630   0.2692144783   0.3672411671
       -0.0556131977  -0.0376408986  -0.0730606928   0.0000364326   0.0000110326
        0.0000644157  -0.0000445691  -0.0000682517  -0.0002110288   0.0000989031
        0.0001311954   0.0000390965  -0.0000075163   0.0000083481  -0.0000189481
        0.0000287266   0.0000277460  -0.0000233513   0.0000307622   0.0000034659
       -0.0000119507   0.0000276334  -0.0000209497   0.0000100208  -0.0000205710
       -0.0000077287  -0.0000114122   0.0001405750   0.0005614113   0.0002500113
       -0.0003634661  -0.0066961396   0.0015104605  -0.0011994524  -0.0002277049
        0.0004007146  -0.0005116680  -0.0004506398   0.0002175656  -0.0006886774
       -0.0003375349  -0.0004808591  -0.0343663114  -0.1245639260  -0.1455658480
        0.0143836540   0.0027092484   0.0022098085
       -0.0048249306  -0.0007378241  -0.0000073647  -0.0209360839  -0.0220366305
       -0.0177679555  -0.0004600723  -0.0046268515  -0.0037265078  -0.0003939005
       -0.0004108141  -0.0007219580  -0.0000562443   0.0002141963   0.0001034450
        0.0000596733   0.0000056228   0.0000478261   0.0000418229   0.0000701192
       -0.0000356033  -0.0000256647   0.0000516007   0.0000791243   0.0001546754
       -0.0001827509   0.0001231301  -0.0954611260  -0.0117804503  -0.0045496156
        0.0434614932   0.0088079499   0.0030455701  -0.0274339080  -0.0250703977
       -0.0199490875  -0.0623995131   0.0374256429   0.0426157164  -0.0002747783
        0.0014288749   0.0034552681  -0.3210029589  -0.0975303420  -0.0556131977
        0.6842884225   0.0319503889  -0.0428561358   0.0001298810   0.0001991940
        0.0000575724  -0.0004942630  -0.0010511708  -0.0011463520   0.0000818072
        0.0000392706   0.0000789145  -0.0000060386  -0.0000149210  -0.0000844156
       -0.0000392031  -0.0000266753  -0.0000110924  -0.0000265728  -0.0000099505
       -0.0000202818  -0.0000503583   0.0000201619   0.0000066307  -0.0000560139
        0.0000154357  -0.0000532244  -0.0029093580   0.0023071618   0.0032653270
        0.0002469242  -0.0005859641  -0.0005271271   0.0005126528  -0.0001139133
       -0.0001307426  -0.0012336638   0.0000843727  -0.0004707226   0.0001571206
       -0.0002541774  -0.0003218526  -0.0089046289  -0.0042071478  -0.0029342121
       -0.1821451920   0.0860199889   0.0980489246
       -0.0008933995   0.0017461896  -0.0000703235  -0.0222139671  -0.0084355622
       -0.0047721829   0.0040902032  -0.0033013534  -0.0047823225  -0.0002039660
       -0.0000157224   0.0002066812   0.0002886768   0.0000152290  -0.0000363973
       -0.0000837540  -0.0000144323   0.0000315646  -0.0000110467  -0.0000193121
        0.0000054906  -0.0000902129  -0.0000280207  -0.0000430291   0.0002671221
        0.0000063977  -0.0000812048  -0.0540222841  -0.1844255053  -0.1168969802
        0.0441178455  -0.0246069116  -0.0298696992  -0.0253694273  -0.0222678894
       -0.0126241568  -0.0060601873   0.0304852591   0.0291773774   0.0025478788
        0.0018969706  -0.0044852188  -0.0414059742  -0.0915520396  -0.0376408986
        0.0319503889   0.3980445716   0.2558985943   0.0002152011  -0.0000874820
       -0.0001288923   0.0000192530  -0.0002054325  -0.0003022053   0.0002775486
        0.0001488184   0.0000813491  -0.0000603387   0.0000872031  -0.0000015566
        0.0000322272   0.0000514326  -0.0000260504   0.0000505293   0.0000131835
       -0.0000018057   0.0000506779  -0.0000312330   0.0000175440  -0.0000204042
       -0.0000399966   0.0000399874   0.0017769310   0.0023625941  -0.0047711577
       -0.0004528080  -0.0001211037   0.0001760064   0.0003678940  -0.0000054962
        0.0000004236   0.0010741572   0.0004885019  -0.0001925694  -0.0008992006
       -0.0002544688  -0.0005470151  -0.0215511202  -0.0077149151  -0.0048398163
        0.0862115562  -0.0922194742  -0.0635215358
       -0.0001898086  -0.0002785552   0.0015409182  -0.0192895021  -0.0048503949
       -0.0020894713   0.0052063456  -0.0037853447  -0.0027429948  -0.0006528096
        0.0003668749  -0.0000014651   0.0004277333   0.0000971958  -0.0000368468
       -0.0001687536   0.0000265655   0.0000036733  -0.0000097243  -0.0000413692
        0.0000253821  -0.0000927172  -0.0000318246  -0.0000019669   0.0002953651
       -0.0000020198  -0.0001851922  -0.0431860147  -0.1222168759  -0.1597286170
        0.0352390210  -0.0254217649  -0.0262971216  -0.0206574719  -0.0127867080
       -0.0139578027   0.0019419791   0.0233859686   0.0214545330   0.0034627955
       -0.0041806982   0.0027255960  -0.0028615061  -0.0303217589  -0.0730606928
       -0.0428561358   0.2558985943   0.3607101502   0.0002685515   0.0000649355
        0.0000716248   0.0000762447  -0.0001426171  -0.0000217881   0.0001321571
       -0.0000872255  -0.0001491108  -0.0000630946   0.0000333273   0.0000116805
        0.0000526763   0.0000582390  -0.0000201802   0.0000561577   0.0000095661
        0.0000081960   0.0000650231  -0.0000372898   0.0000245042   0.0000307592
       -0.0000799691   0.0000961512   0.0029350570  -0.0048067251   0.0024398950
       -0.0004670126   0.0001448047   0.0000317623  -0.0002046964  -0.0004942769
       -0.0003463843   0.0000812773   0.0000580376   0.0000000686   0.0012153575
        0.0000274506  -0.0000801085  -0.0189777499  -0.0070725238  -0.0036595900
        0.0981904965  -0.0635336185  -0.1067648023
       -0.0732822988  -0.0280762667   0.0742906657   0.0032534894   0.0047280093
       -0.0026102661   0.0004064705  -0.0013906236  -0.0003820531  -0.0004256164
        0.0004273798   0.0001336004   0.0000634197   0.0000646355   0.0001589448
        0.0001785308   0.0000499141  -0.0000496442   0.0000242688   0.0001369275
       -0.0000755054  -0.0001751285  -0.0000834092   0.0001085131   0.0002260159
       -0.0002638874   0.0000084480  -0.0005602791  -0.0006959577  -0.0002137357
       -0.0005734374  -0.0005387366  -0.0008301767  -0.0001199631   0.0000924010
       -0.0000351549   0.0000869593  -0.0000700274  -0.0001010803  -0.0000063430
       -0.0000045126   0.0000380989  -0.0002332371   0.0000478907   0.0000364326
        0.0001298810   0.0002152011   0.0002685515   0.0834004149   0.0311691387
       -0.0885767560  -0.0153963438  -0.0111597360   0.0289630278   0.0048189157
        0.0046574939  -0.0104655139  -0.0000942882   0.0001186642  -0.0000835696
        0.0000261996   0.0000393660   0.0000014747   0.0000013608   0.0000127790
       -0.0000138918  -0.0000028224   0.0000102859   0.0000030895  -0.0000261172
        0.0000759434   0.0000056022  -0.0017139653   0.0003118282  -0.0006854509
       -0.0000073468   0.0000093907   0.0000098526   0.0000016003   0.0000132519
        0.0000073164  -0.0000112501  -0.0000079784  -0.0000017825   0.0000128414
        0.0000027155   0.0000080689  -0.0000024466   0.0000260003   0.0000183223
        0.0000005158   0.0000819189   0.0000645719
       -0.0267837210  -0.0595559207   0.0644906641   0.0062986588   0.0052434549
       -0.0179369851   0.0001716139  -0.0047197331  -0.0018123333  -0.0002804629
        0.0004877021  -0.0004352629   0.0000846116   0.0000120032   0.0001018676
        0.0000998364   0.0000389541  -0.0000649878  -0.0000272689   0.0000807037
       -0.0000436350  -0.0000832153  -0.0000139091   0.0001123106   0.0000257417
       -0.0000365800   0.0000833038   0.0000025153  -0.0002459795  -0.0000098687
       -0.0001965177   0.0003630853   0.0001153560  -0.0000830451  -0.0001343183
       -0.0001729705  -0.0000374602  -0.0000659430  -0.0000602370  -0.0000047112
       -0.0000299353  -0.0000058072  -0.0001188251   0.0000200654   0.0000110326
        0.0001991940  -0.0000874820   0.0000649355   0.0311691387   0.0710170298
       -0.0755503593  -0.0017944450  -0.0003738334   0.0029287066  -0.0093474666
       -0.0121430339   0.0280950527  -0.0000101095  -0.0000157057  -0.0000671437
        0.0000180924   0.0000051850   0.0000110097  -0.0000187002  -0.0000015941
       -0.0000083870  -0.0000143280   0.0000019778  -0.0000180896   0.0000012098
        0.0000213452  -0.0000294222   0.0006390161   0.0000713621   0.0002025401
        0.0000448137   0.0000034551   0.0000050080  -0.0000078810  -0.0000120621
       -0.0000153576   0.0000007806   0.0000096988  -0.0000134370   0.0000054324
        0.0000099163   0.0000215364   0.0000141407   0.0000202810  -0.0000160370
        0.0000333617   0.0000298102   0.0000169969
        0.0759530207   0.0690526098  -0.2283128326   0.0083882538   0.0033120624
       -0.0240535913  -0.0001895344  -0.0050633877  -0.0017723994  -0.0008157392
        0.0004887182  -0.0006795248   0.0000766903   0.0001769795  -0.0000525689
       -0.0000443907  -0.0000410481  -0.0000334212  -0.0000423455   0.0000359317
       -0.0000009433  -0.0001554513   0.0000094177   0.0001101547   0.0000731000
        0.0000244430   0.0001302507   0.0001836412  -0.0005436370   0.0005531291
        0.0003271925  -0.0003869937  -0.0001167133  -0.0001243092   0.0000555263
       -0.0000039264   0.0000767918   0.0002033023   0.0001528347   0.0000263914
        0.0000404536   0.0000374839   0.0001591527   0.0001482735   0.0000644157
        0.0000575724  -0.0001288923   0.0000716248  -0.0885767560  -0.0755503593
        0.2628816857   0.0023431375   0.0009913734  -0.0004158371   0.0031056016
        0.0067138736  -0.0090466293  -0.0000145118  -0.0000808193   0.0000187667
        0.0000259800   0.0000239254  -0.0000205031   0.0000437062  -0.0000072379
       -0.0000095357   0.0000215174  -0.0000391613   0.0000025391   0.0000051663
       -0.0000673825   0.0000238815  -0.0011086966   0.0004770287   0.0003260106
        0.0000652409   0.0000301261   0.0000253660   0.0000165750  -0.0000060201
        0.0000055513  -0.0000124044  -0.0000025426   0.0000183370   0.0000110006
        0.0000028133  -0.0000127644   0.0000435848   0.0000236005   0.0000075829
        0.0000808221   0.0001070227   0.0001015764
       -0.2800506292  -0.0203690203  -0.0130907626  -0.0124230431  -0.0051754927
       -0.0047652911   0.0007876703   0.0013502479   0.0016933983   0.0006972844
        0.0002469020  -0.0000333634  -0.0001254658  -0.0001369109   0.0007203239
       -0.0000936427  -0.0000531950   0.0001246624  -0.0001719317   0.0000432139
       -0.0000316813  -0.0001581152   0.0000963586   0.0000270586   0.0000244646
        0.0002057535   0.0001000714  -0.0001502120  -0.0010217871  -0.0012488408
       -0.0000337159  -0.0000055872  -0.0000074779   0.0001726008  -0.0000844450
       -0.0001031206   0.0001367213  -0.0000004303  -0.0000063895  -0.0000407307
       -0.0000179143  -0.0000370176  -0.0000000789  -0.0000674979  -0.0000445691
       -0.0004942630   0.0000192530   0.0000762447  -0.0153963438  -0.0017944450
        0.0023431375   0.3248465291   0.0251275903   0.0161258241  -0.0173749154
        0.0020050159  -0.0012163829   0.0000054920   0.0001364351  -0.0001889979
       -0.0000320202  -0.0000321512  -0.0000342219  -0.0000207533  -0.0000130856
       -0.0000303416  -0.0000272226  -0.0000127466  -0.0000192742  -0.0000016194
       -0.0000963384  -0.0000439243   0.0000040542  -0.0002324732  -0.0002285514
       -0.0000053675   0.0000094250   0.0000079870  -0.0000090616  -0.0000327265
       -0.0000003112  -0.0000028734  -0.0000002331   0.0000224276  -0.0000159497
        0.0000115516  -0.0000197377  -0.0000456810  -0.0000548944  -0.0000428352
       -0.0000011807  -0.0000503722  -0.0000480433
       -0.0203722485  -0.0452582865   0.0001971485  -0.0212414411  -0.0042622435
       -0.0044711872  -0.0011011552   0.0012442370   0.0020056255   0.0000754242
       -0.0000856294  -0.0002150138   0.0002750287   0.0006057491  -0.0004393838
       -0.0001754082   0.0000303111  -0.0000751007   0.0000472905  -0.0000613224
        0.0000332759   0.0001830302   0.0000012869  -0.0000160586   0.0003276549
       -0.0003694556   0.0001244302  -0.0006827288  -0.0018396637  -0.0033663173
        0.0003128598  -0.0000968184  -0.0003083209   0.0000835921   0.0000721186
        0.0000718392   0.0001057426   0.0000047368   0.0000083427  -0.0000293077
        0.0000102884  -0.0000081087  -0.0000441333  -0.0002451191  -0.0000682517
       -0.0010511708  -0.0002054325  -0.0001426171  -0.0111597360  -0.0003738334
        0.0009913734   0.0251275903   0.0507419425   0.0032238393   0.0296226380
        0.0004142348   0.0019445258   0.0000491669  -0.0000925337   0.0002015866
       -0.0000822333  -0.0000844254   0.0000396646  -0.0000381525  -0.0000361619
        0.0000290855  -0.0000542584  -0.0000185294   0.0000092276  -0.0000486420
       -0.0001333177   0.0000603615   0.0000041966  -0.0000126953   0.0001626968
       -0.0000145585   0.0000114798   0.0000016397   0.0000081906  -0.0000044571
       -0.0000004250  -0.0000005340   0.0000023307   0.0000005870  -0.0000027561
        0.0000066587   0.0000035999  -0.0000811288  -0.0000380767  -0.0000208892
       -0.0000428122   0.0000726272   0.0000228244
       -0.0130267950  -0.0000665895  -0.0450194496  -0.0225188538  -0.0039306071
       -0.0028686189  -0.0005750503   0.0013239753   0.0017503551  -0.0003401963
       -0.0008025807  -0.0005523488   0.0005743644   0.0004560012  -0.0004740231
        0.0004508541   0.0000900444  -0.0000884493  -0.0000092478   0.0002027720
       -0.0000905907  -0.0002373893  -0.0001713243   0.0000577408   0.0005244168
       -0.0005150384   0.0002469199  -0.0005420446  -0.0033149576  -0.0022911611
        0.0004357235  -0.0003245325  -0.0001174327   0.0000747920   0.0000638038
        0.0000451286   0.0001150432   0.0000376102   0.0000035077  -0.0000350979
        0.0000093909   0.0000102186  -0.0000474659  -0.0001472357  -0.0002110288
       -0.0011463520  -0.0003022053  -0.0000217881   0.0289630278   0.0029287066
       -0.0004158371   0.0161258241   0.0032238393   0.0499199402  -0.0082403111
        0.0006173764   0.0003715652  -0.0001552151   0.0002226594  -0.0002957348
       -0.0000641265   0.0000034584   0.0000236847  -0.0000821211   0.0000316873
       -0.0000075706  -0.0000847512   0.0000455525  -0.0000272477  -0.0000633377
        0.0001187643  -0.0000408899   0.0000392760   0.0002021762   0.0000330494
       -0.0000200106  -0.0000016386   0.0000154888   0.0000078459   0.0000022120
        0.0000035648  -0.0000036745  -0.0000040446   0.0000065804   0.0000023878
       -0.0000010716  -0.0000110834  -0.0000865901  -0.0000348631  -0.0000277708
       -0.0000349246   0.0000366588   0.0000732814
       -0.0787788534   0.0827748498  -0.0223182399   0.0035312424  -0.0030450021
        0.0038411930   0.0000641917   0.0000336746  -0.0008035565   0.0000596031
       -0.0001165747   0.0003997971   0.0000160221   0.0002275008  -0.0003918698
       -0.0001610815  -0.0000238515   0.0000529685   0.0001107382  -0.0001155364
        0.0000714531   0.0001432023   0.0000196794  -0.0000779789   0.0000489225
        0.0000568270   0.0000975991  -0.0006815829   0.0001341311  -0.0007002280
       -0.0005580909  -0.0007805836  -0.0004260014  -0.0000639394  -0.0000612913
        0.0001515860   0.0000712510  -0.0001124267  -0.0000644927  -0.0000130689
        0.0000595363  -0.0000179395  -0.0002205539  -0.0000164354   0.0000989031
        0.0000818072   0.0002775486   0.0001321571   0.0048189157  -0.0093474666
        0.0031056016  -0.0173749154   0.0296226380  -0.0082403111   0.0904339139
       -0.0987807152   0.0244633168  -0.0000231152  -0.0000586037   0.0002417342
       -0.0000276396  -0.0000213993  -0.0000007739   0.0000263652  -0.0000155643
        0.0000144351   0.0000180345  -0.0000279313   0.0000088103  -0.0000081643
       -0.0000972631   0.0000277776  -0.0015129693  -0.0006851808   0.0002491375
       -0.0000077499   0.0000098219  -0.0000047621   0.0000157953   0.0000237302
        0.0000074831   0.0000005142  -0.0000084759  -0.0000015353  -0.0000102467
       -0.0000132007  -0.0000015975   0.0000051752   0.0000191726   0.0000274478
       -0.0000037233   0.0000683923   0.0000578856
        0.0854935893  -0.2311998714   0.0514653540   0.0089125121  -0.0226499665
        0.0001950526  -0.0006808788   0.0001180545  -0.0040075157  -0.0008295017
       -0.0010992352   0.0005898156   0.0000047413  -0.0000403914   0.0000480562
       -0.0000873507  -0.0000774135   0.0000993430  -0.0000135301   0.0000739522
       -0.0000416161  -0.0001923801  -0.0000240327  -0.0001006189   0.0003364633
        0.0000000803   0.0000997657  -0.0003478357   0.0004699323  -0.0007589826
        0.0003506146  -0.0002537617  -0.0004632159  -0.0001115742   0.0000074306
        0.0001144053   0.0001146269   0.0001598331   0.0001553436   0.0000161469
        0.0000531558   0.0000108078   0.0000983949   0.0000762938   0.0001311954
        0.0000392706   0.0001488184  -0.0000872255   0.0046574939  -0.0121430339
        0.0067138736   0.0020050159   0.0004142348   0.0006173764  -0.0987807152
        0.2652542851  -0.0552380305   0.0000543619   0.0001942420  -0.0001185401
       -0.0000199169   0.0000406053  -0.0000051921   0.0000328481   0.0000190973
       -0.0000050540   0.0000204026  -0.0000243323   0.0000108600  -0.0000362876
        0.0000293920  -0.0000192526  -0.0012021177   0.0002912331   0.0004769289
        0.0000551537   0.0000309560   0.0000223106   0.0000223915  -0.0000025087
        0.0000078892  -0.0000076727  -0.0000055204   0.0000090128  -0.0000030222
        0.0000099624  -0.0000050033   0.0000400988   0.0000153228   0.0000179672
        0.0000586572   0.0001131858   0.0000648893
       -0.0205879772   0.0457414931  -0.0479195404   0.0078526973  -0.0199000144
        0.0035732383  -0.0001063055  -0.0001693030  -0.0048115892  -0.0003771235
       -0.0008786290   0.0005049483  -0.0000142321  -0.0000099506   0.0000666692
       -0.0000963534  -0.0000092084   0.0000394655   0.0000399762   0.0000093564
       -0.0000052728  -0.0000452262  -0.0000586954  -0.0001017995   0.0002660503
        0.0000489473   0.0000621311  -0.0001980708   0.0001507361  -0.0003983538
       -0.0001417883   0.0001772247   0.0002829423  -0.0000453171  -0.0002097826
       -0.0000861392  -0.0000411980  -0.0000456565  -0.0000266218  -0.0000072142
        0.0000086898  -0.0000166651  -0.0000927010  -0.0000178906   0.0000390965
        0.0000789145   0.0000813491  -0.0001491108  -0.0104655139   0.0280950527
       -0.0090466293  -0.0012163829   0.0019445258   0.0003715652   0.0244633168
       -0.0552380305   0.0576364932   0.0001189265   0.0000317138  -0.0001105292
       -0.0000186883  -0.0000015195   0.0000009093  -0.0000104087   0.0000147017
        0.0000105856   0.0000064652   0.0000037105   0.0000030830  -0.0000241142
       -0.0000037616  -0.0000379789   0.0005560507   0.0002030246   0.0001144512
        0.0000460236   0.0000024372  -0.0000078590  -0.0000023501   0.0000151004
        0.0000004281   0.0000135137  -0.0000034423   0.0000015970  -0.0000042975
       -0.0000096661  -0.0000101670   0.0000282265   0.0000017213   0.0000165646
        0.0000251020   0.0000257660   0.0000040876
       -0.0000251513  -0.0001015916   0.0002436009   0.0000783577   0.0003193102
        0.0002259256   0.0017620398  -0.0010852283  -0.0000527248   0.0047325112
       -0.0055262903   0.0025151466  -0.1429804926   0.1123855562  -0.0502907527
       -0.0217492032   0.0218007367  -0.0096476636  -0.0055552121  -0.0011150925
        0.0013564112   0.0000259104  -0.0006227182   0.0002727570   0.0001099266
       -0.0016333119   0.0012451133  -0.0000088003   0.0000433720  -0.0000940228
       -0.0000332019   0.0000404512   0.0000371523  -0.0000046769   0.0000063172
        0.0000197321  -0.0000520898  -0.0000093917  -0.0000092651   0.0000133529
       -0.0000010525   0.0000140920  -0.0000015120  -0.0000143465  -0.0000075163
       -0.0000060386  -0.0000603387  -0.0000630946  -0.0000942882  -0.0000101095
       -0.0000145118   0.0000054920   0.0000491669  -0.0001552151  -0.0000231152
        0.0000543619   0.0001189265   0.1640084647  -0.1258371956   0.0551292850
        0.0007360762   0.0005600368  -0.0004513301  -0.0012285467   0.0011399081
       -0.0004769137  -0.0000016653  -0.0000427105  -0.0000972578   0.0002108607
       -0.0003871316   0.0001632694   0.0000049886   0.0000099902   0.0000063693
        0.0000189959   0.0000001444   0.0000010858   0.0000058668   0.0000057115
       -0.0000007808   0.0000048523   0.0000014515  -0.0000032793   0.0000058264
       -0.0000008592   0.0000074923   0.0000166733   0.0000125557   0.0000070345
        0.0000237985   0.0000182982   0.0000009347
       -0.0000065173   0.0003282253  -0.0001602452   0.0000789039  -0.0002428120
        0.0001656994   0.0016289122   0.0005192343  -0.0018376773   0.0145635480
       -0.0206890262   0.0101704082   0.1124095263  -0.1689563932   0.0624602144
        0.0003047796   0.0008097623  -0.0003633978  -0.0004227860   0.0027891595
        0.0026630622  -0.0008272380   0.0003167793  -0.0001933761  -0.0021521082
       -0.0026982015   0.0049505447  -0.0000477849  -0.0001004440  -0.0000256452
        0.0000489216   0.0000055935  -0.0000299216   0.0000459350  -0.0000185994
       -0.0000281565   0.0000568302  -0.0000029269   0.0000158936  -0.0000093462
        0.0000080801  -0.0000136557  -0.0000173268   0.0000245659   0.0000083481
       -0.0000149210   0.0000872031   0.0000333273   0.0001186642  -0.0000157057
       -0.0000808193   0.0001364351  -0.0000925337   0.0002226594  -0.0000586037
        0.0001942420   0.0000317138  -0.1258371956   0.1890118359  -0.0762889937
       -0.0007963471   0.0003217506  -0.0015207165  -0.0000444664   0.0000044484
        0.0000949362  -0.0000687408  -0.0003061849  -0.0007048561   0.0008869528
       -0.0012202715   0.0004187474  -0.0000050902   0.0000162106   0.0000192238
        0.0000029786   0.0000005574   0.0000048423  -0.0000003445  -0.0000059466
        0.0000068810   0.0000029903  -0.0000053228   0.0000107145  -0.0000102118
       -0.0000013513  -0.0000128366   0.0000081250  -0.0000142390  -0.0000027025
        0.0000255259  -0.0000676898  -0.0000142162
       -0.0000012395   0.0000098085  -0.0002487063   0.0004173622   0.0003768614
        0.0000426811  -0.0003512894  -0.0019727128  -0.0012987944  -0.0093655208
        0.0110227597  -0.0037078018  -0.0501280623   0.0634503816  -0.0612863385
        0.0015661609  -0.0019335134   0.0005823714   0.0010724928   0.0027660898
        0.0065842700   0.0002908673  -0.0002125034  -0.0001120995   0.0016368045
        0.0047226948   0.0047098774   0.0001393045  -0.0001462972   0.0000682708
       -0.0000072194   0.0000029880   0.0000285183  -0.0000083207  -0.0000001170
       -0.0000307373  -0.0000059116   0.0000076555   0.0000086061  -0.0000144562
       -0.0000045813  -0.0000035141  -0.0000028610  -0.0000123003  -0.0000189481
       -0.0000844156  -0.0000015566   0.0000116805  -0.0000835696  -0.0000671437
        0.0000187667  -0.0001889979   0.0002015866  -0.0002957348   0.0002417342
       -0.0001185401  -0.0001105292   0.0551292850  -0.0762889937   0.0588389259
        0.0001680984  -0.0016234921  -0.0020383514   0.0001261301   0.0000588190
        0.0002812391  -0.0000688804  -0.0006922152  -0.0013742987  -0.0004665075
        0.0004823331  -0.0005958385   0.0000204826  -0.0000188615  -0.0000383672
       -0.0000088091  -0.0000018914  -0.0000129700  -0.0000057683   0.0000030074
        0.0000022125   0.0000009885  -0.0000001206  -0.0000029212  -0.0000020922
       -0.0000064618  -0.0000113513  -0.0000132966  -0.0000138428  -0.0000005486
       -0.0000024930   0.0000101596   0.0000104310
        0.0000067723   0.0000194630   0.0002654090   0.0001386828  -0.0002730693
       -0.0002744293  -0.0007056843  -0.0011345864   0.0008850584  -0.0053859238
       -0.0001985468   0.0010178559  -0.0135614087  -0.0253156358   0.0131305550
       -0.0765389006  -0.0745866325   0.0392690672   0.0061506583   0.0146490853
       -0.0075652240  -0.0015191185   0.0031270844  -0.0010678867  -0.0003274511
        0.0004450995  -0.0002134261  -0.0001524216   0.0002032181  -0.0001148251
        0.0000154832  -0.0000502359  -0.0000641126  -0.0000298727  -0.0000622203
       -0.0000201221   0.0000491027   0.0000259708   0.0000299121  -0.0000455689
       -0.0000020902  -0.0000184029  -0.0000302208   0.0000235593   0.0000287266
       -0.0000392031   0.0000322272   0.0000526763   0.0000261996   0.0000180924
        0.0000259800  -0.0000320202  -0.0000822333  -0.0000641265  -0.0000276396
       -0.0000199169  -0.0000186883   0.0007360762  -0.0007963471   0.0001680984
        0.0902087254   0.0824396732  -0.0444825250   0.0008537038   0.0007059988
       -0.0004999864   0.0001997956   0.0008260945  -0.0004165219   0.0000043514
       -0.0000143995  -0.0000725755   0.0000101255   0.0000024233   0.0000018080
       -0.0000162643   0.0000011652   0.0000091751   0.0000001358  -0.0000069904
        0.0000023420  -0.0000029008  -0.0000050593   0.0000023860  -0.0000097001
        0.0000019220  -0.0000043597  -0.0000026948  -0.0000076732  -0.0000084816
        0.0000271814   0.0000345601   0.0000166435
       -0.0000137849   0.0001351972   0.0001447224   0.0003533226  -0.0002050702
       -0.0002413136  -0.0005273182  -0.0004158081   0.0002160468  -0.0004120538
        0.0028138799   0.0028202947  -0.0038150124  -0.0050040837   0.0030628870
       -0.0744361793  -0.2155137837   0.0937952863  -0.0071475956  -0.0207544120
        0.0111086969   0.0037120320  -0.0012529117   0.0042158514   0.0004191197
        0.0006745294  -0.0004717292  -0.0001337661   0.0000347256  -0.0000408055
        0.0000331966  -0.0000439007  -0.0000532404  -0.0000173882  -0.0000478681
       -0.0000408401   0.0000620865   0.0000192854   0.0000307902  -0.0000380242
        0.0000015926  -0.0000170406  -0.0000261577   0.0000326276   0.0000277460
       -0.0000266753   0.0000514326   0.0000582390   0.0000393660   0.0000051850
        0.0000239254  -0.0000321512  -0.0000844254   0.0000034584  -0.0000213993
        0.0000406053  -0.0000015195   0.0005600368   0.0003217506  -0.0016234921
        0.0824396732   0.2406860056  -0.1116695037  -0.0005631644   0.0000347716
       -0.0012490800  -0.0003612346  -0.0012168626   0.0005770237  -0.0000432901
       -0.0002951963  -0.0006976173   0.0000076158   0.0000049035   0.0000045554
       -0.0000151958  -0.0000001335   0.0000058769   0.0000008595  -0.0000034323
        0.0000076859   0.0000019356  -0.0000050090   0.0000147427  -0.0000107591
       -0.0000032157  -0.0000143721  -0.0000070026  -0.0000164174  -0.0000077258
        0.0000189084   0.0000060386   0.0000104507
        0.0000375344  -0.0000647179  -0.0000864043  -0.0003188460   0.0003086809
        0.0001835764   0.0003674929  -0.0001798003  -0.0002730194   0.0010527210
        0.0025571026   0.0068838413   0.0028688690   0.0044512269  -0.0015082938
        0.0391537387   0.0937336722  -0.0829281354   0.0031582577   0.0098918582
       -0.0043039777  -0.0012768138   0.0042838658   0.0058274166  -0.0003487686
       -0.0003185356  -0.0000311128   0.0001133562  -0.0000191674   0.0000091792
       -0.0000314200   0.0000188324   0.0000433389   0.0000269358   0.0000312705
        0.0000087382  -0.0000321095  -0.0000083506  -0.0000078883   0.0000135826
        0.0000021952   0.0000166528   0.0000259622  -0.0000148086  -0.0000233513
       -0.0000110924  -0.0000260504  -0.0000201802   0.0000014747   0.0000110097
       -0.0000205031  -0.0000342219   0.0000396646   0.0000236847  -0.0000007739
       -0.0000051921   0.0000009093  -0.0004513301  -0.0015207165  -0.0020383514
       -0.0444825250  -0.1116695037   0.0818995789   0.0000959966  -0.0013415122
       -0.0019125195   0.0001646049   0.0005440690  -0.0003247786  -0.0000862470
       -0.0007086330  -0.0014072862  -0.0000052845   0.0000024377  -0.0000099884
        0.0000050988  -0.0000014581  -0.0000098890  -0.0000033078   0.0000090721
        0.0000028917  -0.0000010347   0.0000036239  -0.0000016431   0.0000075393
       -0.0000055562  -0.0000032790   0.0000029008   0.0000011787   0.0000107182
       -0.0000122903  -0.0000057580   0.0000000754
       -0.0000555875   0.0001334513   0.0001683525   0.0005115224  -0.0001866882
       -0.0002985262  -0.0001623043   0.0000094089   0.0000186905   0.0010633048
        0.0002547702  -0.0001432606  -0.0015005518   0.0034835678  -0.0012704266
       -0.0226151720  -0.0008569700   0.0016626819  -0.2924811684  -0.0284195847
        0.0283974950  -0.0141055213  -0.0030293555   0.0022951275   0.0002646118
       -0.0022439554   0.0014571685  -0.0001256210  -0.0000304125   0.0000054511
        0.0000430366  -0.0000497130  -0.0000561797  -0.0000287789  -0.0000478162
       -0.0000424964   0.0000635788   0.0000253179   0.0000274464  -0.0000557399
       -0.0000040995  -0.0000206588  -0.0000306902   0.0000328696   0.0000307622
       -0.0000265728   0.0000505293   0.0000561577   0.0000013608  -0.0000187002
        0.0000437062  -0.0000207533  -0.0000381525  -0.0000821211   0.0000263652
        0.0000328481  -0.0000104087  -0.0012285467  -0.0000444664   0.0001261301
        0.0008537038  -0.0005631644   0.0000959966   0.3294459800   0.0311570011
       -0.0321728479   0.0009394127   0.0004442420  -0.0004194479  -0.0007820331
       -0.0001116976   0.0001144795   0.0000143283   0.0000037032   0.0000030567
       -0.0000136809   0.0000062107   0.0000073442   0.0000010865  -0.0000053276
        0.0000031652  -0.0000009214   0.0000013392   0.0000063297  -0.0000089230
        0.0000056597  -0.0000060982  -0.0000070654  -0.0000099505  -0.0000100072
        0.0000213400   0.0000191352   0.0000129379
        0.0000098598   0.0000799677   0.0000001540   0.0002312232  -0.0000668570
       -0.0000560984  -0.0001223098  -0.0002946682  -0.0006918269   0.0001504743
       -0.0003620416   0.0003604366   0.0031217019  -0.0011812408   0.0040816585
        0.0210526513   0.0017078577  -0.0020922079  -0.0284566203  -0.0448736796
        0.0080321838  -0.0250421925  -0.0039833410   0.0033356177  -0.0017707332
       -0.0025057695   0.0048999298  -0.0000129018  -0.0000360004   0.0000083583
        0.0000130609  -0.0000060368  -0.0000096455  -0.0000092527  -0.0000040172
       -0.0000183402   0.0000072963   0.0000033200   0.0000097581  -0.0000007221
        0.0000044416  -0.0000032821  -0.0000092277   0.0000125419   0.0000034659
       -0.0000099505   0.0000131835   0.0000095661   0.0000127790  -0.0000015941
       -0.0000072379  -0.0000130856  -0.0000361619   0.0000316873  -0.0000155643
        0.0000190973   0.0000147017   0.0011399081   0.0000044484   0.0000588190
        0.0007059988   0.0000347716  -0.0013415122   0.0311570011   0.0516438365
       -0.0156890733  -0.0008324550   0.0001159804  -0.0012743331  -0.0013133134
       -0.0002824752   0.0003294077   0.0000012497  -0.0000001274   0.0000027095
       -0.0000032812  -0.0000015767  -0.0000020869   0.0000006347   0.0000032801
        0.0000017314   0.0000023269   0.0000026747   0.0000049202  -0.0000032908
       -0.0000005424  -0.0000063910  -0.0000042228  -0.0000039888  -0.0000030353
        0.0000129576  -0.0000052828   0.0000099649
        0.0000248984   0.0000400207   0.0000029022   0.0003055600   0.0000613561
       -0.0000969684  -0.0001462902  -0.0009128242  -0.0012564269  -0.0003216023
        0.0006146803   0.0001719424  -0.0007653667   0.0040519565   0.0054311609
       -0.0093706038  -0.0006863394   0.0006903515   0.0283541157   0.0079492381
       -0.0373118044   0.0130001786   0.0020732959  -0.0018853278   0.0012018633
        0.0048395539   0.0048354673   0.0000392275  -0.0000957769   0.0000312461
        0.0000099517   0.0000019509   0.0000136793   0.0000015653   0.0000076758
       -0.0000124633  -0.0000006207   0.0000014952   0.0000023992  -0.0000001730
       -0.0000046829   0.0000054662   0.0000121949   0.0000014070  -0.0000119507
       -0.0000202818  -0.0000018057   0.0000081960  -0.0000138918  -0.0000083870
       -0.0000095357  -0.0000303416   0.0000290855  -0.0000075706   0.0000144351
       -0.0000050540   0.0000105856  -0.0004769137   0.0000949362   0.0002812391
       -0.0004999864  -0.0012490800  -0.0019125195  -0.0321728479  -0.0156890733
        0.0327641696   0.0002017224  -0.0013553326  -0.0018535401   0.0006579469
        0.0002430509   0.0001175129   0.0000013956  -0.0000051520   0.0000016001
        0.0000011493  -0.0000040761  -0.0000005066  -0.0000013102  -0.0000019815
       -0.0000029302  -0.0000044034   0.0000040059  -0.0000058231   0.0000017097
        0.0000017188   0.0000034829  -0.0000014514  -0.0000004921  -0.0000028611
       -0.0000018295   0.0000046299  -0.0000011728
       -0.0000399052   0.0001949779   0.0001153309   0.0000326484  -0.0002129737
       -0.0003106852  -0.0010314857   0.0014357809  -0.0003812322  -0.0053065497
       -0.0011379598   0.0009737534   0.0000380712  -0.0006874971   0.0003270322
        0.0003676803  -0.0017767159   0.0012851569   0.0057456531  -0.0060477526
        0.0026936979  -0.1414799328   0.1126280653  -0.0494344771  -0.0224361228
        0.0217791957  -0.0094313955  -0.0001573754  -0.0001409382   0.0002102622
        0.0000311633  -0.0000709597  -0.0000625464  -0.0000436353  -0.0000448383
       -0.0000701450   0.0000626589   0.0000323950   0.0000331275  -0.0000478735
       -0.0000071866  -0.0000205246  -0.0000410136   0.0000384984   0.0000276334
       -0.0000503583   0.0000506779   0.0000650231  -0.0000028224  -0.0000143280
        0.0000215174  -0.0000272226  -0.0000542584  -0.0000847512   0.0000180345
        0.0000204026   0.0000064652  -0.0000016653  -0.0000687408  -0.0000688804
        0.0001997956  -0.0003612346   0.0001646049   0.0009394127  -0.0008324550
        0.0002017224   0.1624627044  -0.1253061659   0.0541354576   0.0007627872
        0.0005663934  -0.0004172191   0.0000170203  -0.0000008808   0.0000051354
       -0.0000193392   0.0000055348   0.0000054414  -0.0000017823  -0.0000093273
        0.0000019168  -0.0000017957  -0.0000011175   0.0000066132  -0.0000098610
        0.0000032649  -0.0000074361  -0.0000103858  -0.0000126795  -0.0000134685
        0.0000314966   0.0000328227   0.0000228698
        0.0000363069  -0.0000595504  -0.0001039275  -0.0002988531   0.0000464340
        0.0002436275   0.0002382373   0.0000420443  -0.0001166105  -0.0007791414
        0.0027564052   0.0027472618  -0.0007280270   0.0002850855  -0.0002272879
       -0.0023118542  -0.0025562589   0.0051986722   0.0157269466  -0.0205755808
        0.0096210186   0.1125685384  -0.1717023217   0.0615529476   0.0003913262
        0.0009971415  -0.0001228717   0.0000660422   0.0000268861  -0.0000069452
       -0.0000275115   0.0000323800   0.0000331964   0.0000007978   0.0000324265
        0.0000247538  -0.0000509270  -0.0000170779  -0.0000128472   0.0000350431
        0.0000028796   0.0000113751   0.0000102285  -0.0000177178  -0.0000209497
        0.0000201619  -0.0000312330  -0.0000372898   0.0000102859   0.0000019778
       -0.0000391613  -0.0000127466  -0.0000185294   0.0000455525  -0.0000279313
       -0.0000243323   0.0000037105  -0.0000427105  -0.0003061849  -0.0006922152
        0.0008260945  -0.0012168626   0.0005440690   0.0004442420   0.0001159804
       -0.0013553326  -0.1253061659   0.1918748155  -0.0757617834  -0.0008037547
        0.0003221316  -0.0015243995  -0.0000048934  -0.0000097881   0.0000001674
        0.0000094823  -0.0000098622  -0.0000050600   0.0000018675   0.0000056194
       -0.0000038179   0.0000035363   0.0000030562  -0.0000041145   0.0000046015
       -0.0000006803   0.0000062564   0.0000013793   0.0000093471   0.0000026507
       -0.0000006015  -0.0000086301  -0.0000006456
        0.0000010074   0.0000380774   0.0000014241   0.0002191532  -0.0001264532
       -0.0001335367  -0.0003525859  -0.0000588329   0.0000905540   0.0012576777
        0.0031552753   0.0068384026   0.0003031823  -0.0003649684  -0.0000144831
        0.0015545904   0.0050989119   0.0051590985  -0.0080533943   0.0107531934
       -0.0040638353  -0.0493530216   0.0616231102  -0.0621131847   0.0010921701
       -0.0013539764   0.0012799799  -0.0000816620  -0.0000191233  -0.0000162036
        0.0000183278  -0.0000156377  -0.0000125006  -0.0000173319  -0.0000130399
       -0.0000091484   0.0000225314   0.0000058232   0.0000051410  -0.0000055106
       -0.0000073541  -0.0000014691  -0.0000067079   0.0000084708   0.0000100208
        0.0000066307   0.0000175440   0.0000245042   0.0000030895  -0.0000180896
        0.0000025391  -0.0000192742   0.0000092276  -0.0000272477   0.0000088103
        0.0000108600   0.0000030830  -0.0000972578  -0.0007048561  -0.0013742987
       -0.0004165219   0.0005770237  -0.0003247786  -0.0004194479  -0.0012743331
       -0.0018535401   0.0541354576  -0.0757617834   0.0586279908   0.0002045039
       -0.0015863514  -0.0021047144   0.0000065278  -0.0000044428   0.0000082794
       -0.0000011908  -0.0000004157   0.0000077278   0.0000008814  -0.0000101352
       -0.0000033985  -0.0000053970   0.0000074886  -0.0000064182  -0.0000028230
        0.0000092185   0.0000129292  -0.0000043808  -0.0000006182  -0.0000101493
        0.0000019664   0.0000061868  -0.0000027672
       -0.0000111180   0.0000635735  -0.0000256769   0.0000301889   0.0003939495
        0.0003290858   0.0015260211   0.0001242297  -0.0006117713   0.0061501150
        0.0144012835  -0.0073147752  -0.0018242867   0.0028617744  -0.0008835289
       -0.0003490144   0.0004207406  -0.0001811916  -0.0056512311  -0.0002389445
        0.0008658622  -0.0128943374  -0.0250857635   0.0131553556  -0.0784241037
       -0.0767550963   0.0402784512   0.0000682102  -0.0001098174   0.0000575419
       -0.0000310900   0.0000257954   0.0000453513   0.0000231899   0.0000248237
        0.0000013241  -0.0000334419  -0.0000159354  -0.0000190206   0.0000255817
       -0.0000068705   0.0000082940  -0.0000078972  -0.0000367864  -0.0000205710
       -0.0000560139  -0.0000204042   0.0000307592  -0.0000261172   0.0000012098
        0.0000051663  -0.0000016194  -0.0000486420  -0.0000633377  -0.0000081643
       -0.0000362876  -0.0000241142   0.0002108607   0.0008869528  -0.0004665075
        0.0000043514  -0.0000432901  -0.0000862470  -0.0007820331  -0.0013133134
        0.0006579469   0.0007627872  -0.0008037547   0.0002045039   0.0912360289
        0.0853364459  -0.0458667147   0.0000143739  -0.0000066620  -0.0000087175
        0.0000162772  -0.0000020647  -0.0000080632   0.0000008592  -0.0000018427
        0.0000002690   0.0000073733   0.0000018775  -0.0000003767   0.0000108944
       -0.0000049310   0.0000037543   0.0000107931  -0.0000040429   0.0000034086
        0.0000025622  -0.0000082070  -0.0000664605
        0.0000276716   0.0000149922   0.0000241184   0.0003530897  -0.0003043666
        0.0000682233  -0.0016667336   0.0007194854  -0.0016061853  -0.0065372574
       -0.0210125094   0.0112757117   0.0033252428  -0.0014331331   0.0039294078
        0.0007026997   0.0005526527  -0.0003954836  -0.0009475376   0.0028839926
        0.0025857775  -0.0035661419  -0.0051345692   0.0027174903  -0.0768439675
       -0.2160477104   0.0940934872  -0.0000725551   0.0000175354   0.0000154032
       -0.0000168657   0.0000244555   0.0000107761  -0.0000538761   0.0000174407
        0.0000160570  -0.0000628648   0.0000015255   0.0000184566   0.0000109463
        0.0000010477   0.0000094281  -0.0000005042  -0.0000003123  -0.0000077287
        0.0000154357  -0.0000399966  -0.0000799691   0.0000759434   0.0000213452
       -0.0000673825  -0.0000963384  -0.0001333177   0.0001187643  -0.0000972631
        0.0000293920  -0.0000037616  -0.0003871316  -0.0012202715   0.0004823331
       -0.0000143995  -0.0002951963  -0.0007086330  -0.0001116976  -0.0002824752
        0.0002430509   0.0005663934   0.0003221316  -0.0015863514   0.0853364459
        0.2412962269  -0.1112309753  -0.0000041865  -0.0000222975  -0.0000069685
        0.0000010139  -0.0000119972  -0.0000049739   0.0000026918   0.0000044705
        0.0000000602   0.0000030924  -0.0000000396  -0.0000048235   0.0000042863
       -0.0000045237   0.0000082475  -0.0000070487   0.0000016467   0.0000043647
        0.0000614164   0.0000343761   0.0000820783
        0.0000298827  -0.0000761029   0.0000700059   0.0006039327   0.0002837436
       -0.0000777826  -0.0004993663  -0.0021962877  -0.0017128727   0.0040020781
        0.0105583533  -0.0034991776  -0.0014273229   0.0040326750   0.0053586703
       -0.0000219377  -0.0004481474   0.0000326859   0.0010606687   0.0028620734
        0.0066681306   0.0022609342   0.0035354460  -0.0020511410   0.0400019114
        0.0942600676  -0.0807808290   0.0000793969  -0.0001082496  -0.0000182124
        0.0000380995  -0.0000230702  -0.0000192938   0.0000145330  -0.0000021014
       -0.0000200094   0.0000316997   0.0000008466  -0.0000110687   0.0000069378
       -0.0000128357  -0.0000057608   0.0000018620  -0.0000067035  -0.0000114122
       -0.0000532244   0.0000399874   0.0000961512   0.0000056022  -0.0000294222
        0.0000238815  -0.0000439243   0.0000603615  -0.0000408899   0.0000277776
       -0.0000192526  -0.0000379789   0.0001632694   0.0004187474  -0.0005958385
       -0.0000725755  -0.0006976173  -0.0014072862   0.0001144795   0.0003294077
        0.0001175129  -0.0004172191  -0.0015243995  -0.0021047144  -0.0458667147
       -0.1112309753   0.0800996267   0.0000128636  -0.0000061485   0.0000026782
        0.0000001344  -0.0000010426   0.0000023651  -0.0000014830  -0.0000147371
       -0.0000060967  -0.0000012928   0.0000041879  -0.0000094722  -0.0000032931
        0.0000092306   0.0000079302  -0.0000121297  -0.0000066582  -0.0000169072
       -0.0000355798   0.0000086237  -0.0000528940
       -0.0017249736  -0.0003046310  -0.0001721763   0.0009897603   0.0010596773
        0.0006264142   0.0001931282  -0.0002953805  -0.0003999684   0.0000409835
        0.0000140446   0.0000457298   0.0000148054  -0.0000204300  -0.0000468028
       -0.0000441064  -0.0000087951   0.0000044604  -0.0000030791  -0.0000174699
        0.0000079353  -0.0000024853   0.0000027147  -0.0000034417   0.0000020595
        0.0000272571  -0.0000267904   0.0047685079   0.0146754128   0.0129129941
       -0.0523082843  -0.0373796586  -0.0316895797  -0.0084535599  -0.0215236587
       -0.0187136655  -0.0050596930  -0.0019523293  -0.0001804762  -0.0003650538
       -0.0010602940  -0.0008849582  -0.0004470217   0.0001140092   0.0001405750
       -0.0029093580   0.0017769310   0.0029350570  -0.0017139653   0.0006390161
       -0.0011086966   0.0000040542   0.0000041966   0.0000392760  -0.0015129693
       -0.0012021177   0.0005560507   0.0000049886  -0.0000050902   0.0000204826
        0.0000101255   0.0000076158  -0.0000052845   0.0000143283   0.0000012497
        0.0000013956   0.0000170203  -0.0000048934   0.0000065278   0.0000143739
       -0.0000041865   0.0000128636   0.0679016486   0.0451464516   0.0362543706
        0.0006431003  -0.0005353475  -0.0009316353  -0.0003079189  -0.0000968171
       -0.0000856922   0.0001516884   0.0000153886  -0.0000473138  -0.0000411319
       -0.0000539936   0.0000203234  -0.0000390015   0.0000961932  -0.0001135664
        0.0001620290   0.0008849349   0.0008255918
       -0.0009030194   0.0006320464  -0.0001727461  -0.0004168734  -0.0013683367
        0.0009050764   0.0000653000   0.0000385922   0.0004064680  -0.0004350746
        0.0001022536  -0.0001158084   0.0000753735   0.0000231667  -0.0000187004
       -0.0000281079   0.0000076748  -0.0000064866   0.0000055127   0.0000163702
       -0.0000096493  -0.0000571467   0.0000117562   0.0000152114   0.0000161216
       -0.0000193460   0.0000351127  -0.0016891658  -0.0117888839  -0.0110758301
       -0.0376698851  -0.1789128455  -0.1283586585  -0.0039682625  -0.0074218059
       -0.0076797649  -0.0024655627   0.0040557810  -0.0038267005   0.0000320187
       -0.0005584387  -0.0002446133   0.0001126806   0.0003649281   0.0005614113
        0.0023071618   0.0023625941  -0.0048067251   0.0003118282   0.0000713621
        0.0004770287  -0.0002324732  -0.0000126953   0.0002021762  -0.0006851808
        0.0002912331   0.0002030246   0.0000099902   0.0000162106  -0.0000188615
        0.0000024233   0.0000049035   0.0000024377   0.0000037032  -0.0000001274
       -0.0000051520  -0.0000008808  -0.0000097881  -0.0000044428  -0.0000066620
       -0.0000222975  -0.0000061485   0.0451464516   0.1941624131   0.1513714619
        0.0007741365  -0.0007037670   0.0018965010  -0.0001002930  -0.0000767246
       -0.0000153032   0.0000242307   0.0000146979   0.0000244930   0.0000066862
        0.0000415891   0.0000235762   0.0000821341  -0.0007749460   0.0009171121
       -0.0003171651  -0.0005475699  -0.0006754998
       -0.0007922086  -0.0003190179   0.0005734280  -0.0010801209   0.0007443662
       -0.0016744333   0.0002290885   0.0004240233  -0.0000674561  -0.0004215504
       -0.0002937773   0.0001752885   0.0000101711   0.0000390034   0.0000082522
       -0.0000421787  -0.0000125175   0.0000070177   0.0000163080   0.0000239755
       -0.0000062833  -0.0000526880  -0.0000319129   0.0000056502   0.0001271004
       -0.0000116268   0.0000182171  -0.0015389648  -0.0129361801  -0.0113935817
       -0.0322023266  -0.1283208776  -0.1475287932  -0.0025254397  -0.0055452979
       -0.0033479078  -0.0005170816  -0.0038380757   0.0050393123  -0.0000758439
       -0.0000620273  -0.0002973306   0.0001835803   0.0005646486   0.0002500113
        0.0032653270  -0.0047711577   0.0024398950  -0.0006854509   0.0002025401
        0.0003260106  -0.0002285514   0.0001626968   0.0000330494   0.0002491375
        0.0004769289   0.0001144512   0.0000063693   0.0000192238  -0.0000383672
        0.0000018080   0.0000045554  -0.0000099884   0.0000030567   0.0000027095
        0.0000016001   0.0000051354   0.0000001674   0.0000082794  -0.0000087175
       -0.0000069685   0.0000026782   0.0362543706   0.1513714619   0.1578500923
        0.0002717321   0.0020673805  -0.0010263868  -0.0000678283   0.0000111117
       -0.0000486932   0.0000056549  -0.0000064183   0.0000150018  -0.0000305256
       -0.0000693474  -0.0000487854  -0.0001387873   0.0009164767  -0.0009045705
       -0.0002205757  -0.0008060670  -0.0004756575
       -0.0000938805  -0.0000606611  -0.0000683046  -0.0002782328   0.0009300302
        0.0009567212  -0.0007818545  -0.0001300553   0.0000018146   0.0001716071
        0.0000381770  -0.0000046186  -0.0001277043  -0.0000106741   0.0000361786
        0.0000294815  -0.0000010209   0.0000022686  -0.0000172528  -0.0000044091
        0.0000020594   0.0000335323   0.0000124443   0.0000006662  -0.0001336748
       -0.0000144030  -0.0000040546  -0.0049821020  -0.0027440865  -0.0009470046
       -0.0251923420   0.0128280009   0.0150206031  -0.1749123194   0.0831185853
        0.0949507413   0.0027316778  -0.0009417454  -0.0010211457   0.0009915680
       -0.0008666304  -0.0013929252   0.0006800600  -0.0013643711  -0.0003634661
        0.0002469242  -0.0004528080  -0.0004670126  -0.0000073468   0.0000448137
        0.0000652409  -0.0000053675  -0.0000145585  -0.0000200106  -0.0000077499
        0.0000551537   0.0000460236   0.0000189959   0.0000029786  -0.0000088091
       -0.0000162643  -0.0000151958   0.0000050988  -0.0000136809  -0.0000032812
        0.0000011493  -0.0000193392   0.0000094823  -0.0000011908   0.0000162772
        0.0000010139   0.0000001344   0.0006431003   0.0007741365   0.0002717321
        0.2009223406  -0.0908043906  -0.1066197330  -0.0001561656  -0.0000399376
        0.0000290793   0.0001615295  -0.0003215322  -0.0000707226  -0.0000224125
        0.0000239126  -0.0000419243   0.0001325695  -0.0001137435  -0.0002006411
       -0.0000119740   0.0000647751  -0.0001579478
       -0.0000001516   0.0000094540   0.0000142518  -0.0003286715   0.0001569748
       -0.0000274990   0.0000047955   0.0000301984   0.0000882806  -0.0001221711
       -0.0000568052   0.0000438075   0.0000214880  -0.0000015551  -0.0000232448
       -0.0000178661  -0.0000087082  -0.0000017309  -0.0000036081  -0.0000036391
       -0.0000026843  -0.0000167155   0.0000065743  -0.0000004989   0.0000404146
        0.0000013531   0.0000108760  -0.0021417180   0.0039814928  -0.0036826983
       -0.0046545021   0.0033145114   0.0032368384   0.0833156608  -0.0937056989
       -0.0652821714   0.0156963697  -0.0113358488  -0.0136833735   0.0014132451
       -0.0003259110   0.0013434021  -0.0016418245   0.0001134359  -0.0066961396
       -0.0005859641  -0.0001211037   0.0001448047   0.0000093907   0.0000034551
        0.0000301261   0.0000094250   0.0000114798  -0.0000016386   0.0000098219
        0.0000309560   0.0000024372   0.0000001444   0.0000005574  -0.0000018914
        0.0000011652  -0.0000001335  -0.0000014581   0.0000062107  -0.0000015767
       -0.0000040761   0.0000055348  -0.0000098622  -0.0000004157  -0.0000020647
       -0.0000119972  -0.0000010426  -0.0005353475  -0.0007037670   0.0020673805
       -0.0908043906   0.1004304170   0.0818713419  -0.0000581512   0.0001922277
        0.0001317937  -0.0009529803  -0.0005792396   0.0001152095   0.0003515810
        0.0000440931   0.0000908322   0.0009308994  -0.0007023872  -0.0006603623
        0.0000499800  -0.0007589473   0.0008795433
        0.0000086004   0.0000044180   0.0000200868  -0.0003454757  -0.0001817098
        0.0000874215   0.0001729844   0.0000640427  -0.0000416102  -0.0001806570
       -0.0000041058  -0.0000334471   0.0000520752   0.0000135485  -0.0000236421
       -0.0000215782  -0.0000015655   0.0000120045   0.0000037601   0.0000042833
        0.0000008145  -0.0000202258  -0.0000061200   0.0000089718   0.0000410550
       -0.0000009961   0.0000034516  -0.0001617154  -0.0035857358   0.0049136463
       -0.0012187875   0.0009833194   0.0014686672   0.0952129633  -0.0651587331
       -0.1063777161   0.0148409533  -0.0115019900  -0.0113864637   0.0003233009
        0.0019388538  -0.0007717686  -0.0007903063  -0.0066544149   0.0015104605
       -0.0005271271   0.0001760064   0.0000317623   0.0000098526   0.0000050080
        0.0000253660   0.0000079870   0.0000016397   0.0000154888  -0.0000047621
        0.0000223106  -0.0000078590   0.0000010858   0.0000048423  -0.0000129700
        0.0000091751   0.0000058769  -0.0000098890   0.0000073442  -0.0000020869
       -0.0000005066   0.0000054414  -0.0000050600   0.0000077278  -0.0000080632
       -0.0000049739   0.0000023651  -0.0009316353   0.0018965010  -0.0010263868
       -0.1066197330   0.0818713419   0.1130807430   0.0002282407   0.0003323039
        0.0001888670  -0.0004294929  -0.0004611640   0.0001719786  -0.0002716158
       -0.0000918494  -0.0002599279   0.0007654654  -0.0005380327  -0.0007259085
       -0.0001591094   0.0008742415  -0.0008717281
       -0.0000337792  -0.0000090255  -0.0000253995   0.0002438740  -0.0000177138
        0.0001376778  -0.0000799172   0.0000436519   0.0000332425   0.0000213713
        0.0000016860  -0.0000187329  -0.0000224031   0.0000041790   0.0000096094
        0.0000057270  -0.0000006023  -0.0000010044  -0.0000013647   0.0000056625
       -0.0000024582   0.0000019966   0.0000048336   0.0000001703  -0.0000211974
       -0.0000098670   0.0000089771   0.0000628052  -0.0002239210  -0.0001797973
       -0.0005711039  -0.0002239641  -0.0014537535  -0.0046902496  -0.0014802234
        0.0000068948  -0.0054201362  -0.0294040111  -0.0064499449  -0.0425568602
       -0.0130216039  -0.0001954373   0.0002360378  -0.0012236008  -0.0011994524
        0.0005126528   0.0003678940  -0.0002046964   0.0000016003  -0.0000078810
        0.0000165750  -0.0000090616   0.0000081906   0.0000078459   0.0000157953
        0.0000223915  -0.0000023501   0.0000058668  -0.0000003445  -0.0000057683
        0.0000001358   0.0000008595  -0.0000033078   0.0000010865   0.0000006347
       -0.0000013102  -0.0000017823   0.0000018675   0.0000008814   0.0000008592
        0.0000026918  -0.0000014830  -0.0003079189  -0.0001002930  -0.0000678283
       -0.0001561656  -0.0000581512   0.0002282407   0.0512231801   0.0160286334
        0.0030307893   0.0005800959   0.0171875376   0.0043457762   0.0013244700
        0.0118813439   0.0013109894  -0.0004785503   0.0001945089   0.0006690034
        0.0001129354   0.0000246363   0.0000060513
       -0.0000470004   0.0000147310  -0.0000091029   0.0002885564  -0.0000099122
        0.0001531654  -0.0001320123  -0.0000023242   0.0000397981   0.0000766567
        0.0000206778  -0.0000326702  -0.0000396083   0.0000061228   0.0000254542
        0.0000135937   0.0000098808   0.0000015054  -0.0000036197   0.0000093196
       -0.0000024523   0.0000123999   0.0000082283  -0.0000029733  -0.0000453255
       -0.0000163952  -0.0000042592  -0.0000123339   0.0002525642   0.0002439657
        0.0002070962   0.0001070692  -0.0006120508  -0.0020267752  -0.0005756335
       -0.0000193128  -0.0056105970  -0.0109931632  -0.0036050882  -0.0125779072
       -0.2739824293  -0.0460764296   0.0017947237   0.0007157654  -0.0002277049
       -0.0001139133  -0.0000054962  -0.0004942769   0.0000132519  -0.0000120621
       -0.0000060201  -0.0000327265  -0.0000044571   0.0000022120   0.0000237302
       -0.0000025087   0.0000151004   0.0000057115  -0.0000059466   0.0000030074
       -0.0000069904  -0.0000034323   0.0000090721  -0.0000053276   0.0000032801
       -0.0000019815  -0.0000093273   0.0000056194  -0.0000101352  -0.0000018427
        0.0000044705  -0.0000147371  -0.0000968171  -0.0000767246   0.0000111117
       -0.0000399376   0.0001922277   0.0003323039   0.0160286334   0.3164371057
        0.0542173485   0.0012536751  -0.0100978189  -0.0038176385   0.0012872802
       -0.0223451124  -0.0007340095  -0.0002973901   0.0002937768   0.0005793462
        0.0000941428   0.0000525773   0.0000374520
       -0.0000097282   0.0000129144   0.0000169998  -0.0002595971  -0.0000920089
        0.0000636708   0.0001252315  -0.0000269049  -0.0000472680  -0.0000651603
       -0.0000028712  -0.0000048083   0.0000135943  -0.0000093668  -0.0000280108
        0.0000004370   0.0000036016   0.0000124678   0.0000012372  -0.0000007616
       -0.0000026119  -0.0000027514   0.0000066178   0.0000133690   0.0000106691
       -0.0000030994  -0.0000104759   0.0003047107   0.0000473157   0.0000049343
       -0.0006160139  -0.0001632109  -0.0002644576  -0.0010122712  -0.0004282093
        0.0006059975  -0.0043076782  -0.0066725313  -0.0018507820   0.0007934786
       -0.0459518942  -0.0516821089   0.0011344245   0.0004665369   0.0004007146
       -0.0001307426   0.0000004236  -0.0003463843   0.0000073164  -0.0000153576
        0.0000055513  -0.0000003112  -0.0000004250   0.0000035648   0.0000074831
        0.0000078892   0.0000004281  -0.0000007808   0.0000068810   0.0000022125
        0.0000023420   0.0000076859   0.0000028917   0.0000031652   0.0000017314
       -0.0000029302   0.0000019168  -0.0000038179  -0.0000033985   0.0000002690
        0.0000000602  -0.0000060967  -0.0000856922  -0.0000153032  -0.0000486932
        0.0000290793   0.0001317937   0.0001888670   0.0030307893   0.0542173485
        0.0567099907   0.0007147869  -0.0277494274  -0.0071669089  -0.0001461522
        0.0262854390   0.0033919351   0.0004294943  -0.0000743212   0.0000376677
        0.0000264543   0.0000132718   0.0000036722
       -0.0000309175  -0.0000367430  -0.0000514747   0.0001861225  -0.0000036510
        0.0001926792  -0.0001053218  -0.0000698613  -0.0000792170   0.0001264487
        0.0000212608  -0.0000171437  -0.0000428507  -0.0000095525   0.0000108031
        0.0000088837   0.0000033618   0.0000007671  -0.0000079204  -0.0000001605
       -0.0000032106   0.0000132326   0.0000051675  -0.0000040511  -0.0000470778
       -0.0000026252  -0.0000138743   0.0001703480   0.0000465527   0.0000580634
        0.0001938457   0.0005451738  -0.0000724062   0.0006545718   0.0014951829
        0.0010079834  -0.0227321443   0.0053011596   0.0234894698  -0.1122836732
        0.0276268188   0.1074259498  -0.0052736265  -0.0023381077  -0.0005116680
       -0.0012336638   0.0010741572   0.0000812773  -0.0000112501   0.0000007806
       -0.0000124044  -0.0000028734  -0.0000005340  -0.0000036745   0.0000005142
       -0.0000076727   0.0000135137   0.0000048523   0.0000029903   0.0000009885
       -0.0000029008   0.0000019356  -0.0000010347  -0.0000009214   0.0000023269
       -0.0000044034  -0.0000017957   0.0000035363  -0.0000053970   0.0000073733
        0.0000030924  -0.0000012928   0.0001516884   0.0000242307   0.0000056549
        0.0001615295  -0.0009529803  -0.0004294929   0.0005800959   0.0012536751
        0.0007147869   0.1336007709  -0.0316936403  -0.1239333477   0.0061867211
       -0.0018429403  -0.0076669400   0.0000761344  -0.0003782053  -0.0001494126
       -0.0003461957  -0.0000747289  -0.0000414916
       -0.0000082898  -0.0000156086  -0.0000239803   0.0002677912   0.0000602190
        0.0000015653  -0.0001065293   0.0000341388   0.0000316679   0.0000561273
       -0.0000028927   0.0000008115  -0.0000192432  -0.0000026992   0.0000032218
        0.0000064073  -0.0000013403   0.0000018490  -0.0000080093  -0.0000008697
        0.0000048549   0.0000105541   0.0000149320   0.0000065326  -0.0000183757
       -0.0000000533   0.0000027083  -0.0001993943  -0.0000767095  -0.0000292357
        0.0002907512  -0.0000416934   0.0000242195  -0.0014120145   0.0003989634
        0.0005885343  -0.0015958978   0.0019342135   0.0057387013   0.0268106591
       -0.0561066519  -0.0430595596  -0.0013483923   0.0002124826  -0.0004506398
        0.0000843727   0.0004885019   0.0000580376  -0.0000079784   0.0000096988
       -0.0000025426  -0.0000002331   0.0000023307  -0.0000040446  -0.0000084759
       -0.0000055204  -0.0000034423   0.0000014515  -0.0000053228  -0.0000001206
       -0.0000050593  -0.0000050090   0.0000036239   0.0000013392   0.0000026747
        0.0000040059  -0.0000011175   0.0000030562   0.0000074886   0.0000018775
       -0.0000000396   0.0000041879   0.0000153886   0.0000146979  -0.0000064183
       -0.0003215322  -0.0005792396  -0.0004611640   0.0171875376  -0.0100978189
       -0.0277494274  -0.0316936403   0.0602018964   0.0504799125  -0.0077840395
        0.0036181381   0.0146768131  -0.0001539830   0.0000110133   0.0001123631
       -0.0000420517  -0.0000654884   0.0000394763
        0.0000343678   0.0000051761   0.0000209934  -0.0002113822   0.0000002582
       -0.0000614545   0.0001098969   0.0000283766   0.0000104351  -0.0000926394
       -0.0000257758  -0.0000005291   0.0000208926   0.0000023757  -0.0000274932
       -0.0000095077   0.0000031595   0.0000154729  -0.0000015512   0.0000027649
       -0.0000018183  -0.0000026715   0.0000051223   0.0000063221   0.0000294098
        0.0000042887  -0.0000123376  -0.0001283382   0.0002555745   0.0002939190
        0.0003239872  -0.0001726909  -0.0000034300  -0.0017304166  -0.0001459991
        0.0004521597   0.0009540601   0.0005779461   0.0027854729   0.1076669002
       -0.0428763269  -0.2011584177  -0.0001393113  -0.0002817108   0.0002175656
       -0.0004707226  -0.0001925694   0.0000000686  -0.0000017825  -0.0000134370
        0.0000183370   0.0000224276   0.0000005870   0.0000065804  -0.0000015353
        0.0000090128   0.0000015970  -0.0000032793   0.0000107145  -0.0000029212
        0.0000023860   0.0000147427  -0.0000016431   0.0000063297   0.0000049202
       -0.0000058231   0.0000066132  -0.0000041145  -0.0000064182  -0.0000003767
       -0.0000048235  -0.0000094722  -0.0000473138   0.0000244930   0.0000150018
       -0.0000707226   0.0001152095   0.0001719786   0.0043457762  -0.0038176385
       -0.0071669089  -0.1239333477   0.0504799125   0.2315193231   0.0135400842
       -0.0042031739  -0.0271624443  -0.0001645311   0.0001551283   0.0001395251
       -0.0000537017   0.0000384968  -0.0000536412
       -0.0000449374  -0.0000694448  -0.0000344754   0.0004725082   0.0003970526
       -0.0001676925  -0.0002111389  -0.0000102628   0.0000751680   0.0001440617
       -0.0000010162  -0.0000145941  -0.0000754233   0.0000096662   0.0000375456
        0.0000221491  -0.0000018421  -0.0000027043  -0.0000033144  -0.0000037148
        0.0000027820   0.0000201550   0.0000019449   0.0000053263  -0.0000650592
       -0.0000160777  -0.0000056641  -0.0001842639  -0.0002170665  -0.0002203965
       -0.0002705711  -0.0011602084   0.0010162507  -0.0013757457   0.0006076131
        0.0001725754  -0.0191606412   0.0117941759  -0.0243363082  -0.0699219686
        0.0464888357  -0.0690222078  -0.0012440219  -0.0009655937  -0.0006886774
        0.0001571206  -0.0008992006   0.0012153575   0.0000128414   0.0000054324
        0.0000110006  -0.0000159497  -0.0000027561   0.0000023878  -0.0000102467
       -0.0000030222  -0.0000042975   0.0000058264  -0.0000102118  -0.0000020922
       -0.0000097001  -0.0000107591   0.0000075393  -0.0000089230  -0.0000032908
        0.0000017097  -0.0000098610   0.0000046015  -0.0000028230   0.0000108944
        0.0000042863  -0.0000032931  -0.0000411319   0.0000066862  -0.0000305256
       -0.0000224125   0.0003515810  -0.0002716158   0.0013244700   0.0012872802
       -0.0001461522   0.0061867211  -0.0077840395   0.0135400842   0.0843583988
       -0.0502663042   0.0792258736  -0.0000389403   0.0004160508  -0.0002950129
       -0.0000008958   0.0000496047  -0.0000650683
       -0.0000011792  -0.0000157427  -0.0000142523  -0.0000259821   0.0000296876
       -0.0000516618   0.0000194116   0.0000096582   0.0000005486  -0.0000155472
       -0.0000122064   0.0000070627   0.0000090749  -0.0000005592  -0.0000044536
       -0.0000109660  -0.0000011296  -0.0000021555   0.0000004659   0.0000011245
        0.0000015272  -0.0000037890  -0.0000017091   0.0000010691   0.0000106677
        0.0000005827   0.0000028316  -0.0002047211   0.0001319215   0.0001627726
        0.0003365336  -0.0004774640   0.0001478314  -0.0013573136  -0.0008197619
       -0.0002443376  -0.0018082621   0.0049257284  -0.0052703388   0.0431074905
       -0.0998792653   0.0914069173   0.0002889957   0.0005224168  -0.0003375349
       -0.0002541774  -0.0002544688   0.0000274506   0.0000027155   0.0000099163
        0.0000028133   0.0000115516   0.0000066587  -0.0000010716  -0.0000132007
        0.0000099624  -0.0000096661  -0.0000008592  -0.0000013513  -0.0000064618
        0.0000019220  -0.0000032157  -0.0000055562   0.0000056597  -0.0000005424
        0.0000017188   0.0000032649  -0.0000006803   0.0000092185  -0.0000049310
       -0.0000045237   0.0000092306  -0.0000539936   0.0000415891  -0.0000693474
        0.0000239126   0.0000440931  -0.0000918494   0.0118813439  -0.0223451124
        0.0262854390  -0.0018429403   0.0036181381  -0.0042031739  -0.0502663042
        0.1146191829  -0.1076528589   0.0001906318  -0.0001186333  -0.0001011311
       -0.0000294752  -0.0000342942  -0.0000005807
       -0.0000352470  -0.0000038453  -0.0000056641   0.0001633206   0.0001536873
       -0.0000442238  -0.0000455006  -0.0000246404   0.0000068011   0.0000412851
       -0.0000089330  -0.0000104071  -0.0000465450  -0.0000039534  -0.0000016055
        0.0000135726   0.0000006720   0.0000067304   0.0000049690  -0.0000072708
        0.0000052824   0.0000188686  -0.0000002176   0.0000260572  -0.0000396734
       -0.0000089284  -0.0000118534   0.0000417956   0.0002498129   0.0002038887
        0.0002196933  -0.0003722657   0.0003558009  -0.0008676234  -0.0001082769
        0.0004830548  -0.0084367647   0.0011702392  -0.0043898310  -0.0649283385
        0.0931315279  -0.1847460356   0.0013605912  -0.0001101891  -0.0004808591
       -0.0003218526  -0.0005470151  -0.0000801085   0.0000080689   0.0000215364
       -0.0000127644  -0.0000197377   0.0000035999  -0.0000110834  -0.0000015975
       -0.0000050033  -0.0000101670   0.0000074923  -0.0000128366  -0.0000113513
       -0.0000043597  -0.0000143721  -0.0000032790  -0.0000060982  -0.0000063910
        0.0000034829  -0.0000074361   0.0000062564   0.0000129292   0.0000037543
        0.0000082475   0.0000079302   0.0000203234   0.0000235762  -0.0000487854
       -0.0000419243   0.0000908322  -0.0002599279   0.0013109894  -0.0007340095
        0.0033919351  -0.0076669400   0.0146768131  -0.0271624443   0.0792258736
       -0.1076528589   0.2128578112  -0.0000232646   0.0000988107  -0.0001128595
        0.0000523056  -0.0000146044   0.0000415464
       -0.0004637800  -0.0001331585  -0.0001427288   0.0000985910  -0.0009875708
       -0.0008825664   0.0000175489   0.0000216559   0.0000399892   0.0001402578
       -0.0000169052  -0.0000760979  -0.0000745066  -0.0000223227   0.0000498748
        0.0000168534   0.0000011581   0.0000050066  -0.0000155821   0.0000035019
        0.0000002812   0.0000017481   0.0000032083   0.0000069429  -0.0000762404
        0.0000019192   0.0000173270  -0.0051217658  -0.0020408950  -0.0000227250
       -0.0004913016   0.0001632340   0.0002046722  -0.0026930886   0.0017934859
        0.0029724651   0.0039617305   0.0148609560   0.0133577973   0.0008878828
        0.0011622662   0.0004774578  -0.0553177722  -0.0403406629  -0.0343663114
       -0.0089046289  -0.0215511202  -0.0189777499  -0.0000024466   0.0000141407
        0.0000435848  -0.0000456810  -0.0000811288  -0.0000865901   0.0000051752
        0.0000400988   0.0000282265   0.0000166733   0.0000081250  -0.0000132966
       -0.0000026948  -0.0000070026   0.0000029008  -0.0000070654  -0.0000042228
       -0.0000014514  -0.0000103858   0.0000013793  -0.0000043808   0.0000107931
       -0.0000070487  -0.0000121297  -0.0000390015   0.0000821341  -0.0001387873
        0.0001325695   0.0009308994   0.0007654654  -0.0004785503  -0.0002973901
        0.0004294943   0.0000761344  -0.0001539830  -0.0001645311  -0.0000389403
        0.0001906318  -0.0000232646   0.0676468064   0.0467732935   0.0374061343
        0.0007706675  -0.0004086768  -0.0008950092
       -0.0002279597  -0.0000971582   0.0000417280   0.0003520664  -0.0003294935
       -0.0004333601  -0.0000778260   0.0000479666   0.0000681680   0.0000818832
       -0.0000045751  -0.0000626071  -0.0000639965   0.0000131749   0.0000435067
        0.0000181831   0.0000127804  -0.0000032415   0.0000047100   0.0000099973
       -0.0000010867   0.0000206538  -0.0000009784   0.0000073237  -0.0000624020
       -0.0000145135   0.0000054895  -0.0025198128   0.0041197150  -0.0037327980
        0.0001887997   0.0004040667   0.0005188292   0.0021392137   0.0025353910
       -0.0049151507  -0.0023173684  -0.0121698629  -0.0120411572  -0.0006585360
       -0.0001908510   0.0019878780  -0.0404280145  -0.1749452691  -0.1245639260
       -0.0042071478  -0.0077149151  -0.0070725238   0.0000260003   0.0000202810
        0.0000236005  -0.0000548944  -0.0000380767  -0.0000348631   0.0000191726
        0.0000153228   0.0000017213   0.0000125557  -0.0000142390  -0.0000138428
       -0.0000076732  -0.0000164174   0.0000011787  -0.0000099505  -0.0000039888
       -0.0000004921  -0.0000126795   0.0000093471  -0.0000006182  -0.0000040429
        0.0000016467  -0.0000066582   0.0000961932  -0.0007749460   0.0009164767
       -0.0001137435  -0.0007023872  -0.0005380327   0.0001945089   0.0002937768
       -0.0000743212  -0.0003782053   0.0000110133   0.0001551283   0.0004160508
       -0.0001186333   0.0000988107   0.0467732935   0.1904147958   0.1477563533
        0.0008009682  -0.0007729703   0.0018684869
       -0.0001414684   0.0000833503  -0.0000556265   0.0004106906  -0.0002822722
       -0.0002207212  -0.0000955343   0.0000602919   0.0001049142   0.0000747756
       -0.0000148299  -0.0000226026  -0.0000633239  -0.0000099870   0.0000118447
        0.0000344797   0.0000043506   0.0000067763   0.0000004846   0.0000038382
       -0.0000054633   0.0000217363   0.0000079263   0.0000138430  -0.0000528626
       -0.0000103866  -0.0000004328  -0.0006816266  -0.0037439056   0.0051957545
        0.0003405416   0.0005013992   0.0002401948   0.0032499965  -0.0050299999
        0.0024910582  -0.0019794081  -0.0141190848  -0.0114267531  -0.0012997610
        0.0013000035  -0.0006579206  -0.0344512383  -0.1245398086  -0.1455658480
       -0.0029342121  -0.0048398163  -0.0036595900   0.0000183223  -0.0000160370
        0.0000075829  -0.0000428352  -0.0000208892  -0.0000277708   0.0000274478
        0.0000179672   0.0000165646   0.0000070345  -0.0000027025  -0.0000005486
       -0.0000084816  -0.0000077258   0.0000107182  -0.0000100072  -0.0000030353
       -0.0000028611  -0.0000134685   0.0000026507  -0.0000101493   0.0000034086
        0.0000043647  -0.0000169072  -0.0001135664   0.0009171121  -0.0009045705
       -0.0002006411  -0.0006603623  -0.0007259085   0.0006690034   0.0005793462
        0.0000376677  -0.0001494126   0.0001123631   0.0001395251  -0.0002950129
       -0.0001011311  -0.0001128595   0.0374061343   0.1477563533   0.1562248936
        0.0002688049   0.0020506569  -0.0010848044
       -0.0001103414   0.0002147742   0.0002618916   0.0004748460  -0.0002008257
       -0.0006076049  -0.0010128666  -0.0011577113  -0.0007933784  -0.0006767456
       -0.0000654642   0.0000962048   0.0000776235  -0.0000471002   0.0000141976
       -0.0000155682  -0.0000135802  -0.0000296137   0.0000117779   0.0000353933
       -0.0000178710  -0.0000952934  -0.0000114581   0.0000028962   0.0000497599
        0.0000024160   0.0000344388   0.0040552649  -0.0003997550  -0.0006670361
        0.0003696111  -0.0013940503  -0.0004917499   0.0001323520  -0.0004540474
       -0.0004846243  -0.0047147151  -0.0024526929  -0.0006117097  -0.0010324246
        0.0006429109   0.0007776932  -0.0234724871   0.0120444315   0.0143836540
       -0.1821451920   0.0862115562   0.0981904965   0.0000005158   0.0000333617
        0.0000808221  -0.0000011807  -0.0000428122  -0.0000349246  -0.0000037233
        0.0000586572   0.0000251020   0.0000237985   0.0000255259  -0.0000024930
        0.0000271814   0.0000189084  -0.0000122903   0.0000213400   0.0000129576
       -0.0000018295   0.0000314966  -0.0000006015   0.0000019664   0.0000025622
        0.0000614164  -0.0000355798   0.0001620290  -0.0003171651  -0.0002205757
       -0.0000119740   0.0000499800  -0.0001591094   0.0001129354   0.0000941428
        0.0000264543  -0.0003461957  -0.0000420517  -0.0000537017  -0.0000008958
       -0.0000294752   0.0000523056   0.0007706675   0.0008009682   0.0002688049
        0.2073158416  -0.0936786093  -0.1099928358
        0.0000470380   0.0002337822   0.0003279144   0.0015069447  -0.0014163725
        0.0007281897  -0.0000336580   0.0006901469   0.0007190506  -0.0014915844
       -0.0000530417   0.0000238303   0.0003063175   0.0002365219  -0.0001174738
       -0.0000835434   0.0000180667  -0.0000405784   0.0001087003   0.0000148289
       -0.0000086102  -0.0000617785  -0.0000611647   0.0000059628   0.0003094869
       -0.0001287004   0.0000302903   0.0158700436  -0.0110021741  -0.0135094643
       -0.0018102260  -0.0000571479  -0.0063708506  -0.0004568203  -0.0000392423
        0.0002433298  -0.0021324091   0.0039924239  -0.0040215716  -0.0002943531
        0.0000454850   0.0003276357  -0.0048626312   0.0037370091   0.0027092484
        0.0860199889  -0.0922194742  -0.0635336185   0.0000819189   0.0000298102
        0.0001070227  -0.0000503722   0.0000726272   0.0000366588   0.0000683923
        0.0001131858   0.0000257660   0.0000182982  -0.0000676898   0.0000101596
        0.0000345601   0.0000060386  -0.0000057580   0.0000191352  -0.0000052828
        0.0000046299   0.0000328227  -0.0000086301   0.0000061868  -0.0000082070
        0.0000343761   0.0000086237   0.0008849349  -0.0005475699  -0.0008060670
        0.0000647751  -0.0007589473   0.0008742415   0.0000246363   0.0000525773
        0.0000132718  -0.0000747289  -0.0000654884   0.0000384968   0.0000496047
       -0.0000342942  -0.0000146044  -0.0004086768  -0.0007729703   0.0020506569
       -0.0936786093   0.0979613108   0.0801374302
        0.0000586619   0.0001625380   0.0001914080   0.0013169481   0.0009400736
       -0.0019871981   0.0003288414   0.0010542523   0.0008249382  -0.0009781300
       -0.0003136150   0.0002934884   0.0001580022   0.0001610069  -0.0001468727
        0.0000151175  -0.0000044775  -0.0000466976   0.0000894094   0.0000550907
       -0.0000355910  -0.0000570419  -0.0000410194   0.0000140530   0.0003227296
       -0.0001584653   0.0000949649   0.0137111735  -0.0114311289  -0.0110285318
       -0.0006665630  -0.0064075075   0.0011264557  -0.0005602443   0.0001974438
        0.0000292923  -0.0002118422  -0.0038742333   0.0050640677  -0.0001946696
        0.0000929310  -0.0001752264  -0.0011219474   0.0006099953   0.0022098085
        0.0980489246  -0.0635215358  -0.1067648023   0.0000645719   0.0000169969
        0.0001015764  -0.0000480433   0.0000228244   0.0000732814   0.0000578856
        0.0000648893   0.0000040876   0.0000009347  -0.0000142162   0.0000104310
        0.0000166435   0.0000104507   0.0000000754   0.0000129379   0.0000099649
       -0.0000011728   0.0000228698  -0.0000006456  -0.0000027672  -0.0000664605
        0.0000820783  -0.0000528940   0.0008255918  -0.0006754998  -0.0004756575
       -0.0001579478   0.0008795433  -0.0008717281   0.0000060513   0.0000374520
        0.0000036722  -0.0000414916   0.0000394763  -0.0000536412  -0.0000650683
       -0.0000005807   0.0000415464  -0.0008950092   0.0018684869  -0.0010848044
       -0.1099928358   0.0801374302   0.1126444384
