B_t,modulation_frequency_hz,amplitude
0.0001,0,0.000166618068782
0.0001,8462.81654255,0.360238270629
0.0001,16925.6330851,0.121522267478
0.0001,25388.4496276,0.0136026950236
0.0001,33851.2661702,0.00477931981063
0.0001,42314.0827127,0.00294758468579
0.0001,50776.8992553,0.00106102797638
0.0001,59239.7157978,0.000743158769379
0.0001,67702.5323404,0.000890364993424
0.0001,76165.3488829,0.000412813456847
0.0001,84628.1654255,0.000291262273963
0.0001,93090.981968,0.000228672840863
0.0001,101553.798511,0.000176019844507
0.0001,110016.615053,0.000138481801584
0.0001,118479.431596,0.000110795315747
0.0001,126942.248138,8.9991460699e-05
0.0001,135405.064681,7.40506968669e-05
0.0001,143867.881223,6.16960528821e-05
0.0001,152330.697766,5.19179321105e-05
0.0001,160793.514308,4.40989676275e-05
0.0001,169256.330851,3.77707034656e-05
0.0001,177719.147394,3.25941804596e-05
0.0001,186181.963936,2.8319032547e-05
0.0001,194644.780479,2.47574238336e-05
0.0001,203107.597021,2.17665845643e-05
0.0001,211570.413564,1.9236688389e-05
0.0001,220033.230106,1.70823164733e-05
0.0001,228496.046649,1.52363577476e-05
0.0001,236958.863191,1.36455905113e-05
0.0001,245421.679734,1.22674416459e-05
0.0001,253884.496276,1.10675818792e-05
0.0001,262347.312819,1.00181221219e-05
0.0001,270810.129362,9.09624702725e-06
0.0001,279272.945904,8.28317007567e-06
0.0001,287735.762447,7.56332752003e-06
0.0001,296198.578989,6.92375148428e-06
0.0001,304661.395532,6.35357863654e-06
0.0001,313124.212074,5.84366232558e-06
0.0001,321587.028617,5.38626430263e-06
0.0001,330049.845159,4.97480811823e-06
0.0001,338512.661702,4.60368065353e-06
0.0001,346975.478245,4.26807146936e-06
0.0001,355438.294787,3.96384205659e-06
0.0001,363901.11133,3.68741886741e-06
0.0001,372363.927872,3.43570537343e-06
0.0001,380826.744415,3.2060094239e-06
0.0001,389289.560957,2.99598297518e-06
0.0001,397752.3775,2.8035718696e-06
0.0001,406215.194042,2.62697381911e-06
0.0001,414678.010585,2.46460311342e-06
0.0001,423140.827127,2.31506086885e-06
0.0001,431603.64367,2.17710985666e-06
0.0001,440066.460213,2.04965313156e-06
0.0001,448529.276755,1.93171583075e-06
0.0001,456992.093298,1.82242962029e-06
0.0001,465454.90984,1.72101936546e-06
0.0001,473917.726383,1.62679167318e-06
0.0001,482380.542925,1.53912501633e-06
0.0001,490843.359468,1.45746119674e-06
0.0001,499306.17601,1.38129794939e-06
0.0001,507768.992553,1.31018251538e-06
0.0001,516231.809096,1.24370604571e-06
0.0001,524694.625638,1.18149871653e-06
0.0001,533157.442181,1.12322545475e-06
0.0001,541620.258723,1.06858219086e-06
0.0001,550083.075266,1.01729256571e-06
0.0001,558545.891808,9.69105031842e-07
0.0001,567008.708351,9.23790294728e-07
0.0001,575471.524893,8.81139052633e-07
0.0001,583934.341436,8.40959993439e-07
0.0001,592397.157978,8.03078018656e-07
0.0001,600859.974521,7.67332664295e-07
0.0001,609322.791064,7.33576695194e-07
0.0001,617785.607606,7.01674851351e-07
0.0001,626248.424149,6.71502728256e-07
0.0001,634711.240691,6.42945775297e-07
0.0001,643174.057234,6.15898398221e-07
0.0001,651636.873776,5.90263153524e-07
0.0001,660099.690319,5.65950025134e-07
0.0001,668562.506861,5.42875773082e-07
0.0001,677025.323404,5.20963346418e-07
0.0001,685488.139946,5.00141353929e-07
0.0001,693950.956489,4.80343586195e-07
0.0001,702413.773032,4.61508581745e-07
0.0001,710876.589574,4.43579235975e-07
0.0001,719339.406117,4.26502445656e-07
0.0001,727802.222659,4.10228785662e-07
0.0001,736265.039202,3.94712216184e-07
0.0001,744727.855744,3.79909815371e-07
0.0001,753190.672287,3.65781536629e-07
0.0001,761653.488829,3.52289986438e-07
0.0001,770116.305372,3.39400222339e-07
0.0001,778579.121915,3.27079567289e-07
0.0001,787041.938457,3.1529744134e-07
0.0001,795504.755,3.04025205998e-07
0.0001,803967.571542,2.93236022483e-07
0.0001,812430.388085,2.82904721314e-07
0.0001,820893.204627,2.73007683106e-07
0.0001,829356.02117,2.63522727978e-07
0.0001,837818.837712,2.54429015041e-07
0.0001,846281.654255,2.45706948995e-07
0.0001,854744.470797,2.37338094355e-07
0.0001,863207.28734,2.29305096545e-07
0.0001,871670.103883,2.21591608559e-07
0.0001,880132.920425,2.1418222394e-07
0.0001,888595.736968,2.07062414379e-07
0.0001,897058.55351,2.00218471406e-07
0.0001,905521.370053,1.93637454255e-07
0.0001,913984.186595,1.87307139086e-07
0.0001,922447.003138,1.81215974172e-07
0.0001,930909.81968,1.7535303686e-07
0.0001,939372.636223,1.69707994285e-07
0.0001,947835.452766,1.64271066092e-07
0.0001,956298.269308,1.59032991689e-07
0.0001,964761.085851,1.53984997066e-07
0.0001,973223.902393,1.49118765939e-07
0.0001,981686.718936,1.4442641249e-07
0.0001,990149.535478,1.39900455153e-07
0.0001,998612.352021,1.35533793086e-07
0.0001,1007075.16856,1.31319683795e-07
0.0001,1015537.98511,1.27251722184e-07
0.0001,1024000.80165,1.23323821445e-07
0.0001,1032463.61819,1.19530194258e-07
0.0001,1040926.43473,1.15865336408e-07
0.0001,1049389.25128,1.12324010641e-07
0.0001,1057852.06782,1.08901231424e-07
0.0001,1066314.88436,1.05592251583e-07
0.0001,1074777.7009,1.02392548909e-07
0.0001,1083240.51745,9.92978136468e-08
0.0001,1091703.33399,9.63039374438e-08
0.0001,1100166.15053,9.34070022733e-08
0.0001,1108628.96707,9.0603270367e-08
0.0001,1117091.78362,8.78891747013e-08
0.0001,1125554.60016,8.52613095912e-08
0.0001,1134017.4167,8.27164234679e-08
0.0001,1142480.23324,8.02514091599e-08
0.0001,1150943.04979,7.78632980299e-08
0.0001,1159405.86633,7.55492521822e-08
0.0001,1167868.68287,7.33065577616e-08
0.0001,1176331.49941,7.11326192485e-08
0.0001,1184794.31596,6.90249526087e-08
0.0001,1193257.1325,6.69811811727e-08
0.0001,1201719.94904,6.49990288367e-08
0.0001,1210182.76558,6.3076316144e-08
0.0001,1218645.58213,6.12109553996e-08
0.0001,1227108.39867,5.94009459349e-08
0.0001,1235571.21521,5.76443702638e-08
0.0001,1244034.03175,5.59393899637e-08
0.0001,1252496.8483,5.42842419707e-08
0.0001,1260959.66484,5.2677235113e-08
0.0001,1269422.48138,5.1116746735e-08
0.0001,1277885.29792,4.96012193358e-08
0.0001,1286348.11447,4.81291578966e-08
0.0001,1294810.93101,4.66991268158e-08
0.0001,1303273.74755,4.53097470709e-08
0.0001,1311736.5641,4.39596941991e-08
0.0001,1320199.38064,4.26476951855e-08
0.0001,1328662.19718,4.13725265946e-08
0.0001,1337125.01372,4.01330122702e-08
0.0001,1345587.83027,3.89280214562e-08
0.0001,1354050.64681,3.77564660979e-08
0.0001,1362513.46335,3.6617300029e-08
0.0001,1370976.27989,3.55095163752e-08
0.0001,1379439.09644,3.44321461941e-08
0.0001,1387901.91298,3.33842568245e-08
0.0001,1396364.72952,3.23649501945e-08
0.0001,1404827.54606,3.13733617601e-08
0.0001,1413290.36261,3.04086584845e-08
0.0001,1421753.17915,2.94700383378e-08
0.0001,1430215.99569,2.85567279713e-08
0.0001,1438678.81223,2.76679828092e-08
0.0001,1447141.62878,2.68030847133e-08
0.0001,1455604.44532,2.59613415561e-08
0.0001,1464067.26186,2.5142086116e-08
0.0001,1472530.0784,2.43446746867e-08
0.0001,1480992.89495,2.35684869612e-08
0.0001,1489455.71149,2.28129240145e-08
0.0001,1497918.52803,2.20774084457e-08
0.0001,1506381.34457,2.13613828932e-08
0.0001,1514844.16112,2.06643096868e-08
0.0001,1523306.97766,1.99856697066e-08
0.0001,1531769.7942,1.93249619787e-08
0.0001,1540232.61074,1.86817029502e-08
0.0001,1548695.42729,1.80554254787e-08
0.0001,1557158.24383,1.7445678886e-08
0.0001,1565621.06037,1.68520274928e-08
0.0001,1574083.87691,1.62740509331e-08
0.0001,1582546.69346,1.57113430491e-08
0.0001,1591009.51,1.51635111988e-08
0.0001,1599472.32654,1.46301766712e-08
0.0001,1607935.14308,1.41109729321e-08
0.0001,1616397.95963,1.36055463063e-08
0.0001,1624860.77617,1.31135548776e-08
0.0001,1633323.59271,1.26346683025e-08
0.0001,1641786.40925,1.21685672431e-08
0.0001,1650249.2258,1.17149431415e-08
0.0001,1658712.04234,1.12734979099e-08
0.0001,1667174.85888,1.08439433488e-08
0.0001,1675637.67542,1.04260009704e-08
0.0001,1684100.49197,1.00194014435e-08
0.0001,1692563.30851,9.62388492857e-09
0.0001,1701026.12505,9.23919982143e-09
0.0001,1709488.94159,8.86510315435e-09
0.0001,1717951.75814,8.50136013408e-09
0.0001,1726414.57468,8.14774398663e-09
0.0001,1734877.39122,7.80403517293e-09
0.0001,1743340.20777,7.47002229658e-09
0.0001,1751803.02431,7.14550028144e-09
0.0001,1760265.84085,6.83027153264e-09
0.0001,1768728.65739,6.52414515094e-09
0.0001,1777191.47394,6.22693655676e-09
0.0001,1785654.29048,5.9384677171e-09
0.0001,1794117.10702,5.65856664469e-09
0.0001,1802579.92356,5.38706730977e-09
0.0001,1811042.74011,5.12380932123e-09
0.0001,1819505.55665,4.8686383971e-09
0.0001,1827968.37319,4.62140500507e-09
0.0001,1836431.18973,4.3819655146e-09
0.0001,1844894.00628,4.15018112103e-09
0.0001,1853356.82282,3.92591810366e-09
0.0001,1861819.63936,3.70904772077e-09
0.0001,1870282.4559,3.49944558747e-09
0.0001,1878745.27245,3.29699251373e-09
0.0001,1887208.08899,3.10157321712e-09
0.0001,1895670.90553,2.91307705775e-09
0.0001,1904133.72207,2.73139751367e-09
0.0001,1912596.53862,2.55643221329e-09
0.0001,1921059.35516,2.38808289527e-09
0.0001,1929522.1717,2.22625483361e-09
0.0001,1937984.98824,2.07085726442e-09
0.0001,1946447.80479,1.92180305097e-09
0.0001,1954910.62133,1.77900848158e-09
0.0001,1963373.43787,1.64239322497e-09
0.0001,1971836.25441,1.5118800243e-09
0.0001,1980299.07096,1.38739458745e-09
0.0001,1988761.8875,1.26886583573e-09
0.0001,1997224.70404,1.15622468275e-09
0.0001,2005687.52058,1.04940460211e-09
0.0001,2014150.33713,9.48341017021e-10
0.0001,2022613.15367,8.52970639555e-10
0.0001,2031075.97021,7.63231020476e-10
0.0001,2039538.78675,6.79060039829e-10
0.0001,2048001.6033,6.00394043191e-10
0.0001,2056464.41984,5.27167270653e-10
0.0001,2064927.23638,4.59309691967e-10
0.0001,2073390.05292,3.96743606998e-10
0.0001,2081852.86947,3.39380677785e-10
0.0001,2090315.68601,2.87116478676e-10
0.0001,2098778.50255,2.39823104871e-10
0.0001,2107241.31909,1.97340058306e-10
0.0001,2115704.13564,1.59462574654e-10
0.0001,2124166.95218,1.25929546005e-10
0.0001,2132629.76872,9.64182752161e-11
0.0001,2141092.58526,7.0570483808e-11
0.0001,2149555.40181,4.81466748458e-11
0.0001,2158018.21835,2.98166635599e-11
0.0001,2166481.03489,2.09923327362e-11
0.000888800983492,0,0.100069182191
0.000888800983492,8462.81654255,0.0537021436722
0.000888800983492,16925.6330851,0.00767708360115
0.000888800983492,25388.4496276,0.0131414089951
0.000888800983492,33851.2661702,0.00982147074033
0.000888800983492,42314.0827127,0.0111444394418
0.000888800983492,50776.8992553,0.0142578709421
0.000888800983492,59239.7157978,0.0112398973026
0.000888800983492,67702.5323404,0.0129763813138
0.000888800983492,76165.3488829,0.0101559528187
0.000888800983492,84628.1654255,0.00650597395794
0.000888800983492,93090.981968,0.00684469542853
0.000888800983492,101553.798511,0.00382197346294
0.000888800983492,110016.615053,0.00302562988116
0.000888800983492,118479.431596,0.00254435543643
0.000888800983492,126942.248138,0.000521571467696
0.000888800983492,135405.064681,0.00111182239377
0.000888800983492,143867.881223,0.000462821397489
0.000888800983492,152330.697766,0.000662381994108
0.000888800983492,160793.514308,0.000974413048041
0.000888800983492,169256.330851,0.00100344430493
0.000888800983492,177719.147394,0.00163096138343
0.000888800983492,186181.963936,0.00237292013654
0.000888800983492,194644.780479,0.00216063709161
0.000888800983492,203107.597021,0.00216750024829
0.000888800983492,211570.413564,0.00209049548728
0.000888800983492,220033.230106,0.00158018355314
0.000888800983492,228496.046649,0.00156418790527
0.000888800983492,236958.863191,0.00142433431982
0.000888800983492,245421.679734,0.00108313178542
0.000888800983492,253884.496276,0.00099421173755
0.000888800983492,262347.312819,0.000666027314665
0.000888800983492,270810.129362,0.00042428007237
0.000888800983492,279272.945904,0.000405962557486
0.000888800983492,287735.762447,0.000283772654351
0.000888800983492,296198.578989,0.000173679080811
0.000888800983492,304661.395532,0.000162648255041
0.000888800983492,313124.212074,0.00012697066448
0.000888800983492,321587.028617,7.17843278559e-05
0.000888800983492,330049.845159,6.60779005942e-05
0.000888800983492,338512.661702,5.44170684807e-05
0.000888800983492,346975.478245,1.56550854935e-05
0.000888800983492,355438.294787,1.98536350631e-05
0.000888800983492,363901.11133,2.37490259885e-06
0.000888800983492,372363.927872,1.81529602804e-05
0.000888800983492,380826.744415,5.69037266855e-06
0.000888800983492,389289.560957,1.38826106428e-05
0.000888800983492,397752.3775,9.91496920849e-06
0.000888800983492,406215.194042,6.80800759148e-06
0.000888800983492,414678.010585,1.01880098534e-05
0.000888800983492,423140.827127,6.27707186004e-06
0.000888800983492,431603.64367,7.69595921356e-06
0.000888800983492,440066.460213,3.55566500568e-06
0.000888800983492,448529.276755,5.09664547689e-06
0.000888800983492,456992.093298,2.62867215967e-06
0.000888800983492,465454.90984,2.07368636171e-06
0.000888800983492,473917.726383,3.4647627652e-06
0.000888800983492,482380.542925,9.02152972358e-07
0.000888800983492,490843.359468,2.22769728579e-06
0.000888800983492,499306.17601,1.92930538354e-06
0.000888800983492,507768.992553,1.21344522193e-06
0.000888800983492,516231.809096,1.72473042772e-06
0.000888800983492,524694.625638,1.15153642166e-06
0.000888800983492,533157.442181,1.26068526859e-06
0.000888800983492,541620.258723,1.21083681428e-06
0.000888800983492,550083.075266,1.07912953514e-06
0.000888800983492,558545.891808,1.06920662953e-06
0.000888800983492,567008.708351,1.03969652758e-06
0.000888800983492,575471.524893,9.8366316863e-07
0.000888800983492,583934.341436,9.482621455e-07
0.000888800983492,592397.157978,9.1825105353e-07
0.000888800983492,600859.974521,8.68266704511e-07
0.000888800983492,609322.791064,8.40478331966e-07
0.000888800983492,617785.607606,8.04010677217e-07
0.000888800983492,626248.424149,7.69762659791e-07
0.000888800983492,634711.240691,7.38762827381e-07
0.000888800983492,643174.057234,7.08530846927e-07
0.000888800983492,651636.873776,6.81008431071e-07
0.000888800983492,660099.690319,6.5513443988e-07
0.000888800983492,668562.506861,6.30169528595e-07
0.000888800983492,677025.323404,6.06353046099e-07
0.000888800983492,685488.139946,5.8418436309e-07
0.000888800983492,693950.956489,5.62639639194e-07
0.000888800983492,702413.773032,5.42125271779e-07
0.000888800983492,710876.589574,5.22717713489e-07
0.000888800983492,719339.406117,5.04094058914e-07
0.000888800983492,727802.222659,4.86317539875e-07
0.000888800983492,736265.039202,4.69397251489e-07
0.000888800983492,744727.855744,4.53224584162e-07
0.000888800983492,753190.672287,4.37759872016e-07
0.000888800983492,761653.488829,4.22989616372e-07
0.000888800983492,770116.305372,4.08856212141e-07
0.000888800983492,778579.121915,3.95325330735e-07
0.000888800983492,787041.938457,3.8237490506e-07
0.000888800983492,795504.755,3.69968048891e-07
0.000888800983492,803967.571542,3.58075887056e-07
0.000888800983492,812430.388085,3.46675489464e-07
0.000888800983492,820893.204627,3.35740388781e-07
0.000888800983492,829356.02117,3.25246432528e-07
0.000888800983492,837818.837712,3.15172591567e-07
0.000888800983492,846281.654255,3.054978778e-07
0.000888800983492,854744.470797,2.96202442381e-07
0.000888800983492,863207.28734,2.87268127906e-07
0.000888800983492,871670.103883,2.78677579345e-07
0.000888800983492,880132.920425,2.70414347571e-07
0.000888800983492,888595.736968,2.62463041593e-07
0.000888800983492,897058.55351,2.54809093608e-07
0.000888800983492,905521.370053,2.47438711189e-07
0.000888800983492,913984.186595,2.40338884397e-07
0.000888800983492,922447.003138,2.33497307559e-07
0.000888800983492,930909.81968,2.26902329749e-07
0.000888800983492,939372.636223,2.20542926388e-07
0.000888800983492,947835.452766,2.14408656677e-07
0.000888800983492,956298.269308,2.08489625839e-07
0.000888800983492,964761.085851,2.02776454314e-07
0.000888800983492,973223.902393,1.97260246375e-07
0.000888800983492,981686.718936,1.91932560894e-07
0.000888800983492,990149.535478,1.86785384783e-07
0.000888800983492,998612.352021,1.81811107916e-07
0.000888800983492,1007075.16856,1.77002499667e-07
0.000888800983492,1015537.98511,1.7235268703e-07
0.000888800983492,1024000.80165,1.67855134198e-07
0.000888800983492,1032463.61819,1.6350362346e-07
0.000888800983492,1040926.43473,1.5929223722e-07
0.000888800983492,1049389.25128,1.55215341345e-07
0.000888800983492,1057852.06782,1.51267569356e-07
0.000888800983492,1066314.88436,1.47443807806e-07
0.000888800983492,1074777.7009,1.43739182402e-07
0.000888800983492,1083240.51745,1.40149045102e-07
0.000888800983492,1091703.33399,1.36668961933e-07
0.000888800983492,1100166.15053,1.3329470158e-07
0.000888800983492,1108628.96707,1.30022224659e-07
0.000888800983492,1117091.78362,1.26847673629e-07
0.000888800983492,1125554.60016,1.23767363295e-07
0.000888800983492,1134017.4167,1.20777771896e-07
0.000888800983492,1142480.23324,1.17875532694e-07
0.000888800983492,1150943.04979,1.15057426051e-07
0.000888800983492,1159405.86633,1.12320371995e-07
0.000888800983492,1167868.68287,1.0966142315e-07
0.000888800983492,1176331.49941,1.07077758163e-07
0.000888800983492,1184794.31596,1.04566675369e-07
0.000888800983492,1193257.1325,1.02125587001e-07
0.000888800983492,1201719.94904,9.97520134713e-08
0.000888800983492,1210182.76558,9.74435782595e-08
0.000888800983492,1218645.58213,9.51980028075e-08
0.000888800983492,1227108.39867,9.30131018923e-08
0.000888800983492,1235571.21521,9.08867791601e-08
0.000888800983492,1244034.03175,8.88170228877e-08
0.000888800983492,1252496.8483,8.68019020553e-08
0.000888800983492,1260959.66484,8.48395625165e-08
0.000888800983492,1269422.48138,8.29282234589e-08
0.000888800983492,1277885.29792,8.10661740326e-08
0.000888800983492,1286348.11447,7.92517700765e-08
0.000888800983492,1294810.93101,7.74834311819e-08
0.000888800983492,1303273.74755,7.57596376885e-08
0.000888800983492,1311736.5641,7.40789280431e-08
0.000888800983492,1320199.38064,7.24398961503e-08
0.000888800983492,1328662.19718,7.08411889105e-08
0.000888800983492,1337125.01372,6.92815038937e-08
0.000888800983492,1345587.83027,6.77595870935e-08
0.000888800983492,1354050.64681,6.62742308198e-08
0.000888800983492,1362513.46335,6.48242716927e-08
0.000888800983492,1370976.27989,6.34085887075e-08
0.000888800983492,1379439.09644,6.20261014355e-08
0.000888800983492,1387901.91298,6.06757682858e-08
0.000888800983492,1396364.72952,5.93565848397e-08
0.000888800983492,1404827.54606,5.80675823096e-08
0.000888800983492,1413290.36261,5.68078260135e-08
0.000888800983492,1421753.17915,5.55764139614e-08
0.000888800983492,1430215.99569,5.43724755055e-08
0.000888800983492,1438678.81223,5.31951700226e-08
0.000888800983492,1447141.62878,5.20436856962e-08
0.000888800983492,1455604.44532,5.091723834e-08
0.000888800983492,1464067.26186,4.98150702428e-08
0.000888800983492,1472530.0784,4.87364491437e-08
0.000888800983492,1480992.89495,4.7680667158e-08
0.000888800983492,1489455.71149,4.6647039824e-08
0.000888800983492,1497918.52803,4.5634905181e-08
0.000888800983492,1506381.34457,4.4643622816e-08
0.000888800983492,1514844.16112,4.36725730983e-08
0.000888800983492,1523306.97766,4.2721156273e-08
0.000888800983492,1531769.7942,4.17887917411e-08
0.000888800983492,1540232.61074,4.08749172907e-08
0.000888800983492,1548695.42729,3.99789883571e-08
0.000888800983492,1557158.24383,3.91004774044e-08
0.000888800983492,1565621.06037,3.8238873174e-08
0.000888800983492,1574083.87691,3.73936801527e-08
0.000888800983492,1582546.69346,3.65644179053e-08
0.000888800983492,1591009.51,3.57506205077e-08
0.000888800983492,1599472.32654,3.49518360516e-08
0.000888800983492,1607935.14308,3.41676259951e-08
0.000888800983492,1616397.95963,3.33975648056e-08
0.000888800983492,1624860.77617,3.26412393319e-08
0.000888800983492,1633323.59271,3.189824842e-08
0.000888800983492,1641786.40925,3.11682024708e-08
0.000888800983492,1650249.2258,3.04507228898e-08
0.000888800983492,1658712.04234,2.9745441898e-08
0.000888800983492,1667174.85888,2.90520018431e-08
0.000888800983492,1675637.67542,2.83700551082e-08
0.000888800983492,1684100.49197,2.76992635068e-08
0.000888800983492,1692563.30851,2.70392980831e-08
0.000888800983492,1701026.12505,2.63898387045e-08
0.000888800983492,1709488.94159,2.57505737278e-08
0.000888800983492,1717951.75814,2.51211997423e-08
0.000888800983492,1726414.57468,2.45014211775e-08
0.000888800983492,1734877.39122,2.38909501195e-08
0.000888800983492,1743340.20777,2.3289505901e-08
0.000888800983492,1751803.02431,2.26968149751e-08
0.000888800983492,1760265.84085,2.21126105115e-08
0.000888800983492,1768728.65739,2.15366322521e-08
0.000888800983492,1777191.47394,2.09686262242e-08
0.000888800983492,1785654.29048,2.04083444748e-08
0.000888800983492,1794117.10702,1.98555449333e-08
0.000888800983492,1802579.92356,1.93099910752e-08
0.000888800983492,1811042.74011,1.87714518215e-08
0.000888800983492,1819505.55665,1.82397012613e-08
0.000888800983492,1827968.37319,1.7714518473e-08
0.000888800983492,1836431.18973,1.71956873616e-08
0.000888800983492,1844894.00628,1.66829964203e-08
0.000888800983492,1853356.82282,1.61762386088e-08
0.000888800983492,1861819.63936,1.56752111263e-08
0.000888800983492,1870282.4559,1.51797152958e-08
0.000888800983492,1878745.27245,1.46895563429e-08
0.000888800983492,1887208.08899,1.42045433063e-08
0.000888800983492,1895670.90553,1.37244888092e-08
0.000888800983492,1904133.72207,1.32492089752e-08
0.000888800983492,1912596.53862,1.27785232574e-08
0.000888800983492,1921059.35516,1.23122542596e-08
0.000888800983492,1929522.1717,1.18502276977e-08
0.000888800983492,1937984.98824,1.13922721492e-08
0.000888800983492,1946447.80479,1.0938219008e-08
0.000888800983492,1954910.62133,1.04879023418e-08
0.000888800983492,1963373.43787,1.00411587089e-08
0.000888800983492,1971836.25441,9.59782715546e-09
0.000888800983492,1980299.07096,9.15774895156e-09
0.000888800983492,1988761.8875,8.72076762753e-09
0.000888800983492,1997224.70404,8.28672872624e-09
0.000888800983492,2005687.52058,7.85547980131e-09
0.000888800983492,2014150.33713,7.42687023064e-09
0.000888800983492,2022613.15367,7.00075116195e-09
0.000888800983492,2031075.97021,6.57697538639e-09
0.000888800983492,2039538.78675,6.15539723492e-09
0.000888800983492,2048001.6033,5.73587249968e-09
0.000888800983492,2056464.41984,5.31825830359e-09
0.000888800983492,2064927.23638,4.90241303932e-09
0.000888800983492,2073390.05292,4.4881962415e-09
0.000888800983492,2081852.86947,4.07546852065e-09
0.000888800983492,2090315.68601,3.6640914427e-09
0.000888800983492,2098778.50255,3.25392747079e-09
0.000888800983492,2107241.31909,2.84483983717e-09
0.000888800983492,2115704.13564,2.4366924965e-09
0.000888800983492,2124166.95218,2.02934999722e-09
0.000888800983492,2132629.76872,1.62267740999e-09
0.000888800983492,2141092.58526,1.2165402915e-09
0.000888800983492,2149555.40181,8.10804537499e-10
0.000888800983492,2158018.21835,4.05336711028e-10
0.000888800983492,2166481.03489,1.16384397227e-12
0.00167760196698,0,0.0726107335694
0.00167760196698,8462.81654255,0.0841072307689
0.00167760196698,16925.6330851,0.0291981546424
0.00167760196698,25388.4496276,0.0493220258857
0.00167760196698,33851.2661702,0.0440648647256
0.00167760196698,42314.0827127,0.0533355980246
0.00167760196698,50776.8992553,0.0227333030107
0.00167760196698,59239.7157978,0.020373577934
0.00167760196698,67702.5323404,0.0348629138905
0.00167760196698,76165.3488829,0.0115227715861
0.00167760196698,84628.1654255,0.0158858420029
0.00167760196698,93090.981968,0.0116577086478
0.00167760196698,101553.798511,0.0083703142006
0.00167760196698,110016.615053,0.00218430691074
0.00167760196698,118479.431596,0.00558073689133
0.00167760196698,126942.248138,0.0117574427628
0.00167760196698,135405.064681,0.0101902230085
0.00167760196698,143867.881223,0.00804081306011
0.00167760196698,152330.697766,0.000276474782008
0.00167760196698,160793.514308,0.00868025164754
0.00167760196698,169256.330851,0.00957221829474
0.00167760196698,177719.147394,0.00563227974508
0.00167760196698,186181.963936,0.00359136859495
0.00167760196698,194644.780479,0.0038759374522
0.00167760196698,203107.597021,0.00268937815727
0.00167760196698,211570.413564,0.00385144087627
0.00167760196698,220033.230106,0.00336525460803
0.00167760196698,228496.046649,0.00181333341816
0.00167760196698,236958.863191,0.00118967968287
0.00167760196698,245421.679734,0.000800146492275
0.00167760196698,253884.496276,0.00289023850174
0.00167760196698,262347.312819,0.00114168812581
0.00167760196698,270810.129362,0.00182134267871
0.00167760196698,279272.945904,0.00151731343606
0.00167760196698,287735.762447,0.00215031088085
0.00167760196698,296198.578989,0.0011418665353
0.00167760196698,304661.395532,0.00115957486192
0.00167760196698,313124.212074,0.00153878694981
0.00167760196698,321587.028617,0.000841952636478
0.00167760196698,330049.845159,0.00113242263492
0.00167760196698,338512.661702,0.00134694502504
0.00167760196698,346975.478245,0.00193551724565
0.00167760196698,355438.294787,0.00054045144339
0.00167760196698,363901.11133,0.000302268210023
0.00167760196698,372363.927872,0.000997759006016
0.00167760196698,380826.744415,0.000528959180612
0.00167760196698,389289.560957,0.000128885917282
0.00167760196698,397752.3775,0.000305107740738
0.00167760196698,406215.194042,0.000555962391199
0.00167760196698,414678.010585,0.000379563577787
0.00167760196698,423140.827127,0.000100574357134
0.00167760196698,431603.64367,0.000178515960104
0.00167760196698,440066.460213,0.000377108051674
0.00167760196698,448529.276755,7.73205130241e-05
0.00167760196698,456992.093298,4.76011597546e-05
0.00167760196698,465454.90984,9.04272581942e-05
0.00167760196698,473917.726383,1.81798593753e-05
0.00167760196698,482380.542925,6.21406342975e-05
0.00167760196698,490843.359468,5.95052369308e-05
0.00167760196698,499306.17601,3.23174511921e-05
0.00167760196698,507768.992553,1.76957717658e-05
0.00167760196698,516231.809096,3.01477888194e-05
0.00167760196698,524694.625638,8.23172475818e-05
0.00167760196698,533157.442181,2.95339984897e-05
0.00167760196698,541620.258723,3.58396288707e-05
0.00167760196698,550083.075266,6.23217217379e-05
0.00167760196698,558545.891808,4.34833644187e-05
0.00167760196698,567008.708351,5.60832723128e-05
0.00167760196698,575471.524893,2.67152688185e-05
0.00167760196698,583934.341436,1.39401884696e-05
0.00167760196698,592397.157978,3.1631888265e-05
0.00167760196698,600859.974521,2.02592177025e-05
0.00167760196698,609322.791064,7.11430538204e-06
0.00167760196698,617785.607606,1.52364717733e-05
0.00167760196698,626248.424149,1.51326600906e-05
0.00167760196698,634711.240691,1.76096156454e-05
0.00167760196698,643174.057234,1.00367030357e-05
0.00167760196698,651636.873776,3.56482270938e-06
0.00167760196698,660099.690319,8.6636401486e-06
0.00167760196698,668562.506861,7.43766740484e-06
0.00167760196698,677025.323404,2.81009345705e-06
0.00167760196698,685488.139946,2.76490204179e-06
0.00167760196698,693950.956489,1.82323268317e-06
0.00167760196698,702413.773032,2.13048042623e-06
0.00167760196698,710876.589574,2.9695227476e-06
0.00167760196698,719339.406117,5.70814317479e-07
0.00167760196698,727802.222659,1.80801529896e-06
0.00167760196698,736265.039202,8.18741884996e-07
0.00167760196698,744727.855744,9.51882742751e-07
0.00167760196698,753190.672287,3.30834197081e-07
0.00167760196698,761653.488829,4.87817061295e-07
0.00167760196698,770116.305372,5.54481616077e-07
0.00167760196698,778579.121915,6.23094685958e-07
0.00167760196698,787041.938457,3.49371207823e-07
0.00167760196698,795504.755,2.15248045409e-07
0.00167760196698,803967.571542,3.63912263295e-07
0.00167760196698,812430.388085,2.77368614934e-07
0.00167760196698,820893.204627,4.28565719559e-07
0.00167760196698,829356.02117,3.19188225294e-07
0.00167760196698,837818.837712,3.23502504326e-07
0.00167760196698,846281.654255,2.69092538404e-07
0.00167760196698,854744.470797,2.80504927644e-07
0.00167760196698,863207.28734,2.89357688496e-07
0.00167760196698,871670.103883,2.84946788866e-07
0.00167760196698,880132.920425,2.79062593481e-07
0.00167760196698,888595.736968,2.55061333712e-07
0.00167760196698,897058.55351,2.48466414257e-07
0.00167760196698,905521.370053,2.36897979067e-07
0.00167760196698,913984.186595,2.36746602883e-07
0.00167760196698,922447.003138,2.30814032706e-07
0.00167760196698,930909.81968,2.24357014227e-07
0.00167760196698,939372.636223,2.14844766851e-07
0.00167760196698,947835.452766,2.07983261576e-07
0.00167760196698,956298.269308,2.02860308655e-07
0.00167760196698,964761.085851,1.97722001681e-07
0.00167760196698,973223.902393,1.92911422369e-07
0.00167760196698,981686.718936,1.87350919478e-07
0.00167760196698,990149.535478,1.82130607668e-07
0.00167760196698,998612.352021,1.76872295735e-07
0.00167760196698,1007075.16856,1.72181744651e-07
0.00167760196698,1015537.98511,1.6773168246e-07
0.00167760196698,1024000.80165,1.63418389874e-07
0.00167760196698,1032463.61819,1.59053985861e-07
0.00167760196698,1040926.43473,1.54798018324e-07
0.00167760196698,1049389.25128,1.5073143852e-07
0.00167760196698,1057852.06782,1.46823292428e-07
0.00167760196698,1066314.88436,1.43066453852e-07
0.00167760196698,1074777.7009,1.39408612024e-07
0.00167760196698,1083240.51745,1.35856974504e-07
0.00167760196698,1091703.33399,1.32405087009e-07
0.00167760196698,1100166.15053,1.29062880494e-07
0.00167760196698,1108628.96707,1.25830594058e-07
0.00167760196698,1117091.78362,1.22700858521e-07
0.00167760196698,1125554.60016,1.19663085102e-07
0.00167760196698,1134017.4167,1.16713223718e-07
0.00167760196698,1142480.23324,1.13849566793e-07
0.00167760196698,1150943.04979,1.11070395037e-07
0.00167760196698,1159405.86633,1.08373437284e-07
0.00167760196698,1167868.68287,1.05754882945e-07
0.00167760196698,1176331.49941,1.03211357833e-07
0.00167760196698,1184794.31596,1.00739911106e-07
0.00167760196698,1193257.1325,9.83381644595e-08
0.00167760196698,1201719.94904,9.60039126101e-08
0.00167760196698,1210182.76558,9.37348405113e-08
0.00167760196698,1218645.58213,9.15285675224e-08
0.00167760196698,1227108.39867,8.93828235387e-08
0.00167760196698,1235571.21521,8.7295489201e-08
0.00167760196698,1244034.03175,8.52645584346e-08
0.00167760196698,1252496.8483,8.32881314924e-08
0.00167760196698,1260959.66484,8.13643614073e-08
0.00167760196698,1269422.48138,7.94914507245e-08
0.00167760196698,1277885.29792,7.76676769926e-08
0.00167760196698,1286348.11447,7.58913887226e-08
0.00167760196698,1294810.93101,7.41610068059e-08
0.00167760196698,1303273.74755,7.24750140305e-08
0.00167760196698,1311736.5641,7.08319478121e-08
0.00167760196698,1320199.38064,6.9230400737e-08
0.00167760196698,1328662.19718,6.7669017899e-08
0.00167760196698,1337125.01372,6.6146496184e-08
0.00167760196698,1345587.83027,6.46615820415e-08
0.00167760196698,1354050.64681,6.32130683105e-08
0.00167760196698,1362513.46335,6.17997922388e-08
0.00167760196698,1370976.27989,6.04206334355e-08
0.00167760196698,1379439.09644,5.90745121461e-08
0.00167760196698,1387901.91298,5.77603878559e-08
0.00167760196698,1396364.72952,5.64772573141e-08
0.00167760196698,1404827.54606,5.5224153148e-08
0.00167760196698,1413290.36261,5.400014207e-08
0.00167760196698,1421753.17915,5.28043237262e-08
0.00167760196698,1430215.99569,5.16358290738e-08
0.00167760196698,1438678.81223,5.04938192949e-08
0.00167760196698,1447141.62878,4.93774843692e-08
0.00167760196698,1455604.44532,4.82860420457e-08
0.00167760196698,1464067.26186,4.72187366196e-08
0.00167760196698,1472530.0784,4.6174837858e-08
0.00167760196698,1480992.89495,4.5153639952e-08
0.00167760196698,1489455.71149,4.41544605531e-08
0.00167760196698,1497918.52803,4.31766398927e-08
0.00167760196698,1506381.34457,4.22195397685e-08
0.00167760196698,1514844.16112,4.12825427477e-08
0.00167760196698,1523306.97766,4.03650513052e-08
0.00167760196698,1531769.7942,3.94664871452e-08
0.00167760196698,1540232.61074,3.85862903145e-08
0.00167760196698,1548695.42729,3.77239185562e-08
0.00167760196698,1557158.24383,3.68788465551e-08
0.00167760196698,1565621.06037,3.60505654329e-08
0.00167760196698,1574083.87691,3.52385819267e-08
0.00167760196698,1582546.69346,3.4442417913e-08
0.00167760196698,1591009.51,3.36616097342e-08
0.00167760196698,1599472.32654,3.28957077727e-08
0.00167760196698,1607935.14308,3.21442757738e-08
0.00167760196698,1616397.95963,3.14068904673e-08
0.00167760196698,1624860.77617,3.06831409286e-08
0.00167760196698,1633323.59271,2.9972628269e-08
0.00167760196698,1641786.40925,2.92749650732e-08
0.00167760196698,1650249.2258,2.85897750337e-08
0.00167760196698,1658712.04234,2.79166924662e-08
0.00167760196698,1667174.85888,2.72553619617e-08
0.00167760196698,1675637.67542,2.6605438021e-08
0.00167760196698,1684100.49197,2.59665846242e-08
0.00167760196698,1692563.30851,2.53384749314e-08
0.00167760196698,1701026.12505,2.47207908673e-08
0.00167760196698,1709488.94159,2.4113222928e-08
0.00167760196698,1717951.75814,2.35154697212e-08
0.00167760196698,1726414.57468,2.29272377581e-08
0.00167760196698,1734877.39122,2.23482411025e-08
0.00167760196698,1743340.20777,2.17782011134e-08
0.00167760196698,1751803.02431,2.12168462221e-08
0.00167760196698,1760265.84085,2.06639115841e-08
0.00167760196698,1768728.65739,2.01191388827e-08
0.00167760196698,1777191.47394,1.95822760505e-08
0.00167760196698,1785654.29048,1.90530770805e-08
0.00167760196698,1794117.10702,1.85313017971e-08
0.00167760196698,1802579.92356,1.80167155645e-08
0.00167760196698,1811042.74011,1.75090891979e-08
0.00167760196698,1819505.55665,1.70081986201e-08
0.00167760196698,1827968.37319,1.65138248077e-08
0.00167760196698,1836431.18973,1.60257534712e-08
0.00167760196698,1844894.00628,1.55437750213e-08
0.00167760196698,1853356.82282,1.5067684224e-08
0.00167760196698,1861819.63936,1.45972801511e-08
0.00167760196698,1870282.4559,1.41323659795e-08
0.00167760196698,1878745.27245,1.36727488176e-08
0.00167760196698,1887208.08899,1.32182396358e-08
0.00167760196698,1895670.90553,1.27686529248e-08
0.00167760196698,1904133.72207,1.23238067917e-08
0.00167760196698,1912596.53862,1.18835226853e-08
0.00167760196698,1921059.35516,1.14476253081e-08
0.00167760196698,1929522.1717,1.10159424287e-08
0.00167760196698,1937984.98824,1.05883048897e-08
0.00167760196698,1946447.80479,1.01645463777e-08
0.00167760196698,1954910.62133,9.74450341717e-09
0.00167760196698,1963373.43787,9.32801521575e-09
0.00167760196698,1971836.25441,8.91492356504e-09
0.00167760196698,1980299.07096,8.50507287758e-09
0.00167760196698,1988761.8875,8.09831003407e-09
0.00167760196698,1997224.70404,7.69448441775e-09
0.00167760196698,2005687.52058,7.29344784287e-09
0.00167760196698,2014150.33713,6.89505471808e-09
0.00167760196698,2022613.15367,6.49916200082e-09
0.00167760196698,2031075.97021,6.10562945272e-09
0.00167760196698,2039538.78675,5.71431990414e-09
0.00167760196698,2048001.6033,5.3250996733e-09
0.00167760196698,2056464.41984,4.93783934992e-09
0.00167760196698,2064927.23638,4.55241476275e-09
0.00167760196698,2073390.05292,4.16870879695e-09
0.00167760196698,2081852.86947,3.78661416057e-09
0.00167760196698,2090315.68601,3.4060383585e-09
0.00167760196698,2098778.50255,3.02691180214e-09
0.00167760196698,2107241.31909,2.64920364389e-09
0.00167760196698,2115704.13564,2.27295254409e-09
0.00167760196698,2124166.95218,1.8983343101e-09
0.00167760196698,2132629.76872,1.5258273498e-09
0.00167760196698,2141092.58526,1.15669282989e-09
0.00167760196698,2149555.40181,7.94758978276e-10
0.00167760196698,2158018.21835,4.56357715076e-10
0.00167760196698,2166481.03489,2.59233966756e-10
0.00246640295047,0,0.0472969833716
0.00246640295047,8462.81654255,0.0547301584037
0.00246640295047,16925.6330851,0.0147856184854
0.00246640295047,25388.4496276,0.0137397917115
0.00246640295047,33851.2661702,0.0136248151166
0.00246640295047,42314.0827127,0.076803528711
0.00246640295047,50776.8992553,0.241397170461
0.00246640295047,59239.7157978,0.157747056968
0.00246640295047,67702.5323404,0.0180300622304
0.00246640295047,76165.3488829,0.00978469597135
0.00246640295047,84628.1654255,0.0129883374927
0.00246640295047,93090.981968,0.0311460414172
0.00246640295047,101553.798511,0.113512119905
0.00246640295047,110016.615053,0.0956804371971
0.00246640295047,118479.431596,0.0158341190722
0.00246640295047,126942.248138,0.00668750183097
0.00246640295047,135405.064681,0.00187883745976
0.00246640295047,143867.881223,0.0175186120891
0.00246640295047,152330.697766,0.0662701437957
0.00246640295047,160793.514308,0.077596898408
0.00246640295047,169256.330851,0.0245283469997
0.00246640295047,177719.147394,0.00346115273632
0.00246640295047,186181.963936,0.00584846359813
0.00246640295047,194644.780479,0.00825628187929
0.00246640295047,203107.597021,0.0552883650249
0.00246640295047,211570.413564,0.101931721142
0.00246640295047,220033.230106,0.056772352246
0.00246640295047,228496.046649,0.00401147486631
0.00246640295047,236958.863191,0.00340990110797
0.00246640295047,245421.679734,0.00208309873585
0.00246640295047,253884.496276,0.0379563733176
0.00246640295047,262347.312819,0.0983653466093
0.00246640295047,270810.129362,0.0748701818061
0.00246640295047,279272.945904,0.0120551046317
0.00246640295047,287735.762447,0.00113227081592
0.00246640295047,296198.578989,0.0044310506696
0.00246640295047,304661.395532,0.0216153191687
0.00246640295047,313124.212074,0.0619389886592
0.00246640295047,321587.028617,0.0540935303797
0.00246640295047,330049.845159,0.0137072332672
0.00246640295047,338512.661702,0.00208190350264
0.00246640295047,346975.478245,0.0036659277649
0.00246640295047,355438.294787,0.00976688456955
0.00246640295047,363901.11133,0.0303899503301
0.00246640295047,372363.927872,0.0248950171795
0.00246640295047,380826.744415,0.00707097395169
0.00246640295047,389289.560957,0.000870164826221
0.00246640295047,397752.3775,0.000978109328625
0.00246640295047,406215.194042,0.00506337961789
0.00246640295047,414678.010585,0.0143731584335
0.00246640295047,423140.827127,0.0123716489559
0.00246640295047,431603.64367,0.00516911074383
0.00246640295047,440066.460213,0.00154075232085
0.00246640295047,448529.276755,0.000737865013767
0.00246640295047,456992.093298,0.00351238829055
0.00246640295047,465454.90984,0.00843567809228
0.00246640295047,473917.726383,0.0100188408222
0.00246640295047,482380.542925,0.00687293436209
0.00246640295047,490843.359468,0.00259916416979
0.00246640295047,499306.17601,4.28603512168e-05
0.00246640295047,507768.992553,0.0015264494594
0.00246640295047,516231.809096,0.0049106528096
0.00246640295047,524694.625638,0.00794837749634
0.00246640295047,533157.442181,0.00709390238281
0.00246640295047,541620.258723,0.00310963795406
0.00246640295047,550083.075266,0.00036611023545
0.00246640295047,558545.891808,0.000187205657566
0.00246640295047,567008.708351,0.00191293724155
0.00246640295047,575471.524893,0.00460589417586
0.00246640295047,583934.341436,0.00488817564799
0.00246640295047,592397.157978,0.00250877125228
0.00246640295047,600859.974521,0.000448104447651
0.00246640295047,609322.791064,0.000109900210616
0.00246640295047,617785.607606,0.000308955676468
0.00246640295047,626248.424149,0.00167942533155
0.00246640295047,634711.240691,0.00232687518262
0.00246640295047,643174.057234,0.00132530116954
0.00246640295047,651636.873776,0.000253316172575
0.00246640295047,660099.690319,0.000103945319274
0.00246640295047,668562.506861,0.000118635863532
0.00246640295047,677025.323404,0.000328106319431
0.00246640295047,685488.139946,0.000680266229419
0.00246640295047,693950.956489,0.000498713572791
0.00246640295047,702413.773032,8.65386962882e-05
0.00246640295047,710876.589574,4.68634067612e-05
0.00246640295047,719339.406117,9.49144875206e-05
0.00246640295047,727802.222659,8.66042888653e-05
0.00246640295047,736265.039202,9.920497623e-05
0.00246640295047,744727.855744,0.000104269690377
0.00246640295047,753190.672287,2.79474964649e-05
0.00246640295047,761653.488829,2.91748603943e-05
0.00246640295047,770116.305372,4.98123291946e-05
0.00246640295047,778579.121915,4.13103936311e-05
0.00246640295047,787041.938457,1.09423553791e-05
0.00246640295047,795504.755,1.6438534373e-05
0.00246640295047,803967.571542,8.15328492325e-06
0.00246640295047,812430.388085,6.51576781113e-06
0.00246640295047,820893.204627,1.87914670625e-05
0.00246640295047,829356.02117,1.86692817756e-05
0.00246640295047,837818.837712,4.99853907243e-06
0.00246640295047,846281.654255,4.59414627697e-06
0.00246640295047,854744.470797,1.96905730082e-06
0.00246640295047,863207.28734,1.29509669257e-06
0.00246640295047,871670.103883,3.04413022342e-06
0.00246640295047,880132.920425,5.69922059376e-06
0.00246640295047,888595.736968,3.0967864707e-06
0.00246640295047,897058.55351,7.91585726767e-07
0.00246640295047,905521.370053,1.22630611532e-06
0.00246640295047,913984.186595,5.56237816815e-07
0.00246640295047,922447.003138,3.38354327109e-07
0.00246640295047,930909.81968,1.07801632096e-06
0.00246640295047,939372.636223,6.13203862259e-07
0.00246640295047,947835.452766,7.9231486615e-07
0.00246640295047,956298.269308,2.58023978794e-07
0.00246640295047,964761.085851,3.91222291663e-07
0.00246640295047,973223.902393,1.98892476953e-07
0.00246640295047,981686.718936,1.42424866462e-07
0.00246640295047,990149.535478,2.67532548142e-07
0.00246640295047,998612.352021,1.84103549301e-07
0.00246640295047,1007075.16856,1.1826674773e-07
0.00246640295047,1015537.98511,2.00310643434e-07
0.00246640295047,1024000.80165,1.40563138751e-07
0.00246640295047,1032463.61819,1.88131056973e-07
0.00246640295047,1040926.43473,1.28397232488e-07
0.00246640295047,1049389.25128,1.4844697011e-07
0.00246640295047,1057852.06782,1.53905983859e-07
0.00246640295047,1066314.88436,1.06401881493e-07
0.00246640295047,1074777.7009,1.6324339905e-07
0.00246640295047,1083240.51745,1.22936817735e-07
0.00246640295047,1091703.33399,1.25774985519e-07
0.00246640295047,1100166.15053,1.28678680404e-07
0.00246640295047,1108628.96707,1.19497085585e-07
0.00246640295047,1117091.78362,1.17705809561e-07
0.00246640295047,1125554.60016,1.19145568097e-07
0.00246640295047,1134017.4167,1.08633545928e-07
0.00246640295047,1142480.23324,1.12720229689e-07
0.00246640295047,1150943.04979,1.05037100429e-07
0.00246640295047,1159405.86633,1.0612667965e-07
0.00246640295047,1167868.68287,1.02053239982e-07
0.00246640295047,1176331.49941,9.8904728586e-08
0.00246640295047,1184794.31596,9.77349134896e-08
0.00246640295047,1193257.1325,9.46084147305e-08
0.00246640295047,1201719.94904,9.29589633364e-08
0.00246640295047,1210182.76558,9.04041389881e-08
0.00246640295047,1218645.58213,8.82644466057e-08
0.00246640295047,1227108.39867,8.65345478173e-08
0.00246640295047,1235571.21521,8.44042928536e-08
0.00246640295047,1244034.03175,8.24585274499e-08
0.00246640295047,1252496.8483,8.06816020027e-08
0.00246640295047,1260959.66484,7.86420873256e-08
0.00246640295047,1269422.48138,7.70764697741e-08
0.00246640295047,1277885.29792,7.52437829139e-08
0.00246640295047,1286348.11447,7.35609991637e-08
0.00246640295047,1294810.93101,7.19292782055e-08
0.00246640295047,1303273.74755,7.03137705829e-08
0.00246640295047,1311736.5641,6.87693268164e-08
0.00246640295047,1320199.38064,6.72254445918e-08
0.00246640295047,1328662.19718,6.57302615846e-08
0.00246640295047,1337125.01372,6.42870229317e-08
0.00246640295047,1345587.83027,6.28597402564e-08
0.00246640295047,1354050.64681,6.14822881942e-08
0.00246640295047,1362513.46335,6.01278101849e-08
0.00246640295047,1370976.27989,5.88068855119e-08
0.00246640295047,1379439.09644,5.75228126916e-08
0.00246640295047,1387901.91298,5.62615476875e-08
0.00246640295047,1396364.72952,5.50343577665e-08
0.00246640295047,1404827.54606,5.38324653319e-08
0.00246640295047,1413290.36261,5.26594579131e-08
0.00246640295047,1421753.17915,5.15134071279e-08
0.00246640295047,1430215.99569,5.03920514383e-08
0.00246640295047,1438678.81223,4.9296402249e-08
0.00246640295047,1447141.62878,4.82247312654e-08
0.00246640295047,1455604.44532,4.71763954519e-08
0.00246640295047,1464067.26186,4.61511361289e-08
0.00246640295047,1472530.0784,4.51475696714e-08
0.00246640295047,1480992.89495,4.41656256096e-08
0.00246640295047,1489455.71149,4.32043706846e-08
0.00246640295047,1497918.52803,4.22632383767e-08
0.00246640295047,1506381.34457,4.13417201022e-08
0.00246640295047,1514844.16112,4.04390734499e-08
0.00246640295047,1523306.97766,3.95548745841e-08
0.00246640295047,1531769.7942,3.86885097766e-08
0.00246640295047,1540232.61074,3.78394678318e-08
0.00246640295047,1548695.42729,3.70072482518e-08
0.00246640295047,1557158.24383,3.61913395885e-08
0.00246640295047,1565621.06037,3.53912853272e-08
0.00246640295047,1574083.87691,3.46066087024e-08
0.00246640295047,1582546.69346,3.38368615006e-08
0.00246640295047,1591009.51,3.30816129948e-08
0.00246640295047,1599472.32654,3.23404323686e-08
0.00246640295047,1607935.14308,3.16129161092e-08
0.00246640295047,1616397.95963,3.08986615638e-08
0.00246640295047,1624860.77617,3.01972843267e-08
0.00246640295047,1633323.59271,2.95084097166e-08
0.00246640295047,1641786.40925,2.88316718296e-08
0.00246640295047,1650249.2258,2.81667183781e-08
0.00246640295047,1658712.04234,2.75132046148e-08
0.00246640295047,1667174.85888,2.68707962795e-08
0.00246640295047,1675637.67542,2.62391692215e-08
0.00246640295047,1684100.49197,2.56180072038e-08
0.00246640295047,1692563.30851,2.50070031119e-08
0.00246640295047,1701026.12505,2.44058587028e-08
0.00246640295047,1709488.94159,2.38142825934e-08
0.00246640295047,1717951.75814,2.32319924515e-08
0.00246640295047,1726414.57468,2.26587131116e-08
0.00246640295047,1734877.39122,2.20941757002e-08
0.00246640295047,1743340.20777,2.15381197125e-08
0.00246640295047,1751803.02431,2.09902905841e-08
0.00246640295047,1760265.84085,2.04504402234e-08
0.00246640295047,1768728.65739,1.99183276404e-08
0.00246640295047,1777191.47394,1.93937169104e-08
0.00246640295047,1785654.29048,1.88763785303e-08
0.00246640295047,1794117.10702,1.83660888349e-08
0.00246640295047,1802579.92356,1.78626292008e-08
0.00246640295047,1811042.74011,1.73657869818e-08
0.00246640295047,1819505.55665,1.68753543061e-08
0.00246640295047,1827968.37319,1.63911282162e-08
0.00246640295047,1836431.18973,1.59129113481e-08
0.00246640295047,1844894.00628,1.54405104166e-08
0.00246640295047,1853356.82282,1.49737372537e-08
0.00246640295047,1861819.63936,1.45124084882e-08
0.00246640295047,1870282.4559,1.40563445545e-08
0.00246640295047,1878745.27245,1.36053712252e-08
0.00246640295047,1887208.08899,1.31593182744e-08
0.00246640295047,1895670.90553,1.27180201195e-08
0.00246640295047,1904133.72207,1.22813154693e-08
0.00246640295047,1912596.53862,1.1849047997e-08
0.00246640295047,1921059.35516,1.14210654051e-08
0.00246640295047,1929522.1717,1.09972211227e-08
0.00246640295047,1937984.98824,1.05773728367e-08
0.00246640295047,1946447.80479,1.01613842891e-08
0.00246640295047,1954910.62133,9.74912435885e-09
0.00246640295047,1963373.43787,9.34046901663e-09
0.00246640295047,1971836.25441,8.93530094972e-09
0.00246640295047,1980299.07096,8.53351093127e-09
0.00246640295047,1988761.8875,8.13499934074e-09
0.00246640295047,1997224.70404,7.7396773663e-09
0.00246640295047,2005687.52058,7.34746891042e-09
0.00246640295047,2014150.33713,6.95831496139e-09
0.00246640295047,2022613.15367,6.57217569957e-09
0.00246640295047,2031075.97021,6.18903648639e-09
0.00246640295047,2039538.78675,5.80891639571e-09
0.00246640295047,2048001.6033,5.4318758199e-09
0.00246640295047,2056464.41984,5.05803357087e-09
0.00246640295047,2064927.23638,4.68758742832e-09
0.00246640295047,2073390.05292,4.32084410508e-09
0.00246640295047,2081852.86947,3.95826869969e-09
0.00246640295047,2090315.68601,3.60055794713e-09
0.00246640295047,2098778.50255,3.24875674355e-09
0.00246640295047,2107241.31909,2.90445560103e-09
0.00246640295047,2115704.13564,2.57011534239e-09
0.00246640295047,2124166.95218,2.24963373328e-09
0.00246640295047,2132629.76872,1.94932517019e-09
0.00246640295047,2141092.58526,1.67953926169e-09
0.00246640295047,2149555.40181,1.45687614461e-09
0.00246640295047,2158018.21835,1.30531386265e-09
0.00246640295047,2166481.03489,1.25074325847e-09
0.00325520393397,0,0.0208295606108
0.00325520393397,8462.81654255,0.0572490469515
0.00325520393397,16925.6330851,0.0225193148931
0.00325520393397,25388.4496276,0.00727898271505
0.00325520393397,33851.2661702,0.00643735990269
0.00325520393397,42314.0827127,0.0079164787513
0.00325520393397,50776.8992553,0.0296510335184
0.00325520393397,59239.7157978,0.0506622122282
0.00325520393397,67702.5323404,0.23669931665
0.00325520393397,76165.3488829,0.198021810892
0.00325520393397,84628.1654255,0.0379724110469
0.00325520393397,93090.981968,0.0222554681195
0.00325520393397,101553.798511,0.0113437452204
0.00325520393397,110016.615053,0.00624982964257
0.00325520393397,118479.431596,0.0332028886176
0.00325520393397,126942.248138,0.0147746092899
0.00325520393397,135405.064681,0.0914612653989
0.00325520393397,143867.881223,0.118772021284
0.00325520393397,152330.697766,0.043318321675
0.00325520393397,160793.514308,0.00844557532319
0.00325520393397,169256.330851,0.0123410806944
0.00325520393397,177719.147394,0.00820675958781
0.00325520393397,186181.963936,0.0232726855724
0.00325520393397,194644.780479,0.045868626058
0.00325520393397,203107.597021,0.0402222072897
0.00325520393397,211570.413564,0.04486536951
0.00325520393397,220033.230106,0.0256667335564
0.00325520393397,228496.046649,0.00933615408951
0.00325520393397,236958.863191,0.00813032919515
0.00325520393397,245421.679734,0.00803759905492
0.00325520393397,253884.496276,0.0134271790135
0.00325520393397,262347.312819,0.0586814141889
0.00325520393397,270810.129362,0.0576688120147
0.00325520393397,279272.945904,0.0204051627096
0.00325520393397,287735.762447,0.00528187154176
0.00325520393397,296198.578989,0.00495096836309
0.00325520393397,304661.395532,0.00417179693276
0.00325520393397,313124.212074,0.00315359514441
0.00325520393397,321587.028617,0.00563212981253
0.00325520393397,330049.845159,0.0355293156998
0.00325520393397,338512.661702,0.0517886057013
0.00325520393397,346975.478245,0.0239805031854
0.00325520393397,355438.294787,0.00308609490493
0.00325520393397,363901.11133,0.00382800044608
0.00325520393397,372363.927872,0.00124760191321
0.00325520393397,380826.744415,0.0036812205126
0.00325520393397,389289.560957,0.00330772976921
0.00325520393397,397752.3775,0.00981157386931
0.00325520393397,406215.194042,0.0173277015217
0.00325520393397,414678.010585,0.0143032655503
0.00325520393397,423140.827127,0.00672279067096
0.00325520393397,431603.64367,0.00250557992569
0.00325520393397,440066.460213,0.00156638940661
0.00325520393397,448529.276755,0.00130582344769
0.00325520393397,456992.093298,0.00148665969222
0.00325520393397,465454.90984,0.00432162801326
0.00325520393397,473917.726383,0.0127106531692
0.00325520393397,482380.542925,0.0112996069915
0.00325520393397,490843.359468,0.00360583361328
0.00325520393397,499306.17601,0.00138149466304
0.00325520393397,507768.992553,0.000920987217109
0.00325520393397,516231.809096,0.00140414492771
0.00325520393397,524694.625638,0.00341727783752
0.00325520393397,533157.442181,0.00444512207139
0.00325520393397,541620.258723,0.0122013932574
0.00325520393397,550083.075266,0.0127793992931
0.00325520393397,558545.891808,0.00439171680771
0.00325520393397,567008.708351,0.00182415702817
0.00325520393397,575471.524893,0.00285570733921
0.00325520393397,583934.341436,0.0015259917268
0.00325520393397,592397.157978,0.0024341047494
0.00325520393397,600859.974521,0.00477473195069
0.00325520393397,609322.791064,0.00872144610565
0.00325520393397,617785.607606,0.0074409181373
0.00325520393397,626248.424149,0.00274545178115
0.00325520393397,634711.240691,0.000683785565049
0.00325520393397,643174.057234,0.000819433653047
0.00325520393397,651636.873776,0.000727034506445
0.00325520393397,660099.690319,0.00148851917725
0.00325520393397,668562.506861,0.00483568498634
0.00325520393397,677025.323404,0.00751856804486
0.00325520393397,685488.139946,0.00479487831938
0.00325520393397,693950.956489,0.000735654014616
0.00325520393397,702413.773032,0.000170388221659
0.00325520393397,710876.589574,0.00019925826517
0.00325520393397,719339.406117,0.000353146735421
0.00325520393397,727802.222659,0.00109900243296
0.00325520393397,736265.039202,0.00363308186941
0.00325520393397,744727.855744,0.00545556075955
0.00325520393397,753190.672287,0.00362874642986
0.00325520393397,761653.488829,0.000890970266476
0.00325520393397,770116.305372,0.00017602021935
0.00325520393397,778579.121915,6.99536696095e-05
0.00325520393397,787041.938457,0.00032689155091
0.00325520393397,795504.755,0.000325277997123
0.00325520393397,803967.571542,0.00204854126789
0.00325520393397,812430.388085,0.00350316109445
0.00325520393397,820893.204627,0.00276702304513
0.00325520393397,829356.02117,0.000890510596471
0.00325520393397,837818.837712,9.21013911119e-05
0.00325520393397,846281.654255,8.26008341587e-05
0.00325520393397,854744.470797,0.000204305595687
0.00325520393397,863207.28734,8.21202935435e-05
0.00325520393397,871670.103883,0.000936678704118
0.00325520393397,880132.920425,0.00183672394557
0.00325520393397,888595.736968,0.00153447967884
0.00325520393397,897058.55351,0.000515732229832
0.00325520393397,905521.370053,7.28868850295e-06
0.00325520393397,913984.186595,5.93796670141e-05
0.00325520393397,922447.003138,6.81578726087e-05
0.00325520393397,930909.81968,3.38322535749e-05
0.00325520393397,939372.636223,0.00028161271577
0.00325520393397,947835.452766,0.000702121532876
0.00325520393397,956298.269308,0.000675414826417
0.00325520393397,964761.085851,0.000201675106748
0.00325520393397,973223.902393,2.37989272841e-05
0.00325520393397,981686.718936,7.13736100333e-05
0.00325520393397,990149.535478,5.89923781701e-05
0.00325520393397,998612.352021,2.82260797439e-05
0.00325520393397,1007075.16856,8.33216409319e-05
0.00325520393397,1015537.98511,0.000232782742842
0.00325520393397,1024000.80165,0.000238141335385
0.00325520393397,1032463.61819,6.88740180056e-05
0.00325520393397,1040926.43473,5.51512844955e-05
0.00325520393397,1049389.25128,5.77939958391e-05
0.00325520393397,1057852.06782,4.3683324056e-05
0.00325520393397,1066314.88436,1.92562804115e-05
0.00325520393397,1074777.7009,2.57041390262e-05
0.00325520393397,1083240.51745,6.17619648192e-05
0.00325520393397,1091703.33399,5.40603853943e-05
0.00325520393397,1100166.15053,1.79503437249e-05
0.00325520393397,1108628.96707,1.4481651985e-05
0.00325520393397,1117091.78362,3.27879112595e-05
0.00325520393397,1125554.60016,2.00502672977e-05
0.00325520393397,1134017.4167,9.20390910881e-06
0.00325520393397,1142480.23324,8.76707663153e-06
0.00325520393397,1150943.04979,1.78228738222e-05
0.00325520393397,1159405.86633,1.47927775043e-05
0.00325520393397,1167868.68287,3.77956021277e-06
0.00325520393397,1176331.49941,5.94998121371e-06
0.00325520393397,1184794.31596,1.2879145942e-05
0.00325520393397,1193257.1325,7.6983097006e-06
0.00325520393397,1201719.94904,1.49099034753e-06
0.00325520393397,1210182.76558,2.11030558783e-06
0.00325520393397,1218645.58213,3.04085202899e-06
0.00325520393397,1227108.39867,3.11944390464e-06
0.00325520393397,1235571.21521,1.44106803134e-06
0.00325520393397,1244034.03175,1.91437566953e-06
0.00325520393397,1252496.8483,2.9860836595e-06
0.00325520393397,1260959.66484,1.8612115349e-06
0.00325520393397,1269422.48138,6.2352023216e-07
0.00325520393397,1277885.29792,1.1803913644e-06
0.00325520393397,1286348.11447,1.08933629365e-06
0.00325520393397,1294810.93101,9.31416341653e-07
0.00325520393397,1303273.74755,6.62205509727e-07
0.00325520393397,1311736.5641,9.20082649145e-07
0.00325520393397,1320199.38064,8.22743747809e-07
0.00325520393397,1328662.19718,2.48074610779e-07
0.00325520393397,1337125.01372,1.94412425498e-07
0.00325520393397,1345587.83027,2.65400392376e-07
0.00325520393397,1354050.64681,2.79694419908e-07
0.00325520393397,1362513.46335,1.60940716437e-07
0.00325520393397,1370976.27989,9.81181258364e-08
0.00325520393397,1379439.09644,1.26894793517e-07
0.00325520393397,1387901.91298,9.20570827327e-08
0.00325520393397,1396364.72952,1.43311977089e-07
0.00325520393397,1404827.54606,2.05718288465e-08
0.00325520393397,1413290.36261,1.38091122685e-07
0.00325520393397,1421753.17915,4.96119993196e-08
0.00325520393397,1430215.99569,1.11521058904e-07
0.00325520393397,1438678.81223,1.39861569018e-08
0.00325520393397,1447141.62878,7.96448057491e-08
0.00325520393397,1455604.44532,2.94690739052e-08
0.00325520393397,1464067.26186,5.39655407103e-08
0.00325520393397,1472530.0784,3.41583822673e-08
0.00325520393397,1480992.89495,5.70591643904e-08
0.00325520393397,1489455.71149,3.5930978305e-08
0.00325520393397,1497918.52803,3.9230499575e-08
0.00325520393397,1506381.34457,3.74303821745e-08
0.00325520393397,1514844.16112,4.0698817027e-08
0.00325520393397,1523306.97766,2.98646209303e-08
0.00325520393397,1531769.7942,4.05826341995e-08
0.00325520393397,1540232.61074,3.00664237703e-08
0.00325520393397,1548695.42729,3.59664140194e-08
0.00325520393397,1557158.24383,2.95599251531e-08
0.00325520393397,1565621.06037,3.38963184177e-08
0.00325520393397,1574083.87691,3.24951998819e-08
0.00325520393397,1582546.69346,2.95077379824e-08
0.00325520393397,1591009.51,2.95630423492e-08
0.00325520393397,1599472.32654,2.83723691846e-08
0.00325520393397,1607935.14308,2.93480776466e-08
0.00325520393397,1616397.95963,2.64617259992e-08
0.00325520393397,1624860.77617,2.67546758256e-08
0.00325520393397,1633323.59271,2.63095038409e-08
0.00325520393397,1641786.40925,2.54960082314e-08
0.00325520393397,1650249.2258,2.48292819828e-08
0.00325520393397,1658712.04234,2.41748017631e-08
0.00325520393397,1667174.85888,2.3899759028e-08
0.00325520393397,1675637.67542,2.31007150031e-08
0.00325520393397,1684100.49197,2.2473540404e-08
0.00325520393397,1692563.30851,2.20468578271e-08
0.00325520393397,1701026.12505,2.1282482601e-08
0.00325520393397,1709488.94159,2.09754003953e-08
0.00325520393397,1717951.75814,2.02226988987e-08
0.00325520393397,1726414.57468,1.98989858436e-08
0.00325520393397,1734877.39122,1.92388444989e-08
0.00325520393397,1743340.20777,1.88174437502e-08
0.00325520393397,1751803.02431,1.82969077019e-08
0.00325520393397,1760265.84085,1.78096726004e-08
0.00325520393397,1768728.65739,1.73316440325e-08
0.00325520393397,1777191.47394,1.68416004292e-08
0.00325520393397,1785654.29048,1.63908426564e-08
0.00325520393397,1794117.10702,1.59214700104e-08
0.00325520393397,1802579.92356,1.54674361055e-08
0.00325520393397,1811042.74011,1.50326808492e-08
0.00325520393397,1819505.55665,1.4580462408e-08
0.00325520393397,1827968.37319,1.41624292985e-08
0.00325520393397,1836431.18973,1.37238173111e-08
0.00325520393397,1844894.00628,1.33141955108e-08
0.00325520393397,1853356.82282,1.28920268359e-08
0.00325520393397,1861819.63936,1.24876921737e-08
0.00325520393397,1870282.4559,1.20860671708e-08
0.00325520393397,1878745.27245,1.16855436271e-08
0.00325520393397,1887208.08899,1.12952284534e-08
0.00325520393397,1895670.90553,1.09059510892e-08
0.00325520393397,1904133.72207,1.05262467205e-08
0.00325520393397,1912596.53862,1.014658639e-08
0.00325520393397,1921059.35516,9.77389827977e-09
0.00325520393397,1929522.1717,9.40526404289e-09
0.00325520393397,1937984.98824,9.04016240618e-09
0.00325520393397,1946447.80479,8.68023997595e-09
0.00325520393397,1954910.62133,8.32322714507e-09
0.00325520393397,1963373.43787,7.97087270202e-09
0.00325520393397,1971836.25441,7.62152403222e-09
0.00325520393397,1980299.07096,7.27607743487e-09
0.00325520393397,1988761.8875,6.93421553249e-09
0.00325520393397,1997224.70404,6.5953431426e-09
0.00325520393397,2005687.52058,6.26018871322e-09
0.00325520393397,2014150.33713,5.92785736252e-09
0.00325520393397,2022613.15367,5.59909484447e-09
0.00325520393397,2031075.97021,5.27322146517e-09
0.00325520393397,2039538.78675,4.95070373615e-09
0.00325520393397,2048001.6033,4.63138442859e-09
0.00325520393397,2056464.41984,4.31540432812e-09
0.00325520393397,2064927.23638,4.0030295217e-09
0.00325520393397,2073390.05292,3.69448238149e-09
0.00325520393397,2081852.86947,3.39031167819e-09
0.00325520393397,2090315.68601,3.09111558383e-09
0.00325520393397,2098778.50255,2.79799352045e-09
0.00325520393397,2107241.31909,2.51245202241e-09
0.00325520393397,2115704.13564,2.23680714215e-09
0.00325520393397,2124166.95218,1.9746890869e-09
0.00325520393397,2132629.76872,1.73166889869e-09
0.00325520393397,2141092.58526,1.5164850552e-09
0.00325520393397,2149555.40181,1.34211682187e-09
0.00325520393397,2158018.21835,1.22579631865e-09
0.00325520393397,2166481.03489,1.18450263557e-09
0.00404400491746,0,0.0589058444301
0.00404400491746,8462.81654255,0.0679989128686
0.00404400491746,16925.6330851,0.0423455756907
0.00404400491746,25388.4496276,0.0195938382277
0.00404400491746,33851.2661702,0.0131079409737
0.00404400491746,42314.0827127,0.00682382224589
0.00404400491746,50776.8992553,0.0142459258418
0.00404400491746,59239.7157978,0.0241311325236
0.00404400491746,67702.5323404,0.196176443773
0.00404400491746,76165.3488829,0.354863593065
0.00404400491746,84628.1654255,0.170949250968
0.00404400491746,93090.981968,0.0271735387599
0.00404400491746,101553.798511,0.015539510247
0.00404400491746,110016.615053,0.0107348848872
0.00404400491746,118479.431596,0.00181808925255
0.00404400491746,126942.248138,0.00841098056963
0.00404400491746,135405.064681,0.00941113158204
0.00404400491746,143867.881223,0.0225492624174
0.00404400491746,152330.697766,0.20449187757
0.00404400491746,160793.514308,0.333730058159
0.00404400491746,169256.330851,0.159729988626
0.00404400491746,177719.147394,0.0167565535826
0.00404400491746,186181.963936,0.00655073208044
0.00404400491746,194644.780479,0.00534838523078
0.00404400491746,203107.597021,0.00525352655117
0.00404400491746,211570.413564,0.0054908416022
0.00404400491746,220033.230106,0.00569648476039
0.00404400491746,228496.046649,0.0796238421533
0.00404400491746,236958.863191,0.159889220831
0.00404400491746,245421.679734,0.124412580442
0.00404400491746,253884.496276,0.0484263312049
0.00404400491746,262347.312819,0.0178352475279
0.00404400491746,270810.129362,0.0101177705161
0.00404400491746,279272.945904,0.00609764532692
0.00404400491746,287735.762447,0.00456822688982
0.00404400491746,296198.578989,0.00113866429113
0.00404400491746,304661.395532,0.00876628381109
0.00404400491746,313124.212074,0.0269205314696
0.00404400491746,321587.028617,0.0386784205447
0.00404400491746,330049.845159,0.0329899922897
0.00404400491746,338512.661702,0.0190391961815
0.00404400491746,346975.478245,0.00889763560344
0.00404400491746,355438.294787,0.00340812195606
0.00404400491746,363901.11133,0.00408925565565
0.00404400491746,372363.927872,0.00244515051617
0.00404400491746,380826.744415,0.00590058849618
0.00404400491746,389289.560957,0.00765878577643
0.00404400491746,397752.3775,0.0056921321601
0.00404400491746,406215.194042,0.0102867554073
0.00404400491746,414678.010585,0.00977767764157
0.00404400491746,423140.827127,0.0032483181394
0.00404400491746,431603.64367,0.00158736530623
0.00404400491746,440066.460213,0.0019790661652
0.00404400491746,448529.276755,0.00254267502932
0.00404400491746,456992.093298,0.000829308246467
0.00404400491746,465454.90984,0.00738223147101
0.00404400491746,473917.726383,0.00695949342279
0.00404400491746,482380.542925,0.00200779999458
0.00404400491746,490843.359468,0.00382529448827
0.00404400491746,499306.17601,0.000331940005729
0.00404400491746,507768.992553,0.000663936600902
0.00404400491746,516231.809096,0.000329787078325
0.00404400491746,524694.625638,0.000536065967631
0.00404400491746,533157.442181,0.000289858148806
0.00404400491746,541620.258723,0.00293109745531
0.00404400491746,550083.075266,0.00429291879134
0.00404400491746,558545.891808,0.00150338441204
0.00404400491746,567008.708351,0.00328535983705
0.00404400491746,575471.524893,0.00348808888206
0.00404400491746,583934.341436,0.000730368417415
0.00404400491746,592397.157978,8.39966588967e-05
0.00404400491746,600859.974521,0.000197054973385
0.00404400491746,609322.791064,0.000169686914298
0.00404400491746,617785.607606,0.00016471767367
0.00404400491746,626248.424149,0.000648381311841
0.00404400491746,634711.240691,0.000718898135114
0.00404400491746,643174.057234,0.00133948406466
0.00404400491746,651636.873776,0.00198883716468
0.00404400491746,660099.690319,0.00110717184785
0.00404400491746,668562.506861,0.000355249018301
0.00404400491746,677025.323404,9.29218411967e-05
0.00404400491746,685488.139946,5.9755313224e-05
0.00404400491746,693950.956489,7.48652719776e-06
0.00404400491746,702413.773032,1.92751047346e-05
0.00404400491746,710876.589574,0.000165415814286
0.00404400491746,719339.406117,0.000248683474676
0.00404400491746,727802.222659,0.00027996387114
0.00404400491746,736265.039202,0.000478426638172
0.00404400491746,744727.855744,0.000324080060668
0.00404400491746,753190.672287,0.000129124034113
0.00404400491746,761653.488829,4.54283117419e-05
0.00404400491746,770116.305372,3.11962987043e-05
0.00404400491746,778579.121915,4.75921270635e-06
0.00404400491746,787041.938457,4.10364640034e-06
0.00404400491746,795504.755,2.89918688202e-05
0.00404400491746,803967.571542,2.8360206551e-05
0.00404400491746,812430.388085,7.33095061878e-05
0.00404400491746,820893.204627,0.000119254525547
0.00404400491746,829356.02117,6.70391784641e-05
0.00404400491746,837818.837712,7.28798739829e-06
0.00404400491746,846281.654255,9.09022400078e-06
0.00404400491746,854744.470797,3.74991308389e-06
0.00404400491746,863207.28734,1.20003501746e-06
0.00404400491746,871670.103883,3.10302005054e-06
0.00404400491746,880132.920425,3.3281841187e-06
0.00404400491746,888595.736968,5.61724999224e-06
0.00404400491746,897058.55351,1.07437358831e-05
0.00404400491746,905521.370053,1.64450182934e-05
0.00404400491746,913984.186595,1.28065110439e-05
0.00404400491746,922447.003138,3.89143119145e-06
0.00404400491746,930909.81968,3.13871713682e-06
0.00404400491746,939372.636223,2.08945672555e-06
0.00404400491746,947835.452766,1.42800472661e-06
0.00404400491746,956298.269308,3.99970302526e-07
0.00404400491746,964761.085851,1.07502456181e-06
0.00404400491746,973223.902393,1.14207791549e-06
0.00404400491746,981686.718936,1.32405846289e-06
0.00404400491746,990149.535478,2.9724634006e-06
0.00404400491746,998612.352021,1.65452667836e-06
0.00404400491746,1007075.16856,2.22666352446e-07
0.00404400491746,1015537.98511,1.24514893296e-06
0.00404400491746,1024000.80165,3.00213022413e-07
0.00404400491746,1032463.61819,3.6040844805e-07
0.00404400491746,1040926.43473,1.82701505088e-07
0.00404400491746,1049389.25128,2.40454074028e-07
0.00404400491746,1057852.06782,1.41512546406e-07
0.00404400491746,1066314.88436,1.34978359272e-07
0.00404400491746,1074777.7009,4.28837055237e-07
0.00404400491746,1083240.51745,9.55630431854e-08
0.00404400491746,1091703.33399,1.34248369581e-07
0.00404400491746,1100166.15053,2.48271447123e-07
0.00404400491746,1108628.96707,4.70083167308e-08
0.00404400491746,1117091.78362,1.89253339164e-07
0.00404400491746,1125554.60016,9.5880922059e-08
0.00404400491746,1134017.4167,1.43731599366e-07
0.00404400491746,1142480.23324,1.13269776425e-07
0.00404400491746,1150943.04979,1.13627324486e-07
0.00404400491746,1159405.86633,1.57341418439e-07
0.00404400491746,1167868.68287,9.67094483126e-08
0.00404400491746,1176331.49941,1.00301786035e-07
0.00404400491746,1184794.31596,1.33455768626e-07
0.00404400491746,1193257.1325,9.17345908891e-08
0.00404400491746,1201719.94904,1.12066235257e-07
0.00404400491746,1210182.76558,1.02539929797e-07
0.00404400491746,1218645.58213,1.01087082017e-07
0.00404400491746,1227108.39867,1.02811981471e-07
0.00404400491746,1235571.21521,9.8238421895e-08
0.00404400491746,1244034.03175,9.94287354026e-08
0.00404400491746,1252496.8483,9.6111979395e-08
0.00404400491746,1260959.66484,9.20189017418e-08
0.00404400491746,1269422.48138,9.50326754888e-08
0.00404400491746,1277885.29792,9.02421618349e-08
0.00404400491746,1286348.11447,8.96470965087e-08
0.00404400491746,1294810.93101,8.72657231416e-08
0.00404400491746,1303273.74755,8.64806372459e-08
0.00404400491746,1311736.5641,8.4656485847e-08
0.00404400491746,1320199.38064,8.2955985985e-08
0.00404400491746,1328662.19718,8.15926652931e-08
0.00404400491746,1337125.01372,8.0390440744e-08
0.00404400491746,1345587.83027,7.88256994572e-08
0.00404400491746,1354050.64681,7.74504181827e-08
0.00404400491746,1362513.46335,7.61697403614e-08
0.00404400491746,1370976.27989,7.49247778937e-08
0.00404400491746,1379439.09644,7.34159401083e-08
0.00404400491746,1387901.91298,7.21504409271e-08
0.00404400491746,1396364.72952,7.0967189719e-08
0.00404400491746,1404827.54606,6.95756898286e-08
0.00404400491746,1413290.36261,6.83991069885e-08
0.00404400491746,1421753.17915,6.72174934201e-08
0.00404400491746,1430215.99569,6.5955512362e-08
0.00404400491746,1438678.81223,6.48076767367e-08
0.00404400491746,1447141.62878,6.3672450156e-08
0.00404400491746,1455604.44532,6.25182101396e-08
0.00404400491746,1464067.26186,6.13934480266e-08
0.00404400491746,1472530.0784,6.03027327535e-08
0.00404400491746,1480992.89495,5.92073875869e-08
0.00404400491746,1489455.71149,5.81412565124e-08
0.00404400491746,1497918.52803,5.70776230778e-08
0.00404400491746,1506381.34457,5.60438917588e-08
0.00404400491746,1514844.16112,5.50152801501e-08
0.00404400491746,1523306.97766,5.39970256748e-08
0.00404400491746,1531769.7942,5.30056037622e-08
0.00404400491746,1540232.61074,5.20192669043e-08
0.00404400491746,1548695.42729,5.10470341363e-08
0.00404400491746,1557158.24383,5.00910324273e-08
0.00404400491746,1565621.06037,4.91452890339e-08
0.00404400491746,1574083.87691,4.82123267347e-08
0.00404400491746,1582546.69346,4.72914855556e-08
0.00404400491746,1591009.51,4.63826156934e-08
0.00404400491746,1599472.32654,4.54838739476e-08
0.00404400491746,1607935.14308,4.45970794387e-08
0.00404400491746,1616397.95963,4.37209178266e-08
0.00404400491746,1624860.77617,4.28551994846e-08
0.00404400491746,1633323.59271,4.19994993252e-08
0.00404400491746,1641786.40925,4.11540021973e-08
0.00404400491746,1650249.2258,4.03180778282e-08
0.00404400491746,1658712.04234,3.94917311891e-08
0.00404400491746,1667174.85888,3.86744044233e-08
0.00404400491746,1675637.67542,3.78661337035e-08
0.00404400491746,1684100.49197,3.70666051917e-08
0.00404400491746,1692563.30851,3.62754451354e-08
0.00404400491746,1701026.12505,3.54926304528e-08
0.00404400491746,1709488.94159,3.47177908457e-08
0.00404400491746,1717951.75814,3.39507875264e-08
0.00404400491746,1726414.57468,3.31913738063e-08
0.00404400491746,1734877.39122,3.24393311672e-08
0.00404400491746,1743340.20777,3.16945056115e-08
0.00404400491746,1751803.02431,3.0956654761e-08
0.00404400491746,1760265.84085,3.02255918615e-08
0.00404400491746,1768728.65739,2.95011415801e-08
0.00404400491746,1777191.47394,2.8783099651e-08
0.00404400491746,1785654.29048,2.80712819041e-08
0.00404400491746,1794117.10702,2.73655205412e-08
0.00404400491746,1802579.92356,2.66656233451e-08
0.00404400491746,1811042.74011,2.59714228948e-08
0.00404400491746,1819505.55665,2.52827481158e-08
0.00404400491746,1827968.37319,2.45994289859e-08
0.00404400491746,1836431.18973,2.39213015462e-08
0.00404400491746,1844894.00628,2.3248203244e-08
0.00404400491746,1853356.82282,2.25799739121e-08
0.00404400491746,1861819.63936,2.19164574981e-08
0.00404400491746,1870282.4559,2.1257498772e-08
0.00404400491746,1878745.27245,2.06029455239e-08
0.00404400491746,1887208.08899,1.99526489741e-08
0.00404400491746,1895670.90553,1.93064601786e-08
0.00404400491746,1904133.72207,1.86642348734e-08
0.00404400491746,1912596.53862,1.80258293233e-08
0.00404400491746,1921059.35516,1.73911018466e-08
0.00404400491746,1929522.1717,1.67599135974e-08
0.00404400491746,1937984.98824,1.61321264196e-08
0.00404400491746,1946447.80479,1.55076050543e-08
0.00404400491746,1954910.62133,1.48862147243e-08
0.00404400491746,1963373.43787,1.42678234762e-08
0.00404400491746,1971836.25441,1.36522998784e-08
0.00404400491746,1980299.07096,1.30395148699e-08
0.00404400491746,1988761.8875,1.2429339941e-08
0.00404400491746,1997224.70404,1.18216486984e-08
0.00404400491746,2005687.52058,1.12163158471e-08
0.00404400491746,2014150.33713,1.06132172365e-08
0.00404400491746,2022613.15367,1.0012229948e-08
0.00404400491746,2031075.97021,9.41323294446e-09
0.00404400491746,2039538.78675,8.81610524505e-09
0.00404400491746,2048001.6033,8.22072877084e-09
0.00404400491746,2056464.41984,7.62698523095e-09
0.00404400491746,2064927.23638,7.03475873737e-09
0.00404400491746,2073390.05292,6.44393582589e-09
0.00404400491746,2081852.86947,5.85440394887e-09
0.00404400491746,2090315.68601,5.26605468806e-09
0.00404400491746,2098778.50255,4.67878460458e-09
0.00404400491746,2107241.31909,4.09249693739e-09
0.00404400491746,2115704.13564,3.5071102066e-09
0.00404400491746,2124166.95218,2.92256801035e-09
0.00404400491746,2132629.76872,2.33887521277e-09
0.00404400491746,2141092.58526,1.75619378489e-09
0.00404400491746,2149555.40181,1.17523388761e-09
0.00404400491746,2158018.21835,5.99902586157e-10
0.00404400491746,2166481.03489,1.39789129174e-10
0.00483280590095,0,0.000112002249878
0.00483280590095,8462.81654255,0.00048168971621
0.00483280590095,16925.6330851,8.09778813524e-05
0.00483280590095,25388.4496276,3.29103873979e-05
0.00483280590095,33851.2661702,1.26040883122e-05
0.00483280590095,42314.0827127,2.48727300791e-06
0.00483280590095,50776.8992553,6.48541377476e-06
0.00483280590095,59239.7157978,2.0280606041e-05
0.00483280590095,67702.5323404,6.88500481035e-05
0.00483280590095,76165.3488829,0.00134621118678
0.00483280590095,84628.1654255,0.00362343227426
0.00483280590095,93090.981968,0.0031149921542
0.00483280590095,101553.798511,0.0012560459259
0.00483280590095,110016.615053,0.000578605825164
0.00483280590095,118479.431596,0.000302996134512
0.00483280590095,126942.248138,0.000119544756959
0.00483280590095,135405.064681,0.000244249112622
0.00483280590095,143867.881223,0.000116154661775
0.00483280590095,152330.697766,4.55198976123e-05
0.00483280590095,160793.514308,0.000183464251447
0.00483280590095,169256.330851,0.00107227041694
0.00483280590095,177719.147394,0.00120368433939
0.00483280590095,186181.963936,0.000279642687006
0.00483280590095,194644.780479,0.000103334793812
0.00483280590095,203107.597021,0.000131553202069
0.00483280590095,211570.413564,8.60722438452e-05
0.00483280590095,220033.230106,3.29530449518e-05
0.00483280590095,228496.046649,3.4912325994e-06
0.00483280590095,236958.863191,4.44033054686e-06
0.00483280590095,245421.679734,5.97557429815e-05
0.00483280590095,253884.496276,0.000192132809723
0.00483280590095,262347.312819,0.000144087113092
0.00483280590095,270810.129362,1.57290481722e-05
0.00483280590095,279272.945904,2.77826760088e-06
0.00483280590095,287735.762447,1.33167424619e-06
0.00483280590095,296198.578989,5.65846637734e-07
0.00483280590095,304661.395532,3.46837386136e-07
0.00483280590095,313124.212074,6.07840878566e-08
0.00483280590095,321587.028617,1.22150094254e-07
0.00483280590095,330049.845159,2.346556075e-08
0.00483280590095,338512.661702,3.34722598705e-07
0.00483280590095,346975.478245,3.4645429565e-07
0.00483280590095,355438.294787,1.84937910562e-07
0.00483280590095,363901.11133,4.91460471982e-08
0.00483280590095,372363.927872,6.03806821714e-08
0.00483280590095,380826.744415,7.84694552299e-08
0.00483280590095,389289.560957,4.37770859322e-08
0.00483280590095,397752.3775,1.58217462409e-08
0.00483280590095,406215.194042,1.4501842136e-08
0.00483280590095,414678.010585,6.64821247926e-09
0.00483280590095,423140.827127,8.91484415508e-08
0.00483280590095,431603.64367,1.31182485999e-07
0.00483280590095,440066.460213,6.00523157101e-08
0.00483280590095,448529.276755,1.13540196858e-08
0.00483280590095,456992.093298,2.2711963258e-08
0.00483280590095,465454.90984,3.46691241261e-09
0.00483280590095,473917.726383,1.20548764699e-08
0.00483280590095,482380.542925,1.01730525963e-08
0.00483280590095,490843.359468,9.57030784061e-09
0.00483280590095,499306.17601,9.24210718422e-09
0.00483280590095,507768.992553,8.91593716236e-09
0.00483280590095,516231.809096,8.60676103855e-09
0.00483280590095,524694.625638,8.34203153562e-09
0.00483280590095,533157.442181,8.03528464036e-09
0.00483280590095,541620.258723,7.78239321123e-09
0.00483280590095,550083.075266,7.47622026743e-09
0.00483280590095,558545.891808,7.2240674478e-09
0.00483280590095,567008.708351,6.96663410186e-09
0.00483280590095,575471.524893,6.71471565104e-09
0.00483280590095,583934.341436,6.47675350997e-09
0.00483280590095,592397.157978,6.24611543857e-09
0.00483280590095,600859.974521,6.01867757966e-09
0.00483280590095,609322.791064,5.80313173339e-09
0.00483280590095,617785.607606,5.59670658053e-09
0.00483280590095,626248.424149,5.39280174413e-09
0.00483280590095,634711.240691,5.20421161169e-09
0.00483280590095,643174.057234,5.02566975916e-09
0.00483280590095,651636.873776,4.84300515019e-09
0.00483280590095,660099.690319,4.67429857103e-09
0.00483280590095,668562.506861,4.51283212694e-09
0.00483280590095,677025.323404,4.35691733607e-09
0.00483280590095,685488.139946,4.20715717883e-09
0.00483280590095,693950.956489,4.06382128852e-09
0.00483280590095,702413.773032,3.92625471965e-09
0.00483280590095,710876.589574,3.79426556818e-09
0.00483280590095,719339.406117,3.66761560446e-09
0.00483280590095,727802.222659,3.54606890875e-09
0.00483280590095,736265.039202,3.42940535107e-09
0.00483280590095,744727.855744,3.31741167719e-09
0.00483280590095,753190.672287,3.20986825597e-09
0.00483280590095,761653.488829,3.10658694237e-09
0.00483280590095,770116.305372,3.00737043236e-09
0.00483280590095,778579.121915,2.91203944304e-09
0.00483280590095,787041.938457,2.82041779543e-09
0.00483280590095,795504.755,2.73234018084e-09
0.00483280590095,803967.571542,2.64764737996e-09
0.00483280590095,812430.388085,2.56618850636e-09
0.00483280590095,820893.204627,2.48781911067e-09
0.00483280590095,829356.02117,2.41240209621e-09
0.00483280590095,837818.837712,2.33980690489e-09
0.00483280590095,846281.654255,2.26990819509e-09
0.00483280590095,854744.470797,2.20258918876e-09
0.00483280590095,863207.28734,2.13773569708e-09
0.00483280590095,871670.103883,2.07524117636e-09
0.00483280590095,880132.920425,2.01500306878e-09
0.00483280590095,888595.736968,1.95692455159e-09
0.00483280590095,897058.55351,1.9009126645e-09
0.00483280590095,905521.370053,1.84688002048e-09
0.00483280590095,913984.186595,1.79474196203e-09
0.00483280590095,922447.003138,1.74441919206e-09
0.00483280590095,930909.81968,1.69583547116e-09
0.00483280590095,939372.636223,1.64891849794e-09
0.00483280590095,947835.452766,1.60359907482e-09
0.00483280590095,956298.269308,1.55981167489e-09
0.00483280590095,964761.085851,1.51749362402e-09
0.00483280590095,973223.902393,1.47658502261e-09
0.00483280590095,981686.718936,1.43702907807e-09
0.00483280590095,990149.535478,1.39877148177e-09
0.00483280590095,998612.352021,1.3617603482e-09
0.00483280590095,1007075.16856,1.32594634677e-09
0.00483280590095,1015537.98511,1.29128240664e-09
0.00483280590095,1024000.80165,1.257723156e-09
0.00483280590095,1032463.61819,1.22522594387e-09
0.00483280590095,1040926.43473,1.19374955219e-09
0.00483280590095,1049389.25128,1.16325464263e-09
0.00483280590095,1057852.06782,1.13370415934e-09
0.00483280590095,1066314.88436,1.10506175268e-09
0.00483280590095,1074777.7009,1.07729353747e-09
0.00483280590095,1083240.51745,1.0503663716e-09
0.00483280590095,1091703.33399,1.0242494916e-09
0.00483280590095,1100166.15053,9.98912340579e-10
0.00483280590095,1108628.96707,9.74326542555e-10
0.00483280590095,1117091.78362,9.50464575678e-10
0.00483280590095,1125554.60016,9.27299951878e-10
0.00483280590095,1134017.4167,9.04807915302e-10
0.00483280590095,1142480.23324,8.8296359972e-10
0.00483280590095,1150943.04979,8.61744736578e-10
0.00483280590095,1159405.86633,8.41128389173e-10
0.00483280590095,1167868.68287,8.21093672383e-10
0.00483280590095,1176331.49941,8.01620249442e-10
0.00483280590095,1184794.31596,7.82688277038e-10
0.00483280590095,1193257.1325,7.64279222716e-10
0.00483280590095,1201719.94904,7.4637493528e-10
0.00483280590095,1210182.76558,7.28958147455e-10
0.00483280590095,1218645.58213,7.12012251166e-10
0.00483280590095,1227108.39867,6.9552130722e-10
0.00483280590095,1235571.21521,6.79469917878e-10
0.00483280590095,1244034.03175,6.63843246604e-10
0.00483280590095,1252496.8483,6.48627713695e-10
0.00483280590095,1260959.66484,6.33808660414e-10
0.00483280590095,1269422.48138,6.19374000209e-10
0.00483280590095,1277885.29792,6.05310562607e-10
0.00483280590095,1286348.11447,5.91606364416e-10
0.00483280590095,1294810.93101,5.78249683172e-10
0.00483280590095,1303273.74755,5.6522962773e-10
0.00483280590095,1311736.5641,5.52534658757e-10
0.00483280590095,1320199.38064,5.40155109786e-10
0.00483280590095,1328662.19718,5.28080581468e-10
0.00483280590095,1337125.01372,5.16301352297e-10
0.00483280590095,1345587.83027,5.04808328467e-10
0.00483280590095,1354050.64681,4.93592281062e-10
0.00483280590095,1362513.46335,4.82644711352e-10
0.00483280590095,1370976.27989,4.71957315215e-10
0.00483280590095,1379439.09644,4.61521774612e-10
0.00483280590095,1387901.91298,4.51330499826e-10
0.00483280590095,1396364.72952,4.41376035869e-10
0.00483280590095,1404827.54606,4.3165100555e-10
0.00483280590095,1413290.36261,4.22148422181e-10
0.00483280590095,1421753.17915,4.12861634067e-10
0.00483280590095,1430215.99569,4.03783962004e-10
0.00483280590095,1438678.81223,3.94909301547e-10
0.00483280590095,1447141.62878,3.86231185779e-10
0.00483280590095,1455604.44532,3.77744243958e-10
0.00483280590095,1464067.26186,3.69442380731e-10
0.00483280590095,1472530.0784,3.61320176536e-10
0.00483280590095,1480992.89495,3.53372209784e-10
0.00483280590095,1489455.71149,3.45593869856e-10
0.00483280590095,1497918.52803,3.37979285391e-10
0.00483280590095,1506381.34457,3.30524148194e-10
0.00483280590095,1514844.16112,3.23223970663e-10
0.00483280590095,1523306.97766,3.16073683044e-10
0.00483280590095,1531769.7942,3.09069209462e-10
0.00483280590095,1540232.61074,3.0220646179e-10
0.00483280590095,1548695.42729,2.95480811255e-10
0.00483280590095,1557158.24383,2.8888877488e-10
0.00483280590095,1565621.06037,2.82426166058e-10
0.00483280590095,1574083.87691,2.76089454629e-10
0.00483280590095,1582546.69346,2.6987467879e-10
0.00483280590095,1591009.51,2.63778687865e-10
0.00483280590095,1599472.32654,2.57797764866e-10
0.00483280590095,1607935.14308,2.51928647348e-10
0.00483280590095,1616397.95963,2.46168370287e-10
0.00483280590095,1624860.77617,2.40512989669e-10
0.00483280590095,1633323.59271,2.34960595654e-10
0.00483280590095,1641786.40925,2.29507566274e-10
0.00483280590095,1650249.2258,2.24150601118e-10
0.00483280590095,1658712.04234,2.1888806416e-10
0.00483280590095,1667174.85888,2.13716044642e-10
0.00483280590095,1675637.67542,2.08632627325e-10
0.00483280590095,1684100.49197,2.03634999381e-10
0.00483280590095,1692563.30851,1.9872069409e-10
0.00483280590095,1701026.12505,1.9388706862e-10
0.00483280590095,1709488.94159,1.89132162382e-10
0.00483280590095,1717951.75814,1.84453096866e-10
0.00483280590095,1726414.57468,1.79848193705e-10
0.00483280590095,1734877.39122,1.75314929646e-10
0.00483280590095,1743340.20777,1.70851039652e-10
0.00483280590095,1751803.02431,1.66454793672e-10
0.00483280590095,1760265.84085,1.6212373958e-10
0.00483280590095,1768728.65739,1.57856512571e-10
0.00483280590095,1777191.47394,1.53650186092e-10
0.00483280590095,1785654.29048,1.49503893639e-10
0.00483280590095,1794117.10702,1.45415140541e-10
0.00483280590095,1802579.92356,1.41382159854e-10
0.00483280590095,1811042.74011,1.37403555334e-10
0.00483280590095,1819505.55665,1.33477237213e-10
0.00483280590095,1827968.37319,1.29601569356e-10
0.00483280590095,1836431.18973,1.25774951046e-10
0.00483280590095,1844894.00628,1.21995733194e-10
0.00483280590095,1853356.82282,1.18262654958e-10
0.00483280590095,1861819.63936,1.1457334077e-10
0.00483280590095,1870282.4559,1.10927093427e-10
0.00483280590095,1878745.27245,1.07322043323e-10
0.00483280590095,1887208.08899,1.03756651046e-10
0.00483280590095,1895670.90553,1.00229856913e-10
0.00483280590095,1904133.72207,9.67396523667e-11
0.00483280590095,1912596.53862,9.32852228346e-11
0.00483280590095,1921059.35516,8.98648673786e-11
0.00483280590095,1929522.1717,8.64775513238e-11
0.00483280590095,1937984.98824,8.31213713101e-11
0.00483280590095,1946447.80479,7.97957160588e-11
0.00483280590095,1954910.62133,7.64988936283e-11
0.00483280590095,1963373.43787,7.32298334318e-11
0.00483280590095,1971836.25441,6.99871433015e-11
0.00483280590095,1980299.07096,6.67697957366e-11
0.00483280590095,1988761.8875,6.35763622863e-11
0.00483280590095,1997224.70404,6.04060162648e-11
0.00483280590095,2005687.52058,5.72570664559e-11
0.00483280590095,2014150.33713,5.41289633581e-11
0.00483280590095,2022613.15367,5.10201020547e-11
0.00483280590095,2031075.97021,4.79297263895e-11
0.00483280590095,2039538.78675,4.48564618062e-11
0.00483280590095,2048001.6033,4.17993656e-11
0.00483280590095,2056464.41984,3.87575966354e-11
0.00483280590095,2064927.23638,3.57297815569e-11
0.00483280590095,2073390.05292,3.27149621551e-11
0.00483280590095,2081852.86947,2.97128683716e-11
0.00483280590095,2090315.68601,2.67217610839e-11
0.00483280590095,2098778.50255,2.37413317358e-11
0.00483280590095,2107241.31909,2.07713584883e-11
0.00483280590095,2115704.13564,1.78114369495e-11
0.00483280590095,2124166.95218,1.48619220715e-11
0.00483280590095,2132629.76872,1.19255096922e-11
0.00483280590095,2141092.58526,9.00842388666e-12
0.00483280590095,2149555.40181,6.13134892317e-12
0.00483280590095,2158018.21835,3.3888035104e-12
0.00483280590095,2166481.03489,1.66879921085e-12
0.00562160688444,0,0.00175821004449
0.00562160688444,8462.81654255,0.00456909724154
0.00562160688444,16925.6330851,0.000961883882692
0.00562160688444,25388.4496276,0.0100753608698
0.00562160688444,33851.2661702,0.03316936755
0.00562160688444,42314.0827127,0.026591287063
0.00562160688444,50776.8992553,0.0134278850831
0.00562160688444,59239.7157978,0.0130021256797
0.00562160688444,67702.5323404,0.00469813538007
0.00562160688444,76165.3488829,0.00262332987626
0.00562160688444,84628.1654255,0.0161581129505
0.00562160688444,93090.981968,0.0546669682929
0.00562160688444,101553.798511,0.0411771670273
0.00562160688444,110016.615053,0.0278996756053
0.00562160688444,118479.431596,0.0382052221323
0.00562160688444,126942.248138,0.0549783359429
0.00562160688444,135405.064681,0.0658178481616
0.00562160688444,143867.881223,0.0208133189585
0.00562160688444,152330.697766,0.0207379650138
0.00562160688444,160793.514308,0.0276725786471
0.00562160688444,169256.330851,0.0104258027691
0.00562160688444,177719.147394,0.000879500861193
0.00562160688444,186181.963936,0.000477345820037
0.00562160688444,194644.780479,0.0014332160745
0.00562160688444,203107.597021,0.00126341357678
0.00562160688444,211570.413564,0.00151708704492
0.00562160688444,220033.230106,0.0148208621546
0.00562160688444,228496.046649,0.0321310292113
0.00562160688444,236958.863191,0.0134686050307
0.00562160688444,245421.679734,0.00617239232259
0.00562160688444,253884.496276,0.00977273693273
0.00562160688444,262347.312819,0.0156336239419
0.00562160688444,270810.129362,0.00615921605309
0.00562160688444,279272.945904,0.000703537604862
0.00562160688444,287735.762447,0.000792507138164
0.00562160688444,296198.578989,0.000769902964229
0.00562160688444,304661.395532,0.00019688791894
0.00562160688444,313124.212074,8.52633319216e-05
0.00562160688444,321587.028617,0.000229847363939
0.00562160688444,330049.845159,0.000661680483557
0.00562160688444,338512.661702,0.000652127262896
0.00562160688444,346975.478245,0.000399489747886
0.00562160688444,355438.294787,0.000232111018644
0.00562160688444,363901.11133,0.000585295572882
0.00562160688444,372363.927872,0.000288339505356
0.00562160688444,380826.744415,0.000233926486972
0.00562160688444,389289.560957,0.000176517286614
0.00562160688444,397752.3775,0.000397593721841
0.00562160688444,406215.194042,0.000195636806323
0.00562160688444,414678.010585,3.45719194257e-05
0.00562160688444,423140.827127,8.18347771444e-06
0.00562160688444,431603.64367,7.16011315792e-06
0.00562160688444,440066.460213,6.10267599825e-06
0.00562160688444,448529.276755,1.82244509405e-05
0.00562160688444,456992.093298,4.5482080679e-05
0.00562160688444,465454.90984,0.000182547153659
0.00562160688444,473917.726383,0.000152767410942
0.00562160688444,482380.542925,0.00011769201349
0.00562160688444,490843.359468,0.00024846534522
0.00562160688444,499306.17601,8.49197570842e-05
0.00562160688444,507768.992553,6.18789145076e-05
0.00562160688444,516231.809096,1.30151240006e-05
0.00562160688444,524694.625638,8.3118973851e-06
0.00562160688444,533157.442181,4.90920435274e-06
0.00562160688444,541620.258723,1.97621689399e-06
0.00562160688444,550083.075266,4.13475418742e-07
0.00562160688444,558545.891808,6.10682496837e-07
0.00562160688444,567008.708351,3.13542892843e-06
0.00562160688444,575471.524893,3.48170206795e-06
0.00562160688444,583934.341436,3.02926503774e-06
0.00562160688444,592397.157978,2.50798413132e-07
0.00562160688444,600859.974521,3.52937122928e-06
0.00562160688444,609322.791064,6.09413355779e-06
0.00562160688444,617785.607606,4.3750052319e-06
0.00562160688444,626248.424149,1.85808816974e-06
0.00562160688444,634711.240691,1.99296832333e-06
0.00562160688444,643174.057234,1.61970340426e-06
0.00562160688444,651636.873776,3.18894957355e-07
0.00562160688444,660099.690319,1.79473959511e-07
0.00562160688444,668562.506861,1.28268460517e-07
0.00562160688444,677025.323404,1.21802837301e-07
0.00562160688444,685488.139946,1.75122849323e-07
0.00562160688444,693950.956489,1.25046226344e-07
0.00562160688444,702413.773032,3.03366406513e-07
0.00562160688444,710876.589574,6.48794155954e-07
0.00562160688444,719339.406117,4.89579479377e-07
0.00562160688444,727802.222659,1.47220736452e-06
0.00562160688444,736265.039202,1.05864225358e-06
0.00562160688444,744727.855744,1.69971487064e-07
0.00562160688444,753190.672287,3.15938250008e-08
0.00562160688444,761653.488829,9.26649469529e-08
0.00562160688444,770116.305372,6.96691479771e-08
0.00562160688444,778579.121915,6.80589814112e-08
0.00562160688444,787041.938457,6.83419409563e-08
0.00562160688444,795504.755,6.486869076e-08
0.00562160688444,803967.571542,5.55938036569e-08
0.00562160688444,812430.388085,6.81405054297e-08
0.00562160688444,820893.204627,4.93406934828e-08
0.00562160688444,829356.02117,5.79893892489e-08
0.00562160688444,837818.837712,5.9831791896e-08
0.00562160688444,846281.654255,3.59497726473e-08
0.00562160688444,854744.470797,7.24145704462e-08
0.00562160688444,863207.28734,3.77658732063e-08
0.00562160688444,871670.103883,4.95399097795e-08
0.00562160688444,880132.920425,4.43954666829e-08
0.00562160688444,888595.736968,4.14954559311e-08
0.00562160688444,897058.55351,4.06864233522e-08
0.00562160688444,905521.370053,3.95403340056e-08
0.00562160688444,913984.186595,3.81430436497e-08
0.00562160688444,922447.003138,3.67828988825e-08
0.00562160688444,930909.81968,3.56488288077e-08
0.00562160688444,939372.636223,3.4844838013e-08
0.00562160688444,947835.452766,3.24773826336e-08
0.00562160688444,956298.269308,3.19538599855e-08
0.00562160688444,964761.085851,3.43162992686e-08
0.00562160688444,973223.902393,2.64301698084e-08
0.00562160688444,981686.718936,2.97492952189e-08
0.00562160688444,990149.535478,2.84055506283e-08
0.00562160688444,998612.352021,2.72865519824e-08
0.00562160688444,1007075.16856,2.62937081183e-08
0.00562160688444,1015537.98511,2.54918786014e-08
0.00562160688444,1024000.80165,2.46569859515e-08
0.00562160688444,1032463.61819,2.38731554268e-08
0.00562160688444,1040926.43473,2.31212882585e-08
0.00562160688444,1049389.25128,2.2382541883e-08
0.00562160688444,1057852.06782,2.16874814903e-08
0.00562160688444,1066314.88436,2.10021127956e-08
0.00562160688444,1074777.7009,2.03396734055e-08
0.00562160688444,1083240.51745,1.97747846997e-08
0.00562160688444,1091703.33399,1.9038191545e-08
0.00562160688444,1100166.15053,1.85473767699e-08
0.00562160688444,1108628.96707,1.79503433083e-08
0.00562160688444,1117091.78362,1.73960927876e-08
0.00562160688444,1125554.60016,1.6875633519e-08
0.00562160688444,1134017.4167,1.63599231712e-08
0.00562160688444,1142480.23324,1.58634491496e-08
0.00562160688444,1150943.04979,1.53841344072e-08
0.00562160688444,1159405.86633,1.49205542485e-08
0.00562160688444,1167868.68287,1.44721505644e-08
0.00562160688444,1176331.49941,1.40379694764e-08
0.00562160688444,1184794.31596,1.36183782839e-08
0.00562160688444,1193257.1325,1.3212579788e-08
0.00562160688444,1201719.94904,1.28137975755e-08
0.00562160688444,1210182.76558,1.24430087535e-08
0.00562160688444,1218645.58213,1.20664558665e-08
0.00562160688444,1227108.39867,1.17103605222e-08
0.00562160688444,1235571.21521,1.13638309954e-08
0.00562160688444,1244034.03175,1.10283946348e-08
0.00562160688444,1252496.8483,1.07028402322e-08
0.00562160688444,1260959.66484,1.03873528763e-08
0.00562160688444,1269422.48138,1.00814191942e-08
0.00562160688444,1277885.29792,9.78472673926e-09
0.00562160688444,1286348.11447,9.49694340778e-09
0.00562160688444,1294810.93101,9.21779043355e-09
0.00562160688444,1303273.74755,8.94690623282e-09
0.00562160688444,1311736.5641,8.68407039224e-09
0.00562160688444,1320199.38064,8.42890666018e-09
0.00562160688444,1328662.19718,8.18138193037e-09
0.00562160688444,1337125.01372,7.94092875979e-09
0.00562160688444,1345587.83027,7.7075036765e-09
0.00562160688444,1354050.64681,7.48086616432e-09
0.00562160688444,1362513.46335,7.26071773298e-09
0.00562160688444,1370976.27989,7.0469073824e-09
0.00562160688444,1379439.09644,6.83920404762e-09
0.00562160688444,1387901.91298,6.63741331414e-09
0.00562160688444,1396364.72952,6.44134649422e-09
0.00562160688444,1404827.54606,6.25082114861e-09
0.00562160688444,1413290.36261,6.06566332718e-09
0.00562160688444,1421753.17915,5.88570436099e-09
0.00562160688444,1430215.99569,5.71078019997e-09
0.00562160688444,1438678.81223,5.54074267993e-09
0.00562160688444,1447141.62878,5.37543163359e-09
0.00562160688444,1455604.44532,5.21471033363e-09
0.00562160688444,1464067.26186,5.05844187665e-09
0.00562160688444,1472530.0784,4.90648860579e-09
0.00562160688444,1480992.89495,4.75872328026e-09
0.00562160688444,1489455.71149,4.61502386949e-09
0.00562160688444,1497918.52803,4.475270834e-09
0.00562160688444,1506381.34457,4.33935040142e-09
0.00562160688444,1514844.16112,4.20715163153e-09
0.00562160688444,1523306.97766,4.07856926226e-09
0.00562160688444,1531769.7942,3.95350043221e-09
0.00562160688444,1540232.61074,3.8318472706e-09
0.00562160688444,1548695.42729,3.71351462013e-09
0.00562160688444,1557158.24383,3.59841120707e-09
0.00562160688444,1565621.06037,3.48644896312e-09
0.00562160688444,1574083.87691,3.3775429207e-09
0.00562160688444,1582546.69346,3.27161140889e-09
0.00562160688444,1591009.51,3.16857555209e-09
0.00562160688444,1599472.32654,3.06835924711e-09
0.00562160688444,1607935.14308,2.97088934306e-09
0.00562160688444,1616397.95963,2.87609520863e-09
0.00562160688444,1624860.77617,2.78390862865e-09
0.00562160688444,1633323.59271,2.69426425646e-09
0.00562160688444,1641786.40925,2.6070984367e-09
0.00562160688444,1650249.2258,2.5223505225e-09
0.00562160688444,1658712.04234,2.43996163323e-09
0.00562160688444,1667174.85888,2.3598750758e-09
0.00562160688444,1675637.67542,2.28203625718e-09
0.00562160688444,1684100.49197,2.20639276456e-09
0.00562160688444,1692563.30851,2.13289351688e-09
0.00562160688444,1701026.12505,2.06148995242e-09
0.00562160688444,1709488.94159,1.99213522509e-09
0.00562160688444,1717951.75814,1.92478364758e-09
0.00562160688444,1726414.57468,1.85939173266e-09
0.00562160688444,1734877.39122,1.79591756765e-09
0.00562160688444,1743340.20777,1.73432096086e-09
0.00562160688444,1751803.02431,1.6745624163e-09
0.00562160688444,1760265.84085,1.61660508034e-09
0.00562160688444,1768728.65739,1.56041296677e-09
0.00562160688444,1777191.47394,1.50595103638e-09
0.00562160688444,1785654.29048,1.45318652456e-09
0.00562160688444,1794117.10702,1.4020872319e-09
0.00562160688444,1802579.92356,1.35262258999e-09
0.00562160688444,1811042.74011,1.3047627639e-09
0.00562160688444,1819505.55665,1.25848001115e-09
0.00562160688444,1827968.37319,1.21374634804e-09
0.00562160688444,1836431.18973,1.17053599614e-09
0.00562160688444,1844894.00628,1.12882398657e-09
0.00562160688444,1853356.82282,1.0885853682e-09
0.00562160688444,1861819.63936,1.04979750913e-09
0.00562160688444,1870282.4559,1.01243752519e-09
0.00562160688444,1878745.27245,9.76483723044e-10
0.00562160688444,1887208.08899,9.41914861207e-10
0.00562160688444,1895670.90553,9.08710792533e-10
0.00562160688444,1904133.72207,8.76851602923e-10
0.00562160688444,1912596.53862,8.46317346007e-10
0.00562160688444,1921059.35516,8.1708936579e-10
0.00562160688444,1929522.1717,7.89148685927e-10
0.00562160688444,1937984.98824,7.62476549589e-10
0.00562160688444,1946447.80479,7.3705413406e-10
0.00562160688444,1954910.62133,7.12862862206e-10
0.00562160688444,1963373.43787,6.89883811614e-10
0.00562160688444,1971836.25441,6.680975767e-10
0.00562160688444,1980299.07096,6.47484654186e-10
0.00562160688444,1988761.8875,6.28024869168e-10
0.00562160688444,1997224.70404,6.09697772451e-10
0.00562160688444,2005687.52058,5.92481705449e-10
0.00562160688444,2014150.33713,5.76354961697e-10
0.00562160688444,2022613.15367,5.61294773862e-10
0.00562160688444,2031075.97021,5.47277821043e-10
0.00562160688444,2039538.78675,5.34280360014e-10
0.00562160688444,2048001.6033,5.22278006432e-10
0.00562160688444,2056464.41984,5.11245578115e-10
0.00562160688444,2064927.23638,5.01159049418e-10
0.00562160688444,2073390.05292,4.91992667084e-10
0.00562160688444,2081852.86947,4.83722554468e-10
0.00562160688444,2090315.68601,4.76324536767e-10
0.00562160688444,2098778.50255,4.69775666008e-10
0.00562160688444,2107241.31909,4.64054144317e-10
0.00562160688444,2115704.13564,4.59140001189e-10
0.00562160688444,2124166.95218,4.55014889839e-10
0.00562160688444,2132629.76872,4.51662807184e-10
0.00562160688444,2141092.58526,4.49070035341e-10
0.00562160688444,2149555.40181,4.47225939257e-10
0.00562160688444,2158018.21835,4.46122745054e-10
0.00562160688444,2166481.03489,4.45755711642e-10
0.00641040786793,0,0.00908879117891
0.00641040786793,8462.81654255,0.00783258644194
0.00641040786793,16925.6330851,0.00297204285992
0.00641040786793,25388.4496276,0.00383877187106
0.00641040786793,33851.2661702,0.000780758347346
0.00641040786793,42314.0827127,0.0120683156629
0.00641040786793,50776.8992553,0.0428568053048
0.00641040786793,59239.7157978,0.0375896503509
0.00641040786793,67702.5323404,0.00158960657287
0.00641040786793,76165.3488829,0.0253339151988
0.00641040786793,84628.1654255,0.0161086564787
0.00641040786793,93090.981968,0.0140772255019
0.00641040786793,101553.798511,0.0818625450588
0.00641040786793,110016.615053,0.109901025239
0.00641040786793,118479.431596,0.0358112206006
0.00641040786793,126942.248138,0.0216631182212
0.00641040786793,135405.064681,0.0355782736147
0.00641040786793,143867.881223,0.0272992768752
0.00641040786793,152330.697766,0.0271882491455
0.00641040786793,160793.514308,0.0893814621717
0.00641040786793,169256.330851,0.0627198061381
0.00641040786793,177719.147394,0.0344819789378
0.00641040786793,186181.963936,0.0501697262407
0.00641040786793,194644.780479,0.0174027584801
0.00641040786793,203107.597021,0.00142164947127
0.00641040786793,211570.413564,0.00257203272504
0.00641040786793,220033.230106,0.00173940357705
0.00641040786793,228496.046649,0.000679479196527
0.00641040786793,236958.863191,0.00126742618339
0.00641040786793,245421.679734,0.00324560032731
0.00641040786793,253884.496276,0.000755692420025
0.00641040786793,262347.312819,0.024841755355
0.00641040786793,270810.129362,0.0596321850488
0.00641040786793,279272.945904,0.0467106335126
0.00641040786793,287735.762447,0.0282303176856
0.00641040786793,296198.578989,0.0177154377281
0.00641040786793,304661.395532,0.0024023771657
0.00641040786793,313124.212074,0.00133869361877
0.00641040786793,321587.028617,0.000808360476679
0.00641040786793,330049.845159,0.000844448925127
0.00641040786793,338512.661702,0.00185617250247
0.00641040786793,346975.478245,0.00331944573458
0.00641040786793,355438.294787,0.00181237344339
0.00641040786793,363901.11133,0.00050107528511
0.00641040786793,372363.927872,0.001634740948
0.00641040786793,380826.744415,0.00195839829311
0.00641040786793,389289.560957,0.00135743992838
0.00641040786793,397752.3775,0.000983095465945
0.00641040786793,406215.194042,0.000821652161365
0.00641040786793,414678.010585,0.00118473243847
0.00641040786793,423140.827127,0.000512663871558
0.00641040786793,431603.64367,0.000390146352713
0.00641040786793,440066.460213,0.00102187741932
0.00641040786793,448529.276755,0.00206633059543
0.00641040786793,456992.093298,0.00244248495847
0.00641040786793,465454.90984,0.000932737859227
0.00641040786793,473917.726383,4.18050310785e-05
0.00641040786793,482380.542925,7.98422276805e-05
0.00641040786793,490843.359468,4.79362473198e-05
0.00641040786793,499306.17601,7.2931822808e-06
0.00641040786793,507768.992553,2.1251388238e-05
0.00641040786793,516231.809096,3.36621605159e-05
0.00641040786793,524694.625638,2.69116329841e-05
0.00641040786793,533157.442181,0.000168106448074
0.00641040786793,541620.258723,0.000489984634763
0.00641040786793,550083.075266,0.000702346605577
0.00641040786793,558545.891808,0.00101413838352
0.00641040786793,567008.708351,0.000755541960611
0.00641040786793,575471.524893,0.000122624145827
0.00641040786793,583934.341436,4.49628672163e-05
0.00641040786793,592397.157978,6.19649697148e-05
0.00641040786793,600859.974521,3.62308596184e-05
0.00641040786793,609322.791064,1.17792681808e-05
0.00641040786793,617785.607606,3.3050274468e-05
0.00641040786793,626248.424149,2.56489995022e-05
0.00641040786793,634711.240691,5.00189839002e-06
0.00641040786793,643174.057234,1.17638097268e-05
0.00641040786793,651636.873776,1.74946404869e-05
0.00641040786793,660099.690319,1.06483160062e-05
0.00641040786793,668562.506861,1.21790222476e-05
0.00641040786793,677025.323404,4.94620389254e-06
0.00641040786793,685488.139946,1.13763979999e-05
0.00641040786793,693950.956489,2.07681254872e-05
0.00641040786793,702413.773032,1.73571978009e-05
0.00641040786793,710876.589574,1.16008477452e-06
0.00641040786793,719339.406117,1.64189862024e-05
0.00641040786793,727802.222659,2.48380377923e-05
0.00641040786793,736265.039202,1.29286495892e-05
0.00641040786793,744727.855744,1.13179414029e-06
0.00641040786793,753190.672287,5.40417279782e-07
0.00641040786793,761653.488829,7.54989888156e-07
0.00641040786793,770116.305372,1.17327538888e-07
0.00641040786793,778579.121915,2.80976456199e-07
0.00641040786793,787041.938457,2.40291893689e-07
0.00641040786793,795504.755,2.79113901278e-07
0.00641040786793,803967.571542,6.69009641483e-07
0.00641040786793,812430.388085,1.84046191591e-06
0.00641040786793,820893.204627,3.61534337919e-06
0.00641040786793,829356.02117,7.82028173165e-06
0.00641040786793,837818.837712,8.06873211876e-06
0.00641040786793,846281.654255,2.08465250566e-06
0.00641040786793,854744.470797,2.87439402037e-07
0.00641040786793,863207.28734,5.56677621961e-07
0.00641040786793,871670.103883,3.90980032228e-07
0.00641040786793,880132.920425,1.04777124751e-07
0.00641040786793,888595.736968,1.81230782219e-07
0.00641040786793,897058.55351,1.03074504086e-07
0.00641040786793,905521.370053,8.1763480672e-08
0.00641040786793,913984.186595,5.05674364986e-08
0.00641040786793,922447.003138,9.34196828002e-08
0.00641040786793,930909.81968,7.24696220188e-08
0.00641040786793,939372.636223,2.02799481952e-08
0.00641040786793,947835.452766,7.09238533126e-08
0.00641040786793,956298.269308,7.48482080939e-08
0.00641040786793,964761.085851,1.143869806e-07
0.00641040786793,973223.902393,2.01676290744e-07
0.00641040786793,981686.718936,5.89499553491e-08
0.00641040786793,990149.535478,5.19816142811e-08
0.00641040786793,998612.352021,1.11412529774e-07
0.00641040786793,1007075.16856,9.5510472845e-08
0.00641040786793,1015537.98511,1.92206491327e-08
0.00641040786793,1024000.80165,2.81575205517e-08
0.00641040786793,1032463.61819,2.29407836085e-08
0.00641040786793,1040926.43473,2.57850572801e-08
0.00641040786793,1049389.25128,2.44925734199e-08
0.00641040786793,1057852.06782,2.38986711625e-08
0.00641040786793,1066314.88436,2.44556917527e-08
0.00641040786793,1074777.7009,2.13109035937e-08
0.00641040786793,1083240.51745,2.5313180922e-08
0.00641040786793,1091703.33399,1.81268949235e-08
0.00641040786793,1100166.15053,4.5722271844e-08
0.00641040786793,1108628.96707,2.80586135339e-08
0.00641040786793,1117091.78362,3.33065485157e-08
0.00641040786793,1125554.60016,1.95756266596e-08
0.00641040786793,1134017.4167,1.80537666902e-08
0.00641040786793,1142480.23324,2.04970190369e-08
0.00641040786793,1150943.04979,1.75900324751e-08
0.00641040786793,1159405.86633,1.72990494874e-08
0.00641040786793,1167868.68287,1.74634487532e-08
0.00641040786793,1176331.49941,1.66710731017e-08
0.00641040786793,1184794.31596,1.62856667386e-08
0.00641040786793,1193257.1325,1.6099879115e-08
0.00641040786793,1201719.94904,1.54098750295e-08
0.00641040786793,1210182.76558,1.52937030344e-08
0.00641040786793,1218645.58213,1.47330696176e-08
0.00641040786793,1227108.39867,1.44470139122e-08
0.00641040786793,1235571.21521,1.44898992062e-08
0.00641040786793,1244034.03175,1.36444073012e-08
0.00641040786793,1252496.8483,1.33457473635e-08
0.00641040786793,1260959.66484,1.31872421301e-08
0.00641040786793,1269422.48138,1.31641039673e-08
0.00641040786793,1277885.29792,1.23231757724e-08
0.00641040786793,1286348.11447,1.23819001894e-08
0.00641040786793,1294810.93101,1.20328218772e-08
0.00641040786793,1303273.74755,1.17678450568e-08
0.00641040786793,1311736.5641,1.15047610289e-08
0.00641040786793,1320199.38064,1.12456251409e-08
0.00641040786793,1328662.19718,1.10010342737e-08
0.00641040786793,1337125.01372,1.0754093017e-08
0.00641040786793,1345587.83027,1.05242360425e-08
0.00641040786793,1354050.64681,1.02948897924e-08
0.00641040786793,1362513.46335,1.00625798893e-08
0.00641040786793,1370976.27989,9.86502168989e-09
0.00641040786793,1379439.09644,9.61596925287e-09
0.00641040786793,1387901.91298,9.45112184928e-09
0.00641040786793,1396364.72952,9.22826186266e-09
0.00641040786793,1404827.54606,9.03904992397e-09
0.00641040786793,1413290.36261,8.83697376422e-09
0.00641040786793,1421753.17915,8.65455822136e-09
0.00641040786793,1430215.99569,8.47128031995e-09
0.00641040786793,1438678.81223,8.29220638964e-09
0.00641040786793,1447141.62878,8.116712655e-09
0.00641040786793,1455604.44532,7.94614208025e-09
0.00641040786793,1464067.26186,7.77856336721e-09
0.00641040786793,1472530.0784,7.615792849e-09
0.00641040786793,1480992.89495,7.45556951228e-09
0.00641040786793,1489455.71149,7.29910874743e-09
0.00641040786793,1497918.52803,7.14623991552e-09
0.00641040786793,1506381.34457,6.99647163739e-09
0.00641040786793,1514844.16112,6.84874270497e-09
0.00641040786793,1523306.97766,6.70754010385e-09
0.00641040786793,1531769.7942,6.56529538803e-09
0.00641040786793,1540232.61074,6.42732075116e-09
0.00641040786793,1548695.42729,6.2930894984e-09
0.00641040786793,1557158.24383,6.16025552501e-09
0.00641040786793,1565621.06037,6.03058189849e-09
0.00641040786793,1574083.87691,5.90334291955e-09
0.00641040786793,1582546.69346,5.77851059058e-09
0.00641040786793,1591009.51,5.65607072327e-09
0.00641040786793,1599472.32654,5.53589702261e-09
0.00641040786793,1607935.14308,5.41795731552e-09
0.00641040786793,1616397.95963,5.30216092221e-09
0.00641040786793,1624860.77617,5.18844579217e-09
0.00641040786793,1633323.59271,5.07679217113e-09
0.00641040786793,1641786.40925,4.96699625843e-09
0.00641040786793,1650249.2258,4.8594416524e-09
0.00641040786793,1658712.04234,4.75314869212e-09
0.00641040786793,1667174.85888,4.64918527688e-09
0.00641040786793,1675637.67542,4.54674573341e-09
0.00641040786793,1684100.49197,4.44604410738e-09
0.00641040786793,1692563.30851,4.34698682694e-09
0.00641040786793,1701026.12505,4.24952604983e-09
0.00641040786793,1709488.94159,4.15362785231e-09
0.00641040786793,1717951.75814,4.05924718223e-09
0.00641040786793,1726414.57468,3.96633737669e-09
0.00641040786793,1734877.39122,3.87486268155e-09
0.00641040786793,1743340.20777,3.78478341563e-09
0.00641040786793,1751803.02431,3.69606340055e-09
0.00641040786793,1760265.84085,3.6086678702e-09
0.00641040786793,1768728.65739,3.5225617123e-09
0.00641040786793,1777191.47394,3.43771384183e-09
0.00641040786793,1785654.29048,3.35409813469e-09
0.00641040786793,1794117.10702,3.27167205223e-09
0.00641040786793,1802579.92356,3.1904249582e-09
0.00641040786793,1811042.74011,3.11032054589e-09
0.00641040786793,1819505.55665,3.03133712356e-09
0.00641040786793,1827968.37319,2.95345119633e-09
0.00641040786793,1836431.18973,2.87664322855e-09
0.00641040786793,1844894.00628,2.80089252272e-09
0.00641040786793,1853356.82282,2.72618211762e-09
0.00641040786793,1861819.63936,2.65249642232e-09
0.00641040786793,1870282.4559,2.57982169468e-09
0.00641040786793,1878745.27245,2.50814658438e-09
0.00641040786793,1887208.08899,2.43746196344e-09
0.00641040786793,1895670.90553,2.36776101851e-09
0.00641040786793,1904133.72207,2.29904003949e-09
0.00641040786793,1912596.53862,2.23129750917e-09
0.00641040786793,1921059.35516,2.16453566235e-09
0.00641040786793,1929522.1717,2.09876035487e-09
0.00641040786793,1937984.98824,2.03398054858e-09
0.00641040786793,1946447.80479,1.97020975889e-09
0.00641040786793,1954910.62133,1.90746714854e-09
0.00641040786793,1963373.43787,1.84577553393e-09
0.00641040786793,1971836.25441,1.78516502064e-09
0.00641040786793,1980299.07096,1.72567179307e-09
0.00641040786793,1988761.8875,1.6673392524e-09
0.00641040786793,1997224.70404,1.61021954051e-09
0.00641040786793,2005687.52058,1.55437405465e-09
0.00641040786793,2014150.33713,1.49987459472e-09
0.00641040786793,2022613.15367,1.44680461242e-09
0.00641040786793,2031075.97021,1.39526088225e-09
0.00641040786793,2039538.78675,1.34535435292e-09
0.00641040786793,2048001.6033,1.29721197665e-09
0.00641040786793,2056464.41984,1.25097732624e-09
0.00641040786793,2064927.23638,1.20681305759e-09
0.00641040786793,2073390.05292,1.16489976456e-09
0.00641040786793,2081852.86947,1.12543783462e-09
0.00641040786793,2090315.68601,1.08864542447e-09
0.00641040786793,2098778.50255,1.05475695863e-09
0.00641040786793,2107241.31909,1.02402034979e-09
0.00641040786793,2115704.13564,9.96689488281e-10
0.00641040786793,2124166.95218,9.7301920305e-10
0.00641040786793,2132629.76872,9.53253425383e-10
0.00641040786793,2141092.58526,9.37616396574e-10
0.00641040786793,2149555.40181,9.26298602272e-10
0.00641040786793,2158018.21835,9.19446386369e-10
0.00641040786793,2166481.03489,9.1715136377e-10
0.00719920885142,0,0.00401228564234
0.00719920885142,8462.81654255,0.00185065039093
0.00719920885142,16925.6330851,0.00434322226062
0.00719920885142,25388.4496276,0.00532849173429
0.00719920885142,33851.2661702,0.0047376958662
0.00719920885142,42314.0827127,0.00450298046538
0.00719920885142,50776.8992553,0.0022215285393
0.00719920885142,59239.7157978,0.0273530151495
0.00719920885142,67702.5323404,0.0541462429586
0.00719920885142,76165.3488829,0.0290295363596
0.00719920885142,84628.1654255,0.0100034123689
0.00719920885142,93090.981968,0.035950142217
0.00719920885142,101553.798511,0.00855837965434
0.00719920885142,110016.615053,0.0358462726428
0.00719920885142,118479.431596,0.0499801616893
0.00719920885142,126942.248138,0.0748918826811
0.00719920885142,135405.064681,0.00907169330035
0.00719920885142,143867.881223,0.0201372351544
0.00719920885142,152330.697766,0.0275905102236
0.00719920885142,160793.514308,0.0234242215841
0.00719920885142,169256.330851,0.00542847389227
0.00719920885142,177719.147394,0.0305707585282
0.00719920885142,186181.963936,0.0991279421884
0.00719920885142,194644.780479,0.0830373652534
0.00719920885142,203107.597021,0.0599253886709
0.00719920885142,211570.413564,0.0638125935302
0.00719920885142,220033.230106,0.0190954193662
0.00719920885142,228496.046649,0.00530962494304
0.00719920885142,236958.863191,0.00352564491956
0.00719920885142,245421.679734,0.00155719373155
0.00719920885142,253884.496276,0.000716148229987
0.00719920885142,262347.312819,0.00130814781187
0.00719920885142,270810.129362,0.00174917121421
0.00719920885142,279272.945904,0.000828646812294
0.00719920885142,287735.762447,0.00289390602338
0.00719920885142,296198.578989,0.0125730417937
0.00719920885142,304661.395532,0.052313724962
0.00719920885142,313124.212074,0.0483925905715
0.00719920885142,321587.028617,0.0295544947318
0.00719920885142,330049.845159,0.0190740637627
0.00719920885142,338512.661702,0.00135885106962
0.00719920885142,346975.478245,0.00234292317977
0.00719920885142,355438.294787,0.00159277469778
0.00719920885142,363901.11133,0.00125001757823
0.00719920885142,372363.927872,0.000280036702188
0.00719920885142,380826.744415,0.000896410788127
0.00719920885142,389289.560957,0.0012096887648
0.00719920885142,397752.3775,0.00330071152324
0.00719920885142,406215.194042,0.000876098418849
0.00719920885142,414678.010585,0.000980942246733
0.00719920885142,423140.827127,0.00190761909116
0.00719920885142,431603.64367,0.00166435137355
0.00719920885142,440066.460213,0.0023218739251
0.00719920885142,448529.276755,0.00205194573242
0.00719920885142,456992.093298,0.00107738288548
0.00719920885142,465454.90984,0.000788613093888
0.00719920885142,473917.726383,0.000137405649656
0.00719920885142,482380.542925,0.000642165073688
0.00719920885142,490843.359468,0.00125465917038
0.00719920885142,499306.17601,0.00175268757088
0.00719920885142,507768.992553,0.0015365506746
0.00719920885142,516231.809096,0.00109022290595
0.00719920885142,524694.625638,0.00167794326458
0.00719920885142,533157.442181,0.000227621666548
0.00719920885142,541620.258723,0.000105533836803
0.00719920885142,550083.075266,7.49542427704e-05
0.00719920885142,558545.891808,6.30423786305e-05
0.00719920885142,567008.708351,3.30801578855e-05
0.00719920885142,575471.524893,7.08741431898e-05
0.00719920885142,583934.341436,4.86921332788e-05
0.00719920885142,592397.157978,4.28720312682e-05
0.00719920885142,600859.974521,3.04749632726e-05
0.00719920885142,609322.791064,0.000448216864873
0.00719920885142,617785.607606,0.00076210650272
0.00719920885142,626248.424149,0.0012368806879
0.00719920885142,634711.240691,0.00114956861376
0.00719920885142,643174.057234,0.000254305551743
0.00719920885142,651636.873776,4.31372706212e-05
0.00719920885142,660099.690319,2.59722871135e-05
0.00719920885142,668562.506861,4.52536225309e-05
0.00719920885142,677025.323404,3.73043862338e-05
0.00719920885142,685488.139946,2.2850428403e-05
0.00719920885142,693950.956489,5.68747027577e-06
0.00719920885142,702413.773032,4.17447242483e-05
0.00719920885142,710876.589574,2.23184900061e-05
0.00719920885142,719339.406117,7.00340506257e-06
0.00719920885142,727802.222659,2.51135033397e-05
0.00719920885142,736265.039202,1.9777463005e-05
0.00719920885142,744727.855744,2.61384036479e-05
0.00719920885142,753190.672287,2.79514324292e-05
0.00719920885142,761653.488829,1.37978161022e-05
0.00719920885142,770116.305372,4.06249961019e-06
0.00719920885142,778579.121915,1.45941838642e-05
0.00719920885142,787041.938457,2.41610796023e-05
0.00719920885142,795504.755,1.90073230774e-05
0.00719920885142,803967.571542,1.1066984232e-05
0.00719920885142,812430.388085,2.16607052675e-05
0.00719920885142,820893.204627,2.20724464074e-06
0.00719920885142,829356.02117,2.14280173219e-05
0.00719920885142,837818.837712,6.99013563318e-06
0.00719920885142,846281.654255,1.11568870052e-06
0.00719920885142,854744.470797,7.79835748576e-07
0.00719920885142,863207.28734,9.8993954971e-07
0.00719920885142,871670.103883,2.65239602488e-07
0.00719920885142,880132.920425,6.88916058564e-07
0.00719920885142,888595.736968,4.95596795453e-07
0.00719920885142,897058.55351,6.06962677437e-07
0.00719920885142,905521.370053,2.34665512908e-07
0.00719920885142,913984.186595,1.66223511494e-06
0.00719920885142,922447.003138,4.28089441126e-06
0.00719920885142,930909.81968,1.11963863765e-05
0.00719920885142,939372.636223,1.5170342812e-05
0.00719920885142,947835.452766,5.63164859779e-06
0.00719920885142,956298.269308,1.45886753353e-07
0.00719920885142,964761.085851,3.12793412288e-07
0.00719920885142,973223.902393,4.54910577015e-07
0.00719920885142,981686.718936,2.92767127765e-07
0.00719920885142,990149.535478,3.15231151534e-07
0.00719920885142,998612.352021,1.091756874e-07
0.00719920885142,1007075.16856,2.8140224214e-07
0.00719920885142,1015537.98511,1.27956658188e-07
0.00719920885142,1024000.80165,8.48867889289e-08
0.00719920885142,1032463.61819,7.966520063e-08
0.00719920885142,1040926.43473,1.95624398086e-07
0.00719920885142,1049389.25128,7.80442223483e-08
0.00719920885142,1057852.06782,2.24432320234e-07
0.00719920885142,1066314.88436,6.38201919165e-08
0.00719920885142,1074777.7009,8.23259784221e-08
0.00719920885142,1083240.51745,1.087069659e-07
0.00719920885142,1091703.33399,2.7718319725e-07
0.00719920885142,1100166.15053,2.22675623322e-07
0.00719920885142,1108628.96707,6.05354834949e-08
0.00719920885142,1117091.78362,7.62526102186e-08
0.00719920885142,1125554.60016,9.01310239016e-08
0.00719920885142,1134017.4167,1.53359670296e-07
0.00719920885142,1142480.23324,3.3129052647e-08
0.00719920885142,1150943.04979,3.96520113015e-08
0.00719920885142,1159405.86633,4.31572071229e-08
0.00719920885142,1167868.68287,3.6199123563e-08
0.00719920885142,1176331.49941,3.91266757464e-08
0.00719920885142,1184794.31596,3.65300556633e-08
0.00719920885142,1193257.1325,4.01518973425e-08
0.00719920885142,1201719.94904,3.35204053482e-08
0.00719920885142,1210182.76558,3.61535507853e-08
0.00719920885142,1218645.58213,3.17110435439e-08
0.00719920885142,1227108.39867,4.206585296e-08
0.00719920885142,1235571.21521,6.01980099648e-08
0.00719920885142,1244034.03175,8.25515227128e-08
0.00719920885142,1252496.8483,6.51896930692e-08
0.00719920885142,1260959.66484,2.93512013854e-08
0.00719920885142,1269422.48138,2.74988437443e-08
0.00719920885142,1277885.29792,2.77563745405e-08
0.00719920885142,1286348.11447,2.93302040634e-08
0.00719920885142,1294810.93101,2.69875095242e-08
0.00719920885142,1303273.74755,2.55210431601e-08
0.00719920885142,1311736.5641,2.47582676416e-08
0.00719920885142,1320199.38064,2.54397581535e-08
0.00719920885142,1328662.19718,2.38408660847e-08
0.00719920885142,1337125.01372,2.36908619252e-08
0.00719920885142,1345587.83027,2.22386724491e-08
0.00719920885142,1354050.64681,2.24349143254e-08
0.00719920885142,1362513.46335,2.13232726828e-08
0.00719920885142,1370976.27989,2.11679400458e-08
0.00719920885142,1379439.09644,2.04317359692e-08
0.00719920885142,1387901.91298,2.05517682656e-08
0.00719920885142,1396364.72952,1.92461498456e-08
0.00719920885142,1404827.54606,1.81342840732e-08
0.00719920885142,1413290.36261,1.88155347798e-08
0.00719920885142,1421753.17915,1.81059459529e-08
0.00719920885142,1430215.99569,1.72770771426e-08
0.00719920885142,1438678.81223,1.69254647533e-08
0.00719920885142,1447141.62878,1.66992187859e-08
0.00719920885142,1455604.44532,1.61178593055e-08
0.00719920885142,1464067.26186,1.5690630642e-08
0.00719920885142,1472530.0784,1.53008627525e-08
0.00719920885142,1480992.89495,1.489235979e-08
0.00719920885142,1489455.71149,1.45070381347e-08
0.00719920885142,1497918.52803,1.41124323073e-08
0.00719920885142,1506381.34457,1.37568753213e-08
0.00719920885142,1514844.16112,1.33903494534e-08
0.00719920885142,1523306.97766,1.30415321069e-08
0.00719920885142,1531769.7942,1.26752025462e-08
0.00719920885142,1540232.61074,1.24208945416e-08
0.00719920885142,1548695.42729,1.19389739404e-08
0.00719920885142,1557158.24383,1.17979270638e-08
0.00719920885142,1565621.06037,1.14002930789e-08
0.00719920885142,1574083.87691,1.11136147559e-08
0.00719920885142,1582546.69346,1.08192757763e-08
0.00719920885142,1591009.51,1.05250308131e-08
0.00719920885142,1599472.32654,1.02497472229e-08
0.00719920885142,1607935.14308,9.9830239832e-09
0.00719920885142,1616397.95963,9.7157231173e-09
0.00719920885142,1624860.77617,9.45522226769e-09
0.00719920885142,1633323.59271,9.20510093671e-09
0.00719920885142,1641786.40925,8.95823009499e-09
0.00719920885142,1650249.2258,8.71994711982e-09
0.00719920885142,1658712.04234,8.48494382323e-09
0.00719920885142,1667174.85888,8.25714306193e-09
0.00719920885142,1675637.67542,8.03540242962e-09
0.00719920885142,1684100.49197,7.81830564067e-09
0.00719920885142,1692563.30851,7.6063232024e-09
0.00719920885142,1701026.12505,7.40027381905e-09
0.00719920885142,1709488.94159,7.20376683648e-09
0.00719920885142,1717951.75814,7.00261424866e-09
0.00719920885142,1726414.57468,6.8133988232e-09
0.00719920885142,1734877.39122,6.62708377158e-09
0.00719920885142,1743340.20777,6.4452680254e-09
0.00719920885142,1751803.02431,6.26871225837e-09
0.00719920885142,1760265.84085,6.09588675731e-09
0.00719920885142,1768728.65739,5.9276959026e-09
0.00719920885142,1777191.47394,5.76366216787e-09
0.00719920885142,1785654.29048,5.6038208534e-09
0.00719920885142,1794117.10702,5.44803554804e-09
0.00719920885142,1802579.92356,5.29624508203e-09
0.00719920885142,1811042.74011,5.14830205344e-09
0.00719920885142,1819505.55665,5.00417975472e-09
0.00719920885142,1827968.37319,4.86380631244e-09
0.00719920885142,1836431.18973,4.72708884379e-09
0.00719920885142,1844894.00628,4.59379177133e-09
0.00719920885142,1853356.82282,4.46480615357e-09
0.00719920885142,1861819.63936,4.33764626699e-09
0.00719920885142,1870282.4559,4.21554684887e-09
0.00719920885142,1878745.27245,4.09600282365e-09
0.00719920885142,1887208.08899,3.97988700481e-09
0.00719920885142,1895670.90553,3.86704092936e-09
0.00719920885142,1904133.72207,3.75738098011e-09
0.00719920885142,1912596.53862,3.65088139873e-09
0.00719920885142,1921059.35516,3.54754000567e-09
0.00719920885142,1929522.1717,3.44729910407e-09
0.00719920885142,1937984.98824,3.35014105115e-09
0.00719920885142,1946447.80479,3.25605076189e-09
0.00719920885142,1954910.62133,3.16501184541e-09
0.00719920885142,1963373.43787,3.07702112903e-09
0.00719920885142,1971836.25441,2.99207642097e-09
0.00719920885142,1980299.07096,2.91017884181e-09
0.00719920885142,1988761.8875,2.83134896721e-09
0.00719920885142,1997224.70404,2.75559843187e-09
0.00719920885142,2005687.52058,2.6829583164e-09
0.00719920885142,2014150.33713,2.61344302234e-09
0.00719920885142,2022613.15367,2.54713081952e-09
0.00719920885142,2031075.97021,2.484027767e-09
0.00719920885142,2039538.78675,2.42420948857e-09
0.00719920885142,2048001.6033,2.36772869125e-09
0.00719920885142,2056464.41984,2.31465185849e-09
0.00719920885142,2064927.23638,2.26505411948e-09
0.00719920885142,2073390.05292,2.21900684356e-09
0.00719920885142,2081852.86947,2.176591749e-09
0.00719920885142,2090315.68601,2.13788932193e-09
0.00719920885142,2098778.50255,2.10298182571e-09
0.00719920885142,2107241.31909,2.0719503948e-09
0.00719920885142,2115704.13564,2.04487275818e-09
0.00719920885142,2124166.95218,2.02182198811e-09
0.00719920885142,2132629.76872,2.00286371583e-09
0.00719920885142,2141092.58526,1.98805548644e-09
0.00719920885142,2149555.40181,1.97744379853e-09
0.00719920885142,2158018.21835,1.9710612463e-09
0.00719920885142,2166481.03489,1.96893496332e-09
0.00798800983492,0,0.00527708273976
0.00798800983492,8462.81654255,0.00682801927597
0.00798800983492,16925.6330851,0.00744270119547
0.00798800983492,25388.4496276,0.00612784276699
0.00798800983492,33851.2661702,0.00366003179825
0.00798800983492,42314.0827127,0.00112174045338
0.00798800983492,50776.8992553,0.00140259325222
0.00798800983492,59239.7157978,0.00153227362103
0.00798800983492,67702.5323404,0.0163041164655
0.00798800983492,76165.3488829,0.0511840965229
0.00798800983492,84628.1654255,0.0373983350963
0.00798800983492,93090.981968,0.00257553324108
0.00798800983492,101553.798511,0.0120585985558
0.00798800983492,110016.615053,0.0529577165395
0.00798800983492,118479.431596,0.0898132018164
0.00798800983492,126942.248138,0.0917645433371
0.00798800983492,135405.064681,0.109828378903
0.00798800983492,143867.881223,0.0451669874638
0.00798800983492,152330.697766,0.00657729542092
0.00798800983492,160793.514308,0.0185408110364
0.00798800983492,169256.330851,0.0195978157748
0.00798800983492,177719.147394,0.0228585901213
0.00798800983492,186181.963936,0.00967469474513
0.00798800983492,194644.780479,0.00311327939538
0.00798800983492,203107.597021,0.0431127053099
0.00798800983492,211570.413564,0.107843117365
0.00798800983492,220033.230106,0.0805024412617
0.00798800983492,228496.046649,0.0710620634062
0.00798800983492,236958.863191,0.0627384563903
0.00798800983492,245421.679734,0.0105835976634
0.00798800983492,253884.496276,0.00773159634379
0.00798800983492,262347.312819,0.00250864981889
0.00798800983492,270810.129362,0.00129905085839
0.00798800983492,279272.945904,0.00162153722074
0.00798800983492,287735.762447,0.00136262884686
0.00798800983492,296198.578989,0.000610395234109
0.00798800983492,304661.395532,0.00239462297781
0.00798800983492,313124.212074,0.00211459847237
0.00798800983492,321587.028617,0.00298879266758
0.00798800983492,330049.845159,0.0129910092975
0.00798800983492,338512.661702,0.0180332537996
0.00798800983492,346975.478245,0.0251860613802
0.00798800983492,355438.294787,0.0226386671186
0.00798800983492,363901.11133,0.0137973018548
0.00798800983492,372363.927872,0.00441175076511
0.00798800983492,380826.744415,0.0019946412715
0.00798800983492,389289.560957,0.00181680931478
0.00798800983492,397752.3775,0.00139406222426
0.00798800983492,406215.194042,0.00125996888031
0.00798800983492,414678.010585,0.00109643517806
0.00798800983492,423140.827127,0.000808433611125
0.00798800983492,431603.64367,0.00151803448279
0.00798800983492,440066.460213,0.00448649243588
0.00798800983492,448529.276755,0.00447843151365
0.00798800983492,456992.093298,0.00162574697732
0.00798800983492,465454.90984,0.00184344585613
0.00798800983492,473917.726383,0.00165490197756
0.00798800983492,482380.542925,0.00251567790493
0.00798800983492,490843.359468,0.00264294790738
0.00798800983492,499306.17601,0.000749865552829
0.00798800983492,507768.992553,0.000730095307279
0.00798800983492,516231.809096,0.000897649273639
0.00798800983492,524694.625638,0.000874173578411
0.00798800983492,533157.442181,0.000586745023659
0.00798800983492,541620.258723,0.000226322755948
0.00798800983492,550083.075266,0.00140326811828
0.00798800983492,558545.891808,0.00211596736791
0.00798800983492,567008.708351,0.00228028026244
0.00798800983492,575471.524893,0.00179371274619
0.00798800983492,583934.341436,0.00209561508098
0.00798800983492,592397.157978,0.000556275152581
0.00798800983492,600859.974521,3.13658407888e-05
0.00798800983492,609322.791064,2.46994881166e-05
0.00798800983492,617785.607606,5.20375949573e-05
0.00798800983492,626248.424149,5.06177827443e-05
0.00798800983492,634711.240691,5.11231607771e-05
0.00798800983492,643174.057234,6.58435577963e-05
0.00798800983492,651636.873776,6.60169807378e-05
0.00798800983492,660099.690319,6.55102458498e-05
0.00798800983492,668562.506861,0.000110880703319
0.00798800983492,677025.323404,0.000193258866784
0.00798800983492,685488.139946,0.000450330688313
0.00798800983492,693950.956489,0.000587291268306
0.00798800983492,702413.773032,0.00117661882715
0.00798800983492,710876.589574,0.000548051571119
0.00798800983492,719339.406117,2.48282791085e-05
0.00798800983492,727802.222659,6.42255459269e-06
0.00798800983492,736265.039202,1.43781460282e-05
0.00798800983492,744727.855744,2.41886778699e-05
0.00798800983492,753190.672287,2.42266294823e-05
0.00798800983492,761653.488829,2.82705641601e-05
0.00798800983492,770116.305372,2.18801100253e-05
0.00798800983492,778579.121915,5.21720954052e-05
0.00798800983492,787041.938457,7.41453149202e-05
0.00798800983492,795504.755,3.52504560452e-05
0.00798800983492,803967.571542,3.43907405108e-05
0.00798800983492,812430.388085,2.96550673087e-05
0.00798800983492,820893.204627,2.96090015426e-05
0.00798800983492,829356.02117,3.89052885717e-05
0.00798800983492,837818.837712,1.70896344938e-05
0.00798800983492,846281.654255,7.92487031918e-06
0.00798800983492,854744.470797,4.86093048723e-06
0.00798800983492,863207.28734,1.11765061231e-05
0.00798800983492,871670.103883,1.42732925456e-05
0.00798800983492,880132.920425,1.88230852469e-05
0.00798800983492,888595.736968,1.25486676868e-05
0.00798800983492,897058.55351,1.78787039983e-05
0.00798800983492,905521.370053,3.60737473213e-05
0.00798800983492,913984.186595,3.21657965032e-05
0.00798800983492,922447.003138,3.43749444311e-05
0.00798800983492,930909.81968,1.26455685736e-05
0.00798800983492,939372.636223,5.87846307689e-07
0.00798800983492,947835.452766,3.09553932356e-07
0.00798800983492,956298.269308,5.78450325529e-07
0.00798800983492,964761.085851,7.76434894832e-07
0.00798800983492,973223.902393,5.24667841817e-07
0.00798800983492,981686.718936,6.76345292449e-07
0.00798800983492,990149.535478,7.17935744106e-07
0.00798800983492,998612.352021,6.708225196e-07
0.00798800983492,1007075.16856,6.23746895789e-07
0.00798800983492,1015537.98511,1.07413257037e-06
0.00798800983492,1024000.80165,2.77445540345e-06
0.00798800983492,1032463.61819,7.547548232e-06
0.00798800983492,1040926.43473,1.77125922558e-05
0.00798800983492,1049389.25128,1.08249811662e-05
0.00798800983492,1057852.06782,6.02113891183e-07
0.00798800983492,1066314.88436,3.84351167922e-07
0.00798800983492,1074777.7009,1.67781115195e-07
0.00798800983492,1083240.51745,2.31520598404e-07
0.00798800983492,1091703.33399,1.65699744167e-07
0.00798800983492,1100166.15053,4.05666579724e-07
0.00798800983492,1108628.96707,2.5002029119e-07
0.00798800983492,1117091.78362,2.39945628032e-07
0.00798800983492,1125554.60016,4.93089712335e-07
0.00798800983492,1134017.4167,3.19216297326e-07
0.00798800983492,1142480.23324,1.88255826758e-07
0.00798800983492,1150943.04979,2.61961935941e-07
0.00798800983492,1159405.86633,1.7446836911e-07
0.00798800983492,1167868.68287,2.41863240793e-07
0.00798800983492,1176331.49941,1.68869479251e-07
0.00798800983492,1184794.31596,5.15818215994e-08
0.00798800983492,1193257.1325,2.61451329351e-08
0.00798800983492,1201719.94904,1.23238272022e-07
0.00798800983492,1210182.76558,2.06262378774e-07
0.00798800983492,1218645.58213,2.7483817631e-07
0.00798800983492,1227108.39867,9.93424333304e-08
0.00798800983492,1235571.21521,9.79980246744e-08
0.00798800983492,1244034.03175,1.91345190869e-07
0.00798800983492,1252496.8483,2.41743307595e-07
0.00798800983492,1260959.66484,2.49416443993e-07
0.00798800983492,1269422.48138,1.06474405926e-07
0.00798800983492,1277885.29792,2.89332798617e-08
0.00798800983492,1286348.11447,3.01573959777e-08
0.00798800983492,1294810.93101,2.63202915086e-08
0.00798800983492,1303273.74755,2.22399274176e-08
0.00798800983492,1311736.5641,2.40043264478e-08
0.00798800983492,1320199.38064,2.62340357811e-08
0.00798800983492,1328662.19718,2.54964546918e-08
0.00798800983492,1337125.01372,2.2431927415e-08
0.00798800983492,1345587.83027,2.53997688524e-08
0.00798800983492,1354050.64681,1.9288387393e-08
0.00798800983492,1362513.46335,3.02927273882e-08
0.00798800983492,1370976.27989,2.21087698431e-08
0.00798800983492,1379439.09644,1.2180330223e-07
0.00798800983492,1387901.91298,8.03536042576e-08
0.00798800983492,1396364.72952,2.88214940287e-08
0.00798800983492,1404827.54606,2.01754281354e-08
0.00798800983492,1413290.36261,1.8544374406e-08
0.00798800983492,1421753.17915,1.83363810119e-08
0.00798800983492,1430215.99569,1.85226376272e-08
0.00798800983492,1438678.81223,1.9757949761e-08
0.00798800983492,1447141.62878,1.58958584806e-08
0.00798800983492,1455604.44532,1.73723051304e-08
0.00798800983492,1464067.26186,1.51522733536e-08
0.00798800983492,1472530.0784,1.6504730371e-08
0.00798800983492,1480992.89495,1.58274952885e-08
0.00798800983492,1489455.71149,1.49071899619e-08
0.00798800983492,1497918.52803,1.4587338921e-08
0.00798800983492,1506381.34457,1.50580264598e-08
0.00798800983492,1514844.16112,1.35067417715e-08
0.00798800983492,1523306.97766,1.37304017611e-08
0.00798800983492,1531769.7942,1.34594751249e-08
0.00798800983492,1540232.61074,1.36068141592e-08
0.00798800983492,1548695.42729,1.29598595401e-08
0.00798800983492,1557158.24383,1.10770116959e-08
0.00798800983492,1565621.06037,1.26764904225e-08
0.00798800983492,1574083.87691,1.17385568643e-08
0.00798800983492,1582546.69346,1.22369281438e-08
0.00798800983492,1591009.51,1.03431389325e-08
0.00798800983492,1599472.32654,1.13988627373e-08
0.00798800983492,1607935.14308,1.06314105852e-08
0.00798800983492,1616397.95963,1.04370509035e-08
0.00798800983492,1624860.77617,1.01591342537e-08
0.00798800983492,1633323.59271,9.91134980795e-09
0.00798800983492,1641786.40925,9.67453175058e-09
0.00798800983492,1650249.2258,9.42490492403e-09
0.00798800983492,1658712.04234,9.18519391728e-09
0.00798800983492,1667174.85888,8.94320156266e-09
0.00798800983492,1675637.67542,8.73622206609e-09
0.00798800983492,1684100.49197,8.49513901282e-09
0.00798800983492,1692563.30851,8.29875190865e-09
0.00798800983492,1701026.12505,8.07019408952e-09
0.00798800983492,1709488.94159,7.95272361506e-09
0.00798800983492,1717951.75814,7.30909956799e-09
0.00798800983492,1726414.57468,7.84522322279e-09
0.00798800983492,1734877.39122,7.17532742954e-09
0.00798800983492,1743340.20777,7.07247275193e-09
0.00798800983492,1751803.02431,6.8971600659e-09
0.00798800983492,1760265.84085,6.71061432703e-09
0.00798800983492,1768728.65739,6.52867228228e-09
0.00798800983492,1777191.47394,6.34833471033e-09
0.00798800983492,1785654.29048,6.18919374319e-09
0.00798800983492,1794117.10702,6.01521988514e-09
0.00798800983492,1802579.92356,5.85549596782e-09
0.00798800983492,1811042.74011,5.68567390069e-09
0.00798800983492,1819505.55665,5.53198104457e-09
0.00798800983492,1827968.37319,5.37487681157e-09
0.00798800983492,1836431.18973,5.22449621786e-09
0.00798800983492,1844894.00628,5.07186206883e-09
0.00798800983492,1853356.82282,4.92978595496e-09
0.00798800983492,1861819.63936,4.78356796865e-09
0.00798800983492,1870282.4559,4.64305084174e-09
0.00798800983492,1878745.27245,4.50489811325e-09
0.00798800983492,1887208.08899,4.36802089799e-09
0.00798800983492,1895670.90553,4.24166547349e-09
0.00798800983492,1904133.72207,4.10688074571e-09
0.00798800983492,1912596.53862,3.98013902146e-09
0.00798800983492,1921059.35516,3.85464778203e-09
0.00798800983492,1929522.1717,3.73585285202e-09
0.00798800983492,1937984.98824,3.6117903135e-09
0.00798800983492,1946447.80479,3.49820401258e-09
0.00798800983492,1954910.62133,3.38227642992e-09
0.00798800983492,1963373.43787,3.27058590845e-09
0.00798800983492,1971836.25441,3.16126748339e-09
0.00798800983492,1980299.07096,3.0545416081e-09
0.00798800983492,1988761.8875,2.95053045223e-09
0.00798800983492,1997224.70404,2.84924638202e-09
0.00798800983492,2005687.52058,2.75080511202e-09
0.00798800983492,2014150.33713,2.65518798382e-09
0.00798800983492,2022613.15367,2.56269963061e-09
0.00798800983492,2031075.97021,2.47328067299e-09
0.00798800983492,2039538.78675,2.38724192761e-09
0.00798800983492,2048001.6033,2.30457191126e-09
0.00798800983492,2056464.41984,2.22663955393e-09
0.00798800983492,2064927.23638,2.14975507688e-09
0.00798800983492,2073390.05292,2.08063610835e-09
0.00798800983492,2081852.86947,2.01398305134e-09
0.00798800983492,2090315.68601,1.95255618433e-09
0.00798800983492,2098778.50255,1.89626802146e-09
0.00798800983492,2107241.31909,1.8454692404e-09
0.00798800983492,2115704.13564,1.80051010794e-09
0.00798800983492,2124166.95218,1.76169189451e-09
0.00798800983492,2132629.76872,1.72944244242e-09
0.00798800983492,2141092.58526,1.70398056631e-09
0.00798800983492,2149555.40181,1.68562606516e-09
0.00798800983492,2158018.21835,1.67450842254e-09
0.00798800983492,2166481.03489,1.67079376861e-09
0.00877681081841,0,0.00293467172182
0.00877681081841,8462.81654255,0.00772062955798
0.00877681081841,16925.6330851,0.0115289364076
0.00877681081841,25388.4496276,0.00735021940502
0.00877681081841,33851.2661702,0.00371255312742
0.00877681081841,42314.0827127,0.00275635243643
0.00877681081841,50776.8992553,0.00258266606357
0.00877681081841,59239.7157978,0.000742340852595
0.00877681081841,67702.5323404,0.00185991597153
0.00877681081841,76165.3488829,0.00916568387166
0.00877681081841,84628.1654255,0.0473383066317
0.00877681081841,93090.981968,0.0442324258345
0.00877681081841,101553.798511,0.00175160023
0.00877681081841,110016.615053,0.00975410704377
0.00877681081841,118479.431596,0.0388967567928
0.00877681081841,126942.248138,0.0995086190688
0.00877681081841,135405.064681,0.103589476285
0.00877681081841,143867.881223,0.113007058681
0.00877681081841,152330.697766,0.0863526356496
0.00877681081841,160793.514308,0.0131321854586
0.00877681081841,169256.330851,0.00319416726471
0.00877681081841,177719.147394,0.0174472862682
0.00877681081841,186181.963936,0.0137936166364
0.00877681081841,194644.780479,0.0202201851024
0.00877681081841,203107.597021,0.00954014978374
0.00877681081841,211570.413564,0.00423051142908
0.00877681081841,220033.230106,0.00229189162031
0.00877681081841,228496.046649,0.0643474225961
0.00877681081841,236958.863191,0.109671774478
0.00877681081841,245421.679734,0.0644830859439
0.00877681081841,253884.496276,0.0770667997435
0.00877681081841,262347.312819,0.0527583615281
0.00877681081841,270810.129362,0.00438453222951
0.00877681081841,279272.945904,0.00732613332018
0.00877681081841,287735.762447,0.00177296924384
0.00877681081841,296198.578989,0.00181930357401
0.00877681081841,304661.395532,0.00204402311609
0.00877681081841,313124.212074,0.00083826602278
0.00877681081841,321587.028617,0.000449137619553
0.00877681081841,330049.845159,0.000489251138559
0.00877681081841,338512.661702,0.00329898072717
0.00877681081841,346975.478245,0.003775759883
0.00877681081841,355438.294787,0.00360035236561
0.00877681081841,363901.11133,0.0159375364642
0.00877681081841,372363.927872,0.0110113435058
0.00877681081841,380826.744415,0.0526246854874
0.00877681081841,389289.560957,0.0596516961594
0.00877681081841,397752.3775,0.0103284768587
0.00877681081841,406215.194042,0.00734924855922
0.00877681081841,414678.010585,0.00244078239484
0.00877681081841,423140.827127,0.000930597750325
0.00877681081841,431603.64367,0.00146232250301
0.00877681081841,440066.460213,0.000853215240803
0.00877681081841,448529.276755,0.00115453132515
0.00877681081841,456992.093298,0.00130720793358
0.00877681081841,465454.90984,0.000850400742198
0.00877681081841,473917.726383,0.00134840904593
0.00877681081841,482380.542925,0.00352994365147
0.00877681081841,490843.359468,0.00579839003983
0.00877681081841,499306.17601,0.00359944302903
0.00877681081841,507768.992553,0.00217735620509
0.00877681081841,516231.809096,0.00252608782608
0.00877681081841,524694.625638,0.00205105104834
0.00877681081841,533157.442181,0.00305949677849
0.00877681081841,541620.258723,0.00193575584385
0.00877681081841,550083.075266,9.63623179684e-05
0.00877681081841,558545.891808,0.000625561595376
0.00877681081841,567008.708351,0.000983181448022
0.00877681081841,575471.524893,0.000911365786461
0.00877681081841,583934.341436,0.000909177076512
0.00877681081841,592397.157978,0.000181237401746
0.00877681081841,600859.974521,0.000591843382396
0.00877681081841,609322.791064,0.0016826186198
0.00877681081841,617785.607606,0.0024445626846
0.00877681081841,626248.424149,0.00243926275893
0.00877681081841,634711.240691,0.00236439661203
0.00877681081841,643174.057234,0.00242446785086
0.00877681081841,651636.873776,0.000686491956358
0.00877681081841,660099.690319,9.84202924814e-05
0.00877681081841,668562.506861,3.39888914369e-05
0.00877681081841,677025.323404,5.50132226361e-05
0.00877681081841,685488.139946,8.10947042685e-05
0.00877681081841,693950.956489,3.10762335146e-05
0.00877681081841,702413.773032,3.33641835722e-05
0.00877681081841,710876.589574,2.48465448573e-05
0.00877681081841,719339.406117,4.37598454217e-05
0.00877681081841,727802.222659,8.49568299391e-05
0.00877681081841,736265.039202,0.000169692977394
0.00877681081841,744727.855744,7.01446424578e-05
0.00877681081841,753190.672287,0.000699016007496
0.00877681081841,761653.488829,0.000878336234085
0.00877681081841,770116.305372,0.00131014131934
0.00877681081841,778579.121915,0.000900721559186
0.00877681081841,787041.938457,6.54556234418e-05
0.00877681081841,795504.755,1.61015948759e-05
0.00877681081841,803967.571542,1.53147034054e-05
0.00877681081841,812430.388085,7.15683870632e-06
0.00877681081841,820893.204627,8.29123748948e-06
0.00877681081841,829356.02117,1.73878945271e-05
0.00877681081841,837818.837712,3.20970682122e-05
0.00877681081841,846281.654255,2.3603490495e-05
0.00877681081841,854744.470797,4.16251633416e-05
0.00877681081841,863207.28734,8.60833934518e-05
0.00877681081841,871670.103883,6.95931067356e-05
0.00877681081841,880132.920425,4.15919405616e-05
0.00877681081841,888595.736968,4.84811623254e-05
0.00877681081841,897058.55351,2.99046329266e-05
0.00877681081841,905521.370053,4.19380951716e-05
0.00877681081841,913984.186595,3.58364231607e-05
0.00877681081841,922447.003138,3.81109062234e-06
0.00877681081841,930909.81968,6.98725482363e-06
0.00877681081841,939372.636223,9.93336587506e-06
0.00877681081841,947835.452766,1.29380673995e-05
0.00877681081841,956298.269308,1.08227129637e-05
0.00877681081841,964761.085851,1.70635670207e-05
0.00877681081841,973223.902393,1.0079602774e-05
0.00877681081841,981686.718936,1.12051076205e-05
0.00877681081841,990149.535478,2.87733825625e-05
0.00877681081841,998612.352021,4.29517686852e-05
0.00877681081841,1007075.16856,4.2431133631e-05
0.00877681081841,1015537.98511,4.09227395444e-05
0.00877681081841,1024000.80165,1.57343478523e-05
0.00877681081841,1032463.61819,9.69103043134e-07
0.00877681081841,1040926.43473,3.52537923567e-07
0.00877681081841,1049389.25128,6.43446071322e-07
0.00877681081841,1057852.06782,8.98388195333e-07
0.00877681081841,1066314.88436,5.74070998376e-07
0.00877681081841,1074777.7009,2.99644205821e-07
0.00877681081841,1083240.51745,3.47716758815e-07
0.00877681081841,1091703.33399,2.53037979236e-07
0.00877681081841,1100166.15053,7.32702891664e-07
0.00877681081841,1108628.96707,1.11392367246e-06
0.00877681081841,1117091.78362,7.38728667689e-07
0.00877681081841,1125554.60016,3.83679808658e-06
0.00877681081841,1134017.4167,7.40983602703e-06
0.00877681081841,1142480.23324,1.9502973773e-05
0.00877681081841,1150943.04979,1.63777317769e-05
0.00877681081841,1159405.86633,2.30183844276e-06
0.00877681081841,1167868.68287,4.12530145637e-07
0.00877681081841,1176331.49941,3.44508980011e-07
0.00877681081841,1184794.31596,1.11795972924e-07
0.00877681081841,1193257.1325,7.79341224e-08
0.00877681081841,1201719.94904,2.14522529662e-07
0.00877681081841,1210182.76558,4.61620874666e-07
0.00877681081841,1218645.58213,2.64827415257e-07
0.00877681081841,1227108.39867,1.98538560793e-07
0.00877681081841,1235571.21521,5.6327079421e-07
0.00877681081841,1244034.03175,5.16744089064e-07
0.00877681081841,1252496.8483,3.37963060903e-07
0.00877681081841,1260959.66484,3.31773047268e-07
0.00877681081841,1269422.48138,2.61930947857e-07
0.00877681081841,1277885.29792,2.36501706985e-07
0.00877681081841,1286348.11447,2.94931822918e-07
0.00877681081841,1294810.93101,4.6892661216e-08
0.00877681081841,1303273.74755,5.04124014667e-08
0.00877681081841,1311736.5641,3.60547209958e-08
0.00877681081841,1320199.38064,1.56233960316e-07
0.00877681081841,1328662.19718,1.84885145843e-07
0.00877681081841,1337125.01372,2.22839633245e-07
0.00877681081841,1345587.83027,1.8623702874e-07
0.00877681081841,1354050.64681,3.50384586002e-08
0.00877681081841,1362513.46335,1.56731526261e-07
0.00877681081841,1370976.27989,2.85614554611e-07
0.00877681081841,1379439.09644,3.1007268192e-07
0.00877681081841,1387901.91298,2.97569798789e-07
0.00877681081841,1396364.72952,1.49451378238e-07
0.00877681081841,1404827.54606,1.75582906046e-08
0.00877681081841,1413290.36261,1.46613694425e-08
0.00877681081841,1421753.17915,1.93504528524e-08
0.00877681081841,1430215.99569,1.54666278266e-08
0.00877681081841,1438678.81223,1.09068846113e-08
0.00877681081841,1447141.62878,1.39229136821e-08
0.00877681081841,1455604.44532,1.60475418436e-08
0.00877681081841,1464067.26186,1.28986755071e-08
0.00877681081841,1472530.0784,1.25155759948e-08
0.00877681081841,1480992.89495,1.70827401757e-08
0.00877681081841,1489455.71149,1.04763343122e-08
0.00877681081841,1497918.52803,1.08168795837e-08
0.00877681081841,1506381.34457,2.81694232382e-08
0.00877681081841,1514844.16112,1.32410998049e-07
0.00877681081841,1523306.97766,1.16220938716e-07
0.00877681081841,1531769.7942,4.25614841946e-08
0.00877681081841,1540232.61074,1.51692095531e-08
0.00877681081841,1548695.42729,1.06132782323e-08
0.00877681081841,1557158.24383,1.23582372127e-08
0.00877681081841,1565621.06037,1.11641472251e-08
0.00877681081841,1574083.87691,1.03903155689e-08
0.00877681081841,1582546.69346,1.36331719617e-08
0.00877681081841,1591009.51,9.59385728371e-09
0.00877681081841,1599472.32654,1.04565510997e-08
0.00877681081841,1607935.14308,9.08803493625e-09
0.00877681081841,1616397.95963,1.13804056433e-08
0.00877681081841,1624860.77617,8.62182362256e-09
0.00877681081841,1633323.59271,1.08191831939e-08
0.00877681081841,1641786.40925,8.10869443972e-09
0.00877681081841,1650249.2258,9.58118104861e-09
0.00877681081841,1658712.04234,8.35978677882e-09
0.00877681081841,1667174.85888,8.84463485287e-09
0.00877681081841,1675637.67542,8.36361839906e-09
0.00877681081841,1684100.49197,8.39732048757e-09
0.00877681081841,1692563.30851,8.03889706456e-09
0.00877681081841,1701026.12505,8.81376743051e-09
0.00877681081841,1709488.94159,7.46577299539e-09
0.00877681081841,1717951.75814,6.91523273451e-09
0.00877681081841,1726414.57468,7.63189262613e-09
0.00877681081841,1734877.39122,6.81636428616e-09
0.00877681081841,1743340.20777,8.04858865626e-09
0.00877681081841,1751803.02431,5.88541221229e-09
0.00877681081841,1760265.84085,7.57095149759e-09
0.00877681081841,1768728.65739,6.09696623975e-09
0.00877681081841,1777191.47394,6.40102418657e-09
0.00877681081841,1785654.29048,6.20284293634e-09
0.00877681081841,1794117.10702,6.01589223176e-09
0.00877681081841,1802579.92356,5.87104609374e-09
0.00877681081841,1811042.74011,5.72959946092e-09
0.00877681081841,1819505.55665,5.56003909598e-09
0.00877681081841,1827968.37319,5.40110380578e-09
0.00877681081841,1836431.18973,5.25298725321e-09
0.00877681081841,1844894.00628,5.10456502499e-09
0.00877681081841,1853356.82282,4.93342808147e-09
0.00877681081841,1861819.63936,4.8145562375e-09
0.00877681081841,1870282.4559,4.67154347087e-09
0.00877681081841,1878745.27245,4.48942241057e-09
0.00877681081841,1887208.08899,4.11095695807e-09
0.00877681081841,1895670.90553,4.65126577007e-09
0.00877681081841,1904133.72207,3.92729198257e-09
0.00877681081841,1912596.53862,3.92554347302e-09
0.00877681081841,1921059.35516,3.7955590338e-09
0.00877681081841,1929522.1717,3.65518182039e-09
0.00877681081841,1937984.98824,3.5170003372e-09
0.00877681081841,1946447.80479,3.37989178582e-09
0.00877681081841,1954910.62133,3.23532770507e-09
0.00877681081841,1963373.43787,3.10867261668e-09
0.00877681081841,1971836.25441,2.97393391287e-09
0.00877681081841,1980299.07096,2.83870269229e-09
0.00877681081841,1988761.8875,2.70614838103e-09
0.00877681081841,1997224.70404,2.57421537722e-09
0.00877681081841,2005687.52058,2.44006036218e-09
0.00877681081841,2014150.33713,2.31376185927e-09
0.00877681081841,2022613.15367,2.18106150782e-09
0.00877681081841,2031075.97021,2.05119199002e-09
0.00877681081841,2039538.78675,1.92348366501e-09
0.00877681081841,2048001.6033,1.7951383651e-09
0.00877681081841,2056464.41984,1.6671867871e-09
0.00877681081841,2064927.23638,1.54302494165e-09
0.00877681081841,2073390.05292,1.4088044698e-09
0.00877681081841,2081852.86947,1.28907511151e-09
0.00877681081841,2090315.68601,1.16969117297e-09
0.00877681081841,2098778.50255,1.03956295783e-09
0.00877681081841,2107241.31909,9.18838157271e-10
0.00877681081841,2115704.13564,7.9486739083e-10
0.00877681081841,2124166.95218,6.822486821e-10
0.00877681081841,2132629.76872,5.60191248814e-10
0.00877681081841,2141092.58526,4.57114809411e-10
0.00877681081841,2149555.40181,3.56493513787e-10
0.00877681081841,2158018.21835,2.82549151651e-10
0.00877681081841,2166481.03489,2.52968921088e-10
0.0095656118019,0,0.00527282490955
0.0095656118019,8462.81654255,0.00736181157948
0.0095656118019,16925.6330851,0.012891765794
0.0095656118019,25388.4496276,0.00874394654385
0.0095656118019,33851.2661702,0.00346964752399
0.0095656118019,42314.0827127,0.00371917708918
0.0095656118019,50776.8992553,0.00325693131016
0.0095656118019,59239.7157978,0.000568367492468
0.0095656118019,67702.5323404,0.000334603529468
0.0095656118019,76165.3488829,0.00202486597475
0.0095656118019,84628.1654255,0.00598574742053
0.0095656118019,93090.981968,0.0442974956538
0.0095656118019,101553.798511,0.0499652147132
0.0095656118019,110016.615053,0.00860835369523
0.0095656118019,118479.431596,0.0151878385061
0.0095656118019,126942.248138,0.0141570383216
0.0095656118019,135405.064681,0.0775078079097
0.0095656118019,143867.881223,0.0935861167129
0.0095656118019,152330.697766,0.085512932163
0.0095656118019,160793.514308,0.107431483346
0.0095656118019,169256.330851,0.0521492445195
0.0095656118019,177719.147394,0.00372127717449
0.0095656118019,186181.963936,0.00403204551909
0.0095656118019,194644.780479,0.0162555394724
0.0095656118019,203107.597021,0.00834659208709
0.0095656118019,211570.413564,0.0186182645445
0.0095656118019,220033.230106,0.00934137804722
0.0095656118019,228496.046649,0.00208809458411
0.0095656118019,236958.863191,0.00578797385039
0.0095656118019,245421.679734,0.0134113397323
0.0095656118019,253884.496276,0.0892333444621
0.0095656118019,262347.312819,0.0977888091697
0.0095656118019,270810.129362,0.0535629531416
0.0095656118019,279272.945904,0.0808695019346
0.0095656118019,287735.762447,0.0377754724322
0.0095656118019,296198.578989,0.00702719954967
0.0095656118019,304661.395532,0.00597366410677
0.0095656118019,313124.212074,0.00190045019866
0.0095656118019,321587.028617,0.00161691693534
0.0095656118019,330049.845159,0.00159283688454
0.0095656118019,338512.661702,0.000919049891613
0.0095656118019,346975.478245,0.00026513987618
0.0095656118019,355438.294787,0.000370870753164
0.0095656118019,363901.11133,0.000983652932301
0.0095656118019,372363.927872,0.00379367854891
0.0095656118019,380826.744415,0.00366194661519
0.0095656118019,389289.560957,0.00282016482645
0.0095656118019,397752.3775,0.0153770805961
0.0095656118019,406215.194042,0.0229794717919
0.0095656118019,414678.010585,0.068845188133
0.0095656118019,423140.827127,0.0836457022677
0.0095656118019,431603.64367,0.0206359033368
0.0095656118019,440066.460213,0.00798303472894
0.0095656118019,448529.276755,0.00355250228266
0.0095656118019,456992.093298,0.000960151373185
0.0095656118019,465454.90984,0.000922942623951
0.0095656118019,473917.726383,0.000921339665489
0.0095656118019,482380.542925,0.000525623642062
0.0095656118019,490843.359468,0.00114353335954
0.0095656118019,499306.17601,0.00106012044035
0.0095656118019,507768.992553,0.000981442840323
0.0095656118019,516231.809096,0.00139791247665
0.0095656118019,524694.625638,0.00217726714834
0.0095656118019,533157.442181,0.00530973824352
0.0095656118019,541620.258723,0.00522429036014
0.0095656118019,550083.075266,0.00306038835959
0.0095656118019,558545.891808,0.00320578306782
0.0095656118019,567008.708351,0.00195998015885
0.0095656118019,575471.524893,0.00261320041177
0.0095656118019,583934.341436,0.00310773113937
0.0095656118019,592397.157978,0.000880879276161
0.0095656118019,600859.974521,0.000238301861324
0.0095656118019,609322.791064,0.000682013892598
0.0095656118019,617785.607606,0.00105256382859
0.0095656118019,626248.424149,0.00062588162253
0.0095656118019,634711.240691,0.0011516991779
0.0095656118019,643174.057234,0.000235120845978
0.0095656118019,651636.873776,5.99422414743e-05
0.0095656118019,660099.690319,0.00109237453733
0.0095656118019,668562.506861,0.00200130675124
0.0095656118019,677025.323404,0.00271409389069
0.0095656118019,685488.139946,0.00188827902161
0.0095656118019,693950.956489,0.00262646790301
0.0095656118019,702413.773032,0.00267150966701
0.0095656118019,710876.589574,0.000595717557753
0.0095656118019,719339.406117,0.000110403595408
0.0095656118019,727802.222659,7.21048875161e-05
0.0095656118019,736265.039202,5.75904217925e-05
0.0095656118019,744727.855744,5.6494934665e-05
0.0095656118019,753190.672287,5.62926940217e-05
0.0095656118019,761653.488829,1.4822176127e-05
0.0095656118019,770116.305372,1.86838320072e-05
0.0095656118019,778579.121915,3.11103454501e-05
0.0095656118019,787041.938457,5.03141195723e-05
0.0095656118019,795504.755,6.15610458002e-05
0.0095656118019,803967.571542,0.000157666256014
0.0095656118019,812430.388085,0.000163132324939
0.0095656118019,820893.204627,0.000880680151919
0.0095656118019,829356.02117,0.00138372813563
0.0095656118019,837818.837712,0.00154165806902
0.0095656118019,846281.654255,0.00121662674407
0.0095656118019,854744.470797,0.000185198778921
0.0095656118019,863207.28734,1.06971702824e-05
0.0095656118019,871670.103883,2.39173697627e-05
0.0095656118019,880132.920425,1.36979892515e-05
0.0095656118019,888595.736968,1.06459576152e-05
0.0095656118019,897058.55351,4.94014527628e-06
0.0095656118019,905521.370053,1.77061436502e-05
0.0095656118019,913984.186595,3.13293261357e-05
0.0095656118019,922447.003138,2.6108106487e-05
0.0095656118019,930909.81968,2.74449746788e-05
0.0095656118019,939372.636223,7.34590658786e-05
0.0095656118019,947835.452766,8.96121041684e-05
0.0095656118019,956298.269308,4.95493261385e-05
0.0095656118019,964761.085851,4.95583655185e-05
0.0095656118019,973223.902393,4.16081695959e-05
0.0095656118019,981686.718936,3.24917091699e-05
0.0095656118019,990149.535478,4.93954965412e-05
0.0095656118019,998612.352021,2.11188404458e-05
0.0095656118019,1007075.16856,1.66685826834e-06
0.0095656118019,1015537.98511,7.99186457906e-06
0.0095656118019,1024000.80165,1.30079879646e-05
0.0095656118019,1032463.61819,1.31400955579e-05
0.0095656118019,1040926.43473,1.76169955742e-05
0.0095656118019,1049389.25128,1.2445424254e-05
0.0095656118019,1057852.06782,1.48143910102e-05
0.0095656118019,1066314.88436,5.14672732403e-06
0.0095656118019,1074777.7009,1.56339424091e-05
0.0095656118019,1083240.51745,4.05400241039e-05
0.0095656118019,1091703.33399,3.91367632422e-05
0.0095656118019,1100166.15053,4.03715986769e-05
0.0095656118019,1108628.96707,4.49497327378e-05
0.0095656118019,1117091.78362,1.4971793281e-05
0.0095656118019,1125554.60016,1.38343374507e-06
0.0095656118019,1134017.4167,7.6134032663e-07
0.0095656118019,1142480.23324,7.55827840192e-07
0.0095656118019,1150943.04979,5.29097855172e-07
0.0095656118019,1159405.86633,8.65224466792e-07
0.0095656118019,1167868.68287,4.18499600141e-07
0.0095656118019,1176331.49941,2.24821082559e-07
0.0095656118019,1184794.31596,1.30636994937e-07
0.0095656118019,1193257.1325,2.6675984583e-07
0.0095656118019,1201719.94904,6.14220202863e-07
0.0095656118019,1210182.76558,9.97505779862e-07
0.0095656118019,1218645.58213,8.42759239392e-07
0.0095656118019,1227108.39867,4.78369515586e-06
0.0095656118019,1235571.21521,1.01560957276e-05
0.0095656118019,1244034.03175,2.10940258142e-05
0.0095656118019,1252496.8483,2.09966402261e-05
0.0095656118019,1260959.66484,4.68463399436e-06
0.0095656118019,1269422.48138,4.06101077637e-07
0.0095656118019,1277885.29792,3.44609963833e-07
0.0095656118019,1286348.11447,3.74266769687e-07
0.0095656118019,1294810.93101,1.3326029981e-07
0.0095656118019,1303273.74755,6.48927356119e-08
0.0095656118019,1311736.5641,2.39294241857e-07
0.0095656118019,1320199.38064,4.7687757701e-07
0.0095656118019,1328662.19718,2.72767219697e-07
0.0095656118019,1337125.01372,1.71161055794e-07
0.0095656118019,1345587.83027,4.29258039231e-07
0.0095656118019,1354050.64681,6.66162984834e-07
0.0095656118019,1362513.46335,3.77637743027e-07
0.0095656118019,1370976.27989,3.42338472398e-07
0.0095656118019,1379439.09644,3.37086037861e-07
0.0095656118019,1387901.91298,2.21351365543e-07
0.0095656118019,1396364.72952,3.20256926271e-07
0.0095656118019,1404827.54606,2.16309122519e-07
0.0095656118019,1413290.36261,2.10451564483e-08
0.0095656118019,1421753.17915,5.74435579021e-08
0.0095656118019,1430215.99569,6.27186328449e-08
0.0095656118019,1438678.81223,1.73709761299e-07
0.0095656118019,1447141.62878,2.22476326299e-07
0.0095656118019,1455604.44532,1.295657575e-07
0.0095656118019,1464067.26186,2.53618133805e-07
0.0095656118019,1472530.0784,2.88193455599e-08
0.0095656118019,1480992.89495,5.44300002331e-08
0.0095656118019,1489455.71149,2.48271189357e-07
0.0095656118019,1497918.52803,3.08703958441e-07
0.0095656118019,1506381.34457,2.8015897593e-07
0.0095656118019,1514844.16112,3.2285679943e-07
0.0095656118019,1523306.97766,1.53195563613e-07
0.0095656118019,1531769.7942,1.68830851018e-08
0.0095656118019,1540232.61074,1.35180978348e-08
0.0095656118019,1548695.42729,2.01116446481e-08
0.0095656118019,1557158.24383,1.66457472349e-08
0.0095656118019,1565621.06037,1.34548536889e-08
0.0095656118019,1574083.87691,1.22960226152e-08
0.0095656118019,1582546.69346,1.38989803185e-08
0.0095656118019,1591009.51,1.44432046093e-08
0.0095656118019,1599472.32654,1.42214526657e-08
0.0095656118019,1607935.14308,1.36794572136e-08
0.0095656118019,1616397.95963,1.60750596644e-08
0.0095656118019,1624860.77617,1.07424543407e-08
0.0095656118019,1633323.59271,1.38570876358e-09
0.0095656118019,1641786.40925,5.02682345168e-08
0.0095656118019,1650249.2258,1.30397289437e-07
0.0095656118019,1658712.04234,1.53796469964e-07
0.0095656118019,1667174.85888,5.73711767055e-08
0.0095656118019,1675637.67542,1.42167386516e-08
0.0095656118019,1684100.49197,1.32932005019e-08
0.0095656118019,1692563.30851,8.68215717494e-09
0.0095656118019,1701026.12505,1.15483514008e-08
0.0095656118019,1709488.94159,1.08618682734e-08
0.0095656118019,1717951.75814,9.75781266792e-09
0.0095656118019,1726414.57468,1.30667560147e-08
0.0095656118019,1734877.39122,1.00954708312e-08
0.0095656118019,1743340.20777,9.70779480458e-09
0.0095656118019,1751803.02431,1.08336647813e-08
0.0095656118019,1760265.84085,7.66311654253e-09
0.0095656118019,1768728.65739,1.09289151981e-08
0.0095656118019,1777191.47394,8.18145331991e-09
0.0095656118019,1785654.29048,9.83491200288e-09
0.0095656118019,1794117.10702,8.08041825533e-09
0.0095656118019,1802579.92356,9.87892989205e-09
0.0095656118019,1811042.74011,7.32315195842e-09
0.0095656118019,1819505.55665,8.22828380944e-09
0.0095656118019,1827968.37319,7.85732412775e-09
0.0095656118019,1836431.18973,7.84046774082e-09
0.0095656118019,1844894.00628,6.93352754986e-09
0.0095656118019,1853356.82282,8.88608497015e-09
0.0095656118019,1861819.63936,7.54329588967e-09
0.0095656118019,1870282.4559,5.37936466111e-09
0.0095656118019,1878745.27245,7.10096943911e-09
0.0095656118019,1887208.08899,6.77479025562e-09
0.0095656118019,1895670.90553,6.21373139169e-09
0.0095656118019,1904133.72207,6.67725892695e-09
0.0095656118019,1912596.53862,5.51386243857e-09
0.0095656118019,1921059.35516,6.95186965586e-09
0.0095656118019,1929522.1717,5.14863253961e-09
0.0095656118019,1937984.98824,5.53774576578e-09
0.0095656118019,1946447.80479,5.33845753586e-09
0.0095656118019,1954910.62133,5.14707152399e-09
0.0095656118019,1963373.43787,4.97952010135e-09
0.0095656118019,1971836.25441,4.81544432238e-09
0.0095656118019,1980299.07096,4.660190156e-09
0.0095656118019,1988761.8875,4.47934231035e-09
0.0095656118019,1997224.70404,4.31449994323e-09
0.0095656118019,2005687.52058,4.15849210776e-09
0.0095656118019,2014150.33713,4.00711909009e-09
0.0095656118019,2022613.15367,3.83105383889e-09
0.0095656118019,2031075.97021,3.70766439588e-09
0.0095656118019,2039538.78675,3.56568504421e-09
0.0095656118019,2048001.6033,3.30768411619e-09
0.0095656118019,2056464.41984,3.52585325742e-09
0.0095656118019,2064927.23638,2.91270171677e-09
0.0095656118019,2073390.05292,3.1433620664e-09
0.0095656118019,2081852.86947,2.88020986156e-09
0.0095656118019,2090315.68601,2.77009814179e-09
0.0095656118019,2098778.50255,2.67601013824e-09
0.0095656118019,2107241.31909,2.57084547356e-09
0.0095656118019,2115704.13564,2.48108892526e-09
0.0095656118019,2124166.95218,2.4106892658e-09
0.0095656118019,2132629.76872,2.34926311097e-09
0.0095656118019,2141092.58526,2.28375184299e-09
0.0095656118019,2149555.40181,2.26066120907e-09
0.0095656118019,2158018.21835,2.22815437586e-09
0.0095656118019,2166481.03489,2.23636739481e-09
0.0103544127854,0,0.000860016778884
0.0103544127854,8462.81654255,0.00328704683195
0.0103544127854,16925.6330851,0.0123991951857
0.0103544127854,25388.4496276,0.0103748871957
0.0103544127854,33851.2661702,0.00274067374137
0.0103544127854,42314.0827127,0.00346570987254
0.0103544127854,50776.8992553,0.00398235212669
0.0103544127854,59239.7157978,0.00083765833405
0.0103544127854,67702.5323404,0.00037105554823
0.0103544127854,76165.3488829,0.000294017104707
0.0103544127854,84628.1654255,0.00167543094865
0.0103544127854,93090.981968,0.00531269542742
0.0103544127854,101553.798511,0.0424689345861
0.0103544127854,110016.615053,0.052318198933
0.0103544127854,118479.431596,0.0141629682815
0.0103544127854,126942.248138,0.0136478683174
0.0103544127854,135405.064681,0.0105515460305
0.0103544127854,143867.881223,0.0479327867986
0.0103544127854,152330.697766,0.0874982700454
0.0103544127854,160793.514308,0.0566117846897
0.0103544127854,169256.330851,0.0893031516527
0.0103544127854,177719.147394,0.0947684498631
0.0103544127854,186181.963936,0.0200680394664
0.0103544127854,194644.780479,0.00384864935967
0.0103544127854,203107.597021,0.00504284878096
0.0103544127854,211570.413564,0.0158379720976
0.0103544127854,220033.230106,0.00445197468482
0.0103544127854,228496.046649,0.0166212455866
0.0103544127854,236958.863191,0.00960400163771
0.0103544127854,245421.679734,0.00160513202404
0.0103544127854,253884.496276,0.00237390477417
0.0103544127854,262347.312819,0.00437863401865
0.0103544127854,270810.129362,0.0389087070816
0.0103544127854,279272.945904,0.106779303038
0.0103544127854,287735.762447,0.0718567231224
0.0103544127854,296198.578989,0.0603833268582
0.0103544127854,304661.395532,0.0774083669004
0.0103544127854,313124.212074,0.0218285490282
0.0103544127854,321587.028617,0.00797532945806
0.0103544127854,330049.845159,0.0049071523413
0.0103544127854,338512.661702,0.00183164556362
0.0103544127854,346975.478245,0.00167621991602
0.0103544127854,355438.294787,0.000914514137264
0.0103544127854,363901.11133,0.00095665703453
0.0103544127854,372363.927872,0.000245856740434
0.0103544127854,380826.744415,0.000158854858507
0.0103544127854,389289.560957,0.000552481480599
0.0103544127854,397752.3775,0.00156269230405
0.0103544127854,406215.194042,0.00417220892159
0.0103544127854,414678.010585,0.00269825819806
0.0103544127854,423140.827127,0.00227764693608
0.0103544127854,431603.64367,0.014455375231
0.0103544127854,440066.460213,0.027493219723
0.0103544127854,448529.276755,0.0727629931466
0.0103544127854,456992.093298,0.0943999612709
0.0103544127854,465454.90984,0.0307468423956
0.0103544127854,473917.726383,0.0069295006634
0.0103544127854,482380.542925,0.00477172579298
0.0103544127854,490843.359468,0.0010713241479
0.0103544127854,499306.17601,0.000675131207297
0.0103544127854,507768.992553,0.00085192461634
0.0103544127854,516231.809096,0.000478065154727
0.0103544127854,524694.625638,0.000576695726552
0.0103544127854,533157.442181,0.000988485904702
0.0103544127854,541620.258723,0.000813700929884
0.0103544127854,550083.075266,0.000992559530861
0.0103544127854,558545.891808,0.00158641182937
0.0103544127854,567008.708351,0.00150235744672
0.0103544127854,575471.524893,0.00388030287939
0.0103544127854,583934.341436,0.00620751682527
0.0103544127854,592397.157978,0.00327135769917
0.0103544127854,600859.974521,0.00302589792713
0.0103544127854,609322.791064,0.00258445388809
0.0103544127854,617785.607606,0.00162132147776
0.0103544127854,626248.424149,0.00328887862367
0.0103544127854,634711.240691,0.00240642636737
0.0103544127854,643174.057234,0.000193343550965
0.0103544127854,651636.873776,0.0001997203761
0.0103544127854,660099.690319,0.000673512061712
0.0103544127854,668562.506861,0.00108317407786
0.0103544127854,677025.323404,0.000349528510751
0.0103544127854,685488.139946,0.0011784621531
0.0103544127854,693950.956489,0.000422395303816
0.0103544127854,702413.773032,0.000107735469987
0.0103544127854,710876.589574,0.000389566611712
0.0103544127854,719339.406117,0.00154265238668
0.0103544127854,727802.222659,0.00245437896363
0.0103544127854,736265.039202,0.00260423702591
0.0103544127854,744727.855744,0.00115168665911
0.0103544127854,753190.672287,0.00309122932226
0.0103544127854,761653.488829,0.00262427832941
0.0103544127854,770116.305372,0.000420899316649
0.0103544127854,778579.121915,9.68602609031e-05
0.0103544127854,787041.938457,7.24028684348e-05
0.0103544127854,795504.755,6.25216099694e-05
0.0103544127854,803967.571542,2.71648848919e-05
0.0103544127854,812430.388085,5.91284057292e-05
0.0103544127854,820893.204627,3.72413214437e-05
0.0103544127854,829356.02117,8.83577331748e-06
0.0103544127854,837818.837712,8.81023230155e-06
0.0103544127854,846281.654255,5.27454523557e-05
0.0103544127854,854744.470797,4.64823894089e-05
0.0103544127854,863207.28734,3.45239252356e-05
0.0103544127854,871670.103883,0.00014296365147
0.0103544127854,880132.920425,0.000202879108265
0.0103544127854,888595.736968,0.000904487950952
0.0103544127854,897058.55351,0.00160394395251
0.0103544127854,905521.370053,0.00171087688197
0.0103544127854,913984.186595,0.00146251175303
0.0103544127854,922447.003138,0.000350049390916
0.0103544127854,930909.81968,2.19332752188e-05
0.0103544127854,939372.636223,2.30985384624e-05
0.0103544127854,947835.452766,2.78242114266e-05
0.0103544127854,956298.269308,3.07722299133e-06
0.0103544127854,964761.085851,1.56490921542e-05
0.0103544127854,973223.902393,8.67035751674e-06
0.0103544127854,981686.718936,2.22300780761e-05
0.0103544127854,990149.535478,2.80659973931e-05
0.0103544127854,998612.352021,2.70625713319e-05
0.0103544127854,1007075.16856,2.33238663777e-05
0.0103544127854,1015537.98511,4.92062221115e-05
0.0103544127854,1024000.80165,9.9848215727e-05
0.0103544127854,1032463.61819,5.70065314889e-05
0.0103544127854,1040926.43473,3.98477455993e-05
0.0103544127854,1049389.25128,4.90451667729e-05
0.0103544127854,1057852.06782,2.36103500741e-05
0.0103544127854,1066314.88436,4.58916394855e-05
0.0103544127854,1074777.7009,4.2978939449e-05
0.0103544127854,1083240.51745,7.58982629854e-06
0.0103544127854,1091703.33399,1.59207560583e-06
0.0103544127854,1100166.15053,7.93228869192e-06
0.0103544127854,1108628.96707,1.42905764803e-05
0.0103544127854,1117091.78362,1.33965339563e-05
0.0103544127854,1125554.60016,2.20274557259e-05
0.0103544127854,1134017.4167,8.12746866826e-06
0.0103544127854,1142480.23324,1.73075496054e-05
0.0103544127854,1150943.04979,2.64665125373e-06
0.0103544127854,1159405.86633,9.89755687439e-06
0.0103544127854,1167868.68287,2.6092640389e-05
0.0103544127854,1176331.49941,4.71629524621e-05
0.0103544127854,1184794.31596,2.52881643872e-05
0.0103544127854,1193257.1325,4.27421084347e-05
0.0103544127854,1201719.94904,4.55706388826e-05
0.0103544127854,1210182.76558,1.14473305117e-05
0.0103544127854,1218645.58213,1.47354279776e-06
0.0103544127854,1227108.39867,8.27191444562e-07
0.0103544127854,1235571.21521,7.39581409336e-07
0.0103544127854,1244034.03175,3.5315746663e-07
0.0103544127854,1252496.8483,8.73166610262e-07
0.0103544127854,1260959.66484,6.40678709614e-07
0.0103544127854,1269422.48138,1.0291128338e-07
0.0103544127854,1277885.29792,4.93740562306e-08
0.0103544127854,1286348.11447,3.3900340312e-07
0.0103544127854,1294810.93101,4.56925446202e-07
0.0103544127854,1303273.74755,3.72759127584e-07
0.0103544127854,1311736.5641,8.79235686063e-07
0.0103544127854,1320199.38064,8.81390235034e-07
0.0103544127854,1328662.19718,4.92439494134e-06
0.0103544127854,1337125.01372,1.14353215273e-05
0.0103544127854,1345587.83027,2.16063528416e-05
0.0103544127854,1354050.64681,2.42326624688e-05
0.0103544127854,1362513.46335,7.47547352818e-06
0.0103544127854,1370976.27989,4.29392707927e-07
0.0103544127854,1379439.09644,2.33530283557e-07
0.0103544127854,1387901.91298,4.5287808166e-07
0.0103544127854,1396364.72952,1.87298597264e-07
0.0103544127854,1404827.54606,1.99476244137e-07
0.0103544127854,1413290.36261,1.73270406805e-07
0.0103544127854,1421753.17915,2.8373371299e-07
0.0103544127854,1430215.99569,4.47539724276e-07
0.0103544127854,1438678.81223,2.74120009055e-07
0.0103544127854,1447141.62878,1.53596262595e-07
0.0103544127854,1455604.44532,2.59472913743e-07
0.0103544127854,1464067.26186,7.08450708128e-07
0.0103544127854,1472530.0784,4.54075608142e-07
0.0103544127854,1480992.89495,2.81682724841e-07
0.0103544127854,1489455.71149,3.37554529639e-07
0.0103544127854,1497918.52803,2.3185535309e-07
0.0103544127854,1506381.34457,2.6515223319e-07
0.0103544127854,1514844.16112,3.52183252506e-07
0.0103544127854,1523306.97766,6.95700515272e-08
0.0103544127854,1531769.7942,2.15987603176e-08
0.0103544127854,1540232.61074,6.06319240341e-08
0.0103544127854,1548695.42729,6.23933020635e-08
0.0103544127854,1557158.24383,1.65001408237e-07
0.0103544127854,1565621.06037,2.64362529988e-07
0.0103544127854,1574083.87691,5.59967777813e-08
0.0103544127854,1582546.69346,2.7245431562e-07
0.0103544127854,1591009.51,6.53303468958e-08
0.0103544127854,1599472.32654,2.4829447691e-08
0.0103544127854,1607935.14308,1.46562633218e-07
0.0103544127854,1616397.95963,3.18687600784e-07
0.0103544127854,1624860.77617,2.47236942188e-07
0.0103544127854,1633323.59271,2.5100317658e-07
0.0103544127854,1641786.40925,3.55668149506e-07
0.0103544127854,1650249.2258,1.06931786927e-07
0.0103544127854,1658712.04234,9.49071283332e-09
0.0103544127854,1667174.85888,1.15376741757e-08
0.0103544127854,1675637.67542,1.89971958095e-08
0.0103544127854,1684100.49197,1.28222425227e-08
0.0103544127854,1692563.30851,1.23252157886e-08
0.0103544127854,1701026.12505,1.10360856439e-08
0.0103544127854,1709488.94159,1.50772822891e-08
0.0103544127854,1717951.75814,1.29530255436e-08
0.0103544127854,1726414.57468,1.28154716144e-08
0.0103544127854,1734877.39122,1.05972896266e-08
0.0103544127854,1743340.20777,1.49663225401e-08
0.0103544127854,1751803.02431,1.02668818557e-08
0.0103544127854,1760265.84085,1.35530702533e-08
0.0103544127854,1768728.65739,9.93407341762e-09
0.0103544127854,1777191.47394,5.01879187564e-08
0.0103544127854,1785654.29048,1.32199380954e-07
0.0103544127854,1794117.10702,1.7054444944e-07
0.0103544127854,1802579.92356,7.89231055634e-08
0.0103544127854,1811042.74011,1.22111548202e-08
0.0103544127854,1819505.55665,1.03279823939e-08
0.0103544127854,1827968.37319,6.82791061283e-09
0.0103544127854,1836431.18973,1.07533798961e-08
0.0103544127854,1844894.00628,1.01124026038e-08
0.0103544127854,1853356.82282,7.66279942967e-09
0.0103544127854,1861819.63936,7.82043261701e-09
0.0103544127854,1870282.4559,1.12990770869e-08
0.0103544127854,1878745.27245,6.69720956506e-09
0.0103544127854,1887208.08899,8.20983371548e-09
0.0103544127854,1895670.90553,7.95101442896e-09
0.0103544127854,1904133.72207,5.69448646287e-09
0.0103544127854,1912596.53862,8.99973081245e-09
0.0103544127854,1921059.35516,5.93262000114e-09
0.0103544127854,1929522.1717,8.0910821145e-09
0.0103544127854,1937984.98824,5.68092046323e-09
0.0103544127854,1946447.80479,7.2968221373e-09
0.0103544127854,1954910.62133,4.85009638397e-09
0.0103544127854,1963373.43787,6.4217601535e-09
0.0103544127854,1971836.25441,5.73454722207e-09
0.0103544127854,1980299.07096,5.45423652257e-09
0.0103544127854,1988761.8875,5.64271911586e-09
0.0103544127854,1997224.70404,5.30378846113e-09
0.0103544127854,2005687.52058,5.58515342985e-09
0.0103544127854,2014150.33713,4.91238500829e-09
0.0103544127854,2022613.15367,3.37161392558e-09
0.0103544127854,2031075.97021,5.21750802337e-09
0.0103544127854,2039538.78675,4.4288227138e-09
0.0103544127854,2048001.6033,3.884129558e-09
0.0103544127854,2056464.41984,4.9557200737e-09
0.0103544127854,2064927.23638,3.34615354861e-09
0.0103544127854,2073390.05292,4.72462248003e-09
0.0103544127854,2081852.86947,2.30661292198e-09
0.0103544127854,2090315.68601,3.86699508034e-09
0.0103544127854,2098778.50255,4.09233885721e-09
0.0103544127854,2107241.31909,2.90855888059e-09
0.0103544127854,2115704.13564,3.3046173331e-09
0.0103544127854,2124166.95218,3.16602207662e-09
0.0103544127854,2132629.76872,3.10376695019e-09
0.0103544127854,2141092.58526,3.05499608261e-09
0.0103544127854,2149555.40181,3.00612849092e-09
0.0103544127854,2158018.21835,2.99451904083e-09
0.0103544127854,2166481.03489,2.97839765408e-09
0.0111432137689,0,0.00225217705702
0.0111432137689,8462.81654255,0.00210731909322
0.0111432137689,16925.6330851,0.0108345990192
0.0111432137689,25388.4496276,0.0119280732118
0.0111432137689,33851.2661702,0.0029608646106
0.0111432137689,42314.0827127,0.00293682112509
0.0111432137689,50776.8992553,0.00408103669458
0.0111432137689,59239.7157978,0.00190409590218
0.0111432137689,67702.5323404,8.60307676103e-05
0.0111432137689,76165.3488829,0.000223289798215
0.0111432137689,84628.1654255,0.000738790111314
0.0111432137689,93090.981968,0.0010440591356
0.0111432137689,101553.798511,0.00532591915577
0.0111432137689,110016.615053,0.0420431592782
0.0111432137689,118479.431596,0.0523358549884
0.0111432137689,126942.248138,0.0168830736117
0.0111432137689,135405.064681,0.0118277783214
0.0111432137689,143867.881223,0.0124491738038
0.0111432137689,152330.697766,0.0252356661616
0.0111432137689,160793.514308,0.077371873966
0.0111432137689,169256.330851,0.0664211215876
0.0111432137689,177719.147394,0.0398530049338
0.0111432137689,186181.963936,0.108963994164
0.0111432137689,194644.780479,0.0631474056111
0.0111432137689,203107.597021,0.0037557544642
0.0111432137689,211570.413564,0.00233198697684
0.0111432137689,220033.230106,0.00702331689053
0.0111432137689,228496.046649,0.0144228372767
0.0111432137689,236958.863191,0.00179123177101
0.0111432137689,245421.679734,0.0152192729985
0.0111432137689,253884.496276,0.00908835327701
0.0111432137689,262347.312819,0.00195189100119
0.0111432137689,270810.129362,0.00183972441909
0.0111432137689,279272.945904,0.00308560818647
0.0111432137689,287735.762447,0.00516609950785
0.0111432137689,296198.578989,0.0715250668153
0.0111432137689,304661.395532,0.107126624371
0.0111432137689,313124.212074,0.0378764307818
0.0111432137689,321587.028617,0.0762927015467
0.0111432137689,330049.845159,0.0642565813011
0.0111432137689,338512.661702,0.00924926986131
0.0111432137689,346975.478245,0.00696457276473
0.0111432137689,355438.294787,0.00459554173559
0.0111432137689,363901.11133,0.001360901274
0.0111432137689,372363.927872,0.00188883798963
0.0111432137689,380826.744415,0.000698781497905
0.0111432137689,389289.560957,0.000764144493944
0.0111432137689,397752.3775,0.000500642115859
0.0111432137689,406215.194042,0.000148531699019
0.0111432137689,414678.010585,0.000606250136976
0.0111432137689,423140.827127,0.000184064659099
0.0111432137689,431603.64367,0.00235023520755
0.0111432137689,440066.460213,0.00422237609549
0.0111432137689,448529.276755,0.00156036066025
0.0111432137689,456992.093298,0.00235242322453
0.0111432137689,465454.90984,0.0146474328531
0.0111432137689,473917.726383,0.0278593588263
0.0111432137689,482380.542925,0.0696844052501
0.0111432137689,490843.359468,0.0965128403911
0.0111432137689,499306.17601,0.0380600182254
0.0111432137689,507768.992553,0.00497641572207
0.0111432137689,516231.809096,0.00599213817687
0.0111432137689,524694.625638,0.00114523943218
0.0111432137689,533157.442181,0.00112693287836
0.0111432137689,541620.258723,0.000239857855774
0.0111432137689,550083.075266,0.000586955462149
0.0111432137689,558545.891808,0.000204467133038
0.0111432137689,567008.708351,0.000738242829596
0.0111432137689,575471.524893,0.000787820684818
0.0111432137689,583934.341436,0.000669004911395
0.0111432137689,592397.157978,0.000996085565836
0.0111432137689,600859.974521,0.00161818545646
0.0111432137689,609322.791064,0.00161164585621
0.0111432137689,617785.607606,0.00229123910196
0.0111432137689,626248.424149,0.00639075825913
0.0111432137689,634711.240691,0.00390349991345
0.0111432137689,643174.057234,0.00243925888319
0.0111432137689,651636.873776,0.00301854222788
0.0111432137689,660099.690319,0.00107576511117
0.0111432137689,668562.506861,0.00246628933168
0.0111432137689,677025.323404,0.0034099707641
0.0111432137689,685488.139946,0.00141121865115
0.0111432137689,693950.956489,0.000129494476445
0.0111432137689,702413.773032,0.00016372384208
0.0111432137689,710876.589574,0.000666137815274
0.0111432137689,719339.406117,0.00104019229117
0.0111432137689,727802.222659,0.000182790208231
0.0111432137689,736265.039202,0.00108351807492
0.0111432137689,744727.855744,0.000552558273989
0.0111432137689,753190.672287,3.81869617078e-05
0.0111432137689,761653.488829,9.14320107449e-05
0.0111432137689,770116.305372,0.000906503937881
0.0111432137689,778579.121915,0.00193383277806
0.0111432137689,787041.938457,0.00289867712117
0.0111432137689,795504.755,0.00192485727988
0.0111432137689,803967.571542,0.00140783262696
0.0111432137689,812430.388085,0.00342367174056
0.0111432137689,820893.204627,0.00232110738225
0.0111432137689,829356.02117,0.000257605060631
0.0111432137689,837818.837712,7.37961095502e-05
0.0111432137689,846281.654255,6.40980077736e-05
0.0111432137689,854744.470797,5.81748322093e-05
0.0111432137689,863207.28734,2.13914433593e-05
0.0111432137689,871670.103883,5.119405348e-05
0.0111432137689,880132.920425,4.10395047396e-05
0.0111432137689,888595.736968,1.43754060879e-05
0.0111432137689,897058.55351,1.01365476421e-05
0.0111432137689,905521.370053,3.44023397258e-05
0.0111432137689,913984.186595,5.61821414137e-05
0.0111432137689,922447.003138,3.98402908381e-05
0.0111432137689,930909.81968,2.07387669235e-05
0.0111432137689,939372.636223,0.000143050823398
0.0111432137689,947835.452766,0.000212042217081
0.0111432137689,956298.269308,0.000847854527522
0.0111432137689,964761.085851,0.00160836320372
0.0111432137689,973223.902393,0.00176613877243
0.0111432137689,981686.718936,0.00162829173516
0.0111432137689,990149.535478,0.000544354409306
0.0111432137689,998612.352021,2.02660221139e-05
0.0111432137689,1007075.16856,1.32148205623e-05
0.0111432137689,1015537.98511,2.27398263443e-05
0.0111432137689,1024000.80165,2.70426550291e-05
0.0111432137689,1032463.61819,1.46612550897e-05
0.0111432137689,1040926.43473,1.68692110147e-05
0.0111432137689,1049389.25128,8.82111847555e-06
0.0111432137689,1057852.06782,2.60632464811e-05
0.0111432137689,1066314.88436,2.33135525708e-05
0.0111432137689,1074777.7009,2.5931369791e-05
0.0111432137689,1083240.51745,2.54191154314e-05
0.0111432137689,1091703.33399,2.59370581584e-05
0.0111432137689,1100166.15053,9.71870524667e-05
0.0111432137689,1108628.96707,7.30751496954e-05
0.0111432137689,1117091.78362,2.72219162563e-05
0.0111432137689,1125554.60016,4.70681069792e-05
0.0111432137689,1134017.4167,3.27109821904e-05
0.0111432137689,1142480.23324,2.73527640277e-05
0.0111432137689,1150943.04979,5.30609782494e-05
0.0111432137689,1159405.86633,2.78371350652e-05
0.0111432137689,1167868.68287,1.11144032411e-06
0.0111432137689,1176331.49941,8.09885491616e-07
0.0111432137689,1184794.31596,8.05837817583e-06
0.0111432137689,1193257.1325,1.38239281251e-05
0.0111432137689,1201719.94904,1.31479075227e-05
0.0111432137689,1210182.76558,2.34551156558e-05
0.0111432137689,1218645.58213,7.74308887253e-06
0.0111432137689,1227108.39867,1.70631426251e-05
0.0111432137689,1235571.21521,7.16283237225e-06
0.0111432137689,1244034.03175,4.69594162408e-06
0.0111432137689,1252496.8483,1.4013525799e-05
0.0111432137689,1260959.66484,3.95521742764e-05
0.0111432137689,1269422.48138,4.34546659684e-05
0.0111432137689,1277885.29792,1.11668076417e-05
0.0111432137689,1286348.11447,4.93573747431e-05
0.0111432137689,1294810.93101,4.13427582168e-05
0.0111432137689,1303273.74755,7.28212202631e-06
0.0111432137689,1311736.5641,1.31867269416e-06
0.0111432137689,1320199.38064,7.42012582671e-07
0.0111432137689,1328662.19718,6.82485207828e-07
0.0111432137689,1337125.01372,5.2688386871e-07
0.0111432137689,1345587.83027,6.81040101063e-07
0.0111432137689,1354050.64681,6.59248817655e-07
0.0111432137689,1362513.46335,3.21025692282e-07
0.0111432137689,1370976.27989,1.64835543087e-07
0.0111432137689,1379439.09644,2.66046042407e-07
0.0111432137689,1387901.91298,3.84308447826e-07
0.0111432137689,1396364.72952,4.62151253529e-07
0.0111432137689,1404827.54606,2.08726318571e-07
0.0111432137689,1413290.36261,8.55297200474e-07
0.0111432137689,1421753.17915,9.41338894038e-07
0.0111432137689,1430215.99569,4.68207808468e-06
0.0111432137689,1438678.81223,1.11886091216e-05
0.0111432137689,1447141.62878,2.0889943156e-05
0.0111432137689,1455604.44532,2.60377583984e-05
0.0111432137689,1464067.26186,1.04031324908e-05
0.0111432137689,1472530.0784,2.55435136015e-07
0.0111432137689,1480992.89495,8.16824651348e-08
0.0111432137689,1489455.71149,3.10358123531e-07
0.0111432137689,1497918.52803,4.47595840957e-07
0.0111432137689,1506381.34457,9.06410913788e-08
0.0111432137689,1514844.16112,2.88036629786e-07
0.0111432137689,1523306.97766,1.38604671396e-07
0.0111432137689,1531769.7942,3.37300157921e-07
0.0111432137689,1540232.61074,4.08301625941e-07
0.0111432137689,1548695.42729,2.44031845012e-07
0.0111432137689,1557158.24383,1.65107835937e-07
0.0111432137689,1565621.06037,1.1771166444e-07
0.0111432137689,1574083.87691,6.59129965955e-07
0.0111432137689,1582546.69346,5.72986359227e-07
0.0111432137689,1591009.51,1.93922590966e-07
0.0111432137689,1599472.32654,2.98063398246e-07
0.0111432137689,1607935.14308,3.05991128005e-07
0.0111432137689,1616397.95963,1.5119774881e-07
0.0111432137689,1624860.77617,3.64093867015e-07
0.0111432137689,1633323.59271,2.36966341341e-07
0.0111432137689,1641786.40925,2.36210023972e-08
0.0111432137689,1650249.2258,1.36038268828e-08
0.0111432137689,1658712.04234,5.09762315602e-08
0.0111432137689,1667174.85888,7.01465551761e-08
0.0111432137689,1675637.67542,1.51134076519e-07
0.0111432137689,1684100.49197,2.78426524026e-07
0.0111432137689,1692563.30851,5.26148848743e-08
0.0111432137689,1701026.12505,2.5498973481e-07
0.0111432137689,1709488.94159,1.12273215077e-07
0.0111432137689,1717951.75814,9.95852389551e-09
0.0111432137689,1726414.57468,5.93440959508e-08
0.0111432137689,1734877.39122,2.3132047918e-07
0.0111432137689,1743340.20777,3.51690552272e-07
0.0111432137689,1751803.02431,9.53328914696e-08
0.0111432137689,1760265.84085,3.06997283481e-07
0.0111432137689,1768728.65739,3.30523297835e-07
0.0111432137689,1777191.47394,7.00745856024e-08
0.0111432137689,1785654.29048,4.14237688213e-09
0.0111432137689,1794117.10702,6.51853411013e-09
0.0111432137689,1802579.92356,1.27901310005e-08
0.0111432137689,1811042.74011,5.78243973589e-09
0.0111432137689,1819505.55665,7.8512690205e-09
0.0111432137689,1827968.37319,6.71652680626e-09
0.0111432137689,1836431.18973,1.05212669912e-08
0.0111432137689,1844894.00628,6.95709222544e-09
0.0111432137689,1853356.82282,7.1251182642e-09
0.0111432137689,1861819.63936,9.05239097881e-09
0.0111432137689,1870282.4559,9.16847673522e-09
0.0111432137689,1878745.27245,6.93597288084e-09
0.0111432137689,1887208.08899,4.03664935178e-09
0.0111432137689,1895670.90553,1.02862708719e-08
0.0111432137689,1904133.72207,1.56201646485e-08
0.0111432137689,1912596.53862,4.37505761891e-08
0.0111432137689,1921059.35516,1.23631614716e-07
0.0111432137689,1929522.1717,1.79708772387e-07
0.0111432137689,1937984.98824,9.53608860403e-08
0.0111432137689,1946447.80479,6.46971992516e-09
0.0111432137689,1954910.62133,4.99545255842e-09
0.0111432137689,1963373.43787,4.79742454111e-09
0.0111432137689,1971836.25441,6.8907129078e-09
0.0111432137689,1980299.07096,5.47170526111e-09
0.0111432137689,1988761.8875,5.62177571362e-09
0.0111432137689,1997224.70404,6.06836852598e-09
0.0111432137689,2005687.52058,5.76761369462e-09
0.0111432137689,2014150.33713,6.2103635127e-09
0.0111432137689,2022613.15367,3.72202435571e-09
0.0111432137689,2031075.97021,5.63148289291e-09
0.0111432137689,2039538.78675,4.68987396182e-09
0.0111432137689,2048001.6033,3.62376778318e-09
0.0111432137689,2056464.41984,6.68220949525e-09
0.0111432137689,2064927.23638,3.78626864086e-09
0.0111432137689,2073390.05292,5.66346522077e-09
0.0111432137689,2081852.86947,3.23254344981e-09
0.0111432137689,2090315.68601,4.51315485565e-09
0.0111432137689,2098778.50255,4.26366022397e-09
0.0111432137689,2107241.31909,5.35754152107e-09
0.0111432137689,2115704.13564,2.71145786072e-09
0.0111432137689,2124166.95218,5.01370769897e-09
0.0111432137689,2132629.76872,4.05263777294e-09
0.0111432137689,2141092.58526,4.1829076648e-09
0.0111432137689,2149555.40181,5.65720316443e-09
0.0111432137689,2158018.21835,3.45273873222e-09
0.0111432137689,2166481.03489,4.7193510615e-09
0.0119320147524,0,0.00705027953385
0.0119320147524,8462.81654255,0.0039301033354
0.0119320147524,16925.6330851,0.00870747457354
0.0119320147524,25388.4496276,0.0130569022715
0.0119320147524,33851.2661702,0.00462282218643
0.0119320147524,42314.0827127,0.00230421580147
0.0119320147524,50776.8992553,0.00401207052835
0.0119320147524,59239.7157978,0.00284970328914
0.0119320147524,67702.5323404,0.000410837875787
0.0119320147524,76165.3488829,0.000129698895883
0.0119320147524,84628.1654255,0.000299062626396
0.0119320147524,93090.981968,0.00100663191555
0.0119320147524,101553.798511,0.000511503157886
0.0119320147524,110016.615053,0.00576831594316
0.0119320147524,118479.431596,0.0425830430598
0.0119320147524,126942.248138,0.0516611270819
0.0119320147524,135405.064681,0.0165070438859
0.0119320147524,143867.881223,0.0106285426017
0.0119320147524,152330.697766,0.0114437220382
0.0119320147524,160793.514308,0.0135854720871
0.0119320147524,169256.330851,0.0628080294993
0.0119320147524,177719.147394,0.0832795901929
0.0119320147524,186181.963936,0.0194148422306
0.0119320147524,194644.780479,0.0809662338836
0.0119320147524,203107.597021,0.102003657303
0.0119320147524,211570.413564,0.0310886024092
0.0119320147524,220033.230106,0.00279713967411
0.0119320147524,228496.046649,0.00227230608051
0.0119320147524,236958.863191,0.00817250538043
0.0119320147524,245421.679734,0.0131852697502
0.0119320147524,253884.496276,0.000550272412285
0.0119320147524,262347.312819,0.0135527482616
0.0119320147524,270810.129362,0.00913620101061
0.0119320147524,279272.945904,0.00212164386902
0.0119320147524,287735.762447,0.000610443709794
0.0119320147524,296198.578989,0.00338135609146
0.0119320147524,304661.395532,0.00244953701839
0.0119320147524,313124.212074,0.0271483881124
0.0119320147524,321587.028617,0.100835349514
0.0119320147524,330049.845159,0.0840843891954
0.0119320147524,338512.661702,0.0322108796148
0.0119320147524,346975.478245,0.0846218035246
0.0119320147524,355438.294787,0.0448311799901
0.0119320147524,363901.11133,0.00247173411326
0.0119320147524,372363.927872,0.00630089815314
0.0119320147524,380826.744415,0.00479502418797
0.0119320147524,389289.560957,0.000716814996242
0.0119320147524,397752.3775,0.00195743632038
0.0119320147524,406215.194042,0.00080032699126
0.0119320147524,414678.010585,0.000532711211142
0.0119320147524,423140.827127,0.00071914223895
0.0119320147524,431603.64367,0.000284779842781
0.0119320147524,440066.460213,0.000408458945715
0.0119320147524,448529.276755,0.000570176512977
0.0119320147524,456992.093298,0.000643295141161
0.0119320147524,465454.90984,0.00318779191108
0.0119320147524,473917.726383,0.00377774437411
0.0119320147524,482380.542925,0.000646502032894
0.0119320147524,490843.359468,0.00300106733437
0.0119320147524,499306.17601,0.0157373809077
0.0119320147524,507768.992553,0.0267794734084
0.0119320147524,516231.809096,0.0632109006222
0.0119320147524,524694.625638,0.0936028995762
0.0119320147524,533157.442181,0.0429398436313
0.0119320147524,541620.258723,0.0036974030087
0.0119320147524,550083.075266,0.00663802572653
0.0119320147524,558545.891808,0.00207275106653
0.0119320147524,567008.708351,0.00110393379771
0.0119320147524,575471.524893,0.00048232892333
0.0119320147524,583934.341436,0.000446002411541
0.0119320147524,592397.157978,0.000337541116889
0.0119320147524,600859.974521,0.000217759935427
0.0119320147524,609322.791064,0.000807560292059
0.0119320147524,617785.607606,0.000579632731745
0.0119320147524,626248.424149,0.00060808558894
0.0119320147524,634711.240691,0.00103338347661
0.0119320147524,643174.057234,0.00157838033828
0.0119320147524,651636.873776,0.00171596523199
0.0119320147524,660099.690319,0.00107439082959
0.0119320147524,668562.506861,0.0058623860267
0.0119320147524,677025.323404,0.00488147814044
0.0119320147524,685488.139946,0.00155103219053
0.0119320147524,693950.956489,0.00296878976039
0.0119320147524,702413.773032,0.00222202660107
0.0119320147524,710876.589574,0.000997581073528
0.0119320147524,719339.406117,0.00325157124523
0.0119320147524,727802.222659,0.0028630227052
0.0119320147524,736265.039202,0.000591489001888
0.0119320147524,744727.855744,0.000108626720818
0.0119320147524,753190.672287,0.0001656751578
0.0119320147524,761653.488829,0.000635543081043
0.0119320147524,770116.305372,0.000966332369385
0.0119320147524,778579.121915,0.000165955912744
0.0119320147524,787041.938457,0.000934033293862
0.0119320147524,795504.755,0.000628957464102
0.0119320147524,803967.571542,3.27183511885e-05
0.0119320147524,812430.388085,6.83816199303e-05
0.0119320147524,820893.204627,0.000343392245155
0.0119320147524,829356.02117,0.00142634893621
0.0119320147524,837818.837712,0.00240742471797
0.0119320147524,846281.654255,0.0029532861272
0.0119320147524,854744.470797,0.000840077684591
0.0119320147524,863207.28734,0.00212964763952
0.0119320147524,871670.103883,0.00343426878661
0.0119320147524,880132.920425,0.00192781841821
0.0119320147524,888595.736968,0.000132462369618
0.0119320147524,897058.55351,3.51612782178e-05
0.0119320147524,905521.370053,4.44049899315e-05
0.0119320147524,913984.186595,5.79466283863e-05
0.0119320147524,922447.003138,2.84763148409e-05
0.0119320147524,930909.81968,3.61386328168e-05
0.0119320147524,939372.636223,3.83238209361e-05
0.0119320147524,947835.452766,2.49073580625e-05
0.0119320147524,956298.269308,9.27418283305e-06
0.0119320147524,964761.085851,5.80312867169e-06
0.0119320147524,973223.902393,4.98875764492e-05
0.0119320147524,981686.718936,5.18193602316e-05
0.0119320147524,990149.535478,3.59587262542e-05
0.0119320147524,998612.352021,3.14846792731e-05
0.0119320147524,1007075.16856,0.000154811019539
0.0119320147524,1015537.98511,0.000207826077628
0.0119320147524,1024000.80165,0.000764633469267
0.0119320147524,1032463.61819,0.0014968465618
0.0119320147524,1040926.43473,0.00171956092122
0.0119320147524,1049389.25128,0.00171745172466
0.0119320147524,1057852.06782,0.000743691957568
0.0119320147524,1066314.88436,1.42644666772e-05
0.0119320147524,1074777.7009,6.76215986313e-06
0.0119320147524,1083240.51745,1.48518250855e-05
0.0119320147524,1091703.33399,3.30466562032e-05
0.0119320147524,1100166.15053,1.03320442768e-05
0.0119320147524,1108628.96707,2.23682646436e-05
0.0119320147524,1117091.78362,1.83826307476e-05
0.0119320147524,1125554.60016,9.73624538061e-06
0.0119320147524,1134017.4167,2.71818556303e-05
0.0119320147524,1142480.23324,1.80584586705e-05
0.0119320147524,1150943.04979,2.45886857828e-05
0.0119320147524,1159405.86633,2.6076151387e-05
0.0119320147524,1167868.68287,9.69714484763e-06
0.0119320147524,1176331.49941,8.62016125088e-05
0.0119320147524,1184794.31596,8.74237264158e-05
0.0119320147524,1193257.1325,1.83243336493e-05
0.0119320147524,1201719.94904,3.96577731742e-05
0.0119320147524,1210182.76558,4.60779456055e-05
0.0119320147524,1218645.58213,1.10123762672e-05
0.0119320147524,1227108.39867,4.35655388127e-05
0.0119320147524,1235571.21521,4.78646036769e-05
0.0119320147524,1244034.03175,1.2776502394e-05
0.0119320147524,1252496.8483,6.00998444188e-07
0.0119320147524,1260959.66484,8.8213465387e-07
0.0119320147524,1269422.48138,7.92037961801e-06
0.0119320147524,1277885.29792,1.27274984592e-05
0.0119320147524,1286348.11447,1.25455892393e-05
0.0119320147524,1294810.93101,2.28628918738e-05
0.0119320147524,1303273.74755,9.85798282134e-06
0.0119320147524,1311736.5641,1.53723514718e-05
0.0119320147524,1320199.38064,9.73221562891e-06
0.0119320147524,1328662.19718,1.2185109263e-06
0.0119320147524,1337125.01372,8.86556246367e-06
0.0119320147524,1345587.83027,2.37266968279e-05
0.0119320147524,1354050.64681,4.80109562229e-05
0.0119320147524,1362513.46335,2.94404285145e-05
0.0119320147524,1370976.27989,2.05560115754e-05
0.0119320147524,1379439.09644,5.22393735594e-05
0.0119320147524,1387901.91298,3.4423970692e-05
0.0119320147524,1396364.72952,3.35171183392e-06
0.0119320147524,1404827.54606,7.5207269251e-07
0.0119320147524,1413290.36261,5.05235742893e-07
0.0119320147524,1421753.17915,7.34445790223e-07
0.0119320147524,1430215.99569,5.6494500065e-07
0.0119320147524,1438678.81223,3.99666421103e-07
0.0119320147524,1447141.62878,6.56930719322e-07
0.0119320147524,1455604.44532,3.88107006429e-07
0.0119320147524,1464067.26186,1.74611048859e-07
0.0119320147524,1472530.0784,6.64254252452e-08
0.0119320147524,1480992.89495,3.91328737212e-07
0.0119320147524,1489455.71149,4.09121934057e-07
0.0119320147524,1497918.52803,4.64053660998e-07
0.0119320147524,1506381.34457,6.99012165521e-08
0.0119320147524,1514844.16112,9.14640657666e-07
0.0119320147524,1523306.97766,9.44483507949e-07
0.0119320147524,1531769.7942,4.36194774917e-06
0.0119320147524,1540232.61074,1.01328065912e-05
0.0119320147524,1548695.42729,1.92354288506e-05
0.0119320147524,1557158.24383,2.66175295079e-05
0.0119320147524,1565621.06037,1.31651258356e-05
0.0119320147524,1574083.87691,4.20359774046e-07
0.0119320147524,1582546.69346,1.46235900388e-07
0.0119320147524,1591009.51,1.2402530792e-07
0.0119320147524,1599472.32654,4.74024420513e-07
0.0119320147524,1607935.14308,2.15997187542e-07
0.0119320147524,1616397.95963,2.48052467429e-07
0.0119320147524,1624860.77617,3.31256375196e-07
0.0119320147524,1633323.59271,9.50620986005e-08
0.0119320147524,1641786.40925,3.77278520222e-07
0.0119320147524,1650249.2258,3.40201626688e-07
0.0119320147524,1658712.04234,2.11996822916e-07
0.0119320147524,1667174.85888,1.70982901622e-07
0.0119320147524,1675637.67542,2.34699584851e-08
0.0119320147524,1684100.49197,5.70862347919e-07
0.0119320147524,1692563.30851,6.52971808079e-07
0.0119320147524,1701026.12505,1.83136259289e-07
0.0119320147524,1709488.94159,2.48892285529e-07
0.0119320147524,1717951.75814,3.50900201112e-07
0.0119320147524,1726414.57468,1.36598672964e-07
0.0119320147524,1734877.39122,2.58953946926e-07
0.0119320147524,1743340.20777,3.63390664916e-07
0.0119320147524,1751803.02431,1.08596800887e-07
0.0119320147524,1760265.84085,8.33497252601e-09
0.0119320147524,1768728.65739,6.09296217215e-09
0.0119320147524,1777191.47394,4.74006192283e-08
0.0119320147524,1785654.29048,6.82436406595e-08
0.0119320147524,1794117.10702,1.41637116371e-07
0.0119320147524,1802579.92356,2.66961807067e-07
0.0119320147524,1811042.74011,9.44678631854e-08
0.0119320147524,1819505.55665,2.23053338803e-07
0.0119320147524,1827968.37319,1.46159672546e-07
0.0119320147524,1836431.18973,1.62580728923e-08
0.0119320147524,1844894.00628,2.53277045515e-08
0.0119320147524,1853356.82282,1.24976740105e-07
0.0119320147524,1861819.63936,3.25371715067e-07
0.0119320147524,1870282.4559,2.66629353893e-07
0.0119320147524,1878745.27245,8.78362741971e-08
0.0119320147524,1887208.08899,3.53511181418e-07
0.0119320147524,1895670.90553,2.72840536431e-07
0.0119320147524,1904133.72207,3.82283896224e-08
0.0119320147524,1912596.53862,7.38947142021e-09
0.0119320147524,1921059.35516,5.04464717689e-09
0.0119320147524,1929522.1717,9.75108928777e-09
0.0119320147524,1937984.98824,2.29666187438e-09
0.0119320147524,1946447.80479,5.75926059274e-09
0.0119320147524,1954910.62133,2.81048702252e-09
0.0119320147524,1963373.43787,5.60472841478e-09
0.0119320147524,1971836.25441,5.1195459239e-09
0.0119320147524,1980299.07096,4.28083521046e-09
0.0119320147524,1988761.8875,5.53565437378e-09
0.0119320147524,1997224.70404,3.06305464233e-09
0.0119320147524,2005687.52058,6.47909008566e-09
0.0119320147524,2014150.33713,3.89759916948e-09
0.0119320147524,2022613.15367,2.97746625321e-09
0.0119320147524,2031075.97021,6.82327452826e-09
0.0119320147524,2039538.78675,1.62704002189e-08
0.0119320147524,2048001.6033,3.85115134286e-08
0.0119320147524,2056464.41984,1.10097272289e-07
0.0119320147524,2064927.23638,1.83030521752e-07
0.0119320147524,2073390.05292,1.09847686981e-07
0.0119320147524,2081852.86947,7.04479666812e-09
0.0119320147524,2090315.68601,1.88580125315e-09
0.0119320147524,2098778.50255,3.66293666e-09
0.0119320147524,2107241.31909,2.94518309101e-09
0.0119320147524,2115704.13564,5.35121955577e-09
0.0119320147524,2124166.95218,3.4889716672e-09
0.0119320147524,2132629.76872,3.67938737133e-09
0.0119320147524,2141092.58526,3.24886532578e-09
0.0119320147524,2149555.40181,4.83182005722e-09
0.0119320147524,2158018.21835,2.35294650882e-09
0.0119320147524,2166481.03489,1.63716062494e-09
0.0127208157359,0,0.0021743761386
0.0127208157359,8462.81654255,0.00243444021573
0.0127208157359,16925.6330851,0.00642526511076
0.0127208157359,25388.4496276,0.0133845963666
0.0127208157359,33851.2661702,0.00696087450123
0.0127208157359,42314.0827127,0.0011860767915
0.0127208157359,50776.8992553,0.00399290798935
0.0127208157359,59239.7157978,0.00374116502505
0.0127208157359,67702.5323404,0.00115858050243
0.0127208157359,76165.3488829,5.83842335643e-05
0.0127208157359,84628.1654255,0.000201462864527
0.0127208157359,93090.981968,0.000447918878014
0.0127208157359,101553.798511,0.00121779202578
0.0127208157359,110016.615053,0.000341946778782
0.0127208157359,118479.431596,0.00680988734993
0.0127208157359,126942.248138,0.0438294440985
0.0127208157359,135405.064681,0.0506060490202
0.0127208157359,143867.881223,0.014350110475
0.0127208157359,152330.697766,0.00888701394235
0.0127208157359,160793.514308,0.0120056908872
0.0127208157359,169256.330851,0.00791875374577
0.0127208157359,177719.147394,0.0483185915004
0.0127208157359,186181.963936,0.092383475607
0.0127208157359,194644.780479,0.055223118183
0.0127208157359,203107.597021,0.031532830995
0.0127208157359,211570.413564,0.104383249251
0.0127208157359,220033.230106,0.0767166116608
0.0127208157359,228496.046649,0.00877647515405
0.0127208157359,236958.863191,0.00195144491967
0.0127208157359,245421.679734,0.00234326049519
0.0127208157359,253884.496276,0.00784594567594
0.0127208157359,262347.312819,0.0122920284912
0.0127208157359,270810.129362,0.00159505649972
0.0127208157359,279272.945904,0.0122176514078
0.0127208157359,287735.762447,0.00879118807259
0.0127208157359,296198.578989,0.0020047124683
0.0127208157359,304661.395532,0.000353645711643
0.0127208157359,313124.212074,0.0030467311675
0.0127208157359,321587.028617,0.00149190032219
0.0127208157359,330049.845159,0.00186337911427
0.0127208157359,338512.661702,0.0627679837622
0.0127208157359,346975.478245,0.110286715345
0.0127208157359,355438.294787,0.0420750417602
0.0127208157359,363901.11133,0.0601992524615
0.0127208157359,372363.927872,0.0795519493023
0.0127208157359,380826.744415,0.0249023390706
0.0127208157359,389289.560957,0.000433380878525
0.0127208157359,397752.3775,0.00752348400943
0.0127208157359,406215.194042,0.00477880662343
0.0127208157359,414678.010585,0.000408246042053
0.0127208157359,423140.827127,0.00186667855721
0.0127208157359,431603.64367,0.000994971946408
0.0127208157359,440066.460213,0.000394762859526
0.0127208157359,448529.276755,0.000817950462287
0.0127208157359,456992.093298,0.000400782360365
0.0127208157359,465454.90984,0.000328214930665
0.0127208157359,473917.726383,0.000740404947848
0.0127208157359,482380.542925,0.000125315209858
0.0127208157359,490843.359468,0.00142471365419
0.0127208157359,499306.17601,0.00382316850619
0.0127208157359,507768.992553,0.00289921345452
0.0127208157359,516231.809096,0.000447762594998
0.0127208157359,524694.625638,0.00400496592908
0.0127208157359,533157.442181,0.0170127059076
0.0127208157359,541620.258723,0.0256189673739
0.0127208157359,550083.075266,0.0555463478096
0.0127208157359,558545.891808,0.0879105346569
0.0127208157359,567008.708351,0.0461416557381
0.0127208157359,575471.524893,0.0042542032449
0.0127208157359,583934.341436,0.00641223790568
0.0127208157359,592397.157978,0.00350693074208
0.0127208157359,600859.974521,0.000694286960982
0.0127208157359,609322.791064,0.000852484256148
0.0127208157359,617785.607606,0.000128880298857
0.0127208157359,626248.424149,0.000445319943254
0.0127208157359,634711.240691,7.05688787e-05
0.0127208157359,643174.057234,0.000411401513558
0.0127208157359,651636.873776,0.000781593346505
0.0127208157359,660099.690319,0.000358791343756
0.0127208157359,668562.506861,0.000611677430223
0.0127208157359,677025.323404,0.00105728848118
0.0127208157359,685488.139946,0.00157829887103
0.0127208157359,693950.956489,0.00160822940531
0.0127208157359,702413.773032,0.000348304029501
0.0127208157359,710876.589574,0.00510392559815
0.0127208157359,719339.406117,0.00547960557679
0.0127208157359,727802.222659,0.00109161980794
0.0127208157359,736265.039202,0.00247753148072
0.0127208157359,744727.855744,0.00315720676434
0.0127208157359,753190.672287,0.00093562960596
0.0127208157359,761653.488829,0.00220730875394
0.0127208157359,770116.305372,0.00349320846211
0.0127208157359,778579.121915,0.00195637090684
0.0127208157359,787041.938457,0.00013814188839
0.0127208157359,795504.755,0.000124948026456
0.0127208157359,803967.571542,0.000159474111301
0.0127208157359,812430.388085,0.000586172703677
0.0127208157359,820893.204627,0.000885736854455
0.0127208157359,829356.02117,0.000193721567499
0.0127208157359,837818.837712,0.000785565564421
0.0127208157359,846281.654255,0.000637450011498
0.0127208157359,854744.470797,0.00013249805224
0.0127208157359,863207.28734,8.83057232984e-05
0.0127208157359,871670.103883,7.3378764417e-05
0.0127208157359,880132.920425,0.000827365624414
0.0127208157359,888595.736968,0.00186979732434
0.0127208157359,897058.55351,0.00290186208889
0.0127208157359,905521.370053,0.002410406487
0.0127208157359,913984.186595,0.000452416213694
0.0127208157359,922447.003138,0.00251179373834
0.0127208157359,930909.81968,0.00328833807662
0.0127208157359,939372.636223,0.00148073287489
0.0127208157359,947835.452766,8.26232869257e-05
0.0127208157359,956298.269308,3.9294253043e-05
0.0127208157359,964761.085851,3.34682989925e-05
0.0127208157359,973223.902393,4.72089019676e-05
0.0127208157359,981686.718936,3.86421565492e-05
0.0127208157359,990149.535478,2.58282706148e-05
0.0127208157359,998612.352021,3.83433961702e-05
0.0127208157359,1007075.16856,1.96003955124e-05
0.0127208157359,1015537.98511,1.41180380302e-05
0.0127208157359,1024000.80165,9.55526321682e-06
0.0127208157359,1032463.61819,2.40335112091e-05
0.0127208157359,1040926.43473,5.63883832747e-05
0.0127208157359,1049389.25128,4.91282784783e-05
0.0127208157359,1057852.06782,2.73703893226e-05
0.0127208157359,1066314.88436,5.20071870332e-05
0.0127208157359,1074777.7009,0.000172300332291
0.0127208157359,1083240.51745,0.000198355153429
0.0127208157359,1091703.33399,0.000677682110292
0.0127208157359,1100166.15053,0.00134327017478
0.0127208157359,1108628.96707,0.00160058542251
0.0127208157359,1117091.78362,0.0017419590753
0.0127208157359,1125554.60016,0.00092756204688
0.0127208157359,1134017.4167,6.47838346968e-05
0.0127208157359,1142480.23324,1.01778948456e-05
0.0127208157359,1150943.04979,9.38628834078e-06
0.0127208157359,1159405.86633,2.58269368026e-05
0.0127208157359,1167868.68287,2.68474160809e-05
0.0127208157359,1176331.49941,1.01441177098e-05
0.0127208157359,1184794.31596,2.36859965698e-05
0.0127208157359,1193257.1325,1.77537827911e-05
0.0127208157359,1201719.94904,1.3732117233e-05
0.0127208157359,1210182.76558,2.54919986865e-05
0.0127208157359,1218645.58213,1.33456022224e-05
0.0127208157359,1227108.39867,2.40992636475e-05
0.0127208157359,1235571.21521,2.42638765589e-05
0.0127208157359,1244034.03175,2.35795185635e-06
0.0127208157359,1252496.8483,7.34798351523e-05
0.0127208157359,1260959.66484,9.3831489891e-05
0.0127208157359,1269422.48138,2.59459843778e-05
0.0127208157359,1277885.29792,2.86736974993e-05
0.0127208157359,1286348.11447,5.12654998933e-05
0.0127208157359,1294810.93101,3.19622158132e-05
0.0127208157359,1303273.74755,2.00171177412e-05
0.0127208157359,1311736.5641,5.22755890551e-05
0.0127208157359,1320199.38064,3.39565347344e-05
0.0127208157359,1328662.19718,3.39359222936e-06
0.0127208157359,1337125.01372,7.76981801942e-07
0.0127208157359,1345587.83027,1.06967282939e-06
0.0127208157359,1354050.64681,7.37096164366e-06
0.0127208157359,1362513.46335,1.15355183939e-05
0.0127208157359,1370976.27989,1.14458207919e-05
0.0127208157359,1379439.09644,2.15034181524e-05
0.0127208157359,1387901.91298,1.15737246918e-05
0.0127208157359,1396364.72952,1.29910490013e-05
0.0127208157359,1404827.54606,1.12166539952e-05
0.0127208157359,1413290.36261,2.2322857389e-06
0.0127208157359,1421753.17915,4.68684310388e-06
0.0127208157359,1430215.99569,1.32789653749e-05
0.0127208157359,1438678.81223,3.71401672199e-05
0.0127208157359,1447141.62878,4.57164522222e-05
0.0127208157359,1455604.44532,1.08673403777e-05
0.0127208157359,1464067.26186,3.13867822772e-05
0.0127208157359,1472530.0784,5.14037632665e-05
0.0127208157359,1480992.89495,2.60064330853e-05
0.0127208157359,1489455.71149,5.29767879319e-07
0.0127208157359,1497918.52803,2.88671949709e-07
0.0127208157359,1506381.34457,2.23465337729e-07
0.0127208157359,1514844.16112,6.21193095116e-07
0.0127208157359,1523306.97766,6.45944419129e-07
0.0127208157359,1531769.7942,2.64426778642e-07
0.0127208157359,1540232.61074,6.32148153684e-07
0.0127208157359,1548695.42729,2.43865052327e-07
0.0127208157359,1557158.24383,2.82970926084e-07
0.0127208157359,1565621.06037,1.67851483729e-07
0.0127208157359,1574083.87691,1.91252061214e-07
0.0127208157359,1582546.69346,4.28034303867e-07
0.0127208157359,1591009.51,4.70181123635e-07
0.0127208157359,1599472.32654,3.7173978878e-07
0.0127208157359,1607935.14308,2.57478510826e-07
0.0127208157359,1616397.95963,1.03469167482e-06
0.0127208157359,1624860.77617,8.91929091055e-07
0.0127208157359,1633323.59271,4.01532255626e-06
0.0127208157359,1641786.40925,8.87116348165e-06
0.0127208157359,1650249.2258,1.70318291564e-05
0.0127208157359,1658712.04234,2.62542535858e-05
0.0127208157359,1667174.85888,1.55484018832e-05
0.0127208157359,1675637.67542,1.16097712443e-06
0.0127208157359,1684100.49197,2.52164989812e-07
0.0127208157359,1692563.30851,2.44483113147e-08
0.0127208157359,1701026.12505,3.42174475724e-07
0.0127208157359,1709488.94159,3.94781060325e-07
0.0127208157359,1717951.75814,1.04922060439e-07
0.0127208157359,1726414.57468,3.31686907715e-07
0.0127208157359,1734877.39122,3.00871000472e-07
0.0127208157359,1743340.20777,1.39134047783e-07
0.0127208157359,1751803.02431,3.83097605525e-07
0.0127208157359,1760265.84085,2.60854867383e-07
0.0127208157359,1768728.65739,1.90223211927e-07
0.0127208157359,1777191.47394,1.65011589069e-07
0.0127208157359,1785654.29048,3.00055069974e-08
0.0127208157359,1794117.10702,4.77460895808e-07
0.0127208157359,1802579.92356,6.84258023279e-07
0.0127208157359,1811042.74011,2.49923694654e-07
0.0127208157359,1819505.55665,1.67848824981e-07
0.0127208157359,1827968.37319,3.503604398e-07
0.0127208157359,1836431.18973,2.83685311036e-07
0.0127208157359,1844894.00628,9.41689914081e-08
0.0127208157359,1853356.82282,3.49414916187e-07
0.0127208157359,1861819.63936,2.66169296859e-07
0.0127208157359,1870282.4559,3.11236885403e-08
0.0127208157359,1878745.27245,8.40517674449e-09
0.0127208157359,1887208.08899,4.3242833528e-09
0.0127208157359,1895670.90553,4.58769748498e-08
0.0127208157359,1904133.72207,6.19412653791e-08
0.0127208157359,1912596.53862,1.31253091546e-07
0.0127208157359,1921059.35516,2.462507534e-07
0.0127208157359,1929522.1717,1.24717254995e-07
0.0127208157359,1937984.98824,1.82366713688e-07
0.0127208157359,1946447.80479,1.65892539068e-07
0.0127208157359,1954910.62133,3.22012807298e-08
0.0127208157359,1963373.43787,1.35720892631e-08
0.0127208157359,1971836.25441,5.15521345997e-08
0.0127208157359,1980299.07096,2.27969886998e-07
0.0127208157359,1988761.8875,3.43652440767e-07
0.0127208157359,1997224.70404,1.28363029473e-07
0.0127208157359,2005687.52058,1.85118176657e-07
0.0127208157359,2014150.33713,3.60056999203e-07
0.0127208157359,2022613.15367,2.06257850695e-07
0.0127208157359,2031075.97021,6.85625268931e-09
0.0127208157359,2039538.78675,3.77762148386e-09
0.0127208157359,2048001.6033,9.27642807584e-10
0.0127208157359,2056464.41984,6.06651160302e-09
0.0127208157359,2064927.23638,4.19926228464e-09
0.0127208157359,2073390.05292,2.74830587455e-09
0.0127208157359,2081852.86947,1.01609909009e-09
0.0127208157359,2090315.68601,1.10589529279e-09
0.0127208157359,2098778.50255,2.87265280274e-09
0.0127208157359,2107241.31909,3.37104326804e-09
0.0127208157359,2115704.13564,1.17649618472e-08
0.0127208157359,2124166.95218,1.21220692144e-07
0.0127208157359,2132629.76872,1.79408453538e-07
0.0127208157359,2141092.58526,9.46663791731e-08
0.0127208157359,2149555.40181,3.31917950348e-08
0.0127208157359,2158018.21835,1.33536687272e-08
0.0127208157359,2166481.03489,2.7200940565e-09
