B_t,total_echo_time_s,normalized_quadrature
0.0001,0,1
0.0001,2.30789003895e-07,0.99998845917
0.0001,4.6157800779e-07,0.999976898249
0.0001,6.92367011685e-07,0.999965265413
0.0001,9.23156015579e-07,0.999953474865
0.0001,1.15394501947e-06,0.999941407682
0.0001,1.38473402337e-06,0.999928913001
0.0001,1.61552302726e-06,0.999915809514
0.0001,1.84631203116e-06,0.999901887267
0.0001,2.07710103505e-06,0.999886909745
0.0001,2.30789003895e-06,0.999870616214
0.0001,2.53867904284e-06,0.999852724316
0.0001,2.76946804674e-06,0.999832932862
0.0001,3.00025705063e-06,0.999810924819
0.0001,3.23104605453e-06,0.999786370458
0.0001,3.46183505842e-06,0.999758930618
0.0001,3.69262406232e-06,0.999728260061
0.0001,3.92341306621e-06,0.999694010894
0.0001,4.15420207011e-06,0.999655836001
0.0001,4.384991074e-06,0.999613392471
0.0001,4.6157800779e-06,0.999566344971
0.0001,4.84656908179e-06,0.999514369041
0.0001,5.07735808569e-06,0.999457154264
0.0001,5.30814708958e-06,0.999394407288
0.0001,5.53893609348e-06,0.999325854662
0.0001,5.76972509737e-06,0.999251245458
0.0001,6.00051410127e-06,0.999170353641
0.0001,6.23130310516e-06,0.999082980178
0.0001,6.46209210906e-06,0.998988954837
0.0001,6.69288111295e-06,0.998888137683
0.0001,6.92367011685e-06,0.998780420221
0.0001,7.15445912074e-06,0.998665726199
0.0001,7.38524812464e-06,0.998544012032
0.0001,7.61603712853e-06,0.998415266864
0.0001,7.84682613243e-06,0.998279512238
0.0001,8.07761513632e-06,0.998136801388
0.0001,8.30840414022e-06,0.997987218151
0.0001,8.53919314411e-06,0.997830875495
0.0001,8.76998214801e-06,0.997667913691
0.0001,9.0007711519e-06,0.997498498118
0.0001,9.23156015579e-06,0.997322816734
0.0001,9.46234915969e-06,0.99714107723
0.0001,9.69313816358e-06,0.99695350388
0.0001,9.92392716748e-06,0.996760334121
0.0001,1.01547161714e-05,0.996561814889
0.0001,1.03855051753e-05,0.996358198742
0.0001,1.06162941792e-05,0.996149739801
0.0001,1.08470831831e-05,0.995936689548
0.0001,1.1077872187e-05,0.995719292513
0.0001,1.13086611908e-05,0.99549778189
0.0001,1.15394501947e-05,0.995272375122
0.0001,1.17702391986e-05,0.995043269499
0.0001,1.20010282025e-05,0.994810637799
0.0001,1.22318172064e-05,0.994574624017
0.0001,1.24626062103e-05,0.994335339228
0.0001,1.26933952142e-05,0.994092857617
0.0001,1.29241842181e-05,0.993847212708
0.0001,1.3154973222e-05,0.993598393848
0.0001,1.33857622259e-05,0.993346342955
0.0001,1.36165512298e-05,0.993090951589
0.0001,1.38473402337e-05,0.992832058354
0.0001,1.40781292376e-05,0.992569446678
0.0001,1.43089182415e-05,0.992302842983
0.0001,1.45397072454e-05,0.99203191527
0.0001,1.47704962493e-05,0.991756272144
0.0001,1.50012852532e-05,0.991475462286
0.0001,1.52320742571e-05,0.991188974388
0.0001,1.5462863261e-05,0.990896237561
0.0001,1.56936522649e-05,0.990596622208
0.0001,1.59244412687e-05,0.990289441383
0.0001,1.61552302726e-05,0.98997395261
0.0001,1.63860192765e-05,0.989649360168
0.0001,1.66168082804e-05,0.989314817821
0.0001,1.68475972843e-05,0.988969431992
0.0001,1.70783862882e-05,0.988612265337
0.0001,1.73091752921e-05,0.98824234072
0.0001,1.7539964296e-05,0.987858645544
0.0001,1.77707532999e-05,0.987460136426
0.0001,1.80015423038e-05,0.987045744156
0.0001,1.82323313077e-05,0.986614378935
0.0001,1.84631203116e-05,0.986164935827
0.0001,1.86939093155e-05,0.985696300402
0.0001,1.89246983194e-05,0.985207354517
0.0001,1.91554873233e-05,0.98469698219
0.0001,1.93862763272e-05,0.984164075532
0.0001,1.96170653311e-05,0.983607540678
0.0001,1.9847854335e-05,0.983026303677
0.0001,2.00786433389e-05,0.982419316294
0.0001,2.03094323427e-05,0.981785561669
0.0001,2.05402213466e-05,0.981124059805
0.0001,2.07710103505e-05,0.980433872823
0.0001,2.10017993544e-05,0.979714109947
0.0001,2.12325883583e-05,0.978963932185
0.0001,2.14633773622e-05,0.978182556655
0.0001,2.16941663661e-05,0.977369260535
0.0001,2.192495537e-05,0.976523384587
0.0001,2.21557443739e-05,0.975644336246
0.0001,2.23865333778e-05,0.974731592234
0.0001,2.26173223817e-05,0.973784700675
0.0001,2.28481113856e-05,0.972803282716
0.0001,2.30789003895e-05,0.971787033607
0.0001,2.33096893934e-05,0.970735723265
0.0001,2.35404783973e-05,0.969649196298
0.0001,2.37712674012e-05,0.968527371485
0.0001,2.40020564051e-05,0.967370240743
0.0001,2.4232845409e-05,0.96617786756
0.0001,2.44636344129e-05,0.964950384928
0.0001,2.46944234168e-05,0.96368799279
0.0001,2.49252124206e-05,0.962390955012
0.0001,2.51560014245e-05,0.96105959593
0.0001,2.53867904284e-05,0.959694296478
0.0001,2.56175794323e-05,0.958295489941
0.0001,2.58483684362e-05,0.956863657377
0.0001,2.60791574401e-05,0.955399322727
0.0001,2.6309946444e-05,0.95390304768
0.0001,2.65407354479e-05,0.952375426317
0.0001,2.67715244518e-05,0.950817079581
0.0001,2.70023134557e-05,0.94922864964
0.0001,2.72331024596e-05,0.947610794154
0.0001,2.74638914635e-05,0.945964180537
0.0001,2.76946804674e-05,0.944289480215
0.0001,2.79254694713e-05,0.942587362976
0.0001,2.81562584752e-05,0.940858491407
0.0001,2.83870474791e-05,0.939103515514
0.0001,2.8617836483e-05,0.937323067519
0.0001,2.88486254869e-05,0.935517756921
0.0001,2.90794144908e-05,0.93368816582
0.0001,2.93102034946e-05,0.931834844568
0.0001,2.95409924985e-05,0.929958307765
0.0001,2.97717815024e-05,0.928059030637
0.0001,3.00025705063e-05,0.926137445819
0.0001,3.02333595102e-05,0.924193940563
0.0001,3.04641485141e-05,0.922228854399
0.0001,3.0694937518e-05,0.920242477254
0.0001,3.09257265219e-05,0.918235048042
0.0001,3.11565155258e-05,0.916206753739
0.0001,3.13873045297e-05,0.914157728934
0.0001,3.16180935336e-05,0.912088055865
0.0001,3.18488825375e-05,0.909997764923
0.0001,3.20796715414e-05,0.907886835632
0.0001,3.23104605453e-05,0.905755198067
0.0001,3.25412495492e-05,0.903602734716
0.0001,3.27720385531e-05,0.901429282752
0.0001,3.3002827557e-05,0.899234636695
0.0001,3.32336165609e-05,0.897018551435
0.0001,3.34644055648e-05,0.894780745585
0.0001,3.36951945687e-05,0.892520905143
0.0001,3.39259835725e-05,0.890238687405
0.0001,3.41567725764e-05,0.887933725117
0.0001,3.43875615803e-05,0.885605630807
0.0001,3.46183505842e-05,0.88325400128
0.0001,3.48491395881e-05,0.880878422206
0.0001,3.5079928592e-05,0.878478472788
0.0001,3.53107175959e-05,0.876053730455
0.0001,3.55415065998e-05,0.873603775535
0.0001,3.57722956037e-05,0.871128195883
0.0001,3.60030846076e-05,0.868626591406
0.0001,3.62338736115e-05,0.866098578465
0.0001,3.64646626154e-05,0.863543794099
0.0001,3.66954516193e-05,0.860961900056
0.0001,3.69262406232e-05,0.85835258658
0.0001,3.71570296271e-05,0.855715575936
0.0001,3.7387818631e-05,0.853050625645
0.0001,3.76186076349e-05,0.850357531399
0.0001,3.78493966388e-05,0.847636129643
0.0001,3.80801856427e-05,0.844886299796
0.0001,3.83109746465e-05,0.842107966108
0.0001,3.85417636504e-05,0.83930109914
0.0001,3.87725526543e-05,0.836465716851
0.0001,3.90033416582e-05,0.833601885303
0.0001,3.92341306621e-05,0.830709718973
0.0001,3.9464919666e-05,0.827789380686
0.0001,3.96957086699e-05,0.82484108116
0.0001,3.99264976738e-05,0.821865078204
0.0001,4.01572866777e-05,0.818861675548
0.0001,4.03880756816e-05,0.815831221344
0.0001,4.06188646855e-05,0.812774106361
0.0001,4.08496536894e-05,0.809690761881
0.0001,4.10804426933e-05,0.806581657331
0.0001,4.13112316972e-05,0.80344729768
0.0001,4.15420207011e-05,0.800288220624
0.0001,4.1772809705e-05,0.797104993596
0.0001,4.20035987089e-05,0.793898210624
0.0001,4.22343877128e-05,0.790668489082
0.0001,4.24651767167e-05,0.787416466353
0.0001,4.26959657206e-05,0.784142796447
0.0001,4.29267547244e-05,0.780848146605
0.0001,4.31575437283e-05,0.777533193917
0.0001,4.33883327322e-05,0.774198621994
0.0001,4.36191217361e-05,0.770845117709
0.0001,4.384991074e-05,0.767473368062
0.0001,4.40806997439e-05,0.764084057168
0.0001,4.43114887478e-05,0.760677863407
0.0001,4.45422777517e-05,0.75725545677
0.0001,4.47730667556e-05,0.753817496397
0.0001,4.50038557595e-05,0.750364628346
0.0001,4.52346447634e-05,0.746897483606
0.0001,4.54654337673e-05,0.74341667635
0.0001,4.56962227712e-05,0.73992280247
0.0001,4.59270117751e-05,0.736416438367
0.0001,4.6157800779e-05,0.732898140026
0.0001,4.63885897829e-05,0.729368442363
0.0001,4.66193787868e-05,0.725827858855
0.0001,4.68501677907e-05,0.722276881433
0.0001,4.70809567946e-05,0.71871598065
0.0001,4.73117457984e-05,0.715145606092
0.0001,4.75425348023e-05,0.711566187051
0.0001,4.77733238062e-05,0.707978133409
0.0001,4.80041128101e-05,0.704381836748
0.0001,4.8234901814e-05,0.700777671652
0.0001,4.84656908179e-05,0.697165997182
0.0001,4.86964798218e-05,0.693547158508
0.0001,4.89272688257e-05,0.689921488668
0.0001,4.91580578296e-05,0.68628931044
0.0001,4.93888468335e-05,0.682650938291
0.0001,4.96196358374e-05,0.679006680385
0.0001,4.98504248413e-05,0.675356840628
0.0001,5.00812138452e-05,0.671701720713
0.0001,5.03120028491e-05,0.668041622153
0.0001,5.0542791853e-05,0.664376848267
0.0001,5.07735808569e-05,0.660707706102
0.0001,5.10043698608e-05,0.657034508267
0.0001,5.12351588647e-05,0.65335757466
0.0001,5.14659478686e-05,0.649677234052
0.0001,5.16967368725e-05,0.645993825539
0.0001,5.19275258763e-05,0.64230769982
0.0001,5.21583148802e-05,0.638619220293
0.0001,5.23891038841e-05,0.634928763963
0.0001,5.2619892888e-05,0.63123672215
0.0001,5.28506818919e-05,0.627543500975
0.0001,5.30814708958e-05,0.623849521641
0.0001,5.33122598997e-05,0.620155220488
0.0001,5.35430489036e-05,0.616461048828
0.0001,5.37738379075e-05,0.612767472558
0.0001,5.40046269114e-05,0.609074971558
0.0001,5.42354159153e-05,0.605384038882
0.0001,5.44662049192e-05,0.601695179739
0.0001,5.46969939231e-05,0.598008910288
0.0001,5.4927782927e-05,0.594325756252
0.0001,5.51585719309e-05,0.590646251359
0.0001,5.53893609348e-05,0.586970935645
0.0001,5.56201499387e-05,0.583300353609
0.0001,5.58509389426e-05,0.579635052264
0.0001,5.60817279465e-05,0.575975579084
0.0001,5.63125169503e-05,0.572322479883
0.0001,5.65433059542e-05,0.568676296629
0.0001,5.67740949581e-05,0.565037565238
0.0001,5.7004883962e-05,0.561406813345
0.0001,5.72356729659e-05,0.557784558089
0.0001,5.74664619698e-05,0.554171303935
0.0001,5.76972509737e-05,0.550567540542
0.0001,5.79280399776e-05,0.546973740706
0.0001,5.81588289815e-05,0.543390358401
0.0001,5.83896179854e-05,0.539817826926
0.0001,5.86204069893e-05,0.536256557187
0.0001,5.88511959932e-05,0.532706936121
0.0001,5.90819849971e-05,0.529169325285
0.0001,5.9312774001e-05,0.525644059616
0.0001,5.95435630049e-05,0.522131446384
0.0001,5.97743520088e-05,0.518631764329
0.0001,6.00051410127e-05,0.515145263016
0.0001,6.02359300166e-05,0.511672162392
0.0001,6.04667190205e-05,0.508212652559
0.0001,6.06975080244e-05,0.504766893767
0.0001,6.09282970282e-05,0.501335016618
0.0001,6.11590860321e-05,0.497917122496
0.0001,6.1389875036e-05,0.494513284196
0.0001,6.16206640399e-05,0.491123546769
0.0001,6.18514530438e-05,0.487747928561
0.0001,6.20822420477e-05,0.484386422447
0.0001,6.23130310516e-05,0.481038997238
0.0001,6.25438200555e-05,0.477705599258
0.0001,6.27746090594e-05,0.474386154076
0.0001,6.30053980633e-05,0.471080568376
0.0001,6.32361870672e-05,0.467788731943
0.0001,6.34669760711e-05,0.464510519766
0.0001,6.3697765075e-05,0.461245794214
0.0001,6.39285540789e-05,0.457994407296
0.0001,6.41593430828e-05,0.454756202955
0.0001,6.43901320867e-05,0.451531019405
0.0001,6.46209210906e-05,0.448318691468
0.0001,6.48517100945e-05,0.445119052908
0.0001,6.50824990984e-05,0.441931938738
0.0001,6.53132881022e-05,0.438757187467
0.0001,6.55440771061e-05,0.435594643298
0.0001,6.577486611e-05,0.432444158226
0.0001,6.60056551139e-05,0.429305594043
0.0001,6.62364441178e-05,0.426178824223
0.0001,6.64672331217e-05,0.423063735675
0.0001,6.66980221256e-05,0.41996023035
0.0001,6.69288111295e-05,0.416868226686
0.0001,6.71596001334e-05,0.413787660889
0.0001,6.73903891373e-05,0.41071848803
0.0001,6.76211781412e-05,0.407660682959
0.0001,6.78519671451e-05,0.404614241024
0.0001,6.8082756149e-05,0.401579178595
0.0001,6.83135451529e-05,0.398555533385
0.0001,6.85443341568e-05,0.395543364575
0.0001,6.87751231607e-05,0.392542752735
0.0001,6.90059121646e-05,0.389553799555
0.0001,6.92367011685e-05,0.386576627373
0.0001,6.94674901724e-05,0.383611378527
0.0001,6.96982791763e-05,0.38065821452
0.0001,6.99290681801e-05,0.377717315023
0.0001,7.0159857184e-05,0.374788876708
0.0001,7.03906461879e-05,0.371873111942
0.0001,7.06214351918e-05,0.36897024734
0.0001,7.08522241957e-05,0.366080522201
0.0001,7.10830131996e-05,0.363204186832
0.0001,7.13138022035e-05,0.360341500785
0.0001,7.15445912074e-05,0.357492731015
0.0001,7.17753802113e-05,0.354658149981
0.0001,7.20061692152e-05,0.351838033703
0.0001,7.22369582191e-05,0.349032659794
0.0001,7.2467747223e-05,0.346242305484
0.0001,7.26985362269e-05,0.343467245649
0.0001,7.29293252308e-05,0.340707750867
0.0001,7.31601142347e-05,0.337964085513
0.0001,7.33909032386e-05,0.335236505906
0.0001,7.36216922425e-05,0.332525258531
0.0001,7.38524812464e-05,0.329830578338
0.0001,7.40832702503e-05,0.327152687146
0.0001,7.43140592541e-05,0.324491792145
0.0001,7.4544848258e-05,0.321848084523
0.0001,7.47756372619e-05,0.319221738219
0.0001,7.50064262658e-05,0.316612908814
0.0001,7.52372152697e-05,0.314021732565
0.0001,7.54680042736e-05,0.311448325584
0.0001,7.56987932775e-05,0.308892783181
0.0001,7.59295822814e-05,0.306355179352
0.0001,7.61603712853e-05,0.303835566431
0.0001,7.63911602892e-05,0.301333974903
0.0001,7.66219492931e-05,0.29885041337
0.0001,7.6852738297e-05,0.296384868678
0.0001,7.70835273009e-05,0.293937306189
0.0001,7.73143163048e-05,0.291507670207
0.0001,7.75451053087e-05,0.289095884546
0.0001,7.77758943126e-05,0.28670185323
0.0001,7.80066833165e-05,0.28432546132
0.0001,7.82374723204e-05,0.281966575864
0.0001,7.84682613243e-05,0.279625046955
0.0001,7.86990503282e-05,0.277300708886
0.0001,7.8929839332e-05,0.274993381398
0.0001,7.91606283359e-05,0.272702870999
0.0001,7.93914173398e-05,0.270428972359
0.0001,7.96222063437e-05,0.268171469746
0.0001,7.98529953476e-05,0.265930138515
0.0001,8.00837843515e-05,0.26370474662
0.0001,8.03145733554e-05,0.261495056144
0.0001,8.05453623593e-05,0.259300824835
0.0001,8.07761513632e-05,0.257121807634
0.0001,8.10069403671e-05,0.254957758182
0.0001,8.1237729371e-05,0.252808430301
0.0001,8.14685183749e-05,0.250673579431
0.0001,8.16993073788e-05,0.248552964013
0.0001,8.19300963827e-05,0.246446346815
0.0001,8.21608853866e-05,0.244353496184
0.0001,8.23916743905e-05,0.242274187223
0.0001,8.26224633944e-05,0.240208202878
0.0001,8.28532523983e-05,0.238155334935
0.0001,8.30840414022e-05,0.236115384914
0.0001,8.3314830406e-05,0.234088164867
0.0001,8.35456194099e-05,0.232073498063
0.0001,8.37764084138e-05,0.230071219568
0.0001,8.40071974177e-05,0.228081176705
0.0001,8.42379864216e-05,0.226103229414
0.0001,8.44687754255e-05,0.224137250487
0.0001,8.46995644294e-05,0.222183125705
0.0001,8.49303534333e-05,0.22024075385
0.0001,8.51611424372e-05,0.218310046626
0.0001,8.53919314411e-05,0.216390928471
0.0001,8.5622720445e-05,0.214483336266
0.0001,8.58535094489e-05,0.212587218963
0.0001,8.60842984528e-05,0.210702537116
0.0001,8.63150874567e-05,0.208829262339
0.0001,8.65458764606e-05,0.206967376687
0.0001,8.67766654645e-05,0.205116871973
0.0001,8.70074544684e-05,0.203277749027
0.0001,8.72382434723e-05,0.201450016912
0.0001,8.74690324762e-05,0.199633692085
0.0001,8.76998214801e-05,0.197828797546
0.0001,8.79306104839e-05,0.196035361946
0.0001,8.81613994878e-05,0.194253418687
0.0001,8.83921884917e-05,0.192483005023
0.0001,8.86229774956e-05,0.190724161147
0.0001,8.88537664995e-05,0.188976929307
0.0001,8.90845555034e-05,0.187241352923
0.0001,8.93153445073e-05,0.185517475741
0.0001,8.95461335112e-05,0.183805341012
0.0001,8.97769225151e-05,0.182104990716
0.0001,9.0007711519e-05,0.180416464824
0.0001,9.02385005229e-05,0.178739800614
0.0001,9.04692895268e-05,0.177075032039
0.0001,9.07000785307e-05,0.175422189156
0.0001,9.09308675346e-05,0.17378129761
0.0001,9.11616565385e-05,0.172152378193
0.0001,9.13924455424e-05,0.170535446462
0.0001,9.16232345463e-05,0.16893051242
0.0001,9.18540235502e-05,0.167337580279
0.0001,9.20848125541e-05,0.165756648278
0.0001,9.23156015579e-05,0.164187708575
0.0001,9.25463905618e-05,0.162630747202
0.0001,9.27771795657e-05,0.161085744088
0.0001,9.30079685696e-05,0.15955267314
0.0001,9.32387575735e-05,0.158031502384
0.0001,9.34695465774e-05,0.15652219416
0.0001,9.37003355813e-05,0.155024705375
0.0001,9.39311245852e-05,0.15353898779
0.0001,9.41619135891e-05,0.152064988365
0.0001,9.4392702593e-05,0.150602649628
0.0001,9.46234915969e-05,0.149151910089
0.0001,9.48542806008e-05,0.147712704668
0.0001,9.50850696047e-05,0.146284965159
0.0001,9.53158586086e-05,0.144868620701
0.0001,9.55466476125e-05,0.14346359826
0.0001,9.57774366164e-05,0.142069823122
0.0001,9.60082256203e-05,0.140687219386
0.0001,9.62390146242e-05,0.139315710445
0.0001,9.64698036281e-05,0.137955219465
0.0001,9.6700592632e-05,0.136605669847
0.0001,9.69313816358e-05,0.135266985668
0.0001,9.71621706397e-05,0.133939092098
0.0001,9.73929596436e-05,0.132621915799
0.0001,9.76237486475e-05,0.131315385279
0.0001,9.78545376514e-05,0.130019431226
0.0001,9.80853266553e-05,0.128733986794
0.0001,9.83161156592e-05,0.127458987861
0.0001,9.85469046631e-05,0.126194373241
0.0001,9.8777693667e-05,0.124940084853
0.0001,9.90084826709e-05,0.123696067851
0.0001,9.92392716748e-05,0.122462270712
0.0001,9.94700606787e-05,0.121238645275
0.0001,9.97008496826e-05,0.120025146748
0.0001,9.99316386865e-05,0.11882173366
0.0001,0.00010016242769,0.117628367785
0.0001,0.000100393216694,0.116445014022
0.0001,0.000100624005698,0.115271640236
0.0001,0.000100854794702,0.114108217072
0.0001,0.000101085583706,0.11295471773
0.0001,0.00010131637271,0.111811117718
0.0001,0.000101547161714,0.110677394574
0.0001,0.000101777950718,0.10955352757
0.0001,0.000102008739722,0.108439497394
0.0001,0.000102239528725,0.107335285823
0.0001,0.000102470317729,0.106240875378
0.0001,0.000102701106733,0.105156248976
0.0001,0.000102931895737,0.104081389575
0.0001,0.000103162684741,0.103016279825
0.0001,0.000103393473745,0.101960901715
0.0001,0.000103624262749,0.100915236233
0.0001,0.000103855051753,0.0998792630353
0.0001,0.000104085840757,0.0988529601293
0.0001,0.00010431662976,0.0978363035727
0.0001,0.000104547418764,0.0968292671938
0.0001,0.000104778207768,0.0958318223343
0.0001,0.000105008996772,0.0948439376158
0.0001,0.000105239785776,0.0938655787343
0.0001,0.00010547057478,0.0928967082825
0.0001,0.000105701363784,0.0919372856027
0.0001,0.000105932152788,0.0909872666706
0.0001,0.000106162941792,0.0900466040111
0.0001,0.000106393730796,0.089115246647
0.0001,0.000106624519799,0.0881931400799
0.0001,0.000106855308803,0.0872802263039
0.0001,0.000107086097807,0.0863764438517
0.0001,0.000107316886811,0.0854817278716
0.0001,0.000107547675815,0.084596010235
0.0001,0.000107778464819,0.0837192196739
0.0001,0.000108009253823,0.0828512819445
0.0001,0.000108240042827,0.0819921200176
0.0001,0.000108470831831,0.0811416542928
0.0001,0.000108701620834,0.0802998028341
0.0001,0.000108932409838,0.0794664816244
0.0001,0.000109163198842,0.0786416048379
0.0001,0.000109393987846,0.0778250851259
0.0001,0.00010962477685,0.0770168339138
0.0001,0.000109855565854,0.076216761708
0.0001,0.000110086354858,0.0754247784076
0.0001,0.000110317143862,0.0746407936196
0.0001,0.000110547932866,0.0738647169745
0.0001,0.00011077872187,0.0730964584391
0.0001,0.000111009510873,0.0723359286241
0.0001,0.000111240299877,0.0715830390838
0.0001,0.000111471088881,0.0708377026056
0.0001,0.000111701877885,0.0700998334857
0.0001,0.000111932666889,0.0693693477912
0.0001,0.000112163455893,0.0686461636033
0.0001,0.000112394244897,0.0679302012423
0.0001,0.000112625033901,0.0672213834715
0.0001,0.000112855822905,0.0665196356786
0.0001,0.000113086611908,0.065824886033
0.0001,0.000113317400912,0.0651370656191
0.0001,0.000113548189916,0.0644561085434
0.0001,0.00011377897892,0.0637819520148
0.0001,0.000114009767924,0.0631145364
0.0001,0.000114240556928,0.06245380525
0.0001,0.000114471345932,0.0617997053018
0.0001,0.000114702134936,0.0611521864526
0.0001,0.00011493292394,0.0605112017094
0.0001,0.000115163712944,0.0598767071124
0.0001,0.000115394501947,0.0592486616356
0.0001,0.000115625290951,0.0586270270647
0.0001,0.000115856079955,0.0580117678523
0.0001,0.000116086868959,0.0574028509555
0.0001,0.000116317657963,0.0568002456533
0.0001,0.000116548446967,0.056203923349
0.0001,0.000116779235971,0.0556138573579
0.0001,0.000117010024975,0.0550300226825
0.0001,0.000117240813979,0.0544523957776
0.0001,0.000117471602982,0.0538809543072
0.0001,0.000117702391986,0.0533156768958
0.0001,0.00011793318099,0.0527565428749
0.000888800983492,0,1
0.000888800983492,2.30789003895e-07,0.99998256263
0.000888800983492,4.6157800779e-07,0.999883320412
0.000888800983492,6.92367011685e-07,0.99949795794
0.000888800983492,9.23156015579e-07,0.998504748482
0.000888800983492,1.15394501947e-06,0.99649186739
0.000888800983492,1.38473402337e-06,0.992993683657
0.000888800983492,1.61552302726e-06,0.987533738001
0.000888800983492,1.84631203116e-06,0.979671165271
0.000888800983492,2.07710103505e-06,0.969046436506
0.000888800983492,2.30789003895e-06,0.95542170918
0.000888800983492,2.53867904284e-06,0.938711012363
0.000888800983492,2.76946804674e-06,0.918996119125
0.000888800983492,3.00025705063e-06,0.896525304196
0.000888800983492,3.23104605453e-06,0.871694120381
0.000888800983492,3.46183505842e-06,0.845009567942
0.000888800983492,3.69262406232e-06,0.817041196351
0.000888800983492,3.92341306621e-06,0.78836438391
0.000888800983492,4.15420207011e-06,0.75950200542
0.000888800983492,4.384991074e-06,0.730870818494
0.000888800983492,4.6157800779e-06,0.70273827249
0.000888800983492,4.84656908179e-06,0.675194316244
0.000888800983492,5.07735808569e-06,0.648141435327
0.000888800983492,5.30814708958e-06,0.621304779985
0.000888800983492,5.53893609348e-06,0.594262867372
0.000888800983492,5.76972509737e-06,0.566497798818
0.000888800983492,6.00051410127e-06,0.537462006081
0.000888800983492,6.23130310516e-06,0.506656135583
0.000888800983492,6.46209210906e-06,0.473710006524
0.000888800983492,6.69288111295e-06,0.438456225769
0.000888800983492,6.92367011685e-06,0.400984873755
0.000888800983492,7.15445912074e-06,0.36166855023
0.000888800983492,7.38524812464e-06,0.32115046529
0.000888800983492,7.61603712853e-06,0.280293960974
0.000888800983492,7.84682613243e-06,0.240098830031
0.000888800983492,8.07761513632e-06,0.201596434085
0.000888800983492,8.30840414022e-06,0.165740146679
0.000888800983492,8.53919314411e-06,0.133308733332
0.000888800983492,8.76998214801e-06,0.104837524487
0.000888800983492,9.0007711519e-06,0.0805863235692
0.000888800983492,9.23156015579e-06,0.0605454926503
0.000888800983492,9.46234915969e-06,0.044474516023
0.000888800983492,9.69313816358e-06,0.0319622523094
0.000888800983492,9.92392716748e-06,0.0224960008545
0.000888800983492,1.01547161714e-05,0.0155274408018
0.000888800983492,1.03855051753e-05,0.0105266634839
0.000888800983492,1.06162941792e-05,0.0070196990132
0.000888800983492,1.08470831831e-05,0.00460894202832
0.000888800983492,1.1077872187e-05,0.00297886924571
0.000888800983492,1.13086611908e-05,0.0018910660587
0.000888800983492,1.15394501947e-05,0.00117293376785
0.000888800983492,1.17702391986e-05,0.000703894263436
0.000888800983492,1.20010282025e-05,0.00040188284565
0.000888800983492,1.22318172064e-05,0.00021179619957
0.000888800983492,1.24626062103e-05,9.65876625623e-05
0.000888800983492,1.26933952142e-05,3.09940810773e-05
0.000888800983492,1.29241842181e-05,-2.54037905809e-06
0.000888800983492,1.3154973222e-05,-1.63455173821e-05
0.000888800983492,1.33857622259e-05,-1.89965226518e-05
0.000888800983492,1.36165512298e-05,-1.6235268333e-05
0.000888800983492,1.38473402337e-05,-1.16376821335e-05
0.000888800983492,1.40781292376e-05,-7.17465181138e-06
0.000888800983492,1.43089182415e-05,-3.70975775841e-06
0.000888800983492,1.45397072454e-05,-1.42427282484e-06
0.000888800983492,1.47704962493e-05,-1.48187227247e-07
0.000888800983492,1.50012852532e-05,4.123490374e-07
0.000888800983492,1.52320742571e-05,5.42822273996e-07
0.000888800983492,1.5462863261e-05,4.61791884459e-07
0.000888800983492,1.56936522649e-05,3.09781651682e-07
0.000888800983492,1.59244412687e-05,1.62294473971e-07
0.000888800983492,1.61552302726e-05,5.04016147055e-08
0.000888800983492,1.63860192765e-05,-2.0352983328e-08
0.000888800983492,1.66168082804e-05,-5.63051677357e-08
0.000888800983492,1.68475972843e-05,-6.74309861071e-08
0.000888800983492,1.70783862882e-05,-6.31979722536e-08
0.000888800983492,1.73091752921e-05,-5.09656689999e-08
0.000888800983492,1.7539964296e-05,-3.57345039214e-08
0.000888800983492,1.77707532999e-05,-2.04940366634e-08
0.000888800983492,1.80015423038e-05,-6.77119655864e-09
0.000888800983492,1.82323313077e-05,4.81708543482e-09
0.000888800983492,1.84631203116e-05,1.41051750871e-08
0.000888800983492,1.86939093155e-05,2.10653947015e-08
0.000888800983492,1.89246983194e-05,2.56565480154e-08
0.000888800983492,1.91554873233e-05,2.78152288779e-08
0.000888800983492,1.93862763272e-05,2.75399687541e-08
0.000888800983492,1.96170653311e-05,2.50026215335e-08
0.000888800983492,1.9847854335e-05,2.06263851216e-08
0.000888800983492,2.00786433389e-05,1.50922087268e-08
0.000888800983492,2.03094323427e-05,9.26525511387e-09
0.000888800983492,2.05402213466e-05,4.05961875483e-09
0.000888800983492,2.07710103505e-05,2.75267102657e-10
0.000888800983492,2.10017993544e-05,-1.55559983345e-09
0.000888800983492,2.12325883583e-05,-1.28201693287e-09
0.000888800983492,2.14633773622e-05,8.11946940496e-10
0.000888800983492,2.16941663661e-05,4.02066823555e-09
0.000888800983492,2.192495537e-05,7.29497221274e-09
0.000888800983492,2.21557443739e-05,9.37331572626e-09
0.000888800983492,2.23865333778e-05,8.94751772349e-09
0.000888800983492,2.26173223817e-05,4.83852358978e-09
0.000888800983492,2.28481113856e-05,-3.8455202323e-09
0.000888800983492,2.30789003895e-05,-1.75951600637e-08
0.000888800983492,2.33096893934e-05,-3.64482453663e-08
0.000888800983492,2.35404783973e-05,-6.00068545563e-08
0.000888800983492,2.37712674012e-05,-8.75123161144e-08
0.000888800983492,2.40020564051e-05,-1.17954364407e-07
0.000888800983492,2.4232845409e-05,-1.50183574711e-07
0.000888800983492,2.44636344129e-05,-1.82998884072e-07
0.000888800983492,2.46944234168e-05,-2.15193551474e-07
0.000888800983492,2.49252124206e-05,-2.45559407905e-07
0.000888800983492,2.51560014245e-05,-2.72865045061e-07
0.000888800983492,2.53867904284e-05,-2.9583355769e-07
0.000888800983492,2.56175794323e-05,-3.13146837993e-07
0.000888800983492,2.58483684362e-05,-3.23496552519e-07
0.000888800983492,2.60791574401e-05,-3.25689588783e-07
0.000888800983492,2.6309946444e-05,-3.18801663432e-07
0.000888800983492,2.65407354479e-05,-3.0236006121e-07
0.000888800983492,2.67715244518e-05,-2.76526788425e-07
0.000888800983492,2.70023134557e-05,-2.42247113546e-07
0.000888800983492,2.72331024596e-05,-2.01325479046e-07
0.000888800983492,2.74638914635e-05,-1.56391809791e-07
0.000888800983492,2.76946804674e-05,-1.10728400318e-07
0.000888800983492,2.79254694713e-05,-6.79438176004e-08
0.000888800983492,2.81562584752e-05,-3.15077786127e-08
0.000888800983492,2.83870474791e-05,-4.19872097111e-09
0.000888800983492,2.8617836483e-05,1.24424268951e-08
0.000888800983492,2.88486254869e-05,1.8524606602e-08
0.000888800983492,2.90794144908e-05,1.59458156387e-08
0.000888800983492,2.93102034946e-05,8.14447852101e-09
0.000888800983492,2.95409924985e-05,-5.83137496025e-10
0.000888800983492,2.97717815024e-05,-6.13600922647e-09
0.000888800983492,3.00025705063e-05,-5.8325060187e-09
0.000888800983492,3.02333595102e-05,5.30110672793e-10
0.000888800983492,3.04641485141e-05,1.02174060227e-08
0.000888800983492,3.0694937518e-05,1.81600920446e-08
0.000888800983492,3.09257265219e-05,1.89762646491e-08
0.000888800983492,3.11565155258e-05,1.05125999758e-08
0.000888800983492,3.13873045297e-05,-1.42977087045e-09
0.000888800983492,3.16180935336e-05,1.909005389e-09
0.000888800983492,3.18488825375e-05,5.60159426815e-08
0.000888800983492,3.20796715414e-05,2.13657970754e-07
0.000888800983492,3.23104605453e-05,5.40148774666e-07
0.000888800983492,3.25412495492e-05,1.10177470551e-06
0.000888800983492,3.27720385531e-05,1.94708318673e-06
0.000888800983492,3.3002827557e-05,3.08268323822e-06
0.000888800983492,3.32336165609e-05,4.4475241889e-06
0.000888800983492,3.34644055648e-05,5.89173745221e-06
0.000888800983492,3.36951945687e-05,7.16735281989e-06
0.000888800983492,3.39259835725e-05,7.93793293443e-06
0.000888800983492,3.41567725764e-05,7.81213478636e-06
0.000888800983492,3.43875615803e-05,6.40260462732e-06
0.000888800983492,3.46183505842e-05,3.40707718517e-06
0.000888800983492,3.48491395881e-05,-1.29605843436e-06
0.000888800983492,3.5079928592e-05,-7.54933335809e-06
0.000888800983492,3.53107175959e-05,-1.48290790812e-05
0.000888800983492,3.55415065998e-05,-2.2184719457e-05
0.000888800983492,3.57722956037e-05,-2.82187849817e-05
0.000888800983492,3.60030846076e-05,-3.11194236112e-05
0.000888800983492,3.62338736115e-05,-2.87530567838e-05
0.000888800983492,3.64646626154e-05,-1.88194993769e-05
0.000888800983492,3.66954516193e-05,9.34098184618e-07
0.000888800983492,3.69262406232e-05,3.24502344036e-05
0.000888800983492,3.71570296271e-05,7.70649653735e-05
0.000888800983492,3.7387818631e-05,0.000135201748043
0.000888800983492,3.76186076349e-05,0.000206086795087
0.000888800983492,3.78493966388e-05,0.000287527490593
0.000888800983492,3.80801856427e-05,0.000375804440128
0.000888800983492,3.83109746465e-05,0.000465730727116
0.000888800983492,3.85417636504e-05,0.000550922247804
0.000888800983492,3.87725526543e-05,0.000624295408913
0.000888800983492,3.90033416582e-05,0.000678763508849
0.000888800983492,3.92341306621e-05,0.000708050417432
0.000888800983492,3.9464919666e-05,0.000707498568303
0.000888800983492,3.96957086699e-05,0.000674740797491
0.000888800983492,3.99264976738e-05,0.000610149516878
0.000888800983492,4.01572866777e-05,0.000517072352243
0.000888800983492,4.03880756816e-05,0.000401986657756
0.000888800983492,4.06188646855e-05,0.000274810330086
0.000888800983492,4.08496536894e-05,0.000149639419908
0.000888800983492,4.10804426933e-05,4.61047555616e-05
0.000888800983492,4.13112316972e-05,-8.65427976133e-06
0.000888800983492,4.15420207011e-05,2.23289493196e-05
0.000888800983492,4.1772809705e-05,0.000187967296476
0.000888800983492,4.20035987089e-05,0.00055030403683
0.000888800983492,4.22343877128e-05,0.00118398289051
0.000888800983492,4.24651767167e-05,0.00217334912661
0.000888800983492,4.26959657206e-05,0.00360680113143
0.000888800983492,4.29267547244e-05,0.00556838972803
0.000888800983492,4.31575437283e-05,0.00812709627927
0.000888800983492,4.33883327322e-05,0.011324675109
0.000888800983492,4.36191217361e-05,0.0151633945062
0.000888800983492,4.384991074e-05,0.0195954136641
0.000888800983492,4.40806997439e-05,0.0245158127891
0.000888800983492,4.43114887478e-05,0.0297613292347
0.000888800983492,4.45422777517e-05,0.0351165067991
0.000888800983492,4.47730667556e-05,0.0403281438708
0.000888800983492,4.50038557595e-05,0.0451276456961
0.000888800983492,4.52346447634e-05,0.0492593198409
0.000888800983492,4.54654337673e-05,0.0525111237902
0.000888800983492,4.56962227712e-05,0.054743278976
0.000888800983492,4.59270117751e-05,0.0559098654755
0.000888800983492,4.6157800779e-05,0.056069200379
0.000888800983492,4.63885897829e-05,0.0553804264211
0.000888800983492,4.66193787868e-05,0.0540859876012
0.000888800983492,4.68501677907e-05,0.0524820613196
0.000888800983492,4.70809567946e-05,0.0508810309172
0.000888800983492,4.73117457984e-05,0.0495713092177
0.000888800983492,4.75425348023e-05,0.0487800725112
0.000888800983492,4.77733238062e-05,0.0486437934992
0.000888800983492,4.80041128101e-05,0.0491901248094
0.000888800983492,4.8234901814e-05,0.0503330235811
0.000888800983492,4.84656908179e-05,0.0518813363422
0.000888800983492,4.86964798218e-05,0.0535595889554
0.000888800983492,4.89272688257e-05,0.0550385317362
0.000888800983492,4.91580578296e-05,0.055972074463
0.000888800983492,4.93888468335e-05,0.0560365954282
0.000888800983492,4.96196358374e-05,0.0549682527228
0.000888800983492,4.98504248413e-05,0.0525939545149
0.000888800983492,5.00812138452e-05,0.0488521725218
0.000888800983492,5.03120028491e-05,0.0438008775486
0.000888800983492,5.0542791853e-05,0.0376114893828
0.000888800983492,5.07735808569e-05,0.0305496649413
0.000888800983492,5.10043698608e-05,0.0229456678675
0.000888800983492,5.12351588647e-05,0.0151585865471
0.000888800983492,5.14659478686e-05,0.00753946697163
0.000888800983492,5.16967368725e-05,0.000398326900823
0.000888800983492,5.19275258763e-05,-0.00602094728088
0.000888800983492,5.21583148802e-05,-0.011555413035
0.000888800983492,5.23891038841e-05,-0.0161270353649
0.000888800983492,5.2619892888e-05,-0.0197369469391
0.000888800983492,5.28506818919e-05,-0.0224523791626
0.000888800983492,5.30814708958e-05,-0.0243892191379
0.000888800983492,5.33122598997e-05,-0.0256930832304
0.000888800983492,5.35430489036e-05,-0.0265212461111
0.000888800983492,5.37738379075e-05,-0.0270269689698
0.000888800983492,5.40046269114e-05,-0.02734698288
0.000888800983492,5.42354159153e-05,-0.0275922900176
0.000888800983492,5.44662049192e-05,-0.0278421288743
0.000888800983492,5.46969939231e-05,-0.028140883739
0.000888800983492,5.4927782927e-05,-0.0284977986645
0.000888800983492,5.51585719309e-05,-0.0288894472047
0.000888800983492,5.53893609348e-05,-0.0292648983555
0.000888800983492,5.56201499387e-05,-0.0295533527791
0.000888800983492,5.58509389426e-05,-0.0296737218361
0.000888800983492,5.60817279465e-05,-0.0295452683049
0.000888800983492,5.63125169503e-05,-0.0290981370342
0.000888800983492,5.65433059542e-05,-0.0282824837541
0.000888800983492,5.67740949581e-05,-0.027075025408
0.000888800983492,5.7004883962e-05,-0.0254821861259
0.000888800983492,5.72356729659e-05,-0.0235395348982
0.000888800983492,5.74664619698e-05,-0.0213077932625
0.000888800983492,5.76972509737e-05,-0.0188662080195
0.000888800983492,5.79280399776e-05,-0.0163044286169
0.000888800983492,5.81588289815e-05,-0.0137141411012
0.000888800983492,5.83896179854e-05,-0.0111815885987
0.000888800983492,5.86204069893e-05,-0.00878180370589
0.000888800983492,5.88511959932e-05,-0.00657497681092
0.000888800983492,5.90819849971e-05,-0.00460498031244
0.000888800983492,5.9312774001e-05,-0.00289973988309
0.000888800983492,5.95435630049e-05,-0.00147293639151
0.000888800983492,5.97743520088e-05,-0.000326446271135
0.000888800983492,6.00051410127e-05,0.000547034317557
0.000888800983492,6.02359300166e-05,0.00116161941617
0.000888800983492,6.04667190205e-05,0.00153639625109
0.000888800983492,6.06975080244e-05,0.00169423057052
0.000888800983492,6.09282970282e-05,0.00166116654043
0.000888800983492,6.11590860321e-05,0.00146624604476
0.000888800983492,6.1389875036e-05,0.00114148864344
0.000888800983492,6.16206640399e-05,0.000721745274273
0.000888800983492,6.18514530438e-05,0.000244172624207
0.000888800983492,6.20822420477e-05,-0.000252832288621
0.000888800983492,6.23130310516e-05,-0.00073126303064
0.000888800983492,6.25438200555e-05,-0.00115557830388
0.000888800983492,6.27746090594e-05,-0.00149497357585
0.000888800983492,6.30053980633e-05,-0.00172553324576
0.000888800983492,6.32361870672e-05,-0.00183194915174
0.000888800983492,6.34669760711e-05,-0.00180856321621
0.000888800983492,6.3697765075e-05,-0.0016596115091
0.000888800983492,6.39285540789e-05,-0.00139867991733
0.000888800983492,6.41593430828e-05,-0.00104749326705
0.000888800983492,6.43901320867e-05,-0.000634225526028
0.000888800983492,6.46209210906e-05,-0.000191530431874
0.000888800983492,6.48517100945e-05,0.000245541724588
0.000888800983492,6.50824990984e-05,0.000641633378316
0.000888800983492,6.53132881022e-05,0.000963123769117
0.000888800983492,6.55440771061e-05,0.00118010901047
0.000888800983492,6.577486611e-05,0.0012682946022
0.000888800983492,6.60056551139e-05,0.00121073521369
0.000888800983492,6.62364441178e-05,0.00099929251002
0.000888800983492,6.64672331217e-05,0.00063562101723
0.000888800983492,6.66980221256e-05,0.000131464673523
0.000888800983492,6.69288111295e-05,-0.000491922365322
0.000888800983492,6.71596001334e-05,-0.0012053184937
0.000888800983492,6.73903891373e-05,-0.00197397521571
0.000888800983492,6.76211781412e-05,-0.0027607154328
0.000888800983492,6.78519671451e-05,-0.00352930153002
0.000888800983492,6.8082756149e-05,-0.00424760860916
0.000888800983492,6.83135451529e-05,-0.00489015910158
0.000888800983492,6.85443341568e-05,-0.00543969149884
0.000888800983492,6.87751231607e-05,-0.00588761765278
0.000888800983492,6.90059121646e-05,-0.00623342166546
0.000888800983492,6.92367011685e-05,-0.00648321920261
0.000888800983492,6.94674901724e-05,-0.00664779433703
0.000888800983492,6.96982791763e-05,-0.00674045109017
0.000888800983492,6.99290681801e-05,-0.00677497174472
0.000888800983492,7.0159857184e-05,-0.00676389185201
0.000888800983492,7.03906461879e-05,-0.00671721338525
0.000888800983492,7.06214351918e-05,-0.00664160521613
0.000888800983492,7.08522241957e-05,-0.00654009283235
0.000888800983492,7.10830131996e-05,-0.00641221286111
0.000888800983492,7.13138022035e-05,-0.00625459093147
0.000888800983492,7.15445912074e-05,-0.00606188172064
0.000888800983492,7.17753802113e-05,-0.00582798116847
0.000888800983492,7.20061692152e-05,-0.00554738452001
0.000888800983492,7.22369582191e-05,-0.0052165292529
0.000888800983492,7.2467747223e-05,-0.00483494215983
0.000888800983492,7.26985362269e-05,-0.00440601690636
0.000888800983492,7.29293252308e-05,-0.00393728846186
0.000888800983492,7.31601142347e-05,-0.00344014124125
0.000888800983492,7.33909032386e-05,-0.00292897680024
0.000888800983492,7.36216922425e-05,-0.00241995625799
0.000888800983492,7.38524812464e-05,-0.00192950254344
0.000888800983492,7.40832702503e-05,-0.00147278251655
0.000888800983492,7.43140592541e-05,-0.00106238214123
0.000888800983492,7.4544848258e-05,-0.000707342840999
0.000888800983492,7.47756372619e-05,-0.000412656623514
0.000888800983492,7.50064262658e-05,-0.000179238965131
0.000888800983492,7.52372152697e-05,-4.32862054539e-06
0.000888800983492,7.54680042736e-05,0.000117785950839
0.000888800983492,7.56987932775e-05,0.000194838904321
0.000888800983492,7.59295822814e-05,0.000235586906106
0.000888800983492,7.61603712853e-05,0.000248854161493
0.000888800983492,7.63911602892e-05,0.000242721225503
0.000888800983492,7.66219492931e-05,0.000223934166356
0.000888800983492,7.6852738297e-05,0.000197586191913
0.000888800983492,7.70835273009e-05,0.000167095291403
0.000888800983492,7.73143163048e-05,0.000134467099189
0.000888800983492,7.75451053087e-05,0.000100792986443
0.000888800983492,7.77758943126e-05,6.68942259378e-05
0.000888800983492,7.80066833165e-05,3.39921676965e-05
0.000888800983492,7.82374723204e-05,4.2707656888e-06
0.000888800983492,7.84682613243e-05,-1.87919283983e-05
0.000888800983492,7.86990503282e-05,-3.04113039941e-05
0.000888800983492,7.8929839332e-05,-2.48355052841e-05
0.000888800983492,7.91606283359e-05,3.99524116811e-06
0.000888800983492,7.93914173398e-05,6.15617068636e-05
0.000888800983492,7.96222063437e-05,0.000151788522954
0.000888800983492,7.98529953476e-05,0.000276135816486
0.000888800983492,8.00837843515e-05,0.000432914822434
0.000888800983492,8.03145733554e-05,0.000616956169911
0.000888800983492,8.05453623593e-05,0.000819715643194
0.000888800983492,8.07761513632e-05,0.00102984653687
0.000888800983492,8.10069403671e-05,0.00123420500541
0.000888800983492,8.1237729371e-05,0.00141918955198
0.000888800983492,8.14685183749e-05,0.00157225419257
0.000888800983492,8.16993073788e-05,0.00168338649849
0.000888800983492,8.19300963827e-05,0.00174631956357
0.000888800983492,8.21608853866e-05,0.00175926397458
0.000888800983492,8.23916743905e-05,0.00172500956435
0.000888800983492,8.26224633944e-05,0.00165035313204
0.000888800983492,8.28532523983e-05,0.00154493896846
0.000888800983492,8.30840414022e-05,0.00141972334611
0.000888800983492,8.3314830406e-05,0.00128535764106
0.000888800983492,8.35456194099e-05,0.00115080074717
0.000888800983492,8.37764084138e-05,0.00102241161813
0.000888800983492,8.40071974177e-05,0.000903651968855
0.000888800983492,8.42379864216e-05,0.000795381557107
0.000888800983492,8.44687754255e-05,0.000696596139157
0.000888800983492,8.46995644294e-05,0.000605376572287
0.000888800983492,8.49303534333e-05,0.000519803631483
0.000888800983492,8.51611424372e-05,0.000438641370402
0.000888800983492,8.53919314411e-05,0.000361678896068
0.000888800983492,8.5622720445e-05,0.000289715832711
0.000888800983492,8.58535094489e-05,0.000224254787355
0.000888800983492,8.60842984528e-05,0.00016701124952
0.000888800983492,8.63150874567e-05,0.000119367082418
0.000888800983492,8.65458764606e-05,8.18859795589e-05
0.000888800983492,8.67766654645e-05,5.3987452173e-05
0.000888800983492,8.70074544684e-05,3.38462147093e-05
0.000888800983492,8.72382434723e-05,1.85480943591e-05
0.000888800983492,8.74690324762e-05,4.49203370547e-06
0.000888800983492,8.76998214801e-05,-1.20171058371e-05
0.000888800983492,8.79306104839e-05,-3.40812907281e-05
0.000888800983492,8.81613994878e-05,-6.35504885185e-05
0.000888800983492,8.83921884917e-05,-0.000100516808244
0.000888800983492,8.86229774956e-05,-0.00014305816582
0.000888800983492,8.88537664995e-05,-0.000187274791336
0.000888800983492,8.90845555034e-05,-0.000227597054064
0.000888800983492,8.93153445073e-05,-0.000257285636988
0.000888800983492,8.95461335112e-05,-0.000269012769798
0.000888800983492,8.97769225151e-05,-0.000255415819962
0.000888800983492,9.0007711519e-05,-0.000209550013005
0.000888800983492,9.02385005229e-05,-0.00012522213072
0.000888800983492,9.04692895268e-05,2.7579447589e-06
0.000888800983492,9.07000785307e-05,0.000178335003771
0.000888800983492,9.09308675346e-05,0.000403897816205
0.000888800983492,9.11616565385e-05,0.000679849976008
0.000888800983492,9.13924455424e-05,0.00100406482582
0.000888800983492,9.16232345463e-05,0.00137129001074
0.000888800983492,9.18540235502e-05,0.00177262428351
0.000888800983492,9.20848125541e-05,0.00219522521245
0.000888800983492,9.23156015579e-05,0.00262240979085
0.000888800983492,9.25463905618e-05,0.00303427408054
0.000888800983492,9.27771795657e-05,0.00340888339101
0.000888800983492,9.30079685696e-05,0.00372398049957
0.000888800983492,9.32387575735e-05,0.00395904513829
0.000888800983492,9.34695465774e-05,0.00409743982821
0.000888800983492,9.37003355813e-05,0.00412832268492
0.000888800983492,9.39311245852e-05,0.00404801695987
0.000888800983492,9.41619135891e-05,0.00386060399506
0.000888800983492,9.4392702593e-05,0.00357763587854
0.000888800983492,9.46234915969e-05,0.0032170153955
0.000888800983492,9.48542806008e-05,0.00280122651371
0.000888800983492,9.50850696047e-05,0.00235518706385
0.000888800983492,9.53158586086e-05,0.00190402060675
0.000888800983492,9.55466476125e-05,0.00147101029396
0.000888800983492,9.57774366164e-05,0.00107592339939
0.000888800983492,9.60082256203e-05,0.000733808101827
0.000888800983492,9.62390146242e-05,0.000454288510683
0.000888800983492,9.64698036281e-05,0.000241334415944
0.000888800983492,9.6700592632e-05,9.34606945003e-05
0.000888800983492,9.69313816358e-05,4.30885732118e-06
0.000888800983492,9.71621706397e-05,-3.64345364231e-05
0.000888800983492,9.73929596436e-05,-4.18345445537e-05
0.000888800983492,9.76237486475e-05,-2.62943391454e-05
0.000888800983492,9.78545376514e-05,-4.04285581955e-06
0.000888800983492,9.80853266553e-05,1.23265234489e-05
0.000888800983492,9.83161156592e-05,1.30930868041e-05
0.000888800983492,9.85469046631e-05,-7.74337115349e-06
0.000888800983492,9.8777693667e-05,-5.21219185882e-05
0.000888800983492,9.90084826709e-05,-0.000118124256151
0.000888800983492,9.92392716748e-05,-0.000200664255893
0.000888800983492,9.94700606787e-05,-0.000292519441332
0.000888800983492,9.97008496826e-05,-0.000385509696509
0.000888800983492,9.99316386865e-05,-0.000471624661606
0.000888800983492,0.00010016242769,-0.000543941766578
0.000888800983492,0.000100393216694,-0.000597245299571
0.000888800983492,0.000100624005698,-0.000628330416089
0.000888800983492,0.000100854794702,-0.000636034087531
0.000888800983492,0.000101085583706,-0.000621066264293
0.000888800983492,0.00010131637271,-0.000585718602908
0.000888800983492,0.000101547161714,-0.000533512929306
0.000888800983492,0.000101777950718,-0.000468828441807
0.000888800983492,0.000102008739722,-0.000396525487287
0.000888800983492,0.000102239528725,-0.000321570869226
0.000888800983492,0.000102470317729,-0.000248667393248
0.000888800983492,0.000102701106733,-0.000181897786279
0.000888800983492,0.000102931895737,-0.000124406638955
0.000888800983492,0.000103162684741,-7.81577282052e-05
0.000888800983492,0.000103393473745,-4.38107041129e-05
0.000888800983492,0.000103624262749,-2.07541670843e-05
0.000888800983492,0.000103855051753,-7.30898707727e-06
0.000888800983492,0.000104085840757,-1.08011590996e-06
0.000888800983492,0.00010431662976,6.02572309417e-07
0.000888800983492,0.000104547418764,2.40122131332e-07
0.000888800983492,0.000104778207768,-1.93746123847e-07
0.000888800983492,0.000105008996772,5.4155285624e-07
0.000888800983492,0.000105239785776,2.92415086871e-06
0.000888800983492,0.00010547057478,6.79310664426e-06
0.000888800983492,0.000105701363784,1.1563783075e-05
0.000888800983492,0.000105932152788,1.64602078167e-05
0.000888800983492,0.000106162941792,2.07002508003e-05
0.000888800983492,0.000106393730796,2.35986857263e-05
0.000888800983492,0.000106624519799,2.45883701704e-05
0.000888800983492,0.000106855308803,2.31882167677e-05
0.000888800983492,0.000107086097807,1.89601279438e-05
0.000888800983492,0.000107316886811,1.14939251049e-05
0.000888800983492,0.000107547675815,4.43469170433e-07
0.000888800983492,0.000107778464819,-1.43844414933e-05
0.000888800983492,0.000108009253823,-3.29072412362e-05
0.000888800983492,0.000108240042827,-5.46428757196e-05
0.000888800983492,0.000108470831831,-7.86236062683e-05
0.000888800983492,0.000108701620834,-0.000103381828775
0.000888800983492,0.000108932409838,-0.000127030137301
0.000888800983492,0.000109163198842,-0.000147439353554
0.000888800983492,0.000109393987846,-0.000162496642406
0.000888800983492,0.00010962477685,-0.000170405352659
0.000888800983492,0.000109855565854,-0.000169973680689
0.000888800983492,0.000110086354858,-0.000160835024838
0.000888800983492,0.000110317143862,-0.000143551474987
0.000888800983492,0.000110547932866,-0.000119572646527
0.000888800983492,0.00011077872187,-9.10508979924e-05
0.000888800983492,0.000111009510873,-6.05440583276e-05
0.000888800983492,0.000111240299877,-3.06605330282e-05
0.000888800983492,0.000111471088881,-3.71299733183e-06
0.000888800983492,0.000111701877885,1.85568192165e-05
0.000888800983492,0.000111932666889,3.51370067433e-05
0.000888800983492,0.000112163455893,4.57686460323e-05
0.000888800983492,0.000112394244897,5.08418620411e-05
0.000888800983492,0.000112625033901,5.11971693424e-05
0.000888800983492,0.000112855822905,4.78799733522e-05
0.000888800983492,0.000113086611908,4.1901430769e-05
0.000888800983492,0.000113317400912,3.40544873415e-05
0.000888800983492,0.000113548189916,2.48214848748e-05
0.000888800983492,0.00011377897892,1.43914855666e-05
0.000888800983492,0.000114009767924,2.78385096747e-06
0.000888800983492,0.000114240556928,-9.94757082677e-06
0.000888800983492,0.000114471345932,-2.34746944644e-05
0.000888800983492,0.000114702134936,-3.69777007812e-05
0.000888800983492,0.00011493292394,-4.90100644136e-05
0.000888800983492,0.000115163712944,-5.74960580361e-05
0.000888800983492,0.000115394501947,-5.98876044596e-05
0.000888800983492,0.000115625290951,-5.34747653036e-05
0.000888800983492,0.000115856079955,-3.58085134084e-05
0.000888800983492,0.000116086868959,-5.16417627376e-06
0.000888800983492,0.000116317657963,3.9042647145e-05
0.000888800983492,0.000116548446967,9.59732215425e-05
0.000888800983492,0.000116779235971,0.000163278713949
0.000888800983492,0.000117010024975,0.000237234202003
0.000888800983492,0.000117240813979,0.000313075242253
0.000888800983492,0.000117471602982,0.000385480522456
0.000888800983492,0.000117702391986,0.000449120581068
0.000888800983492,0.00011793318099,0.000499187718956
0.00167760196698,0,1
0.00167760196698,2.30789003895e-07,0.999952251284
0.00167760196698,4.6157800779e-07,0.999406033319
0.00167760196698,6.92367011685e-07,0.99714642902
0.00167760196698,9.23156015579e-07,0.991357165785
0.00167760196698,1.15394501947e-06,0.979921429847
0.00167760196698,1.38473402337e-06,0.960805888894
0.00167760196698,1.61552302726e-06,0.932470325833
0.00167760196698,1.84631203116e-06,0.894220399815
0.00167760196698,2.07710103505e-06,0.846414689187
0.00167760196698,2.30789003895e-06,0.790461650405
0.00167760196698,2.53867904284e-06,0.72859680118
0.00167760196698,2.76946804674e-06,0.663497401728
0.00167760196698,3.00025705063e-06,0.597841833993
0.00167760196698,3.23104605453e-06,0.533928630575
0.00167760196698,3.46183505842e-06,0.4734319103
0.00167760196698,3.69262406232e-06,0.417309276667
0.00167760196698,3.92341306621e-06,0.365832155504
0.00167760196698,4.15420207011e-06,0.318701103946
0.00167760196698,4.384991074e-06,0.275230616314
0.00167760196698,4.6157800779e-06,0.234603135469
0.00167760196698,4.84656908179e-06,0.196169388941
0.00167760196698,5.07735808569e-06,0.15971914654
0.00167760196698,5.30814708958e-06,0.125610174784
0.00167760196698,5.53893609348e-06,0.0946725060595
0.00167760196698,5.76972509737e-06,0.0679031988747
0.00167760196698,6.00051410127e-06,0.0460776843175
0.00167760196698,6.23130310516e-06,0.0294516810251
0.00167760196698,6.46209210906e-06,0.0176768424753
0.00167760196698,6.69288111295e-06,0.00993752928604
0.00167760196698,6.92367011685e-06,0.00521134205367
0.00167760196698,7.15445912074e-06,0.00252205151567
0.00167760196698,7.38524812464e-06,0.0010945689935
0.00167760196698,7.61603712853e-06,0.000394568890694
0.00167760196698,7.84682613243e-06,9.02928720717e-05
0.00167760196698,8.07761513632e-06,-1.16241548084e-05
0.00167760196698,8.30840414022e-06,-2.10724769891e-05
0.00167760196698,8.53919314411e-06,8.37105316808e-07
0.00167760196698,8.76998214801e-06,2.29255870467e-05
0.00167760196698,9.0007711519e-06,3.3098243944e-05
0.00167760196698,9.23156015579e-06,3.05969435243e-05
0.00167760196698,9.46234915969e-06,1.99322295933e-05
0.00167760196698,9.69313816358e-06,6.62809751787e-06
0.00167760196698,9.92392716748e-06,-5.1020890038e-06
0.00167760196698,1.01547161714e-05,-1.30920698394e-05
0.00167760196698,1.03855051753e-05,-1.69735636455e-05
0.00167760196698,1.06162941792e-05,-1.7514179461e-05
0.00167760196698,1.08470831831e-05,-1.59392612885e-05
0.00167760196698,1.1077872187e-05,-1.34395360858e-05
0.00167760196698,1.13086611908e-05,-1.09132418e-05
0.00167760196698,1.15394501947e-05,-8.89932209833e-06
0.00167760196698,1.17702391986e-05,-7.62447810587e-06
0.00167760196698,1.20010282025e-05,-7.09424198414e-06
0.00167760196698,1.22318172064e-05,-7.18373350572e-06
0.00167760196698,1.24626062103e-05,-7.70858334264e-06
0.00167760196698,1.26933952142e-05,-8.47188846933e-06
0.00167760196698,1.29241842181e-05,-9.28920489433e-06
0.00167760196698,1.3154973222e-05,-9.99486446393e-06
0.00167760196698,1.33857622259e-05,-1.04336354168e-05
0.00167760196698,1.36165512298e-05,-1.04443287936e-05
0.00167760196698,1.38473402337e-05,-9.84675057225e-06
0.00167760196698,1.40781292376e-05,-8.44866665888e-06
0.00167760196698,1.43089182415e-05,-6.09058123559e-06
0.00167760196698,1.45397072454e-05,-2.73577932731e-06
0.00167760196698,1.47704962493e-05,1.41462781831e-06
0.00167760196698,1.50012852532e-05,5.84151687383e-06
0.00167760196698,1.52320742571e-05,9.74708600442e-06
0.00167760196698,1.5462863261e-05,1.22660572652e-05
0.00167760196698,1.56936522649e-05,1.2790341831e-05
0.00167760196698,1.59244412687e-05,1.12170207753e-05
0.00167760196698,1.61552302726e-05,7.93560762816e-06
0.00167760196698,1.63860192765e-05,3.68515336821e-06
0.00167760196698,1.66168082804e-05,1.62726245699e-08
0.00167760196698,1.68475972843e-05,1.64189950885e-06
0.00167760196698,1.70783862882e-05,2.1971246155e-05
0.00167760196698,1.73091752921e-05,9.25082129585e-05
0.00167760196698,1.7539964296e-05,0.00027619919633
0.00167760196698,1.77707532999e-05,0.000684954216026
0.00167760196698,1.80015423038e-05,0.00150171120343
0.00167760196698,1.82323313077e-05,0.00300476697313
0.00167760196698,1.84631203116e-05,0.00558425403721
0.00167760196698,1.86939093155e-05,0.00973051240113
0.00167760196698,1.89246983194e-05,0.0159721466688
0.00167760196698,1.91554873233e-05,0.0247594695341
0.00167760196698,1.93862763272e-05,0.0363263510876
0.00167760196698,1.96170653311e-05,0.0505989962176
0.00167760196698,1.9847854335e-05,0.0672213762615
0.00167760196698,2.00786433389e-05,0.085716640843
0.00167760196698,2.03094323427e-05,0.105722211941
0.00167760196698,2.05402213466e-05,0.127175748768
0.00167760196698,2.07710103505e-05,0.150337772115
0.00167760196698,2.10017993544e-05,0.175618603348
0.00167760196698,2.12325883583e-05,0.203284622578
0.00167760196698,2.14633773622e-05,0.233184734264
0.00167760196698,2.16941663661e-05,0.264623950853
0.00167760196698,2.192495537e-05,0.29643188321
0.00167760196698,2.21557443739e-05,0.327182043539
0.00167760196698,2.23865333778e-05,0.355464171713
0.00167760196698,2.26173223817e-05,0.380114784837
0.00167760196698,2.28481113856e-05,0.400353580954
0.00167760196698,2.30789003895e-05,0.415822116221
0.00167760196698,2.33096893934e-05,0.426551155879
0.00167760196698,2.35404783973e-05,0.43288845827
0.00167760196698,2.37712674012e-05,0.435409133293
0.00167760196698,2.40020564051e-05,0.434819745498
0.00167760196698,2.4232845409e-05,0.431863116063
0.00167760196698,2.44636344129e-05,0.42723317561
0.00167760196698,2.46944234168e-05,0.421512870399
0.00167760196698,2.49252124206e-05,0.415147438347
0.00167760196698,2.51560014245e-05,0.408458137043
0.00167760196698,2.53867904284e-05,0.401689756316
0.00167760196698,2.56175794323e-05,0.395073797193
0.00167760196698,2.58483684362e-05,0.388883089839
0.00167760196698,2.60791574401e-05,0.383455745488
0.00167760196698,2.6309946444e-05,0.379176137863
0.00167760196698,2.65407354479e-05,0.376414329764
0.00167760196698,2.67715244518e-05,0.375437724185
0.00167760196698,2.70023134557e-05,0.376315403709
0.00167760196698,2.72331024596e-05,0.378835381543
0.00167760196698,2.74638914635e-05,0.382450223448
0.00167760196698,2.76946804674e-05,0.386261662125
0.00167760196698,2.79254694713e-05,0.389053232093
0.00167760196698,2.81562584752e-05,0.389380854356
0.00167760196698,2.83870474791e-05,0.38572944234
0.00167760196698,2.8617836483e-05,0.376732440005
0.00167760196698,2.88486254869e-05,0.3614285326
0.00167760196698,2.90794144908e-05,0.33950216117
0.00167760196698,2.93102034946e-05,0.311436537151
0.00167760196698,2.95409924985e-05,0.278514990217
0.00167760196698,2.97717815024e-05,0.242644398041
0.00167760196698,3.00025705063e-05,0.20603230594
0.00167760196698,3.02333595102e-05,0.170802517409
0.00167760196698,3.04641485141e-05,0.138656521549
0.00167760196698,3.0694937518e-05,0.110668187839
0.00167760196698,3.09257265219e-05,0.087246551844
0.00167760196698,3.11565155258e-05,0.0682423683481
0.00167760196698,3.13873045297e-05,0.0531353047712
0.00167760196698,3.16180935336e-05,0.0412327441204
0.00167760196698,3.18488825375e-05,0.0318316846325
0.00167760196698,3.20796715414e-05,0.0243243091492
0.00167760196698,3.23104605453e-05,0.0182493646468
0.00167760196698,3.25412495492e-05,0.0133000853463
0.00167760196698,3.27720385531e-05,0.00929971442046
0.00167760196698,3.3002827557e-05,0.00615537078666
0.00167760196698,3.32336165609e-05,0.0038035408091
0.00167760196698,3.34644055648e-05,0.00216335317804
0.00167760196698,3.36951945687e-05,0.00111215349723
0.00167760196698,3.39259835725e-05,0.000489582142064
0.00167760196698,3.41567725764e-05,0.000124301416943
0.00167760196698,3.43875615803e-05,-0.00013208606551
0.00167760196698,3.46183505842e-05,-0.000381288717134
0.00167760196698,3.48491395881e-05,-0.000675455921938
0.00167760196698,3.5079928592e-05,-0.00103461860006
0.00167760196698,3.53107175959e-05,-0.00147403653601
0.00167760196698,3.55415065998e-05,-0.00202719738927
0.00167760196698,3.57722956037e-05,-0.00275315658983
0.00167760196698,3.60030846076e-05,-0.00372412737942
0.00167760196698,3.62338736115e-05,-0.00499709620926
0.00167760196698,3.64646626154e-05,-0.00657912737084
0.00167760196698,3.66954516193e-05,-0.00839889785144
0.00167760196698,3.69262406232e-05,-0.0102966099101
0.00167760196698,3.71570296271e-05,-0.0120404407059
0.00167760196698,3.7387818631e-05,-0.013370027853
0.00167760196698,3.76186076349e-05,-0.014057564917
0.00167760196698,3.78493966388e-05,-0.0139684659497
0.00167760196698,3.80801856427e-05,-0.0131007994604
0.00167760196698,3.83109746465e-05,-0.0115885286453
0.00167760196698,3.85417636504e-05,-0.00966654930357
0.00167760196698,3.87725526543e-05,-0.00760995520834
0.00167760196698,3.90033416582e-05,-0.00566901265198
0.00167760196698,3.92341306621e-05,-0.00402085614553
0.00167760196698,3.9464919666e-05,-0.00274984890818
0.00167760196698,3.96957086699e-05,-0.00185603370076
0.00167760196698,3.99264976738e-05,-0.00128126858967
0.00167760196698,4.01572866777e-05,-0.000939263943126
0.00167760196698,4.03880756816e-05,-0.000738758302947
0.00167760196698,4.06188646855e-05,-0.000595536267873
0.00167760196698,4.08496536894e-05,-0.00043522625615
0.00167760196698,4.10804426933e-05,-0.000192316440968
0.00167760196698,4.13112316972e-05,0.000189050060993
0.00167760196698,4.15420207011e-05,0.000749391960314
0.00167760196698,4.1772809705e-05,0.00150381144657
0.00167760196698,4.20035987089e-05,0.00243132588756
0.00167760196698,4.22343877128e-05,0.00346923241731
0.00167760196698,4.24651767167e-05,0.00451761345978
0.00167760196698,4.26959657206e-05,0.00545605601954
0.00167760196698,4.29267547244e-05,0.00616992430136
0.00167760196698,4.31575437283e-05,0.00657895817949
0.00167760196698,4.33883327322e-05,0.00665882077283
0.00167760196698,4.36191217361e-05,0.0064479280348
0.00167760196698,4.384991074e-05,0.0060370672346
0.00167760196698,4.40806997439e-05,0.00554567620877
0.00167760196698,4.43114887478e-05,0.00509321695225
0.00167760196698,4.45422777517e-05,0.00477481460794
0.00167760196698,4.47730667556e-05,0.00464731199826
0.00167760196698,4.50038557595e-05,0.00472706036541
0.00167760196698,4.52346447634e-05,0.00499664883876
0.00167760196698,4.54654337673e-05,0.00541598688296
0.00167760196698,4.56962227712e-05,0.00593373528524
0.00167760196698,4.59270117751e-05,0.00649688485563
0.00167760196698,4.6157800779e-05,0.00705795541489
0.00167760196698,4.63885897829e-05,0.00758009095882
0.00167760196698,4.66193787868e-05,0.00804033271352
0.00167760196698,4.68501677907e-05,0.00843109401426
0.00167760196698,4.70809567946e-05,0.00875982433874
0.00167760196698,4.73117457984e-05,0.00904716373083
0.00167760196698,4.75425348023e-05,0.00932434257971
0.00167760196698,4.77733238062e-05,0.00963084889977
0.00167760196698,4.80041128101e-05,0.0100132607681
0.00167760196698,4.8234901814e-05,0.0105256490944
0.00167760196698,4.84656908179e-05,0.0112312949257
0.00167760196698,4.86964798218e-05,0.01220486219
0.00167760196698,4.89272688257e-05,0.0135337373973
0.00167760196698,4.91580578296e-05,0.0153169695282
0.00167760196698,4.93888468335e-05,0.017660062378
0.00167760196698,4.96196358374e-05,0.0206638846046
0.00167760196698,4.98504248413e-05,0.0244065237501
0.00167760196698,5.00812138452e-05,0.0289185033229
0.00167760196698,5.03120028491e-05,0.0341546086479
0.00167760196698,5.0542791853e-05,0.0399690395298
0.00167760196698,5.07735808569e-05,0.0461031582151
0.00167760196698,5.10043698608e-05,0.0521947143495
0.00167760196698,5.12351588647e-05,0.0578128751019
0.00167760196698,5.14659478686e-05,0.0625154773281
0.00167760196698,5.16967368725e-05,0.0659167197357
0.00167760196698,5.19275258763e-05,0.0677489661869
0.00167760196698,5.21583148802e-05,0.0679038619617
0.00167760196698,5.23891038841e-05,0.0664447738454
0.00167760196698,5.2619892888e-05,0.0635910571398
0.00167760196698,5.28506818919e-05,0.0596808819828
0.00167760196698,5.30814708958e-05,0.0551216158543
0.00167760196698,5.33122598997e-05,0.0503362379838
0.00167760196698,5.35430489036e-05,0.0457132676508
0.00167760196698,5.37738379075e-05,0.0415672634925
0.00167760196698,5.40046269114e-05,0.038116073113
0.00167760196698,5.42354159153e-05,0.0354780558925
0.00167760196698,5.44662049192e-05,0.0336873696225
0.00167760196698,5.46969939231e-05,0.0327201677242
0.00167760196698,5.4927782927e-05,0.0325219444851
0.00167760196698,5.51585719309e-05,0.0330275712571
0.00167760196698,5.53893609348e-05,0.0341697449934
0.00167760196698,5.56201499387e-05,0.0358762773778
0.00167760196698,5.58509389426e-05,0.0380599939089
0.00167760196698,5.60817279465e-05,0.0406064757075
0.00167760196698,5.63125169503e-05,0.0433649425175
0.00167760196698,5.65433059542e-05,0.0461467592058
0.00167760196698,5.67740949581e-05,0.0487344130878
0.00167760196698,5.7004883962e-05,0.0509012589002
0.00167760196698,5.72356729659e-05,0.052439178843
0.00167760196698,5.74664619698e-05,0.0531884743276
0.00167760196698,5.76972509737e-05,0.0530629082546
0.00167760196698,5.79280399776e-05,0.0520634941796
0.00167760196698,5.81588289815e-05,0.0502771212095
0.00167760196698,5.83896179854e-05,0.0478593596576
0.00167760196698,5.86204069893e-05,0.0450035872148
0.00167760196698,5.88511959932e-05,0.0419002958494
0.00167760196698,5.90819849971e-05,0.0386915408277
0.00167760196698,5.9312774001e-05,0.0354271798162
0.00167760196698,5.95435630049e-05,0.0320326247168
0.00167760196698,5.97743520088e-05,0.0283013026692
0.00167760196698,6.00051410127e-05,0.0239256276174
0.00167760196698,6.02359300166e-05,0.0185738868816
0.00167760196698,6.04667190205e-05,0.0120052305681
0.00167760196698,6.06975080244e-05,0.00419457779151
0.00167760196698,6.09282970282e-05,-0.00457670547799
0.00167760196698,6.11590860321e-05,-0.0137086049857
0.00167760196698,6.1389875036e-05,-0.0223712151057
0.00167760196698,6.16206640399e-05,-0.0296788745072
0.00167760196698,6.18514530438e-05,-0.0348967570732
0.00167760196698,6.20822420477e-05,-0.0376104591759
0.00167760196698,6.23130310516e-05,-0.0378040020016
0.00167760196698,6.25438200555e-05,-0.0358307471577
0.00167760196698,6.27746090594e-05,-0.0323030330525
0.00167760196698,6.30053980633e-05,-0.027947215362
0.00167760196698,6.32361870672e-05,-0.0234636827861
0.00167760196698,6.34669760711e-05,-0.0194091423663
0.00167760196698,6.3697765075e-05,-0.0161035732936
0.00167760196698,6.39285540789e-05,-0.0135697297852
0.00167760196698,6.41593430828e-05,-0.01153017014
0.00167760196698,6.43901320867e-05,-0.009491357246
0.00167760196698,6.46209210906e-05,-0.00691835015063
0.00167760196698,6.48517100945e-05,-0.00345414060746
0.00167760196698,6.50824990984e-05,0.000903471340334
0.00167760196698,6.53132881022e-05,0.00575343945457
0.00167760196698,6.55440771061e-05,0.0104051484125
0.00167760196698,6.577486611e-05,0.01411066495
0.00167760196698,6.60056551139e-05,0.0163149069331
0.00167760196698,6.62364441178e-05,0.01681917435
0.00167760196698,6.64672331217e-05,0.0158022588067
0.00167760196698,6.66980221256e-05,0.0137132180668
0.00167760196698,6.69288111295e-05,0.011101301623
0.00167760196698,6.71596001334e-05,0.00845894694301
0.00167760196698,6.73903891373e-05,0.00612772295193
0.00167760196698,6.76211781412e-05,0.00427722640687
0.00167760196698,6.78519671451e-05,0.0029364283251
0.00167760196698,6.8082756149e-05,0.00204656655927
0.00167760196698,6.83135451529e-05,0.00151106582678
0.00167760196698,6.85443341568e-05,0.00123083545728
0.00167760196698,6.87751231607e-05,0.00112378453618
0.00167760196698,6.90059121646e-05,0.00113222165094
0.00167760196698,6.92367011685e-05,0.00122234799665
0.00167760196698,6.94674901724e-05,0.00137909648833
0.00167760196698,6.96982791763e-05,0.0015988291701
0.00167760196698,6.99290681801e-05,0.0018820423787
0.00167760196698,7.0159857184e-05,0.00222773987041
0.00167760196698,7.03906461879e-05,0.00263029375342
0.00167760196698,7.06214351918e-05,0.00307871079969
0.00167760196698,7.08522241957e-05,0.00355768955239
0.00167760196698,7.10830131996e-05,0.00404984333599
0.00167760196698,7.13138022035e-05,0.00453876974202
0.00167760196698,7.15445912074e-05,0.00501293962091
0.00167760196698,7.17753802113e-05,0.0054704559008
0.00167760196698,7.20061692152e-05,0.00592456021081
0.00167760196698,7.22369582191e-05,0.00640934746091
0.00167760196698,7.2467747223e-05,0.00698443752065
0.00167760196698,7.26985362269e-05,0.00773635288609
0.00167760196698,7.29293252308e-05,0.00877336887395
0.00167760196698,7.31601142347e-05,0.0102104170098
0.00167760196698,7.33909032386e-05,0.0121422893484
0.00167760196698,7.36216922425e-05,0.0146075665921
0.00167760196698,7.38524812464e-05,0.0175517021689
0.00167760196698,7.40832702503e-05,0.0208030180163
0.00167760196698,7.43140592541e-05,0.0240763066305
0.00167760196698,7.4544848258e-05,0.0270124634797
0.00167760196698,7.47756372619e-05,0.0292496342152
0.00167760196698,7.50064262658e-05,0.0305067231749
0.00167760196698,7.52372152697e-05,0.0306513450137
0.00167760196698,7.54680042736e-05,0.0297272798929
0.00167760196698,7.56987932775e-05,0.0279312183975
0.00167760196698,7.59295822814e-05,0.0255483284445
0.00167760196698,7.61603712853e-05,0.0228710948027
0.00167760196698,7.63911602892e-05,0.0201289591513
0.00167760196698,7.66219492931e-05,0.0174475282754
0.00167760196698,7.6852738297e-05,0.0148419573142
0.00167760196698,7.70835273009e-05,0.0122376293061
0.00167760196698,7.73143163048e-05,0.00950684158369
0.00167760196698,7.75451053087e-05,0.00651164602348
0.00167760196698,7.77758943126e-05,0.00314583089596
0.00167760196698,7.80066833165e-05,-0.000630069150073
0.00167760196698,7.82374723204e-05,-0.00476759786392
0.00167760196698,7.84682613243e-05,-0.00912937646041
0.00167760196698,7.86990503282e-05,-0.0135105009485
0.00167760196698,7.8929839332e-05,-0.0176775826809
0.00167760196698,7.91606283359e-05,-0.0214142904885
0.00167760196698,7.93914173398e-05,-0.0245600712411
0.00167760196698,7.96222063437e-05,-0.0270319477424
0.00167760196698,7.98529953476e-05,-0.0288260595144
0.00167760196698,8.00837843515e-05,-0.0300024652882
0.00167760196698,8.03145733554e-05,-0.0306608055108
0.00167760196698,8.05453623593e-05,-0.030914833295
0.00167760196698,8.07761513632e-05,-0.0308715488224
0.00167760196698,8.10069403671e-05,-0.0306175212682
0.00167760196698,8.1237729371e-05,-0.0302124491161
0.00167760196698,8.14685183749e-05,-0.0296887029847
0.00167760196698,8.16993073788e-05,-0.0290553015032
0.00167760196698,8.19300963827e-05,-0.0283048902386
0.00167760196698,8.21608853866e-05,-0.02742231446
0.00167760196698,8.23916743905e-05,-0.0263931654192
0.00167760196698,8.26224633944e-05,-0.0252104942158
0.00167760196698,8.28532523983e-05,-0.023878139405
0.00167760196698,8.30840414022e-05,-0.0224100304958
0.00167760196698,8.3314830406e-05,-0.0208262121348
0.00167760196698,8.35456194099e-05,-0.0191475945948
0.00167760196698,8.37764084138e-05,-0.0173919077711
0.00167760196698,8.40071974177e-05,-0.0155726888031
0.00167760196698,8.42379864216e-05,-0.0137016305546
0.00167760196698,8.44687754255e-05,-0.0117930161957
0.00167760196698,8.46995644294e-05,-0.00986808903277
0.00167760196698,8.49303534333e-05,-0.00795744949548
0.00167760196698,8.51611424372e-05,-0.00610065220034
0.00167760196698,8.53919314411e-05,-0.00434334629648
0.00167760196698,8.5622720445e-05,-0.0027328784028
0.00167760196698,8.58535094489e-05,-0.0013131269891
0.00167760196698,8.60842984528e-05,-0.000118938790145
0.00167760196698,8.63150874567e-05,0.000829457662586
0.00167760196698,8.65458764606e-05,0.00153106571131
0.00167760196698,8.67766654645e-05,0.00200602076784
0.00167760196698,8.70074544684e-05,0.00229301010041
0.00167760196698,8.72382434723e-05,0.00244158838408
0.00167760196698,8.74690324762e-05,0.0025006265312
0.00167760196698,8.76998214801e-05,0.00250560681111
0.00167760196698,8.79306104839e-05,0.00246771865744
0.00167760196698,8.81613994878e-05,0.00236691144223
0.00167760196698,8.83921884917e-05,0.00215027068449
0.00167760196698,8.86229774956e-05,0.0017370126496
0.00167760196698,8.88537664995e-05,0.00103134759086
0.00167760196698,8.90845555034e-05,-5.71889884205e-05
0.00167760196698,8.93153445073e-05,-0.00159011699417
0.00167760196698,8.95461335112e-05,-0.00358090099963
0.00167760196698,8.97769225151e-05,-0.00598758590997
0.00167760196698,9.0007711519e-05,-0.00871794856343
0.00167760196698,9.02385005229e-05,-0.0116395680682
0.00167760196698,9.04692895268e-05,-0.0145851940652
0.00167760196698,9.07000785307e-05,-0.017353458036
0.00167760196698,9.09308675346e-05,-0.0197214743913
0.00167760196698,9.11616565385e-05,-0.0214944213809
0.00167760196698,9.13924455424e-05,-0.0226034706902
0.00167760196698,9.16232345463e-05,-0.0232274926091
0.00167760196698,9.18540235502e-05,-0.023875578641
0.00167760196698,9.20848125541e-05,-0.0253559674855
0.00167760196698,9.23156015579e-05,-0.0285908354232
0.00167760196698,9.25463905618e-05,-0.0343067539641
0.00167760196698,9.27771795657e-05,-0.0427024819663
0.00167760196698,9.30079685696e-05,-0.0532278352623
0.00167760196698,9.32387575735e-05,-0.0645776241791
0.00167760196698,9.34695465774e-05,-0.0749246231603
0.00167760196698,9.37003355813e-05,-0.0823239110491
0.00167760196698,9.39311245852e-05,-0.0851608679705
0.00167760196698,9.41619135891e-05,-0.0825104427702
0.00167760196698,9.4392702593e-05,-0.0743199034094
0.00167760196698,9.46234915969e-05,-0.0613927378547
0.00167760196698,9.48542806008e-05,-0.0452059371306
0.00167760196698,9.50850696047e-05,-0.0276190442693
0.00167760196698,9.53158586086e-05,-0.0105338593212
0.00167760196698,9.55466476125e-05,0.00444556019477
0.00167760196698,9.57774366164e-05,0.016306924223
0.00167760196698,9.60082256203e-05,0.0248276854165
0.00167760196698,9.62390146242e-05,0.030624603029
0.00167760196698,9.64698036281e-05,0.0350179555647
0.00167760196698,9.6700592632e-05,0.0397146468342
0.00167760196698,9.69313816358e-05,0.0463730516003
0.00167760196698,9.71621706397e-05,0.0561646368284
0.00167760196698,9.73929596436e-05,0.0694650342161
0.00167760196698,9.76237486475e-05,0.0857738159477
0.00167760196698,9.78545376514e-05,0.103884674476
0.00167760196698,9.80853266553e-05,0.122236543577
0.00167760196698,9.83161156592e-05,0.139312219788
0.00167760196698,9.85469046631e-05,0.153944589909
0.00167760196698,9.8777693667e-05,0.165444544001
0.00167760196698,9.90084826709e-05,0.17355158512
0.00167760196698,9.92392716748e-05,0.17828413246
0.00167760196698,9.94700606787e-05,0.179794816408
0.00167760196698,9.97008496826e-05,0.178306857847
0.00167760196698,9.99316386865e-05,0.174142270096
0.00167760196698,0.00010016242769,0.167790188028
0.00167760196698,0.000100393216694,0.159938190989
0.00167760196698,0.000100624005698,0.151411893532
0.00167760196698,0.000100854794702,0.143022243439
0.00167760196698,0.000101085583706,0.135374279396
0.00167760196698,0.00010131637271,0.128716819286
0.00167760196698,0.000101547161714,0.122898290045
0.00167760196698,0.000101777950718,0.117449231615
0.00167760196698,0.000102008739722,0.11176007139
0.00167760196698,0.000102239528725,0.105287540673
0.00167760196698,0.000102470317729,0.0977181633005
0.00167760196698,0.000102701106733,0.089041063493
0.00167760196698,0.000102931895737,0.0795211536549
0.00167760196698,0.000103162684741,0.0695995140972
0.00167760196698,0.000103393473745,0.0597667587022
0.00167760196698,0.000103624262749,0.0504533244579
0.00167760196698,0.000103855051753,0.0419634562953
0.00167760196698,0.000104085840757,0.0344578195134
0.00167760196698,0.00010431662976,0.0279729492003
0.00167760196698,0.000104547418764,0.0224589001567
0.00167760196698,0.000104778207768,0.0178185455416
0.00167760196698,0.000105008996772,0.0139386385381
0.00167760196698,0.000105239785776,0.0107094986998
0.00167760196698,0.00010547057478,0.00803452824428
0.00167760196698,0.000105701363784,0.00583249538047
0.00167760196698,0.000105932152788,0.00403563992451
0.00167760196698,0.000106162941792,0.00258614879391
0.00167760196698,0.000106393730796,0.00143285803781
0.00167760196698,0.000106624519799,0.000529233869574
0.00167760196698,0.000106855308803,-0.000167156281445
0.00167760196698,0.000107086097807,-0.000694131481746
0.00167760196698,0.000107316886811,-0.00108406115032
0.00167760196698,0.000107547675815,-0.0013632909067
0.00167760196698,0.000107778464819,-0.00155208653673
0.00167760196698,0.000108009253823,-0.00166507467317
0.00167760196698,0.000108240042827,-0.00171206332373
0.00167760196698,0.000108470831831,-0.00169917688467
0.00167760196698,0.000108701620834,-0.00163031339376
0.00167760196698,0.000108932409838,-0.00150891545124
0.00167760196698,0.000109163198842,-0.00133990735289
0.00167760196698,0.000109393987846,-0.0011314450019
0.00167760196698,0.00010962477685,-0.000895970435953
0.00167760196698,0.000109855565854,-0.000650088793388
0.00167760196698,0.000110086354858,-0.000413062024824
0.00167760196698,0.000110317143862,-0.000204186875988
0.00167760196698,0.000110547932866,-3.98063256342e-05
0.00167760196698,0.00011077872187,6.90543610435e-05
0.00167760196698,0.000111009510873,0.000117600909288
0.00167760196698,0.000111240299877,0.000106439527043
0.00167760196698,0.000111471088881,3.93506385905e-05
0.00167760196698,0.000111701877885,-7.95769625284e-05
0.00167760196698,0.000111932666889,-0.000248719800288
0.00167760196698,0.000112163455893,-0.000471229006604
0.00167760196698,0.000112394244897,-0.000756847393234
0.00167760196698,0.000112625033901,-0.00112317810467
0.00167760196698,0.000112855822905,-0.00159587231404
0.00167760196698,0.000113086611908,-0.00220661035116
0.00167760196698,0.000113317400912,-0.00298762514551
0.00167760196698,0.000113548189916,-0.00396234052107
0.00167760196698,0.00011377897892,-0.00513349792582
0.00167760196698,0.000114009767924,-0.00647235413699
0.00167760196698,0.000114240556928,-0.00791412676085
0.00167760196698,0.000114471345932,-0.00936474816919
0.00167760196698,0.000114702134936,-0.0107214718403
0.00167760196698,0.00011493292394,-0.0119050954721
0.00167760196698,0.000115163712944,-0.0128957102577
0.00167760196698,0.000115394501947,-0.0137590863184
0.00167760196698,0.000115625290951,-0.0146495826228
0.00167760196698,0.000115856079955,-0.0157797122213
0.00167760196698,0.000116086868959,-0.017356201265
0.00167760196698,0.000116317657963,-0.019494881869
0.00167760196698,0.000116548446967,-0.0221372670129
0.00167760196698,0.000116779235971,-0.0249954594752
0.00167760196698,0.000117010024975,-0.027547286531
0.00167760196698,0.000117240813979,-0.0290924575373
0.00167760196698,0.000117471602982,-0.0288676565631
0.00167760196698,0.000117702391986,-0.0262069075209
0.00167760196698,0.00011793318099,-0.0207226274117
0.00246640295047,0,1
0.00246640295047,2.30789003895e-07,0.999897613389
0.00246640295047,4.6157800779e-07,0.998561868225
0.00246640295047,6.92367011685e-07,0.993122600284
0.00246640295047,9.23156015579e-07,0.979712788539
0.00246640295047,1.15394501947e-06,0.954690954809
0.00246640295047,1.38473402337e-06,0.915960136015
0.00246640295047,1.61552302726e-06,0.863926367503
0.00246640295047,1.84631203116e-06,0.801653841789
0.00246640295047,2.07710103505e-06,0.734049643709
0.00246640295047,2.30789003895e-06,0.666355562632
0.00246640295047,2.53867904284e-06,0.602569114514
0.00246640295047,2.76946804674e-06,0.544417596159
0.00246640295047,3.00025705063e-06,0.491185229154
0.00246640295047,3.23104605453e-06,0.440322199729
0.00246640295047,3.46183505842e-06,0.388591467187
0.00246640295047,3.69262406232e-06,0.333482025322
0.00246640295047,3.92341306621e-06,0.274511316223
0.00246640295047,4.15420207011e-06,0.213856573717
0.00246640295047,4.384991074e-06,0.155828721728
0.00246640295047,4.6157800779e-06,0.105261715206
0.00246640295047,4.84656908179e-06,0.0656146864693
0.00246640295047,5.07735808569e-06,0.0378239443306
0.00246640295047,5.30814708958e-06,0.0204250668112
0.00246640295047,5.53893609348e-06,0.0106283224475
0.00246640295047,5.76972509737e-06,0.00555996150984
0.00246640295047,6.00051410127e-06,0.00304009437687
0.00246640295047,6.23130310516e-06,0.00175487245094
0.00246640295047,6.46209210906e-06,0.00105006120472
0.00246640295047,6.69288111295e-06,0.000640259325485
0.00246640295047,6.92367011685e-06,0.000400156810768
0.00246640295047,7.15445912074e-06,0.000262964109597
0.00246640295047,7.38524812464e-06,0.000185716202038
0.00246640295047,7.61603712853e-06,0.000140354288872
0.00246640295047,7.84682613243e-06,0.000110156175308
0.00246640295047,8.07761513632e-06,8.63867649066e-05
0.00246640295047,8.30840414022e-06,6.53556452575e-05
0.00246640295047,8.53919314411e-06,4.62723016758e-05
0.00246640295047,8.76998214801e-06,2.97345517563e-05
0.00246640295047,9.0007711519e-06,1.66923603374e-05
0.00246640295047,9.23156015579e-06,7.94122645752e-06
0.00246640295047,9.46234915969e-06,4.18263880507e-06
0.00246640295047,9.69313816358e-06,6.47326324965e-06
0.00246640295047,9.92392716748e-06,1.67251832734e-05
0.00246640295047,1.01547161714e-05,3.796376852e-05
0.00246640295047,1.03855051753e-05,7.42684263537e-05
0.00246640295047,1.06162941792e-05,0.000130620356083
0.00246640295047,1.08470831831e-05,0.000213145641948
0.00246640295047,1.1077872187e-05,0.000330226718779
0.00246640295047,1.13086611908e-05,0.000494193659737
0.00246640295047,1.15394501947e-05,0.000721411603388
0.00246640295047,1.17702391986e-05,0.00102627904896
0.00246640295047,1.20010282025e-05,0.00140514185972
0.00246640295047,1.22318172064e-05,0.00181466874535
0.00246640295047,1.24626062103e-05,0.0021679984576
0.00246640295047,1.26933952142e-05,0.00239097816305
0.00246640295047,1.29241842181e-05,0.00257490122282
0.00246640295047,1.3154973222e-05,0.00320794311431
0.00246640295047,1.33857622259e-05,0.0053775138505
0.00246640295047,1.36165512298e-05,0.0107751360567
0.00246640295047,1.38473402337e-05,0.0213821214269
0.00246640295047,1.40781292376e-05,0.0388778058181
0.00246640295047,1.43089182415e-05,0.0639939585313
0.00246640295047,1.45397072454e-05,0.0961006325704
0.00246640295047,1.47704962493e-05,0.133198994322
0.00246640295047,1.50012852532e-05,0.17230640229
0.00246640295047,1.52320742571e-05,0.210094625201
0.00246640295047,1.5462863261e-05,0.243643414237
0.00246640295047,1.56936522649e-05,0.271222791619
0.00246640295047,1.59244412687e-05,0.293000284752
0.00246640295047,1.61552302726e-05,0.311461586541
0.00246640295047,1.63860192765e-05,0.331251095208
0.00246640295047,1.66168082804e-05,0.35823790792
0.00246640295047,1.68475972843e-05,0.397928772308
0.00246640295047,1.70783862882e-05,0.453722761962
0.00246640295047,1.73091752921e-05,0.525671788658
0.00246640295047,1.7539964296e-05,0.610221091498
0.00246640295047,1.77707532999e-05,0.700954453855
0.00246640295047,1.80015423038e-05,0.789955639551
0.00246640295047,1.82323313077e-05,0.869270994724
0.00246640295047,1.84631203116e-05,0.932117820406
0.00246640295047,1.86939093155e-05,0.973710184058
0.00246640295047,1.89246983194e-05,0.99167175037
0.00246640295047,1.91554873233e-05,0.985992130071
0.00246640295047,1.93862763272e-05,0.95852857064
0.00246640295047,1.96170653311e-05,0.912239197921
0.00246640295047,1.9847854335e-05,0.850516853376
0.00246640295047,2.00786433389e-05,0.776950507266
0.00246640295047,2.03094323427e-05,0.695529272891
0.00246640295047,2.05402213466e-05,0.610945419786
0.00246640295047,2.07710103505e-05,0.528547963214
0.00246640295047,2.10017993544e-05,0.453744793431
0.00246640295047,2.12325883583e-05,0.391052890633
0.00246640295047,2.14633773622e-05,0.343241194644
0.00246640295047,2.16941663661e-05,0.310935952341
0.00246640295047,2.192495537e-05,0.292761061515
0.00246640295047,2.21557443739e-05,0.285811173511
0.00246640295047,2.23865333778e-05,0.286187197594
0.00246640295047,2.26173223817e-05,0.289460484879
0.00246640295047,2.28481113856e-05,0.291120840273
0.00246640295047,2.30789003895e-05,0.287137333295
0.00246640295047,2.33096893934e-05,0.274659090421
0.00246640295047,2.35404783973e-05,0.252683765495
0.00246640295047,2.37712674012e-05,0.222380805798
0.00246640295047,2.40020564051e-05,0.186805837716
0.00246640295047,2.4232845409e-05,0.149995781605
0.00246640295047,2.44636344129e-05,0.115761784397
0.00246640295047,2.46944234168e-05,0.0866887437777
0.00246640295047,2.49252124206e-05,0.0637538527913
0.00246640295047,2.51560014245e-05,0.046626218473
0.00246640295047,2.53867904284e-05,0.034332495714
0.00246640295047,2.56175794323e-05,0.0258339655316
0.00246640295047,2.58483684362e-05,0.020244911419
0.00246640295047,2.60791574401e-05,0.0167571786956
0.00246640295047,2.6309946444e-05,0.0145372925419
0.00246640295047,2.65407354479e-05,0.0127900508131
0.00246640295047,2.67715244518e-05,0.010953431403
0.00246640295047,2.70023134557e-05,0.00884137286045
0.00246640295047,2.72331024596e-05,0.00660330700452
0.00246640295047,2.74638914635e-05,0.00453403519592
0.00246640295047,2.76946804674e-05,0.0028740506981
0.00246640295047,2.79254694713e-05,0.00171264483926
0.00246640295047,2.81562584752e-05,0.00100533833046
0.00246640295047,2.83870474791e-05,0.000645074740763
0.00246640295047,2.8617836483e-05,0.000524237620467
0.00246640295047,2.88486254869e-05,0.000562452367784
0.00246640295047,2.90794144908e-05,0.000707931829141
0.00246640295047,2.93102034946e-05,0.000929233205296
0.00246640295047,2.95409924985e-05,0.00120770070543
0.00246640295047,2.97717815024e-05,0.00153233736521
0.00246640295047,3.00025705063e-05,0.00189485440963
0.00246640295047,3.02333595102e-05,0.00228277423594
0.00246640295047,3.04641485141e-05,0.00267045531341
0.00246640295047,3.0694937518e-05,0.00301033197543
0.00246640295047,3.09257265219e-05,0.00322883772559
0.00246640295047,3.11565155258e-05,0.00323302640326
0.00246640295047,3.13873045297e-05,0.00293496582866
0.00246640295047,3.16180935336e-05,0.00230199234312
0.00246640295047,3.18488825375e-05,0.0014407685
0.00246640295047,3.20796715414e-05,0.00071729885429
0.00246640295047,3.23104605453e-05,0.000897775719286
0.00246640295047,3.25412495492e-05,0.00326550245701
0.00246640295047,3.27720385531e-05,0.009636316991
0.00246640295047,3.3002827557e-05,0.022175879585
0.00246640295047,3.32336165609e-05,0.0429361712888
0.00246640295047,3.34644055648e-05,0.0730964439446
0.00246640295047,3.36951945687e-05,0.11203519545
0.00246640295047,3.39259835725e-05,0.156564091801
0.00246640295047,3.41567725764e-05,0.200829299003
0.00246640295047,3.43875615803e-05,0.237346173793
0.00246640295047,3.46183505842e-05,0.259222510964
0.00246640295047,3.48491395881e-05,0.262925224551
0.00246640295047,3.5079928592e-05,0.250370274887
0.00246640295047,3.53107175959e-05,0.229181493809
0.00246640295047,3.55415065998e-05,0.21081780966
0.00246640295047,3.57722956037e-05,0.207414634913
0.00246640295047,3.60030846076e-05,0.228784856948
0.00246640295047,3.62338736115e-05,0.280612248443
0.00246640295047,3.64646626154e-05,0.363828076721
0.00246640295047,3.66954516193e-05,0.474430924075
0.00246640295047,3.69262406232e-05,0.603235928762
0.00246640295047,3.71570296271e-05,0.735953496092
0.00246640295047,3.7387818631e-05,0.854635929064
0.00246640295047,3.76186076349e-05,0.941114263201
0.00246640295047,3.78493966388e-05,0.981718255034
0.00246640295047,3.80801856427e-05,0.97132938727
0.00246640295047,3.83109746465e-05,0.914713505239
0.00246640295047,3.85417636504e-05,0.824358900107
0.00246640295047,3.87725526543e-05,0.715914119735
0.00246640295047,3.90033416582e-05,0.60352879483
0.00246640295047,3.92341306621e-05,0.497167121504
0.00246640295047,3.9464919666e-05,0.402526308143
0.00246640295047,3.96957086699e-05,0.322599096212
0.00246640295047,3.99264976738e-05,0.259230957538
0.00246640295047,4.01572866777e-05,0.21355422271
0.00246640295047,4.03880756816e-05,0.18535298024
0.00246640295047,4.06188646855e-05,0.172279049152
0.00246640295047,4.08496536894e-05,0.169837764626
0.00246640295047,4.10804426933e-05,0.172369689905
0.00246640295047,4.13112316972e-05,0.174520480838
0.00246640295047,4.15420207011e-05,0.172451502638
0.00246640295047,4.1772809705e-05,0.164340860495
0.00246640295047,4.20035987089e-05,0.150202513286
0.00246640295047,4.22343877128e-05,0.13133858526
0.00246640295047,4.24651767167e-05,0.109732635895
0.00246640295047,4.26959657206e-05,0.0875338020139
0.00246640295047,4.29267547244e-05,0.0666579687125
0.00246640295047,4.31575437283e-05,0.0485070307603
0.00246640295047,4.33883327322e-05,0.033828215616
0.00246640295047,4.36191217361e-05,0.0227321773463
0.00246640295047,4.384991074e-05,0.0148465014546
0.00246640295047,4.40806997439e-05,0.00953578364301
0.00246640295047,4.43114887478e-05,0.00610773996765
0.00246640295047,4.45422777517e-05,0.00395209290521
0.00246640295047,4.47730667556e-05,0.00260178029608
0.00246640295047,4.50038557595e-05,0.00173688427714
0.00246640295047,4.52346447634e-05,0.00115938472433
0.00246640295047,4.54654337673e-05,0.000758767825317
0.00246640295047,4.56962227712e-05,0.000478490682951
0.00246640295047,4.59270117751e-05,0.000288563593014
0.00246640295047,4.6157800779e-05,0.000167916408088
0.00246640295047,4.63885897829e-05,9.73190198176e-05
0.00246640295047,4.66193787868e-05,5.95167414123e-05
0.00246640295047,4.68501677907e-05,4.14272146291e-05
0.00246640295047,4.70809567946e-05,3.51042624614e-05
0.00246640295047,4.73117457984e-05,3.72911906086e-05
0.00246640295047,4.75425348023e-05,4.90391718603e-05
0.00246640295047,4.77733238062e-05,7.67855962182e-05
0.00246640295047,4.80041128101e-05,0.000135530544529
0.00246640295047,4.8234901814e-05,0.000253677711292
0.00246640295047,4.84656908179e-05,0.00047739214307
0.00246640295047,4.86964798218e-05,0.00087008650699
0.00246640295047,4.89272688257e-05,0.00150102820731
0.00246640295047,4.91580578296e-05,0.00241822515008
0.00246640295047,4.93888468335e-05,0.00360708159921
0.00246640295047,4.96196358374e-05,0.00494800522578
0.00246640295047,4.98504248413e-05,0.00619824056422
0.00246640295047,5.00812138452e-05,0.00702612463321
0.00246640295047,5.03120028491e-05,0.00711219522239
0.00246640295047,5.0542791853e-05,0.00630445294641
0.00246640295047,5.07735808569e-05,0.00478974839413
0.00246640295047,5.10043698608e-05,0.00323483181349
0.00246640295047,5.12351588647e-05,0.00285836258897
0.00246640295047,5.14659478686e-05,0.00540086576414
0.00246640295047,5.16967368725e-05,0.0129469882884
0.00246640295047,5.19275258763e-05,0.0275350958471
0.00246640295047,5.21583148802e-05,0.0505084277028
0.00246640295047,5.23891038841e-05,0.0816690094128
0.00246640295047,5.2619892888e-05,0.118490581678
0.00246640295047,5.28506818919e-05,0.155838316522
0.00246640295047,5.30814708958e-05,0.186659821186
0.00246640295047,5.33122598997e-05,0.20380176798
0.00246640295047,5.35430489036e-05,0.202496495027
0.00246640295047,5.37738379075e-05,0.182464796453
0.00246640295047,5.40046269114e-05,0.148483520659
0.00246640295047,5.42354159153e-05,0.108972906627
0.00246640295047,5.44662049192e-05,0.0733943669148
0.00246640295047,5.46969939231e-05,0.0501456488416
0.00246640295047,5.4927782927e-05,0.0463097266188
0.00246640295047,5.51585719309e-05,0.0689954015396
0.00246640295047,5.53893609348e-05,0.126222621293
0.00246640295047,5.56201499387e-05,0.224984792327
0.00246640295047,5.58509389426e-05,0.36602836013
0.00246640295047,5.60817279465e-05,0.537971960118
0.00246640295047,5.63125169503e-05,0.715256562108
0.00246640295047,5.65433059542e-05,0.863162064399
0.00246640295047,5.67740949581e-05,0.949048699978
0.00246640295047,5.7004883962e-05,0.954709728728
0.00246640295047,5.72356729659e-05,0.883362152303
0.00246640295047,5.74664619698e-05,0.757538220106
0.00246640295047,5.76972509737e-05,0.609243156089
0.00246640295047,5.79280399776e-05,0.467838409353
0.00246640295047,5.81588289815e-05,0.351658681944
0.00246640295047,5.83896179854e-05,0.266398353259
0.00246640295047,5.86204069893e-05,0.20911295706
0.00246640295047,5.88511959932e-05,0.174013387751
0.00246640295047,5.90819849971e-05,0.156386634453
0.00246640295047,5.9312774001e-05,0.153234451153
0.00246640295047,5.95435630049e-05,0.161697098281
0.00246640295047,5.97743520088e-05,0.177430665627
0.00246640295047,6.00051410127e-05,0.194490289238
0.00246640295047,6.02359300166e-05,0.20678186927
0.00246640295047,6.04667190205e-05,0.209986223673
0.00246640295047,6.06975080244e-05,0.202715732567
0.00246640295047,6.09282970282e-05,0.186367942624
0.00246640295047,6.11590860321e-05,0.16400611893
0.00246640295047,6.1389875036e-05,0.139023440015
0.00246640295047,6.16206640399e-05,0.114206682138
0.00246640295047,6.18514530438e-05,0.0913890754626
0.00246640295047,6.20822420477e-05,0.0715321347943
0.00246640295047,6.23130310516e-05,0.0549716393886
0.00246640295047,6.25438200555e-05,0.0416467143776
0.00246640295047,6.27746090594e-05,0.0312579244666
0.00246640295047,6.30053980633e-05,0.0233733798343
0.00246640295047,6.32361870672e-05,0.0175105835382
0.00246640295047,6.34669760711e-05,0.0132027040853
0.00246640295047,6.3697765075e-05,0.0100443626347
0.00246640295047,6.39285540789e-05,0.00771291228085
0.00246640295047,6.41593430828e-05,0.00596876957922
0.00246640295047,6.43901320867e-05,0.00464333730002
0.00246640295047,6.46209210906e-05,0.00362266595186
0.00246640295047,6.48517100945e-05,0.00283175311561
0.00246640295047,6.50824990984e-05,0.00222144173475
0.00246640295047,6.53132881022e-05,0.0017584400722
0.00246640295047,6.55440771061e-05,0.00141855310492
0.00246640295047,6.577486611e-05,0.00118298838108
0.00246640295047,6.60056551139e-05,0.0010372850785
0.00246640295047,6.62364441178e-05,0.000972164643375
0.00246640295047,6.64672331217e-05,0.000985584645157
0.00246640295047,6.66980221256e-05,0.0010854027486
0.00246640295047,6.69288111295e-05,0.00129201010749
0.00246640295047,6.71596001334e-05,0.00163978860128
0.00246640295047,6.73903891373e-05,0.00217534243689
0.00246640295047,6.76211781412e-05,0.00294978657444
0.00246640295047,6.78519671451e-05,0.00400308829819
0.00246640295047,6.8082756149e-05,0.00534155534748
0.00246640295047,6.83135451529e-05,0.00691469005941
0.00246640295047,6.85443341568e-05,0.0086021860489
0.00246640295047,6.87751231607e-05,0.0102219588766
0.00246640295047,6.90059121646e-05,0.0115641319555
0.00246640295047,6.92367011685e-05,0.0124482002672
0.00246640295047,6.94674901724e-05,0.012800315392
0.00246640295047,6.96982791763e-05,0.012759127255
0.00246640295047,6.99290681801e-05,0.0128292251021
0.00246640295047,7.0159857184e-05,0.0140815396518
0.00246640295047,7.03906461879e-05,0.0183271881115
0.00246640295047,7.06214351918e-05,0.0280840772376
0.00246640295047,7.08522241957e-05,0.0460925391587
0.00246640295047,7.10830131996e-05,0.0742292479071
0.00246640295047,7.13138022035e-05,0.111987881911
0.00246640295047,7.15445912074e-05,0.155165416832
0.00246640295047,7.17753802113e-05,0.195728407322
0.00246640295047,7.20061692152e-05,0.223628750213
0.00246640295047,7.22369582191e-05,0.230388850189
0.00246640295047,7.2467747223e-05,0.212953847203
0.00246640295047,7.26985362269e-05,0.175567029848
0.00246640295047,7.29293252308e-05,0.128159301411
0.00246640295047,7.31601142347e-05,0.0818753551522
0.00246640295047,7.33909032386e-05,0.0445282892
0.00246640295047,7.36216922425e-05,0.0191966598672
0.00246640295047,7.38524812464e-05,0.00713467719478
0.00246640295047,7.40832702503e-05,0.0128404362859
0.00246640295047,7.43140592541e-05,0.0469304856051
0.00246640295047,7.4544848258e-05,0.123280158963
0.00246640295047,7.47756372619e-05,0.250557463305
0.00246640295047,7.50064262658e-05,0.422547310062
0.00246640295047,7.52372152697e-05,0.613597630684
0.00246640295047,7.54680042736e-05,0.78348169279
0.00246640295047,7.56987932775e-05,0.890839561644
0.00246640295047,7.59295822814e-05,0.909151971869
0.00246640295047,7.61603712853e-05,0.837229151015
0.00246640295047,7.63911602892e-05,0.698893718185
0.00246640295047,7.66219492931e-05,0.532368461044
0.00246640295047,7.6852738297e-05,0.375258158076
0.00246640295047,7.70835273009e-05,0.252677290429
0.00246640295047,7.73143163048e-05,0.173287730363
0.00246640295047,7.75451053087e-05,0.132958683173
0.00246640295047,7.77758943126e-05,0.121856526829
0.00246640295047,7.80066833165e-05,0.130203928877
0.00246640295047,7.82374723204e-05,0.150354698131
0.00246640295047,7.84682613243e-05,0.175963557325
0.00246640295047,7.86990503282e-05,0.200653484029
0.00246640295047,7.8929839332e-05,0.218024627588
0.00246640295047,7.91606283359e-05,0.223112824228
0.00246640295047,7.93914173398e-05,0.214059513164
0.00246640295047,7.96222063437e-05,0.192670942173
0.00246640295047,7.98529953476e-05,0.163461192431
0.00246640295047,8.00837843515e-05,0.131791720243
0.00246640295047,8.03145733554e-05,0.102121900703
0.00246640295047,8.05453623593e-05,0.0770814351083
0.00246640295047,8.07761513632e-05,0.0574682324614
0.00246640295047,8.10069403671e-05,0.0428219691385
0.00246640295047,8.1237729371e-05,0.0321186352001
0.00246640295047,8.14685183749e-05,0.0242864636332
0.00246640295047,8.16993073788e-05,0.0184612467137
0.00246640295047,8.19300963827e-05,0.0140408914772
0.00246640295047,8.21608853866e-05,0.010638018682
0.00246640295047,8.23916743905e-05,0.00800641834256
0.00246640295047,8.26224633944e-05,0.00597977020069
0.00246640295047,8.28532523983e-05,0.00443345291299
0.00246640295047,8.30840414022e-05,0.00326616814792
0.00246640295047,8.3314830406e-05,0.00239351094756
0.00246640295047,8.35456194099e-05,0.00174635843977
0.00246640295047,8.37764084138e-05,0.00126988120176
0.00246640295047,8.40071974177e-05,0.000921785097742
0.00246640295047,8.42379864216e-05,0.000669943156965
0.00246640295047,8.44687754255e-05,0.000489982226295
0.00246640295047,8.46995644294e-05,0.000363260486097
0.00246640295047,8.49303534333e-05,0.000275445554915
0.00246640295047,8.51611424372e-05,0.000215713917609
0.00246640295047,8.53919314411e-05,0.000176451117633
0.00246640295047,8.5622720445e-05,0.000153245773147
0.00246640295047,8.58535094489e-05,0.000144953667354
0.00246640295047,8.60842984528e-05,0.000153646186193
0.00246640295047,8.63150874567e-05,0.000184283941862
0.00246640295047,8.65458764606e-05,0.00024392538327
0.00246640295047,8.67766654645e-05,0.000340315504566
0.00246640295047,8.70074544684e-05,0.000480089951021
0.00246640295047,8.72382434723e-05,0.000667646747143
0.00246640295047,8.74690324762e-05,0.000906371203257
0.00246640295047,8.76998214801e-05,0.00120329242522
0.00246640295047,8.79306104839e-05,0.00157612991131
0.00246640295047,8.81613994878e-05,0.00205974006269
0.00246640295047,8.83921884917e-05,0.00271034551369
0.00246640295047,8.86229774956e-05,0.00361276405947
0.00246640295047,8.88537664995e-05,0.00490619036016
0.00246640295047,8.90845555034e-05,0.00684982288477
0.00246640295047,8.93153445073e-05,0.00993691516284
0.00246640295047,8.95461335112e-05,0.0150209304175
0.00246640295047,8.97769225151e-05,0.0233428565888
0.00246640295047,9.0007711519e-05,0.0362866331915
0.00246640295047,9.02385005229e-05,0.0547287719735
0.00246640295047,9.04692895268e-05,0.0780727145609
0.00246640295047,9.07000785307e-05,0.103430620103
0.00246640295047,9.09308675346e-05,0.125682070526
0.00246640295047,9.11616565385e-05,0.138927327626
0.00246640295047,9.13924455424e-05,0.139015223617
0.00246640295047,9.16232345463e-05,0.125797093911
0.00246640295047,9.18540235502e-05,0.103457132221
0.00246640295047,9.20848125541e-05,0.0783542020214
0.00246640295047,9.23156015579e-05,0.0558089993558
0.00246640295047,9.25463905618e-05,0.0385660032578
0.00246640295047,9.27771795657e-05,0.0287362040316
0.00246640295047,9.30079685696e-05,0.0320742917551
0.00246640295047,9.32387575735e-05,0.0606866053939
0.00246640295047,9.34695465774e-05,0.130316820052
0.00246640295047,9.37003355813e-05,0.251840244871
0.00246640295047,9.39311245852e-05,0.421247520828
0.00246640295047,9.41619135891e-05,0.61465278063
0.00246640295047,9.4392702593e-05,0.79270778001
0.00246640295047,9.46234915969e-05,0.913447941535
0.00246640295047,9.48542806008e-05,0.947580940009
0.00246640295047,9.50850696047e-05,0.88880807712
0.00246640295047,9.53158586086e-05,0.754666441872
0.00246640295047,9.55466476125e-05,0.578520162835
0.00246640295047,9.57774366164e-05,0.39748661127
0.00246640295047,9.60082256203e-05,0.242057195311
0.00246640295047,9.62390146242e-05,0.13097859989
0.00246640295047,9.64698036281e-05,0.0714534205449
0.00246640295047,9.6700592632e-05,0.0621572917991
0.00246640295047,9.69313816358e-05,0.0961926722764
0.00246640295047,9.71621706397e-05,0.162575763831
0.00246640295047,9.73929596436e-05,0.24677597753
0.00246640295047,9.76237486475e-05,0.33178828197
0.00246640295047,9.78545376514e-05,0.400711690345
0.00246640295047,9.80853266553e-05,0.440422120141
0.00246640295047,9.83161156592e-05,0.444796871251
0.00246640295047,9.85469046631e-05,0.415894787392
0.00246640295047,9.8777693667e-05,0.362501482505
0.00246640295047,9.90084826709e-05,0.29677046915
0.00246640295047,9.92392716748e-05,0.230475923175
0.00246640295047,9.94700606787e-05,0.17227445693
0.00246640295047,9.97008496826e-05,0.126617835843
0.00246640295047,9.99316386865e-05,0.0941391307843
0.00246640295047,0.00010016242769,0.072878451445
0.00246640295047,0.000100393216694,0.0596889645943
0.00246640295047,0.000100624005698,0.0513839442002
0.00246640295047,0.000100854794702,0.0454410350344
0.00246640295047,0.000101085583706,0.0402666386719
0.00246640295047,0.00010131637271,0.0351291729787
0.00246640295047,0.000101547161714,0.029910639889
0.00246640295047,0.000101777950718,0.0248155010325
0.00246640295047,0.000102008739722,0.0201316790206
0.00246640295047,0.000102239528725,0.0160844236811
0.00246640295047,0.000102470317729,0.0127803416466
0.00246640295047,0.000102701106733,0.010214901048
0.00246640295047,0.000102931895737,0.00831079710304
0.00246640295047,0.000103162684741,0.00696077308073
0.00246640295047,0.000103393473745,0.00605991425595
0.00246640295047,0.000103624262749,0.00552293340421
0.00246640295047,0.000103855051753,0.0052880692677
0.00246640295047,0.000104085840757,0.00531114797098
0.00246640295047,0.00010431662976,0.00555369790469
0.00246640295047,0.000104547418764,0.00596980617639
0.00246640295047,0.000104778207768,0.00649728539652
0.00246640295047,0.000105008996772,0.0070577642184
0.00246640295047,0.000105239785776,0.00756673735376
0.00246640295047,0.00010547057478,0.00795034369231
0.00246640295047,0.000105701363784,0.00816385705698
0.00246640295047,0.000105932152788,0.00820868628721
0.00246640295047,0.000106162941792,0.00814751016279
0.00246640295047,0.000106393730796,0.00811692505668
0.00246640295047,0.000106624519799,0.00833243595305
0.00246640295047,0.000106855308803,0.00907590197371
0.00246640295047,0.000107086097807,0.0106577645965
0.00246640295047,0.000107316886811,0.0133593478898
0.00246640295047,0.000107547675815,0.0173790549891
0.00246640295047,0.000107778464819,0.0228163711934
0.00246640295047,0.000108009253823,0.0297144928333
0.00246640295047,0.000108240042827,0.0381435608118
0.00246640295047,0.000108470831831,0.048260397154
0.00246640295047,0.000108701620834,0.0602621670847
0.00246640295047,0.000108932409838,0.0741904288065
0.00246640295047,0.000109163198842,0.0896363258717
0.00246640295047,0.000109393987846,0.105500520654
0.00246640295047,0.00010962477685,0.120000567693
0.00246640295047,0.000109855565854,0.131040787506
0.00246640295047,0.000110086354858,0.136875719681
0.00246640295047,0.000110317143862,0.136794829178
0.00246640295047,0.000110547932866,0.131465186229
0.00246640295047,0.00011077872187,0.122697649413
0.00246640295047,0.000111009510873,0.112748836315
0.00246640295047,0.000111240299877,0.103667882943
0.00246640295047,0.000111471088881,0.0973431479972
0.00246640295047,0.000111701877885,0.0965375099712
0.00246640295047,0.000111932666889,0.1063579411
0.00246640295047,0.000112163455893,0.134777939756
0.00246640295047,0.000112394244897,0.190782921444
0.00246640295047,0.000112625033901,0.279898535478
0.00246640295047,0.000112855822905,0.39884745552
0.00246640295047,0.000113086611908,0.532512580431
0.00246640295047,0.000113317400912,0.655900476239
0.00246640295047,0.000113548189916,0.741258236671
0.00246640295047,0.00011377897892,0.767419284216
0.00246640295047,0.000114009767924,0.727001307771
0.00246640295047,0.000114240556928,0.6283064762
0.00246640295047,0.000114471345932,0.491731372067
0.00246640295047,0.000114702134936,0.343069738588
0.00246640295047,0.00011493292394,0.206780411074
0.00246640295047,0.000115163712944,0.101233704206
0.00246640295047,0.000115394501947,0.0364151455455
0.00246640295047,0.000115625290951,0.0136598158496
0.00246640295047,0.000115856079955,0.0268716172271
0.00246640295047,0.000116086868959,0.0648306837918
0.00246640295047,0.000116317657963,0.114156727311
0.00246640295047,0.000116548446967,0.162289090647
0.00246640295047,0.000116779235971,0.199762677777
0.00246640295047,0.000117010024975,0.221292844492
0.00246640295047,0.000117240813979,0.225637051961
0.00246640295047,0.000117471602982,0.214616925342
0.00246640295047,0.000117702391986,0.191857365136
0.00246640295047,0.00011793318099,0.161700012515
0.00325520393397,0,1
0.00325520393397,2.30789003895e-07,0.999699770325
0.00325520393397,4.6157800779e-07,0.995583630257
0.00325520393397,6.92367011685e-07,0.97955498244
0.00325520393397,9.23156015579e-07,0.942950002958
0.00325520393397,1.15394501947e-06,0.881535808573
0.00325520393397,1.38473402337e-06,0.798198424818
0.00325520393397,1.61552302726e-06,0.70146365465
0.00325520393397,1.84631203116e-06,0.6012820847
0.00325520393397,2.07710103505e-06,0.505392525611
0.00325520393397,2.30789003895e-06,0.417763553451
0.00325520393397,2.53867904284e-06,0.338433092393
0.00325520393397,2.76946804674e-06,0.264929226652
0.00325520393397,3.00025705063e-06,0.195832310109
0.00325520393397,3.23104605453e-06,0.13369469602
0.00325520393397,3.46183505842e-06,0.0834226011015
0.00325520393397,3.69262406232e-06,0.0477014567637
0.00325520393397,3.92341306621e-06,0.0250223707153
0.00325520393397,4.15420207011e-06,0.0117532879358
0.00325520393397,4.384991074e-06,0.00464735890088
0.00325520393397,4.6157800779e-06,0.0014003186105
0.00325520393397,4.84656908179e-06,0.000271903751623
0.00325520393397,5.07735808569e-06,2.14376995032e-05
0.00325520393397,5.30814708958e-06,-3.10671322092e-07
0.00325520393397,5.53893609348e-06,1.14073206856e-06
0.00325520393397,5.76972509737e-06,2.79800990803e-07
0.00325520393397,6.00051410127e-06,-2.76146907965e-09
0.00325520393397,6.23130310516e-06,4.747751441e-09
0.00325520393397,6.46209210906e-06,1.35734263771e-06
0.00325520393397,6.69288111295e-06,1.20919346338e-05
0.00325520393397,6.92367011685e-06,4.9646210288e-05
0.00325520393397,7.15445912074e-06,0.000128236047709
0.00325520393397,7.38524812464e-06,0.000232154576072
0.00325520393397,7.61603712853e-06,0.000308376976396
0.00325520393397,7.84682613243e-06,0.000305570604006
0.00325520393397,8.07761513632e-06,0.000225901246538
0.00325520393397,8.30840414022e-06,0.000121726155317
0.00325520393397,8.53919314411e-06,3.84875720288e-05
0.00325520393397,8.76998214801e-06,-1.16041523919e-05
0.00325520393397,9.0007711519e-06,-2.63029580821e-05
0.00325520393397,9.23156015579e-06,-5.67017658712e-06
0.00325520393397,9.46234915969e-06,0.000175044396224
0.00325520393397,9.69313816358e-06,0.00126499645559
0.00325520393397,9.92392716748e-06,0.00505516136081
0.00325520393397,1.01547161714e-05,0.0136369356336
0.00325520393397,1.03855051753e-05,0.0278856480142
0.00325520393397,1.06162941792e-05,0.0476460921204
0.00325520393397,1.08470831831e-05,0.0744141084287
0.00325520393397,1.1077872187e-05,0.112871303019
0.00325520393397,1.13086611908e-05,0.167762111713
0.00325520393397,1.15394501947e-05,0.23866618264
0.00325520393397,1.17702391986e-05,0.318575782748
0.00325520393397,1.20010282025e-05,0.397809810586
0.00325520393397,1.22318172064e-05,0.46919286107
0.00325520393397,1.24626062103e-05,0.530670341428
0.00325520393397,1.26933952142e-05,0.585211322171
0.00325520393397,1.29241842181e-05,0.639130151785
0.00325520393397,1.3154973222e-05,0.698862417825
0.00325520393397,1.33857622259e-05,0.766662678719
0.00325520393397,1.36165512298e-05,0.837899222811
0.00325520393397,1.38473402337e-05,0.902723218626
0.00325520393397,1.40781292376e-05,0.951337398565
0.00325520393397,1.43089182415e-05,0.978641609643
0.00325520393397,1.45397072454e-05,0.98475182249
0.00325520393397,1.47704962493e-05,0.971750052734
0.00325520393397,1.50012852532e-05,0.93983866558
0.00325520393397,1.52320742571e-05,0.885953119124
0.00325520393397,1.5462863261e-05,0.806012666002
0.00325520393397,1.56936522649e-05,0.699571381264
0.00325520393397,1.59244412687e-05,0.573515507966
0.00325520393397,1.61552302726e-05,0.441540153471
0.00325520393397,1.63860192765e-05,0.319373785579
0.00325520393397,1.66168082804e-05,0.21923179284
0.00325520393397,1.68475972843e-05,0.146931069412
0.00325520393397,1.70783862882e-05,0.102038351474
0.00325520393397,1.73091752921e-05,0.0793998090103
0.00325520393397,1.7539964296e-05,0.0710649922088
0.00325520393397,1.77707532999e-05,0.0686837095775
0.00325520393397,1.80015423038e-05,0.0659882237637
0.00325520393397,1.82323313077e-05,0.0600877284221
0.00325520393397,1.84631203116e-05,0.0508217530195
0.00325520393397,1.86939093155e-05,0.0390700496313
0.00325520393397,1.89246983194e-05,0.0257963833954
0.00325520393397,1.91554873233e-05,0.0125109768244
0.00325520393397,1.93862763272e-05,0.00180760058008
0.00325520393397,1.96170653311e-05,-0.00374335485184
0.00325520393397,1.9847854335e-05,-0.00377876876485
0.00325520393397,2.00786433389e-05,-0.000762734606766
0.00325520393397,2.03094323427e-05,0.00206340969399
0.00325520393397,2.05402213466e-05,0.00310822239837
0.00325520393397,2.07710103505e-05,0.00266822254125
0.00325520393397,2.10017993544e-05,0.00153737513525
0.00325520393397,2.12325883583e-05,0.00018776795234
0.00325520393397,2.14633773622e-05,-0.00100030358452
0.00325520393397,2.16941663661e-05,-0.00159150234243
0.00325520393397,2.192495537e-05,-0.00144287853706
0.00325520393397,2.21557443739e-05,-0.000875056334055
0.00325520393397,2.23865333778e-05,-0.000340933899043
0.00325520393397,2.26173223817e-05,-4.97842038856e-05
0.00325520393397,2.28481113856e-05,5.34929115393e-05
0.00325520393397,2.30789003895e-05,9.42588147025e-05
0.00325520393397,2.33096893934e-05,0.0001564354707
0.00325520393397,2.35404783973e-05,0.00030189548873
0.00325520393397,2.37712674012e-05,0.000610879912452
0.00325520393397,2.40020564051e-05,0.00121499454606
0.00325520393397,2.4232845409e-05,0.00235746611882
0.00325520393397,2.44636344129e-05,0.00441773979895
0.00325520393397,2.46944234168e-05,0.00777563346656
0.00325520393397,2.49252124206e-05,0.012587447981
0.00325520393397,2.51560014245e-05,0.0188970736015
0.00325520393397,2.53867904284e-05,0.0275616678583
0.00325520393397,2.56175794323e-05,0.0417980007002
0.00325520393397,2.58483684362e-05,0.0679844540278
0.00325520393397,2.60791574401e-05,0.113963323241
0.00325520393397,2.6309946444e-05,0.184674026815
0.00325520393397,2.65407354479e-05,0.277564052915
0.00325520393397,2.67715244518e-05,0.381220516504
0.00325520393397,2.70023134557e-05,0.479027473617
0.00325520393397,2.72331024596e-05,0.55681669227
0.00325520393397,2.74638914635e-05,0.610575598576
0.00325520393397,2.76946804674e-05,0.648476811346
0.00325520393397,2.79254694713e-05,0.684148684415
0.00325520393397,2.81562584752e-05,0.725798499517
0.00325520393397,2.83870474791e-05,0.770803457975
0.00325520393397,2.8617836483e-05,0.810163924143
0.00325520393397,2.88486254869e-05,0.837036179285
0.00325520393397,2.90794144908e-05,0.850733817506
0.00325520393397,2.93102034946e-05,0.854254192169
0.00325520393397,2.95409924985e-05,0.849800851594
0.00325520393397,2.97717815024e-05,0.836221226938
0.00325520393397,3.00025705063e-05,0.808611290609
0.00325520393397,3.02333595102e-05,0.759411961806
0.00325520393397,3.04641485141e-05,0.681476854222
0.00325520393397,3.0694937518e-05,0.572905017953
0.00325520393397,3.09257265219e-05,0.440905336161
0.00325520393397,3.11565155258e-05,0.301388743417
0.00325520393397,3.13873045297e-05,0.173972931905
0.00325520393397,3.16180935336e-05,0.0754552630353
0.00325520393397,3.18488825375e-05,0.0149503599682
0.00325520393397,3.20796715414e-05,-0.00830695752263
0.00325520393397,3.23104605453e-05,-0.00443535363979
0.00325520393397,3.25412495492e-05,0.0109766656635
0.00325520393397,3.27720385531e-05,0.0235359924428
0.00325520393397,3.3002827557e-05,0.0258173841417
0.00325520393397,3.32336165609e-05,0.0183617513301
0.00325520393397,3.34644055648e-05,0.00627416401688
0.00325520393397,3.36951945687e-05,-0.00485775316065
0.00325520393397,3.39259835725e-05,-0.0113488976067
0.00325520393397,3.41567725764e-05,-0.0123029264589
0.00325520393397,3.43875615803e-05,-0.00937170860939
0.00325520393397,3.46183505842e-05,-0.0053125765921
0.00325520393397,3.48491395881e-05,-0.00218029870496
0.00325520393397,3.5079928592e-05,-0.000542536067382
0.00325520393397,3.53107175959e-05,2.54558368622e-05
0.00325520393397,3.55415065998e-05,0.000108379593821
0.00325520393397,3.57722956037e-05,5.5581603805e-05
0.00325520393397,3.60030846076e-05,4.01065988436e-06
0.00325520393397,3.62338736115e-05,-1.06496919057e-05
0.00325520393397,3.64646626154e-05,-1.66072865842e-06
0.00325520393397,3.66954516193e-05,-2.49750210366e-06
0.00325520393397,3.69262406232e-05,-2.79241705115e-05
0.00325520393397,3.71570296271e-05,-5.2124383623e-05
0.00325520393397,3.7387818631e-05,-3.03563672666e-05
0.00325520393397,3.76186076349e-05,6.69864030702e-05
0.00325520393397,3.78493966388e-05,0.000272421743164
0.00325520393397,3.80801856427e-05,0.000711881944178
0.00325520393397,3.83109746465e-05,0.00171140493811
0.00325520393397,3.85417636504e-05,0.00384875196242
0.00325520393397,3.87725526543e-05,0.00792168279956
0.00325520393397,3.90033416582e-05,0.0147782902063
0.00325520393397,3.92341306621e-05,0.0248644939815
0.00325520393397,3.9464919666e-05,0.0375577382797
0.00325520393397,3.96957086699e-05,0.0511298483456
0.00325520393397,3.99264976738e-05,0.0646365526029
0.00325520393397,4.01572866777e-05,0.081538466744
0.00325520393397,4.03880756816e-05,0.111860937817
0.00325520393397,4.06188646855e-05,0.168971656727
0.00325520393397,4.08496536894e-05,0.261119169413
0.00325520393397,4.10804426933e-05,0.383121117758
0.00325520393397,4.13112316972e-05,0.514295377662
0.00325520393397,4.15420207011e-05,0.624865535917
0.00325520393397,4.1772809705e-05,0.688771140714
0.00325520393397,4.20035987089e-05,0.697231642646
0.00325520393397,4.22343877128e-05,0.664425855804
0.00325520393397,4.24651767167e-05,0.618799046508
0.00325520393397,4.26959657206e-05,0.584252238002
0.00325520393397,4.29267547244e-05,0.566336649206
0.00325520393397,4.31575437283e-05,0.55542675981
0.00325520393397,4.33883327322e-05,0.541946338254
0.00325520393397,4.36191217361e-05,0.52673926076
0.00325520393397,4.384991074e-05,0.517028364326
0.00325520393397,4.40806997439e-05,0.515558806659
0.00325520393397,4.43114887478e-05,0.516190406877
0.00325520393397,4.45422777517e-05,0.508654030022
0.00325520393397,4.47730667556e-05,0.484682401594
0.00325520393397,4.50038557595e-05,0.439927732057
0.00325520393397,4.52346447634e-05,0.373928405739
0.00325520393397,4.54654337673e-05,0.291348915613
0.00325520393397,4.56962227712e-05,0.202714029191
0.00325520393397,4.59270117751e-05,0.121465093884
0.00325520393397,4.6157800779e-05,0.0584156388163
0.00325520393397,4.63885897829e-05,0.0178377956107
0.00325520393397,4.66193787868e-05,-0.00248243657399
0.00325520393397,4.68501677907e-05,-0.00850281061991
0.00325520393397,4.70809567946e-05,-0.00693065036412
0.00325520393397,4.73117457984e-05,-0.00321226249917
0.00325520393397,4.75425348023e-05,-0.000574387491715
0.00325520393397,4.77733238062e-05,2.83501715052e-05
0.00325520393397,4.80041128101e-05,-0.000789535696956
0.00325520393397,4.8234901814e-05,-0.00189038859335
0.00325520393397,4.84656908179e-05,-0.00246320686373
0.00325520393397,4.86964798218e-05,-0.00238973566805
0.00325520393397,4.89272688257e-05,-0.00211880965027
0.00325520393397,4.91580578296e-05,-0.00216471111652
0.00325520393397,4.93888468335e-05,-0.00257347960386
0.00325520393397,4.96196358374e-05,-0.00288255271369
0.00325520393397,4.98504248413e-05,-0.00264911947776
0.00325520393397,5.00812138452e-05,-0.00189655678915
0.00325520393397,5.03120028491e-05,-0.000953558462054
0.00325520393397,5.0542791853e-05,8.03641808716e-05
0.00325520393397,5.07735808569e-05,0.00185218559744
0.00325520393397,5.10043698608e-05,0.00599832315135
0.00325520393397,5.12351588647e-05,0.0144469635902
0.00325520393397,5.14659478686e-05,0.027484752391
0.00325520393397,5.16967368725e-05,0.0422762176008
0.00325520393397,5.19275258763e-05,0.0542324176028
0.00325520393397,5.21583148802e-05,0.0607958854941
0.00325520393397,5.23891038841e-05,0.0640472560739
0.00325520393397,5.2619892888e-05,0.0694434903345
0.00325520393397,5.28506818919e-05,0.0819314655576
0.00325520393397,5.30814708958e-05,0.102842774467
0.00325520393397,5.33122598997e-05,0.129420978361
0.00325520393397,5.35430489036e-05,0.156212767146
0.00325520393397,5.37738379075e-05,0.176872380109
0.00325520393397,5.40046269114e-05,0.186028466015
0.00325520393397,5.42354159153e-05,0.181568579063
0.00325520393397,5.44662049192e-05,0.166939143986
0.00325520393397,5.46969939231e-05,0.151933536905
0.00325520393397,5.4927782927e-05,0.150616736659
0.00325520393397,5.51585719309e-05,0.176745115684
0.00325520393397,5.53893609348e-05,0.238704311962
0.00325520393397,5.56201499387e-05,0.335847883989
0.00325520393397,5.58509389426e-05,0.456518776451
0.00325520393397,5.60817279465e-05,0.577687544466
0.00325520393397,5.63125169503e-05,0.668593974033
0.00325520393397,5.65433059542e-05,0.702143711152
0.00325520393397,5.67740949581e-05,0.671588936495
0.00325520393397,5.7004883962e-05,0.598743294946
0.00325520393397,5.72356729659e-05,0.519836870847
0.00325520393397,5.74664619698e-05,0.456276752617
0.00325520393397,5.76972509737e-05,0.399667725475
0.00325520393397,5.79280399776e-05,0.32973823303
0.00325520393397,5.81588289815e-05,0.245179841287
0.00325520393397,5.83896179854e-05,0.170319906292
0.00325520393397,5.86204069893e-05,0.130909140348
0.00325520393397,5.88511959932e-05,0.129699629175
0.00325520393397,5.90819849971e-05,0.147853174015
0.00325520393397,5.9312774001e-05,0.1640448883
0.00325520393397,5.95435630049e-05,0.167574355312
0.00325520393397,5.97743520088e-05,0.157307621711
0.00325520393397,6.00051410127e-05,0.135720473677
0.00325520393397,6.02359300166e-05,0.106469394129
0.00325520393397,6.04667190205e-05,0.0745985183664
0.00325520393397,6.06975080244e-05,0.0456672638278
0.00325520393397,6.09282970282e-05,0.0236287770221
0.00325520393397,6.11590860321e-05,0.00958683162061
0.00325520393397,6.1389875036e-05,0.00231434679452
0.00325520393397,6.16206640399e-05,-0.000386457917457
0.00325520393397,6.18514530438e-05,-0.000622475103507
0.00325520393397,6.20822420477e-05,1.27420945241e-05
0.00325520393397,6.23130310516e-05,0.000482687629682
0.00325520393397,6.25438200555e-05,0.000269988751528
0.00325520393397,6.27746090594e-05,-0.000667324049055
0.00325520393397,6.30053980633e-05,-0.00200334976986
0.00325520393397,6.32361870672e-05,-0.00323470793305
0.00325520393397,6.34669760711e-05,-0.00389288690083
0.00325520393397,6.3697765075e-05,-0.00371322928869
0.00325520393397,6.39285540789e-05,-0.0027249161788
0.00325520393397,6.41593430828e-05,-0.00122565054069
0.00325520393397,6.43901320867e-05,0.000373545222337
0.00325520393397,6.46209210906e-05,0.00175972453209
0.00325520393397,6.48517100945e-05,0.00285214526506
0.00325520393397,6.50824990984e-05,0.00379261354978
0.00325520393397,6.53132881022e-05,0.00484805884249
0.00325520393397,6.55440771061e-05,0.00630878968935
0.00325520393397,6.577486611e-05,0.0083893333813
0.00325520393397,6.60056551139e-05,0.0111037651776
0.00325520393397,6.62364441178e-05,0.0141719604587
0.00325520393397,6.64672331217e-05,0.0171002478184
0.00325520393397,6.66980221256e-05,0.0195090024268
0.00325520393397,6.69288111295e-05,0.0215695670183
0.00325520393397,6.71596001334e-05,0.0242701367503
0.00325520393397,6.73903891373e-05,0.0293184506025
0.00325520393397,6.76211781412e-05,0.0387148983567
0.00325520393397,6.78519671451e-05,0.0541297946197
0.00325520393397,6.8082756149e-05,0.0761042314141
0.00325520393397,6.83135451529e-05,0.10305510401
0.00325520393397,6.85443341568e-05,0.13050809045
0.00325520393397,6.87751231607e-05,0.151768887562
0.00325520393397,6.90059121646e-05,0.161234040305
0.00325520393397,6.92367011685e-05,0.159511060134
0.00325520393397,6.94674901724e-05,0.15653917259
0.00325520393397,6.96982791763e-05,0.168869755963
0.00325520393397,6.99290681801e-05,0.212103860683
0.00325520393397,7.0159857184e-05,0.294159316259
0.00325520393397,7.03906461879e-05,0.412644083775
0.00325520393397,7.06214351918e-05,0.553110548729
0.00325520393397,7.08522241957e-05,0.686027644464
0.00325520393397,7.10830131996e-05,0.77038545349
0.00325520393397,7.13138022035e-05,0.773546732973
0.00325520393397,7.15445912074e-05,0.698035661845
0.00325520393397,7.17753802113e-05,0.586441803791
0.00325520393397,7.20061692152e-05,0.488990095618
0.00325520393397,7.22369582191e-05,0.420141964662
0.00325520393397,7.2467747223e-05,0.35059139598
0.00325520393397,7.26985362269e-05,0.246111004101
0.00325520393397,7.29293252308e-05,0.11140077017
0.00325520393397,7.31601142347e-05,-0.00899281380366
0.00325520393397,7.33909032386e-05,-0.0710889192559
0.00325520393397,7.36216922425e-05,-0.0675640920714
0.00325520393397,7.38524812464e-05,-0.0256580198899
0.00325520393397,7.40832702503e-05,0.0212974299562
0.00325520393397,7.43140592541e-05,0.0549964830471
0.00325520393397,7.4544848258e-05,0.0717497918092
0.00325520393397,7.47756372619e-05,0.0730732873196
0.00325520393397,7.50064262658e-05,0.0617690954288
0.00325520393397,7.52372152697e-05,0.0431702086431
0.00325520393397,7.54680042736e-05,0.0244316947876
0.00325520393397,7.56987932775e-05,0.010846229021
0.00325520393397,7.59295822814e-05,0.00356622403557
0.00325520393397,7.61603712853e-05,0.000757469214832
0.00325520393397,7.63911602892e-05,6.0854226302e-05
0.00325520393397,7.66219492931e-05,-6.88454816278e-06
0.00325520393397,7.6852738297e-05,1.16861660115e-06
0.00325520393397,7.70835273009e-05,4.82117266455e-07
0.00325520393397,7.73143163048e-05,7.50983698979e-06
0.00325520393397,7.75451053087e-05,1.15635650558e-05
0.00325520393397,7.77758943126e-05,-1.43739306916e-07
0.00325520393397,7.80066833165e-05,5.49711294847e-07
0.00325520393397,7.82374723204e-05,6.83334886326e-05
0.00325520393397,7.84682613243e-05,0.000226037344827
0.00325520393397,7.86990503282e-05,0.000417018694711
0.00325520393397,7.8929839332e-05,0.000511645186593
0.00325520393397,7.91606283359e-05,0.000372483508821
0.00325520393397,7.93914173398e-05,-6.58289326602e-05
0.00325520393397,7.96222063437e-05,-0.000761402281785
0.00325520393397,7.98529953476e-05,-0.00157940364102
0.00325520393397,8.00837843515e-05,-0.00228850340763
0.00325520393397,8.03145733554e-05,-0.00247926036148
0.00325520393397,8.05453623593e-05,-0.00145380950442
0.00325520393397,8.07761513632e-05,0.00173012206042
0.00325520393397,8.10069403671e-05,0.00789423463731
0.00325520393397,8.1237729371e-05,0.017221066592
0.00325520393397,8.14685183749e-05,0.0291852356239
0.00325520393397,8.16993073788e-05,0.0434123123543
0.00325520393397,8.19300963827e-05,0.0610278815521
0.00325520393397,8.21608853866e-05,0.0852326577888
0.00325520393397,8.23916743905e-05,0.120078889287
0.00325520393397,8.26224633944e-05,0.167504634652
0.00325520393397,8.28532523983e-05,0.223816518307
0.00325520393397,8.30840414022e-05,0.277857203206
0.00325520393397,8.3314830406e-05,0.313636214257
0.00325520393397,8.35456194099e-05,0.318369363808
0.00325520393397,8.37764084138e-05,0.291903526254
0.00325520393397,8.40071974177e-05,0.24953979309
0.00325520393397,8.42379864216e-05,0.21368020214
0.00325520393397,8.44687754255e-05,0.200158553848
0.00325520393397,8.46995644294e-05,0.212055568491
0.00325520393397,8.49303534333e-05,0.246923488869
0.00325520393397,8.51611424372e-05,0.30719037305
0.00325520393397,8.53919314411e-05,0.397056990212
0.00325520393397,8.5622720445e-05,0.504918847605
0.00325520393397,8.58535094489e-05,0.593811714547
0.00325520393397,8.60842984528e-05,0.621889872403
0.00325520393397,8.63150874567e-05,0.580902387808
0.00325520393397,8.65458764606e-05,0.509463701627
0.00325520393397,8.67766654645e-05,0.456467996176
0.00325520393397,8.70074544684e-05,0.428739441713
0.00325520393397,8.72382434723e-05,0.384330918254
0.00325520393397,8.74690324762e-05,0.283624001394
0.00325520393397,8.76998214801e-05,0.139589118651
0.00325520393397,8.79306104839e-05,0.00900071827941
0.00325520393397,8.81613994878e-05,-0.0611035132704
0.00325520393397,8.83921884917e-05,-0.0689087520523
0.00325520393397,8.86229774956e-05,-0.0448275588926
0.00325520393397,8.88537664995e-05,-0.0180509833449
0.00325520393397,8.90845555034e-05,-0.0003634318987
0.00325520393397,8.93153445073e-05,0.00836924604537
0.00325520393397,8.95461335112e-05,0.0108183031057
0.00325520393397,8.97769225151e-05,0.00922098665175
0.00325520393397,9.0007711519e-05,0.00587485661908
0.00325520393397,9.02385005229e-05,0.0028219332728
0.00325520393397,9.04692895268e-05,0.00099019507369
0.00325520393397,9.07000785307e-05,0.000226817613217
0.00325520393397,9.09308675346e-05,1.29706685852e-05
0.00325520393397,9.11616565385e-05,-2.13834980978e-05
0.00325520393397,9.13924455424e-05,-2.34807321922e-05
0.00325520393397,9.16232345463e-05,-2.66104612906e-05
0.00325520393397,9.18540235502e-05,-3.53281693886e-05
0.00325520393397,9.20848125541e-05,-5.69089742226e-05
0.00325520393397,9.23156015579e-05,-0.00011142955063
0.00325520393397,9.25463905618e-05,-0.000239624205333
0.00325520393397,9.27771795657e-05,-0.000501121582334
0.00325520393397,9.30079685696e-05,-0.000946658305528
0.00325520393397,9.32387575735e-05,-0.00156408707685
0.00325520393397,9.34695465774e-05,-0.00222056679537
0.00325520393397,9.37003355813e-05,-0.00263572283671
0.00325520393397,9.39311245852e-05,-0.00241538131092
0.00325520393397,9.41619135891e-05,-0.00113713410418
0.00325520393397,9.4392702593e-05,0.00157526035841
0.00325520393397,9.46234915969e-05,0.00604720142977
0.00325520393397,9.48542806008e-05,0.0125841772544
0.00325520393397,9.50850696047e-05,0.021417345646
0.00325520393397,9.53158586086e-05,0.0324851682208
0.00325520393397,9.55466476125e-05,0.045163150893
0.00325520393397,9.57774366164e-05,0.0582516751888
0.00325520393397,9.60082256203e-05,0.0704838765825
0.00325520393397,9.62390146242e-05,0.0814185370547
0.00325520393397,9.64698036281e-05,0.0921577283984
0.00325520393397,9.6700592632e-05,0.105356268903
0.00325520393397,9.69313816358e-05,0.124444439359
0.00325520393397,9.71621706397e-05,0.152280630935
0.00325520393397,9.73929596436e-05,0.189341889675
0.00325520393397,9.76237486475e-05,0.231719459513
0.00325520393397,9.78545376514e-05,0.270197170938
0.00325520393397,9.80853266553e-05,0.292536055105
0.00325520393397,9.83161156592e-05,0.289654219355
0.00325520393397,9.85469046631e-05,0.262349746709
0.00325520393397,9.8777693667e-05,0.222121059577
0.00325520393397,9.90084826709e-05,0.182647055057
0.00325520393397,9.92392716748e-05,0.148025749683
0.00325520393397,9.94700606787e-05,0.111214511972
0.00325520393397,9.97008496826e-05,0.0691402413245
0.00325520393397,9.99316386865e-05,0.0403524652381
0.00325520393397,0.00010016242769,0.0594285013671
0.00325520393397,0.000100393216694,0.143075948104
0.00325520393397,0.000100624005698,0.2618838368
0.00325520393397,0.000100854794702,0.357903200217
0.00325520393397,0.000101085583706,0.398530171568
0.00325520393397,0.00010131637271,0.406175206962
0.00325520393397,0.000101547161714,0.424499119125
0.00325520393397,0.000101777950718,0.459385785962
0.00325520393397,0.000102008739722,0.466784021393
0.00325520393397,0.000102239528725,0.402101322687
0.00325520393397,0.000102470317729,0.271482481695
0.00325520393397,0.000102701106733,0.128231436254
0.00325520393397,0.000102931895737,0.0255574778776
0.00325520393397,0.000103162684741,-0.0201704587247
0.00325520393397,0.000103393473745,-0.0259828800337
0.00325520393397,0.000103624262749,-0.0161607389333
0.00325520393397,0.000103855051753,-0.00437501770492
0.00325520393397,0.000104085840757,0.00605812087374
0.00325520393397,0.00010431662976,0.0146164377213
0.00325520393397,0.000104547418764,0.0199435722513
0.00325520393397,0.000104778207768,0.0210543090182
0.00325520393397,0.000105008996772,0.0187375089189
0.00325520393397,0.000105239785776,0.0148563345479
0.00325520393397,0.00010547057478,0.0109156829674
0.00325520393397,0.000105701363784,0.00754207024645
0.00325520393397,0.000105932152788,0.00479366056333
0.00325520393397,0.000106162941792,0.00251661240628
0.00325520393397,0.000106393730796,0.000499357046607
0.00325520393397,0.000106624519799,-0.00144531815921
0.00325520393397,0.000106855308803,-0.00341256209475
0.00325520393397,0.000107086097807,-0.00535842982416
0.00325520393397,0.000107316886811,-0.00709340009777
0.00325520393397,0.000107547675815,-0.00836046189084
0.00325520393397,0.000107778464819,-0.00897240587661
0.00325520393397,0.000108009253823,-0.00889665147003
0.00325520393397,0.000108240042827,-0.00822954805717
0.00325520393397,0.000108470831831,-0.00711725772569
0.00325520393397,0.000108701620834,-0.00569897116827
0.00325520393397,0.000108932409838,-0.00408587547135
0.00325520393397,0.000109163198842,-0.00235209183714
0.00325520393397,0.000109393987846,-0.000526477941972
0.00325520393397,0.00010962477685,0.00140767999387
0.00325520393397,0.000109855565854,0.0034984278755
0.00325520393397,0.000110086354858,0.00579964681078
0.00325520393397,0.000110317143862,0.00834874038756
0.00325520393397,0.000110547932866,0.0111720827181
0.00325520393397,0.00011077872187,0.0143456117787
0.00325520393397,0.000111009510873,0.0181306512174
0.00325520393397,0.000111240299877,0.0231985655985
0.00325520393397,0.000111471088881,0.0309621191212
0.00325520393397,0.000111701877885,0.0440101708692
0.00325520393397,0.000111932666889,0.0664454170316
0.00325520393397,0.000112163455893,0.103372370086
0.00325520393397,0.000112394244897,0.158266207834
0.00325520393397,0.000112625033901,0.228015273994
0.00325520393397,0.000112855822905,0.299082224596
0.00325520393397,0.000113086611908,0.350991072974
0.00325520393397,0.000113317400912,0.368273539542
0.00325520393397,0.000113548189916,0.350129453324
0.00325520393397,0.00011377897892,0.304428626779
0.00325520393397,0.000114009767924,0.231179235178
0.00325520393397,0.000114240556928,0.120583055763
0.00325520393397,0.000114471345932,-0.0223015216031
0.00325520393397,0.000114702134936,-0.154230751682
0.00325520393397,0.00011493292394,-0.211373713479
0.00325520393397,0.000115163712944,-0.162067687647
0.00325520393397,0.000115394501947,-0.0389868789257
0.00325520393397,0.000115625290951,0.0893031680871
0.00325520393397,0.000115856079955,0.178825877463
0.00325520393397,0.000116086868959,0.237595265863
0.00325520393397,0.000116317657963,0.295354602648
0.00325520393397,0.000116548446967,0.35672765012
0.00325520393397,0.000116779235971,0.391571126962
0.00325520393397,0.000117010024975,0.368092888634
0.00325520393397,0.000117240813979,0.287441530487
0.00325520393397,0.000117471602982,0.183787989457
0.00325520393397,0.000117702391986,0.0957489522332
0.00325520393397,0.00011793318099,0.041368224521
0.00404400491746,0,1
0.00404400491746,2.30789003895e-07,0.999822207027
0.00404400491746,4.6157800779e-07,0.997390768419
0.00404400491746,6.92367011685e-07,0.987492568641
0.00404400491746,9.23156015579e-07,0.963217331135
0.00404400491746,1.15394501947e-06,0.918295987321
0.00404400491746,1.38473402337e-06,0.849440135881
0.00404400491746,1.61552302726e-06,0.757655431593
0.00404400491746,1.84631203116e-06,0.64787905427
0.00404400491746,2.07710103505e-06,0.527338481418
0.00404400491746,2.30789003895e-06,0.403911018189
0.00404400491746,2.53867904284e-06,0.285481473805
0.00404400491746,2.76946804674e-06,0.179958996224
0.00404400491746,3.00025705063e-06,0.0946782173207
0.00404400491746,3.23104605453e-06,0.0345914360935
0.00404400491746,3.46183505842e-06,0.000295118736998
0.00404400491746,3.69262406232e-06,-0.0123822444974
0.00404400491746,3.92341306621e-06,-0.010614871727
0.00404400491746,4.15420207011e-06,-0.00173235603868
0.00404400491746,4.384991074e-06,0.00899348381916
0.00404400491746,4.6157800779e-06,0.0190062335869
0.00404400491746,4.84656908179e-06,0.0278341193809
0.00404400491746,5.07735808569e-06,0.0360125498307
0.00404400491746,5.30814708958e-06,0.0442271709828
0.00404400491746,5.53893609348e-06,0.0528864694546
0.00404400491746,5.76972509737e-06,0.0620148781653
0.00404400491746,6.00051410127e-06,0.0712838593286
0.00404400491746,6.23130310516e-06,0.08006612544
0.00404400491746,6.46209210906e-06,0.0874824917929
0.00404400491746,6.69288111295e-06,0.0924480001695
0.00404400491746,6.92367011685e-06,0.0937081439047
0.00404400491746,7.15445912074e-06,0.089826174788
0.00404400491746,7.38524812464e-06,0.0791132770463
0.00404400491746,7.61603712853e-06,0.0596431323486
0.00404400491746,7.84682613243e-06,0.0296867046496
0.00404400491746,8.07761513632e-06,-0.0111233319943
0.00404400491746,8.30840414022e-06,-0.0600837058737
0.00404400491746,8.53919314411e-06,-0.11011998209
0.00404400491746,8.76998214801e-06,-0.150145595012
0.00404400491746,9.0007711519e-06,-0.167549244553
0.00404400491746,9.23156015579e-06,-0.151832064726
0.00404400491746,9.46234915969e-06,-0.0975962687833
0.00404400491746,9.69313816358e-06,-0.00568901361915
0.00404400491746,9.92392716748e-06,0.117349177832
0.00404400491746,1.01547161714e-05,0.260659156767
0.00404400491746,1.03855051753e-05,0.410751710827
0.00404400491746,1.06162941792e-05,0.553629564405
0.00404400491746,1.08470831831e-05,0.677413183257
0.00404400491746,1.1077872187e-05,0.774851172932
0.00404400491746,1.13086611908e-05,0.844604450623
0.00404400491746,1.15394501947e-05,0.890536540538
0.00404400491746,1.17702391986e-05,0.919237761706
0.00404400491746,1.20010282025e-05,0.936915428652
0.00404400491746,1.22318172064e-05,0.946984089381
0.00404400491746,1.24626062103e-05,0.949166065422
0.00404400491746,1.26933952142e-05,0.940141201107
0.00404400491746,1.29241842181e-05,0.915274584755
0.00404400491746,1.3154973222e-05,0.870820118768
0.00404400491746,1.33857622259e-05,0.805985128128
0.00404400491746,1.36165512298e-05,0.724137955046
0.00404400491746,1.38473402337e-05,0.632450513457
0.00404400491746,1.40781292376e-05,0.539793622957
0.00404400491746,1.43089182415e-05,0.453711693201
0.00404400491746,1.45397072454e-05,0.378070885119
0.00404400491746,1.47704962493e-05,0.312703549759
0.00404400491746,1.50012852532e-05,0.255094851451
0.00404400491746,1.52320742571e-05,0.202850693194
0.00404400491746,1.5462863261e-05,0.155369697276
0.00404400491746,1.56936522649e-05,0.113942485815
0.00404400491746,1.59244412687e-05,0.0806455426217
0.00404400491746,1.61552302726e-05,0.057015184336
0.00404400491746,1.63860192765e-05,0.0433184969212
0.00404400491746,1.66168082804e-05,0.0386419256457
0.00404400491746,1.68475972843e-05,0.041503571041
0.00404400491746,1.70783862882e-05,0.05051960683
0.00404400491746,1.73091752921e-05,0.0647728949524
0.00404400491746,1.7539964296e-05,0.083769433812
0.00404400491746,1.77707532999e-05,0.107082942728
0.00404400491746,1.80015423038e-05,0.133907707803
0.00404400491746,1.82323313077e-05,0.162742557866
0.00404400491746,1.84631203116e-05,0.191330476697
0.00404400491746,1.86939093155e-05,0.216832337306
0.00404400491746,1.89246983194e-05,0.236094950355
0.00404400491746,1.91554873233e-05,0.245852300427
0.00404400491746,1.93862763272e-05,0.242807470469
0.00404400491746,1.96170653311e-05,0.223740051903
0.00404400491746,1.9847854335e-05,0.185927850999
0.00404400491746,2.00786433389e-05,0.12807653489
0.00404400491746,2.03094323427e-05,0.0515602823021
0.00404400491746,2.05402213466e-05,-0.0386744076585
0.00404400491746,2.07710103505e-05,-0.134260332561
0.00404400491746,2.10017993544e-05,-0.224775070193
0.00404400491746,2.12325883583e-05,-0.299610133338
0.00404400491746,2.14633773622e-05,-0.349239267014
0.00404400491746,2.16941663661e-05,-0.365407161479
0.00404400491746,2.192495537e-05,-0.341021252809
0.00404400491746,2.21557443739e-05,-0.271221233515
0.00404400491746,2.23865333778e-05,-0.156249380746
0.00404400491746,2.26173223817e-05,-0.00472708300741
0.00404400491746,2.28481113856e-05,0.165512782657
0.00404400491746,2.30789003895e-05,0.331117502426
0.00404400491746,2.33096893934e-05,0.470604901819
0.00404400491746,2.35404783973e-05,0.571712025188
0.00404400491746,2.37712674012e-05,0.63450746484
0.00404400491746,2.40020564051e-05,0.668654467169
0.00404400491746,2.4232845409e-05,0.686885672046
0.00404400491746,2.44636344129e-05,0.698740595633
0.00404400491746,2.46944234168e-05,0.70769873696
0.00404400491746,2.49252124206e-05,0.712158969541
0.00404400491746,2.51560014245e-05,0.708476501775
0.00404400491746,2.53867904284e-05,0.693809154479
0.00404400491746,2.56175794323e-05,0.667539310944
0.00404400491746,2.58483684362e-05,0.631311357325
0.00404400491746,2.60791574401e-05,0.588335838737
0.00404400491746,2.6309946444e-05,0.542498354198
0.00404400491746,2.65407354479e-05,0.49746955613
0.00404400491746,2.67715244518e-05,0.455877188618
0.00404400491746,2.70023134557e-05,0.41870749395
0.00404400491746,2.72331024596e-05,0.385202650426
0.00404400491746,2.74638914635e-05,0.35340342707
0.00404400491746,2.76946804674e-05,0.321182152559
0.00404400491746,2.79254694713e-05,0.2873345844
0.00404400491746,2.81562584752e-05,0.252249734921
0.00404400491746,2.83870474791e-05,0.217891776338
0.00404400491746,2.8617836483e-05,0.187176127294
0.00404400491746,2.88486254869e-05,0.163094297824
0.00404400491746,2.90794144908e-05,0.147982164538
0.00404400491746,2.93102034946e-05,0.143137682297
0.00404400491746,2.95409924985e-05,0.148747120312
0.00404400491746,2.97717815024e-05,0.163968682699
0.00404400491746,3.00025705063e-05,0.187089720086
0.00404400491746,3.02333595102e-05,0.215783126972
0.00404400491746,3.04641485141e-05,0.247487568938
0.00404400491746,3.0694937518e-05,0.279810997848
0.00404400491746,3.09257265219e-05,0.310727322974
0.00404400491746,3.11565155258e-05,0.338338490757
0.00404400491746,3.13873045297e-05,0.360167322025
0.00404400491746,3.16180935336e-05,0.372282778891
0.00404400491746,3.18488825375e-05,0.368881917137
0.00404400491746,3.20796715414e-05,0.343017435921
0.00404400491746,3.23104605453e-05,0.288746121999
0.00404400491746,3.25412495492e-05,0.20409896695
0.00404400491746,3.27720385531e-05,0.093371725344
0.00404400491746,3.3002827557e-05,-0.0329478941788
0.00404400491746,3.32336165609e-05,-0.161217487452
0.00404400491746,3.34644055648e-05,-0.279225758139
0.00404400491746,3.36951945687e-05,-0.379355818377
0.00404400491746,3.39259835725e-05,-0.457872656797
0.00404400491746,3.41567725764e-05,-0.510738672235
0.00404400491746,3.43875615803e-05,-0.529614405613
0.00404400491746,3.46183505842e-05,-0.502371866447
0.00404400491746,3.48491395881e-05,-0.419265879248
0.00404400491746,3.5079928592e-05,-0.281068126376
0.00404400491746,3.53107175959e-05,-0.10312390825
0.00404400491746,3.55415065998e-05,0.0882493725165
0.00404400491746,3.57722956037e-05,0.265226264302
0.00404400491746,3.60030846076e-05,0.408106736755
0.00404400491746,3.62338736115e-05,0.509889537147
0.00404400491746,3.64646626154e-05,0.574448290651
0.00404400491746,3.66954516193e-05,0.610921269745
0.00404400491746,3.69262406232e-05,0.628267505058
0.00404400491746,3.71570296271e-05,0.63253943872
0.00404400491746,3.7387818631e-05,0.62701961101
0.00404400491746,3.76186076349e-05,0.613773621205
0.00404400491746,3.78493966388e-05,0.595028948987
0.00404400491746,3.80801856427e-05,0.573600797356
0.00404400491746,3.83109746465e-05,0.552474374775
0.00404400491746,3.85417636504e-05,0.534066607648
0.00404400491746,3.87725526543e-05,0.51961622915
0.00404400491746,3.90033416582e-05,0.508892441836
0.00404400491746,3.92341306621e-05,0.500243593558
0.00404400491746,3.9464919666e-05,0.490983377423
0.00404400491746,3.96957086699e-05,0.478108122768
0.00404400491746,3.99264976738e-05,0.459229065874
0.00404400491746,4.01572866777e-05,0.433417172653
0.00404400491746,4.03880756816e-05,0.401576799776
0.00404400491746,4.06188646855e-05,0.366144182651
0.00404400491746,4.08496536894e-05,0.330279722904
0.00404400491746,4.10804426933e-05,0.297007085472
0.00404400491746,4.13112316972e-05,0.268705853641
0.00404400491746,4.15420207011e-05,0.247035681708
0.00404400491746,4.1772809705e-05,0.233056108554
0.00404400491746,4.20035987089e-05,0.227264445265
0.00404400491746,4.22343877128e-05,0.229492775017
0.00404400491746,4.24651767167e-05,0.23885354288
0.00404400491746,4.26959657206e-05,0.25397898447
0.00404400491746,4.29267547244e-05,0.273610386043
0.00404400491746,4.31575437283e-05,0.29727152289
0.00404400491746,4.33883327322e-05,0.325496406754
0.00404400491746,4.36191217361e-05,0.359072743153
0.00404400491746,4.384991074e-05,0.39715419623
0.00404400491746,4.40806997439e-05,0.434859145393
0.00404400491746,4.43114887478e-05,0.461770881646
0.00404400491746,4.45422777517e-05,0.462959821243
0.00404400491746,4.47730667556e-05,0.423222294844
0.00404400491746,4.50038557595e-05,0.333302921652
0.00404400491746,4.52346447634e-05,0.195042714428
0.00404400491746,4.54654337673e-05,0.0222329680649
0.00404400491746,4.56962227712e-05,-0.163817922223
0.00404400491746,4.59270117751e-05,-0.341559925657
0.00404400491746,4.6157800779e-05,-0.494855377227
0.00404400491746,4.63885897829e-05,-0.613881269271
0.00404400491746,4.66193787868e-05,-0.692013298745
0.00404400491746,4.68501677907e-05,-0.722579882823
0.00404400491746,4.70809567946e-05,-0.699050167835
0.00404400491746,4.73117457984e-05,-0.618800336673
0.00404400491746,4.75425348023e-05,-0.487255853935
0.00404400491746,4.77733238062e-05,-0.318812683908
0.00404400491746,4.80041128101e-05,-0.133511763015
0.00404400491746,4.8234901814e-05,0.048501709621
0.00404400491746,4.84656908179e-05,0.211596807778
0.00404400491746,4.86964798218e-05,0.346462314505
0.00404400491746,4.89272688257e-05,0.449337210911
0.00404400491746,4.91580578296e-05,0.520205538667
0.00404400491746,4.93888468335e-05,0.561364222389
0.00404400491746,4.96196358374e-05,0.576802390464
0.00404400491746,4.98504248413e-05,0.571987001755
0.00404400491746,5.00812138452e-05,0.553462480527
0.00404400491746,5.03120028491e-05,0.52802525764
0.00404400491746,5.0542791853e-05,0.501679231042
0.00404400491746,5.07735808569e-05,0.478760900604
0.00404400491746,5.10043698608e-05,0.461495235932
0.00404400491746,5.12351588647e-05,0.45000008842
0.00404400491746,5.14659478686e-05,0.44262163314
0.00404400491746,5.16967368725e-05,0.436518390822
0.00404400491746,5.19275258763e-05,0.428488675315
0.00404400491746,5.21583148802e-05,0.415985601136
0.00404400491746,5.23891038841e-05,0.398066548138
0.00404400491746,5.2619892888e-05,0.375861898919
0.00404400491746,5.28506818919e-05,0.352241158342
0.00404400491746,5.30814708958e-05,0.3307344856
0.00404400491746,5.33122598997e-05,0.314205751997
0.00404400491746,5.35430489036e-05,0.303947908703
0.00404400491746,5.37738379075e-05,0.299630798603
0.00404400491746,5.40046269114e-05,0.300024603436
0.00404400491746,5.42354159153e-05,0.303989907571
0.00404400491746,5.44662049192e-05,0.311146423637
0.00404400491746,5.46969939231e-05,0.321927724639
0.00404400491746,5.4927782927e-05,0.337167522083
0.00404400491746,5.51585719309e-05,0.357638345827
0.00404400491746,5.53893609348e-05,0.383897236403
0.00404400491746,5.56201499387e-05,0.416430642904
0.00404400491746,5.58509389426e-05,0.455673421448
0.00404400491746,5.60817279465e-05,0.501330733494
0.00404400491746,5.63125169503e-05,0.550794388928
0.00404400491746,5.65433059542e-05,0.597251414672
0.00404400491746,5.67740949581e-05,0.628840195769
0.00404400491746,5.7004883962e-05,0.630199506587
0.00404400491746,5.72356729659e-05,0.586614773881
0.00404400491746,5.74664619698e-05,0.489238874205
0.00404400491746,5.76972509737e-05,0.338846451984
0.00404400491746,5.79280399776e-05,0.146271367353
0.00404400491746,5.81588289815e-05,-0.0702958288276
0.00404400491746,5.83896179854e-05,-0.289242954941
0.00404400491746,5.86204069893e-05,-0.488788967891
0.00404400491746,5.88511959932e-05,-0.649137731778
0.00404400491746,5.90819849971e-05,-0.754444407956
0.00404400491746,5.9312774001e-05,-0.795277180814
0.00404400491746,5.95435630049e-05,-0.770839048784
0.00404400491746,5.97743520088e-05,-0.68930288534
0.00404400491746,6.00051410127e-05,-0.56537502999
0.00404400491746,6.02359300166e-05,-0.416041253718
0.00404400491746,6.04667190205e-05,-0.256675070022
0.00404400491746,6.06975080244e-05,-0.0992446727915
0.00404400491746,6.09282970282e-05,0.0472704878633
0.00404400491746,6.11590860321e-05,0.175564541363
0.00404400491746,6.1389875036e-05,0.279336558502
0.00404400491746,6.16206640399e-05,0.353934949457
0.00404400491746,6.18514530438e-05,0.397805659793
0.00404400491746,6.20822420477e-05,0.413585983867
0.00404400491746,6.23130310516e-05,0.407890807996
0.00404400491746,6.25438200555e-05,0.389653317368
0.00404400491746,6.27746090594e-05,0.367735040828
0.00404400491746,6.30053980633e-05,0.348881528261
0.00404400491746,6.32361870672e-05,0.336798781122
0.00404400491746,6.34669760711e-05,0.332426848477
0.00404400491746,6.3697765075e-05,0.334879361732
0.00404400491746,6.39285540789e-05,0.342363782135
0.00404400491746,6.41593430828e-05,0.352705524958
0.00404400491746,6.43901320867e-05,0.363566148928
0.00404400491746,6.46209210906e-05,0.37270160014
0.00404400491746,6.48517100945e-05,0.378478807299
0.00404400491746,6.50824990984e-05,0.380495674541
0.00404400491746,6.53132881022e-05,0.379871208452
0.00404400491746,6.55440771061e-05,0.378863992395
0.00404400491746,6.577486611e-05,0.379907198349
0.00404400491746,6.60056551139e-05,0.384581893797
0.00404400491746,6.62364441178e-05,0.393128878066
0.00404400491746,6.64672331217e-05,0.404755530581
0.00404400491746,6.66980221256e-05,0.418500209036
0.00404400491746,6.69288111295e-05,0.434128966429
0.00404400491746,6.71596001334e-05,0.452607193742
0.00404400491746,6.73903891373e-05,0.475985862101
0.00404400491746,6.76211781412e-05,0.506821328437
0.00404400491746,6.78519671451e-05,0.547341011046
0.00404400491746,6.8082756149e-05,0.598486455467
0.00404400491746,6.83135451529e-05,0.658876249604
0.00404400491746,6.85443341568e-05,0.723820838012
0.00404400491746,6.87751231607e-05,0.784805456748
0.00404400491746,6.90059121646e-05,0.830067921946
0.00404400491746,6.92367011685e-05,0.846641778312
0.00404400491746,6.94674901724e-05,0.823428302174
0.00404400491746,6.96982791763e-05,0.754040097877
0.00404400491746,6.99290681801e-05,0.638156464011
0.00404400491746,7.0159857184e-05,0.48118255985
0.00404400491746,7.03906461879e-05,0.293226996631
0.00404400491746,7.06214351918e-05,0.0885153701981
0.00404400491746,7.08522241957e-05,-0.114898922102
0.00404400491746,7.10830131996e-05,-0.296546191848
0.00404400491746,7.13138022035e-05,-0.437193793194
0.00404400491746,7.15445912074e-05,-0.523933589918
0.00404400491746,7.17753802113e-05,-0.554082476615
0.00404400491746,7.20061692152e-05,-0.53537724284
0.00404400491746,7.22369582191e-05,-0.482045863364
0.00404400491746,7.2467747223e-05,-0.408807094787
0.00404400491746,7.26985362269e-05,-0.32590705523
0.00404400491746,7.29293252308e-05,-0.23741930266
0.00404400491746,7.31601142347e-05,-0.143050260804
0.00404400491746,7.33909032386e-05,-0.041909120505
0.00404400491746,7.36216922425e-05,0.0640130381058
0.00404400491746,7.38524812464e-05,0.168442731719
0.00404400491746,7.40832702503e-05,0.262075547599
0.00404400491746,7.43140592541e-05,0.335720511367
0.00404400491746,7.4544848258e-05,0.383698188837
0.00404400491746,7.47756372619e-05,0.405794231515
0.00404400491746,7.50064262658e-05,0.406870819063
0.00404400491746,7.52372152697e-05,0.394509016516
0.00404400491746,7.54680042736e-05,0.376075519178
0.00404400491746,7.56987932775e-05,0.356738803369
0.00404400491746,7.59295822814e-05,0.339145812804
0.00404400491746,7.61603712853e-05,0.32434695661
0.00404400491746,7.63911602892e-05,0.312951057105
0.00404400491746,7.66219492931e-05,0.305724712338
0.00404400491746,7.6852738297e-05,0.303534580603
0.00404400491746,7.70835273009e-05,0.30702657019
0.00404400491746,7.73143163048e-05,0.316440724635
0.00404400491746,7.75451053087e-05,0.331656202292
0.00404400491746,7.77758943126e-05,0.352305444873
0.00404400491746,7.80066833165e-05,0.377781295545
0.00404400491746,7.82374723204e-05,0.40712549327
0.00404400491746,7.84682613243e-05,0.438954085775
0.00404400491746,7.86990503282e-05,0.47160773673
0.00404400491746,7.8929839332e-05,0.503589196423
0.00404400491746,7.91606283359e-05,0.534148362864
0.00404400491746,7.93914173398e-05,0.563728413342
0.00404400491746,7.96222063437e-05,0.593992850697
0.00404400491746,7.98529953476e-05,0.627309215006
0.00404400491746,8.00837843515e-05,0.665767212494
0.00404400491746,8.03145733554e-05,0.709952719868
0.00404400491746,8.05453623593e-05,0.757791062317
0.00404400491746,8.07761513632e-05,0.803901175298
0.00404400491746,8.10069403671e-05,0.840030649412
0.00404400491746,8.1237729371e-05,0.856974461122
0.00404400491746,8.14685183749e-05,0.847627277631
0.00404400491746,8.16993073788e-05,0.809748658602
0.00404400491746,8.19300963827e-05,0.74658599842
0.00404400491746,8.21608853866e-05,0.664530640403
0.00404400491746,8.23916743905e-05,0.569080285822
0.00404400491746,8.26224633944e-05,0.461897912423
0.00404400491746,8.28532523983e-05,0.341227130476
0.00404400491746,8.30840414022e-05,0.20555776676
0.00404400491746,8.3314830406e-05,0.0580462864775
0.00404400491746,8.35456194099e-05,-0.0913986880209
0.00404400491746,8.37764084138e-05,-0.227919046169
0.00404400491746,8.40071974177e-05,-0.336498787076
0.00404400491746,8.42379864216e-05,-0.407122960554
0.00404400491746,8.44687754255e-05,-0.437616754896
0.00404400491746,8.46995644294e-05,-0.432893430275
0.00404400491746,8.49303534333e-05,-0.401309883779
0.00404400491746,8.51611424372e-05,-0.350285597783
0.00404400491746,8.53919314411e-05,-0.28357946599
0.00404400491746,8.5622720445e-05,-0.201563890039
0.00404400491746,8.58535094489e-05,-0.104062170445
0.00404400491746,8.60842984528e-05,0.00619168964167
0.00404400491746,8.63150874567e-05,0.121751704022
0.00404400491746,8.65458764606e-05,0.231522694337
0.00404400491746,8.67766654645e-05,0.324071747661
0.00404400491746,8.70074544684e-05,0.39122975042
0.00404400491746,8.72382434723e-05,0.430057122243
0.00404400491746,8.74690324762e-05,0.442511888172
0.00404400491746,8.76998214801e-05,0.433601135634
0.00404400491746,8.79306104839e-05,0.40938201592
0.00404400491746,8.81613994878e-05,0.375723543609
0.00404400491746,8.83921884917e-05,0.337892274756
0.00404400491746,8.86229774956e-05,0.300522154867
0.00404400491746,8.88537664995e-05,0.267580843803
0.00404400491746,8.90845555034e-05,0.242254623194
0.00404400491746,8.93153445073e-05,0.226873257337
0.00404400491746,8.95461335112e-05,0.222962719434
0.00404400491746,8.97769225151e-05,0.231359356583
0.00404400491746,9.0007711519e-05,0.252215389907
0.00404400491746,9.02385005229e-05,0.284776070571
0.00404400491746,9.04692895268e-05,0.327009352107
0.00404400491746,9.07000785307e-05,0.375407578657
0.00404400491746,9.09308675346e-05,0.425369351741
0.00404400491746,9.11616565385e-05,0.472349001285
0.00404400491746,9.13924455424e-05,0.513460175644
0.00404400491746,9.16232345463e-05,0.548737191023
0.00404400491746,9.18540235502e-05,0.581207757545
0.00404400491746,9.20848125541e-05,0.615493416082
0.00404400491746,9.23156015579e-05,0.655520668013
0.00404400491746,9.25463905618e-05,0.702464979665
0.00404400491746,9.27771795657e-05,0.753847318754
0.00404400491746,9.30079685696e-05,0.80397342003
0.00404400491746,9.32387575735e-05,0.845294502462
0.00404400491746,9.34695465774e-05,0.870183056506
0.00404400491746,9.37003355813e-05,0.872826348301
0.00404400491746,9.39311245852e-05,0.850925392399
0.00404400491746,9.41619135891e-05,0.806555685156
0.00404400491746,9.4392702593e-05,0.745420519686
0.00404400491746,9.46234915969e-05,0.674338003569
0.00404400491746,9.48542806008e-05,0.597967682177
0.00404400491746,9.50850696047e-05,0.516615424974
0.00404400491746,9.53158586086e-05,0.426629454174
0.00404400491746,9.55466476125e-05,0.323430509808
0.00404400491746,9.57774366164e-05,0.205540050835
0.00404400491746,9.60082256203e-05,0.0772578017456
0.00404400491746,9.62390146242e-05,-0.0515732599918
0.00404400491746,9.64698036281e-05,-0.168510040463
0.00404400491746,9.6700592632e-05,-0.26241118298
0.00404400491746,9.69313816358e-05,-0.326228376481
0.00404400491746,9.71621706397e-05,-0.357612446957
0.00404400491746,9.73929596436e-05,-0.357739467932
0.00404400491746,9.76237486475e-05,-0.329666399524
0.00404400491746,9.78545376514e-05,-0.277357110553
0.00404400491746,9.80853266553e-05,-0.205621128584
0.00404400491746,9.83161156592e-05,-0.120376780446
0.00404400491746,9.85469046631e-05,-0.0284846021272
0.00404400491746,9.8777693667e-05,0.0631053426295
0.00404400491746,9.90084826709e-05,0.148486338115
0.00404400491746,9.92392716748e-05,0.223525421158
0.00404400491746,9.94700606787e-05,0.285796387118
0.00404400491746,9.97008496826e-05,0.333895068956
0.00404400491746,9.99316386865e-05,0.366721336237
0.00404400491746,0.00010016242769,0.38328087668
0.00404400491746,0.000100393216694,0.383164772805
0.00404400491746,0.000100624005698,0.367389055889
0.00404400491746,0.000100854794702,0.339003590008
0.00404400491746,0.000101085583706,0.30297010085
0.00404400491746,0.00010131637271,0.265241266315
0.00404400491746,0.000101547161714,0.231505721808
0.00404400491746,0.000101777950718,0.206313330223
0.00404400491746,0.000102008739722,0.1930027235
0.00404400491746,0.000102239528725,0.194175229379
0.00404400491746,0.000102470317729,0.211941313795
0.00404400491746,0.000102701106733,0.247313058976
0.00404400491746,0.000102931895737,0.298910590941
0.00404400491746,0.000103162684741,0.361983151279
0.00404400491746,0.000103393473745,0.428879798798
0.00404400491746,0.000103624262749,0.491294686402
0.00404400491746,0.000103855051753,0.543360469773
0.00404400491746,0.000104085840757,0.583887425577
0.00404400491746,0.00010431662976,0.616383494407
0.00404400491746,0.000104547418764,0.646781568583
0.00404400491746,0.000104778207768,0.68016702708
0.00404400491746,0.000105008996772,0.718298081349
0.00404400491746,0.000105239785776,0.759055384265
0.00404400491746,0.00010547057478,0.79770470015
0.00404400491746,0.000105701363784,0.828923023785
0.00404400491746,0.000105932152788,0.848457595273
0.00404400491746,0.000106162941792,0.85386629993
0.00404400491746,0.000106393730796,0.844418652038
0.00404400491746,0.000106624519799,0.820500648113
0.00404400491746,0.000106855308803,0.782834538939
0.00404400491746,0.000107086097807,0.73180084421
0.00404400491746,0.000107316886811,0.667218607382
0.00404400491746,0.000107547675815,0.588862008321
0.00404400491746,0.000107778464819,0.497576993015
0.00404400491746,0.000108009253823,0.39633798597
0.00404400491746,0.000108240042827,0.290454248712
0.00404400491746,0.000108470831831,0.186631428797
0.00404400491746,0.000108701620834,0.0913659856352
0.00404400491746,0.000108932409838,0.00956692760561
0.00404400491746,0.000109163198842,-0.0559526321848
0.00404400491746,0.000109393987846,-0.104124968584
0.00404400491746,0.00010962477685,-0.134936199204
0.00404400491746,0.000109855565854,-0.148941100259
0.00404400491746,0.000110086354858,-0.147180883723
0.00404400491746,0.000110317143862,-0.131311608397
0.00404400491746,0.000110547932866,-0.103594763178
0.00404400491746,0.00011077872187,-0.0665190783699
0.00404400491746,0.000111009510873,-0.0220853279713
0.00404400491746,0.000111240299877,0.028955503226
0.00404400491746,0.000111471088881,0.0874521902573
0.00404400491746,0.000111701877885,0.155312236572
0.00404400491746,0.000111932666889,0.233819852642
0.00404400491746,0.000112163455893,0.321149584061
0.00404400491746,0.000112394244897,0.410238778956
0.00404400491746,0.000112625033901,0.488692421817
0.00404400491746,0.000112855822905,0.541825399755
0.00404400491746,0.000113086611908,0.558122754245
0.00404400491746,0.000113317400912,0.534379839254
0.00404400491746,0.000113548189916,0.477357693614
0.00404400491746,0.00011377897892,0.400795476967
0.00404400491746,0.000114009767924,0.319751729409
0.00404400491746,0.000114240556928,0.245923868059
0.00404400491746,0.000114471345932,0.186395529036
0.00404400491746,0.000114702134936,0.145344051664
0.00404400491746,0.00011493292394,0.126195656686
0.00404400491746,0.000115163712944,0.132072871845
0.00404400491746,0.000115394501947,0.16439149689
0.00404400491746,0.000115625290951,0.221163942753
0.00404400491746,0.000115856079955,0.296666510005
0.00404400491746,0.000116086868959,0.382896978041
0.00404400491746,0.000116317657963,0.471892937859
0.00404400491746,0.000116548446967,0.557503721847
0.00404400491746,0.000116779235971,0.635767337877
0.00404400491746,0.000117010024975,0.704075118597
0.00404400491746,0.000117240813979,0.760056285348
0.00404400491746,0.000117471602982,0.801131672996
0.00404400491746,0.000117702391986,0.825047635161
0.00404400491746,0.00011793318099,0.830910381168
0.00483280590095,0,1
0.00483280590095,2.30789003895e-07,0.999988089174
0.00483280590095,4.6157800779e-07,0.999971047314
0.00483280590095,6.92367011685e-07,0.999936218138
0.00483280590095,9.23156015579e-07,0.99986414818
0.00483280590095,1.15394501947e-06,0.999730861902
0.00483280590095,1.38473402337e-06,0.999510697184
0.00483280590095,1.61552302726e-06,0.999179397576
0.00483280590095,1.84631203116e-06,0.998717131674
0.00483280590095,2.07710103505e-06,0.998111120823
0.00483280590095,2.30789003895e-06,0.997357603328
0.00483280590095,2.53867904284e-06,0.996462940897
0.00483280590095,2.76946804674e-06,0.995443771395
0.00483280590095,3.00025705063e-06,0.994326218661
0.00483280590095,3.23104605453e-06,0.993144271179
0.00483280590095,3.46183505842e-06,0.991937524144
0.00483280590095,3.69262406232e-06,0.990748534065
0.00483280590095,3.92341306621e-06,0.989620056402
0.00483280590095,4.15420207011e-06,0.988592424681
0.00483280590095,4.384991074e-06,0.987701288724
0.00483280590095,4.6157800779e-06,0.986975868303
0.00483280590095,4.84656908179e-06,0.986437806816
0.00483280590095,5.07735808569e-06,0.986100637625
0.00483280590095,5.30814708958e-06,0.985969812449
0.00483280590095,5.53893609348e-06,0.986043193116
0.00483280590095,5.76972509737e-06,0.986311878858
0.00483280590095,6.00051410127e-06,0.986761232069
0.00483280590095,6.23130310516e-06,0.987371974807
0.00483280590095,6.46209210906e-06,0.988121252744
0.00483280590095,6.69288111295e-06,0.988983598211
0.00483280590095,6.92367011685e-06,0.989931763419
0.00483280590095,7.15445912074e-06,0.990937433012
0.00483280590095,7.38524812464e-06,0.99197185564
0.00483280590095,7.61603712853e-06,0.993006452497
0.00483280590095,7.84682613243e-06,0.99401346344
0.00483280590095,8.07761513632e-06,0.994966677792
0.00483280590095,8.30840414022e-06,0.995842269162
0.00483280590095,8.53919314411e-06,0.996619716444
0.00483280590095,8.76998214801e-06,0.997282753225
0.00483280590095,9.0007711519e-06,0.997820252959
0.00483280590095,9.23156015579e-06,0.998226934508
0.00483280590095,9.46234915969e-06,0.99850376762
0.00483280590095,9.69313816358e-06,0.998657973097
0.00483280590095,9.92392716748e-06,0.998702547168
0.00483280590095,1.01547161714e-05,0.998655289952
0.00483280590095,1.03855051753e-05,0.998537377286
0.00483280590095,1.06162941792e-05,0.998371575475
0.00483280590095,1.08470831831e-05,0.998180251168
0.00483280590095,1.1077872187e-05,0.997983365796
0.00483280590095,1.13086611908e-05,0.997796660173
0.00483280590095,1.15394501947e-05,0.99763022651
0.00483280590095,1.17702391986e-05,0.997487632281
0.00483280590095,1.20010282025e-05,0.997365706003
0.00483280590095,1.22318172064e-05,0.997255024911
0.00483280590095,1.24626062103e-05,0.997141066884
0.00483280590095,1.26933952142e-05,0.997005913258
0.00483280590095,1.29241842181e-05,0.996830324896
0.00483280590095,1.3154973222e-05,0.996595969633
0.00483280590095,1.33857622259e-05,0.996287561073
0.00483280590095,1.36165512298e-05,0.995894679403
0.00483280590095,1.38473402337e-05,0.995413083517
0.00483280590095,1.40781292376e-05,0.994845385159
0.00483280590095,1.43089182415e-05,0.994201032198
0.00483280590095,1.45397072454e-05,0.993495629213
0.00483280590095,1.47704962493e-05,0.99274969881
0.00483280590095,1.50012852532e-05,0.991987046772
0.00483280590095,1.52320742571e-05,0.991232931035
0.00483280590095,1.5462863261e-05,0.990512244648
0.00483280590095,1.56936522649e-05,0.989847906119
0.00483280590095,1.59244412687e-05,0.989259610319
0.00483280590095,1.61552302726e-05,0.988763035833
0.00483280590095,1.63860192765e-05,0.98836953864
0.00483280590095,1.66168082804e-05,0.98808629636
0.00483280590095,1.68475972843e-05,0.987916810648
0.00483280590095,1.70783862882e-05,0.987861634624
0.00483280590095,1.73091752921e-05,0.987919172255
0.00483280590095,1.7539964296e-05,0.988086399261
0.00483280590095,1.77707532999e-05,0.988359379404
0.00483280590095,1.80015423038e-05,0.988733492244
0.00483280590095,1.82323313077e-05,0.989203342821
0.00483280590095,1.84631203116e-05,0.989762382615
0.00483280590095,1.86939093155e-05,0.990402326506
0.00483280590095,1.89246983194e-05,0.991112494272
0.00483280590095,1.91554873233e-05,0.991879230589
0.00483280590095,1.93862763272e-05,0.992685560003
0.00483280590095,1.96170653311e-05,0.993511211104
0.00483280590095,1.9847854335e-05,0.994333098959
0.00483280590095,2.00786433389e-05,0.995126291884
0.00483280590095,2.03094323427e-05,0.99586541609
0.00483280590095,2.05402213466e-05,0.996526379913
0.00483280590095,2.07710103505e-05,0.997088239014
0.00483280590095,2.10017993544e-05,0.997534984986
0.00483280590095,2.12325883583e-05,0.997857029259
0.00483280590095,2.14633773622e-05,0.998052175168
0.00483280590095,2.16941663661e-05,0.998125922039
0.00483280590095,2.192495537e-05,0.99809101993
0.00483280590095,2.21557443739e-05,0.997966282591
0.00483280590095,2.23865333778e-05,0.99777475728
0.00483280590095,2.26173223817e-05,0.997541431049
0.00483280590095,2.28481113856e-05,0.997290713445
0.00483280590095,2.30789003895e-05,0.997043967292
0.00483280590095,2.33096893934e-05,0.996817358823
0.00483280590095,2.35404783973e-05,0.996620266036
0.00483280590095,2.37712674012e-05,0.996454424053
0.00483280590095,2.40020564051e-05,0.996313905774
0.00483280590095,2.4232845409e-05,0.996185944482
0.00483280590095,2.44636344129e-05,0.996052512813
0.00483280590095,2.46944234168e-05,0.995892489801
0.00483280590095,2.49252124206e-05,0.995684183923
0.00483280590095,2.51560014245e-05,0.995407942328
0.00483280590095,2.53867904284e-05,0.995048569145
0.00483280590095,2.56175794323e-05,0.994597299888
0.00483280590095,2.58483684362e-05,0.994053131536
0.00483280590095,2.60791574401e-05,0.993423382605
0.00483280590095,2.6309946444e-05,0.992723444784
0.00483280590095,2.65407354479e-05,0.99197577665
0.00483280590095,2.67715244518e-05,0.991208269111
0.00483280590095,2.70023134557e-05,0.990452172086
0.00483280590095,2.72331024596e-05,0.989739805782
0.00483280590095,2.74638914635e-05,0.989102285096
0.00483280590095,2.76946804674e-05,0.988567463857
0.00483280590095,2.79254694713e-05,0.988158261859
0.00483280590095,2.81562584752e-05,0.987891479883
0.00483280590095,2.83870474791e-05,0.987777144888
0.00483280590095,2.8617836483e-05,0.987818367966
0.00483280590095,2.88486254869e-05,0.988011648512
0.00483280590095,2.90794144908e-05,0.988347524281
0.00483280590095,2.93102034946e-05,0.988811450909
0.00483280590095,2.95409924985e-05,0.98938479607
0.00483280590095,2.97717815024e-05,0.99004585032
0.00483280590095,3.00025705063e-05,0.990770784949
0.00483280590095,3.02333595102e-05,0.991534521441
0.00483280590095,3.04641485141e-05,0.992311511455
0.00483280590095,3.0694937518e-05,0.993076454563
0.00483280590095,3.09257265219e-05,0.993804998203
0.00483280590095,3.11565155258e-05,0.994474466837
0.00483280590095,3.13873045297e-05,0.995064654167
0.00483280590095,3.16180935336e-05,0.99555868523
0.00483280590095,3.18488825375e-05,0.995943919039
0.00483280590095,3.20796715414e-05,0.996212823897
0.00483280590095,3.23104605453e-05,0.996363724746
0.00483280590095,3.25412495492e-05,0.996401302292
0.00483280590095,3.27720385531e-05,0.996336722811
0.00483280590095,3.3002827557e-05,0.996187298082
0.00483280590095,3.32336165609e-05,0.995975615606
0.00483280590095,3.34644055648e-05,0.995728135636
0.00483280590095,3.36951945687e-05,0.995473316316
0.00483280590095,3.39259835725e-05,0.995239392566
0.00483280590095,3.41567725764e-05,0.995051989541
0.00483280590095,3.43875615803e-05,0.994931789653
0.00483280590095,3.46183505842e-05,0.994892487663
0.00483280590095,3.48491395881e-05,0.994939257986
0.00483280590095,3.5079928592e-05,0.99506792194
0.00483280590095,3.53107175959e-05,0.99526494269
0.00483280590095,3.55415065998e-05,0.995508297396
0.00483280590095,3.57722956037e-05,0.995769187158
0.00483280590095,3.60030846076e-05,0.996014455176
0.00483280590095,3.62338736115e-05,0.996209502458
0.00483280590095,3.64646626154e-05,0.996321428663
0.00483280590095,3.66954516193e-05,0.996322091872
0.00483280590095,3.69262406232e-05,0.996190781039
0.00483280590095,3.71570296271e-05,0.995916230161
0.00483280590095,3.7387818631e-05,0.995497770735
0.00483280590095,3.76186076349e-05,0.994945511081
0.00483280590095,3.78493966388e-05,0.994279536293
0.00483280590095,3.80801856427e-05,0.993528227545
0.00483280590095,3.83109746465e-05,0.992725890996
0.00483280590095,3.85417636504e-05,0.991909953533
0.00483280590095,3.87725526543e-05,0.991118017555
0.00483280590095,3.90033416582e-05,0.990385067253
0.00483280590095,3.92341306621e-05,0.989741086198
0.00483280590095,3.9464919666e-05,0.989209286379
0.00483280590095,3.96957086699e-05,0.988805070904
0.00483280590095,3.99264976738e-05,0.988535766458
0.00483280590095,4.01572866777e-05,0.988401077539
0.00483280590095,4.03880756816e-05,0.988394141728
0.00483280590095,4.06188646855e-05,0.988503010996
0.00483280590095,4.08496536894e-05,0.988712353508
0.00483280590095,4.10804426933e-05,0.989005165527
0.00483280590095,4.13112316972e-05,0.989364303544
0.00483280590095,4.15420207011e-05,0.989773689022
0.00483280590095,4.1772809705e-05,0.990219096295
0.00483280590095,4.20035987089e-05,0.990688500159
0.00483280590095,4.22343877128e-05,0.991172024457
0.00483280590095,4.24651767167e-05,0.991661587354
0.00483280590095,4.26959657206e-05,0.99215037552
0.00483280590095,4.29267547244e-05,0.992632292802
0.00483280590095,4.31575437283e-05,0.99310151793
0.00483280590095,4.33883327322e-05,0.993552272542
0.00483280590095,4.36191217361e-05,0.993978851326
0.00483280590095,4.384991074e-05,0.99437590891
0.00483280590095,4.40806997439e-05,0.994738942917
0.00483280590095,4.43114887478e-05,0.995064868571
0.00483280590095,4.45422777517e-05,0.995352554676
0.00483280590095,4.47730667556e-05,0.995603187879
0.00483280590095,4.50038557595e-05,0.995820352447
0.00483280590095,4.52346447634e-05,0.996009753222
0.00483280590095,4.54654337673e-05,0.996178563984
0.00483280590095,4.56962227712e-05,0.996334443979
0.00483280590095,4.59270117751e-05,0.996484322959
0.00483280590095,4.6157800779e-05,0.996633101231
0.00483280590095,4.63885897829e-05,0.996782438849
0.00483280590095,4.66193787868e-05,0.996929812757
0.00483280590095,4.68501677907e-05,0.997068000656
0.00483280590095,4.70809567946e-05,0.997185107376
0.00483280590095,4.73117457984e-05,0.997265188193
0.00483280590095,4.75425348023e-05,0.997289451222
0.00483280590095,4.77733238062e-05,0.997237946772
0.00483280590095,4.80041128101e-05,0.997091585101
0.00483280590095,4.8234901814e-05,0.996834274457
0.00483280590095,4.84656908179e-05,0.996454945857
0.00483280590095,4.86964798218e-05,0.995949233917
0.00483280590095,4.89272688257e-05,0.995320614638
0.00483280590095,4.91580578296e-05,0.994580857992
0.00483280590095,4.93888468335e-05,0.993749728265
0.00483280590095,4.96196358374e-05,0.992853948988
0.00483280590095,4.98504248413e-05,0.991925530938
0.00483280590095,5.00812138452e-05,0.990999630817
0.00483280590095,5.03120028491e-05,0.990112156213
0.00483280590095,5.0542791853e-05,0.989297353841
0.00483280590095,5.07735808569e-05,0.988585611086
0.00483280590095,5.10043698608e-05,0.988001667547
0.00483280590095,5.12351588647e-05,0.987563379008
0.00483280590095,5.14659478686e-05,0.987281108545
0.00483280590095,5.16967368725e-05,0.987157747496
0.00483280590095,5.19275258763e-05,0.987189301321
0.00483280590095,5.21583148802e-05,0.987365920145
0.00483280590095,5.23891038841e-05,0.987673216599
0.00483280590095,5.2619892888e-05,0.988093698261
0.00483280590095,5.28506818919e-05,0.988608149072
0.00483280590095,5.30814708958e-05,0.989196821761
0.00483280590095,5.33122598997e-05,0.989840347093
0.00483280590095,5.35430489036e-05,0.990520319121
0.00483280590095,5.37738379075e-05,0.99121957089
0.00483280590095,5.40046269114e-05,0.991922204115
0.00483280590095,5.42354159153e-05,0.992613471795
0.00483280590095,5.44662049192e-05,0.993279629267
0.00483280590095,5.46969939231e-05,0.993907864032
0.00483280590095,5.4927782927e-05,0.994486388756
0.00483280590095,5.51585719309e-05,0.995004739394
0.00483280590095,5.53893609348e-05,0.995454268559
0.00483280590095,5.56201499387e-05,0.995828772121
0.00483280590095,5.58509389426e-05,0.996125143727
0.00483280590095,5.60817279465e-05,0.996343925565
0.00483280590095,5.63125169503e-05,0.996489619414
0.00483280590095,5.65433059542e-05,0.996570641528
0.00483280590095,5.67740949581e-05,0.996598846055
0.00483280590095,5.7004883962e-05,0.996588598802
0.00483280590095,5.72356729659e-05,0.996555448267
0.00483280590095,5.74664619698e-05,0.996514504542
0.00483280590095,5.76972509737e-05,0.996478689966
0.00483280590095,5.79280399776e-05,0.996457060413
0.00483280590095,5.81588289815e-05,0.996453407344
0.00483280590095,5.83896179854e-05,0.996465335681
0.00483280590095,5.86204069893e-05,0.996483971623
0.00483280590095,5.88511959932e-05,0.996494391416
0.00483280590095,5.90819849971e-05,0.996476783317
0.00483280590095,5.9312774001e-05,0.9964082693
0.00483280590095,5.95435630049e-05,0.996265230746
0.00483280590095,5.97743520088e-05,0.996025913834
0.00483280590095,6.00051410127e-05,0.995673045219
0.00483280590095,6.02359300166e-05,0.995196173739
0.00483280590095,6.04667190205e-05,0.994593472788
0.00483280590095,6.06975080244e-05,0.993872789469
0.00483280590095,6.09282970282e-05,0.993051805151
0.00483280590095,6.11590860321e-05,0.992157267945
0.00483280590095,6.1389875036e-05,0.991223358899
0.00483280590095,6.16206640399e-05,0.990289347459
0.00483280590095,6.18514530438e-05,0.989396766421
0.00483280590095,6.20822420477e-05,0.988586383371
0.00483280590095,6.23130310516e-05,0.987895259915
0.00483280590095,6.25438200555e-05,0.987354171447
0.00483280590095,6.27746090594e-05,0.986985612774
0.00483280590095,6.30053980633e-05,0.986802545502
0.00483280590095,6.32361870672e-05,0.986807960949
0.00483280590095,6.34669760711e-05,0.986995247041
0.00483280590095,6.3697765075e-05,0.987349268739
0.00483280590095,6.39285540789e-05,0.98784800706
0.00483280590095,6.41593430828e-05,0.988464557756
0.00483280590095,6.43901320867e-05,0.989169271169
0.00483280590095,6.46209210906e-05,0.989931820567
0.00483280590095,6.48517100945e-05,0.990723015815
0.00483280590095,6.50824990984e-05,0.991516228073
0.00483280590095,6.53132881022e-05,0.992288352461
0.00483280590095,6.55440771061e-05,0.993020300914
0.00483280590095,6.577486611e-05,0.993697077552
0.00483280590095,6.60056551139e-05,0.994307535643
0.00483280590095,6.62364441178e-05,0.994843942114
0.00483280590095,6.64672331217e-05,0.995301479669
0.00483280590095,6.66980221256e-05,0.995677798332
0.00483280590095,6.69288111295e-05,0.995972692158
0.00483280590095,6.71596001334e-05,0.99618793005
0.00483280590095,6.73903891373e-05,0.996327221089
0.00483280590095,6.76211781412e-05,0.996396253278
0.00483280590095,6.78519671451e-05,0.996402717571
0.00483280590095,6.8082756149e-05,0.996356220984
0.00483280590095,6.83135451529e-05,0.996268004828
0.00483280590095,6.85443341568e-05,0.996150414428
0.00483280590095,6.87751231607e-05,0.996016110201
0.00483280590095,6.90059121646e-05,0.995877059713
0.00483280590095,6.92367011685e-05,0.995743398543
0.00483280590095,6.94674901724e-05,0.995622286876
0.00483280590095,6.96982791763e-05,0.995516912323
0.00483280590095,6.99290681801e-05,0.995425792988
0.00483280590095,7.0159857184e-05,0.99534251625
0.00483280590095,7.03906461879e-05,0.995256008902
0.00483280590095,7.06214351918e-05,0.995151376906
0.00483280590095,7.08522241957e-05,0.995011284407
0.00483280590095,7.10830131996e-05,0.994817770303
0.00483280590095,7.13138022035e-05,0.994554336195
0.00483280590095,7.15445912074e-05,0.994208091158
0.00483280590095,7.17753802113e-05,0.993771714543
0.00483280590095,7.20061692152e-05,0.993245002503
0.00483280590095,7.22369582191e-05,0.99263579841
0.00483280590095,7.2467747223e-05,0.99196016835
0.00483280590095,7.26985362269e-05,0.991241763372
0.00483280590095,7.29293252308e-05,0.990510400186
0.00483280590095,7.31601142347e-05,0.989799979934
0.00483280590095,7.33909032386e-05,0.989145939643
0.00483280590095,7.36216922425e-05,0.98858248364
0.00483280590095,7.38524812464e-05,0.988139866599
0.00483280590095,7.40832702503e-05,0.987841993625
0.00483280590095,7.43140592541e-05,0.987704567387
0.00483280590095,7.4544848258e-05,0.987733952508
0.00483280590095,7.47756372619e-05,0.987926850687
0.00483280590095,7.50064262658e-05,0.988270795085
0.00483280590095,7.52372152697e-05,0.98874538895
0.00483280590095,7.54680042736e-05,0.989324140173
0.00483280590095,7.56987932775e-05,0.989976688324
0.00483280590095,7.59295822814e-05,0.990671189524
0.00483280590095,7.61603712853e-05,0.991376620322
0.00483280590095,7.63911602892e-05,0.992064784871
0.00483280590095,7.66219492931e-05,0.992711856796
0.00483280590095,7.6852738297e-05,0.993299352122
0.00483280590095,7.70835273009e-05,0.99381450378
0.00483280590095,7.73143163048e-05,0.99425008152
0.00483280590095,7.75451053087e-05,0.99460376357
0.00483280590095,7.77758943126e-05,0.994877209757
0.00483280590095,7.80066833165e-05,0.99507500463
0.00483280590095,7.82374723204e-05,0.995203631901
0.00483280590095,7.84682613243e-05,0.995270610797
0.00483280590095,7.86990503282e-05,0.995283877012
0.00483280590095,7.8929839332e-05,0.995251434408
0.00483280590095,7.91606283359e-05,0.995181248326
0.00483280590095,7.93914173398e-05,0.995081306127
0.00483280590095,7.96222063437e-05,0.994959742326
0.00483280590095,7.98529953476e-05,0.994824918273
0.00483280590095,8.00837843515e-05,0.994685359996
0.00483280590095,8.03145733554e-05,0.994549489733
0.00483280590095,8.05453623593e-05,0.99442513132
0.00483280590095,8.07761513632e-05,0.994318819691
0.00483280590095,8.10069403671e-05,0.994234992583
0.00483280590095,8.1237729371e-05,0.994175180495
0.00483280590095,8.14685183749e-05,0.994137332966
0.00483280590095,8.16993073788e-05,0.994115421046
0.00483280590095,8.19300963827e-05,0.994099435804
0.00483280590095,8.21608853866e-05,0.994075862163
0.00483280590095,8.23916743905e-05,0.994028650432
0.00483280590095,8.26224633944e-05,0.993940641459
0.00483280590095,8.28532523983e-05,0.993795334136
0.00483280590095,8.30840414022e-05,0.993578825494
0.00483280590095,8.3314830406e-05,0.993281713024
0.00483280590095,8.35456194099e-05,0.992900733053
0.00483280590095,8.37764084138e-05,0.992439921947
0.00483280590095,8.40071974177e-05,0.991911128472
0.00483280590095,8.42379864216e-05,0.991333771451
0.00483280590095,8.44687754255e-05,0.990733819157
0.00483280590095,8.46995644294e-05,0.990142055129
0.00483280590095,8.49303534333e-05,0.989591778146
0.00483280590095,8.51611424372e-05,0.989116151289
0.00483280590095,8.53919314411e-05,0.988745458089
0.00483280590095,8.5622720445e-05,0.988504537574
0.00483280590095,8.58535094489e-05,0.988410653316
0.00483280590095,8.60842984528e-05,0.988472006626
0.00483280590095,8.63150874567e-05,0.988687036494
0.00483280590095,8.65458764606e-05,0.989044566556
0.00483280590095,8.67766654645e-05,0.989524771679
0.00483280590095,8.70074544684e-05,0.990100853345
0.00483280590095,8.72382434723e-05,0.99074124305
0.00483280590095,8.74690324762e-05,0.991412104081
0.00483280590095,8.76998214801e-05,0.992079879606
0.00483280590095,8.79306104839e-05,0.992713641386
0.00483280590095,8.81613994878e-05,0.993287027567
0.00483280590095,8.83921884917e-05,0.993779615438
0.00483280590095,8.86229774956e-05,0.994177648143
0.00483280590095,8.88537664995e-05,0.994474113422
0.00483280590095,8.90845555034e-05,0.994668246914
0.00483280590095,8.93153445073e-05,0.994764592485
0.00483280590095,8.95461335112e-05,0.99477178991
0.00483280590095,8.97769225151e-05,0.994701271768
0.00483280590095,9.0007711519e-05,0.994566036682
0.00483280590095,9.02385005229e-05,0.994379628852
0.00483280590095,9.04692895268e-05,0.994155401535
0.00483280590095,9.07000785307e-05,0.993906083691
0.00483280590095,9.09308675346e-05,0.993643613965
0.00483280590095,9.11616565385e-05,0.993379162877
0.00483280590095,9.13924455424e-05,0.993123238364
0.00483280590095,9.16232345463e-05,0.992885764766
0.00483280590095,9.18540235502e-05,0.992676040498
0.00483280590095,9.20848125541e-05,0.992502511924
0.00483280590095,9.23156015579e-05,0.992372344743
0.00483280590095,9.25463905618e-05,0.992290822633
0.00483280590095,9.27771795657e-05,0.992260648495
0.00483280590095,9.30079685696e-05,0.992281259264
0.00483280590095,9.32387575735e-05,0.992348284976
0.00483280590095,9.34695465774e-05,0.99245328267
0.00483280590095,9.37003355813e-05,0.99258385422
0.00483280590095,9.39311245852e-05,0.992724215984
0.00483280590095,9.41619135891e-05,0.992856231518
0.00483280590095,9.4392702593e-05,0.992960853853
0.00483280590095,9.46234915969e-05,0.993019859771
0.00483280590095,9.48542806008e-05,0.993017704804
0.00483280590095,9.50850696047e-05,0.992943293051
0.00483280590095,9.53158586086e-05,0.992791446768
0.00483280590095,9.55466476125e-05,0.992563880086
0.00483280590095,9.57774366164e-05,0.992269527911
0.00483280590095,9.60082256203e-05,0.991924149916
0.00483280590095,9.62390146242e-05,0.991549211885
0.00483280590095,9.64698036281e-05,0.991170131824
0.00483280590095,9.6700592632e-05,0.990814055155
0.00483280590095,9.69313816358e-05,0.99050738194
0.00483280590095,9.71621706397e-05,0.99027330201
0.00483280590095,9.73929596436e-05,0.990129597146
0.00483280590095,9.76237486475e-05,0.990086942828
0.00483280590095,9.78545376514e-05,0.990147888885
0.00483280590095,9.80853266553e-05,0.990306625109
0.00483280590095,9.83161156592e-05,0.990549553006
0.00483280590095,9.85469046631e-05,0.990856598113
0.00483280590095,9.8777693667e-05,0.991203118498
0.00483280590095,9.90084826709e-05,0.991562203139
0.00483280590095,9.92392716748e-05,0.991907115833
0.00483280590095,9.94700606787e-05,0.992213630611
0.00483280590095,9.97008496826e-05,0.992462024251
0.00483280590095,9.99316386865e-05,0.992638537968
0.00483280590095,0.00010016242769,0.992736187653
0.00483280590095,0.000100393216694,0.992754881359
0.00483280590095,0.000100624005698,0.992700883679
0.00483280590095,0.000100854794702,0.992585738447
0.00483280590095,0.000101085583706,0.992424814755
0.00483280590095,0.00010131637271,0.992235670009
0.00483280590095,0.000101547161714,0.992036425199
0.00483280590095,0.000101777950718,0.991844323169
0.00483280590095,0.000102008739722,0.991674595764
0.00483280590095,0.000102239528725,0.991539708294
0.00483280590095,0.000102470317729,0.991448989142
0.00483280590095,0.000102701106733,0.991408597672
0.00483280590095,0.000102931895737,0.991421742367
0.00483280590095,0.000103162684741,0.991489038394
0.00483280590095,0.000103393473745,0.991608891395
0.00483280590095,0.000103624262749,0.991777811295
0.00483280590095,0.000103855051753,0.991990592416
0.00483280590095,0.000104085840757,0.992240338638
0.00483280590095,0.00010431662976,0.992518357781
0.00483280590095,0.000104547418764,0.992813990612
0.00483280590095,0.000104778207768,0.993114470176
0.00483280590095,0.000105008996772,0.993404921091
0.00483280590095,0.000105239785776,0.993668602778
0.00483280590095,0.00010547057478,0.993887474613
0.00483280590095,0.000105701363784,0.994043117177
0.00483280590095,0.000105932152788,0.994117987554
0.00483280590095,0.000106162941792,0.994096925836
0.00483280590095,0.000106393730796,0.993968774078
0.00483280590095,0.000106624519799,0.993727927212
0.00483280590095,0.000106855308803,0.99337561579
0.00483280590095,0.000107086097807,0.992920727818
0.00483280590095,0.000107316886811,0.992380012229
0.00483280590095,0.000107547675815,0.991777566467
0.00483280590095,0.000107778464819,0.991143588065
0.00483280590095,0.000108009253823,0.990512454963
0.00483280590095,0.000108240042827,0.989920280715
0.00483280590095,0.000108470831831,0.98940215789
0.00483280590095,0.000108701620834,0.988989347345
0.00483280590095,0.000108932409838,0.988706687071
0.00483280590095,0.000109163198842,0.988570479894
0.00483280590095,0.000109393987846,0.988587076148
0.00483280590095,0.00010962477685,0.988752300239
0.00483280590095,0.000109855565854,0.989051786122
0.00483280590095,0.000110086354858,0.989462195105
0.00483280590095,0.000110317143862,0.989953199886
0.00483280590095,0.000110547932866,0.990490041075
0.00483280590095,0.00011077872187,0.991036405259
0.00483280590095,0.000111009510873,0.991557343673
0.00483280590095,0.000111240299877,0.992021951394
0.00483280590095,0.000111471088881,0.992405558976
0.00483280590095,0.000111701877885,0.99269124785
0.00483280590095,0.000111932666889,0.992870580356
0.00483280590095,0.000112163455893,0.992943524871
0.00483280590095,0.000112394244897,0.992917644698
0.00483280590095,0.000112625033901,0.992806694886
0.00483280590095,0.000112855822905,0.992628824765
0.00483280590095,0.000113086611908,0.992404609858
0.00483280590095,0.000113317400912,0.992155133195
0.00483280590095,0.000113548189916,0.991900305611
0.00483280590095,0.00011377897892,0.991657563409
0.00483280590095,0.000114009767924,0.991441018523
0.00483280590095,0.000114240556928,0.991261070481
0.00483280590095,0.000114471345932,0.991124430129
0.00483280590095,0.000114702134936,0.991034459533
0.00483280590095,0.00011493292394,0.990991705631
0.00483280590095,0.000115163712944,0.990994499028
0.00483280590095,0.000115394501947,0.991039503108
0.00483280590095,0.000115625290951,0.991122128939
0.00483280590095,0.000115856079955,0.991236773169
0.00483280590095,0.000116086868959,0.991376882351
0.00483280590095,0.000116317657963,0.991534890788
0.00483280590095,0.000116548446967,0.991702112919
0.00483280590095,0.000116779235971,0.991868689747
0.00483280590095,0.000117010024975,0.992023688077
0.00483280590095,0.000117240813979,0.992155430635
0.00483280590095,0.000117471602982,0.992252096898
0.00483280590095,0.000117702391986,0.99230258417
0.00483280590095,0.00011793318099,0.992297564167
0.00562160688444,0,1
0.00562160688444,2.30789003895e-07,0.99995930842
0.00562160688444,4.6157800779e-07,0.999517922491
0.00562160688444,6.92367011685e-07,0.997704053651
0.00562160688444,9.23156015579e-07,0.993079622085
0.00562160688444,1.15394501947e-06,0.98399866775
0.00562160688444,1.38473402337e-06,0.968931791959
0.00562160688444,1.61552302726e-06,0.946805558474
0.00562160688444,1.84631203116e-06,0.917288596586
0.00562160688444,2.07710103505e-06,0.880955740307
0.00562160688444,2.30789003895e-06,0.839285135752
0.00562160688444,2.53867904284e-06,0.794486781754
0.00562160688444,2.76946804674e-06,0.749208797739
0.00562160688444,3.00025705063e-06,0.70619991776
0.00562160688444,3.23104605453e-06,0.668009882258
0.00562160688444,3.46183505842e-06,0.636783871953
0.00562160688444,3.69262406232e-06,0.614165996564
0.00562160688444,3.92341306621e-06,0.60128813367
0.00562160688444,4.15420207011e-06,0.598798099704
0.00562160688444,4.384991074e-06,0.606880389905
0.00562160688444,4.6157800779e-06,0.625240441938
0.00562160688444,4.84656908179e-06,0.653051608037
0.00562160688444,5.07735808569e-06,0.688893112838
0.00562160688444,5.30814708958e-06,0.730727564169
0.00562160688444,5.53893609348e-06,0.775969674698
0.00562160688444,5.76972509737e-06,0.821679057473
0.00562160688444,6.00051410127e-06,0.864871819765
0.00562160688444,6.23130310516e-06,0.90290004766
0.00562160688444,6.46209210906e-06,0.933813673755
0.00562160688444,6.69288111295e-06,0.956612724236
0.00562160688444,6.92367011685e-06,0.971325377541
0.00562160688444,7.15445912074e-06,0.978898429455
0.00562160688444,7.38524812464e-06,0.980939948424
0.00562160688444,7.61603712853e-06,0.979387584938
0.00562160688444,7.84682613243e-06,0.976179998402
0.00562160688444,8.07761513632e-06,0.972988035468
0.00562160688444,8.30840414022e-06,0.971031354799
0.00562160688444,8.53919314411e-06,0.970980385849
0.00562160688444,8.76998214801e-06,0.972931200328
0.00562160688444,9.0007711519e-06,0.97644141768
0.00562160688444,9.23156015579e-06,0.980621596322
0.00562160688444,9.46234915969e-06,0.984280026587
0.00562160688444,9.69313816358e-06,0.986113854824
0.00562160688444,9.92392716748e-06,0.984926405455
0.00562160688444,1.01547161714e-05,0.979835831037
0.00562160688444,1.03855051753e-05,0.970433085365
0.00562160688444,1.06162941792e-05,0.956854495567
0.00562160688444,1.08470831831e-05,0.939755574462
0.00562160688444,1.1077872187e-05,0.920199924324
0.00562160688444,1.13086611908e-05,0.899498258919
0.00562160688444,1.15394501947e-05,0.879038982007
0.00562160688444,1.17702391986e-05,0.860142569831
0.00562160688444,1.20010282025e-05,0.843953934286
0.00562160688444,1.22318172064e-05,0.831369672031
0.00562160688444,1.24626062103e-05,0.822987967059
0.00562160688444,1.26933952142e-05,0.819070086263
0.00562160688444,1.29241842181e-05,0.819511257017
0.00562160688444,1.3154973222e-05,0.823829880928
0.00562160688444,1.33857622259e-05,0.831191591552
0.00562160688444,1.36165512298e-05,0.84048383082
0.00562160688444,1.38473402337e-05,0.850445402872
0.00562160688444,1.40781292376e-05,0.859836256233
0.00562160688444,1.43089182415e-05,0.867612880024
0.00562160688444,1.45397072454e-05,0.87306437985
0.00562160688444,1.47704962493e-05,0.875871539709
0.00562160688444,1.50012852532e-05,0.876076108136
0.00562160688444,1.52320742571e-05,0.873980286226
0.00562160688444,1.5462863261e-05,0.870021286089
0.00562160688444,1.56936522649e-05,0.864670294931
0.00562160688444,1.59244412687e-05,0.858387359876
0.00562160688444,1.61552302726e-05,0.851633420682
0.00562160688444,1.63860192765e-05,0.844913262063
0.00562160688444,1.66168082804e-05,0.838810633625
0.00562160688444,1.68475972843e-05,0.833982661056
0.00562160688444,1.70783862882e-05,0.831099996702
0.00562160688444,1.73091752921e-05,0.830742641852
0.00562160688444,1.7539964296e-05,0.833279935556
0.00562160688444,1.77707532999e-05,0.838770846724
0.00562160688444,1.80015423038e-05,0.846915609703
0.00562160688444,1.82323313077e-05,0.857074332621
0.00562160688444,1.84631203116e-05,0.86834839437
0.00562160688444,1.86939093155e-05,0.879703677456
0.00562160688444,1.89246983194e-05,0.890106872323
0.00562160688444,1.91554873233e-05,0.898648786093
0.00562160688444,1.93862763272e-05,0.904638376087
0.00562160688444,1.96170653311e-05,0.907662080272
0.00562160688444,1.9847854335e-05,0.907610108789
0.00562160688444,2.00786433389e-05,0.904673568242
0.00562160688444,2.03094323427e-05,0.899315770081
0.00562160688444,2.05402213466e-05,0.892220770685
0.00562160688444,2.07710103505e-05,0.884223528035
0.00562160688444,2.10017993544e-05,0.87622839038
0.00562160688444,2.12325883583e-05,0.869124264126
0.00562160688444,2.14633773622e-05,0.863704391933
0.00562160688444,2.16941663661e-05,0.860595989176
0.00562160688444,2.192495537e-05,0.860201035772
0.00562160688444,2.21557443739e-05,0.862646228116
0.00562160688444,2.23865333778e-05,0.867739768498
0.00562160688444,2.26173223817e-05,0.874936958202
0.00562160688444,2.28481113856e-05,0.883324959691
0.00562160688444,2.30789003895e-05,0.891645831323
0.00562160688444,2.33096893934e-05,0.898379713476
0.00562160688444,2.35404783973e-05,0.901901290324
0.00562160688444,2.37712674012e-05,0.900701863353
0.00562160688444,2.40020564051e-05,0.893643290074
0.00562160688444,2.4232845409e-05,0.880190208024
0.00562160688444,2.44636344129e-05,0.860563549258
0.00562160688444,2.46944234168e-05,0.835774275225
0.00562160688444,2.49252124206e-05,0.807525665564
0.00562160688444,2.51560014245e-05,0.778004276845
0.00562160688444,2.53867904284e-05,0.749603266883
0.00562160688444,2.56175794323e-05,0.724631315075
0.00562160688444,2.58483684362e-05,0.705055674738
0.00562160688444,2.60791574401e-05,0.69231289885
0.00562160688444,2.6309946444e-05,0.687201389344
0.00562160688444,2.65407354479e-05,0.689852316259
0.00562160688444,2.67715244518e-05,0.699764629905
0.00562160688444,2.70023134557e-05,0.715887971066
0.00562160688444,2.72331024596e-05,0.736742221382
0.00562160688444,2.74638914635e-05,0.760568543674
0.00562160688444,2.76946804674e-05,0.785507834911
0.00562160688444,2.79254694713e-05,0.809796018302
0.00562160688444,2.81562584752e-05,0.831954822537
0.00562160688444,2.83870474791e-05,0.850948795034
0.00562160688444,2.8617836483e-05,0.866280432767
0.00562160688444,2.88486254869e-05,0.878006508342
0.00562160688444,2.90794144908e-05,0.886675371701
0.00562160688444,2.93102034946e-05,0.893200292371
0.00562160688444,2.95409924985e-05,0.898692590606
0.00562160688444,2.97717815024e-05,0.904279247895
0.00562160688444,3.00025705063e-05,0.910925403506
0.00562160688444,3.02333595102e-05,0.919276730771
0.00562160688444,3.04641485141e-05,0.929533583606
0.00562160688444,3.0694937518e-05,0.941369304902
0.00562160688444,3.09257265219e-05,0.953907791264
0.00562160688444,3.11565155258e-05,0.965776583685
0.00562160688444,3.13873045297e-05,0.975246798522
0.00562160688444,3.16180935336e-05,0.980457181684
0.00562160688444,3.18488825375e-05,0.979697888351
0.00562160688444,3.20796715414e-05,0.97170710155
0.00562160688444,3.23104605453e-05,0.955920321904
0.00562160688444,3.25412495492e-05,0.932616195657
0.00562160688444,3.27720385531e-05,0.902925279771
0.00562160688444,3.3002827557e-05,0.868701967621
0.00562160688444,3.32336165609e-05,0.832292651816
0.00562160688444,3.34644055648e-05,0.796253731273
0.00562160688444,3.36951945687e-05,0.763075738612
0.00562160688444,3.39259835725e-05,0.734956324779
0.00562160688444,3.41567725764e-05,0.713642043832
0.00562160688444,3.43875615803e-05,0.700335838042
0.00562160688444,3.46183505842e-05,0.695651938916
0.00562160688444,3.48491395881e-05,0.699597518982
0.00562160688444,3.5079928592e-05,0.711570856896
0.00562160688444,3.53107175959e-05,0.730383223368
0.00562160688444,3.55415065998e-05,0.754325976572
0.00562160688444,3.57722956037e-05,0.781305380422
0.00562160688444,3.60030846076e-05,0.809051429638
0.00562160688444,3.62338736115e-05,0.835379238571
0.00562160688444,3.64646626154e-05,0.85845573613
0.00562160688444,3.66954516193e-05,0.877014142049
0.00562160688444,3.69262406232e-05,0.890469828671
0.00562160688444,3.71570296271e-05,0.898918652843
0.00562160688444,3.7387818631e-05,0.903030336881
0.00562160688444,3.76186076349e-05,0.903872596155
0.00562160688444,3.78493966388e-05,0.902709891822
0.00562160688444,3.80801856427e-05,0.900814714447
0.00562160688444,3.83109746465e-05,0.899314964347
0.00562160688444,3.85417636504e-05,0.899085414041
0.00562160688444,3.87725526543e-05,0.900680077108
0.00562160688444,3.90033416582e-05,0.904298415243
0.00562160688444,3.92341306621e-05,0.909781346709
0.00562160688444,3.9464919666e-05,0.916639591092
0.00562160688444,3.96957086699e-05,0.924121561914
0.00562160688444,3.99264976738e-05,0.931325621915
0.00562160688444,4.01572866777e-05,0.937350280031
0.00562160688444,4.03880756816e-05,0.9414595899
0.00562160688444,4.06188646855e-05,0.943227840248
0.00562160688444,4.08496536894e-05,0.942625915074
0.00562160688444,4.10804426933e-05,0.940024634345
0.00562160688444,4.13112316972e-05,0.936113680994
0.00562160688444,4.15420207011e-05,0.931758839792
0.00562160688444,4.1772809705e-05,0.927835600498
0.00562160688444,4.20035987089e-05,0.925078684448
0.00562160688444,4.22343877128e-05,0.923975934145
0.00562160688444,4.24651767167e-05,0.924717163337
0.00562160688444,4.26959657206e-05,0.927191566023
0.00562160688444,4.29267547244e-05,0.931017390095
0.00562160688444,4.31575437283e-05,0.93558761673
0.00562160688444,4.33883327322e-05,0.940123647786
0.00562160688444,4.36191217361e-05,0.943739680888
0.00562160688444,4.384991074e-05,0.945526085339
0.00562160688444,4.40806997439e-05,0.944655654873
0.00562160688444,4.43114887478e-05,0.940503128365
0.00562160688444,4.45422777517e-05,0.932753252878
0.00562160688444,4.47730667556e-05,0.921465707262
0.00562160688444,4.50038557595e-05,0.907072429788
0.00562160688444,4.52346447634e-05,0.890302542475
0.00562160688444,4.54654337673e-05,0.872053605051
0.00562160688444,4.56962227712e-05,0.853245132748
0.00562160688444,4.59270117751e-05,0.834694630584
0.00562160688444,4.6157800779e-05,0.817047316311
0.00562160688444,4.63885897829e-05,0.800772511757
0.00562160688444,4.66193787868e-05,0.786218619239
0.00562160688444,4.68501677907e-05,0.773700624457
0.00562160688444,4.70809567946e-05,0.763583973171
0.00562160688444,4.73117457984e-05,0.756329727277
0.00562160688444,4.75425348023e-05,0.752478933915
0.00562160688444,4.77733238062e-05,0.752576040409
0.00562160688444,4.80041128101e-05,0.757054448504
0.00562160688444,4.8234901814e-05,0.766122169738
0.00562160688444,4.84656908179e-05,0.779684781485
0.00562160688444,4.86964798218e-05,0.797326451565
0.00562160688444,4.89272688257e-05,0.818345826443
0.00562160688444,4.91580578296e-05,0.84182414113
0.00562160688444,4.93888468335e-05,0.866697089026
0.00562160688444,4.96196358374e-05,0.891810906191
0.00562160688444,4.98504248413e-05,0.915960119988
0.00562160688444,5.00812138452e-05,0.937919662547
0.00562160688444,5.03120028491e-05,0.956490057247
0.00562160688444,5.0542791853e-05,0.970569096974
0.00562160688444,5.07735808569e-05,0.979250084931
0.00562160688444,5.10043698608e-05,0.98193157165
0.00562160688444,5.12351588647e-05,0.978413113777
0.00562160688444,5.14659478686e-05,0.968950289833
0.00562160688444,5.16967368725e-05,0.954250705692
0.00562160688444,5.19275258763e-05,0.935407600522
0.00562160688444,5.21583148802e-05,0.913782813284
0.00562160688444,5.23891038841e-05,0.890860417825
0.00562160688444,5.2619892888e-05,0.868093717232
0.00562160688444,5.28506818919e-05,0.846763425931
0.00562160688444,5.30814708958e-05,0.827858470862
0.00562160688444,5.33122598997e-05,0.811987027223
0.00562160688444,5.35430489036e-05,0.799325144223
0.00562160688444,5.37738379075e-05,0.789611443974
0.00562160688444,5.40046269114e-05,0.782195660997
0.00562160688444,5.42354159153e-05,0.776144162933
0.00562160688444,5.44662049192e-05,0.770397018505
0.00562160688444,5.46969939231e-05,0.763960198273
0.00562160688444,5.4927782927e-05,0.756105494264
0.00562160688444,5.51585719309e-05,0.746542680502
0.00562160688444,5.53893609348e-05,0.735526717236
0.00562160688444,5.56201499387e-05,0.723870477422
0.00562160688444,5.58509389426e-05,0.712851373161
0.00562160688444,5.60817279465e-05,0.704025021201
0.00562160688444,5.63125169503e-05,0.698982955784
0.00562160688444,5.65433059542e-05,0.699105055761
0.00562160688444,5.67740949581e-05,0.705354868333
0.00562160688444,5.7004883962e-05,0.718148772517
0.00562160688444,5.72356729659e-05,0.737306407544
0.00562160688444,5.74664619698e-05,0.762070779132
0.00562160688444,5.76972509737e-05,0.791178856782
0.00562160688444,5.79280399776e-05,0.822966969687
0.00562160688444,5.81588289815e-05,0.85550375886
0.00562160688444,5.83896179854e-05,0.886749397148
0.00562160688444,5.86204069893e-05,0.914738717045
0.00562160688444,5.88511959932e-05,0.937777867719
0.00562160688444,5.90819849971e-05,0.954632980459
0.00562160688444,5.9312774001e-05,0.964680537446
0.00562160688444,5.95435630049e-05,0.967987693729
0.00562160688444,5.97743520088e-05,0.96529935246
0.00562160688444,6.00051410127e-05,0.95792635979
0.00562160688444,6.02359300166e-05,0.947550908834
0.00562160688444,6.04667190205e-05,0.935983874097
0.00562160688444,6.06975080244e-05,0.924917804337
0.00562160688444,6.09282970282e-05,0.915716091757
0.00562160688444,6.11590860321e-05,0.909266028382
0.00562160688444,6.1389875036e-05,0.90590718696
0.00562160688444,6.16206640399e-05,0.905432910261
0.00562160688444,6.18514530438e-05,0.907154737078
0.00562160688444,6.20822420477e-05,0.910016794746
0.00562160688444,6.23130310516e-05,0.912746932686
0.00562160688444,6.25438200555e-05,0.914031073918
0.00562160688444,6.27746090594e-05,0.912695622249
0.00562160688444,6.30053980633e-05,0.907879943268
0.00562160688444,6.32361870672e-05,0.899178218995
0.00562160688444,6.34669760711e-05,0.886729353853
0.00562160688444,6.3697765075e-05,0.871237211735
0.00562160688444,6.39285540789e-05,0.853912525343
0.00562160688444,6.41593430828e-05,0.836341431633
0.00562160688444,6.43901320867e-05,0.820300142122
0.00562160688444,6.46209210906e-05,0.807545546873
0.00562160688444,6.48517100945e-05,0.799613474949
0.00562160688444,6.50824990984e-05,0.797649622192
0.00562160688444,6.53132881022e-05,0.802286936646
0.00562160688444,6.55440771061e-05,0.813573566451
0.00562160688444,6.577486611e-05,0.830951322076
0.00562160688444,6.60056551139e-05,0.853285462065
0.00562160688444,6.62364441178e-05,0.878948312543
0.00562160688444,6.64672331217e-05,0.905957311493
0.00562160688444,6.66980221256e-05,0.932160887429
0.00562160688444,6.69288111295e-05,0.955455114195
0.00562160688444,6.71596001334e-05,0.974004414375
0.00562160688444,6.73903891373e-05,0.986434658251
0.00562160688444,6.76211781412e-05,0.99196907497
0.00562160688444,6.78519671451e-05,0.990486505332
0.00562160688444,6.8082756149e-05,0.982495640456
0.00562160688444,6.83135451529e-05,0.969034328471
0.00562160688444,6.85443341568e-05,0.951515436353
0.00562160688444,6.87751231607e-05,0.931546702746
0.00562160688444,6.90059121646e-05,0.910750695235
0.00562160688444,6.92367011685e-05,0.890604720482
0.00562160688444,6.94674901724e-05,0.872313408928
0.00562160688444,6.96982791763e-05,0.85672190491
0.00562160688444,6.99290681801e-05,0.844275478842
0.00562160688444,7.0159857184e-05,0.835029660855
0.00562160688444,7.03906461879e-05,0.828710964454
0.00562160688444,7.06214351918e-05,0.824821077747
0.00562160688444,7.08522241957e-05,0.822768735142
0.00562160688444,7.10830131996e-05,0.822006424116
0.00562160688444,7.13138022035e-05,0.822146366622
0.00562160688444,7.15445912074e-05,0.82303317185
0.00562160688444,7.17753802113e-05,0.824758998812
0.00562160688444,7.20061692152e-05,0.827619548975
0.00562160688444,7.22369582191e-05,0.832023103688
0.00562160688444,7.2467747223e-05,0.83837637607
0.00562160688444,7.26985362269e-05,0.846976037096
0.00562160688444,7.29293252308e-05,0.857930716433
0.00562160688444,7.31601142347e-05,0.871125914974
0.00562160688444,7.33909032386e-05,0.886228625283
0.00562160688444,7.36216922425e-05,0.902716712855
0.00562160688444,7.38524812464e-05,0.919915572816
0.00562160688444,7.40832702503e-05,0.93703133118
0.00562160688444,7.43140592541e-05,0.953180689696
0.00562160688444,7.4544848258e-05,0.967425332343
0.00562160688444,7.47756372619e-05,0.978819158308
0.00562160688444,7.50064262658e-05,0.986470053235
0.00562160688444,7.52372152697e-05,0.989609072342
0.00562160688444,7.54680042736e-05,0.987654252081
0.00562160688444,7.56987932775e-05,0.980257023602
0.00562160688444,7.59295822814e-05,0.967325969482
0.00562160688444,7.61603712853e-05,0.949031883225
0.00562160688444,7.63911602892e-05,0.925804766604
0.00562160688444,7.66219492931e-05,0.898333407514
0.00562160688444,7.6852738297e-05,0.867570489863
0.00562160688444,7.70835273009e-05,0.83473409715
0.00562160688444,7.73143163048e-05,0.8012867587
0.00562160688444,7.75451053087e-05,0.768872791918
0.00562160688444,7.77758943126e-05,0.739206332676
0.00562160688444,7.80066833165e-05,0.713921998933
0.00562160688444,7.82374723204e-05,0.694418136019
0.00562160688444,7.84682613243e-05,0.681729450542
0.00562160688444,7.86990503282e-05,0.676457464998
0.00562160688444,7.8929839332e-05,0.678767321634
0.00562160688444,7.91606283359e-05,0.68843716514
0.00562160688444,7.93914173398e-05,0.704931164769
0.00562160688444,7.96222063437e-05,0.727464754781
0.00562160688444,7.98529953476e-05,0.755040885545
0.00562160688444,8.00837843515e-05,0.786454457338
0.00562160688444,8.03145733554e-05,0.82028170653
0.00562160688444,8.05453623593e-05,0.854884808083
0.00562160688444,8.07761513632e-05,0.888463505742
0.00562160688444,8.10069403671e-05,0.919172807306
0.00562160688444,8.1237729371e-05,0.945301608402
0.00562160688444,8.14685183749e-05,0.965480068863
0.00562160688444,8.16993073788e-05,0.978865195289
0.00562160688444,8.19300963827e-05,0.985253604807
0.00562160688444,8.21608853866e-05,0.985089433911
0.00562160688444,8.23916743905e-05,0.979366062971
0.00562160688444,8.26224633944e-05,0.969449426684
0.00562160688444,8.28532523983e-05,0.956866445722
0.00562160688444,8.30840414022e-05,0.943100451408
0.00562160688444,8.3314830406e-05,0.92942113973
0.00562160688444,8.35456194099e-05,0.916759389934
0.00562160688444,8.37764084138e-05,0.905626206279
0.00562160688444,8.40071974177e-05,0.896073860071
0.00562160688444,8.42379864216e-05,0.887703479315
0.00562160688444,8.44687754255e-05,0.879729957235
0.00562160688444,8.46995644294e-05,0.871114557881
0.00562160688444,8.49303534333e-05,0.860763694571
0.00562160688444,8.51611424372e-05,0.847770878054
0.00562160688444,8.53919314411e-05,0.831656072847
0.00562160688444,8.5622720445e-05,0.812544315845
0.00562160688444,8.58535094489e-05,0.791232559458
0.00562160688444,8.60842984528e-05,0.769121073232
0.00562160688444,8.63150874567e-05,0.748023910186
0.00562160688444,8.65458764606e-05,0.729906285508
0.00562160688444,8.67766654645e-05,0.71661154462
0.00562160688444,8.70074544684e-05,0.709632182992
0.00562160688444,8.72382434723e-05,0.709954535205
0.00562160688444,8.74690324762e-05,0.717978334318
0.00562160688444,8.76998214801e-05,0.733492908145
0.00562160688444,8.79306104839e-05,0.755687753269
0.00562160688444,8.81613994878e-05,0.783185239736
0.00562160688444,8.83921884917e-05,0.814099959024
0.00562160688444,8.86229774956e-05,0.846143073664
0.00562160688444,8.88537664995e-05,0.876792569555
0.00562160688444,8.90845555034e-05,0.903537514541
0.00562160688444,8.93153445073e-05,0.92417873115
0.00562160688444,8.95461335112e-05,0.937138897965
0.00562160688444,8.97769225151e-05,0.941715247934
0.00562160688444,9.0007711519e-05,0.938209286945
0.00562160688444,9.02385005229e-05,0.927893698776
0.00562160688444,9.04692895268e-05,0.912818802908
0.00562160688444,9.07000785307e-05,0.895503054592
0.00562160688444,9.09308675346e-05,0.878577284039
0.00562160688444,9.11616565385e-05,0.864452247027
0.00562160688444,9.13924455424e-05,0.855057433504
0.00562160688444,9.16232345463e-05,0.851668879792
0.00562160688444,9.18540235502e-05,0.854819385343
0.00562160688444,9.20848125541e-05,0.86427482119
0.00562160688444,9.23156015579e-05,0.87906513472
0.00562160688444,9.25463905618e-05,0.897570917264
0.00562160688444,9.27771795657e-05,0.917675750225
0.00562160688444,9.30079685696e-05,0.936992635872
0.00562160688444,9.32387575735e-05,0.953157011616
0.00562160688444,9.34695465774e-05,0.964153856429
0.00562160688444,9.37003355813e-05,0.968622991242
0.00562160688444,9.39311245852e-05,0.966077244902
0.00562160688444,9.41619135891e-05,0.956980520072
0.00562160688444,9.4392702593e-05,0.942665264938
0.00562160688444,9.46234915969e-05,0.925109912408
0.00562160688444,9.48542806008e-05,0.906630383227
0.00562160688444,9.50850696047e-05,0.889553258299
0.00562160688444,9.53158586086e-05,0.875928986207
0.00562160688444,9.55466476125e-05,0.867319065374
0.00562160688444,9.57774366164e-05,0.864664370311
0.00562160688444,9.60082256203e-05,0.868223872871
0.00562160688444,9.62390146242e-05,0.877568682922
0.00562160688444,9.64698036281e-05,0.891623092854
0.00562160688444,9.6700592632e-05,0.908754884365
0.00562160688444,9.69313816358e-05,0.926923303414
0.00562160688444,9.71621706397e-05,0.94388912703
0.00562160688444,9.73929596436e-05,0.957476365383
0.00562160688444,9.76237486475e-05,0.965854315066
0.00562160688444,9.78545376514e-05,0.967791173811
0.00562160688444,9.80853266553e-05,0.962826040607
0.00562160688444,9.83161156592e-05,0.951320105412
0.00562160688444,9.85469046631e-05,0.934377126038
0.00562160688444,9.8777693667e-05,0.913656912827
0.00562160688444,9.90084826709e-05,0.891129734947
0.00562160688444,9.92392716748e-05,0.868825073209
0.00562160688444,9.94700606787e-05,0.848615113904
0.00562160688444,9.97008496826e-05,0.832050711074
0.00562160688444,9.99316386865e-05,0.820247411768
0.00562160688444,0.00010016242769,0.813810339509
0.00562160688444,0.000100393216694,0.812790811143
0.00562160688444,0.000100624005698,0.816679185599
0.00562160688444,0.000100854794702,0.824448863765
0.00562160688444,0.000101085583706,0.834667736696
0.00562160688444,0.00010131637271,0.845682184384
0.00562160688444,0.000101547161714,0.855857392143
0.00562160688444,0.000101777950718,0.863834208618
0.00562160688444,0.000102008739722,0.868747678938
0.00562160688444,0.000102239528725,0.870354505841
0.00562160688444,0.000102470317729,0.86903810372
0.00562160688444,0.000102701106733,0.865693822413
0.00562160688444,0.000102931895737,0.86153005526
0.00562160688444,0.000103162684741,0.857839945249
0.00562160688444,0.000103393473745,0.85579668363
0.00562160688444,0.000103624262749,0.856306274015
0.00562160688444,0.000103855051753,0.85992582656
0.00562160688444,0.000104085840757,0.866834845745
0.00562160688444,0.00010431662976,0.876838766196
0.00562160688444,0.000104547418764,0.889388259645
0.00562160688444,0.000104778207768,0.903609105988
0.00562160688444,0.000105008996772,0.918348293639
0.00562160688444,0.000105239785776,0.93224665783
0.00562160688444,0.00010547057478,0.943844571188
0.00562160688444,0.000105701363784,0.951716798029
0.00562160688444,0.000105932152788,0.954620509393
0.00562160688444,0.000106162941792,0.951632513407
0.00562160688444,0.000106393730796,0.942252150344
0.00562160688444,0.000106624519799,0.92645521342
0.00562160688444,0.000106855308803,0.904697448785
0.00562160688444,0.000107086097807,0.877877147759
0.00562160688444,0.000107316886811,0.847270066348
0.00562160688444,0.000107547675815,0.814445966166
0.00562160688444,0.000107778464819,0.781168802973
0.00562160688444,0.000108009253823,0.749278174661
0.00562160688444,0.000108240042827,0.720552108041
0.00562160688444,0.000108470831831,0.696560071076
0.00562160688444,0.000108701620834,0.678525611591
0.00562160688444,0.000108932409838,0.667224191309
0.00562160688444,0.000109163198842,0.662939200884
0.00562160688444,0.000109393987846,0.665487057181
0.00562160688444,0.00010962477685,0.674304039969
0.00562160688444,0.000109855565854,0.688569561965
0.00562160688444,0.000110086354858,0.70733024976
0.00562160688444,0.000110317143862,0.729591835751
0.00562160688444,0.000110547932866,0.754361723284
0.00562160688444,0.00011077872187,0.780648250714
0.00562160688444,0.000111009510873,0.807442833609
0.00562160688444,0.000111240299877,0.833718469782
0.00562160688444,0.000111471088881,0.858468625719
0.00562160688444,0.000111701877885,0.880788855274
0.00562160688444,0.000111932666889,0.899980411915
0.00562160688444,0.000112163455893,0.915641681736
0.00562160688444,0.000112394244897,0.927715055729
0.00562160688444,0.000112625033901,0.936471718812
0.00562160688444,0.000112855822905,0.942437047227
0.00562160688444,0.000113086611908,0.946276170933
0.00562160688444,0.000113317400912,0.948667111482
0.00562160688444,0.000113548189916,0.950186822256
0.00562160688444,0.00011377897892,0.951226560672
0.00562160688444,0.000114009767924,0.951942435496
0.00562160688444,0.000114240556928,0.952239470128
0.00562160688444,0.000114471345932,0.9517855645
0.00562160688444,0.000114702134936,0.950054417361
0.00562160688444,0.00011493292394,0.946399907215
0.00562160688444,0.000115163712944,0.940163830797
0.00562160688444,0.000115394501947,0.930811580042
0.00562160688444,0.000115625290951,0.918078000567
0.00562160688444,0.000115856079955,0.902094164177
0.00562160688444,0.000116086868959,0.883462046105
0.00562160688444,0.000116317657963,0.863252005501
0.00562160688444,0.000116548446967,0.842915787182
0.00562160688444,0.000116779235971,0.824128852836
0.00562160688444,0.000117010024975,0.8085921153
0.00562160688444,0.000117240813979,0.797829016564
0.00562160688444,0.000117471602982,0.793008626565
0.00562160688444,0.000117702391986,0.794812958031
0.00562160688444,0.00011793318099,0.803353389714
0.00641040786793,0,1
0.00641040786793,2.30789003895e-07,0.999910295914
0.00641040786793,4.6157800779e-07,0.998753036046
0.00641040786793,6.92367011685e-07,0.993995152304
0.00641040786793,9.23156015579e-07,0.982076793689
0.00641040786793,1.15394501947e-06,0.959348365819
0.00641040786793,1.38473402337e-06,0.923185945903
0.00641040786793,1.61552302726e-06,0.872986582077
0.00641040786793,1.84631203116e-06,0.81069120108
0.00641040786793,2.07710103505e-06,0.740601245644
0.00641040786793,2.30789003895e-06,0.668529960127
0.00641040786793,2.53867904284e-06,0.600617291631
0.00641040786793,2.76946804674e-06,0.54226211848
0.00641040786793,3.00025705063e-06,0.497513591108
0.00641040786793,3.23104605453e-06,0.468997768734
0.00641040786793,3.46183505842e-06,0.458200654529
0.00641040786793,3.69262406232e-06,0.465807569234
0.00641040786793,3.92341306621e-06,0.491834616999
0.00641040786793,4.15420207011e-06,0.535431616645
0.00641040786793,4.384991074e-06,0.594422674058
0.00641040786793,4.6157800779e-06,0.664824768765
0.00641040786793,4.84656908179e-06,0.740686923944
0.00641040786793,5.07735808569e-06,0.814553798147
0.00641040786793,5.30814708958e-06,0.878638388837
0.00641040786793,5.53893609348e-06,0.92644592229
0.00641040786793,5.76972509737e-06,0.954298184253
0.00641040786793,6.00051410127e-06,0.962163793178
0.00641040786793,6.23130310516e-06,0.953472617981
0.00641040786793,6.46209210906e-06,0.934035156416
0.00641040786793,6.69288111295e-06,0.910534405774
0.00641040786793,6.92367011685e-06,0.889123498679
0.00641040786793,7.15445912074e-06,0.874466878363
0.00641040786793,7.38524812464e-06,0.869280770056
0.00641040786793,7.61603712853e-06,0.87423935178
0.00641040786793,7.84682613243e-06,0.888087964271
0.00641040786793,8.07761513632e-06,0.907897953574
0.00641040786793,8.30840414022e-06,0.92950415199
0.00641040786793,8.53919314411e-06,0.948190669838
0.00641040786793,8.76998214801e-06,0.959600314135
0.00641040786793,9.0007711519e-06,0.960687878505
0.00641040786793,9.23156015579e-06,0.950428229805
0.00641040786793,9.46234915969e-06,0.93002439249
0.00641040786793,9.69313816358e-06,0.902543584143
0.00641040786793,9.92392716748e-06,0.872136320516
0.00641040786793,1.01547161714e-05,0.843127945845
0.00641040786793,1.03855051753e-05,0.819247471796
0.00641040786793,1.06162941792e-05,0.803120943132
0.00641040786793,1.08470831831e-05,0.796011086012
0.00641040786793,1.1077872187e-05,0.797714803833
0.00641040786793,1.13086611908e-05,0.806553149887
0.00641040786793,1.15394501947e-05,0.819467594393
0.00641040786793,1.17702391986e-05,0.832310318876
0.00641040786793,1.20010282025e-05,0.840425235988
0.00641040786793,1.22318172064e-05,0.839525918553
0.00641040786793,1.24626062103e-05,0.826706031439
0.00641040786793,1.26933952142e-05,0.801257204513
0.00641040786793,1.29241842181e-05,0.764945511578
0.00641040786793,1.3154973222e-05,0.721582030002
0.00641040786793,1.33857622259e-05,0.676044162297
0.00641040786793,1.36165512298e-05,0.633167085218
0.00641040786793,1.38473402337e-05,0.596949824429
0.00641040786793,1.40781292376e-05,0.570292419469
0.00641040786793,1.43089182415e-05,0.555159553029
0.00641040786793,1.45397072454e-05,0.552856398991
0.00641040786793,1.47704962493e-05,0.564107931193
0.00641040786793,1.50012852532e-05,0.588815575559
0.00641040786793,1.52320742571e-05,0.625605605022
0.00641040786793,1.5462863261e-05,0.671459918299
0.00641040786793,1.56936522649e-05,0.721749250486
0.00641040786793,1.59244412687e-05,0.77084581402
0.00641040786793,1.61552302726e-05,0.813225589304
0.00641040786793,1.63860192765e-05,0.844706301388
0.00641040786793,1.66168082804e-05,0.863359175134
0.00641040786793,1.68475972843e-05,0.869760992426
0.00641040786793,1.70783862882e-05,0.866550271298
0.00641040786793,1.73091752921e-05,0.857538371438
0.00641040786793,1.7539964296e-05,0.846743507054
0.00641040786793,1.77707532999e-05,0.837634378392
0.00641040786793,1.80015423038e-05,0.832688411599
0.00641040786793,1.82323313077e-05,0.833215538191
0.00641040786793,1.84631203116e-05,0.83934095517
0.00641040786793,1.86939093155e-05,0.850070301333
0.00641040786793,1.89246983194e-05,0.863426414074
0.00641040786793,1.91554873233e-05,0.876694900492
0.00641040786793,1.93862763272e-05,0.886813564835
0.00641040786793,1.96170653311e-05,0.8908857264
0.00641040786793,1.9847854335e-05,0.88672036787
0.00641040786793,2.00786433389e-05,0.873256090827
0.00641040786793,2.03094323427e-05,0.85075319084
0.00641040786793,2.05402213466e-05,0.820730828555
0.00641040786793,2.07710103505e-05,0.785721786025
0.00641040786793,2.10017993544e-05,0.748947263851
0.00641040786793,2.12325883583e-05,0.713966215957
0.00641040786793,2.14633773622e-05,0.684283191894
0.00641040786793,2.16941663661e-05,0.662876956427
0.00641040786793,2.192495537e-05,0.651665569219
0.00641040786793,2.21557443739e-05,0.651018496925
0.00641040786793,2.23865333778e-05,0.659499733398
0.00641040786793,2.26173223817e-05,0.674022730576
0.00641040786793,2.28481113856e-05,0.690492715349
0.00641040786793,2.30789003895e-05,0.704823314986
0.00641040786793,2.33096893934e-05,0.7140167366
0.00641040786793,2.35404783973e-05,0.716905387292
0.00641040786793,2.37712674012e-05,0.714258740953
0.00641040786793,2.40020564051e-05,0.708242479758
0.00641040786793,2.4232845409e-05,0.701523537272
0.00641040786793,2.44636344129e-05,0.696452039701
0.00641040786793,2.46944234168e-05,0.694638341274
0.00641040786793,2.49252124206e-05,0.696976054324
0.00641040786793,2.51560014245e-05,0.703926507635
0.00641040786793,2.53867904284e-05,0.715804189587
0.00641040786793,2.56175794323e-05,0.732882520585
0.00641040786793,2.58483684362e-05,0.755283662855
0.00641040786793,2.60791574401e-05,0.78273551558
0.00641040786793,2.6309946444e-05,0.814333934615
0.00641040786793,2.65407354479e-05,0.848440421889
0.00641040786793,2.67715244518e-05,0.882791241809
0.00641040786793,2.70023134557e-05,0.914812547801
0.00641040786793,2.72331024596e-05,0.942055603208
0.00641040786793,2.74638914635e-05,0.962622141796
0.00641040786793,2.76946804674e-05,0.975465075238
0.00641040786793,2.79254694713e-05,0.980510973064
0.00641040786793,2.81562584752e-05,0.978614168616
0.00641040786793,2.83870474791e-05,0.97138049767
0.00641040786793,2.8617836483e-05,0.960892764745
0.00641040786793,2.88486254869e-05,0.949361995483
0.00641040786793,2.90794144908e-05,0.938743275425
0.00641040786793,2.93102034946e-05,0.930385361895
0.00641040786793,2.95409924985e-05,0.924800025697
0.00641040786793,2.97717815024e-05,0.921616333224
0.00641040786793,3.00025705063e-05,0.919726564238
0.00641040786793,3.02333595102e-05,0.917558896319
0.00641040786793,3.04641485141e-05,0.913366897694
0.00641040786793,3.0694937518e-05,0.905441640602
0.00641040786793,3.09257265219e-05,0.892230210146
0.00641040786793,3.11565155258e-05,0.872435771215
0.00641040786793,3.13873045297e-05,0.845203423036
0.00641040786793,3.16180935336e-05,0.810423016456
0.00641040786793,3.18488825375e-05,0.76904991494
0.00641040786793,3.20796715414e-05,0.72326122529
0.00641040786793,3.23104605453e-05,0.676302206809
0.00641040786793,3.25412495492e-05,0.632014102932
0.00641040786793,3.27720385531e-05,0.594177870896
0.00641040786793,3.3002827557e-05,0.565875959485
0.00641040786793,3.32336165609e-05,0.54904972508
0.00641040786793,3.34644055648e-05,0.544349823884
0.00641040786793,3.36951945687e-05,0.551283650086
0.00641040786793,3.39259835725e-05,0.568578874936
0.00641040786793,3.41567725764e-05,0.594615795451
0.00641040786793,3.43875615803e-05,0.627756120929
0.00641040786793,3.46183505842e-05,0.66644423884
0.00641040786793,3.48491395881e-05,0.709083069905
0.00641040786793,3.5079928592e-05,0.753831337442
0.00641040786793,3.53107175959e-05,0.798531768196
0.00641040786793,3.55415065998e-05,0.840899253975
0.00641040786793,3.57722956037e-05,0.878919702819
0.00641040786793,3.60030846076e-05,0.911260331613
0.00641040786793,3.62338736115e-05,0.937473813513
0.00641040786793,3.64646626154e-05,0.957891858598
0.00641040786793,3.66954516193e-05,0.973260027597
0.00641040786793,3.69262406232e-05,0.984269272228
0.00641040786793,3.71570296271e-05,0.991152655716
0.00641040786793,3.7387818631e-05,0.99346141366
0.00641040786793,3.76186076349e-05,0.9900619102
0.00641040786793,3.78493966388e-05,0.979341387518
0.00641040786793,3.80801856427e-05,0.959583794754
0.00641040786793,3.83109746465e-05,0.929459950325
0.00641040786793,3.85417636504e-05,0.888546587784
0.00641040786793,3.87725526543e-05,0.837746968811
0.00641040786793,3.90033416582e-05,0.779465971295
0.00641040786793,3.92341306621e-05,0.717437578686
0.00641040786793,3.9464919666e-05,0.656217391752
0.00641040786793,3.96957086699e-05,0.600484457327
0.00641040786793,3.99264976738e-05,0.554369615803
0.00641040786793,4.01572866777e-05,0.521001345608
0.00641040786793,4.03880756816e-05,0.502355618815
0.00641040786793,4.06188646855e-05,0.499370574834
0.00641040786793,4.08496536894e-05,0.512190663373
0.00641040786793,4.10804426933e-05,0.540364303772
0.00641040786793,4.13112316972e-05,0.582845176796
0.00641040786793,4.15420207011e-05,0.637746314124
0.00641040786793,4.1772809705e-05,0.701954767215
0.00641040786793,4.20035987089e-05,0.770871029319
0.00641040786793,4.22343877128e-05,0.838584930064
0.00641040786793,4.24651767167e-05,0.89865527615
0.00641040786793,4.26959657206e-05,0.945358086879
0.00641040786793,4.29267547244e-05,0.97497807795
0.00641040786793,4.31575437283e-05,0.986636811539
0.00641040786793,4.33883327322e-05,0.982343945854
0.00641040786793,4.36191217361e-05,0.966302892546
0.00641040786793,4.384991074e-05,0.943789186387
0.00641040786793,4.40806997439e-05,0.920008462247
0.00641040786793,4.43114887478e-05,0.899235023045
0.00641040786793,4.45422777517e-05,0.88433786572
0.00641040786793,4.47730667556e-05,0.876636930191
0.00641040786793,4.50038557595e-05,0.875965911146
0.00641040786793,4.52346447634e-05,0.880851284299
0.00641040786793,4.54654337673e-05,0.888799602435
0.00641040786793,4.56962227712e-05,0.896740828563
0.00641040786793,4.59270117751e-05,0.901646849979
0.00641040786793,4.6157800779e-05,0.901237286944
0.00641040786793,4.63885897829e-05,0.894576630187
0.00641040786793,4.66193787868e-05,0.882351505309
0.00641040786793,4.68501677907e-05,0.866724403607
0.00641040786793,4.70809567946e-05,0.850826792311
0.00641040786793,4.73117457984e-05,0.838075452219
0.00641040786793,4.75425348023e-05,0.831508771908
0.00641040786793,4.77733238062e-05,0.833261877462
0.00641040786793,4.80041128101e-05,0.844199509019
0.00641040786793,4.8234901814e-05,0.863669494876
0.00641040786793,4.84656908179e-05,0.889355904262
0.00641040786793,4.86964798218e-05,0.917283086259
0.00641040786793,4.89272688257e-05,0.942096383096
0.00641040786793,4.91580578296e-05,0.957750305826
0.00641040786793,4.93888468335e-05,0.958618102195
0.00641040786793,4.96196358374e-05,0.940817819504
0.00641040786793,4.98504248413e-05,0.903344472706
0.00641040786793,5.00812138452e-05,0.84856085034
0.00641040786793,5.03120028491e-05,0.781806133696
0.00641040786793,5.0542791853e-05,0.710243707123
0.00641040786793,5.07735808569e-05,0.64138121661
0.00641040786793,5.10043698608e-05,0.581781486138
0.00641040786793,5.12351588647e-05,0.536317341261
0.00641040786793,5.14659478686e-05,0.508027016362
0.00641040786793,5.16967368725e-05,0.498363924933
0.00641040786793,5.19275258763e-05,0.507517407008
0.00641040786793,5.21583148802e-05,0.534538579874
0.00641040786793,5.23891038841e-05,0.577197747039
0.00641040786793,5.2619892888e-05,0.631736465054
0.00641040786793,5.28506818919e-05,0.692834820707
0.00641040786793,5.30814708958e-05,0.754082739107
0.00641040786793,5.33122598997e-05,0.80900510358
0.00641040786793,5.35430489036e-05,0.852366152833
0.00641040786793,5.37738379075e-05,0.881274301375
0.00641040786793,5.40046269114e-05,0.895665281951
0.00641040786793,5.42354159153e-05,0.898022234491
0.00641040786793,5.44662049192e-05,0.892511839905
0.00641040786793,5.46969939231e-05,0.883891821047
0.00641040786793,5.4927782927e-05,0.876518966147
0.00641040786793,5.51585719309e-05,0.873632962761
0.00641040786793,5.53893609348e-05,0.876932635238
0.00641040786793,5.56201499387e-05,0.886382863255
0.00641040786793,5.58509389426e-05,0.90020732388
0.00641040786793,5.60817279465e-05,0.915091169059
0.00641040786793,5.63125169503e-05,0.926667540569
0.00641040786793,5.65433059542e-05,0.93032872062
0.00641040786793,5.67740949581e-05,0.922271829604
0.00641040786793,5.7004883962e-05,0.90052234688
0.00641040786793,5.72356729659e-05,0.865593381351
0.00641040786793,5.74664619698e-05,0.820525077084
0.00641040786793,5.76972509737e-05,0.770286343202
0.00641040786793,5.79280399776e-05,0.720775805148
0.00641040786793,5.81588289815e-05,0.677778330192
0.00641040786793,5.83896179854e-05,0.646161023895
0.00641040786793,5.86204069893e-05,0.629398364042
0.00641040786793,5.88511959932e-05,0.629332651677
0.00641040786793,5.90819849971e-05,0.646007407377
0.00641040786793,5.9312774001e-05,0.677483724076
0.00641040786793,5.95435630049e-05,0.719711142818
0.00641040786793,5.97743520088e-05,0.766672115632
0.00641040786793,6.00051410127e-05,0.811039033183
0.00641040786793,6.02359300166e-05,0.845412822171
0.00641040786793,6.04667190205e-05,0.863905027575
0.00641040786793,6.06975080244e-05,0.863555181714
0.00641040786793,6.09282970282e-05,0.845039214966
0.00641040786793,6.11590860321e-05,0.81238853846
0.00641040786793,6.1389875036e-05,0.771863241843
0.00641040786793,6.16206640399e-05,0.730453776219
0.00641040786793,6.18514530438e-05,0.6945458927
0.00641040786793,6.20822420477e-05,0.669086069777
0.00641040786793,6.23130310516e-05,0.657287795945
0.00641040786793,6.25438200555e-05,0.660693562999
0.00641040786793,6.27746090594e-05,0.679338020834
0.00641040786793,6.30053980633e-05,0.711833977768
0.00641040786793,6.32361870672e-05,0.755360556223
0.00641040786793,6.34669760711e-05,0.805690069479
0.00641040786793,6.3697765075e-05,0.857465670593
0.00641040786793,6.39285540789e-05,0.904877932291
0.00641040786793,6.41593430828e-05,0.94269256922
0.00641040786793,6.43901320867e-05,0.96735144542
0.00641040786793,6.46209210906e-05,0.977752818833
0.00641040786793,6.48517100945e-05,0.975408621621
0.00641040786793,6.50824990984e-05,0.963933014038
0.00641040786793,6.53132881022e-05,0.948080550404
0.00641040786793,6.55440771061e-05,0.932673494524
0.00641040786793,6.577486611e-05,0.921699027673
0.00641040786793,6.60056551139e-05,0.9177000472
0.00641040786793,6.62364441178e-05,0.921447550656
0.00641040786793,6.64672331217e-05,0.931840339002
0.00641040786793,6.66980221256e-05,0.946021516328
0.00641040786793,6.69288111295e-05,0.959764470802
0.00641040786793,6.71596001334e-05,0.968184016456
0.00641040786793,6.73903891373e-05,0.966729605201
0.00641040786793,6.76211781412e-05,0.952251988642
0.00641040786793,6.78519671451e-05,0.923810090425
0.00641040786793,6.8082756149e-05,0.882915091379
0.00641040786793,6.83135451529e-05,0.83311801506
0.00641040786793,6.85443341568e-05,0.779128121229
0.00641040786793,6.87751231607e-05,0.725831444373
0.00641040786793,6.90059121646e-05,0.677556693612
0.00641040786793,6.92367011685e-05,0.637743749251
0.00641040786793,6.94674901724e-05,0.608940174054
0.00641040786793,6.96982791763e-05,0.592909655142
0.00641040786793,6.99290681801e-05,0.590633972653
0.00641040786793,7.0159857184e-05,0.602104271999
0.00641040786793,7.03906461879e-05,0.625968208147
0.00641040786793,7.06214351918e-05,0.659254080534
0.00641040786793,7.08522241957e-05,0.697453625723
0.00641040786793,7.10830131996e-05,0.735150842448
0.00641040786793,7.13138022035e-05,0.767140439671
0.00641040786793,7.15445912074e-05,0.789695609692
0.00641040786793,7.17753802113e-05,0.801496604286
0.00641040786793,7.20061692152e-05,0.803840291655
0.00641040786793,7.22369582191e-05,0.80007201334
0.00641040786793,7.2467747223e-05,0.794519348883
0.00641040786793,7.26985362269e-05,0.791362603065
0.00641040786793,7.29293252308e-05,0.793790684918
0.00641040786793,7.31601142347e-05,0.803566729387
0.00641040786793,7.33909032386e-05,0.820926393808
0.00641040786793,7.36216922425e-05,0.844655376688
0.00641040786793,7.38524812464e-05,0.872242128706
0.00641040786793,7.40832702503e-05,0.900107132391
0.00641040786793,7.43140592541e-05,0.923985413976
0.00641040786793,7.4544848258e-05,0.939525587449
0.00641040786793,7.47756372619e-05,0.943063679604
0.00641040786793,7.50064262658e-05,0.932393559278
0.00641040786793,7.52372152697e-05,0.907284017215
0.00641040786793,7.54680042736e-05,0.869553161579
0.00641040786793,7.56987932775e-05,0.822684105158
0.00641040786793,7.59295822814e-05,0.771148634237
0.00641040786793,7.61603712853e-05,0.719686676559
0.00641040786793,7.63911602892e-05,0.672733807489
0.00641040786793,7.66219492931e-05,0.634054411689
0.00641040786793,7.6852738297e-05,0.606519416625
0.00641040786793,7.70835273009e-05,0.591928843846
0.00641040786793,7.73143163048e-05,0.590826406209
0.00641040786793,7.75451053087e-05,0.602346708214
0.00641040786793,7.77758943126e-05,0.624216323425
0.00641040786793,7.80066833165e-05,0.653040796617
0.00641040786793,7.82374723204e-05,0.684919264464
0.00641040786793,7.84682613243e-05,0.716262108777
0.00641040786793,7.86990503282e-05,0.744536657566
0.00641040786793,7.8929839332e-05,0.768645371336
0.00641040786793,7.91606283359e-05,0.788796729999
0.00641040786793,7.93914173398e-05,0.805980493104
0.00641040786793,7.96222063437e-05,0.821342745046
0.00641040786793,7.98529953476e-05,0.835753236748
0.00641040786793,8.00837843515e-05,0.849687767067
0.00641040786793,8.03145733554e-05,0.86334334073
0.00641040786793,8.05453623593e-05,0.876794826418
0.00641040786793,8.07761513632e-05,0.890031761077
0.00641040786793,8.10069403671e-05,0.902835671064
0.00641040786793,8.1237729371e-05,0.914588925774
0.00641040786793,8.14685183749e-05,0.924176651662
0.00641040786793,8.16993073788e-05,0.930119060772
0.00641040786793,8.19300963827e-05,0.930959124111
0.00641040786793,8.21608853866e-05,0.925781674349
0.00641040786793,8.23916743905e-05,0.914639968032
0.00641040786793,8.26224633944e-05,0.89868715818
0.00641040786793,8.28532523983e-05,0.879953681499
0.00641040786793,8.30840414022e-05,0.860889686936
0.00641040786793,8.3314830406e-05,0.843887939098
0.00641040786793,8.35456194099e-05,0.830962722795
0.00641040786793,8.37764084138e-05,0.823629630984
0.00641040786793,8.40071974177e-05,0.822908025965
0.00641040786793,8.42379864216e-05,0.829324277119
0.00641040786793,8.44687754255e-05,0.842835568841
0.00641040786793,8.46995644294e-05,0.862678771599
0.00641040786793,8.49303534333e-05,0.887224722881
0.00641040786793,8.51611424372e-05,0.913948822869
0.00641040786793,8.53919314411e-05,0.939600338651
0.00641040786793,8.5622720445e-05,0.960576861289
0.00641040786793,8.58535094489e-05,0.97342426514
0.00641040786793,8.60842984528e-05,0.975334716876
0.00641040786793,8.63150874567e-05,0.964533073239
0.00641040786793,8.65458764606e-05,0.940506004398
0.00641040786793,8.67766654645e-05,0.904085222634
0.00641040786793,8.70074544684e-05,0.857406679873
0.00641040786793,8.72382434723e-05,0.803740892916
0.00641040786793,8.74690324762e-05,0.747170109959
0.00641040786793,8.76998214801e-05,0.692109597514
0.00641040786793,8.79306104839e-05,0.642727686179
0.00641040786793,8.81613994878e-05,0.602379136268
0.00641040786793,8.83921884917e-05,0.573195077609
0.00641040786793,8.86229774956e-05,0.555950765812
0.00641040786793,8.88537664995e-05,0.550255497341
0.00641040786793,8.90845555034e-05,0.554992290233
0.00641040786793,8.93153445073e-05,0.568822602926
0.00641040786793,8.95461335112e-05,0.5905309339
0.00641040786793,8.97769225151e-05,0.619065041642
0.00641040786793,9.0007711519e-05,0.653305809133
0.00641040786793,9.02385005229e-05,0.691769584912
0.00641040786793,9.04692895268e-05,0.732485653974
0.00641040786793,9.07000785307e-05,0.773170354022
0.00641040786793,9.09308675346e-05,0.811625046602
0.00641040786793,9.11616565385e-05,0.846152518116
0.00641040786793,9.13924455424e-05,0.875790483114
0.00641040786793,9.16232345463e-05,0.90027446823
0.00641040786793,9.18540235502e-05,0.919779461734
0.00641040786793,9.20848125541e-05,0.934575954852
0.00641040786793,9.23156015579e-05,0.94474498351
0.00641040786793,9.25463905618e-05,0.95004383721
0.00641040786793,9.27771795657e-05,0.949935031302
0.00641040786793,9.30079685696e-05,0.943726099319
0.00641040786793,9.32387575735e-05,0.930747651546
0.00641040786793,9.34695465774e-05,0.910526354083
0.00641040786793,9.37003355813e-05,0.88295681817
0.00641040786793,9.39311245852e-05,0.848494105169
0.00641040786793,9.41619135891e-05,0.808354209583
0.00641040786793,9.4392702593e-05,0.764651781287
0.00641040786793,9.46234915969e-05,0.720378578121
0.00641040786793,9.48542806008e-05,0.67916458685
0.00641040786793,9.50850696047e-05,0.644846020292
0.00641040786793,9.53158586086e-05,0.620938871756
0.00641040786793,9.55466476125e-05,0.610143348428
0.00641040786793,9.57774366164e-05,0.613977976541
0.00641040786793,9.60082256203e-05,0.632584564362
0.00641040786793,9.62390146242e-05,0.664687598062
0.00641040786793,9.64698036281e-05,0.707661849584
0.00641040786793,9.6700592632e-05,0.757676343998
0.00641040786793,9.69313816358e-05,0.809933708094
0.00641040786793,9.71621706397e-05,0.859070888092
0.00641040786793,9.73929596436e-05,0.89977466801
0.00641040786793,9.76237486475e-05,0.927569871884
0.00641040786793,9.78545376514e-05,0.939606048817
0.00641040786793,9.80853266553e-05,0.935194870991
0.00641040786793,9.83161156592e-05,0.915903581621
0.00641040786793,9.85469046631e-05,0.885170344604
0.00641040786793,9.8777693667e-05,0.84758286921
0.00641040786793,9.90084826709e-05,0.808058774949
0.00641040786793,9.92392716748e-05,0.771150470895
0.00641040786793,9.94700606787e-05,0.740598000702
0.00641040786793,9.97008496826e-05,0.719128532128
0.00641040786793,9.99316386865e-05,0.708405864196
0.00641040786793,0.00010016242769,0.709005929678
0.00641040786793,0.000100393216694,0.720349008495
0.00641040786793,0.000100624005698,0.740631470079
0.00641040786793,0.000100854794702,0.766899461924
0.00641040786793,0.000101085583706,0.795410942799
0.00641040786793,0.00010131637271,0.822310166422
0.00641040786793,0.000101547161714,0.84445482811
0.00641040786793,0.000101777950718,0.860114473068
0.00641040786793,0.000102008739722,0.869286292142
0.00641040786793,0.000102239528725,0.873532450473
0.00641040786793,0.000102470317729,0.87542956051
0.00641040786793,0.000102701106733,0.877834245381
0.00641040786793,0.000102931895737,0.883173375391
0.00641040786793,0.000103162684741,0.892896534138
0.00641040786793,0.000103393473745,0.907142493429
0.00641040786793,0.000103624262749,0.92461866746
0.00641040786793,0.000103855051753,0.942687401608
0.00641040786793,0.000104085840757,0.957675640963
0.00641040786793,0.00010431662976,0.965431806985
0.00641040786793,0.000104547418764,0.962105703019
0.00641040786793,0.000104778207768,0.945023732897
0.00641040786793,0.000105008996772,0.913429611268
0.00641040786793,0.000105239785776,0.868843057719
0.00641040786793,0.00010547057478,0.814897218019
0.00641040786793,0.000105701363784,0.756705463156
0.00641040786793,0.000105932152788,0.699975887696
0.00641040786793,0.000106162941792,0.650149191344
0.00641040786793,0.000106393730796,0.611766916645
0.00641040786793,0.000106624519799,0.588134977
0.00641040786793,0.000106855308803,0.581209077892
0.00641040786793,0.000107086097807,0.591555531954
0.00641040786793,0.000107316886811,0.618263030609
0.00641040786793,0.000107547675815,0.658791013382
0.00641040786793,0.000107778464819,0.708886561976
0.00641040786793,0.000108009253823,0.762792816982
0.00641040786793,0.000108240042827,0.813920513357
0.00641040786793,0.000108470831831,0.855950013848
0.00641040786793,0.000108701620834,0.88407906015
0.00641040786793,0.000108932409838,0.895995725142
0.00641040786793,0.000109163198842,0.892237447704
0.00641040786793,0.000109393987846,0.875850020009
0.00641040786793,0.00010962477685,0.851530104999
0.00641040786793,0.000109855565854,0.8245762425
0.00641040786793,0.000110086354858,0.799943714458
0.00641040786793,0.000110317143862,0.781559074332
0.00641040786793,0.000110547932866,0.771901604508
0.00641040786793,0.00011077872187,0.771778708993
0.00641040786793,0.000111009510873,0.780234834039
0.00641040786793,0.000111240299877,0.794610619143
0.00641040786793,0.000111471088881,0.810844089053
0.00641040786793,0.000111701877885,0.824104641297
0.00641040786793,0.000111932666889,0.829739573244
0.00641040786793,0.000112163455893,0.824338263643
0.00641040786793,0.000112394244897,0.806593870634
0.00641040786793,0.000112625033901,0.777668126345
0.00641040786793,0.000112855822905,0.740946529613
0.00641040786793,0.000113086611908,0.701305702378
0.00641040786793,0.000113317400912,0.664167606534
0.00641040786793,0.000113548189916,0.634617479529
0.00641040786793,0.00011377897892,0.616744147375
0.00641040786793,0.000114009767924,0.613213611435
0.00641040786793,0.000114240556928,0.624996372148
0.00641040786793,0.000114471345932,0.651176719694
0.00641040786793,0.000114702134936,0.688862059757
0.00641040786793,0.00011493292394,0.733317329139
0.00641040786793,0.000115163712944,0.778485319325
0.00641040786793,0.000115394501947,0.817955506441
0.00641040786793,0.000115625290951,0.846231619969
0.00641040786793,0.000115856079955,0.859938977602
0.00641040786793,0.000116086868959,0.858554741959
0.00641040786793,0.000116317657963,0.844402930053
0.00641040786793,0.000116548446967,0.821951188637
0.00641040786793,0.000116779235971,0.796707050529
0.00641040786793,0.000117010024975,0.774101045899
0.00641040786793,0.000117240813979,0.758646505811
0.00641040786793,0.000117471602982,0.753471361518
0.00641040786793,0.000117702391986,0.760144077973
0.00641040786793,0.00011793318099,0.778642125379
0.00719920885142,0,1
0.00719920885142,2.30789003895e-07,0.999839771619
0.00719920885142,4.6157800779e-07,0.997663375058
0.00719920885142,6.92367011685e-07,0.988807435608
0.00719920885142,9.23156015579e-07,0.967124243384
0.00719920885142,1.15394501947e-06,0.927216161435
0.00719920885142,1.38473402337e-06,0.86683707363
0.00719920885142,1.61552302726e-06,0.788471963613
0.00719920885142,1.84631203116e-06,0.699228989492
0.00719920885142,2.07710103505e-06,0.608974515244
0.00719920885142,2.30789003895e-06,0.527637608013
0.00719920885142,2.53867904284e-06,0.463031041875
0.00719920885142,2.76946804674e-06,0.420055021127
0.00719920885142,3.00025705063e-06,0.401198403799
0.00719920885142,3.23104605453e-06,0.407543050271
0.00719920885142,3.46183505842e-06,0.439370026566
0.00719920885142,3.69262406232e-06,0.495847394038
0.00719920885142,3.92341306621e-06,0.573870311094
0.00719920885142,4.15420207011e-06,0.666716043855
0.00719920885142,4.384991074e-06,0.763566811377
0.00719920885142,4.6157800779e-06,0.850840772596
0.00719920885142,4.84656908179e-06,0.915442214929
0.00719920885142,5.07735808569e-06,0.948786125836
0.00719920885142,5.30814708958e-06,0.949647501084
0.00719920885142,5.53893609348e-06,0.924328262346
0.00719920885142,5.76972509737e-06,0.884149218892
0.00719920885142,6.00051410127e-06,0.841712847909
0.00719920885142,6.23130310516e-06,0.80769379267
0.00719920885142,6.46209210906e-06,0.789097652508
0.00719920885142,6.69288111295e-06,0.788850043077
0.00719920885142,6.92367011685e-06,0.806048725249
0.00719920885142,7.15445912074e-06,0.836395757475
0.00719920885142,7.38524812464e-06,0.872839295439
0.00719920885142,7.61603712853e-06,0.906774254888
0.00719920885142,7.84682613243e-06,0.929969797432
0.00719920885142,8.07761513632e-06,0.936812768283
0.00719920885142,8.30840414022e-06,0.925962475275
0.00719920885142,8.53919314411e-06,0.900602312067
0.00719920885142,8.76998214801e-06,0.867175450711
0.00719920885142,9.0007711519e-06,0.833273750262
0.00719920885142,9.23156015579e-06,0.805618841579
0.00719920885142,9.46234915969e-06,0.7887329818
0.00719920885142,9.69313816358e-06,0.784343529117
0.00719920885142,9.92392716748e-06,0.791245174426
0.00719920885142,1.01547161714e-05,0.805401063917
0.00719920885142,1.03855051753e-05,0.820342015806
0.00719920885142,1.06162941792e-05,0.828146129909
0.00719920885142,1.08470831831e-05,0.821203000799
0.00719920885142,1.1077872187e-05,0.794508103837
0.00719920885142,1.13086611908e-05,0.747630813027
0.00719920885142,1.15394501947e-05,0.68528131729
0.00719920885142,1.17702391986e-05,0.615975991388
0.00719920885142,1.20010282025e-05,0.54942199064
0.00719920885142,1.22318172064e-05,0.49403467703
0.00719920885142,1.24626062103e-05,0.455758393423
0.00719920885142,1.26933952142e-05,0.43828971934
0.00719920885142,1.29241842181e-05,0.443817150931
0.00719920885142,1.3154973222e-05,0.473217634996
0.00719920885142,1.33857622259e-05,0.525280058817
0.00719920885142,1.36165512298e-05,0.595430347939
0.00719920885142,1.38473402337e-05,0.675037820881
0.00719920885142,1.40781292376e-05,0.752319317562
0.00719920885142,1.43089182415e-05,0.815062281296
0.00719920885142,1.45397072454e-05,0.854229095482
0.00719920885142,1.47704962493e-05,0.866745900497
0.00719920885142,1.50012852532e-05,0.856078914525
0.00719920885142,1.52320742571e-05,0.830447342321
0.00719920885142,1.5462863261e-05,0.79979148305
0.00719920885142,1.56936522649e-05,0.772995031817
0.00719920885142,1.59244412687e-05,0.756267622354
0.00719920885142,1.61552302726e-05,0.752695471311
0.00719920885142,1.63860192765e-05,0.762443775902
0.00719920885142,1.66168082804e-05,0.783122312645
0.00719920885142,1.68475972843e-05,0.810165844341
0.00719920885142,1.70783862882e-05,0.837404729841
0.00719920885142,1.73091752921e-05,0.858086188695
0.00719920885142,1.7539964296e-05,0.866386222888
0.00719920885142,1.77707532999e-05,0.859047842277
0.00719920885142,1.80015423038e-05,0.836491502899
0.00719920885142,1.82323313077e-05,0.802856063651
0.00719920885142,1.84631203116e-05,0.764927990758
0.00719920885142,1.86939093155e-05,0.730429576289
0.00719920885142,1.89246983194e-05,0.706277087168
0.00719920885142,1.91554873233e-05,0.697175583721
0.00719920885142,1.93862763272e-05,0.704619969715
0.00719920885142,1.96170653311e-05,0.726314351799
0.00719920885142,1.9847854335e-05,0.756191980176
0.00719920885142,2.00786433389e-05,0.785363434125
0.00719920885142,2.03094323427e-05,0.804172910185
0.00719920885142,2.05402213466e-05,0.805020828439
0.00719920885142,2.07710103505e-05,0.784957670624
0.00719920885142,2.10017993544e-05,0.746791961952
0.00719920885142,2.12325883583e-05,0.698014479693
0.00719920885142,2.14633773622e-05,0.648036557447
0.00719920885142,2.16941663661e-05,0.605218720072
0.00719920885142,2.192495537e-05,0.575124891731
0.00719920885142,2.21557443739e-05,0.560444945089
0.00719920885142,2.23865333778e-05,0.561950913791
0.00719920885142,2.26173223817e-05,0.579467602092
0.00719920885142,2.28481113856e-05,0.612195556537
0.00719920885142,2.30789003895e-05,0.658349274259
0.00719920885142,2.33096893934e-05,0.714535956555
0.00719920885142,2.35404783973e-05,0.775460507163
0.00719920885142,2.37712674012e-05,0.8344198853
0.00719920885142,2.40020564051e-05,0.88467818089
0.00719920885142,2.4232845409e-05,0.921297009881
0.00719920885142,2.44636344129e-05,0.942610223582
0.00719920885142,2.46944234168e-05,0.95060114651
0.00719920885142,2.49252124206e-05,0.950002167154
0.00719920885142,2.51560014245e-05,0.946598991517
0.00719920885142,2.53867904284e-05,0.94549474396
0.00719920885142,2.56175794323e-05,0.949860688359
0.00719920885142,2.58483684362e-05,0.960294271546
0.00719920885142,2.60791574401e-05,0.974687062081
0.00719920885142,2.6309946444e-05,0.988544963086
0.00719920885142,2.65407354479e-05,0.995809752203
0.00719920885142,2.67715244518e-05,0.990194461696
0.00719920885142,2.70023134557e-05,0.966816863971
0.00719920885142,2.72331024596e-05,0.923644805449
0.00719920885142,2.74638914635e-05,0.862204062294
0.00719920885142,2.76946804674e-05,0.787282916602
0.00719920885142,2.79254694713e-05,0.705844584042
0.00719920885142,2.81562584752e-05,0.625668454963
0.00719920885142,2.83870474791e-05,0.554164860238
0.00719920885142,2.8617836483e-05,0.497495102082
0.00719920885142,2.88486254869e-05,0.459905640917
0.00719920885142,2.90794144908e-05,0.443199932758
0.00719920885142,2.93102034946e-05,0.446412781888
0.00719920885142,2.95409924985e-05,0.465858530912
0.00719920885142,2.97717815024e-05,0.495733628521
0.00719920885142,3.00025705063e-05,0.529354242012
0.00719920885142,3.02333595102e-05,0.560871260073
0.00719920885142,3.04641485141e-05,0.586957871718
0.00719920885142,3.0694937518e-05,0.60772202048
0.00719920885142,3.09257265219e-05,0.626275860728
0.00719920885142,3.11565155258e-05,0.647073971334
0.00719920885142,3.13873045297e-05,0.673886578585
0.00719920885142,3.16180935336e-05,0.708457902669
0.00719920885142,3.18488825375e-05,0.750317056378
0.00719920885142,3.20796715414e-05,0.797380785269
0.00719920885142,3.23104605453e-05,0.846620337437
0.00719920885142,3.25412495492e-05,0.894351615275
0.00719920885142,3.27720385531e-05,0.936257013744
0.00719920885142,3.3002827557e-05,0.967568578376
0.00719920885142,3.32336165609e-05,0.983746125065
0.00719920885142,3.34644055648e-05,0.981601108647
0.00719920885142,3.36951945687e-05,0.96042659794
0.00719920885142,3.39259835725e-05,0.922564786111
0.00719920885142,3.41567725764e-05,0.873088222445
0.00719920885142,3.43875615803e-05,0.818734106276
0.00719920885142,3.46183505842e-05,0.766571490834
0.00719920885142,3.48491395881e-05,0.722868776101
0.00719920885142,3.5079928592e-05,0.692358218865
0.00719920885142,3.53107175959e-05,0.677848843267
0.00719920885142,3.55415065998e-05,0.680080120476
0.00719920885142,3.57722956037e-05,0.697772247761
0.00719920885142,3.60030846076e-05,0.727882505678
0.00719920885142,3.62338736115e-05,0.766067722366
0.00719920885142,3.64646626154e-05,0.807299276771
0.00719920885142,3.66954516193e-05,0.846513679476
0.00719920885142,3.69262406232e-05,0.879154650192
0.00719920885142,3.71570296271e-05,0.90152939379
0.00719920885142,3.7387818631e-05,0.911057196199
0.00719920885142,3.76186076349e-05,0.906589505156
0.00719920885142,3.78493966388e-05,0.888848555443
0.00719920885142,3.80801856427e-05,0.86070878124
0.00719920885142,3.83109746465e-05,0.826865491931
0.00719920885142,3.85417636504e-05,0.792689882105
0.00719920885142,3.87725526543e-05,0.762627168841
0.00719920885142,3.90033416582e-05,0.738893254198
0.00719920885142,3.92341306621e-05,0.721138850017
0.00719920885142,3.9464919666e-05,0.707256511451
0.00719920885142,3.96957086699e-05,0.694926339481
0.00719920885142,3.99264976738e-05,0.683121702849
0.00719920885142,4.01572866777e-05,0.672796360239
0.00719920885142,4.03880756816e-05,0.666394614266
0.00719920885142,4.06188646855e-05,0.66650721559
0.00719920885142,4.08496536894e-05,0.674524622283
0.00719920885142,4.10804426933e-05,0.690091926393
0.00719920885142,4.13112316972e-05,0.711543190431
0.00719920885142,4.15420207011e-05,0.736802928089
0.00719920885142,4.1772809705e-05,0.764045852756
0.00719920885142,4.20035987089e-05,0.791762199664
0.00719920885142,4.22343877128e-05,0.818376388671
0.00719920885142,4.24651767167e-05,0.841815259842
0.00719920885142,4.26959657206e-05,0.859352944338
0.00719920885142,4.29267547244e-05,0.867843966351
0.00719920885142,4.31575437283e-05,0.864267251793
0.00719920885142,4.33883327322e-05,0.846414915444
0.00719920885142,4.36191217361e-05,0.813567959875
0.00719920885142,4.384991074e-05,0.767050660985
0.00719920885142,4.40806997439e-05,0.710558692281
0.00719920885142,4.43114887478e-05,0.650080678855
0.00719920885142,4.45422777517e-05,0.593195207031
0.00719920885142,4.47730667556e-05,0.547703334945
0.00719920885142,4.50038557595e-05,0.519938312156
0.00719920885142,4.52346447634e-05,0.513392013071
0.00719920885142,4.54654337673e-05,0.528218350353
0.00719920885142,4.56962227712e-05,0.561735939897
0.00719920885142,4.59270117751e-05,0.609560378821
0.00719920885142,4.6157800779e-05,0.666751628305
0.00719920885142,4.63885897829e-05,0.728465673827
0.00719920885142,4.66193787868e-05,0.789974059759
0.00719920885142,4.68501677907e-05,0.84637183723
0.00719920885142,4.70809567946e-05,0.892560774227
0.00719920885142,4.73117457984e-05,0.923922835716
0.00719920885142,4.75425348023e-05,0.937521867974
0.00719920885142,4.77733238062e-05,0.933123182402
0.00719920885142,4.80041128101e-05,0.913311408329
0.00719920885142,4.8234901814e-05,0.882569443173
0.00719920885142,4.84656908179e-05,0.845857184024
0.00719920885142,4.86964798218e-05,0.807455443249
0.00719920885142,4.89272688257e-05,0.770531681825
0.00719920885142,4.91580578296e-05,0.73736986621
0.00719920885142,4.93888468335e-05,0.709847228989
0.00719920885142,4.96196358374e-05,0.689687203383
0.00719920885142,4.98504248413e-05,0.678244900616
0.00719920885142,5.00812138452e-05,0.675969306546
0.00719920885142,5.03120028491e-05,0.682016567353
0.00719920885142,5.0542791853e-05,0.694487088605
0.00719920885142,5.07735808569e-05,0.711324492349
0.00719920885142,5.10043698608e-05,0.73134121785
0.00719920885142,5.12351588647e-05,0.754644613644
0.00719920885142,5.14659478686e-05,0.782148069704
0.00719920885142,5.16967368725e-05,0.8145051054
0.00719920885142,5.19275258763e-05,0.851133282408
0.00719920885142,5.21583148802e-05,0.889800844665
0.00719920885142,5.23891038841e-05,0.926812088095
0.00719920885142,5.2619892888e-05,0.957536866319
0.00719920885142,5.28506818919e-05,0.977039921374
0.00719920885142,5.30814708958e-05,0.980762717438
0.00719920885142,5.33122598997e-05,0.965362467104
0.00719920885142,5.35430489036e-05,0.929734090776
0.00719920885142,5.37738379075e-05,0.875934287973
0.00719920885142,5.40046269114e-05,0.809453237053
0.00719920885142,5.42354159153e-05,0.738390588383
0.00719920885142,5.44662049192e-05,0.671658111531
0.00719920885142,5.46969939231e-05,0.616956227127
0.00719920885142,5.4927782927e-05,0.579425917448
0.00719920885142,5.51585719309e-05,0.561428429891
0.00719920885142,5.53893609348e-05,0.563225752415
0.00719920885142,5.56201499387e-05,0.583904324626
0.00719920885142,5.58509389426e-05,0.621897621872
0.00719920885142,5.60817279465e-05,0.674815363923
0.00719920885142,5.63125169503e-05,0.738771105204
0.00719920885142,5.65433059542e-05,0.807806399974
0.00719920885142,5.67740949581e-05,0.874109748637
0.00719920885142,5.7004883962e-05,0.929353047558
0.00719920885142,5.72356729659e-05,0.966740457544
0.00719920885142,5.74664619698e-05,0.982784509399
0.00719920885142,5.76972509737e-05,0.977905836135
0.00719920885142,5.79280399776e-05,0.955680992679
0.00719920885142,5.81588289815e-05,0.921338691445
0.00719920885142,5.83896179854e-05,0.880330906467
0.00719920885142,5.86204069893e-05,0.837437598616
0.00719920885142,5.88511959932e-05,0.796338022589
0.00719920885142,5.90819849971e-05,0.759331990993
0.00719920885142,5.9312774001e-05,0.727035720833
0.00719920885142,5.95435630049e-05,0.698225128764
0.00719920885142,5.97743520088e-05,0.670235910373
0.00719920885142,6.00051410127e-05,0.640179311983
0.00719920885142,6.02359300166e-05,0.606678812243
0.00719920885142,6.04667190205e-05,0.571257229682
0.00719920885142,6.06975080244e-05,0.538468325922
0.00719920885142,6.09282970282e-05,0.514560455623
0.00719920885142,6.11590860321e-05,0.505384093691
0.00719920885142,6.1389875036e-05,0.51464738036
0.00719920885142,6.16206640399e-05,0.543214531765
0.00719920885142,6.18514530438e-05,0.58936839526
0.00719920885142,6.20822420477e-05,0.649454586915
0.00719920885142,6.23130310516e-05,0.718360394019
0.00719920885142,6.25438200555e-05,0.789689970846
0.00719920885142,6.27746090594e-05,0.855939640201
0.00719920885142,6.30053980633e-05,0.909162745406
0.00719920885142,6.32361870672e-05,0.942388217777
0.00719920885142,6.34669760711e-05,0.951492132142
0.00719920885142,6.3697765075e-05,0.936682482786
0.00719920885142,6.39285540789e-05,0.902726275649
0.00719920885142,6.41593430828e-05,0.857678544304
0.00719920885142,6.43901320867e-05,0.810728028548
0.00719920885142,6.46209210906e-05,0.770173010329
0.00719920885142,6.48517100945e-05,0.742216221293
0.00719920885142,6.50824990984e-05,0.73058624583
0.00719920885142,6.53132881022e-05,0.736531138927
0.00719920885142,6.55440771061e-05,0.758762337228
0.00719920885142,6.577486611e-05,0.793316678
0.00719920885142,6.60056551139e-05,0.833712661084
0.00719920885142,6.62364441178e-05,0.871881839548
0.00719920885142,6.64672331217e-05,0.900002608783
0.00719920885142,6.66980221256e-05,0.912705892467
0.00719920885142,6.69288111295e-05,0.908640258901
0.00719920885142,6.71596001334e-05,0.890563846543
0.00719920885142,6.73903891373e-05,0.863957807182
0.00719920885142,6.76211781412e-05,0.835003732599
0.00719920885142,6.78519671451e-05,0.80895870655
0.00719920885142,6.8082756149e-05,0.789430496196
0.00719920885142,6.83135451529e-05,0.778343700349
0.00719920885142,6.85443341568e-05,0.776054052633
0.00719920885142,6.87751231607e-05,0.781241550442
0.00719920885142,6.90059121646e-05,0.790654211177
0.00719920885142,6.92367011685e-05,0.799154786301
0.00719920885142,6.94674901724e-05,0.800584556237
0.00719920885142,6.96982791763e-05,0.789577349991
0.00719920885142,6.99290681801e-05,0.763764782296
0.00719920885142,7.0159857184e-05,0.725272351729
0.00719920885142,7.03906461879e-05,0.680549241249
0.00719920885142,7.06214351918e-05,0.638467860834
0.00719920885142,7.08522241957e-05,0.607642050421
0.00719920885142,7.10830131996e-05,0.594241023405
0.00719920885142,7.13138022035e-05,0.601026040503
0.00719920885142,7.15445912074e-05,0.62746776683
0.00719920885142,7.17753802113e-05,0.670311945016
0.00719920885142,7.20061692152e-05,0.724081183136
0.00719920885142,7.22369582191e-05,0.781465879812
0.00719920885142,7.2467747223e-05,0.833947951508
0.00719920885142,7.26985362269e-05,0.873028430362
0.00719920885142,7.29293252308e-05,0.892049519625
0.00719920885142,7.31601142347e-05,0.888045297693
0.00719920885142,7.33909032386e-05,0.862751479717
0.00719920885142,7.36216922425e-05,0.822181822935
0.00719920885142,7.38524812464e-05,0.774915987701
0.00719920885142,7.40832702503e-05,0.729889887361
0.00719920885142,7.43140592541e-05,0.694549610995
0.00719920885142,7.4544848258e-05,0.673765639156
0.00719920885142,7.47756372619e-05,0.669375659275
0.00719920885142,7.50064262658e-05,0.680040322007
0.00719920885142,7.52372152697e-05,0.701294050992
0.00719920885142,7.54680042736e-05,0.726001880957
0.00719920885142,7.56987932775e-05,0.745583932719
0.00719920885142,7.59295822814e-05,0.752135568343
0.00719920885142,7.61603712853e-05,0.740977121531
0.00719920885142,7.63911602892e-05,0.712567398306
0.00719920885142,7.66219492931e-05,0.67267110018
0.00719920885142,7.6852738297e-05,0.630469062572
0.00719920885142,7.70835273009e-05,0.595501953041
0.00719920885142,7.73143163048e-05,0.575002073367
0.00719920885142,7.75451053087e-05,0.572735848304
0.00719920885142,7.77758943126e-05,0.589358800897
0.00719920885142,7.80066833165e-05,0.623415037729
0.00719920885142,7.82374723204e-05,0.672054413012
0.00719920885142,7.84682613243e-05,0.731112706199
0.00719920885142,7.86990503282e-05,0.794862617741
0.00719920885142,7.8929839332e-05,0.856082676971
0.00719920885142,7.91606283359e-05,0.906969072032
0.00719920885142,7.93914173398e-05,0.94090489295
0.00719920885142,7.96222063437e-05,0.954461326361
0.00719920885142,7.98529953476e-05,0.948648206537
0.00719920885142,8.00837843515e-05,0.928687047359
0.00719920885142,8.03145733554e-05,0.902352526724
0.00719920885142,8.05453623593e-05,0.877669034943
0.00719920885142,8.07761513632e-05,0.860921097012
0.00719920885142,8.10069403671e-05,0.855515858849
0.00719920885142,8.1237729371e-05,0.861671315338
0.00719920885142,8.14685183749e-05,0.876632754206
0.00719920885142,8.16993073788e-05,0.895214070744
0.00719920885142,8.19300963827e-05,0.910688544242
0.00719920885142,8.21608853866e-05,0.916139794865
0.00719920885142,8.23916743905e-05,0.906198595778
0.00719920885142,8.26224633944e-05,0.878726874444
0.00719920885142,8.28532523983e-05,0.835756376609
0.00719920885142,8.30840414022e-05,0.78315189249
0.00719920885142,8.3314830406e-05,0.729064361534
0.00719920885142,8.35456194099e-05,0.681865562966
0.00719920885142,8.37764084138e-05,0.648408816061
0.00719920885142,8.40071974177e-05,0.633043748166
0.00719920885142,8.42379864216e-05,0.6372455476
0.00719920885142,8.44687754255e-05,0.659483051798
0.00719920885142,8.46995644294e-05,0.695144274137
0.00719920885142,8.49303534333e-05,0.736698525428
0.00719920885142,8.51611424372e-05,0.774488037527
0.00719920885142,8.53919314411e-05,0.798441764598
0.00719920885142,8.5622720445e-05,0.800577921205
0.00719920885142,8.58535094489e-05,0.777565930264
0.00719920885142,8.60842984528e-05,0.732217418029
0.00719920885142,8.63150874567e-05,0.672996318338
0.00719920885142,8.65458764606e-05,0.611561399115
0.00719920885142,8.67766654645e-05,0.559436103492
0.00719920885142,8.70074544684e-05,0.525312524124
0.00719920885142,8.72382434723e-05,0.513911615908
0.00719920885142,8.74690324762e-05,0.526266667512
0.00719920885142,8.76998214801e-05,0.560614217852
0.00719920885142,8.79306104839e-05,0.61313728443
0.00719920885142,8.81613994878e-05,0.678332344373
0.00719920885142,8.83921884917e-05,0.749267337765
0.00719920885142,8.86229774956e-05,0.8181633096
0.00719920885142,8.88537664995e-05,0.877537219314
0.00719920885142,8.90845555034e-05,0.921728311489
0.00719920885142,8.93153445073e-05,0.948240419948
0.00719920885142,8.95461335112e-05,0.958242903848
0.00719920885142,8.97769225151e-05,0.955907505734
0.00719920885142,9.0007711519e-05,0.946828093545
0.00719920885142,9.02385005229e-05,0.93617916545
0.00719920885142,9.04692895268e-05,0.927262770964
0.00719920885142,9.07000785307e-05,0.920775801744
0.00719920885142,9.09308675346e-05,0.914804929593
0.00719920885142,9.11616565385e-05,0.905417794628
0.00719920885142,9.13924455424e-05,0.887728565356
0.00719920885142,9.16232345463e-05,0.85732006069
0.00719920885142,9.18540235502e-05,0.811794278283
0.00719920885142,9.20848125541e-05,0.752024284854
0.00719920885142,9.23156015579e-05,0.682565837553
0.00719920885142,9.25463905618e-05,0.610879084745
0.00719920885142,9.27771795657e-05,0.545555072386
0.00719920885142,9.30079685696e-05,0.494326655762
0.00719920885142,9.32387575735e-05,0.462764833798
0.00719920885142,9.34695465774e-05,0.454027452802
0.00719920885142,9.37003355813e-05,0.46925752295
0.00719920885142,9.39311245852e-05,0.507886434476
0.00719920885142,9.41619135891e-05,0.567417848677
0.00719920885142,9.4392702593e-05,0.642882231897
0.00719920885142,9.46234915969e-05,0.726547156733
0.00719920885142,9.48542806008e-05,0.808442145258
0.00719920885142,9.50850696047e-05,0.87791405335
0.00719920885142,9.53158586086e-05,0.925945857991
0.00719920885142,9.55466476125e-05,0.947510287211
0.00719920885142,9.57774366164e-05,0.943008367126
0.00719920885142,9.60082256203e-05,0.91809056693
0.00719920885142,9.62390146242e-05,0.881866175109
0.00719920885142,9.64698036281e-05,0.844274853981
0.00719920885142,9.6700592632e-05,0.813692278235
0.00719920885142,9.69313816358e-05,0.795500632561
0.00719920885142,9.71621706397e-05,0.791723525007
0.00719920885142,9.73929596436e-05,0.801392710392
0.00719920885142,9.76237486475e-05,0.821265690771
0.00719920885142,9.78545376514e-05,0.846687991561
0.00719920885142,9.80853266553e-05,0.87255070365
0.00719920885142,9.83161156592e-05,0.894314442258
0.00719920885142,9.85469046631e-05,0.908973614032
0.00719920885142,9.8777693667e-05,0.915715898281
0.00719920885142,9.90084826709e-05,0.916011872838
0.00719920885142,9.92392716748e-05,0.913021234132
0.00719920885142,9.94700606787e-05,0.910468605455
0.00719920885142,9.97008496826e-05,0.911353266795
0.00719920885142,9.99316386865e-05,0.916878881608
0.00719920885142,0.00010016242769,0.925853572275
0.00719920885142,0.000100393216694,0.9346589954
0.00719920885142,0.000100624005698,0.937802269432
0.00719920885142,0.000100854794702,0.929011288889
0.00719920885142,0.000101085583706,0.902743663566
0.00719920885142,0.00010131637271,0.855831855359
0.00719920885142,0.000101547161714,0.788820108356
0.00719920885142,0.000101777950718,0.706461055591
0.00719920885142,0.000102008739722,0.616983978881
0.00719920885142,0.000102239528725,0.530216050733
0.00719920885142,0.000102470317729,0.455265303549
0.00719920885142,0.000102701106733,0.398801235739
0.00719920885142,0.000102931895737,0.364610128075
0.00719920885142,0.000103162684741,0.354232533072
0.00719920885142,0.000103393473745,0.367819453862
0.00719920885142,0.000103624262749,0.404431088602
0.00719920885142,0.000103855051753,0.461677827045
0.00719920885142,0.000104085840757,0.535206398685
0.00719920885142,0.00010431662976,0.6186258035
0.00719920885142,0.000104547418764,0.704147140714
0.00719920885142,0.000104778207768,0.783822849044
0.00719920885142,0.000105008996772,0.851022741089
0.00719920885142,0.000105239785776,0.901691157947
0.00719920885142,0.00010547057478,0.934968438064
0.00719920885142,0.000105701363784,0.952947602301
0.00719920885142,0.000105932152788,0.959650086111
0.00719920885142,0.000106162941792,0.95960325944
0.00719920885142,0.000106393730796,0.956515271255
0.00719920885142,0.000106624519799,0.95242574607
0.00719920885142,0.000106855308803,0.947480436558
0.00719920885142,0.000107086097807,0.940278013484
0.00719920885142,0.000107316886811,0.928621815624
0.00719920885142,0.000107547675815,0.910456741454
0.00719920885142,0.000107778464819,0.884753321285
0.00719920885142,0.000108009253823,0.852113175242
0.00719920885142,0.000108240042827,0.814927857864
0.00719920885142,0.000108470831831,0.777044178428
0.00719920885142,0.000108701620834,0.743054062885
0.00719920885142,0.000108932409838,0.717447076141
0.00719920885142,0.000109163198842,0.703836342373
0.00719920885142,0.000109393987846,0.704313673416
0.00719920885142,0.00010962477685,0.718887069631
0.00719920885142,0.000109855565854,0.745052273569
0.00719920885142,0.000110086354858,0.777749208952
0.00719920885142,0.000110317143862,0.809986967153
0.00719920885142,0.000110547932866,0.834175052188
0.00719920885142,0.00011077872187,0.843849328764
0.00719920885142,0.000111009510873,0.835277644747
0.00719920885142,0.000111240299877,0.8084516481
0.00719920885142,0.000111471088881,0.767144072436
0.00719920885142,0.000111701877885,0.717971691756
0.00719920885142,0.000111932666889,0.668739238047
0.00719920885142,0.000112163455893,0.626657531952
0.00719920885142,0.000112394244897,0.597103345003
0.00719920885142,0.000112625033901,0.583256399222
0.00719920885142,0.000112855822905,0.586388795997
0.00719920885142,0.000113086611908,0.60625203553
0.00719920885142,0.000113317400912,0.641185397549
0.00719920885142,0.000113548189916,0.688034281982
0.00719920885142,0.00011377897892,0.74224773775
0.00719920885142,0.000114009767924,0.798410113918
0.00719920885142,0.000114240556928,0.85114048286
0.00719920885142,0.000114471345932,0.896058780405
0.00719920885142,0.000114702134936,0.930488641316
0.00719920885142,0.00011493292394,0.953687010342
0.00719920885142,0.000115163712944,0.966564000092
0.00719920885142,0.000115394501947,0.971017499219
0.00719920885142,0.000115625290951,0.969110139856
0.00719920885142,0.000115856079955,0.962335833578
0.00719920885142,0.000116086868959,0.95117368569
0.00719920885142,0.000116317657963,0.935044549479
0.00719920885142,0.000116548446967,0.9126812455
0.00719920885142,0.000116779235971,0.882793281534
0.00719920885142,0.000117010024975,0.84478653201
0.00719920885142,0.000117240813979,0.799262251681
0.00719920885142,0.000117471602982,0.748107113394
0.00719920885142,0.000117702391986,0.694160170408
0.00719920885142,0.00011793318099,0.640630868869
0.00798800983492,0,1
0.00798800983492,2.30789003895e-07,0.999742737155
0.00798800983492,4.6157800779e-07,0.996180389059
0.00798800983492,6.92367011685e-07,0.981890491016
0.00798800983492,9.23156015579e-07,0.947832642599
0.00798800983492,1.15394501947e-06,0.887706613784
0.00798800983492,1.38473402337e-06,0.801951715855
0.00798800983492,1.61552302726e-06,0.699057751024
0.00798800983492,1.84631203116e-06,0.593057347906
0.00798800983492,2.07710103505e-06,0.498628453328
0.00798800983492,2.30789003895e-06,0.426877815946
0.00798800983492,2.53867904284e-06,0.383998942368
0.00798800983492,2.76946804674e-06,0.372575300185
0.00798800983492,3.00025705063e-06,0.393559505969
0.00798800983492,3.23104605453e-06,0.446947519307
0.00798800983492,3.46183505842e-06,0.530362016175
0.00798800983492,3.69262406232e-06,0.636319290915
0.00798800983492,3.92341306621e-06,0.750312145916
0.00798800983492,4.15420207011e-06,0.852225172802
0.00798800983492,4.384991074e-06,0.922047941593
0.00798800983492,4.6157800779e-06,0.947634124525
0.00798800983492,4.84656908179e-06,0.929879110948
0.00798800983492,5.07735808569e-06,0.881896258818
0.00798800983492,5.30814708958e-06,0.822977579697
0.00798800983492,5.53893609348e-06,0.771431590743
0.00798800983492,5.76972509737e-06,0.739982267732
0.00798800983492,6.00051410127e-06,0.734492349967
0.00798800983492,6.23130310516e-06,0.754499393308
0.00798800983492,6.46209210906e-06,0.794017367023
0.00798800983492,6.69288111295e-06,0.842461991803
0.00798800983492,6.92367011685e-06,0.886648376495
0.00798800983492,7.15445912074e-06,0.914410172719
0.00798800983492,7.38524812464e-06,0.918777617508
0.00798800983492,7.61603712853e-06,0.900456543351
0.00798800983492,7.84682613243e-06,0.86704490282
0.00798800983492,8.07761513632e-06,0.82955767298
0.00798800983492,8.30840414022e-06,0.79837710525
0.00798800983492,8.53919314411e-06,0.780435930453
0.00798800983492,8.76998214801e-06,0.778023247005
0.00798800983492,9.0007711519e-06,0.788607476538
0.00798800983492,9.23156015579e-06,0.805156565985
0.00798800983492,9.46234915969e-06,0.817150828307
0.00798800983492,9.69313816358e-06,0.812940434965
0.00798800983492,9.92392716748e-06,0.783592828294
0.00798800983492,1.01547161714e-05,0.726949508989
0.00798800983492,1.03855051753e-05,0.649472420577
0.00798800983492,1.06162941792e-05,0.564225701943
0.00798800983492,1.08470831831e-05,0.486015123694
0.00798800983492,1.1077872187e-05,0.426889118512
0.00798800983492,1.13086611908e-05,0.394536192877
0.00798800983492,1.15394501947e-05,0.393258759035
0.00798800983492,1.17702391986e-05,0.425087836286
0.00798800983492,1.20010282025e-05,0.489033796258
0.00798800983492,1.22318172064e-05,0.578687001727
0.00798800983492,1.24626062103e-05,0.680449201568
0.00798800983492,1.26933952142e-05,0.775046596532
0.00798800983492,1.29241842181e-05,0.843109679245
0.00798800983492,1.3154973222e-05,0.872462674281
0.00798800983492,1.33857622259e-05,0.862827101043
0.00798800983492,1.36165512298e-05,0.825018590899
0.00798800983492,1.38473402337e-05,0.775527446698
0.00798800983492,1.40781292376e-05,0.730177058081
0.00798800983492,1.43089182415e-05,0.700089242457
0.00798800983492,1.45397072454e-05,0.690636465868
0.00798800983492,1.47704962493e-05,0.70209510618
0.00798800983492,1.50012852532e-05,0.73054792027
0.00798800983492,1.52320742571e-05,0.76857364484
0.00798800983492,1.5462863261e-05,0.806247990803
0.00798800983492,1.56936522649e-05,0.833203212751
0.00798800983492,1.59244412687e-05,0.84175779103
0.00798800983492,1.61552302726e-05,0.829927183365
0.00798800983492,1.63860192765e-05,0.80256544328
0.00798800983492,1.66168082804e-05,0.769753721923
0.00798800983492,1.68475972843e-05,0.743232583413
0.00798800983492,1.70783862882e-05,0.732620460284
0.00798800983492,1.73091752921e-05,0.742687107325
0.00798800983492,1.7539964296e-05,0.771946920732
0.00798800983492,1.77707532999e-05,0.81246742852
0.00798800983492,1.80015423038e-05,0.851147086817
0.00798800983492,1.82323313077e-05,0.872947832268
0.00798800983492,1.84631203116e-05,0.865861732889
0.00798800983492,1.86939093155e-05,0.825866894526
0.00798800983492,1.89246983194e-05,0.759100836175
0.00798800983492,1.91554873233e-05,0.679509452954
0.00798800983492,1.93862763272e-05,0.603167902354
0.00798800983492,1.96170653311e-05,0.542824649679
0.00798800983492,1.9847854335e-05,0.505627240557
0.00798800983492,2.00786433389e-05,0.494118965652
0.00798800983492,2.03094323427e-05,0.508343408907
0.00798800983492,2.05402213466e-05,0.546945851675
0.00798800983492,2.07710103505e-05,0.606690396288
0.00798800983492,2.10017993544e-05,0.681233070639
0.00798800983492,2.12325883583e-05,0.760587784249
0.00798800983492,2.14633773622e-05,0.832477293187
0.00798800983492,2.16941663661e-05,0.88571886061
0.00798800983492,2.192495537e-05,0.914270634193
0.00798800983492,2.21557443739e-05,0.919611915149
0.00798800983492,2.23865333778e-05,0.909863548038
0.00798800983492,2.26173223817e-05,0.896150941059
0.00798800983492,2.28481113856e-05,0.888323334849
0.00798800983492,2.30789003895e-05,0.891930681552
0.00798800983492,2.33096893934e-05,0.90699245014
0.00798800983492,2.35404783973e-05,0.928149805436
0.00798800983492,2.37712674012e-05,0.945861905042
0.00798800983492,2.40020564051e-05,0.948719597782
0.00798800983492,2.4232845409e-05,0.926845760813
0.00798800983492,2.44636344129e-05,0.875566238741
0.00798800983492,2.46944234168e-05,0.797754168528
0.00798800983492,2.49252124206e-05,0.703460378228
0.00798800983492,2.51560014245e-05,0.606872826193
0.00798800983492,2.53867904284e-05,0.522210931532
0.00798800983492,2.56175794323e-05,0.460459774464
0.00798800983492,2.58483684362e-05,0.427788328589
0.00798800983492,2.60791574401e-05,0.42529205143
0.00798800983492,2.6309946444e-05,0.449345112368
0.00798800983492,2.65407354479e-05,0.492243384891
0.00798800983492,2.67715244518e-05,0.543346931499
0.00798800983492,2.70023134557e-05,0.591132438172
0.00798800983492,2.72331024596e-05,0.626208334432
0.00798800983492,2.74638914635e-05,0.644455840474
0.00798800983492,2.76946804674e-05,0.648646945016
0.00798800983492,2.79254694713e-05,0.647195259747
0.00798800983492,2.81562584752e-05,0.650419798326
0.00798800983492,2.83870474791e-05,0.666478689087
0.00798800983492,2.8617836483e-05,0.699115905195
0.00798800983492,2.88486254869e-05,0.747575356825
0.00798800983492,2.90794144908e-05,0.807460585157
0.00798800983492,2.93102034946e-05,0.871421870249
0.00798800983492,2.95409924985e-05,0.929745526313
0.00798800983492,2.97717815024e-05,0.971705859765
0.00798800983492,3.00025705063e-05,0.988182543945
0.00798800983492,3.02333595102e-05,0.974894233261
0.00798800983492,3.04641485141e-05,0.934598777715
0.00798800983492,3.0694937518e-05,0.876728311403
0.00798800983492,3.09257265219e-05,0.814372684209
0.00798800983492,3.11565155258e-05,0.760221651604
0.00798800983492,3.13873045297e-05,0.72350046157
0.00798800983492,3.16180935336e-05,0.708808379676
0.00798800983492,3.18488825375e-05,0.716369208
0.00798800983492,3.20796715414e-05,0.742749944838
0.00798800983492,3.23104605453e-05,0.781555609258
0.00798800983492,3.25412495492e-05,0.824199152567
0.00798800983492,3.27720385531e-05,0.861081443752
0.00798800983492,3.3002827557e-05,0.883347530292
0.00798800983492,3.32336165609e-05,0.884948331785
0.00798800983492,3.34644055648e-05,0.86431195967
0.00798800983492,3.36951945687e-05,0.824899205123
0.00798800983492,3.39259835725e-05,0.774392305106
0.00798800983492,3.41567725764e-05,0.722822917684
0.00798800983492,3.43875615803e-05,0.680122908246
0.00798800983492,3.46183505842e-05,0.653528460094
0.00798800983492,3.48491395881e-05,0.645418085491
0.00798800983492,3.5079928592e-05,0.652421709758
0.00798800983492,3.53107175959e-05,0.666482673585
0.00798800983492,3.55415065998e-05,0.677830744952
0.00798800983492,3.57722956037e-05,0.678897851489
0.00798800983492,3.60030846076e-05,0.667544107568
0.00798800983492,3.62338736115e-05,0.647967023249
0.00798800983492,3.64646626154e-05,0.628656150823
0.00798800983492,3.66954516193e-05,0.618454481069
0.00798800983492,3.69262406232e-05,0.62298803181
0.00798800983492,3.71570296271e-05,0.643246372164
0.00798800983492,3.7387818631e-05,0.676318192098
0.00798800983492,3.76186076349e-05,0.716937843398
0.00798800983492,3.78493966388e-05,0.758649229413
0.00798800983492,3.80801856427e-05,0.794415237622
0.00798800983492,3.83109746465e-05,0.817210380141
0.00798800983492,3.85417636504e-05,0.821099651099
0.00798800983492,3.87725526543e-05,0.802805596121
0.00798800983492,3.90033416582e-05,0.763198480439
0.00798800983492,3.92341306621e-05,0.707871736954
0.00798800983492,3.9464919666e-05,0.646281494398
0.00798800983492,3.96957086699e-05,0.58972060997
0.00798800983492,3.99264976738e-05,0.548984887103
0.00798800983492,4.01572866777e-05,0.532421162846
0.00798800983492,4.03880756816e-05,0.544488645476
0.00798800983492,4.06188646855e-05,0.584810943858
0.00798800983492,4.08496536894e-05,0.647999858285
0.00798800983492,4.10804426933e-05,0.724626011259
0.00798800983492,4.13112316972e-05,0.803282952789
0.00798800983492,4.15420207011e-05,0.87313058647
0.00798800983492,4.1772809705e-05,0.926069654598
0.00798800983492,4.20035987089e-05,0.95789400631
0.00798800983492,4.22343877128e-05,0.968260716154
0.00798800983492,4.24651767167e-05,0.959845661997
0.00798800983492,4.26959657206e-05,0.937238910575
0.00798800983492,4.29267547244e-05,0.905843001242
0.00798800983492,4.31575437283e-05,0.870696004517
0.00798800983492,4.33883327322e-05,0.835270424674
0.00798800983492,4.36191217361e-05,0.800726813824
0.00798800983492,4.384991074e-05,0.766171412509
0.00798800983492,4.40806997439e-05,0.729975452108
0.00798800983492,4.43114887478e-05,0.691597164793
0.00798800983492,4.45422777517e-05,0.653036506628
0.00798800983492,4.47730667556e-05,0.61913580271
0.00798800983492,4.50038557595e-05,0.596403129228
0.00798800983492,4.52346447634e-05,0.590821296462
0.00798800983492,4.54654337673e-05,0.605788755598
0.00798800983492,4.56962227712e-05,0.641222649135
0.00798800983492,4.59270117751e-05,0.693860785371
0.00798800983492,4.6157800779e-05,0.757932173841
0.00798800983492,4.63885897829e-05,0.825583355684
0.00798800983492,4.66193787868e-05,0.887335803735
0.00798800983492,4.68501677907e-05,0.933212323381
0.00798800983492,4.70809567946e-05,0.954645758022
0.00798800983492,4.73117457984e-05,0.946564268765
0.00798800983492,4.75425348023e-05,0.908799672836
0.00798800983492,4.77733238062e-05,0.846252058981
0.00798800983492,4.80041128101e-05,0.76781257165
0.00798800983492,4.8234901814e-05,0.68457339355
0.00798800983492,4.84656908179e-05,0.607976000095
0.00798800983492,4.86964798218e-05,0.548177804282
0.00798800983492,4.89272688257e-05,0.512550728115
0.00798800983492,4.91580578296e-05,0.504409705754
0.00798800983492,4.93888468335e-05,0.522528723987
0.00798800983492,4.96196358374e-05,0.56193768315
0.00798800983492,4.98504248413e-05,0.615769325317
0.00798800983492,5.00812138452e-05,0.677266119693
0.00798800983492,5.03120028491e-05,0.741051806733
0.00798800983492,5.0542791853e-05,0.803296289909
0.00798800983492,5.07735808569e-05,0.861018741209
0.00798800983492,5.10043698608e-05,0.911187340201
0.00798800983492,5.12351588647e-05,0.950308889773
0.00798800983492,5.14659478686e-05,0.974772176251
0.00798800983492,5.16967368725e-05,0.981586205702
0.00798800983492,5.19275258763e-05,0.968937414598
0.00798800983492,5.21583148802e-05,0.936407195622
0.00798800983492,5.23891038841e-05,0.885177797338
0.00798800983492,5.2619892888e-05,0.818466184433
0.00798800983492,5.28506818919e-05,0.741897632299
0.00798800983492,5.30814708958e-05,0.663215520378
0.00798800983492,5.33122598997e-05,0.590979197434
0.00798800983492,5.35430489036e-05,0.532577442057
0.00798800983492,5.37738379075e-05,0.492554220395
0.00798800983492,5.40046269114e-05,0.472331611332
0.00798800983492,5.42354159153e-05,0.471515182018
0.00798800983492,5.44662049192e-05,0.489565873713
0.00798800983492,5.46969939231e-05,0.526150936868
0.00798800983492,5.4927782927e-05,0.579770830841
0.00798800983492,5.51585719309e-05,0.646090499809
0.00798800983492,5.53893609348e-05,0.717754780221
0.00798800983492,5.56201499387e-05,0.786056949237
0.00798800983492,5.58509389426e-05,0.843316621699
0.00798800983492,5.60817279465e-05,0.884577681728
0.00798800983492,5.63125169503e-05,0.908040345683
0.00798800983492,5.65433059542e-05,0.914531269161
0.00798800983492,5.67740949581e-05,0.906711208663
0.00798800983492,5.7004883962e-05,0.888552598712
0.00798800983492,5.72356729659e-05,0.86507173431
0.00798800983492,5.74664619698e-05,0.841818104379
0.00798800983492,5.76972509737e-05,0.823767403873
0.00798800983492,5.79280399776e-05,0.814022276061
0.00798800983492,5.81588289815e-05,0.813238043114
0.00798800983492,5.83896179854e-05,0.820241694361
0.00798800983492,5.86204069893e-05,0.833325999646
0.00798800983492,5.88511959932e-05,0.851207856808
0.00798800983492,5.90819849971e-05,0.87303219478
0.00798800983492,5.9312774001e-05,0.897599133392
0.00798800983492,5.95435630049e-05,0.922537371854
0.00798800983492,5.97743520088e-05,0.94411490435
0.00798800983492,6.00051410127e-05,0.957837378781
0.00798800983492,6.02359300166e-05,0.959378591861
0.00798800983492,6.04667190205e-05,0.945295794108
0.00798800983492,6.06975080244e-05,0.913480908307
0.00798800983492,6.09282970282e-05,0.863705757373
0.00798800983492,6.11590860321e-05,0.79833589288
0.00798800983492,6.1389875036e-05,0.722673749001
0.00798800983492,6.16206640399e-05,0.64427025517
0.00798800983492,6.18514530438e-05,0.571110083345
0.00798800983492,6.20822420477e-05,0.509337363782
0.00798800983492,6.23130310516e-05,0.461665866409
0.00798800983492,6.25438200555e-05,0.427551901663
0.00798800983492,6.27746090594e-05,0.405361114363
0.00798800983492,6.30053980633e-05,0.395252749782
0.00798800983492,6.32361870672e-05,0.400452762844
0.00798800983492,6.34669760711e-05,0.425464307253
0.00798800983492,6.3697765075e-05,0.472362444725
0.00798800983492,6.39285540789e-05,0.538167540832
0.00798800983492,6.41593430828e-05,0.615348612892
0.00798800983492,6.43901320867e-05,0.694804186912
0.00798800983492,6.46209210906e-05,0.768974300989
0.00798800983492,6.48517100945e-05,0.83326832865
0.00798800983492,6.50824990984e-05,0.885640413426
0.00798800983492,6.53132881022e-05,0.925330640388
0.00798800983492,6.55440771061e-05,0.95192041317
0.00798800983492,6.577486611e-05,0.965214243452
0.00798800983492,6.60056551139e-05,0.965667031228
0.00798800983492,6.62364441178e-05,0.954721511926
0.00798800983492,6.64672331217e-05,0.934723329496
0.00798800983492,6.66980221256e-05,0.90860891745
0.00798800983492,6.69288111295e-05,0.879670410528
0.00798800983492,6.71596001334e-05,0.8513556124
0.00798800983492,6.73903891373e-05,0.826829294579
0.00798800983492,6.76211781412e-05,0.808252422273
0.00798800983492,6.78519671451e-05,0.796158612986
0.00798800983492,6.8082756149e-05,0.789455819071
0.00798800983492,6.83135451529e-05,0.786241161988
0.00798800983492,6.85443341568e-05,0.784932882443
0.00798800983492,6.87751231607e-05,0.784726182041
0.00798800983492,6.90059121646e-05,0.784767495091
0.00798800983492,6.92367011685e-05,0.782750376609
0.00798800983492,6.94674901724e-05,0.774629494746
0.00798800983492,6.96982791763e-05,0.756420738003
0.00798800983492,6.99290681801e-05,0.727029597167
0.00798800983492,7.0159857184e-05,0.689851939538
0.00798800983492,7.03906461879e-05,0.651776497044
0.00798800983492,7.06214351918e-05,0.620174511939
0.00798800983492,7.08522241957e-05,0.599734985284
0.00798800983492,7.10830131996e-05,0.59094225763
0.00798800983492,7.13138022035e-05,0.5909845346
0.00798800983492,7.15445912074e-05,0.596466104759
0.00798800983492,7.17753802113e-05,0.606076237739
0.00798800983492,7.20061692152e-05,0.621266079857
0.00798800983492,7.22369582191e-05,0.644500621835
0.00798800983492,7.2467747223e-05,0.676705776982
0.00798800983492,7.26985362269e-05,0.716100575178
0.00798800983492,7.29293252308e-05,0.759110365074
0.00798800983492,7.31601142347e-05,0.802183992892
0.00798800983492,7.33909032386e-05,0.842921943798
0.00798800983492,7.36216922425e-05,0.879936190562
0.00798800983492,7.38524812464e-05,0.911996782018
0.00798800983492,7.40832702503e-05,0.937362389034
0.00798800983492,7.43140592541e-05,0.953791237273
0.00798800983492,7.4544848258e-05,0.959115137974
0.00798800983492,7.47756372619e-05,0.951930836681
0.00798800983492,7.50064262658e-05,0.93208904204
0.00798800983492,7.52372152697e-05,0.900950481714
0.00798800983492,7.54680042736e-05,0.861396281876
0.00798800983492,7.56987932775e-05,0.81736695326
0.00798800983492,7.59295822814e-05,0.772763437744
0.00798800983492,7.61603712853e-05,0.73006013333
0.00798800983492,7.63911602892e-05,0.689472274606
0.00798800983492,7.66219492931e-05,0.649443264224
0.00798800983492,7.6852738297e-05,0.608517961738
0.00798800983492,7.70835273009e-05,0.567680204111
0.00798800983492,7.73143163048e-05,0.531495701775
0.00798800983492,7.75451053087e-05,0.506659169828
0.00798800983492,7.77758943126e-05,0.498240863607
0.00798800983492,7.80066833165e-05,0.506133737612
0.00798800983492,7.82374723204e-05,0.52469989283
0.00798800983492,7.84682613243e-05,0.546264657105
0.00798800983492,7.86990503282e-05,0.565866438713
0.00798800983492,7.8929839332e-05,0.583757897563
0.00798800983492,7.91606283359e-05,0.604255322676
0.00798800983492,7.93914173398e-05,0.632296748975
0.00798800983492,7.96222063437e-05,0.670179895047
0.00798800983492,7.98529953476e-05,0.716226204174
0.00798800983492,8.00837843515e-05,0.765673638374
0.00798800983492,8.03145733554e-05,0.812873817822
0.00798800983492,8.05453623593e-05,0.853336702692
0.00798800983492,8.07761513632e-05,0.88457423507
0.00798800983492,8.10069403671e-05,0.905778587596
0.00798800983492,8.1237729371e-05,0.917190496213
0.00798800983492,8.14685183749e-05,0.919824708116
0.00798800983492,8.16993073788e-05,0.915437093749
0.00798800983492,8.19300963827e-05,0.906269594066
0.00798800983492,8.21608853866e-05,0.894484091138
0.00798800983492,8.23916743905e-05,0.881663354155
0.00798800983492,8.26224633944e-05,0.86874452561
0.00798800983492,8.28532523983e-05,0.856333160959
0.00798800983492,8.30840414022e-05,0.844977072002
0.00798800983492,8.3314830406e-05,0.83503886646
0.00798800983492,8.35456194099e-05,0.826307094082
0.00798800983492,8.37764084138e-05,0.817939739285
0.00798800983492,8.40071974177e-05,0.809097851741
0.00798800983492,8.42379864216e-05,0.79976026811
0.00798800983492,8.44687754255e-05,0.790715736067
0.00798800983492,8.46995644294e-05,0.78238417805
0.00798800983492,8.49303534333e-05,0.773341677754
0.00798800983492,8.51611424372e-05,0.759939501876
0.00798800983492,8.53919314411e-05,0.737744925552
0.00798800983492,8.5622720445e-05,0.704271246525
0.00798800983492,8.58535094489e-05,0.66141263868
0.00798800983492,8.60842984528e-05,0.615767715939
0.00798800983492,8.63150874567e-05,0.576067330388
0.00798800983492,8.65458764606e-05,0.548995741818
0.00798800983492,8.67766654645e-05,0.536292439518
0.00798800983492,8.70074544684e-05,0.535301018412
0.00798800983492,8.72382434723e-05,0.542297545733
0.00798800983492,8.74690324762e-05,0.555690446601
0.00798800983492,8.76998214801e-05,0.576732889938
0.00798800983492,8.79306104839e-05,0.607810458811
0.00798800983492,8.81613994878e-05,0.650084163416
0.00798800983492,8.83921884917e-05,0.702122668433
0.00798800983492,8.86229774956e-05,0.759992222965
0.00798800983492,8.88537664995e-05,0.8183064955
0.00798800983492,8.90845555034e-05,0.871443187936
0.00798800983492,8.93153445073e-05,0.914392085251
0.00798800983492,8.95461335112e-05,0.943192001881
0.00798800983492,8.97769225151e-05,0.955229178611
0.00798800983492,9.0007711519e-05,0.949534475236
0.00798800983492,9.02385005229e-05,0.926870376525
0.00798800983492,9.04692895268e-05,0.889386090723
0.00798800983492,9.07000785307e-05,0.840035305257
0.00798800983492,9.09308675346e-05,0.782264474887
0.00798800983492,9.11616565385e-05,0.720245410574
0.00798800983492,9.13924455424e-05,0.659322025881
0.00798800983492,9.16232345463e-05,0.605920176658
0.00798800983492,9.18540235502e-05,0.566376575672
0.00798800983492,9.20848125541e-05,0.545006468187
0.00798800983492,9.23156015579e-05,0.542655666187
0.00798800983492,9.25463905618e-05,0.55696461081
0.00798800983492,9.27771795657e-05,0.58423672707
0.00798800983492,9.30079685696e-05,0.621305223982
0.00798800983492,9.32387575735e-05,0.665824086924
0.00798800983492,9.34695465774e-05,0.715038022221
0.00798800983492,9.37003355813e-05,0.764528424346
0.00798800983492,9.39311245852e-05,0.808298582366
0.00798800983492,9.41619135891e-05,0.840321761596
0.00798800983492,9.4392702593e-05,0.856616329845
0.00798800983492,9.46234915969e-05,0.856648961003
0.00798800983492,9.48542806008e-05,0.84328530929
0.00798800983492,9.50850696047e-05,0.821356160318
0.00798800983492,9.53158586086e-05,0.795811682613
0.00798800983492,9.55466476125e-05,0.770693892305
0.00798800983492,9.57774366164e-05,0.749323559952
0.00798800983492,9.60082256203e-05,0.734876684649
0.00798800983492,9.62390146242e-05,0.730265354733
0.00798800983492,9.64698036281e-05,0.737213387653
0.00798800983492,9.6700592632e-05,0.755414010431
0.00798800983492,9.69313816358e-05,0.782591441051
0.00798800983492,9.71621706397e-05,0.815431013277
0.00798800983492,9.73929596436e-05,0.850652143081
0.00798800983492,9.76237486475e-05,0.885487165654
0.00798800983492,9.78545376514e-05,0.917363767675
0.00798800983492,9.80853266553e-05,0.943242564044
0.00798800983492,9.83161156592e-05,0.959348956922
0.00798800983492,9.85469046631e-05,0.961683344973
0.00798800983492,9.8777693667e-05,0.946996342756
0.00798800983492,9.90084826709e-05,0.913590816398
0.00798800983492,9.92392716748e-05,0.861659131355
0.00798800983492,9.94700606787e-05,0.793376591311
0.00798800983492,9.97008496826e-05,0.713039301198
0.00798800983492,9.99316386865e-05,0.627171702388
0.00798800983492,0.00010016242769,0.544188735181
0.00798800983492,0.000100393216694,0.473226703352
0.00798800983492,0.000100624005698,0.422226825458
0.00798800983492,0.000100854794702,0.396053742148
0.00798800983492,0.000101085583706,0.395777141276
0.00798800983492,0.00010131637271,0.419611354618
0.00798800983492,0.000101547161714,0.464632683308
0.00798800983492,0.000101777950718,0.527652560645
0.00798800983492,0.000102008739722,0.604556240598
0.00798800983492,0.000102239528725,0.689127059919
0.00798800983492,0.000102470317729,0.772949730869
0.00798800983492,0.000102701106733,0.846914099816
0.00798800983492,0.000102931895737,0.903452064749
0.00798800983492,0.000103162684741,0.938228821467
0.00798800983492,0.000103393473745,0.950584703627
0.00798800983492,0.000103624262749,0.942862391827
0.00798800983492,0.000103855051753,0.919280539662
0.00798800983492,0.000104085840757,0.884988055381
0.00798800983492,0.00010431662976,0.84542913192
0.00798800983492,0.000104547418764,0.805670082969
0.00798800983492,0.000104778207768,0.769478975322
0.00798800983492,0.000105008996772,0.738590905587
0.00798800983492,0.000105239785776,0.712874681064
0.00798800983492,0.00010547057478,0.691558126838
0.00798800983492,0.000105701363784,0.674827343541
0.00798800983492,0.000105932152788,0.664806248288
0.00798800983492,0.000106162941792,0.665291925403
0.00798800983492,0.000106393730796,0.680275275821
0.00798800983492,0.000106624519799,0.711863724257
0.00798800983492,0.000106855308803,0.758549539672
0.00798800983492,0.000107086097807,0.814650500548
0.00798800983492,0.000107316886811,0.871174194592
0.00798800983492,0.000107547675815,0.917710638772
0.00798800983492,0.000107778464819,0.944709642585
0.00798800983492,0.000108009253823,0.94562411795
0.00798800983492,0.000108240042827,0.918506384812
0.00798800983492,0.000108470831831,0.866632512117
0.00798800983492,0.000108701620834,0.797865051294
0.00798800983492,0.000108932409838,0.722855667413
0.00798800983492,0.000109163198842,0.65263437323
0.00798800983492,0.000109393987846,0.596405040615
0.00798800983492,0.00010962477685,0.560309061877
0.00798800983492,0.000109855565854,0.5473929872
0.00798800983492,0.000110086354858,0.55819468117
0.00798800983492,0.000110317143862,0.590980839656
0.00798800983492,0.000110547932866,0.641343264886
0.00798800983492,0.00011077872187,0.702005025789
0.00798800983492,0.000111009510873,0.763897109317
0.00798800983492,0.000111240299877,0.818456642454
0.00798800983492,0.000111471088881,0.85990822705
0.00798800983492,0.000111701877885,0.886258477894
0.00798800983492,0.000111932666889,0.89869802912
0.00798800983492,0.000112163455893,0.900062722479
0.00798800983492,0.000112394244897,0.893317208543
0.00798800983492,0.000112625033901,0.880700706619
0.00798800983492,0.000112855822905,0.863538659998
0.00798800983492,0.000113086611908,0.842240877488
0.00798800983492,0.000113317400912,0.816129317773
0.00798800983492,0.000113548189916,0.783392017331
0.00798800983492,0.00011377897892,0.741839137845
0.00798800983492,0.000114009767924,0.690600050064
0.00798800983492,0.000114240556928,0.631931053004
0.00798800983492,0.000114471345932,0.571965629162
0.00798800983492,0.000114702134936,0.519834832607
0.00798800983492,0.00011493292394,0.485467751273
0.00798800983492,0.000115163712944,0.476899299505
0.00798800983492,0.000115394501947,0.497957579756
0.00798800983492,0.000115625290951,0.546952269095
0.00798800983492,0.000115856079955,0.616616687099
0.00798800983492,0.000116086868959,0.695267269453
0.00798800983492,0.000116317657963,0.769043357654
0.00798800983492,0.000116548446967,0.824958827679
0.00798800983492,0.000116779235971,0.854067187208
0.00798800983492,0.000117010024975,0.853609362053
0.00798800983492,0.000117240813979,0.82723827753
0.00798800983492,0.000117471602982,0.783358875202
0.00798800983492,0.000117702391986,0.732536713533
0.00798800983492,0.00011793318099,0.685126501184
0.00877681081841,0,1
0.00877681081841,2.30789003895e-07,0.999613901793
0.00877681081841,4.6157800779e-07,0.994234963149
0.00877681081841,6.92367011685e-07,0.973023917519
0.00877681081841,9.23156015579e-07,0.924016906966
0.00877681081841,1.15394501947e-06,0.841560805864
0.00877681081841,1.38473402337e-06,0.731685101667
0.00877681081841,1.61552302726e-06,0.611224975944
0.00877681081841,1.84631203116e-06,0.500795100808
0.00877681081841,2.07710103505e-06,0.416863579367
0.00877681081841,2.30789003895e-06,0.368390038295
0.00877681081841,2.53867904284e-06,0.358695503355
0.00877681081841,2.76946804674e-06,0.388871598209
0.00877681081841,3.00025705063e-06,0.458691946223
0.00877681081841,3.23104605453e-06,0.563647461688
0.00877681081841,3.46183505842e-06,0.690197884049
0.00877681081841,3.69262406232e-06,0.814050279049
0.00877681081841,3.92341306621e-06,0.905938189704
0.00877681081841,4.15420207011e-06,0.944058153612
0.00877681081841,4.384991074e-06,0.925260293314
0.00877681081841,4.6157800779e-06,0.866273875615
0.00877681081841,4.84656908179e-06,0.794288044129
0.00877681081841,5.07735808569e-06,0.734678308838
0.00877681081841,5.30814708958e-06,0.703640190046
0.00877681081841,5.53893609348e-06,0.706950941779
0.00877681081841,5.76972509737e-06,0.741338620755
0.00877681081841,6.00051410127e-06,0.795738628259
0.00877681081841,6.23130310516e-06,0.853153482833
0.00877681081841,6.46209210906e-06,0.895251322603
0.00877681081841,6.69288111295e-06,0.909379899255
0.00877681081841,6.92367011685e-06,0.894038629655
0.00877681081841,7.15445912074e-06,0.858764045341
0.00877681081841,7.38524812464e-06,0.818634659956
0.00877681081841,7.61603712853e-06,0.787479790892
0.00877681081841,7.84682613243e-06,0.773445673228
0.00877681081841,8.07761513632e-06,0.777467435772
0.00877681081841,8.30840414022e-06,0.793331377098
0.00877681081841,8.53919314411e-06,0.80866750842
0.00877681081841,8.76998214801e-06,0.807750653712
0.00877681081841,9.0007711519e-06,0.777078735874
0.00877681081841,9.23156015579e-06,0.712287794521
0.00877681081841,9.46234915969e-06,0.62198405896
0.00877681081841,9.69313816358e-06,0.52473457018
0.00877681081841,9.92392716748e-06,0.44090710394
0.00877681081841,1.01547161714e-05,0.385719313208
0.00877681081841,1.03855051753e-05,0.367829674555
0.00877681081841,1.06162941792e-05,0.39147676514
0.00877681081841,1.08470831831e-05,0.457062940586
0.00877681081841,1.1077872187e-05,0.558004851186
0.00877681081841,1.13086611908e-05,0.676923691238
0.00877681081841,1.15394501947e-05,0.786792739094
0.00877681081841,1.17702391986e-05,0.859822524626
0.00877681081841,1.20010282025e-05,0.880030283166
0.00877681081841,1.22318172064e-05,0.850704805996
0.00877681081841,1.24626062103e-05,0.79121296725
0.00877681081841,1.26933952142e-05,0.726326188776
0.00877681081841,1.29241842181e-05,0.676206166866
0.00877681081841,1.3154973222e-05,0.652092064281
0.00877681081841,1.33857622259e-05,0.656766174939
0.00877681081841,1.36165512298e-05,0.686355901593
0.00877681081841,1.38473402337e-05,0.73155802804
0.00877681081841,1.40781292376e-05,0.778940244048
0.00877681081841,1.43089182415e-05,0.814032262137
0.00877681081841,1.45397072454e-05,0.826553611268
0.00877681081841,1.47704962493e-05,0.81537473125
0.00877681081841,1.50012852532e-05,0.789590926203
0.00877681081841,1.52320742571e-05,0.764435004683
0.00877681081841,1.5462863261e-05,0.754545914354
0.00877681081841,1.56936522649e-05,0.768270194968
0.00877681081841,1.59244412687e-05,0.804693728424
0.00877681081841,1.61552302726e-05,0.853212507489
0.00877681081841,1.63860192765e-05,0.895625079313
0.00877681081841,1.66168082804e-05,0.911476553687
0.00877681081841,1.68475972843e-05,0.886259035923
0.00877681081841,1.70783862882e-05,0.818961887999
0.00877681081841,1.73091752921e-05,0.723674353002
0.00877681081841,1.7539964296e-05,0.623131305946
0.00877681081841,1.77707532999e-05,0.538587874061
0.00877681081841,1.80015423038e-05,0.483242440911
0.00877681081841,1.82323313077e-05,0.462195881802
0.00877681081841,1.84631203116e-05,0.475850757895
0.00877681081841,1.86939093155e-05,0.522134086471
0.00877681081841,1.89246983194e-05,0.595818865383
0.00877681081841,1.91554873233e-05,0.68648812938
0.00877681081841,1.93862763272e-05,0.778070649752
0.00877681081841,1.96170653311e-05,0.852196417266
0.00877681081841,1.9847854335e-05,0.89497593794
0.00877681081841,2.00786433389e-05,0.903409477514
0.00877681081841,2.03094323427e-05,0.886706633611
0.00877681081841,2.05402213466e-05,0.861287872024
0.00877681081841,2.07710103505e-05,0.843001817341
0.00877681081841,2.10017993544e-05,0.841136522923
0.00877681081841,2.12325883583e-05,0.855981628172
0.00877681081841,2.14633773622e-05,0.8791692976
0.00877681081841,2.16941663661e-05,0.896046537902
0.00877681081841,2.192495537e-05,0.890264913084
0.00877681081841,2.21557443739e-05,0.850266102057
0.00877681081841,2.23865333778e-05,0.775260061941
0.00877681081841,2.26173223817e-05,0.676990041257
0.00877681081841,2.28481113856e-05,0.575516671058
0.00877681081841,2.30789003895e-05,0.491476417079
0.00877681081841,2.33096893934e-05,0.439526532047
0.00877681081841,2.35404783973e-05,0.425711203121
0.00877681081841,2.37712674012e-05,0.447992518674
0.00877681081841,2.40020564051e-05,0.497845986533
0.00877681081841,2.4232845409e-05,0.561911774631
0.00877681081841,2.44636344129e-05,0.624234315911
0.00877681081841,2.46944234168e-05,0.670042520958
0.00877681081841,2.49252124206e-05,0.690804491455
0.00877681081841,2.51560014245e-05,0.68814940138
0.00877681081841,2.53867904284e-05,0.673482211834
0.00877681081841,2.56175794323e-05,0.662669056616
0.00877681081841,2.58483684362e-05,0.669152816659
0.00877681081841,2.60791574401e-05,0.699684687621
0.00877681081841,2.6309946444e-05,0.753611337173
0.00877681081841,2.65407354479e-05,0.82371397148
0.00877681081841,2.67715244518e-05,0.897169086958
0.00877681081841,2.70023134557e-05,0.957431028677
0.00877681081841,2.72331024596e-05,0.988428994764
0.00877681081841,2.74638914635e-05,0.98062276837
0.00877681081841,2.76946804674e-05,0.935885344843
0.00877681081841,2.79254694713e-05,0.867592433774
0.00877681081841,2.81562584752e-05,0.795174767588
0.00877681081841,2.83870474791e-05,0.736550404758
0.00877681081841,2.8617836483e-05,0.70296876209
0.00877681081841,2.88486254869e-05,0.697865163011
0.00877681081841,2.90794144908e-05,0.718076784248
0.00877681081841,2.93102034946e-05,0.755357441802
0.00877681081841,2.95409924985e-05,0.797688385642
0.00877681081841,2.97717815024e-05,0.831128203159
0.00877681081841,3.00025705063e-05,0.842944750322
0.00877681081841,3.02333595102e-05,0.825715052154
0.00877681081841,3.04641485141e-05,0.780675686734
0.00877681081841,3.0694937518e-05,0.718161131609
0.00877681081841,3.09257265219e-05,0.654374625296
0.00877681081841,3.11565155258e-05,0.605920525275
0.00877681081841,3.13873045297e-05,0.584428346539
0.00877681081841,3.16180935336e-05,0.592938189323
0.00877681081841,3.18488825375e-05,0.624903798544
0.00877681081841,3.20796715414e-05,0.666254802265
0.00877681081841,3.23104605453e-05,0.700312514854
0.00877681081841,3.25412495492e-05,0.714208207993
0.00877681081841,3.27720385531e-05,0.704275760345
0.00877681081841,3.3002827557e-05,0.677566260635
0.00877681081841,3.32336165609e-05,0.648199815662
0.00877681081841,3.34644055648e-05,0.630497834639
0.00877681081841,3.36951945687e-05,0.633069206052
0.00877681081841,3.39259835725e-05,0.656740259923
0.00877681081841,3.41567725764e-05,0.695831493643
0.00877681081841,3.43875615803e-05,0.740535948452
0.00877681081841,3.46183505842e-05,0.779092817616
0.00877681081841,3.48491395881e-05,0.799963605432
0.00877681081841,3.5079928592e-05,0.794578478557
0.00877681081841,3.53107175959e-05,0.760447615706
0.00877681081841,3.55415065998e-05,0.703288727714
0.00877681081841,3.57722956037e-05,0.636397105416
0.00877681081841,3.60030846076e-05,0.576788232222
0.00877681081841,3.62338736115e-05,0.539993315889
0.00877681081841,3.64646626154e-05,0.536221777804
0.00877681081841,3.66954516193e-05,0.568827390927
0.00877681081841,3.69262406232e-05,0.634088637716
0.00877681081841,3.71570296271e-05,0.72159929568
0.00877681081841,3.7387818631e-05,0.815833967705
0.00877681081841,3.76186076349e-05,0.899466371498
0.00877681081841,3.78493966388e-05,0.957848203715
0.00877681081841,3.80801856427e-05,0.9830593425
0.00877681081841,3.83109746465e-05,0.975817006578
0.00877681081841,3.85417636504e-05,0.944360689429
0.00877681081841,3.87725526543e-05,0.900878675505
0.00877681081841,3.90033416582e-05,0.857137863583
0.00877681081841,3.92341306621e-05,0.820952592866
0.00877681081841,3.9464919666e-05,0.794429578441
0.00877681081841,3.96957086699e-05,0.774333923672
0.00877681081841,3.99264976738e-05,0.754390881017
0.00877681081841,4.01572866777e-05,0.728695144123
0.00877681081841,4.03880756816e-05,0.694988139278
0.00877681081841,4.06188646855e-05,0.656578133771
0.00877681081841,4.08496536894e-05,0.621991613971
0.00877681081841,4.10804426933e-05,0.602203810608
0.00877681081841,4.13112316972e-05,0.606546515214
0.00877681081841,4.15420207011e-05,0.639177379521
0.00877681081841,4.1772809705e-05,0.697304850278
0.00877681081841,4.20035987089e-05,0.77107252234
0.00877681081841,4.22343877128e-05,0.844848841065
0.00877681081841,4.24651767167e-05,0.900273494734
0.00877681081841,4.26959657206e-05,0.921034932268
0.00877681081841,4.29267547244e-05,0.898025613641
0.00877681081841,4.31575437283e-05,0.83276776238
0.00877681081841,4.33883327322e-05,0.737464390211
0.00877681081841,4.36191217361e-05,0.631381521277
0.00877681081841,4.384991074e-05,0.535072938012
0.00877681081841,4.40806997439e-05,0.465168599071
0.00877681081841,4.43114887478e-05,0.431674281053
0.00877681081841,4.45422777517e-05,0.437528303704
0.00877681081841,4.47730667556e-05,0.479115273233
0.00877681081841,4.50038557595e-05,0.547394504051
0.00877681081841,4.52346447634e-05,0.63011587449
0.00877681081841,4.54654337673e-05,0.714900418504
0.00877681081841,4.56962227712e-05,0.792034762587
0.00877681081841,4.59270117751e-05,0.855944392026
0.00877681081841,4.6157800779e-05,0.905072923692
0.00877681081841,4.63885897829e-05,0.940511351624
0.00877681081841,4.66193787868e-05,0.964031688047
0.00877681081841,4.68501677907e-05,0.97625630103
0.00877681081841,4.70809567946e-05,0.975581696163
0.00877681081841,4.73117457984e-05,0.958341373363
0.00877681081841,4.75425348023e-05,0.920476192897
0.00877681081841,4.77733238062e-05,0.860298814293
0.00877681081841,4.80041128101e-05,0.781018967302
0.00877681081841,4.8234901814e-05,0.691493990664
0.00877681081841,4.84656908179e-05,0.604548407762
0.00877681081841,4.86964798218e-05,0.533544721138
0.00877681081841,4.89272688257e-05,0.488925733699
0.00877681081841,4.91580578296e-05,0.476493392983
0.00877681081841,4.93888468335e-05,0.497704051487
0.00877681081841,4.96196358374e-05,0.550242665207
0.00877681081841,4.98504248413e-05,0.627215503591
0.00877681081841,5.00812138452e-05,0.716020039042
0.00877681081841,5.03120028491e-05,0.799698376344
0.00877681081841,5.0542791853e-05,0.861560864859
0.00877681081841,5.07735808569e-05,0.890615736556
0.00877681081841,5.10043698608e-05,0.884736589655
0.00877681081841,5.12351588647e-05,0.850440996681
0.00877681081841,5.14659478686e-05,0.800087516219
0.00877681081841,5.16967368725e-05,0.748042865744
0.00877681081841,5.19275258763e-05,0.707243766804
0.00877681081841,5.21583148802e-05,0.686852360919
0.00877681081841,5.23891038841e-05,0.690827052012
0.00877681081841,5.2619892888e-05,0.717221236519
0.00877681081841,5.28506818919e-05,0.758847434507
0.00877681081841,5.30814708958e-05,0.805911927863
0.00877681081841,5.33122598997e-05,0.849729717924
0.00877681081841,5.35430489036e-05,0.885493229994
0.00877681081841,5.37738379075e-05,0.912726793267
0.00877681081841,5.40046269114e-05,0.93363521831
0.00877681081841,5.42354159153e-05,0.950533272307
0.00877681081841,5.44662049192e-05,0.963544104574
0.00877681081841,5.46969939231e-05,0.969314606376
0.00877681081841,5.4927782927e-05,0.961203881957
0.00877681081841,5.51585719309e-05,0.931290839079
0.00877681081841,5.53893609348e-05,0.873970212803
0.00877681081841,5.56201499387e-05,0.789623836749
0.00877681081841,5.58509389426e-05,0.686106150234
0.00877681081841,5.60817279465e-05,0.576853336804
0.00877681081841,5.63125169503e-05,0.476564766751
0.00877681081841,5.65433059542e-05,0.39681253126
0.00877681081841,5.67740949581e-05,0.343922799427
0.00877681081841,5.7004883962e-05,0.320215617813
0.00877681081841,5.72356729659e-05,0.327263576384
0.00877681081841,5.74664619698e-05,0.367486628213
0.00877681081841,5.76972509737e-05,0.441268262795
0.00877681081841,5.79280399776e-05,0.541708920189
0.00877681081841,5.81588289815e-05,0.652925731735
0.00877681081841,5.83896179854e-05,0.755012796345
0.00877681081841,5.86204069893e-05,0.832285210128
0.00877681081841,5.88511959932e-05,0.878843192359
0.00877681081841,5.90819849971e-05,0.898655344876
0.00877681081841,5.9312774001e-05,0.901626569684
0.00877681081841,5.95435630049e-05,0.898695287239
0.00877681081841,5.97743520088e-05,0.898127267358
0.00877681081841,6.00051410127e-05,0.90366047676
0.00877681081841,6.02359300166e-05,0.914246631741
0.00877681081841,6.04667190205e-05,0.925135053286
0.00877681081841,6.06975080244e-05,0.930252636591
0.00877681081841,6.09282970282e-05,0.925286410321
0.00877681081841,6.11590860321e-05,0.909977385035
0.00877681081841,6.1389875036e-05,0.88833006068
0.00877681081841,6.16206640399e-05,0.866862987713
0.00877681081841,6.18514530438e-05,0.852164893929
0.00877681081841,6.20822420477e-05,0.848851430953
0.00877681081841,6.23130310516e-05,0.858050349755
0.00877681081841,6.25438200555e-05,0.876019684272
0.00877681081841,6.27746090594e-05,0.893264378764
0.00877681081841,6.30053980633e-05,0.895889257349
0.00877681081841,6.32361870672e-05,0.870591390124
0.00877681081841,6.34669760711e-05,0.811546202318
0.00877681081841,6.3697765075e-05,0.724522517259
0.00877681081841,6.39285540789e-05,0.624895784398
0.00877681081841,6.41593430828e-05,0.530891545572
0.00877681081841,6.43901320867e-05,0.456613772988
0.00877681081841,6.46209210906e-05,0.408813068931
0.00877681081841,6.48517100945e-05,0.388422930349
0.00877681081841,6.50824990984e-05,0.394723769221
0.00877681081841,6.53132881022e-05,0.428051327899
0.00877681081841,6.55440771061e-05,0.488094865625
0.00877681081841,6.577486611e-05,0.569384500019
0.00877681081841,6.60056551139e-05,0.659351143272
0.00877681081841,6.62364441178e-05,0.7422871559
0.00877681081841,6.64672331217e-05,0.806462732336
0.00877681081841,6.66980221256e-05,0.848749183899
0.00877681081841,6.69288111295e-05,0.874013278257
0.00877681081841,6.71596001334e-05,0.890899449325
0.00877681081841,6.73903891373e-05,0.907121935059
0.00877681081841,6.76211781412e-05,0.926233340857
0.00877681081841,6.78519671451e-05,0.946340175136
0.00877681081841,6.8082756149e-05,0.960717522776
0.00877681081841,6.83135451529e-05,0.96036239985
0.00877681081841,6.85443341568e-05,0.938042099543
0.00877681081841,6.87751231607e-05,0.892079937412
0.00877681081841,6.90059121646e-05,0.827566830829
0.00877681081841,6.92367011685e-05,0.754301353668
0.00877681081841,6.94674901724e-05,0.683236997608
0.00877681081841,6.96982791763e-05,0.62395225898
0.00877681081841,6.99290681801e-05,0.584060480528
0.00877681081841,7.0159857184e-05,0.569242660922
0.00877681081841,7.03906461879e-05,0.581770383455
0.00877681081841,7.06214351918e-05,0.617120217598
0.00877681081841,7.08522241957e-05,0.661676247913
0.00877681081841,7.10830131996e-05,0.695882894589
0.00877681081841,7.13138022035e-05,0.703280796346
0.00877681081841,7.15445912074e-05,0.679578750622
0.00877681081841,7.17753802113e-05,0.634740406385
0.00877681081841,7.20061692152e-05,0.586935903718
0.00877681081841,7.22369582191e-05,0.553521483876
0.00877681081841,7.2467747223e-05,0.544953380373
0.00877681081841,7.26985362269e-05,0.563791340201
0.00877681081841,7.29293252308e-05,0.607048146472
0.00877681081841,7.31601142347e-05,0.668628397571
0.00877681081841,7.33909032386e-05,0.739896462502
0.00877681081841,7.36216922425e-05,0.809437414222
0.00877681081841,7.38524812464e-05,0.86481081283
0.00877681081841,7.40832702503e-05,0.89703016733
0.00877681081841,7.43140592541e-05,0.90478630637
0.00877681081841,7.4544848258e-05,0.894908708831
0.00877681081841,7.47756372619e-05,0.878856352327
0.00877681081841,7.50064262658e-05,0.867956519545
0.00877681081841,7.52372152697e-05,0.869874572838
0.00877681081841,7.54680042736e-05,0.886809799384
0.00877681081841,7.56987932775e-05,0.914775921682
0.00877681081841,7.59295822814e-05,0.943891949604
0.00877681081841,7.61603712853e-05,0.960662679698
0.00877681081841,7.63911602892e-05,0.952754388834
0.00877681081841,7.66219492931e-05,0.914372019417
0.00877681081841,7.6852738297e-05,0.84868909418
0.00877681081841,7.70835273009e-05,0.765643701522
0.00877681081841,7.73143163048e-05,0.677280777828
0.00877681081841,7.75451053087e-05,0.59440926978
0.00877681081841,7.77758943126e-05,0.526190153709
0.00877681081841,7.80066833165e-05,0.480942812872
0.00877681081841,7.82374723204e-05,0.465101799698
0.00877681081841,7.84682613243e-05,0.479208432112
0.00877681081841,7.86990503282e-05,0.513940777922
0.00877681081841,7.8929839332e-05,0.551476527632
0.00877681081841,7.91606283359e-05,0.573946828681
0.00877681081841,7.93914173398e-05,0.573580615432
0.00877681081841,7.96222063437e-05,0.556551083653
0.00877681081841,7.98529953476e-05,0.538147287167
0.00877681081841,8.00837843515e-05,0.534141705557
0.00877681081841,8.03145733554e-05,0.554523801289
0.00877681081841,8.05453623593e-05,0.601733595156
0.00877681081841,8.07761513632e-05,0.671633375912
0.00877681081841,8.10069403671e-05,0.754765374288
0.00877681081841,8.1237729371e-05,0.837273088573
0.00877681081841,8.14685183749e-05,0.902928466499
0.00877681081841,8.16993073788e-05,0.937648746116
0.00877681081841,8.19300963827e-05,0.935167535378
0.00877681081841,8.21608853866e-05,0.900066156974
0.00877681081841,8.23916743905e-05,0.845709802278
0.00877681081841,8.26224633944e-05,0.78872773208
0.00877681081841,8.28532523983e-05,0.743869543751
0.00877681081841,8.30840414022e-05,0.721390599478
0.00877681081841,8.3314830406e-05,0.726191344013
0.00877681081841,8.35456194099e-05,0.756967245681
0.00877681081841,8.37764084138e-05,0.805211514319
0.00877681081841,8.40071974177e-05,0.856076963619
0.00877681081841,8.42379864216e-05,0.892953737071
0.00877681081841,8.44687754255e-05,0.904303693786
0.00877681081841,8.46995644294e-05,0.888184888251
0.00877681081841,8.49303534333e-05,0.851268731797
0.00877681081841,8.51611424372e-05,0.803947914509
0.00877681081841,8.53919314411e-05,0.75585906011
0.00877681081841,8.5622720445e-05,0.714306750282
0.00877681081841,8.58535094489e-05,0.684605120969
0.00877681081841,8.60842984528e-05,0.669869263419
0.00877681081841,8.63150874567e-05,0.669139720485
0.00877681081841,8.65458764606e-05,0.675529172603
0.00877681081841,8.67766654645e-05,0.677703278552
0.00877681081841,8.70074544684e-05,0.665892426396
0.00877681081841,8.72382434723e-05,0.638762395143
0.00877681081841,8.74690324762e-05,0.605335048708
0.00877681081841,8.76998214801e-05,0.580211651876
0.00877681081841,8.79306104839e-05,0.576243720696
0.00877681081841,8.81613994878e-05,0.599857318974
0.00877681081841,8.83921884917e-05,0.650385532373
0.00877681081841,8.86229774956e-05,0.721208326321
0.00877681081841,8.88537664995e-05,0.800497365897
0.00877681081841,8.90845555034e-05,0.871837396404
0.00877681081841,8.93153445073e-05,0.916893932422
0.00877681081841,8.95461335112e-05,0.921193261672
0.00877681081841,8.97769225151e-05,0.880469288839
0.00877681081841,9.0007711519e-05,0.802941008787
0.00877681081841,9.02385005229e-05,0.705590547137
0.00877681081841,9.04692895268e-05,0.60747365737
0.00877681081841,9.07000785307e-05,0.52474142303
0.00877681081841,9.09308675346e-05,0.469173573235
0.00877681081841,9.11616565385e-05,0.448488826567
0.00877681081841,9.13924455424e-05,0.465889757514
0.00877681081841,9.16232345463e-05,0.51822362687
0.00877681081841,9.18540235502e-05,0.594746586616
0.00877681081841,9.20848125541e-05,0.679251641287
0.00877681081841,9.23156015579e-05,0.755847256809
0.00877681081841,9.25463905618e-05,0.814890430106
0.00877681081841,9.27771795657e-05,0.854884631853
0.00877681081841,9.30079685696e-05,0.879800032102
0.00877681081841,9.32387575735e-05,0.894964179665
0.00877681081841,9.34695465774e-05,0.904431139754
0.00877681081841,9.37003355813e-05,0.910010793533
0.00877681081841,9.39311245852e-05,0.910690235315
0.00877681081841,9.41619135891e-05,0.902147691425
0.00877681081841,9.4392702593e-05,0.877694886289
0.00877681081841,9.46234915969e-05,0.831926552917
0.00877681081841,9.48542806008e-05,0.765792949708
0.00877681081841,9.50850696047e-05,0.689087949179
0.00877681081841,9.53158586086e-05,0.617394038967
0.00877681081841,9.55466476125e-05,0.565411632569
0.00877681081841,9.57774366164e-05,0.541903098003
0.00877681081841,9.60082256203e-05,0.549273573128
0.00877681081841,9.62390146242e-05,0.586077296639
0.00877681081841,9.64698036281e-05,0.648732166781
0.00877681081841,9.6700592632e-05,0.730565909454
0.00877681081841,9.69313816358e-05,0.819539530586
0.00877681081841,9.71621706397e-05,0.897981741385
0.00877681081841,9.73929596436e-05,0.946788632524
0.00877681081841,9.76237486475e-05,0.952810841876
0.00877681081841,9.78545376514e-05,0.914602527623
0.00877681081841,9.80853266553e-05,0.842453898778
0.00877681081841,9.83161156592e-05,0.753391339375
0.00877681081841,9.85469046631e-05,0.665340961841
0.00877681081841,9.8777693667e-05,0.593541134402
0.00877681081841,9.90084826709e-05,0.549015171521
0.00877681081841,9.92392716748e-05,0.537433770494
0.00877681081841,9.94700606787e-05,0.55781023449
0.00877681081841,9.97008496826e-05,0.602288227238
0.00877681081841,9.99316386865e-05,0.658596750332
0.00877681081841,0.00010016242769,0.714783658813
0.00877681081841,0.000100393216694,0.763390150472
0.00877681081841,0.000100624005698,0.802353095258
0.00877681081841,0.000100854794702,0.832883878148
0.00877681081841,0.000101085583706,0.856837147972
0.00877681081841,0.00010131637271,0.875228470793
0.00877681081841,0.000101547161714,0.887515192275
0.00877681081841,0.000101777950718,0.890858926406
0.00877681081841,0.000102008739722,0.879832835648
0.00877681081841,0.000102239528725,0.84796707345
0.00877681081841,0.000102470317729,0.791643479309
0.00877681081841,0.000102701106733,0.714344504677
0.00877681081841,0.000102931895737,0.627502373276
0.00877681081841,0.000103162684741,0.546141247842
0.00877681081841,0.000103393473745,0.482380376717
0.00877681081841,0.000103624262749,0.442217031237
0.00877681081841,0.000103855051753,0.427524482906
0.00877681081841,0.000104085840757,0.439922204545
0.00877681081841,0.00010431662976,0.481970953271
0.00877681081841,0.000104547418764,0.55432106912
0.00877681081841,0.000104778207768,0.651202554193
0.00877681081841,0.000105008996772,0.758241483392
0.00877681081841,0.000105239785776,0.855355820192
0.00877681081841,0.00010547057478,0.923943590672
0.00877681081841,0.000105701363784,0.95405032534
0.00877681081841,0.000105932152788,0.947065121636
0.00877681081841,0.000106162941792,0.913173908427
0.00877681081841,0.000106393730796,0.866397264235
0.00877681081841,0.000106624519799,0.820241629616
0.00877681081841,0.000106855308803,0.784969126702
0.00877681081841,0.000107086097807,0.766147463988
0.00877681081841,0.000107316886811,0.764258089759
0.00877681081841,0.000107547675815,0.775611112797
0.00877681081841,0.000107778464819,0.794587144813
0.00877681081841,0.000108009253823,0.81625289188
0.00877681081841,0.000108240042827,0.837768661761
0.00877681081841,0.000108470831831,0.857928096481
0.00877681081841,0.000108701620834,0.875965989714
0.00877681081841,0.000108932409838,0.891113196153
0.00877681081841,0.000109163198842,0.902748872217
0.00877681081841,0.000109393987846,0.909846695412
0.00877681081841,0.00010962477685,0.909454634817
0.00877681081841,0.000109855565854,0.895784108791
0.00877681081841,0.000110086354858,0.861832196743
0.00877681081841,0.000110317143862,0.803643499556
0.00877681081841,0.000110547932866,0.724506676023
0.00877681081841,0.00011077872187,0.635176723089
0.00877681081841,0.000111009510873,0.548945463909
0.00877681081841,0.000111240299877,0.475424520877
0.00877681081841,0.000111471088881,0.41853870497
0.00877681081841,0.000111701877885,0.379794804132
0.00877681081841,0.000111932666889,0.36251992982
0.00877681081841,0.000112163455893,0.372559238633
0.00877681081841,0.000112394244897,0.414964351268
0.00877681081841,0.000112625033901,0.489493598484
0.00877681081841,0.000112855822905,0.588095236071
0.00877681081841,0.000113086611908,0.696048368397
0.00877681081841,0.000113317400912,0.796353230756
0.00877681081841,0.000113548189916,0.875105357686
0.00877681081841,0.00011377897892,0.925132666782
0.00877681081841,0.000114009767924,0.946611290478
0.00877681081841,0.000114240556928,0.945273894569
0.00877681081841,0.000114471345932,0.929516800805
0.00877681081841,0.000114702134936,0.907429801745
0.00877681081841,0.00011493292394,0.88457149664
0.00877681081841,0.000115163712944,0.863209391683
0.00877681081841,0.000115394501947,0.843183826115
0.00877681081841,0.000115625290951,0.823607260193
0.00877681081841,0.000115856079955,0.804040572086
0.00877681081841,0.000116086868959,0.784401594085
0.00877681081841,0.000116317657963,0.764425182218
0.00877681081841,0.000116548446967,0.744186527906
0.00877681081841,0.000116779235971,0.725625941269
0.00877681081841,0.000117010024975,0.712953807982
0.00877681081841,0.000117240813979,0.710368705216
0.00877681081841,0.000117471602982,0.718373355512
0.00877681081841,0.000117702391986,0.731738529311
0.00877681081841,0.00011793318099,0.741137349582
0.0095656118019,0,1
0.0095656118019,2.30789003895e-07,0.999447705814
0.0095656118019,4.6157800779e-07,0.99175855636
0.0095656118019,6.92367011685e-07,0.962027161952
0.0095656118019,9.23156015579e-07,0.895719020497
0.0095656118019,1.15394501947e-06,0.79009363077
0.0095656118019,1.38473402337e-06,0.659792474558
0.0095656118019,1.61552302726e-06,0.530898758082
0.0095656118019,1.84631203116e-06,0.42809875117
0.0095656118019,2.07710103505e-06,0.366041901299
0.0095656118019,2.30789003895e-06,0.350134662458
0.0095656118019,2.53867904284e-06,0.381930136956
0.0095656118019,2.76946804674e-06,0.461269746518
0.0095656118019,3.00025705063e-06,0.581844341954
0.0095656118019,3.23104605453e-06,0.723813198948
0.0095656118019,3.46183505842e-06,0.852479171938
0.0095656118019,3.69262406232e-06,0.930290575248
0.0095656118019,3.92341306621e-06,0.93734375772
0.0095656118019,4.15420207011e-06,0.883648691746
0.0095656118019,4.384991074e-06,0.801840126087
0.0095656118019,4.6157800779e-06,0.727962361547
0.0095656118019,4.84656908179e-06,0.686676190521
0.0095656118019,5.07735808569e-06,0.687504405254
0.0095656118019,5.30814708958e-06,0.726860115534
0.0095656118019,5.53893609348e-06,0.790035754942
0.0095656118019,5.76972509737e-06,0.854053088247
0.0095656118019,6.00051410127e-06,0.895282521288
0.0095656118019,6.23130310516e-06,0.900487751753
0.0095656118019,6.46209210906e-06,0.87335697024
0.0095656118019,6.69288111295e-06,0.830799608834
0.0095656118019,6.92367011685e-06,0.792581895971
0.0095656118019,7.15445912074e-06,0.772344554547
0.0095656118019,7.38524812464e-06,0.77373104165
0.0095656118019,7.61603712853e-06,0.790032400321
0.0095656118019,7.84682613243e-06,0.805554665568
0.0095656118019,8.07761513632e-06,0.79983772062
0.0095656118019,8.30840414022e-06,0.756437882231
0.0095656118019,8.53919314411e-06,0.673378157584
0.0095656118019,8.76998214801e-06,0.567021163211
0.0095656118019,9.0007711519e-06,0.464277692899
0.0095656118019,9.23156015579e-06,0.389504869635
0.0095656118019,9.46234915969e-06,0.357564167889
0.0095656118019,9.69313816358e-06,0.375511736042
0.0095656118019,9.92392716748e-06,0.44490236035
0.0095656118019,1.01547161714e-05,0.558144841589
0.0095656118019,1.03855051753e-05,0.692381314993
0.0095656118019,1.06162941792e-05,0.810971007965
0.0095656118019,1.08470831831e-05,0.877999084808
0.0095656118019,1.1077872187e-05,0.877747554125
0.0095656118019,1.13086611908e-05,0.82292876146
0.0095656118019,1.15394501947e-05,0.744748715631
0.0095656118019,1.17702391986e-05,0.674897960215
0.0095656118019,1.20010282025e-05,0.633755411094
0.0095656118019,1.22318172064e-05,0.628640696733
0.0095656118019,1.24626062103e-05,0.656637966544
0.0095656118019,1.26933952142e-05,0.706841228211
0.0095656118019,1.29241842181e-05,0.762081330764
0.0095656118019,1.3154973222e-05,0.803301226563
0.0095656118019,1.33857622259e-05,0.817640828257
0.0095656118019,1.36165512298e-05,0.805838003363
0.0095656118019,1.38473402337e-05,0.782416192953
0.0095656118019,1.40781292376e-05,0.767563030991
0.0095656118019,1.43089182415e-05,0.776593800547
0.0095656118019,1.45397072454e-05,0.8130118241
0.0095656118019,1.47704962493e-05,0.866460100052
0.0095656118019,1.50012852532e-05,0.914873609697
0.0095656118019,1.52320742571e-05,0.931583580795
0.0095656118019,1.5462863261e-05,0.897396182464
0.0095656118019,1.56936522649e-05,0.81228803207
0.0095656118019,1.59244412687e-05,0.69739233337
0.0095656118019,1.61552302726e-05,0.583876074228
0.0095656118019,1.63860192765e-05,0.497598000749
0.0095656118019,1.66168082804e-05,0.451769795793
0.0095656118019,1.68475972843e-05,0.449651962004
0.0095656118019,1.70783862882e-05,0.489607374653
0.0095656118019,1.73091752921e-05,0.56602838128
0.0095656118019,1.7539964296e-05,0.666523815951
0.0095656118019,1.77707532999e-05,0.770243003941
0.0095656118019,1.80015423038e-05,0.852136833129
0.0095656118019,1.82323313077e-05,0.893419944322
0.0095656118019,1.84631203116e-05,0.891679234458
0.0095656118019,1.86939093155e-05,0.862014666577
0.0095656118019,1.89246983194e-05,0.827808385946
0.0095656118019,1.91554873233e-05,0.808542459425
0.0095656118019,1.93862763272e-05,0.812141571512
0.0095656118019,1.96170653311e-05,0.833136507723
0.0095656118019,1.9847854335e-05,0.854883440059
0.0095656118019,2.00786433389e-05,0.855534371581
0.0095656118019,2.03094323427e-05,0.817847526563
0.0095656118019,2.05402213466e-05,0.739368161902
0.0095656118019,2.07710103505e-05,0.635999587916
0.0095656118019,2.10017993544e-05,0.535008458561
0.0095656118019,2.12325883583e-05,0.462201450689
0.0095656118019,2.14633773622e-05,0.432446867608
0.0095656118019,2.16941663661e-05,0.447690759564
0.0095656118019,2.192495537e-05,0.499539071084
0.0095656118019,2.21557443739e-05,0.572321627749
0.0095656118019,2.23865333778e-05,0.645935093032
0.0095656118019,2.26173223817e-05,0.700360094919
0.0095656118019,2.28481113856e-05,0.722763998341
0.0095656118019,2.30789003895e-05,0.714122577591
0.0095656118019,2.33096893934e-05,0.689661008507
0.0095656118019,2.35404783973e-05,0.671150570741
0.0095656118019,2.37712674012e-05,0.676502419338
0.0095656118019,2.40020564051e-05,0.713614259468
0.0095656118019,2.4232845409e-05,0.779409909218
0.0095656118019,2.44636344129e-05,0.860838904403
0.0095656118019,2.46944234168e-05,0.93692521515
0.0095656118019,2.49252124206e-05,0.984072046745
0.0095656118019,2.51560014245e-05,0.98532884212
0.0095656118019,2.53867904284e-05,0.939403622362
0.0095656118019,2.56175794323e-05,0.862496902331
0.0095656118019,2.58483684362e-05,0.780362744961
0.0095656118019,2.60791574401e-05,0.716332377242
0.0095656118019,2.6309946444e-05,0.683633573935
0.0095656118019,2.65407354479e-05,0.684393473214
0.0095656118019,2.67715244518e-05,0.711810290476
0.0095656118019,2.70023134557e-05,0.752345179815
0.0095656118019,2.72331024596e-05,0.788117919407
0.0095656118019,2.74638914635e-05,0.801204959908
0.0095656118019,2.76946804674e-05,0.780215846103
0.0095656118019,2.79254694713e-05,0.726498788604
0.0095656118019,2.81562584752e-05,0.65540584519
0.0095656118019,2.83870474791e-05,0.590420849356
0.0095656118019,2.8617836483e-05,0.553232696918
0.0095656118019,2.88486254869e-05,0.555252333476
0.0095656118019,2.90794144908e-05,0.593795025396
0.0095656118019,2.93102034946e-05,0.653294378312
0.0095656118019,2.95409924985e-05,0.710940587101
0.0095656118019,2.97717815024e-05,0.7454870761
0.0095656118019,3.00025705063e-05,0.746364461247
0.0095656118019,3.02333595102e-05,0.718601298203
0.0095656118019,3.04641485141e-05,0.679894852005
0.0095656118019,3.0694937518e-05,0.651009797923
0.0095656118019,3.09257265219e-05,0.645854603144
0.0095656118019,3.11565155258e-05,0.666992517548
0.0095656118019,3.13873045297e-05,0.706802283128
0.0095656118019,3.16180935336e-05,0.751099643982
0.0095656118019,3.18488825375e-05,0.78323403666
0.0095656118019,3.20796715414e-05,0.788706394691
0.0095656118019,3.23104605453e-05,0.760395759078
0.0095656118019,3.25412495492e-05,0.702804810748
0.0095656118019,3.27720385531e-05,0.632188538337
0.0095656118019,3.3002827557e-05,0.570836686511
0.0095656118019,3.32336165609e-05,0.538466852133
0.0095656118019,3.34644055648e-05,0.546289205917
0.0095656118019,3.36951945687e-05,0.595670010631
0.0095656118019,3.39259835725e-05,0.678736885659
0.0095656118019,3.41567725764e-05,0.779225611947
0.0095656118019,3.43875615803e-05,0.875151101441
0.0095656118019,3.46183505842e-05,0.944667914797
0.0095656118019,3.48491395881e-05,0.973543685022
0.0095656118019,3.5079928592e-05,0.960568001267
0.0095656118019,3.53107175959e-05,0.917559766809
0.0095656118019,3.55415065998e-05,0.863524009776
0.0095656118019,3.57722956037e-05,0.816190186444
0.0095656118019,3.60030846076e-05,0.785411334204
0.0095656118019,3.62338736115e-05,0.770977829915
0.0095656118019,3.64646626154e-05,0.764794847927
0.0095656118019,3.66954516193e-05,0.755830180291
0.0095656118019,3.69262406232e-05,0.735705870718
0.0095656118019,3.71570296271e-05,0.703004862231
0.0095656118019,3.7387818631e-05,0.664825170298
0.0095656118019,3.76186076349e-05,0.63466429375
0.0095656118019,3.78493966388e-05,0.627060652691
0.0095656118019,3.80801856427e-05,0.651251969327
0.0095656118019,3.83109746465e-05,0.706446755283
0.0095656118019,3.85417636504e-05,0.780051612869
0.0095656118019,3.87725526543e-05,0.849673490902
0.0095656118019,3.90033416582e-05,0.889571931028
0.0095656118019,3.92341306621e-05,0.880157370937
0.0095656118019,3.9464919666e-05,0.816465359145
0.0095656118019,3.96957086699e-05,0.711264813804
0.0095656118019,3.99264976738e-05,0.590728495187
0.0095656118019,4.01572866777e-05,0.48438125817
0.0095656118019,4.03880756816e-05,0.414864379459
0.0095656118019,4.06188646855e-05,0.393105142877
0.0095656118019,4.08496536894e-05,0.419256982797
0.0095656118019,4.10804426933e-05,0.485378801512
0.0095656118019,4.13112316972e-05,0.577583281069
0.0095656118019,4.15420207011e-05,0.678828830201
0.0095656118019,4.1772809705e-05,0.773061173568
0.0095656118019,4.20035987089e-05,0.849204939752
0.0095656118019,4.22343877128e-05,0.903219494427
0.0095656118019,4.24651767167e-05,0.937505087056
0.0095656118019,4.26959657206e-05,0.957891084958
0.0095656118019,4.29267547244e-05,0.969312321928
0.0095656118019,4.31575437283e-05,0.972129462398
0.0095656118019,4.33883327322e-05,0.961220495297
0.0095656118019,4.36191217361e-05,0.928884552168
0.0095656118019,4.384991074e-05,0.870313184714
0.0095656118019,4.40806997439e-05,0.788367330666
0.0095656118019,4.43114887478e-05,0.6946807317
0.0095656118019,4.45422777517e-05,0.606535748248
0.0095656118019,4.47730667556e-05,0.541443764244
0.0095656118019,4.50038557595e-05,0.512415542231
0.0095656118019,4.52346447634e-05,0.525749216275
0.0095656118019,4.54654337673e-05,0.580217036332
0.0095656118019,4.56962227712e-05,0.665492137084
0.0095656118019,4.59270117751e-05,0.761230537457
0.0095656118019,4.6157800779e-05,0.841111770583
0.0095656118019,4.63885897829e-05,0.882214162804
0.0095656118019,4.66193787868e-05,0.874152608869
0.0095656118019,4.68501677907e-05,0.822462610568
0.0095656118019,4.70809567946e-05,0.74537901373
0.0095656118019,4.73117457984e-05,0.666623615542
0.0095656118019,4.75425348023e-05,0.607738821089
0.0095656118019,4.77733238062e-05,0.582870904835
0.0095656118019,4.80041128101e-05,0.596735049446
0.0095656118019,4.8234901814e-05,0.644535136684
0.0095656118019,4.84656908179e-05,0.713470816537
0.0095656118019,4.86964798218e-05,0.786912238314
0.0095656118019,4.89272688257e-05,0.850553786058
0.0095656118019,4.91580578296e-05,0.897193669809
0.0095656118019,4.93888468335e-05,0.927464253449
0.0095656118019,4.96196358374e-05,0.946756710981
0.0095656118019,4.98504248413e-05,0.960375739105
0.0095656118019,5.00812138452e-05,0.969069292209
0.0095656118019,5.03120028491e-05,0.96682415176
0.0095656118019,5.0542791853e-05,0.9425780769
0.0095656118019,5.07735808569e-05,0.886092685429
0.0095656118019,5.10043698608e-05,0.795136543115
0.0095656118019,5.12351588647e-05,0.679082256534
0.0095656118019,5.14659478686e-05,0.556230803755
0.0095656118019,5.16967368725e-05,0.44689409385
0.0095656118019,5.19275258763e-05,0.366907954873
0.0095656118019,5.21583148802e-05,0.325344255698
0.0095656118019,5.23891038841e-05,0.326822725357
0.0095656118019,5.2619892888e-05,0.374282256752
0.0095656118019,5.28506818919e-05,0.466515312971
0.0095656118019,5.30814708958e-05,0.591100238462
0.0095656118019,5.33122598997e-05,0.721974145913
0.0095656118019,5.35430489036e-05,0.828395224675
0.0095656118019,5.37738379075e-05,0.88950838257
0.0095656118019,5.40046269114e-05,0.90287768166
0.0095656118019,5.42354159153e-05,0.882297965841
0.0095656118019,5.44662049192e-05,0.849044617551
0.0095656118019,5.46969939231e-05,0.82280982071
0.0095656118019,5.4927782927e-05,0.815772604685
0.0095656118019,5.51585719309e-05,0.830228109419
0.0095656118019,5.53893609348e-05,0.859169846716
0.0095656118019,5.56201499387e-05,0.889803199945
0.0095656118019,5.58509389426e-05,0.909664442226
0.0095656118019,5.60817279465e-05,0.912732882134
0.0095656118019,5.63125169503e-05,0.901884428364
0.0095656118019,5.65433059542e-05,0.886607308602
0.0095656118019,5.67740949581e-05,0.878093029179
0.0095656118019,5.7004883962e-05,0.884198629562
0.0095656118019,5.72356729659e-05,0.905268120134
0.0095656118019,5.74664619698e-05,0.931408505927
0.0095656118019,5.76972509737e-05,0.943411748201
0.0095656118019,5.79280399776e-05,0.919980474467
0.0095656118019,5.81588289815e-05,0.8494675094
0.0095656118019,5.83896179854e-05,0.738151283719
0.0095656118019,5.86204069893e-05,0.607988651566
0.0095656118019,5.88511959932e-05,0.485657158125
0.0095656118019,5.90819849971e-05,0.391523183333
0.0095656118019,5.9312774001e-05,0.335580346166
0.0095656118019,5.95435630049e-05,0.320893594474
0.0095656118019,5.97743520088e-05,0.349076558139
0.0095656118019,6.00051410127e-05,0.420521524835
0.0095656118019,6.02359300166e-05,0.527770924968
0.0095656118019,6.04667190205e-05,0.650218730902
0.0095656118019,6.06975080244e-05,0.759592805904
0.0095656118019,6.09282970282e-05,0.833935973798
0.0095656118019,6.11590860321e-05,0.868012335353
0.0095656118019,6.1389875036e-05,0.872618583893
0.0095656118019,6.16206640399e-05,0.865966913618
0.0095656118019,6.18514530438e-05,0.864273815834
0.0095656118019,6.20822420477e-05,0.875568453846
0.0095656118019,6.23130310516e-05,0.897220899185
0.0095656118019,6.25438200555e-05,0.917171687103
0.0095656118019,6.27746090594e-05,0.919438257474
0.0095656118019,6.30053980633e-05,0.892681932644
0.0095656118019,6.32361870672e-05,0.837043973444
0.0095656118019,6.34669760711e-05,0.764494804314
0.0095656118019,6.3697765075e-05,0.693212138157
0.0095656118019,6.39285540789e-05,0.640891503576
0.0095656118019,6.41593430828e-05,0.62054196694
0.0095656118019,6.43901320867e-05,0.638004166445
0.0095656118019,6.46209210906e-05,0.688740642989
0.0095656118019,6.48517100945e-05,0.754721380321
0.0095656118019,6.50824990984e-05,0.806988542939
0.0095656118019,6.53132881022e-05,0.817880472505
0.0095656118019,6.55440771061e-05,0.776807579743
0.0095656118019,6.577486611e-05,0.696652490366
0.0095656118019,6.60056551139e-05,0.605396732219
0.0095656118019,6.62364441178e-05,0.531069244845
0.0095656118019,6.64672331217e-05,0.491648535112
0.0095656118019,6.66980221256e-05,0.493976547825
0.0095656118019,6.69288111295e-05,0.537324806154
0.0095656118019,6.71596001334e-05,0.615045636879
0.0095656118019,6.73903891373e-05,0.712503277069
0.0095656118019,6.76211781412e-05,0.806706247825
0.0095656118019,6.78519671451e-05,0.873661006523
0.0095656118019,6.8082756149e-05,0.900391564251
0.0095656118019,6.83135451529e-05,0.891373001232
0.0095656118019,6.85443341568e-05,0.864252431666
0.0095656118019,6.87751231607e-05,0.839751424579
0.0095656118019,6.90059121646e-05,0.833115759865
0.0095656118019,6.92367011685e-05,0.849699502324
0.0095656118019,6.94674901724e-05,0.883373213384
0.0095656118019,6.96982791763e-05,0.917270037493
0.0095656118019,6.99290681801e-05,0.92888962674
0.0095656118019,7.0159857184e-05,0.900226104384
0.0095656118019,7.03906461879e-05,0.827791164686
0.0095656118019,7.06214351918e-05,0.724850633916
0.0095656118019,7.08522241957e-05,0.614449687573
0.0095656118019,7.10830131996e-05,0.519854422027
0.0095656118019,7.13138022035e-05,0.459013780019
0.0095656118019,7.15445912074e-05,0.442994796103
0.0095656118019,7.17753802113e-05,0.473889526542
0.0095656118019,7.20061692152e-05,0.540395489983
0.0095656118019,7.22369582191e-05,0.616275613697
0.0095656118019,7.2467747223e-05,0.669092461313
0.0095656118019,7.26985362269e-05,0.67748075898
0.0095656118019,7.29293252308e-05,0.643609696017
0.0095656118019,7.31601142347e-05,0.590021505427
0.0095656118019,7.33909032386e-05,0.545177110466
0.0095656118019,7.36216922425e-05,0.530546184304
0.0095656118019,7.38524812464e-05,0.556032632023
0.0095656118019,7.40832702503e-05,0.620863680691
0.0095656118019,7.43140592541e-05,0.714440108748
0.0095656118019,7.4544848258e-05,0.816161050291
0.0095656118019,7.47756372619e-05,0.898678500455
0.0095656118019,7.50064262658e-05,0.93815685676
0.0095656118019,7.52372152697e-05,0.926804981653
0.0095656118019,7.54680042736e-05,0.877343426863
0.0095656118019,7.56987932775e-05,0.815436102037
0.0095656118019,7.59295822814e-05,0.767092581225
0.0095656118019,7.61603712853e-05,0.749968980078
0.0095656118019,7.63911602892e-05,0.770479020629
0.0095656118019,7.66219492931e-05,0.823183958744
0.0095656118019,7.6852738297e-05,0.890528544442
0.0095656118019,7.70835273009e-05,0.945870882087
0.0095656118019,7.73143163048e-05,0.96323740275
0.0095656118019,7.75451053087e-05,0.930293212358
0.0095656118019,7.77758943126e-05,0.85469959501
0.0095656118019,7.80066833165e-05,0.758589833012
0.0095656118019,7.82374723204e-05,0.666935994683
0.0095656118019,7.84682613243e-05,0.599135645107
0.0095656118019,7.86990503282e-05,0.566588300391
0.0095656118019,7.8929839332e-05,0.572320713394
0.0095656118019,7.91606283359e-05,0.609040295305
0.0095656118019,7.93914173398e-05,0.657631615643
0.0095656118019,7.96222063437e-05,0.692100764561
0.0095656118019,7.98529953476e-05,0.692622999018
0.0095656118019,8.00837843515e-05,0.658112071677
0.0095656118019,8.03145733554e-05,0.60695670637
0.0095656118019,8.05453623593e-05,0.56544779493
0.0095656118019,8.07761513632e-05,0.554533053934
0.0095656118019,8.10069403671e-05,0.583440094237
0.0095656118019,8.1237729371e-05,0.649199225109
0.0095656118019,8.14685183749e-05,0.73716081674
0.0095656118019,8.16993073788e-05,0.821850019788
0.0095656118019,8.19300963827e-05,0.872650014128
0.0095656118019,8.21608853866e-05,0.866701227868
0.0095656118019,8.23916743905e-05,0.802160474472
0.0095656118019,8.26224633944e-05,0.700271307959
0.0095656118019,8.28532523983e-05,0.593715821192
0.0095656118019,8.30840414022e-05,0.511585862117
0.0095656118019,8.3314830406e-05,0.471864695875
0.0095656118019,8.35456194099e-05,0.4820327352
0.0095656118019,8.37764084138e-05,0.541198129319
0.0095656118019,8.40071974177e-05,0.639183411808
0.0095656118019,8.42379864216e-05,0.754730441756
0.0095656118019,8.44687754255e-05,0.859001229085
0.0095656118019,8.46995644294e-05,0.92672243852
0.0095656118019,8.49303534333e-05,0.948256799195
0.0095656118019,8.51611424372e-05,0.932660567301
0.0095656118019,8.53919314411e-05,0.899917498924
0.0095656118019,8.5622720445e-05,0.869865525577
0.0095656118019,8.58535094489e-05,0.854891470375
0.0095656118019,8.60842984528e-05,0.857043493066
0.0095656118019,8.63150874567e-05,0.86747230533
0.0095656118019,8.65458764606e-05,0.868711029104
0.0095656118019,8.67766654645e-05,0.842286141206
0.0095656118019,8.70074544684e-05,0.780282891956
0.0095656118019,8.72382434723e-05,0.692793251312
0.0095656118019,8.74690324762e-05,0.603794367781
0.0095656118019,8.76998214801e-05,0.538544485926
0.0095656118019,8.79306104839e-05,0.513348135157
0.0095656118019,8.81613994878e-05,0.533546820546
0.0095656118019,8.83921884917e-05,0.595819585226
0.0095656118019,8.86229774956e-05,0.688578785228
0.0095656118019,8.88537664995e-05,0.789930744159
0.0095656118019,8.90845555034e-05,0.868874450368
0.0095656118019,8.93153445073e-05,0.895224488648
0.0095656118019,8.95461335112e-05,0.855220073129
0.0095656118019,8.97769225151e-05,0.760697096014
0.0095656118019,9.0007711519e-05,0.642871921565
0.0095656118019,9.02385005229e-05,0.536226942539
0.0095656118019,9.04692895268e-05,0.465931755807
0.0095656118019,9.07000785307e-05,0.444863898181
0.0095656118019,9.09308675346e-05,0.475591249161
0.0095656118019,9.11616565385e-05,0.551111212997
0.0095656118019,9.13924455424e-05,0.654078068586
0.0095656118019,9.16232345463e-05,0.759223009623
0.0095656118019,9.18540235502e-05,0.841975694282
0.0095656118019,9.20848125541e-05,0.889174503265
0.0095656118019,9.23156015579e-05,0.903567794195
0.0095656118019,9.25463905618e-05,0.898816997842
0.0095656118019,9.27771795657e-05,0.890015131387
0.0095656118019,9.30079685696e-05,0.886323415324
0.0095656118019,9.32387575735e-05,0.88778214694
0.0095656118019,9.34695465774e-05,0.885348847973
0.0095656118019,9.37003355813e-05,0.864192203572
0.0095656118019,9.39311245852e-05,0.811157491193
0.0095656118019,9.41619135891e-05,0.724332154109
0.0095656118019,9.4392702593e-05,0.617903218628
0.0095656118019,9.46234915969e-05,0.516605009821
0.0095656118019,9.48542806008e-05,0.443517399102
0.0095656118019,9.50850696047e-05,0.411963813684
0.0095656118019,9.53158586086e-05,0.42648970466
0.0095656118019,9.55466476125e-05,0.487071454843
0.0095656118019,9.57774366164e-05,0.588853277737
0.0095656118019,9.60082256203e-05,0.717106977914
0.0095656118019,9.62390146242e-05,0.844250760131
0.0095656118019,9.64698036281e-05,0.936131519053
0.0095656118019,9.6700592632e-05,0.967315752148
0.0095656118019,9.69313816358e-05,0.935063516968
0.0095656118019,9.71621706397e-05,0.860186336985
0.0095656118019,9.73929596436e-05,0.774446327388
0.0095656118019,9.76237486475e-05,0.705761315033
0.0095656118019,9.78545376514e-05,0.670788768998
0.0095656118019,9.80853266553e-05,0.674665139927
0.0095656118019,9.83161156592e-05,0.712886964388
0.0095656118019,9.85469046631e-05,0.772982497519
0.0095656118019,9.8777693667e-05,0.837443900306
0.0095656118019,9.90084826709e-05,0.889512076639
0.0095656118019,9.92392716748e-05,0.919938520021
0.0095656118019,9.94700606787e-05,0.930079572716
0.0095656118019,9.97008496826e-05,0.928827813244
0.0095656118019,9.99316386865e-05,0.925930751726
0.0095656118019,0.00010016242769,0.926084833014
0.0095656118019,0.000100393216694,0.925922619441
0.0095656118019,0.000100624005698,0.914168680694
0.0095656118019,0.000100854794702,0.875584364174
0.0095656118019,0.000101085583706,0.798994360974
0.0095656118019,0.00010131637271,0.686321893547
0.0095656118019,0.000101547161714,0.555643939662
0.0095656118019,0.000101777950718,0.433464247001
0.0095656118019,0.000102008739722,0.341394316687
0.0095656118019,0.000102239528725,0.289178971424
0.0095656118019,0.000102470317729,0.278731613452
0.0095656118019,0.000102701106733,0.311239901321
0.0095656118019,0.000102931895737,0.387940717261
0.0095656118019,0.000103162684741,0.504242772363
0.0095656118019,0.000103393473745,0.643963388451
0.0095656118019,0.000103624262749,0.780282405616
0.0095656118019,0.000103855051753,0.885118852039
0.0095656118019,0.000104085840757,0.941941480726
0.0095656118019,0.00010431662976,0.952947701409
0.0095656118019,0.000104547418764,0.935349333748
0.0095656118019,0.000104778207768,0.910621700011
0.0095656118019,0.000105008996772,0.894902698077
0.0095656118019,0.000105239785776,0.894779670449
0.0095656118019,0.00010547057478,0.907515094626
0.0095656118019,0.000105701363784,0.923769294752
0.0095656118019,0.000105932152788,0.93210505548
0.0095656118019,0.000106162941792,0.924505218264
0.0095656118019,0.000106393730796,0.900614712946
0.0095656118019,0.000106624519799,0.86802560304
0.0095656118019,0.000106855308803,0.838345011745
0.0095656118019,0.000107086097807,0.82167369678
0.0095656118019,0.000107316886811,0.822136774052
0.0095656118019,0.000107547675815,0.835367024509
0.0095656118019,0.000107778464819,0.848462063059
0.0095656118019,0.000108009253823,0.84350349706
0.0095656118019,0.000108240042827,0.804935283461
0.0095656118019,0.000108470831831,0.728392968613
0.0095656118019,0.000108701620834,0.625493006263
0.0095656118019,0.000108932409838,0.519440368225
0.0095656118019,0.000109163198842,0.433204591643
0.0095656118019,0.000109393987846,0.38002939543
0.0095656118019,0.00010962477685,0.363819703416
0.0095656118019,0.000109855565854,0.385341306454
0.0095656118019,0.000110086354858,0.444742159305
0.0095656118019,0.000110317143862,0.537895188803
0.0095656118019,0.000110547932866,0.652124959771
0.0095656118019,0.00011077872187,0.767031225978
0.0095656118019,0.000111009510873,0.861231140037
0.0095656118019,0.000111240299877,0.921157911042
0.0095656118019,0.000111471088881,0.946114990415
0.0095656118019,0.000111701877885,0.946173495181
0.0095656118019,0.000111932666889,0.934929986107
0.0095656118019,0.000112163455893,0.922400233524
0.0095656118019,0.000112394244897,0.911622705706
0.0095656118019,0.000112625033901,0.899134323837
0.0095656118019,0.000112855822905,0.877934769832
0.0095656118019,0.000113086611908,0.841577758114
0.0095656118019,0.000113317400912,0.788038325621
0.0095656118019,0.000113548189916,0.721825541773
0.0095656118019,0.00011377897892,0.653387750443
0.0095656118019,0.000114009767924,0.596374424005
0.0095656118019,0.000114240556928,0.564016454127
0.0095656118019,0.000114471345932,0.564858268562
0.0095656118019,0.000114702134936,0.598028596757
0.0095656118019,0.00011493292394,0.650629777834
0.0095656118019,0.000115163712944,0.700704294967
0.0095656118019,0.000115394501947,0.725949424906
0.0095656118019,0.000115625290951,0.71416193523
0.0095656118019,0.000115856079955,0.669677033354
0.0095656118019,0.000116086868959,0.611369576015
0.0095656118019,0.000116317657963,0.562609034956
0.0095656118019,0.000116548446967,0.540058607175
0.0095656118019,0.000116779235971,0.549318817263
0.0095656118019,0.000117010024975,0.587987273565
0.0095656118019,0.000117240813979,0.649788674703
0.0095656118019,0.000117471602982,0.725627268869
0.0095656118019,0.000117702391986,0.803484207995
0.0095656118019,0.00011793318099,0.870342141411
0.0103544127854,0,1
0.0103544127854,2.30789003895e-07,0.999238376329
0.0103544127854,4.6157800779e-07,0.988684846114
0.0103544127854,6.92367011685e-07,0.94877044929
0.0103544127854,9.23156015579e-07,0.863220070641
0.0103544127854,1.15394501947e-06,0.735071464257
0.0103544127854,1.38473402337e-06,0.590094812919
0.0103544127854,1.61552302726e-06,0.462608604674
0.0103544127854,1.84631203116e-06,0.377627157616
0.0103544127854,2.07710103505e-06,0.345704423548
0.0103544127854,2.30789003895e-06,0.369616785341
0.0103544127854,2.53867904284e-06,0.449766561619
0.0103544127854,2.76946804674e-06,0.579537970655
0.0103544127854,3.00025705063e-06,0.734413780003
0.0103544127854,3.23104605453e-06,0.869561995674
0.0103544127854,3.46183505842e-06,0.938464376225
0.0103544127854,3.69262406232e-06,0.923065664148
0.0103544127854,3.92341306621e-06,0.846476772927
0.0103544127854,4.15420207011e-06,0.755018328269
0.0103544127854,4.384991074e-06,0.689753079085
0.0103544127854,4.6157800779e-06,0.671868290713
0.0103544127854,4.84656908179e-06,0.702977120831
0.0103544127854,5.07735808569e-06,0.768542116918
0.0103544127854,5.30814708958e-06,0.841123535768
0.0103544127854,5.53893609348e-06,0.889804229056
0.0103544127854,5.76972509737e-06,0.896300286629
0.0103544127854,6.00051410127e-06,0.865409352431
0.0103544127854,6.23130310516e-06,0.819432754432
0.0103544127854,6.46209210906e-06,0.782661935994
0.0103544127854,6.69288111295e-06,0.769256142172
0.0103544127854,6.92367011685e-06,0.779120447393
0.0103544127854,7.15445912074e-06,0.798373001879
0.0103544127854,7.38524812464e-06,0.802981339428
0.0103544127854,7.61603712853e-06,0.768631910548
0.0103544127854,7.84682613243e-06,0.686258398984
0.0103544127854,8.07761513632e-06,0.571926720516
0.0103544127854,8.30840414022e-06,0.459093310165
0.0103544127854,8.53919314411e-06,0.379480035753
0.0103544127854,8.76998214801e-06,0.351850983408
0.0103544127854,9.0007711519e-06,0.384285829522
0.0103544127854,9.23156015579e-06,0.476681832101
0.0103544127854,9.46234915969e-06,0.613992630572
0.0103544127854,9.69313816358e-06,0.759157696554
0.0103544127854,9.92392716748e-06,0.862517582249
0.0103544127854,1.01547161714e-05,0.889175956084
0.0103544127854,1.03855051753e-05,0.841654881625
0.0103544127854,1.06162941792e-05,0.755228875245
0.0103544127854,1.08470831831e-05,0.672468050771
0.0103544127854,1.1077872187e-05,0.62228333833
0.0103544127854,1.13086611908e-05,0.615291140057
0.0103544127854,1.15394501947e-05,0.647848021186
0.0103544127854,1.17702391986e-05,0.705427704704
0.0103544127854,1.20010282025e-05,0.765366522429
0.0103544127854,1.22318172064e-05,0.804344886203
0.0103544127854,1.24626062103e-05,0.81091107178
0.0103544127854,1.26933952142e-05,0.793651356465
0.0103544127854,1.29241842181e-05,0.775816443453
0.0103544127854,1.3154973222e-05,0.780171252804
0.0103544127854,1.33857622259e-05,0.815907929305
0.0103544127854,1.36165512298e-05,0.873505480679
0.0103544127854,1.38473402337e-05,0.926705688375
0.0103544127854,1.40781292376e-05,0.941959268879
0.0103544127854,1.43089182415e-05,0.895738150484
0.0103544127854,1.45397072454e-05,0.791324360288
0.0103544127854,1.47704962493e-05,0.659688079051
0.0103544127854,1.50012852532e-05,0.540791042305
0.0103544127854,1.52320742571e-05,0.462731903766
0.0103544127854,1.5462863261e-05,0.436327423303
0.0103544127854,1.56936522649e-05,0.461923850823
0.0103544127854,1.59244412687e-05,0.534378515563
0.0103544127854,1.61552302726e-05,0.640722954976
0.0103544127854,1.63860192765e-05,0.75639049918
0.0103544127854,1.66168082804e-05,0.849083537429
0.0103544127854,1.68475972843e-05,0.893192312124
0.0103544127854,1.70783862882e-05,0.885333841738
0.0103544127854,1.73091752921e-05,0.846212404797
0.0103544127854,1.7539964296e-05,0.806307420928
0.0103544127854,1.77707532999e-05,0.788303293682
0.0103544127854,1.80015423038e-05,0.797610000594
0.0103544127854,1.82323313077e-05,0.821505632071
0.0103544127854,1.84631203116e-05,0.834540473634
0.0103544127854,1.86939093155e-05,0.810578739781
0.0103544127854,1.89246983194e-05,0.738957240439
0.0103544127854,1.91554873233e-05,0.634286939243
0.0103544127854,1.93862763272e-05,0.529781110236
0.0103544127854,1.96170653311e-05,0.458469337872
0.0103544127854,1.9847854335e-05,0.438173878145
0.0103544127854,2.00786433389e-05,0.468857054485
0.0103544127854,2.03094323427e-05,0.53724484822
0.0103544127854,2.05402213466e-05,0.621530667647
0.0103544127854,2.07710103505e-05,0.695743946626
0.0103544127854,2.10017993544e-05,0.737374268296
0.0103544127854,2.12325883583e-05,0.738143164141
0.0103544127854,2.14633773622e-05,0.710296157401
0.0103544127854,2.16941663661e-05,0.680484625184
0.0103544127854,2.192495537e-05,0.674829190458
0.0103544127854,2.21557443739e-05,0.707227493866
0.0103544127854,2.23865333778e-05,0.776008406453
0.0103544127854,2.26173223817e-05,0.864834840647
0.0103544127854,2.28481113856e-05,0.945913836643
0.0103544127854,2.30789003895e-05,0.988763134039
0.0103544127854,2.33096893934e-05,0.97474942117
0.0103544127854,2.35404783973e-05,0.90886707947
0.0103544127854,2.37712674012e-05,0.817787133423
0.0103544127854,2.40020564051e-05,0.734398968711
0.0103544127854,2.4232845409e-05,0.682049131432
0.0103544127854,2.44636344129e-05,0.668794755882
0.0103544127854,2.46944234168e-05,0.68929337772
0.0103544127854,2.49252124206e-05,0.727984701896
0.0103544127854,2.51560014245e-05,0.762524325104
0.0103544127854,2.53867904284e-05,0.770208342728
0.0103544127854,2.56175794323e-05,0.738155864908
0.0103544127854,2.58483684362e-05,0.672322404908
0.0103544127854,2.60791574401e-05,0.597180316655
0.0103544127854,2.6309946444e-05,0.543800681699
0.0103544127854,2.65407354479e-05,0.534306339783
0.0103544127854,2.67715244518e-05,0.57237309273
0.0103544127854,2.70023134557e-05,0.642617233041
0.0103544127854,2.72331024596e-05,0.717072041436
0.0103544127854,2.74638914635e-05,0.766645605386
0.0103544127854,2.76946804674e-05,0.774334019694
0.0103544127854,2.79254694713e-05,0.743910888576
0.0103544127854,2.81562584752e-05,0.697453973266
0.0103544127854,2.83870474791e-05,0.662074622961
0.0103544127854,2.8617836483e-05,0.655459456012
0.0103544127854,2.88486254869e-05,0.67949198027
0.0103544127854,2.90794144908e-05,0.722236065824
0.0103544127854,2.93102034946e-05,0.763668963986
0.0103544127854,2.95409924985e-05,0.7826958264
0.0103544127854,2.97717815024e-05,0.765175951377
0.0103544127854,3.00025705063e-05,0.711420551353
0.0103544127854,3.02333595102e-05,0.638599172865
0.0103544127854,3.04641485141e-05,0.57392035414
0.0103544127854,3.0694937518e-05,0.541932902558
0.0103544127854,3.09257265219e-05,0.555589896271
0.0103544127854,3.11565155258e-05,0.614971170597
0.0103544127854,3.13873045297e-05,0.708572000774
0.0103544127854,3.16180935336e-05,0.814324699752
0.0103544127854,3.18488825375e-05,0.903987114927
0.0103544127854,3.20796715414e-05,0.952972109448
0.0103544127854,3.23104605453e-05,0.951411647319
0.0103544127854,3.25412495492e-05,0.909107464775
0.0103544127854,3.27720385531e-05,0.849927528557
0.0103544127854,3.3002827557e-05,0.798813161052
0.0103544127854,3.32336165609e-05,0.770054909802
0.0103544127854,3.34644055648e-05,0.763164744336
0.0103544127854,3.36951945687e-05,0.766444963527
0.0103544127854,3.39259835725e-05,0.764705338094
0.0103544127854,3.41567725764e-05,0.747284798373
0.0103544127854,3.43875615803e-05,0.713632664122
0.0103544127854,3.46183505842e-05,0.67459533817
0.0103544127854,3.48491395881e-05,0.648306928989
0.0103544127854,3.5079928592e-05,0.651790043304
0.0103544127854,3.53107175959e-05,0.691943723508
0.0103544127854,3.55415065998e-05,0.759655528173
0.0103544127854,3.57722956037e-05,0.829841569048
0.0103544127854,3.60030846076e-05,0.86960764476
0.0103544127854,3.62338736115e-05,0.852862531054
0.0103544127854,3.64646626154e-05,0.774045834501
0.0103544127854,3.66954516193e-05,0.652673358533
0.0103544127854,3.69262406232e-05,0.525082988346
0.0103544127854,3.71570296271e-05,0.427587896041
0.0103544127854,3.7387818631e-05,0.382245110595
0.0103544127854,3.76186076349e-05,0.393938336134
0.0103544127854,3.78493966388e-05,0.455413685234
0.0103544127854,3.80801856427e-05,0.551695168672
0.0103544127854,3.83109746465e-05,0.662683938481
0.0103544127854,3.85417636504e-05,0.76755756188
0.0103544127854,3.87725526543e-05,0.850800022467
0.0103544127854,3.90033416582e-05,0.906491986906
0.0103544127854,3.92341306621e-05,0.938462105718
0.0103544127854,3.9464919666e-05,0.955899569287
0.0103544127854,3.96957086699e-05,0.966204245751
0.0103544127854,3.99264976738e-05,0.969066145168
0.0103544127854,4.01572866777e-05,0.955992750903
0.0103544127854,4.03880756816e-05,0.916383399773
0.0103544127854,4.06188646855e-05,0.846339356323
0.0103544127854,4.08496536894e-05,0.754027813039
0.0103544127854,4.10804426933e-05,0.658205305691
0.0103544127854,4.13112316972e-05,0.581470248046
0.0103544127854,4.15420207011e-05,0.542723900555
0.0103544127854,4.1772809705e-05,0.552431868448
0.0103544127854,4.20035987089e-05,0.610044638762
0.0103544127854,4.22343877128e-05,0.701009756076
0.0103544127854,4.24651767167e-05,0.79633574989
0.0103544127854,4.26959657206e-05,0.861249094103
0.0103544127854,4.29267547244e-05,0.870922153224
0.0103544127854,4.31575437283e-05,0.822200189418
0.0103544127854,4.33883327322e-05,0.733888306964
0.0103544127854,4.36191217361e-05,0.637233000819
0.0103544127854,4.384991074e-05,0.56289793319
0.0103544127854,4.40806997439e-05,0.531115360669
0.0103544127854,4.43114887478e-05,0.548327843688
0.0103544127854,4.45422777517e-05,0.608064085159
0.0103544127854,4.47730667556e-05,0.69334318698
0.0103544127854,4.50038557595e-05,0.782082946484
0.0103544127854,4.52346447634e-05,0.855746665925
0.0103544127854,4.54654337673e-05,0.906204694549
0.0103544127854,4.56962227712e-05,0.936224555529
0.0103544127854,4.59270117751e-05,0.954088318491
0.0103544127854,4.6157800779e-05,0.965886814027
0.0103544127854,4.63885897829e-05,0.969361806671
0.0103544127854,4.66193787868e-05,0.952966541377
0.0103544127854,4.68501677907e-05,0.902287519595
0.0103544127854,4.70809567946e-05,0.810988616635
0.0103544127854,4.73117457984e-05,0.688228257897
0.0103544127854,4.75425348023e-05,0.556435430878
0.0103544127854,4.77733238062e-05,0.441674818453
0.0103544127854,4.80041128101e-05,0.364305489219
0.0103544127854,4.8234901814e-05,0.335972787225
0.0103544127854,4.84656908179e-05,0.362534511429
0.0103544127854,4.86964798218e-05,0.445283668996
0.0103544127854,4.89272688257e-05,0.573959701246
0.0103544127854,4.91580578296e-05,0.719190706596
0.0103544127854,4.93888468335e-05,0.839796256146
0.0103544127854,4.96196358374e-05,0.90410530883
0.0103544127854,4.98504248413e-05,0.906335806393
0.0103544127854,5.00812138452e-05,0.865474619214
0.0103544127854,5.03120028491e-05,0.811817821992
0.0103544127854,5.0542791853e-05,0.772658405891
0.0103544127854,5.07735808569e-05,0.76358395165
0.0103544127854,5.10043698608e-05,0.785671653926
0.0103544127854,5.12351588647e-05,0.827012200112
0.0103544127854,5.14659478686e-05,0.868706560817
0.0103544127854,5.16967368725e-05,0.894745905982
0.0103544127854,5.19275258763e-05,0.900462134295
0.0103544127854,5.21583148802e-05,0.893649099634
0.0103544127854,5.23891038841e-05,0.888529421783
0.0103544127854,5.2619892888e-05,0.897179329207
0.0103544127854,5.28506818919e-05,0.921928828503
0.0103544127854,5.30814708958e-05,0.950643463444
0.0103544127854,5.33122598997e-05,0.958351777219
0.0103544127854,5.35430489036e-05,0.918861070107
0.0103544127854,5.37738379075e-05,0.822077596874
0.0103544127854,5.40046269114e-05,0.683247222038
0.0103544127854,5.42354159153e-05,0.535127990393
0.0103544127854,5.44662049192e-05,0.410451268105
0.0103544127854,5.46969939231e-05,0.3295834614
0.0103544127854,5.4927782927e-05,0.300591770027
0.0103544127854,5.51585719309e-05,0.326564837497
0.0103544127854,5.53893609348e-05,0.408153228996
0.0103544127854,5.56201499387e-05,0.535219084481
0.0103544127854,5.58509389426e-05,0.678587365183
0.0103544127854,5.60817279465e-05,0.798609402685
0.0103544127854,5.63125169503e-05,0.867349872589
0.0103544127854,5.65433059542e-05,0.883104114828
0.0103544127854,5.67740949581e-05,0.865928961059
0.0103544127854,5.7004883962e-05,0.842554963505
0.0103544127854,5.72356729659e-05,0.833076815525
0.0103544127854,5.74664619698e-05,0.843904573069
0.0103544127854,5.76972509737e-05,0.86623903327
0.0103544127854,5.79280399776e-05,0.880532491289
0.0103544127854,5.81588289815e-05,0.867764636916
0.0103544127854,5.83896179854e-05,0.822262422761
0.0103544127854,5.86204069893e-05,0.756212512585
0.0103544127854,5.88511959932e-05,0.692853891382
0.0103544127854,5.90819849971e-05,0.655464799976
0.0103544127854,5.9312774001e-05,0.659324613896
0.0103544127854,5.95435630049e-05,0.706728705324
0.0103544127854,5.97743520088e-05,0.782586837817
0.0103544127854,6.00051410127e-05,0.853978207295
0.0103544127854,6.02359300166e-05,0.881833509356
0.0103544127854,6.04667190205e-05,0.84349079486
0.0103544127854,6.06975080244e-05,0.748317246462
0.0103544127854,6.09282970282e-05,0.631042659212
0.0103544127854,6.11590860321e-05,0.530229079988
0.0103544127854,6.1389875036e-05,0.471786589811
0.0103544127854,6.16206640399e-05,0.466654297743
0.0103544127854,6.18514530438e-05,0.515628945856
0.0103544127854,6.20822420477e-05,0.610048509238
0.0103544127854,6.23130310516e-05,0.727097996155
0.0103544127854,6.25438200555e-05,0.831544245665
0.0103544127854,6.27746090594e-05,0.891909718219
0.0103544127854,6.30053980633e-05,0.899115809123
0.0103544127854,6.32361870672e-05,0.869356341359
0.0103544127854,6.34669760711e-05,0.83068390193
0.0103544127854,6.3697765075e-05,0.807305113244
0.0103544127854,6.39285540789e-05,0.810747556702
0.0103544127854,6.41593430828e-05,0.836806503711
0.0103544127854,6.43901320867e-05,0.865938812666
0.0103544127854,6.46209210906e-05,0.869980811678
0.0103544127854,6.48517100945e-05,0.827311399457
0.0103544127854,6.50824990984e-05,0.737932071254
0.0103544127854,6.53132881022e-05,0.624984906567
0.0103544127854,6.55440771061e-05,0.521787087024
0.0103544127854,6.577486611e-05,0.457146531883
0.0103544127854,6.60056551139e-05,0.448160764805
0.0103544127854,6.62364441178e-05,0.497524759261
0.0103544127854,6.64672331217e-05,0.58960962561
0.0103544127854,6.66980221256e-05,0.689015130573
0.0103544127854,6.69288111295e-05,0.752382645494
0.0103544127854,6.71596001334e-05,0.752926119641
0.0103544127854,6.73903891373e-05,0.69758138614
0.0103544127854,6.76211781412e-05,0.619968771571
0.0103544127854,6.78519671451e-05,0.558130355442
0.0103544127854,6.8082756149e-05,0.538000720576
0.0103544127854,6.83135451529e-05,0.569904262984
0.0103544127854,6.85443341568e-05,0.650048219807
0.0103544127854,6.87751231607e-05,0.759506539692
0.0103544127854,6.90059121646e-05,0.864577879873
0.0103544127854,6.92367011685e-05,0.928308656292
0.0103544127854,6.94674901724e-05,0.931423114291
0.0103544127854,6.96982791763e-05,0.884657926131
0.0103544127854,6.99290681801e-05,0.820071759783
0.0103544127854,7.0159857184e-05,0.771158612693
0.0103544127854,7.03906461879e-05,0.758908427938
0.0103544127854,7.06214351918e-05,0.787966972952
0.0103544127854,7.08522241957e-05,0.846440484889
0.0103544127854,7.10830131996e-05,0.906784899033
0.0103544127854,7.13138022035e-05,0.933832838839
0.0103544127854,7.15445912074e-05,0.902982887227
0.0103544127854,7.17753802113e-05,0.816638217521
0.0103544127854,7.20061692152e-05,0.702881564989
0.0103544127854,7.22369582191e-05,0.598145166935
0.0103544127854,7.2467747223e-05,0.530777790346
0.0103544127854,7.26985362269e-05,0.515164882811
0.0103544127854,7.29293252308e-05,0.551432029032
0.0103544127854,7.31601142347e-05,0.623798754297
0.0103544127854,7.33909032386e-05,0.700492459625
0.0103544127854,7.36216922425e-05,0.744569458212
0.0103544127854,7.38524812464e-05,0.735133621573
0.0103544127854,7.40832702503e-05,0.681568558556
0.0103544127854,7.43140592541e-05,0.616190080361
0.0103544127854,7.4544848258e-05,0.573560160281
0.0103544127854,7.47756372619e-05,0.575119480939
0.0103544127854,7.50064262658e-05,0.624764223949
0.0103544127854,7.52372152697e-05,0.708420769457
0.0103544127854,7.54680042736e-05,0.794588091847
0.0103544127854,7.56987932775e-05,0.842911494507
0.0103544127854,7.59295822814e-05,0.825118441604
0.0103544127854,7.61603712853e-05,0.744995248085
0.0103544127854,7.63911602892e-05,0.636946632963
0.0103544127854,7.66219492931e-05,0.543588227247
0.0103544127854,7.6852738297e-05,0.494688699532
0.0103544127854,7.70835273009e-05,0.502277388171
0.0103544127854,7.73143163048e-05,0.565443457487
0.0103544127854,7.75451053087e-05,0.672294284239
0.0103544127854,7.77758943126e-05,0.797310744417
0.0103544127854,7.80066833165e-05,0.903872809309
0.0103544127854,7.82374723204e-05,0.959505404344
0.0103544127854,7.84682613243e-05,0.954996388563
0.0103544127854,7.86990503282e-05,0.909088396781
0.0103544127854,7.8929839332e-05,0.854432307277
0.0103544127854,7.91606283359e-05,0.819000944969
0.0103544127854,7.93914173398e-05,0.815576878981
0.0103544127854,7.96222063437e-05,0.839137044537
0.0103544127854,7.98529953476e-05,0.868469268423
0.0103544127854,8.00837843515e-05,0.873999775139
0.0103544127854,8.03145733554e-05,0.834014110076
0.0103544127854,8.05453623593e-05,0.750632542544
0.0103544127854,8.07761513632e-05,0.65044932228
0.0103544127854,8.10069403671e-05,0.568179770653
0.0103544127854,8.1237729371e-05,0.529273117731
0.0103544127854,8.14685183749e-05,0.543840758244
0.0103544127854,8.16993073788e-05,0.60772127386
0.0103544127854,8.19300963827e-05,0.701840385293
0.0103544127854,8.21608853866e-05,0.791060863027
0.0103544127854,8.23916743905e-05,0.832795535992
0.0103544127854,8.26224633944e-05,0.799383424458
0.0103544127854,8.28532523983e-05,0.698799322088
0.0103544127854,8.30840414022e-05,0.571571968018
0.0103544127854,8.3314830406e-05,0.46507720597
0.0103544127854,8.35456194099e-05,0.410489512421
0.0103544127854,8.37764084138e-05,0.418618325999
0.0103544127854,8.40071974177e-05,0.486360408196
0.0103544127854,8.42379864216e-05,0.599744972548
0.0103544127854,8.44687754255e-05,0.73246225274
0.0103544127854,8.46995644294e-05,0.849631705265
0.0103544127854,8.49303534333e-05,0.922258074324
0.0103544127854,8.51611424372e-05,0.942912707061
0.0103544127854,8.53919314411e-05,0.927564929891
0.0103544127854,8.5622720445e-05,0.902099105828
0.0103544127854,8.58535094489e-05,0.886297505703
0.0103544127854,8.60842984528e-05,0.885342743743
0.0103544127854,8.63150874567e-05,0.889061412887
0.0103544127854,8.65458764606e-05,0.876857119849
0.0103544127854,8.67766654645e-05,0.828727769761
0.0103544127854,8.70074544684e-05,0.73975339902
0.0103544127854,8.72382434723e-05,0.627603237882
0.0103544127854,8.74690324762e-05,0.524109560713
0.0103544127854,8.76998214801e-05,0.457969057852
0.0103544127854,8.79306104839e-05,0.445010277861
0.0103544127854,8.81613994878e-05,0.489781965388
0.0103544127854,8.83921884917e-05,0.587461367258
0.0103544127854,8.86229774956e-05,0.719192338621
0.0103544127854,8.88537664995e-05,0.848019026695
0.0103544127854,8.90845555034e-05,0.928073864189
0.0103544127854,8.93153445073e-05,0.928664284771
0.0103544127854,8.95461335112e-05,0.855351053433
0.0103544127854,8.97769225151e-05,0.746582100964
0.0103544127854,9.0007711519e-05,0.648523529941
0.0103544127854,9.02385005229e-05,0.592484012478
0.0103544127854,9.04692895268e-05,0.589724720901
0.0103544127854,9.07000785307e-05,0.636618565676
0.0103544127854,9.09308675346e-05,0.718822695155
0.0103544127854,9.11616565385e-05,0.813302519988
0.0103544127854,9.13924455424e-05,0.893862759531
0.0103544127854,9.16232345463e-05,0.941971789678
0.0103544127854,9.18540235502e-05,0.955750001921
0.0103544127854,9.20848125541e-05,0.948372394841
0.0103544127854,9.23156015579e-05,0.936738963384
0.0103544127854,9.25463905618e-05,0.929628509792
0.0103544127854,9.27771795657e-05,0.922205369058
0.0103544127854,9.30079685696e-05,0.897929812126
0.0103544127854,9.32387575735e-05,0.837266286128
0.0103544127854,9.34695465774e-05,0.731310429162
0.0103544127854,9.37003355813e-05,0.592770915541
0.0103544127854,9.39311245852e-05,0.453146046337
0.0103544127854,9.41619135891e-05,0.345299176617
0.0103544127854,9.4392702593e-05,0.287813282043
0.0103544127854,9.46234915969e-05,0.285465035198
0.0103544127854,9.48542806008e-05,0.338535005235
0.0103544127854,9.50850696047e-05,0.444769360168
0.0103544127854,9.53158586086e-05,0.591582364419
0.0103544127854,9.55466476125e-05,0.749714764904
0.0103544127854,9.57774366164e-05,0.879233883368
0.0103544127854,9.60082256203e-05,0.948249404201
0.0103544127854,9.62390146242e-05,0.951410730397
0.0103544127854,9.64698036281e-05,0.9117320491
0.0103544127854,9.6700592632e-05,0.864102552651
0.0103544127854,9.69313816358e-05,0.835947716899
0.0103544127854,9.71621706397e-05,0.838299782243
0.0103544127854,9.73929596436e-05,0.866693834467
0.0103544127854,9.76237486475e-05,0.9059941942
0.0103544127854,9.78545376514e-05,0.937147104578
0.0103544127854,9.80853266553e-05,0.945966367918
0.0103544127854,9.83161156592e-05,0.930812805916
0.0103544127854,9.85469046631e-05,0.903327126683
0.0103544127854,9.8777693667e-05,0.880502834892
0.0103544127854,9.90084826709e-05,0.873739526793
0.0103544127854,9.92392716748e-05,0.88185606365
0.0103544127854,9.94700606787e-05,0.890509643827
0.0103544127854,9.97008496826e-05,0.877418672184
0.0103544127854,9.99316386865e-05,0.822474346308
0.0103544127854,0.00010016242769,0.720067662842
0.0103544127854,0.000100393216694,0.586501582975
0.0103544127854,0.000100624005698,0.454189061431
0.0103544127854,0.000100854794702,0.354407837182
0.0103544127854,0.000101085583706,0.304043964519
0.0103544127854,0.00010131637271,0.307395385549
0.0103544127854,0.000101547161714,0.364203562257
0.0103544127854,0.000101777950718,0.469883581719
0.0103544127854,0.000102008739722,0.608987603174
0.0103544127854,0.000102239528725,0.753095121422
0.0103544127854,0.000102470317729,0.869288690669
0.0103544127854,0.000102701106733,0.935211753518
0.0103544127854,0.000102931895737,0.949958024315
0.0103544127854,0.000103162684741,0.931809728916
0.0103544127854,0.000103393473745,0.904787122814
0.0103544127854,0.000103624262749,0.885067805159
0.0103544127854,0.000103855051753,0.875472151412
0.0103544127854,0.000104085840757,0.867832924689
0.0103544127854,0.00010431662976,0.849548223654
0.0103544127854,0.000104547418764,0.811470630788
0.0103544127854,0.000104778207768,0.754590520833
0.0103544127854,0.000105008996772,0.69210004271
0.0103544127854,0.000105239785776,0.644576257478
0.0103544127854,0.00010547057478,0.630392991458
0.0103544127854,0.000105701363784,0.656593833981
0.0103544127854,0.000105932152788,0.714136229944
0.0103544127854,0.000106162941792,0.77923411411
0.0103544127854,0.000106393730796,0.821394039701
0.0103544127854,0.000106624519799,0.816196249711
0.0103544127854,0.000106855308803,0.757522891607
0.0103544127854,0.000107086097807,0.662291110151
0.0103544127854,0.000107316886811,0.562945320795
0.0103544127854,0.000107547675815,0.491322622557
0.0103544127854,0.000107778464819,0.466034492952
0.0103544127854,0.000108009253823,0.491108948817
0.0103544127854,0.000108240042827,0.560280375586
0.0103544127854,0.000108470831831,0.659040869387
0.0103544127854,0.000108701620834,0.765821882353
0.0103544127854,0.000108932409838,0.857066463244
0.0103544127854,0.000109163198842,0.915705528805
0.0103544127854,0.000109393987846,0.938045259618
0.0103544127854,0.00010962477685,0.934122670324
0.0103544127854,0.000109855565854,0.920524913331
0.0103544127854,0.000110086354858,0.91014420045
0.0103544127854,0.000110317143862,0.905304009126
0.0103544127854,0.000110547932866,0.897500493463
0.0103544127854,0.00011077872187,0.872850800794
0.0103544127854,0.000111009510873,0.820119658996
0.0103544127854,0.000111240299877,0.737689863739
0.0103544127854,0.000111471088881,0.636585243569
0.0103544127854,0.000111701877885,0.538162685448
0.0103544127854,0.000111932666889,0.467252287993
0.0103544127854,0.000112163455893,0.443459042663
0.0103544127854,0.000112394244897,0.473207208322
0.0103544127854,0.000112625033901,0.544736682346
0.0103544127854,0.000112855822905,0.629904586441
0.0103544127854,0.000113086611908,0.695105495633
0.0103544127854,0.000113317400912,0.716507800943
0.0103544127854,0.000113548189916,0.690704458933
0.0103544127854,0.00011377897892,0.635295965116
0.0103544127854,0.000114009767924,0.579751977631
0.0103544127854,0.000114240556928,0.551663060477
0.0103544127854,0.000114471345932,0.565767782493
0.0103544127854,0.000114702134936,0.620103468962
0.0103544127854,0.00011493292394,0.69832097665
0.0103544127854,0.000115163712944,0.776194347388
0.0103544127854,0.000115394501947,0.831130129943
0.0103544127854,0.000115625290951,0.851377530654
0.0103544127854,0.000115856079955,0.840404248575
0.0103544127854,0.000116086868959,0.814385275994
0.0103544127854,0.000116317657963,0.794198598069
0.0103544127854,0.000116548446967,0.795726988724
0.0103544127854,0.000116779235971,0.822777613695
0.0103544127854,0.000117010024975,0.865216573448
0.0103544127854,0.000117240813979,0.903029121223
0.0103544127854,0.000117471602982,0.915330056162
0.0103544127854,0.000117702391986,0.890241184876
0.0103544127854,0.00011793318099,0.830119097907
0.0111432137689,0,1
0.0111432137689,2.30789003895e-07,0.99898000182
0.0111432137689,4.6157800779e-07,0.984951618753
0.0111432137689,6.92367011685e-07,0.933184876237
0.0111432137689,9.23156015579e-07,0.827034913105
0.0111432137689,1.15394501947e-06,0.678538859386
0.0111432137689,1.38473402337e-06,0.526005104264
0.0111432137689,1.61552302726e-06,0.409196010168
0.0111432137689,1.84631203116e-06,0.349954423563
0.0111432137689,2.07710103505e-06,0.354695388846
0.0111432137689,2.30789003895e-06,0.424868893677
0.0111432137689,2.53867904284e-06,0.555655106309
0.0111432137689,2.76946804674e-06,0.721555035765
0.0111432137689,3.00025705063e-06,0.869170738779
0.0111432137689,3.23104605453e-06,0.940187447517
0.0111432137689,3.46183505842e-06,0.91385693726
0.0111432137689,3.69262406232e-06,0.82349285871
0.0111432137689,3.92341306621e-06,0.727823202663
0.0111432137689,4.15420207011e-06,0.672447274967
0.0111432137689,4.384991074e-06,0.675259533368
0.0111432137689,4.6157800779e-06,0.729720792678
0.0111432137689,4.84656908179e-06,0.809226239075
0.0111432137689,5.07735808569e-06,0.875124972152
0.0111432137689,5.30814708958e-06,0.896686862172
0.0111432137689,5.53893609348e-06,0.871204397397
0.0111432137689,5.76972509737e-06,0.822936270704
0.0111432137689,6.00051410127e-06,0.782656733106
0.0111432137689,6.23130310516e-06,0.768895308558
0.0111432137689,6.46209210906e-06,0.781184346853
0.0111432137689,6.69288111295e-06,0.800763093497
0.0111432137689,6.92367011685e-06,0.79668368029
0.0111432137689,7.15445912074e-06,0.741920833467
0.0111432137689,7.38524812464e-06,0.635240813491
0.0111432137689,7.61603712853e-06,0.507814710682
0.0111432137689,7.84682613243e-06,0.403103711343
0.0111432137689,8.07761513632e-06,0.352215506787
0.0111432137689,8.30840414022e-06,0.36933400489
0.0111432137689,8.53919314411e-06,0.457269960151
0.0111432137689,8.76998214801e-06,0.601705930864
0.0111432137689,9.0007711519e-06,0.75981285017
0.0111432137689,9.23156015579e-06,0.86998798016
0.0111432137689,9.46234915969e-06,0.889622527025
0.0111432137689,9.69313816358e-06,0.826438915461
0.0111432137689,9.92392716748e-06,0.728258560648
0.0111432137689,1.01547161714e-05,0.645755275714
0.0111432137689,1.03855051753e-05,0.607812597372
0.0111432137689,1.06162941792e-05,0.620258126214
0.0111432137689,1.08470831831e-05,0.672071566201
0.0111432137689,1.1077872187e-05,0.739189640413
0.0111432137689,1.13086611908e-05,0.791466606621
0.0111432137689,1.15394501947e-05,0.808629483035
0.0111432137689,1.17702391986e-05,0.795384469363
0.0111432137689,1.20010282025e-05,0.778407599524
0.0111432137689,1.22318172064e-05,0.78600922159
0.0111432137689,1.24626062103e-05,0.828889080431
0.0111432137689,1.26933952142e-05,0.892909136754
0.0111432137689,1.29241842181e-05,0.942970122086
0.0111432137689,1.3154973222e-05,0.93861185422
0.0111432137689,1.33857622259e-05,0.859935725346
0.0111432137689,1.36165512298e-05,0.726144486665
0.0111432137689,1.38473402337e-05,0.584821655662
0.0111432137689,1.40781292376e-05,0.480196481201
0.0111432137689,1.43089182415e-05,0.433773731401
0.0111432137689,1.45397072454e-05,0.44901975062
0.0111432137689,1.47704962493e-05,0.52082091188
0.0111432137689,1.50012852532e-05,0.634548606786
0.0111432137689,1.52320742571e-05,0.760438268592
0.0111432137689,1.5462863261e-05,0.858072210698
0.0111432137689,1.56936522649e-05,0.896782083885
0.0111432137689,1.59244412687e-05,0.87681958635
0.0111432137689,1.61552302726e-05,0.828393876052
0.0111432137689,1.63860192765e-05,0.788742219004
0.0111432137689,1.66168082804e-05,0.779484261256
0.0111432137689,1.68475972843e-05,0.797657616132
0.0111432137689,1.70783862882e-05,0.818381028461
0.0111432137689,1.73091752921e-05,0.807584087864
0.0111432137689,1.7539964296e-05,0.744071583818
0.0111432137689,1.77707532999e-05,0.638331372618
0.0111432137689,1.80015423038e-05,0.528941386303
0.0111432137689,1.82323313077e-05,0.457204941565
0.0111432137689,1.84631203116e-05,0.444520833076
0.0111432137689,1.86939093155e-05,0.488607408451
0.0111432137689,1.89246983194e-05,0.570668392739
0.0111432137689,1.91554873233e-05,0.662012890739
0.0111432137689,1.93862763272e-05,0.730760941134
0.0111432137689,1.96170653311e-05,0.754232546932
0.0111432137689,1.9847854335e-05,0.733356197559
0.0111432137689,2.00786433389e-05,0.694620320121
0.0111432137689,2.03094323427e-05,0.673511170508
0.0111432137689,2.05402213466e-05,0.694174836563
0.0111432137689,2.07710103505e-05,0.760256821449
0.0111432137689,2.10017993544e-05,0.854715256513
0.0111432137689,2.12325883583e-05,0.943777471447
0.0111432137689,2.14633773622e-05,0.988921511751
0.0111432137689,2.16941663661e-05,0.967641685618
0.0111432137689,2.192495537e-05,0.889392542692
0.0111432137689,2.21557443739e-05,0.78997025405
0.0111432137689,2.23865333778e-05,0.708136074721
0.0111432137689,2.26173223817e-05,0.66662620082
0.0111432137689,2.28481113856e-05,0.668463049479
0.0111432137689,2.30789003895e-05,0.700699474139
0.0111432137689,2.33096893934e-05,0.738707296952
0.0111432137689,2.35404783973e-05,0.75346841842
0.0111432137689,2.37712674012e-05,0.725115651548
0.0111432137689,2.40020564051e-05,0.657396670469
0.0111432137689,2.4232845409e-05,0.579692520628
0.0111432137689,2.44636344129e-05,0.530528329742
0.0111432137689,2.46944234168e-05,0.534992532593
0.0111432137689,2.49252124206e-05,0.592531837403
0.0111432137689,2.51560014245e-05,0.678693490429
0.0111432137689,2.53867904284e-05,0.75645624551
0.0111432137689,2.56175794323e-05,0.793356626527
0.0111432137689,2.58483684362e-05,0.778582408203
0.0111432137689,2.60791574401e-05,0.729347379899
0.0111432137689,2.6309946444e-05,0.679316318414
0.0111432137689,2.65407354479e-05,0.657159579389
0.0111432137689,2.67715244518e-05,0.672145565903
0.0111432137689,2.70023134557e-05,0.71329505256
0.0111432137689,2.72331024596e-05,0.756657648945
0.0111432137689,2.74638914635e-05,0.775668358203
0.0111432137689,2.76946804674e-05,0.753150592927
0.0111432137689,2.79254694713e-05,0.691921458134
0.0111432137689,2.81562584752e-05,0.616385418592
0.0111432137689,2.83870474791e-05,0.560012998759
0.0111432137689,2.8617836483e-05,0.547632254676
0.0111432137689,2.88486254869e-05,0.587382919786
0.0111432137689,2.90794144908e-05,0.672047438099
0.0111432137689,2.93102034946e-05,0.780372414145
0.0111432137689,2.95409924985e-05,0.879929960961
0.0111432137689,2.97717815024e-05,0.938307949784
0.0111432137689,3.00025705063e-05,0.939566006163
0.0111432137689,3.02333595102e-05,0.893940194242
0.0111432137689,3.04641485141e-05,0.831322731618
0.0111432137689,3.0694937518e-05,0.78234465278
0.0111432137689,3.09257265219e-05,0.761796874004
0.0111432137689,3.11565155258e-05,0.764721373526
0.0111432137689,3.13873045297e-05,0.773691344604
0.0111432137689,3.16180935336e-05,0.77037270654
0.0111432137689,3.18488825375e-05,0.745682342208
0.0111432137689,3.20796715414e-05,0.705249570108
0.0111432137689,3.23104605453e-05,0.667881945034
0.0111432137689,3.25412495492e-05,0.656485764026
0.0111432137689,3.27720385531e-05,0.685123104432
0.0111432137689,3.3002827557e-05,0.7483001505
0.0111432137689,3.32336165609e-05,0.818171148048
0.0111432137689,3.34644055648e-05,0.854533718886
0.0111432137689,3.36951945687e-05,0.825890547851
0.0111432137689,3.39259835725e-05,0.72927017834
0.0111432137689,3.41567725764e-05,0.594703057005
0.0111432137689,3.43875615803e-05,0.469581204136
0.0111432137689,3.46183505842e-05,0.393165165579
0.0111432137689,3.48491395881e-05,0.381330342543
0.0111432137689,3.5079928592e-05,0.429854437668
0.0111432137689,3.53107175959e-05,0.523472752429
0.0111432137689,3.55415065998e-05,0.640027848467
0.0111432137689,3.57722956037e-05,0.754301790303
0.0111432137689,3.60030846076e-05,0.845658259839
0.0111432137689,3.62338736115e-05,0.905258471608
0.0111432137689,3.64646626154e-05,0.937615443423
0.0111432137689,3.66954516193e-05,0.954750415682
0.0111432137689,3.69262406232e-05,0.965667404926
0.0111432137689,3.71570296271e-05,0.968175143349
0.0111432137689,3.7387818631e-05,0.94990658756
0.0111432137689,3.76186076349e-05,0.898729334464
0.0111432137689,3.78493966388e-05,0.814585312588
0.0111432137689,3.80801856427e-05,0.713551291
0.0111432137689,3.83109746465e-05,0.621922487901
0.0111432137689,3.85417636504e-05,0.565554945491
0.0111432137689,3.87725526543e-05,0.561337714866
0.0111432137689,3.90033416582e-05,0.612414593483
0.0111432137689,3.92341306621e-05,0.703568934437
0.0111432137689,3.9464919666e-05,0.799753534696
0.0111432137689,3.96957086699e-05,0.858046448754
0.0111432137689,3.99264976738e-05,0.850369393066
0.0111432137689,4.01572866777e-05,0.779005662793
0.0111432137689,4.03880756816e-05,0.673886381869
0.0111432137689,4.06188646855e-05,0.576045019914
0.0111432137689,4.08496536894e-05,0.518838837602
0.0111432137689,4.10804426933e-05,0.517693545674
0.0111432137689,4.13112316972e-05,0.57008509654
0.0111432137689,4.15420207011e-05,0.659061457002
0.0111432137689,4.1772809705e-05,0.758609412153
0.0111432137689,4.20035987089e-05,0.844012300274
0.0111432137689,4.22343877128e-05,0.902618043887
0.0111432137689,4.24651767167e-05,0.936500773492
0.0111432137689,4.26959657206e-05,0.955717327499
0.0111432137689,4.29267547244e-05,0.96738956234
0.0111432137689,4.31575437283e-05,0.967238363716
0.0111432137689,4.33883327322e-05,0.939710825047
0.0111432137689,4.36191217361e-05,0.869065162059
0.0111432137689,4.384991074e-05,0.754390075951
0.0111432137689,4.40806997439e-05,0.615376293631
0.0111432137689,4.43114887478e-05,0.483704949745
0.0111432137689,4.45422777517e-05,0.388544445388
0.0111432137689,4.47730667556e-05,0.348065842809
0.0111432137689,4.50038557595e-05,0.370878932925
0.0111432137689,4.52346447634e-05,0.458669460711
0.0111432137689,4.54654337673e-05,0.598391802574
0.0111432137689,4.56962227712e-05,0.752353828663
0.0111432137689,4.59270117751e-05,0.869457244146
0.0111432137689,4.6157800779e-05,0.915552728275
0.0111432137689,4.63885897829e-05,0.892756708026
0.0111432137689,4.66193787868e-05,0.832121350655
0.0111432137689,4.68501677907e-05,0.772275008335
0.0111432137689,4.70809567946e-05,0.7415888781
0.0111432137689,4.73117457984e-05,0.750289810975
0.0111432137689,4.75425348023e-05,0.790139466639
0.0111432137689,4.77733238062e-05,0.83983430717
0.0111432137689,4.80041128101e-05,0.877010602241
0.0111432137689,4.8234901814e-05,0.89174866674
0.0111432137689,4.84656908179e-05,0.891065636329
0.0111432137689,4.86964798218e-05,0.891599790406
0.0111432137689,4.89272688257e-05,0.907146918617
0.0111432137689,4.91580578296e-05,0.937636230206
0.0111432137689,4.93888468335e-05,0.963678271705
0.0111432137689,4.96196358374e-05,0.952493593332
0.0111432137689,4.98504248413e-05,0.878081075845
0.0111432137689,5.00812138452e-05,0.742996358702
0.0111432137689,5.03120028491e-05,0.580390325261
0.0111432137689,5.0542791853e-05,0.433661544431
0.0111432137689,5.07735808569e-05,0.334301402076
0.0111432137689,5.10043698608e-05,0.296017928963
0.0111432137689,5.12351588647e-05,0.323140954227
0.0111432137689,5.14659478686e-05,0.415856998951
0.0111432137689,5.16967368725e-05,0.560078134143
0.0111432137689,5.19275258763e-05,0.71680051243
0.0111432137689,5.21583148802e-05,0.836424305838
0.0111432137689,5.23891038841e-05,0.890307176285
0.0111432137689,5.2619892888e-05,0.885746818646
0.0111432137689,5.28506818919e-05,0.853332487454
0.0111432137689,5.30814708958e-05,0.824907973299
0.0111432137689,5.33122598997e-05,0.818684066357
0.0111432137689,5.35430489036e-05,0.833531043494
0.0111432137689,5.37738379075e-05,0.850813844226
0.0111432137689,5.40046269114e-05,0.846058323108
0.0111432137689,5.42354159153e-05,0.807387891935
0.0111432137689,5.44662049192e-05,0.74604082258
0.0111432137689,5.46969939231e-05,0.689480237131
0.0111432137689,5.4927782927e-05,0.665618910556
0.0111432137689,5.51585719309e-05,0.690411254103
0.0111432137689,5.53893609348e-05,0.760390627506
0.0111432137689,5.56201499387e-05,0.848031697875
0.0111432137689,5.58509389426e-05,0.906900646831
0.0111432137689,5.60817279465e-05,0.895553799558
0.0111432137689,5.63125169503e-05,0.807333739543
0.0111432137689,5.65433059542e-05,0.676086136258
0.0111432137689,5.67740949581e-05,0.551551418674
0.0111432137689,5.7004883962e-05,0.471588159842
0.0111432137689,5.72356729659e-05,0.453863623166
0.0111432137689,5.74664619698e-05,0.501652899824
0.0111432137689,5.76972509737e-05,0.605342295646
0.0111432137689,5.79280399776e-05,0.735545476445
0.0111432137689,5.81588289815e-05,0.846402710236
0.0111432137689,5.83896179854e-05,0.900634475481
0.0111432137689,5.86204069893e-05,0.893992880272
0.0111432137689,5.88511959932e-05,0.852736782605
0.0111432137689,5.90819849971e-05,0.811266736599
0.0111432137689,5.9312774001e-05,0.793100890968
0.0111432137689,5.95435630049e-05,0.803103729339
0.0111432137689,5.97743520088e-05,0.825960443757
0.0111432137689,6.00051410127e-05,0.831099850548
0.0111432137689,6.02359300166e-05,0.790076502675
0.0111432137689,6.04667190205e-05,0.699260859751
0.0111432137689,6.06975080244e-05,0.586013783847
0.0111432137689,6.09282970282e-05,0.491667394448
0.0111432137689,6.11590860321e-05,0.44996561835
0.0111432137689,6.1389875036e-05,0.47649485497
0.0111432137689,6.16206640399e-05,0.56498501257
0.0111432137689,6.18514530438e-05,0.683684161037
0.0111432137689,6.20822420477e-05,0.780587961535
0.0111432137689,6.23130310516e-05,0.809477330642
0.0111432137689,6.25438200555e-05,0.761743054507
0.0111432137689,6.27746090594e-05,0.670884530962
0.0111432137689,6.30053980633e-05,0.585960423516
0.0111432137689,6.32361870672e-05,0.544313722308
0.0111432137689,6.34669760711e-05,0.563170676857
0.0111432137689,6.3697765075e-05,0.64115935202
0.0111432137689,6.39285540789e-05,0.756418459236
0.0111432137689,6.41593430828e-05,0.866567487685
0.0111432137689,6.43901320867e-05,0.926395992094
0.0111432137689,6.46209210906e-05,0.917926630785
0.0111432137689,6.48517100945e-05,0.862289220966
0.0111432137689,6.50824990984e-05,0.800579720222
0.0111432137689,6.53132881022e-05,0.76685437227
0.0111432137689,6.55440771061e-05,0.775520388414
0.0111432137689,6.577486611e-05,0.82018114141
0.0111432137689,6.60056551139e-05,0.87423458637
0.0111432137689,6.62364441178e-05,0.897759988795
0.0111432137689,6.64672331217e-05,0.859613978848
0.0111432137689,6.66980221256e-05,0.762015212358
0.0111432137689,6.69288111295e-05,0.640989599962
0.0111432137689,6.71596001334e-05,0.541843449974
0.0111432137689,6.73903891373e-05,0.496202997767
0.0111432137689,6.76211781412e-05,0.515257730043
0.0111432137689,6.78519671451e-05,0.590034748847
0.0111432137689,6.8082756149e-05,0.690035997861
0.0111432137689,6.83135451529e-05,0.768772895853
0.0111432137689,6.85443341568e-05,0.787155014186
0.0111432137689,6.87751231607e-05,0.74095817636
0.0111432137689,6.90059121646e-05,0.663178055778
0.0111432137689,6.92367011685e-05,0.599024287043
0.0111432137689,6.94674901724e-05,0.580816484211
0.0111432137689,6.96982791763e-05,0.61847044724
0.0111432137689,6.99290681801e-05,0.697595968491
0.0111432137689,7.0159857184e-05,0.779847816581
0.0111432137689,7.03906461879e-05,0.816498791295
0.0111432137689,7.06214351918e-05,0.779836216156
0.0111432137689,7.08522241957e-05,0.686631309704
0.0111432137689,7.10830131996e-05,0.585218808591
0.0111432137689,7.13138022035e-05,0.520527888863
0.0111432137689,7.15445912074e-05,0.514237470898
0.0111432137689,7.17753802113e-05,0.568184462978
0.0111432137689,7.20061692152e-05,0.671071164877
0.0111432137689,7.22369582191e-05,0.796435762997
0.0111432137689,7.2467747223e-05,0.902742257549
0.0111432137689,7.26985362269e-05,0.951195612569
0.0111432137689,7.29293252308e-05,0.932534167208
0.0111432137689,7.31601142347e-05,0.873826303441
0.0111432137689,7.33909032386e-05,0.817205196702
0.0111432137689,7.36216922425e-05,0.793882335397
0.0111432137689,7.38524812464e-05,0.81205965096
0.0111432137689,7.40832702503e-05,0.85596923643
0.0111432137689,7.43140592541e-05,0.891368805706
0.0111432137689,7.4544848258e-05,0.881915216987
0.0111432137689,7.47756372619e-05,0.813947505604
0.0111432137689,7.50064262658e-05,0.708880458252
0.0111432137689,7.52372152697e-05,0.608451866909
0.0111432137689,7.54680042736e-05,0.54891933947
0.0111432137689,7.56987932775e-05,0.547808264525
0.0111432137689,7.59295822814e-05,0.602854897702
0.0111432137689,7.61603712853e-05,0.690541282315
0.0111432137689,7.63911602892e-05,0.765916122869
0.0111432137689,7.66219492931e-05,0.779199816919
0.0111432137689,7.6852738297e-05,0.710054876952
0.0111432137689,7.70835273009e-05,0.58801677157
0.0111432137689,7.73143163048e-05,0.471427993153
0.0111432137689,7.75451053087e-05,0.407000341131
0.0111432137689,7.77758943126e-05,0.412018816246
0.0111432137689,7.80066833165e-05,0.482861113461
0.0111432137689,7.82374723204e-05,0.604090719662
0.0111432137689,7.84682613243e-05,0.746985958767
0.0111432137689,7.86990503282e-05,0.871038099527
0.0111432137689,7.8929839332e-05,0.94157451741
0.0111432137689,7.91606283359e-05,0.951922976177
0.0111432137689,7.93914173398e-05,0.925531225871
0.0111432137689,7.96222063437e-05,0.895562227473
0.0111432137689,7.98529953476e-05,0.883106925666
0.0111432137689,8.00837843515e-05,0.888172518559
0.0111432137689,8.03145733554e-05,0.891767978777
0.0111432137689,8.05453623593e-05,0.866410562073
0.0111432137689,8.07761513632e-05,0.794665093794
0.0111432137689,8.10069403671e-05,0.685841679079
0.0111432137689,8.1237729371e-05,0.573563911281
0.0111432137689,8.14685183749e-05,0.494607902951
0.0111432137689,8.16993073788e-05,0.471940486333
0.0111432137689,8.19300963827e-05,0.513530328639
0.0111432137689,8.21608853866e-05,0.613450900818
0.0111432137689,8.23916743905e-05,0.745176941084
0.0111432137689,8.26224633944e-05,0.859022159944
0.0111432137689,8.28532523983e-05,0.901870035515
0.0111432137689,8.30840414022e-05,0.853647325159
0.0111432137689,8.3314830406e-05,0.745052083009
0.0111432137689,8.35456194099e-05,0.63374319248
0.0111432137689,8.37764084138e-05,0.565385062603
0.0111432137689,8.40071974177e-05,0.557709608443
0.0111432137689,8.42379864216e-05,0.607687597851
0.0111432137689,8.44687754255e-05,0.699712840147
0.0111432137689,8.46995644294e-05,0.807477406794
0.0111432137689,8.49303534333e-05,0.899070935601
0.0111432137689,8.51611424372e-05,0.95124322141
0.0111432137689,8.53919314411e-05,0.962571059126
0.0111432137689,8.5622720445e-05,0.950772080611
0.0111432137689,8.58535094489e-05,0.935902784305
0.0111432137689,8.60842984528e-05,0.924773414774
0.0111432137689,8.63150874567e-05,0.906264898679
0.0111432137689,8.65458764606e-05,0.857975888644
0.0111432137689,8.67766654645e-05,0.762274172089
0.0111432137689,8.70074544684e-05,0.624635802343
0.0111432137689,8.72382434723e-05,0.477839734891
0.0111432137689,8.74690324762e-05,0.362739095216
0.0111432137689,8.76998214801e-05,0.304334410461
0.0111432137689,8.79306104839e-05,0.308924917579
0.0111432137689,8.81613994878e-05,0.376125529928
0.0111432137689,8.83921884917e-05,0.501033360537
0.0111432137689,8.86229774956e-05,0.663182047357
0.0111432137689,8.88537664995e-05,0.820822712526
0.0111432137689,8.90845555034e-05,0.925647371684
0.0111432137689,8.93153445073e-05,0.951993476412
0.0111432137689,8.95461335112e-05,0.914324394128
0.0111432137689,8.97769225151e-05,0.854194258155
0.0111432137689,9.0007711519e-05,0.811125144341
0.0111432137689,9.02385005229e-05,0.804629398355
0.0111432137689,9.04692895268e-05,0.833233297398
0.0111432137689,9.07000785307e-05,0.880415350076
0.0111432137689,9.09308675346e-05,0.922782341537
0.0111432137689,9.11616565385e-05,0.941668839528
0.0111432137689,9.13924455424e-05,0.934158658815
0.0111432137689,9.16232345463e-05,0.913889381977
0.0111432137689,9.18540235502e-05,0.899137430693
0.0111432137689,9.20848125541e-05,0.898313101815
0.0111432137689,9.23156015579e-05,0.903302558965
0.0111432137689,9.25463905618e-05,0.892367999995
0.0111432137689,9.27771795657e-05,0.840645041573
0.0111432137689,9.30079685696e-05,0.735923924847
0.0111432137689,9.32387575735e-05,0.592060608501
0.0111432137689,9.34695465774e-05,0.446517634868
0.0111432137689,9.37003355813e-05,0.338795763148
0.0111432137689,9.39311245852e-05,0.290240413993
0.0111432137689,9.41619135891e-05,0.305214776748
0.0111432137689,9.4392702593e-05,0.38209905095
0.0111432137689,9.46234915969e-05,0.512553296089
0.0111432137689,9.48542806008e-05,0.672434212728
0.0111432137689,9.50850696047e-05,0.822193841165
0.0111432137689,9.53158586086e-05,0.92311054545
0.0111432137689,9.55466476125e-05,0.958463807998
0.0111432137689,9.57774366164e-05,0.941400695758
0.0111432137689,9.60082256203e-05,0.902151390663
0.0111432137689,9.62390146242e-05,0.867145436192
0.0111432137689,9.64698036281e-05,0.846615789266
0.0111432137689,9.6700592632e-05,0.834618079195
0.0111432137689,9.69313816358e-05,0.816924121077
0.0111432137689,9.71621706397e-05,0.782373241924
0.0111432137689,9.73929596436e-05,0.733036081788
0.0111432137689,9.76237486475e-05,0.686493878967
0.0111432137689,9.78545376514e-05,0.666436562239
0.0111432137689,9.80853266553e-05,0.687494861843
0.0111432137689,9.83161156592e-05,0.745263937665
0.0111432137689,9.85469046631e-05,0.816306184519
0.0111432137689,9.8777693667e-05,0.866517352816
0.0111432137689,9.90084826709e-05,0.865240991676
0.0111432137689,9.92392716748e-05,0.800823277689
0.0111432137689,9.94700606787e-05,0.689532039309
0.0111432137689,9.97008496826e-05,0.569296859022
0.0111432137689,9.99316386865e-05,0.479845568957
0.0111432137689,0.00010016242769,0.445472736067
0.0111432137689,0.000100393216694,0.472517800102
0.0111432137689,0.000100624005698,0.553586224046
0.0111432137689,0.000100854794702,0.668676803043
0.0111432137689,0.000101085583706,0.787831572843
0.0111432137689,0.00010131637271,0.881049444773
0.0111432137689,0.000101547161714,0.93102369982
0.0111432137689,0.000101777950718,0.93968340893
0.0111432137689,0.000102008739722,0.92341375955
0.0111432137689,0.000102239528725,0.900466551436
0.0111432137689,0.000102470317729,0.879686032698
0.0111432137689,0.000102701106733,0.856715633834
0.0111432137689,0.000102931895737,0.818380014984
0.0111432137689,0.000103162684741,0.75284881608
0.0111432137689,0.000103393473745,0.660551831405
0.0111432137689,0.000103624262749,0.559384565642
0.0111432137689,0.000103855051753,0.479636269786
0.0111432137689,0.000104085840757,0.450051371578
0.0111432137689,0.00010431662976,0.48315163415
0.0111432137689,0.000104547418764,0.567844918041
0.0111432137689,0.000104778207768,0.672097210656
0.0111432137689,0.000105008996772,0.755359449031
0.0111432137689,0.000105239785776,0.78641446656
0.0111432137689,0.00010547057478,0.757377794329
0.0111432137689,0.000105701363784,0.686347741924
0.0111432137689,0.000105932152788,0.607919379655
0.0111432137689,0.000106162941792,0.557110588071
0.0111432137689,0.000106393730796,0.555407282129
0.0111432137689,0.000106624519799,0.603957209656
0.0111432137689,0.000106855308803,0.683909676641
0.0111432137689,0.000107086097807,0.764774134983
0.0111432137689,0.000107316886811,0.819641959919
0.0111432137689,0.000107547675815,0.838649653299
0.0111432137689,0.000107778464819,0.831794545329
0.0111432137689,0.000108009253823,0.820152715219
0.0111432137689,0.000108240042827,0.822045175908
0.0111432137689,0.000108470831831,0.843002758179
0.0111432137689,0.000108701620834,0.873701394509
0.0111432137689,0.000108932409838,0.894418767348
0.0111432137689,0.000109163198842,0.884445649315
0.0111432137689,0.000109393987846,0.833743467273
0.0111432137689,0.00010962477685,0.750243344379
0.0111432137689,0.000109855565854,0.657975827899
0.0111432137689,0.000110086354858,0.587351586763
0.0111432137689,0.000110317143862,0.562547138229
0.0111432137689,0.000110547932866,0.590892708475
0.0111432137689,0.00011077872187,0.657707527816
0.0111432137689,0.000111009510873,0.730361852518
0.0111432137689,0.000111240299877,0.773427793878
0.0111432137689,0.000111471088881,0.767136700426
0.0111432137689,0.000111701877885,0.716108333386
0.0111432137689,0.000111932666889,0.644368349861
0.0111432137689,0.000112163455893,0.583098115915
0.0111432137689,0.000112394244897,0.558114059854
0.0111432137689,0.000112625033901,0.579314774086
0.0111432137689,0.000112855822905,0.633491507611
0.0111432137689,0.000113086611908,0.687410209773
0.0111432137689,0.000113317400912,0.706421801803
0.0111432137689,0.000113548189916,0.677406102713
0.0111432137689,0.00011377897892,0.616830005628
0.0111432137689,0.000114009767924,0.55916918656
0.0111432137689,0.000114240556928,0.537024415565
0.0111432137689,0.000114471345932,0.566223824142
0.0111432137689,0.000114702134936,0.641657415981
0.0111432137689,0.00011493292394,0.74108066712
0.0111432137689,0.000115163712944,0.833231092694
0.0111432137689,0.000115394501947,0.890527340038
0.0111432137689,0.000115625290951,0.9023615099
0.0111432137689,0.000115856079955,0.879350123612
0.0111432137689,0.000116086868959,0.845697142494
0.0111432137689,0.000116317657963,0.826277417362
0.0111432137689,0.000116548446967,0.835181542378
0.0111432137689,0.000116779235971,0.868405223725
0.0111432137689,0.000117010024975,0.903364355382
0.0111432137689,0.000117240813979,0.909614252011
0.0111432137689,0.000117471602982,0.868026791773
0.0111432137689,0.000117702391986,0.783714810975
0.0111432137689,0.00011793318099,0.681859042375
0.0119320147524,0,1
0.0119320147524,2.30789003895e-07,0.998666608124
0.0119320147524,4.6157800779e-07,0.98050260055
0.0119320147524,6.92367011685e-07,0.915269717932
0.0119320147524,9.23156015579e-07,0.787885778387
0.0119320147524,1.15394501947e-06,0.622617626906
0.0119320147524,1.38473402337e-06,0.470206697012
0.0119320147524,1.61552302726e-06,0.372015633048
0.0119320147524,1.84631203116e-06,0.344731183179
0.0119320147524,2.07710103505e-06,0.392071355574
0.0119320147524,2.30789003895e-06,0.51243901517
0.0119320147524,2.53867904284e-06,0.684607878807
0.0119320147524,2.76946804674e-06,0.851127385806
0.0119320147524,3.00025705063e-06,0.938621365729
0.0119320147524,3.23104605453e-06,0.914677338932
0.0119320147524,3.46183505842e-06,0.816993947054
0.0119320147524,3.69262406232e-06,0.716911429873
0.0119320147524,3.92341306621e-06,0.667186017802
0.0119320147524,4.15420207011e-06,0.684474592059
0.0119320147524,4.384991074e-06,0.754617730169
0.0119320147524,4.6157800779e-06,0.83901593906
0.0119320147524,4.84656908179e-06,0.89092873883
0.0119320147524,5.07735808569e-06,0.886417129312
0.0119320147524,5.30814708958e-06,0.841142567851
0.0119320147524,5.53893609348e-06,0.792479292215
0.0119320147524,5.76972509737e-06,0.769606672579
0.0119320147524,6.00051410127e-06,0.778286580535
0.0119320147524,6.23130310516e-06,0.799642968942
0.0119320147524,6.46209210906e-06,0.79709260409
0.0119320147524,6.69288111295e-06,0.737061084344
0.0119320147524,6.92367011685e-06,0.619011763352
0.0119320147524,7.15445912074e-06,0.483558866894
0.0119320147524,7.38524812464e-06,0.382874184727
0.0119320147524,7.61603712853e-06,0.349995627129
0.0119320147524,7.84682613243e-06,0.397653820393
0.0119320147524,8.07761513632e-06,0.522746331402
0.0119320147524,8.30840414022e-06,0.692830111674
0.0119320147524,8.53919314411e-06,0.839950806667
0.0119320147524,8.76998214801e-06,0.896495370399
0.0119320147524,9.0007711519e-06,0.849115029231
0.0119320147524,9.23156015579e-06,0.746208359877
0.0119320147524,9.46234915969e-06,0.652202887788
0.0119320147524,9.69313816358e-06,0.606880359345
0.0119320147524,9.92392716748e-06,0.61933865024
0.0119320147524,1.01547161714e-05,0.676200891956
0.0119320147524,1.03855051753e-05,0.747237118097
0.0119320147524,1.06162941792e-05,0.796297141442
0.0119320147524,1.08470831831e-05,0.804480908346
0.0119320147524,1.1077872187e-05,0.786699353389
0.0119320147524,1.13086611908e-05,0.778912752778
0.0119320147524,1.15394501947e-05,0.807832531267
0.0119320147524,1.17702391986e-05,0.870988860953
0.0119320147524,1.20010282025e-05,0.934893058532
0.0119320147524,1.22318172064e-05,0.949644683592
0.0119320147524,1.24626062103e-05,0.881096725487
0.0119320147524,1.26933952142e-05,0.74243556834
0.0119320147524,1.29241842181e-05,0.588881920248
0.0119320147524,1.3154973222e-05,0.476066867296
0.0119320147524,1.33857622259e-05,0.430755356891
0.0119320147524,1.36165512298e-05,0.456363063952
0.0119320147524,1.38473402337e-05,0.545134036741
0.0119320147524,1.40781292376e-05,0.675386147314
0.0119320147524,1.43089182415e-05,0.805513986092
0.0119320147524,1.45397072454e-05,0.886805020104
0.0119320147524,1.47704962493e-05,0.895385869256
0.0119320147524,1.50012852532e-05,0.851181256785
0.0119320147524,1.52320742571e-05,0.79954232786
0.0119320147524,1.5462863261e-05,0.776379293077
0.0119320147524,1.56936522649e-05,0.787928120126
0.0119320147524,1.59244412687e-05,0.809735138437
0.0119320147524,1.61552302726e-05,0.801085016273
0.0119320147524,1.63860192765e-05,0.734249524677
0.0119320147524,1.66168082804e-05,0.621613414055
0.0119320147524,1.68475972843e-05,0.510926353269
0.0119320147524,1.70783862882e-05,0.449715068241
0.0119320147524,1.73091752921e-05,0.457137837941
0.0119320147524,1.7539964296e-05,0.523376721792
0.0119320147524,1.77707532999e-05,0.620410599504
0.0119320147524,1.80015423038e-05,0.710484548315
0.0119320147524,1.82323313077e-05,0.758036653887
0.0119320147524,1.84631203116e-05,0.749814556436
0.0119320147524,1.86939093155e-05,0.707645459733
0.0119320147524,1.89246983194e-05,0.674595325023
0.0119320147524,1.91554873233e-05,0.685745291678
0.0119320147524,1.93862763272e-05,0.750659363108
0.0119320147524,1.96170653311e-05,0.851110723858
0.0119320147524,1.9847854335e-05,0.946141116969
0.0119320147524,2.00786433389e-05,0.988788924546
0.0119320147524,2.03094323427e-05,0.955040332855
0.0119320147524,2.05402213466e-05,0.862991129554
0.0119320147524,2.07710103505e-05,0.759270973776
0.0119320147524,2.10017993544e-05,0.686058496491
0.0119320147524,2.12325883583e-05,0.66169350295
0.0119320147524,2.14633773622e-05,0.680822622321
0.0119320147524,2.16941663661e-05,0.719811608228
0.0119320147524,2.192495537e-05,0.744251677457
0.0119320147524,2.21557443739e-05,0.724831198669
0.0119320147524,2.23865333778e-05,0.658747282117
0.0119320147524,2.26173223817e-05,0.577751323572
0.0119320147524,2.28481113856e-05,0.52854952239
0.0119320147524,2.30789003895e-05,0.541164714008
0.0119320147524,2.33096893934e-05,0.612104943911
0.0119320147524,2.35404783973e-05,0.708291619632
0.0119320147524,2.37712674012e-05,0.784042888745
0.0119320147524,2.40020564051e-05,0.805009565701
0.0119320147524,2.4232845409e-05,0.769087103041
0.0119320147524,2.44636344129e-05,0.707720901111
0.0119320147524,2.46944234168e-05,0.662754457087
0.0119320147524,2.49252124206e-05,0.658869646846
0.0119320147524,2.51560014245e-05,0.692987692959
0.0119320147524,2.53867904284e-05,0.740296856792
0.0119320147524,2.56175794323e-05,0.767748931833
0.0119320147524,2.58483684362e-05,0.750877239284
0.0119320147524,2.60791574401e-05,0.689701878644
0.0119320147524,2.6309946444e-05,0.612569802639
0.0119320147524,2.65407354479e-05,0.559283302632
0.0119320147524,2.67715244518e-05,0.557084639471
0.0119320147524,2.70023134557e-05,0.611766515947
0.0119320147524,2.72331024596e-05,0.710557616852
0.0119320147524,2.74638914635e-05,0.82358321079
0.0119320147524,2.76946804674e-05,0.910340622414
0.0119320147524,2.79254694713e-05,0.938993397969
0.0119320147524,2.81562584752e-05,0.907084988784
0.0119320147524,2.83870474791e-05,0.843751765069
0.0119320147524,2.8617836483e-05,0.788316243191
0.0119320147524,2.88486254869e-05,0.764052601202
0.0119320147524,2.90794144908e-05,0.76828635876
0.0119320147524,2.93102034946e-05,0.780595860422
0.0119320147524,2.95409924985e-05,0.778399303237
0.0119320147524,2.97717815024e-05,0.750771943903
0.0119320147524,3.00025705063e-05,0.705661285134
0.0119320147524,3.02333595102e-05,0.667128866081
0.0119320147524,3.04641485141e-05,0.662103894753
0.0119320147524,3.0694937518e-05,0.702681524115
0.0119320147524,3.09257265219e-05,0.773213662109
0.0119320147524,3.11565155258e-05,0.831726726756
0.0119320147524,3.13873045297e-05,0.831510717415
0.0119320147524,3.16180935336e-05,0.75238499738
0.0119320147524,3.18488825375e-05,0.617921934627
0.0119320147524,3.20796715414e-05,0.482796642132
0.0119320147524,3.23104605453e-05,0.398216107164
0.0119320147524,3.25412495492e-05,0.385918634287
0.0119320147524,3.27720385531e-05,0.440468145359
0.0119320147524,3.3002827557e-05,0.542908183221
0.0119320147524,3.32336165609e-05,0.666741289128
0.0119320147524,3.34644055648e-05,0.782724389309
0.0119320147524,3.36951945687e-05,0.869062274209
0.0119320147524,3.39259835725e-05,0.920141985665
0.0119320147524,3.41567725764e-05,0.945961778012
0.0119320147524,3.43875615803e-05,0.960984307741
0.0119320147524,3.46183505842e-05,0.969696921306
0.0119320147524,3.48491395881e-05,0.96118621211
0.0119320147524,3.5079928592e-05,0.918821687468
0.0119320147524,3.53107175959e-05,0.837225152404
0.0119320147524,3.55415065998e-05,0.731561770222
0.0119320147524,3.57722956037e-05,0.63216588838
0.0119320147524,3.60030846076e-05,0.570501780942
0.0119320147524,3.62338736115e-05,0.567165213668
0.0119320147524,3.64646626154e-05,0.625110452941
0.0119320147524,3.66954516193e-05,0.723113318053
0.0119320147524,3.69262406232e-05,0.815585285751
0.0119320147524,3.71570296271e-05,0.853172228573
0.0119320147524,3.7387818631e-05,0.81373848402
0.0119320147524,3.76186076349e-05,0.715834142828
0.0119320147524,3.78493966388e-05,0.605479069638
0.0119320147524,3.80801856427e-05,0.529209698421
0.0119320147524,3.83109746465e-05,0.513164339519
0.0119320147524,3.85417636504e-05,0.559088170595
0.0119320147524,3.87725526543e-05,0.64963173636
0.0119320147524,3.90033416582e-05,0.755120343076
0.0119320147524,3.92341306621e-05,0.845910266514
0.0119320147524,3.9464919666e-05,0.90675357243
0.0119320147524,3.96957086699e-05,0.940675169167
0.0119320147524,3.99264976738e-05,0.959536877418
0.0119320147524,4.01572866777e-05,0.96925977875
0.0119320147524,4.03880756816e-05,0.960290394497
0.0119320147524,4.06188646855e-05,0.91219754077
0.0119320147524,4.08496536894e-05,0.812176363916
0.0119320147524,4.10804426933e-05,0.671844206261
0.0119320147524,4.13112316972e-05,0.525233756213
0.0119320147524,4.15420207011e-05,0.41070039634
0.0119320147524,4.1772809705e-05,0.354682073507
0.0119320147524,4.20035987089e-05,0.369472029622
0.0119320147524,4.22343877128e-05,0.457781765886
0.0119320147524,4.24651767167e-05,0.605264590283
0.0119320147524,4.26959657206e-05,0.767161523152
0.0119320147524,4.29267547244e-05,0.882794861213
0.0119320147524,4.31575437283e-05,0.916082432952
0.0119320147524,4.33883327322e-05,0.877514143967
0.0119320147524,4.36191217361e-05,0.809013461592
0.0119320147524,4.384991074e-05,0.754432790397
0.0119320147524,4.40806997439e-05,0.739554169825
0.0119320147524,4.43114887478e-05,0.766276914483
0.0119320147524,4.45422777517e-05,0.815884351671
0.0119320147524,4.47730667556e-05,0.860908318771
0.0119320147524,4.50038557595e-05,0.883688619107
0.0119320147524,4.52346447634e-05,0.88756157127
0.0119320147524,4.54654337673e-05,0.890713013297
0.0119320147524,4.56962227712e-05,0.909661768524
0.0119320147524,4.59270117751e-05,0.943675211163
0.0119320147524,4.6157800779e-05,0.967661047099
0.0119320147524,4.63885897829e-05,0.942056343463
0.0119320147524,4.66193787868e-05,0.841678645963
0.0119320147524,4.68501677907e-05,0.681194462074
0.0119320147524,4.70809567946e-05,0.508553289726
0.0119320147524,4.73117457984e-05,0.373238352635
0.0119320147524,4.75425348023e-05,0.30319823911
0.0119320147524,4.77733238062e-05,0.307209021582
0.0119320147524,4.80041128101e-05,0.386834959193
0.0119320147524,4.8234901814e-05,0.531431641772
0.0119320147524,4.84656908179e-05,0.701026689818
0.0119320147524,4.86964798218e-05,0.835955535416
0.0119320147524,4.89272688257e-05,0.897476563622
0.0119320147524,4.91580578296e-05,0.891913297083
0.0119320147524,4.93888468335e-05,0.855379828226
0.0119320147524,4.96196358374e-05,0.824508551002
0.0119320147524,4.98504248413e-05,0.81788697075
0.0119320147524,5.00812138452e-05,0.830210578142
0.0119320147524,5.03120028491e-05,0.837194414346
0.0119320147524,5.0542791853e-05,0.814431569859
0.0119320147524,5.07735808569e-05,0.760281836256
0.0119320147524,5.10043698608e-05,0.700025460818
0.0119320147524,5.12351588647e-05,0.66832139161
0.0119320147524,5.14659478686e-05,0.688907402803
0.0119320147524,5.16967368725e-05,0.762129203582
0.0119320147524,5.19275258763e-05,0.858170736973
0.0119320147524,5.21583148802e-05,0.922224139286
0.0119320147524,5.23891038841e-05,0.904661637097
0.0119320147524,5.2619892888e-05,0.800399898627
0.0119320147524,5.28506818919e-05,0.654393790984
0.0119320147524,5.30814708958e-05,0.526397478989
0.0119320147524,5.33122598997e-05,0.456847130299
0.0119320147524,5.35430489036e-05,0.461535441182
0.0119320147524,5.37738379075e-05,0.539558148414
0.0119320147524,5.40046269114e-05,0.669836523187
0.0119320147524,5.42354159153e-05,0.804497811364
0.0119320147524,5.44662049192e-05,0.889413876315
0.0119320147524,5.46969939231e-05,0.902913744382
0.0119320147524,5.4927782927e-05,0.866814548445
0.0119320147524,5.51585719309e-05,0.821134349255
0.0119320147524,5.53893609348e-05,0.795859862055
0.0119320147524,5.56201499387e-05,0.798709983876
0.0119320147524,5.58509389426e-05,0.812948950525
0.0119320147524,5.60817279465e-05,0.804080647364
0.0119320147524,5.63125169503e-05,0.743682099915
0.0119320147524,5.65433059542e-05,0.637586685894
0.0119320147524,5.67740949581e-05,0.526649855263
0.0119320147524,5.7004883962e-05,0.458919308764
0.0119320147524,5.72356729659e-05,0.46428974712
0.0119320147524,5.74664619698e-05,0.545371081897
0.0119320147524,5.76972509737e-05,0.673679110465
0.0119320147524,5.79280399776e-05,0.791486404382
0.0119320147524,5.81588289815e-05,0.838069533722
0.0119320147524,5.83896179854e-05,0.793340484039
0.0119320147524,5.86204069893e-05,0.692570036969
0.0119320147524,5.88511959932e-05,0.594906665023
0.0119320147524,5.90819849971e-05,0.546014938491
0.0119320147524,5.9312774001e-05,0.566471375267
0.0119320147524,5.95435630049e-05,0.653255820266
0.0119320147524,5.97743520088e-05,0.776020852894
0.0119320147524,6.00051410127e-05,0.880426706755
0.0119320147524,6.02359300166e-05,0.919255443705
0.0119320147524,6.04667190205e-05,0.88922479105
0.0119320147524,6.06975080244e-05,0.828976756264
0.0119320147524,6.09282970282e-05,0.783643359954
0.0119320147524,6.11590860321e-05,0.778064779959
0.0119320147524,6.1389875036e-05,0.811559837122
0.0119320147524,6.16206640399e-05,0.858981718938
0.0119320147524,6.18514530438e-05,0.876972463787
0.0119320147524,6.20822420477e-05,0.829784258415
0.0119320147524,6.23130310516e-05,0.721959968986
0.0119320147524,6.25438200555e-05,0.598867462199
0.0119320147524,6.27746090594e-05,0.513027448294
0.0119320147524,6.30053980633e-05,0.495667766492
0.0119320147524,6.32361870672e-05,0.550893345338
0.0119320147524,6.34669760711e-05,0.656401005231
0.0119320147524,6.3697765075e-05,0.764037484065
0.0119320147524,6.39285540789e-05,0.817575839916
0.0119320147524,6.41593430828e-05,0.790786627234
0.0119320147524,6.43901320867e-05,0.708453227298
0.0119320147524,6.46209210906e-05,0.624121528588
0.0119320147524,6.48517100945e-05,0.583170047231
0.0119320147524,6.50824990984e-05,0.604586177124
0.0119320147524,6.53132881022e-05,0.676606756107
0.0119320147524,6.55440771061e-05,0.756016576361
0.0119320147524,6.577486611e-05,0.785979305728
0.0119320147524,6.60056551139e-05,0.738875231008
0.0119320147524,6.62364441178e-05,0.643065878188
0.0119320147524,6.64672331217e-05,0.556733375388
0.0119320147524,6.66980221256e-05,0.522500444707
0.0119320147524,6.69288111295e-05,0.552821629834
0.0119320147524,6.71596001334e-05,0.640421848109
0.0119320147524,6.73903891373e-05,0.762611154952
0.0119320147524,6.76211781412e-05,0.877552625536
0.0119320147524,6.78519671451e-05,0.937663252695
0.0119320147524,6.8082756149e-05,0.924149396364
0.0119320147524,6.83135451529e-05,0.864367110648
0.0119320147524,6.85443341568e-05,0.808142357839
0.0119320147524,6.87751231607e-05,0.792121314674
0.0119320147524,6.90059121646e-05,0.823123185796
0.0119320147524,6.92367011685e-05,0.877813307265
0.0119320147524,6.94674901724e-05,0.912033947708
0.0119320147524,6.96982791763e-05,0.88586482572
0.0119320147524,6.99290681801e-05,0.795254795673
0.0119320147524,7.0159857184e-05,0.677467758228
0.0119320147524,7.03906461879e-05,0.582400810067
0.0119320147524,7.06214351918e-05,0.543733281598
0.0119320147524,7.08522241957e-05,0.570604808533
0.0119320147524,7.10830131996e-05,0.645801936028
0.0119320147524,7.13138022035e-05,0.722910577937
0.0119320147524,7.15445912074e-05,0.742158935072
0.0119320147524,7.17753802113e-05,0.674763590182
0.0119320147524,7.20061692152e-05,0.554260184334
0.0119320147524,7.22369582191e-05,0.449120031013
0.0119320147524,7.2467747223e-05,0.408410497659
0.0119320147524,7.26985362269e-05,0.443258529859
0.0119320147524,7.29293252308e-05,0.542583570772
0.0119320147524,7.31601142347e-05,0.683028118789
0.0119320147524,7.33909032386e-05,0.825605870219
0.0119320147524,7.36216922425e-05,0.924400376382
0.0119320147524,7.38524812464e-05,0.955453140634
0.0119320147524,7.40832702503e-05,0.934674535971
0.0119320147524,7.43140592541e-05,0.900728797258
0.0119320147524,7.4544848258e-05,0.883739601084
0.0119320147524,7.47756372619e-05,0.888445800302
0.0119320147524,7.50064262658e-05,0.894638336748
0.0119320147524,7.52372152697e-05,0.869905019731
0.0119320147524,7.54680042736e-05,0.793797418471
0.0119320147524,7.56987932775e-05,0.679301290389
0.0119320147524,7.59295822814e-05,0.566952356834
0.0119320147524,7.61603712853e-05,0.496490362641
0.0119320147524,7.63911602892e-05,0.489864812279
0.0119320147524,7.66219492931e-05,0.552441052256
0.0119320147524,7.6852738297e-05,0.669489311605
0.0119320147524,7.70835273009e-05,0.795890784508
0.0119320147524,7.73143163048e-05,0.866706278064
0.0119320147524,7.75451053087e-05,0.841306236624
0.0119320147524,7.77758943126e-05,0.7410311554
0.0119320147524,7.80066833165e-05,0.630623729347
0.0119320147524,7.82374723204e-05,0.565291132333
0.0119320147524,7.84682613243e-05,0.565208221186
0.0119320147524,7.86990503282e-05,0.625326513387
0.0119320147524,7.8929839332e-05,0.726649279849
0.0119320147524,7.91606283359e-05,0.837891057247
0.0119320147524,7.93914173398e-05,0.923108211985
0.0119320147524,7.96222063437e-05,0.961502103898
0.0119320147524,7.98529953476e-05,0.960228969399
0.0119320147524,8.00837843515e-05,0.943100646988
0.0119320147524,8.03145733554e-05,0.927152086317
0.0119320147524,8.05453623593e-05,0.908618097535
0.0119320147524,8.07761513632e-05,0.865273717666
0.0119320147524,8.10069403671e-05,0.773699102742
0.0119320147524,8.1237729371e-05,0.634437503425
0.0119320147524,8.14685183749e-05,0.482837700508
0.0119320147524,8.16993073788e-05,0.366696310816
0.0119320147524,8.19300963827e-05,0.313826672174
0.0119320147524,8.21608853866e-05,0.329117168987
0.0119320147524,8.23916743905e-05,0.41133329225
0.0119320147524,8.26224633944e-05,0.552993863924
0.0119320147524,8.28532523983e-05,0.724050323118
0.0119320147524,8.30840414022e-05,0.870147148271
0.0119320147524,8.3314830406e-05,0.941558004268
0.0119320147524,8.35456194099e-05,0.930199470538
0.0119320147524,8.37764084138e-05,0.873414770206
0.0119320147524,8.40071974177e-05,0.820659214218
0.0119320147524,8.42379864216e-05,0.802415668278
0.0119320147524,8.44687754255e-05,0.823425131183
0.0119320147524,8.46995644294e-05,0.86866114072
0.0119320147524,8.49303534333e-05,0.91263559514
0.0119320147524,8.51611424372e-05,0.933842925809
0.0119320147524,8.53919314411e-05,0.929127535089
0.0119320147524,8.5622720445e-05,0.913743423349
0.0119320147524,8.58535094489e-05,0.905140857864
0.0119320147524,8.60842984528e-05,0.906610372881
0.0119320147524,8.63150874567e-05,0.902782947424
0.0119320147524,8.65458764606e-05,0.866573766579
0.0119320147524,8.67766654645e-05,0.775660355907
0.0119320147524,8.70074544684e-05,0.633437859838
0.0119320147524,8.72382434723e-05,0.476773958125
0.0119320147524,8.74690324762e-05,0.354676223422
0.0119320147524,8.76998214801e-05,0.296833978311
0.0119320147524,8.79306104839e-05,0.308955782621
0.0119320147524,8.81613994878e-05,0.388745790577
0.0119320147524,8.83921884917e-05,0.527428486611
0.0119320147524,8.86229774956e-05,0.696956155732
0.0119320147524,8.88537664995e-05,0.850185852536
0.0119320147524,8.90845555034e-05,0.943584473193
0.0119320147524,8.93153445073e-05,0.963946033366
0.0119320147524,8.95461335112e-05,0.93281540579
0.0119320147524,8.97769225151e-05,0.88538189104
0.0119320147524,9.0007711519e-05,0.846512278281
0.0119320147524,9.02385005229e-05,0.821145144226
0.0119320147524,9.04692895268e-05,0.798603124324
0.0119320147524,9.07000785307e-05,0.765559076101
0.0119320147524,9.09308675346e-05,0.721168463737
0.0119320147524,9.11616565385e-05,0.683191055229
0.0119320147524,9.13924455424e-05,0.676776328163
0.0119320147524,9.16232345463e-05,0.714372243096
0.0119320147524,9.18540235502e-05,0.784924027086
0.0119320147524,9.20848125541e-05,0.857655637552
0.0119320147524,9.23156015579e-05,0.894272597813
0.0119320147524,9.25463905618e-05,0.865986440238
0.0119320147524,9.27771795657e-05,0.77100135494
0.0119320147524,9.30079685696e-05,0.640411123976
0.0119320147524,9.32387575735e-05,0.52215233624
0.0119320147524,9.34695465774e-05,0.454432914001
0.0119320147524,9.37003355813e-05,0.453780122582
0.0119320147524,9.39311245852e-05,0.518804599616
0.0119320147524,9.41619135891e-05,0.632008225689
0.0119320147524,9.4392702593e-05,0.76068849122
0.0119320147524,9.46234915969e-05,0.867949762161
0.0119320147524,9.48542806008e-05,0.929753029731
0.0119320147524,9.50850696047e-05,0.944391580784
0.0119320147524,9.53158586086e-05,0.927107034717
0.0119320147524,9.55466476125e-05,0.895889011095
0.0119320147524,9.57774366164e-05,0.859808930731
0.0119320147524,9.60082256203e-05,0.815141540185
0.0119320147524,9.62390146242e-05,0.750677490775
0.0119320147524,9.64698036281e-05,0.661094727898
0.0119320147524,9.6700592632e-05,0.559857434289
0.0119320147524,9.69313816358e-05,0.479414278663
0.0119320147524,9.71621706397e-05,0.454356696119
0.0119320147524,9.73929596436e-05,0.499329093203
0.0119320147524,9.76237486475e-05,0.599103888666
0.0119320147524,9.78545376514e-05,0.714999305512
0.0119320147524,9.80853266553e-05,0.801443393008
0.0119320147524,9.83161156592e-05,0.825911763226
0.0119320147524,9.85469046631e-05,0.783457083133
0.0119320147524,9.8777693667e-05,0.698013708663
0.0119320147524,9.90084826709e-05,0.609842756858
0.0119320147524,9.92392716748e-05,0.556905009295
0.0119320147524,9.94700606787e-05,0.560179767969
0.0119320147524,9.97008496826e-05,0.616072135536
0.0119320147524,9.99316386865e-05,0.697805002759
0.0119320147524,0.00010016242769,0.770492216683
0.0119320147524,0.000100393216694,0.812685629871
0.0119320147524,0.000100624005698,0.82689599198
0.0119320147524,0.000100854794702,0.83142421359
0.0119320147524,0.000101085583706,0.8424885967
0.0119320147524,0.00010131637271,0.862586110039
0.0119320147524,0.000101547161714,0.881036299065
0.0119320147524,0.000101777950718,0.880085916353
0.0119320147524,0.000102008739722,0.843648871213
0.0119320147524,0.000102239528725,0.769051314488
0.0119320147524,0.000102470317729,0.674320966325
0.0119320147524,0.000102701106733,0.593010352411
0.0119320147524,0.000102931895737,0.558016586668
0.0119320147524,0.000103162684741,0.584030412331
0.0119320147524,0.000103393473745,0.658622078277
0.0119320147524,0.000103624262749,0.746301314692
0.0119320147524,0.000103855051753,0.805291991481
0.0119320147524,0.000104085840757,0.809349858612
0.0119320147524,0.00010431662976,0.759681930948
0.0119320147524,0.000104547418764,0.680384214861
0.0119320147524,0.000104778207768,0.605086747281
0.0119320147524,0.000105008996772,0.563684101697
0.0119320147524,0.000105239785776,0.569786155145
0.0119320147524,0.00010547057478,0.609672283987
0.0119320147524,0.000105701363784,0.646300065181
0.0119320147524,0.000105932152788,0.646446650062
0.0119320147524,0.000106162941792,0.608435647535
0.0119320147524,0.000106393730796,0.562800387988
0.0119320147524,0.000106624519799,0.547980688274
0.0119320147524,0.000106855308803,0.584173350831
0.0119320147524,0.000107086097807,0.664373853073
0.0119320147524,0.000107316886811,0.76266793954
0.0119320147524,0.000107547675815,0.847076053067
0.0119320147524,0.000107778464819,0.8921227796
0.0119320147524,0.000108009253823,0.891186953636
0.0119320147524,0.000108240042827,0.860354804072
0.0119320147524,0.000108470831831,0.828744106563
0.0119320147524,0.000108701620834,0.822167411072
0.0119320147524,0.000108932409838,0.8491648212
0.0119320147524,0.000109163198842,0.89460096847
0.0119320147524,0.000109393987846,0.925485360956
0.0119320147524,0.00010962477685,0.910980854106
0.0119320147524,0.000109855565854,0.844046655172
0.0119320147524,0.000110086354858,0.744754295297
0.0119320147524,0.000110317143862,0.644925373821
0.0119320147524,0.000110547932866,0.572661371731
0.0119320147524,0.00011077872187,0.546577587289
0.0119320147524,0.000111009510873,0.570287924464
0.0119320147524,0.000111240299877,0.621009047944
0.0119320147524,0.000111471088881,0.652556514279
0.0119320147524,0.000111701877885,0.628399680655
0.0119320147524,0.000111932666889,0.554259566969
0.0119320147524,0.000112163455893,0.473405158059
0.0119320147524,0.000112394244897,0.433946627196
0.0119320147524,0.000112625033901,0.46082910018
0.0119320147524,0.000112855822905,0.548793456459
0.0119320147524,0.000113086611908,0.670460217178
0.0119320147524,0.000113317400912,0.788350898994
0.0119320147524,0.000113548189916,0.869971184964
0.0119320147524,0.00011377897892,0.904278393598
0.0119320147524,0.000114009767924,0.905795382428
0.0119320147524,0.000114240556928,0.901074795584
0.0119320147524,0.000114471345932,0.909825402559
0.0119320147524,0.000114702134936,0.932265855772
0.0119320147524,0.00011493292394,0.946547329734
0.0119320147524,0.000115163712944,0.920660540366
0.0119320147524,0.000115394501947,0.837913756099
0.0119320147524,0.000115625290951,0.714878939245
0.0119320147524,0.000115856079955,0.590509824505
0.0119320147524,0.000116086868959,0.499271086874
0.0119320147524,0.000116317657963,0.458278027113
0.0119320147524,0.000116548446967,0.474237742173
0.0119320147524,0.000116779235971,0.547443193076
0.0119320147524,0.000117010024975,0.656905535432
0.0119320147524,0.000117240813979,0.752123689999
0.0119320147524,0.000117471602982,0.784202591917
0.0119320147524,0.000117702391986,0.748267429245
0.0119320147524,0.00011793318099,0.684248689385
0.0127208157359,0,1
0.0127208157359,2.30789003895e-07,0.998292231784
0.0127208157359,4.6157800779e-07,0.975289133127
0.0127208157359,6.92367011685e-07,0.895096209331
0.0127208157359,9.23156015579e-07,0.746657248686
0.0127208157359,1.15394501947e-06,0.569313833297
0.0127208157359,1.38473402337e-06,0.424533084248
0.0127208157359,1.61552302726e-06,0.351429822955
0.0127208157359,1.84631203116e-06,0.361491753179
0.0127208157359,2.07710103505e-06,0.456453373238
0.0127208157359,2.30789003895e-06,0.62388739225
0.0127208157359,2.53867904284e-06,0.81107133792
0.0127208157359,2.76946804674e-06,0.930161726997
0.0127208157359,3.00025705063e-06,0.925014550204
0.0127208157359,3.23104605453e-06,0.8267795897
0.0127208157359,3.46183505842e-06,0.719359893614
0.0127208157359,3.69262406232e-06,0.667936088606
0.0127208157359,3.92341306621e-06,0.691949233584
0.0127208157359,4.15420207011e-06,0.771491232508
0.0127208157359,4.384991074e-06,0.856964529456
0.0127208157359,4.6157800779e-06,0.895439763582
0.0127208157359,4.84656908179e-06,0.871712006441
0.0127208157359,5.07735808569e-06,0.817491258103
0.0127208157359,5.30814708958e-06,0.776891892774
0.0127208157359,5.53893609348e-06,0.772205698947
0.0127208157359,5.76972509737e-06,0.793567117547
0.0127208157359,6.00051410127e-06,0.803330575025
0.0127208157359,6.23130310516e-06,0.756474541897
0.0127208157359,6.46209210906e-06,0.640047993165
0.0127208157359,6.69288111295e-06,0.495157171834
0.0127208157359,6.92367011685e-06,0.385155898391
0.0127208157359,7.15445912074e-06,0.351607812043
0.0127208157359,7.38524812464e-06,0.409624531483
0.0127208157359,7.61603712853e-06,0.552897647881
0.0127208157359,7.84682613243e-06,0.735455497803
0.0127208157359,8.07761513632e-06,0.871030197318
0.0127208157359,8.30840414022e-06,0.891691077095
0.0127208157359,8.53919314411e-06,0.809364853573
0.0127208157359,8.76998214801e-06,0.69702202094
0.0127208157359,9.0007711519e-06,0.621409615841
0.0127208157359,9.23156015579e-06,0.609971127598
0.0127208157359,9.46234915969e-06,0.656559550455
0.0127208157359,9.69313816358e-06,0.730803931935
0.0127208157359,9.92392716748e-06,0.789259611104
0.0127208157359,1.01547161714e-05,0.803364790411
0.0127208157359,1.03855051753e-05,0.78586160159
0.0127208157359,1.06162941792e-05,0.778834257178
0.0127208157359,1.08470831831e-05,0.813676086866
0.0127208157359,1.1077872187e-05,0.884279814063
0.0127208157359,1.13086611908e-05,0.946148545506
0.0127208157359,1.15394501947e-05,0.939855428246
0.0127208157359,1.17702391986e-05,0.837393181251
0.0127208157359,1.20010282025e-05,0.674947818231
0.0127208157359,1.22318172064e-05,0.525458016376
0.0127208157359,1.24626062103e-05,0.441641760798
0.0127208157359,1.26933952142e-05,0.438941600412
0.0127208157359,1.29241842181e-05,0.512749158022
0.0127208157359,1.3154973222e-05,0.643516825014
0.0127208157359,1.33857622259e-05,0.787394737324
0.0127208157359,1.36165512298e-05,0.885017921374
0.0127208157359,1.38473402337e-05,0.901110689242
0.0127208157359,1.40781292376e-05,0.855009828992
0.0127208157359,1.43089182415e-05,0.800280504636
0.0127208157359,1.45397072454e-05,0.778500305559
0.0127208157359,1.47704962493e-05,0.792979181568
0.0127208157359,1.50012852532e-05,0.809561201421
0.0127208157359,1.52320742571e-05,0.780434984394
0.0127208157359,1.5462863261e-05,0.686191924739
0.0127208157359,1.56936522649e-05,0.561481972603
0.0127208157359,1.59244412687e-05,0.468654941181
0.0127208157359,1.61552302726e-05,0.448341256018
0.0127208157359,1.63860192765e-05,0.501289324549
0.0127208157359,1.66168082804e-05,0.599897645839
0.0127208157359,1.68475972843e-05,0.701040988782
0.0127208157359,1.70783862882e-05,0.759703827972
0.0127208157359,1.73091752921e-05,0.754430237323
0.0127208157359,1.7539964296e-05,0.707903384466
0.0127208157359,1.77707532999e-05,0.671837714651
0.0127208157359,1.80015423038e-05,0.687982411006
0.0127208157359,1.82323313077e-05,0.76476789088
0.0127208157359,1.84631203116e-05,0.874987709577
0.0127208157359,1.86939093155e-05,0.965080892098
0.0127208157359,1.89246983194e-05,0.983131867716
0.0127208157359,1.91554873233e-05,0.91780447139
0.0127208157359,1.93862763272e-05,0.809076791177
0.0127208157359,1.96170653311e-05,0.713953070691
0.0127208157359,1.9847854335e-05,0.667735613483
0.0127208157359,2.00786433389e-05,0.674232196877
0.0127208157359,2.03094323427e-05,0.7115826258
0.0127208157359,2.05402213466e-05,0.74083794363
0.0127208157359,2.07710103505e-05,0.724719686503
0.0127208157359,2.10017993544e-05,0.656544177399
0.0127208157359,2.12325883583e-05,0.573413117174
0.0127208157359,2.14633773622e-05,0.530454939425
0.0127208157359,2.16941663661e-05,0.558741808191
0.0127208157359,2.192495537e-05,0.646230868499
0.0127208157359,2.21557443739e-05,0.74723923253
0.0127208157359,2.23865333778e-05,0.808180607992
0.0127208157359,2.26173223817e-05,0.800138627634
0.0127208157359,2.28481113856e-05,0.739612157531
0.0127208157359,2.30789003895e-05,0.675243810663
0.0127208157359,2.33096893934e-05,0.649602922123
0.0127208157359,2.35404783973e-05,0.672600861405
0.0127208157359,2.37712674012e-05,0.721710959439
0.0127208157359,2.40020564051e-05,0.757854130375
0.0127208157359,2.4232845409e-05,0.747888637695
0.0127208157359,2.44636344129e-05,0.68757116892
0.0127208157359,2.46944234168e-05,0.60920389135
0.0127208157359,2.49252124206e-05,0.559720883514
0.0127208157359,2.51560014245e-05,0.568713829868
0.0127208157359,2.53867904284e-05,0.638759113817
0.0127208157359,2.56175794323e-05,0.7500367281
0.0127208157359,2.58483684362e-05,0.862655866278
0.0127208157359,2.60791574401e-05,0.929834042054
0.0127208157359,2.6309946444e-05,0.926832424749
0.0127208157359,2.65407354479e-05,0.870811150085
0.0127208157359,2.67715244518e-05,0.806997139099
0.0127208157359,2.70023134557e-05,0.772353104415
0.0127208157359,2.72331024596e-05,0.772503108612
0.0127208157359,2.74638914635e-05,0.786548307406
0.0127208157359,2.76946804674e-05,0.786737243133
0.0127208157359,2.79254694713e-05,0.757720654894
0.0127208157359,2.81562584752e-05,0.707471205449
0.0127208157359,2.83870474791e-05,0.664642090143
0.0127208157359,2.8617836483e-05,0.6611532587
0.0127208157359,2.88486254869e-05,0.708631360171
0.0127208157359,2.90794144908e-05,0.782427331899
0.0127208157359,2.93102034946e-05,0.828154867361
0.0127208157359,2.95409924985e-05,0.796426107392
0.0127208157359,2.97717815024e-05,0.682678569097
0.0127208157359,3.00025705063e-05,0.535962587516
0.0127208157359,3.02333595102e-05,0.424507242099
0.0127208157359,3.04641485141e-05,0.389342288943
0.0127208157359,3.0694937518e-05,0.431941816328
0.0127208157359,3.09257265219e-05,0.532109538759
0.0127208157359,3.11565155258e-05,0.660177587628
0.0127208157359,3.13873045297e-05,0.782322124024
0.0127208157359,3.16180935336e-05,0.87247548811
0.0127208157359,3.18488825375e-05,0.924148245824
0.0127208157359,3.20796715414e-05,0.949770672159
0.0127208157359,3.23104605453e-05,0.965212850155
0.0127208157359,3.25412495492e-05,0.971511934206
0.0127208157359,3.27720385531e-05,0.951983780545
0.0127208157359,3.3002827557e-05,0.889434771022
0.0127208157359,3.32336165609e-05,0.787066039097
0.0127208157359,3.34644055648e-05,0.672995327121
0.0127208157359,3.36951945687e-05,0.586055070125
0.0127208157359,3.39259835725e-05,0.557146218886
0.0127208157359,3.41567725764e-05,0.598108186839
0.0127208157359,3.43875615803e-05,0.693425175103
0.0127208157359,3.46183505842e-05,0.795247340059
0.0127208157359,3.48491395881e-05,0.843651350126
0.0127208157359,3.5079928592e-05,0.807745714334
0.0127208157359,3.53107175959e-05,0.707504887321
0.0127208157359,3.55415065998e-05,0.597681007636
0.0127208157359,3.57722956037e-05,0.53141101373
0.0127208157359,3.60030846076e-05,0.533801265575
0.0127208157359,3.62338736115e-05,0.599889043101
0.0127208157359,3.64646626154e-05,0.703404720984
0.0127208157359,3.66954516193e-05,0.808137476157
0.0127208157359,3.69262406232e-05,0.886194440282
0.0127208157359,3.71570296271e-05,0.93157192313
0.0127208157359,3.7387818631e-05,0.955476128041
0.0127208157359,3.76186076349e-05,0.968328771218
0.0127208157359,3.78493966388e-05,0.963613942179
0.0127208157359,3.80801856427e-05,0.918506376147
0.0127208157359,3.83109746465e-05,0.815498676802
0.0127208157359,3.85417636504e-05,0.666237615306
0.0127208157359,3.87725526543e-05,0.511160335077
0.0127208157359,3.90033416582e-05,0.395799842965
0.0127208157359,3.92341306621e-05,0.349477064538
0.0127208157359,3.9464919666e-05,0.383875133146
0.0127208157359,3.96957086699e-05,0.498220763865
0.0127208157359,3.99264976738e-05,0.665865852575
0.0127208157359,4.01572866777e-05,0.823937116056
0.0127208157359,4.03880756816e-05,0.908209524034
0.0127208157359,4.06188646855e-05,0.902079901365
0.0127208157359,4.08496536894e-05,0.841094472982
0.0127208157359,4.10804426933e-05,0.778518913915
0.0127208157359,4.13112316972e-05,0.752108324778
0.0127208157359,4.15420207011e-05,0.770894091178
0.0127208157359,4.1772809705e-05,0.817248513811
0.0127208157359,4.20035987089e-05,0.860656287417
0.0127208157359,4.22343877128e-05,0.881178804543
0.0127208157359,4.24651767167e-05,0.884081266319
0.0127208157359,4.26959657206e-05,0.891029856641
0.0127208157359,4.29267547244e-05,0.917922150302
0.0127208157359,4.31575437283e-05,0.955740921468
0.0127208157359,4.33883327322e-05,0.966344895826
0.0127208157359,4.36191217361e-05,0.904908099598
0.0127208157359,4.384991074e-05,0.760981428696
0.0127208157359,4.40806997439e-05,0.575816918997
0.0127208157359,4.43114887478e-05,0.412694910152
0.0127208157359,4.45422777517e-05,0.316160417358
0.0127208157359,4.47730667556e-05,0.302003082088
0.0127208157359,4.50038557595e-05,0.372635810456
0.0127208157359,4.52346447634e-05,0.51866580309
0.0127208157359,4.54654337673e-05,0.697663023014
0.0127208157359,4.56962227712e-05,0.840819322327
0.0127208157359,4.59270117751e-05,0.903403001226
0.0127208157359,4.6157800779e-05,0.895116633457
0.0127208157359,4.63885897829e-05,0.858290425282
0.0127208157359,4.66193787868e-05,0.831185807531
0.0127208157359,4.68501677907e-05,0.827779843078
0.0127208157359,4.70809567946e-05,0.834123523728
0.0127208157359,4.73117457984e-05,0.820944112746
0.0127208157359,4.75425348023e-05,0.772676931047
0.0127208157359,4.77733238062e-05,0.707454786656
0.0127208157359,4.80041128101e-05,0.664780292224
0.0127208157359,4.8234901814e-05,0.677488065355
0.0127208157359,4.84656908179e-05,0.751723870493
0.0127208157359,4.86964798218e-05,0.856672257414
0.0127208157359,4.89272688257e-05,0.928773517371
0.0127208157359,4.91580578296e-05,0.908497323962
0.0127208157359,4.93888468335e-05,0.791631280943
0.0127208157359,4.96196358374e-05,0.634804298061
0.0127208157359,4.98504248413e-05,0.507531114463
0.0127208157359,5.00812138452e-05,0.451858240036
0.0127208157359,5.03120028491e-05,0.481064271546
0.0127208157359,5.0542791853e-05,0.587617196463
0.0127208157359,5.07735808569e-05,0.734003251272
0.0127208157359,5.10043698608e-05,0.855671907595
0.0127208157359,5.12351588647e-05,0.904611382428
0.0127208157359,5.14659478686e-05,0.886138610375
0.0127208157359,5.16967368725e-05,0.8420293827
0.0127208157359,5.19275258763e-05,0.810860709856
0.0127208157359,5.21583148802e-05,0.806393658604
0.0127208157359,5.23891038841e-05,0.813235632497
0.0127208157359,5.2619892888e-05,0.794240008695
0.0127208157359,5.28506818919e-05,0.719837867724
0.0127208157359,5.30814708958e-05,0.602905706183
0.0127208157359,5.33122598997e-05,0.495493314634
0.0127208157359,5.35430489036e-05,0.450588755406
0.0127208157359,5.37738379075e-05,0.493070215446
0.0127208157359,5.40046269114e-05,0.611166658191
0.0127208157359,5.42354159153e-05,0.753639715533
0.0127208157359,5.44662049192e-05,0.844514361983
0.0127208157359,5.46969939231e-05,0.833215873067
0.0127208157359,5.4927782927e-05,0.737407459949
0.0127208157359,5.51585719309e-05,0.62293228925
0.0127208157359,5.53893609348e-05,0.551145677802
0.0127208157359,5.56201499387e-05,0.553774307076
0.0127208157359,5.58509389426e-05,0.633113581852
0.0127208157359,5.60817279465e-05,0.757765398794
0.0127208157359,5.63125169503e-05,0.865268823962
0.0127208157359,5.65433059542e-05,0.902226839147
0.0127208157359,5.67740949581e-05,0.870304888482
0.0127208157359,5.7004883962e-05,0.816854892118
0.0127208157359,5.72356729659e-05,0.787837563152
0.0127208157359,5.74664619698e-05,0.800731250887
0.0127208157359,5.76972509737e-05,0.842763067716
0.0127208157359,5.79280399776e-05,0.874337563314
0.0127208157359,5.81588289815e-05,0.8478301844
0.0127208157359,5.83896179854e-05,0.749737429185
0.0127208157359,5.86204069893e-05,0.621308649143
0.0127208157359,5.88511959932e-05,0.525583962994
0.0127208157359,5.90819849971e-05,0.504246240221
0.0127208157359,5.9312774001e-05,0.564485029119
0.0127208157359,5.95435630049e-05,0.680269051974
0.0127208157359,5.97743520088e-05,0.793907103281
0.0127208157359,6.00051410127e-05,0.839978935372
0.0127208157359,6.02359300166e-05,0.794632336088
0.0127208157359,6.04667190205e-05,0.6959662157
0.0127208157359,6.06975080244e-05,0.608032246576
0.0127208157359,6.09282970282e-05,0.577025945346
0.0127208157359,6.11590860321e-05,0.614631948973
0.0127208157359,6.1389875036e-05,0.692852792716
0.0127208157359,6.16206640399e-05,0.749880052285
0.0127208157359,6.18514530438e-05,0.7327342975
0.0127208157359,6.20822420477e-05,0.6501431022
0.0127208157359,6.23130310516e-05,0.563756882496
0.0127208157359,6.25438200555e-05,0.528575989504
0.0127208157359,6.27746090594e-05,0.562134721982
0.0127208157359,6.30053980633e-05,0.655524395409
0.0127208157359,6.32361870672e-05,0.781828402021
0.0127208157359,6.34669760711e-05,0.892810218219
0.0127208157359,6.3697765075e-05,0.937835960519
0.0127208157359,6.39285540789e-05,0.907052971885
0.0127208157359,6.41593430828e-05,0.843147823966
0.0127208157359,6.43901320867e-05,0.80218148327
0.0127208157359,6.46209210906e-05,0.813296806162
0.0127208157359,6.48517100945e-05,0.866894681344
0.0127208157359,6.50824990984e-05,0.920004812725
0.0127208157359,6.53132881022e-05,0.918755033524
0.0127208157359,6.55440771061e-05,0.839947084806
0.0127208157359,6.577486611e-05,0.714308638265
0.0127208157359,6.60056551139e-05,0.599940198754
0.0127208157359,6.62364441178e-05,0.541533441798
0.0127208157359,6.64672331217e-05,0.555200552006
0.0127208157359,6.66980221256e-05,0.625057286818
0.0127208157359,6.69288111295e-05,0.698236123874
0.0127208157359,6.71596001334e-05,0.706457025998
0.0127208157359,6.73903891373e-05,0.625849074878
0.0127208157359,6.76211781412e-05,0.508258255203
0.0127208157359,6.78519671451e-05,0.43093778105
0.0127208157359,6.8082756149e-05,0.43296221309
0.0127208157359,6.83135451529e-05,0.511283820219
0.0127208157359,6.85443341568e-05,0.643954525307
0.0127208157359,6.87751231607e-05,0.793826488957
0.0127208157359,6.90059121646e-05,0.909653326629
0.0127208157359,6.92367011685e-05,0.954853997206
0.0127208157359,6.94674901724e-05,0.938358034849
0.0127208157359,6.96982791763e-05,0.90265829911
0.0127208157359,6.99290681801e-05,0.884266630465
0.0127208157359,7.0159857184e-05,0.88949712966
0.0127208157359,7.03906461879e-05,0.894089612795
0.0127208157359,7.06214351918e-05,0.860388411712
0.0127208157359,7.08522241957e-05,0.769800354201
0.0127208157359,7.10830131996e-05,0.646226713881
0.0127208157359,7.13138022035e-05,0.538753748356
0.0127208157359,7.15445912074e-05,0.485775217833
0.0127208157359,7.17753802113e-05,0.504805085172
0.0127208157359,7.20061692152e-05,0.595224029598
0.0127208157359,7.22369582191e-05,0.725319653972
0.0127208157359,7.2467747223e-05,0.826696159918
0.0127208157359,7.26985362269e-05,0.835714919243
0.0127208157359,7.29293252308e-05,0.754528131262
0.0127208157359,7.31601142347e-05,0.649723431634
0.0127208157359,7.33909032386e-05,0.587399417808
0.0127208157359,7.36216922425e-05,0.592587987707
0.0127208157359,7.38524812464e-05,0.659226838098
0.0127208157359,7.40832702503e-05,0.764726429892
0.0127208157359,7.43140592541e-05,0.872471826021
0.0127208157359,7.4544848258e-05,0.944164583237
0.0127208157359,7.47756372619e-05,0.965190596643
0.0127208157359,7.50064262658e-05,0.952599427579
0.0127208157359,7.52372152697e-05,0.932620244136
0.0127208157359,7.54680042736e-05,0.913881985663
0.0127208157359,7.56987932775e-05,0.879176567423
0.0127208157359,7.59295822814e-05,0.799052395847
0.0127208157359,7.61603712853e-05,0.662992759379
0.0127208157359,7.63911602892e-05,0.503540102737
0.0127208157359,7.66219492931e-05,0.377024351925
0.0127208157359,7.6852738297e-05,0.318298160959
0.0127208157359,7.70835273009e-05,0.331872827971
0.0127208157359,7.73143163048e-05,0.4160822217
0.0127208157359,7.75451053087e-05,0.564130584807
0.0127208157359,7.77758943126e-05,0.740980634141
0.0127208157359,7.80066833165e-05,0.882987383392
0.0127208157359,7.82374723204e-05,0.939797901855
0.0127208157359,7.84682613243e-05,0.916460860728
0.0127208157359,7.86990503282e-05,0.862496863982
0.0127208157359,7.8929839332e-05,0.826006142938
0.0127208157359,7.91606283359e-05,0.827507316591
0.0127208157359,7.93914173398e-05,0.860690204944
0.0127208157359,7.96222063437e-05,0.901668508284
0.0127208157359,7.98529953476e-05,0.924883472157
0.0127208157359,8.00837843515e-05,0.922661191153
0.0127208157359,8.03145733554e-05,0.909300796266
0.0127208157359,8.05453623593e-05,0.902850597115
0.0127208157359,8.07761513632e-05,0.905475712242
0.0127208157359,8.10069403671e-05,0.898450852422
0.0127208157359,8.1237729371e-05,0.850740008696
0.0127208157359,8.14685183749e-05,0.740679022591
0.0127208157359,8.16993073788e-05,0.582567238692
0.0127208157359,8.19300963827e-05,0.428278022703
0.0127208157359,8.21608853866e-05,0.329394580513
0.0127208157359,8.23916743905e-05,0.305083722037
0.0127208157359,8.26224633944e-05,0.354271545975
0.0127208157359,8.28532523983e-05,0.47274600812
0.0127208157359,8.30840414022e-05,0.640777769004
0.0127208157359,8.3314830406e-05,0.811331663298
0.0127208157359,8.35456194099e-05,0.929524936285
0.0127208157359,8.37764084138e-05,0.968829743502
0.0127208157359,8.40071974177e-05,0.945027433659
0.0127208157359,8.42379864216e-05,0.894998199622
0.0127208157359,8.44687754255e-05,0.847601034314
0.0127208157359,8.46995644294e-05,0.810438305067
0.0127208157359,8.49303534333e-05,0.774080447891
0.0127208157359,8.51611424372e-05,0.728857751807
0.0127208157359,8.53919314411e-05,0.682901534475
0.0127208157359,8.5622720445e-05,0.662335769262
0.0127208157359,8.58535094489e-05,0.688841993367
0.0127208157359,8.60842984528e-05,0.75867541545
0.0127208157359,8.63150874567e-05,0.842657937396
0.0127208157359,8.65458764606e-05,0.898912242245
0.0127208157359,8.67766654645e-05,0.890086970724
0.0127208157359,8.70074544684e-05,0.804938038639
0.0127208157359,8.72382434723e-05,0.671755708193
0.0127208157359,8.74690324762e-05,0.543955747639
0.0127208157359,8.76998214801e-05,0.466761255719
0.0127208157359,8.79306104839e-05,0.460863365144
0.0127208157359,8.81613994878e-05,0.526649066832
0.0127208157359,8.83921884917e-05,0.644697129442
0.0127208157359,8.86229774956e-05,0.776923568184
0.0127208157359,8.88537664995e-05,0.882620752379
0.0127208157359,8.90845555034e-05,0.939047469179
0.0127208157359,8.93153445073e-05,0.947701838103
0.0127208157359,8.95461335112e-05,0.923581101909
0.0127208157359,8.97769225151e-05,0.881022837289
0.0127208157359,9.0007711519e-05,0.825047689563
0.0127208157359,9.02385005229e-05,0.75041284126
0.0127208157359,9.04692895268e-05,0.652894549623
0.0127208157359,9.07000785307e-05,0.546867790193
0.0127208157359,9.09308675346e-05,0.469239500564
0.0127208157359,9.11616565385e-05,0.458139003088
0.0127208157359,9.13924455424e-05,0.523984303538
0.0127208157359,9.16232345463e-05,0.64121629938
0.0127208157359,9.18540235502e-05,0.762255220001
0.0127208157359,9.20848125541e-05,0.838774371353
0.0127208157359,9.23156015579e-05,0.842447130869
0.0127208157359,9.25463905618e-05,0.777691731907
0.0127208157359,9.27771795657e-05,0.678402594131
0.0127208157359,9.30079685696e-05,0.590190114619
0.0127208157359,9.32387575735e-05,0.550176031775
0.0127208157359,9.34695465774e-05,0.572328906301
0.0127208157359,9.37003355813e-05,0.640174290539
0.0127208157359,9.39311245852e-05,0.717053920531
0.0127208157359,9.41619135891e-05,0.773436547919
0.0127208157359,9.4392702593e-05,0.806029088165
0.0127208157359,9.46234915969e-05,0.830296536205
0.0127208157359,9.48542806008e-05,0.85749103221
0.0127208157359,9.50850696047e-05,0.882809212875
0.0127208157359,9.53158586086e-05,0.891911078848
0.0127208157359,9.55466476125e-05,0.869811270759
0.0127208157359,9.57774366164e-05,0.808268840814
0.0127208157359,9.60082256203e-05,0.716493609387
0.0127208157359,9.62390146242e-05,0.625383112731
0.0127208157359,9.64698036281e-05,0.57452152188
0.0127208157359,9.6700592632e-05,0.588395002638
0.0127208157359,9.69313816358e-05,0.660373345933
0.0127208157359,9.71621706397e-05,0.755096294342
0.0127208157359,9.73929596436e-05,0.826264626083
0.0127208157359,9.76237486475e-05,0.840978682347
0.0127208157359,9.78545376514e-05,0.795322278155
0.0127208157359,9.80853266553e-05,0.711339629909
0.0127208157359,9.83161156592e-05,0.623363635915
0.0127208157359,9.85469046631e-05,0.564937145072
0.0127208157359,9.8777693667e-05,0.554381010518
0.0127208157359,9.90084826709e-05,0.578535380719
0.0127208157359,9.92392716748e-05,0.598125942733
0.0127208157359,9.94700606787e-05,0.584774187246
0.0127208157359,9.97008496826e-05,0.550568167978
0.0127208157359,9.99316386865e-05,0.5361885449
0.0127208157359,0.00010016242769,0.573038303262
0.0127208157359,0.000100393216694,0.658170175163
0.0127208157359,0.000100624005698,0.76147083687
0.0127208157359,0.000100854794702,0.84760982392
0.0127208157359,0.000101085583706,0.891585901593
0.0127208157359,0.00010131637271,0.888832356193
0.0127208157359,0.000101547161714,0.858395038375
0.0127208157359,0.000101777950718,0.832212876768
0.0127208157359,0.000102008739722,0.835828153438
0.0127208157359,0.000102239528725,0.872551356478
0.0127208157359,0.000102470317729,0.919222814554
0.0127208157359,0.000102701106733,0.938340210734
0.0127208157359,0.000102931895737,0.90407535179
0.0127208157359,0.000103162684741,0.82121250614
0.0127208157359,0.000103393473745,0.717742798785
0.0127208157359,0.000103624262749,0.624072472959
0.0127208157359,0.000103855051753,0.563205704795
0.0127208157359,0.000104085840757,0.549430407047
0.0127208157359,0.00010431662976,0.575425758045
0.0127208157359,0.000104547418764,0.601389053705
0.0127208157359,0.000104778207768,0.583716697506
0.0127208157359,0.000105008996772,0.521148873288
0.0127208157359,0.000105239785776,0.458561905545
0.0127208157359,0.00010547057478,0.447149588147
0.0127208157359,0.000105701363784,0.506733913934
0.0127208157359,0.000105932152788,0.619105046091
0.0127208157359,0.000106162941792,0.74524057599
0.0127208157359,0.000106393730796,0.845735369411
0.0127208157359,0.000106624519799,0.898383283742
0.0127208157359,0.000106855308803,0.908805029724
0.0127208157359,0.000107086097807,0.902749596937
0.0127208157359,0.000107316886811,0.905023961143
0.0127208157359,0.000107547675815,0.92188584378
0.0127208157359,0.000107778464819,0.935084856681
0.0127208157359,0.000108009253823,0.91171558384
0.0127208157359,0.000108240042827,0.831806744707
0.0127208157359,0.000108470831831,0.711861971264
0.0127208157359,0.000108701620834,0.593697631784
0.0127208157359,0.000108932409838,0.511221187224
0.0127208157359,0.000109163198842,0.47647746079
0.0127208157359,0.000109393987846,0.493020968757
0.0127208157359,0.00010962477685,0.561604878533
0.0127208157359,0.000109855565854,0.658136593885
0.0127208157359,0.000110086354858,0.728772875393
0.0127208157359,0.000110317143862,0.73624561369
0.0127208157359,0.000110547932866,0.698045646314
0.0127208157359,0.00011077872187,0.664288517756
0.0127208157359,0.000111009510873,0.672314142885
0.0127208157359,0.000111240299877,0.726604446861
0.0127208157359,0.000111471088881,0.80545829177
0.0127208157359,0.000111701877885,0.876034729887
0.0127208157359,0.000111932666889,0.912373336947
0.0127208157359,0.000112163455893,0.912412519096
0.0127208157359,0.000112394244897,0.897313919154
0.0127208157359,0.000112625033901,0.891387390307
0.0127208157359,0.000112855822905,0.902021321413
0.0127208157359,0.000113086611908,0.910781240027
0.0127208157359,0.000113317400912,0.878775084737
0.0127208157359,0.000113548189916,0.775011513172
0.0127208157359,0.00011377897892,0.614175152298
0.0127208157359,0.000114009767924,0.455011025371
0.0127208157359,0.000114240556928,0.351304991802
0.0127208157359,0.000114471345932,0.317063723343
0.0127208157359,0.000114702134936,0.342354189564
0.0127208157359,0.00011493292394,0.42331837769
0.0127208157359,0.000115163712944,0.555930186162
0.0127208157359,0.000115394501947,0.705527023404
0.0127208157359,0.000115625290951,0.816651343645
0.0127208157359,0.000115856079955,0.864012028553
0.0127208157359,0.000116086868959,0.870141514071
0.0127208157359,0.000116317657963,0.87257273888
0.0127208157359,0.000116548446967,0.891174682647
0.0127208157359,0.000116779235971,0.92111062088
0.0127208157359,0.000117010024975,0.941088953931
0.0127208157359,0.000117240813979,0.930423197096
0.0127208157359,0.000117471602982,0.89000872177
0.0127208157359,0.000117702391986,0.845927818612
0.0127208157359,0.00011793318099,0.828219152176
