$hessian                                                                        
        0.5222831172   0.0101501280  -0.0198558382  -0.0811500796   0.0166619869
       -0.0412586231   0.0026203805  -0.0120736236   0.0230332284   0.0024605595
       -0.0007730918   0.0026375674   0.0001907290   0.0000325815  -0.0000163573
        0.0001266971   0.0000848266  -0.0001785534  -0.0001762096  -0.0000609119
       -0.0000280612   0.0004368252  -0.0000118834  -0.0000130338  -0.0000085875
        0.0001423863   0.0004031118  -0.0111210597   0.0100843510  -0.0228415872
       -0.0047691481  -0.0005545678  -0.0006507309  -0.0004791204   0.0008840352
       -0.0011646067  -0.0000117365   0.0001005452  -0.0001628361   0.0000220538
       -0.0000486065   0.0000298508   0.0000238848   0.0000084431  -0.0000097422
        0.0000988176  -0.0000424441   0.0000701999  -0.0000403128   0.0000614167
       -0.0000762173   0.0005098070   0.0004071146  -0.0003371124  -0.0010323054
        0.0000499134  -0.0004298808  -0.1057611988   0.0549429161   0.0908171479
       -0.0487900232  -0.0439002916   0.0013042533  -0.2729066270  -0.0361230549
       -0.0301404569   0.0000030957  -0.0000278016   0.0000171232  -0.0000134479
       -0.0000352822   0.0000127641  -0.0000460756  -0.0000244241   0.0000320801
       -0.0000093549   0.0000095470   0.0000385091  -0.0000562567  -0.0000635804
        0.0000383277  -0.0000903542  -0.0000678822   0.0000794080  -0.0004826270
        0.0001117291  -0.0002048198  -0.0000436310   0.0000231529  -0.0000503100
       -0.0000642052   0.0000054071  -0.0000128669  -0.0000817512  -0.0000123835
        0.0000101524  -0.0000242608  -0.0000105130   0.0000224176  -0.0016175940
        0.0000698618  -0.0011145076
        0.0101501280   0.4777685185   0.0152314156   0.0138153457  -0.0778651791
        0.0325566354  -0.0093764312   0.0104080612   0.0290969911   0.0045563224
       -0.0056359188  -0.0018596000  -0.0014435579   0.0000024770  -0.0002458743
        0.0003253181   0.0000130534   0.0006764680  -0.0003165916  -0.0001680848
       -0.0000286401   0.0005656548  -0.0004816972  -0.0001753498   0.0002817713
        0.0001180873  -0.0000514485   0.0046912892   0.0033344835   0.0043026119
       -0.0005231270   0.0018141660   0.0001923309   0.0005223022  -0.0001277819
       -0.0001301785  -0.0003056447  -0.0000120420   0.0000542794   0.0001587040
        0.0001286203   0.0000041074  -0.0000396631  -0.0000416984   0.0000710800
       -0.0000303875   0.0000355834   0.0000013383   0.0000099070  -0.0000982776
        0.0000782906   0.0002977298  -0.0003844341  -0.0003476187  -0.0006733091
       -0.0010834755   0.0004298416   0.0559445725  -0.0873161109  -0.0840574665
       -0.0417924923  -0.2722049248   0.0105893391  -0.0362367942  -0.0495480703
       -0.0060454036  -0.0000669683   0.0000252198   0.0000853221  -0.0001422112
       -0.0000745015  -0.0000093845  -0.0001023187   0.0000471236  -0.0000648459
        0.0000420230   0.0001168783   0.0000009458   0.0001254263   0.0003250481
       -0.0002060088  -0.0001661363   0.0001010865  -0.0000730631   0.0000092408
       -0.0000928196  -0.0001053124  -0.0000033233   0.0000228229  -0.0000048285
        0.0000002029  -0.0000000903  -0.0000137944   0.0000071223  -0.0000012722
       -0.0000063370   0.0000245277   0.0000080518  -0.0000448925  -0.0003086316
        0.0008670971   0.0000990501
       -0.0198558382   0.0152314156   0.4564088544  -0.0367912993   0.0353864241
       -0.1523700869   0.0126421297   0.0300780606  -0.0413575668  -0.0053258954
       -0.0029245797   0.0000966194   0.0002882318   0.0002493539   0.0002293387
       -0.0006801806  -0.0000534565   0.0001392075   0.0002002416  -0.0001479604
        0.0000135181  -0.0004309093  -0.0001365902  -0.0004888198   0.0012221894
       -0.0000902446  -0.0001597992  -0.0102279543   0.0052096942  -0.0092118844
       -0.0004677355  -0.0001539662   0.0012467016  -0.0006485614   0.0001131473
       -0.0003553794   0.0002876282   0.0001345310  -0.0000965561  -0.0001392467
       -0.0000982379   0.0001535863   0.0000367520   0.0000568451  -0.0000756485
        0.0000650916  -0.0000031778   0.0000054486  -0.0000607312   0.0001110085
       -0.0001922386  -0.0000664245  -0.0000045217  -0.0000922031   0.0010235976
        0.0002903380  -0.0010707430   0.0882262133  -0.0805161271  -0.1691680867
        0.0001651508   0.0040193504  -0.0361228822  -0.0300100267  -0.0063703236
       -0.0479145260   0.0000002735  -0.0000343496   0.0000526986   0.0001437903
        0.0001358032  -0.0000324697   0.0002004969   0.0000071671   0.0000263517
        0.0002920712  -0.0001531446  -0.0000169211   0.0002402497  -0.0000188351
       -0.0003048866   0.0003786335  -0.0002711264   0.0003242215  -0.0001756854
       -0.0000432431  -0.0000543886  -0.0000159503   0.0000081016  -0.0000092013
       -0.0000463174  -0.0000087663   0.0000082571  -0.0000486539  -0.0000191994
        0.0000185136  -0.0000261947  -0.0000547612   0.0000623721  -0.0003951363
        0.0000713710   0.0003085989
       -0.0811500796   0.0138153457  -0.0367912993   0.6298209867   0.0882095458
       -0.1309940612  -0.2483948160  -0.0972890521   0.1968928709  -0.0640600981
       -0.0160937185   0.0271555505   0.0015307138   0.0050300171  -0.0000675640
       -0.0034128654  -0.0009942716  -0.0015413568   0.0016966392  -0.0001187725
       -0.0000270771  -0.0027880578   0.0007143464  -0.0016705148   0.0050792752
       -0.0059306427   0.0006748582  -0.1786428544   0.0098455096  -0.0368287141
       -0.0219661903   0.0108359196  -0.0233410431   0.0069151331   0.0013480937
       -0.0020467402  -0.0045859763  -0.0003140627  -0.0003480910   0.0025104578
        0.0011865354  -0.0009384400  -0.0009809744  -0.0006181749   0.0007723552
       -0.0003257953  -0.0002732506   0.0006346403  -0.0016610364  -0.0012781468
        0.0014190774   0.0047302380  -0.0027041857   0.0032865085  -0.0410617440
       -0.0091838318   0.0106088798   0.0045983167  -0.0044049257   0.0138446551
        0.0027707646  -0.0024770772   0.0045948106  -0.0137127086   0.0108062352
       -0.0280885253   0.0000603565  -0.0000795119   0.0007564330  -0.0000921814
        0.0003207800   0.0000986551   0.0004761502  -0.0000274789   0.0003768983
        0.0001632195  -0.0003674791  -0.0001553920   0.0002102345   0.0001797923
        0.0003499436   0.0004228698  -0.0006662590   0.0019385895   0.0000215291
       -0.0001360750   0.0004236577   0.0002352290  -0.0001378521   0.0002681325
        0.0002873828  -0.0000436792  -0.0000126407   0.0002340986   0.0001302883
       -0.0001620190  -0.0000032734   0.0001884858  -0.0003032398   0.0010750563
        0.0005275533  -0.0007797977
        0.0166619869  -0.0778651791   0.0353864241   0.0882095458   0.2538732657
       -0.2008625431  -0.1131538619  -0.1051889979   0.1318840107  -0.0120608238
       -0.0028825341   0.0017856212   0.0007888440   0.0015998577  -0.0011345740
       -0.0011546905   0.0000454513  -0.0004010684   0.0002767761  -0.0002178971
        0.0000059560  -0.0004218894  -0.0004148859   0.0001172279   0.0053233739
       -0.0014385624   0.0022010781   0.0150074769  -0.0590813963   0.0075544556
        0.0130324235   0.0001054068   0.0024082370   0.0016356781   0.0023223765
        0.0049119161  -0.0010272473  -0.0004782684   0.0001644414   0.0007832073
       -0.0009459994  -0.0006786798  -0.0001862380  -0.0002143159   0.0003498558
       -0.0002192107  -0.0006420770  -0.0004339339  -0.0005833182   0.0003128489
        0.0000124381  -0.0019822540   0.0051216069   0.0058532427  -0.0143280218
       -0.0008610869  -0.0022708431  -0.0051745983   0.0048194641  -0.0103137875
        0.0067976808  -0.0148176606   0.0274746295   0.0008007985   0.0012738361
       -0.0026386131  -0.0002064482  -0.0004660461  -0.0000285392   0.0001065051
        0.0000772029   0.0000968592   0.0001951346  -0.0000715390  -0.0000092835
        0.0002514945  -0.0002374817  -0.0002079736  -0.0001925091  -0.0003456192
       -0.0001825760   0.0005328102  -0.0014529443  -0.0003554519   0.0007393494
       -0.0000774976   0.0003497004  -0.0000206083   0.0000066751  -0.0000000538
       -0.0000569203   0.0002235007   0.0001508199  -0.0000815497  -0.0000198753
       -0.0000212534  -0.0000718390   0.0001229880   0.0001052603  -0.0002210570
       -0.0021846166  -0.0012729999
       -0.0412586231   0.0325566354  -0.1523700869  -0.1309940612  -0.2008625431
        0.5815427151   0.2346801373   0.1316220069  -0.3063233303   0.0085220173
        0.0033979541  -0.0040022968  -0.0044562732  -0.0015050589   0.0004140314
        0.0004560609  -0.0000103865   0.0007385062   0.0001877656   0.0003016648
       -0.0000269858  -0.0001770212   0.0000668407   0.0004000661  -0.0042495704
        0.0009429594  -0.0015068851  -0.0482409847   0.0050859211  -0.0745879499
       -0.0237351892   0.0023898339  -0.0065757278  -0.0027075363   0.0050784325
       -0.0024947888   0.0012354860   0.0004244397  -0.0005277888  -0.0007275199
       -0.0006606082  -0.0006759011   0.0001956509   0.0003297425  -0.0004539616
        0.0004037018  -0.0004729881  -0.0000946717   0.0005574524  -0.0001106447
        0.0005768469   0.0018829077   0.0056928866   0.0008105987   0.0157846812
       -0.0012516323   0.0035625804  -0.0012290296   0.0081198657  -0.0247259252
        0.0015911151   0.0060504511  -0.0037535375  -0.0073706185   0.0037188245
       -0.0070110249   0.0004093874   0.0001289816   0.0000053492  -0.0002850568
       -0.0003160085  -0.0000872595  -0.0003288402   0.0000078910  -0.0000820398
       -0.0004000797   0.0002934234   0.0001557944   0.0002275878   0.0000890266
        0.0002977771  -0.0004995100  -0.0005752502  -0.0013740877  -0.0011435134
        0.0001153128  -0.0005031043   0.0000695878  -0.0000246556   0.0000686222
        0.0001025495   0.0001682916   0.0001106939   0.0001826402   0.0000220686
       -0.0000238842   0.0000991529   0.0001749798  -0.0000392133   0.0012155458
       -0.0009886583  -0.0014431304
        0.0026203805  -0.0093764312   0.0126421297  -0.2483948160  -0.1131538619
        0.2346801373   0.6606351694   0.1240523776  -0.2542044467  -0.2563519495
        0.0108152035  -0.0177818244  -0.0469330859  -0.0250436507   0.0031765157
        0.0069321979  -0.0026244078  -0.0000270413  -0.0051422177   0.0010542310
        0.0002389046   0.0046936060   0.0020811563   0.0026368465  -0.0500845049
        0.0237765967  -0.0007028959  -0.0637669532  -0.0130874473   0.0227410956
       -0.0011935720  -0.0015640622   0.0045489912  -0.0016460819  -0.0013505804
        0.0013169722   0.0013141348  -0.0003028531   0.0005781904  -0.0007865580
       -0.0004430674   0.0006780514   0.0004294910   0.0000982310  -0.0000625926
       -0.0002770832   0.0002377616  -0.0003445127   0.0002749724   0.0007851724
       -0.0010904873  -0.0041552644  -0.0010651511  -0.0002526826   0.0010490519
        0.0035802548  -0.0065505242   0.0001597660   0.0002510530  -0.0007964429
       -0.0000225547   0.0005157811   0.0000883405   0.0006015139   0.0010660995
       -0.0007567764   0.0011288287   0.0012943232  -0.0012714304  -0.0006690470
       -0.0004320703  -0.0002848087  -0.0001158959  -0.0000059096  -0.0002224166
       -0.0010157472   0.0005018152   0.0001428017   0.0019287338  -0.0017145627
        0.0002992795  -0.0009788939  -0.0000625635   0.0002676728   0.0000353211
        0.0000537507  -0.0000940181  -0.0000899320   0.0000696741  -0.0001174027
       -0.0001895735  -0.0000316015   0.0000053784  -0.0002112056  -0.0000863547
        0.0000971337   0.0000619465  -0.0001171739   0.0001493647   0.0001598227
        0.0002282676   0.0002724976
       -0.0120736236   0.0104080612   0.0300780606  -0.0972890521  -0.1051889979
        0.1316220069   0.1240523776   0.1720708431  -0.1572238822   0.0004334229
       -0.0615290214  -0.0002248345  -0.0355990752  -0.0036539473   0.0027671333
        0.0000478803  -0.0062529769  -0.0019248386   0.0002844784   0.0024865038
        0.0001104784   0.0000913246  -0.0047710961  -0.0016342626   0.0305534930
       -0.0007307999  -0.0048912513  -0.0163611165  -0.0075902655  -0.0045943096
        0.0032722760  -0.0008861343   0.0040183505  -0.0015825750  -0.0000656292
       -0.0001155998   0.0013242810   0.0000592765   0.0000004208  -0.0007253962
       -0.0001290144   0.0000531386   0.0002589206   0.0002258897  -0.0003026559
        0.0001087183  -0.0000898591  -0.0000458161   0.0001255219   0.0001517291
       -0.0001729001  -0.0012016832   0.0009637678   0.0003022111   0.0023634937
        0.0020768960  -0.0015617002   0.0016367442  -0.0021394769   0.0052386015
       -0.0004134580   0.0010752057  -0.0019825551  -0.0006067017   0.0003587785
       -0.0008367031  -0.0004010238   0.0017139969   0.0007897375  -0.0016197712
       -0.0002075939   0.0000023612  -0.0000548224   0.0001187533   0.0004177622
        0.0012600870  -0.0000995331   0.0003047914   0.0010880961   0.0013485276
        0.0010374524   0.0007828495   0.0004085538  -0.0007329254   0.0000002906
       -0.0000183173  -0.0000704186  -0.0000342885  -0.0000077617  -0.0000225563
        0.0000158670  -0.0000031641  -0.0000087463  -0.0000036732  -0.0000079991
        0.0000033309   0.0000234697   0.0000513964  -0.0000122615   0.0002426681
       -0.0001465911  -0.0003876202
        0.0230332284   0.0290969911  -0.0413575668   0.1968928709   0.1318840107
       -0.3063233303  -0.2542044467  -0.1572238822   0.3863572924   0.0109884129
       -0.0030286439  -0.0518319748  -0.0007065845  -0.0028558068   0.0031541573
        0.0021718940  -0.0010462326   0.0062398754  -0.0016319194  -0.0000285498
       -0.0001964819   0.0027877039  -0.0013928747   0.0073974131   0.0047906038
        0.0026143591   0.0048985600   0.0253571879  -0.0015791121   0.0040717655
       -0.0048051335   0.0029281995  -0.0043757636   0.0020032698  -0.0002259362
        0.0002564890  -0.0017861664  -0.0001885002  -0.0001849391   0.0009479006
        0.0002288053  -0.0000032956  -0.0003606909  -0.0002931534   0.0004005170
       -0.0001040648  -0.0000395417   0.0000428677  -0.0002969291  -0.0002269565
        0.0002371992   0.0015775756   0.0000161599   0.0007049644  -0.0049599504
       -0.0012138788   0.0031731635  -0.0011763128   0.0020381467  -0.0045480182
       -0.0007362196   0.0018146143  -0.0052036904   0.0022712482  -0.0011426813
        0.0027130987  -0.0005470132   0.0002753480  -0.0027393663   0.0000654891
        0.0001134952   0.0000627266   0.0000025042   0.0001915790  -0.0016739999
        0.0004229568  -0.0000645857  -0.0002705362  -0.0004392043   0.0006849516
       -0.0023364804  -0.0011984776  -0.0006686357   0.0010329195   0.0000423000
       -0.0000145686   0.0001297128   0.0000468582  -0.0000135542   0.0000312593
       -0.0000277374  -0.0000399770  -0.0000037340  -0.0000044686  -0.0000051568
       -0.0000062025  -0.0000528452  -0.0000404748   0.0000543803  -0.0003638398
       -0.0005539574   0.0000970184
        0.0024605595   0.0045563224  -0.0053258954  -0.0640600981  -0.0120608238
        0.0085220173  -0.2563519495   0.0004334229   0.0109884129   0.6308529971
        0.0075826382  -0.0278923572  -0.1230569150  -0.1126187546  -0.0101218861
       -0.0371933130  -0.0259094385  -0.0000470898   0.0081501904   0.0004187934
       -0.0005685910  -0.0391023836   0.0242357378   0.0039801351  -0.1270178895
        0.1139795473   0.0197330723   0.0050956808  -0.0024510289   0.0032931640
       -0.0001629113  -0.0003699243  -0.0004160875   0.0008919826   0.0004728483
       -0.0006272634  -0.0002932810  -0.0000283357  -0.0000329393   0.0003673910
        0.0003105076  -0.0004258538  -0.0001850420  -0.0000505865   0.0000339049
        0.0000043843  -0.0001064415   0.0001577887  -0.0001485258  -0.0003494681
        0.0004054928   0.0007804833  -0.0000644896   0.0005061354  -0.0035517348
       -0.0009514658   0.0014480414  -0.0002252078  -0.0001513367  -0.0007386518
       -0.0000415178   0.0007624474  -0.0007544333   0.0009133818   0.0000172371
       -0.0003828257   0.0066968341   0.0128693441   0.0021247794  -0.0055775547
        0.0000170348   0.0008953958   0.0010653466   0.0000583114  -0.0001706965
       -0.0054309291  -0.0003686458   0.0007254936   0.0056287507  -0.0116530927
       -0.0033922828  -0.0008585732   0.0010943219  -0.0013458160   0.0001352046
       -0.0000333979   0.0001136188   0.0000156806  -0.0000495089   0.0000596328
        0.0001377679   0.0000101549  -0.0000103965   0.0001006792   0.0000490112
       -0.0000587002  -0.0000371438   0.0001179202  -0.0001714123  -0.0000023446
        0.0002311382  -0.0005039065
       -0.0007730918  -0.0056359188  -0.0029245797  -0.0160937185  -0.0028825341
        0.0033979541   0.0108152035  -0.0615290214  -0.0030286439   0.0075826382
        0.6150640689   0.0389568670  -0.0529049428  -0.2523531662  -0.0139280364
       -0.0806908876   0.0259962703   0.0077603494   0.0005909714  -0.0646447113
       -0.0058210297   0.0795440717   0.0290183721  -0.0003365044   0.0529689300
       -0.2431007902  -0.0229192998  -0.0013102894   0.0113054309   0.0064509632
        0.0000585733  -0.0000701761  -0.0005012805   0.0001429113  -0.0002764683
       -0.0002199698  -0.0000633142  -0.0000025388   0.0000557733   0.0000385456
        0.0001229450   0.0000845369  -0.0000137039  -0.0000291730   0.0000264444
       -0.0000373905   0.0001812017   0.0000684380   0.0000559440  -0.0000774884
       -0.0000818963   0.0001400639  -0.0013563088  -0.0009545767  -0.0000260648
        0.0003910925   0.0003811403  -0.0004487336   0.0002464642  -0.0009216105
        0.0003613585  -0.0007317742   0.0012529367  -0.0000330346   0.0003230582
        0.0003263084  -0.0106194120  -0.0264879591  -0.0021821010   0.0002859447
        0.0015609543  -0.0009761143  -0.0000093786  -0.0006511338  -0.0004167592
       -0.0006033436   0.0015905266  -0.0005089141   0.0111807968  -0.0264435708
       -0.0034614176  -0.0000921345   0.0001531208   0.0001508119   0.0000080160
        0.0000449284   0.0000402271   0.0000056613   0.0000108765   0.0000046564
        0.0000006540  -0.0000274801  -0.0000196062  -0.0000006674   0.0000033930
        0.0000027989   0.0000067456  -0.0000447189  -0.0000169295  -0.0000669219
        0.0003322289   0.0002590636
        0.0026375674  -0.0018596000   0.0000966194   0.0271555505   0.0017856212
       -0.0040022968  -0.0177818244  -0.0002248345  -0.0518319748  -0.0278923572
        0.0389568670   0.1490909089  -0.0004483491  -0.0080432704  -0.0497901858
       -0.0061366182   0.0028123001  -0.0014041161   0.0000238374  -0.0046975875
       -0.0064533721   0.0080593176   0.0010538191  -0.0023677023   0.0122364246
       -0.0281940770  -0.0519499790   0.0006057346   0.0055207057   0.0003978497
       -0.0008568127  -0.0002939967   0.0000568877   0.0001592387  -0.0000529091
       -0.0001694738  -0.0001368979  -0.0000475413   0.0000415153   0.0000550724
        0.0000346419   0.0000353261  -0.0000173162  -0.0000277626   0.0000256796
       -0.0000253125   0.0000885233   0.0000088865   0.0000736955  -0.0000238653
       -0.0000342239   0.0000571623  -0.0004487215  -0.0004816242   0.0008639553
        0.0002657462   0.0002740860   0.0002685212   0.0001889829  -0.0005182524
        0.0003220083  -0.0000617822   0.0003065873   0.0000259035  -0.0001315065
       -0.0008139926  -0.0013281646  -0.0030743729   0.0014428690   0.0003939567
       -0.0006479823   0.0082569247  -0.0000300366  -0.0000827690   0.0004024998
        0.0008625783  -0.0007293771   0.0081578070   0.0009088955  -0.0022746346
        0.0010825211   0.0000473111   0.0000269882   0.0001415197  -0.0000881093
        0.0000334268  -0.0000434173  -0.0000154638  -0.0000050366  -0.0000247933
       -0.0000119606  -0.0000158560  -0.0000166931  -0.0000103513   0.0000108230
        0.0000079458   0.0000021405   0.0000003037  -0.0000028320   0.0000207028
        0.0001587341   0.0000784960
        0.0001907290  -0.0014435579   0.0002882318   0.0015307138   0.0007888440
       -0.0044562732  -0.0469330859  -0.0355990752  -0.0007065845  -0.1230569150
       -0.0529049428  -0.0004483491   0.6750833853  -0.0136774904  -0.0283356259
       -0.3422203010  -0.0413438666   0.0106622613  -0.0387550853   0.0820157375
        0.0098863169  -0.0453553536  -0.0311027573  -0.0003908865   0.0522700166
       -0.0217530879  -0.0053404210  -0.0023827990   0.0020135937   0.0017737512
        0.0000516990  -0.0000578404   0.0002626243  -0.0000191030  -0.0001644242
        0.0001064664   0.0000265276  -0.0000356221   0.0000781735  -0.0000199030
       -0.0000735823   0.0001701381   0.0000460354  -0.0000030831   0.0000163008
       -0.0000187023   0.0000906414  -0.0000628456   0.0000275166   0.0001326074
       -0.0002255859  -0.0003183644  -0.0003271396  -0.0002359571   0.0004113585
        0.0004797884  -0.0005390740   0.0001935457   0.0000263054   0.0000778741
        0.0000522420  -0.0002318421   0.0003473912   0.0000288629  -0.0000705151
        0.0004670010  -0.1111548399   0.1111882897   0.0142799147  -0.0179731967
       -0.0031854704   0.0006265812  -0.0006458909   0.0027926343   0.0005776729
       -0.0001307805  -0.0006845286  -0.0001928356  -0.0007730314   0.0032820745
        0.0008937421   0.0000651332  -0.0002173982   0.0003348039  -0.0000789864
        0.0000403621  -0.0000587648  -0.0000253747   0.0000296685  -0.0000407631
       -0.0000613445  -0.0000063754  -0.0000063375  -0.0000584155  -0.0000190568
        0.0000269217   0.0000118079  -0.0000371645   0.0000444349  -0.0000081006
        0.0000582738   0.0001197020
        0.0000325815   0.0000024770   0.0002493539   0.0050300171   0.0015998577
       -0.0015050589  -0.0250436507  -0.0036539473  -0.0028558068  -0.1126187546
       -0.2523531662  -0.0080432704  -0.0136774904   0.6324143057   0.0486572057
        0.0344173816  -0.0931481445  -0.0067646035   0.0236307137   0.0267398384
        0.0013644686  -0.0263113781  -0.0137033208   0.0006651107   0.0251824904
       -0.0583213432  -0.0067337872  -0.0008313705  -0.0001938619  -0.0004014675
        0.0002668899   0.0000550128  -0.0000075252  -0.0001029058  -0.0000715528
        0.0000843454   0.0000636217   0.0000236534   0.0000132595  -0.0000654459
       -0.0000268397   0.0000251324   0.0000222889   0.0000077824  -0.0000102923
       -0.0000031066  -0.0000074528   0.0000025504   0.0000286149   0.0000157138
       -0.0000230461  -0.0001491760   0.0000316392   0.0000006531   0.0004214975
        0.0001385674  -0.0001709361   0.0003088345  -0.0000165094   0.0000646443
       -0.0000280198  -0.0000782313   0.0000145357  -0.0001477380  -0.0002083642
        0.0007278707   0.1111259771  -0.2289062840  -0.0245608050  -0.0268824835
       -0.0028431555   0.0010370446   0.0033091770  -0.0039035946  -0.0011615296
       -0.0006525540   0.0006378901  -0.0000464261   0.0026695598  -0.0040935100
       -0.0009666248   0.0000457485  -0.0000919849   0.0002701691  -0.0000046713
       -0.0000081294   0.0000064026   0.0000083656   0.0000035654   0.0000098590
       -0.0000027843   0.0000010871   0.0000055097  -0.0000026489   0.0000004968
        0.0000006716  -0.0000066598  -0.0000041323   0.0000057837  -0.0000329215
       -0.0000383624   0.0000466089
       -0.0000163573  -0.0002458743   0.0002293387  -0.0000675640  -0.0011345740
        0.0004140314   0.0031765157   0.0027671333   0.0031541573  -0.0101218861
       -0.0139280364  -0.0497901858  -0.0283356259   0.0486572057   0.1129101689
        0.0158189748  -0.0020307643  -0.0439302767   0.0045785096  -0.0021097282
        0.0010397926  -0.0006225760   0.0003800942  -0.0047308535   0.0005778345
       -0.0054701421   0.0012285763   0.0004386368  -0.0000452590  -0.0000170727
        0.0000267642   0.0000359121  -0.0001801226   0.0000612803  -0.0000241544
        0.0000461620  -0.0000568029  -0.0000130029  -0.0000009397   0.0000427864
       -0.0000192551   0.0000302391  -0.0000072801  -0.0000093281   0.0000165771
       -0.0000019379   0.0000128011  -0.0000203583  -0.0000025238   0.0000295656
       -0.0000270437   0.0000179184   0.0000241783   0.0000299879  -0.0000676027
       -0.0000223812   0.0000476737  -0.0000510409  -0.0000428053   0.0001424871
        0.0001066188  -0.0000527178   0.0001160722   0.0001603494   0.0000212318
        0.0000534941   0.0146011484  -0.0242238698  -0.0354441358  -0.0016046130
       -0.0002314837   0.0007379722   0.0007014009  -0.0012300344   0.0071309093
       -0.0000732596   0.0001298941  -0.0002254507   0.0007084104  -0.0012328472
        0.0069547381   0.0000357638   0.0000254532   0.0000344198   0.0000075799
        0.0000174131   0.0000082009  -0.0000014502   0.0000119954  -0.0000016344
       -0.0000127349   0.0000030865   0.0000059423  -0.0000109046  -0.0000073599
        0.0000081375   0.0000039159  -0.0000161499   0.0000135468  -0.0000102484
       -0.0000261961   0.0000154484
        0.0001266971   0.0003253181  -0.0006801806  -0.0034128654  -0.0011546905
        0.0004560609   0.0069321979   0.0000478803   0.0021718940  -0.0371933130
       -0.0806908876  -0.0061366182  -0.3422203010   0.0344173816   0.0158189748
        0.6606707726   0.0098139716  -0.0255221021  -0.1551002997   0.0620683293
        0.0115445519   0.0581792087   0.0317060829  -0.0005419256  -0.0470130803
        0.0248740826   0.0054504760   0.0005124787   0.0002145198   0.0002968747
       -0.0000004252   0.0000098809  -0.0000790816   0.0000899191   0.0000514748
       -0.0000912852  -0.0000348997  -0.0000049176  -0.0000085758   0.0000315286
        0.0000393281  -0.0000628180  -0.0000254903  -0.0000044306  -0.0000002737
       -0.0000028607  -0.0000094695   0.0000275973   0.0000059942  -0.0000361432
        0.0000522119   0.0000845721  -0.0000336278   0.0000121381  -0.0002189961
       -0.0000789235   0.0001918458  -0.0001649401   0.0000012847  -0.0001931377
        0.0001182298   0.0002033674  -0.0000933986  -0.0000847792  -0.0002574406
       -0.0001902085  -0.0179287348   0.0023253754   0.0009039289  -0.1036314466
       -0.1069739578  -0.0066728989  -0.0190001942   0.0257598909   0.0033968293
       -0.0004130840  -0.0034492126   0.0001356121  -0.0002136714   0.0007694577
       -0.0000358840  -0.0001099760   0.0000394866  -0.0000865082   0.0000030558
       -0.0000188463   0.0000148396   0.0000014303  -0.0000161849   0.0000065778
        0.0000182127  -0.0000026103  -0.0000020461   0.0000126943   0.0000106953
       -0.0000075219  -0.0000080707   0.0000184178  -0.0000199322  -0.0000095634
        0.0000351171  -0.0000560162
        0.0000848266   0.0000130534  -0.0000534565  -0.0009942716   0.0000454513
       -0.0000103865  -0.0026244078  -0.0062529769  -0.0010462326  -0.0259094385
        0.0259962703   0.0028123001  -0.0413438666  -0.0931481445  -0.0020307643
        0.0098139716   0.6582924811   0.0520993553   0.1409248485  -0.2632710525
       -0.0280370881  -0.0279910134  -0.0678984577  -0.0046471134   0.0299818305
       -0.0116676169  -0.0030956746  -0.0001765568   0.0004924046   0.0004505498
       -0.0000258295   0.0000215694   0.0000102877  -0.0000031654  -0.0000080839
       -0.0000190809  -0.0000155649  -0.0000101738   0.0000183514   0.0000027619
        0.0000273913   0.0000043848  -0.0000095679  -0.0000033097   0.0000047378
       -0.0000114683   0.0000035180   0.0000138953   0.0000069645  -0.0000002232
       -0.0000077026   0.0000092658  -0.0000943631  -0.0000557010  -0.0000149282
        0.0000212976  -0.0000229349   0.0000813865  -0.0000209046   0.0000220476
       -0.0000332960   0.0000288119  -0.0000179289  -0.0001118680  -0.0000038162
        0.0001319325   0.0262752495  -0.0018044474  -0.0011897071  -0.1070903678
       -0.2365078835  -0.0142668730   0.0014510146  -0.0006027258  -0.0001471313
       -0.0028347130  -0.0042704710  -0.0010078533   0.0005777709   0.0006440599
        0.0000188959  -0.0000079878  -0.0000385557   0.0000441388  -0.0000025667
        0.0000085949   0.0000130393  -0.0000026688   0.0000075849   0.0000110890
        0.0000005325   0.0000024668   0.0000018716  -0.0000027903   0.0000000781
       -0.0000063687  -0.0000010237  -0.0000111124  -0.0000056530  -0.0000030621
        0.0000092851   0.0000107737
       -0.0001785534   0.0006764680   0.0001392075  -0.0015413568  -0.0004010684
        0.0007385062  -0.0000270413  -0.0019248386   0.0062398754  -0.0000470898
        0.0077603494  -0.0014041161   0.0106622613  -0.0067646035  -0.0439302767
       -0.0255221021   0.0520993553   0.1220174449   0.0193168950  -0.0240285516
       -0.0506924695  -0.0055794374  -0.0081121515   0.0007392709   0.0047920849
       -0.0018358493  -0.0054097053  -0.0000240495  -0.0005575751  -0.0000683952
        0.0001030578   0.0000414008  -0.0000326135  -0.0000197138  -0.0000136030
       -0.0000133839   0.0000181997   0.0000048236  -0.0000224253  -0.0000092760
        0.0000023568  -0.0000220641   0.0000014577  -0.0000002075  -0.0000162813
       -0.0000031954  -0.0000115512   0.0000133501  -0.0000140957   0.0000039236
        0.0000231796   0.0000105559   0.0000395072   0.0000537681  -0.0001112703
       -0.0000237585   0.0000121035   0.0000613665  -0.0000249365   0.0001335338
       -0.0000785245   0.0000657226  -0.0001304256   0.0000384554   0.0000251363
        0.0000156034   0.0035759156  -0.0003731840  -0.0002405507  -0.0067703580
       -0.0142238732  -0.0354425449   0.0011687820  -0.0014513940  -0.0002668531
        0.0001096095  -0.0009554335   0.0077846231   0.0000411947   0.0000207491
       -0.0001699921   0.0000049020  -0.0000031232  -0.0000179408   0.0000155105
       -0.0000201201  -0.0000041290   0.0000076683  -0.0000126699  -0.0000059794
        0.0000067551  -0.0000038649  -0.0000101239   0.0000015639   0.0000092381
       -0.0000061974  -0.0000039682   0.0000091204   0.0000019992  -0.0000062036
       -0.0000157938  -0.0000059978
       -0.0001762096  -0.0003165916   0.0002002416   0.0016966392   0.0002767761
        0.0001877656  -0.0051422177   0.0002844784  -0.0016319194   0.0081501904
        0.0005909714   0.0000238374  -0.0387550853   0.0236307137   0.0045785096
       -0.1551002997   0.1409248485   0.0193168950   0.6727368595   0.0042983108
       -0.0285227865  -0.1507141139  -0.1403048936  -0.0083802410  -0.0361392934
       -0.0255562190  -0.0001146188  -0.0000865762   0.0001356531  -0.0000436317
        0.0000512906   0.0000373257  -0.0000200473  -0.0000334662  -0.0000082920
        0.0000369720  -0.0000065381   0.0000033311   0.0000046474  -0.0000144257
       -0.0000008268   0.0000182079  -0.0000072613   0.0000029651   0.0000006733
       -0.0000196438  -0.0000065647  -0.0000002818   0.0000051373   0.0000053163
       -0.0000124813  -0.0000501143  -0.0000159903  -0.0000266293   0.0001462322
        0.0000434558  -0.0000711251   0.0000279175   0.0000185929  -0.0000376749
        0.0000875269   0.0000254254   0.0000449846  -0.0001498725  -0.0000599440
        0.0000218996  -0.0057712253   0.0000620099   0.0006088293   0.0066999971
       -0.0122705937  -0.0015227588  -0.2983431091  -0.0044225674   0.0134777212
        0.0066777019   0.0131171265   0.0009124916  -0.0057664157  -0.0004158802
        0.0007912377   0.0000266839  -0.0000663340   0.0001298769  -0.0000151253
        0.0000063570   0.0000135179  -0.0000021658   0.0000078935   0.0000124738
       -0.0000058263   0.0000033513   0.0000055226  -0.0000050982  -0.0000050373
       -0.0000065986  -0.0000011624  -0.0000132269  -0.0000050194  -0.0000009305
       -0.0000119410   0.0000095089
       -0.0000609119  -0.0001680848  -0.0001479604  -0.0001187725  -0.0002178971
        0.0003016648   0.0010542310   0.0024865038  -0.0000285498   0.0004187934
       -0.0646447113  -0.0046975875   0.0820157375   0.0267398384  -0.0021097282
        0.0620683293  -0.2632710525  -0.0240285516   0.0042983108   0.6408710927
        0.0513252788  -0.0614612700  -0.2715971455  -0.0205119525  -0.0842058266
        0.0226209522   0.0081134579   0.0000893245   0.0001684074   0.0000352825
       -0.0000865127  -0.0000247943   0.0000480877   0.0000161432   0.0000085437
       -0.0000204299   0.0000001910  -0.0000068113  -0.0000086192   0.0000124944
        0.0000002867  -0.0000013166   0.0000000089  -0.0000048658  -0.0000027536
        0.0000003803   0.0000034563  -0.0000002209  -0.0000023102   0.0000034011
        0.0000116983   0.0000095593   0.0000010758  -0.0000169557   0.0000010816
        0.0000046183   0.0000264733  -0.0001574480   0.0000599510  -0.0000858491
        0.0001349628   0.0001312045  -0.0000186039  -0.0000399420  -0.0001520896
       -0.0001887396  -0.0006542119   0.0016522600  -0.0009078973   0.0118745460
       -0.0261434957  -0.0031691254  -0.0044675143  -0.0440448203  -0.0008863037
       -0.0110363631  -0.0261353743  -0.0021238796   0.0003327354   0.0016554175
       -0.0007881878  -0.0000430446  -0.0000182327  -0.0000579449  -0.0000099705
       -0.0000014099  -0.0000155484  -0.0000039839  -0.0000054377  -0.0000089436
       -0.0000012176  -0.0000038048  -0.0000041092  -0.0000012519   0.0000018965
       -0.0000009588   0.0000038206   0.0000068512  -0.0000069802   0.0000199016
        0.0000242704  -0.0000242454
       -0.0000280612  -0.0000286401   0.0000135181  -0.0000270771   0.0000059560
       -0.0000269858   0.0002389046   0.0001104784  -0.0001964819  -0.0005685910
       -0.0058210297  -0.0064533721   0.0098863169   0.0013644686   0.0010397926
        0.0115445519  -0.0280370881  -0.0506924695  -0.0285227865   0.0513252788
        0.1181089290  -0.0005242258  -0.0150936809  -0.0482807648  -0.0064015508
        0.0037326472   0.0021793616   0.0000157609   0.0000238209   0.0000127525
       -0.0000069846   0.0000067295   0.0000129484   0.0000024982   0.0000089205
        0.0000074734   0.0000009287   0.0000061824   0.0000046574   0.0000000609
        0.0000108554   0.0000124713  -0.0000002236   0.0000041069   0.0000054116
       -0.0000019548  -0.0000021346  -0.0000017494  -0.0000005479  -0.0000043612
       -0.0000031115   0.0000012547  -0.0000024604  -0.0000013710  -0.0000004757
       -0.0000067918   0.0000025975  -0.0000206401  -0.0000096919   0.0000032022
        0.0000257131   0.0000045869  -0.0000196029  -0.0000141754  -0.0000354841
       -0.0000191406   0.0006320293  -0.0005905629   0.0080235934   0.0008546415
       -0.0019784864   0.0005792560   0.0135267281  -0.0009638995  -0.0327066195
       -0.0014262609  -0.0033924464   0.0004995719   0.0008158772  -0.0006515939
        0.0078886562  -0.0000037271   0.0000094080  -0.0000023776  -0.0000057477
        0.0000187365   0.0000115800  -0.0000007026   0.0000145253   0.0000109265
       -0.0000009559   0.0000061177   0.0000043878   0.0000022434  -0.0000086251
       -0.0000027919   0.0000061462  -0.0000156679  -0.0000065542   0.0000010332
       -0.0000101742  -0.0000076948
        0.0004368252   0.0005656548  -0.0004309093  -0.0027880578  -0.0004218894
       -0.0001770212   0.0046936060   0.0000913246   0.0027877039  -0.0391023836
        0.0795440717   0.0080593176  -0.0453553536  -0.0263113781  -0.0006225760
        0.0581792087  -0.0279910134  -0.0055794374  -0.1507141139  -0.0614612700
       -0.0005242258   0.6584854369  -0.0028583156  -0.0299670875  -0.3390069993
       -0.0431236385   0.0112784931   0.0004193814  -0.0005385770  -0.0000690124
        0.0001072612   0.0000129081  -0.0001432855   0.0000507316   0.0000317983
       -0.0000400318  -0.0000343093   0.0000125524  -0.0000176030   0.0000226347
        0.0000335329  -0.0000601754  -0.0000282786  -0.0000016902  -0.0000037437
       -0.0000025044  -0.0000236746   0.0000302165  -0.0000013467  -0.0000499253
        0.0000698483   0.0000529161   0.0000408369   0.0000764047  -0.0001978837
       -0.0001326254   0.0001781036   0.0002265161  -0.0000841610   0.0000111809
       -0.0001857253   0.0000078017  -0.0001433082  -0.0001868666   0.0002831470
        0.0003999192  -0.0001425015  -0.0008104431   0.0001989249  -0.0005712000
        0.0034425022   0.0007550791  -0.0184391710  -0.0264418312  -0.0017671361
       -0.1085585544   0.1089507702   0.0145865288  -0.0173338999  -0.0028425394
        0.0011410347  -0.0000113039   0.0000686871  -0.0000000598   0.0000165893
       -0.0000183257   0.0000267786   0.0000062937  -0.0000123555   0.0000122672
        0.0000191140   0.0000002527  -0.0000004269   0.0000136098   0.0000131565
       -0.0000098020  -0.0000180189   0.0000216467  -0.0000178956  -0.0000516523
        0.0000030097  -0.0000380635
       -0.0000118834  -0.0004816972  -0.0001365902   0.0007143464  -0.0004148859
        0.0000668407   0.0020811563  -0.0047710961  -0.0013928747   0.0242357378
        0.0290183721   0.0010538191  -0.0311027573  -0.0137033208   0.0003800942
        0.0317060829  -0.0678984577  -0.0081121515  -0.1403048936  -0.2715971455
       -0.0150936809  -0.0028583156   0.6584067790   0.0548010244   0.0328560509
       -0.0927377944  -0.0068285171   0.0000622633   0.0007474934   0.0001860141
        0.0000237179  -0.0000255462  -0.0000406444   0.0000208071  -0.0000119456
       -0.0000146332   0.0000080853   0.0000065044  -0.0000169415   0.0000053425
        0.0000001178   0.0000041312   0.0000070242   0.0000012321  -0.0000029893
        0.0000087051   0.0000186146   0.0000060952  -0.0000031185  -0.0000026295
        0.0000088336   0.0000122464  -0.0000647623  -0.0000531732   0.0000408610
        0.0000011975   0.0000594138  -0.0000312818   0.0000353798   0.0000063471
        0.0000388495  -0.0000885073   0.0000329137   0.0000586245   0.0000794190
       -0.0000643905  -0.0006063484   0.0005517670   0.0001959200   0.0028546323
       -0.0040612259  -0.0012098950  -0.0020880472  -0.0014885835  -0.0002567503
        0.1091484180  -0.2288270345  -0.0250520322  -0.0268688680  -0.0027692929
        0.0014936036  -0.0000032771   0.0000296656  -0.0000260118  -0.0000007055
        0.0000049384  -0.0000037262   0.0000021361   0.0000005939  -0.0000055994
       -0.0000017980   0.0000017563  -0.0000022237  -0.0000015209   0.0000069501
        0.0000054171   0.0000013964   0.0000072182  -0.0000005448  -0.0000036687
        0.0000259259   0.0000129023
       -0.0000130338  -0.0001753498  -0.0004888198  -0.0016705148   0.0001172279
        0.0004000661   0.0026368465  -0.0016342626   0.0073974131   0.0039801351
       -0.0003365044  -0.0023677023  -0.0003908865   0.0006651107  -0.0047308535
       -0.0005419256  -0.0046471134   0.0007392709  -0.0083802410  -0.0205119525
       -0.0482807648  -0.0299670875   0.0548010244   0.1220860346   0.0200766627
       -0.0027976181  -0.0444793040  -0.0001248206  -0.0002363148   0.0000311920
        0.0000637991  -0.0000148787   0.0000135105  -0.0000077813   0.0000066364
        0.0000115464   0.0000143072   0.0000002908   0.0000023424  -0.0000014601
       -0.0000082357   0.0000007429   0.0000006005   0.0000013670  -0.0000001731
       -0.0000006971  -0.0000001591  -0.0000113477  -0.0000015336   0.0000047837
       -0.0000051324  -0.0000133224   0.0000340389   0.0000188821  -0.0000303357
       -0.0000133464  -0.0000325947  -0.0000245052   0.0000245899  -0.0000467245
        0.0000381623  -0.0000406737   0.0000373339   0.0000862571   0.0000749876
       -0.0000613363  -0.0000419588   0.0001097826  -0.0001801944   0.0007108635
       -0.0013107122   0.0076029052   0.0007828186   0.0012644949   0.0000017591
        0.0146644974  -0.0250961556  -0.0374984150  -0.0018219313  -0.0002949993
       -0.0000914100  -0.0000296697   0.0000158632  -0.0000553138   0.0000028239
       -0.0000064986  -0.0000048732   0.0000027294  -0.0000073969  -0.0000071327
        0.0000001612  -0.0000003790  -0.0000039024   0.0000020803   0.0000005485
        0.0000020285   0.0000042156   0.0000050952   0.0000029359  -0.0000052557
        0.0000067091  -0.0000019689
       -0.0000085875   0.0002817713   0.0012221894   0.0050792752   0.0053233739
       -0.0042495704  -0.0500845049   0.0305534930   0.0047906038  -0.1270178895
        0.0529689300   0.0122364246   0.0522700166   0.0251824904   0.0005778345
       -0.0470130803   0.0299818305   0.0047920849  -0.0361392934  -0.0842058266
       -0.0064015508  -0.3390069993   0.0328560509   0.0200766627   0.6687618526
        0.0197768906  -0.0276259676  -0.0016020927  -0.0023726287  -0.0007257716
       -0.0001193170  -0.0000887244   0.0004198516  -0.0000763901  -0.0000799212
        0.0001833069   0.0000415742  -0.0000418018   0.0000703358  -0.0000257867
       -0.0001237587   0.0001438899   0.0000518603   0.0000003010   0.0000155480
       -0.0000039844   0.0000145612  -0.0000944677   0.0000106493   0.0001618495
       -0.0001958646  -0.0003601220   0.0002218629   0.0001435582   0.0004268757
        0.0002649103  -0.0007179269   0.0000654697  -0.0000258234   0.0000810725
        0.0000419934   0.0000339330  -0.0000292336  -0.0001906791  -0.0001819587
        0.0007628946  -0.0008107950  -0.0031919896  -0.0001971826  -0.0002006020
        0.0006787843   0.0000019152  -0.0004491006  -0.0027685382   0.0004042304
       -0.0187102350   0.0026566758   0.0014980700  -0.1048540883  -0.1075519861
       -0.0074380262   0.0001185777  -0.0002613888   0.0002735947  -0.0000862679
        0.0000263081  -0.0000740563  -0.0000304536   0.0000273980  -0.0000384265
       -0.0000639096   0.0000016344   0.0000061221  -0.0000580052  -0.0000287945
        0.0000283113   0.0000150148  -0.0000261759   0.0000499972   0.0000290245
       -0.0000637327   0.0000095465
        0.0001423863   0.0001180873  -0.0000902446  -0.0059306427  -0.0014385624
        0.0009429594   0.0237765967  -0.0007307999   0.0026143591   0.1139795473
       -0.2431007902  -0.0281940770  -0.0217530879  -0.0583213432  -0.0054701421
        0.0248740826  -0.0116676169  -0.0018358493  -0.0255562190   0.0226209522
        0.0037326472  -0.0431236385  -0.0927377944  -0.0027976181   0.0197768906
        0.6301614072   0.0522638389   0.0006431133  -0.0007322754   0.0000825303
       -0.0001538560  -0.0000947100  -0.0000292149   0.0000763045   0.0000468320
       -0.0000591972  -0.0000589439  -0.0000148260   0.0000005105   0.0000590371
        0.0000131064  -0.0000298555  -0.0000193986  -0.0000139879   0.0000114279
        0.0000118644  -0.0000179633   0.0000029105  -0.0000269635  -0.0000245045
        0.0000191348   0.0001091972   0.0000834061   0.0001154251  -0.0004791626
       -0.0001231404   0.0001579063   0.0000041278  -0.0000705772  -0.0001523984
       -0.0003195734  -0.0001239738   0.0000897311   0.0002790935   0.0005192449
       -0.0006424501  -0.0025752153  -0.0042253982  -0.0009387480   0.0006500467
        0.0006626707   0.0001970618  -0.0032727761  -0.0040950532  -0.0009176266
        0.0264038206  -0.0019561759  -0.0018155000  -0.1075751439  -0.2349373150
       -0.0170004266   0.0000478193   0.0001638603  -0.0002092520   0.0000218502
        0.0000117871  -0.0000003915  -0.0000028800   0.0000049221  -0.0000053216
        0.0000010164   0.0000055984  -0.0000046579  -0.0000033607   0.0000023363
       -0.0000032458  -0.0000059242   0.0000054921  -0.0000005800  -0.0000000083
        0.0000071048  -0.0000336455
        0.0004031118  -0.0000514485  -0.0001597992   0.0006748582   0.0022010781
       -0.0015068851  -0.0007028959  -0.0048912513   0.0048985600   0.0197330723
       -0.0229192998  -0.0519499790  -0.0053404210  -0.0067337872   0.0012285763
        0.0054504760  -0.0030956746  -0.0054097053  -0.0001146188   0.0081134579
        0.0021793616   0.0112784931  -0.0068285171  -0.0444793040  -0.0276259676
        0.0522638389   0.1139025771  -0.0004690481   0.0000324331   0.0001573795
        0.0002150627   0.0000442093   0.0000426309  -0.0000591661   0.0000231749
       -0.0000122303   0.0000675397   0.0000230374  -0.0000019532  -0.0000497613
        0.0000413896  -0.0000344073  -0.0000007444   0.0000148071  -0.0000096187
       -0.0000038849  -0.0000175250   0.0000366696   0.0000161921  -0.0000408918
        0.0000532739  -0.0000137316  -0.0000469145  -0.0000160169   0.0000607489
       -0.0000392437   0.0000106908   0.0002108069  -0.0000848856   0.0000500707
       -0.0002982071  -0.0000972458   0.0000282475   0.0005872306   0.0002058017
       -0.0003127752   0.0001598093  -0.0008000006   0.0071378605   0.0000576616
        0.0000827089  -0.0001708736   0.0000516285  -0.0010174666   0.0072855005
        0.0034553152  -0.0004271876   0.0006061894  -0.0077713477  -0.0159412000
       -0.0335653290  -0.0000080774   0.0000211474  -0.0000713958   0.0000313192
       -0.0000207843   0.0000401834   0.0000143162  -0.0000086937   0.0000288785
        0.0000234456   0.0000021152   0.0000075942   0.0000244613   0.0000050613
       -0.0000057032  -0.0000077150  -0.0000007081  -0.0000098521  -0.0000499625
       -0.0000115350   0.0000215836
       -0.0111210597   0.0046912892  -0.0102279543  -0.1786428544   0.0150074769
       -0.0482409847  -0.0637669532  -0.0163611165   0.0253571879   0.0050956808
       -0.0013102894   0.0006057346  -0.0023827990  -0.0008313705   0.0004386368
        0.0005124787  -0.0001765568  -0.0000240495  -0.0000865762   0.0000893245
        0.0000157609   0.0004193814   0.0000622633  -0.0001248206  -0.0016020927
        0.0006431133  -0.0004690481   0.6162342854   0.0649465666  -0.0203932480
       -0.0955119725   0.0363962118  -0.0604551087  -0.0144408048   0.0161326021
       -0.0270357447   0.0034397411  -0.0041790688   0.0081162060  -0.0005505380
       -0.0005482253   0.0005585741   0.0008776059  -0.0014284250   0.0022608938
       -0.0043509779   0.0011323458  -0.0027065130   0.0022973724   0.0032574436
       -0.0054363594  -0.0567171790  -0.0118619011   0.0083800675  -0.2030208636
       -0.0986606360   0.1199335264  -0.0005851772  -0.0001663970   0.0001380255
       -0.0006631412   0.0000913437  -0.0003220612  -0.0002577488   0.0003493329
       -0.0010822735   0.0000292662   0.0001318807   0.0000180979  -0.0001431926
       -0.0001019580  -0.0000642101  -0.0001062981   0.0000120684   0.0000170533
       -0.0001020592   0.0001076205   0.0000604731  -0.0000231365   0.0000895780
        0.0001154427   0.0050990902  -0.0106686091   0.0158604386  -0.0051291930
       -0.0002127554  -0.0025067813   0.0001466422   0.0000184667   0.0000113753
       -0.0000056283   0.0000383654   0.0000037955  -0.0005035726   0.0000292003
        0.0000304980   0.0000653580   0.0000581128  -0.0000692437   0.0054969163
        0.0032227022  -0.0027633870
        0.0100843510   0.0033344835   0.0052096942   0.0098455096  -0.0590813963
        0.0050859211  -0.0130874473  -0.0075902655  -0.0015791121  -0.0024510289
        0.0113054309   0.0055207057   0.0020135937  -0.0001938619  -0.0000452590
        0.0002145198   0.0004924046  -0.0005575751   0.0001356531   0.0001684074
        0.0000238209  -0.0005385770   0.0007474934  -0.0002363148  -0.0023726287
       -0.0007322754   0.0000324331   0.0649465666   0.2805026016  -0.2299576628
        0.0049427030  -0.1081430355   0.0876317150   0.0420422700   0.0037555129
        0.0036740002  -0.0136183438  -0.0158312356   0.0125759898   0.0092134926
        0.0014715745  -0.0009524080  -0.0018936208  -0.0049278093   0.0078068596
       -0.0076947997   0.0032892207  -0.0061632979   0.0115907338   0.0080338368
       -0.0010908904  -0.0350479499   0.0031563386  -0.0079048611  -0.0698455260
       -0.1124821571   0.0909245730   0.0002821247   0.0001250362   0.0006118890
       -0.0007141892   0.0004493398  -0.0005639208   0.0003937246   0.0001287377
        0.0024398312   0.0001328575   0.0000669454   0.0001204821   0.0001444322
        0.0000223195  -0.0000101830  -0.0000051767  -0.0000027537   0.0001273036
       -0.0002886588   0.0000458927   0.0000154985  -0.0000616439  -0.0000217446
        0.0002057651   0.0014078160  -0.0066926132   0.0127786105  -0.0004965523
        0.0070955807   0.0038637440   0.0000507801  -0.0000798374  -0.0001656746
       -0.0000182326   0.0000122619   0.0000480266   0.0000843208  -0.0005338409
       -0.0004452835   0.0001804071  -0.0000433364  -0.0000516107  -0.0095714803
       -0.0078472558   0.0110271902
       -0.0228415872   0.0043026119  -0.0092118844  -0.0368287141   0.0075544556
       -0.0745879499   0.0227410956  -0.0045943096   0.0040717655   0.0032931640
        0.0064509632   0.0003978497   0.0017737512  -0.0004014675  -0.0000170727
        0.0002968747   0.0004505498  -0.0000683952  -0.0000436317   0.0000352825
        0.0000127525  -0.0000690124   0.0001860141   0.0000311920  -0.0007257716
        0.0000825303   0.0001573795  -0.0203932480  -0.2299576628   0.4866039290
       -0.0131570427   0.0928085691  -0.1981615971  -0.0682531211  -0.0016410077
       -0.0087244294   0.0230092438   0.0145184141  -0.0242946755  -0.0145085062
       -0.0026169865   0.0014283137   0.0030394758   0.0080636272  -0.0114226768
        0.0112188548  -0.0046575415   0.0093822742  -0.0189285111  -0.0026572428
        0.0066636709   0.0439546039  -0.0048125572   0.0157607986   0.0775241884
        0.0863177034  -0.1643864761  -0.0005261182   0.0000877349   0.0002872504
       -0.0006025231   0.0003845280  -0.0005104243  -0.0018623589   0.0023468012
       -0.0042043125   0.0000170678  -0.0000218244  -0.0000202744   0.0001839918
        0.0000317836  -0.0000091068   0.0000087953   0.0000038111   0.0000124330
       -0.0000305628   0.0000023791  -0.0000169154  -0.0001036054   0.0000291306
        0.0000245047  -0.0015109486   0.0109063876  -0.0155821299  -0.0015885371
        0.0040004688   0.0034345066  -0.0000422414  -0.0001551862   0.0000622889
        0.0000180400   0.0000421836  -0.0000447687  -0.0001039572  -0.0004629991
       -0.0001523930  -0.0002395211  -0.0000774065  -0.0000731667   0.0152803731
        0.0134502620  -0.0168422606
       -0.0047691481  -0.0005231270  -0.0004677355  -0.0219661903   0.0130324235
       -0.0237351892  -0.0011935720   0.0032722760  -0.0048051335  -0.0001629113
        0.0000585733  -0.0008568127   0.0000516990   0.0002668899   0.0000267642
       -0.0000004252  -0.0000258295   0.0001030578   0.0000512906  -0.0000865127
       -0.0000069846   0.0001072612   0.0000237179   0.0000637991  -0.0001193170
       -0.0001538560   0.0002150627  -0.0955119725   0.0049427030  -0.0131570427
        0.7190767944   0.0513000696   0.0238689460  -0.3698454516   0.0305735546
       -0.1034635288  -0.0695870229  -0.0273924073   0.0297768983   0.0172433889
        0.0007939374   0.0009604105  -0.0049163219  -0.0082806629   0.0117663499
       -0.0084109520   0.0042978359  -0.0080738237   0.0099740970   0.0030144426
       -0.0028434629  -0.0265686632   0.0059844928  -0.0130273748   0.0410444870
        0.0018653605   0.0044567223   0.0001524114  -0.0001016405   0.0001084206
        0.0000876841  -0.0000165140   0.0000996979  -0.0005449483   0.0005588305
       -0.0014233406  -0.0000568876  -0.0000644933  -0.0000651456  -0.0000675926
       -0.0000353902   0.0000067414  -0.0000400422  -0.0000021049  -0.0000186855
       -0.0000539452   0.0000275885  -0.0000040146   0.0000135833  -0.0000207662
       -0.0000800240  -0.1709920491  -0.0821129004   0.1025724746  -0.0110924241
        0.0019486667  -0.0048536460   0.0003913621  -0.0000051906   0.0000889879
       -0.0001849474  -0.0001174298   0.0002449249   0.0000746998   0.0000416303
       -0.0000725577   0.0001957118   0.0001028682  -0.0000693846  -0.0023796860
       -0.0031670360   0.0026646289
       -0.0005545678   0.0018141660  -0.0001539662   0.0108359196   0.0001054068
        0.0023898339  -0.0015640622  -0.0008861343   0.0029281995  -0.0003699243
       -0.0000701761  -0.0002939967  -0.0000578404   0.0000550128   0.0000359121
        0.0000098809   0.0000215694   0.0000414008   0.0000373257  -0.0000247943
        0.0000067295   0.0000129081  -0.0000255462  -0.0000148787  -0.0000887244
       -0.0000947100   0.0000442093   0.0363962118  -0.1081430355   0.0928085691
        0.0513000696   0.2634598360  -0.2204156023  -0.0065054873  -0.0585019871
        0.0236097649  -0.0028267385   0.0083795548  -0.0113689587  -0.0093838707
        0.0014511521   0.0048166810   0.0010320204   0.0035731255  -0.0049048472
        0.0043255302  -0.0015841429   0.0037267740  -0.0060245898  -0.0019049263
        0.0016940938   0.0151711794  -0.0044020482   0.0015790889  -0.0215696140
       -0.0178896499   0.0257637239  -0.0000884705  -0.0001075283   0.0001958778
       -0.0001873709   0.0000754591  -0.0001315373  -0.0001117086   0.0000098181
        0.0000585652   0.0000063993  -0.0000242072  -0.0000191648  -0.0000250003
       -0.0000200297  -0.0000033009  -0.0000329007   0.0000085155  -0.0000071398
       -0.0000180732   0.0000344581  -0.0000027875   0.0000322998   0.0000711244
       -0.0000341221  -0.0822079431  -0.0882876550   0.0677034682   0.0149838338
       -0.0011112752   0.0052726371  -0.0000171241  -0.0001557464   0.0000702615
       -0.0000818715  -0.0006306267  -0.0003224415   0.0000665427   0.0000229346
        0.0000074601   0.0000146915  -0.0000458855  -0.0002353198  -0.0025089304
        0.0048279718   0.0051548127
       -0.0006507309   0.0001923309   0.0012467016  -0.0233410431   0.0024082370
       -0.0065757278   0.0045489912   0.0040183505  -0.0043757636  -0.0004160875
       -0.0005012805   0.0000568877   0.0002626243  -0.0000075252  -0.0001801226
       -0.0000790816   0.0000102877  -0.0000326135  -0.0000200473   0.0000480877
        0.0000129484  -0.0001432855  -0.0000406444   0.0000135105   0.0004198516
       -0.0000292149   0.0000426309  -0.0604551087   0.0876317150  -0.1981615971
        0.0238689460  -0.2204156023   0.4591085189  -0.0452948647   0.0303671556
       -0.0966684704  -0.0085054346  -0.0159261299   0.0240702992   0.0167212285
        0.0066443616  -0.0016759002  -0.0025431015  -0.0066596505   0.0100098447
       -0.0082915345   0.0037377980  -0.0068198090   0.0111109873   0.0032876953
       -0.0031597804  -0.0271556491  -0.0001487487  -0.0097601885   0.0395371227
        0.0297649367  -0.0374090091   0.0002812919   0.0000308666   0.0000286379
        0.0001415217   0.0000551113  -0.0001495962   0.0000478763   0.0001826029
       -0.0001830093   0.0000214954   0.0001214089   0.0000535539   0.0000455460
        0.0000504443   0.0000018317   0.0000530686   0.0000045101   0.0000051938
        0.0000523588  -0.0000492188  -0.0000001220  -0.0000662059  -0.0000424851
        0.0000210369   0.1024645586   0.0676929889  -0.1219287823  -0.0249000057
        0.0029780530  -0.0083352348   0.0001245704   0.0000490396  -0.0002035554
        0.0002502647  -0.0003157632  -0.0002872317  -0.0000878180   0.0000186988
       -0.0000038297   0.0000402539  -0.0001940292   0.0001644018   0.0019574409
        0.0050356123   0.0010743459
       -0.0004791204   0.0005223022  -0.0006485614   0.0069151331   0.0016356781
       -0.0027075363  -0.0016460819  -0.0015825750   0.0020032698   0.0008919826
        0.0001429113   0.0001592387  -0.0000191030  -0.0001029058   0.0000612803
        0.0000899191  -0.0000031654  -0.0000197138  -0.0000334662   0.0000161432
        0.0000024982   0.0000507316   0.0000208071  -0.0000077813  -0.0000763901
        0.0000763045  -0.0000591661  -0.0144408048   0.0420422700  -0.0682531211
       -0.3698454516  -0.0065054873  -0.0452948647   0.6846801782   0.0209950297
        0.0666044092  -0.1511959200  -0.0522696491   0.0631216176  -0.0642318386
       -0.0194236957   0.0183613206   0.0015994720   0.0127350106  -0.0202667183
        0.0106039355  -0.0062836807   0.0114756331  -0.0121604764  -0.0026827826
        0.0008874854   0.0417085896  -0.0106752253   0.0236836994  -0.0451849086
       -0.0122067766   0.0111704378  -0.0002289278   0.0000880265   0.0001080953
       -0.0001751194  -0.0001251757  -0.0000976006   0.0000177968   0.0000401971
       -0.0000493008  -0.0000150882   0.0000165437   0.0000076861  -0.0000011661
        0.0000018022  -0.0000066843  -0.0000008541   0.0000016230   0.0000048825
       -0.0000064320   0.0000025733   0.0000081771  -0.0000165153  -0.0000021469
        0.0000019095  -0.0236281765  -0.0002633085  -0.0037539079  -0.0629167539
        0.0345523401  -0.0583318016   0.0008629848  -0.0006035855   0.0014590229
       -0.0010732474  -0.0005803951   0.0007095607   0.0001257519   0.0001045823
        0.0001222557   0.0001660401   0.0003993202  -0.0005960184  -0.0003366731
       -0.0000829095   0.0001402968
        0.0008840352  -0.0001277819   0.0001131473   0.0013480937   0.0023223765
        0.0050784325  -0.0013505804  -0.0000656292  -0.0002259362   0.0004728483
       -0.0002764683  -0.0000529091  -0.0001644242  -0.0000715528  -0.0000241544
        0.0000514748  -0.0000080839  -0.0000136030  -0.0000082920   0.0000085437
        0.0000089205   0.0000317983  -0.0000119456   0.0000066364  -0.0000799212
        0.0000468320   0.0000231749   0.0161326021   0.0037555129  -0.0016410077
        0.0305735546  -0.0585019871   0.0303671556   0.0209950297   0.2679726435
       -0.2335254674  -0.0705448361  -0.1037599371   0.0674779353  -0.0140610649
       -0.0010092943   0.0001025458   0.0022644602   0.0082483911  -0.0030069413
        0.0031052686  -0.0019884552   0.0034089991  -0.0026668057   0.0018865516
        0.0059349985   0.0002569831  -0.0126771359   0.0215800143  -0.0094846696
       -0.0038502868  -0.0004862242  -0.0000442224  -0.0000016821  -0.0000959725
        0.0000071136   0.0000449487   0.0000028824   0.0000922106  -0.0001430476
        0.0001741219   0.0000209440   0.0000137988  -0.0000064687  -0.0000161363
       -0.0000148292  -0.0000111741  -0.0000183246  -0.0000011216  -0.0000033908
       -0.0000151149   0.0000141189   0.0000069678  -0.0000074002   0.0000187356
        0.0000146017  -0.0128723182   0.0010354562  -0.0021599540   0.0338506663
       -0.1007657458   0.1089171662   0.0013711067  -0.0009934975  -0.0012106934
        0.0002832992   0.0001666487   0.0000035001   0.0002484405  -0.0009521395
       -0.0007018702  -0.0004889850  -0.0003971881   0.0003309424  -0.0001668339
        0.0000832514  -0.0003863758
       -0.0011646067  -0.0001301785  -0.0003553794  -0.0020467402   0.0049119161
       -0.0024947888   0.0013169722  -0.0001155998   0.0002564890  -0.0006272634
       -0.0002199698  -0.0001694738   0.0001064664   0.0000843454   0.0000461620
       -0.0000912852  -0.0000190809  -0.0000133839   0.0000369720  -0.0000204299
        0.0000074734  -0.0000400318  -0.0000146332   0.0000115464   0.0001833069
       -0.0000591972  -0.0000122303  -0.0270357447   0.0036740002  -0.0087244294
       -0.1034635288   0.0236097649  -0.0966684704   0.0666044092  -0.2335254674
        0.4836781774   0.0911303186   0.0707395833  -0.1447477944   0.0102099960
       -0.0007448575   0.0037227940  -0.0042760387  -0.0012019463   0.0071028315
       -0.0029141926   0.0017783118  -0.0033359449   0.0008645100   0.0059154170
       -0.0027902581   0.0068325774   0.0195958439  -0.0278784858   0.0072083753
       -0.0009361783  -0.0002302031  -0.0000064012   0.0000363996   0.0001189818
        0.0000763443  -0.0001070512   0.0000816282  -0.0000752255   0.0000573593
       -0.0002658898  -0.0000248818  -0.0000182958  -0.0000255429   0.0000154142
        0.0000152188  -0.0000095021   0.0000215858  -0.0000064652  -0.0000025100
        0.0000239627  -0.0000249602   0.0000076608   0.0000081535  -0.0000200638
       -0.0000097643   0.0156221179   0.0000460402   0.0038214282  -0.0572095235
        0.1090189409  -0.2109266691  -0.0015849799  -0.0015811729   0.0001726184
       -0.0006206983  -0.0001748482   0.0002476343  -0.0000936871  -0.0007146813
       -0.0003447472   0.0007969399   0.0005053870  -0.0007507103   0.0002164071
       -0.0003534510   0.0004807526
       -0.0000117365  -0.0003056447   0.0002876282  -0.0045859763  -0.0010272473
        0.0012354860   0.0013141348   0.0013242810  -0.0017861664  -0.0002932810
       -0.0000633142  -0.0001368979   0.0000265276   0.0000636217  -0.0000568029
       -0.0000348997  -0.0000155649   0.0000181997  -0.0000065381   0.0000001910
        0.0000009287  -0.0000343093   0.0000080853   0.0000143072   0.0000415742
       -0.0000589439   0.0000675397   0.0034397411  -0.0136183438   0.0230092438
       -0.0695870229  -0.0028267385  -0.0085054346  -0.1511959200  -0.0705448361
        0.0911303186   0.6528473212   0.0465686844   0.0187974324  -0.2573668207
        0.0263352891  -0.0763159963  -0.0553120220  -0.0391075816   0.0499906825
       -0.0290854080   0.0165454307  -0.0293803803   0.0429226116   0.0008954719
        0.0059834470  -0.1166144446   0.0182636205  -0.0384473576   0.0020746413
        0.0182693257  -0.0275617455   0.0001072020   0.0000603150   0.0000564791
        0.0001279877  -0.0000976005   0.0000323353   0.0000246675  -0.0000365135
        0.0000845250   0.0000018176   0.0000359697   0.0000147560  -0.0000122243
        0.0000064901   0.0000128366  -0.0000025468   0.0000016403  -0.0000031357
       -0.0000087991  -0.0000042135  -0.0000107321  -0.0000042867  -0.0000249892
       -0.0000250847  -0.0046552293  -0.0004879174  -0.0019083501   0.0051120067
        0.0026313415  -0.0033103630  -0.0098012011   0.0022222697  -0.0053807520
       -0.0017301194  -0.0026030786   0.0019522446  -0.0000056654   0.0004386364
       -0.0006393888  -0.0024761671  -0.0028036053   0.0028404161  -0.0052156148
       -0.0000445309  -0.0020602181
        0.0001005452  -0.0000120420   0.0001345310  -0.0003140627  -0.0004782684
        0.0004244397  -0.0003028531   0.0000592765  -0.0001885002  -0.0000283357
       -0.0000025388  -0.0000475413  -0.0000356221   0.0000236534  -0.0000130029
       -0.0000049176  -0.0000101738   0.0000048236   0.0000033311  -0.0000068113
        0.0000061824   0.0000125524   0.0000065044   0.0000002908  -0.0000418018
       -0.0000148260   0.0000230374  -0.0041790688  -0.0158312356   0.0145184141
       -0.0273924073   0.0083795548  -0.0159261299  -0.0522696491  -0.1037599371
        0.0707395833   0.0465686844   0.2832432929  -0.2194722248   0.0073852149
       -0.0608233977   0.0149779353  -0.0129067545   0.0028499201  -0.0050296943
        0.0064027924  -0.0049267128  -0.0001304450  -0.0107611804  -0.0126952142
        0.0195271749   0.0176709929  -0.1117843733   0.0857084214   0.0304688370
        0.0034534792   0.0017969377   0.0000648123  -0.0000446938  -0.0000661936
        0.0000470432   0.0000669489   0.0000049846   0.0000152926  -0.0000168722
        0.0000018118  -0.0000039460  -0.0000008668  -0.0000020262  -0.0000110785
       -0.0000052307   0.0000004145  -0.0000052198  -0.0000042798  -0.0000015156
       -0.0000103853   0.0000008718   0.0000004477  -0.0000013385  -0.0000031652
       -0.0000053410   0.0000666909   0.0071581918   0.0041188928  -0.0092827044
       -0.0071273185   0.0114793295   0.0142251007  -0.0008589261   0.0056594811
       -0.0030676996   0.0055508608   0.0056821387   0.0003620260  -0.0000290063
       -0.0002583005  -0.0022025743   0.0031225916   0.0038975908  -0.0005723165
        0.0045207440   0.0024340523
       -0.0001628361   0.0000542794  -0.0000965561  -0.0003480910   0.0001644414
       -0.0005277888   0.0005781904   0.0000004208  -0.0001849391  -0.0000329393
        0.0000557733   0.0000415153   0.0000781735   0.0000132595  -0.0000009397
       -0.0000085758   0.0000183514  -0.0000224253   0.0000046474  -0.0000086192
        0.0000046574  -0.0000176030  -0.0000169415   0.0000023424   0.0000703358
        0.0000005105  -0.0000019532   0.0081162060   0.0125759898  -0.0242946755
        0.0297768983  -0.0113689587   0.0240702992   0.0631216176   0.0674779353
       -0.1447477944   0.0187974324  -0.2194722248   0.4752255099  -0.0473997500
        0.0182715803  -0.0882452268   0.0098584833  -0.0096048542   0.0174730836
       -0.0138475616   0.0016323721  -0.0106724471   0.0238004979   0.0214607429
       -0.0276179494  -0.0374029474   0.0859826454  -0.1959879714  -0.0465144523
       -0.0002420440  -0.0065213946  -0.0000797460   0.0000698210   0.0001054615
       -0.0000122848  -0.0001052471   0.0000171679  -0.0000158283   0.0000122375
       -0.0000006948  -0.0000010206  -0.0000124339  -0.0000098307   0.0000146494
        0.0000004892  -0.0000082224   0.0000065478  -0.0000051591   0.0000013445
        0.0000142770  -0.0000097493   0.0000065097  -0.0000029431  -0.0000121168
        0.0000141969  -0.0025136289   0.0041003425   0.0031959953   0.0149590023
        0.0135494888  -0.0167831279  -0.0237143438   0.0035604414  -0.0083862165
        0.0026800195   0.0057719292   0.0012808530  -0.0005141622  -0.0002347782
        0.0000498986   0.0018746674   0.0037939034   0.0004908340  -0.0011629314
        0.0025261719   0.0021304845
        0.0000220538   0.0001587040  -0.0001392467   0.0025104578   0.0007832073
       -0.0007275199  -0.0007865580  -0.0007253962   0.0009479006   0.0003673910
        0.0000385456   0.0000550724  -0.0000199030  -0.0000654459   0.0000427864
        0.0000315286   0.0000027619  -0.0000092760  -0.0000144257   0.0000124944
        0.0000000609   0.0000226347   0.0000053425  -0.0000014601  -0.0000257867
        0.0000590371  -0.0000497613  -0.0005505380   0.0092134926  -0.0145085062
        0.0172433889  -0.0093838707   0.0167212285  -0.0642318386  -0.0140610649
        0.0102099960  -0.2573668207   0.0073852149  -0.0473997500   0.6265498939
        0.0615429870  -0.0040611574  -0.2249243686  -0.0711260575   0.0767135660
        0.0474527228  -0.0251564301   0.0466744891  -0.0492547606  -0.0102409646
        0.0076459818   0.0029964305   0.0306325700  -0.0463898217  -0.0115003667
       -0.0019637889  -0.0002069306  -0.0000646783   0.0000419090   0.0000178503
       -0.0000411760  -0.0000364306  -0.0000487741   0.0000186805  -0.0000114092
        0.0000202791  -0.0000041570   0.0000069642   0.0000051619   0.0000026688
        0.0000026225  -0.0000016764  -0.0000063087   0.0000030792   0.0000009517
        0.0000010281   0.0000023939   0.0000005138  -0.0000073562   0.0000007860
        0.0000038441  -0.0007538279   0.0001163642  -0.0002306902   0.0011761100
        0.0011337570  -0.0012471141  -0.0642142207   0.0347696148  -0.0586621640
       -0.0245957014  -0.0135586652   0.0163256904   0.0006423861   0.0007477071
       -0.0020978376  -0.0003513196  -0.0002261501   0.0002539950  -0.0003232630
       -0.0001038814   0.0001423185
       -0.0000486065   0.0001286203  -0.0000982379   0.0011865354  -0.0009459994
       -0.0006606082  -0.0004430674  -0.0001290144   0.0002288053   0.0003105076
        0.0001229450   0.0000346419  -0.0000735823  -0.0000268397  -0.0000192551
        0.0000393281   0.0000273913   0.0000023568  -0.0000008268   0.0000002867
        0.0000108554   0.0000335329   0.0000001178  -0.0000082357  -0.0001237587
        0.0000131064   0.0000413896  -0.0005482253   0.0014715745  -0.0026169865
        0.0007939374   0.0014511521   0.0066443616  -0.0194236957  -0.0010092943
       -0.0007448575   0.0263352891  -0.0608233977   0.0182715803   0.0615429870
        0.2920349771  -0.2614354693  -0.1108324504  -0.1165454048   0.0920476588
        0.0042268159  -0.0197882619   0.0324821204  -0.0139377914  -0.0044216971
       -0.0010819032   0.0183692398   0.0041433567  -0.0008037724  -0.0018521665
        0.0022932322   0.0054824938  -0.0000048009  -0.0000185660  -0.0000095720
       -0.0000474799   0.0000283816  -0.0000116965  -0.0000223200   0.0000094035
       -0.0000203192   0.0000135649   0.0000003570   0.0000013030  -0.0000098429
       -0.0000110888  -0.0000022894  -0.0000185474   0.0000026703   0.0000028276
       -0.0000145428   0.0000199970   0.0000061418   0.0000062464   0.0000128799
        0.0000013626  -0.0007305535   0.0000125108  -0.0000596767  -0.0008302168
       -0.0010037778  -0.0013619429   0.0354516771  -0.1003876629   0.1087401293
       -0.0003917158   0.0007885035  -0.0000521281   0.0004845944   0.0027411580
        0.0052140227  -0.0001914624   0.0001188352  -0.0003973117   0.0007513974
       -0.0003104523   0.0001722112
        0.0000298508   0.0000041074   0.0001535863  -0.0009384400  -0.0006786798
       -0.0006759011   0.0006780514   0.0000531386  -0.0000032956  -0.0004258538
        0.0000845369   0.0000353261   0.0001701381   0.0000251324   0.0000302391
       -0.0000628180   0.0000043848  -0.0000220641   0.0000182079  -0.0000013166
        0.0000124713  -0.0000601754   0.0000041312   0.0000007429   0.0001438899
       -0.0000298555  -0.0000344073   0.0005585741  -0.0009524080   0.0014283137
        0.0009604105   0.0048166810  -0.0016759002   0.0183613206   0.0001025458
        0.0037227940  -0.0763159963   0.0149779353  -0.0882452268  -0.0040611574
       -0.2614354693   0.5134768441   0.1375223694   0.0990877450  -0.1709265639
        0.0017268567   0.0273498244  -0.0406046004   0.0133121252  -0.0004217490
       -0.0005536693  -0.0280124972   0.0012847072  -0.0054251184  -0.0002096264
        0.0055881995  -0.0023277563   0.0000301331   0.0000395056   0.0000424461
        0.0000061139  -0.0000383321  -0.0000200923   0.0000309950  -0.0000009744
        0.0000410163  -0.0000238424   0.0000078781  -0.0000021472   0.0000227763
        0.0000240572  -0.0000001887   0.0000234036   0.0000006799   0.0000058598
        0.0000220391  -0.0000211184   0.0000063584  -0.0000152202  -0.0000112364
        0.0000084930   0.0009114579   0.0000922844   0.0000943259   0.0017963302
       -0.0010208382   0.0000662216  -0.0597543539   0.1085594257  -0.2101543195
       -0.0038134726  -0.0023959575   0.0038077498  -0.0017057093   0.0052694097
       -0.0022410621   0.0002388014  -0.0003936067   0.0005358225  -0.0011646820
        0.0000252315  -0.0005562978
        0.0000238848  -0.0000396631   0.0000367520  -0.0009809744  -0.0001862380
        0.0001956509   0.0004294910   0.0002589206  -0.0003606909  -0.0001850420
       -0.0000137039  -0.0000173162   0.0000460354   0.0000222889  -0.0000072801
       -0.0000254903  -0.0000095679   0.0000014577  -0.0000072613   0.0000000089
       -0.0000002236  -0.0000282786   0.0000070242   0.0000006005   0.0000518603
       -0.0000193986  -0.0000007444   0.0008776059  -0.0018936208   0.0030394758
       -0.0049163219   0.0010320204  -0.0025431015   0.0015994720   0.0022644602
       -0.0042760387  -0.0553120220  -0.0129067545   0.0098584833  -0.2249243686
       -0.1108324504   0.1375223694   0.6792237406   0.0606363948   0.0065483530
       -0.1080077947   0.0457047302  -0.0800025712  -0.0086203266   0.0174970059
       -0.0284427160  -0.0005436962  -0.0047238930   0.0081373470   0.0012495261
        0.0002597113  -0.0000805819   0.0000071745   0.0000051256   0.0000191766
        0.0000078473  -0.0000220495   0.0000015219   0.0000193839   0.0000030770
        0.0000083120  -0.0000040334   0.0000083291   0.0000060106  -0.0000017311
        0.0000064173   0.0000063916   0.0000022559   0.0000006927  -0.0000001974
       -0.0000015072  -0.0000055933  -0.0000059843  -0.0000037677  -0.0000088788
       -0.0000061367  -0.0003751343   0.0000912184  -0.0000523423   0.0000957714
        0.0002205388  -0.0002882960   0.0049674434   0.0030886689  -0.0039678222
       -0.2841237925   0.0102660779  -0.0597679779   0.0044954868  -0.0105508427
        0.0167080593  -0.0052799774  -0.0000921130  -0.0024309307   0.0002445410
       -0.0000679439   0.0001609905
        0.0000084431  -0.0000416984   0.0000568451  -0.0006181749  -0.0002143159
        0.0003297425   0.0000982310   0.0002258897  -0.0002931534  -0.0000505865
       -0.0000291730  -0.0000277626  -0.0000030831   0.0000077824  -0.0000093281
       -0.0000044306  -0.0000033097  -0.0000002075   0.0000029651  -0.0000048658
        0.0000041069  -0.0000016902   0.0000012321   0.0000013670   0.0000003010
       -0.0000139879   0.0000148071  -0.0014284250  -0.0049278093   0.0080636272
       -0.0082806629   0.0035731255  -0.0066596505   0.0127350106   0.0082483911
       -0.0012019463  -0.0391075816   0.0028499201  -0.0096048542  -0.0711260575
       -0.1165454048   0.0990877450   0.0606363948   0.2768451233  -0.2374884127
        0.0029785299  -0.1123130201   0.0967086285   0.0471002417   0.0041054285
        0.0035916383  -0.0147637474  -0.0168486239   0.0141057596   0.0096382525
        0.0015017653  -0.0007621003   0.0000200117  -0.0000202717  -0.0000157516
        0.0000118019   0.0000259743   0.0000130959   0.0000034446   0.0000081580
       -0.0000126747  -0.0000019480   0.0000058780  -0.0000020407  -0.0000038701
       -0.0000022154  -0.0000010369  -0.0000039560  -0.0000029572  -0.0000006772
       -0.0000045190   0.0000008953   0.0000020215   0.0000001065  -0.0000043225
       -0.0000003446   0.0000601428  -0.0005912705  -0.0004563060   0.0002036669
       -0.0000607441  -0.0000758958  -0.0102115936  -0.0077272584   0.0112216076
        0.0101638168  -0.0378986030   0.0069814924   0.0024471347  -0.0069395585
        0.0128637219  -0.0005436975   0.0068841892   0.0037283177   0.0000455283
       -0.0000943428  -0.0001623812
       -0.0000097422   0.0000710800  -0.0000756485   0.0007723552   0.0003498558
       -0.0004539616  -0.0000625926  -0.0003026559   0.0004005170   0.0000339049
        0.0000264444   0.0000256796   0.0000163008  -0.0000102923   0.0000165771
       -0.0000002737   0.0000047378  -0.0000162813   0.0000006733  -0.0000027536
        0.0000054116  -0.0000037437  -0.0000029893  -0.0000001731   0.0000155480
        0.0000114279  -0.0000096187   0.0022608938   0.0078068596  -0.0114226768
        0.0117663499  -0.0049048472   0.0100098447  -0.0202667183  -0.0030069413
        0.0071028315   0.0499906825  -0.0050296943   0.0174730836   0.0767135660
        0.0920476588  -0.1709265639   0.0065483530  -0.2374884127   0.4788544477
       -0.0146706150   0.1042371972  -0.2114034207  -0.0737307306  -0.0016186429
       -0.0094539290   0.0235176396   0.0159794208  -0.0259823054  -0.0144947130
       -0.0024530301   0.0010212102  -0.0000387619   0.0000405184   0.0000292644
       -0.0000117163  -0.0000326000  -0.0000110917  -0.0000009153  -0.0000032383
        0.0000246129  -0.0000019839  -0.0000107638  -0.0000059819   0.0000078633
        0.0000000633  -0.0000049523   0.0000051086  -0.0000034928   0.0000010581
        0.0000073398  -0.0000062264   0.0000061434  -0.0000016903   0.0000014461
        0.0000073104  -0.0000142150  -0.0004182121  -0.0001849201  -0.0002662037
       -0.0000810299  -0.0000796879   0.0164059534   0.0136028251  -0.0170737025
       -0.0595947692   0.0069864364  -0.0557168717  -0.0031415496   0.0105834900
       -0.0154762534  -0.0017584064   0.0037932352   0.0032440752   0.0000068084
       -0.0001668737   0.0000759734
        0.0000988176  -0.0000303875   0.0000650916  -0.0003257953  -0.0002192107
        0.0004037018  -0.0002770832   0.0001087183  -0.0001040648   0.0000043843
       -0.0000373905  -0.0000253125  -0.0000187023  -0.0000031066  -0.0000019379
       -0.0000028607  -0.0000114683  -0.0000031954  -0.0000196438   0.0000003803
       -0.0000019548  -0.0000025044   0.0000087051  -0.0000006971  -0.0000039844
        0.0000118644  -0.0000038849  -0.0043509779  -0.0076947997   0.0112188548
       -0.0084109520   0.0043255302  -0.0082915345   0.0106039355   0.0031052686
       -0.0029141926  -0.0290854080   0.0064027924  -0.0138475616   0.0474527228
        0.0042268159   0.0017268567  -0.1080077947   0.0029785299  -0.0146706150
        0.6922371712   0.0523175217   0.0213150855  -0.3590330959   0.0291935078
       -0.1001163967  -0.0681199789  -0.0278632553   0.0302316070   0.0167142892
        0.0004674745   0.0012486263   0.0000157674  -0.0000060233   0.0000179555
        0.0000156907  -0.0000017042   0.0000162179   0.0000235166   0.0000064376
       -0.0000007152  -0.0000002324   0.0000132022  -0.0000042004  -0.0000080759
        0.0000017626  -0.0000052496  -0.0000017328   0.0000004080  -0.0000052632
       -0.0000056713  -0.0000034595  -0.0000025162  -0.0000051158  -0.0000176161
       -0.0000011421   0.0000399171   0.0000054975  -0.0000521399   0.0001802750
        0.0000906316  -0.0000682767  -0.0019731461  -0.0030561796   0.0026820102
       -0.0109073579   0.0142652085  -0.0239146444  -0.1664906194  -0.0802416503
        0.0993248709  -0.0107049820   0.0017131411  -0.0043751562   0.0003692278
       -0.0000571467   0.0001597734
       -0.0000424441   0.0000355834  -0.0000031778  -0.0002732506  -0.0006420770
       -0.0004729881   0.0002377616  -0.0000898591  -0.0000395417  -0.0001064415
        0.0001812017   0.0000885233   0.0000906414  -0.0000074528   0.0000128011
       -0.0000094695   0.0000035180  -0.0000115512  -0.0000065647   0.0000034563
       -0.0000021346  -0.0000236746   0.0000186146  -0.0000001591   0.0000145612
       -0.0000179633  -0.0000175250   0.0011323458   0.0032892207  -0.0046575415
        0.0042978359  -0.0015841429   0.0037377980  -0.0062836807  -0.0019884552
        0.0017783118   0.0165454307  -0.0049267128   0.0016323721  -0.0251564301
       -0.0197882619   0.0273498244   0.0457047302  -0.1123130201   0.1042371972
        0.0523175217   0.2719798920  -0.2315954180  -0.0100449655  -0.0597045128
        0.0227975886  -0.0023783973   0.0086338683  -0.0115541933  -0.0097217283
        0.0016870057   0.0046500869  -0.0000045393   0.0000078874   0.0000262746
       -0.0000203707  -0.0000229954   0.0000035510   0.0000103684   0.0000118043
        0.0000051339  -0.0000054931   0.0000031295  -0.0000002012   0.0000122411
        0.0000088762  -0.0000018737   0.0000092508  -0.0000017670   0.0000025374
        0.0000040590  -0.0000086486   0.0000029739  -0.0000026904  -0.0000045882
        0.0000059655   0.0000671410   0.0000233999  -0.0000134615   0.0000110727
       -0.0000283431  -0.0002405065  -0.0026123186   0.0054072347   0.0054626540
        0.0012890358  -0.0001266803   0.0024656213  -0.0800880841  -0.0888823571
        0.0689312407   0.0150492599  -0.0009788667   0.0053649181  -0.0000127139
       -0.0001779882   0.0000548997
        0.0000701999   0.0000013383   0.0000054486   0.0006346403  -0.0004339339
       -0.0000946717  -0.0003445127  -0.0000458161   0.0000428677   0.0001577887
        0.0000684380   0.0000088865  -0.0000628456   0.0000025504  -0.0000203583
        0.0000275973   0.0000138953   0.0000133501  -0.0000002818  -0.0000002209
       -0.0000017494   0.0000302165   0.0000060952  -0.0000113477  -0.0000944677
        0.0000029105   0.0000366696  -0.0027065130  -0.0061632979   0.0093822742
       -0.0080738237   0.0037267740  -0.0068198090   0.0114756331   0.0034089991
       -0.0033359449  -0.0293803803  -0.0001304450  -0.0106724471   0.0466744891
        0.0324821204  -0.0406046004  -0.0800025712   0.0967086285  -0.2114034207
        0.0213150855  -0.2315954180   0.4722972376  -0.0401075661   0.0297710884
       -0.0962023250  -0.0086822631  -0.0161891368   0.0243279664   0.0168137612
        0.0064634082  -0.0011462299   0.0000217771  -0.0000220803  -0.0000444552
        0.0000067779   0.0000314412  -0.0000172840  -0.0000076858  -0.0000035100
       -0.0000107038   0.0000071223  -0.0000006358   0.0000122254  -0.0000142278
       -0.0000128604   0.0000109563  -0.0000161964   0.0000025914  -0.0000008426
       -0.0000169850   0.0000181888  -0.0000063700   0.0000021923   0.0000043473
       -0.0000134608  -0.0001088127  -0.0000316009   0.0000008071   0.0000578166
       -0.0002221957   0.0001733041   0.0020078505   0.0053900920   0.0013999383
       -0.0041029944   0.0047783366  -0.0066277814   0.0991802917   0.0688875252
       -0.1222536735  -0.0248697941   0.0030493751  -0.0082038144   0.0001086814
        0.0000330077  -0.0002206418
       -0.0000403128   0.0000099070  -0.0000607312  -0.0016610364  -0.0005833182
        0.0005574524   0.0002749724   0.0001255219  -0.0002969291  -0.0001485258
        0.0000559440   0.0000736955   0.0000275166   0.0000286149  -0.0000025238
        0.0000059942   0.0000069645  -0.0000140957   0.0000051373  -0.0000023102
       -0.0000005479  -0.0000013467  -0.0000031185  -0.0000015336   0.0000106493
       -0.0000269635   0.0000161921   0.0022973724   0.0115907338  -0.0189285111
        0.0099740970  -0.0060245898   0.0111109873  -0.0121604764  -0.0026668057
        0.0008645100   0.0429226116  -0.0107611804   0.0238004979  -0.0492547606
       -0.0139377914   0.0133121252  -0.0086203266   0.0471002417  -0.0737307306
       -0.3590330959  -0.0100449655  -0.0401075661   0.6788097574   0.0227102713
        0.0648792337  -0.1512851544  -0.0531733417   0.0638578796  -0.0651444475
       -0.0191512480   0.0176642550  -0.0000378601   0.0000502234   0.0001589613
        0.0000137961  -0.0001443243   0.0000623331  -0.0000078918   0.0000040708
        0.0000121251  -0.0000017507  -0.0000015337   0.0000005561  -0.0000039273
       -0.0000049574   0.0000002388  -0.0000100019  -0.0000010796   0.0000017175
       -0.0000053500   0.0000042509   0.0000000189   0.0000068504  -0.0000110391
       -0.0000015915   0.0001255229   0.0001678062   0.0000744096   0.0001618428
        0.0004093800  -0.0005784535  -0.0003516855  -0.0002098046   0.0002856338
        0.0006013668   0.0005363535  -0.0017726333  -0.0244471374  -0.0005322387
       -0.0035675792  -0.0638142025   0.0351040527  -0.0591937174   0.0007918031
       -0.0006237264   0.0015243212
        0.0000614167  -0.0000982776   0.0001110085  -0.0012781468   0.0003128489
       -0.0001106447   0.0007851724   0.0001517291  -0.0002269565  -0.0003494681
       -0.0000774884  -0.0000238653   0.0001326074   0.0000157138   0.0000295656
       -0.0000361432  -0.0000002232   0.0000039236   0.0000053163   0.0000034011
       -0.0000043612  -0.0000499253  -0.0000026295   0.0000047837   0.0001618495
       -0.0000245045  -0.0000408918   0.0032574436   0.0080338368  -0.0026572428
        0.0030144426  -0.0019049263   0.0032876953  -0.0026827826   0.0018865516
        0.0059154170   0.0008954719  -0.0126952142   0.0214607429  -0.0102409646
       -0.0044216971  -0.0004217490   0.0174970059   0.0041054285  -0.0016186429
        0.0291935078  -0.0597045128   0.0297710884   0.0227102713   0.2699349608
       -0.2338248092  -0.0703118902  -0.1048747897   0.0688112963  -0.0150832311
       -0.0014619131  -0.0000760199   0.0000249636   0.0000587364   0.0000440664
        0.0000156128  -0.0000447742  -0.0000428816   0.0000148224   0.0000139824
        0.0000344878  -0.0000205257   0.0000157099   0.0000053189   0.0000202249
        0.0000213749   0.0000098781   0.0000196674   0.0000049352   0.0000011802
        0.0000240236  -0.0000118866  -0.0000077765  -0.0000130696  -0.0000086523
       -0.0000049307   0.0001896256  -0.0008852927  -0.0006414478  -0.0004955539
       -0.0004409555   0.0002938177  -0.0002462152   0.0001222454  -0.0003788275
        0.0007871265   0.0027817459   0.0052443303  -0.0137647400   0.0006020747
       -0.0023721591   0.0343186919  -0.1003968493   0.1087405926   0.0014433921
       -0.0010106883  -0.0013159868
       -0.0000762173   0.0000782906  -0.0001922386   0.0014190774   0.0000124381
        0.0005768469  -0.0010904873  -0.0001729001   0.0002371992   0.0004054928
       -0.0000818963  -0.0000342239  -0.0002255859  -0.0000230461  -0.0000270437
        0.0000522119  -0.0000077026   0.0000231796  -0.0000124813   0.0000116983
       -0.0000031115   0.0000698483   0.0000088336  -0.0000051324  -0.0001958646
        0.0000191348   0.0000532739  -0.0054363594  -0.0010908904   0.0066636709
       -0.0028434629   0.0016940938  -0.0031597804   0.0008874854   0.0059349985
       -0.0027902581   0.0059834470   0.0195271749  -0.0276179494   0.0076459818
       -0.0010819032  -0.0005536693  -0.0284427160   0.0035916383  -0.0094539290
       -0.1001163967   0.0227975886  -0.0962023250   0.0648792337  -0.2338248092
        0.4833426973   0.0900499550   0.0718166055  -0.1456153150   0.0112607366
       -0.0008606373   0.0034878282  -0.0000084768  -0.0000883645   0.0000123255
       -0.0000675869   0.0000253802   0.0000321187  -0.0000269929   0.0000031544
       -0.0000313824   0.0000272975  -0.0000108716   0.0000155469  -0.0000310026
       -0.0000247169   0.0000131408  -0.0000286127   0.0000024353  -0.0000019468
       -0.0000351863   0.0000299899  -0.0000057454   0.0000231505   0.0000231318
       -0.0000162726  -0.0000215865  -0.0006840229  -0.0003382030   0.0008112389
        0.0004470558  -0.0007549601   0.0003267176  -0.0003654711   0.0005287102
       -0.0021833978   0.0052067976  -0.0021986608   0.0166166521  -0.0000451539
        0.0036248531  -0.0579271318   0.1088410765  -0.2098301213  -0.0016889808
       -0.0017091304   0.0002208772
        0.0005098070   0.0002977298  -0.0000664245   0.0047302380  -0.0019822540
        0.0018829077  -0.0041552644  -0.0012016832   0.0015775756   0.0007804833
        0.0001400639   0.0000571623  -0.0003183644  -0.0001491760   0.0000179184
        0.0000845721   0.0000092658   0.0000105559  -0.0000501143   0.0000095593
        0.0000012547   0.0000529161   0.0000122464  -0.0000133224  -0.0003601220
        0.0001091972  -0.0000137316  -0.0567171790  -0.0350479499   0.0439546039
       -0.0265686632   0.0151711794  -0.0271556491   0.0417085896   0.0002569831
        0.0068325774  -0.1166144446   0.0176709929  -0.0374029474   0.0029964305
        0.0183692398  -0.0280124972  -0.0005436962  -0.0147637474   0.0235176396
       -0.0681199789  -0.0023783973  -0.0086822631  -0.1512851544  -0.0703118902
        0.0900499550   0.6480948364   0.0467555452   0.0202094207  -0.2571459569
        0.0250136403  -0.0761458459  -0.0001020393  -0.0000367701  -0.0002016115
       -0.0001223584   0.0001488563  -0.0001248497   0.0001872059  -0.0000202235
        0.0000677443   0.0000200307   0.0000538067   0.0000031242  -0.0000295325
       -0.0000243931  -0.0000089936  -0.0000366999   0.0000004185   0.0000005046
       -0.0000385195   0.0000227779   0.0000119308  -0.0000138790  -0.0000334954
        0.0000163944  -0.0000387645   0.0002830246  -0.0005937422  -0.0024789322
       -0.0027652343   0.0028226607  -0.0053824224   0.0000252936  -0.0020545595
        0.0006801449  -0.0001607174   0.0004597118  -0.0050676699  -0.0004458763
       -0.0019143791   0.0051272144   0.0027347103  -0.0034547865  -0.0097827129
        0.0022372769  -0.0056480391
        0.0004071146  -0.0003844341  -0.0000045217  -0.0027041857   0.0051216069
        0.0056928866  -0.0010651511   0.0009637678   0.0000161599  -0.0000644896
       -0.0013563088  -0.0004487215  -0.0003271396   0.0000316392   0.0000241783
       -0.0000336278  -0.0000943631   0.0000395072  -0.0000159903   0.0000010758
       -0.0000024604   0.0000408369  -0.0000647623   0.0000340389   0.0002218629
        0.0000834061  -0.0000469145  -0.0118619011   0.0031563386  -0.0048125572
        0.0059844928  -0.0044020482  -0.0001487487  -0.0106752253  -0.0126771359
        0.0195958439   0.0182636205  -0.1117843733   0.0859826454   0.0306325700
        0.0041433567   0.0012847072  -0.0047238930  -0.0168486239   0.0159794208
       -0.0278632553   0.0086338683  -0.0161891368  -0.0531733417  -0.1048747897
        0.0718166055   0.0467555452   0.2838966567  -0.2218150512   0.0075343284
       -0.0598129979   0.0153705540  -0.0000910879  -0.0001566368  -0.0001413257
        0.0000648337   0.0001075532   0.0001818614   0.0000625227   0.0000265499
       -0.0000604426  -0.0000105350   0.0000032768  -0.0000087702  -0.0000272626
       -0.0000001084   0.0000029838  -0.0000003949   0.0000006422  -0.0000128479
        0.0000257128  -0.0000053218  -0.0000037314   0.0000120531  -0.0000179041
       -0.0000125884   0.0002852378  -0.0000141288  -0.0002418496  -0.0021803378
        0.0030309032   0.0038385898  -0.0005478133   0.0045235624   0.0023192300
       -0.0001036335  -0.0003866084   0.0001037596   0.0000900950   0.0070305883
        0.0039627551  -0.0091561521  -0.0073276581   0.0113983760   0.0142445912
       -0.0005465886   0.0063055641
       -0.0003371124  -0.0003476187  -0.0000922031   0.0032865085   0.0058532427
        0.0008105987  -0.0002526826   0.0003022111   0.0007049644   0.0005061354
       -0.0009545767  -0.0004816242  -0.0002359571   0.0000006531   0.0000299879
        0.0000121381  -0.0000557010   0.0000537681  -0.0000266293  -0.0000169557
       -0.0000013710   0.0000764047  -0.0000531732   0.0000188821   0.0001435582
        0.0001154251  -0.0000160169   0.0083800675  -0.0079048611   0.0157607986
       -0.0130273748   0.0015790889  -0.0097601885   0.0236836994   0.0215800143
       -0.0278784858  -0.0384473576   0.0857084214  -0.1959879714  -0.0463898217
       -0.0008037724  -0.0054251184   0.0081373470   0.0141057596  -0.0259823054
        0.0302316070  -0.0115541933   0.0243279664   0.0638578796   0.0688112963
       -0.1456153150   0.0202094207  -0.2218150512   0.4769441678  -0.0488516317
        0.0180826409  -0.0874181084  -0.0000669480   0.0002259893   0.0000072443
        0.0002094284  -0.0002006206  -0.0000591732  -0.0000600043  -0.0001044223
        0.0000983757  -0.0000164674  -0.0000111149  -0.0000082300  -0.0000241385
       -0.0000074088   0.0000076619  -0.0000049822   0.0000027215  -0.0000141490
        0.0000180278   0.0000063036  -0.0000094341   0.0000001555  -0.0000021642
       -0.0000293632  -0.0004206324  -0.0002450894   0.0000965498   0.0019039772
        0.0037365304   0.0003686385  -0.0011690481   0.0024311103   0.0021865521
        0.0003337179   0.0000918502  -0.0003780610  -0.0026959167   0.0038455216
        0.0032185790   0.0147327171   0.0134666342  -0.0168592872  -0.0236960850
        0.0041313089  -0.0086183295
       -0.0010323054  -0.0006733091   0.0010235976  -0.0410617440  -0.0143280218
        0.0157846812   0.0010490519   0.0023634937  -0.0049599504  -0.0035517348
       -0.0000260648   0.0008639553   0.0004113585   0.0004214975  -0.0000676027
       -0.0002189961  -0.0000149282  -0.0001112703   0.0001462322   0.0000010816
       -0.0000004757  -0.0001978837   0.0000408610  -0.0000303357   0.0004268757
       -0.0004791626   0.0000607489  -0.2030208636  -0.0698455260   0.0775241884
        0.0410444870  -0.0215696140   0.0395371227  -0.0451849086  -0.0094846696
        0.0072083753   0.0020746413   0.0304688370  -0.0465144523  -0.0115003667
       -0.0018521665  -0.0002096264   0.0012495261   0.0096382525  -0.0144947130
        0.0167142892  -0.0097217283   0.0168137612  -0.0651444475  -0.0150832311
        0.0112607366  -0.2571459569   0.0075343284  -0.0488516317   0.6255318211
        0.0586491536   0.0016090966  -0.0005831019   0.0000898374   0.0001419701
       -0.0005439188  -0.0005198582  -0.0000563884  -0.0000293881  -0.0001648697
        0.0004515844  -0.0000289502   0.0000079118   0.0000333075   0.0000105071
        0.0000292361   0.0000118717   0.0000345973  -0.0000035378   0.0000225267
        0.0000019822  -0.0000317163  -0.0000110530  -0.0000163915  -0.0000435407
        0.0000099155  -0.0000142275   0.0008434081  -0.0019162050  -0.0004315317
       -0.0001818713   0.0002875947  -0.0002650828  -0.0001483631   0.0002060886
        0.0002430021   0.0001716645   0.0000004807  -0.0008105566   0.0000611860
       -0.0002620879   0.0011879748   0.0012159932  -0.0012901810  -0.0593439900
        0.0326354369  -0.0540756301
        0.0000499134  -0.0010834755   0.0002903380  -0.0091838318  -0.0008610869
       -0.0012516323   0.0035802548   0.0020768960  -0.0012138788  -0.0009514658
        0.0003910925   0.0002657462   0.0004797884   0.0001385674  -0.0000223812
       -0.0000789235   0.0000212976  -0.0000237585   0.0000434558   0.0000046183
       -0.0000067918  -0.0001326254   0.0000011975  -0.0000133464   0.0002649103
       -0.0001231404  -0.0000392437  -0.0986606360  -0.1124821571   0.0863177034
        0.0018653605  -0.0178896499   0.0297649367  -0.0122067766  -0.0038502868
       -0.0009361783   0.0182693257   0.0034534792  -0.0002420440  -0.0019637889
        0.0022932322   0.0055881995   0.0002597113   0.0015017653  -0.0024530301
        0.0004674745   0.0016870057   0.0064634082  -0.0191512480  -0.0014619131
       -0.0008606373   0.0250136403  -0.0598129979   0.0180826409   0.0586491536
        0.2889022547  -0.2558110310   0.0001117380   0.0004801106   0.0002826573
        0.0005060588  -0.0000973575  -0.0000566025  -0.0000298303   0.0000324484
        0.0003770464  -0.0000210772   0.0000260850   0.0000180339   0.0000482993
        0.0000400339   0.0000109561   0.0000392013   0.0000054830   0.0000018250
        0.0000365015  -0.0000251088  -0.0000082854  -0.0000372736   0.0000090442
       -0.0000029871   0.0004710439   0.0022499123   0.0049271117  -0.0001985984
        0.0001484613  -0.0003648382   0.0007673303  -0.0002310238   0.0002409905
        0.0000716980  -0.0010029510  -0.0007026142  -0.0008182903   0.0001144430
        0.0000475441  -0.0008843238  -0.0010568497  -0.0014462972   0.0333238298
       -0.1035994297   0.1127764401
       -0.0004298808   0.0004298416  -0.0010707430   0.0106088798  -0.0022708431
        0.0035625804  -0.0065505242  -0.0015617002   0.0031731635   0.0014480414
        0.0003811403   0.0002740860  -0.0005390740  -0.0001709361   0.0000476737
        0.0001918458  -0.0000229349   0.0000121035  -0.0000711251   0.0000264733
        0.0000025975   0.0001781036   0.0000594138  -0.0000325947  -0.0007179269
        0.0001579063   0.0000106908   0.1199335264   0.0909245730  -0.1643864761
        0.0044567223   0.0257637239  -0.0374090091   0.0111704378  -0.0004862242
       -0.0002302031  -0.0275617455   0.0017969377  -0.0065213946  -0.0002069306
        0.0054824938  -0.0023277563  -0.0000805819  -0.0007621003   0.0010212102
        0.0012486263   0.0046500869  -0.0011462299   0.0176642550  -0.0000760199
        0.0034878282  -0.0761458459   0.0153705540  -0.0874181084   0.0016090966
       -0.2558110310   0.5043275042  -0.0009597095  -0.0003944070  -0.0000914970
       -0.0008358963   0.0003267681   0.0000032691  -0.0000461645   0.0002024107
       -0.0002309636   0.0000503382  -0.0000072360  -0.0000047384  -0.0000629239
       -0.0000491472  -0.0000016184  -0.0000587858  -0.0000001324   0.0000009768
       -0.0000842481   0.0000554754   0.0000084200   0.0000286330   0.0000312089
        0.0000035737  -0.0017158851   0.0049673587  -0.0026176756   0.0002432324
       -0.0003990708   0.0005181124  -0.0011971674   0.0001005377  -0.0005072590
        0.0001720083  -0.0006680689  -0.0003885445   0.0010531650   0.0001860186
        0.0001371426   0.0018750984  -0.0010867258   0.0000938731  -0.0546675947
        0.1128536549  -0.2122999940
       -0.1057611988   0.0559445725   0.0882262133   0.0045983167  -0.0051745983
       -0.0012290296   0.0001597660   0.0016367442  -0.0011763128  -0.0002252078
       -0.0004487336   0.0002685212   0.0001935457   0.0003088345  -0.0000510409
       -0.0001649401   0.0000813865   0.0000613665   0.0000279175  -0.0001574480
       -0.0000206401   0.0002265161  -0.0000312818  -0.0000245052   0.0000654697
        0.0000041278   0.0002108069  -0.0005851772   0.0002821247  -0.0005261182
        0.0001524114  -0.0000884705   0.0002812919  -0.0002289278  -0.0000442224
       -0.0000064012   0.0001072020   0.0000648123  -0.0000797460  -0.0000646783
       -0.0000048009   0.0000301331   0.0000071745   0.0000200117  -0.0000387619
        0.0000157674  -0.0000045393   0.0000217771  -0.0000378601   0.0000249636
       -0.0000084768  -0.0001020393  -0.0000910879  -0.0000669480  -0.0005831019
        0.0001117380  -0.0009597095   0.1210316893  -0.0644406068  -0.1047729370
        0.0030957298  -0.0017000933  -0.0028934261  -0.0206801696   0.0148029023
        0.0232464340  -0.0000193638  -0.0000788960   0.0000247085  -0.0000082218
       -0.0000132989   0.0000083306  -0.0000048862  -0.0000158126  -0.0000092455
        0.0000273287  -0.0000264406   0.0000150803  -0.0000771836  -0.0001563027
       -0.0000456990   0.0000049837  -0.0000475264   0.0000687229   0.0000037938
       -0.0000176459   0.0000174748   0.0000124012  -0.0000033156   0.0000154623
        0.0000131888  -0.0000065732   0.0000053277   0.0000146373   0.0000006679
       -0.0000007341  -0.0000196791  -0.0000349258   0.0000134025  -0.0011952041
       -0.0006962657  -0.0006053217
        0.0549429161  -0.0873161109  -0.0805161271  -0.0044049257   0.0048194641
        0.0081198657   0.0002510530  -0.0021394769   0.0020381467  -0.0001513367
        0.0002464642   0.0001889829   0.0000263054  -0.0000165094  -0.0000428053
        0.0000012847  -0.0000209046  -0.0000249365   0.0000185929   0.0000599510
       -0.0000096919  -0.0000841610   0.0000353798   0.0000245899  -0.0000258234
       -0.0000705772  -0.0000848856  -0.0001663970   0.0001250362   0.0000877349
       -0.0001016405  -0.0001075283   0.0000308666   0.0000880265  -0.0000016821
        0.0000363996   0.0000603150  -0.0000446938   0.0000698210   0.0000419090
       -0.0000185660   0.0000395056   0.0000051256  -0.0000202717   0.0000405184
       -0.0000060233   0.0000078874  -0.0000220803   0.0000502234   0.0000587364
       -0.0000883645  -0.0000367701  -0.0001566368   0.0002259893   0.0000898374
        0.0004801106  -0.0003944070  -0.0644406068   0.1015439004   0.0923615307
        0.0167952707  -0.0195368593  -0.0248387666  -0.0018042632   0.0024936437
        0.0028467326   0.0000004834   0.0000405765   0.0000175420   0.0000164027
        0.0000185158   0.0000044768   0.0000270680   0.0000043196   0.0000031634
       -0.0000028961  -0.0000132089   0.0000008102  -0.0000151655  -0.0000019119
        0.0000665461  -0.0000059951  -0.0000225526   0.0000238492  -0.0000068168
       -0.0000047885   0.0000077035   0.0000145518  -0.0000108774   0.0000049326
        0.0000039853  -0.0000057343   0.0000053240   0.0000056968  -0.0000035755
        0.0000059474  -0.0000525514  -0.0000310606   0.0000320309  -0.0011336752
       -0.0003904588  -0.0002609450
        0.0908171479  -0.0840574665  -0.1691680867   0.0138446551  -0.0103137875
       -0.0247259252  -0.0007964429   0.0052386015  -0.0045480182  -0.0007386518
       -0.0009216105  -0.0005182524   0.0000778741   0.0000646443   0.0001424871
       -0.0001931377   0.0000220476   0.0001335338  -0.0000376749  -0.0000858491
        0.0000032022   0.0000111809   0.0000063471  -0.0000467245   0.0000810725
       -0.0001523984   0.0000500707   0.0001380255   0.0006118890   0.0002872504
        0.0001084206   0.0001958778   0.0000286379   0.0001080953  -0.0000959725
        0.0001189818   0.0000564791  -0.0000661936   0.0001054615   0.0000178503
       -0.0000095720   0.0000424461   0.0000191766  -0.0000157516   0.0000292644
        0.0000179555   0.0000262746  -0.0000444552   0.0001589613   0.0000440664
        0.0000123255  -0.0002016115  -0.0001413257   0.0000072443   0.0001419701
        0.0002826573  -0.0000914970  -0.1047729370   0.0923615307   0.1957044023
        0.0011665047  -0.0030183423   0.0000409978   0.0005947661   0.0005750563
        0.0019422235  -0.0000072484   0.0000426990  -0.0000021582   0.0000122320
        0.0000332599  -0.0000146273   0.0000353748   0.0000056611  -0.0000148175
        0.0000341349  -0.0000240581  -0.0000075011  -0.0000248519   0.0000658617
       -0.0000368134   0.0001005041  -0.0000694773   0.0001299762   0.0000513093
       -0.0000176142   0.0000119689   0.0000230693  -0.0000000923   0.0000005938
        0.0000082903   0.0000017360  -0.0000032088   0.0000229221  -0.0000018851
       -0.0000022937  -0.0000261167  -0.0000262357   0.0000261745  -0.0008492998
       -0.0005605776   0.0004071368
       -0.0487900232  -0.0417924923   0.0001651508   0.0027707646   0.0067976808
        0.0015911151  -0.0000225547  -0.0004134580  -0.0007362196  -0.0000415178
        0.0003613585   0.0003220083   0.0000522420  -0.0000280198   0.0001066188
        0.0001182298  -0.0000332960  -0.0000785245   0.0000875269   0.0001349628
        0.0000257131  -0.0001857253   0.0000388495   0.0000381623   0.0000419934
       -0.0003195734  -0.0002982071  -0.0006631412  -0.0007141892  -0.0006025231
        0.0000876841  -0.0001873709   0.0001415217  -0.0001751194   0.0000071136
        0.0000763443   0.0001279877   0.0000470432  -0.0000122848  -0.0000411760
       -0.0000474799   0.0000061139   0.0000078473   0.0000118019  -0.0000117163
        0.0000156907  -0.0000203707   0.0000067779   0.0000137961   0.0000156128
       -0.0000675869  -0.0001223584   0.0000648337   0.0002094284  -0.0005439188
        0.0005060588  -0.0008358963   0.0030957298   0.0167952707   0.0011665047
        0.0555451989   0.0510372741  -0.0016448258  -0.0094720707  -0.0327424986
        0.0000491168  -0.0000194266   0.0000921009   0.0000006142   0.0000156626
        0.0000348620  -0.0000002431   0.0000297997   0.0000244931   0.0000053696
       -0.0000326133   0.0000094275  -0.0000096804  -0.0000791075   0.0000988352
        0.0002625702   0.0000101546  -0.0000651992   0.0000789120   0.0000137923
       -0.0000075689   0.0000334071   0.0000182678  -0.0000092134   0.0000190691
        0.0000152630   0.0000032453   0.0000146913   0.0000163708   0.0000027732
        0.0000004409  -0.0000498975  -0.0000130107   0.0000426945  -0.0018453519
        0.0003101432  -0.0000646371
       -0.0439002916  -0.2722049248   0.0040193504  -0.0024770772  -0.0148176606
        0.0060504511   0.0005157811   0.0010752057   0.0018146143   0.0007624474
       -0.0007317742  -0.0000617822  -0.0002318421  -0.0000782313  -0.0000527178
        0.0002033674   0.0000288119   0.0000657226   0.0000254254   0.0001312045
        0.0000045869   0.0000078017  -0.0000885073  -0.0000406737   0.0000339330
       -0.0001239738  -0.0000972458   0.0000913437   0.0004493398   0.0003845280
       -0.0000165140   0.0000754591   0.0000551113  -0.0001251757   0.0000449487
       -0.0001070512  -0.0000976005   0.0000669489  -0.0001052471  -0.0000364306
        0.0000283816  -0.0000383321  -0.0000220495   0.0000259743  -0.0000326000
       -0.0000017042  -0.0000229954   0.0000314412  -0.0001443243  -0.0000447742
        0.0000253802   0.0001488563   0.0001075532  -0.0002006206  -0.0005198582
       -0.0000973575   0.0003267681  -0.0017000933  -0.0195368593  -0.0030183423
        0.0510372741   0.3131901428  -0.0080440734  -0.0043697422  -0.0083232525
       -0.0005298946   0.0000239831   0.0000540843  -0.0000081587  -0.0000061000
       -0.0000198718  -0.0000052062  -0.0000269118   0.0000139458   0.0000022463
        0.0000052985   0.0000396170  -0.0000073908  -0.0000429341   0.0002465682
        0.0000512437  -0.0000512455   0.0000526955  -0.0000673449  -0.0000314024
       -0.0000047623  -0.0000151173  -0.0000194342  -0.0000059640  -0.0000071291
       -0.0000051788  -0.0000006663  -0.0000024233  -0.0000113069  -0.0000015481
       -0.0000018278   0.0000503069   0.0000345073  -0.0000309380   0.0009313984
        0.0004377351  -0.0003573273
        0.0013042533   0.0105893391  -0.0361228822   0.0045948106   0.0274746295
       -0.0037535375   0.0000883405  -0.0019825551  -0.0052036904  -0.0007544333
        0.0012529367   0.0003065873   0.0003473912   0.0000145357   0.0001160722
       -0.0000933986  -0.0000179289  -0.0001304256   0.0000449846  -0.0000186039
       -0.0000196029  -0.0001433082   0.0000329137   0.0000373339  -0.0000292336
        0.0000897311   0.0000282475  -0.0003220612  -0.0005639208  -0.0005104243
        0.0000996979  -0.0001315373  -0.0001495962  -0.0000976006   0.0000028824
        0.0000816282   0.0000323353   0.0000049846   0.0000171679  -0.0000487741
       -0.0000116965  -0.0000200923   0.0000015219   0.0000130959  -0.0000110917
        0.0000162179   0.0000035510  -0.0000172840   0.0000623331  -0.0000428816
        0.0000321187  -0.0001248497   0.0001818614  -0.0000591732  -0.0000563884
       -0.0000566025   0.0000032691  -0.0028934261  -0.0248387666   0.0000409978
       -0.0016448258  -0.0080440734   0.0439697750  -0.0007479954  -0.0036335781
        0.0011278343  -0.0000218352  -0.0000212246  -0.0000357695   0.0000127242
        0.0000063772   0.0000025815   0.0000007504  -0.0000189803   0.0000180709
       -0.0000254890  -0.0000151272   0.0000058231   0.0002217401  -0.0001090574
       -0.0001396885   0.0000463013  -0.0000516433   0.0000360490   0.0000309140
        0.0000024187   0.0000206753   0.0000076490  -0.0000031785  -0.0000015482
        0.0000057697   0.0000076869  -0.0000049808   0.0000147239   0.0000084280
       -0.0000001027   0.0000167795   0.0000175887   0.0000042959   0.0000543809
       -0.0001416046   0.0003313623
       -0.2729066270  -0.0362367942  -0.0300100267  -0.0137127086   0.0008007985
       -0.0073706185   0.0006015139  -0.0006067017   0.0022712482   0.0009133818
       -0.0000330346   0.0000259035   0.0000288629  -0.0001477380   0.0001603494
       -0.0000847792  -0.0001118680   0.0000384554  -0.0001498725  -0.0000399420
       -0.0000141754  -0.0001868666   0.0000586245   0.0000862571  -0.0001906791
        0.0002790935   0.0005872306  -0.0002577488   0.0003937246  -0.0018623589
       -0.0005449483  -0.0001117086   0.0000478763   0.0000177968   0.0000922106
       -0.0000752255   0.0000246675   0.0000152926  -0.0000158283   0.0000186805
       -0.0000223200   0.0000309950   0.0000193839   0.0000034446  -0.0000009153
        0.0000235166   0.0000103684  -0.0000076858  -0.0000078918   0.0000148224
       -0.0000269929   0.0001872059   0.0000625227  -0.0000600043  -0.0000293881
       -0.0000298303  -0.0000461645  -0.0206801696  -0.0018042632   0.0005947661
       -0.0094720707  -0.0043697422  -0.0007479954   0.3165576090   0.0415494975
        0.0370568459  -0.0000187773   0.0001018067  -0.0000754379  -0.0000301299
        0.0000073971  -0.0000272797  -0.0000229394   0.0000088462  -0.0000327691
       -0.0000437982   0.0000262056  -0.0000503871   0.0000703363  -0.0001747252
       -0.0000999065  -0.0000111761   0.0000245285  -0.0000578420  -0.0000561852
        0.0000286110  -0.0000532395  -0.0000217705   0.0000132987  -0.0000270434
       -0.0000291672   0.0000001451  -0.0000022046  -0.0000266838  -0.0000082662
        0.0000152007   0.0000285249   0.0000143441  -0.0000073932  -0.0000071022
        0.0001913516  -0.0002436337
       -0.0361230549  -0.0495480703  -0.0063703236   0.0108062352   0.0012738361
        0.0037188245   0.0010660995   0.0003587785  -0.0011426813   0.0000172371
        0.0003230582  -0.0001315065  -0.0000705151  -0.0002083642   0.0000212318
       -0.0002574406  -0.0000038162   0.0000251363  -0.0000599440  -0.0001520896
       -0.0000354841   0.0002831470   0.0000794190   0.0000749876  -0.0001819587
        0.0005192449   0.0002058017   0.0003493329   0.0001287377   0.0023468012
        0.0005588305   0.0000098181   0.0001826029   0.0000401971  -0.0001430476
        0.0000573593  -0.0000365135  -0.0000168722   0.0000122375  -0.0000114092
        0.0000094035  -0.0000009744   0.0000030770   0.0000081580  -0.0000032383
        0.0000064376   0.0000118043  -0.0000035100   0.0000040708   0.0000139824
        0.0000031544  -0.0000202235   0.0000265499  -0.0001044223  -0.0001648697
        0.0000324484   0.0002024107   0.0148029023   0.0024936437   0.0005750563
       -0.0327424986  -0.0083232525  -0.0036335781   0.0415494975   0.0536875457
        0.0044740779   0.0000527331  -0.0001528553  -0.0000351067   0.0000215079
       -0.0000325965  -0.0000213573   0.0000139269  -0.0000501562  -0.0000224974
        0.0000608841  -0.0000771641   0.0000050909  -0.0000804128  -0.0002494399
       -0.0002098655   0.0000214593   0.0000512104  -0.0000337806   0.0000395537
       -0.0000239291   0.0000000519  -0.0000083624  -0.0000089613  -0.0000128438
       -0.0000060385  -0.0000027032  -0.0000032966  -0.0000041408   0.0000032689
        0.0000085166   0.0000192808   0.0000124382   0.0000007245   0.0000509719
       -0.0000500278  -0.0001495992
       -0.0301404569  -0.0060454036  -0.0479145260  -0.0280885253  -0.0026386131
       -0.0070110249  -0.0007567764  -0.0008367031   0.0027130987  -0.0003828257
        0.0003263084  -0.0008139926   0.0004670010   0.0007278707   0.0000534941
       -0.0001902085   0.0001319325   0.0000156034   0.0000218996  -0.0001887396
       -0.0000191406   0.0003999192  -0.0000643905  -0.0000613363   0.0007628946
       -0.0006424501  -0.0003127752  -0.0010822735   0.0024398312  -0.0042043125
       -0.0014233406   0.0000585652  -0.0001830093  -0.0000493008   0.0001741219
       -0.0002658898   0.0000845250   0.0000018118  -0.0000006948   0.0000202791
       -0.0000203192   0.0000410163   0.0000083120  -0.0000126747   0.0000246129
       -0.0000007152   0.0000051339  -0.0000107038   0.0000121251   0.0000344878
       -0.0000313824   0.0000677443  -0.0000604426   0.0000983757   0.0004515844
        0.0003770464  -0.0002309636   0.0232464340   0.0028467326   0.0019422235
        0.0000491168  -0.0005298946   0.0011278343   0.0370568459   0.0044740779
        0.0550324046  -0.0000630117  -0.0000753732   0.0000018826  -0.0000894906
       -0.0000550540  -0.0000093023  -0.0000847296  -0.0000288793   0.0000023151
       -0.0000907111   0.0000202740   0.0000226443  -0.0001045108  -0.0002271541
       -0.0001610172  -0.0000379976  -0.0000448836   0.0000828978  -0.0001144739
        0.0000150524  -0.0000563214   0.0000089338   0.0000038088  -0.0000055210
       -0.0000084427   0.0000002710  -0.0000020707  -0.0000048728  -0.0000060932
        0.0000043239  -0.0000161323  -0.0000172768   0.0000146783   0.0000711813
       -0.0001429811   0.0001165787
        0.0000030957  -0.0000669683   0.0000002735   0.0000603565  -0.0002064482
        0.0004093874   0.0011288287  -0.0004010238  -0.0005470132   0.0066968341
       -0.0106194120  -0.0013281646  -0.1111548399   0.1111259771   0.0146011484
       -0.0179287348   0.0262752495   0.0035759156  -0.0057712253  -0.0006542119
        0.0006320293  -0.0001425015  -0.0006063484  -0.0000419588  -0.0008107950
       -0.0025752153   0.0001598093   0.0000292662   0.0001328575   0.0000170678
       -0.0000568876   0.0000063993   0.0000214954  -0.0000150882   0.0000209440
       -0.0000248818   0.0000018176  -0.0000039460  -0.0000010206  -0.0000041570
        0.0000135649  -0.0000238424  -0.0000040334  -0.0000019480  -0.0000019839
       -0.0000002324  -0.0000054931   0.0000071223  -0.0000017507  -0.0000205257
        0.0000272975   0.0000200307  -0.0000105350  -0.0000164674  -0.0000289502
       -0.0000210772   0.0000503382  -0.0000193638   0.0000004834  -0.0000072484
       -0.0000194266   0.0000239831  -0.0000218352  -0.0000187773   0.0000527331
       -0.0000630117   0.1280133503  -0.1238621613  -0.0171889291   0.0007192198
        0.0007616550  -0.0001284422  -0.0010246476   0.0013595359   0.0001493170
        0.0000114010   0.0000059704  -0.0000893464   0.0002599247  -0.0007177430
       -0.0000855559   0.0000055638  -0.0000197228  -0.0000599463   0.0000094111
        0.0000011654   0.0000002483   0.0000041400  -0.0000039238   0.0000020705
        0.0000118918  -0.0000010034  -0.0000028114   0.0000111979   0.0000017606
       -0.0000051806   0.0000028911   0.0000028955  -0.0000063074   0.0000121905
        0.0000125324  -0.0000095731
       -0.0000278016   0.0000252198  -0.0000343496  -0.0000795119  -0.0004660461
        0.0001289816   0.0012943232   0.0017139969   0.0002753480   0.0128693441
       -0.0264879591  -0.0030743729   0.1111882897  -0.2289062840  -0.0242238698
        0.0023253754  -0.0018044474  -0.0003731840   0.0000620099   0.0016522600
       -0.0005905629  -0.0008104431   0.0005517670   0.0001097826  -0.0031919896
       -0.0042253982  -0.0008000006   0.0001318807   0.0000669454  -0.0000218244
       -0.0000644933  -0.0000242072   0.0001214089   0.0000165437   0.0000137988
       -0.0000182958   0.0000359697  -0.0000008668  -0.0000124339   0.0000069642
        0.0000003570   0.0000078781   0.0000083291   0.0000058780  -0.0000107638
        0.0000132022   0.0000031295  -0.0000006358  -0.0000015337   0.0000157099
       -0.0000108716   0.0000538067   0.0000032768  -0.0000111149   0.0000079118
        0.0000260850  -0.0000072360  -0.0000788960   0.0000405765   0.0000426990
        0.0000921009   0.0000540843  -0.0000212246   0.0001018067  -0.0001528553
       -0.0000753732  -0.1238621613   0.2585011337   0.0283635974  -0.0007429918
        0.0010282641   0.0004051857   0.0000392840  -0.0001697811  -0.0000107538
       -0.0000188510   0.0000284653   0.0001643275   0.0006982060  -0.0014718276
       -0.0001932310  -0.0000831886  -0.0000082345  -0.0001225624   0.0000015014
        0.0000036810  -0.0000099786  -0.0000037261  -0.0000008348  -0.0000048028
       -0.0000014531  -0.0000019954  -0.0000008704  -0.0000007284  -0.0000022491
        0.0000009663   0.0000033888  -0.0000056626   0.0000040744   0.0000175312
       -0.0000059797   0.0000040633
        0.0000171232   0.0000853221   0.0000526986   0.0007564330  -0.0000285392
        0.0000053492  -0.0012714304   0.0007897375  -0.0027393663   0.0021247794
       -0.0021821010   0.0014428690   0.0142799147  -0.0245608050  -0.0354441358
        0.0009039289  -0.0011897071  -0.0002405507   0.0006088293  -0.0009078973
        0.0080235934   0.0001989249   0.0001959200  -0.0001801944  -0.0001971826
       -0.0009387480   0.0071378605   0.0000180979   0.0001204821  -0.0000202744
       -0.0000651456  -0.0000191648   0.0000535539   0.0000076861  -0.0000064687
       -0.0000255429   0.0000147560  -0.0000020262  -0.0000098307   0.0000051619
        0.0000013030  -0.0000021472   0.0000060106  -0.0000020407  -0.0000059819
       -0.0000042004  -0.0000002012   0.0000122254   0.0000005561   0.0000053189
        0.0000155469   0.0000031242  -0.0000087702  -0.0000082300   0.0000333075
        0.0000180339  -0.0000047384   0.0000247085   0.0000175420  -0.0000021582
        0.0000006142  -0.0000081587  -0.0000357695  -0.0000754379  -0.0000351067
        0.0000018826  -0.0171889291   0.0283635974   0.0266937079  -0.0002259697
        0.0003590038  -0.0028219738   0.0000672135  -0.0000881912   0.0002414300
       -0.0000693577   0.0001581046  -0.0017404101   0.0000520932  -0.0001247593
       -0.0003650741  -0.0000160092  -0.0000308216  -0.0000092633  -0.0000143074
        0.0000064261  -0.0000086040  -0.0000048673   0.0000028841   0.0000012628
        0.0000016419  -0.0000007526   0.0000012059   0.0000001985   0.0000030891
       -0.0000019691  -0.0000002889  -0.0000004832  -0.0000047449   0.0000080228
        0.0000079780  -0.0000122265
       -0.0000134479  -0.0001422112   0.0001437903  -0.0000921814   0.0001065051
       -0.0002850568  -0.0006690470  -0.0016197712   0.0000654891  -0.0055775547
        0.0002859447   0.0003939567  -0.0179731967  -0.0268824835  -0.0016046130
       -0.1036314466  -0.1070903678  -0.0067703580   0.0066999971   0.0118745460
        0.0008546415  -0.0005712000   0.0028546323   0.0007108635  -0.0002006020
        0.0006500467   0.0000576616  -0.0001431926   0.0001444322   0.0001839918
       -0.0000675926  -0.0000250003   0.0000455460  -0.0000011661  -0.0000161363
        0.0000154142  -0.0000122243  -0.0000110785   0.0000146494   0.0000026688
       -0.0000098429   0.0000227763  -0.0000017311  -0.0000038701   0.0000078633
       -0.0000080759   0.0000122411  -0.0000142278  -0.0000039273   0.0000202249
       -0.0000310026  -0.0000295325  -0.0000272626  -0.0000241385   0.0000105071
        0.0000482993  -0.0000629239  -0.0000082218   0.0000164027   0.0000122320
        0.0000156626  -0.0000061000   0.0000127242  -0.0000301299   0.0000215079
       -0.0000894906   0.0007192198  -0.0007429918  -0.0002259697   0.1204006253
        0.1189722072   0.0066998849   0.0009275337   0.0008582462  -0.0001054848
        0.0002390537   0.0006806751   0.0000528209  -0.0000077820   0.0000363721
       -0.0000971956   0.0000338389  -0.0000218335   0.0000313580  -0.0000100781
        0.0000083422  -0.0000127055  -0.0000030145   0.0000051240  -0.0000070498
       -0.0000077246  -0.0000001530  -0.0000015637  -0.0000071008  -0.0000036494
        0.0000028119   0.0000068914  -0.0000042913   0.0000032860   0.0000141719
        0.0000112940   0.0000000188
       -0.0000352822  -0.0000745015   0.0001358032   0.0003207800   0.0000772029
       -0.0003160085  -0.0004320703  -0.0002075939   0.0001134952   0.0000170348
        0.0015609543  -0.0006479823  -0.0031854704  -0.0028431555  -0.0002314837
       -0.1069739578  -0.2365078835  -0.0142238732  -0.0122705937  -0.0261434957
       -0.0019784864   0.0034425022  -0.0040612259  -0.0013107122   0.0006787843
        0.0006626707   0.0000827089  -0.0001019580   0.0000223195   0.0000317836
       -0.0000353902  -0.0000200297   0.0000504443   0.0000018022  -0.0000148292
        0.0000152188   0.0000064901  -0.0000052307   0.0000004892   0.0000026225
       -0.0000110888   0.0000240572   0.0000064173  -0.0000022154   0.0000000633
        0.0000017626   0.0000088762  -0.0000128604  -0.0000049574   0.0000213749
       -0.0000247169  -0.0000243931  -0.0000001084  -0.0000074088   0.0000292361
        0.0000400339  -0.0000491472  -0.0000132989   0.0000185158   0.0000332599
        0.0000348620  -0.0000198718   0.0000063772   0.0000073971  -0.0000325965
       -0.0000550540   0.0007616550   0.0010282641   0.0003590038   0.1189722072
        0.2672563501   0.0176176874  -0.0005698711   0.0007375848   0.0003572360
       -0.0006365169  -0.0015052851  -0.0001283719   0.0000033270   0.0000303100
        0.0001619189   0.0000084650  -0.0000137630   0.0000058245  -0.0000091516
        0.0000066919  -0.0000115956  -0.0000028191   0.0000032698  -0.0000064665
       -0.0000093208  -0.0000017565  -0.0000010490  -0.0000077673  -0.0000048907
        0.0000036187   0.0000064220  -0.0000050044   0.0000033047   0.0000110512
        0.0000001076   0.0000029217
        0.0000127641  -0.0000093845  -0.0000324697   0.0000986551   0.0000968592
       -0.0000872595  -0.0002848087   0.0000023612   0.0000627266   0.0008953958
       -0.0009761143   0.0082569247   0.0006265812   0.0010370446   0.0007379722
       -0.0066728989  -0.0142668730  -0.0354425449  -0.0015227588  -0.0031691254
        0.0005792560   0.0007550791  -0.0012098950   0.0076029052   0.0000019152
        0.0001970618  -0.0001708736  -0.0000642101  -0.0000101830  -0.0000091068
        0.0000067414  -0.0000033009   0.0000018317  -0.0000066843  -0.0000111741
       -0.0000095021   0.0000128366   0.0000004145  -0.0000082224  -0.0000016764
       -0.0000022894  -0.0000001887   0.0000063916  -0.0000010369  -0.0000049523
       -0.0000052496  -0.0000018737   0.0000109563   0.0000002388   0.0000098781
        0.0000131408  -0.0000089936   0.0000029838   0.0000076619   0.0000118717
        0.0000109561  -0.0000016184   0.0000083306   0.0000044768  -0.0000146273
       -0.0000002431  -0.0000052062   0.0000025815  -0.0000272797  -0.0000213573
       -0.0000093023  -0.0001284422   0.0004051857  -0.0028219738   0.0066998849
        0.0176176874   0.0255858701  -0.0002325924   0.0002827296  -0.0024699397
       -0.0000722463  -0.0001626624  -0.0000770981  -0.0001093962   0.0001788545
       -0.0017027005   0.0000031163  -0.0000013400   0.0000013630  -0.0000037298
        0.0000036519  -0.0000009919  -0.0000009999   0.0000024683   0.0000026996
        0.0000005704   0.0000004587   0.0000019447   0.0000000043   0.0000023908
       -0.0000001826   0.0000010569  -0.0000034106  -0.0000003329   0.0000007758
       -0.0000002363  -0.0000039468
       -0.0000460756  -0.0001023187   0.0002004969   0.0004761502   0.0001951346
       -0.0003288402  -0.0001158959  -0.0000548224   0.0000025042   0.0010653466
       -0.0000093786  -0.0000300366  -0.0006458909   0.0033091770   0.0007014009
       -0.0190001942   0.0014510146   0.0011687820  -0.2983431091  -0.0044675143
        0.0135267281  -0.0184391710  -0.0020880472   0.0007828186  -0.0004491006
       -0.0032727761   0.0000516285  -0.0001062981  -0.0000051767   0.0000087953
       -0.0000400422  -0.0000329007   0.0000530686  -0.0000008541  -0.0000183246
        0.0000215858  -0.0000025468  -0.0000052198   0.0000065478  -0.0000063087
       -0.0000185474   0.0000234036   0.0000022559  -0.0000039560   0.0000051086
       -0.0000017328   0.0000092508  -0.0000161964  -0.0000100019   0.0000196674
       -0.0000286127  -0.0000366999  -0.0000003949  -0.0000049822   0.0000345973
        0.0000392013  -0.0000587858  -0.0000048862   0.0000270680   0.0000353748
        0.0000297997  -0.0000269118   0.0000007504  -0.0000229394   0.0000139269
       -0.0000847296  -0.0010246476   0.0000392840   0.0000672135   0.0009275337
       -0.0005698711  -0.0002325924   0.3358307471   0.0050638589  -0.0158373074
        0.0009112367   0.0005856753  -0.0001163350  -0.0010070881  -0.0000732643
        0.0000750447   0.0000273670  -0.0000097150   0.0000190466  -0.0000088785
        0.0000058929  -0.0000133423   0.0000001738   0.0000021294  -0.0000067847
       -0.0000079048  -0.0000013761  -0.0000015059  -0.0000064246  -0.0000040779
        0.0000046196   0.0000082880  -0.0000016388   0.0000043497   0.0000131952
        0.0000049512   0.0000007828
       -0.0000244241   0.0000471236   0.0000071671  -0.0000274789  -0.0000715390
        0.0000078910  -0.0000059096   0.0001187533   0.0001915790   0.0000583114
       -0.0006511338  -0.0000827690   0.0027926343  -0.0039035946  -0.0012300344
        0.0257598909  -0.0006027258  -0.0014513940  -0.0044225674  -0.0440448203
       -0.0009638995  -0.0264418312  -0.0014885835   0.0012644949  -0.0027685382
       -0.0040950532  -0.0010174666   0.0000120684  -0.0000027537   0.0000038111
       -0.0000021049   0.0000085155   0.0000045101   0.0000016230  -0.0000011216
       -0.0000064652   0.0000016403  -0.0000042798  -0.0000051591   0.0000030792
        0.0000026703   0.0000006799   0.0000006927  -0.0000029572  -0.0000034928
        0.0000004080  -0.0000017670   0.0000025914  -0.0000010796   0.0000049352
        0.0000024353   0.0000004185   0.0000006422   0.0000027215  -0.0000035378
        0.0000054830  -0.0000001324  -0.0000158126   0.0000043196   0.0000056611
        0.0000244931   0.0000139458  -0.0000189803   0.0000088462  -0.0000501562
       -0.0000288793   0.0013595359  -0.0001697811  -0.0000881912   0.0008582462
        0.0007375848   0.0002827296   0.0050638589   0.0536254503   0.0026960653
       -0.0008289253   0.0007692265   0.0003877375  -0.0013956216  -0.0002246749
        0.0000449256  -0.0000102572  -0.0000121197  -0.0000061646  -0.0000017816
       -0.0000018652   0.0000007181  -0.0000008999  -0.0000022056   0.0000006310
       -0.0000010803  -0.0000026960   0.0000003220  -0.0000010297  -0.0000012844
       -0.0000003802   0.0000024285  -0.0000018919  -0.0000013743   0.0000047040
       -0.0000016456  -0.0000018887
        0.0000320801  -0.0000648459   0.0000263517   0.0003768983  -0.0000092835
       -0.0000820398  -0.0002224166   0.0004177622  -0.0016739999  -0.0001706965
       -0.0004167592   0.0004024998   0.0005776729  -0.0011615296   0.0071309093
        0.0033968293  -0.0001471313  -0.0002668531   0.0134777212  -0.0008863037
       -0.0327066195  -0.0017671361  -0.0002567503   0.0000017591   0.0004042304
       -0.0009176266   0.0072855005   0.0000170533   0.0001273036   0.0000124330
       -0.0000186855  -0.0000071398   0.0000051938   0.0000048825  -0.0000033908
       -0.0000025100  -0.0000031357  -0.0000015156   0.0000013445   0.0000009517
        0.0000028276   0.0000058598  -0.0000001974  -0.0000006772   0.0000010581
       -0.0000052632   0.0000025374  -0.0000008426   0.0000017175   0.0000011802
       -0.0000019468   0.0000005046  -0.0000128479  -0.0000141490   0.0000225267
        0.0000018250   0.0000009768  -0.0000092455   0.0000031634  -0.0000148175
        0.0000053696   0.0000022463   0.0000180709  -0.0000327691  -0.0000224974
        0.0000023151   0.0001493170  -0.0000107538   0.0002414300  -0.0001054848
        0.0003572360  -0.0024699397  -0.0158373074   0.0026960653   0.0243293325
       -0.0002271999   0.0002941294  -0.0025081988  -0.0000700869   0.0000104010
        0.0002803897   0.0000063387  -0.0000030366   0.0000052234  -0.0000092322
        0.0000041700  -0.0000020849   0.0000003295   0.0000003712  -0.0000018507
       -0.0000011987  -0.0000000367  -0.0000032282   0.0000009977  -0.0000008070
       -0.0000011345   0.0000047647  -0.0000031789  -0.0000012321  -0.0000001303
        0.0000048932   0.0000007992
       -0.0000093549   0.0000420230   0.0002920712   0.0001632195   0.0002514945
       -0.0004000797  -0.0010157472   0.0012600870   0.0004229568  -0.0054309291
       -0.0006033436   0.0008625783  -0.0001307805  -0.0006525540  -0.0000732596
       -0.0004130840  -0.0028347130   0.0001096095   0.0066777019  -0.0110363631
       -0.0014262609  -0.1085585544   0.1091484180   0.0146644974  -0.0187102350
        0.0264038206   0.0034553152  -0.0001020592  -0.0002886588  -0.0000305628
       -0.0000539452  -0.0000180732   0.0000523588  -0.0000064320  -0.0000151149
        0.0000239627  -0.0000087991  -0.0000103853   0.0000142770   0.0000010281
       -0.0000145428   0.0000220391  -0.0000015072  -0.0000045190   0.0000073398
       -0.0000056713   0.0000040590  -0.0000169850  -0.0000053500   0.0000240236
       -0.0000351863  -0.0000385195   0.0000257128   0.0000180278   0.0000019822
        0.0000365015  -0.0000842481   0.0000273287  -0.0000028961   0.0000341349
       -0.0000326133   0.0000052985  -0.0000254890  -0.0000437982   0.0000608841
       -0.0000907111   0.0000114010  -0.0000188510  -0.0000693577   0.0002390537
       -0.0006365169  -0.0000722463   0.0009112367  -0.0008289253  -0.0002271999
        0.1258074447  -0.1210187431  -0.0172785804   0.0006978214   0.0007375837
       -0.0001729290   0.0000358773  -0.0000226804   0.0000298276  -0.0000069864
        0.0000073993  -0.0000104165  -0.0000012425   0.0000054547  -0.0000053035
       -0.0000090968   0.0000013961  -0.0000002214  -0.0000087548  -0.0000035994
        0.0000039194   0.0000067502  -0.0000030456   0.0000074756   0.0000126154
       -0.0000006305  -0.0000013536
        0.0000095470   0.0001168783  -0.0001531446  -0.0003674791  -0.0002374817
        0.0002934234   0.0005018152  -0.0000995331  -0.0000645857  -0.0003686458
        0.0015905266  -0.0007293771  -0.0006845286   0.0006378901   0.0001298941
       -0.0034492126  -0.0042704710  -0.0009554335   0.0131171265  -0.0261353743
       -0.0033924464   0.1089507702  -0.2288270345  -0.0250961556   0.0026566758
       -0.0019561759  -0.0004271876   0.0001076205   0.0000458927   0.0000023791
        0.0000275885   0.0000344581  -0.0000492188   0.0000025733   0.0000141189
       -0.0000249602  -0.0000042135   0.0000008718  -0.0000097493   0.0000023939
        0.0000199970  -0.0000211184  -0.0000055933   0.0000008953  -0.0000062264
       -0.0000034595  -0.0000086486   0.0000181888   0.0000042509  -0.0000118866
        0.0000299899   0.0000227779  -0.0000053218   0.0000063036  -0.0000317163
       -0.0000251088   0.0000554754  -0.0000264406  -0.0000132089  -0.0000240581
        0.0000094275   0.0000396170  -0.0000151272   0.0000262056  -0.0000771641
        0.0000202740   0.0000059704   0.0000284653   0.0001581046   0.0006806751
       -0.0015052851  -0.0001626624   0.0005856753   0.0007692265   0.0002941294
       -0.1210187431   0.2588462569   0.0296682423  -0.0007429311   0.0010380503
        0.0004561254  -0.0000202066  -0.0000017786  -0.0000086726   0.0000061255
       -0.0000077627   0.0000140207   0.0000011817  -0.0000036216   0.0000084712
        0.0000074252  -0.0000001367   0.0000021255   0.0000058482   0.0000042909
       -0.0000048767  -0.0000033911   0.0000013131  -0.0000068730  -0.0000051131
       -0.0000027549  -0.0000052739
        0.0000385091   0.0000009458  -0.0000169211  -0.0001553920  -0.0002079736
        0.0001557944   0.0001428017   0.0003047914  -0.0002705362   0.0007254936
       -0.0005089141   0.0081578070  -0.0001928356  -0.0000464261  -0.0002254507
        0.0001356121  -0.0010078533   0.0077846231   0.0009124916  -0.0021238796
        0.0004995719   0.0145865288  -0.0250520322  -0.0374984150   0.0014980700
       -0.0018155000   0.0006061894   0.0000604731   0.0000154985  -0.0000169154
       -0.0000040146  -0.0000027875  -0.0000001220   0.0000081771   0.0000069678
        0.0000076608  -0.0000107321   0.0000004477   0.0000065097   0.0000005138
        0.0000061418   0.0000063584  -0.0000059843   0.0000020215   0.0000061434
       -0.0000025162   0.0000029739  -0.0000063700   0.0000000189  -0.0000077765
       -0.0000057454   0.0000119308  -0.0000037314  -0.0000094341  -0.0000110530
       -0.0000082854   0.0000084200   0.0000150803   0.0000008102  -0.0000075011
       -0.0000096804  -0.0000073908   0.0000058231  -0.0000503871   0.0000050909
        0.0000226443  -0.0000893464   0.0001643275  -0.0017404101   0.0000528209
       -0.0001283719  -0.0000770981  -0.0001163350   0.0003877375  -0.0025081988
       -0.0172785804   0.0296682423   0.0278880890  -0.0002619047   0.0003555824
       -0.0027656263   0.0000003760  -0.0000046144   0.0000008777  -0.0000092340
       -0.0000022042  -0.0000029901   0.0000014243  -0.0000046580  -0.0000042387
       -0.0000010311   0.0000000867  -0.0000041342   0.0000036953   0.0000004543
        0.0000013441   0.0000061935   0.0000038823   0.0000000207  -0.0000011840
        0.0000063967   0.0000022304
       -0.0000562567   0.0001254263   0.0002402497   0.0002102345  -0.0001925091
        0.0002275878   0.0019287338   0.0010880961  -0.0004392043   0.0056287507
        0.0111807968   0.0009088955  -0.0007730314   0.0026695598   0.0007084104
       -0.0002136714   0.0005777709   0.0000411947  -0.0057664157   0.0003327354
        0.0008158772  -0.0173338999  -0.0268688680  -0.0018219313  -0.1048540883
       -0.1075751439  -0.0077713477  -0.0000231365  -0.0000616439  -0.0001036054
        0.0000135833   0.0000322998  -0.0000662059  -0.0000165153  -0.0000074002
        0.0000081535  -0.0000042867  -0.0000013385  -0.0000029431  -0.0000073562
        0.0000062464  -0.0000152202  -0.0000037677   0.0000001065  -0.0000016903
       -0.0000051158  -0.0000026904   0.0000021923   0.0000068504  -0.0000130696
        0.0000231505  -0.0000138790   0.0000120531   0.0000001555  -0.0000163915
       -0.0000372736   0.0000286330  -0.0000771836  -0.0000151655  -0.0000248519
       -0.0000791075  -0.0000429341   0.0002217401   0.0000703363  -0.0000804128
       -0.0001045108   0.0002599247   0.0006982060   0.0000520932  -0.0000077820
        0.0000033270  -0.0001093962  -0.0010070881  -0.0013956216  -0.0000700869
        0.0006978214  -0.0007429311  -0.0002619047   0.1213618993   0.1203408591
        0.0074764518   0.0000276806  -0.0000072785   0.0000057601   0.0000187689
       -0.0000073329   0.0000081521   0.0000085283  -0.0000053559   0.0000032994
        0.0000097877  -0.0000006426   0.0000001918   0.0000121658   0.0000032682
       -0.0000012966   0.0000022660   0.0000015902   0.0000019092   0.0000016414
       -0.0000147294   0.0000200974
       -0.0000635804   0.0003250481  -0.0000188351   0.0001797923  -0.0003456192
        0.0000890266  -0.0017145627   0.0013485276   0.0006849516  -0.0116530927
       -0.0264435708  -0.0022746346   0.0032820745  -0.0040935100  -0.0012328472
        0.0007694577   0.0006440599   0.0000207491  -0.0004158802   0.0016554175
       -0.0006515939  -0.0028425394  -0.0027692929  -0.0002949993  -0.1075519861
       -0.2349373150  -0.0159412000   0.0000895780  -0.0000217446   0.0000291306
       -0.0000207662   0.0000711244  -0.0000424851  -0.0000021469   0.0000187356
       -0.0000200638  -0.0000249892  -0.0000031652  -0.0000121168   0.0000007860
        0.0000128799  -0.0000112364  -0.0000088788  -0.0000043225   0.0000014461
       -0.0000176161  -0.0000045882   0.0000043473  -0.0000110391  -0.0000086523
        0.0000231318  -0.0000334954  -0.0000179041  -0.0000021642  -0.0000435407
        0.0000090442   0.0000312089  -0.0001563027  -0.0000019119   0.0000658617
        0.0000988352   0.0002465682  -0.0001090574  -0.0001747252  -0.0002494399
       -0.0002271541  -0.0007177430  -0.0014718276  -0.0001247593   0.0000363721
        0.0000303100   0.0001788545  -0.0000732643  -0.0002246749   0.0000104010
        0.0007375837   0.0010380503   0.0003555824   0.1203408591   0.2652602286
        0.0194656170  -0.0000220488  -0.0000599370   0.0000318051  -0.0000111668
       -0.0000072984   0.0000084037   0.0000002690  -0.0000025974   0.0000069549
        0.0000025290  -0.0000028769   0.0000026238   0.0000020691  -0.0000023710
       -0.0000028787   0.0000041099   0.0000006340  -0.0000112941   0.0000150490
        0.0000119917  -0.0000327759
        0.0000383277  -0.0002060088  -0.0003048866   0.0003499436  -0.0001825760
        0.0002977771   0.0002992795   0.0010374524  -0.0023364804  -0.0033922828
       -0.0034614176   0.0010825211   0.0008937421  -0.0009666248   0.0069547381
       -0.0000358840   0.0000188959  -0.0001699921   0.0007912377  -0.0007881878
        0.0078886562   0.0011410347   0.0014936036  -0.0000914100  -0.0074380262
       -0.0170004266  -0.0335653290   0.0001154427   0.0002057651   0.0000245047
       -0.0000800240  -0.0000341221   0.0000210369   0.0000019095   0.0000146017
       -0.0000097643  -0.0000250847  -0.0000053410   0.0000141969   0.0000038441
        0.0000013626   0.0000084930  -0.0000061367  -0.0000003446   0.0000073104
       -0.0000011421   0.0000059655  -0.0000134608  -0.0000015915  -0.0000049307
       -0.0000162726   0.0000163944  -0.0000125884  -0.0000293632   0.0000099155
       -0.0000029871   0.0000035737  -0.0000456990   0.0000665461  -0.0000368134
        0.0002625702   0.0000512437  -0.0001396885  -0.0000999065  -0.0002098655
       -0.0001610172  -0.0000855559  -0.0001932310  -0.0003650741  -0.0000971956
        0.0001619189  -0.0017027005   0.0000750447   0.0000449256   0.0002803897
       -0.0001729290   0.0004561254  -0.0027656263   0.0074764518   0.0194656170
        0.0251817237   0.0000082411   0.0000113045  -0.0000020120  -0.0000199239
        0.0000100773  -0.0000116902  -0.0000046599   0.0000027744  -0.0000092780
       -0.0000063143   0.0000016444  -0.0000059491  -0.0000022064  -0.0000036320
       -0.0000004711   0.0000094354   0.0000019369  -0.0000067470   0.0000217478
        0.0000205230  -0.0000208950
       -0.0000903542  -0.0001661363   0.0003786335   0.0004228698   0.0005328102
       -0.0004995100  -0.0009788939   0.0007828495  -0.0011984776  -0.0008585732
       -0.0000921345   0.0000473111   0.0000651332   0.0000457485   0.0000357638
       -0.0001099760  -0.0000079878   0.0000049020   0.0000266839  -0.0000430446
       -0.0000037271  -0.0000113039  -0.0000032771  -0.0000296697   0.0001185777
        0.0000478193  -0.0000080774   0.0050990902   0.0014078160  -0.0015109486
       -0.1709920491  -0.0822079431   0.1024645586  -0.0236281765  -0.0128723182
        0.0156221179  -0.0046552293   0.0000666909  -0.0025136289  -0.0007538279
       -0.0007305535   0.0009114579  -0.0003751343   0.0000601428  -0.0000142150
        0.0000399171   0.0000671410  -0.0001088127   0.0001255229   0.0001896256
       -0.0000215865  -0.0000387645   0.0002852378  -0.0004206324  -0.0000142275
        0.0004710439  -0.0017158851   0.0000049837  -0.0000059951   0.0001005041
        0.0000101546  -0.0000512455   0.0000463013  -0.0000111761   0.0000214593
       -0.0000379976   0.0000055638  -0.0000831886  -0.0000160092   0.0000338389
        0.0000084650   0.0000031163   0.0000273670  -0.0000102572   0.0000063387
        0.0000358773  -0.0000202066   0.0000003760   0.0000276806  -0.0000220488
        0.0000082411   0.1955643058   0.0921922606  -0.1121204723   0.0008078322
       -0.0000621858   0.0008214971   0.0000586259  -0.0000504433   0.0000550842
       -0.0001246210  -0.0000472893   0.0000660208  -0.0000169876  -0.0000262930
       -0.0000119879  -0.0000094509  -0.0000145689   0.0000088159   0.0001947214
        0.0003380066  -0.0003494023
       -0.0000678822   0.0001010865  -0.0002711264  -0.0006662590  -0.0014529443
       -0.0005752502  -0.0000625635   0.0004085538  -0.0006686357   0.0010943219
        0.0001531208   0.0000269882  -0.0002173982  -0.0000919849   0.0000254532
        0.0000394866  -0.0000385557  -0.0000031232  -0.0000663340  -0.0000182327
        0.0000094080   0.0000686871   0.0000296656   0.0000158632  -0.0002613888
        0.0001638603   0.0000211474  -0.0106686091  -0.0066926132   0.0109063876
       -0.0821129004  -0.0882876550   0.0676929889  -0.0002633085   0.0010354562
        0.0000460402  -0.0004879174   0.0071581918   0.0041003425   0.0001163642
        0.0000125108   0.0000922844   0.0000912184  -0.0005912705  -0.0004182121
        0.0000054975   0.0000233999  -0.0000316009   0.0001678062  -0.0008852927
       -0.0006840229   0.0002830246  -0.0000141288  -0.0002450894   0.0008434081
        0.0022499123   0.0049673587  -0.0000475264  -0.0000225526  -0.0000694773
       -0.0000651992   0.0000526955  -0.0000516433   0.0000245285   0.0000512104
       -0.0000448836  -0.0000197228  -0.0000082345  -0.0000308216  -0.0000218335
       -0.0000137630  -0.0000013400  -0.0000097150  -0.0000121197  -0.0000030366
       -0.0000226804  -0.0000017786  -0.0000046144  -0.0000072785  -0.0000599370
        0.0000113045   0.0921922606   0.0887345372  -0.0836726093   0.0008131032
       -0.0020604794  -0.0019690274  -0.0000405031   0.0001623290   0.0000739531
       -0.0000242549   0.0000222036   0.0000172680  -0.0000400999   0.0001949102
        0.0001394020   0.0000267916   0.0000142871   0.0000002253  -0.0005931237
       -0.0003163884   0.0005980991
        0.0000794080  -0.0000730631   0.0003242215   0.0019385895  -0.0003554519
       -0.0013740877   0.0002676728  -0.0007329254   0.0010329195  -0.0013458160
        0.0001508119   0.0001415197   0.0003348039   0.0002701691   0.0000344198
       -0.0000865082   0.0000441388  -0.0000179408   0.0001298769  -0.0000579449
       -0.0000023776  -0.0000000598  -0.0000260118  -0.0000553138   0.0002735947
       -0.0002092520  -0.0000713958   0.0158604386   0.0127786105  -0.0155821299
        0.1025724746   0.0677034682  -0.1219287823  -0.0037539079  -0.0021599540
        0.0038214282  -0.0019083501   0.0041188928   0.0031959953  -0.0002306902
       -0.0000596767   0.0000943259  -0.0000523423  -0.0004563060  -0.0001849201
       -0.0000521399  -0.0000134615   0.0000008071   0.0000744096  -0.0006414478
       -0.0003382030  -0.0005937422  -0.0002418496   0.0000965498  -0.0019162050
        0.0049271117  -0.0026176756   0.0000687229   0.0000238492   0.0001299762
        0.0000789120  -0.0000673449   0.0000360490  -0.0000578420  -0.0000337806
        0.0000828978  -0.0000599463  -0.0001225624  -0.0000092633   0.0000313580
        0.0000058245   0.0000013630   0.0000190466  -0.0000061646   0.0000052234
        0.0000298276  -0.0000086726   0.0000008777   0.0000057601   0.0000318051
       -0.0000020120  -0.1121204723  -0.0836726093   0.1340780884  -0.0004685358
       -0.0021043152  -0.0003064274   0.0000330374   0.0000774042   0.0001013294
        0.0000004965   0.0000100496   0.0000218324  -0.0000044836   0.0001381529
        0.0000721172  -0.0000520070  -0.0000161436   0.0000211643   0.0009046188
        0.0007786492  -0.0008025762
       -0.0004826270   0.0000092408  -0.0001756854   0.0000215291   0.0007393494
       -0.0011435134   0.0000353211   0.0000002906   0.0000423000   0.0001352046
        0.0000080160  -0.0000881093  -0.0000789864  -0.0000046713   0.0000075799
        0.0000030558  -0.0000025667   0.0000155105  -0.0000151253  -0.0000099705
       -0.0000057477   0.0000165893  -0.0000007055   0.0000028239  -0.0000862679
        0.0000218502   0.0000313192  -0.0051291930  -0.0004965523  -0.0015885371
       -0.0110924241   0.0149838338  -0.0249000057  -0.0629167539   0.0338506663
       -0.0572095235   0.0051120067  -0.0092827044   0.0149590023   0.0011761100
       -0.0008302168   0.0017963302   0.0000957714   0.0002036669  -0.0002662037
        0.0001802750   0.0000110727   0.0000578166   0.0001618428  -0.0004955539
        0.0008112389  -0.0024789322  -0.0021803378   0.0019039772  -0.0004315317
       -0.0001985984   0.0002432324   0.0000037938  -0.0000068168   0.0000513093
        0.0000137923  -0.0000314024   0.0000309140  -0.0000561852   0.0000395537
       -0.0001144739   0.0000094111   0.0000015014  -0.0000143074  -0.0000100781
       -0.0000091516  -0.0000037298  -0.0000088785  -0.0000017816  -0.0000092322
       -0.0000069864   0.0000061255  -0.0000092340   0.0000187689  -0.0000111668
       -0.0000199239   0.0008078322   0.0008131032  -0.0004685358   0.0759523826
       -0.0371952263   0.0661433171  -0.0007081373   0.0000369411  -0.0002288786
        0.0000069613  -0.0000034378  -0.0000242035  -0.0000011343   0.0000300324
       -0.0000498803  -0.0001976213  -0.0001668565   0.0001560891  -0.0000497853
        0.0001724737   0.0000669644
        0.0001117291  -0.0000928196  -0.0000432431  -0.0001360750  -0.0000774976
        0.0001153128   0.0000537507  -0.0000183173  -0.0000145686  -0.0000333979
        0.0000449284   0.0000334268   0.0000403621  -0.0000081294   0.0000174131
       -0.0000188463   0.0000085949  -0.0000201201   0.0000063570  -0.0000014099
        0.0000187365  -0.0000183257   0.0000049384  -0.0000064986   0.0000263081
        0.0000117871  -0.0000207843  -0.0002127554   0.0070955807   0.0040004688
        0.0019486667  -0.0011112752   0.0029780530   0.0345523401  -0.1007657458
        0.1090189409   0.0026313415  -0.0071273185   0.0135494888   0.0011337570
       -0.0010037778  -0.0010208382   0.0002205388  -0.0000607441  -0.0000810299
        0.0000906316  -0.0000283431  -0.0002221957   0.0004093800  -0.0004409555
        0.0004470558  -0.0027652343   0.0030309032   0.0037365304  -0.0001818713
        0.0001484613  -0.0003990708  -0.0000176459  -0.0000047885  -0.0000176142
       -0.0000075689  -0.0000047623   0.0000024187   0.0000286110  -0.0000239291
        0.0000150524   0.0000011654   0.0000036810   0.0000064261   0.0000083422
        0.0000066919   0.0000036519   0.0000058929  -0.0000018652   0.0000041700
        0.0000073993  -0.0000077627  -0.0000022042  -0.0000073329  -0.0000072984
        0.0000100773  -0.0000621858  -0.0020604794  -0.0021043152  -0.0371952263
        0.1033387225  -0.1292999466  -0.0005499838   0.0002195346  -0.0001749279
       -0.0000092373   0.0001539003   0.0000366408  -0.0000388697   0.0000256902
       -0.0000046900  -0.0001640962   0.0000968223   0.0003363166   0.0001420791
       -0.0013430177  -0.0008981333
       -0.0002048198  -0.0001053124  -0.0000543886   0.0004236577   0.0003497004
       -0.0005031043  -0.0000940181  -0.0000704186   0.0001297128   0.0001136188
        0.0000402271  -0.0000434173  -0.0000587648   0.0000064026   0.0000082009
        0.0000148396   0.0000130393  -0.0000041290   0.0000135179  -0.0000155484
        0.0000115800   0.0000267786  -0.0000037262  -0.0000048732  -0.0000740563
       -0.0000003915   0.0000401834  -0.0025067813   0.0038637440   0.0034345066
       -0.0048536460   0.0052726371  -0.0083352348  -0.0583318016   0.1089171662
       -0.2109266691  -0.0033103630   0.0114793295  -0.0167831279  -0.0012471141
       -0.0013619429   0.0000662216  -0.0002882960  -0.0000758958  -0.0000796879
       -0.0000682767  -0.0002405065   0.0001733041  -0.0005784535   0.0002938177
       -0.0007549601   0.0028226607   0.0038385898   0.0003686385   0.0002875947
       -0.0003648382   0.0005181124   0.0000174748   0.0000077035   0.0000119689
        0.0000334071  -0.0000151173   0.0000206753  -0.0000532395   0.0000000519
       -0.0000563214   0.0000002483  -0.0000099786  -0.0000086040  -0.0000127055
       -0.0000115956  -0.0000009919  -0.0000133423   0.0000007181  -0.0000020849
       -0.0000104165   0.0000140207  -0.0000029901   0.0000081521   0.0000084037
       -0.0000116902   0.0008214971  -0.0019690274  -0.0003064274   0.0661433171
       -0.1292999466   0.2333046131   0.0006750149  -0.0000687894   0.0003777335
       -0.0000141440   0.0000357929   0.0001194811   0.0000467783   0.0000088634
        0.0000194286   0.0001502446   0.0003357259  -0.0001571395   0.0001214367
       -0.0008728988  -0.0005685193
       -0.0000436310  -0.0000033233  -0.0000159503   0.0002352290  -0.0000206083
        0.0000695878  -0.0000899320  -0.0000342885   0.0000468582   0.0000156806
        0.0000056613  -0.0000154638  -0.0000253747   0.0000083656  -0.0000014502
        0.0000014303  -0.0000026688   0.0000076683  -0.0000021658  -0.0000039839
       -0.0000007026   0.0000062937   0.0000021361   0.0000027294  -0.0000304536
       -0.0000028800   0.0000143162   0.0001466422   0.0000507801  -0.0000422414
        0.0003913621  -0.0000171241   0.0001245704   0.0008629848   0.0013711067
       -0.0015849799  -0.0098012011   0.0142251007  -0.0237143438  -0.0642142207
        0.0354516771  -0.0597543539   0.0049674434  -0.0102115936   0.0164059534
       -0.0019731461  -0.0026123186   0.0020078505  -0.0003516855  -0.0002462152
        0.0003267176  -0.0053824224  -0.0005478133  -0.0011690481  -0.0002650828
        0.0007673303  -0.0011971674   0.0000124012   0.0000145518   0.0000230693
        0.0000182678  -0.0000194342   0.0000076490  -0.0000217705  -0.0000083624
        0.0000089338   0.0000041400  -0.0000037261  -0.0000048673  -0.0000030145
       -0.0000028191  -0.0000009999   0.0000001738  -0.0000008999   0.0000003295
       -0.0000012425   0.0000011817   0.0000014243   0.0000085283   0.0000002690
       -0.0000046599   0.0000586259  -0.0000405031   0.0000330374  -0.0007081373
       -0.0005499838   0.0006750149   0.0755973680  -0.0370492462   0.0659864032
        0.0008778641  -0.0001649435   0.0009680653   0.0001541502  -0.0005358288
        0.0008538485  -0.0000198567   0.0001493284   0.0001213139  -0.0004252481
        0.0000310757  -0.0001791124
        0.0000231529   0.0000228229   0.0000081016  -0.0001378521   0.0000066751
       -0.0000246556   0.0000696741  -0.0000077617  -0.0000135542  -0.0000495089
        0.0000108765  -0.0000050366   0.0000296685   0.0000035654   0.0000119954
       -0.0000161849   0.0000075849  -0.0000126699   0.0000078935  -0.0000054377
        0.0000145253  -0.0000123555   0.0000005939  -0.0000073969   0.0000273980
        0.0000049221  -0.0000086937   0.0000184667  -0.0000798374  -0.0001551862
       -0.0000051906  -0.0001557464   0.0000490396  -0.0006035855  -0.0009934975
       -0.0015811729   0.0022222697  -0.0008589261   0.0035604414   0.0347696148
       -0.1003876629   0.1085594257   0.0030886689  -0.0077272584   0.0136028251
       -0.0030561796   0.0054072347   0.0053900920  -0.0002098046   0.0001222454
       -0.0003654711   0.0000252936   0.0045235624   0.0024311103  -0.0001483631
       -0.0002310238   0.0001005377  -0.0000033156  -0.0000108774  -0.0000000923
       -0.0000092134  -0.0000059640  -0.0000031785   0.0000132987  -0.0000089613
        0.0000038088  -0.0000039238  -0.0000008348   0.0000028841   0.0000051240
        0.0000032698   0.0000024683   0.0000021294  -0.0000022056   0.0000003712
        0.0000054547  -0.0000036216  -0.0000046580  -0.0000053559  -0.0000025974
        0.0000027744  -0.0000504433   0.0001623290   0.0000774042   0.0000369411
        0.0002195346  -0.0000687894  -0.0370492462   0.1036074335  -0.1296690809
        0.0006469094  -0.0019458508  -0.0018221742   0.0001811993  -0.0004633894
        0.0006485810   0.0001697497  -0.0013954357  -0.0009087210   0.0000176161
        0.0001842393   0.0001841454
       -0.0000503100  -0.0000048285  -0.0000092013   0.0002681325  -0.0000000538
        0.0000686222  -0.0001174027  -0.0000225563   0.0000312593   0.0000596328
        0.0000046564  -0.0000247933  -0.0000407631   0.0000098590  -0.0000016344
        0.0000065778   0.0000110890  -0.0000059794   0.0000124738  -0.0000089436
        0.0000109265   0.0000122672  -0.0000055994  -0.0000071327  -0.0000384265
       -0.0000053216   0.0000288785   0.0000113753  -0.0001656746   0.0000622889
        0.0000889879   0.0000702615  -0.0002035554   0.0014590229  -0.0012106934
        0.0001726184  -0.0053807520   0.0056594811  -0.0083862165  -0.0586621640
        0.1087401293  -0.2101543195  -0.0039678222   0.0112216076  -0.0170737025
        0.0026820102   0.0054626540   0.0013999383   0.0002856338  -0.0003788275
        0.0005287102  -0.0020545595   0.0023192300   0.0021865521   0.0002060886
        0.0002409905  -0.0005072590   0.0000154623   0.0000049326   0.0000005938
        0.0000190691  -0.0000071291  -0.0000015482  -0.0000270434  -0.0000128438
       -0.0000055210   0.0000020705  -0.0000048028   0.0000012628  -0.0000070498
       -0.0000064665   0.0000026996  -0.0000067847   0.0000006310  -0.0000018507
       -0.0000053035   0.0000084712  -0.0000042387   0.0000032994   0.0000069549
       -0.0000092780   0.0000550842   0.0000739531   0.0001013294  -0.0002288786
       -0.0001749279   0.0003777335   0.0659864032  -0.1296690809   0.2332142286
       -0.0002648799  -0.0019627398  -0.0002740780  -0.0002441667   0.0005262251
       -0.0009066381   0.0000798289  -0.0009122424  -0.0006000245  -0.0001571138
        0.0001916055  -0.0000106706
       -0.0000642052   0.0000002029  -0.0000463174   0.0002873828  -0.0000569203
        0.0001025495  -0.0001895735   0.0000158670  -0.0000277374   0.0001377679
        0.0000006540  -0.0000119606  -0.0000613445  -0.0000027843  -0.0000127349
        0.0000182127   0.0000005325   0.0000067551  -0.0000058263  -0.0000012176
       -0.0000009559   0.0000191140  -0.0000017980   0.0000001612  -0.0000639096
        0.0000010164   0.0000234456  -0.0000056283  -0.0000182326   0.0000180400
       -0.0001849474  -0.0000818715   0.0002502647  -0.0010732474   0.0002832992
       -0.0006206983  -0.0017301194  -0.0030676996   0.0026800195  -0.0245957014
       -0.0003917158  -0.0038134726  -0.2841237925   0.0101638168  -0.0595947692
       -0.0109073579   0.0012890358  -0.0041029944   0.0006013668   0.0007871265
       -0.0021833978   0.0006801449  -0.0001036335   0.0003337179   0.0002430021
        0.0000716980   0.0001720083   0.0000131888   0.0000039853   0.0000082903
        0.0000152630  -0.0000051788   0.0000057697  -0.0000291672  -0.0000060385
       -0.0000084427   0.0000118918  -0.0000014531   0.0000016419  -0.0000077246
       -0.0000093208   0.0000005704  -0.0000079048  -0.0000010803  -0.0000011987
       -0.0000090968   0.0000074252  -0.0000010311   0.0000097877   0.0000025290
       -0.0000063143  -0.0001246210  -0.0000242549   0.0000004965   0.0000069613
       -0.0000092373  -0.0000141440   0.0008778641   0.0006469094  -0.0002648799
        0.3199337937  -0.0094237098   0.0665498958   0.0009063779  -0.0001347629
        0.0007445825  -0.0005999122   0.0000436679  -0.0001548317   0.0000219605
        0.0000231437  -0.0000323282
        0.0000054071  -0.0000000903  -0.0000087663  -0.0000436792   0.0002235007
        0.0001682916  -0.0000316015  -0.0000031641  -0.0000399770   0.0000101549
       -0.0000274801  -0.0000158560  -0.0000063754   0.0000010871   0.0000030865
       -0.0000026103   0.0000024668  -0.0000038649   0.0000033513  -0.0000038048
        0.0000061177   0.0000002527   0.0000017563  -0.0000003790   0.0000016344
        0.0000055984   0.0000021152   0.0000383654   0.0000122619   0.0000421836
       -0.0001174298  -0.0006306267  -0.0003157632  -0.0005803951   0.0001666487
       -0.0001748482  -0.0026030786   0.0055508608   0.0057719292  -0.0135586652
        0.0007885035  -0.0023959575   0.0102660779  -0.0378986030   0.0069864364
        0.0142652085  -0.0001266803   0.0047783366   0.0005363535   0.0027817459
        0.0052067976  -0.0001607174  -0.0003866084   0.0000918502   0.0001716645
       -0.0010029510  -0.0006680689  -0.0000065732  -0.0000057343   0.0000017360
        0.0000032453  -0.0000006663   0.0000076869   0.0000001451  -0.0000027032
        0.0000002710  -0.0000010034  -0.0000019954  -0.0000007526  -0.0000001530
       -0.0000017565   0.0000004587  -0.0000013761  -0.0000026960  -0.0000000367
        0.0000013961  -0.0000001367   0.0000000867  -0.0000006426  -0.0000028769
        0.0000016444  -0.0000472893   0.0000222036   0.0000100496  -0.0000034378
        0.0001539003   0.0000357929  -0.0001649435  -0.0019458508  -0.0019627398
       -0.0094237098   0.0336175147  -0.0166945373   0.0007319145  -0.0011454721
       -0.0010874822   0.0007618615  -0.0001660620   0.0002471844  -0.0000433514
        0.0000279105   0.0000069742
       -0.0000128669  -0.0000137944   0.0000082571  -0.0000126407   0.0001508199
        0.0001106939   0.0000053784  -0.0000087463  -0.0000037340  -0.0000103965
       -0.0000196062  -0.0000166931  -0.0000063375   0.0000055097   0.0000059423
       -0.0000020461   0.0000018716  -0.0000101239   0.0000055226  -0.0000041092
        0.0000043878  -0.0000004269  -0.0000022237  -0.0000039024   0.0000061221
       -0.0000046579   0.0000075942   0.0000037955   0.0000480266  -0.0000447687
        0.0002449249  -0.0003224415  -0.0002872317   0.0007095607   0.0000035001
        0.0002476343   0.0019522446   0.0056821387   0.0012808530   0.0163256904
       -0.0000521281   0.0038077498  -0.0597679779   0.0069814924  -0.0557168717
       -0.0239146444   0.0024656213  -0.0066277814  -0.0017726333   0.0052443303
       -0.0021986608   0.0004597118   0.0001037596  -0.0003780610   0.0000004807
       -0.0007026142  -0.0003885445   0.0000053277   0.0000053240  -0.0000032088
        0.0000146913  -0.0000024233  -0.0000049808  -0.0000022046  -0.0000032966
       -0.0000020707  -0.0000028114  -0.0000008704   0.0000012059  -0.0000015637
       -0.0000010490   0.0000019447  -0.0000015059   0.0000003220  -0.0000032282
       -0.0000002214   0.0000021255  -0.0000041342   0.0000001918   0.0000026238
       -0.0000059491   0.0000660208   0.0000172680   0.0000218324  -0.0000242035
        0.0000366408   0.0001194811   0.0009680653  -0.0018221742  -0.0002740780
        0.0665498958  -0.0166945373   0.0609542841  -0.0005865246  -0.0012321400
       -0.0001266290  -0.0012631734   0.0001201952  -0.0004942027   0.0000645543
        0.0000152428   0.0000229941
       -0.0000817512   0.0000071223  -0.0000486539   0.0002340986  -0.0000815497
        0.0001826402  -0.0002112056  -0.0000036732  -0.0000044686   0.0001006792
       -0.0000006674  -0.0000103513  -0.0000584155  -0.0000026489  -0.0000109046
        0.0000126943  -0.0000027903   0.0000015639  -0.0000050982  -0.0000012519
        0.0000022434   0.0000136098  -0.0000015209   0.0000020803  -0.0000580052
       -0.0000033607   0.0000244613  -0.0005035726   0.0000843208  -0.0001039572
        0.0000746998   0.0000665427  -0.0000878180   0.0001257519   0.0002484405
       -0.0000936871  -0.0000056654   0.0003620260  -0.0005141622   0.0006423861
        0.0004845944  -0.0017057093   0.0044954868   0.0024471347  -0.0031415496
       -0.1664906194  -0.0800880841   0.0991802917  -0.0244471374  -0.0137647400
        0.0166166521  -0.0050676699   0.0000900950  -0.0026959167  -0.0008105566
       -0.0008182903   0.0010531650   0.0000146373   0.0000056968   0.0000229221
        0.0000163708  -0.0000113069   0.0000147239  -0.0000266838  -0.0000041408
       -0.0000048728   0.0000111979  -0.0000007284   0.0000001985  -0.0000071008
       -0.0000077673   0.0000000043  -0.0000064246  -0.0000010297   0.0000009977
       -0.0000087548   0.0000058482   0.0000036953   0.0000121658   0.0000020691
       -0.0000022064  -0.0000169876  -0.0000400999  -0.0000044836  -0.0000011343
       -0.0000388697   0.0000467783   0.0001541502   0.0001811993  -0.0002441667
        0.0009063779   0.0007319145  -0.0005865246   0.1901845203   0.0902168405
       -0.1086861292   0.0007350521  -0.0000238904   0.0007484101   0.0000729041
       -0.0000374344   0.0000447337
       -0.0000123835  -0.0000012722  -0.0000191994   0.0001302883  -0.0000198753
        0.0000220686  -0.0000863547  -0.0000079991  -0.0000051568   0.0000490112
        0.0000033930   0.0000108230  -0.0000190568   0.0000004968  -0.0000073599
        0.0000106953   0.0000000781   0.0000092381  -0.0000050373   0.0000018965
       -0.0000086251   0.0000131565   0.0000069501   0.0000005485  -0.0000287945
        0.0000023363   0.0000050613   0.0000292003  -0.0005338409  -0.0004629991
        0.0000416303   0.0000229346   0.0000186988   0.0001045823  -0.0009521395
       -0.0007146813   0.0004386364  -0.0000290063  -0.0002347782   0.0007477071
        0.0027411580   0.0052694097  -0.0105508427  -0.0069395585   0.0105834900
       -0.0802416503  -0.0888823571   0.0688875252  -0.0005322387   0.0006020747
       -0.0000451539  -0.0004458763   0.0070305883   0.0038455216   0.0000611860
        0.0001144430   0.0001860186   0.0000006679  -0.0000035755  -0.0000018851
        0.0000027732  -0.0000015481   0.0000084280  -0.0000082662   0.0000032689
       -0.0000060932   0.0000017606  -0.0000022491   0.0000030891  -0.0000036494
       -0.0000048907   0.0000023908  -0.0000040779  -0.0000012844  -0.0000008070
       -0.0000035994   0.0000042909   0.0000004543   0.0000032682  -0.0000023710
       -0.0000036320  -0.0000262930   0.0001949102   0.0001381529   0.0000300324
        0.0000256902   0.0000088634  -0.0005358288  -0.0004633894   0.0005262251
       -0.0001347629  -0.0011454721  -0.0012321400   0.0902168405   0.0900047706
       -0.0849656487   0.0007958570  -0.0019292008  -0.0018910178  -0.0000385810
        0.0001607499   0.0000731703
        0.0000101524  -0.0000063370   0.0000185136  -0.0001620190  -0.0000212534
       -0.0000238842   0.0000971337   0.0000033309  -0.0000062025  -0.0000587002
        0.0000027989   0.0000079458   0.0000269217   0.0000006716   0.0000081375
       -0.0000075219  -0.0000063687  -0.0000061974  -0.0000065986  -0.0000009588
       -0.0000027919  -0.0000098020   0.0000054171   0.0000020285   0.0000283113
       -0.0000032458  -0.0000057032   0.0000304980  -0.0004452835  -0.0001523930
       -0.0000725577   0.0000074601  -0.0000038297   0.0001222557  -0.0007018702
       -0.0003447472  -0.0006393888  -0.0002583005   0.0000498986  -0.0020978376
        0.0052140227  -0.0022410621   0.0167080593   0.0128637219  -0.0154762534
        0.0993248709   0.0689312407  -0.1222536735  -0.0035675792  -0.0023721591
        0.0036248531  -0.0019143791   0.0039627551   0.0032185790  -0.0002620879
        0.0000475441   0.0001371426  -0.0000007341   0.0000059474  -0.0000022937
        0.0000004409  -0.0000018278  -0.0000001027   0.0000152007   0.0000085166
        0.0000043239  -0.0000051806   0.0000009663  -0.0000019691   0.0000028119
        0.0000036187  -0.0000001826   0.0000046196  -0.0000003802  -0.0000011345
        0.0000039194  -0.0000048767   0.0000013441  -0.0000012966  -0.0000028787
       -0.0000004711  -0.0000119879   0.0001394020   0.0000721172  -0.0000498803
       -0.0000046900   0.0000194286   0.0008538485   0.0006485810  -0.0009066381
        0.0007445825  -0.0010874822  -0.0001266290  -0.1086861292  -0.0849656487
        0.1345391929  -0.0004535164  -0.0020346659  -0.0002561154   0.0000335707
        0.0000722321   0.0001087688
       -0.0000242608   0.0000245277  -0.0000261947  -0.0000032734  -0.0000718390
        0.0000991529   0.0000619465   0.0000234697  -0.0000528452  -0.0000371438
        0.0000067456   0.0000021405   0.0000118079  -0.0000066598   0.0000039159
       -0.0000080707  -0.0000010237  -0.0000039682  -0.0000011624   0.0000038206
        0.0000061462  -0.0000180189   0.0000013964   0.0000042156   0.0000150148
       -0.0000059242  -0.0000077150   0.0000653580   0.0001804071  -0.0002395211
        0.0001957118   0.0000146915   0.0000402539   0.0001660401  -0.0004889850
        0.0007969399  -0.0024761671  -0.0022025743   0.0018746674  -0.0003513196
       -0.0001914624   0.0002388014  -0.0052799774  -0.0005436975  -0.0017584064
       -0.0107049820   0.0150492599  -0.0248697941  -0.0638142025   0.0343186919
       -0.0579271318   0.0051272144  -0.0091561521   0.0147327171   0.0011879748
       -0.0008843238   0.0018750984  -0.0000196791  -0.0000525514  -0.0000261167
       -0.0000498975   0.0000503069   0.0000167795   0.0000285249   0.0000192808
       -0.0000161323   0.0000028911   0.0000033888  -0.0000002889   0.0000068914
        0.0000064220   0.0000010569   0.0000082880   0.0000024285   0.0000047647
        0.0000067502  -0.0000033911   0.0000061935   0.0000022660   0.0000041099
        0.0000094354  -0.0000094509   0.0000267916  -0.0000520070  -0.0001976213
       -0.0001640962   0.0001502446  -0.0000198567   0.0001697497   0.0000798289
       -0.0005999122   0.0007618615  -0.0012631734   0.0007350521   0.0007958570
       -0.0004535164   0.0767539054  -0.0376746831   0.0669292214  -0.0007606412
       -0.0000158432  -0.0001747629
       -0.0000105130   0.0000080518  -0.0000547612   0.0001884858   0.0001229880
        0.0001749798  -0.0001171739   0.0000513964  -0.0000404748   0.0001179202
       -0.0000447189   0.0000003037  -0.0000371645  -0.0000041323  -0.0000161499
        0.0000184178  -0.0000111124   0.0000091204  -0.0000132269   0.0000068512
       -0.0000156679   0.0000216467   0.0000072182   0.0000050952  -0.0000261759
        0.0000054921  -0.0000007081   0.0000581128  -0.0000433364  -0.0000774065
        0.0001028682  -0.0000458855  -0.0001940292   0.0003993202  -0.0003971881
        0.0005053870  -0.0028036053   0.0031225916   0.0037939034  -0.0002261501
        0.0001188352  -0.0003936067  -0.0000921130   0.0068841892   0.0037932352
        0.0017131411  -0.0009788667   0.0030493751   0.0351040527  -0.1003968493
        0.1088410765   0.0027347103  -0.0073276581   0.0134666342   0.0012159932
       -0.0010568497  -0.0010867258  -0.0000349258  -0.0000310606  -0.0000262357
       -0.0000130107   0.0000345073   0.0000175887   0.0000143441   0.0000124382
       -0.0000172768   0.0000028955  -0.0000056626  -0.0000004832  -0.0000042913
       -0.0000050044  -0.0000034106  -0.0000016388  -0.0000018919  -0.0000031789
       -0.0000030456   0.0000013131   0.0000038823   0.0000015902   0.0000006340
        0.0000019369  -0.0000145689   0.0000142871  -0.0000161436  -0.0001668565
        0.0000968223   0.0003357259   0.0001493284  -0.0013954357  -0.0009122424
        0.0000436679  -0.0001660620   0.0001201952  -0.0000238904  -0.0019292008
       -0.0020346659  -0.0376746831   0.1030998144  -0.1291018639  -0.0006234615
        0.0002534854  -0.0001234086
        0.0000224176  -0.0000448925   0.0000623721  -0.0003032398   0.0001052603
       -0.0000392133   0.0001493647  -0.0000122615   0.0000543803  -0.0001714123
       -0.0000169295  -0.0000028320   0.0000444349   0.0000057837   0.0000135468
       -0.0000199322  -0.0000056530   0.0000019992  -0.0000050194  -0.0000069802
       -0.0000065542  -0.0000178956  -0.0000005448   0.0000029359   0.0000499972
       -0.0000005800  -0.0000098521  -0.0000692437  -0.0000516107  -0.0000731667
       -0.0000693846  -0.0002353198   0.0001644018  -0.0005960184   0.0003309424
       -0.0007507103   0.0028404161   0.0038975908   0.0004908340   0.0002539950
       -0.0003973117   0.0005358225  -0.0024309307   0.0037283177   0.0032440752
       -0.0043751562   0.0053649181  -0.0082038144  -0.0591937174   0.1087405926
       -0.2098301213  -0.0034547865   0.0113983760  -0.0168592872  -0.0012901810
       -0.0014462972   0.0000938731   0.0000134025   0.0000320309   0.0000261745
        0.0000426945  -0.0000309380   0.0000042959  -0.0000073932   0.0000007245
        0.0000146783  -0.0000063074   0.0000040744  -0.0000047449   0.0000032860
        0.0000033047  -0.0000003329   0.0000043497  -0.0000013743  -0.0000012321
        0.0000074756  -0.0000068730   0.0000000207   0.0000019092  -0.0000112941
       -0.0000067470   0.0000088159   0.0000002253   0.0000211643   0.0001560891
        0.0003363166  -0.0001571395   0.0001213139  -0.0009087210  -0.0006000245
       -0.0001548317   0.0002471844  -0.0004942027   0.0007484101  -0.0018910178
       -0.0002561154   0.0669292214  -0.1291018639   0.2321700177   0.0007678568
       -0.0000251792   0.0003954984
       -0.0016175940  -0.0003086316  -0.0003951363   0.0010750563  -0.0002210570
        0.0012155458   0.0001598227   0.0002426681  -0.0003638398  -0.0000023446
       -0.0000669219   0.0000207028  -0.0000081006  -0.0000329215  -0.0000102484
       -0.0000095634  -0.0000030621  -0.0000062036  -0.0000009305   0.0000199016
        0.0000010332  -0.0000516523  -0.0000036687  -0.0000052557   0.0000290245
       -0.0000000083  -0.0000499625   0.0054969163  -0.0095714803   0.0152803731
       -0.0023796860  -0.0025089304   0.0019574409  -0.0003366731  -0.0001668339
        0.0002164071  -0.0052156148  -0.0005723165  -0.0011629314  -0.0003232630
        0.0007513974  -0.0011646820   0.0002445410   0.0000455283   0.0000068084
        0.0003692278  -0.0000127139   0.0001086814   0.0007918031   0.0014433921
       -0.0016889808  -0.0097827129   0.0142445912  -0.0236960850  -0.0593439900
        0.0333238298  -0.0546675947  -0.0011952041  -0.0011336752  -0.0008492998
       -0.0018453519   0.0009313984   0.0000543809  -0.0000071022   0.0000509719
        0.0000711813   0.0000121905   0.0000175312   0.0000080228   0.0000141719
        0.0000110512   0.0000007758   0.0000131952   0.0000047040  -0.0000001303
        0.0000126154  -0.0000051131  -0.0000011840   0.0000016414   0.0000150490
        0.0000217478   0.0001947214  -0.0005931237   0.0009046188  -0.0000497853
        0.0001420791   0.0001214367  -0.0004252481   0.0000176161  -0.0001571138
        0.0000219605  -0.0000433514   0.0000645543   0.0000729041  -0.0000385810
        0.0000335707  -0.0007606412  -0.0006234615   0.0007678568   0.0748456658
       -0.0353558576   0.0633635095
        0.0000698618   0.0008670971   0.0000713710   0.0005275533  -0.0021846166
       -0.0009886583   0.0002282676  -0.0001465911  -0.0005539574   0.0002311382
        0.0003322289   0.0001587341   0.0000582738  -0.0000383624  -0.0000261961
        0.0000351171   0.0000092851  -0.0000157938  -0.0000119410   0.0000242704
       -0.0000101742   0.0000030097   0.0000259259   0.0000067091  -0.0000637327
        0.0000071048  -0.0000115350   0.0032227022  -0.0078472558   0.0134502620
       -0.0031670360   0.0048279718   0.0050356123  -0.0000829095   0.0000832514
       -0.0003534510  -0.0000445309   0.0045207440   0.0025261719  -0.0001038814
       -0.0003104523   0.0000252315  -0.0000679439  -0.0000943428  -0.0001668737
       -0.0000571467  -0.0001779882   0.0000330077  -0.0006237264  -0.0010106883
       -0.0017091304   0.0022372769  -0.0005465886   0.0041313089   0.0326354369
       -0.1035994297   0.1128536549  -0.0006962657  -0.0003904588  -0.0005605776
        0.0003101432   0.0004377351  -0.0001416046   0.0001913516  -0.0000500278
       -0.0001429811   0.0000125324  -0.0000059797   0.0000079780   0.0000112940
        0.0000001076  -0.0000002363   0.0000049512  -0.0000016456   0.0000048932
       -0.0000006305  -0.0000027549   0.0000063967  -0.0000147294   0.0000119917
        0.0000205230   0.0003380066  -0.0003163884   0.0007786492   0.0001724737
       -0.0013430177  -0.0008728988   0.0000310757   0.0001842393   0.0001916055
        0.0000231437   0.0000279105   0.0000152428  -0.0000374344   0.0001607499
        0.0000722321  -0.0000158432   0.0002534854  -0.0000251792  -0.0353558576
        0.1062924898  -0.1338103362
       -0.0011145076   0.0000990501   0.0003085989  -0.0007797977  -0.0012729999
       -0.0014431304   0.0002724976  -0.0003876202   0.0000970184  -0.0005039065
        0.0002590636   0.0000784960   0.0001197020   0.0000466089   0.0000154484
       -0.0000560162   0.0000107737  -0.0000059978   0.0000095089  -0.0000242454
       -0.0000076948  -0.0000380635   0.0000129023  -0.0000019689   0.0000095465
       -0.0000336455   0.0000215836  -0.0027633870   0.0110271902  -0.0168422606
        0.0026646289   0.0051548127   0.0010743459   0.0001402968  -0.0003863758
        0.0004807526  -0.0020602181   0.0024340523   0.0021304845   0.0001423185
        0.0001722112  -0.0005562978   0.0001609905  -0.0001623812   0.0000759734
        0.0001597734   0.0000548997  -0.0002206418   0.0015243212  -0.0013159868
        0.0002208772  -0.0056480391   0.0063055641  -0.0086183295  -0.0540756301
        0.1127764401  -0.2122999940  -0.0006053217  -0.0002609450   0.0004071368
       -0.0000646371  -0.0003573273   0.0003313623  -0.0002436337  -0.0001495992
        0.0001165787  -0.0000095731   0.0000040633  -0.0000122265   0.0000000188
        0.0000029217  -0.0000039468   0.0000007828  -0.0000018887   0.0000007992
       -0.0000013536  -0.0000052739   0.0000022304   0.0000200974  -0.0000327759
       -0.0000208950  -0.0003494023   0.0005980991  -0.0008025762   0.0000669644
       -0.0008981333  -0.0005685193  -0.0001791124   0.0001841454  -0.0000106706
       -0.0000323282   0.0000069742   0.0000229941   0.0000447337   0.0000731703
        0.0001087688  -0.0001747629  -0.0001234086   0.0003954984   0.0633635095
       -0.1338103362   0.2355262023
