$hessian                                                                        
        0.5153262967  -0.0288599608  -0.0185150002  -0.0847542975  -0.0447905513
       -0.0015428632  -0.0348166652  -0.0350642962   0.0027126898  -0.0011880957
       -0.0005917777   0.0035488500  -0.0006482294  -0.0010160665   0.0001571760
        0.0000655019   0.0000471852  -0.0002890074   0.0001398584   0.0000896499
        0.0000374510   0.0003142489  -0.0003426108  -0.0000023172  -0.0013279708
       -0.0010410433  -0.0000638144   0.0083194650   0.0072892998   0.0016136813
       -0.0014223712   0.0001740853  -0.0002308330   0.0005137184  -0.0005773829
       -0.0002965979   0.0001085304   0.0001732908   0.0001730666   0.0001876458
        0.0000681229   0.0007618062  -0.0011789350   0.0024259954   0.0009690247
       -0.1598752096   0.1197394178   0.0291791782  -0.0939403311  -0.0161897242
        0.0997654882  -0.1455055845  -0.0023103371  -0.1192434560   0.0000862424
        0.0000468906   0.0001835710  -0.0002026528  -0.0001365271  -0.0000343119
       -0.0001066739  -0.0000925894   0.0000853451  -0.0000849166  -0.0003027351
        0.0001403735   0.0000397155   0.0000066420   0.0001528355  -0.0000425763
        0.0009121275   0.0004590216   0.0000272114   0.0000064448  -0.0000335427
        0.0000106715   0.0000682454   0.0000581655  -0.0000565233   0.0001875148
        0.0001483312   0.0000119264   0.0000806903   0.0001056885
       -0.0288599608   0.4732187116   0.0028185101  -0.0528937492  -0.1812632025
       -0.0046971093  -0.0208081323  -0.0079029889   0.0055307529   0.0006000216
        0.0021353476  -0.0025801673  -0.0007485640  -0.0010546227   0.0001347204
       -0.0001155111   0.0003222241  -0.0000024895   0.0000282866  -0.0000054970
        0.0000166343   0.0001449085   0.0002439640  -0.0000650059  -0.0000646629
       -0.0001498518   0.0001454650  -0.0056372542  -0.0277585054  -0.0053509656
       -0.0008559170  -0.0004592400  -0.0002809808  -0.0000570860   0.0005200467
       -0.0005634499  -0.0002655808  -0.0000142844  -0.0001592182   0.0002358097
       -0.0005492215  -0.0014128206   0.0025399952  -0.0020821845   0.0004308033
        0.1207383040  -0.1653932454  -0.0269599266  -0.0154833285  -0.0492070772
        0.0345667566   0.0015281649  -0.0385937559  -0.0019649881   0.0000091546
       -0.0000353846   0.0000431545  -0.0001787267  -0.0001221647  -0.0000441120
       -0.0000805715  -0.0001080221  -0.0000123864  -0.0000221588  -0.0001386310
        0.0000663662  -0.0000019853  -0.0000941605  -0.0000708031  -0.0000175109
       -0.0008046950   0.0002081904   0.0001064270  -0.0000992418  -0.0000100853
       -0.0000430668  -0.0001838173   0.0001040567   0.0001925417  -0.0003208365
       -0.0001985297   0.0000101531  -0.0000996632   0.0003076278
       -0.0185150002   0.0028185101   0.4929718490  -0.0030202616  -0.0033042814
       -0.0594027491   0.0044608992   0.0137852524  -0.0045095556   0.0050509698
       -0.0036014535   0.0124615591   0.0019752015   0.0023527818  -0.0005260751
        0.0008029479  -0.0004738710  -0.0001165798   0.0001530586   0.0001207057
        0.0000292130   0.0003022246  -0.0008812391   0.0000733593  -0.0016210811
       -0.0010959663   0.0000945727   0.0013559968  -0.0107518823   0.0027954347
       -0.0010958778  -0.0012148366  -0.0006698646   0.0003787749  -0.0000779467
       -0.0007300237  -0.0000651979   0.0000972102   0.0000426705   0.0006856181
        0.0001180744  -0.0004730974   0.0005152302  -0.0004926169   0.0006304886
        0.0286416485  -0.0272602541  -0.0512606996   0.1017517822   0.0354877234
       -0.2206689120  -0.1215266416  -0.0059780844  -0.1720434000   0.0000472005
        0.0001728508   0.0001669814   0.0001442698   0.0001525404   0.0000157119
       -0.0000503309   0.0000640346   0.0001257420  -0.0000965615  -0.0001945094
        0.0000560127  -0.0001049446  -0.0000406884   0.0001769595  -0.0002287091
        0.0003605765   0.0004101418   0.0000824073  -0.0000355199  -0.0000206011
       -0.0000371378  -0.0001140959   0.0001583888   0.0000119703  -0.0000229597
       -0.0000468755   0.0000015441   0.0000099453   0.0002593484
       -0.0847542975  -0.0528937492  -0.0030202616   0.7688578916   0.0544545308
       -0.1699883345  -0.5203527876  -0.0268076686   0.1508349049  -0.0479716799
       -0.0268624086   0.0091623898   0.0050789361  -0.0003086546   0.0013735007
       -0.0015770931  -0.0026368683  -0.0013518911   0.0005656077   0.0009060035
       -0.0001142398  -0.0013543892  -0.0019454417  -0.0004390176   0.0017504484
        0.0106173102  -0.0023699355  -0.0845763920   0.0409249089   0.0167684254
       -0.0279282771   0.0202431864   0.0072727506  -0.0028397906  -0.0002355235
       -0.0046413803  -0.0016977933   0.0013718334   0.0002095771   0.0026060281
       -0.0025486464  -0.0041989291   0.0109977532   0.0043759002   0.0025890224
        0.0091972776   0.0182205994  -0.0008083108  -0.0102886991  -0.0139490728
        0.0024280874  -0.0147261042  -0.0205633707  -0.0040744161  -0.0005655813
        0.0000131053   0.0001517369   0.0002352266   0.0000070124   0.0003274182
        0.0001827589   0.0005282323   0.0000814318   0.0000711727   0.0005159243
       -0.0006038621  -0.0002221263   0.0000582340  -0.0002081968   0.0002185505
        0.0002002710   0.0008521326  -0.0001143394   0.0006257819   0.0002255053
        0.0000202222  -0.0007090999   0.0002672983   0.0001763084  -0.0014130797
       -0.0005573322  -0.0009888316  -0.0021892498  -0.0001680738
       -0.0447905513  -0.1812632025  -0.0033042814   0.0544545308   0.4741144162
        0.0523331304  -0.0149448411  -0.0654264759  -0.0033998744  -0.0381221312
       -0.0160263503   0.0116769669  -0.0006270655  -0.0018326642   0.0021533134
       -0.0014488014  -0.0017363287  -0.0005994842   0.0004403497   0.0007808244
       -0.0002446027   0.0001866135  -0.0020726804  -0.0005557011  -0.0021806909
        0.0001882268  -0.0024826304   0.0510617362  -0.1456300663  -0.0330752341
        0.0162929148  -0.0041234278  -0.0000050663   0.0010026150   0.0050426782
       -0.0015329961   0.0004578034  -0.0014537101  -0.0006843531  -0.0015919096
        0.0022830410  -0.0057914897   0.0045817891  -0.0265562067  -0.0150272419
       -0.0077414872  -0.0278800968  -0.0037900002  -0.0077360971  -0.0060111222
        0.0020410933  -0.0062472060  -0.0022974682  -0.0022062413   0.0002214168
        0.0002972847   0.0006239754   0.0000512372  -0.0001966713   0.0000239618
        0.0000294051   0.0003081763   0.0002150696  -0.0001326649   0.0000911000
        0.0000107409   0.0000739170   0.0005019462   0.0005805383  -0.0024278153
       -0.0006686640   0.0007550077  -0.0006607202   0.0002415829  -0.0000152310
       -0.0006621508  -0.0002824548   0.0009721425   0.0003560404  -0.0001432989
       -0.0000502711   0.0001037636  -0.0002483878   0.0013787591
       -0.0015428632  -0.0046971093  -0.0594027491  -0.1699883345   0.0523331304
        0.2301190783   0.1513735525   0.0061932659  -0.0891946288   0.0056006639
        0.0008984648  -0.0031229433  -0.0017194790  -0.0014884895   0.0004230273
       -0.0003873210  -0.0000096021   0.0006086648   0.0000955051   0.0001747587
       -0.0000249454  -0.0004961678   0.0003032161   0.0004110963   0.0005716629
       -0.0000948382  -0.0000145744   0.0144948250  -0.0336239171  -0.0744853435
        0.0024874576   0.0065468456   0.0035802825  -0.0046757619  -0.0012406636
        0.0046622030   0.0000193429  -0.0008203469  -0.0009279431  -0.0041429333
       -0.0049650088   0.0019650907   0.0070798683  -0.0215372586  -0.0100752490
       -0.0016141459  -0.0055947530   0.0003566687   0.0122413253   0.0231676285
       -0.0001905035  -0.0103974433  -0.0188079336  -0.0007470028  -0.0000477956
        0.0001175861  -0.0001877106  -0.0001192026  -0.0000416375  -0.0001232627
        0.0000055758  -0.0001232197  -0.0001433857  -0.0000026659  -0.0000683416
        0.0000334838  -0.0000322753   0.0000966150  -0.0002827618  -0.0002967863
        0.0013978316  -0.0010333187  -0.0007701380   0.0005958910   0.0002395722
        0.0003551593   0.0009498422  -0.0009909358   0.0004502145  -0.0005369400
       -0.0002475968   0.0014581604   0.0008749835  -0.0012043123
       -0.0348166652  -0.0208081323   0.0044608992  -0.5203527876  -0.0149448411
        0.1513735525   0.7540730651   0.1562308666  -0.1927754680  -0.1128247491
       -0.0975002371   0.0106710273  -0.0418650717  -0.0337780050   0.0000029127
       -0.0007582627   0.0030949727  -0.0068498588   0.0000040753  -0.0024147458
        0.0013317590   0.0022736894   0.0010393321  -0.0032725643   0.0049235962
       -0.0159743325   0.0037481608  -0.0503011349   0.0235919716   0.0277791019
        0.0040085179   0.0037982352   0.0022350274  -0.0008239845   0.0029066774
       -0.0009898532   0.0008807408  -0.0011588901  -0.0004384267  -0.0007788057
        0.0020156252  -0.0010614201  -0.0036446983  -0.0057023476  -0.0031144383
        0.0009951518   0.0010690698   0.0002487926  -0.0000984965  -0.0020498038
       -0.0003042873   0.0000031703  -0.0016149634   0.0009301913   0.0013483214
        0.0002353883   0.0018579527  -0.0011641799  -0.0011544413  -0.0001490672
       -0.0004476676   0.0003070945   0.0007996386  -0.0000452555   0.0001279646
        0.0005440830   0.0001081383   0.0028705124   0.0013039591  -0.0004067685
       -0.0006067922   0.0005542916  -0.0006520040   0.0004459364   0.0001587709
       -0.0002912662  -0.0000688223   0.0004717151   0.0000052241   0.0004863039
        0.0002034911   0.0006481073  -0.0004435963   0.0002800569
       -0.0350642962  -0.0079029889   0.0137852524  -0.0268076686  -0.0654264759
        0.0061932659   0.1562308666   0.3190541903  -0.0410361817  -0.0735475950
       -0.1921729229   0.0170360052  -0.0275592262  -0.0085030213  -0.0054545989
        0.0024402843   0.0066723858   0.0012186474  -0.0028172001  -0.0037938279
        0.0005818396   0.0028044674   0.0048500820   0.0066740060  -0.0166277751
       -0.0490990974   0.0209569283   0.0208327690   0.0044044646  -0.0162535410
        0.0015209495  -0.0013910725  -0.0015021372  -0.0000407358  -0.0011231244
        0.0010998625   0.0002064941   0.0001131211   0.0000914282  -0.0010168140
       -0.0007428991   0.0012632007   0.0016569342  -0.0011066578   0.0003669720
        0.0003374368   0.0031153366   0.0004292629  -0.0035493338  -0.0046428512
        0.0009572610  -0.0014627071  -0.0010820290  -0.0001317054   0.0017013069
       -0.0006123250  -0.0022538119  -0.0000006954   0.0001745805  -0.0001839583
        0.0004039440  -0.0004703045  -0.0008225118  -0.0004071979  -0.0013063127
        0.0002842729  -0.0002814186   0.0012042781  -0.0018643904   0.0000603647
        0.0000402595  -0.0005177633   0.0001269255  -0.0002100964   0.0000230101
        0.0001396093   0.0002100398  -0.0002970718   0.0000747249  -0.0000793326
       -0.0000666333   0.0006455867  -0.0001733987  -0.0005769102
        0.0027126898   0.0055307529  -0.0045095556   0.1508349049  -0.0033998744
       -0.0891946288  -0.1927754680  -0.0410361817   0.1419623626   0.0112050712
        0.0311475089  -0.0619963469  -0.0100591556  -0.0102927155   0.0036369771
       -0.0043392506   0.0035370474   0.0014594182   0.0003933409  -0.0006188392
        0.0002341137  -0.0033516592   0.0051916757   0.0015265157   0.0134229386
        0.0224802485  -0.0022156104   0.0259640465  -0.0080346779   0.0126640420
        0.0010099345  -0.0041960120  -0.0019638549   0.0017408712   0.0000706667
       -0.0000622965   0.0001250434   0.0002415415   0.0003250725   0.0000700091
        0.0011095171   0.0001310729   0.0004534388   0.0020859757   0.0007325242
       -0.0008232696   0.0002749123  -0.0008397506   0.0010038455   0.0017370739
        0.0000325872  -0.0012635069  -0.0021473958  -0.0004902408   0.0012943819
       -0.0016260271  -0.0004656582  -0.0005636490  -0.0006337647   0.0001930102
        0.0005472496  -0.0005883046  -0.0007703942   0.0005830418   0.0009239943
       -0.0002700876   0.0016564105  -0.0011482898  -0.0002346246   0.0000031174
       -0.0001000207   0.0000861402   0.0004182038  -0.0004337508  -0.0001220461
        0.0000046336  -0.0001571000   0.0000909732  -0.0000825947   0.0000576576
        0.0000028061  -0.0001846197   0.0000243817   0.0000574794
       -0.0011880957   0.0006000216   0.0050509698  -0.0479716799  -0.0381221312
        0.0056006639  -0.1128247491  -0.0735475950   0.0112050712   0.5486363026
        0.1007276542   0.1565006297  -0.2399499079   0.0178259731  -0.1173361449
       -0.0441938444  -0.0611170212   0.0164574438  -0.0281280660   0.0222297375
       -0.0266299348   0.0411230680   0.0118897801   0.0175668410  -0.0996871715
        0.0147879320  -0.0369291862   0.0028944749  -0.0017280193  -0.0035102745
       -0.0007064029  -0.0011022515  -0.0001802385   0.0000187913  -0.0002566683
        0.0003083656  -0.0002750087   0.0001053335  -0.0001136274   0.0002381049
       -0.0004292505   0.0002549386   0.0001857326   0.0001328911   0.0008635107
        0.0000047980  -0.0001195712   0.0000228813  -0.0010479122  -0.0016110062
       -0.0002696024  -0.0000277334  -0.0000054471   0.0001191601  -0.0088082485
        0.0015251777  -0.0059736720   0.0006722868  -0.0044566104  -0.0018014860
        0.0003027747   0.0004337853  -0.0008082379  -0.0001460208  -0.0049800526
       -0.0014369138  -0.0099607568   0.0169814372  -0.0193247866   0.0001536133
        0.0001741422   0.0000383634   0.0002667821  -0.0001232708  -0.0000580686
        0.0001489465  -0.0000469311  -0.0001325992   0.0000757054  -0.0002653409
       -0.0001529039   0.0001942167   0.0004973018   0.0006688375
       -0.0005917777   0.0021353476  -0.0036014535  -0.0268624086  -0.0160263503
        0.0008984648  -0.0975002371  -0.1921729229   0.0311475089   0.1007276542
        0.5081296107  -0.1742347079  -0.0258708237  -0.0785092031  -0.0018727230
       -0.0196002997   0.0128094517  -0.0199365820   0.0225758212  -0.0062797399
        0.0132931081  -0.0321447749  -0.0526885538   0.0133312954   0.0612442583
       -0.1727046443   0.1203840579   0.0068810633  -0.0005289028   0.0018661009
       -0.0004844662  -0.0015778529  -0.0005913516   0.0003338595  -0.0002902455
        0.0001254218  -0.0001177046   0.0000511851   0.0000293207   0.0003998606
       -0.0000745883   0.0001676020   0.0010511654   0.0008763773   0.0002266816
       -0.0005506897  -0.0003668647   0.0000765224   0.0000307062   0.0001971058
       -0.0006149378  -0.0009469684  -0.0013905525   0.0002104177   0.0190318529
        0.0004642017   0.0132836552  -0.0049755334  -0.0014760524   0.0036994915
        0.0006349413   0.0006370613   0.0001971914  -0.0045515945  -0.0007480824
        0.0030470031   0.0011526314  -0.0009473223  -0.0006893255   0.0000536855
        0.0002111817   0.0001253808   0.0002088373  -0.0001380846  -0.0000489929
        0.0000536222  -0.0000423073  -0.0000658442  -0.0000165468  -0.0000987860
       -0.0001453692  -0.0001661340   0.0005495332  -0.0003079366
        0.0035488500  -0.0025801673   0.0124615591   0.0091623898   0.0116769669
       -0.0031229433   0.0106710273   0.0170360052  -0.0619963469   0.1565006297
       -0.1742347079   0.3391202006  -0.0854264323   0.0255257416  -0.1102642553
       -0.0125122954  -0.0427955297   0.0191143467  -0.0252937945   0.0124604846
       -0.0284596070   0.0423796124   0.0378063613  -0.0011609935  -0.0686403103
        0.0938677606  -0.1505100356  -0.0026394101   0.0014745530  -0.0058421696
       -0.0004426556   0.0010996814   0.0005156534  -0.0003632933  -0.0002008957
        0.0002140164  -0.0000572255   0.0000465876   0.0000415803  -0.0003308167
       -0.0004261352   0.0000146788   0.0010839395  -0.0005934331  -0.0002301574
        0.0000307141  -0.0002306436  -0.0000067267  -0.0012711750  -0.0019078009
        0.0002801707   0.0017239775   0.0026397904  -0.0000033921  -0.0178363389
        0.0015288304  -0.0097091029  -0.0015284175   0.0033771358   0.0051465811
       -0.0004252047   0.0000640613  -0.0001857553  -0.0017377891   0.0033124048
        0.0053683033  -0.0070714764   0.0111921923  -0.0095301855  -0.0000066712
        0.0000446017  -0.0001365461  -0.0001293462   0.0000846670   0.0000359219
       -0.0000218889   0.0000822076  -0.0000574208   0.0000250533  -0.0000087262
       -0.0000207190   0.0006083478  -0.0003419939  -0.0010766554
       -0.0006482294  -0.0007485640   0.0019752015   0.0050789361  -0.0006270655
       -0.0017194790  -0.0418650717  -0.0275592262  -0.0100591556  -0.2399499079
       -0.0258708237  -0.0854264323   0.5430357124   0.1218695601   0.1651510055
       -0.1743101882  -0.0983864106  -0.0125627059   0.0416688964  -0.0316903372
        0.0429494386  -0.0461707865  -0.0234891571  -0.0080238364  -0.0070727120
        0.0578491994  -0.0408260864  -0.0012141750   0.0001000135  -0.0006638691
       -0.0002000722   0.0006662173   0.0000099473  -0.0000746173  -0.0001977567
       -0.0002537447   0.0003001245   0.0000338086   0.0001860542  -0.0004598681
        0.0002480804  -0.0000067911   0.0005281008  -0.0002383804  -0.0002413343
        0.0000357984   0.0003074680   0.0000448180  -0.0001859785  -0.0003482627
        0.0000479738   0.0002343195   0.0003937040   0.0000434712  -0.0614368314
        0.0491294696  -0.0474102203  -0.0197259762  -0.0215743221   0.0022179339
        0.0017770672   0.0003570977  -0.0033433296  -0.0002172401  -0.0004982257
       -0.0000512264   0.0014778689   0.0000828440  -0.0028112401   0.0000276301
       -0.0000304347   0.0000227603  -0.0000611095   0.0000397965   0.0000373732
       -0.0000212468   0.0000088703   0.0000218502   0.0000294771   0.0000223054
        0.0000162297  -0.0005799206   0.0001505315   0.0006753938
       -0.0010160665  -0.0010546227   0.0023527818  -0.0003086546  -0.0018326642
       -0.0014884895  -0.0337780050  -0.0085030213  -0.0102927155   0.0178259731
       -0.0785092031   0.0255257416   0.1218695601   0.5516859839  -0.2078698247
       -0.1573794845  -0.2360115625   0.0321258831   0.0133009510  -0.0522469850
        0.0414342278  -0.0278016146  -0.0136828806  -0.0093738726   0.0222964810
        0.0235272177  -0.0020816506  -0.0006876825   0.0003025948  -0.0009186288
       -0.0000145738   0.0004494879   0.0002123586  -0.0000239076  -0.0000501991
        0.0000043377   0.0000645808  -0.0000024003   0.0000387666  -0.0000489550
       -0.0000238626  -0.0000160871  -0.0002858579  -0.0002063666  -0.0001632909
        0.0000278231   0.0001826936   0.0000088861  -0.0003831097  -0.0006382391
        0.0001369255   0.0001784573   0.0001623028  -0.0000060273   0.0493284494
       -0.1794855171   0.1202037724  -0.0032854859  -0.0022577841  -0.0000502941
        0.0000147392  -0.0012859305   0.0052446628  -0.0003732767   0.0003214335
       -0.0006693016   0.0004135798  -0.0011922351   0.0056666197   0.0000202576
       -0.0000636690   0.0000011552  -0.0000847676   0.0000518782  -0.0000013484
       -0.0000257369   0.0000414143   0.0000151233   0.0000110802   0.0000563269
        0.0000401348   0.0001452462   0.0002658092  -0.0000798459
        0.0001571760   0.0001347204  -0.0005260751   0.0013735007   0.0021533134
        0.0004230273   0.0000029127  -0.0054545989   0.0036369771  -0.1173361449
       -0.0018727230  -0.1102642553   0.1651510055  -0.2078698247   0.3308213656
        0.0241969997   0.0633734147  -0.0697202965   0.0145401203   0.0161394884
       -0.0003802695  -0.0068283286  -0.0076801929  -0.0037536678  -0.0188551092
        0.0201467479  -0.0216129118  -0.0003099294   0.0001040483   0.0003288237
       -0.0001006130   0.0001089749   0.0000654291   0.0000277255  -0.0000001990
       -0.0000382477  -0.0000098112  -0.0000293984  -0.0000021905   0.0001429029
        0.0000952594  -0.0000066228  -0.0004565230   0.0001912860  -0.0003904101
        0.0000505147   0.0001342203   0.0000367811   0.0000880409   0.0001339078
        0.0000135934  -0.0000461185  -0.0000309684  -0.0000116803  -0.0469492239
        0.1203055997  -0.1349249098  -0.0093416214  -0.0102643045   0.0018339007
       -0.0031518319   0.0056229372   0.0020633249   0.0002286262  -0.0006323288
        0.0001956939  -0.0034018126   0.0053837944   0.0018374421   0.0000613713
        0.0000026392   0.0000515507   0.0000229604   0.0000046033   0.0000198916
        0.0000374787  -0.0000277027   0.0000352599   0.0000053153   0.0000351660
        0.0000369865   0.0007004168  -0.0002078797   0.0002314898
        0.0000655019  -0.0001155111   0.0008029479  -0.0015770931  -0.0014488014
       -0.0003873210  -0.0007582627   0.0024402843  -0.0043392506  -0.0441938444
       -0.0196002997  -0.0125122954  -0.1743101882  -0.1573794845   0.0241969997
        0.5666649769   0.1158487484   0.1829596829  -0.1033238452   0.0676345462
       -0.0748243026  -0.0090611827   0.0226955947  -0.0202422304  -0.0006535741
       -0.0078172805   0.0069985655   0.0004832380  -0.0001227815  -0.0003661449
        0.0000026875  -0.0001417347  -0.0000083082   0.0000151542   0.0000191551
        0.0000749067  -0.0000409594  -0.0000170269  -0.0000244497   0.0000834575
       -0.0000358312   0.0000386960  -0.0001286699   0.0000738894  -0.0000889767
       -0.0000625972   0.0000252757  -0.0000185345  -0.0001145890  -0.0001437261
       -0.0000160573   0.0001349972   0.0001435568   0.0000449634   0.0044362142
        0.0055440001  -0.0009927396  -0.2392735998  -0.0121505719  -0.1076931509
        0.0040296611  -0.0139509404   0.0110463850  -0.0032187157  -0.0013724723
       -0.0053398580   0.0007443468  -0.0001316442   0.0005185115   0.0000562476
        0.0000366663   0.0000375232   0.0000377342  -0.0000052585   0.0000033355
        0.0000323206  -0.0000068468  -0.0000004218   0.0000020841   0.0000046956
        0.0000113752  -0.0000715004  -0.0000262010   0.0001201490
        0.0000471852   0.0003222241  -0.0004738710  -0.0026368683  -0.0017363287
       -0.0000096021   0.0030949727   0.0066723858   0.0035370474  -0.0611170212
        0.0128094517  -0.0427955297  -0.0983864106  -0.2360115625   0.0633734147
        0.1158487484   0.5305613646  -0.1962789959   0.0071668626  -0.2079856822
        0.1063729012   0.0686343922   0.0249206660   0.0227296765  -0.0117443137
       -0.0488565373   0.0220145687   0.0007057720  -0.0000033653   0.0001486081
        0.0002212525  -0.0003474208  -0.0000797935   0.0000157081   0.0000995482
        0.0001502819  -0.0001248508  -0.0000480059  -0.0000883421   0.0002851161
       -0.0001684011   0.0000635714  -0.0003054540   0.0000210711  -0.0000173296
       -0.0000306052  -0.0000143998  -0.0000305023   0.0000356813   0.0001068137
       -0.0000645667  -0.0000477603  -0.0000789796   0.0000130974  -0.0125257274
       -0.0201407654   0.0051806060  -0.0121168954  -0.0422856371  -0.0016713448
        0.0047352638  -0.0201787969   0.0154951162  -0.0019333509   0.0028275420
        0.0022062377   0.0000764695  -0.0005584724   0.0001169629   0.0000313405
        0.0000545122   0.0000165826   0.0000431096  -0.0000197327   0.0000011121
        0.0000248514  -0.0000049231  -0.0000091299  -0.0000095174   0.0000077475
       -0.0000100265   0.0000120491   0.0000356837   0.0001092494
       -0.0002890074  -0.0000024895  -0.0001165798  -0.0013518911  -0.0005994842
        0.0006086648  -0.0068498588   0.0012186474   0.0014594182   0.0164574438
       -0.0199365820   0.0191143467  -0.0125627059   0.0321258831  -0.0697202965
        0.1829596829  -0.1962789959   0.3427317924  -0.0363152659   0.1408089889
       -0.1570066209  -0.0491502250  -0.0023572698  -0.0245371957   0.0097165329
        0.0231970486  -0.0147379866   0.0000790880  -0.0004612636   0.0004200221
       -0.0001765415   0.0000506027  -0.0000180887   0.0000484680  -0.0000584926
       -0.0001491163   0.0000799589   0.0000400260   0.0000708594  -0.0000897243
        0.0001758980  -0.0000386943   0.0001572974   0.0000513784  -0.0000954645
        0.0000328350   0.0000645834  -0.0000232053  -0.0000077423  -0.0000113213
       -0.0000075249  -0.0000244025  -0.0000255314   0.0000044492   0.0104296865
        0.0162076255  -0.0039418529  -0.1077864555  -0.0016221553  -0.0939925506
       -0.0007669246   0.0050340255  -0.0035755428  -0.0050474825   0.0023413871
        0.0034528234   0.0004524606   0.0001524054   0.0000021958   0.0000045764
       -0.0000154560   0.0000146459   0.0000170781  -0.0000037994   0.0000078356
        0.0000053636  -0.0000293000   0.0000314295   0.0000000303  -0.0000122324
        0.0000185517  -0.0000222749  -0.0000541267   0.0000236850
        0.0001398584   0.0000282866   0.0001530586   0.0005656077   0.0004403497
        0.0000955051   0.0000040753  -0.0028172001   0.0003933409  -0.0281280660
        0.0225758212  -0.0252937945   0.0416688964   0.0133009510   0.0145401203
       -0.1033238452   0.0071668626  -0.0363152659   0.5568008338   0.1251518070
        0.1733893382  -0.2675395545   0.0089449804  -0.1331777879  -0.0468990233
       -0.0621475849   0.0135325780  -0.0001144053   0.0000934973  -0.0003341526
        0.0001886709   0.0000257527   0.0000031985  -0.0000016168   0.0000588844
        0.0001137360  -0.0000585460  -0.0000355813  -0.0000773550   0.0000785443
       -0.0000790617   0.0000399053  -0.0002725717  -0.0000309923   0.0000038204
       -0.0000153642  -0.0000018136   0.0000000842  -0.0000270629  -0.0000142149
        0.0000101422   0.0000757792   0.0000781654   0.0000290651   0.0001053194
       -0.0053147312  -0.0016516294  -0.0097294499   0.0190238129  -0.0180802866
       -0.1352575918  -0.1228045489   0.0200364933  -0.0085762826   0.0008523863
       -0.0059672312   0.0001980668  -0.0045798531  -0.0015913894   0.0000513881
        0.0000247384   0.0000180163  -0.0000125646   0.0000056351   0.0000279746
        0.0000148845   0.0000262052   0.0000023520   0.0000070812   0.0000360094
        0.0000241757   0.0000569386  -0.0000085634   0.0000759878
        0.0000896499  -0.0000054970   0.0001207057   0.0009060035   0.0007808244
        0.0001747587  -0.0024147458  -0.0037938279  -0.0006188392   0.0222297375
       -0.0062797399   0.0124604846  -0.0316903372  -0.0522469850   0.0161394884
        0.0676345462  -0.2079856822   0.1408089889   0.1251518070   0.5374341125
       -0.1991699384  -0.0512666108  -0.0832616535  -0.0051861980  -0.0173888079
        0.0146625416  -0.0184673986  -0.0003954536  -0.0000850511  -0.0002032635
       -0.0000616222   0.0001759606   0.0000549663  -0.0000119623  -0.0000201020
       -0.0000551502   0.0000238912   0.0000031050   0.0000259416  -0.0001018701
        0.0000828075  -0.0000203562   0.0000946756   0.0000397023  -0.0000393767
        0.0000529946   0.0000962017   0.0000223678   0.0000052370  -0.0000042157
       -0.0000035771   0.0000180993   0.0000429199   0.0000034535  -0.0046565971
       -0.0013196553   0.0034460474   0.0005192339   0.0006207853   0.0004493742
       -0.1227866530  -0.1972935751   0.0350095270   0.0193101197  -0.0001710668
        0.0116051008  -0.0051518800  -0.0013461619   0.0032918328   0.0000250209
       -0.0000181751   0.0000198918  -0.0000141755   0.0000124894   0.0000123940
       -0.0000054993   0.0000035445   0.0000157808  -0.0000126433   0.0000247532
        0.0000381314  -0.0001021584  -0.0001483593   0.0000648621
        0.0000374510   0.0000166343   0.0000292130  -0.0001142398  -0.0002446027
       -0.0000249454   0.0013317590   0.0005818396   0.0002341137  -0.0266299348
        0.0132931081  -0.0284596070   0.0429494386   0.0414342278  -0.0003802695
       -0.0748243026   0.1063729012  -0.1570066209   0.1733893382  -0.1991699384
        0.3372169215  -0.0933274029   0.0285683920  -0.1197264143  -0.0160524858
       -0.0442362026   0.0210611531   0.0001239361   0.0000788046  -0.0000339798
        0.0001714113  -0.0001143569  -0.0000250011   0.0000074594   0.0000584578
        0.0001098215  -0.0000808303  -0.0000290905  -0.0000765212   0.0001111150
       -0.0001114223   0.0000103950  -0.0002981428  -0.0000478718   0.0000806790
       -0.0000208076  -0.0000528972  -0.0000238627  -0.0000200593  -0.0000172489
        0.0000091736   0.0000382774   0.0000191459   0.0000081148  -0.0015552548
        0.0029352730   0.0050877087  -0.0062757995   0.0108273204  -0.0097089236
        0.0199516413   0.0350912204  -0.0432830468  -0.0178851379   0.0011463750
       -0.0101167995  -0.0011537785   0.0035277260   0.0049339786   0.0000226553
        0.0000185267   0.0000102804   0.0000028821  -0.0000141010   0.0000201884
        0.0000029848   0.0000072401  -0.0000018790   0.0000035128   0.0000165697
        0.0000168111   0.0000943139   0.0000439696   0.0000393184
        0.0003142489   0.0001449085   0.0003022246  -0.0013543892   0.0001866135
       -0.0004961678   0.0022736894   0.0028044674  -0.0033516592   0.0411230680
       -0.0321447749   0.0423796124  -0.0461707865  -0.0278016146  -0.0068283286
       -0.0090611827   0.0686343922  -0.0491502250  -0.2675395545  -0.0512666108
       -0.0933274029   0.5542637707   0.1124624276   0.1788905923  -0.1750383799
       -0.0976322297  -0.0115723936   0.0000556260  -0.0000454052  -0.0002646385
       -0.0003129585  -0.0000798197   0.0000165981  -0.0000206446  -0.0001308717
       -0.0001260951   0.0000355048   0.0000827503   0.0000660578  -0.0000934713
        0.0000911675   0.0000072530   0.0002929377   0.0000423752  -0.0000858377
       -0.0000110538   0.0000028333   0.0000144386  -0.0000149833  -0.0000313017
       -0.0000306842   0.0000419302   0.0000928191   0.0000119327  -0.0005365840
       -0.0001637769   0.0003342671   0.0018245614   0.0000054974  -0.0031992690
       -0.0186368861  -0.0034097980  -0.0087943636  -0.0619010206   0.0491592043
       -0.0476915078  -0.0195945659  -0.0210502876   0.0029276287   0.0000115497
        0.0000413009   0.0000405716   0.0000363495   0.0000107584  -0.0000065330
        0.0000121526  -0.0000199718  -0.0000047615   0.0000071729  -0.0000084672
       -0.0000128869  -0.0000061010   0.0000234139  -0.0000484224
       -0.0003426108   0.0002439640  -0.0008812391  -0.0019454417  -0.0020726804
        0.0003032161   0.0010393321   0.0048500820   0.0051916757   0.0118897801
       -0.0526885538   0.0378063613  -0.0234891571  -0.0136828806  -0.0076801929
        0.0226955947   0.0249206660  -0.0023572698   0.0089449804  -0.0832616535
        0.0285683920   0.1124624276   0.5340050474  -0.2061825727  -0.1561651187
       -0.2310161376   0.0315834468   0.0006987549  -0.0003626617   0.0004680395
       -0.0002167481  -0.0002232638  -0.0001378378  -0.0000038143  -0.0000597309
       -0.0001479069   0.0000066002   0.0000789779   0.0000872398  -0.0000206259
        0.0002056270   0.0000171748   0.0002382660   0.0001578094  -0.0002012644
       -0.0000188647   0.0000885268   0.0000290685   0.0001107606   0.0001195238
       -0.0000883719  -0.0001725136  -0.0002016857   0.0000043938  -0.0005506771
        0.0004950295  -0.0004135232   0.0004277642  -0.0011262334   0.0058292563
       -0.0218772287  -0.0030220172  -0.0105052420   0.0490541304  -0.1751641537
        0.1186583649  -0.0029122688  -0.0021301243  -0.0000610954   0.0000065213
        0.0000203092   0.0000661757   0.0000790875  -0.0000052704   0.0000002705
        0.0000325062  -0.0000500060   0.0000093980  -0.0000124965  -0.0000066515
        0.0000078972   0.0000410598  -0.0001118583   0.0000261455
       -0.0000023172  -0.0000650059   0.0000733593  -0.0004390176  -0.0005557011
        0.0004110963  -0.0032725643   0.0066740060   0.0015265157   0.0175668410
        0.0133312954  -0.0011609935  -0.0080238364  -0.0093738726  -0.0037536678
       -0.0202422304   0.0227296765  -0.0245371957  -0.1331777879  -0.0051861980
       -0.1197264143   0.1788905923  -0.2061825727   0.3506466766   0.0258805911
        0.0654432675  -0.0706686114  -0.0002174531   0.0001122852  -0.0005026622
       -0.0000046158   0.0000208586   0.0000149353  -0.0000219823  -0.0000305982
       -0.0000085708   0.0000213237   0.0000005316   0.0000000572  -0.0000318140
       -0.0000470880  -0.0000114977   0.0001043304  -0.0001800495  -0.0000485476
        0.0000180240  -0.0000635546  -0.0000012477  -0.0000016204  -0.0000378730
        0.0000212163   0.0000059438  -0.0000122392  -0.0000306840   0.0001773035
       -0.0005115023   0.0002592098  -0.0035554607   0.0056142433   0.0022442654
        0.0033808357   0.0000289446   0.0017471162  -0.0475195425   0.1187894504
       -0.1379793634  -0.0095083765  -0.0106057187   0.0015311302  -0.0000021721
        0.0000016764  -0.0000060010  -0.0000215452   0.0000037422  -0.0000027300
       -0.0000204810   0.0000147525  -0.0000016600   0.0000101227  -0.0000106422
        0.0000031210   0.0000069092   0.0000978859  -0.0000388523
       -0.0013279708  -0.0000646629  -0.0016210811   0.0017504484  -0.0021806909
        0.0005716629   0.0049235962  -0.0166277751   0.0134229386  -0.0996871715
        0.0612442583  -0.0686403103  -0.0070727120   0.0222964810  -0.0188551092
       -0.0006535741  -0.0117443137   0.0097165329  -0.0468990233  -0.0173888079
       -0.0160524858  -0.1750383799  -0.1561651187   0.0258805911   0.5620969262
        0.1328803731   0.1740794383  -0.0002283766   0.0002240951   0.0011960781
        0.0005455529   0.0000695634  -0.0001500845  -0.0000218195   0.0002153227
        0.0002400304  -0.0001789522  -0.0000767175  -0.0002219301   0.0001537290
       -0.0002030922   0.0000393512  -0.0005696363   0.0001659440   0.0008124113
       -0.0000612070   0.0000838457   0.0000725129   0.0001331435   0.0000936313
       -0.0000131673  -0.0004036677  -0.0005819567  -0.0000649130  -0.0032002558
       -0.0014894697  -0.0052494579   0.0007266709  -0.0000475518   0.0005604745
       -0.0031498720  -0.0017078377  -0.0046833971   0.0044850622   0.0051382895
       -0.0012373753  -0.2359649015  -0.0141490089  -0.1096177022  -0.0000717145
       -0.0000743585  -0.0000267124  -0.0001131368  -0.0000046044   0.0000341815
       -0.0000458589   0.0000622131  -0.0000007514  -0.0000036763   0.0000408778
        0.0000026392  -0.0001232226  -0.0000089283  -0.0001943652
       -0.0010410433  -0.0001498518  -0.0010959663   0.0106173102   0.0001882268
       -0.0000948382  -0.0159743325  -0.0490990974   0.0224802485   0.0147879320
       -0.1727046443   0.0938677606   0.0578491994   0.0235272177   0.0201467479
       -0.0078172805  -0.0488565373   0.0231970486  -0.0621475849   0.0146625416
       -0.0442362026  -0.0976322297  -0.2310161376   0.0654432675   0.1328803731
        0.5203384859  -0.1908895621  -0.0006475261   0.0004885592   0.0007211562
        0.0004509822   0.0002179016  -0.0000202884  -0.0000167199   0.0000363822
        0.0000155969   0.0001024570  -0.0000547116   0.0000395122   0.0000156084
        0.0000910312   0.0000813583  -0.0005879486  -0.0000788570  -0.0002038706
       -0.0000777826   0.0002854586   0.0000180383   0.0000909729   0.0001416282
        0.0000603261  -0.0000249006  -0.0000940687   0.0000608017  -0.0017495799
        0.0020788959   0.0018702994   0.0000188901  -0.0005425118   0.0001131421
       -0.0015321394   0.0027545635   0.0024422992  -0.0133167541  -0.0204547314
        0.0065764195  -0.0144147294  -0.0419682583  -0.0010851701   0.0000852884
       -0.0000331066   0.0000359437  -0.0000592575   0.0000246928   0.0000332196
       -0.0000053262   0.0000236543   0.0000210619   0.0000026095   0.0000860177
        0.0000262425   0.0001435120   0.0001072568   0.0003754075
       -0.0000638144   0.0001454650   0.0000945727  -0.0023699355  -0.0024826304
       -0.0000145744   0.0037481608   0.0209569283  -0.0022156104  -0.0369291862
        0.1203840579  -0.1505100356  -0.0408260864  -0.0020816506  -0.0216129118
        0.0069985655   0.0220145687  -0.0147379866   0.0135325780  -0.0184673986
        0.0210611531  -0.0115723936   0.0315834468  -0.0706686114   0.1740794383
       -0.1908895621   0.3316325762   0.0006540902   0.0000589885  -0.0000545047
       -0.0004536034  -0.0002253437  -0.0001608814  -0.0001060343  -0.0000364966
       -0.0001222188   0.0000052961   0.0001046728   0.0001020744  -0.0001326591
        0.0002884873   0.0000164704   0.0009943066  -0.0000588339  -0.0004913831
        0.0000106476  -0.0000854985   0.0000117342  -0.0000068476  -0.0000428848
       -0.0000266176  -0.0000440582  -0.0001004718  -0.0000032724  -0.0046504756
        0.0023547022   0.0032819543   0.0005025124   0.0002241965   0.0001624540
       -0.0051031146   0.0020033804   0.0031978955   0.0103884990   0.0165530962
       -0.0039252521  -0.1088151256  -0.0021149535  -0.0941833014  -0.0000514463
       -0.0000078433  -0.0000278607   0.0000809338  -0.0000153256  -0.0000501661
        0.0000208055  -0.0000515572  -0.0000157958  -0.0000039931  -0.0000949866
       -0.0000687378   0.0001129405   0.0000834467  -0.0006711627
        0.0083194650  -0.0056372542   0.0013559968  -0.0845763920   0.0510617362
        0.0144948250  -0.0503011349   0.0208327690   0.0259640465   0.0028944749
        0.0068810633  -0.0026394101  -0.0012141750  -0.0006876825  -0.0003099294
        0.0004832380   0.0007057720   0.0000790880  -0.0001144053  -0.0003954536
        0.0001239361   0.0000556260   0.0006987549  -0.0002174531  -0.0002283766
       -0.0006475261   0.0006540902   0.5811571802  -0.0681867905   0.1246857990
       -0.2758077853   0.0103188364  -0.0964544806  -0.0389432740   0.0673135118
        0.0337850541  -0.0384363919  -0.0184797183  -0.0283747157   0.0492662303
       -0.0248241405   0.0048754359  -0.1245734863  -0.0278514340  -0.0507161965
       -0.0011396587  -0.0030120033   0.0000467647   0.0001241977  -0.0006794145
       -0.0000713486   0.0000178292   0.0008958503   0.0001554247   0.0000777545
       -0.0000880602   0.0000282220  -0.0000319881   0.0000148596  -0.0000561220
       -0.0000113978  -0.0000851521  -0.0000136310   0.0000880297   0.0000097744
        0.0000589195   0.0003679272  -0.0001081195   0.0003280473  -0.0134994340
       -0.0006834424  -0.0064362272  -0.0000689174   0.0042594607  -0.0005757630
       -0.0001047677  -0.0002746012  -0.0006402136   0.0001624335   0.0047665875
       -0.0003408898  -0.0139628011  -0.0161181833  -0.0197892693
        0.0072892998  -0.0277585054  -0.0107518823   0.0409249089  -0.1456300663
       -0.0336239171   0.0235919716   0.0044044646  -0.0080346779  -0.0017280193
       -0.0005289028   0.0014745530   0.0001000135   0.0003025948   0.0001040483
       -0.0001227815  -0.0000033653  -0.0004612636   0.0000934973  -0.0000850511
        0.0000788046  -0.0000454052  -0.0003626617   0.0001122852   0.0002240951
        0.0004885592   0.0000589885  -0.0681867905   0.4573961499   0.2010421959
        0.0555113555  -0.0827193171   0.0043394102   0.0241677967   0.0036666599
        0.0128681766  -0.0185329471  -0.0034916756  -0.0064952103   0.0198870907
       -0.0438073686  -0.0241638201  -0.0733202434  -0.1588989430  -0.1200825967
       -0.0016566499  -0.0044167067  -0.0007450985   0.0008403304  -0.0004353811
       -0.0003861085  -0.0003568820  -0.0005454120  -0.0003980382   0.0000089880
        0.0000125800  -0.0000108074   0.0000329111  -0.0000172544   0.0000332785
        0.0000032760   0.0000592474   0.0000299969  -0.0000399179  -0.0000361266
       -0.0000459357  -0.0000621680   0.0002772071   0.0000687818  -0.0163794266
        0.0023105282  -0.0075177603   0.0048528395  -0.0011854920  -0.0048124985
       -0.0004562174   0.0003562730   0.0000978575   0.0040320176  -0.0011347146
       -0.0048514612  -0.0006729429   0.0017826802   0.0020726993
        0.0016136813  -0.0053509656   0.0027954347   0.0167684254  -0.0330752341
       -0.0744853435   0.0277791019  -0.0162535410   0.0126640420  -0.0035102745
        0.0018661009  -0.0058421696  -0.0006638691  -0.0009186288   0.0003288237
       -0.0003661449   0.0001486081   0.0004200221  -0.0003341526  -0.0002032635
       -0.0000339798  -0.0002646385   0.0004680395  -0.0005026622   0.0011960781
        0.0007211562  -0.0000545047   0.1246857990   0.2010421959   0.3304979361
       -0.0604582600  -0.0176930741  -0.0855960794  -0.0011770760   0.0309836702
        0.0252122795  -0.0275404885  -0.0058568381  -0.0231775367   0.0346657783
       -0.0449215057  -0.0153625607  -0.0860061380  -0.0972886447  -0.1615498541
        0.0004165387  -0.0000614472   0.0015206977  -0.0000954237  -0.0002496607
        0.0004824442  -0.0004492472   0.0012064148   0.0000047047  -0.0001891578
       -0.0000028789  -0.0001018128   0.0000194216  -0.0000231007  -0.0000178390
        0.0000462424   0.0000029167  -0.0000746381   0.0001052027   0.0002027569
       -0.0000866904   0.0002074076   0.0001032279  -0.0005558134  -0.0186888077
        0.0011742237  -0.0077791436  -0.0003743475  -0.0045021215   0.0043368831
       -0.0002520551   0.0003710927  -0.0004686969  -0.0003564118  -0.0051210514
        0.0041753197  -0.0067771841  -0.0067684474  -0.0067492626
       -0.0014223712  -0.0008559170  -0.0010958778  -0.0279282771   0.0162929148
        0.0024874576   0.0040085179   0.0015209495   0.0010099345  -0.0007064029
       -0.0004844662  -0.0004426556  -0.0002000722  -0.0000145738  -0.0001006130
        0.0000026875   0.0002212525  -0.0001765415   0.0001886709  -0.0000616222
        0.0001714113  -0.0003129585  -0.0002167481  -0.0000046158   0.0005455529
        0.0004509822  -0.0004536034  -0.2758077853   0.0555113555  -0.0604582600
        0.5783118603  -0.0980911800   0.1369145940  -0.1554387104   0.0777072929
        0.0072367535   0.0517259518   0.0188102364   0.0371445003  -0.0468300650
        0.0287865197   0.0032405505  -0.0223923185  -0.0566557294  -0.0537474734
       -0.0000033486  -0.0000848788   0.0000734235   0.0001289691   0.0000330311
       -0.0000685855  -0.0002533757  -0.0005734406  -0.0003463374   0.0000171862
       -0.0000518382   0.0000410675   0.0000661612   0.0000203353   0.0000293969
        0.0000465457   0.0000468583   0.0000006912   0.0000332681   0.0000292797
       -0.0000548366  -0.0000222270  -0.0000606119   0.0002907216  -0.0865918307
       -0.0643519136  -0.0729704767  -0.0182393522   0.0227761592   0.0080940955
        0.0008602039  -0.0007659792  -0.0037589225  -0.0002970827   0.0004783045
        0.0003144532   0.0005106024  -0.0004165723  -0.0033702520
        0.0001740853  -0.0004592400  -0.0012148366   0.0202431864  -0.0041234278
        0.0065468456   0.0037982352  -0.0013910725  -0.0041960120  -0.0011022515
       -0.0015778529   0.0010996814   0.0006662173   0.0004494879   0.0001089749
       -0.0001417347  -0.0003474208   0.0000506027   0.0000257527   0.0001759606
       -0.0001143569  -0.0000798197  -0.0002232638   0.0000208586   0.0000695634
        0.0002179016  -0.0002253437   0.0103188364  -0.0827193171  -0.0176930741
       -0.0980911800   0.4943538116   0.2360960345   0.1379682870  -0.2262721093
       -0.0693312384  -0.0265178450  -0.0440707278  -0.0455102804   0.0302609849
       -0.0191202162   0.0036139721  -0.0176781778   0.0298950468   0.0135670795
        0.0000263100  -0.0001166055   0.0000041593   0.0003896633  -0.0000572964
       -0.0000975345   0.0009014423  -0.0011683284   0.0001760142   0.0000097290
       -0.0000207859   0.0000276707   0.0000534723   0.0000246836   0.0000183021
        0.0000169626   0.0000373767  -0.0000185490  -0.0000205214   0.0000411014
       -0.0000255500  -0.0000961642   0.0001191272  -0.0000281400  -0.0651870733
       -0.1399954694  -0.1101536063   0.0047890490  -0.0043803297  -0.0016587118
       -0.0004554447   0.0003159492  -0.0056826081   0.0004214181   0.0001456890
        0.0005557592  -0.0007629829   0.0002673283  -0.0059361128
       -0.0002308330  -0.0002809808  -0.0006698646   0.0072727506  -0.0000050663
        0.0035802825   0.0022350274  -0.0015021372  -0.0019638549  -0.0001802385
       -0.0005913516   0.0005156534   0.0000099473   0.0002123586   0.0000654291
       -0.0000083082  -0.0000797935  -0.0000180887   0.0000031985   0.0000549663
       -0.0000250011   0.0000165981  -0.0001378378   0.0000149353  -0.0001500845
       -0.0000202884  -0.0001608814  -0.0964544806   0.0043394102  -0.0855960794
        0.1369145940   0.2360960345   0.3526311448   0.0518694673  -0.0951933045
       -0.0943464641   0.0034873578  -0.0251547059  -0.0156778373   0.0033465996
        0.0035056308  -0.0019959862  -0.0238220744  -0.0057390791  -0.0133784217
       -0.0001856607  -0.0002430246  -0.0000394112   0.0000992294   0.0000938353
        0.0003171700   0.0004035014  -0.0006826767  -0.0003114404   0.0000383235
       -0.0000413292   0.0000451566   0.0000504692   0.0000130523   0.0000238179
        0.0000311995   0.0000403313   0.0000246843  -0.0000056871   0.0000188495
        0.0000141044   0.0002863390   0.0000685316   0.0001265653  -0.0730198194
       -0.1099757801  -0.1504809118  -0.0051087970   0.0064274340   0.0032559947
       -0.0035574162  -0.0060399402   0.0020673443   0.0003004647   0.0004981683
        0.0003219659  -0.0036416677  -0.0056813068   0.0016599943
        0.0005137184  -0.0000570860   0.0003787749  -0.0028397906   0.0010026150
       -0.0046757619  -0.0008239845  -0.0000407358   0.0017408712   0.0000187913
        0.0003338595  -0.0003632933  -0.0000746173  -0.0000239076   0.0000277255
        0.0000151542   0.0000157081   0.0000484680  -0.0000016168  -0.0000119623
        0.0000074594  -0.0000206446  -0.0000038143  -0.0000219823  -0.0000218195
       -0.0000167199  -0.0001060343  -0.0389432740   0.0241677967  -0.0011770760
       -0.1554387104   0.1379682870   0.0518694673   0.6066347531  -0.1052785144
        0.1454783878  -0.1290581796  -0.0819066358  -0.0970959462  -0.0238066433
       -0.0177008743  -0.0241103534   0.0023212204   0.0021348422   0.0049658282
        0.0001375790  -0.0001185470   0.0000366177  -0.0001011086   0.0000344134
       -0.0000410246  -0.0000455638   0.0002815165   0.0001525444   0.0000353468
       -0.0000281650   0.0000428654   0.0000229612  -0.0000006323   0.0000066338
        0.0000191628   0.0000022046   0.0000004144   0.0000076496   0.0000056970
        0.0000069700  -0.0000167437   0.0000052262   0.0000668524   0.0058157780
       -0.0085052369  -0.0042390617  -0.2665928754   0.0353801213  -0.0790336302
        0.0058094959   0.0104014577   0.0097201521  -0.0043499079   0.0020320283
       -0.0040722338   0.0007838692  -0.0000729417   0.0003863652
       -0.0005773829   0.0005200467  -0.0000779467  -0.0002355235   0.0050426782
       -0.0012406636   0.0029066774  -0.0011231244   0.0000706667  -0.0002566683
       -0.0002902455  -0.0002008957  -0.0001977567  -0.0000501991  -0.0000001990
        0.0000191551   0.0000995482  -0.0000584926   0.0000588844  -0.0000201020
        0.0000584578  -0.0001308717  -0.0000597309  -0.0000305982   0.0002153227
        0.0000363822  -0.0000364966   0.0673135118   0.0036666599   0.0309836702
        0.0777072929  -0.2262721093  -0.0951933045  -0.1052785144   0.4867199949
        0.2244925330  -0.0217264325  -0.1765233357  -0.1039430483  -0.0622892714
        0.0314351079  -0.0053690725   0.0030148123  -0.0457137634  -0.0284576099
        0.0000767545   0.0002856807   0.0001817186   0.0000211212  -0.0000952522
        0.0000671086  -0.0001494695   0.0000315826  -0.0000974810  -0.0000358884
        0.0000191323  -0.0000544854   0.0000177865   0.0000061997  -0.0000131382
        0.0000034621   0.0000204535  -0.0000047551   0.0000220176   0.0000362433
       -0.0000258676   0.0000714237   0.0000110923  -0.0000510449   0.0094297586
       -0.0174901279  -0.0089111908   0.0354354078  -0.0459607435   0.0074988852
       -0.0078408063  -0.0172171558  -0.0169537288   0.0024965562   0.0033254054
       -0.0024876050  -0.0000913592  -0.0004403182  -0.0001454157
       -0.0002965979  -0.0005634499  -0.0007300237  -0.0046413803  -0.0015329961
        0.0046622030  -0.0009898532   0.0010998625  -0.0000622965   0.0003083656
        0.0001254218   0.0002140164  -0.0002537447   0.0000043377  -0.0000382477
        0.0000749067   0.0001502819  -0.0001491163   0.0001137360  -0.0000551502
        0.0001098215  -0.0001260951  -0.0001479069  -0.0000085708   0.0002400304
        0.0000155969  -0.0001222188   0.0337850541   0.0128681766   0.0252122795
        0.0072367535  -0.0693312384  -0.0943464641   0.1454783878   0.2244925330
        0.3488120505  -0.0527771432  -0.1317408881  -0.1693660867  -0.0569795987
        0.0144262636  -0.0135710746   0.0057092248  -0.0281872942  -0.0246250236
       -0.0000431512  -0.0000115940   0.0000196754   0.0000779121  -0.0000051715
        0.0000046806  -0.0000099749  -0.0001552704   0.0000058495   0.0000113780
       -0.0000085946  -0.0000153721   0.0000296971   0.0000046698  -0.0000030129
        0.0000087762   0.0000211915   0.0000141371   0.0000008159   0.0000103128
       -0.0000002559   0.0000002643   0.0000332349   0.0000454157   0.0091961964
       -0.0176613758  -0.0076727677  -0.0790807130   0.0076490210  -0.0654264217
       -0.0036226436  -0.0087201395  -0.0071939371  -0.0038049814  -0.0025971419
        0.0043921833   0.0003543782  -0.0001826925  -0.0001614225
        0.0001085304  -0.0002655808  -0.0000651979  -0.0016977933   0.0004578034
        0.0000193429   0.0008807408   0.0002064941   0.0001250434  -0.0002750087
       -0.0001177046  -0.0000572255   0.0003001245   0.0000645808  -0.0000098112
       -0.0000409594  -0.0001248508   0.0000799589  -0.0000585460   0.0000238912
       -0.0000808303   0.0000355048   0.0000066002   0.0000213237  -0.0001789522
        0.0001024570   0.0000052961  -0.0384363919  -0.0185329471  -0.0275404885
        0.0517259518  -0.0265178450   0.0034873578  -0.1290581796  -0.0217264325
       -0.0527771432   0.5937266720  -0.1126137197   0.1328791835  -0.2960234655
        0.0107413467  -0.1053661741  -0.0391226886   0.0692368805   0.0329211495
        0.0000257962  -0.0001295419  -0.0000442193   0.0000291686  -0.0000034645
       -0.0000569049   0.0000661926   0.0000749885   0.0000603384   0.0000416366
       -0.0000376177   0.0000610124   0.0000001505  -0.0000061895   0.0000355051
        0.0000117794  -0.0000078709   0.0000119247  -0.0000044132  -0.0000033709
        0.0000364580   0.0000052182  -0.0000138536   0.0000320374   0.0001699363
        0.0046291804  -0.0004686274  -0.0141966819  -0.0173873382  -0.0196280538
       -0.1145843568   0.1074951121   0.0430328526  -0.0135125096   0.0003280200
       -0.0060650437   0.0000625438   0.0041209728  -0.0006490651
        0.0001732908  -0.0000142844   0.0000972102   0.0013718334  -0.0014537101
       -0.0008203469  -0.0011588901   0.0001131211   0.0002415415   0.0001053335
        0.0000511851   0.0000465876   0.0000338086  -0.0000024003  -0.0000293984
       -0.0000170269  -0.0000480059   0.0000400260  -0.0000355813   0.0000031050
       -0.0000290905   0.0000827503   0.0000789779   0.0000005316  -0.0000767175
       -0.0000547116   0.0001046728  -0.0184797183  -0.0034916756  -0.0058568381
        0.0188102364  -0.0440707278  -0.0251547059  -0.0819066358  -0.1765233357
       -0.1317408881  -0.1126137197   0.4998959358   0.2315847423   0.0706537332
       -0.0853819123   0.0041094119   0.0236944936   0.0049338095   0.0137413603
       -0.0000253067   0.0000294801   0.0000110438   0.0000481497   0.0000187435
       -0.0000991865   0.0000837988   0.0001184716   0.0001171947  -0.0000261986
        0.0000076404  -0.0000199787  -0.0000057684  -0.0000021622  -0.0000034821
       -0.0000014984   0.0000014363   0.0000031426   0.0000138278   0.0000077885
       -0.0000095976   0.0000263866  -0.0000515864  -0.0000600191   0.0040912304
       -0.0009674510  -0.0049295287   0.0007857315   0.0023713435   0.0015026524
        0.1074802456  -0.1967370682  -0.0708814898  -0.0176394347   0.0020115807
       -0.0072097720   0.0045316465  -0.0008435875  -0.0047557954
        0.0001730666  -0.0001592182   0.0000426705   0.0002095771  -0.0006843531
       -0.0009279431  -0.0004384267   0.0000914282   0.0003250725  -0.0001136274
        0.0000293207   0.0000415803   0.0001860542   0.0000387666  -0.0000021905
       -0.0000244497  -0.0000883421   0.0000708594  -0.0000773550   0.0000259416
       -0.0000765212   0.0000660578   0.0000872398   0.0000000572  -0.0002219301
        0.0000395122   0.0001020744  -0.0283747157  -0.0064952103  -0.0231775367
        0.0371445003  -0.0455102804  -0.0156778373  -0.0970959462  -0.1039430483
       -0.1693660867   0.1328791835   0.2315847423   0.3483303332  -0.0602046909
       -0.0231030061  -0.0929325459  -0.0004750938   0.0343467344   0.0263290659
        0.0000264238  -0.0000169672   0.0000079165   0.0000577234  -0.0000030872
       -0.0001134392   0.0001149077   0.0000913255   0.0001600434   0.0000006828
       -0.0000132601   0.0000136417  -0.0000053530   0.0000035504   0.0000033441
       -0.0000023589  -0.0000087811  -0.0000046900  -0.0000046748  -0.0000001554
        0.0000177804   0.0000211347  -0.0000354207  -0.0000017828  -0.0006450741
       -0.0046627672   0.0043629437  -0.0062311985  -0.0068195967  -0.0069100986
        0.0430205303  -0.0708991558  -0.0676516061  -0.0197149029   0.0009839724
       -0.0072465818  -0.0002700446  -0.0048798840   0.0042814767
        0.0001876458   0.0002358097   0.0006856181   0.0026060281  -0.0015919096
       -0.0041429333  -0.0007788057  -0.0010168140   0.0000700091   0.0002381049
        0.0003998606  -0.0003308167  -0.0004598681  -0.0000489550   0.0001429029
        0.0000834575   0.0002851161  -0.0000897243   0.0000785443  -0.0001018701
        0.0001111150  -0.0000934713  -0.0000206259  -0.0000318140   0.0001537290
        0.0000156084  -0.0001326591   0.0492662303   0.0198870907   0.0346657783
       -0.0468300650   0.0302609849   0.0033465996  -0.0238066433  -0.0622892714
       -0.0569795987  -0.2960234655   0.0706537332  -0.0602046909   0.5928782956
       -0.0977122720   0.1440215372  -0.1570892474   0.0777895464   0.0098887384
        0.0000024428   0.0000012914   0.0000856719  -0.0001079585  -0.0000060601
        0.0001353028  -0.0000224701   0.0001540645  -0.0000762128   0.0000318939
       -0.0000688740   0.0000301752   0.0000078387  -0.0000156686  -0.0000027848
       -0.0000009234  -0.0000067695   0.0000195847   0.0000136149  -0.0000270041
        0.0000039377   0.0000457431  -0.0000186159   0.0000154706  -0.0002297999
        0.0003930975   0.0004052049   0.0008360363  -0.0004500478  -0.0035504450
       -0.0172101635   0.0048349356  -0.0046655382  -0.0857287646  -0.0643705076
       -0.0718147432  -0.0180479589   0.0228341268   0.0083943144
        0.0000681229  -0.0005492215   0.0001180744  -0.0025486464   0.0022830410
       -0.0049650088   0.0020156252  -0.0007428991   0.0011095171  -0.0004292505
       -0.0000745883  -0.0004261352   0.0002480804  -0.0000238626   0.0000952594
       -0.0000358312  -0.0001684011   0.0001758980  -0.0000790617   0.0000828075
       -0.0001114223   0.0000911675   0.0002056270  -0.0000470880  -0.0002030922
        0.0000910312   0.0002884873  -0.0248241405  -0.0438073686  -0.0449215057
        0.0287865197  -0.0191202162   0.0035056308  -0.0177008743   0.0314351079
        0.0144262636   0.0107413467  -0.0853819123  -0.0231030061  -0.0977122720
        0.4914720399   0.2360414995   0.1385931746  -0.2243011942  -0.0707787975
        0.0000110116   0.0000174488   0.0000866767   0.0000739965  -0.0000505877
       -0.0001646918   0.0001044155   0.0001305869   0.0001511817  -0.0000180908
        0.0000385637  -0.0000338991  -0.0000402639   0.0000143582  -0.0000169577
       -0.0000247493  -0.0000159789  -0.0000181997   0.0000151758   0.0000359939
       -0.0000024202  -0.0000629400  -0.0000749074  -0.0001052484   0.0005001781
        0.0002038077   0.0003732722  -0.0008444004   0.0004351990  -0.0059659480
        0.0230512537  -0.0046801550   0.0061278156  -0.0645942517  -0.1433158388
       -0.1098982655   0.0048177967  -0.0041384810  -0.0019409822
        0.0007618062  -0.0014128206  -0.0004730974  -0.0041989291  -0.0057914897
        0.0019650907  -0.0010614201   0.0012632007   0.0001310729   0.0002549386
        0.0001676020   0.0000146788  -0.0000067911  -0.0000160871  -0.0000066228
        0.0000386960   0.0000635714  -0.0000386943   0.0000399053  -0.0000203562
        0.0000103950   0.0000072530   0.0000171748  -0.0000114977   0.0000393512
        0.0000813583   0.0000164704   0.0048754359  -0.0241638201  -0.0153625607
        0.0032405505   0.0036139721  -0.0019959862  -0.0241103534  -0.0053690725
       -0.0135710746  -0.1053661741   0.0041094119  -0.0929325459   0.1440215372
        0.2360414995   0.3583951636   0.0533724800  -0.0971780593  -0.0959451244
       -0.0001928874  -0.0003697564  -0.0000657565   0.0000674722   0.0000454462
       -0.0001077113   0.0000595906   0.0000225951   0.0000854851   0.0000135701
       -0.0000070936  -0.0000016039  -0.0000433618   0.0000003431  -0.0000055804
       -0.0000375783  -0.0000354919   0.0000094416  -0.0000011171  -0.0000348461
        0.0000249033  -0.0000318637  -0.0000591958  -0.0000071703   0.0003651197
        0.0004605842   0.0002235569  -0.0038699052  -0.0058385189   0.0020493786
        0.0087924117  -0.0020243263   0.0033749086  -0.0716050426  -0.1100517995
       -0.1493240763  -0.0054246945   0.0064859746   0.0035485574
       -0.0011789350   0.0025399952   0.0005152302   0.0109977532   0.0045817891
        0.0070798683  -0.0036446983   0.0016569342   0.0004534388   0.0001857326
        0.0010511654   0.0010839395   0.0005281008  -0.0002858579  -0.0004565230
       -0.0001286699  -0.0003054540   0.0001572974  -0.0002725717   0.0000946756
       -0.0002981428   0.0002929377   0.0002382660   0.0001043304  -0.0005696363
       -0.0005879486   0.0009943066  -0.1245734863  -0.0733202434  -0.0860061380
       -0.0223923185  -0.0176781778  -0.0238220744   0.0023212204   0.0030148123
        0.0057092248  -0.0391226886   0.0236944936  -0.0004750938  -0.1570892474
        0.1385931746   0.0533724800   0.6029300608  -0.1152425321   0.1340218900
        0.0002053010   0.0008000278  -0.0000237097  -0.0000861672  -0.0000398573
        0.0000312963  -0.0001554637  -0.0000507484  -0.0000478402  -0.0001109188
        0.0001400885  -0.0000261210  -0.0001157561   0.0000020806   0.0000153644
       -0.0000409984  -0.0000433135  -0.0000138207  -0.0000105293  -0.0000166196
        0.0000234159  -0.0000648374   0.0000591765  -0.0001985125  -0.0045057745
        0.0019383571  -0.0039497352   0.0008293447  -0.0001953140   0.0003841391
       -0.0043579906   0.0024159370  -0.0036918382   0.0057062417  -0.0083661069
       -0.0038722165  -0.2655760049   0.0353112001  -0.0810644556
        0.0024259954  -0.0020821845  -0.0004926169   0.0043759002  -0.0265562067
       -0.0215372586  -0.0057023476  -0.0011066578   0.0020859757   0.0001328911
        0.0008763773  -0.0005934331  -0.0002383804  -0.0002063666   0.0001912860
        0.0000738894   0.0000210711   0.0000513784  -0.0000309923   0.0000397023
       -0.0000478718   0.0000423752   0.0001578094  -0.0001800495   0.0001659440
       -0.0000788570  -0.0000588339  -0.0278514340  -0.1588989430  -0.0972886447
       -0.0566557294   0.0298950468  -0.0057390791   0.0021348422  -0.0457137634
       -0.0281872942   0.0692368805   0.0049338095   0.0343467344   0.0777895464
       -0.2243011942  -0.0971780593  -0.1152425321   0.4812493745   0.2214884930
       -0.0004198062  -0.0009357034   0.0001025642  -0.0000623761   0.0001763592
        0.0001775221  -0.0000029564   0.0001244925   0.0000295042  -0.0000847013
        0.0000277191  -0.0000556446  -0.0000177084  -0.0000123274  -0.0000183020
       -0.0000312876  -0.0000166861   0.0000092252   0.0000076170  -0.0000071000
        0.0000496930  -0.0000039132   0.0001044765  -0.0000969485   0.0022548020
        0.0028727053  -0.0022692787  -0.0001858170  -0.0004575304  -0.0002053406
        0.0021792189   0.0032236434  -0.0026260984   0.0096236119  -0.0172285508
       -0.0093378675   0.0360864677  -0.0461005158   0.0073802452
        0.0009690247   0.0004308033   0.0006304886   0.0025890224  -0.0150272419
       -0.0100752490  -0.0031144383   0.0003669720   0.0007325242   0.0008635107
        0.0002266816  -0.0002301574  -0.0002413343  -0.0001632909  -0.0003904101
       -0.0000889767  -0.0000173296  -0.0000954645   0.0000038204  -0.0000393767
        0.0000806790  -0.0000858377  -0.0002012644  -0.0000485476   0.0008124113
       -0.0002038706  -0.0004913831  -0.0507161965  -0.1200825967  -0.1615498541
       -0.0537474734   0.0135670795  -0.0133784217   0.0049658282  -0.0284576099
       -0.0246250236   0.0329211495   0.0137413603   0.0263290659   0.0098887384
       -0.0707787975  -0.0959451244   0.1340218900   0.2214884930   0.3444909701
       -0.0003204313  -0.0001982883   0.0001370701  -0.0001399497  -0.0000801383
        0.0001041798  -0.0000349102   0.0000270073   0.0000011943  -0.0000308790
        0.0000647612  -0.0000839284   0.0000235060  -0.0000036697  -0.0000446526
       -0.0000172478   0.0000275457   0.0000113449   0.0000117093   0.0000305070
       -0.0000396375   0.0000634136   0.0000598500  -0.0003729826  -0.0036882220
       -0.0026521020   0.0042584937   0.0003415621  -0.0002845890  -0.0001579276
       -0.0040295389  -0.0024075296   0.0043904795   0.0093384589  -0.0172644414
       -0.0079253330  -0.0805586097   0.0078310757  -0.0657123926
       -0.1598752096   0.1207383040   0.0286416485   0.0091972776  -0.0077414872
       -0.0016141459   0.0009951518   0.0003374368  -0.0008232696   0.0000047980
       -0.0005506897   0.0000307141   0.0000357984   0.0000278231   0.0000505147
       -0.0000625972  -0.0000306052   0.0000328350  -0.0000153642   0.0000529946
       -0.0000208076  -0.0000110538  -0.0000188647   0.0000180240  -0.0000612070
       -0.0000777826   0.0000106476  -0.0011396587  -0.0016566499   0.0004165387
       -0.0000033486   0.0000263100  -0.0001856607   0.0001375790   0.0000767545
       -0.0000431512   0.0000257962  -0.0000253067   0.0000264238   0.0000024428
        0.0000110116  -0.0001928874   0.0002053010  -0.0004198062  -0.0003204313
        0.1807578303  -0.1387774520  -0.0318928950  -0.0121835831   0.0112457516
        0.0045974276  -0.0181786115   0.0168142724   0.0010361450   0.0000067851
        0.0000002744  -0.0000077999   0.0000034272   0.0000192779   0.0000037643
       -0.0000046719   0.0000193150  -0.0000069374  -0.0000171327   0.0000071614
       -0.0000039203  -0.0000254828   0.0000408623  -0.0000370284   0.0001612022
       -0.0000830803   0.0001666743   0.0000133439  -0.0000242076  -0.0000093764
       -0.0000237113  -0.0000071070   0.0000390712   0.0000093054  -0.0000221370
        0.0000041432   0.0000455934   0.0000176265   0.0000837389
        0.1197394178  -0.1653932454  -0.0272602541   0.0182205994  -0.0278800968
       -0.0055947530   0.0010690698   0.0031153366   0.0002749123  -0.0001195712
       -0.0003668647  -0.0002306436   0.0003074680   0.0001826936   0.0001342203
        0.0000252757  -0.0000143998   0.0000645834  -0.0000018136   0.0000962017
       -0.0000528972   0.0000028333   0.0000885268  -0.0000635546   0.0000838457
        0.0002854586  -0.0000854985  -0.0030120033  -0.0044167067  -0.0000614472
       -0.0000848788  -0.0001166055  -0.0002430246  -0.0001185470   0.0002856807
       -0.0000115940  -0.0001295419   0.0000294801  -0.0000169672   0.0000012914
        0.0000174488  -0.0003697564   0.0008000278  -0.0009357034  -0.0001982883
       -0.1387774520   0.1928777710   0.0334916988  -0.0013169667   0.0030473235
       -0.0003680904   0.0033677205  -0.0007371505   0.0007279726  -0.0000927304
        0.0000034647  -0.0000800970   0.0000102096   0.0000230534  -0.0000103834
       -0.0000002625   0.0000086841  -0.0000071309   0.0000161693   0.0000364801
       -0.0000064064   0.0000345989  -0.0000021630  -0.0000507303  -0.0000825252
       -0.0000081141   0.0000017676   0.0000204392  -0.0000194016   0.0000167893
       -0.0000008588  -0.0000554161   0.0000182060   0.0000302550  -0.0001059065
       -0.0000753828   0.0000079299  -0.0000458295   0.0000567495
        0.0291791782  -0.0269599266  -0.0512606996  -0.0008083108  -0.0037900002
        0.0003566687   0.0002487926   0.0004292629  -0.0008397506   0.0000228813
        0.0000765224  -0.0000067267   0.0000448180   0.0000088861   0.0000367811
       -0.0000185345  -0.0000305023  -0.0000232053   0.0000000842   0.0000223678
       -0.0000238627   0.0000144386   0.0000290685  -0.0000012477   0.0000725129
        0.0000180383   0.0000117342   0.0000467647  -0.0007450985   0.0015206977
        0.0000734235   0.0000041593  -0.0000394112   0.0000366177   0.0001817186
        0.0000196754  -0.0000442193   0.0000110438   0.0000079165   0.0000856719
        0.0000866767  -0.0000657565  -0.0000237097   0.0001025642   0.0001370701
       -0.0318928950   0.0334916988   0.0538260551   0.0207803551  -0.0192040285
       -0.0062947162  -0.0177838598   0.0165550535   0.0027089035  -0.0000506513
       -0.0000086483  -0.0000177619   0.0000004432   0.0000009513  -0.0000022402
       -0.0000012988   0.0000110941  -0.0000093498  -0.0000005901   0.0000031791
       -0.0000115937  -0.0000494875  -0.0000002376  -0.0000094622   0.0000983420
       -0.0002074843  -0.0000564053   0.0000059331  -0.0000160718   0.0000017321
       -0.0000069195  -0.0000194439   0.0000279748  -0.0000054325  -0.0000018958
       -0.0000037352  -0.0000243484  -0.0000489475   0.0000107157
       -0.0939403311  -0.0154833285   0.1017517822  -0.0102886991  -0.0077360971
        0.0122413253  -0.0000984965  -0.0035493338   0.0010038455  -0.0010479122
        0.0000307062  -0.0012711750  -0.0001859785  -0.0003831097   0.0000880409
       -0.0001145890   0.0000356813  -0.0000077423  -0.0000270629   0.0000052370
       -0.0000200593  -0.0000149833   0.0001107606  -0.0000016204   0.0001331435
        0.0000909729  -0.0000068476   0.0001241977   0.0008403304  -0.0000954237
        0.0001289691   0.0003896633   0.0000992294  -0.0001011086   0.0000211212
        0.0000779121   0.0000291686   0.0000481497   0.0000577234  -0.0001079585
        0.0000739965   0.0000674722  -0.0000861672  -0.0000623761  -0.0001399497
       -0.0121835831  -0.0013169667   0.0207803551   0.1088835076   0.0233724718
       -0.1157457210   0.0090832389   0.0034901674  -0.0185683339  -0.0000283858
       -0.0000100923  -0.0000092111  -0.0000294412  -0.0000262551  -0.0000046747
        0.0000057845  -0.0000133961  -0.0000188156   0.0000089349   0.0000146992
       -0.0000089919  -0.0000196018   0.0000284133  -0.0000389280   0.0000283457
        0.0000075551  -0.0001747094  -0.0000321591   0.0000279918   0.0000003947
       -0.0000086574   0.0000048301  -0.0000202064  -0.0000270710   0.0000144981
        0.0000010111  -0.0000831044  -0.0000262906  -0.0000366822
       -0.0161897242  -0.0492070772   0.0354877234  -0.0139490728  -0.0060111222
        0.0231676285  -0.0020498038  -0.0046428512   0.0017370739  -0.0016110062
        0.0001971058  -0.0019078009  -0.0003482627  -0.0006382391   0.0001339078
       -0.0001437261   0.0001068137  -0.0000113213  -0.0000142149  -0.0000042157
       -0.0000172489  -0.0000313017   0.0001195238  -0.0000378730   0.0000936313
        0.0001416282  -0.0000428848  -0.0006794145  -0.0004353811  -0.0002496607
        0.0000330311  -0.0000572964   0.0000938353   0.0000344134  -0.0000952522
       -0.0000051715  -0.0000034645   0.0000187435  -0.0000030872  -0.0000060601
       -0.0000505877   0.0000454462  -0.0000398573   0.0001763592  -0.0000801383
        0.0112457516   0.0030473235  -0.0192040285   0.0233724718   0.0556992013
       -0.0404479361   0.0002572878   0.0014843076   0.0011450505  -0.0000069648
       -0.0000125366  -0.0000066263  -0.0000616719  -0.0000491506  -0.0000059060
       -0.0000035495  -0.0000220147  -0.0000124341   0.0000112832  -0.0000057584
        0.0000048515   0.0000467209   0.0000432921  -0.0000458433   0.0000966655
        0.0000215751   0.0001474997  -0.0000466953   0.0000496607   0.0000161980
       -0.0000049464   0.0000411324   0.0000084822  -0.0000120357   0.0000346782
        0.0000322593   0.0000105159   0.0000501382   0.0000580046
        0.0997654882   0.0345667566  -0.2206689120   0.0024280874   0.0020410933
       -0.0001905035  -0.0003042873   0.0009572610   0.0000325872  -0.0002696024
       -0.0006149378   0.0002801707   0.0000479738   0.0001369255   0.0000135934
       -0.0000160573  -0.0000645667  -0.0000075249   0.0000101422  -0.0000035771
        0.0000091736  -0.0000306842  -0.0000883719   0.0000212163  -0.0000131673
        0.0000603261  -0.0000266176  -0.0000713486  -0.0003861085   0.0004824442
       -0.0000685855  -0.0000975345   0.0003171700  -0.0000410246   0.0000671086
        0.0000046806  -0.0000569049  -0.0000991865  -0.0001134392   0.0001353028
       -0.0001646918  -0.0001077113   0.0000312963   0.0001775221   0.0001041798
        0.0045974276  -0.0003680904  -0.0062947162  -0.1157457210  -0.0404479361
        0.2542101721   0.0097430299   0.0042774329  -0.0276591272   0.0000311420
        0.0000018798   0.0000183350   0.0000299037   0.0000099985   0.0000053342
        0.0000140513   0.0000274033  -0.0000010782  -0.0000055861   0.0000165593
       -0.0000175651  -0.0000110826  -0.0000206189  -0.0000162486  -0.0001699758
        0.0001001012  -0.0003310763  -0.0000022212  -0.0000191830  -0.0000236597
       -0.0000124188  -0.0000156906  -0.0000107609   0.0000041609  -0.0000216242
       -0.0000057959  -0.0000193387  -0.0000282502  -0.0000243206
       -0.1455055845   0.0015281649  -0.1215266416  -0.0147261042  -0.0062472060
       -0.0103974433   0.0000031703  -0.0014627071  -0.0012635069  -0.0000277334
       -0.0009469684   0.0017239775   0.0002343195   0.0001784573  -0.0000461185
        0.0001349972  -0.0000477603  -0.0000244025   0.0000757792   0.0000180993
        0.0000382774   0.0000419302  -0.0001725136   0.0000059438  -0.0004036677
       -0.0000249006  -0.0000440582   0.0000178292  -0.0003568820  -0.0004492472
       -0.0002533757   0.0009014423   0.0004035014  -0.0000455638  -0.0001494695
       -0.0000099749   0.0000661926   0.0000837988   0.0001149077  -0.0000224701
        0.0001044155   0.0000595906  -0.0001554637  -0.0000029564  -0.0000349102
       -0.0181786115   0.0033677205  -0.0177838598   0.0090832389   0.0002572878
        0.0097430299   0.1696150831   0.0020235894   0.1392179724   0.0000509392
        0.0000397982   0.0000488687   0.0000099191   0.0000084584  -0.0000040332
       -0.0000022746  -0.0000080129   0.0000229004  -0.0000101110  -0.0000504393
        0.0000132122   0.0000039307  -0.0001022385   0.0000687234   0.0000305904
        0.0009398544   0.0000845490  -0.0000264460   0.0000588066   0.0000187478
        0.0000153580   0.0000106889  -0.0000182376  -0.0000187644   0.0000133956
        0.0000025775  -0.0000071074   0.0000380765   0.0000356541
       -0.0023103371  -0.0385937559  -0.0059780844  -0.0205633707  -0.0022974682
       -0.0188079336  -0.0016149634  -0.0010820290  -0.0021473958  -0.0000054471
       -0.0013905525   0.0026397904   0.0003937040   0.0001623028  -0.0000309684
        0.0001435568  -0.0000789796  -0.0000255314   0.0000781654   0.0000429199
        0.0000191459   0.0000928191  -0.0002016857  -0.0000122392  -0.0005819567
       -0.0000940687  -0.0001004718   0.0008958503  -0.0005454120   0.0012064148
       -0.0005734406  -0.0011683284  -0.0006826767   0.0002815165   0.0000315826
       -0.0001552704   0.0000749885   0.0001184716   0.0000913255   0.0001540645
        0.0001305869   0.0000225951  -0.0000507484   0.0001244925   0.0000270073
        0.0168142724  -0.0007371505   0.0165550535   0.0034901674   0.0014843076
        0.0042774329   0.0020235894   0.0451983560   0.0023985357   0.0000201297
        0.0000386113   0.0000613972  -0.0000058777   0.0000123282   0.0000014891
       -0.0000209606   0.0000058149   0.0000340754  -0.0000299592  -0.0000755775
        0.0000290328  -0.0000296099  -0.0000728779   0.0000635574   0.0012795442
       -0.0011790335   0.0001963676   0.0000012649   0.0000185006   0.0000084537
       -0.0000194734   0.0000159635   0.0000926922  -0.0000061301   0.0000597151
        0.0000518366   0.0000686418   0.0000729659   0.0001643686
       -0.1192434560  -0.0019649881  -0.1720434000  -0.0040744161  -0.0022062413
       -0.0007470028   0.0009301913  -0.0001317054  -0.0004902408   0.0001191601
        0.0002104177  -0.0000033921   0.0000434712  -0.0000060273  -0.0000116803
        0.0000449634   0.0000130974   0.0000044492   0.0000290651   0.0000034535
        0.0000081148   0.0000119327   0.0000043938  -0.0000306840  -0.0000649130
        0.0000608017  -0.0000032724   0.0001554247  -0.0003980382   0.0000047047
       -0.0003463374   0.0001760142  -0.0003114404   0.0001525444  -0.0000974810
        0.0000058495   0.0000603384   0.0001171947   0.0001600434  -0.0000762128
        0.0001511817   0.0000854851  -0.0000478402   0.0000295042   0.0000011943
        0.0010361450   0.0007279726   0.0027089035  -0.0185683339   0.0011450505
       -0.0276591272   0.1392179724   0.0023985357   0.1974664012   0.0000016079
        0.0000220629  -0.0000036404  -0.0000177928  -0.0000003060  -0.0000107402
       -0.0000139921  -0.0000113196   0.0000029170   0.0000017613  -0.0000303611
        0.0000073762   0.0000008346  -0.0000482661   0.0000554367   0.0005589883
       -0.0002774703   0.0006748278   0.0000140605   0.0000281953   0.0000116242
        0.0000224834   0.0000270823   0.0000333979  -0.0000019471   0.0000132549
        0.0000152359   0.0000542967   0.0000439914   0.0000686591
        0.0000862424   0.0000091546   0.0000472005  -0.0005655813   0.0002214168
       -0.0000477956   0.0013483214   0.0017013069   0.0012943819  -0.0088082485
        0.0190318529  -0.0178363389  -0.0614368314   0.0493284494  -0.0469492239
        0.0044362142  -0.0125257274   0.0104296865   0.0001053194  -0.0046565971
       -0.0015552548  -0.0005365840  -0.0005506771   0.0001773035  -0.0032002558
       -0.0017495799  -0.0046504756   0.0000777545   0.0000089880  -0.0001891578
        0.0000171862   0.0000097290   0.0000383235   0.0000353468  -0.0000358884
        0.0000113780   0.0000416366  -0.0000261986   0.0000006828   0.0000318939
       -0.0000180908   0.0000135701  -0.0001109188  -0.0000847013  -0.0000308790
        0.0000067851  -0.0000927304  -0.0000506513  -0.0000283858  -0.0000069648
        0.0000311420   0.0000509392   0.0000201297   0.0000016079   0.0690898208
       -0.0514990338   0.0574374602   0.0002589808   0.0000894926   0.0016901961
        0.0001644753  -0.0007657102   0.0004515360  -0.0003120489   0.0003421346
        0.0005936976  -0.0006545433   0.0010587006  -0.0009300188   0.0000154036
        0.0000006452  -0.0000085282   0.0000056599  -0.0000049501  -0.0000072763
        0.0000117900  -0.0000011457  -0.0000027095   0.0000051641  -0.0000106364
       -0.0000032717  -0.0001355365   0.0002066318   0.0000434149
        0.0000468906  -0.0000353846   0.0001728508   0.0000131053   0.0002972847
        0.0001175861   0.0002353883  -0.0006123250  -0.0016260271   0.0015251777
        0.0004642017   0.0015288304   0.0491294696  -0.1794855171   0.1203055997
        0.0055440001  -0.0201407654   0.0162076255  -0.0053147312  -0.0013196553
        0.0029352730  -0.0001637769   0.0004950295  -0.0005115023  -0.0014894697
        0.0020788959   0.0023547022  -0.0000880602   0.0000125800  -0.0000028789
       -0.0000518382  -0.0000207859  -0.0000413292  -0.0000281650   0.0000191323
       -0.0000085946  -0.0000376177   0.0000076404  -0.0000132601  -0.0000688740
        0.0000385637  -0.0000070936   0.0001400885   0.0000277191   0.0000647612
        0.0000002744   0.0000034647  -0.0000086483  -0.0000100923  -0.0000125366
        0.0000018798   0.0000397982   0.0000386113   0.0000220629  -0.0514990338
        0.1998303572  -0.1404215900   0.0012836206   0.0000095067  -0.0010787970
        0.0002770582  -0.0010672122   0.0008713528   0.0003614383  -0.0003834535
       -0.0006780121  -0.0000056401  -0.0000732900  -0.0000934707  -0.0000040479
       -0.0000017704   0.0000003973   0.0000068988  -0.0000128266  -0.0000038512
       -0.0000087777  -0.0000049410  -0.0000070425   0.0000004112  -0.0000250791
       -0.0000151438   0.0001665047  -0.0001274445  -0.0000656801
        0.0001835710   0.0000431545   0.0001669814   0.0001517369   0.0006239754
       -0.0001877106   0.0018579527  -0.0022538119  -0.0004656582  -0.0059736720
        0.0132836552  -0.0097091029  -0.0474102203   0.1202037724  -0.1349249098
       -0.0009927396   0.0051806060  -0.0039418529  -0.0016516294   0.0034460474
        0.0050877087   0.0003342671  -0.0004135232   0.0002592098  -0.0052494579
        0.0018702994   0.0032819543   0.0000282220  -0.0000108074  -0.0001018128
        0.0000410675   0.0000276707   0.0000451566   0.0000428654  -0.0000544854
       -0.0000153721   0.0000610124  -0.0000199787   0.0000136417   0.0000301752
       -0.0000338991  -0.0000016039  -0.0000261210  -0.0000556446  -0.0000839284
       -0.0000077999  -0.0000800970  -0.0000177619  -0.0000092111  -0.0000066263
        0.0000183350   0.0000488687   0.0000613972  -0.0000036404   0.0574374602
       -0.1404215900   0.1436960867   0.0010131395  -0.0017066226  -0.0012174245
       -0.0001855256   0.0003665225  -0.0000756359   0.0006044536  -0.0006631697
       -0.0010269945  -0.0002175254   0.0005236166  -0.0008387271  -0.0000122519
        0.0000021909  -0.0000268524  -0.0000157976   0.0000003353  -0.0000015850
       -0.0000046994   0.0000070968   0.0000035589  -0.0000003142   0.0000104677
       -0.0000055916  -0.0000778271   0.0000694480   0.0000735320
       -0.0002026528  -0.0001787267   0.0001442698   0.0002352266   0.0000512372
       -0.0001192026  -0.0011641799  -0.0000006954  -0.0005636490   0.0006722868
       -0.0049755334  -0.0015284175  -0.0197259762  -0.0032854859  -0.0093416214
       -0.2392735998  -0.0121168954  -0.1077864555  -0.0097294499   0.0005192339
       -0.0062757995   0.0018245614   0.0004277642  -0.0035554607   0.0007266709
        0.0000188901   0.0005025124  -0.0000319881   0.0000329111   0.0000194216
        0.0000661612   0.0000534723   0.0000504692   0.0000229612   0.0000177865
        0.0000296971   0.0000001505  -0.0000057684  -0.0000053530   0.0000078387
       -0.0000402639  -0.0000433618  -0.0001157561  -0.0000177084   0.0000235060
        0.0000034272   0.0000102096   0.0000004432  -0.0000294412  -0.0000616719
        0.0000299037   0.0000099191  -0.0000058777  -0.0000177928   0.0002589808
        0.0012836206   0.0010131395   0.2670707705   0.0176770741   0.1258291463
        0.0003371701   0.0002342749   0.0014399343  -0.0006040641   0.0000249712
       -0.0003431935  -0.0002972756   0.0003368882   0.0005720676   0.0000053316
       -0.0000104306  -0.0000062480  -0.0000195997   0.0000096585  -0.0000034218
       -0.0000104589   0.0000121916   0.0000027182  -0.0000138862   0.0000285702
        0.0000156007  -0.0000231279  -0.0000396967  -0.0000828525
       -0.0001365271  -0.0001221647   0.0001525404   0.0000070124  -0.0001966713
       -0.0000416375  -0.0011544413   0.0001745805  -0.0006337647  -0.0044566104
       -0.0014760524   0.0033771358  -0.0215743221  -0.0022577841  -0.0102643045
       -0.0121505719  -0.0422856371  -0.0016221553   0.0190238129   0.0006207853
        0.0108273204   0.0000054974  -0.0011262334   0.0056142433  -0.0000475518
       -0.0005425118   0.0002241965   0.0000148596  -0.0000172544  -0.0000231007
        0.0000203353   0.0000246836   0.0000130523  -0.0000006323   0.0000061997
        0.0000046698  -0.0000061895  -0.0000021622   0.0000035504  -0.0000156686
        0.0000143582   0.0000003431   0.0000020806  -0.0000123274  -0.0000036697
        0.0000192779   0.0000230534   0.0000009513  -0.0000262551  -0.0000491506
        0.0000099985   0.0000084584   0.0000123282  -0.0000003060   0.0000894926
        0.0000095067  -0.0017066226   0.0176770741   0.0477875887  -0.0050107505
        0.0013402912  -0.0000410050  -0.0008638414   0.0010295558  -0.0000977661
        0.0006319690   0.0003558467  -0.0004182590  -0.0006304918   0.0000038854
       -0.0000071281  -0.0000001374  -0.0000042751   0.0000025255  -0.0000003667
       -0.0000017365   0.0000052935   0.0000062923  -0.0000011071   0.0000021672
        0.0000020280  -0.0000215913  -0.0000309630  -0.0000671424
       -0.0000343119  -0.0000441120   0.0000157119   0.0003274182   0.0000239618
       -0.0001232627  -0.0001490672  -0.0001839583   0.0001930102  -0.0018014860
        0.0036994915   0.0051465811   0.0022179339  -0.0000502941   0.0018339007
       -0.1076931509  -0.0016713448  -0.0939925506  -0.0180802866   0.0004493742
       -0.0097089236  -0.0031992690   0.0058292563   0.0022442654   0.0005604745
        0.0001131421   0.0001624540  -0.0000561220   0.0000332785  -0.0000178390
        0.0000293969   0.0000183021   0.0000238179   0.0000066338  -0.0000131382
       -0.0000030129   0.0000355051  -0.0000034821   0.0000033441  -0.0000027848
       -0.0000169577  -0.0000055804   0.0000153644  -0.0000183020  -0.0000446526
        0.0000037643  -0.0000103834  -0.0000022402  -0.0000046747  -0.0000059060
        0.0000053342  -0.0000040332   0.0000014891  -0.0000107402   0.0016901961
       -0.0010787970  -0.0012174245   0.1258291463  -0.0050107505   0.0982802181
        0.0007533291  -0.0014520070  -0.0011431986  -0.0009326081   0.0000307335
       -0.0006292153   0.0005912042  -0.0006691297  -0.0009856861  -0.0000083648
        0.0000000662  -0.0000120013  -0.0000120450   0.0000048797   0.0000021427
       -0.0000060913   0.0000078430  -0.0000013572  -0.0000063572   0.0000131499
        0.0000004226  -0.0000697140   0.0000035950  -0.0000135177
       -0.0001066739  -0.0000805715  -0.0000503309   0.0001827589   0.0000294051
        0.0000055758  -0.0004476676   0.0004039440   0.0005472496   0.0003027747
        0.0006349413  -0.0004252047   0.0017770672   0.0000147392  -0.0031518319
        0.0040296611   0.0047352638  -0.0007669246  -0.1352575918  -0.1227866530
        0.0199516413  -0.0186368861  -0.0218772287   0.0033808357  -0.0031498720
       -0.0015321394  -0.0051031146  -0.0000113978   0.0000032760   0.0000462424
        0.0000465457   0.0000169626   0.0000311995   0.0000191628   0.0000034621
        0.0000087762   0.0000117794  -0.0000014984  -0.0000023589  -0.0000009234
       -0.0000247493  -0.0000375783  -0.0000409984  -0.0000312876  -0.0000172478
       -0.0000046719  -0.0000002625  -0.0000012988   0.0000057845  -0.0000035495
        0.0000140513  -0.0000022746  -0.0000209606  -0.0000139921   0.0001644753
        0.0002770582  -0.0001855256   0.0003371701   0.0013402912   0.0007533291
        0.1517332703   0.1398659689  -0.0164384425   0.0001194185   0.0001915720
        0.0014286172  -0.0010335557  -0.0011653488   0.0000433803   0.0000048552
       -0.0000019936  -0.0000040143  -0.0000135619   0.0000019886   0.0000003125
       -0.0000114853   0.0000036127   0.0000031772  -0.0000063694   0.0000127869
        0.0000137645  -0.0000107939  -0.0000090295  -0.0000302876
       -0.0000925894  -0.0001080221   0.0000640346   0.0005282323   0.0003081763
       -0.0001232197   0.0003070945  -0.0004703045  -0.0005883046   0.0004337853
        0.0006370613   0.0000640613   0.0003570977  -0.0012859305   0.0056229372
       -0.0139509404  -0.0201787969   0.0050340255  -0.1228045489  -0.1972935751
        0.0350912204  -0.0034097980  -0.0030220172   0.0000289446  -0.0017078377
        0.0027545635   0.0020033804  -0.0000851521   0.0000592474   0.0000029167
        0.0000468583   0.0000373767   0.0000403313   0.0000022046   0.0000204535
        0.0000211915  -0.0000078709   0.0000014363  -0.0000087811  -0.0000067695
       -0.0000159789  -0.0000354919  -0.0000433135  -0.0000166861   0.0000275457
        0.0000193150   0.0000086841   0.0000110941  -0.0000133961  -0.0000220147
        0.0000274033  -0.0000080129   0.0000058149  -0.0000113196  -0.0007657102
       -0.0010672122   0.0003665225   0.0002342749  -0.0000410050  -0.0014520070
        0.1398659689   0.2196597717  -0.0452714914   0.0012762818   0.0001887622
       -0.0010296812  -0.0001713117  -0.0001816033   0.0001711639  -0.0000021355
       -0.0000092758  -0.0000050581  -0.0000131667   0.0000133712  -0.0000039986
       -0.0000075859   0.0000218650  -0.0000040828   0.0000010845   0.0000221249
        0.0000077377   0.0000179416  -0.0000262865  -0.0000510747
        0.0000853451  -0.0000123864   0.0001257420   0.0000814318   0.0002150696
       -0.0001433857   0.0007996386  -0.0008225118  -0.0007703942  -0.0008082379
        0.0001971914  -0.0001857553  -0.0033433296   0.0052446628   0.0020633249
        0.0110463850   0.0154951162  -0.0035755428   0.0200364933   0.0350095270
       -0.0432830468  -0.0087943636  -0.0105052420   0.0017471162  -0.0046833971
        0.0024422992   0.0031978955  -0.0000136310   0.0000299969  -0.0000746381
        0.0000006912  -0.0000185490   0.0000246843   0.0000004144  -0.0000047551
        0.0000141371   0.0000119247   0.0000031426  -0.0000046900   0.0000195847
       -0.0000181997   0.0000094416  -0.0000138207   0.0000092252   0.0000113449
       -0.0000069374  -0.0000071309  -0.0000093498  -0.0000188156  -0.0000124341
       -0.0000010782   0.0000229004   0.0000340754   0.0000029170   0.0004515360
        0.0008713528  -0.0000756359   0.0014399343  -0.0008638414  -0.0011431986
       -0.0164384425  -0.0452714914   0.0429602047   0.0007360049  -0.0015993398
       -0.0010971902  -0.0005603210  -0.0004466457   0.0002111279  -0.0000014056
        0.0000012905  -0.0000027476  -0.0000042799   0.0000017149   0.0000046991
       -0.0000006287   0.0000058154  -0.0000065834  -0.0000004022   0.0000055228
       -0.0000069555  -0.0000442718   0.0000165245   0.0000075570
       -0.0000849166  -0.0000221588  -0.0000965615   0.0000711727  -0.0001326649
       -0.0000026659  -0.0000452555  -0.0004071979   0.0005830418  -0.0001460208
       -0.0045515945  -0.0017377891  -0.0002172401  -0.0003732767   0.0002286262
       -0.0032187157  -0.0019333509  -0.0050474825  -0.0085762826   0.0193101197
       -0.0178851379  -0.0619010206   0.0490541304  -0.0475195425   0.0044850622
       -0.0133167541   0.0103884990   0.0000880297  -0.0000399179   0.0001052027
        0.0000332681  -0.0000205214  -0.0000056871   0.0000076496   0.0000220176
        0.0000008159  -0.0000044132   0.0000138278  -0.0000046748   0.0000136149
        0.0000151758  -0.0000011171  -0.0000105293   0.0000076170   0.0000117093
       -0.0000171327   0.0000161693  -0.0000005901   0.0000089349   0.0000112832
       -0.0000055861  -0.0000101110  -0.0000299592   0.0000017613  -0.0003120489
        0.0003614383   0.0006044536  -0.0006040641   0.0010295558  -0.0009326081
        0.0001194185   0.0012762818   0.0007360049   0.0701172428  -0.0503829323
        0.0589301941   0.0002577022   0.0001124299   0.0016778849   0.0000022379
       -0.0000031134   0.0000027513  -0.0000105244   0.0000007959   0.0000019604
       -0.0000031170  -0.0000009912   0.0000035493  -0.0000072994  -0.0000028711
       -0.0000059628  -0.0000356414  -0.0000135381  -0.0000310494
       -0.0003027351  -0.0001386310  -0.0001945094   0.0005159243   0.0000911000
       -0.0000683416   0.0001279646  -0.0013063127   0.0009239943  -0.0049800526
       -0.0007480824   0.0033124048  -0.0004982257   0.0003214335  -0.0006323288
       -0.0013724723   0.0028275420   0.0023413871   0.0008523863  -0.0001710668
        0.0011463750   0.0491592043  -0.1751641537   0.1187894504   0.0051382895
       -0.0204547314   0.0165530962   0.0000097744  -0.0000361266   0.0002027569
        0.0000292797   0.0000411014   0.0000188495   0.0000056970   0.0000362433
        0.0000103128  -0.0000033709   0.0000077885  -0.0000001554  -0.0000270041
        0.0000359939  -0.0000348461  -0.0000166196  -0.0000071000   0.0000305070
        0.0000071614   0.0000364801   0.0000031791   0.0000146992  -0.0000057584
        0.0000165593  -0.0000504393  -0.0000755775  -0.0000303611   0.0003421346
       -0.0003834535  -0.0006631697   0.0000249712  -0.0000977661   0.0000307335
        0.0001915720   0.0001887622  -0.0015993398  -0.0503829323   0.1950754066
       -0.1389536674   0.0012534988  -0.0000478851  -0.0011394080   0.0000031013
       -0.0000310017  -0.0000034602  -0.0000279994   0.0000098367  -0.0000041644
       -0.0000174052   0.0000178856   0.0000097364   0.0000088163   0.0000231339
        0.0000181698  -0.0000052183  -0.0000450606  -0.0000837599
        0.0001403735   0.0000663662   0.0000560127  -0.0006038621   0.0000107409
        0.0000334838   0.0005440830   0.0002842729  -0.0002700876  -0.0014369138
        0.0030470031   0.0053683033  -0.0000512264  -0.0006693016   0.0001956939
       -0.0053398580   0.0022062377   0.0034528234  -0.0059672312   0.0116051008
       -0.0101167995  -0.0476915078   0.1186583649  -0.1379793634  -0.0012373753
        0.0065764195  -0.0039252521   0.0000589195  -0.0000459357  -0.0000866904
       -0.0000548366  -0.0000255500   0.0000141044   0.0000069700  -0.0000258676
       -0.0000002559   0.0000364580  -0.0000095976   0.0000177804   0.0000039377
       -0.0000024202   0.0000249033   0.0000234159   0.0000496930  -0.0000396375
       -0.0000039203  -0.0000064064  -0.0000115937  -0.0000089919   0.0000048515
       -0.0000175651   0.0000132122   0.0000290328   0.0000073762   0.0005936976
       -0.0006780121  -0.0010269945  -0.0003431935   0.0006319690  -0.0006292153
        0.0014286172  -0.0010296812  -0.0010971902   0.0589301941  -0.1389536674
        0.1471429055   0.0009769555  -0.0017162247  -0.0011101252  -0.0000016010
        0.0000027339  -0.0000027339   0.0000086847  -0.0000009058   0.0000002931
        0.0000085885  -0.0000036908  -0.0000115603  -0.0000087496  -0.0000019756
       -0.0000189783  -0.0000248400  -0.0000035496   0.0000303630
        0.0000397155  -0.0000019853  -0.0001049446  -0.0002221263   0.0000739170
       -0.0000322753   0.0001081383  -0.0002814186   0.0016564105  -0.0099607568
        0.0011526314  -0.0070714764   0.0014778689   0.0004135798  -0.0034018126
        0.0007443468   0.0000764695   0.0004524606   0.0001980668  -0.0051518800
       -0.0011537785  -0.0195945659  -0.0029122688  -0.0095083765  -0.2359649015
       -0.0144147294  -0.1088151256   0.0003679272  -0.0000621680   0.0002074076
       -0.0000222270  -0.0000961642   0.0002863390  -0.0000167437   0.0000714237
        0.0000002643   0.0000052182   0.0000263866   0.0000211347   0.0000457431
       -0.0000629400  -0.0000318637  -0.0000648374  -0.0000039132   0.0000634136
       -0.0000254828   0.0000345989  -0.0000494875  -0.0000196018   0.0000467209
       -0.0000110826   0.0000039307  -0.0000296099   0.0000008346  -0.0006545433
       -0.0000056401  -0.0002175254  -0.0002972756   0.0003558467   0.0005912042
       -0.0010335557  -0.0001713117  -0.0005603210   0.0002577022   0.0012534988
        0.0009769555   0.2648504414   0.0197790983   0.1268797896  -0.0000540956
       -0.0000486137  -0.0000779909  -0.0000100509   0.0000095464  -0.0000369839
       -0.0000138730  -0.0000174202  -0.0000285019  -0.0000341027  -0.0000021227
       -0.0000193079  -0.0001103591  -0.0000315322  -0.0000153600
        0.0000066420  -0.0000941605  -0.0000406884   0.0000582340   0.0005019462
        0.0000966150   0.0028705124   0.0012042781  -0.0011482898   0.0169814372
       -0.0009473223   0.0111921923   0.0000828440  -0.0011922351   0.0053837944
       -0.0001316442  -0.0005584724   0.0001524054  -0.0045798531  -0.0013461619
        0.0035277260  -0.0210502876  -0.0021301243  -0.0106057187  -0.0141490089
       -0.0419682583  -0.0021149535  -0.0001081195   0.0002772071   0.0001032279
       -0.0000606119   0.0001191272   0.0000685316   0.0000052262   0.0000110923
        0.0000332349  -0.0000138536  -0.0000515864  -0.0000354207  -0.0000186159
       -0.0000749074  -0.0000591958   0.0000591765   0.0001044765   0.0000598500
        0.0000408623  -0.0000021630  -0.0000002376   0.0000284133   0.0000432921
       -0.0000206189  -0.0001022385  -0.0000728779  -0.0000482661   0.0010587006
       -0.0000732900   0.0005236166   0.0003368882  -0.0004182590  -0.0006691297
       -0.0011653488  -0.0001816033  -0.0004466457   0.0001124299  -0.0000478851
       -0.0017162247   0.0197790983   0.0470761308  -0.0040831543  -0.0000965688
       -0.0000473953  -0.0000557756   0.0000195574  -0.0000235593  -0.0000143003
       -0.0000013509  -0.0000182751  -0.0000228714   0.0000031731  -0.0000354287
       -0.0000075301   0.0000343065  -0.0000535849  -0.0000521726
        0.0001528355  -0.0000708031   0.0001769595  -0.0002081968   0.0005805383
       -0.0002827618   0.0013039591  -0.0018643904  -0.0002346246  -0.0193247866
       -0.0006893255  -0.0095301855  -0.0028112401   0.0056666197   0.0018374421
        0.0005185115   0.0001169629   0.0000021958  -0.0015913894   0.0032918328
        0.0049339786   0.0029276287  -0.0000610954   0.0015311302  -0.1096177022
       -0.0010851701  -0.0941833014   0.0003280473   0.0000687818  -0.0005558134
        0.0002907216  -0.0000281400   0.0001265653   0.0000668524  -0.0000510449
        0.0000454157   0.0000320374  -0.0000600191  -0.0000017828   0.0000154706
       -0.0001052484  -0.0000071703  -0.0001985125  -0.0000969485  -0.0003729826
       -0.0000370284  -0.0000507303  -0.0000094622  -0.0000389280  -0.0000458433
       -0.0000162486   0.0000687234   0.0000635574   0.0000554367  -0.0009300188
       -0.0000934707  -0.0008387271   0.0005720676  -0.0006304918  -0.0009856861
        0.0000433803   0.0001711639   0.0002111279   0.0016778849  -0.0011394080
       -0.0011101252   0.1268797896  -0.0040831543   0.0990390650   0.0000163622
        0.0000285355   0.0000533324  -0.0000387371   0.0000401817   0.0000089035
       -0.0000156587   0.0000352263   0.0000030710  -0.0000211472   0.0000648894
        0.0000273572  -0.0000609264   0.0000269941   0.0000768907
       -0.0000425763  -0.0000175109  -0.0002287091   0.0002185505  -0.0024278153
       -0.0002967863  -0.0004067685   0.0000603647   0.0000031174   0.0001536133
        0.0000536855  -0.0000066712   0.0000276301   0.0000202576   0.0000613713
        0.0000562476   0.0000313405   0.0000045764   0.0000513881   0.0000250209
        0.0000226553   0.0000115497   0.0000065213  -0.0000021721  -0.0000717145
        0.0000852884  -0.0000514463  -0.0134994340  -0.0163794266  -0.0186888077
       -0.0865918307  -0.0651870733  -0.0730198194   0.0058157780   0.0094297586
        0.0091961964   0.0001699363   0.0040912304  -0.0006450741  -0.0002297999
        0.0005001781   0.0003651197  -0.0045057745   0.0022548020  -0.0036882220
        0.0001612022  -0.0000825252   0.0000983420   0.0000283457   0.0000966655
       -0.0001699758   0.0000305904   0.0012795442   0.0005589883   0.0000154036
       -0.0000040479  -0.0000122519   0.0000053316   0.0000038854  -0.0000083648
        0.0000048552  -0.0000021355  -0.0000014056   0.0000022379   0.0000031013
       -0.0000016010  -0.0000540956  -0.0000965688   0.0000163622   0.0989025273
        0.0669148212   0.0850535023   0.0004724025   0.0000783742   0.0015172968
        0.0001760649   0.0005280777   0.0005143725  -0.0001830266  -0.0003336545
        0.0005107510  -0.0007186346  -0.0009321594  -0.0011013443
        0.0009121275  -0.0008046950   0.0003605765   0.0002002710  -0.0006686640
        0.0013978316  -0.0006067922   0.0000402595  -0.0001000207   0.0001741422
        0.0002111817   0.0000446017  -0.0000304347  -0.0000636690   0.0000026392
        0.0000366663   0.0000545122  -0.0000154560   0.0000247384  -0.0000181751
        0.0000185267   0.0000413009   0.0000203092   0.0000016764  -0.0000743585
       -0.0000331066  -0.0000078433  -0.0006834424   0.0023105282   0.0011742237
       -0.0643519136  -0.1399954694  -0.1099757801  -0.0085052369  -0.0174901279
       -0.0176613758   0.0046291804  -0.0009674510  -0.0046627672   0.0003930975
        0.0002038077   0.0004605842   0.0019383571   0.0028727053  -0.0026521020
       -0.0000830803  -0.0000081141  -0.0002074843   0.0000075551   0.0000215751
        0.0001001012   0.0009398544  -0.0011790335  -0.0002774703   0.0000006452
       -0.0000017704   0.0000021909  -0.0000104306  -0.0000071281   0.0000000662
       -0.0000019936  -0.0000092758   0.0000012905  -0.0000031134  -0.0000310017
        0.0000027339  -0.0000486137  -0.0000473953   0.0000285355   0.0669148212
        0.1573137541   0.1307108769  -0.0011778870  -0.0003019727   0.0012118528
       -0.0004964797  -0.0009292962  -0.0008340711  -0.0003327679  -0.0005381780
        0.0008081991   0.0001937872   0.0000458904   0.0000678638
        0.0004590216   0.0002081904   0.0004101418   0.0008521326   0.0007550077
       -0.0010333187   0.0005542916  -0.0005177633   0.0000861402   0.0000383634
        0.0001253808  -0.0001365461   0.0000227603   0.0000011552   0.0000515507
        0.0000375232   0.0000165826   0.0000146459   0.0000180163   0.0000198918
        0.0000102804   0.0000405716   0.0000661757  -0.0000060010  -0.0000267124
        0.0000359437  -0.0000278607  -0.0064362272  -0.0075177603  -0.0077791436
       -0.0729704767  -0.1101536063  -0.1504809118  -0.0042390617  -0.0089111908
       -0.0076727677  -0.0004686274  -0.0049295287   0.0043629437   0.0004052049
        0.0003732722   0.0002235569  -0.0039497352  -0.0022692787   0.0042584937
        0.0001666743   0.0000017676  -0.0000564053  -0.0001747094   0.0001474997
       -0.0003310763   0.0000845490   0.0001963676   0.0006748278  -0.0000085282
        0.0000003973  -0.0000268524  -0.0000062480  -0.0000001374  -0.0000120013
       -0.0000040143  -0.0000050581  -0.0000027476   0.0000027513  -0.0000034602
       -0.0000027339  -0.0000779909  -0.0000557756   0.0000533324   0.0850535023
        0.1307108769   0.1604224263   0.0006123521   0.0017481386  -0.0011083729
       -0.0002432205  -0.0003973781  -0.0004533840   0.0005125051   0.0008036233
       -0.0010270988  -0.0002546679  -0.0004493339  -0.0004111176
        0.0000272114   0.0001064270   0.0000824073  -0.0001143394  -0.0006607202
       -0.0007701380  -0.0006520040   0.0001269255   0.0004182038   0.0002667821
        0.0002088373  -0.0001293462  -0.0000611095  -0.0000847676   0.0000229604
        0.0000377342   0.0000431096   0.0000170781  -0.0000125646  -0.0000141755
        0.0000028821   0.0000363495   0.0000790875  -0.0000215452  -0.0001131368
       -0.0000592575   0.0000809338  -0.0000689174   0.0048528395  -0.0003743475
       -0.0182393522   0.0047890490  -0.0051087970  -0.2665928754   0.0354354078
       -0.0790807130  -0.0141966819   0.0007857315  -0.0062311985   0.0008360363
       -0.0008444004  -0.0038699052   0.0008293447  -0.0001858170   0.0003415621
        0.0000133439   0.0000204392   0.0000059331  -0.0000321591  -0.0000466953
       -0.0000022212  -0.0000264460   0.0000012649   0.0000140605   0.0000056599
        0.0000068988  -0.0000157976  -0.0000195997  -0.0000042751  -0.0000120450
       -0.0000135619  -0.0000131667  -0.0000042799  -0.0000105244  -0.0000279994
        0.0000086847  -0.0000100509   0.0000195574  -0.0000387371   0.0004724025
       -0.0011778870   0.0006123521   0.2980128374  -0.0429281986   0.0925538135
        0.0005145959  -0.0001950905   0.0012419066  -0.0007673065   0.0001099189
       -0.0002499858  -0.0001216683  -0.0003430431   0.0005062794
        0.0000064448  -0.0000992418  -0.0000355199   0.0006257819   0.0002415829
        0.0005958910   0.0004459364  -0.0002100964  -0.0004337508  -0.0001232708
       -0.0001380846   0.0000846670   0.0000397965   0.0000518782   0.0000046033
       -0.0000052585  -0.0000197327  -0.0000037994   0.0000056351   0.0000124894
       -0.0000141010   0.0000107584  -0.0000052704   0.0000037422  -0.0000046044
        0.0000246928  -0.0000153256   0.0042594607  -0.0011854920  -0.0045021215
        0.0227761592  -0.0043803297   0.0064274340   0.0353801213  -0.0459607435
        0.0076490210  -0.0173873382   0.0023713435  -0.0068195967  -0.0004500478
        0.0004351990  -0.0058385189  -0.0001953140  -0.0004575304  -0.0002845890
       -0.0000242076  -0.0000194016  -0.0000160718   0.0000279918   0.0000496607
       -0.0000191830   0.0000588066   0.0000185006   0.0000281953  -0.0000049501
       -0.0000128266   0.0000003353   0.0000096585   0.0000025255   0.0000048797
        0.0000019886   0.0000133712   0.0000017149   0.0000007959   0.0000098367
       -0.0000009058   0.0000095464  -0.0000235593   0.0000401817   0.0000783742
       -0.0003019727   0.0017481386  -0.0429281986   0.0503868897  -0.0001232733
       -0.0013321589  -0.0002424934   0.0011254791  -0.0009365777   0.0000218233
       -0.0003738755  -0.0003453299  -0.0005830185   0.0007663490
       -0.0000335427  -0.0000100853  -0.0000206011   0.0002255053  -0.0000152310
        0.0002395722   0.0001587709   0.0000230101  -0.0001220461  -0.0000580686
       -0.0000489929   0.0000359219   0.0000373732  -0.0000013484   0.0000198916
        0.0000033355   0.0000011121   0.0000078356   0.0000279746   0.0000123940
        0.0000201884  -0.0000065330   0.0000002705  -0.0000027300   0.0000341815
        0.0000332196  -0.0000501661  -0.0005757630  -0.0048124985   0.0043368831
        0.0080940955  -0.0016587118   0.0032559947  -0.0790336302   0.0074988852
       -0.0654264217  -0.0196280538   0.0015026524  -0.0069100986  -0.0035504450
       -0.0059659480   0.0020493786   0.0003841391  -0.0002053406  -0.0001579276
       -0.0000093764   0.0000167893   0.0000017321   0.0000003947   0.0000161980
       -0.0000236597   0.0000187478   0.0000084537   0.0000116242  -0.0000072763
       -0.0000038512  -0.0000015850  -0.0000034218  -0.0000003667   0.0000021427
        0.0000003125  -0.0000039986   0.0000046991   0.0000019604  -0.0000041644
        0.0000002931  -0.0000369839  -0.0000143003   0.0000089035   0.0015172968
        0.0012118528  -0.0011083729   0.0925538135  -0.0001232733   0.0665068827
        0.0004029330   0.0016466943  -0.0012171519  -0.0010124806   0.0001029341
       -0.0004415442   0.0004947411   0.0007936451  -0.0010196385
        0.0000106715  -0.0000430668  -0.0000371378   0.0000202222  -0.0006621508
        0.0003551593  -0.0002912662   0.0001396093   0.0000046336   0.0001489465
        0.0000536222  -0.0000218889  -0.0000212468  -0.0000257369   0.0000374787
        0.0000323206   0.0000248514   0.0000053636   0.0000148845  -0.0000054993
        0.0000029848   0.0000121526   0.0000325062  -0.0000204810  -0.0000458589
       -0.0000053262   0.0000208055  -0.0001047677  -0.0004562174  -0.0002520551
        0.0008602039  -0.0004554447  -0.0035574162   0.0058094959  -0.0078408063
       -0.0036226436  -0.1145843568   0.1074802456   0.0430205303  -0.0172101635
        0.0230512537   0.0087924117  -0.0043579906   0.0021792189  -0.0040295389
       -0.0000237113  -0.0000008588  -0.0000069195  -0.0000086574  -0.0000049464
       -0.0000124188   0.0000153580  -0.0000194734   0.0000224834   0.0000117900
       -0.0000087777  -0.0000046994  -0.0000104589  -0.0000017365  -0.0000060913
       -0.0000114853  -0.0000075859  -0.0000006287  -0.0000031170  -0.0000174052
        0.0000085885  -0.0000138730  -0.0000013509  -0.0000156587   0.0001760649
       -0.0004964797  -0.0002432205   0.0005145959  -0.0013321589   0.0004029330
        0.1297035799  -0.1226365627  -0.0425833632   0.0003069526  -0.0000842172
        0.0012611259  -0.0009502856   0.0011444944   0.0004796634
        0.0000682454  -0.0001838173  -0.0001140959  -0.0007090999  -0.0002824548
        0.0009498422  -0.0000688223   0.0002100398  -0.0001571000  -0.0000469311
       -0.0000423073   0.0000822076   0.0000088703   0.0000414143  -0.0000277027
       -0.0000068468  -0.0000049231  -0.0000293000   0.0000262052   0.0000035445
        0.0000072401  -0.0000199718  -0.0000500060   0.0000147525   0.0000622131
        0.0000236543  -0.0000515572  -0.0002746012   0.0003562730   0.0003710927
       -0.0007659792   0.0003159492  -0.0060399402   0.0104014577  -0.0172171558
       -0.0087201395   0.1074951121  -0.1967370682  -0.0708991558   0.0048349356
       -0.0046801550  -0.0020243263   0.0024159370   0.0032236434  -0.0024075296
       -0.0000071070  -0.0000554161  -0.0000194439   0.0000048301   0.0000411324
       -0.0000156906   0.0000106889   0.0000159635   0.0000270823  -0.0000011457
       -0.0000049410   0.0000070968   0.0000121916   0.0000052935   0.0000078430
        0.0000036127   0.0000218650   0.0000058154  -0.0000009912   0.0000178856
       -0.0000036908  -0.0000174202  -0.0000182751   0.0000352263   0.0005280777
       -0.0009292962  -0.0003973781  -0.0001950905  -0.0002424934   0.0016466943
       -0.1226365627   0.2166177689   0.0866061687  -0.0012231020  -0.0001162356
        0.0012588172   0.0001012941  -0.0003298827  -0.0001128286
        0.0000581655   0.0001040567   0.0001583888   0.0002672983   0.0009721425
       -0.0009909358   0.0004717151  -0.0002970718   0.0000909732  -0.0001325992
       -0.0000658442  -0.0000574208   0.0000218502   0.0000151233   0.0000352599
       -0.0000004218  -0.0000091299   0.0000314295   0.0000023520   0.0000157808
       -0.0000018790  -0.0000047615   0.0000093980  -0.0000016600  -0.0000007514
        0.0000210619  -0.0000157958  -0.0006402136   0.0000978575  -0.0004686969
       -0.0037589225  -0.0056826081   0.0020673443   0.0097201521  -0.0169537288
       -0.0071939371   0.0430328526  -0.0708814898  -0.0676516061  -0.0046655382
        0.0061278156   0.0033749086  -0.0036918382  -0.0026260984   0.0043904795
        0.0000390712   0.0000182060   0.0000279748  -0.0000202064   0.0000084822
       -0.0000107609  -0.0000182376   0.0000926922   0.0000333979  -0.0000027095
       -0.0000070425   0.0000035589   0.0000027182   0.0000062923  -0.0000013572
        0.0000031772  -0.0000040828  -0.0000065834   0.0000035493   0.0000097364
       -0.0000115603  -0.0000285019  -0.0000228714   0.0000030710   0.0005143725
       -0.0008340711  -0.0004533840   0.0012419066   0.0011254791  -0.0012171519
       -0.0425833632   0.0866061687   0.0688836341   0.0004184395   0.0017897784
       -0.0010792126  -0.0002495551   0.0003639674   0.0000615215
       -0.0000565233   0.0001925417   0.0000119703   0.0001763084   0.0003560404
        0.0004502145   0.0000052241   0.0000747249  -0.0000825947   0.0000757054
       -0.0000165468   0.0000250533   0.0000294771   0.0000110802   0.0000053153
        0.0000020841  -0.0000095174   0.0000000303   0.0000070812  -0.0000126433
        0.0000035128   0.0000071729  -0.0000124965   0.0000101227  -0.0000036763
        0.0000026095  -0.0000039931   0.0001624335   0.0040320176  -0.0003564118
       -0.0002970827   0.0004214181   0.0003004647  -0.0043499079   0.0024965562
       -0.0038049814  -0.0135125096  -0.0176394347  -0.0197149029  -0.0857287646
       -0.0645942517  -0.0716050426   0.0057062417   0.0096236119   0.0093384589
        0.0000093054   0.0000302550  -0.0000054325  -0.0000270710  -0.0000120357
        0.0000041609  -0.0000187644  -0.0000061301  -0.0000019471   0.0000051641
        0.0000004112  -0.0000003142  -0.0000138862  -0.0000011071  -0.0000063572
       -0.0000063694   0.0000010845  -0.0000004022  -0.0000072994   0.0000088163
       -0.0000087496  -0.0000341027   0.0000031731  -0.0000211472  -0.0001830266
       -0.0003327679   0.0005125051  -0.0007673065  -0.0009365777  -0.0010124806
        0.0003069526  -0.0012231020   0.0004184395   0.0980269030   0.0675042855
        0.0840502487   0.0004862371   0.0000379846   0.0014942603
        0.0001875148  -0.0003208365  -0.0000229597  -0.0014130797  -0.0001432989
       -0.0005369400   0.0004863039  -0.0000793326   0.0000576576  -0.0002653409
       -0.0000987860  -0.0000087262   0.0000223054   0.0000563269   0.0000351660
        0.0000046956   0.0000077475  -0.0000122324   0.0000360094   0.0000247532
        0.0000165697  -0.0000084672  -0.0000066515  -0.0000106422   0.0000408778
        0.0000860177  -0.0000949866   0.0047665875  -0.0011347146  -0.0051210514
        0.0004783045   0.0001456890   0.0004981683   0.0020320283   0.0033254054
       -0.0025971419   0.0003280200   0.0020115807   0.0009839724  -0.0643705076
       -0.1433158388  -0.1100517995  -0.0083661069  -0.0172285508  -0.0172644414
       -0.0000221370  -0.0001059065  -0.0000018958   0.0000144981   0.0000346782
       -0.0000216242   0.0000133956   0.0000597151   0.0000132549  -0.0000106364
       -0.0000250791   0.0000104677   0.0000285702   0.0000021672   0.0000131499
        0.0000127869   0.0000221249   0.0000055228  -0.0000028711   0.0000231339
       -0.0000019756  -0.0000021227  -0.0000354287   0.0000648894  -0.0003336545
       -0.0005381780   0.0008036233   0.0001099189   0.0000218233   0.0001029341
       -0.0000842172  -0.0001162356   0.0017897784   0.0675042855   0.1576627024
        0.1300974337  -0.0011869611  -0.0003350277   0.0012538286
        0.0001483312  -0.0001985297  -0.0000468755  -0.0005573322  -0.0000502711
       -0.0002475968   0.0002034911  -0.0000666333   0.0000028061  -0.0001529039
       -0.0001453692  -0.0000207190   0.0000162297   0.0000401348   0.0000369865
        0.0000113752  -0.0000100265   0.0000185517   0.0000241757   0.0000381314
        0.0000168111  -0.0000128869   0.0000078972   0.0000031210   0.0000026392
        0.0000262425  -0.0000687378  -0.0003408898  -0.0048514612   0.0041753197
        0.0003144532   0.0005557592   0.0003219659  -0.0040722338  -0.0024876050
        0.0043921833  -0.0060650437  -0.0072097720  -0.0072465818  -0.0718147432
       -0.1098982655  -0.1493240763  -0.0038722165  -0.0093378675  -0.0079253330
        0.0000041432  -0.0000753828  -0.0000037352   0.0000010111   0.0000322593
       -0.0000057959   0.0000025775   0.0000518366   0.0000152359  -0.0000032717
       -0.0000151438  -0.0000055916   0.0000156007   0.0000020280   0.0000004226
        0.0000137645   0.0000077377  -0.0000069555  -0.0000059628   0.0000181698
       -0.0000189783  -0.0000193079  -0.0000075301   0.0000273572   0.0005107510
        0.0008081991  -0.0010270988  -0.0002499858  -0.0003738755  -0.0004415442
        0.0012611259   0.0012588172  -0.0010792126   0.0840502487   0.1300974337
        0.1595297086   0.0005868605   0.0017830867  -0.0010716375
        0.0000119264   0.0000101531   0.0000015441  -0.0009888316   0.0001037636
        0.0014581604   0.0006481073   0.0006455867  -0.0001846197   0.0001942167
       -0.0001661340   0.0006083478  -0.0005799206   0.0001452462   0.0007004168
       -0.0000715004   0.0000120491  -0.0000222749   0.0000569386  -0.0001021584
        0.0000943139  -0.0000061010   0.0000410598   0.0000069092  -0.0001232226
        0.0001435120   0.0001129405  -0.0139628011  -0.0006729429  -0.0067771841
        0.0005106024  -0.0007629829  -0.0036416677   0.0007838692  -0.0000913592
        0.0003543782   0.0000625438   0.0045316465  -0.0002700446  -0.0180479589
        0.0048177967  -0.0054246945  -0.2655760049   0.0360864677  -0.0805586097
        0.0000455934   0.0000079299  -0.0000243484  -0.0000831044   0.0000105159
       -0.0000193387  -0.0000071074   0.0000686418   0.0000542967  -0.0001355365
        0.0001665047  -0.0000778271  -0.0000231279  -0.0000215913  -0.0000697140
       -0.0000107939   0.0000179416  -0.0000442718  -0.0000356414  -0.0000052183
       -0.0000248400  -0.0001103591   0.0000343065  -0.0000609264  -0.0007186346
        0.0001937872  -0.0002546679  -0.0001216683  -0.0003453299   0.0004947411
       -0.0009502856   0.0001012941  -0.0002495551   0.0004862371  -0.0011869611
        0.0005868605   0.2987525653  -0.0437835253   0.0932316753
        0.0000806903  -0.0000996632   0.0000099453  -0.0021892498  -0.0002483878
        0.0008749835  -0.0004435963  -0.0001733987   0.0000243817   0.0004973018
        0.0005495332  -0.0003419939   0.0001505315   0.0002658092  -0.0002078797
       -0.0000262010   0.0000356837  -0.0000541267  -0.0000085634  -0.0001483593
        0.0000439696   0.0000234139  -0.0001118583   0.0000978859  -0.0000089283
        0.0001072568   0.0000834467  -0.0161181833   0.0017826802  -0.0067684474
       -0.0004165723   0.0002673283  -0.0056813068  -0.0000729417  -0.0004403182
       -0.0001826925   0.0041209728  -0.0008435875  -0.0048798840   0.0228341268
       -0.0041384810   0.0064859746   0.0353112001  -0.0461005158   0.0078310757
        0.0000176265  -0.0000458295  -0.0000489475  -0.0000262906   0.0000501382
       -0.0000282502   0.0000380765   0.0000729659   0.0000439914   0.0002066318
       -0.0001274445   0.0000694480  -0.0000396967  -0.0000309630   0.0000035950
       -0.0000090295  -0.0000262865   0.0000165245  -0.0000135381  -0.0000450606
       -0.0000035496  -0.0000315322  -0.0000535849   0.0000269941  -0.0009321594
        0.0000458904  -0.0004493339  -0.0003430431  -0.0005830185   0.0007936451
        0.0011444944  -0.0003298827   0.0003639674   0.0000379846  -0.0003350277
        0.0017830867  -0.0437835253   0.0507043819   0.0000934970
        0.0001056885   0.0003076278   0.0002593484  -0.0001680738   0.0013787591
       -0.0012043123   0.0002800569  -0.0005769102   0.0000574794   0.0006688375
       -0.0003079366  -0.0010766554   0.0006753938  -0.0000798459   0.0002314898
        0.0001201490   0.0001092494   0.0000236850   0.0000759878   0.0000648621
        0.0000393184  -0.0000484224   0.0000261455  -0.0000388523  -0.0001943652
        0.0003754075  -0.0006711627  -0.0197892693   0.0020726993  -0.0067492626
       -0.0033702520  -0.0059361128   0.0016599943   0.0003863652  -0.0001454157
       -0.0001614225  -0.0006490651  -0.0047557954   0.0042814767   0.0083943144
       -0.0019409822   0.0035485574  -0.0810644556   0.0073802452  -0.0657123926
        0.0000837389   0.0000567495   0.0000107157  -0.0000366822   0.0000580046
       -0.0000243206   0.0000356541   0.0001643686   0.0000686591   0.0000434149
       -0.0000656801   0.0000735320  -0.0000828525  -0.0000671424  -0.0000135177
       -0.0000302876  -0.0000510747   0.0000075570  -0.0000310494  -0.0000837599
        0.0000303630  -0.0000153600  -0.0000521726   0.0000768907  -0.0011013443
        0.0000678638  -0.0004111176   0.0005062794   0.0007663490  -0.0010196385
        0.0004796634  -0.0001128286   0.0000615215   0.0014942603   0.0012538286
       -0.0010716375   0.0932316753   0.0000934970   0.0677237040
