
Scratch directory: C:\Users\HUIWEI\Documents\Codex\2026-09-10\25-ee-phase5-phase24-1-hantzsch-3\work\qm_scratch\pbe_E_opt_01/
gradient() will perform analytic gradient computation.
   => Libint2 <=

    Primary   basis highest AM E, G, H:  7, 6, -
    Auxiliary basis highest AM E, G, H:  7, 7, -
    Onebody   basis highest AM E, G, H:  -, -, -
    Solid Harmonics ordering:            Gaussian

*** tstart() called on LAPTOP-257FNSVV
*** at Thu Sep 10 22:52:27 2026

   => Loading Basis Set <=

    Name: DEF2-SVP
    Role: ORBITAL
    Keyword: BASIS
    atoms 1-2, 4-15 entry C          line    90 file C:\Users\HUIWEI\miniconda3\envs\phase7\Library\share\psi4\basis\def2-svp.gbs 
    atoms 3         entry N          line   110 file C:\Users\HUIWEI\miniconda3\envs\phase7\Library\share\psi4\basis\def2-svp.gbs 
    atoms 16-28     entry H          line    15 file C:\Users\HUIWEI\miniconda3\envs\phase7\Library\share\psi4\basis\def2-svp.gbs 

   => PBE-D3(BJ): Empirical Dispersion <=

    Grimme's -D3 (BJ-damping) Dispersion Correction
    Grimme S.; Ehrlich S.; Goerigk L. (2011), J. Comput. Chem., 32: 1456

        s6 =       1.000000
        s8 =       0.787500
        a1 =       0.428900
        a2 =       4.440700


         ---------------------------------------------------------
                                   SCF
               by Justin Turney, Rob Parrish, Andy Simmonett
                          and Daniel G. A. Smith
                              RKS Reference
                        2 Threads,    476 MiB Core
         ---------------------------------------------------------

  ==> Geometry <==

    Molecular point group: c1
    Full point group: C1

    Geometry (in Angstrom), charge = 0, multiplicity = 1:

       Center              X                  Y                   Z               Mass       
    ------------   -----------------  -----------------  -----------------  -----------------
         C           -0.079845574600    -0.111316536100    -1.719850036300    12.000000000000
         C           -0.419767175400     0.013614785400    -0.245231880700    12.000000000000
         N            0.470771640500     0.073380294200     0.703822606900    14.003074004430
         C            1.834745154400     0.005085828500     0.396830017900    12.000000000000
         C            2.471506290600    -1.231359358600     0.261874366900    12.000000000000
         C            3.836914388600    -1.296613599300    -0.022909133400    12.000000000000
         C            4.575806455300    -0.122021617800    -0.160569915600    12.000000000000
         C            3.951974979000     1.115524831100    -0.005894139000    12.000000000000
         C            2.586371351700     1.176618288100     0.278984286400    12.000000000000
         C           -1.865590011000     0.057536822600     0.138996726200    12.000000000000
         C           -2.852583795700    -0.547467005400    -0.648194429200    12.000000000000
         C           -4.193158267300    -0.490960333000    -0.257192416500    12.000000000000
         C           -4.552205544600     0.161616215900     0.921667934400    12.000000000000
         C           -3.572606642500     0.753788434200     1.716812566400    12.000000000000
         C           -2.232390325700     0.698973207200     1.329448917700    12.000000000000
         H            0.161872526800    -1.153181494900    -1.948172891500     1.007825032230
         H           -0.908507002300     0.213162731600    -2.354284448600     1.007825032230
         H            0.773332480200     0.522281149100    -1.976199319600     1.007825032230
         H            1.897897961600    -2.145451262000     0.384968881400     1.007825032230
         H            4.323089481900    -2.262515017600    -0.128864071900     1.007825032230
         H            5.639629248100    -0.171169909000    -0.378034893100     1.007825032230
         H            4.527596472000     2.032267839800    -0.099723510900     1.007825032230
         H            2.101033156200     2.139166026400     0.411884961700     1.007825032230
         H           -2.599177244100    -1.084462338300    -1.557343602300     1.007825032230
         H           -4.957812140300    -0.963116343400    -0.869205203800     1.007825032230
         H           -5.595347711900     0.201916112600     1.225436036100     1.007825032230
         H           -3.848905853200     1.255162868100     2.640884708200     1.007825032230
         H           -1.474644298300     1.159539380400     1.960057882300     1.007825032230

  Running in c1 symmetry.

  Rotational constants: A =      0.06599  B =      0.00898  C =      0.00855 [cm^-1]
  Rotational constants: A =   1978.37968  B =    269.09261  C =    256.31969 [MHz]
  Nuclear repulsion =  862.813233627788577

  Charge       = 0
  Multiplicity = 1
  Electrons    = 104
  Nalpha       = 52
  Nbeta        = 52

  ==> Algorithm <==

  SCF Algorithm Type is DF.
  DIIS enabled.
  MOM disabled.
  Fractional occupation disabled.
  Guess Type is SAD.
  Energy threshold   = 1.00e-09
  Density threshold  = 1.00e-08
  Integral threshold = 1.00e-12

  ==> Primary Basis <==

  Basis Set: DEF2-SVP
    Blend: DEF2-SVP
    Number of shells: 129
    Number of basis functions: 275
    Number of Cartesian functions: 290
    Spherical Harmonics?: true
    Max angular momentum: 2

  ==> DFT Potential <==

   => LibXC <=

    Version 7.1.2
    S. Lehtola, C. Steigemann, M. J. T. Oliveira, and M. A. L. Marques,  SoftwareX 7, 1–5 (2018) (10.1016/j.softx.2017.11.002)

   => Composite Functional: PBE-D3BJ2B <= 

    PBE GGA Exchange-Correlation Functional

    J.P. Perdew et. al., Phys. Rev. Lett., 77(18), 3865-3868, 1996


    Deriv               =              1
    GGA                 =           TRUE
    Meta                =          FALSE

    Exchange Hybrid     =          FALSE
    MP2 Hybrid          =          FALSE

   => Exchange Functionals <=

    1.0000     XC_GGA_X_PBE

   => Correlation Functionals <=

    1.0000     XC_GGA_C_PBE

   => LibXC Density Thresholds  <==

    XC_GGA_C_PBE:  1.00E-12 
    XC_GGA_X_PBE:  1.00E-15 

   => Molecular Quadrature <=

    Radial Scheme          =       TREUTLER
    Pruning Scheme         =           NONE
    Nuclear Scheme         =       TREUTLER

    Blocking Scheme        =         OCTREE
    BS radius alpha        =              1
    Pruning alpha          =              1
    Radial Points          =             75
    Spherical Points       =            302
    Total Points           =         581285
    Total Blocks           =           4273
    Max Points             =            256
    Max Functions          =            220
    Weights Tolerance      =       1.00E-15

   => Loading Basis Set <=

    Name: (DEF2-SVP AUX)
    Role: JKFIT
    Keyword: DF_BASIS_SCF
    atoms 1-2, 4-15 entry C          line   198 file C:\Users\HUIWEI\miniconda3\envs\phase7\Library\share\psi4\basis\def2-universal-jkfit.gbs 
    atoms 3         entry N          line   258 file C:\Users\HUIWEI\miniconda3\envs\phase7\Library\share\psi4\basis\def2-universal-jkfit.gbs 
    atoms 16-28     entry H          line    18 file C:\Users\HUIWEI\miniconda3\envs\phase7\Library\share\psi4\basis\def2-universal-jkfit.gbs 

  ==> Integral Setup <==

  ==> DiskDFJK: Density-Fitted J/K Matrices <==

    J tasked:                  Yes
    K tasked:                   No
    wK tasked:                  No
    OpenMP threads:              2
    Integrals threads:           2
    Memory [MiB]:              346
    Algorithm:                Disk
    Integral Cache:           NONE
    Schwarz Cutoff:          1E-12
    Fitting Condition:       1E-10

   => Auxiliary Basis Set <=

  Basis Set: (DEF2-SVP AUX)
    Blend: DEF2-UNIVERSAL-JKFIT
    Number of shells: 453
    Number of basis functions: 1361
    Number of Cartesian functions: 1599
    Spherical Harmonics?: true
    Max angular momentum: 4

  Cached 0.4% of DFT collocation blocks in 0.013 [GiB].

  Minimum eigenvalue in the overlap matrix is 2.7212835068E-04.
  Reciprocal condition number of the overlap matrix is 4.1848706508E-05.
    Using symmetric orthogonalization.

  ==> Pre-Iterations <==

  SCF Guess: Superposition of Atomic Densities via on-the-fly atomic UHF (no occupation information).

   -------------------------
    Irrep   Nso     Nmo    
   -------------------------
     A        275     275 
   -------------------------
    Total     275     275
   -------------------------

  ==> Iterations <==

                           Total Energy        Delta E     RMS |[F,P]|

   @DF-RKS iter SAD:  -594.36100481966866   -5.94361e+02   0.00000e+00 
   @DF-RKS iter   1:  -593.77311802945019    5.87887e-01   4.94347e-03 ADIIS/DIIS
   @DF-RKS iter   2:  -592.89693262953085    8.76185e-01   6.78716e-03 ADIIS/DIIS
   @DF-RKS iter   3:  -594.87021612827959   -1.97328e+00   9.04270e-04 ADIIS/DIIS
   @DF-RKS iter   4:  -594.87322518920894   -3.00906e-03   8.71824e-04 ADIIS/DIIS
   @DF-RKS iter   5:  -594.89959131598198   -2.63661e-02   2.90243e-04 ADIIS/DIIS
   @DF-RKS iter   6:  -594.90207288557463   -2.48157e-03   1.25354e-04 ADIIS/DIIS
   @DF-RKS iter   7:  -594.90266872757297   -5.95842e-04   5.27373e-05 DIIS
   @DF-RKS iter   8:  -594.90279197703637   -1.23249e-04   8.37841e-06 DIIS
   @DF-RKS iter   9:  -594.90279378674245   -1.80971e-06   5.34722e-06 DIIS
   @DF-RKS iter  10:  -594.90279494003437   -1.15329e-06   8.47025e-07 DIIS
   @DF-RKS iter  11:  -594.90279495599339   -1.59590e-08   5.75407e-07 DIIS
   @DF-RKS iter  12:  -594.90279497006190   -1.40685e-08   9.24662e-08 DIIS
   @DF-RKS iter  13:  -594.90279497032975   -2.67846e-10   4.68445e-08 DIIS
   @DF-RKS iter  14:  -594.90279497040967   -7.99218e-11   1.73155e-08 DIIS
   @DF-RKS iter  15:  -594.90279497042206   -1.23919e-11   8.30014e-09 DIIS
  Energy and wave function converged.


  ==> Post-Iterations <==

   Electrons on quadrature grid:
      Ntotal   =  104.0000072679 ; deviation = 7.268e-06 

    Orbital Energies [Eh]
    ---------------------

    Doubly Occupied:                                                      

       1A    -13.991384     2A     -9.956098     3A     -9.924854  
       4A     -9.911213     5A     -9.908391     6A     -9.905893  
       7A     -9.905406     8A     -9.903503     9A     -9.902540  
      10A     -9.902192    11A     -9.895217    12A     -9.895172  
      13A     -9.891889    14A     -9.891678    15A     -9.888971  
      16A     -0.848021    17A     -0.780334    18A     -0.759247  
      19A     -0.700287    20A     -0.674386    21A     -0.663644  
      22A     -0.657857    23A     -0.644193    24A     -0.572595  
      25A     -0.545190    26A     -0.539614    27A     -0.531244  
      28A     -0.495406    29A     -0.471275    30A     -0.441897  
      31A     -0.424557    32A     -0.412685    33A     -0.407185  
      34A     -0.397181    35A     -0.394072    36A     -0.385263  
      37A     -0.381573    38A     -0.376377    39A     -0.368013  
      40A     -0.345951    41A     -0.336495    42A     -0.328130  
      43A     -0.312556    44A     -0.308127    45A     -0.304689  
      46A     -0.303521    47A     -0.274228    48A     -0.254609  
      49A     -0.235241    50A     -0.224712    51A     -0.224586  
      52A     -0.188202  

    Virtual:                                                              

      53A     -0.079574    54A     -0.044433    55A     -0.034807  
      56A     -0.023457    57A     -0.005814    58A      0.036031  
      59A      0.045357    60A      0.057994    61A      0.078401  
      62A      0.080932    63A      0.095778    64A      0.099308  
      65A      0.100305    66A      0.109016    67A      0.116350  
      68A      0.118485    69A      0.126989    70A      0.133041  
      71A      0.141814    72A      0.142874    73A      0.173290  
      74A      0.207388    75A      0.228184    76A      0.239660  
      77A      0.248870    78A      0.253489    79A      0.262341  
      80A      0.269139    81A      0.273986    82A      0.282157  
      83A      0.296973    84A      0.308871    85A      0.324184  
      86A      0.342805    87A      0.364787    88A      0.372775  
      89A      0.382096    90A      0.384412    91A      0.391778  
      92A      0.398561    93A      0.405024    94A      0.413975  
      95A      0.425264    96A      0.430931    97A      0.442278  
      98A      0.444098    99A      0.451309   100A      0.456110  
     101A      0.466033   102A      0.471597   103A      0.472952  
     104A      0.495394   105A      0.499111   106A      0.510085  
     107A      0.513517   108A      0.526792   109A      0.536407  
     110A      0.550722   111A      0.554703   112A      0.556999  
     113A      0.571869   114A      0.583238   115A      0.590063  
     116A      0.598334   117A      0.608340   118A      0.610431  
     119A      0.616453   120A      0.618323   121A      0.625468  
     122A      0.628744   123A      0.636385   124A      0.643300  
     125A      0.648302   126A      0.659785   127A      0.668071  
     128A      0.671917   129A      0.677448   130A      0.687192  
     131A      0.689615   132A      0.693810   133A      0.699937  
     134A      0.709868   135A      0.711170   136A      0.738678  
     137A      0.749607   138A      0.753361   139A      0.761677  
     140A      0.782241   141A      0.794145   142A      0.803939  
     143A      0.838023   144A      0.863287   145A      0.891235  
     146A      0.906900   147A      0.913163   148A      0.931267  
     149A      0.992274   150A      1.016175   151A      1.030212  
     152A      1.047473   153A      1.062780   154A      1.080239  
     155A      1.134523   156A      1.145952   157A      1.177590  
     158A      1.180220   159A      1.183757   160A      1.191695  
     161A      1.196694   162A      1.219404   163A      1.228469  
     164A      1.229669   165A      1.236283   166A      1.247435  
     167A      1.248934   168A      1.259365   169A      1.272256  
     170A      1.286277   171A      1.375710   172A      1.428626  
     173A      1.461770   174A      1.472165   175A      1.500772  
     176A      1.522145   177A      1.542926   178A      1.594303  
     179A      1.595376   180A      1.601853   181A      1.607729  
     182A      1.612460   183A      1.644573   184A      1.653302  
     185A      1.668543   186A      1.671293   187A      1.678786  
     188A      1.684335   189A      1.686649   190A      1.692218  
     191A      1.694517   192A      1.697670   193A      1.703610  
     194A      1.711757   195A      1.722788   196A      1.730368  
     197A      1.746707   198A      1.757881   199A      1.763948  
     200A      1.773635   201A      1.798831   202A      1.810594  
     203A      1.834913   204A      1.848020   205A      1.868786  
     206A      1.881774   207A      1.888819   208A      1.893033  
     209A      1.908744   210A      1.917954   211A      1.920282  
     212A      1.922224   213A      1.931742   214A      1.969183  
     215A      1.998632   216A      2.009963   217A      2.031593  
     218A      2.041937   219A      2.059023   220A      2.068836  
     221A      2.075578   222A      2.080716   223A      2.095721  
     224A      2.122352   225A      2.136734   226A      2.165020  
     227A      2.186004   228A      2.205205   229A      2.214515  
     230A      2.219323   231A      2.231426   232A      2.234003  
     233A      2.246311   234A      2.267230   235A      2.268760  
     236A      2.277590   237A      2.283444   238A      2.337524  
     239A      2.352050   240A      2.379973   241A      2.420181  
     242A      2.426740   243A      2.471266   244A      2.499856  
     245A      2.526689   246A      2.537929   247A      2.541145  
     248A      2.554299   249A      2.557321   250A      2.564716  
     251A      2.645570   252A      2.652378   253A      2.658228  
     254A      2.661284   255A      2.664514   256A      2.668965  
     257A      2.693310   258A      2.750035   259A      2.784055  
     260A      2.801438   261A      2.802343   262A      2.816568  
     263A      2.845160   264A      2.882703   265A      2.922239  
     266A      2.937459   267A      2.999216   268A      3.036575  
     269A      3.060222   270A      3.100278   271A      3.151183  
     272A      3.197634   273A      3.267955   274A      3.545721  
     275A      3.579233  

    Final Occupation by Irrep:
              A 
    DOCC [    52 ]
    NA   [    52 ]
    NB   [    52 ]

  @DF-RKS Final Energy:  -594.90279497042206

   => Energetics <=

    Nuclear Repulsion Energy =            862.8132336277885770
    One-Electron Energy =               -2514.8937222352769822
    Two-Electron Energy =                1144.0292258477932137
    DFT Exchange-Correlation Energy =     -86.8174454586692264
    Empirical Dispersion Energy =          -0.0340867520576052
    VV10 Nonlocal Energy =                  0.0000000000000000
    Total Energy =                       -594.9027949704220646

Computation Completed


Properties will be evaluated at   0.000000,   0.000000,   0.000000 [a0]

Properties computed using the SCF density matrix


 Multipole Moments:

 ------------------------------------------------------------------------------------
     Multipole            Electronic (a.u.)      Nuclear  (a.u.)        Total (a.u.)
 ------------------------------------------------------------------------------------

 L = 1.  Multiply by 2.5417464519 to convert [e a0] to [Debye]
 Dipole X            :         -1.0058068            0.5111449           -0.4946619
 Dipole Y            :         -2.6072796            2.5613000           -0.0459796
 Dipole Z            :        -27.3545759           26.7335775           -0.6209984
 Magnitude           :                                                    0.7952631

 ------------------------------------------------------------------------------------

*** tstop() called on LAPTOP-257FNSVV at Thu Sep 10 22:53:27 2026
Module time:
	user time   =        nan seconds =        nan minutes
	system time =        nan seconds =        nan minutes
	total time  =         60 seconds =       1.00 minutes
Total time:
	user time   =        nan seconds =        nan minutes
	system time =        nan seconds =        nan minutes
	total time  =         60 seconds =       1.00 minutes

*** tstart() called on LAPTOP-257FNSVV
*** at Thu Sep 10 22:53:27 2026


         ------------------------------------------------------------
                                   SCF GRAD                          
                          Rob Parrish, Justin Turney,                
                       Andy Simmonett, and Alex Sokolov              
         ------------------------------------------------------------

  ==> Geometry <==

    Molecular point group: c1
    Full point group: C1

    Geometry (in Angstrom), charge = 0, multiplicity = 1:

       Center              X                  Y                   Z               Mass       
    ------------   -----------------  -----------------  -----------------  -----------------
         C           -0.079845574600    -0.111316536100    -1.719850036300    12.000000000000
         C           -0.419767175400     0.013614785400    -0.245231880700    12.000000000000
         N            0.470771640500     0.073380294200     0.703822606900    14.003074004430
         C            1.834745154400     0.005085828500     0.396830017900    12.000000000000
         C            2.471506290600    -1.231359358600     0.261874366900    12.000000000000
         C            3.836914388600    -1.296613599300    -0.022909133400    12.000000000000
         C            4.575806455300    -0.122021617800    -0.160569915600    12.000000000000
         C            3.951974979000     1.115524831100    -0.005894139000    12.000000000000
         C            2.586371351700     1.176618288100     0.278984286400    12.000000000000
         C           -1.865590011000     0.057536822600     0.138996726200    12.000000000000
         C           -2.852583795700    -0.547467005400    -0.648194429200    12.000000000000
         C           -4.193158267300    -0.490960333000    -0.257192416500    12.000000000000
         C           -4.552205544600     0.161616215900     0.921667934400    12.000000000000
         C           -3.572606642500     0.753788434200     1.716812566400    12.000000000000
         C           -2.232390325700     0.698973207200     1.329448917700    12.000000000000
         H            0.161872526800    -1.153181494900    -1.948172891500     1.007825032230
         H           -0.908507002300     0.213162731600    -2.354284448600     1.007825032230
         H            0.773332480200     0.522281149100    -1.976199319600     1.007825032230
         H            1.897897961600    -2.145451262000     0.384968881400     1.007825032230
         H            4.323089481900    -2.262515017600    -0.128864071900     1.007825032230
         H            5.639629248100    -0.171169909000    -0.378034893100     1.007825032230
         H            4.527596472000     2.032267839800    -0.099723510900     1.007825032230
         H            2.101033156200     2.139166026400     0.411884961700     1.007825032230
         H           -2.599177244100    -1.084462338300    -1.557343602300     1.007825032230
         H           -4.957812140300    -0.963116343400    -0.869205203800     1.007825032230
         H           -5.595347711900     0.201916112600     1.225436036100     1.007825032230
         H           -3.848905853200     1.255162868100     2.640884708200     1.007825032230
         H           -1.474644298300     1.159539380400     1.960057882300     1.007825032230

  Nuclear repulsion =  862.813233627788577

  ==> Basis Set <==

  Basis Set: DEF2-SVP
    Blend: DEF2-SVP
    Number of shells: 129
    Number of basis functions: 275
    Number of Cartesian functions: 290
    Spherical Harmonics?: true
    Max angular momentum: 2

  ==> DFJKGrad: Density-Fitted SCF Gradients <==

    Gradient:                    1
    J tasked:                  Yes
    K tasked:                   No
    wK tasked:                  No
    OpenMP threads:              2
    Integrals threads:           2
    Memory [MiB]:              357
    Schwarz Cutoff:          1E-12
    Fitting Condition:       1E-10

   => Auxiliary Basis Set <=

  Basis Set: (DEF2-SVP AUX)
    Blend: DEF2-UNIVERSAL-JKFIT
    Number of shells: 453
    Number of basis functions: 1361
    Number of Cartesian functions: 1599
    Spherical Harmonics?: true
    Max angular momentum: 4

  ==> DFT Potential <==

   => LibXC <=

    Version 7.1.2
    S. Lehtola, C. Steigemann, M. J. T. Oliveira, and M. A. L. Marques,  SoftwareX 7, 1–5 (2018) (10.1016/j.softx.2017.11.002)

   => Composite Functional: PBE-D3BJ2B <= 

    PBE GGA Exchange-Correlation Functional

    J.P. Perdew et. al., Phys. Rev. Lett., 77(18), 3865-3868, 1996


    Deriv               =              1
    GGA                 =           TRUE
    Meta                =          FALSE

    Exchange Hybrid     =          FALSE
    MP2 Hybrid          =          FALSE

   => Exchange Functionals <=

    1.0000     XC_GGA_X_PBE

   => Correlation Functionals <=

    1.0000     XC_GGA_C_PBE

   => LibXC Density Thresholds  <==

    XC_GGA_C_PBE:  1.00E-12 
    XC_GGA_X_PBE:  1.00E-15 

   => Molecular Quadrature <=

    Radial Scheme          =       TREUTLER
    Pruning Scheme         =           NONE
    Nuclear Scheme         =       TREUTLER

    Blocking Scheme        =         OCTREE
    BS radius alpha        =              1
    Pruning alpha          =              1
    Radial Points          =             75
    Spherical Points       =            302
    Total Points           =         581285
    Total Blocks           =           4273
    Max Points             =            256
    Max Functions          =            220
    Weights Tolerance      =       1.00E-15


  -Total Gradient:
     Atom            X                  Y                   Z
    ------   -----------------  -----------------  -----------------
       1        0.005241431171    -0.004575477061    -0.010202872499
       2       -0.004611420827     0.000155945767    -0.007822426044
       3        0.013294432665     0.000040022970     0.011146879662
       4        0.012003273173    -0.001579364776    -0.002727191592
       5       -0.006837568837     0.007030526138     0.002107790758
       6        0.004227209307    -0.003834804249    -0.001813951077
       7       -0.004107686745     0.000204609936     0.000887957406
       8        0.004558844762     0.003347205980    -0.001287385437
       9       -0.008160193003    -0.006782906397     0.001391724866
      10       -0.017337592100    -0.000752559040     0.000257358606
      11        0.007339338507    -0.001789491912    -0.000965149487
      12       -0.002840420345     0.000453365693    -0.000454517441
      13        0.002006006627     0.000793734458     0.000654979968
      14       -0.005356718199     0.000737333158     0.001772748501
      15        0.008016506170    -0.001338988371    -0.005311887345
      16       -0.004014270973     0.008455970807     0.004787131454
      17        0.007692942147     0.000117600564     0.004137557380
      18       -0.010430601263    -0.001713960950    -0.000062760634
      19        0.006316500213     0.007511212034    -0.000951101829
      20       -0.003865216320     0.008781390077     0.000989938769
      21       -0.009175139925     0.000431752945     0.001966435309
      22       -0.004701817872    -0.008370408063     0.000918788260
      23        0.005545988333    -0.007948054479    -0.001096251519
      24       -0.004082273995     0.003551315913     0.008212192352
      25        0.006012457828     0.004265769609     0.005327005961
      26        0.009124864371    -0.000486876958    -0.002182225280
      27        0.002311562483    -0.004620067934    -0.007741363479
      28       -0.008197361212    -0.002083807230    -0.001921153434


*** tstop() called on LAPTOP-257FNSVV at Thu Sep 10 22:53:41 2026
Module time:
	user time   =        nan seconds =        nan minutes
	system time =        nan seconds =        nan minutes
	total time  =         14 seconds =       0.23 minutes
Total time:
	user time   =        nan seconds =        nan minutes
	system time =        nan seconds =        nan minutes
	total time  =         74 seconds =       1.23 minutes

    			-----------------------------------------

    			 OPTKING 3.0: for geometry optimizations 

    			     By R.A. King, Bethel University     

    			        with contributions from          

    			    A.V. Copan, J. Cayton, A. Heide      

    			-----------------------------------------

    
	                            ===> Fragment 1 <== 

	 Z (Atomic Numbers)          Masses                          Geom                  
	       6.000000            12.000000         -0.15088627 -0.21035777 -3.25004555   
	       6.000000            12.000000         -0.79324500  0.02572822 -0.46342109   
	       7.000000            14.003074          0.88962947  0.13866866  1.33003197   
	       6.000000            12.000000          3.46716585  0.00961082  0.74990005   
	       6.000000            12.000000          4.67047001 -2.32693195  0.49487083   
	       6.000000            12.000000          7.25071736 -2.45024459 -0.04329199   
	       6.000000            12.000000          8.64702100 -0.23058744 -0.30343316   
	       6.000000            12.000000          7.46815036  2.10803642 -0.01113831   
	       6.000000            12.000000          4.88753351  2.22348632  0.52720389   
	       6.000000            12.000000         -3.52545418  0.10872884  0.26266574   
	       6.000000            12.000000         -5.39060212 -1.03456270 -1.22490995   
	       6.000000            12.000000         -7.92392073 -0.92778057 -0.48602323   
	       6.000000            12.000000         -8.60242175  0.30541039  1.74169997   
	       6.000000            12.000000         -6.75124811  1.42445370  3.24430556   
	       6.000000            12.000000         -4.21860632  1.32086793  2.51229435   
	       1.000000             1.007825          0.30589474 -2.17919720 -3.68151321   
	       1.000000             1.007825         -1.71682942  0.40281918 -4.44895283   
	       1.000000             1.007825          1.46138659  0.98696833 -3.73447548   
	       1.000000             1.007825          3.58650736 -4.05431530  0.72748575   
	       1.000000             1.007825          8.16945514 -4.27553374 -0.24351780   
	       1.000000             1.007825         10.65735473 -0.32346425 -0.71438241   
	       1.000000             1.007825          8.55591734  3.84042963 -0.18845012   
	       1.000000             1.007825          3.97037725  4.04243793  0.77834977   
	       1.000000             1.007825         -4.91173314 -2.04933681 -2.94295289   
	       1.000000             1.007825         -9.36890713 -1.82002612 -1.64255978   
	       1.000000             1.007825        -10.57367475   0.38156615   2.31573849 
	       1.000000             1.007825         -7.27337795  2.37191406  4.99054883   
	       1.000000             1.007825         -2.78667386  2.19121186  3.70397259   

	 - Coordinate -           - BOHR/RAD -       - ANG/DEG -
	 R(1,2)           =         2.869432           1.518438
	 R(1,16)          =         2.066674           1.093637
	 R(1,17)          =         2.065319           1.092920
	 R(1,18)          =         2.065838           1.093194
	 R(2,3)           =         2.461970           1.302818
	 R(2,10)          =         2.828261           1.496651
	 R(3,4)           =         2.645166           1.399762
	 R(4,5)           =         2.640533           1.397310
	 R(4,9)           =         2.639750           1.396896
	 R(5,6)           =         2.638655           1.396316
	 R(5,19)          =         2.052544           1.086160
	 R(6,7)           =         2.635188           1.394481
	 R(6,20)          =         2.053254           1.086535
	 R(7,8)           =         2.635210           1.394493
	 R(7,21)          =         2.054008           1.086934
	 R(8,9)           =         2.638697           1.396339
	 R(8,22)          =         2.053257           1.086537
	 R(9,23)          =         2.052519           1.086146
	 R(10,11)         =         2.645520           1.399949
	 R(10,15)         =         2.647748           1.401128
	 R(11,12)         =         2.641034           1.397575
	 R(11,24)         =         2.052012           1.085878
	 R(12,13)         =         2.635123           1.394447
	 R(12,25)         =         2.054669           1.087284
	 R(13,14)         =         2.633804           1.393749
	 R(13,26)         =         2.054546           1.087219
	 R(14,15)         =         2.638341           1.396150
	 R(14,27)         =         2.054183           1.087027
	 R(15,28)         =         2.056216           1.088103
	 B(1,2,3)         =         2.163004         123.930981
	 B(1,2,10)        =         2.057813         117.903999
	 B(2,1,16)        =         1.907745         109.305745
	 B(2,1,17)        =         1.949354         111.689778
	 B(2,1,18)        =         1.933448         110.778433
	 B(2,3,4)         =         2.099099         120.269538
	 B(2,10,11)       =         2.122382         121.603543
	 B(2,10,15)       =         2.076539         118.976937
	 B(3,2,10)        =         2.062323         118.162413
	 B(3,4,5)         =         2.104133         120.557936
	 B(3,4,9)         =         2.096585         120.125485
	 B(4,5,6)         =         2.102113         120.442218
	 B(4,5,19)        =         2.086432         119.543766
	 B(4,9,8)         =         2.102199         120.447124
	 B(4,9,23)        =         2.085729         119.503464
	 B(5,4,9)         =         2.081474         119.259673
	 B(5,6,7)         =         2.093137         119.927896
	 B(5,6,20)        =         2.093222         119.932762
	 B(6,5,19)        =         2.094627         120.013314
	 B(6,7,8)         =         2.093848         119.968628
	 B(6,7,21)        =         2.094702         120.017585
	 B(7,6,20)        =         2.096795         120.137506
	 B(7,8,9)         =         2.093200         119.931524
	 B(7,8,22)        =         2.096930         120.145253
	 B(8,7,21)        =         2.094582         120.010691
	 B(8,9,23)        =         2.095257         120.049371
	 B(9,8,22)        =         2.093031         119.921855
	 B(10,11,12)      =         2.096103         120.097842
	 B(10,11,24)      =         2.117615         121.330377
	 B(10,15,14)      =         2.100188         120.331921
	 B(10,15,28)      =         2.098874         120.256650
	 B(11,10,15)      =         2.084066         119.408182
	 B(11,12,13)      =         2.097194         120.160337
	 B(11,12,25)      =         2.093876         119.970262
	 B(12,11,24)      =         2.069265         118.560127
	 B(12,13,14)      =         2.094588         120.011066
	 B(12,13,26)      =         2.095082         120.039358
	 B(13,12,25)      =         2.092088         119.867810
	 B(13,14,15)      =         2.094076         119.981733
	 B(13,14,27)      =         2.097055         120.152404
	 B(14,13,26)      =         2.093482         119.947694
	 B(14,15,28)      =         2.084122         119.411416
	 B(15,14,27)      =         2.092045         119.865364
	 B(16,1,17)       =         1.906280         109.221823
	 B(16,1,18)       =         1.907836         109.310931
	 B(17,1,18)       =         1.858283         106.471773
	 D(1,2,3,4)       =        -0.015025          -0.860847
	 D(1,2,10,11)     =         0.475863          27.264934
	 D(1,2,10,15)     =        -2.687241        -153.967583
	 D(2,3,4,5)       =        -1.495796         -85.702807
	 D(2,3,4,9)       =         1.694031          97.060821
	 D(2,10,11,12)    =         3.137908         179.788895
	 D(2,10,11,24)    =         0.018304           1.048748
	 D(2,10,15,14)    =        -3.138811        -179.840635
	 D(2,10,15,28)    =         0.003484           0.199613
	 D(3,2,1,16)      =         1.391254          79.713010
	 D(3,2,1,17)      =        -2.780413        -159.305914
	 D(3,2,1,18)      =        -0.712046         -40.797217
	 D(3,2,10,11)     =        -2.655885        -152.170987
	 D(3,2,10,15)     =         0.464196          26.596496
	 D(3,4,5,6)       =        -3.123316        -178.952805
	 D(3,4,5,19)      =         0.012960           0.742544
	 D(3,4,9,8)       =         3.123630         178.970808
	 D(3,4,9,23)      =        -0.016672          -0.955256
	 D(4,3,2,10)      =         3.116082         178.538345
	 D(4,5,6,7)       =         0.011581           0.663557
	 D(4,5,6,20)      =        -3.138603        -179.828699
	 D(4,9,8,7)       =        -0.011790          -0.675502
	 D(4,9,8,22)      =         3.137217         179.749266
	 D(5,4,9,8)       =         0.029646           1.698619
	 D(5,4,9,23)      =        -3.110656        -178.227445
	 D(5,6,7,8)       =         0.006599           0.378069
	 D(5,6,7,21)      =         3.137022         179.738135
	 D(6,5,4,9)       =        -0.029543          -1.692703
	 D(6,7,8,9)       =        -0.006498          -0.372294
	 D(6,7,8,22)      =         3.127665         179.201980
	 D(7,6,5,19)      =        -3.124669        -179.030361
	 D(7,8,9,23)      =         3.128505         179.250158
	 D(8,7,6,20)      =        -3.126385        -179.128658
	 D(9,4,5,19)      =         3.106732         178.002646
	 D(9,8,7,21)      =        -3.136922        -179.732405
	 D(10,2,1,16)     =        -1.739877         -99.687623
	 D(10,2,1,17)     =         0.371641          21.293453
	 D(10,2,1,18)     =         2.440008         139.802150
	 D(10,11,12,13)   =        -0.006078          -0.348232
	 D(10,11,12,25)   =        -3.139652        -179.888808
	 D(10,15,14,13)   =         0.006674           0.382411
	 D(10,15,14,27)   =        -3.139395        -179.874105
	 D(11,10,15,14)   =        -0.018250          -1.045631
	 D(11,10,15,28)   =         3.124045         178.994616
	 D(11,12,13,14)   =        -0.005643          -0.323310
	 D(11,12,13,26)   =        -3.138521        -179.823991
	 D(12,11,10,15)   =         0.017918           1.026607
	 D(12,13,14,15)   =         0.005344           0.306191
	 D(12,13,14,27)   =        -3.131759        -179.436549
	 D(13,12,11,24)   =         3.114131         178.426536
	 D(13,14,15,28)   =        -3.135615        -179.657497
	 D(14,13,12,25)   =         3.127940         179.217738
	 D(15,10,11,24)   =        -3.101686        -177.713540
	 D(15,14,13,26)   =         3.138230         179.807332
	 D(19,5,6,20)     =         0.008332           0.477384
	 D(20,6,7,21)     =         0.004039           0.231409
	 D(21,7,8,22)     =        -0.002760          -0.158131
	 D(22,8,9,23)     =        -0.005674          -0.325074
	 D(24,11,12,25)   =        -0.019444          -1.114040
	 D(25,12,13,26)   =        -0.004938          -0.282942
	 D(26,13,14,27)   =         0.001127           0.064592
	 D(27,14,15,28)   =         0.001501           0.085987


	        --- Internal Coordinate Step in ANG or DEG, aJ/ANG or AJ/DEG ---
	-------------------------------------------------------------------------------
	           Coordinate      Previous         Force          Change          New 
	           ----------      --------        ------          ------        ------
	               R(1,2)       1.51844       -0.00643       -0.00132       1.51712
	              R(1,16)       1.09364        0.08190        0.01495       1.10858
	              R(1,17)       1.09292        0.06756        0.01230       1.10522
	              R(1,18)       1.09319        0.07513        0.01369       1.10688
	               R(2,3)       1.30282       -0.12007       -0.01147       1.29135
	              R(2,10)       1.49665       -0.01852       -0.00355       1.49310
	               R(3,4)       1.39976        0.03381        0.00467       1.40444
	               R(4,5)       1.39731        0.11812        0.01643       1.41374
	               R(4,9)       1.39690        0.12346        0.01715       1.41405
	               R(5,6)       1.39632        0.05368        0.00732       1.40363
	              R(5,19)       1.08616        0.08046        0.01433       1.10049
	               R(6,7)       1.39448        0.08151        0.01080       1.40528
	              R(6,20)       1.08653        0.07936        0.01415       1.10069
	               R(7,8)       1.39449        0.08152        0.01081       1.40531
	              R(7,21)       1.08693        0.07738        0.01382       1.10075
	               R(8,9)       1.39634        0.05446        0.00745       1.40379
	              R(8,22)       1.08654        0.07935        0.01415       1.10069
	              R(9,23)       1.08615        0.07955        0.01417       1.10031
	             R(10,11)       1.39995        0.08319        0.01144       1.41139
	             R(10,15)       1.40113        0.07512        0.01037       1.41150
	             R(11,12)       1.39757        0.05034        0.00690       1.40448
	             R(11,24)       1.08588        0.07895        0.01405       1.09993
	             R(12,13)       1.39445        0.07152        0.00976       1.40421
	             R(12,25)       1.08728        0.07480        0.01337       1.10065
	             R(13,14)       1.39375        0.09198        0.01251       1.40626
	             R(13,26)       1.08722        0.07731        0.01382       1.10104
	             R(14,15)       1.39615        0.04438        0.00606       1.40221
	             R(14,27)       1.08703        0.07663        0.01369       1.10071
	             R(15,28)       1.08810        0.06347        0.01138       1.09948
	             B(1,2,3)     123.93098       -0.00013       -0.38460     123.54638
	            B(1,2,10)     117.90400        0.00039        1.13721     119.04121
	            B(2,1,16)     109.30575        0.00029        0.94142     110.24716
	            B(2,1,17)     111.68978       -0.00004        0.16989     111.85967
	            B(2,1,18)     110.77843       -0.00016       -0.73099     110.04744
	             B(2,3,4)     120.26954        0.00034        0.99321     121.26274
	           B(2,10,11)     121.60354        0.00003        0.09492     121.69846
	           B(2,10,15)     118.97694        0.00010        0.32259     119.29952
	            B(3,2,10)     118.16241       -0.00026       -0.75452     117.40789
	             B(3,4,5)     120.55794        0.00002       -0.00160     120.55633
	             B(3,4,9)     120.12548        0.00010        0.22134     120.34682
	             B(4,5,6)     120.44222       -0.00006       -0.14156     120.30066
	            B(4,5,19)     119.54377       -0.00007       -0.38877     119.15500
	             B(4,9,8)     120.44712       -0.00006       -0.14560     120.30152
	            B(4,9,23)     119.50346       -0.00007       -0.39640     119.10707
	             B(5,4,9)     119.25967       -0.00012       -0.25779     119.00188
	             B(5,6,7)     119.92790        0.00019        0.55612     120.48402
	            B(5,6,20)     119.93276       -0.00013       -0.44562     119.48715
	            B(6,5,19)     120.01331        0.00013        0.52790     120.54122
	             B(6,7,8)     119.96863       -0.00013       -0.53405     119.43457
	            B(6,7,21)     120.01758        0.00006        0.26448     120.28207
	            B(7,6,20)     120.13751       -0.00006       -0.10869     120.02882
	             B(7,8,9)     119.93152        0.00018        0.53446     120.46598
	            B(7,8,22)     120.14525       -0.00005       -0.11111     120.03414
	            B(8,7,21)     120.01069        0.00006        0.27146     120.28215
	            B(8,9,23)     120.04937        0.00014        0.54182     120.59119
	            B(9,8,22)     119.92186       -0.00012       -0.42261     119.49925
	          B(10,11,12)     120.09784        0.00011        0.34239     120.44024
	          B(10,11,24)     121.33038       -0.00021       -0.87462     120.45576
	          B(10,15,14)     120.33192        0.00006        0.18078     120.51270
	          B(10,15,28)     120.25665       -0.00034       -1.48684     118.76981
	          B(11,10,15)     119.40818       -0.00013       -0.41663     118.99155
	          B(11,12,13)     120.16034       -0.00000       -0.00426     120.15608
	          B(11,12,25)     119.97026       -0.00004       -0.17087     119.79939
	          B(12,11,24)     118.56013        0.00010        0.53043     119.09055
	          B(12,13,14)     120.01107       -0.00008       -0.25890     119.75217
	          B(12,13,26)     120.03936        0.00002        0.01962     120.05898
	          B(13,12,25)     119.86781        0.00004        0.17638     120.04419
	          B(13,14,15)     119.98173        0.00005        0.15809     120.13982
	          B(13,14,27)     120.15240       -0.00002       -0.04530     120.10710
	          B(14,13,26)     119.94769        0.00007        0.24116     120.18886
	          B(14,15,28)     119.41142        0.00028        1.30606     120.71747
	          B(15,14,27)     119.86536       -0.00003       -0.11237     119.75299
	           B(16,1,17)     109.22182       -0.00013       -0.57368     108.64814
	           B(16,1,18)     109.31093       -0.00025       -1.83840     107.47253
	           B(17,1,18)     106.47177        0.00028        1.97021     108.44199
	           D(1,2,3,4)      -0.86085        0.00007        1.36989       0.50904
	         D(1,2,10,11)      27.26493       -0.00009       -5.18356      22.08138
	         D(1,2,10,15)    -153.96758       -0.00009       -5.13958    -159.10716
	           D(2,3,4,5)     -85.70281        0.00001        0.65473     -85.04808
	           D(2,3,4,9)      97.06082        0.00004        1.46967      98.53049
	        D(2,10,11,12)     179.78890       -0.00004       -1.10373     178.68516
	        D(2,10,11,24)       1.04875       -0.00004       -1.01725       0.03150
	        D(2,10,15,14)    -179.84063        0.00001        0.39696    -179.44367
	        D(2,10,15,28)       0.19961        0.00001        0.31410       0.51371
	          D(3,2,1,16)      79.71301       -0.00004        1.62477      81.33778
	          D(3,2,1,17)    -159.30591       -0.00003        1.65446    -157.65145
	          D(3,2,1,18)     -40.79722        0.00018        3.75835     -37.03887
	         D(3,2,10,11)    -152.17099       -0.00012       -6.49329    -158.66428
	         D(3,2,10,15)      26.59650       -0.00012       -6.44931      20.14719
	           D(3,4,5,6)    -178.95281        0.00005        1.49800    -177.45480
	          D(3,4,5,19)       0.74254        0.00004        1.16361       1.90616
	           D(3,4,9,8)     178.97081       -0.00004       -1.24078     177.73003
	          D(3,4,9,23)      -0.95526       -0.00004       -1.14581      -2.10107
	          D(4,3,2,10)     178.53835        0.00010        2.75288     181.29123
	           D(4,5,6,7)       0.66356       -0.00002       -0.54518       0.11838
	          D(4,5,6,20)    -179.82870       -0.00000       -0.10674    -179.93544
	           D(4,9,8,7)      -0.67550        0.00000        0.01841      -0.65709
	          D(4,9,8,22)     179.74927       -0.00000       -0.11711     179.63216
	           D(5,4,9,8)       1.69862       -0.00002       -0.44523       1.25339
	          D(5,4,9,23)    -178.22745       -0.00001       -0.35026    -178.57770
	           D(5,6,7,8)       0.37807        0.00000        0.11435       0.49242
	          D(5,6,7,21)     179.73814        0.00001        0.35549     180.09363
	           D(6,5,4,9)      -1.69270        0.00003        0.70695      -0.98575
	           D(6,7,8,9)      -0.37229        0.00001        0.14908      -0.22321
	          D(6,7,8,22)     179.20198        0.00001        0.28401     179.48599
	          D(7,6,5,19)    -179.03036       -0.00001       -0.20328    -179.23364
	          D(7,8,9,23)     179.25016       -0.00000       -0.07868     179.17148
	          D(8,7,6,20)    -179.12866       -0.00001       -0.32481    -179.45347
	          D(9,4,5,19)     178.00265        0.00002        0.37256     178.37520
	          D(9,8,7,21)    -179.73240       -0.00000       -0.09202    -179.82442
	         D(10,2,1,16)     -99.68762       -0.00007        0.23116     -99.45647
	         D(10,2,1,17)      21.29345       -0.00006        0.26085      21.55430
	         D(10,2,1,18)     139.80215        0.00016        2.36474     142.16688
	       D(10,11,12,13)      -0.34823        0.00004        1.14350       0.79527
	       D(10,11,12,25)    -179.88881        0.00002        0.47050    -179.41831
	       D(10,15,14,13)       0.38241        0.00001        0.28387       0.66628
	       D(10,15,14,27)    -179.87411        0.00002        0.43362    -179.44049
	       D(11,10,15,14)      -1.04563        0.00002        0.44586      -0.59977
	       D(11,10,15,28)     178.99462        0.00001        0.36299     179.35761
	       D(11,12,13,14)      -0.32331       -0.00001       -0.40687      -0.73018
	       D(11,12,13,26)    -179.82399       -0.00003       -0.89528    -180.71927
	       D(12,11,10,15)       1.02661       -0.00004       -1.15647      -0.12986
	       D(12,13,14,15)       0.30619       -0.00001       -0.30347       0.00272
	       D(12,13,14,27)    -179.43655       -0.00002       -0.45358    -179.89013
	       D(13,12,11,24)     178.42654        0.00004        1.04063     179.46716
	       D(13,14,15,28)    -179.65750        0.00001        0.36723    -179.29026
	       D(14,13,12,25)     179.21774        0.00001        0.26619     179.48392
	       D(15,10,11,24)    -177.71354       -0.00004       -1.06999    -178.78353
	       D(15,14,13,26)     179.80733        0.00001        0.18446     179.99179
	         D(19,5,6,20)       0.47738        0.00001        0.23515       0.71254
	         D(20,6,7,21)       0.23141       -0.00000       -0.08367       0.14774
	         D(21,7,8,22)      -0.15813        0.00000        0.04291      -0.11522
	         D(22,8,9,23)      -0.32507       -0.00001       -0.21420      -0.53928
	       D(24,11,12,25)      -1.11404        0.00001        0.36763      -0.74641
	       D(25,12,13,26)      -0.28294       -0.00001       -0.22222      -0.50516
	       D(26,13,14,27)       0.06459        0.00000        0.03435       0.09894
	       D(27,14,15,28)       0.08599        0.00002        0.51698       0.60296
	-------------------------------------------------------------------------------

	                                 ==> Convergence Check <==                                  
    
	Measures of convergence in internal coordinates in au.
    
	Criteria marked as inactive (o), active & met (*), and active & unmet ( ).

	----------------------------------------------------------------------------------------------~
	   Step    Total Energy     Delta E     Max Force     RMS Force      Max Disp      RMS Disp   ~
	----------------------------------------------------------------------------------------------~
	  Convergence Criteria              o    1.50e-05 *    1.00e-05 *    6.00e-05 *    4.00e-05 *~
	----------------------------------------------------------------------------------------------~
	     1    -594.90279497   -5.95e+02 o    1.50e-02      4.47e-03      1.13e-01      2.41e-02    ~
	----------------------------------------------------------------------------------------------

Next Geometry in Ang 
	Fragment 1 (Ang)

	    C  -0.0921842807  -0.2232513436  -1.7458449496
	    C  -0.4360895848  -0.0432148201  -0.2792265689
	    N   0.4502739349   0.0554677321   0.6546871516
	    C   1.8235482307   0.0116526591   0.3637625904
	    C   2.4947755084  -1.2272931068   0.2491628270
	    C   3.8775769422  -1.2642061501   0.0110892161
	    C   4.6115435265  -0.0723454186  -0.1136933470
	    C   3.9512180762   1.1617517980   0.0122557528
	    C   2.5695190378   1.2080818436   0.2559600772
	    C  -1.8712684677   0.0437872842   0.1233285935
	    C  -2.9020455864  -0.4762734629  -0.6884877632
	    C  -4.2411773355  -0.4045691185  -0.2711931058
	    C  -4.5671577606   0.2016989373   0.9527298428
	    C  -3.5461213202   0.7234279575   1.7668896316
	    C  -2.2074150220   0.6387991039   1.3583557431
	    H   0.1325922908  -1.2876055623  -1.9593395659
	    H  -0.9172200235   0.1028183988  -2.4050151016
	    H   0.8111230298   0.3643772971  -1.9986678248
	    H   1.9212326645  -2.1600018945   0.3595332911
	    H   4.3864380994  -2.2362337411  -0.0768591114
	    H   5.6955856837  -0.1051687321  -0.3019114840
	    H   4.5179363078   2.1012599299  -0.0752931375
	    H   2.0527961493   2.1729860214   0.3684196383
	    H  -2.6656658697  -0.9628658552  -1.6461886853
	    H  -5.0357216629  -0.8220884037  -0.9082313693
	    H  -5.6185852961   0.2675929128   1.2727887353
	    H  -3.7948782734   1.1982681023   2.7282508732
	    H  -1.4006289985   1.0331476314   1.9927380503


    Structure for next step:
    Molecular point group: c1
    Full point group: C1

    Geometry (in Angstrom), charge = 0, multiplicity = 1:

    C           -0.092184280657    -0.223251343597    -1.745844949602
    C           -0.436089584823    -0.043214820129    -0.279226568885
    N            0.450273934921     0.055467732136     0.654687151588
    C            1.823548230705     0.011652659077     0.363762590374
    C            2.494775508366    -1.227293106819     0.249162826991
    C            3.877576942177    -1.264206150073     0.011089216055
    C            4.611543526493    -0.072345418632    -0.113693347031
    C            3.951218076188     1.161751798007     0.012255752823
    C            2.569519037758     1.208081843611     0.255960077212
    C           -1.871268467743     0.043787284191     0.123328593503
    C           -2.902045586390    -0.476273462884    -0.688487763221
    C           -4.241177335530    -0.404569118483    -0.271193105847
    C           -4.567157760552     0.201698937330     0.952729842770
    C           -3.546121320212     0.723427957481     1.766889631645
    C           -2.207415022046     0.638799103934     1.358355743084
    H            0.132592290807    -1.287605562279    -1.959339565886
    H           -0.917220023536     0.102818398774    -2.405015101573
    H            0.811123029752     0.364377297135    -1.998667824776
    H            1.921232664476    -2.160001894510     0.359533291121
    H            4.386438099441    -2.236233741095    -0.076859111386
    H            5.695585683726    -0.105168732137    -0.301911483976
    H            4.517936307821     2.101259929917    -0.075293137456
    H            2.052796149344     2.172986021354     0.368419638255
    H           -2.665665869657    -0.962865855209    -1.646188685323
    H           -5.035721662857    -0.822088403743    -0.908231369267
    H           -5.618585296056     0.267592912816     1.272788735320
    H           -3.794878273411     1.198268102275     2.728250873246
    H           -1.400628998506     1.033147631354     1.992738050342


Scratch directory: C:\Users\HUIWEI\Documents\Codex\2026-09-10\25-ee-phase5-phase24-1-hantzsch-3\work\qm_scratch\pbe_E_opt_01/
gradient() will perform analytic gradient computation.
   => Libint2 <=

    Primary   basis highest AM E, G, H:  7, 6, -
    Auxiliary basis highest AM E, G, H:  7, 7, -
    Onebody   basis highest AM E, G, H:  -, -, -
    Solid Harmonics ordering:            Gaussian

*** tstart() called on LAPTOP-257FNSVV
*** at Thu Sep 10 22:53:42 2026

   => Loading Basis Set <=

    Name: DEF2-SVP
    Role: ORBITAL
    Keyword: BASIS
    atoms 1-2, 4-15 entry C          line    90 file C:\Users\HUIWEI\miniconda3\envs\phase7\Library\share\psi4\basis\def2-svp.gbs 
    atoms 3         entry N          line   110 file C:\Users\HUIWEI\miniconda3\envs\phase7\Library\share\psi4\basis\def2-svp.gbs 
    atoms 16-28     entry H          line    15 file C:\Users\HUIWEI\miniconda3\envs\phase7\Library\share\psi4\basis\def2-svp.gbs 

   => PBE-D3(BJ): Empirical Dispersion <=

    Grimme's -D3 (BJ-damping) Dispersion Correction
    Grimme S.; Ehrlich S.; Goerigk L. (2011), J. Comput. Chem., 32: 1456

        s6 =       1.000000
        s8 =       0.787500
        a1 =       0.428900
        a2 =       4.440700


         ---------------------------------------------------------
                                   SCF
               by Justin Turney, Rob Parrish, Andy Simmonett
                          and Daniel G. A. Smith
                              RKS Reference
                        2 Threads,    476 MiB Core
         ---------------------------------------------------------

  ==> Geometry <==

    Molecular point group: c1
    Full point group: C1

    Geometry (in Angstrom), charge = 0, multiplicity = 1:

       Center              X                  Y                   Z               Mass       
    ------------   -----------------  -----------------  -----------------  -----------------
         C           -0.092184280657    -0.223251343597    -1.745844949602    12.000000000000
         C           -0.436089584823    -0.043214820129    -0.279226568885    12.000000000000
         N            0.450273934921     0.055467732136     0.654687151588    14.003074004430
         C            1.823548230705     0.011652659077     0.363762590374    12.000000000000
         C            2.494775508366    -1.227293106819     0.249162826991    12.000000000000
         C            3.877576942177    -1.264206150073     0.011089216055    12.000000000000
         C            4.611543526493    -0.072345418632    -0.113693347031    12.000000000000
         C            3.951218076188     1.161751798007     0.012255752823    12.000000000000
         C            2.569519037758     1.208081843611     0.255960077212    12.000000000000
         C           -1.871268467743     0.043787284191     0.123328593503    12.000000000000
         C           -2.902045586390    -0.476273462884    -0.688487763221    12.000000000000
         C           -4.241177335530    -0.404569118483    -0.271193105847    12.000000000000
         C           -4.567157760552     0.201698937330     0.952729842770    12.000000000000
         C           -3.546121320212     0.723427957481     1.766889631645    12.000000000000
         C           -2.207415022046     0.638799103934     1.358355743084    12.000000000000
         H            0.132592290807    -1.287605562279    -1.959339565886     1.007825032230
         H           -0.917220023536     0.102818398774    -2.405015101573     1.007825032230
         H            0.811123029752     0.364377297135    -1.998667824776     1.007825032230
         H            1.921232664476    -2.160001894510     0.359533291121     1.007825032230
         H            4.386438099441    -2.236233741095    -0.076859111386     1.007825032230
         H            5.695585683726    -0.105168732137    -0.301911483976     1.007825032230
         H            4.517936307821     2.101259929917    -0.075293137456     1.007825032230
         H            2.052796149344     2.172986021354     0.368419638255     1.007825032230
         H           -2.665665869657    -0.962865855209    -1.646188685323     1.007825032230
         H           -5.035721662857    -0.822088403743    -0.908231369267     1.007825032230
         H           -5.618585296056     0.267592912816     1.272788735320     1.007825032230
         H           -3.794878273411     1.198268102275     2.728250873246     1.007825032230
         H           -1.400628998506     1.033147631354     1.992738050342     1.007825032230

  Running in c1 symmetry.

  Rotational constants: A =      0.06502  B =      0.00891  C =      0.00846 [cm^-1]
  Rotational constants: A =   1949.17413  B =    267.03403  C =    253.76369 [MHz]
  Nuclear repulsion =  858.261633120025067

  Charge       = 0
  Multiplicity = 1
  Electrons    = 104
  Nalpha       = 52
  Nbeta        = 52

  ==> Algorithm <==

  SCF Algorithm Type is DF.
  DIIS enabled.
  MOM disabled.
  Fractional occupation disabled.
  Guess Type is READ.
  Energy threshold   = 1.00e-09
  Density threshold  = 1.00e-08
  Integral threshold = 1.00e-12

  ==> Primary Basis <==

  Basis Set: DEF2-SVP
    Blend: DEF2-SVP
    Number of shells: 129
    Number of basis functions: 275
    Number of Cartesian functions: 290
    Spherical Harmonics?: true
    Max angular momentum: 2

  ==> DFT Potential <==

   => LibXC <=

    Version 7.1.2
    S. Lehtola, C. Steigemann, M. J. T. Oliveira, and M. A. L. Marques,  SoftwareX 7, 1–5 (2018) (10.1016/j.softx.2017.11.002)

   => Composite Functional: PBE-D3BJ2B <= 

    PBE GGA Exchange-Correlation Functional

    J.P. Perdew et. al., Phys. Rev. Lett., 77(18), 3865-3868, 1996


    Deriv               =              1
    GGA                 =           TRUE
    Meta                =          FALSE

    Exchange Hybrid     =          FALSE
    MP2 Hybrid          =          FALSE

   => Exchange Functionals <=

    1.0000     XC_GGA_X_PBE

   => Correlation Functionals <=

    1.0000     XC_GGA_C_PBE

   => LibXC Density Thresholds  <==

    XC_GGA_C_PBE:  1.00E-12 
    XC_GGA_X_PBE:  1.00E-15 

   => Molecular Quadrature <=

    Radial Scheme          =       TREUTLER
    Pruning Scheme         =           NONE
    Nuclear Scheme         =       TREUTLER

    Blocking Scheme        =         OCTREE
    BS radius alpha        =              1
    Pruning alpha          =              1
    Radial Points          =             75
    Spherical Points       =            302
    Total Points           =         581567
    Total Blocks           =           4279
    Max Points             =            256
    Max Functions          =            216
    Weights Tolerance      =       1.00E-15

   => Loading Basis Set <=

    Name: (DEF2-SVP AUX)
    Role: JKFIT
    Keyword: DF_BASIS_SCF
    atoms 1-2, 4-15 entry C          line   198 file C:\Users\HUIWEI\miniconda3\envs\phase7\Library\share\psi4\basis\def2-universal-jkfit.gbs 
    atoms 3         entry N          line   258 file C:\Users\HUIWEI\miniconda3\envs\phase7\Library\share\psi4\basis\def2-universal-jkfit.gbs 
    atoms 16-28     entry H          line    18 file C:\Users\HUIWEI\miniconda3\envs\phase7\Library\share\psi4\basis\def2-universal-jkfit.gbs 

   => Loading Basis Set <=

    Name: DEF2-SVP
    Role: ORBITAL
    Keyword: BASIS
    atoms 1-2, 4-15 entry C          line    90 file C:\Users\HUIWEI\miniconda3\envs\phase7\Library\share\psi4\basis\def2-svp.gbs 
    atoms 3         entry N          line   110 file C:\Users\HUIWEI\miniconda3\envs\phase7\Library\share\psi4\basis\def2-svp.gbs 
    atoms 16-28     entry H          line    15 file C:\Users\HUIWEI\miniconda3\envs\phase7\Library\share\psi4\basis\def2-svp.gbs 

  Reading orbitals from file C:\Users\HUIWEI\Documents\Codex\2026-09-10\25-ee-phase5-phase24-1-hantzsch-3\work\qm_scratch\pbe_E_opt_01/psi4.default.35548.180.npy, no projection.

  ==> Integral Setup <==

  ==> DiskDFJK: Density-Fitted J/K Matrices <==

    J tasked:                  Yes
    K tasked:                   No
    wK tasked:                  No
    OpenMP threads:              2
    Integrals threads:           2
    Memory [MiB]:              345
    Algorithm:                Disk
    Integral Cache:           NONE
    Schwarz Cutoff:          1E-12
    Fitting Condition:       1E-10

   => Auxiliary Basis Set <=

  Basis Set: (DEF2-SVP AUX)
    Blend: DEF2-UNIVERSAL-JKFIT
    Number of shells: 453
    Number of basis functions: 1361
    Number of Cartesian functions: 1599
    Spherical Harmonics?: true
    Max angular momentum: 4

  Cached 0.5% of DFT collocation blocks in 0.013 [GiB].

  Minimum eigenvalue in the overlap matrix is 2.9573526732E-04.
  Reciprocal condition number of the overlap matrix is 4.6015611065E-05.
    Using symmetric orthogonalization.

  ==> Pre-Iterations <==

  SCF Guess: Orbitals guess was supplied from a previous computation.

   -------------------------------------------------------
    Irrep   Nso     Nmo     Nalpha   Nbeta   Ndocc  Nsocc
   -------------------------------------------------------
     A        275     275      52      52      52       0
   -------------------------------------------------------
    Total     275     275      52      52      52       0
   -------------------------------------------------------

  ==> Iterations <==

                           Total Energy        Delta E     RMS |[F,P]|

   @DF-RKS iter   0:  -594.81644634811289   -5.94816e+02   8.27036e-04 
   @DF-RKS iter   1:  -594.90525324625673   -8.88069e-02   1.95802e-04 ADIIS/DIIS
   @DF-RKS iter   2:  -594.90138716161368    3.86608e-03   3.70157e-04 ADIIS/DIIS
   @DF-RKS iter   3:  -594.90664749896109   -5.26034e-03   9.76760e-05 DIIS
   @DF-RKS iter   4:  -594.90699266886327   -3.45170e-04   2.63868e-05 DIIS
   @DF-RKS iter   5:  -594.90701398675537   -2.13179e-05   1.21705e-05 DIIS
   @DF-RKS iter   6:  -594.90701997216138   -5.98541e-06   3.70075e-06 DIIS
   @DF-RKS iter   7:  -594.90702053978896   -5.67628e-07   1.24854e-06 DIIS
   @DF-RKS iter   8:  -594.90702059996499   -6.01760e-08   4.58567e-07 DIIS
   @DF-RKS iter   9:  -594.90702060858166   -8.61667e-09   1.03753e-07 DIIS
   @DF-RKS iter  10:  -594.90702060894978   -3.68118e-10   5.29837e-08 DIIS
   @DF-RKS iter  11:  -594.90702060906528   -1.15506e-10   1.13883e-08 DIIS
   @DF-RKS iter  12:  -594.90702060906938   -4.09273e-12   6.49512e-09 DIIS
  Energy and wave function converged.


  ==> Post-Iterations <==

   Electrons on quadrature grid:
      Ntotal   =  103.9999115640 ; deviation = -8.844e-05 

    Orbital Energies [Eh]
    ---------------------

    Doubly Occupied:                                                      

       1A    -13.991703     2A     -9.956037     3A     -9.929634  
       4A     -9.913022     5A     -9.911764     6A     -9.910187  
       7A     -9.909579     8A     -9.907604     9A     -9.906389  
      10A     -9.904958    11A     -9.899409    12A     -9.899301  
      13A     -9.896550    14A     -9.896487    15A     -9.893667  
      16A     -0.849807    17A     -0.776039    18A     -0.755543  
      19A     -0.697900    20A     -0.671899    21A     -0.661004  
      22A     -0.655580    23A     -0.642395    24A     -0.572187  
      25A     -0.542802    26A     -0.536455    27A     -0.529706  
      28A     -0.492013    29A     -0.468214    30A     -0.440796  
      31A     -0.424144    32A     -0.410555    33A     -0.406255  
      34A     -0.396755    35A     -0.391581    36A     -0.381682  
      37A     -0.378935    38A     -0.375008    39A     -0.366054  
      40A     -0.345019    41A     -0.335216    42A     -0.326025  
      43A     -0.313865    44A     -0.307457    45A     -0.304669  
      46A     -0.302298    47A     -0.276082    48A     -0.253729  
      49A     -0.234582    50A     -0.224293    51A     -0.223823  
      52A     -0.187985  

    Virtual:                                                              

      53A     -0.081974    54A     -0.045622    55A     -0.036391  
      56A     -0.026871    57A     -0.004430    58A      0.033820  
      59A      0.042215    60A      0.055649    61A      0.076408  
      62A      0.077706    63A      0.093974    64A      0.096458  
      65A      0.098346    66A      0.105664    67A      0.112917  
      68A      0.115509    69A      0.123292    70A      0.131567  
      71A      0.137793    72A      0.139041    73A      0.169914  
      74A      0.205339    75A      0.221847    76A      0.234388  
      77A      0.247553    78A      0.248551    79A      0.255383  
      80A      0.267258    81A      0.273384    82A      0.279335  
      83A      0.291417    84A      0.306667    85A      0.323926  
      86A      0.343479    87A      0.362662    88A      0.371378  
      89A      0.380620    90A      0.381915    91A      0.390293  
      92A      0.395137    93A      0.399934    94A      0.406836  
      95A      0.421551    96A      0.430460    97A      0.438721  
      98A      0.442700    99A      0.446844   100A      0.453009  
     101A      0.461346   102A      0.465417   103A      0.468229  
     104A      0.494508   105A      0.500296   106A      0.505904  
     107A      0.510345   108A      0.522027   109A      0.534423  
     110A      0.547036   111A      0.553204   112A      0.554105  
     113A      0.570431   114A      0.577652   115A      0.585253  
     116A      0.589611   117A      0.602028   118A      0.605709  
     119A      0.611938   120A      0.617433   121A      0.619933  
     122A      0.623773   123A      0.630992   124A      0.638306  
     125A      0.641499   126A      0.656526   127A      0.664036  
     128A      0.668256   129A      0.673754   130A      0.676433  
     131A      0.682191   132A      0.686668   133A      0.696090  
     134A      0.705027   135A      0.707418   136A      0.731692  
     137A      0.744366   138A      0.749330   139A      0.755650  
     140A      0.778778   141A      0.788075   142A      0.797335  
     143A      0.831832   144A      0.862902   145A      0.884923  
     146A      0.905984   147A      0.921523   148A      0.942718  
     149A      0.998536   150A      1.017908   151A      1.025047  
     152A      1.041124   153A      1.071351   154A      1.086076  
     155A      1.129894   156A      1.144717   157A      1.176648  
     158A      1.178976   159A      1.181794   160A      1.188831  
     161A      1.192897   162A      1.213808   163A      1.224654  
     164A      1.224976   165A      1.230712   166A      1.242497  
     167A      1.243375   168A      1.257517   169A      1.270857  
     170A      1.290228   171A      1.362046   172A      1.426877  
     173A      1.453968   174A      1.465841   175A      1.494610  
     176A      1.518810   177A      1.544917   178A      1.586296  
     179A      1.589258   180A      1.594133   181A      1.600236  
     182A      1.603188   183A      1.638129   184A      1.640781  
     185A      1.657440   186A      1.664529   187A      1.670628  
     188A      1.673541   189A      1.674974   190A      1.680873  
     191A      1.684738   192A      1.689719   193A      1.693604  
     194A      1.699625   195A      1.711248   196A      1.718082  
     197A      1.738513   198A      1.747136   199A      1.755300  
     200A      1.763096   201A      1.790670   202A      1.803701  
     203A      1.829354   204A      1.834423   205A      1.858723  
     206A      1.867405   207A      1.878220   208A      1.882468  
     209A      1.899200   210A      1.899982   211A      1.904426  
     212A      1.910799   213A      1.913613   214A      1.948707  
     215A      1.988386   216A      1.996188   217A      2.023107  
     218A      2.026838   219A      2.049260   220A      2.063177  
     221A      2.068369   222A      2.072189   223A      2.084461  
     224A      2.107139   225A      2.130424   226A      2.156574  
     227A      2.170980   228A      2.188379   229A      2.204885  
     230A      2.209775   231A      2.217405   232A      2.226313  
     233A      2.231630   234A      2.251559   235A      2.254628  
     236A      2.261615   237A      2.266582   238A      2.323217  
     239A      2.334615   240A      2.376120   241A      2.400595  
     242A      2.409497   243A      2.455437   244A      2.487054  
     245A      2.509992   246A      2.520055   247A      2.521782  
     248A      2.536064   249A      2.540336   250A      2.546002  
     251A      2.625898   252A      2.630865   253A      2.633622  
     254A      2.634618   255A      2.646189   256A      2.648241  
     257A      2.674915   258A      2.723840   259A      2.764364  
     260A      2.778516   261A      2.779395   262A      2.792687  
     263A      2.826383   264A      2.864081   265A      2.892998  
     266A      2.911664   267A      2.968808   268A      3.008276  
     269A      3.026123   270A      3.074959   271A      3.142171  
     272A      3.173896   273A      3.264944   274A      3.505816  
     275A      3.533720  

    Final Occupation by Irrep:
              A 
    DOCC [    52 ]
    NA   [    52 ]
    NB   [    52 ]

  @DF-RKS Final Energy:  -594.90702060906938

   => Energetics <=

    Nuclear Repulsion Energy =            858.2616331200250670
    One-Electron Energy =               -2505.8898952612094035
    Two-Electron Energy =                1139.4486785387985037
    DFT Exchange-Correlation Energy =     -86.6935393472186036
    Empirical Dispersion Energy =          -0.0338976594651293
    VV10 Nonlocal Energy =                  0.0000000000000000
    Total Energy =                       -594.9070206090693773

Computation Completed


Properties will be evaluated at   0.000000,   0.000000,   0.000000 [a0]

Properties computed using the SCF density matrix


 Multipole Moments:

 ------------------------------------------------------------------------------------
     Multipole            Electronic (a.u.)      Nuclear  (a.u.)        Total (a.u.)
 ------------------------------------------------------------------------------------

 L = 1.  Multiply by 2.5417464519 to convert [e a0] to [Debye]
 Dipole X            :         -0.5388855            0.0477221           -0.4911635
 Dipole Y            :         -3.3239247            3.2560684           -0.0678563
 Dipole Z            :        -26.8741409           26.2739312           -0.6002098
 Magnitude           :                                                    0.7785228

 ------------------------------------------------------------------------------------

*** tstop() called on LAPTOP-257FNSVV at Thu Sep 10 22:54:37 2026
Module time:
	user time   =        nan seconds =        nan minutes
	system time =        nan seconds =        nan minutes
	total time  =         55 seconds =       0.92 minutes
Total time:
	user time   =        nan seconds =        nan minutes
	system time =        nan seconds =        nan minutes
	total time  =        130 seconds =       2.17 minutes

*** tstart() called on LAPTOP-257FNSVV
*** at Thu Sep 10 22:54:37 2026


         ------------------------------------------------------------
                                   SCF GRAD                          
                          Rob Parrish, Justin Turney,                
                       Andy Simmonett, and Alex Sokolov              
         ------------------------------------------------------------

  ==> Geometry <==

    Molecular point group: c1
    Full point group: C1

    Geometry (in Angstrom), charge = 0, multiplicity = 1:

       Center              X                  Y                   Z               Mass       
    ------------   -----------------  -----------------  -----------------  -----------------
         C           -0.092184280657    -0.223251343597    -1.745844949602    12.000000000000
         C           -0.436089584823    -0.043214820129    -0.279226568885    12.000000000000
         N            0.450273934921     0.055467732136     0.654687151588    14.003074004430
         C            1.823548230705     0.011652659077     0.363762590374    12.000000000000
         C            2.494775508366    -1.227293106819     0.249162826991    12.000000000000
         C            3.877576942177    -1.264206150073     0.011089216055    12.000000000000
         C            4.611543526493    -0.072345418632    -0.113693347031    12.000000000000
         C            3.951218076188     1.161751798007     0.012255752823    12.000000000000
         C            2.569519037758     1.208081843611     0.255960077212    12.000000000000
         C           -1.871268467743     0.043787284191     0.123328593503    12.000000000000
         C           -2.902045586390    -0.476273462884    -0.688487763221    12.000000000000
         C           -4.241177335530    -0.404569118483    -0.271193105847    12.000000000000
         C           -4.567157760552     0.201698937330     0.952729842770    12.000000000000
         C           -3.546121320212     0.723427957481     1.766889631645    12.000000000000
         C           -2.207415022046     0.638799103934     1.358355743084    12.000000000000
         H            0.132592290807    -1.287605562279    -1.959339565886     1.007825032230
         H           -0.917220023536     0.102818398774    -2.405015101573     1.007825032230
         H            0.811123029752     0.364377297135    -1.998667824776     1.007825032230
         H            1.921232664476    -2.160001894510     0.359533291121     1.007825032230
         H            4.386438099441    -2.236233741095    -0.076859111386     1.007825032230
         H            5.695585683726    -0.105168732137    -0.301911483976     1.007825032230
         H            4.517936307821     2.101259929917    -0.075293137456     1.007825032230
         H            2.052796149344     2.172986021354     0.368419638255     1.007825032230
         H           -2.665665869657    -0.962865855209    -1.646188685323     1.007825032230
         H           -5.035721662857    -0.822088403743    -0.908231369267     1.007825032230
         H           -5.618585296056     0.267592912816     1.272788735320     1.007825032230
         H           -3.794878273411     1.198268102275     2.728250873246     1.007825032230
         H           -1.400628998506     1.033147631354     1.992738050342     1.007825032230

  Nuclear repulsion =  858.261633120025067

  ==> Basis Set <==

  Basis Set: DEF2-SVP
    Blend: DEF2-SVP
    Number of shells: 129
    Number of basis functions: 275
    Number of Cartesian functions: 290
    Spherical Harmonics?: true
    Max angular momentum: 2

  ==> DFJKGrad: Density-Fitted SCF Gradients <==

    Gradient:                    1
    J tasked:                  Yes
    K tasked:                   No
    wK tasked:                  No
    OpenMP threads:              2
    Integrals threads:           2
    Memory [MiB]:              357
    Schwarz Cutoff:          1E-12
    Fitting Condition:       1E-10

   => Auxiliary Basis Set <=

  Basis Set: (DEF2-SVP AUX)
    Blend: DEF2-UNIVERSAL-JKFIT
    Number of shells: 453
    Number of basis functions: 1361
    Number of Cartesian functions: 1599
    Spherical Harmonics?: true
    Max angular momentum: 4

  ==> DFT Potential <==

   => LibXC <=

    Version 7.1.2
    S. Lehtola, C. Steigemann, M. J. T. Oliveira, and M. A. L. Marques,  SoftwareX 7, 1–5 (2018) (10.1016/j.softx.2017.11.002)

   => Composite Functional: PBE-D3BJ2B <= 

    PBE GGA Exchange-Correlation Functional

    J.P. Perdew et. al., Phys. Rev. Lett., 77(18), 3865-3868, 1996


    Deriv               =              1
    GGA                 =           TRUE
    Meta                =          FALSE

    Exchange Hybrid     =          FALSE
    MP2 Hybrid          =          FALSE

   => Exchange Functionals <=

    1.0000     XC_GGA_X_PBE

   => Correlation Functionals <=

    1.0000     XC_GGA_C_PBE

   => LibXC Density Thresholds  <==

    XC_GGA_C_PBE:  1.00E-12 
    XC_GGA_X_PBE:  1.00E-15 

   => Molecular Quadrature <=

    Radial Scheme          =       TREUTLER
    Pruning Scheme         =           NONE
    Nuclear Scheme         =       TREUTLER

    Blocking Scheme        =         OCTREE
    BS radius alpha        =              1
    Pruning alpha          =              1
    Radial Points          =             75
    Spherical Points       =            302
    Total Points           =         581567
    Total Blocks           =           4279
    Max Points             =            256
    Max Functions          =            216
    Weights Tolerance      =       1.00E-15


  -Total Gradient:
     Atom            X                  Y                   Z
    ------   -----------------  -----------------  -----------------
       1        0.001705925243    -0.001663633063    -0.001521343179
       2        0.002037037969    -0.000840121062     0.000110095400
       3       -0.004128311284    -0.002483548996     0.002396112487
       4        0.002476442831     0.001122806926    -0.001851916745
       5       -0.002640809775     0.000623181066     0.000588063389
       6        0.001525848748    -0.001681665911    -0.000354170331
       7       -0.000405332936     0.000076039428     0.000007252005
       8        0.001833346966     0.001831335018    -0.000284356036
       9       -0.002052941367    -0.000743372805     0.000115120700
      10       -0.002621258328     0.001565080767     0.000850245489
      11        0.002802063633    -0.000563460655    -0.000949817535
      12       -0.000883463849    -0.000595106080    -0.000189440402
      13       -0.000177911440     0.000292226973     0.000408507901
      14       -0.002147558377     0.000662349775     0.001320129715
      15        0.004648527603    -0.000217459328    -0.002618578094
      16       -0.000321003768     0.000362062331     0.001094823669
      17       -0.000126966994     0.000828342930     0.000211986534
      18       -0.001133165719     0.001248956077    -0.000541037465
      19        0.000347873241    -0.000368714829     0.000105813581
      20        0.000017294481     0.000227206230     0.000025404699
      21        0.000345352045    -0.000007173686    -0.000145177629
      22        0.000083718298    -0.000227437851     0.000068591079
      23        0.000442494357     0.000390275852     0.000081066078
      24       -0.000430304956    -0.000281399930    -0.000053579452
      25       -0.000106933678     0.000087100700    -0.000000055238
      26       -0.000181349861     0.000037094151     0.000031790638
      27        0.000103430833    -0.000108226974     0.000080164289
      28       -0.001046006516     0.000447866280     0.001038664121


*** tstop() called on LAPTOP-257FNSVV at Thu Sep 10 22:54:50 2026
Module time:
	user time   =        nan seconds =        nan minutes
	system time =        nan seconds =        nan minutes
	total time  =         13 seconds =       0.22 minutes
Total time:
	user time   =        nan seconds =        nan minutes
	system time =        nan seconds =        nan minutes
	total time  =        143 seconds =       2.38 minutes

    			-----------------------------------------

    			 OPTKING 3.0: for geometry optimizations 

    			     By R.A. King, Bethel University     

    			        with contributions from          

    			    A.V. Copan, J. Cayton, A. Heide      

    			-----------------------------------------

    
	                            ===> Fragment 1 <== 

	 Z (Atomic Numbers)          Masses                          Geom                  
	       6.000000            12.000000         -0.17420304 -0.42188390 -3.29916881   
	       6.000000            12.000000         -0.82408988 -0.08166417 -0.52766174   
	       7.000000            14.003074          0.85089442  0.10481882  1.23717941   
	       6.000000            12.000000          3.44600673  0.02202033  0.68741167   
	       6.000000            12.000000          4.71444246 -2.31924785  0.47084950   
	       6.000000            12.000000          7.32755845 -2.38900339  0.02095558   
	       6.000000            12.000000          8.71455428 -0.13671303 -0.21484929   
	       6.000000            12.000000          7.46672003  2.19539272  0.02316002   
	       6.000000            12.000000          4.85568726  2.28294382  0.48369444   
	       6.000000            12.000000         -3.53618491  0.08274597  0.23305727   
	       6.000000            12.000000         -5.48407136 -0.90002641 -1.30105331   
	       6.000000            12.000000         -8.01466361 -0.76452483 -0.51248070   
	       6.000000            12.000000         -8.63067734  0.38115575  1.80039847   
	       6.000000            12.000000         -6.70119810  1.36708071  3.33893750   
	       6.000000            12.000000         -4.17140984  1.20715536  2.56692034   
	       1.000000             1.007825          0.25056312 -2.43322187 -3.70261517   
	       1.000000             1.007825         -1.73329464  0.19429861 -4.54481987   
	       1.000000             1.007825          1.53280038  0.68857330 -3.77693480   
	       1.000000             1.007825          3.63060356 -4.08181201  0.67941945   
	       1.000000             1.007825          8.28916667 -4.22586932 -0.14524267   
	       1.000000             1.007825         10.76309707 -0.19874010 -0.57053002   
	       1.000000             1.007825          8.53766227  3.97080579 -0.14228341   
	       1.000000             1.007825          3.87922251  4.10634845  0.69621222   
	       1.000000             1.007825         -5.03737844 -1.81955276 -3.11084577   
	       1.000000             1.007825         -9.51613479 -1.55352193 -1.71630855   
	       1.000000             1.007825        -10.61758742   0.50567732   2.40522213 
	       1.000000             1.007825         -7.17128062  2.26439854  5.15564695   
	       1.000000             1.007825         -2.64680521  1.95236607  3.76572915   

	 - Coordinate -           - BOHR/RAD -       - ANG/DEG -
	 R(1,2)           =         2.866942           1.517120
	 R(1,16)          =         2.094917           1.108582
	 R(1,17)          =         2.088563           1.105220
	 R(1,18)          =         2.091707           1.106883
	 R(2,3)           =         2.440289           1.291346
	 R(2,10)          =         2.821557           1.493104
	 R(3,4)           =         2.653999           1.404436
	 R(4,5)           =         2.671585           1.413742
	 R(4,9)           =         2.672167           1.414050
	 R(5,6)           =         2.652479           1.403632
	 R(5,19)          =         2.079625           1.100490
	 R(6,7)           =         2.655593           1.405279
	 R(6,20)          =         2.079997           1.100687
	 R(7,8)           =         2.655646           1.405307
	 R(7,21)          =         2.080116           1.100750
	 R(8,9)           =         2.652781           1.403791
	 R(8,22)          =         2.079995           1.100686
	 R(9,23)          =         2.079291           1.100313
	 R(10,11)         =         2.667133           1.411386
	 R(10,15)         =         2.667344           1.411498
	 R(11,12)         =         2.654073           1.404475
	 R(11,24)         =         2.078560           1.099927
	 R(12,13)         =         2.653576           1.404212
	 R(12,25)         =         2.079936           1.100655
	 R(13,14)         =         2.657450           1.406262
	 R(13,26)         =         2.080656           1.101036
	 R(14,15)         =         2.649795           1.402211
	 R(14,27)         =         2.080046           1.100713
	 R(15,28)         =         2.077715           1.099480
	 B(1,2,3)         =         2.156291         123.546380
	 B(1,2,10)        =         2.077661         119.041211
	 B(2,1,16)        =         1.924176         110.247163
	 B(2,1,17)        =         1.952320         111.859669
	 B(2,1,18)        =         1.920690         110.047438
	 B(2,3,4)         =         2.116434         121.262743
	 B(2,10,11)       =         2.124039         121.698465
	 B(2,10,15)       =         2.082169         119.299525
	 B(3,2,10)        =         2.049154         117.407891
	 B(3,4,5)         =         2.104105         120.556331
	 B(3,4,9)         =         2.100448         120.346822
	 B(4,5,6)         =         2.099643         120.300660
	 B(4,5,19)        =         2.079647         119.155001
	 B(4,9,8)         =         2.099658         120.301522
	 B(4,9,23)        =         2.078810         119.107067
	 B(5,4,9)         =         2.076975         119.001878
	 B(5,6,7)         =         2.102843         120.484015
	 B(5,6,20)        =         2.085444         119.487146
	 B(6,5,19)        =         2.103841         120.541219
	 B(6,7,8)         =         2.084527         119.434574
	 B(6,7,21)        =         2.099318         120.282070
	 B(7,6,20)        =         2.094898         120.028817
	 B(7,8,9)         =         2.102528         120.465979
	 B(7,8,22)        =         2.094991         120.034140
	 B(8,7,21)        =         2.099320         120.282147
	 B(8,9,23)        =         2.104713         120.591193
	 B(9,8,22)        =         2.085655         119.499248
	 B(10,11,12)      =         2.102079         120.440237
	 B(10,11,24)      =         2.102350         120.455755
	 B(10,15,14)      =         2.103343         120.512703
	 B(10,15,28)      =         2.072924         118.769811
	 B(11,10,15)      =         2.076794         118.991554
	 B(11,12,13)      =         2.097119         120.156076
	 B(11,12,25)      =         2.090894         119.799387
	 B(12,11,24)      =         2.078522         119.090555
	 B(12,13,14)      =         2.090070         119.752166
	 B(12,13,26)      =         2.095424         120.058977
	 B(13,12,25)      =         2.095166         120.044192
	 B(13,14,15)      =         2.096835         120.139824
	 B(13,14,27)      =         2.096264         120.107099
	 B(14,13,26)      =         2.097691         120.188857
	 B(14,15,28)      =         2.106917         120.717472
	 B(15,14,27)      =         2.090084         119.752991
	 B(16,1,17)       =         1.896268         108.648144
	 B(16,1,18)       =         1.875750         107.472534
	 B(17,1,18)       =         1.892670         108.441986
	 D(1,2,3,4)       =         0.008884           0.509042
	 D(1,2,10,11)     =         0.385393          22.081375
	 D(1,2,10,15)     =        -2.776944        -159.107160
	 D(2,3,4,5)       =        -1.484369         -85.048075
	 D(2,3,4,9)       =         1.719681          98.530487
	 D(2,10,11,12)    =         3.118644         178.685162
	 D(2,10,11,24)    =         0.000550           0.031496
	 D(2,10,15,14)    =        -3.131883        -179.443671
	 D(2,10,15,28)    =         0.008966           0.513713
	 D(3,2,1,16)      =         1.419612          81.337783
	 D(3,2,1,17)      =        -2.751537        -157.651451
	 D(3,2,1,18)      =        -0.646450         -37.038866
	 D(3,2,10,11)     =        -2.769214        -158.664279
	 D(3,2,10,15)     =         0.351635          20.147186
	 D(3,4,5,6)       =        -3.097171        -177.454800
	 D(3,4,5,19)      =         0.033269           1.906158
	 D(3,4,9,8)       =         3.101974         177.730032
	 D(3,4,9,23)      =        -0.036671          -2.101066
	 D(4,3,2,10)      =         3.164129         181.291229
	 D(4,5,6,7)       =         0.002066           0.118381
	 D(4,5,6,20)      =        -3.140466        -179.935440
	 D(4,9,8,7)       =        -0.011468          -0.657091
	 D(4,9,8,22)      =         3.135173         179.632157
	 D(5,4,9,8)       =         0.021876           1.253393
	 D(5,4,9,23)      =        -3.116769        -178.577704
	 D(5,6,7,8)       =         0.008594           0.492417
	 D(5,6,7,21)      =         3.143227         180.093625
	 D(6,5,4,9)       =        -0.017205          -0.985754
	 D(6,7,8,9)       =        -0.003896          -0.223213
	 D(6,7,8,22)      =         3.132622         179.485992
	 D(7,6,5,19)      =        -3.128217        -179.233642
	 D(7,8,9,23)      =         3.127132         179.171477
	 D(8,7,6,20)      =        -3.132054        -179.453470
	 D(9,4,5,19)      =         3.113235         178.375204
	 D(9,8,7,21)      =        -3.138528        -179.824421
	 D(10,2,1,16)     =        -1.735843         -99.456467
	 D(10,2,1,17)     =         0.376193          21.554300
	 D(10,2,1,18)     =         2.481280         142.166885
	 D(10,11,12,13)   =         0.013880           0.795266
	 D(10,11,12,25)   =        -3.131440        -179.418310
	 D(10,15,14,13)   =         0.011629           0.666283
	 D(10,15,14,27)   =        -3.131827        -179.440489
	 D(11,10,15,14)   =        -0.010468          -0.599772
	 D(11,10,15,28)   =         3.130381         179.357611
	 D(11,12,13,14)   =        -0.012744          -0.730177
	 D(11,12,13,26)   =        -3.154146        -180.719266
	 D(12,11,10,15)   =        -0.002266          -0.129860
	 D(12,13,14,15)   =         0.000047           0.002717
	 D(12,13,14,27)   =        -3.139675        -179.890130
	 D(13,12,11,24)   =         3.132293         179.467165
	 D(13,14,15,28)   =        -3.129205        -179.290264
	 D(14,13,12,25)   =         3.132585         179.483925
	 D(15,10,11,24)   =        -3.120361        -178.783527
	 D(15,14,13,26)   =         3.141449         179.991791
	 D(19,5,6,20)     =         0.012436           0.712537
	 D(20,6,7,21)     =         0.002579           0.147738
	 D(21,7,8,22)     =        -0.002011          -0.115216
	 D(22,8,9,23)     =        -0.009412          -0.539276
	 D(24,11,12,25)   =        -0.013027          -0.746412
	 D(25,12,13,26)   =        -0.008817          -0.505164
	 D(26,13,14,27)   =         0.001727           0.098944
	 D(27,14,15,28)   =         0.010524           0.602964


	        --- Internal Coordinate Step in ANG or DEG, aJ/ANG or AJ/DEG ---
	-------------------------------------------------------------------------------
	           Coordinate      Previous         Force          Change          New 
	           ----------      --------        ------          ------        ------
	               R(1,2)       1.51712       -0.00553       -0.00131       1.51581
	              R(1,16)       1.10858        0.00513        0.00190       1.11048
	              R(1,17)       1.10522       -0.00175        0.00039       1.10561
	              R(1,18)       1.10688        0.00113        0.00104       1.10792
	               R(2,3)       1.29135        0.00843        0.00017       1.29152
	              R(2,10)       1.49310       -0.00064       -0.00034       1.49276
	               R(3,4)       1.40444       -0.01850       -0.00247       1.40197
	               R(4,5)       1.41374        0.00114        0.00120       1.41494
	               R(4,9)       1.41405       -0.00303        0.00062       1.41467
	               R(5,6)       1.40363       -0.01402       -0.00161       1.40202
	              R(5,19)       1.10049       -0.00117        0.00063       1.10112
	               R(6,7)       1.40528       -0.00736       -0.00046       1.40482
	              R(6,20)       1.10069        0.00159        0.00115       1.10184
	               R(7,8)       1.40531       -0.00608       -0.00028       1.40503
	              R(7,21)       1.10075       -0.00302        0.00024       1.10099
	               R(8,9)       1.40379       -0.01451       -0.00169       1.40210
	              R(8,22)       1.10069        0.00129        0.00109       1.10178
	              R(9,23)       1.10031       -0.00117        0.00062       1.10093
	             R(10,11)       1.41139        0.00224        0.00107       1.41246
	             R(10,15)       1.41150        0.00465        0.00135       1.41284
	             R(11,12)       1.40448       -0.01127       -0.00123       1.40325
	             R(11,24)       1.09993       -0.00066        0.00071       1.10064
	             R(12,13)       1.40421       -0.00796       -0.00060       1.40361
	             R(12,25)       1.10065       -0.00037        0.00073       1.10138
	             R(13,14)       1.40626       -0.00279        0.00029       1.40655
	             R(13,26)       1.10104       -0.00151        0.00053       1.10157
	             R(14,15)       1.40221       -0.01951       -0.00252       1.39969
	             R(14,27)       1.10071        0.00002        0.00082       1.10153
	             R(15,28)       1.09948        0.00007        0.00069       1.10017
	             B(1,2,3)     123.54638       -0.00007       -0.24330     123.30308
	            B(1,2,10)     119.04121        0.00005        0.21715     119.25836
	            B(2,1,16)     110.24716        0.00008        0.29212     110.53928
	            B(2,1,17)     111.85967        0.00006        0.44121     112.30088
	            B(2,1,18)     110.04744       -0.00004       -0.23319     109.81425
	             B(2,3,4)     121.26274        0.00028        0.94262     122.20536
	           B(2,10,11)     121.69846        0.00007        0.21819     121.91666
	           B(2,10,15)     119.29952        0.00002        0.08334     119.38287
	            B(3,2,10)     117.40789        0.00002        0.00163     117.40952
	             B(3,4,5)     120.55633        0.00008        0.23157     120.78790
	             B(3,4,9)     120.34682       -0.00005       -0.15050     120.19632
	             B(4,5,6)     120.30066        0.00000        0.00725     120.30791
	            B(4,5,19)     119.15500       -0.00004       -0.21542     118.93958
	             B(4,9,8)     120.30152       -0.00001       -0.04833     120.25319
	            B(4,9,23)     119.10707       -0.00004       -0.22191     118.88516
	             B(5,4,9)     119.00188       -0.00003       -0.09101     118.91087
	             B(5,6,7)     120.48402        0.00003        0.12485     120.60887
	            B(5,6,20)     119.48715       -0.00002       -0.11869     119.36845
	            B(6,5,19)     120.54122        0.00004        0.20742     120.74864
	             B(6,7,8)     119.43457       -0.00004       -0.18230     119.25227
	            B(6,7,21)     120.28207        0.00002        0.09029     120.37236
	            B(7,6,20)     120.02882       -0.00000       -0.00614     120.02268
	             B(7,8,9)     120.46598        0.00005        0.19366     120.65964
	            B(7,8,22)     120.03414       -0.00001       -0.01742     120.01672
	            B(8,7,21)     120.28215        0.00002        0.09267     120.37482
	            B(8,9,23)     120.59119        0.00005        0.27043     120.86162
	            B(9,8,22)     119.49925       -0.00004       -0.17637     119.32288
	          B(10,11,12)     120.44024        0.00004        0.19023     120.63047
	          B(10,11,24)     120.45576       -0.00006       -0.31884     120.13691
	          B(10,15,14)     120.51270        0.00004        0.13897     120.65167
	          B(10,15,28)     118.76981       -0.00014       -0.75262     118.01720
	          B(11,10,15)     118.99155       -0.00009       -0.30045     118.69111
	          B(11,12,13)     120.15608       -0.00000       -0.02539     120.13069
	          B(11,12,25)     119.79939       -0.00001       -0.03439     119.76499
	          B(12,11,24)     119.09055        0.00002        0.13471     119.22526
	          B(12,13,14)     119.75217       -0.00001       -0.05945     119.69272
	          B(12,13,26)     120.05898        0.00000        0.02698     120.08595
	          B(13,12,25)     120.04419        0.00001        0.06013     120.10432
	          B(13,14,15)     120.13982        0.00002        0.05847     120.19829
	          B(13,14,27)     120.10710       -0.00002       -0.06428     120.04282
	          B(14,13,26)     120.18886        0.00000        0.03237     120.22123
	          B(14,15,28)     120.71747        0.00010        0.61363     121.33111
	          B(15,14,27)     119.75299       -0.00000        0.00583     119.75882
	           B(16,1,17)     108.64814       -0.00008       -0.42674     108.22141
	           B(16,1,18)     107.47253       -0.00008       -0.80235     106.67018
	           B(17,1,18)     108.44199        0.00005        0.67631     109.11830
	           D(1,2,3,4)       0.50904       -0.00005       -0.61978      -0.11073
	         D(1,2,10,11)      22.08138       -0.00007       -8.77470      13.30668
	         D(1,2,10,15)    -159.10716       -0.00007       -8.71466    -167.82181
	           D(2,3,4,5)     -85.04808        0.00001        0.75168     -84.29639
	           D(2,3,4,9)      98.53049        0.00002        0.93756      99.46805
	        D(2,10,11,12)     178.68516        0.00000        0.07631     178.76147
	        D(2,10,11,24)       0.03150       -0.00001       -0.27575      -0.24426
	        D(2,10,15,14)    -179.44367       -0.00000        0.02497    -179.41870
	        D(2,10,15,28)       0.51371       -0.00000        0.00525       0.51897
	          D(3,2,1,16)      81.33778       -0.00001        3.97488      85.31267
	          D(3,2,1,17)    -157.65145       -0.00002        3.93347    -153.71798
	          D(3,2,1,18)     -37.03887        0.00006        4.92531     -32.11356
	         D(3,2,10,11)    -158.66428       -0.00005       -6.13430    -164.79858
	         D(3,2,10,15)      20.14719       -0.00005       -6.07426      14.07293
	           D(3,4,5,6)    -177.45480        0.00001        0.56402    -176.89078
	          D(3,4,5,19)       1.90616        0.00001        0.49239       2.39854
	           D(3,4,9,8)     177.73003       -0.00001       -0.39670     177.33333
	          D(3,4,9,23)      -2.10107       -0.00001       -0.51161      -2.61268
	          D(4,3,2,10)     181.29123       -0.00008       -3.37982     177.91141
	           D(4,5,6,7)       0.11838       -0.00000       -0.19008      -0.07170
	          D(4,5,6,20)    -179.93544       -0.00000       -0.11770    -180.05314
	           D(4,9,8,7)      -0.65709       -0.00000       -0.11917      -0.77626
	          D(4,9,8,22)     179.63216       -0.00000       -0.08980     179.54236
	           D(5,4,9,8)       1.25339       -0.00001       -0.22584       1.02756
	          D(5,4,9,23)    -178.57770       -0.00001       -0.34074    -178.91845
	           D(5,6,7,8)       0.49242       -0.00000       -0.15537       0.33705
	          D(5,6,7,21)     180.09363       -0.00000       -0.02437     180.06926
	           D(6,5,4,9)      -0.98575        0.00001        0.37819      -0.60757
	           D(6,7,8,9)      -0.22321        0.00001        0.31029       0.08708
	          D(6,7,8,22)     179.48599        0.00001        0.28026     179.76625
	          D(7,6,5,19)    -179.23364       -0.00000       -0.11438    -179.34802
	          D(7,8,9,23)     179.17148        0.00000       -0.00282     179.16866
	          D(8,7,6,20)    -179.45347       -0.00001       -0.22816    -179.68163
	          D(9,4,5,19)     178.37520        0.00001        0.30655     178.68175
	          D(9,8,7,21)    -179.82442        0.00000        0.17930    -179.64512
	         D(10,2,1,16)     -99.45647        0.00002        6.78172     -92.67475
	         D(10,2,1,17)      21.55430        0.00001        6.74031      28.29461
	         D(10,2,1,18)     142.16688        0.00009        7.73215     149.89903
	       D(10,11,12,13)       0.79527       -0.00001       -0.16288       0.63238
	       D(10,11,12,25)    -179.41831        0.00000        0.03513    -179.38318
	       D(10,15,14,13)       0.66628       -0.00000       -0.04070       0.62558
	       D(10,15,14,27)    -179.44049        0.00000        0.15806    -179.28242
	       D(11,10,15,14)      -0.59977        0.00000        0.08912      -0.51065
	       D(11,10,15,28)     179.35761        0.00000        0.06941     179.42702
	       D(11,12,13,14)      -0.73018        0.00001        0.21093      -0.51924
	       D(11,12,13,26)    -180.71927        0.00000        0.08517    -180.63410
	       D(12,11,10,15)      -0.12986        0.00000        0.01228      -0.11758
	       D(12,13,14,15)       0.00272       -0.00000       -0.10862      -0.10590
	       D(12,13,14,27)    -179.89013       -0.00001       -0.30802    -180.19815
	       D(13,12,11,24)     179.46716        0.00000        0.17992     179.64709
	       D(13,14,15,28)    -179.29026       -0.00000       -0.01974    -179.31000
	       D(14,13,12,25)     179.48392       -0.00000        0.01245     179.49638
	       D(15,10,11,24)    -178.78353       -0.00001       -0.33978    -179.12331
	       D(15,14,13,26)     179.99179        0.00000        0.01732     180.00911
	         D(19,5,6,20)       0.71254       -0.00000       -0.04200       0.67054
	         D(20,6,7,21)       0.14774       -0.00000       -0.09716       0.05058
	         D(21,7,8,22)      -0.11522        0.00000        0.14926       0.03405
	         D(22,8,9,23)      -0.53928        0.00000        0.02656      -0.51272
	       D(24,11,12,25)      -0.74641        0.00001        0.37793      -0.36848
	       D(25,12,13,26)      -0.50516       -0.00000       -0.11331      -0.61848
	       D(26,13,14,27)       0.09894       -0.00000       -0.18209      -0.08314
	       D(27,14,15,28)       0.60296        0.00000        0.17903       0.78199
	-------------------------------------------------------------------------------

	                                 ==> Convergence Check <==                                  
    
	Measures of convergence in internal coordinates in au.
    
	Criteria marked as inactive (o), active & met (*), and active & unmet ( ).

	----------------------------------------------------------------------------------------------
	   Step    Total Energy     Delta E     Max Force     RMS Force      Max Disp      RMS Disp   
	----------------------------------------------------------------------------------------------
	  Convergence Criteria              o    1.50e-05 *    1.00e-05 *    6.00e-05 *    4.00e-05 *
	----------------------------------------------------------------------------------------------
	     2    -594.90702061   -4.23e-03 o    3.66e-03      6.76e-04      1.53e-01      3.18e-02    ~
	----------------------------------------------------------------------------------------------

Next Geometry in Ang 
	Fragment 1 (Ang)

	    C  -0.1058256591  -0.2636728120  -1.7599464068
	    C  -0.4423200389   0.0040916686  -0.3064124031
	    N   0.4524897221   0.1492064837   0.6135179107
	    C   1.8251401619   0.0677436292   0.3401961867
	    C   2.4819811849  -1.1847607879   0.2972729624
	    C   3.8666593179  -1.2507008021   0.0875452921
	    C   4.6207549072  -0.0779403521  -0.0841872343
	    C   3.9730165406   1.1679609267  -0.0365934387
	    C   2.5902115213   1.2470221354   0.1813068792
	    C  -1.8740003310   0.0640289837   0.1119551338
	    C  -2.9167131577  -0.3871959143  -0.7271997519
	    C  -4.2514193371  -0.3421755032  -0.2963390439
	    C  -4.5650309135   0.1664870475   0.9737101678
	    C  -3.5344041756   0.6205057230   1.8163671912
	    C  -2.2017413606   0.5637036454   1.3922039242
	    H   0.0410812423  -1.3508718706  -1.9319636305
	    H  -0.8969583856   0.0910852909  -2.4459681257
	    H   0.8501377532   0.2315120861  -2.0215060867
	    H   1.8903187314  -2.1019450236   0.4427797666
	    H   4.3624548372  -2.2342392961   0.0578138796
	    H   5.7077623599  -0.1343099861  -0.2497726078
	    H   4.5528049058   2.0958894447  -0.1658497819
	    H   2.0814403008   2.2219882907   0.2327540092
	    H  -2.6871297079  -0.7944365571  -1.7236164370
	    H  -5.0523153085  -0.7071994037  -0.9584279764
	    H  -5.6139900318   0.2111544781   1.3070877261
	    H  -3.7742632591   1.0238231736   2.8129480547
	    H  -1.3801418200   0.9032453014   2.0403238405


    Structure for next step:
    Molecular point group: c1
    Full point group: C1

    Geometry (in Angstrom), charge = 0, multiplicity = 1:

    C           -0.105825659149    -0.263672812020    -1.759946406816
    C           -0.442320038927     0.004091668589    -0.306412403106
    N            0.452489722075     0.149206483683     0.613517910744
    C            1.825140161865     0.067743629176     0.340196186721
    C            2.481981184851    -1.184760787855     0.297272962388
    C            3.866659317918    -1.250700802103     0.087545292080
    C            4.620754907238    -0.077940352077    -0.084187234283
    C            3.973016540556     1.167960926705    -0.036593438683
    C            2.590211521333     1.247022135407     0.181306879242
    C           -1.874000330964     0.064028983656     0.111955133821
    C           -2.916713157683    -0.387195914314    -0.727199751939
    C           -4.251419337096    -0.342175503233    -0.296339043947
    C           -4.565030913504     0.166487047464     0.973710167785
    C           -3.534404175602     0.620505723026     1.816367191182
    C           -2.201741360620     0.563703645387     1.392203924224
    H            0.041081242325    -1.350871870596    -1.931963630486
    H           -0.896958385584     0.091085290918    -2.445968125704
    H            0.850137753211     0.231512086091    -2.021506086701
    H            1.890318731440    -2.101945023557     0.442779766639
    H            4.362454837228    -2.234239296121     0.057813879594
    H            5.707762359892    -0.134309986086    -0.249772607784
    H            4.552804905820     2.095889444736    -0.165849781948
    H            2.081440300751     2.221988290679     0.232754009158
    H           -2.687129707873    -0.794436557077    -1.723616437027
    H           -5.052315308502    -0.707199403703    -0.958427976396
    H           -5.613990031845     0.211154478051     1.307087726075
    H           -3.774263259144     1.023823173586     2.812948054738
    H           -1.380141820010     0.903245301388     2.040323840527


Scratch directory: C:\Users\HUIWEI\Documents\Codex\2026-09-10\25-ee-phase5-phase24-1-hantzsch-3\work\qm_scratch\pbe_E_opt_01/
gradient() will perform analytic gradient computation.
   => Libint2 <=

    Primary   basis highest AM E, G, H:  7, 6, -
    Auxiliary basis highest AM E, G, H:  7, 7, -
    Onebody   basis highest AM E, G, H:  -, -, -
    Solid Harmonics ordering:            Gaussian

*** tstart() called on LAPTOP-257FNSVV
*** at Thu Sep 10 22:54:50 2026

   => Loading Basis Set <=

    Name: DEF2-SVP
    Role: ORBITAL
    Keyword: BASIS
    atoms 1-2, 4-15 entry C          line    90 file C:\Users\HUIWEI\miniconda3\envs\phase7\Library\share\psi4\basis\def2-svp.gbs 
    atoms 3         entry N          line   110 file C:\Users\HUIWEI\miniconda3\envs\phase7\Library\share\psi4\basis\def2-svp.gbs 
    atoms 16-28     entry H          line    15 file C:\Users\HUIWEI\miniconda3\envs\phase7\Library\share\psi4\basis\def2-svp.gbs 

   => PBE-D3(BJ): Empirical Dispersion <=

    Grimme's -D3 (BJ-damping) Dispersion Correction
    Grimme S.; Ehrlich S.; Goerigk L. (2011), J. Comput. Chem., 32: 1456

        s6 =       1.000000
        s8 =       0.787500
        a1 =       0.428900
        a2 =       4.440700


         ---------------------------------------------------------
                                   SCF
               by Justin Turney, Rob Parrish, Andy Simmonett
                          and Daniel G. A. Smith
                              RKS Reference
                        2 Threads,    476 MiB Core
         ---------------------------------------------------------

  ==> Geometry <==

    Molecular point group: c1
    Full point group: C1

    Geometry (in Angstrom), charge = 0, multiplicity = 1:

       Center              X                  Y                   Z               Mass       
    ------------   -----------------  -----------------  -----------------  -----------------
         C           -0.105825659149    -0.263672812020    -1.759946406816    12.000000000000
         C           -0.442320038927     0.004091668589    -0.306412403106    12.000000000000
         N            0.452489722075     0.149206483683     0.613517910744    14.003074004430
         C            1.825140161865     0.067743629176     0.340196186721    12.000000000000
         C            2.481981184851    -1.184760787855     0.297272962388    12.000000000000
         C            3.866659317918    -1.250700802103     0.087545292080    12.000000000000
         C            4.620754907238    -0.077940352077    -0.084187234283    12.000000000000
         C            3.973016540556     1.167960926705    -0.036593438683    12.000000000000
         C            2.590211521333     1.247022135407     0.181306879242    12.000000000000
         C           -1.874000330964     0.064028983656     0.111955133821    12.000000000000
         C           -2.916713157683    -0.387195914314    -0.727199751939    12.000000000000
         C           -4.251419337096    -0.342175503233    -0.296339043947    12.000000000000
         C           -4.565030913504     0.166487047464     0.973710167785    12.000000000000
         C           -3.534404175602     0.620505723026     1.816367191182    12.000000000000
         C           -2.201741360620     0.563703645387     1.392203924224    12.000000000000
         H            0.041081242325    -1.350871870596    -1.931963630486     1.007825032230
         H           -0.896958385584     0.091085290918    -2.445968125704     1.007825032230
         H            0.850137753211     0.231512086091    -2.021506086701     1.007825032230
         H            1.890318731440    -2.101945023557     0.442779766639     1.007825032230
         H            4.362454837228    -2.234239296121     0.057813879594     1.007825032230
         H            5.707762359892    -0.134309986086    -0.249772607784     1.007825032230
         H            4.552804905820     2.095889444736    -0.165849781948     1.007825032230
         H            2.081440300751     2.221988290679     0.232754009158     1.007825032230
         H           -2.687129707873    -0.794436557077    -1.723616437027     1.007825032230
         H           -5.052315308502    -0.707199403703    -0.958427976396     1.007825032230
         H           -5.613990031845     0.211154478051     1.307087726075     1.007825032230
         H           -3.774263259144     1.023823173586     2.812948054738     1.007825032230
         H           -1.380141820010     0.903245301388     2.040323840527     1.007825032230

  Running in c1 symmetry.

  Rotational constants: A =      0.06481  B =      0.00887  C =      0.00846 [cm^-1]
  Rotational constants: A =   1942.81111  B =    266.01846  C =    253.74763 [MHz]
  Nuclear repulsion =  857.932912898764016

  Charge       = 0
  Multiplicity = 1
  Electrons    = 104
  Nalpha       = 52
  Nbeta        = 52

  ==> Algorithm <==

  SCF Algorithm Type is DF.
  DIIS enabled.
  MOM disabled.
  Fractional occupation disabled.
  Guess Type is READ.
  Energy threshold   = 1.00e-09
  Density threshold  = 1.00e-08
  Integral threshold = 1.00e-12

  ==> Primary Basis <==

  Basis Set: DEF2-SVP
    Blend: DEF2-SVP
    Number of shells: 129
    Number of basis functions: 275
    Number of Cartesian functions: 290
    Spherical Harmonics?: true
    Max angular momentum: 2

  ==> DFT Potential <==

   => LibXC <=

    Version 7.1.2
    S. Lehtola, C. Steigemann, M. J. T. Oliveira, and M. A. L. Marques,  SoftwareX 7, 1–5 (2018) (10.1016/j.softx.2017.11.002)

   => Composite Functional: PBE-D3BJ2B <= 

    PBE GGA Exchange-Correlation Functional

    J.P. Perdew et. al., Phys. Rev. Lett., 77(18), 3865-3868, 1996


    Deriv               =              1
    GGA                 =           TRUE
    Meta                =          FALSE

    Exchange Hybrid     =          FALSE
    MP2 Hybrid          =          FALSE

   => Exchange Functionals <=

    1.0000     XC_GGA_X_PBE

   => Correlation Functionals <=

    1.0000     XC_GGA_C_PBE

   => LibXC Density Thresholds  <==

    XC_GGA_C_PBE:  1.00E-12 
    XC_GGA_X_PBE:  1.00E-15 

   => Molecular Quadrature <=

    Radial Scheme          =       TREUTLER
    Pruning Scheme         =           NONE
    Nuclear Scheme         =       TREUTLER

    Blocking Scheme        =         OCTREE
    BS radius alpha        =              1
    Pruning alpha          =              1
    Radial Points          =             75
    Spherical Points       =            302
    Total Points           =         581507
    Total Blocks           =           4242
    Max Points             =            256
    Max Functions          =            219
    Weights Tolerance      =       1.00E-15

   => Loading Basis Set <=

    Name: (DEF2-SVP AUX)
    Role: JKFIT
    Keyword: DF_BASIS_SCF
    atoms 1-2, 4-15 entry C          line   198 file C:\Users\HUIWEI\miniconda3\envs\phase7\Library\share\psi4\basis\def2-universal-jkfit.gbs 
    atoms 3         entry N          line   258 file C:\Users\HUIWEI\miniconda3\envs\phase7\Library\share\psi4\basis\def2-universal-jkfit.gbs 
    atoms 16-28     entry H          line    18 file C:\Users\HUIWEI\miniconda3\envs\phase7\Library\share\psi4\basis\def2-universal-jkfit.gbs 

   => Loading Basis Set <=

    Name: DEF2-SVP
    Role: ORBITAL
    Keyword: BASIS
    atoms 1-2, 4-15 entry C          line    90 file C:\Users\HUIWEI\miniconda3\envs\phase7\Library\share\psi4\basis\def2-svp.gbs 
    atoms 3         entry N          line   110 file C:\Users\HUIWEI\miniconda3\envs\phase7\Library\share\psi4\basis\def2-svp.gbs 
    atoms 16-28     entry H          line    15 file C:\Users\HUIWEI\miniconda3\envs\phase7\Library\share\psi4\basis\def2-svp.gbs 

  Reading orbitals from file C:\Users\HUIWEI\Documents\Codex\2026-09-10\25-ee-phase5-phase24-1-hantzsch-3\work\qm_scratch\pbe_E_opt_01/psi4.default.35548.180.npy, no projection.

  ==> Integral Setup <==

  ==> DiskDFJK: Density-Fitted J/K Matrices <==

    J tasked:                  Yes
    K tasked:                   No
    wK tasked:                  No
    OpenMP threads:              2
    Integrals threads:           2
    Memory [MiB]:              345
    Algorithm:                Disk
    Integral Cache:           NONE
    Schwarz Cutoff:          1E-12
    Fitting Condition:       1E-10

   => Auxiliary Basis Set <=

  Basis Set: (DEF2-SVP AUX)
    Blend: DEF2-UNIVERSAL-JKFIT
    Number of shells: 453
    Number of basis functions: 1361
    Number of Cartesian functions: 1599
    Spherical Harmonics?: true
    Max angular momentum: 4

  Cached 0.5% of DFT collocation blocks in 0.015 [GiB].

  Minimum eigenvalue in the overlap matrix is 2.9561545458E-04.
  Reciprocal condition number of the overlap matrix is 4.5993809603E-05.
    Using symmetric orthogonalization.

  ==> Pre-Iterations <==

  SCF Guess: Orbitals guess was supplied from a previous computation.

   -------------------------------------------------------
    Irrep   Nso     Nmo     Nalpha   Nbeta   Ndocc  Nsocc
   -------------------------------------------------------
     A        275     275      52      52      52       0
   -------------------------------------------------------
    Total     275     275      52      52      52       0
   -------------------------------------------------------

  ==> Iterations <==

                           Total Energy        Delta E     RMS |[F,P]|

   @DF-RKS iter   0:  -594.88394911201704   -5.94884e+02   9.10831e-04 
   @DF-RKS iter   1:  -594.90716522298123   -2.32161e-02   1.06170e-04 ADIIS/DIIS
   @DF-RKS iter   2:  -594.90626926905202    8.95954e-04   1.80684e-04 ADIIS/DIIS
   @DF-RKS iter   3:  -594.90752234818888   -1.25308e-03   6.61294e-05 DIIS
   @DF-RKS iter   4:  -594.90768589178037   -1.63544e-04   1.57979e-05 DIIS
   @DF-RKS iter   5:  -594.90769371786325   -7.82608e-06   7.18678e-06 DIIS
   @DF-RKS iter   6:  -594.90769594427286   -2.22641e-06   1.49301e-06 DIIS
   @DF-RKS iter   7:  -594.90769601679312   -7.25203e-08   7.73383e-07 DIIS
   @DF-RKS iter   8:  -594.90769604079924   -2.40061e-08   1.99341e-07 DIIS
   @DF-RKS iter   9:  -594.90769604237562   -1.57638e-09   5.55911e-08 DIIS
   @DF-RKS iter  10:  -594.90769604249488   -1.19257e-10   2.00664e-08 DIIS
   @DF-RKS iter  11:  -594.90769604251079   -1.59162e-11   6.21332e-09 DIIS
  Energy and wave function converged.


  ==> Post-Iterations <==

   Electrons on quadrature grid:
      Ntotal   =  104.0000272398 ; deviation = 2.724e-05 

    Orbital Energies [Eh]
    ---------------------

    Doubly Occupied:                                                      

       1A    -13.992064     2A     -9.956792     3A     -9.930021  
       4A     -9.912992     5A     -9.911711     6A     -9.910375  
       7A     -9.909517     8A     -9.907487     9A     -9.906818  
      10A     -9.904269    11A     -9.899215    12A     -9.899117  
      13A     -9.896540    14A     -9.896163    15A     -9.893528  
      16A     -0.849995    17A     -0.776102    18A     -0.755771  
      19A     -0.698234    20A     -0.671993    21A     -0.661027  
      22A     -0.655752    23A     -0.642341    24A     -0.572832  
      25A     -0.542579    26A     -0.536169    27A     -0.529791  
      28A     -0.491868    29A     -0.468521    30A     -0.441513  
      31A     -0.424591    32A     -0.409744    33A     -0.406898  
      34A     -0.397091    35A     -0.390456    36A     -0.381431  
      37A     -0.378644    38A     -0.375016    39A     -0.365837  
      40A     -0.344297    41A     -0.335922    42A     -0.326466  
      43A     -0.314330    44A     -0.307650    45A     -0.304304  
      46A     -0.301561    47A     -0.277238    48A     -0.254373  
      49A     -0.234804    50A     -0.224324    51A     -0.223239  
      52A     -0.187409  

    Virtual:                                                              

      53A     -0.083520    54A     -0.044941    55A     -0.035903  
      56A     -0.027025    57A     -0.002688    58A      0.033774  
      59A      0.041933    60A      0.055388    61A      0.076395  
      62A      0.078405    63A      0.093977    64A      0.096978  
      65A      0.100220    66A      0.106386    67A      0.111682  
      68A      0.116776    69A      0.124541    70A      0.134680  
      71A      0.137133    72A      0.138383    73A      0.168494  
      74A      0.205128    75A      0.220406    76A      0.234805  
      77A      0.247879    78A      0.249892    79A      0.255314  
      80A      0.268249    81A      0.273599    82A      0.279769  
      83A      0.291229    84A      0.307346    85A      0.323862  
      86A      0.344821    87A      0.360313    88A      0.369765  
      89A      0.379221    90A      0.380657    91A      0.391111  
      92A      0.393718    93A      0.400583    94A      0.408192  
      95A      0.421193    96A      0.430005    97A      0.437510  
      98A      0.443421    99A      0.445417   100A      0.452680  
     101A      0.459914   102A      0.462929   103A      0.467040  
     104A      0.493405   105A      0.499372   106A      0.508059  
     107A      0.510632   108A      0.521756   109A      0.536250  
     110A      0.547837   111A      0.552977   112A      0.555562  
     113A      0.571804   114A      0.574957   115A      0.586890  
     116A      0.589067   117A      0.601241   118A      0.605138  
     119A      0.613169   120A      0.618429   121A      0.619853  
     122A      0.621255   123A      0.632085   124A      0.637625  
     125A      0.638893   126A      0.658324   127A      0.663675  
     128A      0.669475   129A      0.675236   130A      0.675837  
     131A      0.682774   132A      0.686542   133A      0.698398  
     134A      0.705246   135A      0.707825   136A      0.729611  
     137A      0.745450   138A      0.748632   139A      0.755773  
     140A      0.781492   141A      0.788582   142A      0.799347  
     143A      0.836143   144A      0.865274   145A      0.883931  
     146A      0.911400   147A      0.930815   148A      0.960977  
     149A      1.005664   150A      1.019502   151A      1.035778  
     152A      1.049256   153A      1.078282   154A      1.091242  
     155A      1.126860   156A      1.144931   157A      1.177143  
     158A      1.177847   159A      1.181783   160A      1.187468  
     161A      1.188333   162A      1.212237   163A      1.223614  
     164A      1.224868   165A      1.227326   166A      1.240214  
     167A      1.243270   168A      1.259489   169A      1.277232  
     170A      1.284560   171A      1.338032   172A      1.431210  
     173A      1.459533   174A      1.470144   175A      1.494679  
     176A      1.523539   177A      1.545415   178A      1.584065  
     179A      1.589407   180A      1.593859   181A      1.599849  
     182A      1.601319   183A      1.637808   184A      1.640995  
     185A      1.656879   186A      1.664568   187A      1.670078  
     188A      1.673540   189A      1.676124   190A      1.679868  
     191A      1.683480   192A      1.689405   193A      1.693086  
     194A      1.700318   195A      1.709814   196A      1.718236  
     197A      1.738975   198A      1.745282   199A      1.757300  
     200A      1.763115   201A      1.789280   202A      1.805014  
     203A      1.828841   204A      1.831777   205A      1.859228  
     206A      1.865888   207A      1.877105   208A      1.881132  
     209A      1.898575   210A      1.899745   211A      1.903842  
     212A      1.909071   213A      1.912490   214A      1.948413  
     215A      1.988345   216A      2.000231   217A      2.022358  
     218A      2.030911   219A      2.049141   220A      2.062787  
     221A      2.067801   222A      2.071823   223A      2.084795  
     224A      2.109875   225A      2.130963   226A      2.152479  
     227A      2.169900   228A      2.184009   229A      2.203544  
     230A      2.212142   231A      2.218692   232A      2.228288  
     233A      2.232088   234A      2.253870   235A      2.256026  
     236A      2.261534   237A      2.269070   238A      2.322108  
     239A      2.335684   240A      2.373036   241A      2.394958  
     242A      2.411678   243A      2.455909   244A      2.486114  
     245A      2.510854   246A      2.518125   247A      2.520789  
     248A      2.535739   249A      2.541539   250A      2.547393  
     251A      2.624848   252A      2.628461   253A      2.630669  
     254A      2.633416   255A      2.644421   256A      2.650249  
     257A      2.675249   258A      2.719527   259A      2.764696  
     260A      2.779584   261A      2.781723   262A      2.794652  
     263A      2.828885   264A      2.862404   265A      2.893387  
     266A      2.912030   267A      2.966043   268A      3.008389  
     269A      3.026875   270A      3.072719   271A      3.143460  
     272A      3.179798   273A      3.268978   274A      3.506512  
     275A      3.535414  

    Final Occupation by Irrep:
              A 
    DOCC [    52 ]
    NA   [    52 ]
    NB   [    52 ]

  @DF-RKS Final Energy:  -594.90769604251079

   => Energetics <=

    Nuclear Repulsion Energy =            857.9329128987640161
    One-Electron Energy =               -2505.2297533371938698
    Two-Electron Energy =                1139.1167205095048303
    DFT Exchange-Correlation Energy =     -86.6937119756965728
    Empirical Dispersion Energy =          -0.0338641378891341
    VV10 Nonlocal Energy =                  0.0000000000000000
    Total Energy =                       -594.9076960425107927

Computation Completed


Properties will be evaluated at   0.000000,   0.000000,   0.000000 [a0]

Properties computed using the SCF density matrix


 Multipole Moments:

 ------------------------------------------------------------------------------------
     Multipole            Electronic (a.u.)      Nuclear  (a.u.)        Total (a.u.)
 ------------------------------------------------------------------------------------

 L = 1.  Multiply by 2.5417464519 to convert [e a0] to [Debye]
 Dipole X            :         -0.5869782            0.0878376           -0.4991406
 Dipole Y            :         -5.5462896            5.4248875           -0.1214021
 Dipole Z            :        -26.3408126           25.7579209           -0.5828917
 Magnitude           :                                                    0.7769444

 ------------------------------------------------------------------------------------

*** tstop() called on LAPTOP-257FNSVV at Thu Sep 10 22:55:44 2026
Module time:
	user time   =        nan seconds =        nan minutes
	system time =        nan seconds =        nan minutes
	total time  =         54 seconds =       0.90 minutes
Total time:
	user time   =        nan seconds =        nan minutes
	system time =        nan seconds =        nan minutes
	total time  =        197 seconds =       3.28 minutes

*** tstart() called on LAPTOP-257FNSVV
*** at Thu Sep 10 22:55:44 2026


         ------------------------------------------------------------
                                   SCF GRAD                          
                          Rob Parrish, Justin Turney,                
                       Andy Simmonett, and Alex Sokolov              
         ------------------------------------------------------------

  ==> Geometry <==

    Molecular point group: c1
    Full point group: C1

    Geometry (in Angstrom), charge = 0, multiplicity = 1:

       Center              X                  Y                   Z               Mass       
    ------------   -----------------  -----------------  -----------------  -----------------
         C           -0.105825659149    -0.263672812020    -1.759946406816    12.000000000000
         C           -0.442320038927     0.004091668589    -0.306412403106    12.000000000000
         N            0.452489722075     0.149206483683     0.613517910744    14.003074004430
         C            1.825140161865     0.067743629176     0.340196186721    12.000000000000
         C            2.481981184851    -1.184760787855     0.297272962388    12.000000000000
         C            3.866659317918    -1.250700802103     0.087545292080    12.000000000000
         C            4.620754907238    -0.077940352077    -0.084187234283    12.000000000000
         C            3.973016540556     1.167960926705    -0.036593438683    12.000000000000
         C            2.590211521333     1.247022135407     0.181306879242    12.000000000000
         C           -1.874000330964     0.064028983656     0.111955133821    12.000000000000
         C           -2.916713157683    -0.387195914314    -0.727199751939    12.000000000000
         C           -4.251419337096    -0.342175503233    -0.296339043947    12.000000000000
         C           -4.565030913504     0.166487047464     0.973710167785    12.000000000000
         C           -3.534404175602     0.620505723026     1.816367191182    12.000000000000
         C           -2.201741360620     0.563703645387     1.392203924224    12.000000000000
         H            0.041081242325    -1.350871870596    -1.931963630486     1.007825032230
         H           -0.896958385584     0.091085290918    -2.445968125704     1.007825032230
         H            0.850137753211     0.231512086091    -2.021506086701     1.007825032230
         H            1.890318731440    -2.101945023557     0.442779766639     1.007825032230
         H            4.362454837228    -2.234239296121     0.057813879594     1.007825032230
         H            5.707762359892    -0.134309986086    -0.249772607784     1.007825032230
         H            4.552804905820     2.095889444736    -0.165849781948     1.007825032230
         H            2.081440300751     2.221988290679     0.232754009158     1.007825032230
         H           -2.687129707873    -0.794436557077    -1.723616437027     1.007825032230
         H           -5.052315308502    -0.707199403703    -0.958427976396     1.007825032230
         H           -5.613990031845     0.211154478051     1.307087726075     1.007825032230
         H           -3.774263259144     1.023823173586     2.812948054738     1.007825032230
         H           -1.380141820010     0.903245301388     2.040323840527     1.007825032230

  Nuclear repulsion =  857.932912898764016

  ==> Basis Set <==

  Basis Set: DEF2-SVP
    Blend: DEF2-SVP
    Number of shells: 129
    Number of basis functions: 275
    Number of Cartesian functions: 290
    Spherical Harmonics?: true
    Max angular momentum: 2

  ==> DFJKGrad: Density-Fitted SCF Gradients <==

    Gradient:                    1
    J tasked:                  Yes
    K tasked:                   No
    wK tasked:                  No
    OpenMP threads:              2
    Integrals threads:           2
    Memory [MiB]:              357
    Schwarz Cutoff:          1E-12
    Fitting Condition:       1E-10

   => Auxiliary Basis Set <=

  Basis Set: (DEF2-SVP AUX)
    Blend: DEF2-UNIVERSAL-JKFIT
    Number of shells: 453
    Number of basis functions: 1361
    Number of Cartesian functions: 1599
    Spherical Harmonics?: true
    Max angular momentum: 4

  ==> DFT Potential <==

   => LibXC <=

    Version 7.1.2
    S. Lehtola, C. Steigemann, M. J. T. Oliveira, and M. A. L. Marques,  SoftwareX 7, 1–5 (2018) (10.1016/j.softx.2017.11.002)

   => Composite Functional: PBE-D3BJ2B <= 

    PBE GGA Exchange-Correlation Functional

    J.P. Perdew et. al., Phys. Rev. Lett., 77(18), 3865-3868, 1996


    Deriv               =              1
    GGA                 =           TRUE
    Meta                =          FALSE

    Exchange Hybrid     =          FALSE
    MP2 Hybrid          =          FALSE

   => Exchange Functionals <=

    1.0000     XC_GGA_X_PBE

   => Correlation Functionals <=

    1.0000     XC_GGA_C_PBE

   => LibXC Density Thresholds  <==

    XC_GGA_C_PBE:  1.00E-12 
    XC_GGA_X_PBE:  1.00E-15 

   => Molecular Quadrature <=

    Radial Scheme          =       TREUTLER
    Pruning Scheme         =           NONE
    Nuclear Scheme         =       TREUTLER

    Blocking Scheme        =         OCTREE
    BS radius alpha        =              1
    Pruning alpha          =              1
    Radial Points          =             75
    Spherical Points       =            302
    Total Points           =         581507
    Total Blocks           =           4242
    Max Points             =            256
    Max Functions          =            219
    Weights Tolerance      =       1.00E-15


  -Total Gradient:
     Atom            X                  Y                   Z
    ------   -----------------  -----------------  -----------------
       1       -0.001190268305    -0.001590631398    -0.000678772964
       2        0.001474814011     0.003570870574    -0.000292948990
       3       -0.003234140838    -0.001161978361     0.001486886511
       4        0.001849354169    -0.000630674891    -0.000911427131
       5        0.000008197922     0.000180630930     0.000135860529
       6        0.000113408778    -0.000092515141    -0.000036135532
       7       -0.000182163746    -0.000013980508     0.000131938529
       8        0.000099448065    -0.000016799685    -0.000145375334
       9       -0.000712392067    -0.000301538924    -0.000035920461
      10       -0.000336146984    -0.000329506772     0.001091341945
      11       -0.000001835341    -0.000183735418     0.000094857275
      12        0.000183420598     0.000029938784    -0.000185887959
      13        0.000283093338     0.000030886100     0.000390531399
      14       -0.000887215670    -0.000072397407     0.000091103584
      15        0.001649269893    -0.000107861919    -0.001291561946
      16        0.000918743518    -0.000117886745     0.000042994177
      17       -0.000534328413     0.000150025381    -0.000040480725
      18        0.000439681833     0.000590245446     0.000013770507
      19       -0.000203717036    -0.000493919854     0.000134156655
      20        0.000263274188    -0.000410587834    -0.000014496438
      21        0.000595587700    -0.000042856548    -0.000133880341
      22        0.000237633337     0.000380929367    -0.000015982406
      23       -0.000163826286     0.000600322282     0.000044240599
      24        0.000341155371    -0.000261040158    -0.000631146876
      25       -0.000407739939    -0.000220552308    -0.000269137778
      26       -0.000537678267     0.000067125174     0.000099166974
      27       -0.000040753243     0.000281984091     0.000417677329
      28       -0.000052751231     0.000155851559     0.000525646197


*** tstop() called on LAPTOP-257FNSVV at Thu Sep 10 22:56:00 2026
Module time:
	user time   =        nan seconds =        nan minutes
	system time =        nan seconds =        nan minutes
	total time  =         16 seconds =       0.27 minutes
Total time:
	user time   =        nan seconds =        nan minutes
	system time =        nan seconds =        nan minutes
	total time  =        213 seconds =       3.55 minutes

    			-----------------------------------------

    			 OPTKING 3.0: for geometry optimizations 

    			     By R.A. King, Bethel University     

    			        with contributions from          

    			    A.V. Copan, J. Cayton, A. Heide      

    			-----------------------------------------

    
	                            ===> Fragment 1 <== 

	 Z (Atomic Numbers)          Masses                          Geom                  
	       6.000000            12.000000         -0.19998151 -0.49826940 -3.32581670   
	       6.000000            12.000000         -0.83586373  0.00773213 -0.57903552   
	       7.000000            14.003074          0.85508165  0.28195939  1.15938082   
	       6.000000            12.000000          3.44901505  0.12801691  0.64287762   
	       6.000000            12.000000          4.69026469 -2.23887341  0.56176448   
	       6.000000            12.000000          7.30692713 -2.36348198  0.16543663   
	       6.000000            12.000000          8.73196127 -0.14728592 -0.15909082   
	       6.000000            12.000000          7.50791315  2.20712628 -0.06915158   
	       6.000000            12.000000          4.89479038  2.35653031  0.34262035   
	       6.000000            12.000000         -3.54134738  0.12099724  0.21156454   
	       6.000000            12.000000         -5.51178905 -0.73169423 -1.37420837   
	       6.000000            12.000000         -8.03401819 -0.64661799 -0.55999963   
	       6.000000            12.000000         -8.62665818  0.31461492  1.84004554   
	       6.000000            12.000000         -6.67905591  1.17258588  3.43243653   
	       6.000000            12.000000         -4.16068817  1.06524551  2.63088413   
	       1.000000             1.007825          0.07763230 -2.55277787 -3.65088215   
	       1.000000             1.007825         -1.69500569  0.17212625 -4.62220987   
	       1.000000             1.007825          1.60652752  0.43749444 -3.82009286   
	       1.000000             1.007825          3.57218469 -3.97210043  0.83673249   
	       1.000000             1.007825          8.24384488 -4.22210037  0.10925240   
	       1.000000             1.007825         10.78610765 -0.25380909 -0.47200182   
	       1.000000             1.007825          8.60355437  3.96065704 -0.31341067   
	       1.000000             1.007825          3.93335211  4.19894932  0.43984133   
	       1.000000             1.007825         -5.07793921 -1.50126752 -3.25716301   
	       1.000000             1.007825         -9.54749223 -1.33641319 -1.81116639   
	       1.000000             1.007825        -10.60890363   0.39902413   2.47003782 
	       1.000000             1.007825         -7.13232389  1.93474540  5.31570143   
	       1.000000             1.007825         -2.60809005  1.70688624  3.85565327   

	 - Coordinate -           - BOHR/RAD -       - ANG/DEG -
	 R(1,2)           =         2.864470           1.515812
	 R(1,16)          =         2.098509           1.110483
	 R(1,17)          =         2.089297           1.105608
	 R(1,18)          =         2.093666           1.107920
	 R(2,3)           =         2.440612           1.291516
	 R(2,10)          =         2.820908           1.492760
	 R(3,4)           =         2.649333           1.401967
	 R(4,5)           =         2.673846           1.414938
	 R(4,9)           =         2.673330           1.414665
	 R(5,6)           =         2.649439           1.402023
	 R(5,19)          =         2.080814           1.101119
	 R(6,7)           =         2.654725           1.404820
	 R(6,20)          =         2.082170           1.101837
	 R(7,8)           =         2.655116           1.405027
	 R(7,21)          =         2.080572           1.100991
	 R(8,9)           =         2.649583           1.402099
	 R(8,22)          =         2.082057           1.101777
	 R(9,23)          =         2.080462           1.100933
	 R(10,11)         =         2.669157           1.412457
	 R(10,15)         =         2.669887           1.412843
	 R(11,12)         =         2.651757           1.403249
	 R(11,24)         =         2.079901           1.100636
	 R(12,13)         =         2.652434           1.403608
	 R(12,25)         =         2.081307           1.101380
	 R(13,14)         =         2.658003           1.406554
	 R(13,26)         =         2.081661           1.101568
	 R(14,15)         =         2.645030           1.399690
	 R(14,27)         =         2.081592           1.101531
	 R(15,28)         =         2.079020           1.100170
	 B(1,2,3)         =         2.152045         123.303082
	 B(1,2,10)        =         2.081451         119.258360
	 B(2,1,16)        =         1.929274         110.539282
	 B(2,1,17)        =         1.960020         112.300881
	 B(2,1,18)        =         1.916620         109.814250
	 B(2,3,4)         =         2.132886         122.205361
	 B(2,10,11)       =         2.127847         121.916655
	 B(2,10,15)       =         2.083624         119.382866
	 B(3,2,10)        =         2.049183         117.409525
	 B(3,4,5)         =         2.108147         120.787903
	 B(3,4,9)         =         2.097822         120.196319
	 B(4,5,6)         =         2.099769         120.307907
	 B(4,5,19)        =         2.075887         118.939578
	 B(4,9,8)         =         2.098814         120.253193
	 B(4,9,23)        =         2.074937         118.885161
	 B(5,4,9)         =         2.075386         118.910869
	 B(5,6,7)         =         2.105022         120.608866
	 B(5,6,20)        =         2.083373         119.368453
	 B(6,5,19)        =         2.107461         120.748639
	 B(6,7,8)         =         2.081345         119.252274
	 B(6,7,21)        =         2.100894         120.372359
	 B(7,6,20)        =         2.094791         120.022679
	 B(7,8,9)         =         2.105908         120.659638
	 B(7,8,22)        =         2.094687         120.016717
	 B(8,7,21)        =         2.100937         120.374821
	 B(8,9,23)        =         2.109433         120.861624
	 B(9,8,22)        =         2.082577         119.322878
	 B(10,11,12)      =         2.105399         120.630469
	 B(10,11,24)      =         2.096785         120.136911
	 B(10,15,14)      =         2.105769         120.651668
	 B(10,15,28)      =         2.059789         118.017196
	 B(11,10,15)      =         2.071551         118.691108
	 B(11,12,13)      =         2.096676         120.130686
	 B(11,12,25)      =         2.090293         119.764993
	 B(12,11,24)      =         2.080873         119.225264
	 B(12,13,14)      =         2.089032         119.692719
	 B(12,13,26)      =         2.095895         120.085954
	 B(13,12,25)      =         2.096216         120.104320
	 B(13,14,15)      =         2.097856         120.198291
	 B(13,14,27)      =         2.095142         120.042822
	 B(14,13,26)      =         2.098256         120.221226
	 B(14,15,28)      =         2.117627         121.331106
	 B(15,14,27)      =         2.090186         119.758822
	 B(16,1,17)       =         1.888820         108.221405
	 B(16,1,18)       =         1.861746         106.670184
	 B(17,1,18)       =         1.904474         109.118301
	 D(1,2,3,4)       =        -0.001933          -0.110734
	 D(1,2,10,11)     =         0.232245          13.306677
	 D(1,2,10,15)     =        -2.929043        -167.821815
	 D(2,3,4,5)       =        -1.471250         -84.296394
	 D(2,3,4,9)       =         1.736045          99.468050
	 D(2,10,11,12)    =         3.119976         178.761469
	 D(2,10,11,24)    =        -0.004263          -0.244258
	 D(2,10,15,14)    =        -3.131447        -179.418705
	 D(2,10,15,28)    =         0.009058           0.518966
	 D(3,2,1,16)      =         1.488987          85.312666
	 D(3,2,1,17)      =        -2.682885        -153.717978
	 D(3,2,1,18)      =        -0.560487         -32.113556
	 D(3,2,10,11)     =        -2.876278        -164.798581
	 D(3,2,10,15)     =         0.245619          14.072927
	 D(3,4,5,6)       =        -3.087326        -176.890776
	 D(3,4,5,19)      =         0.041862           2.398544
	 D(3,4,9,8)       =         3.095050         177.333328
	 D(3,4,9,23)      =        -0.045600          -2.612677
	 D(4,3,2,10)      =         3.105140         177.911411
	 D(4,5,6,7)       =        -0.001251          -0.071697
	 D(4,5,6,20)      =        -3.142520        -180.053138
	 D(4,9,8,7)       =        -0.013548          -0.776264
	 D(4,9,8,22)      =         3.133605         179.542360
	 D(5,4,9,8)       =         0.017934           1.027557
	 D(5,4,9,23)      =        -3.122716        -178.918448
	 D(5,6,7,8)       =         0.005883           0.337049
	 D(5,6,7,21)      =         3.142801         180.069257
	 D(6,5,4,9)       =        -0.010604          -0.607567
	 D(6,7,8,9)       =         0.001520           0.087077
	 D(6,7,8,22)      =         3.137513         179.766248
	 D(7,6,5,19)      =        -3.130214        -179.348024
	 D(7,8,9,23)      =         3.127083         179.168660
	 D(8,7,6,20)      =        -3.136036        -179.681631
	 D(9,4,5,19)      =         3.118585         178.681754
	 D(9,8,7,21)      =        -3.135399        -179.645124
	 D(10,2,1,16)     =        -1.617479         -92.674747
	 D(10,2,1,17)     =         0.493834          28.294609
	 D(10,2,1,18)     =         2.616232         149.899031
	 D(10,11,12,13)   =         0.011037           0.632383
	 D(10,11,12,25)   =        -3.130827        -179.383184
	 D(10,15,14,13)   =         0.010918           0.625582
	 D(10,15,14,27)   =        -3.129069        -179.282424
	 D(11,10,15,14)   =        -0.008913          -0.510653
	 D(11,10,15,28)   =         3.131592         179.427017
	 D(11,12,13,14)   =        -0.009063          -0.519244
	 D(11,12,13,26)   =        -3.152660        -180.634098
	 D(12,11,10,15)   =        -0.002052          -0.117579
	 D(12,13,14,15)   =        -0.001848          -0.105898
	 D(12,13,14,27)   =        -3.145051        -180.198154
	 D(13,12,11,24)   =         3.135433         179.647087
	 D(13,14,15,28)   =        -3.129550        -179.309999
	 D(14,13,12,25)   =         3.132803         179.496376
	 D(15,10,11,24)   =        -3.126291        -179.123306
	 D(15,14,13,26)   =         3.141752         180.009114
	 D(19,5,6,20)     =         0.011703           0.670535
	 D(20,6,7,21)     =         0.000883           0.050577
	 D(21,7,8,22)     =         0.000594           0.034046
	 D(22,8,9,23)     =        -0.008949          -0.512716
	 D(24,11,12,25)   =        -0.006431          -0.368480
	 D(25,12,13,26)   =        -0.010794          -0.618478
	 D(26,13,14,27)   =        -0.001451          -0.083143
	 D(27,14,15,28)   =         0.013648           0.781994


	        --- Internal Coordinate Step in ANG or DEG, aJ/ANG or AJ/DEG ---
	-------------------------------------------------------------------------------
	           Coordinate      Previous         Force          Change          New 
	           ----------      --------        ------          ------        ------
	               R(1,2)       1.51581       -0.00600       -0.00258       1.51323
	              R(1,16)       1.11048       -0.00188        0.00035       1.11084
	              R(1,17)       1.10561       -0.00376       -0.00124       1.10437
	              R(1,18)       1.10792       -0.00529       -0.00109       1.10683
	               R(2,3)       1.29152        0.00565        0.00150       1.29302
	              R(2,10)       1.49276        0.00106        0.00016       1.49292
	               R(3,4)       1.40197       -0.01723       -0.00536       1.39661
	               R(4,5)       1.41494       -0.00461       -0.00071       1.41423
	               R(4,9)       1.41467       -0.00045       -0.00056       1.41410
	               R(5,6)       1.40202       -0.00459       -0.00264       1.39939
	              R(5,19)       1.10112       -0.00444       -0.00128       1.09984
	               R(6,7)       1.40482       -0.00328       -0.00161       1.40321
	              R(6,20)       1.10184       -0.00401       -0.00072       1.10112
	               R(7,8)       1.40503       -0.00404       -0.00157       1.40345
	              R(7,21)       1.10099       -0.00504       -0.00172       1.09927
	               R(8,9)       1.40210       -0.00498       -0.00277       1.39933
	              R(8,22)       1.10178       -0.00369       -0.00070       1.10108
	              R(9,23)       1.10093       -0.00501       -0.00140       1.09953
	             R(10,11)       1.41246       -0.00269       -0.00017       1.41229
	             R(10,15)       1.41284        0.00366        0.00120       1.41404
	             R(11,12)       1.40325       -0.00299       -0.00199       1.40126
	             R(11,24)       1.10064       -0.00609       -0.00155       1.09909
	             R(12,13)       1.40361       -0.00561       -0.00208       1.40153
	             R(12,25)       1.10138       -0.00437       -0.00113       1.10025
	             R(13,14)       1.40655       -0.00200       -0.00086       1.40569
	             R(13,26)       1.10157       -0.00448       -0.00135       1.10022
	             R(14,15)       1.39969       -0.00939       -0.00416       1.39553
	             R(14,27)       1.10153       -0.00403       -0.00099       1.10054
	             R(15,28)       1.10017       -0.00263       -0.00066       1.09951
	             B(1,2,3)     123.30308       -0.00006       -0.40010     122.90298
	            B(1,2,10)     119.25836        0.00003        0.21387     119.47223
	            B(2,1,16)     110.53928       -0.00003        0.00138     110.54066
	            B(2,1,17)     112.30088        0.00002        0.46268     112.76356
	            B(2,1,18)     109.81425        0.00004        0.12951     109.94376
	             B(2,3,4)     122.20536        0.00012        1.18856     123.39392
	           B(2,10,11)     121.91666        0.00004        0.32956     122.24622
	           B(2,10,15)     119.38287       -0.00001        0.02494     119.40780
	            B(3,2,10)     117.40952        0.00004        0.17634     117.58586
	             B(3,4,5)     120.78790       -0.00003        0.09924     120.88714
	             B(3,4,9)     120.19632        0.00004       -0.00705     120.18927
	             B(4,5,6)     120.30791        0.00000        0.01441     120.32232
	            B(4,5,19)     118.93958       -0.00001       -0.20537     118.73421
	             B(4,9,8)     120.25319        0.00001       -0.00288     120.25032
	            B(4,9,23)     118.88516       -0.00001       -0.24392     118.64124
	             B(5,4,9)     118.91087       -0.00001       -0.09800     118.81287
	             B(5,6,7)     120.60887        0.00001        0.10457     120.71343
	            B(5,6,20)     119.36845       -0.00001       -0.11377     119.25468
	            B(6,5,19)     120.74864        0.00001        0.19128     120.93992
	             B(6,7,8)     119.25227       -0.00000       -0.13955     119.11272
	            B(6,7,21)     120.37236        0.00000        0.07390     120.44626
	            B(7,6,20)     120.02268       -0.00000        0.00917     120.03185
	             B(7,8,9)     120.65964       -0.00000        0.12385     120.78349
	            B(7,8,22)     120.01672        0.00000       -0.00243     120.01429
	            B(8,7,21)     120.37482        0.00000        0.06580     120.44063
	            B(8,9,23)     120.86162        0.00001        0.24681     121.10843
	            B(9,8,22)     119.32288        0.00000       -0.12109     119.20178
	          B(10,11,12)     120.63047        0.00001        0.18812     120.81859
	          B(10,11,24)     120.13691        0.00001       -0.16413     119.97278
	          B(10,15,14)     120.65167        0.00002        0.18629     120.83796
	          B(10,15,28)     118.01720       -0.00004       -0.80680     117.21039
	          B(11,10,15)     118.69111       -0.00003       -0.35622     118.33489
	          B(11,12,13)     120.13069        0.00001       -0.00249     120.12820
	          B(11,12,25)     119.76499       -0.00001       -0.04690     119.71809
	          B(12,11,24)     119.22526       -0.00002       -0.01986     119.20540
	          B(12,13,14)     119.69272       -0.00000       -0.05244     119.64028
	          B(12,13,26)     120.08595        0.00000        0.05062     120.13657
	          B(13,12,25)     120.10432       -0.00000        0.04916     120.15348
	          B(13,14,15)     120.19829        0.00000        0.03966     120.23795
	          B(13,14,27)     120.04282       -0.00001       -0.08695     119.95587
	          B(14,13,26)     120.22123       -0.00000        0.00191     120.22314
	          B(14,15,28)     121.33111        0.00003        0.62035     121.95146
	          B(15,14,27)     119.75882        0.00001        0.04717     119.80599
	           B(16,1,17)     108.22141       -0.00003       -0.66731     107.55409
	           B(16,1,18)     106.67018        0.00001       -0.43746     106.23272
	           B(17,1,18)     109.11830       -0.00002        0.45451     109.57281
	           D(1,2,3,4)      -0.11073        0.00001       -2.36625      -2.47699
	         D(1,2,10,11)      13.30668        0.00000       -6.33167       6.97501
	         D(1,2,10,15)    -167.82181        0.00000       -6.43526    -174.25708
	           D(2,3,4,5)     -84.29639        0.00004        3.10871     -81.18769
	           D(2,3,4,9)      99.46805        0.00004        3.21515     102.68320
	        D(2,10,11,12)     178.76147       -0.00000        0.00177     178.76324
	        D(2,10,11,24)      -0.24426       -0.00000       -0.33405      -0.57830
	        D(2,10,15,14)    -179.41870        0.00000        0.22257    -179.19613
	        D(2,10,15,28)       0.51897        0.00000        0.12757       0.64654
	          D(3,2,1,16)      85.31267        0.00008       13.37898      98.69165
	          D(3,2,1,17)    -153.71798        0.00004       12.84165    -140.87633
	          D(3,2,1,18)     -32.11356        0.00006       13.83518     -18.27837
	         D(3,2,10,11)    -164.79858       -0.00005      -10.42966    -175.22824
	         D(3,2,10,15)      14.07293       -0.00005      -10.53326       3.53967
	           D(3,4,5,6)    -176.89078        0.00000        0.44525    -176.44553
	          D(3,4,5,19)       2.39854        0.00000        0.47709       2.87564
	           D(3,4,9,8)     177.33333       -0.00000       -0.36385     176.96948
	          D(3,4,9,23)      -2.61268       -0.00000       -0.45663      -3.06931
	          D(4,3,2,10)     177.91141        0.00007        1.89625     179.80766
	           D(4,5,6,7)      -0.07170       -0.00000       -0.14566      -0.21736
	          D(4,5,6,20)    -180.05314        0.00000       -0.09084    -180.14397
	           D(4,9,8,7)      -0.77626        0.00000       -0.01004      -0.78631
	          D(4,9,8,22)     179.54236       -0.00000       -0.08808     179.45428
	           D(5,4,9,8)       1.02756       -0.00000       -0.26690       0.76065
	          D(5,4,9,23)    -178.91845       -0.00000       -0.35969    -179.27814
	           D(5,6,7,8)       0.33705        0.00000       -0.13263       0.20442
	          D(5,6,7,21)     180.06926       -0.00000       -0.09232     179.97694
	           D(6,5,4,9)      -0.60757        0.00000        0.34349      -0.26408
	           D(6,7,8,9)       0.08708       -0.00000        0.21093       0.29801
	          D(6,7,8,22)     179.76625        0.00000        0.28922     180.05547
	          D(7,6,5,19)    -179.34802       -0.00000       -0.17534    -179.52337
	          D(7,8,9,23)     179.16866        0.00000        0.08479     179.25345
	          D(8,7,6,20)    -179.68163       -0.00000       -0.18790    -179.86953
	          D(9,4,5,19)     178.68175        0.00000        0.37533     179.05709
	          D(9,8,7,21)    -179.64512        0.00000        0.17060    -179.47453
	         D(10,2,1,16)     -92.67475        0.00002        9.04046     -83.63429
	         D(10,2,1,17)      28.29461       -0.00002        8.50312      36.79773
	         D(10,2,1,18)     149.89903        0.00000        9.49666     159.39569
	       D(10,11,12,13)       0.63238       -0.00000       -0.27057       0.36181
	       D(10,11,12,25)    -179.38318       -0.00000       -0.08032    -179.46350
	       D(10,15,14,13)       0.62558       -0.00000       -0.19211       0.43347
	       D(10,15,14,27)    -179.28242       -0.00001       -0.13040    -179.41282
	       D(11,10,15,14)      -0.51065        0.00000        0.13063      -0.38002
	       D(11,10,15,28)     179.42702        0.00000        0.03563     179.46265
	       D(11,12,13,14)      -0.51924        0.00000        0.20795      -0.31129
	       D(11,12,13,26)    -180.63410        0.00000        0.30168    -180.33242
	       D(12,11,10,15)      -0.11758        0.00000        0.10025      -0.01733
	       D(12,13,14,15)      -0.10590        0.00000        0.02260      -0.08330
	       D(12,13,14,27)    -180.19815        0.00000       -0.03908    -180.23723
	       D(13,12,11,24)     179.64709       -0.00000        0.06126     179.70835
	       D(13,14,15,28)    -179.31000       -0.00000       -0.09163    -179.40163
	       D(14,13,12,25)     179.49638        0.00000        0.01688     179.51326
	       D(15,10,11,24)    -179.12331       -0.00000       -0.23557    -179.35887
	       D(15,14,13,26)     180.00911       -0.00000       -0.07127     179.93784
	         D(19,5,6,20)       0.67054       -0.00000       -0.12052       0.55002
	         D(20,6,7,21)       0.05058       -0.00000       -0.14759      -0.09701
	         D(21,7,8,22)       0.03405        0.00000        0.24889       0.28294
	         D(22,8,9,23)      -0.51272       -0.00000        0.00676      -0.50596
	       D(24,11,12,25)      -0.36848       -0.00000        0.25151      -0.11697
	       D(25,12,13,26)      -0.61848        0.00000        0.11061      -0.50786
	       D(26,13,14,27)      -0.08314        0.00000       -0.13295      -0.21609
	       D(27,14,15,28)       0.78199       -0.00000       -0.02992       0.75208
	-------------------------------------------------------------------------------

	                                 ==> Convergence Check <==                                  
    
	Measures of convergence in internal coordinates in au.
    
	Criteria marked as inactive (o), active & met (*), and active & unmet ( ).

	----------------------------------------------------------------------------------------------
	   Step    Total Energy     Delta E     Max Force     RMS Force      Max Disp      RMS Disp   
	----------------------------------------------------------------------------------------------
	  Convergence Criteria              o    1.50e-05 *    1.00e-05 *    6.00e-05 *    4.00e-05 *
	----------------------------------------------------------------------------------------------
	     3    -594.90769604   -6.75e-04 o    2.09e-03      4.08e-04      2.41e-01      4.99e-02    ~
	----------------------------------------------------------------------------------------------

Next Geometry in Ang 
	Fragment 1 (Ang)

	    C  -0.1175437929  -0.3940623137  -1.7551960630
	    C  -0.4482724178  -0.0727919079  -0.3139192839
	    N   0.4570461805   0.1614798718   0.5790616025
	    C   1.8277798753   0.0936463085   0.3202216791
	    C   2.5047514916  -1.1480089494   0.3134506283
	    C   3.8907376292  -1.1960188687   0.1263196778
	    C   4.6297626798  -0.0181063794  -0.0617018000
	    C   3.9610821141   1.2157946178  -0.0557621306
	    C   2.5770649361   1.2793984115   0.1406541222
	    C  -1.8770621783   0.0326721129   0.1058990975
	    C  -2.9431031097  -0.2975264348  -0.7595972877
	    C  -4.2727975160  -0.2119572542  -0.3258801288
	    C  -4.5614334989   0.2124343639   0.9782934052
	    C  -3.5099123842   0.5450886848   1.8498478602
	    C  -2.1852790546   0.4520436915   1.4206808462
	    H  -0.1539012084  -1.4907245078  -1.9283058236
	    H  -0.8145411927   0.0791509006  -2.4692640947
	    H   0.9184689766  -0.0788748079  -1.9841051205
	    H   1.9229243879  -2.0683116172   0.4689028895
	    H   4.4002679369  -2.1721559989   0.1265552828
	    H   5.7184188968  -0.0609011698  -0.2079295355
	    H   4.5262558751   2.1492438169  -0.2028169882
	    H   2.0495452645   2.2439577645   0.1584229127
	    H  -2.7338759509  -0.6367754075  -1.7838640588
	    H  -5.0889406255  -0.4820833469  -1.0125397752
	    H  -5.6056353445   0.2849018639   1.3172271118
	    H  -3.7307729828   0.8826807425   2.8737849436
	    H  -1.3410349871   0.6958058129   2.0815600311


    Structure for next step:
    Molecular point group: c1
    Full point group: C1

    Geometry (in Angstrom), charge = 0, multiplicity = 1:

    C           -0.117543792906    -0.394062313671    -1.755196062955
    C           -0.448272417837    -0.072791907893    -0.313919283929
    N            0.457046180479     0.161479871782     0.579061602541
    C            1.827779875251     0.093646308487     0.320221679131
    C            2.504751491623    -1.148008949395     0.313450628305
    C            3.890737629237    -1.196018868730     0.126319677813
    C            4.629762679825    -0.018106379361    -0.061701800020
    C            3.961082114099     1.215794617789    -0.055762130615
    C            2.577064936115     1.279398411493     0.140654122223
    C           -1.877062178325     0.032672112850     0.105899097488
    C           -2.943103109744    -0.297526434805    -0.759597287734
    C           -4.272797515957    -0.211957254204    -0.325880128768
    C           -4.561433498865     0.212434363912     0.978293405179
    C           -3.509912384153     0.545088684826     1.849847860156
    C           -2.185279054629     0.452043691461     1.420680846211
    H           -0.153901208400    -1.490724507829    -1.928305823625
    H           -0.814541192681     0.079150900637    -2.469264094703
    H            0.918468976586    -0.078874807925    -1.984105120497
    H            1.922924387930    -2.068311617185     0.468902889519
    H            4.400267936872    -2.172155998942     0.126555282772
    H            5.718418896762    -0.060901169811    -0.207929535546
    H            4.526255875067     2.149243816912    -0.202816988190
    H            2.049545264492     2.243957764459     0.158422912741
    H           -2.733875950912    -0.636775407503    -1.783864058759
    H           -5.088940625476    -0.482083346857    -1.012539775212
    H           -5.605635344548     0.284901863942     1.317227111847
    H           -3.730772982831     0.882680742456     2.873784943591
    H           -1.341034987073     0.695805812907     2.081560031134


Scratch directory: C:\Users\HUIWEI\Documents\Codex\2026-09-10\25-ee-phase5-phase24-1-hantzsch-3\work\qm_scratch\pbe_E_opt_01/
gradient() will perform analytic gradient computation.
   => Libint2 <=

    Primary   basis highest AM E, G, H:  7, 6, -
    Auxiliary basis highest AM E, G, H:  7, 7, -
    Onebody   basis highest AM E, G, H:  -, -, -
    Solid Harmonics ordering:            Gaussian

*** tstart() called on LAPTOP-257FNSVV
*** at Thu Sep 10 22:56:01 2026

   => Loading Basis Set <=

    Name: DEF2-SVP
    Role: ORBITAL
    Keyword: BASIS
    atoms 1-2, 4-15 entry C          line    90 file C:\Users\HUIWEI\miniconda3\envs\phase7\Library\share\psi4\basis\def2-svp.gbs 
    atoms 3         entry N          line   110 file C:\Users\HUIWEI\miniconda3\envs\phase7\Library\share\psi4\basis\def2-svp.gbs 
    atoms 16-28     entry H          line    15 file C:\Users\HUIWEI\miniconda3\envs\phase7\Library\share\psi4\basis\def2-svp.gbs 

   => PBE-D3(BJ): Empirical Dispersion <=

    Grimme's -D3 (BJ-damping) Dispersion Correction
    Grimme S.; Ehrlich S.; Goerigk L. (2011), J. Comput. Chem., 32: 1456

        s6 =       1.000000
        s8 =       0.787500
        a1 =       0.428900
        a2 =       4.440700


         ---------------------------------------------------------
                                   SCF
               by Justin Turney, Rob Parrish, Andy Simmonett
                          and Daniel G. A. Smith
                              RKS Reference
                        2 Threads,    476 MiB Core
         ---------------------------------------------------------

  ==> Geometry <==

    Molecular point group: c1
    Full point group: C1

    Geometry (in Angstrom), charge = 0, multiplicity = 1:

       Center              X                  Y                   Z               Mass       
    ------------   -----------------  -----------------  -----------------  -----------------
         C           -0.117543792906    -0.394062313671    -1.755196062955    12.000000000000
         C           -0.448272417837    -0.072791907893    -0.313919283929    12.000000000000
         N            0.457046180479     0.161479871782     0.579061602541    14.003074004430
         C            1.827779875251     0.093646308487     0.320221679131    12.000000000000
         C            2.504751491623    -1.148008949395     0.313450628305    12.000000000000
         C            3.890737629237    -1.196018868730     0.126319677813    12.000000000000
         C            4.629762679825    -0.018106379361    -0.061701800020    12.000000000000
         C            3.961082114099     1.215794617789    -0.055762130615    12.000000000000
         C            2.577064936115     1.279398411493     0.140654122223    12.000000000000
         C           -1.877062178325     0.032672112850     0.105899097488    12.000000000000
         C           -2.943103109744    -0.297526434805    -0.759597287734    12.000000000000
         C           -4.272797515957    -0.211957254204    -0.325880128768    12.000000000000
         C           -4.561433498865     0.212434363912     0.978293405179    12.000000000000
         C           -3.509912384153     0.545088684826     1.849847860156    12.000000000000
         C           -2.185279054629     0.452043691461     1.420680846211    12.000000000000
         H           -0.153901208400    -1.490724507829    -1.928305823625     1.007825032230
         H           -0.814541192681     0.079150900637    -2.469264094703     1.007825032230
         H            0.918468976586    -0.078874807925    -1.984105120497     1.007825032230
         H            1.922924387930    -2.068311617185     0.468902889519     1.007825032230
         H            4.400267936872    -2.172155998942     0.126555282772     1.007825032230
         H            5.718418896762    -0.060901169811    -0.207929535546     1.007825032230
         H            4.526255875067     2.149243816912    -0.202816988190     1.007825032230
         H            2.049545264492     2.243957764459     0.158422912741     1.007825032230
         H           -2.733875950912    -0.636775407503    -1.783864058759     1.007825032230
         H           -5.088940625476    -0.482083346857    -1.012539775212     1.007825032230
         H           -5.605635344548     0.284901863942     1.317227111847     1.007825032230
         H           -3.730772982831     0.882680742456     2.873784943591     1.007825032230
         H           -1.341034987073     0.695805812907     2.081560031134     1.007825032230

  Running in c1 symmetry.

  Rotational constants: A =      0.06478  B =      0.00886  C =      0.00845 [cm^-1]
  Rotational constants: A =   1942.05872  B =    265.53753  C =    253.29175 [MHz]
  Nuclear repulsion =  858.059855419859105

  Charge       = 0
  Multiplicity = 1
  Electrons    = 104
  Nalpha       = 52
  Nbeta        = 52

  ==> Algorithm <==

  SCF Algorithm Type is DF.
  DIIS enabled.
  MOM disabled.
  Fractional occupation disabled.
  Guess Type is READ.
  Energy threshold   = 1.00e-09
  Density threshold  = 1.00e-08
  Integral threshold = 1.00e-12

  ==> Primary Basis <==

  Basis Set: DEF2-SVP
    Blend: DEF2-SVP
    Number of shells: 129
    Number of basis functions: 275
    Number of Cartesian functions: 290
    Spherical Harmonics?: true
    Max angular momentum: 2

  ==> DFT Potential <==

   => LibXC <=

    Version 7.1.2
    S. Lehtola, C. Steigemann, M. J. T. Oliveira, and M. A. L. Marques,  SoftwareX 7, 1–5 (2018) (10.1016/j.softx.2017.11.002)

   => Composite Functional: PBE-D3BJ2B <= 

    PBE GGA Exchange-Correlation Functional

    J.P. Perdew et. al., Phys. Rev. Lett., 77(18), 3865-3868, 1996


    Deriv               =              1
    GGA                 =           TRUE
    Meta                =          FALSE

    Exchange Hybrid     =          FALSE
    MP2 Hybrid          =          FALSE

   => Exchange Functionals <=

    1.0000     XC_GGA_X_PBE

   => Correlation Functionals <=

    1.0000     XC_GGA_C_PBE

   => LibXC Density Thresholds  <==

    XC_GGA_C_PBE:  1.00E-12 
    XC_GGA_X_PBE:  1.00E-15 

   => Molecular Quadrature <=

    Radial Scheme          =       TREUTLER
    Pruning Scheme         =           NONE
    Nuclear Scheme         =       TREUTLER

    Blocking Scheme        =         OCTREE
    BS radius alpha        =              1
    Pruning alpha          =              1
    Radial Points          =             75
    Spherical Points       =            302
    Total Points           =         581322
    Total Blocks           =           4251
    Max Points             =            256
    Max Functions          =            218
    Weights Tolerance      =       1.00E-15

   => Loading Basis Set <=

    Name: (DEF2-SVP AUX)
    Role: JKFIT
    Keyword: DF_BASIS_SCF
    atoms 1-2, 4-15 entry C          line   198 file C:\Users\HUIWEI\miniconda3\envs\phase7\Library\share\psi4\basis\def2-universal-jkfit.gbs 
    atoms 3         entry N          line   258 file C:\Users\HUIWEI\miniconda3\envs\phase7\Library\share\psi4\basis\def2-universal-jkfit.gbs 
    atoms 16-28     entry H          line    18 file C:\Users\HUIWEI\miniconda3\envs\phase7\Library\share\psi4\basis\def2-universal-jkfit.gbs 

   => Loading Basis Set <=

    Name: DEF2-SVP
    Role: ORBITAL
    Keyword: BASIS
    atoms 1-2, 4-15 entry C          line    90 file C:\Users\HUIWEI\miniconda3\envs\phase7\Library\share\psi4\basis\def2-svp.gbs 
    atoms 3         entry N          line   110 file C:\Users\HUIWEI\miniconda3\envs\phase7\Library\share\psi4\basis\def2-svp.gbs 
    atoms 16-28     entry H          line    15 file C:\Users\HUIWEI\miniconda3\envs\phase7\Library\share\psi4\basis\def2-svp.gbs 

  Reading orbitals from file C:\Users\HUIWEI\Documents\Codex\2026-09-10\25-ee-phase5-phase24-1-hantzsch-3\work\qm_scratch\pbe_E_opt_01/psi4.default.35548.180.npy, no projection.

  ==> Integral Setup <==

  ==> DiskDFJK: Density-Fitted J/K Matrices <==

    J tasked:                  Yes
    K tasked:                   No
    wK tasked:                  No
    OpenMP threads:              2
    Integrals threads:           2
    Memory [MiB]:              344
    Algorithm:                Disk
    Integral Cache:           NONE
    Schwarz Cutoff:          1E-12
    Fitting Condition:       1E-10

   => Auxiliary Basis Set <=

  Basis Set: (DEF2-SVP AUX)
    Blend: DEF2-UNIVERSAL-JKFIT
    Number of shells: 453
    Number of basis functions: 1361
    Number of Cartesian functions: 1599
    Spherical Harmonics?: true
    Max angular momentum: 4

  Cached 0.5% of DFT collocation blocks in 0.012 [GiB].

  Minimum eigenvalue in the overlap matrix is 2.9246231969E-04.
  Reciprocal condition number of the overlap matrix is 4.5434351920E-05.
    Using symmetric orthogonalization.

  ==> Pre-Iterations <==

  SCF Guess: Orbitals guess was supplied from a previous computation.

   -------------------------------------------------------
    Irrep   Nso     Nmo     Nalpha   Nbeta   Ndocc  Nsocc
   -------------------------------------------------------
     A        275     275      52      52      52       0
   -------------------------------------------------------
    Total     275     275      52      52      52       0
   -------------------------------------------------------

  ==> Iterations <==

                           Total Energy        Delta E     RMS |[F,P]|

   @DF-RKS iter   0:  -594.88329457934492   -5.94883e+02   1.05738e-03 
   @DF-RKS iter   1:  -594.90682869943669   -2.35341e-02   1.65183e-04 ADIIS/DIIS
   @DF-RKS iter   2:  -594.90269374340426    4.13496e-03   3.44945e-04 ADIIS/DIIS
   @DF-RKS iter   3:  -594.90793057963674   -5.23684e-03   7.94619e-05 DIIS
   @DF-RKS iter   4:  -594.90817105461679   -2.40475e-04   1.98964e-05 DIIS
   @DF-RKS iter   5:  -594.90818405247887   -1.29979e-05   8.87181e-06 DIIS
   @DF-RKS iter   6:  -594.90818716400133   -3.11152e-06   2.80895e-06 DIIS
   @DF-RKS iter   7:  -594.90818745688171   -2.92880e-07   1.14565e-06 DIIS
   @DF-RKS iter   8:  -594.90818750635663   -4.94749e-08   3.10371e-07 DIIS
   @DF-RKS iter   9:  -594.90818750995913   -3.60251e-09   1.00413e-07 DIIS
   @DF-RKS iter  10:  -594.90818751034544   -3.86308e-10   3.25978e-08 DIIS
   @DF-RKS iter  11:  -594.90818751038751   -4.20641e-11   9.97071e-09 DIIS
  Energy and wave function converged.


  ==> Post-Iterations <==

   Electrons on quadrature grid:
      Ntotal   =  104.0000240127 ; deviation = 2.401e-05 

    Orbital Energies [Eh]
    ---------------------

    Doubly Occupied:                                                      

       1A    -13.992263     2A     -9.957415     3A     -9.929819  
       4A     -9.912814     5A     -9.911270     6A     -9.910045  
       7A     -9.908945     8A     -9.906841     9A     -9.906406  
      10A     -9.903260    11A     -9.898549    12A     -9.898416  
      13A     -9.895923    14A     -9.895296    15A     -9.892899  
      16A     -0.850133    17A     -0.776639    18A     -0.756453  
      19A     -0.698914    20A     -0.672331    21A     -0.661427  
      22A     -0.656291    23A     -0.642473    24A     -0.573681  
      25A     -0.542637    26A     -0.536339    27A     -0.530230  
      28A     -0.492138    29A     -0.469216    30A     -0.442225  
      31A     -0.425199    32A     -0.410061    33A     -0.407265  
      34A     -0.397004    35A     -0.389410    36A     -0.382828  
      37A     -0.378446    38A     -0.374757    39A     -0.365878  
      40A     -0.344888    41A     -0.336460    42A     -0.326151  
      43A     -0.314750    44A     -0.308154    45A     -0.303974  
      46A     -0.300796    47A     -0.277924    48A     -0.254736  
      49A     -0.235114    50A     -0.224493    51A     -0.222943  
      52A     -0.186711  

    Virtual:                                                              

      53A     -0.084729    54A     -0.043979    55A     -0.035179  
      56A     -0.026679    57A     -0.001065    58A      0.033973  
      59A      0.042271    60A      0.055072    61A      0.077008  
      62A      0.080013    63A      0.094738    64A      0.098296  
      65A      0.102442    66A      0.107449    67A      0.109772  
      68A      0.116898    69A      0.125423    70A      0.134048  
      71A      0.137012    72A      0.138918    73A      0.169111  
      74A      0.204753    75A      0.220828    76A      0.235884  
      77A      0.248873    78A      0.250406    79A      0.256067  
      80A      0.268544    81A      0.275358    82A      0.283879  
      83A      0.291238    84A      0.310110    85A      0.324056  
      86A      0.348577    87A      0.357187    88A      0.365190  
      89A      0.377404    90A      0.379845    91A      0.392212  
      92A      0.392701    93A      0.402488    94A      0.411721  
      95A      0.421451    96A      0.429930    97A      0.436085  
      98A      0.443168    99A      0.448349   100A      0.452720  
     101A      0.458979   102A      0.462746   103A      0.467646  
     104A      0.490026   105A      0.498199   106A      0.509247  
     107A      0.511876   108A      0.522863   109A      0.538742  
     110A      0.549875   111A      0.553056   112A      0.557777  
     113A      0.572452   114A      0.574557   115A      0.587364  
     116A      0.589788   117A      0.599739   118A      0.603313  
     119A      0.610846   120A      0.616196   121A      0.620567  
     122A      0.622947   123A      0.627434   124A      0.639885  
     125A      0.643870   126A      0.658641   127A      0.663990  
     128A      0.669967   129A      0.674105   130A      0.679139  
     131A      0.685522   132A      0.686760   133A      0.702074  
     134A      0.707669   135A      0.708930   136A      0.730442  
     137A      0.747662   138A      0.751587   139A      0.756384  
     140A      0.784154   141A      0.790643   142A      0.803291  
     143A      0.833747   144A      0.867107   145A      0.883673  
     146A      0.919669   147A      0.928966   148A      0.983470  
     149A      1.013482   150A      1.015575   151A      1.033242  
     152A      1.066792   153A      1.083674   154A      1.106357  
     155A      1.124248   156A      1.144232   157A      1.173932  
     158A      1.179440   159A      1.182038   160A      1.185918  
     161A      1.187270   162A      1.206447   163A      1.218590  
     164A      1.224765   165A      1.226713   166A      1.237367  
     167A      1.241382   168A      1.251942   169A      1.266743  
     170A      1.292788   171A      1.320448   172A      1.441881  
     173A      1.459793   174A      1.474163   175A      1.490344  
     176A      1.526057   177A      1.540890   178A      1.582282  
     179A      1.589578   180A      1.594861   181A      1.600575  
     182A      1.602424   183A      1.639309   184A      1.643795  
     185A      1.655634   186A      1.666609   187A      1.671237  
     188A      1.674505   189A      1.677661   190A      1.680097  
     191A      1.682692   192A      1.689672   193A      1.693379  
     194A      1.702856   195A      1.711827   196A      1.722799  
     197A      1.741515   198A      1.746303   199A      1.760020  
     200A      1.767832   201A      1.792569   202A      1.810258  
     203A      1.824032   204A      1.837065   205A      1.856607  
     206A      1.870740   207A      1.876685   208A      1.879822  
     209A      1.899781   210A      1.901460   211A      1.905451  
     212A      1.909356   213A      1.911972   214A      1.947578  
     215A      1.993459   216A      2.006803   217A      2.022038  
     218A      2.037672   219A      2.053635   220A      2.064017  
     221A      2.069852   222A      2.074308   223A      2.085944  
     224A      2.116371   225A      2.136115   226A      2.147611  
     227A      2.173797   228A      2.177828   229A      2.200661  
     230A      2.215941   231A      2.220503   232A      2.231770  
     233A      2.234033   234A      2.257049   235A      2.263395  
     236A      2.266109   237A      2.277171   238A      2.321840  
     239A      2.343347   240A      2.363725   241A      2.383947  
     242A      2.415179   243A      2.461653   244A      2.481174  
     245A      2.516321   246A      2.518906   247A      2.523916  
     248A      2.537650   249A      2.543708   250A      2.549507  
     251A      2.626217   252A      2.629045   253A      2.633634  
     254A      2.635791   255A      2.645707   256A      2.655718  
     257A      2.678412   258A      2.721912   259A      2.767343  
     260A      2.782273   261A      2.788377   262A      2.799041  
     263A      2.837375   264A      2.863281   265A      2.894284  
     266A      2.913765   267A      2.966983   268A      3.011457  
     269A      3.031368   270A      3.073665   271A      3.145677  
     272A      3.194741   273A      3.272656   274A      3.511837  
     275A      3.542849  

    Final Occupation by Irrep:
              A 
    DOCC [    52 ]
    NA   [    52 ]
    NB   [    52 ]

  @DF-RKS Final Energy:  -594.90818751038751

   => Energetics <=

    Nuclear Repulsion Energy =            858.0598554198591046
    One-Electron Energy =               -2505.4684598812577860
    Two-Electron Energy =                1139.2445863719481167
    DFT Exchange-Correlation Energy =     -86.7103212016446889
    Empirical Dispersion Energy =          -0.0338482192923083
    VV10 Nonlocal Energy =                  0.0000000000000000
    Total Energy =                       -594.9081875103875063

Computation Completed


Properties will be evaluated at   0.000000,   0.000000,   0.000000 [a0]

Properties computed using the SCF density matrix


 Multipole Moments:

 ------------------------------------------------------------------------------------
     Multipole            Electronic (a.u.)      Nuclear  (a.u.)        Total (a.u.)
 ------------------------------------------------------------------------------------

 L = 1.  Multiply by 2.5417464519 to convert [e a0] to [Debye]
 Dipole X            :         -0.7395465            0.2289421           -0.5106044
 Dipole Y            :         -6.6444478            6.4853693           -0.1590785
 Dipole Z            :        -25.8732420           25.3051765           -0.5680654
 Magnitude           :                                                    0.7802058

 ------------------------------------------------------------------------------------

*** tstop() called on LAPTOP-257FNSVV at Thu Sep 10 22:57:19 2026
Module time:
	user time   =        nan seconds =        nan minutes
	system time =        nan seconds =        nan minutes
	total time  =         78 seconds =       1.30 minutes
Total time:
	user time   =        nan seconds =        nan minutes
	system time =        nan seconds =        nan minutes
	total time  =        292 seconds =       4.87 minutes

*** tstart() called on LAPTOP-257FNSVV
*** at Thu Sep 10 22:57:19 2026


         ------------------------------------------------------------
                                   SCF GRAD                          
                          Rob Parrish, Justin Turney,                
                       Andy Simmonett, and Alex Sokolov              
         ------------------------------------------------------------

  ==> Geometry <==

    Molecular point group: c1
    Full point group: C1

    Geometry (in Angstrom), charge = 0, multiplicity = 1:

       Center              X                  Y                   Z               Mass       
    ------------   -----------------  -----------------  -----------------  -----------------
         C           -0.117543792906    -0.394062313671    -1.755196062955    12.000000000000
         C           -0.448272417837    -0.072791907893    -0.313919283929    12.000000000000
         N            0.457046180479     0.161479871782     0.579061602541    14.003074004430
         C            1.827779875251     0.093646308487     0.320221679131    12.000000000000
         C            2.504751491623    -1.148008949395     0.313450628305    12.000000000000
         C            3.890737629237    -1.196018868730     0.126319677813    12.000000000000
         C            4.629762679825    -0.018106379361    -0.061701800020    12.000000000000
         C            3.961082114099     1.215794617789    -0.055762130615    12.000000000000
         C            2.577064936115     1.279398411493     0.140654122223    12.000000000000
         C           -1.877062178325     0.032672112850     0.105899097488    12.000000000000
         C           -2.943103109744    -0.297526434805    -0.759597287734    12.000000000000
         C           -4.272797515957    -0.211957254204    -0.325880128768    12.000000000000
         C           -4.561433498865     0.212434363912     0.978293405179    12.000000000000
         C           -3.509912384153     0.545088684826     1.849847860156    12.000000000000
         C           -2.185279054629     0.452043691461     1.420680846211    12.000000000000
         H           -0.153901208400    -1.490724507829    -1.928305823625     1.007825032230
         H           -0.814541192681     0.079150900637    -2.469264094703     1.007825032230
         H            0.918468976586    -0.078874807925    -1.984105120497     1.007825032230
         H            1.922924387930    -2.068311617185     0.468902889519     1.007825032230
         H            4.400267936872    -2.172155998942     0.126555282772     1.007825032230
         H            5.718418896762    -0.060901169811    -0.207929535546     1.007825032230
         H            4.526255875067     2.149243816912    -0.202816988190     1.007825032230
         H            2.049545264492     2.243957764459     0.158422912741     1.007825032230
         H           -2.733875950912    -0.636775407503    -1.783864058759     1.007825032230
         H           -5.088940625476    -0.482083346857    -1.012539775212     1.007825032230
         H           -5.605635344548     0.284901863942     1.317227111847     1.007825032230
         H           -3.730772982831     0.882680742456     2.873784943591     1.007825032230
         H           -1.341034987073     0.695805812907     2.081560031134     1.007825032230

  Nuclear repulsion =  858.059855419859105

  ==> Basis Set <==

  Basis Set: DEF2-SVP
    Blend: DEF2-SVP
    Number of shells: 129
    Number of basis functions: 275
    Number of Cartesian functions: 290
    Spherical Harmonics?: true
    Max angular momentum: 2

  ==> DFJKGrad: Density-Fitted SCF Gradients <==

    Gradient:                    1
    J tasked:                  Yes
    K tasked:                   No
    wK tasked:                  No
    OpenMP threads:              2
    Integrals threads:           2
    Memory [MiB]:              357
    Schwarz Cutoff:          1E-12
    Fitting Condition:       1E-10

   => Auxiliary Basis Set <=

  Basis Set: (DEF2-SVP AUX)
    Blend: DEF2-UNIVERSAL-JKFIT
    Number of shells: 453
    Number of basis functions: 1361
    Number of Cartesian functions: 1599
    Spherical Harmonics?: true
    Max angular momentum: 4

  ==> DFT Potential <==

   => LibXC <=

    Version 7.1.2
    S. Lehtola, C. Steigemann, M. J. T. Oliveira, and M. A. L. Marques,  SoftwareX 7, 1–5 (2018) (10.1016/j.softx.2017.11.002)

   => Composite Functional: PBE-D3BJ2B <= 

    PBE GGA Exchange-Correlation Functional

    J.P. Perdew et. al., Phys. Rev. Lett., 77(18), 3865-3868, 1996


    Deriv               =              1
    GGA                 =           TRUE
    Meta                =          FALSE

    Exchange Hybrid     =          FALSE
    MP2 Hybrid          =          FALSE

   => Exchange Functionals <=

    1.0000     XC_GGA_X_PBE

   => Correlation Functionals <=

    1.0000     XC_GGA_C_PBE

   => LibXC Density Thresholds  <==

    XC_GGA_C_PBE:  1.00E-12 
    XC_GGA_X_PBE:  1.00E-15 

   => Molecular Quadrature <=

    Radial Scheme          =       TREUTLER
    Pruning Scheme         =           NONE
    Nuclear Scheme         =       TREUTLER

    Blocking Scheme        =         OCTREE
    BS radius alpha        =              1
    Pruning alpha          =              1
    Radial Points          =             75
    Spherical Points       =            302
    Total Points           =         581322
    Total Blocks           =           4251
    Max Points             =            256
    Max Functions          =            218
    Weights Tolerance      =       1.00E-15


  -Total Gradient:
     Atom            X                  Y                   Z
    ------   -----------------  -----------------  -----------------
       1       -0.002886968111     0.003514299468    -0.001090215949
       2       -0.000968511912    -0.005096408784     0.000454828821
       3        0.001169879985     0.000311761117     0.000338746190
       4        0.001130031733     0.000493292682    -0.000334759945
       5        0.001194788112     0.000146478257     0.000086182021
       6       -0.001283826452     0.001448177035    -0.000017358629
       7       -0.000135160146     0.000159586750     0.000097008566
       8       -0.001100232845    -0.001548870152     0.000276552512
       9        0.001118969106    -0.000197058183    -0.000472942716
      10        0.000908602945     0.002435728449    -0.000432041639
      11       -0.002589034352     0.000389098133     0.000893843074
      12        0.000939122338     0.000157106894     0.000287061947
      13        0.000594182615    -0.000121906623    -0.000058034615
      14        0.000900245885    -0.000719501075    -0.001093543246
      15       -0.002431195451     0.000286264035     0.000714335099
      16        0.001835915636     0.000076610080     0.000185503760
      17        0.000753380358    -0.000934622561     0.000100182978
      18        0.000808723895    -0.000777164380     0.000481503359
      19       -0.000079639608     0.000403352878    -0.000049107752
      20       -0.000100947019     0.000023879048     0.000019552062
      21       -0.000455500386     0.000020807453     0.000093760093
      22       -0.000130906815    -0.000008120566     0.000000975456
      23       -0.000111361557    -0.000367538272    -0.000021491128
      24        0.000242787277     0.000251017863     0.000395579705
      25        0.000163952069    -0.000130536600     0.000188653725
      26        0.000307231709     0.000020261681    -0.000152655707
      27        0.000028148697     0.000138969187    -0.000260822404
      28        0.000196675087    -0.000368113640    -0.000610890001


*** tstop() called on LAPTOP-257FNSVV at Thu Sep 10 22:57:38 2026
Module time:
	user time   =        nan seconds =        nan minutes
	system time =        nan seconds =        nan minutes
	total time  =         19 seconds =       0.32 minutes
Total time:
	user time   =        nan seconds =        nan minutes
	system time =        nan seconds =        nan minutes
	total time  =        311 seconds =       5.18 minutes

    			-----------------------------------------

    			 OPTKING 3.0: for geometry optimizations 

    			     By R.A. King, Bethel University     

    			        with contributions from          

    			    A.V. Copan, J. Cayton, A. Heide      

    			-----------------------------------------

    
	                            ===> Fragment 1 <== 

	 Z (Atomic Numbers)          Masses                          Geom                  
	       6.000000            12.000000         -0.22212558 -0.74466985 -3.31683986   
	       6.000000            12.000000         -0.84711210 -0.13755677 -0.59322147   
	       7.000000            14.003074          0.86369211  0.30515273  1.09426784   
	       6.000000            12.000000          3.45400338  0.17696588  0.60513127   
	       6.000000            12.000000          4.73329433 -2.16942250  0.59233584   
	       6.000000            12.000000          7.35242855 -2.26014810  0.23870960   
	       6.000000            12.000000          8.74898349 -0.03421610 -0.11659950   
	       6.000000            12.000000          7.48536036  2.29751885 -0.10537516   
	       6.000000            12.000000          4.86994694  2.41771260  0.26579777   
	       6.000000            12.000000         -3.54713344  0.06174135  0.20012029   
	       6.000000            12.000000         -5.56165884 -0.56224348 -1.43543084   
	       6.000000            12.000000         -8.07441709 -0.40054116 -0.61582419   
	       6.000000            12.000000         -8.61986005  0.40144277  1.84870661   
	       6.000000            12.000000         -6.63277313  1.03006833  3.49570583   
	       6.000000            12.000000         -4.12957892  0.85423877  2.68469771   
	       1.000000             1.007825         -0.29083113 -2.81706105 -3.64396989   
	       1.000000             1.007825         -1.53925977  0.14957352 -4.66623287   
	       1.000000             1.007825          1.73565482 -0.14905179 -3.74941528   
	       1.000000             1.007825          3.63380045 -3.90854250  0.88609804   
	       1.000000             1.007825          8.31530128 -4.10477994  0.23915482   
	       1.000000             1.007825         10.80624559 -0.11508653 -0.39292988   
	       1.000000             1.007825          8.55338398  4.06148219 -0.38326856   
	       1.000000             1.007825          3.87307923  4.24046561  0.29937592   
	       1.000000             1.007825         -5.16627681 -1.20333112 -3.37101452   
	       1.000000             1.007825         -9.61670405 -0.91100550 -1.91342287   
	       1.000000             1.007825        -10.59311556   0.53838650   2.48919849 
	       1.000000             1.007825         -7.05013917  1.66802486  5.43066649   
	       1.000000             1.007825         -2.53418885  1.31488242  3.93357837   

	 - Coordinate -           - BOHR/RAD -       - ANG/DEG -
	 R(1,2)           =         2.859596           1.513233
	 R(1,16)          =         2.099176           1.110836
	 R(1,17)          =         2.086954           1.104368
	 R(1,18)          =         2.091599           1.106827
	 R(2,3)           =         2.443453           1.293020
	 R(2,10)          =         2.821210           1.492920
	 R(3,4)           =         2.639204           1.396607
	 R(4,5)           =         2.672506           1.414229
	 R(4,9)           =         2.672263           1.414101
	 R(5,6)           =         2.644456           1.399386
	 R(5,19)          =         2.078394           1.099839
	 R(6,7)           =         2.651676           1.403206
	 R(6,20)          =         2.080815           1.101120
	 R(7,8)           =         2.652142           1.403453
	 R(7,21)          =         2.077312           1.099266
	 R(8,9)           =         2.644353           1.399331
	 R(8,22)          =         2.080737           1.101079
	 R(9,23)          =         2.077812           1.099531
	 R(10,11)         =         2.668838           1.412288
	 R(10,15)         =         2.672156           1.414044
	 R(11,12)         =         2.647991           1.401257
	 R(11,24)         =         2.076970           1.099085
	 R(12,13)         =         2.648509           1.401530
	 R(12,25)         =         2.079179           1.100254
	 R(13,14)         =         2.656368           1.405689
	 R(13,26)         =         2.079115           1.100220
	 R(14,15)         =         2.637164           1.395527
	 R(14,27)         =         2.079725           1.100543
	 R(15,28)         =         2.077779           1.099513
	 B(1,2,3)         =         2.145062         122.902978
	 B(1,2,10)        =         2.085184         119.472225
	 B(2,1,16)        =         1.929298         110.540661
	 B(2,1,17)        =         1.968095         112.763562
	 B(2,1,18)        =         1.918881         109.943765
	 B(2,3,4)         =         2.153630         123.393919
	 B(2,10,11)       =         2.133599         122.246216
	 B(2,10,15)       =         2.084059         119.407802
	 B(3,2,10)        =         2.052260         117.585861
	 B(3,4,5)         =         2.109879         120.887144
	 B(3,4,9)         =         2.097698         120.189268
	 B(4,5,6)         =         2.100021         120.322322
	 B(4,5,19)        =         2.072303         118.734210
	 B(4,9,8)         =         2.098764         120.250315
	 B(4,9,23)        =         2.070680         118.641241
	 B(5,4,9)         =         2.073676         118.812872
	 B(5,6,7)         =         2.106847         120.713432
	 B(5,6,20)        =         2.081387         119.254681
	 B(6,5,19)        =         2.110800         120.939919
	 B(6,7,8)         =         2.078909         119.112720
	 B(6,7,21)        =         2.102184         120.446260
	 B(7,6,20)        =         2.094951         120.031846
	 B(7,8,9)         =         2.108070         120.783491
	 B(7,8,22)        =         2.094644         120.014287
	 B(8,7,21)        =         2.102085         120.440625
	 B(8,9,23)        =         2.113741         121.108432
	 B(9,8,22)        =         2.080464         119.201785
	 B(10,11,12)      =         2.108682         120.818591
	 B(10,11,24)      =         2.093920         119.972784
	 B(10,15,14)      =         2.109020         120.837959
	 B(10,15,28)      =         2.045707         117.210391
	 B(11,10,15)      =         2.065334         118.334893
	 B(11,12,13)      =         2.096633         120.128200
	 B(11,12,25)      =         2.089475         119.718090
	 B(12,11,24)      =         2.080527         119.205400
	 B(12,13,14)      =         2.088117         119.640282
	 B(12,13,26)      =         2.096779         120.136573
	 B(13,12,25)      =         2.097074         120.153478
	 B(13,14,15)      =         2.098548         120.237954
	 B(13,14,27)      =         2.093625         119.955874
	 B(14,13,26)      =         2.098290         120.223141
	 B(14,15,28)      =         2.128454         121.951455
	 B(15,14,27)      =         2.091009         119.805994
	 B(16,1,17)       =         1.877173         107.554091
	 B(16,1,18)       =         1.854111         106.232721
	 B(17,1,18)       =         1.912406         109.572806
	 D(1,2,3,4)       =        -0.043232          -2.476989
	 D(1,2,10,11)     =         0.121737           6.975012
	 D(1,2,10,15)     =        -3.041360        -174.257077
	 D(2,3,4,5)       =        -1.416992         -81.187688
	 D(2,3,4,9)       =         1.792160         102.683201
	 D(2,10,11,12)    =         3.120007         178.763237
	 D(2,10,11,24)    =        -0.010093          -0.578304
	 D(2,10,15,14)    =        -3.127562        -179.196130
	 D(2,10,15,28)    =         0.011284           0.646541
	 D(3,2,1,16)      =         1.722494          98.691647
	 D(3,2,1,17)      =        -2.458756        -140.876330
	 D(3,2,1,18)      =        -0.319018         -18.278373
	 D(3,2,10,11)     =        -3.058310        -175.228243
	 D(3,2,10,15)     =         0.061779           3.539669
	 D(3,4,5,6)       =        -3.079555        -176.445530
	 D(3,4,5,19)      =         0.050189           2.875638
	 D(3,4,9,8)       =         3.088700         176.969482
	 D(3,4,9,23)      =        -0.053570          -3.069308
	 D(4,3,2,10)      =         3.138236         179.807665
	 D(4,5,6,7)       =        -0.003794          -0.217356
	 D(4,5,6,20)      =        -3.144105        -180.143975
	 D(4,9,8,7)       =        -0.013724          -0.786309
	 D(4,9,8,22)      =         3.132068         179.454279
	 D(5,4,9,8)       =         0.013276           0.760652
	 D(5,4,9,23)      =        -3.128994        -179.278138
	 D(5,6,7,8)       =         0.003568           0.204423
	 D(5,6,7,21)      =         3.141190         179.976941
	 D(6,5,4,9)       =        -0.004609          -0.264080
	 D(6,7,8,9)       =         0.005201           0.298005
	 D(6,7,8,22)      =         3.142561         180.055471
	 D(7,6,5,19)      =        -3.133274        -179.523365
	 D(7,8,9,23)      =         3.128563         179.253453
	 D(8,7,6,20)      =        -3.139315        -179.869527
	 D(9,4,5,19)      =         3.125136         179.057088
	 D(9,8,7,21)      =        -3.132421        -179.474526
	 D(10,2,1,16)     =        -1.459694         -83.634291
	 D(10,2,1,17)     =         0.642242          36.797731
	 D(10,2,1,18)     =         2.781980         159.395688
	 D(10,11,12,13)   =         0.006315           0.361815
	 D(10,11,12,25)   =        -3.132229        -179.463504
	 D(10,15,14,13)   =         0.007566           0.433472
	 D(10,15,14,27)   =        -3.131344        -179.412824
	 D(11,10,15,14)   =        -0.006633          -0.380023
	 D(11,10,15,28)   =         3.132214         179.462648
	 D(11,12,13,14)   =        -0.005433          -0.311295
	 D(11,12,13,26)   =        -3.147394        -180.332418
	 D(12,11,10,15)   =        -0.000303          -0.017332
	 D(12,13,14,15)   =        -0.001454          -0.083298
	 D(12,13,14,27)   =        -3.145733        -180.237234
	 D(13,12,11,24)   =         3.136502         179.708346
	 D(13,14,15,28)   =        -3.131149        -179.401626
	 D(14,13,12,25)   =         3.133097         179.513258
	 D(15,10,11,24)   =        -3.130403        -179.358874
	 D(15,14,13,26)   =         3.140508         179.937843
	 D(19,5,6,20)     =         0.009600           0.550016
	 D(20,6,7,21)     =        -0.001693          -0.097009
	 D(21,7,8,22)     =         0.004938           0.282940
	 D(22,8,9,23)     =        -0.008831          -0.505959
	 D(24,11,12,25)   =        -0.002042          -0.116974
	 D(25,12,13,26)   =        -0.008864          -0.507865
	 D(26,13,14,27)   =        -0.003772          -0.216092
	 D(27,14,15,28)   =         0.013126           0.752078


	        --- Internal Coordinate Step in ANG or DEG, aJ/ANG or AJ/DEG ---
	-------------------------------------------------------------------------------
	           Coordinate      Previous         Force          Change          New 
	           ----------      --------        ------          ------        ------
	               R(1,2)       1.51323       -0.00018       -0.00156       1.51167
	              R(1,16)       1.11084        0.00135        0.00042       1.11126
	              R(1,17)       1.10437        0.00774        0.00057       1.10494
	              R(1,18)       1.10683       -0.00358       -0.00113       1.10570
	               R(2,3)       1.29302       -0.00824       -0.00003       1.29299
	              R(2,10)       1.49292       -0.00695       -0.00097       1.49195
	               R(3,4)       1.39661       -0.00062       -0.00303       1.39358
	               R(4,5)       1.41423        0.00923        0.00074       1.41496
	               R(4,9)       1.41410        0.00834        0.00097       1.41507
	               R(5,6)       1.39939        0.01396        0.00040       1.39978
	              R(5,19)       1.09984        0.00248       -0.00023       1.09961
	               R(6,7)       1.40321        0.00868        0.00033       1.40354
	              R(6,20)       1.10112        0.00055       -0.00027       1.10085
	               R(7,8)       1.40345        0.01006        0.00045       1.40390
	              R(7,21)       1.09927        0.00383       -0.00026       1.09901
	               R(8,9)       1.39933        0.01273        0.00019       1.39952
	              R(8,22)       1.10108        0.00062       -0.00023       1.10085
	              R(9,23)       1.09953        0.00223       -0.00036       1.09917
	             R(10,11)       1.41229       -0.00181       -0.00026       1.41203
	             R(10,15)       1.41404        0.00348        0.00122       1.41526
	             R(11,12)       1.40126        0.01182        0.00048       1.40174
	             R(11,24)       1.09909        0.00330       -0.00036       1.09873
	             R(12,13)       1.40153        0.00882        0.00003       1.40156
	             R(12,25)       1.10025        0.00171       -0.00030       1.09996
	             R(13,14)       1.40569        0.00864        0.00073       1.40642
	             R(13,26)       1.10022        0.00277       -0.00023       1.09999
	             R(14,15)       1.39553        0.01419       -0.00044       1.39508
	             R(14,27)       1.10054        0.00169       -0.00022       1.10033
	             R(15,28)       1.09951        0.00245        0.00009       1.09960
	             B(1,2,3)     122.90298        0.00018        0.19134     123.09432
	            B(1,2,10)     119.47223       -0.00018       -0.28206     119.19016
	            B(2,1,16)     110.54066       -0.00001        0.00634     110.54700
	            B(2,1,17)     112.76356       -0.00012       -0.44722     112.31634
	            B(2,1,18)     109.94376        0.00007        0.54448     110.48825
	             B(2,3,4)     123.39392        0.00003        0.68119     124.07511
	           B(2,10,11)     122.24622       -0.00011       -0.07534     122.17088
	           B(2,10,15)     119.40780        0.00003        0.08494     119.49274
	            B(3,2,10)     117.58586        0.00001        0.11992     117.70578
	             B(3,4,5)     120.88714        0.00002        0.04594     120.93309
	             B(3,4,9)     120.18927       -0.00002        0.01172     120.20099
	             B(4,5,6)     120.32232        0.00001        0.02533     120.34765
	            B(4,5,19)     118.73421        0.00002       -0.02533     118.70888
	             B(4,9,8)     120.25032        0.00001        0.04112     120.29144
	            B(4,9,23)     118.64124        0.00001       -0.06109     118.58015
	             B(5,4,9)     118.81287       -0.00000       -0.06377     118.74910
	             B(5,6,7)     120.71343       -0.00002        0.00334     120.71678
	            B(5,6,20)     119.25468        0.00002       -0.01140     119.24328
	            B(6,5,19)     120.93992       -0.00003        0.00058     120.94049
	             B(6,7,8)     119.11272        0.00002        0.00469     119.11741
	            B(6,7,21)     120.44626       -0.00001        0.00129     120.44755
	            B(7,6,20)     120.03185        0.00000        0.00788     120.03972
	             B(7,8,9)     120.78349       -0.00002       -0.01109     120.77241
	            B(7,8,22)     120.01429        0.00000       -0.00136     120.01293
	            B(8,7,21)     120.44063       -0.00001       -0.00627     120.43435
	            B(8,9,23)     121.10843       -0.00003        0.01994     121.12837
	            B(9,8,22)     119.20178        0.00002        0.01266     119.21445
	          B(10,11,12)     120.81859       -0.00003       -0.01022     120.80837
	          B(10,11,24)     119.97278        0.00004        0.09555     120.06834
	          B(10,15,14)     120.83796       -0.00004        0.00828     120.84623
	          B(10,15,28)     117.21039        0.00007       -0.17003     117.04036
	          B(11,10,15)     118.33489        0.00008       -0.00334     118.33156
	          B(11,12,13)     120.12820        0.00000        0.01763     120.14583
	          B(11,12,25)     119.71809       -0.00000       -0.03531     119.68278
	          B(12,11,24)     119.20540       -0.00001       -0.08282     119.12258
	          B(12,13,14)     119.64028        0.00000       -0.00129     119.63900
	          B(12,13,26)     120.13657        0.00000        0.02463     120.16120
	          B(13,12,25)     120.15348       -0.00000        0.01782     120.17130
	          B(13,14,15)     120.23795       -0.00002       -0.00981     120.22815
	          B(13,14,27)     119.95587        0.00001       -0.03027     119.92561
	          B(14,13,26)     120.22314       -0.00000       -0.02345     120.19969
	          B(14,15,28)     121.95146       -0.00003        0.16194     122.11340
	          B(15,14,27)     119.80599        0.00001        0.04024     119.84624
	           B(16,1,17)     107.55409       -0.00000       -0.62317     106.93092
	           B(16,1,18)     106.23272        0.00008        0.59203     106.82475
	           B(17,1,18)     109.57281       -0.00002       -0.04609     109.52672
	           D(1,2,3,4)      -2.47699        0.00004        2.08949      -0.38750
	         D(1,2,10,11)       6.97501       -0.00005       -4.85588       2.11913
	         D(1,2,10,15)    -174.25708       -0.00003       -4.43652    -178.69359
	           D(2,3,4,5)     -81.18769        0.00005        4.35947     -76.82822
	           D(2,3,4,9)     102.68320        0.00005        4.46721     107.15041
	        D(2,10,11,12)     178.76324        0.00002        0.60785     179.37109
	        D(2,10,11,24)      -0.57830        0.00001        0.25884      -0.31947
	        D(2,10,15,14)    -179.19613       -0.00001       -0.35964    -179.55577
	        D(2,10,15,28)       0.64654       -0.00001       -0.18418       0.46236
	          D(3,2,1,16)      98.69165        0.00005        9.36193     108.05358
	          D(3,2,1,17)    -140.87633       -0.00004        8.27262    -132.60371
	          D(3,2,1,18)     -18.27837       -0.00009        8.29541      -9.98296
	         D(3,2,10,11)    -175.22824        0.00005       -1.55254    -176.78078
	         D(3,2,10,15)       3.53967        0.00007       -1.13318       2.40649
	           D(3,4,5,6)    -176.44553       -0.00000        0.13506    -176.31047
	          D(3,4,5,19)       2.87564       -0.00000        0.19206       3.06770
	           D(3,4,9,8)     176.96948        0.00000       -0.09252     176.87696
	          D(3,4,9,23)      -3.06931        0.00000       -0.13145      -3.20076
	          D(4,3,2,10)     179.80766       -0.00006       -1.34152     178.46614
	           D(4,5,6,7)      -0.21736       -0.00000       -0.07999      -0.29735
	          D(4,5,6,20)    -180.14397        0.00000        0.01908    -180.12489
	           D(4,9,8,7)      -0.78631       -0.00000       -0.00130      -0.78761
	          D(4,9,8,22)     179.45428       -0.00000       -0.07318     179.38110
	           D(5,4,9,8)       0.76065        0.00000        0.00874       0.76939
	          D(5,4,9,23)    -179.27814        0.00000       -0.03019    -179.30833
	           D(5,6,7,8)       0.20442        0.00000        0.08687       0.29129
	          D(5,6,7,21)     179.97694        0.00000        0.01323     179.99018
	           D(6,5,4,9)      -0.26408       -0.00000        0.03165      -0.23243
	           D(6,7,8,9)       0.29801       -0.00000       -0.04639       0.25162
	          D(6,7,8,22)     180.05547       -0.00000        0.02610     180.08157
	          D(7,6,5,19)    -179.52337       -0.00000       -0.13811    -179.66148
	          D(7,8,9,23)     179.25345       -0.00000        0.03867     179.29213
	          D(8,7,6,20)    -179.86953        0.00000       -0.01301    -179.88254
	          D(9,4,5,19)     179.05709       -0.00000        0.08866     179.14574
	          D(9,8,7,21)    -179.47453       -0.00000        0.02722    -179.44731
	         D(10,2,1,16)     -83.63429        0.00015       12.85043     -70.78386
	         D(10,2,1,17)      36.79773        0.00007       11.76112      48.55885
	         D(10,2,1,18)     159.39569        0.00001       11.78391     171.17960
	       D(10,11,12,13)       0.36181       -0.00001       -0.28357       0.07825
	       D(10,11,12,25)    -179.46350       -0.00001       -0.34741    -179.81091
	       D(10,15,14,13)       0.43347       -0.00000       -0.18669       0.24679
	       D(10,15,14,27)    -179.41282       -0.00001       -0.30858    -179.72141
	       D(11,10,15,14)      -0.38002       -0.00000        0.04270      -0.33733
	       D(11,10,15,28)     179.46265        0.00000        0.21815     179.68080
	       D(11,12,13,14)      -0.31129        0.00000        0.13705      -0.17424
	       D(11,12,13,26)    -180.33242        0.00000        0.27823    -180.05419
	       D(12,11,10,15)      -0.01733        0.00001        0.19210       0.17477
	       D(12,13,14,15)      -0.08330        0.00000        0.09620       0.01291
	       D(12,13,14,27)    -180.23723        0.00001        0.21831    -180.01893
	       D(13,12,11,24)     179.70835        0.00000        0.06335     179.77169
	       D(13,14,15,28)    -179.40163       -0.00001       -0.37065    -179.77228
	       D(14,13,12,25)     179.51326        0.00001        0.20111     179.71437
	       D(15,10,11,24)    -179.35887       -0.00000       -0.15692    -179.51579
	       D(15,14,13,26)     179.93784       -0.00000       -0.04503     179.89281
	         D(19,5,6,20)       0.55002        0.00000       -0.03903       0.51098
	         D(20,6,7,21)      -0.09701       -0.00000       -0.08664      -0.18365
	         D(21,7,8,22)       0.28294       -0.00000        0.09971       0.38265
	         D(22,8,9,23)      -0.50596       -0.00000       -0.03321      -0.53917
	       D(24,11,12,25)      -0.11697       -0.00000       -0.00049      -0.11746
	       D(25,12,13,26)      -0.50786        0.00001        0.34228      -0.16558
	       D(26,13,14,27)      -0.21609        0.00000        0.07707      -0.13902
	       D(27,14,15,28)       0.75208       -0.00001       -0.49255       0.25953
	-------------------------------------------------------------------------------

	                                 ==> Convergence Check <==                                  
    
	Measures of convergence in internal coordinates in au.
    
	Criteria marked as inactive (o), active & met (*), and active & unmet ( ).

	----------------------------------------------------------------------------------------------
	   Step    Total Energy     Delta E     Max Force     RMS Force      Max Disp      RMS Disp   
	----------------------------------------------------------------------------------------------
	  Convergence Criteria              o    1.50e-05 *    1.00e-05 *    6.00e-05 *    4.00e-05 *
	----------------------------------------------------------------------------------------------
	     4    -594.90818751   -4.91e-04 o    2.36e-03      6.28e-04      2.24e-01      4.12e-02    ~
	----------------------------------------------------------------------------------------------

Next Geometry in Ang 
	Fragment 1 (Ang)

	    C  -0.1311034826  -0.4762265520  -1.7446090974
	    C  -0.4491066208  -0.0557838086  -0.3278300740
	    N   0.4613611913   0.2099073899   0.5509689890
	    C   1.8307707359   0.1342471991   0.3038802257
	    C   2.4935498491  -1.1150292982   0.2574456702
	    C   3.8814552885  -1.1733284653   0.0850846765
	    C   4.6370274000   0.0016800312  -0.0505051069
	    C   3.9833373137   1.2432750305  -0.0050492696
	    C   2.5977856118   1.3167295979   0.1780238956
	    C  -1.8751254917   0.0379204295   0.1006610483
	    C  -2.9426303394  -0.2957703187  -0.7612566607
	    C  -4.2718068642  -0.2096490508  -0.3245162083
	    C  -4.5578032845   0.2130469670   0.9808169277
	    C  -3.5040228059   0.5465381398   1.8504992830
	    C  -2.1809174680   0.4577039767   1.4171888636
	    H  -0.3601208571  -1.5535306080  -1.8924609693
	    H  -0.7224774128   0.0838774923  -2.4912311198
	    H   0.9467862674  -0.3464914102  -1.9541042902
	    H   1.8987151678  -2.0330353410   0.3695666262
	    H   4.3787062477  -2.1549715363   0.0536614158
	    H   5.7265268139  -0.0492427444  -0.1854653843
	    H   4.5613859267   2.1741206132  -0.1111663984
	    H   2.0815596309   2.2859437589   0.2260381310
	    H  -2.7374888628  -0.6327486331  -1.7867167917
	    H  -5.0889751549  -0.4771204856  -1.0105188178
	    H  -5.6008005395   0.2815744170   1.3235229410
	    H  -3.7231770331   0.8792377138   2.8761701953
	    H  -1.3334112275   0.7071254953   2.0719012997


    Structure for next step:
    Molecular point group: c1
    Full point group: C1

    Geometry (in Angstrom), charge = 0, multiplicity = 1:

    C           -0.131103482619    -0.476226552027    -1.744609097396
    C           -0.449106620761    -0.055783808579    -0.327830074008
    N            0.461361191337     0.209907389881     0.550968989009
    C            1.830770735856     0.134247199052     0.303880225711
    C            2.493549849099    -1.115029298159     0.257445670211
    C            3.881455288528    -1.173328465308     0.085084676459
    C            4.637027400038     0.001680031180    -0.050505106888
    C            3.983337313744     1.243275030537    -0.005049269594
    C            2.597785611784     1.316729597914     0.178023895607
    C           -1.875125491702     0.037920429546     0.100661048293
    C           -2.942630339413    -0.295770318653    -0.761256660658
    C           -4.271806864240    -0.209649050764    -0.324516208346
    C           -4.557803284471     0.213046967005     0.980816927699
    C           -3.504022805903     0.546538139800     1.850499282975
    C           -2.180917467982     0.457703976738     1.417188863649
    H           -0.360120857053    -1.553530608044    -1.892460969333
    H           -0.722477412828     0.083877492285    -2.491231119801
    H            0.946786267383    -0.346491410158    -1.954104290236
    H            1.898715167791    -2.033035340953     0.369566626236
    H            4.378706247663    -2.154971536339     0.053661415800
    H            5.726526813890    -0.049242744405    -0.185465384335
    H            4.561385926725     2.174120613169    -0.111166398412
    H            2.081559630885     2.285943758872     0.226038131000
    H           -2.737488862818    -0.632748633123    -1.786716791747
    H           -5.088975154887    -0.477120485625    -1.010518817817
    H           -5.600800539458     0.281574416952     1.323522941034
    H           -3.723177033078     0.879237713753     2.876170195288
    H           -1.333411227511     0.707125495252     2.071901299701


Scratch directory: C:\Users\HUIWEI\Documents\Codex\2026-09-10\25-ee-phase5-phase24-1-hantzsch-3\work\qm_scratch\pbe_E_opt_01/
gradient() will perform analytic gradient computation.
   => Libint2 <=

    Primary   basis highest AM E, G, H:  7, 6, -
    Auxiliary basis highest AM E, G, H:  7, 7, -
    Onebody   basis highest AM E, G, H:  -, -, -
    Solid Harmonics ordering:            Gaussian

*** tstart() called on LAPTOP-257FNSVV
*** at Thu Sep 10 22:57:39 2026

   => Loading Basis Set <=

    Name: DEF2-SVP
    Role: ORBITAL
    Keyword: BASIS
    atoms 1-2, 4-15 entry C          line    90 file C:\Users\HUIWEI\miniconda3\envs\phase7\Library\share\psi4\basis\def2-svp.gbs 
    atoms 3         entry N          line   110 file C:\Users\HUIWEI\miniconda3\envs\phase7\Library\share\psi4\basis\def2-svp.gbs 
    atoms 16-28     entry H          line    15 file C:\Users\HUIWEI\miniconda3\envs\phase7\Library\share\psi4\basis\def2-svp.gbs 

   => PBE-D3(BJ): Empirical Dispersion <=

    Grimme's -D3 (BJ-damping) Dispersion Correction
    Grimme S.; Ehrlich S.; Goerigk L. (2011), J. Comput. Chem., 32: 1456

        s6 =       1.000000
        s8 =       0.787500
        a1 =       0.428900
        a2 =       4.440700


         ---------------------------------------------------------
                                   SCF
               by Justin Turney, Rob Parrish, Andy Simmonett
                          and Daniel G. A. Smith
                              RKS Reference
                        2 Threads,    476 MiB Core
         ---------------------------------------------------------

  ==> Geometry <==

    Molecular point group: c1
    Full point group: C1

    Geometry (in Angstrom), charge = 0, multiplicity = 1:

       Center              X                  Y                   Z               Mass       
    ------------   -----------------  -----------------  -----------------  -----------------
         C           -0.131103482619    -0.476226552027    -1.744609097396    12.000000000000
         C           -0.449106620761    -0.055783808579    -0.327830074008    12.000000000000
         N            0.461361191337     0.209907389881     0.550968989009    14.003074004430
         C            1.830770735856     0.134247199052     0.303880225711    12.000000000000
         C            2.493549849099    -1.115029298159     0.257445670211    12.000000000000
         C            3.881455288528    -1.173328465308     0.085084676459    12.000000000000
         C            4.637027400038     0.001680031180    -0.050505106888    12.000000000000
         C            3.983337313744     1.243275030537    -0.005049269594    12.000000000000
         C            2.597785611784     1.316729597914     0.178023895607    12.000000000000
         C           -1.875125491702     0.037920429546     0.100661048293    12.000000000000
         C           -2.942630339413    -0.295770318653    -0.761256660658    12.000000000000
         C           -4.271806864240    -0.209649050764    -0.324516208346    12.000000000000
         C           -4.557803284471     0.213046967005     0.980816927699    12.000000000000
         C           -3.504022805903     0.546538139800     1.850499282975    12.000000000000
         C           -2.180917467982     0.457703976738     1.417188863649    12.000000000000
         H           -0.360120857053    -1.553530608044    -1.892460969333     1.007825032230
         H           -0.722477412828     0.083877492285    -2.491231119801     1.007825032230
         H            0.946786267383    -0.346491410158    -1.954104290236     1.007825032230
         H            1.898715167791    -2.033035340953     0.369566626236     1.007825032230
         H            4.378706247663    -2.154971536339     0.053661415800     1.007825032230
         H            5.726526813890    -0.049242744405    -0.185465384335     1.007825032230
         H            4.561385926725     2.174120613169    -0.111166398412     1.007825032230
         H            2.081559630885     2.285943758872     0.226038131000     1.007825032230
         H           -2.737488862818    -0.632748633123    -1.786716791747     1.007825032230
         H           -5.088975154887    -0.477120485625    -1.010518817817     1.007825032230
         H           -5.600800539458     0.281574416952     1.323522941034     1.007825032230
         H           -3.723177033078     0.879237713753     2.876170195288     1.007825032230
         H           -1.333411227511     0.707125495252     2.071901299701     1.007825032230

  Running in c1 symmetry.

  Rotational constants: A =      0.06459  B =      0.00887  C =      0.00842 [cm^-1]
  Rotational constants: A =   1936.28234  B =    265.96228  C =    252.44164 [MHz]
  Nuclear repulsion =  857.871230383903708

  Charge       = 0
  Multiplicity = 1
  Electrons    = 104
  Nalpha       = 52
  Nbeta        = 52

  ==> Algorithm <==

  SCF Algorithm Type is DF.
  DIIS enabled.
  MOM disabled.
  Fractional occupation disabled.
  Guess Type is READ.
  Energy threshold   = 1.00e-09
  Density threshold  = 1.00e-08
  Integral threshold = 1.00e-12

  ==> Primary Basis <==

  Basis Set: DEF2-SVP
    Blend: DEF2-SVP
    Number of shells: 129
    Number of basis functions: 275
    Number of Cartesian functions: 290
    Spherical Harmonics?: true
    Max angular momentum: 2

  ==> DFT Potential <==

   => LibXC <=

    Version 7.1.2
    S. Lehtola, C. Steigemann, M. J. T. Oliveira, and M. A. L. Marques,  SoftwareX 7, 1–5 (2018) (10.1016/j.softx.2017.11.002)

   => Composite Functional: PBE-D3BJ2B <= 

    PBE GGA Exchange-Correlation Functional

    J.P. Perdew et. al., Phys. Rev. Lett., 77(18), 3865-3868, 1996


    Deriv               =              1
    GGA                 =           TRUE
    Meta                =          FALSE

    Exchange Hybrid     =          FALSE
    MP2 Hybrid          =          FALSE

   => Exchange Functionals <=

    1.0000     XC_GGA_X_PBE

   => Correlation Functionals <=

    1.0000     XC_GGA_C_PBE

   => LibXC Density Thresholds  <==

    XC_GGA_C_PBE:  1.00E-12 
    XC_GGA_X_PBE:  1.00E-15 

   => Molecular Quadrature <=

    Radial Scheme          =       TREUTLER
    Pruning Scheme         =           NONE
    Nuclear Scheme         =       TREUTLER

    Blocking Scheme        =         OCTREE
    BS radius alpha        =              1
    Pruning alpha          =              1
    Radial Points          =             75
    Spherical Points       =            302
    Total Points           =         581417
    Total Blocks           =           4274
    Max Points             =            256
    Max Functions          =            218
    Weights Tolerance      =       1.00E-15

   => Loading Basis Set <=

    Name: (DEF2-SVP AUX)
    Role: JKFIT
    Keyword: DF_BASIS_SCF
    atoms 1-2, 4-15 entry C          line   198 file C:\Users\HUIWEI\miniconda3\envs\phase7\Library\share\psi4\basis\def2-universal-jkfit.gbs 
    atoms 3         entry N          line   258 file C:\Users\HUIWEI\miniconda3\envs\phase7\Library\share\psi4\basis\def2-universal-jkfit.gbs 
    atoms 16-28     entry H          line    18 file C:\Users\HUIWEI\miniconda3\envs\phase7\Library\share\psi4\basis\def2-universal-jkfit.gbs 

   => Loading Basis Set <=

    Name: DEF2-SVP
    Role: ORBITAL
    Keyword: BASIS
    atoms 1-2, 4-15 entry C          line    90 file C:\Users\HUIWEI\miniconda3\envs\phase7\Library\share\psi4\basis\def2-svp.gbs 
    atoms 3         entry N          line   110 file C:\Users\HUIWEI\miniconda3\envs\phase7\Library\share\psi4\basis\def2-svp.gbs 
    atoms 16-28     entry H          line    15 file C:\Users\HUIWEI\miniconda3\envs\phase7\Library\share\psi4\basis\def2-svp.gbs 

  Reading orbitals from file C:\Users\HUIWEI\Documents\Codex\2026-09-10\25-ee-phase5-phase24-1-hantzsch-3\work\qm_scratch\pbe_E_opt_01/psi4.default.35548.180.npy, no projection.

  ==> Integral Setup <==

  ==> DiskDFJK: Density-Fitted J/K Matrices <==

    J tasked:                  Yes
    K tasked:                   No
    wK tasked:                  No
    OpenMP threads:              2
    Integrals threads:           2
    Memory [MiB]:              344
    Algorithm:                Disk
    Integral Cache:           NONE
    Schwarz Cutoff:          1E-12
    Fitting Condition:       1E-10

   => Auxiliary Basis Set <=

  Basis Set: (DEF2-SVP AUX)
    Blend: DEF2-UNIVERSAL-JKFIT
    Number of shells: 453
    Number of basis functions: 1361
    Number of Cartesian functions: 1599
    Spherical Harmonics?: true
    Max angular momentum: 4

  Cached 0.5% of DFT collocation blocks in 0.010 [GiB].

  Minimum eigenvalue in the overlap matrix is 2.9391714525E-04.
  Reciprocal condition number of the overlap matrix is 4.5672322248E-05.
    Using symmetric orthogonalization.

  ==> Pre-Iterations <==

  SCF Guess: Orbitals guess was supplied from a previous computation.

   -------------------------------------------------------
    Irrep   Nso     Nmo     Nalpha   Nbeta   Ndocc  Nsocc
   -------------------------------------------------------
     A        275     275      52      52      52       0
   -------------------------------------------------------
    Total     275     275      52      52      52       0
   -------------------------------------------------------

  ==> Iterations <==

                           Total Energy        Delta E     RMS |[F,P]|

   @DF-RKS iter   0:  -594.89007190377970   -5.94890e+02   5.33646e-04 
   @DF-RKS iter   1:  -594.90823487809143   -1.81630e-02   9.81558e-05 DIIS
   @DF-RKS iter   2:  -594.90699698172511    1.23790e-03   1.97848e-04 ADIIS/DIIS
   @DF-RKS iter   3:  -594.90861009459343   -1.61311e-03   4.93297e-05 DIIS
   @DF-RKS iter   4:  -594.90870022860975   -9.01340e-05   1.21926e-05 DIIS
   @DF-RKS iter   5:  -594.90870426384743   -4.03524e-06   6.88314e-06 DIIS
   @DF-RKS iter   6:  -594.90870632036467   -2.05652e-06   1.44245e-06 DIIS
   @DF-RKS iter   7:  -594.90870639179514   -7.14305e-08   7.18702e-07 DIIS
   @DF-RKS iter   8:  -594.90870641187996   -2.00848e-08   1.72444e-07 DIIS
   @DF-RKS iter   9:  -594.90870641304684   -1.16688e-09   6.23370e-08 DIIS
   @DF-RKS iter  10:  -594.90870641319145   -1.44610e-10   2.03440e-08 DIIS
   @DF-RKS iter  11:  -594.90870641320805   -1.65983e-11   6.52902e-09 DIIS
  Energy and wave function converged.


  ==> Post-Iterations <==

   Electrons on quadrature grid:
      Ntotal   =  104.0000063412 ; deviation = 6.341e-06 

    Orbital Energies [Eh]
    ---------------------

    Doubly Occupied:                                                      

       1A    -13.992434     2A     -9.957310     3A     -9.929966  
       4A     -9.912666     5A     -9.911116     6A     -9.910015  
       7A     -9.908868     8A     -9.906805     9A     -9.906189  
      10A     -9.903277    11A     -9.898719    12A     -9.898418  
      13A     -9.896356    14A     -9.895086    15A     -9.893129  
      16A     -0.850225    17A     -0.776518    18A     -0.756317  
      19A     -0.699403    20A     -0.672252    21A     -0.661513  
      22A     -0.656128    23A     -0.642651    24A     -0.573886  
      25A     -0.542636    26A     -0.536407    27A     -0.530315  
      28A     -0.492152    29A     -0.469283    30A     -0.442252  
      31A     -0.425615    32A     -0.410720    33A     -0.406651  
      34A     -0.396495    35A     -0.389347    36A     -0.383552  
      37A     -0.378372    38A     -0.374617    39A     -0.365887  
      40A     -0.345352    41A     -0.336326    42A     -0.325966  
      43A     -0.314811    44A     -0.308341    45A     -0.303974  
      46A     -0.300719    47A     -0.278695    48A     -0.254250  
      49A     -0.235044    50A     -0.224438    51A     -0.222730  
      52A     -0.186479  

    Virtual:                                                              

      53A     -0.085070    54A     -0.043827    55A     -0.035178  
      56A     -0.026639    57A     -0.000649    58A      0.033998  
      59A      0.042386    60A      0.054818    61A      0.077837  
      62A      0.080786    63A      0.094981    64A      0.099578  
      65A      0.103425    66A      0.106140    67A      0.109534  
      68A      0.116888    69A      0.125754    70A      0.129889  
      71A      0.137062    72A      0.138878    73A      0.170031  
      74A      0.204703    75A      0.221897    76A      0.235254  
      77A      0.248719    78A      0.250081    79A      0.255889  
      80A      0.266398    81A      0.275602    82A      0.285216  
      83A      0.289968    84A      0.313026    85A      0.323534  
      86A      0.351228    87A      0.358459    88A      0.360622  
      89A      0.376725    90A      0.379578    91A      0.392702  
      92A      0.393650    93A      0.402349    94A      0.412243  
      95A      0.422876    96A      0.430173    97A      0.434227  
      98A      0.443094    99A      0.450825   100A      0.452489  
     101A      0.457923   102A      0.462544   103A      0.468228  
     104A      0.486900   105A      0.497946   106A      0.509640  
     107A      0.514167   108A      0.525163   109A      0.539220  
     110A      0.547140   111A      0.553771   112A      0.557195  
     113A      0.571707   114A      0.575739   115A      0.586461  
     116A      0.589288   117A      0.597673   118A      0.600887  
     119A      0.608803   120A      0.614108   121A      0.622062  
     122A      0.623304   123A      0.626591   124A      0.642194  
     125A      0.645677   126A      0.658831   127A      0.664042  
     128A      0.669050   129A      0.673122   130A      0.680180  
     131A      0.683292   132A      0.688349   133A      0.700770  
     134A      0.708668   135A      0.710739   136A      0.726515  
     137A      0.748416   138A      0.754134   139A      0.756708  
     140A      0.782880   141A      0.796707   142A      0.804672  
     143A      0.831874   144A      0.872169   145A      0.886094  
     146A      0.920798   147A      0.932636   148A      0.997008  
     149A      1.007117   150A      1.022131   151A      1.034765  
     152A      1.067581   153A      1.099977   154A      1.103413  
     155A      1.121940   156A      1.144014   157A      1.157289  
     158A      1.179407   159A      1.180751   160A      1.186059  
     161A      1.188205   162A      1.205656   163A      1.216395  
     164A      1.225374   165A      1.228386   166A      1.232773  
     167A      1.239645   168A      1.244624   169A      1.264822  
     170A      1.294527   171A      1.320285   172A      1.444108  
     173A      1.452455   174A      1.479108   175A      1.492273  
     176A      1.526760   177A      1.533327   178A      1.587462  
     179A      1.588737   180A      1.593732   181A      1.600179  
     182A      1.604462   183A      1.639623   184A      1.644468  
     185A      1.653149   186A      1.668682   187A      1.671777  
     188A      1.673965   189A      1.677721   190A      1.680399  
     191A      1.684367   192A      1.689494   193A      1.692262  
     194A      1.702719   195A      1.713840   196A      1.724659  
     197A      1.738880   198A      1.749858   199A      1.760725  
     200A      1.775738   201A      1.796087   202A      1.805613  
     203A      1.821933   204A      1.836142   205A      1.855729  
     206A      1.871854   207A      1.874590   208A      1.879206  
     209A      1.899835   210A      1.900987   211A      1.906075  
     212A      1.909693   213A      1.911217   214A      1.945334  
     215A      1.997518   216A      2.009830   217A      2.018557  
     218A      2.040714   219A      2.050578   220A      2.064422  
     221A      2.068816   222A      2.076736   223A      2.084282  
     224A      2.118113   225A      2.136090   226A      2.146272  
     227A      2.173105   228A      2.177949   229A      2.199631  
     230A      2.215998   231A      2.219369   232A      2.231625  
     233A      2.236211   234A      2.257535   235A      2.263786  
     236A      2.269938   237A      2.287234   238A      2.322769  
     239A      2.346526   240A      2.359330   241A      2.375722  
     242A      2.413653   243A      2.461321   244A      2.476448  
     245A      2.509659   246A      2.519767   247A      2.525929  
     248A      2.538339   249A      2.542743   250A      2.548366  
     251A      2.625746   252A      2.631101   253A      2.634025  
     254A      2.636135   255A      2.646472   256A      2.653332  
     257A      2.683344   258A      2.722501   259A      2.768205  
     260A      2.781134   261A      2.788903   262A      2.797742  
     263A      2.839353   264A      2.858755   265A      2.897043  
     266A      2.915250   267A      2.965660   268A      3.009937  
     269A      3.030966   270A      3.072307   271A      3.142621  
     272A      3.208326   273A      3.273207   274A      3.511457  
     275A      3.542770  

    Final Occupation by Irrep:
              A 
    DOCC [    52 ]
    NA   [    52 ]
    NB   [    52 ]

  @DF-RKS Final Energy:  -594.90870641320805

   => Energetics <=

    Nuclear Repulsion Energy =            857.8712303839037077
    One-Electron Energy =               -2505.0890076695363859
    Two-Electron Energy =                1139.0537930421326109
    DFT Exchange-Correlation Energy =     -86.7108771922799377
    Empirical Dispersion Energy =          -0.0338449774281580
    VV10 Nonlocal Energy =                  0.0000000000000000
    Total Energy =                       -594.9087064132080513

Computation Completed


Properties will be evaluated at   0.000000,   0.000000,   0.000000 [a0]

Properties computed using the SCF density matrix


 Multipole Moments:

 ------------------------------------------------------------------------------------
     Multipole            Electronic (a.u.)      Nuclear  (a.u.)        Total (a.u.)
 ------------------------------------------------------------------------------------

 L = 1.  Multiply by 2.5417464519 to convert [e a0] to [Debye]
 Dipole X            :         -1.1247045            0.6145698           -0.5101347
 Dipole Y            :         -8.4751718            8.2887427           -0.1864291
 Dipole Z            :        -25.3204458           24.7648322           -0.5556137
 Magnitude           :                                                    0.7769812

 ------------------------------------------------------------------------------------

*** tstop() called on LAPTOP-257FNSVV at Thu Sep 10 22:58:45 2026
Module time:
	user time   =        nan seconds =        nan minutes
	system time =        nan seconds =        nan minutes
	total time  =         66 seconds =       1.10 minutes
Total time:
	user time   =        nan seconds =        nan minutes
	system time =        nan seconds =        nan minutes
	total time  =        378 seconds =       6.30 minutes

*** tstart() called on LAPTOP-257FNSVV
*** at Thu Sep 10 22:58:45 2026


         ------------------------------------------------------------
                                   SCF GRAD                          
                          Rob Parrish, Justin Turney,                
                       Andy Simmonett, and Alex Sokolov              
         ------------------------------------------------------------

  ==> Geometry <==

    Molecular point group: c1
    Full point group: C1

    Geometry (in Angstrom), charge = 0, multiplicity = 1:

       Center              X                  Y                   Z               Mass       
    ------------   -----------------  -----------------  -----------------  -----------------
         C           -0.131103482619    -0.476226552027    -1.744609097396    12.000000000000
         C           -0.449106620761    -0.055783808579    -0.327830074008    12.000000000000
         N            0.461361191337     0.209907389881     0.550968989009    14.003074004430
         C            1.830770735856     0.134247199052     0.303880225711    12.000000000000
         C            2.493549849099    -1.115029298159     0.257445670211    12.000000000000
         C            3.881455288528    -1.173328465308     0.085084676459    12.000000000000
         C            4.637027400038     0.001680031180    -0.050505106888    12.000000000000
         C            3.983337313744     1.243275030537    -0.005049269594    12.000000000000
         C            2.597785611784     1.316729597914     0.178023895607    12.000000000000
         C           -1.875125491702     0.037920429546     0.100661048293    12.000000000000
         C           -2.942630339413    -0.295770318653    -0.761256660658    12.000000000000
         C           -4.271806864240    -0.209649050764    -0.324516208346    12.000000000000
         C           -4.557803284471     0.213046967005     0.980816927699    12.000000000000
         C           -3.504022805903     0.546538139800     1.850499282975    12.000000000000
         C           -2.180917467982     0.457703976738     1.417188863649    12.000000000000
         H           -0.360120857053    -1.553530608044    -1.892460969333     1.007825032230
         H           -0.722477412828     0.083877492285    -2.491231119801     1.007825032230
         H            0.946786267383    -0.346491410158    -1.954104290236     1.007825032230
         H            1.898715167791    -2.033035340953     0.369566626236     1.007825032230
         H            4.378706247663    -2.154971536339     0.053661415800     1.007825032230
         H            5.726526813890    -0.049242744405    -0.185465384335     1.007825032230
         H            4.561385926725     2.174120613169    -0.111166398412     1.007825032230
         H            2.081559630885     2.285943758872     0.226038131000     1.007825032230
         H           -2.737488862818    -0.632748633123    -1.786716791747     1.007825032230
         H           -5.088975154887    -0.477120485625    -1.010518817817     1.007825032230
         H           -5.600800539458     0.281574416952     1.323522941034     1.007825032230
         H           -3.723177033078     0.879237713753     2.876170195288     1.007825032230
         H           -1.333411227511     0.707125495252     2.071901299701     1.007825032230

  Nuclear repulsion =  857.871230383903708

  ==> Basis Set <==

  Basis Set: DEF2-SVP
    Blend: DEF2-SVP
    Number of shells: 129
    Number of basis functions: 275
    Number of Cartesian functions: 290
    Spherical Harmonics?: true
    Max angular momentum: 2

  ==> DFJKGrad: Density-Fitted SCF Gradients <==

    Gradient:                    1
    J tasked:                  Yes
    K tasked:                   No
    wK tasked:                  No
    OpenMP threads:              2
    Integrals threads:           2
    Memory [MiB]:              357
    Schwarz Cutoff:          1E-12
    Fitting Condition:       1E-10

   => Auxiliary Basis Set <=

  Basis Set: (DEF2-SVP AUX)
    Blend: DEF2-UNIVERSAL-JKFIT
    Number of shells: 453
    Number of basis functions: 1361
    Number of Cartesian functions: 1599
    Spherical Harmonics?: true
    Max angular momentum: 4

  ==> DFT Potential <==

   => LibXC <=

    Version 7.1.2
    S. Lehtola, C. Steigemann, M. J. T. Oliveira, and M. A. L. Marques,  SoftwareX 7, 1–5 (2018) (10.1016/j.softx.2017.11.002)

   => Composite Functional: PBE-D3BJ2B <= 

    PBE GGA Exchange-Correlation Functional

    J.P. Perdew et. al., Phys. Rev. Lett., 77(18), 3865-3868, 1996


    Deriv               =              1
    GGA                 =           TRUE
    Meta                =          FALSE

    Exchange Hybrid     =          FALSE
    MP2 Hybrid          =          FALSE

   => Exchange Functionals <=

    1.0000     XC_GGA_X_PBE

   => Correlation Functionals <=

    1.0000     XC_GGA_C_PBE

   => LibXC Density Thresholds  <==

    XC_GGA_C_PBE:  1.00E-12 
    XC_GGA_X_PBE:  1.00E-15 

   => Molecular Quadrature <=

    Radial Scheme          =       TREUTLER
    Pruning Scheme         =           NONE
    Nuclear Scheme         =       TREUTLER

    Blocking Scheme        =         OCTREE
    BS radius alpha        =              1
    Pruning alpha          =              1
    Radial Points          =             75
    Spherical Points       =            302
    Total Points           =         581417
    Total Blocks           =           4274
    Max Points             =            256
    Max Functions          =            218
    Weights Tolerance      =       1.00E-15


  -Total Gradient:
     Atom            X                  Y                   Z
    ------   -----------------  -----------------  -----------------
       1       -0.001596129997     0.003040464678    -0.000188548532
       2       -0.002247761474     0.001699518088    -0.001127436746
       3        0.002722892309    -0.003302144210     0.000273711190
       4       -0.000428114953     0.001102326178     0.000019853219
       5        0.000592824308    -0.000295352099     0.000225473015
       6       -0.001210316194     0.001103723233     0.000074941922
       7        0.000350111251     0.000309701151    -0.000157165215
       8       -0.000474189389    -0.001134512405     0.000354309549
       9        0.001099742535     0.000366629673    -0.000698300639
      10        0.001456451997     0.000282146161    -0.000840420976
      11       -0.002101593107     0.000081433447     0.000843520780
      12        0.000546983360     0.000140541749     0.000086361399
      13        0.000038374519     0.000000769835    -0.000214164076
      14        0.001346522246    -0.000327305219    -0.000834927779
      15       -0.003105409304     0.000205818662     0.001835723500
      16        0.001427280998    -0.000553323527    -0.000220610854
      17        0.000927624565    -0.001502844323     0.000557241404
      18        0.000521325055    -0.001178604631     0.000617024831
      19       -0.000074424931     0.000595551744    -0.000147272455
      20       -0.000216673099     0.000173157314    -0.000005287022
      21       -0.000622163611     0.000057435748     0.000127139084
      22       -0.000181491942    -0.000123061072    -0.000007909044
      23       -0.000004774658    -0.000529775973    -0.000067638828
      24        0.000073366800     0.000199062116     0.000597714448
      25        0.000334674201     0.000027078821     0.000237953885
      26        0.000453708381    -0.000081422993    -0.000137818572
      27        0.000024043149    -0.000030675982    -0.000358450952
      28        0.000358547004    -0.000320385982    -0.000811916977


*** tstop() called on LAPTOP-257FNSVV at Thu Sep 10 22:58:59 2026
Module time:
	user time   =        nan seconds =        nan minutes
	system time =        nan seconds =        nan minutes
	total time  =         14 seconds =       0.23 minutes
Total time:
	user time   =        nan seconds =        nan minutes
	system time =        nan seconds =        nan minutes
	total time  =        392 seconds =       6.53 minutes

    			-----------------------------------------

    			 OPTKING 3.0: for geometry optimizations 

    			     By R.A. King, Bethel University     

    			        with contributions from          

    			    A.V. Copan, J. Cayton, A. Heide      

    			-----------------------------------------

    
	                            ===> Fragment 1 <== 

	 Z (Atomic Numbers)          Masses                          Geom                  
	       6.000000            12.000000         -0.24774968 -0.89993776 -3.29683339   
	       6.000000            12.000000         -0.84868851 -0.10541612 -0.61950906   
	       7.000000            14.003074          0.87184630  0.39666748  1.04118049   
	       6.000000            12.000000          3.45965529  0.25369044  0.57425040   
	       6.000000            12.000000          4.71212629 -2.10710000  0.48650181   
	       6.000000            12.000000          7.33488746 -2.21726945  0.16078674   
	       6.000000            12.000000          8.76271182  0.00317480 -0.09544082   
	       6.000000            12.000000          7.52741659  2.34944931 -0.00954174   
	       6.000000            12.000000          4.90910334  2.48825832  0.33641641   
	       6.000000            12.000000         -3.54347363  0.07165923  0.19022181   
	       6.000000            12.000000         -5.56076543 -0.55892490 -1.43856660   
	       6.000000            12.000000         -8.07254503 -0.39617929 -0.61324676   
	       6.000000            12.000000         -8.61299994  0.40260042  1.85347537   
	       6.000000            12.000000         -6.62164344  1.03280740  3.49693684   
	       6.000000            12.000000         -4.12133672  0.86493516  2.67809882   
	       1.000000             1.007825         -0.68052979 -2.93574738 -3.57623294   
	       1.000000             1.007825         -1.36528444  0.15850549 -4.70774453   
	       1.000000             1.007825          1.78916674 -0.65477387 -3.69272193   
	       1.000000             1.007825          3.58805166 -3.84188000  0.69837971   
	       1.000000             1.007825          8.27455559 -4.07230601  0.10140538   
	       1.000000             1.007825         10.82156733 -0.09305530 -0.35047878   
	       1.000000             1.007825          8.61977015  4.10849252 -0.21007405   
	       1.000000             1.007825          3.93357762  4.31980764  0.42715016   
	       1.000000             1.007825         -5.17310422 -1.19572162 -3.37640540   
	       1.000000             1.007825         -9.61676930 -0.90162705 -1.90960381   
	       1.000000             1.007825        -10.58397910   0.53209853   2.50109588 
	       1.000000             1.007825         -7.03578491  1.66151848  5.43517396   
	       1.000000             1.007825         -2.51978203  1.33627352  3.91532602   

	 - Coordinate -           - BOHR/RAD -       - ANG/DEG -
	 R(1,2)           =         2.856651           1.511675
	 R(1,16)          =         2.099972           1.111257
	 R(1,17)          =         2.088027           1.104936
	 R(1,18)          =         2.089464           1.105697
	 R(2,3)           =         2.443403           1.292993
	 R(2,10)          =         2.819377           1.491950
	 R(3,4)           =         2.633481           1.393578
	 R(4,5)           =         2.673895           1.414964
	 R(4,9)           =         2.674090           1.415068
	 R(5,6)           =         2.645204           1.399782
	 R(5,19)          =         2.077955           1.099607
	 R(6,7)           =         2.652302           1.403538
	 R(6,20)          =         2.080304           1.100849
	 R(7,8)           =         2.652986           1.403900
	 R(7,21)          =         2.076822           1.099007
	 R(8,9)           =         2.644715           1.399523
	 R(8,22)          =         2.080308           1.100852
	 R(9,23)          =         2.077127           1.099168
	 R(10,11)         =         2.668343           1.412026
	 R(10,15)         =         2.674462           1.415264
	 R(11,12)         =         2.648901           1.401738
	 R(11,24)         =         2.076297           1.098729
	 R(12,13)         =         2.648558           1.401556
	 R(12,25)         =         2.078617           1.099957
	 R(13,14)         =         2.657749           1.406420
	 R(13,26)         =         2.078687           1.099994
	 R(14,15)         =         2.636325           1.395083
	 R(14,27)         =         2.079316           1.100326
	 R(15,28)         =         2.077948           1.099603
	 B(1,2,3)         =         2.148401         123.094316
	 B(1,2,10)        =         2.080261         119.190161
	 B(2,1,16)        =         1.929409         110.546999
	 B(2,1,17)        =         1.960290         112.316340
	 B(2,1,18)        =         1.928384         110.488249
	 B(2,3,4)         =         2.165519         124.075107
	 B(2,10,11)       =         2.132284         122.170880
	 B(2,10,15)       =         2.085542         119.492740
	 B(3,2,10)        =         2.054353         117.705779
	 B(3,4,5)         =         2.110681         120.933085
	 B(3,4,9)         =         2.097903         120.200989
	 B(4,5,6)         =         2.100463         120.347651
	 B(4,5,19)        =         2.071861         118.708876
	 B(4,9,8)         =         2.099482         120.291438
	 B(4,9,23)        =         2.069614         118.580147
	 B(5,4,9)         =         2.072563         118.749102
	 B(5,6,7)         =         2.106905         120.716776
	 B(5,6,20)        =         2.081188         119.243277
	 B(6,5,19)        =         2.110810         120.940495
	 B(6,7,8)         =         2.078991         119.117407
	 B(6,7,21)        =         2.102206         120.447549
	 B(7,6,20)        =         2.095088         120.039722
	 B(7,8,9)         =         2.107876         120.772405
	 B(7,8,22)        =         2.094621         120.012932
	 B(8,7,21)        =         2.101976         120.434353
	 B(8,9,23)        =         2.114089         121.128368
	 B(9,8,22)        =         2.080685         119.214447
	 B(10,11,12)      =         2.108504         120.808372
	 B(10,11,24)      =         2.095588         120.068339
	 B(10,15,14)      =         2.109165         120.846234
	 B(10,15,28)      =         2.042740         117.040365
	 B(11,10,15)      =         2.065275         118.331556
	 B(11,12,13)      =         2.096940         120.145828
	 B(11,12,25)      =         2.088859         119.682779
	 B(12,11,24)      =         2.079081         119.122577
	 B(12,13,14)      =         2.088094         119.638997
	 B(12,13,26)      =         2.097209         120.161205
	 B(13,12,25)      =         2.097385         120.171300
	 B(13,14,15)      =         2.098377         120.228148
	 B(13,14,27)      =         2.093097         119.925608
	 B(14,13,26)      =         2.097880         120.199689
	 B(14,15,28)      =         2.131281         122.113399
	 B(15,14,27)      =         2.091711         119.846237
	 B(16,1,17)       =         1.866297         106.930916
	 B(16,1,18)       =         1.864444         106.824746
	 B(17,1,18)       =         1.911602         109.526715
	 D(1,2,3,4)       =        -0.006763          -0.387502
	 D(1,2,10,11)     =         0.036986           2.119131
	 D(1,2,10,15)     =        -3.118792        -178.693594
	 D(2,3,4,5)       =        -1.340905         -76.828222
	 D(2,3,4,9)       =         1.870127         107.150408
	 D(2,10,11,12)    =         3.130616         179.371090
	 D(2,10,11,24)    =        -0.005576          -0.319469
	 D(2,10,15,14)    =        -3.133839        -179.555769
	 D(2,10,15,28)    =         0.008070           0.462359
	 D(3,2,1,16)      =         1.885891         108.053579
	 D(3,2,1,17)      =        -2.314371        -132.603714
	 D(3,2,1,18)      =        -0.174236          -9.982960
	 D(3,2,10,11)     =        -3.085407        -176.780784
	 D(3,2,10,15)     =         0.042001           2.406491
	 D(3,4,5,6)       =        -3.077198        -176.310466
	 D(3,4,5,19)      =         0.053542           3.067703
	 D(3,4,9,8)       =         3.087085         176.876963
	 D(3,4,9,23)      =        -0.055864          -3.200760
	 D(4,3,2,10)      =         3.114822         178.466143
	 D(4,5,6,7)       =        -0.005190          -0.297351
	 D(4,5,6,20)      =        -3.143772        -180.124893
	 D(4,9,8,7)       =        -0.013746          -0.787605
	 D(4,9,8,22)      =         3.130791         179.381097
	 D(5,4,9,8)       =         0.013428           0.769390
	 D(5,4,9,23)      =        -3.129521        -179.308332
	 D(5,6,7,8)       =         0.005084           0.291290
	 D(5,6,7,21)      =         3.141421         179.990176
	 D(6,5,4,9)       =        -0.004057          -0.232426
	 D(6,7,8,9)       =         0.004392           0.251616
	 D(6,7,8,22)      =         3.143016         180.081572
	 D(7,6,5,19)      =        -3.135684        -179.661476
	 D(7,8,9,23)      =         3.129238         179.292128
	 D(8,7,6,20)      =        -3.139543        -179.882537
	 D(9,4,5,19)      =         3.126683         179.145743
	 D(9,8,7,21)      =        -3.131946        -179.447310
	 D(10,2,1,16)     =        -1.235411         -70.783858
	 D(10,2,1,17)     =         0.847512          48.558849
	 D(10,2,1,18)     =         2.987648         171.179603
	 D(10,11,12,13)   =         0.001366           0.078246
	 D(10,11,12,25)   =        -3.138292        -179.810911
	 D(10,15,14,13)   =         0.004307           0.246785
	 D(10,15,14,27)   =        -3.136730        -179.721406
	 D(11,10,15,14)   =        -0.005887          -0.337327
	 D(11,10,15,28)   =         3.136022         179.680800
	 D(11,12,13,14)   =        -0.003041          -0.174242
	 D(11,12,13,26)   =        -3.142538        -180.054192
	 D(12,11,10,15)   =         0.003050           0.174767
	 D(12,13,14,15)   =         0.000225           0.012906
	 D(12,13,14,27)   =        -3.141923        -180.018928
	 D(13,12,11,24)   =         3.137608         179.771693
	 D(13,14,15,28)   =        -3.137618        -179.772277
	 D(14,13,12,25)   =         3.136607         179.714371
	 D(15,10,11,24)   =        -3.133142        -179.515792
	 D(15,14,13,26)   =         3.139722         179.892809
	 D(19,5,6,20)     =         0.008918           0.510982
	 D(20,6,7,21)     =        -0.003205          -0.183652
	 D(21,7,8,22)     =         0.006678           0.382646
	 D(22,8,9,23)     =        -0.009410          -0.539170
	 D(24,11,12,25)   =        -0.002050          -0.117465
	 D(25,12,13,26)   =        -0.002890          -0.165580
	 D(26,13,14,27)   =        -0.002426          -0.139025
	 D(27,14,15,28)   =         0.004530           0.259531


	        --- Internal Coordinate Step in ANG or DEG, aJ/ANG or AJ/DEG ---
	-------------------------------------------------------------------------------
	           Coordinate      Previous         Force          Change          New 
	           ----------      --------        ------          ------        ------
	               R(1,2)       1.51167        0.00321       -0.00095       1.51072
	              R(1,16)       1.11126       -0.00225       -0.00024       1.11102
	              R(1,17)       1.10494        0.01346        0.00282       1.10775
	              R(1,18)       1.10570       -0.00208       -0.00175       1.10395
	               R(2,3)       1.29299       -0.00596       -0.00016       1.29283
	              R(2,10)       1.49195       -0.00558       -0.00197       1.48998
	               R(3,4)       1.39358        0.00978       -0.00203       1.39155
	               R(4,5)       1.41496        0.00995        0.00179       1.41675
	               R(4,9)       1.41507        0.00178        0.00061       1.41568
	               R(5,6)       1.39978        0.01160        0.00147       1.40125
	              R(5,19)       1.09961        0.00388        0.00013       1.09974
	               R(6,7)       1.40354        0.00445        0.00045       1.40399
	              R(6,20)       1.10085        0.00207       -0.00014       1.10071
	               R(7,8)       1.40390        0.00875        0.00120       1.40510
	              R(7,21)       1.09901        0.00523        0.00030       1.09931
	               R(8,9)       1.39952        0.00815        0.00069       1.40021
	              R(8,22)       1.10085        0.00164       -0.00019       1.10066
	              R(9,23)       1.09917        0.00386        0.00001       1.09918
	             R(10,11)       1.41203       -0.00132       -0.00069       1.41134
	             R(10,15)       1.41526       -0.00364        0.00043       1.41570
	             R(11,12)       1.40174        0.00940        0.00129       1.40302
	             R(11,24)       1.09873        0.00498        0.00025       1.09897
	             R(12,13)       1.40156        0.00743        0.00063       1.40219
	             R(12,25)       1.09996        0.00332        0.00002       1.09998
	             R(13,14)       1.40642        0.00506        0.00104       1.40746
	             R(13,26)       1.09999        0.00394        0.00015       1.10014
	             R(14,15)       1.39508        0.01530        0.00108       1.39617
	             R(14,27)       1.10033        0.00287        0.00001       1.10034
	             R(15,28)       1.09960        0.00231        0.00024       1.09985
	             B(1,2,3)     123.09432        0.00028        1.04175     124.13607
	            B(1,2,10)     119.19016       -0.00024       -1.01963     118.17053
	            B(2,1,16)     110.54700       -0.00004       -0.03515     110.51185
	            B(2,1,17)     112.31634       -0.00012       -1.19316     111.12318
	            B(2,1,18)     110.48825        0.00007        0.96415     111.45240
	             B(2,3,4)     124.07511        0.00006        0.97812     125.05323
	           B(2,10,11)     122.17088       -0.00011       -0.38126     121.78962
	           B(2,10,15)     119.49274        0.00002        0.16497     119.65771
	            B(3,2,10)     117.70578       -0.00005       -0.01698     117.68880
	             B(3,4,5)     120.93309        0.00008        0.33911     121.27220
	             B(3,4,9)     120.20099       -0.00008       -0.28111     119.91988
	             B(4,5,6)     120.34765        0.00001        0.08670     120.43435
	            B(4,5,19)     118.70888        0.00002        0.06453     118.77341
	             B(4,9,8)     120.29144        0.00001        0.06028     120.35172
	            B(4,9,23)     118.58015        0.00001       -0.00674     118.57341
	             B(5,4,9)     118.74910       -0.00000       -0.09209     118.65701
	             B(5,6,7)     120.71678       -0.00003       -0.10478     120.61200
	            B(5,6,20)     119.24328        0.00003        0.08232     119.32560
	            B(6,5,19)     120.94049       -0.00004       -0.15294     120.78755
	             B(6,7,8)     119.11741        0.00002        0.07591     119.19331
	            B(6,7,21)     120.44755       -0.00001       -0.04469     120.40286
	            B(7,6,20)     120.03972        0.00001        0.02217     120.06189
	             B(7,8,9)     120.77241       -0.00001       -0.03318     120.73923
	            B(7,8,22)     120.01293       -0.00000       -0.01275     120.00018
	            B(8,7,21)     120.43435       -0.00001       -0.03167     120.40269
	            B(8,9,23)     121.12837       -0.00002       -0.05407     121.07430
	            B(9,8,22)     119.21445        0.00001        0.04518     119.25963
	          B(10,11,12)     120.80837       -0.00004       -0.13147     120.67691
	          B(10,11,24)     120.06834        0.00003        0.20071     120.26905
	          B(10,15,14)     120.84623       -0.00004       -0.11348     120.73275
	          B(10,15,28)     117.04036        0.00009        0.16531     117.20568
	          B(11,10,15)     118.33156        0.00009        0.22097     118.55253
	          B(11,12,13)     120.14583       -0.00000        0.01311     120.15894
	          B(11,12,25)     119.68278        0.00000       -0.01557     119.66721
	          B(12,11,24)     119.12258        0.00000       -0.06857     119.05400
	          B(12,13,14)     119.63900        0.00001        0.04282     119.68181
	          B(12,13,26)     120.16120       -0.00000        0.00645     120.16765
	          B(13,12,25)     120.17130       -0.00000        0.00255     120.17385
	          B(13,14,15)     120.22815       -0.00001       -0.03127     120.19687
	          B(13,14,27)     119.92561        0.00001       -0.00870     119.91691
	          B(14,13,26)     120.19969       -0.00000       -0.04919     120.15049
	          B(14,15,28)     122.11340       -0.00005       -0.05201     122.06139
	          B(15,14,27)     119.84624        0.00000        0.03995     119.88618
	           B(16,1,17)     106.93092        0.00003       -0.77832     106.15260
	           B(16,1,18)     106.82475        0.00009        1.41213     108.23687
	           B(17,1,18)     109.52672       -0.00002       -0.34488     109.18184
	           D(1,2,3,4)      -0.38750       -0.00007       -2.04635      -2.43385
	         D(1,2,10,11)       2.11913        0.00002       -3.02008      -0.90095
	         D(1,2,10,15)    -178.69359        0.00003       -2.07069    -180.76429
	           D(2,3,4,5)     -76.82822        0.00003        5.98196     -70.84626
	           D(2,3,4,9)     107.15041        0.00004        6.52882     113.67923
	        D(2,10,11,12)     179.37109        0.00001        0.86616     180.23725
	        D(2,10,11,24)      -0.31947        0.00001        0.48342       0.16395
	        D(2,10,15,14)    -179.55577       -0.00000       -0.55659    -180.11236
	        D(2,10,15,28)       0.46236       -0.00000       -0.42122       0.04114
	          D(3,2,1,16)     108.05358        0.00009       12.11029     120.16387
	          D(3,2,1,17)    -132.60371        0.00003       10.34578    -122.25793
	          D(3,2,1,18)      -9.98296       -0.00004        9.74827      -0.23469
	         D(3,2,10,11)    -176.78078       -0.00002       -3.37268    -180.15346
	         D(3,2,10,15)       2.40649       -0.00000       -2.42329      -0.01680
	           D(3,4,5,6)    -176.31047        0.00001        0.38152    -175.92895
	          D(3,4,5,19)       3.06770        0.00000        0.22193       3.28963
	           D(3,4,9,8)     176.87696        0.00000       -0.08054     176.79642
	          D(3,4,9,23)      -3.20076        0.00000       -0.27415      -3.47491
	          D(4,3,2,10)     178.46614       -0.00004       -1.69611     176.77004
	           D(4,5,6,7)      -0.29735       -0.00000       -0.14648      -0.44383
	          D(4,5,6,20)    -180.12489       -0.00000       -0.05676    -180.18165
	           D(4,9,8,7)      -0.78761       -0.00001       -0.39502      -1.18263
	          D(4,9,8,22)     179.38110       -0.00000       -0.20658     179.17451
	           D(5,4,9,8)       0.76939        0.00001        0.43472       1.20411
	          D(5,4,9,23)    -179.30833        0.00001        0.24112    -179.06721
	           D(5,6,7,8)       0.29129        0.00000        0.19326       0.48455
	          D(5,6,7,21)     179.99018        0.00000        0.10734     180.09752
	           D(6,5,4,9)      -0.23243       -0.00001       -0.16629      -0.39871
	           D(6,7,8,9)       0.25162        0.00000        0.07661       0.32823
	          D(6,7,8,22)     180.08157       -0.00000       -0.11312     179.96845
	          D(7,6,5,19)    -179.66148        0.00000        0.01494    -179.64653
	          D(7,8,9,23)     179.29213       -0.00000       -0.19655     179.09558
	          D(8,7,6,20)    -179.88254        0.00000        0.10298    -179.77956
	          D(9,4,5,19)     179.14574       -0.00001       -0.32588     178.81987
	          D(9,8,7,21)    -179.44731        0.00000        0.16258    -179.28473
	         D(10,2,1,16)     -70.78386        0.00006       11.74739     -59.03646
	         D(10,2,1,17)      48.55885       -0.00001        9.98289      58.54173
	         D(10,2,1,18)     171.17960       -0.00007        9.38537     180.56497
	       D(10,11,12,13)       0.07825        0.00000       -0.23344      -0.15519
	       D(10,11,12,25)    -179.81091       -0.00000       -0.35578    -180.16669
	       D(10,15,14,13)       0.24679       -0.00000       -0.33579      -0.08900
	       D(10,15,14,27)    -179.72141       -0.00000       -0.43468    -180.15608
	       D(11,10,15,14)      -0.33733        0.00001        0.35721       0.01989
	       D(11,10,15,28)     179.68080        0.00001        0.49258     180.17338
	       D(11,12,13,14)      -0.17424        0.00000        0.25909       0.08485
	       D(11,12,13,26)    -180.05419       -0.00000        0.20933    -179.84486
	       D(12,11,10,15)       0.17477       -0.00000       -0.07272       0.10205
	       D(12,13,14,15)       0.01291       -0.00000        0.02358       0.03649
	       D(12,13,14,27)    -180.01893        0.00000        0.12251    -179.89641
	       D(13,12,11,24)     179.77169        0.00000        0.14554     179.91723
	       D(13,14,15,28)    -179.77228       -0.00000       -0.47781    -180.25009
	       D(14,13,12,25)     179.71437        0.00000        0.38204     180.09641
	       D(15,10,11,24)    -179.51579       -0.00001       -0.45546    -179.97125
	       D(15,14,13,26)     179.89281        0.00000        0.07340     179.96621
	         D(19,5,6,20)       0.51098        0.00000        0.10467       0.61565
	         D(20,6,7,21)      -0.18365        0.00000        0.01706      -0.16659
	         D(21,7,8,22)       0.38265       -0.00000       -0.02716       0.35549
	         D(22,8,9,23)      -0.53917        0.00000       -0.00811      -0.54728
	       D(24,11,12,25)      -0.11746       -0.00000        0.02319      -0.09427
	       D(25,12,13,26)      -0.16558        0.00000        0.33228       0.16670
	       D(26,13,14,27)      -0.13902        0.00000        0.17234       0.03331
	       D(27,14,15,28)       0.25953       -0.00000       -0.57670      -0.31717
	-------------------------------------------------------------------------------

	                                 ==> Convergence Check <==                                  
    
	Measures of convergence in internal coordinates in au.
    
	Criteria marked as inactive (o), active & met (*), and active & unmet ( ).

	----------------------------------------------------------------------------------------------
	   Step    Total Energy     Delta E     Max Force     RMS Force      Max Disp      RMS Disp   
	----------------------------------------------------------------------------------------------
	  Convergence Criteria              o    1.50e-05 *    1.00e-05 *    6.00e-05 *    4.00e-05 *
	----------------------------------------------------------------------------------------------
	     5    -594.90870641   -5.19e-04 o    3.73e-03      6.85e-04      2.11e-01      4.23e-02    ~
	----------------------------------------------------------------------------------------------

Next Geometry in Ang 
	Fragment 1 (Ang)

	    C  -0.1693915247  -0.5530759505  -1.7475899119
	    C  -0.4493977318  -0.0686971494  -0.3442872326
	    N   0.4672013986   0.2591829829   0.5064514710
	    C   1.8371903862   0.1710774277   0.2789005609
	    C   2.4913017430  -1.0834801953   0.2053005718
	    C   3.8834223646  -1.1507196753   0.0604385819
	    C   4.6509692256   0.0218969031  -0.0233675244
	    C   4.0075615703   1.2688675646   0.0500577208
	    C   2.6190491077   1.3493545925   0.2117356170
	    C  -1.8692389421   0.0226219612   0.0981461580
	    C  -2.9384867447  -0.3109384749  -0.7605316950
	    C  -4.2672085545  -0.2116257728  -0.3210847480
	    C  -4.5473868742   0.2192009496   0.9835296755
	    C  -3.4893598535   0.5532544040   1.8495093497
	    C  -2.1669341330   0.4571358017   1.4122118255
	    H  -0.5840748135  -1.5728554323  -1.8974386616
	    H  -0.6630765882   0.0938594309  -2.4991634134
	    H   0.9145143665  -0.5870841662  -1.9542275058
	    H   1.8878944970  -2.0000901302   0.2770276132
	    H   4.3730726298  -2.1351384527   0.0081975298
	    H   5.7427494764  -0.0348659186  -0.1385859397
	    H   4.5964156765   2.1965748803  -0.0136694208
	    H   2.1117815820   2.3217532946   0.2845986017
	    H  -2.7396382199  -0.6519012991  -1.7861773084
	    H  -5.0879007455  -0.4732387270  -1.0051693621
	    H  -5.5891163841   0.2946888066   1.3290834127
	    H  -3.7047378165   0.8901450839   2.8746270895
	    H  -1.3171750980   0.7140972607   2.0614769447


    Structure for next step:
    Molecular point group: c1
    Full point group: C1

    Geometry (in Angstrom), charge = 0, multiplicity = 1:

    C           -0.169391524712    -0.553075950513    -1.747589911908
    C           -0.449397731792    -0.068697149373    -0.344287232554
    N            0.467201398598     0.259182982949     0.506451471005
    C            1.837190386233     0.171077427661     0.278900560863
    C            2.491301743048    -1.083480195297     0.205300571777
    C            3.883422364625    -1.150719675326     0.060438581936
    C            4.650969225605     0.021896903054    -0.023367524365
    C            4.007561570257     1.268867564567     0.050057720835
    C            2.619049107714     1.349354592506     0.211735617010
    C           -1.869238942076     0.022621961222     0.098146158019
    C           -2.938486744736    -0.310938474870    -0.760531694973
    C           -4.267208554467    -0.211625772758    -0.321084747981
    C           -4.547386874196     0.219200949561     0.983529675502
    C           -3.489359853515     0.553254404009     1.849509349669
    C           -2.166934132976     0.457135801698     1.412211825528
    H           -0.584074813543    -1.572855432318    -1.897438661641
    H           -0.663076588221     0.093859430936    -2.499163413371
    H            0.914514366477    -0.587084166179    -1.954227505756
    H            1.887894497024    -2.000090130200     0.277027613185
    H            4.373072629771    -2.135138452731     0.008197529828
    H            5.742749476383    -0.034865918615    -0.138585939669
    H            4.596415676498     2.196574880253    -0.013669420813
    H            2.111781582005     2.321753294582     0.284598601679
    H           -2.739638219885    -0.651901299129    -1.786177308402
    H           -5.087900745458    -0.473238727049    -1.005169362138
    H           -5.589116384078     0.294688806609     1.329083412650
    H           -3.704737816539     0.890145083863     2.874627089480
    H           -1.317175098042     0.714097260688     2.061476944705


Scratch directory: C:\Users\HUIWEI\Documents\Codex\2026-09-10\25-ee-phase5-phase24-1-hantzsch-3\work\qm_scratch\pbe_E_opt_01/
gradient() will perform analytic gradient computation.
   => Libint2 <=

    Primary   basis highest AM E, G, H:  7, 6, -
    Auxiliary basis highest AM E, G, H:  7, 7, -
    Onebody   basis highest AM E, G, H:  -, -, -
    Solid Harmonics ordering:            Gaussian

*** tstart() called on LAPTOP-257FNSVV
*** at Thu Sep 10 22:59:00 2026

   => Loading Basis Set <=

    Name: DEF2-SVP
    Role: ORBITAL
    Keyword: BASIS
    atoms 1-2, 4-15 entry C          line    90 file C:\Users\HUIWEI\miniconda3\envs\phase7\Library\share\psi4\basis\def2-svp.gbs 
    atoms 3         entry N          line   110 file C:\Users\HUIWEI\miniconda3\envs\phase7\Library\share\psi4\basis\def2-svp.gbs 
    atoms 16-28     entry H          line    15 file C:\Users\HUIWEI\miniconda3\envs\phase7\Library\share\psi4\basis\def2-svp.gbs 

   => PBE-D3(BJ): Empirical Dispersion <=

    Grimme's -D3 (BJ-damping) Dispersion Correction
    Grimme S.; Ehrlich S.; Goerigk L. (2011), J. Comput. Chem., 32: 1456

        s6 =       1.000000
        s8 =       0.787500
        a1 =       0.428900
        a2 =       4.440700


         ---------------------------------------------------------
                                   SCF
               by Justin Turney, Rob Parrish, Andy Simmonett
                          and Daniel G. A. Smith
                              RKS Reference
                        2 Threads,    476 MiB Core
         ---------------------------------------------------------

  ==> Geometry <==

    Molecular point group: c1
    Full point group: C1

    Geometry (in Angstrom), charge = 0, multiplicity = 1:

       Center              X                  Y                   Z               Mass       
    ------------   -----------------  -----------------  -----------------  -----------------
         C           -0.169391524712    -0.553075950513    -1.747589911908    12.000000000000
         C           -0.449397731792    -0.068697149373    -0.344287232554    12.000000000000
         N            0.467201398598     0.259182982949     0.506451471005    14.003074004430
         C            1.837190386233     0.171077427661     0.278900560863    12.000000000000
         C            2.491301743048    -1.083480195297     0.205300571777    12.000000000000
         C            3.883422364625    -1.150719675326     0.060438581936    12.000000000000
         C            4.650969225605     0.021896903054    -0.023367524365    12.000000000000
         C            4.007561570257     1.268867564567     0.050057720835    12.000000000000
         C            2.619049107714     1.349354592506     0.211735617010    12.000000000000
         C           -1.869238942076     0.022621961222     0.098146158019    12.000000000000
         C           -2.938486744736    -0.310938474870    -0.760531694973    12.000000000000
         C           -4.267208554467    -0.211625772758    -0.321084747981    12.000000000000
         C           -4.547386874196     0.219200949561     0.983529675502    12.000000000000
         C           -3.489359853515     0.553254404009     1.849509349669    12.000000000000
         C           -2.166934132976     0.457135801698     1.412211825528    12.000000000000
         H           -0.584074813543    -1.572855432318    -1.897438661641     1.007825032230
         H           -0.663076588221     0.093859430936    -2.499163413371     1.007825032230
         H            0.914514366477    -0.587084166179    -1.954227505756     1.007825032230
         H            1.887894497024    -2.000090130200     0.277027613185     1.007825032230
         H            4.373072629771    -2.135138452731     0.008197529828     1.007825032230
         H            5.742749476383    -0.034865918615    -0.138585939669     1.007825032230
         H            4.596415676498     2.196574880253    -0.013669420813     1.007825032230
         H            2.111781582005     2.321753294582     0.284598601679     1.007825032230
         H           -2.739638219885    -0.651901299129    -1.786177308402     1.007825032230
         H           -5.087900745458    -0.473238727049    -1.005169362138     1.007825032230
         H           -5.589116384078     0.294688806609     1.329083412650     1.007825032230
         H           -3.704737816539     0.890145083863     2.874627089480     1.007825032230
         H           -1.317175098042     0.714097260688     2.061476944705     1.007825032230

  Running in c1 symmetry.

  Rotational constants: A =      0.06409  B =      0.00889  C =      0.00839 [cm^-1]
  Rotational constants: A =   1921.43801  B =    266.38315  C =    251.47780 [MHz]
  Nuclear repulsion =  857.311740257845031

  Charge       = 0
  Multiplicity = 1
  Electrons    = 104
  Nalpha       = 52
  Nbeta        = 52

  ==> Algorithm <==

  SCF Algorithm Type is DF.
  DIIS enabled.
  MOM disabled.
  Fractional occupation disabled.
  Guess Type is READ.
  Energy threshold   = 1.00e-09
  Density threshold  = 1.00e-08
  Integral threshold = 1.00e-12

  ==> Primary Basis <==

  Basis Set: DEF2-SVP
    Blend: DEF2-SVP
    Number of shells: 129
    Number of basis functions: 275
    Number of Cartesian functions: 290
    Spherical Harmonics?: true
    Max angular momentum: 2

  ==> DFT Potential <==

   => LibXC <=

    Version 7.1.2
    S. Lehtola, C. Steigemann, M. J. T. Oliveira, and M. A. L. Marques,  SoftwareX 7, 1–5 (2018) (10.1016/j.softx.2017.11.002)

   => Composite Functional: PBE-D3BJ2B <= 

    PBE GGA Exchange-Correlation Functional

    J.P. Perdew et. al., Phys. Rev. Lett., 77(18), 3865-3868, 1996


    Deriv               =              1
    GGA                 =           TRUE
    Meta                =          FALSE

    Exchange Hybrid     =          FALSE
    MP2 Hybrid          =          FALSE

   => Exchange Functionals <=

    1.0000     XC_GGA_X_PBE

   => Correlation Functionals <=

    1.0000     XC_GGA_C_PBE

   => LibXC Density Thresholds  <==

    XC_GGA_C_PBE:  1.00E-12 
    XC_GGA_X_PBE:  1.00E-15 

   => Molecular Quadrature <=

    Radial Scheme          =       TREUTLER
    Pruning Scheme         =           NONE
    Nuclear Scheme         =       TREUTLER

    Blocking Scheme        =         OCTREE
    BS radius alpha        =              1
    Pruning alpha          =              1
    Radial Points          =             75
    Spherical Points       =            302
    Total Points           =         581440
    Total Blocks           =           4271
    Max Points             =            256
    Max Functions          =            219
    Weights Tolerance      =       1.00E-15

   => Loading Basis Set <=

    Name: (DEF2-SVP AUX)
    Role: JKFIT
    Keyword: DF_BASIS_SCF
    atoms 1-2, 4-15 entry C          line   198 file C:\Users\HUIWEI\miniconda3\envs\phase7\Library\share\psi4\basis\def2-universal-jkfit.gbs 
    atoms 3         entry N          line   258 file C:\Users\HUIWEI\miniconda3\envs\phase7\Library\share\psi4\basis\def2-universal-jkfit.gbs 
    atoms 16-28     entry H          line    18 file C:\Users\HUIWEI\miniconda3\envs\phase7\Library\share\psi4\basis\def2-universal-jkfit.gbs 

   => Loading Basis Set <=

    Name: DEF2-SVP
    Role: ORBITAL
    Keyword: BASIS
    atoms 1-2, 4-15 entry C          line    90 file C:\Users\HUIWEI\miniconda3\envs\phase7\Library\share\psi4\basis\def2-svp.gbs 
    atoms 3         entry N          line   110 file C:\Users\HUIWEI\miniconda3\envs\phase7\Library\share\psi4\basis\def2-svp.gbs 
    atoms 16-28     entry H          line    15 file C:\Users\HUIWEI\miniconda3\envs\phase7\Library\share\psi4\basis\def2-svp.gbs 

  Reading orbitals from file C:\Users\HUIWEI\Documents\Codex\2026-09-10\25-ee-phase5-phase24-1-hantzsch-3\work\qm_scratch\pbe_E_opt_01/psi4.default.35548.180.npy, no projection.

  ==> Integral Setup <==

  ==> DiskDFJK: Density-Fitted J/K Matrices <==

    J tasked:                  Yes
    K tasked:                   No
    wK tasked:                  No
    OpenMP threads:              2
    Integrals threads:           2
    Memory [MiB]:              344
    Algorithm:                Disk
    Integral Cache:           NONE
    Schwarz Cutoff:          1E-12
    Fitting Condition:       1E-10

   => Auxiliary Basis Set <=

  Basis Set: (DEF2-SVP AUX)
    Blend: DEF2-UNIVERSAL-JKFIT
    Number of shells: 453
    Number of basis functions: 1361
    Number of Cartesian functions: 1599
    Spherical Harmonics?: true
    Max angular momentum: 4

  Cached 0.5% of DFT collocation blocks in 0.013 [GiB].

  Minimum eigenvalue in the overlap matrix is 2.9651711039E-04.
  Reciprocal condition number of the overlap matrix is 4.6059646997E-05.
    Using symmetric orthogonalization.

  ==> Pre-Iterations <==

  SCF Guess: Orbitals guess was supplied from a previous computation.

   -------------------------------------------------------
    Irrep   Nso     Nmo     Nalpha   Nbeta   Ndocc  Nsocc
   -------------------------------------------------------
     A        275     275      52      52      52       0
   -------------------------------------------------------
    Total     275     275      52      52      52       0
   -------------------------------------------------------

  ==> Iterations <==

                           Total Energy        Delta E     RMS |[F,P]|

   @DF-RKS iter   0:  -594.89017797642236   -5.94890e+02   5.80303e-04 
   @DF-RKS iter   1:  -594.90862440749265   -1.84464e-02   8.45735e-05 DIIS
   @DF-RKS iter   2:  -594.90763246963093    9.91938e-04   1.69454e-04 ADIIS/DIIS
   @DF-RKS iter   3:  -594.90891520973173   -1.28274e-03   4.19025e-05 DIIS
   @DF-RKS iter   4:  -594.90898631043342   -7.11007e-05   9.41658e-06 DIIS
   @DF-RKS iter   5:  -594.90898992115081   -3.61072e-06   2.75056e-06 DIIS
   @DF-RKS iter   6:  -594.90899020931806   -2.88167e-07   9.39211e-07 DIIS
   @DF-RKS iter   7:  -594.90899024157170   -3.22536e-08   4.01778e-07 DIIS
   @DF-RKS iter   8:  -594.90899024836824   -6.79654e-09   9.05096e-08 DIIS
   @DF-RKS iter   9:  -594.90899024866189   -2.93653e-10   3.48022e-08 DIIS
   @DF-RKS iter  10:  -594.90899024870896   -4.70664e-11   1.45780e-08 DIIS
   @DF-RKS iter  11:  -594.90899024871942   -1.04592e-11   5.89733e-09 DIIS
  Energy and wave function converged.


  ==> Post-Iterations <==

   Electrons on quadrature grid:
      Ntotal   =  103.9999228916 ; deviation = -7.711e-05 

    Orbital Energies [Eh]
    ---------------------

    Doubly Occupied:                                                      

       1A    -13.992619     2A     -9.957001     3A     -9.930289  
       4A     -9.912144     5A     -9.910917     6A     -9.910011  
       7A     -9.908905     8A     -9.906909     9A     -9.906456  
      10A     -9.903429    11A     -9.899002    12A     -9.898430  
      13A     -9.897022    14A     -9.894880    15A     -9.893472  
      16A     -0.849668    17A     -0.776286    18A     -0.755908  
      19A     -0.700311    20A     -0.672100    21A     -0.661423  
      22A     -0.655653    23A     -0.642972    24A     -0.573891  
      25A     -0.542723    26A     -0.536416    27A     -0.530083  
      28A     -0.492071    29A     -0.469287    30A     -0.442323  
      31A     -0.425959    32A     -0.410824    33A     -0.405530  
      34A     -0.396481    35A     -0.389080    36A     -0.383949  
      37A     -0.378153    38A     -0.374671    39A     -0.365788  
      40A     -0.345307    41A     -0.335795    42A     -0.327312  
      43A     -0.314586    44A     -0.308394    45A     -0.303654  
      46A     -0.300878    47A     -0.279492    48A     -0.253792  
      49A     -0.234837    50A     -0.224227    51A     -0.222348  
      52A     -0.186018  

    Virtual:                                                              

      53A     -0.085582    54A     -0.044003    55A     -0.035203  
      56A     -0.026282    57A     -0.000102    58A      0.034083  
      59A      0.042809    60A      0.054743    61A      0.078697  
      62A      0.081218    63A      0.095833    64A      0.100107  
      65A      0.103189    66A      0.106244    67A      0.108492  
      68A      0.117799    69A      0.125715    70A      0.126627  
      71A      0.136920    72A      0.138862    73A      0.171358  
      74A      0.204892    75A      0.223210    76A      0.234506  
      77A      0.248340    78A      0.249704    79A      0.255712  
      80A      0.265621    81A      0.275316    82A      0.284053  
      83A      0.288638    84A      0.315080    85A      0.324315  
      86A      0.349929    87A      0.360289    88A      0.364794  
      89A      0.376726    90A      0.379269    91A      0.393934  
      92A      0.395664    93A      0.401875    94A      0.412899  
      95A      0.425294    96A      0.429876    97A      0.434849  
      98A      0.443219    99A      0.451623   100A      0.452739  
     101A      0.456507   102A      0.462680   103A      0.467255  
     104A      0.487432   105A      0.498143   106A      0.508642  
     107A      0.515427   108A      0.527654   109A      0.540613  
     110A      0.545347   111A      0.555698   112A      0.556587  
     113A      0.570961   114A      0.577666   115A      0.585200  
     116A      0.590199   117A      0.596850   118A      0.599988  
     119A      0.607794   120A      0.614247   121A      0.621958  
     122A      0.624862   123A      0.627106   124A      0.639002  
     125A      0.646566   126A      0.657514   127A      0.664386  
     128A      0.668304   129A      0.672846   130A      0.676879  
     131A      0.682575   132A      0.690688   133A      0.699902  
     134A      0.707592   135A      0.713872   136A      0.725759  
     137A      0.750231   138A      0.752750   139A      0.757588  
     140A      0.781392   141A      0.795037   142A      0.806726  
     143A      0.828977   144A      0.872213   145A      0.888787  
     146A      0.919476   147A      0.932371   148A      1.001036  
     149A      1.001735   150A      1.024469   151A      1.034747  
     152A      1.067164   153A      1.093844   154A      1.111272  
     155A      1.120530   156A      1.145116   157A      1.154426  
     158A      1.179562   159A      1.180897   160A      1.185132  
     161A      1.192727   162A      1.206676   163A      1.214403  
     164A      1.226063   165A      1.228961   166A      1.231154  
     167A      1.237912   168A      1.246431   169A      1.263115  
     170A      1.294089   171A      1.321922   172A      1.440156  
     173A      1.453667   174A      1.473504   175A      1.496512  
     176A      1.523800   177A      1.537106   178A      1.583552  
     179A      1.591991   180A      1.592960   181A      1.600478  
     182A      1.604713   183A      1.637485   184A      1.644087  
     185A      1.651071   186A      1.664897   187A      1.671310  
     188A      1.674517   189A      1.677899   190A      1.680527  
     191A      1.684940   192A      1.688557   193A      1.691289  
     194A      1.700348   195A      1.711334   196A      1.725798  
     197A      1.735671   198A      1.746809   199A      1.756488  
     200A      1.781803   201A      1.794029   202A      1.800543  
     203A      1.827115   204A      1.839201   205A      1.852283  
     206A      1.872201   207A      1.874302   208A      1.879093  
     209A      1.900025   210A      1.900794   211A      1.905893  
     212A      1.909576   213A      1.914574   214A      1.947448  
     215A      1.995584   216A      2.006711   217A      2.019325  
     218A      2.041662   219A      2.043956   220A      2.066288  
     221A      2.068912   222A      2.077911   223A      2.082025  
     224A      2.116497   225A      2.133458   226A      2.149703  
     227A      2.172193   228A      2.181550   229A      2.199813  
     230A      2.214498   231A      2.217029   232A      2.230459  
     233A      2.235298   234A      2.257155   235A      2.263403  
     236A      2.265353   237A      2.299396   238A      2.327912  
     239A      2.346791   240A      2.359283   241A      2.371471  
     242A      2.410928   243A      2.457536   244A      2.475441  
     245A      2.500492   246A      2.519527   247A      2.527693  
     248A      2.537337   249A      2.542916   250A      2.545671  
     251A      2.624486   252A      2.631130   253A      2.635001  
     254A      2.635928   255A      2.645407   256A      2.653254  
     257A      2.682707   258A      2.720765   259A      2.769314  
     260A      2.779574   261A      2.787676   262A      2.794898  
     263A      2.835837   264A      2.854164   265A      2.892957  
     266A      2.917340   267A      2.964075   268A      3.007215  
     269A      3.028523   270A      3.068899   271A      3.135039  
     272A      3.229346   273A      3.273153   274A      3.510203  
     275A      3.540903  

    Final Occupation by Irrep:
              A 
    DOCC [    52 ]
    NA   [    52 ]
    NB   [    52 ]

  @DF-RKS Final Energy:  -594.90899024871942

   => Energetics <=

    Nuclear Repulsion Energy =            857.3117402578450310
    One-Electron Energy =               -2503.9752699189366467
    Two-Electron Energy =                1138.4954038774908440
    DFT Exchange-Correlation Energy =     -86.7070659424411900
    Empirical Dispersion Energy =          -0.0337985226774063
    VV10 Nonlocal Energy =                  0.0000000000000000
    Total Energy =                       -594.9089902487194195

Computation Completed


Properties will be evaluated at   0.000000,   0.000000,   0.000000 [a0]

Properties computed using the SCF density matrix


 Multipole Moments:

 ------------------------------------------------------------------------------------
     Multipole            Electronic (a.u.)      Nuclear  (a.u.)        Total (a.u.)
 ------------------------------------------------------------------------------------

 L = 1.  Multiply by 2.5417464519 to convert [e a0] to [Debye]
 Dipole X            :         -1.9529957            1.4431056           -0.5098901
 Dipole Y            :         -9.6141355            9.4098153           -0.2043202
 Dipole Z            :        -24.7362924           24.1952097           -0.5410828
 Magnitude           :                                                    0.7710416

 ------------------------------------------------------------------------------------

*** tstop() called on LAPTOP-257FNSVV at Thu Sep 10 23:00:05 2026
Module time:
	user time   =        nan seconds =        nan minutes
	system time =        nan seconds =        nan minutes
	total time  =         65 seconds =       1.08 minutes
Total time:
	user time   =        nan seconds =        nan minutes
	system time =        nan seconds =        nan minutes
	total time  =        458 seconds =       7.63 minutes

*** tstart() called on LAPTOP-257FNSVV
*** at Thu Sep 10 23:00:05 2026


         ------------------------------------------------------------
                                   SCF GRAD                          
                          Rob Parrish, Justin Turney,                
                       Andy Simmonett, and Alex Sokolov              
         ------------------------------------------------------------

  ==> Geometry <==

    Molecular point group: c1
    Full point group: C1

    Geometry (in Angstrom), charge = 0, multiplicity = 1:

       Center              X                  Y                   Z               Mass       
    ------------   -----------------  -----------------  -----------------  -----------------
         C           -0.169391524712    -0.553075950513    -1.747589911908    12.000000000000
         C           -0.449397731792    -0.068697149373    -0.344287232554    12.000000000000
         N            0.467201398598     0.259182982949     0.506451471005    14.003074004430
         C            1.837190386233     0.171077427661     0.278900560863    12.000000000000
         C            2.491301743048    -1.083480195297     0.205300571777    12.000000000000
         C            3.883422364625    -1.150719675326     0.060438581936    12.000000000000
         C            4.650969225605     0.021896903054    -0.023367524365    12.000000000000
         C            4.007561570257     1.268867564567     0.050057720835    12.000000000000
         C            2.619049107714     1.349354592506     0.211735617010    12.000000000000
         C           -1.869238942076     0.022621961222     0.098146158019    12.000000000000
         C           -2.938486744736    -0.310938474870    -0.760531694973    12.000000000000
         C           -4.267208554467    -0.211625772758    -0.321084747981    12.000000000000
         C           -4.547386874196     0.219200949561     0.983529675502    12.000000000000
         C           -3.489359853515     0.553254404009     1.849509349669    12.000000000000
         C           -2.166934132976     0.457135801698     1.412211825528    12.000000000000
         H           -0.584074813543    -1.572855432318    -1.897438661641     1.007825032230
         H           -0.663076588221     0.093859430936    -2.499163413371     1.007825032230
         H            0.914514366477    -0.587084166179    -1.954227505756     1.007825032230
         H            1.887894497024    -2.000090130200     0.277027613185     1.007825032230
         H            4.373072629771    -2.135138452731     0.008197529828     1.007825032230
         H            5.742749476383    -0.034865918615    -0.138585939669     1.007825032230
         H            4.596415676498     2.196574880253    -0.013669420813     1.007825032230
         H            2.111781582005     2.321753294582     0.284598601679     1.007825032230
         H           -2.739638219885    -0.651901299129    -1.786177308402     1.007825032230
         H           -5.087900745458    -0.473238727049    -1.005169362138     1.007825032230
         H           -5.589116384078     0.294688806609     1.329083412650     1.007825032230
         H           -3.704737816539     0.890145083863     2.874627089480     1.007825032230
         H           -1.317175098042     0.714097260688     2.061476944705     1.007825032230

  Nuclear repulsion =  857.311740257845031

  ==> Basis Set <==

  Basis Set: DEF2-SVP
    Blend: DEF2-SVP
    Number of shells: 129
    Number of basis functions: 275
    Number of Cartesian functions: 290
    Spherical Harmonics?: true
    Max angular momentum: 2

  ==> DFJKGrad: Density-Fitted SCF Gradients <==

    Gradient:                    1
    J tasked:                  Yes
    K tasked:                   No
    wK tasked:                  No
    OpenMP threads:              2
    Integrals threads:           2
    Memory [MiB]:              357
    Schwarz Cutoff:          1E-12
    Fitting Condition:       1E-10

   => Auxiliary Basis Set <=

  Basis Set: (DEF2-SVP AUX)
    Blend: DEF2-UNIVERSAL-JKFIT
    Number of shells: 453
    Number of basis functions: 1361
    Number of Cartesian functions: 1599
    Spherical Harmonics?: true
    Max angular momentum: 4

  ==> DFT Potential <==

   => LibXC <=

    Version 7.1.2
    S. Lehtola, C. Steigemann, M. J. T. Oliveira, and M. A. L. Marques,  SoftwareX 7, 1–5 (2018) (10.1016/j.softx.2017.11.002)

   => Composite Functional: PBE-D3BJ2B <= 

    PBE GGA Exchange-Correlation Functional

    J.P. Perdew et. al., Phys. Rev. Lett., 77(18), 3865-3868, 1996


    Deriv               =              1
    GGA                 =           TRUE
    Meta                =          FALSE

    Exchange Hybrid     =          FALSE
    MP2 Hybrid          =          FALSE

   => Exchange Functionals <=

    1.0000     XC_GGA_X_PBE

   => Correlation Functionals <=

    1.0000     XC_GGA_C_PBE

   => LibXC Density Thresholds  <==

    XC_GGA_C_PBE:  1.00E-12 
    XC_GGA_X_PBE:  1.00E-15 

   => Molecular Quadrature <=

    Radial Scheme          =       TREUTLER
    Pruning Scheme         =           NONE
    Nuclear Scheme         =       TREUTLER

    Blocking Scheme        =         OCTREE
    BS radius alpha        =              1
    Pruning alpha          =              1
    Radial Points          =             75
    Spherical Points       =            302
    Total Points           =         581440
    Total Blocks           =           4271
    Max Points             =            256
    Max Functions          =            219
    Weights Tolerance      =       1.00E-15


  -Total Gradient:
     Atom            X                  Y                   Z
    ------   -----------------  -----------------  -----------------
       1        0.000334600341     0.002453392694     0.000639706647
       2       -0.002758563960     0.002604635071    -0.001667902795
       3        0.002741015791    -0.002537525393     0.000349296337
       4       -0.001076231637     0.001345537796     0.000483081803
       5       -0.000000662005    -0.000484604502     0.000627754151
       6       -0.000153597083    -0.000035377386     0.000096922011
       7        0.000573699999     0.000148717723    -0.000149010466
       8        0.000280934138    -0.000202877192     0.000093379165
       9        0.000076768357     0.000460618977    -0.000161694771
      10        0.001526896274    -0.001634093720    -0.001000278699
      11        0.000398397423    -0.000072764692     0.000086243520
      12       -0.000188646023     0.000063902679    -0.000127554097
      13       -0.000526899601    -0.000010690298    -0.000231848401
      14        0.001012197511     0.000191593578    -0.000027951280
      15       -0.001784566455     0.000413707208     0.001827791512
      16       -0.000663305849    -0.000568354612    -0.000231994898
      17        0.000023552954    -0.001286228429     0.000157820989
      18       -0.000423059715    -0.000783728818     0.000205446955
      19        0.000014403079     0.000502633289    -0.000232736173
      20       -0.000159337564     0.000246794186    -0.000080089182
      21       -0.000463514839     0.000024234244     0.000096110787
      22       -0.000209491482    -0.000201107015    -0.000029772095
      23        0.000097512986    -0.000437217106    -0.000094717474
      24        0.000221014101     0.000007594692     0.000127166950
      25        0.000363270995     0.000150909656     0.000149962196
      26        0.000381189485    -0.000079733858    -0.000060374990
      27        0.000007270334    -0.000198649004    -0.000282623399
      28        0.000366256704    -0.000094684698    -0.000526474917


*** tstop() called on LAPTOP-257FNSVV at Thu Sep 10 23:00:23 2026
Module time:
	user time   =        nan seconds =        nan minutes
	system time =        nan seconds =        nan minutes
	total time  =         18 seconds =       0.30 minutes
Total time:
	user time   =        nan seconds =        nan minutes
	system time =        nan seconds =        nan minutes
	total time  =        476 seconds =       7.93 minutes

    			-----------------------------------------

    			 OPTKING 3.0: for geometry optimizations 

    			     By R.A. King, Bethel University     

    			        with contributions from          

    			    A.V. Copan, J. Cayton, A. Heide      

    			-----------------------------------------

    
	                            ===> Fragment 1 <== 

	 Z (Atomic Numbers)          Masses                          Geom                  
	       6.000000            12.000000         -0.32010359 -1.04516207 -3.30246631   
	       6.000000            12.000000         -0.84923863 -0.12981880 -0.65060858   
	       7.000000            14.003074          0.88288269  0.48978485  0.95705458   
	       6.000000            12.000000          3.47178667  0.32328948  0.52704568   
	       6.000000            12.000000          4.70787799 -2.04748083  0.38796185   
	       6.000000            12.000000          7.33860470 -2.17454503  0.11421237   
	       6.000000            12.000000          8.78905805  0.04137915 -0.04415822   
	       6.000000            12.000000          7.57319380  2.39781219  0.09459538   
	       6.000000            12.000000          4.94928552  2.54991063  0.40012233   
	       6.000000            12.000000         -3.53234966  0.04274931  0.18546936   
	       6.000000            12.000000         -5.55293517 -0.58758856 -1.43719661   
	       6.000000            12.000000         -8.06385549 -0.39991475 -0.60676224   
	       6.000000            12.000000         -8.59331578  0.41422976  1.85860172   
	       6.000000            12.000000         -6.59393448  1.04549930  3.49506614   
	       6.000000            12.000000         -4.09491204  0.86386147  2.66869358   
	       1.000000             1.007825         -1.10374143 -2.97226600 -3.58563941   
	       1.000000             1.007825         -1.25303315  0.17736862 -4.72273439   
	       1.000000             1.007825          1.72818169 -1.10942829 -3.69295477   
	       1.000000             1.007825          3.56760355 -3.77962257  0.52350632   
	       1.000000             1.007825          8.26390960 -4.03482692  0.01549109   
	       1.000000             1.007825         10.85222372 -0.06588704 -0.26188947   
	       1.000000             1.007825          8.68596679  4.15092494 -0.02583146   
	       1.000000             1.007825          3.99068883  4.38747786  0.53781341   
	       1.000000             1.007825         -5.17716592 -1.23191492 -3.37538592   
	       1.000000             1.007825         -9.61473896 -0.89429159 -1.89949480   
	       1.000000             1.007825        -10.56189925   0.55688114   2.51160365 
	       1.000000             1.007825         -7.00093984  1.68213042  5.43225791   
	       1.000000             1.007825         -2.48910019  1.34944825  3.89562684   

	 - Coordinate -           - BOHR/RAD -       - ANG/DEG -
	 R(1,2)           =         2.854853           1.510723
	 R(1,16)          =         2.099525           1.111021
	 R(1,17)          =         2.093347           1.107751
	 R(1,18)          =         2.086165           1.103951
	 R(2,3)           =         2.443099           1.292832
	 R(2,10)          =         2.815651           1.489978
	 R(3,4)           =         2.629649           1.391550
	 R(4,5)           =         2.677278           1.416755
	 R(4,9)           =         2.675248           1.415680
	 R(5,6)           =         2.647982           1.401252
	 R(5,19)          =         2.078199           1.099736
	 R(6,7)           =         2.653152           1.403988
	 R(6,20)          =         2.080044           1.100712
	 R(7,8)           =         2.655250           1.405098
	 R(7,21)          =         2.077394           1.099310
	 R(8,9)           =         2.646011           1.400209
	 R(8,22)          =         2.079945           1.100659
	 R(9,23)          =         2.077142           1.099176
	 R(10,11)         =         2.667046           1.411340
	 R(10,15)         =         2.675276           1.415695
	 R(11,12)         =         2.651332           1.403025
	 R(11,24)         =         2.076761           1.098975
	 R(12,13)         =         2.649751           1.402188
	 R(12,25)         =         2.078655           1.099977
	 R(13,14)         =         2.659707           1.407456
	 R(13,26)         =         2.078962           1.100139
	 R(14,15)         =         2.638370           1.396165
	 R(14,27)         =         2.079342           1.100341
	 R(15,28)         =         2.078411           1.099848
	 B(1,2,3)         =         2.166583         124.136069
	 B(1,2,10)        =         2.062465         118.170532
	 B(2,1,16)        =         1.928796         110.511847
	 B(2,1,17)        =         1.939465         111.123185
	 B(2,1,18)        =         1.945211         111.452400
	 B(2,3,4)         =         2.182591         125.053230
	 B(2,10,11)       =         2.125630         121.789623
	 B(2,10,15)       =         2.088421         119.657713
	 B(3,2,10)        =         2.054057         117.688801
	 B(3,4,5)         =         2.116599         121.272197
	 B(3,4,9)         =         2.092997         119.919879
	 B(4,5,6)         =         2.101976         120.434350
	 B(4,5,19)        =         2.072987         118.773409
	 B(4,9,8)         =         2.100534         120.351723
	 B(4,9,23)        =         2.069496         118.573406
	 B(5,4,9)         =         2.070956         118.657015
	 B(5,6,7)         =         2.105076         120.611996
	 B(5,6,20)        =         2.082625         119.325597
	 B(6,5,19)        =         2.108140         120.787553
	 B(6,7,8)         =         2.080316         119.193315
	 B(6,7,21)        =         2.101426         120.402857
	 B(7,6,20)        =         2.095475         120.061887
	 B(7,8,9)         =         2.107297         120.739226
	 B(7,8,22)        =         2.094398         120.000179
	 B(8,7,21)        =         2.101423         120.402687
	 B(8,9,23)        =         2.113145         121.074302
	 B(9,8,22)        =         2.081473         119.259631
	 B(10,11,12)      =         2.106209         120.676907
	 B(10,11,24)      =         2.099091         120.269051
	 B(10,15,14)      =         2.107184         120.732753
	 B(10,15,28)      =         2.045625         117.205676
	 B(11,10,15)      =         2.069132         118.552527
	 B(11,12,13)      =         2.097169         120.158941
	 B(11,12,25)      =         2.088587         119.667206
	 B(12,11,24)      =         2.077884         119.054003
	 B(12,13,14)      =         2.088842         119.681814
	 B(12,13,26)      =         2.097321         120.167655
	 B(13,12,25)      =         2.097429         120.173851
	 B(13,14,15)      =         2.097831         120.196874
	 B(13,14,27)      =         2.092945         119.916910
	 B(14,13,26)      =         2.097022         120.150494
	 B(14,15,28)      =         2.130373         122.061386
	 B(15,14,27)      =         2.092409         119.886182
	 B(16,1,17)       =         1.852712         106.152598
	 B(16,1,18)       =         1.889090         108.236873
	 B(17,1,18)       =         1.905583         109.181837
	 D(1,2,3,4)       =        -0.042479          -2.433852
	 D(1,2,10,11)     =        -0.015725          -0.900948
	 D(1,2,10,15)     =        -3.154932        -180.764287
	 D(2,3,4,5)       =        -1.236501         -70.846264
	 D(2,3,4,9)       =         1.984077         113.679225
	 D(2,10,11,12)    =         3.145733         180.237249
	 D(2,10,11,24)    =         0.002861           0.163949
	 D(2,10,15,14)    =        -3.143554        -180.112357
	 D(2,10,15,28)    =         0.000718           0.041139
	 D(3,2,1,16)      =         2.097255         120.163869
	 D(3,2,1,17)      =        -2.133803        -122.257933
	 D(3,2,1,18)      =        -0.004096          -0.234694
	 D(3,2,10,11)     =        -3.144271        -180.153462
	 D(3,2,10,15)     =        -0.000293          -0.016801
	 D(3,4,5,6)       =        -3.070539        -175.928946
	 D(3,4,5,19)      =         0.057415           3.289635
	 D(3,4,9,8)       =         3.085680         176.796422
	 D(3,4,9,23)      =        -0.060649          -3.474908
	 D(4,3,2,10)      =         3.085219         176.770037
	 D(4,5,6,7)       =        -0.007746          -0.443832
	 D(4,5,6,20)      =        -3.144763        -180.181651
	 D(4,9,8,7)       =        -0.020641          -1.182628
	 D(4,9,8,22)      =         3.127185         179.174514
	 D(5,4,9,8)       =         0.021016           1.204115
	 D(5,4,9,23)      =        -3.125312        -179.067215
	 D(5,6,7,8)       =         0.008457           0.484554
	 D(5,6,7,21)      =         3.143295         180.097519
	 D(6,5,4,9)       =        -0.006959          -0.398714
	 D(6,7,8,9)       =         0.005729           0.328231
	 D(6,7,8,22)      =         3.141042         179.968453
	 D(7,6,5,19)      =        -3.135423        -179.646532
	 D(7,8,9,23)      =         3.125808         179.095578
	 D(8,7,6,20)      =        -3.137745        -179.779556
	 D(9,4,5,19)      =         3.120995         178.819867
	 D(9,8,7,21)      =        -3.129109        -179.284735
	 D(10,2,1,16)     =        -1.030381         -59.036463
	 D(10,2,1,17)     =         1.021746          58.541734
	 D(10,2,1,18)     =         3.151453         180.564974
	 D(10,11,12,13)   =        -0.002709          -0.155192
	 D(10,11,12,25)   =        -3.144502        -180.166693
	 D(10,15,14,13)   =        -0.001553          -0.089002
	 D(10,15,14,27)   =        -3.144317        -180.156082
	 D(11,10,15,14)   =         0.000347           0.019887
	 D(11,10,15,28)   =         3.144619         180.173383
	 D(11,12,13,14)   =         0.001481           0.084852
	 D(11,12,13,26)   =        -3.138885        -179.844863
	 D(12,11,10,15)   =         0.001781           0.102048
	 D(12,13,14,15)   =         0.000637           0.036486
	 D(12,13,14,27)   =        -3.139785        -179.896414
	 D(13,12,11,24)   =         3.140148         179.917229
	 D(13,14,15,28)   =        -3.145957        -180.250086
	 D(14,13,12,25)   =         3.143275         180.096412
	 D(15,10,11,24)   =        -3.141091        -179.971253
	 D(15,14,13,26)   =         3.141003         179.966213
	 D(19,5,6,20)     =         0.010745           0.615650
	 D(20,6,7,21)     =        -0.002908          -0.166592
	 D(21,7,8,22)     =         0.006204           0.355488
	 D(22,8,9,23)     =        -0.009552          -0.547279
	 D(24,11,12,25)   =        -0.001645          -0.094272
	 D(25,12,13,26)   =         0.002909           0.166697
	 D(26,13,14,27)   =         0.000581           0.033313
	 D(27,14,15,28)   =        -0.005536          -0.317165


	        --- Internal Coordinate Step in ANG or DEG, aJ/ANG or AJ/DEG ---
	-------------------------------------------------------------------------------
	           Coordinate      Previous         Force          Change          New 
	           ----------      --------        ------          ------        ------
	               R(1,2)       1.51072        0.00649        0.00168       1.51240
	              R(1,16)       1.11102       -0.00661       -0.00131       1.10971
	              R(1,17)       1.10775        0.00716        0.00140       1.10915
	              R(1,18)       1.10395        0.00354        0.00047       1.10442
	               R(2,3)       1.29283       -0.01292       -0.00128       1.29155
	              R(2,10)       1.48998        0.01474        0.00239       1.49237
	               R(3,4)       1.39155        0.00988        0.00200       1.39355
	               R(4,5)       1.41675        0.00209        0.00033       1.41709
	               R(4,9)       1.41568       -0.00024       -0.00008       1.41560
	               R(5,6)       1.40125        0.00168        0.00078       1.40203
	              R(5,19)       1.09974        0.00365        0.00064       1.10038
	               R(6,7)       1.40399       -0.00007        0.00024       1.40423
	              R(6,20)       1.10071        0.00238        0.00031       1.10102
	               R(7,8)       1.40510        0.00176        0.00049       1.40559
	              R(7,21)       1.09931        0.00389        0.00079       1.10010
	               R(8,9)       1.40021       -0.00058        0.00047       1.40068
	              R(8,22)       1.10066        0.00230        0.00029       1.10095
	              R(9,23)       1.09918        0.00360        0.00066       1.09983
	             R(10,11)       1.41134        0.00668        0.00065       1.41199
	             R(10,15)       1.41570       -0.00725       -0.00122       1.41448
	             R(11,12)       1.40302        0.00190        0.00066       1.40368
	             R(11,24)       1.09897        0.00066        0.00026       1.09923
	             R(12,13)       1.40219        0.00044        0.00041       1.40260
	             R(12,25)       1.09998        0.00329        0.00056       1.10054
	             R(13,14)       1.40746       -0.00285       -0.00025       1.40721
	             R(13,26)       1.10014        0.00318        0.00059       1.10073
	             R(14,15)       1.39617        0.00771        0.00178       1.39795
	             R(14,27)       1.10034        0.00269        0.00044       1.10078
	             R(15,28)       1.09985        0.00042        0.00007       1.09991
	             B(1,2,3)     124.13607       -0.00006       -0.00937     124.12670
	            B(1,2,10)     118.17053        0.00010        0.13584     118.30638
	            B(2,1,16)     110.51185        0.00004        0.32743     110.83928
	            B(2,1,17)     111.12318       -0.00008       -0.57963     110.54355
	            B(2,1,18)     111.45240       -0.00002       -0.11968     111.33272
	             B(2,3,4)     125.05323       -0.00017       -0.63509     124.41814
	           B(2,10,11)     121.78962        0.00008        0.12015     121.90977
	           B(2,10,15)     119.65771       -0.00007       -0.17898     119.47873
	            B(3,2,10)     117.68880       -0.00004       -0.12481     117.56399
	             B(3,4,5)     121.27220        0.00006        0.16810     121.44030
	             B(3,4,9)     119.91988       -0.00006       -0.18096     119.73892
	             B(4,5,6)     120.43435       -0.00000       -0.00468     120.42967
	            B(4,5,19)     118.77341        0.00002        0.13146     118.90487
	             B(4,9,8)     120.35172        0.00001        0.01764     120.36936
	            B(4,9,23)     118.57341        0.00001        0.08510     118.65851
	             B(5,4,9)     118.65701        0.00000        0.02698     118.68399
	             B(5,6,7)     120.61200       -0.00001       -0.05597     120.55603
	            B(5,6,20)     119.32560        0.00001        0.05307     119.37866
	            B(6,5,19)     120.78755       -0.00002       -0.13189     120.65567
	             B(6,7,8)     119.19331        0.00001        0.07435     119.26767
	            B(6,7,21)     120.40286       -0.00001       -0.03785     120.36500
	            B(7,6,20)     120.06189        0.00000        0.00330     120.06518
	             B(7,8,9)     120.73923       -0.00001       -0.06010     120.67913
	            B(7,8,22)     120.00018       -0.00000       -0.00741     119.99277
	            B(8,7,21)     120.40269       -0.00001       -0.03672     120.36597
	            B(8,9,23)     121.07430       -0.00001       -0.10250     120.97180
	            B(9,8,22)     119.25963        0.00001        0.06654     119.32617
	          B(10,11,12)     120.67691        0.00000       -0.04233     120.63458
	          B(10,11,24)     120.26905        0.00002        0.13156     120.40061
	          B(10,15,14)     120.73275        0.00001       -0.02013     120.71263
	          B(10,15,28)     117.20568        0.00005        0.38506     117.59073
	          B(11,10,15)     118.55253       -0.00001        0.05892     118.61145
	          B(11,12,13)     120.15894        0.00000        0.00822     120.16717
	          B(11,12,25)     119.66721        0.00001        0.03973     119.70694
	          B(12,11,24)     119.05400       -0.00002       -0.08928     118.96472
	          B(12,13,14)     119.68181       -0.00000        0.00172     119.68354
	          B(12,13,26)     120.16765       -0.00000       -0.01530     120.15236
	          B(13,12,25)     120.17385       -0.00001       -0.04797     120.12588
	          B(13,14,15)     120.19687        0.00000       -0.00623     120.19064
	          B(13,14,27)     119.91691        0.00000        0.03400     119.95091
	          B(14,13,26)     120.15049        0.00001        0.01361     120.16411
	          B(14,15,28)     122.06139       -0.00006       -0.36486     121.69653
	          B(15,14,27)     119.88618       -0.00001       -0.02775     119.85843
	           B(16,1,17)     106.15260        0.00006        0.44503     106.59763
	           B(16,1,18)     108.23687        0.00002        0.38011     108.61699
	           B(17,1,18)     109.18184       -0.00001       -0.41918     108.76265
	           D(1,2,3,4)      -2.43385       -0.00005       -1.48885      -3.92270
	         D(1,2,10,11)      -0.90095        0.00003        2.44771       1.54676
	         D(1,2,10,15)    -180.76429        0.00003        2.23195    -178.53234
	           D(2,3,4,5)     -70.84626        0.00004        1.83735     -69.00891
	           D(2,3,4,9)     113.67923        0.00003        1.61987     115.29910
	        D(2,10,11,12)     180.23725       -0.00001       -0.29924     179.93801
	        D(2,10,11,24)       0.16395       -0.00001       -0.11804       0.04591
	        D(2,10,15,14)    -180.11236        0.00001        0.16623    -179.94613
	        D(2,10,15,28)       0.04114        0.00001        0.13304       0.17418
	          D(3,2,1,16)     120.16387        0.00001       -2.90628     117.25759
	          D(3,2,1,17)    -122.25793        0.00006       -2.51189    -124.76982
	          D(3,2,1,18)      -0.23469       -0.00002       -3.52999      -3.76469
	         D(3,2,10,11)    -180.15346       -0.00002        1.10326    -179.05020
	         D(3,2,10,15)      -0.01680       -0.00003        0.88750       0.87069
	           D(3,4,5,6)    -175.92895       -0.00000       -0.20032    -176.12926
	          D(3,4,5,19)       3.28963       -0.00001       -0.54962       2.74001
	           D(3,4,9,8)     176.79642        0.00001        0.28292     177.07934
	          D(3,4,9,23)      -3.47491        0.00001        0.34764      -3.12727
	          D(4,3,2,10)     176.77004        0.00001       -0.05782     176.71222
	           D(4,5,6,7)      -0.44383       -0.00000       -0.07871      -0.52254
	          D(4,5,6,20)    -180.18165       -0.00001       -0.21347    -180.39512
	           D(4,9,8,7)      -1.18263       -0.00000       -0.06171      -1.24434
	          D(4,9,8,22)     179.17451        0.00000        0.08709     179.26161
	           D(5,4,9,8)       1.20411        0.00000        0.06469       1.26881
	          D(5,4,9,23)    -179.06721        0.00000        0.12941    -178.93780
	           D(5,6,7,8)       0.48455        0.00000        0.08137       0.56593
	          D(5,6,7,21)     180.09752        0.00000        0.04558     180.14310
	           D(6,5,4,9)      -0.39871        0.00000        0.00565      -0.39306
	           D(6,7,8,9)       0.32823        0.00000       -0.01162       0.31661
	          D(6,7,8,22)     179.96845       -0.00000       -0.16115     179.80730
	          D(7,6,5,19)    -179.64653        0.00001        0.27466    -179.37187
	          D(7,8,9,23)     179.09558       -0.00000       -0.12847     178.96711
	          D(8,7,6,20)    -179.77956        0.00001        0.21718    -179.56237
	          D(9,4,5,19)     178.81987       -0.00001       -0.34365     178.47621
	          D(9,8,7,21)    -179.28473        0.00000        0.02418    -179.26055
	         D(10,2,1,16)     -59.03646       -0.00005       -4.34524     -63.38170
	         D(10,2,1,17)      58.54173       -0.00000       -3.95085      54.59089
	         D(10,2,1,18)     180.56497       -0.00008       -4.96895     175.59602
	       D(10,11,12,13)      -0.15519        0.00001        0.15435      -0.00085
	       D(10,11,12,25)    -180.16669        0.00001        0.11702    -180.04967
	       D(10,15,14,13)      -0.08900        0.00000        0.10217       0.01317
	       D(10,15,14,27)    -180.15608        0.00000        0.11925    -180.03683
	       D(11,10,15,14)       0.01989        0.00000       -0.04251      -0.02262
	       D(11,10,15,28)     180.17338       -0.00000       -0.07569     180.09769
	       D(11,12,13,14)       0.08485       -0.00000       -0.09382      -0.00897
	       D(11,12,13,26)    -179.84486       -0.00000       -0.16211    -180.00697
	       D(12,11,10,15)       0.10205       -0.00001       -0.08559       0.01645
	       D(12,13,14,15)       0.03649       -0.00000       -0.03364       0.00285
	       D(12,13,14,27)    -179.89641       -0.00000       -0.05069    -179.94710
	       D(13,12,11,24)     179.91723        0.00000       -0.02445     179.89278
	       D(13,14,15,28)    -180.25009        0.00001        0.13793    -180.11216
	       D(14,13,12,25)     180.09641       -0.00000       -0.05635     180.04006
	       D(15,10,11,24)    -179.97125        0.00000        0.09561    -179.87564
	       D(15,14,13,26)     179.96621        0.00000        0.03463     180.00085
	         D(19,5,6,20)       0.61565        0.00000        0.13991       0.75556
	         D(20,6,7,21)      -0.16659        0.00000        0.18139       0.01480
	         D(21,7,8,22)       0.35549       -0.00000       -0.12535       0.23014
	         D(22,8,9,23)      -0.54728        0.00000        0.02033      -0.52695
	       D(24,11,12,25)      -0.09427       -0.00000       -0.06177      -0.15604
	       D(25,12,13,26)       0.16670       -0.00000       -0.12464       0.04206
	       D(26,13,14,27)       0.03331       -0.00000        0.01758       0.05090
	       D(27,14,15,28)      -0.31717        0.00001        0.15500      -0.16216
	-------------------------------------------------------------------------------

	                                 ==> Convergence Check <==                                  
    
	Measures of convergence in internal coordinates in au.
    
	Criteria marked as inactive (o), active & met (*), and active & unmet ( ).

	----------------------------------------------------------------------------------------------
	   Step    Total Energy     Delta E     Max Force     RMS Force      Max Disp      RMS Disp   
	----------------------------------------------------------------------------------------------
	  Convergence Criteria              o    1.50e-05 *    1.00e-05 *    6.00e-05 *    4.00e-05 *
	----------------------------------------------------------------------------------------------
	     6    -594.90899025   -2.84e-04 o    2.22e-03      4.75e-04      8.67e-02      1.57e-02    ~
	----------------------------------------------------------------------------------------------

Next Geometry in Ang 
	Fragment 1 (Ang)

	    C  -0.1563856465  -0.5410601792  -1.7442780664
	    C  -0.4458148141  -0.0727793213  -0.3356236304
	    N   0.4637311440   0.2640133091   0.5172552732
	    C   1.8346077186   0.1688006096   0.2857028296
	    C   2.4814943939  -1.0878921756   0.1837306773
	    C   3.8733512834  -1.1597886847   0.0312562354
	    C   4.6458205954   0.0110823728  -0.0336726012
	    C   4.0098432182   1.2604329264   0.0679673988
	    C   2.6221610921   1.3441700863   0.2389239216
	    C  -1.8700296305   0.0220126996   0.1000174655
	    C  -2.9365713541  -0.3415763380  -0.7508739401
	    C  -4.2665311986  -0.2429528642  -0.3129163147
	    C  -4.5502441808   0.2199135807   0.9803566923
	    C  -3.4951362388   0.5848527086   1.8369835072
	    C  -2.1702874492   0.4868549735   1.4017535390
	    H  -0.5037431692  -1.5845134319  -1.8926242047
	    H  -0.7021960235   0.0823999338  -2.4815684504
	    H   0.9238001332  -0.4936681433  -1.9694539896
	    H   1.8757165442  -2.0044579885   0.2451149603
	    H   4.3587487999  -2.1454893090  -0.0396891034
	    H   5.7374853681  -0.0489535458  -0.1557059702
	    H   4.6042756783   2.1859645895   0.0217665142
	    H   2.1216187324   2.3186900034   0.3358788572
	    H  -2.7367597896  -0.7084851810  -1.7676142519
	    H  -5.0860952620  -0.5296999917  -0.9891381355
	    H  -5.5932605405   0.2972632376   1.3235002644
	    H  -3.7127299664   0.9478522307   2.8531485331
	    H  -1.3268694379   0.7670138921   2.0498019893


    Structure for next step:
    Molecular point group: c1
    Full point group: C1

    Geometry (in Angstrom), charge = 0, multiplicity = 1:

    C           -0.156385646519    -0.541060179155    -1.744278066426
    C           -0.445814814149    -0.072779321261    -0.335623630378
    N            0.463731143962     0.264013309126     0.517255273179
    C            1.834607718615     0.168800609638     0.285702829561
    C            2.481494393941    -1.087892175566     0.183730677335
    C            3.873351283445    -1.159788684723     0.031256235402
    C            4.645820595442     0.011082372842    -0.033672601206
    C            4.009843218173     1.260432926352     0.067967398843
    C            2.622161092145     1.344170086312     0.238923921608
    C           -1.870029630514     0.022012699640     0.100017465479
    C           -2.936571354113    -0.341576338043    -0.750873940124
    C           -4.266531198560    -0.242952864225    -0.312916314707
    C           -4.550244180774     0.219913580733     0.980356692335
    C           -3.495136238794     0.584852708595     1.836983507248
    C           -2.170287449236     0.486854973518     1.401753539043
    H           -0.503743169196    -1.584513431904    -1.892624204739
    H           -0.702196023475     0.082399933842    -2.481568450353
    H            0.923800133154    -0.493668143253    -1.969453989609
    H            1.875716544215    -2.004457988533     0.245114960300
    H            4.358748799857    -2.145489308961    -0.039689103420
    H            5.737485368117    -0.048953545820    -0.155705970159
    H            4.604275678294     2.185964589533     0.021766514213
    H            2.121618732409     2.318690003380     0.335878857220
    H           -2.736759789639    -0.708485181024    -1.767614251868
    H           -5.086095261987    -0.529699991696    -0.989138135531
    H           -5.593260540532     0.297263237637     1.323500264430
    H           -3.712729966389     0.947852230742     2.853148533143
    H           -1.326869437894     0.767013892073     2.049801989281


Scratch directory: C:\Users\HUIWEI\Documents\Codex\2026-09-10\25-ee-phase5-phase24-1-hantzsch-3\work\qm_scratch\pbe_E_opt_01/
gradient() will perform analytic gradient computation.
   => Libint2 <=

    Primary   basis highest AM E, G, H:  7, 6, -
    Auxiliary basis highest AM E, G, H:  7, 7, -
    Onebody   basis highest AM E, G, H:  -, -, -
    Solid Harmonics ordering:            Gaussian

*** tstart() called on LAPTOP-257FNSVV
*** at Thu Sep 10 23:00:25 2026

   => Loading Basis Set <=

    Name: DEF2-SVP
    Role: ORBITAL
    Keyword: BASIS
    atoms 1-2, 4-15 entry C          line    90 file C:\Users\HUIWEI\miniconda3\envs\phase7\Library\share\psi4\basis\def2-svp.gbs 
    atoms 3         entry N          line   110 file C:\Users\HUIWEI\miniconda3\envs\phase7\Library\share\psi4\basis\def2-svp.gbs 
    atoms 16-28     entry H          line    15 file C:\Users\HUIWEI\miniconda3\envs\phase7\Library\share\psi4\basis\def2-svp.gbs 

   => PBE-D3(BJ): Empirical Dispersion <=

    Grimme's -D3 (BJ-damping) Dispersion Correction
    Grimme S.; Ehrlich S.; Goerigk L. (2011), J. Comput. Chem., 32: 1456

        s6 =       1.000000
        s8 =       0.787500
        a1 =       0.428900
        a2 =       4.440700


         ---------------------------------------------------------
                                   SCF
               by Justin Turney, Rob Parrish, Andy Simmonett
                          and Daniel G. A. Smith
                              RKS Reference
                        2 Threads,    476 MiB Core
         ---------------------------------------------------------

  ==> Geometry <==

    Molecular point group: c1
    Full point group: C1

    Geometry (in Angstrom), charge = 0, multiplicity = 1:

       Center              X                  Y                   Z               Mass       
    ------------   -----------------  -----------------  -----------------  -----------------
         C           -0.156385646519    -0.541060179155    -1.744278066426    12.000000000000
         C           -0.445814814149    -0.072779321261    -0.335623630378    12.000000000000
         N            0.463731143962     0.264013309126     0.517255273179    14.003074004430
         C            1.834607718615     0.168800609638     0.285702829561    12.000000000000
         C            2.481494393941    -1.087892175566     0.183730677335    12.000000000000
         C            3.873351283445    -1.159788684723     0.031256235402    12.000000000000
         C            4.645820595442     0.011082372842    -0.033672601206    12.000000000000
         C            4.009843218173     1.260432926352     0.067967398843    12.000000000000
         C            2.622161092145     1.344170086312     0.238923921608    12.000000000000
         C           -1.870029630514     0.022012699640     0.100017465479    12.000000000000
         C           -2.936571354113    -0.341576338043    -0.750873940124    12.000000000000
         C           -4.266531198560    -0.242952864225    -0.312916314707    12.000000000000
         C           -4.550244180774     0.219913580733     0.980356692335    12.000000000000
         C           -3.495136238794     0.584852708595     1.836983507248    12.000000000000
         C           -2.170287449236     0.486854973518     1.401753539043    12.000000000000
         H           -0.503743169196    -1.584513431904    -1.892624204739     1.007825032230
         H           -0.702196023475     0.082399933842    -2.481568450353     1.007825032230
         H            0.923800133154    -0.493668143253    -1.969453989609     1.007825032230
         H            1.875716544215    -2.004457988533     0.245114960300     1.007825032230
         H            4.358748799857    -2.145489308961    -0.039689103420     1.007825032230
         H            5.737485368117    -0.048953545820    -0.155705970159     1.007825032230
         H            4.604275678294     2.185964589533     0.021766514213     1.007825032230
         H            2.121618732409     2.318690003380     0.335878857220     1.007825032230
         H           -2.736759789639    -0.708485181024    -1.767614251868     1.007825032230
         H           -5.086095261987    -0.529699991696    -0.989138135531     1.007825032230
         H           -5.593260540532     0.297263237637     1.323500264430     1.007825032230
         H           -3.712729966389     0.947852230742     2.853148533143     1.007825032230
         H           -1.326869437894     0.767013892073     2.049801989281     1.007825032230

  Running in c1 symmetry.

  Rotational constants: A =      0.06419  B =      0.00890  C =      0.00838 [cm^-1]
  Rotational constants: A =   1924.43236  B =    266.87576  C =    251.33861 [MHz]
  Nuclear repulsion =  857.378372402407990

  Charge       = 0
  Multiplicity = 1
  Electrons    = 104
  Nalpha       = 52
  Nbeta        = 52

  ==> Algorithm <==

  SCF Algorithm Type is DF.
  DIIS enabled.
  MOM disabled.
  Fractional occupation disabled.
  Guess Type is READ.
  Energy threshold   = 1.00e-09
  Density threshold  = 1.00e-08
  Integral threshold = 1.00e-12

  ==> Primary Basis <==

  Basis Set: DEF2-SVP
    Blend: DEF2-SVP
    Number of shells: 129
    Number of basis functions: 275
    Number of Cartesian functions: 290
    Spherical Harmonics?: true
    Max angular momentum: 2

  ==> DFT Potential <==

   => LibXC <=

    Version 7.1.2
    S. Lehtola, C. Steigemann, M. J. T. Oliveira, and M. A. L. Marques,  SoftwareX 7, 1–5 (2018) (10.1016/j.softx.2017.11.002)

   => Composite Functional: PBE-D3BJ2B <= 

    PBE GGA Exchange-Correlation Functional

    J.P. Perdew et. al., Phys. Rev. Lett., 77(18), 3865-3868, 1996


    Deriv               =              1
    GGA                 =           TRUE
    Meta                =          FALSE

    Exchange Hybrid     =          FALSE
    MP2 Hybrid          =          FALSE

   => Exchange Functionals <=

    1.0000     XC_GGA_X_PBE

   => Correlation Functionals <=

    1.0000     XC_GGA_C_PBE

   => LibXC Density Thresholds  <==

    XC_GGA_C_PBE:  1.00E-12 
    XC_GGA_X_PBE:  1.00E-15 

   => Molecular Quadrature <=

    Radial Scheme          =       TREUTLER
    Pruning Scheme         =           NONE
    Nuclear Scheme         =       TREUTLER

    Blocking Scheme        =         OCTREE
    BS radius alpha        =              1
    Pruning alpha          =              1
    Radial Points          =             75
    Spherical Points       =            302
    Total Points           =         581480
    Total Blocks           =           4269
    Max Points             =            256
    Max Functions          =            218
    Weights Tolerance      =       1.00E-15

   => Loading Basis Set <=

    Name: (DEF2-SVP AUX)
    Role: JKFIT
    Keyword: DF_BASIS_SCF
    atoms 1-2, 4-15 entry C          line   198 file C:\Users\HUIWEI\miniconda3\envs\phase7\Library\share\psi4\basis\def2-universal-jkfit.gbs 
    atoms 3         entry N          line   258 file C:\Users\HUIWEI\miniconda3\envs\phase7\Library\share\psi4\basis\def2-universal-jkfit.gbs 
    atoms 16-28     entry H          line    18 file C:\Users\HUIWEI\miniconda3\envs\phase7\Library\share\psi4\basis\def2-universal-jkfit.gbs 

   => Loading Basis Set <=

    Name: DEF2-SVP
    Role: ORBITAL
    Keyword: BASIS
    atoms 1-2, 4-15 entry C          line    90 file C:\Users\HUIWEI\miniconda3\envs\phase7\Library\share\psi4\basis\def2-svp.gbs 
    atoms 3         entry N          line   110 file C:\Users\HUIWEI\miniconda3\envs\phase7\Library\share\psi4\basis\def2-svp.gbs 
    atoms 16-28     entry H          line    15 file C:\Users\HUIWEI\miniconda3\envs\phase7\Library\share\psi4\basis\def2-svp.gbs 

  Reading orbitals from file C:\Users\HUIWEI\Documents\Codex\2026-09-10\25-ee-phase5-phase24-1-hantzsch-3\work\qm_scratch\pbe_E_opt_01/psi4.default.35548.180.npy, no projection.

  ==> Integral Setup <==

  ==> DiskDFJK: Density-Fitted J/K Matrices <==

    J tasked:                  Yes
    K tasked:                   No
    wK tasked:                  No
    OpenMP threads:              2
    Integrals threads:           2
    Memory [MiB]:              344
    Algorithm:                Disk
    Integral Cache:           NONE
    Schwarz Cutoff:          1E-12
    Fitting Condition:       1E-10

   => Auxiliary Basis Set <=

  Basis Set: (DEF2-SVP AUX)
    Blend: DEF2-UNIVERSAL-JKFIT
    Number of shells: 453
    Number of basis functions: 1361
    Number of Cartesian functions: 1599
    Spherical Harmonics?: true
    Max angular momentum: 4

  Cached 0.5% of DFT collocation blocks in 0.013 [GiB].

  Minimum eigenvalue in the overlap matrix is 2.9708490927E-04.
  Reciprocal condition number of the overlap matrix is 4.6184165623E-05.
    Using symmetric orthogonalization.

  ==> Pre-Iterations <==

  SCF Guess: Orbitals guess was supplied from a previous computation.

   -------------------------------------------------------
    Irrep   Nso     Nmo     Nalpha   Nbeta   Ndocc  Nsocc
   -------------------------------------------------------
     A        275     275      52      52      52       0
   -------------------------------------------------------
    Total     275     275      52      52      52       0
   -------------------------------------------------------

  ==> Iterations <==

                           Total Energy        Delta E     RMS |[F,P]|

   @DF-RKS iter   0:  -594.90006578758982   -5.94900e+02   3.35054e-04 
   @DF-RKS iter   1:  -594.90910499506026   -9.03921e-03   3.57112e-05 DIIS
   @DF-RKS iter   2:  -594.90902080244314    8.41926e-05   5.54288e-05 DIIS
   @DF-RKS iter   3:  -594.90914353443770   -1.22732e-04   2.17285e-05 DIIS
   @DF-RKS iter   4:  -594.90916361661800   -2.00822e-05   7.20698e-06 DIIS
   @DF-RKS iter   5:  -594.90916549058250   -1.87396e-06   2.24300e-06 DIIS
   @DF-RKS iter   6:  -594.90916566347914   -1.72897e-07   5.72570e-07 DIIS
   @DF-RKS iter   7:  -594.90916567350394   -1.00248e-08   2.79207e-07 DIIS
   @DF-RKS iter   8:  -594.90916567663464   -3.13071e-09   8.16621e-08 DIIS
   @DF-RKS iter   9:  -594.90916567691625   -2.81602e-10   2.17431e-08 DIIS
   @DF-RKS iter  10:  -594.90916567693353   -1.72804e-11   7.78190e-09 DIIS
  Energy and wave function converged.


  ==> Post-Iterations <==

   Electrons on quadrature grid:
      Ntotal   =  103.9999606616 ; deviation = -3.934e-05 

    Orbital Energies [Eh]
    ---------------------

    Doubly Occupied:                                                      

       1A    -13.992271     2A     -9.956501     3A     -9.930359  
       4A     -9.912158     5A     -9.910931     6A     -9.909818  
       7A     -9.908847     8A     -9.906796     9A     -9.906408  
      10A     -9.903257    11A     -9.899464    12A     -9.898849  
      13A     -9.897594    14A     -9.895295    15A     -9.894084  
      16A     -0.849769    17A     -0.775853    18A     -0.755930  
      19A     -0.699578    20A     -0.671686    21A     -0.661643  
      22A     -0.655376    23A     -0.642914    24A     -0.573421  
      25A     -0.542364    26A     -0.536599    27A     -0.529730  
      28A     -0.491964    29A     -0.468821    30A     -0.441893  
      31A     -0.425677    32A     -0.410765    33A     -0.405232  
      34A     -0.396370    35A     -0.389100    36A     -0.383617  
      37A     -0.378290    38A     -0.374317    39A     -0.366020  
      40A     -0.345122    41A     -0.335807    42A     -0.326904  
      43A     -0.314383    44A     -0.308199    45A     -0.303825  
      46A     -0.300941    47A     -0.279643    48A     -0.253408  
      49A     -0.234435    50A     -0.224460    51A     -0.222440  
      52A     -0.186612  

    Virtual:                                                              

      53A     -0.085267    54A     -0.044018    55A     -0.035611  
      56A     -0.026625    57A      0.000523    58A      0.034032  
      59A      0.042379    60A      0.054720    61A      0.078437  
      62A      0.080847    63A      0.095270    64A      0.099986  
      65A      0.102112    66A      0.106509    67A      0.108284  
      68A      0.117444    69A      0.125940    70A      0.126716  
      71A      0.137404    72A      0.139291    73A      0.170942  
      74A      0.204395    75A      0.223363    76A      0.234468  
      77A      0.248388    78A      0.249179    79A      0.255438  
      80A      0.265705    81A      0.274996    82A      0.284077  
      83A      0.288211    84A      0.314652    85A      0.323453  
      86A      0.350523    87A      0.360101    88A      0.363881  
      89A      0.377133    90A      0.379614    91A      0.393677  
      92A      0.395866    93A      0.401407    94A      0.412462  
      95A      0.424187    96A      0.430100    97A      0.435003  
      98A      0.443466    99A      0.451676   100A      0.452039  
     101A      0.457025   102A      0.462033   103A      0.467250  
     104A      0.487202   105A      0.498117   106A      0.508293  
     107A      0.515064   108A      0.527224   109A      0.541137  
     110A      0.544445   111A      0.554539   112A      0.556001  
     113A      0.571393   114A      0.577449   115A      0.585196  
     116A      0.589637   117A      0.598347   118A      0.600264  
     119A      0.607930   120A      0.613588   121A      0.621891  
     122A      0.624770   123A      0.626964   124A      0.639933  
     125A      0.645995   126A      0.658289   127A      0.664723  
     128A      0.667321   129A      0.673001   130A      0.676933  
     131A      0.682042   132A      0.689976   133A      0.699606  
     134A      0.707786   135A      0.713021   136A      0.724847  
     137A      0.749971   138A      0.753680   139A      0.757359  
     140A      0.780981   141A      0.796546   142A      0.805650  
     143A      0.827458   144A      0.873385   145A      0.887934  
     146A      0.920623   147A      0.932521   148A      0.999641  
     149A      1.003352   150A      1.024364   151A      1.035784  
     152A      1.060055   153A      1.099799   154A      1.107447  
     155A      1.119678   156A      1.144667   157A      1.156065  
     158A      1.179525   159A      1.181313   160A      1.184668  
     161A      1.192064   162A      1.207388   163A      1.213736  
     164A      1.227076   165A      1.228430   166A      1.230065  
     167A      1.237998   168A      1.247713   169A      1.262524  
     170A      1.292896   171A      1.323520   172A      1.437992  
     173A      1.453597   174A      1.475958   175A      1.498377  
     176A      1.518333   177A      1.537457   178A      1.584422  
     179A      1.591166   180A      1.592817   181A      1.600111  
     182A      1.604771   183A      1.637934   184A      1.643310  
     185A      1.649848   186A      1.666442   187A      1.671285  
     188A      1.673886   189A      1.677171   190A      1.680543  
     191A      1.684781   192A      1.689293   193A      1.691386  
     194A      1.700601   195A      1.712204   196A      1.725211  
     197A      1.738430   198A      1.747018   199A      1.756909  
     200A      1.779921   201A      1.794567   202A      1.797903  
     203A      1.826708   204A      1.838042   205A      1.854128  
     206A      1.872187   207A      1.875285   208A      1.878651  
     209A      1.899633   210A      1.900694   211A      1.905413  
     212A      1.908991   213A      1.913228   214A      1.945588  
     215A      1.995630   216A      2.006320   217A      2.017022  
     218A      2.041651   219A      2.044138   220A      2.065289  
     221A      2.068900   222A      2.078137   223A      2.083100  
     224A      2.115615   225A      2.134556   226A      2.149546  
     227A      2.172925   228A      2.183064   229A      2.200455  
     230A      2.213717   231A      2.216511   232A      2.228985  
     233A      2.235294   234A      2.255996   235A      2.262454  
     236A      2.264654   237A      2.296297   238A      2.325298  
     239A      2.345804   240A      2.358544   241A      2.372659  
     242A      2.410601   243A      2.458693   244A      2.474471  
     245A      2.500316   246A      2.518835   247A      2.527375  
     248A      2.536451   249A      2.542595   250A      2.544983  
     251A      2.624485   252A      2.630481   253A      2.634726  
     254A      2.634937   255A      2.644737   256A      2.656524  
     257A      2.683574   258A      2.722347   259A      2.768961  
     260A      2.778533   261A      2.785237   262A      2.792642  
     263A      2.833931   264A      2.851922   265A      2.891897  
     266A      2.916962   267A      2.963298   268A      3.006532  
     269A      3.026189   270A      3.067738   271A      3.128806  
     272A      3.230244   273A      3.271833   274A      3.508805  
     275A      3.538794  

    Final Occupation by Irrep:
              A 
    DOCC [    52 ]
    NA   [    52 ]
    NB   [    52 ]

  @DF-RKS Final Energy:  -594.90916567693353

   => Energetics <=

    Nuclear Repulsion Energy =            857.3783724024079902
    One-Electron Energy =               -2504.1202199296335493
    Two-Electron Energy =                1138.5684185628329033
    DFT Exchange-Correlation Energy =     -86.7019149926950945
    Empirical Dispersion Energy =          -0.0338217198457402
    VV10 Nonlocal Energy =                  0.0000000000000000
    Total Energy =                       -594.9091656769335259

Computation Completed


Properties will be evaluated at   0.000000,   0.000000,   0.000000 [a0]

Properties computed using the SCF density matrix


 Multipole Moments:

 ------------------------------------------------------------------------------------
     Multipole            Electronic (a.u.)      Nuclear  (a.u.)        Total (a.u.)
 ------------------------------------------------------------------------------------

 L = 1.  Multiply by 2.5417464519 to convert [e a0] to [Debye]
 Dipole X            :         -1.7393976            1.2543545           -0.4850432
 Dipole Y            :         -9.3586199            9.1546494           -0.2039705
 Dipole Z            :        -24.8238065           24.2833024           -0.5405041
 Magnitude           :                                                    0.7543312

 ------------------------------------------------------------------------------------

*** tstop() called on LAPTOP-257FNSVV at Thu Sep 10 23:01:34 2026
Module time:
	user time   =        nan seconds =        nan minutes
	system time =        nan seconds =        nan minutes
	total time  =         69 seconds =       1.15 minutes
Total time:
	user time   =        nan seconds =        nan minutes
	system time =        nan seconds =        nan minutes
	total time  =        547 seconds =       9.12 minutes

*** tstart() called on LAPTOP-257FNSVV
*** at Thu Sep 10 23:01:34 2026


         ------------------------------------------------------------
                                   SCF GRAD                          
                          Rob Parrish, Justin Turney,                
                       Andy Simmonett, and Alex Sokolov              
         ------------------------------------------------------------

  ==> Geometry <==

    Molecular point group: c1
    Full point group: C1

    Geometry (in Angstrom), charge = 0, multiplicity = 1:

       Center              X                  Y                   Z               Mass       
    ------------   -----------------  -----------------  -----------------  -----------------
         C           -0.156385646519    -0.541060179155    -1.744278066426    12.000000000000
         C           -0.445814814149    -0.072779321261    -0.335623630378    12.000000000000
         N            0.463731143962     0.264013309126     0.517255273179    14.003074004430
         C            1.834607718615     0.168800609638     0.285702829561    12.000000000000
         C            2.481494393941    -1.087892175566     0.183730677335    12.000000000000
         C            3.873351283445    -1.159788684723     0.031256235402    12.000000000000
         C            4.645820595442     0.011082372842    -0.033672601206    12.000000000000
         C            4.009843218173     1.260432926352     0.067967398843    12.000000000000
         C            2.622161092145     1.344170086312     0.238923921608    12.000000000000
         C           -1.870029630514     0.022012699640     0.100017465479    12.000000000000
         C           -2.936571354113    -0.341576338043    -0.750873940124    12.000000000000
         C           -4.266531198560    -0.242952864225    -0.312916314707    12.000000000000
         C           -4.550244180774     0.219913580733     0.980356692335    12.000000000000
         C           -3.495136238794     0.584852708595     1.836983507248    12.000000000000
         C           -2.170287449236     0.486854973518     1.401753539043    12.000000000000
         H           -0.503743169196    -1.584513431904    -1.892624204739     1.007825032230
         H           -0.702196023475     0.082399933842    -2.481568450353     1.007825032230
         H            0.923800133154    -0.493668143253    -1.969453989609     1.007825032230
         H            1.875716544215    -2.004457988533     0.245114960300     1.007825032230
         H            4.358748799857    -2.145489308961    -0.039689103420     1.007825032230
         H            5.737485368117    -0.048953545820    -0.155705970159     1.007825032230
         H            4.604275678294     2.185964589533     0.021766514213     1.007825032230
         H            2.121618732409     2.318690003380     0.335878857220     1.007825032230
         H           -2.736759789639    -0.708485181024    -1.767614251868     1.007825032230
         H           -5.086095261987    -0.529699991696    -0.989138135531     1.007825032230
         H           -5.593260540532     0.297263237637     1.323500264430     1.007825032230
         H           -3.712729966389     0.947852230742     2.853148533143     1.007825032230
         H           -1.326869437894     0.767013892073     2.049801989281     1.007825032230

  Nuclear repulsion =  857.378372402407990

  ==> Basis Set <==

  Basis Set: DEF2-SVP
    Blend: DEF2-SVP
    Number of shells: 129
    Number of basis functions: 275
    Number of Cartesian functions: 290
    Spherical Harmonics?: true
    Max angular momentum: 2

  ==> DFJKGrad: Density-Fitted SCF Gradients <==

    Gradient:                    1
    J tasked:                  Yes
    K tasked:                   No
    wK tasked:                  No
    OpenMP threads:              2
    Integrals threads:           2
    Memory [MiB]:              357
    Schwarz Cutoff:          1E-12
    Fitting Condition:       1E-10

   => Auxiliary Basis Set <=

  Basis Set: (DEF2-SVP AUX)
    Blend: DEF2-UNIVERSAL-JKFIT
    Number of shells: 453
    Number of basis functions: 1361
    Number of Cartesian functions: 1599
    Spherical Harmonics?: true
    Max angular momentum: 4

  ==> DFT Potential <==

   => LibXC <=

    Version 7.1.2
    S. Lehtola, C. Steigemann, M. J. T. Oliveira, and M. A. L. Marques,  SoftwareX 7, 1–5 (2018) (10.1016/j.softx.2017.11.002)

   => Composite Functional: PBE-D3BJ2B <= 

    PBE GGA Exchange-Correlation Functional

    J.P. Perdew et. al., Phys. Rev. Lett., 77(18), 3865-3868, 1996


    Deriv               =              1
    GGA                 =           TRUE
    Meta                =          FALSE

    Exchange Hybrid     =          FALSE
    MP2 Hybrid          =          FALSE

   => Exchange Functionals <=

    1.0000     XC_GGA_X_PBE

   => Correlation Functionals <=

    1.0000     XC_GGA_C_PBE

   => LibXC Density Thresholds  <==

    XC_GGA_C_PBE:  1.00E-12 
    XC_GGA_X_PBE:  1.00E-15 

   => Molecular Quadrature <=

    Radial Scheme          =       TREUTLER
    Pruning Scheme         =           NONE
    Nuclear Scheme         =       TREUTLER

    Blocking Scheme        =         OCTREE
    BS radius alpha        =              1
    Pruning alpha          =              1
    Radial Points          =             75
    Spherical Points       =            302
    Total Points           =         581480
    Total Blocks           =           4269
    Max Points             =            256
    Max Functions          =            218
    Weights Tolerance      =       1.00E-15


  -Total Gradient:
     Atom            X                  Y                   Z
    ------   -----------------  -----------------  -----------------
       1        0.000712696762    -0.000172921801     0.000378550491
       2       -0.000206749127     0.001223504263     0.000147657015
       3       -0.000147165344    -0.001458777775    -0.000386534276
       4       -0.000539870870     0.000866517867     0.000173770021
       5       -0.000337667125    -0.000327714220     0.000239860144
       6        0.000315542401    -0.000381395260    -0.000072000499
       7        0.000156274740     0.000050557886    -0.000026538632
       8        0.000418606862     0.000193399327    -0.000024681483
       9       -0.000443005652     0.000081946430    -0.000276541597
      10        0.000129957625    -0.000617000546    -0.000014524871
      11        0.000723234152    -0.000034352927    -0.000313454709
      12       -0.000408094188    -0.000005852547    -0.000010641299
      13       -0.000251604489    -0.000046932112    -0.000142079221
      14        0.000024081513     0.000213045059     0.000318426239
      15        0.000303730342     0.000107398579     0.000215623810
      16       -0.000355637481     0.000025528565     0.000117694221
      17        0.000024988246    -0.000073954835    -0.000198883496
      18       -0.000165432910     0.000244219465    -0.000155063133
      19        0.000009038315     0.000020044952    -0.000000880812
      20       -0.000004650497     0.000054226698    -0.000004082156
      21        0.000014355559    -0.000006548976     0.000013254756
      22       -0.000045784143    -0.000036251260     0.000032696732
      23        0.000091555860     0.000040885659    -0.000015039984
      24       -0.000057745457    -0.000028531980    -0.000030652059
      25        0.000024186186     0.000068499428    -0.000006054805
      26        0.000022087613     0.000001501050     0.000038521532
      27       -0.000044656986    -0.000088806784    -0.000006610935
      28        0.000074108081     0.000070971316     0.000027189622


*** tstop() called on LAPTOP-257FNSVV at Thu Sep 10 23:01:52 2026
Module time:
	user time   =        nan seconds =        nan minutes
	system time =        nan seconds =        nan minutes
	total time  =         18 seconds =       0.30 minutes
Total time:
	user time   =        nan seconds =        nan minutes
	system time =        nan seconds =        nan minutes
	total time  =        565 seconds =       9.42 minutes

    			-----------------------------------------

    			 OPTKING 3.0: for geometry optimizations 

    			     By R.A. King, Bethel University     

    			        with contributions from          

    			    A.V. Copan, J. Cayton, A. Heide      

    			-----------------------------------------

    
	                            ===> Fragment 1 <== 

	 Z (Atomic Numbers)          Masses                          Geom                  
	       6.000000            12.000000         -0.29552604 -1.02245556 -3.29620783   
	       6.000000            12.000000         -0.84246790 -0.13753298 -0.63423674   
	       7.000000            14.003074          0.87632486  0.49891285  0.97747080   
	       6.000000            12.000000          3.46690614  0.31898692  0.53990010   
	       6.000000            12.000000          4.68934479 -2.05581827  0.34720066   
	       6.000000            12.000000          7.31957311 -2.19168298  0.05906572   
	       6.000000            12.000000          8.77932855  0.02094265 -0.06363199   
	       6.000000            12.000000          7.57750549  2.38187303  0.12843977   
	       6.000000            12.000000          4.95516632  2.54011333  0.45150078   
	       6.000000            12.000000         -3.53384385  0.04159797  0.18900562   
	       6.000000            12.000000         -5.54931561 -0.64548573 -1.41894610   
	       6.000000            12.000000         -8.06257547 -0.45911437 -0.59132613   
	       6.000000            12.000000         -8.59871531  0.41557644  1.85260565   
	       6.000000            12.000000         -6.60485026  1.10521144  3.47139573   
	       6.000000            12.000000         -4.10124889  0.92002256  2.64893028   
	       1.000000             1.007825         -0.95193663 -2.99429643 -3.57654141   
	       1.000000             1.007825         -1.32695817  0.15571331 -4.68948473   
	       1.000000             1.007825          1.74572925 -0.93289759 -3.72172866   
	       1.000000             1.007825          3.54459056 -3.78787663  0.46320014   
	       1.000000             1.007825          8.23684148 -4.05438720 -0.07500154   
	       1.000000             1.007825         10.84227599 -0.09250879 -0.29424164   
	       1.000000             1.007825          8.70082004  4.13087439  0.04113275   
	       1.000000             1.007825          4.00927835  4.38168908  0.63471905   
	       1.000000             1.007825         -5.17172647 -1.33884296 -3.34030683   
	       1.000000             1.007825         -9.61132709 -1.00098791 -1.86920018   
	       1.000000             1.007825        -10.56973057   0.56174611   2.50105303 
	       1.000000             1.007825         -7.01604281  1.79118112  5.39166932   
	       1.000000             1.007825         -2.50741984  1.44944619  3.87356437   

	 - Coordinate -           - BOHR/RAD -       - ANG/DEG -
	 R(1,2)           =         2.858028           1.512403
	 R(1,16)          =         2.097050           1.109711
	 R(1,17)          =         2.095985           1.109148
	 R(1,18)          =         2.087058           1.104424
	 R(2,3)           =         2.440679           1.291552
	 R(2,10)          =         2.820163           1.492366
	 R(3,4)           =         2.633430           1.393551
	 R(4,5)           =         2.677908           1.417088
	 R(4,9)           =         2.675095           1.415600
	 R(5,6)           =         2.649449           1.402028
	 R(5,19)          =         2.079410           1.100376
	 R(6,7)           =         2.653611           1.404231
	 R(6,20)          =         2.080630           1.101022
	 R(7,8)           =         2.656174           1.405587
	 R(7,21)          =         2.078895           1.100104
	 R(8,9)           =         2.646898           1.400678
	 R(8,22)          =         2.080496           1.100951
	 R(9,23)          =         2.078383           1.099833
	 R(10,11)         =         2.668280           1.411993
	 R(10,15)         =         2.672977           1.414479
	 R(11,12)         =         2.652577           1.403683
	 R(11,24)         =         2.077245           1.099230
	 R(12,13)         =         2.650534           1.402602
	 R(12,25)         =         2.079716           1.100539
	 R(13,14)         =         2.659243           1.407211
	 R(13,26)         =         2.080084           1.100733
	 R(14,15)         =         2.641735           1.397946
	 R(14,27)         =         2.080165           1.100776
	 R(15,28)         =         2.078535           1.099914
	 B(1,2,3)         =         2.166420         124.126701
	 B(1,2,10)        =         2.064836         118.306377
	 B(2,1,16)        =         1.934510         110.839277
	 B(2,1,17)        =         1.929349         110.543550
	 B(2,1,18)        =         1.943123         111.332724
	 B(2,3,4)         =         2.171506         124.418141
	 B(2,10,11)       =         2.127727         121.909771
	 B(2,10,15)       =         2.085297         119.478733
	 B(3,2,10)        =         2.051879         117.563990
	 B(3,4,5)         =         2.119533         121.440299
	 B(3,4,9)         =         2.089838         119.738920
	 B(4,5,6)         =         2.101894         120.429672
	 B(4,5,19)        =         2.075281         118.904871
	 B(4,9,8)         =         2.100842         120.369359
	 B(4,9,23)        =         2.070982         118.658509
	 B(5,4,9)         =         2.071426         118.683992
	 B(5,6,7)         =         2.104100         120.556030
	 B(5,6,20)        =         2.083551         119.378665
	 B(6,5,19)        =         2.105839         120.655666
	 B(6,7,8)         =         2.081613         119.267666
	 B(6,7,21)        =         2.100766         120.365003
	 B(7,6,20)        =         2.095533         120.065183
	 B(7,8,9)         =         2.106248         120.679130
	 B(7,8,22)        =         2.094269         119.992766
	 B(8,7,21)        =         2.100782         120.365969
	 B(8,9,23)        =         2.111356         120.971803
	 B(9,8,22)        =         2.082635         119.326171
	 B(10,11,12)      =         2.105471         120.634577
	 B(10,11,24)      =         2.101387         120.400613
	 B(10,15,14)      =         2.106833         120.712626
	 B(10,15,28)      =         2.052345         117.590732
	 B(11,10,15)      =         2.070160         118.611450
	 B(11,12,13)      =         2.097313         120.167165
	 B(11,12,25)      =         2.089280         119.706939
	 B(12,11,24)      =         2.076326         118.964724
	 B(12,13,14)      =         2.088872         119.683536
	 B(12,13,26)      =         2.097054         120.152356
	 B(13,12,25)      =         2.096592         120.125877
	 B(13,14,15)      =         2.097722         120.190641
	 B(13,14,27)      =         2.093538         119.950906
	 B(14,13,26)      =         2.097259         120.164107
	 B(14,15,28)      =         2.124005         121.696528
	 B(15,14,27)      =         2.091924         119.858434
	 B(16,1,17)       =         1.860480         106.597629
	 B(16,1,18)       =         1.895724         108.616988
	 B(17,1,18)       =         1.898266         108.762654
	 D(1,2,3,4)       =        -0.068464          -3.922698
	 D(1,2,10,11)     =         0.026996           1.546764
	 D(1,2,10,15)     =        -3.115977        -178.532342
	 D(2,3,4,5)       =        -1.204433         -69.008909
	 D(2,3,4,9)       =         2.012349         115.299099
	 D(2,10,11,12)    =         3.140511         179.938009
	 D(2,10,11,24)    =         0.000801           0.045912
	 D(2,10,15,14)    =        -3.140652        -179.946132
	 D(2,10,15,28)    =         0.003040           0.174184
	 D(3,2,1,16)      =         2.046531         117.257589
	 D(3,2,1,17)      =        -2.177644        -124.769818
	 D(3,2,1,18)      =        -0.065706          -3.764688
	 D(3,2,10,11)     =        -3.125015        -179.050199
	 D(3,2,10,15)     =         0.015196           0.870695
	 D(3,4,5,6)       =        -3.074036        -176.129263
	 D(3,4,5,19)      =         0.047822           2.740014
	 D(3,4,9,8)       =         3.090617         177.079339
	 D(3,4,9,23)      =        -0.054581          -3.127270
	 D(4,3,2,10)      =         3.084210         176.712217
	 D(4,5,6,7)       =        -0.009120          -0.522544
	 D(4,5,6,20)      =        -3.148489        -180.395117
	 D(4,9,8,7)       =        -0.021718          -1.244340
	 D(4,9,8,22)      =         3.128705         179.261607
	 D(5,4,9,8)       =         0.022145           1.268805
	 D(5,4,9,23)      =        -3.123054        -178.937803
	 D(5,6,7,8)       =         0.009877           0.565929
	 D(5,6,7,21)      =         3.144090         180.143098
	 D(6,5,4,9)       =        -0.006860          -0.393065
	 D(6,7,8,9)       =         0.005526           0.316614
	 D(6,7,8,22)      =         3.138229         179.807304
	 D(7,6,5,19)      =        -3.130630        -179.371870
	 D(7,8,9,23)      =         3.123565         178.967106
	 D(8,7,6,20)      =        -3.133955        -179.562373
	 D(9,4,5,19)      =         3.114998         178.476213
	 D(9,8,7,21)      =        -3.128687        -179.260552
	 D(10,2,1,16)     =        -1.106219         -63.381704
	 D(10,2,1,17)     =         0.952791          54.590889
	 D(10,2,1,18)     =         3.064729         175.596020
	 D(10,11,12,13)   =        -0.000015          -0.000846
	 D(10,11,12,25)   =        -3.142460        -180.049672
	 D(10,15,14,13)   =         0.000230           0.013171
	 D(10,15,14,27)   =        -3.142236        -180.036834
	 D(11,10,15,14)   =        -0.000395          -0.022625
	 D(11,10,15,28)   =         3.143298         180.097691
	 D(11,12,13,14)   =        -0.000157          -0.008970
	 D(11,12,13,26)   =        -3.141714        -180.006972
	 D(12,11,10,15)   =         0.000287           0.016454
	 D(12,13,14,15)   =         0.000050           0.002845
	 D(12,13,14,27)   =        -3.140669        -179.947104
	 D(13,12,11,24)   =         3.139721         179.892781
	 D(13,14,15,28)   =        -3.143550        -180.112156
	 D(14,13,12,25)   =         3.142292         180.040062
	 D(15,10,11,24)   =        -3.139422        -179.875643
	 D(15,14,13,26)   =         3.141607         180.000847
	 D(19,5,6,20)     =         0.013187           0.755557
	 D(20,6,7,21)     =         0.000258           0.014797
	 D(21,7,8,22)     =         0.004017           0.230138
	 D(22,8,9,23)     =        -0.009197          -0.526947
	 D(24,11,12,25)   =        -0.002723          -0.156045
	 D(25,12,13,26)   =         0.000734           0.042060
	 D(26,13,14,27)   =         0.000888           0.050898
	 D(27,14,15,28)   =        -0.002830          -0.162161


	        --- Internal Coordinate Step in ANG or DEG, aJ/ANG or AJ/DEG ---
	-------------------------------------------------------------------------------
	           Coordinate      Previous         Force          Change          New 
	           ----------      --------        ------          ------        ------
	               R(1,2)       1.51240        0.00080        0.00060       1.51300
	              R(1,16)       1.10971       -0.00061       -0.00090       1.10881
	              R(1,17)       1.10915       -0.00064        0.00162       1.11077
	              R(1,18)       1.10442        0.00100       -0.00017       1.10425
	               R(2,3)       1.29155        0.00696        0.00019       1.29174
	              R(2,10)       1.49237        0.00414        0.00196       1.49432
	               R(3,4)       1.39355        0.00343        0.00044       1.39399
	               R(4,5)       1.41709       -0.00298        0.00030       1.41739
	               R(4,9)       1.41560       -0.00113        0.00006       1.41566
	               R(5,6)       1.40203       -0.00332        0.00012       1.40215
	              R(5,19)       1.10038        0.00018        0.00041       1.10079
	               R(6,7)       1.40423       -0.00205       -0.00018       1.40405
	              R(6,20)       1.10102        0.00042        0.00023       1.10125
	               R(7,8)       1.40559       -0.00176        0.00030       1.40589
	              R(7,21)       1.10010       -0.00010        0.00044       1.10055
	               R(8,9)       1.40068       -0.00373       -0.00043       1.40025
	              R(8,22)       1.10095        0.00047        0.00022       1.10117
	              R(9,23)       1.09983        0.00005        0.00032       1.10015
	             R(10,11)       1.41199        0.00084        0.00038       1.41237
	             R(10,15)       1.41448       -0.00249       -0.00084       1.41364
	             R(11,12)       1.40368       -0.00352        0.00002       1.40370
	             R(11,24)       1.09923       -0.00022        0.00007       1.09930
	             R(12,13)       1.40260       -0.00143        0.00004       1.40264
	             R(12,25)       1.10054        0.00026        0.00035       1.10089
	             R(13,14)       1.40721       -0.00296       -0.00036       1.40685
	             R(13,26)       1.10073        0.00006        0.00035       1.10108
	             R(14,15)       1.39795       -0.00206        0.00065       1.39859
	             R(14,27)       1.10078        0.00022        0.00028       1.10106
	             R(15,28)       1.09991       -0.00074       -0.00008       1.09984
	             B(1,2,3)     124.12670        0.00001        0.35253     124.47923
	            B(1,2,10)     118.30638       -0.00001       -0.30576     118.00062
	            B(2,1,16)     110.83928        0.00003        0.42879     111.26807
	            B(2,1,17)     110.54355       -0.00002       -0.86267     109.68088
	            B(2,1,18)     111.33272       -0.00002        0.13900     111.47172
	             B(2,3,4)     124.41814       -0.00000        0.09779     124.51593
	           B(2,10,11)     121.90977        0.00002        0.05142     121.96119
	           B(2,10,15)     119.47873        0.00000       -0.03020     119.44854
	            B(3,2,10)     117.56399       -0.00000       -0.06746     117.49653
	             B(3,4,5)     121.44030        0.00003        0.38414     121.82444
	             B(3,4,9)     119.73892       -0.00003       -0.35775     119.38117
	             B(4,5,6)     120.42967       -0.00000        0.01767     120.44734
	            B(4,5,19)     118.90487        0.00000        0.08691     118.99178
	             B(4,9,8)     120.36936        0.00000        0.05152     120.42088
	            B(4,9,23)     118.65851       -0.00001       -0.04389     118.61462
	             B(5,4,9)     118.68399       -0.00000       -0.04181     118.64218
	             B(5,6,7)     120.55603        0.00001       -0.02951     120.52652
	            B(5,6,20)     119.37866       -0.00000        0.02235     119.40102
	            B(6,5,19)     120.65567        0.00000       -0.10971     120.54595
	             B(6,7,8)     119.26767       -0.00000        0.03896     119.30662
	            B(6,7,21)     120.36500        0.00000       -0.01814     120.34686
	            B(7,6,20)     120.06518       -0.00000        0.00711     120.07229
	             B(7,8,9)     120.67913       -0.00000       -0.04541     120.63372
	            B(7,8,22)     119.99277       -0.00000       -0.01748     119.97529
	            B(8,7,21)     120.36597        0.00000       -0.02116     120.34481
	            B(8,9,23)     120.97180        0.00001       -0.00818     120.96362
	            B(9,8,22)     119.32617        0.00000        0.06164     119.38781
	          B(10,11,12)     120.63458        0.00001        0.00564     120.64022
	          B(10,11,24)     120.40061       -0.00001        0.07374     120.47435
	          B(10,15,14)     120.71263        0.00001        0.02177     120.73439
	          B(10,15,28)     117.59073       -0.00000        0.17196     117.76269
	          B(11,10,15)     118.61145       -0.00002       -0.02284     118.58861
	          B(11,12,13)     120.16717        0.00000        0.01273     120.17989
	          B(11,12,25)     119.70694       -0.00000        0.01167     119.71861
	          B(12,11,24)     118.96472       -0.00000       -0.07949     118.88523
	          B(12,13,14)     119.68354       -0.00001       -0.02306     119.66048
	          B(12,13,26)     120.15236       -0.00000       -0.00678     120.14557
	          B(13,12,25)     120.12588       -0.00000       -0.02439     120.10149
	          B(13,14,15)     120.19064        0.00000        0.00562     120.19626
	          B(13,14,27)     119.95091        0.00000        0.02839     119.97929
	          B(14,13,26)     120.16411        0.00001        0.02984     120.19395
	          B(14,15,28)     121.69653       -0.00001       -0.19370     121.50282
	          B(15,14,27)     119.85843       -0.00001       -0.03402     119.82442
	           B(16,1,17)     106.59763        0.00001        0.02430     106.62193
	           B(16,1,18)     108.61699       -0.00002        0.46470     109.08169
	           B(17,1,18)     108.76265        0.00002       -0.20007     108.56258
	           D(1,2,3,4)      -3.92270       -0.00000       -1.65017      -5.57287
	         D(1,2,10,11)       1.54676        0.00001        0.31368       1.86044
	         D(1,2,10,15)    -178.53234        0.00000       -0.08292    -178.61527
	           D(2,3,4,5)     -69.00891        0.00004        7.51924     -61.48967
	           D(2,3,4,9)     115.29910        0.00004        7.75778     123.05688
	        D(2,10,11,12)     179.93801       -0.00001       -0.35945     179.57856
	        D(2,10,11,24)       0.04591       -0.00001       -0.30109      -0.25518
	        D(2,10,15,14)    -179.94613        0.00001        0.27232    -179.67381
	        D(2,10,15,28)       0.17418        0.00000        0.26233       0.43651
	          D(3,2,1,16)     117.25759       -0.00000        4.11206     121.36965
	          D(3,2,1,17)    -124.76982        0.00001        3.86442    -120.90539
	          D(3,2,1,18)      -3.76469        0.00001        3.12380      -0.64089
	         D(3,2,10,11)    -179.05020        0.00000       -0.77714    -179.82734
	         D(3,2,10,15)       0.87069       -0.00001       -1.17375      -0.30305
	           D(3,4,5,6)    -176.12926        0.00000        0.15487    -175.97439
	          D(3,4,5,19)       2.74001        0.00000       -0.11180       2.62822
	           D(3,4,9,8)     177.07934        0.00000        0.11952     177.19886
	          D(3,4,9,23)      -3.12727       -0.00000       -0.01184      -3.13911
	          D(4,3,2,10)     176.71222        0.00001       -0.47725     176.23496
	           D(4,5,6,7)      -0.52254       -0.00000       -0.16613      -0.68868
	          D(4,5,6,20)    -180.39512        0.00000       -0.14631    -180.54143
	           D(4,9,8,7)      -1.24434       -0.00000       -0.30824      -1.55258
	          D(4,9,8,22)     179.26161       -0.00000       -0.16572     179.09589
	           D(5,4,9,8)       1.26881        0.00000        0.33146       1.60026
	          D(5,4,9,23)    -178.93780        0.00000        0.20010    -178.73770
	           D(5,6,7,8)       0.56593        0.00000        0.19388       0.75981
	          D(5,6,7,21)     180.14310        0.00000        0.14263     180.28573
	           D(6,5,4,9)      -0.39306       -0.00000       -0.09541      -0.48847
	           D(6,7,8,9)       0.31661        0.00000        0.04238       0.35900
	          D(6,7,8,22)     179.80730        0.00000       -0.10058     179.70673
	          D(7,6,5,19)    -179.37187       -0.00000        0.10244    -179.26943
	          D(7,8,9,23)     178.96711       -0.00000       -0.17369     178.79341
	          D(8,7,6,20)    -179.56237        0.00000        0.17395    -179.38842
	          D(9,4,5,19)     178.47621       -0.00000       -0.36208     178.11414
	          D(9,8,7,21)    -179.26055        0.00000        0.09363    -179.16692
	         D(10,2,1,16)     -63.38170       -0.00002        2.93513     -60.44657
	         D(10,2,1,17)      54.59089       -0.00000        2.68750      57.27839
	         D(10,2,1,18)     175.59602        0.00000        1.94687     177.54289
	       D(10,11,12,13)      -0.00085        0.00000        0.04882       0.04798
	       D(10,11,12,25)    -180.04967        0.00000        0.06417    -179.98550
	       D(10,15,14,13)       0.01317        0.00000        0.10520       0.11837
	       D(10,15,14,27)    -180.03683        0.00000        0.09849    -179.93835
	       D(11,10,15,14)      -0.02262       -0.00000       -0.11082      -0.13345
	       D(11,10,15,28)     180.09769       -0.00000       -0.12081     179.97688
	       D(11,12,13,14)      -0.00897       -0.00000       -0.05574      -0.06471
	       D(11,12,13,26)    -180.00697       -0.00000       -0.04700    -180.05397
	       D(12,11,10,15)       0.01645       -0.00000        0.03387       0.05032
	       D(12,13,14,15)       0.00285       -0.00000       -0.02077      -0.01792
	       D(12,13,14,27)    -179.94710       -0.00000       -0.01401    -179.96112
	       D(13,12,11,24)     179.89278       -0.00000       -0.00846     179.88432
	       D(13,14,15,28)    -180.11216        0.00000        0.11603    -179.99613
	       D(14,13,12,25)     180.04006       -0.00000       -0.07116     179.96890
	       D(15,10,11,24)    -179.87564        0.00000        0.09223    -179.78341
	       D(15,14,13,26)     180.00085       -0.00000       -0.02951     179.97133
	         D(19,5,6,20)       0.75556        0.00000        0.12226       0.87782
	         D(20,6,7,21)       0.01480        0.00000        0.12269       0.13749
	         D(21,7,8,22)       0.23014        0.00000       -0.04933       0.18080
	         D(22,8,9,23)      -0.52695       -0.00000       -0.03117      -0.55812
	       D(24,11,12,25)      -0.15604        0.00000        0.00689      -0.14916
	       D(25,12,13,26)       0.04206       -0.00000       -0.06242      -0.02036
	       D(26,13,14,27)       0.05090       -0.00000       -0.02276       0.02814
	       D(27,14,15,28)      -0.16216        0.00000        0.10931      -0.05285
	-------------------------------------------------------------------------------

	                                 ==> Convergence Check <==                                  
    
	Measures of convergence in internal coordinates in au.
    
	Criteria marked as inactive (o), active & met (*), and active & unmet ( ).

	----------------------------------------------------------------------------------------------
	   Step    Total Energy     Delta E     Max Force     RMS Force      Max Disp      RMS Disp   
	----------------------------------------------------------------------------------------------
	  Convergence Criteria              o    1.50e-05 *    1.00e-05 *    6.00e-05 *    4.00e-05 *
	----------------------------------------------------------------------------------------------
	     7    -594.90916568   -1.75e-04 o    8.45e-04      1.74e-04      1.35e-01      2.03e-02    ~
	----------------------------------------------------------------------------------------------

Next Geometry in Ang 
	Fragment 1 (Ang)

	    C  -0.1645770434  -0.6111501899  -1.7315400745
	    C  -0.4443669668  -0.0893233940  -0.3392093077
	    N   0.4643370024   0.3010607456   0.4917262110
	    C   1.8363373507   0.1950458629   0.2690502288
	    C   2.4694332632  -1.0601717754   0.0884790156
	    C   3.8624705213  -1.1400143689  -0.0497402844
	    C   4.6493186150   0.0225972488  -0.0258099455
	    C   4.0277384905   1.2706363242   0.1546510508
	    C   2.6397818624   1.3596357440   0.3169722341
	    C  -1.8698191574   0.0203907856   0.0955830569
	    C  -2.9381799258  -0.3820895533  -0.7359309757
	    C  -4.2668065624  -0.2748977778  -0.2958785786
	    C  -4.5480758011   0.2363269346   0.9796326736
	    C  -3.4916068620   0.6399240995   1.8164186617
	    C  -2.1674427716   0.5318499245   1.3794108390
	    H  -0.5573320370  -1.6398349567  -1.8619868173
	    H  -0.6832834769   0.0243532660  -2.4804583789
	    H   0.9167782624  -0.6065345765  -1.9552053984
	    H   1.8533699009  -1.9723945535   0.0817619588
	    H   4.3372274171  -2.1250694033  -0.1802307746
	    H   5.7420298285  -0.0431006713  -0.1392637073
	    H   4.6347445570   2.1890426259   0.1800224217
	    H   2.1499172749   2.3314252918   0.4782074653
	    H  -2.7419925223  -0.7875170790  -1.7387278994
	    H  -5.0878854623  -0.5933585356  -0.9564617802
	    H  -5.5905222508   0.3209885562   1.3238993966
	    H  -3.7063698048   1.0413775920   2.8189339731
	    H  -1.3252237017   0.8408018329   2.0156947357


    Structure for next step:
    Molecular point group: c1
    Full point group: C1

    Geometry (in Angstrom), charge = 0, multiplicity = 1:

    C           -0.164577043377    -0.611150189905    -1.731540074506
    C           -0.444366966792    -0.089323393950    -0.339209307676
    N            0.464337002373     0.301060745638     0.491726211001
    C            1.836337350714     0.195045862941     0.269050228812
    C            2.469433263212    -1.060171775379     0.088479015557
    C            3.862470521293    -1.140014368866    -0.049740284409
    C            4.649318614971     0.022597248822    -0.025809945462
    C            4.027738490453     1.270636324247     0.154651050758
    C            2.639781862435     1.359635744028     0.316972234109
    C           -1.869819157377     0.020390785620     0.095583056933
    C           -2.938179925752    -0.382089553256    -0.735930975722
    C           -4.266806562427    -0.274897777772    -0.295878578642
    C           -4.548075801090     0.236326934604     0.979632673554
    C           -3.491606862040     0.639924099512     1.816418661672
    C           -2.167442771626     0.531849924481     1.379410839002
    H           -0.557332036974    -1.639834956749    -1.861986817337
    H           -0.683283476922     0.024353266046    -2.480458378895
    H            0.916778262359    -0.606534576480    -1.955205398360
    H            1.853369900884    -1.972394553520     0.081761958779
    H            4.337227417150    -2.125069403290    -0.180230774569
    H            5.742029828513    -0.043100671271    -0.139263707345
    H            4.634744556994     2.189042625939     0.180022421732
    H            2.149917274876     2.331425291805     0.478207465305
    H           -2.741992522297    -0.787517078958    -1.738727899361
    H           -5.087885462286    -0.593358535587    -0.956461780238
    H           -5.590522250779     0.320988556243     1.323899396633
    H           -3.706369804829     1.041377591977     2.818933973122
    H           -1.325223701658     0.840801832879     2.015694735652


Scratch directory: C:\Users\HUIWEI\Documents\Codex\2026-09-10\25-ee-phase5-phase24-1-hantzsch-3\work\qm_scratch\pbe_E_opt_01/
gradient() will perform analytic gradient computation.
   => Libint2 <=

    Primary   basis highest AM E, G, H:  7, 6, -
    Auxiliary basis highest AM E, G, H:  7, 7, -
    Onebody   basis highest AM E, G, H:  -, -, -
    Solid Harmonics ordering:            Gaussian

*** tstart() called on LAPTOP-257FNSVV
*** at Thu Sep 10 23:01:53 2026

   => Loading Basis Set <=

    Name: DEF2-SVP
    Role: ORBITAL
    Keyword: BASIS
    atoms 1-2, 4-15 entry C          line    90 file C:\Users\HUIWEI\miniconda3\envs\phase7\Library\share\psi4\basis\def2-svp.gbs 
    atoms 3         entry N          line   110 file C:\Users\HUIWEI\miniconda3\envs\phase7\Library\share\psi4\basis\def2-svp.gbs 
    atoms 16-28     entry H          line    15 file C:\Users\HUIWEI\miniconda3\envs\phase7\Library\share\psi4\basis\def2-svp.gbs 

   => PBE-D3(BJ): Empirical Dispersion <=

    Grimme's -D3 (BJ-damping) Dispersion Correction
    Grimme S.; Ehrlich S.; Goerigk L. (2011), J. Comput. Chem., 32: 1456

        s6 =       1.000000
        s8 =       0.787500
        a1 =       0.428900
        a2 =       4.440700


         ---------------------------------------------------------
                                   SCF
               by Justin Turney, Rob Parrish, Andy Simmonett
                          and Daniel G. A. Smith
                              RKS Reference
                        2 Threads,    476 MiB Core
         ---------------------------------------------------------

  ==> Geometry <==

    Molecular point group: c1
    Full point group: C1

    Geometry (in Angstrom), charge = 0, multiplicity = 1:

       Center              X                  Y                   Z               Mass       
    ------------   -----------------  -----------------  -----------------  -----------------
         C           -0.164577043377    -0.611150189905    -1.731540074506    12.000000000000
         C           -0.444366966792    -0.089323393950    -0.339209307676    12.000000000000
         N            0.464337002373     0.301060745638     0.491726211001    14.003074004430
         C            1.836337350714     0.195045862941     0.269050228812    12.000000000000
         C            2.469433263212    -1.060171775379     0.088479015557    12.000000000000
         C            3.862470521293    -1.140014368866    -0.049740284409    12.000000000000
         C            4.649318614971     0.022597248822    -0.025809945462    12.000000000000
         C            4.027738490453     1.270636324247     0.154651050758    12.000000000000
         C            2.639781862435     1.359635744028     0.316972234109    12.000000000000
         C           -1.869819157377     0.020390785620     0.095583056933    12.000000000000
         C           -2.938179925752    -0.382089553256    -0.735930975722    12.000000000000
         C           -4.266806562427    -0.274897777772    -0.295878578642    12.000000000000
         C           -4.548075801090     0.236326934604     0.979632673554    12.000000000000
         C           -3.491606862040     0.639924099512     1.816418661672    12.000000000000
         C           -2.167442771626     0.531849924481     1.379410839002    12.000000000000
         H           -0.557332036974    -1.639834956749    -1.861986817337     1.007825032230
         H           -0.683283476922     0.024353266046    -2.480458378895     1.007825032230
         H            0.916778262359    -0.606534576480    -1.955205398360     1.007825032230
         H            1.853369900884    -1.972394553520     0.081761958779     1.007825032230
         H            4.337227417150    -2.125069403290    -0.180230774569     1.007825032230
         H            5.742029828513    -0.043100671271    -0.139263707345     1.007825032230
         H            4.634744556994     2.189042625939     0.180022421732     1.007825032230
         H            2.149917274876     2.331425291805     0.478207465305     1.007825032230
         H           -2.741992522297    -0.787517078958    -1.738727899361     1.007825032230
         H           -5.087885462286    -0.593358535587    -0.956461780238     1.007825032230
         H           -5.590522250779     0.320988556243     1.323899396633     1.007825032230
         H           -3.706369804829     1.041377591977     2.818933973122     1.007825032230
         H           -1.325223701658     0.840801832879     2.015694735652     1.007825032230

  Running in c1 symmetry.

  Rotational constants: A =      0.06404  B =      0.00894  C =      0.00834 [cm^-1]
  Rotational constants: A =   1919.91393  B =    268.06714  C =    249.94402 [MHz]
  Nuclear repulsion =  857.320466115958993

  Charge       = 0
  Multiplicity = 1
  Electrons    = 104
  Nalpha       = 52
  Nbeta        = 52

  ==> Algorithm <==

  SCF Algorithm Type is DF.
  DIIS enabled.
  MOM disabled.
  Fractional occupation disabled.
  Guess Type is READ.
  Energy threshold   = 1.00e-09
  Density threshold  = 1.00e-08
  Integral threshold = 1.00e-12

  ==> Primary Basis <==

  Basis Set: DEF2-SVP
    Blend: DEF2-SVP
    Number of shells: 129
    Number of basis functions: 275
    Number of Cartesian functions: 290
    Spherical Harmonics?: true
    Max angular momentum: 2

  ==> DFT Potential <==

   => LibXC <=

    Version 7.1.2
    S. Lehtola, C. Steigemann, M. J. T. Oliveira, and M. A. L. Marques,  SoftwareX 7, 1–5 (2018) (10.1016/j.softx.2017.11.002)

   => Composite Functional: PBE-D3BJ2B <= 

    PBE GGA Exchange-Correlation Functional

    J.P. Perdew et. al., Phys. Rev. Lett., 77(18), 3865-3868, 1996


    Deriv               =              1
    GGA                 =           TRUE
    Meta                =          FALSE

    Exchange Hybrid     =          FALSE
    MP2 Hybrid          =          FALSE

   => Exchange Functionals <=

    1.0000     XC_GGA_X_PBE

   => Correlation Functionals <=

    1.0000     XC_GGA_C_PBE

   => LibXC Density Thresholds  <==

    XC_GGA_C_PBE:  1.00E-12 
    XC_GGA_X_PBE:  1.00E-15 

   => Molecular Quadrature <=

    Radial Scheme          =       TREUTLER
    Pruning Scheme         =           NONE
    Nuclear Scheme         =       TREUTLER

    Blocking Scheme        =         OCTREE
    BS radius alpha        =              1
    Pruning alpha          =              1
    Radial Points          =             75
    Spherical Points       =            302
    Total Points           =         581464
    Total Blocks           =           4231
    Max Points             =            256
    Max Functions          =            220
    Weights Tolerance      =       1.00E-15

   => Loading Basis Set <=

    Name: (DEF2-SVP AUX)
    Role: JKFIT
    Keyword: DF_BASIS_SCF
    atoms 1-2, 4-15 entry C          line   198 file C:\Users\HUIWEI\miniconda3\envs\phase7\Library\share\psi4\basis\def2-universal-jkfit.gbs 
    atoms 3         entry N          line   258 file C:\Users\HUIWEI\miniconda3\envs\phase7\Library\share\psi4\basis\def2-universal-jkfit.gbs 
    atoms 16-28     entry H          line    18 file C:\Users\HUIWEI\miniconda3\envs\phase7\Library\share\psi4\basis\def2-universal-jkfit.gbs 

   => Loading Basis Set <=

    Name: DEF2-SVP
    Role: ORBITAL
    Keyword: BASIS
    atoms 1-2, 4-15 entry C          line    90 file C:\Users\HUIWEI\miniconda3\envs\phase7\Library\share\psi4\basis\def2-svp.gbs 
    atoms 3         entry N          line   110 file C:\Users\HUIWEI\miniconda3\envs\phase7\Library\share\psi4\basis\def2-svp.gbs 
    atoms 16-28     entry H          line    15 file C:\Users\HUIWEI\miniconda3\envs\phase7\Library\share\psi4\basis\def2-svp.gbs 

  Reading orbitals from file C:\Users\HUIWEI\Documents\Codex\2026-09-10\25-ee-phase5-phase24-1-hantzsch-3\work\qm_scratch\pbe_E_opt_01/psi4.default.35548.180.npy, no projection.

  ==> Integral Setup <==

  ==> DiskDFJK: Density-Fitted J/K Matrices <==

    J tasked:                  Yes
    K tasked:                   No
    wK tasked:                  No
    OpenMP threads:              2
    Integrals threads:           2
    Memory [MiB]:              344
    Algorithm:                Disk
    Integral Cache:           NONE
    Schwarz Cutoff:          1E-12
    Fitting Condition:       1E-10

   => Auxiliary Basis Set <=

  Basis Set: (DEF2-SVP AUX)
    Blend: DEF2-UNIVERSAL-JKFIT
    Number of shells: 453
    Number of basis functions: 1361
    Number of Cartesian functions: 1599
    Spherical Harmonics?: true
    Max angular momentum: 4

  Cached 0.5% of DFT collocation blocks in 0.011 [GiB].

  Minimum eigenvalue in the overlap matrix is 2.9605988985E-04.
  Reciprocal condition number of the overlap matrix is 4.6022465506E-05.
    Using symmetric orthogonalization.

  ==> Pre-Iterations <==

  SCF Guess: Orbitals guess was supplied from a previous computation.

   -------------------------------------------------------
    Irrep   Nso     Nmo     Nalpha   Nbeta   Ndocc  Nsocc
   -------------------------------------------------------
     A        275     275      52      52      52       0
   -------------------------------------------------------
    Total     275     275      52      52      52       0
   -------------------------------------------------------

  ==> Iterations <==

                           Total Energy        Delta E     RMS |[F,P]|

   @DF-RKS iter   0:  -594.89341486849059   -5.94893e+02   7.65406e-04 
   @DF-RKS iter   1:  -594.90883721991861   -1.54224e-02   8.28390e-05 DIIS
   @DF-RKS iter   2:  -594.90802740745789    8.09812e-04   1.55152e-04 ADIIS/DIIS
   @DF-RKS iter   3:  -594.90899312683848   -9.65719e-04   6.48535e-05 DIIS
   @DF-RKS iter   4:  -594.90916209780471   -1.68971e-04   1.36019e-05 DIIS
   @DF-RKS iter   5:  -594.90916818048083   -6.08268e-06   5.05917e-06 DIIS
   @DF-RKS iter   6:  -594.90916921556607   -1.03509e-06   1.13424e-06 DIIS
   @DF-RKS iter   7:  -594.90916926079467   -4.52286e-08   4.89874e-07 DIIS
   @DF-RKS iter   8:  -594.90916927025785   -9.46318e-09   9.50158e-08 DIIS
   @DF-RKS iter   9:  -594.90916927058220   -3.24349e-10   4.16558e-08 DIIS
   @DF-RKS iter  10:  -594.90916927065314   -7.09406e-11   1.52044e-08 DIIS
   @DF-RKS iter  11:  -594.90916927066053   -7.38964e-12   4.14939e-09 DIIS
  Energy and wave function converged.


  ==> Post-Iterations <==

   Electrons on quadrature grid:
      Ntotal   =  103.9999382465 ; deviation = -6.175e-05 

    Orbital Energies [Eh]
    ---------------------

    Doubly Occupied:                                                      

       1A    -13.991776     2A     -9.955702     3A     -9.930493  
       4A     -9.911734     5A     -9.910460     6A     -9.909322  
       7A     -9.908427     8A     -9.906336     9A     -9.906123  
      10A     -9.902698    11A     -9.900222    12A     -9.899360  
      13A     -9.898643    14A     -9.895681    15A     -9.895274  
      16A     -0.849070    17A     -0.775453    18A     -0.756333  
      19A     -0.699310    20A     -0.671189    21A     -0.662520  
      22A     -0.654944    23A     -0.643152    24A     -0.573025  
      25A     -0.542256    26A     -0.537021    27A     -0.529315  
      28A     -0.492131    29A     -0.468350    30A     -0.441619  
      31A     -0.426153    32A     -0.411273    33A     -0.403828  
      34A     -0.396042    35A     -0.389163    36A     -0.383201  
      37A     -0.378111    38A     -0.373776    39A     -0.366510  
      40A     -0.345381    41A     -0.335589    42A     -0.327723  
      43A     -0.314510    44A     -0.308362    45A     -0.303475  
      46A     -0.300577    47A     -0.280917    48A     -0.252151  
      49A     -0.233865    50A     -0.225084    51A     -0.221625  
      52A     -0.187357  

    Virtual:                                                              

      53A     -0.085832    54A     -0.043610    55A     -0.036084  
      56A     -0.026774    57A      0.001965    58A      0.034190  
      59A      0.042053    60A      0.054872    61A      0.078514  
      62A      0.080814    63A      0.095116    64A      0.099950  
      65A      0.101952    66A      0.106248    67A      0.108842  
      68A      0.118723    69A      0.125358    70A      0.126707  
      71A      0.138644    72A      0.140415    73A      0.171972  
      74A      0.203792    75A      0.225582    76A      0.233828  
      77A      0.248373    78A      0.248948    79A      0.254900  
      80A      0.266197    81A      0.274267    82A      0.283023  
      83A      0.286956    84A      0.315572    85A      0.323629  
      86A      0.348934    87A      0.359916    88A      0.369340  
      89A      0.377772    90A      0.380107    91A      0.394972  
      92A      0.396345    93A      0.401038    94A      0.412652  
      95A      0.425885    96A      0.430055    97A      0.436464  
      98A      0.444080    99A      0.451493   100A      0.453237  
     101A      0.455951   102A      0.461517   103A      0.467191  
     104A      0.487396   105A      0.498082   106A      0.506963  
     107A      0.514682   108A      0.527573   109A      0.537710  
     110A      0.547033   111A      0.554031   112A      0.555972  
     113A      0.571426   114A      0.578481   115A      0.585850  
     116A      0.590968   117A      0.598977   118A      0.602674  
     119A      0.608227   120A      0.612598   121A      0.621354  
     122A      0.627059   123A      0.627777   124A      0.637416  
     125A      0.647491   126A      0.659375   127A      0.665829  
     128A      0.667444   129A      0.673497   130A      0.674501  
     131A      0.681889   132A      0.690766   133A      0.699239  
     134A      0.707919   135A      0.716275   136A      0.726025  
     137A      0.748455   138A      0.754771   139A      0.758408  
     140A      0.779479   141A      0.797594   142A      0.812616  
     143A      0.822349   144A      0.875360   145A      0.888280  
     146A      0.920735   147A      0.933123   148A      0.997279  
     149A      1.004325   150A      1.025615   151A      1.035573  
     152A      1.056124   153A      1.097260   154A      1.107530  
     155A      1.118250   156A      1.144936   157A      1.157411  
     158A      1.179983   159A      1.181996   160A      1.184886  
     161A      1.194847   162A      1.208306   163A      1.211691  
     164A      1.226294   165A      1.228098   166A      1.231420  
     167A      1.238493   168A      1.250399   169A      1.260243  
     170A      1.291417   171A      1.328572   172A      1.442774  
     173A      1.453625   174A      1.472922   175A      1.498095  
     176A      1.516437   177A      1.539318   178A      1.583069  
     179A      1.591178   180A      1.592750   181A      1.600534  
     182A      1.607309   183A      1.634758   184A      1.642690  
     185A      1.647863   186A      1.665699   187A      1.670896  
     188A      1.673690   189A      1.677460   190A      1.681024  
     191A      1.685166   192A      1.689383   193A      1.692802  
     194A      1.699054   195A      1.713022   196A      1.725597  
     197A      1.736213   198A      1.748271   199A      1.754067  
     200A      1.779410   201A      1.789758   202A      1.801736  
     203A      1.827339   204A      1.840774   205A      1.853592  
     206A      1.871721   207A      1.876516   208A      1.878240  
     209A      1.900344   210A      1.900953   211A      1.905208  
     212A      1.908547   213A      1.914265   214A      1.948234  
     215A      1.993373   216A      2.008234   217A      2.017281  
     218A      2.039899   219A      2.042637   220A      2.066405  
     221A      2.068822   222A      2.077752   223A      2.082529  
     224A      2.113206   225A      2.133916   226A      2.151294  
     227A      2.173678   228A      2.188644   229A      2.201002  
     230A      2.214070   231A      2.215161   232A      2.228128  
     233A      2.234876   234A      2.255863   235A      2.259488  
     236A      2.263626   237A      2.297699   238A      2.328980  
     239A      2.348049   240A      2.359986   241A      2.372709  
     242A      2.409692   243A      2.456421   244A      2.475113  
     245A      2.495834   246A      2.518970   247A      2.530085  
     248A      2.537216   249A      2.541765   250A      2.546053  
     251A      2.623332   252A      2.629750   253A      2.633503  
     254A      2.635169   255A      2.643768   256A      2.658879  
     257A      2.682887   258A      2.723298   259A      2.770937  
     260A      2.778461   261A      2.785305   262A      2.791484  
     263A      2.829525   264A      2.848696   265A      2.888065  
     266A      2.919161   267A      2.962195   268A      3.004255  
     269A      3.023779   270A      3.066129   271A      3.117762  
     272A      3.248344   273A      3.269547   274A      3.509206  
     275A      3.538254  

    Final Occupation by Irrep:
              A 
    DOCC [    52 ]
    NA   [    52 ]
    NB   [    52 ]

  @DF-RKS Final Energy:  -594.90916927066053

   => Energetics <=

    Nuclear Repulsion Energy =            857.3204661159589932
    One-Electron Energy =               -2504.0114030810373151
    Two-Electron Energy =                1138.5164563027847180
    DFT Exchange-Correlation Energy =     -86.7008434268296355
    Empirical Dispersion Energy =          -0.0338451815372817
    VV10 Nonlocal Energy =                  0.0000000000000000
    Total Energy =                       -594.9091692706605272

Computation Completed


Properties will be evaluated at   0.000000,   0.000000,   0.000000 [a0]

Properties computed using the SCF density matrix


 Multipole Moments:

 ------------------------------------------------------------------------------------
     Multipole            Electronic (a.u.)      Nuclear  (a.u.)        Total (a.u.)
 ------------------------------------------------------------------------------------

 L = 1.  Multiply by 2.5417464519 to convert [e a0] to [Debye]
 Dipole X            :         -1.8684053            1.4306116           -0.4377937
 Dipole Y            :        -10.4309694           10.2048306           -0.2261388
 Dipole Z            :        -24.2601190           23.7364724           -0.5236466
 Magnitude           :                                                    0.7190326

 ------------------------------------------------------------------------------------

*** tstop() called on LAPTOP-257FNSVV at Thu Sep 10 23:03:05 2026
Module time:
	user time   =        nan seconds =        nan minutes
	system time =        nan seconds =        nan minutes
	total time  =         72 seconds =       1.20 minutes
Total time:
	user time   =        nan seconds =        nan minutes
	system time =        nan seconds =        nan minutes
	total time  =        638 seconds =      10.63 minutes

*** tstart() called on LAPTOP-257FNSVV
*** at Thu Sep 10 23:03:05 2026


         ------------------------------------------------------------
                                   SCF GRAD                          
                          Rob Parrish, Justin Turney,                
                       Andy Simmonett, and Alex Sokolov              
         ------------------------------------------------------------

  ==> Geometry <==

    Molecular point group: c1
    Full point group: C1

    Geometry (in Angstrom), charge = 0, multiplicity = 1:

       Center              X                  Y                   Z               Mass       
    ------------   -----------------  -----------------  -----------------  -----------------
         C           -0.164577043377    -0.611150189905    -1.731540074506    12.000000000000
         C           -0.444366966792    -0.089323393950    -0.339209307676    12.000000000000
         N            0.464337002373     0.301060745638     0.491726211001    14.003074004430
         C            1.836337350714     0.195045862941     0.269050228812    12.000000000000
         C            2.469433263212    -1.060171775379     0.088479015557    12.000000000000
         C            3.862470521293    -1.140014368866    -0.049740284409    12.000000000000
         C            4.649318614971     0.022597248822    -0.025809945462    12.000000000000
         C            4.027738490453     1.270636324247     0.154651050758    12.000000000000
         C            2.639781862435     1.359635744028     0.316972234109    12.000000000000
         C           -1.869819157377     0.020390785620     0.095583056933    12.000000000000
         C           -2.938179925752    -0.382089553256    -0.735930975722    12.000000000000
         C           -4.266806562427    -0.274897777772    -0.295878578642    12.000000000000
         C           -4.548075801090     0.236326934604     0.979632673554    12.000000000000
         C           -3.491606862040     0.639924099512     1.816418661672    12.000000000000
         C           -2.167442771626     0.531849924481     1.379410839002    12.000000000000
         H           -0.557332036974    -1.639834956749    -1.861986817337     1.007825032230
         H           -0.683283476922     0.024353266046    -2.480458378895     1.007825032230
         H            0.916778262359    -0.606534576480    -1.955205398360     1.007825032230
         H            1.853369900884    -1.972394553520     0.081761958779     1.007825032230
         H            4.337227417150    -2.125069403290    -0.180230774569     1.007825032230
         H            5.742029828513    -0.043100671271    -0.139263707345     1.007825032230
         H            4.634744556994     2.189042625939     0.180022421732     1.007825032230
         H            2.149917274876     2.331425291805     0.478207465305     1.007825032230
         H           -2.741992522297    -0.787517078958    -1.738727899361     1.007825032230
         H           -5.087885462286    -0.593358535587    -0.956461780238     1.007825032230
         H           -5.590522250779     0.320988556243     1.323899396633     1.007825032230
         H           -3.706369804829     1.041377591977     2.818933973122     1.007825032230
         H           -1.325223701658     0.840801832879     2.015694735652     1.007825032230

  Nuclear repulsion =  857.320466115958993

  ==> Basis Set <==

  Basis Set: DEF2-SVP
    Blend: DEF2-SVP
    Number of shells: 129
    Number of basis functions: 275
    Number of Cartesian functions: 290
    Spherical Harmonics?: true
    Max angular momentum: 2

  ==> DFJKGrad: Density-Fitted SCF Gradients <==

    Gradient:                    1
    J tasked:                  Yes
    K tasked:                   No
    wK tasked:                  No
    OpenMP threads:              2
    Integrals threads:           2
    Memory [MiB]:              357
    Schwarz Cutoff:          1E-12
    Fitting Condition:       1E-10

   => Auxiliary Basis Set <=

  Basis Set: (DEF2-SVP AUX)
    Blend: DEF2-UNIVERSAL-JKFIT
    Number of shells: 453
    Number of basis functions: 1361
    Number of Cartesian functions: 1599
    Spherical Harmonics?: true
    Max angular momentum: 4

  ==> DFT Potential <==

   => LibXC <=

    Version 7.1.2
    S. Lehtola, C. Steigemann, M. J. T. Oliveira, and M. A. L. Marques,  SoftwareX 7, 1–5 (2018) (10.1016/j.softx.2017.11.002)

   => Composite Functional: PBE-D3BJ2B <= 

    PBE GGA Exchange-Correlation Functional

    J.P. Perdew et. al., Phys. Rev. Lett., 77(18), 3865-3868, 1996


    Deriv               =              1
    GGA                 =           TRUE
    Meta                =          FALSE

    Exchange Hybrid     =          FALSE
    MP2 Hybrid          =          FALSE

   => Exchange Functionals <=

    1.0000     XC_GGA_X_PBE

   => Correlation Functionals <=

    1.0000     XC_GGA_C_PBE

   => LibXC Density Thresholds  <==

    XC_GGA_C_PBE:  1.00E-12 
    XC_GGA_X_PBE:  1.00E-15 

   => Molecular Quadrature <=

    Radial Scheme          =       TREUTLER
    Pruning Scheme         =           NONE
    Nuclear Scheme         =       TREUTLER

    Blocking Scheme        =         OCTREE
    BS radius alpha        =              1
    Pruning alpha          =              1
    Radial Points          =             75
    Spherical Points       =            302
    Total Points           =         581464
    Total Blocks           =           4231
    Max Points             =            256
    Max Functions          =            220
    Weights Tolerance      =       1.00E-15


  -Total Gradient:
     Atom            X                  Y                   Z
    ------   -----------------  -----------------  -----------------
       1        0.001177700679    -0.001985258500     0.000640821655
       2        0.001596415182     0.000749961069     0.000846589865
       3       -0.001494548784    -0.001151570767    -0.000448650132
       4        0.000512523779     0.000983142315    -0.000458068267
       5       -0.000800358991     0.000087836001    -0.000012147089
       6        0.000425100596    -0.000109390300     0.000006512896
       7       -0.000147252823    -0.000047803552     0.000108472921
       8        0.000231277688     0.000119572743    -0.000003337051
       9       -0.000410739711    -0.000272844557    -0.000068092847
      10       -0.001138961824     0.000320470074     0.000266707489
      11        0.000825463623    -0.000033044578    -0.000278578504
      12       -0.000337313382    -0.000033048961     0.000185473339
      13        0.000089637258    -0.000069694265    -0.000150392679
      14       -0.000398528736     0.000129748767     0.000235059236
      15        0.001084528931    -0.000360272792    -0.000627791162
      16       -0.000705745279     0.000368884821     0.000044735194
      17       -0.000130619496     0.000674387230    -0.000267796977
      18        0.000121207985     0.000466874672     0.000049534956
      19       -0.000245581231    -0.000186961670    -0.000234953499
      20        0.000037174522    -0.000087190151    -0.000052974071
      21        0.000272203301    -0.000010363104    -0.000060711032
      22        0.000061780826     0.000094748758    -0.000007494592
      23        0.000120135443     0.000308054976    -0.000002860563
      24       -0.000148462990    -0.000110947735    -0.000097662909
      25       -0.000171170693    -0.000021194584    -0.000093230058
      26       -0.000197265102     0.000040016974     0.000078582805
      27       -0.000054857446     0.000026171673     0.000146905875
      28       -0.000138997135     0.000096260176     0.000270027211


*** tstop() called on LAPTOP-257FNSVV at Thu Sep 10 23:03:24 2026
Module time:
	user time   =        nan seconds =        nan minutes
	system time =        nan seconds =        nan minutes
	total time  =         19 seconds =       0.32 minutes
Total time:
	user time   =        nan seconds =        nan minutes
	system time =        nan seconds =        nan minutes
	total time  =        657 seconds =      10.95 minutes

    			-----------------------------------------

    			 OPTKING 3.0: for geometry optimizations 

    			     By R.A. King, Bethel University     

    			        with contributions from          

    			    A.V. Copan, J. Cayton, A. Heide      

    			-----------------------------------------

    
	                            ===> Fragment 1 <== 

	 Z (Atomic Numbers)          Masses                          Geom                  
	       6.000000            12.000000         -0.31100554 -1.15490648 -3.27213652   
	       6.000000            12.000000         -0.83973187 -0.16879675 -0.64101269   
	       7.000000            14.003074          0.87746976  0.56892236  0.92922787   
	       6.000000            12.000000          3.47017467  0.36858326  0.50843125   
	       6.000000            12.000000          4.66655255 -2.00343430  0.16720111   
	       6.000000            12.000000          7.29901145 -2.15431494 -0.09399551   
	       6.000000            12.000000          8.78593885  0.04270261 -0.04877373   
	       6.000000            12.000000          7.61132265  2.40115466  0.29224813   
	       6.000000            12.000000          4.98846475  2.56933919  0.59899071   
	       6.000000            12.000000         -3.53344611  0.03853300  0.18062580   
	       6.000000            12.000000         -5.55235537 -0.72204461 -1.39070799   
	       6.000000            12.000000         -8.06309583 -0.51948151 -0.55912948   
	       6.000000            12.000000         -8.59461766  0.44659318  1.85123746   
	       6.000000            12.000000         -6.59818071  1.20928129  3.43253380   
	       6.000000            12.000000         -4.09587323  1.00505070  2.60670870   
	       1.000000             1.007825         -1.05320491 -3.09883896 -3.51864513   
	       1.000000             1.007825         -1.29121864  0.04602100 -4.68738700   
	       1.000000             1.007825          1.73245983 -1.14618424 -3.69480272   
	       1.000000             1.007825          3.50236152 -3.72728552  0.15450771   
	       1.000000             1.007825          8.19617196 -4.01579917 -0.34058680   
	       1.000000             1.007825         10.85086378 -0.08144846 -0.26317027   
	       1.000000             1.007825          8.75839787  4.13669104  0.34019307   
	       1.000000             1.007825          4.06275484  4.40575528  0.90368114   
	       1.000000             1.007825         -5.18161491 -1.48819160 -3.28571954   
	       1.000000             1.007825         -9.61471008 -1.12128513 -1.80745081   
	       1.000000             1.007825        -10.56455595   0.60658046   2.50180728 
	       1.000000             1.007825         -7.00402385  1.96791844  5.32701317   
	       1.000000             1.007825         -2.50430985  1.58888519  3.80911100   

	 - Coordinate -           - BOHR/RAD -       - ANG/DEG -
	 R(1,2)           =         2.859157           1.513001
	 R(1,16)          =         2.095352           1.108813
	 R(1,17)          =         2.099042           1.110765
	 R(1,18)          =         2.086738           1.104254
	 R(2,3)           =         2.441038           1.291742
	 R(2,10)          =         2.823858           1.494321
	 R(3,4)           =         2.634260           1.393990
	 R(4,5)           =         2.678474           1.417388
	 R(4,9)           =         2.675207           1.415659
	 R(5,6)           =         2.649685           1.402153
	 R(5,19)          =         2.080184           1.100786
	 R(6,7)           =         2.653278           1.404054
	 R(6,20)          =         2.081064           1.101252
	 R(7,8)           =         2.656749           1.405891
	 R(7,21)          =         2.079734           1.100548
	 R(8,9)           =         2.646084           1.400247
	 R(8,22)          =         2.080905           1.101168
	 R(9,23)          =         2.078990           1.100154
	 R(10,11)         =         2.669000           1.412374
	 R(10,15)         =         2.671396           1.413642
	 R(11,12)         =         2.652616           1.403704
	 R(11,24)         =         2.077378           1.099301
	 R(12,13)         =         2.650601           1.402638
	 R(12,25)         =         2.080380           1.100890
	 R(13,14)         =         2.658562           1.406850
	 R(13,26)         =         2.080744           1.101082
	 R(14,15)         =         2.642960           1.398594
	 R(14,27)         =         2.080695           1.101056
	 R(15,28)         =         2.078391           1.099837
	 B(1,2,3)         =         2.172572         124.479233
	 B(1,2,10)        =         2.059499         118.000616
	 B(2,1,16)        =         1.941994         111.268069
	 B(2,1,17)        =         1.914293         109.680881
	 B(2,1,18)        =         1.945549         111.471725
	 B(2,3,4)         =         2.173213         124.515931
	 B(2,10,11)       =         2.128624         121.961190
	 B(2,10,15)       =         2.084770         119.448537
	 B(3,2,10)        =         2.050701         117.496531
	 B(3,4,5)         =         2.126238         121.824442
	 B(3,4,9)         =         2.083594         119.381165
	 B(4,5,6)         =         2.102203         120.447342
	 B(4,5,19)        =         2.076798         118.991784
	 B(4,9,8)         =         2.101741         120.420877
	 B(4,9,23)        =         2.070216         118.614620
	 B(5,4,9)         =         2.070697         118.642183
	 B(5,6,7)         =         2.103585         120.526524
	 B(5,6,20)        =         2.083941         119.401018
	 B(6,5,19)        =         2.103924         120.545953
	 B(6,7,8)         =         2.082293         119.306621
	 B(6,7,21)        =         2.100449         120.346859
	 B(7,6,20)        =         2.095657         120.072295
	 B(7,8,9)         =         2.105456         120.633724
	 B(7,8,22)        =         2.093964         119.975291
	 B(8,7,21)        =         2.100413         120.344809
	 B(8,9,23)        =         2.111214         120.963623
	 B(9,8,22)        =         2.083710         119.387810
	 B(10,11,12)      =         2.105569         120.640216
	 B(10,11,24)      =         2.102674         120.474349
	 B(10,15,14)      =         2.107213         120.734392
	 B(10,15,28)      =         2.055347         117.762688
	 B(11,10,15)      =         2.069762         118.588611
	 B(11,12,13)      =         2.097535         120.179893
	 B(11,12,25)      =         2.089484         119.718609
	 B(12,11,24)      =         2.074939         118.885231
	 B(12,13,14)      =         2.088469         119.660477
	 B(12,13,26)      =         2.096936         120.145575
	 B(13,12,25)      =         2.096166         120.101489
	 B(13,14,15)      =         2.097821         120.196264
	 B(13,14,27)      =         2.094034         119.979293
	 B(14,13,26)      =         2.097780         120.193947
	 B(14,15,28)      =         2.120624         121.502824
	 B(15,14,27)      =         2.091331         119.824419
	 B(16,1,17)       =         1.860904         106.621929
	 B(16,1,18)       =         1.903835         109.081690
	 B(17,1,18)       =         1.894774         108.562581
	 D(1,2,3,4)       =        -0.097265          -5.572865
	 D(1,2,10,11)     =         0.032471           1.860442
	 D(1,2,10,15)     =        -3.117424        -178.615266
	 D(2,3,4,5)       =        -1.073197         -61.489668
	 D(2,3,4,9)       =         2.147748         123.056884
	 D(2,10,11,12)    =         3.134237         179.578560
	 D(2,10,11,24)    =        -0.004454          -0.255178
	 D(2,10,15,14)    =        -3.135900        -179.673813
	 D(2,10,15,28)    =         0.007619           0.436513
	 D(3,2,1,16)      =         2.118300         121.369647
	 D(3,2,1,17)      =        -2.110197        -120.905395
	 D(3,2,1,18)      =        -0.011186          -0.640888
	 D(3,2,10,11)     =        -3.138579        -179.827343
	 D(3,2,10,15)     =        -0.005289          -0.303051
	 D(3,4,5,6)       =        -3.071333        -175.974392
	 D(3,4,5,19)      =         0.045871           2.628215
	 D(3,4,9,8)       =         3.092704         177.198859
	 D(3,4,9,23)      =        -0.054788          -3.139106
	 D(4,3,2,10)      =         3.075880         176.234963
	 D(4,5,6,7)       =        -0.012020          -0.688677
	 D(4,5,6,20)      =        -3.151042        -180.541431
	 D(4,9,8,7)       =        -0.027098          -1.552577
	 D(4,9,8,22)      =         3.125813         179.095892
	 D(5,4,9,8)       =         0.027930           1.600261
	 D(5,4,9,23)      =        -3.119561        -178.737703
	 D(5,6,7,8)       =         0.013261           0.759812
	 D(5,6,7,21)      =         3.146580         180.285725
	 D(6,5,4,9)       =        -0.008525          -0.488472
	 D(6,7,8,9)       =         0.006266           0.358999
	 D(6,7,8,22)      =         3.136474         179.706728
	 D(7,6,5,19)      =        -3.128842        -179.269428
	 D(7,8,9,23)      =         3.120534         178.793415
	 D(8,7,6,20)      =        -3.130919        -179.388423
	 D(9,4,5,19)      =         3.108678         178.114135
	 D(9,8,7,21)      =        -3.127053        -179.166925
	 D(10,2,1,16)     =        -1.054992         -60.446571
	 D(10,2,1,17)     =         0.999696          57.278388
	 D(10,2,1,18)     =         3.098708         177.542894
	 D(10,11,12,13)   =         0.000837           0.047977
	 D(10,11,12,25)   =        -3.141340        -179.985503
	 D(10,15,14,13)   =         0.002066           0.118371
	 D(10,15,14,27)   =        -3.140517        -179.938348
	 D(11,10,15,14)   =        -0.002329          -0.133446
	 D(11,10,15,28)   =         3.141189         179.976879
	 D(11,12,13,14)   =        -0.001129          -0.064710
	 D(11,12,13,26)   =        -3.142535        -180.053974
	 D(12,11,10,15)   =         0.000878           0.050324
	 D(12,13,14,15)   =        -0.000313          -0.017925
	 D(12,13,14,27)   =        -3.140914        -179.961118
	 D(13,12,11,24)   =         3.139574         179.884322
	 D(13,14,15,28)   =        -3.141525        -179.996130
	 D(14,13,12,25)   =         3.141050         179.968899
	 D(15,10,11,24)   =        -3.137813        -179.783414
	 D(15,14,13,26)   =         3.141092         179.971334
	 D(19,5,6,20)     =         0.015321           0.877818
	 D(20,6,7,21)     =         0.002400           0.137490
	 D(21,7,8,22)     =         0.003156           0.180805
	 D(22,8,9,23)     =        -0.009741          -0.558116
	 D(24,11,12,25)   =        -0.002603          -0.149158
	 D(25,12,13,26)   =        -0.000355          -0.020365
	 D(26,13,14,27)   =         0.000491           0.028141
	 D(27,14,15,28)   =        -0.000922          -0.052849


	        --- Internal Coordinate Step in ANG or DEG, aJ/ANG or AJ/DEG ---
	-------------------------------------------------------------------------------
	           Coordinate      Previous         Force          Change          New 
	           ----------      --------        ------          ------        ------
	               R(1,2)       1.51300        0.00149        0.00017       1.51317
	              R(1,16)       1.10881        0.00079        0.00067       1.10948
	              R(1,17)       1.11077       -0.00517       -0.00190       1.10887
	              R(1,18)       1.10425       -0.00090        0.00043       1.10468
	               R(2,3)       1.29174        0.01571        0.00115       1.29289
	              R(2,10)       1.49432       -0.00454       -0.00097       1.49335
	               R(3,4)       1.39399       -0.00085        0.00048       1.39447
	               R(4,5)       1.41739        0.00090       -0.00042       1.41697
	               R(4,9)       1.41566       -0.00051        0.00005       1.41571
	               R(5,6)       1.40215       -0.00404       -0.00061       1.40154
	              R(5,19)       1.10079       -0.00243       -0.00036       1.10043
	               R(6,7)       1.40405       -0.00134       -0.00000       1.40405
	              R(6,20)       1.10125       -0.00082       -0.00006       1.10119
	               R(7,8)       1.40589       -0.00203       -0.00045       1.40544
	              R(7,21)       1.10055       -0.00227       -0.00038       1.10016
	               R(8,9)       1.40025       -0.00313       -0.00012       1.40013
	              R(8,22)       1.10117       -0.00092       -0.00004       1.10113
	              R(9,23)       1.10015       -0.00180       -0.00024       1.09992
	             R(10,11)       1.41237       -0.00043       -0.00000       1.41237
	             R(10,15)       1.41364        0.00196        0.00049       1.41413
	             R(11,12)       1.40370       -0.00436       -0.00063       1.40308
	             R(11,24)       1.09930       -0.00085       -0.00005       1.09925
	             R(12,13)       1.40264       -0.00056       -0.00004       1.40260
	             R(12,25)       1.10089       -0.00157       -0.00023       1.10066
	             R(13,14)       1.40685       -0.00148       -0.00012       1.40673
	             R(13,26)       1.10108       -0.00178       -0.00026       1.10082
	             R(14,15)       1.39859       -0.00512       -0.00081       1.39779
	             R(14,27)       1.10106       -0.00127       -0.00016       1.10090
	             R(15,28)       1.09984       -0.00063       -0.00003       1.09981
	             B(1,2,3)     124.47923        0.00007       -0.17669     124.30254
	            B(1,2,10)     118.00062       -0.00001        0.27404     118.27466
	            B(2,1,16)     111.26807        0.00001       -0.14216     111.12590
	            B(2,1,17)     109.68088        0.00003        0.72016     110.40104
	            B(2,1,18)     111.47172        0.00001       -0.23906     111.23266
	             B(2,3,4)     124.51593        0.00015        0.04213     124.55806
	           B(2,10,11)     121.96119        0.00001        0.06047     122.02166
	           B(2,10,15)     119.44854        0.00001        0.01581     119.46435
	            B(3,2,10)     117.49653       -0.00006       -0.09044     117.40609
	             B(3,4,5)     121.82444        0.00009       -0.06129     121.76315
	             B(3,4,9)     119.38117       -0.00007        0.05779     119.43896
	             B(4,5,6)     120.44734        0.00000       -0.01985     120.42750
	            B(4,5,19)     118.99178        0.00000       -0.02867     118.96311
	             B(4,9,8)     120.42088        0.00001        0.00300     120.42388
	            B(4,9,23)     118.61462       -0.00003       -0.06236     118.55226
	             B(5,4,9)     118.64218       -0.00002       -0.00534     118.63684
	             B(5,6,7)     120.52652        0.00001        0.05514     120.58167
	            B(5,6,20)     119.40102       -0.00000       -0.03712     119.36390
	            B(6,5,19)     120.54595       -0.00001        0.04865     120.59460
	             B(6,7,8)     119.30662       -0.00000       -0.04140     119.26522
	            B(6,7,21)     120.34686        0.00000        0.02165     120.36851
	            B(7,6,20)     120.07229       -0.00000       -0.01789     120.05441
	             B(7,8,9)     120.63372       -0.00000        0.00871     120.64243
	            B(7,8,22)     119.97529        0.00000        0.01015     119.98544
	            B(8,7,21)     120.34481        0.00000        0.01868     120.36348
	            B(8,9,23)     120.96362        0.00001        0.05941     121.02304
	            B(9,8,22)     119.38781        0.00000       -0.01806     119.36975
	          B(10,11,12)     120.64022        0.00001        0.04702     120.68724
	          B(10,11,24)     120.47435       -0.00002       -0.12798     120.34636
	          B(10,15,14)     120.73439        0.00001        0.03805     120.77244
	          B(10,15,28)     117.76269       -0.00003       -0.16954     117.59315
	          B(11,10,15)     118.58861       -0.00002       -0.07619     118.51242
	          B(11,12,13)     120.17989        0.00000       -0.00038     120.17952
	          B(11,12,25)     119.71861       -0.00000       -0.01854     119.70007
	          B(12,11,24)     118.88523        0.00001        0.08081     118.96604
	          B(12,13,14)     119.66048       -0.00000       -0.01548     119.64500
	          B(12,13,26)     120.14557       -0.00000       -0.00199     120.14358
	          B(13,12,25)     120.10149        0.00000        0.01893     120.12042
	          B(13,14,15)     120.19626        0.00000        0.00692     120.20318
	          B(13,14,27)     119.97929        0.00000        0.00551     119.98481
	          B(14,13,26)     120.19395        0.00000        0.01747     120.21141
	          B(14,15,28)     121.50282        0.00002        0.13154     121.63437
	          B(15,14,27)     119.82442       -0.00000       -0.01241     119.81201
	           B(16,1,17)     106.62193       -0.00001        0.18727     106.80920
	           B(16,1,18)     109.08169       -0.00005       -0.76817     108.31352
	           B(17,1,18)     108.56258        0.00000        0.25451     108.81709
	           D(1,2,3,4)      -5.57287       -0.00006        0.11703      -5.45584
	         D(1,2,10,11)       1.86044        0.00000        1.26209       3.12253
	         D(1,2,10,15)    -178.61527        0.00001        1.27443    -177.34084
	           D(2,3,4,5)     -61.48967       -0.00004       -4.94034     -66.43001
	           D(2,3,4,9)     123.05688       -0.00003       -4.81030     118.24658
	        D(2,10,11,12)     179.57856        0.00000       -0.04075     179.53781
	        D(2,10,11,24)      -0.25518        0.00000        0.01101      -0.24417
	        D(2,10,15,14)    -179.67381       -0.00000        0.00053    -179.67328
	        D(2,10,15,28)       0.43651       -0.00000       -0.04057       0.39594
	          D(3,2,1,16)     121.36965       -0.00004       -5.69322     115.67642
	          D(3,2,1,17)    -120.90539       -0.00002       -5.09312    -125.99852
	          D(3,2,1,18)      -0.64089        0.00001       -4.44725      -5.08814
	         D(3,2,10,11)    -179.82734       -0.00000        1.52767    -178.29967
	         D(3,2,10,15)      -0.30305        0.00000        1.54001       1.23696
	           D(3,4,5,6)    -175.97439        0.00000       -0.08133    -176.05572
	          D(3,4,5,19)       2.62822       -0.00000       -0.07456       2.55366
	           D(3,4,9,8)     177.19886        0.00000       -0.05018     177.14868
	          D(3,4,9,23)      -3.13911        0.00000       -0.03866      -3.17776
	          D(4,3,2,10)     176.23496       -0.00006       -0.17455     176.06041
	           D(4,5,6,7)      -0.68868        0.00000        0.15593      -0.53275
	          D(4,5,6,20)    -180.54143       -0.00000        0.06932    -180.47211
	           D(4,9,8,7)      -1.55258       -0.00000        0.10377      -1.44880
	          D(4,9,8,22)     179.09589       -0.00000        0.01595     179.11184
	           D(5,4,9,8)       1.60026        0.00001        0.07847       1.67873
	          D(5,4,9,23)    -178.73770        0.00001        0.08999    -178.64771
	           D(5,6,7,8)       0.75981        0.00000        0.02771       0.78752
	          D(5,6,7,21)     180.28573       -0.00000       -0.10304     180.18269
	           D(6,5,4,9)      -0.48847       -0.00001       -0.20755      -0.69602
	           D(6,7,8,9)       0.35900       -0.00000       -0.15719       0.20181
	          D(6,7,8,22)     179.70673       -0.00000       -0.06900     179.63772
	          D(7,6,5,19)    -179.26943        0.00001        0.15015    -179.11928
	          D(7,8,9,23)     178.79341        0.00000        0.09239     178.88580
	          D(8,7,6,20)    -179.38842        0.00001        0.11488    -179.27354
	          D(9,4,5,19)     178.11414       -0.00002       -0.20078     177.91335
	          D(9,8,7,21)    -179.16692        0.00000       -0.02647    -179.19339
	         D(10,2,1,16)     -60.44657       -0.00004       -5.40545     -65.85202
	         D(10,2,1,17)      57.27839       -0.00002       -4.80535      52.47304
	         D(10,2,1,18)     177.54289        0.00001       -4.15948     173.38342
	       D(10,11,12,13)       0.04798       -0.00000        0.06408       0.11206
	       D(10,11,12,25)    -179.98550        0.00000        0.09306    -179.89245
	       D(10,15,14,13)       0.11837       -0.00000        0.01672       0.13509
	       D(10,15,14,27)    -179.93835       -0.00000        0.05495    -179.88340
	       D(11,10,15,14)      -0.13345        0.00000        0.01307      -0.12038
	       D(11,10,15,28)     179.97688        0.00000       -0.02803     179.94885
	       D(11,12,13,14)      -0.06471        0.00000       -0.03350      -0.09821
	       D(11,12,13,26)    -180.05397        0.00000       -0.01365    -180.06762
	       D(12,11,10,15)       0.05032       -0.00000       -0.05339      -0.00307
	       D(12,13,14,15)      -0.01792       -0.00000       -0.00661      -0.02453
	       D(12,13,14,27)    -179.96112       -0.00000       -0.04489    -180.00601
	       D(13,12,11,24)     179.88432        0.00000        0.01268     179.89700
	       D(13,14,15,28)    -179.99613       -0.00000        0.05916    -179.93697
	       D(14,13,12,25)     179.96890        0.00000       -0.06258     179.90632
	       D(15,10,11,24)    -179.78341       -0.00000       -0.00163    -179.78504
	       D(15,14,13,26)     179.97133       -0.00000       -0.02647     179.94486
	         D(19,5,6,20)       0.87782        0.00001        0.06355       0.94137
	         D(20,6,7,21)       0.13749        0.00000       -0.01586       0.12163
	         D(21,7,8,22)       0.18080        0.00000        0.06172       0.24252
	         D(22,8,9,23)      -0.55812        0.00000        0.00456      -0.55356
	       D(24,11,12,25)      -0.14916        0.00000        0.04166      -0.10750
	       D(25,12,13,26)      -0.02036       -0.00000       -0.04274      -0.06310
	       D(26,13,14,27)       0.02814       -0.00000       -0.06476      -0.03661
	       D(27,14,15,28)      -0.05285        0.00000        0.09739       0.04454
	-------------------------------------------------------------------------------

	                                 ==> Convergence Check <==                                  
    
	Measures of convergence in internal coordinates in au.
    
	Criteria marked as inactive (o), active & met (*), and active & unmet ( ).

	----------------------------------------------------------------------------------------------
	   Step    Total Energy     Delta E     Max Force     RMS Force      Max Disp      RMS Disp   
	----------------------------------------------------------------------------------------------
	  Convergence Criteria              o    1.50e-05 *    1.00e-05 *    6.00e-05 *    4.00e-05 *
	----------------------------------------------------------------------------------------------
	     8    -594.90916927   -3.59e-06 o    2.02e-03      3.60e-04      9.94e-02      2.14e-02    ~
	----------------------------------------------------------------------------------------------

Next Geometry in Ang 
	Fragment 1 (Ang)

	    C  -0.1636437699  -0.5442041761  -1.7570476316
	    C  -0.4475300015  -0.0731712146  -0.3473592663
	    N   0.4628520536   0.2791689951   0.5003541719
	    C   1.8352248079   0.1735151771   0.2768279289
	    C   2.4759353970  -1.0841153111   0.1516833810
	    C   3.8681709434  -1.1604353251   0.0096716092
	    C   4.6480273350   0.0066920275  -0.0220110566
	    C   4.0191528632   1.2569296692   0.1071818427
	    C   2.6312877170   1.3441862521   0.2702027785
	    C  -1.8712918923   0.0255931430   0.0922479011
	    C  -2.9415113935  -0.3666704654  -0.7417480374
	    C  -4.2686025698  -0.2708806377  -0.2964697044
	    C  -4.5478764125   0.2201682558   0.9873382943
	    C  -3.4901566627   0.6141823469   1.8269101610
	    C  -2.1677072347   0.5165964260   1.3848510208
	    H  -0.4720396612  -1.6009617598  -1.8952808794
	    H  -0.7406917576   0.0566012905  -2.4889229104
	    H   0.9114384650  -0.4620758834  -1.9974236048
	    H   1.8659698300  -1.9991744124   0.1910209712
	    H   4.3486738724  -2.1473462913  -0.0783644180
	    H   5.7403390051  -0.0571784148  -0.1366317079
	    H   4.6199493464   2.1795514899   0.0899583661
	    H   2.1347252847   2.3182854139   0.3900834287
	    H  -2.7453652056  -0.7559356395  -1.7508797184
	    H  -5.0900725170  -0.5828244922  -0.9592926862
	    H  -5.5893689113   0.2961140114   1.3356785611
	    H  -3.7029719204   1.0004961814   2.8355995929
	    H  -1.3229170109   0.8168933433   2.0218216119


    Structure for next step:
    Molecular point group: c1
    Full point group: C1

    Geometry (in Angstrom), charge = 0, multiplicity = 1:

    C           -0.163643769919    -0.544204176100    -1.757047631593
    C           -0.447530001478    -0.073171214593    -0.347359266325
    N            0.462852053605     0.279168995095     0.500354171886
    C            1.835224807894     0.173515177137     0.276827928896
    C            2.475935397048    -1.084115311074     0.151683381009
    C            3.868170943434    -1.160435325147     0.009671609155
    C            4.648027335019     0.006692027534    -0.022011056565
    C            4.019152863173     1.256929669245     0.107181842714
    C            2.631287717041     1.344186252079     0.270202778473
    C           -1.871291892324     0.025593142971     0.092247901108
    C           -2.941511393535    -0.366670465359    -0.741748037358
    C           -4.268602569817    -0.270880637703    -0.296469704416
    C           -4.547876412550     0.220168255845     0.987338294261
    C           -3.490156662687     0.614182346862     1.826910161038
    C           -2.167707234672     0.516596425999     1.384851020845
    H           -0.472039661181    -1.600961759845    -1.895280879430
    H           -0.740691757592     0.056601290451    -2.488922910372
    H            0.911438464960    -0.462075883368    -1.997423604811
    H            1.865969829992    -1.999174412446     0.191020971247
    H            4.348673872439    -2.147346291279    -0.078364418001
    H            5.740339005071    -0.057178414801    -0.136631707879
    H            4.619949346427     2.179551489867     0.089958366129
    H            2.134725284744     2.318285413933     0.390083428693
    H           -2.745365205565    -0.755935639506    -1.750879718413
    H           -5.090072516998    -0.582824492211    -0.959292686221
    H           -5.589368911287     0.296114011447     1.335678561148
    H           -3.702971920373     1.000496181444     2.835599592943
    H           -1.322917010871     0.816893343322     2.021821611940


Scratch directory: C:\Users\HUIWEI\Documents\Codex\2026-09-10\25-ee-phase5-phase24-1-hantzsch-3\work\qm_scratch\pbe_E_opt_01/
gradient() will perform analytic gradient computation.
   => Libint2 <=

    Primary   basis highest AM E, G, H:  7, 6, -
    Auxiliary basis highest AM E, G, H:  7, 7, -
    Onebody   basis highest AM E, G, H:  -, -, -
    Solid Harmonics ordering:            Gaussian

*** tstart() called on LAPTOP-257FNSVV
*** at Thu Sep 10 23:03:25 2026

   => Loading Basis Set <=

    Name: DEF2-SVP
    Role: ORBITAL
    Keyword: BASIS
    atoms 1-2, 4-15 entry C          line    90 file C:\Users\HUIWEI\miniconda3\envs\phase7\Library\share\psi4\basis\def2-svp.gbs 
    atoms 3         entry N          line   110 file C:\Users\HUIWEI\miniconda3\envs\phase7\Library\share\psi4\basis\def2-svp.gbs 
    atoms 16-28     entry H          line    15 file C:\Users\HUIWEI\miniconda3\envs\phase7\Library\share\psi4\basis\def2-svp.gbs 

   => PBE-D3(BJ): Empirical Dispersion <=

    Grimme's -D3 (BJ-damping) Dispersion Correction
    Grimme S.; Ehrlich S.; Goerigk L. (2011), J. Comput. Chem., 32: 1456

        s6 =       1.000000
        s8 =       0.787500
        a1 =       0.428900
        a2 =       4.440700


         ---------------------------------------------------------
                                   SCF
               by Justin Turney, Rob Parrish, Andy Simmonett
                          and Daniel G. A. Smith
                              RKS Reference
                        2 Threads,    476 MiB Core
         ---------------------------------------------------------

  ==> Geometry <==

    Molecular point group: c1
    Full point group: C1

    Geometry (in Angstrom), charge = 0, multiplicity = 1:

       Center              X                  Y                   Z               Mass       
    ------------   -----------------  -----------------  -----------------  -----------------
         C           -0.163643769919    -0.544204176100    -1.757047631593    12.000000000000
         C           -0.447530001478    -0.073171214593    -0.347359266325    12.000000000000
         N            0.462852053605     0.279168995095     0.500354171886    14.003074004430
         C            1.835224807894     0.173515177137     0.276827928896    12.000000000000
         C            2.475935397048    -1.084115311074     0.151683381009    12.000000000000
         C            3.868170943434    -1.160435325147     0.009671609155    12.000000000000
         C            4.648027335019     0.006692027534    -0.022011056565    12.000000000000
         C            4.019152863173     1.256929669245     0.107181842714    12.000000000000
         C            2.631287717041     1.344186252079     0.270202778473    12.000000000000
         C           -1.871291892324     0.025593142971     0.092247901108    12.000000000000
         C           -2.941511393535    -0.366670465359    -0.741748037358    12.000000000000
         C           -4.268602569817    -0.270880637703    -0.296469704416    12.000000000000
         C           -4.547876412550     0.220168255845     0.987338294261    12.000000000000
         C           -3.490156662687     0.614182346862     1.826910161038    12.000000000000
         C           -2.167707234672     0.516596425999     1.384851020845    12.000000000000
         H           -0.472039661181    -1.600961759845    -1.895280879430     1.007825032230
         H           -0.740691757592     0.056601290451    -2.488922910372     1.007825032230
         H            0.911438464960    -0.462075883368    -1.997423604811     1.007825032230
         H            1.865969829992    -1.999174412446     0.191020971247     1.007825032230
         H            4.348673872439    -2.147346291279    -0.078364418001     1.007825032230
         H            5.740339005071    -0.057178414801    -0.136631707879     1.007825032230
         H            4.619949346427     2.179551489867     0.089958366129     1.007825032230
         H            2.134725284744     2.318285413933     0.390083428693     1.007825032230
         H           -2.745365205565    -0.755935639506    -1.750879718413     1.007825032230
         H           -5.090072516998    -0.582824492211    -0.959292686221     1.007825032230
         H           -5.589368911287     0.296114011447     1.335678561148     1.007825032230
         H           -3.702971920373     1.000496181444     2.835599592943     1.007825032230
         H           -1.322917010871     0.816893343322     2.021821611940     1.007825032230

  Running in c1 symmetry.

  Rotational constants: A =      0.06399  B =      0.00891  C =      0.00836 [cm^-1]
  Rotational constants: A =   1918.32916  B =    267.22172  C =    250.76571 [MHz]
  Nuclear repulsion =  857.133243796060924

  Charge       = 0
  Multiplicity = 1
  Electrons    = 104
  Nalpha       = 52
  Nbeta        = 52

  ==> Algorithm <==

  SCF Algorithm Type is DF.
  DIIS enabled.
  MOM disabled.
  Fractional occupation disabled.
  Guess Type is READ.
  Energy threshold   = 1.00e-09
  Density threshold  = 1.00e-08
  Integral threshold = 1.00e-12

  ==> Primary Basis <==

  Basis Set: DEF2-SVP
    Blend: DEF2-SVP
    Number of shells: 129
    Number of basis functions: 275
    Number of Cartesian functions: 290
    Spherical Harmonics?: true
    Max angular momentum: 2

  ==> DFT Potential <==

   => LibXC <=

    Version 7.1.2
    S. Lehtola, C. Steigemann, M. J. T. Oliveira, and M. A. L. Marques,  SoftwareX 7, 1–5 (2018) (10.1016/j.softx.2017.11.002)

   => Composite Functional: PBE-D3BJ2B <= 

    PBE GGA Exchange-Correlation Functional

    J.P. Perdew et. al., Phys. Rev. Lett., 77(18), 3865-3868, 1996


    Deriv               =              1
    GGA                 =           TRUE
    Meta                =          FALSE

    Exchange Hybrid     =          FALSE
    MP2 Hybrid          =          FALSE

   => Exchange Functionals <=

    1.0000     XC_GGA_X_PBE

   => Correlation Functionals <=

    1.0000     XC_GGA_C_PBE

   => LibXC Density Thresholds  <==

    XC_GGA_C_PBE:  1.00E-12 
    XC_GGA_X_PBE:  1.00E-15 

   => Molecular Quadrature <=

    Radial Scheme          =       TREUTLER
    Pruning Scheme         =           NONE
    Nuclear Scheme         =       TREUTLER

    Blocking Scheme        =         OCTREE
    BS radius alpha        =              1
    Pruning alpha          =              1
    Radial Points          =             75
    Spherical Points       =            302
    Total Points           =         581581
    Total Blocks           =           4236
    Max Points             =            256
    Max Functions          =            218
    Weights Tolerance      =       1.00E-15

   => Loading Basis Set <=

    Name: (DEF2-SVP AUX)
    Role: JKFIT
    Keyword: DF_BASIS_SCF
    atoms 1-2, 4-15 entry C          line   198 file C:\Users\HUIWEI\miniconda3\envs\phase7\Library\share\psi4\basis\def2-universal-jkfit.gbs 
    atoms 3         entry N          line   258 file C:\Users\HUIWEI\miniconda3\envs\phase7\Library\share\psi4\basis\def2-universal-jkfit.gbs 
    atoms 16-28     entry H          line    18 file C:\Users\HUIWEI\miniconda3\envs\phase7\Library\share\psi4\basis\def2-universal-jkfit.gbs 

   => Loading Basis Set <=

    Name: DEF2-SVP
    Role: ORBITAL
    Keyword: BASIS
    atoms 1-2, 4-15 entry C          line    90 file C:\Users\HUIWEI\miniconda3\envs\phase7\Library\share\psi4\basis\def2-svp.gbs 
    atoms 3         entry N          line   110 file C:\Users\HUIWEI\miniconda3\envs\phase7\Library\share\psi4\basis\def2-svp.gbs 
    atoms 16-28     entry H          line    15 file C:\Users\HUIWEI\miniconda3\envs\phase7\Library\share\psi4\basis\def2-svp.gbs 

  Reading orbitals from file C:\Users\HUIWEI\Documents\Codex\2026-09-10\25-ee-phase5-phase24-1-hantzsch-3\work\qm_scratch\pbe_E_opt_01/psi4.default.35548.180.npy, no projection.

  ==> Integral Setup <==

  ==> DiskDFJK: Density-Fitted J/K Matrices <==

    J tasked:                  Yes
    K tasked:                   No
    wK tasked:                  No
    OpenMP threads:              2
    Integrals threads:           2
    Memory [MiB]:              344
    Algorithm:                Disk
    Integral Cache:           NONE
    Schwarz Cutoff:          1E-12
    Fitting Condition:       1E-10

   => Auxiliary Basis Set <=

  Basis Set: (DEF2-SVP AUX)
    Blend: DEF2-UNIVERSAL-JKFIT
    Number of shells: 453
    Number of basis functions: 1361
    Number of Cartesian functions: 1599
    Spherical Harmonics?: true
    Max angular momentum: 4

  Cached 0.5% of DFT collocation blocks in 0.014 [GiB].

  Minimum eigenvalue in the overlap matrix is 2.9704082785E-04.
  Reciprocal condition number of the overlap matrix is 4.6178049581E-05.
    Using symmetric orthogonalization.

  ==> Pre-Iterations <==

  SCF Guess: Orbitals guess was supplied from a previous computation.

   -------------------------------------------------------
    Irrep   Nso     Nmo     Nalpha   Nbeta   Ndocc  Nsocc
   -------------------------------------------------------
     A        275     275      52      52      52       0
   -------------------------------------------------------
    Total     275     275      52      52      52       0
   -------------------------------------------------------

  ==> Iterations <==

                           Total Energy        Delta E     RMS |[F,P]|

   @DF-RKS iter   0:  -594.90230544085205   -5.94902e+02   4.86068e-04 
   @DF-RKS iter   1:  -594.90911436225963   -6.80892e-03   4.43322e-05 DIIS
   @DF-RKS iter   2:  -594.90899651562984    1.17847e-04   6.73805e-05 DIIS
   @DF-RKS iter   3:  -594.90915444013126   -1.57925e-04   3.61028e-05 DIIS
   @DF-RKS iter   4:  -594.90920715900052   -5.27189e-05   8.40485e-06 DIIS
   @DF-RKS iter   5:  -594.90920971232788   -2.55333e-06   2.42709e-06 DIIS
   @DF-RKS iter   6:  -594.90920993738393   -2.25056e-07   8.28065e-07 DIIS
   @DF-RKS iter   7:  -594.90920996423574   -2.68518e-08   2.89252e-07 DIIS
   @DF-RKS iter   8:  -594.90920996762020   -3.38446e-09   7.16698e-08 DIIS
   @DF-RKS iter   9:  -594.90920996780665   -1.86446e-10   2.72796e-08 DIIS
   @DF-RKS iter  10:  -594.90920996783063   -2.39879e-11   1.01122e-08 DIIS
   @DF-RKS iter  11:  -594.90920996783495   -4.32010e-12   2.31889e-09 DIIS
  Energy and wave function converged.


  ==> Post-Iterations <==

   Electrons on quadrature grid:
      Ntotal   =  103.9999806051 ; deviation = -1.939e-05 

    Orbital Energies [Eh]
    ---------------------

    Doubly Occupied:                                                      

       1A    -13.992251     2A     -9.956525     3A     -9.930436  
       4A     -9.912043     5A     -9.910718     6A     -9.909599  
       7A     -9.908621     8A     -9.906575     9A     -9.906527  
      10A     -9.902905    11A     -9.899613    12A     -9.898925  
      13A     -9.897885    14A     -9.895291    15A     -9.894390  
      16A     -0.848985    17A     -0.775735    18A     -0.756126  
      19A     -0.699413    20A     -0.671504    21A     -0.661923  
      22A     -0.655339    23A     -0.642914    24A     -0.573311  
      25A     -0.542222    26A     -0.536734    27A     -0.529531  
      28A     -0.492036    29A     -0.468640    30A     -0.441868  
      31A     -0.425653    32A     -0.410853    33A     -0.404735  
      34A     -0.396077    35A     -0.389153    36A     -0.383585  
      37A     -0.378280    38A     -0.374043    39A     -0.366167  
      40A     -0.344926    41A     -0.335827    42A     -0.327226  
      43A     -0.314460    44A     -0.308189    45A     -0.303694  
      46A     -0.300660    47A     -0.279799    48A     -0.253247  
      49A     -0.234248    50A     -0.224692    51A     -0.222351  
      52A     -0.186640  

    Virtual:                                                              

      53A     -0.085621    54A     -0.043735    55A     -0.035620  
      56A     -0.026719    57A      0.000942    58A      0.033980  
      59A      0.042165    60A      0.054699    61A      0.078272  
      62A      0.080700    63A      0.095014    64A      0.099959  
      65A      0.101673    66A      0.106711    67A      0.108393  
      68A      0.117495    69A      0.125820    70A      0.127172  
      71A      0.138193    72A      0.139947    73A      0.171135  
      74A      0.204095    75A      0.223927    76A      0.234330  
      77A      0.248580    78A      0.249053    79A      0.255431  
      80A      0.265858    81A      0.274736    82A      0.284102  
      83A      0.288178    84A      0.314446    85A      0.323049  
      86A      0.350041    87A      0.360005    88A      0.365327  
      89A      0.377279    90A      0.379723    91A      0.393554  
      92A      0.395962    93A      0.401425    94A      0.412637  
      95A      0.423135    96A      0.430132    97A      0.435491  
      98A      0.443722    99A      0.451874   100A      0.452004  
     101A      0.456664   102A      0.461740   103A      0.467069  
     104A      0.487430   105A      0.498039   106A      0.507646  
     107A      0.514529   108A      0.527159   109A      0.541052  
     110A      0.543672   111A      0.553970   112A      0.555373  
     113A      0.571662   114A      0.577802   115A      0.584938  
     116A      0.589433   117A      0.599267   118A      0.600819  
     119A      0.608234   120A      0.613229   121A      0.621423  
     122A      0.625497   123A      0.627571   124A      0.639541  
     125A      0.646073   126A      0.659053   127A      0.665183  
     128A      0.666602   129A      0.673436   130A      0.675495  
     131A      0.682124   132A      0.689837   133A      0.699661  
     134A      0.707759   135A      0.713020   136A      0.723684  
     137A      0.749666   138A      0.754705   139A      0.757400  
     140A      0.780013   141A      0.797096   142A      0.806106  
     143A      0.825666   144A      0.874343   145A      0.887507  
     146A      0.920855   147A      0.933307   148A      0.997316  
     149A      1.003779   150A      1.024805   151A      1.035942  
     152A      1.054608   153A      1.098687   154A      1.108821  
     155A      1.118890   156A      1.143895   157A      1.158640  
     158A      1.179664   159A      1.181743   160A      1.184055  
     161A      1.192573   162A      1.208122   163A      1.212642  
     164A      1.227534   165A      1.227900   166A      1.231131  
     167A      1.238791   168A      1.249607   169A      1.262029  
     170A      1.293431   171A      1.325641   172A      1.438390  
     173A      1.452644   174A      1.477316   175A      1.499347  
     176A      1.512593   177A      1.538195   178A      1.585493  
     179A      1.590097   180A      1.593125   181A      1.600335  
     182A      1.605037   183A      1.638031   184A      1.643015  
     185A      1.648986   186A      1.667235   187A      1.671375  
     188A      1.673632   189A      1.677183   190A      1.680743  
     191A      1.684769   192A      1.690020   193A      1.692073  
     194A      1.700849   195A      1.712951   196A      1.724626  
     197A      1.739988   198A      1.746807   199A      1.757132  
     200A      1.778780   201A      1.793611   202A      1.796035  
     203A      1.827425   204A      1.836364   205A      1.854661  
     206A      1.872212   207A      1.876231   208A      1.878270  
     209A      1.899854   210A      1.900938   211A      1.905384  
     212A      1.908909   213A      1.912726   214A      1.945177  
     215A      1.994741   216A      2.007283   217A      2.016748  
     218A      2.041036   219A      2.045745   220A      2.064629  
     221A      2.069037   222A      2.077740   223A      2.083196  
     224A      2.115078   225A      2.134611   226A      2.149494  
     227A      2.172887   228A      2.184670   229A      2.200332  
     230A      2.214583   231A      2.216241   232A      2.229118  
     233A      2.235026   234A      2.256111   235A      2.262006  
     236A      2.264745   237A      2.294957   238A      2.324475  
     239A      2.345380   240A      2.358469   241A      2.372842  
     242A      2.410457   243A      2.459349   244A      2.473275  
     245A      2.499183   246A      2.519136   247A      2.527964  
     248A      2.536914   249A      2.542607   250A      2.545629  
     251A      2.624031   252A      2.629825   253A      2.634300  
     254A      2.634944   255A      2.643868   256A      2.657657  
     257A      2.681320   258A      2.722393   259A      2.769389  
     260A      2.778057   261A      2.785532   262A      2.792592  
     263A      2.831799   264A      2.851264   265A      2.890423  
     266A      2.918003   267A      2.963002   268A      3.005738  
     269A      3.025472   270A      3.067509   271A      3.124290  
     272A      3.236393   273A      3.269528   274A      3.509379  
     275A      3.538947  

    Final Occupation by Irrep:
              A 
    DOCC [    52 ]
    NA   [    52 ]
    NB   [    52 ]

  @DF-RKS Final Energy:  -594.90920996783495

   => Energetics <=

    Nuclear Repulsion Energy =            857.1332437960609241
    One-Electron Energy =               -2503.6360236233158503
    Two-Electron Energy =                1138.3282840187123384
    DFT Exchange-Correlation Energy =     -86.7009103801393621
    Empirical Dispersion Energy =          -0.0338037791530169
    VV10 Nonlocal Energy =                  0.0000000000000000
    Total Energy =                       -594.9092099678349541

Computation Completed


Properties will be evaluated at   0.000000,   0.000000,   0.000000 [a0]

Properties computed using the SCF density matrix


 Multipole Moments:

 ------------------------------------------------------------------------------------
     Multipole            Electronic (a.u.)      Nuclear  (a.u.)        Total (a.u.)
 ------------------------------------------------------------------------------------

 L = 1.  Multiply by 2.5417464519 to convert [e a0] to [Debye]
 Dipole X            :         -1.7428231            1.2746353           -0.4681878
 Dipole Y            :         -9.5992467            9.3861654           -0.2130813
 Dipole Z            :        -24.5591974           24.0250730           -0.5341243
 Magnitude           :                                                    0.7415472

 ------------------------------------------------------------------------------------

*** tstop() called on LAPTOP-257FNSVV at Thu Sep 10 23:04:21 2026
Module time:
	user time   =        nan seconds =        nan minutes
	system time =        nan seconds =        nan minutes
	total time  =         56 seconds =       0.93 minutes
Total time:
	user time   =        nan seconds =        nan minutes
	system time =        nan seconds =        nan minutes
	total time  =        714 seconds =      11.90 minutes

*** tstart() called on LAPTOP-257FNSVV
*** at Thu Sep 10 23:04:21 2026


         ------------------------------------------------------------
                                   SCF GRAD                          
                          Rob Parrish, Justin Turney,                
                       Andy Simmonett, and Alex Sokolov              
         ------------------------------------------------------------

  ==> Geometry <==

    Molecular point group: c1
    Full point group: C1

    Geometry (in Angstrom), charge = 0, multiplicity = 1:

       Center              X                  Y                   Z               Mass       
    ------------   -----------------  -----------------  -----------------  -----------------
         C           -0.163643769919    -0.544204176100    -1.757047631593    12.000000000000
         C           -0.447530001478    -0.073171214593    -0.347359266325    12.000000000000
         N            0.462852053605     0.279168995095     0.500354171886    14.003074004430
         C            1.835224807894     0.173515177137     0.276827928896    12.000000000000
         C            2.475935397048    -1.084115311074     0.151683381009    12.000000000000
         C            3.868170943434    -1.160435325147     0.009671609155    12.000000000000
         C            4.648027335019     0.006692027534    -0.022011056565    12.000000000000
         C            4.019152863173     1.256929669245     0.107181842714    12.000000000000
         C            2.631287717041     1.344186252079     0.270202778473    12.000000000000
         C           -1.871291892324     0.025593142971     0.092247901108    12.000000000000
         C           -2.941511393535    -0.366670465359    -0.741748037358    12.000000000000
         C           -4.268602569817    -0.270880637703    -0.296469704416    12.000000000000
         C           -4.547876412550     0.220168255845     0.987338294261    12.000000000000
         C           -3.490156662687     0.614182346862     1.826910161038    12.000000000000
         C           -2.167707234672     0.516596425999     1.384851020845    12.000000000000
         H           -0.472039661181    -1.600961759845    -1.895280879430     1.007825032230
         H           -0.740691757592     0.056601290451    -2.488922910372     1.007825032230
         H            0.911438464960    -0.462075883368    -1.997423604811     1.007825032230
         H            1.865969829992    -1.999174412446     0.191020971247     1.007825032230
         H            4.348673872439    -2.147346291279    -0.078364418001     1.007825032230
         H            5.740339005071    -0.057178414801    -0.136631707879     1.007825032230
         H            4.619949346427     2.179551489867     0.089958366129     1.007825032230
         H            2.134725284744     2.318285413933     0.390083428693     1.007825032230
         H           -2.745365205565    -0.755935639506    -1.750879718413     1.007825032230
         H           -5.090072516998    -0.582824492211    -0.959292686221     1.007825032230
         H           -5.589368911287     0.296114011447     1.335678561148     1.007825032230
         H           -3.702971920373     1.000496181444     2.835599592943     1.007825032230
         H           -1.322917010871     0.816893343322     2.021821611940     1.007825032230

  Nuclear repulsion =  857.133243796060924

  ==> Basis Set <==

  Basis Set: DEF2-SVP
    Blend: DEF2-SVP
    Number of shells: 129
    Number of basis functions: 275
    Number of Cartesian functions: 290
    Spherical Harmonics?: true
    Max angular momentum: 2

  ==> DFJKGrad: Density-Fitted SCF Gradients <==

    Gradient:                    1
    J tasked:                  Yes
    K tasked:                   No
    wK tasked:                  No
    OpenMP threads:              2
    Integrals threads:           2
    Memory [MiB]:              357
    Schwarz Cutoff:          1E-12
    Fitting Condition:       1E-10

   => Auxiliary Basis Set <=

  Basis Set: (DEF2-SVP AUX)
    Blend: DEF2-UNIVERSAL-JKFIT
    Number of shells: 453
    Number of basis functions: 1361
    Number of Cartesian functions: 1599
    Spherical Harmonics?: true
    Max angular momentum: 4

  ==> DFT Potential <==

   => LibXC <=

    Version 7.1.2
    S. Lehtola, C. Steigemann, M. J. T. Oliveira, and M. A. L. Marques,  SoftwareX 7, 1–5 (2018) (10.1016/j.softx.2017.11.002)

   => Composite Functional: PBE-D3BJ2B <= 

    PBE GGA Exchange-Correlation Functional

    J.P. Perdew et. al., Phys. Rev. Lett., 77(18), 3865-3868, 1996


    Deriv               =              1
    GGA                 =           TRUE
    Meta                =          FALSE

    Exchange Hybrid     =          FALSE
    MP2 Hybrid          =          FALSE

   => Exchange Functionals <=

    1.0000     XC_GGA_X_PBE

   => Correlation Functionals <=

    1.0000     XC_GGA_C_PBE

   => LibXC Density Thresholds  <==

    XC_GGA_C_PBE:  1.00E-12 
    XC_GGA_X_PBE:  1.00E-15 

   => Molecular Quadrature <=

    Radial Scheme          =       TREUTLER
    Pruning Scheme         =           NONE
    Nuclear Scheme         =       TREUTLER

    Blocking Scheme        =         OCTREE
    BS radius alpha        =              1
    Pruning alpha          =              1
    Radial Points          =             75
    Spherical Points       =            302
    Total Points           =         581581
    Total Blocks           =           4236
    Max Points             =            256
    Max Functions          =            218
    Weights Tolerance      =       1.00E-15


  -Total Gradient:
     Atom            X                  Y                   Z
    ------   -----------------  -----------------  -----------------
       1       -0.000079465995    -0.000086419414    -0.000324480973
       2       -0.000281429123    -0.000350442787    -0.000274465569
       3       -0.000236296204     0.000282450840     0.000488802818
       4        0.000476013169     0.000023815382    -0.000156578620
       5        0.000317191373    -0.000099909209     0.000288543010
       6       -0.000123499629    -0.000082703386    -0.000023331969
       7       -0.000054397634     0.000164449195    -0.000102100604
       8        0.000188471623    -0.000098950632     0.000028555679
       9       -0.000214874880    -0.000160108955    -0.000007295103
      10       -0.000030214327    -0.000031523671     0.000055398076
      11       -0.000099895374     0.000023733331     0.000020117281
      12        0.000025839923     0.000004479599    -0.000004844061
      13        0.000020437393     0.000028095572    -0.000005272737
      14       -0.000006083086    -0.000012976067     0.000022718000
      15        0.000096329983    -0.000009566123    -0.000094874940
      16        0.000120424928     0.000101529737     0.000059877765
      17        0.000046990547     0.000076423799    -0.000095344623
      18       -0.000173166302     0.000144218319    -0.000189220389
      19        0.000068743439    -0.000031158374     0.000165412944
      20        0.000034816343    -0.000046050776     0.000020083171
      21        0.000050592651     0.000009301908     0.000023841330
      22        0.000040417398     0.000049235065     0.000009000455
      23        0.000003860116     0.000048344393     0.000015996971
      24       -0.000051779204     0.000025972929     0.000014606771
      25       -0.000032852275    -0.000011684524    -0.000026099276
      26       -0.000050821092    -0.000002664356     0.000023877319
      27       -0.000011666750     0.000002566279     0.000049606331
      28        0.000000962012     0.000022811667     0.000034230993


*** tstop() called on LAPTOP-257FNSVV at Thu Sep 10 23:04:33 2026
Module time:
	user time   =        nan seconds =        nan minutes
	system time =        nan seconds =        nan minutes
	total time  =         12 seconds =       0.20 minutes
Total time:
	user time   =        nan seconds =        nan minutes
	system time =        nan seconds =        nan minutes
	total time  =        726 seconds =      12.10 minutes

    			-----------------------------------------

    			 OPTKING 3.0: for geometry optimizations 

    			     By R.A. King, Bethel University     

    			        with contributions from          

    			    A.V. Copan, J. Cayton, A. Heide      

    			-----------------------------------------

    
	                            ===> Fragment 1 <== 

	 Z (Atomic Numbers)          Masses                          Geom                  
	       6.000000            12.000000         -0.30924191 -1.02839685 -3.32033881   
	       6.000000            12.000000         -0.84570914 -0.13827356 -0.65641388   
	       7.000000            14.003074          0.87466362  0.52755294  0.94553235   
	       6.000000            12.000000          3.46807227  0.32789616  0.52312897   
	       6.000000            12.000000          4.67883980 -2.04868103  0.28664005   
	       6.000000            12.000000          7.30978369 -2.19290495  0.01827669   
	       6.000000            12.000000          8.78349869  0.01264610 -0.04159487   
	       6.000000            12.000000          7.59509817  2.37525283  0.20254433   
	       6.000000            12.000000          4.97241314  2.54014388  0.51060925   
	       6.000000            12.000000         -3.53622918  0.04836403  0.17432327   
	       6.000000            12.000000         -5.55865093 -0.69290676 -1.40170064   
	       6.000000            12.000000         -8.06648980 -0.51189022 -0.56024655   
	       6.000000            12.000000         -8.59424087  0.41605771  1.86579897   
	       6.000000            12.000000         -6.59544023  1.16063643  3.45235986   
	       6.000000            12.000000         -4.09637299  0.97622576  2.61698915   
	       1.000000             1.007825         -0.89202568 -3.02537926 -3.58156179   
	       1.000000             1.007825         -1.39970457  0.10696094 -4.70338265   
	       1.000000             1.007825          1.72236908 -0.87319687 -3.77458357   
	       1.000000             1.007825          3.52617194 -3.77789212  0.36097732   
	       1.000000             1.007825          8.21780263 -4.05789639 -0.14808729   
	       1.000000             1.007825         10.84766859 -0.10805154 -0.25819651   
	       1.000000             1.007825          8.73043898  4.11875539  0.16999667   
	       1.000000             1.007825          4.03404614  4.38092451  0.73715085   
	       1.000000             1.007825         -5.18798835 -1.42851133 -3.30868315   
	       1.000000             1.007825         -9.61884302 -1.10137867 -1.81280045   
	       1.000000             1.007825        -10.56237646   0.55957438   2.52406667 
	       1.000000             1.007825         -6.99760278  1.89066377  5.35850663   
	       1.000000             1.007825         -2.49995084  1.54370469  3.82068912   

	 - Coordinate -           - BOHR/RAD -       - ANG/DEG -
	 R(1,2)           =         2.859478           1.513170
	 R(1,16)          =         2.096619           1.109483
	 R(1,17)          =         2.095461           1.108870
	 R(1,18)          =         2.087551           1.104684
	 R(2,3)           =         2.443203           1.292887
	 R(2,10)          =         2.822030           1.493354
	 R(3,4)           =         2.635158           1.394465
	 R(4,5)           =         2.677686           1.416971
	 R(4,9)           =         2.675302           1.415709
	 R(5,6)           =         2.648525           1.401539
	 R(5,19)          =         2.079505           1.100427
	 R(6,7)           =         2.653276           1.404053
	 R(6,20)          =         2.080954           1.101193
	 R(7,8)           =         2.655901           1.405442
	 R(7,21)          =         2.079010           1.100165
	 R(8,9)           =         2.645859           1.400128
	 R(8,22)          =         2.080831           1.101129
	 R(9,23)          =         2.078540           1.099916
	 R(10,11)         =         2.668993           1.412370
	 R(10,15)         =         2.672322           1.414132
	 R(11,12)         =         2.651427           1.403075
	 R(11,24)         =         2.077279           1.099249
	 R(12,13)         =         2.650529           1.402600
	 R(12,25)         =         2.079949           1.100662
	 R(13,14)         =         2.658341           1.406733
	 R(13,26)         =         2.080257           1.100825
	 R(14,15)         =         2.641437           1.397788
	 R(14,27)         =         2.080401           1.100901
	 R(15,28)         =         2.078338           1.099809
	 B(1,2,3)         =         2.169489         124.302541
	 B(1,2,10)        =         2.064282         118.274659
	 B(2,1,16)        =         1.939513         111.125904
	 B(2,1,17)        =         1.926862         110.401040
	 B(2,1,18)        =         1.941376         111.232661
	 B(2,3,4)         =         2.173948         124.558062
	 B(2,10,11)       =         2.129680         122.021662
	 B(2,10,15)       =         2.085046         119.464347
	 B(3,2,10)        =         2.049123         117.406093
	 B(3,4,5)         =         2.125168         121.763149
	 B(3,4,9)         =         2.084603         119.438957
	 B(4,5,6)         =         2.101856         120.427495
	 B(4,5,19)        =         2.076298         118.963113
	 B(4,9,8)         =         2.101793         120.423880
	 B(4,9,23)        =         2.069127         118.552261
	 B(5,4,9)         =         2.070604         118.636844
	 B(5,6,7)         =         2.104547         120.581668
	 B(5,6,20)        =         2.083293         119.363896
	 B(6,5,19)        =         2.104773         120.594601
	 B(6,7,8)         =         2.081571         119.265224
	 B(6,7,21)        =         2.100827         120.368507
	 B(7,6,20)        =         2.095345         120.054409
	 B(7,8,9)         =         2.105608         120.642433
	 B(7,8,22)        =         2.094141         119.985444
	 B(8,7,21)        =         2.100739         120.363484
	 B(8,9,23)        =         2.112250         121.023038
	 B(9,8,22)        =         2.083395         119.369749
	 B(10,11,12)      =         2.106390         120.687239
	 B(10,11,24)      =         2.100440         120.346364
	 B(10,15,14)      =         2.107877         120.772443
	 B(10,15,28)      =         2.052388         117.593153
	 B(11,10,15)      =         2.068432         118.512417
	 B(11,12,13)      =         2.097528         120.179515
	 B(11,12,25)      =         2.089160         119.700066
	 B(12,11,24)      =         2.076349         118.966045
	 B(12,13,14)      =         2.088199         119.644997
	 B(12,13,26)      =         2.096901         120.143581
	 B(13,12,25)      =         2.096497         120.120419
	 B(13,14,15)      =         2.097941         120.203181
	 B(13,14,27)      =         2.094130         119.984805
	 B(14,13,26)      =         2.098085         120.211415
	 B(14,15,28)      =         2.122920         121.634367
	 B(15,14,27)      =         2.091114         119.812011
	 B(16,1,17)       =         1.864172         106.809197
	 B(16,1,18)       =         1.890427         108.313517
	 B(17,1,18)       =         1.899216         108.817089
	 D(1,2,3,4)       =        -0.095222          -5.455837
	 D(1,2,10,11)     =         0.054498           3.122534
	 D(1,2,10,15)     =        -3.095181        -177.340836
	 D(2,3,4,5)       =        -1.159422         -66.430012
	 D(2,3,4,9)       =         2.063792         118.246580
	 D(2,10,11,12)    =         3.133526         179.537806
	 D(2,10,11,24)    =        -0.004262          -0.244168
	 D(2,10,15,14)    =        -3.135890        -179.673283
	 D(2,10,15,28)    =         0.006910           0.395942
	 D(3,2,1,16)      =         2.018934         115.676423
	 D(3,2,1,17)      =        -2.199089        -125.998518
	 D(3,2,1,18)      =        -0.088805          -5.088139
	 D(3,2,10,11)     =        -3.111916        -178.299670
	 D(3,2,10,15)     =         0.021589           1.236959
	 D(3,4,5,6)       =        -3.072752        -176.055718
	 D(3,4,5,19)      =         0.044570           2.553660
	 D(3,4,9,8)       =         3.091828         177.148681
	 D(3,4,9,23)      =        -0.055462          -3.177765
	 D(4,3,2,10)      =         3.072834         176.060414
	 D(4,5,6,7)       =        -0.009298          -0.532752
	 D(4,5,6,20)      =        -3.149832        -180.472106
	 D(4,9,8,7)       =        -0.025286          -1.448803
	 D(4,9,8,22)      =         3.126091         179.111837
	 D(5,4,9,8)       =         0.029299           1.678733
	 D(5,4,9,23)      =        -3.117991        -178.647713
	 D(5,6,7,8)       =         0.013745           0.787522
	 D(5,6,7,21)      =         3.144781         180.182690
	 D(6,5,4,9)       =        -0.012148          -0.696024
	 D(6,7,8,9)       =         0.003522           0.201808
	 D(6,7,8,22)      =         3.135270         179.637723
	 D(7,6,5,19)      =        -3.126221        -179.119279
	 D(7,8,9,23)      =         3.122146         178.885802
	 D(8,7,6,20)      =        -3.128914        -179.273542
	 D(9,4,5,19)      =         3.105174         177.913354
	 D(9,8,7,21)      =        -3.127515        -179.193391
	 D(10,2,1,16)     =        -1.149335         -65.852019
	 D(10,2,1,17)     =         0.915827          52.473040
	 D(10,2,1,18)     =         3.026112         173.383419
	 D(10,11,12,13)   =         0.001956           0.112057
	 D(10,11,12,25)   =        -3.139716        -179.892447
	 D(10,15,14,13)   =         0.002358           0.135091
	 D(10,15,14,27)   =        -3.139558        -179.883399
	 D(11,10,15,14)   =        -0.002101          -0.120376
	 D(11,10,15,28)   =         3.140700         179.948848
	 D(11,12,13,14)   =        -0.001714          -0.098207
	 D(11,12,13,26)   =        -3.142773        -180.067623
	 D(12,11,10,15)   =        -0.000054          -0.003070
	 D(12,13,14,15)   =        -0.000428          -0.024533
	 D(12,13,14,27)   =        -3.141698        -180.006010
	 D(13,12,11,24)   =         3.139795         179.897002
	 D(13,14,15,28)   =        -3.140493        -179.936967
	 D(14,13,12,25)   =         3.139958         179.906317
	 D(15,10,11,24)   =        -3.137841        -179.785044
	 D(15,14,13,26)   =         3.140630         179.944863
	 D(19,5,6,20)     =         0.016430           0.941366
	 D(20,6,7,21)     =         0.002123           0.121626
	 D(21,7,8,22)     =         0.004233           0.242524
	 D(22,8,9,23)     =        -0.009661          -0.553557
	 D(24,11,12,25)   =        -0.001876          -0.107503
	 D(25,12,13,26)   =        -0.001101          -0.063100
	 D(26,13,14,27)   =        -0.000639          -0.036615
	 D(27,14,15,28)   =         0.000777           0.044543


	        --- Internal Coordinate Step in ANG or DEG, aJ/ANG or AJ/DEG ---
	-------------------------------------------------------------------------------
	           Coordinate      Previous         Force          Change          New 
	           ----------      --------        ------          ------        ------
	               R(1,2)       1.51317       -0.00348        0.00004       1.51321
	              R(1,16)       1.10948        0.00112       -0.00040       1.10908
	              R(1,17)       1.10887       -0.00066        0.00076       1.10963
	              R(1,18)       1.10468        0.00098       -0.00016       1.10452
	               R(2,3)       1.29289       -0.00720        0.00013       1.29301
	              R(2,10)       1.49335       -0.00147        0.00023       1.49358
	               R(3,4)       1.39447       -0.00605       -0.00044       1.39402
	               R(4,5)       1.41697       -0.00229        0.00033       1.41730
	               R(4,9)       1.41571        0.00064        0.00022       1.41593
	               R(5,6)       1.40154        0.00027        0.00019       1.40173
	              R(5,19)       1.10043        0.00005        0.00011       1.10054
	               R(6,7)       1.40405       -0.00078       -0.00010       1.40395
	              R(6,20)       1.10119       -0.00044        0.00002       1.10121
	               R(7,8)       1.40544        0.00089        0.00041       1.40585
	              R(7,21)       1.10016       -0.00038        0.00014       1.10031
	               R(8,9)       1.40013       -0.00136       -0.00035       1.39978
	              R(8,22)       1.10113       -0.00052       -0.00002       1.10111
	              R(9,23)       1.09992       -0.00036        0.00006       1.09998
	             R(10,11)       1.41237       -0.00093        0.00008       1.41245
	             R(10,15)       1.41413        0.00001       -0.00034       1.41380
	             R(11,12)       1.40308       -0.00029       -0.00002       1.40306
	             R(11,24)       1.09925        0.00027        0.00011       1.09935
	             R(12,13)       1.40260       -0.00027        0.00017       1.40277
	             R(12,25)       1.10066       -0.00036        0.00008       1.10074
	             R(13,14)       1.40673       -0.00002       -0.00013       1.40661
	             R(13,26)       1.10082       -0.00047        0.00007       1.10090
	             R(14,15)       1.39779       -0.00037        0.00040       1.39819
	             R(14,27)       1.10090       -0.00041        0.00005       1.10095
	             R(15,28)       1.09981       -0.00021       -0.00005       1.09976
	             B(1,2,3)     124.30254       -0.00005        0.30562     124.60816
	            B(1,2,10)     118.27466       -0.00001       -0.29304     117.98162
	            B(2,1,16)     111.12590        0.00000        0.23303     111.35893
	            B(2,1,17)     110.40104       -0.00000       -0.52544     109.87560
	            B(2,1,18)     111.23266       -0.00001        0.14778     111.38044
	             B(2,3,4)     124.55806       -0.00009        0.10598     124.66404
	           B(2,10,11)     122.02166       -0.00003       -0.06608     121.95558
	           B(2,10,15)     119.46435        0.00002        0.05183     119.51618
	            B(3,2,10)     117.40609        0.00006       -0.03063     117.37546
	             B(3,4,5)     121.76315       -0.00002        0.35676     122.11991
	             B(3,4,9)     119.43896        0.00001       -0.31948     119.11948
	             B(4,5,6)     120.42750       -0.00000        0.01487     120.44236
	            B(4,5,19)     118.96311       -0.00000        0.07866     119.04177
	             B(4,9,8)     120.42388       -0.00001        0.04421     120.46809
	            B(4,9,23)     118.55226        0.00000       -0.07054     118.48172
	             B(5,4,9)     118.63684        0.00001       -0.03455     118.60230
	             B(5,6,7)     120.58167        0.00000       -0.02577     120.55590
	            B(5,6,20)     119.36390       -0.00000        0.02443     119.38832
	            B(6,5,19)     120.59460        0.00001       -0.09944     120.49516
	             B(6,7,8)     119.26522       -0.00000        0.03673     119.30195
	            B(6,7,21)     120.36851       -0.00000       -0.02355     120.34496
	            B(7,6,20)     120.05441        0.00000        0.00134     120.05575
	             B(7,8,9)     120.64243       -0.00000       -0.04124     120.60119
	            B(7,8,22)     119.98544        0.00000       -0.00954     119.97591
	            B(8,7,21)     120.36348        0.00000       -0.01320     120.35029
	            B(8,9,23)     121.02304        0.00001        0.02598     121.04902
	            B(9,8,22)     119.36975       -0.00000        0.04933     119.41908
	          B(10,11,12)     120.68724       -0.00000       -0.01098     120.67626
	          B(10,11,24)     120.34636       -0.00000        0.02974     120.37611
	          B(10,15,14)     120.77244       -0.00000       -0.00490     120.76754
	          B(10,15,28)     117.59315        0.00000        0.10180     117.69496
	          B(11,10,15)     118.51242        0.00001        0.01432     118.52674
	          B(11,12,13)     120.17952       -0.00000        0.00984     120.18936
	          B(11,12,25)     119.70007        0.00000       -0.00077     119.69929
	          B(12,11,24)     118.96604        0.00000       -0.01878     118.94727
	          B(12,13,14)     119.64500        0.00000       -0.00944     119.63555
	          B(12,13,26)     120.14358       -0.00000       -0.00904     120.13454
	          B(13,12,25)     120.12042        0.00000       -0.00907     120.11135
	          B(13,14,15)     120.20318        0.00000        0.00112     120.20430
	          B(13,14,27)     119.98481       -0.00000        0.02438     120.00919
	          B(14,13,26)     120.21141       -0.00000        0.01849     120.22990
	          B(14,15,28)     121.63437        0.00000       -0.09690     121.53747
	          B(15,14,27)     119.81201       -0.00000       -0.02550     119.78651
	           B(16,1,17)     106.80920       -0.00000       -0.01872     106.79048
	           B(16,1,18)     108.31352        0.00000        0.23131     108.54483
	           B(17,1,18)     108.81709        0.00002       -0.07049     108.74660
	           D(1,2,3,4)      -5.45584        0.00005       -1.19042      -6.64626
	         D(1,2,10,11)       3.12253       -0.00000        0.52782       3.65036
	         D(1,2,10,15)    -177.34084       -0.00000        0.53841    -176.80243
	           D(2,3,4,5)     -66.43001        0.00006        6.04942     -60.38059
	           D(2,3,4,9)     118.24658        0.00005        6.01214     124.25872
	        D(2,10,11,12)     179.53781       -0.00000       -0.06638     179.47143
	        D(2,10,11,24)      -0.24417       -0.00000       -0.06330      -0.30747
	        D(2,10,15,14)    -179.67328        0.00000        0.04243    -179.63086
	        D(2,10,15,28)       0.39594        0.00000        0.03670       0.43264
	          D(3,2,1,16)     115.67642       -0.00000        1.60489     117.28131
	          D(3,2,1,17)    -125.99852       -0.00001        1.39204    -124.60648
	          D(3,2,1,18)      -5.08814        0.00000        1.04759      -4.04055
	         D(3,2,10,11)    -178.29967        0.00001       -0.09455    -178.39422
	         D(3,2,10,15)       1.23696        0.00001       -0.08397       1.15299
	           D(3,4,5,6)    -176.05572       -0.00000        0.01166    -176.04406
	          D(3,4,5,19)       2.55366       -0.00000       -0.24467       2.30899
	           D(3,4,9,8)     177.14868        0.00000        0.20858     177.35726
	          D(3,4,9,23)      -3.17776        0.00000        0.14437      -3.03340
	          D(4,3,2,10)     176.06041        0.00004       -0.51287     175.54755
	           D(4,5,6,7)      -0.53275       -0.00000       -0.16386      -0.69662
	          D(4,5,6,20)    -180.47211       -0.00000       -0.16341    -180.63551
	           D(4,9,8,7)      -1.44880        0.00000       -0.21587      -1.66467
	          D(4,9,8,22)     179.11184        0.00000       -0.06516     179.04667
	           D(5,4,9,8)       1.67873       -0.00001        0.15354       1.83228
	          D(5,4,9,23)    -178.64771       -0.00001        0.08933    -178.55838
	           D(5,6,7,8)       0.78752       -0.00000        0.10360       0.89112
	          D(5,6,7,21)     180.18269        0.00000        0.10166     180.28435
	           D(6,5,4,9)      -0.69602        0.00001        0.03573      -0.66029
	           D(6,7,8,9)       0.20181        0.00000        0.08554       0.28735
	          D(6,7,8,22)     179.63772        0.00000       -0.06567     179.57205
	          D(7,6,5,19)    -179.11928       -0.00001        0.09369    -179.02559
	          D(7,8,9,23)     178.88580       -0.00000       -0.14967     178.73613
	          D(8,7,6,20)    -179.27354       -0.00001        0.10315    -179.17039
	          D(9,4,5,19)     177.91335        0.00001       -0.22060     177.69276
	          D(9,8,7,21)    -179.19339       -0.00000        0.08754    -179.10585
	         D(10,2,1,16)     -65.85202        0.00001        0.92731     -64.92471
	         D(10,2,1,17)      52.47304        0.00001        0.71446      53.18750
	         D(10,2,1,18)     173.38342        0.00002        0.37001     173.75343
	       D(10,11,12,13)       0.11206        0.00000        0.04088       0.15294
	       D(10,11,12,25)    -179.89245        0.00000        0.03563    -179.85682
	       D(10,15,14,13)       0.13509        0.00000        0.00884       0.14393
	       D(10,15,14,27)    -179.88340        0.00000        0.01217    -179.87123
	       D(11,10,15,14)      -0.12038       -0.00000        0.05227      -0.06811
	       D(11,10,15,28)     179.94885       -0.00000        0.04654     179.99539
	       D(11,12,13,14)      -0.09821       -0.00000        0.02149      -0.07672
	       D(11,12,13,26)    -180.06762       -0.00000       -0.02065    -180.08827
	       D(12,11,10,15)      -0.00307        0.00000       -0.07704      -0.08011
	       D(12,13,14,15)      -0.02453       -0.00000       -0.04622      -0.07075
	       D(12,13,14,27)    -180.00601       -0.00000       -0.04955    -180.05556
	       D(13,12,11,24)     179.89700       -0.00000        0.03796     179.93496
	       D(13,14,15,28)    -179.93697        0.00000        0.01493    -179.92204
	       D(14,13,12,25)     179.90632       -0.00000        0.02676     179.93308
	       D(15,10,11,24)    -179.78504        0.00000       -0.07396    -179.85901
	       D(15,14,13,26)     179.94486       -0.00000       -0.00405     179.94082
	         D(19,5,6,20)       0.94137       -0.00000        0.09415       1.03552
	         D(20,6,7,21)       0.12163       -0.00000        0.10121       0.22284
	         D(21,7,8,22)       0.24252       -0.00000       -0.06367       0.17885
	         D(22,8,9,23)      -0.55356       -0.00000        0.00103      -0.55252
	       D(24,11,12,25)      -0.10750       -0.00000        0.03271      -0.07480
	       D(25,12,13,26)      -0.06310       -0.00000       -0.01537      -0.07847
	       D(26,13,14,27)      -0.03661        0.00000       -0.00738      -0.04399
	       D(27,14,15,28)       0.04454        0.00000        0.01826       0.06280
	-------------------------------------------------------------------------------

	                                 ==> Convergence Check <==                                  
    
	Measures of convergence in internal coordinates in au.
    
	Criteria marked as inactive (o), active & met (*), and active & unmet ( ).

	----------------------------------------------------------------------------------------------
	   Step    Total Energy     Delta E     Max Force     RMS Force      Max Disp      RMS Disp   
	----------------------------------------------------------------------------------------------
	  Convergence Criteria              o    1.50e-05 *    1.00e-05 *    6.00e-05 *    4.00e-05 *
	----------------------------------------------------------------------------------------------
	     9    -594.90920997   -4.07e-05 o    1.23e-03      2.22e-04      1.06e-01      1.36e-02    ~
	----------------------------------------------------------------------------------------------

Next Geometry in Ang 
	Fragment 1 (Ang)

	    C  -0.1720683962  -0.5937332382  -1.7469515972
	    C  -0.4463755729  -0.0840235868  -0.3488263596
	    N   0.4640510257   0.3053658872   0.4826681408
	    C   1.8364555089   0.1910286430   0.2664791072
	    C   2.4666819763  -1.0633843590   0.0715646922
	    C   3.8597527315  -1.1453949536  -0.0605936460
	    C   4.6503546330   0.0139576602  -0.0165840930
	    C   4.0323004338   1.2611396773   0.1807805128
	    C   2.6443696648   1.3516149323   0.3384117308
	    C  -1.8696150144   0.0234587568   0.0912098403
	    C  -2.9391252306  -0.4046542920  -0.7260324438
	    C  -4.2657729328  -0.3012900082  -0.2811831898
	    C  -4.5455470439   0.2339331052   0.9849253497
	    C  -3.4886033666   0.6649971147   1.8068733320
	    C  -2.1661381701   0.5594315546   1.3654258982
	    H  -0.4943461403  -1.6486172001  -1.8627932747
	    H  -0.7491511860   0.0006493600  -2.4851690934
	    H   0.9015239301  -0.5249055844  -1.9972170745
	    H   1.8493327330  -1.9742727099   0.0529156949
	    H   4.3322211614  -2.1301586562  -0.2008917938
	    H   5.7431607456  -0.0539743608  -0.1253658430
	    H   4.6423939957   2.1767511187   0.2241998267
	    H   2.1553070564   2.3211605068   0.5137762834
	    H  -2.7431516970  -0.8282676123  -1.7213847937
	    H  -5.0867818158  -0.6420432997  -0.9303846434
	    H  -5.5869169945   0.3159582908   1.3324797381
	    H  -3.7012121253   1.0868706820   2.8013146712
	    H  -1.3230999099   0.8884025714   1.9903530277


    Structure for next step:
    Molecular point group: c1
    Full point group: C1

    Geometry (in Angstrom), charge = 0, multiplicity = 1:

    C           -0.172068396217    -0.593733238181    -1.746951597239
    C           -0.446375572925    -0.084023586779    -0.348826359551
    N            0.464051025694     0.305365887182     0.482668140829
    C            1.836455508930     0.191028642961     0.266479107233
    C            2.466681976306    -1.063384359006     0.071564692171
    C            3.859752731546    -1.145394953589    -0.060593646042
    C            4.650354633042     0.013957660214    -0.016584093038
    C            4.032300433826     1.261139677344     0.180780512755
    C            2.644369664802     1.351614932284     0.338411730763
    C           -1.869615014355     0.023458756751     0.091209840338
    C           -2.939125230586    -0.404654292025    -0.726032443774
    C           -4.265772932806    -0.301290008243    -0.281183189778
    C           -4.545547043942     0.233933105186     0.984925349694
    C           -3.488603366636     0.664997114703     1.806873332005
    C           -2.166138170131     0.559431554628     1.365425898242
    H           -0.494346140283    -1.648617200110    -1.862793274686
    H           -0.749151185984     0.000649359959    -2.485169093392
    H            0.901523930053    -0.524905584386    -1.997217074511
    H            1.849332732956    -1.974272709890     0.052915694946
    H            4.332221161431    -2.130158656213    -0.200891793830
    H            5.743160745592    -0.053974360755    -0.125365843029
    H            4.642393995737     2.176751118719     0.224199826673
    H            2.155307056408     2.321160506837     0.513776283401
    H           -2.743151697003    -0.828267612283    -1.721384793724
    H           -5.086781815754    -0.642043299680    -0.930384643408
    H           -5.586916994503     0.315958290793     1.332479738135
    H           -3.701212125250     1.086870682019     2.801314671170
    H           -1.323099909948     0.888402571363     1.990353027748


Scratch directory: C:\Users\HUIWEI\Documents\Codex\2026-09-10\25-ee-phase5-phase24-1-hantzsch-3\work\qm_scratch\pbe_E_opt_01/
gradient() will perform analytic gradient computation.
   => Libint2 <=

    Primary   basis highest AM E, G, H:  7, 6, -
    Auxiliary basis highest AM E, G, H:  7, 7, -
    Onebody   basis highest AM E, G, H:  -, -, -
    Solid Harmonics ordering:            Gaussian

*** tstart() called on LAPTOP-257FNSVV
*** at Thu Sep 10 23:04:34 2026

   => Loading Basis Set <=

    Name: DEF2-SVP
    Role: ORBITAL
    Keyword: BASIS
    atoms 1-2, 4-15 entry C          line    90 file C:\Users\HUIWEI\miniconda3\envs\phase7\Library\share\psi4\basis\def2-svp.gbs 
    atoms 3         entry N          line   110 file C:\Users\HUIWEI\miniconda3\envs\phase7\Library\share\psi4\basis\def2-svp.gbs 
    atoms 16-28     entry H          line    15 file C:\Users\HUIWEI\miniconda3\envs\phase7\Library\share\psi4\basis\def2-svp.gbs 

   => PBE-D3(BJ): Empirical Dispersion <=

    Grimme's -D3 (BJ-damping) Dispersion Correction
    Grimme S.; Ehrlich S.; Goerigk L. (2011), J. Comput. Chem., 32: 1456

        s6 =       1.000000
        s8 =       0.787500
        a1 =       0.428900
        a2 =       4.440700


         ---------------------------------------------------------
                                   SCF
               by Justin Turney, Rob Parrish, Andy Simmonett
                          and Daniel G. A. Smith
                              RKS Reference
                        2 Threads,    476 MiB Core
         ---------------------------------------------------------

  ==> Geometry <==

    Molecular point group: c1
    Full point group: C1

    Geometry (in Angstrom), charge = 0, multiplicity = 1:

       Center              X                  Y                   Z               Mass       
    ------------   -----------------  -----------------  -----------------  -----------------
         C           -0.172068396217    -0.593733238181    -1.746951597239    12.000000000000
         C           -0.446375572925    -0.084023586779    -0.348826359551    12.000000000000
         N            0.464051025694     0.305365887182     0.482668140829    14.003074004430
         C            1.836455508930     0.191028642961     0.266479107233    12.000000000000
         C            2.466681976306    -1.063384359006     0.071564692171    12.000000000000
         C            3.859752731546    -1.145394953589    -0.060593646042    12.000000000000
         C            4.650354633042     0.013957660214    -0.016584093038    12.000000000000
         C            4.032300433826     1.261139677344     0.180780512755    12.000000000000
         C            2.644369664802     1.351614932284     0.338411730763    12.000000000000
         C           -1.869615014355     0.023458756751     0.091209840338    12.000000000000
         C           -2.939125230586    -0.404654292025    -0.726032443774    12.000000000000
         C           -4.265772932806    -0.301290008243    -0.281183189778    12.000000000000
         C           -4.545547043942     0.233933105186     0.984925349694    12.000000000000
         C           -3.488603366636     0.664997114703     1.806873332005    12.000000000000
         C           -2.166138170131     0.559431554628     1.365425898242    12.000000000000
         H           -0.494346140283    -1.648617200110    -1.862793274686     1.007825032230
         H           -0.749151185984     0.000649359959    -2.485169093392     1.007825032230
         H            0.901523930053    -0.524905584386    -1.997217074511     1.007825032230
         H            1.849332732956    -1.974272709890     0.052915694946     1.007825032230
         H            4.332221161431    -2.130158656213    -0.200891793830     1.007825032230
         H            5.743160745592    -0.053974360755    -0.125365843029     1.007825032230
         H            4.642393995737     2.176751118719     0.224199826673     1.007825032230
         H            2.155307056408     2.321160506837     0.513776283401     1.007825032230
         H           -2.743151697003    -0.828267612283    -1.721384793724     1.007825032230
         H           -5.086781815754    -0.642043299680    -0.930384643408     1.007825032230
         H           -5.586916994503     0.315958290793     1.332479738135     1.007825032230
         H           -3.701212125250     1.086870682019     2.801314671170     1.007825032230
         H           -1.323099909948     0.888402571363     1.990353027748     1.007825032230

  Running in c1 symmetry.

  Rotational constants: A =      0.06388  B =      0.00895  C =      0.00833 [cm^-1]
  Rotational constants: A =   1915.09258  B =    268.36098  C =    249.69808 [MHz]
  Nuclear repulsion =  857.213621254447617

  Charge       = 0
  Multiplicity = 1
  Electrons    = 104
  Nalpha       = 52
  Nbeta        = 52

  ==> Algorithm <==

  SCF Algorithm Type is DF.
  DIIS enabled.
  MOM disabled.
  Fractional occupation disabled.
  Guess Type is READ.
  Energy threshold   = 1.00e-09
  Density threshold  = 1.00e-08
  Integral threshold = 1.00e-12

  ==> Primary Basis <==

  Basis Set: DEF2-SVP
    Blend: DEF2-SVP
    Number of shells: 129
    Number of basis functions: 275
    Number of Cartesian functions: 290
    Spherical Harmonics?: true
    Max angular momentum: 2

  ==> DFT Potential <==

   => LibXC <=

    Version 7.1.2
    S. Lehtola, C. Steigemann, M. J. T. Oliveira, and M. A. L. Marques,  SoftwareX 7, 1–5 (2018) (10.1016/j.softx.2017.11.002)

   => Composite Functional: PBE-D3BJ2B <= 

    PBE GGA Exchange-Correlation Functional

    J.P. Perdew et. al., Phys. Rev. Lett., 77(18), 3865-3868, 1996


    Deriv               =              1
    GGA                 =           TRUE
    Meta                =          FALSE

    Exchange Hybrid     =          FALSE
    MP2 Hybrid          =          FALSE

   => Exchange Functionals <=

    1.0000     XC_GGA_X_PBE

   => Correlation Functionals <=

    1.0000     XC_GGA_C_PBE

   => LibXC Density Thresholds  <==

    XC_GGA_C_PBE:  1.00E-12 
    XC_GGA_X_PBE:  1.00E-15 

   => Molecular Quadrature <=

    Radial Scheme          =       TREUTLER
    Pruning Scheme         =           NONE
    Nuclear Scheme         =       TREUTLER

    Blocking Scheme        =         OCTREE
    BS radius alpha        =              1
    Pruning alpha          =              1
    Radial Points          =             75
    Spherical Points       =            302
    Total Points           =         581478
    Total Blocks           =           4240
    Max Points             =            256
    Max Functions          =            219
    Weights Tolerance      =       1.00E-15

   => Loading Basis Set <=

    Name: (DEF2-SVP AUX)
    Role: JKFIT
    Keyword: DF_BASIS_SCF
    atoms 1-2, 4-15 entry C          line   198 file C:\Users\HUIWEI\miniconda3\envs\phase7\Library\share\psi4\basis\def2-universal-jkfit.gbs 
    atoms 3         entry N          line   258 file C:\Users\HUIWEI\miniconda3\envs\phase7\Library\share\psi4\basis\def2-universal-jkfit.gbs 
    atoms 16-28     entry H          line    18 file C:\Users\HUIWEI\miniconda3\envs\phase7\Library\share\psi4\basis\def2-universal-jkfit.gbs 

   => Loading Basis Set <=

    Name: DEF2-SVP
    Role: ORBITAL
    Keyword: BASIS
    atoms 1-2, 4-15 entry C          line    90 file C:\Users\HUIWEI\miniconda3\envs\phase7\Library\share\psi4\basis\def2-svp.gbs 
    atoms 3         entry N          line   110 file C:\Users\HUIWEI\miniconda3\envs\phase7\Library\share\psi4\basis\def2-svp.gbs 
    atoms 16-28     entry H          line    15 file C:\Users\HUIWEI\miniconda3\envs\phase7\Library\share\psi4\basis\def2-svp.gbs 

  Reading orbitals from file C:\Users\HUIWEI\Documents\Codex\2026-09-10\25-ee-phase5-phase24-1-hantzsch-3\work\qm_scratch\pbe_E_opt_01/psi4.default.35548.180.npy, no projection.

  ==> Integral Setup <==

  ==> DiskDFJK: Density-Fitted J/K Matrices <==

    J tasked:                  Yes
    K tasked:                   No
    wK tasked:                  No
    OpenMP threads:              2
    Integrals threads:           2
    Memory [MiB]:              344
    Algorithm:                Disk
    Integral Cache:           NONE
    Schwarz Cutoff:          1E-12
    Fitting Condition:       1E-10

   => Auxiliary Basis Set <=

  Basis Set: (DEF2-SVP AUX)
    Blend: DEF2-UNIVERSAL-JKFIT
    Number of shells: 453
    Number of basis functions: 1361
    Number of Cartesian functions: 1599
    Spherical Harmonics?: true
    Max angular momentum: 4

  Cached 0.6% of DFT collocation blocks in 0.014 [GiB].

  Minimum eigenvalue in the overlap matrix is 2.9658230718E-04.
  Reciprocal condition number of the overlap matrix is 4.6095041285E-05.
    Using symmetric orthogonalization.

  ==> Pre-Iterations <==

  SCF Guess: Orbitals guess was supplied from a previous computation.

   -------------------------------------------------------
    Irrep   Nso     Nmo     Nalpha   Nbeta   Ndocc  Nsocc
   -------------------------------------------------------
     A        275     275      52      52      52       0
   -------------------------------------------------------
    Total     275     275      52      52      52       0
   -------------------------------------------------------

  ==> Iterations <==

                           Total Energy        Delta E     RMS |[F,P]|

   @DF-RKS iter   0:  -594.89872607685822   -5.94899e+02   6.46831e-04 
   @DF-RKS iter   1:  -594.90906109056516   -1.03350e-02   6.37407e-05 DIIS
   @DF-RKS iter   2:  -594.90873178359186    3.29307e-04   1.06043e-04 ADIIS/DIIS
   @DF-RKS iter   3:  -594.90912860549417   -3.96822e-04   5.45076e-05 DIIS
   @DF-RKS iter   4:  -594.90924905980705   -1.20454e-04   9.80324e-06 DIIS
   @DF-RKS iter   5:  -594.90925236307498   -3.30327e-06   3.21898e-06 DIIS
   @DF-RKS iter   6:  -594.90925277458655   -4.11512e-07   8.82679e-07 DIIS
   @DF-RKS iter   7:  -594.90925280352997   -2.89434e-08   3.53374e-07 DIIS
   @DF-RKS iter   8:  -594.90925280849876   -4.96880e-09   6.56134e-08 DIIS
   @DF-RKS iter   9:  -594.90925280864292   -1.44155e-10   3.35972e-08 DIIS
   @DF-RKS iter  10:  -594.90925280869021   -4.72937e-11   9.50853e-09 DIIS
  Energy and wave function converged.


  ==> Post-Iterations <==

   Electrons on quadrature grid:
      Ntotal   =  103.9999746523 ; deviation = -2.535e-05 

    Orbital Energies [Eh]
    ---------------------

    Doubly Occupied:                                                      

       1A    -13.991754     2A     -9.955720     3A     -9.930487  
       4A     -9.911597     5A     -9.910293     6A     -9.909240  
       7A     -9.908295     8A     -9.906334     9A     -9.906197  
      10A     -9.902535    11A     -9.900194    12A     -9.899315  
      13A     -9.898673    14A     -9.895561    15A     -9.895324  
      16A     -0.848533    17A     -0.775462    18A     -0.756383  
      19A     -0.699391    20A     -0.671165    21A     -0.662589  
      22A     -0.654959    23A     -0.643116    24A     -0.573102  
      25A     -0.542246    26A     -0.537060    27A     -0.529187  
      28A     -0.492176    29A     -0.468343    30A     -0.441736  
      31A     -0.426066    32A     -0.411241    33A     -0.403647  
      34A     -0.395882    35A     -0.389307    36A     -0.383284  
      37A     -0.378166    38A     -0.373672    39A     -0.366550  
      40A     -0.345014    41A     -0.335697    42A     -0.327839  
      43A     -0.314589    44A     -0.308348    45A     -0.303483  
      46A     -0.300380    47A     -0.280744    48A     -0.252237  
      49A     -0.233839    50A     -0.225160    51A     -0.221776  
      52A     -0.187112  

    Virtual:                                                              

      53A     -0.086181    54A     -0.043448    55A     -0.035986  
      56A     -0.026778    57A      0.002266    58A      0.034023  
      59A      0.041922    60A      0.054809    61A      0.078268  
      62A      0.080651    63A      0.094775    64A      0.100306  
      65A      0.101223    66A      0.106918    67A      0.108217  
      68A      0.118348    69A      0.125583    70A      0.127173  
      71A      0.139330    72A      0.141436    73A      0.172128  
      74A      0.204156    75A      0.225590    76A      0.233886  
      77A      0.248305    78A      0.249042    79A      0.255005  
      80A      0.266396    81A      0.274086    82A      0.283551  
      83A      0.287271    84A      0.314928    85A      0.322950  
      86A      0.348970    87A      0.359973    88A      0.369688  
      89A      0.377595    90A      0.380006    91A      0.394353  
      92A      0.396362    93A      0.401432    94A      0.412864  
      95A      0.423738    96A      0.430146    97A      0.436449  
      98A      0.444284    99A      0.451886   100A      0.453020  
     101A      0.455761   102A      0.461144   103A      0.467394  
     104A      0.487576   105A      0.497833   106A      0.506568  
     107A      0.514232   108A      0.527845   109A      0.539109  
     110A      0.545501   111A      0.553600   112A      0.554927  
     113A      0.571948   114A      0.578688   115A      0.585241  
     116A      0.590057   117A      0.599511   118A      0.602913  
     119A      0.608351   120A      0.612661   121A      0.620744  
     122A      0.627641   123A      0.628672   124A      0.638275  
     125A      0.647372   126A      0.660319   127A      0.665879  
     128A      0.666560   129A      0.673450   130A      0.674075  
     131A      0.682020   132A      0.690710   133A      0.699529  
     134A      0.708129   135A      0.715441   136A      0.724014  
     137A      0.749218   138A      0.756183   139A      0.758161  
     140A      0.778613   141A      0.797085   142A      0.811573  
     143A      0.821482   144A      0.876374   145A      0.887790  
     146A      0.920978   147A      0.934731   148A      0.996225  
     149A      1.004350   150A      1.026215   151A      1.036153  
     152A      1.050924   153A      1.094810   154A      1.110929  
     155A      1.117947   156A      1.144398   157A      1.160542  
     158A      1.179750   159A      1.182204   160A      1.184526  
     161A      1.194045   162A      1.209168   163A      1.210991  
     164A      1.226818   165A      1.227806   166A      1.232848  
     167A      1.239110   168A      1.252340   169A      1.260257  
     170A      1.292667   171A      1.328756   172A      1.440673  
     173A      1.453124   174A      1.475991   175A      1.499240  
     176A      1.509672   177A      1.538959   178A      1.584882  
     179A      1.590321   180A      1.593144   181A      1.600660  
     182A      1.606960   183A      1.635888   184A      1.642772  
     185A      1.647608   186A      1.666914   187A      1.671245  
     188A      1.673484   189A      1.677592   190A      1.681191  
     191A      1.685106   192A      1.689925   193A      1.693029  
     194A      1.699764   195A      1.713811   196A      1.725062  
     197A      1.740540   198A      1.747148   199A      1.754772  
     200A      1.778946   201A      1.789254   202A      1.798383  
     203A      1.827585   204A      1.837671   205A      1.855094  
     206A      1.871992   207A      1.877219   208A      1.878419  
     209A      1.900409   210A      1.901288   211A      1.905456  
     212A      1.908618   213A      1.913535   214A      1.946668  
     215A      1.993189   216A      2.009361   217A      2.016609  
     218A      2.040696   219A      2.044524   220A      2.065413  
     221A      2.069100   222A      2.077543   223A      2.082878  
     224A      2.113409   225A      2.134174   226A      2.149798  
     227A      2.173745   228A      2.188477   229A      2.200979  
     230A      2.214785   231A      2.215413   232A      2.228415  
     233A      2.235049   234A      2.256191   235A      2.260270  
     236A      2.264285   237A      2.297082   238A      2.325897  
     239A      2.348097   240A      2.359707   241A      2.373065  
     242A      2.409723   243A      2.458404   244A      2.473076  
     245A      2.496131   246A      2.519302   247A      2.530105  
     248A      2.537467   249A      2.542001   250A      2.546173  
     251A      2.623542   252A      2.629378   253A      2.633733  
     254A      2.635421   255A      2.643723   256A      2.659604  
     257A      2.680970   258A      2.723335   259A      2.770864  
     260A      2.777695   261A      2.785672   262A      2.791725  
     263A      2.827846   264A      2.850258   265A      2.887536  
     266A      2.920339   267A      2.962136   268A      3.003915  
     269A      3.023839   270A      3.066542   271A      3.116601  
     272A      3.251436   273A      3.268815   274A      3.509892  
     275A      3.538808  

    Final Occupation by Irrep:
              A 
    DOCC [    52 ]
    NA   [    52 ]
    NB   [    52 ]

  @DF-RKS Final Energy:  -594.90925280869021

   => Energetics <=

    Nuclear Repulsion Energy =            857.2136212544476166
    One-Electron Energy =               -2503.8007273454522874
    Two-Electron Energy =                1138.4130637784203373
    DFT Exchange-Correlation Energy =     -86.7013779706582852
    Empirical Dispersion Energy =          -0.0338325254475167
    VV10 Nonlocal Energy =                  0.0000000000000000
    Total Energy =                       -594.9092528086902121

Computation Completed


Properties will be evaluated at   0.000000,   0.000000,   0.000000 [a0]

Properties computed using the SCF density matrix


 Multipole Moments:

 ------------------------------------------------------------------------------------
     Multipole            Electronic (a.u.)      Nuclear  (a.u.)        Total (a.u.)
 ------------------------------------------------------------------------------------

 L = 1.  Multiply by 2.5417464519 to convert [e a0] to [Debye]
 Dipole X            :         -1.8827425            1.4506525           -0.4320900
 Dipole Y            :        -10.3724191           10.1432946           -0.2291244
 Dipole Z            :        -24.1876983           23.6659937           -0.5217046
 Magnitude           :                                                    0.7151052

 ------------------------------------------------------------------------------------

*** tstop() called on LAPTOP-257FNSVV at Thu Sep 10 23:05:21 2026
Module time:
	user time   =        nan seconds =        nan minutes
	system time =        nan seconds =        nan minutes
	total time  =         47 seconds =       0.78 minutes
Total time:
	user time   =        nan seconds =        nan minutes
	system time =        nan seconds =        nan minutes
	total time  =        774 seconds =      12.90 minutes

*** tstart() called on LAPTOP-257FNSVV
*** at Thu Sep 10 23:05:21 2026


         ------------------------------------------------------------
                                   SCF GRAD                          
                          Rob Parrish, Justin Turney,                
                       Andy Simmonett, and Alex Sokolov              
         ------------------------------------------------------------

  ==> Geometry <==

    Molecular point group: c1
    Full point group: C1

    Geometry (in Angstrom), charge = 0, multiplicity = 1:

       Center              X                  Y                   Z               Mass       
    ------------   -----------------  -----------------  -----------------  -----------------
         C           -0.172068396217    -0.593733238181    -1.746951597239    12.000000000000
         C           -0.446375572925    -0.084023586779    -0.348826359551    12.000000000000
         N            0.464051025694     0.305365887182     0.482668140829    14.003074004430
         C            1.836455508930     0.191028642961     0.266479107233    12.000000000000
         C            2.466681976306    -1.063384359006     0.071564692171    12.000000000000
         C            3.859752731546    -1.145394953589    -0.060593646042    12.000000000000
         C            4.650354633042     0.013957660214    -0.016584093038    12.000000000000
         C            4.032300433826     1.261139677344     0.180780512755    12.000000000000
         C            2.644369664802     1.351614932284     0.338411730763    12.000000000000
         C           -1.869615014355     0.023458756751     0.091209840338    12.000000000000
         C           -2.939125230586    -0.404654292025    -0.726032443774    12.000000000000
         C           -4.265772932806    -0.301290008243    -0.281183189778    12.000000000000
         C           -4.545547043942     0.233933105186     0.984925349694    12.000000000000
         C           -3.488603366636     0.664997114703     1.806873332005    12.000000000000
         C           -2.166138170131     0.559431554628     1.365425898242    12.000000000000
         H           -0.494346140283    -1.648617200110    -1.862793274686     1.007825032230
         H           -0.749151185984     0.000649359959    -2.485169093392     1.007825032230
         H            0.901523930053    -0.524905584386    -1.997217074511     1.007825032230
         H            1.849332732956    -1.974272709890     0.052915694946     1.007825032230
         H            4.332221161431    -2.130158656213    -0.200891793830     1.007825032230
         H            5.743160745592    -0.053974360755    -0.125365843029     1.007825032230
         H            4.642393995737     2.176751118719     0.224199826673     1.007825032230
         H            2.155307056408     2.321160506837     0.513776283401     1.007825032230
         H           -2.743151697003    -0.828267612283    -1.721384793724     1.007825032230
         H           -5.086781815754    -0.642043299680    -0.930384643408     1.007825032230
         H           -5.586916994503     0.315958290793     1.332479738135     1.007825032230
         H           -3.701212125250     1.086870682019     2.801314671170     1.007825032230
         H           -1.323099909948     0.888402571363     1.990353027748     1.007825032230

  Nuclear repulsion =  857.213621254447617

  ==> Basis Set <==

  Basis Set: DEF2-SVP
    Blend: DEF2-SVP
    Number of shells: 129
    Number of basis functions: 275
    Number of Cartesian functions: 290
    Spherical Harmonics?: true
    Max angular momentum: 2

  ==> DFJKGrad: Density-Fitted SCF Gradients <==

    Gradient:                    1
    J tasked:                  Yes
    K tasked:                   No
    wK tasked:                  No
    OpenMP threads:              2
    Integrals threads:           2
    Memory [MiB]:              357
    Schwarz Cutoff:          1E-12
    Fitting Condition:       1E-10

   => Auxiliary Basis Set <=

  Basis Set: (DEF2-SVP AUX)
    Blend: DEF2-UNIVERSAL-JKFIT
    Number of shells: 453
    Number of basis functions: 1361
    Number of Cartesian functions: 1599
    Spherical Harmonics?: true
    Max angular momentum: 4

  ==> DFT Potential <==

   => LibXC <=

    Version 7.1.2
    S. Lehtola, C. Steigemann, M. J. T. Oliveira, and M. A. L. Marques,  SoftwareX 7, 1–5 (2018) (10.1016/j.softx.2017.11.002)

   => Composite Functional: PBE-D3BJ2B <= 

    PBE GGA Exchange-Correlation Functional

    J.P. Perdew et. al., Phys. Rev. Lett., 77(18), 3865-3868, 1996


    Deriv               =              1
    GGA                 =           TRUE
    Meta                =          FALSE

    Exchange Hybrid     =          FALSE
    MP2 Hybrid          =          FALSE

   => Exchange Functionals <=

    1.0000     XC_GGA_X_PBE

   => Correlation Functionals <=

    1.0000     XC_GGA_C_PBE

   => LibXC Density Thresholds  <==

    XC_GGA_C_PBE:  1.00E-12 
    XC_GGA_X_PBE:  1.00E-15 

   => Molecular Quadrature <=

    Radial Scheme          =       TREUTLER
    Pruning Scheme         =           NONE
    Nuclear Scheme         =       TREUTLER

    Blocking Scheme        =         OCTREE
    BS radius alpha        =              1
    Pruning alpha          =              1
    Radial Points          =             75
    Spherical Points       =            302
    Total Points           =         581478
    Total Blocks           =           4240
    Max Points             =            256
    Max Functions          =            219
    Weights Tolerance      =       1.00E-15


  -Total Gradient:
     Atom            X                  Y                   Z
    ------   -----------------  -----------------  -----------------
       1        0.000129191872    -0.001023347872    -0.000004762199
       2        0.000698324691    -0.000495593096     0.000186802095
       3       -0.001010204507     0.000556029514     0.000134304979
       4        0.000887811427    -0.000001228298    -0.000175831741
       5       -0.000120612423     0.000098378391     0.000010255830
       6        0.000066713832    -0.000048813832    -0.000019705710
       7       -0.000088906277     0.000026779543     0.000030637959
       8        0.000093666978     0.000034520602    -0.000028612471
       9       -0.000298573343    -0.000232913333     0.000071277311
      10       -0.000537082119     0.000047636899     0.000223929863
      11        0.000210924226     0.000051652223    -0.000020520570
      12        0.000053185144    -0.000015505127    -0.000021311380
      13        0.000094214412     0.000029042888     0.000100597447
      14       -0.000292216971     0.000003255681     0.000076885995
      15        0.000564964701    -0.000094709567    -0.000529559081
      16       -0.000115546845     0.000271947158     0.000032691009
      17       -0.000132770215     0.000453161207    -0.000063848988
      18       -0.000083048988     0.000263602500    -0.000102304296
      19       -0.000043283133    -0.000111857502     0.000005676758
      20        0.000033252729    -0.000064775672     0.000001338730
      21        0.000116969447    -0.000001859104    -0.000021560162
      22        0.000051075397     0.000053994054     0.000007932801
      23        0.000036450627     0.000124178240     0.000017278451
      24       -0.000013085036    -0.000004144554    -0.000125120013
      25       -0.000063892052    -0.000032611165    -0.000048375255
      26       -0.000099483591     0.000009210474     0.000018437837
      27        0.000016081846     0.000027128471     0.000079305142
      28       -0.000119967848     0.000067428697     0.000170276543


*** tstop() called on LAPTOP-257FNSVV at Thu Sep 10 23:05:34 2026
Module time:
	user time   =        nan seconds =        nan minutes
	system time =        nan seconds =        nan minutes
	total time  =         13 seconds =       0.22 minutes
Total time:
	user time   =        nan seconds =        nan minutes
	system time =        nan seconds =        nan minutes
	total time  =        787 seconds =      13.12 minutes

    			-----------------------------------------

    			 OPTKING 3.0: for geometry optimizations 

    			     By R.A. King, Bethel University     

    			        with contributions from          

    			    A.V. Copan, J. Cayton, A. Heide      

    			-----------------------------------------

    
	                            ===> Fragment 1 <== 

	 Z (Atomic Numbers)          Masses                          Geom                  
	       6.000000            12.000000         -0.32516214 -1.12199321 -3.30126007   
	       6.000000            12.000000         -0.84352758 -0.15878157 -0.65918628   
	       7.000000            14.003074          0.87692935  0.57705789  0.91211060   
	       6.000000            12.000000          3.47039795  0.36099182  0.50357253   
	       6.000000            12.000000          4.66135337 -2.00950520  0.13523767   
	       6.000000            12.000000          7.29387557 -2.16448277 -0.11450540   
	       6.000000            12.000000          8.78789664  0.02637616 -0.03133939   
	       6.000000            12.000000          7.61994348  2.38320860  0.34162566   
	       6.000000            12.000000          4.99713444  2.55418205  0.63950549   
	       6.000000            12.000000         -3.53306034  0.04433063  0.17236162   
	       6.000000            12.000000         -5.55414173 -0.76468579 -1.37200248   
	       6.000000            12.000000         -8.06114256 -0.56935560 -0.53135922   
	       6.000000            12.000000         -8.58983900  0.44206950  1.86123916   
	       6.000000            12.000000         -6.59250492  1.25666242  3.41449574   
	       6.000000            12.000000         -4.09340789  1.05717242  2.58028099   
	       1.000000             1.007825         -0.93417882 -3.11543499 -3.52016912   
	       1.000000             1.007825         -1.41569057  0.00122711 -4.69628896   
	       1.000000             1.007825          1.70363332 -0.99192780 -3.77419328   
	       1.000000             1.007825          3.49473238 -3.73083472  0.09999617   
	       1.000000             1.007825          8.18671151 -4.02541646 -0.37963047   
	       1.000000             1.007825         10.85300090 -0.10199676 -0.23690711   
	       1.000000             1.007825          8.77285322  4.11346346  0.42367627   
	       1.000000             1.007825          4.07294005  4.38635765  0.97089647   
	       1.000000             1.007825         -5.18380543 -1.56519895 -3.25294582   
	       1.000000             1.007825         -9.61262449 -1.21328600 -1.75817217   
	       1.000000             1.007825        -10.55774301   0.59707464   2.51802177 
	       1.000000             1.007825         -6.99427725  2.05388792  5.29371752   
	       1.000000             1.007825         -2.50029647  1.67883755  3.76122212   

	 - Coordinate -           - BOHR/RAD -       - ANG/DEG -
	 R(1,2)           =         2.859551           1.513209
	 R(1,16)          =         2.095861           1.109082
	 R(1,17)          =         2.096898           1.109631
	 R(1,18)          =         2.087246           1.104523
	 R(2,3)           =         2.443441           1.293013
	 R(2,10)          =         2.822466           1.493585
	 R(3,4)           =         2.634325           1.394025
	 R(4,5)           =         2.678302           1.417296
	 R(4,9)           =         2.675721           1.415931
	 R(5,6)           =         2.648880           1.401727
	 R(5,19)          =         2.079717           1.100539
	 R(6,7)           =         2.653088           1.403954
	 R(6,20)          =         2.080991           1.101213
	 R(7,8)           =         2.656666           1.405847
	 R(7,21)          =         2.079277           1.100306
	 R(8,9)           =         2.645202           1.399780
	 R(8,22)          =         2.080797           1.101110
	 R(9,23)          =         2.078659           1.099979
	 R(10,11)         =         2.669146           1.412451
	 R(10,15)         =         2.671687           1.413796
	 R(11,12)         =         2.651394           1.403057
	 R(11,24)         =         2.077479           1.099354
	 R(12,13)         =         2.650854           1.402772
	 R(12,25)         =         2.080099           1.100741
	 R(13,14)         =         2.658103           1.406607
	 R(13,26)         =         2.080393           1.100897
	 R(14,15)         =         2.642195           1.398190
	 R(14,27)         =         2.080496           1.100951
	 R(15,28)         =         2.078243           1.099759
	 B(1,2,3)         =         2.174823         124.608160
	 B(1,2,10)        =         2.059168         117.981619
	 B(2,1,16)        =         1.943580         111.358930
	 B(2,1,17)        =         1.917691         109.875597
	 B(2,1,18)        =         1.943955         111.380443
	 B(2,3,4)         =         2.175798         124.664038
	 B(2,10,11)       =         2.128526         121.955582
	 B(2,10,15)       =         2.085951         119.516176
	 B(3,2,10)        =         2.048588         117.375460
	 B(3,4,5)         =         2.131394         122.119907
	 B(3,4,9)         =         2.079027         119.119479
	 B(4,5,6)         =         2.102116         120.442363
	 B(4,5,19)        =         2.077671         119.041770
	 B(4,9,8)         =         2.102565         120.468087
	 B(4,9,23)        =         2.067896         118.481717
	 B(5,4,9)         =         2.070001         118.602295
	 B(5,6,7)         =         2.104097         120.555901
	 B(5,6,20)        =         2.083719         119.388322
	 B(6,5,19)        =         2.103037         120.495161
	 B(6,7,8)         =         2.082212         119.301954
	 B(6,7,21)        =         2.100416         120.344957
	 B(7,6,20)        =         2.095368         120.055748
	 B(7,8,9)         =         2.104888         120.601190
	 B(7,8,22)        =         2.093975         119.975908
	 B(8,7,21)        =         2.100509         120.350287
	 B(8,9,23)        =         2.112704         121.049018
	 B(9,8,22)        =         2.084256         119.419079
	 B(10,11,12)      =         2.106198         120.676262
	 B(10,11,24)      =         2.100959         120.376108
	 B(10,15,14)      =         2.107791         120.767542
	 B(10,15,28)      =         2.054165         117.694956
	 B(11,10,15)      =         2.068682         118.526738
	 B(11,12,13)      =         2.097700         120.189357
	 B(11,12,25)      =         2.089147         119.699291
	 B(12,11,24)      =         2.076021         118.947268
	 B(12,13,14)      =         2.088034         119.635553
	 B(12,13,26)      =         2.096743         120.134543
	 B(13,12,25)      =         2.096339         120.111351
	 B(13,14,15)      =         2.097961         120.204301
	 B(13,14,27)      =         2.094555         120.009187
	 B(14,13,26)      =         2.098408         120.229904
	 B(14,15,28)      =         2.121229         121.537470
	 B(15,14,27)      =         2.090669         119.786510
	 B(16,1,17)       =         1.863846         106.790481
	 B(16,1,18)       =         1.894465         108.544828
	 B(17,1,18)       =         1.897986         108.746601
	 D(1,2,3,4)       =        -0.115999          -6.646261
	 D(1,2,10,11)     =         0.063711           3.650358
	 D(1,2,10,15)     =        -3.085784        -176.802425
	 D(2,3,4,5)       =        -1.053840         -60.380588
	 D(2,3,4,9)       =         2.168724         124.258716
	 D(2,10,11,12)    =         3.132367         179.471429
	 D(2,10,11,24)    =        -0.005366          -0.307471
	 D(2,10,15,14)    =        -3.135150        -179.630856
	 D(2,10,15,28)    =         0.007551           0.432643
	 D(3,2,1,16)      =         2.046945         117.281313
	 D(3,2,1,17)      =        -2.174793        -124.606480
	 D(3,2,1,18)      =        -0.070521          -4.040553
	 D(3,2,10,11)     =        -3.113567        -178.394224
	 D(3,2,10,15)     =         0.020124           1.152993
	 D(3,4,5,6)       =        -3.072548        -176.044061
	 D(3,4,5,19)      =         0.040299           2.308988
	 D(3,4,9,8)       =         3.095468         177.357263
	 D(3,4,9,23)      =        -0.052943          -3.033397
	 D(4,3,2,10)      =         3.063883         175.547545
	 D(4,5,6,7)       =        -0.012158          -0.696616
	 D(4,5,6,20)      =        -3.152684        -180.635512
	 D(4,9,8,7)       =        -0.029054          -1.664674
	 D(4,9,8,22)      =         3.124954         179.046672
	 D(5,4,9,8)       =         0.031979           1.832278
	 D(5,4,9,23)      =        -3.116432        -178.558382
	 D(5,6,7,8)       =         0.015553           0.891118
	 D(5,6,7,21)      =         3.146555         180.284347
	 D(6,5,4,9)       =        -0.011524          -0.660292
	 D(6,7,8,9)       =         0.005015           0.287350
	 D(6,7,8,22)      =         3.134123         179.572049
	 D(7,6,5,19)      =        -3.124586        -179.025587
	 D(7,8,9,23)      =         3.119534         178.736128
	 D(8,7,6,20)      =        -3.127113        -179.170394
	 D(9,4,5,19)      =         3.101324         177.692756
	 D(9,8,7,21)      =        -3.125987        -179.105847
	 D(10,2,1,16)     =        -1.133150         -64.924708
	 D(10,2,1,17)     =         0.928297          53.187499
	 D(10,2,1,18)     =         3.032569         173.753426
	 D(10,11,12,13)   =         0.002669           0.152942
	 D(10,11,12,25)   =        -3.139094        -179.856816
	 D(10,15,14,13)   =         0.002512           0.143928
	 D(10,15,14,27)   =        -3.139345        -179.871231
	 D(11,10,15,14)   =        -0.001189          -0.068108
	 D(11,10,15,28)   =         3.141512         179.995391
	 D(11,12,13,14)   =        -0.001339          -0.076718
	 D(11,12,13,26)   =        -3.143133        -180.088270
	 D(12,11,10,15)   =        -0.001398          -0.080105
	 D(12,13,14,15)   =        -0.001235          -0.070748
	 D(12,13,14,27)   =        -3.142562        -180.055555
	 D(13,12,11,24)   =         3.140458         179.934961
	 D(13,14,15,28)   =        -3.140232        -179.922040
	 D(14,13,12,25)   =         3.140425         179.933082
	 D(15,10,11,24)   =        -3.139132        -179.859006
	 D(15,14,13,26)   =         3.140560         179.940816
	 D(19,5,6,20)     =         0.018073           1.035518
	 D(20,6,7,21)     =         0.003889           0.222835
	 D(21,7,8,22)     =         0.003122           0.178853
	 D(22,8,9,23)     =        -0.009643          -0.552525
	 D(24,11,12,25)   =        -0.001305          -0.074798
	 D(25,12,13,26)   =        -0.001370          -0.078471
	 D(26,13,14,27)   =        -0.000768          -0.043992
	 D(27,14,15,28)   =         0.001096           0.062801


	        --- Internal Coordinate Step in ANG or DEG, aJ/ANG or AJ/DEG ---
	-------------------------------------------------------------------------------
	           Coordinate      Previous         Force          Change          New 
	           ----------      --------        ------          ------        ------
	               R(1,2)       1.51321       -0.00084       -0.00026       1.51295
	              R(1,16)       1.10908        0.00187        0.00054       1.10963
	              R(1,17)       1.10963       -0.00292       -0.00073       1.10890
	              R(1,18)       1.10452        0.00035        0.00018       1.10470
	               R(2,3)       1.29301        0.00050        0.00006       1.29307
	              R(2,10)       1.49358       -0.00144       -0.00063       1.49296
	               R(3,4)       1.39402       -0.00608       -0.00075       1.39327
	               R(4,5)       1.41730       -0.00016       -0.00007       1.41723
	               R(4,9)       1.41593        0.00100        0.00013       1.41606
	               R(5,6)       1.40173       -0.00095       -0.00016       1.40157
	              R(5,19)       1.10054       -0.00097       -0.00017       1.10037
	               R(6,7)       1.40395       -0.00060       -0.00007       1.40389
	              R(6,20)       1.10121       -0.00059       -0.00008       1.10114
	               R(7,8)       1.40585       -0.00043       -0.00010       1.40575
	              R(7,21)       1.10031       -0.00097       -0.00018       1.10012
	               R(8,9)       1.39978       -0.00126       -0.00013       1.39965
	              R(8,22)       1.10111       -0.00060       -0.00008       1.10103
	              R(9,23)       1.09998       -0.00079       -0.00013       1.09985
	             R(10,11)       1.41245        0.00055        0.00005       1.41250
	             R(10,15)       1.41380        0.00180        0.00035       1.41415
	             R(11,12)       1.40306       -0.00053       -0.00009       1.40296
	             R(11,24)       1.09935       -0.00092       -0.00010       1.09926
	             R(12,13)       1.40277       -0.00107       -0.00014       1.40263
	             R(12,25)       1.10074       -0.00071       -0.00012       1.10062
	             R(13,14)       1.40661        0.00021        0.00008       1.40669
	             R(13,26)       1.10090       -0.00084       -0.00015       1.10075
	             R(14,15)       1.39819       -0.00236       -0.00041       1.39778
	             R(14,27)       1.10095       -0.00066       -0.00010       1.10085
	             R(15,28)       1.09976       -0.00020        0.00001       1.09977
	             B(1,2,3)     124.60816       -0.00004       -0.15950     124.44866
	            B(1,2,10)     117.98162        0.00004        0.14031     118.12193
	            B(2,1,16)     111.35893       -0.00000       -0.14816     111.21077
	            B(2,1,17)     109.87560        0.00004        0.37128     110.24688
	            B(2,1,18)     111.38044       -0.00001       -0.07564     111.30480
	             B(2,3,4)     124.66404        0.00001        0.00375     124.66779
	           B(2,10,11)     121.95558        0.00001        0.00932     121.96490
	           B(2,10,15)     119.51618        0.00000        0.01341     119.52959
	            B(3,2,10)     117.37546        0.00001        0.03431     117.40977
	             B(3,4,5)     122.11991        0.00001       -0.04086     122.07905
	             B(3,4,9)     119.11948       -0.00000        0.05047     119.16995
	             B(4,5,6)     120.44236        0.00000       -0.00091     120.44145
	            B(4,5,19)     119.04177       -0.00000       -0.02511     119.01666
	             B(4,9,8)     120.46809        0.00000       -0.00583     120.46226
	            B(4,9,23)     118.48172       -0.00001       -0.02938     118.45234
	             B(5,4,9)     118.60230       -0.00001       -0.00477     118.59752
	             B(5,6,7)     120.55590        0.00000        0.01467     120.57057
	            B(5,6,20)     119.38832       -0.00000       -0.00876     119.37956
	            B(6,5,19)     120.49516        0.00000        0.02775     120.52291
	             B(6,7,8)     119.30195       -0.00000       -0.01526     119.28670
	            B(6,7,21)     120.34496        0.00000        0.00555     120.35050
	            B(7,6,20)     120.05575       -0.00000       -0.00593     120.04982
	             B(7,8,9)     120.60119        0.00000        0.01469     120.61588
	            B(7,8,22)     119.97591        0.00000        0.00406     119.97997
	            B(8,7,21)     120.35029        0.00000        0.00990     120.36019
	            B(8,9,23)     121.04902        0.00001        0.03541     121.08443
	            B(9,8,22)     119.41908       -0.00000       -0.01837     119.40071
	          B(10,11,12)     120.67626        0.00000        0.01662     120.69289
	          B(10,11,24)     120.37611       -0.00000       -0.04302     120.33308
	          B(10,15,14)     120.76754        0.00000        0.00494     120.77248
	          B(10,15,28)     117.69496       -0.00002       -0.11037     117.58458
	          B(11,10,15)     118.52674       -0.00001       -0.02378     118.50296
	          B(11,12,13)     120.18936       -0.00000       -0.00771     120.18164
	          B(11,12,25)     119.69929        0.00000        0.00037     119.69966
	          B(12,11,24)     118.94727        0.00000        0.02623     118.97350
	          B(12,13,14)     119.63555        0.00000        0.00345     119.63900
	          B(12,13,26)     120.13454        0.00000        0.00321     120.13775
	          B(13,12,25)     120.11135        0.00000        0.00734     120.11869
	          B(13,14,15)     120.20430        0.00000        0.00636     120.21066
	          B(13,14,27)     120.00919       -0.00000       -0.01728     119.99191
	          B(14,13,26)     120.22990       -0.00000       -0.00666     120.22325
	          B(14,15,28)     121.53747        0.00002        0.10540     121.64287
	          B(15,14,27)     119.78651        0.00000        0.01091     119.79742
	           B(16,1,17)     106.79048       -0.00001       -0.03623     106.75425
	           B(16,1,18)     108.54483       -0.00001       -0.26125     108.28358
	           B(17,1,18)     108.74660        0.00000        0.15001     108.89661
	           D(1,2,3,4)      -6.64626        0.00001        0.71023      -5.93603
	         D(1,2,10,11)       3.65036       -0.00000        0.15896       3.80932
	         D(1,2,10,15)    -176.80243       -0.00001        0.02154    -176.78089
	           D(2,3,4,5)     -60.38059       -0.00000       -1.21356     -61.59414
	           D(2,3,4,9)     124.25872       -0.00000       -1.28480     122.97392
	        D(2,10,11,12)     179.47143       -0.00000       -0.04109     179.43034
	        D(2,10,11,24)      -0.30747        0.00000        0.00516      -0.30231
	        D(2,10,15,14)    -179.63086       -0.00000        0.02487    -179.60598
	        D(2,10,15,28)       0.43264        0.00000        0.05145       0.48409
	          D(3,2,1,16)     117.28131       -0.00002       -1.41625     115.86506
	          D(3,2,1,17)    -124.60648       -0.00002       -1.31683    -125.92331
	          D(3,2,1,18)      -4.04055        0.00001       -0.92818      -4.96874
	         D(3,2,10,11)    -178.39422        0.00001        0.66376    -177.73046
	         D(3,2,10,15)       1.15299        0.00001        0.52634       1.67933
	           D(3,4,5,6)    -176.04406       -0.00000       -0.02641    -176.07047
	          D(3,4,5,19)       2.30899       -0.00000        0.04425       2.35324
	           D(3,4,9,8)     177.35726        0.00000       -0.02520     177.33206
	          D(3,4,9,23)      -3.03340        0.00000        0.00911      -3.02429
	          D(4,3,2,10)     175.54755       -0.00000        0.16324     175.71079
	           D(4,5,6,7)      -0.69662        0.00000        0.02367      -0.67295
	          D(4,5,6,20)    -180.63551        0.00000        0.04279    -180.59272
	           D(4,9,8,7)      -1.66467        0.00000        0.06698      -1.59769
	          D(4,9,8,22)     179.04667        0.00000        0.03138     179.07805
	           D(5,4,9,8)       1.83228       -0.00000       -0.09214       1.74014
	          D(5,4,9,23)    -178.55838       -0.00000       -0.05783    -178.61621
	           D(5,6,7,8)       0.89112       -0.00000       -0.04994       0.84117
	          D(5,6,7,21)     180.28435       -0.00000       -0.02868     180.25566
	           D(6,5,4,9)      -0.66029        0.00000        0.04692      -0.61337
	           D(6,7,8,9)       0.28735       -0.00000        0.00492       0.29227
	          D(6,7,8,22)     179.57205        0.00000        0.04057     179.61262
	          D(7,6,5,19)    -179.02559       -0.00000       -0.04718    -179.07277
	          D(7,8,9,23)     178.73613        0.00000        0.03202     178.76814
	          D(8,7,6,20)    -179.17039       -0.00000       -0.06919    -179.23959
	          D(9,4,5,19)     177.69276        0.00000        0.11758     177.81034
	          D(9,8,7,21)    -179.10585       -0.00000       -0.01632    -179.12217
	         D(10,2,1,16)     -64.92471       -0.00001       -0.86787     -65.79258
	         D(10,2,1,17)      53.18750       -0.00000       -0.76845      52.41905
	         D(10,2,1,18)     173.75343        0.00002       -0.37980     173.37363
	       D(10,11,12,13)       0.15294       -0.00000       -0.02198       0.13097
	       D(10,11,12,25)    -179.85682       -0.00000       -0.01188    -179.86870
	       D(10,15,14,13)       0.14393        0.00000        0.04752       0.19145
	       D(10,15,14,27)    -179.87123        0.00000        0.04813    -179.82310
	       D(11,10,15,14)      -0.06811       -0.00000       -0.10765      -0.17576
	       D(11,10,15,28)     179.99539       -0.00000       -0.08107     179.91432
	       D(11,12,13,14)      -0.07672       -0.00000       -0.04018      -0.11689
	       D(11,12,13,26)    -180.08827        0.00000       -0.00209    -180.09036
	       D(12,11,10,15)      -0.08011        0.00000        0.09481       0.01471
	       D(12,13,14,15)      -0.07075        0.00000        0.02751      -0.04324
	       D(12,13,14,27)    -180.05556        0.00000        0.02690    -180.02866
	       D(13,12,11,24)     179.93496       -0.00000       -0.06776     179.86720
	       D(13,14,15,28)    -179.92204       -0.00000        0.01971    -179.90233
	       D(14,13,12,25)     179.93308       -0.00000       -0.05031     179.88277
	       D(15,10,11,24)    -179.85901        0.00000        0.14107    -179.71794
	       D(15,14,13,26)     179.94082       -0.00000       -0.01061     179.93021
	         D(19,5,6,20)       1.03552       -0.00000       -0.02806       1.00746
	         D(20,6,7,21)       0.22284       -0.00000       -0.04793       0.17490
	         D(21,7,8,22)       0.17885        0.00000        0.01933       0.19818
	         D(22,8,9,23)      -0.55252       -0.00000       -0.00359      -0.55611
	       D(24,11,12,25)      -0.07480       -0.00000       -0.05767      -0.13246
	       D(25,12,13,26)      -0.07847        0.00000       -0.01223      -0.09070
	       D(26,13,14,27)      -0.04399       -0.00000       -0.01122      -0.05521
	       D(27,14,15,28)       0.06280       -0.00000        0.02032       0.08312
	-------------------------------------------------------------------------------

	                                 ==> Convergence Check <==                                  
    
	Measures of convergence in internal coordinates in au.
    
	Criteria marked as inactive (o), active & met (*), and active & unmet ( ).

	----------------------------------------------------------------------------------------------
	   Step    Total Energy     Delta E     Max Force     RMS Force      Max Disp      RMS Disp   
	----------------------------------------------------------------------------------------------
	  Convergence Criteria              o    1.50e-05 *    1.00e-05 *    6.00e-05 *    4.00e-05 *
	----------------------------------------------------------------------------------------------
	    10    -594.90925281   -4.28e-05 o    7.38e-04      1.33e-04      2.47e-02      4.94e-03    ~
	----------------------------------------------------------------------------------------------

Next Geometry in Ang 
	Fragment 1 (Ang)

	    C  -0.1687373450  -0.5813909370  -1.7482196247
	    C  -0.4472185077  -0.0782098311  -0.3488363774
	    N   0.4639164559   0.2980920690   0.4879836298
	    C   1.8354115245   0.1857903572   0.2698076102
	    C   2.4673504923  -1.0686840780   0.0814192745
	    C   3.8600719681  -1.1490592025  -0.0536832535
	    C   4.6490024999   0.0116566244  -0.0186869260
	    C   4.0291707052   1.2589452800   0.1716069675
	    C   2.6415255588   1.3483897593   0.3312057345
	    C  -1.8700381053   0.0272293633   0.0909181571
	    C  -2.9391959812  -0.4003956293  -0.7271183273
	    C  -4.2659332726  -0.2998220743  -0.2821953237
	    C  -4.5463030947   0.2317320085   0.9851742632
	    C  -3.4898055998   0.6611595827   1.8086858494
	    C  -2.1675179087   0.5581694492   1.3674088827
	    H  -0.4765507575  -1.6413376912  -1.8623897776
	    H  -0.7518402066   0.0023844914  -2.4890635373
	    H   0.9048960328  -0.5036287913  -1.9964677823
	    H   1.8511426558  -1.9802428028   0.0690947238
	    H   4.3337066722  -2.1338062445  -0.1895043778
	    H   5.7415040309  -0.0552382929  -0.1292937762
	    H   4.6375736749   2.1759189549   0.2073155461
	    H   2.1507356018   2.3179821949   0.5005723520
	    H  -2.7420335366  -0.8221120629  -1.7229344828
	    H  -5.0863499392  -0.6400033090  -0.9322402390
	    H  -5.5876112443   0.3116805612   1.3329329526
	    H  -3.7032469805   1.0796945090   2.8042452762
	    H  -1.3236253933   0.8851057419   1.9922625863


    Structure for next step:
    Molecular point group: c1
    Full point group: C1

    Geometry (in Angstrom), charge = 0, multiplicity = 1:

    C           -0.168737345011    -0.581390937045    -1.748219624675
    C           -0.447218507678    -0.078209831139    -0.348836377448
    N            0.463916455913     0.298092068972     0.487983629796
    C            1.835411524452     0.185790357159     0.269807610156
    C            2.467350492253    -1.068684078036     0.081419274483
    C            3.860071968073    -1.149059202464    -0.053683253523
    C            4.649002499939     0.011656624407    -0.018686926032
    C            4.029170705240     1.258945280002     0.171606967539
    C            2.641525558788     1.348389759259     0.331205734508
    C           -1.870038105279     0.027229363313     0.090918157108
    C           -2.939195981238    -0.400395629315    -0.727118327317
    C           -4.265933272555    -0.299822074314    -0.282195323709
    C           -4.546303094698     0.231732008474     0.985174263186
    C           -3.489805599795     0.661159582724     1.808685849441
    C           -2.167517908720     0.558169449181     1.367408882742
    H           -0.476550757469    -1.641337691225    -1.862389777604
    H           -0.751840206648     0.002384491418    -2.489063537343
    H            0.904896032787    -0.503628791289    -1.996467782277
    H            1.851142655816    -1.980242802766     0.069094723764
    H            4.333706672247    -2.133806244510    -0.189504377806
    H            5.741504030884    -0.055238292946    -0.129293776181
    H            4.637573674878     2.175918954897     0.207315546087
    H            2.150735601822     2.317982194901     0.500572352018
    H           -2.742033536648    -0.822112062920    -1.722934482825
    H           -5.086349939225    -0.640003309030    -0.932240239007
    H           -5.587611244314     0.311680561226     1.332932952552
    H           -3.703246980478     1.079694508964     2.804245276173
    H           -1.323625393336     0.885105741903     1.992262586295


Scratch directory: C:\Users\HUIWEI\Documents\Codex\2026-09-10\25-ee-phase5-phase24-1-hantzsch-3\work\qm_scratch\pbe_E_opt_01/
gradient() will perform analytic gradient computation.
   => Libint2 <=

    Primary   basis highest AM E, G, H:  7, 6, -
    Auxiliary basis highest AM E, G, H:  7, 7, -
    Onebody   basis highest AM E, G, H:  -, -, -
    Solid Harmonics ordering:            Gaussian

*** tstart() called on LAPTOP-257FNSVV
*** at Thu Sep 10 23:05:34 2026

   => Loading Basis Set <=

    Name: DEF2-SVP
    Role: ORBITAL
    Keyword: BASIS
    atoms 1-2, 4-15 entry C          line    90 file C:\Users\HUIWEI\miniconda3\envs\phase7\Library\share\psi4\basis\def2-svp.gbs 
    atoms 3         entry N          line   110 file C:\Users\HUIWEI\miniconda3\envs\phase7\Library\share\psi4\basis\def2-svp.gbs 
    atoms 16-28     entry H          line    15 file C:\Users\HUIWEI\miniconda3\envs\phase7\Library\share\psi4\basis\def2-svp.gbs 

   => PBE-D3(BJ): Empirical Dispersion <=

    Grimme's -D3 (BJ-damping) Dispersion Correction
    Grimme S.; Ehrlich S.; Goerigk L. (2011), J. Comput. Chem., 32: 1456

        s6 =       1.000000
        s8 =       0.787500
        a1 =       0.428900
        a2 =       4.440700


         ---------------------------------------------------------
                                   SCF
               by Justin Turney, Rob Parrish, Andy Simmonett
                          and Daniel G. A. Smith
                              RKS Reference
                        2 Threads,    476 MiB Core
         ---------------------------------------------------------

  ==> Geometry <==

    Molecular point group: c1
    Full point group: C1

    Geometry (in Angstrom), charge = 0, multiplicity = 1:

       Center              X                  Y                   Z               Mass       
    ------------   -----------------  -----------------  -----------------  -----------------
         C           -0.168737345011    -0.581390937045    -1.748219624675    12.000000000000
         C           -0.447218507678    -0.078209831139    -0.348836377448    12.000000000000
         N            0.463916455913     0.298092068972     0.487983629796    14.003074004430
         C            1.835411524452     0.185790357159     0.269807610156    12.000000000000
         C            2.467350492253    -1.068684078036     0.081419274483    12.000000000000
         C            3.860071968073    -1.149059202464    -0.053683253523    12.000000000000
         C            4.649002499939     0.011656624407    -0.018686926032    12.000000000000
         C            4.029170705240     1.258945280002     0.171606967539    12.000000000000
         C            2.641525558788     1.348389759259     0.331205734508    12.000000000000
         C           -1.870038105279     0.027229363313     0.090918157108    12.000000000000
         C           -2.939195981238    -0.400395629315    -0.727118327317    12.000000000000
         C           -4.265933272555    -0.299822074314    -0.282195323709    12.000000000000
         C           -4.546303094698     0.231732008474     0.985174263186    12.000000000000
         C           -3.489805599795     0.661159582724     1.808685849441    12.000000000000
         C           -2.167517908720     0.558169449181     1.367408882742    12.000000000000
         H           -0.476550757469    -1.641337691225    -1.862389777604     1.007825032230
         H           -0.751840206648     0.002384491418    -2.489063537343     1.007825032230
         H            0.904896032787    -0.503628791289    -1.996467782277     1.007825032230
         H            1.851142655816    -1.980242802766     0.069094723764     1.007825032230
         H            4.333706672247    -2.133806244510    -0.189504377806     1.007825032230
         H            5.741504030884    -0.055238292946    -0.129293776181     1.007825032230
         H            4.637573674878     2.175918954897     0.207315546087     1.007825032230
         H            2.150735601822     2.317982194901     0.500572352018     1.007825032230
         H           -2.742033536648    -0.822112062920    -1.722934482825     1.007825032230
         H           -5.086349939225    -0.640003309030    -0.932240239007     1.007825032230
         H           -5.587611244314     0.311680561226     1.332932952552     1.007825032230
         H           -3.703246980478     1.079694508964     2.804245276173     1.007825032230
         H           -1.323625393336     0.885105741903     1.992262586295     1.007825032230

  Running in c1 symmetry.

  Rotational constants: A =      0.06393  B =      0.00895  C =      0.00834 [cm^-1]
  Rotational constants: A =   1916.50776  B =    268.26427  C =    249.88770 [MHz]
  Nuclear repulsion =  857.292646195586258

  Charge       = 0
  Multiplicity = 1
  Electrons    = 104
  Nalpha       = 52
  Nbeta        = 52

  ==> Algorithm <==

  SCF Algorithm Type is DF.
  DIIS enabled.
  MOM disabled.
  Fractional occupation disabled.
  Guess Type is READ.
  Energy threshold   = 1.00e-09
  Density threshold  = 1.00e-08
  Integral threshold = 1.00e-12

  ==> Primary Basis <==

  Basis Set: DEF2-SVP
    Blend: DEF2-SVP
    Number of shells: 129
    Number of basis functions: 275
    Number of Cartesian functions: 290
    Spherical Harmonics?: true
    Max angular momentum: 2

  ==> DFT Potential <==

   => LibXC <=

    Version 7.1.2
    S. Lehtola, C. Steigemann, M. J. T. Oliveira, and M. A. L. Marques,  SoftwareX 7, 1–5 (2018) (10.1016/j.softx.2017.11.002)

   => Composite Functional: PBE-D3BJ2B <= 

    PBE GGA Exchange-Correlation Functional

    J.P. Perdew et. al., Phys. Rev. Lett., 77(18), 3865-3868, 1996


    Deriv               =              1
    GGA                 =           TRUE
    Meta                =          FALSE

    Exchange Hybrid     =          FALSE
    MP2 Hybrid          =          FALSE

   => Exchange Functionals <=

    1.0000     XC_GGA_X_PBE

   => Correlation Functionals <=

    1.0000     XC_GGA_C_PBE

   => LibXC Density Thresholds  <==

    XC_GGA_C_PBE:  1.00E-12 
    XC_GGA_X_PBE:  1.00E-15 

   => Molecular Quadrature <=

    Radial Scheme          =       TREUTLER
    Pruning Scheme         =           NONE
    Nuclear Scheme         =       TREUTLER

    Blocking Scheme        =         OCTREE
    BS radius alpha        =              1
    Pruning alpha          =              1
    Radial Points          =             75
    Spherical Points       =            302
    Total Points           =         581492
    Total Blocks           =           4216
    Max Points             =            256
    Max Functions          =            219
    Weights Tolerance      =       1.00E-15

   => Loading Basis Set <=

    Name: (DEF2-SVP AUX)
    Role: JKFIT
    Keyword: DF_BASIS_SCF
    atoms 1-2, 4-15 entry C          line   198 file C:\Users\HUIWEI\miniconda3\envs\phase7\Library\share\psi4\basis\def2-universal-jkfit.gbs 
    atoms 3         entry N          line   258 file C:\Users\HUIWEI\miniconda3\envs\phase7\Library\share\psi4\basis\def2-universal-jkfit.gbs 
    atoms 16-28     entry H          line    18 file C:\Users\HUIWEI\miniconda3\envs\phase7\Library\share\psi4\basis\def2-universal-jkfit.gbs 

   => Loading Basis Set <=

    Name: DEF2-SVP
    Role: ORBITAL
    Keyword: BASIS
    atoms 1-2, 4-15 entry C          line    90 file C:\Users\HUIWEI\miniconda3\envs\phase7\Library\share\psi4\basis\def2-svp.gbs 
    atoms 3         entry N          line   110 file C:\Users\HUIWEI\miniconda3\envs\phase7\Library\share\psi4\basis\def2-svp.gbs 
    atoms 16-28     entry H          line    15 file C:\Users\HUIWEI\miniconda3\envs\phase7\Library\share\psi4\basis\def2-svp.gbs 

  Reading orbitals from file C:\Users\HUIWEI\Documents\Codex\2026-09-10\25-ee-phase5-phase24-1-hantzsch-3\work\qm_scratch\pbe_E_opt_01/psi4.default.35548.180.npy, no projection.

  ==> Integral Setup <==

  ==> DiskDFJK: Density-Fitted J/K Matrices <==

    J tasked:                  Yes
    K tasked:                   No
    wK tasked:                  No
    OpenMP threads:              2
    Integrals threads:           2
    Memory [MiB]:              344
    Algorithm:                Disk
    Integral Cache:           NONE
    Schwarz Cutoff:          1E-12
    Fitting Condition:       1E-10

   => Auxiliary Basis Set <=

  Basis Set: (DEF2-SVP AUX)
    Blend: DEF2-UNIVERSAL-JKFIT
    Number of shells: 453
    Number of basis functions: 1361
    Number of Cartesian functions: 1599
    Spherical Harmonics?: true
    Max angular momentum: 4

  Cached 0.6% of DFT collocation blocks in 0.014 [GiB].

  Minimum eigenvalue in the overlap matrix is 2.9652398958E-04.
  Reciprocal condition number of the overlap matrix is 4.6088340446E-05.
    Using symmetric orthogonalization.

  ==> Pre-Iterations <==

  SCF Guess: Orbitals guess was supplied from a previous computation.

   -------------------------------------------------------
    Irrep   Nso     Nmo     Nalpha   Nbeta   Ndocc  Nsocc
   -------------------------------------------------------
     A        275     275      52      52      52       0
   -------------------------------------------------------
    Total     275     275      52      52      52       0
   -------------------------------------------------------

  ==> Iterations <==

                           Total Energy        Delta E     RMS |[F,P]|

   @DF-RKS iter   0:  -594.90984297734656   -5.94910e+02   1.00891e-04 
   @DF-RKS iter   1:  -594.90926603556363    5.76942e-04   7.05299e-06 DIIS
   @DF-RKS iter   2:  -594.90926424269253    1.79287e-06   9.45824e-06 DIIS
   @DF-RKS iter   3:  -594.90926742653016   -3.18384e-06   4.64763e-06 DIIS
   @DF-RKS iter   4:  -594.90926831659249   -8.90062e-07   1.49777e-06 DIIS
   @DF-RKS iter   5:  -594.90926840910549   -9.25130e-08   3.42189e-07 DIIS
   @DF-RKS iter   6:  -594.90926841230475   -3.19926e-09   1.79881e-07 DIIS
   @DF-RKS iter   7:  -594.90926841355849   -1.25374e-09   4.60939e-08 DIIS
   @DF-RKS iter   8:  -594.90926841364444   -8.59472e-11   1.20384e-08 DIIS
   @DF-RKS iter   9:  -594.90926841364876   -4.32010e-12   4.80327e-09 DIIS
  Energy and wave function converged.


  ==> Post-Iterations <==

   Electrons on quadrature grid:
      Ntotal   =  103.9999822294 ; deviation = -1.777e-05 

    Orbital Energies [Eh]
    ---------------------

    Doubly Occupied:                                                      

       1A    -13.991809     2A     -9.955860     3A     -9.930437  
       4A     -9.911703     5A     -9.910382     6A     -9.909326  
       7A     -9.908359     8A     -9.906321     9A     -9.906269  
      10A     -9.902630    11A     -9.900049    12A     -9.899209  
      13A     -9.898487    14A     -9.895470    15A     -9.895108  
      16A     -0.848777    17A     -0.775563    18A     -0.756352  
      19A     -0.699458    20A     -0.671279    21A     -0.662494  
      22A     -0.655054    23A     -0.643055    24A     -0.573258  
      25A     -0.542300    26A     -0.537039    27A     -0.529289  
      28A     -0.492184    29A     -0.468466    30A     -0.441806  
      31A     -0.426072    32A     -0.411282    33A     -0.403856  
      34A     -0.395911    35A     -0.389327    36A     -0.383337  
      37A     -0.378191    38A     -0.373784    39A     -0.366483  
      40A     -0.345066    41A     -0.335716    42A     -0.327681  
      43A     -0.314631    44A     -0.308394    45A     -0.303554  
      46A     -0.300404    47A     -0.280539    48A     -0.252445  
      49A     -0.233963    50A     -0.225082    51A     -0.221881  
      52A     -0.186987  

    Virtual:                                                              

      53A     -0.086130    54A     -0.043494    55A     -0.035884  
      56A     -0.026778    57A      0.002058    58A      0.033986  
      59A      0.041939    60A      0.054810    61A      0.078192  
      62A      0.080651    63A      0.094750    64A      0.100279  
      65A      0.101411    66A      0.106978    67A      0.108168  
      68A      0.118205    69A      0.125607    70A      0.127400  
      71A      0.139262    72A      0.141416    73A      0.172030  
      74A      0.204430    75A      0.225277    76A      0.233926  
      77A      0.248430    78A      0.248969    79A      0.255107  
      80A      0.266387    81A      0.274155    82A      0.283718  
      83A      0.287597    84A      0.314640    85A      0.322974  
      86A      0.349274    87A      0.359823    88A      0.369080  
      89A      0.377447    90A      0.379922    91A      0.394152  
      92A      0.396248    93A      0.401488    94A      0.412769  
      95A      0.423346    96A      0.430216    97A      0.436267  
      98A      0.444147    99A      0.451998   100A      0.452927  
     101A      0.455920   102A      0.461450   103A      0.467319  
     104A      0.487509   105A      0.497825   106A      0.506630  
     107A      0.514370   108A      0.527813   109A      0.539972  
     110A      0.544500   111A      0.553680   112A      0.554731  
     113A      0.572008   114A      0.578603   115A      0.585297  
     116A      0.589811   117A      0.599658   118A      0.602735  
     119A      0.608350   120A      0.612897   121A      0.620887  
     122A      0.627342   123A      0.628758   124A      0.638536  
     125A      0.647155   126A      0.660520   127A      0.665933  
     128A      0.666353   129A      0.673700   130A      0.674143  
     131A      0.682003   132A      0.690561   133A      0.699672  
     134A      0.708145   135A      0.715043   136A      0.723908  
     137A      0.749069   138A      0.756318   139A      0.758142  
     140A      0.778923   141A      0.797299   142A      0.810398  
     143A      0.822329   144A      0.876157   145A      0.887732  
     146A      0.920978   147A      0.935233   148A      0.996258  
     149A      1.003850   150A      1.026103   151A      1.036821  
     152A      1.051609   153A      1.094697   154A      1.109850  
     155A      1.118220   156A      1.144189   157A      1.160631  
     158A      1.179703   159A      1.182135   160A      1.184661  
     161A      1.193061   162A      1.209213   163A      1.211378  
     164A      1.226835   165A      1.227849   166A      1.232932  
     167A      1.239347   168A      1.251859   169A      1.260691  
     170A      1.293053   171A      1.328439   172A      1.440233  
     173A      1.452481   174A      1.476426   175A      1.499214  
     176A      1.510861   177A      1.538246   178A      1.585175  
     179A      1.590176   180A      1.593164   181A      1.600568  
     182A      1.606826   183A      1.636478   184A      1.642944  
     185A      1.647881   186A      1.667336   187A      1.671348  
     188A      1.673562   189A      1.677526   190A      1.681130  
     191A      1.685120   192A      1.690146   193A      1.692826  
     194A      1.700090   195A      1.714055   196A      1.725233  
     197A      1.741517   198A      1.746825   199A      1.755257  
     200A      1.779067   201A      1.789989   202A      1.797804  
     203A      1.827747   204A      1.836496   205A      1.855409  
     206A      1.871997   207A      1.877059   208A      1.878393  
     209A      1.900420   210A      1.901227   211A      1.905607  
     212A      1.908720   213A      1.913336   214A      1.946417  
     215A      1.993540   216A      2.009578   217A      2.016733  
     218A      2.040565   219A      2.045556   220A      2.065123  
     221A      2.069117   222A      2.077419   223A      2.082851  
     224A      2.114104   225A      2.134382   226A      2.149484  
     227A      2.173493   228A      2.187449   229A      2.200815  
     230A      2.214963   231A      2.215681   232A      2.228727  
     233A      2.235176   234A      2.256429   235A      2.261299  
     236A      2.264466   237A      2.296487   238A      2.325695  
     239A      2.347585   240A      2.359596   241A      2.373426  
     242A      2.409974   243A      2.459152   244A      2.472750  
     245A      2.496642   246A      2.519408   247A      2.529688  
     248A      2.537669   249A      2.542414   250A      2.546114  
     251A      2.623827   252A      2.629580   253A      2.634042  
     254A      2.635412   255A      2.644043   256A      2.658202  
     257A      2.681355   258A      2.723075   259A      2.770498  
     260A      2.777795   261A      2.786090   262A      2.792437  
     263A      2.829317   264A      2.851182   265A      2.888196  
     266A      2.920266   267A      2.962336   268A      3.004441  
     269A      3.024651   270A      3.067191   271A      3.118552  
     272A      3.248857   273A      3.269520   274A      3.509980  
     275A      3.539249  

    Final Occupation by Irrep:
              A 
    DOCC [    52 ]
    NA   [    52 ]
    NB   [    52 ]

  @DF-RKS Final Energy:  -594.90926841364876

   => Energetics <=

    Nuclear Repulsion Energy =            857.2926461955862578
    One-Electron Energy =               -2503.9552368762442711
    Two-Electron Energy =                1138.4897053637253066
    DFT Exchange-Correlation Energy =     -86.7025479080828632
    Empirical Dispersion Energy =          -0.0338351886332135
    VV10 Nonlocal Energy =                  0.0000000000000000
    Total Energy =                       -594.9092684136487605

Computation Completed


Properties will be evaluated at   0.000000,   0.000000,   0.000000 [a0]

Properties computed using the SCF density matrix


 Multipole Moments:

 ------------------------------------------------------------------------------------
     Multipole            Electronic (a.u.)      Nuclear  (a.u.)        Total (a.u.)
 ------------------------------------------------------------------------------------

 L = 1.  Multiply by 2.5417464519 to convert [e a0] to [Debye]
 Dipole X            :         -1.8050897            1.3651635           -0.4399262
 Dipole Y            :        -10.2722956           10.0459840           -0.2263116
 Dipole Z            :        -24.2691801           23.7450443           -0.5241358
 Magnitude           :                                                    0.7207429

 ------------------------------------------------------------------------------------

*** tstop() called on LAPTOP-257FNSVV at Thu Sep 10 23:06:19 2026
Module time:
	user time   =        nan seconds =        nan minutes
	system time =        nan seconds =        nan minutes
	total time  =         45 seconds =       0.75 minutes
Total time:
	user time   =        nan seconds =        nan minutes
	system time =        nan seconds =        nan minutes
	total time  =        832 seconds =      13.87 minutes

*** tstart() called on LAPTOP-257FNSVV
*** at Thu Sep 10 23:06:19 2026


         ------------------------------------------------------------
                                   SCF GRAD                          
                          Rob Parrish, Justin Turney,                
                       Andy Simmonett, and Alex Sokolov              
         ------------------------------------------------------------

  ==> Geometry <==

    Molecular point group: c1
    Full point group: C1

    Geometry (in Angstrom), charge = 0, multiplicity = 1:

       Center              X                  Y                   Z               Mass       
    ------------   -----------------  -----------------  -----------------  -----------------
         C           -0.168737345011    -0.581390937045    -1.748219624675    12.000000000000
         C           -0.447218507678    -0.078209831139    -0.348836377448    12.000000000000
         N            0.463916455913     0.298092068972     0.487983629796    14.003074004430
         C            1.835411524452     0.185790357159     0.269807610156    12.000000000000
         C            2.467350492253    -1.068684078036     0.081419274483    12.000000000000
         C            3.860071968073    -1.149059202464    -0.053683253523    12.000000000000
         C            4.649002499939     0.011656624407    -0.018686926032    12.000000000000
         C            4.029170705240     1.258945280002     0.171606967539    12.000000000000
         C            2.641525558788     1.348389759259     0.331205734508    12.000000000000
         C           -1.870038105279     0.027229363313     0.090918157108    12.000000000000
         C           -2.939195981238    -0.400395629315    -0.727118327317    12.000000000000
         C           -4.265933272555    -0.299822074314    -0.282195323709    12.000000000000
         C           -4.546303094698     0.231732008474     0.985174263186    12.000000000000
         C           -3.489805599795     0.661159582724     1.808685849441    12.000000000000
         C           -2.167517908720     0.558169449181     1.367408882742    12.000000000000
         H           -0.476550757469    -1.641337691225    -1.862389777604     1.007825032230
         H           -0.751840206648     0.002384491418    -2.489063537343     1.007825032230
         H            0.904896032787    -0.503628791289    -1.996467782277     1.007825032230
         H            1.851142655816    -1.980242802766     0.069094723764     1.007825032230
         H            4.333706672247    -2.133806244510    -0.189504377806     1.007825032230
         H            5.741504030884    -0.055238292946    -0.129293776181     1.007825032230
         H            4.637573674878     2.175918954897     0.207315546087     1.007825032230
         H            2.150735601822     2.317982194901     0.500572352018     1.007825032230
         H           -2.742033536648    -0.822112062920    -1.722934482825     1.007825032230
         H           -5.086349939225    -0.640003309030    -0.932240239007     1.007825032230
         H           -5.587611244314     0.311680561226     1.332932952552     1.007825032230
         H           -3.703246980478     1.079694508964     2.804245276173     1.007825032230
         H           -1.323625393336     0.885105741903     1.992262586295     1.007825032230

  Nuclear repulsion =  857.292646195586258

  ==> Basis Set <==

  Basis Set: DEF2-SVP
    Blend: DEF2-SVP
    Number of shells: 129
    Number of basis functions: 275
    Number of Cartesian functions: 290
    Spherical Harmonics?: true
    Max angular momentum: 2

  ==> DFJKGrad: Density-Fitted SCF Gradients <==

    Gradient:                    1
    J tasked:                  Yes
    K tasked:                   No
    wK tasked:                  No
    OpenMP threads:              2
    Integrals threads:           2
    Memory [MiB]:              357
    Schwarz Cutoff:          1E-12
    Fitting Condition:       1E-10

   => Auxiliary Basis Set <=

  Basis Set: (DEF2-SVP AUX)
    Blend: DEF2-UNIVERSAL-JKFIT
    Number of shells: 453
    Number of basis functions: 1361
    Number of Cartesian functions: 1599
    Spherical Harmonics?: true
    Max angular momentum: 4

  ==> DFT Potential <==

   => LibXC <=

    Version 7.1.2
    S. Lehtola, C. Steigemann, M. J. T. Oliveira, and M. A. L. Marques,  SoftwareX 7, 1–5 (2018) (10.1016/j.softx.2017.11.002)

   => Composite Functional: PBE-D3BJ2B <= 

    PBE GGA Exchange-Correlation Functional

    J.P. Perdew et. al., Phys. Rev. Lett., 77(18), 3865-3868, 1996


    Deriv               =              1
    GGA                 =           TRUE
    Meta                =          FALSE

    Exchange Hybrid     =          FALSE
    MP2 Hybrid          =          FALSE

   => Exchange Functionals <=

    1.0000     XC_GGA_X_PBE

   => Correlation Functionals <=

    1.0000     XC_GGA_C_PBE

   => LibXC Density Thresholds  <==

    XC_GGA_C_PBE:  1.00E-12 
    XC_GGA_X_PBE:  1.00E-15 

   => Molecular Quadrature <=

    Radial Scheme          =       TREUTLER
    Pruning Scheme         =           NONE
    Nuclear Scheme         =       TREUTLER

    Blocking Scheme        =         OCTREE
    BS radius alpha        =              1
    Pruning alpha          =              1
    Radial Points          =             75
    Spherical Points       =            302
    Total Points           =         581492
    Total Blocks           =           4216
    Max Points             =            256
    Max Functions          =            219
    Weights Tolerance      =       1.00E-15


  -Total Gradient:
     Atom            X                  Y                   Z
    ------   -----------------  -----------------  -----------------
       1       -0.000039026644    -0.000141582384    -0.000027200651
       2        0.000124976452    -0.000062848373    -0.000041151605
       3       -0.000237424522     0.000095802228     0.000149097833
       4        0.000262704499     0.000007962944    -0.000060185202
       5        0.000026217484    -0.000029648019     0.000036478796
       6       -0.000045101751    -0.000001779623    -0.000011863501
       7        0.000000571330     0.000040496606     0.000010216838
       8        0.000032463705    -0.000036065676    -0.000006314788
       9       -0.000112364736    -0.000047077301    -0.000031087604
      10       -0.000024649047     0.000084017730    -0.000000218228
      11       -0.000054176092    -0.000025037557     0.000029740650
      12        0.000045425600    -0.000006388871    -0.000030103480
      13        0.000011124039     0.000028673560     0.000048840755
      14       -0.000058180932    -0.000010717085    -0.000007092773
      15        0.000064963638    -0.000063189511    -0.000060762883
      16        0.000009895536     0.000045741014     0.000004276193
      17       -0.000006290914     0.000078375452     0.000000430882
      18       -0.000000471770     0.000029951062    -0.000033393827
      19        0.000012806262    -0.000002193861     0.000019784884
      20        0.000010012218    -0.000013989201    -0.000002213537
      21        0.000007185227    -0.000001427259    -0.000000395301
      22        0.000006058502     0.000010093088     0.000009091020
      23        0.000003847512     0.000011020807     0.000005176373
      24        0.000007831932    -0.000002190081    -0.000012236840
      25       -0.000005810856    -0.000004595879    -0.000008849708
      26       -0.000010603183    -0.000011276226    -0.000005690725
      27        0.000015007674     0.000007204861     0.000009227515
      28       -0.000013033095     0.000008989295     0.000023067676


*** tstop() called on LAPTOP-257FNSVV at Thu Sep 10 23:06:30 2026
Module time:
	user time   =        nan seconds =        nan minutes
	system time =        nan seconds =        nan minutes
	total time  =         11 seconds =       0.18 minutes
Total time:
	user time   =        nan seconds =        nan minutes
	system time =        nan seconds =        nan minutes
	total time  =        843 seconds =      14.05 minutes

    			-----------------------------------------

    			 OPTKING 3.0: for geometry optimizations 

    			     By R.A. King, Bethel University     

    			        with contributions from          

    			    A.V. Copan, J. Cayton, A. Heide      

    			-----------------------------------------

    
	                            ===> Fragment 1 <== 

	 Z (Atomic Numbers)          Masses                          Geom                  
	       6.000000            12.000000         -0.31886737 -1.09866964 -3.30365630   
	       6.000000            12.000000         -0.84512050 -0.14779516 -0.65920522   
	       7.000000            14.003074          0.87667505  0.56331237  0.92215541   
	       6.000000            12.000000          3.46842511  0.35109289  0.50986249   
	       6.000000            12.000000          4.66261669 -2.01952022  0.15386013   
	       6.000000            12.000000          7.29447884 -2.17140719 -0.10144665   
	       6.000000            12.000000          8.78534148  0.02202783 -0.03531317   
	       6.000000            12.000000          7.61402915  2.37906179  0.32429017   
	       6.000000            12.000000          4.99175986  2.54808736  0.62588813   
	       6.000000            12.000000         -3.53385986  0.05145604  0.17181042   
	       6.000000            12.000000         -5.55427543 -0.75663808 -1.37405450   
	       6.000000            12.000000         -8.06144555 -0.56658161 -0.53327188   
	       6.000000            12.000000         -8.59126773  0.43791003  1.86170954   
	       6.000000            12.000000         -6.59477681  1.24941054  3.41792090   
	       6.000000            12.000000         -4.09601522  1.05478739  2.58402829   
	       1.000000             1.007825         -0.90055042 -3.10167872 -3.51940662   
	       1.000000             1.007825         -1.42077208  0.00450604 -4.70364839   
	       1.000000             1.007825          1.71000567 -0.95172048 -3.77277733   
	       1.000000             1.007825          3.49815264 -3.74211656  0.13057010   
	       1.000000             1.007825          8.18951872 -4.03230941 -0.35811137   
	       1.000000             1.007825         10.84987017 -0.10438525 -0.24432983   
	       1.000000             1.007825          8.76374413  4.11189090  0.39176960   
	       1.000000             1.007825          4.06430126  4.38035151  0.94594465   
	       1.000000             1.007825         -5.18169241 -1.55356664 -3.25587430   
	       1.000000             1.007825         -9.61180836 -1.20943097 -1.76167873   
	       1.000000             1.007825        -10.55905495   0.58899090   2.51887822 
	       1.000000             1.007825         -6.99812257  2.04032692  5.29925556   
	       1.000000             1.007825         -2.50128949  1.67260744  3.76483066   

	 - Coordinate -           - BOHR/RAD -       - ANG/DEG -
	 R(1,2)           =         2.859060           1.512950
	 R(1,16)          =         2.096890           1.109627
	 R(1,17)          =         2.095511           1.108897
	 R(1,18)          =         2.087581           1.104700
	 R(2,3)           =         2.443554           1.293073
	 R(2,10)          =         2.821278           1.492956
	 R(3,4)           =         2.632905           1.393274
	 R(4,5)           =         2.678178           1.417231
	 R(4,9)           =         2.675966           1.416060
	 R(5,6)           =         2.648575           1.401566
	 R(5,19)          =         2.079389           1.100365
	 R(6,7)           =         2.652961           1.403887
	 R(6,20)          =         2.080848           1.101138
	 R(7,8)           =         2.656482           1.405750
	 R(7,21)          =         2.078929           1.100122
	 R(8,9)           =         2.644963           1.399654
	 R(8,22)          =         2.080648           1.101031
	 R(9,23)          =         2.078415           1.099850
	 R(10,11)         =         2.669231           1.412496
	 R(10,15)         =         2.672356           1.414150
	 R(11,12)         =         2.651215           1.402962
	 R(11,24)         =         2.077296           1.099258
	 R(12,13)         =         2.650594           1.402634
	 R(12,25)         =         2.079871           1.100620
	 R(13,14)         =         2.658252           1.406686
	 R(13,26)         =         2.080116           1.100750
	 R(14,15)         =         2.641413           1.397776
	 R(14,27)         =         2.080302           1.100848
	 R(15,28)         =         2.078256           1.099765
	 B(1,2,3)         =         2.172039         124.448655
	 B(1,2,10)        =         2.061617         118.121930
	 B(2,1,16)        =         1.940994         111.210768
	 B(2,1,17)        =         1.924171         110.246879
	 B(2,1,18)        =         1.942635         111.304801
	 B(2,3,4)         =         2.175863         124.667792
	 B(2,10,11)       =         2.128689         121.964904
	 B(2,10,15)       =         2.086185         119.529586
	 B(3,2,10)        =         2.049187         117.409770
	 B(3,4,5)         =         2.130681         122.079047
	 B(3,4,9)         =         2.079908         119.169950
	 B(4,5,6)         =         2.102100         120.441451
	 B(4,5,19)        =         2.077233         119.016657
	 B(4,9,8)         =         2.102463         120.462258
	 B(4,9,23)        =         2.067383         118.452336
	 B(5,4,9)         =         2.069917         118.597524
	 B(5,6,7)         =         2.104353         120.570572
	 B(5,6,20)        =         2.083566         119.379561
	 B(6,5,19)        =         2.103522         120.522914
	 B(6,7,8)         =         2.081946         119.286697
	 B(6,7,21)        =         2.100513         120.350504
	 B(7,6,20)        =         2.095265         120.049818
	 B(7,8,9)         =         2.105144         120.615876
	 B(7,8,22)        =         2.094045         119.979965
	 B(8,7,21)        =         2.100682         120.360189
	 B(8,9,23)        =         2.113322         121.084426
	 B(9,8,22)        =         2.083936         119.400709
	 B(10,11,12)      =         2.106488         120.692887
	 B(10,11,24)      =         2.100209         120.333084
	 B(10,15,14)      =         2.107877         120.772482
	 B(10,15,28)      =         2.052238         117.584584
	 B(11,10,15)      =         2.068267         118.502957
	 B(11,12,13)      =         2.097565         120.181642
	 B(11,12,25)      =         2.089153         119.699665
	 B(12,11,24)      =         2.076479         118.973500
	 B(12,13,14)      =         2.088094         119.638998
	 B(12,13,26)      =         2.096799         120.137748
	 B(13,12,25)      =         2.096467         120.118693
	 B(13,14,15)      =         2.098072         120.210662
	 B(13,14,27)      =         2.094254         119.991912
	 B(14,13,26)      =         2.098292         120.223249
	 B(14,15,28)      =         2.123069         121.642870
	 B(15,14,27)      =         2.090859         119.797425
	 B(16,1,17)       =         1.863213         106.754247
	 B(16,1,18)       =         1.889905         108.283583
	 B(17,1,18)       =         1.900604         108.896613
	 D(1,2,3,4)       =        -0.103603          -5.936034
	 D(1,2,10,11)     =         0.066485           3.809317
	 D(1,2,10,15)     =        -3.085409        -176.780890
	 D(2,3,4,5)       =        -1.075021         -61.594144
	 D(2,3,4,9)       =         2.146300         122.973915
	 D(2,10,11,12)    =         3.131650         179.430337
	 D(2,10,11,24)    =        -0.005276          -0.302310
	 D(2,10,15,14)    =        -3.134716        -179.605984
	 D(2,10,15,28)    =         0.008449           0.484095
	 D(3,2,1,16)      =         2.022227         115.865060
	 D(3,2,1,17)      =        -2.197776        -125.923314
	 D(3,2,1,18)      =        -0.086721          -4.968736
	 D(3,2,10,11)     =        -3.101982        -177.730460
	 D(3,2,10,15)     =         0.029310           1.679333
	 D(3,4,5,6)       =        -3.073009        -176.070471
	 D(3,4,5,19)      =         0.041072           2.353238
	 D(3,4,9,8)       =         3.095028         177.332059
	 D(3,4,9,23)      =        -0.052784          -3.024287
	 D(4,3,2,10)      =         3.066732         175.710788
	 D(4,5,6,7)       =        -0.011745          -0.672947
	 D(4,5,6,20)      =        -3.151938        -180.592722
	 D(4,9,8,7)       =        -0.027885          -1.597692
	 D(4,9,8,22)      =         3.125502         179.078051
	 D(5,4,9,8)       =         0.030371           1.740137
	 D(5,4,9,23)      =        -3.117441        -178.616209
	 D(5,6,7,8)       =         0.014681           0.841174
	 D(5,6,7,21)      =         3.146055         180.255665
	 D(6,5,4,9)       =        -0.010705          -0.613370
	 D(6,7,8,9)       =         0.005101           0.292267
	 D(6,7,8,22)      =         3.134832         179.612617
	 D(7,6,5,19)      =        -3.125409        -179.072765
	 D(7,8,9,23)      =         3.120093         178.768144
	 D(8,7,6,20)      =        -3.128321        -179.239588
	 D(9,4,5,19)      =         3.103376         177.810339
	 D(9,8,7,21)      =        -3.126272        -179.122166
	 D(10,2,1,16)     =        -1.148297         -65.792577
	 D(10,2,1,17)     =         0.914885          52.419049
	 D(10,2,1,18)     =         3.025941         173.373627
	 D(10,11,12,13)   =         0.002286           0.130966
	 D(10,11,12,25)   =        -3.139301        -179.868699
	 D(10,15,14,13)   =         0.003341           0.191450
	 D(10,15,14,27)   =        -3.138505        -179.823101
	 D(11,10,15,14)   =        -0.003068          -0.175760
	 D(11,10,15,28)   =         3.140097         179.914319
	 D(11,12,13,14)   =        -0.002040          -0.116893
	 D(11,12,13,26)   =        -3.143170        -180.090364
	 D(12,11,10,15)   =         0.000257           0.014707
	 D(12,13,14,15)   =        -0.000755          -0.043238
	 D(12,13,14,27)   =        -3.142093        -180.028659
	 D(13,12,11,24)   =         3.139275         179.867201
	 D(13,14,15,28)   =        -3.139888        -179.902332
	 D(14,13,12,25)   =         3.139547         179.882772
	 D(15,10,11,24)   =        -3.136670        -179.717940
	 D(15,14,13,26)   =         3.140375         179.930210
	 D(19,5,6,20)     =         0.017583           1.007460
	 D(20,6,7,21)     =         0.003053           0.174902
	 D(21,7,8,22)     =         0.003459           0.198184
	 D(22,8,9,23)     =        -0.009706          -0.556113
	 D(24,11,12,25)   =        -0.002312          -0.132465
	 D(25,12,13,26)   =        -0.001583          -0.090699
	 D(26,13,14,27)   =        -0.000964          -0.055211
	 D(27,14,15,28)   =         0.001451           0.083117


	        --- Internal Coordinate Step in ANG or DEG, aJ/ANG or AJ/DEG ---
	-------------------------------------------------------------------------------
	           Coordinate      Previous         Force          Change          New 
	           ----------      --------        ------          ------        ------
	               R(1,2)       1.51295       -0.00033       -0.00003       1.51292
	              R(1,16)       1.10963        0.00038        0.00015       1.10978
	              R(1,17)       1.10890       -0.00037       -0.00019       1.10871
	              R(1,18)       1.10470       -0.00006       -0.00001       1.10469
	               R(2,3)       1.29307       -0.00038        0.00020       1.29327
	              R(2,10)       1.49296       -0.00025       -0.00020       1.49276
	               R(3,4)       1.39327       -0.00165       -0.00048       1.39279
	               R(4,5)       1.41723       -0.00020        0.00007       1.41730
	               R(4,9)       1.41606        0.00067        0.00023       1.41629
	               R(5,6)       1.40157        0.00021        0.00000       1.40157
	              R(5,19)       1.10037        0.00004       -0.00003       1.10034
	               R(6,7)       1.40389       -0.00018       -0.00007       1.40382
	              R(6,20)       1.10114       -0.00014       -0.00003       1.10110
	               R(7,8)       1.40575        0.00017        0.00007       1.40582
	              R(7,21)       1.10012       -0.00005       -0.00003       1.10009
	               R(8,9)       1.39965       -0.00025       -0.00016       1.39949
	              R(8,22)       1.10103       -0.00009       -0.00003       1.10100
	              R(9,23)       1.09985       -0.00008       -0.00004       1.09981
	             R(10,11)       1.41250       -0.00017        0.00003       1.41253
	             R(10,15)       1.41415        0.00031        0.00010       1.41425
	             R(11,12)       1.40296        0.00021       -0.00003       1.40293
	             R(11,24)       1.09926       -0.00010       -0.00003       1.09923
	             R(12,13)       1.40263       -0.00027       -0.00003       1.40260
	             R(12,25)       1.10062       -0.00009       -0.00003       1.10059
	             R(13,14)       1.40669        0.00017        0.00001       1.40670
	             R(13,26)       1.10075       -0.00007       -0.00004       1.10071
	             R(14,15)       1.39778       -0.00031       -0.00011       1.39767
	             R(14,27)       1.10085       -0.00008       -0.00003       1.10082
	             R(15,28)       1.09977       -0.00005       -0.00002       1.09975
	             B(1,2,3)     124.44866       -0.00001        0.01274     124.46139
	            B(1,2,10)     118.12193        0.00001       -0.00193     118.12000
	            B(2,1,16)     111.21077       -0.00000       -0.00360     111.20717
	            B(2,1,17)     110.24688        0.00001        0.05148     110.29836
	            B(2,1,18)     111.30480       -0.00000       -0.00151     111.30329
	             B(2,3,4)     124.66779        0.00000        0.09278     124.76057
	           B(2,10,11)     121.96490       -0.00000       -0.00528     121.95963
	           B(2,10,15)     119.52959        0.00000        0.01282     119.54240
	            B(3,2,10)     117.40977        0.00001       -0.01041     117.39936
	             B(3,4,5)     122.07905       -0.00000        0.08987     122.16891
	             B(3,4,9)     119.16995        0.00000       -0.06799     119.10196
	             B(4,5,6)     120.44145        0.00000        0.00855     120.45000
	            B(4,5,19)     119.01666       -0.00000        0.00993     119.02659
	             B(4,9,8)     120.46226        0.00000        0.01855     120.48081
	            B(4,9,23)     118.45234       -0.00000       -0.03973     118.41260
	             B(5,4,9)     118.59752       -0.00000       -0.02459     118.57294
	             B(5,6,7)     120.57057        0.00000        0.00127     120.57184
	            B(5,6,20)     119.37956       -0.00000        0.00130     119.38086
	            B(6,5,19)     120.52291        0.00000       -0.01985     120.50306
	             B(6,7,8)     119.28670        0.00000        0.00282     119.28951
	            B(6,7,21)     120.35050        0.00000       -0.00190     120.34860
	            B(7,6,20)     120.04982       -0.00000       -0.00258     120.04724
	             B(7,8,9)     120.61588       -0.00000       -0.00882     120.60706
	            B(7,8,22)     119.97997       -0.00000       -0.00152     119.97844
	            B(8,7,21)     120.36019       -0.00000       -0.00119     120.35900
	            B(8,9,23)     121.08443        0.00000        0.02102     121.10545
	            B(9,8,22)     119.40071        0.00000        0.01009     119.41080
	          B(10,11,12)     120.69289       -0.00000        0.00332     120.69621
	          B(10,11,24)     120.33308        0.00000       -0.00720     120.32588
	          B(10,15,14)     120.77248       -0.00000        0.00230     120.77478
	          B(10,15,28)     117.58458       -0.00000       -0.02576     117.55883
	          B(11,10,15)     118.50296        0.00000       -0.00698     118.49598
	          B(11,12,13)     120.18164       -0.00000       -0.00067     120.18098
	          B(11,12,25)     119.69966        0.00000        0.00014     119.69980
	          B(12,11,24)     118.97350       -0.00000        0.00376     118.97726
	          B(12,13,14)     119.63900        0.00000        0.00064     119.63964
	          B(12,13,26)     120.13775        0.00000        0.00245     120.14020
	          B(13,12,25)     120.11869        0.00000        0.00053     120.11922
	          B(13,14,15)     120.21066       -0.00000        0.00142     120.21208
	          B(13,14,27)     119.99191       -0.00000       -0.00549     119.98642
	          B(14,13,26)     120.22325       -0.00000       -0.00309     120.22016
	          B(14,15,28)     121.64287        0.00000        0.02349     121.66636
	          B(15,14,27)     119.79742        0.00000        0.00407     119.80150
	           B(16,1,17)     106.75425       -0.00000       -0.01904     106.73521
	           B(16,1,18)     108.28358       -0.00000       -0.07912     108.20446
	           B(17,1,18)     108.89661        0.00000        0.05021     108.94683
	           D(1,2,3,4)      -5.93603        0.00001       -0.07463      -6.01066
	         D(1,2,10,11)       3.80932       -0.00000        0.19066       3.99998
	         D(1,2,10,15)    -176.78089       -0.00000        0.26004    -176.52085
	           D(2,3,4,5)     -61.59414        0.00001        1.25244     -60.34171
	           D(2,3,4,9)     122.97392        0.00001        1.29383     124.26774
	        D(2,10,11,12)     179.43034        0.00000        0.00925     179.43959
	        D(2,10,11,24)      -0.30231        0.00000        0.03956      -0.26275
	        D(2,10,15,14)    -179.60598       -0.00000       -0.01455    -179.62053
	        D(2,10,15,28)       0.48409       -0.00000       -0.03871       0.44538
	          D(3,2,1,16)     115.86506       -0.00000       -0.64738     115.21768
	          D(3,2,1,17)    -125.92331       -0.00000       -0.64043    -126.56374
	          D(3,2,1,18)      -4.96874        0.00000       -0.54318      -5.51192
	         D(3,2,10,11)    -177.73046        0.00000        0.20649    -177.52397
	         D(3,2,10,15)       1.67933        0.00000        0.27587       1.95520
	           D(3,4,5,6)    -176.07047        0.00000        0.02745    -176.04303
	          D(3,4,5,19)       2.35324        0.00000       -0.02903       2.32421
	           D(3,4,9,8)     177.33206        0.00000        0.03313     177.36518
	          D(3,4,9,23)      -3.02429       -0.00000        0.00402      -3.02027
	          D(4,3,2,10)     175.71079        0.00000       -0.09128     175.61951
	           D(4,5,6,7)      -0.67295       -0.00000       -0.04277      -0.71572
	          D(4,5,6,20)    -180.59272       -0.00000       -0.03290    -180.62562
	           D(4,9,8,7)      -1.59769       -0.00000       -0.06148      -1.65917
	          D(4,9,8,22)     179.07805       -0.00000       -0.03714     179.04092
	           D(5,4,9,8)       1.74014       -0.00000        0.06763       1.80777
	          D(5,4,9,23)    -178.61621       -0.00000        0.03853    -178.57768
	           D(5,6,7,8)       0.84117        0.00000        0.05000       0.89117
	          D(5,6,7,21)     180.25566        0.00000        0.01996     180.27563
	           D(6,5,4,9)      -0.61337        0.00000       -0.01568      -0.62905
	           D(6,7,8,9)       0.29227        0.00000        0.00190       0.29416
	          D(6,7,8,22)     179.61262        0.00000       -0.02251     179.59011
	          D(7,6,5,19)    -179.07277       -0.00000        0.01406    -179.05870
	          D(7,8,9,23)     178.76814       -0.00000       -0.03136     178.73678
	          D(8,7,6,20)    -179.23959       -0.00000        0.04006    -179.19953
	          D(9,4,5,19)     177.81034        0.00000       -0.07216     177.73818
	          D(9,8,7,21)    -179.12217        0.00000        0.03194    -179.09022
	         D(10,2,1,16)     -65.79258       -0.00000       -0.63075     -66.42333
	         D(10,2,1,17)      52.41905       -0.00000       -0.62380      51.79525
	         D(10,2,1,18)     173.37363        0.00000       -0.52655     172.84708
	       D(10,11,12,13)       0.13097        0.00000        0.03251       0.16348
	       D(10,11,12,25)    -179.86870        0.00000        0.02862    -179.84008
	       D(10,15,14,13)       0.19145       -0.00000       -0.01819       0.17326
	       D(10,15,14,27)    -179.82310       -0.00000       -0.01242    -179.83552
	       D(11,10,15,14)      -0.17576        0.00000        0.05244      -0.12332
	       D(11,10,15,28)     179.91432        0.00000        0.02827     179.94259
	       D(11,12,13,14)      -0.11689        0.00000        0.00295      -0.11394
	       D(11,12,13,26)    -180.09036       -0.00000       -0.01607    -180.10643
	       D(12,11,10,15)       0.01471       -0.00000       -0.05954      -0.04484
	       D(12,13,14,15)      -0.04324       -0.00000       -0.01007      -0.05330
	       D(12,13,14,27)    -180.02866       -0.00000       -0.01584    -180.04450
	       D(13,12,11,24)     179.86720        0.00000        0.00257     179.86977
	       D(13,14,15,28)    -179.90233       -0.00000        0.00694    -179.89539
	       D(14,13,12,25)     179.88277        0.00000        0.00686     179.88963
	       D(15,10,11,24)    -179.71794       -0.00000       -0.02923    -179.74717
	       D(15,14,13,26)     179.93021        0.00000        0.00897     179.93918
	         D(19,5,6,20)       1.00746       -0.00000        0.02394       1.03140
	         D(20,6,7,21)       0.17490       -0.00000        0.01002       0.18493
	         D(21,7,8,22)       0.19818        0.00000        0.00754       0.20572
	         D(22,8,9,23)      -0.55611       -0.00000       -0.00702      -0.56313
	       D(24,11,12,25)      -0.13246       -0.00000       -0.00132      -0.13378
	       D(25,12,13,26)      -0.09070       -0.00000       -0.01216      -0.10286
	       D(26,13,14,27)      -0.05521        0.00000        0.00319      -0.05202
	       D(27,14,15,28)       0.08312       -0.00000        0.01270       0.09582
	-------------------------------------------------------------------------------

	                                 ==> Convergence Check <==                                  
    
	Measures of convergence in internal coordinates in au.
    
	Criteria marked as inactive (o), active & met (*), and active & unmet ( ).

	----------------------------------------------------------------------------------------------
	   Step    Total Energy     Delta E     Max Force     RMS Force      Max Disp      RMS Disp   
	----------------------------------------------------------------------------------------------
	  Convergence Criteria              o    1.50e-05 *    1.00e-05 *    6.00e-05 *    4.00e-05 *
	----------------------------------------------------------------------------------------------
	    11    -594.90926841   -1.56e-05 o    2.00e-04      3.40e-05      2.26e-02      3.58e-03    ~
	----------------------------------------------------------------------------------------------

Next Geometry in Ang 
	Fragment 1 (Ang)

	    C  -0.1708575858  -0.5911527627  -1.7477062048
	    C  -0.4478749276  -0.0801063937  -0.3509199902
	    N   0.4640406513   0.3013892201   0.4829971688
	    C   1.8352845823   0.1880482595   0.2668647197
	    C   2.4657961146  -1.0645124937   0.0612532288
	    C   3.8587988531  -1.1453673174  -0.0706378554
	    C   4.6495981624   0.0132473509  -0.0162353368
	    C   4.0314785947   1.2587057166   0.1913622972
	    C   2.6437580011   1.3480088629   0.3489477476
	    C  -1.8700267244   0.0269640047   0.0899185198
	    C  -2.9396274012  -0.4096999089  -0.7227981567
	    C  -4.2659265988  -0.3071904813  -0.2770983839
	    C  -4.5455395964   0.2359731671   0.9854689634
	    C  -3.4887111419   0.6751721245   1.8034030175
	    C  -2.1669072361   0.5701565054   1.3614935411
	    H  -0.4678199928  -1.6553582479  -1.8520677965
	    H  -0.7632816245  -0.0200480530  -2.4907501280
	    H   0.9009416816  -0.5054796304  -2.0011963594
	    H   1.8484121153  -1.9749160073   0.0338760325
	    H   4.3311595389  -2.1288032534  -0.2194908806
	    H   5.7422602347  -0.0539782311  -0.1247089143
	    H   4.6414544232   2.1738512193   0.2427238589
	    H   2.1538326473   2.3154590510   0.5322552029
	    H  -2.7429714884  -0.8405277009  -1.7147770032
	    H  -5.0865799605  -0.6549428587  -0.9227675494
	    H  -5.5864920779   0.3176936777   1.3337659900
	    H  -3.7016924140   1.1030634402   2.7950473582
	    H  -1.3225068303   0.9043507403   1.9817769129


    Structure for next step:
    Molecular point group: c1
    Full point group: C1

    Geometry (in Angstrom), charge = 0, multiplicity = 1:

    C           -0.170857585791    -0.591152762724    -1.747706204804
    C           -0.447874927585    -0.080106393667    -0.350919990204
    N            0.464040651300     0.301389220055     0.482997168784
    C            1.835284582303     0.188048259546     0.266864719699
    C            2.465796114605    -1.064512493654     0.061253228755
    C            3.858798853055    -1.145367317351    -0.070637855374
    C            4.649598162383     0.013247350893    -0.016235336833
    C            4.031478594677     1.258705716572     0.191362297211
    C            2.643758001117     1.348008862933     0.348947747600
    C           -1.870026724420     0.026964004677     0.089918519775
    C           -2.939627401176    -0.409699908943    -0.722798156695
    C           -4.265926598843    -0.307190481273    -0.277098383932
    C           -4.545539596445     0.235973167065     0.985468963447
    C           -3.488711141868     0.675172124532     1.803403017530
    C           -2.166907236126     0.570156505356     1.361493541121
    H           -0.467819992774    -1.655358247876    -1.852067796548
    H           -0.763281624457    -0.020048052992    -2.490750127965
    H            0.900941681612    -0.505479630435    -2.001196359385
    H            1.848412115334    -1.974916007277     0.033876032462
    H            4.331159538880    -2.128803253388    -0.219490880629
    H            5.742260234729    -0.053978231086    -0.124708914264
    H            4.641454423215     2.173851219334     0.242723858875
    H            2.153832647343     2.315459051011     0.532255202875
    H           -2.742971488433    -0.840527700921    -1.714777003222
    H           -5.086579960480    -0.654942858747    -0.922767549350
    H           -5.586492077868     0.317693677677     1.333765990014
    H           -3.701692413977     1.103063440158     2.795047358244
    H           -1.322506830310     0.904350740326     1.981776912911


Scratch directory: C:\Users\HUIWEI\Documents\Codex\2026-09-10\25-ee-phase5-phase24-1-hantzsch-3\work\qm_scratch\pbe_E_opt_01/
gradient() will perform analytic gradient computation.
   => Libint2 <=

    Primary   basis highest AM E, G, H:  7, 6, -
    Auxiliary basis highest AM E, G, H:  7, 7, -
    Onebody   basis highest AM E, G, H:  -, -, -
    Solid Harmonics ordering:            Gaussian

*** tstart() called on LAPTOP-257FNSVV
*** at Thu Sep 10 23:06:31 2026

   => Loading Basis Set <=

    Name: DEF2-SVP
    Role: ORBITAL
    Keyword: BASIS
    atoms 1-2, 4-15 entry C          line    90 file C:\Users\HUIWEI\miniconda3\envs\phase7\Library\share\psi4\basis\def2-svp.gbs 
    atoms 3         entry N          line   110 file C:\Users\HUIWEI\miniconda3\envs\phase7\Library\share\psi4\basis\def2-svp.gbs 
    atoms 16-28     entry H          line    15 file C:\Users\HUIWEI\miniconda3\envs\phase7\Library\share\psi4\basis\def2-svp.gbs 

   => PBE-D3(BJ): Empirical Dispersion <=

    Grimme's -D3 (BJ-damping) Dispersion Correction
    Grimme S.; Ehrlich S.; Goerigk L. (2011), J. Comput. Chem., 32: 1456

        s6 =       1.000000
        s8 =       0.787500
        a1 =       0.428900
        a2 =       4.440700


         ---------------------------------------------------------
                                   SCF
               by Justin Turney, Rob Parrish, Andy Simmonett
                          and Daniel G. A. Smith
                              RKS Reference
                        2 Threads,    476 MiB Core
         ---------------------------------------------------------

  ==> Geometry <==

    Molecular point group: c1
    Full point group: C1

    Geometry (in Angstrom), charge = 0, multiplicity = 1:

       Center              X                  Y                   Z               Mass       
    ------------   -----------------  -----------------  -----------------  -----------------
         C           -0.170857585791    -0.591152762724    -1.747706204804    12.000000000000
         C           -0.447874927585    -0.080106393667    -0.350919990204    12.000000000000
         N            0.464040651300     0.301389220055     0.482997168784    14.003074004430
         C            1.835284582303     0.188048259546     0.266864719699    12.000000000000
         C            2.465796114605    -1.064512493654     0.061253228755    12.000000000000
         C            3.858798853055    -1.145367317351    -0.070637855374    12.000000000000
         C            4.649598162383     0.013247350893    -0.016235336833    12.000000000000
         C            4.031478594677     1.258705716572     0.191362297211    12.000000000000
         C            2.643758001117     1.348008862933     0.348947747600    12.000000000000
         C           -1.870026724420     0.026964004677     0.089918519775    12.000000000000
         C           -2.939627401176    -0.409699908943    -0.722798156695    12.000000000000
         C           -4.265926598843    -0.307190481273    -0.277098383932    12.000000000000
         C           -4.545539596445     0.235973167065     0.985468963447    12.000000000000
         C           -3.488711141868     0.675172124532     1.803403017530    12.000000000000
         C           -2.166907236126     0.570156505356     1.361493541121    12.000000000000
         H           -0.467819992774    -1.655358247876    -1.852067796548     1.007825032230
         H           -0.763281624457    -0.020048052992    -2.490750127965     1.007825032230
         H            0.900941681612    -0.505479630435    -2.001196359385     1.007825032230
         H            1.848412115334    -1.974916007277     0.033876032462     1.007825032230
         H            4.331159538880    -2.128803253388    -0.219490880629     1.007825032230
         H            5.742260234729    -0.053978231086    -0.124708914264     1.007825032230
         H            4.641454423215     2.173851219334     0.242723858875     1.007825032230
         H            2.153832647343     2.315459051011     0.532255202875     1.007825032230
         H           -2.742971488433    -0.840527700921    -1.714777003222     1.007825032230
         H           -5.086579960480    -0.654942858747    -0.922767549350     1.007825032230
         H           -5.586492077868     0.317693677677     1.333765990014     1.007825032230
         H           -3.701692413977     1.103063440158     2.795047358244     1.007825032230
         H           -1.322506830310     0.904350740326     1.981776912911     1.007825032230

  Running in c1 symmetry.

  Rotational constants: A =      0.06388  B =      0.00896  C =      0.00833 [cm^-1]
  Rotational constants: A =   1915.16761  B =    268.54751  C =    249.61445 [MHz]
  Nuclear repulsion =  857.301740544390441

  Charge       = 0
  Multiplicity = 1
  Electrons    = 104
  Nalpha       = 52
  Nbeta        = 52

  ==> Algorithm <==

  SCF Algorithm Type is DF.
  DIIS enabled.
  MOM disabled.
  Fractional occupation disabled.
  Guess Type is READ.
  Energy threshold   = 1.00e-09
  Density threshold  = 1.00e-08
  Integral threshold = 1.00e-12

  ==> Primary Basis <==

  Basis Set: DEF2-SVP
    Blend: DEF2-SVP
    Number of shells: 129
    Number of basis functions: 275
    Number of Cartesian functions: 290
    Spherical Harmonics?: true
    Max angular momentum: 2

  ==> DFT Potential <==

   => LibXC <=

    Version 7.1.2
    S. Lehtola, C. Steigemann, M. J. T. Oliveira, and M. A. L. Marques,  SoftwareX 7, 1–5 (2018) (10.1016/j.softx.2017.11.002)

   => Composite Functional: PBE-D3BJ2B <= 

    PBE GGA Exchange-Correlation Functional

    J.P. Perdew et. al., Phys. Rev. Lett., 77(18), 3865-3868, 1996


    Deriv               =              1
    GGA                 =           TRUE
    Meta                =          FALSE

    Exchange Hybrid     =          FALSE
    MP2 Hybrid          =          FALSE

   => Exchange Functionals <=

    1.0000     XC_GGA_X_PBE

   => Correlation Functionals <=

    1.0000     XC_GGA_C_PBE

   => LibXC Density Thresholds  <==

    XC_GGA_C_PBE:  1.00E-12 
    XC_GGA_X_PBE:  1.00E-15 

   => Molecular Quadrature <=

    Radial Scheme          =       TREUTLER
    Pruning Scheme         =           NONE
    Nuclear Scheme         =       TREUTLER

    Blocking Scheme        =         OCTREE
    BS radius alpha        =              1
    Pruning alpha          =              1
    Radial Points          =             75
    Spherical Points       =            302
    Total Points           =         581500
    Total Blocks           =           4243
    Max Points             =            256
    Max Functions          =            220
    Weights Tolerance      =       1.00E-15

   => Loading Basis Set <=

    Name: (DEF2-SVP AUX)
    Role: JKFIT
    Keyword: DF_BASIS_SCF
    atoms 1-2, 4-15 entry C          line   198 file C:\Users\HUIWEI\miniconda3\envs\phase7\Library\share\psi4\basis\def2-universal-jkfit.gbs 
    atoms 3         entry N          line   258 file C:\Users\HUIWEI\miniconda3\envs\phase7\Library\share\psi4\basis\def2-universal-jkfit.gbs 
    atoms 16-28     entry H          line    18 file C:\Users\HUIWEI\miniconda3\envs\phase7\Library\share\psi4\basis\def2-universal-jkfit.gbs 

   => Loading Basis Set <=

    Name: DEF2-SVP
    Role: ORBITAL
    Keyword: BASIS
    atoms 1-2, 4-15 entry C          line    90 file C:\Users\HUIWEI\miniconda3\envs\phase7\Library\share\psi4\basis\def2-svp.gbs 
    atoms 3         entry N          line   110 file C:\Users\HUIWEI\miniconda3\envs\phase7\Library\share\psi4\basis\def2-svp.gbs 
    atoms 16-28     entry H          line    15 file C:\Users\HUIWEI\miniconda3\envs\phase7\Library\share\psi4\basis\def2-svp.gbs 

  Reading orbitals from file C:\Users\HUIWEI\Documents\Codex\2026-09-10\25-ee-phase5-phase24-1-hantzsch-3\work\qm_scratch\pbe_E_opt_01/psi4.default.35548.180.npy, no projection.

  ==> Integral Setup <==

  ==> DiskDFJK: Density-Fitted J/K Matrices <==

    J tasked:                  Yes
    K tasked:                   No
    wK tasked:                  No
    OpenMP threads:              2
    Integrals threads:           2
    Memory [MiB]:              344
    Algorithm:                Disk
    Integral Cache:           NONE
    Schwarz Cutoff:          1E-12
    Fitting Condition:       1E-10

   => Auxiliary Basis Set <=

  Basis Set: (DEF2-SVP AUX)
    Blend: DEF2-UNIVERSAL-JKFIT
    Number of shells: 453
    Number of basis functions: 1361
    Number of Cartesian functions: 1599
    Spherical Harmonics?: true
    Max angular momentum: 4

  Cached 0.6% of DFT collocation blocks in 0.013 [GiB].

  Minimum eigenvalue in the overlap matrix is 2.9644949273E-04.
  Reciprocal condition number of the overlap matrix is 4.6075066141E-05.
    Using symmetric orthogonalization.

  ==> Pre-Iterations <==

  SCF Guess: Orbitals guess was supplied from a previous computation.

   -------------------------------------------------------
    Irrep   Nso     Nmo     Nalpha   Nbeta   Ndocc  Nsocc
   -------------------------------------------------------
     A        275     275      52      52      52       0
   -------------------------------------------------------
    Total     275     275      52      52      52       0
   -------------------------------------------------------

  ==> Iterations <==

                           Total Energy        Delta E     RMS |[F,P]|

   @DF-RKS iter   0:  -594.90860354052609   -5.94909e+02   1.62720e-04 
   @DF-RKS iter   1:  -594.90925891463428   -6.55374e-04   1.32147e-05 DIIS
   @DF-RKS iter   2:  -594.90925316936671    5.74527e-06   1.71329e-05 DIIS
   @DF-RKS iter   3:  -594.90926017661968   -7.00725e-06   1.23392e-05 DIIS
   @DF-RKS iter   4:  -594.90926686896728   -6.69235e-06   1.67633e-06 DIIS
   @DF-RKS iter   5:  -594.90926697012367   -1.01156e-07   4.95093e-07 DIIS
   @DF-RKS iter   6:  -594.90926697919178   -9.06812e-09   1.72140e-07 DIIS
   @DF-RKS iter   7:  -594.90926698027010   -1.07832e-09   6.28471e-08 DIIS
   @DF-RKS iter   8:  -594.90926698042824   -1.58138e-10   1.35704e-08 DIIS
   @DF-RKS iter   9:  -594.90926698043472   -6.48015e-12   7.07546e-09 DIIS
  Energy and wave function converged.


  ==> Post-Iterations <==

   Electrons on quadrature grid:
      Ntotal   =  103.9999788861 ; deviation = -2.111e-05 

    Orbital Energies [Eh]
    ---------------------

    Doubly Occupied:                                                      

       1A    -13.991670     2A     -9.955708     3A     -9.930450  
       4A     -9.911627     5A     -9.910298     6A     -9.909250  
       7A     -9.908286     8A     -9.906274     9A     -9.906193  
      10A     -9.902547    11A     -9.900151    12A     -9.899277  
      13A     -9.898629    14A     -9.895519    15A     -9.895295  
      16A     -0.848669    17A     -0.775520    18A     -0.756406  
      19A     -0.699476    20A     -0.671224    21A     -0.662634  
      22A     -0.655002    23A     -0.643076    24A     -0.573278  
      25A     -0.542343    26A     -0.537100    27A     -0.529234  
      28A     -0.492233    29A     -0.468429    30A     -0.441801  
      31A     -0.426196    32A     -0.411380    33A     -0.403630  
      34A     -0.395840    35A     -0.389405    36A     -0.383292  
      37A     -0.378146    38A     -0.373709    39A     -0.366546  
      40A     -0.345104    41A     -0.335699    42A     -0.327825  
      43A     -0.314685    44A     -0.308458    45A     -0.303502  
      46A     -0.300325    47A     -0.280732    48A     -0.252236  
      49A     -0.233893    50A     -0.225179    51A     -0.221725  
      52A     -0.187028  

    Virtual:                                                              

      53A     -0.086315    54A     -0.043422    55A     -0.035940  
      56A     -0.026790    57A      0.002401    58A      0.033954  
      59A      0.041867    60A      0.054834    61A      0.078105  
      62A      0.080618    63A      0.094632    64A      0.100290  
      65A      0.101417    66A      0.106992    67A      0.108184  
      68A      0.118340    69A      0.125524    70A      0.127696  
      71A      0.139625    72A      0.141938    73A      0.172278  
      74A      0.204514    75A      0.225614    76A      0.233811  
      77A      0.248304    78A      0.248999    79A      0.255040  
      80A      0.266607    81A      0.273964    82A      0.283661  
      83A      0.287476    84A      0.314526    85A      0.322927  
      86A      0.349035    87A      0.359769    88A      0.370100  
      89A      0.377488    90A      0.379986    91A      0.394259  
      92A      0.396251    93A      0.401601    94A      0.412785  
      95A      0.423159    96A      0.430232    97A      0.436466  
      98A      0.444265    99A      0.452039   100A      0.453253  
     101A      0.455668   102A      0.461278   103A      0.467497  
     104A      0.487535   105A      0.497727   106A      0.506364  
     107A      0.514217   108A      0.527891   109A      0.539957  
     110A      0.544346   111A      0.553476   112A      0.554623  
     113A      0.572120   114A      0.578810   115A      0.585351  
     116A      0.589829   117A      0.599763   118A      0.603221  
     119A      0.608275   120A      0.612945   121A      0.620591  
     122A      0.627854   123A      0.629261   124A      0.638467  
     125A      0.647318   126A      0.660957   127A      0.665732  
     128A      0.666633   129A      0.673241   130A      0.674348  
     131A      0.681972   132A      0.690832   133A      0.699707  
     134A      0.708322   135A      0.715398   136A      0.723803  
     137A      0.748714   138A      0.756726   139A      0.758486  
     140A      0.778486   141A      0.797378   142A      0.811428  
     143A      0.821392   144A      0.876765   145A      0.887543  
     146A      0.921122   147A      0.936304   148A      0.995549  
     149A      1.004081   150A      1.026300   151A      1.036936  
     152A      1.050562   153A      1.093674   154A      1.110229  
     155A      1.118169   156A      1.144242   157A      1.161323  
     158A      1.179683   159A      1.182249   160A      1.184851  
     161A      1.193190   162A      1.209514   163A      1.211125  
     164A      1.226648   165A      1.227635   166A      1.233797  
     167A      1.239519   168A      1.252804   169A      1.260415  
     170A      1.293169   171A      1.329120   172A      1.440713  
     173A      1.452457   174A      1.476737   175A      1.499005  
     176A      1.509769   177A      1.538086   178A      1.585325  
     179A      1.589984   180A      1.593222   181A      1.600623  
     182A      1.607280   183A      1.636167   184A      1.642944  
     185A      1.647620   186A      1.667537   187A      1.671399  
     188A      1.673515   189A      1.677666   190A      1.681216  
     191A      1.685132   192A      1.690103   193A      1.693108  
     194A      1.699940   195A      1.714502   196A      1.725295  
     197A      1.741618   198A      1.747205   199A      1.754928  
     200A      1.778682   201A      1.789325   202A      1.798085  
     203A      1.827637   204A      1.836208   205A      1.855822  
     206A      1.871889   207A      1.877202   208A      1.878561  
     209A      1.900557   210A      1.901372   211A      1.905705  
     212A      1.908745   213A      1.913336   214A      1.946597  
     215A      1.993230   216A      2.010417   217A      2.016645  
     218A      2.040383   219A      2.045872   220A      2.065149  
     221A      2.069143   222A      2.077181   223A      2.082784  
     224A      2.113877   225A      2.134379   226A      2.149193  
     227A      2.173708   228A      2.188011   229A      2.200906  
     230A      2.215047   231A      2.215678   232A      2.228670  
     233A      2.235314   234A      2.256590   235A      2.261179  
     236A      2.264537   237A      2.296573   238A      2.325514  
     239A      2.348258   240A      2.359838   241A      2.373746  
     242A      2.409834   243A      2.459302   244A      2.472450  
     245A      2.496164   246A      2.519503   247A      2.530170  
     248A      2.537847   249A      2.542179   250A      2.546342  
     251A      2.623729   252A      2.629499   253A      2.633998  
     254A      2.635559   255A      2.644074   256A      2.658115  
     257A      2.681058   258A      2.723121   259A      2.770713  
     260A      2.777645   261A      2.786351   262A      2.792468  
     263A      2.828568   264A      2.851709   265A      2.887625  
     266A      2.920891   267A      2.962166   268A      3.003996  
     269A      3.024515   270A      3.067111   271A      3.117373  
     272A      3.252262   273A      3.269454   274A      3.510171  
     275A      3.539376  

    Final Occupation by Irrep:
              A 
    DOCC [    52 ]
    NA   [    52 ]
    NB   [    52 ]

  @DF-RKS Final Energy:  -594.90926698043472

   => Energetics <=

    Nuclear Repulsion Energy =            857.3017405443904408
    One-Electron Energy =               -2503.9736238546429377
    Two-Electron Energy =                1138.4994510253609405
    DFT Exchange-Correlation Energy =     -86.7029943176443112
    Empirical Dispersion Energy =          -0.0338403778988077
    VV10 Nonlocal Energy =                  0.0000000000000000
    Total Energy =                       -594.9092669804347224

Computation Completed


Properties will be evaluated at   0.000000,   0.000000,   0.000000 [a0]

Properties computed using the SCF density matrix


 Multipole Moments:

 ------------------------------------------------------------------------------------
     Multipole            Electronic (a.u.)      Nuclear  (a.u.)        Total (a.u.)
 ------------------------------------------------------------------------------------

 L = 1.  Multiply by 2.5417464519 to convert [e a0] to [Debye]
 Dipole X            :         -1.8127689            1.3803682           -0.4324007
 Dipole Y            :        -10.4334756           10.2037056           -0.2297700
 Dipole Z            :        -24.1700870           23.6490977           -0.5209893
 Magnitude           :                                                    0.7149786

 ------------------------------------------------------------------------------------

*** tstop() called on LAPTOP-257FNSVV at Thu Sep 10 23:07:26 2026
Module time:
	user time   =        nan seconds =        nan minutes
	system time =        nan seconds =        nan minutes
	total time  =         55 seconds =       0.92 minutes
Total time:
	user time   =        nan seconds =        nan minutes
	system time =        nan seconds =        nan minutes
	total time  =        899 seconds =      14.98 minutes

*** tstart() called on LAPTOP-257FNSVV
*** at Thu Sep 10 23:07:26 2026


         ------------------------------------------------------------
                                   SCF GRAD                          
                          Rob Parrish, Justin Turney,                
                       Andy Simmonett, and Alex Sokolov              
         ------------------------------------------------------------

  ==> Geometry <==

    Molecular point group: c1
    Full point group: C1

    Geometry (in Angstrom), charge = 0, multiplicity = 1:

       Center              X                  Y                   Z               Mass       
    ------------   -----------------  -----------------  -----------------  -----------------
         C           -0.170857585791    -0.591152762724    -1.747706204804    12.000000000000
         C           -0.447874927585    -0.080106393667    -0.350919990204    12.000000000000
         N            0.464040651300     0.301389220055     0.482997168784    14.003074004430
         C            1.835284582303     0.188048259546     0.266864719699    12.000000000000
         C            2.465796114605    -1.064512493654     0.061253228755    12.000000000000
         C            3.858798853055    -1.145367317351    -0.070637855374    12.000000000000
         C            4.649598162383     0.013247350893    -0.016235336833    12.000000000000
         C            4.031478594677     1.258705716572     0.191362297211    12.000000000000
         C            2.643758001117     1.348008862933     0.348947747600    12.000000000000
         C           -1.870026724420     0.026964004677     0.089918519775    12.000000000000
         C           -2.939627401176    -0.409699908943    -0.722798156695    12.000000000000
         C           -4.265926598843    -0.307190481273    -0.277098383932    12.000000000000
         C           -4.545539596445     0.235973167065     0.985468963447    12.000000000000
         C           -3.488711141868     0.675172124532     1.803403017530    12.000000000000
         C           -2.166907236126     0.570156505356     1.361493541121    12.000000000000
         H           -0.467819992774    -1.655358247876    -1.852067796548     1.007825032230
         H           -0.763281624457    -0.020048052992    -2.490750127965     1.007825032230
         H            0.900941681612    -0.505479630435    -2.001196359385     1.007825032230
         H            1.848412115334    -1.974916007277     0.033876032462     1.007825032230
         H            4.331159538880    -2.128803253388    -0.219490880629     1.007825032230
         H            5.742260234729    -0.053978231086    -0.124708914264     1.007825032230
         H            4.641454423215     2.173851219334     0.242723858875     1.007825032230
         H            2.153832647343     2.315459051011     0.532255202875     1.007825032230
         H           -2.742971488433    -0.840527700921    -1.714777003222     1.007825032230
         H           -5.086579960480    -0.654942858747    -0.922767549350     1.007825032230
         H           -5.586492077868     0.317693677677     1.333765990014     1.007825032230
         H           -3.701692413977     1.103063440158     2.795047358244     1.007825032230
         H           -1.322506830310     0.904350740326     1.981776912911     1.007825032230

  Nuclear repulsion =  857.301740544390441

  ==> Basis Set <==

  Basis Set: DEF2-SVP
    Blend: DEF2-SVP
    Number of shells: 129
    Number of basis functions: 275
    Number of Cartesian functions: 290
    Spherical Harmonics?: true
    Max angular momentum: 2

  ==> DFJKGrad: Density-Fitted SCF Gradients <==

    Gradient:                    1
    J tasked:                  Yes
    K tasked:                   No
    wK tasked:                  No
    OpenMP threads:              2
    Integrals threads:           2
    Memory [MiB]:              357
    Schwarz Cutoff:          1E-12
    Fitting Condition:       1E-10

   => Auxiliary Basis Set <=

  Basis Set: (DEF2-SVP AUX)
    Blend: DEF2-UNIVERSAL-JKFIT
    Number of shells: 453
    Number of basis functions: 1361
    Number of Cartesian functions: 1599
    Spherical Harmonics?: true
    Max angular momentum: 4

  ==> DFT Potential <==

   => LibXC <=

    Version 7.1.2
    S. Lehtola, C. Steigemann, M. J. T. Oliveira, and M. A. L. Marques,  SoftwareX 7, 1–5 (2018) (10.1016/j.softx.2017.11.002)

   => Composite Functional: PBE-D3BJ2B <= 

    PBE GGA Exchange-Correlation Functional

    J.P. Perdew et. al., Phys. Rev. Lett., 77(18), 3865-3868, 1996


    Deriv               =              1
    GGA                 =           TRUE
    Meta                =          FALSE

    Exchange Hybrid     =          FALSE
    MP2 Hybrid          =          FALSE

   => Exchange Functionals <=

    1.0000     XC_GGA_X_PBE

   => Correlation Functionals <=

    1.0000     XC_GGA_C_PBE

   => LibXC Density Thresholds  <==

    XC_GGA_C_PBE:  1.00E-12 
    XC_GGA_X_PBE:  1.00E-15 

   => Molecular Quadrature <=

    Radial Scheme          =       TREUTLER
    Pruning Scheme         =           NONE
    Nuclear Scheme         =       TREUTLER

    Blocking Scheme        =         OCTREE
    BS radius alpha        =              1
    Pruning alpha          =              1
    Radial Points          =             75
    Spherical Points       =            302
    Total Points           =         581500
    Total Blocks           =           4243
    Max Points             =            256
    Max Functions          =            220
    Weights Tolerance      =       1.00E-15


  -Total Gradient:
     Atom            X                  Y                   Z
    ------   -----------------  -----------------  -----------------
       1       -0.000030474457     0.000016856575     0.000005189241
       2       -0.000011233601    -0.000031353146    -0.000059833729
       3       -0.000032418405     0.000032642028     0.000084589789
       4        0.000117211640     0.000001944420    -0.000074396628
       5       -0.000030273036     0.000010890487     0.000001136868
       6       -0.000018758107     0.000031939274     0.000007551025
       7        0.000016262414     0.000007746997    -0.000004423325
       8        0.000000230416    -0.000024506804     0.000004721129
       9        0.000002337646     0.000000680506     0.000040068957
      10        0.000053983597    -0.000070800971     0.000030936062
      11       -0.000075536262     0.000026448518    -0.000002220413
      12        0.000042153548    -0.000010562779    -0.000026359414
      13        0.000006915662     0.000011843068     0.000041448603
      14       -0.000009525264    -0.000019300132    -0.000020542095
      15       -0.000048155360     0.000048221999    -0.000014429432
      16        0.000035576852     0.000002844910    -0.000015363460
      17       -0.000009869299    -0.000003217481     0.000034627764
      18        0.000007606361    -0.000039471028     0.000012026763
      19       -0.000017563506     0.000014978337    -0.000017718443
      20       -0.000001904426     0.000007622722    -0.000001527684
      21       -0.000017508689    -0.000000434203     0.000003973189
      22       -0.000003702240    -0.000004622218    -0.000000989665
      23       -0.000000761545    -0.000019263671    -0.000003124661
      24        0.000015396804     0.000017458562     0.000001116852
      25        0.000011542743    -0.000001089486     0.000006091832
      26        0.000012626564    -0.000004798493    -0.000012986624
      27        0.000012956592    -0.000005484843    -0.000007179442
      28        0.000002039224    -0.000007389737    -0.000005904521


*** tstop() called on LAPTOP-257FNSVV at Thu Sep 10 23:07:46 2026
Module time:
	user time   =        nan seconds =        nan minutes
	system time =        nan seconds =        nan minutes
	total time  =         20 seconds =       0.33 minutes
Total time:
	user time   =        nan seconds =        nan minutes
	system time =        nan seconds =        nan minutes
	total time  =        919 seconds =      15.32 minutes

    			-----------------------------------------

    			 OPTKING 3.0: for geometry optimizations 

    			     By R.A. King, Bethel University     

    			        with contributions from          

    			    A.V. Copan, J. Cayton, A. Heide      

    			-----------------------------------------

    
	                            ===> Fragment 1 <== 

	 Z (Atomic Numbers)          Masses                          Geom                  
	       6.000000            12.000000         -0.32287404 -1.11711682 -3.30268607   
	       6.000000            12.000000         -0.84636095 -0.15137914 -0.66314267   
	       7.000000            14.003074          0.87690974  0.56954308  0.91273237   
	       6.000000            12.000000          3.46818522  0.35535971  0.50430123   
	       6.000000            12.000000          4.65967934 -2.01163707  0.11575183   
	       6.000000            12.000000          7.29207301 -2.16443054 -0.13348620   
	       6.000000            12.000000          8.78646712  0.02503387 -0.03068034   
	       6.000000            12.000000          7.61839042  2.37860908  0.36162233   
	       6.000000            12.000000          4.99597856  2.54736757  0.65941568   
	       6.000000            12.000000         -3.53383836  0.05095458  0.16992138   
	       6.000000            12.000000         -5.55509070 -0.77422062 -1.36589056   
	       6.000000            12.000000         -8.06143294 -0.58050588 -0.52364006   
	       6.000000            12.000000         -8.58982493  0.44592466  1.86226645   
	       6.000000            12.000000         -6.59270859  1.27589040  3.40793780   
	       6.000000            12.000000         -4.09486122  1.07743964  2.57284991   
	       1.000000             1.007825         -0.88405166 -3.12817373 -3.49990090   
	       1.000000             1.007825         -1.44239323 -0.03788533 -4.70683559   
	       1.000000             1.007825          1.70253303 -0.95521806 -3.78171304   
	       1.000000             1.007825          3.49299266 -3.73205037  0.06401642   
	       1.000000             1.007825          8.18470533 -4.02285512 -0.41477765   
	       1.000000             1.007825         10.85129918 -0.10200407 -0.23566569   
	       1.000000             1.007825          8.77107768  4.10798344  0.45868162   
	       1.000000             1.007825          4.07015382  4.37558346  1.00581656   
	       1.000000             1.007825         -5.18346488 -1.58836716 -3.24045890   
	       1.000000             1.007825         -9.61224304 -1.23766263 -1.74377795   
	       1.000000             1.007825        -10.55694003   0.60035404   2.52045244 
	       1.000000             1.007825         -6.99518486  2.08448780  5.28187401   
	       1.000000             1.007825         -2.49917571  1.70897522  3.74501561   

	 - Coordinate -           - BOHR/RAD -       - ANG/DEG -
	 R(1,2)           =         2.858999           1.512917
	 R(1,16)          =         2.097180           1.109780
	 R(1,17)          =         2.095161           1.108711
	 R(1,18)          =         2.087571           1.104695
	 R(2,3)           =         2.443926           1.293270
	 R(2,10)          =         2.820899           1.492755
	 R(3,4)           =         2.631995           1.392792
	 R(4,5)           =         2.678302           1.417296
	 R(4,9)           =         2.676399           1.416289
	 R(5,6)           =         2.648577           1.401567
	 R(5,19)          =         2.079340           1.100340
	 R(6,7)           =         2.652836           1.403820
	 R(6,20)          =         2.080783           1.101103
	 R(7,8)           =         2.656618           1.405822
	 R(7,21)          =         2.078867           1.100089
	 R(8,9)           =         2.644656           1.399492
	 R(8,22)          =         2.080587           1.100999
	 R(9,23)          =         2.078345           1.099813
	 R(10,11)         =         2.669287           1.412526
	 R(10,15)         =         2.672543           1.414249
	 R(11,12)         =         2.651163           1.402935
	 R(11,24)         =         2.077245           1.099231
	 R(12,13)         =         2.650530           1.402600
	 R(12,25)         =         2.079809           1.100587
	 R(13,14)         =         2.658273           1.406698
	 R(13,26)         =         2.080048           1.100714
	 R(14,15)         =         2.641211           1.397669
	 R(14,27)         =         2.080253           1.100823
	 R(15,28)         =         2.078226           1.099750
	 B(1,2,3)         =         2.172261         124.461395
	 B(1,2,10)        =         2.061583         118.120000
	 B(2,1,16)        =         1.940931         111.207172
	 B(2,1,17)        =         1.925069         110.298355
	 B(2,1,18)        =         1.942609         111.303291
	 B(2,3,4)         =         2.177483         124.760575
	 B(2,10,11)       =         2.128597         121.959628
	 B(2,10,15)       =         2.086408         119.542401
	 B(3,2,10)        =         2.049005         117.399356
	 B(3,4,5)         =         2.132250         122.168914
	 B(3,4,9)         =         2.078721         119.101962
	 B(4,5,6)         =         2.102249         120.449997
	 B(4,5,19)        =         2.077406         119.026589
	 B(4,9,8)         =         2.102787         120.480806
	 B(4,9,23)        =         2.066690         118.412601
	 B(5,4,9)         =         2.069488         118.572937
	 B(5,6,7)         =         2.104376         120.571840
	 B(5,6,20)        =         2.083589         119.380861
	 B(6,5,19)        =         2.103175         120.503060
	 B(6,7,8)         =         2.081995         119.289515
	 B(6,7,21)        =         2.100479         120.348603
	 B(7,6,20)        =         2.095220         120.047237
	 B(7,8,9)         =         2.104990         120.607059
	 B(7,8,22)        =         2.094019         119.978443
	 B(8,7,21)        =         2.100661         120.358998
	 B(8,9,23)        =         2.113689         121.105446
	 B(9,8,22)        =         2.084112         119.410796
	 B(10,11,12)      =         2.106546         120.696205
	 B(10,11,24)      =         2.100083         120.325881
	 B(10,15,14)      =         2.107918         120.774778
	 B(10,15,28)      =         2.051789         117.558825
	 B(11,10,15)      =         2.068145         118.495982
	 B(11,12,13)      =         2.097554         120.180975
	 B(11,12,25)      =         2.089156         119.699802
	 B(12,11,24)      =         2.076545         118.977257
	 B(12,13,14)      =         2.088106         119.639641
	 B(12,13,26)      =         2.096842         120.140199
	 B(13,12,25)      =         2.096476         120.119222
	 B(13,14,15)      =         2.098097         120.212081
	 B(13,14,27)      =         2.094158         119.986420
	 B(14,13,26)      =         2.098238         120.220160
	 B(14,15,28)      =         2.123479         121.666363
	 B(15,14,27)      =         2.090931         119.801498
	 B(16,1,17)       =         1.862881         106.735206
	 B(16,1,18)       =         1.888524         108.204458
	 B(17,1,18)       =         1.901481         108.946826
	 D(1,2,3,4)       =        -0.104906          -6.010664
	 D(1,2,10,11)     =         0.069813           3.999976
	 D(1,2,10,15)     =        -3.080870        -176.520850
	 D(2,3,4,5)       =        -1.053161         -60.341706
	 D(2,3,4,9)       =         2.168881         124.267744
	 D(2,10,11,12)    =         3.131812         179.439586
	 D(2,10,11,24)    =        -0.004586          -0.262748
	 D(2,10,15,14)    =        -3.134970        -179.620531
	 D(2,10,15,28)    =         0.007773           0.445382
	 D(3,2,1,16)      =         2.010928         115.217678
	 D(3,2,1,17)      =        -2.208954        -126.563743
	 D(3,2,1,18)      =        -0.096201          -5.511915
	 D(3,2,10,11)     =        -3.098378        -177.523975
	 D(3,2,10,15)     =         0.034125           1.955199
	 D(3,4,5,6)       =        -3.072530        -176.043026
	 D(3,4,5,19)      =         0.040565           2.324206
	 D(3,4,9,8)       =         3.095606         177.365184
	 D(3,4,9,23)      =        -0.052714          -3.020268
	 D(4,3,2,10)      =         3.065139         175.619509
	 D(4,5,6,7)       =        -0.012492          -0.715720
	 D(4,5,6,20)      =        -3.152512        -180.625618
	 D(4,9,8,7)       =        -0.028958          -1.659174
	 D(4,9,8,22)      =         3.124853         179.040916
	 D(5,4,9,8)       =         0.031552           1.807769
	 D(5,4,9,23)      =        -3.116769        -178.577683
	 D(5,6,7,8)       =         0.015554           0.891175
	 D(5,6,7,21)      =         3.146403         180.275629
	 D(6,5,4,9)       =        -0.010979          -0.629051
	 D(6,7,8,9)       =         0.005134           0.294164
	 D(6,7,8,22)      =         3.134439         179.590107
	 D(7,6,5,19)      =        -3.125164        -179.058702
	 D(7,8,9,23)      =         3.119545         178.736779
	 D(8,7,6,20)      =        -3.127622        -179.199527
	 D(9,4,5,19)      =         3.102116         177.738180
	 D(9,8,7,21)      =        -3.125714        -179.090224
	 D(10,2,1,16)     =        -1.159306         -66.423326
	 D(10,2,1,17)     =         0.903998          51.795253
	 D(10,2,1,18)     =         3.016751         172.847081
	 D(10,11,12,13)   =         0.002853           0.163478
	 D(10,11,12,25)   =        -3.138802        -179.840079
	 D(10,15,14,13)   =         0.003024           0.173263
	 D(10,15,14,27)   =        -3.138722        -179.835523
	 D(11,10,15,14)   =        -0.002152          -0.123324
	 D(11,10,15,28)   =         3.140591         179.942589
	 D(11,12,13,14)   =        -0.001989          -0.113944
	 D(11,12,13,26)   =        -3.143450        -180.106430
	 D(12,11,10,15)   =        -0.000783          -0.044838
	 D(12,13,14,15)   =        -0.000930          -0.053304
	 D(12,13,14,27)   =        -3.142369        -180.044501
	 D(13,12,11,24)   =         3.139320         179.869774
	 D(13,14,15,28)   =        -3.139767        -179.895393
	 D(14,13,12,25)   =         3.139666         179.889628
	 D(15,10,11,24)   =        -3.137180        -179.747172
	 D(15,14,13,26)   =         3.140531         179.939177
	 D(19,5,6,20)     =         0.018001           1.031400
	 D(20,6,7,21)     =         0.003228           0.184927
	 D(21,7,8,22)     =         0.003590           0.205719
	 D(22,8,9,23)     =        -0.009828          -0.563131
	 D(24,11,12,25)   =        -0.002335          -0.133782
	 D(25,12,13,26)   =        -0.001795          -0.102859
	 D(26,13,14,27)   =        -0.000908          -0.052021
	 D(27,14,15,28)   =         0.001672           0.095820


	        --- Internal Coordinate Step in ANG or DEG, aJ/ANG or AJ/DEG ---
	-------------------------------------------------------------------------------
	           Coordinate      Previous         Force          Change          New 
	           ----------      --------        ------          ------        ------
	               R(1,2)       1.51292        0.00021       -0.00001       1.51291
	              R(1,16)       1.10978        0.00008       -0.00001       1.10977
	              R(1,17)       1.10871        0.00016        0.00006       1.10877
	              R(1,18)       1.10469        0.00000        0.00000       1.10470
	               R(2,3)       1.29327       -0.00031       -0.00015       1.29312
	              R(2,10)       1.49276        0.00013        0.00007       1.49282
	               R(3,4)       1.39279       -0.00033        0.00007       1.39286
	               R(4,5)       1.41730        0.00062        0.00001       1.41731
	               R(4,9)       1.41629        0.00021       -0.00004       1.41625
	               R(5,6)       1.40157        0.00018        0.00003       1.40159
	              R(5,19)       1.10034        0.00001        0.00002       1.10036
	               R(6,7)       1.40382        0.00008        0.00003       1.40385
	              R(6,20)       1.10110        0.00006        0.00001       1.10112
	               R(7,8)       1.40582        0.00018       -0.00001       1.40581
	              R(7,21)       1.10009        0.00015        0.00003       1.10012
	               R(8,9)       1.39949        0.00009        0.00007       1.39956
	              R(8,22)       1.10100        0.00005        0.00002       1.10102
	              R(9,23)       1.09981        0.00014        0.00003       1.09984
	             R(10,11)       1.41253       -0.00004       -0.00004       1.41248
	             R(10,15)       1.41425        0.00007       -0.00000       1.41424
	             R(11,12)       1.40293        0.00041        0.00007       1.40300
	             R(11,24)       1.09923        0.00005        0.00001       1.09925
	             R(12,13)       1.40260       -0.00008       -0.00002       1.40258
	             R(12,25)       1.10059        0.00010        0.00002       1.10061
	             R(13,14)       1.40670        0.00025        0.00004       1.40674
	             R(13,26)       1.10071        0.00013        0.00003       1.10074
	             R(14,15)       1.39767        0.00021        0.00003       1.39770
	             R(14,27)       1.10082        0.00008        0.00002       1.10084
	             R(15,28)       1.09975        0.00003        0.00001       1.09976
	             B(1,2,3)     124.46139        0.00000       -0.02944     124.43195
	            B(1,2,10)     118.12000        0.00000        0.01714     118.13714
	            B(2,1,16)     111.20717       -0.00000       -0.01964     111.18754
	            B(2,1,17)     110.29836        0.00000        0.01573     110.31408
	            B(2,1,18)     111.30329       -0.00000       -0.01009     111.29320
	             B(2,3,4)     124.76057        0.00001       -0.01766     124.74292
	           B(2,10,11)     121.95963        0.00000        0.00019     121.95982
	           B(2,10,15)     119.54240       -0.00000       -0.00816     119.53424
	            B(3,2,10)     117.39936       -0.00000        0.01320     117.41255
	             B(3,4,5)     122.16891        0.00001       -0.04396     122.12496
	             B(3,4,9)     119.10196       -0.00000        0.04173     119.14369
	             B(4,5,6)     120.45000        0.00000        0.00025     120.45024
	            B(4,5,19)     119.02659        0.00000       -0.00547     119.02112
	             B(4,9,8)     120.48081        0.00000       -0.00663     120.47417
	            B(4,9,23)     118.41260        0.00000        0.01989     118.43249
	             B(5,4,9)     118.57294       -0.00000        0.00528     118.57821
	             B(5,6,7)     120.57184       -0.00000       -0.00165     120.57019
	            B(5,6,20)     119.38086        0.00000       -0.00119     119.37967
	            B(6,5,19)     120.50306       -0.00000        0.00567     120.50873
	             B(6,7,8)     119.28951        0.00000       -0.00160     119.28791
	            B(6,7,21)     120.34860       -0.00000        0.00206     120.35066
	            B(7,6,20)     120.04724        0.00000        0.00284     120.05008
	             B(7,8,9)     120.60706        0.00000        0.00573     120.61279
	            B(7,8,22)     119.97844       -0.00000        0.00046     119.97890
	            B(8,7,21)     120.35900       -0.00000       -0.00026     120.35874
	            B(8,9,23)     121.10545       -0.00000       -0.01316     121.09229
	            B(9,8,22)     119.41080       -0.00000       -0.00608     119.40471
	          B(10,11,12)     120.69621       -0.00000       -0.00360     120.69261
	          B(10,11,24)     120.32588        0.00000        0.00817     120.33405
	          B(10,15,14)     120.77478       -0.00000       -0.00396     120.77082
	          B(10,15,28)     117.55883        0.00000        0.00602     117.56485
	          B(11,10,15)     118.49598        0.00000        0.00744     118.50343
	          B(11,12,13)     120.18098       -0.00000       -0.00128     120.17969
	          B(11,12,25)     119.69980        0.00000        0.00101     119.70081
	          B(12,11,24)     118.97726       -0.00000       -0.00452     118.97274
	          B(12,13,14)     119.63964        0.00000        0.00279     119.64243
	          B(12,13,26)     120.14020        0.00000        0.00232     120.14252
	          B(13,12,25)     120.11922       -0.00000        0.00027     120.11950
	          B(13,14,15)     120.21208       -0.00000       -0.00143     120.21065
	          B(13,14,27)     119.98642       -0.00000       -0.00420     119.98222
	          B(14,13,26)     120.22016       -0.00000       -0.00511     120.21505
	          B(14,15,28)     121.66636       -0.00000       -0.00208     121.66428
	          B(15,14,27)     119.80150        0.00000        0.00563     119.80712
	           B(16,1,17)     106.73521       -0.00000       -0.00341     106.73179
	           B(16,1,18)     108.20446        0.00000        0.04012     108.24458
	           B(17,1,18)     108.94683       -0.00000       -0.02225     108.92457
	           D(1,2,3,4)      -6.01066       -0.00000        0.08109      -5.92958
	         D(1,2,10,11)       3.99998        0.00000       -0.12728       3.87270
	         D(1,2,10,15)    -176.52085       -0.00000       -0.19177    -176.71262
	           D(2,3,4,5)     -60.34171       -0.00001       -0.73476     -61.07647
	           D(2,3,4,9)     124.26774       -0.00001       -0.78023     123.48751
	        D(2,10,11,12)     179.43959       -0.00000       -0.00683     179.43275
	        D(2,10,11,24)      -0.26275       -0.00000       -0.01998      -0.28273
	        D(2,10,15,14)    -179.62053        0.00000        0.01158    -179.60895
	        D(2,10,15,28)       0.44538        0.00000        0.03148       0.47686
	          D(3,2,1,16)     115.21768        0.00000        0.25866     115.47634
	          D(3,2,1,17)    -126.56374        0.00000        0.25213    -126.31161
	          D(3,2,1,18)      -5.51192       -0.00000        0.22795      -5.28397
	         D(3,2,10,11)    -177.52397        0.00000       -0.09193    -177.61591
	         D(3,2,10,15)       1.95520       -0.00000       -0.15643       1.79877
	           D(3,4,5,6)    -176.04303        0.00000       -0.01360    -176.05663
	          D(3,4,5,19)       2.32421       -0.00000        0.00441       2.32862
	           D(3,4,9,8)     177.36518        0.00000       -0.01073     177.35445
	          D(3,4,9,23)      -3.02027        0.00000        0.00733      -3.01293
	          D(4,3,2,10)     175.61951       -0.00000        0.04246     175.66197
	           D(4,5,6,7)      -0.71572       -0.00000        0.00620      -0.70952
	          D(4,5,6,20)    -180.62562       -0.00000        0.00670    -180.61892
	           D(4,9,8,7)      -1.65917        0.00000        0.03174      -1.62743
	          D(4,9,8,22)     179.04092        0.00000        0.02209     179.06301
	           D(5,4,9,8)       1.80777       -0.00000       -0.05221       1.75556
	          D(5,4,9,23)    -178.57768       -0.00000       -0.03414    -178.61182
	           D(5,6,7,8)       0.89117       -0.00000       -0.02746       0.86371
	          D(5,6,7,21)     180.27563       -0.00000       -0.00586     180.26977
	           D(6,5,4,9)      -0.62905        0.00000        0.03326      -0.59579
	           D(6,7,8,9)       0.29416        0.00000        0.00857       0.30273
	          D(6,7,8,22)     179.59011       -0.00000        0.01823     179.60834
	          D(7,6,5,19)    -179.05870        0.00000       -0.01190    -179.07060
	          D(7,8,9,23)     178.73678       -0.00000        0.01306     178.74984
	          D(8,7,6,20)    -179.19953        0.00000       -0.02796    -179.22749
	          D(9,4,5,19)     177.73818       -0.00000        0.05127     177.78945
	          D(9,8,7,21)    -179.09022        0.00000       -0.01305    -179.10327
	         D(10,2,1,16)     -66.42333        0.00000        0.29748     -66.12585
	         D(10,2,1,17)      51.79525        0.00000        0.29095      52.08620
	         D(10,2,1,18)     172.84708       -0.00000        0.26677     173.11385
	       D(10,11,12,13)       0.16348       -0.00000       -0.02894       0.13454
	       D(10,11,12,25)    -179.84008       -0.00000       -0.02642    -179.86650
	       D(10,15,14,13)       0.17326        0.00000        0.01607       0.18933
	       D(10,15,14,27)    -179.83552        0.00000        0.01007    -179.82545
	       D(11,10,15,14)      -0.12332       -0.00000       -0.05072      -0.17404
	       D(11,10,15,28)     179.94259       -0.00000       -0.03082     179.91177
	       D(11,12,13,14)      -0.11394       -0.00000       -0.00686      -0.12080
	       D(11,12,13,26)    -180.10643        0.00000        0.00825    -180.09818
	       D(12,11,10,15)      -0.04484        0.00000        0.05710       0.01226
	       D(12,13,14,15)      -0.05330        0.00000        0.01325      -0.04006
	       D(12,13,14,27)    -180.04450        0.00000        0.01925    -180.02525
	       D(13,12,11,24)     179.86977       -0.00000       -0.01593     179.85385
	       D(13,14,15,28)    -179.89539       -0.00000       -0.00465    -179.90004
	       D(14,13,12,25)     179.88963       -0.00000       -0.00939     179.88024
	       D(15,10,11,24)    -179.74717        0.00000        0.04395    -179.70322
	       D(15,14,13,26)     179.93918       -0.00000       -0.00187     179.93731
	         D(19,5,6,20)       1.03140        0.00000       -0.01140       1.02000
	         D(20,6,7,21)       0.18493        0.00000       -0.00636       0.17857
	         D(21,7,8,22)       0.20572       -0.00000       -0.00339       0.20233
	         D(22,8,9,23)      -0.56313        0.00000        0.00341      -0.55972
	       D(24,11,12,25)      -0.13378       -0.00000       -0.01341      -0.14719
	       D(25,12,13,26)      -0.10286        0.00000        0.00572      -0.09714
	       D(26,13,14,27)      -0.05202       -0.00000        0.00414      -0.04788
	       D(27,14,15,28)       0.09582       -0.00000       -0.01064       0.08518
	-------------------------------------------------------------------------------

	                                 ==> Convergence Check <==                                  
    
	Measures of convergence in internal coordinates in au.
    
	Criteria marked as inactive (o), active & met (*), and active & unmet ( ).

	----------------------------------------------------------------------------------------------
	   Step    Total Energy     Delta E     Max Force     RMS Force      Max Disp      RMS Disp   
	----------------------------------------------------------------------------------------------
	  Convergence Criteria              o    1.50e-05 *    1.00e-05 *    6.00e-05 *    4.00e-05 *
	----------------------------------------------------------------------------------------------
	    12    -594.90926698    1.43e-06 o    1.24e-04      2.31e-05      1.36e-02      1.95e-03    ~
	----------------------------------------------------------------------------------------------

Next Geometry in Ang 
	Fragment 1 (Ang)

	    C  -0.1697309837  -0.5854202531  -1.7483746992
	    C  -0.4477639555  -0.0786172950  -0.3502567970
	    N   0.4639695609   0.2993067697   0.4852559208
	    C   1.8352265261   0.1865935494   0.2684282914
	    C   2.4667972924  -1.0670422825   0.0727720119
	    C   3.8597168487  -1.1475570772  -0.0604695024
	    C   4.6493384049   0.0123596723  -0.0171637568
	    C   4.0300676229   1.2589151694   0.1800703345
	    C   2.6423772446   1.3482114305   0.3385409681
	    C  -1.8701754698   0.0275026756   0.0902015349
	    C  -2.9396069058  -0.4039394225  -0.7254485007
	    C  -4.2661350036  -0.3025893787  -0.2799496126
	    C  -4.5459169399   0.2336143082   0.9855327640
	    C  -3.4891154736   0.6668911941   1.8067203250
	    C  -2.1671312618   0.5631443286   1.3649541201
	    H  -0.4718155054  -1.6477031437  -1.8574070810
	    H  -0.7574229019  -0.0086111102  -2.4908641522
	    H   0.9030738253  -0.5034778203  -1.9988338657
	    H   1.8502290445  -1.9782368132   0.0539299646
	    H   4.3328946810  -2.1317571895  -0.2015839685
	    H   5.7419549978  -0.0545816559  -0.1265620185
	    H   4.6390581044   2.1751992777   0.2223877374
	    H   2.1518658855   2.3169269514   0.5135890561
	    H  -2.7428605549  -0.8295374092  -1.7196806369
	    H  -5.0867817972  -0.6458089927  -0.9280811216
	    H  -5.5869913673   0.3143340847   1.3337854995
	    H  -3.7023454108   1.0890093764   2.8008019641
	    H  -1.3227765078   0.8928710555   1.9877052207


    Structure for next step:
    Molecular point group: c1
    Full point group: C1

    Geometry (in Angstrom), charge = 0, multiplicity = 1:

    C           -0.169730983723    -0.585420253117    -1.748374699169
    C           -0.447763955495    -0.078617294953    -0.350256796980
    N            0.463969560894     0.299306769660     0.485255920849
    C            1.835226526125     0.186593549391     0.268428291373
    C            2.466797292431    -1.067042282482     0.072772011941
    C            3.859716848659    -1.147557077207    -0.060469502447
    C            4.649338404943     0.012359672313    -0.017163756794
    C            4.030067622882     1.258915169419     0.180070334493
    C            2.642377244560     1.348211430471     0.338540968117
    C           -1.870175469796     0.027502675622     0.090201534947
    C           -2.939606905831    -0.403939422533    -0.725448500690
    C           -4.266135003575    -0.302589378739    -0.279949612568
    C           -4.545916939887     0.233614308157     0.985532763977
    C           -3.489115473626     0.666891194073     1.806720325044
    C           -2.167131261771     0.563144328603     1.364954120104
    H           -0.471815505425    -1.647703143674    -1.857407081002
    H           -0.757422901897    -0.008611110193    -2.490864152227
    H            0.903073825290    -0.503477820287    -1.998833865709
    H            1.850229044523    -1.978236813215     0.053929964570
    H            4.332894681006    -2.131757189476    -0.201583968535
    H            5.741954997785    -0.054581655886    -0.126562018462
    H            4.639058104405     2.175199277680     0.222387737387
    H            2.151865885542     2.316926951407     0.513589056079
    H           -2.742860554897    -0.829537409158    -1.719680636919
    H           -5.086781797225    -0.645808992695    -0.928081121608
    H           -5.586991367324     0.314334084655     1.333785499498
    H           -3.702345410783     1.089009376445     2.800801964102
    H           -1.322776507789     0.892871055518     1.987705220729


Scratch directory: C:\Users\HUIWEI\Documents\Codex\2026-09-10\25-ee-phase5-phase24-1-hantzsch-3\work\qm_scratch\pbe_E_opt_01/
gradient() will perform analytic gradient computation.
   => Libint2 <=

    Primary   basis highest AM E, G, H:  7, 6, -
    Auxiliary basis highest AM E, G, H:  7, 7, -
    Onebody   basis highest AM E, G, H:  -, -, -
    Solid Harmonics ordering:            Gaussian

*** tstart() called on LAPTOP-257FNSVV
*** at Thu Sep 10 23:07:47 2026

   => Loading Basis Set <=

    Name: DEF2-SVP
    Role: ORBITAL
    Keyword: BASIS
    atoms 1-2, 4-15 entry C          line    90 file C:\Users\HUIWEI\miniconda3\envs\phase7\Library\share\psi4\basis\def2-svp.gbs 
    atoms 3         entry N          line   110 file C:\Users\HUIWEI\miniconda3\envs\phase7\Library\share\psi4\basis\def2-svp.gbs 
    atoms 16-28     entry H          line    15 file C:\Users\HUIWEI\miniconda3\envs\phase7\Library\share\psi4\basis\def2-svp.gbs 

   => PBE-D3(BJ): Empirical Dispersion <=

    Grimme's -D3 (BJ-damping) Dispersion Correction
    Grimme S.; Ehrlich S.; Goerigk L. (2011), J. Comput. Chem., 32: 1456

        s6 =       1.000000
        s8 =       0.787500
        a1 =       0.428900
        a2 =       4.440700


         ---------------------------------------------------------
                                   SCF
               by Justin Turney, Rob Parrish, Andy Simmonett
                          and Daniel G. A. Smith
                              RKS Reference
                        2 Threads,    476 MiB Core
         ---------------------------------------------------------

  ==> Geometry <==

    Molecular point group: c1
    Full point group: C1

    Geometry (in Angstrom), charge = 0, multiplicity = 1:

       Center              X                  Y                   Z               Mass       
    ------------   -----------------  -----------------  -----------------  -----------------
         C           -0.169730983723    -0.585420253117    -1.748374699169    12.000000000000
         C           -0.447763955495    -0.078617294953    -0.350256796980    12.000000000000
         N            0.463969560894     0.299306769660     0.485255920849    14.003074004430
         C            1.835226526125     0.186593549391     0.268428291373    12.000000000000
         C            2.466797292431    -1.067042282482     0.072772011941    12.000000000000
         C            3.859716848659    -1.147557077207    -0.060469502447    12.000000000000
         C            4.649338404943     0.012359672313    -0.017163756794    12.000000000000
         C            4.030067622882     1.258915169419     0.180070334493    12.000000000000
         C            2.642377244560     1.348211430471     0.338540968117    12.000000000000
         C           -1.870175469796     0.027502675622     0.090201534947    12.000000000000
         C           -2.939606905831    -0.403939422533    -0.725448500690    12.000000000000
         C           -4.266135003575    -0.302589378739    -0.279949612568    12.000000000000
         C           -4.545916939887     0.233614308157     0.985532763977    12.000000000000
         C           -3.489115473626     0.666891194073     1.806720325044    12.000000000000
         C           -2.167131261771     0.563144328603     1.364954120104    12.000000000000
         H           -0.471815505425    -1.647703143674    -1.857407081002     1.007825032230
         H           -0.757422901897    -0.008611110193    -2.490864152227     1.007825032230
         H            0.903073825290    -0.503477820287    -1.998833865709     1.007825032230
         H            1.850229044523    -1.978236813215     0.053929964570     1.007825032230
         H            4.332894681006    -2.131757189476    -0.201583968535     1.007825032230
         H            5.741954997785    -0.054581655886    -0.126562018462     1.007825032230
         H            4.639058104405     2.175199277680     0.222387737387     1.007825032230
         H            2.151865885542     2.316926951407     0.513589056079     1.007825032230
         H           -2.742860554897    -0.829537409158    -1.719680636919     1.007825032230
         H           -5.086781797225    -0.645808992695    -0.928081121608     1.007825032230
         H           -5.586991367324     0.314334084655     1.333785499498     1.007825032230
         H           -3.702345410783     1.089009376445     2.800801964102     1.007825032230
         H           -1.322776507789     0.892871055518     1.987705220729     1.007825032230

  Running in c1 symmetry.

  Rotational constants: A =      0.06390  B =      0.00895  C =      0.00833 [cm^-1]
  Rotational constants: A =   1915.76280  B =    268.37642  C =    249.76908 [MHz]
  Nuclear repulsion =  857.288272050659202

  Charge       = 0
  Multiplicity = 1
  Electrons    = 104
  Nalpha       = 52
  Nbeta        = 52

  ==> Algorithm <==

  SCF Algorithm Type is DF.
  DIIS enabled.
  MOM disabled.
  Fractional occupation disabled.
  Guess Type is READ.
  Energy threshold   = 1.00e-09
  Density threshold  = 1.00e-08
  Integral threshold = 1.00e-12

  ==> Primary Basis <==

  Basis Set: DEF2-SVP
    Blend: DEF2-SVP
    Number of shells: 129
    Number of basis functions: 275
    Number of Cartesian functions: 290
    Spherical Harmonics?: true
    Max angular momentum: 2

  ==> DFT Potential <==

   => LibXC <=

    Version 7.1.2
    S. Lehtola, C. Steigemann, M. J. T. Oliveira, and M. A. L. Marques,  SoftwareX 7, 1–5 (2018) (10.1016/j.softx.2017.11.002)

   => Composite Functional: PBE-D3BJ2B <= 

    PBE GGA Exchange-Correlation Functional

    J.P. Perdew et. al., Phys. Rev. Lett., 77(18), 3865-3868, 1996


    Deriv               =              1
    GGA                 =           TRUE
    Meta                =          FALSE

    Exchange Hybrid     =          FALSE
    MP2 Hybrid          =          FALSE

   => Exchange Functionals <=

    1.0000     XC_GGA_X_PBE

   => Correlation Functionals <=

    1.0000     XC_GGA_C_PBE

   => LibXC Density Thresholds  <==

    XC_GGA_C_PBE:  1.00E-12 
    XC_GGA_X_PBE:  1.00E-15 

   => Molecular Quadrature <=

    Radial Scheme          =       TREUTLER
    Pruning Scheme         =           NONE
    Nuclear Scheme         =       TREUTLER

    Blocking Scheme        =         OCTREE
    BS radius alpha        =              1
    Pruning alpha          =              1
    Radial Points          =             75
    Spherical Points       =            302
    Total Points           =         581488
    Total Blocks           =           4232
    Max Points             =            256
    Max Functions          =            219
    Weights Tolerance      =       1.00E-15

   => Loading Basis Set <=

    Name: (DEF2-SVP AUX)
    Role: JKFIT
    Keyword: DF_BASIS_SCF
    atoms 1-2, 4-15 entry C          line   198 file C:\Users\HUIWEI\miniconda3\envs\phase7\Library\share\psi4\basis\def2-universal-jkfit.gbs 
    atoms 3         entry N          line   258 file C:\Users\HUIWEI\miniconda3\envs\phase7\Library\share\psi4\basis\def2-universal-jkfit.gbs 
    atoms 16-28     entry H          line    18 file C:\Users\HUIWEI\miniconda3\envs\phase7\Library\share\psi4\basis\def2-universal-jkfit.gbs 

   => Loading Basis Set <=

    Name: DEF2-SVP
    Role: ORBITAL
    Keyword: BASIS
    atoms 1-2, 4-15 entry C          line    90 file C:\Users\HUIWEI\miniconda3\envs\phase7\Library\share\psi4\basis\def2-svp.gbs 
    atoms 3         entry N          line   110 file C:\Users\HUIWEI\miniconda3\envs\phase7\Library\share\psi4\basis\def2-svp.gbs 
    atoms 16-28     entry H          line    15 file C:\Users\HUIWEI\miniconda3\envs\phase7\Library\share\psi4\basis\def2-svp.gbs 

  Reading orbitals from file C:\Users\HUIWEI\Documents\Codex\2026-09-10\25-ee-phase5-phase24-1-hantzsch-3\work\qm_scratch\pbe_E_opt_01/psi4.default.35548.180.npy, no projection.

  ==> Integral Setup <==

  ==> DiskDFJK: Density-Fitted J/K Matrices <==

    J tasked:                  Yes
    K tasked:                   No
    wK tasked:                  No
    OpenMP threads:              2
    Integrals threads:           2
    Memory [MiB]:              344
    Algorithm:                Disk
    Integral Cache:           NONE
    Schwarz Cutoff:          1E-12
    Fitting Condition:       1E-10

   => Auxiliary Basis Set <=

  Basis Set: (DEF2-SVP AUX)
    Blend: DEF2-UNIVERSAL-JKFIT
    Number of shells: 453
    Number of basis functions: 1361
    Number of Cartesian functions: 1599
    Spherical Harmonics?: true
    Max angular momentum: 4

  Cached 0.6% of DFT collocation blocks in 0.013 [GiB].

  Minimum eigenvalue in the overlap matrix is 2.9651809491E-04.
  Reciprocal condition number of the overlap matrix is 4.6087502126E-05.
    Using symmetric orthogonalization.

  ==> Pre-Iterations <==

  SCF Guess: Orbitals guess was supplied from a previous computation.

   -------------------------------------------------------
    Irrep   Nso     Nmo     Nalpha   Nbeta   Ndocc  Nsocc
   -------------------------------------------------------
     A        275     275      52      52      52       0
   -------------------------------------------------------
    Total     275     275      52      52      52       0
   -------------------------------------------------------

  ==> Iterations <==

                           Total Energy        Delta E     RMS |[F,P]|

   @DF-RKS iter   0:  -594.90905018974343   -5.94909e+02   9.54261e-05 
   @DF-RKS iter   1:  -594.90926615081889   -2.15961e-04   7.90351e-06 DIIS
   @DF-RKS iter   2:  -594.90926379234463    2.35847e-06   1.07223e-05 DIIS
   @DF-RKS iter   3:  -594.90926689655964   -3.10422e-06   6.90645e-06 DIIS
   @DF-RKS iter   4:  -594.90926895022903   -2.05367e-06   1.27067e-06 DIIS
   @DF-RKS iter   5:  -594.90926901415037   -6.39213e-08   2.60286e-07 DIIS
   @DF-RKS iter   6:  -594.90926901627381   -2.12344e-09   1.31743e-07 DIIS
   @DF-RKS iter   7:  -594.90926901698276   -7.08951e-10   3.11633e-08 DIIS
   @DF-RKS iter   8:  -594.90926901701869   -3.59250e-11   9.52302e-09 DIIS
  Energy and wave function converged.


  ==> Post-Iterations <==

   Electrons on quadrature grid:
      Ntotal   =  103.9999809842 ; deviation = -1.902e-05 

    Orbital Energies [Eh]
    ---------------------

    Doubly Occupied:                                                      

       1A    -13.991748     2A     -9.955810     3A     -9.930458  
       4A     -9.911685     5A     -9.910362     6A     -9.909304  
       7A     -9.908340     8A     -9.906299     9A     -9.906250  
      10A     -9.902611    11A     -9.900082    12A     -9.899227  
      13A     -9.898540    14A     -9.895486    15A     -9.895173  
      16A     -0.848761    17A     -0.775550    18A     -0.756362  
      19A     -0.699479    20A     -0.671263    21A     -0.662539  
      22A     -0.655043    23A     -0.643049    24A     -0.573292  
      25A     -0.542330    26A     -0.537057    27A     -0.529278  
      28A     -0.492206    29A     -0.468470    30A     -0.441802  
      31A     -0.426131    32A     -0.411329    33A     -0.403774  
      34A     -0.395885    35A     -0.389356    36A     -0.383327  
      37A     -0.378162    38A     -0.373764    39A     -0.366494  
      40A     -0.345087    41A     -0.335709    42A     -0.327743  
      43A     -0.314651    44A     -0.308430    45A     -0.303531  
      46A     -0.300383    47A     -0.280613    48A     -0.252368  
      49A     -0.233943    50A     -0.225110    51A     -0.221821  
      52A     -0.186963  

    Virtual:                                                              

      53A     -0.086217    54A     -0.043477    55A     -0.035896  
      56A     -0.026780    57A      0.002205    58A      0.033965  
      59A      0.041908    60A      0.054818    61A      0.078140  
      62A      0.080638    63A      0.094694    64A      0.100276  
      65A      0.101439    66A      0.106984    67A      0.108169  
      68A      0.118262    69A      0.125570    70A      0.127554  
      71A      0.139410    72A      0.141640    73A      0.172147  
      74A      0.204477    75A      0.225401    76A      0.233871  
      77A      0.248361    78A      0.248961    79A      0.255094  
      80A      0.266493    81A      0.274072    82A      0.283694  
      83A      0.287552    84A      0.314545    85A      0.322966  
      86A      0.349185    87A      0.359789    88A      0.369514  
      89A      0.377451    90A      0.379945    91A      0.394197  
      92A      0.396242    93A      0.401556    94A      0.412762  
      95A      0.423227    96A      0.430224    97A      0.436348  
      98A      0.444179    99A      0.452016   100A      0.453071  
     101A      0.455786   102A      0.461400   103A      0.467389  
     104A      0.487493   105A      0.497782   106A      0.506502  
     107A      0.514301   108A      0.527845   109A      0.540025  
     110A      0.544319   111A      0.553583   112A      0.554686  
     113A      0.572041   114A      0.578705   115A      0.585319  
     116A      0.589801   117A      0.599710   118A      0.602948  
     119A      0.608326   120A      0.612911   121A      0.620742  
     122A      0.627547   123A      0.628997   124A      0.638510  
     125A      0.647209   126A      0.660727   127A      0.665820  
     128A      0.666457   129A      0.673493   130A      0.674197  
     131A      0.681984   132A      0.690671   133A      0.699694  
     134A      0.708231   135A      0.715171   136A      0.723834  
     137A      0.748843   138A      0.756507   139A      0.758268  
     140A      0.778714   141A      0.797316   142A      0.810866  
     143A      0.821970   144A      0.876435   145A      0.887640  
     146A      0.921112   147A      0.935761   148A      0.995898  
     149A      1.003960   150A      1.026232   151A      1.036918  
     152A      1.051238   153A      1.094224   154A      1.109937  
     155A      1.118219   156A      1.144214   157A      1.160929  
     158A      1.179682   159A      1.182175   160A      1.184718  
     161A      1.193088   162A      1.209311   163A      1.211285  
     164A      1.226732   165A      1.227773   166A      1.233308  
     167A      1.239447   168A      1.252230   169A      1.260573  
     170A      1.293203   171A      1.328745   172A      1.440428  
     173A      1.452395   174A      1.476558   175A      1.499081  
     176A      1.510422   177A      1.538143   178A      1.585261  
     179A      1.590050   180A      1.593190   181A      1.600569  
     182A      1.607010   183A      1.636372   184A      1.642938  
     185A      1.647763   186A      1.667455   187A      1.671370  
     188A      1.673533   189A      1.677573   190A      1.681149  
     191A      1.685120   192A      1.690131   193A      1.692933  
     194A      1.700034   195A      1.714273   196A      1.725273  
     197A      1.741623   198A      1.746949   199A      1.755150  
     200A      1.778891   201A      1.789732   202A      1.797833  
     203A      1.827690   204A      1.836246   205A      1.855596  
     206A      1.871922   207A      1.877108   208A      1.878447  
     209A      1.900477   210A      1.901268   211A      1.905657  
     212A      1.908732   213A      1.913315   214A      1.946483  
     215A      1.993387   216A      2.009942   217A      2.016675  
     218A      2.040458   219A      2.045742   220A      2.065109  
     221A      2.069122   222A      2.077318   223A      2.082809  
     224A      2.114054   225A      2.134369   226A      2.149331  
     227A      2.173558   228A      2.187626   229A      2.200810  
     230A      2.214957   231A      2.215656   232A      2.228706  
     233A      2.235213   234A      2.256514   235A      2.261333  
     236A      2.264516   237A      2.296469   238A      2.325579  
     239A      2.347924   240A      2.359631   241A      2.373596  
     242A      2.409866   243A      2.459223   244A      2.472550  
     245A      2.496381   246A      2.519419   247A      2.529864  
     248A      2.537750   249A      2.542326   250A      2.546197  
     251A      2.623757   252A      2.629526   253A      2.634022  
     254A      2.635471   255A      2.644033   256A      2.658035  
     257A      2.681181   258A      2.723083   259A      2.770532  
     260A      2.777678   261A      2.786202   262A      2.792445  
     263A      2.829136   264A      2.851501   265A      2.887955  
     266A      2.920528   267A      2.962262   268A      3.004218  
     269A      3.024609   270A      3.067118   271A      3.118179  
     272A      3.250464   273A      3.269542   274A      3.510017  
     275A      3.539301  

    Final Occupation by Irrep:
              A 
    DOCC [    52 ]
    NA   [    52 ]
    NB   [    52 ]

  @DF-RKS Final Energy:  -594.90926901701869

   => Energetics <=

    Nuclear Repulsion Energy =            857.2882720506592023
    One-Electron Energy =               -2503.9462849339415698
    Two-Electron Energy =                1138.4852918862620754
    DFT Exchange-Correlation Energy =     -86.7027114451039154
    Empirical Dispersion Energy =          -0.0338365748944187
    VV10 Nonlocal Energy =                  0.0000000000000000
    Total Energy =                       -594.9092690170186870

Computation Completed


Properties will be evaluated at   0.000000,   0.000000,   0.000000 [a0]

Properties computed using the SCF density matrix


 Multipole Moments:

 ------------------------------------------------------------------------------------
     Multipole            Electronic (a.u.)      Nuclear  (a.u.)        Total (a.u.)
 ------------------------------------------------------------------------------------

 L = 1.  Multiply by 2.5417464519 to convert [e a0] to [Debye]
 Dipole X            :         -1.8049130            1.3673247           -0.4375883
 Dipole Y            :        -10.3495953           10.1217014           -0.2278939
 Dipole Z            :        -24.2183764           23.6958861           -0.5224903
 Magnitude           :                                                    0.7186204

 ------------------------------------------------------------------------------------

*** tstop() called on LAPTOP-257FNSVV at Thu Sep 10 23:08:45 2026
Module time:
	user time   =        nan seconds =        nan minutes
	system time =        nan seconds =        nan minutes
	total time  =         58 seconds =       0.97 minutes
Total time:
	user time   =        nan seconds =        nan minutes
	system time =        nan seconds =        nan minutes
	total time  =        978 seconds =      16.30 minutes

*** tstart() called on LAPTOP-257FNSVV
*** at Thu Sep 10 23:08:45 2026


         ------------------------------------------------------------
                                   SCF GRAD                          
                          Rob Parrish, Justin Turney,                
                       Andy Simmonett, and Alex Sokolov              
         ------------------------------------------------------------

  ==> Geometry <==

    Molecular point group: c1
    Full point group: C1

    Geometry (in Angstrom), charge = 0, multiplicity = 1:

       Center              X                  Y                   Z               Mass       
    ------------   -----------------  -----------------  -----------------  -----------------
         C           -0.169730983723    -0.585420253117    -1.748374699169    12.000000000000
         C           -0.447763955495    -0.078617294953    -0.350256796980    12.000000000000
         N            0.463969560894     0.299306769660     0.485255920849    14.003074004430
         C            1.835226526125     0.186593549391     0.268428291373    12.000000000000
         C            2.466797292431    -1.067042282482     0.072772011941    12.000000000000
         C            3.859716848659    -1.147557077207    -0.060469502447    12.000000000000
         C            4.649338404943     0.012359672313    -0.017163756794    12.000000000000
         C            4.030067622882     1.258915169419     0.180070334493    12.000000000000
         C            2.642377244560     1.348211430471     0.338540968117    12.000000000000
         C           -1.870175469796     0.027502675622     0.090201534947    12.000000000000
         C           -2.939606905831    -0.403939422533    -0.725448500690    12.000000000000
         C           -4.266135003575    -0.302589378739    -0.279949612568    12.000000000000
         C           -4.545916939887     0.233614308157     0.985532763977    12.000000000000
         C           -3.489115473626     0.666891194073     1.806720325044    12.000000000000
         C           -2.167131261771     0.563144328603     1.364954120104    12.000000000000
         H           -0.471815505425    -1.647703143674    -1.857407081002     1.007825032230
         H           -0.757422901897    -0.008611110193    -2.490864152227     1.007825032230
         H            0.903073825290    -0.503477820287    -1.998833865709     1.007825032230
         H            1.850229044523    -1.978236813215     0.053929964570     1.007825032230
         H            4.332894681006    -2.131757189476    -0.201583968535     1.007825032230
         H            5.741954997785    -0.054581655886    -0.126562018462     1.007825032230
         H            4.639058104405     2.175199277680     0.222387737387     1.007825032230
         H            2.151865885542     2.316926951407     0.513589056079     1.007825032230
         H           -2.742860554897    -0.829537409158    -1.719680636919     1.007825032230
         H           -5.086781797225    -0.645808992695    -0.928081121608     1.007825032230
         H           -5.586991367324     0.314334084655     1.333785499498     1.007825032230
         H           -3.702345410783     1.089009376445     2.800801964102     1.007825032230
         H           -1.322776507789     0.892871055518     1.987705220729     1.007825032230

  Nuclear repulsion =  857.288272050659202

  ==> Basis Set <==

  Basis Set: DEF2-SVP
    Blend: DEF2-SVP
    Number of shells: 129
    Number of basis functions: 275
    Number of Cartesian functions: 290
    Spherical Harmonics?: true
    Max angular momentum: 2

  ==> DFJKGrad: Density-Fitted SCF Gradients <==

    Gradient:                    1
    J tasked:                  Yes
    K tasked:                   No
    wK tasked:                  No
    OpenMP threads:              2
    Integrals threads:           2
    Memory [MiB]:              357
    Schwarz Cutoff:          1E-12
    Fitting Condition:       1E-10

   => Auxiliary Basis Set <=

  Basis Set: (DEF2-SVP AUX)
    Blend: DEF2-UNIVERSAL-JKFIT
    Number of shells: 453
    Number of basis functions: 1361
    Number of Cartesian functions: 1599
    Spherical Harmonics?: true
    Max angular momentum: 4

  ==> DFT Potential <==

   => LibXC <=

    Version 7.1.2
    S. Lehtola, C. Steigemann, M. J. T. Oliveira, and M. A. L. Marques,  SoftwareX 7, 1–5 (2018) (10.1016/j.softx.2017.11.002)

   => Composite Functional: PBE-D3BJ2B <= 

    PBE GGA Exchange-Correlation Functional

    J.P. Perdew et. al., Phys. Rev. Lett., 77(18), 3865-3868, 1996


    Deriv               =              1
    GGA                 =           TRUE
    Meta                =          FALSE

    Exchange Hybrid     =          FALSE
    MP2 Hybrid          =          FALSE

   => Exchange Functionals <=

    1.0000     XC_GGA_X_PBE

   => Correlation Functionals <=

    1.0000     XC_GGA_C_PBE

   => LibXC Density Thresholds  <==

    XC_GGA_C_PBE:  1.00E-12 
    XC_GGA_X_PBE:  1.00E-15 

   => Molecular Quadrature <=

    Radial Scheme          =       TREUTLER
    Pruning Scheme         =           NONE
    Nuclear Scheme         =       TREUTLER

    Blocking Scheme        =         OCTREE
    BS radius alpha        =              1
    Pruning alpha          =              1
    Radial Points          =             75
    Spherical Points       =            302
    Total Points           =         581488
    Total Blocks           =           4232
    Max Points             =            256
    Max Functions          =            219
    Weights Tolerance      =       1.00E-15


  -Total Gradient:
     Atom            X                  Y                   Z
    ------   -----------------  -----------------  -----------------
       1       -0.000011471873     0.000016934876     0.000000351221
       2        0.000009427995    -0.000015044494    -0.000023881541
       3       -0.000043893288     0.000012090076     0.000025421457
       4        0.000053963152     0.000000141776     0.000017934181
       5        0.000013265155    -0.000014034673    -0.000005134829
       6       -0.000007358730    -0.000006264118     0.000000777644
       7        0.000001232118     0.000010794299     0.000005900128
       8        0.000007991226    -0.000007216498    -0.000006381022
       9       -0.000018287312    -0.000002479407    -0.000013192347
      10        0.000014813695     0.000034983886    -0.000018514005
      11       -0.000016908216    -0.000014149389     0.000010286724
      12        0.000009501209     0.000000109619    -0.000007904252
      13        0.000001419522     0.000004681623     0.000007986922
      14       -0.000004515986    -0.000004001671    -0.000004936788
      15       -0.000004866000    -0.000021173382     0.000012610487
      16        0.000002273740    -0.000002061582    -0.000001263904
      17        0.000003493833     0.000002569980    -0.000001174388
      18        0.000000587809     0.000000742421    -0.000003620047
      19        0.000005263200     0.000001183354     0.000006077646
      20        0.000004662577    -0.000002412945    -0.000000609248
      21        0.000003314526    -0.000000771732     0.000000370117
      22        0.000002158944     0.000003220204     0.000005263621
      23       -0.000000380550     0.000001846641     0.000003326755
      24        0.000004040281    -0.000003605968    -0.000001763651
      25       -0.000000801243     0.000000099803    -0.000002934052
      26       -0.000002207681    -0.000004943776    -0.000001059336
      27        0.000002282717    -0.000000149472     0.000002790154
      28        0.000003103700    -0.000002278152     0.000000289418


*** tstop() called on LAPTOP-257FNSVV at Thu Sep 10 23:08:59 2026
Module time:
	user time   =        nan seconds =        nan minutes
	system time =        nan seconds =        nan minutes
	total time  =         14 seconds =       0.23 minutes
Total time:
	user time   =        nan seconds =        nan minutes
	system time =        nan seconds =        nan minutes
	total time  =        992 seconds =      16.53 minutes

    			-----------------------------------------

    			 OPTKING 3.0: for geometry optimizations 

    			     By R.A. King, Bethel University     

    			        with contributions from          

    			    A.V. Copan, J. Cayton, A. Heide      

    			-----------------------------------------

    
	                            ===> Fragment 1 <== 

	 Z (Atomic Numbers)          Masses                          Geom                  
	       6.000000            12.000000         -0.32074507 -1.10628395 -3.30394935   
	       6.000000            12.000000         -0.84615124 -0.14856516 -0.66188942   
	       7.000000            14.003074          0.87677540  0.56560782  0.91700079   
	       6.000000            12.000000          3.46807551  0.35261071  0.50725596   
	       6.000000            12.000000          4.66157129 -2.01641768  0.13751917   
	       6.000000            12.000000          7.29380777 -2.16856859 -0.11427080   
	       6.000000            12.000000          8.78597625  0.02335640 -0.03243480   
	       6.000000            12.000000          7.61572407  2.37900489  0.34028362   
	       6.000000            12.000000          4.99336931  2.54775036  0.63974971   
	       6.000000            12.000000         -3.53411944  0.05197252  0.17045620   
	       6.000000            12.000000         -5.55505197 -0.76333488 -1.37089898   
	       6.000000            12.000000         -8.06182677 -0.57181105 -0.52902810   
	       6.000000            12.000000         -8.59053801  0.44146706  1.86238701   
	       6.000000            12.000000         -6.59347267  1.26024171  3.41420660   
	       6.000000            12.000000         -4.09528456  1.06418855  2.57938946   
	       1.000000             1.007825         -0.89160209 -3.11370768 -3.50999069   
	       1.000000             1.007825         -1.43132185 -0.01627264 -4.70705106   
	       1.000000             1.007825          1.70656220 -0.95143519 -3.77724858   
	       1.000000             1.007825          3.49642616 -3.73832579  0.10191286   
	       1.000000             1.007825          8.18798428 -4.02843725 -0.38093849   
	       1.000000             1.007825         10.85072237 -0.10314438 -0.23916755   
	       1.000000             1.007825          8.76654930  4.11053090  0.42025192   
	       1.000000             1.007825          4.06643718  4.37835739  0.97054266   
	       1.000000             1.007825         -5.18325525 -1.56759851 -3.24972543   
	       1.000000             1.007825         -9.61262446 -1.22040213 -1.75381914   
	       1.000000             1.007825        -10.55788355   0.59400533   2.52048930 
	       1.000000             1.007825         -6.99641885  2.05792947  5.29274864   
	       1.000000             1.007825         -2.49968532  1.68728176  3.75621849   

	 - Coordinate -           - BOHR/RAD -       - ANG/DEG -
	 R(1,2)           =         2.858978           1.512906
	 R(1,16)          =         2.097160           1.109769
	 R(1,17)          =         2.095280           1.108775
	 R(1,18)          =         2.087574           1.104697
	 R(2,3)           =         2.443648           1.293123
	 R(2,10)          =         2.821026           1.492823
	 R(3,4)           =         2.632127           1.392862
	 R(4,5)           =         2.678327           1.417309
	 R(4,9)           =         2.676325           1.416250
	 R(5,6)           =         2.648625           1.401592
	 R(5,19)          =         2.079375           1.100358
	 R(6,7)           =         2.652885           1.403846
	 R(6,20)          =         2.080811           1.101118
	 R(7,8)           =         2.656593           1.405809
	 R(7,21)          =         2.078922           1.100118
	 R(8,9)           =         2.644787           1.399561
	 R(8,22)          =         2.080619           1.101016
	 R(9,23)          =         2.078401           1.099842
	 R(10,11)         =         2.669208           1.412484
	 R(10,15)         =         2.672536           1.414245
	 R(11,12)         =         2.651292           1.403003
	 R(11,24)         =         2.077273           1.099245
	 R(12,13)         =         2.650497           1.402583
	 R(12,25)         =         2.079845           1.100607
	 R(13,14)         =         2.658346           1.406736
	 R(13,26)         =         2.080100           1.100741
	 R(14,15)         =         2.641269           1.397699
	 R(14,27)         =         2.080286           1.100840
	 R(15,28)         =         2.078247           1.099761
	 B(1,2,3)         =         2.171747         124.431951
	 B(1,2,10)        =         2.061882         118.137141
	 B(2,1,16)        =         1.940589         111.187535
	 B(2,1,17)        =         1.925344         110.314081
	 B(2,1,18)        =         1.942433         111.293203
	 B(2,3,4)         =         2.177175         124.742916
	 B(2,10,11)       =         2.128600         121.959819
	 B(2,10,15)       =         2.086266         119.534244
	 B(3,2,10)        =         2.049236         117.412554
	 B(3,4,5)         =         2.131483         122.124957
	 B(3,4,9)         =         2.079450         119.143690
	 B(4,5,6)         =         2.102253         120.450245
	 B(4,5,19)        =         2.077310         119.021120
	 B(4,9,8)         =         2.102671         120.474175
	 B(4,9,23)        =         2.067037         118.432493
	 B(5,4,9)         =         2.069580         118.578215
	 B(5,6,7)         =         2.104347         120.570187
	 B(5,6,20)        =         2.083568         119.379673
	 B(6,5,19)        =         2.103274         120.508726
	 B(6,7,8)         =         2.081967         119.287911
	 B(6,7,21)        =         2.100515         120.350663
	 B(7,6,20)        =         2.095269         120.050078
	 B(7,8,9)         =         2.105090         120.612786
	 B(7,8,22)        =         2.094027         119.978900
	 B(8,7,21)        =         2.100656         120.358740
	 B(8,9,23)        =         2.113459         121.092290
	 B(9,8,22)        =         2.084005         119.404713
	 B(10,11,12)      =         2.106483         120.692609
	 B(10,11,24)      =         2.100225         120.334051
	 B(10,15,14)      =         2.107848         120.770818
	 B(10,15,28)      =         2.051894         117.564847
	 B(11,10,15)      =         2.068275         118.503425
	 B(11,12,13)      =         2.097531         120.179695
	 B(11,12,25)      =         2.089173         119.700810
	 B(12,11,24)      =         2.076466         118.972741
	 B(12,13,14)      =         2.088154         119.642430
	 B(12,13,26)      =         2.096883         120.142519
	 B(13,12,25)      =         2.096481         120.119496
	 B(13,14,15)      =         2.098072         120.210651
	 B(13,14,27)      =         2.094085         119.982224
	 B(14,13,26)      =         2.098148         120.215047
	 B(14,15,28)      =         2.123442         121.664278
	 B(15,14,27)      =         2.091029         119.807124
	 B(16,1,17)       =         1.862821         106.731791
	 B(16,1,18)       =         1.889224         108.244577
	 B(17,1,18)       =         1.901092         108.924572
	 D(1,2,3,4)       =        -0.103491          -5.929578
	 D(1,2,10,11)     =         0.067591           3.872697
	 D(1,2,10,15)     =        -3.084217        -176.712622
	 D(2,3,4,5)       =        -1.065985         -61.076467
	 D(2,3,4,9)       =         2.155264         123.487509
	 D(2,10,11,12)    =         3.131692         179.432754
	 D(2,10,11,24)    =        -0.004935          -0.282730
	 D(2,10,15,14)    =        -3.134768        -179.608949
	 D(2,10,15,28)    =         0.008323           0.476860
	 D(3,2,1,16)      =         2.015442         115.476342
	 D(3,2,1,17)      =        -2.204554        -126.311612
	 D(3,2,1,18)      =        -0.092223          -5.283965
	 D(3,2,10,11)     =        -3.099982        -177.615910
	 D(3,2,10,15)     =         0.031394           1.798771
	 D(3,4,5,6)       =        -3.072768        -176.056629
	 D(3,4,5,19)      =         0.040642           2.328618
	 D(3,4,9,8)       =         3.095419         177.354450
	 D(3,4,9,23)      =        -0.052586          -3.012934
	 D(4,3,2,10)      =         3.065880         175.661970
	 D(4,5,6,7)       =        -0.012383          -0.709517
	 D(4,5,6,20)      =        -3.152395        -180.618920
	 D(4,9,8,7)       =        -0.028404          -1.627431
	 D(4,9,8,22)      =         3.125239         179.063010
	 D(5,4,9,8)       =         0.030640           1.755561
	 D(5,4,9,23)      =        -3.117364        -178.611823
	 D(5,6,7,8)       =         0.015075           0.863713
	 D(5,6,7,21)      =         3.146301         180.269772
	 D(6,5,4,9)       =        -0.010399          -0.595795
	 D(6,7,8,9)       =         0.005284           0.302735
	 D(6,7,8,22)      =         3.134757         179.608337
	 D(7,6,5,19)      =        -3.125372        -179.070600
	 D(7,8,9,23)      =         3.119773         178.749839
	 D(8,7,6,20)      =        -3.128110        -179.227491
	 D(9,4,5,19)      =         3.103011         177.789452
	 D(9,8,7,21)      =        -3.125942        -179.103275
	 D(10,2,1,16)     =        -1.154114         -66.125846
	 D(10,2,1,17)     =         0.909076          52.086201
	 D(10,2,1,18)     =         3.021407         173.113847
	 D(10,11,12,13)   =         0.002348           0.134540
	 D(10,11,12,25)   =        -3.139263        -179.866498
	 D(10,15,14,13)   =         0.003304           0.189333
	 D(10,15,14,27)   =        -3.138546        -179.825451
	 D(11,10,15,14)   =        -0.003038          -0.174040
	 D(11,10,15,28)   =         3.140053         179.911769
	 D(11,12,13,14)   =        -0.002108          -0.120800
	 D(11,12,13,26)   =        -3.143306        -180.098182
	 D(12,11,10,15)   =         0.000214           0.012260
	 D(12,13,14,15)   =        -0.000699          -0.040057
	 D(12,13,14,27)   =        -3.142033        -180.025248
	 D(13,12,11,24)   =         3.139042         179.853847
	 D(13,14,15,28)   =        -3.139848        -179.900040
	 D(14,13,12,25)   =         3.139502         179.880243
	 D(15,10,11,24)   =        -3.136413        -179.703224
	 D(15,14,13,26)   =         3.140498         179.937308
	 D(19,5,6,20)     =         0.017802           1.019997
	 D(20,6,7,21)     =         0.003117           0.178568
	 D(21,7,8,22)     =         0.003531           0.202327
	 D(22,8,9,23)     =        -0.009769          -0.559721
	 D(24,11,12,25)   =        -0.002569          -0.147191
	 D(25,12,13,26)   =        -0.001695          -0.097139
	 D(26,13,14,27)   =        -0.000836          -0.047883
	 D(27,14,15,28)   =         0.001487           0.085176


	        --- Internal Coordinate Step in ANG or DEG, aJ/ANG or AJ/DEG ---
	-------------------------------------------------------------------------------
	           Coordinate      Previous         Force          Change          New 
	           ----------      --------        ------          ------        ------
	               R(1,2)       1.51291        0.00002        0.00003       1.51293
	              R(1,16)       1.10977       -0.00002        0.00001       1.10978
	              R(1,17)       1.10877       -0.00000       -0.00001       1.10876
	              R(1,18)       1.10470        0.00000       -0.00000       1.10469
	               R(2,3)       1.29312       -0.00019        0.00003       1.29315
	              R(2,10)       1.49282       -0.00004       -0.00003       1.49279
	               R(3,4)       1.39286       -0.00044       -0.00014       1.39272
	               R(4,5)       1.41731       -0.00015        0.00002       1.41733
	               R(4,9)       1.41625        0.00008        0.00005       1.41630
	               R(5,6)       1.40159        0.00002        0.00000       1.40160
	              R(5,19)       1.10036        0.00003       -0.00000       1.10036
	               R(6,7)       1.40385       -0.00006       -0.00002       1.40383
	              R(6,20)       1.10112       -0.00003       -0.00001       1.10111
	               R(7,8)       1.40581        0.00002        0.00002       1.40583
	              R(7,21)       1.10012       -0.00002       -0.00000       1.10011
	               R(8,9)       1.39956       -0.00007       -0.00004       1.39952
	              R(8,22)       1.10102       -0.00003       -0.00001       1.10101
	              R(9,23)       1.09984       -0.00002       -0.00001       1.09984
	             R(10,11)       1.41248       -0.00008        0.00000       1.41248
	             R(10,15)       1.41424       -0.00005        0.00000       1.41425
	             R(11,12)       1.40300        0.00003        0.00000       1.40301
	             R(11,24)       1.09925       -0.00002       -0.00001       1.09924
	             R(12,13)       1.40258       -0.00005       -0.00001       1.40257
	             R(12,25)       1.10061       -0.00002       -0.00000       1.10060
	             R(13,14)       1.40674        0.00002        0.00000       1.40674
	             R(13,26)       1.10074       -0.00002       -0.00001       1.10074
	             R(14,15)       1.39770       -0.00003       -0.00001       1.39769
	             R(14,27)       1.10084       -0.00002       -0.00001       1.10083
	             R(15,28)       1.09976       -0.00001       -0.00001       1.09976
	             B(1,2,3)     124.43195       -0.00000        0.00753     124.43948
	            B(1,2,10)     118.13714        0.00000       -0.00382     118.13332
	            B(2,1,16)     111.18754        0.00000        0.00375     111.19128
	            B(2,1,17)     110.31408       -0.00000       -0.00199     110.31209
	            B(2,1,18)     111.29320       -0.00000        0.00281     111.29602
	             B(2,3,4)     124.74292       -0.00000        0.02144     124.76436
	           B(2,10,11)     121.95982       -0.00000       -0.00114     121.95868
	           B(2,10,15)     119.53424       -0.00000        0.00074     119.53498
	            B(3,2,10)     117.41255        0.00000       -0.00388     117.40868
	             B(3,4,5)     122.12496       -0.00000        0.02468     122.14963
	             B(3,4,9)     119.14369        0.00000       -0.02019     119.12350
	             B(4,5,6)     120.45024        0.00000        0.00260     120.45284
	            B(4,5,19)     119.02112       -0.00000        0.00456     119.02568
	             B(4,9,8)     120.47417        0.00000        0.00524     120.47941
	            B(4,9,23)     118.43249       -0.00000       -0.00872     118.42377
	             B(5,4,9)     118.57821       -0.00000       -0.00662     118.57159
	             B(5,6,7)     120.57019        0.00000       -0.00026     120.56993
	            B(5,6,20)     119.37967       -0.00000        0.00021     119.37989
	            B(6,5,19)     120.50873        0.00000       -0.00736     120.50136
	             B(6,7,8)     119.28791       -0.00000        0.00112     119.28903
	            B(6,7,21)     120.35066        0.00000       -0.00024     120.35042
	            B(7,6,20)     120.05008        0.00000        0.00005     120.05012
	             B(7,8,9)     120.61279       -0.00000       -0.00271     120.61007
	            B(7,8,22)     119.97890       -0.00000       -0.00065     119.97825
	            B(8,7,21)     120.35874       -0.00000       -0.00099     120.35775
	            B(8,9,23)     121.09229       -0.00000        0.00345     121.09574
	            B(9,8,22)     119.40471        0.00000        0.00334     119.40806
	          B(10,11,12)     120.69261       -0.00000       -0.00042     120.69219
	          B(10,11,24)     120.33405        0.00000        0.00127     120.33532
	          B(10,15,14)     120.77082       -0.00000       -0.00053     120.77029
	          B(10,15,28)     117.56485        0.00000       -0.00039     117.56445
	          B(11,10,15)     118.50343        0.00000        0.00062     118.50404
	          B(11,12,13)     120.17969       -0.00000       -0.00024     120.17945
	          B(11,12,25)     119.70081        0.00000        0.00011     119.70092
	          B(12,11,24)     118.97274        0.00000       -0.00089     118.97185
	          B(12,13,14)     119.64243        0.00000        0.00046     119.64289
	          B(12,13,26)     120.14252        0.00000        0.00087     120.14339
	          B(13,12,25)     120.11950        0.00000        0.00013     120.11963
	          B(13,14,15)     120.21065       -0.00000        0.00013     120.21078
	          B(13,14,27)     119.98222       -0.00000       -0.00133     119.98090
	          B(14,13,26)     120.21505       -0.00000       -0.00133     120.21372
	          B(14,15,28)     121.66428        0.00000        0.00093     121.66521
	          B(15,14,27)     119.80712        0.00000        0.00119     119.80832
	           B(16,1,17)     106.73179       -0.00000       -0.00276     106.72903
	           B(16,1,18)     108.24458        0.00000       -0.00615     108.23843
	           B(17,1,18)     108.92457        0.00000        0.00409     108.92866
	           D(1,2,3,4)      -5.92958        0.00000       -0.03433      -5.96391
	         D(1,2,10,11)       3.87270       -0.00000        0.05121       3.92391
	         D(1,2,10,15)    -176.71262        0.00000        0.07756    -176.63506
	           D(2,3,4,5)     -61.07647        0.00000        0.35397     -60.72249
	           D(2,3,4,9)     123.48751        0.00000        0.38604     123.87355
	        D(2,10,11,12)     179.43275        0.00000        0.00169     179.43444
	        D(2,10,11,24)      -0.28273        0.00000        0.01129      -0.27144
	        D(2,10,15,14)    -179.60895       -0.00000       -0.00435    -179.61330
	        D(2,10,15,28)       0.47686       -0.00000       -0.01189       0.46497
	          D(3,2,1,16)     115.47634       -0.00000       -0.10448     115.37186
	          D(3,2,1,17)    -126.31161       -0.00000       -0.10683    -126.41845
	          D(3,2,1,18)      -5.28397       -0.00000       -0.10115      -5.38511
	         D(3,2,10,11)    -177.61591       -0.00000        0.04446    -177.57145
	         D(3,2,10,15)       1.79877        0.00000        0.07080       1.86957
	           D(3,4,5,6)    -176.05663        0.00000        0.01167    -176.04496
	          D(3,4,5,19)       2.32862        0.00000        0.00333       2.33195
	           D(3,4,9,8)     177.35445       -0.00000       -0.00252     177.35193
	          D(3,4,9,23)      -3.01293       -0.00000       -0.00805      -3.02099
	          D(4,3,2,10)     175.66197        0.00000       -0.02690     175.63507
	           D(4,5,6,7)      -0.70952        0.00000        0.00083      -0.70869
	          D(4,5,6,20)    -180.61892        0.00000       -0.00164    -180.62056
	           D(4,9,8,7)      -1.62743        0.00000       -0.01297      -1.64040
	          D(4,9,8,22)     179.06301       -0.00000       -0.01096     179.05205
	           D(5,4,9,8)       1.75556        0.00000        0.02692       1.78248
	          D(5,4,9,23)    -178.61182        0.00000        0.02138    -178.59044
	           D(5,6,7,8)       0.86371        0.00000        0.01360       0.87732
	          D(5,6,7,21)     180.26977       -0.00000        0.00123     180.27100
	           D(6,5,4,9)      -0.59579       -0.00000       -0.02083      -0.61663
	           D(6,7,8,9)       0.30273       -0.00000       -0.00760       0.29513
	          D(6,7,8,22)     179.60834        0.00000       -0.00959     179.59875
	          D(7,6,5,19)    -179.07060       -0.00000        0.00909    -179.06151
	          D(7,8,9,23)     178.74984        0.00000       -0.00724     178.74260
	          D(8,7,6,20)    -179.22749       -0.00000        0.01608    -179.21141
	          D(9,4,5,19)     177.78945        0.00000       -0.02917     177.76029
	          D(9,8,7,21)    -179.10327       -0.00000        0.00477    -179.09851
	         D(10,2,1,16)     -66.12585        0.00000       -0.11196     -66.23780
	         D(10,2,1,17)      52.08620        0.00000       -0.11431      51.97189
	         D(10,2,1,18)     173.11385        0.00000       -0.10862     173.00523
	       D(10,11,12,13)       0.13454        0.00000        0.01366       0.14820
	       D(10,11,12,25)    -179.86650        0.00000        0.01076    -179.85574
	       D(10,15,14,13)       0.18933       -0.00000       -0.00698       0.18236
	       D(10,15,14,27)    -179.82545       -0.00000       -0.00626    -179.83171
	       D(11,10,15,14)      -0.17404        0.00000        0.02108      -0.15296
	       D(11,10,15,28)     179.91177        0.00000        0.01354     179.92531
	       D(11,12,13,14)      -0.12080        0.00000        0.00093      -0.11987
	       D(11,12,13,26)    -180.09818       -0.00000       -0.00584    -180.10402
	       D(12,11,10,15)       0.01226       -0.00000       -0.02440      -0.01214
	       D(12,13,14,15)      -0.04006       -0.00000       -0.00425      -0.04431
	       D(12,13,14,27)    -180.02525       -0.00000       -0.00497    -180.03022
	       D(13,12,11,24)     179.85385        0.00000        0.00420     179.85805
	       D(13,14,15,28)    -179.90004       -0.00000        0.00087    -179.89917
	       D(14,13,12,25)     179.88024        0.00000        0.00385     179.88409
	       D(15,10,11,24)    -179.70322       -0.00000       -0.01480    -179.71802
	       D(15,14,13,26)     179.93731        0.00000        0.00252     179.93983
	         D(19,5,6,20)       1.02000       -0.00000        0.00663       1.02662
	         D(20,6,7,21)       0.17857       -0.00000        0.00371       0.18228
	         D(21,7,8,22)       0.20233        0.00000        0.00278       0.20511
	         D(22,8,9,23)      -0.55972       -0.00000       -0.00523      -0.56495
	       D(24,11,12,25)      -0.14719        0.00000        0.00130      -0.14589
	       D(25,12,13,26)      -0.09714       -0.00000       -0.00292      -0.10006
	       D(26,13,14,27)      -0.04788        0.00000        0.00180      -0.04609
	       D(27,14,15,28)       0.08518       -0.00000        0.00159       0.08677
	-------------------------------------------------------------------------------

	                                 ==> Convergence Check <==                                  
    
	Measures of convergence in internal coordinates in au.
    
	Criteria marked as inactive (o), active & met (*), and active & unmet ( ).

	----------------------------------------------------------------------------------------------
	   Step    Total Energy     Delta E     Max Force     RMS Force      Max Disp      RMS Disp   
	----------------------------------------------------------------------------------------------
	  Convergence Criteria              o    1.50e-05 *    1.00e-05 *    6.00e-05 *    4.00e-05 *
	----------------------------------------------------------------------------------------------
	    13    -594.90926902   -2.04e-06 o    5.35e-05      8.76e-06 *    6.74e-03      9.07e-04    ~
	----------------------------------------------------------------------------------------------

Next Geometry in Ang 
	Fragment 1 (Ang)

	    C  -0.1703703728  -0.5883433165  -1.7482853461
	    C  -0.4479071382  -0.0792735495  -0.3508643985
	    N   0.4640054476   0.3003488592   0.4837288829
	    C   1.8351721366   0.1873321189   0.2674008526
	    C   2.4663446554  -1.0657903947   0.0671058216
	    C   3.8593452413  -1.1464646951  -0.0652350057
	    C   4.6495023418   0.0128448104  -0.0164055370
	    C   4.0307295771   1.2588833497   0.1857522439
	    C   2.6429951334   1.3481683605   0.3434796705
	    C  -1.8701545415   0.0273045966   0.0899154899
	    C  -2.9397150420  -0.4066615570  -0.7242266843
	    C  -4.2661136069  -0.3047700120  -0.2784542947
	    C  -4.5456387876   0.2347581380   0.9856613077
	    C  -3.4887214691   0.6708500564   1.8052149232
	    C  -2.1668680111   0.5665099722   1.3632229680
	    H  -0.4704598971  -1.6514440655  -1.8549321898
	    H  -0.7600330382  -0.0141962846  -2.4912571386
	    H   0.9019986654  -0.5048701211  -2.0000885357
	    H   1.8494601533  -1.9766728759   0.0440598065
	    H   4.3321512796  -2.1303073440  -0.2099801994
	    H   5.7421764107  -0.0541985036  -0.1251325354
	    H   4.6401841769   2.1746287394   0.2325760238
	    H   2.1527704153   2.3163028739   0.5224648004
	    H  -2.7431851318  -0.8348201881  -1.7173928892
	    H  -5.0868536177  -0.6501418660  -0.9253152087
	    H  -5.5866042400   0.3159955899   1.3341020816
	    H  -3.7017893069   1.0956546165   2.7981802701
	    H  -1.3224214336   0.8983726918   1.9847048204


    Structure for next step:
    Molecular point group: c1
    Full point group: C1

    Geometry (in Angstrom), charge = 0, multiplicity = 1:

    C           -0.170370372796    -0.588343316516    -1.748285346113
    C           -0.447907138167    -0.079273549459    -0.350864398547
    N            0.464005447640     0.300348859177     0.483728882919
    C            1.835172136599     0.187332118865     0.267400852628
    C            2.466344655419    -1.065790394687     0.067105821564
    C            3.859345241310    -1.146464695141    -0.065235005654
    C            4.649502341786     0.012844810402    -0.016405537044
    C            4.030729577127     1.258883349681     0.185752243934
    C            2.642995133396     1.348168360548     0.343479670476
    C           -1.870154541527     0.027304596624     0.089915489894
    C           -2.939715042014    -0.406661557032    -0.724226684256
    C           -4.266113606872    -0.304770012044    -0.278454294704
    C           -4.545638787614     0.234758138022     0.985661307692
    C           -3.488721469141     0.670850056365     1.805214923151
    C           -2.166868011134     0.566509972227     1.363222968048
    H           -0.470459897122    -1.651444065505    -1.854932189759
    H           -0.760033038171    -0.014196284584    -2.491257138607
    H            0.901998665428    -0.504870121098    -2.000088535716
    H            1.849460153259    -1.976672875859     0.044059806536
    H            4.332151279647    -2.130307343999    -0.209980199441
    H            5.742176410721    -0.054198503630    -0.125132535420
    H            4.640184176857     2.174628739375     0.232576023817
    H            2.152770415288     2.316302873899     0.522464800445
    H           -2.743185131761    -0.834820188050    -1.717392889169
    H           -5.086853617690    -0.650141865950    -0.925315208724
    H           -5.586604239973     0.315995589927     1.334102081580
    H           -3.701789306895     1.095654616458     2.798180270143
    H           -1.322421433599     0.898372691785     1.984704820428


Scratch directory: C:\Users\HUIWEI\Documents\Codex\2026-09-10\25-ee-phase5-phase24-1-hantzsch-3\work\qm_scratch\pbe_E_opt_01/
gradient() will perform analytic gradient computation.
   => Libint2 <=

    Primary   basis highest AM E, G, H:  7, 6, -
    Auxiliary basis highest AM E, G, H:  7, 7, -
    Onebody   basis highest AM E, G, H:  -, -, -
    Solid Harmonics ordering:            Gaussian

*** tstart() called on LAPTOP-257FNSVV
*** at Thu Sep 10 23:09:00 2026

   => Loading Basis Set <=

    Name: DEF2-SVP
    Role: ORBITAL
    Keyword: BASIS
    atoms 1-2, 4-15 entry C          line    90 file C:\Users\HUIWEI\miniconda3\envs\phase7\Library\share\psi4\basis\def2-svp.gbs 
    atoms 3         entry N          line   110 file C:\Users\HUIWEI\miniconda3\envs\phase7\Library\share\psi4\basis\def2-svp.gbs 
    atoms 16-28     entry H          line    15 file C:\Users\HUIWEI\miniconda3\envs\phase7\Library\share\psi4\basis\def2-svp.gbs 

   => PBE-D3(BJ): Empirical Dispersion <=

    Grimme's -D3 (BJ-damping) Dispersion Correction
    Grimme S.; Ehrlich S.; Goerigk L. (2011), J. Comput. Chem., 32: 1456

        s6 =       1.000000
        s8 =       0.787500
        a1 =       0.428900
        a2 =       4.440700


         ---------------------------------------------------------
                                   SCF
               by Justin Turney, Rob Parrish, Andy Simmonett
                          and Daniel G. A. Smith
                              RKS Reference
                        2 Threads,    476 MiB Core
         ---------------------------------------------------------

  ==> Geometry <==

    Molecular point group: c1
    Full point group: C1

    Geometry (in Angstrom), charge = 0, multiplicity = 1:

       Center              X                  Y                   Z               Mass       
    ------------   -----------------  -----------------  -----------------  -----------------
         C           -0.170370372796    -0.588343316516    -1.748285346113    12.000000000000
         C           -0.447907138167    -0.079273549459    -0.350864398547    12.000000000000
         N            0.464005447640     0.300348859177     0.483728882919    14.003074004430
         C            1.835172136599     0.187332118865     0.267400852628    12.000000000000
         C            2.466344655419    -1.065790394687     0.067105821564    12.000000000000
         C            3.859345241310    -1.146464695141    -0.065235005654    12.000000000000
         C            4.649502341786     0.012844810402    -0.016405537044    12.000000000000
         C            4.030729577127     1.258883349681     0.185752243934    12.000000000000
         C            2.642995133396     1.348168360548     0.343479670476    12.000000000000
         C           -1.870154541527     0.027304596624     0.089915489894    12.000000000000
         C           -2.939715042014    -0.406661557032    -0.724226684256    12.000000000000
         C           -4.266113606872    -0.304770012044    -0.278454294704    12.000000000000
         C           -4.545638787614     0.234758138022     0.985661307692    12.000000000000
         C           -3.488721469141     0.670850056365     1.805214923151    12.000000000000
         C           -2.166868011134     0.566509972227     1.363222968048    12.000000000000
         H           -0.470459897122    -1.651444065505    -1.854932189759     1.007825032230
         H           -0.760033038171    -0.014196284584    -2.491257138607     1.007825032230
         H            0.901998665428    -0.504870121098    -2.000088535716     1.007825032230
         H            1.849460153259    -1.976672875859     0.044059806536     1.007825032230
         H            4.332151279647    -2.130307343999    -0.209980199441     1.007825032230
         H            5.742176410721    -0.054198503630    -0.125132535420     1.007825032230
         H            4.640184176857     2.174628739375     0.232576023817     1.007825032230
         H            2.152770415288     2.316302873899     0.522464800445     1.007825032230
         H           -2.743185131761    -0.834820188050    -1.717392889169     1.007825032230
         H           -5.086853617690    -0.650141865950    -0.925315208724     1.007825032230
         H           -5.586604239973     0.315995589927     1.334102081580     1.007825032230
         H           -3.701789306895     1.095654616458     2.798180270143     1.007825032230
         H           -1.322421433599     0.898372691785     1.984704820428     1.007825032230

  Running in c1 symmetry.

  Rotational constants: A =      0.06389  B =      0.00895  C =      0.00833 [cm^-1]
  Rotational constants: A =   1915.34190  B =    268.46073  C =    249.69424 [MHz]
  Nuclear repulsion =  857.292061042708156

  Charge       = 0
  Multiplicity = 1
  Electrons    = 104
  Nalpha       = 52
  Nbeta        = 52

  ==> Algorithm <==

  SCF Algorithm Type is DF.
  DIIS enabled.
  MOM disabled.
  Fractional occupation disabled.
  Guess Type is READ.
  Energy threshold   = 1.00e-09
  Density threshold  = 1.00e-08
  Integral threshold = 1.00e-12

  ==> Primary Basis <==

  Basis Set: DEF2-SVP
    Blend: DEF2-SVP
    Number of shells: 129
    Number of basis functions: 275
    Number of Cartesian functions: 290
    Spherical Harmonics?: true
    Max angular momentum: 2

  ==> DFT Potential <==

   => LibXC <=

    Version 7.1.2
    S. Lehtola, C. Steigemann, M. J. T. Oliveira, and M. A. L. Marques,  SoftwareX 7, 1–5 (2018) (10.1016/j.softx.2017.11.002)

   => Composite Functional: PBE-D3BJ2B <= 

    PBE GGA Exchange-Correlation Functional

    J.P. Perdew et. al., Phys. Rev. Lett., 77(18), 3865-3868, 1996


    Deriv               =              1
    GGA                 =           TRUE
    Meta                =          FALSE

    Exchange Hybrid     =          FALSE
    MP2 Hybrid          =          FALSE

   => Exchange Functionals <=

    1.0000     XC_GGA_X_PBE

   => Correlation Functionals <=

    1.0000     XC_GGA_C_PBE

   => LibXC Density Thresholds  <==

    XC_GGA_C_PBE:  1.00E-12 
    XC_GGA_X_PBE:  1.00E-15 

   => Molecular Quadrature <=

    Radial Scheme          =       TREUTLER
    Pruning Scheme         =           NONE
    Nuclear Scheme         =       TREUTLER

    Blocking Scheme        =         OCTREE
    BS radius alpha        =              1
    Pruning alpha          =              1
    Radial Points          =             75
    Spherical Points       =            302
    Total Points           =         581485
    Total Blocks           =           4236
    Max Points             =            256
    Max Functions          =            219
    Weights Tolerance      =       1.00E-15

   => Loading Basis Set <=

    Name: (DEF2-SVP AUX)
    Role: JKFIT
    Keyword: DF_BASIS_SCF
    atoms 1-2, 4-15 entry C          line   198 file C:\Users\HUIWEI\miniconda3\envs\phase7\Library\share\psi4\basis\def2-universal-jkfit.gbs 
    atoms 3         entry N          line   258 file C:\Users\HUIWEI\miniconda3\envs\phase7\Library\share\psi4\basis\def2-universal-jkfit.gbs 
    atoms 16-28     entry H          line    18 file C:\Users\HUIWEI\miniconda3\envs\phase7\Library\share\psi4\basis\def2-universal-jkfit.gbs 

   => Loading Basis Set <=

    Name: DEF2-SVP
    Role: ORBITAL
    Keyword: BASIS
    atoms 1-2, 4-15 entry C          line    90 file C:\Users\HUIWEI\miniconda3\envs\phase7\Library\share\psi4\basis\def2-svp.gbs 
    atoms 3         entry N          line   110 file C:\Users\HUIWEI\miniconda3\envs\phase7\Library\share\psi4\basis\def2-svp.gbs 
    atoms 16-28     entry H          line    15 file C:\Users\HUIWEI\miniconda3\envs\phase7\Library\share\psi4\basis\def2-svp.gbs 

  Reading orbitals from file C:\Users\HUIWEI\Documents\Codex\2026-09-10\25-ee-phase5-phase24-1-hantzsch-3\work\qm_scratch\pbe_E_opt_01/psi4.default.35548.180.npy, no projection.

  ==> Integral Setup <==

  ==> DiskDFJK: Density-Fitted J/K Matrices <==

    J tasked:                  Yes
    K tasked:                   No
    wK tasked:                  No
    OpenMP threads:              2
    Integrals threads:           2
    Memory [MiB]:              344
    Algorithm:                Disk
    Integral Cache:           NONE
    Schwarz Cutoff:          1E-12
    Fitting Condition:       1E-10

   => Auxiliary Basis Set <=

  Basis Set: (DEF2-SVP AUX)
    Blend: DEF2-UNIVERSAL-JKFIT
    Number of shells: 453
    Number of basis functions: 1361
    Number of Cartesian functions: 1599
    Spherical Harmonics?: true
    Max angular momentum: 4

  Cached 0.6% of DFT collocation blocks in 0.013 [GiB].

  Minimum eigenvalue in the overlap matrix is 2.9649757276E-04.
  Reciprocal condition number of the overlap matrix is 4.6083835103E-05.
    Using symmetric orthogonalization.

  ==> Pre-Iterations <==

  SCF Guess: Orbitals guess was supplied from a previous computation.

   -------------------------------------------------------
    Irrep   Nso     Nmo     Nalpha   Nbeta   Ndocc  Nsocc
   -------------------------------------------------------
     A        275     275      52      52      52       0
   -------------------------------------------------------
    Total     275     275      52      52      52       0
   -------------------------------------------------------

  ==> Iterations <==

                           Total Energy        Delta E     RMS |[F,P]|

   @DF-RKS iter   0:  -594.90922001345609   -5.94909e+02   4.62832e-05 
   @DF-RKS iter   1:  -594.90926781315306   -4.77997e-05   3.61427e-06 DIIS
   @DF-RKS iter   2:  -594.90926773675108    7.64020e-08   3.77783e-06 DIIS
   @DF-RKS iter   3:  -594.90926800301941   -2.66268e-07   2.94421e-06 DIIS
   @DF-RKS iter   4:  -594.90926840462487   -4.01605e-07   4.17743e-07 DIIS
   @DF-RKS iter   5:  -594.90926841094426   -6.31940e-09   1.17508e-07 DIIS
   @DF-RKS iter   6:  -594.90926841136650   -4.22233e-10   5.49913e-08 DIIS
   @DF-RKS iter   7:  -594.90926841148257   -1.16074e-10   1.45221e-08 DIIS
   @DF-RKS iter   8:  -594.90926841148996   -7.38964e-12   4.24707e-09 DIIS
  Energy and wave function converged.


  ==> Post-Iterations <==

   Electrons on quadrature grid:
      Ntotal   =  103.9999799317 ; deviation = -2.007e-05 

    Orbital Energies [Eh]
    ---------------------

    Doubly Occupied:                                                      

       1A    -13.991708     2A     -9.955763     3A     -9.930458  
       4A     -9.911662     5A     -9.910338     6A     -9.909281  
       7A     -9.908320     8A     -9.906288     9A     -9.906228  
      10A     -9.902586    11A     -9.900110    12A     -9.899245  
      13A     -9.898581    14A     -9.895498    15A     -9.895226  
      16A     -0.848739    17A     -0.775537    18A     -0.756377  
      19A     -0.699481    20A     -0.671246    21A     -0.662577  
      22A     -0.655026    23A     -0.643056    24A     -0.573294  
      25A     -0.542340    26A     -0.537074    27A     -0.529261  
      28A     -0.492219    29A     -0.468456    30A     -0.441795  
      31A     -0.426163    32A     -0.411355    33A     -0.403709  
      34A     -0.395869    35A     -0.389375    36A     -0.383308  
      37A     -0.378150    38A     -0.373743    39A     -0.366511  
      40A     -0.345098    41A     -0.335707    42A     -0.327784  
      43A     -0.314661    44A     -0.308441    45A     -0.303517  
      46A     -0.300366    47A     -0.280672    48A     -0.252308  
      49A     -0.233920    50A     -0.225137    51A     -0.221777  
      52A     -0.186979  

    Virtual:                                                              

      53A     -0.086264    54A     -0.043459    55A     -0.035911  
      56A     -0.026781    57A      0.002302    58A      0.033958  
      59A      0.041891    60A      0.054824    61A      0.078124  
      62A      0.080627    63A      0.094668    64A      0.100285  
      65A      0.101425    66A      0.106986    67A      0.108171  
      68A      0.118303    69A      0.125549    70A      0.127611  
      71A      0.139512    72A      0.141777    73A      0.172218  
      74A      0.204493    75A      0.225502    76A      0.233841  
      77A      0.248323    78A      0.248971    79A      0.255076  
      80A      0.266551    81A      0.274018    82A      0.283677  
      83A      0.287512    84A      0.314530    85A      0.322962  
      86A      0.349114    87A      0.359779    88A      0.369796  
      89A      0.377469    90A      0.379967    91A      0.394237  
      92A      0.396250    93A      0.401585    94A      0.412767  
      95A      0.423205    96A      0.430226    97A      0.436407  
      98A      0.444218    99A      0.452023   100A      0.453160  
     101A      0.455719   102A      0.461348   103A      0.467443  
     104A      0.487500   105A      0.497758   106A      0.506434  
     107A      0.514265   108A      0.527864   109A      0.539992  
     110A      0.544324   111A      0.553532   112A      0.554654  
     113A      0.572069   114A      0.578764   115A      0.585330  
     116A      0.589819   117A      0.599728   118A      0.603083  
     119A      0.608304   120A      0.612920   121A      0.620663  
     122A      0.627702   123A      0.629124   124A      0.638476  
     125A      0.647259   126A      0.660829   127A      0.665773  
     128A      0.666539   129A      0.673361   130A      0.674252  
     131A      0.681974   132A      0.690751   133A      0.699698  
     134A      0.708279   135A      0.715289   136A      0.723814  
     137A      0.748760   138A      0.756602   139A      0.758361  
     140A      0.778603   141A      0.797338   142A      0.811155  
     143A      0.821683   144A      0.876589   145A      0.887596  
     146A      0.921137   147A      0.936026   148A      0.995741  
     149A      1.004001   150A      1.026295   151A      1.036907  
     152A      1.050948   153A      1.093986   154A      1.110042  
     155A      1.118189   156A      1.144218   157A      1.161087  
     158A      1.179677   159A      1.182205   160A      1.184787  
     161A      1.193139   162A      1.209406   163A      1.211198  
     164A      1.226697   165A      1.227703   166A      1.233547  
     167A      1.239478   168A      1.252503   169A      1.260489  
     170A      1.293215   171A      1.328937   172A      1.440577  
     173A      1.452424   174A      1.476612   175A      1.499022  
     176A      1.510127   177A      1.538126   178A      1.585281  
     179A      1.590013   180A      1.593206   181A      1.600587  
     182A      1.607144   183A      1.636269   184A      1.642934  
     185A      1.647688   186A      1.667489   187A      1.671376  
     188A      1.673526   189A      1.677613   190A      1.681176  
     191A      1.685128   192A      1.690112   193A      1.693017  
     194A      1.699978   195A      1.714371   196A      1.725290  
     197A      1.741615   198A      1.747071   199A      1.755046  
     200A      1.778790   201A      1.789541   202A      1.797935  
     203A      1.827665   204A      1.836228   205A      1.855690  
     206A      1.871901   207A      1.877148   208A      1.878490  
     209A      1.900515   210A      1.901307   211A      1.905678  
     212A      1.908742   213A      1.913326   214A      1.946555  
     215A      1.993301   216A      2.010143   217A      2.016654  
     218A      2.040415   219A      2.045774   220A      2.065129  
     221A      2.069130   222A      2.077251   223A      2.082789  
     224A      2.113985   225A      2.134375   226A      2.149259  
     227A      2.173644   228A      2.187813   229A      2.200845  
     230A      2.214966   231A      2.215668   232A      2.228685  
     233A      2.235256   234A      2.256546   235A      2.261279  
     236A      2.264519   237A      2.296520   238A      2.325549  
     239A      2.348120   240A      2.359694   241A      2.373659  
     242A      2.409830   243A      2.459236   244A      2.472490  
     245A      2.496250   246A      2.519454   247A      2.529998  
     248A      2.537788   249A      2.542234   250A      2.546275  
     251A      2.623731   252A      2.629509   253A      2.634006  
     254A      2.635518   255A      2.644036   256A      2.658075  
     257A      2.681116   258A      2.723115   259A      2.770611  
     260A      2.777645   261A      2.786251   262A      2.792425  
     263A      2.828910   264A      2.851595   265A      2.887780  
     266A      2.920705   267A      2.962218   268A      3.004097  
     269A      3.024554   270A      3.067082   271A      3.117822  
     272A      3.251454   273A      3.269521   274A      3.510071  
     275A      3.539327  

    Final Occupation by Irrep:
              A 
    DOCC [    52 ]
    NA   [    52 ]
    NB   [    52 ]

  @DF-RKS Final Energy:  -594.90926841148996

   => Energetics <=

    Nuclear Repulsion Energy =            857.2920610427081556
    One-Electron Energy =               -2503.9540077449155433
    Two-Electron Energy =                1138.4893488186380637
    DFT Exchange-Correlation Energy =     -86.7028325583610950
    Empirical Dispersion Energy =          -0.0338379695595249
    VV10 Nonlocal Energy =                  0.0000000000000000
    Total Energy =                       -594.9092684114899612

Computation Completed


Properties will be evaluated at   0.000000,   0.000000,   0.000000 [a0]

Properties computed using the SCF density matrix


 Multipole Moments:

 ------------------------------------------------------------------------------------
     Multipole            Electronic (a.u.)      Nuclear  (a.u.)        Total (a.u.)
 ------------------------------------------------------------------------------------

 L = 1.  Multiply by 2.5417464519 to convert [e a0] to [Debye]
 Dipole X            :         -1.8093328            1.3738938           -0.4354390
 Dipole Y            :        -10.3933443           10.1645204           -0.2288239
 Dipole Z            :        -24.1880655           23.6665206           -0.5215449
 Magnitude           :                                                    0.7169216

 ------------------------------------------------------------------------------------

*** tstop() called on LAPTOP-257FNSVV at Thu Sep 10 23:09:40 2026
Module time:
	user time   =        nan seconds =        nan minutes
	system time =        nan seconds =        nan minutes
	total time  =         40 seconds =       0.67 minutes
Total time:
	user time   =        nan seconds =        nan minutes
	system time =        nan seconds =        nan minutes
	total time  =       1033 seconds =      17.22 minutes

*** tstart() called on LAPTOP-257FNSVV
*** at Thu Sep 10 23:09:40 2026


         ------------------------------------------------------------
                                   SCF GRAD                          
                          Rob Parrish, Justin Turney,                
                       Andy Simmonett, and Alex Sokolov              
         ------------------------------------------------------------

  ==> Geometry <==

    Molecular point group: c1
    Full point group: C1

    Geometry (in Angstrom), charge = 0, multiplicity = 1:

       Center              X                  Y                   Z               Mass       
    ------------   -----------------  -----------------  -----------------  -----------------
         C           -0.170370372796    -0.588343316516    -1.748285346113    12.000000000000
         C           -0.447907138167    -0.079273549459    -0.350864398547    12.000000000000
         N            0.464005447640     0.300348859177     0.483728882919    14.003074004430
         C            1.835172136599     0.187332118865     0.267400852628    12.000000000000
         C            2.466344655419    -1.065790394687     0.067105821564    12.000000000000
         C            3.859345241310    -1.146464695141    -0.065235005654    12.000000000000
         C            4.649502341786     0.012844810402    -0.016405537044    12.000000000000
         C            4.030729577127     1.258883349681     0.185752243934    12.000000000000
         C            2.642995133396     1.348168360548     0.343479670476    12.000000000000
         C           -1.870154541527     0.027304596624     0.089915489894    12.000000000000
         C           -2.939715042014    -0.406661557032    -0.724226684256    12.000000000000
         C           -4.266113606872    -0.304770012044    -0.278454294704    12.000000000000
         C           -4.545638787614     0.234758138022     0.985661307692    12.000000000000
         C           -3.488721469141     0.670850056365     1.805214923151    12.000000000000
         C           -2.166868011134     0.566509972227     1.363222968048    12.000000000000
         H           -0.470459897122    -1.651444065505    -1.854932189759     1.007825032230
         H           -0.760033038171    -0.014196284584    -2.491257138607     1.007825032230
         H            0.901998665428    -0.504870121098    -2.000088535716     1.007825032230
         H            1.849460153259    -1.976672875859     0.044059806536     1.007825032230
         H            4.332151279647    -2.130307343999    -0.209980199441     1.007825032230
         H            5.742176410721    -0.054198503630    -0.125132535420     1.007825032230
         H            4.640184176857     2.174628739375     0.232576023817     1.007825032230
         H            2.152770415288     2.316302873899     0.522464800445     1.007825032230
         H           -2.743185131761    -0.834820188050    -1.717392889169     1.007825032230
         H           -5.086853617690    -0.650141865950    -0.925315208724     1.007825032230
         H           -5.586604239973     0.315995589927     1.334102081580     1.007825032230
         H           -3.701789306895     1.095654616458     2.798180270143     1.007825032230
         H           -1.322421433599     0.898372691785     1.984704820428     1.007825032230

  Nuclear repulsion =  857.292061042708156

  ==> Basis Set <==

  Basis Set: DEF2-SVP
    Blend: DEF2-SVP
    Number of shells: 129
    Number of basis functions: 275
    Number of Cartesian functions: 290
    Spherical Harmonics?: true
    Max angular momentum: 2

  ==> DFJKGrad: Density-Fitted SCF Gradients <==

    Gradient:                    1
    J tasked:                  Yes
    K tasked:                   No
    wK tasked:                  No
    OpenMP threads:              2
    Integrals threads:           2
    Memory [MiB]:              357
    Schwarz Cutoff:          1E-12
    Fitting Condition:       1E-10

   => Auxiliary Basis Set <=

  Basis Set: (DEF2-SVP AUX)
    Blend: DEF2-UNIVERSAL-JKFIT
    Number of shells: 453
    Number of basis functions: 1361
    Number of Cartesian functions: 1599
    Spherical Harmonics?: true
    Max angular momentum: 4

  ==> DFT Potential <==

   => LibXC <=

    Version 7.1.2
    S. Lehtola, C. Steigemann, M. J. T. Oliveira, and M. A. L. Marques,  SoftwareX 7, 1–5 (2018) (10.1016/j.softx.2017.11.002)

   => Composite Functional: PBE-D3BJ2B <= 

    PBE GGA Exchange-Correlation Functional

    J.P. Perdew et. al., Phys. Rev. Lett., 77(18), 3865-3868, 1996


    Deriv               =              1
    GGA                 =           TRUE
    Meta                =          FALSE

    Exchange Hybrid     =          FALSE
    MP2 Hybrid          =          FALSE

   => Exchange Functionals <=

    1.0000     XC_GGA_X_PBE

   => Correlation Functionals <=

    1.0000     XC_GGA_C_PBE

   => LibXC Density Thresholds  <==

    XC_GGA_C_PBE:  1.00E-12 
    XC_GGA_X_PBE:  1.00E-15 

   => Molecular Quadrature <=

    Radial Scheme          =       TREUTLER
    Pruning Scheme         =           NONE
    Nuclear Scheme         =       TREUTLER

    Blocking Scheme        =         OCTREE
    BS radius alpha        =              1
    Pruning alpha          =              1
    Radial Points          =             75
    Spherical Points       =            302
    Total Points           =         581485
    Total Blocks           =           4236
    Max Points             =            256
    Max Functions          =            219
    Weights Tolerance      =       1.00E-15


  -Total Gradient:
     Atom            X                  Y                   Z
    ------   -----------------  -----------------  -----------------
       1        0.000007163963     0.000003556817     0.000006037389
       2        0.000005581257     0.000002572812    -0.000002528042
       3        0.000000463006    -0.000002453946     0.000008852845
       4        0.000003594144     0.000004326719    -0.000027326423
       5       -0.000007552456     0.000003220205     0.000005931886
       6        0.000003365405     0.000002246652    -0.000000970845
       7       -0.000000194150     0.000000302425    -0.000001152859
       8        0.000001711111    -0.000001842547     0.000008122657
       9       -0.000000362169    -0.000000701762     0.000011570298
      10        0.000005692307    -0.000013541799     0.000008921972
      11       -0.000003584062     0.000006213365    -0.000005771198
      12        0.000003252572    -0.000003850097    -0.000001565775
      13        0.000001751808    -0.000001290130     0.000002197423
      14       -0.000000674287    -0.000003310566    -0.000001347060
      15       -0.000001968115     0.000005753920    -0.000003011836
      16        0.000001253121    -0.000000624866    -0.000003408899
      17        0.000000420405    -0.000000578118     0.000002933174
      18        0.000003428172    -0.000003551369     0.000002651575
      19       -0.000002723499     0.000000923390    -0.000005425774
      20        0.000001395801     0.000001849048    -0.000000967251
      21       -0.000000084130     0.000000017892     0.000001712144
      22       -0.000000308141    -0.000000988735     0.000001045720
      23        0.000001014766    -0.000002211110     0.000002013220
      24        0.000001513707     0.000001998018     0.000000451185
      25        0.000001865908    -0.000000245202    -0.000000097194
      26        0.000002006338    -0.000001762434    -0.000002040361
      27        0.000001435777    -0.000004352799    -0.000000049401
      28        0.000001383039    -0.000002450789     0.000000041576


*** tstop() called on LAPTOP-257FNSVV at Thu Sep 10 23:09:52 2026
Module time:
	user time   =        nan seconds =        nan minutes
	system time =        nan seconds =        nan minutes
	total time  =         12 seconds =       0.20 minutes
Total time:
	user time   =        nan seconds =        nan minutes
	system time =        nan seconds =        nan minutes
	total time  =       1045 seconds =      17.42 minutes

    			-----------------------------------------

    			 OPTKING 3.0: for geometry optimizations 

    			     By R.A. King, Bethel University     

    			        with contributions from          

    			    A.V. Copan, J. Cayton, A. Heide      

    			-----------------------------------------

    
	                            ===> Fragment 1 <== 

	 Z (Atomic Numbers)          Masses                          Geom                  
	       6.000000            12.000000         -0.32195334 -1.11180774 -3.30378049   
	       6.000000            12.000000         -0.84642182 -0.14980530 -0.66303762   
	       7.000000            14.003074          0.87684322  0.56757709  0.91411511   
	       6.000000            12.000000          3.46797273  0.35400640  0.50531438   
	       6.000000            12.000000          4.66071593 -2.01405195  0.12681162   
	       6.000000            12.000000          7.29310553 -2.16650429 -0.12327629   
	       6.000000            12.000000          8.78628605  0.02427317 -0.03100197   
	       6.000000            12.000000          7.61697499  2.37894475  0.35102087   
	       6.000000            12.000000          4.99453695  2.54766897  0.64908251   
	       6.000000            12.000000         -3.53407990  0.05159821  0.16991565   
	       6.000000            12.000000         -5.55525632 -0.76847897 -1.36859009   
	       6.000000            12.000000         -8.06178634 -0.57593185 -0.52620236   
	       6.000000            12.000000         -8.59001237  0.44362859  1.86262992   
	       6.000000            12.000000         -6.59272810  1.26772288  3.41136180   
	       6.000000            12.000000         -4.09478709  1.07054869  2.57611806   
	       1.000000             1.007825         -0.88904036 -3.12077700 -3.50531382   
	       1.000000             1.007825         -1.43625429 -0.02682709 -4.70779370   
	       1.000000             1.007825          1.70453044 -0.95406626 -3.77961956   
	       1.000000             1.007825          3.49497317 -3.73537037  0.08326097   
	       1.000000             1.007825          8.18657945 -4.02569744 -0.39680507   
	       1.000000             1.007825         10.85114078 -0.10242033 -0.23646622   
	       1.000000             1.007825          8.76867727  4.10945274  0.43950499   
	       1.000000             1.007825          4.06814650  4.37717806  0.98731538   
	       1.000000             1.007825         -5.18386861 -1.57758152 -3.24540221   
	       1.000000             1.007825         -9.61276018 -1.22859007 -1.74859232   
	       1.000000             1.007825        -10.55715198   0.59714512   2.52108756 
	       1.000000             1.007825         -6.99536796  2.07048715  5.28779436   
	       1.000000             1.007825         -2.49901433  1.69767835  3.75054855   

	 - Coordinate -           - BOHR/RAD -       - ANG/DEG -
	 R(1,2)           =         2.859028           1.512932
	 R(1,16)          =         2.097179           1.109779
	 R(1,17)          =         2.095257           1.108762
	 R(1,18)          =         2.087568           1.104694
	 R(2,3)           =         2.443704           1.293153
	 R(2,10)          =         2.820972           1.492794
	 R(3,4)           =         2.631859           1.392720
	 R(4,5)           =         2.678358           1.417326
	 R(4,9)           =         2.676420           1.416300
	 R(5,6)           =         2.648634           1.401597
	 R(5,19)          =         2.079372           1.100357
	 R(6,7)           =         2.652849           1.403827
	 R(6,20)          =         2.080796           1.101110
	 R(7,8)           =         2.656635           1.405831
	 R(7,21)          =         2.078916           1.100115
	 R(8,9)           =         2.644710           1.399520
	 R(8,22)          =         2.080602           1.101007
	 R(9,23)          =         2.078390           1.099837
	 R(10,11)         =         2.669210           1.412485
	 R(10,15)         =         2.672539           1.414247
	 R(11,12)         =         2.651299           1.403007
	 R(11,24)         =         2.077258           1.099237
	 R(12,13)         =         2.650480           1.402574
	 R(12,25)         =         2.079836           1.100602
	 R(13,14)         =         2.658354           1.406740
	 R(13,26)         =         2.080089           1.100736
	 R(14,15)         =         2.641253           1.397691
	 R(14,27)         =         2.080276           1.100835
	 R(15,28)         =         2.078237           1.099756
	 B(1,2,3)         =         2.171879         124.439483
	 B(1,2,10)        =         2.061815         118.133316
	 B(2,1,16)        =         1.940654         111.191282
	 B(2,1,17)        =         1.925309         110.312090
	 B(2,1,18)        =         1.942482         111.296018
	 B(2,3,4)         =         2.177549         124.764356
	 B(2,10,11)       =         2.128581         121.958681
	 B(2,10,15)       =         2.086279         119.534984
	 B(3,2,10)        =         2.049168         117.408677
	 B(3,4,5)         =         2.131913         122.149632
	 B(3,4,9)         =         2.079097         119.123500
	 B(4,5,6)         =         2.102299         120.452844
	 B(4,5,19)        =         2.077390         119.025678
	 B(4,9,8)         =         2.102762         120.479412
	 B(4,9,23)        =         2.066885         118.423775
	 B(5,4,9)         =         2.069465         118.571591
	 B(5,6,7)         =         2.104342         120.569929
	 B(5,6,20)        =         2.083572         119.379887
	 B(6,5,19)        =         2.103146         120.501365
	 B(6,7,8)         =         2.081986         119.289029
	 B(6,7,21)        =         2.100511         120.350420
	 B(7,6,20)        =         2.095270         120.050124
	 B(7,8,9)         =         2.105043         120.610073
	 B(7,8,22)        =         2.094016         119.978251
	 B(8,7,21)        =         2.100639         120.357753
	 B(8,9,23)        =         2.113519         121.095739
	 B(9,8,22)        =         2.084064         119.408055
	 B(10,11,12)      =         2.106476         120.692191
	 B(10,11,24)      =         2.100248         120.335319
	 B(10,15,14)      =         2.107839         120.770287
	 B(10,15,28)      =         2.051887         117.564454
	 B(11,10,15)      =         2.068286         118.504045
	 B(11,12,13)      =         2.097527         120.179452
	 B(11,12,25)      =         2.089175         119.700922
	 B(12,11,24)      =         2.076450         118.971850
	 B(12,13,14)      =         2.088162         119.642886
	 B(12,13,26)      =         2.096898         120.143392
	 B(13,12,25)      =         2.096483         120.119626
	 B(13,14,15)      =         2.098074         120.210784
	 B(13,14,27)      =         2.094062         119.980896
	 B(14,13,26)      =         2.098125         120.213720
	 B(14,15,28)      =         2.123459         121.665210
	 B(15,14,27)      =         2.091050         119.808319
	 B(16,1,17)       =         1.862773         106.729029
	 B(16,1,18)       =         1.889117         108.238428
	 B(17,1,18)       =         1.901164         108.928658
	 D(1,2,3,4)       =        -0.104090          -5.963909
	 D(1,2,10,11)     =         0.068485           3.923911
	 D(1,2,10,15)     =        -3.082863        -176.635062
	 D(2,3,4,5)       =        -1.059807         -60.722495
	 D(2,3,4,9)       =         2.162001         123.873546
	 D(2,10,11,12)    =         3.131722         179.434444
	 D(2,10,11,24)    =        -0.004738          -0.271443
	 D(2,10,15,14)    =        -3.134843        -179.613299
	 D(2,10,15,28)    =         0.008115           0.464973
	 D(3,2,1,16)      =         2.013619         115.371859
	 D(3,2,1,17)      =        -2.206418        -126.418445
	 D(3,2,1,18)      =        -0.093988          -5.385111
	 D(3,2,10,11)     =        -3.099207        -177.571453
	 D(3,2,10,15)     =         0.032630           1.869574
	 D(3,4,5,6)       =        -3.072564        -176.044960
	 D(3,4,5,19)      =         0.040700           2.331952
	 D(3,4,9,8)       =         3.095375         177.351934
	 D(3,4,9,23)      =        -0.052726          -3.020987
	 D(4,3,2,10)      =         3.065410         175.635066
	 D(4,5,6,7)       =        -0.012369          -0.708691
	 D(4,5,6,20)      =        -3.152423        -180.620557
	 D(4,9,8,7)       =        -0.028630          -1.640398
	 D(4,9,8,22)      =         3.125048         179.052045
	 D(5,4,9,8)       =         0.031110           1.782479
	 D(5,4,9,23)      =        -3.116991        -178.590441
	 D(5,6,7,8)       =         0.015312           0.877318
	 D(5,6,7,21)      =         3.146323         180.271003
	 D(6,5,4,9)       =        -0.010762          -0.616626
	 D(6,7,8,9)       =         0.005151           0.295130
	 D(6,7,8,22)      =         3.134589         179.598746
	 D(7,6,5,19)      =        -3.125213        -179.061512
	 D(7,8,9,23)      =         3.119647         178.742603
	 D(8,7,6,20)      =        -3.127829        -179.211407
	 D(9,4,5,19)      =         3.102502         177.760286
	 D(9,8,7,21)      =        -3.125859        -179.098510
	 D(10,2,1,16)     =        -1.156068         -66.237803
	 D(10,2,1,17)     =         0.907081          51.971892
	 D(10,2,1,18)     =         3.019511         173.005227
	 D(10,11,12,13)   =         0.002587           0.148203
	 D(10,11,12,25)   =        -3.139075        -179.855739
	 D(10,15,14,13)   =         0.003183           0.182356
	 D(10,15,14,27)   =        -3.138655        -179.831709
	 D(11,10,15,14)   =        -0.002670          -0.152964
	 D(11,10,15,28)   =         3.140289         179.925308
	 D(11,12,13,14)   =        -0.002092          -0.119869
	 D(11,12,13,26)   =        -3.143408        -180.104017
	 D(12,11,10,15)   =        -0.000212          -0.012135
	 D(12,13,14,15)   =        -0.000773          -0.044310
	 D(12,13,14,27)   =        -3.142120        -180.030221
	 D(13,12,11,24)   =         3.139115         179.858048
	 D(13,14,15,28)   =        -3.139833        -179.899168
	 D(14,13,12,25)   =         3.139570         179.884089
	 D(15,10,11,24)   =        -3.136671        -179.718022
	 D(15,14,13,26)   =         3.140542         179.939826
	 D(19,5,6,20)     =         0.017918           1.026622
	 D(20,6,7,21)     =         0.003181           0.182279
	 D(21,7,8,22)     =         0.003580           0.205106
	 D(22,8,9,23)     =        -0.009860          -0.564954
	 D(24,11,12,25)   =        -0.002546          -0.145894
	 D(25,12,13,26)   =        -0.001746          -0.100058
	 D(26,13,14,27)   =        -0.000804          -0.046085
	 D(27,14,15,28)   =         0.001514           0.086767


	        --- Internal Coordinate Step in ANG or DEG, aJ/ANG or AJ/DEG ---
	-------------------------------------------------------------------------------
	           Coordinate      Previous         Force          Change          New 
	           ----------      --------        ------          ------        ------
	               R(1,2)       1.51293        0.00005       -0.00000       1.51293
	              R(1,16)       1.10978       -0.00002       -0.00001       1.10977
	              R(1,17)       1.10876        0.00002        0.00000       1.10877
	              R(1,18)       1.10469       -0.00001        0.00000       1.10469
	               R(2,3)       1.29315        0.00010       -0.00001       1.29314
	              R(2,10)       1.49279        0.00002        0.00001       1.49280
	               R(3,4)       1.39272        0.00008        0.00003       1.39275
	               R(4,5)       1.41733        0.00009       -0.00000       1.41732
	               R(4,9)       1.41630        0.00003       -0.00001       1.41630
	               R(5,6)       1.40160       -0.00000       -0.00000       1.40160
	              R(5,19)       1.10036       -0.00001        0.00000       1.10036
	               R(6,7)       1.40383        0.00002        0.00000       1.40383
	              R(6,20)       1.10111        0.00001        0.00000       1.10111
	               R(7,8)       1.40583        0.00001       -0.00000       1.40583
	              R(7,21)       1.10011        0.00001        0.00000       1.10012
	               R(8,9)       1.39952        0.00001        0.00001       1.39953
	              R(8,22)       1.10101        0.00001        0.00000       1.10101
	              R(9,23)       1.09984        0.00001        0.00000       1.09984
	             R(10,11)       1.41248       -0.00002       -0.00001       1.41248
	             R(10,15)       1.41425        0.00002       -0.00000       1.41425
	             R(11,12)       1.40301        0.00002        0.00000       1.40301
	             R(11,24)       1.09924        0.00001        0.00000       1.09924
	             R(12,13)       1.40257        0.00000       -0.00000       1.40257
	             R(12,25)       1.10060        0.00001        0.00000       1.10060
	             R(13,14)       1.40674        0.00002        0.00000       1.40674
	             R(13,26)       1.10074        0.00001        0.00000       1.10074
	             R(14,15)       1.39769        0.00001        0.00000       1.39769
	             R(14,27)       1.10083        0.00001        0.00000       1.10084
	             R(15,28)       1.09976       -0.00000        0.00000       1.09976
	             B(1,2,3)     124.43948        0.00000       -0.00367     124.43581
	            B(1,2,10)     118.13332       -0.00000        0.00109     118.13441
	            B(2,1,16)     111.19128       -0.00000       -0.00187     111.18941
	            B(2,1,17)     110.31209        0.00000        0.00179     110.31388
	            B(2,1,18)     111.29602        0.00000       -0.00205     111.29397
	             B(2,3,4)     124.76436        0.00000       -0.00291     124.76144
	           B(2,10,11)     121.95868       -0.00000       -0.00059     121.95809
	           B(2,10,15)     119.53498        0.00000       -0.00005     119.53494
	            B(3,2,10)     117.40868       -0.00000        0.00265     117.41132
	             B(3,4,5)     122.14963        0.00000       -0.00684     122.14279
	             B(3,4,9)     119.12350       -0.00000        0.00731     119.13081
	             B(4,5,6)     120.45284        0.00000       -0.00032     120.45252
	            B(4,5,19)     119.02568        0.00000       -0.00100     119.02468
	             B(4,9,8)     120.47941        0.00000       -0.00084     120.47857
	            B(4,9,23)     118.42377       -0.00000        0.00248     118.42625
	             B(5,4,9)     118.57159       -0.00000        0.00088     118.57247
	             B(5,6,7)     120.56993        0.00000        0.00045     120.57038
	            B(5,6,20)     119.37989       -0.00000       -0.00076     119.37913
	            B(6,5,19)     120.50136       -0.00000        0.00133     120.50270
	             B(6,7,8)     119.28903       -0.00000       -0.00071     119.28832
	            B(6,7,21)     120.35042        0.00000        0.00063     120.35105
	            B(7,6,20)     120.05012        0.00000        0.00030     120.05042
	             B(7,8,9)     120.61007        0.00000        0.00077     120.61084
	            B(7,8,22)     119.97825       -0.00000        0.00008     119.97833
	            B(8,7,21)     120.35775       -0.00000        0.00013     120.35789
	            B(8,9,23)     121.09574       -0.00000       -0.00163     121.09410
	            B(9,8,22)     119.40806       -0.00000       -0.00087     119.40719
	          B(10,11,12)     120.69219        0.00000       -0.00017     120.69202
	          B(10,11,24)     120.33532        0.00000        0.00010     120.33542
	          B(10,15,14)     120.77029       -0.00000       -0.00031     120.76998
	          B(10,15,28)     117.56445        0.00000        0.00078     117.56524
	          B(11,10,15)     118.50404        0.00000        0.00057     118.50462
	          B(11,12,13)     120.17945        0.00000       -0.00011     120.17935
	          B(11,12,25)     119.70092       -0.00000       -0.00015     119.70077
	          B(12,11,24)     118.97185       -0.00000        0.00008     118.97193
	          B(12,13,14)     119.64289       -0.00000        0.00014     119.64302
	          B(12,13,26)     120.14339        0.00000        0.00025     120.14364
	          B(13,12,25)     120.11963        0.00000        0.00026     120.11988
	          B(13,14,15)     120.21078       -0.00000       -0.00013     120.21066
	          B(13,14,27)     119.98090       -0.00000       -0.00026     119.98063
	          B(14,13,26)     120.21372       -0.00000       -0.00038     120.21334
	          B(14,15,28)     121.66521       -0.00000       -0.00048     121.66473
	          B(15,14,27)     119.80832        0.00000        0.00039     119.80871
	           B(16,1,17)     106.72903        0.00000        0.00128     106.73030
	           B(16,1,18)     108.23843        0.00000        0.00305     108.24148
	           B(17,1,18)     108.92866       -0.00000       -0.00205     108.92660
	           D(1,2,3,4)      -5.96391       -0.00000        0.01118      -5.95273
	         D(1,2,10,11)       3.92391        0.00000       -0.01559       3.90832
	         D(1,2,10,15)    -176.63506       -0.00000       -0.02284    -176.65790
	           D(2,3,4,5)     -60.72249       -0.00000       -0.11407     -60.83657
	           D(2,3,4,9)     123.87355       -0.00000       -0.13411     123.73944
	        D(2,10,11,12)     179.43444       -0.00000        0.00044     179.43488
	        D(2,10,11,24)      -0.27144       -0.00000       -0.00382      -0.27526
	        D(2,10,15,14)    -179.61330        0.00000        0.00098    -179.61232
	        D(2,10,15,28)       0.46497        0.00000        0.00290       0.46787
	          D(3,2,1,16)     115.37186        0.00000        0.01802     115.38988
	          D(3,2,1,17)    -126.41845        0.00000        0.01957    -126.39887
	          D(3,2,1,18)      -5.38511       -0.00000        0.01682      -5.36829
	         D(3,2,10,11)    -177.57145       -0.00000       -0.01320    -177.58465
	         D(3,2,10,15)       1.86957       -0.00000       -0.02045       1.84913
	           D(3,4,5,6)    -176.04496       -0.00000       -0.00817    -176.05313
	          D(3,4,5,19)       2.33195       -0.00000       -0.00773       2.32422
	           D(3,4,9,8)     177.35193        0.00000        0.00725     177.35919
	          D(3,4,9,23)      -3.02099        0.00000        0.00831      -3.01268
	          D(4,3,2,10)     175.63507       -0.00000        0.00853     175.64360
	           D(4,5,6,7)      -0.70869       -0.00000       -0.00398      -0.71267
	          D(4,5,6,20)    -180.62056       -0.00000       -0.00153    -180.62208
	           D(4,9,8,7)      -1.64040       -0.00000        0.00322      -1.63718
	          D(4,9,8,22)     179.05205        0.00000        0.00475     179.05680
	           D(5,4,9,8)       1.78248       -0.00000       -0.01169       1.77079
	          D(5,4,9,23)    -178.59044       -0.00000       -0.01063    -178.60107
	           D(5,6,7,8)       0.87732       -0.00000       -0.00469       0.87263
	          D(5,6,7,21)     180.27100        0.00000        0.00090     180.27190
	           D(6,5,4,9)      -0.61663        0.00000        0.01205      -0.60458
	           D(6,7,8,9)       0.29513        0.00000        0.00509       0.30022
	          D(6,7,8,22)     179.59875       -0.00000        0.00354     179.60228
	          D(7,6,5,19)    -179.06151        0.00000       -0.00439    -179.06590
	          D(7,8,9,23)     178.74260       -0.00000        0.00212     178.74472
	          D(8,7,6,20)    -179.21141       -0.00000       -0.00716    -179.21857
	          D(9,4,5,19)     177.76029       -0.00000        0.01248     177.77277
	          D(9,8,7,21)    -179.09851        0.00000       -0.00051    -179.09902
	         D(10,2,1,16)     -66.23780       -0.00000        0.02071     -66.21710
	         D(10,2,1,17)      51.97189       -0.00000        0.02226      51.99415
	         D(10,2,1,18)     173.00523       -0.00000        0.01951     173.02473
	       D(10,11,12,13)       0.14820       -0.00000       -0.00499       0.14321
	       D(10,11,12,25)    -179.85574       -0.00000       -0.00360    -179.85934
	       D(10,15,14,13)       0.18236        0.00000        0.00178       0.18413
	       D(10,15,14,27)    -179.83171        0.00000        0.00187    -179.82984
	       D(11,10,15,14)      -0.15296       -0.00000       -0.00602      -0.15899
	       D(11,10,15,28)     179.92531       -0.00000       -0.00411     179.92120
	       D(11,12,13,14)      -0.11987       -0.00000        0.00060      -0.11927
	       D(11,12,13,26)    -180.10402        0.00000        0.00217    -180.10185
	       D(12,11,10,15)      -0.01214        0.00000        0.00762      -0.00451
	       D(12,13,14,15)      -0.04431        0.00000        0.00100      -0.04331
	       D(12,13,14,27)    -180.03022        0.00000        0.00091    -180.02931
	       D(13,12,11,24)     179.85805       -0.00000       -0.00079     179.85726
	       D(13,14,15,28)    -179.89917       -0.00000       -0.00021    -179.89938
	       D(14,13,12,25)     179.88409       -0.00000       -0.00080     179.88329
	       D(15,10,11,24)    -179.71802        0.00000        0.00336    -179.71466
	       D(15,14,13,26)     179.93983       -0.00000       -0.00057     179.93925
	         D(19,5,6,20)       1.02662        0.00000       -0.00193       1.02469
	         D(20,6,7,21)       0.18228        0.00000       -0.00157       0.18071
	         D(21,7,8,22)       0.20511       -0.00000       -0.00205       0.20305
	         D(22,8,9,23)      -0.56495        0.00000        0.00365      -0.56130
	       D(24,11,12,25)      -0.14589       -0.00000        0.00060      -0.14529
	       D(25,12,13,26)      -0.10006        0.00000        0.00077      -0.09929
	       D(26,13,14,27)      -0.04609       -0.00000       -0.00066      -0.04674
	       D(27,14,15,28)       0.08677        0.00000       -0.00013       0.08664
	-------------------------------------------------------------------------------

	                                 ==> Convergence Check <==                                  
    
	Measures of convergence in internal coordinates in au.
    
	Criteria marked as inactive (o), active & met (*), and active & unmet ( ).

	----------------------------------------------------------------------------------------------
	   Step    Total Energy     Delta E     Max Force     RMS Force      Max Disp      RMS Disp   
	----------------------------------------------------------------------------------------------
	  Convergence Criteria              o    1.50e-05 *    1.00e-05 *    6.00e-05 *    4.00e-05 *
	----------------------------------------------------------------------------------------------
	    14    -594.90926841    6.06e-07 o    3.15e-05      5.09e-06 *    2.34e-03      2.84e-04    ~
	----------------------------------------------------------------------------------------------

Next Geometry in Ang 
	Fragment 1 (Ang)

	    C  -0.1701744822  -0.5873561005  -1.7483123747
	    C  -0.4478706679  -0.0790746321  -0.3506366070
	    N   0.4640066063   0.2999331412   0.4842585851
	    C   1.8351940917   0.1870250663   0.2678350766
	    C   2.4665282384  -1.0662447766   0.0690035823
	    C   3.8595031446  -1.1468371148  -0.0636541125
	    C   4.6494651655   0.0126873182  -0.0166800760
	    C   4.0305025622   1.2588917058   0.1838373774
	    C   2.6427911624   1.3481437838   0.3418781606
	    C  -1.8701718759   0.0273607990   0.0900332986
	    C  -2.9396707286  -0.4057562146  -0.7246293579
	    C  -4.2661241762  -0.3040227616  -0.2789710415
	    C  -4.5457442397   0.2344027715   0.9855929141
	    C  -3.4888732864   0.6695600122   1.8057075272
	    C  -2.1669707767   0.5654053345   1.3638117363
	    H  -0.4706765219  -1.6502617227  -1.8556878211
	    H  -0.7593777134  -0.0124894972  -2.4910993132
	    H   0.9022991058  -0.5041201667  -1.9997537044
	    H   1.8497828203  -1.9772564153   0.0473442375
	    H   4.3324367827  -2.1307934159  -0.2072183321
	    H   5.7421187108  -0.0542937807  -0.1256649380
	    H   4.6397865108   2.1748304587   0.2291430129
	    H   2.1524606710   2.3164682849   0.5195565542
	    H  -2.7430620030  -0.8330571909  -1.7181526239
	    H  -5.0868248180  -0.6486718577  -0.9262696423
	    H  -5.5867469915   0.3154872171   1.3339653308
	    H  -3.7020223682   1.0934831841   2.7990336546
	    H  -1.3225649225   0.8965565698   1.9857288965


    Structure for next step:
    Molecular point group: c1
    Full point group: C1

    Geometry (in Angstrom), charge = 0, multiplicity = 1:

    C           -0.170174482205    -0.587356100494    -1.748312374671
    C           -0.447870667931    -0.079074632100    -0.350636606982
    N            0.464006606253     0.299933141182     0.484258585129
    C            1.835194091717     0.187025066312     0.267835076583
    C            2.466528238420    -1.066244776640     0.069003582306
    C            3.859503144569    -1.146837114820    -0.063654112528
    C            4.649465165524     0.012687318205    -0.016680076037
    C            4.030502562150     1.258891705801     0.183837377380
    C            2.642791162423     1.348143783838     0.341878160609
    C           -1.870171875875     0.027360799031     0.090033298647
    C           -2.939670728649    -0.405756214645    -0.724629357902
    C           -4.266124176237    -0.304022761565    -0.278971041506
    C           -4.545744239734     0.234402771543     0.985592914099
    C           -3.488873286412     0.669560012191     1.805707527219
    C           -2.166970776734     0.565405334501     1.363811736301
    H           -0.470676521944    -1.650261722693    -1.855687821111
    H           -0.759377713395    -0.012489497173    -2.491099313155
    H            0.902299105764    -0.504120166657    -1.999753704417
    H            1.849782820321    -1.977256415340     0.047344237493
    H            4.332436782666    -2.130793415900    -0.207218332133
    H            5.742118710753    -0.054293780713    -0.125664937977
    H            4.639786510769     2.174830458651     0.229143012883
    H            2.152460670956     2.316468284874     0.519556554186
    H           -2.743062002965    -0.833057190919    -1.718152623887
    H           -5.086824818036    -0.648671857702    -0.926269642327
    H           -5.586746991462     0.315487217086     1.333965330821
    H           -3.702022368245     1.093483184141     2.799033654617
    H           -1.322564922459     0.896556569806     1.985728896461


Scratch directory: C:\Users\HUIWEI\Documents\Codex\2026-09-10\25-ee-phase5-phase24-1-hantzsch-3\work\qm_scratch\pbe_E_opt_01/
gradient() will perform analytic gradient computation.
   => Libint2 <=

    Primary   basis highest AM E, G, H:  7, 6, -
    Auxiliary basis highest AM E, G, H:  7, 7, -
    Onebody   basis highest AM E, G, H:  -, -, -
    Solid Harmonics ordering:            Gaussian

*** tstart() called on LAPTOP-257FNSVV
*** at Thu Sep 10 23:09:52 2026

   => Loading Basis Set <=

    Name: DEF2-SVP
    Role: ORBITAL
    Keyword: BASIS
    atoms 1-2, 4-15 entry C          line    90 file C:\Users\HUIWEI\miniconda3\envs\phase7\Library\share\psi4\basis\def2-svp.gbs 
    atoms 3         entry N          line   110 file C:\Users\HUIWEI\miniconda3\envs\phase7\Library\share\psi4\basis\def2-svp.gbs 
    atoms 16-28     entry H          line    15 file C:\Users\HUIWEI\miniconda3\envs\phase7\Library\share\psi4\basis\def2-svp.gbs 

   => PBE-D3(BJ): Empirical Dispersion <=

    Grimme's -D3 (BJ-damping) Dispersion Correction
    Grimme S.; Ehrlich S.; Goerigk L. (2011), J. Comput. Chem., 32: 1456

        s6 =       1.000000
        s8 =       0.787500
        a1 =       0.428900
        a2 =       4.440700


         ---------------------------------------------------------
                                   SCF
               by Justin Turney, Rob Parrish, Andy Simmonett
                          and Daniel G. A. Smith
                              RKS Reference
                        2 Threads,    476 MiB Core
         ---------------------------------------------------------

  ==> Geometry <==

    Molecular point group: c1
    Full point group: C1

    Geometry (in Angstrom), charge = 0, multiplicity = 1:

       Center              X                  Y                   Z               Mass       
    ------------   -----------------  -----------------  -----------------  -----------------
         C           -0.170174482205    -0.587356100494    -1.748312374671    12.000000000000
         C           -0.447870667931    -0.079074632100    -0.350636606982    12.000000000000
         N            0.464006606253     0.299933141182     0.484258585129    14.003074004430
         C            1.835194091717     0.187025066312     0.267835076583    12.000000000000
         C            2.466528238420    -1.066244776640     0.069003582306    12.000000000000
         C            3.859503144569    -1.146837114820    -0.063654112528    12.000000000000
         C            4.649465165524     0.012687318205    -0.016680076037    12.000000000000
         C            4.030502562150     1.258891705801     0.183837377380    12.000000000000
         C            2.642791162423     1.348143783838     0.341878160609    12.000000000000
         C           -1.870171875875     0.027360799031     0.090033298647    12.000000000000
         C           -2.939670728649    -0.405756214645    -0.724629357902    12.000000000000
         C           -4.266124176237    -0.304022761565    -0.278971041506    12.000000000000
         C           -4.545744239734     0.234402771543     0.985592914099    12.000000000000
         C           -3.488873286412     0.669560012191     1.805707527219    12.000000000000
         C           -2.166970776734     0.565405334501     1.363811736301    12.000000000000
         H           -0.470676521944    -1.650261722693    -1.855687821111     1.007825032230
         H           -0.759377713395    -0.012489497173    -2.491099313155     1.007825032230
         H            0.902299105764    -0.504120166657    -1.999753704417     1.007825032230
         H            1.849782820321    -1.977256415340     0.047344237493     1.007825032230
         H            4.332436782666    -2.130793415900    -0.207218332133     1.007825032230
         H            5.742118710753    -0.054293780713    -0.125664937977     1.007825032230
         H            4.639786510769     2.174830458651     0.229143012883     1.007825032230
         H            2.152460670956     2.316468284874     0.519556554186     1.007825032230
         H           -2.743062002965    -0.833057190919    -1.718152623887     1.007825032230
         H           -5.086824818036    -0.648671857702    -0.926269642327     1.007825032230
         H           -5.586746991462     0.315487217086     1.333965330821     1.007825032230
         H           -3.702022368245     1.093483184141     2.799033654617     1.007825032230
         H           -1.322564922459     0.896556569806     1.985728896461     1.007825032230

  Running in c1 symmetry.

  Rotational constants: A =      0.06389  B =      0.00895  C =      0.00833 [cm^-1]
  Rotational constants: A =   1915.48444  B =    268.43100  C =    249.71770 [MHz]
  Nuclear repulsion =  857.289492731461110

  Charge       = 0
  Multiplicity = 1
  Electrons    = 104
  Nalpha       = 52
  Nbeta        = 52

  ==> Algorithm <==

  SCF Algorithm Type is DF.
  DIIS enabled.
  MOM disabled.
  Fractional occupation disabled.
  Guess Type is READ.
  Energy threshold   = 1.00e-09
  Density threshold  = 1.00e-08
  Integral threshold = 1.00e-12

  ==> Primary Basis <==

  Basis Set: DEF2-SVP
    Blend: DEF2-SVP
    Number of shells: 129
    Number of basis functions: 275
    Number of Cartesian functions: 290
    Spherical Harmonics?: true
    Max angular momentum: 2

  ==> DFT Potential <==

   => LibXC <=

    Version 7.1.2
    S. Lehtola, C. Steigemann, M. J. T. Oliveira, and M. A. L. Marques,  SoftwareX 7, 1–5 (2018) (10.1016/j.softx.2017.11.002)

   => Composite Functional: PBE-D3BJ2B <= 

    PBE GGA Exchange-Correlation Functional

    J.P. Perdew et. al., Phys. Rev. Lett., 77(18), 3865-3868, 1996


    Deriv               =              1
    GGA                 =           TRUE
    Meta                =          FALSE

    Exchange Hybrid     =          FALSE
    MP2 Hybrid          =          FALSE

   => Exchange Functionals <=

    1.0000     XC_GGA_X_PBE

   => Correlation Functionals <=

    1.0000     XC_GGA_C_PBE

   => LibXC Density Thresholds  <==

    XC_GGA_C_PBE:  1.00E-12 
    XC_GGA_X_PBE:  1.00E-15 

   => Molecular Quadrature <=

    Radial Scheme          =       TREUTLER
    Pruning Scheme         =           NONE
    Nuclear Scheme         =       TREUTLER

    Blocking Scheme        =         OCTREE
    BS radius alpha        =              1
    Pruning alpha          =              1
    Radial Points          =             75
    Spherical Points       =            302
    Total Points           =         581480
    Total Blocks           =           4234
    Max Points             =            256
    Max Functions          =            219
    Weights Tolerance      =       1.00E-15

   => Loading Basis Set <=

    Name: (DEF2-SVP AUX)
    Role: JKFIT
    Keyword: DF_BASIS_SCF
    atoms 1-2, 4-15 entry C          line   198 file C:\Users\HUIWEI\miniconda3\envs\phase7\Library\share\psi4\basis\def2-universal-jkfit.gbs 
    atoms 3         entry N          line   258 file C:\Users\HUIWEI\miniconda3\envs\phase7\Library\share\psi4\basis\def2-universal-jkfit.gbs 
    atoms 16-28     entry H          line    18 file C:\Users\HUIWEI\miniconda3\envs\phase7\Library\share\psi4\basis\def2-universal-jkfit.gbs 

   => Loading Basis Set <=

    Name: DEF2-SVP
    Role: ORBITAL
    Keyword: BASIS
    atoms 1-2, 4-15 entry C          line    90 file C:\Users\HUIWEI\miniconda3\envs\phase7\Library\share\psi4\basis\def2-svp.gbs 
    atoms 3         entry N          line   110 file C:\Users\HUIWEI\miniconda3\envs\phase7\Library\share\psi4\basis\def2-svp.gbs 
    atoms 16-28     entry H          line    15 file C:\Users\HUIWEI\miniconda3\envs\phase7\Library\share\psi4\basis\def2-svp.gbs 

  Reading orbitals from file C:\Users\HUIWEI\Documents\Codex\2026-09-10\25-ee-phase5-phase24-1-hantzsch-3\work\qm_scratch\pbe_E_opt_01/psi4.default.35548.180.npy, no projection.

  ==> Integral Setup <==

  ==> DiskDFJK: Density-Fitted J/K Matrices <==

    J tasked:                  Yes
    K tasked:                   No
    wK tasked:                  No
    OpenMP threads:              2
    Integrals threads:           2
    Memory [MiB]:              344
    Algorithm:                Disk
    Integral Cache:           NONE
    Schwarz Cutoff:          1E-12
    Fitting Condition:       1E-10

   => Auxiliary Basis Set <=

  Basis Set: (DEF2-SVP AUX)
    Blend: DEF2-UNIVERSAL-JKFIT
    Number of shells: 453
    Number of basis functions: 1361
    Number of Cartesian functions: 1599
    Spherical Harmonics?: true
    Max angular momentum: 4

  Cached 0.6% of DFT collocation blocks in 0.014 [GiB].

  Minimum eigenvalue in the overlap matrix is 2.9650276523E-04.
  Reciprocal condition number of the overlap matrix is 4.6084776625E-05.
    Using symmetric orthogonalization.

  ==> Pre-Iterations <==

  SCF Guess: Orbitals guess was supplied from a previous computation.

   -------------------------------------------------------
    Irrep   Nso     Nmo     Nalpha   Nbeta   Ndocc  Nsocc
   -------------------------------------------------------
     A        275     275      52      52      52       0
   -------------------------------------------------------
    Total     275     275      52      52      52       0
   -------------------------------------------------------

  ==> Iterations <==

                           Total Energy        Delta E     RMS |[F,P]|

   @DF-RKS iter   0:  -594.90925322064459   -5.94909e+02   1.54398e-05 
   @DF-RKS iter   1:  -594.90926862957883   -1.54089e-05   1.22000e-06 DIIS
   @DF-RKS iter   2:  -594.90926861225410    1.73247e-08   1.35377e-06 DIIS
   @DF-RKS iter   3:  -594.90926865102949   -3.87754e-08   1.00322e-06 DIIS
   @DF-RKS iter   4:  -594.90926869679038   -4.57609e-08   1.59433e-07 DIIS
   @DF-RKS iter   5:  -594.90926869777070   -9.80322e-10   3.94522e-08 DIIS
   @DF-RKS iter   6:  -594.90926869781538   -4.46789e-11   2.03258e-08 DIIS
   @DF-RKS iter   7:  -594.90926869783380   -1.84173e-11   4.39471e-09 DIIS
  Energy and wave function converged.


  ==> Post-Iterations <==

   Electrons on quadrature grid:
      Ntotal   =  103.9999803510 ; deviation = -1.965e-05 

    Orbital Energies [Eh]
    ---------------------

    Doubly Occupied:                                                      

       1A    -13.991721     2A     -9.955781     3A     -9.930460  
       4A     -9.911671     5A     -9.910347     6A     -9.909289  
       7A     -9.908328     8A     -9.906292     9A     -9.906237  
      10A     -9.902596    11A     -9.900099    12A     -9.899239  
      13A     -9.898566    14A     -9.895494    15A     -9.895207  
      16A     -0.848747    17A     -0.775542    18A     -0.756371  
      19A     -0.699482    20A     -0.671253    21A     -0.662563  
      22A     -0.655032    23A     -0.643051    24A     -0.573295  
      25A     -0.542338    26A     -0.537067    27A     -0.529268  
      28A     -0.492215    29A     -0.468464    30A     -0.441796  
      31A     -0.426153    32A     -0.411346    33A     -0.403732  
      34A     -0.395875    35A     -0.389369    36A     -0.383314  
      37A     -0.378154    38A     -0.373752    39A     -0.366504  
      40A     -0.345093    41A     -0.335709    42A     -0.327771  
      43A     -0.314658    44A     -0.308438    45A     -0.303522  
      46A     -0.300374    47A     -0.280651    48A     -0.252329  
      49A     -0.233929    50A     -0.225126    51A     -0.221793  
      52A     -0.186969  

    Virtual:                                                              

      53A     -0.086250    54A     -0.043466    55A     -0.035904  
      56A     -0.026780    57A      0.002271    58A      0.033959  
      59A      0.041897    60A      0.054822    61A      0.078128  
      62A      0.080631    63A      0.094676    64A      0.100278  
      65A      0.101431    66A      0.106988    67A      0.108171  
      68A      0.118288    69A      0.125555    70A      0.127598  
      71A      0.139477    72A      0.141734    73A      0.172193  
      74A      0.204487    75A      0.225466    76A      0.233852  
      77A      0.248334    78A      0.248966    79A      0.255084  
      80A      0.266533    81A      0.274035    82A      0.283683  
      83A      0.287527    84A      0.314528    85A      0.322963  
      86A      0.349139    87A      0.359783    88A      0.369702  
      89A      0.377461    90A      0.379959    91A      0.394221  
      92A      0.396248    93A      0.401578    94A      0.412764  
      95A      0.423204    96A      0.430225    97A      0.436387  
      98A      0.444203    99A      0.452020   100A      0.453127  
     101A      0.455740   102A      0.461367   103A      0.467426  
     104A      0.487497   105A      0.497765   106A      0.506455  
     107A      0.514275   108A      0.527857   109A      0.540009  
     110A      0.544315   111A      0.553547   112A      0.554663  
     113A      0.572059   114A      0.578744   115A      0.585325  
     116A      0.589810   117A      0.599724   118A      0.603040  
     119A      0.608312   120A      0.612917   121A      0.620687  
     122A      0.627647   123A      0.629085   124A      0.638490  
     125A      0.647240   126A      0.660796   127A      0.665784  
     128A      0.666509   129A      0.673405   130A      0.674232  
     131A      0.681977   132A      0.690724   133A      0.699697  
     134A      0.708264   135A      0.715245   136A      0.723818  
     137A      0.748786   138A      0.756572   139A      0.758329  
     140A      0.778637   141A      0.797330   142A      0.811057  
     143A      0.821782   144A      0.876547   145A      0.887608  
     146A      0.921132   147A      0.935950   148A      0.995780  
     149A      1.004003   150A      1.026276   151A      1.036920  
     152A      1.051038   153A      1.094046   154A      1.110021  
     155A      1.118200   156A      1.144223   157A      1.161050  
     158A      1.179675   159A      1.182195   160A      1.184761  
     161A      1.193119   162A      1.209369   163A      1.211231  
     164A      1.226703   165A      1.227735   166A      1.233471  
     167A      1.239464   168A      1.252409   169A      1.260515  
     170A      1.293211   171A      1.328877   172A      1.440516  
     173A      1.452409   174A      1.476600   175A      1.499045  
     176A      1.510209   177A      1.538130   178A      1.585279  
     179A      1.590017   180A      1.593202   181A      1.600579  
     182A      1.607092   183A      1.636308   184A      1.642934  
     185A      1.647711   186A      1.667481   187A      1.671378  
     188A      1.673527   189A      1.677601   190A      1.681165  
     191A      1.685123   192A      1.690117   193A      1.692989  
     194A      1.700000   195A      1.714345   196A      1.725281  
     197A      1.741633   198A      1.747023   199A      1.755083  
     200A      1.778818   201A      1.789604   202A      1.797883  
     203A      1.827673   204A      1.836221   205A      1.855664  
     206A      1.871907   207A      1.877139   208A      1.878477  
     209A      1.900501   210A      1.901294   211A      1.905674  
     212A      1.908738   213A      1.913320   214A      1.946528  
     215A      1.993329   216A      2.010073   217A      2.016657  
     218A      2.040430   219A      2.045772   220A      2.065122  
     221A      2.069131   222A      2.077276   223A      2.082797  
     224A      2.114010   225A      2.134367   226A      2.149281  
     227A      2.173607   228A      2.187745   229A      2.200831  
     230A      2.214956   231A      2.215656   232A      2.228693  
     233A      2.235241   234A      2.256536   235A      2.261302  
     236A      2.264521   237A      2.296495   238A      2.325549  
     239A      2.348056   240A      2.359670   241A      2.373645  
     242A      2.409831   243A      2.459235   244A      2.472500  
     245A      2.496288   246A      2.519437   247A      2.529956  
     248A      2.537770   249A      2.542276   250A      2.546242  
     251A      2.623739   252A      2.629511   253A      2.634012  
     254A      2.635504   255A      2.644031   256A      2.658054  
     257A      2.681130   258A      2.723110   259A      2.770579  
     260A      2.777650   261A      2.786232   262A      2.792426  
     263A      2.828993   264A      2.851574   265A      2.887839  
     266A      2.920646   267A      2.962237   268A      3.004133  
     269A      3.024570   270A      3.067085   271A      3.117953  
     272A      3.251144   273A      3.269529   274A      3.510050  
     275A      3.539324  

    Final Occupation by Irrep:
              A 
    DOCC [    52 ]
    NA   [    52 ]
    NB   [    52 ]

  @DF-RKS Final Energy:  -594.90926869783380

   => Energetics <=

    Nuclear Repulsion Energy =            857.2894927314611095
    One-Electron Energy =               -2503.9487931438075066
    Two-Electron Energy =                1138.4866567404401394
    DFT Exchange-Correlation Energy =     -86.7027876103895068
    Empirical Dispersion Energy =          -0.0338374155379447
    VV10 Nonlocal Energy =                  0.0000000000000000
    Total Energy =                       -594.9092686978337952

Computation Completed


Properties will be evaluated at   0.000000,   0.000000,   0.000000 [a0]

Properties computed using the SCF density matrix


 Multipole Moments:

 ------------------------------------------------------------------------------------
     Multipole            Electronic (a.u.)      Nuclear  (a.u.)        Total (a.u.)
 ------------------------------------------------------------------------------------

 L = 1.  Multiply by 2.5417464519 to convert [e a0] to [Debye]
 Dipole X            :         -1.8081081            1.3718661           -0.4362419
 Dipole Y            :        -10.3773072           10.1488210           -0.2284862
 Dipole Z            :        -24.1994329           23.6775730           -0.5218600
 Magnitude           :                                                    0.7175310

 ------------------------------------------------------------------------------------

*** tstop() called on LAPTOP-257FNSVV at Thu Sep 10 23:10:33 2026
Module time:
	user time   =        nan seconds =        nan minutes
	system time =        nan seconds =        nan minutes
	total time  =         41 seconds =       0.68 minutes
Total time:
	user time   =        nan seconds =        nan minutes
	system time =        nan seconds =        nan minutes
	total time  =       1086 seconds =      18.10 minutes

*** tstart() called on LAPTOP-257FNSVV
*** at Thu Sep 10 23:10:33 2026


         ------------------------------------------------------------
                                   SCF GRAD                          
                          Rob Parrish, Justin Turney,                
                       Andy Simmonett, and Alex Sokolov              
         ------------------------------------------------------------

  ==> Geometry <==

    Molecular point group: c1
    Full point group: C1

    Geometry (in Angstrom), charge = 0, multiplicity = 1:

       Center              X                  Y                   Z               Mass       
    ------------   -----------------  -----------------  -----------------  -----------------
         C           -0.170174482205    -0.587356100494    -1.748312374671    12.000000000000
         C           -0.447870667931    -0.079074632100    -0.350636606982    12.000000000000
         N            0.464006606253     0.299933141182     0.484258585129    14.003074004430
         C            1.835194091717     0.187025066312     0.267835076583    12.000000000000
         C            2.466528238420    -1.066244776640     0.069003582306    12.000000000000
         C            3.859503144569    -1.146837114820    -0.063654112528    12.000000000000
         C            4.649465165524     0.012687318205    -0.016680076037    12.000000000000
         C            4.030502562150     1.258891705801     0.183837377380    12.000000000000
         C            2.642791162423     1.348143783838     0.341878160609    12.000000000000
         C           -1.870171875875     0.027360799031     0.090033298647    12.000000000000
         C           -2.939670728649    -0.405756214645    -0.724629357902    12.000000000000
         C           -4.266124176237    -0.304022761565    -0.278971041506    12.000000000000
         C           -4.545744239734     0.234402771543     0.985592914099    12.000000000000
         C           -3.488873286412     0.669560012191     1.805707527219    12.000000000000
         C           -2.166970776734     0.565405334501     1.363811736301    12.000000000000
         H           -0.470676521944    -1.650261722693    -1.855687821111     1.007825032230
         H           -0.759377713395    -0.012489497173    -2.491099313155     1.007825032230
         H            0.902299105764    -0.504120166657    -1.999753704417     1.007825032230
         H            1.849782820321    -1.977256415340     0.047344237493     1.007825032230
         H            4.332436782666    -2.130793415900    -0.207218332133     1.007825032230
         H            5.742118710753    -0.054293780713    -0.125664937977     1.007825032230
         H            4.639786510769     2.174830458651     0.229143012883     1.007825032230
         H            2.152460670956     2.316468284874     0.519556554186     1.007825032230
         H           -2.743062002965    -0.833057190919    -1.718152623887     1.007825032230
         H           -5.086824818036    -0.648671857702    -0.926269642327     1.007825032230
         H           -5.586746991462     0.315487217086     1.333965330821     1.007825032230
         H           -3.702022368245     1.093483184141     2.799033654617     1.007825032230
         H           -1.322564922459     0.896556569806     1.985728896461     1.007825032230

  Nuclear repulsion =  857.289492731461110

  ==> Basis Set <==

  Basis Set: DEF2-SVP
    Blend: DEF2-SVP
    Number of shells: 129
    Number of basis functions: 275
    Number of Cartesian functions: 290
    Spherical Harmonics?: true
    Max angular momentum: 2

  ==> DFJKGrad: Density-Fitted SCF Gradients <==

    Gradient:                    1
    J tasked:                  Yes
    K tasked:                   No
    wK tasked:                  No
    OpenMP threads:              2
    Integrals threads:           2
    Memory [MiB]:              357
    Schwarz Cutoff:          1E-12
    Fitting Condition:       1E-10

   => Auxiliary Basis Set <=

  Basis Set: (DEF2-SVP AUX)
    Blend: DEF2-UNIVERSAL-JKFIT
    Number of shells: 453
    Number of basis functions: 1361
    Number of Cartesian functions: 1599
    Spherical Harmonics?: true
    Max angular momentum: 4

  ==> DFT Potential <==

   => LibXC <=

    Version 7.1.2
    S. Lehtola, C. Steigemann, M. J. T. Oliveira, and M. A. L. Marques,  SoftwareX 7, 1–5 (2018) (10.1016/j.softx.2017.11.002)

   => Composite Functional: PBE-D3BJ2B <= 

    PBE GGA Exchange-Correlation Functional

    J.P. Perdew et. al., Phys. Rev. Lett., 77(18), 3865-3868, 1996


    Deriv               =              1
    GGA                 =           TRUE
    Meta                =          FALSE

    Exchange Hybrid     =          FALSE
    MP2 Hybrid          =          FALSE

   => Exchange Functionals <=

    1.0000     XC_GGA_X_PBE

   => Correlation Functionals <=

    1.0000     XC_GGA_C_PBE

   => LibXC Density Thresholds  <==

    XC_GGA_C_PBE:  1.00E-12 
    XC_GGA_X_PBE:  1.00E-15 

   => Molecular Quadrature <=

    Radial Scheme          =       TREUTLER
    Pruning Scheme         =           NONE
    Nuclear Scheme         =       TREUTLER

    Blocking Scheme        =         OCTREE
    BS radius alpha        =              1
    Pruning alpha          =              1
    Radial Points          =             75
    Spherical Points       =            302
    Total Points           =         581480
    Total Blocks           =           4234
    Max Points             =            256
    Max Functions          =            219
    Weights Tolerance      =       1.00E-15


  -Total Gradient:
     Atom            X                  Y                   Z
    ------   -----------------  -----------------  -----------------
       1        0.000001305412     0.000003249388     0.000001867602
       2       -0.000001340115    -0.000002800626    -0.000005541349
       3       -0.000000905257     0.000000833753     0.000002441308
       4        0.000008025633    -0.000001232537     0.000009450215
       5        0.000000184641    -0.000000190257    -0.000003907385
       6        0.000000897286    -0.000000740513     0.000000842655
       7        0.000000879215     0.000001482589     0.000002427257
       8        0.000001945907     0.000000682351    -0.000000864039
       9        0.000000738565    -0.000000237306     0.000000178990
      10        0.000001809610    -0.000000550023    -0.000000798713
      11        0.000000871726    -0.000000672246    -0.000000263060
      12        0.000001671083    -0.000000354567    -0.000001666654
      13        0.000000973051    -0.000001849335     0.000000497463
      14       -0.000000006394    -0.000002669161    -0.000000255912
      15       -0.000000647543    -0.000001172306     0.000001301327
      16        0.000001063755     0.000000312428    -0.000001550152
      17        0.000000537196     0.000001073590    -0.000000096180
      18        0.000001195097     0.000001009963    -0.000000137622
      19        0.000001199716    -0.000000013729    -0.000001073188
      20        0.000001790029     0.000000428572    -0.000000847159
      21        0.000001735255     0.000000346239     0.000001065137
      22        0.000001203426     0.000000108445     0.000003383613
      23        0.000000716268    -0.000000574461     0.000002485087
      24        0.000002018559     0.000000661551    -0.000001416472
      25        0.000001199329    -0.000000269378    -0.000001179217
      26        0.000000705701    -0.000002320326    -0.000000722750
      27        0.000000579892    -0.000003030595     0.000000664078
      28        0.000000905347    -0.000002424448     0.000000635610


*** tstop() called on LAPTOP-257FNSVV at Thu Sep 10 23:10:56 2026
Module time:
	user time   =        nan seconds =        nan minutes
	system time =        nan seconds =        nan minutes
	total time  =         23 seconds =       0.38 minutes
Total time:
	user time   =        nan seconds =        nan minutes
	system time =        nan seconds =        nan minutes
	total time  =       1109 seconds =      18.48 minutes

    			-----------------------------------------

    			 OPTKING 3.0: for geometry optimizations 

    			     By R.A. King, Bethel University     

    			        with contributions from          

    			    A.V. Copan, J. Cayton, A. Heide      

    			-----------------------------------------

    
	                            ===> Fragment 1 <== 

	 Z (Atomic Numbers)          Masses                          Geom                  
	       6.000000            12.000000         -0.32158316 -1.10994217 -3.30383157   
	       6.000000            12.000000         -0.84635290 -0.14942940 -0.66260716   
	       7.000000            14.003074          0.87684541  0.56679149  0.91511610   
	       6.000000            12.000000          3.46801422  0.35342615  0.50613494   
	       6.000000            12.000000          4.66106285 -2.01491061  0.13039787   
	       6.000000            12.000000          7.29340392 -2.16720806 -0.12028884   
	       6.000000            12.000000          8.78621579  0.02397556 -0.03152078   
	       6.000000            12.000000          7.61654599  2.37896055  0.34740229   
	       6.000000            12.000000          4.99415150  2.54762253  0.64605609   
	       6.000000            12.000000         -3.53411265  0.05170442  0.17013828   
	       6.000000            12.000000         -5.55517258 -0.76676812 -1.36935103   
	       6.000000            12.000000         -8.06180631 -0.57451976 -0.52717887   
	       6.000000            12.000000         -8.59021165  0.44295704  1.86250068   
	       6.000000            12.000000         -6.59301500  1.26528505  3.41229269   
	       6.000000            12.000000         -4.09498129  1.06846123  2.57723067   
	       1.000000             1.007825         -0.88944972 -3.11854269 -3.50674176   
	       1.000000             1.007825         -1.43501590 -0.02360173 -4.70749545   
	       1.000000             1.007825          1.70509819 -0.95264905 -3.77898682   
	       1.000000             1.007825          3.49558292 -3.73647310  0.08946764   
	       1.000000             1.007825          8.18711898 -4.02661599 -0.39158590   
	       1.000000             1.007825         10.85103174 -0.10260038 -0.23747232   
	       1.000000             1.007825          8.76792579  4.10983394  0.43301754   
	       1.000000             1.007825          4.06756116  4.37749064  0.98181959   
	       1.000000             1.007825         -5.18363593 -1.57424994 -3.24683790   
	       1.000000             1.007825         -9.61270575 -1.22581216 -1.75039594   
	       1.000000             1.007825        -10.55742175   0.59618444   2.52082914 
	       1.000000             1.007825         -6.99580839  2.06638374  5.28940702   
	       1.000000             1.007825         -2.49928549  1.69424637  3.75248377   

	 - Coordinate -           - BOHR/RAD -       - ANG/DEG -
	 R(1,2)           =         2.859027           1.512932
	 R(1,16)          =         2.097170           1.109774
	 R(1,17)          =         2.095266           1.108767
	 R(1,18)          =         2.087571           1.104695
	 R(2,3)           =         2.443685           1.293142
	 R(2,10)          =         2.820988           1.492802
	 R(3,4)           =         2.631909           1.392746
	 R(4,5)           =         2.678351           1.417322
	 R(4,9)           =         2.676410           1.416295
	 R(5,6)           =         2.648633           1.401596
	 R(5,19)          =         2.079374           1.100357
	 R(6,7)           =         2.652857           1.403832
	 R(6,20)          =         2.080799           1.101112
	 R(7,8)           =         2.656627           1.405826
	 R(7,21)          =         2.078919           1.100116
	 R(8,9)           =         2.644729           1.399531
	 R(8,22)          =         2.080608           1.101010
	 R(9,23)          =         2.078395           1.099839
	 R(10,11)         =         2.669196           1.412478
	 R(10,15)         =         2.672538           1.414246
	 R(11,12)         =         2.651306           1.403011
	 R(11,24)         =         2.077263           1.099240
	 R(12,13)         =         2.650479           1.402573
	 R(12,25)         =         2.079839           1.100603
	 R(13,14)         =         2.658359           1.406743
	 R(13,26)         =         2.080094           1.100738
	 R(14,15)         =         2.641257           1.397693
	 R(14,27)         =         2.080279           1.100836
	 R(15,28)         =         2.078238           1.099756
	 B(1,2,3)         =         2.171815         124.435809
	 B(1,2,10)        =         2.061834         118.134405
	 B(2,1,16)        =         1.940621         111.189409
	 B(2,1,17)        =         1.925340         110.313876
	 B(2,1,18)        =         1.942446         111.293968
	 B(2,3,4)         =         2.177498         124.761445
	 B(2,10,11)       =         2.128570         121.958092
	 B(2,10,15)       =         2.086278         119.534938
	 B(3,2,10)        =         2.049214         117.411323
	 B(3,4,5)         =         2.131794         122.142791
	 B(3,4,9)         =         2.079225         119.130809
	 B(4,5,6)         =         2.102293         120.452521
	 B(4,5,19)        =         2.077373         119.024679
	 B(4,9,8)         =         2.102748         120.478573
	 B(4,9,23)        =         2.066928         118.426255
	 B(5,4,9)         =         2.069480         118.572472
	 B(5,6,7)         =         2.104350         120.570382
	 B(5,6,20)        =         2.083559         119.379132
	 B(6,5,19)        =         2.103169         120.502698
	 B(6,7,8)         =         2.081974         119.288319
	 B(6,7,21)        =         2.100522         120.351047
	 B(7,6,20)        =         2.095275         120.050423
	 B(7,8,9)         =         2.105056         120.610841
	 B(7,8,22)        =         2.094017         119.978333
	 B(8,7,21)        =         2.100641         120.357888
	 B(8,9,23)        =         2.113491         121.094105
	 B(9,8,22)        =         2.084049         119.407189
	 B(10,11,12)      =         2.106473         120.692023
	 B(10,11,24)      =         2.100249         120.335423
	 B(10,15,14)      =         2.107834         120.769976
	 B(10,15,28)      =         2.051901         117.565239
	 B(11,10,15)      =         2.068296         118.504619
	 B(11,12,13)      =         2.097525         120.179346
	 B(11,12,25)      =         2.089173         119.700769
	 B(12,11,24)      =         2.076452         118.971932
	 B(12,13,14)      =         2.088165         119.643021
	 B(12,13,26)      =         2.096902         120.143637
	 B(13,12,25)      =         2.096487         120.119885
	 B(13,14,15)      =         2.098072         120.210658
	 B(13,14,27)      =         2.094057         119.980634
	 B(14,13,26)      =         2.098119         120.213340
	 B(14,15,28)      =         2.123450         121.664734
	 B(15,14,27)      =         2.091056         119.808707
	 B(16,1,17)       =         1.862795         106.730304
	 B(16,1,18)       =         1.889170         108.241481
	 B(17,1,18)       =         1.901128         108.926603
	 D(1,2,3,4)       =        -0.103895          -5.952731
	 D(1,2,10,11)     =         0.068213           3.908321
	 D(1,2,10,15)     =        -3.083262        -176.657901
	 D(2,3,4,5)       =        -1.061798         -60.836569
	 D(2,3,4,9)       =         2.159661         123.739439
	 D(2,10,11,12)    =         3.131730         179.434885
	 D(2,10,11,24)    =        -0.004804          -0.275262
	 D(2,10,15,14)    =        -3.134826        -179.612316
	 D(2,10,15,28)    =         0.008166           0.467870
	 D(3,2,1,16)      =         2.013933         115.389884
	 D(3,2,1,17)      =        -2.206076        -126.398872
	 D(3,2,1,18)      =        -0.093694          -5.368289
	 D(3,2,10,11)     =        -3.099437        -177.584652
	 D(3,2,10,15)     =         0.032273           1.849126
	 D(3,4,5,6)       =        -3.072707        -176.053126
	 D(3,4,5,19)      =         0.040565           2.324223
	 D(3,4,9,8)       =         3.095502         177.359189
	 D(3,4,9,23)      =        -0.052581          -3.012678
	 D(4,3,2,10)      =         3.065559         175.643600
	 D(4,5,6,7)       =        -0.012438          -0.712671
	 D(4,5,6,20)      =        -3.152450        -180.622084
	 D(4,9,8,7)       =        -0.028574          -1.637180
	 D(4,9,8,22)      =         3.125131         179.056797
	 D(5,4,9,8)       =         0.030906           1.770794
	 D(5,4,9,23)      =        -3.117177        -178.601073
	 D(5,6,7,8)       =         0.015230           0.872626
	 D(5,6,7,21)      =         3.146338         180.271901
	 D(6,5,4,9)       =        -0.010552          -0.604580
	 D(6,7,8,9)       =         0.005240           0.300217
	 D(6,7,8,22)      =         3.134651         179.602285
	 D(7,6,5,19)      =        -3.125289        -179.065897
	 D(7,8,9,23)      =         3.119684         178.744723
	 D(8,7,6,20)      =        -3.127954        -179.218569
	 D(9,4,5,19)      =         3.102720         177.772769
	 D(9,8,7,21)      =        -3.125868        -179.099016
	 D(10,2,1,16)     =        -1.155706         -66.217095
	 D(10,2,1,17)     =         0.907469          51.994149
	 D(10,2,1,18)     =         3.019851         173.024732
	 D(10,11,12,13)   =         0.002499           0.143210
	 D(10,11,12,25)   =        -3.139138        -179.859339
	 D(10,15,14,13)   =         0.003214           0.184134
	 D(10,15,14,27)   =        -3.138623        -179.829843
	 D(11,10,15,14)   =        -0.002775          -0.158986
	 D(11,10,15,28)   =         3.140217         179.921200
	 D(11,12,13,14)   =        -0.002082          -0.119272
	 D(11,12,13,26)   =        -3.143370        -180.101850
	 D(12,11,10,15)   =        -0.000079          -0.004515
	 D(12,13,14,15)   =        -0.000756          -0.043311
	 D(12,13,14,27)   =        -3.142104        -180.029311
	 D(13,12,11,24)   =         3.139101         179.857258
	 D(13,14,15,28)   =        -3.139837        -179.899383
	 D(14,13,12,25)   =         3.139556         179.883287
	 D(15,10,11,24)   =        -3.136613        -179.714662
	 D(15,14,13,26)   =         3.140532         179.939255
	 D(19,5,6,20)     =         0.017884           1.024690
	 D(20,6,7,21)     =         0.003154           0.180706
	 D(21,7,8,22)     =         0.003544           0.203052
	 D(22,8,9,23)     =        -0.009797          -0.561300
	 D(24,11,12,25)   =        -0.002536          -0.145291
	 D(25,12,13,26)   =        -0.001733          -0.099291
	 D(26,13,14,27)   =        -0.000816          -0.046745
	 D(27,14,15,28)   =         0.001512           0.086641


	        --- Internal Coordinate Step in ANG or DEG, aJ/ANG or AJ/DEG ---
	-------------------------------------------------------------------------------
	           Coordinate      Previous         Force          Change          New 
	           ----------      --------        ------          ------        ------
	               R(1,2)       1.51293        0.00002        0.00000       1.51294
	              R(1,16)       1.10977       -0.00001       -0.00000       1.10977
	              R(1,17)       1.10877       -0.00000       -0.00000       1.10877
	              R(1,18)       1.10469        0.00000        0.00000       1.10470
	               R(2,3)       1.29314       -0.00006       -0.00001       1.29314
	              R(2,10)       1.49280       -0.00001       -0.00000       1.49280
	               R(3,4)       1.39275       -0.00006       -0.00001       1.39274
	               R(4,5)       1.41732       -0.00000        0.00000       1.41732
	               R(4,9)       1.41630       -0.00001       -0.00000       1.41630
	               R(5,6)       1.40160       -0.00001       -0.00000       1.40160
	              R(5,19)       1.10036        0.00000        0.00000       1.10036
	               R(6,7)       1.40383       -0.00001       -0.00000       1.40383
	              R(6,20)       1.10111       -0.00000       -0.00000       1.10111
	               R(7,8)       1.40583        0.00000        0.00000       1.40583
	              R(7,21)       1.10012       -0.00001       -0.00000       1.10012
	               R(8,9)       1.39953       -0.00001       -0.00000       1.39953
	              R(8,22)       1.10101       -0.00000       -0.00000       1.10101
	              R(9,23)       1.09984        0.00000        0.00000       1.09984
	             R(10,11)       1.41248       -0.00000       -0.00000       1.41248
	             R(10,15)       1.41425       -0.00001       -0.00000       1.41425
	             R(11,12)       1.40301        0.00000        0.00000       1.40301
	             R(11,24)       1.09924       -0.00000       -0.00000       1.09924
	             R(12,13)       1.40257       -0.00000       -0.00000       1.40257
	             R(12,25)       1.10060       -0.00000       -0.00000       1.10060
	             R(13,14)       1.40674        0.00000        0.00000       1.40674
	             R(13,26)       1.10074       -0.00000        0.00000       1.10074
	             R(14,15)       1.39769       -0.00000       -0.00000       1.39769
	             R(14,27)       1.10084       -0.00000       -0.00000       1.10084
	             R(15,28)       1.09976       -0.00000       -0.00000       1.09976
	             B(1,2,3)     124.43581       -0.00000       -0.00037     124.43544
	            B(1,2,10)     118.13441        0.00000        0.00088     118.13529
	            B(2,1,16)     111.18941        0.00000        0.00019     111.18959
	            B(2,1,17)     110.31388        0.00000        0.00009     110.31396
	            B(2,1,18)     111.29397       -0.00000       -0.00039     111.29357
	             B(2,3,4)     124.76144       -0.00000        0.00010     124.76155
	           B(2,10,11)     121.95809        0.00000        0.00049     121.95858
	           B(2,10,15)     119.53494       -0.00000       -0.00063     119.53431
	            B(3,2,10)     117.41132       -0.00000       -0.00051     117.41081
	             B(3,4,5)     122.14279        0.00000        0.00042     122.14321
	             B(3,4,9)     119.13081       -0.00000       -0.00078     119.13003
	             B(4,5,6)     120.45252        0.00000        0.00018     120.45270
	            B(4,5,19)     119.02468        0.00000        0.00014     119.02481
	             B(4,9,8)     120.47857       -0.00000       -0.00002     120.47855
	            B(4,9,23)     118.42625        0.00000       -0.00007     118.42619
	             B(5,4,9)     118.57247        0.00000       -0.00020     118.57227
	             B(5,6,7)     120.57038       -0.00000       -0.00007     120.57031
	            B(5,6,20)     119.37913       -0.00000       -0.00010     119.37904
	            B(6,5,19)     120.50270       -0.00000       -0.00029     120.50241
	             B(6,7,8)     119.28832       -0.00000       -0.00007     119.28825
	            B(6,7,21)     120.35105        0.00000        0.00008     120.35112
	            B(7,6,20)     120.05042        0.00000        0.00017     120.05059
	             B(7,8,9)     120.61084        0.00000        0.00015     120.61099
	            B(7,8,22)     119.97833       -0.00000        0.00000     119.97833
	            B(8,7,21)     120.35789        0.00000       -0.00002     120.35787
	            B(8,9,23)     121.09410        0.00000        0.00009     121.09420
	            B(9,8,22)     119.40719       -0.00000       -0.00014     119.40705
	          B(10,11,12)     120.69202       -0.00000       -0.00010     120.69192
	          B(10,11,24)     120.33542        0.00000        0.00020     120.33562
	          B(10,15,14)     120.76998        0.00000       -0.00004     120.76994
	          B(10,15,28)     117.56524        0.00000        0.00012     117.56536
	          B(11,10,15)     118.50462        0.00000        0.00014     118.50476
	          B(11,12,13)     120.17935       -0.00000       -0.00001     120.17934
	          B(11,12,25)     119.70077       -0.00000       -0.00007     119.70070
	          B(12,11,24)     118.97193       -0.00000       -0.00010     118.97184
	          B(12,13,14)     119.64302        0.00000        0.00003     119.64305
	          B(12,13,26)     120.14364        0.00000        0.00010     120.14373
	          B(13,12,25)     120.11988        0.00000        0.00007     120.11996
	          B(13,14,15)     120.21066       -0.00000       -0.00002     120.21063
	          B(13,14,27)     119.98063       -0.00000       -0.00009     119.98055
	          B(14,13,26)     120.21334       -0.00000       -0.00013     120.21321
	          B(14,15,28)     121.66473       -0.00000       -0.00008     121.66465
	          B(15,14,27)     119.80871        0.00000        0.00011     119.80882
	           B(16,1,17)     106.73030        0.00000        0.00046     106.73077
	           B(16,1,18)     108.24148        0.00000       -0.00002     108.24147
	           B(17,1,18)     108.92660       -0.00000       -0.00030     108.92630
	           D(1,2,3,4)      -5.95273        0.00000       -0.00141      -5.95414
	         D(1,2,10,11)       3.90832        0.00000        0.00339       3.91172
	         D(1,2,10,15)    -176.65790        0.00000        0.00300    -176.65491
	           D(2,3,4,5)     -60.83657       -0.00000        0.00144     -60.83513
	           D(2,3,4,9)     123.73944        0.00000        0.00983     123.74927
	        D(2,10,11,12)     179.43488       -0.00000       -0.00063     179.43425
	        D(2,10,11,24)      -0.27526        0.00000        0.00008      -0.27519
	        D(2,10,15,14)    -179.61232       -0.00000        0.00007    -179.61224
	        D(2,10,15,28)       0.46787        0.00000        0.00053       0.46840
	          D(3,2,1,16)     115.38988       -0.00000        0.00043     115.39032
	          D(3,2,1,17)    -126.39887        0.00000        0.00118    -126.39769
	          D(3,2,1,18)      -5.36829       -0.00000        0.00060      -5.36769
	         D(3,2,10,11)    -177.58465        0.00000        0.00356    -177.58109
	         D(3,2,10,15)       1.84913        0.00000        0.00316       1.85229
	           D(3,4,5,6)    -176.05313        0.00000        0.00362    -176.04950
	          D(3,4,5,19)       2.32422        0.00000        0.00452       2.32875
	           D(3,4,9,8)     177.35919       -0.00000       -0.00496     177.35423
	          D(3,4,9,23)      -3.01268       -0.00000       -0.00446      -3.01714
	          D(4,3,2,10)     175.64360       -0.00000       -0.00161     175.64199
	           D(4,5,6,7)      -0.71267        0.00000        0.00280      -0.70988
	          D(4,5,6,20)    -180.62208        0.00000        0.00138    -180.62070
	           D(4,9,8,7)      -1.63718        0.00000        0.00052      -1.63666
	          D(4,9,8,22)     179.05680       -0.00000       -0.00107     179.05572
	           D(5,4,9,8)       1.77079        0.00000        0.00310       1.77389
	          D(5,4,9,23)    -178.60107        0.00000        0.00360    -178.59747
	           D(5,6,7,8)       0.87263        0.00000        0.00089       0.87352
	          D(5,6,7,21)     180.27190       -0.00000       -0.00092     180.27098
	           D(6,5,4,9)      -0.60458       -0.00000       -0.00475      -0.60933
	           D(6,7,8,9)       0.30022       -0.00000       -0.00255       0.29767
	          D(6,7,8,22)     179.60228       -0.00000       -0.00094     179.60134
	          D(7,6,5,19)    -179.06590        0.00000        0.00187    -179.06402
	          D(7,8,9,23)     178.74472        0.00000        0.00001     178.74473
	          D(8,7,6,20)    -179.21857        0.00000        0.00231    -179.21625
	          D(9,4,5,19)     177.77277       -0.00000       -0.00385     177.76892
	          D(9,8,7,21)    -179.09902       -0.00000       -0.00074    -179.09975
	         D(10,2,1,16)     -66.21710       -0.00000        0.00062     -66.21648
	         D(10,2,1,17)      51.99415        0.00000        0.00136      51.99551
	         D(10,2,1,18)     173.02473        0.00000        0.00078     173.02551
	       D(10,11,12,13)       0.14321        0.00000        0.00070       0.14391
	       D(10,11,12,25)    -179.85934        0.00000        0.00033    -179.85901
	       D(10,15,14,13)       0.18413        0.00000        0.00039       0.18452
	       D(10,15,14,27)    -179.82984        0.00000        0.00024    -179.82961
	       D(11,10,15,14)      -0.15899       -0.00000       -0.00031      -0.15929
	       D(11,10,15,28)     179.92120        0.00000        0.00015     179.92135
	       D(11,12,13,14)      -0.11927       -0.00000       -0.00062      -0.11989
	       D(11,12,13,26)    -180.10185       -0.00000       -0.00032    -180.10217
	       D(12,11,10,15)      -0.00451       -0.00000       -0.00023      -0.00475
	       D(12,13,14,15)      -0.04331        0.00000        0.00008      -0.04323
	       D(12,13,14,27)    -180.02931        0.00000        0.00023    -180.02908
	       D(13,12,11,24)     179.85726        0.00000       -0.00000     179.85726
	       D(13,14,15,28)    -179.89938       -0.00000       -0.00009    -179.89947
	       D(14,13,12,25)     179.88329       -0.00000       -0.00025     179.88304
	       D(15,10,11,24)    -179.71466        0.00000        0.00048    -179.71419
	       D(15,14,13,26)     179.93925       -0.00000       -0.00022     179.93903
	         D(19,5,6,20)       1.02469        0.00000        0.00046       1.02515
	         D(20,6,7,21)       0.18071        0.00000        0.00050       0.18120
	         D(21,7,8,22)       0.20305        0.00000        0.00087       0.20392
	         D(22,8,9,23)      -0.56130       -0.00000       -0.00159      -0.56289
	       D(24,11,12,25)      -0.14529       -0.00000       -0.00037      -0.14566
	       D(25,12,13,26)      -0.09929        0.00000        0.00005      -0.09924
	       D(26,13,14,27)      -0.04674       -0.00000       -0.00007      -0.04681
	       D(27,14,15,28)       0.08664       -0.00000       -0.00024       0.08640
	-------------------------------------------------------------------------------

	                                 ==> Convergence Check <==                                  
    
	Measures of convergence in internal coordinates in au.
    
	Criteria marked as inactive (o), active & met (*), and active & unmet ( ).

	----------------------------------------------------------------------------------------------
	   Step    Total Energy     Delta E     Max Force     RMS Force      Max Disp      RMS Disp   
	----------------------------------------------------------------------------------------------
	  Convergence Criteria              o    1.50e-05 *    1.00e-05 *    6.00e-05 *    4.00e-05 *
	----------------------------------------------------------------------------------------------
	    15    -594.90926870   -2.86e-07 o    7.26e-06 *    1.18e-06 *    1.72e-04      2.71e-05 *  ~
	----------------------------------------------------------------------------------------------

Next Geometry in Ang 
	Fragment 1 (Ang)

	    C  -0.1701980118  -0.5873604120  -1.7483901883
	    C  -0.4478856125  -0.0790601621  -0.3507158274
	    N   0.4639980166   0.2999693165   0.4841538291
	    C   1.8351735699   0.1870494782   0.2677237497
	    C   2.4665061462  -1.0662231929   0.0688975148
	    C   3.8594861135  -1.1468303833  -0.0636927578
	    C   4.6494633074   0.0126767340  -0.0165971333
	    C   4.0305100619   1.2588751418   0.1839930752
	    C   2.6427900958   1.3481439275   0.3419327416
	    C  -1.8701743312   0.0273666638   0.0899901582
	    C  -2.9396938206  -0.4058368761  -0.7245988717
	    C  -4.2661313022  -0.3041151252  -0.2788887156
	    C  -4.5457130142   0.2343975266   0.9856460891
	    C  -3.4888195518   0.6696425053   1.8056859406
	    C  -2.1669330296   0.5654893455   1.3637435931
	    H  -0.4706927151  -1.6502683202  -1.8557514926
	    H  -0.7594005096  -0.0125003202  -2.4911819197
	    H   0.9022751532  -0.5041206774  -1.9998344630
	    H   1.8497534873  -1.9772284952   0.0471730534
	    H   4.3324106889  -2.1307880380  -0.2072766060
	    H   5.7421222444  -0.0543144231  -0.1255138835
	    H   4.6398064728   2.1747995686   0.2294099642
	    H   2.1524663833   2.3164619249   0.5196666609
	    H  -2.7431167627  -0.8332072841  -1.7180979983
	    H  -5.0868485556  -0.6488369939  -0.9261274092
	    H  -5.5867026809   0.3154782916   1.3340585673
	    H  -3.7019405225   1.0936305212   2.7989901413
	    H  -1.3225113210   0.8967097582   1.9856021879


    Structure for next step:
    Molecular point group: c1
    Full point group: C1

    Geometry (in Angstrom), charge = 0, multiplicity = 1:

    C           -0.170198011787    -0.587360411984    -1.748390188341
    C           -0.447885612509    -0.079060162065    -0.350715827422
    N            0.463998016606     0.299969316530     0.484153829127
    C            1.835173569925     0.187049478212     0.267723749741
    C            2.466506146233    -1.066223192911     0.068897514765
    C            3.859486113506    -1.146830383323    -0.063692757776
    C            4.649463307422     0.012676733957    -0.016597133297
    C            4.030510061872     1.258875141795     0.183993075246
    C            2.642790095786     1.348143927475     0.341932741624
    C           -1.870174331164     0.027366663795     0.089990158209
    C           -2.939693820634    -0.405836876058    -0.724598871659
    C           -4.266131302163    -0.304115125238    -0.278888715592
    C           -4.545713014244     0.234397526582     0.985646089061
    C           -3.488819551771     0.669642505320     1.805685940553
    C           -2.166933029583     0.565489345459     1.363743593147
    H           -0.470692715055    -1.650268320160    -1.855751492559
    H           -0.759400509612    -0.012500320192    -2.491181919681
    H            0.902275153183    -0.504120677445    -1.999834463033
    H            1.849753487257    -1.977228495199     0.047173053415
    H            4.332410688909    -2.130788038038    -0.207276606022
    H            5.742122244376    -0.054314423149    -0.125513883523
    H            4.639806472759     2.174799568641     0.229409964247
    H            2.152466383332     2.316461924913     0.519666660877
    H           -2.743116762654    -0.833207284124    -1.718097998277
    H           -5.086848555601    -0.648836993943    -0.926127409226
    H           -5.586702680909     0.315478291611     1.334058567271
    H           -3.701940522462     1.093630521176     2.798990141319
    H           -1.322511321018     0.896709758162     1.985602187907


Scratch directory: C:\Users\HUIWEI\Documents\Codex\2026-09-10\25-ee-phase5-phase24-1-hantzsch-3\work\qm_scratch\pbe_E_opt_01/
gradient() will perform analytic gradient computation.
   => Libint2 <=

    Primary   basis highest AM E, G, H:  7, 6, -
    Auxiliary basis highest AM E, G, H:  7, 7, -
    Onebody   basis highest AM E, G, H:  -, -, -
    Solid Harmonics ordering:            Gaussian

*** tstart() called on LAPTOP-257FNSVV
*** at Thu Sep 10 23:10:57 2026

   => Loading Basis Set <=

    Name: DEF2-SVP
    Role: ORBITAL
    Keyword: BASIS
    atoms 1-2, 4-15 entry C          line    90 file C:\Users\HUIWEI\miniconda3\envs\phase7\Library\share\psi4\basis\def2-svp.gbs 
    atoms 3         entry N          line   110 file C:\Users\HUIWEI\miniconda3\envs\phase7\Library\share\psi4\basis\def2-svp.gbs 
    atoms 16-28     entry H          line    15 file C:\Users\HUIWEI\miniconda3\envs\phase7\Library\share\psi4\basis\def2-svp.gbs 

   => PBE-D3(BJ): Empirical Dispersion <=

    Grimme's -D3 (BJ-damping) Dispersion Correction
    Grimme S.; Ehrlich S.; Goerigk L. (2011), J. Comput. Chem., 32: 1456

        s6 =       1.000000
        s8 =       0.787500
        a1 =       0.428900
        a2 =       4.440700


         ---------------------------------------------------------
                                   SCF
               by Justin Turney, Rob Parrish, Andy Simmonett
                          and Daniel G. A. Smith
                              RKS Reference
                        2 Threads,    476 MiB Core
         ---------------------------------------------------------

  ==> Geometry <==

    Molecular point group: c1
    Full point group: C1

    Geometry (in Angstrom), charge = 0, multiplicity = 1:

       Center              X                  Y                   Z               Mass       
    ------------   -----------------  -----------------  -----------------  -----------------
         C           -0.170198011787    -0.587360411984    -1.748390188341    12.000000000000
         C           -0.447885612509    -0.079060162065    -0.350715827422    12.000000000000
         N            0.463998016606     0.299969316530     0.484153829127    14.003074004430
         C            1.835173569925     0.187049478212     0.267723749741    12.000000000000
         C            2.466506146233    -1.066223192911     0.068897514765    12.000000000000
         C            3.859486113506    -1.146830383323    -0.063692757776    12.000000000000
         C            4.649463307422     0.012676733957    -0.016597133297    12.000000000000
         C            4.030510061872     1.258875141795     0.183993075246    12.000000000000
         C            2.642790095786     1.348143927475     0.341932741624    12.000000000000
         C           -1.870174331164     0.027366663795     0.089990158209    12.000000000000
         C           -2.939693820634    -0.405836876058    -0.724598871659    12.000000000000
         C           -4.266131302163    -0.304115125238    -0.278888715592    12.000000000000
         C           -4.545713014244     0.234397526582     0.985646089061    12.000000000000
         C           -3.488819551771     0.669642505320     1.805685940553    12.000000000000
         C           -2.166933029583     0.565489345459     1.363743593147    12.000000000000
         H           -0.470692715055    -1.650268320160    -1.855751492559     1.007825032230
         H           -0.759400509612    -0.012500320192    -2.491181919681     1.007825032230
         H            0.902275153183    -0.504120677445    -1.999834463033     1.007825032230
         H            1.849753487257    -1.977228495199     0.047173053415     1.007825032230
         H            4.332410688909    -2.130788038038    -0.207276606022     1.007825032230
         H            5.742122244376    -0.054314423149    -0.125513883523     1.007825032230
         H            4.639806472759     2.174799568641     0.229409964247     1.007825032230
         H            2.152466383332     2.316461924913     0.519666660877     1.007825032230
         H           -2.743116762654    -0.833207284124    -1.718097998277     1.007825032230
         H           -5.086848555601    -0.648836993943    -0.926127409226     1.007825032230
         H           -5.586702680909     0.315478291611     1.334058567271     1.007825032230
         H           -3.701940522462     1.093630521176     2.798990141319     1.007825032230
         H           -1.322511321018     0.896709758162     1.985602187907     1.007825032230

  Running in c1 symmetry.

  Rotational constants: A =      0.06389  B =      0.00895  C =      0.00833 [cm^-1]
  Rotational constants: A =   1915.45139  B =    268.43388  C =    249.71762 [MHz]
  Nuclear repulsion =  857.290119292769077

  Charge       = 0
  Multiplicity = 1
  Electrons    = 104
  Nalpha       = 52
  Nbeta        = 52

  ==> Algorithm <==

  SCF Algorithm Type is DF.
  DIIS enabled.
  MOM disabled.
  Fractional occupation disabled.
  Guess Type is READ.
  Energy threshold   = 1.00e-09
  Density threshold  = 1.00e-08
  Integral threshold = 1.00e-12

  ==> Primary Basis <==

  Basis Set: DEF2-SVP
    Blend: DEF2-SVP
    Number of shells: 129
    Number of basis functions: 275
    Number of Cartesian functions: 290
    Spherical Harmonics?: true
    Max angular momentum: 2

  ==> DFT Potential <==

   => LibXC <=

    Version 7.1.2
    S. Lehtola, C. Steigemann, M. J. T. Oliveira, and M. A. L. Marques,  SoftwareX 7, 1–5 (2018) (10.1016/j.softx.2017.11.002)

   => Composite Functional: PBE-D3BJ2B <= 

    PBE GGA Exchange-Correlation Functional

    J.P. Perdew et. al., Phys. Rev. Lett., 77(18), 3865-3868, 1996


    Deriv               =              1
    GGA                 =           TRUE
    Meta                =          FALSE

    Exchange Hybrid     =          FALSE
    MP2 Hybrid          =          FALSE

   => Exchange Functionals <=

    1.0000     XC_GGA_X_PBE

   => Correlation Functionals <=

    1.0000     XC_GGA_C_PBE

   => LibXC Density Thresholds  <==

    XC_GGA_C_PBE:  1.00E-12 
    XC_GGA_X_PBE:  1.00E-15 

   => Molecular Quadrature <=

    Radial Scheme          =       TREUTLER
    Pruning Scheme         =           NONE
    Nuclear Scheme         =       TREUTLER

    Blocking Scheme        =         OCTREE
    BS radius alpha        =              1
    Pruning alpha          =              1
    Radial Points          =             75
    Spherical Points       =            302
    Total Points           =         581479
    Total Blocks           =           4235
    Max Points             =            256
    Max Functions          =            219
    Weights Tolerance      =       1.00E-15

   => Loading Basis Set <=

    Name: (DEF2-SVP AUX)
    Role: JKFIT
    Keyword: DF_BASIS_SCF
    atoms 1-2, 4-15 entry C          line   198 file C:\Users\HUIWEI\miniconda3\envs\phase7\Library\share\psi4\basis\def2-universal-jkfit.gbs 
    atoms 3         entry N          line   258 file C:\Users\HUIWEI\miniconda3\envs\phase7\Library\share\psi4\basis\def2-universal-jkfit.gbs 
    atoms 16-28     entry H          line    18 file C:\Users\HUIWEI\miniconda3\envs\phase7\Library\share\psi4\basis\def2-universal-jkfit.gbs 

   => Loading Basis Set <=

    Name: DEF2-SVP
    Role: ORBITAL
    Keyword: BASIS
    atoms 1-2, 4-15 entry C          line    90 file C:\Users\HUIWEI\miniconda3\envs\phase7\Library\share\psi4\basis\def2-svp.gbs 
    atoms 3         entry N          line   110 file C:\Users\HUIWEI\miniconda3\envs\phase7\Library\share\psi4\basis\def2-svp.gbs 
    atoms 16-28     entry H          line    15 file C:\Users\HUIWEI\miniconda3\envs\phase7\Library\share\psi4\basis\def2-svp.gbs 

  Reading orbitals from file C:\Users\HUIWEI\Documents\Codex\2026-09-10\25-ee-phase5-phase24-1-hantzsch-3\work\qm_scratch\pbe_E_opt_01/psi4.default.35548.180.npy, no projection.

  ==> Integral Setup <==

  ==> DiskDFJK: Density-Fitted J/K Matrices <==

    J tasked:                  Yes
    K tasked:                   No
    wK tasked:                  No
    OpenMP threads:              2
    Integrals threads:           2
    Memory [MiB]:              344
    Algorithm:                Disk
    Integral Cache:           NONE
    Schwarz Cutoff:          1E-12
    Fitting Condition:       1E-10

   => Auxiliary Basis Set <=

  Basis Set: (DEF2-SVP AUX)
    Blend: DEF2-UNIVERSAL-JKFIT
    Number of shells: 453
    Number of basis functions: 1361
    Number of Cartesian functions: 1599
    Spherical Harmonics?: true
    Max angular momentum: 4

  Cached 0.6% of DFT collocation blocks in 0.014 [GiB].

  Minimum eigenvalue in the overlap matrix is 2.9650572090E-04.
  Reciprocal condition number of the overlap matrix is 4.6085260482E-05.
    Using symmetric orthogonalization.

  ==> Pre-Iterations <==

  SCF Guess: Orbitals guess was supplied from a previous computation.

   -------------------------------------------------------
    Irrep   Nso     Nmo     Nalpha   Nbeta   Ndocc  Nsocc
   -------------------------------------------------------
     A        275     275      52      52      52       0
   -------------------------------------------------------
    Total     275     275      52      52      52       0
   -------------------------------------------------------

  ==> Iterations <==

                           Total Energy        Delta E     RMS |[F,P]|

   @DF-RKS iter   0:  -594.90927898845609   -5.94909e+02   1.19106e-06 
   @DF-RKS iter   1:  -594.90926867855057    1.03099e-05   1.11755e-07 DIIS
   @DF-RKS iter   2:  -594.90926867677206    1.77852e-09   2.40028e-07 DIIS
   @DF-RKS iter   3:  -594.90926867884468   -2.07262e-09   7.84398e-08 DIIS
   @DF-RKS iter   4:  -594.90926867908229   -2.37605e-10   1.55807e-08 DIIS
   @DF-RKS iter   5:  -594.90926867909138   -9.09495e-12   2.71348e-09 DIIS
  Energy and wave function converged.


  ==> Post-Iterations <==

   Electrons on quadrature grid:
      Ntotal   =  103.9999803111 ; deviation = -1.969e-05 

    Orbital Energies [Eh]
    ---------------------

    Doubly Occupied:                                                      

       1A    -13.991720     2A     -9.955780     3A     -9.930459  
       4A     -9.911670     5A     -9.910347     6A     -9.909289  
       7A     -9.908328     8A     -9.906292     9A     -9.906236  
      10A     -9.902596    11A     -9.900099    12A     -9.899238  
      13A     -9.898566    14A     -9.895493    15A     -9.895207  
      16A     -0.848750    17A     -0.775542    18A     -0.756371  
      19A     -0.699482    20A     -0.671253    21A     -0.662563  
      22A     -0.655032    23A     -0.643051    24A     -0.573296  
      25A     -0.542338    26A     -0.537067    27A     -0.529268  
      28A     -0.492215    29A     -0.468463    30A     -0.441796  
      31A     -0.426153    32A     -0.411347    33A     -0.403732  
      34A     -0.395875    35A     -0.389369    36A     -0.383313  
      37A     -0.378154    38A     -0.373751    39A     -0.366503  
      40A     -0.345093    41A     -0.335710    42A     -0.327771  
      43A     -0.314658    44A     -0.308438    45A     -0.303522  
      46A     -0.300374    47A     -0.280652    48A     -0.252329  
      49A     -0.233928    50A     -0.225126    51A     -0.221793  
      52A     -0.186968  

    Virtual:                                                              

      53A     -0.086250    54A     -0.043466    55A     -0.035904  
      56A     -0.026780    57A      0.002273    58A      0.033959  
      59A      0.041897    60A      0.054822    61A      0.078128  
      62A      0.080630    63A      0.094677    64A      0.100280  
      65A      0.101429    66A      0.106988    67A      0.108170  
      68A      0.118288    69A      0.125555    70A      0.127596  
      71A      0.139480    72A      0.141736    73A      0.172196  
      74A      0.204489    75A      0.225468    76A      0.233852  
      77A      0.248333    78A      0.248966    79A      0.255084  
      80A      0.266534    81A      0.274035    82A      0.283685  
      83A      0.287527    84A      0.314528    85A      0.322965  
      86A      0.349138    87A      0.359782    88A      0.369705  
      89A      0.377462    90A      0.379960    91A      0.394222  
      92A      0.396248    93A      0.401579    94A      0.412764  
      95A      0.423206    96A      0.430225    97A      0.436388  
      98A      0.444205    99A      0.452021   100A      0.453128  
     101A      0.455739   102A      0.461366   103A      0.467427  
     104A      0.487497   105A      0.497766   106A      0.506455  
     107A      0.514276   108A      0.527856   109A      0.540010  
     110A      0.544313   111A      0.553546   112A      0.554661  
     113A      0.572060   114A      0.578747   115A      0.585324  
     116A      0.589811   117A      0.599724   118A      0.603042  
     119A      0.608312   120A      0.612918   121A      0.620685  
     122A      0.627653   123A      0.629087   124A      0.638489  
     125A      0.647240   126A      0.660797   127A      0.665784  
     128A      0.666511   129A      0.673402   130A      0.674232  
     131A      0.681977   132A      0.690725   133A      0.699698  
     134A      0.708265   135A      0.715247   136A      0.723816  
     137A      0.748784   138A      0.756572   139A      0.758331  
     140A      0.778636   141A      0.797332   142A      0.811058  
     143A      0.821775   144A      0.876545   145A      0.887608  
     146A      0.921132   147A      0.935950   148A      0.995780  
     149A      1.003993   150A      1.026279   151A      1.036913  
     152A      1.051031   153A      1.094051   154A      1.110014  
     155A      1.118201   156A      1.144217   157A      1.161048  
     158A      1.179675   159A      1.182195   160A      1.184763  
     161A      1.193120   162A      1.209375   163A      1.211227  
     164A      1.226707   165A      1.227732   166A      1.233478  
     167A      1.239466   168A      1.252419   169A      1.260516  
     170A      1.293217   171A      1.328880   172A      1.440522  
     173A      1.452411   174A      1.476600   175A      1.499044  
     176A      1.510203   177A      1.538132   178A      1.585281  
     179A      1.590018   180A      1.593203   181A      1.600580  
     182A      1.607097   183A      1.636308   184A      1.642934  
     185A      1.647711   186A      1.667482   187A      1.671377  
     188A      1.673528   189A      1.677601   190A      1.681166  
     191A      1.685124   192A      1.690119   193A      1.692992  
     194A      1.699998   195A      1.714343   196A      1.725283  
     197A      1.741633   198A      1.747026   199A      1.755084  
     200A      1.778816   201A      1.789605   202A      1.797881  
     203A      1.827675   204A      1.836224   205A      1.855664  
     206A      1.871908   207A      1.877139   208A      1.878477  
     209A      1.900502   210A      1.901294   211A      1.905674  
     212A      1.908739   213A      1.913320   214A      1.946532  
     215A      1.993328   216A      2.010075   217A      2.016658  
     218A      2.040429   219A      2.045772   220A      2.065120  
     221A      2.069130   222A      2.077272   223A      2.082796  
     224A      2.114012   225A      2.134373   226A      2.149277  
     227A      2.173615   228A      2.187749   229A      2.200831  
     230A      2.214956   231A      2.215663   232A      2.228695  
     233A      2.235243   234A      2.256537   235A      2.261304  
     236A      2.264520   237A      2.296495   238A      2.325549  
     239A      2.348059   240A      2.359669   241A      2.373644  
     242A      2.409835   243A      2.459236   244A      2.472500  
     245A      2.496288   246A      2.519441   247A      2.529955  
     248A      2.537773   249A      2.542267   250A      2.546250  
     251A      2.623740   252A      2.629513   253A      2.634013  
     254A      2.635506   255A      2.644033   256A      2.658062  
     257A      2.681129   258A      2.723111   259A      2.770583  
     260A      2.777650   261A      2.786232   262A      2.792426  
     263A      2.828993   264A      2.851573   265A      2.887836  
     266A      2.920652   267A      2.962237   268A      3.004133  
     269A      3.024571   270A      3.067088   271A      3.117950  
     272A      3.251166   273A      3.269533   274A      3.510053  
     275A      3.539324  

    Final Occupation by Irrep:
              A 
    DOCC [    52 ]
    NA   [    52 ]
    NB   [    52 ]

  @DF-RKS Final Energy:  -594.90926867909138

   => Energetics <=

    Nuclear Repulsion Energy =            857.2901192927690772
    One-Electron Energy =               -2503.9500423302661147
    Two-Electron Energy =                1138.4872919046415518
    DFT Exchange-Correlation Energy =     -86.7028001478335852
    Empirical Dispersion Energy =          -0.0338373984022869
    VV10 Nonlocal Energy =                  0.0000000000000000
    Total Energy =                       -594.9092686790913831

Computation Completed


Properties will be evaluated at   0.000000,   0.000000,   0.000000 [a0]

Properties computed using the SCF density matrix


 Multipole Moments:

 ------------------------------------------------------------------------------------
     Multipole            Electronic (a.u.)      Nuclear  (a.u.)        Total (a.u.)
 ------------------------------------------------------------------------------------

 L = 1.  Multiply by 2.5417464519 to convert [e a0] to [Debye]
 Dipole X            :         -1.8079627            1.3717356           -0.4362271
 Dipole Y            :        -10.3780150           10.1495145           -0.2285005
 Dipole Z            :        -24.1973795           23.6755657           -0.5218138
 Magnitude           :                                                    0.7174930

 ------------------------------------------------------------------------------------

*** tstop() called on LAPTOP-257FNSVV at Thu Sep 10 23:11:50 2026
Module time:
	user time   =        nan seconds =        nan minutes
	system time =        nan seconds =        nan minutes
	total time  =         53 seconds =       0.88 minutes
Total time:
	user time   =        nan seconds =        nan minutes
	system time =        nan seconds =        nan minutes
	total time  =       1163 seconds =      19.38 minutes

*** tstart() called on LAPTOP-257FNSVV
*** at Thu Sep 10 23:11:50 2026


         ------------------------------------------------------------
                                   SCF GRAD                          
                          Rob Parrish, Justin Turney,                
                       Andy Simmonett, and Alex Sokolov              
         ------------------------------------------------------------

  ==> Geometry <==

    Molecular point group: c1
    Full point group: C1

    Geometry (in Angstrom), charge = 0, multiplicity = 1:

       Center              X                  Y                   Z               Mass       
    ------------   -----------------  -----------------  -----------------  -----------------
         C           -0.170198011787    -0.587360411984    -1.748390188341    12.000000000000
         C           -0.447885612509    -0.079060162065    -0.350715827422    12.000000000000
         N            0.463998016606     0.299969316530     0.484153829127    14.003074004430
         C            1.835173569925     0.187049478212     0.267723749741    12.000000000000
         C            2.466506146233    -1.066223192911     0.068897514765    12.000000000000
         C            3.859486113506    -1.146830383323    -0.063692757776    12.000000000000
         C            4.649463307422     0.012676733957    -0.016597133297    12.000000000000
         C            4.030510061872     1.258875141795     0.183993075246    12.000000000000
         C            2.642790095786     1.348143927475     0.341932741624    12.000000000000
         C           -1.870174331164     0.027366663795     0.089990158209    12.000000000000
         C           -2.939693820634    -0.405836876058    -0.724598871659    12.000000000000
         C           -4.266131302163    -0.304115125238    -0.278888715592    12.000000000000
         C           -4.545713014244     0.234397526582     0.985646089061    12.000000000000
         C           -3.488819551771     0.669642505320     1.805685940553    12.000000000000
         C           -2.166933029583     0.565489345459     1.363743593147    12.000000000000
         H           -0.470692715055    -1.650268320160    -1.855751492559     1.007825032230
         H           -0.759400509612    -0.012500320192    -2.491181919681     1.007825032230
         H            0.902275153183    -0.504120677445    -1.999834463033     1.007825032230
         H            1.849753487257    -1.977228495199     0.047173053415     1.007825032230
         H            4.332410688909    -2.130788038038    -0.207276606022     1.007825032230
         H            5.742122244376    -0.054314423149    -0.125513883523     1.007825032230
         H            4.639806472759     2.174799568641     0.229409964247     1.007825032230
         H            2.152466383332     2.316461924913     0.519666660877     1.007825032230
         H           -2.743116762654    -0.833207284124    -1.718097998277     1.007825032230
         H           -5.086848555601    -0.648836993943    -0.926127409226     1.007825032230
         H           -5.586702680909     0.315478291611     1.334058567271     1.007825032230
         H           -3.701940522462     1.093630521176     2.798990141319     1.007825032230
         H           -1.322511321018     0.896709758162     1.985602187907     1.007825032230

  Nuclear repulsion =  857.290119292769077

  ==> Basis Set <==

  Basis Set: DEF2-SVP
    Blend: DEF2-SVP
    Number of shells: 129
    Number of basis functions: 275
    Number of Cartesian functions: 290
    Spherical Harmonics?: true
    Max angular momentum: 2

  ==> DFJKGrad: Density-Fitted SCF Gradients <==

    Gradient:                    1
    J tasked:                  Yes
    K tasked:                   No
    wK tasked:                  No
    OpenMP threads:              2
    Integrals threads:           2
    Memory [MiB]:              357
    Schwarz Cutoff:          1E-12
    Fitting Condition:       1E-10

   => Auxiliary Basis Set <=

  Basis Set: (DEF2-SVP AUX)
    Blend: DEF2-UNIVERSAL-JKFIT
    Number of shells: 453
    Number of basis functions: 1361
    Number of Cartesian functions: 1599
    Spherical Harmonics?: true
    Max angular momentum: 4

  ==> DFT Potential <==

   => LibXC <=

    Version 7.1.2
    S. Lehtola, C. Steigemann, M. J. T. Oliveira, and M. A. L. Marques,  SoftwareX 7, 1–5 (2018) (10.1016/j.softx.2017.11.002)

   => Composite Functional: PBE-D3BJ2B <= 

    PBE GGA Exchange-Correlation Functional

    J.P. Perdew et. al., Phys. Rev. Lett., 77(18), 3865-3868, 1996


    Deriv               =              1
    GGA                 =           TRUE
    Meta                =          FALSE

    Exchange Hybrid     =          FALSE
    MP2 Hybrid          =          FALSE

   => Exchange Functionals <=

    1.0000     XC_GGA_X_PBE

   => Correlation Functionals <=

    1.0000     XC_GGA_C_PBE

   => LibXC Density Thresholds  <==

    XC_GGA_C_PBE:  1.00E-12 
    XC_GGA_X_PBE:  1.00E-15 

   => Molecular Quadrature <=

    Radial Scheme          =       TREUTLER
    Pruning Scheme         =           NONE
    Nuclear Scheme         =       TREUTLER

    Blocking Scheme        =         OCTREE
    BS radius alpha        =              1
    Pruning alpha          =              1
    Radial Points          =             75
    Spherical Points       =            302
    Total Points           =         581479
    Total Blocks           =           4235
    Max Points             =            256
    Max Functions          =            219
    Weights Tolerance      =       1.00E-15


  -Total Gradient:
     Atom            X                  Y                   Z
    ------   -----------------  -----------------  -----------------
       1        0.000002069813     0.000002148667     0.000000227098
       2        0.000002905538     0.000000269377     0.000000401358
       3        0.000000113051    -0.000000314571     0.000002136559
       4       -0.000000397062     0.000000077543    -0.000004534454
       5        0.000001921205    -0.000000001901     0.000001506380
       6        0.000001480245    -0.000000139476    -0.000000143712
       7        0.000000812498     0.000000553315     0.000000467636
       8        0.000001255116    -0.000000331737     0.000003311737
       9       -0.000000168917    -0.000000594895     0.000002976559
      10        0.000002236448    -0.000000445456     0.000000142928
      11        0.000000881019    -0.000000226168    -0.000000484335
      12        0.000001166163    -0.000001059104    -0.000001083221
      13        0.000000867857    -0.000001574511    -0.000000234783
      14        0.000000836383    -0.000002217386     0.000000091618
      15        0.000000780167    -0.000002362964     0.000000268776
      16        0.000001365874     0.000000401191    -0.000001240624
      17        0.000001600391     0.000001456922    -0.000000247291
      18        0.000001959001     0.000001247183    -0.000000169693
      19        0.000001076183    -0.000000752655    -0.000000931176
      20        0.000001741986     0.000000055458    -0.000000706084
      21        0.000001311212     0.000000329623     0.000001303803
      22        0.000000792407     0.000000226543     0.000002668482
      23        0.000000532439    -0.000000282577     0.000002646218
      24        0.000001372340     0.000000360544    -0.000001263678
      25        0.000001003175    -0.000000412314    -0.000001493235
      26        0.000000371896    -0.000002240677    -0.000000395362
      27        0.000000394741    -0.000003049019     0.000000891558
      28        0.000000959374    -0.000002033071     0.000000809681


*** tstop() called on LAPTOP-257FNSVV at Thu Sep 10 23:12:10 2026
Module time:
	user time   =        nan seconds =        nan minutes
	system time =        nan seconds =        nan minutes
	total time  =         20 seconds =       0.33 minutes
Total time:
	user time   =        nan seconds =        nan minutes
	system time =        nan seconds =        nan minutes
	total time  =       1183 seconds =      19.72 minutes

    			-----------------------------------------

    			 OPTKING 3.0: for geometry optimizations 

    			     By R.A. King, Bethel University     

    			        with contributions from          

    			    A.V. Copan, J. Cayton, A. Heide      

    			-----------------------------------------

    
	                            ===> Fragment 1 <== 

	 Z (Atomic Numbers)          Masses                          Geom                  
	       6.000000            12.000000         -0.32162763 -1.10995032 -3.30397862   
	       6.000000            12.000000         -0.84638114 -0.14940205 -0.66275686   
	       7.000000            14.003074          0.87682917  0.56685985  0.91491814   
	       6.000000            12.000000          3.46797544  0.35347229  0.50592456   
	       6.000000            12.000000          4.66102110 -2.01486982  0.13019743   
	       6.000000            12.000000          7.29337174 -2.16719534 -0.12036187   
	       6.000000            12.000000          8.78621228  0.02395556 -0.03136404   
	       6.000000            12.000000          7.61656016  2.37892924  0.34769652   
	       6.000000            12.000000          4.99414949  2.54762280  0.64615923   
	       6.000000            12.000000         -3.53411729  0.05171550  0.17005675   
	       6.000000            12.000000         -5.55521621 -0.76692055 -1.36929342   
	       6.000000            12.000000         -8.06181978 -0.57469430 -0.52702329   
	       6.000000            12.000000         -8.59015264  0.44294713  1.86260116   
	       6.000000            12.000000         -6.59291345  1.26544094  3.41225190   
	       6.000000            12.000000         -4.09490996  1.06861999  2.57710190   
	       1.000000             1.007825         -0.88948032 -3.11855516 -3.50686208   
	       1.000000             1.007825         -1.43505898 -0.02362218 -4.70765156   
	       1.000000             1.007825          1.70505293 -0.95265001 -3.77913943   
	       1.000000             1.007825          3.49552749 -3.73642034  0.08914415   
	       1.000000             1.007825          8.18706967 -4.02660582 -0.39169602   
	       1.000000             1.007825         10.85103842 -0.10263938 -0.23718686   
	       1.000000             1.007825          8.76796351  4.10977556  0.43352200   
	       1.000000             1.007825          4.06757196  4.37747862  0.98202767   
	       1.000000             1.007825         -5.18373941 -1.57453357 -3.24673467   
	       1.000000             1.007825         -9.61275061 -1.22612422 -1.75012716   
	       1.000000             1.007825        -10.55733801   0.59616757   2.52100533 
	       1.000000             1.007825         -6.99565372  2.06666217  5.28932479   
	       1.000000             1.007825         -2.49918419  1.69453586  3.75224433   

	 - Coordinate -           - BOHR/RAD -       - ANG/DEG -
	 R(1,2)           =         2.859033           1.512935
	 R(1,16)          =         2.097168           1.109773
	 R(1,17)          =         2.095265           1.108767
	 R(1,18)          =         2.087572           1.104695
	 R(2,3)           =         2.443674           1.293137
	 R(2,10)          =         2.820984           1.492801
	 R(3,4)           =         2.631891           1.392737
	 R(4,5)           =         2.678353           1.417323
	 R(4,9)           =         2.676410           1.416295
	 R(5,6)           =         2.648632           1.401596
	 R(5,19)          =         2.079374           1.100357
	 R(6,7)           =         2.652854           1.403830
	 R(6,20)          =         2.080799           1.101112
	 R(7,8)           =         2.656628           1.405827
	 R(7,21)          =         2.078917           1.100116
	 R(8,9)           =         2.644726           1.399529
	 R(8,22)          =         2.080607           1.101010
	 R(9,23)          =         2.078395           1.099839
	 R(10,11)         =         2.669196           1.412477
	 R(10,15)         =         2.672536           1.414245
	 R(11,12)         =         2.651307           1.403011
	 R(11,24)         =         2.077262           1.099240
	 R(12,13)         =         2.650478           1.402573
	 R(12,25)         =         2.079839           1.100603
	 R(13,14)         =         2.658360           1.406744
	 R(13,26)         =         2.080094           1.100738
	 R(14,15)         =         2.641256           1.397693
	 R(14,27)         =         2.080278           1.100836
	 R(15,28)         =         2.078238           1.099756
	 B(1,2,3)         =         2.171808         124.435442
	 B(1,2,10)        =         2.061850         118.135287
	 B(2,1,16)        =         1.940625         111.189595
	 B(2,1,17)        =         1.925342         110.313963
	 B(2,1,18)        =         1.942439         111.293573
	 B(2,3,4)         =         2.177500         124.761547
	 B(2,10,11)       =         2.128579         121.958579
	 B(2,10,15)       =         2.086267         119.534312
	 B(3,2,10)        =         2.049205         117.410812
	 B(3,4,5)         =         2.131801         122.143206
	 B(3,4,9)         =         2.079211         119.130029
	 B(4,5,6)         =         2.102296         120.452700
	 B(4,5,19)        =         2.077375         119.024814
	 B(4,9,8)         =         2.102747         120.478552
	 B(4,9,23)        =         2.066927         118.426187
	 B(5,4,9)         =         2.069477         118.572270
	 B(5,6,7)         =         2.104349         120.570312
	 B(5,6,20)        =         2.083557         119.379037
	 B(6,5,19)        =         2.103164         120.502406
	 B(6,7,8)         =         2.081973         119.288245
	 B(6,7,21)        =         2.100523         120.351123
	 B(7,6,20)        =         2.095278         120.050591
	 B(7,8,9)         =         2.105059         120.610992
	 B(7,8,22)        =         2.094017         119.978335
	 B(8,7,21)        =         2.100641         120.357868
	 B(8,9,23)        =         2.113492         121.094195
	 B(9,8,22)        =         2.084046         119.407052
	 B(10,11,12)      =         2.106471         120.691922
	 B(10,11,24)      =         2.100253         120.335618
	 B(10,15,14)      =         2.107833         120.769940
	 B(10,15,28)      =         2.051903         117.565360
	 B(11,10,15)      =         2.068298         118.504755
	 B(11,12,13)      =         2.097525         120.179338
	 B(11,12,25)      =         2.089171         119.700703
	 B(12,11,24)      =         2.076450         118.971835
	 B(12,13,14)      =         2.088165         119.643053
	 B(12,13,26)      =         2.096904         120.143733
	 B(13,12,25)      =         2.096489         120.119959
	 B(13,14,15)      =         2.098071         120.210634
	 B(13,14,27)      =         2.094056         119.980549
	 B(14,13,26)      =         2.098116         120.213211
	 B(14,15,28)      =         2.123449         121.664649
	 B(15,14,27)      =         2.091058         119.808816
	 B(16,1,17)       =         1.862803         106.730765
	 B(16,1,18)       =         1.889170         108.241465
	 B(17,1,18)       =         1.901123         108.926303
	 D(1,2,3,4)       =        -0.103919          -5.954143
	 D(1,2,10,11)     =         0.068272           3.911716
	 D(1,2,10,15)     =        -3.083210        -176.654905
	 D(2,3,4,5)       =        -1.061773         -60.835132
	 D(2,3,4,9)       =         2.159832         123.749268
	 D(2,10,11,12)    =         3.131718         179.434252
	 D(2,10,11,24)    =        -0.004803          -0.275186
	 D(2,10,15,14)    =        -3.134825        -179.612242
	 D(2,10,15,28)    =         0.008175           0.468405
	 D(3,2,1,16)      =         2.013941         115.390318
	 D(3,2,1,17)      =        -2.206056        -126.397692
	 D(3,2,1,18)      =        -0.093684          -5.367692
	 D(3,2,10,11)     =        -3.099375        -177.581088
	 D(3,2,10,15)     =         0.032329           1.852291
	 D(3,4,5,6)       =        -3.072643        -176.049503
	 D(3,4,5,19)      =         0.040644           2.328748
	 D(3,4,9,8)       =         3.095415         177.354228
	 D(3,4,9,23)      =        -0.052659          -3.017136
	 D(4,3,2,10)      =         3.065531         175.641987
	 D(4,5,6,7)       =        -0.012390          -0.709876
	 D(4,5,6,20)      =        -3.152426        -180.620703
	 D(4,9,8,7)       =        -0.028565          -1.636656
	 D(4,9,8,22)      =         3.125112         179.055722
	 D(5,4,9,8)       =         0.030960           1.773894
	 D(5,4,9,23)      =        -3.117114        -178.597470
	 D(5,6,7,8)       =         0.015246           0.873517
	 D(5,6,7,21)      =         3.146322         180.270976
	 D(6,5,4,9)       =        -0.010635          -0.609330
	 D(6,7,8,9)       =         0.005195           0.297666
	 D(6,7,8,22)      =         3.134635         179.601340
	 D(7,6,5,19)      =        -3.125257        -179.064024
	 D(7,8,9,23)      =         3.119684         178.744731
	 D(8,7,6,20)      =        -3.127914        -179.216255
	 D(9,4,5,19)      =         3.102653         177.768921
	 D(9,8,7,21)      =        -3.125880        -179.099752
	 D(10,2,1,16)     =        -1.155696         -66.216479
	 D(10,2,1,17)     =         0.907493          51.995510
	 D(10,2,1,18)     =         3.019865         173.025510
	 D(10,11,12,13)   =         0.002512           0.143908
	 D(10,11,12,25)   =        -3.139132        -179.859007
	 D(10,15,14,13)   =         0.003221           0.184522
	 D(10,15,14,27)   =        -3.138619        -179.829607
	 D(11,10,15,14)   =        -0.002780          -0.159295
	 D(11,10,15,28)   =         3.140220         179.921351
	 D(11,12,13,14)   =        -0.002092          -0.119889
	 D(11,12,13,26)   =        -3.143376        -180.102169
	 D(12,11,10,15)   =        -0.000083          -0.004748
	 D(12,13,14,15)   =        -0.000755          -0.043234
	 D(12,13,14,27)   =        -3.142100        -180.029081
	 D(13,12,11,24)   =         3.139101         179.857258
	 D(13,14,15,28)   =        -3.139838        -179.899474
	 D(14,13,12,25)   =         3.139551         179.883038
	 D(15,10,11,24)   =        -3.136604        -179.714186
	 D(15,14,13,26)   =         3.140529         179.939034
	 D(19,5,6,20)     =         0.017892           1.025149
	 D(20,6,7,21)     =         0.003163           0.181205
	 D(21,7,8,22)     =         0.003559           0.203922
	 D(22,8,9,23)     =        -0.009824          -0.562891
	 D(24,11,12,25)   =        -0.002542          -0.145657
	 D(25,12,13,26)   =        -0.001732          -0.099242
	 D(26,13,14,27)   =        -0.000817          -0.046813
	 D(27,14,15,28)   =         0.001508           0.086398


	        --- Internal Coordinate Step in ANG or DEG, aJ/ANG or AJ/DEG ---
	-------------------------------------------------------------------------------
	           Coordinate      Previous         Force          Change          New 
	           ----------      --------        ------          ------        ------
	               R(1,2)       1.51294       -0.00000        0.00000       1.51294
	              R(1,16)       1.10977       -0.00001       -0.00000       1.10977
	              R(1,17)       1.10877       -0.00000       -0.00000       1.10877
	              R(1,18)       1.10470       -0.00000       -0.00000       1.10469
	               R(2,3)       1.29314        0.00002        0.00000       1.29314
	              R(2,10)       1.49280        0.00000        0.00000       1.49280
	               R(3,4)       1.39274        0.00001        0.00000       1.39274
	               R(4,5)       1.41732       -0.00001       -0.00000       1.41732
	               R(4,9)       1.41630        0.00001        0.00000       1.41630
	               R(5,6)       1.40160       -0.00000       -0.00000       1.40160
	              R(5,19)       1.10036       -0.00001       -0.00000       1.10036
	               R(6,7)       1.40383       -0.00000       -0.00000       1.40383
	              R(6,20)       1.10111       -0.00000       -0.00000       1.10111
	               R(7,8)       1.40583       -0.00000       -0.00000       1.40583
	              R(7,21)       1.10012       -0.00000       -0.00000       1.10012
	               R(8,9)       1.39953       -0.00000       -0.00000       1.39953
	              R(8,22)       1.10101       -0.00000       -0.00000       1.10101
	              R(9,23)       1.09984       -0.00000       -0.00000       1.09984
	             R(10,11)       1.41248       -0.00001       -0.00000       1.41248
	             R(10,15)       1.41425       -0.00000       -0.00000       1.41425
	             R(11,12)       1.40301       -0.00000       -0.00000       1.40301
	             R(11,24)       1.09924       -0.00000       -0.00000       1.09924
	             R(12,13)       1.40257       -0.00001       -0.00000       1.40257
	             R(12,25)       1.10060       -0.00000       -0.00000       1.10060
	             R(13,14)       1.40674       -0.00000       -0.00000       1.40674
	             R(13,26)       1.10074       -0.00000       -0.00000       1.10074
	             R(14,15)       1.39769       -0.00000       -0.00000       1.39769
	             R(14,27)       1.10084       -0.00000       -0.00000       1.10084
	             R(15,28)       1.09976       -0.00000       -0.00000       1.09976
	             B(1,2,3)     124.43544        0.00000       -0.00002     124.43542
	            B(1,2,10)     118.13529       -0.00000       -0.00032     118.13497
	            B(2,1,16)     111.18959        0.00000        0.00008     111.18967
	            B(2,1,17)     110.31396       -0.00000       -0.00013     110.31383
	            B(2,1,18)     111.29357       -0.00000       -0.00009     111.29348
	             B(2,3,4)     124.76155        0.00000        0.00048     124.76203
	           B(2,10,11)     121.95858       -0.00000       -0.00032     121.95826
	           B(2,10,15)     119.53431        0.00000        0.00023     119.53454
	            B(3,2,10)     117.41081        0.00000        0.00034     117.41115
	             B(3,4,5)     122.14321       -0.00000       -0.00009     122.14312
	             B(3,4,9)     119.13003        0.00000        0.00040     119.13043
	             B(4,5,6)     120.45270       -0.00000       -0.00003     120.45267
	            B(4,5,19)     119.02481       -0.00000       -0.00000     119.02481
	             B(4,9,8)     120.47855        0.00000        0.00007     120.47862
	            B(4,9,23)     118.42619       -0.00000        0.00001     118.42620
	             B(5,4,9)     118.57227       -0.00000       -0.00002     118.57225
	             B(5,6,7)     120.57031        0.00000        0.00009     120.57041
	            B(5,6,20)     119.37904       -0.00000       -0.00010     119.37893
	            B(6,5,19)     120.50241        0.00000        0.00003     120.50243
	             B(6,7,8)     119.28825       -0.00000       -0.00004     119.28820
	            B(6,7,21)     120.35112        0.00000        0.00009     120.35122
	            B(7,6,20)     120.05059       -0.00000        0.00001     120.05060
	             B(7,8,9)     120.61099       -0.00000       -0.00004     120.61095
	            B(7,8,22)     119.97833        0.00000       -0.00000     119.97833
	            B(8,7,21)     120.35787       -0.00000       -0.00004     120.35783
	            B(8,9,23)     121.09420       -0.00000       -0.00008     121.09411
	            B(9,8,22)     119.40705        0.00000        0.00003     119.40708
	          B(10,11,12)     120.69192       -0.00000       -0.00003     120.69189
	          B(10,11,24)     120.33562       -0.00000       -0.00004     120.33557
	          B(10,15,14)     120.76994       -0.00000       -0.00009     120.76985
	          B(10,15,28)     117.56536        0.00000        0.00011     117.56547
	          B(11,10,15)     118.50476        0.00000        0.00009     118.50485
	          B(11,12,13)     120.17934        0.00000       -0.00000     120.17934
	          B(11,12,25)     119.70070       -0.00000       -0.00002     119.70069
	          B(12,11,24)     118.97184        0.00000        0.00008     118.97191
	          B(12,13,14)     119.64305        0.00000        0.00002     119.64308
	          B(12,13,26)     120.14373       -0.00000        0.00001     120.14375
	          B(13,12,25)     120.11996        0.00000        0.00002     120.11998
	          B(13,14,15)     120.21063       -0.00000        0.00000     120.21064
	          B(13,14,27)     119.98055       -0.00000       -0.00004     119.98051
	          B(14,13,26)     120.21321       -0.00000       -0.00004     120.21317
	          B(14,15,28)     121.66465        0.00000       -0.00002     121.66463
	          B(15,14,27)     119.80882        0.00000        0.00004     119.80885
	           B(16,1,17)     106.73077        0.00000        0.00007     106.73083
	           B(16,1,18)     108.24147        0.00000        0.00013     108.24160
	           B(17,1,18)     108.92630        0.00000       -0.00005     108.92626
	           D(1,2,3,4)      -5.95414        0.00000        0.00042      -5.95373
	         D(1,2,10,11)       3.91172       -0.00000       -0.00119       3.91053
	         D(1,2,10,15)    -176.65491        0.00000       -0.00080    -176.65570
	           D(2,3,4,5)     -60.83513        0.00000        0.00102     -60.83411
	           D(2,3,4,9)     123.74927       -0.00000       -0.00332     123.74594
	        D(2,10,11,12)     179.43425        0.00000        0.00004     179.43429
	        D(2,10,11,24)      -0.27519       -0.00000       -0.00001      -0.27519
	        D(2,10,15,14)    -179.61224        0.00000        0.00012    -179.61212
	        D(2,10,15,28)       0.46840       -0.00000       -0.00029       0.46811
	          D(3,2,1,16)     115.39032        0.00000       -0.00093     115.38939
	          D(3,2,1,17)    -126.39769        0.00000       -0.00088    -126.39857
	          D(3,2,1,18)      -5.36769       -0.00000       -0.00109      -5.36878
	         D(3,2,10,11)    -177.58109       -0.00000       -0.00143    -177.58252
	         D(3,2,10,15)       1.85229       -0.00000       -0.00104       1.85125
	           D(3,4,5,6)    -176.04950       -0.00000       -0.00201    -176.05151
	          D(3,4,5,19)       2.32875       -0.00000       -0.00233       2.32642
	           D(3,4,9,8)     177.35423        0.00000        0.00244     177.35667
	          D(3,4,9,23)      -3.01714        0.00000        0.00237      -3.01477
	          D(4,3,2,10)     175.64199        0.00000        0.00068     175.64267
	           D(4,5,6,7)      -0.70988       -0.00000       -0.00113      -0.71101
	          D(4,5,6,20)    -180.62070       -0.00000       -0.00067    -180.62137
	           D(4,9,8,7)      -1.63666       -0.00000       -0.00006      -1.63672
	          D(4,9,8,22)     179.05572        0.00000        0.00067     179.05640
	           D(5,4,9,8)       1.77389       -0.00000       -0.00174       1.77215
	          D(5,4,9,23)    -178.59747       -0.00000       -0.00182    -178.59929
	           D(5,6,7,8)       0.87352       -0.00000       -0.00070       0.87281
	          D(5,6,7,21)     180.27098        0.00000        0.00030     180.27127
	           D(6,5,4,9)      -0.60933        0.00000        0.00234      -0.60699
	           D(6,7,8,9)       0.29767        0.00000        0.00130       0.29896
	          D(6,7,8,22)     179.60134        0.00000        0.00056     179.60190
	          D(7,6,5,19)    -179.06402       -0.00000       -0.00080    -179.06483
	          D(7,8,9,23)     178.74473       -0.00000        0.00002     178.74475
	          D(8,7,6,20)    -179.21625       -0.00000       -0.00117    -179.21742
	          D(9,4,5,19)     177.76892        0.00000        0.00201     177.77093
	          D(9,8,7,21)    -179.09975        0.00000        0.00030    -179.09945
	         D(10,2,1,16)     -66.21648       -0.00000       -0.00118     -66.21766
	         D(10,2,1,17)      51.99551       -0.00000       -0.00113      51.99438
	         D(10,2,1,18)     173.02551       -0.00000       -0.00134     173.02417
	       D(10,11,12,13)       0.14391       -0.00000       -0.00001       0.14390
	       D(10,11,12,25)    -179.85901        0.00000        0.00011    -179.85890
	       D(10,15,14,13)       0.18452       -0.00000       -0.00028       0.18424
	       D(10,15,14,27)    -179.82961       -0.00000       -0.00024    -179.82984
	       D(11,10,15,14)      -0.15929        0.00000        0.00049      -0.15881
	       D(11,10,15,28)     179.92135        0.00000        0.00008     179.92143
	       D(11,12,13,14)      -0.11989        0.00000        0.00022      -0.11967
	       D(11,12,13,26)    -180.10217        0.00000        0.00005    -180.10212
	       D(12,11,10,15)      -0.00475       -0.00000       -0.00034      -0.00509
	       D(12,13,14,15)      -0.04323       -0.00000       -0.00008      -0.04332
	       D(12,13,14,27)    -180.02908       -0.00000       -0.00012    -180.02920
	       D(13,12,11,24)     179.85726        0.00000        0.00004     179.85730
	       D(13,14,15,28)    -179.89947        0.00000        0.00015    -179.89932
	       D(14,13,12,25)     179.88304        0.00000        0.00011     179.88315
	       D(15,10,11,24)    -179.71419       -0.00000       -0.00039    -179.71458
	       D(15,14,13,26)     179.93903        0.00000        0.00009     179.93912
	         D(19,5,6,20)       1.02515       -0.00000       -0.00034       1.02481
	         D(20,6,7,21)       0.18120       -0.00000       -0.00017       0.18103
	         D(21,7,8,22)       0.20392       -0.00000       -0.00044       0.20348
	         D(22,8,9,23)      -0.56289        0.00000        0.00075      -0.56214
	       D(24,11,12,25)      -0.14566        0.00000        0.00015      -0.14551
	       D(25,12,13,26)      -0.09924       -0.00000       -0.00006      -0.09930
	       D(26,13,14,27)      -0.04681        0.00000        0.00005      -0.04677
	       D(27,14,15,28)       0.08640        0.00000        0.00019       0.08659
	-------------------------------------------------------------------------------

	                                 ==> Convergence Check <==                                  
    
	Measures of convergence in internal coordinates in au.
    
	Criteria marked as inactive (o), active & met (*), and active & unmet ( ).

	----------------------------------------------------------------------------------------------
	   Step    Total Energy     Delta E     Max Force     RMS Force      Max Disp      RMS Disp   
	----------------------------------------------------------------------------------------------
	  Convergence Criteria              o    1.50e-05 *    1.00e-05 *    6.00e-05 *    4.00e-05 *
	----------------------------------------------------------------------------------------------
	    16    -594.90926868    1.87e-08 o    2.15e-06 *    4.92e-07 *    5.80e-05 *    1.26e-05 *  ~
	----------------------------------------------------------------------------------------------

Next Geometry in Ang 
	Fragment 1 (Ang)

	    C  -0.1701903780  -0.5873710658  -1.7483565339
	    C  -0.4478814192  -0.0790719935  -0.3506822112
	    N   0.4640020028   0.2999520977   0.4841925910
	    C   1.8351808833   0.1870383707   0.2677742988
	    C   2.4665140999  -1.0662291421   0.0689245379
	    C   3.8594914781  -1.1468286924  -0.0636947399
	    C   4.6494639907   0.0126827393  -0.0166290979
	    C   4.0305066420   1.2588812808   0.1839457863
	    C   2.6427911766   1.3481417995   0.3419265694
	    C  -1.8701744007   0.0273632974   0.0900087225
	    C  -2.9396833594  -0.4058097510  -0.7246079597
	    C  -4.2661269210  -0.3040830067  -0.2789182505
	    C  -4.5457238942   0.2344040868   0.9856230700
	    C  -3.4888403947   0.6696230894   1.8056890010
	    C  -2.1669476912   0.5654678881   1.3637662903
	    H  -0.4706735123  -1.6502811158  -1.8557175365
	    H  -0.7593999782  -0.0125160185  -2.4911462110
	    H   0.9022808195  -0.5041173115  -1.9998016062
	    H   1.8497657859  -1.9772365286   0.0472102058
	    H   4.3324166572  -2.1307843487  -0.2072854998
	    H   5.7421203862  -0.0543019940  -0.1255733999
	    H   4.6397978243   2.1748105604   0.2293300214
	    H   2.1524657930   2.3164606886   0.5196485455
	    H  -2.7430929325  -0.8331590741  -1.7181128427
	    H  -5.0868362345  -0.6487826584  -0.9261777349
	    H  -5.5867178311   0.3154880613   1.3340199961
	    H  -3.7019747023   1.0935927046   2.7989974478
	    H  -1.3225338899   0.8966660366   1.9856465404


    Final optimized geometry and variables:
    Molecular point group: c1
    Full point group: C1

    Geometry (in Angstrom), charge = 0, multiplicity = 1:

    C           -0.170198011787    -0.587360411984    -1.748390188341
    C           -0.447885612509    -0.079060162065    -0.350715827422
    N            0.463998016606     0.299969316530     0.484153829127
    C            1.835173569925     0.187049478212     0.267723749741
    C            2.466506146233    -1.066223192911     0.068897514765
    C            3.859486113506    -1.146830383323    -0.063692757776
    C            4.649463307422     0.012676733957    -0.016597133297
    C            4.030510061872     1.258875141795     0.183993075246
    C            2.642790095786     1.348143927475     0.341932741624
    C           -1.870174331164     0.027366663795     0.089990158209
    C           -2.939693820634    -0.405836876058    -0.724598871659
    C           -4.266131302163    -0.304115125238    -0.278888715592
    C           -4.545713014244     0.234397526582     0.985646089061
    C           -3.488819551771     0.669642505320     1.805685940553
    C           -2.166933029583     0.565489345459     1.363743593147
    H           -0.470692715055    -1.650268320160    -1.855751492559
    H           -0.759400509612    -0.012500320192    -2.491181919681
    H            0.902275153183    -0.504120677445    -1.999834463033
    H            1.849753487257    -1.977228495199     0.047173053415
    H            4.332410688909    -2.130788038038    -0.207276606022
    H            5.742122244376    -0.054314423149    -0.125513883523
    H            4.639806472759     2.174799568641     0.229409964247
    H            2.152466383332     2.316461924913     0.519666660877
    H           -2.743116762654    -0.833207284124    -1.718097998277
    H           -5.086848555601    -0.648836993943    -0.926127409226
    H           -5.586702680909     0.315478291611     1.334058567271
    H           -3.701940522462     1.093630521176     2.798990141319
    H           -1.322511321018     0.896709758162     1.985602187907

