34
 energy: -49.102614586337 gnorm: 0.090848324051 xtb: 6.7.1 (edcfbbe)
C           -0.65357793740000       -1.00556817980000       -3.03956156880000
C            0.13199927420000       -0.46671506090000       -1.86750901560000
N            1.40840910630000       -0.71346606920000       -1.82535952200000
C            2.18301432300000       -0.23584101140000       -0.75830448410000
C            2.97809377700000        0.89975106700000       -0.93214073600000
C            3.76808658210000        1.37990726930000        0.11435343540000
C            3.77763915890000        0.71522978920000        1.33980571730000
C            3.00642521730000       -0.43300042750000        1.51465320580000
C            2.21933150440000       -0.91076322670000        0.46484059840000
C           -0.63865287050000        0.31904117420000       -0.87376400120000
C           -0.55897265210000        1.71322736910000       -0.96840989100000
C           -1.28238429180000        2.50342032560000       -0.08393136800000
C           -2.08614286890000        1.90172176650000        0.88505560460000
C           -2.17822141210000        0.50247322120000        0.98914857730000
C           -2.99144272640000       -0.08677871080000        1.97123582780000
C           -3.08728234860000       -1.47332845620000        2.08770146830000
C           -2.36880913900000       -2.29147156630000        1.22508304670000
C           -1.55618718420000       -1.72286148540000        0.24294648740000
C           -1.44522556310000       -0.31954682500000        0.09977097980000
H           -0.23442482440000       -0.60458466400000       -3.96715402170000
H           -1.70906764570000       -0.72640149130000       -2.98133163650000
H           -0.57472840510000       -2.09647844310000       -3.05663347580000
H            2.97999947040000        1.40863026780000       -1.89153923870000
H            4.37863051990000        2.26685329740000       -0.02989986790000
H            4.39295998580000        1.08609831510000        2.15526432980000
H            3.01990558630000       -0.96029959310000        2.46448912730000
H            1.63047724990000       -1.81288006840000        0.59938981180000
H            0.06842813310000        2.17852259970000       -1.72420355250000
H           -1.22171958460000        3.58695677760000       -0.14480281490000
H           -2.64400687990000        2.53947172990000        1.56850442270000
H           -3.55959048620000        0.53518702100000        2.66007557360000
H           -3.72026863310000       -1.91200357360000        2.85470502810000
H           -2.43567450750000       -3.37262920240000        1.31592098910000
H           -0.99701992790000       -2.39187393550000       -0.40839903640000
34
 energy: -49.108524665567 gnorm: 0.033349925820 xtb: 6.7.1 (edcfbbe)
C           -0.64090864991732       -1.01227216716203       -3.03609489401939
C            0.13482043386192       -0.48201843618075       -1.86117666422536
N            1.38781054634696       -0.69879982219720       -1.80871390029441
C            2.16399378886822       -0.22304530871940       -0.74761224753742
C            2.97287213437353        0.89880046788668       -0.92764611211341
C            3.76535411593398        1.36491469822921        0.10832250966703
C            3.77619820177182        0.70734747743901        1.32885974598152
C            3.00978121120944       -0.43484356656784        1.50088330694018
C            2.21230682168917       -0.90214324846222        0.46915894707495
C           -0.63229089927883        0.31342791908509       -0.87260919021687
C           -0.55983562590943        1.69223490047653       -0.95253502651188
C           -1.28827367242756        2.49085365905163       -0.07067247415875
C           -2.08556955709889        1.90961739738602        0.88786453603217
C           -2.18121884083742        0.51010544723388        0.99677045391263
C           -2.99394221132188       -0.08916452420335        1.97648058048110
C           -3.08054550148261       -1.45829915769926        2.08126965655775
C           -2.35440894251358       -2.27271614963156        1.21065466176542
C           -1.55147669302559       -1.71455084271778        0.24062653448520
C           -1.44341796028926       -0.31520078775694        0.10305011477026
H           -0.22380394471461       -0.61540031764365       -3.96073653028479
H           -1.69073566071962       -0.73040428902788       -2.96876323790370
H           -0.56236106744369       -2.09780585184264       -3.07291166820909
H            2.96747562383925        1.41055870687185       -1.88116977925843
H            4.36905645499100        2.25131318763205       -0.03498961028565
H            4.38494995515185        1.08064419820715        2.14232710006336
H            3.02105586759272       -0.95830204445747        2.44766998334950
H            1.62060259833501       -1.79757159789111        0.60544723810696
H            0.05943367992687        2.15269563712629       -1.71095689268399
H           -1.22737238224140        3.56899842271350       -0.14089684111402
H           -2.64514167876088        2.53920526572750        1.56725992882601
H           -3.55758243537254        0.53329092279512        2.65912099694988
H           -3.71060977747907       -1.90189301622063        2.84150646211598
H           -2.42145442359927       -3.34953624631046        1.29717648935958
H           -0.99476150935828       -2.37004093316934       -0.41696417752232
34
 energy: -49.109516776987 gnorm: 0.009344787838 xtb: 6.7.1 (edcfbbe)
C           -0.63633619737512       -1.02460280742856       -3.03519061940371
C            0.13288885020647       -0.49064784743102       -1.86186386398747
N            1.37702650489453       -0.68772185728723       -1.79432683468247
C            2.15666898491436       -0.21768694928529       -0.74047081185458
C            2.96866208838912        0.90028823217772       -0.92449535075595
C            3.76362948112750        1.35965850449478        0.10636837062324
C            3.78042024248790        0.70264786898921        1.32508506600831
C            3.00898868147363       -0.43340981693306        1.49850292128798
C            2.20369007753200       -0.89521223405913        0.47615618342347
C           -0.63880535088844        0.31470898506022       -0.87919330075466
C           -0.56450914082799        1.68406163432932       -0.94780476698754
C           -1.29084784782662        2.48846887407745       -0.06191384117201
C           -2.08545276423851        1.91779228777654        0.89149346396040
C           -2.18373243405406        0.51653088058632        1.00246933920481
C           -2.99467484386797       -0.09247993728449        1.98157689091259
C           -3.07579505170596       -1.45325711728600        2.07811364915816
C           -2.34548421737655       -2.26484919056004        1.19921519380504
C           -1.55142838608778       -1.70721263944269        0.23548959235928
C           -1.44874156192897       -0.30750003912618        0.10353676593285
H           -0.21670053094402       -0.62647650532926       -3.95643490223940
H           -1.68465627507845       -0.74554024194550       -2.96629626139693
H           -0.55131923617503       -2.10798762469363       -3.08145747451558
H            2.95462645047567        1.41353978235594       -1.87540498974431
H            4.37217192298803        2.24007155514846       -0.04173044783777
H            4.39456652633713        1.07137944534816        2.13355026233851
H            3.02643165042734       -0.96126714441434        2.44100799048770
H            1.60172664640541       -1.78186101361960        0.61464689531328
H            0.05648148543047        2.14407377052433       -1.70264793208918
H           -1.22240682581872        3.56358313400453       -0.13903451117377
H           -2.64891171875098        2.53836062202324        1.57262056085711
H           -3.55407103431401        0.53498237920793        2.66009790002398
H           -3.70176732375439       -1.90562640059122        2.83368343340902
H           -2.41171577515843       -3.33981077190270        1.28529115836914
H           -0.99062307681757       -2.34699781748422       -0.43063972877951
34
 energy: -49.109713777345 gnorm: 0.005272177749 xtb: 6.7.1 (edcfbbe)
C           -0.63473270935340       -1.03499525219803       -3.03713467274870
C            0.12723271166346       -0.49300430305378       -1.86385344889982
N            1.37240639301020       -0.68163203309191       -1.78502922033786
C            2.15056448456342       -0.21201028920985       -0.73438396841568
C            2.96671334278778        0.90275484344193       -0.92207593071436
C            3.76973370305636        1.35627561873957        0.10509978907982
C            3.79058319896223        0.69768176584635        1.32344241082175
C            3.01216705488611       -0.43357873632420        1.50024183543301
C            2.19672310565694       -0.88911868410300        0.48295511899197
C           -0.64815439130418        0.31806658335103       -0.88530117599304
C           -0.56865456706509        1.68608442907015       -0.94865897427417
C           -1.29230389267389        2.49164802990584       -0.05897705502161
C           -2.08711528676743        1.92200236503624        0.89380728069099
C           -2.18716702318350        0.51942545952213        1.00286579369469
C           -2.99475871660142       -0.09401493573442        1.98374601439627
C           -3.07356343211300       -1.45431971146176        2.07742325207419
C           -2.34328873246021       -2.26468365319415        1.19431879665079
C           -1.55457315432760       -1.70355199246590        0.22988167880217
C           -1.45618422588700       -0.30234877382982        0.10110970365700
H           -0.21473470430823       -0.63426401513311       -3.95751320697462
H           -1.68470388070476       -0.76325514333258       -2.97037116948017
H           -0.54120972871067       -2.11788153914360       -3.08379955109699
H            2.94838723569354        1.41590729255261       -1.87283718167776
H            4.38016448676700        2.23521016757090       -0.04513494137643
H            4.41003041669616        1.06303930457305        2.12901085137280
H            3.02991382506374       -0.96161511771519        2.44284500603521
H            1.58707156248068       -1.77024755337356        0.62344389976699
H            0.05302866688536        2.14846215744129       -1.70180975225067
H           -1.21701740513454        3.56613917537013       -0.13738370509052
H           -2.65003765179274        2.53825963643725        1.57976551024591
H           -3.55058487916622        0.53619455916259        2.66320821076447
H           -3.69613881423082       -1.91257518868876        2.83205171390400
H           -2.40882471053775       -3.33953661168787        1.28143127836312
H           -0.99097228175047       -2.33451785427959       -0.44238419029268
34
 energy: -49.109872682161 gnorm: 0.003633132984 xtb: 6.7.1 (edcfbbe)
C           -0.63098779159586       -1.05205310497770       -3.03989567184024
C            0.11707761909334       -0.49225918594376       -1.86706972823550
N            1.36383530249292       -0.67176526965031       -1.77066338509149
C            2.14024090370443       -0.20185724011060       -0.72448945832661
C            2.96497471969263        0.90674594428622       -0.91778004762004
C            3.78188693900789        1.35108682769980        0.10328063710273
C            3.80851297490843        0.68977073466357        1.32084239327278
C            3.01611507735325       -0.43153723073260        1.50500806293030
C            2.18489331044277       -0.87704837882971        0.49511030719447
C           -0.66400459485939        0.32491500269870       -0.89509543367453
C           -0.57751445003667        1.69285723197527       -0.95177937505811
C           -1.29621061554816        2.49765740622983       -0.05521333913998
C           -2.09039093356247        1.92683930791005        0.89778826299124
C           -2.19348654439304        0.52275033039855        1.00121794302632
C           -2.99460182041821       -0.09585767717659        1.98587214860426
C           -3.07019101468777       -1.45666540360820        2.07610983269960
C           -2.34290895787827       -2.26522374881364        1.18653943049132
C           -1.56273080631076       -1.69858952819449        0.21848999938463
C           -1.46956341670684       -0.29512408311928        0.09450710891955
H           -0.21393305962925       -0.64652115229311       -3.96035097457825
H           -1.68589775197499       -0.79819259632483       -2.97825151061829
H           -0.51824907118303       -2.13398849808065       -3.08376299183069
H            2.94186017430984        1.41960259736530       -1.86863384648353
H            4.40014086680572        2.22438908803087       -0.05168466403334
H            4.44339948714046        1.04491696965923        2.11937950775025
H            3.03616812536635       -0.96052026570038        2.44763737820187
H            1.56271589798564       -1.74893464290219        0.64045982927161
H            0.04405833663498        2.16032076922775       -1.70261658905740
H           -1.21123761489130        3.57180342048123       -0.13226123394111
H           -2.65015730294417        2.53826432301031        1.59172711247974
H           -3.54487379655026        0.53599122082615        2.66946861159559
H           -3.68568598036931       -1.92268012542711        2.83207262431384
H           -2.40631351175251       -3.34021056801771        1.27616145194903
H           -0.99694069954627       -2.31888247455999       -0.46212439254992
34
 energy: -49.109933562914 gnorm: 0.003699371825 xtb: 6.7.1 (edcfbbe)
C           -0.62790510993527       -1.05959374102957       -3.04026648399596
C            0.11231207434026       -0.48959464358859       -1.86766320172394
N            1.35896081710499       -0.66710740570832       -1.76405231236603
C            2.13546071775262       -0.19632826693007       -0.71976885699992
C            2.96602644558984        0.90784954521267       -0.91601495519016
C            3.79086971072206        1.34690034087680        0.10117819032908
C            3.81934980819149        0.68488984474833        1.31839432984991
C            3.01792552655693       -0.42931442584309        1.50762428961129
C            2.17904867677804       -0.86935270720930        0.50160029067034
C           -0.67185446873656        0.32887799372465       -0.89961849490171
C           -0.58366406524574        1.69726566189842       -0.95382316050068
C           -1.29970276870354        2.50034991871831       -0.05362482728803
C           -2.09280583315896        1.92792233673838        0.89983509013605
C           -2.19715401648288        0.52364389492566        0.99966265789717
C           -2.99491598664318       -0.09638028733063        1.98620832221480
C           -3.06879305467275       -1.45760015807953        2.07540566550703
C           -2.34413043915096       -2.26505297322700        1.18286487234316
C           -1.56814680024797       -1.69658133413894        0.21217810776631
C           -1.47635658875755       -0.29248834797915        0.09001527368155
H           -0.21551882072081       -0.65005052185615       -3.96128879323255
H           -1.68645906211888       -0.81933793783257       -2.98080241603574
H           -0.50105327246013       -2.14039508599753       -3.08223794755380
H            2.94202859050963        1.42059443900533       -1.86697106422323
H            4.41440813557147        2.21613168625779       -0.05659135427230
H            4.46251262398935        1.03434836320928        2.11308017685201
H            3.03774882845506       -0.95729419183408        2.45097646682525
H            1.55027846289514       -1.73591263328446        0.65086087229424
H            0.03722330910289        2.16713057183120       -1.70383812067233
H           -1.21201243955200        3.57459895715967       -0.12790887138591
H           -2.64961158437264        2.53845946433320        1.59711451676617
H           -3.54344665228944        0.53406131419101        2.67267835247657
H           -3.68053107777870       -1.92576557960050        2.83325206075463
H           -2.40628216356441       -3.34018052641413        1.27290789057159
H           -1.00380952286729       -2.31469356494712       -0.47136656610476
34
 energy: -49.110020069682 gnorm: 0.002834951832 xtb: 6.7.1 (edcfbbe)
C           -0.62273198354776       -1.06808269416399       -3.03929369717121
C            0.10693410161051       -0.48472656214365       -1.86676235461070
N            1.35283559364769       -0.66143448557249       -1.75598562438931
C            2.13065099925562       -0.18899816977765       -0.71404546620153
C            2.97054377742412        0.90753112522988       -0.91487667703558
C            3.80611912038699        1.33927006517876        0.09659247771189
C            3.83505809113226        0.67807524620628        1.31404608682504
C            3.01992032548468       -0.42471708799707        1.51123991579171
C            2.17154655413909       -0.85741433567310        0.51043571167374
C           -0.68167204047005        0.33434143108915       -0.90470934162276
C           -0.59333249053972        1.70344797455135       -0.95645886925242
C           -1.30644871737005        2.50338982638745       -0.05203573561505
C           -2.09740893733242        1.92822089273950        0.90233759949913
C           -2.20278170107796        0.52421877779755        0.99752479910641
C           -2.99651356130713       -0.09683236481680        1.98608354078084
C           -3.06796954190579       -1.45864054757601        2.07456775523411
C           -2.34715968884929       -2.26423397625556        1.17842635062539
C           -1.57619653219946       -1.69422309534571        0.20407446241956
C           -1.48489138430144       -0.28994989793687        0.08383764875368
H           -0.22106118403979       -0.64868591389706       -3.96081191822568
H           -1.68702401664791       -0.85160280731862       -2.98006390657821
H           -0.47120795925771       -2.14617826603943       -3.08154968885154
H            2.94707991728212        1.41987433907481       -1.86617289331950
H            4.43881564457803        2.20104408948181       -0.06601794715771
H            4.48956180499659        1.01944075080565        2.10318228113919
H            3.03791082050648       -0.94981997316059        2.45624952978720
H            1.53315136512692       -1.71575950429474        0.66644855543097
H            0.02626576058215        2.17567627443267       -1.70591058348736
H           -1.21788449702451        3.57801785312945       -0.12106366120039
H           -2.64944678806078        2.53894402158238        1.60305553431190
H           -3.54426044567494        0.52990278629872        2.67635887712994
H           -3.67516585709813       -1.92776177047284        2.83558331738677
H           -2.40724056460725       -3.33961248111263        1.26771930940656
H           -1.01599598474101       -2.31272152043063       -0.48200538819497
34
 energy: -49.110101478699 gnorm: 0.003193018042 xtb: 6.7.1 (edcfbbe)
C           -0.61543855135287       -1.07857181486118       -3.03655636249518
C            0.10140209190916       -0.47923285804748       -1.86398345484359
N            1.34653744722272       -0.65351037398543       -1.74544935974344
C            2.12608542807477       -0.17876299339708       -0.70640128266797
C            2.97983651757726        0.90578291640531       -0.91461788985232
C            3.82958635937522        1.32742885176718        0.08919128133005
C            3.85748906913404        0.66910096883905        1.30796498088762
C            3.02304586581428       -0.41733116021580        1.51612831286994
C            2.16174765325411       -0.84002375408584        0.52246045398044
C           -0.69399589824176        0.34091729597674       -0.91033458626126
C           -0.60736787151157        1.71046418415096       -0.95973045543290
C           -1.31796911188547        2.50684178741683       -0.05108643073015
C           -2.10486069478954        1.92860501207523        0.90527842077954
C           -2.21066705612016        0.52498379062081        0.99609111153230
C           -2.99932575458190       -0.09774691660545        1.98696583129637
C           -3.06833341448205       -1.46005533656129        2.07403920705191
C           -2.35300315729443       -2.26288046780406        1.17218384932312
C           -1.58775014175943       -1.69102387805552        0.19407975360963
C           -1.49577748888251       -0.28691209315877        0.07699227625965
H           -0.23218399852933       -0.64014306993110       -3.95756463964584
H           -1.68699788133820       -0.89760216266042       -2.97293691194315
H           -0.42683896251779       -2.15142486505582       -3.08535507112148
H            2.95842917462686        1.41655842580144       -1.86689483394232
H            4.47576808225514        2.17778500675422       -0.08089126766065
H            4.52607441839596        1.00005789680335        2.08985586956403
H            3.03770185763107       -0.93794635151602        2.46358568598210
H            1.50989583674607       -1.68670393479102        0.68751974681395
H            0.01035235169142        2.18456822973715       -1.70930128787277
H           -1.23081433001154        3.58195480448434       -0.11455368401204
H           -2.65131411261888        2.53947573525970        1.60989449259842
H           -3.54555875069372        0.52454520962242        2.68209472234933
H           -3.67022660354239       -1.92971192334166        2.83892847258239
H           -2.41132240563370       -3.33859225562053        1.25836625372885
H           -1.03420596782066       -2.31089390602022       -0.49596320421448
34
 energy: -49.110160001012 gnorm: 0.003512911397 xtb: 6.7.1 (edcfbbe)
C           -0.60925670157660       -1.08583211005097       -3.03271243469269
C            0.09869134087975       -0.47594947651742       -1.86006578732251
N            1.34354641968624       -0.64659022501487       -1.73689170893662
C            2.12471908912777       -0.17006520412563       -0.70016688568629
C            2.99139199906209        0.90272755235288       -0.91592243996689
C            3.85185371633795        1.31620470711516        0.08194418302154
C            3.87693007915819        0.66212738969263        1.30294824542488
C            3.02630670611831       -0.40985272407886        1.52046241459539
C            2.15441266000194       -0.82420943067845        0.53275518223706
C           -0.70297252064343        0.34521407438053       -0.91325711445699
C           -0.61960152076701        1.71487328326692       -0.96227607509173
C           -1.33018758959843        2.50910224620601       -0.05217249523899
C           -2.11255255954688        1.92884784843277        0.90678855757742
C           -2.21737037672285        0.52538789934419        0.99619014761007
C           -3.00175032696008       -0.09901418253783        1.98902394413352
C           -3.07024157517130       -1.46158158163542        2.07420734832142
C           -2.36025753636752       -2.26217116373012        1.16668291302789
C           -1.59840916026275       -1.68872372452617        0.18676166224146
C           -1.50439810843574       -0.28491410183388        0.07306333209854
H           -0.24609118037194       -0.62650224310243       -3.95229604498653
H           -1.68540648162227       -0.93692059497559       -2.96053095218690
H           -0.38795283599213       -2.15207149185649       -3.09334024804137
H            2.97309986014180        1.41071975481434       -1.86977029907903
H            4.51011752793012        2.15582229591952       -0.09516149432195
H            4.55607374485223        0.98472747710349        2.07903828479586
H            3.03734163859714       -0.92600826870769        2.47032686498336
H            1.49107926128548       -1.66052481016677        0.70508968491138
H           -0.00346222488265        2.18966827738566       -1.71263532662649
H           -1.24659389542432        3.58456758116553       -0.11361800223230
H           -2.65565074290025        2.53938373277656        1.61407317926790
H           -3.54559932034096        0.52080206760756        2.68803372289391
H           -3.66840992298154       -1.93137194067581        2.84182532835864
H           -2.41883858756444       -3.33816451238624        1.24853039374911
H           -1.05056087494576       -2.30970840096306       -0.50692808028202
34
 energy: -49.110238549665 gnorm: 0.003526336743 xtb: 6.7.1 (edcfbbe)
C           -0.60338479411026       -1.09025315589638       -3.02658857753175
C            0.09863221241757       -0.47389994211503       -1.85392761544256
N            1.34366602056185       -0.63919076652712       -1.72904679528282
C            2.12707232143184       -0.16150570742689       -0.69455969157645
C            3.00874188062282        0.89694472158117       -0.91969150335341
C            3.87857749344102        1.30268894968116        0.07281346936626
C            3.89756125270021        0.65587384873717        1.29783863121131
C            3.03006506244514       -0.40003642568568        1.52532502219765
C            2.14846900162174       -0.80652692935286        0.54327021541683
C           -0.70971732783132        0.34764625497195       -0.91313706544143
C           -0.63219414843035        1.71726736013503       -0.96431530169758
C           -1.34596175714891        2.51034674843729       -0.05585827819593
C           -2.12258946812328        1.92865885218404        0.90673357999526
C           -2.22418495786094        0.52515667019924        0.99776519536977
C           -3.00456211818975       -0.10089590450699        1.99244389216427
C           -3.07481392509343       -1.46356054876343        2.07484819917848
C           -2.37106419781958       -2.26226773689075        1.16106497358584
C           -1.60994888689180       -1.68740010429163        0.18144915770649
C           -1.51205475733205       -0.28402675485588        0.07184596762637
H           -0.26806709593536       -0.60264863938493       -3.94316720030431
H           -1.68239141161657       -0.97794857470193       -2.93889796921017
H           -0.34571905558878       -2.14650388917880       -3.10810934080234
H            2.99596126117657        1.39955348697220       -1.87646465741181
H            4.54980188905678        2.13007302908761       -0.11213927194888
H            4.58537732514874        0.97091245104197        2.06868861598315
H            3.03592610878539       -0.91026290634019        2.47839297905445
H            1.47328854796021       -1.63152005587233        0.72277311434456
H           -0.01731458114614        2.19183217360488       -1.71593139750982
H           -1.26933613383064        3.58614649184390       -0.11916420945815
H           -2.66469977046376        2.53841732437726        1.61528376646272
H           -3.54460415091328        0.51798766648347        2.69514210830293
H           -3.67033915819025       -1.93306738211873        2.84448121397689
H           -2.43260529610804       -3.33851240262771        1.23664776967954
H           -1.06758738464518       -2.30947820280096       -0.51580899635537
34
 energy: -49.110345814553 gnorm: 0.004420009811 xtb: 6.7.1 (edcfbbe)
C           -0.59830672913322       -1.09065727254030       -3.01749365032911
C            0.10167226923561       -0.47274055706448       -1.84480311977786
N            1.34756492489905       -0.63068273052582       -1.72193148176966
C            2.13448322465779       -0.15331313707525       -0.68996469480657
C            3.03564452716516        0.88592253210943       -0.92759598659780
C            3.91335070069183        1.28497131237376        0.06014782618316
C            3.92130718645339        0.65048268732145        1.29209484935511
C            3.03395599137115       -0.38574915167773        1.53141406205724
C            2.14332244522861       -0.78510545854370        0.55473728890569
C           -0.71366050212633        0.34773648744494       -0.90838785965068
C           -0.64506697272349        1.71723547078821       -0.96488849529139
C           -1.36688391135457        2.51030592614691       -0.06246896432264
C           -2.13692599859927        1.92780708020722        0.90446825292801
C           -2.23179719465463        0.52391203434894        1.00092366695271
C           -3.00886637647506       -0.10366181448889        1.99714196190780
C           -3.08362441337583       -1.46624526342501        2.07556988845715
C           -2.38644593358816       -2.26367918997468        1.15559059550303
C           -1.62222374213128       -1.68762920252964        0.17912949605845
C           -1.51871112613569       -0.28463737162979        0.07444553736563
H           -0.30443565250414       -0.56248051360331       -3.92789439792710
H           -1.67876415243588       -1.02588823920133       -2.90415367311452
H           -0.29508289473865       -2.13143494891067       -3.13414834122234
H            3.03214443206494        1.37846674196872       -1.88970394464881
H            4.60024137916702        2.09692825411620       -0.13456222123911
H            4.61640995868096        0.95890536739816        2.05823185342651
H            3.03153373891739       -0.88689701868233        2.48940456913318
H            1.45354478942167       -1.59590098946340        0.74246097802907
H           -0.03054940988156        2.19090548036758       -1.71760477254067
H           -1.30129648249900        3.58640709158476       -0.13298866647362
H           -2.68209445848164        2.53614422464226        1.61189080501125
H           -3.54367496208275        0.51614944675637        2.70308616275108
H           -3.67834244599113       -1.93543890342957        2.84577447652469
H           -2.45477247517797       -3.34005362929430        1.22303807461030
H           -1.08364973376414       -2.31008474551446       -0.52096007534829
34
 energy: -49.110456639838 gnorm: 0.004352505822 xtb: 6.7.1 (edcfbbe)
C           -0.59734437161524       -1.08380656838006       -3.00881293135901
C            0.10794486176606       -0.47328266394813       -1.83585269749688
N            1.35515196974970       -0.62584994077286       -1.72007394878279
C            2.14580714136677       -0.15065410244698       -0.68985159083026
C            3.06340690209843        0.87138539885538       -0.93836732461693
C            3.94275226014862        1.26929450446473        0.04795207186587
C            3.93710786466544        0.64976025870077        1.28807699936741
C            3.03543450015360       -0.37103606768165        1.53623890293363
C            2.14169354910446       -0.76857579918421        0.56161062752816
C           -0.71076859753331        0.34421750412433       -0.89863645049377
C           -0.65080431774726        1.71351262117172       -0.96211675955272
C           -1.38408349796352        2.50798400636955       -0.06928526063943
C           -2.15083939868203        1.92599224181642        0.89988597962148
C           -2.23703978767784        0.52148664648264        1.00442014416018
C           -3.01440240459103       -0.10637628535450        2.00042058996323
C           -3.09487874591156       -1.46864270782014        2.07552457514176
C           -2.39995801827830       -2.26640068303723        1.15382840110551
C           -1.62781285094300       -1.69041808770454        0.18354304343401
C           -1.51989515207748       -0.28749697021757        0.08165538575862
H           -0.34382957781300       -0.52047259139804       -3.91016830366729
H           -1.67441260105454       -1.05664599931726       -2.86952568588290
H           -0.26231141149189       -2.10738251700298       -3.16343952831028
H            3.07043346005576        1.35112717823534       -1.90700392828661
H            4.64201145243540        2.06824415811444       -0.15456664368720
H            4.63312747899515        0.95725212009270        2.05301988097480
H            3.02376770387569       -0.86201327710805        2.49960829282150
H            1.44071379145507       -1.56783050624465        0.75519322457352
H           -0.03474244923779        2.18592434838964       -1.71464595227754
H           -1.32970372945942        3.58406100136307       -0.15083957912821
H           -2.70428952267251        2.53288595057345        1.60239595398975
H           -3.54563311305483        0.51618387909635        2.70677681431390
H           -3.69246574576052       -1.93765180246780        2.84352966584030
H           -2.47656002905556       -3.34256887440460        1.21544658055880
H           -1.08757761314933       -2.31220637335893       -0.51594054884088
34
 energy: -49.110515238610 gnorm: 0.008426795582 xtb: 6.7.1 (edcfbbe)
C           -0.59662111378770       -1.07879391598285       -3.00000470258993
C            0.11162581874075       -0.47192151784977       -1.82659805285224
N            1.36038717199522       -0.61816899588379       -1.71663385530471
C            2.15572940871494       -0.14649769495565       -0.68933125959328
C            3.09629053457925        0.85265126170696       -0.95136105339538
C            3.98150918633259        1.24792455132243        0.03155833342594
C            3.95978432594045        0.64713224718306        1.28133473965280
C            3.03527529535812       -0.35156765938497        1.54263643296877
C            2.13488184527856       -0.74564203583250        0.57158311628369
C           -0.71043458295960        0.34211220082817       -0.88853824253851
C           -0.65716406282946        1.71134457040955       -0.95736879170430
C           -1.40191300716405        2.50618991624119       -0.07342196387600
C           -2.16855806283598        1.92419323281327        0.89539639984861
C           -2.24596916484347        0.51906982703778        1.00624401316933
C           -3.02483797887078       -0.10910734321367        2.00120334046991
C           -3.10889332541152       -1.47118707592594        2.07334895888551
C           -2.41299350238392       -2.26920417670015        1.15229159111883
C           -1.63245392491823       -1.69311090628882        0.18859813437253
C           -1.52343896604002       -0.28967886606123        0.08860604884864
H           -0.39750112917415       -0.46529779884812       -3.88765477540549
H           -1.67445662671612       -1.11225849604127       -2.82854307758965
H           -0.20840540290739       -2.08123392827391       -3.20302558485552
H            3.11543138707663        1.31619465516114       -1.92791726773827
H            4.69872911805787        2.02926989678742       -0.18117384845433
H            4.66070108402313        0.95245699083420        2.04369335914649
H            3.01121853779024       -0.82845217554199        2.51332342239708
H            1.41614989208492       -1.52796986051511        0.77473832833140
H           -0.03831565928746        2.18426152693847       -1.70752181391805
H           -1.35609267390945        3.58193281639130       -0.16471469137306
H           -2.73184828277834        2.52940493674100        1.59204628339509
H           -3.55477539565037        0.51511113555757        2.70720587168411
H           -3.70972916657190       -1.94156336107285        2.83819943665183
H           -2.49607390716981       -3.34499422082228        1.21085748921695
H           -1.08723766966273       -2.31259973675814       -0.50905631857919
34
 energy: -49.110676766232 gnorm: 0.003509293545 xtb: 6.7.1 (edcfbbe)
C           -0.60209441230663       -1.06933037050558       -2.99759396831994
C            0.11509591179449       -0.47224634667929       -1.82393666852471
N            1.36493478842008       -0.61960349230662       -1.72124044812233
C            2.16268230979563       -0.15181342234814       -0.69480239388354
C            3.11131594375702        0.83804735719279       -0.96107941555270
C            3.99286008111658        1.23934967488742        0.02363507723103
C            3.96071655490240        0.65171544074365        1.27925913810621
C            3.03055975325660       -0.34053560190247        1.54398887152126
C            2.13336951594408       -0.73965741078213        0.57102945516907
C           -0.70338480469988        0.33835384030035       -0.87909623053073
C           -0.65001087312773        1.70748775824701       -0.94967643399919
C           -1.40213715019494        2.50307486555545       -0.07190342819392
C           -2.17622977854579        1.92221152793431        0.89141650998978
C           -2.24889387552828        0.51674877198666        1.00558535365333
C           -3.03417898312182       -0.11013945783110        1.99704561994396
C           -3.11831689465500       -1.47195057297065        2.06960538446048
C           -2.41303504842892       -2.27180123554394        1.15656985779904
C           -1.62358255649163       -1.69702855002165        0.19924713005600
C           -1.51918340443396       -0.29254855005211        0.09604102858962
H           -0.42499293889129       -0.44379001020468       -3.87272049256973
H           -1.67328466906647       -1.11846972002254       -2.81588804882514
H           -0.20878308069583       -2.05883702564121       -3.22189301405787
H            3.13720593146901        1.28987765381596       -1.94268966094419
H            4.71527338997778        2.01473212235759       -0.19152536863004
H            4.65767349421522        0.96325137461825        2.04429315110136
H            2.99922736051709       -0.80805562041797        2.51898980562980
H            1.40952841023142       -1.51630830190919        0.77687550838619
H           -0.02735201663437        2.18169916790534       -1.69590544937101
H           -1.35637260350095        3.57792514970511       -0.16902202519294
H           -2.75031693272341        2.52653754564959        1.58069707434319
H           -3.56837531819760        0.51566196496486        2.69853573542961
H           -3.72534639623010       -1.94422933169931        2.82894311428231
H           -2.49757900920893       -3.34698555686932        1.21957865159054
H           -1.06699269861369       -2.31334363815583       -0.49236342046533
34
 energy: -49.110818048709 gnorm: 0.005340636392 xtb: 6.7.1 (edcfbbe)
C           -0.60473172079850       -1.06132189160611       -2.99095253407588
C            0.11837079220922       -0.47292456124553       -1.81637275711880
N            1.36939238490749       -0.61950543820658       -1.72261753176040
C            2.17206141101641       -0.15462066156063       -0.69911515866948
C            3.13989909898366        0.81437291085478       -0.97640584611203
C            4.02100305993540        1.21953351576124        0.00711269498167
C            3.97091073951837        0.65404413917458        1.27264873028244
C            3.02477659186562       -0.32015318226204        1.54814010916563
C            2.12709745271478       -0.72124677812683        0.57649641204040
C           -0.69858684033231        0.33559008691159       -0.86815562467909
C           -0.64628420052051        1.70509349450911       -0.94008723473645
C           -1.40746254066636        2.50029670728026       -0.06960044904318
C           -2.19072322423303        1.91937073351996        0.88658203341184
C           -2.25854483731050        0.51394402399315        1.00323038556338
C           -3.05133036265466       -0.11182834915842        1.98989862373369
C           -3.13280304654816       -1.47363665286465        2.06402431138908
C           -2.41572829484052       -2.27453366315589        1.16051346286276
C           -1.61781308064225       -1.70074254681249        0.20967655506448
C           -1.51893281103192       -0.29540717299928        0.10280077419750
H           -0.48166118035168       -0.39348473834461       -3.84849245433870
H           -1.66948819817919       -1.15905397348565       -2.78158033595112
H           -0.17752635646751       -2.02739604711154       -3.25867666837066
H            3.17837706350159        1.24831326699132       -1.96593462276620
H            4.75740757322269        1.97985575684819       -0.21604655641362
H            4.66687308046429        0.96925942006305        2.03768579050770
H            2.98026203625654       -0.77064699411304        2.53098900424174
H            1.39057574435795       -1.48352629353288        0.79126118571548
H           -0.01964844344575        2.18107455005995       -1.68177470243264
H           -1.36242077608139        3.57465911884037       -0.17011216766735
H           -2.77528312628117        2.52322313045961        1.56759030370944
H           -3.59283363386494        0.51363020029611        2.68609402995024
H           -3.74631496091792       -1.94739174165270        2.81757558173294
H           -2.49926040875000       -3.34951782417156        1.22787711673311
H           -1.04962898493557       -2.31532254515208       -0.47427246104859
34
 energy: -49.111029415700 gnorm: 0.006893393999 xtb: 6.7.1 (edcfbbe)
C           -0.60849190373465       -1.05689848714336       -2.98580547501856
C            0.11704611248362       -0.47385371221089       -1.81079200334613
N            1.36799979810598       -0.62492600238725       -1.72397823216723
C            2.17562821632549       -0.16014259618837       -0.70439934946891
C            3.16188090299579        0.78712480256029       -0.99228340179877
C            4.04246097427468        1.19788436866367       -0.01140620423617
C            3.97473277664204        0.65724677292737        1.26340929689689
C            3.01311874117090       -0.29766051856821        1.55092090362264
C            2.11540981586923       -0.70178292367609        0.58178612161772
C           -0.69547329445045        0.33646319712726       -0.86140424221013
C           -0.63643310517133        1.70680230989963       -0.92663469510617
C           -1.40012571706782        2.49943598376486       -0.05790765100343
C           -2.20146827194131        1.91670792333462        0.88378422150060
C           -2.27275509194130        0.51221769750436        0.99475674297196
C           -3.07744391306154       -0.11289052860923        1.97255489086930
C           -3.14565101787077       -1.47516891029792        2.05414988103247
C           -2.40588887171106       -2.27597301388269        1.16792806022185
C           -1.60586651167741       -1.70229473925355        0.21987816173542
C           -1.52013553744174       -0.29608985023983        0.10421632861381
H           -0.54128936922275       -0.35037559675225       -3.82113788737108
H           -1.66398124692742       -1.20625776328846       -2.75406404678608
H           -0.14911707309199       -1.99663888119158       -3.29267318280234
H            3.21326901506457        1.20259584691158       -1.98892656588598
H            4.79202172842565        1.94279193729296       -0.24283482971427
H            4.66933326116644        0.97747266803004        2.02741161375853
H            2.95518960480878       -0.72786667979013        2.54180310119841
H            1.36686084729732       -1.44845694170297        0.80787448023861
H           -0.00439074421877        2.18586746265817       -1.66124740685298
H           -1.34483544415562        3.57395053535037       -0.14842744287944
H           -2.79110421865323        2.52146011127030        1.55793887559869
H           -3.63716010619692        0.50805759289664        2.65845584233274
H           -3.76563619616676       -1.95037726722638        2.80140339769663
H           -2.47502705406399       -3.35158979628828        1.24728329285842
H           -1.02267710576343       -2.31683500149373       -0.45163259601792
34
 energy: -49.111174640867 gnorm: 0.005842810414 xtb: 6.7.1 (edcfbbe)
C           -0.61402276323147       -1.05692157539835       -2.98461471817592
C            0.11261795665723       -0.47493840276542       -1.81092319029930
N            1.36223060640441       -0.63501062002898       -1.72536489838202
C            2.17118716372109       -0.16650964788411       -0.70809535512040
C            3.16441569776818        0.76981078567381       -1.00166769642506
C            4.04398756742680        1.18602117062692       -0.02293288226712
C            3.96770931049520        0.66133339899879        1.25682991979024
C            2.99921468883487       -0.28341653412961        1.55138092967704
C            2.10289342575257       -0.69173644541470        0.58395147621058
C           -0.69337407634520        0.34012945838791       -0.86177878261442
C           -0.62262157447322        1.71100484269666       -0.91477345006439
C           -1.38145207113221        2.50098049781417       -0.04154399125368
C           -2.20045064173367        1.91600241648664        0.88508241524520
C           -2.28289932991587        0.51240433210679        0.98484734893239
C           -3.09919738405171       -0.11399831409196        1.95222870966354
C           -3.15044925348613       -1.47664850240460        2.04421414633895
C           -2.38748233276375       -2.27570610004804        1.17548558843191
C           -1.59178465986799       -1.70040303151518        0.22574891454194
C           -1.52019535974443       -0.29416872753668        0.10018961852825
H           -0.57261376088405       -0.34196870141601       -3.80546920302723
H           -1.66080292556172       -1.23061701376065       -2.74736051001858
H           -0.14253262777772       -1.98099530101690       -3.30629580431436
H            3.22280543669152        1.17458759294794       -2.00175075693700
H            4.79833676272443        1.92343277976671       -0.25940886659749
H            4.66097887887891        0.98590515119387        2.01945505166286
H            2.93464290449542       -0.70045971720421        2.54640265452314
H            1.34885342418669       -1.42973840927978        0.81735459132836
H            0.01548119963021        2.19154247609369       -1.64279663032363
H           -1.31036319525523        3.57663936164040       -0.11291973904535
H           -2.78896619254934        2.52265072943659        1.55689812098277
H           -3.67994577287679        0.50167731041163        2.62567555629766
H           -3.77418948667800       -1.95223241050842        2.78757298331994
H           -2.43465054961431       -3.35223264640094        1.26887007576666
H           -0.99736106562448       -2.31642020347692       -0.43449162627642
34
 energy: -49.111173037769 gnorm: 0.012895893966 xtb: 6.7.1 (edcfbbe)
C           -0.62258444145800       -1.04993644687670       -2.97388585656237
C            0.11392102304894       -0.47531942420368       -1.80351028364986
N            1.36327572339227       -0.64133919508338       -1.72498029167199
C            2.17625969445090       -0.17077634603118       -0.71162117851270
C            3.19573423894390        0.73337383828812       -1.02487010617129
C            4.07792173478399        1.15460503164135       -0.05037375288169
C            3.97772002305999        0.66599812653423        1.24475631940057
C            2.98191813425956       -0.24817617504912        1.55829685900330
C            2.08235494381414       -0.66027203892964        0.59492166120346
C           -0.68697277618266        0.34114295701096       -0.85186500785171
C           -0.61015843944524        1.71161477033146       -0.89636110155452
C           -1.37558401712551        2.50024951251095       -0.02742224726655
C           -2.21240354993157        1.91384402281955        0.88252794267975
C           -2.29954560578446        0.51010673061203        0.97706909625762
C           -3.13064711773217       -0.11962416928676        1.93020990632266
C           -3.16866514858589       -1.48190643929458        2.03091998022792
C           -2.37959081485807       -2.27839735900349        1.18214092222279
C           -1.57919392588118       -1.70038793636534        0.23788873078731
C           -1.52048586960799       -0.29440897009955        0.10348206521278
H           -0.65451909981572       -0.29194705516161       -3.76624407353214
H           -1.65576650529781       -1.29798472589263       -2.70277710450746
H           -0.09834601317263       -1.93478406231387       -3.35685047113233
H            3.27324636033073        1.10998102622512       -2.03682692953278
H            4.85246325025573        1.86801506403501       -0.30250020609260
H            4.67283502853603        0.99429444871072        2.00400424670958
H            2.89907621748234       -0.63798553884589        2.56447431309453
H            1.30663683828322       -1.37395308600157        0.84331274803528
H            0.03958650384645        2.19169804214129       -1.61484884660415
H           -1.29737311017652        3.57681946702679       -0.08759031439135
H           -2.81062128112723        2.52061730477739        1.54649363662405
H           -3.73273760157116        0.49408853146615        2.58727071463457
H           -3.80060722431609       -1.95833304433211        2.76667477869294
H           -2.40899018383718       -3.35494144727510        1.28643835823083
H           -0.96815698848087       -2.31597541408356       -0.40835450732564
34
 energy: -49.111322923653 gnorm: 0.003190220834 xtb: 6.7.1 (edcfbbe)
C           -0.62167350174231       -1.05297811706986       -2.97647244371356
C            0.11540157660195       -0.47598990178839       -1.80718238263579
N            1.36483060476315       -0.64079223234377       -1.72578461896173
C            2.17437528800224       -0.16935439303163       -0.70953978770714
C            3.18177208547698        0.74733022133120       -1.01615804996500
C            4.06207859979533        1.16751907929807       -0.03936942702749
C            3.97168053301753        0.66639008233724        1.25013505516178
C            2.98734744432935       -0.25948893235900        1.55572427763657
C            2.08948317077122       -0.67182672766513        0.59037403056175
C           -0.68653688002529        0.34018215445675       -0.85535316038105
C           -0.61187884790372        1.71009997277435       -0.90227378765821
C           -1.37540329282740        2.50017903681358       -0.03193016075795
C           -2.20450288744517        1.91510495115290        0.88380113523329
C           -2.29120530736772        0.51088437394180        0.98054229502653
C           -3.11710282365818       -0.11934510141519        1.93684922730961
C           -3.16169926693124       -1.48122260451176        2.03484737087019
C           -2.38298929278303       -2.27736354079146        1.17914133054809
C           -1.58364636435364       -1.69938923133759        0.23323578904772
C           -1.51848139966491       -0.29431898455108        0.10245421294613
H           -0.62569463187765       -0.31600209762292       -3.78164164319362
H           -1.65698339964708       -1.26884776408178       -2.71606911080645
H           -0.12234201350606       -1.95105616729944       -3.33554960062703
H            3.25166569492147        1.13327197837615       -2.02377986663335
H            4.82871603939845        1.88930202161119       -0.28661302301628
H            4.66634121558526        0.99305016727627        2.01035875079308
H            2.91113055855996       -0.65873706098692        2.55779275307406
H            1.32252011020876       -1.39477165097561        0.83133815973770
H            0.03555196424757        2.18799921893554       -1.62430522774457
H           -1.30158570744031        3.57635784800894       -0.09569894055771
H           -2.79983891887868        2.52155448520345        1.55153168433369
H           -3.71057038253753        0.49702489633554        2.59757107350840
H           -3.79165230582648       -1.95645276382299        2.77299330276973
H           -2.41915103412997       -3.35305403028415        1.27754622466035
H           -0.97995662703258       -2.31525918591302       -0.41851544173282
34
 energy: -49.111361462564 gnorm: 0.002155368642 xtb: 6.7.1 (edcfbbe)
C           -0.62468946015647       -1.05243489973830       -2.97296226873443
C            0.11675471975226       -0.47672549925974       -1.80585143990303
N            1.36625760445391       -0.64296172916330       -1.72663853673109
C            2.17605436142855       -0.17041944656394       -0.71032830858402
C            3.18806260181454        0.73959136273887       -1.02102614334656
C            4.06792591853781        1.16162668920103       -0.04456493986067
C            3.97228122720855        0.66897788065675        1.24787799485508
C            2.98298710142097       -0.25018833223663        1.55688827566301
C            2.08571297192251       -0.66492414537995        0.59180404361814
C           -0.68342259768429        0.33986293715470       -0.85255045406999
C           -0.60715849955458        1.70941419886203       -0.89775428058694
C           -1.37242042161746        2.49973907506155       -0.02860364517823
C           -2.20518731877155        1.91476379754077        0.88334648444416
C           -2.29290506122852        0.51018332920138        0.97980545148451
C           -3.12170135780528       -0.12104530743924        1.93239658523980
C           -3.16575605480687       -1.48302011743040        2.03133154504566
C           -2.38293177444512       -2.27823229379427        1.17943886677414
C           -1.58154068257353       -1.69932173358145        0.23533981991584
C           -1.51751251083455       -0.29474352327962        0.10377669546569
H           -0.64404716300799       -0.30888371723650       -3.77274309796342
H           -1.65455812285358       -1.28139923509881       -2.70441282851532
H           -0.11898323745266       -1.94087273105637       -3.34446820661738
H            3.26072395982670        1.11917507389426       -2.03051562132786
H            4.83781789716971        1.87834830182322       -0.29465888063432
H            4.66670536329633        0.99673558993886        2.00761180974124
H            2.90273460314565       -0.64297088398555        2.56126414660992
H            1.31504411118883       -1.38287686533715        0.83463672449667
H            0.04282603869740        2.18622341292843       -1.61836496838996
H           -1.29830963032917        3.57586132426594       -0.09109224678986
H           -2.80249313286295        2.52069056400271        1.55023901488843
H           -3.71774167696476        0.49648201211414        2.58954221859863
H           -3.79852100414532       -1.95793840862847        2.76730121568653
H           -2.41703129966097       -3.35366329218808        1.27785297797711
H           -0.97497747300784       -2.31505338798547       -0.41391800317264
34
 energy: -49.111429961729 gnorm: 0.003850817414 xtb: 6.7.1 (edcfbbe)
C           -0.63201519866573       -1.05214430445597       -2.96254137235259
C            0.11928153073997       -0.47851157229441       -1.80103000284961
N            1.36915575395952       -0.64697456188157       -1.72828692566346
C            2.18075128072200       -0.17191165613724       -0.71277461273621
C            3.20749842233248        0.71808588757523       -1.03472109538792
C            4.08767739552236        1.14434991723552       -0.06019703407992
C            3.97657614525182        0.67596242904203        1.24026244019132
C            2.97109674443180       -0.22212057021392        1.56013301450073
C            2.07420551941358       -0.64260023902761        0.59661496313121
C           -0.67671064664983        0.33913847720022       -0.84445439747500
C           -0.59638793572429        1.70795688031141       -0.88556697951546
C           -1.36601539840274        2.49848239530216       -0.01937648733932
C           -2.20754550730497        1.91340320994783        0.88356963709436
C           -2.29751394902141        0.50796539130775        0.97895793777769
C           -3.13384633033883       -0.12499050454665        1.92251211773006
C           -3.17848312809744       -1.48755958731265        2.02120088011568
C           -2.38642447396431       -2.28091054128334        1.17787501634216
C           -1.57820449104041       -1.69997446092882        0.23979487246203
C           -1.51622720571325       -0.29623556729267        0.10778418947967
H           -0.69411747067911       -0.29035045081288       -3.74430950586332
H           -1.64678364174739       -1.32295732063701       -2.67360204499094
H           -0.10382005204293       -1.91257814572322       -3.37052127273705
H            3.29058117796449        1.07772403442754       -2.05062230880096
H            4.87122668035420        1.84389014459763       -0.31930406205381
H            4.67154190029436        1.00624346703260        1.99815902665333
H            2.87877067971099       -0.59566606035694        2.57121193263043
H            1.29070137245574       -1.34462540669543        0.84651026638330
H            0.05973704055104        2.18335173013572       -1.60185476901070
H           -1.29003673025515        3.57436371591997       -0.07940176830905
H           -2.81037304344214        2.51748543388889        1.54764596035987
H           -3.73482046565252        0.49496759567609        2.57288334720523
H           -3.81836688628554       -1.96208701094513        2.75134275725194
H           -2.41709251481401       -3.35617760549441        1.27529192181572
H           -0.96401657376207       -2.31499514355908       -0.40318564186069
34
 energy: -49.111472365316 gnorm: 0.001511584281 xtb: 6.7.1 (edcfbbe)
C           -0.63007783487051       -1.05328143164593       -2.96305629504426
C            0.11924350656923       -0.47921028850107       -1.80073840469102
N            1.36935491999973       -0.64528318088764       -1.72866180276756
C            2.18072644811719       -0.17028121451128       -0.71329394390757
C            3.20820200576153        0.71861131473180       -1.03411125902962
C            4.08883399146593        1.14384130178959       -0.05972164584261
C            3.97715139925498        0.67599931440120        1.24031250397271
C            2.97138540942385       -0.22102561970312        1.55963393341907
C            2.07422594991289       -0.64041511069595        0.59610898172118
C           -0.67763706340653        0.33810359876874       -0.84487294956159
C           -0.59764919442802        1.70719524347106       -0.88673251268526
C           -1.36593466838763        2.49783251337840       -0.01983729291000
C           -2.20581154998419        1.91300483332671        0.88509005369276
C           -2.29640552801807        0.50784230631816        0.97973675230179
C           -3.13208827416494       -0.12380624601570        1.92506136184941
C           -3.17896346628621       -1.48642012391426        2.02171369584330
C           -2.38992217214775       -2.28093629768958        1.17592096144376
C           -1.58107773076249       -1.70101832290969        0.23813650259066
C           -1.51694625132839       -0.29692504824201        0.10743014881906
H           -0.70139050221450       -0.29024662255272       -3.74008241219913
H           -1.64076326557083       -1.33228762846227       -2.67413325698798
H           -0.09956180223454       -1.90878772872054       -3.37394057904652
H            3.29201030100949        1.07771032215863       -2.04980479456817
H            4.87211795235351        1.84311909296571       -0.31763504734188
H            4.67186357280515        1.00639323461277        1.99858695355336
H            2.87859779848571       -0.59372289602276        2.57044031105546
H            1.29112783891966       -1.34226878170482        0.84596901179986
H            0.05730259702662        2.18343381068602       -1.60334139541590
H           -1.28916199921109        3.57375186566314       -0.08053345649933
H           -2.80763739967212        2.51750760478856        1.54922095093827
H           -3.73085962420821        0.49550496184120        2.57839077905992
H           -3.81836993403595       -1.96080772372671        2.75224805826656
H           -2.42343008788683       -3.35661147904824        1.27226167033537
H           -0.96845534218635       -2.31651557394575       -0.40576558206537
34
 energy: -49.111533225770 gnorm: 0.002894474250 xtb: 6.7.1 (edcfbbe)
C           -0.62468157550704       -1.05854088384309       -2.96481458077896
C            0.11914337134232       -0.48082266061625       -1.80095215189499
N            1.37034594204317       -0.63910046382199       -1.73037808224210
C            2.18114753896247       -0.16493043074702       -0.71510812837569
C            3.21142228329187        0.72088358832057       -1.03303883303090
C            4.09258646951096        1.14399975428796       -0.05844034795317
C            3.97841220572833        0.67739499765390        1.24110182664014
C            2.97061796424547       -0.21663083648060        1.55904749190115
C            2.07326860953073       -0.63328397874976        0.59481115663688
C           -0.68093242804056        0.33447719345339       -0.84651949926709
C           -0.60103749773859        1.70415528611636       -0.89033169712102
C           -1.36493203088401        2.49565713635050       -0.02126662171740
C           -2.19958295252795        1.91196261127647        0.89002153916810
C           -2.29206247252318        0.50751761717379        0.98323082882594
C           -3.12527933185286       -0.12059592715488        1.93401784938393
C           -3.18085303042041       -1.48317658154721        2.02402124556946
C           -2.40285627698424       -2.28099165566632        1.16949006010343
C           -1.59209813272718       -1.70418124149138        0.23240850587830
C           -1.51963878434054       -0.29909284819126        0.10639483130112
H           -0.72785033347996       -0.28733386350365       -3.72650417591170
H           -1.62302743643176       -1.36988600182045       -2.67146746430090
H           -0.07792300834816       -1.89439366175003       -3.38911931744647
H            3.29776322478479        1.07893621947268       -2.04844669751653
H            4.87752332508150        1.84060514331560       -0.31401426712720
H            4.67353664425933        1.00623754997996        2.00010379805909
H            2.87638908811187       -0.58823012619466        2.56923121604909
H            1.28980335111533       -1.33376466266334        0.84474310890926
H            0.05012054416263        2.18200424889022       -1.60898401573564
H           -1.28639677951738        3.57153858545451       -0.08456659486612
H           -2.79608168192506        2.51798866994125        1.55668923133613
H           -3.71577992600409        0.49739410932094        2.59650266781549
H           -3.81868869875930       -1.95703262489534        2.75613677999076
H           -2.44709513224597       -3.35742704546147        1.26115922391451
H           -0.98528305181220       -2.32133721640775       -0.41515888609820
34
 energy: -49.111573849762 gnorm: 0.002602537350 xtb: 6.7.1 (edcfbbe)
C           -0.62188456469134       -1.06221098530916       -2.96602435599725
C            0.11909956856551       -0.48188695159823       -1.80150936661021
N            1.37101754949258       -0.63534429518729       -1.73126377291773
C            2.18120518058784       -0.16127385764264       -0.71582551038471
C            3.21367624152429        0.72244618991112       -1.03311801511405
C            4.09503924668342        1.14431317697700       -0.05813539235690
C            3.97905362454311        0.67829707365661        1.24163370152109
C            2.96909256578695       -0.21365801060289        1.55922654894211
C            2.07160002605114       -0.62875947354836        0.59446318216873
C           -0.68283483513837        0.33204760756389       -0.84748482653784
C           -0.60225403547889        1.70182074510270       -0.89212556464706
C           -1.36332073660980        2.49434941542663       -0.02168989477312
C           -2.19500226010507        1.91161687736376        0.89308815904701
C           -2.28922422303443        0.50738614321305        0.98590802603201
C           -3.12109283671202       -0.11934758818174        1.93903511906117
C           -3.18248138250820       -1.48178182961617        2.02570882359461
C           -2.41097484353276       -2.28099172304854        1.16639128947637
C           -1.59919492333216       -1.70566240147811        0.22950696808524
C           -1.52140017908920       -0.30035756922392        0.10609040083664
H           -0.74776104040764       -0.28404499944775       -3.71818660575163
H           -1.61198830869311       -1.39796943843613       -2.66791128106209
H           -0.06020227282180       -1.88233862662968       -3.40326973967408
H            3.30165494901788        1.08013117285076       -2.04863624205515
H            4.88167502738838        1.83929172176726       -0.31325608625602
H            4.67430426432583        1.00607250012433        2.00099780871658
H            2.87342054313548       -0.58485188646708        2.56949518308580
H            1.28681287701354       -1.32795901971699        0.84432949878797
H            0.04762327280493        2.17924412871410       -1.61222848261547
H           -1.28443931674344        3.57010640413697       -0.08647143072379
H           -2.78782670331272        2.51856155294267        1.56220180156417
H           -3.70623302721859        0.49905482928395        2.60572577668023
H           -3.81959220790835       -1.95504003943141        2.75888731872733
H           -2.46151692583678       -3.35739433877630        1.25488392330804
H           -0.99605031364586       -2.32386650469072       -0.42043696205929
34
 energy: -49.111600402718 gnorm: 0.005571880637 xtb: 6.7.1 (edcfbbe)
C           -0.61461526211124       -1.07184203161896       -2.96978329468539
C            0.11906617643909       -0.48486537867598       -1.80395207423245
N            1.37274431110407       -0.62609438745605       -1.73359429577429
C            2.18101985307307       -0.15176594514191       -0.71740368697205
C            3.21951120674418        0.72608733923146       -1.03411689448325
C            4.10083075868856        1.14513137153935       -0.05773634338947
C            3.97958815439672        0.68138571169602        1.24303235607743
C            2.96317776855540       -0.20440745524739        1.56019535360438
C            2.06545403135812       -0.61598365654864        0.59405142829113
C           -0.68751200433356        0.32519470339500       -0.85023378005631
C           -0.60381344205303        1.69493010790974       -0.89604616506182
C           -1.35713277042618        2.49065026309781       -0.02187328309725
C           -2.18153603833887        1.91074648002266        0.90129535259929
C           -2.28159057958774        0.50687325216428        0.99322763777372
C           -3.11015240495110       -0.11666217576986        1.95151335325556
C           -3.18723548898512       -1.47861730531058        2.03052200313283
C           -2.43235668483052       -2.28105498225129        1.15948280160984
C           -1.61800592995889       -1.70929251626285        0.22272769295356
C           -1.52608140147277       -0.30399059208797        0.10538741126298
H           -0.80719366141110       -0.27450573021425       -3.69431677737595
H           -1.57926878849559       -1.47863795903473       -2.65831184471625
H           -0.00998398138200       -1.84405490090274       -3.44720961578794
H            3.31207719655470        1.08245055460855       -2.05013873273043
H            4.89302913217632        1.83482488367196       -0.31281996891012
H            4.67565426312761        1.00560473370283        2.00302550199760
H            2.86324520404454       -0.57432236608906        2.57105723184981
H            1.27586438316758       -1.31068938214065        0.84358172511906
H            0.04383743381907        2.16957428286271       -1.62018195963722
H           -1.27722969527886        3.56602110734117       -0.08947102098067
H           -2.76423382346410        2.51992483359409        1.57774153793787
H           -3.68115659801038        0.50459493218219        2.62741119415573
H           -3.82328794482207       -1.94959928559188        2.76623132988737
H           -2.49845509173351       -3.35701277080830        1.23960225639219
H           -1.02425828150203       -2.33059573586500       -0.43289642991074
34
 energy: -49.111629375565 gnorm: 0.001408408929 xtb: 6.7.1 (edcfbbe)
C           -0.61781894668799       -1.06797517651299       -2.96872987519396
C            0.11908415584969       -0.48373629971995       -1.80372972841091
N            1.37190113742981       -0.63072179297333       -1.73242510652935
C            2.18072251940619       -0.15583276757489       -0.71644204234438
C            3.21704730134615        0.72410944310757       -1.03444963768739
C            4.09806235574742        1.14484113489334       -0.05847225126693
C            3.97858618989252        0.68080625620249        1.24238243509276
C            2.96408739042461       -0.20694113763692        1.56034562003297
C            2.06653729160150       -0.62048812482101        0.59482077945314
C           -0.68541276840756        0.32774492571364       -0.84934980181821
C           -0.60199078238341        1.69727805189153       -0.89385403878125
C           -1.35806489796785        2.49196934367155       -0.02088137459958
C           -2.18575424048075        1.91104100265545        0.89831925767261
C           -2.28432836238335        0.50686684215791        0.99057293340661
C           -3.11438109818991       -0.11842126841604        1.94601013257286
C           -3.18555284977354       -1.48044580986472        2.02872765423491
C           -2.42372342189701       -2.28110058527267        1.16296243586445
C           -1.61059080978175       -1.70761795611155        0.22583435052919
C           -1.52417472239540       -0.30270721454693        0.10566053895123
H           -0.78428947858903       -0.27972376371107       -3.70428877129614
H           -1.59123515005186       -1.44667408616243       -2.66310402840558
H           -0.03020884133700       -1.85700518937704       -3.43171601921274
H            3.30790510312316        1.08070987047805       -2.05053545018175
H            4.88859483087681        1.83630188674493       -0.31450769867745
H            4.67439451676339        1.00640745350479        2.00191989351265
H            2.86539734499693       -0.57699876345861        2.57139591870678
H            1.27792403332907       -1.31624662584870        0.84456730363768
H            0.04737706625092        2.17194914722216       -1.61646718902689
H           -1.27862243436801        3.56743955431849       -0.08662812048505
H           -2.77209722773686        2.51913926802144        1.57260970745052
H           -3.69082352294118        0.50276171126614        2.61708955560054
H           -3.82238068197370       -1.95195498188702        2.76341879863583
H           -2.48303322411997       -3.35689129035193        1.24630593653364
H           -1.01313777547165       -2.32788305759995       -0.42736211787210
34
 energy: -49.111644672581 gnorm: 0.001153961979 xtb: 6.7.1 (edcfbbe)
C           -0.61671496350805       -1.06931061926534       -2.97041389728627
C            0.11893547328768       -0.48485143943326       -1.80505560746852
N            1.37186663204091       -0.63047154947747       -1.73286348163195
C            2.17989163850935       -0.15471992769496       -0.71649514199353
C            3.21745818257598        0.72360771705435       -1.03538159637218
C            4.09817779583233        1.14436918097249       -0.05910024432796
C            3.97720339627414        0.68215704784380        1.24233753356236
C            2.96097762995308       -0.20352096115201        1.56091770804318
C            2.06356752445913       -0.61726956503649        0.59530516839683
C           -0.68583107165953        0.32608270075046       -0.85017760205194
C           -0.60048639284798        1.69542903519451       -0.89374422056526
C           -1.35438560355577        2.49097275746063       -0.01951361230026
C           -2.18153954004729        1.91071100557956        0.90027119002360
C           -2.28262566926595        0.50647650922355        0.99180785215301
C           -3.11255080808870       -0.11826202904953        1.94737567695502
C           -3.18660289753075       -1.48020686940603        2.02958895247377
C           -2.42704252775938       -2.28126660178752        1.16268020639584
C           -1.61361931277557       -1.70829189477685        0.22513883324850
C           -1.52477124601373       -0.30381462846893        0.10538406137193
H           -0.79890608062107       -0.27734695788302       -3.69883465889333
H           -1.58276841361124       -1.46425134358986       -2.66212408799631
H           -0.02015184518445       -1.84566689634500       -3.44367239531565
H            3.30956097119162        1.07886825280874       -2.05185731857841
H            4.88987039941678        1.83457291159610       -0.31588534999090
H            4.67294354778653        1.00762588285716        2.00187956873681
H            2.86070010795418       -0.57191922027051        2.57260361975814
H            1.27326381363117       -1.31121627933736        0.84512094910834
H            0.04959751397205        2.16854852397064       -1.61683411888607
H           -1.27389386924259        3.56636163333529       -0.08434152391518
H           -2.76605290979856        2.51897083751067        1.57618720773884
H           -3.68661544038022        0.50471974155817        2.61881150140458
H           -3.82388500663435       -1.95062754473291        2.76458977045495
H           -2.48785353176179       -3.35687734846784        1.24481596601715
H           -1.01771749649762       -2.32958206153950       -0.42852090817039
34
 energy: -49.111668162153 gnorm: 0.002182838270 xtb: 6.7.1 (edcfbbe)
C           -0.61530836844422       -1.07072460811144       -2.97468722963561
C            0.11843814477528       -0.48754052507626       -1.80816502081624
N            1.37142320968960       -0.63208650705124       -1.73441517094427
C            2.17760741233871       -0.15464244940260       -0.71696230965154
C            3.21746999156009        0.72012718831057       -1.03765683386498
C            4.09689530820174        1.14253235324407       -0.06089667404039
C            3.97197668533051        0.68613750389011        1.24203015091683
C            2.95255459765972       -0.19501621307561        1.56225839491524
C            2.05630427462248       -0.61085904964987        0.59643532154865
C           -0.68567550292621        0.32280596311900       -0.85183936967167
C           -0.59525699714491        1.69180696399177       -0.89237212287392
C           -1.34441004069765        2.48880688430337       -0.01529562436546
C           -2.17245071662780        1.90977371843207        0.90402061506844
C           -2.27933773556248        0.50552609734851        0.99301485361007
C           -3.11007241281582       -0.11748124931883        1.94841050722288
C           -3.18827965646068       -1.47942076357011        2.03046473016408
C           -2.43124947711621       -2.28162807441339        1.16297153509661
C           -1.61745914694878       -1.70993972572051        0.22429842314004
C           -1.52507622024925       -0.30626807294473        0.10441612070159
H           -0.83201916237777       -0.26987963329228       -3.68537105233917
H           -1.56494010964059       -1.50091586759938       -2.66093289119324
H           -0.00147462395381       -1.82009726163396       -3.46997407106959
H            3.31244426095866        1.07097373944386       -2.05522149564704
H            4.89067368145922        1.82977319332168       -0.31923123090045
H            4.66721840299127        1.01245732270146        2.00160742250432
H            2.84866995242371       -0.55822869434285        2.57546941625199
H            1.26304767418712       -1.30102275552379        0.84682795548185
H            0.05643874977774        2.16241418865398       -1.61576070468033
H           -1.25955172962183        3.56407042163346       -0.07665858138741
H           -2.75384944468798        2.51820549258795        1.58256623040323
H           -3.68128604398682        0.50867435376004        2.61966939127640
H           -3.82688359344249       -1.94742102675680        2.76579852450182
H           -2.49295870578525       -3.35727479151372        1.24421480679406
H           -1.02362265738497       -2.33363811574274       -0.42903401641806
34
 energy: -49.111680113930 gnorm: 0.001970106010 xtb: 6.7.1 (edcfbbe)
C           -0.61563909703973       -1.07027265617692       -2.97671809705337
C            0.11809590005524       -0.48879891493194       -1.80958133105691
N            1.37091013221212       -0.63470963449222       -1.73521007222937
C            2.17627468019120       -0.15632449284676       -0.71728947643250
C            3.21722816378079        0.71671137524269       -1.03912825218463
C            4.09556187949377        1.14121471458586       -0.06226296946025
C            3.96825838102772        0.68866343480452        1.24176719418553
C            2.94753451886754       -0.19058553224341        1.56311816098179
C            2.05239154500038       -0.60860319452404        0.59717200757494
C           -0.68493819766508        0.32172285834090       -0.85242134089883
C           -0.59169947894918        1.69054867426194       -0.89103146200152
C           -1.33878971943685        2.48795688300017       -0.01256722886941
C           -2.16849627818536        1.90933892207685        0.90543317084585
C           -2.27807837218571        0.50513251378482        0.99282226644008
C           -3.10988215511317       -0.11726432963954        1.94753220432337
C           -3.18851980950055       -1.47920546744871        2.03021537924225
C           -2.43099714693244       -2.28175467774287        1.16372148680249
C           -1.61732864256750       -1.71053635454653        0.22445422716031
C           -1.52459325774247       -0.30711596239647        0.10388252816098
H           -0.84601094548244       -0.26671884094995       -3.67919435015872
H           -1.55797027070083       -1.51403626612964       -2.66153575689786
H            0.00380221806618       -1.80814303984930       -3.48127985451522
H            3.31368877431676        1.06461255475391       -2.05753933417248
H            4.89017189654547        1.82715988554057       -0.32150165543780
H            4.66262278125339        1.01659854420490        2.00145515975622
H            2.84171653166365       -0.55054220981027        2.57730083464120
H            1.25801880201538       -1.29717714029606        0.84829194141790
H            0.06103786433086        2.16047164469472       -1.61394971839629
H           -1.25113033312610        3.56312218064598       -0.07175449500682
H           -2.74894174323732        2.51780399082916        1.58477338732313
H           -3.68125089224674        0.50965034407142        2.61797841222406
H           -3.82776566193418       -1.94639895546610        2.76549760963069
H           -2.49174454621337       -3.35741727819083        1.24566975309520
H           -1.02353752046108       -2.33510357315507       -0.42812032893526
34
 energy: -49.111697996860 gnorm: 0.001962639264 xtb: 6.7.1 (edcfbbe)
C           -0.61673877790661       -1.06892617583586       -2.98159429730801
C            0.11742664705113       -0.49208865350939       -1.81268955284772
N            1.36995332953170       -0.64165496606449       -1.73804075413773
C            2.17339529622124       -0.16162468534517       -0.71890318224876
C            3.21785822749971        0.70627865223791       -1.04291449821001
C            4.09254217447903        1.13737470112271       -0.06567523032875
C            3.95764044025518        0.69614949964305        1.24151092808320
C            2.93379934459548       -0.17852305625146        1.56529336895021
C            2.04251781904076       -0.60302190626532        0.59853606762942
C           -0.68265502744751        0.31889664566257       -0.85351772324544
C           -0.58259723502954        1.68744738237568       -0.88783936996145
C           -1.32450124648075        2.48572218223059       -0.00597421214395
C           -2.15832701242545        1.90828426737657        0.90925467943117
C           -2.27432392386613        0.50444045840743        0.99235255929830
C           -3.10892845682853       -0.11619654796735        1.94590263957099
C           -3.18868874793642       -1.47809600770364        2.02922289072698
C           -2.43043415969931       -2.28196410061485        1.16454497549708
C           -1.61684944475681       -1.71231717550814        0.22428106363750
C           -1.52301201093448       -0.30896156356619        0.10260757275271
H           -0.88758197286744       -0.25681583811255       -3.65965112449178
H           -1.53840251639912       -1.55224700325511       -2.66165738378148
H            0.01835497909506       -1.77459671409101       -3.51264795024568
H            3.31918345358289        1.04541298021896       -2.06383780721138
H            4.88972401527013        1.81941583390388       -0.32666303230645
H            4.64880987562269        1.02937002097269        2.00193424267209
H            2.82242886486262       -0.52940025090023        2.58198416369234
H            1.24574454845946       -1.28785228097591        0.85200706798694
H            0.07186196663347        2.15690969186154       -1.60945480810519
H           -1.22913901762369        3.56054157070015       -0.06038672521706
H           -2.73583254211535        2.51738611335015        1.59040214681107
H           -3.68084921901088        0.51095100123876        2.61563780222759
H           -3.82914704537496       -1.94407720782837        2.76421507364153
H           -2.49013880200751       -3.35771694276280        1.24855850419169
H           -1.02309382338968       -2.33849992474297       -0.42679809491120
34
 energy: -49.111700333409 gnorm: 0.001937961847 xtb: 6.7.1 (edcfbbe)
C           -0.61928005305634       -1.06607938807392       -2.98154756730389
C            0.11766098286108       -0.49240654625555       -1.81257955301680
N            1.36985215758504       -0.64592378592883       -1.73900165146977
C            2.17340636765828       -0.16610516787832       -0.71965353265294
C            3.21846095031889        0.70078072544319       -1.04402288887132
C            4.09102304268601        1.13559937686363       -0.06666352241934
C            3.95347341437242        0.69864608224127        1.24159442052128
C            2.93014903913848       -0.17633306342727        1.56570888631484
C            2.04110780314184       -0.60445917507922        0.59848915132707
C           -0.68037198811274        0.31948269138069       -0.85267473448310
C           -0.57973820551151        1.68802542211929       -0.88636947095665
C           -1.32220236221382        2.48582097755132       -0.00465236974072
C           -2.15817061515508        1.90831522602044        0.90880571579587
C           -2.27415858786615        0.50464395788136        0.99121188955963
C           -3.11015264083942       -0.11645868776216        1.94355338471249
C           -3.18731221825906       -1.47838361549706        2.02774457697739
C           -2.42588397731063       -2.28207940923630        1.16526630466180
C           -1.61252192191269       -1.71208495940351        0.22539801269334
C           -1.52103972110665       -0.30833678486705        0.10289672007217
H           -0.89038352014733       -0.25524267495073       -3.65622327254078
H           -1.53888938028963       -1.54796253746391       -2.66246820645922
H            0.01133978904047       -1.77060634858645       -3.51396602861265
H            3.32142699418764        1.03655954924840       -2.06587154219023
H            4.88827781638318        1.81724912207501       -0.32784302514664
H            4.64228004582793        1.03551300342243        2.00259543368004
H            2.81717468715901       -0.52419785323213        2.58310778141740
H            1.24483710821004       -1.28945956955844        0.85292124241301
H            0.07512407602440        2.15856141242679       -1.60685063345135
H           -1.22544769003198        3.56050270672302       -0.05828786719569
H           -2.73670067169949        2.51763467617053        1.58872572970167
H           -3.68503166153996        0.50918989307676        2.61208401691286
H           -3.82809026475657       -1.94535814109837        2.76182827749712
H           -2.48359900792271       -3.35783223606717        1.25142798096422
H           -1.01661978676262       -2.33721487827592       -0.42468365861233
34
 energy: -49.111708586481 gnorm: 0.000319875177 xtb: 6.7.1 (edcfbbe)
C           -0.61933362696685       -1.06582871798600       -2.98180608017592
C            0.11811725105119       -0.49318575874186       -1.81257811281020
N            1.37049698041417       -0.64596124576866       -1.74021521978773
C            2.17402123665697       -0.16668530688229       -0.72062220814380
C            3.22045888279657        0.69871193904058       -1.04467521656639
C            4.09171428094092        1.13474714490099       -0.06675687984571
C            3.95171131117271        0.70017491956011        1.24207647899618
C            2.92771681538780       -0.17419763411336        1.56584279405562
C            2.03998326626889       -0.60339949234858        0.59791735700142
C           -0.67968840799571        0.31834568479678       -0.85224241229706
C           -0.57895431339983        1.68695191198406       -0.88653297359867
C           -1.32094466498425        2.48514243247775       -0.00483974450558
C           -2.15637205925155        1.90816132356347        0.90951331507783
C           -2.27273015256259        0.50462987553574        0.99208280468890
C           -3.10885766579986       -0.11610296156781        1.94473377733736
C           -3.18767848694599       -1.47788742016869        2.02788449318837
C           -2.42746869811080       -2.28214482974447        1.16462028390462
C           -1.61333108580622       -1.71268947478811        0.22536390556870
C           -1.52052818302460       -0.30876044596308        0.10346447683840
H           -0.90356734857322       -0.25114711260761       -3.64887814301052
H           -1.53321309227642       -1.56046505070692       -2.66015148256394
H            0.01678453446004       -1.76073390439697       -3.52356280453015
H            3.32520911543911        1.03283652316537       -2.06689817080940
H            4.88980128053292        1.81552856801001       -0.32764438567315
H            4.63910821755675        1.03842978957135        2.00372190792763
H            2.81312050634791       -0.52064357727113        2.58352643220074
H            1.24341966580055       -1.28808408624713        0.85242175660565
H            0.07550378098091        2.15753685239541       -1.60733808550949
H           -1.22414993305370        3.55974320418112       -0.05937489578266
H           -2.73406760669253        2.51810397890226        1.58956944127903
H           -3.68267534357451        0.50934355331868        2.61429208354380
H           -3.82851609533717       -1.94500266694312        2.76183507916893
H           -2.48737280375359       -3.35777890030651        1.25030427556616
H           -1.01771755759768       -2.33768911484955       -0.42505384724021
34
 energy: -49.111710300147 gnorm: 0.000438608367 xtb: 6.7.1 (edcfbbe)
C           -0.62000927648520       -1.06463902511485       -2.98139988343028
C            0.11880069252597       -0.49323579684373       -1.81243173435269
N            1.37122001057939       -0.64620313651614       -1.74114817027737
C            2.17490923031170       -0.16753313833518       -0.72130116734377
C            3.22210433722531        0.69706495331871       -1.04508836526924
C            4.09229870398621        1.13390705302028       -0.06658377112617
C            3.95062187708237        0.70080850624245        1.24257695008220
C            2.92646480703967       -0.17356134957979        1.56589288539735
C            2.03974632069837       -0.60354052659020        0.59737072545150
C           -0.67871722776597        0.31802149939068       -0.85157246330802
C           -0.57881194976954        1.68669711192554       -0.88672886046317
C           -1.32145541212441        2.48500593186825       -0.00566704019976
C           -2.15645517128422        1.90814028924225        0.90916764625267
C           -2.27208280660751        0.50459237714028        0.99253737660156
C           -3.10823974281868       -0.11622463907474        1.94515889717230
C           -3.18748407262802       -1.47794977646015        2.02790780896454
C           -2.42728265196636       -2.28231518298851        1.16458425023803
C           -1.61250135355212       -1.71284446260045        0.22599943069089
C           -1.51960565596788       -0.30884747707487        0.10423040886806
H           -0.90923285444294       -0.24851876294293       -3.64486888021241
H           -1.53139754810115       -1.56359847771002       -2.65842431474248
H            0.01696983066327       -1.75582392486889       -3.52717870431117
H            3.32818169208663        1.03011311783252       -2.06752189251650
H            4.89087952058486        1.81423798591722       -0.32722757096028
H            4.63687271590616        1.04011591100653        2.00476175903770
H            2.81084286266374       -0.51938246685018        2.58368010027555
H            1.24315690980631       -1.28830642890938        0.85161303848349
H            0.07542247551327        2.15724879055841       -1.60776800213264
H           -1.22561831096505        3.55967592953457       -0.06116721644338
H           -2.73454024743623        2.51832887240036        1.58869090009795
H           -3.68197204610896        0.50923301018192        2.61480067992172
H           -3.82863505679500       -1.94528458179294        2.76144545900459
H           -2.48799169090235       -3.35789678991304        1.25004498980115
H           -1.01645891085129       -2.33748539541215       -0.42438526915316
34
 energy: -49.111712034575 gnorm: 0.000334653561 xtb: 6.7.1 (edcfbbe)
C           -0.62110344401460       -1.06225022395809       -2.98050286138245
C            0.11997814385930       -0.49289392654857       -1.81196567038947
N            1.37243941472386       -0.64617553253773       -1.74243828117446
C            2.17650975408001       -0.16853945760670       -0.72219689706717
C            3.22472551729759        0.69501314164453       -1.04542021577117
C            4.09359490083842        1.13239402287669       -0.06594206164162
C            3.94975885551955        0.70071340354566        1.24342281558906
C            2.92534135045464       -0.17369335731992        1.56585094988966
C            2.03989434062299       -0.60421115213762        0.59641777081383
C           -0.67719121995086        0.31793174314365       -0.85031894655732
C           -0.57944734981070        1.68672329177785       -0.88730848469120
C           -1.32384513262612        2.48506356772042       -0.00772371481450
C           -2.15792052540299        1.90812354504256        0.90787108829930
C           -2.27148235509821        0.50447662357198        0.99307872788857
C           -3.10750918133522       -0.11660705088993        1.94563519664710
C           -3.18687988052353       -1.47828560118097        2.02810698135512
C           -2.42618384524342       -2.28258600597380        1.16507397723253
C           -1.61042555689102       -1.71291036606101        0.22752094679379
C           -1.51791629229260       -0.30889211448105        0.10565076557378
H           -0.91458980224216       -0.24463430473443       -3.64001522715761
H           -1.53018089039603       -1.56425112934854       -2.65600508794681
H            0.01541830581930       -1.75017984083820       -3.53079006658626
H            3.33260533186082        1.02704289339172       -2.06795573263093
H            4.89279394545925        1.81225428760385       -0.32602905010271
H            4.63449477478394        1.04111548059585        2.00644830251225
H            2.80831563669419       -0.51905581259384        2.58364829402092
H            1.24315792324366       -1.28908242337340        0.84989727889427
H            0.07430849870065        2.15714425033613       -1.60888553288756
H           -1.23053082331803        3.55989069880934       -0.06517226343776
H           -2.73734669953286        2.51842474621675        1.58619262299303
H           -3.68130126991347        0.50902123645639        2.61511442554716
H           -3.82844530015367       -1.94585562007871        2.76113036884255
H           -2.48754666752064       -3.35812568020236        1.25012542897027
H           -1.01349045759167       -2.33710333286668       -0.42251584752542
34
 energy: -49.111712703062 gnorm: 0.000198217260 xtb: 6.7.1 (edcfbbe)
C           -0.62148227227758       -1.06084077418735       -2.98041182843435
C            0.12042218537758       -0.49239879539061       -1.81196695372031
N            1.37288291136999       -0.64593873723607       -1.74300112198328
C            2.17704226154607       -0.16879715223789       -0.72248270178794
C            3.22578023298619        0.69418896042146       -1.04540438201295
C            4.09432209811240        1.13136476819975       -0.06550506168945
C            3.94961399073330        0.70000481133628        1.24385287677359
C            2.92474035215740       -0.17400590557350        1.56592055866761
C            2.03963290865560       -0.60432260702177        0.59609949591158
C           -0.67672339929124        0.31812145055895       -0.84997932211865
C           -0.58008848841000        1.68695172890361       -0.88773752280124
C           -1.32535167318974        2.48520064449320       -0.00880092450557
C           -2.15907716179215        1.90807040701777        0.90696809600772
C           -2.27146594511621        0.50436170828423        0.99303788056144
C           -3.10733134094118       -0.11679918222874        1.94564644726679
C           -3.18620909510820       -1.47849796088783        2.02847977091550
C           -2.42499065682516       -2.28266599434310        1.16585133896796
C           -1.60904758064176       -1.71289035573352        0.22845548673467
C           -1.51715561844632       -0.30891926862246        0.10612200215648
H           -0.91681595639788       -0.24267224743482       -3.63823874331142
H           -1.52948656190318       -1.56436674259005       -2.65541190804282
H            0.01484053967270       -1.74727876491079       -3.53243116532539
H            3.33437167016845        1.02598827521151       -2.06792995427610
H            4.89396789212006        1.81081071177958       -0.32533489149838
H            4.63407548056584        1.04028001632253        2.00717843461617
H            2.80711270799044       -0.51923771362154        2.58369178710302
H            1.24251165203263       -1.28888624452434        0.84915667534111
H            0.07346576119066        2.15732995068618       -1.60953123384159
H           -1.23318591408169        3.56008968239565       -0.06695330515591
H           -2.73934908881488        2.51821341005005        1.58471989446878
H           -3.68153584364070        0.50891370742995        2.61468289316298
H           -3.82796018240265       -1.94601339543813        2.76137526824229
H           -2.48590888660801       -3.35821908406804        1.25097169865876
H           -1.01161697869045       -2.33713930703833       -0.42108958495235
34
 energy: -49.111713556203 gnorm: 0.000164914792 xtb: 6.7.1 (edcfbbe)
C           -0.62161844297938       -1.05932191673811       -2.98075405789387
C            0.12064387015902       -0.49169034303333       -1.81216328036018
N            1.37309040107648       -0.64540247392547       -1.74346734869417
C            2.17719770924344       -0.16872016683932       -0.72258858000499
C            3.22664590548284        0.69347927616061       -1.04517403169727
C            4.09525970804646        1.12984793535096       -0.06493901504066
C            3.94979177233155        0.69849091046676        1.24430641161357
C            2.92400856516722       -0.17456637742268        1.56606749878622
C            2.03887321363110       -0.60408207251683        0.59594269280093
C           -0.67663074735304        0.31849058995898       -0.84994915054881
C           -0.58113973337392        1.68736195165867       -0.88837478662813
C           -1.32720390808044        2.48545869778722       -0.00997257541441
C           -2.16065357193583        1.90802855129909        0.90582872982199
C           -2.27178643445876        0.50424026278235        0.99268258390992
C           -3.10740241055063       -0.11697844940175        1.94540414288461
C           -3.18519191707682       -1.47873991359258        2.02910372982559
C           -2.42302547333780       -2.28269767447268        1.16725511305309
C           -1.60732134061508       -1.71280700437152        0.22960271116153
C           -1.51654303245880       -0.30891713907045        0.10638407565992
H           -0.91942850536950       -0.24055209789484       -3.63653231454761
H           -1.52816677233516       -1.56504388272876       -2.65551392550280
H            0.01514795458792       -1.74352312042979       -3.53495395435913
H            3.33584669570371        1.02526507816189       -2.06762777103762
H            4.89550056092953        1.80869293247213       -0.32446778943795
H            4.63434174285416        1.03807320346320        2.00787453625653
H            2.80569511232871       -0.51960246457422        2.58382206778875
H            1.24102133129134       -1.28792384758022        0.84856935154938
H            0.07217863687928        2.15775234641796       -1.61038048795755
H           -1.23603644591291        3.56040285706079       -0.06861804151092
H           -2.74182984610206        2.51787275875004        1.58308178684895
H           -3.68220146910317        0.50879745767736        2.61388895842271
H           -3.82681194679671       -1.94610443634035        2.76220821142619
H           -2.48280336995018       -3.35829825114581        1.25280008115106
H           -1.00944781182221       -2.33728317738750       -0.41934557222615
34
 energy: -49.111714623575 gnorm: 0.000290123681 xtb: 6.7.1 (edcfbbe)
C           -0.62150965623979       -1.05753757038366       -2.98157556610982
C            0.12061535545235       -0.49047414886854       -1.81263226306687
N            1.37305838210561       -0.64420110517086       -1.74386479630669
C            2.17706916461617       -0.16827246076362       -0.72252654391457
C            3.22755324489460        0.69282497671502       -1.04461067857413
C            4.09658693191655        1.12771770620479       -0.06406390520489
C            3.95033930252131        0.69602654764662        1.24498325416005
C            2.92314048278320       -0.17552104049478        1.56636821409612
C            2.03765902450787       -0.60356750412722        0.59592389258097
C           -0.67710867027878        0.31919315064436       -0.85034447473147
C           -0.58298079205797        1.68811333298461       -0.88943648772967
C           -1.32988159436971        2.48593217982733       -0.01148957758363
C           -2.16297342860155        1.90807884730453        0.90434954026271
C           -2.27252390563419        0.50420470868972        0.99204502511645
C           -3.10747973517641       -0.11718765534894        1.94517452015929
C           -3.18337120532576       -1.47902752457759        2.03024712385724
C           -2.42014026533472       -2.28265922658533        1.16916134607616
C           -1.60530292734577       -1.71254508464632        0.23077971323760
C           -1.51623942873695       -0.30871034287449        0.10635274103710
H           -0.92271938884628       -0.23828666430084       -3.63508352082161
H           -1.52607991503880       -1.56682964014392       -2.65625063763886
H            0.01638174782008       -1.73869679594066       -3.53796187577846
H            3.33733142860067        1.02487659291021       -2.06692013974361
H            4.89782490929924        1.80552478589427       -0.32323173617325
H            4.63546374563319        1.03408801546660        2.00872399160295
H            2.80414434353382       -0.52057914054806        2.58402398465404
H            1.23869056279656       -1.28624979604597        0.84813039093615
H            0.06994249837545        2.15870114750918       -1.61167544342626
H           -1.23972211824117        3.56091987922993       -0.07059500715564
H           -2.74503644463587        2.51753813988655        1.58119009729642
H           -3.68338538994101        0.50842546662659        2.61282427113594
H           -3.82456166998442       -1.94636804360797        2.76374292374429
H           -2.47802277748538       -3.35829961358728        1.25567728308093
H           -1.00676181148177       -2.33715211952246       -0.41743565897620
34
 energy: -49.111715864321 gnorm: 0.000323237695 xtb: 6.7.1 (edcfbbe)
C           -0.62113720077518       -1.05562446066422       -2.98269401938206
C            0.12031118280165       -0.48877390946372       -1.81321352069660
N            1.37275777052086       -0.64221344483846       -1.74410470831734
C            2.17668581290592       -0.16741607056127       -0.72224608849784
C            3.22867377928670        0.69211200807987       -1.04366245085934
C            4.09851003317965        1.12474757807219       -0.06282675189914
C            3.95143990711736        0.69241629347690        1.24592638544146
C            2.92237845691384       -0.17712895116971        1.56679187792883
C            2.03614632809520       -0.60290025158567        0.59604008620521
C           -0.67820764018618        0.32030957986165       -0.85109754637725
C           -0.58594236747215        1.68932256842790       -0.89110207199920
C           -1.33386076072253        2.48672394377058       -0.01362674228946
C           -2.16625968308960        1.90832250981863        0.90249977817445
C           -2.27374937658148        0.50434826594334        0.99121357965566
C           -3.10763951089714       -0.11748683835132        1.94496988172918
C           -3.18083814641750       -1.47940399083130        2.03171937249649
C           -2.41613279728093       -2.28254747469197        1.17154640841633
C           -1.60279632846527       -1.71198848341131        0.23209307347745
C           -1.51621562467191       -0.30814504235026        0.10619389541311
H           -0.92667165282451       -0.23590495118475       -3.63357532617973
H           -1.52320895829222       -1.56925474626971       -2.65744457657509
H            0.01869626275637       -1.73290283514088       -3.54169742396376
H            3.33913295611538        1.02459288249086       -2.06577285562441
H            4.90102870909417        1.80121591497209       -0.32148928348585
H            4.63730706050693        1.02850825740712        2.00988851246980
H            2.80255358035627       -0.52235013654976        2.58429736636099
H            1.23584157357878       -1.28416057908044        0.84782090731934
H            0.06638034237108        2.16033178814891       -1.61361312817285
H           -1.24500730858523        3.56177695098097       -0.07339064584940
H           -2.74927366648470        2.51737954368994        1.57887265126247
H           -3.68464786317223        0.50771663533928        2.61206244507992
H           -3.82084211907778       -1.94703065687593        2.76606951612577
H           -2.47176385730722       -3.35822317187456        1.25935441662230
H           -1.00364889319603       -2.33636872558320       -0.41580301391067
34
 energy: -49.111717173849 gnorm: 0.000275026179 xtb: 6.7.1 (edcfbbe)
C           -0.62047354865669       -1.05356769548717       -2.98398700298017
C            0.11974668113751       -0.48633536754582       -1.81390280409474
N            1.37219216347463       -0.63920493827636       -1.74403998212849
C            2.17617521189405       -0.16605803031988       -0.72166345538670
C            3.22997678366842        0.69163908100387       -1.04218905341601
C            4.10102180303587        1.12114033983976       -0.06107024379996
C            3.95327176628513        0.68760404847485        1.24723063078996
C            2.92208168742604       -0.17968085192258        1.56734726090428
C            2.03467099222032       -0.60231815139353        0.59629379119656
C           -0.68004747750723        0.32204887461295       -0.85226182493276
C           -0.59033455704493        1.69120029926487       -0.89346428319029
C           -1.33964766301722        2.48796139776685       -0.01657403603135
C           -2.17085082084165        1.90882346912344        0.90018428990843
C           -2.27546078304664        0.50472625979094        0.99031598020473
C           -3.10742685472532       -0.11792839282619        1.94524402255999
C           -3.17716825958232       -1.47991067069686        2.03381887316082
C           -2.41130189380116       -2.28236026898118        1.17395626839626
C           -1.60015932362586       -1.71102429070801        0.23311372973646
C           -1.51662015012999       -0.30708496550762        0.10581283535234
H           -0.92963603702994       -0.23398718257867       -3.63319308167929
H           -1.52030940705209       -1.57133599637205       -2.65897441407652
H            0.02148060044869       -1.72755136836605       -3.54439823912296
H            3.34103100786240        1.02499016677002       -2.06395346578951
H            4.90515047631879        1.79592805017080       -0.31911655880510
H            4.64032593891696        1.02090577003754        2.01135022788368
H            2.80163889028216       -0.52573399477534        2.58449204609098
H            1.23287070880476       -1.28199441202800        0.84758826540797
H            0.06100339376271        2.16287729645085       -1.61643367648847
H           -1.25272257705035        3.56312205569051       -0.07731292751311
H           -2.75483676621659        2.51743137295708        1.57611848172080
H           -3.68585325396867        0.50659935503398        2.61173238076568
H           -3.81554862576567       -1.94823676188293        2.76913795217339
H           -2.46418998174909       -3.35803866514964        1.26341911603813
H           -1.00005012462667       -2.33464583216872       -0.41462110275627
34
 energy: -49.111717991576 gnorm: 0.000127448144 xtb: 6.7.1 (edcfbbe)
C           -0.61985311536231       -1.05163035344567       -2.98499504878615
C            0.11926074691869       -0.48400940503469       -1.81436051371177
N            1.37169492130566       -0.63641492711881       -1.74379378938235
C            2.17586574463930       -0.16497233943331       -0.72099254834282
C            3.23135849253170        0.69100544136584       -1.04071379994871
C            4.10343289932321        1.11768449072119       -0.05930883423447
C            3.95505325776770        0.68307256375868        1.24858676561639
C            2.92208563976084       -0.18234777117939        1.56795380708508
C            2.03362580599239       -0.60214371758567        0.59661413761761
C           -0.68178288738843        0.32387531812749       -0.85330893218183
C           -0.59487695365576        1.69317189999372       -0.89595494808962
C           -1.34565597917142        2.48925427289018       -0.01969261251588
C           -2.17534776108912        1.90939249673228        0.89800652516793
C           -2.27696543042816        0.50519226215346        0.98965926706823
C           -3.10703161848104       -0.11841140416120        1.94567893802763
C           -3.17367123728420       -1.48041066634561        2.03560437249593
C           -2.40664476128446       -2.28211390799197        1.17598723734441
C           -1.59749540432694       -1.70992531869477        0.23405424004406
C           -1.51688046348813       -0.30586623695962        0.10560760637102
H           -0.93249523661832       -0.23208721540663       -3.63273305970098
H           -1.51762010328807       -1.57299775640548       -2.66000538903279
H            0.02400916349836       -1.72271167033797       -3.54682946750765
H            3.34305362261363        1.02503599223821       -2.06218795584437
H            4.90900943454953        1.79095427570537       -0.31679380778375
H            4.64298264522170        1.01408737247356        2.01290528576493
H            2.80108292749179       -0.52927276929075        2.58474561914613
H            1.23062676133103       -1.28056668296462        0.84744716695717
H            0.05542391342386        2.16551831342172       -1.61942310619026
H           -1.26108446550649        3.56453760485964       -0.08170142362240
H           -2.76039996526614        2.51761270806660        1.57335428561702
H           -3.68626455029136        0.50543698520730        2.61211728474588
H           -3.81019380988845       -1.94958785972773        2.77199395920005
H           -2.45754456129657       -3.35778973623329        1.26652922375484
H           -0.99675767215361       -2.33257225939636       -0.41405048504972
34
 energy: -49.111718080519 gnorm: 0.000191419739 xtb: 6.7.1 (edcfbbe)
C           -0.61923268206792       -1.04969301140417       -2.98600309459214
C            0.11877481269988       -0.48168344252357       -1.81481822332879
N            1.37119767913669       -0.63362491596127       -1.74354759663620
C            2.17555627738455       -0.16388664854675       -0.72032164129893
C            3.23274020139497        0.69037180172781       -1.03923854648140
C            4.10584399561055        1.11422864160262       -0.05754742466898
C            3.95683474925026        0.67854107904252        1.24994290044282
C            2.92208959209563       -0.18501469043621        1.56856035326587
C            2.03258061976446       -0.60196928377781        0.59693448403867
C           -0.68351829726963        0.32570176164203       -0.85435603943090
C           -0.59941935026659        1.69514350072258       -0.89844561298894
C           -1.35166429532561        2.49054714801351       -0.02281118900041
C           -2.17984470133660        1.90996152434111        0.89582876042742
C           -2.27847007780968        0.50565826451598        0.98900255393172
C           -3.10663638223677       -0.11889441549622        1.94611385349527
C           -3.17017421498607       -1.48091066199436        2.03738987183104
C           -2.40198762876776       -2.28186754700277        1.17801820629256
C           -1.59483148502801       -1.70882634668154        0.23499475035165
C           -1.51714077684627       -0.30464750841162        0.10540237738971
H           -0.93535443620670       -0.23018724823460       -3.63227303772267
H           -1.51493079952406       -1.57465951643891       -2.66103636398905
H            0.02653772654802       -1.71787197230989       -3.54926069589233
H            3.34507623736486        1.02508181770640       -2.06042244589924
H            4.91286839278026        1.78598050123995       -0.31447105676241
H            4.64563935152644        1.00726897490957        2.01446034364618
H            2.80052696470141       -0.53281154380616        2.58499919220128
H            1.22838281385731       -1.27913895390123        0.84730606850636
H            0.04984443308502        2.16815933039259       -1.62241253589205
H           -1.26944635396264        3.56595315402877       -0.08608991973168
H           -2.76596316431570        2.51779404317611        1.57059008951324
H           -3.68667584661406        0.50427461538061        2.61250218872609
H           -3.80483899401124       -1.95093895757253        2.77484996622670
H           -2.45089914084405       -3.35754080731694        1.26963933147155
H           -0.99346521968054       -2.33049868662401       -0.41347986734316
