$hessian                                                                        
        0.1253212951   0.1791918100  -0.0918223009  -0.1178607068  -0.1533879899
        0.0795825503  -0.0052257295  -0.0135802299   0.0205456913  -0.0069237933
       -0.0233152186   0.0062496266   0.0015895369   0.0026915072  -0.0051574381
       -0.0003289471  -0.0004711304  -0.0000587052   0.0001889030   0.0003413678
        0.0000503920   0.0001281905  -0.0001083006  -0.0000045891   0.0002083527
        0.0000245874  -0.0001460922   0.0001077986  -0.0000344219  -0.0000008580
       -0.0000627728  -0.0000063011  -0.0000388444  -0.0003340789   0.0000519689
        0.0001292139   0.0003439780  -0.0000300110   0.0002622219  -0.0007054852
       -0.0004454191   0.0002424156  -0.0004713650   0.0001662626   0.0007273503
        0.0009490843  -0.0018700919  -0.0015081761   0.0072596235   0.0113304359
       -0.0053911603  -0.0003231106  -0.0002663900  -0.0004706694   0.0003020315
        0.0000845125  -0.0000204433  -0.0001266721  -0.0000201300  -0.0000234475
        0.0001355328   0.0000323197  -0.0000124282   0.0000426301   0.0000340583
        0.0000463075   0.0000009617   0.0000415061   0.0000093817  -0.0001351097
        0.0000411981   0.0000891552   0.0002603771   0.0000133886   0.0000229580
        0.0001288746  -0.0000247863  -0.0001727475   0.0000514792  -0.0000276496
       -0.0002945691   0.0000597732  -0.0000435339  -0.0001694184   0.0000975819
       -0.0001485924  -0.0000168650   0.0000813994  -0.0002311269   0.0001291286
       -0.0002519807  -0.0001171832   0.0000599824  -0.0003011906  -0.0003027384
       -0.0003776193  -0.0000835178  -0.0005953232   0.0020265706  -0.0004688610
        0.0007369437  -0.0001876172   0.0000526348  -0.0000398216  -0.0000704196
        0.0000317257  -0.0000176734   0.0000214324   0.0001144608   0.0001509563
        0.0000822780  -0.0004456060  -0.0012348153  -0.0030396804  -0.0000813993
       -0.0000549185   0.0000855263  -0.0000460405   0.0000029893   0.0000194126
       -0.0000043100  -0.0000666748   0.0000488961   0.0000225681  -0.0001050775
        0.0000228597   0.0000741887  -0.0000989800   0.0000418520   0.0000361958
       -0.0000394080   0.0000184610   0.0000315551  -0.0000301501  -0.0000193274
        0.0000154267   0.0000010558   0.0000080467   0.0000016824   0.0000188881
        0.0000118233   0.0000787182   0.0000776107   0.0000770311   0.0000417863
        0.0000188336   0.0000335157  -0.0000392562   0.0000578337   0.0000944128
       -0.0000467126   0.0001044078   0.0000330381   0.0000111484   0.0000578429
       -0.0000028678   0.0000428709   0.0000796259   0.0002778823  -0.0030960232
        0.0010858962  -0.0017188490   0.0000939825   0.0000489366   0.0000383548
       -0.0002400011  -0.0000421260  -0.0001531409  -0.0001352926   0.0000614238
       -0.0000770371  -0.0001683862   0.0002080460  -0.0001324577
        0.1791918100   0.4458601220  -0.2064748783  -0.1594461901  -0.4087445507
        0.1801519904  -0.0069098797   0.0048249026   0.0091423500  -0.0157953069
       -0.0237702903   0.0059724158  -0.0010480425   0.0044536881  -0.0058297988
       -0.0000147776  -0.0013789626   0.0000631228  -0.0000665380   0.0005848679
        0.0002601861   0.0001659106  -0.0001577254  -0.0000330128   0.0002943112
        0.0000869299  -0.0002141164   0.0000364127   0.0000842193  -0.0000365608
       -0.0000730626   0.0001296779  -0.0000839678  -0.0003957242   0.0000960272
        0.0000924468   0.0000653766   0.0005788950   0.0001571270   0.0000735753
        0.0001647587  -0.0001898044   0.0000869695  -0.0009033343  -0.0004279539
       -0.0047807067   0.0051258912   0.0059796654   0.0085896716  -0.0252958041
        0.0101876540  -0.0000385548  -0.0004366319  -0.0004416853  -0.0001303793
        0.0004148078   0.0002410923  -0.0001117040  -0.0002175302  -0.0001567373
       -0.0003198411   0.0001229930   0.0001904813  -0.0000063077   0.0000366951
        0.0000332752   0.0000578848   0.0000979966   0.0001383914   0.0004096236
        0.0000858858  -0.0001041732  -0.0001683433   0.0005653951   0.0001302498
        0.0000816999  -0.0005406620   0.0000288423   0.0001196850   0.0001170862
       -0.0001572599   0.0000489844   0.0000126488  -0.0000943543   0.0000097159
        0.0000416888   0.0000139853   0.0001265152   0.0000062664   0.0001804395
       -0.0001466077  -0.0000508472   0.0000437218  -0.0002246175  -0.0003752742
       -0.0003262784   0.0001114131   0.0001412472   0.0000368151  -0.0001868488
       -0.0002443146   0.0000742103  -0.0000468918   0.0001234952  -0.0000322991
       -0.0000711901   0.0001173997  -0.0000778315  -0.0001751505   0.0003081387
        0.0000006761  -0.0006619607  -0.0010185827   0.0013164388  -0.0002488419
       -0.0001861184   0.0001284913  -0.0001881727  -0.0000882228   0.0000740458
       -0.0000417497  -0.0001817285   0.0000937475   0.0000603104  -0.0001999491
        0.0000572112  -0.0000224377   0.0000566179  -0.0000189468   0.0002319693
       -0.0000692049  -0.0001159202   0.0001981777  -0.0000667927  -0.0000931617
        0.0000434958  -0.0001339742  -0.0001435633  -0.0000582050  -0.0001613023
       -0.0001258510   0.0000042579   0.0000284683   0.0000462175   0.0000113447
       -0.0000412294  -0.0000667201  -0.0001194800   0.0000729184   0.0001076097
       -0.0001461551   0.0001338272   0.0000147029  -0.0001240190   0.0001296716
       -0.0001444016   0.0000709430  -0.0001344461   0.0002221992   0.0011646990
       -0.0005432392  -0.0000746671   0.0002920852   0.0002750251   0.0001289210
        0.0001199787   0.0000564181   0.0000831132   0.0001142131   0.0000033050
        0.0000791730  -0.0000133479   0.0000027418  -0.0000070656
       -0.0918223009  -0.2064748783   0.1488386895   0.0827367808   0.1806296403
       -0.1474493833   0.0216071944   0.0183028202  -0.0184728456  -0.0037453243
       -0.0088646228   0.0116524146  -0.0012751573   0.0000896904  -0.0007931955
       -0.0002863919  -0.0007347252   0.0000341324  -0.0002321678  -0.0001537775
        0.0002704110  -0.0001360618   0.0000173098   0.0000220820  -0.0000291227
       -0.0000589700   0.0000238347  -0.0000543709  -0.0000069375   0.0000258048
        0.0000318036  -0.0000242972  -0.0000054967   0.0000627100  -0.0001577819
        0.0001065406   0.0002355131   0.0000313741   0.0000832609  -0.0004714362
       -0.0004934975   0.0003424185  -0.0000181878   0.0009198224   0.0002571701
        0.0023555062  -0.0005968658  -0.0047110877  -0.0055717123   0.0143236773
        0.0055532654  -0.0005766577   0.0004752636   0.0001221936   0.0000317431
       -0.0002581403   0.0000696729   0.0000609321   0.0001841812   0.0000901088
        0.0001095971  -0.0000191368  -0.0000442985   0.0000364382   0.0000114422
        0.0000111906  -0.0000511496   0.0000107034  -0.0000364839  -0.0001534615
       -0.0000614971   0.0001293212   0.0001746853   0.0000320353   0.0002910704
       -0.0001015384   0.0001385670  -0.0001218719   0.0000675773   0.0001178421
        0.0000820142  -0.0000722691   0.0000914737   0.0001057892  -0.0000189149
        0.0000363346   0.0000696546  -0.0000348858  -0.0000258049  -0.0000638295
        0.0000265662  -0.0001084205  -0.0004118081   0.0001786448  -0.0000255756
        0.0000178448  -0.0005511117   0.0002507468   0.0002602530   0.0001086783
       -0.0000458087   0.0001654791   0.0001567722  -0.0000058879   0.0000786308
        0.0000298212   0.0000195463   0.0000629167   0.0000419600  -0.0001251718
        0.0000185981  -0.0023599802   0.0024984386   0.0033248103  -0.0000136927
       -0.0000632119   0.0000025149   0.0000282878   0.0000134828  -0.0000233981
        0.0000082058   0.0000288536  -0.0000232226  -0.0000128641   0.0000248539
       -0.0000227618   0.0000252364  -0.0000019306  -0.0000233389  -0.0000640187
        0.0000432188   0.0000084805  -0.0000497316   0.0000170761   0.0000015618
       -0.0000086650   0.0000358140   0.0000300037   0.0000184132   0.0000567684
        0.0000173829   0.0000340490   0.0000381085  -0.0000217267  -0.0000936650
       -0.0000844214   0.0001163422  -0.0000351911  -0.0000121167   0.0000159757
       -0.0000010024  -0.0000242356   0.0000192500   0.0000709132  -0.0000916931
        0.0000819970   0.0000475796   0.0001153197   0.0002040883  -0.0004751984
       -0.0001193808  -0.0002327494   0.0000287893   0.0000675036  -0.0000779155
        0.0000014240  -0.0000053726  -0.0000226516  -0.0000237681   0.0000197971
       -0.0000269901   0.0000241777   0.0000024544  -0.0000221145
       -0.1178607068  -0.1594461901   0.0827367808   0.4249293244   0.1446231268
       -0.0764038174  -0.0990439479   0.0119287505   0.0839534596  -0.0830773636
       -0.0393244062  -0.0692545855  -0.0240966071  -0.0407968022   0.0067980173
        0.0026237485   0.0002196758   0.0004149745  -0.0017050482  -0.0014806656
        0.0014877940   0.0000200496   0.0000687314  -0.0000418498  -0.0007093657
       -0.0001390818   0.0002679500  -0.0001944040   0.0001739611  -0.0000598826
        0.0000865092   0.0000536785   0.0000267515   0.0008862988   0.0002006162
       -0.0004201425  -0.0012842007  -0.0008262905   0.0009386331   0.0022478792
        0.0039238413  -0.0035288327   0.0010114295  -0.0038615521  -0.0053708341
       -0.0256161040   0.0364311261   0.0242584695  -0.0821489453   0.0450892171
       -0.0486229184   0.0032998868  -0.0013048690  -0.0005488938  -0.0016114449
        0.0014090047   0.0019021958  -0.0001613835  -0.0005064518  -0.0002436131
       -0.0008638874   0.0003198039   0.0003959783  -0.0003298626  -0.0001522112
       -0.0001654545   0.0001949908  -0.0000139158   0.0000363777   0.0011388867
        0.0000772661  -0.0004450801  -0.0012877178   0.0004085794   0.0010877460
        0.0006740957   0.0007511338   0.0004514011  -0.0001989981   0.0003321005
        0.0012702196  -0.0002719133   0.0002383566   0.0005412800  -0.0002209514
        0.0004141658   0.0000138885  -0.0002924321   0.0007335229  -0.0005664633
        0.0008170905   0.0008024245  -0.0004754377  -0.0005126508  -0.0000116111
       -0.0003865016   0.0003403923   0.0008199550  -0.0017817474   0.0000321869
       -0.0011587727  -0.0001225947  -0.0001308800  -0.0002406553  -0.0000485270
       -0.0001274755   0.0001813480  -0.0001372623  -0.0005206410   0.0006814610
       -0.0002746685   0.0043768311   0.0017952776   0.0024514641   0.0002127514
        0.0000916249  -0.0003166728   0.0000810990  -0.0000261101  -0.0000317632
       -0.0000062449   0.0001614999  -0.0000737596  -0.0000432627   0.0002359909
       -0.0000424551  -0.0003718041   0.0004056758  -0.0001458877   0.0003066855
       -0.0000367908  -0.0003008371   0.0001549831   0.0000139379  -0.0000577643
        0.0000067735  -0.0001570288  -0.0001785978  -0.0000725710  -0.0002661209
       -0.0001815548  -0.0004407908  -0.0002903050  -0.0002424028  -0.0001181773
       -0.0001374484  -0.0000535984   0.0001768664  -0.0002292987  -0.0002884288
        0.0002236415  -0.0003701340  -0.0000735498   0.0000790284  -0.0002702320
        0.0001595211  -0.0005153861  -0.0002032129  -0.0010355090  -0.0012051033
       -0.0012345412   0.0019333277   0.0000330242   0.0001801776   0.0000643339
        0.0004231664   0.0001870339   0.0002852388   0.0004138380  -0.0000981398
        0.0002478552   0.0002488141  -0.0003702275   0.0001982301
       -0.1533879899  -0.4087445507   0.1806296403   0.1446231268   0.7086714039
       -0.1323335304  -0.0021503336  -0.0581015921  -0.0062168655  -0.0493132054
       -0.0726890563  -0.0528886750  -0.0264477474  -0.0413299051  -0.0017503436
        0.0008898124   0.0018040560  -0.0015480540  -0.0008926624  -0.0023286272
        0.0013578639  -0.0006174489   0.0003506178   0.0000127703  -0.0006738760
       -0.0006129789   0.0002479424  -0.0001628465  -0.0001248484   0.0000760304
        0.0001160327  -0.0002719016  -0.0000271624   0.0008697159  -0.0003373078
       -0.0000249501   0.0004870416  -0.0019838614   0.0021151022  -0.0028280117
       -0.0004588923   0.0018369412   0.0023643176   0.0017918113  -0.0012555778
        0.0225866510  -0.0349146200  -0.0157799321   0.0541538337  -0.0895606985
        0.0466839988  -0.0020567526   0.0021484189   0.0033628982   0.0003233538
       -0.0015577491  -0.0019721938   0.0006226392   0.0003630866   0.0003623739
        0.0007621701  -0.0005925700  -0.0003982854   0.0001685027  -0.0000691148
       -0.0001187194  -0.0001356652  -0.0002801515  -0.0001108495  -0.0009428940
       -0.0002876794   0.0000947875  -0.0000162461  -0.0008056869  -0.0024078920
       -0.0001522718   0.0019176997  -0.0005454991  -0.0001810661  -0.0007158204
        0.0000566227  -0.0000792825  -0.0000672608  -0.0000033350   0.0000206957
       -0.0002542938  -0.0000104037  -0.0002160184  -0.0002833405  -0.0003219834
        0.0002736689  -0.0000933008   0.0000242555   0.0008052774   0.0014474908
        0.0016287944  -0.0005687236   0.0003930991  -0.0013662503   0.0005629152
        0.0001246977  -0.0000870171   0.0000823713  -0.0001207736   0.0001235780
        0.0002842552  -0.0002236625   0.0001998548   0.0003195727  -0.0009826201
       -0.0000605788   0.0128374354  -0.0039937148  -0.0208350588   0.0006659419
        0.0003799814  -0.0001057710   0.0004671659   0.0002640583  -0.0002122867
        0.0001102219   0.0004518769  -0.0001642261  -0.0001322397   0.0004853934
       -0.0001592394   0.0000700202  -0.0000923037   0.0000514492  -0.0007736100
        0.0003757708   0.0003292198  -0.0005141738   0.0001730900   0.0002456482
       -0.0001299839   0.0003642450   0.0003075248   0.0001211424   0.0004084502
        0.0003230207  -0.0000155446  -0.0000370369  -0.0001154759   0.0000500311
        0.0001837532   0.0001714543   0.0003091131  -0.0001521641  -0.0001756228
        0.0003062775  -0.0002174630   0.0000116063   0.0002779083  -0.0002153303
        0.0003061211  -0.0001402946   0.0003564306  -0.0003336483  -0.0022835637
        0.0009142593   0.0010694734  -0.0004714513  -0.0005794492  -0.0001930731
       -0.0001458659  -0.0001612333  -0.0000666419  -0.0002285503  -0.0000347327
       -0.0001380623   0.0001271082  -0.0000933985   0.0000982322
        0.0795825503   0.1801519904  -0.1474493833  -0.0764038174  -0.1323335304
        0.4956499097   0.0769160314  -0.0205856496  -0.1648700751  -0.0580673059
       -0.0375363996  -0.1203790654  -0.0078718964  -0.0242885509   0.0127700013
        0.0034754074   0.0047889010  -0.0017375102   0.0002661106  -0.0011959989
       -0.0002030329  -0.0000390569   0.0004376042  -0.0000405428  -0.0004725589
       -0.0001518759   0.0001335946  -0.0000158715  -0.0000274803  -0.0000259665
        0.0000574237  -0.0001589544   0.0000635787   0.0004989700   0.0002920161
       -0.0005753123  -0.0008791694  -0.0005370979   0.0004627755   0.0003495766
        0.0048069098  -0.0012607569   0.0007880970  -0.0026137805  -0.0030882323
        0.0004800259   0.0034825526   0.0136499812  -0.0294744568   0.0350401408
       -0.0721053065   0.0024477612  -0.0024388058  -0.0015641546   0.0004289553
        0.0004047274  -0.0003204757   0.0001510122  -0.0001709305  -0.0000328000
       -0.0001045083  -0.0000708397  -0.0001035702   0.0000197917  -0.0000295206
       -0.0000969416   0.0000018881  -0.0000762519  -0.0000558225   0.0000842560
       -0.0001300231  -0.0005931967  -0.0008137627  -0.0004603991  -0.0003026604
        0.0002499421   0.0003643392   0.0006099685  -0.0005234554  -0.0008668107
        0.0001314274   0.0001202112  -0.0002289968  -0.0001572577  -0.0000428766
       -0.0000303057  -0.0001236286  -0.0001544138   0.0002435335  -0.0002320175
        0.0003397571   0.0005748630   0.0011672445  -0.0003563251  -0.0000722698
       -0.0000401236   0.0007624587  -0.0005204269   0.0003471350  -0.0001766502
        0.0000697953  -0.0002754378  -0.0001472510  -0.0000954709  -0.0001792589
       -0.0001299341   0.0000381380  -0.0001771626  -0.0000488098   0.0002209814
       -0.0001629315   0.0070023803  -0.0073418903  -0.0073540818   0.0004903421
        0.0004251887  -0.0001004434   0.0002154960   0.0000396124  -0.0000105744
        0.0000608992   0.0001496283  -0.0000391828  -0.0000393894   0.0002141277
       -0.0000033438  -0.0001928172   0.0000488788   0.0001238342   0.0001508796
       -0.0001883110  -0.0001308704  -0.0000485683   0.0000429115   0.0000881380
       -0.0000210136   0.0000397306   0.0000585455   0.0000138409   0.0000045136
        0.0000815494  -0.0001907134  -0.0001465152   0.0000485078   0.0003938973
        0.0003701648  -0.0005305680   0.0002752202  -0.0000440012  -0.0001699363
        0.0001708398  -0.0000834941  -0.0000713858  -0.0000601831   0.0001011139
       -0.0000502605  -0.0004662872  -0.0001809880  -0.0011358154   0.0012266967
        0.0002466949   0.0001645831  -0.0000022536  -0.0000427701   0.0001292766
       -0.0001141630   0.0000026715  -0.0000010130  -0.0000556512  -0.0000108249
        0.0000068355  -0.0001075585   0.0000574354   0.0000632135
       -0.0052257295  -0.0069098797   0.0216071944  -0.0990439479  -0.0021503336
        0.0769160314   0.1208008707   0.0334901546  -0.1077568738   0.0092867621
        0.0008910135  -0.0051137005  -0.0007106427   0.0003643261   0.0005008508
       -0.0002624081   0.0008608394  -0.0005161002   0.0002617510   0.0000139209
       -0.0002265104  -0.0000430550   0.0001395590   0.0000377841   0.0000346972
       -0.0000877410  -0.0000006553   0.0000481289  -0.0000711812   0.0000138845
        0.0000158519  -0.0000854033   0.0000251458  -0.0000812164  -0.0000266625
        0.0000201470   0.0001661042  -0.0002142503  -0.0000542568  -0.0006067702
        0.0002841395   0.0002669848  -0.0003366496   0.0002832266   0.0003631352
       -0.0003407996  -0.0048089887  -0.0064480694  -0.0115295126   0.0203414013
        0.0200567077  -0.0007622382   0.0012494796   0.0008550975  -0.0001347026
       -0.0004684940  -0.0000635817   0.0000854377   0.0001230960   0.0000606680
        0.0002850809  -0.0000523251  -0.0001676513   0.0001119329   0.0000075348
        0.0000039278  -0.0000666630  -0.0000135083  -0.0000383883  -0.0003377030
       -0.0000698996   0.0000829025   0.0002485923  -0.0001422021   0.0000048412
       -0.0003246000  -0.0001076532  -0.0000592218  -0.0003416814  -0.0004773689
       -0.0004986434   0.0002595490  -0.0003164495  -0.0002531724   0.0001071012
       -0.0001904987  -0.0000347850  -0.0000230531  -0.0001614147   0.0001657257
       -0.0001825555  -0.0001887438   0.0005509638   0.0001844907   0.0001324570
        0.0000603108   0.0000168064  -0.0000924857   0.0003504458  -0.0000290575
        0.0002271439   0.0000099875   0.0000387882   0.0000589095   0.0000285904
        0.0000333059  -0.0000343777   0.0000567689   0.0001121123  -0.0001850397
        0.0000309791  -0.0121842676  -0.0426806754  -0.0005578712   0.0000854482
        0.0000576316   0.0000544609   0.0000641083   0.0000495664  -0.0000246619
        0.0000201720   0.0000256241  -0.0000110069  -0.0000097376   0.0000204943
       -0.0000032411   0.0000710106  -0.0001028974   0.0000435622  -0.0001577139
        0.0001170339   0.0001544465  -0.0000730366   0.0000048420   0.0000391274
       -0.0000063425   0.0000655812   0.0000941008   0.0000366509   0.0001076355
        0.0000834083   0.0000762724   0.0000591907   0.0000650320   0.0001538753
        0.0002058782  -0.0001791597   0.0000412856   0.0000641693   0.0000303130
       -0.0000055492   0.0001066923  -0.0000155744   0.0000029623   0.0000939618
       -0.0000756535   0.0000632485   0.0000352488  -0.0000879998   0.0003803977
        0.0001178532  -0.0002800859   0.0000166537  -0.0000192546  -0.0000050980
       -0.0001161055  -0.0000529386  -0.0000707169  -0.0001246070   0.0000293697
       -0.0000657130  -0.0000491031   0.0000826926  -0.0000251329
       -0.0135802299   0.0048249026   0.0183028202   0.0119287505  -0.0581015921
       -0.0205856496   0.0334901546   0.4830665370   0.1576471345  -0.0006619331
       -0.0076336209  -0.0222938662   0.0023502013   0.0038718374  -0.0011611618
        0.0003157740  -0.0001167997  -0.0001532108   0.0003124732   0.0001340231
       -0.0001161336  -0.0000244761   0.0000918022  -0.0000139006   0.0002018374
        0.0000811855  -0.0000904582  -0.0000656816   0.0000850828  -0.0000137514
        0.0000080293   0.0001145013  -0.0000610681  -0.0001480701   0.0000358200
        0.0000142070  -0.0000246384   0.0005517324  -0.0000819772  -0.0001397437
       -0.0001949824   0.0002680541   0.0000581498   0.0001917630   0.0000121829
        0.0035611425   0.0023694687   0.0027864445   0.0174159641  -0.0121117960
       -0.0170579429   0.0004804193  -0.0012167154  -0.0007555577   0.0002101432
        0.0002183051  -0.0000499650  -0.0000026239  -0.0000009534   0.0000023549
       -0.0002283192   0.0000344192   0.0001032954   0.0000032493   0.0000605770
        0.0000617129   0.0000354921   0.0000622412   0.0000614009   0.0001919312
        0.0000319793  -0.0000489738  -0.0000554903   0.0003488081   0.0001695265
       -0.0002020363  -0.0004382420   0.0000115909  -0.0000245196   0.0000292755
        0.0001144008   0.0000531996   0.0000317570   0.0000132584  -0.0000371329
        0.0001174236   0.0000216786   0.0000127540   0.0001245777   0.0000522602
        0.0000047034  -0.0000354021  -0.0000650840  -0.0001853235  -0.0002525507
       -0.0002112133   0.0001628888  -0.0001110674   0.0002028564  -0.0001018099
       -0.0000710171  -0.0000069669  -0.0000598097   0.0000143397  -0.0000635423
       -0.0000786851   0.0000564786  -0.0000684194  -0.0000673683   0.0002071208
       -0.0000043634  -0.0556715169  -0.4159930184  -0.1166747216  -0.0000770117
        0.0000132586   0.0000378803  -0.0000906820  -0.0000464244   0.0000511850
       -0.0000092644  -0.0000838001   0.0000452819   0.0000378949  -0.0000886770
        0.0000324074   0.0000242031   0.0000140586   0.0000040911   0.0001648592
       -0.0000985874  -0.0001367283   0.0000970122  -0.0000278485  -0.0000388395
        0.0000138067  -0.0000665038  -0.0000659915  -0.0000344464  -0.0000778637
       -0.0000563541  -0.0000349366   0.0000059955   0.0000288010   0.0000478610
       -0.0000068315  -0.0000960719  -0.0000737593   0.0000025902   0.0000104604
       -0.0000769668   0.0000383704  -0.0000377619  -0.0000579434   0.0000238259
       -0.0000844957   0.0000679175  -0.0000740266   0.0000390468   0.0003988514
       -0.0001594450  -0.0000631217   0.0000885616   0.0001286109   0.0000352854
        0.0000452507   0.0000400657   0.0000187820   0.0000578048  -0.0000085287
        0.0000325162  -0.0000268613  -0.0000064404  -0.0000236241
        0.0205456913   0.0091423500  -0.0184728456   0.0839534596  -0.0062168655
       -0.1648700751  -0.1077568738   0.1576471345   0.2547704597  -0.0015617311
       -0.0199490783  -0.0201503664   0.0036327301   0.0067803099  -0.0030216195
       -0.0004356223  -0.0007088572   0.0000866429   0.0000230267   0.0002425632
        0.0000860434   0.0000063856  -0.0002955548   0.0000639351   0.0002742060
        0.0001033548  -0.0000970642  -0.0000184608   0.0000589090   0.0000006611
       -0.0000498685   0.0001245766  -0.0000684721  -0.0002415634   0.0000075132
        0.0001657783   0.0001077213   0.0002272180   0.0001389052  -0.0000667313
       -0.0011924524   0.0000424918  -0.0000383421   0.0002751911   0.0004975681
        0.0012882593   0.0023547679   0.0031806594   0.0080804568  -0.0129300453
        0.0000043089   0.0000836435  -0.0005464023  -0.0004389946  -0.0000495350
        0.0003593924   0.0001946941  -0.0001428796  -0.0000661637  -0.0000352011
       -0.0002716844   0.0000839499   0.0002020003  -0.0000614163   0.0000401381
        0.0000711376   0.0000596477   0.0000914935   0.0001049136   0.0002811273
        0.0001322471   0.0001096096   0.0000635966   0.0003585822   0.0001330350
       -0.0003262984  -0.0000653404  -0.0003526036   0.0003100010   0.0004179821
       -0.0002781201   0.0000073037   0.0000425884  -0.0000307860   0.0000032031
       -0.0000388288   0.0000896231   0.0001073072  -0.0001690552   0.0001702426
       -0.0001809466  -0.0003104830  -0.0002380241  -0.0000549456  -0.0001625601
       -0.0001180573  -0.0002207469   0.0001456597  -0.0003796839   0.0000543167
       -0.0001857494   0.0001099197  -0.0000189774   0.0000123641   0.0000216426
       -0.0000323301  -0.0000014867  -0.0000046022  -0.0000820554   0.0001318536
        0.0000776065  -0.0068287923  -0.1352190497  -0.0523132356  -0.0001699461
       -0.0000898041  -0.0000150928  -0.0001412103  -0.0000574420   0.0000270853
       -0.0000274180  -0.0001192388   0.0000411641   0.0000455415  -0.0001364587
        0.0000251590   0.0000519638   0.0000125310  -0.0000559254   0.0001561009
       -0.0000456962  -0.0000931340   0.0001406286  -0.0000341636  -0.0000594622
        0.0000387701  -0.0000917333  -0.0001017544  -0.0000355845  -0.0001102467
       -0.0000987779  -0.0000095941   0.0000062278  -0.0000273808  -0.0002057359
       -0.0001662381   0.0001956042  -0.0001587511   0.0000605294   0.0000644612
       -0.0000798036   0.0000676291  -0.0000038183   0.0000132493   0.0000250369
       -0.0000258585   0.0001289197   0.0000294269   0.0003571737  -0.0005612670
       -0.0000345812   0.0001827739  -0.0000007932   0.0000653249  -0.0000307805
        0.0001514714   0.0000557602   0.0000789206   0.0001436972  -0.0000364305
        0.0000768070   0.0000774793  -0.0001225990   0.0000107087
       -0.0069237933  -0.0157953069  -0.0037453243  -0.0830773636  -0.0493132054
       -0.0580673059   0.0092867621  -0.0006619331  -0.0015617311   0.2018661058
        0.1260651471   0.0558619355  -0.0660467685  -0.0422958788   0.0235603042
       -0.0203489992  -0.0333302842   0.0159288914  -0.0054900797   0.0024274808
        0.0017433776   0.0005537498  -0.0005452052  -0.0000855434   0.0005780672
        0.0004142370  -0.0005850990   0.0003680127  -0.0001673488   0.0000167820
       -0.0005145057   0.0000591607  -0.0001751068  -0.0006394390   0.0006583476
       -0.0000726705  -0.0004136786   0.0022452225   0.0014659537   0.0058790956
        0.0079344485  -0.0027038755  -0.0006185542   0.0018415795  -0.0008660280
        0.0058179854  -0.0099296932  -0.0095096772  -0.0340882806   0.0114349791
       -0.0210550092  -0.0008638407   0.0008001672   0.0006293505   0.0003222824
       -0.0005444993  -0.0004882809   0.0002030865   0.0001674356   0.0001282539
        0.0002599579  -0.0000972002  -0.0001379281   0.0001138756   0.0001137166
        0.0001196670  -0.0001563794   0.0000315292   0.0000516989  -0.0002217325
       -0.0000072535   0.0000414899   0.0006176099   0.0001896788  -0.0005892287
       -0.0000594380  -0.0020361546  -0.0002956356   0.0006510765  -0.0002009103
       -0.0004586700   0.0000671088  -0.0000969424  -0.0003058300   0.0001262399
        0.0000082777   0.0000732508  -0.0000244334  -0.0004082882   0.0003158229
       -0.0033732504   0.0002240643  -0.0006674915   0.0002452536   0.0000795257
        0.0001774378  -0.0000020614  -0.0000538959   0.0003849407  -0.0000166608
        0.0002294187   0.0000192169   0.0000267994   0.0000855450   0.0000080076
        0.0000462365  -0.0000178709   0.0000457013   0.0001118850  -0.0001696466
        0.0000513435  -0.0012701659   0.0017378108  -0.0000079832  -0.0009182812
       -0.0016701286   0.0008907067  -0.0000865224   0.0000777728  -0.0000029006
        0.0000166300  -0.0001118825   0.0001021088   0.0000893725  -0.0001175694
        0.0000229038   0.0002228632  -0.0001525867   0.0000815834  -0.0001277130
        0.0000268516   0.0000846072  -0.0000130688  -0.0000255101   0.0000170798
       -0.0000079131   0.0000236479   0.0000386174  -0.0000069138   0.0000742078
        0.0000525668   0.0001077557   0.0000251929   0.0001328358   0.0000184939
       -0.0001162274   0.0000339530  -0.0001341574   0.0000350457   0.0001202602
       -0.0001172853   0.0001791449   0.0000462650  -0.0000491397   0.0000995649
       -0.0000944826  -0.0020158863   0.0004564598  -0.0001938247   0.0002667871
        0.0001328386  -0.0003570365   0.0000183403  -0.0000487866  -0.0000192321
       -0.0000943167  -0.0000596590  -0.0000732623  -0.0001060027   0.0000152727
       -0.0000741003  -0.0000548082   0.0000800960  -0.0000536560
       -0.0233152186  -0.0237702903  -0.0088646228  -0.0393244062  -0.0726890563
       -0.0375363996   0.0008910135  -0.0076336209  -0.0199490783   0.1260651471
        0.3244053551  -0.0254721761  -0.0424692062  -0.1637845636   0.0620628700
       -0.0140911850  -0.0136670404   0.0093282875  -0.0012642085   0.0016353606
        0.0007867744   0.0003527387  -0.0001850567  -0.0001799349   0.0009457314
        0.0004644423  -0.0005360327  -0.0000249782   0.0001711050   0.0000173321
        0.0001372584   0.0002178471  -0.0001781438  -0.0019104879  -0.0019033603
        0.0015209163   0.0058783285  -0.0027185292  -0.0007103918  -0.0106856827
       -0.0500586178   0.0199549117  -0.0023256461   0.0015055046   0.0022647216
        0.0045623260  -0.0069852784  -0.0044254475  -0.0053856081   0.0119603746
        0.0026583594  -0.0005121306   0.0005500313  -0.0003572222   0.0002630556
        0.0002169105   0.0001509976  -0.0003698074  -0.0001004121   0.0000938591
       -0.0001106691   0.0001911865   0.0001020687  -0.0000849565   0.0001579894
        0.0002141178   0.0000538018   0.0001583945   0.0000795383  -0.0000192047
        0.0003250995   0.0000828999   0.0004446920  -0.0002572321  -0.0001099451
        0.0027166438  -0.0007042994  -0.0004159531  -0.0001223328   0.0010399888
        0.0003284455   0.0002205447  -0.0005365092   0.0000149976   0.0000676960
        0.0000718792  -0.0004482351  -0.0001182222   0.0005372071   0.0000638648
        0.0015308918   0.0006263629   0.0009619700  -0.0001582430  -0.0002968189
       -0.0001759846   0.0001347574  -0.0000403925   0.0005063694  -0.0001135086
        0.0000668734   0.0000207999   0.0000177298   0.0000786655  -0.0000100295
       -0.0000313063   0.0000624280  -0.0000273961  -0.0000511224   0.0000989452
        0.0000159024  -0.0018495644   0.0029855820  -0.0013450554  -0.0005992423
       -0.0008682121   0.0003137868  -0.0003378055  -0.0000673156   0.0001142487
       -0.0000702365  -0.0002891506   0.0001527661   0.0000839845  -0.0005220789
        0.0001591850  -0.0000596886  -0.0000251625   0.0000539753   0.0000735571
       -0.0000668947   0.0000604092   0.0001760693  -0.0000788655  -0.0000450244
        0.0000521441  -0.0001331242  -0.0001029667  -0.0000731092  -0.0000659113
       -0.0000617082   0.0002689510   0.0000435735   0.0002995309  -0.0000200590
       -0.0002333768  -0.0001875599  -0.0001412388   0.0000283860   0.0000335606
       -0.0000717109   0.0000100421  -0.0000671688  -0.0001210449   0.0000755616
       -0.0001432139   0.0003013010  -0.0000058890  -0.0006198550   0.0005095663
       -0.0002007279  -0.0003872337   0.0001300345   0.0000813867   0.0000355966
        0.0000019685   0.0000026406  -0.0000178145   0.0000078556   0.0000212896
       -0.0000063643  -0.0000559576   0.0000973743  -0.0000721052
        0.0062496266   0.0059724158   0.0116524146  -0.0692545855  -0.0528886750
       -0.1203790654  -0.0051137005  -0.0222938662  -0.0201503664   0.0558619355
       -0.0254721761   0.2200353860   0.0238419989   0.0642516232  -0.0728201228
        0.0088644110   0.0120895765  -0.0031743643   0.0036573943   0.0013912599
        0.0039633704  -0.0000619656   0.0001349085  -0.0002412051  -0.0004645819
       -0.0006548807  -0.0009330405  -0.0000224908   0.0000902531  -0.0000037065
       -0.0000978145  -0.0004638847  -0.0006121653   0.0003029643   0.0002606927
        0.0000857536   0.0013323097   0.0032692378   0.0073237926   0.0023599369
        0.0115981641  -0.0012492398  -0.0009533427  -0.0026235673  -0.0023346453
        0.0016824563  -0.0038703952  -0.0015061952  -0.0242753767   0.0043786882
       -0.0126779740  -0.0011880489   0.0000130788   0.0006813173   0.0000242680
       -0.0005231166  -0.0002441238   0.0002814479   0.0001533634   0.0001381502
        0.0001566282  -0.0001602307  -0.0000749396   0.0001303411   0.0000335313
       -0.0000080181  -0.0001057995  -0.0000467334   0.0000088172  -0.0000794638
       -0.0002012205   0.0000540866   0.0002365246   0.0008665676   0.0001296895
       -0.0012480469   0.0000522030  -0.0019502993   0.0001269369  -0.0000392380
        0.0000751787   0.0001059648   0.0001353412   0.0001898465   0.0000800887
        0.0000599495  -0.0000569409  -0.0000715606   0.0003076734   0.0002493532
       -0.0007639771  -0.0002934555  -0.0010092514   0.0001179270   0.0000553492
        0.0001037703  -0.0000025914   0.0000554899   0.0001552140   0.0000771498
        0.0001549981   0.0000698562   0.0000983950   0.0000221068   0.0000648750
        0.0001047316   0.0000049225   0.0000819241   0.0001112743  -0.0001191674
        0.0000721127  -0.0007640859   0.0032254213  -0.0056788865   0.0001609828
        0.0004742192  -0.0004725785   0.0000399137   0.0000081234  -0.0000170016
        0.0000690855   0.0001660009   0.0001963812  -0.0000389432   0.0000903588
       -0.0000495148   0.0001305257   0.0000701228   0.0000790208  -0.0000846429
        0.0001227312  -0.0000691855  -0.0000630344   0.0000002212  -0.0000068517
       -0.0000392345   0.0000584046   0.0000375441   0.0000182910   0.0000378725
        0.0000255520  -0.0000022264   0.0001367833  -0.0001087216  -0.0001284881
       -0.0001185686   0.0002085961  -0.0000268485  -0.0000293448   0.0000334706
       -0.0000747612  -0.0000198952   0.0000415026   0.0000274595  -0.0000762394
        0.0000405341  -0.0009059040   0.0002079482   0.0005218281  -0.0002436273
       -0.0000142349  -0.0002695341  -0.0000208838  -0.0000410325  -0.0000542782
       -0.0000643341  -0.0000409426  -0.0000645910  -0.0000731986   0.0000174371
       -0.0000606556  -0.0000174105   0.0000238263  -0.0000418754
        0.0015895369  -0.0010480425  -0.0012751573  -0.0240966071  -0.0264477474
       -0.0078718964  -0.0007106427   0.0023502013   0.0036327301  -0.0660467685
       -0.0424692062   0.0238419989   0.5825099618  -0.0809867546  -0.1007501624
       -0.2378957182   0.0378554406   0.0471093495  -0.0213418812  -0.0729132128
        0.0297338313  -0.0276980252   0.0309724647  -0.0030868506  -0.0001686280
       -0.0160082540   0.0059888230  -0.0149016966   0.0067561128   0.0010807888
        0.0137425358   0.0087330791  -0.0068483330   0.0050668912  -0.0212057695
        0.0085824371   0.0252285560   0.0401158647  -0.0231221385  -0.1766255059
        0.1011006181   0.0066077307  -0.0344575723   0.0219544329   0.0035323778
       -0.0011129532   0.0065473535   0.0027928387   0.0053216749  -0.0035202146
       -0.0001269720  -0.0006101990  -0.0008008762   0.0011521184   0.0001345467
       -0.0000571108  -0.0000610080  -0.0006880714  -0.0000864972   0.0012891031
       -0.0002285565   0.0000202551  -0.0000023779  -0.0000663140  -0.0001138026
       -0.0000983590   0.0002678049  -0.0001057559  -0.0002193147   0.0003274592
        0.0001379694  -0.0004555462  -0.0028402649  -0.0025325758  -0.0002558341
       -0.0266715151   0.0139820897   0.0058134546   0.0009986869  -0.0002235188
       -0.0021732253  -0.0001146176   0.0014284291   0.0004989811   0.0001404275
       -0.0003797190   0.0003617776   0.0001716815   0.0004979711   0.0003732404
       -0.0007787836  -0.0026417116   0.0013846445   0.0000418010   0.0000292117
        0.0000563409  -0.0000345747   0.0000389997  -0.0000864780   0.0000172538
       -0.0000483969  -0.0000010958   0.0000263233  -0.0000309523   0.0000203849
        0.0000351747   0.0000208648   0.0000193126  -0.0000160914   0.0000448742
       -0.0000185707   0.0006327899  -0.0003470785  -0.0001083587   0.0007931958
       -0.0003748337   0.0025150888   0.0002370446  -0.0000614651  -0.0001232813
       -0.0000577268   0.0001780153  -0.0000071352   0.0000025485  -0.0000701199
       -0.0000429614  -0.0001878333   0.0000125898   0.0001755217   0.0000841253
        0.0001367675  -0.0002523105  -0.0000225480   0.0000229641   0.0000785495
        0.0000055098   0.0000030750   0.0000063547   0.0000077649  -0.0000152139
        0.0000112214   0.0001862189   0.0001290193  -0.0000129210  -0.0002560581
       -0.0001551077   0.0002137755  -0.0000149151   0.0000381393  -0.0000623513
       -0.0000603709  -0.0002004394  -0.0000163863   0.0001563940  -0.0001105668
        0.0001423493   0.0000100765  -0.0000055561  -0.0000087363  -0.0001077395
       -0.0001355855   0.0000102737   0.0000048799   0.0000192938   0.0000099144
        0.0000161618   0.0000055513   0.0000124120   0.0000163951  -0.0000016308
        0.0000098428   0.0000387571  -0.0000339318   0.0000301939
        0.0026915072   0.0044536881   0.0000896904  -0.0407968022  -0.0413299051
       -0.0242885509   0.0003643261   0.0038718374   0.0067803099  -0.0422958788
       -0.1637845636   0.0642516232  -0.0809867546   0.5644645463  -0.1005653150
       -0.0221504719  -0.0732718810   0.0164814918  -0.0253022510   0.0157792598
        0.0027693470   0.0133456702  -0.0110535717  -0.0019996080  -0.0005897805
        0.0054938471  -0.0017027192   0.0071110072  -0.0025306895  -0.0006126932
       -0.0061520555  -0.0057720283   0.0042529165  -0.0036617226   0.0091336394
       -0.0009089386  -0.0010312673  -0.0580907497   0.0214713406   0.1544030227
       -0.2339704702   0.0137525929   0.0168550158   0.0012406436  -0.0035591778
       -0.0074567425   0.0038410861   0.0066029312   0.0121195545  -0.0076848270
        0.0009774645   0.0015492221  -0.0011451724  -0.0006880957  -0.0005064208
        0.0003257538   0.0004146662   0.0003661362   0.0002904228   0.0000630056
       -0.0000884267  -0.0000660553   0.0000661627   0.0000364587  -0.0001037329
       -0.0002150076  -0.0002189376  -0.0000495266   0.0000358219  -0.0001105495
       -0.0004583830  -0.0000376797  -0.0024140590   0.0018586216   0.0012893107
        0.0239537551  -0.0030729768  -0.0067530875   0.0018981518  -0.0034272612
        0.0010752273  -0.0002888785  -0.0008883168  -0.0008650323  -0.0001295666
        0.0001724086   0.0002166765  -0.0004519441  -0.0011856678  -0.0002097267
       -0.0000209078  -0.0000924076  -0.0025983166  -0.0000872160   0.0001426447
       -0.0001382936  -0.0001104933   0.0000937426  -0.0001377330   0.0000291839
       -0.0000549681  -0.0000121378   0.0000256628  -0.0000321409   0.0000186567
        0.0000385142   0.0000072127   0.0000411450   0.0000169670  -0.0000409702
       -0.0000427845   0.0006659669  -0.0009172849  -0.0004294382  -0.0013195541
       -0.0026344410   0.0041956390   0.0003278318   0.0002017475  -0.0002174620
        0.0000576935   0.0002585280  -0.0001751849  -0.0003158014  -0.0000956882
       -0.0002866957  -0.0001390488   0.0001288577  -0.0002628901  -0.0000120640
       -0.0000054467  -0.0000685382  -0.0001666886   0.0000547778   0.0000430326
       -0.0000692161   0.0000951154   0.0000728173   0.0000527664   0.0000121846
        0.0000270423  -0.0003411358  -0.0003924508  -0.0003398988   0.0001812346
        0.0003458043   0.0004552145   0.0002446847  -0.0002929699  -0.0000202745
        0.0001880946   0.0001768202   0.0001609487   0.0001036784  -0.0001537324
        0.0001098119   0.0007966712   0.0003235341   0.0013098220  -0.0002117001
       -0.0001005605   0.0000648751  -0.0000311382   0.0000047887  -0.0000077285
        0.0000038213   0.0000004275   0.0000084283  -0.0000034611  -0.0000078808
        0.0000058458   0.0000343364  -0.0000652193   0.0000391503
       -0.0051574381  -0.0058297988  -0.0007931955   0.0067980173  -0.0017503436
        0.0127700013   0.0005008508  -0.0011611618  -0.0030216195   0.0235603042
        0.0620628700  -0.0728201228  -0.1007501624  -0.1005653150   0.1860373874
        0.0616514811   0.0006470616  -0.0695684114   0.0151447399   0.0162381539
       -0.0101387583   0.0017227591  -0.0066083066  -0.0033044588   0.0003797679
        0.0030830277  -0.0007691343   0.0019531706  -0.0009066565   0.0003117079
       -0.0015041971  -0.0002514952   0.0010601040   0.0015321227   0.0048459056
        0.0030312344  -0.0064720964   0.0097436661  -0.0033573195  -0.0152128389
        0.0283851567  -0.0466848881   0.0118500958  -0.0044417143   0.0021292280
        0.0005092954  -0.0040175483  -0.0032378228  -0.0051794533   0.0012474399
        0.0005948616   0.0007901670   0.0005690414  -0.0006662216  -0.0001449231
        0.0002804542   0.0002076936   0.0001719753   0.0000517373  -0.0004865443
        0.0000416793   0.0000359600  -0.0000458458   0.0000531220   0.0000656500
        0.0000497102   0.0000080068   0.0000977459   0.0000638860  -0.0000226838
       -0.0002223038  -0.0000892685   0.0017988286   0.0000660013  -0.0002790311
        0.0048152564  -0.0075736451   0.0028246003  -0.0009230462   0.0012578239
        0.0010093073   0.0002256366  -0.0007473950   0.0002749137  -0.0001498817
        0.0002158483  -0.0000655787   0.0005996590  -0.0004484040  -0.0002704758
        0.0000649151   0.0022215152  -0.0003060671  -0.0000049163  -0.0000492310
       -0.0000718430  -0.0000206615  -0.0000216339   0.0000901701  -0.0000292252
        0.0000245408   0.0000029394  -0.0000210947   0.0000240979  -0.0000168981
       -0.0000374128  -0.0000113613  -0.0000194187   0.0000093633   0.0000019211
        0.0000058307  -0.0005943912   0.0002310284   0.0001783303   0.0027816145
        0.0036922691   0.0071214363  -0.0002344601  -0.0001201856  -0.0000714994
       -0.0000201017  -0.0001945600  -0.0000218729  -0.0000855638  -0.0002907657
       -0.0007282814   0.0001242006  -0.0002120055  -0.0001522703   0.0000010921
       -0.0001124963   0.0001515812   0.0000431765  -0.0000153882  -0.0000264772
        0.0000086455  -0.0000251788  -0.0000108737  -0.0000240773   0.0000119907
       -0.0000067540  -0.0000351546  -0.0000154561   0.0001568092   0.0001025904
        0.0000052926  -0.0002342848  -0.0000985272   0.0001016684   0.0000264309
       -0.0000226900   0.0000692108  -0.0000380988  -0.0001110955   0.0000694826
       -0.0001226828  -0.0004831493   0.0001945413  -0.0006443835   0.0001066365
        0.0000321477  -0.0000260114   0.0000183924  -0.0000043712   0.0000120989
       -0.0000035455  -0.0000038811   0.0000001249  -0.0000022646  -0.0000009981
        0.0000001129  -0.0000225103   0.0000283503  -0.0000140868
       -0.0003289471  -0.0000147776  -0.0002863919   0.0026237485   0.0008898124
        0.0034754074  -0.0002624081   0.0003157740  -0.0004356223  -0.0203489992
       -0.0140911850   0.0088644110  -0.2378957182  -0.0221504719   0.0616514811
        0.5431958408  -0.0255489778  -0.1336991656  -0.1198522340  -0.0530460036
        0.0423660362   0.0304886010  -0.0203168824  -0.0017233841  -0.0015198064
        0.0193558827  -0.0052109416   0.0133182074  -0.0059314104  -0.0008909873
       -0.0105367864  -0.0068143190   0.0055542058  -0.0032793132   0.0135308885
       -0.0043104615  -0.0143171899  -0.0284932531   0.0139969154  -0.0452275143
        0.0578216935  -0.0050428062   0.0029896443   0.0035737194   0.0010908715
       -0.0004928167  -0.0014968508   0.0001700821  -0.0006426746   0.0006894122
       -0.0009116631   0.0005169925   0.0000044206  -0.0001972847  -0.0000517499
        0.0001605456   0.0001408810   0.0000536222   0.0001106018   0.0001698918
       -0.0000784540   0.0000222817   0.0000516315   0.0000109993   0.0000352072
       -0.0000246242  -0.0000286378  -0.0000030778   0.0000446243  -0.0002611969
       -0.0001926382   0.0000581454  -0.0013201389   0.0008744603   0.0004577538
       -0.1114516619   0.0754258056  -0.0019397956  -0.0168297206   0.0181744271
        0.0072832074   0.0038504119   0.0024850292   0.0045923927  -0.0006704604
        0.0005963497   0.0000032502   0.0061328459   0.0018165037   0.0008979533
       -0.0000302025   0.0099624343  -0.0063187099   0.0000458315  -0.0000225316
       -0.0000738816   0.0000414239  -0.0000009145   0.0000477600  -0.0000103053
        0.0000122161   0.0000094430  -0.0000000673  -0.0000060419  -0.0000018637
       -0.0000114447   0.0000117027  -0.0000019162   0.0000117992   0.0000413283
        0.0000152227   0.0001445773   0.0001179143   0.0001299699  -0.0138588255
       -0.0242785472   0.0121297122  -0.0001929891   0.0001880107  -0.0000076952
       -0.0000944194   0.0000510884  -0.0002521605  -0.0000512621  -0.0001787133
       -0.0000658776   0.0001235317  -0.0001016951  -0.0001526446   0.0000212616
        0.0000005466   0.0000005971   0.0000210596  -0.0000041420   0.0000178976
        0.0000103543  -0.0000131420  -0.0000095543  -0.0000048744  -0.0000119568
        0.0000035333  -0.0000649421   0.0000891922   0.0000680406  -0.0011652448
       -0.0010309369  -0.0012308057  -0.0002508864   0.0005154852  -0.0000014165
       -0.0009856359  -0.0009070748  -0.0004090136  -0.0000864866  -0.0002237569
        0.0000870001  -0.0014375195  -0.0020134658  -0.0001576669   0.0000427580
       -0.0000124496  -0.0000178590   0.0000085034   0.0000142809   0.0000043495
       -0.0000021663   0.0000055173  -0.0000025528   0.0000018591   0.0000025020
        0.0000033838  -0.0000101729   0.0000101818  -0.0000093054
       -0.0004711304  -0.0013789626  -0.0007347252   0.0002196758   0.0018040560
        0.0047889010   0.0008608394  -0.0001167997  -0.0007088572  -0.0333302842
       -0.0136670404   0.0120895765   0.0378554406  -0.0732718810   0.0006470616
       -0.0255489778   0.6203023643  -0.1460168440  -0.1091977740  -0.2780606328
        0.1032315312   0.0188977530  -0.0642961683   0.0157855720   0.0041242082
        0.0103710978  -0.0030054734   0.0085549206  -0.0055759652   0.0000917852
       -0.0065704261  -0.0026950165   0.0028357296  -0.0012109543   0.0048172911
       -0.0015173078  -0.0144464395  -0.0108038401   0.0072850780   0.0158381398
        0.0192912342  -0.0110519420   0.0041062104  -0.0026302551   0.0017939005
        0.0003619313  -0.0011243682  -0.0007416721  -0.0008994321   0.0004202333
       -0.0002240826   0.0001098422   0.0002457555  -0.0002230893   0.0000008667
        0.0000383483   0.0000286748   0.0000064608   0.0001257600  -0.0002433013
        0.0000591884  -0.0000051558   0.0000101007  -0.0000043694   0.0000418665
        0.0000201272  -0.0000679000  -0.0000249089   0.0000383048  -0.0000296693
       -0.0000196164   0.0000967127   0.0002683358   0.0003479796   0.0000032168
        0.0738618811  -0.1671575825   0.0088434931   0.0192931531  -0.0136939062
       -0.0098330070   0.0027111503   0.0047841018  -0.0012395358   0.0008595665
       -0.0015124301   0.0001022492   0.0012428603   0.0032575728   0.0045267070
        0.0097016588  -0.0262050025   0.0118865440   0.0000120223   0.0000023298
       -0.0000201437  -0.0000073954  -0.0000181106   0.0000306914  -0.0000095077
        0.0000290017   0.0000009386  -0.0000108564   0.0000020694  -0.0000092165
       -0.0000140132   0.0000015857  -0.0000070052   0.0000177474  -0.0000160237
        0.0000095005  -0.0002552803  -0.0000898871  -0.0000078573  -0.0030538750
       -0.0021690363   0.0029433321   0.0000747401   0.0001876604  -0.0000791196
        0.0001948299  -0.0003716936  -0.0001694187  -0.0000439463   0.0000527353
       -0.0000675595  -0.0001950900   0.0001646385  -0.0001295104   0.0000036315
       -0.0000443576   0.0000611288   0.0000035298   0.0000071119  -0.0000218795
       -0.0000112297  -0.0000003398  -0.0000009129  -0.0000076108   0.0000089612
        0.0000172844   0.0000589602  -0.0000698099  -0.0000570325  -0.0022577227
       -0.0004852598   0.0005033539  -0.0001048146  -0.0002362307   0.0000958606
       -0.0009708367  -0.0003665827  -0.0002981242   0.0004098909  -0.0003024999
       -0.0000022697  -0.0010377990   0.0000825084  -0.0013377781   0.0000689021
        0.0000099364  -0.0000050956   0.0000075262  -0.0000100403   0.0000066145
       -0.0000109788   0.0000004218  -0.0000070468  -0.0000135937   0.0000013327
       -0.0000087785  -0.0000039561   0.0000214500  -0.0000053843
       -0.0000587052   0.0000631228   0.0000341324   0.0004149745  -0.0015480540
       -0.0017375102  -0.0005161002  -0.0001532108   0.0000866429   0.0159288914
        0.0093282875  -0.0031743643   0.0471093495   0.0164814918  -0.0695684114
       -0.1336991656  -0.1460168440   0.2295696109   0.0599537895   0.0881901223
       -0.0883593645  -0.0159673227   0.0275279709  -0.0041015619   0.0007006826
       -0.0077443281   0.0080321436  -0.0070267453   0.0037555204   0.0007214469
        0.0055201457   0.0032149218  -0.0024910014   0.0014766756  -0.0058329173
        0.0019395703   0.0080549412   0.0117203028  -0.0095471715   0.0082310691
       -0.0255913724   0.0047769933   0.0002972837   0.0027250991   0.0067608629
        0.0016375323   0.0004896583  -0.0006688493   0.0001250301   0.0003177279
        0.0008285941  -0.0002223291   0.0004580107  -0.0001686283   0.0001364418
       -0.0000836578  -0.0000773308  -0.0001177297   0.0004603827   0.0001099803
       -0.0001425924  -0.0000427493  -0.0000068129   0.0000148924  -0.0000399714
        0.0000281804   0.0000075716   0.0000052486  -0.0000294188   0.0000399868
       -0.0000922667  -0.0000358921  -0.0010436379  -0.0003627078   0.0001672738
       -0.0001101705   0.0107014007  -0.0603522492   0.0132120917  -0.0193235997
        0.0007503083   0.0040527016  -0.0007503015  -0.0028788774  -0.0001017234
        0.0000885936  -0.0005149128   0.0013813810   0.0036367950  -0.0035242376
       -0.0137413107   0.0218591084  -0.0026053635   0.0000150845  -0.0000618384
       -0.0000088625   0.0000010868  -0.0000045750   0.0000001623  -0.0000062525
       -0.0000213684  -0.0000099942  -0.0000033280   0.0000004570  -0.0000045512
       -0.0000005327  -0.0000069646   0.0000004252  -0.0000052706   0.0000194592
        0.0000026186   0.0000524811   0.0000067096   0.0000200945   0.0055968955
        0.0081774792  -0.0038561063   0.0000271646  -0.0001515391  -0.0000826931
       -0.0002028556  -0.0002199993  -0.0006304242   0.0000309481   0.0000235633
        0.0000158037  -0.0000192322  -0.0000809294  -0.0000671895   0.0000009794
       -0.0000650945   0.0000676088  -0.0000273555   0.0000383659   0.0000123171
        0.0000045413  -0.0000031642   0.0000004175  -0.0000004426   0.0000078310
       -0.0000205197   0.0000239769  -0.0000497975  -0.0000073230   0.0003072102
       -0.0012753425   0.0004133770   0.0008079831  -0.0010047726  -0.0001019277
       -0.0003834936  -0.0002878298  -0.0000916405  -0.0006699720   0.0011495354
       -0.0001618857  -0.0011004164   0.0003509449   0.0005451598  -0.0000118549
        0.0000056488  -0.0000005581  -0.0000015797   0.0000095170  -0.0000034805
        0.0000072033   0.0000050935   0.0000025636   0.0000090454   0.0000019734
        0.0000044959   0.0000000865  -0.0000051478  -0.0000016702
        0.0001889030  -0.0000665380  -0.0002321678  -0.0017050482  -0.0008926624
        0.0002661106   0.0002617510   0.0003124732   0.0000230267  -0.0054900797
       -0.0012642085   0.0036573943  -0.0213418812  -0.0253022510   0.0151447399
       -0.1198522340  -0.1091977740   0.0599537895   0.6073266508  -0.0122228461
       -0.1391504272  -0.1590021600   0.1191384231  -0.0093657400   0.0069629802
        0.0055409492  -0.0035826523   0.0055535957  -0.0049627548   0.0022787768
       -0.0037280785  -0.0014989797   0.0014811040  -0.0054475010   0.0022867139
        0.0023626504  -0.0342245835   0.0182303718   0.0040364290   0.0034260288
        0.0040051512  -0.0034773632  -0.0012990118  -0.0002149586   0.0000373246
        0.0001463531   0.0005306741   0.0001484626   0.0003798056  -0.0002263197
       -0.0000911016  -0.0000393502  -0.0000356482   0.0001145561   0.0000137586
       -0.0000135207  -0.0000112414   0.0000051125  -0.0000826316  -0.0000185024
        0.0000092383   0.0000285503   0.0000068704  -0.0000317694  -0.0000297860
       -0.0000569527   0.0001000156  -0.0000163622  -0.0000561265  -0.0001956264
        0.0001037403   0.0000719890   0.0003713125  -0.0003267819  -0.0001475973
        0.0074915626   0.0124131992  -0.0055394981  -0.0009137872   0.0014853835
       -0.0007507595  -0.0004824550  -0.0004086278  -0.0000552578   0.0000234604
       -0.0000004905   0.0000248934  -0.0005436788  -0.0001131902  -0.0006234654
       -0.0014174665   0.0030765991   0.0000667759   0.0000126773   0.0000056867
        0.0000123439   0.0000053979  -0.0000148357   0.0000083943  -0.0000093131
       -0.0000022533  -0.0000120656  -0.0000010455   0.0000043445  -0.0000038476
       -0.0000001685  -0.0000119859  -0.0000011600  -0.0000092782   0.0000120752
       -0.0000082197  -0.0000713094  -0.0001551411   0.0000117552  -0.2768289392
       -0.0089974110   0.0732259586   0.0008456264  -0.0022668379  -0.0000235090
        0.0002914919  -0.0007018416   0.0002648474  -0.0000283788  -0.0003308517
       -0.0003605666  -0.0009209715   0.0009943024  -0.0002990389  -0.0000123755
        0.0000107091  -0.0000080792  -0.0000035732   0.0000088418  -0.0000040221
        0.0000177977   0.0000074578   0.0000087693   0.0000182459  -0.0000134539
        0.0000211959  -0.0000971425   0.0000634517   0.0000835046   0.0003388903
        0.0005820249   0.0004223403  -0.0000930984   0.0000932474   0.0000331814
        0.0001033521   0.0001429470   0.0000505192  -0.0001490284   0.0002222849
       -0.0000992590   0.0000400069   0.0000426710   0.0001749126   0.0000067788
        0.0000282508  -0.0000054856  -0.0000033185   0.0000070198  -0.0000065230
       -0.0000015717  -0.0000023024  -0.0000047647   0.0000031049   0.0000026486
        0.0000004149   0.0000003247  -0.0000069459   0.0000023637
        0.0003413678   0.0005848679  -0.0001537775  -0.0014806656  -0.0023286272
       -0.0011959989   0.0000139209   0.0001340231   0.0002425632   0.0024274808
        0.0016353606   0.0013912599  -0.0729132128   0.0157792598   0.0162381539
       -0.0530460036  -0.2780606328   0.0881901223  -0.0122228461   0.6121482187
       -0.1606241201   0.0907431518  -0.1896297855   0.0234751820   0.0125938959
       -0.0645248961   0.0194771088  -0.0222936993   0.0081662909   0.0044774330
        0.0142782892   0.0061458145  -0.0061666554   0.0019937123  -0.0099560114
        0.0051662713   0.0377614905   0.0252572343  -0.0200540054   0.0097111316
       -0.0442888349   0.0117503309  -0.0010577270  -0.0003131263   0.0003361710
        0.0002155975   0.0004075385  -0.0002925860   0.0005053535   0.0002141932
        0.0007826194  -0.0002239728   0.0000493702   0.0000471591   0.0000365508
       -0.0000968674  -0.0001048218  -0.0000234641   0.0001083114  -0.0000042682
       -0.0000180418  -0.0000594644  -0.0000412124   0.0000531767  -0.0000007584
        0.0000582621  -0.0000238900   0.0000663353   0.0000263178   0.0001387410
       -0.0000883263  -0.0001017098   0.0000624450  -0.0002246792  -0.0001115566
        0.0013975050  -0.0363421331   0.0113191952  -0.0032678172  -0.0005201395
        0.0023903534   0.0008209392   0.0001123460   0.0006054968  -0.0003527866
        0.0003774870   0.0003629447   0.0016772732  -0.0007649792   0.0007432919
        0.0015550194   0.0003570216  -0.0027093946  -0.0000220346  -0.0000234774
        0.0000176039   0.0000208761  -0.0000298938  -0.0000059554   0.0000014856
       -0.0000085947   0.0000024900  -0.0000133528  -0.0000139327  -0.0000040259
       -0.0000208612  -0.0000015605  -0.0000160242  -0.0000053184   0.0000176437
        0.0000115251   0.0000472798  -0.0000318227  -0.0000689479  -0.0104409649
       -0.0430833753   0.0056551009   0.0012384829   0.0005959589  -0.0013087575
        0.0006514125  -0.0008593453   0.0003498444  -0.0000286156   0.0000545298
       -0.0003242094  -0.0003056558   0.0000615325   0.0000603624   0.0000179117
       -0.0000083862   0.0000127210   0.0000135915   0.0000056541  -0.0000048111
        0.0000151262  -0.0000053257  -0.0000118001   0.0000020302   0.0000071356
       -0.0000270007   0.0001174173   0.0000394000  -0.0000641646  -0.0002340061
       -0.0004085670  -0.0000272233   0.0000503022   0.0000439074   0.0000820800
       -0.0002378247  -0.0001117674  -0.0000371413   0.0000918335  -0.0002613557
        0.0000037901  -0.0003601509  -0.0003343235   0.0001402852  -0.0000162135
        0.0000061743   0.0000171374   0.0000000042   0.0000073953   0.0000076798
        0.0000043978   0.0000089399   0.0000093526   0.0000067998  -0.0000052657
        0.0000074759   0.0000031322  -0.0000056889   0.0000024827
        0.0000503920   0.0002601861   0.0002704110   0.0014877940   0.0013578639
       -0.0002030329  -0.0002265104  -0.0001161336   0.0000860434   0.0017433776
        0.0007867744   0.0039633704   0.0297338313   0.0027693470  -0.0101387583
        0.0423660362   0.1032315312  -0.0883593645  -0.1391504272  -0.1606241201
        0.2029284460   0.0023989262   0.0122527389  -0.0548125781  -0.0063658636
        0.0214140665  -0.0051897101   0.0074108654   0.0010668361   0.0034832574
       -0.0036122426  -0.0014190709   0.0012983015   0.0024917551   0.0045193494
        0.0033544957  -0.0037090521  -0.0128009766   0.0072237502  -0.0044338911
        0.0124450284  -0.0048645853   0.0005900220   0.0001282733  -0.0002792491
       -0.0000826729  -0.0003597729  -0.0000246820  -0.0002683336  -0.0000219610
       -0.0000195246   0.0000845097  -0.0000157343  -0.0000476988  -0.0000240230
        0.0000493722   0.0000550676   0.0000025148  -0.0000250503   0.0000152123
        0.0000047963   0.0000200725   0.0000132465  -0.0000061231   0.0000137074
       -0.0000075523  -0.0000061225  -0.0000118849   0.0000014528  -0.0000767485
        0.0000135293   0.0000431573  -0.0000648247   0.0001632025   0.0000306406
       -0.0050828782   0.0111133389  -0.0006651733   0.0026908859  -0.0016033892
       -0.0017452810  -0.0003978024   0.0008377917  -0.0001702986   0.0002623822
       -0.0004064404   0.0002063150  -0.0005165041   0.0004242466   0.0000251639
        0.0000902960  -0.0008286480   0.0012766126  -0.0000033877  -0.0000008853
       -0.0000166528  -0.0000014189   0.0000083606   0.0000040130  -0.0000021846
        0.0000013167   0.0000061973   0.0000068761   0.0000038918   0.0000090725
        0.0000086531   0.0000006614   0.0000091064  -0.0000013141  -0.0000030804
        0.0000021521   0.0000361716   0.0000380289  -0.0000107839   0.0739087073
        0.0064649879  -0.0553864884  -0.0011867596  -0.0002817870  -0.0014623521
       -0.0002787278   0.0006128600  -0.0000031843  -0.0002858135  -0.0004657873
       -0.0011374495   0.0003657717  -0.0004163462  -0.0000131939   0.0000029803
        0.0000072647  -0.0000031700   0.0000059792  -0.0000031995   0.0000013775
       -0.0000033873   0.0000012152  -0.0000033755  -0.0000077241   0.0000115477
        0.0000074641  -0.0000061278  -0.0000148385   0.0000218115  -0.0000261797
       -0.0005010786   0.0001747503  -0.0000451231  -0.0000698602  -0.0000504626
        0.0000343068  -0.0000721048   0.0000389923  -0.0000112885  -0.0000190590
        0.0000390267   0.0001020554   0.0000797263   0.0000247554  -0.0000003460
       -0.0000101191  -0.0000018507   0.0000028996  -0.0000005852   0.0000039214
        0.0000020484  -0.0000025507   0.0000020048   0.0000004108  -0.0000013944
        0.0000007120  -0.0000014426  -0.0000012592  -0.0000038488
        0.0001281905   0.0001659106  -0.0001360618   0.0000200496  -0.0006174489
       -0.0000390569  -0.0000430550  -0.0000244761   0.0000063856   0.0005537498
        0.0003527387  -0.0000619656  -0.0276980252   0.0133456702   0.0017227591
        0.0304886010   0.0188977530  -0.0159673227  -0.1590021600   0.0907431518
        0.0023989262   0.5852025913  -0.0488352531  -0.1122164753  -0.1142655228
       -0.0553405504   0.0357842988   0.0279776619  -0.0003873631  -0.0069630145
       -0.0171635542  -0.0148058130   0.0086942948  -0.0338368498   0.0397140423
       -0.0060067313  -0.2425366178  -0.0013504638   0.0544596445  -0.0153613910
       -0.0437457432   0.0203893041   0.0016865984  -0.0006155939   0.0010166961
       -0.0004698041  -0.0004271358  -0.0001438455   0.0001213819   0.0003017290
        0.0004183270   0.0000748493   0.0000790582  -0.0001540066   0.0000168765
        0.0000299490   0.0000040389  -0.0000242298   0.0002251814  -0.0000335485
        0.0000103753  -0.0001049553  -0.0000627503   0.0001733367  -0.0000187713
        0.0000762890   0.0000640599   0.0000769074   0.0000333356  -0.0001014852
       -0.0001563996  -0.0005806453  -0.0005118133   0.0002163697  -0.0000334085
        0.0010095196  -0.0028315153   0.0028264732  -0.0005952393   0.0002261008
        0.0003371395   0.0001529636  -0.0002319513   0.0001439004  -0.0000516732
        0.0000944833  -0.0000384976   0.0001064542  -0.0001515236   0.0001555023
        0.0005480273  -0.0001197844  -0.0002441690  -0.0000364845  -0.0000112381
        0.0000014874   0.0000209408  -0.0000114402   0.0000055814  -0.0000012299
       -0.0000044370   0.0000041707  -0.0000140994  -0.0000079680  -0.0000064755
       -0.0000127766   0.0000002439  -0.0000131094  -0.0000013217   0.0000093023
        0.0000061596   0.0000083320  -0.0000167847  -0.0000384694  -0.0205780619
        0.0212060024  -0.0011473235  -0.0144681235  -0.0226138670   0.0132293606
       -0.0009221608   0.0043721707   0.0012785041   0.0000264108  -0.0006117014
        0.0001490192  -0.0008646472   0.0029479435   0.0004027329   0.0000455091
       -0.0000227112   0.0000361985   0.0000347559   0.0000164551  -0.0000137361
        0.0000339381  -0.0000166834  -0.0000250027  -0.0000165091   0.0000457576
       -0.0000149068   0.0002259906   0.0000600015   0.0002733986  -0.0001810950
        0.0000691200  -0.0000163723   0.0000361479   0.0000130577   0.0000125042
       -0.0000116394  -0.0000275071   0.0000002153   0.0000073559  -0.0000830492
        0.0000211326  -0.0000081230  -0.0000277524   0.0000342120  -0.0000073912
        0.0000063382   0.0000117468   0.0000028082   0.0000022236   0.0000095879
        0.0000030021   0.0000057068   0.0000078033   0.0000008529  -0.0000038543
        0.0000038394   0.0000037526   0.0000003673   0.0000019252
       -0.0001083006  -0.0001577254   0.0000173098   0.0000687314   0.0003506178
        0.0004376042   0.0001395590   0.0000918022  -0.0002955548  -0.0005452052
       -0.0001850567   0.0001349085   0.0309724647  -0.0110535717  -0.0066083066
       -0.0203168824  -0.0642961683   0.0275279709   0.1191384231  -0.1896297855
        0.0122527389  -0.0488352531   0.5996641438  -0.1539445763  -0.0848629498
       -0.1971038921   0.0773014438   0.0426311207  -0.0610413748   0.0124840605
       -0.0314272424  -0.0148113079   0.0115720433   0.0183043661   0.0270350891
       -0.0146916044  -0.0012014340  -0.0993521810   0.0173293448  -0.0259387576
        0.0203434413   0.0010089210  -0.0010088653  -0.0034583190   0.0034245175
       -0.0003762944   0.0003155199   0.0003110269  -0.0000562061  -0.0001523703
       -0.0003075372  -0.0001209992   0.0002117921  -0.0003894901   0.0000820663
        0.0000487799   0.0000462123  -0.0001739117   0.0000200081  -0.0001215806
        0.0000047678   0.0000497934   0.0000204286  -0.0000537220  -0.0000504102
       -0.0000347086   0.0000827376  -0.0000345860  -0.0000246043  -0.0000417622
        0.0000915306   0.0000711129  -0.0001481225  -0.0001917974  -0.0001694592
       -0.0029563515   0.0000409567   0.0041353071   0.0006082463   0.0005182809
       -0.0001820930  -0.0001996899   0.0002063873  -0.0000822592   0.0000304667
       -0.0000210739  -0.0001019229  -0.0001374464   0.0000694471   0.0003803354
        0.0007225466  -0.0020728106   0.0006916318  -0.0000167230  -0.0000023562
        0.0000308660  -0.0000152946  -0.0000016344   0.0000084312  -0.0000057079
        0.0000054377  -0.0000125928   0.0000038603   0.0000130090   0.0000016993
        0.0000114948  -0.0000110880   0.0000019302  -0.0000040994  -0.0000194036
       -0.0000098579  -0.0000244697  -0.0000158453   0.0000750276   0.0019760898
        0.0006634412   0.0000747830  -0.0029375935  -0.0015531082   0.0024679782
        0.0036401728  -0.0019609865   0.0034494316  -0.0008219848   0.0001756709
       -0.0002247580   0.0036903362  -0.0028387787   0.0025860994   0.0000000669
       -0.0000481149   0.0000622706  -0.0000149046   0.0000096165  -0.0000096019
        0.0000029662   0.0000020040   0.0000110577   0.0000130977   0.0000017399
       -0.0000103831   0.0000163635   0.0001365811  -0.0000216419   0.0001183633
       -0.0001099935  -0.0003006498  -0.0000546639   0.0000412525  -0.0000201678
        0.0000125160   0.0000427361  -0.0000317347   0.0000789331  -0.0000359753
       -0.0000145280   0.0000647776   0.0000582635  -0.0002891510   0.0000075084
        0.0000106885  -0.0000087631   0.0000008914  -0.0000023926  -0.0000037177
       -0.0000049803  -0.0000055782  -0.0000039171  -0.0000050489   0.0000025741
       -0.0000031197  -0.0000080674  -0.0000029188   0.0000017888
       -0.0000045891  -0.0000330128   0.0000220820  -0.0000418498   0.0000127703
       -0.0000405428   0.0000377841  -0.0000139006   0.0000639351  -0.0000855434
       -0.0001799349  -0.0002412051  -0.0030868506  -0.0019996080  -0.0033044588
       -0.0017233841   0.0157855720  -0.0041015619  -0.0093657400   0.0234751820
       -0.0548125781  -0.1122164753  -0.1539445763   0.2206687550   0.0479745786
        0.0703268565  -0.0902483681  -0.0219045132   0.0231553589  -0.0018432093
        0.0137411264   0.0067849744  -0.0121211397   0.0016430372  -0.0181811017
        0.0080136085   0.0533301780   0.0139541856  -0.0772230353   0.0147587409
        0.0069522540  -0.0059822639   0.0012419105   0.0034680157   0.0036095332
        0.0012185486   0.0002186662  -0.0003204282   0.0000604342  -0.0002114778
       -0.0000359947   0.0001463208   0.0002837731   0.0000468075   0.0000208185
        0.0000438658   0.0000491587  -0.0001222662   0.0000697109   0.0000428637
       -0.0000415727   0.0000449640   0.0000400105  -0.0000662831  -0.0000332390
       -0.0000202976   0.0000511460  -0.0000791510  -0.0000627941   0.0000637104
        0.0000078413   0.0001135661  -0.0005772602  -0.0001051085   0.0000268935
        0.0031641220   0.0035881132   0.0065423713  -0.0006793053   0.0009160529
       -0.0001183942  -0.0004437637  -0.0003111198   0.0000672935   0.0000192371
        0.0000426391  -0.0000554953  -0.0005404991  -0.0004052944   0.0001929690
        0.0004550930  -0.0007683888   0.0000508112   0.0000709997  -0.0000262249
       -0.0000274326  -0.0000092511   0.0000045047  -0.0000013708  -0.0000016696
       -0.0000008964   0.0000010009   0.0000031253  -0.0000053137   0.0000035506
        0.0000009672  -0.0000000767   0.0000101381   0.0000138624   0.0000113341
        0.0000075868  -0.0000170132   0.0000027393  -0.0000174081   0.0057478517
       -0.0061784950   0.0015226445   0.0052503335   0.0069606149  -0.0033257136
        0.0012584293   0.0032497088   0.0080272123   0.0002225843  -0.0000303013
       -0.0002065735   0.0000059199   0.0028819878   0.0049216282  -0.0000010373
       -0.0000235447   0.0000185176  -0.0000210141   0.0000192999  -0.0000002058
       -0.0000117263   0.0000043303   0.0000087602   0.0000020410  -0.0000023203
        0.0000015593   0.0000564897  -0.0000652231  -0.0001542215   0.0000725447
        0.0002045894   0.0000658900  -0.0000336307   0.0000685449   0.0000171601
        0.0001014016   0.0000694384   0.0000348081   0.0000596655  -0.0000690569
        0.0000037562   0.0001982924   0.0000632116   0.0000723749   0.0000014648
       -0.0000087687  -0.0000016854  -0.0000006020  -0.0000015220  -0.0000007267
        0.0000008033   0.0000014154  -0.0000017952   0.0000011124   0.0000018513
        0.0000018588   0.0000011648   0.0000032906  -0.0000002052
        0.0002083527   0.0002943112  -0.0000291227  -0.0007093657  -0.0006738760
       -0.0004725589   0.0000346972   0.0002018374   0.0002742060   0.0005780672
        0.0009457314  -0.0004645819  -0.0001686280  -0.0005897805   0.0003797679
       -0.0015198064   0.0041242082   0.0007006826   0.0069629802   0.0125938959
       -0.0063658636  -0.1142655228  -0.0848629498   0.0479745786   0.6445247764
       -0.0911746898  -0.1041990181  -0.1898734068   0.1702313394  -0.0268760009
       -0.0494867640   0.0177695518   0.0058059582   0.0021279580   0.0093980277
       -0.0049649280  -0.0150171931  -0.0262528514   0.0141059230  -0.0050279291
        0.0011582432   0.0027866689  -0.0004325951  -0.0011828001   0.0005928791
       -0.0002323901   0.0000529614   0.0001063806   0.0002576042   0.0000314543
        0.0002146553  -0.0000707266   0.0000117900  -0.0001409758   0.0000115344
        0.0000004237   0.0000166562   0.0000315273   0.0000274060  -0.0000493646
       -0.0000316771   0.0000125365   0.0000176295  -0.0000011067  -0.0000305403
       -0.0000085925   0.0000274065   0.0000073106  -0.0000206872  -0.0000723284
       -0.0000088780   0.0000218809   0.0001070658   0.0000698934  -0.0000895734
        0.0006649590   0.0003620925  -0.0002043664  -0.0001217120   0.0001605663
       -0.0001722802  -0.0000109896  -0.0000980899  -0.0000281105   0.0000004181
       -0.0000038749   0.0000019435  -0.0000130890  -0.0000760879  -0.0000047960
       -0.0002326516   0.0002351090   0.0000830757  -0.0000112882  -0.0000357922
       -0.0000170942   0.0000150684  -0.0000071386  -0.0000051130  -0.0000041372
       -0.0000188873  -0.0000083810   0.0000011563  -0.0000075644  -0.0000027269
       -0.0000019300  -0.0000061553  -0.0000063697  -0.0000180332   0.0000393819
       -0.0000024234  -0.0000183625  -0.0000703993  -0.0000342487   0.0006655105
        0.0017683519  -0.0013207358  -0.2799937930  -0.0074776795   0.0684283721
        0.0058977544  -0.0074260735   0.0016329710  -0.0055665185   0.0002832048
        0.0025004842   0.0007836214   0.0000769834  -0.0001915878   0.0000100298
       -0.0000171961   0.0000083365   0.0000084940   0.0000064650  -0.0000097473
        0.0000177175  -0.0000031765  -0.0000093725   0.0000007575  -0.0000040999
       -0.0000101351  -0.0000670532  -0.0000378977   0.0000565129   0.0000658103
        0.0000101668  -0.0000062818  -0.0000386354   0.0000587291   0.0000349388
       -0.0000167230   0.0000513888  -0.0000010354  -0.0000200056   0.0000671365
       -0.0000437315   0.0000340981  -0.0000048427   0.0000134837  -0.0000141216
        0.0000071686   0.0000023305  -0.0000040443   0.0000146942  -0.0000048636
        0.0000064132   0.0000053280   0.0000006949   0.0000143746   0.0000028850
        0.0000059009   0.0000043748  -0.0000092523  -0.0000022434
        0.0000245874   0.0000869299  -0.0000589700  -0.0001390818  -0.0006129789
       -0.0001518759  -0.0000877410   0.0000811855   0.0001033548   0.0004142370
        0.0004644423  -0.0006548807  -0.0160082540   0.0054938471   0.0030830277
        0.0193558827   0.0103710978  -0.0077443281   0.0055409492  -0.0645248961
        0.0214140665  -0.0553405504  -0.1971038921   0.0703268565  -0.0911746898
        0.5914679229  -0.1560765946   0.1053396265  -0.2682286477   0.0584913803
        0.0668734581   0.0253345250  -0.0266110656   0.0035035734  -0.0480996833
        0.0163717877  -0.0460828202   0.0222044395   0.0032767724   0.0017163537
       -0.0106416886   0.0054704368   0.0000532247   0.0000470023  -0.0000961551
        0.0000288722  -0.0000676792  -0.0000369945   0.0000516240   0.0002148888
        0.0002619692  -0.0000437735  -0.0000218068   0.0000300244  -0.0000293002
       -0.0000569848  -0.0000486098   0.0001424417   0.0000648706  -0.0000123152
       -0.0000313115  -0.0000022170   0.0000146359  -0.0000118938   0.0000094337
        0.0000085079   0.0000104775  -0.0000329174   0.0000005017   0.0000286253
       -0.0001228322   0.0001471437  -0.0000020934   0.0000198132  -0.0000044558
        0.0000874629  -0.0014499086   0.0004776718  -0.0002582079  -0.0000456896
        0.0001031432   0.0000683499   0.0000104171   0.0000624236  -0.0000287209
        0.0000347334   0.0000374412   0.0001352805  -0.0000652874   0.0000410425
        0.0000926584   0.0000674213  -0.0002223695  -0.0000045552   0.0000007658
       -0.0000076912   0.0000138009  -0.0000030075  -0.0000030481  -0.0000006112
       -0.0000017386  -0.0000034539   0.0000007093  -0.0000024270  -0.0000006736
       -0.0000032746   0.0000002033  -0.0000047971  -0.0000092596   0.0000093430
       -0.0000015881   0.0000251033  -0.0000106057  -0.0000131055  -0.0016540826
        0.0006787882  -0.0003911500  -0.0067293393  -0.0431641675   0.0042216699
        0.0142843854  -0.0238528479   0.0055714616  -0.0000046562   0.0018325153
        0.0019125381   0.0001131832  -0.0003066110   0.0004485416   0.0000044303
       -0.0000025361  -0.0000016388   0.0000066824   0.0000048015   0.0000058395
       -0.0000033310   0.0000039897  -0.0000019614  -0.0000041081   0.0000089011
        0.0000036882  -0.0001837546   0.0000069034   0.0001149559  -0.0000620573
       -0.0000057670   0.0001339607   0.0000148357  -0.0000039105   0.0000119430
       -0.0000299593  -0.0000202802  -0.0000052970   0.0000091757  -0.0000213075
       -0.0000017220  -0.0000099656  -0.0000644843   0.0000153471  -0.0000062688
        0.0000084111  -0.0000012811  -0.0000018678   0.0000077842  -0.0000040341
        0.0000011468   0.0000047736  -0.0000020188   0.0000035022   0.0000021818
        0.0000006874   0.0000008895  -0.0000055316  -0.0000007454
       -0.0001460922  -0.0002141164   0.0000238347   0.0002679500   0.0002479424
        0.0001335946  -0.0000006553  -0.0000904582  -0.0000970642  -0.0005850990
       -0.0005360327  -0.0009330405   0.0059888230  -0.0017027192  -0.0007691343
       -0.0052109416  -0.0030054734   0.0080321436  -0.0035826523   0.0194771088
       -0.0051897101   0.0357842988   0.0773014438  -0.0902483681  -0.1041990181
       -0.1560765946   0.2006152347  -0.0013922942   0.0412856110  -0.0594281010
       -0.0132563353  -0.0139599934   0.0103003403  -0.0028016445   0.0149524619
       -0.0085630248   0.0231845256  -0.0009856430  -0.0045256525   0.0022624024
        0.0057590439   0.0029999900   0.0002993118   0.0002620177  -0.0003205063
        0.0000151065  -0.0000474327  -0.0001167558  -0.0001148207  -0.0000240912
       -0.0000466011   0.0000446890  -0.0000256799   0.0000288665  -0.0000115414
        0.0000123511   0.0000094250  -0.0000184645  -0.0000079250   0.0000311859
        0.0000161118  -0.0000123971  -0.0000135777   0.0000245236   0.0000025931
        0.0000131803  -0.0000155594   0.0000092529   0.0000094773  -0.0000388391
        0.0000179561  -0.0000694547  -0.0000341549   0.0000305383   0.0000287676
        0.0000419491   0.0003607853   0.0000605694   0.0000453887   0.0000416363
       -0.0000675809  -0.0000166960  -0.0000069233   0.0000093301   0.0000111860
       -0.0000064475  -0.0000131830  -0.0000285492   0.0000039213  -0.0000134498
        0.0000512010  -0.0001029463   0.0000361498  -0.0000031384   0.0000129071
        0.0000047024  -0.0000116866   0.0000040556   0.0000021680   0.0000021115
        0.0000089564   0.0000029858  -0.0000009746   0.0000021059   0.0000035990
        0.0000025773   0.0000039093   0.0000038435   0.0000068846  -0.0000138538
        0.0000046627  -0.0000040009   0.0000276363   0.0000034752  -0.0001243912
       -0.0013788812  -0.0013465738   0.0678389758   0.0053803422  -0.0531094996
       -0.0068287500   0.0112514701  -0.0019639345   0.0027523935   0.0016861525
        0.0047535184  -0.0002662557   0.0000678460  -0.0002723014  -0.0000079777
        0.0000069643  -0.0000005824  -0.0000040248  -0.0000030064   0.0000041663
       -0.0000012511  -0.0000012881   0.0000063897  -0.0000005271   0.0000072978
        0.0000124458   0.0000554326   0.0000097365  -0.0000165630  -0.0000034026
        0.0000012401  -0.0000103494   0.0000009302  -0.0000058751  -0.0000105548
        0.0000150330  -0.0000117722   0.0000047445   0.0000016859  -0.0000185711
        0.0000122415  -0.0000067809   0.0000118317   0.0000009584   0.0000080691
       -0.0000068292  -0.0000028527   0.0000022342  -0.0000059216   0.0000010548
       -0.0000011005  -0.0000005117  -0.0000024653  -0.0000043393  -0.0000002901
       -0.0000015801  -0.0000018361   0.0000045585  -0.0000005839
        0.0001077986   0.0000364127  -0.0000543709  -0.0001944040  -0.0001628465
       -0.0000158715   0.0000481289  -0.0000656816  -0.0000184608   0.0003680127
       -0.0000249782  -0.0000224908  -0.0149016966   0.0071110072   0.0019531706
        0.0133182074   0.0085549206  -0.0070267453   0.0055535957  -0.0222936993
        0.0074108654   0.0279776619   0.0426311207  -0.0219045132  -0.1898734068
        0.1053396265  -0.0013922942   0.6044909880  -0.0567519715  -0.0994663411
       -0.2770714555   0.0288765123   0.0419075294  -0.0228826201  -0.0756273243
        0.0351603322  -0.0298132602   0.0321831353  -0.0067047516   0.0002855615
       -0.0155686184   0.0055043157   0.0004195768   0.0000428195  -0.0001296873
       -0.0000525973  -0.0000906919   0.0000131482   0.0000528435   0.0000695412
        0.0001789233   0.0000000822  -0.0000044022   0.0000083901  -0.0000258383
       -0.0000422182  -0.0000361281   0.0001918256   0.0000602227  -0.0000283657
       -0.0000154215  -0.0000016360   0.0000226671  -0.0000299906   0.0000124124
        0.0000202273  -0.0000307513  -0.0000308251   0.0000004900   0.0000277100
       -0.0001094401   0.0001160890  -0.0001027222   0.0000564218   0.0000580396
       -0.0000453401  -0.0001680728  -0.0001158361  -0.0000155849  -0.0000978008
       -0.0000182204   0.0000490562   0.0000029547   0.0000212199  -0.0000091628
        0.0000091881   0.0000223992   0.0000304586   0.0000282093   0.0000059966
       -0.0000610656   0.0000461202  -0.0000002264  -0.0000147850  -0.0000064729
       -0.0000078424   0.0000045794  -0.0000105558  -0.0000014912  -0.0000008444
       -0.0000086197  -0.0000025128  -0.0000068972  -0.0000051149  -0.0000072672
        0.0000011756   0.0000028492  -0.0000015664  -0.0000087319   0.0000094279
       -0.0000071339  -0.0000102717   0.0000123225  -0.0000232984  -0.0001054610
       -0.0002887743   0.0001301902  -0.0212281223   0.0232730370  -0.0038087882
       -0.0773802666  -0.0776888171   0.0403241056  -0.0194437056   0.0018359299
        0.0048852261   0.0006467864  -0.0010456108   0.0028004044  -0.0000046551
       -0.0000126256  -0.0000005068  -0.0000003850   0.0000028264   0.0000099876
       -0.0000077212   0.0000047678  -0.0000014721  -0.0000105081   0.0000207414
        0.0000263810  -0.0001466429  -0.0000764788   0.0001102399  -0.0000409395
        0.0000151200   0.0000457732  -0.0000037797   0.0000003766   0.0000073042
       -0.0000134216  -0.0000136742   0.0000013709  -0.0000059276   0.0000126543
        0.0000094230  -0.0000118829  -0.0000260592   0.0000469405  -0.0000094082
        0.0000066440  -0.0000001010  -0.0000022230  -0.0000049136  -0.0000019414
        0.0000015528  -0.0000050589  -0.0000023770  -0.0000002873  -0.0000071573
       -0.0000032054   0.0000065838  -0.0000171820   0.0000026571
       -0.0000344219   0.0000842193  -0.0000069375   0.0001739611  -0.0001248484
       -0.0000274803  -0.0000711812   0.0000850828   0.0000589090  -0.0001673488
        0.0001711050   0.0000902531   0.0067561128  -0.0025306895  -0.0009066565
       -0.0059314104  -0.0055759652   0.0037555204  -0.0049627548   0.0081662909
        0.0010668361  -0.0003873631  -0.0610413748   0.0231553589   0.1702313394
       -0.2682286477   0.0412856110  -0.0567519715   0.6301265862  -0.1819094510
       -0.0414961659  -0.0876803627   0.0256664794  -0.0265016239   0.0176054682
       -0.0000799699   0.0152268973  -0.0111208487  -0.0019821063  -0.0003245217
        0.0051262013  -0.0021268306  -0.0001446135  -0.0000147143  -0.0000656547
        0.0001409107  -0.0001359821  -0.0001256349  -0.0001313557   0.0001958280
        0.0000629685  -0.0000245925   0.0000403235   0.0000436931   0.0000431803
        0.0000107501   0.0000080363  -0.0000032608  -0.0000558163   0.0000037077
        0.0000313455   0.0000118956  -0.0000067655  -0.0000193415  -0.0000162427
       -0.0000162969   0.0000082498   0.0000096646  -0.0000119951  -0.0000826929
        0.0000715772  -0.0000385086   0.0000766946  -0.0000520829   0.0000689764
       -0.0003399050  -0.0002196324  -0.0001982527   0.0000731064   0.0000370241
       -0.0000581069   0.0000123096  -0.0000043434  -0.0000139360   0.0000065186
       -0.0000144299  -0.0000035866   0.0000556285  -0.0000077560   0.0000143894
       -0.0000203403  -0.0000418084   0.0001004662  -0.0000010023  -0.0000266501
       -0.0000207853   0.0000128654  -0.0000092123   0.0000084126  -0.0000062523
       -0.0000122896  -0.0000008414  -0.0000024273  -0.0000038831   0.0000015602
       -0.0000030472  -0.0000016240  -0.0000008525  -0.0000059872   0.0000108402
        0.0000011811  -0.0000014869  -0.0000337418   0.0000119479  -0.0002567013
        0.0002046238  -0.0000243369   0.0016814597   0.0000551217   0.0004742764
       -0.0779091936  -0.2222783412   0.0916218432   0.0229458745  -0.0003107495
       -0.0048679170  -0.0019239089  -0.0024491771   0.0049990720   0.0000056731
        0.0000071339  -0.0000088661   0.0000099371   0.0000041122  -0.0000078560
        0.0000183178   0.0000015376  -0.0000089537   0.0000050520   0.0000016737
        0.0000038313  -0.0000033929  -0.0000522794   0.0000525985  -0.0000020117
       -0.0000419951   0.0000295005  -0.0000105254   0.0000012202   0.0000099650
       -0.0000049265   0.0000018226  -0.0000005577  -0.0000021529   0.0000172994
       -0.0000103646   0.0000089688   0.0000183288  -0.0000748386  -0.0000001713
        0.0000036272   0.0000000790  -0.0000017202   0.0000117780   0.0000030290
        0.0000026409   0.0000045657   0.0000038072   0.0000051357   0.0000004240
        0.0000038101  -0.0000024064  -0.0000006368  -0.0000017796
       -0.0000008580  -0.0000365608   0.0000258048  -0.0000598826   0.0000760304
       -0.0000259665   0.0000138845  -0.0000137514   0.0000006611   0.0000167820
        0.0000173321  -0.0000037065   0.0010807888  -0.0006126932   0.0003117079
       -0.0008909873   0.0000917852   0.0007214469   0.0022787768   0.0044774330
        0.0034832574  -0.0069630145   0.0124840605  -0.0018432093  -0.0268760009
        0.0584913803  -0.0594281010  -0.0994663411  -0.1819094510   0.2073273700
        0.0704768706   0.0080558200  -0.0691130731   0.0161978141   0.0121711052
       -0.0074349262   0.0004901541  -0.0056717316  -0.0034631931   0.0000016024
        0.0016644017  -0.0006780779  -0.0002582787  -0.0001216233  -0.0002031695
       -0.0000344551   0.0001586177   0.0000691585   0.0000632715  -0.0001071408
       -0.0000918957  -0.0000501388  -0.0000185545   0.0000309603  -0.0000477717
       -0.0000385599  -0.0000437209   0.0000673487   0.0000160391   0.0000108167
       -0.0000000525   0.0000002768   0.0000008927   0.0000189764   0.0000050669
       -0.0000039052   0.0000081388  -0.0000244105  -0.0000052606  -0.0000739588
       -0.0000406981   0.0000106613  -0.0000022804  -0.0000670970   0.0001305814
       -0.0001333594  -0.0000868877  -0.0007442280   0.0000397280  -0.0001020800
        0.0000508912   0.0000388936   0.0000320952   0.0000037696   0.0000087301
       -0.0000122485   0.0000106653   0.0000208284   0.0000589723  -0.0000282781
       -0.0000685539   0.0001368609  -0.0000334214   0.0000043827   0.0000093459
        0.0000133920  -0.0000087077   0.0000017465  -0.0000033247   0.0000055293
        0.0000090898   0.0000022878   0.0000022198  -0.0000024752   0.0000045566
        0.0000031877  -0.0000009241  -0.0000016079   0.0000053459  -0.0000091697
       -0.0000000605   0.0000053981   0.0000069538   0.0000059732   0.0000878557
       -0.0000511784  -0.0001661122   0.0051944419  -0.0058447298   0.0016688247
        0.0405133620   0.0915130823  -0.0792483336  -0.0044332377   0.0001905091
        0.0021446530   0.0027360146   0.0050810028   0.0065851650  -0.0000014643
        0.0000054743  -0.0000088333  -0.0000032370   0.0000001843  -0.0000066436
       -0.0000107202   0.0000059461  -0.0000060182  -0.0000059922   0.0000046843
       -0.0000041326   0.0000313310   0.0000346606  -0.0000292034   0.0000055645
       -0.0000040524  -0.0000255795   0.0000086381  -0.0000089764   0.0000032635
       -0.0000080272  -0.0000039385   0.0000070293  -0.0000088102   0.0000038497
        0.0000060454  -0.0000236431  -0.0000072113   0.0000207635   0.0000015053
       -0.0000027707   0.0000023019   0.0000021539  -0.0000048521   0.0000034801
        0.0000011961  -0.0000017324  -0.0000023463   0.0000002426  -0.0000015597
       -0.0000041170  -0.0000011848   0.0000032524  -0.0000059358
       -0.0000627728  -0.0000730626   0.0000318036   0.0000865092   0.0001160327
        0.0000574237   0.0000158519   0.0000080293  -0.0000498685  -0.0005145057
        0.0001372584  -0.0000978145   0.0137425358  -0.0061520555  -0.0015041971
       -0.0105367864  -0.0065704261   0.0055201457  -0.0037280785   0.0142782892
       -0.0036122426  -0.0171635542  -0.0314272424   0.0137411264  -0.0494867640
        0.0668734581  -0.0132563353  -0.2770714555  -0.0414961659   0.0704768706
        0.6050220965  -0.0398409890  -0.0999318644  -0.1311475625  -0.0495769139
        0.0411815778   0.0347323211  -0.0230516185   0.0004595627  -0.0020119447
        0.0200874084  -0.0058997818  -0.0008472314  -0.0003227570   0.0004178142
        0.0002279759   0.0002343575   0.0000521534  -0.0000893407  -0.0000677613
       -0.0001940558  -0.0000275129   0.0000707968   0.0000469643   0.0001027634
        0.0000332038   0.0000122174   0.0000870745  -0.0000993552   0.0000099434
        0.0000445152   0.0000138198  -0.0000059825  -0.0000303370  -0.0000114989
        0.0000024645   0.0000904226  -0.0000582587  -0.0000687353  -0.0001998585
        0.0000034178  -0.0000845755   0.0001081843  -0.0002600533   0.0000370963
        0.0000087090  -0.0001289590  -0.0000116346  -0.0000298580   0.0000697849
        0.0000879709  -0.0000168298  -0.0000290661  -0.0000234320  -0.0000020360
       -0.0000011227  -0.0000108392   0.0000100399   0.0000083082   0.0000024845
        0.0000424743   0.0000217951  -0.0000261513   0.0000104243   0.0000107084
        0.0000180266  -0.0000090276  -0.0000006250  -0.0000082116   0.0000003501
        0.0000010910   0.0000061393  -0.0000040406  -0.0000114538   0.0000045852
        0.0000032806   0.0000010040   0.0000064636  -0.0000081337   0.0000046134
        0.0000021609  -0.0000000975   0.0000051904   0.0000068913   0.0002306110
       -0.0000153604  -0.0001145422  -0.0007143993   0.0037307059   0.0015336566
       -0.0122021579  -0.0024586778   0.0042141277  -0.1344285880   0.1203685065
       -0.0260601067  -0.0144641571  -0.0245019927   0.0131282445   0.0000095815
       -0.0000036235  -0.0000114309   0.0000193817   0.0000087825   0.0000097657
        0.0000016021  -0.0000060023   0.0000071555  -0.0000024156   0.0000363032
        0.0000351912   0.0001600606   0.0000541971  -0.0000608669   0.0000135138
       -0.0000132512  -0.0000609075   0.0000051205   0.0000029694  -0.0000056373
        0.0000104458   0.0000170548  -0.0000040915  -0.0000020263  -0.0000109913
       -0.0000095961   0.0000018355   0.0000213239  -0.0000333954   0.0000013944
       -0.0000099505   0.0000053853   0.0000003517  -0.0000082307   0.0000075418
       -0.0000021492  -0.0000038798   0.0000064289  -0.0000065601  -0.0000063250
        0.0000031639   0.0000207544  -0.0000007406   0.0000137492
       -0.0000063011   0.0001296779  -0.0000242972   0.0000536785  -0.0002719016
       -0.0001589544  -0.0000854033   0.0001145013   0.0001245766   0.0000591607
        0.0002178471  -0.0004638847   0.0087330791  -0.0057720283  -0.0002514952
       -0.0068143190  -0.0026950165   0.0032149218  -0.0014989797   0.0061458145
       -0.0014190709  -0.0148058130  -0.0148113079   0.0067849744   0.0177695518
        0.0253345250  -0.0139599934   0.0288765123  -0.0876803627   0.0080558200
       -0.0398409890   0.6189627124  -0.1930886062  -0.1159001966  -0.2788527343
        0.1226898729   0.0206687248  -0.0625833946   0.0201948997   0.0038605092
        0.0101920440  -0.0024504012  -0.0004548469   0.0001451820  -0.0001011219
        0.0002073335   0.0000402798  -0.0001179543  -0.0000021791   0.0001092016
        0.0000629412  -0.0000182602  -0.0000079312   0.0000066653   0.0000099576
        0.0000451351   0.0000405479  -0.0000791475  -0.0000447831   0.0000563670
       -0.0000060919  -0.0000202303  -0.0000255111   0.0000292738   0.0000018228
        0.0000293558   0.0000600031   0.0000288428   0.0000001034  -0.0002716512
        0.0001929427  -0.0002321243   0.0002067021  -0.0001390738  -0.0000761339
        0.0002913457  -0.0004276170  -0.0000066497  -0.0001447195   0.0000662771
        0.0000696117   0.0000279052  -0.0000832693   0.0000213605  -0.0000213673
        0.0000289733  -0.0000019323   0.0000467973  -0.0000655625  -0.0000359990
        0.0000183069   0.0001510127  -0.0000449901  -0.0000220201  -0.0000462448
       -0.0000171665   0.0000281417  -0.0000075376   0.0000075591   0.0000010996
       -0.0000065132   0.0000053166   0.0000018913  -0.0000045989   0.0000049131
        0.0000017486   0.0000005563   0.0000001704  -0.0000030412   0.0000299080
        0.0000087260   0.0000054817  -0.0000222342   0.0000049054  -0.0001648956
        0.0001642266  -0.0000771786   0.0044155063  -0.0022255332   0.0034216703
       -0.0238546637  -0.0026396880   0.0073930374   0.1209290646  -0.2011646608
        0.0385100972  -0.0026291732  -0.0024290553   0.0018764177   0.0000305691
        0.0000084799  -0.0000104893   0.0000372141   0.0000029521  -0.0000055669
        0.0000265687  -0.0000196197  -0.0000167437  -0.0000147871   0.0000198797
        0.0000230254   0.0002076051  -0.0001223047   0.0000221204   0.0000199983
       -0.0000069350   0.0000128333   0.0000038219   0.0000033695   0.0000023943
        0.0000117485  -0.0000003067  -0.0000008625  -0.0000017177   0.0000001531
       -0.0000057577   0.0000053624   0.0000198904  -0.0000644829  -0.0000016109
       -0.0000080998   0.0000038380   0.0000006169   0.0000045654   0.0000049287
        0.0000005503  -0.0000002107   0.0000034957   0.0000047870   0.0000004477
        0.0000054987  -0.0000084428  -0.0000024650  -0.0000055981
       -0.0000388444  -0.0000839678  -0.0000054967   0.0000267515  -0.0000271624
        0.0000635787   0.0000251458  -0.0000610681  -0.0000684721  -0.0001751068
       -0.0001781438  -0.0006121653  -0.0068483330   0.0042529165   0.0010601040
        0.0055542058   0.0028357296  -0.0024910014   0.0014811040  -0.0061666554
        0.0012983015   0.0086942948   0.0115720433  -0.0121211397   0.0058059582
       -0.0266110656   0.0103003403   0.0419075294   0.0256664794  -0.0691130731
       -0.0999318644  -0.1930886062   0.2152228137   0.0671792797   0.1056313281
       -0.1024153243  -0.0166393296   0.0315652360  -0.0076380896   0.0001602713
       -0.0068404080   0.0081787354   0.0005554048  -0.0001895441  -0.0001026952
       -0.0001881209  -0.0001182112  -0.0000035319   0.0000001829   0.0000233337
        0.0000773656   0.0000449048  -0.0000312890  -0.0000246826  -0.0000323881
       -0.0000041469   0.0000007658  -0.0000108164   0.0000288561  -0.0000161853
       -0.0000114260  -0.0000246314  -0.0000133729   0.0000199610   0.0000042273
        0.0000127973  -0.0000586933   0.0000152078   0.0000217547   0.0001125946
       -0.0001085350  -0.0000236009  -0.0000733757   0.0001725070  -0.0000172935
       -0.0001131919   0.0002162801   0.0000346247   0.0000660570  -0.0000436673
       -0.0000610247  -0.0000080638   0.0000371508  -0.0000012210   0.0000094074
       -0.0000073663  -0.0000026132  -0.0000214531   0.0000233786   0.0000140346
       -0.0000067379  -0.0000785703   0.0000294939  -0.0000045655   0.0000147147
       -0.0000016178  -0.0000103335   0.0000016249   0.0000037228  -0.0000013823
        0.0000025596  -0.0000014931  -0.0000022720   0.0000027725   0.0000046696
       -0.0000007580  -0.0000004272   0.0000035501  -0.0000014860  -0.0000083637
        0.0000032311  -0.0000040180   0.0000149097  -0.0000052608  -0.0000350889
       -0.0001251654  -0.0001101592   0.0009676072   0.0034409975   0.0076493356
        0.0125041824   0.0021045460  -0.0026619459  -0.0255430598   0.0389192252
       -0.0438112559   0.0047767364   0.0071870725  -0.0026737095  -0.0000158126
       -0.0000021028   0.0000071661  -0.0000164464   0.0000014543   0.0000043870
       -0.0000082361   0.0000105266   0.0000173323   0.0000173478   0.0000021318
        0.0000059451  -0.0000895234   0.0000576657  -0.0000509561  -0.0000148139
        0.0000071293   0.0000106142  -0.0000042083  -0.0000013165  -0.0000045056
       -0.0000054011  -0.0000036497  -0.0000029416   0.0000035595  -0.0000001269
       -0.0000009553  -0.0000015000  -0.0000115234   0.0000289044   0.0000020019
        0.0000039626  -0.0000010607   0.0000005292  -0.0000006984   0.0000007340
        0.0000006458   0.0000009577   0.0000005156   0.0000004060   0.0000006550
        0.0000029119   0.0000005818  -0.0000011672  -0.0000008849
       -0.0003340789  -0.0003957242   0.0000627100   0.0008862988   0.0008697159
        0.0004989700  -0.0000812164  -0.0001480701  -0.0002415634  -0.0006394390
       -0.0019104879   0.0003029643   0.0050668912  -0.0036617226   0.0015321227
       -0.0032793132  -0.0012109543   0.0014766756  -0.0054475010   0.0019937123
        0.0024917551  -0.0338368498   0.0183043661   0.0016430372   0.0021279580
        0.0035035734  -0.0028016445  -0.0228826201  -0.0265016239   0.0161978141
       -0.1311475625  -0.1159001966   0.0671792797   0.6304476168   0.0005650140
       -0.1199139499  -0.1614584140   0.1146525783  -0.0201150030   0.0088372487
        0.0038924167  -0.0036614425  -0.0005272321  -0.0013615013  -0.0002195145
        0.0004563968   0.0001194683   0.0001218467  -0.0002154039   0.0000315717
       -0.0000399116  -0.0002435586   0.0000193042   0.0000602794  -0.0002195936
       -0.0001361106  -0.0001640406  -0.0000871682   0.0000526088   0.0000584570
       -0.0000890090  -0.0000255648  -0.0000581886   0.0000515496   0.0001102331
       -0.0000217990  -0.0002235159   0.0002718866   0.0001946414   0.0002075719
        0.0001781168  -0.0000753987  -0.0001495494  -0.0007982890   0.0006484907
        0.0000106843  -0.0002846186  -0.0002660571  -0.0000455871  -0.0000873175
        0.0001745453   0.0000185443   0.0000183817   0.0000287549  -0.0000099990
        0.0000255452  -0.0000279570   0.0000125243   0.0000208409  -0.0000567346
        0.0001213262   0.0000940172  -0.0001244336  -0.0000147269   0.0000191462
        0.0000091411   0.0000088741   0.0000183121   0.0000223718   0.0000090607
        0.0000356800   0.0000071124   0.0000051704   0.0000360042   0.0000022780
        0.0000045222   0.0000176269   0.0000034225   0.0000342047  -0.0000329882
        0.0000018338  -0.0000081442   0.0000695909   0.0000594825  -0.0009971772
        0.0011033718  -0.0001109749   0.0007624271   0.0001423477  -0.0001949654
       -0.0054229958  -0.0001791959   0.0028077143   0.0057518057   0.0145565178
       -0.0068680921  -0.2877708904  -0.0078726910   0.0599116478   0.0000186082
        0.0000055509   0.0000345818   0.0000131497  -0.0000321007   0.0000063408
        0.0000171214  -0.0000240147   0.0000099570   0.0000450178  -0.0000920728
       -0.0000325526   0.0002078876   0.0000044999  -0.0003751334   0.0000018151
       -0.0000220171  -0.0000565005   0.0000358859  -0.0000325902  -0.0000305938
        0.0000142352  -0.0000213698  -0.0000105430   0.0000095596  -0.0000351785
        0.0000085622  -0.0000229045   0.0000152068  -0.0000328618   0.0000236999
        0.0000044693  -0.0000153649   0.0000057004   0.0000022153  -0.0000060321
       -0.0000016295  -0.0000002232  -0.0000075703  -0.0000015284   0.0000035560
       -0.0000047062  -0.0000557479   0.0000091764  -0.0000232608
        0.0000519689   0.0000960272  -0.0001577819   0.0002006162  -0.0003373078
        0.0002920161  -0.0000266625   0.0000358200   0.0000075132   0.0006583476
       -0.0019033603   0.0002606927  -0.0212057695   0.0091336394   0.0048459056
        0.0135308885   0.0048172911  -0.0058329173   0.0022867139  -0.0099560114
        0.0045193494   0.0397140423   0.0270350891  -0.0181811017   0.0093980277
       -0.0480996833   0.0149524619  -0.0756273243   0.0176054682   0.0121711052
       -0.0495769139  -0.2788527343   0.1056313281   0.0005650140   0.5831396157
       -0.1909134284   0.0833404178  -0.1791149275   0.0327205745   0.0104487076
       -0.0590520669   0.0202162477   0.0025455097  -0.0002924931  -0.0008781524
        0.0000160168  -0.0005613221   0.0000015263  -0.0000942434   0.0003577086
        0.0002754396   0.0001392649  -0.0000406150   0.0000862464  -0.0000954050
       -0.0000723760  -0.0000930950   0.0003967608   0.0000675244   0.0000216142
       -0.0000066473  -0.0000365913  -0.0000058726   0.0000322676   0.0000342815
        0.0000544601   0.0000413837   0.0000481773   0.0001277297  -0.0002415871
       -0.0003037431   0.0000704078  -0.0005560954  -0.0001304524   0.0004268835
       -0.0006932375   0.0008664465  -0.0004203224   0.0003524940  -0.0001781619
       -0.0002210671  -0.0000053585   0.0001374258  -0.0000389699   0.0000413507
       -0.0000597224   0.0000149160  -0.0000775495   0.0001322307   0.0000385587
       -0.0001342421  -0.0002392810   0.0002350547  -0.0000050325   0.0000318674
       -0.0000023291   0.0000294118  -0.0000222524   0.0000081480  -0.0000031895
        0.0000041901   0.0000046011  -0.0000098058  -0.0000060253  -0.0000053984
       -0.0000104838   0.0000021978  -0.0000099227  -0.0000082857   0.0000044667
       -0.0000014319  -0.0000046071  -0.0000318148  -0.0000288828  -0.0003556236
       -0.0000138659   0.0000042157  -0.0000344915  -0.0005830526  -0.0003683838
        0.0001578699   0.0016944650   0.0017465079  -0.0070932535  -0.0234538132
        0.0119182263  -0.0080868203  -0.0419869456   0.0057623772   0.0000278509
        0.0000146399   0.0000003891   0.0000339761   0.0000127009   0.0000020419
        0.0000240889   0.0000009013  -0.0000266682  -0.0000120686   0.0000308133
       -0.0000189357   0.0000149383   0.0000423540   0.0007030356  -0.0000260559
       -0.0000058431   0.0000342257  -0.0000109636  -0.0000074154   0.0000024217
       -0.0000161709  -0.0000130160   0.0000041929  -0.0000001359   0.0000229543
        0.0000133180  -0.0000305722  -0.0000338927   0.0000274637  -0.0000023711
        0.0000222067   0.0000020510  -0.0000005733   0.0000049339   0.0000048123
       -0.0000015343   0.0000035592   0.0000004577  -0.0000025549  -0.0000035952
       -0.0000021336   0.0000077017  -0.0000066140  -0.0000017222
        0.0001292139   0.0000924468   0.0001065406  -0.0004201425  -0.0000249501
       -0.0005753123   0.0000201470   0.0000142070   0.0001657783  -0.0000726705
        0.0015209163   0.0000857536   0.0085824371  -0.0009089386   0.0030312344
       -0.0043104615  -0.0015173078   0.0019395703   0.0023626504   0.0051662713
        0.0033544957  -0.0060067313  -0.0146916044   0.0080136085  -0.0049649280
        0.0163717877  -0.0085630248   0.0351603322  -0.0000799699  -0.0074349262
        0.0411815778   0.1226898729  -0.1024153243  -0.1199139499  -0.1909134284
        0.2220472210  -0.0086860840   0.0273617598  -0.0598730804  -0.0073062020
        0.0213350136  -0.0068476430  -0.0007714329  -0.0002733629  -0.0015466689
       -0.0004333566  -0.0000060021  -0.0000245172   0.0000723640  -0.0000385248
        0.0001106377   0.0000869087  -0.0000794803   0.0000020017   0.0000362226
        0.0000261843   0.0000588681  -0.0005081671  -0.0000051396   0.0000470149
        0.0000220022  -0.0001879507  -0.0001645093   0.0001789106   0.0000623113
        0.0000729048  -0.0001599090   0.0002940706   0.0001463917   0.0000159660
        0.0003543406  -0.0014582946   0.0009399438   0.0008746272  -0.0010450419
       -0.0000947559  -0.0006921338  -0.0009808968  -0.0000273543  -0.0000908348
        0.0000565420   0.0000688355  -0.0000129738  -0.0000155085  -0.0000124879
        0.0000065167   0.0000148834   0.0000960494   0.0000156160  -0.0000147376
       -0.0000330198   0.0002489307  -0.0000970756  -0.0000016743   0.0000182739
        0.0000006400  -0.0000004117   0.0000073411  -0.0000065734  -0.0000049002
       -0.0000149816  -0.0000008384   0.0000013302  -0.0000124381   0.0000048608
        0.0000101206  -0.0000009439   0.0000037107  -0.0000220422   0.0000470558
        0.0000118484   0.0000011511  -0.0000093478  -0.0000187317   0.0003227165
       -0.0003412014  -0.0002239237  -0.0002052108   0.0001135021   0.0000420523
        0.0026165545   0.0016918491   0.0048167049   0.0016813829   0.0063297417
       -0.0026269076   0.0599150229   0.0049269553  -0.0487923089   0.0000125070
        0.0000346913  -0.0000059223   0.0000218068  -0.0000026865  -0.0000126695
        0.0000366580  -0.0000064815  -0.0000025761   0.0000125271  -0.0000049436
       -0.0000095444   0.0003787945   0.0003643651  -0.0014169980  -0.0000045012
       -0.0000146513   0.0000105239   0.0000000376  -0.0000039586   0.0000100472
       -0.0000138329   0.0000005024   0.0000019813  -0.0000117264   0.0000089765
       -0.0000059897  -0.0000154170  -0.0000051426   0.0000092555  -0.0000070150
       -0.0000163764   0.0000057946  -0.0000000908  -0.0000019648   0.0000024138
        0.0000040789  -0.0000036417   0.0000024884   0.0000086775  -0.0000019022
        0.0000042991   0.0000315484  -0.0000148629  -0.0000005224
        0.0003439780   0.0000653766   0.0002355131  -0.0012842007   0.0004870416
       -0.0008791694   0.0001661042  -0.0000246384   0.0001077213  -0.0004136786
        0.0058783285   0.0013323097   0.0252285560  -0.0010312673  -0.0064720964
       -0.0143171899  -0.0144464395   0.0080549412  -0.0342245835   0.0377614905
       -0.0037090521  -0.2425366178  -0.0012014340   0.0533301780  -0.0150171931
       -0.0460828202   0.0231845256  -0.0298132602   0.0152268973   0.0004901541
        0.0347323211   0.0206687248  -0.0166393296  -0.1614584140   0.0833404178
       -0.0086860840   0.5787882188  -0.0549123259  -0.1002083631  -0.0982846755
       -0.0466044769   0.0336778435  -0.0175694823  -0.0230019355   0.0126757462
       -0.0026819509   0.0018838744   0.0025414961   0.0007309602  -0.0006392648
       -0.0001585609  -0.0011593370   0.0001971068  -0.0010351253   0.0003914410
       -0.0000628195  -0.0000708021  -0.0004571417   0.0003362511  -0.0005588296
        0.0001350955   0.0000401707  -0.0000087980  -0.0001261917  -0.0000816330
       -0.0000517660   0.0001633114  -0.0001947092  -0.0001452092  -0.0001450761
        0.0002120917   0.0010385322   0.0002597001  -0.0014308116  -0.0011442200
       -0.0006821348   0.0006789240  -0.0000136135   0.0003579631   0.0000838967
       -0.0001133492  -0.0000306092   0.0000377669  -0.0000644042   0.0000261799
       -0.0000502876  -0.0000106676  -0.0000814532   0.0000779758   0.0000794264
        0.0000155363  -0.0004141313   0.0002075520  -0.0001537683   0.0001278957
        0.0001356915  -0.0000449833   0.0000006494  -0.0000309508   0.0000150938
        0.0000213857  -0.0000106443  -0.0000016304   0.0000008982   0.0000023907
        0.0000188655  -0.0000115049  -0.0000187836  -0.0000314972  -0.0000904312
       -0.0000356396   0.0000204024   0.0000501182   0.0000218585  -0.0008501184
        0.0028770531   0.0012310627   0.0003703937  -0.0011075789   0.0013558047
       -0.0003469418   0.0004226517  -0.0002516729   0.0005379562  -0.0017836095
        0.0030320760  -0.0209953761   0.0225224012  -0.0033565360   0.0000651522
       -0.0001338376   0.0001773712  -0.0000002961   0.0000381976  -0.0000436025
        0.0000203868   0.0000098604  -0.0000033268   0.0000221877   0.0000143137
       -0.0000112352   0.0003000483   0.0002481242   0.0008703446   0.0000028239
        0.0000277761  -0.0001028100  -0.0000106213  -0.0000092124  -0.0000055911
        0.0000180012   0.0000011164   0.0000112605   0.0000097995  -0.0000104811
        0.0000180394   0.0000292860   0.0000176062   0.0000080134  -0.0000216056
        0.0000146395   0.0000105548  -0.0000043235  -0.0000261413   0.0000032669
       -0.0000155387  -0.0000136621   0.0000003063  -0.0000243282  -0.0000051468
       -0.0000145360   0.0000144560  -0.0000004215   0.0000207884
       -0.0000300110   0.0005788950   0.0000313741  -0.0008262905  -0.0019838614
       -0.0005370979  -0.0002142503   0.0005517324   0.0002272180   0.0022452225
       -0.0027185292   0.0032692378   0.0401158647  -0.0580907497   0.0097436661
       -0.0284932531  -0.0108038401   0.0117203028   0.0182303718   0.0252572343
       -0.0128009766  -0.0013504638  -0.0993521810   0.0139541856  -0.0262528514
        0.0222044395  -0.0009856430   0.0321831353  -0.0111208487  -0.0056717316
       -0.0230516185  -0.0625833946   0.0315652360   0.1146525783  -0.1791149275
        0.0273617598  -0.0549123259   0.5691130701  -0.1596076322  -0.0650783525
       -0.1804125270   0.0689456469  -0.0158306130  -0.0028092273   0.0050847937
        0.0025849073   0.0022865264   0.0009759128   0.0001752557  -0.0001091583
       -0.0011517257  -0.0010462562   0.0003040762   0.0004012284   0.0003597185
       -0.0002508372  -0.0002186026  -0.0001477572  -0.0002521715  -0.0000247136
       -0.0000076671   0.0000395050  -0.0000354988  -0.0000631906  -0.0000252277
       -0.0000061496   0.0002488134  -0.0001211044  -0.0001843544   0.0003722078
        0.0002038446  -0.0002938576   0.0016761454  -0.0021531740  -0.0001011846
        0.0008643304  -0.0019348792   0.0000435373  -0.0006646034   0.0002319805
        0.0004022795   0.0000473747  -0.0001645310   0.0001240339  -0.0000780627
        0.0001014937  -0.0000137025   0.0001383472  -0.0001534946  -0.0001373964
        0.0002369903   0.0005431761  -0.0003911637   0.0000495344  -0.0000301671
       -0.0000179782   0.0000463957  -0.0000098205  -0.0000152792  -0.0000088400
       -0.0000369033  -0.0000024363  -0.0000036127  -0.0000313536  -0.0000027194
       -0.0000236460   0.0000106273  -0.0000185043  -0.0000433222   0.0000902774
        0.0000142941   0.0000687396  -0.0001010006   0.0000509569   0.0038112563
       -0.0030107098   0.0019351835  -0.0017626084  -0.0031641993   0.0041903853
        0.0006320245   0.0003748030  -0.0003483095  -0.0013384172  -0.0023804253
        0.0047378168   0.0020592175   0.0003138612  -0.0016170802   0.0000461356
        0.0000140387  -0.0000510225   0.0000629933  -0.0000175591  -0.0000228376
        0.0000211202  -0.0000382596  -0.0000368185  -0.0000160818  -0.0000602238
       -0.0000552621   0.0001515978   0.0006857599  -0.0003352196   0.0000759555
        0.0000679215  -0.0000192766   0.0000060088   0.0000181289  -0.0000014169
        0.0000239391   0.0000136564  -0.0000013353  -0.0000051637  -0.0000177645
       -0.0000122251  -0.0000271333   0.0000378364  -0.0001151910   0.0000063507
       -0.0000452289   0.0000166319   0.0000075416   0.0000288908   0.0000085315
        0.0000206742   0.0000212889   0.0000137024   0.0000344809   0.0000035072
        0.0000211087   0.0000211633   0.0000017081  -0.0000046807
        0.0002622219   0.0001571270   0.0000832609   0.0009386331   0.0021151022
        0.0004627755  -0.0000542568  -0.0000819772   0.0001389052   0.0014659537
       -0.0007103918   0.0073237926  -0.0231221385   0.0214713406  -0.0033573195
        0.0139969154   0.0072850780  -0.0095471715   0.0040364290  -0.0200540054
        0.0072237502   0.0544596445   0.0173293448  -0.0772230353   0.0141059230
        0.0032767724  -0.0045256525  -0.0067047516  -0.0019821063  -0.0034631931
        0.0004595627   0.0201948997  -0.0076380896  -0.0201150030   0.0327205745
       -0.0598730804  -0.1002083631  -0.1596076322   0.2259234941   0.0446180937
        0.0655382311  -0.0862887516   0.0058078704   0.0077148174  -0.0030316465
        0.0006043102  -0.0006053085  -0.0005093480  -0.0006147743   0.0001070020
       -0.0001082091   0.0001664920  -0.0000159029   0.0003306402  -0.0000356169
        0.0000627696   0.0000229860  -0.0001424306  -0.0000098737   0.0001279936
       -0.0000881388   0.0000016335   0.0000041292   0.0000045751  -0.0001250152
        0.0001041977   0.0000917823   0.0000659917  -0.0000422426   0.0006968557
        0.0001114645  -0.0011246279  -0.0004141733  -0.0004892027  -0.0003423862
       -0.0002696269   0.0004688073  -0.0002792016   0.0001620334  -0.0001503442
       -0.0000600925   0.0000086367   0.0000653006  -0.0000223349   0.0000079813
       -0.0000091422   0.0000043276  -0.0000344197   0.0000498959   0.0000101719
       -0.0000829419  -0.0000414235   0.0000120787   0.0000370334  -0.0000415675
       -0.0000313051   0.0000142277  -0.0000211406   0.0000164684  -0.0000018698
        0.0000046494   0.0000005779  -0.0000032969   0.0000048112  -0.0000023044
        0.0000031165   0.0000040915   0.0000122449   0.0000132561   0.0000101690
       -0.0000059471  -0.0000229726  -0.0000098038  -0.0000155052   0.0004180479
        0.0020344718   0.0042999379   0.0021368196   0.0036511771   0.0040317597
       -0.0001969727  -0.0003023382   0.0000581638   0.0026434329   0.0052992376
        0.0067847988   0.0044156160  -0.0047519984   0.0023934693  -0.0000306580
       -0.0000038892   0.0000036535  -0.0000387663   0.0000165225   0.0000188867
        0.0000014217   0.0000029795   0.0000156438  -0.0000097994   0.0000395447
       -0.0000264402   0.0006740712  -0.0007174613  -0.0019473317  -0.0000399581
       -0.0000179796   0.0000370267   0.0000155968  -0.0000174044  -0.0000083924
       -0.0000082864  -0.0000170082  -0.0000040890   0.0000046060  -0.0000026003
        0.0000086349  -0.0000110887  -0.0000401108   0.0000525584  -0.0000037307
        0.0000184991  -0.0000111855  -0.0000019111   0.0000021452  -0.0000049358
       -0.0000014195  -0.0000001717  -0.0000061874  -0.0000036212   0.0000023302
       -0.0000012032  -0.0000101731  -0.0000009820  -0.0000051183
       -0.0007054852   0.0000735753  -0.0004714362   0.0022478792  -0.0028280117
        0.0003495766  -0.0006067702  -0.0001397437  -0.0000667313   0.0058790956
       -0.0106856827   0.0023599369  -0.1766255059   0.1544030227  -0.0152128389
       -0.0452275143   0.0158381398   0.0082310691   0.0034260288   0.0097111316
       -0.0044338911  -0.0153613910  -0.0259387576   0.0147587409  -0.0050279291
        0.0017163537   0.0022624024   0.0002855615  -0.0003245217   0.0000016024
       -0.0020119447   0.0038605092   0.0001602713   0.0088372487   0.0104487076
       -0.0073062020  -0.0982846755  -0.0650783525   0.0446180937   0.5703296578
       -0.0726676394  -0.1107291800  -0.1920829866  -0.0086866653   0.0481469090
       -0.0332575977  -0.0210708453   0.0035626116  -0.0013034355   0.0034563872
        0.0001974359   0.0031106989  -0.0043940072  -0.0010040731  -0.0012972010
        0.0009995394   0.0008832158   0.0014726153   0.0005455275   0.0019876701
       -0.0005970141  -0.0001548098   0.0002136340   0.0004975904   0.0002326364
       -0.0001228187  -0.0009637074   0.0003051018   0.0006893153  -0.0004048614
       -0.0022831671  -0.0017829170  -0.0187622828   0.0126316342   0.0109813234
       -0.0029886720  -0.0017529873   0.0033513202  -0.0011491139   0.0013122147
        0.0001331475   0.0000435217   0.0000932486   0.0003859548  -0.0000309968
        0.0000132841   0.0000139921   0.0002216107  -0.0001281780  -0.0000331914
        0.0003103258   0.0001579258   0.0000057216  -0.0008102591   0.0000353118
       -0.0002409295   0.0001307189   0.0000123233   0.0000813537  -0.0000101661
        0.0000166909   0.0000141579  -0.0000056330   0.0000291002   0.0000021365
       -0.0000469716  -0.0000082893  -0.0000675488  -0.0000017308  -0.0000122011
        0.0000161653   0.0000001047  -0.0000308851  -0.0000151278   0.0005744380
        0.0000470141  -0.0000844226  -0.0007571169  -0.0011795110   0.0005432903
       -0.0000614593  -0.0000461345  -0.0003363541   0.0002261964   0.0010666072
       -0.0003059630   0.0000514575   0.0004315046  -0.0004575678   0.0001302517
        0.0002975672  -0.0003928521   0.0000949117  -0.0000889020   0.0000937809
        0.0000163386  -0.0000410043  -0.0000906495   0.0000152374  -0.0001742987
       -0.0001433582   0.0006530303  -0.0001561651  -0.0004326670  -0.0000117383
        0.0000171249  -0.0001496814  -0.0000493379   0.0000921080  -0.0000012676
       -0.0000072645  -0.0000229299  -0.0000167267  -0.0000014900  -0.0000179464
        0.0000056857  -0.0000786834  -0.0000226335  -0.0001696876  -0.0000246379
        0.0000508215  -0.0000035775   0.0000050759   0.0000377622   0.0000100146
        0.0000049698   0.0000131152   0.0000104117   0.0000182366   0.0000007064
        0.0000150209  -0.0000272276  -0.0000124271  -0.0000143011
       -0.0004454191   0.0001647587  -0.0004934975   0.0039238413  -0.0004588923
        0.0048069098   0.0002841395  -0.0001949824  -0.0011924524   0.0079344485
       -0.0500586178   0.0115981641   0.1011006181  -0.2339704702   0.0283851567
        0.0578216935   0.0192912342  -0.0255913724   0.0040051512  -0.0442888349
        0.0124450284  -0.0437457432   0.0203434413   0.0069522540   0.0011582432
       -0.0106416886   0.0057590439  -0.0155686184   0.0051262013   0.0016644017
        0.0200874084   0.0101920440  -0.0068404080   0.0038924167  -0.0590520669
        0.0213350136  -0.0466044769  -0.1804125270   0.0655382311  -0.0726676394
        0.5887958391  -0.1183060655  -0.0130994264  -0.0651746612   0.0022642490
       -0.0212470695  -0.0011338116   0.0031083725  -0.0008722706   0.0006973528
        0.0036118746  -0.0033287040   0.0001618243  -0.0049598321   0.0003442700
       -0.0004230689  -0.0002607948   0.0008171018  -0.0002482118  -0.0050154843
        0.0009147354  -0.0000144127  -0.0000229855  -0.0000424744  -0.0001116658
        0.0001524260   0.0002097050  -0.0000808712   0.0001781787   0.0015262264
       -0.0007095491   0.0005647784   0.0171873257   0.0014048244  -0.0058292745
       -0.0016323804   0.0030335248   0.0013337259   0.0007021139  -0.0002246771
       -0.0005463422  -0.0001389966   0.0003466354  -0.0000563092   0.0000797950
       -0.0001544092   0.0001151536  -0.0002368283   0.0001455313   0.0001116679
       -0.0002471836  -0.0006829083   0.0005214550  -0.0009021620   0.0000841426
        0.0002922205  -0.0000511417  -0.0000068380   0.0000320048   0.0000238270
        0.0000564571  -0.0000574950  -0.0000033402   0.0000292053  -0.0000037297
        0.0000165394  -0.0000239869  -0.0000993109  -0.0001197563  -0.0001743258
       -0.0000310788  -0.0000548753   0.0001684439  -0.0000447449   0.0000356270
       -0.0004994004  -0.0000327148   0.0002529999  -0.0000979867  -0.0001413861
       -0.0001316325  -0.0000066691  -0.0004548018  -0.0002510742  -0.0007832628
        0.0006897026  -0.0011328869   0.0008178750  -0.0003967784   0.0001201145
       -0.0006634850   0.0007420035   0.0000934465  -0.0000348613  -0.0003452819
       -0.0000272907   0.0000362135  -0.0000073880  -0.0000271038   0.0001022493
       -0.0000765532   0.0002837655  -0.0004543801  -0.0015953963  -0.0000934596
       -0.0000367689   0.0000768290  -0.0000433284   0.0000168577   0.0000109605
       -0.0000327395   0.0000021852  -0.0000005891  -0.0000033059   0.0000278177
       -0.0000129859   0.0000174298  -0.0002042583   0.0001822479   0.0000125013
        0.0000641969  -0.0000217326  -0.0000036480  -0.0000286392  -0.0000126777
       -0.0000422690  -0.0000226237  -0.0000073972  -0.0000381594  -0.0000071398
       -0.0000291464  -0.0000100802  -0.0000279032   0.0000139535
        0.0002424156  -0.0001898044   0.0003424185  -0.0035288327   0.0018369412
       -0.0012607569   0.0002669848   0.0002680541   0.0000424918  -0.0027038755
        0.0199549117  -0.0012492398   0.0066077307   0.0137525929  -0.0466848881
       -0.0050428062  -0.0110519420   0.0047769933  -0.0034773632   0.0117503309
       -0.0048645853   0.0203893041   0.0010089210  -0.0059822639   0.0027866689
        0.0054704368   0.0029999900   0.0055043157  -0.0021268306  -0.0006780779
       -0.0058997818  -0.0024504012   0.0081787354  -0.0036614425   0.0202162477
       -0.0068476430   0.0336778435   0.0689456469  -0.0862887516  -0.1107291800
       -0.1183060655   0.2092975858   0.0484279914   0.0010262803  -0.0702352019
       -0.0062822799   0.0021198108   0.0043053566  -0.0007522266  -0.0008110926
       -0.0018810546  -0.0007652778  -0.0048593363   0.0038867137  -0.0000881212
       -0.0000567987  -0.0001781627   0.0007117237  -0.0048807455   0.0005094116
        0.0010388103   0.0001483188  -0.0002477729  -0.0000715921   0.0001441530
       -0.0001122915   0.0003806626   0.0001676271   0.0001487475   0.0005404909
        0.0010777889  -0.0011896247   0.0199889650  -0.0029772504  -0.0062401491
        0.0028963143   0.0009801699   0.0037479414  -0.0004168918   0.0005162461
        0.0000623095  -0.0003629945  -0.0002263648   0.0000578846  -0.0000291071
        0.0000353315   0.0000511999  -0.0001627629  -0.0003625474  -0.0000795387
        0.0001902137  -0.0002911186  -0.0001414393  -0.0002215472   0.0003017348
        0.0002208067   0.0000308751  -0.0000782367  -0.0000716724   0.0000376990
        0.0000195170   0.0000199256  -0.0000170589   0.0000067694  -0.0000056500
        0.0000041518   0.0000368924  -0.0000104899  -0.0000591323  -0.0000948724
       -0.0000660196  -0.0000078096  -0.0000931645   0.0000487945  -0.0001785933
        0.0001544561   0.0000893260   0.0001205008   0.0003751746  -0.0003186754
       -0.0002632445  -0.0005135444  -0.0011464996   0.0001405954   0.0001922498
        0.0000798689   0.0000794828  -0.0012016121  -0.0016415336  -0.0002049823
        0.0008085939  -0.0009359264   0.0001857980  -0.0003543996   0.0000182863
        0.0000258684   0.0000071264  -0.0000216830   0.0000056744  -0.0000763748
        0.0001711863   0.0003370230  -0.0005402175  -0.0006433560   0.0001033946
        0.0000863242   0.0000044035  -0.0000213525   0.0000408141  -0.0000037566
        0.0000867058   0.0000485403   0.0000209333   0.0000220883  -0.0000505216
        0.0000077719   0.0001429258   0.0000817724  -0.0000574943  -0.0000024139
        0.0000305263   0.0000063408  -0.0000063982  -0.0000131911   0.0000001128
       -0.0000066250  -0.0000067391  -0.0000091348  -0.0000238586  -0.0000062215
       -0.0000158978   0.0000143339   0.0000090918   0.0000136951
       -0.0004713650   0.0000869695  -0.0000181878   0.0010114295   0.0023643176
        0.0007880970  -0.0003366496   0.0000581498  -0.0000383421  -0.0006185542
       -0.0023256461  -0.0009533427  -0.0344575723   0.0168550158   0.0118500958
        0.0029896443   0.0041062104   0.0002972837  -0.0012990118  -0.0010577270
        0.0005900220   0.0016865984  -0.0010088653   0.0012419105  -0.0004325951
        0.0000532247   0.0002993118   0.0004195768  -0.0001446135  -0.0002582787
       -0.0008472314  -0.0004548469   0.0005554048  -0.0005272321   0.0025455097
       -0.0007714329  -0.0175694823  -0.0158306130   0.0058078704  -0.1920829866
       -0.0130994264   0.0484279914   0.5687658594   0.0962581155  -0.0770821091
       -0.1688441925  -0.1300618892  -0.0679592882   0.0067321830   0.0088769440
        0.0059107422  -0.0465866064  -0.0169918852  -0.0001531393   0.0034243875
       -0.0073504800  -0.0064382992  -0.0172279172   0.0191390034   0.0223896966
       -0.0052708381  -0.0017649948   0.0009500090  -0.0000304810   0.0001639928
        0.0000684193  -0.0016863768  -0.0034857440  -0.0019857825   0.0092261271
       -0.0064930284  -0.0095798432  -0.1022119272   0.0488173158   0.0661619909
       -0.0008599042   0.0002198036  -0.0000914348   0.0000440650  -0.0000704639
       -0.0000284526   0.0000174731   0.0000970062   0.0000062927   0.0000185277
       -0.0000318994   0.0000107675   0.0000058699   0.0000357822   0.0000196240
        0.0000069307  -0.0000401293   0.0000147945  -0.0033747328   0.0012630777
        0.0027059295   0.0000614273  -0.0002896332  -0.0004528816   0.0002800226
        0.0000472088  -0.0001436877  -0.0000058578  -0.0000358844   0.0000153226
        0.0000983905   0.0001832800  -0.0003409803  -0.0009257301  -0.0006155392
       -0.0004876354  -0.0000733725  -0.0000157508  -0.0000645801   0.0000748597
       -0.0001206050  -0.0004696605   0.0001069235   0.0000682387   0.0000814234
        0.0000122400   0.0000611569  -0.0000577674   0.0000215878   0.0002038859
       -0.0000683856   0.0006848190   0.0003674248  -0.0004449065   0.0006235527
       -0.0000178716  -0.0000736100  -0.0007632259   0.0009432903   0.0008984861
       -0.0000141039   0.0000964938  -0.0002150049   0.0002360102  -0.0008832273
       -0.0006648898   0.0002007120  -0.0004139192  -0.0005109521  -0.0000199005
       -0.0000029635  -0.0000326941   0.0000174943  -0.0000149407  -0.0000106355
       -0.0000062293  -0.0000099146  -0.0000049799   0.0000090905  -0.0000146393
        0.0000049528  -0.0000446742   0.0000081450   0.0000308767  -0.0001144464
       -0.0000974371   0.0001306445  -0.0000116998  -0.0000249556   0.0000029240
       -0.0000330073  -0.0000078153   0.0000512432  -0.0000344298  -0.0000432277
       -0.0000412676   0.0000065319  -0.0000989860   0.0001303252
        0.0001662626  -0.0009033343   0.0009198224  -0.0038615521   0.0017918113
       -0.0026137805   0.0002832266   0.0001917630   0.0002751911   0.0018415795
        0.0015055046  -0.0026235673   0.0219544329   0.0012406436  -0.0044417143
        0.0035737194  -0.0026302551   0.0027250991  -0.0002149586  -0.0003131263
        0.0001282733  -0.0006155939  -0.0034583190   0.0034680157  -0.0011828001
        0.0000470023   0.0002620177   0.0000428195  -0.0000147143  -0.0001216233
       -0.0003227570   0.0001451820  -0.0001895441  -0.0013615013  -0.0002924931
       -0.0002733629  -0.0230019355  -0.0028092273   0.0077148174  -0.0086866653
       -0.0651746612   0.0010262803   0.0962581155   0.4588377245   0.2144953840
       -0.0901581842  -0.1940614843  -0.0831654579  -0.0051948173  -0.0325011065
       -0.0243780313  -0.0503539101   0.0072146954   0.0218356002  -0.0021732610
       -0.0301536562  -0.0226644093   0.0344027648   0.0175526994   0.0043729218
       -0.0015928293  -0.0047012331  -0.0088340669   0.0125368270   0.0035326910
        0.0009921500  -0.0164554670   0.0073322452   0.0054112001  -0.0018539154
       -0.0385310020  -0.0327981054   0.0345248627  -0.1251531947  -0.0804835297
        0.0007518625   0.0003020574  -0.0004915563   0.0001439073  -0.0002120868
        0.0000702841  -0.0000322088  -0.0000337693  -0.0000456424   0.0000044327
        0.0000188083  -0.0000321899  -0.0000653314   0.0000573244  -0.0000298228
       -0.0000061999  -0.0000613330   0.0000182636   0.0010296954   0.0044590690
       -0.0019297571   0.0007688597  -0.0002259745  -0.0000831691   0.0000291186
        0.0002151886   0.0003223408  -0.0000306474  -0.0001196456  -0.0000191541
       -0.0002274816   0.0003636497   0.0001947728  -0.0013252544  -0.0005235114
       -0.0006974609  -0.0002274347   0.0002033191   0.0000884289  -0.0001151709
       -0.0001825956  -0.0005078596  -0.0001291695  -0.0002471584   0.0002577832
        0.0000168654   0.0000341820   0.0000279031   0.0000251937   0.0000721076
        0.0000288831  -0.0005301213  -0.0014869874   0.0014128988  -0.0000746954
       -0.0001742125  -0.0003652328  -0.0003041531  -0.0000215682   0.0001667246
        0.0001473172  -0.0004833104   0.0007102210   0.0001964209  -0.0002605068
       -0.0009410574   0.0009669476  -0.0000785986   0.0010633665  -0.0000008687
        0.0000009947   0.0000171984   0.0000325420  -0.0000431972  -0.0000324807
        0.0000271596  -0.0000308661  -0.0000111731   0.0000180910  -0.0000268077
        0.0000075487   0.0000285039   0.0000390258  -0.0000877823   0.0001080909
       -0.0001983304  -0.0000441510   0.0000493561   0.0000630058   0.0000533562
        0.0000661569   0.0000090124  -0.0000687210  -0.0000216129  -0.0000447309
       -0.0000460397   0.0001253661  -0.0000767088  -0.0000463036
        0.0007273503  -0.0004279539   0.0002571701  -0.0053708341  -0.0012555778
       -0.0030882323   0.0003631352   0.0000121829   0.0004975681  -0.0008660280
        0.0022647216  -0.0023346453   0.0035323778  -0.0035591778   0.0021292280
        0.0010908715   0.0017939005   0.0067608629   0.0000373246   0.0003361710
       -0.0002792491   0.0010166961   0.0034245175   0.0036095332   0.0005928791
       -0.0000961551  -0.0003205063  -0.0001296873  -0.0000656547  -0.0002031695
        0.0004178142  -0.0001011219  -0.0001026952  -0.0002195145  -0.0008781524
       -0.0015466689   0.0126757462   0.0050847937  -0.0030316465   0.0481469090
        0.0022642490  -0.0702352019  -0.0770821091   0.2144953840   0.3319041539
       -0.0272125189  -0.0727326283  -0.0845818937  -0.0045147569  -0.0309380277
       -0.0177872083  -0.0309465040   0.0121399390   0.0180031770  -0.0044544596
       -0.0221138702  -0.0193868435   0.0343951338   0.0087869829  -0.0015502896
        0.0016369756  -0.0089374094  -0.0024101166   0.0109064587   0.0035272165
        0.0009272160  -0.0133675149   0.0020556766   0.0107568578  -0.0035361126
       -0.0333118570  -0.0280901281   0.0489712723  -0.0828278766  -0.1391462502
       -0.0001523603   0.0000059336  -0.0000057078  -0.0000707629   0.0000634712
       -0.0000434841   0.0000191856   0.0000544706  -0.0000108367   0.0000090637
       -0.0000041198  -0.0000083190  -0.0000043652   0.0000471975   0.0000258002
       -0.0000273017  -0.0000334182   0.0000732235   0.0025608773  -0.0009824629
        0.0026545104   0.0000642833  -0.0005843530  -0.0003841690   0.0001209016
       -0.0000529133  -0.0000570611  -0.0000205936  -0.0001641190  -0.0000051213
        0.0002167725   0.0000981784   0.0001731254  -0.0001023539   0.0005506158
        0.0001209254  -0.0001812385   0.0001251252   0.0000124626  -0.0004529585
       -0.0004743333  -0.0013745057   0.0001619759   0.0002457053   0.0002333915
        0.0000364927   0.0000157557  -0.0000118149   0.0000282617   0.0000275811
        0.0002104742   0.0002767767   0.0003003158   0.0001273649  -0.0001590604
       -0.0002138852  -0.0002306232  -0.0000047273  -0.0001737436  -0.0003540120
       -0.0001310535   0.0008146843  -0.0007075360   0.0002211959  -0.0003508309
       -0.0004497113   0.0006522803   0.0018440237  -0.0007429688  -0.0000106947
        0.0000041721  -0.0000074752  -0.0000049657   0.0000041984   0.0000028335
       -0.0000112000  -0.0000073319  -0.0000055188   0.0000005205   0.0000044842
       -0.0000013659   0.0000047237  -0.0000057923  -0.0000101991   0.0000040423
       -0.0001387246  -0.0000452938   0.0000041020   0.0000002909   0.0000180952
        0.0000139325   0.0000101275   0.0000025806   0.0000692312   0.0000305198
        0.0000208654   0.0000581123  -0.0000010953   0.0000290489
        0.0009490843  -0.0047807067   0.0023555062  -0.0256161040   0.0225866510
        0.0004800259  -0.0003407996   0.0035611425   0.0012882593   0.0058179854
        0.0045623260   0.0016824563  -0.0011129532  -0.0074567425   0.0005092954
       -0.0004928167   0.0003619313   0.0016375323   0.0001463531   0.0002155975
       -0.0000826729  -0.0004698041  -0.0003762944   0.0012185486  -0.0002323901
        0.0000288722   0.0000151065  -0.0000525973   0.0001409107  -0.0000344551
        0.0002279759   0.0002073335  -0.0001881209   0.0004563968   0.0000160168
       -0.0004333566  -0.0026819509   0.0025849073   0.0006043102  -0.0332575977
       -0.0212470695  -0.0062822799  -0.1688441925  -0.0901581842  -0.0272125189
        0.5825108274   0.0826393753  -0.0396226053  -0.0645602728   0.0345566265
        0.0347356561  -0.2430081448  -0.0363643385   0.0103741497  -0.0227883094
        0.0590163695   0.0532791203  -0.0280284582  -0.0271304829  -0.0167134860
       -0.0004359286   0.0131493716   0.0114017025  -0.0152602275  -0.0060736372
       -0.0025205268   0.0141665051  -0.0061308913  -0.0089004694   0.0046151194
        0.0173285609   0.0153957269   0.0270292717  -0.0294991466  -0.0338764494
       -0.0000180961   0.0000248646   0.0000255757  -0.0000039800   0.0000632825
        0.0000236341   0.0000124662   0.0000009107   0.0000096030   0.0000079568
        0.0000055814  -0.0000182167   0.0000158167   0.0000113938  -0.0000061807
        0.0000798531   0.0000215822   0.0000240157  -0.0283371397  -0.0137999406
       -0.0027225070  -0.0010481482   0.0029725680   0.0015644941  -0.0001676279
       -0.0002823756  -0.0009657835   0.0001715204   0.0004590220   0.0001465890
       -0.0002472681  -0.0006037298  -0.0014093657   0.0018700174  -0.0011408336
        0.0012976813  -0.0017097013   0.0005849486   0.0008095627   0.0000469011
       -0.0000299927  -0.0003301580  -0.0000189111  -0.0000439715   0.0000656499
       -0.0000034457  -0.0000064196   0.0000019376   0.0000075843   0.0000201211
        0.0000023207   0.0001581649  -0.0000347232  -0.0000752308   0.0003228161
       -0.0000775737   0.0018609371   0.0002913539  -0.0000055992   0.0000187811
       -0.0000471314  -0.0002097418  -0.0000540334   0.0000277206  -0.0000315881
        0.0000878934  -0.0002190470  -0.0001235962   0.0002144388  -0.0000378183
       -0.0000131847  -0.0000324142  -0.0000009414  -0.0000127107  -0.0000225835
       -0.0000026097  -0.0000245133  -0.0000101579  -0.0000055809  -0.0000233283
        0.0000101950  -0.0000648122  -0.0000081842  -0.0000281255   0.0003909097
        0.0000828526   0.0000156295   0.0001131638   0.0001763051  -0.0000496762
       -0.0000277320   0.0001073497   0.0002445103   0.0000553800  -0.0000519882
        0.0000283727  -0.0003486059   0.0002547141   0.0001621565
       -0.0018700919   0.0051258912  -0.0005968658   0.0364311261  -0.0349146200
        0.0034825526  -0.0048089887   0.0023694687   0.0023547679  -0.0099296932
       -0.0069852784  -0.0038703952   0.0065473535   0.0038410861  -0.0040175483
       -0.0014968508  -0.0011243682   0.0004896583   0.0005306741   0.0004075385
       -0.0003597729  -0.0004271358   0.0003155199   0.0002186662   0.0000529614
       -0.0000676792  -0.0000474327  -0.0000906919  -0.0001359821   0.0001586177
        0.0002343575   0.0000402798  -0.0001182112   0.0001194683  -0.0005613221
       -0.0000060021   0.0018838744   0.0022865264  -0.0006053085  -0.0210708453
       -0.0011338116   0.0021198108  -0.1300618892  -0.1940614843  -0.0727326283
        0.0826393753   0.4366058879   0.2084190709   0.0369105828  -0.1132880325
       -0.0841119013   0.0100246446  -0.0690662804  -0.0184452561   0.0196215823
        0.0148204443   0.0082025910  -0.0127158050  -0.0105997830  -0.0014229196
        0.0004190568   0.0041260549   0.0032663670  -0.0064197355  -0.0019058079
       -0.0008229898   0.0055966681  -0.0031498010  -0.0051225336   0.0026163661
        0.0085691500   0.0027052383   0.0038075949  -0.0390720778  -0.0329136282
        0.0000940619  -0.0000172365   0.0001479441  -0.0000877892  -0.0000899601
       -0.0000195176  -0.0000383523   0.0000206101  -0.0000005484   0.0000015503
       -0.0000160116  -0.0000056624  -0.0000289347  -0.0000445258  -0.0000136567
       -0.0000786297  -0.0000519549   0.0000048151  -0.0189169067   0.0006665616
        0.0023284050  -0.0010171487   0.0003088564  -0.0015760878   0.0007579565
       -0.0003041643  -0.0006113922  -0.0000419723   0.0000659866   0.0000177104
       -0.0001249166   0.0002901014  -0.0008844793  -0.0013326772  -0.0022398284
       -0.0011084373   0.0008393478  -0.0006634650  -0.0010478413   0.0000173021
       -0.0000223430   0.0000557507   0.0001550237   0.0000489356  -0.0000330847
        0.0000667822   0.0001167470  -0.0000361858  -0.0000484804   0.0000344431
       -0.0000434042   0.0003698159  -0.0004606947   0.0000725157   0.0010673393
        0.0012039450  -0.0063211802  -0.0002582868   0.0000455696   0.0002949252
       -0.0000495221   0.0001200539   0.0002415037   0.0002976865  -0.0003590738
        0.0004285424   0.0000861579  -0.0000351245   0.0003328756   0.0000738388
        0.0000346628   0.0000305821   0.0000330862   0.0000006779  -0.0000015437
        0.0000263142   0.0000150600  -0.0000061301   0.0000388759   0.0000230869
       -0.0000162227   0.0000916665   0.0000497340  -0.0000237786  -0.0003248947
       -0.0006197225   0.0009932486  -0.0000739641  -0.0001803005   0.0000173210
       -0.0000529660  -0.0000333891   0.0001978125  -0.0002061729  -0.0001810255
       -0.0001262460   0.0001208501  -0.0001677308   0.0004874994
       -0.0015081761   0.0059796654  -0.0047110877   0.0242584695  -0.0157799321
        0.0136499812  -0.0064480694   0.0027864445   0.0031806594  -0.0095096772
       -0.0044254475  -0.0015061952   0.0027928387   0.0066029312  -0.0032378228
        0.0001700821  -0.0007416721  -0.0006688493   0.0001484626  -0.0002925860
       -0.0000246820  -0.0001438455   0.0003110269  -0.0003204282   0.0001063806
       -0.0000369945  -0.0001167558   0.0000131482  -0.0001256349   0.0000691585
        0.0000521534  -0.0001179543  -0.0000035319   0.0001218467   0.0000015263
       -0.0000245172   0.0025414961   0.0009759128  -0.0005093480   0.0035626116
        0.0031083725   0.0043053566  -0.0679592882  -0.0831654579  -0.0845818937
       -0.0396226053   0.2084190709   0.2869048718   0.0350087912  -0.0784673301
       -0.1222553049   0.0513278467  -0.0035627802  -0.0631630162   0.0219024087
       -0.0030617161  -0.0076779495  -0.0042223234   0.0012142672  -0.0023862918
        0.0006010034   0.0000249841   0.0005574523  -0.0019404142  -0.0006408612
        0.0002180721   0.0018598314  -0.0021417693  -0.0020309986   0.0027743501
       -0.0009691871   0.0038405410  -0.0035812247  -0.0259463835  -0.0228749981
        0.0000475474  -0.0000003982  -0.0000161906  -0.0000404514  -0.0001318235
       -0.0000378130  -0.0000222283   0.0000094152  -0.0000320296   0.0000001864
       -0.0000184195  -0.0000064305  -0.0000286031  -0.0000217335  -0.0000140728
       -0.0001426036  -0.0000176654   0.0000601505  -0.0122794502  -0.0015703970
        0.0025389954  -0.0006861092   0.0010959569  -0.0007176433  -0.0000087475
       -0.0004305166  -0.0008355423   0.0002429301  -0.0000594202   0.0001740026
       -0.0000404244  -0.0000362261  -0.0007619793  -0.0012802413  -0.0023338322
       -0.0011273902   0.0002847644  -0.0005790181  -0.0007631886   0.0000284983
        0.0000357140   0.0001863158   0.0001103675   0.0000513144  -0.0000275517
        0.0000421379   0.0000834889  -0.0000098885  -0.0000427602   0.0000177752
       -0.0000301754   0.0001353359  -0.0002881752   0.0002029618   0.0021552567
       -0.0063060062   0.0037640343  -0.0003564607   0.0001736917   0.0000811190
       -0.0000526672   0.0002359523   0.0001376956   0.0000871667   0.0004385140
       -0.0004247845   0.0001624810   0.0002326662   0.0000796094   0.0000751722
        0.0000299648   0.0000118503   0.0000326875  -0.0000020512  -0.0000059661
        0.0000234208   0.0000132136  -0.0000124607   0.0000266993   0.0000303753
       -0.0000263956   0.0000642657   0.0000332828  -0.0000566999  -0.0003992205
       -0.0002237535   0.0006781957  -0.0000929140  -0.0001826324  -0.0000454705
       -0.0001321771  -0.0000507949   0.0001379042  -0.0002522083  -0.0000971246
       -0.0001285376   0.0000322522  -0.0000798315   0.0003949539
        0.0072596235   0.0085896716  -0.0055717123  -0.0821489453   0.0541538337
       -0.0294744568  -0.0115295126   0.0174159641   0.0080804568  -0.0340882806
       -0.0053856081  -0.0242753767   0.0053216749   0.0121195545  -0.0051794533
       -0.0006426746  -0.0008994321   0.0001250301   0.0003798056   0.0005053535
       -0.0002683336   0.0001213819  -0.0000562061   0.0000604342   0.0002576042
        0.0000516240  -0.0001148207   0.0000528435  -0.0001313557   0.0000632715
       -0.0000893407  -0.0000021791   0.0000001829  -0.0002154039  -0.0000942434
        0.0000723640   0.0007309602   0.0001752557  -0.0006147743  -0.0013034355
       -0.0008722706  -0.0007522266   0.0067321830  -0.0051948173  -0.0045147569
       -0.0645602728   0.0369105828   0.0350087912   0.2064846711  -0.1396258467
       -0.0002763693  -0.0213435555   0.0270700815   0.0258563241  -0.0055604638
       -0.0027311324  -0.0006354295   0.0008267373   0.0009154771   0.0004527519
        0.0006848079  -0.0004815068  -0.0007474136   0.0005336146   0.0002245951
        0.0001514261  -0.0006475982   0.0000704007  -0.0001466827  -0.0007742508
       -0.0007115137  -0.0002882771  -0.0005995961  -0.0020684591   0.0004428857
        0.0001405207  -0.0002022197   0.0000135341   0.0000566262  -0.0000564054
       -0.0002793561   0.0000542474  -0.0000549188  -0.0001452480   0.0000417102
       -0.0000984602   0.0000495180   0.0000213955  -0.0001938268   0.0001917914
       -0.0002681702  -0.0001552609  -0.0000875261   0.0008042178   0.0014344699
        0.0004774386  -0.0018203323  -0.0007722886   0.0007983690   0.0001188588
        0.0005572864   0.0003096577   0.0000052641   0.0001440035  -0.0000725301
        0.0000816689  -0.0002554182   0.0002583309   0.0007813912  -0.0003562266
        0.0001484071  -0.0038339468  -0.0012897769  -0.0012397332  -0.0001229517
       -0.0000465613   0.0001075840  -0.0000052224   0.0000149502   0.0000273999
       -0.0000059098  -0.0000325587   0.0000303929  -0.0000128494  -0.0000926991
        0.0000170275   0.0001162380  -0.0001292790   0.0001422605  -0.0009749263
        0.0012195328   0.0013518859  -0.0001144047  -0.0000618901  -0.0000367375
        0.0000072050   0.0000747149   0.0001359431   0.0000905334   0.0001270251
        0.0000587713   0.0002427625   0.0001274152   0.0001194831   0.0000505493
        0.0000557178   0.0000417762  -0.0000491582   0.0000746011   0.0000842238
       -0.0000552259   0.0001255265   0.0000244217  -0.0000053102   0.0000926939
       -0.0000527906   0.0001438310   0.0000442027   0.0003013893  -0.0010732345
       -0.0001216808   0.0000096611  -0.0000532445  -0.0001628321  -0.0000234851
       -0.0001133260  -0.0000855828  -0.0001457690  -0.0001761673   0.0000371316
       -0.0000688067   0.0000447832   0.0000907912  -0.0000011197
        0.0113304359  -0.0252958041   0.0143236773   0.0450892171  -0.0895606985
        0.0350401408   0.0203414013  -0.0121117960  -0.0129300453   0.0114349791
        0.0119603746   0.0043786882  -0.0035202146  -0.0076848270   0.0012474399
        0.0006894122   0.0004202333   0.0003177279  -0.0002263197   0.0002141932
       -0.0000219610   0.0003017290  -0.0001523703  -0.0002114778   0.0000314543
        0.0002148888  -0.0000240912   0.0000695412   0.0001958280  -0.0001071408
       -0.0000677613   0.0001092016   0.0000233337   0.0000315717   0.0003577086
       -0.0000385248  -0.0006392648  -0.0001091583   0.0001070020   0.0034563872
        0.0006973528  -0.0008110926   0.0088769440  -0.0325011065  -0.0309380277
        0.0345566265  -0.1132880325  -0.0784673301  -0.1396258467   0.2726902507
        0.0800213478   0.0114816158  -0.0063610336  -0.0108982264   0.0006111334
        0.0025956025  -0.0008482198  -0.0004655418  -0.0002198346   0.0000279282
       -0.0008120215   0.0000961849   0.0008391632  -0.0000482223   0.0001179519
        0.0000734808  -0.0000854957  -0.0001164431   0.0003652884   0.0018410552
       -0.0010371926  -0.0018655728  -0.0058169066  -0.0005581738  -0.0024515965
        0.0001294178  -0.0002029692   0.0000842516   0.0000196676   0.0001721442
        0.0001891054  -0.0000136243   0.0000298408   0.0000695292  -0.0000448718
        0.0001191105  -0.0000075040   0.0000117974   0.0001757127  -0.0000464300
        0.0001384245   0.0001634470   0.0000217089  -0.0015053308  -0.0016134842
        0.0006746948  -0.0004777270  -0.0008090700   0.0014463377  -0.0000027279
        0.0001772833   0.0002036881  -0.0000984620   0.0001613292  -0.0001339647
       -0.0001679924  -0.0001288119  -0.0002878084   0.0002760664   0.0006827521
        0.0006093240   0.0027725895   0.0016539049   0.0022496950  -0.0000481108
       -0.0000108804  -0.0000804871  -0.0001543509  -0.0000836667   0.0000288472
       -0.0000407556  -0.0001398767   0.0000399829   0.0000649015  -0.0000730305
        0.0000377025  -0.0002588676   0.0002365335  -0.0002034753   0.0005652501
       -0.0005667743  -0.0004184890   0.0003301524  -0.0000302749  -0.0001009974
        0.0000600495  -0.0001291364  -0.0002813317  -0.0000681255  -0.0003948618
       -0.0002874284  -0.0000096630  -0.0000010558  -0.0000715319  -0.0000485023
       -0.0000615005  -0.0001240002  -0.0000388021  -0.0000075823  -0.0000296955
       -0.0000291689  -0.0000351834  -0.0000181325  -0.0000710884  -0.0000185806
       -0.0000120592  -0.0001145219  -0.0001285441  -0.0000915963  -0.0000747112
       -0.0001264497  -0.0004721495   0.0001111377   0.0001959433   0.0000024103
        0.0000005606   0.0000540424  -0.0000128099   0.0001103509   0.0000176080
        0.0000389815  -0.0001588705   0.0000487815  -0.0001682797
       -0.0053911603   0.0101876540   0.0055532654  -0.0486229184   0.0466839988
       -0.0721053065   0.0200567077  -0.0170579429   0.0000043089  -0.0210550092
        0.0026583594  -0.0126779740  -0.0001269720   0.0009774645   0.0005948616
       -0.0009116631  -0.0002240826   0.0008285941  -0.0000911016   0.0007826194
       -0.0000195246   0.0004183270  -0.0003075372  -0.0000359947   0.0002146553
        0.0002619692  -0.0000466011   0.0001789233   0.0000629685  -0.0000918957
       -0.0001940558   0.0000629412   0.0000773656  -0.0000399116   0.0002754396
        0.0001106377  -0.0001585609  -0.0011517257  -0.0001082091   0.0001974359
        0.0036118746  -0.0018810546   0.0059107422  -0.0243780313  -0.0177872083
        0.0347356561  -0.0841119013  -0.1222553049  -0.0002763693   0.0800213478
        0.2235233882   0.0124736745  -0.0121758829  -0.0091735753   0.0023735289
       -0.0019465682   0.0039692738  -0.0002114146  -0.0005839702  -0.0006969686
       -0.0008065761   0.0012371557  -0.0002591889  -0.0001054465  -0.0000849401
       -0.0000356647   0.0000876748   0.0006374694  -0.0002610881   0.0010222969
       -0.0006250690  -0.0006861956  -0.0009095290  -0.0062184536   0.0048653316
        0.0000066243  -0.0000912765  -0.0000475016   0.0001568253   0.0002084827
       -0.0001450579   0.0000254439  -0.0000110379  -0.0000109818   0.0000153174
       -0.0000180422   0.0000560234   0.0000635316  -0.0001154068   0.0001130194
       -0.0000059558  -0.0001171271  -0.0002391042  -0.0010209514   0.0009039084
       -0.0006589508   0.0000270661   0.0004205534   0.0002856666   0.0000619923
        0.0002488733   0.0001769664  -0.0001268343   0.0001876737  -0.0000360121
       -0.0001085667  -0.0001694572  -0.0000901417  -0.0000831634   0.0000037047
        0.0004140675   0.0017481823   0.0004915711   0.0000224999  -0.0001298828
       -0.0001159221  -0.0001365449  -0.0001372409  -0.0000265118   0.0000052642
       -0.0000580697  -0.0001382854   0.0000216029   0.0000541875  -0.0000702186
        0.0000204810  -0.0001294879   0.0000579165  -0.0002600779   0.0002677348
       -0.0003037339  -0.0006642027   0.0002080972  -0.0000273514  -0.0000733001
        0.0000735496  -0.0002974836   0.0000067236  -0.0000857321  -0.0002201299
       -0.0001881568   0.0001234930  -0.0001066260   0.0000302963  -0.0001266083
       -0.0000658024   0.0000995830  -0.0001018040   0.0000450493   0.0000720488
       -0.0000732135   0.0000563025   0.0000311678  -0.0000281412   0.0000050551
        0.0000082774   0.0000062174   0.0000101996   0.0003130735   0.0004293853
        0.0005976208  -0.0002539352   0.0000393644   0.0000698992  -0.0000408984
        0.0000629782   0.0000119792  -0.0000095034   0.0000945168   0.0000030506
       -0.0000038544  -0.0000177896  -0.0000225841  -0.0002238104
       -0.0003231106  -0.0000385548  -0.0005766577   0.0032998868  -0.0020567526
        0.0024477612  -0.0007622382   0.0004804193   0.0000836435  -0.0008638407
       -0.0005121306  -0.0011880489  -0.0006101990   0.0015492221   0.0007901670
        0.0005169925   0.0001098422  -0.0002223291  -0.0000393502  -0.0002239728
        0.0000845097   0.0000748493  -0.0001209992   0.0001463208  -0.0000707266
       -0.0000437735   0.0000446890   0.0000000822  -0.0000245925  -0.0000501388
       -0.0000275129  -0.0000182602   0.0000449048  -0.0002435586   0.0001392649
        0.0000869087  -0.0011593370  -0.0010462562   0.0001664920   0.0031106989
       -0.0033287040  -0.0007652778  -0.0465866064  -0.0503539101  -0.0309465040
       -0.2430081448   0.0100246446   0.0513278467  -0.0213435555   0.0114816158
        0.0124736745   0.5774051253   0.0226044826  -0.0555095639  -0.1274131483
        0.0453690227   0.0494848815   0.0320717508   0.0199717259   0.0080689455
       -0.0015399473  -0.0164177199  -0.0128032238   0.0138997767   0.0053716223
        0.0023218129  -0.0110716847   0.0047738977   0.0071864003  -0.0031114727
       -0.0116097592  -0.0086965079  -0.0156135945   0.0223025011   0.0229865060
        0.0000220258   0.0000392415  -0.0000906008   0.0000287273  -0.0000714999
        0.0000022871   0.0000086376  -0.0000157858  -0.0000004690   0.0000017609
       -0.0000093762  -0.0000031267   0.0000045814  -0.0000215004  -0.0000096499
        0.0000099169  -0.0000203236   0.0000288869  -0.1206723810  -0.0607001899
       -0.0435444463   0.0046444093  -0.0070354590  -0.0011802145   0.0041101070
        0.0019694445  -0.0025673697  -0.0007332534  -0.0003041496  -0.0004003673
       -0.0006059512   0.0029486290  -0.0052497206  -0.0265676489  -0.0145729590
       -0.0167286687   0.0001159335  -0.0001919648  -0.0000599780   0.0000185837
       -0.0000037989  -0.0000086915   0.0000272014   0.0000043319   0.0000205167
        0.0000120497   0.0000203145  -0.0000020023  -0.0000026185   0.0000232550
        0.0000098516  -0.0000530029  -0.0001147165   0.0000543232  -0.0150283058
        0.0194519604   0.0193952622  -0.0002454108  -0.0000619968  -0.0002017128
       -0.0000783942   0.0000090113  -0.0002270998  -0.0000673549   0.0002900752
       -0.0000909451   0.0001460535   0.0001468405  -0.0001088273   0.0000001263
        0.0000177617   0.0000042490   0.0000080664  -0.0000045622  -0.0000041334
        0.0000024921  -0.0000021101   0.0000005622  -0.0000021288   0.0000021119
        0.0000044005  -0.0000159119   0.0000115626  -0.0000096347  -0.0003976023
        0.0008524394   0.0019295910   0.0001313943   0.0004900761   0.0003206827
       -0.0004081663   0.0000862608   0.0009416869  -0.0006269966  -0.0006350124
       -0.0005219504  -0.0003780743  -0.0009807873   0.0013100960
       -0.0002663900  -0.0004366319   0.0004752636  -0.0013048690   0.0021484189
       -0.0024388058   0.0012494796  -0.0012167154  -0.0005464023   0.0008001672
        0.0005500313   0.0000130788  -0.0008008762  -0.0011451724   0.0005690414
        0.0000044206   0.0002457555   0.0004580107  -0.0000356482   0.0000493702
       -0.0000157343   0.0000790582   0.0002117921   0.0002837731   0.0000117900
       -0.0000218068  -0.0000256799  -0.0000044022   0.0000403235  -0.0000185545
        0.0000707968  -0.0000079312  -0.0000312890   0.0000193042  -0.0000406150
       -0.0000794803   0.0001971068   0.0003040762  -0.0000159029  -0.0043940072
        0.0001618243  -0.0048593363  -0.0169918852   0.0072146954   0.0121399390
       -0.0363643385  -0.0690662804  -0.0035627802   0.0270700815  -0.0063610336
       -0.0121758829   0.0226044826   0.4635144109   0.2501271583   0.0908597902
       -0.1940783421  -0.1421960547  -0.0138640008  -0.0418529198  -0.0315210316
       -0.0035633137   0.0078264638   0.0031068354  -0.0063061215  -0.0033154389
       -0.0022975306   0.0048315156  -0.0010528741  -0.0023065162   0.0007354821
        0.0027573938   0.0019468907   0.0115919079  -0.0061192484  -0.0057649407
       -0.0000329042  -0.0000090316   0.0000187588  -0.0000111572   0.0000283388
        0.0000254152  -0.0000009065   0.0000093439   0.0000031624   0.0000020532
       -0.0000066446   0.0000077944  -0.0000030720   0.0000188528   0.0000123397
        0.0000088413   0.0000110526  -0.0000149941  -0.0611877592  -0.1305307146
       -0.0480714761  -0.0165371881  -0.0319542652  -0.0155529951   0.0027165754
       -0.0044179415   0.0014908696  -0.0006173387  -0.0010040941  -0.0003459784
        0.0025083364   0.0014652583   0.0017479771  -0.0064596493   0.0065505237
       -0.0006202358   0.0001218375  -0.0000185947  -0.0000251852  -0.0000222470
       -0.0000350959  -0.0001024151   0.0000056870   0.0000157334   0.0000252440
        0.0000108814  -0.0000107091  -0.0000016773   0.0000112388   0.0000055145
        0.0000016880  -0.0000821281  -0.0000963344   0.0000133860   0.0024927450
       -0.0010968279  -0.0007505067  -0.0000209542   0.0000405201   0.0001642582
       -0.0001098560  -0.0005427578   0.0002672604   0.0000455947  -0.0000236263
        0.0001330232   0.0001795635   0.0000560069   0.0001850458  -0.0000132207
       -0.0000071158  -0.0000093932   0.0000014903  -0.0000005012   0.0000048686
       -0.0000008172  -0.0000038476   0.0000093196  -0.0000066136  -0.0000113144
        0.0000136255  -0.0000155437  -0.0000105012   0.0000228621  -0.0006989908
        0.0009603733  -0.0003599560  -0.0008292088  -0.0008535084  -0.0004287617
        0.0001012536   0.0001672360   0.0000782687   0.0006796444   0.0003300895
        0.0002726879   0.0015342820   0.0006650361   0.0005216505
       -0.0004706694  -0.0004416853   0.0001221936  -0.0005488938   0.0033628982
       -0.0015641546   0.0008550975  -0.0007555577  -0.0004389946   0.0006293505
       -0.0003572222   0.0006813173   0.0011521184  -0.0006880957  -0.0006662216
       -0.0001972847  -0.0002230893  -0.0001686283   0.0001145561   0.0000471591
       -0.0000476988  -0.0001540066  -0.0003894901   0.0000468075  -0.0001409758
        0.0000300244   0.0000288665   0.0000083901   0.0000436931   0.0000309603
        0.0000469643   0.0000066653  -0.0000246826   0.0000602794   0.0000862464
        0.0000020017  -0.0010351253   0.0004012284   0.0003306402  -0.0010040731
       -0.0049598321   0.0038867137  -0.0001531393   0.0218356002   0.0180031770
        0.0103741497  -0.0184452561  -0.0631630162   0.0258563241  -0.0108982264
       -0.0091735753  -0.0555095639   0.2501271583   0.3435572054   0.0884172045
       -0.1280205684  -0.1645999561  -0.0181423723  -0.0400270275  -0.0281895457
       -0.0017816061   0.0054094396   0.0105250553  -0.0085523071  -0.0044499781
       -0.0021166737   0.0068200165  -0.0023213944  -0.0035432137   0.0014507562
        0.0051897368   0.0039729018   0.0122379427  -0.0084110017  -0.0134395510
        0.0000290552   0.0000445904   0.0000269460  -0.0000086231   0.0000015750
        0.0000469119  -0.0000123212   0.0000018872   0.0000069906  -0.0000032460
        0.0000027877   0.0000043380  -0.0000142168   0.0000251391  -0.0000040229
        0.0000193156   0.0000091787  -0.0000351638  -0.0434547374  -0.0471558241
       -0.0853632912   0.0014847474  -0.0070473841  -0.0004507049  -0.0022610623
        0.0012286107   0.0058587330  -0.0005599539  -0.0004363415  -0.0007041970
       -0.0049607257   0.0020694572   0.0040588262  -0.0192769829  -0.0093838071
       -0.0094993605   0.0000652865   0.0000231645   0.0000421733   0.0000159315
        0.0000256646   0.0000588297  -0.0000192473  -0.0000343700   0.0000151353
        0.0000132526   0.0000002783  -0.0000001626   0.0000064152   0.0000048285
       -0.0000184235  -0.0000125842  -0.0000226730   0.0000187732   0.0050385246
       -0.0056968377  -0.0038284672  -0.0000466861   0.0001609232   0.0001137699
       -0.0002473592   0.0001932523  -0.0004787550   0.0000398047  -0.0000668366
        0.0001026297   0.0000527184   0.0001254951   0.0000177515  -0.0000025387
        0.0000005982  -0.0000068445   0.0000098818  -0.0000064960  -0.0000053472
        0.0000073842  -0.0000128476   0.0000033098  -0.0000017516  -0.0000200697
        0.0000139410  -0.0000100847  -0.0000087158   0.0000080508   0.0014274658
        0.0006113049  -0.0013022521   0.0001361540   0.0003037457   0.0002138258
        0.0009411782   0.0000994525  -0.0011586185  -0.0003548424  -0.0004358266
       -0.0003203877   0.0016267155  -0.0007553287  -0.0014868652
        0.0003020315  -0.0001303793   0.0000317431  -0.0016114449   0.0003233538
        0.0004289553  -0.0001347026   0.0002101432  -0.0000495350   0.0003222824
        0.0002630556   0.0000242680   0.0001345467  -0.0005064208  -0.0001449231
       -0.0000517499   0.0000008667   0.0001364418   0.0000137586   0.0000365508
       -0.0000240230   0.0000168765   0.0000820663   0.0000208185   0.0000115344
       -0.0000293002  -0.0000115414  -0.0000258383   0.0000431803  -0.0000477717
        0.0001027634   0.0000099576  -0.0000323881  -0.0002195936  -0.0000954050
        0.0000362226   0.0003914410   0.0003597185  -0.0000356169  -0.0012972010
        0.0003442700  -0.0000881212   0.0034243875  -0.0021732610  -0.0044544596
       -0.0227883094   0.0196215823   0.0219024087  -0.0055604638   0.0006111334
        0.0023735289  -0.1274131483   0.0908597902   0.0884172045   0.6329790780
        0.0269333105  -0.0789517164  -0.1620082515  -0.1022331181  -0.0643152324
        0.0074473462  -0.0033872094  -0.0041656431   0.0050938037   0.0038817277
        0.0039503899  -0.0036803101   0.0009728136   0.0017347098  -0.0058464370
       -0.0025304041   0.0007542772  -0.0353595297  -0.0171738599  -0.0063725719
        0.0000148069  -0.0000200245   0.0000184077  -0.0000137948   0.0000098483
        0.0000163597   0.0000010013   0.0000061200  -0.0000101326   0.0000027877
       -0.0000081333   0.0000117542  -0.0000060157   0.0000191271   0.0000187970
       -0.0000091117   0.0000103492  -0.0000093593   0.0086229511  -0.0096011671
       -0.0090775140  -0.0016275568  -0.0022217914  -0.0018042787  -0.0002727370
       -0.0004250306   0.0007118481  -0.0000506645  -0.0001411210  -0.0000396022
       -0.0002742639   0.0002731437   0.0006545065  -0.0015206670  -0.0017475291
       -0.0009822117  -0.0000333734   0.0001154847   0.0000285868  -0.0000155136
       -0.0000110292  -0.0000088578  -0.0000048423  -0.0000020850  -0.0000032732
        0.0000191206  -0.0000173688  -0.0000006260   0.0000211705  -0.0000037942
        0.0000288528  -0.0000945790  -0.0000903290   0.0000384894  -0.2892367120
       -0.0042104525   0.0498103834   0.0009454976   0.0019628893   0.0009809996
        0.0002939540   0.0005983285   0.0005129659   0.0000157627   0.0003561339
       -0.0001143109  -0.0009549166  -0.0008432337  -0.0007295349  -0.0000016931
       -0.0000032187  -0.0000133320   0.0000019314   0.0000024686   0.0000088247
       -0.0000016461   0.0000028301   0.0000089642  -0.0000067234  -0.0000056077
        0.0000092262  -0.0000094949  -0.0000163786   0.0000314555  -0.0000353773
        0.0001294407  -0.0001549133  -0.0001265198  -0.0002374284  -0.0000630266
        0.0000644276  -0.0000520186  -0.0001905815  -0.0001046076  -0.0000423978
       -0.0000642991   0.0001545289  -0.0000801877  -0.0007419925
        0.0000845125   0.0004148078  -0.0002581403   0.0014090047  -0.0015577491
        0.0004047274  -0.0004684940   0.0002183051   0.0003593924  -0.0005444993
        0.0002169105  -0.0005231166  -0.0000571108   0.0003257538   0.0002804542
        0.0001605456   0.0000383483  -0.0000836578  -0.0000135207  -0.0000968674
        0.0000493722   0.0000299490   0.0000487799   0.0000438658   0.0000004237
       -0.0000569848   0.0000123511  -0.0000422182   0.0000107501  -0.0000385599
        0.0000332038   0.0000451351  -0.0000041469  -0.0001361106  -0.0000723760
        0.0000261843  -0.0000628195  -0.0002508372   0.0000627696   0.0009995394
       -0.0004230689  -0.0000567987  -0.0073504800  -0.0301536562  -0.0221138702
        0.0590163695   0.0148204443  -0.0030617161  -0.0027311324   0.0025956025
       -0.0019465682   0.0453690227  -0.1940783421  -0.1280205684   0.0269333105
        0.4401900022   0.2693178033  -0.0772026228  -0.1453180346  -0.0690600621
       -0.0091271338  -0.0415207615  -0.0346035241   0.0182409819   0.0085040042
       -0.0011464844  -0.0120031630   0.0031677791   0.0059346684  -0.0021434364
       -0.0046422018  -0.0082092221  -0.0338226356   0.0140618028   0.0190413767
        0.0000032621  -0.0000072454  -0.0000283375   0.0000068534  -0.0000022780
       -0.0000098908   0.0000023911  -0.0000044006  -0.0000149082   0.0000044095
       -0.0000159980  -0.0000023231   0.0000006973  -0.0000066362   0.0000070601
       -0.0000227123  -0.0000020629   0.0000116533  -0.0030636141  -0.0254589447
       -0.0224570460  -0.0017443785   0.0017786113  -0.0010161671  -0.0013460785
       -0.0010510320   0.0003423546   0.0004539142   0.0003038982   0.0002805813
       -0.0008013923  -0.0006463362   0.0002995016   0.0041019148  -0.0013767815
        0.0005416037  -0.0000143575  -0.0000728367  -0.0000846642  -0.0000126016
        0.0000017890  -0.0000039651  -0.0000035289   0.0000038638   0.0000087929
       -0.0000046311  -0.0000031460   0.0000099464   0.0000012440  -0.0000005165
        0.0000246546  -0.0000852143   0.0000180259   0.0000653231  -0.0032189609
       -0.0390032135  -0.0053201107  -0.0008763704  -0.0002268392   0.0016388628
       -0.0005085441  -0.0003787580  -0.0006083527   0.0000806139  -0.0003573813
        0.0005940925   0.0001956767  -0.0000544177  -0.0000468631  -0.0000022722
       -0.0000027049   0.0000013444  -0.0000013991   0.0000032391   0.0000043988
       -0.0000037018   0.0000042892  -0.0000011101  -0.0000036369  -0.0000002353
       -0.0000052618   0.0000050934  -0.0000035574  -0.0000001884   0.0002149219
       -0.0000765079  -0.0002717349  -0.0001064073  -0.0001311222  -0.0000802650
        0.0001560211   0.0000678402  -0.0001549649  -0.0000725223  -0.0000504531
        0.0000836870   0.0000938244   0.0002643024  -0.0002142336
       -0.0000204433   0.0002410923   0.0000696729   0.0019021958  -0.0019721938
       -0.0003204757  -0.0000635817  -0.0000499650   0.0001946941  -0.0004882809
        0.0001509976  -0.0002441238  -0.0000610080   0.0004146662   0.0002076936
        0.0001408810   0.0000286748  -0.0000773308  -0.0000112414  -0.0001048218
        0.0000550676   0.0000040389   0.0000462123   0.0000491587   0.0000166562
       -0.0000486098   0.0000094250  -0.0000361281   0.0000080363  -0.0000437209
        0.0000122174   0.0000405479   0.0000007658  -0.0001640406  -0.0000930950
        0.0000588681  -0.0000708021  -0.0002186026   0.0000229860   0.0008832158
       -0.0002607948  -0.0001781627  -0.0064382992  -0.0226644093  -0.0193868435
        0.0532791203   0.0082025910  -0.0076779495  -0.0006354295  -0.0008482198
        0.0039692738   0.0494848815  -0.1421960547  -0.1645999561  -0.0789517164
        0.2693178033   0.3495450907  -0.0439143465  -0.0635247151  -0.0969612095
       -0.0099870641  -0.0356528173  -0.0284080204   0.0152457950   0.0009132103
        0.0035263239  -0.0090098540   0.0025150996   0.0042707945   0.0010031944
       -0.0084302781  -0.0016066204  -0.0204203212   0.0143430438   0.0191179922
       -0.0000084738   0.0000057544  -0.0000207171   0.0000033811   0.0000027458
       -0.0000040879   0.0000046826   0.0000003504  -0.0000130298   0.0000102856
       -0.0000158304   0.0000023009  -0.0000015254  -0.0000012415   0.0000157204
       -0.0000072864   0.0000001670  -0.0000115587  -0.0009082277  -0.0166746929
       -0.0127204489  -0.0008675065   0.0016678916  -0.0000596685  -0.0007731587
       -0.0006992529   0.0002543125   0.0002607790  -0.0002429785   0.0002339304
       -0.0001696929   0.0000154441   0.0006045806   0.0014035157  -0.0008341030
       -0.0006712498   0.0000520108  -0.0000747504  -0.0000736121  -0.0000085908
       -0.0000031052  -0.0000083834  -0.0000011596   0.0000033250   0.0000056215
       -0.0000047957  -0.0000043947   0.0000032755  -0.0000026053  -0.0000153523
        0.0000157447  -0.0000561427   0.0000181257   0.0000479725   0.0505746561
       -0.0042647603  -0.0469813705  -0.0014257972   0.0011383753  -0.0006546841
       -0.0004805733  -0.0006951900  -0.0004576541  -0.0001972216   0.0008480042
       -0.0007683435   0.0003953416   0.0003227475   0.0000672669  -0.0000035366
       -0.0000031240   0.0000089788  -0.0000002935   0.0000019555   0.0000104098
       -0.0000026166   0.0000050856   0.0000049000   0.0000034788  -0.0000021147
        0.0000017179   0.0000064753   0.0000047126   0.0000077047   0.0002226837
       -0.0002231022  -0.0001229974  -0.0000260459  -0.0000625998  -0.0000692461
        0.0001423928  -0.0000066836  -0.0001011396   0.0000480439  -0.0000335515
        0.0000407361   0.0001178836  -0.0003352551  -0.0001803752
       -0.0001266721  -0.0001117040   0.0000609321  -0.0001613835   0.0006226392
        0.0001510122   0.0000854377  -0.0000026239  -0.0001428796   0.0002030865
       -0.0003698074   0.0002814479  -0.0006880714   0.0003661362   0.0001719753
        0.0000536222   0.0000064608  -0.0001177297   0.0000051125  -0.0000234641
        0.0000025148  -0.0000242298  -0.0001739117  -0.0001222662   0.0000315273
        0.0001424417  -0.0000184645   0.0001918256  -0.0000032608   0.0000673487
        0.0000870745  -0.0000791475  -0.0000108164  -0.0000871682   0.0003967608
       -0.0005081671  -0.0004571417  -0.0001477572  -0.0001424306   0.0014726153
        0.0008171018   0.0007117237  -0.0172279172   0.0344027648   0.0343951338
       -0.0280284582  -0.0127158050  -0.0042223234   0.0008267373  -0.0004655418
       -0.0002114146   0.0320717508  -0.0138640008  -0.0181423723  -0.1620082515
       -0.0772026228  -0.0439143465   0.6047166048   0.0625160167  -0.0581362474
       -0.1180101724   0.0425268952   0.0524754919   0.0294141832   0.0025769844
       -0.0043966582  -0.0181382969   0.0113050066   0.0131711034  -0.0343856357
       -0.0334110046  -0.0233990539  -0.2523034996  -0.0108614179   0.0411752379
       -0.0000138622  -0.0000096862   0.0000035001   0.0000034869  -0.0000131714
       -0.0000024912  -0.0000062463   0.0000026649   0.0000157014  -0.0000077505
        0.0000121321  -0.0000080964   0.0000028856  -0.0000129591  -0.0000144425
        0.0000093094   0.0000001986   0.0000159878   0.0006763896   0.0016236706
        0.0034099687   0.0001723279  -0.0004333539  -0.0001897100   0.0002798637
        0.0000393792  -0.0001351552  -0.0000485818  -0.0000288188  -0.0000375659
        0.0002988443   0.0001828552  -0.0000821497  -0.0003133033   0.0003372968
        0.0001404519  -0.0000063866   0.0000355607   0.0000459834   0.0000514740
        0.0000034828   0.0000271582   0.0000366336  -0.0000148324  -0.0000247002
        0.0000399361   0.0000264230  -0.0000187542  -0.0000130296  -0.0000327323
       -0.0000436643   0.0001692723  -0.0002940743   0.0003148994  -0.0212818086
       -0.0184367775  -0.0113810433  -0.0152572272   0.0170037511   0.0201460170
       -0.0011801306  -0.0040558779  -0.0010422087   0.0000417626   0.0004166986
        0.0004618442  -0.0009289324  -0.0026743764  -0.0008966077   0.0000091757
        0.0000032151  -0.0000078241   0.0000012265  -0.0000055029  -0.0000096299
        0.0000013291  -0.0000059181  -0.0000064721   0.0000010289   0.0000061042
       -0.0000037819  -0.0000090981   0.0000114647  -0.0000113963  -0.0000485185
        0.0000311619   0.0000377734  -0.0000226882   0.0000306514   0.0000238632
       -0.0000360121   0.0000150708   0.0000656705   0.0000520882   0.0000292635
       -0.0000086053  -0.0001861380  -0.0000401027   0.0000367291
       -0.0000201300  -0.0002175302   0.0001841812  -0.0005064518   0.0003630866
       -0.0001709305   0.0001230960  -0.0000009534  -0.0000661637   0.0001674356
       -0.0001004121   0.0001533634  -0.0000864972   0.0002904228   0.0000517373
        0.0001106018   0.0001257600   0.0004603827  -0.0000826316   0.0001083114
       -0.0000250503   0.0002251814   0.0000200081   0.0000697109   0.0000274060
        0.0000648706  -0.0000079250   0.0000602227  -0.0000558163   0.0000160391
       -0.0000993552  -0.0000447831   0.0000288561   0.0000526088   0.0000675244
       -0.0000051396   0.0003362511  -0.0002521715  -0.0000098737   0.0005455275
       -0.0002482118  -0.0048807455   0.0191390034   0.0175526994   0.0087869829
       -0.0271304829  -0.0105997830   0.0012142672   0.0009154771  -0.0002198346
       -0.0005839702   0.0199717259  -0.0418529198  -0.0400270275  -0.1022331181
       -0.1453180346  -0.0635247151   0.0625160167   0.4293141415   0.2534009829
        0.0657749507  -0.1358620766  -0.0928575298  -0.0322469119  -0.0389151092
       -0.0298020639   0.0248791022  -0.0095138986  -0.0090687528  -0.0167412766
        0.0154900772   0.0165147662  -0.0095988608  -0.0850182909  -0.0232700138
       -0.0000153460   0.0000045551  -0.0000237776   0.0000035109  -0.0000068298
       -0.0000057357  -0.0000021665   0.0000050871   0.0000107476  -0.0000058959
        0.0000082804  -0.0000046498   0.0000042544  -0.0000046772  -0.0000105856
        0.0000147442  -0.0000057912   0.0000015547   0.0022355556   0.0020952466
       -0.0046147485   0.0001210628  -0.0004770946  -0.0000660333  -0.0002132723
        0.0001742340   0.0003750719  -0.0000273008  -0.0000272571  -0.0000525271
       -0.0001535341   0.0002653383   0.0002963115  -0.0009698869  -0.0004174189
       -0.0000826337  -0.0000435852   0.0000322714   0.0000363220  -0.0000156053
       -0.0000258093  -0.0000768647   0.0000146964   0.0000110317   0.0000155494
       -0.0000044410   0.0000024030  -0.0000058792  -0.0000116949  -0.0000025849
        0.0000141369  -0.0001197797   0.0000699914   0.0001657325  -0.0024968276
       -0.0000963115  -0.0004725104   0.0015648411   0.0006226978  -0.0011092355
       -0.0033676981   0.0020560211  -0.0061271678   0.0006539180  -0.0000280491
        0.0003565023  -0.0032334336   0.0003490417  -0.0046655698  -0.0000023442
        0.0000004162   0.0000036558  -0.0000013552  -0.0000021892  -0.0000052109
        0.0000001685  -0.0000035301  -0.0000032344   0.0000009858   0.0000018648
       -0.0000000574  -0.0000036707  -0.0000008891  -0.0000063459   0.0000539669
        0.0001440371  -0.0001694631   0.0000117388   0.0000494639   0.0000160938
        0.0000417063   0.0000243350  -0.0000536031   0.0000027209   0.0000065951
       -0.0000427198  -0.0001349232  -0.0000015559  -0.0002744939
       -0.0000234475  -0.0001567373   0.0000901088  -0.0002436131   0.0003623739
       -0.0000328000   0.0000606680   0.0000023549  -0.0000352011   0.0001282539
        0.0000938591   0.0001381502   0.0012891031   0.0000630056  -0.0004865443
        0.0001698918  -0.0002433013   0.0001099803  -0.0000185024  -0.0000042682
        0.0000152123  -0.0000335485  -0.0001215806   0.0000428637  -0.0000493646
       -0.0000123152   0.0000311859  -0.0000283657   0.0000037077   0.0000108167
        0.0000099434   0.0000563670  -0.0000161853   0.0000584570   0.0000216142
        0.0000470149  -0.0005588296  -0.0000247136   0.0001279936   0.0019876701
       -0.0050154843   0.0005094116   0.0223896966   0.0043729218  -0.0015502896
       -0.0167134860  -0.0014229196  -0.0023862918   0.0004527519   0.0000279282
       -0.0006969686   0.0080689455  -0.0315210316  -0.0281895457  -0.0643152324
       -0.0690600621  -0.0969612095  -0.0581362474   0.2534009829   0.3751217503
        0.0751032184  -0.0871200850  -0.1484267206  -0.0349495404  -0.0373174429
       -0.0251085892   0.0244046007  -0.0055198901  -0.0166258062  -0.0076597178
        0.0184603010   0.0201204945   0.0394951006  -0.0202959386  -0.0843415109
        0.0000629296   0.0000362329  -0.0000356499   0.0000168900  -0.0000239922
        0.0000014292  -0.0000050978  -0.0000054940   0.0000066086  -0.0000041895
        0.0000095782  -0.0000036899  -0.0000022541  -0.0000016793  -0.0000070976
        0.0000104216  -0.0000077627   0.0000023187   0.0037034497  -0.0055142401
        0.0043924012  -0.0011457949  -0.0018933132  -0.0010616509   0.0004005978
       -0.0004382861   0.0000463369  -0.0000337448   0.0001091639  -0.0000329166
        0.0003300510  -0.0000008744  -0.0001055053   0.0001602449   0.0006690254
        0.0007570492  -0.0000269734   0.0000126746   0.0000265290   0.0000038162
        0.0000058038   0.0000024168  -0.0000108615  -0.0000145146   0.0000012972
       -0.0000099572   0.0000014245   0.0000057114  -0.0000069466  -0.0000007987
        0.0000117519   0.0001078129   0.0001857416  -0.0000716369   0.0026337706
        0.0026422335   0.0031312176   0.0052049840  -0.0044151298  -0.0045531226
       -0.0007537013  -0.0060474930   0.0042441463   0.0005224798   0.0001528181
       -0.0000092177  -0.0016557497  -0.0048214296   0.0018513146  -0.0000011932
        0.0000043450   0.0000088874   0.0000030873  -0.0000021537  -0.0000028736
        0.0000031496  -0.0000029764  -0.0000005430   0.0000012326  -0.0000021495
        0.0000006577   0.0000022748  -0.0000005712  -0.0000107699  -0.0001719462
        0.0001373999  -0.0000279321  -0.0001138985  -0.0000815957  -0.0000537780
       -0.0000438379   0.0000288240   0.0000473246   0.0000577232   0.0000630522
        0.0000337046  -0.0001271748   0.0001864906  -0.0001020389
        0.0001355328  -0.0003198411   0.0001095971  -0.0008638874   0.0007621701
       -0.0001045083   0.0002850809  -0.0002283192  -0.0002716844   0.0002599579
       -0.0001106691   0.0001566282  -0.0002285565  -0.0000884267   0.0000416793
       -0.0000784540   0.0000591884  -0.0001425924   0.0000092383  -0.0000180418
        0.0000047963   0.0000103753   0.0000047678  -0.0000415727  -0.0000316771
       -0.0000313115   0.0000161118  -0.0000154215   0.0000313455  -0.0000000525
        0.0000445152  -0.0000060919  -0.0000114260  -0.0000890090  -0.0000066473
        0.0000220022   0.0001350955  -0.0000076671  -0.0000881388  -0.0005970141
        0.0009147354   0.0010388103  -0.0052708381  -0.0015928293   0.0016369756
       -0.0004359286   0.0004190568   0.0006010034   0.0006848079  -0.0008120215
       -0.0008065761  -0.0015399473  -0.0035633137  -0.0017816061   0.0074473462
       -0.0091271338  -0.0099870641  -0.1180101724   0.0657749507   0.0751032184
        0.6599560558   0.0981421742  -0.0350858591  -0.1914257986  -0.1418889523
       -0.0970093232  -0.0499020576  -0.0169806786  -0.0046279491   0.0024405194
       -0.0067631690  -0.0075556564  -0.0166384084   0.0201547565   0.0221950855
       -0.0000098290   0.0000360176  -0.0000009447  -0.0000084903  -0.0000103333
        0.0000382061  -0.0000056186   0.0000073996   0.0000050300  -0.0000039636
        0.0000049286   0.0000036920  -0.0000061761   0.0000213435  -0.0000035325
        0.0000277946   0.0000062233  -0.0000286635   0.0006315649  -0.0004023137
       -0.0002481538  -0.0002729091  -0.0001742716  -0.0001629640  -0.0000075794
        0.0000216832   0.0000551692  -0.0000025935   0.0000039354   0.0000051364
        0.0000085295   0.0000119995   0.0000835846  -0.0000561678  -0.0001776834
       -0.0000014589  -0.0000098173   0.0000795175   0.0000371461   0.0000141811
        0.0000121707   0.0000187312   0.0000076055   0.0000026254  -0.0000072100
        0.0000174528   0.0000041064  -0.0000085943  -0.0000006837   0.0000030034
        0.0000055162  -0.0000732567   0.0000306702   0.0000814874   0.0008061479
       -0.0013289991  -0.0016358156  -0.2883757331  -0.0083538285   0.0521794604
        0.0061281132   0.0063661630   0.0048361854  -0.0058617603  -0.0007196386
        0.0016301138   0.0008032995  -0.0000228782  -0.0001910717  -0.0000043250
        0.0000031802  -0.0000105688   0.0000071777  -0.0000032185  -0.0000063845
        0.0000063181  -0.0000058943   0.0000012210  -0.0000010583  -0.0000147118
        0.0000105671  -0.0000120286  -0.0000138781   0.0000148797  -0.0000013580
        0.0000338247  -0.0000179926  -0.0000131961  -0.0000861401  -0.0000124400
       -0.0000262455  -0.0000391232  -0.0000320036  -0.0000556150  -0.0000155103
       -0.0000434842   0.0000688658   0.0000015989  -0.0000067426
        0.0000323197   0.0001229930  -0.0000191368   0.0003198039  -0.0005925700
       -0.0000708397  -0.0000523251   0.0000344192   0.0000839499  -0.0000972002
        0.0001911865  -0.0001602307   0.0000202551  -0.0000660553   0.0000359600
        0.0000222817  -0.0000051558  -0.0000427493   0.0000285503  -0.0000594644
        0.0000200725  -0.0001049553   0.0000497934   0.0000449640   0.0000125365
       -0.0000022170  -0.0000123971  -0.0000016360   0.0000118956   0.0000002768
        0.0000138198  -0.0000202303  -0.0000246314  -0.0000255648  -0.0000365913
       -0.0001879507   0.0000401707   0.0000395050   0.0000016335  -0.0001548098
       -0.0000144127   0.0001483188  -0.0017649948  -0.0047012331  -0.0089374094
        0.0131493716   0.0041260549   0.0000249841  -0.0004815068   0.0000961849
        0.0012371557  -0.0164177199   0.0078264638   0.0054094396  -0.0033872094
       -0.0415207615  -0.0356528173   0.0425268952  -0.1358620766  -0.0871200850
        0.0981421742   0.4184304473   0.2565936851  -0.0902132528  -0.1938725931
       -0.1184493222  -0.0561214697   0.0122939761   0.0229216984  -0.0020158973
       -0.0315802301  -0.0252705914   0.0352587733   0.0171309520   0.0070433703
        0.0000050142   0.0000017603   0.0000027054   0.0000073476   0.0000030034
       -0.0000121681   0.0000006671  -0.0000022854   0.0000008664  -0.0000015796
        0.0000005011  -0.0000018423   0.0000029826  -0.0000050424  -0.0000052930
       -0.0000065038  -0.0000055349   0.0000123760   0.0000191998  -0.0005742269
       -0.0009800781  -0.0000420913   0.0001910561  -0.0000298836  -0.0000950403
       -0.0000468784   0.0000396132   0.0000397250  -0.0000118062   0.0000257567
       -0.0000398896   0.0000065193   0.0000651939   0.0000875347  -0.0001673296
       -0.0000702590   0.0000097835  -0.0000234121  -0.0000195374  -0.0000073552
       -0.0000002773   0.0000003866  -0.0000063971   0.0000045029   0.0000001358
        0.0000032657   0.0000038655   0.0000044986   0.0000019691   0.0000121895
        0.0000021477   0.0001736897   0.0000682380  -0.0001094951   0.0013650856
       -0.0001470804   0.0009413880  -0.0088906548  -0.0397469535  -0.0029581853
       -0.0109023650  -0.0148282701  -0.0116230899  -0.0005126379   0.0035335527
       -0.0025434975  -0.0000139115  -0.0001953067  -0.0003153997   0.0000006972
       -0.0000007766   0.0000068464  -0.0000023810   0.0000013964   0.0000016764
        0.0000003904   0.0000026696  -0.0000004019  -0.0000004048   0.0000051430
       -0.0000015393   0.0000024868   0.0000061718  -0.0000080171  -0.0000034739
       -0.0000250904  -0.0000285138  -0.0000034130  -0.0000026192  -0.0000109672
        0.0000219886  -0.0000002003  -0.0000206094  -0.0000127779  -0.0000162963
       -0.0000041030   0.0000706387  -0.0000614633   0.0000219423
       -0.0000124282   0.0001904813  -0.0000442985   0.0003959783  -0.0003982854
       -0.0001035702  -0.0001676513   0.0001032954   0.0002020003  -0.0001379281
        0.0001020687  -0.0000749396  -0.0000023779   0.0000661627  -0.0000458458
        0.0000516315   0.0000101007  -0.0000068129   0.0000068704  -0.0000412124
        0.0000132465  -0.0000627503   0.0000204286   0.0000400105   0.0000176295
        0.0000146359  -0.0000135777   0.0000226671  -0.0000067655   0.0000008927
       -0.0000059825  -0.0000255111  -0.0000133729  -0.0000581886  -0.0000058726
       -0.0001645093  -0.0000087980  -0.0000354988   0.0000041292   0.0002136340
       -0.0000229855  -0.0002477729   0.0009500090  -0.0088340669  -0.0024101166
        0.0114017025   0.0032663670   0.0005574523  -0.0007474136   0.0008391632
       -0.0002591889  -0.0128032238   0.0031068354   0.0105250553  -0.0041656431
       -0.0346035241  -0.0284080204   0.0524754919  -0.0928575298  -0.1484267206
       -0.0350858591   0.2565936851   0.3575666454  -0.0486133211  -0.1064310576
       -0.1310213474  -0.0410716625   0.0140724758   0.0238070395  -0.0032408741
       -0.0246038188  -0.0252793976   0.0381713114   0.0102916402   0.0018211338
        0.0000004772  -0.0000101211   0.0000027985   0.0000058859  -0.0000000105
       -0.0000232810   0.0000023470  -0.0000048508   0.0000021196   0.0000002750
        0.0000006341  -0.0000034625   0.0000044493  -0.0000070387   0.0000011767
       -0.0000087565  -0.0000073147   0.0000159540  -0.0001224350  -0.0007229018
       -0.0007156975  -0.0000266332   0.0001654176  -0.0000361794  -0.0001148935
       -0.0000914814   0.0000093120   0.0000403209  -0.0000117739   0.0000360654
       -0.0000303234  -0.0000290544   0.0000474415   0.0001537266   0.0000134419
       -0.0000871437  -0.0000021946  -0.0000342266  -0.0000238192  -0.0000104166
       -0.0000058932  -0.0000038683  -0.0000052472   0.0000005882  -0.0000017387
        0.0000019658   0.0000035649   0.0000041722  -0.0000013819  -0.0000064741
        0.0000031684   0.0001302071   0.0000274199  -0.0000758280   0.0007154030
        0.0017985210  -0.0006140523   0.0512166308  -0.0037491495  -0.0482363977
       -0.0113187633  -0.0156195408  -0.0112690183   0.0019596528  -0.0023321996
        0.0033374841  -0.0002126230  -0.0000596577  -0.0004022091  -0.0000007653
       -0.0000003586   0.0000130732  -0.0000034775   0.0000010047   0.0000047380
       -0.0000013440   0.0000021238   0.0000007099   0.0000023921   0.0000036140
       -0.0000038742   0.0000034286   0.0000099862  -0.0000115468  -0.0000032938
       -0.0000466595  -0.0000256810  -0.0000014886   0.0000020149  -0.0000068110
        0.0000276100  -0.0000037645  -0.0000146869   0.0000067215  -0.0000114631
        0.0000163854   0.0000697205  -0.0000856083   0.0000425825
        0.0000426301  -0.0000063077   0.0000364382  -0.0003298626   0.0001685027
        0.0000197917   0.0001119329   0.0000032493  -0.0000614163   0.0001138756
       -0.0000849565   0.0001303411  -0.0000663140   0.0000364587   0.0000531220
        0.0000109993  -0.0000043694   0.0000148924  -0.0000317694   0.0000531767
       -0.0000061231   0.0001733367  -0.0000537220  -0.0000662831  -0.0000011067
       -0.0000118938   0.0000245236  -0.0000299906  -0.0000193415   0.0000189764
       -0.0000303370   0.0000292738   0.0000199610   0.0000515496   0.0000322676
        0.0001789106  -0.0001261917  -0.0000631906   0.0000045751   0.0004975904
       -0.0000424744  -0.0000715921  -0.0000304810   0.0125368270   0.0109064587
       -0.0152602275  -0.0064197355  -0.0019404142   0.0005336146  -0.0000482223
       -0.0001054465   0.0138997767  -0.0063061215  -0.0085523071   0.0050938037
        0.0182409819   0.0152457950   0.0294141832  -0.0322469119  -0.0349495404
       -0.1914257986  -0.0902132528  -0.0486133211   0.6174969378   0.0663881633
       -0.0461940984  -0.2835090230  -0.0336344040   0.0149725471  -0.0247954808
        0.0590396882   0.0598654808  -0.0300470548  -0.0269008974  -0.0195998643
       -0.0000115608   0.0000062009  -0.0000017060   0.0000002035  -0.0000022427
        0.0000036382  -0.0000049820   0.0000020268   0.0000052312  -0.0000092660
        0.0000073193   0.0000015715  -0.0000003053  -0.0000007601   0.0000007418
        0.0000050759   0.0000000965  -0.0000114681   0.0000088421  -0.0000585156
        0.0002614377  -0.0001058719  -0.0000548906   0.0000229927   0.0000360705
       -0.0000080209  -0.0000436317  -0.0000241396   0.0000248454  -0.0000296292
        0.0000386091  -0.0000106620  -0.0000265139   0.0000294710   0.0000314928
        0.0000972020  -0.0000181782   0.0000174673   0.0000202996  -0.0000009572
        0.0000091584   0.0000098551   0.0000034216  -0.0000098326   0.0000116111
       -0.0000011367  -0.0000076518  -0.0000000660  -0.0000008600  -0.0000305068
        0.0000204046  -0.0001599886   0.0000059798   0.0001800018  -0.0000844144
        0.0001075690   0.0003589438  -0.0215151164  -0.0195725227  -0.0137115540
       -0.0804639003   0.0611496720   0.0663605431  -0.0197353904  -0.0026560877
        0.0025922133   0.0003570270   0.0005016840   0.0025559356   0.0000015602
        0.0000018326  -0.0000030906  -0.0000034430   0.0000021442   0.0000032703
       -0.0000037841   0.0000020104   0.0000027329  -0.0000068143   0.0000016934
        0.0000020490  -0.0000049796  -0.0000044336   0.0000175682  -0.0000134373
        0.0000471454  -0.0000110751  -0.0000035973  -0.0000059546  -0.0000080566
       -0.0000129826   0.0000043945   0.0000124042  -0.0000070083   0.0000049990
       -0.0000109032  -0.0000447597   0.0000215625  -0.0000143604
        0.0000340583   0.0000366951   0.0000114422  -0.0001522112  -0.0000691148
       -0.0000295206   0.0000075348   0.0000605770   0.0000401381   0.0001137166
        0.0001579894   0.0000335313  -0.0001138026  -0.0001037329   0.0000656500
        0.0000352072   0.0000418665  -0.0000399714  -0.0000297860  -0.0000007584
        0.0000137074  -0.0000187713  -0.0000504102  -0.0000332390  -0.0000305403
        0.0000094337   0.0000025931   0.0000124124  -0.0000162427   0.0000050669
       -0.0000114989   0.0000018228   0.0000042273   0.0001102331   0.0000342815
        0.0000623113  -0.0000816330  -0.0000252277  -0.0001250152   0.0002326364
       -0.0001116658   0.0001441530   0.0001639928   0.0035326910   0.0035272165
       -0.0060736372  -0.0019058079  -0.0006408612   0.0002245951   0.0001179519
       -0.0000849401   0.0053716223  -0.0033154389  -0.0044499781   0.0038817277
        0.0085040042   0.0009132103   0.0025769844  -0.0389151092  -0.0373174429
       -0.1418889523  -0.1938725931  -0.1064310576   0.0663881633   0.4381273287
        0.2842472076   0.0219945765  -0.0726526479  -0.0269874960   0.0195523181
        0.0152029348   0.0089051565  -0.0135606304  -0.0109298335  -0.0016140108
       -0.0000004497  -0.0000222027  -0.0000014041   0.0000066096   0.0000081467
       -0.0000117489   0.0000013547   0.0000011695   0.0000015102   0.0000012607
       -0.0000011717   0.0000002867   0.0000067338  -0.0000111948   0.0000023327
       -0.0000033318  -0.0000011950   0.0000074023   0.0002826515  -0.0005595760
        0.0004633694  -0.0000922625  -0.0001709704  -0.0000535475   0.0000205106
       -0.0000728542  -0.0000151219  -0.0000033901   0.0000034351  -0.0000089792
        0.0000451127  -0.0000077221  -0.0000392660   0.0000146985   0.0001467206
        0.0000949735  -0.0000118987  -0.0000142232   0.0000030855  -0.0000038126
        0.0000022260   0.0000068746  -0.0000094023  -0.0000020563   0.0000019861
       -0.0000169266  -0.0000061202  -0.0000010988  -0.0000040716   0.0000053396
       -0.0000168422  -0.0000050905  -0.0000345091  -0.0000654590   0.0001922823
        0.0000352831   0.0002325880  -0.0025327254  -0.0006877250  -0.0013632817
        0.0612744814  -0.1440095563  -0.1147639277  -0.0191158418  -0.0007078908
        0.0021230270   0.0012407211   0.0022218929  -0.0068296243   0.0000009015
       -0.0000040245   0.0000023140  -0.0000028184   0.0000022485   0.0000039216
       -0.0000020197   0.0000052773   0.0000019446   0.0000005570   0.0000094186
       -0.0000014373   0.0000024295   0.0000014291  -0.0000023270  -0.0000271755
        0.0000379970  -0.0000092061  -0.0000138177   0.0000029349  -0.0000091658
       -0.0000070138   0.0000000317   0.0000146404   0.0000165514   0.0000023321
        0.0000095558   0.0000068765  -0.0000318838   0.0000005469
        0.0000463075   0.0000332752   0.0000111906  -0.0001654545  -0.0001187194
       -0.0000969416   0.0000039278   0.0000617129   0.0000711376   0.0001196670
        0.0002141178  -0.0000080181  -0.0000983590  -0.0002150076   0.0000497102
       -0.0000246242   0.0000201272   0.0000281804  -0.0000569527   0.0000582621
       -0.0000075523   0.0000762890  -0.0000347086  -0.0000202976  -0.0000085925
        0.0000085079   0.0000131803   0.0000202273  -0.0000162969  -0.0000039052
        0.0000024645   0.0000293558   0.0000127973  -0.0000217990   0.0000544601
        0.0000729048  -0.0000517660  -0.0000061496   0.0001041977  -0.0001228187
        0.0001524260  -0.0001122915   0.0000684193   0.0009921500   0.0009272160
       -0.0025205268  -0.0008229898   0.0002180721   0.0001514261   0.0000734808
       -0.0000356647   0.0023218129  -0.0022975306  -0.0021166737   0.0039503899
       -0.0011464844   0.0035263239  -0.0043966582  -0.0298020639  -0.0251085892
       -0.0970093232  -0.1184493222  -0.1310213474  -0.0461940984   0.2842472076
        0.3861641256   0.0682426844  -0.0148613433  -0.0782374334   0.0237992855
        0.0006470785  -0.0031686312  -0.0067988889   0.0006433849  -0.0034102429
        0.0000039647  -0.0000279647   0.0000080550   0.0000052181   0.0000072695
       -0.0000170801   0.0000021917  -0.0000031719   0.0000028122   0.0000028219
       -0.0000013074  -0.0000023982   0.0000055077  -0.0000107058   0.0000079082
       -0.0000071793  -0.0000033989   0.0000158347   0.0001172866   0.0002176718
       -0.0004937151   0.0000506179  -0.0000266429   0.0000385468  -0.0000502979
        0.0000117833   0.0000274109  -0.0000053796  -0.0000072347  -0.0000073161
       -0.0000217000   0.0000022145   0.0000161111  -0.0000781131   0.0000003581
       -0.0000150959  -0.0000103266  -0.0000200444  -0.0000014014  -0.0000046605
       -0.0000019305  -0.0000034502  -0.0000052836   0.0000006997   0.0000024230
       -0.0000150288  -0.0000021240   0.0000047013  -0.0000043664  -0.0000009561
       -0.0000052988   0.0000250230  -0.0000327948  -0.0000693640   0.0002223453
        0.0001421321  -0.0000197012   0.0028996670   0.0031627532   0.0027590041
        0.0666008030  -0.1146407405  -0.1550775402  -0.0139999705  -0.0013540753
        0.0028243089   0.0029038740  -0.0069020563   0.0022156430   0.0000003509
       -0.0000020998   0.0000074626  -0.0000024650   0.0000024224   0.0000055990
       -0.0000028346   0.0000034153   0.0000009810   0.0000010068   0.0000034283
       -0.0000062874   0.0000015321   0.0000025027  -0.0000091173  -0.0000023397
        0.0000296936  -0.0000272428   0.0000015199   0.0000165653  -0.0000034098
        0.0000059968   0.0000015583  -0.0000111425   0.0000092523   0.0000009329
        0.0000003057   0.0000179265  -0.0000330833  -0.0000189943
        0.0000009617   0.0000578848  -0.0000511496   0.0001949908  -0.0001356652
        0.0000018881  -0.0000666630   0.0000354921   0.0000596477  -0.0001563794
        0.0000538018  -0.0001057995   0.0002678049  -0.0002189376   0.0000080068
       -0.0000286378  -0.0000679000   0.0000075716   0.0001000156  -0.0000238900
       -0.0000061225   0.0000640599   0.0000827376   0.0000511460   0.0000274065
        0.0000104775  -0.0000155594  -0.0000307513   0.0000082498   0.0000081388
        0.0000904226   0.0000600031  -0.0000586933  -0.0002235159   0.0000413837
       -0.0001599090   0.0001633114   0.0002488134   0.0000917823  -0.0009637074
        0.0002097050   0.0003806626  -0.0016863768  -0.0164554670  -0.0133675149
        0.0141665051   0.0055966681   0.0018598314  -0.0006475982  -0.0000854957
        0.0000876748  -0.0110716847   0.0048315156   0.0068200165  -0.0036803101
       -0.0120031630  -0.0090098540  -0.0181382969   0.0248791022   0.0244046007
       -0.0499020576  -0.0561214697  -0.0410716625  -0.2835090230   0.0219945765
        0.0682426844   0.6173588757   0.0506685402  -0.0543836339  -0.1357117035
        0.0365458774   0.0551489584   0.0357697160   0.0208675665   0.0114308008
        0.0000033351  -0.0000160920   0.0000020102  -0.0000029691   0.0000044995
       -0.0000145641  -0.0000078874   0.0000068058   0.0000042171  -0.0000062759
        0.0000107859  -0.0000109182   0.0000060808  -0.0000140950  -0.0000084009
        0.0000123883   0.0000025276  -0.0000021852  -0.0000163642   0.0002923648
       -0.0001838135   0.0001131763   0.0000339779  -0.0000244600  -0.0000151741
        0.0000114119   0.0000139026   0.0000103835  -0.0000160484   0.0000141199
       -0.0000188648   0.0000278011   0.0000491583  -0.0001058188  -0.0000092057
       -0.0001081024  -0.0000038849  -0.0000202047  -0.0000012394   0.0000054139
        0.0000090175  -0.0000202376   0.0000185471  -0.0000097551  -0.0000036771
        0.0000002466   0.0000135640   0.0000085839  -0.0000085634  -0.0000388677
        0.0000081917   0.0002144305  -0.0000185050  -0.0001210989   0.0002246755
        0.0001249445  -0.0001771768  -0.0009661660  -0.0035525520  -0.0005084521
       -0.0129363731   0.0012774111   0.0041707751  -0.1337860919  -0.0978763052
       -0.0741506089  -0.0152049961   0.0187429623   0.0207232606   0.0000037889
        0.0000040618  -0.0000069989  -0.0000021142   0.0000043562  -0.0000105437
        0.0000015278   0.0000039616  -0.0000111299   0.0000059386   0.0000090214
       -0.0000108351   0.0000099584  -0.0000050786  -0.0000105950   0.0000102878
       -0.0000372381  -0.0000026270   0.0000020583   0.0000066301   0.0000022261
        0.0000134244  -0.0000094115  -0.0000130068   0.0000084112  -0.0000034880
        0.0000069626   0.0000301065  -0.0000396650   0.0000237509
        0.0000415061   0.0000979966   0.0000107034  -0.0000139158  -0.0002801515
       -0.0000762519  -0.0000135083   0.0000622412   0.0000914935   0.0000315292
        0.0001583945  -0.0000467334  -0.0001057559  -0.0000495266   0.0000977459
       -0.0000030778  -0.0000249089   0.0000052486  -0.0000163622   0.0000663353
       -0.0000118849   0.0000769074  -0.0000345860  -0.0000791510   0.0000073106
       -0.0000329174   0.0000092529  -0.0000308251   0.0000096646  -0.0000244105
       -0.0000582587   0.0000288428   0.0000152078   0.0002718866   0.0000481773
        0.0002940706  -0.0001947092  -0.0001211044   0.0000659917   0.0003051018
       -0.0000808712   0.0001676271  -0.0034857440   0.0073322452   0.0020556766
       -0.0061308913  -0.0031498010  -0.0021417693   0.0000704007  -0.0001164431
        0.0006374694   0.0047738977  -0.0010528741  -0.0023213944   0.0009728136
        0.0031677791   0.0025150996   0.0113050066  -0.0095138986  -0.0055198901
       -0.0169806786   0.0122939761   0.0140724758  -0.0336344040  -0.0726526479
       -0.0148613433   0.0506685402   0.4252660108   0.2852440195   0.0895393459
       -0.1801837254  -0.1493659474  -0.0141768055  -0.0374754803  -0.0332244986
        0.0000159993  -0.0000308421   0.0000006010   0.0000041766   0.0000152688
       -0.0000129941  -0.0000018187   0.0000006096  -0.0000017598  -0.0000023502
       -0.0000005034   0.0000073829  -0.0000011795   0.0000008115   0.0000056570
       -0.0000242361   0.0000054035   0.0000116789  -0.0002185728  -0.0003154401
       -0.0000391130  -0.0000462107   0.0000700721   0.0000652991  -0.0000285021
       -0.0000125234  -0.0000376123   0.0000176838   0.0000195602   0.0000107738
       -0.0000041195  -0.0000583904  -0.0000231053   0.0001320102   0.0000253858
        0.0000428560  -0.0000061797  -0.0000056771  -0.0000068599  -0.0000228253
        0.0000012059   0.0000119771  -0.0000303796   0.0000023779   0.0000074686
       -0.0000262820  -0.0000235856  -0.0000016110   0.0000065831   0.0000269689
       -0.0000163621  -0.0002068039  -0.0000914481  -0.0000333646   0.0001461908
        0.0000299792   0.0001927311  -0.0039790630   0.0018680033  -0.0061294028
        0.0183128818  -0.0001275316  -0.0051872834  -0.0985347020  -0.1450579791
       -0.0851853324   0.0013116217  -0.0001000935  -0.0013173208   0.0000011932
       -0.0000095933   0.0000024888  -0.0000023097   0.0000010577   0.0000069490
       -0.0000004512   0.0000022104   0.0000060740  -0.0000006759   0.0000085910
        0.0000036326   0.0000085144  -0.0000071675   0.0000068089  -0.0000131612
        0.0000274937  -0.0000110331  -0.0000071262  -0.0000008349  -0.0000053558
       -0.0000111960  -0.0000069271   0.0000067285  -0.0000023542  -0.0000010509
        0.0000060020  -0.0000056657  -0.0000181385   0.0000045938
        0.0000093817   0.0001383914  -0.0000364839   0.0000363777  -0.0001108495
       -0.0000558225  -0.0000383883   0.0000614009   0.0001049136   0.0000516989
        0.0000795383   0.0000088172  -0.0002193147   0.0000358219   0.0000638860
        0.0000446243   0.0000383048  -0.0000294188  -0.0000561265   0.0000263178
        0.0000014528   0.0000333356  -0.0000246043  -0.0000627941  -0.0000206872
        0.0000005017   0.0000094773   0.0000004900  -0.0000119951  -0.0000052606
       -0.0000687353   0.0000001034   0.0000217547   0.0001946414   0.0001277297
        0.0001463917  -0.0001452092  -0.0001843544  -0.0000422426   0.0006893153
        0.0001781787   0.0001487475  -0.0019857825   0.0054112001   0.0107568578
       -0.0089004694  -0.0051225336  -0.0020309986  -0.0001466827   0.0003652884
       -0.0002610881   0.0071864003  -0.0023065162  -0.0035432137   0.0017347098
        0.0059346684   0.0042707945   0.0131711034  -0.0090687528  -0.0166258062
       -0.0046279491   0.0229216984   0.0238070395   0.0149725471  -0.0269874960
       -0.0782374334  -0.0543836339   0.2852440195   0.3969419649   0.1040655575
       -0.1373645812  -0.1963827953  -0.0205889592  -0.0411077942  -0.0334137458
        0.0000024859  -0.0000263399  -0.0000043191   0.0000014815   0.0000094042
       -0.0000189716  -0.0000025417   0.0000000039  -0.0000083625  -0.0000011035
       -0.0000023024  -0.0000016290  -0.0000023343   0.0000034601   0.0000055355
       -0.0000178841   0.0000015571  -0.0000010479  -0.0001948450  -0.0003975017
        0.0000340274  -0.0000815863   0.0000489340   0.0000642253  -0.0000187260
       -0.0000162862  -0.0000388168   0.0000068599   0.0000240264   0.0000106262
        0.0000020406  -0.0000579142  -0.0000327751   0.0001546086   0.0000336919
        0.0000774141  -0.0000097759  -0.0000016227  -0.0000122126  -0.0000233483
       -0.0000011144   0.0000083674  -0.0000293766   0.0000001436   0.0000049336
       -0.0000239685  -0.0000211789   0.0000149016   0.0000151939   0.0000024813
        0.0000076768  -0.0001705762  -0.0000881139  -0.0001149102   0.0000652581
        0.0001366658   0.0000500544  -0.0012701970  -0.0060811741   0.0038338959
        0.0200437955  -0.0014976684  -0.0045316963  -0.0739623668  -0.0854736145
       -0.1005732179   0.0045690316  -0.0048868731  -0.0043229171  -0.0000037733
       -0.0000045231   0.0000042397  -0.0000039281   0.0000021962  -0.0000000464
       -0.0000014957   0.0000003040  -0.0000031714   0.0000016053  -0.0000032451
       -0.0000065634   0.0000079315  -0.0000139856  -0.0000011506  -0.0000158189
        0.0000380985  -0.0000113908  -0.0000089812  -0.0000015518  -0.0000073893
       -0.0000160716   0.0000001398   0.0000090494  -0.0000061506   0.0000044678
        0.0000095614  -0.0000136880  -0.0000042505   0.0000010856
       -0.0001351097   0.0004096236  -0.0001534615   0.0011388867  -0.0009428940
        0.0000842560  -0.0003377030   0.0001919312   0.0002811273  -0.0002217325
       -0.0000192047  -0.0000794638   0.0003274592  -0.0001105495  -0.0000226838
       -0.0002611969  -0.0000296693   0.0000399868  -0.0001956264   0.0001387410
       -0.0000767485  -0.0001014852  -0.0000417622   0.0000637104  -0.0000723284
        0.0000286253  -0.0000388391   0.0000277100  -0.0000826929  -0.0000739588
       -0.0001998585  -0.0002716512   0.0001125946   0.0002075719  -0.0002415871
        0.0000159660  -0.0001450761   0.0003722078   0.0006968557  -0.0004048614
        0.0015262264   0.0005404909   0.0092261271  -0.0018539154  -0.0035361126
        0.0046151194   0.0026163661   0.0027743501  -0.0007742508   0.0018410552
        0.0010222969  -0.0031114727   0.0007354821   0.0014507562  -0.0058464370
       -0.0021434364   0.0010031944  -0.0343856357  -0.0167412766  -0.0076597178
        0.0024405194  -0.0020158973  -0.0032408741  -0.0247954808   0.0195523181
        0.0237992855  -0.1357117035   0.0895393459   0.1040655575   0.6424253351
        0.0194598688  -0.0885730590  -0.1610010503  -0.0953827932  -0.0664279062
       -0.0000081022  -0.0000292093   0.0000237461   0.0000047541  -0.0000152271
       -0.0000182838   0.0000213066  -0.0000307538  -0.0000091793   0.0000137182
       -0.0000270837  -0.0000057449   0.0000087051  -0.0000157165   0.0000032263
       -0.0000264224  -0.0000366933   0.0000175282   0.0000266908   0.0003087804
       -0.0001812139   0.0001753689  -0.0000204145  -0.0000072371  -0.0000255464
       -0.0000181271   0.0000275340   0.0000010818  -0.0000439090   0.0000040108
       -0.0000176939   0.0000447042  -0.0000169371  -0.0001385887   0.0001185569
       -0.0000512842   0.0000285600  -0.0000844991  -0.0000838914   0.0000166284
       -0.0000199295   0.0000291215   0.0000063154   0.0000288299   0.0000200805
        0.0000087298   0.0000038125   0.0000144007   0.0000458944   0.0000946403
        0.0000097440   0.0002399204   0.0002087022  -0.0004166194  -0.0010248524
       -0.0008395324  -0.0006990434   0.0007941774  -0.0001009391  -0.0001608247
       -0.0057228614  -0.0004082569   0.0020759342   0.0059729061  -0.0110748171
       -0.0114457430  -0.2931837347  -0.0046098438   0.0446810682  -0.0000044218
        0.0000014856   0.0000182267  -0.0000014721   0.0000013166   0.0000147641
       -0.0000028253   0.0000036498   0.0000069844  -0.0000013379  -0.0000036598
        0.0000031006   0.0000010184   0.0000410003  -0.0000127499  -0.0000059737
       -0.0000434123   0.0000186159   0.0000053608   0.0000457687   0.0000162722
        0.0000212545   0.0000190392   0.0000112858   0.0000437927   0.0000055491
        0.0000233101   0.0000199290  -0.0000382735   0.0000221943
        0.0000411981   0.0000858858  -0.0000614971   0.0000772661  -0.0002876794
       -0.0001300231  -0.0000698996   0.0000319793   0.0001322471  -0.0000072535
        0.0003250995  -0.0002012205   0.0001379694  -0.0004583830  -0.0002223038
       -0.0001926382  -0.0000196164  -0.0000922667   0.0001037403  -0.0000883263
        0.0000135293  -0.0001563996   0.0000915306   0.0000078413  -0.0000088780
       -0.0001228322   0.0000179561  -0.0001094401   0.0000715772  -0.0000406981
        0.0000034178   0.0001929427  -0.0001085350   0.0001781168  -0.0003037431
        0.0003543406   0.0002120917   0.0002038446   0.0001114645  -0.0022831671
       -0.0007095491   0.0010777889  -0.0064930284  -0.0385310020  -0.0333118570
        0.0173285609   0.0085691500  -0.0009691871  -0.0007115137  -0.0010371926
       -0.0006250690  -0.0116097592   0.0027573938   0.0051897368  -0.0025304041
       -0.0046422018  -0.0084302781  -0.0334110046   0.0154900772   0.0184603010
       -0.0067631690  -0.0315802301  -0.0246038188   0.0590396882   0.0152029348
        0.0006470785   0.0365458774  -0.1801837254  -0.1373645812   0.0194598688
        0.4001397948   0.2686804937  -0.0705031145  -0.1355158724  -0.0666304283
        0.0000191202   0.0000171339   0.0000205117   0.0000007579   0.0000194159
       -0.0000045174   0.0000076050  -0.0000151954  -0.0000060550   0.0000068764
       -0.0000091198  -0.0000006511   0.0000002905   0.0000084151  -0.0000012130
       -0.0000264833   0.0000034730   0.0000292073   0.0005597731   0.0003276163
        0.0007583141   0.0001414293  -0.0002860218  -0.0001810220   0.0000866808
        0.0000070337   0.0000354203  -0.0000240666  -0.0000401360  -0.0000111547
        0.0000387620   0.0000766690   0.0000333851  -0.0002773156   0.0000927442
       -0.0000461479  -0.0000065632  -0.0000449682  -0.0000313706  -0.0000321972
        0.0000264821   0.0000140201  -0.0000416130   0.0000070589   0.0000091455
       -0.0000379456  -0.0000169899   0.0000200520   0.0000046237   0.0000033426
        0.0000367785  -0.0001316486   0.0003021253   0.0000079816   0.0001767215
       -0.0001361043  -0.0000201627   0.0000365226  -0.0005667664   0.0001026261
       -0.0006420026   0.0033680753  -0.0024638936   0.0061193600  -0.0141754312
       -0.0156742377  -0.0042811123  -0.0386212322  -0.0045666259  -0.0000038028
       -0.0000048264   0.0000058532  -0.0000004867   0.0000020420   0.0000045841
        0.0000027654   0.0000011791   0.0000009630  -0.0000011416   0.0000004759
        0.0000001856  -0.0000005675   0.0000123020  -0.0000173945  -0.0000114813
       -0.0000290485   0.0000107571  -0.0000020481   0.0000075920   0.0000182258
        0.0000078615   0.0000003818   0.0000008961   0.0000162190   0.0000014719
        0.0000004038   0.0000169812  -0.0000210463   0.0000141212
        0.0000891552  -0.0001041732   0.0001293212  -0.0004450801   0.0000947875
       -0.0005931967   0.0000829025  -0.0000489738   0.0001096096   0.0000414899
        0.0000828999   0.0000540866  -0.0004555462  -0.0000376797  -0.0000892685
        0.0000581454   0.0000967127  -0.0000358921   0.0000719890  -0.0001017098
        0.0000431573  -0.0005806453   0.0000711129   0.0001135661   0.0000218809
        0.0001471437  -0.0000694547   0.0001160890  -0.0000385086   0.0000106613
       -0.0000845755  -0.0002321243  -0.0000236009  -0.0000753987   0.0000704078
       -0.0014582946   0.0010385322  -0.0002938576  -0.0011246279  -0.0017829170
        0.0005647784  -0.0011896247  -0.0095798432  -0.0327981054  -0.0280901281
        0.0153957269   0.0027052383   0.0038405410  -0.0002882771  -0.0018655728
       -0.0006861956  -0.0086965079   0.0019468907   0.0039729018   0.0007542772
       -0.0082092221  -0.0016066204  -0.0233990539   0.0165147662   0.0201204945
       -0.0075556564  -0.0252705914  -0.0252793976   0.0598654808   0.0089051565
       -0.0031686312   0.0551489584  -0.1493659474  -0.1963827953  -0.0885730590
        0.2686804937   0.3906745449  -0.0435475824  -0.0649559542  -0.1023353664
       -0.0000128494   0.0000064844   0.0000078959   0.0000019539  -0.0000012096
       -0.0000033777  -0.0000028046   0.0000060241   0.0000060671  -0.0000042664
        0.0000004314   0.0000084985  -0.0000034901   0.0000014828   0.0000094935
        0.0000343429  -0.0000089625  -0.0000421962   0.0002196821   0.0011478046
       -0.0005517388   0.0001922016  -0.0000491365  -0.0000116124  -0.0000031242
        0.0000807977   0.0000777559  -0.0000095323  -0.0000314749  -0.0000033578
       -0.0000309809   0.0001009547   0.0000754037  -0.0003477199  -0.0001136130
       -0.0001571598  -0.0000224246   0.0000021480  -0.0000007493  -0.0000006397
       -0.0000248437  -0.0000103171   0.0000097241   0.0000154748  -0.0000052510
        0.0000322615   0.0000093286   0.0000127392   0.0000168623   0.0000201095
        0.0000124453   0.0004965581   0.0005124957  -0.0019636138   0.0004635392
        0.0003541569  -0.0000520868  -0.0001513651  -0.0003483380  -0.0000127921
        0.0017619891  -0.0024236361   0.0034517318   0.0047762934  -0.0118513942
       -0.0120935995   0.0449218950  -0.0038747425  -0.0456710296  -0.0000112106
       -0.0000003630   0.0000203609  -0.0000011485  -0.0000016064   0.0000048925
       -0.0000022277  -0.0000037973   0.0000064857  -0.0000009315  -0.0000136915
        0.0000062544  -0.0000065146  -0.0000241497   0.0000166123   0.0000236013
       -0.0000206127  -0.0000217448   0.0000106063   0.0000088857   0.0000141044
        0.0000124539  -0.0000036175  -0.0000239643  -0.0000061737  -0.0000051910
       -0.0000205669   0.0000229545  -0.0000241666  -0.0000213727
        0.0002603771  -0.0001683433   0.0001746853  -0.0012877178  -0.0000162461
       -0.0008137627   0.0002485923  -0.0000554903   0.0000635966   0.0006176099
        0.0004446920   0.0002365246  -0.0028402649  -0.0024140590   0.0017988286
       -0.0013201389   0.0002683358  -0.0010436379   0.0003713125   0.0000624450
       -0.0000648247  -0.0005118133  -0.0001481225  -0.0005772602   0.0001070658
       -0.0000020934  -0.0000341549  -0.0001027222   0.0000766946  -0.0000022804
        0.0001081843   0.0002067021  -0.0000733757  -0.0001495494  -0.0005560954
        0.0009399438   0.0002597001   0.0016761454  -0.0004141733  -0.0187622828
        0.0171873257   0.0199889650  -0.1022119272   0.0345248627   0.0489712723
        0.0270292717   0.0038075949  -0.0035812247  -0.0005995961  -0.0058169066
       -0.0009095290  -0.0156135945   0.0115919079   0.0122379427  -0.0353595297
       -0.0338226356  -0.0204203212  -0.2523034996  -0.0095988608   0.0394951006
       -0.0166384084   0.0352587733   0.0381713114  -0.0300470548  -0.0135606304
       -0.0067988889   0.0357697160  -0.0141768055  -0.0205889592  -0.1610010503
       -0.0705031145  -0.0435475824   0.5965343633   0.0663244886  -0.0541067945
       -0.0001228473  -0.0001856579   0.0000908363  -0.0000263711   0.0000834287
       -0.0000247543   0.0000146773   0.0000093642   0.0000073888  -0.0000000067
        0.0000110634  -0.0000113097   0.0000290901  -0.0000173487  -0.0000040330
       -0.0000110198   0.0000329921   0.0000369643  -0.0007388521  -0.0001096511
       -0.0007074909   0.0000982246   0.0004833756   0.0001927253  -0.0001207007
       -0.0000001253  -0.0000452248   0.0000500450   0.0000127959   0.0000414381
       -0.0000378167  -0.0000490318   0.0000379644   0.0002663246  -0.0001545203
       -0.0001487682  -0.0000241842  -0.0000155269   0.0000167862   0.0000990501
        0.0000631071   0.0001982682  -0.0000014126  -0.0000219217  -0.0000639052
        0.0000174488   0.0000047517  -0.0000101637   0.0000159310   0.0000038762
       -0.0000323749   0.0003331883  -0.0006655406   0.0008074633  -0.0011884199
       -0.0028960172  -0.0003718538   0.0001519512   0.0009466454   0.0013523718
       -0.0003377422  -0.0002790500  -0.0004470057   0.0002212694   0.0011222429
        0.0030007098  -0.0213658537  -0.0188802487  -0.0129707069   0.0000113109
       -0.0000122264  -0.0000200081  -0.0000128401   0.0000145415   0.0000010261
       -0.0000047177   0.0000148940  -0.0000109604   0.0000017187   0.0000231254
       -0.0000199753   0.0000039172   0.0000010768  -0.0000081136   0.0000341676
       -0.0000265102  -0.0000319404   0.0000202393   0.0000191021  -0.0000017755
        0.0000273227  -0.0000040590  -0.0000081099  -0.0000074304  -0.0000190164
        0.0000168025   0.0000472951  -0.0001004955   0.0000363277
        0.0000133886   0.0005653951   0.0000320353   0.0004085794  -0.0008056869
       -0.0004603991  -0.0001422021   0.0003488081   0.0003585822   0.0001896788
       -0.0002572321   0.0008665676  -0.0025325758   0.0018586216   0.0000660013
        0.0008744603   0.0003479796  -0.0003627078  -0.0003267819  -0.0002246792
        0.0001632025   0.0002163697  -0.0001917974  -0.0001051085   0.0000698934
        0.0000198132   0.0000305383   0.0000564218  -0.0000520829  -0.0000670970
       -0.0002600533  -0.0001390738   0.0001725070  -0.0007982890  -0.0001304524
        0.0008746272  -0.0014308116  -0.0021531740  -0.0004892027   0.0126316342
        0.0014048244  -0.0029772504   0.0488173158  -0.1251531947  -0.0828278766
       -0.0294991466  -0.0390720778  -0.0259463835  -0.0020684591  -0.0005581738
       -0.0062184536   0.0223025011  -0.0061192484  -0.0084110017  -0.0171738599
        0.0140618028   0.0143430438  -0.0108614179  -0.0850182909  -0.0202959386
        0.0201547565   0.0171309520   0.0102916402  -0.0269008974  -0.0109298335
        0.0006433849   0.0208675665  -0.0374754803  -0.0411077942  -0.0953827932
       -0.1355158724  -0.0649559542   0.0663244886   0.4075877912   0.2407323138
       -0.0000541835  -0.0000420984   0.0000064867   0.0000185776   0.0000400006
       -0.0000583512   0.0000193964  -0.0000046495  -0.0000378690   0.0000098859
       -0.0000197906   0.0000033800   0.0000090165  -0.0000151094   0.0000312889
       -0.0000602318  -0.0000006037   0.0000190358  -0.0006568960  -0.0016033062
       -0.0002073385  -0.0003348185   0.0003326877   0.0002060498  -0.0000743590
       -0.0000113576  -0.0001291670   0.0000473169   0.0000773913   0.0000248267
        0.0000408086  -0.0001831559  -0.0000259405   0.0007235277   0.0000184956
        0.0001622361  -0.0000637117  -0.0000019274  -0.0000146908  -0.0000339767
       -0.0000168930   0.0000192333  -0.0000435671  -0.0000146657   0.0000163750
       -0.0000180277  -0.0000487697   0.0000217053   0.0000277656  -0.0000680253
        0.0000615958  -0.0003837187  -0.0001185679   0.0013092843  -0.0032401547
       -0.0001363984  -0.0042918224   0.0012165031   0.0004739766  -0.0056086995
       -0.0005141148   0.0001401334   0.0003623564   0.0007294432   0.0022318445
       -0.0065272111  -0.0027251950  -0.0007293453   0.0002599544   0.0000022912
       -0.0000119683  -0.0000010666  -0.0000212326   0.0000208460   0.0000248504
       -0.0000185566   0.0000266734   0.0000022652  -0.0000097861   0.0000223340
       -0.0000161373   0.0000168785  -0.0000015985   0.0000353461  -0.0000354870
        0.0000971261  -0.0000419358  -0.0000143614  -0.0000209897  -0.0000264003
       -0.0000296328  -0.0000023811   0.0000109344  -0.0000076431   0.0000174157
        0.0000146150  -0.0000715230   0.0000230394   0.0000455340
        0.0000229580   0.0001302498   0.0002910704   0.0010877460  -0.0024078920
       -0.0003026604   0.0000048412   0.0001695265   0.0001330350  -0.0005892287
       -0.0001099451   0.0001296895  -0.0002558341   0.0012893107  -0.0002790311
        0.0004577538   0.0000032168   0.0001672738  -0.0001475973  -0.0001115566
        0.0000306406  -0.0000334085  -0.0001694592   0.0000268935  -0.0000895734
       -0.0000044558   0.0000287676   0.0000580396   0.0000689764   0.0001305814
        0.0000370963  -0.0000761339  -0.0000172935   0.0006484907   0.0004268835
       -0.0010450419  -0.0011442200  -0.0001011846  -0.0003423862   0.0109813234
       -0.0058292745  -0.0062401491   0.0661619909  -0.0804835297  -0.1391462502
       -0.0338764494  -0.0329136282  -0.0228749981   0.0004428857  -0.0024515965
        0.0048653316   0.0229865060  -0.0057649407  -0.0134395510  -0.0063725719
        0.0190413767   0.0191179922   0.0411752379  -0.0232700138  -0.0843415109
        0.0221950855   0.0070433703   0.0018211338  -0.0195998643  -0.0016140108
       -0.0034102429   0.0114308008  -0.0332244986  -0.0334137458  -0.0664279062
       -0.0666304283  -0.1023353664  -0.0541067945   0.2407323138   0.3727990098
        0.0000002494   0.0000465041  -0.0000164866   0.0000210283   0.0000050052
       -0.0000161485   0.0000068944  -0.0000070506  -0.0000246388   0.0000052697
       -0.0000088259   0.0000075756   0.0000008409  -0.0000041040   0.0000236315
       -0.0000278633  -0.0000106409  -0.0000188294  -0.0005192261  -0.0012190471
       -0.0003310355  -0.0002648050   0.0002637074   0.0001692892  -0.0000451153
       -0.0000291399  -0.0000831840   0.0000307119   0.0000641919   0.0000184937
        0.0000115524  -0.0001436270  -0.0000512688   0.0005397504   0.0000599788
        0.0002318836   0.0000091993   0.0000039376  -0.0000230668  -0.0000465736
       -0.0000004483   0.0000303792  -0.0000671634  -0.0000353850   0.0000116697
       -0.0000115095  -0.0000331098   0.0000093718  -0.0000102216  -0.0000632708
       -0.0000249761   0.0005047910   0.0015067910  -0.0010890961  -0.0017019681
       -0.0041380965   0.0016605390   0.0023923612  -0.0051732894   0.0006094159
       -0.0004301415   0.0003255383   0.0002779763   0.0025956784  -0.0072125492
        0.0024705638   0.0020625118   0.0019088871   0.0036484917  -0.0000028802
       -0.0000004683   0.0000088783  -0.0000115502   0.0000090404   0.0000206887
       -0.0000086147   0.0000174197   0.0000104350  -0.0000044267   0.0000104479
       -0.0000004690   0.0000170301   0.0000046735   0.0000419239  -0.0000197692
        0.0000387117  -0.0000134358  -0.0000055624   0.0000004400  -0.0000038444
       -0.0000148322   0.0000078860   0.0000340128   0.0000115480   0.0000089551
        0.0000274373  -0.0000645017   0.0000542605   0.0000306309
        0.0001288746   0.0000816999  -0.0001015384   0.0006740957  -0.0001522718
        0.0002499421  -0.0003246000  -0.0002020363  -0.0003262984  -0.0000594380
        0.0027166438  -0.0012480469  -0.0266715151   0.0239537551   0.0048152564
       -0.1114516619   0.0738618811  -0.0001101705   0.0074915626   0.0013975050
       -0.0050828782   0.0010095196  -0.0029563515   0.0031641220   0.0006649590
        0.0000874629   0.0000419491  -0.0000453401  -0.0003399050  -0.0001333594
        0.0000087090   0.0002913457  -0.0001131919   0.0000106843  -0.0006932375
       -0.0000947559  -0.0006821348   0.0008643304  -0.0002696269  -0.0029886720
       -0.0016323804   0.0028963143  -0.0008599042   0.0007518625  -0.0001523603
       -0.0000180961   0.0000940619   0.0000475474   0.0001405207   0.0001294178
        0.0000066243   0.0000220258  -0.0000329042   0.0000290552   0.0000148069
        0.0000032621  -0.0000084738  -0.0000138622  -0.0000153460   0.0000629296
       -0.0000098290   0.0000050142   0.0000004772  -0.0000115608  -0.0000004497
        0.0000039647   0.0000033351   0.0000159993   0.0000024859  -0.0000081022
        0.0000191202  -0.0000128494  -0.0001228473  -0.0000541835   0.0000002494
        0.3349257664  -0.2015334985  -0.1204469037  -0.1174923360   0.0393712884
        0.1188054570  -0.0253513121   0.0344514061   0.0044023315  -0.0063383468
       -0.0079211321   0.0154275849   0.0059967577   0.0024389469  -0.0204946662
       -0.0679166826   0.0312102661  -0.0179871609   0.0000048118  -0.0000009374
        0.0000043004   0.0000069385  -0.0000035275  -0.0000024037   0.0000048881
       -0.0000014866   0.0000022688  -0.0000069091  -0.0000074596  -0.0000049522
       -0.0000074768   0.0000039524  -0.0000049622   0.0000025702   0.0000067025
        0.0000024066   0.0000475627   0.0000587434  -0.0001040476   0.0004558506
       -0.0012333853  -0.0002461098   0.0000077730  -0.0000092860   0.0000469665
        0.0000391453  -0.0001074643   0.0000210119   0.0000338024  -0.0000123624
        0.0000776716   0.0000740045  -0.0000578649   0.0000169340   0.0000002090
        0.0000049054  -0.0000087871   0.0000035506  -0.0000018826   0.0000063536
        0.0000075131  -0.0000037631  -0.0000033323  -0.0000032413  -0.0000059904
       -0.0000043432  -0.0000332329  -0.0000126101   0.0000083255   0.0006905478
       -0.0008209931   0.0002798600   0.0032784834   0.0061146784   0.0015030458
        0.0001957970  -0.0004486868   0.0002005318   0.0032822318   0.0066160033
        0.0013183856   0.0011965641  -0.0062865133   0.0135105070  -0.0000066612
        0.0000034552   0.0000029190  -0.0000019601  -0.0000019805  -0.0000006460
        0.0000002606   0.0000012422   0.0000010731   0.0000003129  -0.0000027355
        0.0000011736   0.0000012874  -0.0000023262   0.0000018391
       -0.0000247863  -0.0005406620   0.0001385670   0.0007511338   0.0019176997
        0.0003643392  -0.0001076532  -0.0004382420  -0.0000653404  -0.0020361546
       -0.0007042994   0.0000522030   0.0139820897  -0.0030729768  -0.0075736451
        0.0754258056  -0.1671575825   0.0107014007   0.0124131992  -0.0363421331
        0.0111133389  -0.0028315153   0.0000409567   0.0035881132   0.0003620925
       -0.0014499086   0.0003607853  -0.0001680728  -0.0002196324  -0.0000868877
       -0.0001289590  -0.0004276170   0.0002162801  -0.0002846186   0.0008664465
       -0.0006921338   0.0006789240  -0.0019348792   0.0004688073  -0.0017529873
        0.0030335248   0.0009801699   0.0002198036   0.0003020574   0.0000059336
        0.0000248646  -0.0000172365  -0.0000003982  -0.0002022197  -0.0002029692
       -0.0000912765   0.0000392415  -0.0000090316   0.0000445904  -0.0000200245
       -0.0000072454   0.0000057544  -0.0000096862   0.0000045551   0.0000362329
        0.0000360176   0.0000017603  -0.0000101211   0.0000062009  -0.0000222027
       -0.0000279647  -0.0000160920  -0.0000308421  -0.0000263399  -0.0000292093
        0.0000171339   0.0000064844  -0.0001856579  -0.0000420984   0.0000465041
       -0.2015334985   0.4776354953  -0.0904811362   0.0548801081  -0.0967990892
       -0.0705331270   0.0171278695  -0.0130646618  -0.0222315824  -0.0076818347
        0.0010015788   0.0073403002   0.0196491874  -0.0364199263   0.0170522919
        0.0155838735  -0.1324040326   0.1314151980   0.0000111929   0.0000437695
        0.0000274168  -0.0000339900   0.0000093664  -0.0000023245   0.0000040570
        0.0000211854  -0.0000015059   0.0000136690   0.0000132672   0.0000100317
        0.0000206615  -0.0000103276   0.0000161163   0.0000076601  -0.0000458086
       -0.0000097274  -0.0001673171  -0.0000057744  -0.0000766629   0.0005534087
        0.0004854939  -0.0015172111   0.0001575952   0.0001059476  -0.0000098858
        0.0000404476  -0.0000208777  -0.0000111576  -0.0000041122   0.0000787280
        0.0000541692  -0.0000196758   0.0000219914   0.0000115524  -0.0000286876
        0.0000111502   0.0000003480  -0.0000350662   0.0000071923   0.0000114328
       -0.0000166094   0.0000223787   0.0000228719   0.0000099957   0.0000198403
        0.0000180034   0.0000071906  -0.0000421320  -0.0000324165  -0.0060309264
        0.0042715203   0.0128402651   0.0065878104  -0.0015805430   0.0011950594
       -0.0003691432   0.0006173333   0.0000991456   0.0060350110  -0.0015803149
        0.0014138017  -0.0008700070   0.0040506647  -0.0061418081  -0.0000007730
        0.0000139580  -0.0000102928  -0.0000070086  -0.0000222281  -0.0000057200
       -0.0000144533  -0.0000129689  -0.0000094223  -0.0000181634   0.0000046434
       -0.0000121325  -0.0000002078   0.0000086050   0.0000027118
       -0.0001727475   0.0000288423  -0.0001218719   0.0004514011  -0.0005454991
        0.0006099685  -0.0000592218   0.0000115909  -0.0003526036  -0.0002956356
       -0.0004159531  -0.0019502993   0.0058134546  -0.0067530875   0.0028246003
       -0.0019397956   0.0088434931  -0.0603522492  -0.0055394981   0.0113191952
       -0.0006651733   0.0028264732   0.0041353071   0.0065423713  -0.0002043664
        0.0004776718   0.0000605694  -0.0001158361  -0.0001982527  -0.0007442280
       -0.0000116346  -0.0000066497   0.0000346247  -0.0002660571  -0.0004203224
       -0.0009808968  -0.0000136135   0.0000435373  -0.0002792016   0.0033513202
        0.0013337259   0.0037479414  -0.0000914348  -0.0004915563  -0.0000057078
        0.0000255757   0.0001479441  -0.0000161906   0.0000135341   0.0000842516
       -0.0000475016  -0.0000906008   0.0000187588   0.0000269460   0.0000184077
       -0.0000283375  -0.0000207171   0.0000035001  -0.0000237776  -0.0000356499
       -0.0000009447   0.0000027054   0.0000027985  -0.0000017060  -0.0000014041
        0.0000080550   0.0000020102   0.0000006010  -0.0000043191   0.0000237461
        0.0000205117   0.0000078959   0.0000908363   0.0000064867  -0.0000164866
       -0.1204469037  -0.0904811362   0.5904801053   0.0816465433  -0.0183281672
       -0.2319538135   0.0375991747  -0.0666641714   0.0287627732   0.0148379972
        0.0071746657  -0.0606468481  -0.0510119616   0.0632362805   0.0211863110
        0.0186812945   0.0784542449  -0.2484857977  -0.0000072084  -0.0000104928
       -0.0000013211   0.0000056208  -0.0000002070  -0.0000000969  -0.0000060554
       -0.0000090856  -0.0000026597   0.0000004194   0.0000003567   0.0000002214
       -0.0000002859   0.0000008632   0.0000008695  -0.0000057616   0.0000099328
       -0.0000008386  -0.0000718879  -0.0000700595   0.0000069666  -0.0010738597
       -0.0006491164  -0.0026689174   0.0000027778   0.0000343028   0.0001735114
       -0.0000236133   0.0000185874  -0.0000105193   0.0000525981   0.0000801113
        0.0002290413  -0.0000069065   0.0000264817   0.0000087460   0.0000070135
       -0.0000035618  -0.0000001985   0.0000083110  -0.0000013271  -0.0000081577
        0.0000031556  -0.0000040012  -0.0000047938   0.0000015034  -0.0000057007
       -0.0000059558  -0.0000047869   0.0000226042  -0.0000070037   0.0126990159
       -0.0048629193  -0.0243037395   0.0011621427   0.0013747458   0.0019098326
        0.0000007370  -0.0000673771  -0.0006936943   0.0014063852   0.0011748793
        0.0018896815   0.0007112738   0.0119619074  -0.0241458421   0.0000026763
       -0.0000075567   0.0000065062   0.0000033085   0.0000052925   0.0000034446
        0.0000050620   0.0000019911   0.0000046221   0.0000059753  -0.0000002505
        0.0000049573  -0.0000009215  -0.0000018994  -0.0000000671
        0.0000514792   0.0001196850   0.0000675773  -0.0001989981  -0.0001810661
       -0.0005234554  -0.0003416814  -0.0000245196   0.0003100010   0.0006510765
       -0.0001223328   0.0001269369   0.0009986869   0.0018981518  -0.0009230462
       -0.0168297206   0.0192931531   0.0132120917  -0.0009137872  -0.0032678172
        0.0026908859  -0.0005952393   0.0006082463  -0.0006793053  -0.0001217120
       -0.0002582079   0.0000453887  -0.0000155849   0.0000731064   0.0000397280
       -0.0000298580  -0.0001447195   0.0000660570  -0.0000455871   0.0003524940
       -0.0000273543   0.0003579631  -0.0006646034   0.0001620334  -0.0011491139
        0.0007021139  -0.0004168918   0.0000440650   0.0001439073  -0.0000707629
       -0.0000039800  -0.0000877892  -0.0000404514   0.0000566262   0.0000196676
        0.0001568253   0.0000287273  -0.0000111572  -0.0000086231  -0.0000137948
        0.0000068534   0.0000033811   0.0000034869   0.0000035109   0.0000168900
       -0.0000084903   0.0000073476   0.0000058859   0.0000002035   0.0000066096
        0.0000052181  -0.0000029691   0.0000041766   0.0000014815   0.0000047541
        0.0000007579   0.0000019539  -0.0000263711   0.0000185776   0.0000210283
       -0.1174923360   0.0548801081   0.0816465433   0.3207657521  -0.2362973847
       -0.1109956326  -0.1404317779   0.1207178442   0.0276102533   0.0069159151
        0.0195556267  -0.0530799276  -0.0285171643   0.0235416388   0.0170914420
        0.0151692597  -0.0347065573   0.0318526928   0.0000054206   0.0000033721
       -0.0000024951   0.0000018276   0.0000014545  -0.0000027977  -0.0000003658
        0.0000039521   0.0000012717  -0.0000037551  -0.0000011213  -0.0000025289
       -0.0000050877   0.0000051923  -0.0000037534   0.0000018156   0.0000067446
        0.0000019647   0.0000559422   0.0000211141  -0.0000565299   0.0002637377
        0.0000551050   0.0001974576  -0.0000015781   0.0000115617  -0.0000160233
       -0.0000003284  -0.0000137840   0.0000080354   0.0000149504  -0.0000229336
       -0.0000237806   0.0000221659  -0.0000059399  -0.0000006374   0.0000027006
        0.0000025342  -0.0000018508   0.0000055962  -0.0000005908   0.0000003205
        0.0000011959  -0.0000032766  -0.0000018472  -0.0000023162  -0.0000037907
       -0.0000008272  -0.0000025566  -0.0000143510  -0.0000080108  -0.0389867948
        0.0133301355  -0.0124667056  -0.0096059260   0.0141444569   0.0015682489
        0.0053438605   0.0030625971   0.0012853738  -0.0003379317   0.0001280192
        0.0001753851   0.0049218714   0.0030975341   0.0009878899  -0.0000007780
       -0.0000036223  -0.0000018210  -0.0000021351   0.0000017485  -0.0000015715
       -0.0000018663   0.0000038871  -0.0000016185  -0.0000002630   0.0000014724
       -0.0000010759   0.0000007685   0.0000011067  -0.0000009176
       -0.0000276496   0.0001170862   0.0001178421   0.0003321005  -0.0007158204
       -0.0008668107  -0.0004773689   0.0000292755   0.0004179821  -0.0002009103
        0.0010399888  -0.0000392380  -0.0002235188  -0.0034272612   0.0012578239
        0.0181744271  -0.0136939062  -0.0193235997   0.0014853835  -0.0005201395
       -0.0016033892   0.0002261008   0.0005182809   0.0009160529   0.0001605663
       -0.0000456896   0.0000416363  -0.0000978008   0.0000370241  -0.0001020800
        0.0000697849   0.0000662771  -0.0000436673  -0.0000873175  -0.0001781619
       -0.0000908348   0.0000838967   0.0002319805  -0.0001503442   0.0013122147
       -0.0002246771   0.0005162461  -0.0000704639  -0.0002120868   0.0000634712
        0.0000632825  -0.0000899601  -0.0001318235  -0.0000564054   0.0001721442
        0.0002084827  -0.0000714999   0.0000283388   0.0000015750   0.0000098483
       -0.0000022780   0.0000027458  -0.0000131714  -0.0000068298  -0.0000239922
       -0.0000103333   0.0000030034  -0.0000000105  -0.0000022427   0.0000081467
        0.0000072695   0.0000044995   0.0000152688   0.0000094042  -0.0000152271
        0.0000194159  -0.0000012096   0.0000834287   0.0000400006   0.0000050052
        0.0393712884  -0.0967990892  -0.0183281672  -0.2362973847   0.5017407446
       -0.0962226237   0.1439013037  -0.2453996953  -0.0159025512   0.0020786159
       -0.0360542045   0.0655804602   0.0243095455  -0.0285684162  -0.0221936222
       -0.0210516011   0.0381773964  -0.0149379835  -0.0000107679  -0.0000318825
       -0.0000212369   0.0000181155  -0.0000046632   0.0000064420  -0.0000054746
       -0.0000126573  -0.0000002623   0.0000010508   0.0000011208   0.0000020682
        0.0000005666  -0.0000012011  -0.0000006699  -0.0000080707   0.0000190586
        0.0000039666   0.0000405580   0.0000446949  -0.0000494337   0.0000923353
       -0.0005521752  -0.0006996810  -0.0000003339   0.0000052077   0.0000136264
        0.0000024115  -0.0000354523   0.0000075949   0.0000190137  -0.0000109328
        0.0000395182   0.0000257923  -0.0000136288   0.0000035646   0.0000134446
       -0.0000021592  -0.0000014686   0.0000148609  -0.0000022144  -0.0000096205
        0.0000074437  -0.0000053526  -0.0000108194  -0.0000013091  -0.0000036999
       -0.0000068684   0.0000111975   0.0000229540   0.0000291952   0.0133498206
       -0.1089173158   0.1150893520   0.0072146921  -0.0090238453  -0.0014279240
        0.0031210576   0.0011209409   0.0041145848   0.0000747731  -0.0000665887
       -0.0006699635   0.0030347771   0.0011559822   0.0043940787  -0.0000016417
       -0.0000018778   0.0000032411   0.0000046270   0.0000124023   0.0000032259
        0.0000087649   0.0000029924   0.0000041790   0.0000103756  -0.0000010643
        0.0000044494  -0.0000014716  -0.0000047994  -0.0000051888
       -0.0002945691  -0.0001572599   0.0000820142   0.0012702196   0.0000566227
        0.0001314274  -0.0004986434   0.0001144008  -0.0002781201  -0.0004586700
        0.0003284455   0.0000751787  -0.0021732253   0.0010752273   0.0010093073
        0.0072832074  -0.0098330070   0.0007503083  -0.0007507595   0.0023903534
       -0.0017452810   0.0003371395  -0.0001820930  -0.0001183942  -0.0001722802
        0.0001031432  -0.0000675809  -0.0000182204  -0.0000581069   0.0000508912
        0.0000879709   0.0000696117  -0.0000610247   0.0001745453  -0.0002210671
        0.0000565420  -0.0001133492   0.0004022795  -0.0000600925   0.0001331475
       -0.0005463422   0.0000623095  -0.0000284526   0.0000702841  -0.0000434841
        0.0000236341  -0.0000195176  -0.0000378130  -0.0002793561   0.0001891054
       -0.0001450579   0.0000022871   0.0000254152   0.0000469119   0.0000163597
       -0.0000098908  -0.0000040879  -0.0000024912  -0.0000057357   0.0000014292
        0.0000382061  -0.0000121681  -0.0000232810   0.0000036382  -0.0000117489
       -0.0000170801  -0.0000145641  -0.0000129941  -0.0000189716  -0.0000182838
       -0.0000045174  -0.0000033777  -0.0000247543  -0.0000583512  -0.0000161485
        0.1188054570  -0.0705331270  -0.2319538135  -0.1109956326  -0.0962226237
        0.6069336827  -0.0156968415   0.0449778023  -0.0915429980  -0.0199364277
        0.0186427393   0.0210364287   0.0164046939  -0.0208889697  -0.0107414746
        0.0022729981   0.0272295313  -0.0587384926  -0.0000041981   0.0000189483
        0.0000116798  -0.0000105682  -0.0000034868   0.0000146741  -0.0000023838
        0.0000044503  -0.0000008895   0.0000088044   0.0000072489   0.0000043840
        0.0000123585  -0.0000084768   0.0000101072   0.0000049057  -0.0000316066
       -0.0000098090   0.0001622563   0.0000189227   0.0001918169   0.0002194471
        0.0004185452   0.0002475366   0.0000747747   0.0000691083  -0.0000124200
        0.0000157641   0.0000654545  -0.0000173917  -0.0000271847   0.0000519474
       -0.0000107346  -0.0000281381   0.0000036867   0.0000022064  -0.0000228292
        0.0000068244   0.0000049489  -0.0000237602   0.0000063747   0.0000073983
       -0.0000079447   0.0000180147   0.0000116867   0.0000055313   0.0000187742
        0.0000092087  -0.0000049562  -0.0000033788  -0.0000097878  -0.0128994984
        0.1145899848  -0.2278713888   0.0145650494  -0.0201504228  -0.0008859308
        0.0011190545   0.0045602325  -0.0033335091   0.0002077198  -0.0006152399
        0.0005950470   0.0012628014   0.0040565336  -0.0035553116   0.0000141239
        0.0000081301  -0.0000139046   0.0000024436  -0.0000063058   0.0000002357
       -0.0000059422  -0.0000090006  -0.0000033921  -0.0000114491   0.0000009146
       -0.0000070136  -0.0000031651   0.0000063808   0.0000006955
        0.0000597732   0.0000489844  -0.0000722691  -0.0002719133  -0.0000792825
        0.0001202112   0.0002595490   0.0000531996   0.0000073037   0.0000671088
        0.0002205447   0.0001059648  -0.0001146176  -0.0002888785   0.0002256366
        0.0038504119   0.0027111503   0.0040527016  -0.0004824550   0.0008209392
       -0.0003978024   0.0001529636  -0.0001996899  -0.0004437637  -0.0000109896
        0.0000683499  -0.0000166960   0.0000490562   0.0000123096   0.0000388936
       -0.0000168298   0.0000279052  -0.0000080638   0.0000185443  -0.0000053585
        0.0000688355  -0.0000306092   0.0000473747   0.0000086367   0.0000435217
       -0.0001389966  -0.0003629945   0.0000174731  -0.0000322088   0.0000191856
        0.0000124662  -0.0000383523  -0.0000222283   0.0000542474  -0.0000136243
        0.0000254439   0.0000086376  -0.0000009065  -0.0000123212   0.0000010013
        0.0000023911   0.0000046826  -0.0000062463  -0.0000021665  -0.0000050978
       -0.0000056186   0.0000006671   0.0000023470  -0.0000049820   0.0000013547
        0.0000021917  -0.0000078874  -0.0000018187  -0.0000025417   0.0000213066
        0.0000076050  -0.0000028046   0.0000146773   0.0000193964   0.0000068944
       -0.0253513121   0.0171278695   0.0375991747  -0.1404317779   0.1439013037
       -0.0156968415   0.3262037152  -0.2337792402  -0.1305950295  -0.0666193873
        0.0157746736   0.0218378804   0.0153321010  -0.0213618592   0.0023247810
       -0.0110362647   0.0153862122  -0.0145891350  -0.0000014590  -0.0000059696
       -0.0000061402   0.0000055044  -0.0000012727  -0.0000021245  -0.0000001185
       -0.0000052352  -0.0000006614  -0.0000007760  -0.0000027981  -0.0000013352
        0.0000011632  -0.0000014543   0.0000001973  -0.0000007606   0.0000008155
        0.0000003815  -0.0000659829  -0.0000515631  -0.0000521145  -0.0000204056
        0.0002574764   0.0001042677  -0.0000137626   0.0000198387  -0.0000108692
       -0.0000062253   0.0000008700  -0.0000006564  -0.0000000093  -0.0000124986
       -0.0000126230   0.0000121467  -0.0000034010  -0.0000019289   0.0000009420
       -0.0000033094  -0.0000006280  -0.0000001728  -0.0000016872  -0.0000011866
       -0.0000034767  -0.0000015300  -0.0000011832  -0.0000038660  -0.0000025176
       -0.0000024647  -0.0000106244  -0.0000107008  -0.0000006499  -0.0009268316
        0.0031949460  -0.0008273860  -0.1029454138   0.0421879627   0.1063788967
       -0.0013492460   0.0103696788  -0.0138752106   0.0035281140   0.0038556114
        0.0046290680   0.0000199413  -0.0000621267  -0.0005414503   0.0000000254
        0.0000001631   0.0000034188   0.0000009137  -0.0000007386  -0.0000007112
        0.0000029755  -0.0000024161   0.0000003249   0.0000018148  -0.0000039173
       -0.0000000030  -0.0000000735  -0.0000040748  -0.0000004038
       -0.0000435339   0.0000126488   0.0000914737   0.0002383566  -0.0000672608
       -0.0002289968  -0.0003164495   0.0000317570   0.0000425884  -0.0000969424
       -0.0005365092   0.0001353412   0.0014284291  -0.0008883168  -0.0007473950
        0.0024850292   0.0047841018  -0.0007503015  -0.0004086278   0.0001123460
        0.0008377917  -0.0002319513   0.0002063873  -0.0003111198  -0.0000980899
        0.0000104171  -0.0000069233   0.0000029547  -0.0000043434   0.0000320952
       -0.0000290661  -0.0000832693   0.0000371508   0.0000183817   0.0001374258
       -0.0000129738   0.0000377669  -0.0001645310   0.0000653006   0.0000932486
        0.0003466354  -0.0002263648   0.0000970062  -0.0000337693   0.0000544706
        0.0000009107   0.0000206101   0.0000094152  -0.0000549188   0.0000298408
       -0.0000110379  -0.0000157858   0.0000093439   0.0000018872   0.0000061200
       -0.0000044006   0.0000003504   0.0000026649   0.0000050871  -0.0000054940
        0.0000073996  -0.0000022854  -0.0000048508   0.0000020268   0.0000011695
       -0.0000031719   0.0000068058   0.0000006096   0.0000000039  -0.0000307538
       -0.0000151954   0.0000060241   0.0000093642  -0.0000046495  -0.0000070506
        0.0344514061  -0.0130646618  -0.0666641714   0.1207178442  -0.2453996953
        0.0449778023  -0.2337792402   0.4949748696  -0.0789532003   0.0383690052
       -0.1476052721   0.0813241503  -0.0384378544   0.0403611411   0.0303266226
        0.0160971958  -0.0413791465   0.0256742984   0.0000006775   0.0000008748
        0.0000013007  -0.0000026114   0.0000005583   0.0000062977  -0.0000000222
       -0.0000022634   0.0000012924   0.0000020291   0.0000001937   0.0000028803
        0.0000000162  -0.0000009996   0.0000008897   0.0000022892  -0.0000045625
        0.0000015759   0.0001338481   0.0000383930   0.0000448407  -0.0000311908
       -0.0001496855   0.0001807338   0.0000095377  -0.0000141993  -0.0000057296
        0.0000054843   0.0000192545  -0.0000076124  -0.0000095110   0.0000117002
       -0.0000122070  -0.0000182309   0.0000055374  -0.0000024165  -0.0000027256
        0.0000009510   0.0000016749  -0.0000017557   0.0000008095  -0.0000004346
        0.0000020995   0.0000028397  -0.0000000049   0.0000022566   0.0000056449
        0.0000016936   0.0000110437   0.0000172610  -0.0000016067   0.0095590809
       -0.0152375706   0.0029711724   0.0423704356  -0.0632403397  -0.0598378026
        0.0033883082  -0.0155955553   0.0214593994   0.0041272713   0.0026927337
       -0.0008662519  -0.0000795533  -0.0003525635   0.0003816144   0.0000031226
       -0.0000022685  -0.0000045967   0.0000016409   0.0000036637   0.0000008908
        0.0000000511   0.0000016293   0.0000003580  -0.0000008006   0.0000024653
       -0.0000002870  -0.0000014934   0.0000044133  -0.0000013791
       -0.0001694184  -0.0000943543   0.0001057892   0.0005412800  -0.0000033350
       -0.0001572577  -0.0002531724   0.0000132584  -0.0000307860  -0.0003058300
        0.0000149976   0.0001898465   0.0004989811  -0.0008650323   0.0002749137
        0.0045923927  -0.0012395358  -0.0028788774  -0.0000552578   0.0006054968
       -0.0001702986   0.0001439004  -0.0000822592   0.0000672935  -0.0000281105
        0.0000624236   0.0000093301   0.0000212199  -0.0000139360   0.0000037696
       -0.0000234320   0.0000213605  -0.0000012210   0.0000287549  -0.0000389699
       -0.0000155085  -0.0000644042   0.0001240339  -0.0000223349   0.0003859548
       -0.0000563092   0.0000578846   0.0000062927  -0.0000456424  -0.0000108367
        0.0000096030  -0.0000005484  -0.0000320296  -0.0001452480   0.0000695292
       -0.0000109818  -0.0000004690   0.0000031624   0.0000069906  -0.0000101326
       -0.0000149082  -0.0000130298   0.0000157014   0.0000107476   0.0000066086
        0.0000050300   0.0000008664   0.0000021196   0.0000052312   0.0000015102
        0.0000028122   0.0000042171  -0.0000017598  -0.0000083625  -0.0000091793
       -0.0000060550   0.0000060671   0.0000073888  -0.0000378690  -0.0000246388
        0.0044023315  -0.0222315824   0.0287627732   0.0276102533  -0.0159025512
       -0.0915429980  -0.1305950295  -0.0789532003   0.6208993541  -0.0214186757
        0.1440116572  -0.2596611883   0.0348861095  -0.0162112161  -0.0618323575
       -0.0154895455   0.0264933033  -0.0151620469   0.0000058076   0.0000167213
        0.0000128963  -0.0000062498   0.0000029250   0.0000013579   0.0000000173
        0.0000108314   0.0000029801   0.0000012771  -0.0000000878  -0.0000021035
       -0.0000034556   0.0000009539  -0.0000017813   0.0000084473  -0.0000058685
        0.0000015291   0.0001073812   0.0000183202   0.0000827998  -0.0001239789
       -0.0000259577  -0.0001766979  -0.0000017127  -0.0000120133   0.0000051529
       -0.0000046986   0.0000053208  -0.0000048082  -0.0000015047   0.0000063396
       -0.0000041247  -0.0000212829   0.0000114871  -0.0000007750  -0.0000039261
        0.0000020254   0.0000047809  -0.0000012156   0.0000014770   0.0000009745
       -0.0000013230   0.0000011366   0.0000020556  -0.0000001206   0.0000031676
        0.0000039920   0.0000007562  -0.0000002685  -0.0000058675  -0.0138705894
        0.0219707449  -0.0028860582   0.1063538835  -0.0599758917  -0.2113056744
       -0.0008787311   0.0024595997  -0.0020040861   0.0043426719  -0.0005124381
       -0.0030190676  -0.0004979662   0.0003904127   0.0004863879   0.0000063624
       -0.0000022005  -0.0000067122   0.0000010989  -0.0000041022  -0.0000012913
       -0.0000043120  -0.0000005344  -0.0000031468  -0.0000039982   0.0000012673
       -0.0000032861   0.0000006246   0.0000033496  -0.0000002251
        0.0000975819   0.0000097159  -0.0000189149  -0.0002209514   0.0000206957
       -0.0000428766   0.0001071012  -0.0000371329   0.0000032031   0.0001262399
        0.0000676960   0.0000800887   0.0001404275  -0.0001295666  -0.0001498817
       -0.0006704604   0.0008595665  -0.0001017234   0.0000234604  -0.0003527866
        0.0002623822  -0.0000516732   0.0000304667   0.0000192371   0.0000004181
       -0.0000287209   0.0000111860  -0.0000091628   0.0000065186   0.0000087301
       -0.0000020360  -0.0000213673   0.0000094074  -0.0000099990   0.0000413507
       -0.0000124879   0.0000261799  -0.0000780627   0.0000079813  -0.0000309968
        0.0000797950  -0.0000291071   0.0000185277   0.0000044327   0.0000090637
        0.0000079568   0.0000015503   0.0000001864   0.0000417102  -0.0000448718
        0.0000153174   0.0000017609   0.0000020532  -0.0000032460   0.0000027877
        0.0000044095   0.0000102856  -0.0000077505  -0.0000058959  -0.0000041895
       -0.0000039636  -0.0000015796   0.0000002750  -0.0000092660   0.0000012607
        0.0000028219  -0.0000062759  -0.0000023502  -0.0000011035   0.0000137182
        0.0000068764  -0.0000042664  -0.0000000067   0.0000098859   0.0000052697
       -0.0063383468  -0.0076818347   0.0148379972   0.0069159151   0.0020786159
       -0.0199364277  -0.0666193873   0.0383690052  -0.0214186757   0.3281539850
       -0.2406370541  -0.1212418122  -0.1263989710   0.0447392105   0.1289004455
       -0.0249186762   0.0347234734   0.0056111731  -0.0000071362  -0.0000064752
       -0.0000059375   0.0000029569  -0.0000022722  -0.0000006054  -0.0000011878
       -0.0000084901  -0.0000020576  -0.0000004025  -0.0000000751  -0.0000011154
        0.0000022383  -0.0000018507   0.0000015229  -0.0000031258  -0.0000014556
       -0.0000014978  -0.0000576321  -0.0000156742  -0.0000218446  -0.0000370386
        0.0000115924  -0.0000512055  -0.0000051250   0.0000029385  -0.0000003844
       -0.0000000356   0.0000064952  -0.0000037134  -0.0000024786   0.0000057818
        0.0000023631   0.0000048372   0.0000003274  -0.0000018383  -0.0000029995
       -0.0000018446  -0.0000018879  -0.0000034694  -0.0000009436   0.0000007802
       -0.0000035398   0.0000000125   0.0000006629  -0.0000030408  -0.0000004459
       -0.0000004063  -0.0000048940  -0.0000095726  -0.0000029505   0.0033217686
        0.0064549280   0.0012311079   0.0006665176  -0.0070996296   0.0136853841
       -0.1184120151   0.1227297297  -0.0031766933   0.0009119797  -0.0003051371
        0.0000139210   0.0032576401   0.0062092381   0.0015059751  -0.0000039615
        0.0000019261   0.0000012874  -0.0000004849   0.0000004866  -0.0000012359
        0.0000013756  -0.0000018675   0.0000002102  -0.0000003627  -0.0000013352
       -0.0000005523  -0.0000002313  -0.0000017426   0.0000003725
       -0.0001485924   0.0000416888   0.0000363346   0.0004141658  -0.0002542938
       -0.0000303057  -0.0001904987   0.0001174236  -0.0000388288   0.0000082777
        0.0000718792   0.0000599495  -0.0003797190   0.0001724086   0.0002158483
        0.0005963497  -0.0015124301   0.0000885936  -0.0000004905   0.0003774870
       -0.0004064404   0.0000944833  -0.0000210739   0.0000426391  -0.0000038749
        0.0000347334  -0.0000064475   0.0000091881  -0.0000144299  -0.0000122485
       -0.0000011227   0.0000289733  -0.0000073663   0.0000255452  -0.0000597224
        0.0000065167  -0.0000502876   0.0001014937  -0.0000091422   0.0000132841
       -0.0001544092   0.0000353315  -0.0000318994   0.0000188083  -0.0000041198
        0.0000055814  -0.0000160116  -0.0000184195  -0.0000984602   0.0001191105
       -0.0000180422  -0.0000093762  -0.0000066446   0.0000027877  -0.0000081333
       -0.0000159980  -0.0000158304   0.0000121321   0.0000082804   0.0000095782
        0.0000049286   0.0000005011   0.0000006341   0.0000073193  -0.0000011717
       -0.0000013074   0.0000107859  -0.0000005034  -0.0000023024  -0.0000270837
       -0.0000091198   0.0000004314   0.0000110634  -0.0000197906  -0.0000088259
       -0.0079211321   0.0010015788   0.0071746657   0.0195556267  -0.0360542045
        0.0186427393   0.0157746736  -0.1476052721   0.1440116572  -0.2406370541
        0.5092672786  -0.0854371649   0.0674150899  -0.1023699033  -0.0803615153
        0.0173149445  -0.0120129386  -0.0227137603   0.0000116673   0.0000089633
        0.0000089478   0.0000023048   0.0000012461   0.0000045476   0.0000036023
        0.0000059800   0.0000026991   0.0000023132  -0.0000029484  -0.0000003534
       -0.0000040006  -0.0000000507  -0.0000040889   0.0000085234  -0.0000036430
        0.0000034704   0.0001555545   0.0000065291   0.0000965874   0.0000911836
        0.0000622288  -0.0000118476   0.0000184439   0.0000087230  -0.0000033988
       -0.0000000081  -0.0000058480   0.0000044082   0.0000029708  -0.0000032668
       -0.0000033595  -0.0000055499  -0.0000046218   0.0000044364   0.0000008254
       -0.0000006924   0.0000028263   0.0000012955  -0.0000034750   0.0000002622
        0.0000001832  -0.0000028457   0.0000016153  -0.0000001996  -0.0000000979
        0.0000037533   0.0000035551   0.0000064620   0.0000061688   0.0062311027
       -0.0015780632   0.0014856724  -0.0002301407   0.0044283889  -0.0065491807
        0.1227159235  -0.2168417062   0.0095606911  -0.0071404449   0.0042970196
        0.0130774001   0.0063548221  -0.0016067291   0.0010885435   0.0000113950
       -0.0000070880  -0.0000063346   0.0000047777  -0.0000010677  -0.0000015253
       -0.0000015769  -0.0000007887  -0.0000033503  -0.0000018022   0.0000000333
       -0.0000024006  -0.0000024355   0.0000036306  -0.0000018296
       -0.0000168650   0.0000139853   0.0000696546   0.0000138885  -0.0000104037
       -0.0001236286  -0.0000347850   0.0000216786   0.0000896231   0.0000732508
       -0.0004482351  -0.0000569409   0.0003617776   0.0002166765  -0.0000655787
        0.0000032502   0.0001022492  -0.0005149128   0.0000248934   0.0003629447
        0.0002063150  -0.0000384976  -0.0001019229  -0.0000554953   0.0000019435
        0.0000374412  -0.0000131830   0.0000223992  -0.0000035866   0.0000106653
       -0.0000108392  -0.0000019323  -0.0000026132  -0.0000279570   0.0000149160
        0.0000148834  -0.0000106676  -0.0000137025   0.0000043276   0.0000139921
        0.0001151536   0.0000511999   0.0000107675  -0.0000321899  -0.0000083190
       -0.0000182167  -0.0000056624  -0.0000064305   0.0000495180  -0.0000075040
        0.0000560234  -0.0000031267   0.0000077944   0.0000043380   0.0000117542
       -0.0000023231   0.0000023009  -0.0000080964  -0.0000046498  -0.0000036899
        0.0000036920  -0.0000018423  -0.0000034625   0.0000015715   0.0000002867
       -0.0000023982  -0.0000109182   0.0000073829  -0.0000016290  -0.0000057449
       -0.0000006511   0.0000084985  -0.0000113097   0.0000033800   0.0000075756
        0.0154275849   0.0073403002  -0.0606468481  -0.0530799276   0.0655804602
        0.0210364287   0.0218378804   0.0813241503  -0.2596611883  -0.1212418122
       -0.0854371649   0.6038540233   0.0850748828  -0.0179952939  -0.2457044017
        0.0382287453  -0.0696069716   0.0293363294   0.0000001488  -0.0000001127
       -0.0000027257  -0.0000016026   0.0000039846  -0.0000021223  -0.0000045761
       -0.0000049072  -0.0000022014   0.0000039732   0.0000028701  -0.0000021067
        0.0000035432  -0.0000015454   0.0000016734   0.0000000210   0.0000004055
       -0.0000033383  -0.0000120202  -0.0000125606  -0.0000081666  -0.0001497249
       -0.0001326411   0.0001305210  -0.0000254303  -0.0000211661   0.0000083884
       -0.0000079266   0.0000012750   0.0000015194  -0.0000067048  -0.0000042309
        0.0000041529  -0.0000064539   0.0000060016  -0.0000009059   0.0000004817
        0.0000007995  -0.0000008222  -0.0000001423   0.0000002489  -0.0000021626
        0.0000009679   0.0000016310  -0.0000013690   0.0000017514   0.0000015091
       -0.0000008140   0.0000027204   0.0000118290  -0.0000019657   0.0014321059
        0.0009213170   0.0018155759   0.0006794692   0.0124563150  -0.0240883052
       -0.0031458060   0.0095656254  -0.0434637196   0.0133619432  -0.0057446570
       -0.0240876750   0.0012141943   0.0014791548   0.0018249262   0.0000021393
       -0.0000034431  -0.0000002890   0.0000029293   0.0000013765   0.0000003189
        0.0000047747  -0.0000007506   0.0000011775   0.0000042058  -0.0000008132
       -0.0000002435   0.0000019899  -0.0000022786  -0.0000007880
        0.0000813994   0.0001265152  -0.0000348858  -0.0002924321  -0.0002160184
       -0.0001544138  -0.0000230531   0.0000127540   0.0001073072  -0.0000244334
       -0.0001182222  -0.0000715606   0.0001716815  -0.0004519441   0.0005996590
        0.0061328459   0.0012428603   0.0013813810  -0.0005436788   0.0016772732
       -0.0005165041   0.0001064542  -0.0001374464  -0.0005404991  -0.0000130890
        0.0001352805  -0.0000285492   0.0000304586   0.0000556285   0.0000208284
        0.0000100399   0.0000467973  -0.0000214531   0.0000125243  -0.0000775495
        0.0000960494  -0.0000814532   0.0001383472  -0.0000344197   0.0002216107
       -0.0002368283  -0.0001627629   0.0000058699  -0.0000653314  -0.0000043652
        0.0000158167  -0.0000289347  -0.0000286031   0.0000213955   0.0000117974
        0.0000635316   0.0000045814  -0.0000030720  -0.0000142168  -0.0000060157
        0.0000006973  -0.0000015254   0.0000028856   0.0000042544  -0.0000022541
       -0.0000061761   0.0000029826   0.0000044493  -0.0000003053   0.0000067338
        0.0000055077   0.0000060808  -0.0000011795  -0.0000023343   0.0000087051
        0.0000002905  -0.0000034901   0.0000290901   0.0000090165   0.0000008409
        0.0059967577   0.0196491874  -0.0510119616  -0.0285171643   0.0243095455
        0.0164046939   0.0153321010  -0.0384378544   0.0348861095  -0.1263989710
        0.0674150899   0.0850748828   0.3213194374  -0.2311340684  -0.1203862335
       -0.1413355432   0.1201989518   0.0273028516   0.0000023873  -0.0000025136
       -0.0000016874   0.0000116863  -0.0000019325   0.0000013756   0.0000023306
        0.0000007659   0.0000020672  -0.0000018311  -0.0000028930  -0.0000012244
       -0.0000033439   0.0000020430  -0.0000025451   0.0000023869   0.0000038561
        0.0000034644   0.0000131353  -0.0000078514  -0.0000001519  -0.0000999422
       -0.0000013163   0.0002225380  -0.0000291556  -0.0000163419  -0.0000043528
       -0.0000095120  -0.0000011476   0.0000013897   0.0000026827  -0.0000113185
       -0.0000137528  -0.0000001290   0.0000015230  -0.0000016541   0.0000049325
       -0.0000026025   0.0000006024   0.0000047875  -0.0000021553  -0.0000014255
       -0.0000020729  -0.0000037958  -0.0000021053  -0.0000056933  -0.0000017253
       -0.0000001880  -0.0000038482  -0.0000010125   0.0000040317  -0.0004351943
        0.0000314266   0.0000800522   0.0054390827   0.0031625574   0.0010633933
       -0.0095640034   0.0073617761   0.0140220224  -0.0384130790   0.0113909527
       -0.0097044377  -0.0091821008   0.0139732671   0.0014013572   0.0000008070
       -0.0000043349   0.0000019989   0.0000011112   0.0000008076   0.0000011516
       -0.0000010379  -0.0000005606   0.0000002927  -0.0000007603  -0.0000020764
        0.0000000874  -0.0000010465  -0.0000009516  -0.0000003596
       -0.0002311269   0.0000062664  -0.0000258049   0.0007335229  -0.0002833405
        0.0002435335  -0.0001614147   0.0001245777  -0.0001690552  -0.0004082882
        0.0005372071   0.0003076734   0.0004979711  -0.0011856678  -0.0004484040
        0.0018165037   0.0032575728   0.0036367950  -0.0001131902  -0.0007649792
        0.0004242466  -0.0001515236   0.0000694471  -0.0004052944  -0.0000760879
       -0.0000652874   0.0000039213   0.0000282093  -0.0000077560   0.0000589723
        0.0000083082  -0.0000655625   0.0000233786   0.0000208409   0.0001322307
        0.0000156160   0.0000779758  -0.0001534946   0.0000498959  -0.0001281780
        0.0001455313  -0.0003625474   0.0000357822   0.0000573244   0.0000471975
        0.0000113938  -0.0000445258  -0.0000217335  -0.0001938268   0.0001757127
       -0.0001154068  -0.0000215004   0.0000188528   0.0000251391   0.0000191271
       -0.0000066362  -0.0000012415  -0.0000129591  -0.0000046772  -0.0000016793
        0.0000213435  -0.0000050424  -0.0000070387  -0.0000007601  -0.0000111948
       -0.0000107058  -0.0000140950   0.0000008115   0.0000034601  -0.0000157165
        0.0000084151   0.0000014828  -0.0000173487  -0.0000151094  -0.0000041040
        0.0024389469  -0.0364199263   0.0632362805   0.0235416388  -0.0285684162
       -0.0208889697  -0.0213618592   0.0403611411  -0.0162112161   0.0447392105
       -0.1023699033  -0.0179952939  -0.2311340684   0.4970457369  -0.0941577600
        0.1438339040  -0.2436944810  -0.0159721575  -0.0000019325   0.0000025809
        0.0000019213  -0.0000028607  -0.0000049684   0.0000123477  -0.0000069392
       -0.0000033373  -0.0000036095   0.0000025019   0.0000068260   0.0000001143
        0.0000020618  -0.0000057268   0.0000025948  -0.0000012004  -0.0000071628
       -0.0000036972   0.0001074363  -0.0000043159   0.0001217975   0.0001885260
        0.0001402777   0.0000292881   0.0000396781   0.0000174793  -0.0000200135
        0.0000037072   0.0000171282  -0.0000059756  -0.0000141807   0.0000050563
       -0.0000172982  -0.0000064853  -0.0000063306   0.0000044800  -0.0000077007
        0.0000026539   0.0000033527  -0.0000068943   0.0000014990   0.0000027832
        0.0000025242   0.0000056352   0.0000064229   0.0000093601   0.0000021469
        0.0000032904   0.0000056037  -0.0000058588   0.0000014621   0.0002095925
        0.0000373698  -0.0005844794   0.0029740093   0.0012258412   0.0045522817
        0.0144135430  -0.0093542126  -0.0198288737   0.0110480930  -0.1116744328
        0.1156160767   0.0072447383  -0.0086939703  -0.0011591180   0.0000154278
        0.0000067645  -0.0000084401   0.0000025375   0.0000047868  -0.0000025589
       -0.0000009726   0.0000003582  -0.0000017620  -0.0000012782   0.0000044004
       -0.0000013481  -0.0000016312   0.0000046851  -0.0000002193
        0.0001291286   0.0001804395  -0.0000638295  -0.0005664633  -0.0003219834
       -0.0002320175   0.0001657257   0.0000522602   0.0001702426   0.0003158229
        0.0000638648   0.0002493532   0.0003732404  -0.0002097267  -0.0002704758
        0.0008979533   0.0045267070  -0.0035242376  -0.0006234654   0.0007432919
        0.0000251639   0.0001555023   0.0003803354   0.0001929690  -0.0000047960
        0.0000410425  -0.0000134498   0.0000059966   0.0000143894  -0.0000282781
        0.0000024845  -0.0000359990   0.0000140346  -0.0000567346   0.0000385587
       -0.0000147376   0.0000794264  -0.0001373964   0.0000101719  -0.0000331914
        0.0001116679  -0.0000795387   0.0000196240  -0.0000298228   0.0000258002
       -0.0000061807  -0.0000136567  -0.0000140728   0.0001917914  -0.0000464300
        0.0001130194  -0.0000096499   0.0000123397  -0.0000040229   0.0000187970
        0.0000070601   0.0000157204  -0.0000144425  -0.0000105856  -0.0000070976
       -0.0000035325  -0.0000052930   0.0000011767   0.0000007418   0.0000023327
        0.0000079082  -0.0000084009   0.0000056570   0.0000055355   0.0000032263
       -0.0000012130   0.0000094935  -0.0000040330   0.0000312889   0.0000236315
       -0.0204946662   0.0170522919   0.0211863110   0.0170914420  -0.0221936222
       -0.0107414746   0.0023247810   0.0303266226  -0.0618323575   0.1289004455
       -0.0803615153  -0.2457044017  -0.1203862335  -0.0941577600   0.6234379392
       -0.0152912758   0.0456933081  -0.0917554845  -0.0000108581  -0.0000165919
       -0.0000140051   0.0000088789   0.0000031522  -0.0000036334  -0.0000065976
       -0.0000123781  -0.0000048141   0.0000019707   0.0000057154  -0.0000012916
        0.0000031639   0.0000028748   0.0000045923  -0.0000062507   0.0000093801
       -0.0000011671  -0.0000813328  -0.0000030742  -0.0000596366  -0.0000765549
       -0.0000128201  -0.0000585989  -0.0000166924  -0.0000027452   0.0000115263
       -0.0000035205   0.0000007119   0.0000009559  -0.0000016486  -0.0000010897
        0.0000187649   0.0000117169  -0.0000021100   0.0000015415   0.0000077064
       -0.0000026253  -0.0000003044   0.0000078248  -0.0000043254   0.0000018504
        0.0000059157  -0.0000061987   0.0000006624   0.0000001350  -0.0000044279
        0.0000018624   0.0000036439   0.0000119856  -0.0000007115   0.0001506417
       -0.0005359613   0.0005866372   0.0013674474   0.0041510446  -0.0034437747
        0.0008741803  -0.0009026554   0.0000362310  -0.0098487291   0.1156325967
       -0.2275605511   0.0144414038  -0.0200743574  -0.0007320429  -0.0000091660
       -0.0000068490   0.0000031945  -0.0000002023   0.0000066783   0.0000005892
        0.0000030817   0.0000032697   0.0000031710   0.0000023418   0.0000029697
        0.0000039405  -0.0000015637  -0.0000006236   0.0000020173
       -0.0002519807  -0.0001466077   0.0000265662   0.0008170905   0.0002736689
        0.0003397571  -0.0001825555   0.0000047034  -0.0001809466  -0.0033732504
        0.0015308918  -0.0007639771  -0.0007787836  -0.0000209078   0.0000649151
       -0.0000302025   0.0097016588  -0.0137413107  -0.0014174665   0.0015550194
        0.0000902960   0.0005480273   0.0007225466   0.0004550930  -0.0002326516
        0.0000926584   0.0000512010  -0.0000610656  -0.0000203403  -0.0000685539
        0.0000424743   0.0000183069  -0.0000067379   0.0001213262  -0.0001342421
       -0.0000330198   0.0000155363   0.0002369903  -0.0000829419   0.0003103258
       -0.0002471836   0.0001902137   0.0000069307  -0.0000061999  -0.0000273017
        0.0000798531  -0.0000786297  -0.0001426036  -0.0002681702   0.0001384245
       -0.0000059558   0.0000099169   0.0000088413   0.0000193156  -0.0000091117
       -0.0000227123  -0.0000072864   0.0000093094   0.0000147442   0.0000104216
        0.0000277946  -0.0000065038  -0.0000087565   0.0000050759  -0.0000033318
       -0.0000071793   0.0000123883  -0.0000242361  -0.0000178841  -0.0000264224
       -0.0000264833   0.0000343429  -0.0000110198  -0.0000602318  -0.0000278633
       -0.0679166826   0.0155838735   0.0186812945   0.0151692597  -0.0210516011
        0.0022729981  -0.0110362647   0.0160971958  -0.0154895455  -0.0249186762
        0.0173149445   0.0382287453  -0.1413355432   0.1438339040  -0.0152912758
        0.3304952377  -0.2387157625  -0.1285202232   0.0000109886   0.0000272098
        0.0000172028  -0.0000126703   0.0000082625   0.0000071044   0.0000105779
        0.0000167163   0.0000090247   0.0000049494  -0.0000005188   0.0000047931
        0.0000066696   0.0000026573   0.0000064495   0.0000161837  -0.0000243318
        0.0000065731   0.0000791977   0.0000255107   0.0001010305  -0.0000799776
       -0.0001214793  -0.0002299288   0.0000204923   0.0000117566   0.0000118686
       -0.0000015926   0.0000538315  -0.0000280952  -0.0000089888   0.0000430833
       -0.0000010724  -0.0000236350   0.0000180435  -0.0000040427  -0.0000173362
        0.0000100210   0.0000047207  -0.0000171850   0.0000085263   0.0000067575
       -0.0000081706   0.0000165271   0.0000125467   0.0000027792   0.0000253078
        0.0000154302  -0.0000085414   0.0000127933  -0.0000410207   0.0032499069
        0.0038246709   0.0046328304   0.0000533758  -0.0000733011  -0.0005433952
        0.0034824949   0.0040260241   0.0043686851  -0.0012353369   0.0031656218
       -0.0010116166  -0.1013199617   0.0423633286   0.1066479622   0.0000063696
       -0.0000016211  -0.0000135071  -0.0000040653  -0.0000094369  -0.0000043422
       -0.0000113124  -0.0000040930  -0.0000066337  -0.0000129844   0.0000024320
       -0.0000084925  -0.0000029268   0.0000090588  -0.0000026297
       -0.0001171832  -0.0000508472  -0.0001084205   0.0008024245  -0.0000933008
        0.0005748630  -0.0001887438  -0.0000354021  -0.0003104830   0.0002240643
        0.0006263629  -0.0002934555  -0.0026417116  -0.0000924076   0.0022215152
        0.0099624343  -0.0262050025   0.0218591084   0.0030765991   0.0003570216
       -0.0008286480  -0.0001197844  -0.0020728106  -0.0007683888   0.0002351090
        0.0000674213  -0.0001029463   0.0000461202  -0.0000418084   0.0001368609
        0.0000217951   0.0001510127  -0.0000785703   0.0000940172  -0.0002392810
        0.0002489307  -0.0004141313   0.0005431761  -0.0000414235   0.0001579258
       -0.0006829083  -0.0002911186  -0.0000401293  -0.0000613330  -0.0000334182
        0.0000215822  -0.0000519549  -0.0000176654  -0.0001552609   0.0001634470
       -0.0001171271  -0.0000203236   0.0000110526   0.0000091787   0.0000103492
       -0.0000020629   0.0000001670   0.0000001986  -0.0000057912  -0.0000077627
        0.0000062233  -0.0000055349  -0.0000073147   0.0000000965  -0.0000011950
       -0.0000033989   0.0000025276   0.0000054035   0.0000015571  -0.0000366933
        0.0000034730  -0.0000089625   0.0000329921  -0.0000006037  -0.0000106409
        0.0312102661  -0.1324040326   0.0784542449  -0.0347065573   0.0381773964
        0.0272295313   0.0153862122  -0.0413791465   0.0264933033   0.0347234734
       -0.0120129386  -0.0696069716   0.1201989518  -0.2436944810   0.0456933081
       -0.2387157625   0.4936969132  -0.0722795273  -0.0000073360  -0.0000083043
       -0.0000041393   0.0000111430  -0.0000032974   0.0000083533  -0.0000040919
       -0.0000014324  -0.0000027461   0.0000023691   0.0000051933   0.0000006262
        0.0000024062  -0.0000033152   0.0000027275  -0.0000014213  -0.0000018787
       -0.0000016169  -0.0000181216   0.0000091249   0.0000342065   0.0000896661
        0.0000923809   0.0004693856   0.0000055249  -0.0000125207  -0.0000307070
        0.0000140208  -0.0000152885   0.0000091164  -0.0000128181  -0.0000076061
       -0.0000237606  -0.0000006278  -0.0000103439   0.0000018540  -0.0000017217
        0.0000004296   0.0000028376  -0.0000004931  -0.0000013930   0.0000013701
        0.0000043871   0.0000005464   0.0000011924   0.0000023904   0.0000015587
        0.0000035152   0.0000060907   0.0000140209   0.0000224994   0.0038201386
        0.0021959845  -0.0008857738  -0.0001454803  -0.0003701447   0.0004247928
        0.0039790024   0.0025086606  -0.0005350920   0.0103305295  -0.0152027055
        0.0033157933   0.0428695424  -0.0638729353  -0.0608234099   0.0000041451
        0.0000050076   0.0000035171   0.0000012705   0.0000029670   0.0000006318
       -0.0000017587  -0.0000010627  -0.0000004502  -0.0000020497   0.0000028596
       -0.0000005029  -0.0000037879   0.0000036568  -0.0000005452
        0.0000599824   0.0000437218  -0.0004118081  -0.0004754377   0.0000242555
        0.0011672445   0.0005509638  -0.0000650840  -0.0002380241  -0.0006674915
        0.0009619700  -0.0010092514   0.0013846445  -0.0025983166  -0.0003060671
       -0.0063187099   0.0118865440  -0.0026053635   0.0000667759  -0.0027093946
        0.0012766126  -0.0002441690   0.0006916318   0.0000508112   0.0000830757
       -0.0002223695   0.0000361498  -0.0000002264   0.0001004662  -0.0000334214
       -0.0000261513  -0.0000449901   0.0000294939  -0.0001244336   0.0002350547
       -0.0000970756   0.0002075520  -0.0003911637   0.0000120787   0.0000057216
        0.0005214550  -0.0001414393   0.0000147945   0.0000182636   0.0000732235
        0.0000240157   0.0000048151   0.0000601505  -0.0000875261   0.0000217089
       -0.0002391042   0.0000288869  -0.0000149941  -0.0000351638  -0.0000093593
        0.0000116533  -0.0000115587   0.0000159878   0.0000015547   0.0000023187
       -0.0000286635   0.0000123760   0.0000159540  -0.0000114681   0.0000074023
        0.0000158347  -0.0000021852   0.0000116789  -0.0000010479   0.0000175282
        0.0000292073  -0.0000421962   0.0000369643   0.0000190358  -0.0000188294
       -0.0179871609   0.1314151980  -0.2484857977   0.0318526928  -0.0149379835
       -0.0587384926  -0.0145891350   0.0256742984  -0.0151620469   0.0056111731
       -0.0227137603   0.0293363294   0.0273028516  -0.0159721575  -0.0917554845
       -0.1285202232  -0.0722795273   0.6095971617  -0.0000047779  -0.0000088209
       -0.0000007524   0.0000157279  -0.0000076608  -0.0000072164  -0.0000067403
        0.0000019298  -0.0000031275  -0.0000128679  -0.0000045123  -0.0000098978
       -0.0000168099   0.0000010822  -0.0000116495  -0.0000031604   0.0000190536
        0.0000012103  -0.0001708863  -0.0001104695  -0.0001849717   0.0001843091
        0.0001623239  -0.0002633193  -0.0000298121   0.0000189945  -0.0000055066
       -0.0000093066  -0.0000591147   0.0000210356   0.0000321995  -0.0000463874
        0.0000067853   0.0000453714  -0.0000229141   0.0000075605   0.0000158857
       -0.0000076423   0.0000036683   0.0000204599  -0.0000033867  -0.0000015789
        0.0000070727  -0.0000153710  -0.0000097126  -0.0000066984  -0.0000184806
       -0.0000066382  -0.0000057137  -0.0000414568   0.0000275967   0.0043834749
       -0.0003028987  -0.0031028228  -0.0004744718   0.0004846760   0.0004913794
        0.0046420812  -0.0008772168  -0.0029083951  -0.0139759045   0.0219446741
       -0.0029185824   0.1071911546  -0.0608591734  -0.2135050973   0.0000024038
        0.0000088767   0.0000208220  -0.0000003119   0.0000032553   0.0000047577
        0.0000006940   0.0000044564   0.0000039533   0.0000037626  -0.0000026342
        0.0000050880   0.0000015945  -0.0000037320   0.0000042203
       -0.0003011906  -0.0002246175   0.0001786448  -0.0005126508   0.0008052774
       -0.0003563251   0.0001844907  -0.0001853235  -0.0000549456   0.0002452536
       -0.0001582430   0.0001179270   0.0000418010  -0.0000872160  -0.0000049163
        0.0000458315   0.0000120223   0.0000150845   0.0000126773  -0.0000220346
       -0.0000033877  -0.0000364845  -0.0000167230   0.0000709997  -0.0000112882
       -0.0000045552  -0.0000031384  -0.0000147850  -0.0000010023   0.0000043827
        0.0000104243  -0.0000220201  -0.0000045655  -0.0000147269  -0.0000050325
       -0.0000016743  -0.0001537683   0.0000495344   0.0000370334  -0.0008102591
       -0.0009021620  -0.0002215472  -0.0033747328   0.0010296954   0.0025608773
       -0.0283371397  -0.0189169067  -0.0122794502   0.0008042178  -0.0015053308
       -0.0010209514  -0.1206723810  -0.0611877592  -0.0434547374   0.0086229511
       -0.0030636141  -0.0009082277   0.0006763896   0.0022355556   0.0037034497
        0.0006315649   0.0000191998  -0.0001224350   0.0000088421   0.0002826515
        0.0001172866  -0.0000163642  -0.0002185728  -0.0001948450   0.0000266908
        0.0005597731   0.0002196821  -0.0007388521  -0.0006568960  -0.0005192261
        0.0000048118   0.0000111929  -0.0000072084   0.0000054206  -0.0000107679
       -0.0000041981  -0.0000014590   0.0000006775   0.0000058076  -0.0000071362
        0.0000116673   0.0000001488   0.0000023873  -0.0000019325  -0.0000108581
        0.0000109886  -0.0000073360  -0.0000047779   0.4768433488  -0.0184414962
        0.2154446494  -0.0859146029   0.0109105988  -0.0214611824   0.0305409732
       -0.0093352732   0.0209419585  -0.0193447550   0.0302311409  -0.0081865312
       -0.0431714359  -0.0440786717  -0.0298352320  -0.2087911337   0.0892389433
       -0.1074980731   0.0000136189   0.0000132365  -0.0000086252  -0.0000023262
       -0.0000058894  -0.0000083367   0.0000016423  -0.0000011640   0.0000062175
        0.0000081718   0.0000033057  -0.0000019644  -0.0000016363   0.0000024550
        0.0000014884  -0.0000310503  -0.0000155939   0.0000124584   0.0004803516
        0.0016942159   0.0001224115   0.0000002347  -0.0000232692   0.0000542056
        0.0000391517   0.0000990995   0.0000596953   0.0000235405   0.0000079065
        0.0000572268   0.0000794494   0.0000380328   0.0000419813  -0.0000011072
        0.0000047312  -0.0000011377  -0.0000011768   0.0000003137  -0.0000043250
        0.0000017582  -0.0000025414  -0.0000012886   0.0000008035  -0.0000006815
        0.0000046202  -0.0000032381   0.0000021532   0.0000080822  -0.0037567572
        0.0225856608  -0.0040848949   0.0006711957  -0.0030896602  -0.0053464658
        0.0001836756   0.0006414635   0.0000473819   0.0007168893  -0.0026412677
       -0.0050758018  -0.0049171100   0.0043430499  -0.0031424267
       -0.0003027384  -0.0003752742  -0.0000255756  -0.0000116111   0.0014474908
       -0.0000722698   0.0001324570  -0.0002525507  -0.0001625601   0.0000795257
       -0.0002968189   0.0000553492   0.0000292117   0.0001426447  -0.0000492310
       -0.0000225316   0.0000023298  -0.0000618384   0.0000056867  -0.0000234774
       -0.0000008853  -0.0000112381  -0.0000023562  -0.0000262249  -0.0000357922
        0.0000007658   0.0000129071  -0.0000064729  -0.0000266501   0.0000093459
        0.0000107084  -0.0000462448   0.0000147147   0.0000191462   0.0000318674
        0.0000182739   0.0001278957  -0.0000301671  -0.0000415675   0.0000353118
        0.0000841426   0.0003017348   0.0012630777   0.0044590690  -0.0009824629
       -0.0137999406   0.0006665616  -0.0015703970   0.0014344699  -0.0016134842
        0.0009039084  -0.0607001899  -0.1305307146  -0.0471558241  -0.0096011671
       -0.0254589447  -0.0166746929   0.0016236706   0.0020952466  -0.0055142401
       -0.0004023137  -0.0005742269  -0.0007229018  -0.0000585156  -0.0005595760
        0.0002176718   0.0002923648  -0.0003154401  -0.0003975017   0.0003087804
        0.0003276163   0.0011478046  -0.0001096511  -0.0016033062  -0.0012190471
       -0.0000009374   0.0000437695  -0.0000104928   0.0000033721  -0.0000318825
        0.0000189483  -0.0000059696   0.0000008748   0.0000167213  -0.0000064752
        0.0000089633  -0.0000001127  -0.0000025136   0.0000025809  -0.0000165919
        0.0000272098  -0.0000083043  -0.0000088209  -0.0184414962   0.6381205526
        0.0134677677   0.0648754699  -0.3049430111   0.0426345358  -0.0570462585
       -0.0526683287  -0.0401626490   0.0296138261  -0.0361566623   0.0194450800
        0.0055240791   0.0535025358   0.0038961824   0.0344259339  -0.1155240681
        0.0174415550   0.0000814005  -0.0000145708   0.0000127443   0.0000257734
        0.0000062890   0.0000073761   0.0000273637   0.0000073651  -0.0000078552
        0.0000140462   0.0000239070  -0.0000112760  -0.0000061439   0.0000242851
       -0.0000096481   0.0000231125  -0.0000566097   0.0000066548  -0.0004425788
       -0.0008152621   0.0017700875  -0.0001351429   0.0001016510   0.0000085680
       -0.0000354901  -0.0000206882   0.0000011475  -0.0000044029   0.0001409367
       -0.0000808892   0.0000292667   0.0000102420   0.0000165235   0.0000008395
        0.0000098329   0.0000005600   0.0000113912  -0.0000083440  -0.0000116241
        0.0000122090  -0.0000100321   0.0000004636   0.0000042204  -0.0000084493
        0.0000106848  -0.0000115778   0.0000071980  -0.0000028844   0.0041901155
       -0.0121694103   0.0020784308  -0.0027412979  -0.0018335114  -0.0022427968
        0.0005218318  -0.0000362339   0.0005868619  -0.0032475966  -0.0016683594
       -0.0021094157   0.0224162758  -0.0135857580   0.0152496735
       -0.0003776193  -0.0003262784   0.0000178448  -0.0003865016   0.0016287944
       -0.0000401236   0.0000603108  -0.0002112133  -0.0001180573   0.0001774378
       -0.0001759846   0.0001037703   0.0000563409  -0.0001382936  -0.0000718430
       -0.0000738816  -0.0000201437  -0.0000088625   0.0000123439   0.0000176039
       -0.0000166528   0.0000014874   0.0000308660  -0.0000274326  -0.0000170942
       -0.0000076912   0.0000047024  -0.0000078424  -0.0000207853   0.0000133920
        0.0000180266  -0.0000171665  -0.0000016178   0.0000091411  -0.0000023291
        0.0000006400   0.0001356915  -0.0000179782  -0.0000313051  -0.0002409295
        0.0002922205   0.0002208067   0.0027059295  -0.0019297571   0.0026545104
       -0.0027225070   0.0023284050   0.0025389954   0.0004774386   0.0006746948
       -0.0006589508  -0.0435444463  -0.0480714761  -0.0853632912  -0.0090775140
       -0.0224570460  -0.0127204489   0.0034099687  -0.0046147485   0.0043924012
       -0.0002481538  -0.0009800781  -0.0007156975   0.0002614377   0.0004633694
       -0.0004937151  -0.0001838135  -0.0000391130   0.0000340274  -0.0001812139
        0.0007583141  -0.0005517388  -0.0007074909  -0.0002073385  -0.0003310355
        0.0000043004   0.0000274168  -0.0000013211  -0.0000024951  -0.0000212369
        0.0000116798  -0.0000061402   0.0000013007   0.0000128963  -0.0000059375
        0.0000089478  -0.0000027257  -0.0000016874   0.0000019213  -0.0000140051
        0.0000172028  -0.0000041393  -0.0000007524   0.2154446494   0.0134677677
        0.2850593816  -0.0222709317   0.0033964732  -0.0611064610   0.0184769287
       -0.0070193177   0.0131043354  -0.0079483323   0.0192272696  -0.0111899871
       -0.0293484819  -0.0276317838  -0.0197413525  -0.1060607785   0.0565853949
       -0.1205914609   0.0000564962   0.0000086591  -0.0000006969   0.0000189811
        0.0000063500   0.0000028720   0.0000207443   0.0000075163  -0.0000133637
        0.0000064655   0.0000161850  -0.0000123171  -0.0000072672   0.0000149016
       -0.0000092027   0.0000027951  -0.0000364946  -0.0000114096  -0.0011044139
        0.0017051360  -0.0016157699  -0.0000633685  -0.0000786363   0.0001654995
       -0.0000311634  -0.0000069372  -0.0000174948   0.0000390939  -0.0001138433
        0.0001612220   0.0000012294  -0.0000273082   0.0000052569   0.0000015848
        0.0000058857  -0.0000016137   0.0000083908  -0.0000089677  -0.0000097179
        0.0000083562  -0.0000111166  -0.0000000970   0.0000046333  -0.0000058138
        0.0000104048  -0.0000074491   0.0000076877  -0.0000061618  -0.0031676674
        0.0150728435  -0.0013796937  -0.0049843457  -0.0021592636   0.0046377730
        0.0001497676   0.0003966699   0.0000424371  -0.0052237364  -0.0021668991
        0.0046081717  -0.0035839696   0.0023765845  -0.0009266438
       -0.0000835178   0.0001114131  -0.0005511117   0.0003403923  -0.0005687236
        0.0007624587   0.0000168064   0.0001628888  -0.0002207469  -0.0000020614
        0.0001347574  -0.0000025914  -0.0000345747  -0.0001104933  -0.0000206615
        0.0000414239  -0.0000073954   0.0000010868   0.0000053979   0.0000208761
       -0.0000014189   0.0000209408  -0.0000152946  -0.0000092511   0.0000150684
        0.0000138009  -0.0000116866   0.0000045794   0.0000128654  -0.0000087077
       -0.0000090276   0.0000281417  -0.0000103335   0.0000088741   0.0000294118
       -0.0000004117  -0.0000449833   0.0000463957   0.0000142277   0.0001307189
       -0.0000511417   0.0000308751   0.0000614273   0.0007688597   0.0000642833
       -0.0010481482  -0.0010171487  -0.0006861092  -0.0018203323  -0.0004777270
        0.0000270661   0.0046444093  -0.0165371881   0.0014847474  -0.0016275568
       -0.0017443785  -0.0008675065   0.0001723279   0.0001210628  -0.0011457949
       -0.0002729091  -0.0000420913  -0.0000266332  -0.0001058719  -0.0000922625
        0.0000506179   0.0001131763  -0.0000462107  -0.0000815863   0.0001753689
        0.0001414293   0.0001922016   0.0000982246  -0.0003348185  -0.0002648050
        0.0000069385  -0.0000339900   0.0000056208   0.0000018276   0.0000181155
       -0.0000105682   0.0000055044  -0.0000026114  -0.0000062498   0.0000029569
        0.0000023048  -0.0000016026   0.0000116863  -0.0000028607   0.0000088789
       -0.0000126703   0.0000111430   0.0000157279  -0.0859146029   0.0648754699
       -0.0222709317   0.5031381249  -0.0080219815   0.2607988223  -0.1746877609
       -0.1279107101  -0.0889841236  -0.0430791023   0.0053224539  -0.0297576920
       -0.0042015584  -0.0187621099   0.0003971643   0.0044103228   0.0277594062
        0.0025887822  -0.0000273617  -0.0000488104   0.0000561218  -0.0000153150
       -0.0000021753  -0.0000005667  -0.0000200544  -0.0000097040   0.0000053687
       -0.0000113577  -0.0000157331   0.0000051407   0.0000001852  -0.0000143119
        0.0000004845  -0.0000145372   0.0000285619  -0.0000182264  -0.0000310267
       -0.0000923618   0.0003275740   0.0000135879   0.0000167939  -0.0000143018
       -0.0000002436  -0.0000563497  -0.0000435646  -0.0000204029  -0.0000221650
       -0.0000408389  -0.0000379823  -0.0000131810  -0.0000083049   0.0000010495
       -0.0000046915  -0.0000045332  -0.0000049596   0.0000034739   0.0000049809
       -0.0000063976   0.0000055594   0.0000018765  -0.0000085526   0.0000113651
       -0.0000055274  -0.0000026145  -0.0000097101   0.0000076159  -0.2005171620
        0.0713037614  -0.1113050853   0.0024329261   0.0013493633   0.0012278883
       -0.0012730132   0.0017622114  -0.0061158669   0.0004488753  -0.0003773787
        0.0004667743  -0.0013874628   0.0023838235  -0.0060490465
       -0.0005953232   0.0001412472   0.0002507468   0.0008199550   0.0003930991
       -0.0005204269  -0.0000924857  -0.0001110674   0.0001456597  -0.0000538959
       -0.0000403925   0.0000554899   0.0000389997   0.0000937426  -0.0000216339
       -0.0000009145  -0.0000181106  -0.0000045750  -0.0000148357  -0.0000298938
        0.0000083606  -0.0000114402  -0.0000016344   0.0000045047  -0.0000071386
       -0.0000030075   0.0000040556  -0.0000105558  -0.0000092123   0.0000017465
       -0.0000006250  -0.0000075376   0.0000016249   0.0000183121  -0.0000222524
        0.0000073411   0.0000006494  -0.0000098205  -0.0000211406   0.0000123233
       -0.0000068380  -0.0000782367  -0.0002896332  -0.0002259745  -0.0005843530
        0.0029725680   0.0003088564   0.0010959569  -0.0007722886  -0.0008090700
        0.0004205534  -0.0070354590  -0.0319542652  -0.0070473841  -0.0022217914
        0.0017786113   0.0016678916  -0.0004333539  -0.0004770946  -0.0018933132
       -0.0001742716   0.0001910561   0.0001654176  -0.0000548906  -0.0001709704
       -0.0000266429   0.0000339779   0.0000700721   0.0000489340  -0.0000204145
       -0.0002860218  -0.0000491365   0.0004833756   0.0003326877   0.0002637074
       -0.0000035275   0.0000093664  -0.0000002070   0.0000014545  -0.0000046632
       -0.0000034868  -0.0000012727   0.0000005583   0.0000029250  -0.0000022722
        0.0000012461   0.0000039846  -0.0000019325  -0.0000049684   0.0000031522
        0.0000082625  -0.0000032974  -0.0000076608   0.0109105988  -0.3049430111
        0.0033964732  -0.0080219815   0.6444099652   0.0037757055  -0.0627688212
       -0.1932532858  -0.0455205618  -0.0439527190   0.0555019646  -0.0286354149
       -0.0176442465  -0.0580454883  -0.0129942944   0.0721370259  -0.0138934818
        0.0493524438   0.0000421198   0.0000459062  -0.0000003498   0.0000030333
       -0.0000017265  -0.0000026864   0.0000041377   0.0000009588  -0.0000043166
       -0.0000026009   0.0000052998  -0.0000058152  -0.0000085006   0.0000040221
       -0.0000044423  -0.0000066751   0.0000091066  -0.0000039737   0.0003023423
       -0.0004131519   0.0002410397  -0.0000206678  -0.0000018819  -0.0000337323
       -0.0000143582  -0.0000009178   0.0000153314   0.0000129715   0.0000397849
       -0.0000115145   0.0000196827   0.0000145035  -0.0000077115   0.0000002760
        0.0000034261  -0.0000015574  -0.0000015862   0.0000006824  -0.0000018548
        0.0000013730   0.0000037270  -0.0000000535   0.0000036902   0.0000034372
        0.0000003419   0.0000041170   0.0000046507   0.0000009064   0.0710466866
       -0.0754672014   0.0474845789  -0.0183776024  -0.0232870094  -0.0126509785
        0.0021127989   0.0004350942   0.0012597601  -0.0003065647  -0.0003791227
       -0.0003418172   0.0019339146   0.0000792985   0.0008006392
        0.0020265706   0.0000368151   0.0002602530  -0.0017817474  -0.0013662503
        0.0003471350   0.0003504458   0.0002028564  -0.0003796839   0.0003849407
        0.0005063694   0.0001552140  -0.0000864780  -0.0001377330   0.0000901701
        0.0000477600   0.0000306914   0.0000001623   0.0000083943  -0.0000059554
        0.0000040130   0.0000055814   0.0000084312  -0.0000013708  -0.0000051130
       -0.0000030481   0.0000021680  -0.0000014912   0.0000084126  -0.0000033247
       -0.0000082116   0.0000075591   0.0000037228   0.0000223718   0.0000081480
       -0.0000065734  -0.0000309508  -0.0000152792   0.0000164684   0.0000813537
        0.0000320048  -0.0000716724  -0.0004528816  -0.0000831691  -0.0003841690
        0.0015644941  -0.0015760878  -0.0007176433   0.0007983690   0.0014463377
        0.0002856666  -0.0011802145  -0.0155529951  -0.0004507049  -0.0018042787
       -0.0010161671  -0.0000596685  -0.0001897100  -0.0000660333  -0.0010616509
       -0.0001629640  -0.0000298836  -0.0000361794   0.0000229927  -0.0000535475
        0.0000385468  -0.0000244600   0.0000652991   0.0000642253  -0.0000072371
       -0.0001810220  -0.0000116124   0.0001927253   0.0002060498   0.0001692892
       -0.0000024037  -0.0000023245  -0.0000000969  -0.0000027977   0.0000064420
        0.0000146741  -0.0000021245   0.0000062977   0.0000013579  -0.0000006054
        0.0000045476  -0.0000021223   0.0000013756   0.0000123477  -0.0000036334
        0.0000071044   0.0000083533  -0.0000072164  -0.0214611824   0.0426345358
       -0.0611064610   0.2607988223   0.0037757055   0.2926920276  -0.0865407295
       -0.0891283157  -0.1079016904  -0.0311638909   0.0047650145  -0.0195015203
        0.0004676558  -0.0133575674  -0.0055557469   0.0023039617   0.0183582820
        0.0040249605  -0.0001525904  -0.0000022052   0.0001257228   0.0000055215
        0.0000069301  -0.0000078546  -0.0000001423   0.0000007852   0.0000001221
       -0.0000041102  -0.0000009937  -0.0000028782  -0.0000015721   0.0000056573
       -0.0000025857  -0.0000062692   0.0000157948  -0.0000068789  -0.0000730312
       -0.0000963506   0.0002392555  -0.0000105617   0.0000270498  -0.0000056442
       -0.0000069825  -0.0000243236  -0.0000118764  -0.0000111356   0.0000100451
       -0.0000196857  -0.0000157016  -0.0000062241  -0.0000096275  -0.0000006265
       -0.0000038952  -0.0000050724   0.0000026734  -0.0000039573  -0.0000017833
        0.0000011126  -0.0000040837  -0.0000000049  -0.0000013758  -0.0000017261
        0.0000028540  -0.0000029740  -0.0000068211   0.0000006520  -0.1129039088
        0.0479948349  -0.1100902981   0.0006763957   0.0005152004   0.0014620617
       -0.0062024185   0.0009865088   0.0038443840   0.0004929909  -0.0002668752
        0.0000372596  -0.0059607410   0.0012995278   0.0035445645
       -0.0004688610  -0.0001868488   0.0001086783   0.0000321869   0.0005629152
       -0.0001766502  -0.0000290575  -0.0001018099   0.0000543167  -0.0000166608
       -0.0001135086   0.0000771498   0.0000172538   0.0000291839  -0.0000292252
       -0.0000103053  -0.0000095077  -0.0000062525  -0.0000093131   0.0000014856
       -0.0000021846  -0.0000012299  -0.0000057079  -0.0000016696  -0.0000041372
       -0.0000006112   0.0000021115  -0.0000008444  -0.0000062523   0.0000055293
        0.0000003501   0.0000010996  -0.0000013823   0.0000090607  -0.0000031895
       -0.0000049002   0.0000150938  -0.0000088400  -0.0000018698  -0.0000101661
        0.0000238270   0.0000376990   0.0002800226   0.0000291186   0.0001209016
       -0.0001676279   0.0007579565  -0.0000087475   0.0001188588  -0.0000027279
        0.0000619923   0.0041101070   0.0027165754  -0.0022610623  -0.0002727370
       -0.0013460785  -0.0007731587   0.0002798637  -0.0002132723   0.0004005978
       -0.0000075794  -0.0000950403  -0.0001148935   0.0000360705   0.0000205106
       -0.0000502979  -0.0000151741  -0.0000285021  -0.0000187260  -0.0000255464
        0.0000866808  -0.0000031242  -0.0001207007  -0.0000743590  -0.0000451153
        0.0000048881   0.0000040570  -0.0000060554  -0.0000003658  -0.0000054746
       -0.0000023838  -0.0000001185  -0.0000000222   0.0000000173  -0.0000011878
        0.0000036023  -0.0000045761   0.0000023306  -0.0000069392  -0.0000065976
        0.0000105779  -0.0000040919  -0.0000067403   0.0305409732  -0.0570462585
        0.0184769287  -0.1746877609  -0.0627688212  -0.0865407295   0.4855607381
       -0.0102199370   0.2490433309  -0.2255403557   0.0294831028  -0.1189640099
        0.0038237575   0.0775717266   0.0035115704  -0.0453955079  -0.0111512304
       -0.0272029609   0.0000113970   0.0000249885  -0.0000214089   0.0000025044
       -0.0000019424   0.0000009720   0.0000034753   0.0000008946  -0.0000021225
       -0.0000016900   0.0000042110   0.0000006130  -0.0000036643   0.0000033388
        0.0000005090   0.0000046383   0.0000019100   0.0000065708  -0.0001837041
        0.0001442554  -0.0000662705  -0.0000184369  -0.0000022931   0.0000256441
       -0.0000059256   0.0000023847   0.0000083001   0.0000091593  -0.0000022619
        0.0000151272   0.0000006176  -0.0000072066   0.0000003019  -0.0000006296
        0.0000024841   0.0000006418  -0.0000019947  -0.0000001894  -0.0000031302
       -0.0000024033  -0.0000011333  -0.0000029781   0.0000011454  -0.0000009032
       -0.0000004616  -0.0000002827   0.0000026977  -0.0000001679  -0.0162391512
       -0.0145973504  -0.0122514108  -0.0474109281   0.0411134508  -0.0083505804
       -0.0169644958   0.0046786208  -0.0118118932   0.0032106504   0.0009976153
       -0.0032084506  -0.0004671775  -0.0002563825  -0.0000073155
        0.0007369437  -0.0002443146  -0.0000458087  -0.0011587727   0.0001246977
        0.0000697953   0.0002271439  -0.0000710171  -0.0001857494   0.0002294187
        0.0000668734   0.0001549981  -0.0000483969  -0.0000549681   0.0000245408
        0.0000122161   0.0000290017  -0.0000213684  -0.0000022533  -0.0000085947
        0.0000013167  -0.0000044370   0.0000054377  -0.0000008964  -0.0000188873
       -0.0000017386   0.0000089564  -0.0000086197  -0.0000122896   0.0000090898
        0.0000010910  -0.0000065132   0.0000025596   0.0000356800   0.0000041901
       -0.0000149816   0.0000213857  -0.0000369033   0.0000046494   0.0000166909
        0.0000564571   0.0000195170   0.0000472088   0.0002151886  -0.0000529133
       -0.0002823756  -0.0003041643  -0.0004305166   0.0005572864   0.0001772833
        0.0002488733   0.0019694445  -0.0044179415   0.0012286107  -0.0004250306
       -0.0010510320  -0.0006992529   0.0000393792   0.0001742340  -0.0004382861
        0.0000216832  -0.0000468784  -0.0000914814  -0.0000080209  -0.0000728542
        0.0000117833   0.0000114119  -0.0000125234  -0.0000162862  -0.0000181271
        0.0000070337   0.0000807977  -0.0000001253  -0.0000113576  -0.0000291399
       -0.0000014866   0.0000211854  -0.0000090856   0.0000039521  -0.0000126573
        0.0000044503  -0.0000052352  -0.0000022634   0.0000108314  -0.0000084901
        0.0000059800  -0.0000049072   0.0000007659  -0.0000033373  -0.0000123781
        0.0000167163  -0.0000014324   0.0000019298  -0.0093352732  -0.0526683287
       -0.0070193177  -0.1279107101  -0.1932532858  -0.0891283157  -0.0102199370
        0.6708813157   0.0043744104   0.0953367511  -0.1224161676   0.0628065030
        0.0281451638  -0.0142529890   0.0183787595  -0.0098160834   0.0013036747
       -0.0063370743  -0.0000362669   0.0000407422   0.0000160992   0.0000082031
        0.0000067445  -0.0000003844   0.0000082412   0.0000037818  -0.0000004665
        0.0000019855   0.0000092551  -0.0000001346  -0.0000026016   0.0000103680
       -0.0000015313   0.0000064315   0.0000051754   0.0000036619  -0.0001509783
       -0.0000548038   0.0001607124  -0.0000405341   0.0000118923   0.0000151649
       -0.0000032478   0.0000044571   0.0000085065   0.0000033033   0.0000165639
       -0.0000025869   0.0000150563   0.0000029890  -0.0000005164  -0.0000029694
        0.0000044131   0.0000028428   0.0000023233  -0.0000005441  -0.0000056667
        0.0000047246  -0.0000044638  -0.0000003805  -0.0000028265  -0.0000013554
        0.0000048031  -0.0000095209   0.0000019395  -0.0000059455   0.0048855695
        0.0057779422   0.0037368466   0.0412597909  -0.2904692144   0.0228002010
       -0.0153143454   0.0054517976  -0.0101354114   0.0015228297  -0.0058335230
        0.0006155107  -0.0003132394   0.0009068416  -0.0001159383
       -0.0001876172   0.0000742103   0.0001654791  -0.0001225947  -0.0000870171
       -0.0002754378   0.0000099875  -0.0000069669   0.0001099197   0.0000192169
        0.0000207999   0.0000698562  -0.0000010958  -0.0000121378   0.0000029394
        0.0000094430   0.0000009386  -0.0000099942  -0.0000120656   0.0000024900
        0.0000061973   0.0000041707  -0.0000125928   0.0000010009  -0.0000083810
       -0.0000034539   0.0000029858  -0.0000025128  -0.0000008414   0.0000022878
        0.0000061393   0.0000053166  -0.0000014931   0.0000071124   0.0000046011
       -0.0000008384  -0.0000106443  -0.0000024363   0.0000005779   0.0000141579
       -0.0000574950   0.0000199256  -0.0001436877   0.0003223408  -0.0000570611
       -0.0009657835  -0.0006113922  -0.0008355423   0.0003096577   0.0002036881
        0.0001769664  -0.0025673697   0.0014908696   0.0058587330   0.0007118481
        0.0003423546   0.0002543125  -0.0001351552   0.0003750719   0.0000463369
        0.0000551692   0.0000396132   0.0000093120  -0.0000436317  -0.0000151219
        0.0000274109   0.0000139026  -0.0000376123  -0.0000388168   0.0000275340
        0.0000354203   0.0000777559  -0.0000452248  -0.0001291670  -0.0000831840
        0.0000022688  -0.0000015059  -0.0000026597   0.0000012717  -0.0000002623
       -0.0000008895  -0.0000006614   0.0000012924   0.0000029801  -0.0000020576
        0.0000026991  -0.0000022014   0.0000020672  -0.0000036095  -0.0000048141
        0.0000090247  -0.0000027461  -0.0000031275   0.0209419585  -0.0401626490
        0.0131043354  -0.0889841236  -0.0455205618  -0.1079016904   0.2490433309
        0.0043744104   0.2850881040  -0.1179528033   0.0184805106  -0.1269323209
        0.0024254346   0.0516465606   0.0042398631  -0.0268449823  -0.0071858290
       -0.0242163670  -0.0000582799   0.0000127377  -0.0000107350   0.0000003638
       -0.0000013923  -0.0000012891   0.0000002185  -0.0000000642  -0.0000011062
       -0.0000045384  -0.0000021853  -0.0000046462  -0.0000030287   0.0000002198
       -0.0000020680   0.0000015975   0.0000046696   0.0000000274  -0.0000389721
        0.0000050608   0.0001213949  -0.0000135642   0.0000099490   0.0000053911
        0.0000013330   0.0000112117   0.0000067689   0.0000024278   0.0000103694
       -0.0000053415  -0.0000029309  -0.0000036229  -0.0000025788  -0.0000013180
       -0.0000026688   0.0000013423  -0.0000029979  -0.0000005060   0.0000019504
       -0.0000025049   0.0000004396   0.0000000752   0.0000013287   0.0000022315
        0.0000028470  -0.0000002146   0.0000024530  -0.0000006433  -0.0118507474
       -0.0098097846  -0.0070781615  -0.0079717811   0.0227156747  -0.0400946254
       -0.0122848883   0.0032678387  -0.0074683147  -0.0031873341   0.0003232982
        0.0058745261  -0.0001674723  -0.0001157195  -0.0002456552
        0.0000526348  -0.0000468918   0.0001567722  -0.0001308800   0.0000823713
       -0.0001472510   0.0000387882  -0.0000598097  -0.0000189774   0.0000267994
        0.0000177298   0.0000983950   0.0000263233   0.0000256628  -0.0000210947
       -0.0000000673  -0.0000108564  -0.0000033280  -0.0000010455  -0.0000133528
        0.0000068761  -0.0000140994   0.0000038603   0.0000031253   0.0000011563
        0.0000007093  -0.0000009746  -0.0000068972  -0.0000024273   0.0000022198
       -0.0000040406   0.0000018913  -0.0000022720   0.0000051704  -0.0000098058
        0.0000013302  -0.0000016304  -0.0000036127  -0.0000032969  -0.0000056330
       -0.0000033402  -0.0000170589  -0.0000058578  -0.0000306474  -0.0000205936
        0.0001715204  -0.0000419723   0.0002429301   0.0000052641  -0.0000984620
       -0.0001268343  -0.0007332534  -0.0006173387  -0.0005599539  -0.0000506645
        0.0004539142   0.0002607790  -0.0000485818  -0.0000273008  -0.0000337448
       -0.0000025935   0.0000397250   0.0000403209  -0.0000241396  -0.0000033901
       -0.0000053796   0.0000103835   0.0000176838   0.0000068599   0.0000010818
       -0.0000240666  -0.0000095323   0.0000500450   0.0000473169   0.0000307119
       -0.0000069091   0.0000136690   0.0000004194  -0.0000037551   0.0000010508
        0.0000088044  -0.0000007760   0.0000020291   0.0000012771  -0.0000004025
        0.0000023132   0.0000039732  -0.0000018311   0.0000025019   0.0000019707
        0.0000049494   0.0000023691  -0.0000128679  -0.0193447550   0.0296138261
       -0.0079483323  -0.0430791023  -0.0439527190  -0.0311638909  -0.2255403557
        0.0953367511  -0.1179528033   0.4926859590   0.0042957445   0.2541101351
       -0.0865432762   0.0047022323  -0.0258593960   0.0317631018  -0.0081242630
        0.0205468275  -0.0000224318   0.0000385117   0.0000068040  -0.0000022601
       -0.0000007462   0.0000018864  -0.0000012783  -0.0000028026   0.0000011753
        0.0000012252  -0.0000026762  -0.0000005470   0.0000015595  -0.0000045630
       -0.0000004331  -0.0000017461   0.0000031270  -0.0000057595   0.0000357975
       -0.0000947809   0.0000018498   0.0000009152  -0.0000075652  -0.0000105490
        0.0000021614  -0.0000033463  -0.0000074411  -0.0000002538  -0.0000041998
       -0.0000056865   0.0000089062   0.0000035948  -0.0000014187  -0.0000005682
       -0.0000013563   0.0000015406  -0.0000005132  -0.0000006244   0.0000029713
       -0.0000018690  -0.0000014604   0.0000041960  -0.0000012674  -0.0000021263
        0.0000045811   0.0000008366  -0.0000004245   0.0000064828   0.0007499666
       -0.0026660291  -0.0050938041  -0.0047665815   0.0036058334  -0.0034551046
       -0.1406300608  -0.1031017353  -0.0742832326  -0.0053441830   0.0237886546
       -0.0035014231   0.0006790146  -0.0031383801  -0.0052822334
       -0.0000398216   0.0001234952  -0.0000058879  -0.0002406553  -0.0001207736
       -0.0000954709   0.0000589095   0.0000143397   0.0000123641   0.0000855450
        0.0000786655   0.0000221068  -0.0000309523  -0.0000321409   0.0000240979
       -0.0000060419   0.0000020694   0.0000004570   0.0000043445  -0.0000139327
        0.0000038918  -0.0000079680   0.0000130090  -0.0000053137  -0.0000075644
       -0.0000024270   0.0000021059  -0.0000051149  -0.0000038831  -0.0000024752
       -0.0000114538  -0.0000045989   0.0000027725   0.0000360042  -0.0000060253
       -0.0000124381   0.0000008982  -0.0000313536   0.0000048112   0.0000291002
        0.0000292053   0.0000067694  -0.0000358844  -0.0001196456  -0.0001641190
        0.0004590220   0.0000659866  -0.0000594202   0.0001440035   0.0001613292
        0.0001876737  -0.0003041496  -0.0010040941  -0.0004363415  -0.0001411210
        0.0003038982  -0.0002429785  -0.0000288188  -0.0000272571   0.0001091639
        0.0000039354  -0.0000118062  -0.0000117739   0.0000248454   0.0000034351
       -0.0000072347  -0.0000160484   0.0000195602   0.0000240264  -0.0000439090
       -0.0000401360  -0.0000314749   0.0000127959   0.0000773913   0.0000641919
       -0.0000074596   0.0000132672   0.0000003567  -0.0000011213   0.0000011208
        0.0000072489  -0.0000027981   0.0000001937  -0.0000000878  -0.0000000751
       -0.0000029484   0.0000028701  -0.0000028930   0.0000068260   0.0000057154
       -0.0000005188   0.0000051933  -0.0000045123   0.0302311409  -0.0361566623
        0.0192272696   0.0053224539   0.0555019646   0.0047650145   0.0294831028
       -0.1224161676   0.0184805106   0.0042957445   0.6600001361   0.0165185882
        0.0703745578  -0.3227974601   0.0404840200  -0.0581863204  -0.0540417702
       -0.0401530075  -0.0000282117  -0.0000045589   0.0000102436   0.0000006050
        0.0000058666  -0.0000027212  -0.0000015316   0.0000014435  -0.0000025847
       -0.0000023843   0.0000017251  -0.0000024976  -0.0000013446   0.0000080660
       -0.0000057878   0.0000038755   0.0000096081  -0.0000022087  -0.0001898694
        0.0000643211   0.0001076683  -0.0000270500   0.0000057993   0.0000198172
       -0.0000063264  -0.0000033404  -0.0000040837  -0.0000043584   0.0000012043
       -0.0000001813   0.0000001954  -0.0000031502  -0.0000062641  -0.0000018411
       -0.0000002718  -0.0000027281   0.0000008213  -0.0000007726  -0.0000006100
        0.0000025149   0.0000012450   0.0000014083  -0.0000006865  -0.0000012307
       -0.0000001463   0.0000001676  -0.0000006349   0.0000007453  -0.0028611945
       -0.0017817338  -0.0021546587   0.0236396679  -0.0130663112   0.0155227016
       -0.1031607253  -0.1510041303  -0.0725236743   0.0038715257  -0.0121456368
        0.0022048364  -0.0026795636  -0.0016755108  -0.0018827644
       -0.0000704196  -0.0000322991   0.0000786308  -0.0000485270   0.0001235780
       -0.0001792589   0.0000285904  -0.0000635423   0.0000216426   0.0000080076
       -0.0000100295   0.0000648750   0.0000203849   0.0000186567  -0.0000168981
       -0.0000018637  -0.0000092165  -0.0000045512  -0.0000038476  -0.0000040259
        0.0000090725  -0.0000064755   0.0000016993   0.0000035506  -0.0000027269
       -0.0000006736   0.0000035990  -0.0000072672   0.0000015602   0.0000045566
        0.0000045852   0.0000049131   0.0000046696   0.0000022780  -0.0000053984
        0.0000048608   0.0000023907  -0.0000027194  -0.0000023044   0.0000021365
       -0.0000037297  -0.0000056500   0.0000153226  -0.0000191541  -0.0000051213
        0.0001465890   0.0000177104   0.0001740026  -0.0000725301  -0.0001339647
       -0.0000360121  -0.0004003673  -0.0003459784  -0.0007041970  -0.0000396022
        0.0002805813   0.0002339304  -0.0000375659  -0.0000525271  -0.0000329166
        0.0000051364   0.0000257567   0.0000360654  -0.0000296292  -0.0000089792
       -0.0000073161   0.0000141199   0.0000107738   0.0000106262   0.0000040108
       -0.0000111547  -0.0000033578   0.0000414381   0.0000248267   0.0000184937
       -0.0000049522   0.0000100317   0.0000002214  -0.0000025289   0.0000020682
        0.0000043840  -0.0000013352   0.0000028803  -0.0000021035  -0.0000011154
       -0.0000003534  -0.0000021067  -0.0000012244   0.0000001143  -0.0000012916
        0.0000047931   0.0000006262  -0.0000098978  -0.0081865312   0.0194450800
       -0.0111899871  -0.0297576920  -0.0286354149  -0.0195015203  -0.1189640099
        0.0628065030  -0.1269323209   0.2541101351   0.0165185882   0.2876787189
       -0.0243707412  -0.0042023372  -0.0646224368   0.0194604299  -0.0068082795
        0.0143109290  -0.0000100337   0.0000389460  -0.0000133830  -0.0000009708
        0.0000004103   0.0000014693  -0.0000004722   0.0000001940   0.0000029732
       -0.0000012843  -0.0000035693   0.0000001506   0.0000010615  -0.0000021155
        0.0000033708   0.0000007651   0.0000027958  -0.0000020863   0.0000430955
       -0.0000430070  -0.0000026357   0.0000001888  -0.0000060033  -0.0000058230
        0.0000019958  -0.0000046306  -0.0000019045   0.0000000147  -0.0000071435
        0.0000005251   0.0000047463   0.0000003120   0.0000007823  -0.0000011338
       -0.0000006640  -0.0000022166  -0.0000008101   0.0000007558  -0.0000000348
       -0.0000016027  -0.0000011788  -0.0000016153   0.0000000085  -0.0000023419
        0.0000014076   0.0000003053  -0.0000016924   0.0000022496  -0.0051147368
       -0.0019880389   0.0045337739  -0.0033072925   0.0021672659  -0.0012122425
       -0.0743237805  -0.0724679169  -0.0857550000  -0.0039971963   0.0157217516
       -0.0015428086  -0.0051522638  -0.0023502995   0.0045894667
        0.0000317257  -0.0000711901   0.0000298212  -0.0001274755   0.0002842552
       -0.0001299341   0.0000333059  -0.0000786851  -0.0000323301   0.0000462365
       -0.0000313063   0.0001047316   0.0000351747   0.0000385142  -0.0000374128
       -0.0000114447  -0.0000140132  -0.0000005327  -0.0000001685  -0.0000208612
        0.0000086531  -0.0000127766   0.0000114948   0.0000009672  -0.0000019300
       -0.0000032746   0.0000025773   0.0000011756  -0.0000030472   0.0000031877
        0.0000032806   0.0000017486  -0.0000007580   0.0000045222  -0.0000104838
        0.0000101206   0.0000188655  -0.0000236460   0.0000031165  -0.0000469716
        0.0000165394   0.0000041518   0.0000983905  -0.0002274816   0.0002167725
       -0.0002472681  -0.0001249166  -0.0000404244   0.0000816689  -0.0001679924
       -0.0001085667  -0.0006059512   0.0025083364  -0.0049607257  -0.0002742639
       -0.0008013923  -0.0001696929   0.0002988443  -0.0001535341   0.0003300510
        0.0000085295  -0.0000398896  -0.0000303234   0.0000386091   0.0000451127
       -0.0000217000  -0.0000188648  -0.0000041195   0.0000020406  -0.0000176939
        0.0000387620  -0.0000309809  -0.0000378167   0.0000408086   0.0000115524
       -0.0000074768   0.0000206615  -0.0000002859  -0.0000050877   0.0000005666
        0.0000123585   0.0000011632   0.0000000162  -0.0000034556   0.0000022383
       -0.0000040006   0.0000035432  -0.0000033439   0.0000020618   0.0000031639
        0.0000066696   0.0000024062  -0.0000168099  -0.0431714359   0.0055240791
       -0.0293484819  -0.0042015584  -0.0176442465   0.0004676558   0.0038237575
        0.0281451638   0.0024254346  -0.0865432762   0.0703745578  -0.0243707412
        0.4983274740  -0.0112742570   0.2573660402  -0.1740725781  -0.1292638126
       -0.0893318264  -0.0000006443   0.0000196143  -0.0000037676   0.0000039929
        0.0000024007   0.0000004993   0.0000030466   0.0000008359   0.0000001645
        0.0000016105   0.0000018833   0.0000009656  -0.0000029439   0.0000004980
        0.0000016439  -0.0000120282  -0.0000046927  -0.0000056749  -0.0000434710
       -0.0000401824  -0.0002834430  -0.0000056696  -0.0000245541  -0.0000114439
       -0.0000004361   0.0000009257   0.0000034484   0.0000075659  -0.0000039708
        0.0000142263   0.0000202753   0.0000048568   0.0000034143  -0.0000014238
        0.0000006071  -0.0000015885   0.0000000103  -0.0000004982   0.0000003964
       -0.0000009868  -0.0000007157   0.0000009503  -0.0000003871  -0.0000038285
        0.0000019374   0.0000003218  -0.0000005442   0.0000068246   0.0003863120
       -0.0003863105   0.0004279297  -0.0011039813   0.0022487718  -0.0060387503
        0.0022035414  -0.0187890466   0.0005249949  -0.1975510807   0.0681126479
       -0.1082472599   0.0026421267   0.0017683679   0.0012335752
       -0.0000176734   0.0001173997   0.0000195463   0.0001813480  -0.0002236625
        0.0000381380  -0.0000343777   0.0000564786  -0.0000014867  -0.0000178709
        0.0000624280   0.0000049225   0.0000208648   0.0000072127  -0.0000113613
        0.0000117027   0.0000015857  -0.0000069646  -0.0000119859  -0.0000015605
        0.0000006614   0.0000002439  -0.0000110880  -0.0000000767  -0.0000061553
        0.0000002033   0.0000039093   0.0000028492  -0.0000016240  -0.0000009241
        0.0000010040   0.0000005563  -0.0000004272   0.0000176269   0.0000021978
       -0.0000009439  -0.0000115049   0.0000106273   0.0000040915  -0.0000082893
       -0.0000239869   0.0000368924   0.0001832800   0.0003636497   0.0000981784
       -0.0006037298   0.0002901014  -0.0000362261  -0.0002554182  -0.0001288119
       -0.0001694572   0.0029486290   0.0014652583   0.0020694572   0.0002731437
       -0.0006463362   0.0000154441   0.0001828552   0.0002653383  -0.0000008744
        0.0000119995   0.0000065193  -0.0000290544  -0.0000106620  -0.0000077221
        0.0000022145   0.0000278011  -0.0000583904  -0.0000579142   0.0000447042
        0.0000766690   0.0001009547  -0.0000490318  -0.0001831559  -0.0001436270
        0.0000039524  -0.0000103276   0.0000008632   0.0000051923  -0.0000012011
       -0.0000084768  -0.0000014543  -0.0000009996   0.0000009539  -0.0000018507
       -0.0000000507  -0.0000015454   0.0000020430  -0.0000057268   0.0000028748
        0.0000026573  -0.0000033152   0.0000010822  -0.0440786717   0.0535025358
       -0.0276317838  -0.0187621099  -0.0580454883  -0.0133575674   0.0775717266
       -0.0142529890   0.0516465606   0.0047022323  -0.3227974601  -0.0042023372
       -0.0112742570   0.6541946863   0.0058152986  -0.0636895252  -0.1949852284
       -0.0474703288  -0.0000086291  -0.0000073864   0.0000180749  -0.0000010819
       -0.0000011103   0.0000010493  -0.0000021404   0.0000003527   0.0000011674
       -0.0000044722   0.0000017881   0.0000038733  -0.0000027955   0.0000030912
       -0.0000000301  -0.0000020876   0.0000008213   0.0000055779   0.0000148691
       -0.0002309091   0.0000091006  -0.0000072222  -0.0000009545  -0.0000040113
       -0.0000048433  -0.0000019284   0.0000046566   0.0000007515   0.0000043138
       -0.0000015981  -0.0000054440  -0.0000041832  -0.0000002611   0.0000002942
        0.0000026124  -0.0000006601  -0.0000024093   0.0000029859   0.0000000317
       -0.0000010179   0.0000053852  -0.0000009279  -0.0000017911   0.0000027966
       -0.0000040322   0.0000001306  -0.0000005315   0.0000020111  -0.0003495971
       -0.0003775662  -0.0002963418   0.0017239668   0.0004277777   0.0011349103
        0.0011681056  -0.0222281031   0.0002886902   0.0680761964  -0.0735501062
        0.0450721036  -0.0179520709  -0.0230834684  -0.0129640508
        0.0000214324  -0.0000778315   0.0000629167  -0.0001372623   0.0001998548
       -0.0001771626   0.0000567689  -0.0000684194  -0.0000046022   0.0000457013
       -0.0000273961   0.0000819241   0.0000193126   0.0000411450  -0.0000194187
       -0.0000019162  -0.0000070052   0.0000004252  -0.0000011600  -0.0000160242
        0.0000091064  -0.0000131094   0.0000019302   0.0000101381  -0.0000063697
       -0.0000047971   0.0000038435  -0.0000015664  -0.0000008525  -0.0000016079
        0.0000064636   0.0000001704   0.0000035501   0.0000034225  -0.0000099227
        0.0000037107  -0.0000187836  -0.0000185043   0.0000122449  -0.0000675488
       -0.0000993109  -0.0000104899  -0.0003409803   0.0001947728   0.0001731254
       -0.0014093657  -0.0008844793  -0.0007619793   0.0002583309  -0.0002878084
       -0.0000901417  -0.0052497206   0.0017479771   0.0040588262   0.0006545065
        0.0002995016   0.0006045806  -0.0000821497   0.0002963115  -0.0001055053
        0.0000835846   0.0000651939   0.0000474415  -0.0000265139  -0.0000392660
        0.0000161111   0.0000491583  -0.0000231053  -0.0000327751  -0.0000169371
        0.0000333851   0.0000754037   0.0000379644  -0.0000259405  -0.0000512688
       -0.0000049622   0.0000161163   0.0000008695  -0.0000037534  -0.0000006699
        0.0000101072   0.0000001973   0.0000008897  -0.0000017813   0.0000015229
       -0.0000040889   0.0000016734  -0.0000025451   0.0000025948   0.0000045923
        0.0000064495   0.0000027275  -0.0000116495  -0.0298352320   0.0038961824
       -0.0197413525   0.0003971643  -0.0129942944  -0.0055557469   0.0035115704
        0.0183787595   0.0042398631  -0.0258593960   0.0404840200  -0.0646224368
        0.2573660402   0.0058152986   0.2898866451  -0.0875532516  -0.0904381242
       -0.1082815241  -0.0000073268   0.0000245363  -0.0000050663   0.0000048229
        0.0000016969  -0.0000014518   0.0000036568   0.0000013983   0.0000003998
        0.0000001512  -0.0000010729  -0.0000031034  -0.0000014210  -0.0000001043
       -0.0000006509  -0.0000054635  -0.0000032944  -0.0000023497   0.0001126836
       -0.0000575670  -0.0000395141  -0.0000047069  -0.0000011402  -0.0000107220
       -0.0000001266   0.0000136359   0.0000087354   0.0000027209   0.0000130336
        0.0000006241   0.0000190809   0.0000069046   0.0000059472  -0.0000016699
       -0.0000002650  -0.0000018489   0.0000009058  -0.0000011113   0.0000020818
       -0.0000003105  -0.0000008882   0.0000016655   0.0000011045  -0.0000023822
        0.0000036929   0.0000000548   0.0000000940   0.0000046129   0.0003945429
       -0.0002599095   0.0000565314  -0.0061264650   0.0013646322   0.0039656287
        0.0010907038  -0.0132413634   0.0010110552  -0.1083256535   0.0449432718
       -0.1060025790   0.0009556490   0.0007509050   0.0011686551
        0.0001144608  -0.0001751505   0.0000419600  -0.0005206410   0.0003195727
       -0.0000488098   0.0001121123  -0.0000673683  -0.0000820554   0.0001118850
       -0.0000511224   0.0001112743  -0.0000160914   0.0000169670   0.0000093633
        0.0000117992   0.0000177474  -0.0000052706  -0.0000092782  -0.0000053184
       -0.0000013141  -0.0000013217  -0.0000040994   0.0000138624  -0.0000180332
       -0.0000092596   0.0000068846  -0.0000087319  -0.0000059872   0.0000053459
       -0.0000081337  -0.0000030412  -0.0000014860   0.0000342047  -0.0000082857
       -0.0000220422  -0.0000314972  -0.0000433222   0.0000132561  -0.0000017308
       -0.0001197563  -0.0000591323  -0.0009257301  -0.0013252544  -0.0001023539
        0.0018700174  -0.0013326772  -0.0012802413   0.0007813912   0.0002760664
       -0.0000831634  -0.0265676489  -0.0064596493  -0.0192769829  -0.0015206670
        0.0041019148   0.0014035157  -0.0003133033  -0.0009698869   0.0001602449
       -0.0000561678   0.0000875347   0.0001537266   0.0000294710   0.0000146985
       -0.0000781131  -0.0001058188   0.0001320102   0.0001546086  -0.0001385887
       -0.0002773156  -0.0003477199   0.0002663246   0.0007235277   0.0005397504
        0.0000025702   0.0000076601  -0.0000057616   0.0000018156  -0.0000080707
        0.0000049057  -0.0000007606   0.0000022892   0.0000084473  -0.0000031258
        0.0000085234   0.0000000210   0.0000023869  -0.0000012004  -0.0000062507
        0.0000161837  -0.0000014213  -0.0000031604  -0.2087911337   0.0344259339
       -0.1060607785   0.0044103228   0.0721370259   0.0023039617  -0.0453955079
       -0.0098160834  -0.0268449823   0.0317631018  -0.0581863204   0.0194604299
       -0.1740725781  -0.0636895252  -0.0875532516   0.4777362999   0.0038340337
        0.2450204961  -0.0000180338   0.0000197251   0.0000093842   0.0000058485
        0.0000013979  -0.0000022359   0.0000060822   0.0000024761  -0.0000015319
       -0.0000024450   0.0000077350  -0.0000025101  -0.0000048734   0.0000135497
       -0.0000046920   0.0000019312   0.0000182111   0.0000140278   0.0000923588
        0.0002023723  -0.0001894231  -0.0000185879  -0.0000107101   0.0000117103
       -0.0000091680   0.0000209323   0.0000234124   0.0000219613   0.0000110568
        0.0000283628   0.0000252008   0.0000040962  -0.0000052762   0.0000005691
        0.0000006700   0.0000043882   0.0000009874  -0.0000014118   0.0000003279
        0.0000013333  -0.0000007203   0.0000025561   0.0000007105   0.0000017601
        0.0000044263  -0.0000016893   0.0000009630  -0.0000012045   0.0027805289
        0.0009818830  -0.0031319524  -0.0004378145  -0.0002509567  -0.0002209285
        0.0031604095   0.0013649297  -0.0032145165  -0.0175479980  -0.0144451355
       -0.0126609669  -0.0468151690   0.0385117863  -0.0082125425
        0.0001509563   0.0003081387  -0.0001251718   0.0006814610  -0.0009826201
        0.0002209814  -0.0001850397   0.0002071208   0.0001318536  -0.0001696466
        0.0000989452  -0.0001191674   0.0000448742  -0.0000409702   0.0000019211
        0.0000413283  -0.0000160237   0.0000194592   0.0000120752   0.0000176437
       -0.0000030804   0.0000093023  -0.0000194036   0.0000113341   0.0000393819
        0.0000093430  -0.0000138538   0.0000094279   0.0000108402  -0.0000091697
        0.0000046134   0.0000299080  -0.0000083637  -0.0000329882   0.0000044667
        0.0000470558  -0.0000904312   0.0000902774   0.0000101690  -0.0000122011
       -0.0001743258  -0.0000948724  -0.0006155392  -0.0005235114   0.0005506158
       -0.0011408336  -0.0022398284  -0.0023338322  -0.0003562266   0.0006827521
        0.0000037047  -0.0145729590   0.0065505237  -0.0093838071  -0.0017475291
       -0.0013767815  -0.0008341030   0.0003372968  -0.0004174189   0.0006690254
       -0.0001776834  -0.0001673296   0.0000134419   0.0000314928   0.0001467206
        0.0000003581  -0.0000092057   0.0000253858   0.0000336919   0.0001185569
        0.0000927442  -0.0001136130  -0.0001545203   0.0000184956   0.0000599788
        0.0000067025  -0.0000458086   0.0000099328   0.0000067446   0.0000190586
       -0.0000316066   0.0000008155  -0.0000045625  -0.0000058685  -0.0000014556
       -0.0000036430   0.0000004055   0.0000038561  -0.0000071628   0.0000093801
       -0.0000243318  -0.0000018787   0.0000190536   0.0892389433  -0.1155240681
        0.0565853949   0.0277594062  -0.0138934818   0.0183582820  -0.0111512304
        0.0013036747  -0.0071858290  -0.0081242630  -0.0540417702  -0.0068082795
       -0.1292638126  -0.1949852284  -0.0904381242   0.0038340337   0.6689198530
        0.0144925740   0.0000190553  -0.0000597875  -0.0000199257  -0.0000267296
       -0.0000100513  -0.0000000392  -0.0000232777  -0.0000093061   0.0000080450
       -0.0000087836  -0.0000196605   0.0000083902  -0.0000046623  -0.0000338155
        0.0000084136  -0.0000411728   0.0000247473  -0.0000501653  -0.0001493996
        0.0002588496  -0.0008215781   0.0000468698  -0.0000213383  -0.0000393916
        0.0000092493  -0.0000355335  -0.0000532039  -0.0000173835  -0.0000564224
       -0.0000135142  -0.0000323306  -0.0000064627  -0.0000087511  -0.0000006961
       -0.0000025520   0.0000014327  -0.0000084354   0.0000084658   0.0000062847
       -0.0000054020   0.0000095164  -0.0000006229  -0.0000041126   0.0000091969
       -0.0000092920   0.0000066513  -0.0000029262   0.0000014577   0.0010031237
       -0.0056252796   0.0005956383  -0.0001937382   0.0009574673  -0.0002134840
        0.0010328193  -0.0058011009   0.0002311657   0.0053641329   0.0057068696
        0.0036967213   0.0385328504  -0.2893609508   0.0229325479
        0.0000822780   0.0000006761   0.0000185981  -0.0002746685  -0.0000605788
       -0.0001629315   0.0000309791  -0.0000043634   0.0000776065   0.0000513435
        0.0000159024   0.0000721127  -0.0000185707  -0.0000427845   0.0000058307
        0.0000152227   0.0000095005   0.0000026186  -0.0000082197   0.0000115251
        0.0000021521   0.0000061596  -0.0000098579   0.0000075868  -0.0000024234
       -0.0000015881   0.0000046627  -0.0000071339   0.0000011811  -0.0000000605
        0.0000021609   0.0000087260   0.0000032311   0.0000018338  -0.0000014319
        0.0000118484  -0.0000356396   0.0000142941  -0.0000059471   0.0000161653
       -0.0000310788  -0.0000660196  -0.0004876354  -0.0006974609   0.0001209254
        0.0012976813  -0.0011084373  -0.0011273902   0.0001484071   0.0006093240
        0.0004140675  -0.0167286687  -0.0006202358  -0.0094993605  -0.0009822117
        0.0005416037  -0.0006712498   0.0001404519  -0.0000826337   0.0007570492
       -0.0000014589  -0.0000702590  -0.0000871437   0.0000972020   0.0000949735
       -0.0000150959  -0.0001081024   0.0000428560   0.0000774141  -0.0000512842
       -0.0000461479  -0.0001571598  -0.0001487682   0.0001622361   0.0002318836
        0.0000024066  -0.0000097274  -0.0000008386   0.0000019647   0.0000039666
       -0.0000098090   0.0000003815   0.0000015759   0.0000015291  -0.0000014978
        0.0000034704  -0.0000033383   0.0000034644  -0.0000036972  -0.0000011671
        0.0000065731  -0.0000016169   0.0000012103  -0.1074980731   0.0174415550
       -0.1205914609   0.0025887822   0.0493524438   0.0040249605  -0.0272029609
       -0.0063370743  -0.0242163670   0.0205468275  -0.0401530075   0.0143109290
       -0.0893318264  -0.0474703288  -0.1082815241   0.2450204961   0.0144925740
        0.2804455997  -0.0000219447   0.0000124223  -0.0000218089  -0.0000028416
       -0.0000030528  -0.0000030390  -0.0000026275  -0.0000004448   0.0000000258
       -0.0000042786  -0.0000025087  -0.0000011721  -0.0000009460  -0.0000030503
       -0.0000016883   0.0000031459   0.0000091784  -0.0000202239  -0.0004132685
        0.0000778476  -0.0002402967  -0.0000288239   0.0000075484   0.0000486057
       -0.0000077169  -0.0000052950   0.0000063207  -0.0000017950  -0.0000106948
        0.0000162638  -0.0000143386  -0.0000143630  -0.0000082903  -0.0000019858
       -0.0000022716   0.0000040367  -0.0000028269   0.0000015221   0.0000019865
       -0.0000015119   0.0000010998  -0.0000009107   0.0000013425   0.0000022462
       -0.0000009379   0.0000006226  -0.0000014476  -0.0000020955  -0.0032811054
        0.0004624977   0.0055760728  -0.0001580133  -0.0001496665  -0.0003696189
       -0.0032008042   0.0005911754   0.0057982852  -0.0121694964  -0.0095720802
       -0.0077313776  -0.0078624238   0.0225432634  -0.0387450902
       -0.0004456060  -0.0006619607  -0.0023599802   0.0043768311   0.0128374354
        0.0070023803  -0.0121842676  -0.0556715169  -0.0068287923  -0.0012701659
       -0.0018495644  -0.0007640859   0.0006327899   0.0006659669  -0.0005943912
        0.0001445773  -0.0002552803   0.0000524811  -0.0000713094   0.0000472798
        0.0000361716   0.0000083320  -0.0000244697  -0.0000170132  -0.0000183625
        0.0000251033  -0.0000040009  -0.0000102717  -0.0000014869   0.0000053981
       -0.0000000975   0.0000054817  -0.0000040180  -0.0000081442  -0.0000046071
        0.0000011511   0.0000204024   0.0000687396  -0.0000229726   0.0000001047
       -0.0000548753  -0.0000078096  -0.0000733725  -0.0002274347  -0.0001812385
       -0.0017097013   0.0008393478   0.0002847644  -0.0038339468   0.0027725895
        0.0017481823   0.0001159335   0.0001218375   0.0000652865  -0.0000333734
       -0.0000143575   0.0000520108  -0.0000063866  -0.0000435852  -0.0000269734
       -0.0000098173   0.0000097835  -0.0000021946  -0.0000181782  -0.0000118987
       -0.0000103266  -0.0000038849  -0.0000061797  -0.0000097759   0.0000285600
       -0.0000065632  -0.0000224246  -0.0000241842  -0.0000637117   0.0000091993
        0.0000475627  -0.0001673171  -0.0000718879   0.0000559422   0.0000405580
        0.0001622563  -0.0000659829   0.0001338481   0.0001073812  -0.0000576321
        0.0001555545  -0.0000120202   0.0000131353   0.0001074363  -0.0000813328
        0.0000791977  -0.0000181216  -0.0001708863   0.0000136189   0.0000814005
        0.0000564962  -0.0000273617   0.0000421198  -0.0001525904   0.0000113970
       -0.0000362669  -0.0000582799  -0.0000224318  -0.0000282117  -0.0000100337
       -0.0000006443  -0.0000086291  -0.0000073268  -0.0000180338   0.0000190553
       -0.0000219447   0.0145994095   0.0414762029   0.0015206748  -0.0000265490
       -0.0000340472   0.0000019890  -0.0000105051  -0.0000163780   0.0000045843
       -0.0000022813  -0.0000036544   0.0000019464  -0.0000002574  -0.0000044968
        0.0000012638  -0.0000011665   0.0000061509   0.0000003568   0.0000030111
        0.0000059770   0.0000044731   0.0000044053   0.0000028468   0.0000021149
        0.0000043127  -0.0000050125  -0.0000040598  -0.0000005411  -0.0000117130
       -0.0000092979  -0.0000107767  -0.0000084089  -0.0000033055  -0.0000238398
       -0.0000723063   0.0000026503  -0.0000428434  -0.0000109033  -0.0000048801
       -0.0000123398  -0.0000390158  -0.0000023246  -0.0000160765  -0.0000346316
        0.0000360628  -0.0000384568  -0.0000064182   0.0000721400  -0.0000697286
        0.0000262345   0.0001644971  -0.0000366401  -0.0000475947   0.0000097672
        0.0000101096   0.0000019403   0.0000199863   0.0000167095  -0.0000084200
        0.0000171959   0.0000188161  -0.0000338506   0.0000233060
       -0.0012348153  -0.0010185827   0.0024984386   0.0017952776  -0.0039937148
       -0.0073418903  -0.0426806754  -0.4159930184  -0.1352190497   0.0017378108
        0.0029855820   0.0032254213  -0.0003470785  -0.0009172849   0.0002310284
        0.0001179143  -0.0000898871   0.0000067096  -0.0001551411  -0.0000318227
        0.0000380289  -0.0000167847  -0.0000158453   0.0000027393  -0.0000703993
       -0.0000106057   0.0000276363   0.0000123225  -0.0000337418   0.0000069538
        0.0000051904  -0.0000222342   0.0000149097   0.0000695909  -0.0000318148
       -0.0000093478   0.0000501182  -0.0001010006  -0.0000098038  -0.0000308851
        0.0001684439  -0.0000931645  -0.0000157508   0.0002033191   0.0001251252
        0.0005849486  -0.0006634650  -0.0005790181  -0.0012897769   0.0016539049
        0.0004915711  -0.0001919648  -0.0000185947   0.0000231645   0.0001154847
       -0.0000728367  -0.0000747504   0.0000355607   0.0000322714   0.0000126746
        0.0000795175  -0.0000234121  -0.0000342266   0.0000174673  -0.0000142232
       -0.0000200444  -0.0000202047  -0.0000056771  -0.0000016227  -0.0000844991
       -0.0000449682   0.0000021480  -0.0000155269  -0.0000019274   0.0000039376
        0.0000587434  -0.0000057744  -0.0000700595   0.0000211141   0.0000446949
        0.0000189227  -0.0000515631   0.0000383930   0.0000183202  -0.0000156742
        0.0000065291  -0.0000125606  -0.0000078514  -0.0000043159  -0.0000030742
        0.0000255107   0.0000091249  -0.0001104695   0.0000132365  -0.0000145708
        0.0000086591  -0.0000488104   0.0000459062  -0.0000022052   0.0000249885
        0.0000407422   0.0000127377   0.0000385117  -0.0000045589   0.0000389460
        0.0000196143  -0.0000073864   0.0000245363   0.0000197251  -0.0000597875
        0.0000124223   0.0414762029   0.4179316268   0.1366184739   0.0000041016
       -0.0000235329  -0.0000098224   0.0000112238  -0.0000060663  -0.0000088744
       -0.0000063163   0.0000009540  -0.0000047054  -0.0000106750   0.0000043045
       -0.0000036655  -0.0000463537   0.0000164149  -0.0000030919  -0.0000172433
       -0.0000020054   0.0000008763  -0.0000164781   0.0000022902   0.0000018439
        0.0000059313   0.0000085383   0.0000029385   0.0000118369   0.0000123080
        0.0000022695   0.0000542420   0.0000232367  -0.0000014547  -0.0000343640
       -0.0000368139   0.0000219135  -0.0000061098   0.0000245504   0.0000144160
        0.0000118336  -0.0000075362   0.0000323441  -0.0000005580  -0.0000000520
        0.0000410250  -0.0000117639   0.0000009466   0.0000976658   0.0000509096
       -0.0000355810  -0.0000478463  -0.0000107587  -0.0000040320   0.0000028618
       -0.0000100498   0.0000058848  -0.0000053885  -0.0000110295   0.0000157293
       -0.0000062310  -0.0000098277   0.0000409750  -0.0000092920
       -0.0030396804   0.0013164388   0.0033248103   0.0024514641  -0.0208350588
       -0.0073540818  -0.0005578712  -0.1166747216  -0.0523132356  -0.0000079832
       -0.0013450554  -0.0056788865  -0.0001083587  -0.0004294382   0.0001783303
        0.0001299699  -0.0000078573   0.0000200945   0.0000117552  -0.0000689479
       -0.0000107839  -0.0000384694   0.0000750276  -0.0000174081  -0.0000342487
       -0.0000131055   0.0000034752  -0.0000232984   0.0000119479   0.0000059732
        0.0000068913   0.0000049054  -0.0000052608   0.0000594825  -0.0000288828
       -0.0000187317   0.0000218585   0.0000509569  -0.0000155052  -0.0000151278
       -0.0000447449   0.0000487945  -0.0000645801   0.0000884289   0.0000124626
        0.0008095627  -0.0010478413  -0.0007631886  -0.0012397332   0.0022496950
        0.0000224999  -0.0000599780  -0.0000251852   0.0000421733   0.0000285868
       -0.0000846642  -0.0000736121   0.0000459834   0.0000363220   0.0000265290
        0.0000371461  -0.0000195374  -0.0000238192   0.0000202996   0.0000030855
       -0.0000014014  -0.0000012394  -0.0000068599  -0.0000122126  -0.0000838914
       -0.0000313706  -0.0000007493   0.0000167862  -0.0000146908  -0.0000230668
       -0.0001040476  -0.0000766629   0.0000069666  -0.0000565299  -0.0000494337
        0.0001918169  -0.0000521145   0.0000448407   0.0000827998  -0.0000218446
        0.0000965874  -0.0000081666  -0.0000001519   0.0001217975  -0.0000596366
        0.0001010305   0.0000342065  -0.0001849717  -0.0000086252   0.0000127443
       -0.0000006969   0.0000561218  -0.0000003498   0.0001257228  -0.0000214089
        0.0000160992  -0.0000107350   0.0000068040   0.0000102436  -0.0000133830
       -0.0000037676   0.0000180749  -0.0000050663   0.0000093842  -0.0000199257
       -0.0000218089   0.0015206748   0.1366184739   0.0626278643   0.0000208205
        0.0000226721  -0.0000049157   0.0000129663   0.0000024901   0.0000016558
        0.0000007360   0.0000110353  -0.0000028322  -0.0000061884   0.0000185352
        0.0000006818  -0.0000298441   0.0000129349   0.0000102029  -0.0000257316
        0.0000080577   0.0000111968  -0.0000183225   0.0000001461   0.0000089512
       -0.0000028085   0.0000073641   0.0000124976   0.0000078859   0.0000144455
        0.0000157297   0.0000443565   0.0000160524   0.0000082826   0.0000039944
        0.0000361824  -0.0000379676   0.0000338962  -0.0000345569  -0.0000302001
       -0.0000063142  -0.0000247634   0.0000035059  -0.0000205987  -0.0000193487
       -0.0000055585   0.0000140357  -0.0000457165   0.0000216273   0.0002283311
       -0.0000759368  -0.0001106072   0.0000299110   0.0000171805   0.0000187485
       -0.0000270390  -0.0000042872  -0.0000099149  -0.0000265401   0.0000126616
       -0.0000093175  -0.0000243980   0.0000393098  -0.0000056712
       -0.0000813993  -0.0002488419  -0.0000136927   0.0002127514   0.0006659419
        0.0004903421   0.0000854482  -0.0000770117  -0.0001699461  -0.0009182812
       -0.0005992423   0.0001609828   0.0007931958  -0.0013195541   0.0027816145
       -0.0138588255  -0.0030538750   0.0055968955  -0.2768289392  -0.0104409649
        0.0739087073  -0.0205780619   0.0019760898   0.0057478517   0.0006655105
       -0.0016540826  -0.0001243912  -0.0001054610  -0.0002567013   0.0000878557
        0.0002306110  -0.0001648956  -0.0000350889  -0.0009971772  -0.0003556236
        0.0003227165  -0.0008501184   0.0038112563   0.0004180479   0.0005744380
        0.0000356270  -0.0001785933   0.0000748597  -0.0001151709  -0.0004529585
        0.0000469011   0.0000173021   0.0000284983  -0.0001229517  -0.0000481108
       -0.0001298828   0.0000185837  -0.0000222470   0.0000159315  -0.0000155136
       -0.0000126016  -0.0000085908   0.0000514740  -0.0000156053   0.0000038162
        0.0000141811  -0.0000073552  -0.0000104166  -0.0000009572  -0.0000038126
       -0.0000046605   0.0000054139  -0.0000228253  -0.0000233483   0.0000166284
       -0.0000321972  -0.0000006397   0.0000990501  -0.0000339767  -0.0000465736
        0.0004558506   0.0005534087  -0.0010738597   0.0002637377   0.0000923353
        0.0002194471  -0.0000204056  -0.0000311908  -0.0001239789  -0.0000370386
        0.0000911836  -0.0001497249  -0.0000999422   0.0001885260  -0.0000765549
       -0.0000799776   0.0000896661   0.0001843091  -0.0000023262   0.0000257734
        0.0000189811  -0.0000153150   0.0000030333   0.0000055215   0.0000025044
        0.0000082031   0.0000003638  -0.0000022601   0.0000006050  -0.0000009708
        0.0000039929  -0.0000010819   0.0000048229   0.0000058485  -0.0000267296
       -0.0000028416  -0.0000265490   0.0000041016   0.0000208205   0.3105011750
        0.0101121704  -0.0866378868   0.0005227611   0.0005927448  -0.0003094994
        0.0001045893  -0.0000476029   0.0000447348   0.0000444541   0.0000341996
       -0.0000115420  -0.0001724078   0.0002861314   0.0000013667  -0.0000275921
        0.0000047995   0.0000013808  -0.0000230462   0.0000003243   0.0000098741
       -0.0000112427   0.0000114928   0.0000124221  -0.0000027846   0.0000166227
        0.0000142078  -0.0000554720  -0.0000188176  -0.0000479604   0.0002391739
       -0.0001452052  -0.0003492351  -0.0000182202   0.0000360715   0.0000029092
       -0.0000048915   0.0000156120  -0.0000180293  -0.0000362915   0.0000318234
       -0.0000117174  -0.0000240670   0.0000551204  -0.0000753968   0.0000049480
        0.0000077156  -0.0000074905  -0.0000023410  -0.0000109702  -0.0000017598
       -0.0000073797  -0.0000056327  -0.0000042120  -0.0000117373  -0.0000002448
       -0.0000064988   0.0000008914   0.0000042900   0.0000035204
       -0.0000549185  -0.0001861184  -0.0000632119   0.0000916249   0.0003799814
        0.0004251887   0.0000576316   0.0000132586  -0.0000898041  -0.0016701286
       -0.0008682121   0.0004742192  -0.0003748337  -0.0026344410   0.0036922691
       -0.0242785472  -0.0021690363   0.0081774792  -0.0089974110  -0.0430833753
        0.0064649879   0.0212060024   0.0006634412  -0.0061784950   0.0017683519
        0.0006787882  -0.0013788812  -0.0002887743   0.0002046238  -0.0000511784
       -0.0000153604   0.0001642266  -0.0001251654   0.0011033718  -0.0000138659
       -0.0003412014   0.0028770531  -0.0030107098   0.0020344718   0.0000470141
       -0.0004994004   0.0001544561  -0.0001206050  -0.0001825956  -0.0004743333
       -0.0000299927  -0.0000223430   0.0000357140  -0.0000465613  -0.0000108804
       -0.0001159221  -0.0000037989  -0.0000350959   0.0000256646  -0.0000110292
        0.0000017890  -0.0000031052   0.0000034828  -0.0000258093   0.0000058038
        0.0000121707  -0.0000002773  -0.0000058932   0.0000091584   0.0000022260
       -0.0000019305   0.0000090175   0.0000012059  -0.0000011144  -0.0000199295
        0.0000264821  -0.0000248437   0.0000631071  -0.0000168930  -0.0000004483
       -0.0012333853   0.0004854939  -0.0006491164   0.0000551050  -0.0005521752
        0.0004185452   0.0002574764  -0.0001496855  -0.0000259577   0.0000115924
        0.0000622288  -0.0001326411  -0.0000013163   0.0001402777  -0.0000128201
       -0.0001214793   0.0000923809   0.0001623239  -0.0000058894   0.0000062890
        0.0000063500  -0.0000021753  -0.0000017265   0.0000069301  -0.0000019424
        0.0000067445  -0.0000013923  -0.0000007462   0.0000058666   0.0000004103
        0.0000024007  -0.0000011103   0.0000016969   0.0000013979  -0.0000100513
       -0.0000030528  -0.0000340472  -0.0000235329   0.0000226721   0.0101121704
        0.0522435717  -0.0121020075  -0.0003257327  -0.0009089463   0.0004649370
       -0.0000230278   0.0000534344   0.0000553100  -0.0000709404   0.0000160051
        0.0000213944   0.0002378128  -0.0002359931   0.0001688068  -0.0000044167
        0.0000052965  -0.0000036973  -0.0000023188  -0.0000031799   0.0000004118
       -0.0000011528   0.0000026575   0.0000026177   0.0000013283   0.0000045385
        0.0000047617  -0.0000055126  -0.0000047810   0.0000415859  -0.0001053406
       -0.0007706374  -0.0007792032  -0.0000181017   0.0000214188  -0.0000374869
       -0.0000251088   0.0000241130  -0.0000551583  -0.0000052110   0.0000563078
       -0.0000283398  -0.0000261978   0.0000575724  -0.0001774834   0.0000064034
        0.0000082890  -0.0000029875   0.0000009951  -0.0000030971   0.0000006822
       -0.0000023162  -0.0000029868  -0.0000011883  -0.0000033239  -0.0000005441
       -0.0000016496  -0.0000030955  -0.0000010080   0.0000000203
        0.0000855263   0.0001284913   0.0000025149  -0.0003166728  -0.0001057710
       -0.0001004434   0.0000544609   0.0000378803  -0.0000150928   0.0008907067
        0.0003137868  -0.0004725785   0.0025150888   0.0041956390   0.0071214363
        0.0121297122   0.0029433321  -0.0038561063   0.0732259586   0.0056551009
       -0.0553864884  -0.0011473235   0.0000747830   0.0015226445  -0.0013207358
       -0.0003911500  -0.0013465738   0.0001301902  -0.0000243369  -0.0001661122
       -0.0001145422  -0.0000771786  -0.0001101592  -0.0001109749   0.0000042157
       -0.0002239237   0.0012310627   0.0019351835   0.0042999379  -0.0000844226
       -0.0000327148   0.0000893260  -0.0004696605  -0.0005078596  -0.0013745057
       -0.0003301580   0.0000557507   0.0001863158   0.0001075840  -0.0000804871
       -0.0001365449  -0.0000086915  -0.0001024151   0.0000588297  -0.0000088578
       -0.0000039651  -0.0000083834   0.0000271582  -0.0000768647   0.0000024168
        0.0000187312   0.0000003866  -0.0000038683   0.0000098551   0.0000068746
       -0.0000034502  -0.0000202376   0.0000119771   0.0000083674   0.0000291215
        0.0000140201  -0.0000103171   0.0001982682   0.0000192333   0.0000303792
       -0.0002461098  -0.0015172111  -0.0026689174   0.0001974576  -0.0006996810
        0.0002475366   0.0001042677   0.0001807338  -0.0001766979  -0.0000512055
       -0.0000118476   0.0001305210   0.0002225380   0.0000292881  -0.0000585989
       -0.0002299288   0.0004693856  -0.0002633193  -0.0000083367   0.0000073761
        0.0000028720  -0.0000005667  -0.0000026864  -0.0000078546   0.0000009720
       -0.0000003844  -0.0000012891   0.0000018864  -0.0000027212   0.0000014693
        0.0000004993   0.0000010493  -0.0000014518  -0.0000022359  -0.0000000392
       -0.0000030390   0.0000019890  -0.0000098224  -0.0000049157  -0.0866378868
       -0.0121020075   0.0521666722   0.0000019491   0.0002211742   0.0001022909
        0.0000221971   0.0000776728   0.0001603137   0.0000202743   0.0000052184
        0.0000354804   0.0000835021   0.0001101927   0.0002423292   0.0000027450
        0.0000133970  -0.0000195053   0.0000076613  -0.0000091911  -0.0000012912
        0.0000010677  -0.0000019616  -0.0000014355   0.0000017315  -0.0000097362
       -0.0000037397  -0.0000192068   0.0000154116   0.0000073216  -0.0001478437
       -0.0006287540  -0.0000321364   0.0000410060  -0.0000770507  -0.0000025486
       -0.0000302518  -0.0000102150  -0.0000105107  -0.0000050399   0.0000103947
       -0.0000072771  -0.0000509886  -0.0000521436   0.0000539789  -0.0000056522
       -0.0000026148   0.0000048506  -0.0000007009   0.0000004768   0.0000004953
        0.0000011202   0.0000015841  -0.0000004251   0.0000009601   0.0000004951
        0.0000004460   0.0000009821   0.0000003051   0.0000007552
       -0.0000460405  -0.0001881727   0.0000282878   0.0000810990   0.0004671659
        0.0002154960   0.0000641083  -0.0000906820  -0.0001412103  -0.0000865224
       -0.0003378055   0.0000399137   0.0002370446   0.0003278318  -0.0002344601
       -0.0001929891   0.0000747401   0.0000271646   0.0008456264   0.0012384829
       -0.0011867596  -0.0144681235  -0.0029375935   0.0052503335  -0.2799937930
       -0.0067293393   0.0678389758  -0.0212281223   0.0016814597   0.0051944419
       -0.0007143993   0.0044155063   0.0009676072   0.0007624271  -0.0000344915
       -0.0002052108   0.0003703937  -0.0017626084   0.0021368196  -0.0007571169
        0.0002529999   0.0001205008   0.0001069235  -0.0001291695   0.0001619759
       -0.0000189111   0.0001550237   0.0001103675  -0.0000052224  -0.0001543509
       -0.0001372409   0.0000272014   0.0000056870  -0.0000192473  -0.0000048423
       -0.0000035289  -0.0000011596   0.0000366336   0.0000146964  -0.0000108615
        0.0000076055  -0.0000063971  -0.0000052472   0.0000034216  -0.0000094023
       -0.0000052836   0.0000185471  -0.0000303796  -0.0000293766   0.0000063154
       -0.0000416130   0.0000097241  -0.0000014126  -0.0000435671  -0.0000671634
        0.0000077730   0.0001575952   0.0000027778  -0.0000015781  -0.0000003339
        0.0000747747  -0.0000137626   0.0000095377  -0.0000017127  -0.0000051250
        0.0000184439  -0.0000254303  -0.0000291556   0.0000396781  -0.0000166924
        0.0000204923   0.0000055249  -0.0000298121   0.0000016423   0.0000273637
        0.0000207443  -0.0000200544   0.0000041377  -0.0000001423   0.0000034753
        0.0000082412   0.0000002185  -0.0000012783  -0.0000015316  -0.0000004722
        0.0000030466  -0.0000021404   0.0000036568   0.0000060822  -0.0000232777
       -0.0000026275  -0.0000105051   0.0000112238   0.0000129663   0.0005227611
       -0.0003257327   0.0000019491   0.3149282776   0.0051051175  -0.0791176185
        0.0006941335  -0.0008827781  -0.0006677774  -0.0010351154  -0.0000759433
        0.0001893957  -0.0000127401  -0.0001733768  -0.0004564425  -0.0000223105
       -0.0000029045   0.0000083350  -0.0000222456   0.0000055650   0.0000079087
       -0.0000108109   0.0000107432   0.0000105724  -0.0000058520   0.0000172281
        0.0000113148  -0.0000491077  -0.0000068716  -0.0000411259   0.0000154856
       -0.0000353249  -0.0000327165   0.0000057390  -0.0000086745  -0.0000083442
        0.0000050287  -0.0000043586  -0.0000015978  -0.0000026066  -0.0000092425
        0.0000067375  -0.0000095526   0.0000040031   0.0000039705   0.0000013782
        0.0000051823  -0.0000055078  -0.0000020100  -0.0000102196  -0.0000015576
       -0.0000052324  -0.0000040375  -0.0000032172  -0.0000092494  -0.0000004748
       -0.0000050040   0.0000031250   0.0000031451   0.0000040896
        0.0000029893  -0.0000882228   0.0000134828  -0.0000261101   0.0002640583
        0.0000396124   0.0000495664  -0.0000464244  -0.0000574420   0.0000777728
       -0.0000673156   0.0000081234  -0.0000614651   0.0002017475  -0.0001201856
        0.0001880107   0.0001876604  -0.0001515391  -0.0022668379   0.0005959589
       -0.0002817870  -0.0226138670  -0.0015531082   0.0069606149  -0.0074776795
       -0.0431641675   0.0053803422   0.0232730370   0.0000551217  -0.0058447298
        0.0037307059  -0.0022255332   0.0034409975   0.0001423477  -0.0005830526
        0.0001135021  -0.0011075789  -0.0031641993   0.0036511771  -0.0011795110
       -0.0000979867   0.0003751746   0.0000682387  -0.0002471584   0.0002457053
       -0.0000439715   0.0000489356   0.0000513144   0.0000149502  -0.0000836667
       -0.0000265118   0.0000043319   0.0000157334  -0.0000343700  -0.0000020850
        0.0000038638   0.0000033250  -0.0000148324   0.0000110317  -0.0000145146
        0.0000026254   0.0000045029   0.0000005882  -0.0000098326  -0.0000020563
        0.0000006997  -0.0000097551   0.0000023779   0.0000001436   0.0000288299
        0.0000070589   0.0000154748  -0.0000219217  -0.0000146657  -0.0000353850
       -0.0000092860   0.0001059476   0.0000343028   0.0000115617   0.0000052077
        0.0000691083   0.0000198387  -0.0000141993  -0.0000120133   0.0000029385
        0.0000087230  -0.0000211661  -0.0000163419   0.0000174793  -0.0000027452
        0.0000117566  -0.0000125207   0.0000189945  -0.0000011640   0.0000073651
        0.0000075163  -0.0000097040   0.0000009588   0.0000007852   0.0000008946
        0.0000037818  -0.0000000642  -0.0000028026   0.0000014435   0.0000001940
        0.0000008359   0.0000003527   0.0000013983   0.0000024761  -0.0000093061
       -0.0000004448  -0.0000163780  -0.0000060663   0.0000024901   0.0005927448
       -0.0009089463   0.0002211742   0.0051051175   0.0507421151  -0.0116468802
        0.0004788863   0.0003487787  -0.0014557693   0.0012440158  -0.0000507508
       -0.0002532276  -0.0001179963  -0.0002440696  -0.0005960680  -0.0000054539
       -0.0000065058   0.0000088551  -0.0000081340   0.0000008595   0.0000027867
       -0.0000027534   0.0000036178   0.0000055846   0.0000006731   0.0000023518
        0.0000027367  -0.0000130277  -0.0000314977  -0.0000391736  -0.0000131071
       -0.0000328614  -0.0000445210   0.0000040999  -0.0000040463  -0.0000076191
       -0.0000000171   0.0000026922  -0.0000083621  -0.0000007922   0.0000019812
       -0.0000041347  -0.0000003524   0.0000132218  -0.0000166438  -0.0000001774
        0.0000044774  -0.0000015569  -0.0000007757  -0.0000047591   0.0000000202
       -0.0000020468  -0.0000021633  -0.0000006415  -0.0000035413  -0.0000014912
       -0.0000011234   0.0000000541  -0.0000026644   0.0000023947
        0.0000194126   0.0000740458  -0.0000233981  -0.0000317632  -0.0002122867
       -0.0000105744  -0.0000246619   0.0000511850   0.0000270853  -0.0000029006
        0.0001142487  -0.0000170016  -0.0001232813  -0.0002174620  -0.0000714994
       -0.0000076952  -0.0000791196  -0.0000826931  -0.0000235090  -0.0013087575
       -0.0014623521   0.0132293606   0.0024679782  -0.0033257136   0.0684283721
        0.0042216699  -0.0531094996  -0.0038087882   0.0004742764   0.0016688247
        0.0015336566   0.0034216703   0.0076493356  -0.0001949654  -0.0003683838
        0.0000420523   0.0013558047   0.0041903853   0.0040317597   0.0005432903
       -0.0001413861  -0.0003186754   0.0000814234   0.0002577832   0.0002333915
        0.0000656499  -0.0000330847  -0.0000275517   0.0000273999   0.0000288472
        0.0000052642   0.0000205167   0.0000252440   0.0000151353  -0.0000032732
        0.0000087929   0.0000056215  -0.0000247002   0.0000155494   0.0000012972
       -0.0000072100   0.0000001358  -0.0000017387   0.0000116111   0.0000019861
        0.0000024230  -0.0000036771   0.0000074686   0.0000049336   0.0000200805
        0.0000091455  -0.0000052510  -0.0000639052   0.0000163750   0.0000116697
        0.0000469665  -0.0000098858   0.0001735114  -0.0000160233   0.0000136264
       -0.0000124200  -0.0000108692  -0.0000057296   0.0000051529  -0.0000003844
       -0.0000033988   0.0000083884  -0.0000043528  -0.0000200135   0.0000115263
        0.0000118686  -0.0000307070  -0.0000055066   0.0000062175  -0.0000078552
       -0.0000133637   0.0000053687  -0.0000043166   0.0000001221  -0.0000021225
       -0.0000004665  -0.0000011062   0.0000011753  -0.0000025847   0.0000029732
        0.0000001645   0.0000011674   0.0000003998  -0.0000015319   0.0000080450
        0.0000000258   0.0000045843  -0.0000088744   0.0000016558  -0.0003094994
        0.0004649370   0.0001022909  -0.0791176185  -0.0116468802   0.0485541923
       -0.0011466079  -0.0010899361  -0.0024562988  -0.0001223914  -0.0000009954
       -0.0000642554  -0.0003996478  -0.0006971839  -0.0016019057   0.0000096862
       -0.0000017199   0.0000012667   0.0000067100  -0.0000012399  -0.0000018128
        0.0000039152  -0.0000030758  -0.0000031164   0.0000017267  -0.0000066311
       -0.0000066449   0.0000035022   0.0000066229   0.0000367073  -0.0000059310
        0.0000147391   0.0000214686  -0.0000001449   0.0000005621   0.0000042199
        0.0000008297   0.0000038677   0.0000016953   0.0000035165  -0.0000007718
       -0.0000044609   0.0000113475  -0.0000044165  -0.0000002811  -0.0000009661
       -0.0000021913   0.0000020549   0.0000005960   0.0000036654   0.0000016415
        0.0000019780   0.0000030198  -0.0000008176   0.0000023786   0.0000013282
        0.0000016782  -0.0000006890   0.0000009859  -0.0000018260
       -0.0000043100  -0.0000417497   0.0000082058  -0.0000062449   0.0001102219
        0.0000608992   0.0000201720  -0.0000092644  -0.0000274180   0.0000166300
       -0.0000702365   0.0000690855  -0.0000577268   0.0000576935  -0.0000201017
       -0.0000944194   0.0001948299  -0.0002028556   0.0002914919   0.0006514125
       -0.0002787278  -0.0009221608   0.0036401728   0.0012584293   0.0058977544
        0.0142843854  -0.0068287500  -0.0773802666  -0.0779091936   0.0405133620
       -0.0122021579  -0.0238546637   0.0125041824  -0.0054229958   0.0001578699
        0.0026165545  -0.0003469418   0.0006320245  -0.0001969727  -0.0000614593
       -0.0001316325  -0.0002632445   0.0000122400   0.0000168654   0.0000364927
       -0.0000034457   0.0000667822   0.0000421379  -0.0000059098  -0.0000407556
       -0.0000580697   0.0000120497   0.0000108814   0.0000132526   0.0000191206
       -0.0000046311  -0.0000047957   0.0000399361  -0.0000044410  -0.0000099572
        0.0000174528   0.0000032657   0.0000019658  -0.0000011367  -0.0000169266
       -0.0000150288   0.0000002466  -0.0000262820  -0.0000239685   0.0000087298
       -0.0000379456   0.0000322615   0.0000174488  -0.0000180277  -0.0000115095
        0.0000391453   0.0000404476  -0.0000236133  -0.0000003284   0.0000024115
        0.0000157641  -0.0000062253   0.0000054843  -0.0000046986  -0.0000000356
       -0.0000000081  -0.0000079266  -0.0000095120   0.0000037072  -0.0000035205
       -0.0000015926   0.0000140208  -0.0000093066   0.0000081718   0.0000140462
        0.0000064655  -0.0000113577  -0.0000026009  -0.0000041102  -0.0000016900
        0.0000019855  -0.0000045384   0.0000012252  -0.0000023843  -0.0000012843
        0.0000016105  -0.0000044722   0.0000001512  -0.0000024450  -0.0000087836
       -0.0000042786  -0.0000022813  -0.0000063163   0.0000007360   0.0001045893
       -0.0000230278   0.0000221971   0.0006941335   0.0004788863  -0.0011466079
        0.0895337225   0.0839510715  -0.0484510095   0.0005522927  -0.0009613395
       -0.0001936924  -0.0006782877  -0.0011855141   0.0006187036  -0.0000106221
       -0.0000002250  -0.0000008773  -0.0000112231   0.0000031060   0.0000031139
       -0.0000050270   0.0000062493   0.0000063740   0.0000000601   0.0000021425
        0.0000044221  -0.0000476856   0.0000060171  -0.0000177722   0.0000088624
       -0.0000094575  -0.0000124974   0.0000014509  -0.0000005100  -0.0000006674
        0.0000003235   0.0000035782  -0.0000002911  -0.0000022896  -0.0000002017
       -0.0000013208  -0.0000028757  -0.0000010004   0.0000045980  -0.0000007750
        0.0000055049  -0.0000035644  -0.0000011603  -0.0000003386  -0.0000031434
       -0.0000002876   0.0000014695  -0.0000034205  -0.0000016749   0.0000018313
       -0.0000027854   0.0000076913   0.0000035653   0.0000029720
       -0.0000666748  -0.0001817285   0.0000288536   0.0001614999   0.0004518769
        0.0001496283   0.0000256241  -0.0000838001  -0.0001192388  -0.0001118825
       -0.0002891506   0.0001660009   0.0001780153   0.0002585280  -0.0001945600
        0.0000510884  -0.0003716936  -0.0002199993  -0.0007018416  -0.0008593453
        0.0006128600   0.0043721707  -0.0019609865   0.0032497088  -0.0074260735
       -0.0238528479   0.0112514701  -0.0776888171  -0.2222783412   0.0915130823
       -0.0024586778  -0.0026396880   0.0021045460  -0.0001791959   0.0016944650
        0.0016918491   0.0004226517   0.0003748030  -0.0003023382  -0.0000461345
       -0.0000066691  -0.0005135444   0.0000611569   0.0000341820   0.0000157557
       -0.0000064196   0.0001167470   0.0000834889  -0.0000325587  -0.0001398767
       -0.0001382854   0.0000203145  -0.0000107091   0.0000002783  -0.0000173688
       -0.0000031460  -0.0000043947   0.0000264230   0.0000024030   0.0000014245
        0.0000041064   0.0000038655   0.0000035649  -0.0000076518  -0.0000061202
       -0.0000021240   0.0000135640  -0.0000235856  -0.0000211789   0.0000038125
       -0.0000169899   0.0000093286   0.0000047517  -0.0000487697  -0.0000331098
       -0.0001074643  -0.0000208777   0.0000185874  -0.0000137840  -0.0000354523
        0.0000654545   0.0000008700   0.0000192545   0.0000053208   0.0000064952
       -0.0000058480   0.0000012750  -0.0000011476   0.0000171282   0.0000007119
        0.0000538315  -0.0000152885  -0.0000591147   0.0000033057   0.0000239070
        0.0000161850  -0.0000157331   0.0000052998  -0.0000009937   0.0000042110
        0.0000092551  -0.0000021853  -0.0000026762   0.0000017251  -0.0000035693
        0.0000018833   0.0000017881  -0.0000010729   0.0000077350  -0.0000196605
       -0.0000025087  -0.0000036544   0.0000009540   0.0000110353  -0.0000476029
        0.0000534344   0.0000776728  -0.0008827781   0.0003487787  -0.0010899361
        0.0839510715   0.2490879526  -0.1073312150   0.0005025290   0.0005717006
       -0.0010462581  -0.0000029766  -0.0001621011   0.0000260231  -0.0000146133
       -0.0000008122   0.0000038850  -0.0000145337   0.0000002651   0.0000065496
       -0.0000095081   0.0000045414   0.0000108351  -0.0000035704   0.0000099218
        0.0000169940  -0.0000166767  -0.0000210048  -0.0000365189  -0.0000118520
        0.0000152585   0.0000094184   0.0000149656  -0.0000162991  -0.0000116249
        0.0000060632  -0.0000126960  -0.0000027143   0.0000069376  -0.0000229811
        0.0000067441  -0.0000087150   0.0000011456  -0.0000010251   0.0000036627
        0.0000039766  -0.0000063258   0.0000006210  -0.0000072554  -0.0000045583
       -0.0000028835  -0.0000017138  -0.0000064176  -0.0000067942   0.0000000559
       -0.0000061303   0.0000008994   0.0000022252   0.0000024104
        0.0000488961   0.0000937475  -0.0000232226  -0.0000737596  -0.0001642261
       -0.0000391828  -0.0000110069   0.0000452819   0.0000411641   0.0001021088
        0.0001527661   0.0001963812  -0.0000071352  -0.0001751849  -0.0000218729
       -0.0002521605  -0.0001694187  -0.0006304242   0.0002648474   0.0003498444
       -0.0000031843   0.0012785041   0.0034494316   0.0080272123   0.0016329710
        0.0055714616  -0.0019639345   0.0403241056   0.0916218432  -0.0792483336
        0.0042141277   0.0073930374  -0.0026619459   0.0028077143   0.0017465079
        0.0048167049  -0.0002516729  -0.0003483095   0.0000581638  -0.0003363541
       -0.0004548018  -0.0011464996  -0.0000577674   0.0000279031  -0.0000118149
        0.0000019376  -0.0000361858  -0.0000098885   0.0000303929   0.0000399829
        0.0000216029  -0.0000020023  -0.0000016773  -0.0000001626  -0.0000006260
        0.0000099464   0.0000032755  -0.0000187542  -0.0000058792   0.0000057114
       -0.0000085943   0.0000044986   0.0000041722  -0.0000000660  -0.0000010988
        0.0000047013   0.0000085839  -0.0000016110   0.0000149016   0.0000144007
        0.0000200520   0.0000127392  -0.0000101637   0.0000217053   0.0000093718
        0.0000210119  -0.0000111576  -0.0000105193   0.0000080354   0.0000075949
       -0.0000173917  -0.0000006564  -0.0000076124  -0.0000048082  -0.0000037134
        0.0000044082   0.0000015194   0.0000013897  -0.0000059756   0.0000009559
       -0.0000280952   0.0000091164   0.0000210356  -0.0000019644  -0.0000112760
       -0.0000123171   0.0000051407  -0.0000058152  -0.0000028782   0.0000006130
       -0.0000001346  -0.0000046462  -0.0000005470  -0.0000024976   0.0000001506
        0.0000009656   0.0000038733  -0.0000031034  -0.0000025101   0.0000083902
       -0.0000011721   0.0000019464  -0.0000047054  -0.0000028322   0.0000447348
        0.0000553100   0.0001603137  -0.0006677774  -0.0014557693  -0.0024562988
       -0.0484510095  -0.1073312150   0.0765537428  -0.0007659415  -0.0007493032
       -0.0014120402   0.0001220744   0.0002955292  -0.0002582696   0.0000072787
       -0.0000023217  -0.0000012904   0.0000056566  -0.0000050104  -0.0000015016
        0.0000027955  -0.0000063933  -0.0000023908  -0.0000018864  -0.0000082336
       -0.0000074374   0.0000014299   0.0000041077   0.0000288196   0.0000043671
        0.0000048351  -0.0000017056  -0.0000043263   0.0000078237   0.0000022607
       -0.0000006317   0.0000053156  -0.0000015760  -0.0000023977   0.0000051543
       -0.0000079346   0.0000043217  -0.0000002788  -0.0000035363  -0.0000022494
       -0.0000023833  -0.0000005125   0.0000003950   0.0000031292  -0.0000021501
        0.0000024433   0.0000039369  -0.0000046703   0.0000027468   0.0000017156
       -0.0000003929  -0.0000021672   0.0000002261  -0.0000030587
        0.0000225681   0.0000603104  -0.0000128641  -0.0000432627  -0.0001322397
       -0.0000393894  -0.0000097376   0.0000378949   0.0000455415   0.0000893725
        0.0000839845  -0.0000389432   0.0000025485  -0.0003158014  -0.0000855638
       -0.0000512621  -0.0000439463   0.0000309481  -0.0000283788  -0.0000286156
       -0.0002858135   0.0000264108  -0.0008219848   0.0002225843  -0.0055665185
       -0.0000046562   0.0027523935  -0.0194437056   0.0229458745  -0.0044332377
       -0.1344285880   0.1209290646  -0.0255430598   0.0057518057  -0.0070932535
        0.0016813829   0.0005379562  -0.0013384172   0.0026434329   0.0002261964
       -0.0002510742   0.0001405954   0.0000215878   0.0000251937   0.0000282617
        0.0000075843  -0.0000484804  -0.0000427602  -0.0000128494   0.0000649015
        0.0000541875  -0.0000026185   0.0000112388   0.0000064152   0.0000211705
        0.0000012440  -0.0000026053  -0.0000130296  -0.0000116949  -0.0000069466
       -0.0000006837   0.0000019691  -0.0000013819  -0.0000008600  -0.0000040716
       -0.0000043664  -0.0000085634   0.0000065831   0.0000151939   0.0000458944
        0.0000046237   0.0000168623   0.0000159310   0.0000277656  -0.0000102216
        0.0000338024  -0.0000041122   0.0000525981   0.0000149504   0.0000190137
       -0.0000271847  -0.0000000093  -0.0000095110  -0.0000015047  -0.0000024786
        0.0000029708  -0.0000067048   0.0000026827  -0.0000141807  -0.0000016486
       -0.0000089888  -0.0000128181   0.0000321995  -0.0000016363  -0.0000061439
       -0.0000072672   0.0000001852  -0.0000085006  -0.0000015721  -0.0000036643
       -0.0000026016  -0.0000030287   0.0000015595  -0.0000013446   0.0000010615
       -0.0000029439  -0.0000027955  -0.0000014210  -0.0000048734  -0.0000046623
       -0.0000009460  -0.0000002574  -0.0000106750  -0.0000061884   0.0000444541
       -0.0000709404   0.0000202743  -0.0010351154   0.0012440158  -0.0001223914
        0.0005522927   0.0005025290  -0.0007659415   0.1524609703  -0.1345278620
        0.0241844494   0.0008525009  -0.0012213598  -0.0004471797  -0.0000039846
       -0.0000018772  -0.0000005788  -0.0000075237   0.0000012374   0.0000005957
       -0.0000004425   0.0000035496   0.0000002678  -0.0000020104  -0.0000062538
       -0.0000164805  -0.0000449254   0.0000008453  -0.0000060256   0.0000004187
       -0.0000117520   0.0000004912  -0.0000058379   0.0000048267   0.0000033675
       -0.0000003734   0.0000057099  -0.0000000777  -0.0000027712   0.0000085284
       -0.0000036136   0.0000026274   0.0000048131  -0.0000076734  -0.0000014173
        0.0000036928   0.0000006889  -0.0000004416   0.0000050541  -0.0000002351
        0.0000019701   0.0000040055   0.0000003246   0.0000020326   0.0000005664
        0.0000009967   0.0000002800  -0.0000003801  -0.0000002975
       -0.0001050775  -0.0001999491   0.0000248539   0.0002359909   0.0004853934
        0.0002141277   0.0000204943  -0.0000886770  -0.0001364587  -0.0001175694
       -0.0005220789   0.0000903588  -0.0000701199  -0.0000956882  -0.0002907657
       -0.0001787133   0.0000527353   0.0000235633  -0.0003308517   0.0000545298
       -0.0004657873  -0.0006117014   0.0001756709  -0.0000303013   0.0002832048
        0.0018325153   0.0016861525   0.0018359299  -0.0003107495   0.0001905091
        0.1203685065  -0.2011646608   0.0389192252   0.0145565178  -0.0234538132
        0.0063297417  -0.0017836095  -0.0023804253   0.0052992376   0.0010666072
       -0.0007832628   0.0001922498   0.0002038859   0.0000721076   0.0000275811
        0.0000201211   0.0000344431   0.0000177752  -0.0000926991  -0.0000730305
       -0.0000702186   0.0000232550   0.0000055145   0.0000048285  -0.0000037942
       -0.0000005165  -0.0000153523  -0.0000327323  -0.0000025849  -0.0000007987
        0.0000030034   0.0000121895  -0.0000064741  -0.0000305068   0.0000053396
       -0.0000009561  -0.0000388677   0.0000269689   0.0000024813   0.0000946403
        0.0000033426   0.0000201095   0.0000038762  -0.0000680253  -0.0000632708
       -0.0000123624   0.0000787280   0.0000801113  -0.0000229336  -0.0000109328
        0.0000519474  -0.0000124986   0.0000117002   0.0000063396   0.0000057818
       -0.0000032668  -0.0000042309  -0.0000113185   0.0000050563  -0.0000010897
        0.0000430833  -0.0000076061  -0.0000463874   0.0000024550   0.0000242851
        0.0000149016  -0.0000143119   0.0000040221   0.0000056573   0.0000033388
        0.0000103680   0.0000002198  -0.0000045630   0.0000080660  -0.0000021155
        0.0000004980   0.0000030912  -0.0000001043   0.0000135497  -0.0000338155
       -0.0000030503  -0.0000044968   0.0000043045   0.0000185352   0.0000341996
        0.0000160051   0.0000052184  -0.0000759433  -0.0000507508  -0.0000009954
       -0.0009613395   0.0005717006  -0.0007493032  -0.1345278620   0.2255876862
       -0.0497851857   0.0002886095   0.0002177621  -0.0014784228  -0.0000220288
        0.0000006250   0.0000111327  -0.0000211054   0.0000004252   0.0000078227
       -0.0000045923   0.0000115943   0.0000148924   0.0000127239   0.0000147156
        0.0000128779  -0.0000351676  -0.0000559543  -0.0001011409  -0.0000007157
        0.0000073396   0.0000010306   0.0000122107  -0.0000125523  -0.0000081036
        0.0000072668  -0.0000077217   0.0000001841   0.0000068347  -0.0000168701
        0.0000057190  -0.0000037867   0.0000045703  -0.0000028863   0.0000061059
        0.0000087619  -0.0000066060   0.0000008400  -0.0000047823  -0.0000018610
       -0.0000026510  -0.0000017772  -0.0000033213  -0.0000092150  -0.0000021557
       -0.0000058795  -0.0000103960   0.0000000900   0.0000016824
        0.0000228597   0.0000572112  -0.0000227618  -0.0000424551  -0.0001592394
       -0.0000033438  -0.0000032411   0.0000324074   0.0000251590   0.0000229038
        0.0001591850  -0.0000495148  -0.0000429614  -0.0002866957  -0.0007282814
       -0.0000658776  -0.0000675595   0.0000158037  -0.0003605666  -0.0003242094
       -0.0011374495   0.0001490192  -0.0002247580  -0.0002065735   0.0025004842
        0.0019125381   0.0047535184   0.0048852261  -0.0048679170   0.0021446530
       -0.0260601067   0.0385100972  -0.0438112559  -0.0068680921   0.0119182263
       -0.0026269076   0.0030320760   0.0047378168   0.0067847988  -0.0003059630
        0.0006897026   0.0000798689  -0.0000683856   0.0000288831   0.0002104742
        0.0000023207  -0.0000434042  -0.0000301754   0.0000170275   0.0000377025
        0.0000204810   0.0000098516   0.0000016880  -0.0000184235   0.0000288528
        0.0000246546   0.0000157447  -0.0000436643   0.0000141369   0.0000117519
        0.0000055162   0.0000021477   0.0000031684   0.0000204046  -0.0000168422
       -0.0000052988   0.0000081917  -0.0000163621   0.0000076768   0.0000097440
        0.0000367785   0.0000124453  -0.0000323749   0.0000615958  -0.0000249761
        0.0000776716   0.0000541692   0.0002290413  -0.0000237806   0.0000395182
       -0.0000107346  -0.0000126230  -0.0000122070  -0.0000041247   0.0000023631
       -0.0000033595   0.0000041529  -0.0000137528  -0.0000172982   0.0000187649
       -0.0000010724  -0.0000237606   0.0000067853   0.0000014884  -0.0000096481
       -0.0000092027   0.0000004845  -0.0000044423  -0.0000025857   0.0000005090
       -0.0000015313  -0.0000020680  -0.0000004331  -0.0000057878   0.0000033708
        0.0000016439  -0.0000000301  -0.0000006509  -0.0000046920   0.0000084136
       -0.0000016883   0.0000012638  -0.0000036655   0.0000006818  -0.0000115420
        0.0000213944   0.0000354804   0.0001893957  -0.0002532276  -0.0000642554
       -0.0001936924  -0.0010462581  -0.0014120402   0.0241844494  -0.0497851857
        0.0382772324  -0.0010482597  -0.0011691495  -0.0025177497   0.0000094466
       -0.0000028198  -0.0000005377   0.0000055442  -0.0000022637  -0.0000037785
        0.0000052911  -0.0000066189  -0.0000098808  -0.0000112278  -0.0000044842
       -0.0000162077   0.0000033776  -0.0000079300   0.0000484913   0.0000037809
        0.0000083546   0.0000003892  -0.0000030219   0.0000053545   0.0000041693
        0.0000021968   0.0000060886   0.0000018881   0.0000015259  -0.0000013397
       -0.0000049317   0.0000084970  -0.0000003754   0.0000023785  -0.0000016243
       -0.0000032411   0.0000023425   0.0000000937   0.0000007057   0.0000020245
        0.0000013818   0.0000012275  -0.0000004474   0.0000015381  -0.0000000573
        0.0000018257   0.0000029890   0.0000016709   0.0000012828
        0.0000741887  -0.0000224377   0.0000252364  -0.0003718041   0.0000700202
       -0.0001928172   0.0000710106   0.0000242031   0.0000519638   0.0002228632
       -0.0000596886   0.0001305257  -0.0001878333  -0.0001390488   0.0001242006
        0.0001235317  -0.0001950900  -0.0000192322  -0.0009209715  -0.0003056558
        0.0003657717  -0.0008646472   0.0036903362   0.0000059199   0.0007836214
        0.0001131832  -0.0002662557   0.0006467864  -0.0019239089   0.0027360146
       -0.0144641571  -0.0026291732   0.0047767364  -0.2877708904  -0.0080868203
        0.0599150229  -0.0209953761   0.0020592175   0.0044156160   0.0000514575
       -0.0011328869   0.0000794828   0.0006848190  -0.0005301213   0.0002767767
        0.0001581649   0.0003698159   0.0001353359   0.0001162380  -0.0002588676
       -0.0001294879  -0.0000530029  -0.0000821281  -0.0000125842  -0.0000945790
       -0.0000852143  -0.0000561427   0.0001692723  -0.0001197797   0.0001078129
       -0.0000732567   0.0001736897   0.0001302071  -0.0001599886  -0.0000050905
        0.0000250230   0.0002144305  -0.0002068039  -0.0001705762   0.0002399204
       -0.0001316486   0.0004965581   0.0003331883  -0.0003837187   0.0005047910
        0.0000740045  -0.0000196758  -0.0000069065   0.0000221659   0.0000257923
       -0.0000281381   0.0000121467  -0.0000182309  -0.0000212829   0.0000048372
       -0.0000055499  -0.0000064539  -0.0000001290  -0.0000064853   0.0000117169
       -0.0000236350  -0.0000006278   0.0000453714  -0.0000310503   0.0000231125
        0.0000027951  -0.0000145372  -0.0000066751  -0.0000062692   0.0000046383
        0.0000064315   0.0000015975  -0.0000017461   0.0000038755   0.0000007651
       -0.0000120282  -0.0000020876  -0.0000054635   0.0000019312  -0.0000411728
        0.0000031459  -0.0000011665  -0.0000463537  -0.0000298441  -0.0001724078
        0.0002378128   0.0000835021  -0.0000127401  -0.0001179963  -0.0003996478
       -0.0006782877  -0.0000029766   0.0001220744   0.0008525009   0.0002886095
       -0.0010482597   0.3226580793   0.0093660766  -0.0720383775  -0.0000594065
        0.0000171394  -0.0000199828  -0.0000583640   0.0000140316   0.0000002686
       -0.0000542534   0.0000212502   0.0000031742  -0.0000479960   0.0000344572
        0.0000131072  -0.0003492995  -0.0000049630  -0.0001080388   0.0000031500
       -0.0000146699  -0.0000132969  -0.0000099812   0.0000095522   0.0000090160
       -0.0000058705   0.0000124461  -0.0000012497  -0.0000059291   0.0000155583
       -0.0000090885  -0.0000034795   0.0000045296  -0.0000055680  -0.0000047457
        0.0000097899   0.0000054480  -0.0000014578  -0.0000041260   0.0000009808
       -0.0000044529   0.0000014974  -0.0000016243  -0.0000076110   0.0000004406
       -0.0000045033  -0.0000058651  -0.0000031956  -0.0000048672
       -0.0000989800   0.0000566179  -0.0000019306   0.0004056758  -0.0000923037
        0.0000488788  -0.0001028974   0.0000140586   0.0000125310  -0.0001525867
       -0.0000251625   0.0000701228   0.0000125898   0.0001288577  -0.0002120055
       -0.0001016951   0.0001646385  -0.0000809294   0.0009943024   0.0000615325
       -0.0004163462   0.0029479435  -0.0028387787   0.0028819878   0.0000769834
       -0.0003066110   0.0000678460  -0.0010456108  -0.0024491771   0.0050810028
       -0.0245019927  -0.0024290553   0.0071870725  -0.0078726910  -0.0419869456
        0.0049269553   0.0225224012   0.0003138612  -0.0047519984   0.0004315046
        0.0008178750  -0.0012016121   0.0003674248  -0.0014869874   0.0003003158
       -0.0000347232  -0.0004606947  -0.0002881752  -0.0001292790   0.0002365335
        0.0000579165  -0.0001147165  -0.0000963344  -0.0000226730  -0.0000903290
        0.0000180259   0.0000181257  -0.0002940743   0.0000699914   0.0001857416
        0.0000306702   0.0000682380   0.0000274199   0.0000059798  -0.0000345091
       -0.0000327948  -0.0000185050  -0.0000914481  -0.0000881139   0.0002087022
        0.0003021253   0.0005124957  -0.0006655406  -0.0001185679   0.0015067910
       -0.0000578649   0.0000219914   0.0000264817  -0.0000059399  -0.0000136288
        0.0000036867  -0.0000034010   0.0000055374   0.0000114871   0.0000003274
       -0.0000046218   0.0000060016   0.0000015230  -0.0000063306  -0.0000021100
        0.0000180435  -0.0000103439  -0.0000229141  -0.0000155939  -0.0000566097
       -0.0000364946   0.0000285619   0.0000091066   0.0000157948   0.0000019100
        0.0000051754   0.0000046696   0.0000031270   0.0000096081   0.0000027958
       -0.0000046927   0.0000008213  -0.0000032944   0.0000182111   0.0000247473
        0.0000091784   0.0000061509   0.0000164149   0.0000129349   0.0002861314
       -0.0002359931   0.0001101927  -0.0001733768  -0.0002440696  -0.0006971839
       -0.0011855141  -0.0001621011   0.0002955292  -0.0012213598   0.0002177621
       -0.0011691495   0.0093660766   0.0506946169  -0.0141963989   0.0000432675
        0.0000227957  -0.0000076559   0.0000297145  -0.0000399654  -0.0000397687
        0.0000076428  -0.0000320508  -0.0000303930   0.0000045880  -0.0000929387
       -0.0000540718   0.0000575551   0.0000018477  -0.0000585652  -0.0000088355
        0.0000118983   0.0000194577   0.0000029015  -0.0000043936  -0.0000017403
        0.0000027103  -0.0000053672   0.0000022254   0.0000035814  -0.0000076457
        0.0000051739   0.0000046407   0.0000009636   0.0000000973   0.0000092913
       -0.0000141492   0.0000039276   0.0000073205   0.0000115819   0.0000050043
        0.0000070142   0.0000075463   0.0000034432   0.0000140809   0.0000090401
        0.0000087168  -0.0000283493   0.0000229740  -0.0000156826
        0.0000418520  -0.0000189468  -0.0000233389  -0.0001458877   0.0000514492
        0.0001238342   0.0000435622   0.0000040911  -0.0000559254   0.0000815834
        0.0000539753   0.0000790208   0.0001755217  -0.0002628901  -0.0001522703
       -0.0001526446  -0.0001295104  -0.0000671895  -0.0002990389   0.0000603624
       -0.0000131939   0.0004027329   0.0025860994   0.0049216282  -0.0001915878
        0.0004485416  -0.0002723014   0.0028004044   0.0049990720   0.0065851650
        0.0131282445   0.0018764177  -0.0026737095   0.0599116478   0.0057623772
       -0.0487923089  -0.0033565360  -0.0016170802   0.0023934693  -0.0004575678
       -0.0003967784  -0.0016415336  -0.0004449065   0.0014128988   0.0001273649
       -0.0000752308   0.0000725157   0.0002029618   0.0001422605  -0.0002034753
       -0.0002600779   0.0000543232   0.0000133860   0.0000187732   0.0000384894
        0.0000653231   0.0000479725   0.0003148994   0.0001657325  -0.0000716369
        0.0000814874  -0.0001094951  -0.0000758280   0.0001800018  -0.0000654590
       -0.0000693640  -0.0001210989  -0.0000333646  -0.0001149102  -0.0004166194
        0.0000079816  -0.0019636138   0.0008074633   0.0013092843  -0.0010890961
        0.0000169340   0.0000115524   0.0000087460  -0.0000006374   0.0000035646
        0.0000022064  -0.0000019289  -0.0000024165  -0.0000007750  -0.0000018383
        0.0000044364  -0.0000009059  -0.0000016541   0.0000044800   0.0000015415
       -0.0000040427   0.0000018540   0.0000075605   0.0000124584   0.0000066548
       -0.0000114096  -0.0000182264  -0.0000039737  -0.0000068789   0.0000065708
        0.0000036619   0.0000000274  -0.0000057595  -0.0000022087  -0.0000020863
       -0.0000056749   0.0000055779  -0.0000023497   0.0000140278  -0.0000501653
       -0.0000202239   0.0000003568  -0.0000030919   0.0000102029   0.0000013667
        0.0001688068   0.0002423292  -0.0004564425  -0.0005960680  -0.0016019057
        0.0006187036   0.0000260231  -0.0002582696  -0.0004471797  -0.0014784228
       -0.0025177497  -0.0720383775  -0.0141963989   0.0467386978  -0.0000405253
       -0.0000420538  -0.0000150757  -0.0000407361   0.0000095603   0.0000417294
       -0.0000241774   0.0000171937   0.0000351032  -0.0000078188   0.0000458346
        0.0000805319  -0.0000889303   0.0000079186   0.0001254307   0.0000023987
        0.0000028716  -0.0000072760   0.0000019368   0.0000011337  -0.0000017028
        0.0000019234   0.0000005118  -0.0000015225   0.0000002244  -0.0000005685
       -0.0000029901   0.0000013992  -0.0000020052  -0.0000024438  -0.0000026727
        0.0000103821  -0.0000040601  -0.0000035144  -0.0000064556  -0.0000025785
       -0.0000037977  -0.0000006430  -0.0000036261  -0.0000125208  -0.0000046195
       -0.0000063654  -0.0000152005   0.0000045650   0.0000121966
        0.0000361958   0.0002319693  -0.0000640187   0.0003066855  -0.0007736100
        0.0001508796  -0.0001577139   0.0001648592   0.0001561009  -0.0001277130
        0.0000735571  -0.0000846429   0.0000841253  -0.0000120640   0.0000010921
        0.0000212616   0.0000036315   0.0000009794  -0.0000123755   0.0000179117
        0.0000029803   0.0000455091   0.0000000669  -0.0000010373   0.0000100298
        0.0000044303  -0.0000079777  -0.0000046551   0.0000056731  -0.0000014643
        0.0000095815   0.0000305691  -0.0000158126   0.0000186082   0.0000278509
        0.0000125070   0.0000651522   0.0000461356  -0.0000306580   0.0001302517
        0.0001201145  -0.0002049823   0.0006235527  -0.0000746954  -0.0001590604
        0.0003228161   0.0010673393   0.0021552567  -0.0009749263   0.0005652501
        0.0002677348  -0.0150283058   0.0024927450   0.0050385246  -0.2892367120
       -0.0032189609   0.0505746561  -0.0212818086  -0.0024968276   0.0026337706
        0.0008061479   0.0013650856   0.0007154030  -0.0000844144   0.0001922823
        0.0002223453   0.0002246755   0.0001461908   0.0000652581  -0.0010248524
        0.0001767215   0.0004635392  -0.0011884199  -0.0032401547  -0.0017019681
        0.0000002090  -0.0000286876   0.0000070135   0.0000027006   0.0000134446
       -0.0000228292   0.0000009420  -0.0000027256  -0.0000039261  -0.0000029995
        0.0000008254   0.0000004817   0.0000049325  -0.0000077007   0.0000077064
       -0.0000173362  -0.0000017217   0.0000158857   0.0004803516  -0.0004425788
       -0.0011044139  -0.0000310267   0.0003023423  -0.0000730312  -0.0001837041
       -0.0001509783  -0.0000389721   0.0000357975  -0.0001898694   0.0000430955
       -0.0000434710   0.0000148691   0.0001126836   0.0000923588  -0.0001493996
       -0.0004132685   0.0000030111  -0.0000172433  -0.0000257316  -0.0000275921
       -0.0000044167   0.0000027450  -0.0000223105  -0.0000054539   0.0000096862
       -0.0000106221  -0.0000146133   0.0000072787  -0.0000039846  -0.0000220288
        0.0000094466  -0.0000594065   0.0000432675  -0.0000405253   0.3255280362
        0.0046782779  -0.0579428270   0.0005262598  -0.0004200123  -0.0005201599
        0.0000989803   0.0000402229   0.0000505344   0.0000416849  -0.0000145305
       -0.0000367225  -0.0002027910  -0.0002263900  -0.0001445091  -0.0000001502
       -0.0000022608   0.0000017829  -0.0000079858   0.0000067755   0.0000067247
       -0.0000056919   0.0000072478   0.0000007537  -0.0000043938   0.0000088277
       -0.0000057004   0.0000047373  -0.0000033485   0.0000070216   0.0000055382
       -0.0000807542  -0.0000166899  -0.0000299212  -0.0000219746   0.0000014728
        0.0000054632  -0.0000127949  -0.0000111677  -0.0000410083  -0.0000352760
       -0.0000465181   0.0002806963  -0.0001774121  -0.0000267260
       -0.0000394080  -0.0000692049   0.0000432188  -0.0000367908   0.0003757708
       -0.0001883110   0.0001170339  -0.0000985874  -0.0000456962   0.0000268516
       -0.0000668947   0.0001227312   0.0001367675  -0.0000054467  -0.0001124963
        0.0000005466  -0.0000443576  -0.0000650945   0.0000107091  -0.0000083862
        0.0000072647  -0.0000227112  -0.0000481149  -0.0000235447  -0.0000171961
       -0.0000025361   0.0000069643  -0.0000126256   0.0000071339   0.0000054743
       -0.0000036235   0.0000084799  -0.0000021028   0.0000055509   0.0000146399
        0.0000346913  -0.0001338376   0.0000140387  -0.0000038892   0.0002975672
       -0.0006634850   0.0008085939  -0.0000178716  -0.0001742125  -0.0002138852
       -0.0000775737   0.0012039450  -0.0063060062   0.0012195328  -0.0005667743
       -0.0003037339   0.0194519604  -0.0010968279  -0.0056968377  -0.0042104525
       -0.0390032135  -0.0042647603  -0.0184367775  -0.0000963115   0.0026422335
       -0.0013289991  -0.0001470804   0.0017985210   0.0001075690   0.0000352831
        0.0001421321   0.0001249445   0.0000299792   0.0001366658  -0.0008395324
       -0.0001361043   0.0003541569  -0.0028960172  -0.0001363984  -0.0041380965
        0.0000049054   0.0000111502  -0.0000035618   0.0000025342  -0.0000021592
        0.0000068244  -0.0000033094   0.0000009510   0.0000020254  -0.0000018446
       -0.0000006924   0.0000007995  -0.0000026025   0.0000026539  -0.0000026253
        0.0000100210   0.0000004296  -0.0000076423   0.0016942159  -0.0008152621
        0.0017051360  -0.0000923618  -0.0004131519  -0.0000963506   0.0001442554
       -0.0000548038   0.0000050608  -0.0000947809   0.0000643211  -0.0000430070
       -0.0000401824  -0.0002309091  -0.0000575670   0.0002023723   0.0002588496
        0.0000778476   0.0000059770  -0.0000020054   0.0000080577   0.0000047995
        0.0000052965   0.0000133970  -0.0000029045  -0.0000065058  -0.0000017199
       -0.0000002250  -0.0000008122  -0.0000023217  -0.0000018772   0.0000006250
       -0.0000028198   0.0000171394   0.0000227957  -0.0000420538   0.0046782779
        0.0417427283   0.0147091219   0.0002904116  -0.0004448649  -0.0006358835
        0.0000149619   0.0000993307  -0.0000719698   0.0000533655   0.0000290818
       -0.0000245398  -0.0002093650  -0.0000463347  -0.0002885011  -0.0000003575
       -0.0000011159   0.0000011127   0.0000010318  -0.0000018343  -0.0000011601
        0.0000028042  -0.0000005171   0.0000005165   0.0000009258  -0.0000016337
        0.0000030415  -0.0000014885  -0.0000013960  -0.0000011985  -0.0000542403
        0.0001134330  -0.0000099060  -0.0000144936   0.0000140657   0.0000040561
       -0.0000090824   0.0000234222   0.0000128329   0.0000467325   0.0000581785
        0.0000342511  -0.0000712326   0.0002513517  -0.0000294465
        0.0000184610  -0.0001159202   0.0000084805  -0.0003008371   0.0003292198
       -0.0001308704   0.0001544465  -0.0001367283  -0.0000931340   0.0000846072
        0.0000604092  -0.0000691855  -0.0002523105  -0.0000685382   0.0001515812
        0.0000005971   0.0000611288   0.0000676088  -0.0000080792   0.0000127210
       -0.0000031700   0.0000361985   0.0000622706   0.0000185176   0.0000083365
       -0.0000016388  -0.0000005824  -0.0000005068  -0.0000088661  -0.0000088333
       -0.0000114309  -0.0000104893   0.0000071661   0.0000345818   0.0000003891
       -0.0000059223   0.0001773712  -0.0000510225   0.0000036535  -0.0003928521
        0.0007420035  -0.0009359264  -0.0000736100  -0.0003652328  -0.0002306232
        0.0018609371  -0.0063211802   0.0037640343   0.0013518859  -0.0004184890
       -0.0006642027   0.0193952622  -0.0007505067  -0.0038284672   0.0498103834
       -0.0053201107  -0.0469813705  -0.0113810433  -0.0004725104   0.0031312176
       -0.0016358156   0.0009413880  -0.0006140523   0.0003589438   0.0002325880
       -0.0000197012  -0.0001771768   0.0001927311   0.0000500544  -0.0006990434
       -0.0000201627  -0.0000520868  -0.0003718538  -0.0042918224   0.0016605390
       -0.0000087871   0.0000003480  -0.0000001985  -0.0000018508  -0.0000014686
        0.0000049489  -0.0000006280   0.0000016749   0.0000047809  -0.0000018879
        0.0000028263  -0.0000008222   0.0000006024   0.0000033527  -0.0000003044
        0.0000047207   0.0000028376   0.0000036683   0.0001224115   0.0017700875
       -0.0016157699   0.0003275740   0.0002410397   0.0002392555  -0.0000662705
        0.0001607124   0.0001213949   0.0000018498   0.0001076683  -0.0000026357
       -0.0002834430   0.0000091006  -0.0000395141  -0.0001894231  -0.0008215781
       -0.0002402967   0.0000044731   0.0000008763   0.0000111968   0.0000013808
       -0.0000036973  -0.0000195053   0.0000083350   0.0000088551   0.0000012667
       -0.0000008773   0.0000038850  -0.0000012904  -0.0000005788   0.0000111327
       -0.0000005377  -0.0000199828  -0.0000076559  -0.0000150757  -0.0579428270
        0.0147091219   0.0474747544   0.0001858255  -0.0004796140  -0.0003050444
        0.0000302522  -0.0000897318   0.0001067508   0.0000473030  -0.0000102402
        0.0000214813  -0.0000660609  -0.0002694638   0.0000670769  -0.0000014739
        0.0000008819  -0.0000010061   0.0000022011  -0.0000020142  -0.0000021441
        0.0000013560  -0.0000028031  -0.0000011691   0.0000011805  -0.0000015490
       -0.0000002182  -0.0000012928  -0.0000030017  -0.0000070878   0.0000325952
        0.0001288344  -0.0000604341   0.0000169787   0.0000642739   0.0000209899
        0.0000154652   0.0000549535  -0.0000253152  -0.0000124712   0.0000206880
       -0.0000240463  -0.0001941019   0.0001080363  -0.0009398739
        0.0000315551   0.0001981777  -0.0000497316   0.0001549831  -0.0005141738
       -0.0000485683  -0.0000730366   0.0000970122   0.0001406286  -0.0000130688
        0.0001760693  -0.0000630344  -0.0000225480  -0.0001666886   0.0000431765
        0.0000210596   0.0000035298  -0.0000273555  -0.0000035732   0.0000135915
        0.0000059792   0.0000347559  -0.0000149046  -0.0000210141   0.0000084940
        0.0000066824  -0.0000040248  -0.0000003850   0.0000099371  -0.0000032370
        0.0000193817   0.0000372141  -0.0000164464   0.0000131497   0.0000339761
        0.0000218068  -0.0000002961   0.0000629933  -0.0000387663   0.0000949117
        0.0000934465   0.0001857980  -0.0007632259  -0.0003041531  -0.0000047273
        0.0002913539  -0.0002582868  -0.0003564607  -0.0001144047   0.0003301524
        0.0002080972  -0.0002454108  -0.0000209542  -0.0000466861   0.0009454976
       -0.0008763704  -0.0014257972  -0.0152572272   0.0015648411   0.0052049840
       -0.2883757331  -0.0088906548   0.0512166308  -0.0215151164  -0.0025327254
        0.0028996670  -0.0009661660  -0.0039790630  -0.0012701970   0.0007941774
        0.0000365226  -0.0001513651   0.0001519512   0.0012165031   0.0023923612
        0.0000035506  -0.0000350662   0.0000083110   0.0000055962   0.0000148609
       -0.0000237602  -0.0000001728  -0.0000017557  -0.0000012156  -0.0000034694
        0.0000012955  -0.0000001423   0.0000047875  -0.0000068943   0.0000078248
       -0.0000171850  -0.0000004931   0.0000204599   0.0000002347  -0.0001351429
       -0.0000633685   0.0000135879  -0.0000206678  -0.0000105617  -0.0000184369
       -0.0000405341  -0.0000135642   0.0000009152  -0.0000270500   0.0000001888
       -0.0000056696  -0.0000072222  -0.0000047069  -0.0000185879   0.0000468698
       -0.0000288239   0.0000044053  -0.0000164781  -0.0000183225  -0.0000230462
       -0.0000023188   0.0000076613  -0.0000222456  -0.0000081340   0.0000067100
       -0.0000112231  -0.0000145337   0.0000056566  -0.0000075237  -0.0000211054
        0.0000055442  -0.0000583640   0.0000297145  -0.0000407361   0.0005262598
        0.0002904116   0.0001858255   0.3246255502   0.0124462893  -0.0586960006
        0.0008067606   0.0008949456  -0.0000843571  -0.0010569651   0.0000341759
        0.0001528534   0.0000344574   0.0002347712  -0.0002597686  -0.0000003403
       -0.0000033326   0.0000013665  -0.0000065287   0.0000057895   0.0000060977
       -0.0000039456   0.0000061194   0.0000008310  -0.0000037704   0.0000084912
       -0.0000045913   0.0000013320  -0.0000039465   0.0000040787  -0.0000110536
       -0.0000039063   0.0000001324  -0.0000065278   0.0000126805   0.0000002266
        0.0000044768   0.0000040855   0.0000050217   0.0000084430  -0.0000007052
        0.0000076277   0.0000236192  -0.0000038880   0.0000317844
       -0.0000301501  -0.0000667927   0.0000170761   0.0000139379   0.0001730900
        0.0000429115   0.0000048420  -0.0000278485  -0.0000341636  -0.0000255101
       -0.0000788655   0.0000002212   0.0000229641   0.0000547778  -0.0000153882
       -0.0000041420   0.0000071119   0.0000383659   0.0000088418   0.0000056541
       -0.0000031995   0.0000164551   0.0000096165   0.0000192999   0.0000064650
        0.0000048015  -0.0000030064   0.0000028264   0.0000041122   0.0000001843
        0.0000087825   0.0000029521   0.0000014543  -0.0000321007   0.0000127009
       -0.0000026865   0.0000381976  -0.0000175591   0.0000165225  -0.0000889020
       -0.0000348613  -0.0003543996   0.0009432903  -0.0000215682  -0.0001737436
       -0.0000055992   0.0000455696   0.0001736917  -0.0000618901  -0.0000302749
       -0.0000273514  -0.0000619968   0.0000405201   0.0001609232   0.0019628893
       -0.0002268392   0.0011383753   0.0170037511   0.0006226978  -0.0044151298
       -0.0083538285  -0.0397469535  -0.0037491495  -0.0195725227  -0.0006877250
        0.0031627532  -0.0035525520   0.0018680033  -0.0060811741  -0.0001009391
       -0.0005667664  -0.0003483380   0.0009466454   0.0004739766  -0.0051732894
       -0.0000018826   0.0000071923  -0.0000013271  -0.0000005908  -0.0000022144
        0.0000063747  -0.0000016872   0.0000008095   0.0000014770  -0.0000009436
       -0.0000034750   0.0000002489  -0.0000021553   0.0000014990  -0.0000043254
        0.0000085263  -0.0000013930  -0.0000033867  -0.0000232692   0.0001016510
       -0.0000786363   0.0000167939  -0.0000018819   0.0000270498  -0.0000022931
        0.0000118923   0.0000099490  -0.0000075652   0.0000057993  -0.0000060033
       -0.0000245541  -0.0000009545  -0.0000011402  -0.0000107101  -0.0000213383
        0.0000075484   0.0000028468   0.0000022902   0.0000001461   0.0000003243
       -0.0000031799  -0.0000091911   0.0000055650   0.0000008595  -0.0000012399
        0.0000031060   0.0000002651  -0.0000050104   0.0000012374   0.0000004252
       -0.0000022637   0.0000140316  -0.0000399654   0.0000095603  -0.0004200123
       -0.0004448649  -0.0004796140   0.0124462893   0.0404968991   0.0130240609
       -0.0002017210  -0.0009618952   0.0020692738  -0.0010655822  -0.0000990287
        0.0001515147   0.0001705161  -0.0008983595   0.0009252819  -0.0000000877
       -0.0000010816  -0.0000014447   0.0000013578  -0.0000023700  -0.0000017693
        0.0000019147  -0.0000014410  -0.0000003970   0.0000006158  -0.0000015274
        0.0000031186  -0.0000029370   0.0000012840  -0.0000030405   0.0000079110
        0.0000130443  -0.0000003236   0.0000029353   0.0000023136   0.0000004742
       -0.0000007110   0.0000032959  -0.0000013372  -0.0000023549   0.0000037756
       -0.0000015281  -0.0000046693   0.0000121446  -0.0000248594
       -0.0000193274  -0.0000931617   0.0000015618  -0.0000577643   0.0002456482
        0.0000881380   0.0000391274  -0.0000388395  -0.0000594622   0.0000170798
       -0.0000450244  -0.0000068517   0.0000785495   0.0000430326  -0.0000264772
        0.0000178976  -0.0000218795   0.0000123171  -0.0000040221  -0.0000048111
        0.0000013775  -0.0000137361  -0.0000096019  -0.0000002058  -0.0000097473
        0.0000058395   0.0000041663   0.0000099876  -0.0000078560  -0.0000066436
        0.0000097657  -0.0000055669   0.0000043870   0.0000063408   0.0000020419
       -0.0000126695  -0.0000436025  -0.0000228376   0.0000188867   0.0000937809
       -0.0003452819   0.0000182863   0.0008984861   0.0001667246  -0.0003540120
        0.0000187811   0.0002949252   0.0000811190  -0.0000367375  -0.0001009974
       -0.0000733001  -0.0002017128   0.0001642582   0.0001137699   0.0009809996
        0.0016388628  -0.0006546841   0.0201460170  -0.0011092355  -0.0045531226
        0.0521794604  -0.0029581853  -0.0482363977  -0.0137115540  -0.0013632817
        0.0027590041  -0.0005084521  -0.0061294028   0.0038338959  -0.0001608247
        0.0001026261  -0.0000127921   0.0013523718  -0.0056086995   0.0006094159
        0.0000063536   0.0000114328  -0.0000081577   0.0000003205  -0.0000096205
        0.0000073983  -0.0000011866  -0.0000004346   0.0000009745   0.0000007802
        0.0000002622  -0.0000021626  -0.0000014255   0.0000027832   0.0000018504
        0.0000067575   0.0000013701  -0.0000015789   0.0000542056   0.0000085680
        0.0001654995  -0.0000143018  -0.0000337323  -0.0000056442   0.0000256441
        0.0000151649   0.0000053911  -0.0000105490   0.0000198172  -0.0000058230
       -0.0000114439  -0.0000040113  -0.0000107220   0.0000117103  -0.0000393916
        0.0000486057   0.0000021149   0.0000018439   0.0000089512   0.0000098741
        0.0000004118  -0.0000012912   0.0000079087   0.0000027867  -0.0000018128
        0.0000031139   0.0000065496  -0.0000015016   0.0000005957   0.0000078227
       -0.0000037785   0.0000002686  -0.0000397687   0.0000417294  -0.0005201599
       -0.0006358835  -0.0003050444  -0.0586960006   0.0130240609   0.0488421075
       -0.0010549926   0.0018234749  -0.0012604411  -0.0006548921  -0.0000094707
        0.0000043220  -0.0002322280   0.0010063756  -0.0010104023  -0.0000005862
        0.0000027579   0.0000000979   0.0000036007  -0.0000025573  -0.0000018791
        0.0000018581  -0.0000022670  -0.0000009471   0.0000020964  -0.0000037056
       -0.0000008776  -0.0000013392   0.0000000424  -0.0000063683  -0.0000028094
        0.0000173667   0.0000012294  -0.0000001848   0.0000008699   0.0000001562
       -0.0000037727   0.0000063631  -0.0000007473  -0.0000080485   0.0000016571
       -0.0000054462  -0.0000044468   0.0000197652  -0.0000433940
        0.0000154267   0.0000434958  -0.0000086650   0.0000067735  -0.0001299839
       -0.0000210136  -0.0000063425   0.0000138067   0.0000387701  -0.0000079131
        0.0000521441  -0.0000392345   0.0000055098  -0.0000692161   0.0000086455
        0.0000103543  -0.0000112297   0.0000045413   0.0000177977   0.0000151262
       -0.0000033873   0.0000339381   0.0000029662  -0.0000117263   0.0000177175
       -0.0000033310  -0.0000012511  -0.0000077212   0.0000183178  -0.0000107202
        0.0000016021   0.0000265687  -0.0000082361   0.0000171214   0.0000240889
        0.0000366580   0.0000203868   0.0000211202   0.0000014217   0.0000163386
       -0.0000272907   0.0000258684  -0.0000141039   0.0001473172  -0.0001310535
       -0.0000471314  -0.0000495221  -0.0000526672   0.0000072050   0.0000600495
        0.0000735496  -0.0000783942  -0.0001098560  -0.0002473592   0.0002939540
       -0.0005085441  -0.0004805733  -0.0011801306  -0.0033676981  -0.0007537013
        0.0061281132  -0.0109023650  -0.0113187633  -0.0804639003   0.0612744814
        0.0666008030  -0.0129363731   0.0183128818   0.0200437955  -0.0057228614
       -0.0006420026   0.0017619891  -0.0003377422  -0.0005141148  -0.0004301415
        0.0000075131  -0.0000166094   0.0000031556   0.0000011959   0.0000074437
       -0.0000079447  -0.0000034767   0.0000020995  -0.0000013230  -0.0000035398
        0.0000001832   0.0000009679  -0.0000020729   0.0000025242   0.0000059157
       -0.0000081706   0.0000043871   0.0000070727   0.0000391517  -0.0000354901
       -0.0000311634  -0.0000002436  -0.0000143582  -0.0000069825  -0.0000059256
       -0.0000032478   0.0000013330   0.0000021614  -0.0000063264   0.0000019958
       -0.0000004361  -0.0000048433  -0.0000001266  -0.0000091680   0.0000092493
       -0.0000077169   0.0000043127   0.0000059313  -0.0000028085  -0.0000112427
       -0.0000011528   0.0000010677  -0.0000108109  -0.0000027534   0.0000039152
       -0.0000050270  -0.0000095081   0.0000027955  -0.0000004425  -0.0000045923
        0.0000052911  -0.0000542534   0.0000076428  -0.0000241774   0.0000989803
        0.0000149619   0.0000302522   0.0008067606  -0.0002017210  -0.0010549926
        0.0934718845  -0.0651944761  -0.0753090387   0.0006073296   0.0008571664
        0.0003009044  -0.0007219165   0.0009142128   0.0009939798   0.0000007021
       -0.0000024936  -0.0000019929  -0.0000005876   0.0000018867   0.0000017870
        0.0000007845   0.0000016530   0.0000001583  -0.0000005577   0.0000012022
       -0.0000006640   0.0000027295  -0.0000092273   0.0000032238  -0.0000035033
        0.0000024160  -0.0000007328  -0.0000025497  -0.0000002546  -0.0000006563
       -0.0000013131  -0.0000012171  -0.0000005988   0.0000013325   0.0000004426
        0.0000007627   0.0000107745  -0.0000023418   0.0000087917
        0.0000010558  -0.0001339742   0.0000358140  -0.0001570288   0.0003642450
        0.0000397306   0.0000655812  -0.0000665038  -0.0000917333   0.0000236479
       -0.0001331242   0.0000584046   0.0000030750   0.0000951154  -0.0000251788
       -0.0000131420  -0.0000003398  -0.0000031642   0.0000074578  -0.0000053257
        0.0000012152  -0.0000166834   0.0000020040   0.0000043303  -0.0000031765
        0.0000039897  -0.0000012881   0.0000047678   0.0000015376   0.0000059461
       -0.0000060023  -0.0000196197   0.0000105266  -0.0000240147   0.0000009013
       -0.0000064815   0.0000098604  -0.0000382596   0.0000029795  -0.0000410043
        0.0000362135   0.0000071264   0.0000964938  -0.0004833104   0.0008146843
       -0.0002097418   0.0001200539   0.0002359523   0.0000747149  -0.0001291364
       -0.0002974836   0.0000090113  -0.0005427578   0.0001932523   0.0005983285
       -0.0003787580  -0.0006951900  -0.0040558779   0.0020560211  -0.0060474930
        0.0063661630  -0.0148282701  -0.0156195408   0.0611496720  -0.1440095563
       -0.1146407405   0.0012774111  -0.0001275316  -0.0014976684  -0.0004082569
        0.0033680753  -0.0024236361  -0.0002790500   0.0001401334   0.0003255383
       -0.0000037631   0.0000223787  -0.0000040012  -0.0000032766  -0.0000053526
        0.0000180147  -0.0000015300   0.0000028397   0.0000011366   0.0000000125
       -0.0000028457   0.0000016310  -0.0000037958   0.0000056352  -0.0000061987
        0.0000165271   0.0000005464  -0.0000153710   0.0000990995  -0.0000206882
       -0.0000069372  -0.0000563497  -0.0000009178  -0.0000243236   0.0000023847
        0.0000044571   0.0000112117  -0.0000033463  -0.0000033404  -0.0000046306
        0.0000009257  -0.0000019284   0.0000136359   0.0000209323  -0.0000355335
       -0.0000052950  -0.0000050125   0.0000085383   0.0000073641   0.0000114928
        0.0000026575  -0.0000019616   0.0000107432   0.0000036178  -0.0000030758
        0.0000062493   0.0000045414  -0.0000063933   0.0000035496   0.0000115943
       -0.0000066189   0.0000212502  -0.0000320508   0.0000171937   0.0000402229
        0.0000993307  -0.0000897318   0.0008949456  -0.0009618952   0.0018234749
       -0.0651944761   0.1560925271   0.1364337559  -0.0002986630  -0.0003564642
        0.0014694868  -0.0000266639  -0.0000942962   0.0000080705   0.0000000257
       -0.0000001736  -0.0000025210   0.0000032910  -0.0000035376  -0.0000026110
        0.0000025757  -0.0000026869   0.0000003599   0.0000012353  -0.0000043772
        0.0000058843  -0.0000032104   0.0000005988  -0.0000013558  -0.0000004395
        0.0000078011  -0.0000046002  -0.0000033852  -0.0000200907  -0.0000055912
       -0.0000064412  -0.0000083648  -0.0000063972  -0.0000137785  -0.0000035716
       -0.0000106195   0.0000154068  -0.0000007708   0.0000111125
        0.0000080467  -0.0001435633   0.0000300037  -0.0001785978   0.0003075248
        0.0000585455   0.0000941008  -0.0000659915  -0.0001017544   0.0000386174
       -0.0001029667   0.0000375441   0.0000063547   0.0000728173  -0.0000108737
       -0.0000095543  -0.0000009129   0.0000004175   0.0000087693  -0.0000118001
       -0.0000033755  -0.0000250027   0.0000110577   0.0000087602  -0.0000093725
       -0.0000019614   0.0000063897  -0.0000014721  -0.0000089537  -0.0000060182
        0.0000071555  -0.0000167437   0.0000173323   0.0000099570  -0.0000266682
       -0.0000025761  -0.0000033268  -0.0000368185   0.0000156438  -0.0000906495
       -0.0000073880  -0.0000216830  -0.0002150049   0.0007102210  -0.0007075360
       -0.0000540334   0.0002415037   0.0001376956   0.0001359431  -0.0002813317
        0.0000067236  -0.0002270998   0.0002672604  -0.0004787550   0.0005129659
       -0.0006083527  -0.0004576541  -0.0010422087  -0.0061271678   0.0042441463
        0.0048361854  -0.0116230899  -0.0112690183   0.0663605431  -0.1147639277
       -0.1550775402   0.0041707751  -0.0051872834  -0.0045316963   0.0020759342
       -0.0024638936   0.0034517318  -0.0004470057   0.0003623564   0.0002779763
       -0.0000033323   0.0000228719  -0.0000047938  -0.0000018472  -0.0000108194
        0.0000116867  -0.0000011832  -0.0000000049   0.0000020556   0.0000006629
        0.0000016153  -0.0000013690  -0.0000021053   0.0000064229   0.0000006624
        0.0000125467   0.0000011924  -0.0000097126   0.0000596953   0.0000011475
       -0.0000174948  -0.0000435646   0.0000153314  -0.0000118764   0.0000083001
        0.0000085065   0.0000067689  -0.0000074411  -0.0000040837  -0.0000019045
        0.0000034484   0.0000046566   0.0000087354   0.0000234124  -0.0000532039
        0.0000063207  -0.0000040598   0.0000029385   0.0000124976   0.0000124221
        0.0000026177  -0.0000014355   0.0000105724   0.0000055846  -0.0000031164
        0.0000063740   0.0000108351  -0.0000023908   0.0000002678   0.0000148924
       -0.0000098808   0.0000031742  -0.0000303930   0.0000351032   0.0000505344
       -0.0000719698   0.0001067508  -0.0000843571   0.0020692738  -0.0012604411
       -0.0753090387   0.1364337559   0.1663780520  -0.0007868031   0.0012723561
       -0.0005542686   0.0000993260  -0.0001816363  -0.0002913774  -0.0000015881
        0.0000042489   0.0000007177   0.0000037177  -0.0000028186  -0.0000027453
        0.0000023017  -0.0000027230  -0.0000007267   0.0000018678  -0.0000064284
       -0.0000003834  -0.0000023763   0.0000010912  -0.0000049060   0.0000006180
        0.0000080626  -0.0000038431  -0.0000020701  -0.0000154854  -0.0000031694
       -0.0000052728  -0.0000047494  -0.0000058048  -0.0000142960  -0.0000038963
       -0.0000101244   0.0000080736   0.0000068840   0.0000079840
        0.0000016824  -0.0000582050   0.0000184132  -0.0000725710   0.0001211424
        0.0000138409   0.0000366509  -0.0000344464  -0.0000355845  -0.0000069138
       -0.0000731092   0.0000182910   0.0000077649   0.0000527664  -0.0000240773
       -0.0000048744  -0.0000076108  -0.0000004426   0.0000182459   0.0000020302
       -0.0000077241  -0.0000165091   0.0000130977   0.0000020410   0.0000007575
       -0.0000041081  -0.0000005271  -0.0000105081   0.0000050520  -0.0000059922
       -0.0000024156  -0.0000147871   0.0000173478   0.0000450178  -0.0000120686
        0.0000125271   0.0000221877  -0.0000160818  -0.0000097994   0.0000152374
       -0.0000271038   0.0000056744   0.0002360102   0.0001964209   0.0002211959
        0.0000277206   0.0002976865   0.0000871667   0.0000905334  -0.0000681255
       -0.0000857321  -0.0000673549   0.0000455947   0.0000398047   0.0000157627
        0.0000806139  -0.0001972216   0.0000417626   0.0006539180   0.0005224798
       -0.0058617603  -0.0005126379   0.0019596528  -0.0197353904  -0.0191158418
       -0.0139999705  -0.1337860919  -0.0985347020  -0.0739623668   0.0059729061
        0.0061193600   0.0047762934   0.0002212694   0.0007294432   0.0025956784
       -0.0000032413   0.0000099957   0.0000015034  -0.0000023162  -0.0000013091
        0.0000055313  -0.0000038660   0.0000022566  -0.0000001206  -0.0000030408
       -0.0000001996   0.0000017514  -0.0000056933   0.0000093601   0.0000001350
        0.0000027792   0.0000023904  -0.0000066984   0.0000235405  -0.0000044029
        0.0000390939  -0.0000204029   0.0000129715  -0.0000111356   0.0000091593
        0.0000033033   0.0000024278  -0.0000002538  -0.0000043584   0.0000000147
        0.0000075659   0.0000007515   0.0000027209   0.0000219613  -0.0000173835
       -0.0000017950  -0.0000005411   0.0000118369   0.0000078859  -0.0000027846
        0.0000013283   0.0000017315  -0.0000058520   0.0000006731   0.0000017267
        0.0000000601  -0.0000035704  -0.0000018864  -0.0000020104   0.0000127239
       -0.0000112278  -0.0000479960   0.0000045880  -0.0000078188   0.0000416849
        0.0000533655   0.0000473030  -0.0010569651  -0.0010655822  -0.0006548921
        0.0006073296  -0.0002986630  -0.0007868031   0.1523143509   0.1103412871
        0.0791691828   0.0009408811   0.0011103618   0.0002340643  -0.0000000108
       -0.0000007009  -0.0000010466   0.0000022390  -0.0000014519  -0.0000007971
        0.0000027047  -0.0000015855  -0.0000000879   0.0000008220  -0.0000043373
        0.0000017709   0.0000026032  -0.0000041405  -0.0000005879  -0.0000017980
       -0.0000028910  -0.0000001981  -0.0000012577  -0.0000091064  -0.0000008259
       -0.0000033411  -0.0000025008  -0.0000009043  -0.0000068174  -0.0000006992
       -0.0000034964   0.0000013868   0.0000073913   0.0000125095
        0.0000188881  -0.0001613023   0.0000567684  -0.0002661209   0.0004084502
        0.0000045136   0.0001076355  -0.0000778637  -0.0001102467   0.0000742078
       -0.0000659113   0.0000378725  -0.0000152139   0.0000121846   0.0000119907
       -0.0000119568   0.0000089612   0.0000078310  -0.0000134539   0.0000071356
        0.0000115477   0.0000457576   0.0000017399  -0.0000023203  -0.0000040999
        0.0000089011   0.0000072978   0.0000207414   0.0000016737   0.0000046843
        0.0000363032   0.0000198797   0.0000021318  -0.0000920728   0.0000308133
       -0.0000049436   0.0000143137  -0.0000602238   0.0000395447  -0.0001742987
        0.0001022493  -0.0000763748  -0.0008832273  -0.0002605068  -0.0003508309
       -0.0000315881  -0.0003590738   0.0004385140   0.0001270251  -0.0003948618
       -0.0002201299   0.0002900752  -0.0000236263  -0.0000668366   0.0003561339
       -0.0003573813   0.0008480042   0.0004166986  -0.0000280491   0.0001528181
       -0.0007196386   0.0035335527  -0.0023321996  -0.0026560877  -0.0007078908
       -0.0013540753  -0.0978763052  -0.1450579791  -0.0854736145  -0.0110748171
       -0.0141754312  -0.0118513942   0.0011222429   0.0022318445  -0.0072125492
       -0.0000059904   0.0000198403  -0.0000057007  -0.0000037907  -0.0000036999
        0.0000187742  -0.0000025176   0.0000056449   0.0000031676  -0.0000004459
       -0.0000000979   0.0000015091  -0.0000017253   0.0000021469  -0.0000044279
        0.0000253078   0.0000015587  -0.0000184806   0.0000079065   0.0001409367
       -0.0001138433  -0.0000221650   0.0000397849   0.0000100451  -0.0000022619
        0.0000165639   0.0000103694  -0.0000041998   0.0000012043  -0.0000071435
       -0.0000039708   0.0000043138   0.0000130336   0.0000110568  -0.0000564224
       -0.0000106948  -0.0000117130   0.0000123080   0.0000144455   0.0000166227
        0.0000045385  -0.0000097362   0.0000172281   0.0000023518  -0.0000066311
        0.0000021425   0.0000099218  -0.0000082336  -0.0000062538   0.0000147156
       -0.0000044842   0.0000344572  -0.0000929387   0.0000458346  -0.0000145305
        0.0000290818  -0.0000102402   0.0000341759  -0.0000990287  -0.0000094707
        0.0008571664  -0.0003564642   0.0012723561   0.1103412871   0.1568045590
        0.1042313088  -0.0000690321  -0.0011053600   0.0020529140  -0.0000003834
       -0.0000002468  -0.0000029065   0.0000025973  -0.0000036856  -0.0000037301
        0.0000007323  -0.0000033138  -0.0000004899   0.0000018157  -0.0000056994
        0.0000043720  -0.0000061912  -0.0000049332  -0.0000035611   0.0000049780
        0.0000082214  -0.0000079285  -0.0000001836  -0.0000134658  -0.0000045179
       -0.0000042186  -0.0000066043  -0.0000064400  -0.0000132317  -0.0000036874
       -0.0000103088   0.0000041890   0.0000006716   0.0000028361
        0.0000118233  -0.0001258510   0.0000173829  -0.0001815548   0.0003230207
        0.0000815494   0.0000834083  -0.0000563541  -0.0000987779   0.0000525668
       -0.0000617082   0.0000255520   0.0000112214   0.0000270423  -0.0000067540
        0.0000035333   0.0000172844  -0.0000205197   0.0000211959  -0.0000270007
        0.0000074641  -0.0000149068  -0.0000103831   0.0000015593  -0.0000101351
        0.0000036882   0.0000124458   0.0000263810   0.0000038313  -0.0000041326
        0.0000351912   0.0000230254   0.0000059451  -0.0000325526  -0.0000189357
       -0.0000095444  -0.0000112352  -0.0000552621  -0.0000264402  -0.0001433582
       -0.0000765532   0.0001711863  -0.0006648898  -0.0009410574  -0.0004497113
        0.0000878934   0.0004285424  -0.0004247845   0.0000587713  -0.0002874284
       -0.0001881568  -0.0000909451   0.0001330232   0.0001026297  -0.0001143109
        0.0005940925  -0.0007683435   0.0004618442   0.0003565023  -0.0000092177
        0.0016301138  -0.0025434975   0.0033374841   0.0025922133   0.0021230270
        0.0028243089  -0.0741506089  -0.0851853324  -0.1005732179  -0.0114457430
       -0.0156742377  -0.0120935995   0.0030007098  -0.0065272111   0.0024705638
       -0.0000043432   0.0000180034  -0.0000059558  -0.0000008272  -0.0000068684
        0.0000092087  -0.0000024647   0.0000016936   0.0000039920  -0.0000004063
        0.0000037533  -0.0000008140  -0.0000001880   0.0000032904   0.0000018624
        0.0000154302   0.0000035152  -0.0000066382   0.0000572268  -0.0000808892
        0.0001612220  -0.0000408389  -0.0000115145  -0.0000196857   0.0000151272
       -0.0000025869  -0.0000053415  -0.0000056865  -0.0000001813   0.0000005251
        0.0000142263  -0.0000015981   0.0000006241   0.0000283628  -0.0000135142
        0.0000162638  -0.0000092979   0.0000022695   0.0000157297   0.0000142078
        0.0000047617  -0.0000037397   0.0000113148   0.0000027367  -0.0000066449
        0.0000044221   0.0000169940  -0.0000074374  -0.0000164805   0.0000128779
       -0.0000162077   0.0000131072  -0.0000540718   0.0000805319  -0.0000367225
       -0.0000245398   0.0000214813   0.0001528534   0.0001515147   0.0000043220
        0.0003009044   0.0014694868  -0.0005542686   0.0791691828   0.1042313088
        0.1072254727  -0.0008786569   0.0018468891  -0.0012853728  -0.0000013729
        0.0000024774  -0.0000002641   0.0000024034  -0.0000030101  -0.0000036674
        0.0000015237  -0.0000020280  -0.0000006081   0.0000016571  -0.0000043481
       -0.0000011262  -0.0000031443  -0.0000033863  -0.0000069161  -0.0000034686
        0.0000085610  -0.0000013250  -0.0000028771  -0.0000122484  -0.0000015411
       -0.0000050775  -0.0000040228  -0.0000012037  -0.0000087949  -0.0000021219
       -0.0000043522   0.0000020712   0.0000045292   0.0000070032
        0.0000787182   0.0000042579   0.0000340490  -0.0004407908  -0.0000155446
       -0.0001907134   0.0000762724  -0.0000349366  -0.0000095941   0.0001077557
        0.0002689510  -0.0000022264   0.0001862189  -0.0003411358  -0.0000351546
       -0.0000649421   0.0000589602   0.0000239769  -0.0000971425   0.0001174173
       -0.0000061278   0.0002259906   0.0000163635   0.0000564897  -0.0000670532
       -0.0001837546   0.0000554326  -0.0001466429  -0.0000033929   0.0000313310
        0.0001600606   0.0002076051  -0.0000895234   0.0002078876   0.0000149383
        0.0003787945   0.0003000483   0.0001515978   0.0006740712   0.0006530303
        0.0002837655   0.0003370230   0.0002007120   0.0009669476   0.0006522803
       -0.0002190470   0.0000861579   0.0001624810   0.0002427625  -0.0000096630
        0.0001234930   0.0001460535   0.0001795635   0.0000527184  -0.0009549166
        0.0001956767   0.0003953416  -0.0009289324  -0.0032334336  -0.0016557497
        0.0008032995  -0.0000139115  -0.0002126230   0.0003570270   0.0012407211
        0.0029038740  -0.0152049961   0.0013116217   0.0045690316  -0.2931837347
       -0.0042811123   0.0449218950  -0.0213658537  -0.0027251950   0.0020625118
       -0.0000332329   0.0000071906  -0.0000047869  -0.0000025566   0.0000111975
       -0.0000049562  -0.0000106244   0.0000110437   0.0000007562  -0.0000048940
        0.0000035551   0.0000027204  -0.0000038482   0.0000056037   0.0000036439
       -0.0000085414   0.0000060907  -0.0000057137   0.0000794494   0.0000292667
        0.0000012294  -0.0000379823   0.0000196827  -0.0000157016   0.0000006176
        0.0000150563  -0.0000029309   0.0000089062   0.0000001954   0.0000047463
        0.0000202753  -0.0000054440   0.0000190809   0.0000252008  -0.0000323306
       -0.0000143386  -0.0000107767   0.0000542420   0.0000443565  -0.0000554720
       -0.0000055126  -0.0000192068  -0.0000491077  -0.0000130277   0.0000035022
       -0.0000476856  -0.0000166767   0.0000014299  -0.0000449254  -0.0000351676
        0.0000033776  -0.0003492995   0.0000575551  -0.0000889303  -0.0002027910
       -0.0002093650  -0.0000660609   0.0000344574   0.0001705161  -0.0002322280
       -0.0007219165  -0.0000266639   0.0000993260   0.0009408811  -0.0000690321
       -0.0008786569   0.3294080398   0.0058099142  -0.0540854128  -0.0000004287
       -0.0000080509   0.0000046761  -0.0000029948   0.0000018985   0.0000032052
       -0.0000027981   0.0000025937  -0.0000001890  -0.0000002815   0.0000011499
       -0.0000048800   0.0000167310  -0.0000158083   0.0000017400  -0.0000024146
       -0.0000029371  -0.0000050154  -0.0000017009  -0.0000206225  -0.0000029300
       -0.0000082916  -0.0000101099  -0.0000070840  -0.0000143189  -0.0000002623
       -0.0000094300   0.0000105395   0.0000017941   0.0000215789
        0.0000776107   0.0000284683   0.0000381085  -0.0002903050  -0.0000370369
       -0.0001465152   0.0000591907   0.0000059955   0.0000062278   0.0000251929
        0.0000435735   0.0001367833   0.0001290193  -0.0003924508  -0.0000154561
        0.0000891922  -0.0000698099  -0.0000497975   0.0000634517   0.0000394000
       -0.0000148385   0.0000600015   0.0001365811  -0.0000652231  -0.0000378977
        0.0000069034   0.0000097365  -0.0000764788  -0.0000522794   0.0000346606
        0.0000541971  -0.0001223047   0.0000576657   0.0000044999   0.0000423540
        0.0003643651   0.0002481242   0.0006857599  -0.0007174613  -0.0001561651
       -0.0004543801  -0.0005402175  -0.0004139192  -0.0000785986   0.0018440237
       -0.0001235962  -0.0000351245   0.0002326662   0.0001274152  -0.0000010558
       -0.0001066260   0.0001468405   0.0000560069   0.0001254951  -0.0008432337
       -0.0000544177   0.0003227475  -0.0026743764   0.0003490417  -0.0048214296
       -0.0000228782  -0.0001953067  -0.0000596577   0.0005016840   0.0022218929
       -0.0069020563   0.0187429623  -0.0001000935  -0.0048868731  -0.0046098438
       -0.0386212322  -0.0038747425  -0.0188802487  -0.0007293453   0.0019088871
       -0.0000126101  -0.0000421320   0.0000226042  -0.0000143510   0.0000229540
       -0.0000033788  -0.0000107008   0.0000172610  -0.0000002685  -0.0000095726
        0.0000064620   0.0000118290  -0.0000010125  -0.0000058588   0.0000119856
        0.0000127933   0.0000140209  -0.0000414568   0.0000380328   0.0000102420
       -0.0000273082  -0.0000131810   0.0000145035  -0.0000062241  -0.0000072066
        0.0000029890  -0.0000036229   0.0000035948  -0.0000031502   0.0000003120
        0.0000048568  -0.0000041832   0.0000069046   0.0000040962  -0.0000064627
       -0.0000143630  -0.0000084089   0.0000232367   0.0000160524  -0.0000188176
       -0.0000047810   0.0000154116  -0.0000068716  -0.0000314977   0.0000066229
        0.0000060171  -0.0000210048   0.0000041077   0.0000008453  -0.0000559543
       -0.0000079300  -0.0000049630   0.0000018477   0.0000079186  -0.0002263900
       -0.0000463347  -0.0002694638   0.0002347712  -0.0008983595   0.0010063756
        0.0009142128  -0.0000942962  -0.0001816363   0.0011103618  -0.0011053600
        0.0018468891   0.0058099142   0.0395662918   0.0146784074   0.0000008846
        0.0000006885  -0.0000062094  -0.0000060801   0.0000075262   0.0000019372
       -0.0000058324   0.0000053400   0.0000023062  -0.0000032953   0.0000062073
        0.0000006002   0.0000070899  -0.0000335805   0.0000366854  -0.0000039943
        0.0000041162  -0.0000014624  -0.0000014580  -0.0000090044  -0.0000025434
       -0.0000027388  -0.0000052416  -0.0000022867  -0.0000028558  -0.0000006932
       -0.0000023612   0.0000124303  -0.0000083332   0.0000130929
        0.0000770311   0.0000462175  -0.0000217267  -0.0002424028  -0.0001154759
        0.0000485078   0.0000650320   0.0000288010  -0.0000273808   0.0001328358
        0.0002995309  -0.0001087216  -0.0000129210  -0.0003398988   0.0001568092
        0.0000680406  -0.0000570325  -0.0000073230   0.0000835046  -0.0000641646
        0.0000218115   0.0002733986  -0.0000216419  -0.0001542215   0.0000565129
        0.0001149559  -0.0000165630   0.0001102399   0.0000525985  -0.0000292034
       -0.0000608669   0.0000221204  -0.0000509561  -0.0003751334   0.0007030356
       -0.0014169980   0.0008703446  -0.0003352196  -0.0019473317  -0.0004326670
       -0.0015953963  -0.0006433560  -0.0005109521   0.0010633665  -0.0007429688
        0.0002144388   0.0003328756   0.0000796094   0.0001194831  -0.0000715319
        0.0000302963  -0.0001088273   0.0001850458   0.0000177515  -0.0007295349
       -0.0000468631   0.0000672669  -0.0008966077  -0.0046655698   0.0018513146
       -0.0001910717  -0.0003153997  -0.0004022091   0.0025559356  -0.0068296243
        0.0022156430   0.0207232606  -0.0013173208  -0.0043229171   0.0446810682
       -0.0045666259  -0.0456710296  -0.0129707069   0.0002599544   0.0036484917
        0.0000083255  -0.0000324165  -0.0000070037  -0.0000080108   0.0000291952
       -0.0000097878  -0.0000006499  -0.0000016067  -0.0000058675  -0.0000029505
        0.0000061688  -0.0000019657   0.0000040317   0.0000014621  -0.0000007115
       -0.0000410207   0.0000224994   0.0000275967   0.0000419813   0.0000165235
        0.0000052569  -0.0000083049  -0.0000077115  -0.0000096275   0.0000003019
       -0.0000005164  -0.0000025788  -0.0000014187  -0.0000062641   0.0000007823
        0.0000034143  -0.0000002611   0.0000059472  -0.0000052762  -0.0000087511
       -0.0000082903  -0.0000033055  -0.0000014547   0.0000082826  -0.0000479604
        0.0000415859   0.0000073216  -0.0000411259  -0.0000391736   0.0000367073
       -0.0000177722  -0.0000365189   0.0000288196  -0.0000060256  -0.0001011409
        0.0000484913  -0.0001080388  -0.0000585652   0.0001254307  -0.0001445091
       -0.0002885011   0.0000670769  -0.0002597686   0.0009252819  -0.0010104023
        0.0009939798   0.0000080705  -0.0002913774   0.0002340643   0.0020529140
       -0.0012853728  -0.0540854128   0.0146784074   0.0497052209   0.0000062156
       -0.0000024506  -0.0000173953  -0.0000064067   0.0000087102   0.0000013111
       -0.0000030692   0.0000073782  -0.0000029186  -0.0000067589   0.0000156057
       -0.0000080322   0.0000054645   0.0000071059   0.0000107812  -0.0000055463
        0.0000038968   0.0000006440  -0.0000011845  -0.0000034842   0.0000003803
       -0.0000003023  -0.0000017864  -0.0000017364  -0.0000015312  -0.0000006377
       -0.0000010616   0.0000091362  -0.0000003022   0.0000094835
        0.0000417863   0.0000113447  -0.0000936650  -0.0001181773   0.0000500311
        0.0003938973   0.0001538753   0.0000478610  -0.0002057359   0.0000184939
       -0.0000200590  -0.0001284881  -0.0002560581   0.0001812346   0.0001025904
       -0.0011652448  -0.0022577227   0.0003072102   0.0003388903  -0.0002340061
       -0.0000261797  -0.0001810950   0.0001183633   0.0000725447   0.0000658103
       -0.0000620573  -0.0000034026  -0.0000409395  -0.0000020117   0.0000055645
        0.0000135138   0.0000199983  -0.0000148139   0.0000018151  -0.0000260559
       -0.0000045012   0.0000028239   0.0000759555  -0.0000399581  -0.0000117383
       -0.0000934596   0.0001033946  -0.0000199005  -0.0000008687  -0.0000106947
       -0.0000378183   0.0000738388   0.0000751722   0.0000505493  -0.0000485023
       -0.0001266083   0.0000001263  -0.0000132207  -0.0000025387  -0.0000016931
       -0.0000022722  -0.0000035366   0.0000091757  -0.0000023442  -0.0000011932
       -0.0000043250   0.0000006972  -0.0000007653   0.0000015602   0.0000009015
        0.0000003509   0.0000037889   0.0000011932  -0.0000037733  -0.0000044218
       -0.0000038028  -0.0000112106   0.0000113109   0.0000022912  -0.0000028802
        0.0006905478  -0.0060309264   0.0126990159  -0.0389867948   0.0133498206
       -0.0128994984  -0.0009268316   0.0095590809  -0.0138705894   0.0033217686
        0.0062311027   0.0014321059  -0.0004351943   0.0002095925   0.0001506417
        0.0032499069   0.0038201386   0.0043834749  -0.0000011072   0.0000008395
        0.0000015848   0.0000010495   0.0000002760  -0.0000006265  -0.0000006296
       -0.0000029694  -0.0000013180  -0.0000005682  -0.0000018411  -0.0000011338
       -0.0000014238   0.0000002942  -0.0000016699   0.0000005691  -0.0000006961
       -0.0000019858  -0.0000238398  -0.0000343640   0.0000039944   0.0002391739
       -0.0001053406  -0.0001478437   0.0000154856  -0.0000131071  -0.0000059310
        0.0000088624  -0.0000118520   0.0000043671   0.0000004187  -0.0000007157
        0.0000037809   0.0000031500  -0.0000088355   0.0000023987  -0.0000001502
       -0.0000003575  -0.0000014739  -0.0000003403  -0.0000000877  -0.0000005862
        0.0000007021   0.0000000257  -0.0000015881  -0.0000000108  -0.0000003834
       -0.0000013729  -0.0000004287   0.0000008846   0.0000062156   0.0365528474
       -0.0228995190   0.0095382590  -0.0013702519  -0.0012460946  -0.0012708485
       -0.0001078418   0.0005220708  -0.0007142772  -0.0011207057  -0.0007825523
       -0.0004207543   0.0000182379  -0.0003763112   0.0007301842   0.0000009947
        0.0000002582   0.0000033776   0.0000003283   0.0000005690   0.0000009208
        0.0000011097   0.0000008484   0.0000005846   0.0000003450   0.0000004700
        0.0000000430  -0.0000014877   0.0000023547  -0.0000002308
        0.0000188336  -0.0000412294  -0.0000844214  -0.0001374484   0.0001837532
        0.0003701648   0.0002058782  -0.0000068315  -0.0001662381  -0.0001162274
       -0.0002333768  -0.0001185686  -0.0001551077   0.0003458043   0.0000052926
       -0.0010309369  -0.0004852598  -0.0012753425   0.0005820249  -0.0004085670
       -0.0005010786   0.0000691200  -0.0001099935   0.0002045894   0.0000101668
       -0.0000057670   0.0000012401   0.0000151200  -0.0000419951  -0.0000040524
       -0.0000132512  -0.0000069350   0.0000071293  -0.0000220171  -0.0000058431
       -0.0000146513   0.0000277761   0.0000679215  -0.0000179796   0.0000171249
       -0.0000367689   0.0000863242  -0.0000029635   0.0000009947   0.0000041721
       -0.0000131847   0.0000346628   0.0000299648   0.0000557178  -0.0000615005
       -0.0000658024   0.0000177617  -0.0000071158   0.0000005982  -0.0000032187
       -0.0000027049  -0.0000031240   0.0000032151   0.0000004162   0.0000043450
        0.0000031802  -0.0000007766  -0.0000003586   0.0000018326  -0.0000040245
       -0.0000020998   0.0000040618  -0.0000095933  -0.0000045231   0.0000014856
       -0.0000048264  -0.0000003630  -0.0000122264  -0.0000119683  -0.0000004683
       -0.0008209931   0.0042715203  -0.0048629193   0.0133301355  -0.1089173158
        0.1145899848   0.0031949460  -0.0152375706   0.0219707449   0.0064549280
       -0.0015780632   0.0009213170   0.0000314266   0.0000373698  -0.0005359613
        0.0038246709   0.0021959845  -0.0003028987   0.0000047312   0.0000098329
        0.0000058857  -0.0000046915   0.0000034261  -0.0000038952   0.0000024841
        0.0000044131  -0.0000026688  -0.0000013563  -0.0000002718  -0.0000006640
        0.0000006071   0.0000026124  -0.0000002650   0.0000006700  -0.0000025520
       -0.0000022716  -0.0000723063  -0.0000368139   0.0000361824  -0.0001452052
       -0.0007706374  -0.0006287540  -0.0000353249  -0.0000328614   0.0000147391
       -0.0000094575   0.0000152585   0.0000048351  -0.0000117520   0.0000073396
        0.0000083546  -0.0000146699   0.0000118983   0.0000028716  -0.0000022608
       -0.0000011159   0.0000008819  -0.0000033326  -0.0000010816   0.0000027579
       -0.0000024936  -0.0000001736   0.0000042489  -0.0000007009  -0.0000002468
        0.0000024774  -0.0000080509   0.0000006885  -0.0000024506  -0.0228995190
        0.1223651854  -0.1300624914  -0.0016942953  -0.0003075141   0.0000188793
        0.0001267917  -0.0007842114   0.0011131831  -0.0007831457  -0.0005257809
       -0.0003245550   0.0000167792   0.0001317890  -0.0004222402   0.0000002853
       -0.0000012333   0.0000000262  -0.0000011992  -0.0000057094  -0.0000004561
       -0.0000025249  -0.0000011012  -0.0000017397  -0.0000024114  -0.0000001364
       -0.0000003336   0.0000005180  -0.0000014024   0.0000024461
        0.0000335157  -0.0000667201   0.0001163422  -0.0000535984   0.0001714543
       -0.0005305680  -0.0001791597  -0.0000960719   0.0001956042   0.0000339530
       -0.0001875599   0.0002085961   0.0002137755   0.0004552145  -0.0002342848
       -0.0012308057   0.0005033539   0.0004133770   0.0004223403  -0.0000272233
        0.0001747503  -0.0000163723  -0.0003006498   0.0000658900  -0.0000062818
        0.0001339607  -0.0000103494   0.0000457732   0.0000295005  -0.0000255795
       -0.0000609075   0.0000128333   0.0000106142  -0.0000565005   0.0000342257
        0.0000105239  -0.0001028100  -0.0000192766   0.0000370267  -0.0001496814
        0.0000768290   0.0000044035  -0.0000326941   0.0000171984  -0.0000074752
       -0.0000324142   0.0000305821   0.0000118503   0.0000417762  -0.0001240002
        0.0000995830   0.0000042490  -0.0000093932  -0.0000068445  -0.0000133320
        0.0000013444   0.0000089788  -0.0000078241   0.0000036558   0.0000088874
       -0.0000105688   0.0000068464   0.0000130732  -0.0000030906   0.0000023140
        0.0000074626  -0.0000069989   0.0000024888   0.0000042397   0.0000182267
        0.0000058532   0.0000203609  -0.0000200081  -0.0000010666   0.0000088783
        0.0002798600   0.0128402651  -0.0243037395  -0.0124667056   0.1150893520
       -0.2278713888  -0.0008273860   0.0029711724  -0.0028860582   0.0012311079
        0.0014856724   0.0018155759   0.0000800522  -0.0005844794   0.0005866372
        0.0046328304  -0.0008857738  -0.0031028228  -0.0000011377   0.0000005600
       -0.0000016137  -0.0000045332  -0.0000015574  -0.0000050724   0.0000006418
        0.0000028428   0.0000013423   0.0000015406  -0.0000027281  -0.0000022166
       -0.0000015885  -0.0000006601  -0.0000018489   0.0000043882   0.0000014327
        0.0000040367   0.0000026503   0.0000219135  -0.0000379676  -0.0003492351
       -0.0007792032  -0.0000321364  -0.0000327165  -0.0000445210   0.0000214686
       -0.0000124974   0.0000094184  -0.0000017056   0.0000004912   0.0000010306
        0.0000003892  -0.0000132969   0.0000194577  -0.0000072760   0.0000017829
        0.0000011127  -0.0000010061   0.0000013665  -0.0000014447   0.0000000979
       -0.0000019929  -0.0000025210   0.0000007177  -0.0000010466  -0.0000029065
       -0.0000002641   0.0000046761  -0.0000062094  -0.0000173953   0.0095382590
       -0.1300624914   0.2560021509  -0.0004069888  -0.0011745921   0.0007315359
        0.0000464151   0.0000508506  -0.0001946751  -0.0004193212  -0.0003355241
       -0.0000615312  -0.0001137184   0.0007283652  -0.0012268704  -0.0000055311
        0.0000013327  -0.0000004563  -0.0000011020  -0.0000004899  -0.0000046319
       -0.0000002701   0.0000018504  -0.0000043036   0.0000002062   0.0000015063
       -0.0000026414   0.0000022379   0.0000012733  -0.0000016714
       -0.0000392562  -0.0001194800  -0.0000351911   0.0001768664   0.0003091131
        0.0002752202   0.0000412856  -0.0000737593  -0.0001587511  -0.0001341574
       -0.0001412388  -0.0000268485  -0.0000149151   0.0002446847  -0.0000985272
       -0.0002508864  -0.0001048146   0.0008079831  -0.0000930984   0.0000503022
       -0.0000451231   0.0000361479  -0.0000546639  -0.0000336307  -0.0000386354
        0.0000148357   0.0000009302  -0.0000037797  -0.0000105254   0.0000086381
        0.0000051205   0.0000038219  -0.0000042083   0.0000358859  -0.0000109636
        0.0000000376  -0.0000106213   0.0000060088   0.0000155968  -0.0000493379
       -0.0000433284  -0.0000213525   0.0000174943   0.0000325420  -0.0000049657
       -0.0000009414   0.0000330862   0.0000326875  -0.0000491582  -0.0000388021
       -0.0001018040   0.0000080664   0.0000014903   0.0000098818   0.0000019314
       -0.0000013991  -0.0000002935   0.0000012265  -0.0000013552   0.0000030873
        0.0000071777  -0.0000023810  -0.0000034775  -0.0000034430  -0.0000028184
       -0.0000024650  -0.0000021142  -0.0000023097  -0.0000039281  -0.0000014721
       -0.0000004867  -0.0000011485  -0.0000128401  -0.0000212326  -0.0000115502
        0.0032784834   0.0065878104   0.0011621427  -0.0096059260   0.0072146921
        0.0145650494  -0.1029454138   0.0423704356   0.1063538835   0.0006665176
       -0.0002301407   0.0006794692   0.0054390827   0.0029740093   0.0013674474
        0.0000533758  -0.0001454803  -0.0004744718  -0.0000011768   0.0000113912
        0.0000083908  -0.0000049596  -0.0000015862   0.0000026734  -0.0000019947
        0.0000023233  -0.0000029979  -0.0000005132   0.0000008213  -0.0000008101
        0.0000000103  -0.0000024093   0.0000009058   0.0000009874  -0.0000084354
       -0.0000028269  -0.0000428434  -0.0000061098   0.0000338962  -0.0000182202
       -0.0000181017   0.0000410060   0.0000057390   0.0000040999  -0.0000001449
        0.0000014509   0.0000149656  -0.0000043263  -0.0000058379   0.0000122107
       -0.0000030219  -0.0000099812   0.0000029015   0.0000019368  -0.0000079858
        0.0000010318   0.0000022011  -0.0000065287   0.0000013578   0.0000036007
       -0.0000005876   0.0000032910   0.0000037177   0.0000022390   0.0000025973
        0.0000024034  -0.0000029948  -0.0000060801  -0.0000064067  -0.0013702519
       -0.0016942953  -0.0004069888   0.1072766680  -0.0550810837  -0.1222117216
       -0.0012019178  -0.0012917972  -0.0012254044  -0.0000367039   0.0000214263
       -0.0000378126  -0.0010841913  -0.0008084157  -0.0004535705   0.0000029345
        0.0000046654  -0.0000007639  -0.0000006882  -0.0000034865   0.0000008678
       -0.0000026589  -0.0000014348  -0.0000006928  -0.0000034166   0.0000006979
       -0.0000010232   0.0000007578   0.0000018019   0.0000025947
        0.0000578337   0.0000729184  -0.0000121167  -0.0002292987  -0.0001521641
       -0.0000440012   0.0000641693   0.0000025902   0.0000605294   0.0000350457
        0.0000283860  -0.0000293448   0.0000381393  -0.0002929699   0.0001016684
        0.0005154852  -0.0002362307  -0.0010047726   0.0000932474   0.0000439074
       -0.0000698602   0.0000130577   0.0000412525   0.0000685449   0.0000587291
       -0.0000039105  -0.0000058751   0.0000003766   0.0000012202  -0.0000089764
        0.0000029694   0.0000033695  -0.0000013165  -0.0000325902  -0.0000074154
       -0.0000039586  -0.0000092124   0.0000181289  -0.0000174044   0.0000921080
        0.0000168577   0.0000408141  -0.0000149407  -0.0000431972   0.0000041984
       -0.0000127107   0.0000006779  -0.0000020512   0.0000746011  -0.0000075823
        0.0000450493  -0.0000045622  -0.0000005012  -0.0000064960   0.0000024686
        0.0000032391   0.0000019555  -0.0000055029  -0.0000021892  -0.0000021537
       -0.0000032185   0.0000013964   0.0000010047   0.0000021442   0.0000022485
        0.0000024224   0.0000043562   0.0000010577   0.0000021962   0.0000013166
        0.0000020420  -0.0000016064   0.0000145415   0.0000208460   0.0000090404
        0.0061146784  -0.0015805430   0.0013747458   0.0141444569  -0.0090238453
       -0.0201504228   0.0421879627  -0.0632403397  -0.0599758917  -0.0070996296
        0.0044283889   0.0124563150   0.0031625574   0.0012258412   0.0041510446
       -0.0000733011  -0.0003701447   0.0004846760   0.0000003137  -0.0000083440
       -0.0000089677   0.0000034739   0.0000006824  -0.0000039573  -0.0000001894
       -0.0000005441  -0.0000005060  -0.0000006244  -0.0000007726   0.0000007558
       -0.0000004982   0.0000029859  -0.0000011113  -0.0000014118   0.0000084658
        0.0000015221  -0.0000109033   0.0000245504  -0.0000345569   0.0000360715
        0.0000214188  -0.0000770507  -0.0000086745  -0.0000040463   0.0000005621
       -0.0000005100  -0.0000162991   0.0000078237   0.0000048267  -0.0000125523
        0.0000053545   0.0000095522  -0.0000043936   0.0000011337   0.0000067755
       -0.0000018343  -0.0000020142   0.0000057895  -0.0000023700  -0.0000025573
        0.0000018867  -0.0000035376  -0.0000028186  -0.0000014519  -0.0000036856
       -0.0000030101   0.0000018985   0.0000075262   0.0000087102  -0.0012460946
       -0.0003075141  -0.0011745921  -0.0550810837   0.0699053792   0.0632497578
       -0.0017267887  -0.0001555419   0.0001431684  -0.0003853526   0.0001342749
        0.0006936673  -0.0008069717  -0.0005318018  -0.0002739184  -0.0000011864
       -0.0000051558   0.0000034695   0.0000009172   0.0000012048   0.0000004734
        0.0000020780   0.0000018008   0.0000003559   0.0000034349  -0.0000004200
        0.0000017062  -0.0000005547  -0.0000028112  -0.0000013568
        0.0000944128   0.0001076097   0.0000159757  -0.0002884288  -0.0001756228
       -0.0001699363   0.0000303130   0.0000104604   0.0000644612   0.0001202602
        0.0000335606   0.0000334706  -0.0000623513  -0.0000202745   0.0000264309
       -0.0000014165   0.0000958606  -0.0001019277   0.0000331814   0.0000820800
       -0.0000504626   0.0000125042  -0.0000201678   0.0000171601   0.0000349388
        0.0000119430  -0.0000105548   0.0000073042   0.0000099650   0.0000032635
       -0.0000056373   0.0000023943  -0.0000045056  -0.0000305938   0.0000024217
        0.0000100472  -0.0000055911  -0.0000014169  -0.0000083924  -0.0000012676
        0.0000109605  -0.0000037566  -0.0000106355  -0.0000324807   0.0000028335
       -0.0000225835  -0.0000015437  -0.0000059661   0.0000842238  -0.0000296955
        0.0000720488  -0.0000041334   0.0000048686  -0.0000053472   0.0000088247
        0.0000043988   0.0000104098  -0.0000096299  -0.0000052109  -0.0000028736
       -0.0000063845   0.0000016764   0.0000047380   0.0000032703   0.0000039216
        0.0000055990  -0.0000105437   0.0000069490  -0.0000000464   0.0000147641
        0.0000045841   0.0000048925   0.0000010261   0.0000248504   0.0000206887
        0.0015030458   0.0011950594   0.0019098326   0.0015682489  -0.0014279240
       -0.0008859308   0.1063788967  -0.0598378026  -0.2113056744   0.0136853841
       -0.0065491807  -0.0240883052   0.0010633933   0.0045522817  -0.0034437747
       -0.0005433952   0.0004247928   0.0004913794  -0.0000043250  -0.0000116241
       -0.0000097179   0.0000049809  -0.0000018548  -0.0000017833  -0.0000031302
       -0.0000056667   0.0000019504   0.0000029713  -0.0000006100  -0.0000000348
        0.0000003964   0.0000000317   0.0000020818   0.0000003279   0.0000062847
        0.0000019865  -0.0000048801   0.0000144160  -0.0000302001   0.0000029092
       -0.0000374869  -0.0000025486  -0.0000083442  -0.0000076191   0.0000042199
       -0.0000006674  -0.0000116249   0.0000022607   0.0000033675  -0.0000081036
        0.0000041693   0.0000090160  -0.0000017403  -0.0000017028   0.0000067247
       -0.0000011601  -0.0000021441   0.0000060977  -0.0000017693  -0.0000018791
        0.0000017870  -0.0000026110  -0.0000027453  -0.0000007971  -0.0000037301
       -0.0000036674   0.0000032052   0.0000019372   0.0000013111  -0.0012708485
        0.0000188793   0.0007315359  -0.1222117216   0.0632497578   0.2375067258
       -0.0004076491  -0.0010204472   0.0005020542   0.0006994302  -0.0003839234
       -0.0012453785  -0.0004693076  -0.0002824991  -0.0000655037  -0.0000042504
       -0.0000026485   0.0000025979  -0.0000001529   0.0000034427  -0.0000008881
        0.0000020937   0.0000013931   0.0000013479   0.0000022677   0.0000004361
        0.0000014178  -0.0000009013  -0.0000007781  -0.0000012426
       -0.0000467126  -0.0001461551  -0.0000010024   0.0002236415   0.0003062775
        0.0001708398  -0.0000055492  -0.0000769668  -0.0000798036  -0.0001172853
       -0.0000717109  -0.0000747612  -0.0000603709   0.0001880946  -0.0000226900
       -0.0009856359  -0.0009708367  -0.0003834936   0.0001033521  -0.0002378247
        0.0000343068  -0.0000116394   0.0000125160   0.0001014016  -0.0000167230
       -0.0000299593   0.0000150330  -0.0000134216  -0.0000049265  -0.0000080272
        0.0000104458   0.0000117485  -0.0000054011   0.0000142352  -0.0000161709
       -0.0000138329   0.0000180012   0.0000239391  -0.0000082864  -0.0000072645
       -0.0000327395   0.0000867058  -0.0000062293   0.0000271596  -0.0000112000
       -0.0000026097   0.0000263142   0.0000234208  -0.0000552259  -0.0000291689
       -0.0000732135   0.0000024921  -0.0000008172   0.0000073842  -0.0000016461
       -0.0000037018  -0.0000026166   0.0000013291   0.0000001685   0.0000031496
        0.0000063181   0.0000003904  -0.0000013440  -0.0000037841  -0.0000020197
       -0.0000028346   0.0000015278  -0.0000004512  -0.0000014957  -0.0000028253
        0.0000027654  -0.0000022277  -0.0000047177  -0.0000185566  -0.0000086147
        0.0001957970  -0.0003691432   0.0000007370   0.0053438605   0.0031210576
        0.0011190545  -0.0013492460   0.0033883082  -0.0008787311  -0.1184120151
        0.1227159235  -0.0031458060  -0.0095640034   0.0144135430   0.0008741803
        0.0034824949   0.0039790024   0.0046420812   0.0000017582   0.0000122090
        0.0000083562  -0.0000063976   0.0000013730   0.0000011126  -0.0000024033
        0.0000047246  -0.0000025049  -0.0000018690   0.0000025149  -0.0000016027
       -0.0000009868  -0.0000010179  -0.0000003105   0.0000013333  -0.0000054020
       -0.0000015119  -0.0000123398   0.0000118336  -0.0000063142  -0.0000048915
       -0.0000251088  -0.0000302518   0.0000050287  -0.0000000171   0.0000008297
        0.0000003235   0.0000060632  -0.0000006317  -0.0000003734   0.0000072668
        0.0000021968  -0.0000058705   0.0000027103   0.0000019234  -0.0000056919
        0.0000028042   0.0000013560  -0.0000039456   0.0000019147   0.0000018581
        0.0000007845   0.0000025757   0.0000023017   0.0000027047   0.0000007323
        0.0000015237  -0.0000027981  -0.0000058324  -0.0000030692  -0.0001078418
        0.0001267917   0.0000464151  -0.0012019178  -0.0017267887  -0.0004076491
        0.1244207136  -0.1440569690  -0.0008634880  -0.0012889302  -0.0012665192
       -0.0011014691  -0.0005205639   0.0006880334   0.0000006127   0.0000022632
        0.0000065379  -0.0000010320  -0.0000021835  -0.0000018669  -0.0000009572
       -0.0000025068   0.0000008384  -0.0000011366  -0.0000016982   0.0000021661
       -0.0000011969   0.0000017098   0.0000023727   0.0000017274
        0.0001044078   0.0001338272  -0.0000242356  -0.0003701340  -0.0002174630
       -0.0000834941   0.0001066923   0.0000383704   0.0000676291   0.0001791449
        0.0000100421  -0.0000198952  -0.0002004394   0.0001768202   0.0000692108
       -0.0009070748  -0.0003665827  -0.0002878298   0.0001429470  -0.0001117674
       -0.0000721048  -0.0000275071   0.0000427361   0.0000694384   0.0000513888
       -0.0000202802  -0.0000117722  -0.0000136742   0.0000018226  -0.0000039385
        0.0000170548  -0.0000003067  -0.0000036497  -0.0000213698  -0.0000130160
        0.0000005024   0.0000011164   0.0000136564  -0.0000170082  -0.0000229299
        0.0000021852   0.0000485403  -0.0000099146  -0.0000308661  -0.0000073319
       -0.0000245133   0.0000150600   0.0000132136   0.0001255265  -0.0000351834
        0.0000563025  -0.0000021101  -0.0000038476  -0.0000128476   0.0000028301
        0.0000042892   0.0000050856  -0.0000059181  -0.0000035301  -0.0000029764
       -0.0000058943   0.0000026696   0.0000021238   0.0000020104   0.0000052773
        0.0000034153   0.0000039616   0.0000022104   0.0000003040   0.0000036498
        0.0000011791  -0.0000037973   0.0000148940   0.0000266734   0.0000174197
       -0.0004486868   0.0006173333  -0.0000673771   0.0030625971   0.0011209409
        0.0045602325   0.0103696788  -0.0155955553   0.0024595997   0.1227297297
       -0.2168417062   0.0095656254   0.0073617761  -0.0093542126  -0.0009026554
        0.0040260241   0.0025086606  -0.0008772168  -0.0000025414  -0.0000100321
       -0.0000111166   0.0000055594   0.0000037270  -0.0000040837  -0.0000011333
       -0.0000044638   0.0000004396  -0.0000014604   0.0000012450  -0.0000011788
       -0.0000007157   0.0000053852  -0.0000008882  -0.0000007203   0.0000095164
        0.0000010998  -0.0000390158  -0.0000075362  -0.0000247634   0.0000156120
        0.0000241130  -0.0000102150  -0.0000043586   0.0000026922   0.0000038677
        0.0000035782  -0.0000126960   0.0000053156   0.0000057099  -0.0000077217
        0.0000060886   0.0000124461  -0.0000053672   0.0000005118   0.0000072478
       -0.0000005171  -0.0000028031   0.0000061194  -0.0000014410  -0.0000022670
        0.0000016530  -0.0000026869  -0.0000027230  -0.0000015855  -0.0000033138
       -0.0000020280   0.0000025937   0.0000053400   0.0000073782   0.0005220708
       -0.0007842114   0.0000508506  -0.0012917972  -0.0001555419  -0.0010204472
       -0.1440569690   0.2394045263  -0.0135585555  -0.0016900096  -0.0000907421
       -0.0000285634   0.0002658252  -0.0005008118   0.0000484242  -0.0000037782
       -0.0000062453   0.0000042518  -0.0000006307   0.0000033549   0.0000000400
        0.0000009343   0.0000028766   0.0000012402   0.0000022182   0.0000015669
        0.0000013195  -0.0000021160  -0.0000004520  -0.0000017070
        0.0000330381   0.0000147029   0.0000192500  -0.0000735498   0.0000116063
       -0.0000713858  -0.0000155744  -0.0000377619  -0.0000038183   0.0000462650
       -0.0000671688   0.0000415026  -0.0000163863   0.0001609487  -0.0000380988
       -0.0004090136  -0.0002981242  -0.0000916405   0.0000505192  -0.0000371413
        0.0000389923   0.0000002153  -0.0000317347   0.0000348081  -0.0000010354
       -0.0000052970   0.0000047445   0.0000013709  -0.0000005577   0.0000070293
       -0.0000040915  -0.0000008625  -0.0000029416  -0.0000105430   0.0000041929
        0.0000019813   0.0000112605  -0.0000013353  -0.0000040890  -0.0000167267
       -0.0000005891   0.0000209333  -0.0000049799  -0.0000111731  -0.0000055188
       -0.0000101579  -0.0000061301  -0.0000124607   0.0000244217  -0.0000181325
        0.0000311678   0.0000005622   0.0000093196   0.0000033098   0.0000089642
       -0.0000011101   0.0000049000  -0.0000064721  -0.0000032344  -0.0000005430
        0.0000012210  -0.0000004019   0.0000007099   0.0000027329   0.0000019446
        0.0000009810  -0.0000111299   0.0000060740  -0.0000031714   0.0000069844
        0.0000009630   0.0000064857  -0.0000109604   0.0000022652   0.0000104350
        0.0002005318   0.0000991456  -0.0006936943   0.0012853738   0.0041145848
       -0.0033335091  -0.0138752106   0.0214593994  -0.0020040861  -0.0031766933
        0.0095606911  -0.0434637196   0.0140220224  -0.0198288737   0.0000362310
        0.0043686851  -0.0005350920  -0.0029083951  -0.0000012886   0.0000004636
       -0.0000000970   0.0000018765  -0.0000000535  -0.0000000049  -0.0000029781
       -0.0000003805   0.0000000752   0.0000041960   0.0000014083  -0.0000016153
        0.0000009503  -0.0000009279   0.0000016655   0.0000025561  -0.0000006229
       -0.0000009107  -0.0000023246   0.0000323441   0.0000035059  -0.0000180293
       -0.0000551583  -0.0000105107  -0.0000015978  -0.0000083621   0.0000016953
       -0.0000002911  -0.0000027143  -0.0000015760  -0.0000000777   0.0000001841
        0.0000018881  -0.0000012497   0.0000022254  -0.0000015225   0.0000007537
        0.0000005165  -0.0000011691   0.0000008310  -0.0000003970  -0.0000009471
        0.0000001583   0.0000003599  -0.0000007267  -0.0000000879  -0.0000004899
       -0.0000006081  -0.0000001890   0.0000023062  -0.0000029186  -0.0007142772
        0.0011131831  -0.0001946751  -0.0012254044   0.0001431684   0.0005020542
       -0.0008634880  -0.0135585555   0.0516486727  -0.0003034528  -0.0012044131
        0.0005244072   0.0007067501  -0.0010246187  -0.0000886210  -0.0000023989
       -0.0000014727  -0.0000005390  -0.0000007973  -0.0000006000  -0.0000009194
       -0.0000010324  -0.0000003961  -0.0000007762  -0.0000007565   0.0000010543
       -0.0000016570   0.0000000060   0.0000008306  -0.0000005594
        0.0000111484  -0.0001240190   0.0000709132   0.0000790284   0.0002779083
       -0.0000601831   0.0000029623  -0.0000579434   0.0000132493  -0.0000491397
       -0.0001210449   0.0000274595   0.0001563940   0.0001036784  -0.0001110955
       -0.0000864866   0.0004098909  -0.0006699720  -0.0001490284   0.0000918335
       -0.0000112885   0.0000073559   0.0000789331   0.0000596655  -0.0000200056
        0.0000091757   0.0000016859  -0.0000059276  -0.0000021529  -0.0000088102
       -0.0000020263  -0.0000017177   0.0000035595   0.0000095596  -0.0000001359
       -0.0000117264   0.0000097995  -0.0000051637   0.0000046060  -0.0000014900
       -0.0000033059   0.0000220883   0.0000090905   0.0000180910   0.0000005205
       -0.0000055809   0.0000388759   0.0000266993  -0.0000053102  -0.0000710884
       -0.0000281412  -0.0000021288  -0.0000066136  -0.0000017516  -0.0000067234
       -0.0000036369   0.0000034788   0.0000010289   0.0000009858   0.0000012326
       -0.0000010583  -0.0000004048   0.0000023921  -0.0000068143   0.0000005570
        0.0000010068   0.0000059386  -0.0000006759   0.0000016053  -0.0000013379
       -0.0000011416  -0.0000009315   0.0000017187  -0.0000097861  -0.0000044267
        0.0032822318   0.0060350110   0.0014063852  -0.0003379317   0.0000747731
        0.0002077198   0.0035281140   0.0041272713   0.0043426719   0.0009119797
       -0.0071404449   0.0133619432  -0.0384130790   0.0110480930  -0.0098487291
       -0.0012353369   0.0103305295  -0.0139759045   0.0000008035   0.0000042204
        0.0000046333  -0.0000085526   0.0000036902  -0.0000013758   0.0000011454
       -0.0000028265   0.0000013287  -0.0000012674  -0.0000006865   0.0000000085
       -0.0000003871  -0.0000017911   0.0000011045   0.0000007105  -0.0000041126
        0.0000013425  -0.0000160765  -0.0000005580  -0.0000205987  -0.0000362915
       -0.0000052110  -0.0000050399  -0.0000026066  -0.0000007922   0.0000035165
       -0.0000022896   0.0000069376  -0.0000023977  -0.0000027712   0.0000068347
        0.0000015259  -0.0000059291   0.0000035814   0.0000002244  -0.0000043938
        0.0000009258   0.0000011805  -0.0000037704   0.0000006158   0.0000020964
       -0.0000005577   0.0000012353   0.0000018678   0.0000008220   0.0000018157
        0.0000016571  -0.0000002815  -0.0000032953  -0.0000067589  -0.0011207057
       -0.0007831457  -0.0004193212  -0.0000367039  -0.0003853526   0.0006994302
       -0.0012889302  -0.0016900096  -0.0003034528   0.0362151460  -0.0210260973
        0.0064654270  -0.0013728310  -0.0012210834  -0.0012543756  -0.0000012309
        0.0000029929  -0.0000018166  -0.0000013823  -0.0000026996  -0.0000012692
        0.0000005616  -0.0000010148   0.0000019065  -0.0000000145  -0.0000006054
        0.0000013767   0.0000008397   0.0000001002   0.0000018576
        0.0000578429   0.0001296716  -0.0000916931  -0.0002702320  -0.0002153303
        0.0001011139   0.0000939618   0.0000238259   0.0000250369   0.0000995649
        0.0000755616  -0.0000762394  -0.0001105668  -0.0001537324   0.0000694826
       -0.0002237569  -0.0003024999   0.0011495354   0.0002222849  -0.0002613557
       -0.0000190590  -0.0000830492  -0.0000359753  -0.0000690569   0.0000671365
       -0.0000213075  -0.0000185711   0.0000126543   0.0000172994   0.0000038497
       -0.0000109913   0.0000001531  -0.0000001269  -0.0000351785   0.0000229543
        0.0000089765  -0.0000104811  -0.0000177645  -0.0000026003  -0.0000179464
        0.0000278177  -0.0000505216  -0.0000146393  -0.0000268077   0.0000044842
       -0.0000233283   0.0000230869   0.0000303753   0.0000926939  -0.0000185806
        0.0000050551   0.0000021119  -0.0000113144  -0.0000200697  -0.0000056077
       -0.0000002353  -0.0000021147   0.0000061042   0.0000018648  -0.0000021495
       -0.0000147118   0.0000051430   0.0000036140   0.0000016934   0.0000094186
        0.0000034283   0.0000090214   0.0000085910  -0.0000032451  -0.0000036598
        0.0000004759  -0.0000136915   0.0000231254   0.0000223340   0.0000104479
        0.0066160033  -0.0015803149   0.0011748793   0.0001280192  -0.0000665887
       -0.0006152399   0.0038556114   0.0026927337  -0.0005124381  -0.0003051371
        0.0042970196  -0.0057446570   0.0113909527  -0.1116744328   0.1156325967
        0.0031656218  -0.0152027055   0.0219446741  -0.0000006815  -0.0000084493
       -0.0000058138   0.0000113651   0.0000034372  -0.0000017261  -0.0000009032
       -0.0000013554   0.0000022315  -0.0000021263  -0.0000012307  -0.0000023419
       -0.0000038285   0.0000027966  -0.0000023822   0.0000017601   0.0000091969
        0.0000022462  -0.0000346316  -0.0000000520  -0.0000193487   0.0000318234
        0.0000563078   0.0000103947  -0.0000092425   0.0000019812  -0.0000007718
       -0.0000002017  -0.0000229811   0.0000051543   0.0000085284  -0.0000168701
       -0.0000013397   0.0000155583  -0.0000076457  -0.0000005685   0.0000088277
       -0.0000016337  -0.0000015490   0.0000084912  -0.0000015274  -0.0000037056
        0.0000012022  -0.0000043772  -0.0000064284  -0.0000043373  -0.0000056994
       -0.0000043481   0.0000011499   0.0000062073   0.0000156057  -0.0007825523
       -0.0005257809  -0.0003355241   0.0000214263   0.0001342749  -0.0003839234
       -0.0012665192  -0.0000907421  -0.0012044131  -0.0210260973   0.1230243787
       -0.1310515227  -0.0016949551  -0.0003127099   0.0000470874   0.0000002074
       -0.0000047878   0.0000090828   0.0000006975   0.0000020713   0.0000032981
        0.0000003142   0.0000002521   0.0000034056   0.0000019812  -0.0000016839
        0.0000020901  -0.0000023745  -0.0000023828  -0.0000009656
       -0.0000028678  -0.0001444016   0.0000819970   0.0001595211   0.0003061211
       -0.0000502605  -0.0000756535  -0.0000844957  -0.0000258585  -0.0000944826
       -0.0001432139   0.0000405341   0.0001423493   0.0001098119  -0.0001226828
        0.0000870001  -0.0000022697  -0.0001618857  -0.0000992590   0.0000037901
        0.0000390267   0.0000211326  -0.0000145280   0.0000037562  -0.0000437315
       -0.0000017220   0.0000122415   0.0000094230  -0.0000103646   0.0000060454
       -0.0000095961  -0.0000057577  -0.0000009553   0.0000085622   0.0000133180
       -0.0000059897   0.0000180394  -0.0000122251   0.0000086349   0.0000056857
       -0.0000129859   0.0000077719   0.0000049528   0.0000075487  -0.0000013659
        0.0000101950  -0.0000162227  -0.0000263956  -0.0000527906  -0.0000120592
        0.0000082774   0.0000044005   0.0000136255   0.0000139410   0.0000092262
       -0.0000052618   0.0000017179  -0.0000037819  -0.0000000574   0.0000006577
        0.0000105671  -0.0000015393  -0.0000038742   0.0000020490  -0.0000014373
       -0.0000062874  -0.0000108351   0.0000036326  -0.0000065634   0.0000031006
        0.0000001856   0.0000062544  -0.0000199753  -0.0000161373  -0.0000004690
        0.0013183856   0.0014138017   0.0018896815   0.0001753851  -0.0006699635
        0.0005950470   0.0046290680  -0.0008662519  -0.0030190676   0.0000139210
        0.0130774001  -0.0240876750  -0.0097044377   0.1156160767  -0.2275605511
       -0.0010116166   0.0033157933  -0.0029185824   0.0000046202   0.0000106848
        0.0000104048  -0.0000055274   0.0000003419   0.0000028540  -0.0000004616
        0.0000048031   0.0000028470   0.0000045811  -0.0000001463   0.0000014076
        0.0000019374  -0.0000040322   0.0000036929   0.0000044263  -0.0000092920
       -0.0000009379   0.0000360628   0.0000410250  -0.0000055585  -0.0000117174
       -0.0000283398  -0.0000072771   0.0000067375  -0.0000041347  -0.0000044609
       -0.0000013208   0.0000067441  -0.0000079346  -0.0000036136   0.0000057190
       -0.0000049317  -0.0000090885   0.0000051739  -0.0000029901  -0.0000057004
        0.0000030415  -0.0000002182  -0.0000045913   0.0000031186  -0.0000008776
       -0.0000006640   0.0000058843  -0.0000003834   0.0000017709   0.0000043720
       -0.0000011262  -0.0000048800   0.0000006002  -0.0000080322  -0.0004207543
       -0.0003245550  -0.0000615312  -0.0000378126   0.0006936673  -0.0012453785
       -0.0011014691  -0.0000285634   0.0005244072   0.0064654270  -0.1310515227
        0.2553354337  -0.0004142884  -0.0011911825   0.0007593296  -0.0000012750
        0.0000044435  -0.0000029527  -0.0000028307  -0.0000054254  -0.0000008805
       -0.0000024777  -0.0000029282  -0.0000002570  -0.0000025061  -0.0000005878
       -0.0000023118   0.0000014788   0.0000008794   0.0000005426
        0.0000428709   0.0000709430   0.0000475796  -0.0005153861  -0.0001402946
       -0.0004662872   0.0000632485   0.0000679175   0.0001289197  -0.0020158863
        0.0003013010  -0.0009059040   0.0000100765   0.0007966712  -0.0004831493
       -0.0014375195  -0.0010377990  -0.0011004164   0.0000400069  -0.0003601509
        0.0001020554  -0.0000081230   0.0000647776   0.0001982924   0.0000340981
       -0.0000099656  -0.0000067809  -0.0000118829   0.0000089688  -0.0000236431
        0.0000018355   0.0000053624  -0.0000015000  -0.0000229045  -0.0000305722
       -0.0000154170   0.0000292860  -0.0000271333  -0.0000110887  -0.0000786834
        0.0000174298   0.0001429258  -0.0000446742   0.0000285039   0.0000047237
       -0.0000648122   0.0000916665   0.0000642657   0.0001438310  -0.0001145219
        0.0000062174  -0.0000159119  -0.0000155437  -0.0000100847  -0.0000094949
        0.0000050934   0.0000064753  -0.0000090981  -0.0000036707   0.0000022748
       -0.0000120286   0.0000024868   0.0000034286  -0.0000049796   0.0000024295
        0.0000015321   0.0000099584   0.0000085144   0.0000079315   0.0000010184
       -0.0000005675  -0.0000065146   0.0000039172   0.0000168785   0.0000170301
        0.0011965641  -0.0008700070   0.0007112738   0.0049218714   0.0030347771
        0.0012628014   0.0000199413  -0.0000795533  -0.0004979662   0.0032576401
        0.0063548221   0.0012141943  -0.0091821008   0.0072447383   0.0144414038
       -0.1013199617   0.0428695424   0.1071911546  -0.0000032381  -0.0000115778
       -0.0000074491  -0.0000026145   0.0000041170  -0.0000029740  -0.0000002827
       -0.0000095209  -0.0000002146   0.0000008366   0.0000001676   0.0000003053
        0.0000003218   0.0000001306   0.0000000548  -0.0000016893   0.0000066513
        0.0000006226  -0.0000384568  -0.0000117639   0.0000140357  -0.0000240670
       -0.0000261978  -0.0000509886  -0.0000095526  -0.0000003524   0.0000113475
       -0.0000028757  -0.0000087150   0.0000043217   0.0000026274  -0.0000037867
        0.0000084970  -0.0000034795   0.0000046407   0.0000013992   0.0000047373
       -0.0000014885  -0.0000012928   0.0000013320  -0.0000029370  -0.0000013392
        0.0000027295  -0.0000032104  -0.0000023763   0.0000026032  -0.0000061912
       -0.0000031443   0.0000167310   0.0000070899   0.0000054645   0.0000182379
        0.0000167792  -0.0001137184  -0.0010841913  -0.0008069717  -0.0004693076
       -0.0005205639   0.0002658252   0.0007067501  -0.0013728310  -0.0016949551
       -0.0004142884   0.1079871041  -0.0560210501  -0.1217197101  -0.0000042976
       -0.0000060442   0.0000001955   0.0000015904   0.0000034681   0.0000020872
        0.0000033935   0.0000010330   0.0000033219   0.0000032486   0.0000007890
        0.0000026567  -0.0000000705   0.0000010265   0.0000000159
        0.0000796259  -0.0001344461   0.0001153197  -0.0002032129   0.0003564306
       -0.0001809880   0.0000352488  -0.0000740266   0.0000294269   0.0004564598
       -0.0000058890   0.0002079482  -0.0000055561   0.0003235341   0.0001945413
       -0.0020134658   0.0000825084   0.0003509449   0.0000426710  -0.0003343235
        0.0000797263  -0.0000277524   0.0000582635   0.0000632116  -0.0000048427
       -0.0000644843   0.0000118317  -0.0000260592   0.0000183288  -0.0000072113
        0.0000213239   0.0000198904  -0.0000115234   0.0000152068  -0.0000338927
       -0.0000051426   0.0000176062   0.0000378364  -0.0000401108  -0.0000226335
       -0.0002042583   0.0000817724   0.0000081450   0.0000390258  -0.0000057923
       -0.0000081842   0.0000497340   0.0000332828   0.0000442027  -0.0001285441
        0.0000101996   0.0000115626  -0.0000105012  -0.0000087158  -0.0000163786
       -0.0000035574   0.0000047126   0.0000114647  -0.0000008891  -0.0000005712
       -0.0000138781   0.0000061718   0.0000099862  -0.0000044336   0.0000014291
        0.0000025027  -0.0000050786  -0.0000071675  -0.0000139856   0.0000410003
        0.0000123020  -0.0000241497   0.0000010768  -0.0000015985   0.0000046735
       -0.0062865133   0.0040506647   0.0119619074   0.0030975341   0.0011559822
        0.0040565336  -0.0000621267  -0.0003525635   0.0003904127   0.0062092381
       -0.0016067291   0.0014791548   0.0139732671  -0.0086939703  -0.0200743574
        0.0423633286  -0.0638729353  -0.0608591734   0.0000021532   0.0000071980
        0.0000076877  -0.0000097101   0.0000046507  -0.0000068211   0.0000026977
        0.0000019395   0.0000024530  -0.0000004245  -0.0000006349  -0.0000016924
       -0.0000005442  -0.0000005315   0.0000000940   0.0000009630  -0.0000029262
       -0.0000014476  -0.0000064182   0.0000009466  -0.0000457165   0.0000551204
        0.0000575724  -0.0000521436   0.0000040031   0.0000132218  -0.0000044165
       -0.0000010004   0.0000011456  -0.0000002788   0.0000048131   0.0000045703
       -0.0000003754   0.0000045296   0.0000009636  -0.0000020052  -0.0000033485
       -0.0000013960  -0.0000030017  -0.0000039465   0.0000012840   0.0000000424
       -0.0000092273   0.0000005988   0.0000010912  -0.0000041405  -0.0000049332
       -0.0000033863  -0.0000158083  -0.0000335805   0.0000071059  -0.0003763112
        0.0001317890   0.0007283652  -0.0008084157  -0.0005318018  -0.0002824991
        0.0006880334  -0.0005008118  -0.0010246187  -0.0012210834  -0.0003127099
       -0.0011911825  -0.0560210501   0.0704924200   0.0640197903  -0.0000074876
        0.0000037061  -0.0000021136  -0.0000033054  -0.0000066388  -0.0000032162
       -0.0000011179  -0.0000022990   0.0000000938  -0.0000007512  -0.0000018988
       -0.0000007769   0.0000029311  -0.0000041695   0.0000026013
        0.0002778823   0.0002221992   0.0002040883  -0.0010355090  -0.0003336483
       -0.0011358154  -0.0000879998   0.0000390468   0.0003571737  -0.0001938247
       -0.0006198550   0.0005218281  -0.0000087363   0.0013098220  -0.0006443835
       -0.0001576669  -0.0013377781   0.0005451598   0.0001749126   0.0001402852
        0.0000247554   0.0000342120  -0.0002891510   0.0000723749   0.0000134837
        0.0000153471   0.0000009584   0.0000469405  -0.0000748386   0.0000207635
       -0.0000333954  -0.0000644829   0.0000289044  -0.0000328618   0.0000274637
        0.0000092555   0.0000080134  -0.0001151910   0.0000525584  -0.0001696876
        0.0001822479  -0.0000574943   0.0000308767  -0.0000877823  -0.0000101991
       -0.0000281255  -0.0000237786  -0.0000566999   0.0003013893  -0.0000915963
        0.0003130735  -0.0000096347   0.0000228621   0.0000080508   0.0000314555
       -0.0000001884   0.0000077047  -0.0000113963  -0.0000063459  -0.0000107699
        0.0000148797  -0.0000080171  -0.0000115468   0.0000175682  -0.0000023270
       -0.0000091173  -0.0000105950   0.0000068089  -0.0000011506  -0.0000127499
       -0.0000173945   0.0000166123  -0.0000081136   0.0000353461   0.0000419239
        0.0135105070  -0.0061418081  -0.0241458421   0.0009878899   0.0043940787
       -0.0035553116  -0.0005414503   0.0003816144   0.0004863879   0.0015059751
        0.0010885435   0.0018249262   0.0014013572  -0.0011591180  -0.0007320429
        0.1066479622  -0.0608234099  -0.2135050973   0.0000080822  -0.0000028844
       -0.0000061618   0.0000076159   0.0000009064   0.0000006520  -0.0000001679
       -0.0000059455  -0.0000006433   0.0000064828   0.0000007453   0.0000022496
        0.0000068246   0.0000020111   0.0000046129  -0.0000012045   0.0000014577
       -0.0000020955   0.0000721400   0.0000976658   0.0000216273  -0.0000753968
       -0.0001774834   0.0000539789   0.0000039705  -0.0000166438  -0.0000002811
        0.0000045980  -0.0000010251  -0.0000035363  -0.0000076734  -0.0000028863
        0.0000023785  -0.0000055680   0.0000000973  -0.0000024438   0.0000070216
       -0.0000011985  -0.0000070878   0.0000040787  -0.0000030405  -0.0000063683
        0.0000032238  -0.0000013558  -0.0000049060  -0.0000005879  -0.0000035611
       -0.0000069161   0.0000017400   0.0000366854   0.0000107812   0.0007301842
       -0.0004222402  -0.0012268704  -0.0004535705  -0.0002739184  -0.0000655037
        0.0000006127   0.0000484242  -0.0000886210  -0.0012543756   0.0000470874
        0.0007593296  -0.1217197101   0.0640197903   0.2399136198  -0.0000079112
       -0.0000097486  -0.0000055654  -0.0000005404   0.0000010902  -0.0000015317
        0.0000034761   0.0000000802   0.0000003775   0.0000029844  -0.0000004435
       -0.0000002325   0.0000001120  -0.0000026209  -0.0000018715
       -0.0030960232   0.0011646990  -0.0004751984  -0.0012051033  -0.0022835637
        0.0012266967   0.0003803977   0.0003988514  -0.0005612670   0.0002667871
        0.0005095663  -0.0002436273  -0.0001077395  -0.0002117001   0.0001066365
        0.0000427580   0.0000689021  -0.0000118549   0.0000067788  -0.0000162135
       -0.0000003460  -0.0000073912   0.0000075084   0.0000014648  -0.0000141216
       -0.0000062688   0.0000080691  -0.0000094082  -0.0000001713   0.0000015053
        0.0000013944  -0.0000016109   0.0000020019   0.0000236999  -0.0000023711
       -0.0000070150  -0.0000216056   0.0000063507  -0.0000037307  -0.0000246379
        0.0000125013  -0.0000024139  -0.0001144464   0.0001080909   0.0000040423
        0.0003909097  -0.0003248947  -0.0003992205  -0.0010732345  -0.0000747112
        0.0004293853  -0.0003976023  -0.0006989908   0.0014274658  -0.0000353773
        0.0002149219   0.0002226837  -0.0000485185   0.0000539669  -0.0001719462
       -0.0000013580  -0.0000034739  -0.0000032938  -0.0000134373  -0.0000271755
       -0.0000023397   0.0000102878  -0.0000131612  -0.0000158189  -0.0000059737
       -0.0000114813   0.0000236013   0.0000341676  -0.0000354870  -0.0000197692
       -0.0000066612  -0.0000007730   0.0000026763  -0.0000007780  -0.0000016417
        0.0000141239   0.0000000254   0.0000031226   0.0000063624  -0.0000039615
        0.0000113950   0.0000021393   0.0000008070   0.0000154278  -0.0000091660
        0.0000063696   0.0000041451   0.0000024038  -0.0037567572   0.0041901155
       -0.0031676674  -0.2005171620   0.0710466866  -0.1129039088  -0.0162391512
        0.0048855695  -0.0118507474   0.0007499666  -0.0028611945  -0.0051147368
        0.0003863120  -0.0003495971   0.0003945429   0.0027805289   0.0010031237
       -0.0032811054  -0.0000697286   0.0000509096   0.0002283311   0.0000049480
        0.0000064034  -0.0000056522   0.0000013782  -0.0000001774  -0.0000009661
       -0.0000007750   0.0000036627  -0.0000022494  -0.0000014173   0.0000061059
       -0.0000016243  -0.0000047457   0.0000092913  -0.0000026727   0.0000055382
       -0.0000542403   0.0000325952  -0.0000110536   0.0000079110  -0.0000028094
       -0.0000035033  -0.0000004395   0.0000006180  -0.0000017980   0.0000049780
       -0.0000034686  -0.0000024146  -0.0000039943  -0.0000055463   0.0000009947
        0.0000002853  -0.0000055311   0.0000029345  -0.0000011864  -0.0000042504
        0.0000022632  -0.0000037782  -0.0000023989  -0.0000012309   0.0000002074
       -0.0000012750  -0.0000042976  -0.0000074876  -0.0000079112   0.2233088167
       -0.0775589352   0.1320055572  -0.0002673658   0.0005573564   0.0016976068
       -0.0007368048   0.0003333915  -0.0004246454  -0.0004517188  -0.0000740644
        0.0009395974  -0.0001507603  -0.0000566628  -0.0000639331
        0.0010858962  -0.0005432392  -0.0001193808  -0.0012345412   0.0009142593
        0.0002466949   0.0001178532  -0.0001594450  -0.0000345812   0.0001328386
       -0.0002007279  -0.0000142349  -0.0001355855  -0.0001005605   0.0000321477
       -0.0000124496   0.0000099364   0.0000056488   0.0000282508   0.0000061743
       -0.0000101191   0.0000063382   0.0000106885  -0.0000087687   0.0000071686
        0.0000084111  -0.0000068292   0.0000066440   0.0000036272  -0.0000027707
       -0.0000099505  -0.0000080998   0.0000039626   0.0000044693   0.0000222067
       -0.0000163764   0.0000146395  -0.0000452289   0.0000184991   0.0000508215
        0.0000641969   0.0000305263  -0.0000974371  -0.0001983304  -0.0001387246
        0.0000828526  -0.0006197225  -0.0002237535  -0.0001216808  -0.0001264497
        0.0005976208   0.0008524394   0.0009603733   0.0006113049   0.0001294407
       -0.0000765079  -0.0002231022   0.0000311619   0.0001440371   0.0001373999
        0.0000338247  -0.0000250904  -0.0000466595   0.0000471454   0.0000379970
        0.0000296936  -0.0000372381   0.0000274937   0.0000380985  -0.0000434123
       -0.0000290485  -0.0000206127  -0.0000265102   0.0000971261   0.0000387117
        0.0000034552   0.0000139580  -0.0000075567  -0.0000036223  -0.0000018778
        0.0000081301   0.0000001631  -0.0000022685  -0.0000022005   0.0000019261
       -0.0000070880  -0.0000034431  -0.0000043349   0.0000067645  -0.0000068490
       -0.0000016211   0.0000050076   0.0000088767   0.0225856608  -0.0121694103
        0.0150728435   0.0713037614  -0.0754672014   0.0479948349  -0.0145973504
        0.0057779422  -0.0098097846  -0.0026660291  -0.0017817338  -0.0019880389
       -0.0003863105  -0.0003775662  -0.0002599095   0.0009818830  -0.0056252796
        0.0004624977   0.0000262345  -0.0000355810  -0.0000759368   0.0000077156
        0.0000082890  -0.0000026148   0.0000051823   0.0000044774  -0.0000021913
        0.0000055049   0.0000039766  -0.0000023833   0.0000036928   0.0000087619
       -0.0000032411   0.0000097899  -0.0000141492   0.0000103821  -0.0000807542
        0.0001134330   0.0001288344  -0.0000039063   0.0000130443   0.0000173667
        0.0000024160   0.0000078011   0.0000080626  -0.0000028910   0.0000082214
        0.0000085610  -0.0000029371   0.0000041162   0.0000038968   0.0000002582
       -0.0000012333   0.0000013327   0.0000046654  -0.0000051558  -0.0000026485
        0.0000065379  -0.0000062453  -0.0000014727   0.0000029929  -0.0000047878
        0.0000044435  -0.0000060442   0.0000037061  -0.0000097486  -0.0775589352
        0.0889163133  -0.0521745011  -0.0008752353   0.0008485628  -0.0005345618
       -0.0008313890   0.0001807623  -0.0005626813  -0.0000582490   0.0000513132
       -0.0000129306   0.0012147902  -0.0006509496   0.0008082361
       -0.0017188490  -0.0000746671  -0.0002327494   0.0019333277   0.0010694734
        0.0001645831  -0.0002800859  -0.0000631217   0.0001827739  -0.0003570365
       -0.0003872337  -0.0002695341   0.0000102737   0.0000648751  -0.0000260114
       -0.0000178590  -0.0000050956  -0.0000005581  -0.0000054856   0.0000171374
       -0.0000018507   0.0000117468  -0.0000087631  -0.0000016854   0.0000023305
       -0.0000012811  -0.0000028527  -0.0000001010   0.0000000790   0.0000023019
        0.0000053853   0.0000038380  -0.0000010607  -0.0000153649   0.0000020510
        0.0000057946   0.0000105548   0.0000166319  -0.0000111855  -0.0000035775
       -0.0000217326   0.0000063408   0.0001306445  -0.0000441510  -0.0000452938
        0.0000156295   0.0009932486   0.0006781957   0.0000096611  -0.0004721495
       -0.0002539352   0.0019295910  -0.0003599560  -0.0013022521  -0.0001549133
       -0.0002717349  -0.0001229974   0.0000377734  -0.0001694631  -0.0000279321
       -0.0000179926  -0.0000285138  -0.0000256810  -0.0000110751  -0.0000092061
       -0.0000272428  -0.0000026270  -0.0000110331  -0.0000113908   0.0000186159
        0.0000107571  -0.0000217448  -0.0000319404  -0.0000419358  -0.0000134358
        0.0000029190  -0.0000102928   0.0000065062  -0.0000018210   0.0000032411
       -0.0000139046   0.0000034188  -0.0000045967  -0.0000067122   0.0000012874
       -0.0000063346  -0.0000002890   0.0000019989  -0.0000084401   0.0000031945
       -0.0000135071   0.0000035171   0.0000208220  -0.0040848949   0.0020784308
       -0.0013796937  -0.1113050853   0.0474845789  -0.1100902981  -0.0122514108
        0.0037368466  -0.0070781615  -0.0050938041  -0.0021546587   0.0045337739
        0.0004279297  -0.0002963418   0.0000565314  -0.0031319524   0.0005956383
        0.0055760728   0.0001644971  -0.0000478463  -0.0001106072  -0.0000074905
       -0.0000029875   0.0000048506  -0.0000055078  -0.0000015569   0.0000020549
       -0.0000035644  -0.0000063258  -0.0000005125   0.0000006889  -0.0000066060
        0.0000023425   0.0000054480   0.0000039276  -0.0000040601  -0.0000166899
       -0.0000099060  -0.0000604341   0.0000001324  -0.0000003236   0.0000012294
       -0.0000007328  -0.0000046002  -0.0000038431  -0.0000001981  -0.0000079285
       -0.0000013250  -0.0000050154  -0.0000014624   0.0000006440   0.0000033776
        0.0000000262  -0.0000004563  -0.0000007639   0.0000034695   0.0000025979
       -0.0000010320   0.0000042518  -0.0000005390  -0.0000018166   0.0000090828
       -0.0000029527   0.0000001955  -0.0000021136  -0.0000055654   0.1320055572
       -0.0521745011   0.1132535798   0.0016049974   0.0003819490  -0.0015680691
       -0.0005420135   0.0002220130  -0.0004200904   0.0008907695   0.0000073158
       -0.0012223787  -0.0001445431   0.0000044805  -0.0001349031
        0.0000939825   0.0002920852   0.0000287893   0.0000330242  -0.0004714513
       -0.0000022536   0.0000166537   0.0000885616  -0.0000007932   0.0000183403
        0.0001300345  -0.0000208838   0.0000048799  -0.0000311382   0.0000183924
        0.0000085034   0.0000075262  -0.0000015797  -0.0000033185   0.0000000042
        0.0000028996   0.0000028082   0.0000008914  -0.0000006020  -0.0000040443
       -0.0000018678   0.0000022342  -0.0000022230  -0.0000017202   0.0000021539
        0.0000003517   0.0000006169   0.0000005292   0.0000057004  -0.0000005733
       -0.0000000908  -0.0000043235   0.0000075416  -0.0000019111   0.0000050759
       -0.0000036480  -0.0000063982  -0.0000116998   0.0000493561   0.0000041020
        0.0001131638  -0.0000739641  -0.0000929140  -0.0000532445   0.0001111377
        0.0000393644   0.0001313943  -0.0008292088   0.0001361540  -0.0001265198
       -0.0001064073  -0.0000260459  -0.0000226882   0.0000117388  -0.0001138985
       -0.0000131961  -0.0000034130  -0.0000014886  -0.0000035973  -0.0000138177
        0.0000015199   0.0000020583  -0.0000071262  -0.0000089812   0.0000053608
       -0.0000020481   0.0000106063   0.0000202393  -0.0000143614  -0.0000055624
       -0.0000019601  -0.0000070086   0.0000033085  -0.0000021351   0.0000046270
        0.0000024436   0.0000009137   0.0000016409   0.0000010989  -0.0000004849
        0.0000047777   0.0000029293   0.0000011112   0.0000025375  -0.0000002023
       -0.0000040653   0.0000012705  -0.0000003119   0.0006711957  -0.0027412979
       -0.0049843457   0.0024329261  -0.0183776024   0.0006763957  -0.0474109281
        0.0412597909  -0.0079717811  -0.0047665815   0.0236396679  -0.0033072925
       -0.0011039813   0.0017239668  -0.0061264650  -0.0004378145  -0.0001937382
       -0.0001580133  -0.0000366401  -0.0000107587   0.0000299110  -0.0000023410
        0.0000009951  -0.0000007009  -0.0000020100  -0.0000007757   0.0000005960
       -0.0000011603   0.0000006210   0.0000003950  -0.0000004416   0.0000008400
        0.0000000937  -0.0000014578   0.0000073205  -0.0000035144  -0.0000299212
       -0.0000144936   0.0000169787  -0.0000065278   0.0000029353  -0.0000001848
       -0.0000025497  -0.0000033852  -0.0000020701  -0.0000012577  -0.0000001836
       -0.0000028771  -0.0000017009  -0.0000014580  -0.0000011845   0.0000003283
       -0.0000011992  -0.0000011020  -0.0000006882   0.0000009172  -0.0000001529
       -0.0000021835  -0.0000006307  -0.0000007973  -0.0000013823   0.0000006975
       -0.0000028307   0.0000015904  -0.0000033054  -0.0000005404  -0.0002673658
       -0.0008752353   0.0016049974   0.0519221942  -0.0453639416   0.0179780304
       -0.0002858282   0.0006203377   0.0015700373  -0.0003211772   0.0012332853
       -0.0001500800  -0.0005543572  -0.0000499632   0.0008638889
        0.0000489366   0.0002750251   0.0000675036   0.0001801776  -0.0005794492
       -0.0000427701  -0.0000192546   0.0001286109   0.0000653249  -0.0000487866
        0.0000813867  -0.0000410325   0.0000192938   0.0000047887  -0.0000043712
        0.0000142809  -0.0000100403   0.0000095170   0.0000070198   0.0000073953
       -0.0000005852   0.0000022236  -0.0000023926  -0.0000015220   0.0000146942
        0.0000077842  -0.0000059216  -0.0000049136   0.0000117780  -0.0000048521
       -0.0000082307   0.0000045654  -0.0000006984   0.0000022153   0.0000049339
       -0.0000019648  -0.0000261413   0.0000288908   0.0000021452   0.0000377622
       -0.0000286392  -0.0000131911  -0.0000249556   0.0000630058   0.0000002909
        0.0001763051  -0.0001803005  -0.0001826324  -0.0001628321   0.0001959433
        0.0000698992   0.0004900761  -0.0008535084   0.0003037457  -0.0002374284
       -0.0001311222  -0.0000625998   0.0000306514   0.0000494639  -0.0000815957
       -0.0000861401  -0.0000026192   0.0000020149  -0.0000059546   0.0000029349
        0.0000165653   0.0000066301  -0.0000008349  -0.0000015518   0.0000457687
        0.0000075920   0.0000088857   0.0000191021  -0.0000209897   0.0000004400
       -0.0000019805  -0.0000222281   0.0000052925   0.0000017485   0.0000124023
       -0.0000063058  -0.0000007386   0.0000036637  -0.0000041022   0.0000004866
       -0.0000010677   0.0000013765   0.0000008076   0.0000047868   0.0000066783
       -0.0000094369   0.0000029670   0.0000032553  -0.0030896602  -0.0018335114
       -0.0021592636   0.0013493633  -0.0232870094   0.0005152004   0.0411134508
       -0.2904692144   0.0227156747   0.0036058334  -0.0130663112   0.0021672659
        0.0022487718   0.0004277777   0.0013646322  -0.0002509567   0.0009574673
       -0.0001496665  -0.0000475947  -0.0000040320   0.0000171805  -0.0000109702
       -0.0000030971   0.0000004768  -0.0000102196  -0.0000047591   0.0000036654
       -0.0000003386  -0.0000072554   0.0000031292   0.0000050541  -0.0000047823
        0.0000007057  -0.0000041260   0.0000115819  -0.0000064556  -0.0000219746
        0.0000140657   0.0000642739   0.0000126805   0.0000023136   0.0000008699
       -0.0000002546  -0.0000200907  -0.0000154854  -0.0000091064  -0.0000134658
       -0.0000122484  -0.0000206225  -0.0000090044  -0.0000034842   0.0000005690
       -0.0000057094  -0.0000004899  -0.0000034865   0.0000012048   0.0000034427
       -0.0000018669   0.0000033549  -0.0000006000  -0.0000026996   0.0000020713
       -0.0000054254   0.0000034681  -0.0000066388   0.0000010902   0.0005573564
        0.0008485628   0.0003819490  -0.0453639416   0.3270574977  -0.0247288876
       -0.0005813639   0.0009543442  -0.0003181475   0.0001073362  -0.0006973367
        0.0000481553  -0.0000460874   0.0000872497   0.0000052043
        0.0000383548   0.0001289210  -0.0000779155   0.0000643339  -0.0001930731
        0.0001292766  -0.0000050980   0.0000352854  -0.0000307805  -0.0000192321
        0.0000355966  -0.0000542782   0.0000099144  -0.0000077285   0.0000120989
        0.0000043495   0.0000066145  -0.0000034805  -0.0000065230   0.0000076798
        0.0000039214   0.0000095879  -0.0000037177  -0.0000007267  -0.0000048636
       -0.0000040341   0.0000010548  -0.0000019414   0.0000030290   0.0000034801
        0.0000075418   0.0000049287   0.0000007340  -0.0000060321   0.0000048123
        0.0000024138   0.0000032669   0.0000085315  -0.0000049358   0.0000100146
       -0.0000126777   0.0000001128   0.0000029240   0.0000533562   0.0000180952
       -0.0000496762   0.0000173210  -0.0000454705  -0.0000234851   0.0000024103
       -0.0000408984   0.0003206827  -0.0004287617   0.0002138258  -0.0000630266
       -0.0000802650  -0.0000692461   0.0000238632   0.0000160938  -0.0000537780
       -0.0000124400  -0.0000109672  -0.0000068110  -0.0000080566  -0.0000091658
       -0.0000034098   0.0000022261  -0.0000053558  -0.0000073893   0.0000162722
        0.0000182258   0.0000141044  -0.0000017755  -0.0000264003  -0.0000038444
       -0.0000006460  -0.0000057200   0.0000034446  -0.0000015715   0.0000032259
        0.0000002357  -0.0000007112   0.0000008908  -0.0000012913  -0.0000012359
       -0.0000015253   0.0000003189   0.0000011516  -0.0000025589   0.0000005892
       -0.0000043422   0.0000006318   0.0000047577  -0.0053464658  -0.0022427968
        0.0046377730   0.0012278883  -0.0126509785   0.0014620617  -0.0083505804
        0.0228002010  -0.0400946254  -0.0034551046   0.0155227016  -0.0012122425
       -0.0060387503   0.0011349103   0.0039656287  -0.0002209285  -0.0002134840
       -0.0003696189   0.0000097672   0.0000028618   0.0000187485  -0.0000017598
        0.0000006822   0.0000004953  -0.0000015576   0.0000000202   0.0000016415
       -0.0000031434  -0.0000045583  -0.0000021501  -0.0000002351  -0.0000018610
        0.0000020245   0.0000009808   0.0000050043  -0.0000025785   0.0000014728
        0.0000040561   0.0000209899   0.0000002266   0.0000004742   0.0000001562
       -0.0000006563  -0.0000055912  -0.0000031694  -0.0000008259  -0.0000045179
       -0.0000015411  -0.0000029300  -0.0000025434   0.0000003803   0.0000009208
       -0.0000004561  -0.0000046319   0.0000008678   0.0000004734  -0.0000008881
       -0.0000009572   0.0000000400  -0.0000009194  -0.0000012692   0.0000032981
       -0.0000008805   0.0000020872  -0.0000032162  -0.0000015317   0.0016976068
       -0.0005345618  -0.0015680691   0.0179780304  -0.0247288876   0.0360551890
        0.0015349748   0.0005113709  -0.0015113297  -0.0001978056   0.0008281098
       -0.0001417760   0.0008643196   0.0000236457  -0.0012533439
       -0.0002400011   0.0001199787   0.0000014240   0.0004231664  -0.0001458659
       -0.0001141630  -0.0001161055   0.0000452507   0.0001514714  -0.0000943167
        0.0000019685  -0.0000643341   0.0000161618   0.0000038213  -0.0000035455
       -0.0000021663  -0.0000109788   0.0000072033  -0.0000015717   0.0000043978
        0.0000020484   0.0000030021  -0.0000049803   0.0000008033   0.0000064132
        0.0000011468  -0.0000011005   0.0000015528   0.0000026409   0.0000011961
       -0.0000021492   0.0000005503   0.0000006458  -0.0000016295  -0.0000015343
        0.0000040789  -0.0000155387   0.0000206742  -0.0000014195   0.0000049698
       -0.0000422690  -0.0000066250  -0.0000330073   0.0000661569   0.0000139325
       -0.0000277320  -0.0000529660  -0.0001321771  -0.0001133260   0.0000005606
        0.0000629782  -0.0004081663   0.0001012536   0.0009411782   0.0000644276
        0.0001560211   0.0001423928  -0.0000360121   0.0000417063  -0.0000438379
       -0.0000262455   0.0000219886   0.0000276100  -0.0000129826  -0.0000070138
        0.0000059968   0.0000134244  -0.0000111960  -0.0000160716   0.0000212545
        0.0000078615   0.0000124539   0.0000273227  -0.0000296328  -0.0000148322
        0.0000002606  -0.0000144533   0.0000050620  -0.0000018663   0.0000087649
       -0.0000059422   0.0000029755   0.0000000511  -0.0000043120   0.0000013756
       -0.0000015769   0.0000047747  -0.0000010379  -0.0000009726   0.0000030817
       -0.0000113124  -0.0000017587   0.0000006940   0.0001836756   0.0005218318
        0.0001497676  -0.0012730132   0.0021127989  -0.0062024185  -0.0169644958
       -0.0153143454  -0.0122848883  -0.1406300608  -0.1031607253  -0.0743237805
        0.0022035414   0.0011681056   0.0010907038   0.0031604095   0.0010328193
       -0.0032008042   0.0000101096  -0.0000100498  -0.0000270390  -0.0000073797
       -0.0000023162   0.0000011202  -0.0000052324  -0.0000020468   0.0000019780
       -0.0000002876  -0.0000028835   0.0000024433   0.0000019701  -0.0000026510
        0.0000013818  -0.0000044529   0.0000070142  -0.0000037977   0.0000054632
       -0.0000090824   0.0000154652   0.0000044768  -0.0000007110  -0.0000037727
       -0.0000013131  -0.0000064412  -0.0000052728  -0.0000033411  -0.0000042186
       -0.0000050775  -0.0000082916  -0.0000027388  -0.0000003023   0.0000011097
       -0.0000025249  -0.0000002701  -0.0000026589   0.0000020780   0.0000020937
       -0.0000025068   0.0000009343  -0.0000010324   0.0000005616   0.0000003142
       -0.0000024777   0.0000033935  -0.0000011179   0.0000034761  -0.0007368048
       -0.0008313890  -0.0005420135  -0.0002858282  -0.0005813639   0.0015349748
        0.1549763751   0.1140184721   0.0911427945  -0.0001188905   0.0006109107
        0.0016498125   0.0000523315   0.0001797314   0.0000262706
       -0.0000421260   0.0000564181  -0.0000053726   0.0001870339  -0.0001612333
        0.0000026715  -0.0000529386   0.0000400657   0.0000557602  -0.0000596590
        0.0000026406  -0.0000409426   0.0000055513   0.0000004275  -0.0000038811
        0.0000055173   0.0000004218   0.0000050935  -0.0000023024   0.0000089399
       -0.0000025507   0.0000057068  -0.0000055782   0.0000014154   0.0000053280
        0.0000047736  -0.0000005117  -0.0000050589   0.0000045657  -0.0000017324
       -0.0000038798  -0.0000002107   0.0000009577  -0.0000002232   0.0000035592
       -0.0000036417  -0.0000136621   0.0000212889  -0.0000001717   0.0000131152
       -0.0000226237  -0.0000067391  -0.0000078153   0.0000090124   0.0000101275
        0.0001073497  -0.0000333891  -0.0000507949  -0.0000855828   0.0000540424
        0.0000119792   0.0000862608   0.0001672360   0.0000994525  -0.0000520186
        0.0000678402  -0.0000066836   0.0000150708   0.0000243350   0.0000288240
       -0.0000391232  -0.0000002003  -0.0000037645   0.0000043945   0.0000000317
        0.0000015583  -0.0000094115  -0.0000069271   0.0000001398   0.0000190392
        0.0000003818  -0.0000036175  -0.0000040590  -0.0000023811   0.0000078860
        0.0000012422  -0.0000129689   0.0000019911   0.0000038871   0.0000029924
       -0.0000090006  -0.0000024161   0.0000016293  -0.0000005344  -0.0000018675
       -0.0000007887  -0.0000007506  -0.0000005606   0.0000003582   0.0000032697
       -0.0000040930  -0.0000010627   0.0000044564   0.0006414635  -0.0000362339
        0.0003966699   0.0017622114   0.0004350942   0.0009865088   0.0046786208
        0.0054517976   0.0032678387  -0.1031017353  -0.1510041303  -0.0724679169
       -0.0187890466  -0.0222281031  -0.0132413634   0.0013649297  -0.0058011009
        0.0005911754   0.0000019403   0.0000058848  -0.0000042872  -0.0000056327
       -0.0000029868   0.0000015841  -0.0000040375  -0.0000021633   0.0000030198
        0.0000014695  -0.0000017138   0.0000039369   0.0000040055  -0.0000017772
        0.0000012275   0.0000014974   0.0000075463  -0.0000006430  -0.0000127949
        0.0000234222   0.0000549535   0.0000040855   0.0000032959   0.0000063631
       -0.0000012171  -0.0000083648  -0.0000047494  -0.0000025008  -0.0000066043
       -0.0000040228  -0.0000101099  -0.0000052416  -0.0000017864   0.0000008484
       -0.0000011012   0.0000018504  -0.0000014348   0.0000018008   0.0000013931
        0.0000008384   0.0000028766  -0.0000003961  -0.0000010148   0.0000002521
       -0.0000029282   0.0000010330  -0.0000022990   0.0000000802   0.0003333915
        0.0001807623   0.0002220130   0.0006203377   0.0009543442   0.0005113709
        0.1140184721   0.1722404652   0.0806030332  -0.0006131467   0.0007371759
       -0.0003403572  -0.0009651726  -0.0011664948  -0.0006794611
       -0.0001531409   0.0000831132  -0.0000226516   0.0002852388  -0.0000666419
       -0.0000010130  -0.0000707169   0.0000187820   0.0000789206  -0.0000732623
       -0.0000178145  -0.0000645910   0.0000124120   0.0000084283   0.0000001249
       -0.0000025528  -0.0000070468   0.0000025636  -0.0000047647   0.0000093526
        0.0000020048   0.0000078033  -0.0000039171  -0.0000017952   0.0000006949
       -0.0000020188  -0.0000024653  -0.0000023770   0.0000038072  -0.0000023463
        0.0000064289   0.0000034957   0.0000005156  -0.0000075703   0.0000004577
        0.0000024884   0.0000003063   0.0000137024  -0.0000061874   0.0000104117
       -0.0000073972  -0.0000091348   0.0000512432  -0.0000687210   0.0000025806
        0.0002445103   0.0001978125   0.0001379042  -0.0001457690  -0.0000128099
       -0.0000095034   0.0009416869   0.0000782687  -0.0011586185  -0.0001905815
       -0.0001549649  -0.0001011396   0.0000656705  -0.0000536031   0.0000473246
       -0.0000320036  -0.0000206094  -0.0000146869   0.0000124042   0.0000146404
       -0.0000111425  -0.0000130068   0.0000067285   0.0000090494   0.0000112858
        0.0000008961  -0.0000239643  -0.0000081099   0.0000109344   0.0000340128
        0.0000010731  -0.0000094223   0.0000046221  -0.0000016185   0.0000041790
       -0.0000033921   0.0000003249   0.0000003580  -0.0000031468   0.0000002102
       -0.0000033503   0.0000011775   0.0000002927  -0.0000017620   0.0000031710
       -0.0000066337  -0.0000004502   0.0000039533   0.0000473819   0.0005868619
        0.0000424371  -0.0061158669   0.0012597601   0.0038443840  -0.0118118932
       -0.0101354114  -0.0074683147  -0.0742832326  -0.0725236743  -0.0857550000
        0.0005249949   0.0002886902   0.0010110552  -0.0032145165   0.0002311657
        0.0057982852   0.0000199863  -0.0000053885  -0.0000099149  -0.0000042120
       -0.0000011883  -0.0000004251  -0.0000032172  -0.0000006415  -0.0000008176
       -0.0000034205  -0.0000064176  -0.0000046703   0.0000003246  -0.0000033213
       -0.0000004474  -0.0000016243   0.0000034432  -0.0000036261  -0.0000111677
        0.0000128329  -0.0000253152   0.0000050217  -0.0000013372  -0.0000007473
       -0.0000005988  -0.0000063972  -0.0000058048  -0.0000009043  -0.0000064400
       -0.0000012037  -0.0000070840  -0.0000022867  -0.0000017364   0.0000005846
       -0.0000017397  -0.0000043036  -0.0000006928   0.0000003559   0.0000013479
       -0.0000011366   0.0000012402  -0.0000007762   0.0000019065   0.0000034056
       -0.0000002570   0.0000033219   0.0000000938   0.0000003775  -0.0004246454
       -0.0005626813  -0.0004200904   0.0015700373  -0.0003181475  -0.0015113297
        0.0911427945   0.0806030332   0.0870469156   0.0016171574   0.0004788407
       -0.0014505166   0.0000108114   0.0000809214   0.0000258596
       -0.0001352926   0.0001142131  -0.0000237681   0.0004138380  -0.0002285503
       -0.0000556512  -0.0001246070   0.0000578048   0.0001436972  -0.0001060027
        0.0000078556  -0.0000731986   0.0000163951  -0.0000034611  -0.0000022646
        0.0000018591  -0.0000135937   0.0000090454   0.0000031049   0.0000067998
        0.0000004108   0.0000008529  -0.0000050489   0.0000011124   0.0000143746
        0.0000035022  -0.0000043393  -0.0000002873   0.0000051357   0.0000002426
       -0.0000065601   0.0000047870   0.0000004060  -0.0000015284  -0.0000025549
        0.0000086775  -0.0000243282   0.0000344809  -0.0000036212   0.0000182366
       -0.0000381594  -0.0000238586  -0.0000344298  -0.0000216129   0.0000692312
        0.0000553800  -0.0002061729  -0.0002522083  -0.0001761673   0.0001103509
        0.0000945168  -0.0006269966   0.0006796444  -0.0003548424  -0.0001046076
       -0.0000725223   0.0000480439   0.0000520882   0.0000027209   0.0000577232
       -0.0000556150  -0.0000127779   0.0000067215  -0.0000070083   0.0000165514
        0.0000092523   0.0000084112  -0.0000023542  -0.0000061506   0.0000437927
        0.0000162190  -0.0000061737  -0.0000074304  -0.0000076431   0.0000115480
        0.0000003129  -0.0000181634   0.0000059753  -0.0000002630   0.0000103756
       -0.0000114491   0.0000018148  -0.0000008006  -0.0000039982  -0.0000003627
       -0.0000018022   0.0000042058  -0.0000007603  -0.0000012782   0.0000023418
       -0.0000129844  -0.0000020497   0.0000037626   0.0007168893  -0.0032475966
       -0.0052237364   0.0004488753  -0.0003065647   0.0004929909   0.0032106504
        0.0015228297  -0.0031873341  -0.0053441830   0.0038715257  -0.0039971963
       -0.1975510807   0.0680761964  -0.1083256535  -0.0175479980   0.0053641329
       -0.0121694964   0.0000167095  -0.0000110295  -0.0000265401  -0.0000117373
       -0.0000033239   0.0000009601  -0.0000092494  -0.0000035413   0.0000023786
       -0.0000016749  -0.0000067942   0.0000027468   0.0000020326  -0.0000092150
        0.0000015381  -0.0000076110   0.0000140809  -0.0000125208  -0.0000410083
        0.0000467325  -0.0000124712   0.0000084430  -0.0000023549  -0.0000080485
        0.0000013325  -0.0000137785  -0.0000142960  -0.0000068174  -0.0000132317
       -0.0000087949  -0.0000143189  -0.0000028558  -0.0000015312   0.0000003450
       -0.0000024114   0.0000002062  -0.0000034166   0.0000034349   0.0000022677
       -0.0000016982   0.0000022182  -0.0000007565  -0.0000000145   0.0000019812
       -0.0000025061   0.0000032486  -0.0000007512   0.0000029844  -0.0004517188
       -0.0000582490   0.0008907695  -0.0003211772   0.0001073362  -0.0001978056
       -0.0001188905  -0.0006131467   0.0016171574   0.2180683388  -0.0756213126
        0.1288413166  -0.0002494997   0.0004737927   0.0016779812
        0.0000614238   0.0000033050   0.0000197971  -0.0000981398  -0.0000347327
       -0.0000108249   0.0000293697  -0.0000085287  -0.0000364305   0.0000152727
        0.0000212896   0.0000174371  -0.0000016308  -0.0000078808  -0.0000009981
        0.0000025020   0.0000013327   0.0000019734   0.0000026486  -0.0000052657
       -0.0000013944  -0.0000038543   0.0000025741   0.0000018513   0.0000028850
        0.0000021818  -0.0000002901  -0.0000071573   0.0000004240  -0.0000015597
       -0.0000063250   0.0000004477   0.0000006550   0.0000035560  -0.0000035952
       -0.0000019022  -0.0000051468   0.0000035072   0.0000023302   0.0000007064
       -0.0000071398  -0.0000062215  -0.0000432277  -0.0000447309   0.0000305198
       -0.0000519882  -0.0001810255  -0.0000971246   0.0000371316   0.0000176080
        0.0000030506  -0.0006350124   0.0003300895  -0.0004358266  -0.0000423978
       -0.0000504531  -0.0000335515   0.0000292635   0.0000065951   0.0000630522
       -0.0000155103  -0.0000162963  -0.0000114631   0.0000049990   0.0000023321
        0.0000009329  -0.0000034880  -0.0000010509   0.0000044678   0.0000055491
        0.0000014719  -0.0000051910  -0.0000190164   0.0000174157   0.0000089551
       -0.0000027355   0.0000046434  -0.0000002505   0.0000014724  -0.0000010643
        0.0000009146  -0.0000039173   0.0000024653   0.0000012673  -0.0000013352
        0.0000000333  -0.0000008132  -0.0000020764   0.0000044004   0.0000029697
        0.0000024320   0.0000028596  -0.0000026342  -0.0026412677  -0.0016683594
       -0.0021668991  -0.0003773787  -0.0003791227  -0.0002668752   0.0009976153
       -0.0058335230   0.0003232982   0.0237886546  -0.0121456368   0.0157217516
        0.0681126479  -0.0735501062   0.0449432718  -0.0144451355   0.0057068696
       -0.0095720802  -0.0000084200   0.0000157293   0.0000126616  -0.0000002448
       -0.0000005441   0.0000004951  -0.0000004748  -0.0000014912   0.0000013282
        0.0000018313   0.0000000559   0.0000017156   0.0000005664  -0.0000021557
       -0.0000000573   0.0000004406   0.0000090401  -0.0000046195  -0.0000352760
        0.0000581785   0.0000206880  -0.0000007052   0.0000037756   0.0000016571
        0.0000004426  -0.0000035716  -0.0000038963  -0.0000006992  -0.0000036874
       -0.0000021219  -0.0000002623  -0.0000006932  -0.0000006377   0.0000004700
       -0.0000001364   0.0000015063   0.0000006979  -0.0000004200   0.0000004361
        0.0000021661   0.0000015669   0.0000010543  -0.0000006054  -0.0000016839
       -0.0000005878   0.0000007890  -0.0000018988  -0.0000004435  -0.0000740644
        0.0000513132   0.0000073158   0.0012332853  -0.0006973367   0.0008281098
        0.0006109107   0.0007371759   0.0004788407  -0.0756213126   0.0867244804
       -0.0493888655  -0.0008009238   0.0009189693  -0.0004507441
       -0.0000770371   0.0000791730  -0.0000269901   0.0002478552  -0.0001380623
        0.0000068355  -0.0000657130   0.0000325162   0.0000768070  -0.0000741003
       -0.0000063643  -0.0000606556   0.0000098428   0.0000058458   0.0000001129
        0.0000033838  -0.0000087785   0.0000044959   0.0000004149   0.0000074759
        0.0000007120   0.0000038394  -0.0000031197   0.0000018588   0.0000059009
        0.0000006874  -0.0000015801  -0.0000032054   0.0000038101  -0.0000041170
        0.0000031639   0.0000054987   0.0000029119  -0.0000047062  -0.0000021336
        0.0000042991  -0.0000145360   0.0000211087  -0.0000012032   0.0000150209
       -0.0000291464  -0.0000158978  -0.0000412676  -0.0000460397   0.0000208654
        0.0000283727  -0.0001262460  -0.0001285376  -0.0000688067   0.0000389815
       -0.0000038544  -0.0005219504   0.0002726879  -0.0003203877  -0.0000642991
        0.0000836870   0.0000407361  -0.0000086053  -0.0000427198   0.0000337046
       -0.0000434842  -0.0000041030   0.0000163854  -0.0000109032   0.0000095558
        0.0000003057   0.0000069626   0.0000060020   0.0000095614   0.0000233101
        0.0000004038  -0.0000205669   0.0000168025   0.0000146150   0.0000274373
        0.0000011736  -0.0000121325   0.0000049573  -0.0000010759   0.0000044494
       -0.0000070136  -0.0000000030  -0.0000002870  -0.0000032861  -0.0000005523
       -0.0000024006  -0.0000002435   0.0000000874  -0.0000013481   0.0000039405
       -0.0000084925  -0.0000005029   0.0000050880  -0.0050758018  -0.0021094157
        0.0046081717   0.0004667743  -0.0003418172   0.0000372596  -0.0032084506
        0.0006155107   0.0058745261  -0.0035014231   0.0022048364  -0.0015428086
       -0.1082472599   0.0450721036  -0.1060025790  -0.0126609669   0.0036967213
       -0.0077313776   0.0000171959  -0.0000062310  -0.0000093175  -0.0000064988
       -0.0000016496   0.0000004460  -0.0000050040  -0.0000011234   0.0000016782
       -0.0000027854  -0.0000061303  -0.0000003929   0.0000009967  -0.0000058795
        0.0000018257  -0.0000045033   0.0000087168  -0.0000063654  -0.0000465181
        0.0000342511  -0.0000240463   0.0000076277  -0.0000015281  -0.0000054462
        0.0000007627  -0.0000106195  -0.0000101244  -0.0000034964  -0.0000103088
       -0.0000043522  -0.0000094300  -0.0000023612  -0.0000010616   0.0000000430
       -0.0000003336  -0.0000026414  -0.0000010232   0.0000017062   0.0000014178
       -0.0000011969   0.0000013195  -0.0000016570   0.0000013767   0.0000020901
       -0.0000023118   0.0000026567  -0.0000007769  -0.0000002325   0.0009395974
       -0.0000129306  -0.0012223787  -0.0001500800   0.0000481553  -0.0001417760
        0.0016498125  -0.0003403572  -0.0014505166   0.1288413166  -0.0493888655
        0.1095624272   0.0016388858   0.0003918032  -0.0015950475
       -0.0001683862  -0.0000133479   0.0000241777   0.0002488141   0.0001271082
       -0.0001075585  -0.0000491031  -0.0000268613   0.0000774793  -0.0000548082
       -0.0000559576  -0.0000174105   0.0000387571   0.0000343364  -0.0000225103
       -0.0000101729  -0.0000039561   0.0000000865   0.0000003247   0.0000031322
       -0.0000014426   0.0000037526  -0.0000080674   0.0000011648   0.0000043748
        0.0000008895  -0.0000018361   0.0000065838  -0.0000024064  -0.0000011848
        0.0000207544  -0.0000084428   0.0000005818  -0.0000557479   0.0000077017
        0.0000315484   0.0000144560   0.0000211633  -0.0000101731  -0.0000272276
       -0.0000100802   0.0000143339   0.0000065319   0.0001253661   0.0000581123
       -0.0003486059   0.0001208501   0.0000322522   0.0000447832  -0.0001588705
       -0.0000177896  -0.0003780743   0.0015342820   0.0016267155   0.0001545289
        0.0000938244   0.0001178836  -0.0001861380  -0.0001349232  -0.0001271748
        0.0000688658   0.0000706387   0.0000697205  -0.0000447597   0.0000068765
        0.0000179265   0.0000301065  -0.0000056657  -0.0000136880   0.0000199290
        0.0000169812   0.0000229545   0.0000472951  -0.0000715230  -0.0000645017
        0.0000012874  -0.0000002078  -0.0000009215   0.0000007685  -0.0000014716
       -0.0000031651  -0.0000000735  -0.0000014934   0.0000006246  -0.0000002313
       -0.0000024355   0.0000019899  -0.0000010465  -0.0000016312  -0.0000015637
       -0.0000029268  -0.0000037879   0.0000015945  -0.0049171100   0.0224162758
       -0.0035839696  -0.0013874628   0.0019339146  -0.0059607410  -0.0004671775
       -0.0003132394  -0.0001674723   0.0006790146  -0.0026795636  -0.0051522638
        0.0026421267  -0.0179520709   0.0009556490  -0.0468151690   0.0385328504
       -0.0078624238   0.0000188161  -0.0000098277  -0.0000243980   0.0000008914
       -0.0000030955   0.0000009821   0.0000031250   0.0000000541  -0.0000006890
        0.0000076913   0.0000008994  -0.0000021672   0.0000002800  -0.0000103960
        0.0000029890  -0.0000058651  -0.0000283493  -0.0000152005   0.0002806963
       -0.0000712326  -0.0001941019   0.0000236192  -0.0000046693  -0.0000044468
        0.0000107745   0.0000154068   0.0000080736   0.0000013868   0.0000041890
        0.0000020712   0.0000105395   0.0000124303   0.0000091362  -0.0000014877
        0.0000005180   0.0000022379   0.0000007578  -0.0000005547  -0.0000009013
        0.0000017098  -0.0000021160   0.0000000060   0.0000008397  -0.0000023745
        0.0000014788  -0.0000000705   0.0000029311   0.0000001120  -0.0001507603
        0.0012147902  -0.0001445431  -0.0005543572  -0.0000460874   0.0008643196
        0.0000523315  -0.0009651726   0.0000108114  -0.0002494997  -0.0008009238
        0.0016388858   0.0514297477  -0.0428966073   0.0179083393
        0.0002080460   0.0000027418   0.0000024544  -0.0003702275  -0.0000933985
        0.0000574354   0.0000826926  -0.0000064404  -0.0001225990   0.0000800960
        0.0000973743   0.0000238263  -0.0000339318  -0.0000652193   0.0000283503
        0.0000101818   0.0000214500  -0.0000051478  -0.0000069459  -0.0000056889
       -0.0000012592   0.0000003673  -0.0000029188   0.0000032906  -0.0000092523
       -0.0000055316   0.0000045585  -0.0000171820  -0.0000006368   0.0000032524
       -0.0000007406  -0.0000024650  -0.0000011672   0.0000091764  -0.0000066140
       -0.0000148629  -0.0000004215   0.0000017081  -0.0000009820  -0.0000124271
       -0.0000279032   0.0000090918  -0.0000989860  -0.0000767088  -0.0000010953
        0.0002547141  -0.0001677308  -0.0000798315   0.0000907912   0.0000487815
       -0.0000225841  -0.0009807873   0.0006650361  -0.0007553287  -0.0000801877
        0.0002643024  -0.0003352551  -0.0000401027  -0.0000015559   0.0001864906
        0.0000015989  -0.0000614633  -0.0000856083   0.0000215625  -0.0000318838
       -0.0000330833  -0.0000396650  -0.0000181385  -0.0000042505  -0.0000382735
       -0.0000210463  -0.0000241666  -0.0001004955   0.0000230394   0.0000542605
       -0.0000023262   0.0000086050  -0.0000018994   0.0000011067  -0.0000047994
        0.0000063808  -0.0000040748   0.0000044133   0.0000033496  -0.0000017426
        0.0000036306  -0.0000022786  -0.0000009516   0.0000046851  -0.0000006236
        0.0000090588   0.0000036568  -0.0000037320   0.0043430499  -0.0135857580
        0.0023765845   0.0023838235   0.0000792985   0.0012995278  -0.0002563825
        0.0009068416  -0.0001157195  -0.0031383801  -0.0016755108  -0.0023502995
        0.0017683679  -0.0230834684   0.0007509050   0.0385117863  -0.2893609508
        0.0225432634  -0.0000338506   0.0000409750   0.0000393098   0.0000042900
       -0.0000010080   0.0000003051   0.0000031451  -0.0000026644   0.0000009859
        0.0000035653   0.0000022252   0.0000002261  -0.0000003801   0.0000000900
        0.0000016709  -0.0000031956   0.0000229740   0.0000045650  -0.0001774121
        0.0002513517   0.0001080363  -0.0000038880   0.0000121446   0.0000197652
       -0.0000023418  -0.0000007708   0.0000068840   0.0000073913   0.0000006716
        0.0000045292   0.0000017941  -0.0000083332  -0.0000003022   0.0000023547
       -0.0000014024   0.0000012733   0.0000018019  -0.0000028112  -0.0000007781
        0.0000023727  -0.0000004520   0.0000008306   0.0000001002  -0.0000023828
        0.0000008794   0.0000010265  -0.0000041695  -0.0000026209  -0.0000566628
       -0.0006509496   0.0000044805  -0.0000499632   0.0000872497   0.0000236457
        0.0001797314  -0.0011664948   0.0000809214   0.0004737927   0.0009189693
        0.0003918032  -0.0428966073   0.3266750546  -0.0240776581
       -0.0001324577  -0.0000070656  -0.0000221145   0.0001982301   0.0000982322
        0.0000632135  -0.0000251329  -0.0000236241   0.0000107087  -0.0000536560
       -0.0000721052  -0.0000418754   0.0000301939   0.0000391503  -0.0000140868
       -0.0000093054  -0.0000053843  -0.0000016702   0.0000023637   0.0000024827
       -0.0000038488   0.0000019252   0.0000017888  -0.0000002052  -0.0000022434
       -0.0000007454  -0.0000005839   0.0000026571  -0.0000017796  -0.0000059358
        0.0000137492  -0.0000055981  -0.0000008849  -0.0000232608  -0.0000017222
       -0.0000005224   0.0000207884  -0.0000046807  -0.0000051183  -0.0000143011
        0.0000139535   0.0000136951   0.0001303252  -0.0000463036   0.0000290489
        0.0001621565   0.0004874994   0.0003949539  -0.0000011197  -0.0001682797
       -0.0002238104   0.0013100960   0.0005216505  -0.0014868652  -0.0007419925
       -0.0002142336  -0.0001803752   0.0000367291  -0.0002744939  -0.0001020389
       -0.0000067426   0.0000219423   0.0000425825  -0.0000143604   0.0000005469
       -0.0000189943   0.0000237509   0.0000045938   0.0000010856   0.0000221943
        0.0000141212  -0.0000213727   0.0000363277   0.0000455340   0.0000306309
        0.0000018391   0.0000027118  -0.0000000671  -0.0000009176  -0.0000051888
        0.0000006955  -0.0000004038  -0.0000013791  -0.0000002251   0.0000003725
       -0.0000018296  -0.0000007880  -0.0000003596  -0.0000002193   0.0000020173
       -0.0000026297  -0.0000005452   0.0000042203  -0.0031424267   0.0152496735
       -0.0009266438  -0.0060490465   0.0008006392   0.0035445645  -0.0000073155
       -0.0001159383  -0.0002456552  -0.0052822334  -0.0018827644   0.0045894667
        0.0012335752  -0.0129640508   0.0011686551  -0.0082125425   0.0229325479
       -0.0387450902   0.0000233060  -0.0000092920  -0.0000056712   0.0000035204
        0.0000000203   0.0000007552   0.0000040896   0.0000023947  -0.0000018260
        0.0000029720   0.0000024104  -0.0000030587  -0.0000002975   0.0000016824
        0.0000012828  -0.0000048672  -0.0000156826   0.0000121966  -0.0000267260
       -0.0000294465  -0.0009398739   0.0000317844  -0.0000248594  -0.0000433940
        0.0000087917   0.0000111125   0.0000079840   0.0000125095   0.0000028361
        0.0000070032   0.0000215789   0.0000130929   0.0000094835  -0.0000002308
        0.0000024461  -0.0000016714   0.0000025947  -0.0000013568  -0.0000012426
        0.0000017274  -0.0000017070  -0.0000005594   0.0000018576  -0.0000009656
        0.0000005426   0.0000000159   0.0000026013  -0.0000018715  -0.0000639331
        0.0008082361  -0.0001349031   0.0008638889   0.0000052043  -0.0012533439
        0.0000262706  -0.0006794611   0.0000258596   0.0016779812  -0.0004507441
       -0.0015950475   0.0179083393  -0.0240776581   0.0360705892
