58
 energy: -98.212422932980 gnorm: 0.130018106272 xtb: 6.7.1 (edcfbbe)
O            0.65559874810000        3.39392280310000       -0.33470951010000
P            0.04243132970000        2.21535712350000        0.35469997700000
O           -0.78904728780000        2.65912326350000        1.65894043260000
O           -1.04394309430000        1.41406305490000       -0.52332285640000
C           -1.53155299000000        0.21676001280000       -0.04775210010000
C           -2.88707613430000        0.19543433360000        0.32785202360000
C           -3.41823592890000       -1.01527404440000        0.77441295620000
C           -2.62842508320000       -2.16368124180000        0.88422489960000
C           -3.20508862650000       -3.34332382730000        1.38550616350000
C           -2.44522300100000       -4.49451887960000        1.57031736910000
C           -1.09322499370000       -4.47365564100000        1.27032758030000
C           -0.51150231710000       -3.30821652440000        0.76346842730000
C           -1.25628446340000       -2.12621846840000        0.51606464710000
C           -0.68119618970000       -0.91635354510000       -0.02106808400000
C            0.68043906730000       -0.81624578100000       -0.50885247860000
C            1.54775618900000        0.17998219810000        0.00865287330000
O            1.05553911770000        1.09467226790000        0.91465579090000
C            2.91807527500000        0.25398750450000       -0.29159851230000
C            3.44081849120000       -0.66892106160000       -1.19857716080000
C            2.62856701980000       -1.62274823090000       -1.81838542320000
C            3.19401760100000       -2.49132844030000       -2.76748623750000
C            2.41371705870000       -3.42356451590000       -3.44526030990000
C            1.05347879680000       -3.48824807410000       -3.19070979740000
C            0.48224514520000       -2.63442477220000       -2.24312883790000
C            1.24603452820000       -1.69789705210000       -1.50033121390000
C           -3.73468442880000        1.39876055360000        0.28074419180000
C           -4.25030142020000        1.95682963040000        1.46233245140000
C           -5.04129431230000        3.10757682990000        1.42701378490000
C           -5.32987125100000        3.71713961580000        0.20840731760000
C           -4.82906208660000        3.17722442120000       -0.97397730560000
C           -4.03837301310000        2.02621842090000       -0.93764313580000
C            3.80686732570000        1.24738739450000        0.32403631900000
C            3.89976537900000        2.54896702150000       -0.18968334420000
C            4.75052228630000        3.48888706110000        0.39647759170000
C            5.52338765330000        3.13777666460000        1.50114134760000
C            5.44501177800000        1.84805490730000        2.02202808390000
C            4.59233106440000        0.90905364310000        1.43701921730000
H           -1.31487678710000        3.45636761090000        1.46519085830000
H           -4.46889480080000       -1.05330113370000        1.06104899180000
H           -4.25992149680000       -3.37110084770000        1.65308150700000
H           -2.90530516360000       -5.39609577550000        1.96532404710000
H           -0.48183471310000       -5.35741975580000        1.43344374480000
H            0.56001617470000       -3.33589730540000        0.57342749360000
H            4.50199079980000       -0.61901116100000       -1.44186774940000
H            4.25647489360000       -2.43848445810000       -2.99883587150000
H            2.86580708500000       -4.08309934190000       -4.18095132010000
H            0.42839600280000       -4.19596189150000       -3.72906196720000
H           -0.59470044260000       -2.70533457840000       -2.10010950890000
H           -4.02545095130000        1.49937237670000        2.42442809090000
H           -5.43169248860000        3.52620376280000        2.35116473230000
H           -5.94688534170000        4.61165105760000        0.17919896720000
H           -5.05353197470000        3.65001253810000       -1.92681292930000
H           -3.65486843870000        1.61810908500000       -1.87118853990000
H            3.29857886900000        2.84376707940000       -1.04810703020000
H            4.80239455470000        4.49606917470000       -0.00868945750000
H            6.18255651910000        3.87087098120000        1.95825140230000
H            6.04333615010000        1.57298365590000        2.88642192080000
H            4.53619431790000       -0.09225969890000        1.85880547970000
58
 energy: -98.224670858765 gnorm: 0.059676010857 xtb: 6.7.1 (edcfbbe)
O            0.64866966730862        3.36606603313183       -0.34406159625298
P            0.03557252659101        2.21043256916226        0.34489604390010
O           -0.77986766985560        2.63944532342113        1.65822974707664
O           -1.02983780580604        1.40606620489763       -0.54994936898227
C           -1.52604256750195        0.20507951361177       -0.06738459493714
C           -2.88012581142440        0.19118557771838        0.32763379856295
C           -3.41408906851199       -1.00110213121629        0.77398563085767
C           -2.62865362865716       -2.16002581963042        0.88286090581485
C           -3.19840633269791       -3.34490166610420        1.38592951243663
C           -2.43974414503607       -4.47768575476325        1.56331488975942
C           -1.07993459830977       -4.44613142998320        1.25833295048346
C           -0.50152780213467       -3.30023925263104        0.74939520236755
C           -1.25356554312169       -2.12874851931024        0.51049030109669
C           -0.69585615360278       -0.91938405653072       -0.02883249623944
C            0.68985957497869       -0.82017796749149       -0.50544229348896
C            1.53376716325669        0.17126310489913        0.01241415183048
O            1.03309251483396        1.09397426959204        0.92285940968671
C            2.90783517478954        0.25025963555710       -0.29139901416575
C            3.43559600613255       -0.66288237609013       -1.18261025247069
C            2.62718448428427       -1.62177471797664       -1.81339369911380
C            3.18628222704720       -2.49249597955813       -2.76788328713978
C            2.40801233639137       -3.41122402501277       -3.43168810196810
C            1.04031142763262       -3.46901082646251       -3.16805861999129
C            0.47172609709185       -2.63524022322922       -2.22580073613079
C            1.24156111881151       -1.70456099077423       -1.49363540987826
C           -3.71750927815634        1.40979230673549        0.27950289011243
C           -4.23978447772768        1.95412770777761        1.45435273784425
C           -5.03067755008062        3.09383168781062        1.41898760646155
C           -5.32016681838861        3.70328345693465        0.20800825971451
C           -4.81827778577805        3.16626326798827       -0.96729596698799
C           -4.02165253909532        2.03073607757068       -0.93204784835725
C            3.79264069120440        1.25704497870254        0.33468702733799
C            3.88927635988808        2.54772757229841       -0.18140258092584
C            4.74145343470092        3.47719597801144        0.39726170116179
C            5.51226721925094        3.12930366334319        1.49549597836820
C            5.43212208732620        1.84547846815225        2.01149475045960
C            4.58024744643048        0.91539462702638        1.43405460440392
H           -1.28704934738214        3.43889860808278        1.47817835816495
H           -4.45926676406050       -1.03766884043989        1.05586025027518
H           -4.24785616718696       -3.36307117688077        1.65032034164769
H           -2.89422838564709       -5.37905583284393        1.95456108594798
H           -0.47009172632663       -5.32444457672444        1.42353433690276
H            0.56182058195052       -3.31552361152796        0.54817759096868
H            4.49132614711513       -0.61442997335418       -1.42062467645931
H            4.24340733509445       -2.43161077765204       -2.99245236524780
H            2.85450661763252       -4.07139307256801       -4.16444587366238
H            0.41703449415364       -4.17013294707389       -3.70708418821754
H           -0.59747719284357       -2.69860498276213       -2.07007054509280
H           -4.01726628833597        1.49111819491735        2.40791316133260
H           -5.42013377449750        3.50880034753357        2.33971965164298
H           -5.93542645299169        4.59388242057468        0.17983749266775
H           -5.04543559218899        3.63469540381468       -1.91600923442728
H           -3.64390735203424        1.61676967353025       -1.85829110324582
H            3.29046431240694        2.83431979053260       -1.03626075176986
H            4.79787932187014        4.47808307740109       -0.00986039750601
H            6.17268630815026        3.85766797334680        1.94899460302754
H            6.03140639707238        1.56843137318906        2.86921496728804
H            4.52584954618502       -0.08509735857399        1.84548506285560
58
 energy: -98.229236969077 gnorm: 0.013071813002 xtb: 6.7.1 (edcfbbe)
O            0.63921065623697        3.33465668762766       -0.35974977738484
P            0.02834817645273        2.20279180375460        0.33161003100353
O           -0.77050219170009        2.60804426897127        1.65601970659601
O           -1.01116413370617        1.39859858172682       -0.58706593820134
C           -1.51870184290544        0.19801458302471       -0.09375048068682
C           -2.87096022570787        0.18899360540755        0.32115009533889
C           -3.40690393144510       -0.98699026749233        0.77210498367535
C           -2.62574787901919       -2.15390192787573        0.87949261953498
C           -3.18788863386247       -3.34491730947518        1.38534647042509
C           -2.42636819459071       -4.46367859470386        1.55599296620366
C           -1.05990807186740       -4.42272149857151        1.24359738596184
C           -0.48774634284008       -3.28898155868883        0.73444659936563
C           -1.25131909818605       -2.12554425313416        0.50411055743654
C           -0.71025434074339       -0.91747186435965       -0.03878170257760
C            0.69817547539957       -0.81920972476213       -0.50024743135855
C            1.51729409771660        0.16314758588919        0.02358793032601
O            1.00547328206969        1.09130062797863        0.93621778825589
C            2.89417742211198        0.24652941590486       -0.28525255320808
C            3.42708898016501       -0.65693748919556       -1.16449556379625
C            2.62289055168881       -1.62015008002892       -1.80376515541180
C            3.17506312893903       -2.49386048461844       -2.76413766699245
C            2.39439671460775       -3.40142882185930       -3.41816510584325
C            1.02003215127843       -3.45461264648321       -3.14437556110060
C            0.45664318687428       -2.63231961020812       -2.20743434178951
C            1.23695284075445       -1.70454748561348       -1.48587105350319
C           -3.69921739582117        1.41717911250884        0.27386098835206
C           -4.22305732923678        1.94829549593849        1.44853632679991
C           -5.01445705146126        3.08212540066115        1.41459403111715
C           -5.30573277723278        3.69300805868415        0.20695630910097
C           -4.80036854231224        3.16083941363529       -0.96668865529250
C           -3.99983181936740        2.03368100822525       -0.93488354342183
C            3.77369250939058        1.26453614636107        0.34583979610777
C            3.86853939457357        2.54819366500253       -0.17483697443424
C            4.72551972976491        3.47069407942095        0.39792179013201
C            5.49937862181392        3.12280870793625        1.49111654619846
C            5.41692848104842        1.84138239954410        2.00677944239754
C            4.56324275680774        0.91619203784802        1.43527029768902
H           -1.25325445567492        3.41951599761184        1.49792500969402
H           -4.44610576826288       -1.02244031307918        1.06251552834856
H           -4.23564746187509       -3.35090195437829        1.64594355994271
H           -2.86983254415485       -5.36834310569203        1.94472667122888
H           -0.45193105538356       -5.29851734471221        1.41240172901701
H            0.56913356854947       -3.28637867450946        0.51712763078306
H            4.48013434989060       -0.61266016447472       -1.39906450241530
H            4.23032463706313       -2.42192970728022       -2.98091219074596
H            2.82974483347873       -4.06350238116118       -4.15188415722609
H            0.39899824522434       -4.15127027844697       -3.68673702806662
H           -0.60636617040251       -2.68736792683238       -2.03047122372726
H           -4.00041040352261        1.47614806222563        2.39430775960580
H           -5.41012692579433        3.48878499038050        2.33367470998634
H           -5.92738651658079        4.57578929252911        0.18008084828786
H           -5.03432195828804        3.62449384060951       -1.91321979788904
H           -3.61533764673663        1.61925842957086       -1.85434476357366
H            3.26616078141852        2.82706934878393       -1.02555117853517
H            4.78919760333500        4.46658782137942       -0.01423445292879
H            6.16537708885814        3.84632022767626        1.93835293665070
H            6.02191827182951        1.56073864487810        2.85661058593921
H            4.50681317153987       -0.08513387395949        1.83770116840826
58
 energy: -98.230184176476 gnorm: 0.013780926566 xtb: 6.7.1 (edcfbbe)
O            0.63599480375823        3.32281070496269       -0.37050201322266
P            0.02469484830784        2.19693173720226        0.32460134338004
O           -0.77044311943887        2.58835970585180        1.65306407398714
O           -1.00266217645517        1.39599969807892       -0.60860506294965
C           -1.51651121484986        0.19887426438599       -0.11076908343168
C           -2.86591762697065        0.19023971464374        0.31170874108838
C           -3.40073720541223       -0.98226599795023        0.77243422494226
C           -2.62070938298369       -2.15072065154248        0.87876486362969
C           -3.17768903648586       -3.34445437638155        1.38606638717979
C           -2.40998168179698       -4.46002339916094        1.55317888086360
C           -1.04284198671954       -4.41526542743186        1.23675594598361
C           -0.47696538246546       -3.28054163744715        0.72545369113571
C           -1.24965430535931       -2.12140583412681        0.50018199914703
C           -0.71372953401996       -0.91548362716202       -0.04494932828377
C            0.69818660493949       -0.81818848976869       -0.49836517413126
C            1.50996284129643        0.16078213502348        0.03197627111051
O            0.99140619984651        1.08625873049119        0.94402279743503
C            2.88624929998255        0.24505669029659       -0.27760626107592
C            3.42136574647295       -0.65765370055587       -1.15546339468267
C            2.61805120334359       -1.62108268510111       -1.79738353299969
C            3.16558395116681       -2.49576168554604       -2.76041771109610
C            2.37866547822495       -3.39944822166392       -3.41328006041473
C            1.00329056330232       -3.45118341149243       -3.13568157385512
C            0.44522007790788       -2.62943213601401       -2.19665081955949
C            1.23416546812774       -1.70345178482059       -1.48098253433017
C           -3.68763314686045        1.41971097461383        0.26647304024188
C           -4.21149432641725        1.94348796966953        1.44409792148758
C           -5.00562634021476        3.07551047494547        1.41227561831462
C           -5.29721918601062        3.68798980665651        0.20470110560816
C           -4.78605434600110        3.16380492455934       -0.97090171336670
C           -3.98024253917960        2.04002343332784       -0.94200464504797
C            3.76016477659588        1.26588587512538        0.35324139856820
C            3.84894137718914        2.54933994413514       -0.16874911407737
C            4.71115317583037        3.47032321478996        0.39967913431845
C            5.49060621663965        3.12021777563776        1.48905993106813
C            5.40816280951724        1.83930639851829        2.00793823813027
C            4.55053521359582        0.91468025859853        1.44073189829267
H           -1.23576046452489        3.41422699947066        1.51227451537480
H           -4.43734356318936       -1.01528304118531        1.07376945925889
H           -4.22585406235179       -3.34864981918483        1.64663848581085
H           -2.84516112439541       -5.36882756932327        1.94088853188391
H           -0.43385465530560       -5.29086562102259        1.40359972502033
H            0.57815991023654       -3.26656913752111        0.49843779457743
H            4.47508822777735       -0.61466526092513       -1.38842357709312
H            4.22145394318477       -2.42213725665343       -2.97535766549633
H            2.80590818694778       -4.06366247625910       -4.14938330726508
H            0.38161182667884       -4.14803823018779       -3.67724854571164
H           -0.61651016540597       -2.67767577384978       -2.00793905775288
H           -3.98668322213010        1.46510747051266        2.38645246339763
H           -5.40333961294131        3.47836465397727        2.33225886093916
H           -5.92229116771948        4.56805116330212        0.17968185247946
H           -5.02041541853951        3.62956916291437       -1.91641310856607
H           -3.58800410794953        1.62818848552091       -1.85968604544183
H            3.23978710690282        2.82600461624815       -1.01571009388027
H            4.77629468536288        4.46558266179434       -0.01429470594288
H            6.16153723860555        3.84198925210941        1.93128141736783
H            6.01729012156794        1.55766725627302        2.85456444297256
H            4.49179819898440       -0.08760890125909        1.84051307447947
58
 energy: -98.230807447550 gnorm: 0.009351119976 xtb: 6.7.1 (edcfbbe)
O            0.62915104395559        3.31279823365448       -0.38583041028994
P            0.01911023969327        2.18939931323782        0.31651994488332
O           -0.77599102404214        2.56551610100189        1.64725809114327
O           -0.99534924557679        1.39192933989648       -0.63237034873156
C           -1.51587169072472        0.20062962591809       -0.12889713688024
C           -2.86109921025012        0.19144173932186        0.30080833175232
C           -3.39187858171484       -0.97950244629635        0.77642243622796
C           -2.61255262732026       -2.14826075859570        0.88187453456537
C           -3.16264672830866       -3.34517965221432        1.39022448168258
C           -2.38689390081813       -4.45795268196684        1.55163664196115
C           -1.02087274443023       -4.40978637942578        1.23058336855239
C           -0.46256383931614       -3.27081172732272        0.71921434650693
C           -1.24572777830634       -2.11661025528195        0.49878790063674
C           -0.71444893398872       -0.91386709431751       -0.05129398888417
C            0.69516098122693       -0.81714078891812       -0.49896964970492
C            1.50345532427536        0.15961318420763        0.03925313241649
O            0.97649321704762        1.07855450555443        0.95037611690878
C            2.87844875567072        0.24256249595607       -0.26927867125157
C            3.41456501652371       -0.66174820574598       -1.14780885475743
C            2.61144882958280       -1.62354266326887       -1.79286999937064
C            3.15311012697005       -2.50045757620012       -2.75742584241646
C            2.35781697331747       -3.39994619437387       -3.40938055742752
C            0.98269534868020       -3.44963982608427       -3.12985098859399
C            0.43069551346427       -2.62381011311155       -2.19023011922810
C            1.22957850811337       -1.70110276796625       -1.47958135437624
C           -3.67686483465806        1.42023094919084        0.25622989722758
C           -4.20219671231425        1.93663413407745        1.43687544462487
C           -4.99594204681132        3.06957237519096        1.40806412766217
C           -5.28351523396833        3.68605608761244        0.20073513309259
C           -4.76350627081272        3.17339906818391       -0.97705097279767
C           -3.95536609407116        2.05026620550121       -0.95160208006382
C            3.74606916871911        1.26443708559088        0.36096638768954
C            3.82416049353161        2.54989631897301       -0.15947781925824
C            4.68964338975573        3.47136005296055        0.40514201440418
C            5.47758769908896        3.11853029425548        1.48853370378301
C            5.39754902966765        1.83829137446784        2.01152105633216
C            4.53753501041133        0.91236455674204        1.44802757734118
H           -1.21522398748190        3.41232627751569        1.53220208090651
H           -4.42587232180685       -1.00856301896180        1.08994910423048
H           -4.21087949484257       -3.35260677473637        1.65279561295605
H           -2.81233351229620       -5.37182574059096        1.93871952364220
H           -0.40930853398886       -5.28493809752910        1.39318607827201
H            0.59084035212742       -3.24484406504009        0.48409677493629
H            4.46957433559149       -0.61915130886686       -1.37832547136714
H            4.20976766252335       -2.43044597894510       -2.97231034960835
H            2.77579963156469       -4.06621376865271       -4.14912374683614
H            0.35896931573871       -4.14690853932123       -3.66939614856662
H           -0.62998062241397       -2.66330358377105       -1.99156804606338
H           -3.97530029410917        1.45096008295629        2.37550909969985
H           -5.39699789834042        3.46786048510451        2.32903145847868
H           -5.91417738350016        4.56247118507693        0.17764525974521
H           -4.99327208138433        3.64609100067747       -1.92081547877798
H           -3.54985774507815        1.64561649476528       -1.86765041944357
H            3.20459243421423        2.82539822615494       -1.00010899993374
H            4.75203313076092        4.46754270500665       -0.00818586455623
H            6.15455267144369        3.83918394439774        1.92393652744352
H            6.01059587757852        1.55745539226929        2.85594554371438
H            4.47549129163666       -0.09022882781464        1.84733158556606
58
 energy: -98.231034991801 gnorm: 0.006722549490 xtb: 6.7.1 (edcfbbe)
O            0.62062693304422        3.30997043516469       -0.39524247739990
P            0.01439686957714        2.18546919749717        0.31183427658455
O           -0.78356145452315        2.55471361310912        1.64168484240565
O           -0.99383847262297        1.38786701987887       -0.64314581710488
C           -1.51683770666495        0.20002944906256       -0.13604991503691
C           -2.85961621650960        0.19047781307800        0.29708469763196
C           -3.38663459134243       -0.98027663624498        0.78105795947294
C           -2.60690035838464       -2.14823494361199        0.88700974397172
C           -3.15227943472359       -3.34687110220750        1.39657545510117
C           -2.37258633745196       -4.45799955781449        1.55380256483008
C           -1.00776912252723       -4.40797506191582        1.23017117806752
C           -0.45353092558861       -3.26638806392763        0.71964830103212
C           -1.24167396159979       -2.11496888787536        0.50045864923688
C           -0.71343670935718       -0.91391028294574       -0.05434384512791
C            0.69234959912493       -0.81674038051721       -0.50206101670261
C            1.50140849395442        0.15939885636199        0.03894240149401
O            0.97017373235155        1.07429665183198        0.94959213167656
C            2.87583535508703        0.23964871299735       -0.26757576331234
C            3.41133023413908       -0.66637199771916       -1.14677200763050
C            2.60779845908585       -1.62605348388059       -1.79393349569739
C            3.14601672743042       -2.50535825588450       -2.75823562765949
C            2.34645750913240       -3.40218246824643       -3.40958894280934
C            0.97154107865783       -3.44901017298565       -3.13117398475038
C            0.42243979131961       -2.61951166843698       -2.19274421816324
C            1.22588328484858       -1.69976401098439       -1.48288810696398
C           -3.67299992431957        1.41925268347978        0.25103354883305
C           -4.20235826835695        1.93223049949399        1.43166477978180
C           -4.99311868340829        3.06737591947201        1.40403800450701
C           -5.27303179147518        3.68886964255782        0.19741606588585
C           -4.74524758855154        3.18333884536217       -0.98009986433142
C           -3.93955775540988        2.05822618623332       -0.95558963690183
C            3.74053629358896        1.26136610863554        0.36388788691637
C            3.81017180880831        2.54930051730148       -0.15257271245794
C            4.67382734196359        3.47283904290049        0.41163593744510
C            5.46713770223688        3.11932914151436        1.49095015312667
C            5.39113544880943        1.83899093850157        2.01447540593786
C            4.53282250984606        0.91095051699433        1.45135617029769
H           -1.20424483970896        3.41327794706024        1.54407371671827
H           -4.41928550635897       -1.00696254694681        1.09950635016117
H           -4.19971308646154       -3.35911769959499        1.66247530167659
H           -2.79374917678139       -5.37433309468219        1.94014798217013
H           -0.39392845976155       -5.28237412608543        1.38917782104027
H            0.59910220238211       -3.23562181567485        0.48297955440752
H            4.46714651619946       -0.62434014307361       -1.37464241984859
H            4.20287339319203       -2.44105737297433       -2.97428132232649
H            2.76087984544528       -4.07037211063298       -4.14979793357098
H            0.34583938063828       -4.14599834099562       -3.66907395608505
H           -0.63806547325273       -2.65318400803863       -1.99329718005530
H           -3.97869236653539        1.44142704373296        2.36848778039899
H           -5.39657533149201        3.46361406160906        2.32490690355484
H           -5.90325409666282        4.56578203709069        0.17484149962595
H           -4.96627674253221        3.66365682165617       -1.92239352910422
H           -3.52612261252687        1.65904796458274       -1.87075358247261
H            3.18502990451385        2.82453868469989       -0.98928354549784
H            4.73029846554392        4.47080731401598        0.00146220683067
H            6.14500248964146        3.84076596384634        1.92385702733152
H            6.00544448284761        1.55993307810654        2.85864361240826
H            4.47138114168155       -0.09181447383127        1.85066099025067
58
 energy: -98.231285645692 gnorm: 0.007289984737 xtb: 6.7.1 (edcfbbe)
O            0.60560280091109        3.31030897842833       -0.40526098684625
P            0.00699340879716        2.18206112669343        0.30556463745527
O           -0.79652830317546        2.54442015340112        1.63266919836576
O           -0.99494095909755        1.38183438595924       -0.65359753153023
C           -1.51939849821821        0.19743030708344       -0.14195254730610
C           -2.85953323464555        0.18753726192984        0.29561225727161
C           -3.38114825496930       -0.98327402575514        0.78836913775234
C           -2.59976816569504       -2.14947572125928        0.89554047049529
C           -3.13875700116293       -3.34974144758055        1.40811941761768
C           -2.35530164742131       -4.45898260799447        1.56019617001401
C           -0.99206943178219       -4.40656713089772        1.23284215311371
C           -0.44267441822101       -3.26252628259214        0.72232627554439
C           -1.23573412697740       -2.11440163659402        0.50349954547589
C           -0.71212750207184       -0.91488458773113       -0.05819476118403
C            0.68891844745720       -0.81653042158248       -0.50855239421096
C            1.50023844323786        0.15937641411800        0.03335387662480
O            0.96504802990794        1.07089417319540        0.94324774686943
C            2.87460971251650        0.23466998141663       -0.26947301325629
C            3.40874392109889       -0.67405661432309       -1.14857332418656
C            2.60414141797627       -1.63035145196463       -1.79849868760001
C            3.13851352963613       -2.51353873806420       -2.76140454513689
C            2.33488612221284       -3.40730395359099       -3.41208624141824
C            0.95965561978295       -3.44834580059080       -3.13717086772811
C            0.41337984209584       -2.61420457718093       -2.20100988660390
C            1.22103078916647       -1.69886231459410       -1.49028571654847
C           -3.67100639702358        1.41697118451400        0.24666244153198
C           -4.20984558412263        1.92568480483441        1.42520520176671
C           -4.99330581388055        3.06576757993168        1.39799825299405
C           -5.25644593645545        3.69753233626865        0.19293310045253
C           -4.71716763921824        3.19951061134502       -0.98239473001282
C           -3.91908432558213        2.06908744750165       -0.95767019739462
C            3.73649077220675        1.25596410009521        0.36535993524821
C            3.79401843352680        2.54791097400348       -0.14341109677536
C            4.65141067497481        3.47570209041699        0.42292473878519
C            5.45063625170596        3.12259975377787        1.49772741852687
C            5.38324428422687        1.84062045934995        2.01807692589116
C            4.53075246328306        0.90859330958082        1.45273114900922
H           -1.19007263621677        3.41767323418401        1.55902471272247
H           -4.41243545848575       -1.00818392815336        1.11077168230053
H           -4.18441684197187       -3.36883707183577        1.68035961304605
H           -2.77279353361203       -5.37720308735979        1.94636829962986
H           -0.37468957971110       -5.27914483674982        1.38829300154812
H            0.60934882417872       -3.22802533116879        0.48513332945215
H            4.46560975343980       -0.63408235624593       -1.37203768211896
H            4.19546406411659       -2.45805205439536       -2.97921974097989
H            2.74719230169934       -4.07847255409382       -4.15098753816083
H            0.33083693043322       -4.14318844473068       -3.67426286951034
H           -0.64753610131848       -2.64074232074479       -2.00429773894452
H           -3.99659758234153        1.42721576791101        2.36042772939790
H           -5.40287489605687        3.45851135954939        2.31764927943793
H           -5.88254124915080        4.57756810573540        0.16993714966999
H           -4.92222547171652        3.69129741317326       -1.92275977464006
H           -3.49606419459371        1.67709560176832       -1.87156764540023
H            3.16368496020069        2.82286595686021       -0.97611193448164
H            4.69750008397197        4.47668867716990        0.01863904849061
H            6.12607571861406        3.84653294179485        1.93027788708782
H            5.99886656944812        1.56410806065901        2.86211067535081
H            4.47419061427176       -0.09505525477662        1.85082899283534
58
 energy: -98.231551313299 gnorm: 0.009368307602 xtb: 6.7.1 (edcfbbe)
O            0.58629191205819        3.31470847790684       -0.41299088879081
P           -0.00246083210115        2.18027057907939        0.29760503935329
O           -0.81285706573701        2.53553378754611        1.62117642072757
O           -0.99859945270270        1.37511608913248       -0.66346561318751
C           -1.52315890355742        0.19318250224179       -0.14689664980283
C           -2.86101423829912        0.18303256125769        0.29629984784609
C           -3.37656891495747       -0.98778122519975        0.79695658014591
C           -2.59230579596025       -2.15171232996395        0.90545499416456
C           -3.12402797600140       -3.35278186965293        1.42371950665036
C           -2.33735862081826       -4.46009300202518        1.57170643530179
C           -0.97590030149682       -4.40517720682573        1.23872781663898
C           -0.43200844908014       -3.25991840325812        0.72514466086191
C           -1.22939972065300       -2.11521447734474        0.50611096754423
C           -0.71180340279654       -0.91670449666796       -0.06312041353183
C            0.68584785712111       -0.81662577966081       -0.51787000270369
C            1.49940702636896        0.15937042942489        0.02291166946415
O            0.96186042387173        1.07022353772699        0.93135719172332
C            2.87461491423155        0.22828178789664       -0.27512433314889
C            3.40738119928456       -0.68391631635387       -1.15238591948982
C            2.60113783601756       -1.63634716584994       -1.80532361685970
C            3.13208784376898       -2.52402959636031       -2.76603391473759
C            2.32524643574355       -3.41451758268494       -3.41692842470533
C            0.94900718204704       -3.44755978498888       -3.14718595509877
C            0.40522624808064       -2.60946832508569       -2.21314310336099
C            1.21615380514639       -1.69920958074738       -1.50021149409550
C           -3.67085167957351        1.41376676994772        0.24433349921592
C           -4.22517025221399        1.91656158082927        1.41868126786080
C           -4.99771036130934        3.06384467643021        1.39067565319344
C           -5.23503994166109        3.71108314176458        0.18811054246074
C           -4.68108286385039        3.21987226895305       -0.98303988854201
C           -3.89495348070973        2.08129313482526       -0.95683301287054
C            3.73388631699128        1.24936841957319        0.36450254782461
C            3.77671684206710        2.54628364985128       -0.13369664442648
C            4.62385668001955        3.47990959768721        0.43792488319818
C            5.42840642558205        3.12824473020488        1.50887950408305
C            5.37459819407393        1.84230823320526        2.02083044399492
C            4.53207273552081        0.90473271070191        1.44993431703758
H           -1.17102327894005        3.42594684508940        1.57618698221564
H           -4.40648372345909       -1.01267095978228        1.12308039096273
H           -4.16727805051927       -3.37804897307979        1.70430835313823
H           -2.75192030226495       -5.37889893260173        1.95973349850591
H           -0.35438665037021       -5.27508984296118        1.39208926021207
H            0.61945932299910       -3.22314234330228        0.48638860262248
H            4.46540606185012       -0.64803183250762       -1.37057331530211
H            4.18923898314330       -2.47791186484314       -2.98470698877560
H            2.73715538935172       -4.08929505102929       -4.15289862322601
H            0.31667289872784       -4.13828787382075       -3.68532270589638
H           -0.65662897182120       -2.62886341527005       -2.02113554210456
H           -4.03042827813807        1.40802804944004        2.35274312772611
H           -5.41749255482988        3.45160759211298        2.30782420493013
H           -5.85155954798412        4.59798862424123        0.16386191066757
H           -4.86412303808417        3.72519380931085       -1.92124012928198
H           -3.46163969454116        1.69663589700894       -1.86887136636469
H            3.14232450354327        2.82088229054822       -0.96312640382426
H            4.65649805593906        4.48471562046069        0.04169212682991
H            6.09670056238715        3.85654620724998        1.94512720541540
H            5.99222215713187        1.56796210859917        2.86406526491192
H            4.48575853156300       -0.10119747827968        1.84398023249895
58
 energy: -98.231864457485 gnorm: 0.009675993439 xtb: 6.7.1 (edcfbbe)
O            0.56349698482303        3.32379750108238       -0.41790485366196
P           -0.01394772086502        2.18048090312927        0.28709054083239
O           -0.83213251810922        2.52779084195309        1.60692759085759
O           -1.00444147829469        1.36799321648548       -0.67373355883718
C           -1.52771964792460        0.18757966073946       -0.15171737012091
C           -2.86379541538898        0.17731761834488        0.29852345534428
C           -3.37274651677190       -0.99322966955894        0.80659678770894
C           -2.58448286692050       -2.15463658293535        0.91610075170471
C           -3.10837534057339       -3.35508830733310        1.44360116040675
C           -2.31881471667687       -4.46039925372612        1.58989560956170
C           -0.95964253720928       -4.40347998337776        1.24805103908984
C           -0.42215660963869       -3.25878009491110        0.72662634731462
C           -1.22325420360245       -2.11740632923426        0.50739233468469
C           -0.71292368304370       -0.91937455792905       -0.06946084600256
C            0.68328689636650       -0.81707432602835       -0.52989076383974
C            1.49833934405362        0.15933045130547        0.00800153600237
O            0.96110826133384        1.07362150588663        0.91354157830375
C            2.87540574465255        0.22071970859244       -0.28450945573390
C            3.40719020782725       -0.69600943403630       -1.15748098250926
C            2.59870287489703       -1.64445200724156       -1.81349191782055
C            3.12705787423928       -2.53663728055098       -2.77143250703065
C            2.31779883403812       -3.42326836158344       -3.42436944952921
C            0.94003658605644       -3.44675841123232       -3.16100861676679
C            0.39839422091391       -2.60605651330246       -2.22822423401110
C            1.21162263646796       -1.70119213181723       -1.51197198372885
C           -3.67203856968573        1.40958155337097        0.24414235734245
C           -4.24890983944704        1.90376307646463        1.41187314938137
C           -5.00638759400229        3.06082512517867        1.38189388737795
C           -5.20726111099464        3.72940082590959        0.18343567305293
C           -4.63514057049027        3.24446407866289       -0.98139525668612
C           -3.86553686418919        2.09474504088593       -0.95271993932150
C            3.73194780138745        1.24204357163602        0.36047061463688
C            3.75641009225491        2.54499073716383       -0.12366777020817
C            4.58897363575130        3.48581809074870        0.45729163838333
C            5.39838021200755        3.13613392858633        1.52502608184995
C            5.36481289804681        1.84325566738489        2.02169285326863
C            4.53709341827658        0.89853063705736        1.44090379151094
H           -1.14416116706317        3.43693594793427        1.59538736890398
H           -4.40106546115416       -1.02036230463055        1.13729291298858
H           -4.14878607590141       -3.38425279944594        1.73398711529596
H           -2.73048959823846       -5.37802514794316        1.98368079366693
H           -0.33383700212350       -5.27019717223292        1.40124106305183
H            0.62837766732942       -3.22132495735794        0.48314911804111
H            4.46645466516762       -0.66665902066328       -1.37000780953681
H            4.18475841127416       -2.49918220466211       -2.98880073857428
H            2.73048668745555       -4.10147275066716       -4.15678287900398
H            0.30430620958425       -4.13151802962503       -3.70260521514644
H           -0.66470177556687       -2.61887877637778       -2.04166889990521
H           -4.08177857842815        1.38238878908971        2.34479731249475
H           -5.44192344174738        3.44141172913036        2.29487139900016
H           -5.80865682708351        4.62686496636315        0.15743566708402
H           -4.78995537532923        3.76485527306872       -1.91690258591845
H           -3.42027845780155        1.71741800010707       -1.86186448596173
H            3.11856552064913        2.81934412444375       -0.95033167149051
H            4.60503914494634        4.49527827489530        0.07174815314483
H            6.05384477602006        3.87079263708981        1.97030324229670
H            5.98604576467515        1.56991219219269        2.86260062758440
H            4.50740419396997       -0.11166926637927        1.82637023897735
58
 energy: -98.232175761195 gnorm: 0.007375199115 xtb: 6.7.1 (edcfbbe)
O            0.54316789603070        3.33559951701737       -0.41887963805705
P           -0.02477038637905        2.18246785386805        0.27552049050197
O           -0.84974224560284        2.52221285813522        1.59278031707253
O           -1.01043043244331        1.36195100280123       -0.68318345257093
C           -1.53149823294311        0.18203391140457       -0.15624770534462
C           -2.86673255782583        0.17207141575013        0.30088753348533
C           -3.37007282208168       -0.99776150108711        0.81492728009021
C           -2.57788155812683       -2.15719596795331        0.92488340234740
C           -3.09551641592591       -3.35506740615854        1.46408256044608
C           -2.30380399241958       -4.45861658805132        1.61267204932158
C           -0.94736170192306       -4.40152336434871        1.25929902410378
C           -0.41581671469278       -3.25969343469461        0.72547610812635
C           -1.21906261090221       -2.12050259219950        0.50657624369257
C           -0.71526746791697       -0.92249791441235       -0.07615606323206
C            0.68182337084554       -0.81812136286174       -0.54162339645770
C            1.49687515651183        0.15905865434619       -0.00773848572070
O            0.96366384076107        1.08113255414790        0.89334074203680
C            2.87638568496643        0.21387246793784       -0.29563577858141
C            3.40813763393361       -0.70778641029680       -1.16216570883620
C            2.59733653737729       -1.65342068129478       -1.82032764207642
C            3.12481831752633       -2.54827493724707       -2.77605981288601
C            2.31428998988533       -3.43069316438620       -3.43331873857428
C            0.93514448811245       -3.44616351340472       -3.17545240928689
C            0.39468576302588       -2.60541170170630       -2.24213000165990
C            1.20883946584020       -1.70494488565469       -1.52219865082685
C           -3.67345072921167        1.40547517773250        0.24567042395873
C           -4.27543860567196        1.88964013124758        1.40533293620424
C           -5.01725550368038        3.05656365476445        1.37304382005698
C           -5.17846517690496        3.74740229822361        0.18055552318344
C           -4.58783101623984        3.26790073216035       -0.97710370142145
C           -3.83539229337845        2.10691503356824       -0.94614926266878
C            3.73007859348562        1.23615425509752        0.35328530508074
C            3.73481569879935        2.54513428301574       -0.11511001929830
C            4.55148155222393        3.49245039904909        0.47790658462369
C            5.36499094029864        3.14392542626669        1.54298421910623
C            5.35573935976540        1.84243301091051        2.01924220411524
C            4.54489025262693        0.89087525889446        1.42557127362009
H           -1.11299012596369        3.44550459802188        1.61166445503346
H           -4.39668298552371       -1.02892078606398        1.15084587621863
H           -4.13345341886751       -3.38364351434132        1.76307722492732
H           -2.71250466219074       -5.37317843478904        2.01654323884985
H           -0.31860815110813       -5.26569964523596        1.41422607740772
H            0.63308355559788       -3.22367468838679        0.47324273740097
H            4.46835223920196       -0.68594645158056       -1.37036950120530
H            4.18348141795698       -2.51581755999827       -2.98930534174702
H            2.72802808352463       -4.11049342117071       -4.16353531984342
H            0.29745563695034       -4.12487993037993       -3.72225247067756
H           -0.66941181618073       -2.61422329174038       -2.05948962123446
H           -4.13919921790841        1.35541973386421        2.33645129649042
H           -5.47101113437054        3.42926891038990        2.28063019300810
H           -5.76220661722316        4.65662044211352        0.15361839481080
H           -4.71369987170046        3.80171646776573       -1.90932778968350
H           -3.37798828917562        1.73545654168958       -1.85149150322854
H            3.09383608983939        2.81982923810618       -0.93930702710895
H            4.55054692317811        4.50669968595466        0.10464158536799
H            6.00386751768989        3.88532375115920        2.00174920603530
H            5.98232019969798        1.56807331251302        2.85592693296640
H            4.53541054902936       -0.12502942837208        1.79790378233841
58
 energy: -98.232410039369 gnorm: 0.006502915668 xtb: 6.7.1 (edcfbbe)
O            0.52942275385694        3.34546419602579       -0.41702306379754
P           -0.03339616262194        2.18366138809038        0.26467215761462
O           -0.86222545127757        2.51517498485802        1.58213843219288
O           -1.01420597052083        1.35770228367925       -0.69309688927263
C           -1.53357396867520        0.17798757113744       -0.16247389389428
C           -2.86834791124368        0.16879090871536        0.30059184309441
C           -3.36773164526034       -0.99972866180137        0.82024313374779
C           -2.57296737697257       -2.15817667441592        0.93063999356691
C           -3.08666235983568       -3.35216857827904        1.48196267706688
C           -2.29302825509685       -4.45395776232356        1.63571651782144
C           -0.93954711532417       -4.39876156167653        1.26993848767988
C           -0.41277393833473       -3.26131950847609        0.72195659795742
C           -1.21723875361218       -2.12311218482704        0.50396293141209
C           -0.71793107907434       -0.92540306623991       -0.08314814595740
C            0.68096756739097       -0.81988306638739       -0.55091289459629
C            1.49458070357656        0.15820088630105       -0.02055924409366
O            0.96695305069505        1.08872814050644        0.87560333660589
C            2.87627834155331        0.20908298013972       -0.30552864629134
C            3.40917341400278       -0.71706733489424       -1.16497469687738
C            2.59675763442624       -1.66179257427150       -1.82400318088422
C            3.12476096166133       -2.55695149369695       -2.77888319656324
C            2.31343101880601       -3.43509944844935       -3.44138928119980
C            0.93360348432814       -3.44649704101341       -3.18629168100256
C            0.39343890790681       -2.60775650362724       -2.25098551612620
C            1.20801101375170       -1.70972571847642       -1.52878865145082
C           -3.67317481478933        1.40265427331787        0.24616503482366
C           -4.29690804411086        1.87657230021188        1.39842879196501
C           -5.02668549028489        3.05081357478134        1.36514594126814
C           -5.15424749687597        3.75986214556717        0.17987107613000
C           -4.54702485846709        3.28687610623392       -0.97188781121697
C           -3.80782554554090        2.11765357717278       -0.94046983435022
C            3.72647540156598        1.23309078438732        0.34499808024079
C            3.71187031903346        2.54746673604366       -0.10765783336699
C            4.51515253643692        3.49879699642418        0.49713419504607
C            5.33365428171328        3.14895600742087        1.55830867322812
C            5.34840587756021        1.83973413886080        2.01358621723827
C            4.55222501167862        0.88365908011010        1.40738406109807
H           -1.07844468916596        3.44989553915498        1.62688718039182
H           -4.39249904683541       -1.03443525614438        1.16195545861830
H           -4.12299678140441       -3.37645065225815        1.78687900289186
H           -2.69785200872612       -5.36472231779138        2.05205282209364
H           -0.30972846810194       -5.26177917106086        1.42717634619503
H            0.63369904320226       -3.22756588083135        0.45836496215658
H            4.46993654507877       -0.70128954861050       -1.37069552803726
H            4.18459260540453       -2.52528135036997       -2.98652048292725
H            2.72688552585704       -4.11407708150187       -4.17232288313386
H            0.29577124316653       -4.12110017127785       -3.73796983734575
H           -0.67095379070344       -2.61515975079646       -2.06881800408667
H           -4.18662314873806        1.33128410432012        2.32608265211747
H           -5.49774081113745        3.41564786690590        2.26721450589793
H           -5.72325197731478        4.67813049670034        0.15404493537442
H           -4.64832051410955        3.83164261715393       -1.90016639402950
H           -3.33839772161546        1.75110929604544       -1.84168389323808
H            3.06648808719294        2.82344542498198       -0.92829045452606
H            4.49888407053230        4.51752689387393        0.13661110336072
H            5.95733307570290        3.89496768842622        2.03052085432141
H            5.98192365449310        1.56263269781800        2.84428375381079
H            4.56162906539692       -0.13794932576700        1.76402018103887
58
 energy: -98.232547854748 gnorm: 0.005205480836 xtb: 6.7.1 (edcfbbe)
O            0.52325959692150        3.35178255883937       -0.41383224467875
P           -0.03812095371712        2.18363706781010        0.25751142105023
O           -0.86819365774966        2.50917585744194        1.57696265261048
O           -1.01500457865195        1.35523361099047       -0.69986354542402
C           -1.53357065437819        0.17568796668019       -0.16752063672442
C           -2.86838750613363        0.16777725412727        0.29793152724355
C           -3.36627402617892       -0.99933468713655        0.82140207991066
C           -2.57074890208321       -2.15757337358087        0.93306872415332
C           -3.08345865900794       -3.34711292746196        1.49465849761257
C           -2.28888441190189       -4.44763084488357        1.65461277847222
C           -0.93807416089140       -4.39625089853670        1.27867265191162
C           -0.41358133101572       -3.26365376380776        0.71847114651853
C           -1.21764780153952       -2.12496353804437        0.50102316646231
C           -0.71924577322611       -0.92793352947263       -0.08840666492271
C            0.68079403126879       -0.82221376629229       -0.55614508949009
C            1.49306691131154        0.15730747124695       -0.02880606681847
O            0.97134373541165        1.09443325717864        0.86331167817475
C            2.87596479155550        0.20715988681303       -0.31304925463484
C            3.41047982331197       -0.72224792140207       -1.16683855992025
C            2.59741037768164       -1.66780504431326       -1.82514584637361
C            3.12702342069308       -2.56129572901533       -2.78046163852348
C            2.31564261924272       -3.43644628013219       -3.44730450804522
C            0.93596969386265       -3.44836515019375       -3.19200862404547
C            0.39509445726842       -2.61258632802998       -2.25419187524614
C            1.20923827391866       -1.71444859330225       -1.53147960534270
C           -3.67156269886188        1.40162298334607        0.24494958362718
C           -4.30995438484762        1.86662323257126        1.39216603059741
C           -5.03410728586346        3.04431322148517        1.35979213496385
C           -5.13909634451067        3.76603620861730        0.18144668733457
C           -4.51999035047596        3.30012464722926       -0.96690655447869
C           -3.78831378758420        2.12656175989958       -0.93709048232735
C            3.72279520129650        1.23291679837155        0.33711259711778
C            3.69224527002515        2.55151438597878       -0.10151416717290
C            4.48694067366545        3.50402709492759        0.51238522906543
C            5.31146869917350        3.15066311324211        1.56807174435419
C            5.34550802991932        1.83613672734839        2.00564092594773
C            4.55863665694341        0.87868722184336        1.38999614012366
H           -1.05197440797371        3.44551194031739        1.63568748671876
H           -4.38966298000575       -1.03539490614582        1.16716986734934
H           -4.11903359560655       -3.36560091268230        1.80276369638781
H           -2.69030050700800       -5.35450892231952        2.08259871355982
H           -0.30900022054227       -5.25955258380711        1.43795394336046
H            0.63039824539735       -3.23320379535057        0.44509052542577
H            4.47135009098012       -0.70925780841752       -1.37201592227908
H            4.18769692871460       -2.52728960900208       -2.98367417615211
H            2.72809807493515       -4.11269587212627       -4.18123634747090
H            0.29933024005471       -4.12184642460175       -3.74643184523586
H           -0.66902289213181       -2.62148862142343       -2.07020239347406
H           -4.21617717023223        1.31286927471325        2.31548200802724
H           -5.51734749914024        3.40272174703957        2.25766596681537
H           -5.70026181010695        4.68854527918516        0.15830892928857
H           -4.60499457786288        3.85297635863611       -1.89110418880162
H           -3.31031377268083        1.76367279151812       -1.83512088120510
H            3.04150101012797        2.82980285334581       -0.91738581322041
H            4.45844483258268        4.52656782773595        0.16378857708665
H            5.92486649740918        3.89830739171843        2.05029864928774
H            5.98597214849456        1.55563152791932        2.82993410150597
H            4.58176636994243       -0.14732748653506        1.73180706974403
58
 energy: -98.232538351633 gnorm: 0.014509452233 xtb: 6.7.1 (edcfbbe)
O            0.51145613066315        3.35652143434803       -0.41170682180905
P           -0.04734093111822        2.17956138004020        0.24729675275866
O           -0.87993845037646        2.49171036064738        1.56966403000523
O           -1.01510888950607        1.35024951200733       -0.71521718786759
C           -1.53456623916406        0.17218028104051       -0.17970893364273
C           -2.86780519392434        0.16603429631849        0.29123413497003
C           -3.36206259000392       -0.99882187247896        0.82428334121728
C           -2.56554900890602       -2.15625899264010        0.93890704368749
C           -3.07425212515613       -3.34107209616222        1.51478756594741
C           -2.27676897561002       -4.43890302790726        1.67970009271393
C           -0.92967149640591       -4.39137637259625        1.29001137067798
C           -0.40995497207662       -3.26380049456258        0.71526570155934
C           -1.21617522967380       -2.12618025603492        0.49802222865703
C           -0.72055678303706       -0.93134982601652       -0.09827107141922
C            0.67891981009372       -0.82571492547422       -0.56554290816057
C            1.48985827190018        0.15511344006802       -0.04034776483107
O            0.97125141492169        1.09568130686769        0.84779699639808
C            2.87400138801808        0.20292598868606       -0.32210485710668
C            3.41057355818072       -0.73078787227277       -1.16951048334029
C            2.59702112570765       -1.67657024140509       -1.82808547086800
C            3.12695226577921       -2.56962389861955       -2.78360746378334
C            2.31378437337293       -3.44050641644655       -3.45412859514917
C            0.93410883537536       -3.45201142640740       -3.19908742891236
C            0.39348432856287       -2.61779448350794       -2.25969601802668
C            1.20914533794749       -1.72038867748548       -1.53748271521047
C           -3.66772471015129        1.40028105890761        0.23919759204517
C           -4.32703233911328        1.85083628227458        1.38075799113727
C           -5.04350324560763        3.03363195620933        1.35082108789198
C           -5.11595861092602        3.77564843768285        0.18148543878612
C           -4.47750968373039        3.32358467511240       -0.96280407352079
C           -3.75624840277434        2.14368483797900       -0.93612438608533
C            3.71487258139569        1.23121471591763        0.32895491848997
C            3.65908654094430        2.55670966471856       -0.08884994357273
C            4.44229821969630        3.51197560700304        0.53567807776364
C            5.27881344482048        3.15392837365845        1.58081156267774
C            5.33985481211181        1.83254614118874        1.99578774335603
C            4.56495417504732        0.87226954700911        1.36919953215191
H           -1.00275281712735        3.44770935314948        1.66257737321671
H           -4.38316956561069       -1.03427674447435        1.17687855895386
H           -4.10807400788932       -3.35534809273726        1.82964085262231
H           -2.67192551082398       -5.34210849168288        2.12138443848426
H           -0.30023015285412       -5.25441610637391        1.45017518281102
H            0.63062613573195       -3.23506355300181        0.42984879005970
H            4.47206067291300       -0.72061210391772       -1.37201382332968
H            4.18846007624902       -2.53582269891429       -2.98300148077395
H            2.72362545146666       -4.11471736431118       -4.19141721650910
H            0.29784663786571       -4.12440360827530       -3.75531975709583
H           -0.67021670863299       -2.62567990457082       -2.07329723496992
H           -4.25569059638696        1.28197721735346        2.29747839203010
H           -5.54378772615359        3.38137999942448        2.24388274579853
H           -5.66858652553895        4.70315827425275        0.16194306582682
H           -4.53745287071769        3.89218051730663       -1.88077598981999
H           -3.26345020989986        1.78944507781461       -1.83013891868017
H            2.99809316824711        2.83773674640587       -0.89582636737432
H            4.39442808568237        4.54038867053571        0.20447721526931
H            5.88099029718901        3.90392089570132        2.07296668259951
H            5.99043323705722        1.54891579221845        2.81120720334311
H            4.60606419215605       -0.15949229346973        1.69194320775299
58
 energy: -98.232676342767 gnorm: 0.003445230749 xtb: 6.7.1 (edcfbbe)
O            0.51726552408370        3.35353037299464       -0.41055846976140
P           -0.04360638534090        2.17893550309008        0.25165706042904
O           -0.87437407212299        2.49451979287184        1.57467060815731
O           -1.01256809727572        1.35173522501768       -0.71072390838246
C           -1.53283415779181        0.17326601779248       -0.17740921594706
C           -2.86676701487208        0.16785319101836        0.28962066515488
C           -3.36363892555983       -0.99708474089390        0.82001305966637
C           -2.56854900135501       -2.15496727591331        0.93594875503861
C           -3.07991316147157       -3.33951390739209        1.50959793674012
C           -2.28407811424112       -4.43817333393603        1.67497739628319
C           -0.93628227994911       -4.39213218531583        1.28864348119238
C           -0.41378179350019       -3.26466521484667        0.71692427304689
C           -1.21798581523512       -2.12569416999011        0.49843075411140
C           -0.71898736866420       -0.93114851836402       -0.09599711053219
C            0.67999276229304       -0.82621464749135       -0.56199802786375
C            1.49142591269739        0.15526844873982       -0.03676316806978
O            0.97249145163983        1.09364829933411        0.85292631317019
C            2.87461907508269        0.20557201286815       -0.32053109295234
C            3.41119867732878       -0.72634221257566       -1.17018168977157
C            2.59858520827242       -1.67352797577907       -1.82725723299163
C            3.12935267801482       -2.56534063168656       -2.78361750760023
C            2.31754823606600       -3.43869918385170       -3.45205268810972
C            0.93843941400435       -3.45407056007548       -3.19457359851429
C            0.39686180516781       -2.62014607150236       -2.25542248939091
C            1.21110597307344       -1.72013019653220       -1.53463411901068
C           -3.66731058024893        1.40210383773416        0.23776675474049
C           -4.31976672134488        1.85458368239786        1.38157558458043
C           -5.04142335882763        3.03425844738237        1.35348946395610
C           -5.12574001370356        3.77087715718428        0.18372367907774
C           -4.49267584389052        3.31810010293694       -0.96249688931505
C           -3.76642906254130        2.14145102302109       -0.93777958067438
C            3.71639575193349        1.23346548149831        0.32965382569865
C            3.66455855442819        2.55766322542768       -0.08968708088900
C            4.45181906529720        3.51076078829353        0.53240360831534
C            5.28915422683394        3.15165437265043        1.57620509756622
C            5.34538921889370        1.83221560721748        1.99397448852436
C            4.56575967950616        0.87440861716299        1.37022568152264
H           -1.01551225658294        3.43876431214093        1.65472350951919
H           -4.38573479437314       -1.03061412604720        1.16920906895918
H           -4.11422401272724       -3.35328703169091        1.82238682354490
H           -2.68091865469529       -5.34121835887035        2.11471462869249
H           -0.30824300593242       -5.25612255489182        1.44906214376631
H            0.62732339811552       -3.23728698740606        0.43473721785667
H            4.47226654702876       -0.71291106910017       -1.37440365026423
H            4.19024224615661       -2.52925839034228       -2.98533272496092
H            2.72784824375979       -4.11196894928425       -4.19003455592105
H            0.30302781373187       -4.12916227060362       -3.74849677842212
H           -0.66654159919110       -2.63083691454853       -2.06821769734361
H           -4.23952551432742        1.28848343625833        2.29808990846628
H           -5.53704543358030        3.38285215673038        2.24814895075486
H           -5.68388251209887        4.69505750481578        0.16518216720119
H           -4.56127116314887        3.88382017936146       -1.88021178838044
H           -3.27778384110613        1.78654188610104       -1.83325538482820
H            3.00325405934953        2.83949511524068       -0.89578571302324
H            4.40692404750701        4.53818061217877        0.20020044443685
H            5.89604396249745        3.89947512142674        2.06503352712311
H            5.99592578551387        1.54817021733252        2.80900990484828
H            4.60257523762275       -0.15619426918868        1.69449538057999
58
 energy: -98.232720795538 gnorm: 0.002613076658 xtb: 6.7.1 (edcfbbe)
O            0.51559137519746        3.35320401162584       -0.40912453638915
P           -0.04460546165249        2.17700143414167        0.25172306200125
O           -0.87618572109941        2.49052691350839        1.57504104804001
O           -1.01073483995097        1.35063779846569       -0.71276297044348
C           -1.53219077334151        0.17233468185883       -0.17994047908909
C           -2.86605794502604        0.16835418459088        0.28597541764503
C           -3.36362555840345       -0.99592105083205        0.81757917220578
C           -2.56900760974060       -2.15354793449931        0.93609630164779
C           -3.08047061936962       -3.33642539543408        1.51326696628154
C           -2.28515508864714       -4.43497408646257        1.68041909498621
C           -0.93787380385016       -4.39104958061769        1.29230818448801
C           -0.41494298372101       -3.26505829025228        0.71815502726867
C           -1.21838994519108       -2.12575468562075        0.49807243031810
C           -0.71807982245179       -0.93235569382139       -0.09783067911959
C            0.68029830409529       -0.82793122924137       -0.56337822514468
C            1.49196989086085        0.15444850717507       -0.03876560226291
O            0.97272534084605        1.09161513976075        0.85128008749079
C            2.87484572254885        0.20558700587025       -0.32294266589576
C            3.41175435293896       -0.72600807776815       -1.17297542810645
C            2.59971058428564       -1.67397484649311       -1.82921354205915
C            3.13084734794326       -2.56548682214039       -2.78579995458865
C            2.31968842440688       -3.44020670513624       -3.45290927315316
C            0.94087328438940       -3.45784424698477       -3.19402160528627
C            0.39885479903859       -2.62378759731534       -2.25526105818821
C            1.21231266562236       -1.72193512607552       -1.53574921789512
C           -3.66612510254370        1.40305073643614        0.23425006639964
C           -4.32211935123115        1.85123160508502        1.37791336776885
C           -5.04460089048516        3.03053420909991        1.35224929694979
C           -5.12516520743729        3.77193909151602        0.18508321339757
C           -4.48828434969316        3.32397969570649       -0.96090542896796
C           -3.76226879098311        2.14714578687634       -0.93879435578271
C            3.71566746510466        1.23373532567066        0.32778067835520
C            3.65664978249257        2.55996888419694       -0.08422475497941
C            4.44230574446232        3.51321897748552        0.53967015573613
C            5.28558297356230        3.15227679877588        1.57793878345520
C            5.34924857108351        1.83082115438081        1.98862299111202
C            4.57075514735818        0.87307275809365        1.36328077769587
H           -1.00781650188300        3.43403005140455        1.65986307117335
H           -4.38593659527420       -1.02763062150828        1.16603264948000
H           -4.11420590936476       -3.34931258201928        1.82776647588806
H           -2.68183005849031       -5.33665148988379        2.12296270226234
H           -0.31032630378049       -5.25522923103538        1.45351796519334
H            0.62587630531702       -3.23921289498081        0.43529909551285
H            4.47276880199377       -0.71100145803001       -1.37733406572635
H            4.19135087388328       -2.52859045564996       -2.98905553123722
H            2.73019817950926       -4.11309706259066       -4.19117136544656
H            0.30584013510932       -4.13467270455096       -3.74628896387059
H           -0.66434167120934       -2.63599374993006       -2.06748310732443
H           -4.24346229024990        1.28165906507279        2.29242517097221
H           -5.54285008486069        3.37536127450731        2.24683572018018
H           -5.68389847875808        4.69609238781371        0.16815870247939
H           -4.55423452627488        3.89382148120865       -1.87616584037686
H           -3.27146725924332        1.79586959003170       -1.83439691599720
H            2.99110293844775        2.84333770677757       -0.88607133798456
H            4.39128553912734        4.54228242253422        0.21357512070556
H            5.89173961987500        3.90028284111607        2.06773658608803
H            6.00401804726828        1.54546794805535        2.79974583268609
H            4.61239132763956       -0.15923584986777        1.68194168925208
58
 energy: -98.232800310436 gnorm: 0.003167407293 xtb: 6.7.1 (edcfbbe)
O            0.51229497795277        3.35167214424160       -0.40489796323949
P           -0.04656801060985        2.17276810311746        0.25328090360155
O           -0.88032268588750        2.48151882934670        1.57653029888231
O           -1.00617342990189        1.34905273042776       -0.71730575835537
C           -1.53079895495948        0.17072700859680       -0.18611473038194
C           -2.86452013958525        0.17007945037812        0.27761476772005
C           -3.36413182980871       -0.99279738009851        0.81141644332908
C           -2.57070034145880       -2.14997771642162        0.93540039579123
C           -3.08256737856273       -3.32983846885818        1.51865657723479
C           -2.28880996851275       -4.42859761022340        1.68909392899152
C           -0.94192163350476       -4.38864810791771        1.29912034651997
C           -0.41762613844556       -3.26522174388388        0.72145553268483
C           -1.21941194670627       -2.12532298583604        0.49738740030948
C           -0.71640321849509       -0.93445871642807       -0.10167669335256
C            0.68136691623198       -0.83133287436279       -0.56611423653015
C            1.49306843860163        0.15259385902247       -0.04199047564220
O            0.97109981931879        1.08536426125986        0.85019642606250
C            2.87513325558537        0.20635154427190       -0.32718271737216
C            3.41259840503801       -0.72343716195828       -1.17948200837591
C            2.60219313585573       -1.67327472582992       -1.83399640745870
C            3.13393205933715       -2.56471764198477       -2.79070261705939
C            2.32469999306520       -3.44426238383934       -3.45322222049380
C            0.94648817868062       -3.46729273579698       -3.19080879164511
C            0.40352456405189       -2.63200478831057       -2.25388766676800
C            1.21491688574119       -1.72521746427083       -1.53801459179587
C           -3.66389309483840        1.40574122341613        0.22618737936766
C           -4.32476723114267        1.84626545208448        1.37012622171214
C           -5.05018954832946        3.02371363176752        1.34996804454194
C           -5.12848347595387        3.77224182818311        0.18784400814830
C           -4.48496938775068        3.33377491108388       -0.95774101278962
C           -3.75700137270569        2.15806350807735       -0.94146435781992
C            3.71482321202362        1.23457437313849        0.32520431524935
C            3.64154506657087        2.56444004391421       -0.07161152145323
C            4.42544825468401        3.51747697360041        0.55465100288821
C            5.28239215294967        3.15292513429484        1.58010451047882
C            5.36004775626520        1.82798734926515        1.97663785326812
C            4.58272020724413        0.87077775259746        1.34922255389016
H           -0.99061355350333        3.42670068467049        1.67439312123972
H           -4.38733730726716       -1.02073683460748        1.15735974320838
H           -4.11520185344856       -3.34129311044208        1.83618837760208
H           -2.68612826228027       -5.32769789348005        2.13612274794040
H           -0.31541669096238       -5.25315255248656        1.46219373529273
H            0.62325431131955       -3.24210664612331        0.43875357932443
H            4.47334074388055       -0.70417605203536       -1.38488655129944
H            4.19338301928005       -2.52555399210075       -2.99849625571669
H            2.73632490960261       -4.11740076086035       -4.19070824034392
H            0.31239517296409       -4.14884563086224       -3.73839450704140
H           -0.65925074933821       -2.64778492894476       -2.06466649471704
H           -4.24663438654118        1.27088119625773        2.28086799811069
H           -5.55278554602136        3.36066842678106        2.24495383203298
H           -5.69008359602685        4.69516438952005        0.17421791817881
H           -4.54771405566407        3.91149972564874       -1.86794464660052
H           -3.26200724029322        1.81514974605000       -1.83785508651752
H            2.96636722835916        2.85114778115006       -0.86373341482769
H            4.36183444353500        4.54946238868913        0.24111243024922
H            5.88837431807651        3.90094522414585        2.07077094272254
H            6.02477375940937        1.53979743283940        2.77855399762530
H            4.63409184308120       -0.16437619977355        1.65731163319969
58
 energy: -98.232860392310 gnorm: 0.003992079663 xtb: 6.7.1 (edcfbbe)
O            0.50740755922960        3.35242010624336       -0.39945248868533
P           -0.04902071135928        2.16961369860492        0.25414695034280
O           -0.88659595340007        2.47283185527929        1.57612037566892
O           -1.00183424321368        1.34763959722143       -0.72252345311182
C           -1.52952993815534        0.16917807847452       -0.19279941006913
C           -2.86346643225220        0.17191533850625        0.26886353152061
C           -3.36524595111477       -0.98965935093956        0.80412312516301
C           -2.57268596595813       -2.14631849019744        0.93367436897745
C           -3.08520981362753       -3.32258605293671        1.52365914524368
C           -2.29308559685545       -4.42160927251007        1.69927757010273
C           -0.94641049497317       -4.38556738755134        1.30782126368748
C           -0.42080431351645       -3.26521811655065        0.72505218189742
C           -1.22069631835415       -2.12492946973393        0.49612843217686
C           -0.71544316351845       -0.93649268284448       -0.10601606279410
C            0.68280153609351       -0.83456569201318       -0.56960066050907
C            1.49403267101327        0.15076813709906       -0.04583748722223
O            0.96952542489236        1.08015659091713        0.84835980401169
C            2.87555672811249        0.20721047470657       -0.33199136936214
C            3.41341765071519       -0.72044263558705       -1.18684158397278
C            2.60462549304474       -1.67237679294936       -1.83947714598141
C            3.13734564227915       -2.56390504645290       -2.79572076715828
C            2.33071897000831       -3.44961140234798       -3.45311747120415
C            0.95317672387201       -3.47811258474045       -3.18713650901020
C            0.40889153831692       -2.64122515735554       -2.25241625834488
C            1.21759179500179       -1.72875178435582       -1.54060352015182
C           -3.66240788493170        1.40824375201586        0.21848880530135
C           -4.33105675000174        1.83912915609664        1.36243597357750
C           -5.05946680426519        3.01457811636714        1.34763840954591
C           -5.13153207271903        3.77332896248339        0.19061569676893
C           -4.47881581660434        3.34581615782857       -0.95418808979186
C           -3.74899121254067        2.17096376578782       -0.94348568073034
C            3.71488940052850        1.23498988923379        0.32200493777910
C            3.62414725648739        2.56942550977355       -0.05665971539964
C            4.40564388655356        3.52252086498360        0.57268361616343
C            5.27874881300637        3.15366166176152        1.58300705959376
C            5.37455346065664        1.82379018343937        1.96117962630035
C            4.59911006471747        0.86688502488812        1.33112459336762
H           -0.97094506406176        3.41978488765522        1.69144032661921
H           -4.38929030601655       -1.01500190312773        1.14799963447206
H           -4.11707216278447       -3.33171812741957        1.84350880757408
H           -2.69168942037926       -5.31750819372231        2.15182137313418
H           -0.32089792716377       -5.25011283547697        1.47416941515482
H            0.62038007653625       -3.24498430348875        0.44262004957526
H            4.47378242385220       -0.69745696957162       -1.39403353642687
H            4.19587318422878       -2.52140660905816       -3.00775469387726
H            2.74416400007979       -4.12335974657804       -4.18907427568659
H            0.32047252886099       -4.16475797034298       -3.73001709657241
H           -0.65355253806188       -2.66117995717966       -2.06158009521388
H           -4.25589808517009        1.25720716404007        2.26973453914783
H           -5.56757147561250        3.34279399083050        2.24288362672404
H           -5.69586839592296        4.69475492439055        0.18021400283954
H           -4.53684452744263        3.93190874138511       -1.85956620090188
H           -3.24883024524024        1.83734040005641       -1.84059496423184
H            2.93756703804406        2.86014713207229       -0.83742689924559
H            4.32693691494806        4.55801860807001        0.27372415443286
H            5.88338360418391        3.90177404877034        2.07564318374689
H            6.05188706946917        1.53185498715564        2.75142858851685
H            4.66412813068493       -0.17179327100484        1.62632226632856
58
 energy: -98.232906184712 gnorm: 0.004066019888 xtb: 6.7.1 (edcfbbe)
O            0.50416322844716        3.35451046728502       -0.39239519973663
P           -0.05066861013064        2.16796402941115        0.25533384081128
O           -0.89221578360007        2.46578198272823        1.57576048293159
O           -0.99804621410701        1.34765481180639       -0.72694523979855
C           -1.52827445851520        0.16876163312985       -0.19925701408844
C           -2.86292372628307        0.17433835344245        0.26024564172880
C           -3.36735281754492       -0.98630449842608        0.79524800065191
C           -2.57575072296976       -2.14282945437733        0.92951452223486
C           -3.09020592994676       -3.31571610692540        1.52419295695004
C           -2.29963191452781       -4.41486287541940        1.70662494893690
C           -0.95250644039905       -4.38196851713303        1.31632139770253
C           -0.42497996856118       -3.26472266408904        0.72904032175266
C           -1.22281707981380       -2.12416084306823        0.49438589500486
C           -0.71536864738415       -0.93761209373944       -0.10976966318476
C            0.68443404239631       -0.83684054469774       -0.57195253651692
C            1.49438047050809        0.14967765195343       -0.04824493221918
O            0.96780418258223        1.07644158246967        0.84797751657193
C            2.87558728119320        0.20950103007137       -0.33558043207842
C            3.41393630922742       -0.71559950011814       -1.19308224366205
C            2.60692343930442       -1.67026753205391       -1.84355314069276
C            3.14137939085647       -2.56130554402187       -2.79923542612942
C            2.33803564772502       -3.45397935402513       -3.45142809333830
C            0.96136287998778       -3.48875996913550       -3.18138112427274
C            0.41505339487778       -2.65058950958881       -2.24890031056453
C            1.22046590121815       -1.73166143792910       -1.54157220896570
C           -3.66164599443900        1.41090705237383        0.21215544994791
C           -4.33514549319234        1.83378628805245        1.35635264382964
C           -5.06726788506282        3.00672354278798        1.34638882350812
C           -5.13886460803978        3.77154415650141        0.19381440556101
C           -4.47952917507595        3.35334195839218       -0.95042296360739
C           -3.74554312055092        2.18084180675096       -0.94470559541135
C            3.71562673105081        1.23622999601868        0.31930402948710
C            3.61035258155407        2.57403234401718       -0.04253417799707
C            4.39190623605690        3.52580102268961        0.58871561379483
C            5.28054962484084        3.15222590927908        1.58371786762525
C            5.39164678955387        1.81875788773143        1.94431254429723
C            4.61599626140550        0.86332544206162        1.31265022420914
H           -0.95490064077321        3.41305974135689        1.70773717776317
H           -4.39236465433144       -1.01061747924109        1.13643745320259
H           -4.12235810327814       -3.32179617573551        1.84308085959636
H           -2.70013193388356       -5.30766815156279        2.16375400615322
H           -0.32818017294216       -5.24644853165632        1.48749611460751
H            0.61679662175550       -3.24705481527409        0.44797290910311
H            4.47366896252343       -0.68894234504033       -1.40334503908807
H            4.19910476752970       -2.51351999148286       -3.01473246961823
H            2.75359428208381       -4.12816435799527       -4.18580307475715
H            0.33092055332721       -4.18122721687110       -3.71953021601519
H           -0.64698036214123       -2.67563001471773       -2.05584527692474
H           -4.26141808339835        1.24690878048809        2.26071501433793
H           -5.58026921999956        3.32702531288516        2.24184381923979
H           -5.70662160318734        4.69076226000539        0.18668548961692
H           -4.53481145791889        3.94593264428092       -1.85189693867776
H           -3.24058249150901        1.85565466699360       -1.84237864133497
H            2.91276868892438        2.86891019897527       -0.81191681718210
H            4.30045204924088        4.56397592862835        0.30328571366874
H            5.88481212423170        3.89926879146639        2.07820542804573
H            6.08199055080128        1.52265152073559        2.72195398299094
H            4.69364432050314       -0.17804927034328        1.59518367980003
58
 energy: -98.232951535256 gnorm: 0.002667661807 xtb: 6.7.1 (edcfbbe)
O            0.50115032158165        3.35864913843381       -0.38626583152941
P           -0.05180384279279        2.16874045272099        0.25606330892196
O           -0.89775085832842        2.46221159734998        1.57415440314510
O           -0.99626457936268        1.34862072959231       -0.72959086959874
C           -1.52763857248706        0.16950711395571       -0.20337397767671
C           -2.86343707592198        0.17640492478381        0.25393324979054
C           -3.37017674009783       -0.98416903824244        0.78649136004201
C           -2.57908377458588       -2.14072011728433        0.92378709402279
C           -3.09602082701026       -3.31141938457073        1.51994282127277
C           -2.30617010379958       -4.41014677406374        1.70953347914939
C           -0.95781577221081       -4.37823362565925        1.32353780830247
C           -0.42838953734190       -3.26319863847323        0.73341028996314
C           -1.22489887470124       -2.12307236863445        0.49287806086229
C           -0.71606510439506       -0.93737441099103       -0.11174676112989
C            0.68568107512906       -0.83727050446829       -0.57279285658912
C            1.49422489784964        0.15003074567450       -0.04910715057609
O            0.96645933688021        1.07586910071545        0.84834870151750
C            2.87547139773881        0.21240760324086       -0.33731655811145
C            3.41388411817954       -0.71053014249460       -1.19702805810811
C            2.60820604231883       -1.66760562465242       -1.84561682020618
C            3.14461234503722       -2.55821960842702       -2.80031911154994
C            2.34435970930312       -3.45714613916004       -3.44811208377803
C            0.96856034780769       -3.49700474174264       -3.17473811205429
C            0.42007342880899       -2.65761196170921       -2.24439762718555
C            1.22240088208038       -1.73302943310190       -1.54102445047036
C           -3.66234671635376        1.41275830312093        0.20868956702419
C           -4.33941038984772        1.82928610227309        1.35336521263444
C           -5.07519939724843        2.99978286805372        1.34639898686072
C           -5.14703293149741        3.76919986756378        0.19615801083315
C           -4.48299585872186        3.35790894236513       -0.94781058992941
C           -3.74481800800011        2.18768077036600       -0.94492663731155
C            3.71760236007687        1.23728428012495        0.31758959875994
C            3.60229239222636        2.57744812754315       -0.03070647934528
C            4.38594582144083        3.52732799275566        0.60097753535679
C            5.28709760042047        3.14951119542769        1.58271612723401
C            5.40973714826321        1.81330041150618        1.92803286423038
C            4.63186765509182        0.85978450554036        1.29617195049867
H           -0.94761687207702        3.40732435402038        1.72037201508818
H           -4.39605310799177       -1.00933939527464        1.12518946362939
H           -4.12954557389495       -3.31529093108899        1.83470519943348
H           -2.70882606339583       -5.30082118740414        2.16893148475574
H           -0.33406488509472       -5.24203079538614        1.50047445059249
H            0.61438806921706       -3.24682926425191        0.45528716679259
H            4.47298873468683       -0.68163427177620       -1.41051226864802
H            4.20179988759939       -2.50513890900197       -3.01789614347915
H            2.76198773117391       -4.13192320582853       -4.18074152814300
H            0.34048164837378       -4.19454696604776       -3.70907392792314
H           -0.64165106698309       -2.68701744663000       -2.04965588629813
H           -4.26533326763339        1.24030459398163        2.25625832490844
H           -5.59033137694262        3.31524140240467        2.24217920665095
H           -5.71859567058826        4.68582624760389        0.19115559567371
H           -4.53921600665296        3.95273981999467       -1.84750033334588
H           -3.23717330773734        1.86799820318022       -1.84290888195940
H            2.89588968846704        2.87585891602945       -0.79036722957977
H            4.28582789029910        4.56716963428381        0.32603618564083
H            5.89224065593752        3.89481657863486        2.07835800647488
H            6.11102163328176        1.51355715078389        2.69422018837955
H            4.71947334462561       -0.18322678755871        1.56818245588528
58
 energy: -98.232999375662 gnorm: 0.002800025961 xtb: 6.7.1 (edcfbbe)
O            0.49570614041095        3.36628919281801       -0.37939620816304
P           -0.05445412475667        2.17134696750403        0.25532840593149
O           -0.90688165141739        2.45799311335839        1.57033398967943
O           -0.99591960618935        1.35007781811376       -0.73339826337076
C           -1.52762470763719        0.17134636450278       -0.20795285608082
C           -2.86483016636652        0.17876428595460        0.24724078744755
C           -3.37352697531175       -0.98220862146587        0.77656847598426
C           -2.58274516724333       -2.13894079158755        0.91635725792438
C           -3.10262889007959       -3.30799643889961        1.51253103343255
C           -2.31231858043761       -4.40507656859639        1.71118145229012
C           -0.96209945712135       -4.37254500169365        1.33211953921269
C           -0.43094942025449       -3.25976179121868        0.73904819150909
C           -1.22707926684086       -2.12107841246795        0.49123378936002
C           -0.71733765250009       -0.93588144394986       -0.11359445203192
C            0.68631379895144       -0.83628139395490       -0.57321012650562
C            1.49324057591356        0.15211961209257       -0.05029296854877
O            0.96515626870278        1.07858028322450        0.84708388011618
C            2.87492732404226        0.21620853675999       -0.33877058832036
C            3.41333149832507       -0.70554120498481       -1.19945636904940
C            2.60882059871488       -1.66526084614385       -1.84593799491860
C            3.14772523865494       -2.55563445610355       -2.79906018184184
C            2.35053775638688       -3.46061813671514       -3.44250314887198
C            0.97574656108149       -3.50537240974827       -3.16586767451466
C            0.42461152609333       -2.66451257967547       -2.23809288111520
C            1.22383415097258       -1.73395844680190       -1.53923995740925
C           -3.66364222097397        1.41474697390865        0.20557579840854
C           -4.34461596885639        1.82478561230697        1.35005368756845
C           -5.08372327992675        2.99309956327480        1.34552063185862
C           -5.15693945866596        3.76555060999903        0.19771460397267
C           -4.48798597547134        3.36135170018425       -0.94552497933773
C           -3.74484265380148        2.19399830830615       -0.94467018173623
C            3.71985095929789        1.23849882401813        0.31560314673202
C            3.59149707991147        2.58248783250424       -0.01454547195990
C            4.37874237438119        3.52940613283366        0.61742078994247
C            5.29695181995245        3.14461964745708        1.58089937443507
C            5.43465688536205        1.80452543907562        1.90561639746930
C            4.65296496127060        0.85395533332182        1.27363041983458
H           -0.94005808077146        3.40046364176440        1.73753823500434
H           -4.40026541629841       -1.00944988319606        1.11244031476041
H           -4.13855454359265       -3.31038976850662        1.82006313171048
H           -2.71665505857948       -5.29400550375389        2.17234155733828
H           -0.33826812994093       -5.23477085259783        1.51677040211568
H            0.61298555215227       -3.24379518183133        0.46496656659795
H            4.47188053945844       -0.67557558664579       -1.41587435707220
H            4.20451344886715       -2.49694095920353       -3.01755339040590
H            2.76995354836882       -4.13603139422042       -4.17348345113621
H            0.35043151620850       -4.20839522759461       -3.69623997649651
H           -0.63673131776030       -2.69817254701226       -2.04168011935982
H           -4.27267315048442        1.23229706863502        2.25120390906435
H           -5.60329445965902        3.30301107666644        2.24089252122445
H           -5.73190524809881        4.67988882929831        0.19494309630935
H           -4.54246004116088        3.95970076424199       -1.84382587090848
H           -3.23230029625472        1.88030204197101       -1.84204340833575
H            2.87341369034255        2.88595193831432       -0.76120449741200
H            4.26788007179182        4.57201353669198        0.35647911681584
H            5.90366103118015        3.88722057234235        2.07825872119603
H            6.15036800428083        1.49944611205912        2.65624092092254
H            4.75360804557681       -0.19185228483283        1.53021922853481
58
 energy: -98.233046190832 gnorm: 0.003651926711 xtb: 6.7.1 (edcfbbe)
O            0.48932166939038        3.37436208983110       -0.37525119237108
P           -0.05807446016864        2.17566643022675        0.25418664552415
O           -0.91660364389428        2.45595178708422        1.56624835369454
O           -0.99800844700242        1.35210001340137       -0.73578254251548
C           -1.52875059705470        0.17418237562610       -0.20987642728381
C           -2.86717625797542        0.18022545549488        0.24336387002696
C           -3.37680122787628       -0.98198787479870        0.76842207178817
C           -2.58571899738402       -2.13873445618285        0.90913232643963
C           -3.10769941924550       -3.30860467064770        1.50167131559107
C           -2.31554997661488       -4.40313951907929        1.70724009560432
C           -0.96281984924714       -4.36709435348038        1.33754975732002
C           -0.43078583711531       -3.25462023079529        0.74479131990265
C           -1.22832120753181       -2.11834056675883        0.49079959515052
C           -0.71867460135682       -0.93274318910675       -0.11326287718077
C            0.68589079520131       -0.83308481451327       -0.57169281004588
C            1.49166128308864        0.15649089035609       -0.05023596040371
O            0.96361142727744        1.08457935080362        0.84582505834557
C            2.87400271677028        0.22030580002941       -0.33802749656241
C            3.41227142980612       -0.70222322170694       -1.19774877636774
C            2.60825331639430       -1.66345998580692       -1.84296779542776
C            3.14881828000711       -2.55432300681842       -2.79448355162324
C            2.35308791865888       -3.46253728292709       -3.43520440305242
C            0.97889001111326       -3.50940059659717       -3.15692836217944
C            0.42607186007518       -2.66700865503212       -2.23136475969768
C            1.22379620401520       -1.73298102525132       -1.53563349961925
C           -3.66633065885853        1.41563862484702        0.20428919332474
C           -4.34947973888928        1.82195666712151        1.34868005646570
C           -5.09121794489185        2.98860054489212        1.34476327958721
C           -5.16560892394690        3.76230676237961        0.19735438333132
C           -4.49386956619420        3.36211987790697       -0.94554271652695
C           -3.74730534454434        2.19679339732708       -0.94479144790721
C            3.72209707408398        1.23991337143572        0.31532749274488
C            3.58620494206179        2.58633632462227       -0.00067072143302
C            4.37938351789231        3.52935291022267        0.62965867975738
C            5.31157771972279        3.13817814001550        1.57690596222049
C            5.45796643005169        1.79615191188000        1.88579903051146
C            4.67043214581824        0.84924399302191        1.25517215482747
H           -0.94103606405786        3.39472491917537        1.75166539542927
H           -4.40430761537987       -1.01170861903278        1.10171334142257
H           -4.14633854894667       -3.31237214146504        1.80059421060006
H           -2.72055587061845       -5.29246601580462        2.16680834104394
H           -0.33781480521084       -5.22702890654310        1.52899943408068
H            0.61456059985610       -3.23665948796652        0.47627557729465
H            4.47060432925277       -0.67279991686348       -1.41533726691820
H            4.20544905748074       -2.49266065285614       -3.01270697965054
H            2.77311817245375       -4.13887026706898       -4.16495272013760
H            0.35526040398691       -4.21585430675906       -3.68468229471389
H           -0.63502129373171       -2.70253045027515       -2.03424662894850
H           -4.27640406749777        1.22930869052856        2.24910913536104
H           -5.61171440468843        3.29690412122781        2.23982503845316
H           -5.74428223556920        4.67422416787954        0.19537326134522
H           -4.55142580971531        3.95895195650077       -1.84410113765063
H           -3.23265573540209        1.88517950908236       -1.84131425973046
H            2.85809876215741        2.89451114458919       -0.73556489970480
H            4.26276571752302        4.57366105605737        0.37936766814872
H            5.92243583188934        3.87734426644170        2.07398735335771
H            6.18589463272698        1.48610017994721        2.62230384707170
H            4.77882690205460       -0.19813251571640        1.49916828168645
58
 energy: -98.233074137852 gnorm: 0.002090007940 xtb: 6.7.1 (edcfbbe)
O            0.48773956890439        3.37478196327247       -0.37615966093834
P           -0.05986682709646        2.17640141005363        0.25414236989152
O           -0.91798586580709        2.45640010500336        1.56672325730510
O           -0.99937262504161        1.35262014474433       -0.73546999552259
C           -1.52962077175263        0.17468634595795       -0.20904669380022
C           -2.86773794415756        0.17994191035527        0.24412903555151
C           -3.37675152226822       -0.98256697844308        0.76926923846590
C           -2.58531561462137       -2.13897963826378        0.90973665237822
C           -3.10650396616967       -3.31033091811473        1.50075176178669
C           -2.31378923970365       -4.40436959303236        1.70483969814665
C           -0.96084735549510       -4.36696159974915        1.33594398806294
C           -0.42927205042973       -3.25331931354054        0.74501327288646
C           -1.22770156484490       -2.11751235850473        0.49154760790810
C           -0.71834521002924       -0.93170391535799       -0.11252028620692
C            0.68513898936250       -0.83183079907009       -0.57090614077503
C            1.49147773199598        0.15818849625748       -0.05029917236701
O            0.96331679104403        1.08653079109125        0.84476872307739
C            2.87385264145844        0.22068441458012       -0.33738190684941
C            3.41218118283216       -0.70325268478453       -1.19563866942630
C            2.60799487714245       -1.66408514392458       -1.84097515300740
C            3.14806375656488       -2.55589457225494       -2.79213556332008
C            2.35145217222869       -3.46261204685361       -3.43341998140465
C            0.97689002125352       -3.50793821821457       -3.15620747167217
C            0.42465422597229       -2.66514079318531       -2.23088639645078
C            1.22320031979050       -1.73220055575169       -1.53458187004638
C           -3.66752311072091        1.41524459922386        0.20379775512662
C           -4.35024601225848        1.82267386161959        1.34819757486025
C           -5.09180681999002        2.98945920155868        1.34385320368590
C           -5.16564047999240        3.76256382397507        0.19626068562084
C           -4.49520415431169        3.36089776956392       -0.94710033223455
C           -3.74953610755099        2.19526137777941       -0.94618790769255
C            3.72205926874593        1.24033571583078        0.31590990019878
C            3.58614808375451        2.58724336777736        0.00154085559134
C            4.38075958633266        3.52951578953626        0.63097801153275
C            5.31451577306783        3.13739753930340        1.57582351173601
C            5.46064377201927        1.79487283455427        1.88375608079899
C            4.67152962961442        0.84878262096436        1.25395877226940
H           -0.94124463313633        3.39482870224960        1.75274055275281
H           -4.40437118883871       -1.01174463155565        1.10210413031509
H           -4.14489877523682       -3.31611129008058        1.79987416120483
H           -2.71807166443726       -5.29497931412040        2.16273248265939
H           -0.33530293257914       -5.22659022268831        1.52643017193264
H            0.61612215956494       -3.23419844949533        0.47726239868759
H            4.47082755562274       -0.67461854795983       -1.41129413463360
H            4.20478194394361       -2.49642276166948       -3.01002869075674
H            2.77081994286114       -4.13921689304923       -4.16328789150523
H            0.35243418655942       -4.21338069110857       -3.68434414782673
H           -0.63651733128735       -2.69935282168454       -2.03458651557810
H           -4.27745085128865        1.22974033394927        2.24855521617587
H           -5.61208336489564        3.29850637246778        2.23896910035248
H           -5.74378811322478        4.67499372505722        0.19389763325328
H           -4.55170697474620        3.95830197014873       -1.84546784986513
H           -3.23518024685343        1.88281538437227       -1.84277142086579
H            2.85692015443417        2.89627857679442       -0.73143392209824
H            4.26477628324886        4.57420396501555        0.38158261740152
H            5.92749121333841        3.87630048407676        2.07122473718165
H            6.18916478477081        1.48399126785216        2.61893270713078
H            4.77872670253750       -0.19913011242755        1.49688390871560
58
 energy: -98.233137960725 gnorm: 0.003170348528 xtb: 6.7.1 (edcfbbe)
O            0.47967686186860        3.37792337101198       -0.37979175312502
P           -0.06806059778199        2.18055306094831        0.25367962788601
O           -0.92444781454107        2.45886768268223        1.56828863247999
O           -1.00611798280580        1.35555797829279       -0.73411394334744
C           -1.53404495434213        0.17712240744617       -0.20556295648339
C           -2.87134552612732        0.17835583278834        0.24681632594398
C           -3.37751002401106       -0.98571306024860        0.77225533250465
C           -2.58379255061894       -2.14020859771094        0.91162552682397
C           -3.10139800565584       -3.31715388090656        1.49646585634370
C           -2.30591648268342       -4.40963292033919        1.69430092293399
C           -0.95200705442870       -4.36628436653462        1.32880186331626
C           -0.42299748798519       -3.24758613976234        0.74543812464839
C           -1.22556543499642       -2.11392166011081        0.49429656857234
C           -0.71809900387416       -0.92677533435016       -0.10916554427927
C            0.68213665122612       -0.82559093377087       -0.56778221359366
C            1.49023018575738        0.16595132867803       -0.05022794829986
O            0.96177421494549        1.09613485451694        0.84065734219823
C            2.87295635588955        0.22283851450011       -0.33413925197643
C            3.41164879855874       -0.70752908136585       -1.18585424672859
C            2.60653640862813       -1.66651820647013       -1.83183292447837
C            3.14455017751967       -2.56246224908262       -2.78103936543316
C            2.34430168250953       -3.46330701885133       -3.42517196110407
C            0.96819259040232       -3.50139134346179       -3.15295679067518
C            0.41839897633597       -2.65651216921177       -2.22857742104171
C            1.22045106549072       -1.72816257181587       -1.52985828659695
C           -3.67363658464344        1.41274452362672        0.20206926642389
C           -4.35445279332566        1.82475583161520        1.34611792278363
C           -5.09422030605087        2.99284912673888        1.33977125461083
C           -5.16630187002390        3.76320955103872        0.19087945435557
C           -4.49954445174231        3.35610668971531       -0.95329859196681
C           -3.75762207158074        2.18879546502827       -0.95099526890412
C            3.72260567050693        1.24204303811774        0.31814395763537
C            3.58545718448928        2.59069066054648        0.01084541873179
C            4.38726402284962        3.52942178363615        0.63620249827343
C            5.32897356313706        3.13286884844821        1.57057337063457
C            5.47397366781650        1.78885744117311        1.87473052680658
C            4.67801215747067        0.84655026520547        1.24832958284038
H           -0.94235541536671        3.39624422774658        1.75767347553135
H           -4.40549783337110       -1.01413354618660        1.10381075653160
H           -4.13942956373835       -3.33054665092701        1.79550887046634
H           -2.70739591298088       -5.30553821006965        2.14481582752561
H           -0.32384408205997       -5.22457801368400        1.51557616469504
H            0.62289153629669       -3.22298971954352        0.48107585412347
H            4.47163842186977       -0.68254598353155       -1.39451353431760
H            4.20196868503446       -2.51150536886229       -2.99676536651108
H            2.76124418857969       -4.14169050714394       -4.15483434923638
H            0.34049043322188       -4.20217676388988       -3.68345841770945
H           -0.64337297171847       -2.68467303608932       -2.03563890984438
H           -4.28098626090743        1.23268585330428        2.24719031407986
H           -5.61279660679394        3.30548591728694        2.23499515831773
H           -5.74135485683948        4.67799513000845        0.18672569665833
H           -4.55551666573786        3.95276460328765       -1.85245406436926
H           -3.24637737838006        1.87143592893931       -1.84806019324051
H            2.85027390775048        2.90364451645518       -0.71375710038485
H            4.27215215623231        4.57563926407806        0.39184499896386
H            5.94943150046293        3.86989713302461        2.06061355075156
H            6.20661510404308        1.47433046685782        2.60348131562293
H            4.78216237641973       -0.20319396272160        1.48624904343325
58
 energy: -98.233170263866 gnorm: 0.004004920880 xtb: 6.7.1 (edcfbbe)
O            0.47306700003244        3.38141616760692       -0.38177914985026
P           -0.07382917796461        2.18422165142379        0.25312511427129
O           -0.92925552933063        2.46102995684912        1.56877764438481
O           -1.01135473461853        1.35808215322878       -0.73318990930431
C           -1.53750911902625        0.17894093946289       -0.20353430127859
C           -2.87466595482530        0.17714808193368        0.24824156046342
C           -3.37865988869332       -0.98808747346450        0.77381249484511
C           -2.58289207963382       -2.14116214900301        0.91222796873090
C           -3.09817433653834       -3.32123252963039        1.49312621105669
C           -2.30072421552378       -4.41294015898683        1.68722497857277
C           -0.94621381280527       -4.36556169788498        1.32404806547073
C           -0.41915445693495       -3.24363303386025        0.74537181683338
C           -1.22447302583403       -2.11147376920134        0.49572267480723
C           -0.71898095528715       -0.92310340932500       -0.10695090488615
C            0.68035720294084       -0.82066181623278       -0.56596905121470
C            1.48900547155730        0.17139347991500       -0.04972058245291
O            0.96054734007461        1.10351769465774        0.83848455229565
C            2.87223450132542        0.22457684701889       -0.33131011917830
C            3.41101258445827       -0.70989998955044       -1.17892762234708
C            2.60515944966149       -1.66758401904248       -1.82559638237653
C            3.14206319390709       -2.56640073485947       -2.77289663006441
C            2.33974202074473       -3.46395558643463       -3.41903129160778
C            0.96266290189525       -3.49674713791662       -3.15058463817816
C            0.41419113826219       -2.65014768565128       -2.22708442529899
C            1.21834274245528       -1.72478001520730       -1.52673024876900
C           -3.67839865086707        1.41061258794455        0.20142246361442
C           -4.35762922379679        1.82580028601122        1.34512224950597
C           -5.09577716161434        2.99501237807687        1.33704176060458
C           -5.16756085307870        3.76307764729492        0.18669067553001
C           -4.50318084107728        3.35214994910462       -0.95763271545412
C           -3.76317690724940        2.18378573634484       -0.95362773885998
C            3.72381732432427        1.24282069480466        0.31970656147893
C            3.58489308963198        2.59249355737049        0.01762573564806
C            4.39183387092673        3.52872852834630        0.64022642283435
C            5.33988908668355        3.12893510571416        1.56692152823184
C            5.48526068524890        1.78411555307482        1.86741727819767
C            4.68461285110585        0.84436955158524        1.24340231999236
H           -0.94322501070676        3.39788042825636        1.76127335337182
H           -4.40683294355429       -1.01766471050623        1.10475390038413
H           -4.13630043148579       -3.33850776071708        1.79168121218194
H           -2.70067212534594       -5.31182211797790        2.13322619324154
H           -0.31627387803717       -5.22301154414916        1.50868148575722
H            0.62714011576463       -3.21528873018564        0.48302451121656
H            4.47182813514696       -0.68791362271747       -1.38381572489344
H            4.20019206900066       -2.52033795500622       -2.98625446597733
H            2.75561152435583       -4.14401695208552       -4.14777915950748
H            0.33326927551273       -4.19451558844081       -3.68303020141453
H           -0.64811716194289       -2.67404773681745       -2.03639792380429
H           -4.28390100897776        1.23515307968931        2.24712013476544
H           -5.61327415653797        3.31008705854265        2.23202348502294
H           -5.74036661764787        4.67928317063337        0.18114142958079
H           -4.55921590123033        3.94735482810532       -1.85775589491005
H           -3.25341206391098        1.86342506862766       -1.85050024975674
H            2.84492201477598        2.90824932335946       -0.70099614782470
H            4.27650053658412        4.57578001035088        0.39943607626535
H            5.96486870116274        3.86417008648837        2.05392599799111
H            6.22182527860324        1.46709155301405        2.59116632441149
H            4.78835211813436       -0.20620522988102        1.47790129745025
58
 energy: -98.233228404453 gnorm: 0.003501080474 xtb: 6.7.1 (edcfbbe)
O            0.46067143025784        3.38895289417527       -0.38423518956639
P           -0.08356045105099        2.19125497310336        0.25202284450190
O           -0.93786520374234        2.46515854842889        1.56889119259941
O           -1.02077491715710        1.36279793445835       -0.73153141230154
C           -1.54367785618778        0.18215013341943       -0.20056978957649
C           -2.88111732821559        0.17509381505112        0.25016459500276
C           -3.38128457427895       -0.99218462275258        0.77543367825962
C           -2.58159678211895       -2.14286667610467        0.91226161981408
C           -3.09325322844840       -3.32721487841264        1.48730706363878
C           -2.29251420258170       -4.41773923159861        1.67627824772610
C           -0.93720465506857       -4.36387250220620        1.31670229672025
C           -0.41339519290633       -3.23707489624976        0.74492416917417
C           -1.22300116688638       -2.10743739747979        0.49746811189148
C           -0.72157555695790       -0.91666391296631       -0.10351637460819
C            0.67761126047840       -0.81171749513105       -0.56334764879374
C            1.48650738545634        0.18050612004972       -0.04829922281065
O            0.95833108109528        1.11656927167797        0.83568774594532
C            2.87095437973441        0.22757371628511       -0.32564863793155
C            3.40957076724316       -0.71317391868980       -1.16702534006377
C            2.60243703216503       -1.66856957421026       -1.81534787344881
C            3.13805157642062       -2.57210782006934       -2.75881020745189
C            2.33292040977994       -3.46506011951430       -3.40822714971632
C            0.95431428912168       -3.48875810614173       -3.14660091768958
C            0.40735860031266       -2.63894652755719       -2.22511553784825
C            1.21446749522698       -1.71837201589230       -1.52188519999011
C           -3.68707673109929        1.40673744764501        0.20088360533533
C           -4.36398231156853        1.82692209200569        1.34375439970803
C           -5.09933828320561        2.99799033295857        1.33226828222914
C           -5.17104301640957        3.76208102530306        0.17911392080403
C           -4.50992825589602        3.34508242949855       -0.96484543170708
C           -3.77240324394899        2.17513034342558       -0.95724591081274
C            3.72682359099627        1.24338638878949        0.32279389325463
C            3.58386971774242        2.59473035525278        0.03027802847403
C            4.39982691369140        3.52680434786609        0.64773267478753
C            5.35968650982048        3.12142565193905        1.56041795444002
C            5.50718881889518        1.77527520859051        1.85313558578030
C            4.69857207788894        0.83962430594192        1.23349676562558
H           -0.94452808548818        3.40107058386703        1.76792371406030
H           -4.40960435857544       -1.02558778972615        1.10577625718306
H           -4.13184033177875       -3.34943717944677        1.78446215143197
H           -2.69042928669381       -5.32066524492181        2.11569765868331
H           -0.30442502401846       -5.21993710311656        1.49846714977935
H            0.63357761803077       -3.20275236064022        0.48561526356113
H            4.47158044313760       -0.69675749044756       -1.36673691811597
H            4.19756442236910       -2.53305266959326       -2.96713931139634
H            2.74782846966579       -4.14840180281807       -4.13447281324720
H            0.32284337663225       -4.18188797544993       -3.68257196595944
H           -0.65594656950166       -2.65571296066087       -2.03845001335078
H           -4.29006624207494        1.23960087173929        2.24784698563066
H           -5.61471244194965        3.31749431083078        2.22671545331072
H           -5.74042900376344        4.68022455973014        0.17107128360173
H           -4.56671037516850        3.93662104217698       -1.86723522027498
H           -3.26466413715863        1.85002433304672       -1.85340911658689
H            2.83494531044644        2.91525769355549       -0.67753359781673
H            4.28271889053242        4.57510979402282        0.41353647662502
H            5.99157646153895        3.85330801469547        2.04299274033945
H            6.25202782196823        1.45402103382951        2.56703752985439
H            4.80412266345208       -0.21202730146113        1.46164146109276
58
 energy: -98.233291696946 gnorm: 0.002863762414 xtb: 6.7.1 (edcfbbe)
O            0.44307968855784        3.40086118055528       -0.38630971464490
P           -0.09633245785421        2.20158072292646        0.25070891648975
O           -0.94989613424118        2.47155408031300        1.56854762304330
O           -1.03371047977248        1.36964426800492       -0.72885882463294
C           -1.55204243599421        0.18691000850157       -0.19683851595740
C           -2.89035670088411        0.17264672771888        0.25242193479071
C           -3.38527279634572       -0.99749941678336        0.77622410824128
C           -2.58008108301325       -2.14512029414447        0.91103078612588
C           -3.08735305923497       -3.33459189126351        1.47862613703323
C           -2.28214808360137       -4.42319970949716        1.66245583452713
C           -0.92588905520245       -4.36070305824617        1.30794171145446
C           -0.40615077230376       -3.22802143983250        0.74438479930151
C           -1.22113363362092       -2.10185629803748        0.49919845672258
C           -0.72569612126712       -0.90750100746718       -0.09917126270801
C            0.67398222685590       -0.79895149604719       -0.55993468408253
C            1.48294232668373        0.19276064271305       -0.04560302238926
O            0.95532725419529        1.13445144222243        0.83295625666612
C            2.86941789082923        0.23145841456576       -0.31680887412522
C            3.40724029588839       -0.71698664822061       -1.15056273550132
C            2.59837571769171       -1.66919154288021       -1.80157092547707
C            3.13292151397386       -2.57920158522871       -2.73909806402197
C            2.32460872204790       -3.46670461857821       -3.39264726618370
C            0.94396957058385       -3.47768519583706       -3.14106400328742
C            0.39822884576013       -2.62299836986845       -2.22327030842841
C            1.20879037840554       -1.70890783852393       -1.51577873018105
C           -3.69958880467144        1.40155354020681        0.20033047165840
C           -4.37363465672077        1.82823879454280        1.34204427928421
C           -5.10568654276245        3.00142166474128        1.32553750525245
C           -5.17820695018492        3.75969512499831        0.16827233730145
C           -4.52136535098310        3.33467285750060       -0.97498735936664
C           -3.78604309005230        2.16318973998135       -0.96197585057766
C            3.73208183895937        1.24314094222332        0.32797994442890
C            3.58224312358265        2.59697850663046        0.05042535854709
C            4.41060005955114        3.52359581913543        0.66008277355171
C            5.38832399775609        3.11048232951437        1.55118096103593
C            5.54125985297389        1.76214431600867        1.83018395138527
C            4.72159914229392        0.83174457435567        1.21720151330166
H           -0.94537396892791        3.40571174812883        1.77805390244148
H           -4.41374673740263       -1.03767656751061        1.10564076472523
H           -4.12684451825734       -3.36254426175765        1.77282496208249
H           -2.67779144880474       -5.33082359584685        2.09389902213869
H           -0.28942652748089       -5.21476919552383        1.48684282790998
H            0.64169651946287       -3.18621012224108        0.48914436789934
H            4.47063812717164       -0.70869868275197       -1.34405281664104
H            4.19441120455575       -2.54893576961313       -2.93956049375719
H            2.73897695502821       -4.15511550485084       -4.11439409747833
H            0.31032214796857       -4.16498509090507       -3.68192927843804
H           -0.66651096032131       -2.62990801803259       -2.04297667594168
H           -4.29949740866468        1.24611572789040        2.24940619366322
H           -5.61779674308528        3.32736500467648        2.21932547870204
H           -5.74396879631954        4.67978755319814        0.15683990935000
H           -4.57967200612188        3.92028404518655       -1.88101458297421
H           -3.28090395152854        1.83185059033329       -1.85710964239761
H            2.81989077113290        2.92397721312414       -0.64092397041076
H            4.28920698613377        4.57364910526805        0.43624408460814
H            6.02953674085147        3.83776027920143        2.02775833797760
H            6.29978834564126        1.43496428717213        2.52780783591481
H            4.83266103128898       -0.22140403194953        1.43491835184920
58
 energy: -98.233326706171 gnorm: 0.002804873103 xtb: 6.7.1 (edcfbbe)
O            0.43279066695923        3.40913423705513       -0.38592077238589
P           -0.10295831087015        2.20813749738768        0.25054898798829
O           -0.95684587528942        2.47603633211668        1.56836950831998
O           -1.04093202573081        1.37413904063653       -0.72663920006973
C           -1.55665178549435        0.19027621622367       -0.19478119715070
C           -2.89584199278042        0.17186091119230        0.25338367555424
C           -3.38785854642663       -1.00002490726629        0.77525071014475
C           -2.57957189326759       -2.14608853911060        0.90902797306527
C           -3.08490275004591       -3.33796771812448        1.47265537503487
C           -2.27719418648236       -4.42517167069891        1.65518644134106
C           -0.92047632434482       -4.35797320109906        1.30391563137731
C           -0.40267882596402       -3.22261924610022        0.74405740783289
C           -1.22027027327386       -2.09841162102351        0.49951290912292
C           -0.72828166261035       -0.90173056787518       -0.09694013371849
C            0.67199090578636       -0.79110698727708       -0.55789567381446
C            1.48102639279135        0.19976660356282       -0.04333118953029
O            0.95368575886722        1.14451743500202        0.83245019626400
C            2.86892882025056        0.23355774515342       -0.31067777011658
C            3.40567140699009       -0.71866723323965       -1.14079187651497
C            2.59585725044265       -1.66895992031959       -1.79360918085241
C            3.13035617145240       -2.58277212517272       -2.72714026868075
C            2.32078847849599       -3.46786556859341       -3.38263857328294
C            0.93910035291820       -3.47131597905070       -3.13749833974340
C            0.39334610393178       -2.61330968528246       -2.22274282267844
C            1.20536200513190       -1.70287761391819       -1.51250744986564
C           -3.70739354011028        1.39894531338266        0.19990259276766
C           -4.37990563864157        1.82912044601514        1.34102284476065
C           -5.11116596997328        3.00273935928343        1.32130569487513
C           -5.18556292832842        3.75703965463490        0.16138068216402
C           -4.53115076058845        3.32768390225375       -0.98141873302218
C           -3.79561955180180        2.15623904653977       -0.96491393244138
C            3.73644470446977        1.24206483889093        0.33187428618522
C            3.58108599495616        2.59762014479383        0.06571302985259
C            4.41663041321662        3.52120129105401        0.67011001249449
C            5.40704016956602        3.10335189809995        1.54503286782670
C            5.56547990829222        1.75341087230554        1.81269613857859
C            4.73887463349511        0.82595364981004        1.20460208782687
H           -0.94424920374261        3.40848692940387        1.78559972147616
H           -4.41641658083855       -1.04501418274149        1.10388425807577
H           -4.12509162867629       -3.36858057632392        1.76427626148224
H           -2.67174200368701       -5.33464333687479        2.08338655998271
H           -0.28201567440892       -5.21069570092455        1.48230448657275
H            0.64561867536610       -3.17727517712979        0.49124244517527
H            4.46960140604600       -0.71529774893878       -1.33139594105531
H            4.19291668929311       -2.55701940153517       -2.92246299453454
H            2.73537989890350       -4.15978282973379       -4.10084536315479
H            0.30473453556161       -4.15573002739107       -3.68112354351182
H           -0.67221788429195       -2.61449317279944       -2.04705214261645
H           -4.30516046058774        1.25052650641043        2.25055259521299
H           -5.62123409287631        3.33253192970024        2.21476363731543
H           -5.75059578184263        4.67742082055938        0.14798656491436
H           -4.59123935328568        3.90902084271889       -1.89001438333834
H           -3.29189974956678        1.82153888433675       -1.85947924551496
H            2.80963232991710        2.92839675735098       -0.61381648777895
H            4.29086623964846        4.57240227901699        0.45429666562344
H            6.05373250591811        3.82793619209956        2.01793786290555
H            6.33433077706016        1.42255149784670        2.49751300828664
H            4.85585206030165       -0.22821433619283        1.41389409477339
58
 energy: -98.233363815164 gnorm: 0.002599346144 xtb: 6.7.1 (edcfbbe)
O            0.42802682211000        3.41516206108306       -0.38297209997888
P           -0.10493844704262        2.21220129084573        0.25170616228069
O           -0.96000976778667        2.47935880171523        1.56878325470136
O           -1.04389552419965        1.37743847957139       -0.72440509088084
C           -1.55848867657122        0.19307041727349       -0.19390177400936
C           -2.89859397732699        0.17266567872635        0.25317744997374
C           -3.38958614825701       -1.00018557997512        0.77255679039172
C           -2.58001729933530       -2.14578141752581        0.90615136075537
C           -3.08526303141286       -3.33804652849953        1.46843970485680
C           -2.27645427175584       -4.42417688262487        1.65283463507710
C           -0.91958762177807       -4.35518288185233        1.30356715633239
C           -0.40213064828935       -3.21955061695511        0.74390380028306
C           -1.22030407133008       -2.09620448352511        0.49861822344774
C           -0.72970033521510       -0.89809390221731       -0.09630529781623
C            0.67121432149087       -0.78664379005855       -0.55676302154414
C            1.48043888663233        0.20314623053358       -0.04126105262075
O            0.95298511226432        1.14881845598160        0.83381320408011
C            2.86932558651861        0.23453289389578       -0.30640926105424
C            3.40478664081318       -0.71878869004516       -1.13570598924973
C            2.59459395187499       -1.66809492869268       -1.78963289985301
C            3.12989612990251       -2.58392461656970       -2.72038839088353
C            2.32046926668266       -3.46892793208597       -3.37615850628962
C            0.93837380099676       -3.46847706986774       -3.13505228764028
C            0.39167718079353       -2.60813821025711       -2.22298187622246
C            1.20367445834347       -1.69923892483841       -1.51115316180206
C           -3.71197360807908        1.39848400675941        0.19930014764006
C           -4.38385097695540        1.82986133681426        1.34032049465400
C           -5.11692830269066        3.00222338449725        1.31862669219398
C           -5.19477843501006        3.75352681902613        0.15690896857272
C           -4.54144302157419        3.32263953019288       -0.98567793710736
C           -3.80317335348952        2.15285676890741       -0.96697784442827
C            3.74055615562857        1.24032157289633        0.33487300475893
C            3.57985149677508        2.59724360908876        0.07902365484185
C            4.41949796789776        3.51927579889257        0.67960613268699
C            5.41969520978029        3.09855654249060        1.54106271748774
C            5.58469018755290        1.74723084921873        1.79737231513012
C            4.75367761531015        0.82129487724376        1.19303173852268
H           -0.94046121499990        3.40988385986583        1.79268365741389
H           -4.41824467263966       -1.04840344982890        1.10030965879092
H           -4.12608674797358       -3.36920812727025        1.75748426356494
H           -2.67087864493193       -5.33360611717947        2.08094851328320
H           -0.28036687087415       -5.20704987444187        1.48324060739012
H            0.64635297910399       -3.17367258985908        0.49236328937691
H            4.46868858167551       -0.71806472002649       -1.32574610156876
H            4.19290306492934       -2.55966078748087       -2.91252330122662
H            2.73583519003759       -4.16332554616186       -4.09141617731401
H            0.30431218689260       -4.15217518564360       -3.67984656251875
H           -0.67431512502612       -2.60652170468614       -2.05082077836736
H           -4.30759110941024        1.25376795355943        2.25128739923755
H           -5.62591367224556        3.33382487280065        2.21201241650090
H           -5.76188221917532        4.67258301505057        0.14247820072439
H           -4.60410408179871        3.90067982838807       -1.89616338307298
H           -3.29990134852686        1.81699502432186       -1.86130974942855
H            2.80124570391507        2.93023105747449       -0.59057481977142
H            4.28848366714715        4.57135491370701        0.47149430653167
H            6.06971520519005        3.82161626515389        2.01154073736558
H            6.36257918858901        1.41395736986035        2.47031622338006
H            4.87731666705395       -0.23365900756732        1.39431048222069
58
 energy: -98.233407453173 gnorm: 0.002748762203 xtb: 6.7.1 (edcfbbe)
O            0.42568181419365        3.42124793757448       -0.37676191800263
P           -0.10506210853468        2.21581446873068        0.25487026511581
O           -0.96188301609673        2.48253840072119        1.57097180468002
O           -1.04512708688540        1.38156931471349       -0.72121195441524
C           -1.55925404288535        0.19670901888971       -0.19338162649335
C           -2.90033172491164        0.17501541555213        0.25195130657025
C           -3.39142768697217       -0.99861617562308        0.76809862389782
C           -2.58144193711258       -2.14415134312031        0.90222299854567
C           -3.08748872592666       -3.33613837756962        1.46423383934140
C           -2.27806127496818       -4.42110770006841        1.65246882092499
C           -0.92097010206130       -4.35138609851692        1.30517860672385
C           -0.40307792776950       -3.21649276598892        0.74394913309041
C           -1.22107948391918       -2.09364653915324        0.49687310947825
C           -0.73050533012177       -0.89446655722139       -0.09651416940257
C            0.67073349492151       -0.78298718138895       -0.55573531601722
C            1.48044500799843        0.20570513042155       -0.03901600320686
O            0.95219059584487        1.15055303471307        0.83659572144793
C            2.87011369981833        0.23566830163390       -0.30248070304424
C            3.40438868267086       -0.71805154296043       -1.13186083758518
C            2.59419570276491       -1.66686143070624       -1.78646515959502
C            3.13094482128363       -2.58447748600958       -2.71447021580893
C            2.32217272403336       -3.47045292990603       -3.36962619824364
C            0.93967638905872       -3.46729749437942       -3.13207513235636
C            0.39147002314474       -2.60451309279157       -2.22312748496909
C            1.20286753375887       -1.69623798912969       -1.51013568107083
C           -3.71597287338288        1.39954351189602        0.19763229501753
C           -4.38752606468249        1.83104237603842        1.33893731797407
C           -5.12538802773561        3.00030261897205        1.31553576002486
C           -5.20904541451265        3.74808470491287        0.15196634141114
C           -4.55611588358823        3.31708247959092       -0.99070110328398
C           -3.81236610402332        2.15076231280358       -0.97014428677275
C            3.74496613355601        1.23844549139231        0.33814095797722
C            3.57645324015707        2.59734244885765        0.09682371598434
C            4.42066711595693        3.51756373606850        0.69343687745533
C            5.43470114556758        3.09310481063859        1.53633507421207
C            5.60872919589391        1.73986966084223        1.77706331933118
C            4.77237781725865        0.81585828162150        1.17694390737986
H           -0.93262559381446        3.41032215068512        1.80380799517932
H           -4.42041896069880       -1.04885287046262        1.09428743839957
H           -4.12896846237433       -3.36749481952394        1.75042331255224
H           -2.67263874094855       -5.32986495185771        2.08198865494627
H           -0.28134814644648       -5.20237220406954        1.48743478465985
H            0.64560478846186       -3.17144560300659        0.49350107933446
H            4.46823045630208       -0.71908693323457       -1.32169596133173
H            4.19426055016518       -2.56101668872870       -2.90409992234496
H            2.73856861886598       -4.16734017721822       -4.08177584397906
H            0.30618993963785       -4.15130340024944       -3.67717230731421
H           -0.67492873938618       -2.60111921744424       -2.05465406543481
H           -4.30795767576855        1.25734526209981        2.25117248295295
H           -5.63385735054893        3.33262235543670        2.20905052056487
H           -5.78105897509187        4.66421893983106        0.13656356208873
H           -4.62288896324510        3.89186222937697       -1.90299141498911
H           -3.30888614267072        1.81481865705724       -1.86443585207982
H            2.78869702047624        2.93312691191908       -0.55992699299597
H            4.28262729437219        4.57087605855159        0.49602760899675
H            6.08867472563996        3.81452174758217        2.00419123728985
H            6.39804304592332        1.40351890181344        2.43448064150240
H            4.90403098955825       -0.24027510050876        1.36730103548705
58
 energy: -98.233448909968 gnorm: 0.002681277651 xtb: 6.7.1 (edcfbbe)
O            0.42645735685609        3.42555416634202       -0.36866131740383
P           -0.10372772853790        2.21804090877401        0.25960979427728
O           -0.96196994410767        2.48425205675215        1.57516062056416
O           -1.04441612067509        1.38589911186756       -0.71787491155333
C           -1.55886179031462        0.20037873192826       -0.19329566814667
C           -2.90061738034982        0.17839856748379        0.24978643047483
C           -3.39306820861991       -0.99559744354164        0.76328375238243
C           -2.58359387273776       -2.14128931937875        0.89861334004567
C           -3.09084567371085       -3.33250830784169        1.46142457528070
C           -2.28147334682139       -4.41668759707202        1.65380028607820
C           -0.92407492214194       -4.34746365763188        1.30792290862624
C           -0.40531346026780       -3.21391747616423        0.74424122899506
C           -1.22258882333650       -2.09107057565428        0.49494584630637
C           -0.73048226754880       -0.89163600107837       -0.09738471776012
C            0.67072982141061       -0.78096688264162       -0.55511167250837
C            1.48104889107232        0.20714705494382       -0.03740593877683
O            0.95132449547485        1.14949916579316        0.83991782719237
C            2.87102363835962        0.23700331840233       -0.30007410334400
C            3.40476174859588       -0.71669948457089       -1.13005215755618
C            2.59494697260385       -1.66561436648503       -1.78461891931761
C            3.13311057502376       -2.58442208711369       -2.71075371127951
C            2.32521226421812       -3.47199106460046       -3.36468546060934
C            0.94244001723656       -3.46829819928469       -3.12886003618221
C            0.39286195643008       -2.60367459432837       -2.22240984225589
C            1.20335756166445       -1.69467974780766       -1.50936285803332
C           -3.71837460162489        1.40186132566742        0.19493645674958
C           -4.39000419006673        1.83226376190873        1.33676867903299
C           -5.13465867482975        2.99720412080350        1.31240301758173
C           -5.22520958530935        3.74166922607987        0.14730981214441
C           -4.57140985793897        3.31232167489788       -0.99555285894244
C           -3.82057480492222        2.15056594103723       -0.97393886766071
C            3.74850989264938        1.23741212445318        0.34031431825804
C            3.57173306435258        2.59829929688300        0.11482469778050
C            4.42040789354204        3.51629337458503        0.70839489186858
C            5.44849741526341        3.08789174189203        1.53204654683752
C            5.63140349705031        1.73290428691143        1.75656985812215
C            4.78995414601302        0.81125818109927        1.15979838774729
H           -0.92190098254414        3.40909556301126        1.81745379068604
H           -4.42267604517077       -1.04558678053765        1.08743522580119
H           -4.13276454528352       -3.36379962880160        1.74564877398695
H           -2.67630405956612       -5.32449414192288        2.08546871470292
H           -0.28446537097270       -5.19781388518997        1.49308164117630
H            0.64358363423352       -3.17043700488806        0.49454536680080
H            4.46855567361145       -0.71774845149496       -1.32003948282816
H            4.19653067427565       -2.56108067642718       -2.89949526291588
H            2.74244602725571       -4.17056243872825       -4.07468090347683
H            0.30951195431838       -4.15348433806940       -3.67321655292931
H           -0.67379379161630       -2.60014506671482       -2.05621669433286
H           -4.30562614953900        1.26038980857535        2.24979744582429
H           -5.64347853001735        3.32865655424981        2.20617599775657
H           -5.80381858256813        4.65385848480808        0.13100122750378
H           -4.64320599926009        3.88478495546160       -1.90899739727131
H           -3.31617357915328        1.81574576928339       -1.86831555503431
H            2.77421069582135        2.93743412797679       -0.52812802205768
H            4.27512016538577        4.57100354811932        0.52325143072015
H            6.10671330013718        3.80759138607580        1.99713761874796
H            6.43232415268332        1.39319943305622        2.39787140651057
H            4.92869540421473       -0.24620855105356        1.33819099541378
58
 energy: -98.233488008970 gnorm: 0.002467679492 xtb: 6.7.1 (edcfbbe)
O            0.42918988702799        3.42876992619489       -0.35903980645207
P           -0.10190207707173        2.21963313738706        0.26575485750962
O           -0.96104975354892        2.48468645416132        1.58129763629264
O           -1.04256794912661        1.39103696685480       -0.71442603443321
C           -1.55783650561750        0.20442941587519       -0.19345941912584
C           -2.90007950171690        0.18280687289704        0.24663823751515
C           -3.39486513727237       -0.99122004957654        0.75819768467798
C           -2.58642548708031       -2.13700505154112        0.89542771656129
C           -3.09505163564609       -3.32716147826281        1.45962073127127
C           -2.28628648223634       -4.41094615761540        1.65590690631550
C           -0.92843464595827       -4.34301486746616        1.31122003226159
C           -0.40857472149154       -3.21102394285154        0.74510756886907
C           -1.22478518634458       -2.08782336424719        0.49328888523411
C           -0.73000553095065       -0.88884930626117       -0.09836317733409
C            0.67121178049505       -0.77965269404239       -0.55447260819092
C            1.48210862365857        0.20833455052357       -0.03599711932450
O            0.95035080469344        1.14728988175538        0.84364754479281
C            2.87199692641033        0.23896129745769       -0.29846499914676
C            3.40567409983241       -0.71463633455434       -1.12927318941792
C            2.59653925444832       -1.66419827066932       -1.78306894950229
C            3.13586719690179       -2.58390679655125       -2.70794590180297
C            2.32896381135339       -3.47340246492353       -3.36031784642200
C            0.94600955881771       -3.47072591888445       -3.12472505880903
C            0.39537292510080       -2.60471675761929       -2.22019464569415
C            1.20482740821707       -1.69388325543569       -1.50810640001965
C           -3.72003097320170        1.40511178708875        0.19104094242595
C           -4.39215181530055        1.83337674505879        1.33346170211897
C           -5.14574905485168        2.99259831935678        1.30843395348806
C           -5.24456612439563        3.73343325805148        0.14180276954960
C           -4.58844507696019        3.30734243458037       -1.00112721749744
C           -3.82852271275312        2.15151297402398       -0.97873689584072
C            3.75183428975968        1.23726211399173        0.34162290998320
C            3.56534551776073        2.60025912920600        0.13559169779769
C            4.41930406985436        3.51501503854892        0.72659199989372
C            5.46355064743217        3.08176181222951        1.52747746962945
C            5.65631823789262        1.72497551477803        1.73275481143254
C            4.80895920546798        0.80674269452328        1.13912070116017
H           -0.90762150682936        3.40598737165458        1.83469739875062
H           -4.42542637039199       -1.03922297101375        1.07964913036033
H           -4.13727635285807       -3.35810232509350        1.74262974604838
H           -2.68151859732434       -5.31770359078913        2.08975095469385
H           -0.28919284027922       -5.19300060588983        1.49923439418096
H            0.64059137879848       -3.16921876907633        0.49615309228996
H            4.46945773660482       -0.71445501283107       -1.31958032403695
H            4.19927334688157       -2.56030074829131       -2.89696773396890
H            2.74683300642640       -4.17298520141958       -4.06898911207015
H            0.31361946727800       -4.15770309728856       -3.66753551015966
H           -0.67140471889171       -2.60224371388214       -2.05479411828442
H           -4.30141337637400        1.26327246440033        2.24707025307719
H           -5.65571898811462        3.32177466954195        2.20248435951507
H           -5.83161845119537        4.64037466307830        0.12420768209718
H           -4.66639237025602        3.87800812939818       -1.91527112724225
H           -3.32220937771158        1.81901067855526       -1.87305101434900
H            2.75705049873427        2.94384456013703       -0.49130856058173
H            4.26619441402470        4.57130361351132        0.55659504642058
H            6.12656447194475        3.79919815513069        1.98953401439379
H            6.46958887009298        1.38123184779323        2.35611015456488
H            4.95452588604128       -0.25224373156865        1.30309378433409
58
 energy: -98.233511844048 gnorm: 0.002081286910 xtb: 6.7.1 (edcfbbe)
O            0.43283717290401        3.42978198653538       -0.35202734224912
P           -0.10006618069304        2.22012933438611        0.27063370014948
O           -0.95935253677677        2.48362370545037        1.58658713973120
O           -1.04005852767187        1.39501955185512       -0.71240450184342
C           -1.55637819020556        0.20739625835534       -0.19382082497698
C           -2.89884670860684        0.18677206660646        0.24371023390380
C           -3.39603543418813       -0.98685253373935        0.75477891436173
C           -2.58874704311617       -2.13266735599822        0.89402904143168
C           -3.09865655477764       -3.32173313507853        1.45959345637901
C           -2.29101202599767       -4.40580069355411        1.65812315101933
C           -0.93273358425497       -4.33959561852846        1.31404201492941
C           -0.41170473900787       -3.20881369398504        0.74669025854981
C           -1.22667092056402       -2.08491553228471        0.49294831156905
C           -0.72920932973250       -0.88696899849269       -0.09869709231102
C            0.67229685580921       -0.77938090700377       -0.55382069469630
C            1.48349184886136        0.20886722083607       -0.03511379053327
O            0.95019809958326        1.14529347613020        0.84635088100918
C            2.87299638329455        0.24076801255878       -0.29818956809028
C            3.40674517403771       -0.71243743824500       -1.13010031759086
C            2.59820610909805       -1.66291557252999       -1.78259270272327
C            3.13794461433540       -2.58270598411033       -2.70741160375292
C            2.33186261644029       -3.47389637924238       -3.35831605952024
C            0.94901283545295       -3.47357432085898       -3.12100985913064
C            0.39803878082947       -2.60726023633386       -2.21699976869360
C            1.20664419669729       -1.69402640031997       -1.50668347392196
C           -3.72035200271460        1.40811692524926        0.18744669377345
C           -4.39360825431921        1.83371662578429        1.33015952114872
C           -5.15519778314790        2.98770638189705        1.30485310876138
C           -5.26052431730553        3.72595101202526        0.13725012257739
C           -4.60109900772799        3.30380484281136       -1.00540760712901
C           -3.83308281254694        2.15333092358896       -0.98264033013426
C            3.75446714867207        1.23773905914700        0.34138008359412
C            3.56034480853244        2.60199308993138        0.15184618283865
C            4.41814403840750        3.51379692835070        0.74188157069319
C            5.47413661921063        3.07684699506967        1.52481009465576
C            5.67440283762487        1.71893535255237        1.71408626035305
C            4.82283013748200        0.80381188071417        1.12207416519861
H           -0.89485155481643        3.40178875558344        1.84870947295359
H           -4.42748853314703       -1.03225980771483        1.07385105170846
H           -4.14101757712424       -3.35170342497569        1.74237492508795
H           -2.68695226478628       -5.31165458151353        2.09326318756210
H           -0.29430664584193       -5.18979674326796        1.50373876997505
H            0.63768507100209       -3.16818759265878        0.49830760737225
H            4.47039158369493       -0.71025461065954       -1.32142840904148
H            4.20117277736265       -2.55815328428342       -2.89780299784728
H            2.74997350888065       -4.17331799371795       -4.06705783680199
H            0.31706899839782       -4.16241658492553       -3.66198157142030
H           -0.66860406923536       -2.60677239912935       -2.05030174349296
H           -4.29760271105856        1.26480208785676        2.24397615721067
H           -5.66680731739339        3.31395865930368        2.19903323052462
H           -5.85506669372514        4.62797908449684        0.11835779566971
H           -4.68393153470775        3.87373381567024       -1.91958631164969
H           -3.32431113548822        1.82374314838827       -1.87667371345150
H            2.74366532169432        2.94942495397531       -0.46173783884688
H            4.25883136716380        4.57121614152991        0.58521378207612
H            6.14056604045512        3.79231542657135        1.98481333173238
H            6.49686732716525        1.37198203181450        2.32333256262360
H            4.97345371779057       -0.25628391177441        1.27355917852529
58
 energy: -98.233525045327 gnorm: 0.001547587641 xtb: 6.7.1 (edcfbbe)
O            0.43387645267518        3.43023292612491       -0.34962283597123
P           -0.10016632895568        2.22077483898045        0.27265116265606
O           -0.95917445976636        2.48239506435560        1.58909663722047
O           -1.03918415522254        1.39741938600855       -0.71193186387567
C           -1.55588651488688        0.20913744091901       -0.19378658781137
C           -2.89844203811439        0.18900226961815        0.24232150789072
C           -3.39662424209015       -0.98428227249675        0.75390220218707
C           -2.58964773850178       -2.12983272643162        0.89446167264857
C           -3.10010974434790       -3.31864096825575        1.46012070583132
C           -2.29322540355160       -4.40320856727051        1.65851363812237
C           -0.93459791070772       -4.33764313246850        1.31501133632973
C           -0.41291094898150       -3.20686162099119        0.74860206679887
C           -1.22732482386771       -2.08254875855399        0.49417308690006
C           -0.72877805508659       -0.88529574360011       -0.09774147281431
C            0.67311831524029       -0.77852069238314       -0.55276962400047
C            1.48437098090193        0.21009598401397       -0.03447631641898
O            0.95067858809037        1.14624559738262        0.84710328141071
C            2.87361893858876        0.24240973391673       -0.29812074271089
C            3.40717402239856       -0.71087038757976       -1.13050697539093
C            2.59876076374135       -1.66192739580497       -1.78187863131289
C            3.13817745893926       -2.58175258621055       -2.70696510132393
C            2.33223673222081       -3.47355007489274       -3.35709562785691
C            0.94952834172666       -3.47459026318629       -3.11804213231547
C            0.39890773143996       -2.60838101896316       -2.21377503122915
C            1.20738002601828       -1.69371467317692       -1.50490122705875
C           -3.72103211021926        1.40949181939382        0.18515591906311
C           -4.39570801625443        1.83343639199393        1.32756606397745
C           -5.16184677474939        2.98431909902921        1.30159011299161
C           -5.27007749995957        3.72102563647328        0.13334758171582
C           -4.60785261684353        3.30132531060725       -1.00866062079535
C           -3.83518492794688        2.15402071040825       -0.98518322436561
C            3.75648828101541        1.23837500997211        0.34084804336110
C            3.55748845053292        2.60331059323112        0.16285142060231
C            4.41808455141413        3.51275103725297        0.75272399380582
C            5.48177619381403        3.07298036100759        1.52357254227509
C            5.68668460363817        1.71430916322313        1.70177913490761
C            4.83217642902079        0.80167957447803        1.11044727719186
H           -0.88744253646152        3.39838837839807        1.85676785990447
H           -4.42856478458649       -1.02844833976634        1.07160280984917
H           -4.14254869755732       -3.34793454175750        1.74297825491947
H           -2.68978419141409       -5.30899775922253        2.09307519274844
H           -0.29680108974975       -5.18830465800534        1.50465558284380
H            0.63668182950853       -3.16604527183635        0.50099221657319
H            4.47071149838520       -0.70775909226182       -1.32264262605818
H            4.20129876636856       -2.55671655375655       -2.89837473886467
H            2.75017812314511       -4.17253201010024       -4.06641876501161
H            0.31765604130186       -4.16433025833642       -3.65789961339687
H           -0.66755354036315       -2.60899842787832       -2.04532894719958
H           -4.29734313710601        1.26538592384614        2.24160536288195
H           -5.67491717089837        3.30874206351534        2.19553921160348
H           -5.86886956272551        4.62004185983791        0.11313399803347
H           -4.69285546686000        3.87088999557135       -1.92282073524552
H           -3.32433713363546        1.82632043185460       -1.87867448404300
H            2.73574665568041        2.95361276020247       -0.44200864568392
H            4.25512376189408        4.57079734944429        0.60513471822293
H            6.15041757688292        3.78679407572512        1.98266921597487
H            6.51463108882002        1.36502554143286        2.30219872984561
H            4.98581941820874       -0.25904853293241        1.25343402926724
58
 energy: -98.233538147889 gnorm: 0.001394014030 xtb: 6.7.1 (edcfbbe)
O            0.43351727995409        3.43018257515455       -0.35022089556481
P           -0.10152729639254        2.22155388587323        0.27293814092717
O           -0.96012236349346        2.47973084700864        1.58997149904765
O           -1.03858194238238        1.39916380618168       -0.71293229591256
C           -1.55545703465130        0.21052812033459       -0.19333628465271
C           -2.89801982490359        0.19108547030237        0.24188479228509
C           -3.39648320776329       -0.98155930095798        0.75536607702261
C           -2.58944634061468       -2.12661329536539        0.89741472751171
C           -3.10052827748362       -3.31556244725548        1.46216673643219
C           -2.29479575036785       -4.40131864168860        1.65829795832814
C           -0.93572698168264       -4.33613143696649        1.31564938633394
C           -0.41305783685990       -3.20445991238192        0.75254890033181
C           -1.22689342534900       -2.07953495200637        0.49809186146159
C           -0.72799008012852       -0.88314655165209       -0.09469884794160
C            0.67451090668407       -0.77696162879311       -0.55062625671364
C            1.48577968586797        0.21240002671840       -0.03390566059783
O            0.95277880910463        1.15016603112467        0.84640862282852
C            2.87475107035322        0.24481983896250       -0.29898195517046
C            3.40731389200388       -0.70851973133281       -1.13225116150936
C            2.59845065436832       -1.66020785485787       -1.78176996052175
C            3.13654217229570       -2.57956376948659       -2.70809403161548
C            2.33022989001086       -3.47186232387068       -3.35694435952012
C            0.94806562625360       -3.47497779962623       -3.11398590879102
C            0.39875108218729       -2.60954929818196       -2.20831331243905
C            1.20761630170273       -1.69304634762313       -1.50198992072697
C           -3.72190036024524        1.41032209895920        0.18286674451690
C           -4.40008608271199        1.83211204335182        1.32389278649322
C           -5.17040741526381        2.98001424121075        1.29632229985579
C           -5.27914908497093        3.71575807813150        0.12759763155192
C           -4.61206891919715        3.29898154702780       -1.01267332055524
C           -3.83505870133711        2.15470073801647       -0.98759036830454
C            3.75966187241211        1.23935895764390        0.33913333757625
C            3.55620273299560        2.60471266657573        0.17461617657319
C            4.41925995669164        3.51113631249404        0.76584825755628
C            5.48954941340127        3.06806463871450        1.52431914506288
C            5.69888826122857        1.70865647201009        1.68934876570420
C            4.84191415641430        0.79920801074978        1.09733338778638
H           -0.88102033101903        3.39312197438215        1.86335867668345
H           -4.42874254970643       -1.02510657750201        1.07203461461964
H           -4.14304584334795       -3.34367151034967        1.74530000752732
H           -2.69249987402755       -5.30760808275883        2.09043339407151
H           -0.29901930344493       -5.18795010054927        1.50368057006591
H            0.63683779214111       -3.16254736497483        0.50631510940741
H            4.47045564959492       -0.70453459689350       -1.32659264626997
H            4.19934617479931       -2.55340906015060       -2.90155682931483
H            2.74736805614288       -4.16969882481062       -4.06790069024114
H            0.31599324826145       -4.16575028516494       -3.65217892321675
H           -0.66721753657141       -2.61174895339185       -2.03612081099570
H           -4.30129258598147        1.26485943215628        2.23823647160361
H           -5.68638072060603        3.30222161812400        2.18928760035665
H           -5.88186888724774        4.61176759862379        0.10525726420910
H           -4.69735067973875        3.86851438391232       -1.92671529143948
H           -3.32072500472218        1.82934507295200       -1.87980922764065
H            2.72942984702777        2.95865262068841       -0.42051414105380
H            4.25235177618264        4.56977355902643        0.62942079697463
H            6.15995175574134        3.77963173090931        1.98379974910129
H            6.53214320394915        1.35655036106103        2.28040717638074
H            4.99880297464285       -0.26205410969022        1.23015443432136
58
 energy: -98.233543532660 gnorm: 0.001951867453 xtb: 6.7.1 (edcfbbe)
O            0.42932532805747        3.43305974792668       -0.35109955308944
P           -0.10440979685560        2.22392040801765        0.27215597779436
O           -0.96379774840965        2.47954015469661        1.58892245078438
O           -1.04045668197755        1.40039341920541       -0.71318932646376
C           -1.55656792373512        0.21190915245432       -0.19210479112851
C           -2.89936173770332        0.19160573721026        0.24306710544953
C           -3.39646966311592       -0.98122214510958        0.75708782251472
C           -2.58841458701939       -2.12571190252810        0.89933767374254
C           -3.09937943315176       -3.31558499571082        1.46218104851282
C           -2.29341721335343       -4.40149772388259        1.65663013894155
C           -0.93410001656613       -4.33496118986906        1.31538759796114
C           -0.41130877215138       -3.20198286436930        0.75508233078568
C           -1.22564574625633       -2.07736482051648        0.50101275543330
C           -0.72804017330465       -0.88047879288034       -0.09182763877152
C            0.67447611410066       -0.77368275635119       -0.54856655705236
C            1.48602064061891        0.21588073733537       -0.03312478197818
O            0.95399528068258        1.15574298331868        0.84538103667449
C            2.87530737571799        0.24689722086105       -0.29834965379305
C            3.40649312773126       -0.70718432453553       -1.13157236446861
C            2.59683337450639       -1.65865259806258       -1.78048093955107
C            3.13411325262597       -2.57866454341316       -2.70654584963459
C            2.32705063140277       -3.47093896681604       -3.35450327874152
C            0.94506891624835       -3.47306783882913       -3.11081872808248
C            0.39654507148882       -2.60702615615285       -2.20526631137645
C            1.20620050953768       -1.69065468230286       -1.49978265103312
C           -3.72471674726013        1.40966573512981        0.18201677322554
C           -4.40568336787807        1.83147266684603        1.32140108308106
C           -5.17725281280349        2.97853544467021        1.29129062104912
C           -5.28467865448183        3.71331202226314        0.12172954997236
C           -4.61505354588986        3.29636132677559       -1.01690804783116
C           -3.83668423179867        2.15296556203706       -0.98928635064687
C            3.76258772405986        1.23939670800577        0.33951637224838
C            3.55509921772666        2.60592101572121        0.18549751673176
C            4.42103402747129        3.50997025873437        0.77658084014840
C            5.49896789194565        3.06321249336991        1.52404164944658
C            5.71244693573896        1.70258467847761        1.67846013100461
C            4.85230903196094        0.79565496300384        1.08695985844250
H           -0.87937291535682        3.39132131060398        1.86753440898151
H           -4.42865586323091       -1.02651596458879        1.07366783123102
H           -4.14211708106590       -3.34407710579213        1.74443993537020
H           -2.69138520040998       -5.30878753881452        2.08637564962640
H           -0.29734349254592       -5.18702535376497        1.50222229953651
H            0.63883928195567       -3.15883579646872        0.51021177762287
H            4.46947969447242       -0.70455107774980       -1.32672739102823
H            4.19685959601397       -2.55282230419750       -2.90019971951461
H            2.74355938263608       -4.16934125678889       -4.06525761994506
H            0.31250805774936       -4.16378191097342       -3.64850907614657
H           -0.66931069105238       -2.60849185699331       -2.03256034857150
H           -4.30832508858015        1.26523380803842        2.23656113183741
H           -5.69517668221707        3.30098535893478        2.18303546998743
H           -5.88829579905427        4.60871371003418        0.09760232005617
H           -4.69913078223032        3.86480229119913       -1.93178497093017
H           -3.32039957955288        1.82752106891885       -1.88032136531288
H            2.72351157940433        2.96288642049522       -0.40198560340388
H            4.25100254028716        4.56935162713489        0.64778050777013
H            6.17158679646009        3.77269635457601        1.98377769892096
H            6.55112467627825        1.34768438725845        2.26140794468200
H            5.01260597233019       -0.26629230569411        1.21241560872872
58
 energy: -98.233554565592 gnorm: 0.001214076076 xtb: 6.7.1 (edcfbbe)
O            0.42756361625593        3.43376788524660       -0.35260752930040
P           -0.10478995026627        2.22393050602514        0.27033041000051
O           -0.96596907737043        2.47778910834482        1.58605714070941
O           -1.03980665751004        1.39853500624122       -0.71457327459179
C           -1.55603043217753        0.21131007138461       -0.19134627038695
C           -2.89891204494951        0.19141571667857        0.24496681698674
C           -3.39483654723006       -0.98114228770011        0.76005625211290
C           -2.58653004736655       -2.12574551783587        0.90238839622051
C           -3.09803911892527       -3.31563448475681        1.46459960335808
C           -2.29231433378745       -4.40191885171073        1.65834820863542
C           -0.93306869780522       -4.33529740702336        1.31749381651598
C           -0.40962598548199       -3.20211380750511        0.75801507296476
C           -1.22376195703455       -2.07742677744712        0.50413707429526
C           -0.72713672280015       -0.88042222475046       -0.08945852049756
C            0.67503262554787       -0.77312752006604       -0.54746129821379
C            1.48693922803953        0.21666052698659       -0.03352044809494
O            0.95644423122930        1.15792442646706        0.84420334538662
C            2.87628189507293        0.24778863224988       -0.30060248842273
C            3.40572118140848       -0.70503041931292       -1.13591602597640
C            2.59510457607221       -1.65663823656129       -1.78380910849631
C            3.13142288448928       -2.57564690369477       -2.71126114951463
C            2.32390732499782       -3.46927065917233       -3.35690039499704
C            0.94273248714668       -3.47289497453218       -3.10986439665860
C            0.39507562353673       -2.60722472393672       -2.20340318076457
C            1.20523386145824       -1.69002071226874       -1.49980650978876
C           -3.72467520708773        1.40907089722428        0.18242868885940
C           -4.41001199644687        1.82996292149871        1.31969766657747
C           -5.18086824915356        2.97752284397272        1.28781067039897
C           -5.28349676952006        3.71396825543378        0.11879120404430
C           -4.61032244330747        3.29758315942365       -1.01785614727211
C           -3.83279878868624        2.15355834340886       -0.98851433495672
C            3.76414629922621        1.23907107301368        0.33839220005252
C            3.55719597067070        2.60564773545212        0.18696140066720
C            4.42171949697347        3.50922122006283        0.78054991064995
C            5.49817025601686        3.06178939298849        1.52803670254068
C            5.71188912796483        1.70113505719763        1.67893069400354
C            4.85296745957618        0.79468934261769        1.08506608052944
H           -0.88264217107057        3.38907363773864        1.86547560178762
H           -4.42660562306483       -1.02793963297505        1.07769262087987
H           -4.14087278083440       -3.34367809736378        1.74627319012388
H           -2.69078304384320       -5.30940163224036        2.08727325423945
H           -0.29664237662644       -5.18777435269756        1.50377006343261
H            0.64058217173915       -3.15930272878345        0.51349926736247
H            4.46811113003635       -0.70241159291960       -1.33404744153684
H            4.19358569518849       -2.54791928492025       -2.90724431567467
H            2.73958484742983       -4.16741592277550       -4.06831861632166
H            0.30983779104516       -4.16470265809468       -3.64582678055475
H           -0.67034008448585       -2.60986338004218       -2.02881951510665
H           -4.31670140826674        1.26306126918309        2.23492452767202
H           -5.70194064008470        3.29952877001390        2.17794194197717
H           -5.88615276356298        4.61016860281060        0.09394153541144
H           -4.69052148370062        3.86643178403245       -1.93287126797798
H           -3.31418811429216        1.82853147833328       -1.87837344621608
H            2.72684938649097        2.96299236495212       -0.40074511378956
H            4.25132224965468        4.56852300191026        0.65381589097273
H            6.16934795633742        3.77057914398352        1.99095931825257
H            6.54961454283583        1.34581662431977        2.26154724920879
H            5.01400160049913       -0.26708400801095        1.20877175808184
58
 energy: -98.233561605993 gnorm: 0.001120900016 xtb: 6.7.1 (edcfbbe)
O            0.42696236332505        3.43514816451794       -0.35120339648778
P           -0.10456546794325        2.22421045320591        0.27026682445134
O           -0.96777513793820        2.47693445807205        1.58495340682367
O           -1.03856545269236        1.39756274256849       -0.71473413265605
C           -1.55527778559063        0.21135976483147       -0.19025328679332
C           -2.89826388064487        0.19178578270279        0.24616009040917
C           -3.39371441299941       -0.98060425313779        0.76198830750850
C           -2.58542168803721       -2.12524203862772        0.90480263479768
C           -3.09722142782243       -3.31501793002468        1.46700236970632
C           -2.29149847767993       -4.40123231766450        1.66124206429625
C           -0.93222390157776       -4.33466309642776        1.32077998836781
C           -0.40851962059639       -3.20170467717760        0.76081142131024
C           -1.22261834463928       -2.07715125052792        0.50660267223895
C           -0.72618509616438       -0.88026429117743       -0.08761251735574
C            0.67537902854226       -0.77280341176804       -0.54650021703103
C            1.48768553193493        0.21738233642545       -0.03385197397838
O            0.95774532801769        1.15862454921536        0.84407788818719
C            2.87686987674553        0.24898938132910       -0.30268965954639
C            3.40512671542465       -0.70268586211651       -1.14000661019916
C            2.59384941047676       -1.65449389933759       -1.78697055161323
C            3.12920689326861       -2.57258981062493       -2.71589299213015
C            2.32131507032324       -3.46777597473018       -3.35899470589653
C            0.94078129991541       -3.47324730990778       -3.10858430253459
C            0.39398783349011       -2.60765609467637       -2.20144614245416
C            1.20467713459907       -1.68944921390114       -1.49986911798919
C           -3.72464399221834        1.40897474097412        0.18193546559002
C           -4.41455223339803        1.82865356638660        1.31701483876816
C           -5.18595142528858        2.97574900686693        1.28329541405907
C           -5.28446281809938        3.71343593362969        0.11473919717497
C           -4.60724725320780        3.29811236025321       -1.01989509131568
C           -3.82954987522308        2.15429997390898       -0.98879040781351
C            3.76530876195593        1.23894361631094        0.33753885395039
C            3.55725460784738        2.60594110789459        0.19149119775499
C            4.42168995870591        3.50817574853497        0.78710807139535
C            5.49929663974652        3.05923477230714        1.53135475101334
C            5.71460869038659        1.69842082836294        1.67625514241740
C            4.85582513616804        0.79321550908983        1.08018730954663
H           -0.88324904452739        3.38721546679140        1.86714387324503
H           -4.42542939196860       -1.02773999816373        1.07983048287780
H           -4.14013890257492       -3.34333819836673        1.74817849741081
H           -2.69004252606705       -5.30874804105179        2.09013262850228
H           -0.29576640692277       -5.18703324301248        1.50744362383961
H            0.64171435382165       -3.15956629920475        0.51625897889452
H            4.46709310575575       -0.69935684867755       -1.34052228271145
H            4.19078218498974       -2.54325294882597       -2.91483845046102
H            2.73613769734582       -4.16576439955368       -4.07105516544844
H            0.30736593972024       -4.16626323934999       -3.64245057688318
H           -0.67112111689464       -2.61167462655092       -2.02506015231156
H           -4.32453068089094        1.26101920884038        2.23212131994928
H           -5.71089005577049        3.29662124631604        2.17163534190131
H           -5.88752890734548        4.60941756224040        0.08876127859858
H           -4.68414490580249        3.86754538912941       -1.93482142092393
H           -3.30806455207267        1.83009748561865       -1.87732843862897
H            2.72441915198414        2.96483212742626       -0.39249532225595
H            4.24946186585681        4.56788709986650        0.66528348814035
H            6.17074227772424        3.76687705102490        1.99592930230731
H            6.55512607679816        1.34157047931516        2.25433647331701
H            5.01875184792940       -0.26891863927352        1.19920371646872
58
 energy: -98.233569332693 gnorm: 0.001226266101 xtb: 6.7.1 (edcfbbe)
O            0.42696469559822        3.43692941061305       -0.34736397710876
P           -0.10383590194888        2.22420726498166        0.27121092001840
O           -0.96998465137479        2.47567136224962        1.58444170389852
O           -1.03622915807699        1.39614120064578       -0.71439446516125
C           -1.55399287018182        0.21123563071086       -0.18855735680176
C           -2.89705850136658        0.19221303957432        0.24754665501867
C           -3.39226783925444       -0.97990942779603        0.76451390100259
C           -2.58410437485245       -2.12444992397409        0.90854163045884
C           -3.09592035948244       -3.31383444810702        1.47155841937819
C           -2.28998762940072       -4.39965597924157        1.66725637686571
C           -0.93068334028406       -4.33335181232962        1.32699048616337
C           -0.40706876513106       -3.20106001822749        0.76527735244143
C           -1.22130786809766       -2.07689841998390        0.51019710357217
C           -0.72486741881843       -0.88055026768628       -0.08518901824673
C            0.67576173305924       -0.77301671022280       -0.54539665729126
C            1.48846173483604        0.21785001636998       -0.03438708965096
O            0.95879895824513        1.15818924346366        0.84464163227202
C            2.87705647972814        0.25094111994007       -0.30632155027214
C            3.40389210704731       -0.69849287538468       -1.14718322390417
C            2.59196997595566       -1.65092578117538       -1.79255168264245
C            3.12568962090100       -2.56739311417046       -2.72412118798026
C            2.31738188968001       -3.46509896323518       -3.36327230766676
C            0.93791699602966       -3.47425225408243       -3.10701159490712
C            0.39260250555716       -2.60911230345497       -2.19845703927679
C            1.20396701421297       -1.68892654374044       -1.50034688329430
C           -3.72407706625385        1.40882460382217        0.18077013645148
C           -4.42154876160645        1.82613572895846        1.31223844034615
C           -5.19391877351125        2.97239606557269        1.27572450603972
C           -5.28541019215467        3.71243108637340        0.10807965124000
C           -4.60089907544830        3.29953390168820       -1.02310277138803
C           -3.82297365770956        2.15606693300504       -0.98934776250733
C            3.76601672742505        1.23906198842253        0.33605813633284
C            3.55506825608725        2.60683378261844        0.19942407148877
C            4.41945635854147        3.50678292119702        0.79838257809545
C            5.50083206309116        3.05507012100966        1.53612528340793
C            5.71961191905045        1.69382818095367        1.67084530549528
C            4.86028569632877        0.79089915961682        1.07173664156612
H           -0.88347577004077        3.38434226126878        1.87106555424165
H           -4.42410270281894       -1.02677768671346        1.08210638701554
H           -4.13888082746207       -3.34279710020787        1.75239117115985
H           -2.68828982302764       -5.30693131440630        2.09695788629972
H           -0.29393498245861       -5.18523091894810        1.51483691547274
H            0.64312710578335       -3.15980956318541        0.52025523621180
H            4.46526980603295       -0.69339346444572       -1.35101167787937
H            4.18625667371046       -2.53540533028011       -2.92829667076392
H            2.73087044885860       -4.16243762483096       -4.07676452712504
H            0.30375486984375       -4.16933994778828       -3.63734097771184
H           -0.67193203499218       -2.61575931004189       -2.01857682202317
H           -4.33677713307976        1.25699559437111        2.22693261814855
H           -5.72513825347434        3.29107738557880        2.16119855880052
H           -5.88872335902953        4.60816969993837        0.08028683904711
H           -4.67219126354838        3.87061541260332       -1.93745902994972
H           -3.29658162788132        1.83353666318153       -1.87565280774813
H            2.72166667450628        2.96751512696397       -0.38151441121583
H            4.24565154884212        4.56681036597712        0.68312585771582
H            6.17187442176744        3.76100363473836        2.00386951102362
H            6.56109602124332        1.33506288203255        2.24482620792622
H            5.02486168100587       -0.27156068468214        1.18420781770106
58
 energy: -98.233574564854 gnorm: 0.000879806232 xtb: 6.7.1 (edcfbbe)
O            0.42655574619421        3.43796892247956       -0.34398424899173
P           -0.10398740059686        2.22420420292272        0.27275674604708
O           -0.97090852370485        2.47478992381531        1.58577776523251
O           -1.03558822805159        1.39606733217824       -0.71346745816013
C           -1.55374754398939        0.21120313738328       -0.18759535765176
C           -2.89686675308042        0.19206124644985        0.24785310952048
C           -3.39202750744362       -0.98000923715832        0.76546283797409
C           -2.58354949679425       -2.12403136750702        0.91080073829075
C           -3.09459944038323       -3.31319287781642        1.47498788784251
C           -2.28809903275169       -4.39840908707895        1.67177819699224
C           -0.92880469108717       -4.33196623485704        1.33124548477365
C           -0.40595949624578       -3.19999528579900        0.76823751015723
C           -1.22077250109704       -2.07641436031152        0.51234657958797
C           -0.72456857627996       -0.88055485457167       -0.08392731458467
C            0.67570998241355       -0.77293854103653       -0.54508492595806
C            1.48837140951946        0.21835469127703       -0.03473200534500
O            0.95851590252306        1.15772706940799        0.84540958255330
C            2.87651240061854        0.25228126449973       -0.30828428222209
C            3.40274866378025       -0.69618253321587       -1.15080588672319
C            2.59065753592190       -1.64885068057509       -1.79543526412615
C            3.12325958142000       -2.56437753003826       -2.72861060027498
C            2.31474294339064       -3.46298053448971       -3.36614934902982
C            0.93587765765413       -3.47428311349191       -3.10661048441439
C            0.39157173718215       -2.60978162768515       -2.19687142048824
C            1.20324885388449       -1.68841733641501       -1.50065563228085
C           -3.72419008495386        1.40826088643226        0.17944195668005
C           -4.42609779936285        1.82417181724358        1.30863089495056
C           -5.19878001967606        2.97015949584564        1.27031055310196
C           -5.28573004312410        3.71160925636547        0.10315272769912
C           -4.59647956466127        3.30031638030331       -1.02572798535920
C           -3.81867598040665        2.15685069666650       -0.99029168795814
C            3.76629882873874        1.23926426868051        0.33467563333945
C            3.55366791560850        2.60737157874106        0.20399655648694
C            4.41854894844423        3.50546486878257        0.80497216029439
C            5.50172758440902        3.05183895709327        1.53894911740314
C            5.72242868563974        1.69029238368291        1.66746932799472
C            4.86269819504388        0.78916388939073        1.06627584710242
H           -0.88235822244317        3.38238144011181        1.87557605701252
H           -4.42411543241188       -1.02657359594262        1.08224971624741
H           -4.13749439107757       -3.34268529870836        1.75609155561433
H           -2.68583942888414       -5.30542947259614        2.10248652370234
H           -0.29158539271201       -5.18329129604931        1.51994645153536
H            0.64414446255491       -3.15833917502656        0.52280137907443
H            4.46382029739327       -0.68983059487371       -1.35608940712087
H            4.18327312721884       -2.53117318461211       -2.93551959068673
H            2.72751295930795       -4.15951548794058       -4.08086313446667
H            0.30143152755065       -4.17034532865106       -3.63522699335060
H           -0.67251855042409       -2.61785601320328       -2.01445633683633
H           -4.34442271791574        1.25419363208017        2.22310604036293
H           -5.73355154066089        3.28755668181379        2.15404934315853
H           -5.88884495733437        4.60735153558129        0.07389460175828
H           -4.66417931493069        3.87276447507032       -1.93953294437246
H           -3.28902814765160        1.83543528140022       -1.87500425487569
H            2.71781852001616        2.97000781328870       -0.37301184907803
H            4.24292135945312        4.56597753961401        0.69523509153951
H            6.17318462668883        3.75658490002937        2.00782548826248
H            6.56708553167270        1.32952329181130        2.23686288912062
H            5.02903579609481       -0.27377421069291        1.17328206274322
58
 energy: -98.233578440968 gnorm: 0.000565562965 xtb: 6.7.1 (edcfbbe)
O            0.42581537320043        3.43811106253778       -0.34122959666768
P           -0.10450228654474        2.22377196989335        0.27459679200069
O           -0.97091839569484        2.47355527476339        1.58812126528053
O           -1.03588970377924        1.39637049488216       -0.71218933576060
C           -1.55406763166574        0.21096197116725       -0.18701858993943
C           -2.89737748637919        0.19130539136374        0.24757432526636
C           -3.39231713628049       -0.98079778812088        0.76570860611467
C           -2.58313715041707       -2.12405083874734        0.91253910361260
C           -3.09299015611829       -3.31298431570297        1.47835392651141
C           -2.28566882236591       -4.39740146415932        1.67612270459552
C           -0.92647725993265       -4.33059203148041        1.33491831262814
C           -0.40473529040199       -3.19885626742283        0.77066499847794
C           -1.22041157894533       -2.07603208755787        0.51392507864220
C           -0.72473381893437       -0.88055401955542       -0.08311359040557
C            0.67546391916415       -0.77287023497014       -0.54510236139631
C            1.48797470099996        0.21856417203442       -0.03484708723062
O            0.95795719476226        1.15708990194135        0.84632848164636
C            2.87570986684252        0.25314106017509       -0.30958049572870
C            3.40157855287402       -0.69476128750798       -1.15313173927755
C            2.58943788448852       -1.64748056904551       -1.79739388245069
C            3.12128931452898       -2.56224619289518       -2.73173422682996
C            2.31256879525582       -3.46085899438312       -3.36893125572710
C            0.93403325469486       -3.47347809316713       -3.10741272340494
C            0.39043856644235       -2.60988981744896       -2.19645186831296
C            1.20233186882123       -1.68794859876697       -1.50112746428994
C           -3.72479969486482        1.40725648349501        0.17795041552860
C           -4.42967078531288        1.82238570995786        1.30547173861079
C           -5.20161085114684        2.96884671895844        1.26603849584506
C           -5.28455241550198        3.71160626752431        0.09945563340168
C           -4.59223864193203        3.30112936095115       -1.02781151831788
C           -3.81543443864562        2.15704888779709       -0.99137636136762
C            3.76618156704172        1.23940740911417        0.33341533544080
C            3.55274216938190        2.60759734901917        0.20632155585686
C            4.41815450772693        3.50434540476189        0.80872648709230
C            5.50238634705793        3.04926753089502        1.54047497441713
C            5.72378218170914        1.68752426275727        1.66539903587492
C            4.86367232383112        0.78776178476240        1.06288803652123
H           -0.88106469725822        3.38047870110783        1.87966288658071
H           -4.42466428459803       -1.02745746442870        1.08159833008782
H           -4.13575427660007       -3.34281915559650        1.76005379067924
H           -2.68267808772065       -5.30412883030939        2.10808392103471
H           -0.28872806358141       -5.18136906598381        1.52425597355415
H            0.64522594274495       -3.15613954388266        0.52475378792186
H            4.46246870375824       -0.68754532138347       -1.35922534654444
H            4.18104144880443       -2.52844155795993       -2.93987625284747
H            2.72492106283474       -4.15641933322301       -4.08484579585365
H            0.29952163972190       -4.16984738750742       -3.63548291788222
H           -0.67331540476919       -2.61879913147483       -2.01203479276098
H           -4.35078898277808        1.25160537359471        2.21965199237854
H           -5.73891616586901        3.28536092435019        2.14846941741966
H           -5.88721240187143        4.60759573603274        0.06898395961577
H           -4.65675670310522        3.87493660395770       -1.94098393343700
H           -3.28331634347974        1.83642374994091       -1.87480389018908
H            2.71547904472386        2.97170292686129       -0.36832192124020
H            4.24180582749128        4.56506114860991        0.70231235339649
H            6.17386926571380        3.75317857608679        2.01049628030376
H            6.56869305971894        1.32567536917495        2.23364837622855
H            5.03018457236006       -0.27529818568921        1.16706057509633
58
 energy: -98.233581533158 gnorm: 0.000735489754 xtb: 6.7.1 (edcfbbe)
O            0.42500731255167        3.43761397106425       -0.33798980263124
P           -0.10493144330343        2.22279519973567        0.27728264198661
O           -0.97017139879596        2.47167288949079        1.59172814868192
O           -1.03662160871655        1.39686763591535       -0.71017505483929
C           -1.55471278240594        0.21055575182223       -0.18654728105687
C           -2.89841221676409        0.19006328182933        0.24682570381018
C           -3.39294053990536       -0.98213394883282        0.76536198889964
C           -2.58271665827491       -2.12437177200330        0.91418259470936
C           -3.09104163056272       -3.31284116336952        1.48243719190455
C           -2.28255352210416       -4.39608080337662        1.68184277581712
C           -0.92358796922300       -4.32883055882087        1.33956090935910
C           -0.40328478911177       -3.19759749600162        0.77324225883695
C           -1.22009446843959       -2.07579570607046        0.51534525439942
C           -0.72516223115874       -0.88063655962749       -0.08254385752508
C            0.67501020650564       -0.77289521644232       -0.54532623691879
C            1.48746434933823        0.21834820789773       -0.03476861613850
O            0.95738770723850        1.15572886628678        0.84778355017333
C            2.87478240851759        0.25373433731476       -0.31072730833620
C            3.40023597553091       -0.69345917839327       -1.15546903953394
C            2.58800322851625       -1.64610460188512       -1.79954640357709
C            3.11930123276974       -2.56001899147008       -2.73502615497427
C            2.31033099895293       -3.45820418928816       -3.37246766680342
C            0.93205360487930       -3.47184802662555       -3.10941201302869
C            0.38903543807259       -2.60950897418385       -2.19700963262559
C            1.20112009936531       -1.68736036717016       -1.50205736137360
C           -3.72579391620325        1.40589692364350        0.17598337586339
C           -4.43355634291956        1.82037302397069        1.30186223345862
C           -5.20433270009185        2.96766544708535        1.26143510696525
C           -5.28295503045941        3.71193136074378        0.09553866223363
C           -4.58762397994881        3.30214454703575       -1.03013240047505
C           -3.81228061032619        2.15709299967699       -0.99281746074353
C            3.76562567047783        1.23938229037222        0.33253815142318
C            3.55167858454495        2.60768828262146        0.20842055072800
C            4.41749431740951        3.50332961442881        0.81201869988104
C            5.50211616520232        3.04688451249295        1.54234795828004
C            5.72382902066840        1.68483082961304        1.66452555814767
C            4.86349911036320        0.78626062153075        1.06078235692392
H           -0.87924198319226        3.37809785372395        1.88440818497525
H           -4.42557615679905       -1.02936944863362        1.08018592507924
H           -4.13361393014667       -3.34292430597052        1.76493455531114
H           -2.67848873982471       -5.30220445248671        2.11602146255436
H           -0.28509525015222       -5.17880081130998        1.53004242736611
H            0.64646804545067       -3.15366043517957        0.52662249796239
H            4.46095661725413       -0.68552873483014       -1.36238594389622
H            4.17889933513051       -2.52568643049840       -2.94384005009465
H            2.72234449548781       -4.15269729557166       -4.08961881300456
H            0.29755352872598       -4.16817644932986       -3.63753973838036
H           -0.67442636153933       -2.61913849405526       -2.01085669144928
H           -4.35779202511519        1.24866524861509        2.21570621798234
H           -5.74359217374079        3.28374617373542        2.14277244940643
H           -5.88403699527191        4.60891044059515        0.06428344776543
H           -4.64863459561087        3.87740189261779       -1.94263084806493
H           -3.27816458350297        1.83689438414599       -1.87512194260662
H            2.71544212748335        2.97266531973750       -0.36606575865964
H            4.24148531016426        4.56406215664725        0.70743954685947
H            6.17409042060896        3.74990820973089        2.01302634833777
H            6.56978226919648        1.32174833549841        2.23136394013716
H            5.03043905340525       -0.27708619809445        1.16222340031814
58
 energy: -98.233583625650 gnorm: 0.000683013870 xtb: 6.7.1 (edcfbbe)
O            0.42445800601594        3.43700716513555       -0.33544910484451
P           -0.10501766823435        2.22189357528912        0.27970357640976
O           -0.96932940221296        2.46992037784620        1.59489675040290
O           -1.03727663062047        1.39730287421762       -0.70823021867959
C           -1.55532253098506        0.21028525672465       -0.18616176702668
C           -2.89946974743935        0.18897509464067        0.24612329116737
C           -3.39347877353730       -0.98334173630074        0.76481317365862
C           -2.58232751982986       -2.12477595794953        0.91522527356122
C           -3.08950718916366       -3.31274693805525        1.48559970561332
C           -2.27998856917352       -4.39489732845059        1.68672496035318
C           -0.92126521784111       -4.32728645404439        1.34354523405725
C           -0.40208150139416       -3.19663069052451        0.77512940841521
C           -1.21980011375093       -2.07571547136426        0.51623848289542
C           -0.72551198873288       -0.88061676494675       -0.08219669392454
C            0.67459694828430       -0.77277965392989       -0.54542055972849
C            1.48727526829033        0.21802268687539       -0.03447874108891
O            0.95738631644234        1.15452289979045        0.84914449604327
C            2.87440171882182        0.25383252709714       -0.31129353709231
C            3.39930786644691       -0.69275367226979       -1.15704219005270
C            2.58680827933000       -1.64510698382445       -1.80116306563639
C            3.11780519593593       -2.55835265265637       -2.73746267367021
C            2.30856104595770       -3.45598490700658       -3.37530668627182
C            0.93042160947418       -3.46991962918868       -3.11154899547310
C            0.38774933942755       -2.60852428027598       -2.19807885333595
C            1.20006552573572       -1.68668706667660       -1.50295997115171
C           -3.72696888942336        1.40468037774515        0.17424789098433
C           -4.43664383480171        1.81893376883140        1.29901254934786
C           -5.20619110985300        2.96707636549213        1.25795556154949
C           -5.28163567272373        3.71246009455708        0.09256835681962
C           -4.58474216633614        3.30268074636793       -1.03215662479598
C           -3.81078871161605        2.15671135826056       -0.99425668872151
C            3.76570779730552        1.23892637355817        0.33212658946547
C            3.55192339303029        2.60731197598763        0.20934639242564
C            4.41800255485577        3.50236032701429        0.81349801714070
C            5.50289265435483        3.04504312885031        1.54287824886921
C            5.72462448326198        1.68279444921310        1.66356475144768
C            4.86391383001784        0.78489112230289        1.05946040896832
H           -0.87770334394043        3.37608187304219        1.88809951973489
H           -4.42629847149390       -1.03145418752573        1.07888592472883
H           -4.13194361146750       -3.34305319879077        1.76856974263756
H           -2.67497870691814       -5.30044711874868        2.12297403411323
H           -0.28210798685483       -5.17650523303421        1.53519546274125
H            0.64749027584518       -3.15204552523207        0.52787212764937
H            4.45986482506627       -0.68456286236540       -1.36477826904056
H            4.17735415492507       -2.52376274382510       -2.94644254994971
H            2.72029826861045       -4.14985416321435       -4.09321409909562
H            0.29584415057108       -4.16588054029635       -3.64009859311218
H           -0.67557412238052       -2.61848082694149       -2.01117415359706
H           -4.36325057336041        1.24657948307154        2.21265524632461
H           -5.74678033852705        3.28305254652206        2.13853724977615
H           -5.88138403632057        4.61033560729678        0.06094828830945
H           -4.64328394735589        3.87872174705249       -1.94433203017074
H           -3.27549936503879        1.83657527236397       -1.87587336408239
H            2.71445259245376        2.97320434051363       -0.36352692750043
H            4.24126594216070        4.56337799699964        0.71075992656422
H            6.17433037171125        3.74757656662235        2.01478877549237
H            6.56918181082998        1.31944410984615        2.23120676923594
H            5.03016751636593       -0.27841550159149        1.16035017094016
58
 energy: -98.233585018379 gnorm: 0.000452307892 xtb: 6.7.1 (edcfbbe)
O            0.42438328976114        3.43658332515473       -0.33394332073994
P           -0.10484758860456        2.22134946929376        0.28119636763394
O           -0.96898226069876        2.46871415553193        1.59663301722634
O           -1.03748016948863        1.39745049317613       -0.70705384871178
C           -1.55562966658234        0.21017481047310       -0.18593415718965
C           -2.90008323808335        0.18841013295096        0.24570645007074
C           -3.39370613593025       -0.98396437610061        0.76445852953478
C           -2.58205936405945       -2.12501708448486        0.91571520722725
C           -3.08874502298929       -3.31258238831144        1.48734588116833
C           -2.27865485905039       -4.39407971658182        1.68976009324021
C           -0.92009587587146       -4.32633722808773        1.34611291788924
C           -0.40143830957590       -3.19617046295562        0.77614369442100
C           -1.21959120347381       -2.07576701703568        0.51663436507408
C           -0.72563744779877       -0.88059120818564       -0.08203654486923
C            0.67436476728441       -0.77265256864405       -0.54533011738433
C            1.48733513864359        0.21770874490811       -0.03411019398768
O            0.95773933764273        1.15378211438173        0.85006408085348
C            2.87444591939029        0.25362230811920       -0.31126801575971
C            3.39896427605166       -0.69242810192531       -1.15778333471002
C            2.58615379571352       -1.64444152372067       -1.80213760876695
C            3.11695320220807       -2.55722819839445       -2.73900876920627
C            2.30748186094510       -3.45454211857487       -3.37703622027379
C            0.92940720130506       -3.46839842706859       -3.11304386120093
C            0.38694924364278       -2.60747344863377       -2.19896841059577
C            1.19951635965005       -1.68613187992252       -1.50355187080063
C           -3.72780560093309        1.40395776856166        0.17316543002493
C           -4.43830666323645        1.81829659797960        1.29740402044633
C           -5.20703033213085        2.96694520029400        1.25605833510826
C           -5.28093814903598        3.71284139925102        0.09091329488592
C           -4.58384545351495        3.30262518672642       -1.03350750429130
C           -3.81070659391992        2.15614442020963       -0.99529884725992
C            3.76578575962033        1.23838782135195        0.33260281405714
C            3.55201585210563        2.60684765306835        0.21033423728756
C            4.41819727438204        3.50175130830619        0.81455973075884
C            5.50336598535624        3.04419745663456        1.54338449255578
C            5.72481185153029        1.68196965530664        1.66379946244100
C            4.86409396752486        0.78419107800886        1.05951407214616
H           -0.87710406030152        3.37479096484889        1.88998361879626
H           -4.42657475331565       -1.03272246478072        1.07827774265779
H           -4.13114029862520       -3.34308133511828        1.77038237755973
H           -2.67311776039535       -5.29925846555659        2.12729390191733
H           -0.28055761785948       -5.17508945951211        1.53856238142312
H            0.64801867363729       -3.15169426830459        0.52840119405434
H            4.45941070092695       -0.68426247209419       -1.36611696029279
H            4.17645808973734       -2.52252896760958       -2.94815531638515
H            2.71895669585551       -4.14816968409417       -4.09531909731886
H            0.29462728302556       -4.16396298594863       -3.64189969712027
H           -0.67635119181302       -2.61754864863549       -2.01197168164011
H           -4.36617735382726        1.24563510607899        2.21095090048789
H           -5.74851114280581        3.28285029153784        2.13615627998922
H           -5.88030455224858        4.61102884643993        0.05913845055013
H           -4.64132868245322        3.87875826691335       -1.94568426127406
H           -3.27489073588308        1.83595268941175       -1.87661221898020
H            2.71452739832168        2.97284782060593       -0.36235758428394
H            4.24205646062795        4.56262974802409        0.71146216804564
H            6.17538555067826        3.74642315309247        2.01512689759601
H            6.56983167998685        1.31841816723301        2.23075930437515
H            5.03040446915223       -0.27916165349456        1.16012773134012
58
 energy: -98.233585706988 gnorm: 0.000182968326 xtb: 6.7.1 (edcfbbe)
O            0.42469101276205        3.43654214583742       -0.33372737445597
P           -0.10465395355885        2.22133873325983        0.28135302717620
O           -0.96908582291138        2.46853043211482        1.59664030780245
O           -1.03725608849029        1.39739889826586       -0.70699500569619
C           -1.55552760052741        0.21024085209727       -0.18586514854007
C           -2.89998260839674        0.18851242204954        0.24574053358141
C           -3.39357182894067       -0.98382045357439        0.76457910716418
C           -2.58195447542980       -2.12489955145139        0.91590723588222
C           -3.08869714563401       -3.31236182316390        1.48768590178721
C           -2.27860318477521       -4.39381045095698        1.69036243264069
C           -0.92008365456778       -4.32615830562052        1.34662188478554
C           -0.40139951808943       -3.19614669915251        0.77626063378090
C           -1.21950275302619       -2.07574763123515        0.51672707078188
C           -0.72552459115449       -0.88055770621729       -0.08198505084217
C            0.67439814303088       -0.77259487418367       -0.54519719059033
C            1.48750300954637        0.21762468083879       -0.03391600662551
O            0.95800770243197        1.15373552305223        0.85022388700854
C            2.87467041731341        0.25337562979943       -0.31096627391278
C            3.39909567118416       -0.69249382606362       -1.15772390953011
C            2.58612917274419       -1.64425610222532       -1.80233868442182
C            3.11677781965095       -2.55684612349149       -2.73949660309350
C            2.30716560896203       -3.45398876711815       -3.37760576851451
C            0.92911818204138       -3.46779114886285       -3.11351913125565
C            0.38680142822983       -2.60697244598620       -2.19923235196383
C            1.19952886002029       -1.68592468487167       -1.50366546223389
C           -3.72777068796546        1.40402020597455        0.17305272795674
C           -4.43829488543809        1.81846127177958        1.29727296019637
C           -5.20747001162126        2.96679205659411        1.25569440675100
C           -5.28177951361464        3.71234290798937        0.09035444143031
C           -4.58460851300791        3.30207182021939       -1.03401931457335
C           -3.81105306055663        2.15587424020137       -0.99557979917368
C            3.76593053377103        1.23799405131099        0.33328798644763
C            3.55238046534446        2.60652737049877        0.21077341592641
C            4.41871083823304        3.50149120590081        0.81459743447789
C            5.50369343626215        3.04400497339965        1.54353572763504
C            5.72503533637751        1.68173256668822        1.66418893622126
C            4.86421479641159        0.78387577830039        1.06006224652237
H           -0.87737767096900        3.37464733218087        1.88993516192804
H           -4.42641276103140       -1.03255252367828        1.07850805492175
H           -4.13107130821159       -3.34290211618040        1.77073974840180
H           -2.67300242391655       -5.29887582373702        2.12820252723287
H           -0.28048911970315       -5.17480781477661        1.53930949050704
H            0.64805226537516       -3.15198186176844        0.52838807836748
H            4.45954421146553       -0.68447729645696       -1.36606124744469
H            4.17624646151669       -2.52219710577326       -2.94884693196237
H            2.71849160839127       -4.14757894755848       -4.09601075430104
H            0.29415517071197       -4.16315442631207       -3.64242064951584
H           -0.67651845651198       -2.61698426656504       -2.01235268751298
H           -4.36593728870440        1.24598653162338        2.21092091421013
H           -5.74858811447387        3.28304916468783        2.13589616534911
H           -5.88092742557246        4.61066246666298        0.05869591876650
H           -4.64236274433039        3.87789254982506       -1.94636884565417
H           -3.27556140934472        1.83538329073894       -1.87700503161775
H            2.71519902342617        2.97239350449197       -0.36215736735692
H            4.24253135746323        4.56248294822446        0.71138822062463
H            6.17587176159311        3.74629681200244        2.01493368993931
H            6.57049392310783        1.31815701906469        2.23052329070970
H            5.03063040330849       -0.27955660859516        1.16069302367532
58
 energy: -98.233586553522 gnorm: 0.000298640724 xtb: 6.7.1 (edcfbbe)
O            0.42537044512403        3.43644481895644       -0.33307264080614
P           -0.10426613527612        2.22127774086035        0.28177066327054
O           -0.96927247495313        2.46805903109311        1.59676996142964
O           -1.03680121462775        1.39734734572398       -0.70684767729005
C           -1.55532758033346        0.21036885192964       -0.18574096070387
C           -2.89979326156923        0.18870942991703        0.24581129231604
C           -3.39334654875384       -0.98353207635005        0.76482650896837
C           -2.58180103637759       -2.12465689301669        0.91626332443948
C           -3.08862515408040       -3.31186440716118        1.48843429414838
C           -2.27852614154197       -4.39323411201844        1.69162245535133
C           -0.92009525247968       -4.32580119825748        1.34762217116586
C           -0.40139129927670       -3.19610225692869        0.77651582246085
C           -1.21938531548253       -2.07569891771794        0.51690692398797
C           -0.72535070840745       -0.88049507329527       -0.08184728575527
C            0.67450998121261       -0.77251229443562       -0.54487021735051
C            1.48784513331233        0.21740059029039       -0.03338877053412
O            0.95851904706536        1.15361211013835        0.85067494790133
C            2.87512409958203        0.25280645803349       -0.31023982642535
C            3.39935760641309       -0.69276195232281       -1.15738965992395
C            2.58609177645438       -1.64396537899048       -1.80257542557717
C            3.11642010530499       -2.55608391920107       -2.74036669630179
C            2.30653008871294       -3.45278449881125       -3.37878658394116
C            0.92853532938041       -3.46646173634465       -3.11454786605375
C            0.38651145737996       -2.60595386709342       -2.19973973273087
C            1.19955195148711       -1.68553720633466       -1.50379372395165
C           -3.72787260990779        1.40400575973629        0.17276514209159
C           -4.43816565927821        1.81880674749970        1.29702977453743
C           -5.20779023171099        2.96680420472947        1.25512039352894
C           -5.28292821079917        3.71163962694173        0.08935899664434
C           -4.58615756203172        3.30090534646109       -1.03509564720542
C           -3.81202502139241        2.15509521860852       -0.99627043231371
C            3.76644371199225        1.23722762165352        0.33430335459913
C            3.55312133180248        2.60582296813603        0.21125205449057
C            4.41951768565219        3.50091170013468        0.81471103156498
C            5.50459474605079        3.04361995164227        1.54352849799604
C            5.72587462442006        1.68135593842332        1.66455903138732
C            4.86472045128335        0.78333071273576        1.06103972830152
H           -0.87792627690341        3.37424544635282        1.88999023546073
H           -4.42615725705514       -1.03221710415342        1.07887990150132
H           -4.13098902281288       -3.34241552892453        1.77148560310363
H           -2.67286391458859       -5.29809348569431        2.12995574039030
H           -0.28044681692677       -5.17433998148729        1.54060672929600
H            0.64800901388834       -3.15250124683806        0.52829298864942
H            4.45980933531555       -0.68501866695402       -1.36572967803430
H            4.17582171909952       -2.52151095750046       -2.95007032132760
H            2.71757159009259       -4.14611814937079       -4.09760757266696
H            0.29324104945134       -4.16134924571426       -3.64367362886427
H           -0.67682238996098       -2.61586448118260       -2.01294608872736
H           -4.36521433416937        1.24681374601325        2.21093591286014
H           -5.74889026374229        3.28326482292885        2.13526548943284
H           -5.88267857757226        4.60953550120333        0.05747966135481
H           -4.64467254069728        3.87599179512885       -1.94785667016718
H           -3.27666333942327        1.83435660360668       -1.87770888879125
H            2.71608173987641        2.97142158251638       -0.36187399286998
H            4.24346795644042        4.56196323809375        0.71092079524291
H            6.17697286809398        3.74603343741067        2.01446372476302
H            6.57150350983761        1.31782660134304        2.23068858875520
H            5.03112779760723       -0.28013031204517        1.16218824672250
58
 energy: -98.233587355143 gnorm: 0.000364313694 xtb: 6.7.1 (edcfbbe)
O            0.42607289104034        3.43639060137279       -0.33202524034811
P           -0.10389184692629        2.22118217034661        0.28238647777699
O           -0.96939710362283        2.46742192896477        1.59715128037262
O           -1.03634512089863        1.39741528176738       -0.70661194811618
C           -1.55509509872714        0.21052085504421       -0.18558340396855
C           -2.89958045624867        0.18892082859619        0.24585595915019
C           -3.39315889341276       -0.98320992456036        0.76507303644913
C           -2.58165314280041       -2.12432941078324        0.91676572587053
C           -3.08850022564931       -3.31125302399862        1.48943860675999
C           -2.27840243593242       -4.39256003254438        1.69308218584513
C           -0.92007800179577       -4.32539160508603        1.34868729879589
C           -0.40140185129280       -3.19600569642422        0.77687576335138
C           -1.21927923135722       -2.07556134214682        0.51722933237615
C           -0.72519930934927       -0.88039387677285       -0.08158557744591
C            0.67469898656621       -0.77244561994431       -0.54446101102373
C            1.48821092624397        0.21714968637453       -0.03270737730809
O            0.95901429032298        1.15347627176590        0.85129220352625
C            2.87558699680422        0.25215603494484       -0.30935287702603
C            3.39961249489128       -0.69319898605620       -1.15682617061631
C            2.58605033299422       -1.64375791672022       -1.80266122109220
C            3.11598828164707       -2.55522297289270       -2.74127479526141
C            2.30575688068144       -3.45119307731543       -3.38032898823992
C            0.92782738511441       -3.46478952619943       -3.11586012296359
C            0.38616533804169       -2.60485207816560       -2.20026492712989
C            1.19954484673286       -1.68516048701696       -1.50381659311402
C           -3.72790449003137        1.40402715111527        0.17244961999992
C           -4.43788800090706        1.81925869586155        1.29675176168504
C           -5.20827664686637        2.96670665216638        1.25430297628609
C           -5.28457381469089        3.71050807851592        0.08793328021174
C           -4.58800378786453        3.29940609306612       -1.03648899464975
C           -3.81298453450620        2.15419600455355       -0.99708720820067
C            3.76715037997480        1.23640011001144        0.33515850604867
C            3.55400595881225        2.60499476567762        0.21154903157308
C            4.42062747986497        3.50019368553321        0.81449033497104
C            5.50580784540884        3.04306268750146        1.54333527378948
C            5.72679028768524        1.68084179581653        1.66505586813981
C            4.86538201715062        0.78267070799815        1.06206160893497
H           -0.87848227037748        3.37366266989955        1.89035931168689
H           -4.42595336629243       -1.03180300091389        1.07919520990327
H           -4.13084479103634       -3.34167610983676        1.77258807842666
H           -2.67269070666169       -5.29714287379425        2.13202751682975
H           -0.28041442370812       -5.17386684759083        1.54191289833705
H            0.64791315451195       -3.15282035539228        0.52822963809497
H            4.46008012903211       -0.68574443259010       -1.36509347815349
H            4.17534184051827       -2.52073954292469       -2.95122832992555
H            2.71650307460401       -4.14401118064185       -4.09981969689296
H            0.29222319444937       -4.15906088601903       -3.64541707874289
H           -0.67715197550816       -2.61463892245273       -2.01336953907467
H           -4.36412174833732        1.24797787959772        2.21104077834396
H           -5.74898674286327        3.28365233004820        2.13451285503708
H           -5.88484854246302        4.60804623339140        0.05572415496432
H           -4.64742163385202        3.87365830024679       -1.94972204998400
H           -3.27782220322558        1.83308717271388       -1.87851661441579
H            2.71680790991781        2.97039947420760       -0.36154911228821
H            4.24458496094316        4.56118334965713        0.71039610963199
H            6.17841951222566        3.74557665841160        2.01380223884137
H            6.57246616676543        1.31741556506073        2.23116483202348
H            5.03171883446119       -0.28072999134713        1.16377260174784
58
 energy: -98.233588170738 gnorm: 0.000309723278 xtb: 6.7.1 (edcfbbe)
O            0.42663986592773        3.43641276344890       -0.33059576828020
P           -0.10358644633377        2.22103204007536        0.28321288899444
O           -0.96937015877677        2.46666557637185        1.59788903535084
O           -1.03596444473947        1.39762091842223       -0.70622703861775
C           -1.55485377192452        0.21069182194497       -0.18533813486471
C           -2.89935986364495        0.18913744855150        0.24597945590389
C           -3.39298628398392       -0.98285522443212        0.76545167287504
C           -2.58149850429779       -2.12393925226188        0.91744057226260
C           -3.08829044791241       -3.31060065163019        1.49068581356390
C           -2.27820300276842       -4.39186041376782        1.69462045866750
C           -0.91999309135505       -4.32497029806133        1.34971062907631
C           -0.40138007989420       -3.19584542225191        0.77734253982999
C           -1.21917707728034       -2.07534143156677        0.51769408913084
C           -0.72506399134341       -0.88026118501028       -0.08120704482985
C            0.67492479299830       -0.77242303382583       -0.54401086092423
C            1.48855265782830        0.21689349507967       -0.03196264192182
O            0.95942187527237        1.15329972105210        0.85200266495517
C            2.87598000332732        0.25152536524982       -0.30842833997778
C            3.39981554396529       -0.69373538604189       -1.15613359533323
C            2.58600272811404       -1.64364881720593       -1.80261155940172
C            3.11554752528926       -2.55438620413147       -2.74212355439673
C            2.30492767471157       -3.44936671260131       -3.38209360444298
C            0.92704985744338       -3.46290572981932       -3.11737488664772
C            0.38577727877415       -2.60378427967926       -2.20078741630376
C            1.19948873158869       -1.68483846013695       -1.50375269384268
C           -3.72797727847634        1.40401300223793        0.17208962852006
C           -4.43752881445453        1.81984142130359        1.29642950211967
C           -5.20864411537851        2.96677273278691        1.25334722091456
C           -5.28620294393938        3.70931933023849        0.08625518532431
C           -4.58992618922239        3.29768314905504       -1.03814428704944
C           -3.81400763506649        2.15309059335492       -0.99806029871204
C            3.76781616277867        1.23561407160330        0.33594647455344
C            3.55490677759172        2.60418925066098        0.21187943675054
C            4.42184589326474        3.49946190557843        0.81423957445389
C            5.50709605485771        3.04237343663968        1.54306340207491
C            5.72771128311329        1.68016415899285        1.66540677311893
C            4.86601604868584        0.78190415828164        1.06294110655564
H           -0.87891724446940        3.37293120558527        1.89117021556696
H           -4.42579657429122       -1.03132531050292        1.07953296291502
H           -4.13058347019832       -3.34078616636042        1.77407061071192
H           -2.67246252092260       -5.29618251970468        2.13412116643536
H           -0.28038484296178       -5.17347667367266        1.54298858272027
H            0.64783925792793       -3.15283689028251        0.52826387609945
H            4.46031871311312       -0.68655121201207       -1.36422550384561
H            4.17488705127301       -2.52001528419279       -2.95217024378024
H            2.71537120436078       -4.14140880037410       -4.10250212604167
H            0.29118987830636       -4.15646855830775       -3.64755288730011
H           -0.67749168982217       -2.61347609450732       -2.01359419875339
H           -4.36286506536968        1.24943837446444        2.21119412528726
H           -5.74917730546916        3.28411397852267        2.13352012706644
H           -5.88746496023640        4.60617993722751        0.05337659305169
H           -4.65031766041149        3.87101311409401       -1.95189639020320
H           -3.27881288904106        1.83165376658319       -1.87934820450664
H            2.71766525746415        2.96953552004106       -0.36126852812549
H            4.24612471846267        4.56040675574040        0.70960759269095
H            6.18002726486331        3.74494839741316        2.01297960797842
H            6.57324186437112        1.31681540224828        2.23178001493326
H            5.03210239851207       -0.28145280041060        1.16517620745033
58
 energy: -98.233588907025 gnorm: 0.000190445691 xtb: 6.7.1 (edcfbbe)
O            0.42701047362380        3.43654259297752       -0.32890038133883
P           -0.10332361758926        2.22086201350989        0.28423653007587
O           -0.96910248380061        2.46591482669171        1.59901362538025
O           -1.03567765487883        1.39795258943482       -0.70561858985234
C           -1.55462916054065        0.21089565058134       -0.18491841948703
C           -2.89914728807390        0.18935453033535        0.24628614605945
C           -3.39280926514588       -0.98249865813645        0.76605293216743
C           -2.58130892313711       -2.12351923847069        0.91833368920744
C           -3.08797440933427       -3.30998558986479        1.49211720367779
C           -2.27790141158063       -4.39124228568316        1.69605221084304
C           -0.91980975028620       -4.32460007121120        1.35055742612427
C           -0.40129772346334       -3.19564384115160        0.77783973711852
C           -1.21907206069335       -2.07506901551647        0.51829418794304
C           -0.72494836490535       -0.88009769655313       -0.08072775033106
C            0.67509764352300       -0.77241536836651       -0.54358062570214
C            1.48882837501048        0.21667412833990       -0.03127454653791
O            0.95974210697649        1.15307589099924        0.85272536953955
C            2.87626005213041        0.25100607736652       -0.30762615938895
C            3.39992855111210       -0.69426556717824       -1.15545117451389
C            2.58590742949753       -1.64357406522624       -1.80249723021051
C            3.11510474600317       -2.55359858787776       -2.74289142949039
C            2.30410172963669       -3.44748788423541       -3.38388990747887
C            0.92625648000098       -3.46099157236841       -3.11893957893624
C            0.38535270470131       -2.60280210404202       -2.20129265638013
C            1.19936102495203       -1.68455240062586       -1.50365722126114
C           -3.72802779438629        1.40401853136894        0.17178828363267
C           -4.43723966235946        1.82053126456382        1.29605874141131
C           -5.20917985059933        2.96688773839444        1.25214259642418
C           -5.28792487106249        3.70804139475521        0.08425426273555
C           -4.59172534727992        3.29585081542233       -1.03999177419420
C           -3.81488468158034        2.15191510433976       -0.99904971330591
C            3.76837766878780        1.23496675649483        0.33652664899079
C            3.55585642483040        2.60352830446227        0.21199607307617
C            4.42319593794339        3.49875739634409        0.81388634282773
C            5.50841085902404        3.04154562165724        1.54275184602397
C            5.72848154149361        1.67931685162626        1.66572901007727
C            4.86646688308815        0.78111358151247        1.06368082222459
H           -0.87909576234779        3.37217571723349        1.89243616059137
H           -4.42563042055665       -1.03081969206001        1.08011334262650
H           -4.13017911152080       -3.33991052069452        1.77587303914110
H           -2.67210370343291       -5.29537522049352        2.13598725733177
H           -0.28028221319496       -5.17319266441279        1.54373192481346
H            0.64782177612431       -3.15261703728799        0.52834593218778
H            4.46046439958521       -0.68725723231962       -1.36338684845078
H            4.17446251640465       -2.51938380981959       -2.95287321177251
H            2.71425379711759       -4.13869078827790       -4.10526755180272
H            0.29019950159112       -4.15381750012635       -3.64984845139484
H           -0.67785402685511       -2.61244474044177       -2.01371807842461
H           -4.36169835935738        1.25113852033201        2.21137999503623
H           -5.74943384724503        3.28480198204508        2.13227704015378
H           -5.89001256083973        4.60432438809134        0.05058096515951
H           -4.65300282288234        3.86821195018573       -1.95429320046034
H           -3.27967891549847        1.82999309736992       -1.88015034446254
H            2.71845468084533        2.96897363180377       -0.36095402504127
H            4.24787246401794        4.55968869013178        0.70887078896390
H            6.18164672468139        3.74407138860038        2.01230732663282
H            6.57384154547183        1.31595860028393        2.23234762275638
H            5.03219802645453       -0.28223647471534        1.16622378906456
58
 energy: -98.233589448958 gnorm: 0.000126445899 xtb: 6.7.1 (edcfbbe)
O            0.42718893133748        3.43674488720628       -0.32726620455194
P           -0.10308318341539        2.22073039449540        0.28530788356009
O           -0.96866312206487        2.46532661675516        1.60030979809803
O           -1.03549092358106        1.39831005238233       -0.70484314773960
C           -1.55446530759664        0.21110414549781       -0.18435541815229
C           -2.89897801397341        0.18954551516125        0.24680130746707
C           -3.39260949787052       -0.98218735761456        0.76687836637582
C           -2.58108566084433       -2.12316262324910        0.91929410657729
C           -3.08760630287733       -3.30952758294177        1.49345029048283
C           -2.27754256491803       -4.39081547978478        1.69717060393719
C           -0.91956574508142       -4.32434992690499        1.35111871813570
C           -0.40117183154030       -3.19547406000215        0.77819605674658
C           -1.21896368560346       -2.07483230341810        0.51887443988954
C           -0.72485553273253       -0.87993172556285       -0.08024357331340
C            0.67517866145785       -0.77238763808601       -0.54322841773143
C            1.48902113096302        0.21652021287988       -0.03073543449692
O            0.95999952716494        1.15284523109361        0.85337533138921
C            2.87641351878157        0.25070741178071       -0.30711486368401
C            3.39993616481553       -0.69454157123679       -1.15509262822433
C            2.58575112467668       -1.64343164241515       -1.80248627603129
C            3.11469080152232       -2.55294125290085       -2.74353466856467
C            2.30338215278747       -3.44594654842480       -3.38535017719552
C            0.92554979630252       -3.45939285396228       -3.12024091428080
C            0.38494403525514       -2.60197421107954       -2.20172779628381
C            1.19919345814067       -1.68427650498625       -1.50361232861291
C           -3.72811960322763        1.40399622892476        0.17162194049173
C           -4.43714862767423        1.82123946830705        1.29571034913216
C           -5.20970686228745        2.96716026571846        1.25090473659432
C           -5.28927397661034        3.70704018456335        0.08227991865864
C           -4.59310973137501        3.29417796168993       -1.04175503441585
C           -3.81558250921831        2.15075156654533       -0.99990193303463
C            3.76874195351677        1.23453294584539        0.33693000568579
C            3.55659983321633        2.60310598678805        0.21218177667884
C            4.42439006290291        3.49817655808515        0.81368965057787
C            5.50948099459895        3.04073433272681        1.54259741735183
C            5.72904687248265        1.67845238957505        1.66595249191063
C            4.86674018439098        0.78042643283994        1.06410619266415
H           -0.87902286880723        3.37157346792048        1.89387300770582
H           -4.42542548287382       -1.03040124724609        1.08096886400115
H           -4.12969766774221       -3.33926535358593        1.77764692151748
H           -2.67164866810840       -5.29485553693012        2.13738021121940
H           -0.28009806789089       -5.17303543120008        1.54408463945179
H            0.64785855345949       -3.15238353492290        0.52833778450741
H            4.46049762477371       -0.68767354450851       -1.36290664273735
H            4.17406709437444       -2.51885629454345       -2.95344122900212
H            2.71328171268798       -4.13649606158298       -4.10749493828515
H            0.28934013615311       -4.15161764713265       -3.65175263676421
H           -0.67821158800974       -2.61160498467101       -2.01384075916045
H           -4.36102595680474        1.25277056085417        2.21155606661741
H           -5.74992543725788        3.28558688223280        2.13087280139867
H           -5.89206745437399        4.60282001290569        0.04776245584541
H           -4.65499284335440        3.86563922784282       -1.95657882435329
H           -3.28026634915934        1.82832289684485       -1.88075112828594
H            2.71929012814929        2.96874960280086       -0.36081643822395
H            4.24954803309442        4.55913656496952        0.70833253579267
H            6.18305502846635        3.74312847875272        2.01186301051461
H            6.57423595957764        1.31496991048183        2.23274552771821
H            5.03198159202559       -0.28296347547578        1.16689620423137
58
 energy: -98.233589853369 gnorm: 0.000125134039 xtb: 6.7.1 (edcfbbe)
O            0.42723054673916        3.43698124892633       -0.32592687778446
P           -0.10286299337671        2.22068429654708        0.28628160725227
O           -0.96815395470459        2.46496422664947        1.60155378169599
O           -1.03540273069775        1.39863618811515       -0.70401409210496
C           -1.55436764930140        0.21129630022492       -0.18372851819771
C           -2.89886568060422        0.18968523023008        0.24743468083599
C           -3.39241492256457       -0.98197474688983        0.76775715195055
C           -2.58085399556411       -2.12292424723277        0.92016256611064
C           -3.08722973700759       -3.30925634926894        1.49453703272042
C           -2.27716897557863       -4.39060169428485        1.69792095670235
C           -0.91930500347283       -4.32424363417514        1.35137005656552
C           -0.40102853024615       -3.19537299433565        0.77835965836377
C           -1.21885073083251       -2.07466794761794        0.51934715318650
C           -0.72479033756141       -0.87977670411616       -0.07981252913089
C            0.67517467329314       -0.77229610081016       -0.54300099420467
C            1.48912929524344        0.21647999859833       -0.03041885872731
O            0.96021741199547        1.15266651804461        0.85389419453676
C            2.87647147627197        0.25061539218591       -0.30691109881298
C            3.39986974735835       -0.69458907134438       -1.15503244606955
C            2.58554599874148       -1.64321287485115       -1.80260647890331
C            3.11430500227197       -2.55241508237347       -2.74406789215446
C            2.30279824869852       -3.44491018153181       -3.38631829383918
C            0.92497667578567       -3.45830451980588       -3.12108115501594
C            0.38457797530124       -2.60134165079411       -2.20203664822333
C            1.19899988928337       -1.68399009466898       -1.50364759212184
C           -3.72821477133780        1.40396130558298        0.17162513005563
C           -4.43729783300603        1.82184262571817        1.29542337875307
C           -5.21028186078929        2.96745548102910        1.24974034501848
C           -5.29021062185603        3.70634167304260        0.08052263769529
C           -4.59391328103343        3.29286639254923       -1.04321423453254
C           -3.81595635363023        2.14977719018216       -1.00048082040619
C            3.76895258779707        1.23430794700453        0.33710588284385
C            3.55722127737568        2.60291872378207        0.21220658901726
C            4.42530313450346        3.49777022748013        0.81364695233817
C            5.51026353382481        3.04005142549614        1.54256176478356
C            5.72938848215082        1.67770494218575        1.66610065563952
C            4.86678067084348        0.77991017862792        1.06437299498841
H           -0.87876805808356        3.37120143561786        1.89521116982579
H           -4.42519389438486       -1.03013341968913        1.08197803426126
H           -4.12921788392082       -3.33891606784941        1.77911764149503
H           -2.67117655315196       -5.29464524174037        2.13821232360616
H           -0.27986311570407       -5.17301241878876        1.54405306526575
H            0.64791988412366       -3.15226282254189        0.52816048356039
H            4.46041399537811       -0.68771957601769       -1.36293087595057
H            4.17369242434648       -2.51843248992853       -2.95393475279372
H            2.71251821041163       -4.13512151600798       -4.10888645923591
H            0.28865021725406       -4.15014609352179       -3.65295127786682
H           -0.67854443817005       -2.61097278713401       -2.01394881084638
H           -4.36090340272834        1.25413845156441        2.21172085618317
H           -5.75050649509354        3.28642228261414        2.12950906640487
H           -5.89334526504832        4.60186210003900        0.04528594350531
H           -4.65609988388432        3.86356003705023       -1.95849589741983
H           -3.28055382879041        1.82681132998829       -1.88108345233746
H            2.71990024430461        2.96878662836936       -0.36064270573178
H            4.25081260912267        4.55878079016498        0.70819743861019
H            6.18406924403960        3.74227012667645        2.01175474070068
H            6.57446057650246        1.31402495467928        2.23294010286116
H            5.03169874936406       -0.28353532154791        1.16710672487892
58
 energy: -98.233590249780 gnorm: 0.000136651619 xtb: 6.7.1 (edcfbbe)
O            0.42724355093905        3.43723563512350       -0.32465892451270
P           -0.10260877838299        2.22069781450742        0.28730820692223
O           -0.96755072731695        2.46472656430891        1.60288377397258
O           -1.03536553329715        1.39896500703192       -0.70303779215869
C           -1.55430058178873        0.21149693350109       -0.18297294999120
C           -2.89877639995250        0.18980144190886        0.24824923908030
C           -3.39218354935122       -0.98180861626551        0.76881188118492
C           -2.58056954919623       -2.12274629266674        0.92108300547761
C           -3.08679504221612       -3.30910396887269        1.49554438295395
C           -2.27673532545914       -4.39053677824306        1.69846641902419
C           -0.91899773006093       -4.32424534606582        1.35140342163665
C           -0.40085517051825       -3.19533098191977        0.77836341396529
C           -1.21870679826986       -2.07454418106251        0.51979318218740
C           -0.72473427482675       -0.87961213625950       -0.07935960367831
C            0.67512225637948       -0.77213848309848       -0.54281628213405
C            1.48920683038886        0.21650575778346       -0.03018301621898
O            0.96046260786130        1.15250623805910        0.85442446103814
C            2.87647103302832        0.25070386929390       -0.30695169268705
C            3.39971112427780       -0.69435215075676       -1.15534055618241
C            2.58525241382851       -1.64284695915944       -1.80292238571383
C            3.11385064039190       -2.55190833595179       -2.74461991141457
C            2.30219434383380       -3.44415067239626       -3.38701666745878
C            0.92439095275451       -3.45747788933341       -3.12164250510746
C            0.38417449269758       -2.60075967760886       -2.20226724753423
C            1.19875296568722       -1.68363474301600       -1.50375587884185
C           -3.72833181858936        1.40389827598973        0.17175968158708
C           -4.43763201911888        1.82245391742881        1.29515489286915
C           -5.21090019182055        2.96784779049467        1.24849389580937
C           -5.29091110425600        3.70579999737638        0.07869678567460
C           -4.59439691592198        3.29162926808888       -1.04465566681587
C           -3.81615086726134        2.14878666941314       -1.00093796640023
C            3.76909591601752        1.23420965138374        0.33714787019328
C            3.55768424947449        2.60287382489610        0.21237270502381
C            4.42608662262159        3.49743947606111        0.81379345529993
C            5.51089307335161        3.03937644042287        1.54270428990945
C            5.72963061435958        1.67695774241564        1.66620922371736
C            4.86681439914650        0.77945987105401        1.06435868988682
H           -0.87836045885297        3.37096558612952        1.89658667504410
H           -4.42491059691682       -1.02997076506971        1.08320538962459
H           -4.12866401371021       -3.33873098330632        1.78056014444844
H           -2.67061823918583       -5.29461065834433        2.13880976061925
H           -0.27954867190379       -5.17308805844023        1.54373560192574
H            0.64800685550809       -3.15224170160785        0.52779954980228
H            4.46023003632708       -0.68749744903531       -1.36336567434808
H            4.17322336914514       -2.51796501400851       -2.95456535818998
H            2.71175852909216       -4.13421252802241       -4.10981536720299
H            0.28795403466841       -4.14910846585092       -3.65365304926214
H           -0.67892046211681       -2.61039099770177       -2.01401685870819
H           -4.36124350752048        1.25545002717725        2.21188673886414
H           -5.75130517763619        3.28736154530266        2.12795374239164
H           -5.89422353692579        4.60116910842053        0.04271193033588
H           -4.65661377942276        3.86160001017153       -1.96038446828150
H           -3.28057203332677        1.82524946316333       -1.88122664173746
H            2.72050783562227        2.96900954383387       -0.36051676776292
H            4.25192820929172        4.55851538547386        0.70837297293445
H            6.18492204895156        3.74137281032562        2.01190851299666
H            6.57459128318411        1.31300359646523        2.23303694390873
H            5.03132256649409       -0.28405542884480        1.16709239183434
58
 energy: -98.233590661829 gnorm: 0.000127457416 xtb: 6.7.1 (edcfbbe)
O            0.42732165757522        3.43749311014073       -0.32330929098323
P           -0.10228463667452        2.22076271138096        0.28849448314054
O           -0.96685221018783        2.46453342680444        1.60438871917347
O           -1.03534482240385        1.39932033149309       -0.70184668731845
C           -1.55422929731995        0.21172811939644       -0.18202882574338
C           -2.89868566586084        0.18990617340698        0.24926658163920
C           -3.39189985763748       -0.98167124350060        0.77006244140320
C           -2.58021695135096       -2.12260570892105        0.92211016675625
C           -3.08626503879202       -3.30900056160296        1.49664622244617
C           -2.27620798879417       -4.39054660157685        1.69900874590526
C           -0.91863561132226       -4.32433172173016        1.35131046499531
C           -0.40064354992602       -3.19534228809761        0.77826514970765
C           -1.21851138072713       -2.07444227670361        0.52027590749039
C           -0.72466010342511       -0.87941590977964       -0.07880487480459
C            0.67504861652871       -0.77188514392768       -0.54262844903950
C            1.48929159886744        0.21661122293060       -0.02997999804801
O            0.96079416716279        1.15234973860071        0.85505699246725
C            2.87646843142594        0.25089328902817       -0.30712404332846
C            3.39949297832950       -0.69395185000643       -1.15587463834281
C            2.58485498461720       -1.64232415442989       -1.80342397490231
C            3.11323628635468       -2.55128018221297       -2.74534891039200
C            2.30143424150369       -3.44346959253869       -3.38763499479089
C            0.92367987019648       -3.45676859175029       -3.12200119622246
C            0.38367276586631       -2.60013440900438       -2.20241918725413
C            1.19843218418340       -1.68315835549127       -1.50392816025525
C           -3.72847967753717        1.40379151766055        0.17198247204477
C           -4.43817314328899        1.82309741399383        1.29483696309012
C           -5.21164731636470        2.96831599143440        1.24701672930321
C           -5.29147845672447        3.70531924946974        0.07660947951544
C           -4.59462869817522        3.29034096693721       -1.04624008411329
C           -3.81619339547959        2.14768383304869       -1.00136273776186
C            3.76925199374605        1.23415655587045        0.33713080211584
C            3.55821700757073        2.60289812154638        0.21252785254497
C            4.42683394120739        3.49712912026460        0.81413624863965
C            5.51150011571100        3.03866676979753        1.54297929376984
C            5.72987587673743        1.67616578823079        1.66629434150839
C            4.86679008665465        0.77900019638795        1.06433327716319
H           -0.87783656592863        3.37079208841129        1.89808308024865
H           -4.42455256602753       -1.02987538694218        1.08469872093259
H           -4.12800870279634       -3.33863428191774        1.78211161039431
H           -2.66997390402956       -5.29469405018021        2.13930686441907
H           -0.27917420172074       -5.17327901334803        1.54313754744966
H            0.64811213459533       -3.15233904849053        0.52723975201487
H            4.45994188544381       -0.68700409426905       -1.36424736141138
H            4.17257036893174       -2.51735729338422       -2.95549197279037
H            2.71083788636504       -4.13354063428972       -4.11051596044836
H            0.28710137319160       -4.14829196345436       -3.65398127318252
H           -0.67939212151051       -2.60974921256150       -2.01399450914092
H           -4.36192891669803        1.25686937436746        2.21206312644738
H           -5.75234793151373        3.28847016038120        2.12606362301632
H           -5.89495792036769        4.60053902047704        0.03974349574886
H           -4.65677657865988        3.85947069804741       -1.96249740990932
H           -3.28036195288583        1.82347829317790       -1.88125576208445
H            2.72108820840134        2.96932884029115       -0.36022295540891
H            4.25296015091922        4.55828320627753        0.70889370047544
H            6.18571787956687        3.74040927419502        2.01228920623536
H            6.57475749623035        1.31187811556141        2.23302681782522
H            5.03106497644770       -0.28458914880220        1.16677237744994
58
 energy: -98.233591055087 gnorm: 0.000102240090 xtb: 6.7.1 (edcfbbe)
O            0.42756210621521        3.43769683812412       -0.32186645975059
P           -0.10187266515383        2.22084112824669        0.28982204670645
O           -0.96609598791813        2.46434009679316        1.60600861165202
O           -1.03529149335170        1.39968522483660       -0.70049716913729
C           -1.55412499323104        0.21197552383621       -0.18094463325130
C           -2.89856996612619        0.19000608569652        0.25042144713089
C           -3.39156012133538       -0.98153870230291        0.77147839616255
C           -2.57978944596704       -2.12246089787714        0.92329349440435
C           -3.08565758421979       -3.30891302203890        1.49785132923529
C           -2.27561439743331       -4.39060247632375        1.69956377503565
C           -0.91822781067237       -4.32446950729724        1.35117101183424
C           -0.40039215692105       -3.19538475524939        0.77815141812258
C           -1.21825784777980       -2.07433896176502        0.52085588232907
C           -0.72455243711555       -0.87920100615639       -0.07813155972452
C            0.67499139874028       -0.77157695875620       -0.54237503732975
C            1.48942448565351        0.21674405362146       -0.02971982208153
O            0.96123344192357        1.15218032327786        0.85583062083641
C            2.87648822346499        0.25116708747218       -0.30740365262330
C            3.39920511628134       -0.69334465710212       -1.15669752877633
C            2.58434908632804       -1.64162598675250       -1.80413188426617
C            3.11243847352149       -2.55051580775177       -2.74627979450835
C            2.30046547424185       -3.44277477907335       -3.38826300062547
C            0.92278865854919       -3.45605941146002       -3.12225247315644
C            0.38305531498309       -2.59943671322485       -2.20248926581753
C            1.19804599351004       -1.68257844769519       -1.50412579668966
C           -3.72861389947815        1.40366580394396        0.17223829296710
C           -4.43882049574720        1.82378865036511        1.29444905179352
C           -5.21252884099299        2.96880393244100        1.24529177138144
C           -5.29211318259227        3.70474849813133        0.07419693294616
C           -4.59479682696366        3.28890548181139       -1.04803963551159
C           -3.81612469912346        2.14647449475916       -1.00181952987626
C            3.76948654767896        1.23411011811083        0.33705908425733
C            3.55871660897493        2.60293486660187        0.21288044661083
C            4.42756193536872        3.49679314613305        0.81471225003995
C            5.51213488267186        3.03788343000939        1.54341452684343
C            5.73021595615061        1.67530276878449        1.66633794948124
C            4.86694700084329        0.77850763481308        1.06407768164747
H           -0.87724414591971        3.37063699791257        1.89964227460528
H           -4.42414158886495       -1.02982076329457        1.08634039432352
H           -4.12725401853303       -3.33853468304991        1.78385253541200
H           -2.66923963169591       -5.29478935572136        2.13990939440585
H           -0.27874525190982       -5.17352885272303        1.54243401194575
H            0.64823913758400       -3.15250808647702        0.52658712967582
H            4.45957796821877       -0.68634588811487       -1.36545408251475
H            4.17168756817648       -2.51651965959697       -2.95683796815606
H            2.70966223411833       -4.13286905806083       -4.11124057336257
H            0.28603610397703       -4.14758328560351       -3.65402274997414
H           -0.67996029490999       -2.60905451529270       -2.01378854282759
H           -4.36287346484168        1.25836263444868        2.21219626018700
H           -5.75361903888914        3.28966408542648        2.12384330830630
H           -5.89565084950843        4.59988652350598        0.03637386110272
H           -4.65668240817525        3.85718511622842       -1.96484030589454
H           -3.27994891182468        1.82154438039023       -1.88123769061402
H            2.72168503808166        2.96968742247864       -0.35980385252631
H            4.25393454800944        4.55802525612130        0.70976687938611
H            6.18650894251811        3.73934130884361        2.01292652970747
H            6.57500342642504        1.31064237811284        2.23297035387730
H            5.03091878518654       -0.28515505241892        1.16631405444389
58
 energy: -98.233591335092 gnorm: 0.000078342346 xtb: 6.7.1 (edcfbbe)
O            0.42788949060807        3.43779071676857       -0.32075442646371
P           -0.10150648255640        2.22090321401744        0.29088184789189
O           -0.96550054203398        2.46419542920538        1.60725740381643
O           -1.03521493627863        1.39996030524618       -0.69941132135945
C           -1.55400624544451        0.21217414513064       -0.18004192198753
C           -2.89845657601166        0.19007814329536        0.25133336484984
C           -3.39126837133245       -0.98143762900862        0.77259918263122
C           -2.57941930516976       -2.12233876679309        0.92427484632016
C           -3.08513510184371       -3.30881326364272        1.49890958269871
C           -2.27510010879559       -4.39060672854119        1.70014539845219
C           -0.91787122578946       -4.32456363274615        1.35115518196767
C           -0.40015460408781       -3.19540773001756        0.77814986860480
C           -1.21801242023092       -2.07424140412431        0.52140025768677
C           -0.72442302058049       -0.87901447775930       -0.07750432780203
C            0.67498047412599       -0.77130582423180       -0.54212912985946
C            1.48957601867938        0.21687731569955       -0.02949997303936
O            0.96164892218173        1.15205567261342        0.85649354330529
C            2.87654624921114        0.25139504925101       -0.30766009163221
C            3.39896594965920       -0.69282847837756       -1.15744982251456
C            2.58389824841316       -1.64100544034013       -1.80479612092572
C            3.11167079167423       -2.54976686277451       -2.74724064571040
C            2.29952754110492       -3.44212322814913       -3.38888720126502
C            0.92195552743104       -3.45551421373170       -3.12236639816169
C            0.38250188749023       -2.59889216888771       -2.20243176611037
C            1.19771284116761       -1.68208045334491       -1.50427472385267
C           -3.72872845953922        1.40353070341129        0.17238230223027
C           -4.43942137161098        1.82427344527892        1.29404206258805
C           -5.21330174661258        2.96913237890188        1.24380187179910
C           -5.29256941686740        3.70428924316903        0.07218944126365
C           -4.59481780994686        3.28777839219431       -1.04952731277886
C           -3.81599667320242        2.14550220143448       -1.00222882287688
C            3.76973896855007        1.23404651335281        0.33699484490577
C            3.55913865226107        2.60294409262445        0.21326515997104
C            4.42810151356569        3.49649673303917        0.81536838954928
C            5.51262301794242        3.03721737782130        1.54391112116527
C            5.73054721627098        1.67457212439137        1.66637035734023
C            4.86714892229493        0.77807500612067        1.06383570230770
H           -0.87675311504197        3.37053054766965        1.90081580869048
H           -4.42379784589699       -1.02978457764325        1.08762491353800
H           -4.12662527992471       -3.33842914080244        1.78529407936106
H           -2.66864389573453       -5.29484706254742        2.14045327194691
H           -0.27839056323737       -5.17373776286508        1.54191661085827
H            0.64837914642466       -3.15262852039673        0.52616181700137
H            4.45924990307000       -0.68571606131091       -1.36665502694051
H            4.17083288437024       -2.51570062943674       -2.95822452630473
H            2.70852619082968       -4.13226845474013       -4.11192791598223
H            0.28503272985874       -4.14706921364209       -3.65389255221655
H           -0.68045965056616       -2.60851505441431       -2.01342942323076
H           -4.36371454836759        1.25950529910437        2.21221587421558
H           -5.75479003494092        3.29051271586009        2.12191836788808
H           -5.89629719577875        4.59926474092079        0.03353187910243
H           -4.65652812232634        3.85533925779977       -1.96678654687855
H           -3.27946882502264        1.82003096990395       -1.88123317622269
H            2.72211799649038        2.96996396690997       -0.35925254480787
H            4.25456809876421        4.55778849802159        0.71082917719771
H            6.18708782483353        3.73844332270756        2.01363865208577
H            6.57534754596608        1.30960981638707        2.23279053432000
H            5.03105894173428       -0.28564055788474        1.16565300117375
58
 energy: -98.233591517897 gnorm: 0.000061857867 xtb: 6.7.1 (edcfbbe)
O            0.42821341628438        3.43777500749433       -0.32016257226652
P           -0.10124866929925        2.22092410168625        0.29147181270362
O           -0.96515104923153        2.46412046941763        1.60791530483053
O           -1.03511818963007        1.40009657326367       -0.69880135334884
C           -1.55389620409997        0.21228018890378       -0.17951049393653
C           -2.89836056508639        0.19011718522158        0.25183203918429
C           -3.39107685316659       -0.98137168862488        0.77324268450497
C           -2.57917328012582       -2.12224126210231        0.92491695570108
C           -3.08481520414631       -3.30872860430059        1.49958368490456
C           -2.27479099182051       -4.39058279538078        1.70055730649477
C           -0.91763853550026       -4.32458503018169        1.35127653888734
C           -0.39997621624707       -3.19538839490460        0.77829916401622
C           -1.21782885788753       -2.07415945416250        0.52182694440319
C           -0.72430517562994       -0.87890410520968       -0.07706354308754
C            0.67501800603972       -0.77115431235482       -0.54192522910879
C            1.48971963683112        0.21695579660883       -0.02934264876024
O            0.96195482241942        1.15198849739322        0.85690990752319
C            2.87662243276726        0.25154030553809       -0.30785487375964
C            3.39881057022794       -0.69246792543869       -1.15802202199216
C            2.58359029787719       -1.64057706774948       -1.80528987327215
C            3.11111425271904       -2.54923892292492       -2.74796530974187
C            2.29884093703204       -3.44167857936064       -3.38934015652557
C            0.92135158707414       -3.45516540912156       -3.12241389391116
C            0.38212479268058       -2.59858056482168       -2.20231121263757
C            1.19750275383313       -1.68177981581841       -1.50433889729228
C           -3.72876382203575        1.40344616856567        0.17240277978449
C           -4.43981368251777        1.82449824709295        1.29371325639641
C           -5.21385168465660        2.96922596513057        1.24282204506101
C           -5.29293503557935        3.70392186420262        0.07090607966601
C           -4.59482316988317        3.28709660593722       -1.05046718442564
C           -3.81583896586900        2.14496331830785       -1.00251409525914
C            3.76996010798167        1.23398620400896        0.33692224663998
C            3.55936554108013        2.60292731592195        0.21363758861410
C            4.42832914077146        3.49628515479858        0.81602319102408
C            5.51290988969103        3.03676946521943        1.54433703057820
C            5.73087176349426        1.67408833482849        1.66628604628581
C            4.86742674436289        0.77778082812322        1.06352623805787
H           -0.87643513968531        3.37047889752582        1.90142053128598
H           -4.42359718093856       -1.02976688681767        1.08829125102841
H           -4.12624335353970       -3.33832015766424        1.78619665878288
H           -2.66828011046807       -5.29481855253420        2.14092425876819
H           -0.27816408349773       -5.17382075311505        1.54178480477036
H            0.64850142751606       -3.15265808391744        0.52606919072022
H            4.45903519110169       -0.68529368926301       -1.36752749123295
H            4.17018856239201       -2.51503752286838       -2.95936702500306
H            2.70766195147930       -4.13175041746724       -4.11255273507427
H            0.28431003907737       -4.14678855508717       -3.65370926573196
H           -0.68077760866350       -2.60827708678118       -2.01298340102905
H           -4.36430454636760        1.26007316029791        2.21211371987563
H           -5.75561920299269        3.29087144112626        2.12066900426174
H           -5.89672206448391        4.59883465776193        0.03177589555037
H           -4.65632289579644        3.85431747244603       -1.96794887431645
H           -3.27904604948219        1.81922092841671       -1.88125572978967
H            2.72230522848918        2.97012329190164       -0.35870963047228
H            4.25480071601106        4.55760991533682        0.71182098051718
H            6.18736737479919        3.73784372991075        2.01430195506021
H            6.57566916366798        1.30893828589271        2.23258970131684
H            5.03135204082822       -0.28596374021092        1.16501071457659
58
 energy: -98.233591679598 gnorm: 0.000049376159 xtb: 6.7.1 (edcfbbe)
O            0.42850277389752        3.43771488033018       -0.31988564595947
P           -0.10105863296686        2.22092433505674        0.29177248853293
O           -0.96493125933703        2.46409697605721        1.60822678321316
O           -1.03501276227700        1.40015430158055       -0.69847705768105
C           -1.55379230232077        0.21233570225822       -0.17919254697782
C           -2.89827936954803        0.19013760491945        0.25208180461824
C           -3.39094757465903       -0.98132570815481        0.77359691686035
C           -2.57900157039875       -2.12215421629774        0.92535832477155
C           -3.08459405587314       -3.30862072026896        1.50011019446321
C           -2.27456379423485       -4.39048414710561        1.70101512224208
C           -0.91745149638520       -4.32452569780679        1.35156846194222
C           -0.39981973552902       -3.19532564055916        0.77857380486764
C           -1.21767804600663       -2.07407837857157        0.52219746534288
C           -0.72419032218887       -0.87883104377023       -0.07672055695110
C            0.67508212993657       -0.77107101086861       -0.54175296674821
C            1.48985691440433        0.21700623582185       -0.02923607197535
O            0.96219165053711        1.15196456621471        0.85716051552943
C            2.87671026199506        0.25162844389760       -0.30801233139039
C            3.39870970338330       -0.69222272815770       -1.15847176594465
C            2.58336807572224       -1.64027173155896       -1.80568029472266
C            3.11066635348479       -2.54876876978001       -2.74863939302367
C            2.29827603308122       -3.44123284176322       -3.38983712360894
C            0.92087983670749       -3.45491704004583       -3.12244675749883
C            0.38185579127720       -2.59842787073098       -2.20213872361439
C            1.19736491612730       -1.68160189506227       -1.50435290923065
C           -3.72879050828405        1.40336841055740        0.17232182564656
C           -4.44013145875682        1.82454575033701        1.29339695625671
C           -5.21429144620459        2.96917432254821        1.24211626375842
C           -5.29319198782819        3.70364874725666        0.07004968331279
C           -4.59478711204646        3.28669676387163       -1.05109238591820
C           -3.81569613789836        2.14465516924765       -1.00275596756231
C            3.77016590075616        1.23391122206885        0.33685515500485
C            3.55948437444175        2.60288185229652        0.21405234106443
C            4.42844657926845        3.49609065748690        0.81665999060996
C            5.51309813519336        3.03639292017890        1.54476484244593
C            5.73115819404205        1.67368652892298        1.66621390953992
C            4.86774392066879        0.77752786432809        1.06318613530772
H           -0.87620121985095        3.37046491736532        1.90170485698268
H           -4.42347356187353       -1.02974563518951        1.08862208659968
H           -4.12600063182256       -3.33819968230617        1.78680434152319
H           -2.66803895402725       -5.29472415887072        2.14138472001725
H           -0.27798751679110       -5.17379511164346        1.54196318032711
H            0.64863437356247       -3.15259507589188        0.52624543104584
H            4.45888283687444       -0.68498067416942       -1.36823825065206
H            4.16967229036624       -2.51446796080128       -2.96036539772701
H            2.70694800554353       -4.13123476383837       -4.11319963738019
H            0.28374013262889       -4.14657562669793       -3.65357863727947
H           -0.68099244932203       -2.60819738067027       -2.01251532843760
H           -4.36474435814390        1.26031599265755        2.21192744416954
H           -5.75631336848688        3.29090612987836        2.11977376399877
H           -5.89713969141197        4.59844015506130        0.03059048923485
H           -4.65617883037707        3.85371588814011       -1.96870716924289
H           -3.27865832206418        1.81881938661667       -1.88131208183368
H            2.72236238686591        2.97022209226883       -0.35811802657641
H            4.25481059698218        4.55743368573098        0.71287898283474
H            6.18752540439732        3.73734805866759        2.01495237146632
H            6.57604568545682        1.30840033856928        2.23229465496311
H            5.03175521951340       -0.28623438951410        1.16430571924393
58
 energy: -98.233591842762 gnorm: 0.000045252703 xtb: 6.7.1 (edcfbbe)
O            0.42876023051062        3.43762921755949       -0.31984605621740
P           -0.10090902265104        2.22090842324049        0.29185483700950
O           -0.96479411650075        2.46411789645023        1.60828133153202
O           -1.03489225490205        1.40015116855634       -0.69836456266395
C           -1.55368983765802        0.21235312509210       -0.17903385169325
C           -2.89820211430094        0.19015041783466        0.25215286700848
C           -3.39085438483304       -0.98128213102750        0.77376180148063
C           -2.57887513819478       -2.12206256982954        0.92568807771810
C           -3.08444932813312       -3.30849757853836        1.50052449221878
C           -2.27440464600796       -4.39033717940851        1.70149231777813
C           -0.91729022781432       -4.32438853672547        1.35204022161637
C           -0.39966882120286       -3.19521453387806        0.77899153460367
C           -1.21754488903272       -2.07399138820553        0.52255307510417
C           -0.72407557867764       -0.87878799056629       -0.07644727484999
C            0.67516823858993       -0.77104617190603       -0.54159716644509
C            1.48999369322646        0.21702992915251       -0.02916751663615
O            0.96238207322809        1.15197102854700        0.85728337530273
C            2.87681119440748        0.25166921443124       -0.30814323655201
C            3.39865009752565       -0.69206203587209       -1.15884092049746
C            2.58320385045459       -1.64004716806876       -1.80601287603541
C            3.11030140262769       -2.54836486464065       -2.74925637295014
C            2.29780384667577       -3.44081614878243       -3.39033744562173
C            0.92048880901854       -3.45468137037905       -3.12253680920360
C            0.38165508653075       -2.59835299243803       -2.20197230001519
C            1.19727761909804       -1.68150847863708       -1.50434138975710
C           -3.72879100297049        1.40330926280867        0.17216863229635
C           -4.44039531548892        1.82447253251750        1.29308154513700
C           -5.21469778809889        2.96899453547472        1.24157833863062
C           -5.29347460238626        3.70337638346363        0.06944547419602
C           -4.59478013459571        3.28645633252733       -1.05152788610961
C           -3.81554644688531        2.14452106407411       -1.00296924395307
C            3.77036108294564        1.23381511598793        0.33680173847374
C            3.55954053831947        2.60280966895003        0.21451404931581
C            4.42844312509163        3.49589120717676        0.81739470919870
C            5.51323347098233        3.03604143905934        1.54520123493365
C            5.73148986860220        1.67331496644382        1.66605646414576
C            4.86809130215400        0.77728208505935        1.06281920614798
H           -0.87600498586860        3.37047917521735        1.90176531322975
H           -4.42340543365773       -1.02971771920862        1.08870023541310
H           -4.12585282481746       -3.33805781569725        1.78723427865567
H           -2.66786758517446       -5.29454476259979        2.14193952850785
H           -0.27783180905720       -5.17365577122587        1.54246389380879
H            0.64877883133161       -3.15246664533108        0.52663441702041
H            4.45877922132505       -0.68475993479957       -1.36883066786795
H            4.16923267140822       -2.51390767261534       -2.96133079200084
H            2.70631604482819       -4.13062470402539       -4.11397539097433
H            0.28326797949277       -4.14637000913769       -3.65353261045709
H           -0.68112886913138       -2.60827013008531       -2.01199884814444
H           -4.36511149747621        1.26031218340531        2.21166264751296
H           -5.75693938379514        3.29069999236152        2.11910917811704
H           -5.89754062115570        4.59807990861592        0.02980084287311
H           -4.65605074908956        3.85342597998968       -1.96918176562980
H           -3.27829078330277        1.81870777704611       -1.88139939346033
H            2.72232093447756        2.97028097848316       -0.35743078343399
H            4.25468090041564        4.55724854263920        0.71401985501006
H            6.18760315787827        3.73689391762385        2.01562462366648
H            6.57646485156316        1.30791648645753        2.23193388043292
H            5.03226007035249       -0.28649365251990        1.16350114287457
58
 energy: -98.233592035517 gnorm: 0.000049643232 xtb: 6.7.1 (edcfbbe)
O            0.42901344622722        3.43752537376350       -0.31995869136187
P           -0.10075944359799        2.22087877942602        0.29180391375805
O           -0.96468347052312        2.46417826082203        1.60817756533213
O           -1.03474157160600        1.40010388090627       -0.69837338911446
C           -1.55357627443843        0.21234848824764       -0.17895558721517
C           -2.89812182157848        0.19015994352188        0.25211398085349
C           -3.39077710504969       -0.98123677167160        0.77381726747513
C           -2.57876239621703       -2.12195231120484        0.92599759985483
C           -3.08432201662034       -3.30832214419577        1.50098470124796
C           -2.27424108601247       -4.39009326488550        1.70216222529205
C           -0.91710756024875       -4.32415334712417        1.35276368807240
C           -0.39949634474383       -3.19504610655609        0.77958251779450
C           -1.21740614370317       -2.07388729880608        0.52295434444287
C           -0.72394827623921       -0.87875987366956       -0.07618276871688
C            0.67527521425478       -0.77106057292603       -0.54143057631628
C            1.49014743838584        0.21703102277692       -0.02911226236597
O            0.96256496734110        1.15199397263250        0.85733636032681
C            2.87693203463638        0.25168601858662       -0.30828074880748
C            3.39860242695013       -0.69191641210955       -1.15923106351297
C            2.58304773677857       -1.63982768910644       -1.80637384304610
C            3.10992222014040       -2.54787023932963       -2.75000735259160
C            2.29730400778823       -3.44025336467631       -3.39103079961913
C            0.92009747331655       -3.45441983735767       -3.12268434895208
C            0.38147736478292       -2.59834846408403       -2.20176012556674
C            1.19721089275580       -1.68146809492490       -1.50430584573176
C           -3.72879332801914        1.40324442354977        0.17193077909324
C           -4.44071040646808        1.82428932828637        1.29269168381976
C           -5.21518841096023        2.96868356804715        1.24103474577463
C           -5.29381581465383        3.70306819876848        0.06889421836521
C           -4.59477569983205        3.28629265907134       -1.05191676308934
C           -3.81537511543038        2.14447653026544       -1.00320823647238
C            3.77058291430680        1.23368084270282        0.33675000403235
C            3.55954370215165        2.60270169280609        0.21514548955837
C            4.42840445162237        3.49563438499297        0.81831027875972
C            5.51338763243385        3.03560833341331        1.54572378333831
C            5.73190456282922        1.67285884884982        1.66583978256004
C            4.86855873263051        0.77697780923421        1.06230533429753
H           -0.87577673258718        3.37051258162327        1.90170987278268
H           -4.42336427925601       -1.02968021958201        1.08863390469372
H           -4.12574791417756       -3.33788030480154        1.78761493709762
H           -2.66769887672587       -5.29425402362861        2.14270965910838
H           -0.27763934884785       -5.17337481435052        1.54335892390367
H            0.64896199487426       -3.15225818009162        0.52726942238328
H            4.45868662202562       -0.68455682845944       -1.36944816040194
H            4.16878105577986       -2.51326358075574       -2.96241813328905
H            2.70564523178774       -4.12983468481875       -4.11498058644836
H            0.28278685654795       -4.14610118233962       -3.65358254707122
H           -0.68123684369350       -2.60843644192825       -2.01141022988767
H           -4.36553600907638        1.26013165783143        2.21128277198014
H           -5.75768766557313        3.29027298932213        2.11844828943437
H           -5.89803994840058        4.59765865683665        0.02910893762784
H           -4.65591691498656        3.85328450765255       -1.96956582518756
H           -3.27785839869928        1.81878111853716       -1.88152131597594
H            2.72218349961546        2.97033014173959       -0.35649393236001
H            4.25442654525141        4.55700853679399        0.71550751807767
H            6.18769060767807        3.73633876293521        2.01642534459529
H            6.57705135128005        1.30733007132940        2.23137619797817
H            5.03291423399417       -0.28681533179064        1.16246708919077
58
 energy: -98.233592259906 gnorm: 0.000055809436 xtb: 6.7.1 (edcfbbe)
O            0.42922944354981        3.43743060495667       -0.32019918391652
P           -0.10061838660737        2.22085492244246        0.29164834884283
O           -0.96459587629912        2.46429024156071        1.60795562954911
O           -1.03458210840831        1.40003137844138       -0.69847044078125
C           -1.55346477569064        0.21233530274282       -0.17893648213454
C           -2.89805128502494        0.19016491460792        0.25199104568593
C           -3.39070843196243       -0.98119056483105        0.77380559548206
C           -2.57864537683709       -2.12181955821491        0.92632213558245
C           -3.08418205901069       -3.30809769405324        1.50152362133606
C           -2.27402818113476       -4.38974262228392        1.70307092288612
C           -0.91685353398843       -4.32378089636086        1.35381686500147
C           -0.39927440462144       -3.19479025454705        0.78038172891568
C           -1.21724960231510       -2.07375276560129        0.52341924230787
C           -0.72381435917747       -0.87873079754870       -0.07592270882183
C            0.67538707641101       -0.77108661290397       -0.54127070087804
C            1.49030225677444        0.21703494675250       -0.02908881354635
O            0.96272861609415        1.15204108265305        0.85732410912924
C            2.87705729137025        0.25170237192011       -0.30844166032895
C            3.39854853032930       -0.69175478673417       -1.15967312642580
C            2.58287738525652       -1.63957781224547       -1.80679910682183
C            3.10951631124633       -2.54729532063376       -2.75087705242803
C            2.29677028252778       -3.43958735675558       -3.39186428033601
C            0.91967604157913       -3.45406353357286       -3.12295632298262
C            0.38129007953582       -2.59832978976009       -2.20158481651969
C            1.19713989994539       -1.68142659471495       -1.50429750063980
C           -3.72882582779068        1.40316039924632        0.17160586856679
C           -4.44114330234787        1.82399731558168        1.29219611292516
C           -5.21583419782563        2.96823822281086        1.24041018478953
C           -5.29425270995980        3.70270402314954        0.06830718493079
C           -4.59477516408685        3.28616887495137       -1.05232075566069
C           -3.81517999081935        2.14448844038433       -1.00349004602756
C            3.77082356546663        1.23349695896332        0.33672597191321
C            3.55951832233431        2.60255651447978        0.21601875791157
C            4.42835637394213        3.49527916759482        0.81952718975244
C            5.51362143619214        3.03501073122517        1.54636413889848
C            5.73246906809456        1.67222719109959        1.66550262969887
C            4.86911883328141        0.77655784958935        1.06166468349378
H           -0.87549430206206        3.37057184567053        1.90159007004338
H           -4.42334204674630       -1.02964885570212        1.08846483906427
H           -4.12563458960861       -3.33765663684978        1.78805906446943
H           -2.66745744644233       -5.29381688972284        2.14382201301055
H           -0.27735412860781       -5.17291493350951        1.54469764344379
H            0.64919742974148       -3.15196095849472        0.52812066804811
H            4.45857963360632       -0.68431766031540       -1.37015787483301
H            4.16827845594707       -2.51244235252330       -2.96373148919212
H            2.70490478010925       -4.12880564127809       -4.11627739305099
H            0.28227414166460       -4.14574640106907       -3.65374301179921
H           -0.68133140267101       -2.60870720335297       -2.01073510836512
H           -4.36611138801221        1.25979287977434        2.21076983909116
H           -5.75866233737969        3.28963354072113        2.11769104395082
H           -5.89867725426731        4.59715438917301        0.02839639104207
H           -4.65576057143450        3.85322975592702       -1.96993885974760
H           -3.27734516319433        1.81898331554031       -1.88167814982817
H            2.72196908225108        2.97040315380237       -0.35519530153514
H            4.25412466549374        4.55668107273145        0.71745461647043
H            6.18788258268990        3.73557353205557        2.01737494673874
H            6.57786536363842        1.30651198478069        2.23054593316432
H            5.03374325546195       -0.28726243165286        1.16108115026541
58
 energy: -98.233592476916 gnorm: 0.000054776227 xtb: 6.7.1 (edcfbbe)
O            0.42935806007101        3.43736707662275       -0.32050622256183
P           -0.10052010810164        2.22084749315720        0.29143692476989
O           -0.96455501969731        2.46443763106835        1.60767723176708
O           -1.03446353235590        1.39995963452797       -0.69861866872914
C           -1.55339319016022        0.21232532524784       -0.17897379206341
C           -2.89801965095159        0.19016376073455        0.25181864439162
C           -3.39066352624837       -0.98115511202550        0.77374945790183
C           -2.57853040823311       -2.12167827179558        0.92663880236984
C           -3.08400803982026       -3.30783827708528        1.50213689454846
C           -2.27374443081708       -4.38931537625805        1.70413868780603
C           -0.91654123925482       -4.32333017309641        1.35498215199816
C           -0.39903150360099       -3.19448425866452        0.78119971904446
C           -1.21710071720969       -2.07360272074234        0.52385706042271
C           -0.72371174190070       -0.87869298301315       -0.07572344563951
C            0.67546709608794       -0.77109769770125       -0.54116156711576
C            1.49041783764673        0.21705187482080       -0.02910036988084
O            0.96282865844158        1.15210064646390        0.85726446947417
C            2.87714929016303        0.25173744619330       -0.30860931786897
C            3.39847268396291       -0.69155662020886       -1.16013222771448
C            2.58269753258798       -1.63928777360744       -1.80726208907651
C            3.10912069321398       -2.54664336561190       -2.75180832872439
C            2.29626374387720       -3.43884240775412       -3.39278489274011
C            0.91929717141918       -3.45372433369859       -3.12324415956096
C            0.38112384801407       -2.59834484400199       -2.20141885611183
C            1.19706286546413       -1.68138302888722       -1.50431851656871
C           -3.72889736470498        1.40307074420306        0.17125269368186
C           -4.44166086912794        1.82365038666011        1.29166234867672
C           -5.21657760239873        2.96772971618141        1.23976279598627
C           -5.29477003254387        3.70231275297740        0.06771750777179
C           -4.59481307482439        3.28606686081180       -1.05271818291424
C           -3.81499949286714        2.14453736601054       -1.00377567623027
C            3.77104829295865        1.23329768105822        0.33671919126306
C            3.55947534886226        2.60240828444413        0.21703686790155
C            4.42834042127617        3.49486389145678        0.82090347444917
C            5.51395269150465        3.03428876904373        1.54702431507240
C            5.73313175669643        1.67146046301481        1.66505808279079
C            4.86972379259736        0.77606058330555        1.06090853353815
H           -0.87519394583450        3.37064595965283        1.90145627996311
H           -4.42334212355802       -1.02964169409260        1.08825506745328
H           -4.12549958865133       -3.33743449205277        1.78852616172819
H           -2.66711627025146       -5.29328397368077        2.14515787178785
H           -0.27696574196888       -5.17231456357606        1.54627287605692
H            0.64945773902008       -3.15159781626140        0.52900697827137
H            4.45845374324112       -0.68404427725117       -1.37086653409169
H            4.16780779645041       -2.51160791800715       -2.96500511077444
H            2.70422622496184       -4.12776513186058       -4.11757424821273
H            0.28180817614147       -4.14537020609228       -3.65397546478992
H           -0.68142201287389       -2.60895673126398       -2.01016609880783
H           -4.36682467418706        1.25934923758787        2.21019178826811
H           -5.75976016803228        3.28889888224429        2.11690702210072
H           -5.89933207349803        4.59666503808691        0.02772459437441
H           -4.65555989764719        3.85326620975558       -1.97026580290837
H           -3.27682789369580        1.81925485112899       -1.88183923787741
H            2.72169742018487        2.97052526217732       -0.35365874154400
H            4.25387120227723        4.55630542566201        0.71963747753326
H            6.18822424654055        3.73464073479491        2.01833302766232
H            6.57879709425667        1.30550191058615        2.22954131942291
H            5.03457050729849       -0.28779785129250        1.15955123205996
58
 energy: -98.233592663365 gnorm: 0.000046789198 xtb: 6.7.1 (edcfbbe)
O            0.42938141980972        3.43735107274364       -0.32081147383438
P           -0.10049316574628        2.22087005052832        0.29122078614232
O           -0.96457751720909        2.46460340244881        1.60740544694997
O           -1.03442609967881        1.39992241956520       -0.69877936497531
C           -1.55338539012767        0.21233303127266       -0.17905489405462
C           -2.89804601246444        0.19015302411230        0.25163363740774
C           -3.39064652776696       -0.98114211248459        0.77367675218167
C           -2.57842673760872       -2.12155423303578        0.92689911763147
C           -3.08380926022238       -3.30759969194853        1.50271734716630
C           -2.27340589163665       -4.38888417983207        1.70518742637969
C           -0.91617980524886       -4.32284128986672        1.35612447961762
C           -0.39878426257697       -3.19415116856704        0.78193072350778
C           -1.21697512883040       -2.07344878570024        0.52420233402352
C           -0.72366277977915       -0.87863705390597       -0.07561940784481
C            0.67549443635447       -0.77106878939857       -0.54113342446148
C            1.49046475966596        0.21710224228015       -0.02915519344925
O            0.96283747952368        1.15216919466055        0.85717593037310
C            2.87717918025652        0.25181418267452       -0.30877636613531
C            3.39837128840031       -0.69132782806404       -1.16055755442985
C            2.58252597508671       -1.63899700219104       -1.80768804200873
C            3.10880197974092       -2.54608913413108       -2.75256787346999
C            2.29587542385254       -3.43824380506375       -3.39351709984133
C            0.91899262325211       -3.45338218984909       -3.12356865371382
C            0.38097151247684       -2.59828705155010       -2.20138964410020
C            1.19697165650999       -1.68129266941354       -1.50440878562720
C           -3.72904327039058        1.40296313835312        0.17091246256565
C           -4.44224057569143        1.82328657293626        1.29114916506949
C           -5.21732577925239        2.96724378449203        1.23916330549551
C           -5.29522051521429        3.70200317534192        0.06720940364640
C           -4.59481884435630        3.28603122899637       -1.05304937079031
C           -3.81487571075792        2.14459246861914       -1.00403393442848
C            3.77121239574748        1.23311849110169        0.33674179759129
C            3.55942521722409        2.60228747881434        0.21808296898831
C            4.42841982789538        3.49443985101520        0.82221376486681
C            5.51436772747354        3.03351639950569        1.54760844185114
C            5.73377335454360        1.67063503290797        1.66461448418377
C            4.87025122545057        0.77554179132325        1.06017988867015
H           -0.87491829898363        3.37072699286143        1.90135257291910
H           -4.42335813026422       -1.02967505929282        1.08806562383659
H           -4.12531678704827       -3.33723329105703        1.78904589366541
H           -2.66668199649711       -5.29273543535326        2.14653283285235
H           -0.27651459470479       -5.17167886812650        1.54776768488855
H            0.64970330963925       -3.15122407776633        0.52972736584858
H            4.45831186796401       -0.68375073365944       -1.37149212695770
H            4.16740938787022       -2.51081231700145       -2.96612346541885
H            2.70369848009421       -4.12686529606973       -4.11867251685083
H            0.28145815885994       -4.14506817140368       -3.65419232459067
H           -0.68149782002500       -2.60919262881605       -2.00972764896999
H           -4.36759258611867        1.25889080185781        2.20963598280610
H           -5.76086090845705        3.28818562874846        2.11617246252370
H           -5.89995762014774        4.59623434786604        0.02713024110050
H           -4.65537888720735        3.85333628674828       -1.97054532518394
H           -3.27638064703465        1.81953018595623       -1.88197986812399
H            2.72141372473237        2.97070464681821       -0.35206725028941
H            4.25372805922210        4.55592796527429        0.72180123660039
H            6.18871322884261        3.73363163881948        2.01916220107865
H            6.57975592368122        1.30439749106802        2.22844187851893
H            5.03529192707817       -0.28836115606535        1.15802596840307
58
 energy: -98.233592824955 gnorm: 0.000034202999 xtb: 6.7.1 (edcfbbe)
O            0.42931898425409        3.43737316058169       -0.32108677806775
P           -0.10054121057490        2.22092189890542        0.29102419273757
O           -0.96466550818677        2.46477771901538        1.60716488275443
O           -1.03447845547713        1.39993053690911       -0.69893166702498
C           -1.55344414290448        0.21236425915666       -0.17916390989102
C           -2.89812899434340        0.19013718663215        0.25145476460283
C           -3.39065230739274       -0.98114473938857        0.77361624305535
C           -2.57832433132409       -2.12143869781082        0.92713016014150
C           -3.08356523798281       -3.30737248167747        1.50330195437232
C           -2.27300338452203       -4.38846215317784        1.70618472375809
C           -0.91578774407757       -4.32236842617328        1.35708640501409
C           -0.39854694202166       -3.19382128262221        0.78246822208848
C           -1.21687376435842       -2.07329052070202        0.52444047456330
C           -0.72366875883256       -0.87855265763439       -0.07560199003300
C            0.67546377718593       -0.77098288190207       -0.54119137294598
C            1.49044149983899        0.21719523555200       -0.02924811615210
O            0.96275805046246        1.15224482376616        0.85707721182207
C            2.87714730206038        0.25192991008781       -0.30892715292870
C            3.39824314826550       -0.69107523815501       -1.16092871520007
C            2.58235645322462       -1.63868979255630       -1.80808332300313
C            3.10854047375107       -2.54557039606593       -2.75321673266770
C            2.29558399229069       -3.43772900879835       -3.39412285552780
C            0.91877779625799       -3.45314829914461       -3.12379874055157
C            0.38084561322724       -2.59824324422089       -2.20138839387813
C            1.19686462751986       -1.68116554247463       -1.50454485992465
C           -3.72923191416042        1.40286209651082        0.17061306568581
C           -4.44283023008176        1.82295196467621        1.29068793954665
C           -5.21805949063208        2.96680593831677        1.23862086308716
C           -5.29569431450894        3.70171735202014        0.06674371552813
C           -4.59488525369773        3.28599256102699       -1.05335173045271
C           -3.81480892413011        2.14464622999261       -1.00425710861287
C            3.77132059121234        1.23296943296838        0.33678574905129
C            3.55938767780122        2.60220314160438        0.21911133156459
C            4.42854535508158        3.49402240781997        0.82350123941344
C            5.51485074052643        3.03271730757171        1.54811321412901
C            5.73443500020432        1.66977657752511        1.66409927173164
C            4.87070033591022        0.77501754279201        1.05948071074642
H           -0.87468545163903        3.37081088807397        1.90129085602982
H           -4.42338325248168       -1.02974155952339        1.08793074212859
H           -4.12507986071828       -3.33706796542120        1.78959760300405
H           -2.66615123425929       -5.29220046547889        2.14787580500503
H           -0.27600047363495       -5.17103451586178        1.54908124236394
H            0.64993246345891       -3.15083592308416        0.53023279176859
H            4.45814949379500       -0.68342493430923       -1.37203082792637
H            4.16710504892998       -2.51016191273768       -2.96696173252253
H            2.70333511744394       -4.12619519300968       -4.11946535506173
H            0.28121389690233       -4.14483511581491       -3.65438698616667
H           -0.68158172429342       -2.60931197889749       -2.00950538053976
H           -4.36840787586028        1.25843960296017        2.20912087741950
H           -5.76191111108973        3.28754881626403        2.11550679738565
H           -5.90048394391005        4.59591013278226        0.02662351855944
H           -4.65518491842854        3.85344941507716       -1.97077043210241
H           -3.27603524194945        1.81977036077756       -1.88210029825216
H            2.72115215778175        2.97094487649766       -0.35049107182850
H            4.25375997850136        4.55556482606245        0.72381214955609
H            6.18934604537302        3.73257617641665        2.01983204748951
H            6.58066381013619        1.30322831197015        2.22735423292753
H            5.03585656627764       -0.28893576357317        1.15659053203153
58
 energy: -98.233592961705 gnorm: 0.000025519114 xtb: 6.7.1 (edcfbbe)
O            0.42921121952407        3.43741941629439       -0.32130889145078
P           -0.10064969106742        2.22099848977968        0.29086656984599
O           -0.96480335405332        2.46495193330873        1.60697441630477
O           -1.03460998416643        1.39998819360780       -0.69905560876103
C           -1.55355842679515        0.21242167628327       -0.17927775910693
C           -2.89825546497816        0.19012372386583        0.25131553473477
C           -3.39066992023534       -0.98115537501535        0.77359782130289
C           -2.57822241161042       -2.12133494087143        0.92732855530414
C           -3.08328879489414       -3.30717451008188        1.50384588179722
C           -2.27256581906517       -4.38808727793135        1.70703581944001
C           -0.91538226939743       -4.32193553058955        1.35782538693700
C           -0.39832198782287       -3.19350396419616        0.78281609347033
C           -1.21679484610006       -2.07313295854612        0.52457353439756
C           -0.72372260913183       -0.87844329467743       -0.07566141725971
C            0.67538669460358       -0.77084738411194       -0.54131298056843
C            1.49036346935304        0.21732259756220       -0.02935663621193
O            0.96261447527271        1.15232561014591        0.85698752303499
C            2.87706544420035        0.25208080391940       -0.30905816421579
C            3.39809587670574       -0.69080656940707       -1.16124024851838
C            2.58219779946585       -1.63839296372150       -1.80841351896372
C            3.10835136706464       -2.54517740395462       -2.75365581917751
C            2.29539720479537       -3.43737964257042       -3.39450312996526
C            0.91862680943953       -3.45294087846248       -3.12400463281239
C            0.38072645410288       -2.59812802338649       -2.20148756912531
C            1.19674449671728       -1.68099243709925       -1.50472213042851
C           -3.72947225885815        1.40276008721284        0.17036570360530
C           -4.44341090700091        1.82266611217668        1.29029664868671
C           -5.21873352997577        2.96645173515170        1.23815466832572
C           -5.29610496502751        3.70150721693067        0.06635043328291
C           -4.59496971360763        3.28596486298883       -1.05360773941492
C           -3.81482912006641        2.14466542868572       -1.00444711176624
C            3.77138010731789        1.23285726852859        0.33684435178882
C            3.55938426687389        2.60215788454136        0.22003897884399
C            4.42878635070475        3.49364021843581        0.82457958019587
C            5.51538636226669        3.03194485157908        1.54849821201166
C            5.73501277658584        1.66894004381573        1.66365540524720
C            4.87105314109446        0.77452153755119        1.05886216870078
H           -0.87450654236292        3.37089735482529        1.90127282335970
H           -4.42340463066165       -1.02982771035392        1.08788889203364
H           -4.12478617253193       -3.33693071982299        1.79019698673034
H           -2.66556001754057       -5.29172460561018        2.14906979775494
H           -0.27547306571411       -5.17045747476853        1.55005043915028
H            0.65012811345354       -3.15047441368535        0.53046060545527
H            4.45798430355735       -0.68311937580487       -1.37242788796413
H            4.16688499923895       -2.50965377779295       -2.96753628004813
H            2.70312164491976       -4.12577329704890       -4.11992949907316
H            0.28107130047969       -4.14470408934245       -3.65450298841897
H           -0.68167136245439       -2.60933606039482       -2.00944678747408
H           -4.36917648622466        1.25807174353148        2.20869436334757
H           -5.76284693741135        3.28704345526802        2.11493375675690
H           -5.90095029361768        4.59566001083041        0.02618038747482
H           -4.65507127436410        3.85352152920517       -1.97097790229220
H           -3.27582542439414        1.81993234648214       -1.88220126804978
H            2.72093389636099        2.97122484968867       -0.34903082453069
H            4.25392885868494        4.55523988726550        0.72559823903955
H            6.19006708464850        3.73154426095850        2.02033551962065
H            6.58149007515984        1.30207464945657        2.22633080774948
H            5.03624368874026       -0.28948510053164        1.15534088966736
58
 energy: -98.233593078348 gnorm: 0.000024387675 xtb: 6.7.1 (edcfbbe)
O            0.42909190290779        3.43748300165348       -0.32148638479271
P           -0.10079830891198        2.22109948516026        0.29074130812683
O           -0.96497170279279        2.46513044504819        1.60682490336239
O           -1.03479808987589        1.40009246936575       -0.69915157183135
C           -1.55370815769237        0.21250622756548       -0.17938363139907
C           -2.89840656227129        0.19011882715920        0.25121873534684
C           -3.39068681597027       -0.98116308022360        0.77363126203552
C           -2.57811478302145       -2.12123505078326        0.92751071893044
C           -3.08298842247175       -3.30700102239002        1.50434830852006
C           -2.27211180390012       -4.38776282318595        1.70773671908529
C           -0.91498333826246       -4.32156021260780        1.35832680945149
C           -0.39811804382858       -3.19321767341829        0.78296575519332
C           -1.21672937068606       -2.07297345834925        0.52462549575023
C           -0.72380406932105       -0.87830503634000       -0.07576495705236
C            0.67527787529900       -0.77066157613563       -0.54148363183117
C            1.49025084974716        0.21748464615770       -0.02947824507491
O            0.96243585361178        1.15241904463264        0.85690578349434
C            2.87695475746336        0.25225092683573       -0.30916357091856
C            3.39794510019617       -0.69055180774868       -1.16147550258052
C            2.58205211567839       -1.63811643523574       -1.80867681589129
C            3.10821392507929       -2.54488233573742       -2.75393293679499
C            2.29528439793212       -3.43716445958251       -3.39469852924024
C            0.91852834035674       -3.45280340424217       -3.12412619858633
C            0.38061586260442       -2.59798274576255       -2.20162184051838
C            1.19661544906920       -1.68077944628917       -1.50492542734981
C           -3.72973669235566        1.40266886116551        0.17017468642379
C           -4.44394772601003        1.82244776749374        1.28998307904631
C           -5.21934376883864        2.96617967444261        1.23776080466030
C           -5.29650501076582        3.70133039993283        0.06600251093135
C           -4.59511425426114        3.28590984611593       -1.05384100313667
C           -3.81492277733035        2.14464893472127       -1.00460644095656
C            3.77140656524745        1.23277413516004        0.33692246748675
C            3.55940729310974        2.60214043689389        0.22087973795491
C            4.42907410448992        3.49329295343712        0.82553033230992
C            5.51593915859057        3.03121547885078        1.54880329913857
C            5.73554894004571        1.66814638015649        1.66323683179081
C            4.87131630669588        0.77406038016535        1.05835050533295
H           -0.87437404088182        3.37099290121441        1.90128647121597
H           -4.42340921134365       -1.02991484850601        1.08795095373025
H           -4.12444682586287       -3.33681070107075        1.79083484610302
H           -2.66494239646383       -5.29132080775176        2.15007777044758
H           -0.27495725427174       -5.16996618653406        1.55067472286098
H            0.65029367935865       -3.15014183101348        0.53045874276263
H            4.45782203489130       -0.68283235232164       -1.37271801730972
H            4.16673586850135       -2.50930236401250       -2.96786220750400
H            2.70301512569921       -4.12555903724209       -4.12012147889427
H            0.28098785457053       -4.14461089884607       -3.65458554425282
H           -0.68177295824688       -2.60924822155336       -2.00953246305240
H           -4.36987066765571        1.25780142998764        2.20836145426182
H           -5.76366398681681        3.28666893825018        2.11444927234017
H           -5.90137461619175        4.59546487316486        0.02578454861838
H           -4.65505718873689        3.85352909058772       -1.97118326248116
H           -3.27575033023484        1.82000420194653       -1.88228925358024
H            2.72079238268266        2.97152349392587       -0.34773589730180
H            4.25424523995992        4.55495062463235        0.72709990389230
H            6.19084660674377        3.73056256791570        2.02068931086016
H            6.58221941003040        1.30096908186102        2.22541758209755
H            5.03649217491275       -0.28999970861901        1.15427917856930
58
 energy: -98.233593178574 gnorm: 0.000024439266 xtb: 6.7.1 (edcfbbe)
O            0.42900141176751        3.43754445711482       -0.32166824641068
P           -0.10095615484477        2.22121861916470        0.29061697517678
O           -0.96514461003142        2.46533053567423        1.60667598005840
O           -1.03501016991644        1.40022262149064       -0.69923613483036
C           -1.55386827931307        0.21260971115611       -0.17947542937129
C           -2.89855696812935        0.19013155485652        0.25116889784350
C           -3.39068989787863       -0.98115224374194        0.77372376303794
C           -2.57799531730591       -2.12112526791306        0.92770093555343
C           -3.08266925556151       -3.30682955783404        1.50483899927585
C           -2.27165816849004       -4.38747630954473        1.70831349360121
C           -0.91460003083483       -4.32123550013169        1.35864238188454
C           -0.39792337510135       -3.19294769532306        0.78300642041384
C           -1.21666550587134       -2.07280767707013        0.52463988645491
C           -0.72389430290717       -0.87814757837420       -0.07588403627568
C            0.67516335974916       -0.77044952156663       -0.54166552866965
C            1.49013410878692        0.21766560799234       -0.02959591508905
O            0.96225798150374        1.15253327485853        0.85682757269682
C            2.87684406828158        0.25242226637401       -0.30924679869230
C            3.39780067250695       -0.69031692277155       -1.16166115846226
C            2.58191669102426       -1.63786151869323       -1.80889134183674
C            3.10809915186841       -2.54465754115898       -2.75410787817353
C            2.29519279526416       -3.43700927702309       -3.39480467565927
C            0.91843414078890       -3.45265612683530       -3.12423877695646
C            0.38049910863153       -2.59779253877239       -2.20178568678691
C            1.19648637775967       -1.68055333357491       -1.50512136623933
C           -3.73000675441512        1.40259055540914        0.17002810724861
C           -4.44443371000633        1.82228678127654        1.28973092368375
C           -5.21990030759805        2.96596649637449        1.23741941576454
C           -5.29691705224333        3.70115815913375        0.06567671676117
C           -4.59533895630107        3.28580557197185       -1.05407364933162
C           -3.81508755491668        2.14458974534796       -1.00475239643018
C            3.77143732434417        1.23270270967849        0.33699959313001
C            3.55947568179140        2.60213217913368        0.22162496286175
C            4.42941201638602        3.49296863778272        0.82636039460454
C            5.51650573984998        3.03052291065097        1.54905620042564
C            5.73604706673004        1.66739137213586        1.66287179947011
C            4.87155404517752        0.77362462322772        1.05789507434143
H           -0.87425529530741        3.37111426348004        1.90129060192074
H           -4.42339261029201       -1.02998342060606        1.08809676834293
H           -4.12408093315660       -3.33668903820393        1.79148951102859
H           -2.66432570190270       -5.29096969281413        2.15093021727865
H           -0.27446697540330       -5.16955100181547        1.55103351677738
H            0.65043832539166       -3.14983807343310        0.53029785857532
H            4.45767568994137       -0.68259847942053       -1.37291117901868
H            4.16662015779984       -2.50906229542933       -2.96803941737712
H            2.70294926107762       -4.12547987183996       -4.12014039469526
H            0.28092245562322       -4.14455646924104       -3.65461081723289
H           -0.68188863238488       -2.60907520305354       -2.00968658305944
H           -4.37047509174691        1.25762115638704        2.20810669736827
H           -5.76439950350647        3.28637890409540        2.11402488625475
H           -5.90182611423867        4.59526350621994        0.02539632421040
H           -4.65515510686040        3.85345962875636       -1.97140264651184
H           -3.27576649916427        1.82001038513759       -1.88236753499186
H            2.72068350697988        2.97181842832773       -0.34653520741520
H            4.25460771983463        4.55467970255962        0.72846558560935
H            6.19163135218850        3.72962734270880        2.02098916967376
H            6.58288097955542        1.29991530203823        2.22460991493235
H            5.03667764522671       -0.29048485423232        1.15335325305758
58
 energy: -98.233593259140 gnorm: 0.000023014904 xtb: 6.7.1 (edcfbbe)
O            0.42895156827875        3.43760651343749       -0.32185847193000
P           -0.10109196809599        2.22134925379197        0.29048998990779
O           -0.96528589242362        2.46554888295858        1.60652766860359
O           -1.03520807708339        1.40036299215313       -0.69930929176967
C           -1.55400858262389        0.21272438407634       -0.17954111639753
C           -2.89868266428770        0.19016125869638        0.25115709492481
C           -3.39067499894944       -0.98112395568636        0.77384864503299
C           -2.57787389016140       -2.12101441334393        0.92788437362947
C           -3.08237391525358       -3.30667887871567        1.50525777788282
C           -2.27125269008482       -4.38723828043212        1.70876153975239
C           -0.91426407814652       -4.32096789509389        1.35883133958328
C           -0.39775631358901       -3.19272065000513        0.78296466650336
C           -1.21660114942821       -2.07264726591583        0.52464097618632
C           -0.72396967831432       -0.87798377749952       -0.07598676418860
C            0.67506155551776       -0.77023354499401       -0.54183686657490
C            1.49003530069885        0.21784654339420       -0.02970516308820
O            0.96211042120514        1.15266282911021        0.85674663754451
C            2.87675408861061        0.25257367208213       -0.30931080054353
C            3.39768123710707       -0.69013043029313       -1.16179341449699
C            2.58180083592033       -1.63764634956932       -1.80905896380749
C            3.10800272061754       -2.54449765506780       -2.75421248116291
C            2.29511582921047       -3.43692268036317       -3.39482991730437
C            0.91835192191376       -3.45255874768387       -3.12428169810693
C            0.38039108465217       -2.59760942665656       -2.20192371481594
C            1.19636814604853       -1.68032616628218       -1.50530546548102
C           -3.73024953160698        1.40253261691553        0.16992742321871
C           -4.44484543583304        1.82217971756165        1.28954248062024
C           -5.22040730069880        2.96579088449456        1.23713034970118
C           -5.29734066284825        3.70097604691947        0.06537857819809
C           -4.59560024944347        3.28567058415554       -1.05428777933864
C           -3.81527127852636        2.14451251049665       -1.00487142715267
C            3.77147463685041        1.23263756902202        0.33707986098767
C            3.55955172293605        2.60212254039665        0.22229044417233
C            4.42972492043481        3.49268065687012        0.82709947237509
C            5.51701612005732        3.02991024738018        1.54928896993110
C            5.73649317583075        1.66672304545399        1.66256502597647
C            4.87175538627385        0.77323686586442        1.05753111476936
H           -0.87413120505913        3.37126168310352        1.90127888039903
H           -4.42335014447744       -1.03002039954195        1.08830156148213
H           -4.12372999373052       -3.33656645771710        1.79210699637224
H           -2.66378012888084       -5.29068835317437        2.15159036467256
H           -0.27404778850838       -5.16922680735736        1.55119526981900
H            0.65056155466992       -3.14957468338998        0.53008564011840
H            4.45755575257286       -0.68242142478732       -1.37304439681942
H            4.16652900193471       -2.50891851560144       -2.96812061780027
H            2.70288764670060       -4.12544318503264       -4.12011139436359
H            0.28084538618391       -4.14445637092584       -3.65466489868728
H           -0.68200404990327       -2.60885607196171       -2.00986156804589
H           -4.37093237138560        1.25754605800205        2.20794173743068
H           -5.76501274226381        3.28617956846609        2.11367863569454
H           -5.90229852372325        4.59504532693117        0.02502950822641
H           -4.65538039061707        3.85329519494980       -1.97163812883602
H           -3.27586388958207        1.81994964484543       -1.88243927605963
H            2.72064513506806        2.97207668668153       -0.34552298531340
H            4.25499508819605        4.55444055003394        0.72960069328768
H            6.19234770164969        3.72880150418600        2.02124203831127
H            6.58345539060229        1.29898392175597        2.22393758201541
H            5.03682625598863       -0.29091736699707        1.15258326455521
