$hessian                                                                        
        0.5319539353   0.0137559283  -0.0157740303  -0.0708720545   0.0147593953
       -0.0226524198  -0.0256768017   0.0207001105  -0.0349415916  -0.0025548672
        0.0013451796   0.0003769562  -0.0005242905   0.0005283009  -0.0004866104
        0.0001668220  -0.0000372650  -0.0000663921   0.0000647577  -0.0000664751
        0.0000218301  -0.0001240274   0.0002196472   0.0002480825  -0.0010054045
        0.0006542798  -0.0015601587   0.0053043750  -0.0089331187   0.0123536117
       -0.0008907298   0.0000985568   0.0005546148   0.0004426051  -0.0000016658
       -0.0004508350   0.0001377401  -0.0002063970   0.0000022154   0.0000241709
       -0.0000309999   0.0000852615  -0.0003639083  -0.0009544121  -0.0001702034
       -0.0021092330  -0.0009224335   0.0023764885  -0.1974185594  -0.0254975883
        0.1155258420  -0.0690455999   0.0759985324   0.0230230645  -0.1667670164
       -0.0905155638  -0.0789646406   0.0000308607  -0.0001112841  -0.0000075336
       -0.0000501642  -0.0000090906  -0.0002184124  -0.0000665410   0.0000153522
       -0.0000966935  -0.0001688291   0.0001458961  -0.0001442165   0.0000253830
       -0.0001098625  -0.0000552475  -0.0002576071  -0.0005744022   0.0007482941
       -0.0000121772   0.0000171284   0.0000320251  -0.0000139305  -0.0000104657
        0.0000524707  -0.0000325536  -0.0000321393   0.0000012397  -0.0000159148
        0.0000129590  -0.0000131548  -0.0001749709  -0.0002161257   0.0001362480
       -0.0000054690  -0.0000219776   0.0000638954
        0.0137559283   0.4757839713   0.0123567371   0.0189782571  -0.0925937744
        0.0553153972   0.0137952614  -0.0073945625   0.0023806843  -0.0006991034
        0.0101749948   0.0065171972   0.0016374113  -0.0010233679   0.0012899648
       -0.0004510961  -0.0000891086   0.0007684134  -0.0001669882   0.0001573686
       -0.0001122985  -0.0007353536  -0.0000435758   0.0001562689  -0.0010767431
        0.0005468986  -0.0013504754  -0.0040095077  -0.0040825323   0.0159002196
        0.0014551655  -0.0016083539   0.0007617848  -0.0007814705  -0.0008707725
       -0.0001480987   0.0004012168   0.0001844189  -0.0004231192  -0.0000217159
        0.0000111126   0.0003560253  -0.0010904678  -0.0003541340  -0.0000607548
       -0.0004944829   0.0014079583   0.0006564919  -0.0252607845  -0.0462427490
        0.0172458286   0.0766816641  -0.2329565516  -0.0534346100  -0.0925067005
       -0.1022716988  -0.0587795344   0.0001122597   0.0001056265   0.0001246045
        0.0001169825  -0.0000458493   0.0003402874   0.0001440892   0.0000774330
        0.0000683507  -0.0000008930  -0.0000035400  -0.0000505563   0.0000116601
        0.0002670379  -0.0000542489   0.0004635601   0.0006154804  -0.0000489139
       -0.0001284386  -0.0000092285   0.0000430642  -0.0000742919  -0.0000243427
        0.0000825955  -0.0000237097   0.0000249989  -0.0000229421  -0.0000286958
       -0.0000160226   0.0000063930  -0.0000877425  -0.0000556376   0.0000166398
        0.0000847299   0.0003285023   0.0000986039
       -0.0157740303   0.0123567371   0.4737880928  -0.0279000752   0.0595567344
       -0.1611952086  -0.0204611749   0.0058093601  -0.0143528985   0.0006440790
        0.0054251212   0.0056196977   0.0004475961  -0.0003609141   0.0001982841
       -0.0000108186  -0.0001339292   0.0005524549  -0.0000209465   0.0000112449
       -0.0000448710  -0.0004441975  -0.0000671971   0.0004151140  -0.0012484499
        0.0008445932  -0.0017981571  -0.0006585865   0.0148374145  -0.0179764765
       -0.0004675216   0.0001231067  -0.0000090800  -0.0002064120   0.0001495658
        0.0005005402  -0.0002914029   0.0002007134   0.0001355146   0.0000252794
        0.0000056415  -0.0001611908   0.0003685547   0.0012015628  -0.0002392260
        0.0022639236  -0.0002648970  -0.0015820852   0.1163802232   0.0165674449
       -0.1327231731   0.0256089689  -0.0589646009  -0.0539870803  -0.0788484492
       -0.0580699062  -0.0953232112   0.0000864284   0.0001238404  -0.0000250368
        0.0000046781  -0.0000321488  -0.0000685660  -0.0000152281   0.0001023234
       -0.0000987712  -0.0001702071   0.0001648629  -0.0001558503   0.0000064477
        0.0000535959  -0.0000851610   0.0002833003   0.0002594717  -0.0008770447
        0.0000778391   0.0000131517  -0.0000617239   0.0000300605   0.0000193717
       -0.0000462696   0.0000177135   0.0000138977  -0.0000206813   0.0000404713
        0.0000031114  -0.0000135358   0.0002452544   0.0001787018  -0.0002197671
       -0.0000133181  -0.0001279757  -0.0001446323
       -0.0708720545   0.0189782571  -0.0279000752   0.7988119463  -0.0472655433
        0.0626540163  -0.5491724061   0.0429065383  -0.0806992666  -0.0390226228
        0.0154423723  -0.0247906175   0.0010509913  -0.0023467944   0.0100623587
       -0.0007730462   0.0013898276  -0.0014108174   0.0003561503  -0.0003262176
        0.0006751227  -0.0004135215   0.0023863871  -0.0016554723   0.0046982746
       -0.0028043461   0.0001368504  -0.1084906658  -0.0300587324   0.0467124258
       -0.0337115731  -0.0015423228   0.0140188171   0.0007011599   0.0065733462
        0.0003843574  -0.0033288294  -0.0011880690   0.0030142267   0.0000945425
        0.0001792519  -0.0017325268   0.0060944744   0.0022416092  -0.0005898029
        0.0026865806  -0.0145993100   0.0119089953   0.0065763449  -0.0110552954
        0.0211516529  -0.0056603489   0.0103972598  -0.0102207994  -0.0099247870
        0.0098111349  -0.0194194311  -0.0001486954   0.0002638851   0.0000448167
        0.0002084826   0.0003460993   0.0007007936   0.0000655193  -0.0003108593
        0.0004581963   0.0001504898  -0.0004080221  -0.0000674798  -0.0005180332
        0.0001050427  -0.0001121332   0.0003934357  -0.0010361940  -0.0004472233
        0.0001127729  -0.0003025012   0.0004580589   0.0002692323   0.0001051919
       -0.0004958560   0.0002682590   0.0001611809   0.0001439345   0.0002510808
        0.0000445194   0.0000829505   0.0002704742   0.0007672110  -0.0009233793
       -0.0010236275   0.0011450929  -0.0021426930
        0.0147593953  -0.0925937744   0.0595567344  -0.0472655433   0.2654079934
       -0.1549954208   0.0386178145  -0.0505883882   0.0151760356   0.0228740201
       -0.0097100279   0.0144870416  -0.0004701088  -0.0001260165  -0.0040856476
        0.0006711846  -0.0006491896   0.0010558202  -0.0003624078   0.0002602687
       -0.0007227710   0.0011073586  -0.0011195380   0.0013356260   0.0002192577
        0.0007352709   0.0025352027  -0.0323152384  -0.0837552341   0.0354489782
        0.0042463847   0.0077955605  -0.0084384662   0.0052210280   0.0008467406
        0.0003863930  -0.0002866477  -0.0015630046   0.0008790811  -0.0001386170
       -0.0000351879  -0.0008508058   0.0023889809  -0.0037713490   0.0036215742
       -0.0182919162  -0.0162251039   0.0196786268  -0.0008878084  -0.0040087623
        0.0065856967   0.0110820345  -0.0170903733   0.0218212470  -0.0017230533
        0.0070507629  -0.0114294341   0.0000652639  -0.0000237169  -0.0002985062
       -0.0000142012  -0.0001136066  -0.0002118892  -0.0000635412   0.0000656948
       -0.0001776094  -0.0000035658  -0.0000283018   0.0001011722   0.0001994862
        0.0000983413  -0.0001551768   0.0009589936  -0.0003961012  -0.0011149655
        0.0010841002   0.0002196859  -0.0005474803   0.0001233936   0.0000598657
       -0.0002311149   0.0000794933   0.0000097114   0.0000673878   0.0000372079
        0.0000188315   0.0000170492  -0.0008049651  -0.0005005150   0.0007887956
       -0.0011077833  -0.0002705364  -0.0002831745
       -0.0226524198   0.0553153972  -0.1611952086   0.0626540163  -0.1549954208
        0.4049059237  -0.0672060481   0.0204514880  -0.0698021886  -0.0369049570
        0.0076812202  -0.0185205561  -0.0014591693   0.0027272059   0.0009764978
        0.0008029118   0.0011379950  -0.0016440374   0.0003318354  -0.0001483985
        0.0007218901  -0.0007197405   0.0016222935  -0.0012388425  -0.0003928941
       -0.0012461176  -0.0017963175   0.0570939862   0.0313598662  -0.1127846009
        0.0144103597  -0.0018669290  -0.0047072052   0.0021048506  -0.0001380542
        0.0062280544   0.0015437048   0.0010059362  -0.0014692016  -0.0008751305
       -0.0007218015  -0.0004932132   0.0004392775   0.0043823870   0.0056933248
        0.0077916018   0.0145279416  -0.0135669988  -0.0017451882   0.0138408374
       -0.0209158536  -0.0017268492   0.0007250693   0.0051248332  -0.0095207824
        0.0073062095  -0.0135054830  -0.0001914282  -0.0007127379   0.0001690491
       -0.0001316363   0.0000009942   0.0000933553  -0.0000974563  -0.0003325245
        0.0002187132   0.0000734617  -0.0000218216  -0.0001805065  -0.0000047915
       -0.0007256708  -0.0000061929  -0.0022287489   0.0000688822  -0.0014518975
       -0.0003050391   0.0002173121   0.0001069032   0.0000320752   0.0000890445
        0.0000029198  -0.0002481798  -0.0003056634   0.0000490427  -0.0003073164
       -0.0000145120   0.0000148357   0.0002352784  -0.0000374021   0.0000915261
       -0.0007955838  -0.0011930260  -0.0011185650
       -0.0256768017   0.0137952614  -0.0204611749  -0.5491724061   0.0386178145
       -0.0672060481   0.7574894137  -0.1084228061   0.1950920771  -0.0944393020
        0.0371676096  -0.0835929317   0.0036479012   0.0032681137  -0.0157956424
        0.0042404817   0.0033150176   0.0003986050   0.0000588882  -0.0004981894
       -0.0018664107   0.0024577333   0.0057011170   0.0034518088  -0.0272128977
        0.0210650452  -0.0253279205  -0.0666393960  -0.0093694806   0.0145235114
        0.0022483988  -0.0053752723   0.0037013181  -0.0017395928  -0.0002190614
        0.0033359098   0.0019532846   0.0011835760  -0.0018421366  -0.0004107697
       -0.0004924946   0.0004093202  -0.0013892164   0.0008808950   0.0021968500
       -0.0014790470   0.0065604824  -0.0054189970   0.0002951580  -0.0008684008
        0.0000238206   0.0002089318  -0.0009751843  -0.0008708181   0.0003165673
        0.0010288628  -0.0017263758  -0.0011808021  -0.0022183054   0.0021374863
       -0.0003614691  -0.0004535169  -0.0002339942  -0.0010338077  -0.0009130198
        0.0001053421  -0.0007377503   0.0007734539  -0.0007594163  -0.0001691515
       -0.0024306251   0.0000240614  -0.0004249261  -0.0001976111  -0.0006986541
       -0.0008867987  -0.0000899605   0.0004139170  -0.0000748802   0.0000238828
        0.0001729527  -0.0002013178  -0.0001818162  -0.0000439721  -0.0001669513
       -0.0000138337  -0.0000525899  -0.0000742462  -0.0003132897   0.0003734881
        0.0005547718  -0.0003482639  -0.0004633861
        0.0207001105  -0.0073945625   0.0058093601   0.0429065383  -0.0505883882
        0.0204514880  -0.1084228061   0.1313754429  -0.1030956640   0.0278708664
       -0.0819432618   0.0507606848  -0.0054597344   0.0075462685   0.0049550856
        0.0026375596   0.0040049316  -0.0053061911   0.0005607880  -0.0003828712
        0.0028489053   0.0035217402   0.0005782240  -0.0063456511   0.0282261568
       -0.0181187509   0.0224253299  -0.0060113485   0.0182861413   0.0025636026
       -0.0035359355  -0.0010845413   0.0022124289  -0.0010407889   0.0006345004
       -0.0008058193  -0.0005536026   0.0001991493   0.0002955972   0.0000983828
        0.0001188525   0.0000006432   0.0009686816   0.0003744435  -0.0013615769
       -0.0000296009  -0.0007917706   0.0006563952   0.0004597099   0.0000191897
       -0.0016823181   0.0010289721  -0.0015856523   0.0024945791   0.0003966796
       -0.0002218580   0.0009465232  -0.0014064572   0.0002966484  -0.0004722264
       -0.0002724624   0.0003132319  -0.0003546734  -0.0007061942  -0.0006286766
        0.0002939616   0.0007705509  -0.0005584775   0.0008379131  -0.0023887864
       -0.0003353541   0.0012839602   0.0001033807  -0.0000400104   0.0003259468
       -0.0002192401  -0.0000829776   0.0002290457   0.0000140267  -0.0000244438
        0.0000160857   0.0000439756   0.0000159421   0.0000116075   0.0000084781
        0.0000018756   0.0000176365   0.0000868698   0.0000855501  -0.0001787386
       -0.0003565104  -0.0000687947   0.0001660786
       -0.0349415916   0.0023806843  -0.0143528985  -0.0806992666   0.0151760356
       -0.0698021886   0.1950920771  -0.1030956640   0.3242903096  -0.0578337785
        0.0563181325  -0.1916591556  -0.0190789594   0.0074543770  -0.0579308504
        0.0015983589  -0.0071643796   0.0005149735  -0.0024032445   0.0017569700
       -0.0032478413   0.0028664813  -0.0035329105   0.0043639417  -0.0180785316
        0.0147798361  -0.0015431445   0.0141863047   0.0112501124   0.0138115282
        0.0013715517   0.0002559292   0.0006615405  -0.0007002824  -0.0003845601
       -0.0013791943   0.0000310705  -0.0000981895  -0.0000036501   0.0001971784
        0.0001500418   0.0003083800  -0.0010653498  -0.0003390164  -0.0013358690
        0.0013608577   0.0000503597  -0.0015167924  -0.0002193573  -0.0016745691
        0.0022451051  -0.0007759654   0.0001969947  -0.0000375253  -0.0031652081
        0.0023134837  -0.0050396051  -0.0004851677   0.0012116816   0.0020472004
       -0.0004915385   0.0003965134  -0.0015913740   0.0003289932   0.0004531337
       -0.0000290347   0.0001921206   0.0000162769   0.0004592571   0.0016403537
        0.0013438819   0.0007019216   0.0001962308   0.0004193383   0.0002124286
       -0.0000670031  -0.0000402241  -0.0001066886  -0.0000419081  -0.0000150513
        0.0000684758   0.0000032916   0.0000516915  -0.0000514742   0.0000382189
        0.0000055287  -0.0000280653   0.0001047493   0.0000324060  -0.0000725736
        0.0008393142   0.0003311552   0.0000428632
       -0.0025548672  -0.0006991034   0.0006440790  -0.0390226228   0.0228740201
       -0.0369049570  -0.0944393020   0.0278708664  -0.0578337785   0.3962391595
       -0.2375528502   0.0604774388  -0.0744774188   0.0265285536   0.0051244099
        0.0216921467  -0.0251293818  -0.0005301178  -0.0163406542   0.0164985770
        0.0228722351  -0.0313554895   0.0170520036  -0.0463481274  -0.1617593612
        0.1256974818   0.0443133626   0.0036617986   0.0011945051  -0.0014284519
       -0.0003899018   0.0007918593  -0.0009716547   0.0001409090   0.0000094745
       -0.0003192233  -0.0004491405  -0.0000053950   0.0004336516   0.0001452286
        0.0000984680  -0.0001997004   0.0004340099  -0.0002262704  -0.0004026995
       -0.0008108606  -0.0008733270   0.0000219955   0.0000467123  -0.0000367215
       -0.0000049559  -0.0003621197   0.0003437515  -0.0006532485  -0.0003014316
        0.0007642316  -0.0007574954  -0.0035095978   0.0114628108   0.0171137276
        0.0026882810   0.0046065210  -0.0040210031   0.0005165388   0.0003967082
        0.0005567457   0.0034577090   0.0044612183  -0.0033845296  -0.0034210006
        0.0049907976   0.0023173415   0.0000880819  -0.0001472404   0.0000944151
        0.0002914095  -0.0000088490  -0.0000865631   0.0000517492  -0.0000008949
       -0.0000958955   0.0000732631   0.0000368089   0.0000147580   0.0000753453
        0.0000000321   0.0000038814   0.0001190843   0.0001508633  -0.0001859127
       -0.0005276584  -0.0011495190   0.0001402726
        0.0013451796   0.0101749948   0.0054251212   0.0154423723  -0.0097100279
        0.0076812202   0.0371676096  -0.0819432618   0.0563181325  -0.2375528502
        0.3961494525   0.0541619126   0.0391971439  -0.1059723339  -0.0642010895
       -0.0323377801   0.0284682759  -0.0142619481   0.0151274038  -0.0283895911
       -0.0259688825   0.0291189986  -0.0158017424   0.0557998917   0.1117260784
       -0.1756996778  -0.0515401490  -0.0028682239  -0.0043438557  -0.0023116084
        0.0008527403  -0.0001806733   0.0000975525   0.0002185699   0.0000952600
        0.0004471850   0.0002589219  -0.0000022122  -0.0001327643  -0.0000448953
       -0.0000843876  -0.0000250986  -0.0000853440  -0.0000433290   0.0006330989
       -0.0013502589   0.0007131284   0.0000072122   0.0001146949  -0.0001659050
        0.0003733570  -0.0008140968   0.0011176412  -0.0016326494   0.0010233176
       -0.0012881746   0.0019459679   0.0056854598  -0.0112607771  -0.0197784672
        0.0047346170   0.0038814512   0.0009950916  -0.0000119793  -0.0001847103
       -0.0005226446   0.0043775092   0.0039045020   0.0009601440   0.0097675811
       -0.0087526689  -0.0040826544  -0.0000600556   0.0000210155  -0.0001856483
       -0.0000650180   0.0000035440   0.0000189235  -0.0000039926   0.0000087142
        0.0000200142  -0.0000375233  -0.0000374346  -0.0000083413  -0.0000164726
       -0.0000014959  -0.0000147328  -0.0000888005  -0.0001404041   0.0000939635
       -0.0008209066  -0.0005353165  -0.0003121102
        0.0003769562   0.0065171972   0.0056196977  -0.0247906175   0.0144870416
       -0.0185205561  -0.0835929317   0.0507606848  -0.1916591556   0.0604774388
        0.0541619126   0.6031504302   0.0473367565  -0.1074107791  -0.2412987714
       -0.0391475439   0.0255425577  -0.0630546145   0.0224722382  -0.0267390102
       -0.0179242509  -0.0080546768   0.0176836436   0.0349101228   0.0046537013
       -0.0081922585  -0.0907359269   0.0062330801  -0.0054357920  -0.0027526117
       -0.0000455544   0.0014124485  -0.0014641080   0.0005144346   0.0000827679
       -0.0002802198  -0.0003345224  -0.0001364127   0.0004174910   0.0000431497
        0.0001040121  -0.0002819832   0.0006410041  -0.0003282044  -0.0001039714
        0.0003806332  -0.0010017576   0.0010431956  -0.0005155085   0.0001879980
       -0.0002749104  -0.0011890701   0.0012151026  -0.0022124551   0.0006058337
        0.0001366110   0.0010597927   0.0030677780  -0.0020755573  -0.0055966946
       -0.0034450691   0.0010892438  -0.0020547272   0.0005652848  -0.0006774088
        0.0004502004  -0.0040283569   0.0008490667  -0.0029705184   0.0177459327
       -0.0221561811  -0.0059716441  -0.0000335505  -0.0002273143   0.0001104440
        0.0002785805   0.0000212757  -0.0001131454   0.0000772080   0.0000115195
       -0.0001363462   0.0000781176   0.0000456459   0.0000489494   0.0000381445
        0.0000108736   0.0000390572   0.0000109549   0.0001628960  -0.0000457033
       -0.0004198257  -0.0001018228   0.0006029330
       -0.0005242905   0.0016374113   0.0004475961   0.0010509913  -0.0004701088
       -0.0014591693   0.0036479012  -0.0054597344  -0.0190789594  -0.0744774188
        0.0391971439   0.0473367565   0.3887945990  -0.2685632372   0.0849693117
       -0.1370834652   0.0607251268  -0.1341128025  -0.0317571878   0.0325198668
       -0.0054197326  -0.0037731929  -0.0048625384  -0.0153012141   0.0013201833
        0.0054763076   0.0222701509  -0.0007513487  -0.0008617506  -0.0002413994
        0.0006927074  -0.0001300804   0.0001279942  -0.0001336636  -0.0003784475
        0.0002079730   0.0000212285   0.0003786242  -0.0001550380  -0.0000046795
        0.0000095739   0.0001030416   0.0001197827   0.0000368531  -0.0002132842
       -0.0009181601  -0.0006358099  -0.0002026192  -0.0000740461  -0.0000610335
        0.0000409117  -0.0002705798   0.0003638254  -0.0004367927   0.0000912436
       -0.0000564586   0.0000862407  -0.1501291441   0.1296703547   0.0195919578
        0.0023137131  -0.0009144691   0.0021061833   0.0010332662   0.0062608996
       -0.0003350700   0.0003528083  -0.0005624877  -0.0002183946   0.0010244624
        0.0067018316   0.0000076843  -0.0000433935   0.0000577653  -0.0000587599
       -0.0001317355   0.0000051551  -0.0000304495  -0.0000155052  -0.0000205428
        0.0000599059  -0.0000284113  -0.0000305802  -0.0000086314  -0.0000615854
        0.0000005698  -0.0000032245  -0.0000160977  -0.0000348477   0.0000453369
       -0.0002689810   0.0000008178  -0.0001255033
        0.0005283009  -0.0010233679  -0.0003609141  -0.0023467944  -0.0001260165
        0.0027272059   0.0032681137   0.0075462685   0.0074543770   0.0265285536
       -0.1059723339  -0.1074107791  -0.2685632372   0.4010952287   0.0520780112
        0.0745979807  -0.0978038831   0.0858561710   0.0210484511  -0.0162672643
        0.0150968864  -0.0037115881  -0.0008225793   0.0007337668   0.0130253388
       -0.0177254885  -0.0195772139  -0.0000504888   0.0006940730  -0.0000867317
        0.0000178783  -0.0002273577   0.0000199597   0.0000753656  -0.0000540497
       -0.0000339797   0.0000585181   0.0000916544  -0.0000488779  -0.0000103884
       -0.0000398162   0.0000436257   0.0001065647   0.0000967093  -0.0001850668
       -0.0004818288  -0.0000655783  -0.0000803834   0.0000557388   0.0000358860
       -0.0000361122   0.0001354343  -0.0001804224   0.0002756743  -0.0000614182
        0.0000201441  -0.0000414745   0.1290582320  -0.1737982450  -0.0242290523
       -0.0051364965   0.0038056093  -0.0092822488   0.0065961253   0.0004357139
       -0.0012443289  -0.0005290975   0.0005684857   0.0001466406   0.0062344066
        0.0003117207  -0.0015127533   0.0000207839  -0.0000343352   0.0000284086
       -0.0000229824  -0.0000156849   0.0000008540  -0.0000074290   0.0000150934
       -0.0000053173  -0.0000192188  -0.0000172879  -0.0000043970   0.0000092981
       -0.0000000478   0.0000008525  -0.0000158691  -0.0000541302   0.0000288225
       -0.0004082473  -0.0004886982  -0.0003516253
       -0.0004866104   0.0012899648   0.0001982841   0.0100623587  -0.0040856476
        0.0009764978  -0.0157956424   0.0049550856  -0.0579308504   0.0051244099
       -0.0642010895  -0.2412987714   0.0849693117   0.0520780112   0.6236440482
       -0.0816676387   0.0309051449  -0.2423587507  -0.0458740130   0.0571393560
        0.0366480462  -0.0112684830  -0.0021332752  -0.0593618783   0.0531072939
       -0.0541549506   0.0113191991  -0.0012161125  -0.0004858221   0.0002745750
        0.0006592239  -0.0003330481   0.0002921341  -0.0000531194  -0.0001691861
        0.0001034015   0.0002128038   0.0001075833  -0.0002308490  -0.0000273243
       -0.0000732997   0.0001045372  -0.0000688985  -0.0000825083   0.0000101645
       -0.0007644187   0.0003893932  -0.0001594786  -0.0001226576  -0.0000777286
        0.0002602100  -0.0000368193  -0.0000145322  -0.0000704734   0.0000288862
       -0.0001290577   0.0001051286   0.0187659524  -0.0250020501  -0.0478791671
       -0.0146391817   0.0073892383  -0.0261196046  -0.0001890400  -0.0017795255
        0.0013145097  -0.0001067531   0.0002170956  -0.0005667286  -0.0002672703
       -0.0008849191   0.0008211041   0.0000806620  -0.0000516562  -0.0000355407
       -0.0001069957  -0.0000274374   0.0000045881  -0.0000238497  -0.0000014136
        0.0000431015  -0.0000362033  -0.0000266421  -0.0000132354  -0.0000100240
       -0.0000052290  -0.0000127773  -0.0000197474  -0.0000777707   0.0000894188
       -0.0002300993  -0.0006740837  -0.0001708429
        0.0001668220  -0.0004510961  -0.0000108186  -0.0007730462   0.0006711846
        0.0008029118   0.0042404817   0.0026375596   0.0015983589   0.0216921467
       -0.0323377801  -0.0391475439  -0.1370834652   0.0745979807  -0.0816676387
        0.3848953297  -0.2611548205   0.0693083716  -0.1762193513   0.1303787690
       -0.0142709238   0.0010274917   0.0166146354   0.0643321191  -0.0316961600
        0.0239146712  -0.0183513500   0.0001566430   0.0001253764  -0.0000116684
       -0.0002860915   0.0000698875  -0.0000798443   0.0000422113   0.0001545549
       -0.0000844328  -0.0000187947  -0.0001051244   0.0000534426  -0.0000019460
        0.0000160878  -0.0000143798  -0.0000455170  -0.0000154232   0.0000571805
        0.0002217044  -0.0000522311   0.0001355459  -0.0000111547  -0.0000094212
        0.0000120696   0.0000354027  -0.0000596218   0.0000877026  -0.0000089141
        0.0000477995  -0.0000189445  -0.0130628098   0.0085466076  -0.0159535219
       -0.0447236961   0.0199484033   0.0331671185  -0.0123036895   0.0130184001
        0.0001047981   0.0042340965   0.0034835584   0.0000405304  -0.0005628908
       -0.0000548624  -0.0001491066  -0.0000041746  -0.0000411170   0.0000246574
        0.0000379350  -0.0000076431   0.0000200532   0.0000044890   0.0000047097
       -0.0000083238   0.0000058249   0.0000113975   0.0000075241   0.0000066760
        0.0000010247   0.0000023269   0.0000193122   0.0000133777  -0.0000037101
        0.0000151346   0.0000331555   0.0000174959
       -0.0000372650  -0.0000891086  -0.0001339292   0.0013898276  -0.0006491896
        0.0011379950   0.0033150176   0.0040049316  -0.0071643796  -0.0251293818
        0.0284682759   0.0255425577   0.0607251268  -0.0978038831   0.0309051449
       -0.2611548205   0.4055202409   0.0716579029   0.1459894900  -0.1978898277
        0.0004983622   0.0061548437  -0.0210782047  -0.0623392951   0.0235234415
       -0.0251232772   0.0178399461  -0.0002281719  -0.0003302988  -0.0001253926
        0.0001791994  -0.0000991859   0.0000610243  -0.0000165546  -0.0001288372
        0.0000724401   0.0000020373   0.0000905803  -0.0000192719   0.0000124426
       -0.0000029617   0.0000119936   0.0000573325   0.0000083053  -0.0000344359
       -0.0003330099  -0.0000849948   0.0000048567   0.0000021278   0.0000109714
        0.0000362431   0.0000262872  -0.0000578698   0.0000465544  -0.0000412127
       -0.0000090172  -0.0000048743   0.0136548004  -0.0092772827   0.0167769700
        0.0198226527  -0.0798114113  -0.0920193318   0.0082783208  -0.0089320890
        0.0001558373   0.0036658320   0.0032516259  -0.0031915871   0.0002445368
       -0.0000174177   0.0003815232   0.0000130171   0.0000392293  -0.0000119939
       -0.0000275886   0.0000073530  -0.0000167972   0.0000088038   0.0000030626
        0.0000020780  -0.0000064185  -0.0000079785  -0.0000024449  -0.0000098397
        0.0000106328  -0.0000011768  -0.0000228607  -0.0000026683   0.0000196447
       -0.0000580138  -0.0000197050  -0.0000861640
       -0.0000663921   0.0007684134   0.0005524549  -0.0014108174   0.0010558202
       -0.0016440374   0.0003986050  -0.0053061911   0.0005149735  -0.0005301178
       -0.0142619481  -0.0630546145  -0.1341128025   0.0858561710  -0.2423587507
        0.0693083716   0.0716579029   0.6487239285   0.0405020317  -0.0551892961
       -0.0959348442   0.0227588210  -0.0206852743   0.0112717589  -0.0146041103
        0.0145871418  -0.0065973025   0.0006218995  -0.0006407691  -0.0005959648
       -0.0001914637   0.0002358938  -0.0001482637   0.0000771699   0.0001870902
       -0.0000431164  -0.0000976748  -0.0001563701   0.0001369025   0.0000303999
        0.0000193442  -0.0001102122   0.0000008406  -0.0000915998   0.0001635021
        0.0001806520   0.0000511653   0.0003085843  -0.0000615197  -0.0000493088
        0.0000821979  -0.0001103013   0.0001054161  -0.0001886500   0.0001112073
       -0.0000079179   0.0001384833   0.0005938560  -0.0004486437   0.0019664985
        0.0330557666  -0.0918408486  -0.2503987903  -0.0166338341   0.0174258685
        0.0011494726   0.0004791865  -0.0035932234  -0.0045491333  -0.0004700131
        0.0003978048   0.0007771537  -0.0000141271  -0.0000698273  -0.0000057815
        0.0000786590  -0.0000262168   0.0000018148   0.0000236866   0.0000126885
       -0.0000244635   0.0000128440   0.0000120251   0.0000103963   0.0000287225
       -0.0000002442   0.0000070279  -0.0000177744   0.0000036220   0.0000009274
        0.0000582285  -0.0000086887  -0.0001521521
        0.0000647577  -0.0001669882  -0.0000209465   0.0003561503  -0.0003624078
        0.0003318354   0.0000588882   0.0005607880  -0.0024032445  -0.0163406542
        0.0151274038   0.0224722382  -0.0317571878   0.0210484511  -0.0458740130
       -0.1762193513   0.1459894900   0.0405020317   0.3861958136  -0.2638312255
        0.0786856136  -0.0756889562   0.0295583783  -0.0011746480   0.0230102888
       -0.0222297737   0.0008617376  -0.0000271431   0.0002489135   0.0001554014
        0.0001402054  -0.0000593117   0.0000412533  -0.0000313494  -0.0000786400
        0.0000168148  -0.0000203000   0.0000793890  -0.0000150310   0.0000244458
        0.0000081841   0.0000203013   0.0000498083  -0.0000277725  -0.0000462432
       -0.0001778577   0.0000709241  -0.0000281570  -0.0000015308  -0.0000027010
        0.0000033836   0.0000434233  -0.0000793265   0.0000526648  -0.0000212234
       -0.0000021315  -0.0000128696   0.0028570176   0.0044200695  -0.0036619949
       -0.0033143837   0.0047362107   0.0017983523  -0.1080614123   0.0505541206
       -0.1060584105  -0.0040558062   0.0098486735   0.0184248477   0.0029297861
        0.0046987628  -0.0040979969   0.0000306972  -0.0000244917   0.0000111373
       -0.0000168188  -0.0000076196  -0.0000047747  -0.0000056223   0.0000008982
        0.0000112350  -0.0000050785  -0.0000023331   0.0000110827   0.0000011932
        0.0000088359   0.0000047841  -0.0000129130  -0.0000194214   0.0000226912
       -0.0000048871  -0.0000653488  -0.0000290762
       -0.0000664751   0.0001573686   0.0000112449  -0.0003262176   0.0002602687
       -0.0001483985  -0.0004981894  -0.0003828712   0.0017569700   0.0164985770
       -0.0283895911  -0.0267390102   0.0325198668  -0.0162672643   0.0571393560
        0.1303787690  -0.1978898277  -0.0551892961  -0.2638312255   0.3992196490
        0.0576283978   0.0437332722  -0.1073537301  -0.0604009402  -0.0325253371
        0.0305785474  -0.0177455796   0.0000249946  -0.0001625427  -0.0001486133
       -0.0002318988   0.0000453770  -0.0000018517   0.0000551719   0.0001469349
       -0.0000368390   0.0000553886  -0.0001386101   0.0000249258  -0.0000200456
        0.0000030458  -0.0000116001  -0.0000916569   0.0000144476   0.0001003434
        0.0003450699  -0.0000729160   0.0000909577   0.0000033213  -0.0000270246
        0.0000115344  -0.0000513203   0.0000718583  -0.0000555718   0.0000239619
       -0.0000081039   0.0000220726   0.0042330967   0.0037572175   0.0007692259
        0.0092509558  -0.0097664888  -0.0037010095   0.0506596140  -0.0673957804
        0.0654494432   0.0054853528  -0.0101773831  -0.0203949954   0.0043766608
        0.0035581027   0.0015284272  -0.0000321264   0.0000368983  -0.0000144452
        0.0000089210   0.0000184766   0.0000114149   0.0000164437  -0.0000000516
       -0.0000048749   0.0000132294   0.0000128679   0.0000051531  -0.0000080137
        0.0000065121   0.0000028793   0.0000231473   0.0000431624  -0.0000162919
       -0.0000233084   0.0001014506   0.0000569710
        0.0000218301  -0.0001122985  -0.0000448710   0.0006751227  -0.0007227710
        0.0007218901  -0.0018664107   0.0028489053  -0.0032478413   0.0228722351
       -0.0259688825  -0.0179242509  -0.0054197326   0.0150968864   0.0366480462
       -0.0142709238   0.0004983622  -0.0959348442   0.0786856136   0.0576283978
        0.6448345205   0.0531872602  -0.1165684573  -0.2846088150  -0.0396015928
        0.0237307163  -0.0648386034  -0.0003287636   0.0003365841  -0.0000368522
       -0.0001693764  -0.0000892563   0.0001747256   0.0000280849   0.0000954082
       -0.0000184980   0.0000245378  -0.0000954874   0.0000115429   0.0000174785
       -0.0000031089  -0.0000257927  -0.0001562522   0.0000277567   0.0001201654
        0.0001942075   0.0000084308   0.0000993964   0.0000118293  -0.0000694560
        0.0000911773   0.0000068033  -0.0000318825   0.0000442821   0.0000054222
       -0.0000039284   0.0000012340  -0.0042247397   0.0012293342  -0.0027915944
        0.0185041171  -0.0208429464  -0.0058560637  -0.1059754525   0.0654984039
       -0.2000658162   0.0016727080  -0.0033131720  -0.0045861094  -0.0037190804
        0.0008482890  -0.0026007285   0.0000080684  -0.0000139864  -0.0000262091
       -0.0000248583  -0.0000118588   0.0000161148  -0.0000058816  -0.0000098461
        0.0000053750  -0.0000029288  -0.0000057408  -0.0000046765   0.0000076809
       -0.0000016820  -0.0000033357  -0.0000289885  -0.0000349469   0.0000114799
       -0.0001280178   0.0000522334  -0.0001650481
       -0.0001240274  -0.0007353536  -0.0004441975  -0.0004135215   0.0011073586
       -0.0007197405   0.0024577333   0.0035217402   0.0028664813  -0.0313554895
        0.0291189986  -0.0080546768  -0.0037731929  -0.0037115881  -0.0112684830
        0.0010274917   0.0061548437   0.0227588210  -0.0756889562   0.0437332722
        0.0531872602   0.3923341228  -0.2691737412   0.0678182215  -0.1355933661
        0.0618603156  -0.1341686650   0.0005060694   0.0002865578   0.0001823237
        0.0000453080   0.0000214889  -0.0001063928  -0.0000264974  -0.0000778061
       -0.0000208554  -0.0000681284   0.0000409236   0.0000170377   0.0000318152
        0.0000034438  -0.0000277190   0.0000961778  -0.0000493841  -0.0000855900
       -0.0001387143   0.0000692070   0.0000696877  -0.0000517453   0.0000348820
        0.0000092142   0.0000943555  -0.0001371774   0.0001249362  -0.0000702857
        0.0000982386  -0.0001211261   0.0003801189  -0.0005702047  -0.0002612381
        0.0011953436   0.0067999362   0.0001027028   0.0016008689  -0.0054994003
       -0.0149598446  -0.1544041443   0.1286209631   0.0207417320   0.0019766993
       -0.0013732125   0.0024054243   0.0000309390  -0.0000499843   0.0000239734
        0.0000230246  -0.0000132767  -0.0000072152  -0.0000008269  -0.0000064636
       -0.0000093946   0.0000023061  -0.0000045743  -0.0000010478   0.0000108518
       -0.0000058138  -0.0000035500  -0.0000085726  -0.0000101463   0.0000000765
       -0.0000957575  -0.0000540431  -0.0000481564
        0.0002196472  -0.0000435758  -0.0000671971   0.0023863871  -0.0011195380
        0.0016222935   0.0057011170   0.0005782240  -0.0035329105   0.0170520036
       -0.0158017424   0.0176836436  -0.0048625384  -0.0008225793  -0.0021332752
        0.0166146354  -0.0210782047  -0.0206852743   0.0295583783  -0.1073537301
       -0.1165684573  -0.2691737412   0.4092825323   0.0633709106   0.0749273279
       -0.0989297527   0.0869296987  -0.0004512580   0.0002764671   0.0005383877
        0.0000773032  -0.0001028844   0.0000840115  -0.0000784049  -0.0000616617
        0.0000135916   0.0000536494   0.0000584037  -0.0000741882  -0.0000320385
       -0.0000079950   0.0000665501  -0.0000672766   0.0000461117  -0.0000687615
        0.0000104823  -0.0000853318  -0.0001257020   0.0000088665  -0.0000082828
       -0.0000649558  -0.0000051299   0.0000407854   0.0000137089   0.0000147725
       -0.0000410717   0.0000070404  -0.0005680246   0.0003861471   0.0001825774
        0.0067255245   0.0004651192  -0.0016848052  -0.0012194613   0.0034182138
        0.0088240223   0.1286798703  -0.1727356328  -0.0250548326  -0.0055540132
        0.0035143162  -0.0093801346  -0.0000214633   0.0000477982  -0.0000020595
       -0.0000473532   0.0000088855   0.0000054905  -0.0000056045  -0.0000064408
        0.0000204597  -0.0000048431  -0.0000035382  -0.0000059225  -0.0000195508
        0.0000027968  -0.0000011600   0.0000163797   0.0000089633   0.0000034834
        0.0000643566   0.0000671982   0.0000837661
        0.0002480825   0.0001562689   0.0004151140  -0.0016554723   0.0013356260
       -0.0012388425   0.0034518088  -0.0063456511   0.0043639417  -0.0463481274
        0.0557998917   0.0349101228  -0.0153012141   0.0007337668  -0.0593618783
        0.0643321191  -0.0623392951   0.0112717589  -0.0011746480  -0.0604009402
       -0.2846088150   0.0678182215   0.0633709106   0.6379594385  -0.0807151964
        0.0344084345  -0.2457957391   0.0006034477  -0.0002559498   0.0001164360
        0.0003268535   0.0000892840  -0.0002870651  -0.0000684240  -0.0001957974
        0.0000301291  -0.0001141987   0.0001807492   0.0000195917   0.0000033880
        0.0000042521  -0.0000252139   0.0003184571  -0.0001022858  -0.0002450957
       -0.0003663069   0.0000631556  -0.0000291273  -0.0000370622   0.0000385330
       -0.0000447612  -0.0000352227   0.0000347292  -0.0000849782   0.0000611436
        0.0000043939   0.0001290441  -0.0000441248   0.0001270246  -0.0005788083
       -0.0004726007  -0.0013392183   0.0013891877   0.0018812824  -0.0083744239
       -0.0249045151   0.0208292272  -0.0250247530  -0.0482320103  -0.0136010237
        0.0081500226  -0.0252440020   0.0000162818  -0.0000285328   0.0000412066
        0.0000321676  -0.0000083849  -0.0000260916   0.0000114136   0.0000026050
       -0.0000094889   0.0000061711   0.0000107936   0.0000098497   0.0000093170
        0.0000024479   0.0000076198  -0.0000040758   0.0000135031   0.0000223836
       -0.0000116848  -0.0001111600   0.0000306081
       -0.0010054045  -0.0010767431  -0.0012484499   0.0046982746   0.0002192577
       -0.0003928941  -0.0272128977   0.0282261568  -0.0180785316  -0.1617593612
        0.1117260784   0.0046537013   0.0013201833   0.0130253388   0.0531072939
       -0.0316961600   0.0235234415  -0.0146041103   0.0230102888  -0.0325253371
       -0.0396015928  -0.1355933661   0.0749273279  -0.0807151964   0.3790397404
       -0.2553672291   0.0785272880  -0.0007398645   0.0008647280   0.0002984469
       -0.0001984859  -0.0000986667   0.0005230133   0.0000210639   0.0002776841
       -0.0000932637   0.0002463846  -0.0002667006  -0.0000547504  -0.0000207462
        0.0000036125   0.0000339540  -0.0005301027   0.0001042021   0.0002012023
        0.0007920489  -0.0000497682  -0.0001762664  -0.0000302048  -0.0001074261
        0.0001978805   0.0001368537  -0.0002277392   0.0003087661  -0.0001207188
        0.0001389035  -0.0002905255   0.0037074813   0.0031062589   0.0000056979
       -0.0001648712   0.0002105605  -0.0002786385   0.0040754228   0.0034068087
        0.0003860601  -0.0125213617   0.0096448044  -0.0159880298  -0.0442607116
        0.0205970158   0.0333281746   0.0000073298   0.0000082516  -0.0000200427
       -0.0000703580  -0.0000098798   0.0000220715  -0.0000079616   0.0000060796
        0.0000149440  -0.0000105209   0.0000010445  -0.0000124116  -0.0000164951
        0.0000123455  -0.0000060473   0.0000261601  -0.0000052621   0.0000058397
       -0.0011216398  -0.0002951488  -0.0000535834
        0.0006542798   0.0005468986   0.0008445932  -0.0028043461   0.0007352709
       -0.0012461176   0.0210650452  -0.0181187509   0.0147798361   0.1256974818
       -0.1756996778  -0.0081922585   0.0054763076  -0.0177254885  -0.0541549506
        0.0239146712  -0.0251232772   0.0145871418  -0.0222297737   0.0305785474
        0.0237307163   0.0618603156  -0.0989297527   0.0344084345  -0.2553672291
        0.3836009090   0.0560463009   0.0009125569  -0.0004351350  -0.0003816870
        0.0002026946   0.0002342401  -0.0003789564  -0.0000110856  -0.0000813154
        0.0000047326  -0.0001340943   0.0000757460   0.0001232559  -0.0000226909
        0.0000389783  -0.0000263601   0.0001087853   0.0000290604  -0.0001862872
        0.0001255013  -0.0006280551  -0.0001196484   0.0000035752   0.0001536389
       -0.0002461449  -0.0000626471   0.0000860783  -0.0001407181   0.0001090965
       -0.0000535195   0.0002272601   0.0035435044   0.0029349347  -0.0031144580
       -0.0000918379  -0.0002719283   0.0005519001   0.0033555139   0.0029754507
       -0.0034238241   0.0139052106  -0.0091221049   0.0168256704   0.0200881570
       -0.0765335109  -0.0906504904  -0.0000614496   0.0000602260   0.0000414284
        0.0000378221   0.0000256317  -0.0000264548   0.0000133957  -0.0000035733
       -0.0000295982   0.0000232515   0.0000226966   0.0000044793  -0.0000054339
        0.0000112985   0.0000130939   0.0000013472   0.0000745374  -0.0000391300
       -0.0003079251   0.0005419459   0.0001682408
       -0.0015601587  -0.0013504754  -0.0017981571   0.0001368504   0.0025352027
       -0.0017963175  -0.0253279205   0.0224253299  -0.0015431445   0.0443133626
       -0.0515401490  -0.0907359269   0.0222701509  -0.0195772139   0.0113191991
       -0.0183513500   0.0178399461  -0.0065973025   0.0008617376  -0.0177455796
       -0.0648386034  -0.1341686650   0.0869296987  -0.2457957391   0.0785272880
        0.0560463009   0.6622682445  -0.0003448120   0.0009029607   0.0006566968
        0.0000103565  -0.0002773998   0.0002534023  -0.0000635055  -0.0000792421
        0.0000168133   0.0001809351   0.0000231716  -0.0001625318  -0.0000402015
       -0.0000361423   0.0001206606  -0.0002019273   0.0000686905   0.0000015140
       -0.0000113081   0.0001845192  -0.0002956037  -0.0000183063  -0.0000285081
        0.0001044244   0.0001547213  -0.0001172987   0.0001668360  -0.0003301449
        0.0002462943  -0.0006454716   0.0004096222  -0.0035712139  -0.0045223191
       -0.0002499778   0.0005732783   0.0007443317   0.0001401495  -0.0029373793
       -0.0045157304   0.0005351656  -0.0000019469   0.0019642231   0.0333931807
       -0.0905973170  -0.2548099862   0.0000083958   0.0000418291  -0.0000474587
       -0.0000924162   0.0000195365   0.0000416060  -0.0000237422  -0.0000103480
        0.0000516155  -0.0000317185  -0.0000198657  -0.0000113913  -0.0000305408
        0.0000037144  -0.0000034294   0.0000046996  -0.0000394428   0.0000278560
       -0.0000999205   0.0000890495   0.0003816896
        0.0053043750  -0.0040095077  -0.0006585865  -0.1084906658  -0.0323152384
        0.0570939862  -0.0666393960  -0.0060113485   0.0141863047   0.0036617986
       -0.0028682239   0.0062330801  -0.0007513487  -0.0000504888  -0.0012161125
        0.0001566430  -0.0002281719   0.0006218995  -0.0000271431   0.0000249946
       -0.0003287636   0.0005060694  -0.0004512580   0.0006034477  -0.0007398645
        0.0009125569  -0.0003448120   0.5257192846  -0.1036752098  -0.1568703431
       -0.2226975654   0.1322910220   0.0387110617  -0.0523839559  -0.0249035661
        0.0419123670  -0.0156758377   0.0309516318  -0.0099655757  -0.0003659428
       -0.0004704281   0.0010584054   0.0273526670  -0.0202916615  -0.0058969847
       -0.0854384644   0.0047237009   0.0140543295  -0.0005178868   0.0014431085
       -0.0019179908   0.0000281583  -0.0004507253   0.0004663053   0.0001343565
        0.0003433485  -0.0003822444  -0.0001178204  -0.0004443676  -0.0004895682
        0.0000187594  -0.0001048002  -0.0001151777  -0.0000244809   0.0000328817
       -0.0001194429  -0.0000611714   0.0000539488   0.0000145089   0.0000917538
       -0.0000754632  -0.0000938104  -0.0038275804   0.0044850645  -0.0004401756
       -0.0009432064  -0.0004988318   0.0053512530   0.0000580680  -0.0001659710
       -0.0000076008  -0.0000254158  -0.0000410058  -0.0002866850   0.0002225150
       -0.0001370482   0.0000486686  -0.0008788528  -0.0010852716   0.0061344743
       -0.0036478495   0.0230163291  -0.0073562178
       -0.0089331187  -0.0040825323   0.0148374145  -0.0300587324  -0.0837552341
        0.0313598662  -0.0093694806   0.0182861413   0.0112501124   0.0011945051
       -0.0043438557  -0.0054357920  -0.0008617506   0.0006940730  -0.0004858221
        0.0001253764  -0.0003302988  -0.0006407691   0.0002489135  -0.0001625427
        0.0003365841   0.0002865578   0.0002764671  -0.0002559498   0.0008647280
       -0.0004351350   0.0009029607  -0.1036752098   0.5377853944  -0.1592179996
        0.0829829771  -0.1456896234   0.0044615967   0.0231919830   0.0458591990
       -0.0331923269   0.0304335265  -0.0455370780   0.0015522819  -0.0007471354
       -0.0004659484   0.0003360885  -0.0641122809  -0.0199464124   0.0487738822
        0.0533940571  -0.2660638316   0.0740196729   0.0005773768  -0.0002874185
        0.0028093537   0.0006103571   0.0001775573  -0.0010393638  -0.0002490118
        0.0001303686   0.0006256824  -0.0003476734  -0.0001761064  -0.0002311742
       -0.0001130088   0.0000392481  -0.0001908967  -0.0000569614  -0.0000228123
       -0.0000173749  -0.0000385642  -0.0000112641   0.0000069859   0.0000961258
       -0.0001195641   0.0000089048   0.0216572536  -0.0179765404  -0.0044447692
       -0.0009953822   0.0014260805   0.0035863646  -0.0003267658   0.0002783008
       -0.0001394517  -0.0001693944   0.0002887135   0.0002834457  -0.0001775484
        0.0000812708  -0.0002323921  -0.0007093618   0.0012831994   0.0038476908
        0.0052776427  -0.0171998159   0.0065251942
        0.0123536117   0.0159002196  -0.0179764765   0.0467124258   0.0354489782
       -0.1127846009   0.0145235114   0.0025636026   0.0138115282  -0.0014284519
       -0.0023116084  -0.0027526117  -0.0002413994  -0.0000867317   0.0002745750
       -0.0000116684  -0.0001253926  -0.0005959648   0.0001554014  -0.0001486133
       -0.0000368522   0.0001823237   0.0005383877   0.0001164360   0.0002984469
       -0.0003816870   0.0006566968  -0.1568703431  -0.1592179996   0.3049133547
        0.0601422767  -0.0241903032  -0.0743982510   0.0201202244  -0.0087896858
       -0.0056525983  -0.0100079448   0.0024388183  -0.0012071234   0.0003692544
        0.0004134228  -0.0011822822   0.0180548365   0.0209685332  -0.0191758167
       -0.0077562846   0.1036771515  -0.0906307757  -0.0006157823   0.0030883227
       -0.0032955281   0.0001189608   0.0007996662  -0.0008749526   0.0010700160
        0.0003135842  -0.0000789374  -0.0004112683  -0.0002182937  -0.0000114298
       -0.0000380002   0.0000761758  -0.0000653492  -0.0000217213  -0.0000738079
        0.0000455768   0.0000288581  -0.0000618400  -0.0000179817   0.0000684544
       -0.0000447882  -0.0000172634  -0.0080001997   0.0066886821   0.0028853333
        0.0060848673   0.0037188868   0.0028484301   0.0002172186  -0.0000352481
       -0.0000560675   0.0000867229  -0.0001029354   0.0000679931  -0.0000496244
        0.0000154616   0.0001465044   0.0052932357   0.0038147563   0.0030362309
       -0.0004279583  -0.0046757145   0.0020082038
       -0.0008907298   0.0014551655  -0.0004675216  -0.0337115731   0.0042463847
        0.0144103597   0.0022483988  -0.0035359355   0.0013715517  -0.0003899018
        0.0008527403  -0.0000455544   0.0006927074   0.0000178783   0.0006592239
       -0.0002860915   0.0001791994  -0.0001914637   0.0001402054  -0.0002318988
       -0.0001693764   0.0000453080   0.0000773032   0.0003268535  -0.0001984859
        0.0002026946   0.0000103565  -0.2226975654   0.0829829771   0.0601422767
        0.5304280047  -0.0911832275  -0.1969913781  -0.2035818824  -0.0228828612
        0.1055684891   0.0305139036  -0.0680471357   0.0152250519   0.0020378822
        0.0029586742   0.0011080646  -0.0502256676   0.0035009110   0.0238804295
        0.0103946409   0.0646635806  -0.0358407940  -0.0000340255  -0.0000116225
       -0.0000577517  -0.0003262762   0.0005824488  -0.0000932815   0.0002028923
        0.0000578454  -0.0000519023  -0.0001990719  -0.0001423963  -0.0001862025
        0.0000629839   0.0000216132   0.0000670588   0.0000414934  -0.0000459866
        0.0000469289   0.0000548446  -0.0000565690   0.0000036500   0.0000197517
       -0.0000080906  -0.0000611573  -0.0450017983   0.0295975351  -0.0077991679
       -0.0207862668  -0.0072978295   0.0162649334  -0.0007632856  -0.0002375068
        0.0007416623   0.0005611003   0.0004129673   0.0001555134   0.0000627981
        0.0002448928  -0.0002463921  -0.0005093512  -0.0000208069   0.0001236617
        0.0020950577   0.0016470555   0.0020958778
        0.0000985568  -0.0016083539   0.0001231067  -0.0015423228   0.0077955605
       -0.0018669290  -0.0053752723  -0.0010845413   0.0002559292   0.0007918593
       -0.0001806733   0.0014124485  -0.0001300804  -0.0002273577  -0.0003330481
        0.0000698875  -0.0000991859   0.0002358938  -0.0000593117   0.0000453770
       -0.0000892563   0.0000214889  -0.0001028844   0.0000892840  -0.0000986667
        0.0002342401  -0.0002773998   0.1322910220  -0.1456896234  -0.0241903032
       -0.0911832275   0.5777859907  -0.1769488267  -0.0859154088  -0.1202777605
        0.0870408498  -0.0199107244  -0.0199665983   0.0217470172   0.0018476604
       -0.0027574216   0.0038092910   0.0040878917   0.0013648496  -0.0056876102
        0.0230902062  -0.0378913095   0.0062083010   0.0001306817  -0.0001400893
        0.0002478832  -0.0007731609  -0.0005256220   0.0008568773  -0.0001626640
        0.0003768111   0.0000813020  -0.0000857976   0.0002392441   0.0000079984
       -0.0000002655  -0.0000025524  -0.0000411596  -0.0000377296   0.0000475277
       -0.0000474721  -0.0000733691   0.0000595270  -0.0000078465  -0.0000302680
        0.0000441734   0.0000779506   0.0298534195  -0.2585385472   0.0914319499
        0.0116222809   0.0051540611  -0.0090397686  -0.0006245347  -0.0005841954
        0.0006182764  -0.0002797768  -0.0001257311   0.0005007682   0.0004554481
       -0.0000335720  -0.0001998394  -0.0000697961   0.0007608380  -0.0003852370
        0.0019919736  -0.0040721812   0.0043695695
        0.0005546148   0.0007617848  -0.0000090800   0.0140188171  -0.0084384662
       -0.0047072052   0.0037013181   0.0022124289   0.0006615405  -0.0009716547
        0.0000975525  -0.0014641080   0.0001279942   0.0000199597   0.0002921341
       -0.0000798443   0.0000610243  -0.0001482637   0.0000412533  -0.0000018517
        0.0001747256  -0.0001063928   0.0000840115  -0.0002870651   0.0005230133
       -0.0003789564   0.0002534023   0.0387110617   0.0044615967  -0.0743982510
       -0.1969913781  -0.1769488267   0.3171814996   0.1369494542   0.0517570025
       -0.1518669487  -0.0084691174   0.0493156238  -0.0197006481   0.0017864701
        0.0037171302   0.0047136044   0.0250951646  -0.0055536642  -0.0162989828
       -0.0170216156  -0.0190573163   0.0205602169   0.0001175088  -0.0000305499
        0.0000230429   0.0006983482  -0.0001258629  -0.0008545334   0.0003422298
        0.0001281158   0.0000086146  -0.0001658146   0.0000847849   0.0000999156
       -0.0000261713  -0.0000040337   0.0000437524   0.0000040367  -0.0000050186
        0.0000257944   0.0000145727  -0.0000276627   0.0000024487  -0.0000056730
        0.0000047583  -0.0000067726  -0.0083995968   0.0917306942  -0.0733783153
        0.0068147530   0.0020118777  -0.0043656291  -0.0003751865  -0.0005800279
        0.0007183654   0.0008771156   0.0007073192  -0.0011913525   0.0001192981
       -0.0002251741   0.0000849061   0.0001761532  -0.0004765001  -0.0001415140
        0.0019392676   0.0046982465   0.0039747059
        0.0004426051  -0.0007814705  -0.0002064120   0.0007011599   0.0052210280
        0.0021048506  -0.0017395928  -0.0010407889  -0.0007002824   0.0001409090
        0.0002185699   0.0005144346  -0.0001336636   0.0000753656  -0.0000531194
        0.0000422113  -0.0000165546   0.0000771699  -0.0000313494   0.0000551719
        0.0000280849  -0.0000264974  -0.0000784049  -0.0000684240   0.0000210639
       -0.0000110856  -0.0000635055  -0.0523839559   0.0231919830   0.0201202244
       -0.2035818824  -0.0859154088   0.1369494542   0.5494813817  -0.1002760931
       -0.2059814468  -0.0860349815   0.0610597356  -0.0094182843  -0.0005764604
       -0.0184035022   0.0106091837   0.0109127352   0.0232687550  -0.0169121703
       -0.0068556751  -0.0193630238   0.0106345716   0.0001501517  -0.0000003574
       -0.0001365063  -0.0001221767  -0.0002420270   0.0002267710  -0.0000984267
        0.0000724240   0.0000749610  -0.0000488658  -0.0000194299  -0.0000289416
       -0.0000075390  -0.0000046822  -0.0000127720   0.0000113536   0.0000144527
       -0.0000099835  -0.0000014156   0.0000030338  -0.0000022248   0.0000166592
       -0.0000428169  -0.0000306049   0.0016821437   0.0001684400  -0.0002184199
       -0.2079270458   0.1145168982   0.0446786249  -0.0006180536  -0.0014019619
        0.0011819863  -0.0024684448  -0.0022160004   0.0025383932   0.0008592818
       -0.0019353809   0.0006373224  -0.0022915915   0.0045331869   0.0035517457
        0.0004859616  -0.0006500557  -0.0000846809
       -0.0000016658  -0.0008707725   0.0001495658   0.0065733462   0.0008467406
       -0.0001380542  -0.0002190614   0.0006345004  -0.0003845601   0.0000094745
        0.0000952600   0.0000827679  -0.0003784475  -0.0000540497  -0.0001691861
        0.0001545549  -0.0001288372   0.0001870902  -0.0000786400   0.0001469349
        0.0000954082  -0.0000778061  -0.0000616617  -0.0001957974   0.0002776841
       -0.0000813154  -0.0000792421  -0.0249035661   0.0458591990  -0.0087896858
       -0.0228828612  -0.1202777605   0.0517570025  -0.1002760931   0.5665296360
       -0.1666502741  -0.0017796798  -0.2721681714   0.1118538759  -0.0032726360
       -0.0146990575   0.0110338656   0.0661582601  -0.0376506129  -0.0184660731
       -0.0191788914  -0.0350456230   0.0251893751  -0.0000208124   0.0001067300
        0.0000137981   0.0000748171  -0.0000316143   0.0000883331  -0.0000420862
       -0.0000124966   0.0000183310  -0.0000011995   0.0000763726  -0.0000245096
       -0.0000052085   0.0000035442  -0.0000503061  -0.0000106980   0.0000500460
       -0.0000363232  -0.0000616303   0.0000334321  -0.0000078179  -0.0000087714
       -0.0000041729   0.0000187188  -0.0187367281  -0.0132957484   0.0184201527
        0.1144073988  -0.1190084126  -0.0249561068   0.0001799185  -0.0007828673
       -0.0005818270  -0.0011359418  -0.0008104331   0.0009729899   0.0015317762
        0.0007106213  -0.0010557642   0.0042787784  -0.0001336092   0.0014678242
       -0.0005735844   0.0000241991   0.0002364284
       -0.0004508350  -0.0001480987   0.0005005402   0.0003843574   0.0003863930
        0.0062280544   0.0033359098  -0.0008058193  -0.0013791943  -0.0003192233
        0.0004471850  -0.0002802198   0.0002079730  -0.0000339797   0.0001034015
       -0.0000844328   0.0000724401  -0.0000431164   0.0000168148  -0.0000368390
       -0.0000184980  -0.0000208554   0.0000135916   0.0000301291  -0.0000932637
        0.0000047326   0.0000168133   0.0419123670  -0.0331923269  -0.0056525983
        0.1055684891   0.0870408498  -0.1518669487  -0.2059814468  -0.1666502741
        0.3181327747   0.0214322574   0.0748979392  -0.1003922637   0.0028584214
        0.0202140816  -0.0092682164  -0.0382292690   0.0059396110   0.0199844156
        0.0105937852   0.0259695139  -0.0237653357   0.0000052439  -0.0002416377
        0.0001493131  -0.0001301530   0.0000826815   0.0000933735  -0.0000181015
       -0.0000196054  -0.0000890406   0.0000805213   0.0000242744   0.0000144240
        0.0000288992   0.0000135633   0.0000548195   0.0000133880   0.0000004547
        0.0000209454   0.0000235667  -0.0000039156   0.0000055951  -0.0000269409
        0.0000392211   0.0000205758   0.0088793721   0.0069129867  -0.0077552626
        0.0448395226  -0.0249486637  -0.0476577128   0.0008862953   0.0008611130
       -0.0007534555   0.0016239082   0.0010947693  -0.0011957713  -0.0010140178
        0.0006108029   0.0000948950   0.0037685393   0.0012059815   0.0049345697
       -0.0000910926   0.0002489742  -0.0002670058
        0.0001377401   0.0004012168  -0.0002914029  -0.0033288294  -0.0002866477
        0.0015437048   0.0019532846  -0.0005536026   0.0000310705  -0.0004491405
        0.0002589219  -0.0003345224   0.0000212285   0.0000585181   0.0002128038
       -0.0000187947   0.0000020373  -0.0000976748  -0.0000203000   0.0000553886
        0.0000245378  -0.0000681284   0.0000536494  -0.0001141987   0.0002463846
       -0.0001340943   0.0001809351  -0.0156758377   0.0304335265  -0.0100079448
        0.0305139036  -0.0199107244  -0.0084691174  -0.0860349815  -0.0017796798
        0.0214322574   0.5265146405  -0.0970571530  -0.1764742057  -0.1405988813
       -0.0376002819   0.0644073939  -0.2284471300   0.1360359552   0.0372152222
       -0.0519925066  -0.0246172319   0.0428728358   0.0000618187   0.0000988819
       -0.0001394062   0.0000091268   0.0000164963   0.0000077136   0.0000587562
       -0.0000002073  -0.0000038819  -0.0000433624  -0.0000586944  -0.0000234011
       -0.0000176403  -0.0000090481   0.0000259525   0.0000283706  -0.0000301155
        0.0000294819   0.0000323459  -0.0000575293  -0.0000047951   0.0000251779
       -0.0000647710  -0.0000770653  -0.0007107636  -0.0006936253   0.0058151757
       -0.0053284350   0.0234010955  -0.0080927388   0.0050583039   0.0010633746
        0.0014962808  -0.0040929966  -0.0062683195   0.0053403699  -0.0237583457
       -0.0064786336   0.0178816828  -0.0034942338   0.0041399638   0.0002321678
       -0.0005807742  -0.0004186662   0.0053807689
       -0.0002063970   0.0001844189   0.0002007134  -0.0011880690  -0.0015630046
        0.0010059362   0.0011835760   0.0001991493  -0.0000981895  -0.0000053950
       -0.0000022122  -0.0001364127   0.0003786242   0.0000916544   0.0001075833
       -0.0001051244   0.0000905803  -0.0001563701   0.0000793890  -0.0001386101
       -0.0000954874   0.0000409236   0.0000584037   0.0001807492  -0.0002667006
        0.0000757460   0.0000231716   0.0309516318  -0.0455370780   0.0024388183
       -0.0680471357  -0.0199665983   0.0493156238   0.0610597356  -0.2721681714
        0.0748979392  -0.0970571530   0.5700219872  -0.1548230640  -0.0399958787
       -0.0861426245   0.0356359891   0.0737280499  -0.1513525412   0.0051925113
        0.0234823399   0.0491358576  -0.0376412900  -0.0000322861   0.0000023786
        0.0000147306  -0.0000726359   0.0002781761  -0.0000277423  -0.0001287059
       -0.0001050686  -0.0000664493  -0.0000281588  -0.0000482248   0.0000265468
        0.0000104022   0.0000203224   0.0000321906   0.0000150921  -0.0000282149
        0.0000262543   0.0000363165  -0.0000128356  -0.0000018488   0.0000043304
        0.0000177550  -0.0000069175  -0.0003173495   0.0014572491   0.0033953757
        0.0052379987  -0.0175226283   0.0062026053   0.0005380643   0.0008931725
        0.0024910772  -0.0210766047  -0.0156386243   0.0197030974   0.0098452743
        0.0052138053  -0.0081480886   0.0228814478  -0.0187456570  -0.0035965309
       -0.0009456019   0.0012314375   0.0039074777
        0.0000022154  -0.0004231192   0.0001355146   0.0030142267   0.0008790811
       -0.0014692016  -0.0018421366   0.0002955972  -0.0000036501   0.0004336516
       -0.0001327643   0.0004174910  -0.0001550380  -0.0000488779  -0.0002308490
        0.0000534426  -0.0000192719   0.0001369025  -0.0000150310   0.0000249258
        0.0000115429   0.0000170377  -0.0000741882   0.0000195917  -0.0000547504
        0.0001232559  -0.0001625318  -0.0099655757   0.0015522819  -0.0012071234
        0.0152250519   0.0217470172  -0.0197006481  -0.0094182843   0.1118538759
       -0.1003922637  -0.1764742057  -0.1548230640   0.3308326027   0.0696488995
        0.0362819623  -0.1164815916   0.0669796467  -0.0301634778  -0.0750965232
        0.0184346727  -0.0100400228  -0.0067806435  -0.0000249494  -0.0000415228
        0.0000858134   0.0000155668  -0.0001134388   0.0000868432   0.0000103798
        0.0000435511  -0.0000055822   0.0000611505   0.0000508550   0.0000246225
       -0.0000108788  -0.0000219142  -0.0000510890  -0.0000349674   0.0000223050
       -0.0000328572  -0.0000423721   0.0000398515   0.0000057005   0.0000018942
        0.0000250250   0.0000506755   0.0055378166   0.0038967019   0.0032235967
        0.0011515316  -0.0042990152   0.0027993222   0.0212222296   0.0123823820
       -0.0246092535  -0.0024474908   0.0025678513   0.0014125383   0.0011993604
       -0.0025926173   0.0006164572  -0.0082561892   0.0073079229   0.0030115161
        0.0057330952   0.0036988514   0.0033530769
        0.0000241709  -0.0000217159   0.0000252794   0.0000945425  -0.0001386170
       -0.0008751305  -0.0004107697   0.0000983828   0.0001971784   0.0001452286
       -0.0000448953   0.0000431497  -0.0000046795  -0.0000103884  -0.0000273243
       -0.0000019460   0.0000124426   0.0000303999   0.0000244458  -0.0000200456
        0.0000174785   0.0000318152  -0.0000320385   0.0000033880  -0.0000207462
       -0.0000226909  -0.0000402015  -0.0003659428  -0.0007471354   0.0003692544
        0.0020378822   0.0018476604   0.0017864701  -0.0005764604  -0.0032726360
        0.0028584214  -0.1405988813  -0.0399958787   0.0696488995   0.4987903554
       -0.0211413177   0.0110421532  -0.0248173044  -0.0064698869   0.0190422744
       -0.0011340703   0.0047020290   0.0023785270   0.0000081234  -0.0000016641
        0.0000114998   0.0000113312   0.0000016874  -0.0000078274  -0.0000322326
       -0.0000125837   0.0000021922  -0.0000220491   0.0000294959   0.0000172889
       -0.0000156841  -0.0000010762  -0.0000178369  -0.0000254948   0.0000173847
       -0.0000217300  -0.0000208578   0.0000239997  -0.0000006228  -0.0000004617
        0.0000064715   0.0000077116   0.0000232734   0.0001430224  -0.0001033000
        0.0006446691   0.0007355943  -0.0017150913  -0.0624037705  -0.0049262567
       -0.0716626913  -0.0491090506  -0.0312640382  -0.0075844147  -0.2216404408
        0.1026710811  -0.0255546604   0.0003935262  -0.0017072504  -0.0005755685
       -0.0010285212  -0.0004591363   0.0007048332
       -0.0000309999   0.0000111126   0.0000056415   0.0001792519  -0.0000351879
       -0.0007218015  -0.0004924946   0.0001188525   0.0001500418   0.0000984680
       -0.0000843876   0.0001040121   0.0000095739  -0.0000398162  -0.0000732997
        0.0000160878  -0.0000029617   0.0000193442   0.0000081841   0.0000030458
       -0.0000031089   0.0000034438  -0.0000079950   0.0000042521   0.0000036125
        0.0000389783  -0.0000361423  -0.0004704281  -0.0004659484   0.0004134228
        0.0029586742  -0.0027574216   0.0037171302  -0.0184035022  -0.0146990575
        0.0202140816  -0.0376002819  -0.0861426245   0.0362819623  -0.0211413177
        0.5138621612   0.0035867693   0.0079238821   0.0050445018  -0.0074159565
        0.0037539148  -0.0001999421   0.0005822367  -0.0000238692   0.0000121453
        0.0000113652   0.0000336561   0.0000512964  -0.0000436149  -0.0000127096
       -0.0000222165  -0.0000224665   0.0000041251   0.0000246264   0.0000145921
       -0.0000068539  -0.0000030412  -0.0000125002  -0.0000194701   0.0000129957
       -0.0000180695  -0.0000267523   0.0000149078  -0.0000041477  -0.0000100953
        0.0000111702   0.0000124376  -0.0010061506  -0.0006832427   0.0007806540
       -0.0019263589   0.0005807271  -0.0003645336  -0.0053603569  -0.0422267846
       -0.0231711168  -0.0323139294  -0.2687977401  -0.0458886461   0.1027680553
       -0.1045746229   0.0136528608   0.0003958922   0.0007409529  -0.0013014516
        0.0006887488   0.0002155164  -0.0004739487
        0.0000852615   0.0003560253  -0.0001611908  -0.0017325268  -0.0008508058
       -0.0004932132   0.0004093202   0.0000006432   0.0003083800  -0.0001997004
       -0.0000250986  -0.0002819832   0.0001030416   0.0000436257   0.0001045372
       -0.0000143798   0.0000119936  -0.0001102122   0.0000203013  -0.0000116001
       -0.0000257927  -0.0000277190   0.0000665501  -0.0000252139   0.0000339540
       -0.0000263601   0.0001206606   0.0010584054   0.0003360885  -0.0011822822
        0.0011080646   0.0038092910   0.0047136044   0.0106091837   0.0110338656
       -0.0092682164   0.0644073939   0.0356359891  -0.1164815916   0.0110421532
        0.0035867693   0.4707492647   0.0118381947   0.0011679990  -0.0061529507
        0.0020960755   0.0003622087   0.0057456573   0.0000025811   0.0000470544
       -0.0000506565   0.0000081885  -0.0000055524  -0.0000724508   0.0000371605
       -0.0000077749   0.0000494982   0.0000010321  -0.0000320923  -0.0000191766
        0.0000132520   0.0000178411   0.0000454169   0.0000301639  -0.0000259369
        0.0000386814   0.0000353547  -0.0000333020   0.0000124294   0.0000058161
       -0.0000125901  -0.0000176018   0.0003263741   0.0001538664  -0.0005004946
       -0.0007017964  -0.0016228134  -0.0011459197  -0.0671006574  -0.0208574663
       -0.2510475639  -0.0070617538  -0.0467509923  -0.0482471681  -0.0249319237
        0.0140590943  -0.0450631430  -0.0015766522  -0.0005430161  -0.0012725260
        0.0000758369   0.0001164959  -0.0002687820
       -0.0003639083  -0.0010904678   0.0003685547   0.0060944744   0.0023889809
        0.0004392775  -0.0013892164   0.0009686816  -0.0010653498   0.0004340099
       -0.0000853440   0.0006410041   0.0001197827   0.0001065647  -0.0000688985
       -0.0000455170   0.0000573325   0.0000008406   0.0000498083  -0.0000916569
       -0.0001562522   0.0000961778  -0.0000672766   0.0003184571  -0.0005301027
        0.0001087853  -0.0002019273   0.0273526670  -0.0641122809   0.0180548365
       -0.0502256676   0.0040878917   0.0250951646   0.0109127352   0.0661582601
       -0.0382292690  -0.2284471300   0.0737280499   0.0669796467  -0.0248173044
        0.0079238821   0.0118381947   0.5372923004  -0.0879303519  -0.2031128339
       -0.2084865375  -0.0261331240   0.1057394212  -0.0000115305  -0.0001495903
        0.0000715924  -0.0000310503   0.0000264663   0.0001866636  -0.0002161982
       -0.0001114878  -0.0000688762   0.0000803326  -0.0000537292  -0.0000059999
        0.0000344194   0.0000094923  -0.0000608221   0.0000079893  -0.0000022265
       -0.0000341364   0.0000068314   0.0000207221  -0.0000294890   0.0000179974
       -0.0000171691  -0.0000598972  -0.0004898828  -0.0001951012   0.0000625529
        0.0022589816   0.0018436707   0.0022642167  -0.0012859740   0.0010411592
       -0.0005234273   0.0003617490   0.0018909658  -0.0002193058  -0.0033689594
       -0.0011055719   0.0028225547  -0.0450395952   0.0282594856  -0.0071683643
       -0.0203716822  -0.0074750127   0.0161218710
       -0.0009544121  -0.0003541340   0.0012015628   0.0022416092  -0.0037713490
        0.0043823870   0.0008808950   0.0003744435  -0.0003390164  -0.0002262704
       -0.0000433290  -0.0003282044   0.0000368531   0.0000967093  -0.0000825083
       -0.0000154232   0.0000083053  -0.0000915998  -0.0000277725   0.0000144476
        0.0000277567  -0.0000493841   0.0000461117  -0.0001022858   0.0001042021
        0.0000290604   0.0000686905  -0.0202916615  -0.0199464124   0.0209685332
        0.0035009110   0.0013648496  -0.0055536642   0.0232687550  -0.0376506129
        0.0059396110   0.1360359552  -0.1513525412  -0.0301634778  -0.0064698869
        0.0050445018   0.0011679990  -0.0879303519   0.5811365874  -0.1759531136
       -0.0881607538  -0.1215732383   0.0884398319   0.0001036129  -0.0001898392
        0.0002905214  -0.0000141440   0.0001412700  -0.0000659990  -0.0000805646
       -0.0000686119  -0.0000634846   0.0000007303  -0.0000636451   0.0000516922
       -0.0000052365   0.0000222200   0.0000449944   0.0000377385  -0.0000147076
        0.0000434270   0.0000394632  -0.0000288493   0.0000022393  -0.0000244617
       -0.0000046281   0.0000134134  -0.0002154786   0.0007264166  -0.0004453595
        0.0021717434  -0.0039527819   0.0045486047  -0.0006975093   0.0002912335
        0.0009783801  -0.0013015324   0.0006951012   0.0006890290  -0.0020080755
       -0.0003298697   0.0019083129   0.0281919679  -0.2560457703   0.0913927392
        0.0118584819   0.0053990622  -0.0089710122
       -0.0001702034  -0.0000607548  -0.0002392260  -0.0005898029   0.0036215742
        0.0056933248   0.0021968500  -0.0013615769  -0.0013358690  -0.0004026995
        0.0006330989  -0.0001039714  -0.0002132842  -0.0001850668   0.0000101645
        0.0000571805  -0.0000344359   0.0001635021  -0.0000462432   0.0001003434
        0.0001201654  -0.0000855900  -0.0000687615  -0.0002450957   0.0002012023
       -0.0001862872   0.0000015140  -0.0058969847   0.0487738822  -0.0191758167
        0.0238804295  -0.0056876102  -0.0162989828  -0.0169121703  -0.0184660731
        0.0199844156   0.0372152222   0.0051925113  -0.0750965232   0.0190422744
       -0.0074159565  -0.0061529507  -0.2031128339  -0.1759531136   0.3177454817
        0.1382415915   0.0525622347  -0.1496005104   0.0000174073  -0.0001501811
        0.0000471834   0.0000018232  -0.0001557239   0.0000486663   0.0000934792
        0.0000822983  -0.0000020499  -0.0000223947   0.0001355509  -0.0000178662
        0.0000136914   0.0000024919   0.0000642376   0.0000064136   0.0000268485
        0.0000032098  -0.0000055249   0.0000129528   0.0000215333  -0.0000169897
        0.0000201984   0.0000317447   0.0002454502  -0.0003765549  -0.0000229373
        0.0020333605   0.0047464178   0.0041223468   0.0011879617  -0.0000253202
        0.0001550757   0.0007052475  -0.0008583141   0.0002255679   0.0028444761
        0.0014154125  -0.0013916229  -0.0076048787   0.0913814345  -0.0749597522
        0.0070955390   0.0022784804  -0.0037949590
       -0.0021092330  -0.0004944829   0.0022639236   0.0026865806  -0.0182919162
        0.0077916018  -0.0014790470  -0.0000296009   0.0013608577  -0.0008108606
       -0.0013502589   0.0003806332  -0.0009181601  -0.0004818288  -0.0007644187
        0.0002217044  -0.0003330099   0.0001806520  -0.0001778577   0.0003450699
        0.0001942075  -0.0001387143   0.0000104823  -0.0003663069   0.0007920489
        0.0001255013  -0.0000113081  -0.0854384644   0.0533940571  -0.0077562846
        0.0103946409   0.0230902062  -0.0170216156  -0.0068556751  -0.0191788914
        0.0105937852  -0.0519925066   0.0234823399   0.0184346727  -0.0011340703
        0.0037539148   0.0020960755  -0.2084865375  -0.0881607538   0.1382415915
        0.5537695777  -0.0954246761  -0.2070702403   0.0002281019  -0.0003846136
        0.0009194453  -0.0001099567   0.0001213585  -0.0000554579  -0.0000098529
        0.0000705740  -0.0000368842  -0.0000624366   0.0000456871   0.0000326303
       -0.0000245754  -0.0000209069  -0.0000175083  -0.0000138004   0.0000294297
       -0.0000287551  -0.0001131928  -0.0000011987  -0.0000053466  -0.0001005988
       -0.0000137023   0.0000986706  -0.0023774649   0.0046281845   0.0034476281
        0.0005494740  -0.0006082213  -0.0001204819  -0.0003175084  -0.0003912711
        0.0005230568   0.0004597212   0.0002685410  -0.0003944040  -0.0004580949
       -0.0002068007   0.0008701511   0.0012851760  -0.0002559430  -0.0004463445
       -0.2072584171   0.1162627302   0.0466657739
       -0.0009224335   0.0014079583  -0.0002648970  -0.0145993100  -0.0162251039
        0.0145279416   0.0065604824  -0.0007917706   0.0000503597  -0.0008733270
        0.0007131284  -0.0010017576  -0.0006358099  -0.0000655783   0.0003893932
       -0.0000522311  -0.0000849948   0.0000511653   0.0000709241  -0.0000729160
        0.0000084308   0.0000692070  -0.0000853318   0.0000631556  -0.0000497682
       -0.0006280551   0.0001845192   0.0047237009  -0.2660638316   0.1036771515
        0.0646635806  -0.0378913095  -0.0190573163  -0.0193630238  -0.0350456230
        0.0259695139  -0.0246172319   0.0491358576  -0.0100400228   0.0047020290
       -0.0001999421   0.0003622087  -0.0261331240  -0.1215732383   0.0525622347
       -0.0954246761   0.5623582344  -0.1606861982   0.0003345673  -0.0000523158
        0.0002542792   0.0001006922   0.0000457237  -0.0000993788   0.0002542848
        0.0000494033   0.0000679724  -0.0001821055  -0.0003263394  -0.0002582803
       -0.0000036449  -0.0000083263   0.0000009138   0.0000460872  -0.0000160610
        0.0000145350   0.0000185801  -0.0000565811  -0.0000042385   0.0000845639
       -0.0000697221  -0.0001477880   0.0042219666  -0.0000053613   0.0015898858
       -0.0004593340  -0.0000407701   0.0003573635  -0.0000268829  -0.0005581813
        0.0006447990   0.0002799143  -0.0002047446  -0.0002092012   0.0009385421
        0.0004009146  -0.0003316190  -0.0192178049  -0.0134765669   0.0178822774
        0.1154915853  -0.1205685556  -0.0265574027
        0.0023764885   0.0006564919  -0.0015820852   0.0119089953   0.0196786268
       -0.0135669988  -0.0054189970   0.0006563952  -0.0015167924   0.0000219955
        0.0000072122   0.0010431956  -0.0002026192  -0.0000803834  -0.0001594786
        0.0001355459   0.0000048567   0.0003085843  -0.0000281570   0.0000909577
        0.0000993964   0.0000696877  -0.0001257020  -0.0000291273  -0.0001762664
       -0.0001196484  -0.0002956037   0.0140543295   0.0740196729  -0.0906307757
       -0.0358407940   0.0062083010   0.0205602169   0.0106345716   0.0251893751
       -0.0237653357   0.0428728358  -0.0376412900  -0.0067806435   0.0023785270
        0.0005822367   0.0057456573   0.1057394212   0.0884398319  -0.1496005104
       -0.2070702403  -0.1606861982   0.3128965559  -0.0001625067   0.0003533239
       -0.0007440185  -0.0000274597  -0.0000737321   0.0000814194  -0.0000967141
       -0.0001825651   0.0001564466  -0.0000638615  -0.0000674951   0.0000616457
       -0.0000294764  -0.0000489478  -0.0000589449  -0.0000364332   0.0000268342
       -0.0000367391  -0.0000428133   0.0000319676  -0.0000005947  -0.0000712056
        0.0000485553   0.0000466010   0.0035139972   0.0011293525   0.0046839608
       -0.0002113399   0.0002960768  -0.0003007436  -0.0010407585  -0.0000268847
        0.0007567654  -0.0001079678   0.0005819559  -0.0001516317   0.0005253881
        0.0002299614  -0.0006055816   0.0091148493   0.0070536514  -0.0077614900
        0.0472809779  -0.0262327905  -0.0488533496
       -0.1974185594  -0.0252607845   0.1163802232   0.0065763449  -0.0008878084
       -0.0017451882   0.0002951580   0.0004597099  -0.0002193573   0.0000467123
        0.0001146949  -0.0005155085  -0.0000740461   0.0000557388  -0.0001226576
       -0.0000111547   0.0000021278  -0.0000615197  -0.0000015308   0.0000033213
        0.0000118293  -0.0000517453   0.0000088665  -0.0000370622  -0.0000302048
        0.0000035752  -0.0000183063  -0.0005178868   0.0005773768  -0.0006157823
       -0.0000340255   0.0001306817   0.0001175088   0.0001501517  -0.0000208124
        0.0000052439   0.0000618187  -0.0000322861  -0.0000249494   0.0000081234
       -0.0000238692   0.0000025811  -0.0000115305   0.0001036129   0.0000174073
        0.0002281019   0.0003345673  -0.0001625067   0.2238656576   0.0283025597
       -0.1356658811  -0.0116517239   0.0009034209   0.0093677309  -0.0215844032
       -0.0044594121   0.0132700853  -0.0000091073   0.0000175236   0.0000393415
       -0.0000065320   0.0000073282  -0.0000051228   0.0000082514   0.0000029621
        0.0000025213   0.0000034713  -0.0000057662  -0.0000101837   0.0000265480
       -0.0000121085  -0.0000177044   0.0000718186  -0.0002164582  -0.0000310580
        0.0000119974   0.0000030215   0.0000092764   0.0000093682   0.0000050793
        0.0000186416  -0.0000072368  -0.0000167959   0.0000044306  -0.0000012435
        0.0000088732  -0.0000006876   0.0000144534  -0.0000220132  -0.0000053621
        0.0000329538  -0.0000869269   0.0000120168
       -0.0254975883  -0.0462427490   0.0165674449  -0.0110552954  -0.0040087623
        0.0138408374  -0.0008684008   0.0000191897  -0.0016745691  -0.0000367215
       -0.0001659050   0.0001879980  -0.0000610335   0.0000358860  -0.0000777286
       -0.0000094212   0.0000109714  -0.0000493088  -0.0000027010  -0.0000270246
       -0.0000694560   0.0000348820  -0.0000082828   0.0000385330  -0.0001074261
        0.0001536389  -0.0000285081   0.0014431085  -0.0002874185   0.0030883227
       -0.0000116225  -0.0001400893  -0.0000305499  -0.0000003574   0.0001067300
       -0.0002416377   0.0000988819   0.0000023786  -0.0000415228  -0.0000016641
        0.0000121453   0.0000470544  -0.0001495903  -0.0001898392  -0.0001501811
       -0.0003846136  -0.0000523158   0.0003533239   0.0283025597   0.0517069859
       -0.0232085287   0.0233354324   0.0015834414  -0.0180005583  -0.0148895313
       -0.0023759795   0.0092553919   0.0000180560  -0.0000499153  -0.0000350000
       -0.0000025363   0.0000013140  -0.0000277479  -0.0000016445   0.0000041317
       -0.0000104953  -0.0000124395   0.0000019880  -0.0000139668   0.0000529223
       -0.0000760784   0.0000072053  -0.0001458587  -0.0000397895   0.0001652771
       -0.0000130513   0.0000065166   0.0000191811  -0.0000038528   0.0000047539
        0.0000134378  -0.0000047828   0.0000015618  -0.0000071735   0.0000027182
        0.0000001528  -0.0000044993  -0.0000342705  -0.0000277607   0.0000215360
        0.0000058423   0.0000401237   0.0000658884
        0.1155258420   0.0172458286  -0.1327231731   0.0211516529   0.0065856967
       -0.0209158536   0.0000238206  -0.0016823181   0.0022451051  -0.0000049559
        0.0003733570  -0.0002749104   0.0000409117  -0.0000361122   0.0002602100
        0.0000120696   0.0000362431   0.0000821979   0.0000033836   0.0000115344
        0.0000911773   0.0000092142  -0.0000649558  -0.0000447612   0.0001978805
       -0.0002461449   0.0001044244  -0.0019179908   0.0028093537  -0.0032955281
       -0.0000577517   0.0002478832   0.0000230429  -0.0001365063   0.0000137981
        0.0001493131  -0.0001394062   0.0000147306   0.0000858134   0.0000114998
        0.0000113652  -0.0000506565   0.0000715924   0.0002905214   0.0000471834
        0.0009194453   0.0002542792  -0.0007440185  -0.1356658811  -0.0232085287
        0.1527911353   0.0100595575  -0.0010564299  -0.0062746779  -0.0101362532
       -0.0017338760   0.0084069612   0.0000577738   0.0000197820   0.0000098702
        0.0000191077  -0.0000075817   0.0000217687   0.0000082299   0.0000121521
        0.0000010474   0.0000077517   0.0000022568   0.0000128416  -0.0000482259
        0.0000796099   0.0000311193  -0.0001298281  -0.0000120691   0.0000532736
        0.0000146313  -0.0000187722  -0.0000038294   0.0000034974   0.0000042577
       -0.0000210652   0.0000098440   0.0000149615   0.0000099655   0.0000164057
       -0.0000118721   0.0000126436   0.0000657613   0.0000871518  -0.0000622197
        0.0000069263  -0.0000361023  -0.0000284002
       -0.0690455999   0.0766816641   0.0256089689  -0.0056603489   0.0110820345
       -0.0017268492   0.0002089318   0.0010289721  -0.0007759654  -0.0003621197
       -0.0008140968  -0.0011890701  -0.0002705798   0.0001354343  -0.0000368193
        0.0000354027   0.0000262872  -0.0001103013   0.0000434233  -0.0000513203
        0.0000068033   0.0000943555  -0.0000051299  -0.0000352227   0.0001368537
       -0.0000626471   0.0001547213   0.0000281583   0.0006103571   0.0001189608
       -0.0003262762  -0.0007731609   0.0006983482  -0.0001221767   0.0000748171
       -0.0001301530   0.0000091268  -0.0000726359   0.0000155668   0.0000113312
        0.0000336561   0.0000081885  -0.0000310503  -0.0000141440   0.0000018232
       -0.0001099567   0.0001006922  -0.0000274597  -0.0116517239   0.0233354324
        0.0100595575   0.0802591920  -0.0901034229  -0.0266975352   0.0071762077
       -0.0209432483  -0.0069898252   0.0000076747  -0.0000136022  -0.0000839186
       -0.0000054511   0.0000030215  -0.0000306033  -0.0000065931  -0.0000126454
       -0.0000028476   0.0000069865  -0.0000103763   0.0000104164   0.0000294942
       -0.0000590496   0.0000062203  -0.0003900019  -0.0002072545   0.0011155612
       -0.0000280721  -0.0000129141   0.0000333245  -0.0000034798  -0.0000028210
       -0.0000114118   0.0000101095   0.0000131408  -0.0000054758   0.0000021527
       -0.0000071430   0.0000072342  -0.0000157077   0.0000176904   0.0000019920
       -0.0000302629   0.0000224122   0.0000057714
        0.0759985324  -0.2329565516  -0.0589646009   0.0103972598  -0.0170903733
        0.0007250693  -0.0009751843  -0.0015856523   0.0001969947   0.0003437515
        0.0011176412   0.0012151026   0.0003638254  -0.0001804224  -0.0000145322
       -0.0000596218  -0.0000578698   0.0001054161  -0.0000793265   0.0000718583
       -0.0000318825  -0.0001371774   0.0000407854   0.0000347292  -0.0002277392
        0.0000860783  -0.0001172987  -0.0004507253   0.0001775573   0.0007996662
        0.0005824488  -0.0005256220  -0.0001258629  -0.0002420270  -0.0000316143
        0.0000826815   0.0000164963   0.0002781761  -0.0001134388   0.0000016874
        0.0000512964  -0.0000055524   0.0000264663   0.0001412700  -0.0001557239
        0.0001213585   0.0000457237  -0.0000737321   0.0009034209   0.0015834414
       -0.0010564299  -0.0901034229   0.2676415327   0.0652351400   0.0042976649
       -0.0199354867  -0.0083435024   0.0000088174   0.0000457224   0.0001258158
        0.0000053829   0.0000018410   0.0000715811   0.0000303427   0.0000194570
        0.0000290873   0.0000070354  -0.0000100400  -0.0000185570  -0.0000112137
        0.0000549602  -0.0000266999  -0.0008427541   0.0007775814   0.0005293180
        0.0000048007   0.0000355597  -0.0000370070   0.0000096322   0.0000059247
        0.0000058393   0.0000114804   0.0000036451  -0.0000192525  -0.0000177954
        0.0000013365   0.0000006109   0.0000266772   0.0000369479  -0.0000269221
       -0.0000100934   0.0001552957  -0.0000260567
        0.0230230645  -0.0534346100  -0.0539870803  -0.0102207994   0.0218212470
        0.0051248332  -0.0008708181   0.0024945791  -0.0000375253  -0.0006532485
       -0.0016326494  -0.0022124551  -0.0004367927   0.0002756743  -0.0000704734
        0.0000877026   0.0000465544  -0.0001886500   0.0000526648  -0.0000555718
        0.0000442821   0.0001249362   0.0000137089  -0.0000849782   0.0003087661
       -0.0001407181   0.0001668360   0.0004663053  -0.0010393638  -0.0008749526
       -0.0000932815   0.0008568773  -0.0008545334   0.0002267710   0.0000883331
        0.0000933735   0.0000077136  -0.0000277423   0.0000868432  -0.0000078274
       -0.0000436149  -0.0000724508   0.0001866636  -0.0000659990   0.0000486663
       -0.0000554579  -0.0000993788   0.0000814194   0.0093677309  -0.0180005583
       -0.0062746779  -0.0266975352   0.0652351400   0.0640065887   0.0042718314
       -0.0160874957  -0.0042777056  -0.0000432883  -0.0000032418  -0.0000656568
       -0.0000263281   0.0000152658  -0.0000634771  -0.0000183379  -0.0000174664
        0.0000068776  -0.0000020967  -0.0000121674   0.0000070625  -0.0000032096
       -0.0000731291   0.0000081428   0.0010504369   0.0000769577  -0.0006612748
       -0.0000075017  -0.0000015005   0.0000071094   0.0000098672   0.0000153484
       -0.0000055479  -0.0000154197  -0.0000293120   0.0000089050  -0.0000074885
        0.0000072827   0.0000010687  -0.0000208830  -0.0000457015   0.0000276325
       -0.0000041403  -0.0001367479   0.0000117981
       -0.1667670164  -0.0925067005  -0.0788484492  -0.0099247870  -0.0017230533
       -0.0095207824   0.0003165673   0.0003966796  -0.0031652081  -0.0003014316
        0.0010233176   0.0006058337   0.0000912436  -0.0000614182   0.0000288862
       -0.0000089141  -0.0000412127   0.0001112073  -0.0000212234   0.0000239619
        0.0000054222  -0.0000702857   0.0000147725   0.0000611436  -0.0001207188
        0.0001090965  -0.0003301449   0.0001343565  -0.0002490118   0.0010700160
        0.0002028923  -0.0001626640   0.0003422298  -0.0000984267  -0.0000420862
       -0.0000181015   0.0000587562  -0.0001287059   0.0000103798  -0.0000322326
       -0.0000127096   0.0000371605  -0.0002161982  -0.0000805646   0.0000934792
       -0.0000098529   0.0002542848  -0.0000967141  -0.0215844032  -0.0148895313
       -0.0101362532   0.0071762077   0.0042976649   0.0042718314   0.1912738667
        0.1035710061   0.0953818257  -0.0000135314   0.0000178451   0.0000294904
        0.0000084945  -0.0000047254   0.0000066577   0.0000030432   0.0000181129
       -0.0000088584  -0.0000282985   0.0000221602  -0.0000182098  -0.0000299423
        0.0000280449   0.0000011003   0.0000854240   0.0000726137   0.0000612453
       -0.0000318483  -0.0000089202   0.0000211021  -0.0000089833  -0.0000023765
       -0.0000101296  -0.0000027100   0.0000122495  -0.0000001725   0.0000014886
       -0.0000073957   0.0000078318  -0.0000306790   0.0000052488   0.0000123178
       -0.0000508571   0.0000540169  -0.0000061373
       -0.0905155638  -0.1022716988  -0.0580699062   0.0098111349   0.0070507629
        0.0073062095   0.0010288628  -0.0002218580   0.0023134837   0.0007642316
       -0.0012881746   0.0001366110  -0.0000564586   0.0000201441  -0.0001290577
        0.0000477995  -0.0000090172  -0.0000079179  -0.0000021315  -0.0000081039
       -0.0000039284   0.0000982386  -0.0000410717   0.0000043939   0.0001389035
       -0.0000535195   0.0002462943   0.0003433485   0.0001303686   0.0003135842
        0.0000578454   0.0003768111   0.0001281158   0.0000724240  -0.0000124966
       -0.0000196054  -0.0000002073  -0.0001050686   0.0000435511  -0.0000125837
       -0.0000222165  -0.0000077749  -0.0001114878  -0.0000686119   0.0000822983
        0.0000705740   0.0000494033  -0.0001825651  -0.0044594121  -0.0023759795
       -0.0017338760  -0.0209432483  -0.0199354867  -0.0160874957   0.1035710061
        0.1191437397   0.0659857135  -0.0000281630  -0.0000375376  -0.0000330939
       -0.0000049077  -0.0000005454  -0.0000267229  -0.0000102722   0.0000072477
       -0.0000045238  -0.0000057927  -0.0000067686   0.0000085612  -0.0000151918
        0.0000099082   0.0000197022   0.0000783401  -0.0002978910  -0.0002665699
        0.0000310442  -0.0000132846  -0.0000114266   0.0000000319   0.0000048822
       -0.0000140954  -0.0000065788  -0.0000035269   0.0000080512   0.0000180024
       -0.0000039295  -0.0000055698   0.0000112153   0.0000081386  -0.0000023734
        0.0000289966  -0.0000246193   0.0000099332
       -0.0789646406  -0.0587795344  -0.0953232112  -0.0194194311  -0.0114294341
       -0.0135054830  -0.0017263758   0.0009465232  -0.0050396051  -0.0007574954
        0.0019459679   0.0010597927   0.0000862407  -0.0000414745   0.0001051286
       -0.0000189445  -0.0000048743   0.0001384833  -0.0000128696   0.0000220726
        0.0000012340  -0.0001211261   0.0000070404   0.0001290441  -0.0002905255
        0.0002272601  -0.0006454716  -0.0003822444   0.0006256824  -0.0000789374
       -0.0000519023   0.0000813020   0.0000086146   0.0000749610   0.0000183310
       -0.0000890406  -0.0000038819  -0.0000664493  -0.0000055822   0.0000021922
       -0.0000224665   0.0000494982  -0.0000688762  -0.0000634846  -0.0000020499
       -0.0000368842   0.0000679724   0.0001564466   0.0132700853   0.0092553919
        0.0084069612  -0.0069898252  -0.0083435024  -0.0042777056   0.0953818257
        0.0659857135   0.1090293930   0.0000466453  -0.0000040427   0.0000512916
        0.0000114632  -0.0000089892  -0.0000193320   0.0000024360   0.0000261324
       -0.0000260774  -0.0000590023   0.0000482141  -0.0000461942  -0.0000144841
        0.0000217121  -0.0000020976   0.0001462746  -0.0003527772  -0.0002007002
       -0.0000471147  -0.0000255299   0.0000393042  -0.0000201609  -0.0000063047
        0.0000233907  -0.0000101877   0.0000065519   0.0000093638   0.0000099236
       -0.0000091208   0.0000002961  -0.0000269327  -0.0000365540   0.0000212882
       -0.0000091424  -0.0000913292   0.0000319570
        0.0000308607   0.0001122597   0.0000864284  -0.0001486954   0.0000652639
       -0.0001914282  -0.0011808021  -0.0014064572  -0.0004851677  -0.0035095978
        0.0056854598   0.0030677780  -0.1501291441   0.1290582320   0.0187659524
       -0.0130628098   0.0136548004   0.0005938560   0.0028570176   0.0042330967
       -0.0042247397   0.0003801189  -0.0005680246  -0.0000441248   0.0037074813
        0.0035435044   0.0004096222  -0.0001178204  -0.0003476734  -0.0004112683
       -0.0001990719  -0.0000857976  -0.0001658146  -0.0000488658  -0.0000011995
        0.0000805213  -0.0000433624  -0.0000281588   0.0000611505  -0.0000220491
        0.0000041251   0.0000010321   0.0000803326   0.0000007303  -0.0000223947
       -0.0000624366  -0.0001821055  -0.0000638615  -0.0000091073   0.0000180560
        0.0000577738   0.0000076747   0.0000088174  -0.0000432883  -0.0000135314
       -0.0000281630   0.0000466453   0.1643774285  -0.1524271753  -0.0186698714
       -0.0009796032  -0.0016982496   0.0009021427  -0.0005925773   0.0008534102
        0.0000201437  -0.0008464684  -0.0008514816   0.0002152932  -0.0004279209
        0.0001373316   0.0000434856  -0.0000073739   0.0000869216  -0.0000204698
        0.0000138104   0.0000259778   0.0000075189   0.0000029371   0.0000066781
       -0.0000060945   0.0000136744   0.0000202500  -0.0000011739   0.0000027474
       -0.0000001017  -0.0000000523  -0.0000093182   0.0000389399  -0.0000001840
       -0.0000635278   0.0000707328  -0.0000094106
       -0.0001112841   0.0001056265   0.0001238404   0.0002638851  -0.0000237169
       -0.0007127379  -0.0022183054   0.0002966484   0.0012116816   0.0114628108
       -0.0112607771  -0.0020755573   0.1296703547  -0.1737982450  -0.0250020501
        0.0085466076  -0.0092772827  -0.0004486437   0.0044200695   0.0037572175
        0.0012293342  -0.0005702047   0.0003861471   0.0001270246   0.0031062589
        0.0029349347  -0.0035712139  -0.0004443676  -0.0001761064  -0.0002182937
       -0.0001423963   0.0002392441   0.0000847849  -0.0000194299   0.0000763726
        0.0000242744  -0.0000586944  -0.0000482248   0.0000508550   0.0000294959
        0.0000246264  -0.0000320923  -0.0000537292  -0.0000636451   0.0001355509
        0.0000456871  -0.0003263394  -0.0000674951   0.0000175236  -0.0000499153
        0.0000197820  -0.0000136022   0.0000457224  -0.0000032418   0.0000178451
       -0.0000375376  -0.0000040427  -0.1524271753   0.1899625079   0.0290321791
       -0.0019539304  -0.0007453378   0.0001215682   0.0006290073  -0.0003724674
       -0.0000876415  -0.0008302547  -0.0008054903   0.0002217598   0.0004178330
       -0.0008359188  -0.0001317223   0.0000334032  -0.0000204663   0.0000012480
        0.0000274998  -0.0000105732  -0.0000348951  -0.0000014842  -0.0000067489
        0.0000136040   0.0000130454   0.0000029344   0.0000020491   0.0000066485
        0.0000097559  -0.0000047260   0.0000376129   0.0000157412  -0.0000311322
        0.0000992701   0.0000013139   0.0000259496
       -0.0000075336   0.0001246045  -0.0000250368   0.0000448167  -0.0002985062
        0.0001690491   0.0021374863  -0.0004722264   0.0020472004   0.0171137276
       -0.0197784672  -0.0055966946   0.0195919578  -0.0242290523  -0.0478791671
       -0.0159535219   0.0167769700   0.0019664985  -0.0036619949   0.0007692259
       -0.0027915944  -0.0002612381   0.0001825774  -0.0005788083   0.0000056979
       -0.0031144580  -0.0045223191  -0.0004895682  -0.0002311742  -0.0000114298
       -0.0001862025   0.0000079984   0.0000999156  -0.0000289416  -0.0000245096
        0.0000144240  -0.0000234011   0.0000265468   0.0000246225   0.0000172889
        0.0000145921  -0.0000191766  -0.0000059999   0.0000516922  -0.0000178662
        0.0000326303  -0.0002582803   0.0000616457   0.0000393415  -0.0000350000
        0.0000098702  -0.0000839186   0.0001258158  -0.0000656568   0.0000294904
       -0.0000330939   0.0000512916  -0.0186698714   0.0290321791   0.0568484778
       -0.0001326325   0.0011234797   0.0007865876  -0.0008473633   0.0009000628
       -0.0000281072   0.0002111734   0.0002669813  -0.0000531072   0.0010057938
       -0.0011347120  -0.0003215620  -0.0000586091   0.0000973839  -0.0000315054
        0.0000339140   0.0000070572  -0.0000283801   0.0000171154   0.0000134107
       -0.0000216598   0.0000070316  -0.0000067526  -0.0000112628   0.0000043976
       -0.0000013186  -0.0000025054   0.0000257163   0.0000314769  -0.0000451664
        0.0000932170   0.0000654968  -0.0000285773
       -0.0000501642   0.0001169825   0.0000046781   0.0002084826  -0.0000142012
       -0.0001316363  -0.0003614691  -0.0002724624  -0.0004915385   0.0026882810
        0.0047346170  -0.0034450691   0.0023137131  -0.0051364965  -0.0146391817
       -0.0447236961   0.0198226527   0.0330557666  -0.0033143837   0.0092509558
        0.0185041171   0.0011953436   0.0067255245  -0.0004726007  -0.0001648712
       -0.0000918379  -0.0002499778   0.0000187594  -0.0001130088  -0.0000380002
        0.0000629839  -0.0000002655  -0.0000261713  -0.0000075390  -0.0000052085
        0.0000288992  -0.0000176403   0.0000104022  -0.0000108788  -0.0000156841
       -0.0000068539   0.0000132520   0.0000344194  -0.0000052365   0.0000136914
       -0.0000245754  -0.0000036449  -0.0000294764  -0.0000065320  -0.0000025363
        0.0000191077  -0.0000054511   0.0000053829  -0.0000263281   0.0000084945
       -0.0000049077   0.0000114632  -0.0009796032  -0.0019539304  -0.0001326325
        0.0453066712  -0.0312431370  -0.0340958777  -0.0009510791  -0.0014502056
        0.0009419117  -0.0003160450   0.0004970251   0.0009779811  -0.0008688981
       -0.0008795647   0.0002152780   0.0000006754  -0.0000074557  -0.0000016609
       -0.0000029332  -0.0000000239  -0.0000011585  -0.0000143116  -0.0000109804
        0.0000077200   0.0000048640   0.0000071218   0.0000013810   0.0000005674
       -0.0000036760  -0.0000032545  -0.0000045330   0.0000039147  -0.0000046963
       -0.0000138460   0.0000310551   0.0000048923
       -0.0000090906  -0.0000458493  -0.0000321488   0.0003460993  -0.0001136066
        0.0000009942  -0.0004535169   0.0003132319   0.0003965134   0.0046065210
        0.0038814512   0.0010892438  -0.0009144691   0.0038056093   0.0073892383
        0.0199484033  -0.0798114113  -0.0918408486   0.0047362107  -0.0097664888
       -0.0208429464   0.0067999362   0.0004651192  -0.0013392183   0.0002105605
       -0.0002719283   0.0005732783  -0.0001048002   0.0000392481   0.0000761758
        0.0000216132  -0.0000025524  -0.0000040337  -0.0000046822   0.0000035442
        0.0000135633  -0.0000090481   0.0000203224  -0.0000219142  -0.0000010762
       -0.0000030412   0.0000178411   0.0000094923   0.0000222200   0.0000024919
       -0.0000209069  -0.0000083263  -0.0000489478   0.0000073282   0.0000013140
       -0.0000075817   0.0000030215   0.0000018410   0.0000152658  -0.0000047254
       -0.0000005454  -0.0000089892  -0.0016982496  -0.0007453378   0.0011234797
       -0.0312431370   0.0845200116   0.1044285469  -0.0017086273  -0.0007852394
       -0.0000884683   0.0003180986  -0.0006267014  -0.0011256822  -0.0008638478
       -0.0008245869   0.0002203612  -0.0000005807  -0.0000018968   0.0000072132
        0.0000003235  -0.0000079432  -0.0000070007  -0.0000088144  -0.0000028799
        0.0000053381  -0.0000019721  -0.0000044607  -0.0000027157   0.0000033138
       -0.0000001120   0.0000007718   0.0000068641  -0.0000198175  -0.0000080613
        0.0000297583  -0.0000311877   0.0000182401
       -0.0002184124   0.0003402874  -0.0000685660   0.0007007936  -0.0002118892
        0.0000933553  -0.0002339942  -0.0003546734  -0.0015913740  -0.0040210031
        0.0009950916  -0.0020547272   0.0021061833  -0.0092822488  -0.0261196046
        0.0331671185  -0.0920193318  -0.2503987903   0.0017983523  -0.0037010095
       -0.0058560637   0.0001027028  -0.0016848052   0.0013891877  -0.0002786385
        0.0005519001   0.0007443317  -0.0001151777  -0.0001908967  -0.0000653492
        0.0000670588  -0.0000411596   0.0000437524  -0.0000127720  -0.0000503061
        0.0000548195   0.0000259525   0.0000321906  -0.0000510890  -0.0000178369
       -0.0000125002   0.0000454169  -0.0000608221   0.0000449944   0.0000642376
       -0.0000175083   0.0000009138  -0.0000589449  -0.0000051228  -0.0000277479
        0.0000217687  -0.0000306033   0.0000715811  -0.0000634771   0.0000066577
       -0.0000267229  -0.0000193320   0.0009021427   0.0001215682   0.0007865876
       -0.0340958777   0.1044285469   0.2826259411  -0.0000501081   0.0008997260
        0.0009051145   0.0000997325  -0.0001736285  -0.0003989922   0.0001902244
        0.0002147388  -0.0000171504   0.0000064782   0.0000111576  -0.0000302990
       -0.0000312275   0.0000116145   0.0000044204  -0.0000169741  -0.0000083395
        0.0000265530  -0.0000047091  -0.0000067327  -0.0000121482  -0.0000060094
        0.0000017658  -0.0000071029  -0.0000005980  -0.0000309062   0.0000152988
        0.0000439978   0.0000968212  -0.0000077745
       -0.0000665410   0.0001440892  -0.0000152281   0.0000655193  -0.0000635412
       -0.0000974563  -0.0010338077  -0.0007061942   0.0003289932   0.0005165388
       -0.0000119793   0.0005652848   0.0010332662   0.0065961253  -0.0001890400
       -0.0123036895   0.0082783208  -0.0166338341  -0.1080614123   0.0506596140
       -0.1059754525   0.0016008689  -0.0012194613   0.0018812824   0.0040754228
        0.0033555139   0.0001401495  -0.0000244809  -0.0000569614  -0.0000217213
        0.0000414934  -0.0000377296   0.0000040367   0.0000113536  -0.0000106980
        0.0000133880   0.0000283706   0.0000150921  -0.0000349674  -0.0000254948
       -0.0000194701   0.0000301639   0.0000079893   0.0000377385   0.0000064136
       -0.0000138004   0.0000460872  -0.0000364332   0.0000082514  -0.0000016445
        0.0000082299  -0.0000065931   0.0000303427  -0.0000183379   0.0000030432
       -0.0000102722   0.0000024360  -0.0005925773   0.0006290073  -0.0008473633
       -0.0009510791  -0.0017086273  -0.0000501081   0.1162860226  -0.0644927946
        0.1198126433  -0.0007397121  -0.0015742251   0.0009544088   0.0001516439
        0.0001040735   0.0001686279   0.0000055235   0.0000023603   0.0000038223
       -0.0000068999   0.0000042792   0.0000044719  -0.0000074927   0.0000028807
        0.0000073273  -0.0000030159  -0.0000039540  -0.0000081572   0.0000006532
        0.0000007289  -0.0000047276  -0.0000086351  -0.0000135091   0.0000014077
        0.0000092711   0.0000248081  -0.0000002602
        0.0000153522   0.0000774330   0.0001023234  -0.0003108593   0.0000656948
       -0.0003325245  -0.0009130198  -0.0006286766   0.0004531337   0.0003967082
       -0.0001847103  -0.0006774088   0.0062608996   0.0004357139  -0.0017795255
        0.0130184001  -0.0089320890   0.0174258685   0.0505541206  -0.0673957804
        0.0654984039  -0.0054994003   0.0034182138  -0.0083744239   0.0034068087
        0.0029754507  -0.0029373793   0.0000328817  -0.0000228123  -0.0000738079
       -0.0000459866   0.0000475277  -0.0000050186   0.0000144527   0.0000500460
        0.0000004547  -0.0000301155  -0.0000282149   0.0000223050   0.0000173847
        0.0000129957  -0.0000259369  -0.0000022265  -0.0000147076   0.0000268485
        0.0000294297  -0.0000160610   0.0000268342   0.0000029621   0.0000041317
        0.0000121521  -0.0000126454   0.0000194570  -0.0000174664   0.0000181129
        0.0000072477   0.0000261324   0.0008534102  -0.0003724674   0.0009000628
       -0.0014502056  -0.0007852394   0.0008997260  -0.0644927946   0.0717530477
       -0.0705166876  -0.0017952784  -0.0006791027  -0.0001488445  -0.0001138396
        0.0002365590  -0.0004716232  -0.0000002036  -0.0000019748   0.0000061986
        0.0000087022  -0.0000058540  -0.0000066798   0.0000032039  -0.0000088314
       -0.0000089391  -0.0000004576   0.0000018806  -0.0000006325   0.0000002232
        0.0000011231  -0.0000000293   0.0000042873   0.0000010020  -0.0000141107
        0.0000296927  -0.0000310026  -0.0000094053
       -0.0000966935   0.0000683507  -0.0000987712   0.0004581963  -0.0001776094
        0.0002187132   0.0001053421   0.0002939616  -0.0000290347   0.0005567457
       -0.0005226446   0.0004502004  -0.0003350700  -0.0012443289   0.0013145097
        0.0001047981   0.0001558373   0.0011494726  -0.1060584105   0.0654494432
       -0.2000658162  -0.0149598446   0.0088240223  -0.0249045151   0.0003860601
       -0.0034238241  -0.0045157304  -0.0001194429  -0.0000173749   0.0000455768
        0.0000469289  -0.0000474721   0.0000257944  -0.0000099835  -0.0000363232
        0.0000209454   0.0000294819   0.0000262543  -0.0000328572  -0.0000217300
       -0.0000180695   0.0000386814  -0.0000341364   0.0000434270   0.0000032098
       -0.0000287551   0.0000145350  -0.0000367391   0.0000025213  -0.0000104953
        0.0000010474  -0.0000028476   0.0000290873   0.0000068776  -0.0000088584
       -0.0000045238  -0.0000260774   0.0000201437  -0.0000876415  -0.0000281072
        0.0009419117  -0.0000884683   0.0009051145   0.1198126433  -0.0705166876
        0.2262888898  -0.0000288645   0.0008273368   0.0006412949  -0.0007885746
        0.0004180546  -0.0013670354   0.0000015360   0.0000151983  -0.0000067415
       -0.0000162723   0.0000033623   0.0000085891   0.0000001158  -0.0000013928
        0.0000089960  -0.0000046893  -0.0000063413  -0.0000089718  -0.0000000773
        0.0000029638   0.0000004778  -0.0000070495  -0.0000176929   0.0000088215
        0.0000548752   0.0000490557  -0.0000168154
       -0.0001688291  -0.0000008930  -0.0001702071   0.0001504898  -0.0000035658
        0.0000734617  -0.0007377503   0.0007705509   0.0001921206   0.0034577090
        0.0043775092  -0.0040283569   0.0003528083  -0.0005290975  -0.0001067531
        0.0042340965   0.0036658320   0.0004791865  -0.0040558062   0.0054853528
        0.0016727080  -0.1544041443   0.1286798703   0.0208292272  -0.0125213617
        0.0139052106   0.0005351656  -0.0000611714  -0.0000385642   0.0000288581
        0.0000548446  -0.0000733691   0.0000145727  -0.0000014156  -0.0000616303
        0.0000235667   0.0000323459   0.0000363165  -0.0000423721  -0.0000208578
       -0.0000267523   0.0000353547   0.0000068314   0.0000394632  -0.0000055249
       -0.0001131928   0.0000185801  -0.0000428133   0.0000034713  -0.0000124395
        0.0000077517   0.0000069865   0.0000070354  -0.0000020967  -0.0000282985
       -0.0000057927  -0.0000590023  -0.0008464684  -0.0008302547   0.0002111734
       -0.0003160450   0.0003180986   0.0000997325  -0.0007397121  -0.0017952784
       -0.0000288645   0.1667005509  -0.1521858722  -0.0206113862  -0.0009892191
       -0.0017681843   0.0008838838   0.0000034880  -0.0000018855  -0.0000111453
       -0.0000200232  -0.0000039542   0.0000010882  -0.0000003452  -0.0000003676
        0.0000124454  -0.0000029273  -0.0000154985  -0.0000036686  -0.0000022700
       -0.0000051390  -0.0000050429  -0.0000092367  -0.0000172824   0.0000196333
        0.0000354528   0.0000720014  -0.0000026966
        0.0001458961  -0.0000035400   0.0001648629  -0.0004080221  -0.0000283018
       -0.0000218216   0.0007734539  -0.0005584775   0.0000162769   0.0044612183
        0.0039045020   0.0008490667  -0.0005624877   0.0005684857   0.0002170956
        0.0034835584   0.0032516259  -0.0035932234   0.0098486735  -0.0101773831
       -0.0033131720   0.1286209631  -0.1727356328  -0.0250247530   0.0096448044
       -0.0091221049  -0.0000019469   0.0000539488  -0.0000112641  -0.0000618400
       -0.0000565690   0.0000595270  -0.0000276627   0.0000030338   0.0000334321
       -0.0000039156  -0.0000575293  -0.0000128356   0.0000398515   0.0000239997
        0.0000149078  -0.0000333020   0.0000207221  -0.0000288493   0.0000129528
       -0.0000011987  -0.0000565811   0.0000319676  -0.0000057662   0.0000019880
        0.0000022568  -0.0000103763  -0.0000100400  -0.0000121674   0.0000221602
       -0.0000067686   0.0000482141  -0.0008514816  -0.0008054903   0.0002669813
        0.0004970251  -0.0006267014  -0.0001736285  -0.0015742251  -0.0006791027
        0.0008273368  -0.1521858722   0.1879343062   0.0297975660  -0.0019735240
       -0.0007862292   0.0000169198  -0.0000027025  -0.0000166449   0.0000046849
        0.0000117794  -0.0000121368  -0.0000116214   0.0000030747  -0.0000060067
       -0.0000089796   0.0000040773   0.0000022529   0.0000063297   0.0000051776
       -0.0000053833   0.0000031555   0.0000150914   0.0000080390  -0.0000187039
        0.0000510968  -0.0000895923   0.0000012190
       -0.0001442165  -0.0000505563  -0.0001558503  -0.0000674798   0.0001011722
       -0.0001805065  -0.0007594163   0.0008379131   0.0004592571  -0.0033845296
        0.0009601440  -0.0029705184  -0.0002183946   0.0001466406  -0.0005667286
        0.0000405304  -0.0031915871  -0.0045491333   0.0184248477  -0.0203949954
       -0.0045861094   0.0207417320  -0.0250548326  -0.0482320103  -0.0159880298
        0.0168256704   0.0019642231   0.0000145089   0.0000069859  -0.0000179817
        0.0000036500  -0.0000078465   0.0000024487  -0.0000022248  -0.0000078179
        0.0000055951  -0.0000047951  -0.0000018488   0.0000057005  -0.0000006228
       -0.0000041477   0.0000124294  -0.0000294890   0.0000022393   0.0000215333
       -0.0000053466  -0.0000042385  -0.0000005947  -0.0000101837  -0.0000139668
        0.0000128416   0.0000104164  -0.0000185570   0.0000070625  -0.0000182098
        0.0000085612  -0.0000461942   0.0002152932   0.0002217598  -0.0000531072
        0.0009779811  -0.0011256822  -0.0003989922   0.0009544088  -0.0001488445
        0.0006412949  -0.0206113862   0.0297975660   0.0578442088  -0.0001745496
        0.0010650261   0.0007939473   0.0000024383  -0.0000025028  -0.0000144834
       -0.0000061273  -0.0000041931  -0.0000041551   0.0000018796  -0.0000016941
       -0.0000011945   0.0000003195   0.0000007072   0.0000048823   0.0000021375
        0.0000019524   0.0000035588  -0.0000012241  -0.0000030213   0.0000079082
        0.0000360824   0.0000599946  -0.0000093320
        0.0000253830   0.0000116601   0.0000064477  -0.0005180332   0.0001994862
       -0.0000047915  -0.0001691515  -0.0023887864   0.0016403537  -0.0034210006
        0.0097675811   0.0177459327   0.0010244624   0.0062344066  -0.0002672703
       -0.0005628908   0.0002445368  -0.0004700131   0.0029297861   0.0043766608
       -0.0037190804   0.0019766993  -0.0055540132  -0.0136010237  -0.0442607116
        0.0200881570   0.0333931807   0.0000917538   0.0000961258   0.0000684544
        0.0000197517  -0.0000302680  -0.0000056730   0.0000166592  -0.0000087714
       -0.0000269409   0.0000251779   0.0000043304   0.0000018942  -0.0000004617
       -0.0000100953   0.0000058161   0.0000179974  -0.0000244617  -0.0000169897
       -0.0001005988   0.0000845639  -0.0000712056   0.0000265480   0.0000529223
       -0.0000482259   0.0000294942  -0.0000112137  -0.0000032096  -0.0000299423
       -0.0000151918  -0.0000144841  -0.0004279209   0.0004178330   0.0010057938
       -0.0008688981  -0.0008638478   0.0001902244   0.0001516439  -0.0001138396
       -0.0007885746  -0.0009892191  -0.0019735240  -0.0001745496   0.0450369775
       -0.0305635406  -0.0349903122   0.0000130310  -0.0000053373   0.0000021999
        0.0000079924  -0.0000014178  -0.0000015094   0.0000066489   0.0000036559
       -0.0000053802  -0.0000003328  -0.0000011335  -0.0000001378   0.0000084036
        0.0000045810  -0.0000005830   0.0000019685   0.0000032320  -0.0000057331
       -0.0000612175  -0.0000242910   0.0001553902
       -0.0001098625   0.0002670379   0.0000535959   0.0001050427   0.0000983413
       -0.0007256708  -0.0024306251  -0.0003353541   0.0013438819   0.0049907976
       -0.0087526689  -0.0221561811   0.0067018316   0.0003117207  -0.0008849191
       -0.0000548624  -0.0000174177   0.0003978048   0.0046987628   0.0035581027
        0.0008482890  -0.0013732125   0.0035143162   0.0081500226   0.0205970158
       -0.0765335109  -0.0905973170  -0.0000754632  -0.0001195641  -0.0000447882
       -0.0000080906   0.0000441734   0.0000047583  -0.0000428169  -0.0000041729
        0.0000392211  -0.0000647710   0.0000177550   0.0000250250   0.0000064715
        0.0000111702  -0.0000125901  -0.0000171691  -0.0000046281   0.0000201984
       -0.0000137023  -0.0000697221   0.0000485553  -0.0000121085  -0.0000760784
        0.0000796099  -0.0000590496   0.0000549602  -0.0000731291   0.0000280449
        0.0000099082   0.0000217121   0.0001373316  -0.0008359188  -0.0011347120
       -0.0008795647  -0.0008245869   0.0002147388   0.0001040735   0.0002365590
        0.0004180546  -0.0017681843  -0.0007862292   0.0010650261  -0.0305635406
        0.0802200626   0.1029768068   0.0000018379  -0.0000264279  -0.0000077335
        0.0000045139  -0.0000086044  -0.0000008089  -0.0000023110  -0.0000007786
        0.0000003967  -0.0000039123   0.0000031329   0.0000008730   0.0000044676
       -0.0000026368   0.0000010436  -0.0000066573  -0.0000033961  -0.0000032505
        0.0001057124   0.0000544557  -0.0000685135
       -0.0000552475  -0.0000542489  -0.0000851610  -0.0001121332  -0.0001551768
       -0.0000061929   0.0000240614   0.0012839602   0.0007019216   0.0023173415
       -0.0040826544  -0.0059716441   0.0000076843  -0.0015127533   0.0008211041
       -0.0001491066   0.0003815232   0.0007771537  -0.0040979969   0.0015284272
       -0.0026007285   0.0024054243  -0.0093801346  -0.0252440020   0.0333281746
       -0.0906504904  -0.2548099862  -0.0000938104   0.0000089048  -0.0000172634
       -0.0000611573   0.0000779506  -0.0000067726  -0.0000306049   0.0000187188
        0.0000205758  -0.0000770653  -0.0000069175   0.0000506755   0.0000077116
        0.0000124376  -0.0000176018  -0.0000598972   0.0000134134   0.0000317447
        0.0000986706  -0.0001477880   0.0000466010  -0.0000177044   0.0000072053
        0.0000311193   0.0000062203  -0.0000266999   0.0000081428   0.0000011003
        0.0000197022  -0.0000020976   0.0000434856  -0.0001317223  -0.0003215620
        0.0002152780   0.0002203612  -0.0000171504   0.0001686279  -0.0004716232
       -0.0013670354   0.0008838838   0.0000169198   0.0007939473  -0.0349903122
        0.1029768068   0.2873531393  -0.0000044997  -0.0000075378  -0.0000013151
        0.0000102982  -0.0000069425  -0.0000072583   0.0000017363  -0.0000048065
       -0.0000144705   0.0000039678   0.0000104581   0.0000010957   0.0000065391
       -0.0000043645   0.0000058118   0.0000061973   0.0000124479  -0.0000250641
        0.0002131327   0.0000546235  -0.0001277270
       -0.0002576071   0.0004635601   0.0002833003   0.0003934357   0.0009589936
       -0.0022287489  -0.0004249261   0.0001033807   0.0001962308   0.0000880819
       -0.0000600556  -0.0000335505  -0.0000433935   0.0000207839   0.0000806620
       -0.0000041746   0.0000130171  -0.0000141271   0.0000306972  -0.0000321264
        0.0000080684   0.0000309390  -0.0000214633   0.0000162818   0.0000073298
       -0.0000614496   0.0000083958  -0.0038275804   0.0216572536  -0.0080001997
       -0.0450017983   0.0298534195  -0.0083995968   0.0016821437  -0.0187367281
        0.0088793721  -0.0007107636  -0.0003173495   0.0055378166   0.0000232734
       -0.0010061506   0.0003263741  -0.0004898828  -0.0002154786   0.0002454502
       -0.0023774649   0.0042219666   0.0035139972   0.0000718186  -0.0001458587
       -0.0001298281  -0.0003900019  -0.0008427541   0.0010504369   0.0000854240
        0.0000783401   0.0001462746  -0.0000073739   0.0000334032  -0.0000586091
        0.0000006754  -0.0000005807   0.0000064782   0.0000055235  -0.0000002036
        0.0000015360   0.0000034880  -0.0000027025   0.0000024383   0.0000130310
        0.0000018379  -0.0000044997   0.0517541004  -0.0353124268   0.0004284342
        0.0000156546  -0.0014958572  -0.0009154285  -0.0000571633   0.0000038403
        0.0000179452  -0.0001351466  -0.0001032351   0.0001276706   0.0001182180
        0.0000064031  -0.0000505925  -0.0003839280  -0.0003599238  -0.0006328729
       -0.0002126292   0.0012981443  -0.0004091097
       -0.0005744022   0.0006154804   0.0002594717  -0.0010361940  -0.0003961012
        0.0000688822  -0.0001976111  -0.0000400104   0.0004193383  -0.0001472404
        0.0000210155  -0.0002273143   0.0000577653  -0.0000343352  -0.0000516562
       -0.0000411170   0.0000392293  -0.0000698273  -0.0000244917   0.0000368983
       -0.0000139864  -0.0000499843   0.0000477982  -0.0000285328   0.0000082516
        0.0000602260   0.0000418291   0.0044850645  -0.0179765404   0.0066886821
        0.0295975351  -0.2585385472   0.0917306942   0.0001684400  -0.0132957484
        0.0069129867  -0.0006936253   0.0014572491   0.0038967019   0.0001430224
       -0.0006832427   0.0001538664  -0.0001951012   0.0007264166  -0.0003765549
        0.0046281845  -0.0000053613   0.0011293525  -0.0002164582  -0.0000397895
       -0.0000120691  -0.0002072545   0.0007775814   0.0000769577   0.0000726137
       -0.0002978910  -0.0003527772   0.0000869216  -0.0000204663   0.0000973839
       -0.0000074557  -0.0000018968   0.0000111576   0.0000023603  -0.0000019748
        0.0000151983  -0.0000018855  -0.0000166449  -0.0000025028  -0.0000053373
       -0.0000264279  -0.0000075378  -0.0353124268   0.2884211986  -0.1088000841
       -0.0001660150   0.0004479357  -0.0014905557  -0.0000305622  -0.0000000173
        0.0000373627  -0.0000846747  -0.0000854942   0.0000886420   0.0000080190
        0.0000301037  -0.0000458264  -0.0003708070  -0.0002250385  -0.0005727549
        0.0001044661  -0.0009956048   0.0004234728
        0.0007482941  -0.0000489139  -0.0008770447  -0.0004472233  -0.0011149655
       -0.0014518975  -0.0006986541   0.0003259468   0.0002124286   0.0000944151
       -0.0001856483   0.0001104440  -0.0000587599   0.0000284086  -0.0000355407
        0.0000246574  -0.0000119939  -0.0000057815   0.0000111373  -0.0000144452
       -0.0000262091   0.0000239734  -0.0000020595   0.0000412066  -0.0000200427
        0.0000414284  -0.0000474587  -0.0004401756  -0.0044447692   0.0028853333
       -0.0077991679   0.0914319499  -0.0733783153  -0.0002184199   0.0184201527
       -0.0077552626   0.0058151757   0.0033953757   0.0032235967  -0.0001033000
        0.0007806540  -0.0005004946   0.0000625529  -0.0004453595  -0.0000229373
        0.0034476281   0.0015898858   0.0046839608  -0.0000310580   0.0001652771
        0.0000532736   0.0011155612   0.0005293180  -0.0006612748   0.0000612453
       -0.0002665699  -0.0002007002  -0.0000204698   0.0000012480  -0.0000315054
       -0.0000016609   0.0000072132  -0.0000302990   0.0000038223   0.0000061986
       -0.0000067415  -0.0000111453   0.0000046849  -0.0000144834   0.0000021999
       -0.0000077335  -0.0000013151   0.0004284342  -0.1088000841   0.0765109667
       -0.0015916709  -0.0007210254  -0.0015279152   0.0000480995   0.0000900745
       -0.0000200956   0.0001271293   0.0000729117  -0.0001554252  -0.0000873666
        0.0000001004   0.0000336112  -0.0006432749  -0.0005671861  -0.0011225858
        0.0001580641  -0.0002600743   0.0001184618
       -0.0000121772  -0.0001284386   0.0000778391   0.0001127729   0.0010841002
       -0.0003050391  -0.0008867987  -0.0002192401  -0.0000670031   0.0002914095
       -0.0000650180   0.0002785805  -0.0001317355  -0.0000229824  -0.0001069957
        0.0000379350  -0.0000275886   0.0000786590  -0.0000168188   0.0000089210
       -0.0000248583   0.0000230246  -0.0000473532   0.0000321676  -0.0000703580
        0.0000378221  -0.0000924162  -0.0009432064  -0.0009953822   0.0060848673
       -0.0207862668   0.0116222809   0.0068147530  -0.2079270458   0.1144073988
        0.0448395226  -0.0053284350   0.0052379987   0.0011515316   0.0006446691
       -0.0019263589  -0.0007017964   0.0022589816   0.0021717434   0.0020333605
        0.0005494740  -0.0004593340  -0.0002113399   0.0000119974  -0.0000130513
        0.0000146313  -0.0000280721   0.0000048007  -0.0000075017  -0.0000318483
        0.0000310442  -0.0000471147   0.0000138104   0.0000274998   0.0000339140
       -0.0000029332   0.0000003235  -0.0000312275  -0.0000068999   0.0000087022
       -0.0000162723  -0.0000200232   0.0000117794  -0.0000061273   0.0000079924
        0.0000045139   0.0000102982   0.0000156546  -0.0001660150  -0.0015916709
        0.2327390669  -0.1300982797  -0.0576572850   0.0000438568   0.0001315805
       -0.0001377436  -0.0002015451  -0.0002379354   0.0001611419   0.0002784598
       -0.0001680940  -0.0000372254  -0.0002837049   0.0001594014   0.0000476767
       -0.0003512363  -0.0003748390  -0.0006173262
        0.0000171284  -0.0000092285   0.0000131517  -0.0003025012   0.0002196859
        0.0002173121  -0.0000899605  -0.0000829776  -0.0000402241  -0.0000088490
        0.0000035440   0.0000212757   0.0000051551  -0.0000156849  -0.0000274374
       -0.0000076431   0.0000073530  -0.0000262168  -0.0000076196   0.0000184766
       -0.0000118588  -0.0000132767   0.0000088855  -0.0000083849  -0.0000098798
        0.0000256317   0.0000195365  -0.0004988318   0.0014260805   0.0037188868
       -0.0072978295   0.0051540611   0.0020118777   0.1145168982  -0.1190084126
       -0.0249486637   0.0234010955  -0.0175226283  -0.0042990152   0.0007355943
        0.0005807271  -0.0016228134   0.0018436707  -0.0039527819   0.0047464178
       -0.0006082213  -0.0000407701   0.0002960768   0.0000030215   0.0000065166
       -0.0000187722  -0.0000129141   0.0000355597  -0.0000015005  -0.0000089202
       -0.0000132846  -0.0000255299   0.0000259778  -0.0000105732   0.0000070572
       -0.0000000239  -0.0000079432   0.0000116145   0.0000042792  -0.0000058540
        0.0000033623  -0.0000039542  -0.0000121368  -0.0000041931  -0.0000014178
       -0.0000086044  -0.0000069425  -0.0014958572   0.0004479357  -0.0007210254
       -0.1300982797   0.1340326403   0.0213865592   0.0001436620   0.0000759082
       -0.0001975965  -0.0000474314   0.0002937944  -0.0000212986  -0.0010965585
       -0.0004147535   0.0004231269   0.0012833739  -0.0009978846  -0.0003391335
       -0.0003698870  -0.0002332821  -0.0005556483
        0.0000320251   0.0000430642  -0.0000617239   0.0004580589  -0.0005474803
        0.0001069032   0.0004139170   0.0002290457  -0.0001066886  -0.0000865631
        0.0000189235  -0.0001131454  -0.0000304495   0.0000008540   0.0000045881
        0.0000200532  -0.0000167972   0.0000018148  -0.0000047747   0.0000114149
        0.0000161148  -0.0000072152   0.0000054905  -0.0000260916   0.0000220715
       -0.0000264548   0.0000416060   0.0053512530   0.0035863646   0.0028484301
        0.0162649334  -0.0090397686  -0.0043656291   0.0446786249  -0.0249561068
       -0.0476577128  -0.0080927388   0.0062026053   0.0027993222  -0.0017150913
       -0.0003645336  -0.0011459197   0.0022642167   0.0045486047   0.0041223468
       -0.0001204819   0.0003573635  -0.0003007436   0.0000092764   0.0000191811
       -0.0000038294   0.0000333245  -0.0000370070   0.0000071094   0.0000211021
       -0.0000114266   0.0000393042   0.0000075189  -0.0000348951  -0.0000283801
       -0.0000011585  -0.0000070007   0.0000044204   0.0000044719  -0.0000066798
        0.0000085891   0.0000010882  -0.0000116214  -0.0000041551  -0.0000015094
       -0.0000008089  -0.0000072583  -0.0009154285  -0.0014905557  -0.0015279152
       -0.0576572850   0.0213865592   0.0466892310   0.0001215369   0.0001824613
       -0.0003159802  -0.0000472611  -0.0002228381   0.0001089562   0.0001409776
        0.0003401459   0.0000312693  -0.0005446515   0.0003657532  -0.0000368562
       -0.0006198414  -0.0005238571  -0.0011279767
       -0.0000139305  -0.0000742919   0.0000300605   0.0002692323   0.0001233936
        0.0000320752  -0.0000748802   0.0000140267  -0.0000419081   0.0000517492
       -0.0000039926   0.0000772080  -0.0000155052  -0.0000074290  -0.0000238497
        0.0000044890   0.0000088038   0.0000236866  -0.0000056223   0.0000164437
       -0.0000058816  -0.0000008269  -0.0000056045   0.0000114136  -0.0000079616
        0.0000133957  -0.0000237422   0.0000580680  -0.0003267658   0.0002172186
       -0.0007632856  -0.0006245347  -0.0003751865  -0.0006180536   0.0001799185
        0.0008862953   0.0050583039   0.0005380643   0.0212222296  -0.0624037705
       -0.0053603569  -0.0671006574  -0.0012859740  -0.0006975093   0.0011879617
       -0.0003175084  -0.0000268829  -0.0010407585   0.0000093682  -0.0000038528
        0.0000034974  -0.0000034798   0.0000096322   0.0000098672  -0.0000089833
        0.0000000319  -0.0000201609   0.0000029371  -0.0000014842   0.0000171154
       -0.0000143116  -0.0000088144  -0.0000169741  -0.0000074927   0.0000032039
        0.0000001158  -0.0000003452   0.0000030747   0.0000018796   0.0000066489
       -0.0000023110   0.0000017363  -0.0000571633  -0.0000305622   0.0000480995
        0.0000438568   0.0001436620   0.0001215369   0.0726298251   0.0085998668
        0.0784106990  -0.0008018126  -0.0015183993  -0.0056278447  -0.0119184498
       -0.0011460494  -0.0282427842   0.0001565279   0.0001807422   0.0001761081
        0.0000283508   0.0000045809   0.0000409438
       -0.0000104657  -0.0000243427   0.0000193717   0.0001051919   0.0000598657
        0.0000890445   0.0000238828  -0.0000244438  -0.0000150513  -0.0000008949
        0.0000087142   0.0000115195  -0.0000205428   0.0000150934  -0.0000014136
        0.0000047097   0.0000030626   0.0000126885   0.0000008982  -0.0000000516
       -0.0000098461  -0.0000064636  -0.0000064408   0.0000026050   0.0000060796
       -0.0000035733  -0.0000103480  -0.0001659710   0.0002783008  -0.0000352481
       -0.0002375068  -0.0005841954  -0.0005800279  -0.0014019619  -0.0007828673
        0.0008611130   0.0010633746   0.0008931725   0.0123823820  -0.0049262567
       -0.0422267846  -0.0208574663   0.0010411592   0.0002912335  -0.0000253202
       -0.0003912711  -0.0005581813  -0.0000268847   0.0000050793   0.0000047539
        0.0000042577  -0.0000028210   0.0000059247   0.0000153484  -0.0000023765
        0.0000048822  -0.0000063047   0.0000066781  -0.0000067489   0.0000134107
       -0.0000109804  -0.0000028799  -0.0000083395   0.0000028807  -0.0000088314
       -0.0000013928  -0.0000003676  -0.0000060067  -0.0000016941   0.0000036559
       -0.0000007786  -0.0000048065   0.0000038403  -0.0000000173   0.0000900745
        0.0001315805   0.0000759082   0.0001824613   0.0085998668   0.0478807327
        0.0240638608  -0.0112665798  -0.0067954880  -0.0318508442   0.0071539058
        0.0015911284   0.0156922539   0.0002899490  -0.0000607593   0.0000142470
        0.0000017274  -0.0000203818  -0.0000196505
        0.0000524707   0.0000825955  -0.0000462696  -0.0004958560  -0.0002311149
        0.0000029198   0.0001729527   0.0000160857   0.0000684758  -0.0000958955
        0.0000200142  -0.0001363462   0.0000599059  -0.0000053173   0.0000431015
       -0.0000083238   0.0000020780  -0.0000244635   0.0000112350  -0.0000048749
        0.0000053750  -0.0000093946   0.0000204597  -0.0000094889   0.0000149440
       -0.0000295982   0.0000516155  -0.0000076008  -0.0001394517  -0.0000560675
        0.0007416623   0.0006182764   0.0007183654   0.0011819863  -0.0005818270
       -0.0007534555   0.0014962808   0.0024910772  -0.0246092535  -0.0716626913
       -0.0231711168  -0.2510475639  -0.0005234273   0.0009783801   0.0001550757
        0.0005230568   0.0006447990   0.0007567654   0.0000186416   0.0000134378
       -0.0000210652  -0.0000114118   0.0000058393  -0.0000055479  -0.0000101296
       -0.0000140954   0.0000233907  -0.0000060945   0.0000136040  -0.0000216598
        0.0000077200   0.0000053381   0.0000265530   0.0000073273  -0.0000089391
        0.0000089960   0.0000124454  -0.0000089796  -0.0000011945  -0.0000053802
        0.0000003967  -0.0000144705   0.0000179452   0.0000373627  -0.0000200956
       -0.0001377436  -0.0001975965  -0.0003159802   0.0784106990   0.0240638608
        0.2924602363  -0.0044846447  -0.0044252901  -0.0099476663  -0.0051817771
        0.0002006912  -0.0069413574  -0.0000506120  -0.0003608843  -0.0003595500
       -0.0000382901  -0.0000352105   0.0000106256
       -0.0000325536  -0.0000237097   0.0000177135   0.0002682590   0.0000794933
       -0.0002481798  -0.0002013178   0.0000439756   0.0000032916   0.0000732631
       -0.0000375233   0.0000781176  -0.0000284113  -0.0000192188  -0.0000362033
        0.0000058249  -0.0000064185   0.0000128440  -0.0000050785   0.0000132294
       -0.0000029288   0.0000023061  -0.0000048431   0.0000061711  -0.0000105209
        0.0000232515  -0.0000317185  -0.0000254158  -0.0001693944   0.0000867229
        0.0005611003  -0.0002797768   0.0008771156  -0.0024684448  -0.0011359418
        0.0016239082  -0.0040929966  -0.0210766047  -0.0024474908  -0.0491090506
       -0.0323139294  -0.0070617538   0.0003617490  -0.0013015324   0.0007052475
        0.0004597212   0.0002799143  -0.0001079678  -0.0000072368  -0.0000047828
        0.0000098440   0.0000101095   0.0000114804  -0.0000154197  -0.0000027100
       -0.0000065788  -0.0000101877   0.0000136744   0.0000130454   0.0000070316
        0.0000048640  -0.0000019721  -0.0000047091  -0.0000030159  -0.0000004576
       -0.0000046893  -0.0000029273   0.0000040773   0.0000003195  -0.0000003328
       -0.0000039123   0.0000039678  -0.0001351466  -0.0000846747   0.0001271293
       -0.0002015451  -0.0000474314  -0.0000472611  -0.0008018126  -0.0112665798
       -0.0044846447   0.0538661014   0.0389306317   0.0055760099   0.0021934712
        0.0279596357   0.0054035507  -0.0007449369   0.0003845893   0.0000129881
        0.0000530100   0.0000419586  -0.0000488184
       -0.0000321393   0.0000249989   0.0000138977   0.0001611809   0.0000097114
       -0.0003056634  -0.0001818162   0.0000159421   0.0000516915   0.0000368089
       -0.0000374346   0.0000456459  -0.0000305802  -0.0000172879  -0.0000266421
        0.0000113975  -0.0000079785   0.0000120251  -0.0000023331   0.0000128679
       -0.0000057408  -0.0000045743  -0.0000035382   0.0000107936   0.0000010445
        0.0000226966  -0.0000198657  -0.0000410058   0.0002887135  -0.0001029354
        0.0004129673  -0.0001257311   0.0007073192  -0.0022160004  -0.0008104331
        0.0010947693  -0.0062683195  -0.0156386243   0.0025678513  -0.0312640382
       -0.2687977401  -0.0467509923   0.0018909658   0.0006951012  -0.0008583141
        0.0002685410  -0.0002047446   0.0005819559  -0.0000167959   0.0000015618
        0.0000149615   0.0000131408   0.0000036451  -0.0000293120   0.0000122495
       -0.0000035269   0.0000065519   0.0000202500   0.0000029344  -0.0000067526
        0.0000071218  -0.0000044607  -0.0000067327  -0.0000039540   0.0000018806
       -0.0000063413  -0.0000154985   0.0000022529   0.0000007072  -0.0000011335
        0.0000031329   0.0000104581  -0.0001032351  -0.0000854942   0.0000729117
       -0.0002379354   0.0002937944  -0.0002228381  -0.0015183993  -0.0067954880
       -0.0044252901   0.0389306317   0.3110353900   0.0519648121   0.0005224835
       -0.0203137143  -0.0040171757  -0.0003938486   0.0003671248  -0.0003100469
        0.0000428241   0.0000644480  -0.0000617090
        0.0000012397  -0.0000229421  -0.0000206813   0.0001439345   0.0000673878
        0.0000490427  -0.0000439721   0.0000116075  -0.0000514742   0.0000147580
       -0.0000083413   0.0000489494  -0.0000086314  -0.0000043970  -0.0000132354
        0.0000075241  -0.0000024449   0.0000103963   0.0000110827   0.0000051531
       -0.0000046765  -0.0000010478  -0.0000059225   0.0000098497  -0.0000124116
        0.0000044793  -0.0000113913  -0.0002866850   0.0002834457   0.0000679931
        0.0001555134   0.0005007682  -0.0011913525   0.0025383932   0.0009729899
       -0.0011957713   0.0053403699   0.0197030974   0.0014125383  -0.0075844147
       -0.0458886461  -0.0482471681  -0.0002193058   0.0006890290   0.0002255679
       -0.0003944040  -0.0002092012  -0.0001516317   0.0000044306  -0.0000071735
        0.0000099655  -0.0000054758  -0.0000192525   0.0000089050  -0.0000001725
        0.0000080512   0.0000093638  -0.0000011739   0.0000020491  -0.0000112628
        0.0000013810  -0.0000027157  -0.0000121482  -0.0000081572  -0.0000006325
       -0.0000089718  -0.0000036686   0.0000063297   0.0000048823  -0.0000001378
        0.0000008730   0.0000010957   0.0001276706   0.0000886420  -0.0001554252
        0.0001611419  -0.0000212986   0.0001089562  -0.0056278447  -0.0318508442
       -0.0099476663   0.0055760099   0.0519648121   0.0574497881   0.0001765788
        0.0037615835   0.0012827829  -0.0000121150  -0.0000150395   0.0002989982
       -0.0000504102  -0.0000114469   0.0000237815
       -0.0000159148  -0.0000286958   0.0000404713   0.0002510808   0.0000372079
       -0.0003073164  -0.0001669513   0.0000084781   0.0000382189   0.0000753453
       -0.0000164726   0.0000381445  -0.0000615854   0.0000092981  -0.0000100240
        0.0000066760  -0.0000098397   0.0000287225   0.0000011932  -0.0000080137
        0.0000076809   0.0000108518  -0.0000195508   0.0000093170  -0.0000164951
       -0.0000054339  -0.0000305408   0.0002225150  -0.0001775484  -0.0000496244
        0.0000627981   0.0004554481   0.0001192981   0.0008592818   0.0015317762
       -0.0010140178  -0.0237583457   0.0098452743   0.0011993604  -0.2216404408
        0.1027680553  -0.0249319237  -0.0033689594  -0.0020080755   0.0028444761
       -0.0004580949   0.0009385421   0.0005253881  -0.0000012435   0.0000027182
        0.0000164057   0.0000021527  -0.0000177954  -0.0000074885   0.0000014886
        0.0000180024   0.0000099236   0.0000027474   0.0000066485   0.0000043976
        0.0000005674   0.0000033138  -0.0000060094   0.0000006532   0.0000002232
       -0.0000000773  -0.0000022700   0.0000051776   0.0000021375   0.0000084036
        0.0000044676   0.0000065391   0.0001182180   0.0000080190  -0.0000873666
        0.0002784598  -0.0010965585   0.0001409776  -0.0119184498   0.0071539058
       -0.0051817771   0.0021934712   0.0005224835   0.0001765788   0.2574198335
       -0.1194201735   0.0262985740   0.0001633205  -0.0004063762  -0.0000444448
       -0.0002703073  -0.0001045058   0.0001639991
        0.0000129590  -0.0000160226   0.0000031114   0.0000445194   0.0000188315
       -0.0000145120  -0.0000138337   0.0000018756   0.0000055287   0.0000000321
       -0.0000014959   0.0000108736   0.0000005698  -0.0000000478  -0.0000052290
        0.0000010247   0.0000106328  -0.0000002442   0.0000088359   0.0000065121
       -0.0000016820  -0.0000058138   0.0000027968   0.0000024479   0.0000123455
        0.0000112985   0.0000037144  -0.0001370482   0.0000812708   0.0000154616
        0.0002448928  -0.0000335720  -0.0002251741  -0.0019353809   0.0007106213
        0.0006108029  -0.0064786336   0.0052138053  -0.0025926173   0.1026710811
       -0.1045746229   0.0140590943  -0.0011055719  -0.0003298697   0.0014154125
       -0.0002068007   0.0004009146   0.0002299614   0.0000088732   0.0000001528
       -0.0000118721  -0.0000071430   0.0000013365   0.0000072827  -0.0000073957
       -0.0000039295  -0.0000091208  -0.0000001017   0.0000097559  -0.0000013186
       -0.0000036760  -0.0000001120   0.0000017658   0.0000007289   0.0000011231
        0.0000029638  -0.0000051390  -0.0000053833   0.0000019524   0.0000045810
       -0.0000026368  -0.0000043645   0.0000064031   0.0000301037   0.0000001004
       -0.0001680940  -0.0004147535   0.0003401459  -0.0011460494   0.0015911284
        0.0002006912   0.0279596357  -0.0203137143   0.0037615835  -0.1194201735
        0.1175792621  -0.0178601968  -0.0002411882   0.0000762456   0.0000285615
       -0.0000944390  -0.0000515071   0.0000248754
       -0.0000131548   0.0000063930  -0.0000135358   0.0000829505   0.0000170492
        0.0000148357  -0.0000525899   0.0000176365  -0.0000280653   0.0000038814
       -0.0000147328   0.0000390572  -0.0000032245   0.0000008525  -0.0000127773
        0.0000023269  -0.0000011768   0.0000070279   0.0000047841   0.0000028793
       -0.0000033357  -0.0000035500  -0.0000011600   0.0000076198  -0.0000060473
        0.0000130939  -0.0000034294   0.0000486686  -0.0002323921   0.0001465044
       -0.0002463921  -0.0001998394   0.0000849061   0.0006373224  -0.0010557642
        0.0000948950   0.0178816828  -0.0081480886   0.0006164572  -0.0255546604
        0.0136528608  -0.0450631430   0.0028225547   0.0019083129  -0.0013916229
        0.0008701511  -0.0003316190  -0.0006055816  -0.0000006876  -0.0000044993
        0.0000126436   0.0000072342   0.0000006109   0.0000010687   0.0000078318
       -0.0000055698   0.0000002961  -0.0000000523  -0.0000047260  -0.0000025054
       -0.0000032545   0.0000007718  -0.0000071029  -0.0000047276  -0.0000000293
        0.0000004778  -0.0000050429   0.0000031555   0.0000035588  -0.0000005830
        0.0000010436   0.0000058118  -0.0000505925  -0.0000458264   0.0000336112
       -0.0000372254   0.0004231269   0.0000312693  -0.0282427842   0.0156922539
       -0.0069413574   0.0054035507  -0.0040171757   0.0012827829   0.0262985740
       -0.0178601968   0.0519337107  -0.0000033228   0.0001391888  -0.0000213134
        0.0001563783   0.0000435667  -0.0002227643
       -0.0001749709  -0.0000877425   0.0002452544   0.0002704742  -0.0008049651
        0.0002352784  -0.0000742462   0.0000868698   0.0001047493   0.0001190843
       -0.0000888005   0.0000109549  -0.0000160977  -0.0000158691  -0.0000197474
        0.0000193122  -0.0000228607  -0.0000177744  -0.0000129130   0.0000231473
       -0.0000289885  -0.0000085726   0.0000163797  -0.0000040758   0.0000261601
        0.0000013472   0.0000046996  -0.0008788528  -0.0007093618   0.0052932357
       -0.0005093512  -0.0000697961   0.0001761532  -0.0022915915   0.0042787784
        0.0037685393  -0.0034942338   0.0228814478  -0.0082561892   0.0003935262
        0.0003958922  -0.0015766522  -0.0450395952   0.0281919679  -0.0076048787
        0.0012851760  -0.0192178049   0.0091148493   0.0000144534  -0.0000342705
        0.0000657613  -0.0000157077   0.0000266772  -0.0000208830  -0.0000306790
        0.0000112153  -0.0000269327  -0.0000093182   0.0000376129   0.0000257163
       -0.0000045330   0.0000068641  -0.0000005980  -0.0000086351   0.0000042873
       -0.0000070495  -0.0000092367   0.0000150914  -0.0000012241   0.0000019685
       -0.0000066573   0.0000061973  -0.0003839280  -0.0003708070  -0.0006432749
       -0.0002837049   0.0012833739  -0.0005446515   0.0001565279   0.0002899490
       -0.0000506120  -0.0007449369  -0.0003938486  -0.0000121150   0.0001633205
       -0.0002411882  -0.0000033228   0.0514651488  -0.0340359650   0.0007453620
        0.0000759524  -0.0014509641  -0.0009777813
       -0.0002161257  -0.0000556376   0.0001787018   0.0007672110  -0.0005005150
       -0.0000374021  -0.0003132897   0.0000855501   0.0000324060   0.0001508633
       -0.0001404041   0.0001628960  -0.0000348477  -0.0000541302  -0.0000777707
        0.0000133777  -0.0000026683   0.0000036220  -0.0000194214   0.0000431624
       -0.0000349469  -0.0000101463   0.0000089633   0.0000135031  -0.0000052621
        0.0000745374  -0.0000394428  -0.0010852716   0.0012831994   0.0038147563
       -0.0000208069   0.0007608380  -0.0004765001   0.0045331869  -0.0001336092
        0.0012059815   0.0041399638  -0.0187456570   0.0073079229  -0.0017072504
        0.0007409529  -0.0005430161   0.0282594856  -0.2560457703   0.0913814345
       -0.0002559430  -0.0134765669   0.0070536514  -0.0000220132  -0.0000277607
        0.0000871518   0.0000176904   0.0000369479  -0.0000457015   0.0000052488
        0.0000081386  -0.0000365540   0.0000389399   0.0000157412   0.0000314769
        0.0000039147  -0.0000198175  -0.0000309062  -0.0000135091   0.0000010020
       -0.0000176929  -0.0000172824   0.0000080390  -0.0000030213   0.0000032320
       -0.0000033961   0.0000124479  -0.0003599238  -0.0002250385  -0.0005671861
        0.0001594014  -0.0009978846   0.0003657532   0.0001807422  -0.0000607593
       -0.0003608843   0.0003845893   0.0003671248  -0.0000150395  -0.0004063762
        0.0000762456   0.0001391888  -0.0340359650   0.2864867983  -0.1080213022
       -0.0001344127   0.0004923745  -0.0014835274
        0.0001362480   0.0000166398  -0.0002197671  -0.0009233793   0.0007887956
        0.0000915261   0.0003734881  -0.0001787386  -0.0000725736  -0.0001859127
        0.0000939635  -0.0000457033   0.0000453369   0.0000288225   0.0000894188
       -0.0000037101   0.0000196447   0.0000009274   0.0000226912  -0.0000162919
        0.0000114799   0.0000000765   0.0000034834   0.0000223836   0.0000058397
       -0.0000391300   0.0000278560   0.0061344743   0.0038476908   0.0030362309
        0.0001236617  -0.0003852370  -0.0001415140   0.0035517457   0.0014678242
        0.0049345697   0.0002321678  -0.0035965309   0.0030115161  -0.0005755685
       -0.0013014516  -0.0012725260  -0.0071683643   0.0913927392  -0.0749597522
       -0.0004463445   0.0178822774  -0.0077614900  -0.0000053621   0.0000215360
       -0.0000622197   0.0000019920  -0.0000269221   0.0000276325   0.0000123178
       -0.0000023734   0.0000212882  -0.0000001840  -0.0000311322  -0.0000451664
       -0.0000046963  -0.0000080613   0.0000152988   0.0000014077  -0.0000141107
        0.0000088215   0.0000196333  -0.0000187039   0.0000079082  -0.0000057331
       -0.0000032505  -0.0000250641  -0.0006328729  -0.0005727549  -0.0011225858
        0.0000476767  -0.0003391335  -0.0000368562   0.0001761081   0.0000142470
       -0.0003595500   0.0000129881  -0.0003100469   0.0002989982  -0.0000444448
        0.0000285615  -0.0000213134   0.0007453620  -0.1080213022   0.0761444903
       -0.0016466432  -0.0007410543  -0.0016042645
       -0.0000054690   0.0000847299  -0.0000133181  -0.0010236275  -0.0011077833
       -0.0007955838   0.0005547718  -0.0003565104   0.0008393142  -0.0005276584
       -0.0008209066  -0.0004198257  -0.0002689810  -0.0004082473  -0.0002300993
        0.0000151346  -0.0000580138   0.0000582285  -0.0000048871  -0.0000233084
       -0.0001280178  -0.0000957575   0.0000643566  -0.0000116848  -0.0011216398
       -0.0003079251  -0.0000999205  -0.0036478495   0.0052776427  -0.0004279583
        0.0020950577   0.0019919736   0.0019392676   0.0004859616  -0.0005735844
       -0.0000910926  -0.0005807742  -0.0009456019   0.0057330952  -0.0010285212
        0.0006887488   0.0000758369  -0.0203716822   0.0118584819   0.0070955390
       -0.2072584171   0.1154915853   0.0472809779   0.0000329538   0.0000058423
        0.0000069263  -0.0000302629  -0.0000100934  -0.0000041403  -0.0000508571
        0.0000289966  -0.0000091424  -0.0000635278   0.0000992701   0.0000932170
       -0.0000138460   0.0000297583   0.0000439978   0.0000092711   0.0000296927
        0.0000548752   0.0000354528   0.0000510968   0.0000360824  -0.0000612175
        0.0001057124   0.0002131327  -0.0002126292   0.0001044661   0.0001580641
       -0.0003512363  -0.0003698870  -0.0006198414   0.0000283508   0.0000017274
       -0.0000382901   0.0000530100   0.0000428241  -0.0000504102  -0.0002703073
       -0.0000944390   0.0001563783   0.0000759524  -0.0001344127  -0.0016466432
        0.2336032318  -0.1307461924  -0.0591989649
       -0.0000219776   0.0003285023  -0.0001279757   0.0011450929  -0.0002705364
       -0.0011930260  -0.0003482639  -0.0000687947   0.0003311552  -0.0011495190
       -0.0005353165  -0.0001018228   0.0000008178  -0.0004886982  -0.0006740837
        0.0000331555  -0.0000197050  -0.0000086887  -0.0000653488   0.0001014506
        0.0000522334  -0.0000540431   0.0000671982  -0.0001111600  -0.0002951488
        0.0005419459   0.0000890495   0.0230163291  -0.0171998159  -0.0046757145
        0.0016470555  -0.0040721812   0.0046982465  -0.0006500557   0.0000241991
        0.0002489742  -0.0004186662   0.0012314375   0.0036988514  -0.0004591363
        0.0002155164   0.0001164959  -0.0074750127   0.0053990622   0.0022784804
        0.1162627302  -0.1205685556  -0.0262327905  -0.0000869269   0.0000401237
       -0.0000361023   0.0000224122   0.0001552957  -0.0001367479   0.0000540169
       -0.0000246193  -0.0000913292   0.0000707328   0.0000013139   0.0000654968
        0.0000310551  -0.0000311877   0.0000968212   0.0000248081  -0.0000310026
        0.0000490557   0.0000720014  -0.0000895923   0.0000599946  -0.0000242910
        0.0000544557   0.0000546235   0.0012981443  -0.0009956048  -0.0002600743
       -0.0003748390  -0.0002332821  -0.0005238571   0.0000045809  -0.0000203818
       -0.0000352105   0.0000419586   0.0000644480  -0.0000114469  -0.0001045058
       -0.0000515071   0.0000435667  -0.0014509641   0.0004923745  -0.0007410543
       -0.1307461924   0.1359834578   0.0230780395
        0.0000638954   0.0000986039  -0.0001446323  -0.0021426930  -0.0002831745
       -0.0011185650  -0.0004633861   0.0001660786   0.0000428632   0.0001402726
       -0.0003121102   0.0006029330  -0.0001255033  -0.0003516253  -0.0001708429
        0.0000174959  -0.0000861640  -0.0001521521  -0.0000290762   0.0000569710
       -0.0001650481  -0.0000481564   0.0000837661   0.0000306081  -0.0000535834
        0.0001682408   0.0003816896  -0.0073562178   0.0065251942   0.0020082038
        0.0020958778   0.0043695695   0.0039747059  -0.0000846809   0.0002364284
       -0.0002670058   0.0053807689   0.0039074777   0.0033530769   0.0007048332
       -0.0004739487  -0.0002687820   0.0161218710  -0.0089710122  -0.0037949590
        0.0466657739  -0.0265574027  -0.0488533496   0.0000120168   0.0000658884
       -0.0000284002   0.0000057714  -0.0000260567   0.0000117981  -0.0000061373
        0.0000099332   0.0000319570  -0.0000094106   0.0000259496  -0.0000285773
        0.0000048923   0.0000182401  -0.0000077745  -0.0000002602  -0.0000094053
       -0.0000168154  -0.0000026966   0.0000012190  -0.0000093320   0.0001553902
       -0.0000685135  -0.0001277270  -0.0004091097   0.0004234728   0.0001184618
       -0.0006173262  -0.0005556483  -0.0011279767   0.0000409438  -0.0000196505
        0.0000106256  -0.0000488184  -0.0000617090   0.0000237815   0.0001639991
        0.0000248754  -0.0002227643  -0.0009777813  -0.0014835274  -0.0016042645
       -0.0591989649   0.0230780395   0.0475182643
