34
 energy: -49.101265436569 gnorm: 0.091549978755 xtb: 6.7.1 (edcfbbe)
C           -0.65357793740000       -1.00556817980000       -3.03956156880000
C            0.13199927420000       -0.46671506090000       -1.86750901560000
N            1.40840910630000       -0.71346606920000       -1.82535952200000
C            2.18301432300000       -0.23584101140000       -0.75830448410000
C            2.97809377700000        0.89975106700000       -0.93214073600000
C            3.76808658210000        1.37990726930000        0.11435343540000
C            3.77763915890000        0.71522978920000        1.33980571730000
C            3.00642521730000       -0.43300042750000        1.51465320580000
C            2.21933150440000       -0.91076322670000        0.46484059840000
C           -0.63865287050000        0.31904117420000       -0.87376400120000
C           -0.55897265210000        1.71322736910000       -0.96840989100000
C           -1.28238429180000        2.50342032560000       -0.08393136800000
C           -2.08614286890000        1.90172176650000        0.88505560460000
C           -2.17822141210000        0.50247322120000        0.98914857730000
C           -2.99144272640000       -0.08677871080000        1.97123582780000
C           -3.08728234860000       -1.47332845620000        2.08770146830000
C           -2.36880913900000       -2.29147156630000        1.22508304670000
C           -1.55618718420000       -1.72286148540000        0.24294648740000
C           -1.44522556310000       -0.31954682500000        0.09977097980000
H           -0.23442482440000       -0.60458466400000       -3.96715402170000
H           -1.70906764570000       -0.72640149130000       -2.98133163650000
H           -0.57472840510000       -2.09647844310000       -3.05663347580000
H            2.97999947040000        1.40863026780000       -1.89153923870000
H            4.37863051990000        2.26685329740000       -0.02989986790000
H            4.39295998580000        1.08609831510000        2.15526432980000
H            3.01990558630000       -0.96029959310000        2.46448912730000
H            1.63047724990000       -1.81288006840000        0.59938981180000
H            0.06842813310000        2.17852259970000       -1.72420355250000
H           -1.22171958460000        3.58695677760000       -0.14480281490000
H           -2.64400687990000        2.53947172990000        1.56850442270000
H           -3.55959048620000        0.53518702100000        2.66007557360000
H           -3.72026863310000       -1.91200357360000        2.85470502810000
H           -2.43567450750000       -3.37262920240000        1.31592098910000
H           -0.99701992790000       -2.39187393550000       -0.40839903640000
34
 energy: -49.107264997813 gnorm: 0.033432929007 xtb: 6.7.1 (edcfbbe)
C           -0.64105893971833       -1.01305168494506       -3.03535491282277
C            0.13567421358863       -0.48134520549878       -1.86150450126048
N            1.38798503263766       -0.69801465108182       -1.80928496049317
C            2.16331987940779       -0.22253592486185       -0.74792525628123
C            2.97088099655306        0.90011493214447       -0.92749233958211
C            3.76438731840237        1.36509537353803        0.10825996579382
C            3.77574643547040        0.70645620845722        1.32827964388748
C            3.00829200861244       -0.43517471194521        1.50033513780264
C            2.20945804876706       -0.90135391635540        0.46893126445540
C           -0.63139580160909        0.31364505368704       -0.87253502700590
C           -0.55779388099946        1.69234727331224       -0.95178363939614
C           -1.28713535459735        2.49090031615938       -0.07046399293332
C           -2.08516011487883        1.90956806129801        0.88753165271985
C           -2.18049899928882        0.50999818828893        0.99653365489225
C           -2.99363623553610       -0.08924213367208        1.97589964133580
C           -3.08004877274661       -1.45838881875942        2.08058796884642
C           -2.35328482581472       -2.27278017297034        1.21036099490080
C           -1.54929632328695       -1.71473071026217        0.24098410009202
C           -1.44207136038681       -0.31524032745910        0.10323251375208
H           -0.22465859757576       -0.61657811543692       -3.96048583288138
H           -1.69104425260912       -0.73131989372437       -2.96762182700477
H           -0.56233268811112       -2.09862340791355       -3.07109135020508
H            2.96491352580071        1.41182088899906       -1.88100585703745
H            4.36868046826038        2.25116248695306       -0.03472756870366
H            4.38477845729231        1.07931815145738        2.14176731372524
H            3.01966878542986       -0.95856260439649        2.44717873205022
H            1.61476417670154       -1.79511078579091        0.60484341931868
H            0.06319102428809        2.15224184164565       -1.70923818506632
H           -1.22656317599660        3.56902402192386       -0.14067622040225
H           -2.64514715653087        2.53888790425464        1.56693606431361
H           -3.55734351319233        0.53328802350734        2.65851823310575
H           -3.71015569086456       -1.90198277607955        2.84076943618645
H           -2.42069401288594       -3.34953643683006        1.29693692913819
H           -0.99242067448292       -2.37029644764322       -0.41669519514063
34
 energy: -49.108290720958 gnorm: 0.009370676012 xtb: 6.7.1 (edcfbbe)
C           -0.63726062896570       -1.02656278947658       -3.03376403635382
C            0.13405976577238       -0.48976478783089       -1.86271677812078
N            1.37738344269188       -0.68604534507332       -1.79607456266179
C            2.15512807951148       -0.21608950918485       -0.74147740806895
C            2.96540921675900        0.90291601372344       -0.92449156449803
C            3.76146314230620        1.36010842509444        0.10650475352991
C            3.77861260451842        0.70078892156108        1.32407422578735
C            3.00435791080949       -0.43352032691075        1.49754781736934
C            2.19723384962916       -0.89298537882303        0.47541312603753
C           -0.63689083958458        0.31515132378973       -0.87913129419016
C           -0.55978833410749        1.68433874318043       -0.94598242290690
C           -1.28771623869978        2.48861310306717       -0.06110997178373
C           -2.08402849385449        1.91767102759737        0.89083446534141
C           -2.18194311167034        0.51630834839166        1.00189672167385
C           -2.99365526361254       -0.09273295664571        1.98030113364541
C           -3.07429074160151       -1.45352438864892        2.07662550560224
C           -2.34244941317394       -2.26500717231802        1.19873540619036
C           -1.54704950823188       -1.70752038819924        0.23592185474226
C           -1.44604822528215       -0.30759124879801        0.10362722365736
H           -0.21925755139684       -0.62967669558564       -3.95626255644432
H           -1.68579876208695       -0.74788689550898       -2.96359992579820
H           -0.55175610488132       -2.10999367376213       -3.07746769389824
H            2.94976856698295        1.41678727965331       -1.87499378601233
H            4.37090148847933        2.24010724211899       -0.04039494876770
H            4.39422868279625        1.06753525366854        2.13233688416243
H            3.02164183243667       -0.96146223086270        2.44002758329185
H            1.58944280982867       -1.77624530958974        0.61285428614650
H            0.06470280934098        2.14331380224466       -1.69871103088593
H           -1.21942360597654        3.56369776493142       -0.13783862056671
H           -2.64876704638971        2.53770451977526        1.57151314024074
H           -3.55352980737804        0.53484414817150        2.65843623549701
H           -3.70073574494721       -1.90603136958476        2.83167453023601
H           -2.40894054214520       -3.33986797379995        1.28515753208521
H           -0.98500423777658       -2.34737747636580       -0.42946582417914
34
 energy: -49.108497921964 gnorm: 0.005296556389 xtb: 6.7.1 (edcfbbe)
C           -0.63657355486363       -1.03820215854359       -3.03533335212348
C            0.12825975826173       -0.49204789654515       -1.86546813146634
N            1.37286098570575       -0.67909380153032       -1.78814501163481
C            2.14819411540662       -0.20917904061061       -0.73618493343407
C            2.96287287416995        0.90649365976685       -0.92224175365990
C            3.76685263138479        1.35691103634547        0.10554479725659
C            3.78756731096498        0.69510078092109        1.32225503522012
C            3.00473481790171       -0.43332704940346        1.49898242427605
C            2.18738877726032       -0.88544413753383        0.48159576099823
C           -0.64558191897045        0.31865091556724       -0.88548146357192
C           -0.56182262392920        1.68647876913972       -0.94599275180253
C           -1.28702786375721        2.49185239129548       -0.05726849644804
C           -2.08467103936839        1.92181234639261        0.89302817857278
C           -2.18463365618341        0.51912036947847        1.00192200494527
C           -2.99323037095775       -0.09444315587146        1.98185109207449
C           -3.07129286672323       -1.45477385553568        2.07527899718580
C           -2.33872137872573       -2.26494644603971        1.19372647225413
C           -1.54858741014567       -1.70390565033824        0.23035352986583
C           -1.45266489251933       -0.30245627827507        0.10090404402797
H           -0.21910342643569       -0.63963421502306       -3.95774166112835
H           -1.68676189174024       -0.76710005405104       -2.96653576988123
H           -0.54231963450176       -2.12116919164486       -3.07819601892298
H            2.94291866616551        1.42066274763876       -1.87235098211334
H            4.37838895905291        2.23541637268429       -0.04263325976017
H            4.40905804593426        1.05731192020153        2.12768384992135
H            3.02118978929895       -0.96125208934463        2.44167909657243
H            1.57022204957802       -1.76203518608437        0.62051391257588
H            0.06442670234923        2.14762456543334       -1.69625149405575
H           -1.21134416418340        3.56632020909421       -0.13472637439110
H           -2.64941527965189        2.53739924528925        1.57819444988787
H           -3.54976918402272        0.53584388235463        2.66075243551904
H           -3.69446071295191       -1.91335625209869        2.82916314803156
H           -2.40394149270003       -3.33969685326408        1.28166264149780
H           -0.98301212100303       -2.33493589986511       -0.44054041618910
34
 energy: -49.108656407903 gnorm: 0.003519272097 xtb: 6.7.1 (edcfbbe)
C           -0.63464449614494       -1.05689167149534       -3.03745312397789
C            0.11812214430971       -0.49120423521325       -1.87007833684324
N            1.36473759461539       -0.66804243722749       -1.77704504738082
C            2.13692728181569       -0.19712993310018       -0.72839602936811
C            2.96092559729568        0.91200045879309       -0.91866233077505
C            3.77755558125721        1.35227214442720        0.10437899208654
C            3.80202660789773        0.68691457361790        1.31984127570976
C            3.00309479733529       -0.43012216053705        1.50324084959154
C            2.17118823641153       -0.87107412028179        0.49198602752346
C           -0.65978123289985        0.32538097849137       -0.89544681012377
C           -0.56681308103789        1.69312883750013       -0.94760629658605
C           -1.28680155082027        2.49764038613793       -0.05184571295437
C           -2.08575902950500        1.92626453498149        0.89700821117661
C           -2.18955500254446        0.52211382539789        0.99964623409277
C           -2.99231575993720       -0.09652227564985        1.98282602217611
C           -3.06669230381806       -1.45739697742927        2.07315855659650
C           -2.33596532545803       -2.26572889823819        1.18617239154968
C           -1.55427899262826       -1.69925164914929        0.21918146730277
C           -1.46448527014868       -0.29558602940155        0.09378247306462
H           -0.22169328992901       -0.65549535331623       -3.96144939934979
H           -1.68964305724310       -0.80354535754727       -2.97234536765322
H           -0.52152605355090       -2.13902689228246       -3.07543213132499
H            2.93721451531855        1.42638424483878       -1.86856094297190
H            4.39760814417710        2.22490462109380       -0.04703697211042
H            4.43926898151236        1.03723965729817        2.11871645141732
H            3.01967008020461       -0.95874257417460        2.44612434530357
H            1.53977558921215       -1.73715971055936        0.63471276707037
H            0.06061432499693        2.15901074909876       -1.69464884428210
H           -1.20027738889909        3.57179671708027       -0.12656950456492
H           -2.64799275526399        2.53710794078112        1.58951623840437
H           -3.54385295019316        0.53521192688415        2.66555206518636
H           -3.68313823065280       -1.92375582852173        2.82807262477096
H           -2.39793623839598       -3.34062393524577        1.27746056935285
H           -0.98557746718917       -2.32007155705137       -0.45880071200939
34
 energy: -49.108714922381 gnorm: 0.003595229920 xtb: 6.7.1 (edcfbbe)
C           -0.63247494834851       -1.06596638818888       -3.03755413756615
C            0.11317222146925       -0.48852743243082       -1.87167118959490
N            1.36000186523769       -0.66224499957715       -1.77233238606562
C            2.13147648000221       -0.19009863226771       -0.72497172763221
C            2.96234986000361        0.91393528980881       -0.91740727164997
C            3.78618222289013        1.34827406705415        0.10264990989529
C            3.81069465300389        0.68220195519074        1.31775710438846
C            3.00160703485813       -0.42694179494601        1.50561821478929
C            2.16266493374155       -0.86160081285940        0.49742168887691
C           -0.66717640047501        0.32928002623060       -0.90042854519817
C           -0.57118848007156        1.69739824315973       -0.94900539934426
C           -1.28782869270498        2.50016922847698       -0.04905057926992
C           -2.08651819626510        1.92720314675876        0.89959678352750
C           -2.19243823403199        0.52287386760726        0.99789467842768
C           -2.99195615887555       -0.09721246622617        1.98286749630664
C           -3.06442310386868       -1.45850052981154        2.07223905782816
C           -2.33620599686369       -2.26569720083191        1.18232430606611
C           -1.55906173299975       -1.69733902792386        0.21243334732293
C           -1.47089183454853       -0.29304691595125        0.08875333690214
H           -0.22510726897429       -0.66185526478730       -3.96307261988934
H           -1.69115847930967       -0.82649879529549       -2.97393321176445
H           -0.50509458113430       -2.14701540828463       -3.07232529808883
H            2.93905169955225        1.42827480262204       -1.86738235779234
H            4.41233857685515        2.21638810714134       -0.05086089480683
H            4.45586137565407        1.02610026819361        2.11328214052828
H            3.01630100758795       -0.95431432577793        2.44938931541437
H            1.52372652631418       -1.72162372335366        0.64347779224857
H            0.05598836197005        2.16563524639814       -1.69488215819851
H           -1.19744399594320        3.57440154251245       -0.12004125768944
H           -2.64562345014496        2.53716993767303        1.59559724557359
H           -3.54170761851013        0.53306153938103        2.66856584519297
H           -3.67695254622305       -1.92713711530319        2.82909594302859
H           -2.39640013174380       -3.34073000626613        1.27437705801081
H           -0.99176496800325       -2.31601642812563       -0.46842222967718
34
 energy: -49.108791786963 gnorm: 0.002706346456 xtb: 6.7.1 (edcfbbe)
C           -0.62874379635432       -1.07625432248955       -3.03625708421509
C            0.10793391709857       -0.48404794502451       -1.87222201044639
N            1.35455865382359       -0.65513122444070       -1.76783054808939
C            2.12636911718077       -0.18105442383700       -0.72191696836502
C            2.96793221545279        0.91446775831292       -0.91750719447034
C            3.80024349517287        1.34138739067570        0.09873159899090
C            3.82175011714428        0.67671222943489        1.31443757079196
C            2.99824538419638       -0.42060800318221        1.50869234953341
C            2.15192138676472       -0.84758610656189        0.50385529274323
C           -0.67578735816705        0.33406209786792       -0.90580528994971
C           -0.57790844339288        1.70274041289091       -0.95063651554892
C           -1.29044187280385        2.50256426174008       -0.04568013744270
C           -2.08789257798519        1.92715015865223        0.90326710938836
C           -2.19637181378285        0.52313478497671        0.99592812075888
C           -2.99218890004006       -0.09783657584626        1.98275455805782
C           -3.06250089102240       -1.45967024164949        2.07143913267209
C           -2.33843307958399       -2.26515115402095        1.17774038177322
C           -1.56652380744287       -1.69540364980683        0.20393764232156
C           -1.47848973084274       -0.29098392628909        0.08223847957559
H           -0.23282295182080       -0.66473473116938       -3.96362012236975
H           -1.69289870886913       -0.85969024143218       -2.97178576589223
H           -0.47779567421019       -2.15477658939772       -3.06946757980266
H            2.94780070474673        1.42826564085915       -1.86795487596641
H            4.43633468618095        2.20169400463550       -0.05840927879557
H            4.47626397123863        1.01244397588885        2.10586141837046
H            3.00865667715147       -0.94492231002615        2.45424680814783
H            1.50292221775258       -1.69904733245256        0.65537625710641
H            0.04839622755377        2.17313091823355       -1.69574227027413
H           -1.19750858806768        3.57707629577055       -0.11027743005500
H           -2.64163812258189        2.53742769351984        1.60312453153698
H           -3.54091055344525        0.52888409293387        2.67234212957702
H           -3.67041732184585       -1.92919163047083        2.83156634895962
H           -2.39632995811670       -3.34040982870051        1.26923396752871
H           -1.00372462098224       -2.31464147959481       -0.47966062605058
34
 energy: -49.108862545862 gnorm: 0.002876146938 xtb: 6.7.1 (edcfbbe)
C           -0.62366448659967       -1.08824864856404       -3.03328977232567
C            0.10310750998270       -0.47954707794349       -1.87138754098262
N            1.34975339446555       -0.64588727228461       -1.76299112986003
C            2.12210054295228       -0.16945017195882       -0.71869119635839
C            2.97863170446130        0.91348612233564       -0.91941547053991
C            3.82069971591042        1.33136093649766        0.09242918791000
C            3.83611752069870        0.67072663592367        1.31019990584580
C            2.99365237329700       -0.41076945597809        1.51255053736111
C            2.13850173693132       -0.82842744975509        0.51169374271139
C           -0.68554326180157        0.33896715394117       -0.91114876655159
C           -0.58704229176202        1.70792445788511       -0.95231295730577
C           -1.29555362755383        2.50470543400409       -0.04242169492613
C           -2.09012326216723        1.92681984088174        0.90787690229114
C           -2.20120057824523        0.52326853148577        0.99510718716442
C           -2.99259628590166       -0.09889889481956        1.98404656337776
C           -3.06160611115396       -1.46116467767586        2.07120504611401
C           -2.34358698216268       -2.26435148897734        1.17169973330057
C           -1.57715134451182       -1.69323874101931        0.19405073734901
C           -1.48736408462568       -0.28907296439911        0.07558940478773
H           -0.24581200771389       -0.66191724349522       -3.96181780478806
H           -1.69420879164978       -0.90357681626325       -2.96321854996516
H           -0.43956928854018       -2.16214190988704       -3.07045344799162
H            2.96454147115416        1.42515139190174       -1.87123518209599
H            4.47053224624919        2.18038608909415       -0.07022253881821
H            4.50067531390677        0.99716076858746        2.09708493296481
H            2.99735078042252       -0.93031036019694        2.46071038457589
H            1.47634182634488       -1.66860974815380        0.66997992331782
H            0.03802141989613        2.17969719317175       -1.69735289542693
H           -1.20193448852162        3.57952931912854       -0.10045778696375
H           -2.63747054159827        2.53751304383370        1.61209907020467
H           -3.53932962538852        0.52387191207929        2.67845070810982
H           -3.66459041524763       -1.93081169817591        2.83515495572510
H           -2.40019702399052       -3.33989746092041        1.26008995986391
H           -1.02148305743696       -2.31424675028342       -0.49360214797494
34
 energy: -49.108924531154 gnorm: 0.003570106629 xtb: 6.7.1 (edcfbbe)
C           -0.61866182477840       -1.09830952775504       -3.02912434948741
C            0.10032550003411       -0.47673062006600       -1.86906327639302
N            1.34739814668452       -0.63667472696516       -1.75898640011230
C            2.12058157344430       -0.15833496354980       -0.71626350741637
C            2.99332621980424        0.91034033976837       -0.92346165773127
C            3.84327033297604        1.32027868637593        0.08487595683099
C            3.85005369070454        0.66623101216220        1.30621001076964
C            2.98876585129419       -0.39890550495774        1.51659034566918
C            2.12590379468683       -0.80826229868897        0.51925679682495
C           -0.69350059132735        0.34211730673902       -0.91429362876059
C           -0.59591639649819        1.71113091021310       -0.95345224009420
C           -1.30231881294141        2.50588749859947       -0.04074748547777
C           -2.09298579922314        1.92621720674717        0.91185099474563
C           -2.20551957118116        0.52299709143624        0.99598877922586
C           -2.99274733828023       -0.10043143359445        1.98697357349826
C           -3.06261238841498       -1.46294619029010        2.07170257470334
C           -2.35155173395235       -2.26414173208417        1.16558526968992
C           -1.58881619079928       -1.69182019834540        0.18562306957365
C           -1.49534235194113       -0.28805402340361        0.07121200377940
H           -0.26290587252943       -0.65191628607553       -3.95761829558151
H           -1.69417084188198       -0.94720339481687       -2.94851172159602
H           -0.40011456782542       -2.16572615981097       -3.07701020951869
H            2.98708397300072        1.41782649968657       -1.87768046448932
H            4.50734552915079        2.15705892252839       -0.08394556902715
H            4.52268537104363        0.98459965605461        2.08932775784151
H            2.98470665979105       -0.91268368607642        2.46782454144112
H            1.45041517935644       -1.63671190134700        0.68390062618034
H            0.02805165391115        2.18329523334075       -1.69906701224639
H           -1.21022858750031        3.58095013218013       -0.09512701133225
H           -2.63523918965895        2.53687940836887        1.61979982461800
H           -3.53612597288058        0.51986434543396        2.68599910406800
H           -3.66169457407644       -1.93224789396783        2.83880777433418
H           -2.40913485266873       -3.33997266562599        1.24910259744537
H           -1.04032601742283       -2.31460104221347       -0.50627877187494
34
 energy: -49.109009971429 gnorm: 0.004129318729 xtb: 6.7.1 (edcfbbe)
C           -0.61383776610357       -1.10547220491980       -3.02319614459158
C            0.10019334921202       -0.47561771015915       -1.86469535188904
N            1.34819141371717       -0.62736032671997       -1.75624839913830
C            2.12292535790862       -0.14786144710590       -0.71515596964628
C            3.01427574933406        0.90354188638866       -0.93083361677688
C            3.86976081366064        1.30706550483514        0.07508270425484
C            3.86377934918549        0.66380032733967        1.30230633785193
C            2.98323378788863       -0.38345558022406        1.52116363978117
C            2.11416106206719       -0.78578580043526        0.52668836700407
C           -0.69899994575839        0.34283570711790       -0.91419697988259
C           -0.60438595630548        1.71181840367003       -0.95367295661729
C           -1.31132072405551        2.50568187297884       -0.04099181998401
C           -2.09693395521450        1.92489537109905        0.91499843032954
C           -2.20924463706344        0.52185549445226        0.99884432958706
C           -2.99272885432038       -0.10258571760024        1.99180145711055
C           -3.06646877411130       -1.46516794185259        2.07293462968526
C           -2.36370907897843       -2.26492235733643        1.15946868375887
C           -1.60196616497234       -1.69176828100546        0.17920757614078
C           -1.50221940432144       -0.28853603285031        0.06976284274195
H           -0.28745897592151       -0.63149903575574       -3.94996689180654
H           -1.69244625037179       -0.99201398689971       -2.92525104833818
H           -0.35765753512706       -2.16326764802916       -3.09136349117560
H            3.01912989183827        1.40323819346709       -1.88926073847693
H            4.54944599610556        2.12962162781614       -0.10098063952056
H            4.54190143639365        0.97578620455869        2.08270339033897
H            2.96906752218533       -0.88908845216521        2.47666853736160
H            1.42453249749112       -1.60116715880022        0.69764455811811
H            0.01880454660369        2.18337647212876       -1.70037340104822
H           -1.22374357054465        3.58097138026937       -0.09551090911559
H           -2.63599102580540        2.53513843531725        1.62552609144090
H           -3.53089203693192        0.51689722621608        2.69547063966145
H           -3.66299317771773       -1.93350728395110        2.84239914608513
H           -2.42565839404257       -3.34100967715940        1.23596040187469
H           -1.06074654582377       -2.31643746468480       -0.51693340501917
34
 energy: -49.109142200733 gnorm: 0.005136836254 xtb: 6.7.1 (edcfbbe)
C           -0.60954703419817       -1.10877853538167       -3.01463605291191
C            0.10354797694089       -0.47655283734304       -1.85734732299811
N            1.35325908232857       -0.61730678315656       -1.75509678290860
C            2.13074565620513       -0.13794484109179       -0.71600908728952
C            3.04646186463429        0.88973115917649       -0.94407111791316
C            3.90500068054961        1.28896849649224        0.06057709858156
C            3.87882784623951        0.66443291719915        1.29782832640850
C            2.97536767149149       -0.36033708041008        1.52734808486453
C            2.10169153864748       -0.75740912075232        0.53495544908063
C           -0.70118377213695        0.33997266638408       -0.90904626922301
C           -0.61200924631483        1.70890571290970       -0.95178502761377
C           -1.32370011685037        2.50341257481487       -0.04333257787650
C           -2.10318368636842        1.92234227475525        0.91708922283861
C           -2.21256486273343        0.51915467915389        1.00434358443276
C           -2.99308019181287       -0.10587065813984        1.99913842717164
C           -3.07507436731642       -1.46825223294665        2.07478968380071
C           -2.38251754101191       -2.26740776697725        1.15304059136152
C           -1.61742847088088       -1.69400630931329        0.17557687250269
C           -1.50795521439267       -0.29134437791164        0.07254853759929
H           -0.32699683380607       -0.59338717622902       -3.93603267749629
H           -1.68903257479804       -1.04387687741880       -2.88827126144067
H           -0.30671005823850       -2.15109903282573       -3.11948598808251
H            3.06801010106851        1.37478474587335       -1.91001231977375
H            4.60401961913861        2.09287615497010       -0.12496834457465
H            4.55979745369761        0.97227983917054        2.07668513648969
H            2.94651215563236       -0.85286304815581        2.48956171916478
H            1.39450167577239       -1.55589491079395        0.71327908034481
H            0.01127889029522        2.17888000362177       -1.69963587523190
H           -1.24441086137614        3.57897235163881       -0.10345843591875
H           -2.64228435396616        2.53157043446788        1.62831422492551
H           -3.52339926658702        0.51503797320113        2.70755754650124
H           -3.67109991008509       -1.93522204685102        2.84520617879834
H           -2.45400088458916       -3.34360724744308        1.21993545183292
H           -1.08284296507825       -2.32016110068702       -0.52458607534657
34
 energy: -49.109294067427 gnorm: 0.005251106367 xtb: 6.7.1 (edcfbbe)
C           -0.60845494409958       -1.10494419483200       -3.00632308905752
C            0.10990734930792       -0.47932001342305       -1.84920939524053
N            1.36150797578962       -0.61092426779811       -1.75644520867969
C            2.14226854298267       -0.13325781403307       -0.71926808168103
C            3.08203797123705        0.86970462259356       -0.96066171094060
C            3.93945309059069        1.27009277223305        0.04436607010989
C            3.89049526745713        0.66936144354640        1.29357481603682
C            2.96630673643214       -0.33387979532906        1.53362064911737
C            2.09173106376803       -0.73081584486696        0.54169336782300
C           -0.69781337234353        0.33356101694929       -0.89877181401761
C           -0.61445603035053        1.70245763670631       -0.94669271478682
C           -1.33486155136100        2.49912877354803       -0.04625026402099
C           -2.11061071909447        1.91888421456022        0.91702637763621
C           -2.21453445918241        0.51509893596695        1.01061215564100
C           -2.99518873892506       -0.10961917196931        2.00578223029152
C           -3.08741292845233       -1.47146731525917        2.07577022916909
C           -2.40178439234129       -2.27141242901705        1.14918451807629
C           -1.62830827898762       -1.69877794118078        0.17787165357184
C           -1.50964263981253       -0.29633030682367        0.08003080861256
H           -0.37186470441804       -0.54883273825481       -3.91789633941865
H           -1.68419073489870       -1.08387898264706       -2.84999432698881
H           -0.26767958152164       -2.12855212328372       -3.15502166232249
H            3.12123331395251        1.33527679736260       -1.93587684620272
H            4.65606130163214        2.05584671396055       -0.15035871525964
H            4.56986800608745        0.97855065590353        2.07298839862762
H            2.92175307715071       -0.81023721378096        2.50369338405025
H            1.36866424467032       -1.51310404762145        0.72666932598822
H            0.01058111947194        2.17074490507954       -1.69446246738404
H           -1.26468424917326        3.57482992062983       -0.11661180331163
H           -2.65508919300100        2.52671753863863        1.62549343976982
H           -3.51820038227319        0.51475631943611        2.71675296847778
H           -3.68636235421424       -1.93761139221519        2.84433033832149
H           -2.48544056958655       -3.34729894142118        1.20806606094143
H           -1.09528923639301       -2.32474773335702       -0.52368235284953
34
 energy: -49.109427463832 gnorm: 0.007035905678 xtb: 6.7.1 (edcfbbe)
C           -0.60934089496108       -1.10163889775099       -2.99924224722746
C            0.11415683418930       -0.48092443497194       -1.84242821291723
N            1.36766071042266       -0.60427109472415       -1.75771585473658
C            2.15170807724748       -0.12927049366935       -0.72281745664725
C            3.11841935710185        0.84582898023753       -0.97818782344183
C            3.97659605729879        1.24819124163708        0.02597055911492
C            3.90383866255480        0.67440943262266        1.28735103350146
C            2.95442475195280       -0.30343392553078        1.54043732654536
C            2.07779596128740       -0.70088390872630        0.54966597702160
C           -0.69496832080343        0.32782706981654       -0.88840328780276
C           -0.61405502613679        1.69679752509761       -0.93896239820066
C           -1.34256377270860        2.49501664913869       -0.04535250912945
C           -2.11888250701079        1.91542211381146        0.91734588763168
C           -2.21810246058286        0.51084362995564        1.01488037172046
C           -3.00097484524522       -0.11338907156444        2.00917465993019
C           -3.10119083449434       -1.47467804114795        2.07415358508662
C           -2.41804509950691       -2.27565071961075        1.14614055959842
C           -1.63564044080806       -1.70389087385251        0.18132273708463
C           -1.51172787952508       -0.30102571256164        0.08719188536122
H           -0.42420452908024       -0.50101973132421       -3.89699662474338
H           -1.68300151566749       -1.13497053385490       -2.81231096662583
H           -0.22338645501382       -2.10435413210261       -3.19450077729180
H            3.17554823835185        1.28852447876522       -1.96337324180362
H            4.71337605972576        2.01353326183169       -0.17870295828410
H            4.58352397629325        0.98564442661337        2.06654719245898
H            2.89208250550493       -0.75988042330522        2.51971894073718
H            1.33520761860252       -1.46371257703460        0.74362834104679
H            0.01429502974903        2.16522628239975       -1.68410616256732
H           -1.27707485612119        3.57057786222847       -0.12408520886348
H           -2.67065224166868        2.52171769671049        1.62202417565166
H           -3.51937826935525        0.51372597252524        2.72126119246655
H           -3.70403465342823       -1.94185052833761        2.83929231117997
H           -2.51173684063729       -3.35084240524666        1.20097473145950
H           -1.09967239742669       -2.32759911807357       -0.51989573721471
34
 energy: -49.109552476526 gnorm: 0.008035837114 xtb: 6.7.1 (edcfbbe)
C           -0.61720886988144       -1.08497947154453       -2.99486829526730
C            0.12208271827581       -0.48525823405465       -1.83603393225723
N            1.37722682330888       -0.60801675128188       -1.76338184454765
C            2.16522880742870       -0.13831900586988       -0.73041603889151
C            3.15330589160877        0.80999465631797       -0.99922025965439
C            4.00506483829636        1.22611590890520        0.00600260507537
C            3.90741509873028        0.68819877759737        1.28110946498944
C            2.94164818009827       -0.26867484951436        1.54586871770204
C            2.07003963089304       -0.67786729516699        0.55393198129684
C           -0.68237664113409        0.31736829827397       -0.87048724810899
C           -0.60160719330802        1.68638526635271       -0.92433778025123
C           -1.34313339476703        2.48786001114669       -0.04199045391597
C           -2.12847673955452        1.91070748196992        0.91405708048944
C           -2.22038150698563        0.50472240349009        1.01782229589292
C           -3.01303476253687       -0.11731377369608        2.00730306943036
C           -3.12059813542377       -1.47751479620554        2.06878730990297
C           -2.42857600629339       -2.28191104128377        1.14916351216992
C           -1.62944231733971       -1.71291598514751        0.19619547162837
C           -1.50611638845465       -0.30861142821833        0.10109988036697
H           -0.47801226335591       -0.45384860354851       -3.86819950592361
H           -1.67708772322135       -1.15331126318744       -2.78431002429755
H           -0.21664965961838       -2.06124137953993       -3.23876792016666
H            3.22740333144822        1.22070216655320       -1.99654360329373
H            4.75638228204349        1.97345662291963       -0.20712452695291
H            4.58008643175273        1.01269596040050        2.06308768652459
H            2.86192431593838       -0.69881473628039        2.53580954507407
H            1.31407711468647       -1.42407618434222        0.75580626490817
H            0.03338768337413        2.15612370907845       -1.66327480331798
H           -1.27897484020831        3.56266097178358       -0.13337821286772
H           -2.69727751116992        2.51503198885615        1.60833451333668
H           -3.53199379938694        0.51469950505899        2.71467580041864
H           -3.73408752107109       -1.94774791468757        2.82445322703450
H           -2.53235030812869       -3.35553838952133        1.20687711283214
H           -1.07788756594342       -2.33076262561187       -0.49805108925947
34
 energy: -49.109701681337 gnorm: 0.009360487358 xtb: 6.7.1 (edcfbbe)
C           -0.61761983995491       -1.08362935711387       -2.98906064776524
C            0.12298620333346       -0.48685828818131       -1.82977715176792
N            1.37920204105293       -0.60593612636423       -1.76370265523779
C            2.17090136521762       -0.13695296369526       -0.73347472762300
C            3.18403794549042        0.78365431072493       -1.01537504691726
C            4.03803459864978        1.20254237589931       -0.01328002156077
C            3.91718752171732        0.69358540175646        1.27308027885480
C            2.92837321356668       -0.23760130734298        1.55183933699375
C            2.05451894206809       -0.64796359179248        0.56262047468511
C           -0.68134015099990        0.31427295996056       -0.86308791867378
C           -0.59844022433457        1.68359928232833       -0.91512605456217
C           -1.34372846399240        2.48465646805222       -0.03574023233314
C           -2.13554908950179        1.90727824935439        0.91520244030579
C           -2.22755856339747        0.50132789476384        1.01739148989766
C           -3.02508374908105       -0.11965980994210        2.00376470727393
C           -3.13342836199917       -1.47985441486082        2.06409472534742
C           -2.43689722065262       -2.28488313481846        1.14821745646558
C           -1.63246300589834       -1.71683282708195        0.19926271554913
C           -1.50965950933328       -0.31200718186749        0.10425879234167
H           -0.53509978013045       -0.40445994184995       -3.84656804092371
H           -1.67494449359033       -1.21104602403844       -2.74846562457759
H           -0.17080154557947       -2.03762785761200       -3.27818380351679
H            3.27484846672916        1.17139484847082       -2.02147391967439
H            4.80897542624770        1.92895198147765       -0.23676437284542
H            4.59185913252300        1.01992395950540        2.05279585974938
H            2.83150291397438       -0.64513738237975        2.55092861113925
H            1.28122928796869       -1.37443969355247        0.77583466584769
H            0.04027841531670        2.15472167385399       -1.64988918533757
H           -1.27738797008022        3.55921200423948       -0.12664176373831
H           -2.70861713684317        2.51164105980343        1.60584623762183
H           -3.54662450910866        0.51156459386700        2.70980182497598
H           -3.75057757600604       -1.95102317104253        2.81636374620089
H           -2.54221960015182       -3.35824586341035        1.20685718370072
H           -1.07589468311982       -2.33416812710935       -0.49154937979637
34
 energy: -49.109871750416 gnorm: 0.005531449558 xtb: 6.7.1 (edcfbbe)
C           -0.61677419183765       -1.09040946628201       -2.99215679254246
C            0.11553327742899       -0.48477975504137       -1.83315250431964
N            1.36997467350739       -0.61166929715288       -1.76013351566659
C            2.16080719409687       -0.13865273937486       -0.73006769340654
C            3.16558848344289        0.78951335567014       -1.00736145486377
C            4.02389743284021        1.20641909673728       -0.00910011008082
C            3.91311263679883        0.68997745471895        1.27123099166570
C            2.92995343769921       -0.24607833234016        1.54873975285990
C            2.05373159174884       -0.65500625066236        0.56236244312145
C           -0.68717101925458        0.32144931496740       -0.87208918591850
C           -0.59682699345635        1.69085422907704       -0.91593664350631
C           -1.33268348268945        2.48838020079311       -0.02809672240359
C           -2.13134803349697        1.90906851249716        0.91717291697873
C           -2.23248720702489        0.50447451603046        1.00971423776668
C           -3.03186998853580       -0.11702730349165        1.99335021181015
C           -3.12713094442024       -1.47828023048370        2.06026602915484
C           -2.42125750643827       -2.28171058696490        1.15046935183873
C           -1.62654938096155       -1.71232028428752        0.19527878694013
C           -1.51289182559110       -0.30750638381395        0.09516210234838
H           -0.52242519689143       -0.42149118501089       -3.85139710073623
H           -1.67744895073093       -1.21243042710386       -2.76397364182797
H           -0.17440802595585       -2.05020503129543       -3.26295209837607
H            3.24867611283057        1.18590269833418       -2.00783643550687
H            4.78912382298480        1.93778225110024       -0.23067820879476
H            4.59173486277893        1.01382490075832        2.04727436543542
H            2.83967720797167       -0.65745722777720        2.54409191124630
H            1.28536366546945       -1.38506167369542        0.77696760141242
H            0.04171466497007        2.16332639788163       -1.64937660353092
H           -1.25541968955655        3.56307227375235       -0.10294863068881
H           -2.69610692982488        2.51563442326895        1.61087862593318
H           -3.56447535363805        0.50845267709481        2.69604124300710
H           -3.74143856497041       -1.94903383801344        2.81442218730088
H           -2.51058458017292       -3.35625467647915        1.21621368770827
H           -1.06959119902039       -2.33275761340940       -0.49237910425897
34
 energy: -49.109816881774 gnorm: 0.008075176424 xtb: 6.7.1 (edcfbbe)
C           -0.61593238535798       -1.09720874357823       -2.99526605387428
C            0.10805400827786       -0.48270074202908       -1.83653973084057
N            1.36071321338348       -0.61744480747336       -1.75654614752202
C            2.15067564592355       -0.14036791445660       -0.72664873127353
C            3.14708125756737        0.79537858582834       -0.99934043451954
C            4.00971312036706        1.21030259575987       -0.00492433792571
C            3.90901058586531        0.68636608475852        1.26937632425565
C            2.93151905586316       -0.25457198137268        1.54564360614616
C            2.05292415927411       -0.66206829399390        0.56211798156339
C           -0.69301661140136        0.32865273153373       -0.88112289095284
C           -0.59519621863725        1.69813585537087       -0.91674272495329
C           -1.32158680517711        2.49211811124734       -0.02041520209326
C           -2.12712654206325        1.91086540151968        0.91915424653397
C           -2.23743530290479        0.50763191368332        1.00200726201826
C           -3.03868958814732       -0.11439171204992        1.98288752583059
C           -3.12081171516827       -1.47670714342840        2.05641853502672
C           -2.40554797452138       -2.27853034805250        1.15273355535554
C           -1.62060206682621       -1.70778921301551        0.19128378901155
C           -1.51613122391557       -0.30298737183195        0.08603207819033
H           -0.50971436328780       -0.43859111733770       -3.85625501771608
H           -1.67995329027781       -1.21377972997145       -2.77953711036503
H           -0.17805799873002       -2.06282073048950       -3.24767113898361
H            3.22243232393014        1.20043409453213       -1.99418773362263
H            4.76920880809279        1.94663387202864       -0.22460321827174
H            4.59159293815890        1.00771808242903        2.04173681990496
H            2.84784775927999       -0.66979562755081        2.53725793130111
H            1.28949026307463       -1.39571302531914        0.77812812695700
H            0.04317289717904        2.17196043045533       -1.64885270200497
H           -1.23335466687774        3.56694882465587       -0.07914921595584
H           -2.68354762558138        2.51964165957312        1.61593597001427
H           -3.58241131663516        0.50532432390649        2.68221030761356
H           -3.73227029797812       -1.94704527579327        2.81246656595986
H           -2.47880630868402       -3.35426128745815        1.22561565708347
H           -1.06324373396439       -2.33133750207837       -0.49320389179200
34
 energy: -49.110033591096 gnorm: 0.004334249813 xtb: 6.7.1 (edcfbbe)
C           -0.61926210615599       -1.09031010121234       -2.99002196248002
C            0.11271970258281       -0.48589565745543       -1.83068385429984
N            1.36611389912527       -0.62072379082387       -1.75726064073732
C            2.15877644316122       -0.14269181222821       -0.73004342873757
C            3.17655640131879        0.76970825736368       -1.01826823201361
C            4.03697165137451        1.19103851685235       -0.02398962452339
C            3.91444741660991        0.69491241640081        1.26441880067143
C            2.91845506058141       -0.22587406000915        1.55348037193755
C            2.04051150961911       -0.63843191798045        0.57068638847579
C           -0.68715226031550        0.32379669875129       -0.87159490887486
C           -0.59004565561115        1.69309002881749       -0.90755081590100
C           -1.32335339112713        2.48827477423675       -0.01658664643838
C           -2.13254188139629        1.90761921986137        0.91968233026019
C           -2.24091570891396        0.50379826741675        1.00427925118354
C           -3.04723663878528       -0.11868545969271        1.98149428285638
C           -3.13311461452382       -1.48056115369949        2.05297472582443
C           -2.41408394559431       -2.28275860359937        1.15219716799534
C           -1.62123628593947       -1.71192205123135        0.19652318475615
C           -1.51526368343203       -0.30686391014586        0.09219798411279
H           -0.55144105229483       -0.40704753153278       -3.83851864346272
H           -1.67278439539984       -1.23461799774456       -2.75417022176557
H           -0.16231587719944       -2.03612966131684       -3.27804967819327
H            3.26878404930432        1.15152993180229       -2.02466392350768
H            4.81153651171342        1.91067435518762       -0.25443443095235
H            4.59452191875560        1.02167267613648        2.03745634926992
H            2.81906490804189       -0.62100723991572        2.55494037897137
H            1.26319907925106       -1.35697528554691        0.79570722268760
H            0.05252172464655        2.16635203525601       -1.63669834091470
H           -1.23714294346393        3.56319820112033       -0.07895620921045
H           -2.69598951003012        2.51540272394398        1.61278450770489
H           -3.59178757338732        0.50305379936450        2.67833812988192
H           -3.74957745580996       -1.95158469215160        2.80499194926156
H           -2.49086911279569       -3.35820142865826        1.22434535294837
H           -1.05806618380932       -2.33383954756471       -0.48500681668715
34
 energy: -49.110134617963 gnorm: 0.008725932038 xtb: 6.7.1 (edcfbbe)
C           -0.62561715872379       -1.08198918002636       -2.98339340944427
C            0.11701301474358       -0.48972191250889       -1.82399104477135
N            1.37133523607695       -0.62764861259638       -1.75846979604276
C            2.16739857753897       -0.14911692801337       -0.73416348735855
C            3.20638402113436        0.73442081100788       -1.03922092940389
C            4.06332327223305        1.16584959883992       -0.04594227096714
C            3.91832369117803        0.70624856453820        1.25709970535940
C            2.90476060514272       -0.18970780109924        1.56015714424222
C            2.02811718683794       -0.61058693634285        0.57891117140262
C           -0.67943594060532        0.31974033029077       -0.86073040518765
C           -0.57940210274352        1.68859668911797       -0.89364939183852
C           -1.31902660633431        2.48460668877968       -0.00738598473271
C           -2.13830301524366        1.90458966289041        0.92012701067547
C           -2.24828490556166        0.50036300207707        1.00344859655253
C           -3.06449869525505       -0.12299878466904        1.97271435158447
C           -3.14985734568750       -1.48456987067454        2.04499208287696
C           -2.41867875858872       -2.28691887021551        1.15356928420818
C           -1.61742044626283       -1.71546782897826        0.20450921358983
C           -1.51421262205960       -0.31007668649489        0.09818448512030
H           -0.61322138039132       -0.36327114602523       -3.81204142377205
H           -1.66735646056112       -1.27469123347870       -2.71850192494963
H           -0.13658727599305       -1.99934256689598       -3.32091778419955
H            3.31710951957800        1.08545625931045       -2.05826532670495
H            4.85497615380504        1.86335809902472       -0.28952392596640
H            4.59563381018561        1.04083168844791        2.02997087024831
H            2.78768939977014       -0.55672283583259        2.57290747826596
H            1.23640941192658       -1.30966292887063        0.81502855895523
H            0.07047328602680        2.16126569583110       -1.61714760841276
H           -1.23002042503315        3.55956267543372       -0.06839732588868
H           -2.70996447998847        2.51175012914106        1.60826574890884
H           -3.61651047947978        0.50034000971343        2.66236255164118
H           -3.77409771602971       -1.95644427284232        2.79055415741568
H           -2.49304217605776       -3.36228948216346        1.22890815386536
H           -1.04340919547692       -2.33575202671360       -0.46996852517255
34
 energy: -49.110244541153 gnorm: 0.004534817067 xtb: 6.7.1 (edcfbbe)
C           -0.62967743645982       -1.08036168563811       -2.98196647273092
C            0.11678702001353       -0.49069820172469       -1.82362711791499
N            1.37040937535808       -0.63541564769054       -1.75705753866042
C            2.16665621411905       -0.15431937680724       -0.73372496388455
C            3.20649374547576        0.72473804496366       -1.04332475140495
C            4.06292175238045        1.16042504179738       -0.05135511395407
C            3.91737638726258        0.70923213522963        1.25412852799081
C            2.90100988806388       -0.18133713763491        1.56136651716072
C            2.02529863179008       -0.60723767328069        0.58112972046489
C           -0.67664492156258        0.32133041073452       -0.85992227943291
C           -0.57270634672633        1.68964308945254       -0.88833480431651
C           -1.31195537176670        2.48513684689049       -0.00098576832570
C           -2.13749859547714        1.90494320971166        0.92054241299724
C           -2.25173626952900        0.50076531686429        1.00034164309596
C           -3.07310612003525       -0.12447031439711        1.96405975674419
C           -3.15335560288855       -1.48617250804314        2.03958104415250
C           -2.41247682393372       -2.28733342595400        1.15522514097599
C           -1.61125375878583       -1.71404464989361        0.20692922412778
C           -1.51301492039345       -0.30879184281348        0.09760369263797
H           -0.62468067934972       -0.36352136243787       -3.80625733083993
H           -1.66557467085853       -1.27673444734626       -2.71446280126522
H           -0.14172039201864       -1.99058978318794       -3.32471947746303
H            3.31708599725551        1.06986401798042       -2.06387058676099
H            4.85477759398813        1.85453949642963       -0.29853806615663
H            4.59353454952291        1.04745792462251        2.02639329132681
H            2.78271532210062       -0.54153659111732        2.57591012516256
H            1.23238079372374       -1.30277709899629        0.82028524790346
H            0.08068603147928        2.16157851661658       -1.60932891892071
H           -1.21854194210342        3.56017939147583       -0.05575895146507
H           -2.71029324270412        2.51198759898143        1.60829170148478
H           -3.63291814464709        0.49881772623928        2.64761617192887
H           -3.78062672817021       -1.95821272529233        2.78250710367481
H           -2.47875026430150       -3.36308060174241        1.23444848982355
H           -1.03160107072146       -2.33400369398934       -0.46312486805718
34
 energy: -49.110344303281 gnorm: 0.003755988925 xtb: 6.7.1 (edcfbbe)
C           -0.63556945836622       -1.08006530458267       -2.97598273611643
C            0.11506158496390       -0.49146890491878       -1.82048901950029
N            1.36760728170681       -0.64464486120864       -1.75372789486297
C            2.16575889462313       -0.16012423270466       -0.73290715680258
C            3.21794902133929        0.70026680532154       -1.05324166148733
C            4.07763481439697        1.14194713070207       -0.06676900798057
C            3.92329577028083        0.71418887773111        1.24396353041129
C            2.89098088180611       -0.15571170222941        1.56364777704678
C            2.01387904488313       -0.58890583931171        0.58765618541909
C           -0.67382838868218        0.32384425219075       -0.85630696692572
C           -0.56183906225528        1.69148164253971       -0.87608971883566
C           -1.30138929299737        2.48536592911104        0.01219126566319
C           -2.14025426433652        1.90431131280450        0.92132180366013
C           -2.26122324959230        0.50030921974466        0.99452535178218
C           -3.09236915479963       -0.12721157557985        1.94806893190419
C           -3.16415070134462       -1.48935091648498        2.02794594535111
C           -2.40584724552277       -2.28872467282571        1.15670203540151
C           -1.60323012548004       -1.71301672225497        0.21140603657003
C           -1.51400949713277       -0.30770594285514        0.09727479115976
H           -0.66525004996611       -0.34561064000152       -3.78398824195769
H           -1.66176366017444       -1.31277396858476       -2.69489774329383
H           -0.12717258357384       -1.96847213954645       -3.34537445783339
H            3.33229605768725        1.02914771181223       -2.07650237066098
H            4.87909102569631        1.82140260809894       -0.32301980314449
H            4.60086201351274        1.05768811957787        2.01242415739119
H            2.76553452774141       -0.49717865468225        2.58257731699682
H            1.21009054503609       -1.26938646497346        0.83655891917700
H            0.09831305667267        2.16346927090279       -1.59102443684183
H           -1.19933553100713        3.56024050202235       -0.03204132211731
H           -2.71573044381646        2.51089893246564        1.60701829263261
H           -3.66566799301157        0.49518484591006        2.62172494556270
H           -3.79754041645058       -1.96215869759654        2.76497740816963
H           -2.45965645306012       -3.36491731253131        1.24210928822304
H           -1.01252694867613       -2.33231860805972       -0.44973144406223
34
 energy: -49.110382751357 gnorm: 0.001194557500 xtb: 6.7.1 (edcfbbe)
C           -0.63481693854712       -1.08063517036709       -2.97469892475902
C            0.11523278139327       -0.49170656804614       -1.81943820946921
N            1.36789611608018       -0.64327204071499       -1.75393006568786
C            2.16660839043544       -0.15935260875974       -0.73298054338116
C            3.21835830575273        0.70072842125326       -1.05213733194786
C            4.07882118137954        1.14103366985001       -0.06621311121150
C            3.92292232710612        0.71512391152932        1.24365795884686
C            2.89293228144351       -0.15529901065117        1.56212830562035
C            2.01547857281521       -0.58797736140476        0.58683683926494
C           -0.67401972107418        0.32346554319396       -0.85558735772235
C           -0.56292095334674        1.69127463030617       -0.87622749809350
C           -1.30246930308286        2.48509196901245        0.01181693692320
C           -2.14043185830786        1.90411164625566        0.92152689982937
C           -2.26075180841477        0.50020702304294        0.99511307962075
C           -3.09152102469901       -0.12675070421574        1.94872849417249
C           -3.16504144559705       -1.48890026493846        2.02742727352296
C           -2.40857088199265       -2.28830521069044        1.15558159994179
C           -1.60494007227002       -1.71317694653791        0.21104707733339
C           -1.51428489563217       -0.30811261411760        0.09773243633147
H           -0.67213479382494       -0.34362579068568       -3.77828839282219
H           -1.65729877237067       -1.32200113988093       -2.69247432403577
H           -0.12303439636065       -1.96373515361011       -3.34914492346999
H            3.33448276116421        1.02760442428634       -2.07536932744343
H            4.88128138391104        1.81889285903973       -0.32194023657262
H            4.60162209406856        1.05706828699807        2.01138112804893
H            2.76644880503475       -0.49482694654306        2.58087170695240
H            1.21227965493019       -1.26787115644030        0.83540921610509
H            0.09646390981577        2.16342204217968       -1.59147393183337
H           -1.20127094530691        3.55979163948456       -0.03315466765625
H           -2.71582571983331        2.51076212034751        1.60679281415943
H           -3.66317865861917        0.49541263970818        2.62349415946321
H           -3.79859937393781       -1.96129594188438        2.76431252940097
H           -2.46432510396436       -3.36425010997835        1.23947002152026
H           -1.01539189804775       -2.33289608701823       -0.45026963085281
34
 energy: -49.110426646324 gnorm: 0.002567025661 xtb: 6.7.1 (edcfbbe)
C           -0.63279034891001       -1.08234676294483       -2.97188547195323
C            0.11614055634991       -0.49224477841114       -1.81708115749148
N            1.36924130030008       -0.64007765134445       -1.75439910318094
C            2.16927340393824       -0.15707099119486       -0.73346997671247
C            3.22204192924849        0.70078861093955       -1.05129119553486
C            4.08429444036887        1.13867772309668       -0.06630407689793
C            3.92531217311736        0.71578405806112        1.24292531197162
C            2.89606414854299       -0.15252644673269        1.56028866170932
C            2.01790326710795       -0.58441737975570        0.58571419929333
C           -0.67442536483815        0.32218874401166       -0.85385665264277
C           -0.56536999341179        1.69029958868972       -0.87673697039682
C           -1.30539807838714        2.48438000581913        0.01034311176267
C           -2.14090942534386        1.90372559676367        0.92221311397293
C           -2.25994663704568        0.49991131416623        0.99698536885250
C           -3.08990951118945       -0.12553430404412        1.95130787847701
C           -3.16864926330198       -1.48783807413348        2.02672985252617
C           -2.41719895160285       -2.28765851684656        1.15244492243748
C           -1.61017210731534       -1.71385233093474        0.20997324253501
C           -1.51525136412687       -0.30924482147803        0.09894839292310
H           -0.69517592519248       -0.33521147926583       -3.76282444787695
H           -1.64549672850091       -1.35115510198375       -2.68321851333111
H           -0.10649612878875       -1.94881746291554       -3.36263660109110
H            3.34079893296417        1.02516447512338       -2.07448657077261
H            4.88848614144026        1.81394097523811       -0.32130948123317
H            4.60520355346022        1.05655536331219        2.00973403257673
H            2.76833894926700       -0.49047739514997        2.57854622486940
H            1.21602753735898       -1.26432321245411        0.83349150533535
H            0.09229161284769        2.16258842407984       -1.59306230694040
H           -1.20658674532055        3.55891113031300       -0.03705896144802
H           -2.71582636126023        2.51069440407723        1.60696121103842
H           -3.65740954582553        0.49641348860607        2.62908479513791
H           -3.80307339993688       -1.95900244308863        2.76332417830310
H           -2.47841483532620       -3.36332356299615        1.23206876118135
H           -1.02291723058705       -2.33490118662022       -0.45146327730069
34
 energy: -49.110468249415 gnorm: 0.002820680142 xtb: 6.7.1 (edcfbbe)
C           -0.63084225319338       -1.08362283134774       -2.97025384531369
C            0.11725854166352       -0.49276413823186       -1.81536075006064
N            1.37082022553987       -0.63763336320361       -1.75459879295174
C            2.17164160391274       -0.15502038694593       -0.73393602537630
C            3.22637562615491        0.70033496480353       -1.05195291475348
C            4.08944112063893        1.13732572685675       -0.06727561199057
C            3.92885627816159        0.71587429820487        1.24238297555336
C            2.89816461685395       -0.15030619020280        1.55993799504115
C            2.01932062771738       -0.58139206226231        0.58544112399855
C           -0.67468172640973        0.32078063169369       -0.85247936783842
C           -0.56697987934844        1.68900845859473       -0.87714890025688
C           -1.30746723360853        2.48369266100166        0.00900192369284
C           -2.14113633727481        1.90348280950572        0.92281622280596
C           -2.25974423898830        0.49966101865148        0.99862431791297
C           -3.08959596304398       -0.12461381577874        1.95354872154018
C           -3.17277924384133       -1.48697470561393        2.02654338968058
C           -2.42476124909583       -2.28742715741962        1.15033684428342
C           -1.61462093679579       -1.71460928976326        0.20964879468917
C           -1.51618558400724       -0.31024347807930        0.10010733275052
H           -0.71978694353946       -0.32590336412237       -3.74932876969857
H           -1.63444467613330       -1.37998061649776       -2.67431379619940
H           -0.08856889852451       -1.93283116178668       -3.37841679399209
H            3.34652304485379        1.02352636054261       -2.07537107999173
H            4.89564418092709        1.80996940176119       -0.32255892805641
H            4.60940235849698        1.05624534825911        2.00885387026990
H            2.76908915557433       -0.48721087081879        2.57834677039479
H            1.21659350200125       -1.26009013251595        0.83331571445528
H            0.08991628784620        2.16107785558434       -1.59427437152157
H           -1.21042791945336        3.55827323401433       -0.04058595058296
H           -2.71563229346333        2.51084697416687        1.60747451938467
H           -3.65402187227390        0.49760532692421        2.63354711690648
H           -3.80820876144987       -1.95708175854069        2.76293026991955
H           -2.49048903740591       -3.36307688773534        1.22662900673055
H           -1.02867212239106       -2.33692285969560       -0.45163101132663
34
 energy: -49.110466567497 gnorm: 0.008707282731 xtb: 6.7.1 (edcfbbe)
C           -0.62419875301300       -1.08665843160441       -2.96656651718414
C            0.12088753454011       -0.49429410889632       -1.81065843076075
N            1.37577518722308       -0.63079018453554       -1.75443754888325
C            2.17861333601300       -0.14878685668476       -0.73502277383319
C            3.24084193162087        0.69725417920811       -1.05544004006154
C            4.10637400083250        1.13178338328658       -0.07160792827797
C            3.94161158719043        0.71527613043180        1.24017753308236
C            2.90355295012982       -0.14203522830565        1.56012297135825
C            2.02225624750473       -0.57034707878428        0.58593137124128
C           -0.67564845990025        0.31583887240212       -0.84839266216060
C           -0.57113795493208        1.68426214731091       -0.87795852630985
C           -1.31282308921064        2.48121944422522        0.00527793535192
C           -2.14177327990910        1.90265356051187        0.92443931541834
C           -2.26011279911146        0.49882163473757        1.00325819207612
C           -3.09067209693435       -0.12196424114213        1.95962851984229
C           -3.18706052505062       -1.48420404981377        2.02621978370897
C           -2.44775943628812       -2.28699942042252        1.14523212139216
C           -1.62810749460356       -1.71727985170440        0.21004789654561
C           -1.51949939286889       -0.31350664342945        0.10373395762122
H           -0.80488407386059       -0.29466041782402       -3.70482702758123
H           -1.59574439555129       -1.47612256990544       -2.64732733097556
H           -0.02858629298408       -1.87509247324756       -3.43508751671172
H            3.36419327341560        1.01729129221726       -2.07978574653594
H            4.91826776174032        1.79712919161847       -0.32848675218920
H            4.62396189715130        1.05468092093269        2.00583495398272
H            2.77125088521647       -0.47632457523324        2.57935495205912
H            1.21523744630618       -1.24403611054766        0.83515142951400
H            0.08439071940834        2.15513863476118       -1.59725601044647
H           -1.22019685032220        3.55601357969865       -0.05057499430572
H           -2.71490403695186        2.51131876663815        1.60920147078843
H           -3.64699349423315        0.50182498861754        2.64501135605547
H           -3.82629340101447       -1.95109595235578        2.76151761057531
H           -2.52624659166699       -3.36264165065690        1.21282872579039
H           -1.04457233978571       -2.34366688150140       -0.44954029008819
34
 energy: -49.110534025651 gnorm: 0.001483240663 xtb: 6.7.1 (edcfbbe)
C           -0.62734542639351       -1.08450226957764       -2.96913205664697
C            0.11921432809296       -0.49324503806062       -1.81344226605545
N            1.37332944973407       -0.63505890711541       -1.75384776209056
C            2.17501475625806       -0.15217796849781       -0.73422775486714
C            3.23434766358638        0.69774317904353       -1.05483632070048
C            4.09842326100086        1.13438707168453       -0.07052366028367
C            3.93663030683350        0.71525602535488        1.24093809492386
C            2.90039733222720       -0.14540182056300        1.56103917475334
C            2.02002799869876       -0.57512235857453        0.58669422138892
C           -0.67522594577375        0.31822870676432       -0.85059123815748
C           -0.56862690635656        1.68643797135374       -0.87718975093617
C           -1.30969602159306        2.48235545995900        0.00758594736607
C           -2.14148247035109        1.90295794265233        0.92375855924464
C           -2.26053414917007        0.49909627019780        1.00078424294605
C           -3.09133648533352       -0.12365036711350        1.95620262957471
C           -3.18080434321821       -1.48582087609522        2.02644390481118
C           -2.43599127824147       -2.28754309056172        1.14833657824833
C           -1.62111142301534       -1.71611257696291        0.21041398069325
C           -1.51802884298979       -0.31190711037603        0.10186947653031
H           -0.76249819954292       -0.31217918633015       -3.72756827209152
H           -1.61379137280269       -1.42616017827029       -2.66314679710117
H           -0.06008867805604       -1.90204271537636       -3.40719507307246
H            3.35530085520603        1.01969789260604       -2.07897148318545
H            4.90757150139891        1.80331148764182       -0.32745722433199
H            4.61793399591878        1.05564058266923        2.00712900526561
H            2.76998404293035       -0.48106517200563        2.58028649103387
H            1.21386598869827       -1.25035754711225        0.83606869252993
H            0.08814335997611        2.15771601352511       -1.59520926900110
H           -1.21440936334987        3.55713423518831       -0.04481188028178
H           -2.71532561495550        2.51091919538181        1.60878711978989
H           -3.65244444141206        0.49967628120445        2.63826727354005
H           -3.81846552545995       -1.95444528722661        2.76208440569981
H           -2.50749478703562       -3.36327637139044        1.22095492016958
H           -1.03548356540882       -2.34048947401395       -0.44949390960725
34
 energy: -49.110560274107 gnorm: 0.001526853294 xtb: 6.7.1 (edcfbbe)
C           -0.62565693812720       -1.08407302643484       -2.96962627169883
C            0.11976878836084       -0.49367600268055       -1.81281073847542
N            1.37405468869739       -0.63431467706880       -1.75308106139665
C            2.17598724544151       -0.15133452982843       -0.73397985598386
C            3.23748502437745        0.69566246546443       -1.05644737635289
C            4.10227050266737        1.13214548855760       -0.07258767933761
C            3.94031596016772        0.71490762550396        1.23975175547710
C            2.90139624506869       -0.14276337034580        1.56171060231575
C            2.01992728750175       -0.57171905759251        0.58794046714359
C           -0.67570633462383        0.31677547591627       -0.84978386416430
C           -0.56893014504513        1.68495583279019       -0.87675944933630
C           -1.30983415012112        2.48155483632895        0.00758821924626
C           -2.14178492320366        1.90264295867933        0.92390970943339
C           -2.26166682884123        0.49882405400672        1.00111261195439
C           -3.09377623851244       -0.12328152393950        1.95608987049521
C           -3.18514392906611       -1.48520833704847        2.02610180661799
C           -2.43990086513496       -2.28767322207257        1.14865353784637
C           -1.62324352395055       -1.71694946564296        0.21186364001839
C           -1.51904970447902       -0.31276816134669        0.10269195493237
H           -0.78538535861168       -0.30365970703933       -3.71603171178355
H           -1.60243794190694       -1.45017718504689       -2.65843939262064
H           -0.04509473957899       -1.88383861076247       -3.42409891268218
H            3.35882849139091        1.01609695919134       -2.08115848034590
H            4.91296516799721        1.79896444120883       -0.33084207967800
H            4.62248229153569        1.05470101148427        2.00552806494135
H            2.77041907863942       -0.47669610721072        2.58169814331361
H            1.21127722324638       -1.24400202800776        0.83879753444306
H            0.08841570402583        2.15564084465315       -1.59479993536912
H           -1.21425371277676        3.55635480655573       -0.04528346558127
H           -2.71547948319893        2.51086939218033        1.60903501734125
H           -3.65461585023324        0.50091304132852        2.63777425989646
H           -3.82417289686453       -1.95327688283618        2.76100864070023
H           -2.51267634491197       -3.36338168850141        1.22114242696513
H           -1.03678378982953       -2.34221565044088       -0.44666798817670
34
 energy: -49.110579022729 gnorm: 0.005663631128 xtb: 6.7.1 (edcfbbe)
C           -0.62194318199130       -1.08117626210259       -2.97215640191591
C            0.12029905781425       -0.49476640063919       -1.81156541268773
N            1.37476847256483       -0.63358604512701       -1.75040659502706
C            2.17733533012336       -0.15080886488925       -0.73243071148385
C            3.24414084034332        0.68811964362168       -1.06042678263461
C            4.11165445680408        1.12430131782685       -0.07873798893029
C            3.94921987026826        0.71391427764568        1.23582511757022
C            2.90350903878195       -0.13492797978633        1.56355150539845
C            2.01860636476800       -0.56240092094288        0.59237127402728
C           -0.67719707853520        0.31318127047133       -0.84772922689321
C           -0.56858763968698        1.68129659549218       -0.87444903389239
C           -1.30854253338220        2.47947460206830        0.00917691431386
C           -2.14347042582774        1.90180950506989        0.92356702088944
C           -2.26632628376635        0.49824324654086        1.00019282744430
C           -3.10331337557183       -0.12232771428521        1.95256461453135
C           -3.19640227920378       -1.48362859527620        2.02432381829231
C           -2.44609252546422       -2.28805142763582        1.15193033726773
C           -1.62597959156959       -1.71905883838615        0.21743296995560
C           -1.52184854798471       -0.31483381201332        0.10456999714449
H           -0.84667066596734       -0.27945332555049       -3.68406853076929
H           -1.57149629878586       -1.51319485149216       -2.64898827579491
H           -0.00731423064344       -1.83184724775515       -3.47112742689634
H            3.36622740596518        1.00301416954173       -2.08688890934901
H            4.92605640972886        1.78548661640359       -0.34119936323695
H            4.63426914261944        1.05184815748954        1.99986778390934
H            2.77176077871214       -0.46290551041862        2.58566548489486
H            1.20415066654145       -1.22681544177399        0.84775998213501
H            0.09072282330216        2.15035596256270       -1.59203745584438
H           -1.21000881939117        3.55413198985105       -0.04294803667967
H           -2.71741562170430        2.51062269747843        1.60828845124316
H           -3.66659606251215        0.50430557667688        2.63036971674351
H           -3.83950608249213       -1.95066312338405        2.75645219689876
H           -2.51862285488647       -3.36364076975487        1.22747127685033
H           -1.03538655887034       -2.34601849752443       -0.43622113737595
34
 energy: -49.110607495307 gnorm: 0.002707658766 xtb: 6.7.1 (edcfbbe)
C           -0.62305469824677       -1.08041605883721       -2.97275098373502
C            0.11971829743975       -0.49444183123833       -1.81224686322148
N            1.37394898526892       -0.63487988646902       -1.75025330225355
C            2.17626112078604       -0.15199930806706       -0.73214877825192
C            3.24216702593470        0.68799426874790       -1.06014380762526
C            4.10937909212648        1.12480113864293       -0.07847669751260
C            3.94757015939326        0.71400368447538        1.23596791669307
C            2.90274944112519       -0.13593158246390        1.56366366569910
C            2.01809721991308       -0.56398735647096        0.59256119938017
C           -0.67705634078173        0.31402623380470       -0.84828478103016
C           -0.56785371705052        1.68210203504483       -0.87411073945635
C           -1.30767971764749        2.47989399616563        0.00996476576197
C           -2.14367736451976        1.90194546814606        0.92323401390150
C           -2.26665945025489        0.49837500317393        0.99927673350736
C           -3.10382069169423       -0.12278813787387        1.95118286729259
C           -3.19451277900858       -1.48413652130234        2.02414813361665
C           -2.44228653408349       -2.28817620108872        1.15290915660439
C           -1.62363858464331       -1.71862736046853        0.21758076051009
C           -1.52139771504362       -0.31428168913342        0.10402436556768
H           -0.83455295996421       -0.28408562209971       -3.69030838264258
H           -1.57688188978646       -1.49889270742658       -2.65317536525812
H           -0.01642196239537       -1.83949540269255       -3.46283352673325
H            3.36371123214685        1.00308421424294       -2.08659489639576
H            4.92309027077646        1.78679008075129       -0.34100649525719
H            4.63239503260997        1.05224909824948        2.00005085809258
H            2.77138532584412       -0.46390559446690        2.58582076488687
H            1.20404042412016       -1.22882326973196        0.84804608929379
H            0.09187785635172        2.15134611066072       -1.59118616431613
H           -1.20824319726609        3.55452992580059       -0.04095320531022
H           -2.71796511248549        2.51054655115743        1.60786679858816
H           -3.66880540463704        0.50359753532436        2.62782410612562
H           -3.83713440726911       -1.95172442240295        2.75633471799448
H           -2.51243240272827       -3.36381146733601        1.23012596307648
H           -1.03231655423009       -2.34488092481520       -0.43610888749447
34
 energy: -49.110621767424 gnorm: 0.001616860774 xtb: 6.7.1 (edcfbbe)
C           -0.62348210797668       -1.07869272593156       -2.97340676509532
C            0.11927301665853       -0.49434397214240       -1.81219223407252
N            1.37330090379730       -0.63599133383860       -1.74954109710399
C            2.17579325569289       -0.15343506114281       -0.73144146494304
C            3.24216990000583        0.68534899469909       -1.06060216476554
C            4.11004014347556        1.12271532119550       -0.07982604972314
C            3.94800889885791        0.71391512432317        1.23504173590093
C            2.90272309867418       -0.13470301533083        1.56397035096289
C            2.01747400047712       -0.56337499365032        0.59375434498355
C           -0.67712538593851        0.31418305875097       -0.84797533896544
C           -0.56701213782627        1.68225024234512       -0.87292949137455
C           -1.30680155678731        2.47990689381657        0.01120495060458
C           -2.14500452838466        1.90195320524585        0.92250636266966
C           -2.26857507416572        0.49845177692338        0.99782676388496
C           -3.10724140566468       -0.12284120130495        1.94834452076284
C           -3.19542470892535       -1.48422134865449        2.02313305213915
C           -2.43973508743896       -2.28823467702114        1.15479451544958
C           -1.62156453800200       -1.71856521158079        0.21924303874211
C           -1.52162996990177       -0.31414409690578        0.10402475126370
H           -0.84071104435532       -0.28140093578839       -3.68619209782616
H           -1.57344097281121       -1.50314856676462       -2.65413013995364
H           -0.01535898306142       -1.83199648159310       -3.46779790730691
H            3.36365088442829        0.99869059722959       -2.08752130289588
H            4.92418783425359        1.78363436804365       -0.34347939290423
H            4.63332091615945        1.05233228545191        1.99855430374495
H            2.77132331224593       -0.46079395378335        2.58662850877370
H            1.20310608948675       -1.22717244017915        0.85031252194548
H            0.09347142195884        2.15143329001953       -1.58930783877999
H           -1.20575807587664        3.55444074078470       -0.03820632246669
H           -2.72002088628564        2.51052864154107        1.60648345277879
H           -3.67496437694968        0.50360679920646        2.62260290617457
H           -3.83864920091693       -1.95208515285024        2.75456490112106
H           -2.50708448950955       -3.36386529844554        1.23459267925629
H           -1.02825914529367       -2.34438087266554       -0.43303405288331
34
 energy: -49.110643020228 gnorm: 0.000850736123 xtb: 6.7.1 (edcfbbe)
C           -0.62428504227823       -1.07389087974145       -2.97388593701901
C            0.11874646297948       -0.49410954106075       -1.81095343237451
N            1.37237273771768       -0.63830100722616       -1.74791406519675
C            2.17593592594609       -0.15713089173049       -0.72982163878830
C            3.24461397499073        0.67696816871386       -1.06212350559828
C            4.11459299407462        1.11557404773998       -0.08400554560191
C            3.95053269692140        0.71356186270628        1.23227772018906
C            2.90342773336059       -0.13028487520938        1.56452269067335
C            2.01653435758505       -0.56082102915718        0.59670887545718
C           -0.67692765720173        0.31435877595716       -0.84610919628538
C           -0.56518527824743        1.68246217043077       -0.86953141615165
C           -1.30583057381841        2.47984707761793        0.01388000485844
C           -2.14977275739959        1.90201584700000        0.92009279220960
C           -2.27427910274604        0.49866948133836        0.99411550263894
C           -3.11713067660232       -0.12260194970159        1.94077157752387
C           -3.19948108382021       -1.48416738629786        2.01990494157461
C           -2.43506717204183       -2.28813583461306        1.15937990882834
C           -1.61678787350997       -1.71844999126650        0.22409402020863
C           -1.52240904883355       -0.31398056621894        0.10466276599122
H           -0.87133213334019       -0.26889515331723       -3.66677970870905
H           -1.55827906675055       -1.52879902115272       -2.65184571633514
H           -0.00495805296684       -1.80217237343711       -3.48972363728770
H            3.36678050928649        0.98461304442919       -2.09047520168198
H            4.93079947501251        1.77234270494353       -0.35071160286049
H            4.63716647965436        1.05283349234526        1.99407985468265
H            2.77113224159976       -0.45065569825828        2.58855187658840
H            1.20127475128234       -1.22152651089988        0.85621868916598
H            0.09713640596651        2.15159104937434       -1.58406831652126
H           -1.20144146193296        3.55411727368062       -0.03235653064428
H           -2.72725678169929        2.51072673691157        1.60159342488455
H           -3.69180947669658        0.50375499612479        2.60901990594508
H           -3.84482358781972       -1.95237359007508        2.74910299611720
H           -2.49603314394694       -3.36369175097873        1.24504942605051
H           -1.01795677462512       -2.34344867896825       -0.42372152243357
34
 energy: -49.110649747301 gnorm: 0.001898676439 xtb: 6.7.1 (edcfbbe)
C           -0.62468893535249       -1.07040842946260       -2.97255015871086
C            0.11959238735616       -0.49361188880754       -1.80911905366484
N            1.37311000628290       -0.63923340845740       -1.74736406049820
C            2.17794039504772       -0.15923727861471       -0.72946532703508
C            3.24957929160138        0.67021898684937       -1.06400057286792
C            4.12053688885700        1.10971065568978       -0.08727086825496
C            3.95398827361508        0.71297357716663        1.23043613762689
C            2.90447605367007       -0.12666597519305        1.56487224576924
C            2.01679017193124       -0.55842447124099        0.59811207469405
C           -0.67592046821902        0.31442438742143       -0.84370785300322
C           -0.56453570913753        1.68255748110460       -0.86722915925783
C           -1.30739260270951        2.47986253670757        0.01440264880149
C           -2.15428090855675        1.90211985249035        0.91791129859592
C           -2.27819690458959        0.49873990146407        0.99227001004969
C           -3.12362269230261       -0.12243536053723        1.93653771338931
C           -3.20372026260932       -1.48412899218016        2.01748608995756
C           -2.43457927053545       -2.28795834849876        1.16145461325645
C           -1.61447688472589       -1.71834473438781        0.22757911157928
C           -1.52263799636209       -0.31398507956682        0.10593929229760
H           -0.90366841807876       -0.25760383591980       -3.64680951005471
H           -1.54305767227628       -1.55642053247683       -2.64540007216272
H            0.00704193453273       -1.77426071312381       -3.51023565104742
H            3.37303512734088        0.97370713519856       -2.09344243860446
H            4.93903612162817        1.76272050558872       -0.35583729885136
H            4.64102026718994        1.05353410779986        1.99134199285339
H            2.77050161097439       -0.44309320383515        2.58989436122695
H            1.20002757363735       -1.21637411316591        0.85966273442202
H            0.09902252240815        2.15182661849914       -1.58049064870786
H           -1.20277843302558        3.55410335944465       -0.03135279175621
H           -2.73423478438110        2.51103896503985        1.59706375506034
H           -3.70202068893307        0.50356418654507        2.60174823831177
H           -3.85090163463923       -1.95218874190187        2.74515205206718
H           -2.49311391206506       -3.36343296954148        1.24911705187802
H           -1.01187044747376       -2.34329418009468       -0.41670595726126
34
 energy: -49.110655928589 gnorm: 0.000687236466 xtb: 6.7.1 (edcfbbe)
C           -0.62568350776320       -1.06992592865292       -2.97072722762314
C            0.12036315246411       -0.49288718262566       -1.80842679793409
N            1.37389302220404       -0.63918726200651       -1.74818640278877
C            2.17918969200825       -0.15962066425492       -0.73020319763416
C            3.25118262382611        0.66958440173307       -1.06411232962803
C            4.12146736025967        1.10919319746094       -0.08688219204341
C            3.95384377961479        0.71269658858236        1.23085774963811
C            2.90453265582058       -0.12728276533741        1.56449891010694
C            2.01760778103409       -0.55940129997539        0.59707601570166
C           -0.67475876499001        0.31532628892253       -0.84285752842094
C           -0.56482089325727        1.68348349637769       -0.86712465819183
C           -1.30952229860617        2.48046814630939        0.01337345185183
C           -2.15594777110373        1.90239660804856        0.91698780990163
C           -2.27817540006872        0.49885810903515        0.99236401545766
C           -3.12302324455133       -0.12270811153830        1.93669180690901
C           -3.20300633781273       -1.48454832763159        2.01714912166340
C           -2.43421087360004       -2.28784315510254        1.16074190239100
C           -1.61349923938161       -1.71779049509567        0.22750166726068
C           -1.52176648252540       -0.31351466795514        0.10639739568197
H           -0.90382643852919       -0.25882713356719       -3.64541346532217
H           -1.54368545542322       -1.55402310826465       -2.64296769449596
H            0.00385304461566       -1.77495621209643       -3.50744874791383
H            3.37536737134317        0.97302329738333       -2.09348826794463
H            4.94016426715791        1.76213180395727       -0.35475599158229
H            4.64010023691612        1.05410254839158        1.99212002026012
H            2.76983613998380       -0.44411767420678        2.58929234212593
H            1.20113892331257       -1.21790343724355        0.85811646777914
H            0.09861327764224        2.15325731879518       -1.58016030205123
H           -1.20684509334859        3.55484308910005       -0.03350870549685
H           -2.73713666657144        2.51120910326717        1.59517842192639
H           -3.70137298888919        0.50258992655698        2.60247037583207
H           -3.85005122598985       -1.95267633338098        2.74490456020532
H           -2.49311617701127       -3.36334009820582        1.24717284942472
H           -1.01070446868013       -2.34261006677677       -0.41663137494802
34
 energy: -49.110659944038 gnorm: 0.000510354294 xtb: 6.7.1 (edcfbbe)
C           -0.62690692238941       -1.06774445671500       -2.96808523456235
C            0.12180110802139       -0.49169183770964       -1.80682919437760
N            1.37535164201062       -0.63895524587670       -1.74907692645537
C            2.18165511296813       -0.16041774160584       -0.73113256899401
C            3.25554009214377        0.66632467996406       -1.06518478806357
C            4.12527108140595        1.10598153948275       -0.08750461096964
C            3.95557881431352        0.71163633499705        1.23070511539527
C            2.90515245167273       -0.12697525713320        1.56421729492572
C            2.01866785279377       -0.55905742195693        0.59628425927618
C           -0.67292033303207        0.31633422096466       -0.84072783967004
C           -0.56533446547114        1.68455981296778       -0.86631429592845
C           -1.31339670142604        2.48126443538949        0.01179060919633
C           -2.16016531590984        1.90275778290330        0.91470735973637
C           -2.27965788750002        0.49898431201483        0.99192600958009
C           -3.12490697500664       -0.12305455914786        1.93544288239281
C           -3.20413649272310       -1.48505119333089        2.01597097331994
C           -2.43352291291938       -2.28785285136404        1.16086993762359
C           -1.61119702257508       -1.71720221157633        0.22928538017209
C           -1.52061308455461       -0.31299202865088        0.10778419818502
H           -0.91838944967023       -0.25530768928546       -3.63480040356686
H           -1.53726600666811       -1.56300216683833       -2.63668158572762
H            0.00520835722646       -1.76324184328721       -3.51363033118300
H            3.38149891359715        0.96794369780774       -2.09490945780684
H            4.94549771551101        1.75712229890372       -0.35519903384161
H            4.64124569019519        1.05370877607205        1.99221834881828
H            2.76880351695798       -0.44269389439738        2.58918211386816
H            1.20131684833480       -1.21650642563093        0.85740508972313
H            0.09846553163339        2.15489776746685       -1.57867737746630
H           -1.21343833210043        3.55585922446389       -0.03685785262360
H           -2.74422340262075        2.51136574498138        1.59067109355320
H           -3.70456763914630        0.50168288093198        2.60067873794223
H           -3.85195606886457       -1.95325352671093        2.74301134495821
H           -2.49199130047020       -3.36345759654859        1.24658367154787
H           -1.00646441563796       -2.34196556154235       -0.41312291887941
34
 energy: -49.110661461563 gnorm: 0.000332984977 xtb: 6.7.1 (edcfbbe)
C           -0.62742489652765       -1.06631895828817       -2.96686403302326
C            0.12260276720546       -0.49065130753259       -1.80616591406226
N            1.37622303926715       -0.63783017355000       -1.74967511072356
C            2.18303649328605       -0.16016086644222       -0.73169141412795
C            3.25831855127703        0.66479643783008       -1.06569638841437
C            4.12805542891237        1.10361683079306       -0.08758606140001
C            3.95728879456781        0.71018092051716        1.23068938177473
C            2.90552160072419       -0.12702096930192        1.56411020904289
C            2.01899676334445       -0.55809136472874        0.59585254708631
C           -0.67223529191221        0.31678747839694       -0.83963898839225
C           -0.56627648046349        1.68509644080405       -0.86620417628973
C           -1.31618332295539        2.48167249308659        0.01045575272398
C           -2.16292893466894        1.90285782009599        0.91316815924102
C           -2.28060794538412        0.49898812601321        0.99163343158686
C           -3.12612998636847       -0.12332074002843        1.93478257507646
C           -3.20488386041236       -1.48526610760110        2.01558211781046
C           -2.43290524489697       -2.28792719164423        1.16140975797498
C           -1.60969173190820       -1.71700690396103        0.23084824102185
C           -1.52001233142019       -0.31276797531077        0.10866967194824
H           -0.92810224140233       -0.25283576082510       -3.62808230108677
H           -1.53262669391367       -1.56969314806459       -2.63318558763158
H            0.00689822198655       -1.75504910085998       -3.51839906676682
H            3.38529614503952        0.96577825562302       -2.09544512860434
H            4.94920738191371        1.75376974590990       -0.35505159277967
H            4.64293167157944        1.05160208940803        1.99249104277682
H            2.76849293825407       -0.44242508870883        2.58907453370821
H            1.20070012721029       -1.21449154039146        0.85676395239362
H            0.09750816132252        2.15564531998892       -1.57847126773313
H           -1.21789064632798        3.55636752591902       -0.03947445970244
H           -2.74870562894630        2.51119734101355        1.58790131618015
H           -3.70657891991791        0.50145123993107        2.59938753042222
H           -3.85330163755359       -1.95362718132380        2.74197364247632
H           -2.49101393035072       -3.36356191202756        1.24717638233904
H           -1.00357836046012       -2.34176177473707       -0.41033875474781
34
 energy: -49.110662481646 gnorm: 0.000255158189 xtb: 6.7.1 (edcfbbe)
C           -0.62752114265563       -1.06522408423344       -2.96637612695003
C            0.12298924071196       -0.48977969472028       -1.80584992995991
N            1.37674071665653       -0.63603940501682       -1.75014727765599
C            2.18382431333108       -0.15921244997204       -0.73204120866528
C            3.26023997871869        0.66437513821191       -1.06569111365692
C            4.13031926052375        1.10181185436228       -0.08717320275080
C            3.95899218871403        0.70823653266458        1.23088986204152
C            2.90598259019568       -0.12771445128765        1.56399331859442
C            2.01902812132202       -0.55708793553691        0.59549943781508
C           -0.67226910332506        0.31704707618078       -0.83913448243837
C           -0.56779463943371        1.68549048569387       -0.86668705676418
C           -1.31882987587833        2.48197344987926        0.00904242676492
C           -2.16529543058970        1.90289163805020        0.91187305670608
C           -2.28149028062489        0.49897882456403        0.99129526568196
C           -3.12712978209362       -0.12351517765880        1.93433542823947
C           -3.20517068605636       -1.48538436887145        2.01565711824054
C           -2.43189681120991       -2.28798592818943        1.16238699734981
C           -1.60836622290074       -1.71694238941826        0.23229760572266
C           -1.51974001009673       -0.31264321894101        0.10926342245881
H           -0.93514451097155       -0.25103635993451       -3.62344184115672
H           -1.52876730134350       -1.57460459854506       -2.63132386675292
H            0.00851067802763       -1.74876196518937       -3.52238381082602
H            3.38802853401566        0.96530936507888       -2.09533429679276
H            4.95253273708068        1.75080582069199       -0.35442735232739
H            4.64499042490227        1.04821080447322        1.99300493167950
H            2.76838135974805       -0.44295917348492        2.58893353677019
H            1.19964799257090       -1.21231291019843        0.85603021154695
H            0.09571701903597        2.15611964246166       -1.57917333060696
H           -1.22173580366189        3.55672557945746       -0.04185982293335
H           -2.75216660974855        2.51098636429114        1.58587105687712
H           -3.70819360025954        0.50143348707468        2.59827417044054
H           -3.85378827305404       -1.95399463415370        2.74168694197958
H           -2.48945075713155       -3.36360661940994        1.24871911052356
H           -1.00117431441962       -2.34159069837092       -0.40800917909693
34
 energy: -49.110663279229 gnorm: 0.000308454210 xtb: 6.7.1 (edcfbbe)
C           -0.62726629584894       -1.06449373369817       -2.96650851796798
C            0.12299744141993       -0.48875311683777       -1.80601490642087
N            1.37688547158175       -0.63381839936753       -1.75047670673331
C            2.18406393389309       -0.15785657501068       -0.73215735648748
C            3.26145240338583        0.66462692955751       -1.06529255304608
C            4.13227920086658        1.10019413051896       -0.08655030394218
C            3.96056697897783        0.70600650071912        1.23122831316477
C            2.90624956589842       -0.12853063499034        1.56395290606973
C            2.01871041474270       -0.55608347875594        0.59528352406223
C           -0.67295643312310        0.31730990200032       -0.83920676641258
C           -0.56962889320393        1.68586367298466       -0.86752121529681
C           -1.32115929194373        2.48221614542882        0.00780364454595
C           -2.16720629566018        1.90291030934466        0.91092750156795
C           -2.28236180027770        0.49899263278572        0.99095172367043
C           -3.12782582762166       -0.12361667866185        1.93416418533909
C           -3.20487414572941       -1.48543063884389        2.01621534518156
C           -2.43069987314274       -2.28796808128725        1.16358966519624
C           -1.60744947552176       -1.71688676142551        0.23336125962089
C           -1.51990507879377       -0.31252719647709        0.10946855729224
H           -0.93919782516596       -0.25023952120700       -3.62115221762861
H           -1.52595910280723       -1.57823477770971       -2.63107070388105
H            0.01027381477746       -1.74447545735985       -3.52489603685212
H            3.38949782198122        0.96632280721658       -2.09465924701802
H            4.95508459096652        1.74853012023202       -0.35347623237456
H            4.64719098414753        1.04420380169595        1.99356559033054
H            2.76860610979739       -0.44438067142578        2.58867162591016
H            1.19857134995970       -1.21049703824256        0.85534048020143
H            0.09337619710176        2.15652505390548       -1.58045637300632
H           -1.22483322181938        3.55699803036916       -0.04367270175612
H           -2.75451784202074        2.51084590023141        1.58466551693109
H           -3.70954029897274        0.50145227463522        2.59741359922599
H           -3.85342522529538       -1.95428841970095        2.74213852579537
H           -2.48747710720067       -3.36355619118476        1.25079274764034
H           -0.99952224524867       -2.34136083943598       -0.40642287282369
34
 energy: -49.110663938826 gnorm: 0.000263879886 xtb: 6.7.1 (edcfbbe)
C           -0.62658916500113       -1.06392993725149       -2.96706408406358
C            0.12275240707551       -0.48783310103842       -1.80621164830068
N            1.37679408118389       -0.63141379114284       -1.75060424088792
C            2.18400195212352       -0.15631269236700       -0.73205304860997
C            3.26219023189019        0.66534062372828       -1.06458042005208
C            4.13391573113103        1.09889011657754       -0.08572910403552
C            3.96223392029996        0.70342272732932        1.23165330771952
C            2.90686242820432       -0.12988961301681        1.56388750582544
C            2.01840663443421       -0.55533697269800        0.59515221031891
C           -0.67407285199895        0.31761505005158       -0.83956081838239
C           -0.57187503048592        1.68628834332208       -0.86864840868498
C           -1.32370966007497        2.48250548150867        0.00647781600802
C           -2.16922950015638        1.90299320748034        0.90999396444930
C           -2.28344479768325        0.49905951501724        0.99055078522190
C           -3.12855076968903       -0.12364744228166        1.93404967886748
C           -3.20426592925188       -1.48546151797974        2.01706068358469
C           -2.42922314713391       -2.28787681605949        1.16511511949506
C           -1.60665984531978       -1.71675403423591        0.23432358314156
C           -1.52037359482318       -0.31237492296710        0.10950931137623
H           -0.94238998315310       -0.24954105281914       -3.61976306831945
H           -1.52304452620913       -1.58130290124188       -2.63172266168320
H            0.01267329971200       -1.74065333259469       -3.52745208437295
H            3.39045382638513        0.96782722840040       -2.09371013644609
H            4.95771963767197        1.74605107916608       -0.35242427767210
H            4.64971659767768        1.03968531849915        1.99407921529589
H            2.76892055563629       -0.44617997109521        2.58844332273529
H            1.19742664373105       -1.20878971579496        0.85487204757358
H            0.09058090953238        2.15701151387261       -1.58204424015065
H           -1.22800959687092        3.55732101775622       -0.04534617751592
H           -2.75674087971120        2.51085393104211        1.58361266838956
H           -3.71090626925238        0.50138034629545        2.59672938308949
H           -3.85232411372415       -1.95450405860377        2.74330064068717
H           -2.48494387281546       -3.36343151361138        1.25332894606581
H           -0.99829532323439       -2.34101211324462       -0.40522577056920
34
 energy: -49.110664383805 gnorm: 0.000209698309 xtb: 6.7.1 (edcfbbe)
C           -0.62594342331080       -1.06365596752282       -2.96770003205226
C            0.12241574040707       -0.48700661842840       -1.80651878813374
N            1.37651921560314       -0.62981884187806       -1.75053178391280
C            2.18370893576660       -0.15529616595591       -0.73179873526181
C            3.26231407046226        0.66600866388793       -1.06392893538380
C            4.13475229008965        1.09805943136142       -0.08509020542195
C            3.96321287493930        0.70158289142529        1.23204909748763
C            2.90728226355056       -0.13104455814988        1.56393780620993
C            2.01818017073681       -0.55513211098706        0.59516385416391
C           -0.67509373606542        0.31805063208879       -0.84009066578377
C           -0.57358475002900        1.68676866388808       -0.86956680930445
C           -1.32555277231083        2.48284138760025        0.00557562608698
C           -2.17059506620869        1.90315851217432        0.90942526029182
C           -2.28417831281017        0.49919046348653        0.99031717689150
C           -3.12864706339928       -0.12363344692034        1.93426267792218
C           -3.20333334856102       -1.48549573286650        2.01794727874263
C           -2.42812812868792       -2.28774077449767        1.16607315503406
C           -1.60638904008260       -1.71649592674114        0.23458526430536
C           -1.52090438514183       -0.31212982608069        0.10930406953637
H           -0.94263536238422       -0.24967183057593       -3.62032502590649
H           -1.52170013299760       -1.58263187424118       -2.63276050625067
H            0.01446206056762       -1.73924162272802       -3.52799117286388
H            3.39035556780626        0.96939061138289       -2.09282791365845
H            4.95887309547730        1.74487568522174       -0.35149462881139
H            4.65141145621576        1.03653230567794        1.99441049664654
H            2.76945467317229       -0.44818829776031        2.58823911903473
H            1.19691096871423       -1.20825594382491        0.85469494220785
H            0.08845916552109        2.15762313641535       -1.58325061909243
H           -1.23031392058487        3.55769188251509       -0.04641209467343
H           -2.75809419856342        2.51096858574138        1.58310045599491
H           -3.71136743995208        0.50120603620678        2.59678058402702
H           -3.85082426881181       -1.95460068152733        2.74466442204722
H           -2.48302617861546       -3.36329313347578        1.25482322847165
H           -0.99800102041289       -2.34061553490893       -0.40506659849277
34
 energy: -49.110664735323 gnorm: 0.000142285126 xtb: 6.7.1 (edcfbbe)
C           -0.62529715035516       -1.06340715273616       -2.96822430366020
C            0.12213537347309       -0.48619316821211       -1.80670786310102
N            1.37624363204691       -0.62869015366104       -1.75027926479904
C            2.18346911783999       -0.15466500290308       -0.73141698311260
C            3.26235243290227        0.66644550870187       -1.06327742020590
C            4.13536558649034        1.09729639020169       -0.08448575495493
C            3.96410200172485        0.69985989405566        1.23245582348987
C            2.90779877967108       -0.13228902033837        1.56409604850012
C            2.01810071358791       -0.55524874033147        0.59531241399929
C           -0.67598563815304        0.31865792706578       -0.84061127552149
C           -0.57524701469470        1.68740748415876       -0.87046040106309
C           -1.32757697140361        2.48329987053736        0.00457591378415
C           -2.17208150173631        1.90340976676382        0.90876908619780
C           -2.28484383949772        0.49938144717931        0.99010788795840
C           -3.12848020109693       -0.12363336861362        1.93459231121079
C           -3.20220873967191       -1.48556500029850        2.01881838006759
C           -2.42706694523006       -2.28756356951987        1.16677694854716
C           -1.60612671323114       -1.71609417924198        0.23464963539402
C           -1.52136890300093       -0.31175982487577        0.10905778113897
H           -0.94279594362592       -0.24966898964191       -3.62091315009477
H           -1.52048682039343       -1.58347965968883       -2.63370423615425
H            0.01620781018040       -1.73811230724365       -3.52840853095704
H            3.39014149759926        0.97052626331540       -2.09200748698771
H            4.95973283266601        1.74387338289563       -0.35063334281491
H            4.65286669412097        1.03388988016476        1.99470564669268
H            2.77010631321669       -0.45025688875371        2.58816083048191
H            1.19668363883438       -1.20820490245738        0.85474002194463
H            0.08643800929513        2.15849482185557       -1.58431557704619
H           -1.23298730088366        3.55819670577582       -0.04769058013379
H           -2.75972569309713        2.51111962653694        1.58241088227780
H           -3.71138053925327        0.50091180134828        2.59721485962014
H           -3.84899021775020       -1.95470992092597        2.74614872677569
H           -2.48124655953290       -3.36313127690648        1.25575171819811
H           -0.99784774094118       -2.34009764420384       -0.40520874557394
34
 energy: -49.110665024401 gnorm: 0.000149014420 xtb: 6.7.1 (edcfbbe)
C           -0.62482003089486       -1.06294138190508       -2.96866512477390
C            0.12192632691705       -0.48538908946117       -1.80683348051817
N            1.37598766303253       -0.62799912252672       -1.74991815072521
C            2.18327458717307       -0.15439505111037       -0.73096411073670
C            3.26230362283814        0.66665920568278       -1.06265597873561
C            4.13569659543270        1.09663891885889       -0.08385911823701
C            3.96481036441670        0.69832234345480        1.23290252142244
C            2.90836608006425       -0.13370068612782        1.56434484436203
C            2.01816915338485       -0.55571164810913        0.59555712926389
C           -0.67668406046589        0.31940135127475       -0.84110543746792
C           -0.57684671046715        1.68818536725178       -0.87136099563982
C           -1.32971405141921        2.48386457376875        0.00346134854078
C           -2.17362220820758        1.90371204104267        0.90801472913038
C           -2.28534042697524        0.49960851384931        0.98992276589647
C           -3.12808351536665       -0.12368261513620        1.93497772179327
C           -3.20095003096917       -1.48566850434809        2.01960371030489
C           -2.42589388805240       -2.28739038657141        1.16726497832034
C           -1.60567782857911       -1.71561265911178        0.23464158703871
C           -1.52161691676146       -0.31128916425217        0.10883659448010
H           -0.94274360076387       -0.24948694943876       -3.62149506196297
H           -1.51960115944514       -1.58395673718557       -2.63436866542142
H            0.01751285550459       -1.73705728896886       -3.52860684865745
H            3.38989745328186        0.97121938506234       -2.09127648706333
H            4.96031567973193        1.74300392894481       -0.34982678195195
H            4.65404752068933        1.03158860319215        1.99506172282036
H            2.77077221048756       -0.45227172081545        2.58825387434479
H            1.19654236183638       -1.20846324743609        0.85492874347158
H            0.08453296537152        2.15955907827578       -1.58531554013107
H           -1.23596794051506        3.55881984875726       -0.04925276293437
H           -2.76162392787744        2.51123695844460        1.58152280598441
H           -3.71102140607164        0.50059279253128        2.59783984164615
H           -3.84698970598991       -1.95491860047083        2.74753058529684
H           -2.47947003526787       -3.36299031941275        1.25627768576692
H           -0.99748799597272       -2.33948773800085       -0.40543864482920
34
 energy: -49.110665293887 gnorm: 0.000169942105 xtb: 6.7.1 (edcfbbe)
C           -0.62451701723143       -1.06233038194515       -2.96898844641634
C            0.12181668923970       -0.48468765691308       -1.80689118502873
N            1.37577607848605       -0.62778796315801       -1.74943195013603
C            2.18313982268560       -0.15449010670575       -0.73042587273902
C            3.26222947409957        0.66655582226304       -1.06204230154387
C            4.13594657041646        1.09588132752068       -0.08326240235873
C            3.96536098558450        0.69696923758234        1.23336806404610
C            2.90880713431966       -0.13497964809214        1.56472184437609
C            2.01827589348523       -0.55634813196819        0.59595277602033
C           -0.67714636158583        0.32017389157099       -0.84152553219825
C           -0.57832673961538        1.68900075650523       -0.87227168297607
C           -1.33185288391174        2.48444695441495        0.00223762133125
C           -2.17513295045642        1.90400934738310        0.90717443602775
C           -2.28566471702680        0.49983639127937        0.98973165032510
C           -3.12752962113730       -0.12377350797563        1.93534784945542
C           -3.19958448614304       -1.48578969197613        2.02028258141232
C           -2.42460260582556       -2.28722534166427        1.16760629077303
C           -1.60499731370738       -1.71512120134110        0.23463855910355
C           -1.52162424922488       -0.31078565076177        0.10867087160420
H           -0.94266907540979       -0.24890959121729       -3.62183224786934
H           -1.51910463699245       -1.58362903222419       -2.63486075693773
H            0.01822031571371       -1.73619189567456       -3.52886575973758
H            3.38955784832534        0.97157008837720       -2.09055199198511
H            4.96050764827454        1.74238094748237       -0.34907682654334
H            4.65489811408675        1.02971780914741        1.99547753356337
H            2.77153649784299       -0.45419139330375        2.58846982541425
H            1.19662984833455       -1.20911408555007        0.85523288966313
H            0.08268285949250        2.16067090800605       -1.58637794657330
H           -1.23907995774317        3.55946172057987       -0.05105162954921
H           -2.76360169475367        2.51130958604274        1.58048295781022
H           -3.71051424840720        0.50027919519946        2.59839830645364
H           -3.84498748340229       -1.95523459666471        2.74865028590168
H           -2.47766310250921       -3.36285222085120        1.25661716616247
H           -0.99678663520351       -2.33882188536492       -0.40560497675298
34
 energy: -49.110665591124 gnorm: 0.000125525651 xtb: 6.7.1 (edcfbbe)
C           -0.62441981206980       -1.06136943547684       -2.96930958340928
C            0.12176247300529       -0.48390280722938       -1.80700521237897
N            1.37556994529426       -0.62785604715395       -1.74887129797991
C            2.18302102512694       -0.15492796550053       -0.72977186231831
C            3.26200493319543        0.66628956253350       -1.06129023139061
C            4.13593890509324        1.09517982362889       -0.08251222752727
C            3.96576607741194        0.69558898832892        1.23394340861096
C            2.90928289110764       -0.13653038294163        1.56519553061786
C            2.01846388794838       -0.55737433288804        0.59647029455957
C           -0.67750446772171        0.32106956434966       -0.84198955677342
C           -0.57993572653419        1.68994920850005       -0.87338702329134
C           -1.33418001917747        2.48510175832913        0.00078993738449
C           -2.17671191069784        1.90432201094560        0.90619826954019
C           -2.28585476655503        0.50008288246092        0.98950101384556
C           -3.12686910574781       -0.12391071161256        1.93564224666323
C           -3.19798837991380       -1.48594179393945        2.02089123373919
C           -2.42287796317484       -2.28705129783180        1.16798582343453
C           -1.60387801670925       -1.71458127391750        0.23473165620878
C           -1.52137511422310       -0.31020537993462        0.10854308027463
H           -0.94246053025777       -0.24790961334818       -3.62211385298898
H           -1.51904316376464       -1.58280952746795       -2.63530776358127
H            0.01840556570353       -1.73522145224600       -3.52907475512773
H            3.38913198318021        0.97165997848575       -2.08971515949178
H            4.96049959606530        1.74173344217792       -0.34827366927051
H            4.65550276091447        1.02792668763537        1.99604776837673
H            2.77228937735300       -0.45615257952459        2.58885592052083
H            1.19678980294037       -1.21015611835738        0.85565539293757
H            0.08058900147717        2.16193481902532       -1.58773636686683
H           -1.24256029393096        3.56018076630048       -0.05319107302693
H           -2.76575052582526        2.51136206565088        1.57924377013577
H           -3.70995515169186        0.49992970501732        2.59881330593570
H           -3.84272059979503       -1.95569643472559        2.74964956482079
H           -2.47537657915643       -3.36269954388150        1.25706447705274
H           -0.99555609877025       -2.33801456538937       -0.40567305913773
34
 energy: -49.110665603259 gnorm: 0.000055727474 xtb: 6.7.1 (edcfbbe)
C           -0.62438832003296       -1.06134866030140       -2.96930353048476
C            0.12177365282705       -0.48391585754953       -1.80702712819619
N            1.37556268930768       -0.62785610485723       -1.74886463228131
C            2.18302430639350       -0.15492123281446       -0.72978036893547
C            3.26198832349339        0.66627635056018       -1.06128904727271
C            4.13595615812886        1.09518552853024       -0.08249800208031
C            3.96576388037750        0.69559400628114        1.23393680336518
C            2.90927011459028       -0.13653653521788        1.56518895071226
C            2.01846334527546       -0.55737918268679        0.59648563912647
C           -0.67751517640216        0.32105957271157       -0.84197513387087
C           -0.57994178381642        1.68996430101267       -0.87338858181337
C           -1.33417271065732        2.48510112052229        0.00077824655203
C           -2.17671926743173        1.90430921558038        0.90620629622128
C           -2.28584274375430        0.50009159726932        0.98948969929282
C           -3.12688010380409       -0.12392367637551        1.93565386612379
C           -3.19798815970228       -1.48592534298008        2.02089505814654
C           -2.42286294823109       -2.28704896080823        1.16797416755378
C           -1.60388013622178       -1.71460415467109        0.23474014295119
C           -1.52136634293929       -0.31019123150706        0.10854122635183
H           -0.94246481159817       -0.24789880834929       -3.62210897424172
H           -1.51907865372108       -1.58280728747137       -2.63530263550927
H            0.01840568867576       -1.73523509181527       -3.52908658611212
H            3.38913418984999        0.97166545153046       -2.08971316608487
H            4.96049283108238        1.74173416573599       -0.34827421641481
H            4.65549950751156        1.02792501673333        1.99605436880305
H            2.77229143473227       -0.45615176318886        2.58885566980835
H            1.19679068056502       -1.21015906493684        0.85564978783189
H            0.08058576881001        2.16193058378454       -1.58774222837470
H           -1.24256152334071        3.56017926870475       -0.05319252429002
H           -2.76574655491344        2.51136298366652        1.57924210485453
H           -3.70995165660948        0.49993203052987        2.59880584665696
H           -3.84271737646580       -1.95570265779568        2.74964530013382
H           -2.47537515082149       -3.36269811740038        1.25707449830401
H           -0.99554915105700       -2.33800746242345       -0.40567091672901
