31
 energy: -42.681281119301 gnorm: 0.062358905278 xtb: 6.7.1 (edcfbbe)
C           -0.69496993140000       -1.05207910940000       -1.60665831170000
C           -0.24169234620000       -0.20744252540000       -0.42901082720000
N           -1.04417546770000        0.24806454980000        0.49073875350000
C           -2.41175930690000       -0.04640714480000        0.44272849250000
C           -2.90333863780000       -1.23071769140000        0.99790459120000
C           -4.27072851250000       -1.51187614120000        0.96800173060000
C           -5.15599155640000       -0.60049797580000        0.39329846140000
C           -4.67555863970000        0.59351827000000       -0.14347517020000
C           -3.30746166680000        0.87109740820000       -0.11154152210000
C            1.21663606740000        0.10826443980000       -0.31410191180000
C            2.19440395580000       -0.73899807110000       -0.84558971730000
C            3.54922771590000       -0.41639147530000       -0.71659912220000
C            3.94303596600000        0.75528264680000       -0.05931856620000
C            5.39791604190000        1.08061914470000        0.10869476180000
C            2.96332031650000        1.58590763510000        0.49586214740000
C            1.60927736050000        1.26550916230000        0.36860178220000
H            0.02886000260000       -1.02572637990000       -2.42510696800000
H           -1.63717429600000       -0.67576788460000       -2.01375418590000
H           -0.83013037010000       -2.08664050640000       -1.27885571690000
H           -2.21433256760000       -1.93230367860000        1.45919841630000
H           -4.64364496140000       -2.43660990110000        1.39968481750000
H           -6.22116316690000       -0.81594097760000        0.37302422690000
H           -5.36418870840000        1.31149257930000       -0.58034524480000
H           -2.93247761830000        1.80587777650000       -0.51810412740000
H            1.92752185200000       -1.66620021600000       -1.34381127360000
H            4.29744971100000       -1.09076160420000       -1.12812724030000
H            5.55357632100000        2.16379591380000        0.15009540280000
H            5.98282937750000        0.70090169270000       -0.73563951100000
H            5.77725548790000        0.63270560530000        1.03226490960000
H            3.24559439810000        2.48775545180000        1.03477695470000
H            0.86188318010000        1.92356900670000        0.80713165440000
31
 energy: -42.685526609511 gnorm: 0.020653413065 xtb: 6.7.1 (edcfbbe)
C           -0.68448480083922       -1.04566063422357       -1.60560333612858
C           -0.23568140073533       -0.21183451193977       -0.43269879568242
N           -1.03647457066148        0.22815816385658        0.45933794509668
C           -2.40224289208492       -0.05713042805508        0.41931362091765
C           -2.89925235585399       -1.23036899691952        0.98857491897930
C           -4.25904591123511       -1.49552734004565        0.97482613451489
C           -5.14130798532355       -0.59201846238640        0.40248173443121
C           -4.66038561575964        0.59465947527775       -0.12942434130954
C           -3.30166267604939        0.86670687348374       -0.11489167183814
C            1.20507539718545        0.10610158759940       -0.30417802133121
C            2.18617557166726       -0.72904845772655       -0.83770432782847
C            3.52949551586590       -0.41023130897903       -0.70601720170080
C            3.92973634875394        0.74922641513541       -0.04898976910489
C            5.38501859365861        1.08088883378933        0.10297557586010
C            2.94955221444736        1.57504575504465        0.49428801201554
C            1.60575786945529        1.25779084156047        0.37299188383103
H            0.04206018342275       -1.01659819449499       -2.41567546384366
H           -1.63984612273842       -0.67771820270885       -1.98272757657870
H           -0.82406277492457       -2.07804457861892       -1.28462398360489
H           -2.21217980031654       -1.93450985921409        1.43973194100148
H           -4.62971162395921       -2.41930490345175        1.39928881703693
H           -6.20132770750999       -0.81014910291386        0.37494079535599
H           -5.34542564426979        1.30696912701264       -0.57011612781154
H           -2.92715063878647        1.79276201731820       -0.53141933250765
H            1.91945198792650       -1.64991746123174       -1.33721374979408
H            4.27539001455887       -1.07560034605163       -1.12216853089731
H            5.53909527623666        2.15864915446851        0.15705952820113
H            5.96845570591533        0.69089696566788       -0.73141234502949
H            5.77100529137800        0.63778867408778        1.02179313394960
H            3.23611350162086        2.47680614816827        1.01968211768015
H            0.85785904905482        1.91121275649080        0.79954610231972
31
 energy: -42.686116374698 gnorm: 0.008109252046 xtb: 6.7.1 (edcfbbe)
C           -0.67046450685477       -1.04643792957531       -1.61350733566574
C           -0.23106106044124       -0.21725739171303       -0.43670776272200
N           -1.03573312460467        0.21593452419432        0.44198081605549
C           -2.39778133846022       -0.05874760508971        0.41351155056932
C           -2.89542661341125       -1.23082965283005        0.98375306344849
C           -4.25230444541651       -1.48836867348470        0.97761800207664
C           -5.13550344064813       -0.58425449932765        0.41200122843772
C           -4.65166812727752        0.59718544501900       -0.12439477027143
C           -3.29659823551721        0.86607871564324       -0.11902858933168
C            1.19821934170585        0.10372104164926       -0.30103780312622
C            2.18280786851676       -0.72751334916094       -0.83245790214458
C            3.52038172311695       -0.40867895019416       -0.69983737390020
C            3.92145831371686        0.74814777840340       -0.04325040780314
C            5.37502693537207        1.08189555190186        0.10360397642017
C            2.93890043656708        1.57126512347941        0.49605109415389
C            1.60025131526813        1.25409376387488        0.37579095031359
H            0.04947786339285       -1.00814259138050       -2.42555574677190
H           -1.63603632592849       -0.68610772601855       -1.96963016309590
H           -0.80411175580354       -2.08178142629009       -1.30042116435121
H           -2.20598237197026       -1.93872991299979        1.42249902973772
H           -4.62220729005946       -2.40734481693892        1.40951121133794
H           -6.19435848668907       -0.79792987430871        0.39151804262244
H           -5.33527421356837        1.31322594448104       -0.55765367882677
H           -2.91868737175228        1.78491235223487       -0.54527159666131
H            1.91404430540199       -1.64429005700066       -1.33498394155569
H            4.26667052961173       -1.06989638436108       -1.11713495585286
H            5.52454253193541        2.15773207962077        0.16046205299131
H            5.95268886652799        0.68673632343891       -0.72933950822661
H            5.76424619757783        0.63972202153453        1.02146678365903
H            3.22721299177140        2.47391370384321        1.01543797974998
H            0.84726948802007        1.90174647135526        0.79697460493355
31
 energy: -42.686293652816 gnorm: 0.004771548599 xtb: 6.7.1 (edcfbbe)
C           -0.66096028923428       -1.05067537390069       -1.62502827757627
C           -0.22733590098961       -0.22254897201608       -0.44418623392182
N           -1.03835613945466        0.20750343246939        0.42964294910830
C           -2.39688873191831       -0.06185899570125        0.40615612317150
C           -2.89484833583274       -1.23260673948898        0.97990840514703
C           -4.25261635969087       -1.48263047593043        0.98562348151852
C           -5.13676266192171       -0.57491301283332        0.42639438142795
C           -4.65064581035817        0.60302420710967       -0.11647875421482
C           -3.29490870695448        0.86595813990790       -0.12318955191087
C            1.19710254152576        0.10042455440468       -0.30158138601321
C            2.18414807932432       -0.72929683526074       -0.83155756949019
C            3.51983490120897       -0.40924796426476       -0.69585534737242
C            3.91802993213102        0.74855545713461       -0.03858880832142
C            5.37010140716607        1.08463418737242        0.10691867876150
C            2.93292694481852        1.57051045705381        0.49907018224855
C            1.59609536709989        1.25117234387045        0.37745019482885
H            0.05337577296459       -0.99774901050663       -2.44040779156691
H           -1.63398597344942       -0.69999472351047       -1.97051912399282
H           -0.78012257035422       -2.09051297778590       -1.31880320169807
H           -2.20299781869548       -1.94250410806060        1.41138315553757
H           -4.62225416947663       -2.40079763835505        1.41959504140163
H           -6.19597090688462       -0.78456553944702        0.41227152554051
H           -5.33333171185260        1.32076062712101       -0.54851402285402
H           -2.91354068340961        1.78053854727533       -0.55529558804909
H            1.91414762443492       -1.64522867737606       -1.33477626199294
H            4.26815044183507       -1.06869087297741       -1.11204318579468
H            5.51690906941209        2.16030831179132        0.16347490418999
H            5.94545694542382        0.68838534476985       -0.72643666521068
H            5.76077690703064        0.64291797729068        1.02477085699781
H            3.22067837641837        2.47410257727462        1.01713539634708
H            0.83779245978332        1.89502575256984        0.79543417995352
31
 energy: -42.686537815057 gnorm: 0.005843386194 xtb: 6.7.1 (edcfbbe)
C           -0.64350482322405       -1.05987075462933       -1.64999872579011
C           -0.22103684457037       -0.23350518273456       -0.46128948407005
N           -1.04429720885247        0.19212788236143        0.40478225910472
C           -2.39755170906581       -0.06859743491146        0.39027127796358
C           -2.89700178166761       -1.23578411961626        0.97286528739375
C           -4.25708356773432       -1.47210277430908        1.00158240117717
C           -5.14236309274303       -0.55663854802712        0.45471311966725
C           -4.65271674662316        0.61397246971332       -0.10274608861270
C           -3.29477477928812        0.86491228654673       -0.13253737512219
C            1.19762101999556        0.09256437952751       -0.30463704065388
C            2.18943008902381       -0.73506821998909       -0.83080791891014
C            3.52287803876343       -0.41127537709002       -0.68842596354873
C            3.91339790713069        0.74962834876273       -0.02998871489920
C            5.36313267203324        1.09169726950671        0.11409036543501
C            2.92336132895546        1.56830294292763        0.50626416614753
C            1.58874091719202        1.24408421037065        0.38002114520898
H            0.05932357431421       -0.97017127306651       -2.47321819975551
H           -1.63221746451303       -0.73443598897412       -1.97705563810809
H           -0.72354239634863       -2.10966711597343       -1.35878462816141
H           -2.20155470273107       -1.94912533970655        1.39282763415138
H           -4.62766292331385       -2.38648544934681        1.44391347106236
H           -6.20392107184646       -0.75456355908804        0.46103820016541
H           -5.33492011568280        1.33636971846164       -0.52899103626034
H           -2.90790493762700        1.77227710785723       -0.57514754020126
H            1.91846424688465       -1.64999881538379       -1.33574549550067
H            4.27622205655081       -1.06773942198935       -1.10092772193851
H            5.50542270162748        2.16785039306078        0.16926799287033
H            5.93692718803940        0.69639213456192       -0.72055762486362
H            5.75728211405874        0.65149319926340        1.03171781563531
H            3.20859989845373        2.47269556290885        1.02514495891924
H            0.82125041290847        1.88066146900539        0.79432678769461
31
 energy: -42.686714219110 gnorm: 0.008702859055 xtb: 6.7.1 (edcfbbe)
C           -0.62793838654633       -1.06954923769534       -1.67396988580982
C           -0.21683931494217       -0.24437312693336       -0.47915546474853
N           -1.04852199964512        0.17862229592475        0.38081609947360
C           -2.39972137188540       -0.07527228064567        0.37408419071700
C           -2.90138608752778       -1.23788165451587        0.96625890409917
C           -4.26339539068734       -1.46142449564502        1.01733336446054
C           -5.14895089769393       -0.53857952301715        0.48233787962527
C           -4.65706984154466        0.62470291424970       -0.08924496398752
C           -3.29707597462283        0.86349193437159       -0.14110477582438
C            1.19950574894370        0.08402818354174       -0.31036618901170
C            2.19616615918900       -0.74098172950032       -0.83255141575581
C            3.52808044311468       -0.41287792662089       -0.68289009866471
C            3.91041449596025        0.75036665916237       -0.02262904264171
C            5.35829387393772        1.09961786650853        0.12242090025450
C            2.91555659036876        1.56433860903847        0.51299531218728
C            1.58247118992825        1.23524728441698        0.38061198443255
H            0.06275476119946       -0.94241528595826       -2.50471731506969
H           -1.63150813496303       -0.77352523402420       -1.98532637055029
H           -0.66555691402245       -2.12723300890316       -1.39724650669500
H           -2.20434231252840       -1.95508880140093        1.37709875499819
H           -4.63558563715985       -2.37129994521838        1.46845398573715
H           -6.21284160003264       -0.72498866106824        0.50913010634721
H           -5.33945897839794        1.35136152482641       -0.50884921408907
H           -2.90729163433529        1.76523167449139       -0.59274950106462
H            1.92732008890897       -1.65546289490491       -1.33972902299601
H            4.28660225110142       -1.06648428899728       -1.09110775029729
H            5.49576886520457        2.17671673176031        0.17706995169013
H            5.93385890688281        0.70796800576072       -0.71304599494048
H            5.75534837515565        0.66117212201725        1.03975089961601
H            3.19658798187473        2.46847404227810        1.03523930111579
H            0.80875474486507        1.86609824670125        0.79304956359252
31
 energy: -42.686901571356 gnorm: 0.008031106165 xtb: 6.7.1 (edcfbbe)
C           -0.61325059647549       -1.08017811789149       -1.69722052779258
C           -0.21460861731142       -0.25587503086831       -0.49763592429823
N           -1.05131218833043        0.16673003994379        0.35737652048333
C           -2.40326547229125       -0.08150332963202        0.35794608949040
C           -2.90735106294504       -1.23860197682395        0.96017549562252
C           -4.27047879521765       -1.45009817460123        1.03298223305331
C           -5.15557106042091       -0.52038009604064        0.50930275218564
C           -4.66252856200825        0.63552391610158       -0.07592779591445
C           -3.30110891452504        0.86201339553976       -0.14891091217378
C            1.20206141787508        0.07425416311999       -0.31828497724423
C            2.20389854088711       -0.74676841035524       -0.83695062431022
C            3.53456414118728       -0.41371964768273       -0.67965928533939
C            3.90848151292662        0.75056595782223       -0.01614179849799
C            5.35457823588569        1.10836158654167        0.13235807876888
C            2.90855890974318        1.55824115552083        0.51936548981951
C            1.57671767904623        1.22410748788034        0.37949904601954
H            0.06396584532587       -0.91641798203566       -2.53412367430612
H           -1.63002386093896       -0.81766626336306       -1.99527361037652
H           -0.60626086892028       -2.14253665951305       -1.43490303440828
H           -2.21079068064067       -1.96047364756393        1.36367183022154
H           -4.64455372223425       -2.35454225707815        1.49380048835625
H           -6.22128221138630       -0.69529515734690        0.55685341307961
H           -5.34546926802579        1.36655040845199       -0.48743128335035
H           -2.91094200313635        1.75924878073885       -0.60907442203859
H            1.94049898686315       -1.66073341033913       -1.34809628920064
H            4.29817569175933       -1.06393005683635       -1.08425672941602
H            5.48592464282238        2.18671676099679        0.18793376883817
H            5.93470712966932        0.72292569758510       -0.70346423290981
H            5.75374959012565        0.67158706178695        1.04933709886930
H            3.18352132310250        2.46123763309489        1.04717792748694
H            0.79939423768849        1.85065617284787        0.79154257548265
31
 energy: -42.687094069854 gnorm: 0.004499404486 xtb: 6.7.1 (edcfbbe)
C           -0.59917408757643       -1.09384287450060       -1.71974382844601
C           -0.21399517401131       -0.26934577736401       -0.51741802827833
N           -1.05227686157210        0.15526147471629        0.33358000967187
C           -2.40715771297163       -0.08769811928768        0.34095882136033
C           -2.91359021776534       -1.23833734255974        0.95340392772691
C           -4.27718007629399       -1.43715649678900        1.04876705492912
C           -5.16132960736017       -0.50016082516756        0.53751334239680
C           -4.66745512513851        0.64792718596865       -0.06126057868196
C           -3.30515374860402        0.86082363564777       -0.15622586899249
C            1.20449840186347        0.06294718748107       -0.32968752538419
C            2.21248546673566       -0.75140798938456       -0.84599059598201
C            3.54162849714823       -0.41265113733253       -0.68008868278348
C            3.90671181220173        0.75047203888075       -0.01024200060938
C            5.35052707899921        1.11799520831218        0.14594529981309
C            2.90069458886583        1.54980048007263        0.52498530111635
C            1.57039316719378        1.21011612977162        0.37588718805512
H            0.06202740507905       -0.89391368005051       -2.56152858357567
H           -1.62797070720958       -0.86940349882969       -2.00493095997620
H           -0.54473486175303       -2.15695440443043       -1.47150818635342
H           -2.21952613226088       -1.96634801080302        1.35020182060525
H           -4.65317583783370       -2.33537300358723        1.51977912826982
H           -6.22794324201790       -0.66335179799442        0.60597274593233
H           -5.35071465523617        1.38390769547476       -0.46306823485468
H           -2.91667788333139        1.75428234204036       -0.62493119020645
H            1.95861542538107       -1.66450192514014       -1.36357090072191
H            4.31026870129171       -1.05820417440478       -1.08260470240695
H            5.47373883113555        2.19762578649210        0.20516557454670
H            5.93833528250262        0.74129911741614       -0.68911511655600
H            5.74974456762259        0.68203926435820        1.06279352663323
H            3.16717098423792        2.45090275145249        1.06035791664542
H            0.79121572077747        1.83325075954187        0.78857101230731
31
 energy: -42.687222297311 gnorm: 0.003361603338 xtb: 6.7.1 (edcfbbe)
C           -0.58835610643689       -1.10924227626723       -1.73666688892227
C           -0.21388949510128       -0.28250145598378       -0.53432592650538
N           -1.05176245561583        0.14519511963258        0.31386130505454
C           -2.40924427544872       -0.09294929091654        0.32653975573097
C           -2.91739588100559       -1.23804324122316        0.94666602721379
C           -4.28102175321002       -1.42492519456623        1.06140968094929
C           -5.16398357037311       -0.48103103280175        0.56171003734224
C           -4.66860806411856        0.66017707833718       -0.04809082892640
C           -3.30606245233714        0.86059307899500       -0.16202160265027
C            1.20544739664326        0.05292531550080       -0.34185348869512
C            2.21951376391048       -0.75294436414171       -0.85832553368797
C            3.54667367872446       -0.40899908757490       -0.68453836115008
C            3.90424115917089        0.75079266782887       -0.00569352003050
C            5.34536078344227        1.12595163590631        0.16115868094746
C            2.89200551396226        1.54178551479320        0.52884439971967
C            1.56378915708701        1.19704907525623        0.37111306978678
H            0.05541986447053       -0.87762289032843       -2.58381369343784
H           -1.62821621657944       -0.92022406846146       -2.00749648231840
H           -0.49015544329949       -2.17091698000750       -1.49965628987385
H           -2.22629746134171       -1.97254366617075        1.33684528601386
H           -4.65843626011368       -2.31782594638280        1.54056233694754
H           -6.23069674165796       -0.63363017933492        0.64786750903224
H           -5.35110961362516        1.40133063636759       -0.44093599365089
H           -2.91906146374292        1.75067279344617       -0.63834772448557
H            1.97591236556861       -1.66424899901968       -1.38396157518514
H            4.31934411848160       -1.04906782245339       -1.08773938239669
H            5.46076949352298        2.20616352735251        0.22646095953660
H            5.94135136703727        0.75757838932054       -0.67189235847309
H            5.74165997319090        0.68880417902595        1.07834984415702
H            3.15001848123868        2.44084506208474        1.07138126142518
H            0.78279013765600        1.81685242178774        0.78455718273290
31
 energy: -42.687318198350 gnorm: 0.003784765879 xtb: 6.7.1 (edcfbbe)
C           -0.58165773900101       -1.12622105685648       -1.74774014606324
C           -0.21343571455219       -0.29494667114992       -0.54802190241571
N           -1.05037264211494        0.13730720197257        0.29792410657976
C           -2.40935695053980       -0.09697583460709        0.31517741600083
C           -2.91883180713925       -1.23787133644996        0.94068738997530
C           -4.28223079256288       -1.41422004399488        1.07074890074992
C           -5.16360282815398       -0.46384348077367        0.58109591099752
C           -4.66635142755004        0.67193061013190       -0.03686510888818
C           -3.30399212406289        0.86160625557038       -0.16620248293733
C            1.20549827300328        0.04457677147012       -0.35387279158735
C            2.22522191362139       -0.75145658163874       -0.87356462221411
C            3.55021805780663       -0.40271501545961       -0.69275238336075
C            3.90114963873675        0.75220917214880       -0.00260776502151
C            5.33945141537231        1.13201325788672        0.17715022248805
C            2.88296460447898        1.53527811315645        0.53165232448403
C            1.55714499044173        1.18587095093117        0.36624667506566
H            0.04364189655889       -0.87091970013513       -2.60066855236459
H           -1.62920499490072       -0.96737843948026       -2.00473074468828
H           -0.44732714289430       -2.18394281835215       -1.51861876023727
H           -2.23042106282295       -1.97830795598639        1.32437911397874
H           -4.66067957079983       -2.30330680693110        1.55544809082448
H           -6.22992107518501       -0.60715996724895        0.68144532959057
H           -5.34717988441419        1.41809517078310       -0.42242318224246
H           -2.91732797574979        1.74861816374736       -0.64840211867012
H            1.99089668525162       -1.65979742789100       -1.40849501310234
H            4.32633151982774       -1.03650595715454       -1.09904310109287
H            5.44893865940862        2.21213725829447        0.25028001927093
H            5.94359579366117        0.77099751811907       -0.65298075412536
H            5.72998411456633        0.69134246748355        1.09509057333714
H            3.13341488705141        2.43211698894926        1.08098901065190
H            0.77344128275659        1.80146919346629        0.78064203121735
31
 energy: -42.687404344862 gnorm: 0.005398673358 xtb: 6.7.1 (edcfbbe)
C           -0.57439153025994       -1.15007689928096       -1.75974013164783
C           -0.21172549403942       -0.31015466087649       -0.56510195916331
N           -1.04869830738261        0.12712393659290        0.27774837164110
C           -2.40800532318849       -0.10172660990143        0.30200789248031
C           -2.91961959316570       -1.23817663317509        0.93316666058162
C           -4.28293260509903       -1.40081946276286        1.08133573656938
C           -5.16171440130041       -0.44185560719186        0.60386516837022
C           -4.66136289122258        0.68751849813848       -0.02340545717034
C           -3.29924864317853        0.86398851037942       -0.17080486218264
C            1.20507917824230        0.03560368449536       -0.36960657791703
C            2.23181286433467       -0.74726568318966       -0.89519504525436
C            3.55385773855061       -0.39294991135057       -0.70482792693057
C            3.89621658994679        0.75495462977987        0.00123443378660
C            5.33094986394397        1.13863974699758        0.19784896232422
C            2.87069089046665        1.52800067239474        0.53615224978293
C            1.54822025720771        1.17289624379674        0.36121787069460
H            0.02338284752376       -0.86155362573513       -2.62422404799390
H           -1.63532437915903       -1.03194014610493       -1.99268070611585
H           -0.38884580590038       -2.20442892650661       -1.54039142530600
H           -2.23384758956022       -1.98544433768097        1.30810682717962
H           -4.66307760769094       -2.28570410873665        1.57212042920293
H           -6.22764344920391       -0.57327039382385        0.72115108305886
H           -5.33941173712220        1.44017281752309       -0.40087577435477
H           -2.91074940407195        1.74631206648097       -0.66007523140508
H            2.00712158332096       -1.65066070983428       -1.44254507824249
H            4.33461006802636       -1.01780932292657       -1.11610171584624
H            5.43477012267113        2.21824919289438        0.28159280059937
H            5.94485456032901        0.78600856971382       -0.62830573668957
H            5.71292349336328        0.69195406909010        1.11675273382046
H            3.11277878632646        2.42156793755952        1.09430336540245
H            0.75932991739127        1.78084646324246        0.77724477692612
31
 energy: -42.687505516180 gnorm: 0.003760456477 xtb: 6.7.1 (edcfbbe)
C           -0.57156836206079       -1.18288560726549       -1.76796491147985
C           -0.20873889594522       -0.32971037876317       -0.58308303777477
N           -1.04501024921938        0.11794033515452        0.25578485838506
C           -2.40380658225692       -0.10595677302640        0.28941158682055
C           -2.91810161858420       -1.23845843816769        0.92507785559948
C           -4.28098827038198       -1.38631180975516        1.09025571113213
C           -5.15565943522973       -0.41708779360566        0.62605580289730
C           -4.65165042468243        0.70659612458677       -0.00855610556920
C           -3.29027850010841        0.86886499953737       -0.17348165274791
C            1.20475073557421        0.02535441617943       -0.39011993348024
C            2.24006375340348       -0.73866772010685       -0.92704572957403
C            3.55830351937463       -0.37691932448606       -0.72516079925742
C            3.88962043269882        0.76033780009712        0.00374630151028
C            5.31983189019194        1.14572218192472        0.22514691988176
C            2.85506829590576        1.52047980414339        0.54069602882040
C            1.53709519826644        1.15788931389194        0.35435148735223
H           -0.00740515496272       -0.87447597148688       -2.64430799391488
H           -1.63704541391542       -1.10120016290032       -1.97716272757478
H           -0.34448712047039       -2.22563199399191       -1.55545590696582
H           -2.23540234899492       -1.99325742705704        1.28997088358374
H           -4.66335491335297       -2.26770285729553        1.58549935909864
H           -6.22058477937538       -0.53540428005234        0.76018417930566
H           -5.32569434705117        1.46743851738040       -0.37674281978653
H           -2.89805434078167        1.74641104579175       -0.66780320451858
H            2.02638617520704       -1.63413072837072       -1.49179588553791
H            4.34506035386645       -0.98897190136558       -1.14477793683594
H            5.41918439854179        2.22415530196719        0.32391059327902
H            5.94728001965508        0.80311468375994       -0.59458891406465
H            5.68731256219304        0.68903202130214        1.14582032157743
H            3.08733194480040        2.40915304434281        1.11078462909469
H            0.74054147779414        1.75428357763913        0.77331872694505
31
 energy: -42.687541536157 gnorm: 0.003865376705 xtb: 6.7.1 (edcfbbe)
C           -0.56776345332252       -1.20825392575997       -1.77518614269308
C           -0.20584409934863       -0.34231466656595       -0.59859682071848
N           -1.04339419320983        0.11036462008893        0.23659951963671
C           -2.40107805123107       -0.10862229818836        0.27981528619492
C           -2.91820432820677       -1.23832012593942        0.91896448998828
C           -4.28087736613322       -1.37505977656280        1.09718033364866
C           -5.15220380103640       -0.39831070372149        0.64244089100963
C           -4.64572185680135        0.72156069723406        0.00279386096064
C           -3.28475531320430        0.87339669532148       -0.17482836978291
C            1.20522677233528        0.01957680261964       -0.40595019049651
C            2.24631612651414       -0.73139055744685       -0.95043327617891
C            3.56193891411934       -0.36481756284092       -0.73927204332179
C            3.88453509553347        0.76439044294405        0.00604991460720
C            5.31168892294475        1.15059454324233        0.24407960676226
C            2.84416078024586        1.51456295928914        0.54641792977718
C            1.52927706198374        1.14725955299290        0.35077007913222
H           -0.03258009707051       -0.87837356880339       -2.66496791054889
H           -1.64316695621764       -1.16114705597358       -1.95961657670809
H           -0.29843607926773       -2.24587068133368       -1.56892668813443
H           -2.23713357070203       -1.99803704537241        1.27647639695081
H           -4.66559630896362       -2.25386878567443        1.59559385667102
H           -6.21659392171312       -0.50751439308670        0.78812753425019
H           -5.31725430266754        1.48805429855089       -0.35866487163297
H           -2.88866637378257        1.74730765579023       -0.67227013004444
H            2.03834540713855       -1.62010510081352       -1.52785103144174
H            4.35377525550429       -0.96720934432932       -1.16349057356072
H            5.40846144948615        2.22836305575767        0.35294249263098
H            5.94833948812422        0.81559360688628       -0.57169258816904
H            5.67010303224961        0.68695449872986        1.16505465870200
H            3.07039495050565        2.39814577633133        1.12713606905514
H            0.72670681629328        1.73309038663596        0.77327197965514
31
 energy: -42.687577970644 gnorm: 0.001721189142 xtb: 6.7.1 (edcfbbe)
C           -0.57034354463086       -1.21294733368237       -1.77065159666622
C           -0.20471060232313       -0.34119943782480       -0.59850433833358
N           -1.04325369825026        0.11200082663124        0.23568333184014
C           -2.39950329483429       -0.10670959810948        0.28218169689143
C           -2.91742818211359       -1.23779554902981        0.91908079946224
C           -4.27986793507459       -1.37580186538848        1.09396591256999
C           -5.15024182155211       -0.39932517425370        0.63782754723871
C           -4.64390357789278        0.72275540610220        0.00206048870250
C           -3.28325368841878        0.87617295161773       -0.17170846354035
C            1.20583808685825        0.02233156170973       -0.40793726169785
C            2.24630444154201       -0.72699140747087       -0.95502099960628
C            3.56188886957810       -0.36094818152925       -0.74310938352031
C            3.88373701123467        0.76577976731056        0.00490112134898
C            5.31093215640140        1.14923115869770        0.24440133442131
C            2.84420778646790        1.51467145538723        0.54836980504871
C            1.52948795463037        1.14812627274092        0.35184595366351
H           -0.03932041484980       -0.89104041077111       -2.66373480182843
H           -1.64399053913273       -1.16385811834394       -1.95078955839849
H           -0.30425499871506       -2.24868228578783       -1.56158446131264
H           -2.23580881027514       -1.99630360058166        1.27737133527624
H           -4.66538730287290       -2.25583792070244        1.58987423373865
H           -6.21443174994533       -0.51042622020039        0.77930495363843
H           -5.31527793919954        1.48899253068203       -0.35995391473255
H           -2.88503077425954        1.75093914772715       -0.66569724778542
H            2.03552729583622       -1.61305767174151       -1.53429048502277
H            4.35444745658324       -0.96118977002937       -1.16823244900373
H            5.40991703972071        2.22670867911329        0.35406393266250
H            5.94788389585166        0.81435826172533       -0.57087439465650
H            5.66800928543792        0.68396769932673        1.16461131254071
H            3.07192498859781        2.39573295923323        1.13198088051522
H            0.72590260569966        1.73034586744391        0.77653240274684
31
 energy: -42.687601646350 gnorm: 0.002031307632 xtb: 6.7.1 (edcfbbe)
C           -0.57161749161168       -1.22750412033585       -1.76529455052173
C           -0.20282811335489       -0.34431738950387       -0.60203974983979
N           -1.04268732176331        0.11349879963494        0.22837214058816
C           -2.39728693720278       -0.10401564642697        0.28126931878341
C           -2.91664543711226       -1.23630243187086        0.91555717107100
C           -4.27949424546543       -1.37305442139554        1.09075733368738
C           -5.14900617141388       -0.39472546441396        0.63664510961307
C           -4.64165477179510        0.72935415197237        0.00443321555990
C           -3.28058845843395        0.88149548029732       -0.16920953494441
C            1.20705219554119        0.02359139612756       -0.41426783310816
C            2.24820953482667       -0.71891658060828       -0.96923977982069
C            3.56330874853943       -0.35215880661393       -0.75407787114630
C            3.88217063346079        0.76789070542180        0.00493219720511
C            5.30899402896589        1.14972470063158        0.24987255826968
C            2.84181089696284        1.51136560648661        0.55486942258095
C            1.52779964076666        1.14437454235039        0.35469304962998
H           -0.05496811785581       -0.90845136434575       -2.66743361212060
H           -1.64684267071485       -1.18964320597623       -1.93209329203840
H           -0.29454007171988       -2.25884263710833       -1.55234745705234
H           -2.23476408225948       -1.99556558358907        1.27247143045120
H           -4.66660108976365       -2.25410957518520        1.58379634729582
H           -6.21404764476331       -0.50578838821833        0.77686618275158
H           -5.31280561540375        1.49699606501917       -0.35516279539726
H           -2.87949222685379        1.75762066670328       -0.65867739906318
H            2.03665743792944       -1.59917549704306       -1.55719361839707
H            4.35794325257190       -0.94622766065082       -1.18371864071973
H            5.40900317822140        2.22704082433611        0.36372924436590
H            5.94835124217949        0.81797868826743       -0.56503875592894
H            5.66306220577617        0.68066707578884        1.16896653835713
H            3.06915785591840        2.38703232314533        1.14677293389446
H            0.72234961592700        1.72016774710532        0.78375838219486
31
 energy: -42.687617244030 gnorm: 0.001771763244 xtb: 6.7.1 (edcfbbe)
C           -0.57213908163333       -1.23090071143357       -1.76034095196944
C           -0.20323802894830       -0.34332987987044       -0.60069753194960
N           -1.04296486137124        0.11731124647409        0.22830898464211
C           -2.39751034245458       -0.10104310904209        0.28214415146639
C           -2.91647197055486       -1.23454958879550        0.91437800783579
C           -4.27934461445960       -1.37340810251240        1.08708111811658
C           -5.14949902741073       -0.39568270355182        0.63277705833025
C           -4.64246844721460        0.73045689735175        0.00397044878877
C           -3.28143780645991        0.88461012319128       -0.16684144603024
C            1.20710607979516        0.02463649819388       -0.41396411443445
C            2.24767002090104       -0.71606326611271       -0.97261030734664
C            3.56306864683752       -0.34982419634165       -0.75806306322875
C            3.88273170903300        0.76774886662723        0.00433780455064
C            5.30995827479885        1.14927297931832        0.24890281084003
C            2.84288952989856        1.50950395947015        0.55763383548660
C            1.52854731413753        1.14312002050173        0.35776291103655
H           -0.05774187440693       -0.91441130311058       -2.66458149775553
H           -1.64765892334819       -1.19639253177938       -1.92505088129563
H           -0.29231765638308       -2.26131918548728       -1.54391991051597
H           -2.23443658084825       -1.99393111293070        1.27132189031538
H           -4.66631427161029       -2.25561463123717        1.57804731209072
H           -6.21478961486579       -0.50911622817911        0.76960314046671
H           -5.31413920152886        1.49776637611380       -0.35524737083085
H           -2.88075138141033        1.76221285003476       -0.65438031492137
H            2.03591598113061       -1.59446362822614       -1.56346822607441
H            4.35730095245321       -0.94222602558278       -1.19081436898610
H            5.41014060086694        2.22659435795893        0.36316811477680
H            5.94864968302359        0.81794863344159       -0.56683274170135
H            5.66456037430875        0.67984847163410        1.16759890674398
H            3.07070272075917        2.38312853754403        1.15229693656069
H            0.72398179706441        1.71811638633968        0.78944698119329
31
 energy: -42.687665837346 gnorm: 0.002241716567 xtb: 6.7.1 (edcfbbe)
C           -0.57186888036355       -1.24355174176224       -1.73899281147330
C           -0.20513216188504       -0.33962536921502       -0.59259578034524
N           -1.04498325863289        0.13563619902581        0.22842185484619
C           -2.39973310079283       -0.08807607975465        0.28212683644820
C           -2.91569201382731       -1.22706502019116        0.90622262954942
C           -4.27935144068909       -1.37511751412255        1.07116033800033
C           -5.15362404934454       -0.40058736580546        0.61715379224249
C           -4.64859712019987        0.73412989000090        0.00155800329886
C           -3.28695996347084        0.89722351216262       -0.16042955157417
C            1.20689681917148        0.02761237770361       -0.40934410187705
C            2.24494614664895       -0.70560156104272       -0.98316401045982
C            3.56162943378479       -0.34131038941014       -0.77293841446741
C            3.88612990794375        0.76657457517627        0.00195760501786
C            5.31493136156039        1.14801573590677        0.24147569594655
C            2.84883096547683        1.50037132677380        0.57056414486632
C            1.53288420443083        1.13646813430262        0.37344655238258
H           -0.06412044605913       -0.93452467654289       -2.65075193529005
H           -1.64880897354937       -1.22291917896021       -1.89789010034537
H           -0.28187336090636       -2.26977042309288       -1.50876821926252
H           -2.23279111768301       -1.98601293324166        1.26343589320910
H           -4.66439399867888       -2.26241392777675        1.55433694937905
H           -6.22034095277994       -0.52367164632998        0.74306719967721
H           -5.32330559199697        1.50035579099800       -0.35449211973534
H           -2.89026023489319        1.78198316272270       -0.63888260728263
H            2.03331045567101       -1.57703636707629       -1.58458859232159
H            4.35297692221347       -0.92764013236444       -1.21958700270732
H            5.41465713645386        2.22532480981066        0.35617305963113
H            5.94966345483184        0.81758697696171       -0.57795534765586
H            5.67374522525393        0.67847364167798        1.15858097154838
H            3.07858260311606        2.36631433178156        1.17548600433890
H            0.73265202929508        1.70885386168596        0.81718075061599
31
 energy: -42.687689770920 gnorm: 0.002249001953 xtb: 6.7.1 (edcfbbe)
C           -0.57284605419743       -1.25221771428517       -1.72447894175109
C           -0.20601516777808       -0.33730220362792       -0.58671996456003
N           -1.04632757696687        0.14733490111057        0.22882255650653
C           -2.40105076688341       -0.07939823822395        0.28225640773262
C           -2.91469761823096       -1.22266966912654        0.90029136582779
C           -4.27804515574149       -1.37660726158810        1.05982044712221
C           -5.15441174132370       -0.40340192287987        0.60717200110807
C           -4.65148778707887        0.73670044588080       -0.00003993101651
C           -3.29024209294627        0.90596020625753       -0.15614413855599
C            1.20628508825099        0.02914891736995       -0.40598829345500
C            2.24285204114819       -0.69909057853696       -0.98913098729699
C            3.56012740814070       -0.33547429974640       -0.78200873964538
C            3.88760841751003        0.76661182799727       -0.00020258545081
C            5.31699871761915        1.14712670538892        0.23633013386941
C            2.85210355434830        1.49515426178482        0.57834797124486
C            1.53557406931717        1.13232516603025        0.38365984850876
H           -0.06941282912159       -0.94790249233880       -2.64008827037259
H           -1.65037903811320       -1.23900256993952       -1.88046357584671
H           -0.27610089403592       -2.27536425338153       -1.48715055693331
H           -2.23051660132005       -1.98126873772880        1.25585175843630
H           -4.66108105529075       -2.26753918827116        1.53790900006270
H           -6.22094334652271       -0.53181472027019        0.72743213025717
H           -5.32765404287610        1.50244733505135       -0.35421886196734
H           -2.89561271524007        1.79434610814196       -0.62952365281968
H            2.03037075942079       -1.56588666720306       -1.59667257694455
H            4.34956985158755       -0.91805667144007       -1.23694656384560
H            5.41730680578534        2.22421183528258        0.35159846840268
H            5.94981174431032        0.81686326425327       -0.58448136000464
H            5.67756608920956        0.67691890181613        1.15249408201639
H            3.08364941325465        2.35633658826630        1.18941159994398
H            0.73700052386422        1.70151072395823        0.83482891562761
31
 energy: -42.687723659520 gnorm: 0.002031693725 xtb: 6.7.1 (edcfbbe)
C           -0.57408914879129       -1.27146528319055       -1.69696840085690
C           -0.20682884924891       -0.33572878586700       -0.57585402312554
N           -1.04869512162225        0.16816177951576        0.22754224043099
C           -2.40305162572313       -0.06401748671594        0.27974455420834
C           -2.91248600235602       -1.21570257820148        0.88572675473010
C           -4.27564728011101       -1.37820018335992        1.03920364240259
C           -5.15545824525314       -0.40586784909563        0.59155828305068
C           -4.65629880631569        0.74328243944733       -0.00168691464446
C           -3.29539447574235        0.92196367950131       -0.15049440759298
C            1.20536330235747        0.03049224206472       -0.40044675007437
C            2.23964924350216       -0.68670306471927       -1.00192908888584
C            3.55769065827353       -0.32320220956500       -0.80015582831250
C            3.88968696711339        0.76741470907100       -0.00417824944525
C            5.31974850355861        1.14639793516343        0.22855153817400
C            2.85687688263746        1.48497874392172        0.59322487327767
C            1.53978485397121        1.12304604978949        0.40269066069319
H           -0.08264622221462       -0.97266539504923       -2.62159386937188
H           -1.65310132822267       -1.27267606839382       -1.84424289771153
H           -0.26213846457817       -2.28742529900034       -1.44859693836406
H           -2.22563764368426       -1.97364961114637        1.23698518532973
H           -4.65491248812742       -2.27603650586226        1.50746097578213
H           -6.22141393316212       -0.54202892742297        0.70470532155173
H           -5.33493417553047        1.50896838347427       -0.35121943089796
H           -2.90406923323441        1.81678226629929       -0.61401396297967
H            2.02573118646525       -1.54427525014084       -1.62170293726564
H            4.34405233953079       -0.89753100861423       -1.27113782650355
H            5.42109314279393        2.22305738502538        0.34603973919408
H            5.95021098419843        0.81722924618427       -0.59429572329850
H            5.68234482092889        0.67415543341138        1.14305457427091
H            3.09135628441590        2.33710686160183        1.21600720251889
H            0.74321387427041        1.68413835187551        0.86798938991635
31
 energy: -42.687743737447 gnorm: 0.001931877433 xtb: 6.7.1 (edcfbbe)
C           -0.57460200874087       -1.28844456315057       -1.67410125093215
C           -0.20708624876321       -0.33523103601121       -0.56732522107522
N           -1.05079316930395        0.18475514622952        0.22463670286307
C           -2.40462774320184       -0.05184625014472        0.27581127080429
C           -2.91067132315557       -1.21088336419947        0.87104206116266
C           -4.27346625666925       -1.37941957757138        1.02134378663067
C           -5.15590904609090       -0.40645174936324        0.58027126526910
C           -4.66005499116645        0.74951249337903       -0.00246671580315
C           -3.29948048228224        0.93486825990341       -0.14721513091465
C            1.20487017083028        0.03080582167169       -0.39569713480535
C            2.23716650718442       -0.67649655702515       -1.01240532875136
C            3.55568830917541       -0.31228277588020       -0.81522087515829
C            3.89092288725984        0.76822372118529       -0.00694591818924
C            5.32136843420113        1.14638122291448        0.22261388247563
C            2.86032820498911        1.47620818298503        0.60599785680890
C            1.54303077020056        1.11433863210964        0.41900270503476
H           -0.09460164657592       -0.99367696081838       -2.60579278685249
H           -1.65498762557283       -1.30181386558590       -1.81302001077900
H           -0.24865459914249       -2.29768890501900       -1.41819902614348
H           -2.22114866262336       -1.96862592962071        1.21715637021435
H           -4.64977810480441       -2.28258455230584        1.48193519910729
H           -6.22155669270551       -0.54661477689029        0.69182945633908
H           -5.34084813499471        1.51581420755193       -0.34673456802581
H           -2.91044390109149        1.83459319836645       -0.60266049609176
H            2.02150353402555       -1.52626013480133       -1.64198793742925
H            4.33971644869277       -0.87906871490968       -1.29912114976482
H            5.42340749482277        2.22277276143115        0.34214366817787
H            5.94998874284484        0.81854637402637       -0.60205167999356
H            5.68569279752007        0.67228101569286        1.13552799214233
H            3.09744957899625        2.32093759739743        1.23783199146989
H            0.74757675624153        1.66735107845459        0.89576870841036
31
 energy: -42.687760536344 gnorm: 0.001445860557 xtb: 6.7.1 (edcfbbe)
C           -0.57343176533247       -1.30541928328632       -1.65513049058570
C           -0.20650073882937       -0.33781365823646       -0.56087105135095
N           -1.05281305274941        0.19671446406102        0.21867724925254
C           -2.40607551393880       -0.04268409878210        0.26935107328927
C           -2.90978531600984       -1.20802207624824        0.85470596071443
C           -4.27197063483098       -1.37904113495171        1.00657754802936
C           -5.15587481990528       -0.40313248893545        0.57516268281187
C           -4.66290601174242        0.75720552601817       -0.00068331309463
C           -3.30276870449941        0.94564729078705       -0.14590474818753
C            1.20502310859565        0.02908243193545       -0.39173387417457
C            2.23583355168378       -0.66810613954420       -1.02147003572256
C            3.55439070633025       -0.30200320230529       -0.82750873265309
C            3.89103700209458        0.76931605647013       -0.00855991525854
C            5.32153282968796        1.14783112017179        0.21856779374455
C            2.86197962544339        1.46771336048562        0.61770087378860
C            1.54494968575036        1.10460603299205        0.43334388666958
H           -0.10719792670670       -1.01090420572898       -2.59392630474371
H           -1.65480206434408       -1.32983898947927       -1.78390458369011
H           -0.23256314823806       -2.30768701692802       -1.39616638502033
H           -2.21767137011131       -1.96674663463879        1.19334721268976
H           -4.64608181734210       -2.28670194579678        1.45979014977977
H           -6.22047685899069       -0.54457590528376        0.68851117686889
H           -5.34527869770439        1.52454458331887       -0.33927371382434
H           -2.91489890659857        1.84853020472566       -0.59539907305896
H            2.01841757904398       -1.51060598200330       -1.65984576171590
H            4.33711792555058       -0.86041001599397       -1.32249160386258
H            5.42356063897261        2.22410035259130        0.33995160963409
H            5.94883515392218        0.82189618722221       -0.60781875778259
H            5.68768257039177        0.67219830584371        1.12986161073024
H            3.10119101658906        2.30597320314363        1.25715344067962
H            0.74954595391724        1.64833365837780        0.91995376224415
31
 energy: -42.687766015419 gnorm: 0.000426581411 xtb: 6.7.1 (edcfbbe)
C           -0.57224474447238       -1.30538251880345       -1.65634403805014
C           -0.20649676642589       -0.33778864176801       -0.56205599781397
N           -1.05327000375436        0.19593426994110        0.21698693928681
C           -2.40652312180259       -0.04344409972062        0.26784721650245
C           -2.91091969098801       -1.20859435467293        0.85288484045149
C           -4.27284154843339       -1.37868446070450        1.00638975804661
C           -5.15620522744614       -0.40199537112222        0.57645747979151
C           -4.66288447565646        0.75814072393966        0.00030038766149
C           -3.30292439032171        0.94536550808705       -0.14639687810667
C            1.20551016114034        0.02871401996161       -0.39128491917318
C            2.23627762665967       -0.66859824015494       -1.02068419263761
C            3.55481613131080       -0.30252541142822       -0.82637328059939
C            3.89094328488226        0.76899460176875       -0.00760365768223
C            5.32162693942021        1.14886494481120        0.21796553331003
C            2.86186744851731        1.46683102898739        0.61905223998120
C            1.54477585094651        1.10355546917720        0.43446489449462
H           -0.10862109311363       -1.01065970124595       -2.59552655258634
H           -1.65316161090589       -1.33303173050283       -1.78341205571993
H           -0.22939120505354       -2.30676200219134       -1.39823088698867
H           -2.21944317316687       -1.96802164306829        1.19085383152051
H           -4.64775214396625       -2.28591307552024        1.45974042260920
H           -6.22104139322823       -0.54258649456961        0.69146775224214
H           -5.34514918187335        1.52607727636142       -0.33684551271088
H           -2.91482795258756        1.84842351375274       -0.59567976193230
H            2.01900326079199       -1.51135826160640       -1.65878473601838
H            4.33786064941851       -0.86026275803566       -1.32125427289929
H            5.42290784773319        2.22538370398300        0.33829239370084
H            5.94801250135201        0.82304540813664       -0.60931091931839
H            5.68954709571299        0.67427247877479        1.12897207210254
H            3.10088773568148        2.30484440925325        1.25882914373459
H            0.74966118972849        1.64716140818123        0.92125044300197
31
 energy: -42.687771005652 gnorm: 0.000751576390 xtb: 6.7.1 (edcfbbe)
C           -0.56999328644255       -1.30644997731428       -1.65859685730410
C           -0.20615877346092       -0.33944903944016       -0.56339787800165
N           -1.05394872705504        0.19368418226706        0.21460185498114
C           -2.40726136644918       -0.04476608311912        0.26561609596676
C           -2.91273705454320       -1.20974063849652        0.84995098129968
C           -4.27459119428450       -1.37782417671519        1.00602869043749
C           -5.15711858031065       -0.39916512026202        0.57901926923002
C           -4.66302042810128        0.76057784999807        0.00250659288801
C           -3.30309556947232        0.94546326293526       -0.14664070874699
C            1.20615295191283        0.02744394205218       -0.39064348731235
C            2.23720190800300       -0.66977564076608       -1.01947051760747
C            3.55555755136056       -0.30313344798744       -0.82485354776029
C            3.89072117057657        0.76883723305636       -0.00627052657873
C            5.32141240123560        1.15107337470673        0.21682464794509
C            2.86143492021511        1.46525874553311        0.62136724864188
C            1.54431682079790        1.10148092666485        0.43622601696258
H           -0.11004710240702       -1.00858187319776       -2.59833478869661
H           -1.65105271114268       -1.33888849842487       -1.78286246958105
H           -0.22208864024054       -2.30664517206295       -1.40255953706542
H           -2.22221713200813       -1.97092858720470        1.18595683492282
H           -4.65066729314747       -2.28460025690987        1.45928726161628
H           -6.22206058488538       -0.53788017389937        0.69672816253832
H           -5.34494418561928        1.52964804211917       -0.33259369653745
H           -2.91449115669617        1.84829605978492       -0.59616018978644
H            2.02039760799383       -1.51252539777767       -1.65771377227543
H            4.33928780408351       -0.86029601363340       -1.31910702182056
H            5.42108775315459        2.22795974638464        0.33546261312427
H            5.94649616679912        0.82547836381731       -0.61160430969530
H            5.69210787333782        0.67821611030296        1.12748749741411
H            3.09997367945083        2.30269212579454        1.26205414030635
H            0.74934517744458        1.64454013179607        0.92365908669565
31
 energy: -42.687775548309 gnorm: 0.000895449891 xtb: 6.7.1 (edcfbbe)
C           -0.56708583737500       -1.30877539295388       -1.66125908960433
C           -0.20557329431239       -0.34241074513504       -0.56471089678310
N           -1.05466955962132        0.19050483018104        0.21188593517380
C           -2.40803248285713       -0.04633262740007        0.26306680968010
C           -2.91494932149490       -1.21122538184423        0.84638112248686
C           -4.27687132739550       -1.37636183340906        1.00550715268565
C           -5.15819048043474       -0.39489625856468        0.58236182297313
C           -4.66280978292952        0.76420741925435        0.00556932024028
C           -3.30282861184436        0.94610373695328       -0.14650258735161
C            1.20662864621465        0.02464763328383       -0.38938644475424
C            2.23843513357546       -0.67154478224974       -1.01816717465132
C            3.55637681408123       -0.30362710329177       -0.82338291268537
C            3.89030660747890        0.76886082383352       -0.00488712500595
C            5.32062263603595        1.15434147685155        0.21547475447767
C            2.86043990568487        1.46307433935435        0.62407300379074
C            1.54358427998554        1.09785267764330        0.43889285047280
H           -0.11184933615859       -1.00504422734938       -2.60157212688225
H           -1.64836710248057       -1.34743573884975       -1.78240070087120
H           -0.21195773464514       -2.30760344714477       -1.40951128743582
H           -2.22560238286659       -1.97477695258561        1.17958624411891
H           -4.65415321244202       -2.28288868332500        1.45825185852732
H           -6.22309931978073       -0.53098604661845        0.70315892852752
H           -5.34391985145305        1.53513721406637       -0.32692830734653
H           -2.91334605217307        1.84853906906069       -0.59606142655334
H            2.02252986735898       -1.51408790688007       -1.65693509243242
H            4.34090218960008       -0.85972037916706       -1.31759628197116
H            5.41805168921252        2.23163917304891        0.33227109708607
H            5.94472716382926        0.82906218869284       -0.61380771219310
H            5.69427616247386        0.68367863932124        1.12601441420378
H            3.09809415568863        2.30007213052592        1.26566016925392
H            0.74833043914422        1.63999615469925        0.92692136902377
31
 energy: -42.687779060880 gnorm: 0.000554882617 xtb: 6.7.1 (edcfbbe)
C           -0.56468630917722       -1.31182435122371       -1.66333822343608
C           -0.20481374562871       -0.34658597035414       -0.56516913928786
N           -1.05495430409951        0.18699055012463        0.20984889919100
C           -2.40842114162357       -0.04776616328030        0.26109470880632
C           -2.91695486456802       -1.21263459750575        0.84319432115713
C           -4.27900798816739       -1.37477310930622        1.00461649142193
C           -5.15891320304270       -0.39046061262417        0.58503594018396
C           -4.66192314292294        0.76820469502035        0.00877753125145
C           -3.30180289810865        0.94722000553878       -0.14566628572745
C            1.20686791683690        0.02111342667570       -0.38847780388932
C            2.23974512506318       -0.67321225118831       -1.01774567279471
C            3.55712862303887       -0.30346356555384       -0.82299839576764
C            3.88976866260138        0.76917267840651       -0.00410103556971
C            5.31937344609119        1.15778501482361        0.21468476815492
C            2.85900807908044        1.46086200792112        0.62618535611998
C            1.54268067527001        1.09382348414479        0.44101907054317
H           -0.11413572138608       -1.00148869561870       -2.60409356847436
H           -1.64617132726811       -1.35612706040679       -1.78134962916433
H           -0.20246078402647       -2.30938365859133       -1.41673980836664
H           -2.22873590330323       -1.97832524741194        1.17386003959531
H           -4.65730400411412       -2.28116758333764        1.45681084573886
H           -6.22379348071282       -0.52392165159995        0.70828259231309
H           -5.34183080509050        1.54122180342207       -0.32144089079627
H           -2.91113952207715        1.84929370348939       -0.59482262799000
H            2.02501870776042       -1.51547049442954       -1.65726032832632
H            4.34232995788323       -0.85820921207352       -1.31774923440999
H            5.41454439509544        2.23542601515764        0.33015082318875
H            5.94344160558403        0.83290782812138       -0.61474071104778
H            5.69488585160251        0.68904876419250        1.12547504868995
H            3.09552124791593        2.29764532597109        1.26850129773944
H            0.74673485159318        1.63409892149819        0.93012330715380
31
 energy: -42.687781471825 gnorm: 0.000245036603 xtb: 6.7.1 (edcfbbe)
C           -0.56349630932981       -1.31500202347921       -1.66428454405806
C           -0.20421442550477       -0.35012833453128       -0.56549293919595
N           -1.05471090452860        0.18430662291547        0.20865027323027
C           -2.40826866038551       -0.04870553120271        0.26022689920169
C           -2.91827000284039       -1.21366728490845        0.84104341273771
C           -4.28050013380647       -1.37343668749747        1.00362702914456
C           -5.15907444649711       -0.38686455472210        0.58645856501667
C           -4.66053510981725        0.77162468882669        0.01127730547213
C           -3.30023559903370        0.94853827830022       -0.14419522972709
C            1.20703907562567        0.01765813961939       -0.38800705732707
C            2.24087516571591       -0.67431950889144       -1.01841101777405
C            3.55774792407124       -0.30263751188293       -0.82386479616909
C            3.88921695748703        0.76972739972063       -0.00412756954693
C            5.31804208056104        1.16059265674934        0.21473813423066
C            2.85754308100226        1.45909389529518        0.62734336208327
C            1.54188068787627        1.08998973248790        0.44261337938896
H           -0.11685020841644       -0.99975373358461       -2.60549764025307
H           -1.64515059622470       -1.36333361191964       -1.77953604925241
H           -0.19598754278736       -2.31157833394432       -1.42176626102629
H           -2.23094719277146       -1.98098522365468        1.16980469685764
H           -4.65966812441552       -2.27999754852785        1.45480129742847
H           -6.22399077305951       -0.51843794766085        0.71066720662383
H           -5.33917872949991        1.54660392991236       -0.31704547131999
H           -2.90834258905725        1.85055042721630       -0.59228859525679
H            2.02727498070995       -1.51606380782618       -1.65900032157929
H            4.34343163850964       -0.85582637132499       -1.31970520677294
H            5.41146569031381        2.23845093412015        0.32955395724897
H            5.94300315265671        0.83609972924563       -0.61411692387855
H            5.69392299766697        0.69315159259238        1.12608377355428
H            3.09296282597361        2.29576000916421        1.27023545500511
H            0.74501508990523        1.62858997939480        0.93218256211393
31
 energy: -42.687783378339 gnorm: 0.000395225792 xtb: 6.7.1 (edcfbbe)
C           -0.56311960898226       -1.31843093212042       -1.66429632428339
C           -0.20366286031351       -0.35363992422027       -0.56545380978464
N           -1.05402943265154        0.18192978691135        0.20812670461895
C           -2.40771789657731       -0.04944698437941        0.26005421522340
C           -2.91922095955125       -1.21455714788510        0.83933009242090
C           -4.28164696044912       -1.37241496157072        1.00210551562439
C           -5.15885789996355       -0.38381470773859        0.58684819807795
C           -4.65873647502111        0.77491909469656        0.01359988240130
C           -3.29821961466268        0.95001996264345       -0.14213578430677
C            1.20722854966225        0.01497712646371       -0.38857363247538
C            2.24185035883311       -0.67447786232996       -1.02042546599034
C            3.55830417304417       -0.30120438439501       -0.82570020761982
C            3.88864465002830        0.77026005018206       -0.00439604659672
C            5.31673170831466        1.16291701013974        0.21541979962422
C            2.85610926484667        1.45752682701708        0.62811791182432
C            1.54107686149019        1.08691325912983        0.44319716248675
H           -0.12008783706249       -1.00003317305564       -2.60625387422842
H           -1.64491527108377       -1.36990219036364       -1.77676397341238
H           -0.19156847686351       -2.31408292671537       -1.42462543454342
H           -2.23278863972816       -1.98321786501538        1.16677573872034
H           -4.66180894409196       -2.27907206280528        1.45226824188224
H           -6.22390306812140       -0.51391958702831        0.71118344125378
H           -5.33613411679181        1.55161516254729       -0.31326706809839
H           -2.90498745543356        1.85216169561167       -0.58873000354381
H            2.02930735522483       -1.51564913632461       -1.66216055828007
H            4.34441424133424       -0.85256786737164       -1.32296255857094
H            5.40874737506843        2.24094243234271        0.32989539548116
H            5.94312085254746        0.83873883890413       -0.61245830129191
H            5.69199515346401        0.69642547998978        1.12754325929820
H            3.09054697548448        2.29384034895311        1.27183309429303
H            0.74332799810578        1.62324463778887        0.93387207599605
31
 energy: -42.687785087067 gnorm: 0.000447388312 xtb: 6.7.1 (edcfbbe)
C           -0.56303640877367       -1.32232131705084       -1.66365994039776
C           -0.20323859719527       -0.35655114631937       -0.56583000071142
N           -1.05319977129477        0.17993859089684        0.20758976855093
C           -2.40699785158170       -0.05014292455283        0.26015808625448
C           -2.92009575686122       -1.21546585801906        0.83761367045404
C           -4.28274968198332       -1.37146715901754        1.00034341304964
C           -5.15850344055878       -0.38086607218013        0.58679245840068
C           -4.65671954703799        0.77823541234473        0.01574698007853
C           -3.29597650824869        0.95159030461502       -0.13972832176848
C            1.20752798640071        0.01258802960081       -0.38934826865473
C            2.24273975886616       -0.67404693180678       -1.02316867373604
C            3.55881937731019       -0.29908632551267       -0.82845158924274
C            3.88802834951572        0.77106789417179       -0.00507903739379
C            5.31548527011359        1.16498115349095        0.21643346004795
C            2.85475480308815        1.45592613811875        0.62898733166869
C            1.54032340694745        1.08371091670264        0.44405047716104
H           -0.12361201902437       -1.00223877082813       -2.60672166192010
H           -1.64498806556764       -1.37679826695935       -1.77314103820990
H           -0.18784839952890       -2.31693185374364       -1.42550810092985
H           -2.23469205774381       -1.98561643236811        1.16371315108559
H           -4.66421510622911       -2.27839798432919        1.44885992133091
H           -6.22375362258992       -0.50967846341316        0.71078720347537
H           -5.33287044531740        1.55679392367011       -0.30927043594529
H           -2.90126143790331        1.85407736970833       -0.58430963207408
H            2.03112121039996       -1.51405675855902       -1.66677664794773
H            4.34540133808968       -0.84845237111395       -1.32718607682894
H            5.40630775410100        2.24316350070520        0.33046559441653
H            5.94346875517153        0.84093277819869       -0.61026175645694
H            5.68969708572644        0.69943273877323        1.12950326337595
H            3.08831884643283        2.29151227642126        1.27395503455841
H            0.74176477537609        1.61816760835741        0.93540905450961
31
 energy: -42.687786533323 gnorm: 0.000292663434 xtb: 6.7.1 (edcfbbe)
C           -0.56286492297213       -1.32573893418830       -1.66269177509672
C           -0.20290894009011       -0.35878216742705       -0.56605217406032
N           -1.05258425533803        0.17841109141805        0.20718205363059
C           -2.40648576118780       -0.05078291310633        0.26021014262143
C           -2.92096872076435       -1.21633940690158        0.83586868482860
C           -4.28382183984026       -1.37086087863108        0.99840436176530
C           -5.15831616726584       -0.37847127000466        0.58652481952165
C           -4.65513123562685        0.78109431301444        0.01759482039883
C           -3.29421157724985        0.95288760333900       -0.13765667818356
C            1.20781529490022        0.01136609439076       -0.39031094595685
C            2.24332863733325       -0.67288769754342       -1.02605025711631
C            3.55918267096587       -0.29708201374064       -0.83091786031630
C            3.88758213981156        0.77153590611475       -0.00530279807383
C            5.31465818523125        1.16653286168141        0.21709128441325
C            2.85387085360740        1.45442691067784        0.63021055282705
C            1.53978323366212        1.08141312592861        0.44482485125923
H           -0.12616816188010       -1.00539838753910       -2.60685521912666
H           -1.64488481597035       -1.38259527143161       -1.76988887791154
H           -0.18509533023267       -2.31939948930517       -1.42473213806457
H           -2.23657549258505       -1.98783042150738        1.16092758567523
H           -4.66656932390100       -2.27789419030474        1.44560490357023
H           -6.22375927605968       -0.50622517464824        0.71024044790019
H           -5.33033041325238        1.56105225588995       -0.30597029789284
H           -2.89820927080934        1.85565484829839       -0.58055116935502
H            2.03231347841270       -1.51184126675190       -1.67124679110340
H            4.34612939311811       -0.84439064988219       -1.33131378315956
H            5.40466528872869        2.24489650208623        0.33028587217691
H            5.94370598422187        0.84218956285097       -0.60867464720633
H            5.68811661002457        0.70207565485550        1.13100496547613
H            3.08689830516165        2.28898974948917        1.27667878833934
H            0.74083542994615        1.61399365288037        0.93752896442038
31
 energy: -42.687788115399 gnorm: 0.000157363756 xtb: 6.7.1 (edcfbbe)
C           -0.56240903601234       -1.32935353076747       -1.66115724255044
C           -0.20263082714043       -0.36058633974674       -0.56616630085186
N           -1.05222165537284        0.17725961633078        0.20667030213999
C           -2.40619865958638       -0.05136017068287        0.26007178326465
C           -2.92202262310936       -1.21722192518197        0.83376184723935
C           -4.28506986233973       -1.37031619229543        0.99617626312573
C           -5.15834923506587       -0.37617522179694        0.58606200061927
C           -4.65383382772728        0.78387992810315        0.01920702805250
C           -3.29276561125154        0.95416882177952       -0.13578590881376
C            1.20808731952352        0.01054733086994       -0.39089756589619
C            2.24371756353057       -0.67117009529039       -1.02904688916022
C            3.55938270963518       -0.29450218209977       -0.83394243726381
C            3.88723631784868        0.77219274674670       -0.00567343650019
C            5.31409887239711        1.16786620461648        0.21736143905181
C            2.85333307601178        1.45265072033646        0.63212907993130
C            1.53945068505430        1.07901201521631        0.44644766672788
H           -0.12779278450132       -1.00982062440350       -2.60644617440871
H           -1.64443501741052       -1.38835242283511       -1.76662355855266
H           -0.18257786852786       -2.32199646760315       -1.42222462093252
H           -2.23872192978154       -1.99020754732116        1.15757871295636
H           -4.66914901607303       -2.27757464215919        1.44175562587050
H           -6.22396968215982       -0.50287421453797        0.70966257159856
H           -5.32817680833174        1.56526261155032       -0.30263183995685
H           -2.89550611168484        1.85727801661424       -0.57689472290523
H            2.03305372363893       -1.50853084192493       -1.67642439929803
H            4.34660796471540       -0.83975751196123       -1.33607924580497
H            5.40355223822562        2.24643606066473        0.32915389312905
H            5.94384025370268        0.84274355087631       -0.60756169838068
H            5.68702940113523        0.70485402226760        1.13220004015777
H            3.08604743867391        2.28579058349195        1.28052676444406
H            0.74039299208315        1.60985770114536        0.94075870916786
31
 energy: -42.687790134884 gnorm: 0.000335293844 xtb: 6.7.1 (edcfbbe)
C           -0.56147084549665       -1.33436751982336       -1.65838865143212
C           -0.20228998776117       -0.36261358805961       -0.56593627686747
N           -1.05208025448784        0.17627687224631        0.20594159506772
C           -2.40612387043612       -0.05179842824542        0.25962326085481
C           -2.92354311969918       -1.21827882446631        0.83046503527581
C           -4.28683532783022       -1.36970707561958        0.99275318226270
C           -5.15868652433817       -0.37326596886761        0.58529159181053
C           -4.65259417884851        0.78751463446516        0.02118114994718
C           -3.29136181000081        0.95603840783979       -0.13355422975426
C            1.20834581769560        0.00982685711766       -0.39123599190005
C            2.24397808012681       -0.66821673798338       -1.03325318760666
C            3.55945248431680       -0.29079172054789       -0.83818918571350
C            3.88695819333095        0.77295809061138       -0.00601663777373
C            5.31364518587988        1.16948064894742        0.21710911920341
C            2.85301955844438        1.44997766456145        0.63535113877463
C            1.53930490516807        1.07565469796475        0.44956467760616
H           -0.12882457352868       -1.01653808241521       -2.60506721231096
H           -1.64348142950448       -1.39584358680853       -1.76228075753394
H           -0.17935580562124       -2.32566450725801       -1.41729176426057
H           -2.24158009947819       -1.99316827247442        1.15256132258976
H           -4.67244225009483       -2.27737591757559        1.43616345982965
H           -6.22449705691402       -0.49871966714646        0.70878241628088
H           -5.32593116570772        1.57060844502536       -0.29851973986626
H           -2.89263585912102        1.85958743059021       -0.57246787756780
H            2.03356961845447       -1.50332009428134       -1.68360433962886
H            4.34681055950336       -0.83284677343719       -1.34355638025789
H            5.40270764654219        2.24836799416273        0.32644376678815
H            5.94397613199613        0.84268767679162       -0.60670503087705
H            5.68605307286366        0.70879606619556        1.13329200591238
H            3.08556181997894        2.28078894029145        1.28679147677690
H            0.74035108466725        1.60395233820117        0.94671975057100
31
 energy: -42.687792929503 gnorm: 0.000529122195 xtb: 6.7.1 (edcfbbe)
C           -0.55976173337309       -1.34310343489273       -1.65275237267715
C           -0.20168577083648       -0.36602928747588       -0.56471422101001
N           -1.05211913505916        0.17548263827513        0.20468663622111
C           -2.40623256673551       -0.05182056107906        0.25861166993727
C           -2.92601114473822       -1.21952220523542        0.82466410144644
C           -4.28966852401291       -1.36862956979751        0.98660106914224
C           -5.15944581948849       -0.36870346794118        0.58343748891449
C           -4.65102415282101        0.79341002494708        0.02398316237002
C           -3.28954314372937        0.95954351347207       -0.13019646039422
C            1.20867673337569        0.00845014355489       -0.39104133354920
C            2.24419018577766       -0.66290769300281       -1.04033666832275
C            3.55933716988880       -0.28383152383583       -0.84622249411413
C            3.88667044293337        0.77440317746923       -0.00695974911639
C            5.31309194884522        1.17208662909300        0.21610079520203
C            2.85288227679099        1.44483290349574        0.64162268186650
C            1.53942137889132        1.06941652354827        0.45599074658165
H           -0.12968536975971       -1.02858015889502       -2.60163775826950
H           -1.64170416689157       -1.40822067250220       -1.75471928965161
H           -0.17438004526934       -2.33216669752012       -1.40750923642923
H           -2.24597528059016       -1.99738946544301        1.14367716637941
H           -4.67736394454909       -2.27726494848625        1.42621179883520
H           -6.22550546342693       -0.49231559230670        0.70682576550168
H           -5.32282720132751        1.57930036947025       -0.29204525849292
H           -2.88871257195110        1.86399825864780       -0.56533827204244
H            2.03403347929508       -1.49363176198492       -1.69635819925383
H            4.34661964648243       -0.82046900877881       -1.35747066926551
H            5.40171038741972        2.25151005598813        0.32087502869038
H            5.94430611273134        0.84204105646352       -0.60573163527191
H            5.68461848026266        0.71563261960064        1.13473592878622
H            3.08533299312055        2.27153280237611        1.29833472944663
H            0.74075479884453        1.59294533277776        0.95864253473999
31
 energy: -42.687795183735 gnorm: 0.000563536194 xtb: 6.7.1 (edcfbbe)
C           -0.55742018794584       -1.35484674668853       -1.64463650649082
C           -0.20089521899799       -0.37052260603809       -0.56257730512591
N           -1.05244193038552        0.17536652118900        0.20266873012972
C           -2.40659597377743       -0.05096482147766        0.25677371276580
C           -2.92906769386890       -1.22051916714802        0.81649627851204
C           -4.29312696278757       -1.36704562979826        0.97810585747918
C           -5.16058387707604       -0.36280648250451        0.58075473641854
C           -4.64949989316597        0.80115588360991        0.02741617644157
C           -3.28772617514535        0.96473021919988       -0.12612854238821
C            1.20906163778786        0.00596374041767       -0.38988914902740
C            2.24429024283806       -0.65587819599352       -1.04956067095260
C            3.55902822631981       -0.27467370955245       -0.85683391746517
C            3.88645430224432        0.77601007985135       -0.00815849446470
C            5.31243019412616        1.17582040491283        0.21401100260426
C            2.85301670514344        1.43718704432354        0.65061239641265
C            1.53996454401787        1.05993532583532        0.46595583441361
H           -0.13070329185272       -1.04402347299131       -2.59628323912041
H           -1.63932569609087       -1.42474367944004       -1.74413344007380
H           -0.16737425852074       -2.34094633964720       -1.39437108558603
H           -2.25110311447666       -2.00177705371477        1.13163554819804
H           -4.68298941278629       -2.27707403171811        1.41293385145545
H           -6.22690447343514       -0.48444327895527        0.70381996346555
H           -5.31949034633864        1.59036798530727       -0.28414980394635
H           -2.88461553825518        1.87041454886857       -0.55656070416798
H            2.03439357244171       -1.48064351231474       -1.71315041116304
H            4.34586522981354       -0.80344735165053       -1.37704735936798
H            5.40024712552020        2.25602403683277        0.31212098941527
H            5.94474699724162        0.84115654952568       -0.60508855633004
H            5.68312207815950        0.72563851155431        1.13607428656140
H            3.08552992295372        2.25802418788352        1.31470192170813
H            0.74171326639880        1.57656104032364        0.97645558588962
31
 energy: -42.687796962160 gnorm: 0.000375662015 xtb: 6.7.1 (edcfbbe)
C           -0.55672304348892       -1.35761365310091       -1.64214402881020
C           -0.20070452102003       -0.37161886293810       -0.56141074522200
N           -1.05284423746176        0.17643579836665        0.20172735820483
C           -2.40695993166332       -0.04973130301915        0.25572197349284
C           -2.92951797210225       -1.21989030508242        0.81417340355114
C           -4.29355742016021       -1.36644965523588        0.97586706608202
C           -5.16099558163125       -0.36173193285090        0.57978395422147
C           -4.64984749106534        0.80272325891960        0.02767640195591
C           -3.28806626022762        0.96643504008220       -0.12586329074033
C            1.20910838794176        0.00479061800692       -0.38865609561285
C            2.24410758195085       -0.65437982501737       -1.05120162614817
C            3.55875637047804       -0.27248957534890       -0.85928436311215
C            3.88655805760039        0.77616750056638       -0.00845515142308
C            5.31235170195678        1.17699487925856        0.21251300562905
C            2.85345260646560        1.43431321867349        0.65375026221285
C            1.54052090229652        1.05654033322029        0.46975211867932
H           -0.13087383923329       -1.04700361981817       -2.59431307781821
H           -1.63860409317152       -1.42873990816103       -1.74113602582998
H           -0.16523458861611       -2.34294482647312       -1.39130348698126
H           -2.25151139545779       -2.00153236161251        1.12821352352753
H           -4.68326618585338       -2.27700952779298        1.40967364634629
H           -6.22727599396828       -0.48330695562628        0.70300923423915
H           -5.31972703964100        1.59248953142176       -0.28271962154714
H           -2.88503680359584        1.87256476854242       -0.55531692996466
H            2.03414004496398       -1.47743887770286       -1.71676513146407
H            4.34523547529284       -0.79932311642403       -1.38178429583696
H            5.39969907807046        2.25742812954312        0.30835013723073
H            5.94470303624408        0.84092981354524       -0.60593621436011
H            5.68340482482733        0.72904796604793        1.13549468499007
H            3.08620963886886        2.25348650369852        1.31970688354081
H            0.74249869150015        1.57085694631381        0.98284411716756
31
 energy: -42.687800505093 gnorm: 0.000280317630 xtb: 6.7.1 (edcfbbe)
C           -0.55572450252842       -1.36163598728767       -1.63815402528575
C           -0.20044642573285       -0.37339693322847       -0.55910446551891
N           -1.05381254223426        0.17978542659505        0.19915912048755
C           -2.40780888267155       -0.04613473662697        0.25287774606976
C           -2.92953845653830       -1.21753870993271        0.80996211651129
C           -4.29333520049092       -1.36509025214321        0.97241921062708
C           -5.16164698903770       -0.36027432352001        0.57829480377203
C           -4.65137298997715        0.80509597757909        0.02752576203964
C           -3.28968455077198        0.97005898747671       -0.12662884788666
C            1.20926976249913        0.00146217513915       -0.38520353125720
C            2.24387578221113       -0.65332736296499       -1.05263697484996
C            3.55840745625027       -0.27010293847035       -0.86240822061462
C            3.88689171532610        0.77565698153560       -0.00848055742988
C            5.31217046935833        1.17970103281836        0.20887635266617
C            2.85440575911919        1.42821389047701        0.66030506291338
C            1.54179160592196        1.04900635497512        0.47822431264411
H           -0.13274251883250       -1.04900912411304       -2.59118635713519
H           -1.63762531361940       -1.43586846224070       -1.73537848375643
H           -0.16024348762076       -2.34560852294117       -1.38860240208545
H           -2.25052380395702       -1.99881436922026        1.12265550913181
H           -4.68174725480898       -2.27655247883881        1.40548162467155
H           -6.22774118965545       -0.48256667604413        0.70193622629589
H           -5.32169067128675        1.59489500276342       -0.28183635380414
H           -2.88782127945757        1.87698285806678       -0.55534013787412
H            2.03384284454697       -1.47359616039365       -1.72151801593769
H            4.34415152667555       -0.79344513252071       -1.38944755769517
H            5.39767189576373        2.26076633665672        0.29947484497784
H            5.94415316467475        0.84100064865112       -0.60871086016037
H            5.68513029978582        0.73697721867894        1.13364507771777
H            3.08766359323749        2.24445540445612        1.32963006757489
H            0.74408018395090        1.55890387461997        0.99613663939110
31
 energy: -42.687801860178 gnorm: 0.000465856320 xtb: 6.7.1 (edcfbbe)
C           -0.55519124156113       -1.36577987496506       -1.63404201142378
C           -0.20027387495529       -0.37486629906544       -0.55720220305843
N           -1.05436167050932        0.18267674134868        0.19726693433806
C           -2.40829873524408       -0.04318971617351        0.25087953270982
C           -2.92959807046410       -1.21559224705314        0.80652442139142
C           -4.29325849064392       -1.36384461356156        0.96912359065637
C           -5.16199279309957       -0.35889075471664        0.57623243269674
C           -4.65220141589758        0.80735642574092        0.02689460554521
C           -3.29055720047458        0.97323079306678       -0.12703839776537
C            1.20951582331543       -0.00087019392146       -0.38280237585546
C            2.24363820187148       -0.65143629497526       -1.05529432840303
C            3.55809766961880       -0.26723979163227       -0.86635346080991
C            3.88709581116531        0.77510643946132       -0.00839605247910
C            5.31197397536168        1.18204764451567        0.20598623885507
C            2.85523965869424        1.42241731928461        0.66677347953423
C            1.54280792061562        1.04243385941896        0.48573748372681
H           -0.13532579778588       -1.05262007690307       -2.58836568476712
H           -1.63706835871164       -1.44306575681726       -1.72903844635302
H           -0.15615201685599       -2.34830215683379       -1.38457549011074
H           -2.25009277727319       -1.99699704822047        1.11793951967123
H           -4.68114295812983       -2.27614590358384        1.40096843759901
H           -6.22799739277681       -0.48167324181330        0.69999531361950
H           -5.32283114733549        1.59758687738825       -0.28089624137666
H           -2.88922179860896        1.88102799219783       -0.55442327269706
H            2.03344318157298       -1.46886930297928       -1.72767621809306
H            4.34325171616539       -0.78716874017609       -1.39779533987760
H            5.39578811969233        2.26372377647513        0.29145678027624
H            5.94377298226549        0.84067526837428       -0.61063673784179
H            5.68642911391898        0.74441157478472        1.13257691783948
H            3.08902522520641        2.23555004839342        1.33979527416003
H            0.74548634096297        1.54830725294323        1.00835298449320
31
 energy: -42.687802655181 gnorm: 0.000332290988 xtb: 6.7.1 (edcfbbe)
C           -0.55531775257088       -1.36754585682824       -1.63179011918129
C           -0.20031615230186       -0.37506258950574       -0.55643323768880
N           -1.05448858938685        0.18443778883328        0.19648239972899
C           -2.40841984450576       -0.04165575619567        0.24999688881642
C           -2.92934849912440       -1.21447626571824        0.80513560013110
C           -4.29295244616028       -1.36333653885411        0.96750043284425
C           -5.16198282198688       -0.35846976441502        0.57494547706361
C           -4.65256444017716        0.80831054719859        0.02633435993012
C           -3.29095925928187        0.97471904417834       -0.12740546647754
C            1.20965121298277       -0.00165204469160       -0.38178325241838
C            2.24334239792336       -0.65021696858077       -1.05679002944629
C            3.55783605043817       -0.26580651142696       -0.86836759790576
C            3.88720873926243        0.77464428950503       -0.00832670128397
C            5.31190945434378        1.18298372418448        0.20465323136023
C            2.85586714516452        1.41931713028267        0.67007973999816
C            1.54343844481980        1.03916856682052        0.48951708218475
H           -0.13770038035472       -1.05431498051478       -2.58704629532382
H           -1.63719589165717       -1.44674547567641       -1.72495548121462
H           -0.15409667245752       -2.34916731678484       -1.38232119331262
H           -2.24954700686161       -1.99555619296699        1.11668693432406
H           -4.68061799637213       -2.27580646387252        1.39917220037039
H           -6.22797603184353       -0.48185403316817        0.69825287609464
H           -5.32354356182337        1.59813878750867       -0.28160606954951
H           -2.88989013252227        1.88279332061497       -0.55445261036418
H            2.03283616725672       -1.46591276329423       -1.73119246784858
H            4.34263089513121       -0.78386710796882       -1.40216641447922
H            5.39476804817010        2.26497380731485        0.28704870034437
H            5.94364319440250        0.84002822308302       -0.61134825889386
H            5.68712860701007        0.74835205535615        1.13229536112111
H            3.09013877991557        2.23043119298275        1.34536695685684
H            0.74651834266706        1.54314815260218        1.01448464041970
31
 energy: -42.687803696832 gnorm: 0.000108972419 xtb: 6.7.1 (edcfbbe)
C           -0.55580859846153       -1.36899460464006       -1.62941945992531
C           -0.20046441363489       -0.37490534000055       -0.55575711255674
N           -1.05440973621291        0.18618602061557        0.19621754001751
C           -2.40837679293936       -0.04031208594329        0.24973719921520
C           -2.92896953365432       -1.21320874430851        0.80490636511503
C           -4.29257893308165       -1.36271878875019        0.96657713386786
C           -5.16181669073374       -0.35839368803036        0.57316103172174
C           -4.65271329403569        0.80864061850635        0.02471219059576
C           -3.29112211323123        0.97566721122483       -0.12817702568582
C            1.20978179229155       -0.00177774937423       -0.38133868607754
C            2.24290940294205       -0.64829226754062       -1.05910368352820
C            3.55752549331080       -0.26407995818958       -0.87085904365125
C            3.88734343565172        0.77403784350197       -0.00821074917319
C            5.31194113303880        1.18347257844969        0.20374574616784
C            2.85659843763761        1.41620296523640        0.67338026284498
C            1.54405040395602        1.03633795129309        0.49288934280497
H           -0.14134733816976       -1.05582425742998       -2.58598948106334
H           -1.63769970517340       -1.45063386673345       -1.71986512076574
H           -0.15185360292667       -2.34950472854369       -1.38002237044007
H           -2.24899030299643       -1.99394539156449        1.11698861695164
H           -4.68028070990701       -2.27526628650699        1.39804051806419
H           -6.22785665237245       -0.48239465099674        0.69576933331685
H           -5.32407281468112        1.59809386690871       -0.28337234011645
H           -2.89009262957002        1.88392125908669       -0.55492606657236
H            2.03190447015581       -1.46209682049450       -1.73560081513735
H            4.34196168799141       -0.78027413358084       -1.40693659544689
H            5.39400915525303        2.26578276916591        0.28273396860337
H            5.94383794636164        0.83855454699040       -0.61131178295149
H            5.68744541311683        0.75205937146917        1.13268200127237
H            3.09146613189999        2.22512111844917        1.35103735055054
H            0.74767895827468        1.53854524173250        1.02027941818217
31
 energy: -42.687804906492 gnorm: 0.000340137983 xtb: 6.7.1 (edcfbbe)
C           -0.55639060705132       -1.37055619433193       -1.62651392585412
C           -0.20063219280167       -0.37462716550017       -0.55483077526155
N           -1.05428843773642        0.18779856425678        0.19650773374987
C           -2.40831658550074       -0.03917448017065        0.24992368954081
C           -2.92876389821242       -1.21184889086974        0.80553736493447
C           -4.29245554113736       -1.36198914258285        0.96592888131511
C           -5.16174540331039       -0.35835700527786        0.57091740837668
C           -4.65274332030897        0.80875499978170        0.02243260026450
C           -3.29111898997292        0.97625695647548       -0.12928006377583
C            1.20989348982887       -0.00155733900400       -0.38098456896903
C            2.24230219223404       -0.64534812012275       -1.06242271285986
C            3.55708491971854       -0.26142414702891       -0.87447776751180
C            3.88756313562024        0.77358100314954       -0.00838248132222
C            5.31216547237624        1.18354125400017        0.20301583530851
C            2.85752331992046        1.41279509981085        0.67709009490501
C            1.54480086645854        1.03335161213967        0.49671396126515
H           -0.14633634876229       -1.05702303167749       -2.58477869312233
H           -1.63827865493316       -1.45569085257255       -1.71323765905572
H           -0.14852819362759       -2.34957150118191       -1.37766318564867
H           -2.24874788414263       -1.99198772560976        1.11901826933523
H           -4.68034604668720       -2.27427371280390        1.39772140358827
H           -6.22789399932810       -0.48299491572866        0.69228107753544
H           -5.32436271731644        1.59743795529207       -0.28691444033616
H           -2.88993506308047        1.88436283844915       -0.55622149128399
H            2.03060553902152       -1.45644136622356       -1.74198120606383
H            4.34107440451655       -0.77532583221104       -1.41337042489738
H            5.39397538293458        2.26620726726406        0.27778928198926
H            5.94452790621129        0.83568820991651       -0.61044829730042
H            5.68716048532997        0.75592458067526        1.13386125892732
H            3.09310585086864        2.21905559751344        1.35764155542810
H            0.74910091897040        1.53343548417545        1.02709496299948
31
 energy: -42.687806367051 gnorm: 0.000517497407 xtb: 6.7.1 (edcfbbe)
C           -0.55690863438888       -1.37196341630166       -1.62341391726278
C           -0.20078105069410       -0.37427452976358       -0.55359717388395
N           -1.05422332719788        0.18923581269038        0.19720931315810
C           -2.40831083697547       -0.03821166732289        0.25037420643057
C           -2.92868657811995       -1.21021485548156        0.80735828045614
C           -4.29250473789832       -1.36091178546200        0.96628177090407
C           -5.16185904299936       -0.35846023801585        0.56844901694802
C           -4.65289129709880        0.80819132540184        0.01891529599099
C           -3.29118512208011        0.97622273151972       -0.13131415760717
C            1.20992048827628       -0.00104901539953       -0.38061898579584
C            2.24145981819194       -0.64152028338071       -1.06644202829255
C            3.55644402010159       -0.25808494537539       -0.87875517386238
C            3.88787816919195        0.77318312446039       -0.00863137965379
C            5.31257284705718        1.18314542800684        0.20244455437166
C            2.85867094423384        1.40927538905198        0.68098587829804
C            1.54577221940755        1.03024282691681        0.50095873674259
H           -0.15238346988259       -1.05697670306562       -2.58353744404653
H           -1.63877717806123       -1.46160132154967       -1.70557648631146
H           -0.14382965846686       -2.34917301345891       -1.37607385600530
H           -2.24863267622139       -1.98953072152798        1.12285412314932
H           -4.68053843809208       -2.27280701061261        1.39876513348647
H           -6.22812480914669       -0.48367443972591        0.68840111306541
H           -5.32468467539703        1.59603462416822       -0.29222829312181
H           -2.88985964763711        1.88395341416836       -0.55894830541784
H            2.02896472951595       -1.44952304176883       -1.74937978287839
H            4.33981219061232       -0.76924879739330       -1.42117287935806
H            5.39481820537438        2.26616151078381        0.27216976161654
H            5.94560536979181        0.83129995977894       -0.60877660911572
H            5.68631514099469        0.75986976454045        1.13574527944969
H            3.09510345636366        2.21258110968186        1.36471897495340
H            0.75084358134450        1.52782876443880        1.03480271979281
31
 energy: -42.687808524607 gnorm: 0.000559627802 xtb: 6.7.1 (edcfbbe)
C           -0.55740267135729       -1.37399161495246       -1.61848798430962
C           -0.20094577888174       -0.37372888681549       -0.55122054255127
N           -1.05431957562246        0.19114058105700        0.19875082210678
C           -2.40847134473774       -0.03693557310966        0.25134328332881
C           -2.92886710509388       -1.20745142265705        0.81136827977039
C           -4.29290513752123       -1.35900025596418        0.96769372274311
C           -5.16234975001605       -0.35874127082176        0.56455172529639
C           -4.65330286313260        0.80671637697010        0.01254406946949
C           -3.29144113557247        0.97548747135788       -0.13540713872466
C            1.20986454176431       -0.00011634124743       -0.37975377322960
C            2.23995487630968       -0.63466300101111       -1.07331012094752
C            3.55525077969702       -0.25180888786498       -0.88646702486684
C            3.88849665376932        0.77289832024013       -0.00932915566454
C            5.31346772795911        1.18196381017187        0.20168207645606
C            2.86065320682217        1.40367445431199        0.68742605200785
C            1.54748003623640        1.02531697503178        0.50807969389619
H           -0.16208676631832       -1.05577307964537       -2.58143905045809
H           -1.63913628826695       -1.47128217075636       -1.69324636746121
H           -0.13541795412758       -2.34817714580361       -1.37439261732672
H           -2.24875871072208       -1.98510825302664        1.13087354774589
H           -4.68101088156614       -2.26979779706420        1.40239581720523
H           -6.22877987530340       -0.48469707920822        0.68231352432362
H           -5.32519988773000        1.59285539681030       -0.30267288689446
H           -2.88999018280522        1.88211310639004       -0.56524372111331
H            2.02616453133760       -1.43731116810690       -1.76214590552757
H            4.33740543236645       -0.75857722781435       -1.43472340112556
H            5.39727992291151        2.26545173514264        0.26300245514412
H            5.94777956105448        0.82285272393394       -0.60536203452684
H            5.68431928385475        0.76573662822257        1.13929885802419
H            3.09850084586585        2.20228175792617        1.37616976967530
H            0.75376850892629        1.51867183830578        1.04767571373466
31
 energy: -42.687810132031 gnorm: 0.000379778827 xtb: 6.7.1 (edcfbbe)
C           -0.55755482371240       -1.37460035719031       -1.61552145842545
C           -0.20099522221191       -0.37319213317403       -0.54929514912442
N           -1.05457912126027        0.19215149000478        0.20013293105217
C           -2.40873431798792       -0.03629905138184        0.25213594403985
C           -2.92907752616061       -1.20506333336187        0.81594171687843
C           -4.29324667780012       -1.35716880706540        0.97063194768943
C           -5.16293072142719       -0.35924500614490        0.56220517853566
C           -4.65392490941848        0.80449734819470        0.00664369614972
C           -3.29194302406401        0.97389946924052       -0.13981906688368
C            1.20971747472071        0.00079177773446       -0.37901034890429
C            2.23869948171042       -0.62940353124467       -1.07807824663332
C            3.55421924613378       -0.24709997353119       -0.89183777318220
C            3.88903276657787        0.77274534981542       -0.00978295149555
C            5.31431831335450        1.18050043708539        0.20135476117629
C            2.86224046405995        1.39992592622102        0.69178986725951
C            1.54887540215417        1.02206222498103        0.51311695149536
H           -0.16891637367361       -1.05289003629694       -2.58008508203104
H           -1.63907215383229       -1.47745620033200       -1.68509614913891
H           -0.12891073364712       -2.34664919435928       -1.37488083891158
H           -2.24878990331323       -1.98105529406967        1.13913707570398
H           -4.68113977980985       -2.26694982384862        1.40770059914358
H           -6.22943606504051       -0.48576901170750        0.67839161389130
H           -5.32586741952395        1.58898332265650       -0.31264931491496
H           -2.89067465869395        1.87930590228837       -0.57238352451187
H            2.02395244063383       -1.42806044700381       -1.77117254267444
H            4.33529179778917       -0.75042275484401       -1.44485964387713
H            5.40008467625678        2.26421732928881        0.25626157587687
H            5.94951098927737        0.81546593788510       -0.60227641134171
H            5.68262116295269        0.76946243644259        1.14224742320699
H            3.10122958739105        2.19501905920951        1.38423321876884
H            0.75599962866487        1.51229694451021        1.05679168738280
31
 energy: -42.687811283410 gnorm: 0.000163921342 xtb: 6.7.1 (edcfbbe)
C           -0.55741044267831       -1.37415719502309       -1.61485718019623
C           -0.20096298059979       -0.37279929409303       -0.54840664499565
N           -1.05486119818824        0.19208915086362        0.20099110636183
C           -2.40897860900148       -0.03639705183420        0.25264327688253
C           -2.92934750906683       -1.20358269916867        0.81981286999521
C           -4.29356762712365       -1.35585135414058        0.97375954062730
C           -5.16341618459600       -0.35967214442207        0.56144789563057
C           -4.65439822874239        0.80241591312181        0.00254914715040
C           -3.29235050715540        0.97201242983608       -0.14342796520218
C            1.20958500934197        0.00133638029371       -0.37855889819521
C            2.23800680790126       -0.62626103272708       -1.08077938188277
C            3.55362530536742       -0.24415777089872       -0.89493525435410
C            3.88937762949457        0.77277270895077       -0.00995149896111
C            5.31489584051497        1.17935586233340        0.20145360475973
C            2.86310534691078        1.39791554720943        0.69429714323653
C            1.54966037388169        1.02036489631860        0.51590141901615
H           -0.17205818252178       -1.04976059104842       -2.57986568278781
H           -1.63875316628722       -1.47983198266061       -1.68200714036468
H           -0.12536275450771       -2.34521824998712       -1.37680507166710
H           -2.24893481537005       -1.97820548718379        1.14595325064699
H           -4.68118547394109       -2.26436316969247        1.41370020128396
H           -6.22992885481299       -0.48620665041410        0.67728687919047
H           -5.32626730779597        1.58559764560785       -0.32011329065539
H           -2.89132852922920        1.87613458220096       -0.57885646226026
H            2.02285424559626       -1.42292995876422       -1.77590925932633
H            4.33401848552344       -0.74589870181943       -1.45016079310511
H            5.40220404381740        2.26310670297256        0.25284147029286
H            5.95056027973017        0.81072779984608       -0.60008641273193
H            5.68141485337246        0.77107977095063        1.14420694012559
H            3.10265165223537        2.19141115186257        1.38829800295257
H            0.75715249803011        1.50897279151185        1.06154587473341
31
 energy: -42.687811840841 gnorm: 0.000116671910 xtb: 6.7.1 (edcfbbe)
C           -0.55728002148677       -1.37422191081077       -1.61560545499587
C           -0.20087131152968       -0.37310693824038       -0.54884303833488
N           -1.05486174690028        0.19177532603138        0.20046137404229
C           -2.40895090365654       -0.03659164862106        0.25225473302119
C           -2.92931437200393       -1.20339239203426        0.82023651699450
C           -4.29349793915068       -1.35533753451976        0.97480642228676
C           -5.16334490704343       -0.35928431874533        0.56221015111385
C           -4.65434144956357        0.80234873060218        0.00237531742968
C           -3.29231638836463        0.97167550153559       -0.14415278131175
C            1.20962679482644        0.00097323733572       -0.37871078942747
C            2.23821147159617       -0.62645828815753       -1.08084832289099
C            3.55375394946718       -0.24415127266081       -0.89486049652451
C            3.88926961762904        0.77279546002494       -0.00980754256476
C            5.31467395931841        1.17966721865802        0.20171487311909
C            2.86285311970049        1.39764756409321        0.69449976747111
C            1.54949924987545        1.01991418261991        0.51595711121669
H           -0.17106704454133       -1.04996465475570       -2.58040333060739
H           -1.63874818195276       -1.47920345432553       -1.68346077505142
H           -0.12596173964022       -2.34560875398532       -1.37723691476543
H           -2.24890224515521       -1.97794255621780        1.14652676047933
H           -4.68109635268277       -2.26361477109275        1.41525868343456
H           -6.22982743186233       -0.48562419974588        0.67843846202368
H           -5.32617322240128        1.58545157877845       -0.32051056163322
H           -2.89132557842026        1.87552490411328       -0.58016408611533
H            2.02323160180962       -1.42291069211114       -1.77636649132483
H            4.33423844274166       -0.74549795395694       -1.45040819605371
H            5.40171487654565        2.26346216925938        0.25293369399457
H            5.95049813826352        0.81104382944334       -0.59971445175970
H            5.68117976866901        0.77163676548293        1.14460742309171
H            3.10226505709827        2.19084463104329        1.38896205638476
H            0.75686478891452        1.50815024096166        1.06181757345772
31
 energy: -42.687813106097 gnorm: 0.000212646720 xtb: 6.7.1 (edcfbbe)
C           -0.55688017793635       -1.37415249588469       -1.61792281842858
C           -0.20065712294591       -0.37378229823572       -0.55031027345525
N           -1.05487165664763        0.19073512194790        0.19897625066039
C           -2.40890198261589       -0.03717675944324        0.25122600405098
C           -2.92920255403057       -1.20294867292364        0.82141225236227
C           -4.29328017048203       -1.35408811038407        0.97760471684412
C           -5.16316516193779       -0.35832624685379        0.56438957542952
C           -4.65425326289994        0.80211028123937        0.00202267712873
C           -3.29229936175527        0.97068760547277       -0.14612850019660
C            1.20972947555334        0.00011190524354       -0.37931722151089
C            2.23875207400965       -0.62677765661673       -1.08128126417393
C            3.55411072090159       -0.24404736524287       -0.89473311273353
C            3.88899999057342        0.77272547342806       -0.00926115416906
C            5.31408239471473        1.18052569011960        0.20249555621111
C            2.86217688142341        1.39668280754697        0.69527513854498
C            1.54905250696320        1.01855952088825        0.51617731294004
H           -0.16800840077986       -1.05059295432963       -2.58196349540798
H           -1.63852912808385       -1.47692290514724       -1.68802008205067
H           -0.12803771235668       -2.34649835286290       -1.37865275167801
H           -2.24875311356345       -1.97725913219152        1.14816256663816
H           -4.68075210245298       -2.26148415226298        1.41999822963414
H           -6.22955311224119       -0.48397960267949        0.68211768579656
H           -5.32603832327645        1.58495229707940       -0.32154848616926
H           -2.89145159087896        1.87367559951314       -0.58405072314804
H            2.02433560962636       -1.42328097645139       -1.77702085099176
H            4.33492179833019       -0.74499897810969       -1.45028860998862
H            5.40042019952928        2.26443569724582        0.25289302245415
H            5.95043852368816        0.81166561457582       -0.59841033464096
H            5.68048404306320        0.77350701928824        1.14589013956753
H            3.10110459092523        2.18968495129174        1.39021141725840
H            0.75602612568278        1.50625707474132        1.06202481942230
31
 energy: -42.687814297903 gnorm: 0.000159467831 xtb: 6.7.1 (edcfbbe)
C           -0.55631170588706       -1.37388842379756       -1.62140322794989
C           -0.20040739202799       -0.37465064449127       -0.55267273979027
N           -1.05483266806829        0.18897128076986        0.19692113123953
C           -2.40882921983723       -0.03818226424122        0.24981996861683
C           -2.92906667554632       -1.20236287261411        0.82335796287147
C           -4.29299292119623       -1.35226583035630        0.98190977985287
C           -5.16288728029629       -0.35693334410700        0.56763772898485
C           -4.65408895817796        0.80165472853763        0.00136741868155
C           -3.29224023187261        0.96907158674769       -0.14912604421726
C            1.20987614643579       -0.00094244329622       -0.38043963594823
C            2.23954127707722       -0.62721735415223       -1.08195444966754
C            3.55465860524027       -0.24397671144829       -0.89448666659922
C            3.88861600892892        0.77256913756030       -0.00842533031562
C            5.31325926645298        1.18166191693238        0.20380779964863
C            2.86115967903443        1.39545437082356        0.69616526720454
C            1.54832483110541        1.01690996742120        0.51607541466676
H           -0.16378753573163       -1.05162874024255       -2.58430923622288
H           -1.63798513150104       -1.47362089981905       -1.69449937407988
H           -0.13100160974505       -2.34743129501409       -1.38088161560696
H           -2.24858925800505       -1.97630224262790        1.15093006942787
H           -4.68034690458010       -2.25833036836708        1.42712896267924
H           -6.22916614573095       -0.48150515257301        0.68757407432842
H           -5.32584319433086        1.58411485924379       -0.32324385658221
H           -2.89154827876008        1.87076323093637       -0.58989143022087
H            2.02583440448320       -1.42343166110535       -1.77819061307006
H            4.33593945182094       -0.74419121805968       -1.44997493643543
H            5.39867155751458        2.26572240019840        0.25261677296265
H            5.95049342078227        0.81218027093770       -0.59609191603464
H            5.67931819651486        0.77644664817502        1.14808552945440
H            3.09940902040577        2.18777379819019        1.39205365254332
H            0.75482324559785        1.50356726984114        1.06210722577829
31
 energy: -42.687814764071 gnorm: 0.000111180225 xtb: 6.7.1 (edcfbbe)
C           -0.55601272664337       -1.37360863217903       -1.62382010127237
C           -0.20026362167847       -0.37516001520647       -0.55434193890834
N           -1.05471255366107        0.18754696602219        0.19583882574789
C           -2.40872726823685       -0.03905061939556        0.24912044265553
C           -2.92902080524689       -1.20200962160680        0.82507046030624
C           -4.29287530807084       -1.35103381158373        0.98499013605393
C           -5.16266653210750       -0.35602686006698        0.56972713989371
C           -4.65383664187292        0.80121495721409        0.00076656687465
C           -3.29204531550124        0.96774516262595       -0.15120249957265
C            1.20997569094772       -0.00141687337953       -0.38140380230198
C            2.24002519470693       -0.62714154134580       -1.08282235114123
C            3.55499514142198       -0.24369931097415       -0.89460161354819
C            3.88833308000986        0.77247720262146       -0.00787916901661
C            5.31271337996530        1.18223334620491        0.20489464540824
C            2.86049334811668        1.39456110390892        0.69686789798851
C            1.54782639883433        1.01582356812325        0.51601658981749
H           -0.16144236987560       -1.05204669537278       -2.58609889297717
H           -1.63773043543418       -1.47167568991057       -1.69850659944893
H           -0.13257952171898       -2.34781351485885       -1.38255435296597
H           -2.24859804282932       -1.97565562343119        1.15344344428762
H           -4.68026001360391       -2.25605370532332        1.43228809096342
H           -6.22888517694079       -0.47978008118238        0.69103079969717
H           -5.32553730389878        1.58331955547925       -0.32482517053079
H           -2.89135623881837        1.86842689636740       -0.59403874972732
H            2.02674542332493       -1.42324723336278       -1.77930741250095
H            4.33666810547789       -0.74356594824662       -1.44983242087981
H            5.39762428602149        2.26639868990725        0.25249170284799
H            5.95061197906977        0.81212550172768       -0.59418717549750
H            5.67829735636091        0.77829239088257        1.14988838545744
H            3.09826778644874        2.18666417000064        1.39314466266677
H            0.75397270553230        1.50215626634331        1.06181014582350
31
 energy: -42.687814825427 gnorm: 0.000126674528 xtb: 6.7.1 (edcfbbe)
C           -0.55571374739967       -1.37332884056050       -1.62623697459486
C           -0.20011985132895       -0.37566938592167       -0.55601113802642
N           -1.05459243925385        0.18612265127451        0.19475652025625
C           -2.40862531663647       -0.03991897454989        0.24842091669423
C           -2.92897493494746       -1.20165637059949        0.82678295774102
C           -4.29275769494546       -1.34980179281116        0.98807049225500
C           -5.16244578391870       -0.35512037602696        0.57181655080257
C           -4.65358432556788        0.80077518589054        0.00016571506775
C           -3.29185039912987        0.96641873850422       -0.15327895492805
C            1.21007523545965       -0.00189130346284       -0.38236796865573
C            2.24050911233664       -0.62706572853936       -1.08369025261491
C            3.55533167760369       -0.24342191050001       -0.89471656049716
C            3.88805015109081        0.77238526768261       -0.00733300771760
C            5.31216749347763        1.18280477547744        0.20598149116784
C            2.85982701719892        1.39366783699427        0.69757052877247
C            1.54732796656325        1.01473716882529        0.51595776496822
H           -0.15909720401958       -1.05246465050301       -2.58788854973145
H           -1.63747573936733       -1.46973048000209       -1.70251382481798
H           -0.13415743369291       -2.34819573470361       -1.38422709032499
H           -2.24860682765358       -1.97500900423448        1.15595681914736
H           -4.68017312262773       -2.25377704227956        1.43744721924759
H           -6.22860420815064       -0.47805500979174        0.69448752506592
H           -5.32523141346670        1.58252425171471       -0.32640648447937
H           -2.89116419887666        1.86609056179842       -0.59818606923377
H            2.02765644216666       -1.42306280562021       -1.78042421193183
H            4.33739675913484       -0.74294067843356       -1.44968990532420
H            5.39657701452839        2.26707497961610        0.25236663273332
H            5.95073053735728        0.81207073251766       -0.59228243496036
H            5.67727651620695        0.78013813359013        1.15169124146048
H            3.09712655249171        2.18555454181108        1.39423567279022
H            0.75312216546675        1.50074526284548        1.06151306586871
