state_time_s,pre_midpoint_v,post_midpoint_v,junction_midpoint_v,state
5e-05,0,0,0,0.5
0.0001,0,0,0,0.5
0.00015,0,0,0,0.5
0.0002,0,0,0,0.5
0.00025,0,0,0,0.5
0.0003,0,0,0,0.5
0.00035,0,0,0,0.5
0.0004,0,0,0,0.5
0.00045,0,0,0,0.5
0.0005,0,0,0,0.5
0.00055,0,0,0,0.5
0.0006,0,0,0,0.5
0.00065,0,0,0,0.5
0.0007,0,0,0,0.5
0.00075,0,0,0,0.5
0.0008,0,0,0,0.5
0.00085,0,0,0,0.5
0.0009,0,0,0,0.5
0.00095,0,0,0,0.5
0.001,0,0,0,0.5
0.00105,0,0,0,0.5
0.0011,0,0,0,0.5
0.00115,0,0,0,0.5
0.0012,0,0,0,0.5
0.00125,0,0,0,0.5
0.0013,0,0,0,0.5
0.00135,0,0,0,0.5
0.0014,0,0,0,0.5
0.00145,0,0,0,0.5
0.0015,0,0,0,0.5
0.00155,0,0,0,0.5
0.0016,0,0,0,0.5
0.00165,0,0,0,0.5
0.0017,0,0,0,0.5
0.00175,0,0,0,0.5
0.0018,0,0,0,0.5
0.00185,0,0,0,0.5
0.0019,0,0,0,0.5
0.00195,0,0,0,0.5
0.002,0,0,0,0.5
0.00205,0,0,0,0.5
0.0021,0,0,0,0.5
0.00215,0,0,0,0.5
0.0022,0,0,0,0.5
0.00225,0,0,0,0.5
0.0023,0,0,0,0.5
0.00235,0,0,0,0.5
0.0024,0,0,0,0.5
0.00245,0,0,0,0.5
0.0025,0,0,0,0.5
0.00255,0,0,0,0.5
0.0026,0,0,0,0.5
0.00265,0,0,0,0.5
0.0027,0,0,0,0.5
0.00275,0,0,0,0.5
0.0028,0,0,0,0.5
0.00285,0,0,0,0.5
0.0029,0,0,0,0.5
0.00295,0,0,0,0.5
0.003,0,0,0,0.5
0.00305,0,0,0,0.5
0.0031,0,0,0,0.5
0.00315,0,0,0,0.5
0.0032,0,0,0,0.5
0.00325,0,0,0,0.5
0.0033,0,0,0,0.5
0.00335,0,0,0,0.5
0.0034,0,0,0,0.5
0.00345,0,0,0,0.5
0.0035,0,0,0,0.5
0.00355,0,0,0,0.5
0.0036,0,0,0,0.5
0.00365,0,0,0,0.5
0.0037,0,0,0,0.5
0.00375,0,0,0,0.5
0.0038,0,0,0,0.5
0.00385,0,0,0,0.5
0.0039,0,0,0,0.5
0.00395,0,0,0,0.5
0.004,0,0,0,0.5
0.00405,0,0,0,0.5
0.0041,0,0,0,0.5
0.00415,0,0,0,0.5
0.0042,0,0,0,0.5
0.00425,0,0,0,0.5
0.0043,0,0,0,0.5
0.00435,0,0,0,0.5
0.0044,0,0,0,0.5
0.00445,0,0,0,0.5
0.0045,0,0,0,0.5
0.00455,0,0,0,0.5
0.0046,0,0,0,0.5
0.00465,0,0,0,0.5
0.0047,0,0,0,0.5
0.00475,0,0,0,0.5
0.0048,0,0,0,0.5
0.00485,0,0,0,0.5
0.0049,0,0,0,0.5
0.00495,0,0,0,0.5
0.005,0,0,0,0.5
0.00505,0,0,0,0.5
0.0051,0,0,0,0.5
0.00515,0,0,0,0.5
0.0052,0,0,0,0.5
0.00525,0,0,0,0.5
0.0053,0,0,0,0.5
0.00535,0,0,0,0.5
0.0054,0,0,0,0.5
0.00545,0,0,0,0.5
0.0055,0,0,0,0.5
0.00555,0,0,0,0.5
0.0056,0,0,0,0.5
0.00565,0,0,0,0.5
0.0057,0,0,0,0.5
0.00575,0,0,0,0.5
0.0058,0,0,0,0.5
0.00585,0,0,0,0.5
0.0059,0,0,0,0.5
0.00595,0,0,0,0.5
0.006,0,0,0,0.5
0.00605,0,0,0,0.5
0.0061,0,0,0,0.5
0.00615,0,0,0,0.5
0.0062,0,0,0,0.5
0.00625,0,0,0,0.5
0.0063,0,0,0,0.5
0.00635,0,0,0,0.5
0.0064,0,0,0,0.5
0.00645,0,0,0,0.5
0.0065,0,0,0,0.5
0.00655,0,0,0,0.5
0.0066,0,0,0,0.5
0.00665,0,0,0,0.5
0.0067,0,0,0,0.5
0.00675,0,0,0,0.5
0.0068,0,0,0,0.5
0.00685,0,0,0,0.5
0.0069,0,0,0,0.5
0.00695,0,0,0,0.5
0.007,0,0,0,0.5
0.00705,0,0,0,0.5
0.0071,0,0,0,0.5
0.00715,0,0,0,0.5
0.0072,0,0,0,0.5
0.00725,0,0,0,0.5
0.0073,0,0,0,0.5
0.00735,0,0,0,0.5
0.0074,0,0,0,0.5
0.00745,0,0,0,0.5
0.0075,0,0,0,0.5
0.00755,0,0,0,0.5
0.0076,0,0,0,0.5
0.00765,0,0,0,0.5
0.0077,0,0,0,0.5
0.00775,0,0,0,0.5
0.0078,0,0,0,0.5
0.00785,0,0,0,0.5
0.0079,0,0,0,0.5
0.00795,0,0,0,0.5
0.008,0,0,0,0.5
0.00805,0,0,0,0.5
0.0081,0,0,0,0.5
0.00815,0,0,0,0.5
0.0082,0,0,0,0.5
0.00825,0,0,0,0.5
0.0083,0,0,0,0.5
0.00835,0,0,0,0.5
0.0084,0,0,0,0.5
0.00845,0,0,0,0.5
0.0085,0,0,0,0.5
0.00855,0,0,0,0.5
0.0086,0,0,0,0.5
0.00865,0,0,0,0.5
0.0087,0,0,0,0.5
0.00875,0,0,0,0.5
0.0088,0,0,0,0.5
0.00885,0,0,0,0.5
0.0089,0,0,0,0.5
0.00895,0,0,0,0.5
0.009,0,0,0,0.5
0.00905,0,0,0,0.5
0.0091,0,0,0,0.5
0.00915,0,0,0,0.5
0.0092,0,0,0,0.5
0.00925,0,0,0,0.5
0.0093,0,0,0,0.5
0.00935,0,0,0,0.5
0.0094,0,0,0,0.5
0.00945,0,0,0,0.5
0.0095,0,0,0,0.5
0.00955,0,0,0,0.5
0.0096,0,0,0,0.5
0.00965,0,0,0,0.5
0.0097,0,0,0,0.5
0.00975,0,0,0,0.5
0.0098,0,0,0,0.5
0.00985,0,0,0,0.5
0.0099,0,0,0,0.5
0.00995,0,0,0,0.5
0.01,0,0,0,0.5
0.01005,0,0,0,0.5
0.0101,0,0,0,0.5
0.01015,0,0,0,0.5
0.0102,0,0,0,0.5
0.01025,0,0,0,0.5
0.0103,0,0,0,0.5
0.01035,0,0,0,0.5
0.0104,0,0,0,0.5
0.01045,0,0,0,0.5
0.0105,0,0,0,0.5
0.01055,0,0,0,0.5
0.0106,0,0,0,0.5
0.01065,0,0,0,0.5
0.0107,0,0,0,0.5
0.01075,0,0,0,0.5
0.0108,0,0,0,0.5
0.01085,0,0,0,0.5
0.0109,0,0,0,0.5
0.01095,0,0,0,0.5
0.011,0,0,0,0.5
0.01105,0,0,0,0.5
0.0111,0,0,0,0.5
0.01115,0,0,0,0.5
0.0112,0,0,0,0.5
0.01125,0,0,0,0.5
0.0113,0,0,0,0.5
0.01135,0,0,0,0.5
0.0114,0,0,0,0.5
0.01145,0,0,0,0.5
0.0115,0,0,0,0.5
0.01155,0,0,0,0.5
0.0116,0,0,0,0.5
0.01165,0,0,0,0.5
0.0117,0,0,0,0.5
0.01175,0,0,0,0.5
0.0118,0,0,0,0.5
0.01185,0,0,0,0.5
0.0119,0,0,0,0.5
0.01195,0,0,0,0.5
0.012,0,0,0,0.5
0.01205,0,0,0,0.5
0.0121,0,0,0,0.5
0.01215,0,0,0,0.5
0.0122,0,0,0,0.5
0.01225,0,0,0,0.5
0.0123,0,0,0,0.5
0.01235,0,0,0,0.5
0.0124,0,0,0,0.5
0.01245,0,0,0,0.5
0.0125,0,0,0,0.5
0.01255,0,0,0,0.5
0.0126,0,0,0,0.5
0.01265,0,0,0,0.5
0.0127,0,0,0,0.5
0.01275,0,0,0,0.5
0.0128,0,0,0,0.5
0.01285,0,0,0,0.5
0.0129,0,0,0,0.5
0.01295,0,0,0,0.5
0.013,0,0,0,0.5
0.01305,0,0,0,0.5
0.0131,0,0,0,0.5
0.01315,0,0,0,0.5
0.0132,0,0,0,0.5
0.01325,0,0,0,0.5
0.0133,0,0,0,0.5
0.01335,0,0,0,0.5
0.0134,0,0,0,0.5
0.01345,0,0,0,0.5
0.0135,0,0,0,0.5
0.01355,0,0,0,0.5
0.0136,0,0,0,0.5
0.01365,0,0,0,0.5
0.0137,0,0,0,0.5
0.01375,0,0,0,0.5
0.0138,0,0,0,0.5
0.01385,0,0,0,0.5
0.0139,0,0,0,0.5
0.01395,0,0,0,0.5
0.014,0,0,0,0.5
0.01405,0,0,0,0.5
0.0141,0,0,0,0.5
0.01415,0,0,0,0.5
0.0142,0,0,0,0.5
0.01425,0,0,0,0.5
0.0143,0,0,0,0.5
0.01435,0,0,0,0.5
0.0144,0,0,0,0.5
0.01445,0,0,0,0.5
0.0145,0,0,0,0.5
0.01455,0,0,0,0.5
0.0146,0,0,0,0.5
0.01465,0,0,0,0.5
0.0147,0,0,0,0.5
0.01475,0,0,0,0.5
0.0148,0,0,0,0.5
0.01485,0,0,0,0.5
0.0149,0,0,0,0.5
0.01495,0,0,0,0.5
0.015,0,0,0,0.5
0.01505,0,0,0,0.5
0.0151,0,0,0,0.5
0.01515,0,0,0,0.5
0.0152,0,0,0,0.5
0.01525,0,0,0,0.5
0.0153,0,0,0,0.5
0.01535,0,0,0,0.5
0.0154,0,0,0,0.5
0.01545,0,0,0,0.5
0.0155,0,0,0,0.5
0.01555,0,0,0,0.5
0.0156,0,0,0,0.5
0.01565,0,0,0,0.5
0.0157,0,0,0,0.5
0.01575,0,0,0,0.5
0.0158,0,0,0,0.5
0.01585,0,0,0,0.5
0.0159,0,0,0,0.5
0.01595,0,0,0,0.5
0.016,0,0,0,0.5
0.01605,0,0,0,0.5
0.0161,0,0,0,0.5
0.01615,0,0,0,0.5
0.0162,0,0,0,0.5
0.01625,0,0,0,0.5
0.0163,0,0,0,0.5
0.01635,0,0,0,0.5
0.0164,0,0,0,0.5
0.01645,0,0,0,0.5
0.0165,0,0,0,0.5
0.01655,0,0,0,0.5
0.0166,0,0,0,0.5
0.01665,0,0,0,0.5
0.0167,0,0,0,0.5
0.01675,0,0,0,0.5
0.0168,0,0,0,0.5
0.01685,0,0,0,0.5
0.0169,0,0,0,0.5
0.01695,0,0,0,0.5
0.017,0,0,0,0.5
0.01705,0,0,0,0.5
0.0171,0,0,0,0.5
0.01715,0,0,0,0.5
0.0172,0,0,0,0.5
0.01725,0,0,0,0.5
0.0173,0,0,0,0.5
0.01735,0,0,0,0.5
0.0174,0,0,0,0.5
0.01745,0,0,0,0.5
0.0175,0,0,0,0.5
0.01755,0,0,0,0.5
0.0176,0,0,0,0.5
0.01765,0,0,0,0.5
0.0177,0,0,0,0.5
0.01775,0,0,0,0.5
0.0178,0,0,0,0.5
0.01785,0,0,0,0.5
0.0179,0,0,0,0.5
0.01795,0,0,0,0.5
0.018,0,0,0,0.5
0.01805,0,0,0,0.5
0.0181,0,0,0,0.5
0.01815,0,0,0,0.5
0.0182,0,0,0,0.5
0.01825,0,0,0,0.5
0.0183,0,0,0,0.5
0.01835,0,0,0,0.5
0.0184,0,0,0,0.5
0.01845,0,0,0,0.5
0.0185,0,0,0,0.5
0.01855,0,0,0,0.5
0.0186,0,0,0,0.5
0.01865,0,0,0,0.5
0.0187,0,0,0,0.5
0.01875,0,0,0,0.5
0.0188,0,0,0,0.5
0.01885,0,0,0,0.5
0.0189,0,0,0,0.5
0.01895,0,0,0,0.5
0.019,0,0,0,0.5
0.01905,0,0,0,0.5
0.0191,0,0,0,0.5
0.01915,0,0,0,0.5
0.0192,0,0,0,0.5
0.01925,0,0,0,0.5
0.0193,0,0,0,0.5
0.01935,0,0,0,0.5
0.0194,0,0,0,0.5
0.01945,0,0,0,0.5
0.0195,0,0,0,0.5
0.01955,0,0,0,0.5
0.0196,0,0,0,0.5
0.01965,0,0,0,0.5
0.0197,0,0,0,0.5
0.01975,0,0,0,0.5
0.0198,0,0,0,0.5
0.01985,0,0,0,0.5
0.0199,0,0,0,0.5
0.01995,0,0,0,0.5
0.02,0,0,0,0.5
0.02005,0,0,0,0.5
0.0201,0,0,0,0.5
0.02015,0,0,0,0.5
0.0202,0,0,0,0.5
0.02025,0,0,0,0.5
0.0203,0,0,0,0.5
0.02035,0,0,0,0.5
0.0204,0,0,0,0.5
0.02045,0,0,0,0.5
0.0205,0,0,0,0.5
0.02055,0,0,0,0.5
0.0206,0,0,0,0.5
0.02065,0,0,0,0.5
0.0207,0,0,0,0.5
0.02075,0,0,0,0.5
0.0208,0,0,0,0.5
0.02085,0,0,0,0.5
0.0209,0,0,0,0.5
0.02095,0,0,0,0.5
0.021,0,0,0,0.5
0.02105,0,0,0,0.5
0.0211,0,0,0,0.5
0.02115,0,0,0,0.5
0.0212,0,0,0,0.5
0.02125,0,0,0,0.5
0.0213,0,0,0,0.5
0.02135,0,0,0,0.5
0.0214,0,0,0,0.5
0.02145,0,0,0,0.5
0.0215,0,0,0,0.5
0.02155,0,0,0,0.5
0.0216,0,0,0,0.5
0.02165,0,0,0,0.5
0.0217,0,0,0,0.5
0.02175,0,0,0,0.5
0.0218,0,0,0,0.5
0.02185,0,0,0,0.5
0.0219,0,0,0,0.5
0.02195,0,0,0,0.5
0.022,0,0,0,0.5
0.02205,0,0,0,0.5
0.0221,0,0,0,0.5
0.02215,0,0,0,0.5
0.0222,0,0,0,0.5
0.02225,0,0,0,0.5
0.0223,0,0,0,0.5
0.02235,0,0,0,0.5
0.0224,0,0,0,0.5
0.02245,0,0,0,0.5
0.0225,0,0,0,0.5
0.02255,0,0,0,0.5
0.0226,0,0,0,0.5
0.02265,0,0,0,0.5
0.0227,0,0,0,0.5
0.02275,0,0,0,0.5
0.0228,0,0,0,0.5
0.02285,0,0,0,0.5
0.0229,0,0,0,0.5
0.02295,0,0,0,0.5
0.023,0,0,0,0.5
0.02305,0,0,0,0.5
0.0231,0,0,0,0.5
0.02315,0,0,0,0.5
0.0232,0,0,0,0.5
0.02325,0,0,0,0.5
0.0233,0,0,0,0.5
0.02335,0,0,0,0.5
0.0234,0,0,0,0.5
0.02345,0,0,0,0.5
0.0235,0,0,0,0.5
0.02355,0,0,0,0.5
0.0236,0,0,0,0.5
0.02365,0,0,0,0.5
0.0237,0,0,0,0.5
0.02375,0,0,0,0.5
0.0238,0,0,0,0.5
0.02385,0,0,0,0.5
0.0239,0,0,0,0.5
0.02395,0,0,0,0.5
0.024,0,0,0,0.5
0.02405,0,0,0,0.5
0.0241,0,0,0,0.5
0.02415,0,0,0,0.5
0.0242,0,0,0,0.5
0.02425,0,0,0,0.5
0.0243,0,0,0,0.5
0.02435,0,0,0,0.5
0.0244,0,0,0,0.5
0.02445,0,0,0,0.5
0.0245,0,0,0,0.5
0.02455,0,0,0,0.5
0.0246,0,0,0,0.5
0.02465,0,0,0,0.5
0.0247,0,0,0,0.5
0.02475,0,0,0,0.5
0.0248,0,0,0,0.5
0.02485,0,0,0,0.5
0.0249,0,0,0,0.5
0.02495,0,0,0,0.5
0.025,0,0,0,0.5
0.02505,0,0,0,0.5
0.0251,0,0,0,0.5
0.02515,0,0,0,0.5
0.0252,0,0,0,0.5
0.02525,0,0,0,0.5
0.0253,0,0,0,0.5
0.02535,0,0,0,0.5
0.0254,0,0,0,0.5
0.02545,0,0,0,0.5
0.0255,0,0,0,0.5
0.02555,0,0,0,0.5
0.0256,0,0,0,0.5
0.02565,0,0,0,0.5
0.0257,0,0,0,0.5
0.02575,0,0,0,0.5
0.0258,0,0,0,0.5
0.02585,0,0,0,0.5
0.0259,0,0,0,0.5
0.02595,0,0,0,0.5
0.026,0,0,0,0.5
0.02605,0,0,0,0.5
0.0261,0,0,0,0.5
0.02615,0,0,0,0.5
0.0262,0,0,0,0.5
0.02625,0,0,0,0.5
0.0263,0,0,0,0.5
0.02635,0,0,0,0.5
0.0264,0,0,0,0.5
0.02645,0,0,0,0.5
0.0265,0,0,0,0.5
0.02655,0,0,0,0.5
0.0266,0,0,0,0.5
0.02665,0,0,0,0.5
0.0267,0,0,0,0.5
0.02675,0,0,0,0.5
0.0268,0,0,0,0.5
0.02685,0,0,0,0.5
0.0269,0,0,0,0.5
0.02695,0,0,0,0.5
0.027,0,0,0,0.5
0.02705,0,0,0,0.5
0.0271,0,0,0,0.5
0.02715,0,0,0,0.5
0.0272,0,0,0,0.5
0.02725,0,0,0,0.5
0.0273,0,0,0,0.5
0.02735,0,0,0,0.5
0.0274,0,0,0,0.5
0.02745,0,0,0,0.5
0.0275,0,0,0,0.5
0.02755,0,0,0,0.5
0.0276,0,0,0,0.5
0.02765,0,0,0,0.5
0.0277,0,0,0,0.5
0.02775,0,0,0,0.5
0.0278,0,0,0,0.5
0.02785,0,0,0,0.5
0.0279,0,0,0,0.5
0.02795,0,0,0,0.5
0.028,0,0,0,0.5
0.02805,0,0,0,0.5
0.0281,0,0,0,0.5
0.02815,0,0,0,0.5
0.0282,0,0,0,0.5
0.02825,0,0,0,0.5
0.0283,0,0,0,0.5
0.02835,0,0,0,0.5
0.0284,0,0,0,0.5
0.02845,0,0,0,0.5
0.0285,0,0,0,0.5
0.02855,0,0,0,0.5
0.0286,0,0,0,0.5
0.02865,0,0,0,0.5
0.0287,0,0,0,0.5
0.02875,0,0,0,0.5
0.0288,0,0,0,0.5
0.02885,0,0,0,0.5
0.0289,0,0,0,0.5
0.02895,0,0,0,0.5
0.029,0,0,0,0.5
0.02905,0,0,0,0.5
0.0291,0,0,0,0.5
0.02915,0,0,0,0.5
0.0292,0,0,0,0.5
0.02925,0,0,0,0.5
0.0293,0,0,0,0.5
0.02935,0,0,0,0.5
0.0294,0,0,0,0.5
0.02945,0,0,0,0.5
0.0295,0,0,0,0.5
0.02955,0,0,0,0.5
0.0296,0,0,0,0.5
0.02965,0,0,0,0.5
0.0297,0,0,0,0.5
0.02975,0,0,0,0.5
0.0298,0,0,0,0.5
0.02985,0,0,0,0.5
0.0299,0,0,0,0.5
0.02995,0,0,0,0.5
0.03,0,0,0,0.5
0.03005,0,0,0,0.5
0.0301,0,0,0,0.5
0.03015,0,0,0,0.5
0.0302,0,0,0,0.5
0.03025,0,0,0,0.5
0.0303,0,0,0,0.5
0.03035,0,0,0,0.5
0.0304,0,0,0,0.5
0.03045,0,0,0,0.5
0.0305,0,0,0,0.5
0.03055,0,0,0,0.5
0.0306,0,0,0,0.5
0.03065,0,0,0,0.5
0.0307,0,0,0,0.5
0.03075,0,0,0,0.5
0.0308,0,0,0,0.5
0.03085,0,0,0,0.5
0.0309,0,0,0,0.5
0.03095,0,0,0,0.5
0.031,0,0,0,0.5
0.03105,0,0,0,0.5
0.0311,0,0,0,0.5
0.03115,0,0,0,0.5
0.0312,0,0,0,0.5
0.03125,0,0,0,0.5
0.0313,0,0,0,0.5
0.03135,0,0,0,0.5
0.0314,0,0,0,0.5
0.03145,0,0,0,0.5
0.0315,0,0,0,0.5
0.03155,0,0,0,0.5
0.0316,0,0,0,0.5
0.03165,0,0,0,0.5
0.0317,0,0,0,0.5
0.03175,0,0,0,0.5
0.0318,0,0,0,0.5
0.03185,0,0,0,0.5
0.0319,0,0,0,0.5
0.03195,0,0,0,0.5
0.032,0,0,0,0.5
0.03205,0,0,0,0.5
0.0321,0,0,0,0.5
0.03215,0,0,0,0.5
0.0322,0,0,0,0.5
0.03225,0,0,0,0.5
0.0323,0,0,0,0.5
0.03235,0,0,0,0.5
0.0324,0,0,0,0.5
0.03245,0,0,0,0.5
0.0325,0,0,0,0.5
0.03255,0,0,0,0.5
0.0326,0,0,0,0.5
0.03265,0,0,0,0.5
0.0327,0,0,0,0.5
0.03275,0,0,0,0.5
0.0328,0,0,0,0.5
0.03285,0,0,0,0.5
0.0329,0,0,0,0.5
0.03295,0,0,0,0.5
0.033,0,0,0,0.5
0.03305,0,0,0,0.5
0.0331,0,0,0,0.5
0.03315,0,0,0,0.5
0.0332,0,0,0,0.5
0.03325,0,0,0,0.5
0.0333,0,0,0,0.5
0.03335,0,0,0,0.5
0.0334,0,0,0,0.5
0.03345,0,0,0,0.5
0.0335,0,0,0,0.5
0.03355,0,0,0,0.5
0.0336,0,0,0,0.5
0.03365,0,0,0,0.5
0.0337,0,0,0,0.5
0.03375,0,0,0,0.5
0.0338,0,0,0,0.5
0.03385,0,0,0,0.5
0.0339,0,0,0,0.5
0.03395,0,0,0,0.5
0.034,0,0,0,0.5
0.03405,0,0,0,0.5
0.0341,0,0,0,0.5
0.03415,0,0,0,0.5
0.0342,0,0,0,0.5
0.03425,0,0,0,0.5
0.0343,0,0,0,0.5
0.03435,0,0,0,0.5
0.0344,0,0,0,0.5
0.03445,0,0,0,0.5
0.0345,0,0,0,0.5
0.03455,0,0,0,0.5
0.0346,0,0,0,0.5
0.03465,0,0,0,0.5
0.0347,0,0,0,0.5
0.03475,0,0,0,0.5
0.0348,0,0,0,0.5
0.03485,0,0,0,0.5
0.0349,0,0,0,0.5
0.03495,0,0,0,0.5
0.035,0,0,0,0.5
0.03505,0,0,0,0.5
0.0351,0,0,0,0.5
0.03515,0,0,0,0.5
0.0352,0,0,0,0.5
0.03525,0,0,0,0.5
0.0353,0,0,0,0.5
0.03535,0,0,0,0.5
0.0354,0,0,0,0.5
0.03545,0,0,0,0.5
0.0355,0,0,0,0.5
0.03555,0,0,0,0.5
0.0356,0,0,0,0.5
0.03565,0,0,0,0.5
0.0357,0,0,0,0.5
0.03575,0,0,0,0.5
0.0358,0,0,0,0.5
0.03585,0,0,0,0.5
0.0359,0,0,0,0.5
0.03595,0,0,0,0.5
0.036,0,0,0,0.5
0.03605,0,0,0,0.5
0.0361,0,0,0,0.5
0.03615,0,0,0,0.5
0.0362,0,0,0,0.5
0.03625,0,0,0,0.5
0.0363,0,0,0,0.5
0.03635,0,0,0,0.5
0.0364,0,0,0,0.5
0.03645,0,0,0,0.5
0.0365,0,0,0,0.5
0.03655,0,0,0,0.5
0.0366,0,0,0,0.5
0.03665,0,0,0,0.5
0.0367,0,0,0,0.5
0.03675,0,0,0,0.5
0.0368,0,0,0,0.5
0.03685,0,0,0,0.5
0.0369,0,0,0,0.5
0.03695,0,0,0,0.5
0.037,0,0,0,0.5
0.03705,0,0,0,0.5
0.0371,0,0,0,0.5
0.03715,0,0,0,0.5
0.0372,0,0,0,0.5
0.03725,0,0,0,0.5
0.0373,0,0,0,0.5
0.03735,0,0,0,0.5
0.0374,0,0,0,0.5
0.03745,0,0,0,0.5
0.0375,0,0,0,0.5
0.03755,0,0,0,0.5
0.0376,0,0,0,0.5
0.03765,0,0,0,0.5
0.0377,0,0,0,0.5
0.03775,0,0,0,0.5
0.0378,0,0,0,0.5
0.03785,0,0,0,0.5
0.0379,0,0,0,0.5
0.03795,0,0,0,0.5
0.038,0,0,0,0.5
0.03805,0,0,0,0.5
0.0381,0,0,0,0.5
0.03815,0,0,0,0.5
0.0382,0,0,0,0.5
0.03825,0,0,0,0.5
0.0383,0,0,0,0.5
0.03835,0,0,0,0.5
0.0384,0,0,0,0.5
0.03845,0,0,0,0.5
0.0385,0,0,0,0.5
0.03855,0,0,0,0.5
0.0386,0,0,0,0.5
0.03865,0,0,0,0.5
0.0387,0,0,0,0.5
0.03875,0,0,0,0.5
0.0388,0,0,0,0.5
0.03885,0,0,0,0.5
0.0389,0,0,0,0.5
0.03895,0,0,0,0.5
0.039,0,0,0,0.5
0.03905,0,0,0,0.5
0.0391,0,0,0,0.5
0.03915,0,0,0,0.5
0.0392,0,0,0,0.5
0.03925,0,0,0,0.5
0.0393,0,0,0,0.5
0.03935,0,0,0,0.5
0.0394,0,0,0,0.5
0.03945,0,0,0,0.5
0.0395,0,0,0,0.5
0.03955,0,0,0,0.5
0.0396,0,0,0,0.5
0.03965,0,0,0,0.5
0.0397,0,0,0,0.5
0.03975,0,0,0,0.5
0.0398,0,0,0,0.5
0.03985,0,0,0,0.5
0.0399,0,0,0,0.5
0.03995,0,0,0,0.5
0.04,0,0,0,0.5
0.04005,0,0,0,0.5
0.0401,0,0,0,0.5
0.04015,0,0,0,0.5
0.0402,0,0,0,0.5
0.04025,0,0,0,0.5
0.0403,0,0,0,0.5
0.04035,0,0,0,0.5
0.0404,0,0,0,0.5
0.04045,0,0,0,0.5
0.0405,0,0,0,0.5
0.04055,0,0,0,0.5
0.0406,0,0,0,0.5
0.04065,0,0,0,0.5
0.0407,0,0,0,0.5
0.04075,0,0,0,0.5
0.0408,0,0,0,0.5
0.04085,0,0,0,0.5
0.0409,0,0,0,0.5
0.04095,0,0,0,0.5
0.041,0,0,0,0.5
0.04105,0,0,0,0.5
0.0411,0,0,0,0.5
0.04115,0,0,0,0.5
0.0412,0,0,0,0.5
0.04125,0,0,0,0.5
0.0413,0,0,0,0.5
0.04135,0,0,0,0.5
0.0414,0,0,0,0.5
0.04145,0,0,0,0.5
0.0415,0,0,0,0.5
0.04155,0,0,0,0.5
0.0416,0,0,0,0.5
0.04165,0,0,0,0.5
0.0417,0,0,0,0.5
0.04175,0,0,0,0.5
0.0418,0,0,0,0.5
0.04185,0,0,0,0.5
0.0419,0,0,0,0.5
0.04195,0,0,0,0.5
0.042,0,0,0,0.5
0.04205,0,0,0,0.5
0.0421,0,0,0,0.5
0.04215,0,0,0,0.5
0.0422,0,0,0,0.5
0.04225,0,0,0,0.5
0.0423,0,0,0,0.5
0.04235,0,0,0,0.5
0.0424,0,0,0,0.5
0.04245,0,0,0,0.5
0.0425,0,0,0,0.5
0.04255,0,0,0,0.5
0.0426,0,0,0,0.5
0.04265,0,0,0,0.5
0.0427,0,0,0,0.5
0.04275,0,0,0,0.5
0.0428,0,0,0,0.5
0.04285,0,0,0,0.5
0.0429,0,0,0,0.5
0.04295,0,0,0,0.5
0.043,0,0,0,0.5
0.04305,0,0,0,0.5
0.0431,0,0,0,0.5
0.04315,0,0,0,0.5
0.0432,0,0,0,0.5
0.04325,0,0,0,0.5
0.0433,0,0,0,0.5
0.04335,0,0,0,0.5
0.0434,0,0,0,0.5
0.04345,0,0,0,0.5
0.0435,0,0,0,0.5
0.04355,0,0,0,0.5
0.0436,0,0,0,0.5
0.04365,0,0,0,0.5
0.0437,0,0,0,0.5
0.04375,0,0,0,0.5
0.0438,0,0,0,0.5
0.04385,0,0,0,0.5
0.0439,0,0,0,0.5
0.04395,0,0,0,0.5
0.044,0,0,0,0.5
0.04405,0,0,0,0.5
0.0441,0,0,0,0.5
0.04415,0,0,0,0.5
0.0442,0,0,0,0.5
0.04425,0,0,0,0.5
0.0443,0,0,0,0.5
0.04435,0,0,0,0.5
0.0444,0,0,0,0.5
0.04445,0,0,0,0.5
0.0445,0,0,0,0.5
0.04455,0,0,0,0.5
0.0446,0,0,0,0.5
0.04465,0,0,0,0.5
0.0447,0,0,0,0.5
0.04475,0,0,0,0.5
0.0448,0,0,0,0.5
0.04485,0,0,0,0.5
0.0449,0,0,0,0.5
0.04495,0,0,0,0.5
0.045,0,0,0,0.5
0.04505,0,0,0,0.5
0.0451,0,0,0,0.5
0.04515,0,0,0,0.5
0.0452,0,0,0,0.5
0.04525,0,0,0,0.5
0.0453,0,0,0,0.5
0.04535,0,0,0,0.5
0.0454,0,0,0,0.5
0.04545,0,0,0,0.5
0.0455,0,0,0,0.5
0.04555,0,0,0,0.5
0.0456,0,0,0,0.5
0.04565,0,0,0,0.5
0.0457,0,0,0,0.5
0.04575,0,0,0,0.5
0.0458,0,0,0,0.5
0.04585,0,0,0,0.5
0.0459,0,0,0,0.5
0.04595,0,0,0,0.5
0.046,0,0,0,0.5
0.04605,0,0,0,0.5
0.0461,0,0,0,0.5
0.04615,0,0,0,0.5
0.0462,0,0,0,0.5
0.04625,0,0,0,0.5
0.0463,0,0,0,0.5
0.04635,0,0,0,0.5
0.0464,0,0,0,0.5
0.04645,0,0,0,0.5
0.0465,0,0,0,0.5
0.04655,0,0,0,0.5
0.0466,0,0,0,0.5
0.04665,0,0,0,0.5
0.0467,0,0,0,0.5
0.04675,0,0,0,0.5
0.0468,0,0,0,0.5
0.04685,0,0,0,0.5
0.0469,0,0,0,0.5
0.04695,0,0,0,0.5
0.047,0,0,0,0.5
0.04705,0,0,0,0.5
0.0471,0,0,0,0.5
0.04715,0,0,0,0.5
0.0472,0,0,0,0.5
0.04725,0,0,0,0.5
0.0473,0,0,0,0.5
0.04735,0,0,0,0.5
0.0474,0,0,0,0.5
0.04745,0,0,0,0.5
0.0475,0,0,0,0.5
0.04755,0,0,0,0.5
0.0476,0,0,0,0.5
0.04765,0,0,0,0.5
0.0477,0,0,0,0.5
0.04775,0,0,0,0.5
0.0478,0,0,0,0.5
0.04785,0,0,0,0.5
0.0479,0,0,0,0.5
0.04795,0,0,0,0.5
0.048,0,0,0,0.5
0.04805,0,0,0,0.5
0.0481,0,0,0,0.5
0.04815,0,0,0,0.5
0.0482,0,0,0,0.5
0.04825,0,0,0,0.5
0.0483,0,0,0,0.5
0.04835,0,0,0,0.5
0.0484,0,0,0,0.5
0.04845,0,0,0,0.5
0.0485,0,0,0,0.5
0.04855,0,0,0,0.5
0.0486,0,0,0,0.5
0.04865,0,0,0,0.5
0.0487,0,0,0,0.5
0.04875,0,0,0,0.5
0.0488,0,0,0,0.5
0.04885,0,0,0,0.5
0.0489,0,0,0,0.5
0.04895,0,0,0,0.5
0.049,0,0,0,0.5
0.04905,0,0,0,0.5
0.0491,0,0,0,0.5
0.04915,0,0,0,0.5
0.0492,0,0,0,0.5
0.04925,0,0,0,0.5
0.0493,0,0,0,0.5
0.04935,0,0,0,0.5
0.0494,0,0,0,0.5
0.04945,0,0,0,0.5
0.0495,0,0,0,0.5
0.04955,0,0,0,0.5
0.0496,0,0,0,0.5
0.04965,0,0,0,0.5
0.0497,0,0,0,0.5
0.04975,0,0,0,0.5
0.0498,0,0,0,0.5
0.04985,0,0,0,0.5
0.0499,0,0,0,0.5
0.04995,0,0,0,0.5
0.05,0,0,0,0.5
0.05005,0,0,0,0.5
0.0501,0,0,0,0.5
0.05015,0,0,0,0.5
0.0502,0,0,0,0.5
0.05025,0,0,0,0.5
0.0503,0,0,0,0.5
0.05035,0,0,0,0.5
0.0504,0,0,0,0.5
0.05045,0,0,0,0.5
0.0505,0,0,0,0.5
0.05055,0,0,0,0.5
0.0506,0,0,0,0.5
0.05065,0,0,0,0.5
0.0507,0,0,0,0.5
0.05075,0,0,0,0.5
0.0508,0,0,0,0.5
0.05085,0,0,0,0.5
0.0509,0,0,0,0.5
0.05095,0,0,0,0.5
0.051,0,0,0,0.5
0.05105,0,0,0,0.5
0.0511,0,0,0,0.5
0.05115,0,0,0,0.5
0.0512,0,0,0,0.5
0.05125,0,0,0,0.5
0.0513,0,0,0,0.5
0.05135,0,0,0,0.5
0.0514,0,0,0,0.5
0.05145,0,0,0,0.5
0.0515,0,0,0,0.5
0.05155,0,0,0,0.5
0.0516,0,0,0,0.5
0.05165,0,0,0,0.5
0.0517,0,0,0,0.5
0.05175,0,0,0,0.5
0.0518,0,0,0,0.5
0.05185,0,0,0,0.5
0.0519,0,0,0,0.5
0.05195,0,0,0,0.5
0.052,0,0,0,0.5
0.05205,0,0,0,0.5
0.0521,0,0,0,0.5
0.05215,0,0,0,0.5
0.0522,0,0,0,0.5
0.05225,0,0,0,0.5
0.0523,0,0,0,0.5
0.05235,0,0,0,0.5
0.0524,0,0,0,0.5
0.05245,0,0,0,0.5
0.0525,0,0,0,0.5
0.05255,0,0,0,0.5
0.0526,0,0,0,0.5
0.05265,0,0,0,0.5
0.0527,0,0,0,0.5
0.05275,0,0,0,0.5
0.0528,0,0,0,0.5
0.05285,0,0,0,0.5
0.0529,0,0,0,0.5
0.05295,0,0,0,0.5
0.053,0,0,0,0.5
0.05305,0,0,0,0.5
0.0531,0,0,0,0.5
0.05315,0,0,0,0.5
0.0532,0,0,0,0.5
0.05325,0,0,0,0.5
0.0533,0,0,0,0.5
0.05335,0,0,0,0.5
0.0534,0,0,0,0.5
0.05345,0,0,0,0.5
0.0535,0,0,0,0.5
0.05355,0,0,0,0.5
0.0536,0,0,0,0.5
0.05365,0,0,0,0.5
0.0537,0,0,0,0.5
0.05375,0,0,0,0.5
0.0538,0,0,0,0.5
0.05385,0,0,0,0.5
0.0539,0,0,0,0.5
0.05395,0,0,0,0.5
0.054,0,0,0,0.5
0.05405,0,0,0,0.5
0.0541,0,0,0,0.5
0.05415,0,0,0,0.5
0.0542,0,0,0,0.5
0.05425,0,0,0,0.5
0.0543,0,0,0,0.5
0.05435,0,0,0,0.5
0.0544,0,0,0,0.5
0.05445,0,0,0,0.5
0.0545,0,0,0,0.5
0.05455,0,0,0,0.5
0.0546,0,0,0,0.5
0.05465,0,0,0,0.5
0.0547,0,0,0,0.5
0.05475,0,0,0,0.5
0.0548,0,0,0,0.5
0.05485,0,0,0,0.5
0.0549,0,0,0,0.5
0.05495,0,0,0,0.5
0.055,0,0,0,0.5
0.05505,0,0,0,0.5
0.0551,0,0,0,0.5
0.05515,0,0,0,0.5
0.0552,0,0,0,0.5
0.05525,0,0,0,0.5
0.0553,0,0,0,0.5
0.05535,0,0,0,0.5
0.0554,0,0,0,0.5
0.05545,0,0,0,0.5
0.0555,0,0,0,0.5
0.05555,0,0,0,0.5
0.0556,0,0,0,0.5
0.05565,0,0,0,0.5
0.0557,0,0,0,0.5
0.05575,0,0,0,0.5
0.0558,0,0,0,0.5
0.05585,0,0,0,0.5
0.0559,0,0,0,0.5
0.05595,0,0,0,0.5
0.056,0,0,0,0.5
0.05605,0,0,0,0.5
0.0561,0,0,0,0.5
0.05615,0,0,0,0.5
0.0562,0,0,0,0.5
0.05625,0,0,0,0.5
0.0563,0,0,0,0.5
0.05635,0,0,0,0.5
0.0564,0,0,0,0.5
0.05645,0,0,0,0.5
0.0565,0,0,0,0.5
0.05655,0,0,0,0.5
0.0566,0,0,0,0.5
0.05665,0,0,0,0.5
0.0567,0,0,0,0.5
0.05675,0,0,0,0.5
0.0568,0,0,0,0.5
0.05685,0,0,0,0.5
0.0569,0,0,0,0.5
0.05695,0,0,0,0.5
0.057,0,0,0,0.5
0.05705,0,0,0,0.5
0.0571,0,0,0,0.5
0.05715,0,0,0,0.5
0.0572,0,0,0,0.5
0.05725,0,0,0,0.5
0.0573,0,0,0,0.5
0.05735,0,0,0,0.5
0.0574,0,0,0,0.5
0.05745,0,0,0,0.5
0.0575,0,0,0,0.5
0.05755,0,0,0,0.5
0.0576,0,0,0,0.5
0.05765,0,0,0,0.5
0.0577,0,0,0,0.5
0.05775,0,0,0,0.5
0.0578,0,0,0,0.5
0.05785,0,0,0,0.5
0.0579,0,0,0,0.5
0.05795,0,0,0,0.5
0.058,0,0,0,0.5
0.05805,0,0,0,0.5
0.0581,0,0,0,0.5
0.05815,0,0,0,0.5
0.0582,0,0,0,0.5
0.05825,0,0,0,0.5
0.0583,0,0,0,0.5
0.05835,0,0,0,0.5
0.0584,0,0,0,0.5
0.05845,0,0,0,0.5
0.0585,0,0,0,0.5
0.05855,0,0,0,0.5
0.0586,0,0,0,0.5
0.05865,0,0,0,0.5
0.0587,0,0,0,0.5
0.05875,0,0,0,0.5
0.0588,0,0,0,0.5
0.05885,0,0,0,0.5
0.0589,0,0,0,0.5
0.05895,0,0,0,0.5
0.059,0,0,0,0.5
0.05905,0,0,0,0.5
0.0591,0,0,0,0.5
0.05915,0,0,0,0.5
0.0592,0,0,0,0.5
0.05925,0,0,0,0.5
0.0593,0,0,0,0.5
0.05935,0,0,0,0.5
0.0594,0,0,0,0.5
0.05945,0,0,0,0.5
0.0595,0,0,0,0.5
0.05955,0,0,0,0.5
0.0596,0,0,0,0.5
0.05965,0,0,0,0.5
0.0597,0,0,0,0.5
0.05975,0,0,0,0.5
0.0598,0,0,0,0.5
0.05985,0,0,0,0.5
0.0599,0,0,0,0.5
0.05995,0,0,0,0.5
0.06,0,0,0,0.5
0.06005,0.35,0,-0.35,0.498853335017
0.0601,0.35,0,-0.35,0.49771240107
0.06015,0.35,0,-0.35,0.496577181428
0.0602,0.35,0,-0.35,0.495447659262
0.06025,0.35,0,-0.35,0.494323817651
0.0603,0.35,0,-0.35,0.493205639585
0.06035,0.35,0,-0.35,0.492093107962
0.0604,0.35,0,-0.35,0.490986205594
0.06045,0.35,0,-0.35,0.489884915209
0.0605,0.35,0,-0.35,0.488789219451
0.06055,0.35,0,-0.35,0.487699100883
0.0606,0.35,0,-0.35,0.48661454199
0.06065,0.35,0,-0.35,0.48553552518
0.0607,0.35,0,-0.35,0.484462032784
0.06075,0.35,0,-0.35,0.483394047062
0.0608,0.35,0,-0.35,0.482331550201
0.06085,0.35,0,-0.35,0.481274524321
0.0609,0.35,0,-0.35,0.480222951472
0.06095,0.35,0,-0.35,0.47917681364
0.061,0.35,0,-0.35,0.478136092746
0.06105,-0.14953198166,0,0.14953198166,0.478529476218
0.0611,-0.148600321246,0,0.148600321246,0.478918387685
0.06115,-0.147674465551,0,0.147674465551,0.4793028718
0.0612,-0.146754378409,0,0.146754378409,0.47968297272
0.06125,-0.145840023878,0,0.145840023878,0.48005873412
0.0613,-0.144931366242,0,0.144931366242,0.480430199191
0.06135,-0.144028370005,0,0.144028370005,0.480797410652
0.0614,-0.143130999895,0,0.143130999895,0.481160410753
0.06145,-0.142239220858,0,0.142239220858,0.481519241285
0.0615,-0.141352998059,0,0.141352998059,0.481873943582
0.06155,-0.140472296879,0,0.140472296879,0.48222455853
0.0616,-0.139597082916,0,0.139597082916,0.48257112657
0.06165,-0.138727321982,0,0.138727321982,0.482913687708
0.0617,-0.137862980102,0,0.137862980102,0.483252281517
0.06175,-0.137004023512,0,0.137004023512,0.483586947144
0.0618,-0.136150418659,0,0.136150418659,0.483917723316
0.06185,-0.135302132199,0,0.135302132199,0.484244648344
0.0619,-0.134459130995,0,0.134459130995,0.484567760132
0.06195,-0.133621382119,0,0.133621382119,0.484887096176
0.062,-0.132788852845,0,0.132788852845,0.485202693575
0.06205,-0.131961510652,0,0.131961510652,0.485514589036
0.0621,-0.131139323222,0,0.131139323222,0.485822818874
0.06215,-0.130322258439,0,0.130322258439,0.486127419022
0.0622,-0.129510284386,0,0.129510284386,0.486428425033
0.06225,-0.128703369345,0,0.128703369345,0.486725872087
0.0623,-0.127901481795,0,0.127901481795,0.487019794994
0.06235,-0.127104590414,0,0.127104590414,0.487310228201
0.0624,-0.126312664072,0,0.126312664072,0.487597205792
0.06245,-0.125525671834,0,0.125525671834,0.487880761498
0.0625,-0.124743582958,0,0.124743582958,0.4881609287
0.06255,-0.123966366895,0,0.123966366895,0.488437740429
0.0626,-0.123193993284,0,0.123193993284,0.488711229377
0.06265,-0.122426431953,0,0.122426431953,0.488981427896
0.0627,-0.121663652921,0,0.121663652921,0.489248368007
0.06275,-0.120905626391,0,0.120905626391,0.489512081398
0.0628,-0.120152322752,0,0.120152322752,0.489772599435
0.06285,-0.119403712578,0,0.119403712578,0.490029953161
0.0629,-0.118659766628,0,0.118659766628,0.490284173301
0.06295,-0.117920455839,0,0.117920455839,0.490535290269
0.063,-0.117185751333,0,0.117185751333,0.490783334166
0.06305,-0.116455624411,0,0.116455624411,0.491028334789
0.0631,-0.115730046551,0,0.115730046551,0.491270321634
0.06315,-0.115008989411,0,0.115008989411,0.491509323896
0.0632,-0.114292424824,0,0.114292424824,0.491745370478
0.06325,-0.113580324799,0,0.113580324799,0.491978489991
0.0633,-0.112872661521,0,0.112872661521,0.492208710756
0.06335,-0.112169407345,0,0.112169407345,0.492436060812
0.0634,-0.1114705348,0,0.1114705348,0.492660567918
0.06345,-0.110776016588,0,0.110776016588,0.492882259554
0.0635,-0.110085825578,0,0.110085825578,0.493101162927
0.06355,-0.109399934809,0,0.109399934809,0.493317304971
0.0636,-0.10871831749,0,0.10871831749,0.493530712356
0.06365,-0.108040946993,0,0.108040946993,0.493741411484
0.0637,-0.10736779686,0,0.10736779686,0.493949428497
0.06375,-0.106698840795,0,0.106698840795,0.494154789281
0.0638,-0.106034052667,0,0.106034052667,0.494357519464
0.06385,-0.105373406508,0,0.105373406508,0.494557644423
0.0639,-0.10471687651,0,0.10471687651,0.494755189285
0.06395,-0.104064437029,0,0.104064437029,0.494950178931
0.064,-0.103416062579,0,0.103416062579,0.495142638001
0.06405,-0.102771727831,0,0.102771727831,0.49533259089
0.0641,-0.102131407617,0,0.102131407617,0.495520061758
0.06415,-0.101495076924,0,0.101495076924,0.49570507453
0.0642,-0.100862710896,0,0.100862710896,0.495887652897
0.06425,-0.10023428483,0,0.10023428483,0.496067820322
0.0643,-0.0996097741783,0,0.0996097741783,0.496245600041
0.06435,-0.0989891545463,0,0.0989891545463,0.496421015063
0.0644,-0.0983724016907,0,0.0983724016907,0.496594088178
0.06445,-0.0977594915196,0,0.0977594915196,0.496764841954
0.0645,-0.097150400091,0,0.097150400091,0.496933298746
0.06455,-0.0965451036123,0,0.0965451036123,0.497099480689
0.0646,-0.095943578439,0,0.095943578439,0.497263409712
0.06465,-0.0953458010739,0,0.0953458010739,0.497425107529
0.0647,-0.0947517481663,0,0.0947517481663,0.497584595649
0.06475,-0.0941613965109,0,0.0941613965109,0.497741895378
0.0648,-0.093574723047,0,0.093574723047,0.497897027816
0.06485,-0.0929917048577,0,0.0929917048577,0.498050013863
0.0649,-0.0924123191686,0,0.0924123191686,0.498200874222
0.06495,-0.0918365433475,0,0.0918365433475,0.498349629401
0.065,-0.0912643549031,0,0.0912643549031,0.49849629971
0.06505,-0.0906957314841,0,0.0906957314841,0.498640905272
0.0651,-0.0901306508787,0,0.0901306508787,0.498783466016
0.06515,-0.0895690910132,0,0.0895690910132,0.498924001687
0.0652,-0.0890110299518,0,0.0890110299518,0.499062531843
0.06525,-0.0884564458951,0,0.0884564458951,0.499199075858
0.0653,-0.0879053171795,0,0.0879053171795,0.499333652925
0.06535,-0.0873576222766,0,0.0873576222766,0.499466282056
0.0654,-0.0868133397919,0,0.0868133397919,0.499596982089
0.06545,-0.0862724484643,0,0.0862724484643,0.499725771682
0.0655,-0.0857349271652,0,0.0857349271652,0.499852669321
0.06555,-0.0852007548976,0,0.0852007548976,0.499977693321
0.0656,-0.0846699107953,0,0.0846699107953,0.500100861826
0.06565,-0.0841423741222,0,0.0841423741222,0.50022219281
0.0657,-0.0836181242712,0,0.0836181242712,0.500341704083
0.06575,-0.0830971407639,0,0.0830971407639,0.500459413289
0.0658,-0.0825794032492,0,0.0825794032492,0.500575337908
0.06585,-0.0820648915029,0,0.0820648915029,0.500689495262
0.0659,-0.081553585427,0,0.081553585427,0.500801902508
0.06595,-0.0810454650483,0,0.0810454650483,0.500912576651
0.066,-0.0805405105183,0,0.0805405105183,0.501021534534
0.06605,-0.0800387021124,0,0.0800387021124,0.501128792849
0.0661,-0.0795400202284,0,0.0795400202284,0.501234368135
0.06615,-0.0790444453865,0,0.0790444453865,0.501338276777
0.0662,-0.0785519582284,0,0.0785519582284,0.501440535011
0.06625,-0.0780625395161,0,0.0780625395161,0.501541158926
0.0663,-0.0775761701316,0,0.0775761701316,0.501640164462
0.06635,-0.0770928310762,0,0.0770928310762,0.501737567416
0.0664,-0.0766125034694,0,0.0766125034694,0.501833383439
0.06645,-0.0761351685481,0,0.0761351685481,0.50192762804
0.0665,-0.0756608076666,0,0.0756608076666,0.502020316588
0.06655,-0.075189402295,0,0.075189402295,0.502111464311
0.0666,-0.074720934019,0,0.074720934019,0.502201086301
0.06665,-0.0742553845389,0,0.0742553845389,0.50228919751
0.0667,-0.0737927356693,0,0.0737927356693,0.502375812759
0.06675,-0.0733329693378,0,0.0733329693378,0.50246094673
0.0668,-0.0728760675847,0,0.0728760675847,0.502544613977
0.06685,-0.0724220125623,0,0.0724220125623,0.50262682892
0.0669,-0.071970786534,0,0.071970786534,0.502707605849
0.06695,-0.0715223718736,0,0.0715223718736,0.502786958926
0.067,-0.071076751065,0,0.071076751065,0.502864902185
0.06705,-0.070633906701,0,0.070633906701,0.502941449535
0.0671,-0.070193821483,0,0.070193821483,0.503016614758
0.06715,-0.0697564782201,0,0.0697564782201,0.503090411515
0.0672,-0.0693218598285,0,0.0693218598285,0.503162853343
0.06725,-0.0688899493308,0,0.0688899493308,0.503233953656
0.0673,-0.0684607298556,0,0.0684607298556,0.50330372575
0.06735,-0.0680341846363,0,0.0680341846363,0.503372182803
0.0674,-0.067610297011,0,0.067610297011,0.503439337873
0.06745,-0.0671890504215,0,0.0671890504215,0.503505203903
0.0675,-0.0667704284128,0,0.0667704284128,0.503569793718
0.06755,-0.0663544146325,0,0.0663544146325,0.503633120031
0.0676,-0.06594099283,0,0.06594099283,0.503695195442
0.06765,-0.0655301468558,0,0.0655301468558,0.503756032437
0.0677,-0.0651218606614,0,0.0651218606614,0.503815643392
0.06775,-0.0647161182979,0,0.0647161182979,0.503874040573
0.0678,-0.0643129039161,0,0.0643129039161,0.503931236136
0.06785,-0.0639122017652,0,0.0639122017652,0.50398724213
0.0679,-0.0635139961928,0,0.0635139961928,0.504042070497
0.06795,-0.063118271644,0,0.063118271644,0.504095733073
0.068,-0.0627250126607,0,0.0627250126607,0.504148241588
0.06805,-0.0623342038811,0,0.0623342038811,0.50419960767
0.0681,-0.0619458300394,0,0.0619458300394,0.504249842843
0.06815,-0.0615598759645,0,0.0615598759645,0.504298958529
0.0682,-0.06117632658,0,0.06117632658,0.504346966048
0.06825,-0.0607951669037,0,0.0607951669037,0.504393876623
0.0683,-0.0604163820462,0,0.0604163820462,0.504439701375
0.06835,-0.0600399572114,0,0.0600399572114,0.504484451328
0.0684,-0.059665877695,0,0.059665877695,0.504528137408
0.06845,-0.0592941288845,0,0.0592941288845,0.504570770446
0.0685,-0.0589246962586,0,0.0589246962586,0.504612361175
0.06855,-0.058557565386,0,0.058557565386,0.504652920237
0.0686,-0.0581927219258,0,0.0581927219258,0.504692458176
0.06865,-0.0578301516262,0,0.0578301516262,0.504730985448
0.0687,-0.0574698403242,0,0.0574698403242,0.504768512412
0.06875,-0.0571117739452,0,0.0571117739452,0.50480504934
0.0688,-0.0567559385021,0,0.0567559385021,0.50484060641
0.06885,-0.0564023200951,0,0.0564023200951,0.504875193715
0.0689,-0.0560509049109,0,0.0560509049109,0.504908821255
0.06895,-0.0557016792223,0,0.0557016792223,0.504941498944
0.069,-0.0553546293876,0,0.0553546293876,0.504973236609
0.06905,-0.0550097418502,0,0.0550097418502,0.505004043991
0.0691,-0.0546670031378,0,0.0546670031378,0.505033930744
0.06915,-0.0543263998621,0,0.0543263998621,0.50506290644
0.0692,-0.0539879187184,0,0.0539879187184,0.505090980564
0.06925,-0.0536515464846,0,0.0536515464846,0.50511816252
0.0693,-0.0533172700211,0,0.0533172700211,0.505144461628
0.06935,-0.0529850762703,0,0.0529850762703,0.505169887127
0.0694,-0.0526549522558,0,0.0526549522558,0.505194448176
0.06945,-0.0523268850821,0,0.0523268850821,0.505218153853
0.0695,-0.0520008619339,0,0.0520008619339,0.505241013155
0.06955,-0.051676870076,0,0.051676870076,0.505263035002
0.0696,-0.0513548968525,0,0.0513548968525,0.505284228235
0.06965,-0.0510349296861,0,0.0510349296861,0.505304601619
0.0697,-0.0507169560782,0,0.0507169560782,0.505324163841
0.06975,-0.0504009636078,0,0.0504009636078,0.505342923511
0.0698,-0.0500869399314,0,0.0500869399314,0.505360889167
0.06985,-0.0497748727825,0,0.0497748727825,0.505378069268
0.0699,-0.0494647499709,0,0.0494647499709,0.505394472202
0.06995,-0.0491565593824,0,0.0491565593824,0.505410106282
0.07,-0.0488502889783,0,0.0488502889783,0.50542497975
0.07005,-0.0485459267948,0.35,0.398545926795,0.506917740506
0.0701,-0.0482434609427,0.35,0.398243460943,0.508400292975
0.07015,-0.0479428796069,0.35,0.397942879607,0.509872683492
0.0702,-0.047644171046,0.35,0.397644171046,0.511334958641
0.07025,-0.0473473235915,0.35,0.397347323592,0.512787165239
0.0703,-0.0470523256479,0.35,0.397052325648,0.514229350329
0.07035,-0.0467591656918,0.35,0.396759165692,0.515661561165
0.0704,-0.0464678322715,0.35,0.396467832272,0.517083845203
0.07045,-0.0461783140068,0.35,0.396178314007,0.518496250089
0.0705,-0.0458905995884,0.35,0.395890599588,0.519898823647
0.07055,-0.0456046777774,0.35,0.395604677777,0.521291613871
0.0706,-0.0453205374049,0.35,0.395320537405,0.522674668913
0.07065,-0.0450381673716,0.35,0.395038167372,0.524048037074
0.0707,-0.0447575566475,0.35,0.394757556647,0.525411766791
0.07075,-0.0444786942711,0.35,0.394478694271,0.526765906632
0.0708,-0.0442015693494,0.35,0.394201569349,0.528110505283
0.07085,-0.0439261710571,0.35,0.393926171057,0.52944561154
0.0709,-0.0436524886365,0.35,0.393652488636,0.530771274298
0.07095,-0.0433805113967,0.35,0.393380511397,0.532087542546
0.071,-0.0431102287137,0.35,0.393110228714,0.533394465356
0.07105,-0.0428416300295,-0.14953198166,-0.10669035163,0.533053495595
0.0711,-0.0425747048519,-0.148600321246,-0.106025616394,0.532715811838
0.07115,-0.0423094427541,-0.147674465551,-0.105365022797,0.532381385978
0.0712,-0.0420458333743,-0.146754378409,-0.104708545034,0.532050190157
0.07125,-0.0417838664152,-0.145840023878,-0.104056157463,0.531722196763
0.0713,-0.0415235316437,-0.144931366242,-0.103407834598,0.531397378432
0.07135,-0.0412648188904,-0.144028370005,-0.102763551115,0.531075708037
0.0714,-0.0410077180494,-0.143130999895,-0.102123281846,0.530757158694
0.07145,-0.0407522190776,-0.142239220858,-0.101487001781,0.530441703756
0.0715,-0.0404983119945,-0.141352998059,-0.100854686065,0.530129316808
0.07155,-0.0402459868819,-0.140472296879,-0.100226309997,0.529819971669
0.0716,-0.0399952338833,-0.139597082916,-0.0996018490332,0.529513642389
0.07165,-0.0397460432035,-0.138727321982,-0.0989812787789,0.529210303242
0.0717,-0.0394984051087,-0.137862980102,-0.0983645749934,0.528909928731
0.07175,-0.0392523099253,-0.137004023512,-0.0977517135865,0.528612493578
0.0718,-0.0390077480402,-0.136150418659,-0.0971426706185,0.528317972729
0.07185,-0.0387647099003,-0.135302132199,-0.0965374222983,0.528026341346
0.0719,-0.0385231860118,-0.134459130995,-0.0959359449835,0.527737574808
0.07195,-0.0382831669401,-0.133621382119,-0.0953382151787,0.527451648708
0.072,-0.0380446433095,-0.132788852845,-0.0947442095351,0.52716853885
0.07205,-0.0378076058027,-0.131961510652,-0.0941539048492,0.52688822125
0.0721,-0.0375720451602,-0.131139323222,-0.0935672780622,0.526610672128
0.07215,-0.0373379521805,-0.130322258439,-0.0929843062589,0.526335867914
0.0722,-0.0371053177194,-0.129510284386,-0.0924049666669,0.526063785236
0.07225,-0.0368741326894,-0.128703369345,-0.0918292366556,0.525794400928
0.0723,-0.0366443880599,-0.127901481795,-0.0912570937356,0.525527692022
0.07235,-0.0364160748565,-0.127104590414,-0.0906885155574,0.525263635747
0.0724,-0.0361891841607,-0.126312664072,-0.0901234799108,0.525002209528
0.07245,-0.0359637071094,-0.125525671834,-0.0895619647242,0.524743390983
0.0725,-0.0357396348951,-0.124743582958,-0.0890039480632,0.524487157923
0.07255,-0.0355169587647,-0.123966366895,-0.0884494081302,0.524233488347
0.0726,-0.0352956700201,-0.123193993284,-0.0878983232635,0.523982360443
0.07265,-0.0350757600171,-0.122426431953,-0.0873506719362,0.523733752586
0.0727,-0.0348572201654,-0.121663652921,-0.0868064327557,0.523487643334
0.07275,-0.0346400419284,-0.120905626391,-0.0862655844625,0.523244011428
0.0728,-0.0344242168223,-0.120152322752,-0.0857281059296,0.523002835789
0.07285,-0.0342097364166,-0.119403712578,-0.0851939761617,0.522764095518
0.0729,-0.0339965923331,-0.118659766628,-0.0846631742944,0.522527769894
0.07295,-0.0337847762458,-0.117920455839,-0.0841356795931,0.522293838369
0.073,-0.0335742798806,-0.117185751333,-0.0836114714525,0.522062280572
0.07305,-0.033365095015,-0.116455624411,-0.0830905293957,0.521833076301
0.0731,-0.0331572134777,-0.115730046551,-0.0825728330732,0.521606205528
0.07315,-0.0329506271482,-0.115008989411,-0.0820583622624,0.521381648392
0.0732,-0.0327453279568,-0.114292424824,-0.0815470968669,0.521159385198
0.07325,-0.0325413078839,-0.113580324799,-0.0810390169153,0.520939396421
0.0733,-0.03233855896,-0.112872661521,-0.0805341025605,0.520721662695
0.07335,-0.0321370732652,-0.112169407345,-0.0800323340794,0.52050616482
0.0734,-0.0319368429289,-0.1114705348,-0.0795336918715,0.520292883758
0.07345,-0.0317378601295,-0.110776016588,-0.0790381564585,0.520081800626
0.0735,-0.0315401170944,-0.110085825578,-0.0785457084836,0.519872896704
0.07355,-0.0313436060991,-0.109399934809,-0.0780563287104,0.519666153426
0.0736,-0.0311483194674,-0.10871831749,-0.0775699980224,0.519461552382
0.07365,-0.0309542495709,-0.108040946993,-0.0770866974224,0.519259075314
0.0737,-0.0307613888287,-0.10736779686,-0.0766064080313,0.51905870412
0.07375,-0.0305697297072,-0.106698840795,-0.0761291110878,0.518860420845
0.0738,-0.0303792647196,-0.106034052667,-0.0756547879473,0.518664207685
0.07385,-0.0301899864259,-0.105373406508,-0.0751834200816,0.518470046984
0.0739,-0.0300018874324,-0.10471687651,-0.0747149890778,0.518277921233
0.07395,-0.0298149603914,-0.104064437029,-0.0742494766378,0.518087813068
0.074,-0.0296291980011,-0.103416062579,-0.0737868645774,0.51789970527
0.07405,-0.0294445930052,-0.102771727831,-0.0733271348258,0.51771358076
0.0741,-0.0292611381924,-0.102131407617,-0.0728702694247,0.517529422604
0.07415,-0.0290788263965,-0.101495076924,-0.0724162505278,0.517347214004
0.0742,-0.028897650496,-0.100862710896,-0.0719650603998,0.517166938306
0.07425,-0.0287176034136,-0.10023428483,-0.0715166814162,0.516988578988
0.0743,-0.0285386781163,-0.0996097741783,-0.0710710960621,0.516812119668
0.07435,-0.0283608676147,-0.0989891545463,-0.0706282869317,0.516637544099
0.0744,-0.0281841649631,-0.0983724016907,-0.0701882367277,0.516464836165
0.07445,-0.028008563259,-0.0977594915196,-0.0697509282606,0.516293979885
0.0745,-0.027834055643,-0.097150400091,-0.0693163444481,0.51612495941
0.07455,-0.0276606352983,-0.0965451036123,-0.068884468314,0.515957759019
0.0746,-0.0274882954507,-0.095943578439,-0.0684552829883,0.515792363122
0.07465,-0.0273170293682,-0.0953458010739,-0.0680287717058,0.515628756256
0.0747,-0.0271468303605,-0.0947517481663,-0.0676049178058,0.515466923085
0.07475,-0.0269776917794,-0.0941613965109,-0.0671837047315,0.515306848398
0.0748,-0.0268096070178,-0.093574723047,-0.0667651160292,0.515148517111
0.07485,-0.0266425695099,-0.0929917048577,-0.0663491353477,0.51499191426
0.0749,-0.0264765727308,-0.0924123191686,-0.0659357464378,0.514837025006
0.07495,-0.0263116101961,-0.0918365433475,-0.0655249331514,0.51468383463
0.075,-0.0261476754621,-0.0912643549031,-0.065116679441,0.514532328533
0.07505,-0.0259847621249,-0.0906957314841,-0.0647109693592,0.514382492236
0.0751,-0.0258228638209,-0.0901306508787,-0.0643077870578,0.514234311379
0.07515,-0.0256619742257,-0.0895690910132,-0.0639071167875,0.514087771716
0.0752,-0.0255020870547,-0.0890110299518,-0.0635089428972,0.513942859119
0.07525,-0.0253431960621,-0.0884564458951,-0.0631132498329,0.513799559575
0.0753,-0.0251852950415,-0.0879053171795,-0.0627200221381,0.513657859186
0.07535,-0.0250283778245,-0.0873576222766,-0.062329244452,0.513517744164
0.0754,-0.0248724382818,-0.0868133397919,-0.06194090151,0.513379200836
0.07545,-0.0247174703219,-0.0862724484643,-0.0615549781424,0.513242215639
0.0755,-0.0245634678913,-0.0857349271652,-0.0611714592739,0.513106775119
0.07555,-0.0244104249743,-0.0852007548976,-0.0607903299233,0.512972865933
0.0756,-0.0242583355926,-0.0846699107953,-0.0604115752027,0.512840474845
0.07565,-0.0241071938052,-0.0841423741222,-0.060035180317,0.512709588727
0.0757,-0.0239569937082,-0.0836181242712,-0.0596611305631,0.512580194556
0.07575,-0.0238077294342,-0.0830971407639,-0.0592894113297,0.512452279416
0.0758,-0.0236593951528,-0.0825794032492,-0.0589200080965,0.512325830495
0.07585,-0.0235119850694,-0.0820648915029,-0.0585529064335,0.512200835084
0.0759,-0.023365493426,-0.081553585427,-0.058188092001,0.512077280578
0.07595,-0.0232199145001,-0.0810454650483,-0.0578255505482,0.511955154472
0.076,-0.0230752426051,-0.0805405105183,-0.0574652679133,0.511834444365
0.07605,-0.0229314720897,-0.0800387021124,-0.0571072300227,0.511715137952
0.0761,-0.0227885973378,-0.0795400202284,-0.0567514228906,0.511597223031
0.07615,-0.0226466127684,-0.0790444453865,-0.0563978326181,0.511480687496
0.0762,-0.0225055128352,-0.0785519582284,-0.0560464453932,0.511365519341
0.07625,-0.0223652920264,-0.0780625395161,-0.0556972474896,0.511251706654
0.0763,-0.0222259448648,-0.0775761701316,-0.0553502252669,0.511139237621
0.07635,-0.0220874659069,-0.0770928310762,-0.0550053651694,0.511028100522
0.0764,-0.0219498497434,-0.0766125034694,-0.0546626537259,0.510918283733
0.07645,-0.0218130909988,-0.0761351685481,-0.0543220775493,0.510809775721
0.0765,-0.0216771843308,-0.0756608076666,-0.0539836233358,0.510702565048
0.07655,-0.0215421244306,-0.075189402295,-0.0536472778644,0.510596640366
0.0766,-0.0214079060223,-0.074720934019,-0.0533130279967,0.510491990422
0.07665,-0.0212745238631,-0.0742553845389,-0.0529808606758,0.510388604049
0.0767,-0.0211419727427,-0.0737927356693,-0.0526507629266,0.510286470171
0.07675,-0.0210102474833,-0.0733329693378,-0.0523227218545,0.510185577804
0.0768,-0.0208793429393,-0.0728760675847,-0.0519967246454,0.510085916048
0.07685,-0.0207492539974,-0.0724220125623,-0.0516727585649,0.509987474092
0.0769,-0.0206199755758,-0.071970786534,-0.0513508109582,0.509890241214
0.07695,-0.0204915026246,-0.0715223718736,-0.051030869249,0.509794206775
0.077,-0.0203638301254,-0.071076751065,-0.0507129209397,0.509699360222
0.07705,-0.0202369530908,-0.070633906701,-0.0503969536102,0.509605691088
0.0771,-0.0201108665648,-0.070193821483,-0.0500829549182,0.509513188989
0.07715,-0.0199855656221,-0.0697564782201,-0.049770912598,0.509421843624
0.0772,-0.0198610453681,-0.0693218598285,-0.0494608144604,0.509331644776
0.07725,-0.0197373009387,-0.0688899493308,-0.0491526483921,0.509242582307
0.0773,-0.0196143275002,-0.0684607298556,-0.0488464023554,0.509154646163
0.07735,-0.0194921202488,-0.0680341846363,-0.0485420643875,0.50906782637
0.0774,-0.0193706744108,-0.067610297011,-0.0482396226002,0.508982113033
0.07745,-0.0192499852422,-0.0671890504215,-0.0479390651792,0.508897496337
0.0775,-0.0191300480287,-0.0667704284128,-0.0476403803841,0.508813966545
0.07755,-0.0190108580851,-0.0663544146325,-0.0473435565474,0.508731513998
0.0776,-0.0188924107555,-0.06594099283,-0.0470485820745,0.508650129116
0.07765,-0.0187747014131,-0.0655301468558,-0.0467554454427,0.508569802392
0.0777,-0.01865772546,-0.0651218606614,-0.0464641352014,0.508490524399
0.07775,-0.0185414783265,-0.0647161182979,-0.0461746399714,0.508412285784
0.0778,-0.018425955472,-0.0643129039161,-0.0458869484441,0.508335077267
0.07785,-0.0183111523836,-0.0639122017652,-0.0456010493816,0.508258889646
0.0779,-0.018197064577,-0.0635139961928,-0.0453169316158,0.508183713789
0.07795,-0.0180836875955,-0.063118271644,-0.0450345840484,0.508109540639
0.078,-0.0179710170104,-0.0627250126607,-0.0447539956503,0.508036361211
0.07805,-0.0178590484204,-0.0623342038811,-0.0444751554607,0.507964166592
0.0781,-0.0177477774518,-0.0619458300394,-0.0441980525876,0.507892947941
0.07815,-0.0176371997579,-0.0615598759645,-0.0439226762065,0.507822696485
0.0782,-0.0175273110195,-0.06117632658,-0.0436490155606,0.507753403524
0.07825,-0.0174181069438,-0.0607951669037,-0.0433770599598,0.507685060427
0.0783,-0.0173095832652,-0.0604163820462,-0.043106798781,0.507617658632
0.07835,-0.0172017357443,-0.0600399572114,-0.042838221467,0.507551189644
0.0784,-0.0170945601685,-0.059665877695,-0.0425713175265,0.507485645038
0.07845,-0.0169880523511,-0.0592941288845,-0.0423060765335,0.507421016455
0.0785,-0.0168822081316,-0.0589246962586,-0.042042488127,0.507357295604
0.07855,-0.0167770233755,-0.058557565386,-0.0417805420105,0.507294474259
0.0786,-0.0166724939741,-0.0581927219258,-0.0415202279517,0.50723254426
0.07865,-0.0165686158441,-0.0578301516262,-0.0412615357821,0.507171497514
0.0787,-0.0164653849277,-0.0574698403242,-0.0410044553965,0.507111325991
0.07875,-0.0163627971925,-0.0571117739452,-0.0407489767527,0.507052021725
0.0788,-0.0162608486312,-0.0567559385021,-0.040495089871,0.506993576816
0.07885,-0.0161595352613,-0.0564023200951,-0.0402427848338,0.506935983424
0.0789,-0.0160588531253,-0.0560509049109,-0.0399920517856,0.506879233774
0.07895,-0.0159587982904,-0.0557016792223,-0.0397428809319,0.506823320153
0.079,-0.015859366848,-0.0553546293876,-0.0394952625396,0.506768234908
0.07905,-0.0157605549141,-0.0550097418502,-0.0392491869361,0.506713970451
0.0791,-0.0156623586289,-0.0546670031378,-0.0390046445088,0.50666051925
0.07915,-0.0155647741566,-0.0543263998621,-0.0387616257055,0.506607873838
0.0792,-0.0154677976853,-0.0539879187184,-0.0385201210331,0.506556026803
0.07925,-0.0153714254268,-0.0536515464846,-0.0382801210578,0.506504970796
0.0793,-0.0152756536165,-0.0533172700211,-0.0380416164046,0.506454698526
0.07935,-0.0151804785135,-0.0529850762703,-0.0378045977569,0.50640520276
0.0794,-0.0150858963997,-0.0526549522558,-0.0375690558561,0.506356476322
0.07945,-0.0149919035808,-0.0523268850821,-0.0373349815013,0.506308512096
0.0795,-0.0148984963849,-0.0520008619339,-0.037102365549,0.506261303021
0.07955,-0.0148056711635,-0.051676870076,-0.0368711989125,0.506214842092
0.0796,-0.0147134242905,-0.0513548968525,-0.036641472562,0.506169122363
0.07965,-0.0146217521625,-0.0510349296861,-0.0364131775236,0.506124136942
0.0797,-0.0145306511985,-0.0507169560782,-0.0361863048796,0.506079878992
0.07975,-0.01444011784,-0.0504009636078,-0.0359608457678,0.50603634173
0.0798,-0.0143501485504,-0.0500869399314,-0.035736791381,0.505993518431
0.07985,-0.0142607398153,-0.0497748727825,-0.0355141329672,0.505951402419
0.0799,-0.0141718881422,-0.0494647499709,-0.0352928618288,0.505909987077
0.07995,-0.0140835900602,-0.0491565593824,-0.0350729693222,0.505869265836
0.08,-0.0139958421203,-0.0488502889783,-0.034854446858,0.505829232184
0.08005,-0.0139086408947,-0.0485459267948,-0.0346372859,0.505789879658
0.0801,-0.0138219829772,-0.0482434609427,-0.0344214779655,0.505751201849
0.08015,-0.0137358649827,-0.0479428796069,-0.0342070146242,0.505713192398
0.0802,-0.0136502835471,-0.047644171046,-0.0339938874989,0.505675845
0.08025,-0.0135652353275,-0.0473473235915,-0.0337820882641,0.505639153398
0.0803,-0.0134807170016,-0.0470523256479,-0.0335716086464,0.505603111385
0.08035,-0.0133967252679,-0.0467591656918,-0.0333624404239,0.505567712806
0.0804,-0.0133132568455,-0.0464678322715,-0.033154575426,0.505532951555
0.08045,-0.0132303084739,-0.0461783140068,-0.032948005533,0.505498821575
0.0805,-0.0131478769129,-0.0458905995884,-0.0327427226755,0.505465316856
0.08055,-0.0130659589425,-0.0456046777774,-0.0325387188349,0.505432431439
0.0806,-0.0129845513628,-0.0453205374049,-0.0323359860421,0.505400159413
0.08065,-0.0129036509938,-0.0450381673716,-0.0321345163779,0.505368494912
0.0807,-0.0128232546752,-0.0447575566475,-0.0319343019722,0.50533743212
0.08075,-0.0127433592668,-0.0444786942711,-0.0317353350044,0.505306965268
0.0808,-0.0126639616474,-0.0442015693494,-0.0315376077021,0.50527708863
0.08085,-0.0125850587156,-0.0439261710571,-0.0313411123416,0.505247796531
0.0809,-0.0125066473892,-0.0436524886365,-0.0311458412472,0.505219083339
0.08095,-0.0124287246054,-0.0433805113967,-0.0309517867913,0.505190943469
0.081,-0.0123512873202,-0.0431102287137,-0.0307589413935,0.505163371378
0.08105,-0.0122743325088,-0.0428416300295,-0.0305672975207,0.505136361573
0.0811,-0.012197857165,-0.0425747048519,-0.0303768476869,0.5051099086
0.08115,-0.0121218583015,-0.0423094427541,-0.0301875844525,0.505084007054
0.0812,-0.0120463329497,-0.0420458333743,-0.0299995004246,0.505058650463
0.08125,-0.0119712781593,-0.0417838664152,-0.0298125882559,0.505033420339
0.0813,-0.0118966909985,-0.0415235316437,-0.0296268406452,0.50500831605
0.08135,-0.0118225685537,-0.0412648188904,-0.0294422503368,0.504983336969
0.0814,-0.0117489079294,-0.0410077180494,-0.02925881012,0.504958482473
0.08145,-0.0116757062484,-0.0407522190776,-0.0290765128292,0.504933751938
0.0815,-0.0116029606512,-0.0404983119945,-0.0288953513433,0.504909144748
0.08155,-0.011530668296,-0.0402459868819,-0.0287153185859,0.504884660286
0.0816,-0.0114588263591,-0.0399952338833,-0.0285364075242,0.504860297941
0.08165,-0.011387432034,-0.0397460432035,-0.0283586111695,0.504836057104
0.0817,-0.011316482532,-0.0394984051087,-0.0281819225767,0.504811937169
0.08175,-0.0112459750814,-0.0392523099253,-0.0280063348438,0.504787937532
0.0818,-0.0111759069282,-0.0390077480402,-0.027831841112,0.504764057594
0.08185,-0.0111062753353,-0.0387647099003,-0.027658434565,0.504740296758
0.0819,-0.0110370775827,-0.0385231860118,-0.0274861084291,0.504716654429
0.08195,-0.0109683109673,-0.0382831669401,-0.0273148559728,0.504693130017
0.082,-0.010899972803,-0.0380446433095,-0.0271446705065,0.504669722933
0.08205,-0.0108320604203,-0.0378076058027,-0.0269755453824,0.504646432593
0.0821,-0.0107645711663,-0.0375720451602,-0.026807473994,0.504623258414
0.08215,-0.0106975024047,-0.0373379521805,-0.0266404497759,0.504600199816
0.0822,-0.0106308515156,-0.0371053177194,-0.0264744662038,0.504577256224
0.08225,-0.0105646158956,-0.0368741326894,-0.0263095167938,0.504554427063
0.0823,-0.0104987929572,-0.0366443880599,-0.0261455951028,0.504531711763
0.08235,-0.0104333801292,-0.0364160748565,-0.0259826947273,0.504509109757
0.0824,-0.0103683748565,-0.0361891841607,-0.0258208093042,0.504486620478
0.08245,-0.0103037745997,-0.0359637071094,-0.0256599325097,0.504464243365
0.0825,-0.0102395768355,-0.0357396348951,-0.0255000580596,0.504441977858
0.08255,-0.010175779056,-0.0355169587647,-0.0253411797088,0.504419823401
0.0826,-0.0101123787692,-0.0352956700201,-0.025183291251,0.50439777944
0.08265,-0.0100493734984,-0.0350757600171,-0.0250263865187,0.504375845424
0.0827,-0.00998676078261,-0.0348572201654,-0.0248704593828,0.504354020803
0.08275,-0.00992453817591,-0.0346400419284,-0.0247155037524,0.504332305034
0.0828,-0.00986270324775,-0.0344242168223,-0.0245615135746,0.504310697573
0.08285,-0.00980125358268,-0.0342097364166,-0.0244084828339,0.504289197879
0.0829,-0.00974018678033,-0.0339965923331,-0.0242564055528,0.504267805415
0.08295,-0.00967950045527,-0.0337847762458,-0.0241052757905,0.504246519647
0.083,-0.00961919223692,-0.0335742798806,-0.0239550876437,0.504225340042
0.08305,-0.00955925976949,-0.033365095015,-0.0238058352455,0.50420426607
0.0831,-0.00949970071187,-0.0331572134777,-0.0236575127658,0.504183297206
0.08315,-0.00944051273751,-0.0329506271482,-0.0235101144107,0.504162432924
0.0832,-0.00938169353438,-0.0327453279568,-0.0233636344224,0.504141672703
0.08325,-0.00932324080484,-0.0325413078839,-0.0232180670791,0.504121016024
0.0833,-0.00926515226559,-0.03233855896,-0.0230734066944,0.504100462371
0.08335,-0.00920742564752,-0.0321370732652,-0.0229296476177,0.50408001123
0.0834,-0.00915005869569,-0.0319368429289,-0.0227867842332,0.504059662089
0.08345,-0.00909304916919,-0.0317378601295,-0.0226448109603,0.50403941444
0.0835,-0.00903639484108,-0.0315401170944,-0.0225037222533,0.504019267776
0.08355,-0.00898009349829,-0.0313436060991,-0.0223635126008,0.503999221595
0.0836,-0.00892414294155,-0.0311483194674,-0.0222241765259,0.503979275394
0.08365,-0.00886854098527,-0.0309542495709,-0.0220857085856,0.503959428675
0.0837,-0.00881328545751,-0.0307613888287,-0.0219481033712,0.503939680942
0.08375,-0.00875837419982,-0.0305697297072,-0.0218113555073,0.503920031701
0.0838,-0.00870380506725,-0.0303792647196,-0.0216754596523,0.503900480462
0.08385,-0.00864957592816,-0.0301899864259,-0.0215404104977,0.503881026734
0.0839,-0.00859568466424,-0.0300018874324,-0.0214062027682,0.503861670033
0.08395,-0.00854212917034,-0.0298149603914,-0.0212728312211,0.503842409873
0.084,-0.00848890735445,-0.0296291980011,-0.0211402906467,0.503823245774
0.08405,-0.00843601713758,-0.0294445930052,-0.0210085758676,0.503804177256
0.0841,-0.0083834564537,-0.0292611381924,-0.0208776817387,0.503785203843
0.08415,-0.00833122324966,-0.0290788263965,-0.0207476031468,0.50376632506
0.0842,-0.00827931548508,-0.028897650496,-0.0206183350109,0.503747540435
0.08425,-0.00822773113232,-0.0287176034136,-0.0204898722813,0.503728849499
0.0843,-0.00817646817635,-0.0285386781163,-0.0203622099399,0.503710251785
0.08435,-0.00812552461471,-0.0283608676147,-0.0202353429999,0.503691746827
0.0844,-0.00807489845741,-0.0281841649631,-0.0201092665056,0.503673334163
0.08445,-0.00802458772686,-0.028008563259,-0.0199839755321,0.503655013332
0.0845,-0.00797459045778,-0.027834055643,-0.0198594651852,0.503636783877
0.08455,-0.00792490469716,-0.0276606352983,-0.0197357306011,0.503618645342
0.0846,-0.00787552850414,-0.0274882954507,-0.0196127669466,0.503600597273
0.08465,-0.00782645994995,-0.0273170293682,-0.0194905694182,0.503582639219
0.0847,-0.00777769711784,-0.0271468303605,-0.0193691332427,0.503564770731
0.08475,-0.00772923810302,-0.0269776917794,-0.0192484536764,0.503546991363
0.0848,-0.00768108101255,-0.0268096070178,-0.0191285260053,0.50352930067
0.08485,-0.00763322396528,-0.0266425695099,-0.0190093455447,0.503511698209
0.0849,-0.00758566509179,-0.0264765727308,-0.018890907639,0.503494183542
0.08495,-0.0075384025343,-0.0263116101961,-0.0187732076618,0.503476756228
0.085,-0.00749143444663,-0.0261476754621,-0.0186562410155,0.503459415834
0.08505,-0.00744475899407,-0.0259847621249,-0.0185400031309,0.503442161926
0.0851,-0.00739837435335,-0.0258228638209,-0.0184244894675,0.503424994072
0.08515,-0.00735227871257,-0.0256619742257,-0.0183096955131,0.503407911843
0.0852,-0.00730647027111,-0.0255020870547,-0.0181956167836,0.503390914811
0.08525,-0.00726094723957,-0.0253431960621,-0.0180822488226,0.503374002553
0.0853,-0.00721570783971,-0.0251852950415,-0.0179695872017,0.503357174645
0.08535,-0.00717075030436,-0.0250283778245,-0.0178576275202,0.503340430667
0.0854,-0.00712607287735,-0.0248724382818,-0.0177463654045,0.503323770199
0.08545,-0.00708167381347,-0.0247174703219,-0.0176357965084,0.503307192826
0.0855,-0.00703755137837,-0.0245634678913,-0.0175259165129,0.503290698133
0.08555,-0.00699370384852,-0.0244104249743,-0.0174167211257,0.503274285708
0.0856,-0.00695012951112,-0.0242583355926,-0.0173082060815,0.50325795514
0.08565,-0.00690682666403,-0.0241071938052,-0.0172003671412,0.503241706021
0.0857,-0.00686379361574,-0.0239569937082,-0.0170932000924,0.503225537944
0.08575,-0.00682102868526,-0.0238077294342,-0.016986700749,0.503209450507
0.0858,-0.00677853020207,-0.0236593951528,-0.0168808649507,0.503193443306
0.08585,-0.00673629650609,-0.0235119850694,-0.0167756885633,0.503177515941
0.0859,-0.00669432594755,-0.023365493426,-0.0166711674784,0.503161668014
0.08595,-0.00665261688696,-0.0232199145001,-0.0165672976131,0.503145899129
0.086,-0.00661116769507,-0.0230752426051,-0.01646407491,0.503130208891
0.08605,-0.00656997675275,-0.0229314720897,-0.0163614953369,0.50311459691
0.0861,-0.00652904245099,-0.0227885973378,-0.0162595548868,0.503099062793
0.08615,-0.00648836319078,-0.0226466127684,-0.0161582495776,0.503083606152
0.0862,-0.00644793738308,-0.0225055128352,-0.0160575754521,0.503068226603
0.08625,-0.00640776344875,-0.0223652920264,-0.0159575285777,0.503052923759
0.0863,-0.0063678398185,-0.0222259448648,-0.0158581050463,0.503037697238
0.08635,-0.00632816493281,-0.0220874659069,-0.0157593009741,0.50302254666
0.0864,-0.00628873724186,-0.0219498497434,-0.0156611125016,0.503007471645
0.08645,-0.0062495552055,-0.0218130909988,-0.0155635357933,0.502992471818
0.0865,-0.0062106172932,-0.0216771843308,-0.0154665670376,0.502977546802
0.08655,-0.00617192198392,-0.0215421244306,-0.0153702024466,0.502962696226
0.0866,-0.00613346776612,-0.0214079060223,-0.0152744382562,0.502947919717
0.08665,-0.0060952531377,-0.0212745238631,-0.0151792707254,0.502933216906
0.0867,-0.00605727660587,-0.0211419727427,-0.0150846961368,0.502918587425
0.08675,-0.00601953668718,-0.0210102474833,-0.0149907107961,0.50290403091
0.0868,-0.00598203190741,-0.0208793429393,-0.0148973110319,0.502889546995
0.08685,-0.00594476080152,-0.0207492539974,-0.0148044931959,0.50287513532
0.0869,-0.0059077219136,-0.0206199755758,-0.0147122536622,0.502860795522
0.08695,-0.00587091379682,-0.0204915026246,-0.0146205888278,0.502846527245
0.087,-0.00583433501336,-0.0203638301254,-0.014529495112,0.502832330131
0.08705,-0.00579798413436,-0.0202369530908,-0.0144389689565,0.502818203826
0.0871,-0.00576185973984,-0.0201108665648,-0.014349006825,0.502804147976
0.08715,-0.00572596041871,-0.0199855656221,-0.0142596052034,0.502790162229
0.0872,-0.00569028476863,-0.0198610453681,-0.0141707605995,0.502776246237
0.08725,-0.00565483139602,-0.0197373009387,-0.0140824695427,0.502762399651
0.0873,-0.00561959891598,-0.0196143275002,-0.0139947285842,0.502748622125
0.08735,-0.00558458595225,-0.0194921202488,-0.0139075342965,0.502734913315
0.0874,-0.00554979113711,-0.0193706744108,-0.0138208832737,0.502721272878
0.08745,-0.00551521311139,-0.0192499852422,-0.0137347721308,0.502707700473
0.0875,-0.00548085052438,-0.0191300480287,-0.0136491975043,0.502694195761
0.08755,-0.0054467020338,-0.0190108580851,-0.0135641560513,0.502680758403
0.0876,-0.00541276630571,-0.0188924107555,-0.0134796444498,0.502667388065
0.08765,-0.00537904201448,-0.0187747014131,-0.0133956593987,0.502654084412
0.0877,-0.00534552784278,-0.01865772546,-0.0133121976172,0.50264084711
0.08775,-0.00531222248143,-0.0185414783265,-0.0132292558451,0.50262767583
0.0878,-0.00527912462945,-0.018425955472,-0.0131468308425,0.502614570243
0.08785,-0.00524623299394,-0.0183111523836,-0.0130649193897,0.502601530019
0.0879,-0.00521354629008,-0.018197064577,-0.0129835182869,0.502588554834
0.08795,-0.00518106324104,-0.0180836875955,-0.0129026243545,0.502575644363
0.088,-0.00514878257793,-0.0179710170104,-0.0128222344325,0.502562798283
0.08805,-0.0051167030398,-0.0178590484204,-0.0127423453806,0.502550016273
0.0881,-0.00508482337354,-0.0177477774518,-0.0126629540782,0.502537298014
0.08815,-0.00505314233383,-0.0176371997579,-0.0125840574241,0.502524643187
0.0882,-0.00502165868314,-0.0175273110195,-0.0125056523363,0.502512051477
0.08825,-0.00499037119163,-0.0174181069438,-0.0124277357522,0.502499522568
0.0883,-0.00495927863712,-0.0173095832652,-0.0123503046281,0.502487056147
0.08835,-0.00492837980507,-0.0172017357443,-0.0122733559393,0.502474651903
0.0884,-0.00489767348849,-0.0170945601685,-0.01219688668,0.502462309525
0.08845,-0.00486715848789,-0.0169880523511,-0.0121208938632,0.502450028705
0.0885,-0.0048368336113,-0.0168822081316,-0.0120453745203,0.502437809136
0.08855,-0.00480669767413,-0.0167770233755,-0.0119703257014,0.502425650512
0.0886,-0.0047767494992,-0.0166724939741,-0.0118957444749,0.50241355253
0.08865,-0.00474698791666,-0.0165686158441,-0.0118216279274,0.502401514886
0.0887,-0.00471741176393,-0.0164653849277,-0.0117479731638,0.502389537281
0.08875,-0.0046880198857,-0.0163627971925,-0.0116747773068,0.502377619414
0.0888,-0.00465881113385,-0.0162608486312,-0.0116020374973,0.502365760988
0.08885,-0.00462978436739,-0.0161595352613,-0.0115297508939,0.502353961705
0.0889,-0.00460093845248,-0.0160588531253,-0.0114579146728,0.502342221272
0.08895,-0.00457227226231,-0.0159587982904,-0.011386526028,0.502330539395
0.089,-0.00454378467711,-0.015859366848,-0.0113155821709,0.502318915781
0.08905,-0.00451547458407,-0.0157605549141,-0.01124508033,0.502307350141
0.0891,-0.00448734087734,-0.0156623586289,-0.0111750177516,0.502295842184
0.08915,-0.00445938245792,-0.0155647741566,-0.0111053916987,0.502284391623
0.0892,-0.00443159823371,-0.0154677976853,-0.0110361994516,0.502272998172
0.08925,-0.00440398711936,-0.0153714254268,-0.0109674383074,0.502261661547
0.0893,-0.00437654803632,-0.0152756536165,-0.0108991055802,0.502250381463
0.08935,-0.00434927991274,-0.0151804785135,-0.0108311986007,0.502239157638
0.0894,-0.00432218168346,-0.0150858963997,-0.0107637147163,0.502227989793
0.08945,-0.00429525228995,-0.0149919035808,-0.0106966512908,0.502216877648
0.0895,-0.00426849068029,-0.0148984963849,-0.0106300057046,0.502205820924
0.08955,-0.00424189580908,-0.0148056711635,-0.0105637753544,0.502194819346
0.0896,-0.00421546663747,-0.0147134242905,-0.010497957653,0.502183872639
0.08965,-0.00418920213305,-0.0146217521625,-0.0104325500294,0.502172980529
0.0897,-0.00416310126988,-0.0145306511985,-0.0103675499287,0.502162142743
0.08975,-0.00413716302839,-0.01444011784,-0.0103029548116,0.502151359012
0.0898,-0.00411138639535,-0.0143501485504,-0.0102387621551,0.502140629064
0.08985,-0.00408577036386,-0.0142607398153,-0.0101749694514,0.502129952632
0.0899,-0.0040603139333,-0.0141718881422,-0.0101115742089,0.502119329449
0.08995,-0.00403501610926,-0.0140835900602,-0.0100485739509,0.502108759249
0.09,-0.00400987590356,-0.0139958421203,-0.00998596621672,0.502098241768
0.09005,-0.00398489233414,-0.0139086408947,-0.00992374856058,0.502087776744
0.0901,-0.00396006442509,-0.0138219829772,-0.00986191855212,0.502077363914
0.09015,-0.00393539120656,-0.0137358649827,-0.00980047377611,0.502067003018
0.0902,-0.00391087171474,-0.0136502835471,-0.00973941183235,0.502056693798
0.09025,-0.00388650499186,-0.0135652353275,-0.00967873033561,0.502046435994
0.0903,-0.00386229008606,-0.0134807170016,-0.0096184269155,0.502036229352
0.09035,-0.00383822605147,-0.0133967252679,-0.00955849921641,0.502026073616
0.0904,-0.00381431194806,-0.0133132568455,-0.00949894489742,0.502015968532
0.09045,-0.0037905468417,-0.0132303084739,-0.00943976163217,0.502005913847
0.0905,-0.00376692980406,-0.0131478769129,-0.0093809471088,0.50199590931
0.09055,-0.0037434599126,-0.0130659589425,-0.00932249902988,0.50198595467
0.0906,-0.00372013625051,-0.0129845513628,-0.00926441511226,0.50197604968
0.09065,-0.00369695790672,-0.0129036509938,-0.00920669308704,0.501966194091
0.0907,-0.00367392397582,-0.0128232546752,-0.00914933069943,0.501956387657
0.09075,-0.00365103355804,-0.0127433592668,-0.00909232570872,0.501946630133
0.0908,-0.00362828575922,-0.0126639616474,-0.00903567588814,0.501936921275
0.09085,-0.00360567969078,-0.0125850587156,-0.00897937902479,0.50192726084
0.0909,-0.00358321446965,-0.0125066473892,-0.00892343291958,0.501917648586
0.09095,-0.0035608892183,-0.0124287246054,-0.0088678353871,0.501908084274
0.091,-0.00353870306464,-0.0123512873202,-0.00881258425557,0.501898567664
0.09105,-0.00351665514201,-0.0122743325088,-0.00875767736674,0.501889098518
0.0911,-0.00349474458918,-0.012197857165,-0.00870311257579,0.5018796766
0.09115,-0.00347297055025,-0.0121218583015,-0.00864888775128,0.501870301674
0.0912,-0.00345133217467,-0.0120463329497,-0.00859500077505,0.501860973505
0.09125,-0.00342982861719,-0.0119712781593,-0.00854144954212,0.501851691861
0.0913,-0.00340845903783,-0.0118966909985,-0.00848823196066,0.50184245651
0.09135,-0.00338722260184,-0.0118225685537,-0.00843534595184,0.501833267219
0.0914,-0.00336611847966,-0.0117489079294,-0.00838278944979,0.501824123761
0.09145,-0.00334514584691,-0.0116757062484,-0.00833056040152,0.501815025906
0.0915,-0.00332430388434,-0.0116029606512,-0.00827865676683,0.501805973426
0.09155,-0.00330359177782,-0.011530668296,-0.00822707651822,0.501796966096
0.0916,-0.00328300871827,-0.0114588263591,-0.00817581764083,0.501788003691
0.09165,-0.00326255390167,-0.011387432034,-0.00812487813236,0.501779085985
0.0917,-0.00324222652899,-0.011316482532,-0.00807425600297,0.501770212757
0.09175,-0.0032220258062,-0.0112459750814,-0.00802394927523,0.501761383784
0.0918,-0.0032019509442,-0.0111759069282,-0.00797395598404,0.501752598845
0.09185,-0.00318200115882,-0.0111062753353,-0.00792427417651,0.501743857722
0.0919,-0.00316217567077,-0.0110370775827,-0.00787490191195,0.501735160195
0.09195,-0.0031424737056,-0.0109683109673,-0.00782583726175,0.501726506048
0.092,-0.00312289449371,-0.010899972803,-0.00777707830931,0.501717895063
0.09205,-0.00310343727029,-0.0108320604203,-0.00772862314998,0.501709327026
0.0921,-0.00308410127527,-0.0107645711663,-0.00768046989098,0.501700801722
0.09215,-0.00306488575336,-0.0106975024047,-0.0076326166513,0.501692318938
0.0922,-0.00304578995394,-0.0106308515156,-0.00758506156169,0.501683878462
0.09225,-0.00302681313107,-0.0105646158956,-0.00753780276451,0.501675480083
0.0923,-0.00300795454347,-0.0104987929572,-0.0074908384137,0.501667123591
0.09235,-0.00298921345449,-0.0104333801292,-0.00744416667473,0.501658808777
0.0924,-0.00297058913203,-0.0103683748565,-0.00739778572446,0.501650535434
0.09245,-0.00295208084859,-0.0103037745997,-0.00735169375114,0.501642303354
0.0925,-0.00293368788118,-0.0102395768355,-0.00730588895429,0.501634112332
0.09255,-0.00291540951133,-0.010175779056,-0.00726036954465,0.501625962163
0.0926,-0.00289724502503,-0.0101123787692,-0.00721513374413,0.501617852643
0.09265,-0.00287919371274,-0.0100493734984,-0.00717017978568,0.501609783569
0.0927,-0.00286125486931,-0.00998676078261,-0.0071255059133,0.50160175474
0.09275,-0.00284342779402,-0.00992453817591,-0.00708111038189,0.501593765955
0.0928,-0.00282571179049,-0.00986270324775,-0.00703699145726,0.501585817014
0.09285,-0.00280810616668,-0.00980125358268,-0.006993147416,0.501577907719
0.0929,-0.00279061023488,-0.00974018678033,-0.00694957654545,0.501570037871
0.09295,-0.00277322331165,-0.00967950045527,-0.00690627714362,0.501562207275
0.093,-0.0027559447178,-0.00961919223692,-0.00686324751912,0.501554415733
0.09305,-0.00273877377839,-0.00955925976949,-0.0068204859911,0.501546663053
0.0931,-0.00272170982269,-0.00949970071187,-0.00677799088918,0.501538949038
0.09315,-0.00270475218412,-0.00944051273751,-0.00673576055339,0.501531273498
0.0932,-0.00268790020027,-0.00938169353438,-0.00669379333411,0.50152363624
0.09325,-0.00267115321287,-0.00932324080484,-0.00665208759197,0.501516037072
0.0933,-0.00265451056773,-0.00926515226559,-0.00661064169786,0.501508475806
0.09335,-0.00263797161475,-0.00920742564752,-0.00656945403277,0.501500952251
0.0934,-0.00262153570787,-0.00915005869569,-0.00652852298782,0.501493466221
0.09345,-0.00260520220506,-0.00909304916919,-0.00648784696413,0.501486017527
0.0935,-0.00258897046829,-0.00903639484108,-0.00644742437279,0.501478605983
0.09355,-0.00257283986351,-0.00898009349829,-0.00640725363478,0.501471231405
0.0936,-0.00255680976062,-0.00892414294155,-0.00636733318093,0.501463893608
0.09365,-0.00254087953343,-0.00886854098527,-0.00632766145184,0.501456592408
0.0937,-0.00252504855967,-0.00881328545751,-0.00628823689783,0.501449327623
0.09375,-0.00250931622095,-0.00875837419982,-0.00624905797888,0.501442099072
0.0938,-0.0024936819027,-0.00870380506725,-0.00621012316455,0.501434906573
0.09385,-0.00247814499423,-0.00864957592816,-0.00617143093394,0.501427749946
0.0939,-0.0024627048886,-0.00859568466424,-0.00613297977564,0.501420629014
0.09395,-0.0024473609827,-0.00854212917034,-0.00609476818764,0.501413543597
0.094,-0.00243211267715,-0.00848890735445,-0.0060567946773,0.501406493519
0.09405,-0.00241695937631,-0.00843601713758,-0.00601905776127,0.501399478603
0.0941,-0.00240190048825,-0.0083834564537,-0.00598155596545,0.501392498674
0.09415,-0.00238693542474,-0.00833122324966,-0.00594428782492,0.501385553558
0.0942,-0.0023720636012,-0.00827931548508,-0.00590725188389,0.501378643081
0.09425,-0.00235728443669,-0.00822773113232,-0.00587044669564,0.50137176707
0.0943,-0.0023425973539,-0.00817646817635,-0.00583387082245,0.501364925353
0.09435,-0.00232800177912,-0.00812552461471,-0.00579752283559,0.50135811776
0.0944,-0.00231349714221,-0.00807489845741,-0.00576140131521,0.501351344119
0.09445,-0.00229908287657,-0.00802458772686,-0.00572550485029,0.501344604262
0.0945,-0.00228475841915,-0.00797459045778,-0.00568983203863,0.50133789802
0.09455,-0.0022705232104,-0.00792490469716,-0.00565438148676,0.501331225226
0.0946,-0.00225637669424,-0.00787552850414,-0.00561915180989,0.501324585713
0.09465,-0.00224231831809,-0.00782645994995,-0.00558414163185,0.501317979314
0.0947,-0.00222834753279,-0.00777769711784,-0.00554934958505,0.501311405865
0.09475,-0.00221446379259,-0.00772923810302,-0.00551477431043,0.501304865201
0.0948,-0.00220066655517,-0.00768108101255,-0.00548041445738,0.501298357158
0.09485,-0.00218695528156,-0.00763322396528,-0.00544626868372,0.501291881575
0.0949,-0.00217332943617,-0.00758566509179,-0.00541233565561,0.501285438289
0.09495,-0.00215978848674,-0.0075384025343,-0.00537861404756,0.501279027138
0.095,-0.00214633190432,-0.00749143444663,-0.00534510254231,0.501272647964
0.09505,-0.00213295916327,-0.00744475899407,-0.0053117998308,0.501266300606
0.0951,-0.0021196697412,-0.00739837435335,-0.00527870461215,0.501259984905
0.09515,-0.002106463119,-0.00735227871257,-0.00524581559356,0.501253700704
0.0952,-0.00209333878079,-0.00730647027111,-0.00521313149032,0.501247447846
0.09525,-0.00208029621389,-0.00726094723957,-0.00518065102569,0.501241226174
0.0953,-0.00206733490882,-0.00721570783971,-0.00514837293089,0.501235035532
0.09535,-0.00205445435929,-0.00717075030436,-0.00511629594507,0.501228875767
0.0954,-0.00204165406214,-0.00712607287735,-0.00508441881522,0.501222746724
0.09545,-0.00202893351736,-0.00708167381347,-0.00505274029611,0.501216648249
0.0955,-0.00201629222805,-0.00703755137837,-0.00502125915032,0.50121058019
0.09555,-0.00200372970042,-0.00699370384852,-0.0049899741481,0.501204542396
0.0956,-0.00199124544373,-0.00695012951112,-0.00495888406738,0.501198534716
0.09565,-0.00197883897033,-0.00690682666403,-0.0049279876937,0.501192556999
0.0957,-0.00196650979557,-0.00686379361574,-0.00489728382017,0.501186609096
0.09575,-0.00195425743785,-0.00682102868526,-0.00486677124741,0.501180690859
0.0958,-0.00194208141856,-0.00677853020207,-0.00483644878352,0.501174802139
0.09585,-0.00192998126207,-0.00673629650609,-0.00480631524402,0.501168942789
0.0959,-0.00191795649572,-0.00669432594755,-0.00477636945183,0.501163112662
0.09595,-0.00190600664979,-0.00665261688696,-0.00474661023717,0.501157311614
0.096,-0.00189413125748,-0.00661116769507,-0.00471703643758,0.501151539498
0.09605,-0.00188232985492,-0.00656997675275,-0.00468764689783,0.501145796171
0.0961,-0.00187060198111,-0.00652904245099,-0.00465844046988,0.501140081488
0.09615,-0.00185894717793,-0.00648836319078,-0.00462941601285,0.501134395308
0.0962,-0.00184736499011,-0.00644793738308,-0.00460057239297,0.501128737488
0.09625,-0.00183585496521,-0.00640776344875,-0.00457190848354,0.501123107886
0.0963,-0.00182441665364,-0.0063678398185,-0.00454342316487,0.501117506362
0.09635,-0.00181304960857,-0.00632816493281,-0.00451511532423,0.501111932776
0.0964,-0.00180175338598,-0.00628873724186,-0.00448698385587,0.501106386988
0.09645,-0.00179052754462,-0.0062495552055,-0.00445902766088,0.50110086886
0.0965,-0.00177937164596,-0.0062106172932,-0.00443124564723,0.501095378254
0.09655,-0.00176828525424,-0.00617192198392,-0.00440363672968,0.501089915032
0.0966,-0.00175726793638,-0.00613346776612,-0.00437619982974,0.501084479058
0.09665,-0.00174631926203,-0.0060952531377,-0.00434893387567,0.501079070196
0.0967,-0.00173543880349,-0.00605727660587,-0.00432183780238,0.501073688311
0.09675,-0.00172462613575,-0.00601953668718,-0.00429491055143,0.501068333268
0.0968,-0.00171388083644,-0.00598203190741,-0.00426815107096,0.501063004934
0.09685,-0.00170320248582,-0.00594476080152,-0.0042415583157,0.501057703175
0.0969,-0.00169259066676,-0.0059077219136,-0.00421513124684,0.501052427858
0.09695,-0.00168204496474,-0.00587091379682,-0.00418886883208,0.501047178852
0.097,-0.00167156496782,-0.00583433501336,-0.00416277004555,0.501041956026
0.09705,-0.00166115026661,-0.00579798413436,-0.00413683386774,0.501036759249
0.0971,-0.0016508004543,-0.00576185973984,-0.00411105928554,0.50103158839
0.09715,-0.00164051512659,-0.00572596041871,-0.00408544529211,0.501026443322
0.0972,-0.00163029388171,-0.00569028476863,-0.00405999088691,0.501021323914
0.09725,-0.0016201363204,-0.00565483139602,-0.00403469507562,0.50101623004
0.0973,-0.00161004204586,-0.00561959891598,-0.00400955687012,0.501011161572
0.09735,-0.0016000106638,-0.00558458595225,-0.00398457528845,0.501006118382
0.0974,-0.00159004178235,-0.00554979113711,-0.00395974935475,0.501001100346
0.09745,-0.00158013501212,-0.00551521311139,-0.00393507809927,0.500996107337
0.0975,-0.00157028996611,-0.00548085052438,-0.00391056055827,0.500991139231
0.09755,-0.00156050625975,-0.0054467020338,-0.00388619577405,0.500986195903
0.0976,-0.00155078351087,-0.00541276630571,-0.00386198279484,0.500981277231
0.09765,-0.00154112133966,-0.00537904201448,-0.00383792067482,0.50097638309
0.0977,-0.00153151936871,-0.00534552784278,-0.00381400847407,0.500971513359
0.09775,-0.00152197722292,-0.00531222248143,-0.00379024525851,0.500966667916
0.0978,-0.00151249452956,-0.00527912462945,-0.00376663009989,0.50096184664
0.09785,-0.00150307091821,-0.00524623299394,-0.00374316207573,0.50095704941
0.0979,-0.00149370602076,-0.00521354629008,-0.00371984026932,0.500952276106
0.09795,-0.00148439947139,-0.00518106324104,-0.00369666376964,0.500947526609
0.098,-0.00147515090657,-0.00514878257793,-0.00367363167137,0.5009428008
0.09805,-0.00146595996501,-0.0051167030398,-0.00365074307479,0.500938098562
0.0981,-0.00145682628771,-0.00508482337354,-0.00362799708583,0.500933419775
0.09815,-0.00144774951786,-0.00505314233383,-0.00360539281597,0.500928764325
0.0982,-0.00143872930091,-0.00502165868314,-0.00358292938222,0.500924132094
0.09825,-0.00142976528451,-0.00499037119163,-0.00356060590711,0.500919522966
0.0983,-0.0014208571185,-0.00495927863712,-0.00353842151862,0.500914936826
0.09835,-0.0014120044549,-0.00492837980507,-0.00351637535017,0.500910373559
0.0984,-0.00140320694791,-0.00489767348849,-0.00349446654058,0.500905833052
0.09845,-0.00139446425386,-0.00486715848789,-0.00347269423403,0.500901315191
0.0985,-0.00138577603125,-0.0048368336113,-0.00345105758005,0.500896819863
0.09855,-0.00137714194069,-0.00480669767413,-0.00342955573343,0.500892346955
0.0986,-0.00136856164492,-0.0047767494992,-0.00340818785428,0.500887896356
0.09865,-0.00136003480876,-0.00474698791666,-0.0033869531079,0.500883467954
0.0987,-0.00135156109913,-0.00471741176393,-0.0033658506648,0.50087906164
0.09875,-0.00134314018503,-0.0046880198857,-0.00334487970067,0.500874677301
0.0988,-0.00133477173751,-0.00465881113385,-0.00332403939633,0.50087031483
0.09885,-0.00132645542969,-0.00462978436739,-0.00330332893771,0.500865974117
0.0989,-0.00131819093669,-0.00460093845248,-0.00328274751579,0.500861655053
0.09895,-0.0013099779357,-0.00457227226231,-0.00326229432661,0.50085735753
0.099,-0.00130181610589,-0.00454378467711,-0.00324196857122,0.500853081442
0.09905,-0.00129370512844,-0.00451547458407,-0.00322176945564,0.50084882668
0.0991,-0.0012856446865,-0.00448734087734,-0.00320169619083,0.50084459314
0.09915,-0.00127763446523,-0.00445938245792,-0.00318174799269,0.500840380714
0.0992,-0.00126967415171,-0.00443159823371,-0.00316192408199,0.500836189297
0.09925,-0.00126176343501,-0.00440398711936,-0.00314222368435,0.500832018786
0.0993,-0.00125390200609,-0.00437654803632,-0.00312264603022,0.500827869075
0.09935,-0.00124608955789,-0.00434927991274,-0.00310319035485,0.500823740061
0.0994,-0.00123832578521,-0.00432218168346,-0.00308385589825,0.50081963164
0.09945,-0.0012306103848,-0.00429525228995,-0.00306464190516,0.50081554371
0.0995,-0.00122294305526,-0.00426849068029,-0.00304554762503,0.500811476169
0.09955,-0.00121532349708,-0.00424189580908,-0.003026572312,0.500807428915
0.0996,-0.00120775141264,-0.00421546663747,-0.00300771522483,0.500803401846
0.09965,-0.00120022650614,-0.00418920213305,-0.00298897562692,0.500799394863
0.0997,-0.00119274848364,-0.00416310126988,-0.00297035278625,0.500795407864
0.09975,-0.00118531705303,-0.00413716302839,-0.00295184597536,0.500791440751
0.0998,-0.00117793192401,-0.00411138639535,-0.00293345447133,0.500787493424
0.09985,-0.00117059280811,-0.00408577036386,-0.00291517755574,0.500783565784
0.0999,-0.00116329941865,-0.0040603139333,-0.00289701451465,0.500779657733
0.09995,-0.00115605147071,-0.00403501610926,-0.00287896463855,0.500775769174
0.1,-0.00114884868118,-0.00400987590356,-0.00286102722238,0.500771900009
0.10005,-0.0011416907687,-0.00398489233414,-0.00284320156544,0.500768050142
0.1001,-0.00113457745366,-0.00396006442509,-0.00282548697143,0.500764219476
0.10015,-0.0011275084582,-0.00393539120656,-0.00280788274836,0.500760407915
0.1002,-0.00112048350618,-0.00391087171474,-0.00279038820857,0.500756615365
0.10025,-0.00111350232319,-0.00388650499186,-0.00277300266867,0.50075284173
0.1003,-0.00110656463652,-0.00386229008606,-0.00275572544954,0.500749086916
0.10035,-0.00109967017518,-0.00383822605147,-0.00273855587629,0.50074535083
0.1004,-0.00109281866984,-0.00381431194806,-0.00272149327822,0.500741633377
0.10045,-0.00108600985287,-0.0037905468417,-0.00270453698883,0.500737934465
0.1005,-0.0010792434583,-0.00376692980406,-0.00268768634576,0.500734254001
0.10055,-0.00107251922181,-0.0037434599126,-0.00267094069079,0.500730591894
0.1006,-0.00106583688075,-0.00372013625051,-0.00265429936977,0.500726948052
0.10065,-0.00105919617407,-0.00369695790672,-0.00263776173266,0.500723322384
0.1007,-0.00105259684237,-0.00367392397582,-0.00262132713345,0.500719714798
0.10075,-0.00104603862788,-0.00365103355804,-0.00260499493016,0.500716125206
0.1008,-0.0010395212744,-0.00362828575922,-0.00258876448482,0.500712553516
0.10085,-0.00103304452735,-0.00360567969078,-0.00257263516343,0.500708999641
0.1009,-0.00102660813373,-0.00358321446965,-0.00255660633592,0.50070546349
0.10095,-0.00102021184213,-0.0035608892183,-0.00254067737617,0.500701944976
0.101,-0.00101385540268,-0.00353870306464,-0.00252484766196,0.500698444011
0.10105,-0.00100753856709,-0.00351665514201,-0.00250911657492,0.500694960507
0.1011,-0.0010012610886,-0.00349474458918,-0.00249348350058,0.500691494377
0.10115,-0.000995022722,-0.00347297055025,-0.00247794782825,0.500688045535
0.1012,-0.0009888232236,-0.00345133217467,-0.00246250895107,0.500684613893
0.10125,-0.000982662351234,-0.00342982861719,-0.00244716626596,0.500681199367
0.1013,-0.00097653986424,-0.00340845903783,-0.00243191917359,0.500677801871
0.10135,-0.00097045552346,-0.00338722260184,-0.00241676707838,0.50067442132
0.1014,-0.000964409091221,-0.00336611847966,-0.00240170938843,0.50067105763
0.10145,-0.000958400331335,-0.00334514584691,-0.00238674551557,0.500667710716
0.1015,-0.000952429009085,-0.00332430388434,-0.00237187487526,0.500664380495
0.10155,-0.000946494891213,-0.00330359177782,-0.00235709688661,0.500661066883
0.1016,-0.000940597745918,-0.00328300871827,-0.00234241097235,0.500657769799
0.10165,-0.000934737342843,-0.00326255390167,-0.00232781655882,0.500654489158
0.1017,-0.000928913453063,-0.00324222652899,-0.00231331307593,0.50065122488
0.10175,-0.000923125849084,-0.0032220258062,-0.00229889995712,0.500647976882
0.1018,-0.000917374304826,-0.0032019509442,-0.00228457663938,0.500644745084
0.10185,-0.000911658595617,-0.00318200115882,-0.00227034256321,0.500641529404
0.1019,-0.000905978498189,-0.00316217567077,-0.00225619717258,0.500638329763
0.10195,-0.000900333790661,-0.0031424737056,-0.00224213991494,0.50063514608
0.102,-0.000894724252536,-0.00312289449371,-0.00222817024117,0.500631978276
0.10205,-0.000889149664692,-0.00310343727029,-0.00221428760559,0.500628826271
0.1021,-0.000883609809369,-0.00308410127527,-0.00220049146591,0.500625689987
0.10215,-0.000878104470166,-0.00306488575336,-0.00218678128319,0.500622569345
0.1022,-0.000872633432031,-0.00304578995394,-0.0021731565219,0.500619464267
0.10225,-0.00086719648125,-0.00302681313107,-0.00215961664982,0.500616374677
0.1023,-0.000861793405443,-0.00300795454347,-0.00214616113803,0.500613300495
0.10235,-0.000856423993549,-0.00298921345449,-0.00213278946094,0.500610241646
0.1024,-0.000851088035827,-0.00297058913203,-0.0021195010962,0.500607198053
0.10245,-0.00084578532384,-0.00295208084859,-0.00210629552475,0.50060416964
0.1025,-0.000840515650449,-0.00293368788118,-0.00209317223073,0.500601156332
0.10255,-0.000835278809807,-0.00291540951133,-0.00208013070152,0.500598158052
0.1026,-0.000830074597351,-0.00289724502503,-0.00206717042768,0.500595174726
0.10265,-0.000824902809789,-0.00287919371274,-0.00205429090295,0.50059220628
0.1027,-0.000819763245098,-0.00286125486931,-0.00204149162421,0.500589252639
0.10275,-0.000814655702512,-0.00284342779402,-0.00202877209151,0.500586313729
0.1028,-0.000809579982519,-0.00282571179049,-0.00201613180797,0.500583389477
0.10285,-0.000804535886847,-0.00280810616668,-0.00200357027983,0.50058047981
0.1029,-0.00079952321846,-0.00279061023488,-0.00199108701642,0.500577584655
0.10295,-0.000794541781551,-0.00277322331165,-0.00197868153009,0.500574703939
0.103,-0.000789591381531,-0.0027559447178,-0.00196635333627,0.500571837591
0.10305,-0.000784671825024,-0.00273877377839,-0.00195410195337,0.500568985539
0.1031,-0.000779782919861,-0.00272170982269,-0.00194192690283,0.500566147712
0.10315,-0.000774924475067,-0.00270475218412,-0.00192982770905,0.500563324039
0.1032,-0.000770096300859,-0.00268790020027,-0.00191780389941,0.500560514448
0.10325,-0.000765298208636,-0.00267115321287,-0.00190585500423,0.500557718871
0.1033,-0.000760530010971,-0.00265451056773,-0.00189398055676,0.500554937236
0.10335,-0.000755791521606,-0.00263797161475,-0.00188218009314,0.500552169475
0.1034,-0.000751082555444,-0.00262153570787,-0.00187045315242,0.500549415519
0.10345,-0.00074640292854,-0.00260520220506,-0.00185879927652,0.500546675297
0.1035,-0.000741752458095,-0.00258897046829,-0.0018472180102,0.500543948743
0.10355,-0.00073713096245,-0.00257283986351,-0.00183570890106,0.500541235787
0.1036,-0.000732538261076,-0.00255680976062,-0.00182427149954,0.500538536362
0.10365,-0.000727974174572,-0.00254087953343,-0.00181290535886,0.500535850401
0.1037,-0.000723438524651,-0.00252504855967,-0.00180161003502,0.500533177836
0.10375,-0.00071893113414,-0.00250931622095,-0.00179038508681,0.500530518601
0.1038,-0.000714451826968,-0.0024936819027,-0.00177923007573,0.500527872628
0.10385,-0.000710000428161,-0.00247814499423,-0.00176814456606,0.500525239852
0.1039,-0.000705576763836,-0.0024627048886,-0.00175712812477,0.500522620208
0.10395,-0.000701180661193,-0.0024473609827,-0.00174618032151,0.500520013628
0.104,-0.000696811948508,-0.00243211267715,-0.00173530072864,0.50051742005
0.10405,-0.000692470455129,-0.00241695937631,-0.00172448892118,0.500514839406
0.1041,-0.000688156011466,-0.00240190048825,-0.00171374447679,0.500512271634
0.10415,-0.000683868448984,-0.00238693542474,-0.00170306697576,0.500509716669
0.1042,-0.0006796076002,-0.0023720636012,-0.001692456001,0.500507174446
0.10425,-0.000675373298675,-0.00235728443669,-0.00168191113801,0.500504644903
0.1043,-0.000671165379004,-0.0023425973539,-0.0016714319749,0.500502127976
0.10435,-0.000666983676817,-0.00232800177912,-0.0016610181023,0.500499623602
0.1044,-0.000662828028765,-0.00231349714221,-0.00165066911344,0.500497131719
0.10445,-0.000658698272517,-0.00229908287657,-0.00164038460405,0.500494652265
0.1045,-0.000654594246753,-0.00228475841915,-0.0016301641724,0.500492185176
0.10455,-0.000650515791161,-0.0022705232104,-0.00162000741924,0.500489730392
0.1046,-0.000646462746425,-0.00225637669424,-0.00160991394782,0.500487287852
0.10465,-0.000642434954221,-0.00224231831809,-0.00159988336387,0.500484857493
0.1047,-0.000638432257215,-0.00222834753279,-0.00158991527557,0.500482439257
0.10475,-0.00063445449905,-0.00221446379259,-0.00158000929354,0.500480033081
0.1048,-0.000630501524345,-0.00220066655517,-0.00157016503082,0.500477638906
0.10485,-0.000626573178686,-0.00218695528156,-0.00156038210287,0.500475256672
0.1049,-0.000622669308621,-0.00217332943617,-0.00155066012755,0.500472886319
0.10495,-0.000618789761655,-0.00215978848674,-0.00154099872509,0.500470527789
0.105,-0.000614934386243,-0.00214633190432,-0.00153139751808,0.500468181022
0.10505,-0.000611103031783,-0.00213295916327,-0.00152185613148,0.500465845959
0.1051,-0.000607295548614,-0.0021196697412,-0.00151237419259,0.500463522543
0.10515,-0.000603511788004,-0.002106463119,-0.001502951331,0.500461210714
0.1052,-0.000599751602149,-0.00209333878079,-0.00149358717864,0.500458910416
0.10525,-0.000596014844169,-0.00208029621389,-0.00148428136972,0.500456621591
0.1053,-0.000592301368093,-0.00206733490882,-0.00147503354073,0.500454344181
0.10535,-0.000588611028866,-0.00205445435929,-0.00146584333042,0.50045207813
0.1054,-0.000584943682331,-0.00204165406214,-0.00145671037981,0.500449823381
0.10545,-0.000581299185234,-0.00202893351736,-0.00144763433213,0.500447579878
0.1055,-0.000577677395209,-0.00201629222805,-0.00143861483284,0.500445347564
0.10555,-0.000574078170782,-0.00200372970042,-0.00142965152964,0.500443126384
0.1056,-0.000570501371356,-0.00199124544373,-0.00142074407238,0.500440916282
0.10565,-0.000566946857212,-0.00197883897033,-0.00141189211311,0.500438717202
0.1057,-0.000563414489503,-0.00196650979557,-0.00140309530606,0.500436529091
0.10575,-0.000559904130243,-0.00195425743785,-0.0013943533076,0.500434351893
0.1058,-0.000556415642309,-0.00194208141856,-0.00138566577625,0.500432185554
0.10585,-0.000552948889433,-0.00192998126207,-0.00137703237263,0.50043003002
0.1059,-0.000549503736192,-0.00191795649572,-0.00136845275953,0.500427885236
0.10595,-0.000546080048011,-0.00190600664979,-0.00135992660178,0.50042575115
0.106,-0.000542677691152,-0.00189413125748,-0.00135145356633,0.500423627707
0.10605,-0.000539296532709,-0.00188232985492,-0.00134303332221,0.500421514855
0.1061,-0.000535936440605,-0.00187060198111,-0.00133466554051,0.500419412541
0.10615,-0.000532597283586,-0.00185894717793,-0.00132634989434,0.500417320712
0.1062,-0.000529278931217,-0.00184736499011,-0.00131808605889,0.500415239316
0.10625,-0.000525981253873,-0.00183585496521,-0.00130987371134,0.500413168302
0.1063,-0.000522704122739,-0.00182441665364,-0.0013017125309,0.500411107616
0.10635,-0.000519447409801,-0.00181304960857,-0.00129360219877,0.500409057208
0.1064,-0.000516210987844,-0.00180175338598,-0.00128554239814,0.500407017027
0.10645,-0.000512994730444,-0.00179052754462,-0.00127753281418,0.500404987021
0.1065,-0.000509798511965,-0.00177937164596,-0.001269573134,0.50040296714
0.10655,-0.000506622207557,-0.00176828525424,-0.00126166304668,0.500400957333
0.1066,-0.000503465693142,-0.00175726793638,-0.00125380224324,0.50039895755
0.10665,-0.00050032884542,-0.00174631926203,-0.00124599041661,0.500396967741
0.1067,-0.000497211541857,-0.00173543880349,-0.00123822726163,0.500394987856
0.10675,-0.000494113660684,-0.00172462613575,-0.00123051247507,0.500393017846
0.1068,-0.000491035080888,-0.00171388083644,-0.00122284575556,0.500391057661
0.10685,-0.000487975682212,-0.00170320248582,-0.00121522680361,0.500389107253
0.1069,-0.000484935345148,-0.00169259066676,-0.00120765532161,0.500387166572
0.10695,-0.000481913950933,-0.00168204496474,-0.00120013101381,0.500385235571
0.107,-0.000478911381543,-0.00167156496782,-0.00119265358627,0.500383314201
0.10705,-0.00047592751969,-0.00166115026661,-0.00118522274692,0.500381402413
0.1071,-0.000472962248816,-0.0016508004543,-0.00117783820548,0.500379500161
0.10715,-0.00047001545309,-0.00164051512659,-0.0011704996735,0.500377607396
0.1072,-0.000467087017402,-0.00163029388171,-0.00116320686431,0.500375724071
0.10725,-0.000464176827361,-0.0016201363204,-0.00115595949303,0.500373850139
0.1073,-0.000461284769285,-0.00161004204586,-0.00114875727657,0.500371985554
0.10735,-0.000458410730205,-0.0016000106638,-0.00114159993359,0.500370130268
0.1074,-0.000455554597852,-0.00159004178235,-0.0011344871845,0.500368284236
0.10745,-0.000452716260659,-0.00158013501212,-0.00112741875146,0.50036644741
0.1075,-0.000449895607752,-0.00157028996611,-0.00112039435836,0.500364619746
0.10755,-0.000447092528949,-0.00156050625975,-0.0011134137308,0.500362801198
0.1076,-0.000444306914755,-0.00155078351087,-0.00110647659611,0.500360991719
0.10765,-0.000441538656357,-0.00154112133966,-0.00109958268331,0.500359191266
0.1077,-0.000438787645618,-0.00153151936871,-0.00109273172309,0.500357399792
0.10775,-0.000436053775078,-0.00152197722292,-0.00108592344784,0.500355617253
0.1078,-0.000433336937944,-0.00151249452956,-0.00107915759162,0.500353843604
0.10785,-0.000430637028089,-0.00150307091821,-0.00107243389012,0.500352078802
0.1079,-0.000427953940047,-0.00149370602076,-0.00106575208071,0.500350322802
0.10795,-0.000425287569011,-0.00148439947139,-0.00105911190238,0.500348575559
0.108,-0.000422637810824,-0.00147515090657,-0.00105251309574,0.500346837032
0.10805,-0.000420004561981,-0.00146595996501,-0.00104595540303,0.500345107175
0.1081,-0.00041738771962,-0.00145682628771,-0.00103943856809,0.500343385945
0.10815,-0.000414787181519,-0.00144774951786,-0.00103296233634,0.500341673301
0.1082,-0.000412202846095,-0.00143872930091,-0.00102652645482,0.500339969198
0.10825,-0.000409634612397,-0.00142976528451,-0.00102013067212,0.500338273595
0.1083,-0.000407082380104,-0.0014208571185,-0.0010137747384,0.500336586448
0.10835,-0.000404546049518,-0.0014120044549,-0.00100745840539,0.500334907716
0.1084,-0.000402025521563,-0.00140320694791,-0.00100118142634,0.500333237357
0.10845,-0.000399520697781,-0.00139446425386,-0.000994943556079,0.500331575329
0.1085,-0.000397031480327,-0.00138577603125,-0.000988744550924,0.50032992159
0.10855,-0.000394557771966,-0.00137714194069,-0.000982584168728,0.500328276099
0.1086,-0.000392099476069,-0.00136856164492,-0.000976462168852,0.500326638815
0.10865,-0.000389656496606,-0.00136003480876,-0.000970378312153,0.500325009697
0.1087,-0.000387228738151,-0.00135156109913,-0.00096433236098,0.500323388705
0.10875,-0.000384816105867,-0.00134314018503,-0.000958324079163,0.500321775797
0.1088,-0.000382418505511,-0.00133477173751,-0.000952353232002,0.500320170933
0.10885,-0.000380035843426,-0.00132645542969,-0.00094641958626,0.500318574074
0.1089,-0.00037766802654,-0.00131819093669,-0.000940522910154,0.500316985179
0.10895,-0.00037531496236,-0.0013099779357,-0.000934662973343,0.500315404209
0.109,-0.000372976558968,-0.00130181610589,-0.000928839546924,0.500313831124
0.10905,-0.00037065272502,-0.00129370512844,-0.000923052403417,0.500312265885
0.1091,-0.000368343369741,-0.0012856446865,-0.000917301316763,0.500310708452
0.10915,-0.000366048402922,-0.00127763446523,-0.000911586062307,0.500309158787
0.1092,-0.000363767734915,-0.00126967415171,-0.000905906416798,0.500307616851
0.10925,-0.000361501276632,-0.00126176343501,-0.000900262158374,0.500306082606
0.1093,-0.000359248939538,-0.00125390200609,-0.000894653066555,0.500304556013
0.10935,-0.000357010635652,-0.00124608955789,-0.000889078922235,0.500303037033
0.1094,-0.000354786277539,-0.00123832578521,-0.000883539507674,0.50030152563
0.10945,-0.00035257577831,-0.0012306103848,-0.000878034606486,0.500300021764
0.1095,-0.000350379051617,-0.00122294305526,-0.000872564003638,0.5002985254
0.10955,-0.000348196011651,-0.00121532349708,-0.000867127485431,0.500297036498
0.1096,-0.000346026573136,-0.00120775141264,-0.000861724839503,0.500295555022
0.10965,-0.000343870651327,-0.00120022650614,-0.00085635585481,0.500294080935
0.1097,-0.00034172816201,-0.00119274848364,-0.000851020321627,0.500292614201
0.10975,-0.000339599021492,-0.00118531705303,-0.000845718031533,0.500291154781
0.1098,-0.000337483146604,-0.00117793192401,-0.000840448777408,0.500289702641
0.10985,-0.000335380454695,-0.00117059280811,-0.00083521235342,0.500288257743
0.1099,-0.000333290863627,-0.00116329941865,-0.00083000855502,0.500286820051
0.10995,-0.000331214291776,-0.00115605147071,-0.000824837178936,0.50028538953
0.11,-0.000329150658026,-0.00114884868118,-0.000819698023158,0.500283966144
0.11005,-0.000327099881765,-0.0011416907687,-0.000814590886939,0.500282549857
0.1101,-0.000325061882884,-0.00113457745366,-0.00080951557078,0.500281140634
0.11015,-0.000323036581775,-0.0011275084582,-0.000804471876425,0.500279738439
0.1102,-0.000321023899323,-0.00112048350618,-0.000799459606856,0.500278343238
0.11025,-0.000319023756908,-0.00111350232319,-0.000794478566279,0.500276954995
0.1103,-0.000317036076399,-0.00110656463652,-0.000789528560123,0.500275573676
0.11035,-0.000315060780153,-0.00109967017518,-0.000784609395026,0.500274199247
0.1104,-0.000313097791008,-0.00109281866984,-0.000779720878833,0.500272831672
0.11045,-0.000311147032285,-0.00108600985287,-0.000774862820586,0.500271470919
0.1105,-0.000309208427783,-0.0010792434583,-0.000770035030517,0.500270116952
0.11055,-0.000307281901774,-0.00107251922181,-0.000765237320039,0.500268769738
0.1106,-0.000305367379004,-0.00106583688075,-0.000760469501741,0.500267429243
0.11065,-0.000303464784686,-0.00105919617407,-0.00075573138938,0.500266095434
0.1107,-0.000301574044499,-0.00105259684237,-0.000751022797872,0.500264768278
0.11075,-0.000299695084587,-0.00104603862788,-0.000746343543288,0.50026344774
0.1108,-0.000297827831553,-0.0010395212744,-0.000741693442844,0.500262133789
0.11085,-0.000295972212456,-0.00103304452735,-0.000737072314893,0.500260826392
0.1109,-0.000294128154811,-0.00102660813373,-0.000732479978924,0.500259525515
0.11095,-0.000292295586584,-0.00102021184213,-0.000727916255547,0.500258231126
0.111,-0.000290474436191,-0.00101385540268,-0.000723380966492,0.500256943193
0.11105,0,-0.00100753856709,-0.00100753856709,0.500255661683
0.1111,0,-0.0010012610886,-0.0010012610886,0.500254386565
0.11115,0,-0.000995022722,-0.000995022722,0.500253117807
0.1112,0,-0.0009888232236,-0.0009888232236,0.500251855376
0.11125,0,-0.000982662351234,-0.000982662351234,0.500250599243
0.1113,0,-0.00097653986424,-0.00097653986424,0.500249349374
0.11135,0,-0.00097045552346,-0.00097045552346,0.500248105738
0.1114,0,-0.000964409091221,-0.000964409091221,0.500246868306
0.11145,0,-0.000958400331335,-0.000958400331335,0.500245637045
0.1115,0,-0.000952429009085,-0.000952429009085,0.500244411925
0.11155,0,-0.000946494891213,-0.000946494891213,0.500243192916
0.1116,0,-0.000940597745918,-0.000940597745918,0.500241979986
0.11165,0,-0.000934737342843,-0.000934737342843,0.500240773106
0.1117,0,-0.000928913453063,-0.000928913453063,0.500239572245
0.11175,0,-0.000923125849084,-0.000923125849084,0.500238377373
0.1118,0,-0.000917374304826,-0.000917374304826,0.500237188461
0.11185,0,-0.000911658595617,-0.000911658595617,0.500236005479
0.1119,0,-0.000905978498189,-0.000905978498189,0.500234828397
0.11195,0,-0.000900333790661,-0.000900333790661,0.500233657185
0.112,0,-0.000894724252536,-0.000894724252536,0.500232491815
0.11205,0,-0.000889149664692,-0.000889149664692,0.500231332257
0.1121,0,-0.000883609809369,-0.000883609809369,0.500230178483
0.11215,0,-0.000878104470166,-0.000878104470166,0.500229030463
0.1122,0,-0.000872633432031,-0.000872633432031,0.500227888169
0.11225,0,-0.00086719648125,-0.00086719648125,0.500226751572
0.1123,0,-0.000861793405443,-0.000861793405443,0.500225620643
0.11235,0,-0.000856423993549,-0.000856423993549,0.500224495356
0.1124,0,-0.000851088035827,-0.000851088035827,0.50022337568
0.11245,0,-0.00084578532384,-0.00084578532384,0.50022226159
0.1125,0,-0.000840515650449,-0.000840515650449,0.500221153055
0.11255,0,-0.000835278809807,-0.000835278809807,0.50022005005
0.1126,0,-0.000830074597351,-0.000830074597351,0.500218952546
0.11265,0,-0.000824902809789,-0.000824902809789,0.500217860515
0.1127,0,-0.000819763245098,-0.000819763245098,0.500216773931
0.11275,0,-0.000814655702512,-0.000814655702512,0.500215692767
0.1128,0,-0.000809579982519,-0.000809579982519,0.500214616995
0.11285,0,-0.000804535886847,-0.000804535886847,0.500213546588
0.1129,0,-0.00079952321846,-0.00079952321846,0.50021248152
0.11295,0,-0.000794541781551,-0.000794541781551,0.500211421764
0.113,0,-0.000789591381531,-0.000789591381531,0.500210367294
0.11305,0,-0.000784671825024,-0.000784671825024,0.500209318082
0.1131,0,-0.000779782919861,-0.000779782919861,0.500208274104
0.11315,0,-0.000774924475067,-0.000774924475067,0.500207235333
0.1132,0,-0.000770096300859,-0.000770096300859,0.500206201742
0.11325,0,-0.000765298208636,-0.000765298208636,0.500205173307
0.1133,0,-0.000760530010971,-0.000760530010971,0.50020415
0.11335,0,-0.000755791521606,-0.000755791521606,0.500203131798
0.1134,0,-0.000751082555444,-0.000751082555444,0.500202118674
0.11345,0,-0.00074640292854,-0.00074640292854,0.500201110603
0.1135,0,-0.000741752458095,-0.000741752458095,0.50020010756
0.11355,0,-0.00073713096245,-0.00073713096245,0.500199109519
0.1136,0,-0.000732538261076,-0.000732538261076,0.500198116456
0.11365,0,-0.000727974174572,-0.000727974174572,0.500197128346
0.1137,0,-0.000723438524651,-0.000723438524651,0.500196145164
0.11375,0,-0.00071893113414,-0.00071893113414,0.500195166886
0.1138,0,-0.000714451826968,-0.000714451826968,0.500194193487
0.11385,0,-0.000710000428161,-0.000710000428161,0.500193224943
0.1139,0,-0.000705576763836,-0.000705576763836,0.50019226123
0.11395,0,-0.000701180661193,-0.000701180661193,0.500191302323
0.114,0,-0.000696811948508,-0.000696811948508,0.500190348199
0.11405,0,-0.000692470455129,-0.000692470455129,0.500189398833
0.1141,0,-0.000688156011466,-0.000688156011466,0.500188454203
0.11415,0,-0.000683868448984,-0.000683868448984,0.500187514283
0.1142,0,-0.0006796076002,-0.0006796076002,0.500186579052
0.11425,0,-0.000675373298675,-0.000675373298675,0.500185648485
0.1143,0,-0.000671165379004,-0.000671165379004,0.500184722559
0.11435,0,-0.000666983676817,-0.000666983676817,0.500183801252
0.1144,0,-0.000662828028765,-0.000662828028765,0.500182884539
0.11445,0,-0.000658698272517,-0.000658698272517,0.500181972399
0.1145,0,-0.000654594246753,-0.000654594246753,0.500181064808
0.11455,0,-0.000650515791161,-0.000650515791161,0.500180161743
0.1146,0,-0.000646462746425,-0.000646462746425,0.500179263183
0.11465,0,-0.000642434954221,-0.000642434954221,0.500178369104
0.1147,0,-0.000638432257215,-0.000638432257215,0.500177479484
0.11475,0,-0.00063445449905,-0.00063445449905,0.500176594302
0.1148,0,-0.000630501524345,-0.000630501524345,0.500175713534
0.11485,0,-0.000626573178686,-0.000626573178686,0.500174837159
0.1149,0,-0.000622669308621,-0.000622669308621,0.500173965155
0.11495,0,-0.000618789761655,-0.000618789761655,0.5001730975
0.115,0,-0.000614934386243,-0.000614934386243,0.500172234173
0.11505,0,-0.000611103031783,-0.000611103031783,0.500171375151
0.1151,0,-0.000607295548614,-0.000607295548614,0.500170520414
0.11515,0,-0.000603511788004,-0.000603511788004,0.50016966994
0.1152,0,-0.000599751602149,-0.000599751602149,0.500168823708
0.11525,0,-0.000596014844169,-0.000596014844169,0.500167981696
0.1153,0,-0.000592301368093,-0.000592301368093,0.500167143884
0.11535,0,-0.000588611028866,-0.000588611028866,0.50016631025
0.1154,0,-0.000584943682331,-0.000584943682331,0.500165480774
0.11545,0,-0.000581299185234,-0.000581299185234,0.500164655435
0.1155,0,-0.000577677395209,-0.000577677395209,0.500163834213
0.11555,0,-0.000574078170782,-0.000574078170782,0.500163017086
0.1156,0,-0.000570501371356,-0.000570501371356,0.500162204035
0.11565,0,-0.000566946857212,-0.000566946857212,0.500161395039
0.1157,0,-0.000563414489503,-0.000563414489503,0.500160590078
0.11575,0,-0.000559904130243,-0.000559904130243,0.500159789132
0.1158,0,-0.000556415642309,-0.000556415642309,0.50015899218
0.11585,0,-0.000552948889433,-0.000552948889433,0.500158199203
0.1159,0,-0.000549503736192,-0.000549503736192,0.500157410182
0.11595,0,-0.000546080048011,-0.000546080048011,0.500156625095
0.116,0,-0.000542677691152,-0.000542677691152,0.500155843924
0.11605,0,-0.000539296532709,-0.000539296532709,0.500155066649
0.1161,0,-0.000535936440605,-0.000535936440605,0.500154293251
0.11615,0,-0.000532597283586,-0.000532597283586,0.50015352371
0.1162,0,-0.000529278931217,-0.000529278931217,0.500152758008
0.11625,0,-0.000525981253873,-0.000525981253873,0.500151996124
0.1163,0,-0.000522704122739,-0.000522704122739,0.50015123804
0.11635,0,-0.000519447409801,-0.000519447409801,0.500150483737
0.1164,0,-0.000516210987844,-0.000516210987844,0.500149733196
0.11645,0,-0.000512994730444,-0.000512994730444,0.500148986399
0.1165,0,-0.000509798511965,-0.000509798511965,0.500148243326
0.11655,0,-0.000506622207557,-0.000506622207557,0.50014750396
0.1166,0,-0.000503465693142,-0.000503465693142,0.50014676828
0.11665,0,-0.00050032884542,-0.00050032884542,0.500146036271
0.1167,0,-0.000497211541857,-0.000497211541857,0.500145307912
0.11675,0,-0.000494113660684,-0.000494113660684,0.500144583185
0.1168,0,-0.000491035080888,-0.000491035080888,0.500143862074
0.11685,0,-0.000487975682212,-0.000487975682212,0.500143144559
0.1169,0,-0.000484935345148,-0.000484935345148,0.500142430622
0.11695,0,-0.000481913950933,-0.000481913950933,0.500141720247
0.117,0,-0.000478911381543,-0.000478911381543,0.500141013414
0.11705,0,-0.00047592751969,-0.00047592751969,0.500140310107
0.1171,0,-0.000472962248816,-0.000472962248816,0.500139610307
0.11715,0,-0.00047001545309,-0.00047001545309,0.500138913998
0.1172,0,-0.000467087017402,-0.000467087017402,0.500138221161
0.11725,0,-0.000464176827361,-0.000464176827361,0.50013753178
0.1173,0,-0.000461284769285,-0.000461284769285,0.500136845838
0.11735,0,-0.000458410730205,-0.000458410730205,0.500136163316
0.1174,0,-0.000455554597852,-0.000455554597852,0.500135484199
0.11745,0,-0.000452716260659,-0.000452716260659,0.500134808469
0.1175,0,-0.000449895607752,-0.000449895607752,0.500134136109
0.11755,0,-0.000447092528949,-0.000447092528949,0.500133467102
0.1176,0,-0.000444306914755,-0.000444306914755,0.500132801432
0.11765,0,-0.000441538656357,-0.000441538656357,0.500132139082
0.1177,0,-0.000438787645618,-0.000438787645618,0.500131480036
0.11775,0,-0.000436053775078,-0.000436053775078,0.500130824276
0.1178,0,-0.000433336937944,-0.000433336937944,0.500130171787
0.11785,0,-0.000430637028089,-0.000430637028089,0.500129522553
0.1179,0,-0.000427953940047,-0.000427953940047,0.500128876556
0.11795,0,-0.000425287569011,-0.000425287569011,0.500128233782
0.118,0,-0.000422637810824,-0.000422637810824,0.500127594213
0.11805,0,-0.000420004561981,-0.000420004561981,0.500126957835
0.1181,0,-0.00041738771962,-0.00041738771962,0.50012632463
0.11815,0,-0.000414787181519,-0.000414787181519,0.500125694583
0.1182,0,-0.000412202846095,-0.000412202846095,0.500125067679
0.11825,0,-0.000409634612397,-0.000409634612397,0.500124443901
0.1183,0,-0.000407082380104,-0.000407082380104,0.500123823234
0.11835,0,-0.000404546049518,-0.000404546049518,0.500123205663
0.1184,0,-0.000402025521563,-0.000402025521563,0.500122591173
0.11845,0,-0.000399520697781,-0.000399520697781,0.500121979747
0.1185,0,-0.000397031480327,-0.000397031480327,0.50012137137
0.11855,0,-0.000394557771966,-0.000394557771966,0.500120766028
0.1186,0,-0.000392099476069,-0.000392099476069,0.500120163705
0.11865,0,-0.000389656496606,-0.000389656496606,0.500119564386
0.1187,0,-0.000387228738151,-0.000387228738151,0.500118968056
0.11875,0,-0.000384816105867,-0.000384816105867,0.5001183747
0.1188,0,-0.000382418505511,-0.000382418505511,0.500117784304
0.11885,0,-0.000380035843426,-0.000380035843426,0.500117196852
0.1189,0,-0.00037766802654,-0.00037766802654,0.500116612331
0.11895,0,-0.00037531496236,-0.00037531496236,0.500116030724
0.119,0,-0.000372976558968,-0.000372976558968,0.500115452019
0.11905,0,-0.00037065272502,-0.00037065272502,0.500114876199
0.1191,0,-0.000368343369741,-0.000368343369741,0.500114303252
0.11915,0,-0.000366048402922,-0.000366048402922,0.500113733162
0.1192,0,-0.000363767734915,-0.000363767734915,0.500113165915
0.11925,0,-0.000361501276632,-0.000361501276632,0.500112601498
0.1193,0,-0.000359248939538,-0.000359248939538,0.500112039896
0.11935,0,-0.000357010635652,-0.000357010635652,0.500111481094
0.1194,0,-0.000354786277539,-0.000354786277539,0.50011092508
0.11945,0,-0.00035257577831,-0.00035257577831,0.500110371839
0.1195,0,-0.000350379051617,-0.000350379051617,0.500109821357
0.11955,0,-0.000348196011651,-0.000348196011651,0.500109273621
0.1196,0,-0.000346026573136,-0.000346026573136,0.500108728616
0.11965,0,-0.000343870651327,-0.000343870651327,0.50010818633
0.1197,0,-0.00034172816201,-0.00034172816201,0.500107646749
0.11975,0,-0.000339599021492,-0.000339599021492,0.500107109858
0.1198,0,-0.000337483146604,-0.000337483146604,0.500106575646
0.11985,0,-0.000335380454695,-0.000335380454695,0.500106044097
0.1199,0,-0.000333290863627,-0.000333290863627,0.5001055152
0.11995,0,-0.000331214291776,-0.000331214291776,0.500104988941
0.12,0,-0.000329150658026,-0.000329150658026,0.500104465306
0.12005,0,-0.000327099881765,-0.000327099881765,0.500103944283
0.1201,0,-0.000325061882884,-0.000325061882884,0.500103425859
0.12015,0,-0.000323036581775,-0.000323036581775,0.500102910021
0.1202,0,-0.000321023899323,-0.000321023899323,0.500102396755
0.12025,0,-0.000319023756908,-0.000319023756908,0.500101886049
0.1203,0,-0.000317036076399,-0.000317036076399,0.50010137789
0.12035,0,-0.000315060780153,-0.000315060780153,0.500100872266
0.1204,0,-0.000313097791008,-0.000313097791008,0.500100369163
0.12045,0,-0.000311147032285,-0.000311147032285,0.50009986857
0.1205,0,-0.000309208427783,-0.000309208427783,0.500099370473
0.12055,0,-0.000307281901774,-0.000307281901774,0.500098874861
0.1206,0,-0.000305367379004,-0.000305367379004,0.500098381721
0.12065,0,-0.000303464784686,-0.000303464784686,0.50009789104
0.1207,0,-0.000301574044499,-0.000301574044499,0.500097402806
0.12075,0,-0.000299695084587,-0.000299695084587,0.500096917008
0.1208,0,-0.000297827831553,-0.000297827831553,0.500096433632
0.12085,0,-0.000295972212456,-0.000295972212456,0.500095952667
0.1209,0,-0.000294128154811,-0.000294128154811,0.500095474101
0.12095,0,-0.000292295586584,-0.000292295586584,0.500094997922
0.121,0,-0.000290474436191,-0.000290474436191,0.500094524118
0.12105,0,0,0,0.500094052677
0.1211,0,0,0,0.500093583587
0.12115,0,0,0,0.500093116837
0.1212,0,0,0,0.500092652415
0.12125,0,0,0,0.500092190309
0.1213,0,0,0,0.500091730508
0.12135,0,0,0,0.500091273
0.1214,0,0,0,0.500090817774
0.12145,0,0,0,0.500090364819
0.1215,0,0,0,0.500089914122
0.12155,0,0,0,0.500089465674
0.1216,0,0,0,0.500089019462
0.12165,0,0,0,0.500088575476
0.1217,0,0,0,0.500088133704
0.12175,0,0,0,0.500087694135
0.1218,0,0,0,0.500087256759
0.12185,0,0,0,0.500086821564
0.1219,0,0,0,0.500086388539
0.12195,0,0,0,0.500085957675
0.122,0,0,0,0.500085528959
0.12205,0,0,0,0.500085102381
0.1221,0,0,0,0.500084677932
0.12215,0,0,0,0.500084255599
0.1222,0,0,0,0.500083835372
0.12225,0,0,0,0.500083417241
0.1223,0,0,0,0.500083001196
0.12235,0,0,0,0.500082587226
0.1224,0,0,0,0.500082175321
0.12245,0,0,0,0.500081765469
0.1225,0,0,0,0.500081357662
0.12255,0,0,0,0.500080951889
0.1226,0,0,0,0.50008054814
0.12265,0,0,0,0.500080146405
0.1227,0,0,0,0.500079746673
0.12275,0,0,0,0.500079348935
0.1228,0,0,0,0.50007895318
0.12285,0,0,0,0.500078559399
0.1229,0,0,0,0.500078167583
0.12295,0,0,0,0.50007777772
0.123,0,0,0,0.500077389802
0.12305,0,0,0,0.500077003819
0.1231,0,0,0,0.500076619761
0.12315,0,0,0,0.500076237618
0.1232,0,0,0,0.500075857382
0.12325,0,0,0,0.500075479041
0.1233,0,0,0,0.500075102588
0.12335,0,0,0,0.500074728012
0.1234,0,0,0,0.500074355305
0.12345,0,0,0,0.500073984456
0.1235,0,0,0,0.500073615457
0.12355,0,0,0,0.500073248299
0.1236,0,0,0,0.500072882971
0.12365,0,0,0,0.500072519466
0.1237,0,0,0,0.500072157773
0.12375,0,0,0,0.500071797885
0.1238,0,0,0,0.500071439792
0.12385,0,0,0,0.500071083484
0.1239,0,0,0,0.500070728954
0.12395,0,0,0,0.500070376192
0.124,0,0,0,0.500070025189
0.12405,0,0,0,0.500069675937
0.1241,0,0,0,0.500069328427
0.12415,0,0,0,0.50006898265
0.1242,0,0,0,0.500068638597
0.12425,0,0,0,0.500068296261
0.1243,0,0,0,0.500067955632
0.12435,0,0,0,0.500067616702
0.1244,0,0,0,0.500067279462
0.12445,0,0,0,0.500066943904
0.1245,0,0,0,0.50006661002
0.12455,0,0,0,0.500066277801
0.1246,0,0,0,0.500065947239
0.12465,0,0,0,0.500065618326
0.1247,0,0,0,0.500065291053
0.12475,0,0,0,0.500064965413
0.1248,0,0,0,0.500064641397
0.12485,0,0,0,0.500064318996
0.1249,0,0,0,0.500063998204
0.12495,0,0,0,0.500063679012
0.125,0,0,0,0.500063361411
0.12505,0,0,0,0.500063045395
0.1251,0,0,0,0.500062730955
0.12515,0,0,0,0.500062418083
0.1252,0,0,0,0.500062106771
0.12525,0,0,0,0.500061797012
0.1253,0,0,0,0.500061488798
0.12535,0,0,0,0.500061182122
0.1254,0,0,0,0.500060876975
0.12545,0,0,0,0.50006057335
0.1255,0,0,0,0.500060271239
0.12555,0,0,0,0.500059970635
0.1256,0,0,0,0.50005967153
0.12565,0,0,0,0.500059373917
0.1257,0,0,0,0.500059077788
0.12575,0,0,0,0.500058783137
0.1258,0,0,0,0.500058489954
0.12585,0,0,0,0.500058198235
0.1259,0,0,0,0.50005790797
0.12595,0,0,0,0.500057619152
0.126,0,0,0,0.500057331776
0.12605,0,0,0,0.500057045832
0.1261,0,0,0,0.500056761315
0.12615,0,0,0,0.500056478217
0.1262,0,0,0,0.50005619653
0.12625,0,0,0,0.500055916249
0.1263,0,0,0,0.500055637366
0.12635,0,0,0,0.500055359873
0.1264,0,0,0,0.500055083765
0.12645,0,0,0,0.500054809033
0.1265,0,0,0,0.500054535672
0.12655,0,0,0,0.500054263674
0.1266,0,0,0,0.500053993033
0.12665,0,0,0,0.500053723742
0.1267,0,0,0,0.500053455793
0.12675,0,0,0,0.500053189181
0.1268,0,0,0,0.500052923899
0.12685,0,0,0,0.50005265994
0.1269,0,0,0,0.500052397298
0.12695,0,0,0,0.500052135965
0.127,0,0,0,0.500051875936
0.12705,0,0,0,0.500051617204
0.1271,0,0,0,0.500051359762
0.12715,0,0,0,0.500051103604
0.1272,0,0,0,0.500050848724
0.12725,0,0,0,0.500050595114
0.1273,0,0,0,0.50005034277
0.12735,0,0,0,0.500050091685
0.1274,0,0,0,0.500049841851
0.12745,0,0,0,0.500049593264
0.1275,0,0,0,0.500049345917
0.12755,0,0,0,0.500049099803
0.1276,0,0,0,0.500048854917
0.12765,0,0,0,0.500048611252
0.1277,0,0,0,0.500048368802
0.12775,0,0,0,0.500048127562
0.1278,0,0,0,0.500047887524
0.12785,0,0,0,0.500047648684
0.1279,0,0,0,0.500047411036
0.12795,0,0,0,0.500047174572
0.128,0,0,0,0.500046939288
0.12805,0,0,0,0.500046705177
0.1281,0,0,0,0.500046472234
0.12815,0,0,0,0.500046240453
0.1282,0,0,0,0.500046009828
0.12825,0,0,0,0.500045780353
0.1283,0,0,0,0.500045552022
0.12835,0,0,0,0.500045324831
0.1284,0,0,0,0.500045098772
0.12845,0,0,0,0.500044873841
0.1285,0,0,0,0.500044650032
0.12855,0,0,0,0.500044427339
0.1286,0,0,0,0.500044205757
0.12865,0,0,0,0.500043985279
0.1287,0,0,0,0.500043765902
0.12875,0,0,0,0.500043547619
0.1288,0,0,0,0.500043330424
0.12885,0,0,0,0.500043114313
0.1289,0,0,0,0.500042899279
0.12895,0,0,0,0.500042685318
0.129,0,0,0,0.500042472424
0.12905,0,0,0,0.500042260592
0.1291,0,0,0,0.500042049816
0.12915,0,0,0,0.500041840092
0.1292,0,0,0,0.500041631414
0.12925,0,0,0,0.500041423776
0.1293,0,0,0,0.500041217174
0.12935,0,0,0,0.500041011603
0.1294,0,0,0,0.500040807056
0.12945,0,0,0,0.50004060353
0.1295,0,0,0,0.50004040102
0.12955,0,0,0,0.500040199519
0.1296,0,0,0,0.500039999023
0.12965,0,0,0,0.500039799527
0.1297,0,0,0,0.500039601026
0.12975,0,0,0,0.500039403515
0.1298,0,0,0,0.500039206989
0.12985,0,0,0,0.500039011443
0.1299,0,0,0,0.500038816873
0.12995,0,0,0,0.500038623273
0.13,0,0,0,0.500038430639
0.13005,0,0,0,0.500038238965
0.1301,0,0,0,0.500038048247
0.13015,0,0,0,0.500037858481
0.1302,0,0,0,0.500037669661
0.13025,0,0,0,0.500037481783
0.1303,0,0,0,0.500037294842
0.13035,0,0,0,0.500037108833
0.1304,0,0,0,0.500036923752
0.13045,0,0,0,0.500036739594
0.1305,0,0,0,0.500036556354
0.13055,0,0,0,0.500036374029
0.1306,0,0,0,0.500036192612
0.13065,0,0,0,0.500036012101
0.1307,0,0,0,0.50003583249
0.13075,0,0,0,0.500035653775
0.1308,0,0,0,0.500035475951
0.13085,0,0,0,0.500035299014
0.1309,0,0,0,0.500035122959
0.13095,0,0,0,0.500034947783
0.131,0,0,0,0.50003477348
0.13105,0,0,0,0.500034600046
0.1311,0,0,0,0.500034427478
0.13115,0,0,0,0.50003425577
0.1312,0,0,0,0.500034084919
0.13125,0,0,0,0.500033914919
0.1313,0,0,0,0.500033745768
0.13135,0,0,0,0.50003357746
0.1314,0,0,0,0.500033409992
0.13145,0,0,0,0.500033243359
0.1315,0,0,0,0.500033077557
0.13155,0,0,0,0.500032912582
0.1316,0,0,0,0.50003274843
0.13165,0,0,0,0.500032585096
0.1317,0,0,0,0.500032422578
0.13175,0,0,0,0.500032260869
0.1318,0,0,0,0.500032099968
0.13185,0,0,0,0.500031939868
0.1319,0,0,0,0.500031780568
0.13195,0,0,0,0.500031622061
0.132,0,0,0,0.500031464346
0.13205,0,0,0,0.500031307417
0.1321,0,0,0,0.50003115127
0.13215,0,0,0,0.500030995903
0.1322,0,0,0,0.50003084131
0.13225,0,0,0,0.500030687488
0.1323,0,0,0,0.500030534434
0.13235,0,0,0,0.500030382143
0.1324,0,0,0,0.500030230611
0.13245,0,0,0,0.500030079835
0.1325,0,0,0,0.500029929811
0.13255,0,0,0,0.500029780536
0.1326,0,0,0,0.500029632005
0.13265,0,0,0,0.500029484215
0.1327,0,0,0,0.500029337161
0.13275,0,0,0,0.500029190842
0.1328,0,0,0,0.500029045252
0.13285,0,0,0,0.500028900388
0.1329,0,0,0,0.500028756247
0.13295,0,0,0,0.500028612824
0.133,0,0,0,0.500028470117
0.13305,0,0,0,0.500028328122
0.1331,0,0,0,0.500028186835
0.13315,0,0,0,0.500028046252
0.1332,0,0,0,0.500027906371
0.13325,0,0,0,0.500027767188
0.1333,0,0,0,0.500027628698
0.13335,0,0,0,0.500027490899
0.1334,0,0,0,0.500027353788
0.13345,0,0,0,0.50002721736
0.1335,0,0,0,0.500027081613
0.13355,0,0,0,0.500026946543
0.1336,0,0,0,0.500026812147
0.13365,0,0,0,0.500026678421
0.1337,0,0,0,0.500026545361
0.13375,0,0,0,0.500026412966
0.1338,0,0,0,0.500026281231
0.13385,0,0,0,0.500026150152
0.1339,0,0,0,0.500026019728
0.13395,0,0,0,0.500025889954
0.134,0,0,0,0.500025760827
0.13405,0,0,0,0.500025632345
0.1341,0,0,0,0.500025504503
0.13415,0,0,0,0.500025377299
0.1342,0,0,0,0.500025250729
0.13425,0,0,0,0.50002512479
0.1343,0,0,0,0.50002499948
0.13435,0,0,0,0.500024874794
0.1344,0,0,0,0.500024750731
0.13445,0,0,0,0.500024627286
0.1345,0,0,0,0.500024504457
0.13455,0,0,0,0.500024382241
0.1346,0,0,0,0.500024260634
0.13465,0,0,0,0.500024139633
0.1347,0,0,0,0.500024019236
0.13475,0,0,0,0.50002389944
0.1348,0,0,0,0.500023780241
0.13485,0,0,0,0.500023661636
0.1349,0,0,0,0.500023543624
0.13495,0,0,0,0.500023426199
0.135,0,0,0,0.500023309361
0.13505,0,0,0,0.500023193105
0.1351,0,0,0,0.500023077429
0.13515,0,0,0,0.500022962329
0.1352,0,0,0,0.500022847804
0.13525,0,0,0,0.50002273385
0.1353,0,0,0,0.500022620465
0.13535,0,0,0,0.500022507645
0.1354,0,0,0,0.500022395387
0.13545,0,0,0,0.50002228369
0.1355,0,0,0,0.50002217255
0.13555,0,0,0,0.500022061964
0.1356,0,0,0,0.500021951929
0.13565,0,0,0,0.500021842443
0.1357,0,0,0,0.500021733504
0.13575,0,0,0,0.500021625107
0.1358,0,0,0,0.500021517252
0.13585,0,0,0,0.500021409934
0.1359,0,0,0,0.500021303152
0.13595,0,0,0,0.500021196902
0.136,0,0,0,0.500021091182
0.13605,0,0,0,0.500020985989
0.1361,0,0,0,0.500020881321
0.13615,0,0,0,0.500020777175
0.1362,0,0,0,0.500020673548
0.13625,0,0,0,0.500020570438
0.1363,0,0,0,0.500020467843
0.13635,0,0,0,0.500020365759
0.1364,0,0,0,0.500020264185
0.13645,0,0,0,0.500020163117
0.1365,0,0,0,0.500020062553
0.13655,0,0,0,0.50001996249
0.1366,0,0,0,0.500019862927
0.13665,0,0,0,0.50001976386
0.1367,0,0,0,0.500019665287
0.13675,0,0,0,0.500019567206
0.1368,0,0,0,0.500019469615
0.13685,0,0,0,0.500019372509
0.1369,0,0,0,0.500019275889
0.13695,0,0,0,0.50001917975
0.137,0,0,0,0.50001908409
0.13705,0,0,0,0.500018988908
0.1371,0,0,0,0.5000188942
0.13715,0,0,0,0.500018799965
0.1372,0,0,0,0.5000187062
0.13725,0,0,0,0.500018612902
0.1373,0,0,0,0.50001852007
0.13735,0,0,0,0.500018427701
0.1374,0,0,0,0.500018335792
0.13745,0,0,0,0.500018244342
0.1375,0,0,0,0.500018153348
0.13755,0,0,0,0.500018062808
0.1376,0,0,0,0.500017972719
0.13765,0,0,0,0.50001788308
0.1377,0,0,0,0.500017793888
0.13775,0,0,0,0.50001770514
0.1378,0,0,0,0.500017616836
0.13785,0,0,0,0.500017528971
0.1379,0,0,0,0.500017441545
0.13795,0,0,0,0.500017354555
0.138,0,0,0,0.500017267999
0.13805,0,0,0,0.500017181874
0.1381,0,0,0,0.50001709618
0.13815,0,0,0,0.500017010912
0.1382,0,0,0,0.50001692607
0.13825,0,0,0,0.500016841651
0.1383,0,0,0,0.500016757653
0.13835,0,0,0,0.500016674073
0.1384,0,0,0,0.500016590911
0.13845,0,0,0,0.500016508164
0.1385,0,0,0,0.500016425829
0.13855,0,0,0,0.500016343905
0.1386,0,0,0,0.500016262389
0.13865,0,0,0,0.50001618128
0.1387,0,0,0,0.500016100576
0.13875,0,0,0,0.500016020274
0.1388,0,0,0,0.500015940372
0.13885,0,0,0,0.500015860869
0.1389,0,0,0,0.500015781763
0.13895,0,0,0,0.500015703051
0.139,0,0,0,0.500015624732
0.13905,0,0,0,0.500015546803
0.1391,0,0,0,0.500015469263
0.13915,0,0,0,0.50001539211
0.1392,0,0,0,0.500015315341
0.13925,0,0,0,0.500015238956
0.1393,0,0,0,0.500015162951
0.13935,0,0,0,0.500015087325
0.1394,0,0,0,0.500015012077
0.13945,0,0,0,0.500014937204
0.1395,0,0,0,0.500014862704
0.13955,0,0,0,0.500014788576
0.1396,0,0,0,0.500014714818
0.13965,0,0,0,0.500014641428
0.1397,0,0,0,0.500014568403
0.13975,0,0,0,0.500014495743
0.1398,0,0,0,0.500014423445
0.13985,0,0,0,0.500014351508
0.1399,0,0,0,0.500014279929
0.13995,0,0,0,0.500014208708
0.14,0,0,0,0.500014137842
0.14005,0,0,0,0.500014067329
0.1401,0,0,0,0.500013997168
0.14015,0,0,0,0.500013927357
0.1402,0,0,0,0.500013857894
0.14025,0,0,0,0.500013788777
0.1403,0,0,0,0.500013720005
0.14035,0,0,0,0.500013651577
0.1404,0,0,0,0.500013583489
0.14045,0,0,0,0.500013515741
0.1405,0,0,0,0.500013448331
0.14055,0,0,0,0.500013381257
0.1406,0,0,0,0.500013314518
0.14065,0,0,0,0.500013248112
0.1407,0,0,0,0.500013182036
0.14075,0,0,0,0.500013116291
0.1408,0,0,0,0.500013050873
0.14085,0,0,0,0.500012985781
0.1409,0,0,0,0.500012921015
0.14095,0,0,0,0.500012856571
0.141,0,0,0,0.500012792448
0.14105,0,0,0,0.500012728646
0.1411,0,0,0,0.500012665161
0.14115,0,0,0,0.500012601994
0.1412,0,0,0,0.500012539141
0.14125,0,0,0,0.500012476602
0.1413,0,0,0,0.500012414374
0.14135,0,0,0,0.500012352457
0.1414,0,0,0,0.500012290849
0.14145,0,0,0,0.500012229548
0.1415,0,0,0,0.500012168553
0.14155,0,0,0,0.500012107862
0.1416,0,0,0,0.500012047474
0.14165,0,0,0,0.500011987387
0.1417,0,0,0,0.5000119276
0.14175,0,0,0,0.500011868111
0.1418,0,0,0,0.500011808918
0.14185,0,0,0,0.500011750021
0.1419,0,0,0,0.500011691417
0.14195,0,0,0,0.500011633106
0.142,0,0,0,0.500011575086
0.14205,0,0,0,0.500011517355
0.1421,0,0,0,0.500011459912
0.14215,0,0,0,0.500011402755
0.1422,0,0,0,0.500011345884
0.14225,0,0,0,0.500011289296
0.1423,0,0,0,0.50001123299
0.14235,0,0,0,0.500011176966
0.1424,0,0,0,0.50001112122
0.14245,0,0,0,0.500011065753
0.1425,0,0,0,0.500011010562
0.14255,0,0,0,0.500010955647
0.1426,0,0,0,0.500010901005
0.14265,0,0,0,0.500010846636
0.1427,0,0,0,0.500010792539
0.14275,0,0,0,0.500010738711
0.1428,0,0,0,0.500010685151
0.14285,0,0,0,0.500010631859
0.1429,0,0,0,0.500010578832
0.14295,0,0,0,0.50001052607
0.143,0,0,0,0.500010473571
0.14305,0,0,0,0.500010421334
0.1431,0,0,0,0.500010369357
0.14315,0,0,0,0.50001031764
0.1432,0,0,0,0.50001026618
0.14325,0,0,0,0.500010214977
0.1433,0,0,0,0.50001016403
0.14335,0,0,0,0.500010113337
0.1434,0,0,0,0.500010062896
0.14345,0,0,0,0.500010012707
0.1435,0,0,0,0.500009962769
0.14355,0,0,0,0.500009913079
0.1436,0,0,0,0.500009863638
0.14365,0,0,0,0.500009814442
0.1437,0,0,0,0.500009765493
0.14375,0,0,0,0.500009716787
0.1438,0,0,0,0.500009668324
0.14385,0,0,0,0.500009620103
0.1439,0,0,0,0.500009572123
0.14395,0,0,0,0.500009524382
0.144,0,0,0,0.500009476879
0.14405,0,0,0,0.500009429613
0.1441,0,0,0,0.500009382582
0.14415,0,0,0,0.500009335786
0.1442,0,0,0,0.500009289224
0.14425,0,0,0,0.500009242894
0.1443,0,0,0,0.500009196795
0.14435,0,0,0,0.500009150925
0.1444,0,0,0,0.500009105285
0.14445,0,0,0,0.500009059872
0.1445,0,0,0,0.500009014686
0.14455,0,0,0,0.500008969725
0.1446,0,0,0,0.500008924988
0.14465,0,0,0,0.500008880475
0.1447,0,0,0,0.500008836183
0.14475,0,0,0,0.500008792113
0.1448,0,0,0,0.500008748262
0.14485,0,0,0,0.50000870463
0.1449,0,0,0,0.500008661215
0.14495,0,0,0,0.500008618017
0.145,0,0,0,0.500008575035
0.14505,0,0,0,0.500008532266
0.1451,0,0,0,0.500008489712
0.14515,0,0,0,0.500008447369
0.1452,0,0,0,0.500008405237
0.14525,0,0,0,0.500008363316
0.1453,0,0,0,0.500008321604
0.14535,0,0,0,0.5000082801
0.1454,0,0,0,0.500008238803
0.14545,0,0,0,0.500008197711
0.1455,0,0,0,0.500008156825
0.14555,0,0,0,0.500008116143
0.1456,0,0,0,0.500008075663
0.14565,0,0,0,0.500008035386
0.1457,0,0,0,0.500007995309
0.14575,0,0,0,0.500007955432
0.1458,0,0,0,0.500007915755
0.14585,0,0,0,0.500007876275
0.1459,0,0,0,0.500007836991
0.14595,0,0,0,0.500007797904
0.146,0,0,0,0.500007759012
0.14605,0,0,0,0.500007720314
0.1461,0,0,0,0.500007681809
0.14615,0,0,0,0.500007643495
0.1462,0,0,0,0.500007605373
0.14625,0,0,0,0.500007567441
0.1463,0,0,0,0.500007529699
0.14635,0,0,0,0.500007492144
0.1464,0,0,0,0.500007454777
0.14645,0,0,0,0.500007417596
0.1465,0,0,0,0.500007380601
0.14655,0,0,0,0.50000734379
0.1466,0,0,0,0.500007307162
0.14665,0,0,0,0.500007270718
0.1467,0,0,0,0.500007234455
0.14675,0,0,0,0.500007198373
0.1468,0,0,0,0.500007162471
0.14685,0,0,0,0.500007126748
0.1469,0,0,0,0.500007091203
0.14695,0,0,0,0.500007055836
0.147,0,0,0,0.500007020644
0.14705,0,0,0,0.500006985629
0.1471,0,0,0,0.500006950788
0.14715,0,0,0,0.500006916121
0.1472,0,0,0,0.500006881626
0.14725,0,0,0,0.500006847304
0.1473,0,0,0,0.500006813153
0.14735,0,0,0,0.500006779172
0.1474,0,0,0,0.500006745361
0.14745,0,0,0,0.500006711718
0.1475,0,0,0,0.500006678244
0.14755,0,0,0,0.500006644936
0.1476,0,0,0,0.500006611794
0.14765,0,0,0,0.500006578818
0.1477,0,0,0,0.500006546006
0.14775,0,0,0,0.500006513357
0.1478,0,0,0,0.500006480872
0.14785,0,0,0,0.500006448548
0.1479,0,0,0,0.500006416386
0.14795,0,0,0,0.500006384384
0.148,0,0,0,0.500006352542
0.14805,0,0,0,0.500006320858
0.1481,0,0,0,0.500006289333
0.14815,0,0,0,0.500006257965
0.1482,0,0,0,0.500006226753
0.14825,0,0,0,0.500006195697
0.1483,0,0,0,0.500006164796
0.14835,0,0,0,0.500006134049
0.1484,0,0,0,0.500006103455
0.14845,0,0,0,0.500006073014
0.1485,0,0,0,0.500006042725
0.14855,0,0,0,0.500006012586
0.1486,0,0,0,0.500005982599
0.14865,0,0,0,0.50000595276
0.1487,0,0,0,0.500005923071
0.14875,0,0,0,0.500005893529
0.1488,0,0,0,0.500005864135
0.14885,0,0,0,0.500005834888
0.1489,0,0,0,0.500005805786
0.14895,0,0,0,0.50000577683
0.149,0,0,0,0.500005748018
0.14905,0,0,0,0.500005719349
0.1491,0,0,0,0.500005690824
0.14915,0,0,0,0.500005662441
0.1492,0,0,0,0.500005634199
0.14925,0,0,0,0.500005606098
0.1493,0,0,0,0.500005578138
0.14935,0,0,0,0.500005550317
0.1494,0,0,0,0.500005522635
0.14945,0,0,0,0.50000549509
0.1495,0,0,0,0.500005467683
0.14955,0,0,0,0.500005440413
0.1496,0,0,0,0.500005413279
0.14965,0,0,0,0.50000538628
0.1497,0,0,0,0.500005359416
0.14975,0,0,0,0.500005332686
0.1498,0,0,0,0.500005306089
0.14985,0,0,0,0.500005279625
0.1499,0,0,0,0.500005253292
0.14995,0,0,0,0.500005227092
0.15,0,0,0,0.500005201021
0.15005,0,0,0,0.500005175081
0.1501,0,0,0,0.50000514927
0.15015,0,0,0,0.500005123588
0.1502,0,0,0,0.500005098034
0.15025,0,0,0,0.500005072608
0.1503,0,0,0,0.500005047308
0.15035,0,0,0,0.500005022134
0.1504,0,0,0,0.500004997086
0.15045,0,0,0,0.500004972163
0.1505,0,0,0,0.500004947365
0.15055,0,0,0,0.500004922689
0.1506,0,0,0,0.500004898137
0.15065,0,0,0,0.500004873708
0.1507,0,0,0,0.5000048494
0.15075,0,0,0,0.500004825214
0.1508,0,0,0,0.500004801148
0.15085,0,0,0,0.500004777202
0.1509,0,0,0,0.500004753376
0.15095,0,0,0,0.500004729668
0.151,0,0,0,0.500004706079
0.15105,0,0,0,0.500004682607
0.1511,0,0,0,0.500004659252
0.15115,0,0,0,0.500004636014
0.1512,0,0,0,0.500004612892
0.15125,0,0,0,0.500004589885
0.1513,0,0,0,0.500004566993
0.15135,0,0,0,0.500004544215
0.1514,0,0,0,0.500004521551
0.15145,0,0,0,0.500004498999
0.1515,0,0,0,0.500004476561
0.15155,0,0,0,0.500004454234
0.1516,0,0,0,0.500004432018
0.15165,0,0,0,0.500004409913
0.1517,0,0,0,0.500004387919
0.15175,0,0,0,0.500004366034
0.1518,0,0,0,0.500004344258
0.15185,0,0,0,0.500004322591
0.1519,0,0,0,0.500004301032
0.15195,0,0,0,0.500004279581
0.152,0,0,0,0.500004258236
0.15205,0,0,0,0.500004236998
0.1521,0,0,0,0.500004215866
0.15215,0,0,0,0.500004194839
0.1522,0,0,0,0.500004173917
0.15225,0,0,0,0.5000041531
0.1523,0,0,0,0.500004132386
0.15235,0,0,0,0.500004111776
0.1524,0,0,0,0.500004091268
0.15245,0,0,0,0.500004070863
0.1525,0,0,0,0.50000405056
0.15255,0,0,0,0.500004030357
0.1526,0,0,0,0.500004010256
0.15265,0,0,0,0.500003990255
0.1527,0,0,0,0.500003970353
0.15275,0,0,0,0.500003950551
0.1528,0,0,0,0.500003930847
0.15285,0,0,0,0.500003911242
0.1529,0,0,0,0.500003891735
0.15295,0,0,0,0.500003872325
0.153,0,0,0,0.500003853011
0.15305,0,0,0,0.500003833794
0.1531,0,0,0,0.500003814673
0.15315,0,0,0,0.500003795648
0.1532,0,0,0,0.500003776717
0.15325,0,0,0,0.50000375788
0.1533,0,0,0,0.500003739138
0.15335,0,0,0,0.500003720489
0.1534,0,0,0,0.500003701933
0.15345,0,0,0,0.500003683469
0.1535,0,0,0,0.500003665098
0.15355,0,0,0,0.500003646818
0.1536,0,0,0,0.500003628629
0.15365,0,0,0,0.500003610532
0.1537,0,0,0,0.500003592524
0.15375,0,0,0,0.500003574606
0.1538,0,0,0,0.500003556778
0.15385,0,0,0,0.500003539038
0.1539,0,0,0,0.500003521387
0.15395,0,0,0,0.500003503824
0.154,0,0,0,0.500003486349
0.15405,0,0,0,0.500003468961
0.1541,0,0,0,0.500003451659
0.15415,0,0,0,0.500003434444
0.1542,0,0,0,0.500003417315
0.15425,0,0,0,0.500003400271
0.1543,0,0,0,0.500003383312
0.15435,0,0,0,0.500003366437
0.1544,0,0,0,0.500003349647
0.15445,0,0,0,0.500003332941
0.1545,0,0,0,0.500003316318
0.15455,0,0,0,0.500003299777
0.1546,0,0,0,0.50000328332
0.15465,0,0,0,0.500003266944
0.1547,0,0,0,0.50000325065
0.15475,0,0,0,0.500003234437
0.1548,0,0,0,0.500003218306
0.15485,0,0,0,0.500003202254
0.1549,0,0,0,0.500003186283
0.15495,0,0,0,0.500003170391
0.155,0,0,0,0.500003154579
0.15505,0,0,0,0.500003138845
0.1551,0,0,0,0.50000312319
0.15515,0,0,0,0.500003107613
0.1552,0,0,0,0.500003092114
0.15525,0,0,0,0.500003076692
0.1553,0,0,0,0.500003061347
0.15535,0,0,0,0.500003046078
0.1554,0,0,0,0.500003030886
0.15545,0,0,0,0.500003015769
0.1555,0,0,0,0.500003000728
0.15555,0,0,0,0.500002985762
0.1556,0,0,0,0.500002970871
0.15565,0,0,0,0.500002956053
0.1557,0,0,0,0.50000294131
0.15575,0,0,0,0.50000292664
0.1558,0,0,0,0.500002912043
0.15585,0,0,0,0.500002897519
0.1559,0,0,0,0.500002883068
0.15595,0,0,0,0.500002868689
0.156,0,0,0,0.500002854381
0.15605,0,0,0,0.500002840145
0.1561,0,0,0,0.500002825979
0.15615,0,0,0,0.500002811885
0.1562,0,0,0,0.500002797861
0.15625,0,0,0,0.500002783906
0.1563,0,0,0,0.500002770021
0.15635,0,0,0,0.500002756206
0.1564,0,0,0,0.500002742459
0.15645,0,0,0,0.500002728781
0.1565,0,0,0,0.500002715171
0.15655,0,0,0,0.500002701629
0.1566,0,0,0,0.500002688155
0.15665,0,0,0,0.500002674748
0.1567,0,0,0,0.500002661407
0.15675,0,0,0,0.500002648133
0.1568,0,0,0,0.500002634926
0.15685,0,0,0,0.500002621784
0.1569,0,0,0,0.500002608708
0.15695,0,0,0,0.500002595697
0.157,0,0,0,0.500002582751
0.15705,0,0,0,0.500002569869
0.1571,0,0,0,0.500002557052
0.15715,0,0,0,0.500002544299
0.1572,0,0,0,0.500002531609
0.15725,0,0,0,0.500002518982
0.1573,0,0,0,0.500002506419
0.15735,0,0,0,0.500002493918
0.1574,0,0,0,0.50000248148
0.15745,0,0,0,0.500002469103
0.1575,0,0,0,0.500002456789
0.15755,0,0,0,0.500002444535
0.1576,0,0,0,0.500002432343
0.15765,0,0,0,0.500002420212
0.1577,0,0,0,0.500002408141
0.15775,0,0,0,0.50000239613
0.1578,0,0,0,0.500002384179
0.15785,0,0,0,0.500002372288
0.1579,0,0,0,0.500002360456
0.15795,0,0,0,0.500002348684
0.158,0,0,0,0.50000233697
0.15805,0,0,0,0.500002325314
0.1581,0,0,0,0.500002313716
0.15815,0,0,0,0.500002302177
0.1582,0,0,0,0.500002290694
0.15825,0,0,0,0.50000227927
0.1583,0,0,0,0.500002267902
0.15835,0,0,0,0.50000225659
0.1584,0,0,0,0.500002245336
0.15845,0,0,0,0.500002234137
0.1585,0,0,0,0.500002222994
0.15855,0,0,0,0.500002211907
0.1586,0,0,0,0.500002200875
0.15865,0,0,0,0.500002189898
0.1587,0,0,0,0.500002178976
0.15875,0,0,0,0.500002168108
0.1588,0,0,0,0.500002157295
0.15885,0,0,0,0.500002146535
0.1589,0,0,0,0.500002135829
0.15895,0,0,0,0.500002125177
0.159,0,0,0,0.500002114577
0.15905,0,0,0,0.500002104031
0.1591,0,0,0,0.500002093537
0.15915,0,0,0,0.500002083096
0.1592,0,0,0,0.500002072706
0.15925,0,0,0,0.500002062368
0.1593,0,0,0,0.500002052082
0.15935,0,0,0,0.500002041847
0.1594,0,0,0,0.500002031664
0.15945,0,0,0,0.500002021531
0.1595,0,0,0,0.500002011448
0.15955,0,0,0,0.500002001416
0.1596,0,0,0,0.500001991434
0.15965,0,0,0,0.500001981502
0.1597,0,0,0,0.500001971619
0.15975,0,0,0,0.500001961785
0.1598,0,0,0,0.500001952001
0.15985,0,0,0,0.500001942265
0.1599,0,0,0,0.500001932578
0.15995,0,0,0,0.50000192294
0.16,0,0,0,0.500001913349
0.16005,0,0,0,0.500001903806
0.1601,0,0,0,0.500001894311
0.16015,0,0,0,0.500001884863
0.1602,0,0,0,0.500001875462
0.16025,0,0,0,0.500001866108
0.1603,0,0,0,0.500001856801
0.16035,0,0,0,0.50000184754
0.1604,0,0,0,0.500001838325
0.16045,0,0,0,0.500001829157
0.1605,0,0,0,0.500001820034
0.16055,0,0,0,0.500001810956
0.1606,0,0,0,0.500001801924
0.16065,0,0,0,0.500001792937
0.1607,0,0,0,0.500001783995
0.16075,0,0,0,0.500001775097
0.1608,0,0,0,0.500001766244
0.16085,0,0,0,0.500001757434
0.1609,0,0,0,0.500001748669
0.16095,0,0,0,0.500001739948
0.161,0,0,0,0.50000173127
0.16105,0,0,0,0.500001722635
0.1611,0,0,0,0.500001714043
0.16115,0,0,0,0.500001705494
0.1612,0,0,0,0.500001696988
0.16125,0,0,0,0.500001688524
0.1613,0,0,0,0.500001680103
0.16135,0,0,0,0.500001671723
0.1614,0,0,0,0.500001663386
0.16145,0,0,0,0.500001655089
0.1615,0,0,0,0.500001646835
0.16155,0,0,0,0.500001638621
0.1616,0,0,0,0.500001630448
0.16165,0,0,0,0.500001622316
0.1617,0,0,0,0.500001614225
0.16175,0,0,0,0.500001606174
0.1618,0,0,0,0.500001598163
0.16185,0,0,0,0.500001590192
0.1619,0,0,0,0.500001582261
0.16195,0,0,0,0.50000157437
0.162,0,0,0,0.500001566518
0.16205,0,0,0,0.500001558704
0.1621,0,0,0,0.50000155093
0.16215,0,0,0,0.500001543195
0.1622,0,0,0,0.500001535498
0.16225,0,0,0,0.50000152784
0.1623,0,0,0,0.50000152022
0.16235,0,0,0,0.500001512638
0.1624,0,0,0,0.500001505093
0.16245,0,0,0,0.500001497587
0.1625,0,0,0,0.500001490118
0.16255,0,0,0,0.500001482686
0.1626,0,0,0,0.500001475291
0.16265,0,0,0,0.500001467933
0.1627,0,0,0,0.500001460611
0.16275,0,0,0,0.500001453326
0.1628,0,0,0,0.500001446078
0.16285,0,0,0,0.500001438866
0.1629,0,0,0,0.500001431689
0.16295,0,0,0,0.500001424549
0.163,0,0,0,0.500001417444
0.16305,0,0,0,0.500001410374
0.1631,0,0,0,0.50000140334
0.16315,0,0,0,0.500001396341
0.1632,0,0,0,0.500001389376
0.16325,0,0,0,0.500001382447
0.1633,0,0,0,0.500001375552
0.16335,0,0,0,0.500001368691
0.1634,0,0,0,0.500001361865
0.16345,0,0,0,0.500001355073
0.1635,0,0,0,0.500001348314
0.16355,0,0,0,0.500001341589
0.1636,0,0,0,0.500001334898
0.16365,0,0,0,0.50000132824
0.1637,0,0,0,0.500001321616
0.16375,0,0,0,0.500001315024
0.1638,0,0,0,0.500001308465
0.16385,0,0,0,0.500001301939
0.1639,0,0,0,0.500001295446
0.16395,0,0,0,0.500001288985
0.164,0,0,0,0.500001282556
0.16405,0,0,0,0.500001276159
0.1641,0,0,0,0.500001269794
0.16415,0,0,0,0.500001263461
0.1642,0,0,0,0.50000125716
0.16425,0,0,0,0.50000125089
0.1643,0,0,0,0.500001244651
0.16435,0,0,0,0.500001238443
0.1644,0,0,0,0.500001232266
0.16445,0,0,0,0.50000122612
0.1645,0,0,0,0.500001220005
0.16455,0,0,0,0.50000121392
0.1646,0,0,0,0.500001207866
0.16465,0,0,0,0.500001201842
0.1647,0,0,0,0.500001195847
0.16475,0,0,0,0.500001189883
0.1648,0,0,0,0.500001183948
0.16485,0,0,0,0.500001178044
0.1649,0,0,0,0.500001172168
0.16495,0,0,0,0.500001166322
0.165,0,0,0,0.500001160505
0.16505,0,0,0,0.500001154717
0.1651,0,0,0,0.500001148958
0.16515,0,0,0,0.500001143227
0.1652,0,0,0,0.500001137525
0.16525,0,0,0,0.500001131852
0.1653,0,0,0,0.500001126207
0.16535,0,0,0,0.50000112059
0.1654,0,0,0,0.500001115001
0.16545,0,0,0,0.50000110944
0.1655,0,0,0,0.500001103906
0.16555,0,0,0,0.5000010984
0.1656,0,0,0,0.500001092922
0.16565,0,0,0,0.500001087471
0.1657,0,0,0,0.500001082047
0.16575,0,0,0,0.500001076651
0.1658,0,0,0,0.500001071281
0.16585,0,0,0,0.500001065938
0.1659,0,0,0,0.500001060621
0.16595,0,0,0,0.500001055332
0.166,0,0,0,0.500001050068
0.16605,0,0,0,0.500001044831
0.1661,0,0,0,0.50000103962
0.16615,0,0,0,0.500001034435
0.1662,0,0,0,0.500001029275
0.16625,0,0,0,0.500001024142
0.1663,0,0,0,0.500001019034
0.16635,0,0,0,0.500001013951
0.1664,0,0,0,0.500001008894
0.16645,0,0,0,0.500001003862
0.1665,0,0,0,0.500000998856
0.16655,0,0,0,0.500000993874
0.1666,0,0,0,0.500000988917
0.16665,0,0,0,0.500000983985
0.1667,0,0,0,0.500000979077
0.16675,0,0,0,0.500000974194
0.1668,0,0,0,0.500000969335
0.16685,0,0,0,0.5000009645
0.1669,0,0,0,0.50000095969
0.16695,0,0,0,0.500000954904
0.167,0,0,0,0.500000950141
0.16705,0,0,0,0.500000945402
0.1671,0,0,0,0.500000940687
0.16715,0,0,0,0.500000935995
0.1672,0,0,0,0.500000931327
0.16725,0,0,0,0.500000926682
0.1673,0,0,0,0.50000092206
0.16735,0,0,0,0.500000917461
0.1674,0,0,0,0.500000912885
0.16745,0,0,0,0.500000908332
0.1675,0,0,0,0.500000903802
0.16755,0,0,0,0.500000899294
0.1676,0,0,0,0.500000894809
0.16765,0,0,0,0.500000890346
0.1677,0,0,0,0.500000885906
0.16775,0,0,0,0.500000881487
0.1678,0,0,0,0.500000877091
0.16785,0,0,0,0.500000872716
0.1679,0,0,0,0.500000868363
0.16795,0,0,0,0.500000864032
0.168,0,0,0,0.500000859723
0.16805,0,0,0,0.500000855435
0.1681,0,0,0,0.500000851169
0.16815,0,0,0,0.500000846923
0.1682,0,0,0,0.500000842699
0.16825,0,0,0,0.500000838496
0.1683,0,0,0,0.500000834314
0.16835,0,0,0,0.500000830153
0.1684,0,0,0,0.500000826013
0.16845,0,0,0,0.500000821893
0.1685,0,0,0,0.500000817794
0.16855,0,0,0,0.500000813715
0.1686,0,0,0,0.500000809657
0.16865,0,0,0,0.500000805618
0.1687,0,0,0,0.5000008016
0.16875,0,0,0,0.500000797602
0.1688,0,0,0,0.500000793624
0.16885,0,0,0,0.500000789666
0.1689,0,0,0,0.500000785728
0.16895,0,0,0,0.500000781809
0.169,0,0,0,0.50000077791
0.16905,0,0,0,0.50000077403
0.1691,0,0,0,0.500000770169
0.16915,0,0,0,0.500000766328
0.1692,0,0,0,0.500000762506
0.16925,0,0,0,0.500000758703
0.1693,0,0,0,0.500000754919
0.16935,0,0,0,0.500000751154
0.1694,0,0,0,0.500000747407
0.16945,0,0,0,0.50000074368
0.1695,0,0,0,0.50000073997
0.16955,0,0,0,0.50000073628
0.1696,0,0,0,0.500000732608
0.16965,0,0,0,0.500000728954
0.1697,0,0,0,0.500000725318
0.16975,0,0,0,0.500000721701
0.1698,0,0,0,0.500000718101
0.16985,0,0,0,0.50000071452
0.1699,0,0,0,0.500000710956
0.16995,0,0,0,0.50000070741
0.17,0,0,0,0.500000703882
0.17005,0,0,0,0.500000700371
0.1701,0,0,0,0.500000696878
0.17015,0,0,0,0.500000693402
0.1702,0,0,0,0.500000689944
0.17025,0,0,0,0.500000686503
0.1703,0,0,0,0.500000683079
0.17035,0,0,0,0.500000679672
0.1704,0,0,0,0.500000676282
0.17045,0,0,0,0.500000672909
0.1705,0,0,0,0.500000669553
0.17055,0,0,0,0.500000666214
0.1706,0,0,0,0.500000662891
0.17065,0,0,0,0.500000659585
0.1707,0,0,0,0.500000656295
0.17075,0,0,0,0.500000653022
0.1708,0,0,0,0.500000649765
0.17085,0,0,0,0.500000646524
0.1709,0,0,0,0.500000643299
0.17095,0,0,0,0.500000640091
0.171,0,0,0,0.500000636898
0.17105,0,0,0,0.500000633722
0.1711,0,0,0,0.500000630561
0.17115,0,0,0,0.500000627416
0.1712,0,0,0,0.500000624287
0.17125,0,0,0,0.500000621173
0.1713,0,0,0,0.500000618075
0.17135,0,0,0,0.500000614993
0.1714,0,0,0,0.500000611925
0.17145,0,0,0,0.500000608873
0.1715,0,0,0,0.500000605837
0.17155,0,0,0,0.500000602815
0.1716,0,0,0,0.500000599808
0.17165,0,0,0,0.500000596817
0.1717,0,0,0,0.50000059384
0.17175,0,0,0,0.500000590878
0.1718,0,0,0,0.500000587931
0.17185,0,0,0,0.500000584999
0.1719,0,0,0,0.500000582081
0.17195,0,0,0,0.500000579178
0.172,0,0,0,0.50000057629
0.17205,0,0,0,0.500000573415
0.1721,0,0,0,0.500000570555
0.17215,0,0,0,0.50000056771
0.1722,0,0,0,0.500000564878
0.17225,0,0,0,0.500000562061
0.1723,0,0,0,0.500000559258
0.17235,0,0,0,0.500000556468
0.1724,0,0,0,0.500000553693
0.17245,0,0,0,0.500000550931
0.1725,0,0,0,0.500000548184
0.17255,0,0,0,0.50000054545
0.1726,0,0,0,0.500000542729
0.17265,0,0,0,0.500000540022
0.1727,0,0,0,0.500000537329
0.17275,0,0,0,0.500000534649
0.1728,0,0,0,0.500000531982
0.17285,0,0,0,0.500000529329
0.1729,0,0,0,0.500000526689
0.17295,0,0,0,0.500000524062
0.173,0,0,0,0.500000521448
0.17305,0,0,0,0.500000518848
0.1731,0,0,0,0.50000051626
0.17315,0,0,0,0.500000513685
0.1732,0,0,0,0.500000511123
0.17325,0,0,0,0.500000508574
0.1733,0,0,0,0.500000506037
0.17335,0,0,0,0.500000503513
0.1734,0,0,0,0.500000501002
0.17345,0,0,0,0.500000498503
0.1735,0,0,0,0.500000496017
0.17355,0,0,0,0.500000493543
0.1736,0,0,0,0.500000491082
0.17365,0,0,0,0.500000488632
0.1737,0,0,0,0.500000486195
0.17375,0,0,0,0.50000048377
0.1738,0,0,0,0.500000481358
0.17385,0,0,0,0.500000478957
0.1739,0,0,0,0.500000476568
0.17395,0,0,0,0.500000474191
0.174,0,0,0,0.500000471826
0.17405,0,0,0,0.500000469473
0.1741,0,0,0,0.500000467131
0.17415,0,0,0,0.500000464801
0.1742,0,0,0,0.500000462483
0.17425,0,0,0,0.500000460177
0.1743,0,0,0,0.500000457881
0.17435,0,0,0,0.500000455598
0.1744,0,0,0,0.500000453325
0.17445,0,0,0,0.500000451064
0.1745,0,0,0,0.500000448815
0.17455,0,0,0,0.500000446576
0.1746,0,0,0,0.500000444349
0.17465,0,0,0,0.500000442133
0.1747,0,0,0,0.500000439928
0.17475,0,0,0,0.500000437734
0.1748,0,0,0,0.50000043555
0.17485,0,0,0,0.500000433378
0.1749,0,0,0,0.500000431217
0.17495,0,0,0,0.500000429066
0.175,0,0,0,0.500000426926
0.17505,0,0,0,0.500000424797
0.1751,0,0,0,0.500000422678
0.17515,0,0,0,0.50000042057
0.1752,0,0,0,0.500000418472
0.17525,0,0,0,0.500000416385
0.1753,0,0,0,0.500000414308
0.17535,0,0,0,0.500000412242
0.1754,0,0,0,0.500000410186
0.17545,0,0,0,0.50000040814
0.1755,0,0,0,0.500000406104
0.17555,0,0,0,0.500000404079
0.1756,0,0,0,0.500000402064
0.17565,0,0,0,0.500000400058
0.1757,0,0,0,0.500000398063
0.17575,0,0,0,0.500000396078
0.1758,0,0,0,0.500000394102
0.17585,0,0,0,0.500000392137
0.1759,0,0,0,0.500000390181
0.17595,0,0,0,0.500000388235
0.176,0,0,0,0.500000386298
0.17605,0,0,0,0.500000384372
0.1761,0,0,0,0.500000382455
0.17615,0,0,0,0.500000380547
0.1762,0,0,0,0.500000378649
0.17625,0,0,0,0.500000376761
0.1763,0,0,0,0.500000374882
0.17635,0,0,0,0.500000373012
0.1764,0,0,0,0.500000371151
0.17645,0,0,0,0.5000003693
0.1765,0,0,0,0.500000367458
0.17655,0,0,0,0.500000365626
0.1766,0,0,0,0.500000363802
0.17665,0,0,0,0.500000361988
0.1767,0,0,0,0.500000360182
0.17675,0,0,0,0.500000358386
0.1768,0,0,0,0.500000356598
0.17685,0,0,0,0.50000035482
0.1769,0,0,0,0.50000035305
0.17695,0,0,0,0.500000351289
0.177,0,0,0,0.500000349537
0.17705,0,0,0,0.500000347794
0.1771,0,0,0,0.500000346059
0.17715,0,0,0,0.500000344333
0.1772,0,0,0,0.500000342616
0.17725,0,0,0,0.500000340907
0.1773,0,0,0,0.500000339207
0.17735,0,0,0,0.500000337515
0.1774,0,0,0,0.500000335832
0.17745,0,0,0,0.500000334157
0.1775,0,0,0,0.50000033249
0.17755,0,0,0,0.500000330832
0.1776,0,0,0,0.500000329182
0.17765,0,0,0,0.50000032754
0.1777,0,0,0,0.500000325906
0.17775,0,0,0,0.500000324281
0.1778,0,0,0,0.500000322664
0.17785,0,0,0,0.500000321054
0.1779,0,0,0,0.500000319453
0.17795,0,0,0,0.50000031786
0.178,0,0,0,0.500000316274
0.17805,0,0,0,0.500000314697
0.1781,0,0,0,0.500000313127
0.17815,0,0,0,0.500000311566
0.1782,0,0,0,0.500000310012
0.17825,0,0,0,0.500000308466
0.1783,0,0,0,0.500000306927
0.17835,0,0,0,0.500000305396
0.1784,0,0,0,0.500000303873
0.17845,0,0,0,0.500000302358
0.1785,0,0,0,0.50000030085
0.17855,0,0,0,0.500000299349
0.1786,0,0,0,0.500000297856
0.17865,0,0,0,0.50000029637
0.1787,0,0,0,0.500000294892
0.17875,0,0,0,0.500000293422
0.1788,0,0,0,0.500000291958
0.17885,0,0,0,0.500000290502
0.1789,0,0,0,0.500000289053
0.17895,0,0,0,0.500000287611
0.179,0,0,0,0.500000286177
0.17905,0,0,0,0.50000028475
0.1791,0,0,0,0.500000283329
0.17915,0,0,0,0.500000281916
0.1792,0,0,0,0.50000028051
0.17925,0,0,0,0.500000279111
0.1793,0,0,0,0.500000277719
0.17935,0,0,0,0.500000276334
0.1794,0,0,0,0.500000274956
0.17945,0,0,0,0.500000273584
0.1795,0,0,0,0.50000027222
0.17955,0,0,0,0.500000270862
0.1796,0,0,0,0.500000269511
0.17965,0,0,0,0.500000268167
0.1797,0,0,0,0.50000026683
0.17975,0,0,0,0.500000265499
0.1798,0,0,0,0.500000264175
0.17985,0,0,0,0.500000262857
0.1799,0,0,0,0.500000261546
0.17995,0,0,0,0.500000260242
0.18,0,0,0,0.500000258944
0.18005,0,0,0,0.500000257652
0.1801,0,0,0,0.500000256367
0.18015,0,0,0,0.500000255088
0.1802,0,0,0,0.500000253816
0.18025,0,0,0,0.50000025255
0.1803,0,0,0,0.500000251291
0.18035,0,0,0,0.500000250037
0.1804,0,0,0,0.50000024879
0.18045,0,0,0,0.500000247549
0.1805,0,0,0,0.500000246315
0.18055,0,0,0,0.500000245086
0.1806,0,0,0,0.500000243864
0.18065,0,0,0,0.500000242648
0.1807,0,0,0,0.500000241437
0.18075,0,0,0,0.500000240233
0.1808,0,0,0,0.500000239035
0.18085,0,0,0,0.500000237843
0.1809,0,0,0,0.500000236657
0.18095,0,0,0,0.500000235476
0.181,0,0,0,0.500000234302
0.18105,0,0,0,0.500000233133
0.1811,0,0,0,0.500000231971
0.18115,0,0,0,0.500000230814
0.1812,0,0,0,0.500000229662
0.18125,0,0,0,0.500000228517
0.1813,0,0,0,0.500000227377
0.18135,0,0,0,0.500000226243
0.1814,0,0,0,0.500000225115
0.18145,0,0,0,0.500000223992
0.1815,0,0,0,0.500000222875
0.18155,0,0,0,0.500000221763
0.1816,0,0,0,0.500000220657
0.18165,0,0,0,0.500000219557
0.1817,0,0,0,0.500000218462
0.18175,0,0,0,0.500000217372
0.1818,0,0,0,0.500000216288
0.18185,0,0,0,0.500000215209
0.1819,0,0,0,0.500000214136
0.18195,0,0,0,0.500000213068
0.182,0,0,0,0.500000212005
0.18205,0,0,0,0.500000210948
0.1821,0,0,0,0.500000209896
0.18215,0,0,0,0.500000208849
0.1822,0,0,0,0.500000207807
0.18225,0,0,0,0.500000206771
0.1823,0,0,0,0.500000205739
0.18235,0,0,0,0.500000204713
0.1824,0,0,0,0.500000203692
0.18245,0,0,0,0.500000202676
0.1825,0,0,0,0.500000201665
0.18255,0,0,0,0.50000020066
0.1826,0,0,0,0.500000199659
0.18265,0,0,0,0.500000198663
0.1827,0,0,0,0.500000197672
0.18275,0,0,0,0.500000196686
0.1828,0,0,0,0.500000195705
0.18285,0,0,0,0.500000194729
0.1829,0,0,0,0.500000193758
0.18295,0,0,0,0.500000192792
0.183,0,0,0,0.50000019183
0.18305,0,0,0,0.500000190873
0.1831,0,0,0,0.500000189921
0.18315,0,0,0,0.500000188974
0.1832,0,0,0,0.500000188032
0.18325,0,0,0,0.500000187094
0.1833,0,0,0,0.500000186161
0.18335,0,0,0,0.500000185232
0.1834,0,0,0,0.500000184308
0.18345,0,0,0,0.500000183389
0.1835,0,0,0,0.500000182474
0.18355,0,0,0,0.500000181564
0.1836,0,0,0,0.500000180659
0.18365,0,0,0,0.500000179758
0.1837,0,0,0,0.500000178861
0.18375,0,0,0,0.500000177969
0.1838,0,0,0,0.500000177082
0.18385,0,0,0,0.500000176198
0.1839,0,0,0,0.50000017532
0.18395,0,0,0,0.500000174445
0.184,0,0,0,0.500000173575
0.18405,0,0,0,0.500000172709
0.1841,0,0,0,0.500000171848
0.18415,0,0,0,0.500000170991
0.1842,0,0,0,0.500000170138
0.18425,0,0,0,0.50000016929
0.1843,0,0,0,0.500000168445
0.18435,0,0,0,0.500000167605
0.1844,0,0,0,0.500000166769
0.18445,0,0,0,0.500000165937
0.1845,0,0,0,0.50000016511
0.18455,0,0,0,0.500000164286
0.1846,0,0,0,0.500000163467
0.18465,0,0,0,0.500000162652
0.1847,0,0,0,0.50000016184
0.18475,0,0,0,0.500000161033
0.1848,0,0,0,0.50000016023
0.18485,0,0,0,0.500000159431
0.1849,0,0,0,0.500000158636
0.18495,0,0,0,0.500000157844
0.185,0,0,0,0.500000157057
0.18505,0,0,0,0.500000156274
0.1851,0,0,0,0.500000155494
0.18515,0,0,0,0.500000154719
0.1852,0,0,0,0.500000153947
0.18525,0,0,0,0.500000153179
0.1853,0,0,0,0.500000152415
0.18535,0,0,0,0.500000151655
0.1854,0,0,0,0.500000150899
0.18545,0,0,0,0.500000150146
0.1855,0,0,0,0.500000149397
0.18555,0,0,0,0.500000148652
0.1856,0,0,0,0.500000147911
0.18565,0,0,0,0.500000147173
0.1857,0,0,0,0.500000146439
0.18575,0,0,0,0.500000145709
0.1858,0,0,0,0.500000144982
0.18585,0,0,0,0.500000144259
0.1859,0,0,0,0.50000014354
0.18595,0,0,0,0.500000142824
0.186,0,0,0,0.500000142111
0.18605,0,0,0,0.500000141402
0.1861,0,0,0,0.500000140697
0.18615,0,0,0,0.500000139996
0.1862,0,0,0,0.500000139297
0.18625,0,0,0,0.500000138603
0.1863,0,0,0,0.500000137911
0.18635,0,0,0,0.500000137223
0.1864,0,0,0,0.500000136539
0.18645,0,0,0,0.500000135858
0.1865,0,0,0,0.50000013518
0.18655,0,0,0,0.500000134506
0.1866,0,0,0,0.500000133835
0.18665,0,0,0,0.500000133168
0.1867,0,0,0,0.500000132504
0.18675,0,0,0,0.500000131843
0.1868,0,0,0,0.500000131185
0.18685,0,0,0,0.500000130531
0.1869,0,0,0,0.50000012988
0.18695,0,0,0,0.500000129232
0.187,0,0,0,0.500000128588
0.18705,0,0,0,0.500000127946
0.1871,0,0,0,0.500000127308
0.18715,0,0,0,0.500000126673
0.1872,0,0,0,0.500000126041
0.18725,0,0,0,0.500000125413
0.1873,0,0,0,0.500000124787
0.18735,0,0,0,0.500000124165
0.1874,0,0,0,0.500000123546
0.18745,0,0,0,0.500000122929
0.1875,0,0,0,0.500000122316
0.18755,0,0,0,0.500000121706
0.1876,0,0,0,0.500000121099
0.18765,0,0,0,0.500000120495
0.1877,0,0,0,0.500000119894
0.18775,0,0,0,0.500000119296
0.1878,0,0,0,0.500000118701
0.18785,0,0,0,0.500000118109
0.1879,0,0,0,0.50000011752
0.18795,0,0,0,0.500000116934
0.188,0,0,0,0.500000116351
0.18805,0,0,0,0.500000115771
0.1881,0,0,0,0.500000115193
0.18815,0,0,0,0.500000114619
0.1882,0,0,0,0.500000114047
0.18825,0,0,0,0.500000113478
0.1883,0,0,0,0.500000112912
0.18835,0,0,0,0.500000112349
0.1884,0,0,0,0.500000111789
0.18845,0,0,0,0.500000111231
0.1885,0,0,0,0.500000110676
0.18855,0,0,0,0.500000110124
0.1886,0,0,0,0.500000109575
0.18865,0,0,0,0.500000109029
0.1887,0,0,0,0.500000108485
0.18875,0,0,0,0.500000107944
0.1888,0,0,0,0.500000107405
0.18885,0,0,0,0.50000010687
0.1889,0,0,0,0.500000106337
0.18895,0,0,0,0.500000105806
0.189,0,0,0,0.500000105279
0.18905,0,0,0,0.500000104754
0.1891,0,0,0,0.500000104231
0.18915,0,0,0,0.500000103711
0.1892,0,0,0,0.500000103194
0.18925,0,0,0,0.500000102679
0.1893,0,0,0,0.500000102167
0.18935,0,0,0,0.500000101658
0.1894,0,0,0,0.500000101151
0.18945,0,0,0,0.500000100646
0.1895,0,0,0,0.500000100144
0.18955,0,0,0,0.500000099645
0.1896,0,0,0,0.500000099148
0.18965,0,0,0,0.500000098653
0.1897,0,0,0,0.500000098161
0.18975,0,0,0,0.500000097672
0.1898,0,0,0,0.500000097184
0.18985,0,0,0,0.5000000967
0.1899,0,0,0,0.500000096217
0.18995,0,0,0,0.500000095738
0.19,0,0,0,0.50000009526
0.19005,0,0,0,0.500000094785
0.1901,0,0,0,0.500000094312
0.19015,0,0,0,0.500000093842
0.1902,0,0,0,0.500000093374
0.19025,0,0,0,0.500000092908
0.1903,0,0,0,0.500000092445
0.19035,0,0,0,0.500000091984
0.1904,0,0,0,0.500000091525
0.19045,0,0,0,0.500000091068
0.1905,0,0,0,0.500000090614
0.19055,0,0,0,0.500000090162
0.1906,0,0,0,0.500000089713
0.19065,0,0,0,0.500000089265
0.1907,0,0,0,0.50000008882
0.19075,0,0,0,0.500000088377
0.1908,0,0,0,0.500000087936
0.19085,0,0,0,0.500000087498
0.1909,0,0,0,0.500000087061
0.19095,0,0,0,0.500000086627
0.191,0,0,0,0.500000086195
0.19105,0,0,0,0.500000085765
0.1911,0,0,0,0.500000085337
0.19115,0,0,0,0.500000084912
0.1912,0,0,0,0.500000084488
0.19125,0,0,0,0.500000084067
0.1913,0,0,0,0.500000083647
0.19135,0,0,0,0.50000008323
0.1914,0,0,0,0.500000082815
0.19145,0,0,0,0.500000082402
0.1915,0,0,0,0.500000081991
0.19155,0,0,0,0.500000081582
0.1916,0,0,0,0.500000081175
0.19165,0,0,0,0.50000008077
0.1917,0,0,0,0.500000080368
0.19175,0,0,0,0.500000079967
0.1918,0,0,0,0.500000079568
0.19185,0,0,0,0.500000079171
0.1919,0,0,0,0.500000078776
0.19195,0,0,0,0.500000078383
0.192,0,0,0,0.500000077992
0.19205,0,0,0,0.500000077603
0.1921,0,0,0,0.500000077216
0.19215,0,0,0,0.500000076831
0.1922,0,0,0,0.500000076448
0.19225,0,0,0,0.500000076067
0.1923,0,0,0,0.500000075687
0.19235,0,0,0,0.50000007531
0.1924,0,0,0,0.500000074934
0.19245,0,0,0,0.50000007456
0.1925,0,0,0,0.500000074189
0.19255,0,0,0,0.500000073819
0.1926,0,0,0,0.50000007345
0.19265,0,0,0,0.500000073084
0.1927,0,0,0,0.50000007272
0.19275,0,0,0,0.500000072357
0.1928,0,0,0,0.500000071996
0.19285,0,0,0,0.500000071637
0.1929,0,0,0,0.50000007128
0.19295,0,0,0,0.500000070924
0.193,0,0,0,0.50000007057
0.19305,0,0,0,0.500000070218
0.1931,0,0,0,0.500000069868
0.19315,0,0,0,0.50000006952
0.1932,0,0,0,0.500000069173
0.19325,0,0,0,0.500000068828
0.1933,0,0,0,0.500000068485
0.19335,0,0,0,0.500000068143
0.1934,0,0,0,0.500000067803
0.19345,0,0,0,0.500000067465
0.1935,0,0,0,0.500000067129
0.19355,0,0,0,0.500000066794
0.1936,0,0,0,0.500000066461
0.19365,0,0,0,0.500000066129
0.1937,0,0,0,0.500000065799
0.19375,0,0,0,0.500000065471
0.1938,0,0,0,0.500000065145
0.19385,0,0,0,0.50000006482
0.1939,0,0,0,0.500000064496
0.19395,0,0,0,0.500000064175
0.194,0,0,0,0.500000063855
0.19405,0,0,0,0.500000063536
0.1941,0,0,0,0.500000063219
0.19415,0,0,0,0.500000062904
0.1942,0,0,0,0.50000006259
0.19425,0,0,0,0.500000062278
0.1943,0,0,0,0.500000061968
0.19435,0,0,0,0.500000061658
0.1944,0,0,0,0.500000061351
0.19445,0,0,0,0.500000061045
0.1945,0,0,0,0.50000006074
0.19455,0,0,0,0.500000060438
0.1946,0,0,0,0.500000060136
0.19465,0,0,0,0.500000059836
0.1947,0,0,0,0.500000059538
0.19475,0,0,0,0.500000059241
0.1948,0,0,0,0.500000058945
0.19485,0,0,0,0.500000058651
0.1949,0,0,0,0.500000058359
0.19495,0,0,0,0.500000058068
0.195,0,0,0,0.500000057778
0.19505,0,0,0,0.50000005749
0.1951,0,0,0,0.500000057203
0.19515,0,0,0,0.500000056918
0.1952,0,0,0,0.500000056634
0.19525,0,0,0,0.500000056352
0.1953,0,0,0,0.500000056071
0.19535,0,0,0,0.500000055791
0.1954,0,0,0,0.500000055513
0.19545,0,0,0,0.500000055236
0.1955,0,0,0,0.50000005496
0.19555,0,0,0,0.500000054686
0.1956,0,0,0,0.500000054413
0.19565,0,0,0,0.500000054142
0.1957,0,0,0,0.500000053872
0.19575,0,0,0,0.500000053603
0.1958,0,0,0,0.500000053336
0.19585,0,0,0,0.50000005307
0.1959,0,0,0,0.500000052805
0.19595,0,0,0,0.500000052542
0.196,0,0,0,0.50000005228
0.19605,0,0,0,0.500000052019
0.1961,0,0,0,0.50000005176
0.19615,0,0,0,0.500000051501
0.1962,0,0,0,0.500000051245
0.19625,0,0,0,0.500000050989
0.1963,0,0,0,0.500000050735
0.19635,0,0,0,0.500000050482
0.1964,0,0,0,0.50000005023
0.19645,0,0,0,0.500000049979
0.1965,0,0,0,0.50000004973
0.19655,0,0,0,0.500000049482
0.1966,0,0,0,0.500000049235
0.19665,0,0,0,0.50000004899
0.1967,0,0,0,0.500000048745
0.19675,0,0,0,0.500000048502
0.1968,0,0,0,0.50000004826
0.19685,0,0,0,0.50000004802
0.1969,0,0,0,0.50000004778
0.19695,0,0,0,0.500000047542
0.197,0,0,0,0.500000047305
0.19705,0,0,0,0.500000047069
0.1971,0,0,0,0.500000046834
0.19715,0,0,0,0.5000000466
0.1972,0,0,0,0.500000046368
0.19725,0,0,0,0.500000046137
0.1973,0,0,0,0.500000045907
0.19735,0,0,0,0.500000045678
0.1974,0,0,0,0.50000004545
0.19745,0,0,0,0.500000045223
0.1975,0,0,0,0.500000044998
0.19755,0,0,0,0.500000044773
0.1976,0,0,0,0.50000004455
0.19765,0,0,0,0.500000044328
0.1977,0,0,0,0.500000044107
0.19775,0,0,0,0.500000043887
0.1978,0,0,0,0.500000043668
0.19785,0,0,0,0.50000004345
0.1979,0,0,0,0.500000043233
0.19795,0,0,0,0.500000043018
0.198,0,0,0,0.500000042803
0.19805,0,0,0,0.50000004259
0.1981,0,0,0,0.500000042377
0.19815,0,0,0,0.500000042166
0.1982,0,0,0,0.500000041956
0.19825,0,0,0,0.500000041746
0.1983,0,0,0,0.500000041538
0.19835,0,0,0,0.500000041331
0.1984,0,0,0,0.500000041125
0.19845,0,0,0,0.50000004092
0.1985,0,0,0,0.500000040716
0.19855,0,0,0,0.500000040512
0.1986,0,0,0,0.50000004031
0.19865,0,0,0,0.500000040109
0.1987,0,0,0,0.500000039909
0.19875,0,0,0,0.50000003971
0.1988,0,0,0,0.500000039512
0.19885,0,0,0,0.500000039315
0.1989,0,0,0,0.500000039119
0.19895,0,0,0,0.500000038924
0.199,0,0,0,0.50000003873
0.19905,0,0,0,0.500000038537
0.1991,0,0,0,0.500000038344
0.19915,0,0,0,0.500000038153
0.1992,0,0,0,0.500000037963
0.19925,0,0,0,0.500000037774
0.1993,0,0,0,0.500000037585
0.19935,0,0,0,0.500000037398
0.1994,0,0,0,0.500000037211
0.19945,0,0,0,0.500000037026
0.1995,0,0,0,0.500000036841
0.19955,0,0,0,0.500000036657
0.1996,0,0,0,0.500000036474
0.19965,0,0,0,0.500000036292
0.1997,0,0,0,0.500000036111
0.19975,0,0,0,0.500000035931
0.1998,0,0,0,0.500000035752
0.19985,0,0,0,0.500000035574
0.1999,0,0,0,0.500000035396
0.19995,0,0,0,0.50000003522
0.2,0,0,0,0.500000035044
0.20005,0,0,0,0.500000034869
0.2001,0,0,0,0.500000034696
0.20015,0,0,0,0.500000034522
0.2002,0,0,0,0.50000003435
0.20025,0,0,0,0.500000034179
0.2003,0,0,0,0.500000034008
0.20035,0,0,0,0.500000033839
0.2004,0,0,0,0.50000003367
0.20045,0,0,0,0.500000033502
0.2005,0,0,0,0.500000033335
0.20055,0,0,0,0.500000033169
0.2006,0,0,0,0.500000033003
0.20065,0,0,0,0.500000032839
0.2007,0,0,0,0.500000032675
0.20075,0,0,0,0.500000032512
0.2008,0,0,0,0.50000003235
0.20085,0,0,0,0.500000032189
0.2009,0,0,0,0.500000032028
0.20095,0,0,0,0.500000031868
0.201,0,0,0,0.500000031709
0.20105,0,0,0,0.500000031551
0.2011,0,0,0,0.500000031394
0.20115,0,0,0,0.500000031237
0.2012,0,0,0,0.500000031081
0.20125,0,0,0,0.500000030926
0.2013,0,0,0,0.500000030772
0.20135,0,0,0,0.500000030619
0.2014,0,0,0,0.500000030466
0.20145,0,0,0,0.500000030314
0.2015,0,0,0,0.500000030163
0.20155,0,0,0,0.500000030012
0.2016,0,0,0,0.500000029863
0.20165,0,0,0,0.500000029714
0.2017,0,0,0,0.500000029566
0.20175,0,0,0,0.500000029418
0.2018,0,0,0,0.500000029271
0.20185,0,0,0,0.500000029125
0.2019,0,0,0,0.50000002898
0.20195,0,0,0,0.500000028836
0.202,0,0,0,0.500000028692
0.20205,0,0,0,0.500000028549
0.2021,0,0,0,0.500000028406
0.20215,0,0,0,0.500000028265
0.2022,0,0,0,0.500000028124
0.20225,0,0,0,0.500000027983
0.2023,0,0,0,0.500000027844
0.20235,0,0,0,0.500000027705
0.2024,0,0,0,0.500000027567
0.20245,0,0,0,0.500000027429
0.2025,0,0,0,0.500000027292
0.20255,0,0,0,0.500000027156
0.2026,0,0,0,0.500000027021
0.20265,0,0,0,0.500000026886
0.2027,0,0,0,0.500000026752
0.20275,0,0,0,0.500000026619
0.2028,0,0,0,0.500000026486
0.20285,0,0,0,0.500000026354
0.2029,0,0,0,0.500000026222
0.20295,0,0,0,0.500000026092
0.203,0,0,0,0.500000025961
0.20305,0,0,0,0.500000025832
0.2031,0,0,0,0.500000025703
0.20315,0,0,0,0.500000025575
0.2032,0,0,0,0.500000025447
0.20325,0,0,0,0.50000002532
0.2033,0,0,0,0.500000025194
0.20335,0,0,0,0.500000025068
0.2034,0,0,0,0.500000024943
0.20345,0,0,0,0.500000024819
0.2035,0,0,0,0.500000024695
0.20355,0,0,0,0.500000024572
0.2036,0,0,0,0.50000002445
0.20365,0,0,0,0.500000024328
0.2037,0,0,0,0.500000024206
0.20375,0,0,0,0.500000024086
0.2038,0,0,0,0.500000023965
0.20385,0,0,0,0.500000023846
0.2039,0,0,0,0.500000023727
0.20395,0,0,0,0.500000023609
0.204,0,0,0,0.500000023491
0.20405,0,0,0,0.500000023374
0.2041,0,0,0,0.500000023257
0.20415,0,0,0,0.500000023141
0.2042,0,0,0,0.500000023026
0.20425,0,0,0,0.500000022911
0.2043,0,0,0,0.500000022797
0.20435,0,0,0,0.500000022683
0.2044,0,0,0,0.50000002257
0.20445,0,0,0,0.500000022457
0.2045,0,0,0,0.500000022345
0.20455,0,0,0,0.500000022234
0.2046,0,0,0,0.500000022123
0.20465,0,0,0,0.500000022012
0.2047,0,0,0,0.500000021903
0.20475,0,0,0,0.500000021793
0.2048,0,0,0,0.500000021685
0.20485,0,0,0,0.500000021577
0.2049,0,0,0,0.500000021469
0.20495,0,0,0,0.500000021362
0.205,0,0,0,0.500000021255
0.20505,0,0,0,0.500000021149
0.2051,0,0,0,0.500000021044
0.20515,0,0,0,0.500000020939
0.2052,0,0,0,0.500000020835
0.20525,0,0,0,0.500000020731
0.2053,0,0,0,0.500000020627
0.20535,0,0,0,0.500000020524
0.2054,0,0,0,0.500000020422
0.20545,0,0,0,0.50000002032
0.2055,0,0,0,0.500000020219
0.20555,0,0,0,0.500000020118
0.2056,0,0,0,0.500000020018
0.20565,0,0,0,0.500000019918
0.2057,0,0,0,0.500000019818
0.20575,0,0,0,0.50000001972
0.2058,0,0,0,0.500000019621
0.20585,0,0,0,0.500000019523
0.2059,0,0,0,0.500000019426
0.20595,0,0,0,0.500000019329
0.206,0,0,0,0.500000019233
0.20605,0,0,0,0.500000019137
0.2061,0,0,0,0.500000019041
0.20615,0,0,0,0.500000018946
0.2062,0,0,0,0.500000018852
0.20625,0,0,0,0.500000018758
0.2063,0,0,0,0.500000018664
0.20635,0,0,0,0.500000018571
0.2064,0,0,0,0.500000018479
0.20645,0,0,0,0.500000018386
0.2065,0,0,0,0.500000018295
0.20655,0,0,0,0.500000018203
0.2066,0,0,0,0.500000018113
0.20665,0,0,0,0.500000018022
0.2067,0,0,0,0.500000017932
0.20675,0,0,0,0.500000017843
0.2068,0,0,0,0.500000017754
0.20685,0,0,0,0.500000017665
0.2069,0,0,0,0.500000017577
0.20695,0,0,0,0.50000001749
0.207,0,0,0,0.500000017402
0.20705,0,0,0,0.500000017316
0.2071,0,0,0,0.500000017229
0.20715,0,0,0,0.500000017143
0.2072,0,0,0,0.500000017058
0.20725,0,0,0,0.500000016973
0.2073,0,0,0,0.500000016888
0.20735,0,0,0,0.500000016804
0.2074,0,0,0,0.50000001672
0.20745,0,0,0,0.500000016637
0.2075,0,0,0,0.500000016554
0.20755,0,0,0,0.500000016471
0.2076,0,0,0,0.500000016389
0.20765,0,0,0,0.500000016307
0.2077,0,0,0,0.500000016226
0.20775,0,0,0,0.500000016145
0.2078,0,0,0,0.500000016064
0.20785,0,0,0,0.500000015984
0.2079,0,0,0,0.500000015905
0.20795,0,0,0,0.500000015825
0.208,0,0,0,0.500000015746
0.20805,0,0,0,0.500000015668
0.2081,0,0,0,0.50000001559
0.20815,0,0,0,0.500000015512
0.2082,0,0,0,0.500000015435
0.20825,0,0,0,0.500000015358
0.2083,0,0,0,0.500000015281
0.20835,0,0,0,0.500000015205
0.2084,0,0,0,0.500000015129
0.20845,0,0,0,0.500000015053
0.2085,0,0,0,0.500000014978
0.20855,0,0,0,0.500000014904
0.2086,0,0,0,0.500000014829
0.20865,0,0,0,0.500000014755
0.2087,0,0,0,0.500000014682
0.20875,0,0,0,0.500000014609
0.2088,0,0,0,0.500000014536
0.20885,0,0,0,0.500000014463
0.2089,0,0,0,0.500000014391
0.20895,0,0,0,0.500000014319
0.209,0,0,0,0.500000014248
0.20905,0,0,0,0.500000014177
0.2091,0,0,0,0.500000014106
0.20915,0,0,0,0.500000014036
0.2092,0,0,0,0.500000013966
0.20925,0,0,0,0.500000013896
0.2093,0,0,0,0.500000013827
0.20935,0,0,0,0.500000013758
0.2094,0,0,0,0.500000013689
0.20945,0,0,0,0.500000013621
0.2095,0,0,0,0.500000013553
0.20955,0,0,0,0.500000013485
0.2096,0,0,0,0.500000013418
0.20965,0,0,0,0.500000013351
0.2097,0,0,0,0.500000013285
0.20975,0,0,0,0.500000013218
0.2098,0,0,0,0.500000013152
0.20985,0,0,0,0.500000013087
0.2099,0,0,0,0.500000013022
0.20995,0,0,0,0.500000012957
0.21,0,0,0,0.500000012892
0.21005,0,0,0,0.500000012828
0.2101,0,0,0,0.500000012764
0.21015,0,0,0,0.5000000127
0.2102,0,0,0,0.500000012637
0.21025,0,0,0,0.500000012574
0.2103,0,0,0,0.500000012511
0.21035,0,0,0,0.500000012449
0.2104,0,0,0,0.500000012387
0.21045,0,0,0,0.500000012325
0.2105,0,0,0,0.500000012263
0.21055,0,0,0,0.500000012202
0.2106,0,0,0,0.500000012141
0.21065,0,0,0,0.500000012081
0.2107,0,0,0,0.50000001202
0.21075,0,0,0,0.500000011961
0.2108,0,0,0,0.500000011901
0.21085,0,0,0,0.500000011841
0.2109,0,0,0,0.500000011782
0.21095,0,0,0,0.500000011724
0.211,0,0,0,0.500000011665
0.21105,0,0,0,0.500000011607
0.2111,0,0,0,0.500000011549
0.21115,0,0,0,0.500000011492
0.2112,0,0,0,0.500000011434
0.21125,0,0,0,0.500000011377
0.2113,0,0,0,0.50000001132
0.21135,0,0,0,0.500000011264
0.2114,0,0,0,0.500000011208
0.21145,0,0,0,0.500000011152
0.2115,0,0,0,0.500000011096
0.21155,0,0,0,0.500000011041
0.2116,0,0,0,0.500000010986
0.21165,0,0,0,0.500000010931
0.2117,0,0,0,0.500000010877
0.21175,0,0,0,0.500000010822
0.2118,0,0,0,0.500000010768
0.21185,0,0,0,0.500000010715
0.2119,0,0,0,0.500000010661
0.21195,0,0,0,0.500000010608
0.212,0,0,0,0.500000010555
0.21205,0,0,0,0.500000010502
0.2121,0,0,0,0.50000001045
0.21215,0,0,0,0.500000010398
0.2122,0,0,0,0.500000010346
0.21225,0,0,0,0.500000010295
0.2123,0,0,0,0.500000010243
0.21235,0,0,0,0.500000010192
0.2124,0,0,0,0.500000010141
0.21245,0,0,0,0.500000010091
0.2125,0,0,0,0.50000001004
0.21255,0,0,0,0.50000000999
0.2126,0,0,0,0.50000000994
0.21265,0,0,0,0.500000009891
0.2127,0,0,0,0.500000009842
0.21275,0,0,0,0.500000009792
0.2128,0,0,0,0.500000009744
0.21285,0,0,0,0.500000009695
0.2129,0,0,0,0.500000009647
0.21295,0,0,0,0.500000009599
0.213,0,0,0,0.500000009551
0.21305,0,0,0,0.500000009503
0.2131,0,0,0,0.500000009456
0.21315,0,0,0,0.500000009408
0.2132,0,0,0,0.500000009362
0.21325,0,0,0,0.500000009315
0.2133,0,0,0,0.500000009268
0.21335,0,0,0,0.500000009222
0.2134,0,0,0,0.500000009176
0.21345,0,0,0,0.50000000913
0.2135,0,0,0,0.500000009085
0.21355,0,0,0,0.50000000904
0.2136,0,0,0,0.500000008994
0.21365,0,0,0,0.50000000895
0.2137,0,0,0,0.500000008905
0.21375,0,0,0,0.500000008861
0.2138,0,0,0,0.500000008816
0.21385,0,0,0,0.500000008772
0.2139,0,0,0,0.500000008729
0.21395,0,0,0,0.500000008685
0.214,0,0,0,0.500000008642
0.21405,0,0,0,0.500000008599
0.2141,0,0,0,0.500000008556
0.21415,0,0,0,0.500000008513
0.2142,0,0,0,0.500000008471
0.21425,0,0,0,0.500000008428
0.2143,0,0,0,0.500000008386
0.21435,0,0,0,0.500000008345
0.2144,0,0,0,0.500000008303
0.21445,0,0,0,0.500000008262
0.2145,0,0,0,0.50000000822
0.21455,0,0,0,0.500000008179
0.2146,0,0,0,0.500000008139
0.21465,0,0,0,0.500000008098
0.2147,0,0,0,0.500000008058
0.21475,0,0,0,0.500000008017
0.2148,0,0,0,0.500000007977
0.21485,0,0,0,0.500000007938
0.2149,0,0,0,0.500000007898
0.21495,0,0,0,0.500000007859
0.215,0,0,0,0.500000007819
0.21505,0,0,0,0.50000000778
0.2151,0,0,0,0.500000007742
0.21515,0,0,0,0.500000007703
0.2152,0,0,0,0.500000007665
0.21525,0,0,0,0.500000007626
0.2153,0,0,0,0.500000007588
0.21535,0,0,0,0.50000000755
0.2154,0,0,0,0.500000007513
0.21545,0,0,0,0.500000007475
0.2155,0,0,0,0.500000007438
0.21555,0,0,0,0.500000007401
0.2156,0,0,0,0.500000007364
0.21565,0,0,0,0.500000007327
0.2157,0,0,0,0.500000007291
0.21575,0,0,0,0.500000007254
0.2158,0,0,0,0.500000007218
0.21585,0,0,0,0.500000007182
0.2159,0,0,0,0.500000007146
0.21595,0,0,0,0.500000007111
0.216,0,0,0,0.500000007075
0.21605,0,0,0,0.50000000704
0.2161,0,0,0,0.500000007005
0.21615,0,0,0,0.50000000697
0.2162,0,0,0,0.500000006935
0.21625,0,0,0,0.500000006901
0.2163,0,0,0,0.500000006866
0.21635,0,0,0,0.500000006832
0.2164,0,0,0,0.500000006798
0.21645,0,0,0,0.500000006764
0.2165,0,0,0,0.50000000673
0.21655,0,0,0,0.500000006697
0.2166,0,0,0,0.500000006663
0.21665,0,0,0,0.50000000663
0.2167,0,0,0,0.500000006597
0.21675,0,0,0,0.500000006564
0.2168,0,0,0,0.500000006531
0.21685,0,0,0,0.500000006499
0.2169,0,0,0,0.500000006466
0.21695,0,0,0,0.500000006434
0.217,0,0,0,0.500000006402
0.21705,0,0,0,0.50000000637
0.2171,0,0,0,0.500000006338
0.21715,0,0,0,0.500000006307
0.2172,0,0,0,0.500000006275
0.21725,0,0,0,0.500000006244
0.2173,0,0,0,0.500000006213
0.21735,0,0,0,0.500000006182
0.2174,0,0,0,0.500000006151
0.21745,0,0,0,0.50000000612
0.2175,0,0,0,0.50000000609
0.21755,0,0,0,0.500000006059
0.2176,0,0,0,0.500000006029
0.21765,0,0,0,0.500000005999
0.2177,0,0,0,0.500000005969
0.21775,0,0,0,0.500000005939
0.2178,0,0,0,0.50000000591
0.21785,0,0,0,0.50000000588
0.2179,0,0,0,0.500000005851
0.21795,0,0,0,0.500000005822
0.218,0,0,0,0.500000005793
0.21805,0,0,0,0.500000005764
0.2181,0,0,0,0.500000005735
0.21815,0,0,0,0.500000005707
0.2182,0,0,0,0.500000005678
0.21825,0,0,0,0.50000000565
0.2183,0,0,0,0.500000005622
0.21835,0,0,0,0.500000005594
0.2184,0,0,0,0.500000005566
0.21845,0,0,0,0.500000005538
0.2185,0,0,0,0.50000000551
0.21855,0,0,0,0.500000005483
0.2186,0,0,0,0.500000005455
0.21865,0,0,0,0.500000005428
0.2187,0,0,0,0.500000005401
0.21875,0,0,0,0.500000005374
0.2188,0,0,0,0.500000005347
0.21885,0,0,0,0.500000005321
0.2189,0,0,0,0.500000005294
0.21895,0,0,0,0.500000005268
0.219,0,0,0,0.500000005242
0.21905,0,0,0,0.500000005215
0.2191,0,0,0,0.500000005189
0.21915,0,0,0,0.500000005163
0.2192,0,0,0,0.500000005138
0.21925,0,0,0,0.500000005112
0.2193,0,0,0,0.500000005087
0.21935,0,0,0,0.500000005061
0.2194,0,0,0,0.500000005036
0.21945,0,0,0,0.500000005011
0.2195,0,0,0,0.500000004986
0.21955,0,0,0,0.500000004961
0.2196,0,0,0,0.500000004936
0.21965,0,0,0,0.500000004912
0.2197,0,0,0,0.500000004887
0.21975,0,0,0,0.500000004863
0.2198,0,0,0,0.500000004839
0.21985,0,0,0,0.500000004814
0.2199,0,0,0,0.50000000479
0.21995,0,0,0,0.500000004766
0.22,0,0,0,0.500000004743
0.22005,0,0,0,0.500000004719
0.2201,0,0,0,0.500000004696
0.22015,0,0,0,0.500000004672
0.2202,0,0,0,0.500000004649
0.22025,0,0,0,0.500000004626
0.2203,0,0,0,0.500000004603
0.22035,0,0,0,0.50000000458
0.2204,0,0,0,0.500000004557
0.22045,0,0,0,0.500000004534
0.2205,0,0,0,0.500000004511
0.22055,0,0,0,0.500000004489
0.2206,0,0,0,0.500000004467
0.22065,0,0,0,0.500000004444
0.2207,0,0,0,0.500000004422
0.22075,0,0,0,0.5000000044
0.2208,0,0,0,0.500000004378
0.22085,0,0,0,0.500000004356
0.2209,0,0,0,0.500000004335
0.22095,0,0,0,0.500000004313
0.221,0,0,0,0.500000004291
0.22105,0,0,0,0.50000000427
0.2211,0,0,0,0.500000004249
0.22115,0,0,0,0.500000004227
0.2212,0,0,0,0.500000004206
0.22125,0,0,0,0.500000004185
0.2213,0,0,0,0.500000004165
0.22135,0,0,0,0.500000004144
0.2214,0,0,0,0.500000004123
0.22145,0,0,0,0.500000004103
0.2215,0,0,0,0.500000004082
0.22155,0,0,0,0.500000004062
0.2216,0,0,0,0.500000004041
0.22165,0,0,0,0.500000004021
0.2217,0,0,0,0.500000004001
0.22175,0,0,0,0.500000003981
0.2218,0,0,0,0.500000003961
0.22185,0,0,0,0.500000003942
0.2219,0,0,0,0.500000003922
0.22195,0,0,0,0.500000003902
0.222,0,0,0,0.500000003883
0.22205,0,0,0,0.500000003864
0.2221,0,0,0,0.500000003844
0.22215,0,0,0,0.500000003825
0.2222,0,0,0,0.500000003806
0.22225,0,0,0,0.500000003787
0.2223,0,0,0,0.500000003768
0.22235,0,0,0,0.500000003749
0.2224,0,0,0,0.500000003731
0.22245,0,0,0,0.500000003712
0.2225,0,0,0,0.500000003694
0.22255,0,0,0,0.500000003675
0.2226,0,0,0,0.500000003657
0.22265,0,0,0,0.500000003639
0.2227,0,0,0,0.50000000362
0.22275,0,0,0,0.500000003602
0.2228,0,0,0,0.500000003584
0.22285,0,0,0,0.500000003567
0.2229,0,0,0,0.500000003549
0.22295,0,0,0,0.500000003531
0.223,0,0,0,0.500000003513
0.22305,0,0,0,0.500000003496
0.2231,0,0,0,0.500000003479
0.22315,0,0,0,0.500000003461
0.2232,0,0,0,0.500000003444
0.22325,0,0,0,0.500000003427
0.2233,0,0,0,0.50000000341
0.22335,0,0,0,0.500000003393
0.2234,0,0,0,0.500000003376
0.22345,0,0,0,0.500000003359
0.2235,0,0,0,0.500000003342
0.22355,0,0,0,0.500000003325
0.2236,0,0,0,0.500000003309
0.22365,0,0,0,0.500000003292
0.2237,0,0,0,0.500000003276
0.22375,0,0,0,0.50000000326
0.2238,0,0,0,0.500000003243
0.22385,0,0,0,0.500000003227
0.2239,0,0,0,0.500000003211
0.22395,0,0,0,0.500000003195
0.224,0,0,0,0.500000003179
0.22405,0,0,0,0.500000003163
0.2241,0,0,0,0.500000003148
0.22415,0,0,0,0.500000003132
0.2242,0,0,0,0.500000003116
0.22425,0,0,0,0.500000003101
0.2243,0,0,0,0.500000003085
0.22435,0,0,0,0.50000000307
0.2244,0,0,0,0.500000003054
0.22445,0,0,0,0.500000003039
0.2245,0,0,0,0.500000003024
0.22455,0,0,0,0.500000003009
0.2246,0,0,0,0.500000002994
0.22465,0,0,0,0.500000002979
0.2247,0,0,0,0.500000002964
0.22475,0,0,0,0.500000002949
0.2248,0,0,0,0.500000002935
0.22485,0,0,0,0.50000000292
0.2249,0,0,0,0.500000002906
0.22495,0,0,0,0.500000002891
0.225,0,0,0,0.500000002877
0.22505,0,0,0,0.500000002862
0.2251,0,0,0,0.500000002848
0.22515,0,0,0,0.500000002834
0.2252,0,0,0,0.50000000282
0.22525,0,0,0,0.500000002806
0.2253,0,0,0,0.500000002792
0.22535,0,0,0,0.500000002778
0.2254,0,0,0,0.500000002764
0.22545,0,0,0,0.50000000275
0.2255,0,0,0,0.500000002736
0.22555,0,0,0,0.500000002723
0.2256,0,0,0,0.500000002709
0.22565,0,0,0,0.500000002696
0.2257,0,0,0,0.500000002682
0.22575,0,0,0,0.500000002669
0.2258,0,0,0,0.500000002655
0.22585,0,0,0,0.500000002642
0.2259,0,0,0,0.500000002629
0.22595,0,0,0,0.500000002616
0.226,0,0,0,0.500000002603
0.22605,0,0,0,0.50000000259
0.2261,0,0,0,0.500000002577
0.22615,0,0,0,0.500000002564
0.2262,0,0,0,0.500000002551
0.22625,0,0,0,0.500000002539
0.2263,0,0,0,0.500000002526
0.22635,0,0,0,0.500000002513
0.2264,0,0,0,0.500000002501
0.22645,0,0,0,0.500000002488
0.2265,0,0,0,0.500000002476
0.22655,0,0,0,0.500000002464
0.2266,0,0,0,0.500000002451
0.22665,0,0,0,0.500000002439
0.2267,0,0,0,0.500000002427
0.22675,0,0,0,0.500000002415
0.2268,0,0,0,0.500000002403
0.22685,0,0,0,0.500000002391
0.2269,0,0,0,0.500000002379
0.22695,0,0,0,0.500000002367
0.227,0,0,0,0.500000002355
0.22705,0,0,0,0.500000002343
0.2271,0,0,0,0.500000002332
0.22715,0,0,0,0.50000000232
0.2272,0,0,0,0.500000002309
0.22725,0,0,0,0.500000002297
0.2273,0,0,0,0.500000002286
0.22735,0,0,0,0.500000002274
0.2274,0,0,0,0.500000002263
0.22745,0,0,0,0.500000002252
0.2275,0,0,0,0.50000000224
0.22755,0,0,0,0.500000002229
0.2276,0,0,0,0.500000002218
0.22765,0,0,0,0.500000002207
0.2277,0,0,0,0.500000002196
0.22775,0,0,0,0.500000002185
0.2278,0,0,0,0.500000002174
0.22785,0,0,0,0.500000002163
0.2279,0,0,0,0.500000002152
0.22795,0,0,0,0.500000002142
0.228,0,0,0,0.500000002131
0.22805,0,0,0,0.50000000212
0.2281,0,0,0,0.50000000211
0.22815,0,0,0,0.500000002099
0.2282,0,0,0,0.500000002089
0.22825,0,0,0,0.500000002078
0.2283,0,0,0,0.500000002068
0.22835,0,0,0,0.500000002058
0.2284,0,0,0,0.500000002047
0.22845,0,0,0,0.500000002037
0.2285,0,0,0,0.500000002027
0.22855,0,0,0,0.500000002017
0.2286,0,0,0,0.500000002007
0.22865,0,0,0,0.500000001997
0.2287,0,0,0,0.500000001987
0.22875,0,0,0,0.500000001977
0.2288,0,0,0,0.500000001967
0.22885,0,0,0,0.500000001957
0.2289,0,0,0,0.500000001948
0.22895,0,0,0,0.500000001938
0.229,0,0,0,0.500000001928
0.22905,0,0,0,0.500000001919
0.2291,0,0,0,0.500000001909
0.22915,0,0,0,0.5000000019
0.2292,0,0,0,0.50000000189
0.22925,0,0,0,0.500000001881
0.2293,0,0,0,0.500000001871
0.22935,0,0,0,0.500000001862
0.2294,0,0,0,0.500000001853
0.22945,0,0,0,0.500000001843
0.2295,0,0,0,0.500000001834
0.22955,0,0,0,0.500000001825
0.2296,0,0,0,0.500000001816
0.22965,0,0,0,0.500000001807
0.2297,0,0,0,0.500000001798
0.22975,0,0,0,0.500000001789
0.2298,0,0,0,0.50000000178
0.22985,0,0,0,0.500000001771
0.2299,0,0,0,0.500000001762
0.22995,0,0,0,0.500000001753
0.23,0,0,0,0.500000001745
