time_s,input_normalized,partition_minus1unused_0train_1val_2test,target_x,target_y,target_z,pred_x,pred_y,pred_z,input_only_x,input_only_y,input_only_z
0,-1.01158133767,-1,-3.80946714445,-3.16625157971,22.7704869395,-24.4313636019,-77.146190928,75.7338066309,-3.94431544736,-3.50954029117,22.3018697704
0.0005,-0.987173112569,-1,-3.72596333984,-3.52826709854,21.832732237,-21.4412712641,-74.1768839297,76.0545636605,-3.76904880047,-3.34517732209,22.3400330819
0.001,-0.975615814229,-1,-3.7283154943,-3.94510242916,20.9693660498,-18.5661133226,-71.2164626227,76.2591119351,-3.68606001619,-3.26735143094,22.3581034158
0.0015,-0.975941362878,-1,-3.81122985997,-4.42079376896,20.1867514955,-15.847781441,-68.3666167373,76.3584688776,-3.68839766344,-3.26954364862,22.3575944064
0.002,-0.987417080245,-1,-3.97135562589,-4.96189961268,19.4932449526,-13.3162941122,-65.7052215769,76.3659212916,-3.77080064422,-3.34682018025,22.3396516279
0.0025,-1.00957919917,-1,-4.20729545147,-5.57649554441,18.899899002,-10.9925071062,-63.2919445787,76.2982050623,-3.92993881411,-3.49605805614,22.3050002002
0.003,-1.04223432151,-1,-4.51942935149,-6.2731166899,18.4212355867,-8.89041235972,-61.1730681207,76.1767344779,-4.16442345081,-3.71595494911,22.2539425096
0.0035,-1.08543504298,-1,-4.90956017155,-7.05946894069,18.0760815866,-7.01902884804,-59.3855332719,76.0292240707,-4.4746322253,-4.00686503448,22.1863963205
0.004,-1.13943088545,-1,-5.3803511005,-7.9406896566,17.8883838933,-5.55272572285,-58.0499933708,75.9619822283,-4.86235686392,-4.37046857182,22.1019714946
0.0045,-1.20459044611,-1,-5.93448834153,-8.91691087939,17.8878050763,-4.40648294888,-56.9360680288,76.0008546466,-5.33024412994,-4.80924766415,22.0000917144
0.005,-1.28128550744,-1,-6.57346973117,-9.97989194093,18.1097210837,-3.5956526872,-56.0657119478,76.2164623468,-5.88096365906,-5.32570586393,21.8801756819
0.0055,-1.36972337669,-1,-7.29590453728,-11.1086050952,18.5939878018,-3.024243176,-55.299606323,76.5894204976,-6.51600404972,-5.92123916102,21.7418992633
0.006,-1.46971157034,-1,-8.09523554068,-12.2639809281,19.3815440483,-2.44373632985,-54.278308544,76.9739305832,-7.23398314729,-6.59455138731,21.585563415
0.0065,-1.58034254006,-1,-8.95690401476,-13.3836821599,20.5077046008,-1.84037385676,-52.9939182782,77.4930092079,-8.02838417508,-7.33953118742,21.4125871277
0.007,-1.69960129327,-1,-9.85522707404,-14.3788554268,21.9911747039,-1.2017897302,-51.4497929658,78.3011663603,-8.88473819926,-8.14260976793,21.2261209293
0.0075,-1.82393320426,-1,-10.7506851924,-15.1361310439,23.8188963791,-0.517286761869,-49.6636659651,79.5718001872,-9.77752073683,-8.97985057341,21.0317226301
0.008,-1.94786859468,-1,-11.588875859,-15.5289335368,25.929320057,0.222937070976,-47.6680713634,81.4645763694,-10.6674560034,-9.81442124212,20.837944308
0.0085,-2.06387791479,-1,-12.3028252042,-15.4409063525,28.2003988804,1.02999117831,-45.5058899628,84.0679268877,-11.5004770224,-10.595618409,20.6565587382
0.009,-2.16269168288,-1,-12.8201527948,-14.7993508955,30.4516233839,1.90155587857,-42.9629040391,86.5700324583,-12.2100229943,-11.2610221506,20.5020591548
0.0095,-2.2342921247,-1,-13.0752020983,-13.6085144343,32.4679399536,2.85565980628,-40.033671828,88.5993818219,-12.7241599011,-11.743173604,20.3901087794
0.01,-2.26959208387,-1,-13.023705645,-11.9661886159,34.0443878306,3.92539539836,-36.9090630932,90.2074016223,-12.9776361556,-11.9808806094,20.3349157725
0.0105,-2.26246474545,-1,-12.6550815664,-10.0499805413,35.0366622277,5.13382844154,-33.7906010496,91.3986114291,-12.9264573132,-11.932885702,20.3460596732
0.011,-2.21144553175,-1,-11.9971071615,-8.07427900634,35.3949098368,6.47944287152,-30.892734525,92.2479961488,-12.5601067705,-11.5893265366,20.4258304117
0.0115,-2.12037894463,-1,-11.1105486324,-6.23623372682,35.1650701907,7.92924422311,-28.4399294906,92.9950514359,-11.9061905065,-10.9760916708,20.5682169439
0.012,-1.99767529698,-1,-10.0758665028,-4.67469682231,34.4603564847,9.39378505279,-26.2006293261,92.7301625614,-11.0250999398,-10.1498154561,20.7600693832
0.0125,-1.85447068355,-1,-8.97730243919,-3.45578963718,33.4203555049,10.7929881093,-24.2093708964,91.5020411678,-9.99679934384,-9.18548743327,20.9839759657
0.013,-1.70242452603,-1,-7.88963762651,-2.58265228461,32.176408939,12.0591873218,-22.5762419675,89.7081667162,-8.90501081381,-8.16162118385,21.2217066833
0.0135,-1.55188687336,-1,-6.87046278737,-2.01738767855,30.8325519254,13.1395456051,-21.3791815436,87.7188115906,-7.82405431218,-7.14791308134,21.4570787885
0.014,-1.41082853797,-1,-5.95801257965,-1.70347574939,29.4611250809,13.9985116784,-20.6564940825,85.8089006627,-6.81116536348,-6.19803791736,21.6776295728
0.0145,-1.28454136673,-1,-5.17295654295,-1.58231425216,28.1072501257,14.8062672543,-20.1310476201,83.9500738966,-5.90434280845,-5.34763055112,21.8750850056
0.015,-1.17588611596,-1,-4.52219101023,-1.60267678461,26.796433815,15.766675593,-19.4675466656,81.9979303599,-5.1241287047,-4.61595507901,22.0449721712
0.0155,-1.08581726884,-1,-4.00310331765,-1.72458459959,25.5417788637,16.8424510786,-18.6348959041,80.0301676263,-4.47737685116,-4.00943891184,22.1857986939
0.016,-1.01397322106,-1,-3.60741021803,-1.91971849565,24.3494236053,17.8154465209,-17.6319435949,78.1630508258,-3.96149069795,-3.52564703613,22.2981299577
0.0165,-0.959207534338,-1,-3.32419279869,-2.17011372384,23.2221225563,18.6476240928,-16.5920325282,76.4005713821,-3.56823808584,-3.15685943124,22.3837584682
0.017,-0.920008982536,-1,-3.14207649714,-2.46626067599,22.1614028304,19.3205800216,-15.6072525131,74.7315179944,-3.28676744594,-2.89289962541,22.4450470927
0.0175,-0.894803275569,-1,-3.05066668046,-2.80521743777,21.168811093,19.8244900163,-14.7451169535,73.1409689901,-3.10577436985,-2.72316647939,22.4844573014
0.018,-0.882151749957,-1,-3.0414056071,-3.18899905192,20.2466674323,20.1561892056,-14.0534840427,71.6147940935,-3.01492833483,-2.63797215229,22.5042385068
0.0185,-0.880869976172,-1,-3.10801421079,-3.62331000613,19.3986117599,20.3173102505,-13.5652856828,70.1418808333,-3.00572438033,-2.62934079363,22.5062426153
0.019,-0.890088903483,-1,-3.2466535234,-4.1165793059,18.6301226013,20.3125993295,-13.302822561,68.7151271209,-3.07192216698,-2.69142028768,22.4918284253
0.0195,-0.909277201609,-1,-3.45590282103,-4.67919941865,17.9491180181,20.1484746244,-13.281505321,67.3319342132,-3.20970640399,-2.82063270024,22.4618266945
0.02,-0.938238236039,-1,-3.73661241016,-5.3228326642,17.3667051849,19.8318502716,-13.5130102353,65.9947097306,-3.41766512998,-3.01565391081,22.4165448695
0.0205,-0.977089692973,-1,-4.09165045467,-6.0596127002,16.8981134987,19.3692218038,-14.0078750072,64.7117590517,-3.69664340702,-3.27727640851,22.3557989428
0.021,-1.02622853906,-1,-4.52552442537,-6.90102327349,16.5638077064,18.7659957952,-14.7775894951,63.4988903148,-4.04949170923,-3.60817333393,22.27896824
0.0215,-1.08627862834,-1,-5.04381644896,-7.85617741313,16.3907095207,18.0183876091,-15.846131676,62.3848380047,-4.48068970704,-4.01254566853,22.1850773384
0.022,-1.15801255199,-1,-5.65232657477,-8.92915612002,16.4133280723,16.9735164979,-17.1857287505,61.4826579158,-4.99578509867,-4.49559597747,22.0729182584
0.0225,-1.24223306266,-1,-6.35577113999,-10.115029465,16.6743727363,15.6850652631,-18.6520169702,60.8395814048,-5.60054216088,-5.06272993068,21.9412358617
0.023,-1.33959292242,-1,-7.15584690905,-11.3942545828,17.224059966,14.1499894058,-20.251097296,60.5368758579,-6.29964814229,-5.71834317394,21.7890095266
0.0235,-1.45032697102,-1,-8.04847627058,-12.7254784635,18.1168323521,12.7556143231,-21.4190857599,60.2962572783,-7.0947893423,-6.46401709872,21.6158720711
0.024,-1.5738708489,-1,-9.02015568419,-14.0376058039,19.4037165302,11.515064167,-22.1491360545,60.2613535181,-7.98191329872,-7.29595135435,21.4227058957
0.0245,-1.70835560593,-1,-10.043634359,-15.2235601667,21.1184730179,10.4391526108,-22.4484186872,60.6250316515,-8.94759975598,-8.20156058537,21.2124331843
0.025,-1.85000961134,-1,-11.0737520716,-16.140397376,23.2568728747,9.53585832899,-22.3424681301,61.6183518871,-9.9647659959,-9.15544694199,20.9909510443
0.0255,-1.99258248914,-1,-12.0451558329,-16.6223151029,25.7519459133,8.81076626812,-21.8764020023,63.4705527085,-10.9885303265,-10.1155209093,20.7680322077
0.026,-2.12702909467,-1,-12.8744657402,-16.512102624,28.4541161673,8.2614950359,-20.9957497973,65.9948730429,-11.9539428315,-11.0208732312,20.5578191479
0.0265,-2.24180927817,-1,-13.4694384009,-15.709394982,31.1310515369,7.8712639474,-19.3830057722,68.0355590097,-12.7781378645,-11.7937934937,20.3783553861
0.027,-2.32415614339,-1,-13.7457109056,-14.2205466695,33.500984002,7.66702406381,-17.2502144213,69.7417072691,-13.3694409557,-12.3483104734,20.2496025148
0.0275,-2.36239348809,-1,-13.6476146143,-12.1831819351,35.2986954763,7.68048406101,-14.8251291362,71.0816306588,-13.6440095146,-12.6057975901,20.189816779
0.028,-2.34881652462,-1,-13.1653829193,-9.84298128861,36.3497834779,7.93302593359,-12.3490651857,71.952064218,-13.5465182446,-12.514371441,20.2110449463
0.0285,-2.282073511,-1,-12.3405721183,-7.48611010604,36.6157491419,8.41705563923,-10.0843297899,72.3774195935,-13.0672607749,-12.0649295074,20.3154005235
0.029,-2.16791602385,-1,-11.25651998,-5.35983931579,36.1868614902,9.0876265571,-8.31045437297,72.6557883791,-12.2475370994,-11.2962024306,20.4938906726
0.0295,-2.0178783814,-1,-10.018159603,-3.6196673205,35.2323279514,9.84705627277,-6.9431035396,72.3054194958,-11.1701709906,-10.2858613556,20.7284809904
0.03,-1.84648379169,-1,-8.72992339802,-2.31956863254,33.9393260715,10.5863395117,-5.82293217285,70.8707636972,-9.93944835868,-9.13170436406,20.9964638152
0.0305,-1.66818616533,-1,-7.47926621944,-1.43520889039,32.4686561001,11.2290083611,-5.08242362237,68.9000753212,-8.65915751434,-7.93106289465,21.2752398352
0.031,-1.49508964353,-1,-6.32878530453,-0.898755785332,30.9361703543,11.7170125827,-4.80673119692,66.8558322722,-7.41621392295,-6.76544523322,21.5458837042
0.0315,-1.33585796264,-1,-5.31579771523,-0.628881661531,29.4140019096,12.0116122349,-5.03047684231,65.0454845752,-6.2728287454,-5.69319226372,21.7948492971
0.032,-1.19565597018,-1,-4.45642377467,-0.549707795127,27.9410761773,12.607703599,-4.9867206646,63.1014519209,-5.26608888589,-4.74908364217,22.0140611524
0.0325,-1.07671479063,-1,-3.75136747429,-0.599570130758,26.5349544491,13.4390859687,-4.64805686487,61.1498725793,-4.4120152434,-3.94814357638,22.2000308107
0.033,-0.979131859543,-1,-3.19155251102,-0.733053493621,25.2012498756,14.2304436204,-3.99454537714,59.3475292341,-3.71130746741,-3.29102818928,22.3526059274
0.0335,-0.901650976171,-1,-2.76273797464,-0.91954518434,23.9398288888,14.9349123283,-3.18857485611,57.6964053411,-3.15494523412,-2.76927832889,22.4737506265
0.034,-0.842301135131,-1,-2.44888855741,-1.14048427858,22.7483738881,15.4909117846,-2.41947223039,56.1420184537,-2.72877546592,-2.36962140799,22.5665466598
0.0345,-0.798862978441,-1,-2.23441192738,-1.386489291,21.624201673,15.8468252546,-1.84860636543,54.6201119417,-2.4168617549,-2.07711245349,22.6344640892
0.035,-0.769178457933,-1,-2.10550319647,-1.65488986817,20.5650949754,16.019693242,-1.47717113827,53.1392104856,-2.20370793675,-1.87721934752,22.6808771158
0.0355,-0.751336915637,-1,-2.05085054989,-1.94782475991,19.569659207,16.0281910582,-1.29847621559,51.7043980264,-2.07559426684,-1.75707587732,22.7087731358
0.036,-0.743772746022,-1,-2.06192092563,-2.27089279737,18.6375077936,15.8915834846,-1.30071321942,50.3197800792,-2.02127869741,-1.70613938475,22.7206000409
0.0365,-0.745304935312,-1,-2.1329946663,-2.63227084183,17.7694416801,15.6288673042,-1.46925341033,48.9896918755,-2.03228079519,-1.7164570207,22.7182043969
0.037,-0.755141857462,-1,-2.26106921471,-3.042189591,16.9677125396,15.2581195145,-1.78847443032,47.7193359532,-2.10291617953,-1.78269804087,22.7028239454
0.0375,-0.772867945185,-1,-2.44570991212,-3.51265463196,16.2364254156,14.7960422335,-2.24315641104,46.5152610428,-2.23020081187,-1.90206404953,22.6751084436
0.038,-0.79842303978,-1,-2.68889134504,-4.05729893449,15.5821276872,14.2576801887,-2.81951270349,45.3859435019,-2.4137027143,-2.07414994293,22.6351519522
0.0385,-0.83208043281,-1,-2.99484343473,-4.69124278966,15.0146345494,13.6562805454,-3.50593181932,44.3426704775,-2.65538429481,-2.30079604388,22.5825271682
0.039,-0.874425564208,-1,-3.3698890936,-5.43080873613,14.54814622,12.9839009696,-4.33736239932,43.377093515,-2.95944938608,-2.58594465647,22.516318731
0.0395,-0.926333553206,-1,-3.82223027327,-6.29288309635,14.2027066971,12.1952872216,-5.43235394755,42.4434639702,-3.33218190315,-2.93548876121,22.435158354
0.04,-0.988939586422,-1,-4.36160125367,-7.29362359062,14.0060186171,11.2913579113,-6.80460449103,41.5645179796,-3.78173321106,-3.35707261092,22.3372711239
0.0405,-1.06359093154,-1,-4.99865644597,-8.44608025234,13.9955289841,10.270274306,-8.47450515266,40.7759590634,-4.31777755235,-3.85976859475,22.2205505298
0.041,-1.15176220651,-1,-5.74389091393,-9.75613907347,14.220477597,8.96670154049,-10.4568740908,40.2067647109,-4.95090362573,-4.45350666795,22.0826909429
0.0415,-1.25490597487,-1,-6.60580867939,-11.2160783442,14.7431667533,7.39763304833,-12.547278942,39.9480398498,-5.69154176534,-5.14806827336,21.9214212175
0.042,-1.37419923111,-1,-7.58798001606,-12.7951180671,15.6379716889,5.68192547515,-14.5729427779,39.990018084,-6.54814354336,-5.95137919447,21.7349010721
0.0425,-1.51013611701,-1,-8.68463105295,-14.4270039314,16.9855539012,4.15030992231,-16.0553450491,40.1673830251,-7.52425721341,-6.86676694116,21.5223578947
0.043,-1.66191750312,-1,-9.87462889776,-15.9964865709,18.8586784458,2.81220457177,-16.9992776676,40.7145887491,-8.61414451556,-7.88885024178,21.2850411587
0.0435,-1.82661850305,-1,-11.1143924869,-17.3301132257,21.2960530466,1.67393151196,-17.4312585556,41.9489879703,-9.79680289733,-8.99793315334,21.0275240498
0.044,-1.99820730356,-1,-12.3315986013,-18.201664669,24.2639188204,0.738436223197,-17.4054367644,44.2429917163,-11.0289200868,-10.1533979443,20.759237568
0.0445,-2.16667404914,-1,-13.4234459807,-18.3656252858,27.6142739212,-0.0118167235287,-16.7137839715,47.0889187018,-12.2386189278,-11.2878390757,20.4958325536
0.045,-2.31779058767,-1,-14.2646205891,-17.6259860487,31.0626512863,-0.592351347748,-15.0918867102,49.5777153336,-13.3237321996,-12.3054453477,20.2595553354
0.0455,-2.43421289863,-1,-14.7286794075,-15.9256444786,34.2167534416,-0.966393066254,-12.7874927848,51.9417400875,-14.1597187567,-13.0894235607,20.0775240366
0.046,-2.49844070521,-1,-14.7203200404,-13.4111921893,36.671126388,-1.07728341207,-10.0603322387,54.0517105517,-14.6209154332,-13.5219282981,19.977101094
0.0465,-2.49728373158,-1,-14.2068708103,-10.4196666971,38.1372009453,-0.871017840589,-7.17809570617,55.5391686772,-14.6126076236,-13.5141373334,19.9789100721
0.047,-2.42622007212,-1,-13.232899034,-7.37530368004,38.5369842153,-0.33474449188,-4.44476340433,56.1700067685,-14.1023251569,-13.035600528,20.0900211652
0.0475,-2.29141804188,-1,-11.9089082614,-4.65059290702,38.003153827,0.479923720093,-2.2172973718,56.1940543038,-13.1343604754,-12.1278548055,20.3007899469
0.048,-2.10817182417,-1,-10.3799193155,-2.4704687078,36.7949121705,1.47045429597,-0.864788406605,56.3671225084,-11.8185355843,-10.8938899312,20.5873033027
0.0485,-1.89655294656,-1,-8.78984771276,-0.897005311212,35.1915148416,2.45877735673,0.18508296424,55.0894535296,-10.2989768722,-9.46886591185,20.9181785345
0.049,-1.67647995729,-1,-7.25577348895,0.126142522435,33.4192692053,3.33804795856,0.786887170757,53.0859343848,-8.71871223825,-7.98691260376,21.2622721342
0.0495,-1.46415725458,-1,-5.85708380958,0.712870711676,31.6272362298,4.03369276191,0.82365674525,51.0457401773,-7.19409961231,-6.55714908435,21.594247827
0.05,-1.27057237559,-1,-4.63663277095,0.987173824904,29.8963931212,4.72922494218,0.591686682958,49.1597258439,-5.80403652941,-5.25356452012,21.8969261251
0.0505,-1.10165651805,-1,-3.60827427277,1.05716253314,28.261071502,5.79513937105,0.686853307717,47.213147991,-4.59111277777,-4.11609910601,22.1610333454
0.051,-0.95932712336,-1,-2.76604778288,1.00596019788,26.7291370556,6.95814038843,1.39251527939,45.4485198023,-3.56909681141,-3.15766473383,22.3835714857
0.0515,-0.842759227328,-1,-2.09235561312,0.892105366428,25.2960703058,8.04353556123,2.35383325971,43.8834746094,-2.7320648605,-2.37270616296,22.565830413
0.052,-0.749517231565,-1,-1.56415318095,0.75387815941,23.9530755692,8.89256967659,3.15247445535,42.3643289918,-2.06252777288,-1.74482227528,22.7116182903
0.0525,-0.676411663246,-1,-1.15712554698,0.61444042844,22.6910012411,9.51471949988,3.75816533762,40.904226637,-1.53758309638,-1.25253542458,22.8259219958
0.053,-0.620077226502,-1,-0.84821504956,0.486426263582,21.5018353722,9.88347808893,4.02685040646,39.4206876649,-1.13306585711,-0.873183986818,22.9140033146
0.0535,-0.577322638301,-1,-0.616947352303,0.375562821306,20.379009002,10.0929280861,4.10120939306,37.7433716965,-0.826060604467,-0.585278125989,22.9808519551
0.054,-0.545314159332,-1,-0.445953064106,0.283323607883,19.3172210283,10.2081658196,4.13545761863,35.9859170911,-0.596219280145,-0.369735675941,23.030898591
0.0545,-0.52164778853,-1,-0.320992762219,0.208768739702,18.3121392953,10.2429472327,4.12942745415,34.2141987886,-0.426279620966,-0.210368292344,23.0679019813
0.055,-0.50435272639,-1,-0.230705372607,0.149758239858,17.360124987,10.2102421136,4.08557088773,32.4734855671,-0.302090027632,-0.0939047743215,23.094943556
0.0555,-0.491856549683,-1,-0.166227365151,0.103708445293,16.458023531,10.1192095019,4.00141822805,30.8023246071,-0.212359496978,-0.00975655389831,23.1144818667
0.056,-0.482932506377,-1,-0.120775475981,0.0680305795239,15.60302113,9.96188824508,3.83829715009,29.2754122343,-0.148279165833,0.0503372156424,23.1284349928
0.0565,-0.476641762551,-1,-0.0892467374144,0.0403579787126,14.7925520173,9.75627190011,3.6207025431,27.8795135332,-0.103107606969,0.0926985642757,23.1382708418
0.057,-0.472278044758,-1,-0.0678633236099,0.0186395786568,14.024240491,9.5167882238,3.36756001401,26.6026033536,-0.0717733259078,0.122083478979,23.1450937026
0.0575,-0.469318485083,-1,-0.0538729528785,0.00115375023455,13.2958650901,9.25492196994,3.09333977756,25.4337816087,-0.0505217970275,0.142012909057,23.1497211016
0.058,-0.467382155484,-1,-0.0453056075412,-0.0135215022122,12.6053361778,8.97973201583,2.80895538786,24.3631682747,-0.0366177136867,0.155051992424,23.1527486364
0.0585,-0.466196396745,-1,-0.0407819728434,-0.0265592092999,11.9506813717,8.69828117954,2.52248851063,23.3817967118,-0.0281032085414,0.163036793701,23.1546026212
0.059,-0.465570305563,-1,-0.0393666258321,-0.0389415006437,11.3300354882,8.41599338565,2.23977279485,22.481513287,-0.0236074739358,0.167252839943,23.1555815418
0.0595,-0.465374415235,-1,-0.0404584525669,-0.0515178600872,10.7416330907,8.13695008431,1.96486345889,21.6548857752,-0.0222008562572,0.168571949209,23.1558878247
0.06,-0.465525528916,-1,-0.0437112370816,-0.0650604221408,10.183802602,7.86413570847,1.7004140312,20.8951204438,-0.0232859490117,0.167554362178,23.155651552
0.0605,-0.465975728775,-1,-0.0489783282858,-0.080315677596,9.65496144556,7.59964022981,1.44797747633,20.1959864649,-0.0265186715643,0.164522753561,23.1549476451
0.061,-0.466704717648,-1,-0.0562764340036,-0.098053461258,9.15361198522,7.34482549654,1.20824554075,19.551746023,-0.0317532773137,0.159613802782,23.1538078396
0.0615,-0.467714807973,-1,-0.065764736388,-0.119114973272,8.67833821959,7.10046085823,0.981237368243,18.9570883565,-0.0390063710363,0.152811938078,23.1522285199
0.062,-0.469028031268,-1,-0.0777365833119,-0.144462112299,8.2278033305,6.86683262045,0.766446185556,18.4070661171,-0.0484361531091,0.143968801025,23.1501752387
0.0625,-0.470684988184,-1,-0.0926219564639,-0.175230763653,7.80074832498,6.6438309862,0.562950967307,17.8970323378,-0.0603341621445,0.132810990193,23.1475845152
0.063,-0.472745190102,-1,-0.110999752985,-0.212791017641,7.39599218312,6.43101746426,0.369498488155,17.4225765359,-0.0751277278646,0.11893776087,23.1443633007
0.0635,-0.475288758964,-1,-0.133619666343,-0.258817681157,7.01243417084,6.22767504107,0.184559844391,16.9794583047,-0.0933921769887,0.101809578526,23.1403863212
0.064,-0.478419455683,-1,-0.161434145816,-0.315374951591,6.64905934506,6.03284284668,0.00636442604758,16.5635367234,-0.115872579154,0.0807277257526,23.135491342
0.0645,-0.48226910348,-1,-0.195641588474,-0.385019793119,6.30494884372,5.84533651098,-0.167086658147,16.170693778,-0.143515509288,0.0548045158809,23.1294722518
0.065,-0.487003565845,-1,-0.237742609742,-0.470929427662,5.97929742374,5.66375490771,-0.338026581476,15.7967498538,-0.177511973193,0.0229230378883,23.122069716
0.0655,-0.492830534634,-1,-0.28961198448,-0.57705945175,5.67144205702,5.48538688652,-0.511464755119,15.4405698894,-0.219353331058,-0.0163152880048,23.1129589992
0.066,-0.500009487035,-1,-0.353589682258,-0.708340421965,5.38090748306,5.29154048158,-0.729165073732,15.1471097053,-0.270902794831,-0.0646577597214,23.1017343979
0.0665,-0.508864285254,-1,-0.432595362215,-0.870922279101,5.10747785331,5.0772111452,-1.00091381612,14.9198073664,-0.334485902021,-0.124285238574,23.0878895394
0.067,-0.519799023116,-1,-0.530271750242,-1.07247757675,4.85130862043,4.83626647849,-1.33880732621,14.7639401206,-0.4130043044,-0.197918858953,23.0707926057
0.0675,-0.533317870102,-1,-0.651163459638,-1.32257582557,4.613100591,4.56118696606,-1.75781151232,14.6870454395,-0.510078260881,-0.288953656449,23.049655306
0.068,-0.550049820927,-1,-0.800938918128,-1.63314165637,4.39437004151,4.24273903521,-2.27646391726,14.6994816095,-0.630224355286,-0.401625229448,23.02349418
0.0685,-0.570779411224,-1,-0.986663841221,-2.0190074765,4.19786717647,3.86956614949,-2.91775135536,14.815181172,-0.779076054588,-0.541216576025,22.9910825726
0.069,-0.596484567481,-1,-1.21713451808,-2.49856388678,4.02822312589,3.42753896026,-3.7079733813,15.0590777679,-0.963655495598,-0.714312972251,22.9508914534
0.0695,-0.628382735278,-1,-1.50327676197,-3.09449252156,3.89294738336,2.98721381495,-4.43507157547,15.4270239236,-1.19270471524,-0.929112595989,22.9010172938
0.07,-0.66798609582,-1,-1.85860915771,-3.83452495225,3.80395812104,2.52666271784,-5.18447953559,15.7817238927,-1.47708214046,-1.19579835039,22.8390957335
0.0705,-0.717165681431,-1,-2.29975223814,-4.7520867193,3.7799112581,2.0274784737,-6.04019644919,16.1049378137,-1.83022297846,-1.52696961239,22.7622013326
0.071,-0.778221847856,-1,-2.84692904385,-5.88651884603,3.84969792611,1.49229081813,-7.0039323262,16.4282271699,-2.26864525284,-1.9381167873,22.6667373861
0.0715,-0.853953553953,-1,-3.5243300041,-7.28225339366,4.05757953223,0.922367676691,-8.08253527368,16.7946073146,-2.81244727601,-2.4480878326,22.548327601
0.072,-0.947708862833,-1,-4.3600764951,-8.98574888086,4.47044149038,0.189139820177,-9.57997316672,17.1102955833,-3.48567027969,-3.07942832835,22.4017371365
0.0725,-1.06337989817,-1,-5.38526594801,-11.038029686,5.1873478752,-0.73599132484,-11.5784360409,17.4448498858,-4.31626219792,-3.85834751346,22.2208804896
0.073,-1.20527068289,-1,-6.6311571119,-13.4592460153,6.35045628918,-2.12873243485,-14.046144658,18.064063012,-5.3351286645,-4.81382832234,21.9990281349
0.0735,-1.37770756703,-1,-8.12292368179,-16.2201049335,8.15339846971,-3.85363497547,-16.5731186528,19.0845345218,-6.5733356362,-5.97500403838,21.7294156378
0.074,-1.58417470207,-1,-9.86770335283,-19.1949636807,10.8369612856,-5.37452802763,-18.3705718695,20.3437645751,-8.05590154605,-7.36533664941,21.4065953773
0.0745,-1.8256599768,-1,-11.8345614392,-22.0975139215,14.6516323546,-6.69155233255,-19.4669942232,22.4998195105,-9.78992006658,-8.99147851683,21.0290227469
0.075,-2.09788189295,-1,-13.9262655097,-24.421139989,19.7574077359,-7.82598581293,-19.9759292041,26.6052033824,-11.7446473055,-10.8245983855,20.6033920534
0.0755,-2.38738304918,-1,-15.9504657684,-25.4481979209,26.044073918,-8.90768484579,-18.8937746751,30.4517569799,-13.8234505252,-12.7740752277,20.1507445237
0.076,-2.6675413773,-1,-17.6122307891,-24.4298793554,32.9276535527,-9.96766485896,-16.6227612912,35.6001595171,-15.8351662714,-14.6606382381,19.7127049082
0.0765,-2.89753705481,-1,-18.5611015497,-20.9777192631,39.3097551538,-10.9224348256,-13.6342118241,42.8438834145,-17.486682145,-16.2094101082,19.353096758
0.077,-3.02886499271,-1,-18.5071097187,-15.4675765603,43.918107084,-11.4829191234,-10.1797839907,50.8662155728,-18.4297006244,-17.0937615802,19.1477598694
0.0775,-3.02139228292,-1,-17.3574155265,-9.04220980618,45.9450858213,-11.276247368,-6.27428401531,56.5280942917,-18.376041795,-17.0434409705,19.159443773
0.078,-2.86226948796,-1,-15.2743366958,-3.05963215526,45.4728762738,-10.1868866759,-2.17493703481,57.5916193533,-17.233438488,-15.9719212299,19.4082391181
0.0785,-2.57396210332,-1,-12.6027977399,1.56834853525,43.2924732338,-8.48076078603,1.2932804921,54.9843448774,-15.1632073108,-14.0304831468,19.8590201345
0.079,-2.20420921738,-1,-9.72606649408,4.61206048921,40.356521105,-6.55709623696,3.10604155149,51.9658475197,-12.5081454112,-11.5405977941,20.437144701
0.0795,-1.80605680494,-1,-6.94995920233,6.31960926337,37.3673123335,-4.80104902677,3.82960705837,48.0972215157,-9.64915677117,-8.85947237886,21.0596731506
0.08,-1.42183119574,-1,-4.46040455783,7.1027133812,34.6822159794,-3.40081620768,3.57146589349,44.3202710073,-6.89017147419,-6.27212890479,21.6604264434
0.0805,-1.07726574874,-1,-2.3365273016,7.33677652294,32.4074447128,-1.44107631488,3.71993536237,40.8467865988,-4.41597147457,-3.95185368274,22.199169364
0.081,-0.783311680372,-1,-0.584444869115,7.29394641401,30.5210989195,0.606455337807,4.89122467601,37.980507889,-2.30519350142,-1.9723912985,22.6587792137
0.0815,-0.540815670948,-1,0.830620770969,7.14802706938,28.9574783829,2.40601077407,6.0689041952,34.9227414637,-0.563917260154,-0.339443227224,23.0379321714
0.082,-0.344964286087,-1,1.96149780866,7.00099039034,27.6491547973,3.90420875741,7.01666077714,32.2516365679,0.842420782634,0.979403800099,23.344154249
0.0825,-0.188445869085,-1,2.86523954302,6.90835583191,26.5424071805,5.15719069964,7.84261501624,30.1798588881,1.96632299238,2.03338587498,23.588877537
0.083,-0.0633639893344,-1,3.59576448278,6.89750657374,25.5998210851,6.23759503543,8.63726239582,28.3554481326,2.86449078466,2.87567690804,23.7844484446
0.0835,0.0377439148324,-1,4.20050942715,6.97943312943,24.7980821196,7.39597468675,9.6798039329,26.715377619,3.59051011895,3.55652917234,23.9425350086
0.084,0.121443307629,-1,4.71935063127,7.15578937999,24.1247133922,8.61569285221,11.0347053165,25.4792049671,4.19152522196,4.12015396088,24.0734026151
0.0845,0.193253240308,-1,5.18469282485,7.42289219816,23.5751676635,9.49897517441,11.8636499739,24.8290927835,4.70716640698,4.60371610834,24.1856805385
0.085,0.257658671735,-1,5.62207102439,7.77376627807,23.1506026751,10.0437065256,12.1901708565,24.7169870895,5.16963854339,5.03741695676,24.2863812051
0.0855,0.318193761883,-1,6.05088707705,8.19892005367,22.8562344072,10.477693979,12.4345542326,24.8840320319,5.60431915727,5.44505524713,24.3810304265
0.086,0.377543812781,-1,6.4850695443,8.68628235558,22.7000210858,10.8488412623,12.740060835,24.7501812324,6.03049043238,5.8447135812,24.4738267879
0.0865,0.437636599353,-1,6.9335478269,9.22059780258,22.691404661,11.0842037101,12.9364358737,24.4298787432,6.46199502405,6.24937343586,24.5677844486
0.087,0.499707990418,-1,7.40050013478,9.78253687005,22.8398534531,11.4164438128,13.174048136,24.8866065972,6.90770725981,6.66735704954,24.6648357426
0.0875,0.564336268832,-1,7.88539007487,10.3478013871,23.1529929663,11.8452204062,13.5103856768,25.8310551612,7.37177957995,7.10255853115,24.7658848402
0.088,0.631447195408,-1,8.38286106134,10.8865782282,23.6341958737,12.4365873953,14.2112816989,26.779856388,7.85367889966,7.55447796015,24.8708156651
0.0885,0.700299394817,-1,8.88261745661,11.3637812786,24.2796560337,12.9535603364,14.7221106455,27.6202636502,8.34808167056,8.01812297639,24.978469045
0.089,0.769467904981,-1,9.36948311798,11.7405654555,25.075219379,13.399867914,15.0685398541,28.3091965855,8.84475575471,8.4838980031,25.0866169905
0.0895,0.836852280178,-1,9.82387553665,11.9775066361,25.9935751534,13.6371487509,14.9242401718,29.0015653802,9.32861861019,8.93765881249,25.1919753641
0.09,0.899742214006,-1,10.2229359787,12.0395203041,26.9927386571,13.7673900065,14.4586509674,29.9086541925,9.78020850584,9.36115442544,25.290306485
0.0905,0.95497395591,-1,10.5424740997,11.9020013274,28.016901316,13.7926256174,13.7226448343,30.946606443,10.1768076918,9.73308040735,25.3766636929
0.091,0.999199454542,-1,10.7596937817,11.5569246109,29.0004565387,13.7140853836,12.773590971,32.0277128195,10.4943750209,10.0308912574,25.4458121653
0.0915,1.02926362566,-1,10.856385322,11.0170778439,29.8751984204,13.5326006348,11.6739705063,33.0645684077,10.7102549729,10.2333408991,25.492818792
0.092,1.04264616533,-1,10.8219864756,10.3166400084,30.5794949908,13.2496518957,10.4897200196,33.9736493575,10.8063501558,10.3234578144,25.5137429693
0.0925,1.03788521183,-1,10.6557716695,9.50722995246,31.0671814334,12.8690765309,9.28861149288,34.6776574024,10.7721634686,10.2913979473,25.5062990134
0.093,1.01488034263,-1,10.3675439904,8.65009535462,31.3136553917,12.3990691126,8.13861855566,35.1070545747,10.6069738135,10.1364850608,25.4703299094
0.0935,0.974988348567,-1,9.97658345976,7.80656337126,31.3174991592,11.8537838694,7.10588353859,35.2020140669,10.3205238152,9.86785567217,25.4079570581
0.094,0.920877670463,-1,9.5091048018,7.02944018696,31.097548798,11.2538389669,6.25191412688,34.9157937242,9.9319745834,9.50347884116,25.3233526817
0.0945,0.856176542854,-1,8.99487934439,6.35745101938,30.6868436805,10.62538945,5.63006621726,34.2193402599,9.46737915953,9.0677867991,25.2221896813
0.095,0.78500545007,-1,8.46381668596,5.81347760776,30.1255938556,10.101172789,5.45390029031,33.2629344049,8.95632525301,8.58852654666,25.1109106116
0.0955,0.711504013703,-1,7.94316601268,5.40603641825,29.4550406533,9.55558625767,5.32095047781,32.4148366479,8.42853799107,8.09357395327,24.9959879494
0.096,0.639443642436,-1,7.4556967384,5.13270474284,28.7132438805,9.01865716245,5.25388505866,31.6894025214,7.91109849703,7.60832537307,24.8833184545
0.0965,0.571975724524,-1,7.01890395835,4.98414074804,27.932948592,8.28980869919,4.71632362217,31.1214629853,7.4266357515,7.15400199394,24.7778294582
0.097,0.51152165904,-1,6.64506127514,4.9477142468,27.1411143358,7.54392719796,4.14378766022,30.2470779221,6.99253694647,6.74690931697,24.6833069224
0.0975,0.45978016723,-1,6.34184326388,5.01025078044,26.3594938775,6.80696763904,3.65024773061,29.0029943461,6.62099998555,6.39848639051,24.6024068709
0.098,0.417813444458,-1,6.11323893057,5.15978246168,25.6057118299,6.22297310094,3.37284345133,27.7278516746,6.31965210993,6.11588595032,24.5367900919
0.0985,0.386173586917,-1,5.96053240857,5.38642560706,24.8944644166,5.83883312788,3.30616176542,26.8062664363,6.09245772292,5.90282576648,24.4873198116
0.099,0.365038324379,-1,5.88319908767,5.68258912877,24.2386320873,5.60118470021,3.37986543762,26.1588585271,5.94069303781,5.76050265659,24.4542739181
0.0995,0.354335048457,-1,5.87963027244,6.04271194294,23.6502185208,5.47918870334,3.56296689154,25.7033378729,5.86383668001,5.68842768177,24.4375388851
0.1,0.35384110854,0,5.94764709149,6.46268070914,23.1410954298,5.46808873297,3.8698912942,25.3521641919,5.8602898759,5.68510153122,24.4367665887
0.1005,0.363254939127,0,6.0847936592,6.93902330344,22.7235536229,5.56333219677,4.31409100473,25.0261149654,5.92788719257,5.74849348781,24.4514855184
0.101,0.382236634713,0,6.2884139744,7.46792642715,22.4106514188,5.74510080984,4.88032835142,24.6620449168,6.06418789138,5.87631465596,24.4811642172
0.1015,0.410418592913,0,6.55552199091,8.04409711314,22.2163233163,5.96087174657,5.49348730856,24.2217434384,6.2665523524,6.06608963162,24.5252279229
0.102,0.447387531639,0,6.88247538483,8.65948405276,22.155173282,6.2181628838,6.12649526923,23.8764802306,6.53201294624,6.3150354074,24.5830304513
0.1025,0.492639337046,0,7.26446658084,9.30190232206,22.2418365301,6.62143828258,6.84260227041,24.1105353625,6.85694981353,6.61975732236,24.6537835985
0.103,0.545508619307,0,7.69485562558,9.95367148901,22.4897642038,7.18159559995,7.68113500717,24.7681945906,7.23658503025,6.97577469643,24.736446999
0.1035,0.605076379312,0,8.1643945688,10.5904862941,22.9092893312,7.9081220633,8.78989747765,25.5664628405,7.66431959582,7.37689906562,24.829583758
0.104,0.670062659575,0,8.66043684373,11.1808826583,23.5049041675,8.73238893283,10.0434938752,26.2367920249,8.1309625979,7.81451130207,24.9311926069
0.1045,0.738717118946,0,9.16628772488,11.6868036271,24.2718596165,9.51433664532,11.1282633081,26.7770260119,8.62394546901,8.27682475325,25.0385368118
0.105,0.80872913309,0,9.66092288359,12.0658307795,25.1925135144,10.1930251401,11.9251826279,27.2117489643,9.12667645053,8.74827986599,25.1480036121
0.1055,0.877188841312,0,10.1193541952,12.2755042028,26.2332762109,10.7080109882,12.2323951353,27.8704594531,9.61826088399,9.20928187904,25.2550433152
0.106,0.940637775905,0,10.5139096955,12.2796853913,27.3433902089,11.116543229,12.2042603038,28.7270303378,10.0738647622,9.63654175691,25.3542484579
0.1065,0.995246013822,0,10.8165660639,12.0561034753,28.4568705976,11.4122613268,11.8854899789,29.694547786,10.4659867913,10.0042691145,25.4396307904
0.107,1.03713500271,0,11.0022018545,11.6032852198,29.4984240397,11.5892037167,11.3298649759,30.6816010266,10.766776488,10.2863461012,25.5051260292
0.1075,1.06282782264,0,11.0522738929,10.9445009843,30.3929524708,11.6426149397,10.5986472906,31.5977342357,10.9512673463,10.4593594256,25.54529786
0.108,1.06975801569,0,10.9580975878,10.1267289972,31.0766841923,11.5706440016,9.75901278479,32.3574522729,11.001030559,10.5060267725,25.5561335154
0.1085,1.05672359577,0,10.7228231919,9.21413315426,31.5068645197,11.3766627524,8.88250147014,32.8823519382,10.9074350983,10.4182540667,25.5357536383
0.109,1.02416057186,0,10.3614653519,8.27761192425,31.6670825824,11.0714418192,8.04301448199,33.1024391389,10.6736117871,10.1989773569,25.4848399476
0.1095,0.974147037932,0,9.89890249512,7.3835126314,31.5668432507,10.6742347277,7.31374147219,32.958448174,10.3144826675,9.86219035594,25.4066416327
0.11,0.910126279099,0,9.36637487282,6.58473572284,31.236134351,10.2121445694,6.76282999983,32.4061922174,9.854772726,9.43107986094,25.3065424182
0.1105,0.836422085209,0,8.79739642221,5.91618823767,30.7173243336,9.71781936885,6.44837261599,31.422152572,9.32552953553,8.93476191516,25.1913027358
0.111,0.757672934392,0,8.22401476277,5.39472778002,30.0570540554,9.30563414129,6.48416175154,30.3446230266,8.76006033188,8.40447164668,25.0681750459
0.1115,0.678314359866,0,7.67406751995,5.02234473174,29.300012216,8.87461704102,6.55221084693,29.4108913494,8.19021507674,7.87007756936,24.9440944958
0.112,0.602199212939,0,7.16967811974,4.79083162583,28.4852964256,8.31896662075,6.34063979009,28.6730967152,7.64365970348,7.35752446523,24.8250851844
0.1125,0.532389474266,0,6.7268887058,4.68645040675,27.6451028511,7.65480084793,5.85861518952,27.822376924,7.14238118904,6.88743145877,24.7159346506
0.113,0.471105447953,0,6.35613093229,4.69371041404,26.8050242118,6.95569491923,5.38939343803,26.5915464324,6.70232273513,6.47474989421,24.6201144352
0.1135,0.419790921379,0,6.06318504159,4.79794626591,25.9851999717,6.38631093154,5.12224177577,25.1927308329,6.33385165733,6.12920211636,24.5398819623
0.114,0.379245905828,0,5.85032351968,4.98676355158,25.2017507766,6.03131763603,5.07512188068,24.2183311614,6.04271254767,5.856175335,24.4764880837
0.1145,0.349784923476,0,5.71742172827,5.2505910476,24.4681641785,5.79134551071,5.09808708544,23.6039700673,5.83116387626,5.65778751648,24.4304245686
0.115,0.331390723829,0,5.66290467945,5.58260421406,23.7964853419,5.66006958229,5.20639441694,23.2443952224,5.69908177356,5.53392249739,24.401664445
0.1155,0.323845321546,0,5.68446698488,5.97823655341,23.1982787723,5.63351682099,5.41818737817,23.0429473315,5.64490096557,5.48311238248,24.3898668835
0.116,0.326829640619,0,5.77954703262,6.43442336459,22.6853751459,5.7076167474,5.74990089202,22.9123148376,5.66633028274,5.50320854029,24.3945329949
0.1165,0.33998914255,0,5.94555951995,6.94865440849,22.2704210043,5.87841839506,6.21654646859,22.7736156365,5.76082391219,5.59182353791,24.4151084431
0.117,0.362966009931,0,6.17989850193,7.51786099258,21.9672253773,6.14232325158,6.83210278164,22.5553912742,5.92581249639,5.7465478625,24.4510337651
0.1175,0.395399568381,0,6.47972255209,8.13713530678,21.7908571469,6.45567903461,7.53737575954,22.2149265411,6.1587061629,5.9649527626,24.501745031
0.118,0.436896551825,0,6.84153076925,8.79828116068,21.7573970627,6.75992682294,8.23345048081,21.7541110595,6.4566810101,6.24439001702,24.5666273524
0.1185,0.486972419953,0,7.26053958971,9.48823369761,21.8831964083,7.19554264228,8.98291184224,21.967781566,6.81625772907,6.58159677135,24.6449231295
0.119,0.544965106251,0,7.72988261694,10.1874714918,22.1834550313,7.79325090973,9.85118953589,22.6571153343,7.23268225934,6.97211472446,24.7355971929
0.1195,0.609924270867,0,8.23968634743,10.8686848405,22.6699328983,8.56847206806,11.0244914558,23.469511509,7.69913055376,7.4095443664,24.8371636453
0.12,0.680483376959,0,8.77612986407,11.4961502365,23.3476969405,9.41681188458,12.291255608,24.1500831313,8.20579000491,7.88468355106,24.9474858474
0.1205,0.75472954806,0,9.32067657652,12.0264469017,24.2110347191,10.2098655955,13.3676395642,24.6881738332,8.73892493794,8.38465112656,25.0635729345
0.121,0.830097237539,0,9.84975746149,12.4112309429,25.2390759892,10.8152727662,13.9545810772,25.2109590747,9.28011308929,8.89217091406,25.1814135639
0.1215,0.903324387638,0,10.3352517603,12.6025895663,26.3922117263,11.3048700246,14.1386314437,26.0159863273,9.80593080061,9.3852764864,25.2959073678
0.122,0.970518960146,0,10.7460913454,12.5608661739,27.6108936669,11.6723664618,13.9592516846,27.0165287284,10.2884307516,9.8377591802,25.4009689767
0.1225,1.0273809879,0,11.0511401143,12.2637645403,28.8184675732,11.9118720939,13.4675044834,28.116422507,10.6967364313,10.2206633722,25.4898752068
0.123,1.06960109568,0,11.2231408485,11.7143366776,29.9289388482,12.0181158193,12.7247199709,29.2166615314,10.9999037731,10.5049700861,25.5558881642
0.1235,1.09340676309,0,11.243052393,10.9448422694,30.8589001874,11.9875713486,11.8008354485,30.2214114364,11.1708436709,10.6652754815,25.5931093508
0.124,1.0961626095,0,11.103719773,10.0141787136,31.5408383768,11.8205965759,10.7727106775,31.0416648184,11.1906324084,10.6838331233,25.5974182353
0.1245,1.07687835455,0,10.8117784219,8.99873218483,31.9338311433,11.5241028681,9.72223752846,31.5963969422,11.0521591401,10.5539745454,25.5672664719
0.125,1.03647237175,0,10.3871184226,7.9791578501,32.0282330393,11.1137315152,8.73358556703,31.8131249246,10.7620183744,10.2818839991,25.5040899771
0.1255,0.977697537135,0,9.85999082155,7.02723479191,31.843248879,10.614465795,7.88897855966,31.6304449718,10.3399775196,9.88609912392,25.4121929911
0.126,0.904740730232,0,9.26657265317,6.19658681512,31.4190251122,10.0591821581,7.26311584099,31.0035741849,9.81610104513,9.39481402029,25.2981218805
0.1265,0.822609013661,0,8.64417634999,5.51907386992,30.8065279926,9.49514816132,6.93538433945,29.9189896337,9.22634285876,8.84174583379,25.1697054033
0.127,0.736466594217,0,8.02717943203,5.00635213533,30.0583876601,9.00387438616,6.90529613252,28.8494464524,8.60778526394,8.26166990586,25.0350180194
0.1275,0.651071473725,0,7.44431090033,4.65465699001,29.2225832769,8.50986185743,6.92918830529,27.9431193979,7.99459375293,7.68662622727,24.9014990696
0.128,0.570399873843,0,6.91742386494,4.45062601358,28.3393276449,7.79164147687,6.41148150466,27.2573640098,7.41532013703,7.14339034579,24.7753655478
0.1285,0.497476362293,0,6.46151168858,4.37656285694,27.4404975914,7.02711371155,5.84033622368,26.1816127716,6.89168274444,6.65232945032,24.6613464959
0.129,0.434376087235,0,6.08555576233,4.41435849821,26.55061237,6.30237512858,5.41139425738,24.5975121121,6.43858246441,6.22741741693,24.5626864974
0.1295,0.382342113179,0,5.79379063855,4.54793618932,25.6884820954,5.82557435929,5.23504721108,23.5250653395,6.06494529414,5.87702493922,24.4813291373
0.13,0.341960521028,0,5.58706107695,4.76444583703,24.8689495652,5.47398493592,5.12171140758,22.9000785081,5.77497966887,5.60509863753,24.4181907783
0.1305,0.313348229283,0,5.4640593367,5.05455042707,24.1044379553,5.24125080607,5.09655090835,22.5468994749,5.56952513813,5.41242583137,24.3734542275
0.131,0.296324240794,0,5.4223305132,5.41212107315,23.4062148496,5.12851317738,5.20028223495,22.2705355717,5.44728202676,5.29778770089,24.3468364881
0.1315,0.290548785832,0,5.45900390201,5.83357230679,22.7853857046,5.1241776173,5.42400098957,22.085213659,5.40581057108,5.25889626485,24.3378063155
0.132,0.295624546124,0,5.5712491044,6.31697562291,22.2536623722,5.21725826765,5.75954150597,22.0037886067,5.4422577721,5.29307601485,24.3457424854
0.1325,0.311159781883,0,5.75647312922,6.86101025779,21.8239417486,5.39761622856,6.19976407124,22.0373777699,5.55381068793,5.39768900757,24.3700324957
0.133,0.336795611588,0,6.0122768551,7.46375399864,21.510694389,5.66558394987,6.77482146373,22.0445172469,5.73789232002,5.57031856453,24.4101152199
0.1335,0.37219998616,0,6.33618317268,8.12128694013,21.3301124512,6.02312959463,7.51796119673,21.8752071286,5.99211834389,5.80872869471,24.4654714848
0.134,0.417030062636,0,6.72514158428,8.82608252344,21.299905075,6.37942118168,8.28421475305,21.5184400993,6.31402692807,6.11061072192,24.5355652407
0.1345,0.470863638555,0,7.17481178995,9.56520284327,21.4385628552,6.79629229505,9.04645047042,21.5798121924,6.7005863892,6.47312156973,24.6197363558
0.135,0.533099997079,0,7.67863967799,10.31841382,21.7638557717,7.39595773566,9.92456606306,22.2207568166,7.14748319668,6.89221606063,24.7170455836
0.1355,0.602832019969,0,8.22677231591,11.0565041665,22.2903128302,8.16865170715,11.0794554061,23.0775917915,7.64820366216,7.36178573543,24.8260746055
0.136,0.678696017499,0,8.80492277225,11.7403273682,23.025513403,9.04554103946,12.3940137755,23.7909687709,8.19295562232,7.87264762029,24.9446912339
0.1365,0.758714614747,0,9.39339388803,12.3213405458,23.9652766387,9.86418074655,13.5031809104,24.3543841714,8.7675402622,8.41148623604,25.069803758
0.137,0.84016163721,0,9.96658930697,12.7445609272,25.0883299858,10.4872699006,14.0779788565,24.9623675749,9.35238190752,8.95994374904,25.1971496864
0.1375,0.919494435221,0,10.4934375318,12.9546809662,26.3517426641,10.9868283212,14.2168397137,25.8737652948,9.92204207083,9.49416424945,25.3211899338
0.138,0.99241257521,0,10.9391518437,12.9053356851,27.6890945761,11.3562327155,13.9623142296,26.9930817935,10.4456408922,9.98518897327,25.4352005871
0.1385,1.05410142042,0,11.2685503221,12.5701399894,29.0135306602,11.5892061573,13.3701431904,28.2148092311,10.8886062044,10.4005965548,25.5316537542
0.139,1.09969163642,0,11.4507163233,11.9525105013,30.2269542901,11.6799742567,12.5077826335,29.4313413739,11.2159730758,10.7075972987,25.602936021
0.1395,1.12490422204,0,11.4641763479,11.0904081063,31.2344644091,11.6245362817,11.4525578229,30.5399128534,11.397015545,10.877376765,25.6423569848
0.14,1.12676714937,0,11.3012726617,10.053029234,31.9604834361,11.4232007496,10.2898050838,31.4461707749,11.4103925532,10.8899215636,25.6452697519
0.1405,1.1042205539,0,10.9703518346,8.92931866058,32.3614430906,11.0837705136,9.11073853363,32.064303418,11.2484935962,10.7380946544,25.6100171786
0.141,1.05841963807,0,10.4949506756,7.81167088923,32.4307580955,10.6240758757,8.00919305205,32.3165339142,10.9196137654,10.4296750753,25.5384054735
0.1415,0.992622001055,0,9.91014579908,6.78021131161,32.1949481387,10.072540312,7.07653137005,32.1356379546,10.4471447035,9.98659922959,25.4355280334
0.142,0.911682402426,0,9.25715595911,5.89234669758,31.7033229187,9.466257796,6.39497590646,31.471813151,9.86594668545,9.44155866672,25.308975484
0.1425,0.821305701278,0,8.57769750581,5.1795029185,31.0155576588,8.85878350322,6.05260187334,30.310806061,9.21698424336,8.832969436,25.1676676183
0.143,0.727265626199,0,7.90938001343,4.65000633132,30.1910648657,8.3240022322,6.00974501939,29.1864872962,8.54171643648,8.19971134822,25.0206319095
0.1435,0.634767509715,0,7.28282789376,4.29543035977,29.282194187,7.77206246903,5.98203654012,28.2462945229,7.87752087723,7.57683668208,24.8760071195
0.144,0.548049906765,0,6.72057999238,4.0976930328,28.3313578195,6.9955097113,5.4141872651,27.3766240621,7.25483309744,6.99288751599,24.7404204114
0.1445,0.470232293926,0,6.23739529407,4.03510131722,27.3710405891,6.16415071554,4.83265777374,26.0181357912,6.69605293149,6.46887014722,24.6187492213
0.145,0.403357380405,0,5.84143497825,4.08659916626,26.4253918568,5.50889445714,4.49496966815,24.61791737,6.21584833626,6.0185400106,24.514187413
0.1455,0.348554709768,0,5.53582926007,4.23423196475,25.5123635052,5.03385988532,4.28416071077,23.7696546013,5.82233015605,5.64950335912,24.4285010765
0.146,0.306257517729,0,5.32026824856,4.46420307429,24.6457789636,4.68909926945,4.15819665588,23.242925637,5.5186093,5.36467756621,24.3623675945
0.1465,0.276422913997,0,5.19239986181,4.76697380235,23.8370719969,4.4796302075,4.17759632365,22.7768887321,5.30437778844,5.16377381222,24.3157199063
0.147,0.258725359964,0,5.14893349954,5.13678537591,23.096652891,4.39411762065,4.34180305765,22.3777418976,5.17729804623,5.04459994708,24.2880490181
0.1475,0.252709421901,0,5.18642406114,5.57086073244,22.4349597991,4.4226980078,4.63542837638,22.0708350477,5.13409976827,5.00408911772,24.2786428398
0.148,0.257898282545,0,5.30175105322,6.06842749187,21.8632750746,4.54370173359,5.02821684385,21.8837363772,5.17135910206,5.03903047614,24.286755847
0.1485,0.273860051718,0,5.49232139655,6.62961085177,21.3943653764,4.74937607206,5.5082442694,21.8368250082,5.28597480026,5.1465157096,24.3117127607
0.149,0.300235835707,0,5.7560216849,7.25418008795,21.0429608418,5.03095753044,6.07525851471,21.9330667902,5.47536977675,5.32412805752,24.3529524353
0.1495,0.336733129684,0,6.09093407843,7.94009474763,20.8260309068,5.39064399654,6.76848618774,22.022337511,5.73744366004,5.56989781656,24.4100175267
0.15,0.383086496074,0,6.49481650326,8.6817897045,20.7627438072,5.83087973108,7.63432935525,21.8565081301,6.0702904388,5.88203755207,24.482493012
0.1505,0.43898562187,0,6.96433914943,9.46817257013,20.8739147158,6.23009155127,8.45159806171,21.5075828941,6.47168186741,6.25845764191,24.5698937034
0.151,0.503969646548,0,7.49407368596,10.2804016835,21.1806636988,6.79856383977,9.34206767403,21.9512112303,6.93830867295,6.69605468945,24.6714990256
0.1515,0.577287264932,0,8.07525994771,11.0896918162,21.7019489103,7.52246844724,10.3740237647,22.8981489982,7.46477600435,7.18976946774,24.7861342805
0.152,0.657726031163,0,8.69443963784,11.8556714088,22.4506746367,8.46137269597,11.8161989324,23.6799301585,8.04237772592,7.73143746668,24.9119037569
0.1525,0.743423257042,0,9.33215719116,12.5261602103,23.4282965202,9.34260355996,13.0363081978,24.3159127065,8.65773854657,8.30851549796,25.0458950614
0.153,0.831686205721,0,9.96207876235,13.0395267086,24.6183671583,10.0348855381,13.7360496532,24.9350414392,9.29152289578,8.90287089437,25.1838979842
0.1535,0.918870155763,0,10.5510320656,13.3307621819,25.9803189776,10.5985278047,13.9573124189,25.9025927827,9.91755934556,9.48996040321,25.320213846
0.154,1.00038391512,0,11.0605327684,13.3417182491,27.4457731197,11.0262900333,13.7426005902,27.1162533769,10.5028802044,10.0388673169,25.4476641204
0.1545,1.07090108083,0,11.4502064737,13.0343702692,28.9202304797,11.3111074529,13.1494638214,28.4609760244,11.0092384969,10.5137240786,25.557920747
0.155,1.12483365658,0,11.6830341653,12.4037981428,30.2923167888,11.4458816145,12.2489354614,29.8184905167,11.39650884,10.876901583,25.6422466526
0.1555,1.15705804571,0,11.7315902491,11.4859567956,31.4503002182,11.4245603,11.1234662601,31.0761754078,11.6279005372,11.0938979542,25.6926308733
0.156,1.16377842389,0,11.5837046811,10.3558102056,32.3020228633,11.2449201271,9.86495672995,32.1316382841,11.6761571451,11.1391524251,25.7031384741
0.1565,1.14331040286,0,11.245735377,9.11472539265,32.7917318839,10.9125091307,8.57272846855,32.892100652,11.5291836802,11.0013224643,25.6711358414
0.157,1.09653394643,0,10.7422104149,7.87077882108,32.9077553744,10.4441663042,7.35035920258,33.2719720293,11.1932988447,10.6863336755,25.5979988366
0.1575,1.02684384984,0,10.1118346329,6.71886069125,32.6788118633,9.86929859811,6.30025385386,33.1940360081,10.6928794369,10.2170463289,25.4890353683
0.158,0.939597035001,0,9.40112247459,5.72702224364,32.1616460748,9.22802718292,5.51599855276,32.5970216275,10.0663915777,9.62953349374,25.3526212146
0.1585,0.841231308001,0,8.65755555695,4.93195791461,31.4255882627,8.56677238594,5.07410112024,31.4470346744,9.36006282705,8.96714682368,25.1988221628
0.159,0.738318336029,0,7.92394872789,4.34244339329,30.5392798805,7.99480037376,5.02381969595,30.2117612043,8.62108195294,8.27413938207,25.0379132975
0.1595,0.63678388466,0,7.23493728066,3.94723711015,29.5623140888,7.40944155289,5.0114304787,29.171150641,7.89199973729,7.59041478419,24.8791598086
0.16,0.541421632689,0,6.61566340636,3.72387754553,28.5419019631,6.58277481265,4.42792342335,28.1692800698,7.20723785579,6.94825326657,24.7300568194
0.1605,0.455711371304,0,6.08218531416,3.64605421716,27.5131470856,5.70152045646,3.85578790932,26.5530955442,6.59178343187,6.37108745526,24.5960451332
0.161,0.381875628146,0,5.64293556311,3.68865991081,26.5012016205,5.06334628369,3.56849435193,25.2211876908,6.06159563364,5.87388366759,24.4805997679
0.1615,0.321081506936,0,5.30061612601,3.83061467312,25.5239765774,4.55610915466,3.30699476946,24.5030414729,5.62505501129,5.46450108348,24.3855455403
0.162,0.273702972739,0,5.0540936403,4.05599254683,24.5946575409,4.20223434984,3.20437027332,23.8300853295,5.28484687286,5.14545795275,24.311467161
0.1625,0.239583163128,0,4.90004375217,4.3540461034,23.7237409182,4.06547169549,3.36763058264,23.1664002215,5.03984484592,4.91569797679,24.2581193687
0.163,0.218261972738,0,4.83423750925,4.71860826949,22.9205783612,4.10544061435,3.78241027044,22.5148140292,4.88674508008,4.77212284412,24.224782769
0.1635,0.209154095729,0,4.85245389169,5.14718795277,22.1945328747,4.26795782744,4.35165237221,21.940852529,4.82134470552,4.71079115362,24.2105422109
0.164,0.211675324164,0,4.95104854769,5.639928388,21.5558701124,4.51209027826,4.99368112875,21.5046453992,4.83944873611,4.72776889738,24.2144842602
0.1645,0.225321263525,0,5.12722282098,6.19848385874,21.0164807232,4.80169297937,5.63661516858,21.2591833498,4.93743529703,4.81965952442,24.2358202743
0.165,0.249704567327,0,5.37903132343,6.82479071451,20.59048104,5.06737024383,6.19558917837,21.2401915405,5.11252299309,4.98385467555,24.2739446202
0.1655,0.284555985188,0,5.70514978983,7.51965715114,20.2946791084,5.38095581257,6.79070849768,21.4096168332,5.36277843457,5.21854124095,24.3284363135
0.166,0.329692232911,0,6.10440458798,8.28107166101,20.1488197671,5.76556182837,7.49644233875,21.6487562666,5.68688552386,5.52248500002,24.3990087813
0.1665,0.38495087457,0,6.57504714421,9.1021397643,20.1754315285,6.22982949512,8.38890085979,21.5629474817,6.08367786726,5.89459212266,24.4854080481
0.167,0.450089899786,0,7.1137481121,9.96862206456,20.3989893335,6.66926658282,9.23065322295,21.4370587599,6.55141767567,6.333232931,24.5872557203
0.1675,0.524648512192,0,7.7142981772,10.8561958627,20.8439972192,7.31229977871,10.1754383093,22.1157968724,7.08679613684,6.8353044604,24.7038313229
0.168,0.607767315021,0,8.3660502871,11.7278342497,21.5315333599,8.16469018258,11.4557616872,23.0557096218,7.68364223303,7.39501960412,24.8337911519
0.1685,0.697972708816,0,9.05223957836,12.5321054256,22.4738885027,9.10126634095,12.8263030199,23.8359130736,8.33137457891,8.0024552653,24.9748311712
0.169,0.792944361837,0,9.74848322674,13.2036764019,23.667322331,9.9779972472,13.9716938358,24.430150117,9.01333171045,8.64198652189,25.1233234422
0.1695,0.889307582647,0,10.4219762432,13.6676334848,25.0838120388,10.6259610188,14.4015923383,25.3639309688,9.70528118759,9.29088848089,25.2739914894
0.17,0.982522014702,0,11.0320866593,13.8489724777,26.663957415,11.1374270937,14.3389497356,26.6218436057,10.3746203502,9.91858675683,25.4197362696
0.1705,1.06696401268,0,11.5330634075,13.6872499088,28.314496493,11.5044209843,13.8376947573,28.0811956505,10.9809678327,10.4872121872,25.5517649713
0.171,1.13630142513,0,11.8792111819,13.1537840621,29.9141665831,11.718322567,12.967761583,29.6108289978,11.4788547432,10.954124588,25.6601770028
0.1715,1.18420981825,0,12.0320647913,12.2658461292,31.3297334972,11.7700274744,11.8127534723,31.0833230688,11.8228676071,11.2767357449,25.7350838394
0.172,1.20536543834,0,11.9680142229,11.0910710301,32.4397029181,11.6522345221,10.4676763431,32.3833557203,11.9747784725,11.4191959408,25.7681615628
0.1725,1.1965005545,0,11.6840604766,9.73787276151,33.158444135,11.3639453618,9.03719432967,33.4084304617,11.9111229441,11.3595005462,25.754300935
0.173,1.15720009177,0,11.1995697541,8.33367336491,33.4516651719,10.9156818147,7.63342167595,34.0639276172,11.6289205186,11.0948544806,25.6928529684
0.1735,1.09014441868,0,10.5532056727,6.99874713223,33.3375183849,10.332867,6.37136984703,34.259848904,11.1474179543,10.6433071241,25.5880085347
0.174,1.00068475202,0,9.79603102225,5.8252370874,32.8743288419,9.65539520433,5.36106262887,33.9160154376,10.5050404055,10.0408931278,25.4481344919
0.1745,0.895888409241,0,8.98305855031,4.867374418,32.1414959908,8.93333441383,4.69754275606,32.9756011313,9.75253572602,9.33520322289,25.2842808952
0.175,0.78336939954,0,8.16566483121,4.1430843269,31.2212708992,8.31130653996,4.60036967459,31.567687705,8.94457736519,8.57750951771,25.1083525762
0.1755,0.670238469549,0,7.38643368357,3.6429132823,30.1863330494,7.67325052582,4.57309779617,30.3618902573,8.13222502581,7.8156951919,24.9314674933
0.176,0.562389409357,0,6.67683580874,3.34123933647,29.0942089455,6.79577571024,3.99756347013,29.3617671944,7.35779988537,7.08944854047,24.7628408415
0.1765,0.464177904149,0,6.05727398345,3.20613744659,27.9869431139,5.83332719927,3.37288996971,27.7114435728,6.65257854567,6.4281003872,24.6092829221
0.177,0.378427789064,0,5.53864428343,3.20631829781,26.8936429397,5.10674656484,3.02854110997,26.2658306507,6.03683794673,5.85066620438,24.4752089229
0.1775,0.306647129494,0,5.12458621458,3.31508704578,25.8339475949,4.52025184502,2.71614950404,25.396453311,5.52140696134,5.36730117962,24.3629767693
0.178,0.249339649262,0,4.81381431445,3.51199796871,24.8212847718,4.123212727,2.61952866563,24.5271402705,5.10990264829,4.98139734748,24.2733740551
0.1785,0.20632743464,0,4.6021761745,3.7830228751,23.865469098,4.01155225009,2.94180055012,23.5723088681,4.80104747338,4.69175665163,24.2061226045
0.179,0.177035773798,0,4.48428326699,4.11990613066,22.9746105405,4.0893664301,3.54751723143,22.6034206814,4.59071463857,4.49450903016,24.1603238309
0.1795,0.160718870505,0,4.45469009863,4.5191567184,22.1564805895,4.30689474358,4.33688480887,21.6946924707,4.47354885056,4.38463235291,24.1348116497
0.18,0.156623044246,0,4.50866382047,4.98092701139,21.4195209057,4.6199573189,5.22192553007,20.9112472583,4.44413820183,4.35705139764,24.1284076489
0.1805,0.164093247656,0,4.64260915514,5.50787719818,20.7736493197,4.9895964224,6.12548866168,20.3099463235,4.49777903388,4.40735512956,24.1400876337
0.181,0.182631878337,0,4.85420928636,6.1040198076,20.2309649709,5.38156708264,6.97998038913,19.9406228932,4.63089824366,4.53219273529,24.1690735814
0.1815,0.211918278601,0,5.14232432054,6.77346814111,19.8063945847,5.76583338963,7.72606957432,19.8473786713,4.84119330416,4.72940493247,24.2148641299
0.182,0.251794682102,0,5.50666288911,7.51896579812,19.5182552328,6.0723266705,8.28623583419,20.0568485921,5.12753135223,4.99792933557,24.2772126047
0.1825,0.302220762131,0,5.9472147153,8.34005007825,19.3886265234,6.43281494923,8.90245140177,20.4630004808,5.48962281634,5.33749438788,24.3560559532
0.183,0.363195096337,0,6.46340761797,9.23071031707,19.4433159517,6.87841233521,9.70559806548,20.6516152772,5.92745748311,5.74809051141,24.4513919516
0.1835,0.434638492304,0,7.05293903868,10.1764703833,19.7110599306,7.29353380651,10.52697057,20.4636217027,6.44046670041,6.22918443096,24.5630967791
0.184,0.516232265692,0,7.71024271941,11.150999394,20.2214449459,7.91109927329,11.4269460191,21.1972770257,7.02636211111,6.77863015255,24.6906721589
0.1845,0.607206021607,0,8.4246061419,12.1126955441,21.0009181258,8.76339765376,12.6843953109,22.2572313389,7.6796117878,7.3912399007,24.8329135455
0.185,0.706077099829,0,9.17808019823,13.0022335459,22.0663199802,9.70610941724,14.032062576,23.1412512531,8.38956928303,8.05702956408,24.9875027357
0.1855,0.810361263905,0,9.9435401065,13.7427536385,23.4158392144,10.530843178,14.9991696036,23.8884341718,9.1383961923,8.75927049991,25.1505555189
0.186,0.916304323253,0,10.6835518335,14.2449041981,25.0184078317,11.1757924828,15.3127255492,25.0518836336,9.89913502923,9.4726822993,25.3162020563
0.1865,1.01872524101,0,11.350975545,14.4187031591,26.8043570141,11.6804089082,15.1041093679,26.5508452148,10.6345826398,10.1623762885,25.4763415736
0.187,1.11109965425,0,11.8922826105,14.1923545428,28.662045435,12.0356244697,14.4335338469,28.2449339218,11.2978899307,10.7844179472,25.6207729483
0.1875,1.18601896216,0,12.2540886358,13.5344662648,30.4456512241,12.2306461971,13.3787026855,29.9868131152,11.835858416,11.2889183704,25.7379125138
0.188,1.23609452692,0,12.3922613409,12.471885653,31.996558763,12.2530098521,12.0317639934,31.6379324651,12.1954329566,11.6261230818,25.8162078166
0.1885,1.2552182445,0,12.2814521894,11.093805914,33.1744831192,12.0917052648,10.4969369289,33.077655072,12.3327534641,11.7549006144,25.8461085729
0.189,1.23988176457,0,11.921888185,9.53692362579,33.8877565035,11.7434249014,8.88934898274,34.2007638469,12.222627742,11.6516260269,25.8221293259
0.1895,1.19011650549,0,11.3406874607,7.95538936075,34.1103938965,11.2195858212,7.33330266746,34.9075626726,11.8652813944,11.3165108882,25.7443191993
0.19,1.10967573757,0,10.586957889,6.48732318831,33.8793818437,10.5504019073,5.95701374417,35.0984285442,11.2876652995,10.7748294101,25.6185465932
0.1905,1.00535620902,0,9.72243256498,5.23071022542,33.2755029943,9.78353634281,4.88259587756,34.6820393147,10.5385844507,10.0723503328,25.4554385162
0.191,0.885702055074,0,8.8108896746,4.23517942747,32.3978447138,8.97784801222,4.21347169244,33.5950456822,9.67939119659,9.26660915641,25.2683540917
0.1915,0.759540460597,0,7.90939752377,3.50787558982,31.3420739804,8.27042708809,4.09152572303,32.1362811227,8.77347036291,8.41704741369,25.0710950035
0.192,0.634769933224,0,7.0630248653,3.02683820658,30.1876135119,7.53525456314,4.00289121762,30.9044198689,7.87753827958,7.57685300179,24.8760109088
0.1925,0.517628189,0,6.30310365766,2.75529653433,28.9935676367,6.53449139537,3.31853105141,29.5600956717,7.03638573211,6.78803018466,24.6928547451
0.193,0.412451710479,0,5.64815146215,2.65294806,27.800433179,5.56890909091,2.77398633961,27.6884811505,6.28115143516,6.07978047716,24.5284067898
0.1935,0.321803410587,0,5.10628193681,2.68307132496,26.6343551749,4.81233047417,2.32351167946,26.6458605991,5.63023874061,5.46936232296,24.3866742677
0.194,0.246806255722,0,4.67811317426,2.81601450503,25.5116933645,4.27526662805,2.11524160621,25.5863495896,5.09171126448,4.96433768491,24.2694129852
0.1945,0.187545792656,0,4.3595297901,3.03018817114,24.44282798,4.07062732217,2.42716043704,24.3611052937,4.66618328722,4.5652826279,24.1767566982
0.195,0.143452433865,0,4.14397638766,3.31162918762,23.4349423577,4.10354918298,3.11331211522,23.0571708583,4.3495648066,4.26836159664,24.1078148321
0.1955,0.113618883262,0,4.02418536538,3.65290554254,22.4939232887,4.24609310278,3.91173987541,21.8782806907,4.13534085718,4.06746493433,24.0611687905
0.196,0.0970392724351,0,3.99336971274,4.05182565006,21.6256460459,4.3572405757,4.5775291322,20.8007141802,4.01628866126,3.95581920627,24.0352458547
0.1965,0.0927742489099,0,4.04596662779,4.51018018891,20.8368977648,4.52740996185,5.26911504663,19.85628703,3.98566306808,3.9270988906,24.0285773067
0.197,0.10005389613,0,4.17802763336,5.03258532538,20.1361308168,4.83721500958,6.12696493294,19.0779166116,4.03793558498,3.9761194329,24.0399593487
0.1975,0.118331727274,0,4.38733571001,5.6253934473,19.5341700402,5.33303606275,7.23657906486,18.4836202806,4.1691820875,4.09920083612,24.0685375251
0.198,0.147300896981,0,4.67330246414,6.2955693569,19.0449359728,5.86280380724,8.32066990129,18.0873906313,4.37719922997,4.29427682896,24.11383207
0.1985,0.186879968958,0,5.03666540201,7.04938037069,18.6861851864,6.34511296007,9.21483041762,18.0336157321,4.66140224777,4.56079902618,24.1757156541
0.199,0.237171017354,0,5.4789705701,7.89071120664,18.480194384,6.75751811249,9.87416967124,18.3570740492,5.02252409852,4.89945478665,24.2543478749
0.1995,0.298388021885,0,6.00179195158,8.81879450752,18.4542087702,7.13498466237,10.4711455986,18.9364539854,5.46210129322,5.31168503206,24.3500632988
0.2,0.370748828831,0,6.60561098495,9.82516919556,18.6403196771,7.60007878772,11.2769873089,19.24410334,5.98169810735,5.79895672128,24.4632025378
0.2005,0.454320071424,0,7.28826808756,10.8897919441,19.0742254926,8.04635554471,12.059431623,19.4477361261,6.58179301004,6.36171855694,24.5938697759
0.201,0.548802853809,0,8.04292398527,11.9765139671,19.7920940988,8.73146044298,12.9983499105,20.5415255956,7.26023973816,6.99795779911,24.7415976766
0.2015,0.653250589994,0,8.85556604634,13.0286953916,20.8245960446,9.70512453645,14.4568356009,21.6378613871,8.01024119964,7.70130021599,24.9049062118
0.202,0.765723869359,0,9.70230651411,13.966611579,22.1873636323,10.633489989,15.6739420089,22.5442673619,8.81787118745,8.45868597688,25.0807630295
0.2025,0.882916520027,0,10.5470728832,14.6893473224,23.8680456039,11.3510533414,16.1823218875,23.7164556978,9.65938927571,9.24785159379,25.2639987876
0.203,0.999835946645,0,11.3407399919,15.0844627749,25.8121378761,11.9306354239,16.106530439,25.3192821321,10.4989454408,10.0351773425,25.4468073481
0.2035,1.10968300813,0,12.0230965701,15.0476798771,27.9127060442,12.3628621904,15.5024702473,27.2002608829,11.2877175067,10.7748783694,25.6185579611
0.204,1.2041241966,0,12.5288802065,14.5109822752,30.0115145068,12.6360636863,14.4470670807,29.191030989,11.9658655639,11.4108375216,25.7662208279
0.2045,1.27412690376,0,12.7980264111,13.4711813226,31.9180627755,12.7344559768,13.0342492858,31.1293217775,12.4685297154,11.8822299619,25.8756730763
0.205,1.31137793679,0,12.7882583108,12.0057395158,33.4462166941,12.6398088675,11.371353865,32.8765131484,12.7360159265,12.1330753374,25.9339166712
0.2055,1.31002598822,0,12.4860954097,10.2642193312,34.4573849501,12.3382058028,9.57814430425,34.3191527061,12.7263080722,12.1239714276,25.9318028414
0.206,1.2682052974,0,11.9118597589,8.43458276064,34.8920772277,11.8301539035,7.78731057278,35.3538871944,12.4260087993,11.8423543544,25.8664143896
0.2065,1.18872852666,0,11.1162715785,6.69762632036,34.7757076053,11.1388718229,6.14187782651,35.8710798243,11.8553148198,11.3071643536,25.7421490346
0.207,1.07861558031,0,10.1698439186,5.18910248453,34.1983012407,10.3117362329,4.78563328244,35.756080992,11.0646335307,10.56567288,25.5699826993
0.2075,0.947625778411,0,9.14918287889,3.98270536446,33.280771395,9.41397251985,3.84763834027,34.9123645593,10.1240430837,9.68359838782,25.3651745008
0.208,0.806361746249,0,8.12476676893,3.09437764156,32.1435129736,8.5743684029,3.53234565657,33.3369989975,9.10967710085,8.73233807881,25.1443021008
0.2085,0.664577995639,0,7.1530680853,2.49927047713,30.8867990522,7.76140029852,3.42896021999,31.94035283,8.09157920752,7.77757802875,24.9226170985
0.209,0.530090571546,0,6.27355095325,2.15128204124,29.5839967267,6.66937366499,2.70938698098,30.5504279793,7.1258735991,6.87195083799,24.7123402171
0.2095,0.408361484611,0,5.50945663175,1.99876791391,28.2835507759,5.59505352944,2.10293336702,28.5711162534,6.25178100082,6.05223723446,24.5220115455
0.21,0.302607428551,0,4.8707503462,1.99439822037,27.0148467811,4.73276227817,1.58075211906,27.377896251,5.49239932822,5.34009816757,24.3566605229
0.2105,0.214207634929,0,4.35781758709,2.09987798746,25.7945244616,4.21023914023,1.51846522334,26.0281408535,4.85763234491,4.74482126863,24.2184436372
0.211,0.143215457346,0,3.96499463747,2.2871939659,24.6316215403,4.02181351534,2.01882377155,24.4570578326,4.34786316382,4.26676581636,24.1074443091
0.2115,0.0888470121586,0,3.68348559458,2.53794804842,23.5311830814,3.77427195128,2.33506914844,22.9398311538,3.9574629997,3.90065320313,24.0224369028
0.212,0.0498849072652,0,3.50354060454,2.84187545039,22.4965751778,3.57239956708,2.60507703993,21.5882550327,3.67769019964,3.63828561123,23.9615179733
0.2125,0.0249797194767,0,3.41594772976,3.19519111376,21.5309119607,3.43893959794,2.87815712396,20.4721501351,3.4988550432,3.4705761365,23.9225776393
0.213,0.0128564756189,0,3.41296500447,3.59907718896,20.6379688602,3.37821086257,3.18903108032,19.5494106035,3.41180240862,3.38893921504,23.9036224252
0.2135,0.0124436531586,0,3.48883192165,4.05841643494,19.8228569729,3.42367772018,3.61090261125,18.7526593432,3.40883807966,3.38615930274,23.9029769595
0.214,0.0229439722775,0,3.63998094488,4.58075454311,19.0926396992,3.60234494183,4.20403694823,18.0246488334,3.48423707798,3.45686758323,23.9193946608
0.2145,0.0438636700516,0,3.86503744367,5.17540250708,18.4570025168,3.92198972779,4.99785692362,17.3306911026,3.6344538704,3.59773909783,23.9521035095
0.215,0.0750124914999,0,4.16465955625,5.85254139583,17.9290358059,4.31907508468,5.90667987383,16.7371335429,3.85812230461,3.80749268523,24.0008060338
0.2155,0.116481525883,0,4.54123117355,6.62214888706,17.526145151,5.03523648622,7.29727642823,16.3876994256,4.1558964597,4.08674173298,24.0656446556
0.216,0.168600714321,0,4.99838186689,7.49252101962,17.2710443912,5.70987787585,8.51289718036,16.352991563,4.53014552366,4.43770803728,24.147135252
0.2165,0.231872405644,0,5.54026681235,8.46811590426,17.1926898643,6.26246245569,9.3867447741,16.781522253,4.98447668197,4.86377437362,24.2460632672
0.217,0.306871694722,0,6.17049920685,9.54641842494,17.3268510014,6.75311030096,10.150002624,17.5166199229,5.52301948311,5.36881338328,24.3633278867
0.2175,0.394098664094,0,6.89059491184,10.7135673391,17.7157551818,7.30322991251,11.1079188669,17.8145251514,6.14936483917,5.95619258073,24.4997110112
0.218,0.493763115735,0,7.69778391171,11.9386989508,18.4058895933,7.91943293502,12.0441020633,18.5908108346,6.86501926232,6.62732475511,24.6555406749
0.2185,0.605481667151,0,8.58210556941,13.1675032253,19.4426632649,8.83992682655,13.3811131866,19.899335832,7.66722982138,7.3796282404,24.830217443
0.219,0.727875721827,0,9.52289901188,14.3165350522,20.8604750863,9.86358141748,14.8006805333,21.001645823,8.54609731279,8.20381968172,25.0215858203
0.2195,0.858085722945,0,10.4852007719,15.2714000883,22.6673218436,10.6987298738,15.5732853656,22.2034895452,9.48108829206,9.08064305993,25.2251747666
0.22,0.991272570976,0,11.4171924912,15.893540693,24.8251670148,11.3933710359,15.6864573422,23.9389957357,10.4374549336,9.97751227905,25.4334181414
0.2205,1.12026437441,0,12.2505438097,16.0404997255,27.2313264606,11.9390120881,15.1948218302,26.0373817375,11.3636984754,10.8461324148,25.6351023831
0.221,1.23560390721,0,12.9057790479,15.6009010111,29.7109906914,12.3244238092,14.1784375948,28.3007280339,12.1919099937,11.6228192893,25.8154407116
0.2215,1.32629138147,0,13.3038864759,14.5366524199,32.0327533099,12.5313060793,12.7370878692,30.534349179,12.8431039852,12.2335012404,25.9572344845
0.222,1.381391222,0,13.3827979013,12.9144211523,33.9522469129,12.5336489587,10.9842970047,32.5769555642,13.2387560351,12.6045390094,26.0433854589
0.2225,1.3923129146,0,13.1138970835,10.9055894292,35.2729365086,12.3047880159,9.04594898259,34.3091776226,13.3171807642,12.6780847841,26.0604619958
0.223,1.3550958442,0,12.5117842778,8.74678203788,35.8977560102,11.831749639,7.06393933896,35.6311915732,13.0499384264,12.4274681101,26.0022715029
0.2235,1.27176075112,0,11.6324631014,6.67629500925,35.8458728646,11.1297187897,5.19803095465,36.4287375838,12.451539228,11.8662964857,25.8719734947
0.224,1.15005878532,0,10.5604325255,4.87655808969,35.2287273314,10.2474577958,3.61753294443,36.5624256743,11.5776413768,11.0467655137,25.6816872281
0.2245,1.00168498063,0,9.39024206865,3.44612203581,34.2026218836,9.26041971474,2.48182359975,35.8958866318,10.5122226858,10.0476285845,25.4496983924
0.225,0.839725411375,0,8.20947571905,2.40425542922,32.9229853318,8.25618148908,1.91768660082,34.343541144,9.34924952739,8.95700624035,25.1964676285
0.2255,0.676302091484,0,7.08774273879,1.71512960866,31.5162098293,7.34157475515,1.79030757889,32.8039859164,8.17576570442,7.8565271205,24.9409482275
0.226,0.521049252742,0,6.07259856451,1.31567107817,30.0708666102,6.1309478212,1.03193597629,31.2279569633,7.06095115497,6.81106734495,24.6982037257
0.2265,0.380548779313,0,5.19076382475,1.1372355468,28.6417028185,5.01248274916,0.449702068544,29.3001497114,6.05206801149,5.86494877729,24.4785251826
0.227,0.258498925151,0,4.45222096508,1.11843146145,27.2587159496,4.07515833179,-0.0748702537172,27.8799826816,5.17567209963,5.04307515377,24.2876949776
0.2275,0.15628130517,0,3.85516781514,1.21061247512,25.9362235135,3.62505660811,0.184316004095,26.0980144703,4.44168429697,4.35475015496,24.1278733251
0.228,0.0736464909679,0,3.39059527721,1.37874250019,24.6797915935,3.10694341378,0.246496687586,24.2863445459,3.84831354826,3.79829415063,23.9986702331
0.2285,0.00934758331073,0,3.04594614779,1.59994285511,23.4907569119,2.61736758081,0.176267083513,22.8355043676,3.38660632055,3.36531062445,23.8981361209
0.229,-0.0383533906769,0,2.80775399428,1.86122134284,22.3688663218,2.16102992562,0.0682070152633,21.6838680995,3.04408285846,3.04409621084,23.8235535931
0.2295,-0.0713202452216,0,2.66338298307,2.1571913323,21.3137003501,1.8200206697,0.167330887275,20.4956828785,2.80735978535,2.82210013893,23.7720084958
0.23,-0.0913018359551,0,2.60206825624,2.48813655502,20.3254242063,1.56957369907,0.359904532171,19.4519918269,2.66387920071,2.68754575955,23.7407664178
0.2305,-0.0997880671385,0,2.61545847732,2.85852265897,19.4052338364,1.42761221281,0.667692633377,18.5414435712,2.60294264026,2.63040018064,23.7274978298
0.231,-0.097934800924,0,2.69783046434,3.27592774701,18.5557215159,1.41173022433,1.11750161324,17.7382415835,2.61625027544,2.64287992205,23.7303954913
0.2315,-0.0865341511765,0,2.84610365589,3.75030398141,17.7812929905,1.53566027464,1.72988686354,17.0201009944,2.69811422276,2.71965095453,23.7482208984
0.232,-0.0660124813118,0,3.05974010229,4.29345360231,17.0887174798,1.79324202527,2.4747796704,16.4302311542,2.84547292054,2.85784218211,23.7803074133
0.2325,-0.0364442459599,0,3.34057708513,4.91858225528,16.4878673782,2.16626747975,3.27469749697,16.0753388111,3.05779173699,3.05695223346,23.8265386231
0.233,0.00242484283072,0,3.69260371786,5.63976527198,15.9926904586,2.68592270786,4.27251234919,15.7076036568,3.33689662202,3.31869346262,23.8873121179
0.2335,0.0511468961236,0,4.12165717255,6.47111787223,15.6224374979,3.37597330475,5.56305051002,15.2644100609,3.68675208573,3.64678373983,23.9634911473
0.234,0.11052980452,0,4.63497464944,7.42539151829,15.4031218188,4.33839043467,7.29060063274,15.0416445291,4.11315929867,4.04666333357,24.0563388828
0.2345,0.181575228757,0,5.24049013394,8.51162720898,15.3690836517,5.22815694172,8.77875560802,15.2270667488,4.62331082475,4.52507734441,24.1674214643
0.235,0.265381267738,0,5.94570914489,9.73140329602,15.5643260382,5.90223641942,9.81146477166,15.9447451439,5.22509171548,5.08942027954,24.2984558167
0.2355,0.362986718689,0,6.75593647351,11.0731850673,16.042921992,6.62682475229,10.9831270739,16.5443525065,5.9259611985,5.74668731356,24.4510661442
0.236,0.475125788332,0,7.67159540614,12.5044638354,16.8672190848,7.34170592413,12.1114216551,17.2468852647,6.73119134703,6.50182253382,24.6264004106
0.2365,0.601857061381,0,8.6844199663,13.9620385764,18.1018355397,8.39339214065,13.6331731476,18.6799040742,7.64120283674,7.35522044493,24.8245502157
0.237,0.74203648989,0,9.77253289653,15.3423268318,19.8008722444,9.55890134538,15.2400353327,19.8898802515,8.64778067263,8.29917712265,25.0437267913
0.2375,0.892636164021,0,10.8949943504,16.4962494894,21.9862170434,10.512556763,16.057634914,21.3980602789,9.72918252797,9.31330287256,25.2791958697
0.238,1.04798982675,0,11.9874286766,17.2364462348,24.6177890903,11.3147904224,16.1299803915,23.5029837669,10.8447210581,10.3594415885,25.5220980142
0.2385,1.19918760132,0,12.9616296801,17.3658286077,27.5633998204,11.960140547,15.525825665,25.9840297505,11.9304176566,11.3775948973,25.7585022485
0.239,1.33402135764,0,13.7127810971,16.7310161276,30.5851809351,12.4372964018,14.3439171052,28.5881995328,12.8986101516,12.2855542606,25.9693206352
0.2395,1.43798405808,0,14.1365932886,15.2885460065,33.3637941542,12.7207735965,12.7020894353,31.0819407749,13.6451287467,12.9856304869,26.1318707962
0.24,1.49664155231,0,14.154136995,13.1519842478,35.5694135437,12.7690172757,10.7276651967,33.2996421739,14.0663270225,13.3806252017,26.2235843154
0.2405,1.4990696794,0,13.735960629,10.5836649262,36.9578843954,12.536910807,8.55913346236,35.1467462517,14.083762526,13.3969760087,26.2273807967
0.241,1.4411922085,0,12.9140977498,7.92195038666,37.4434180569,12.0011337964,6.35844544225,36.544183571,13.6681653159,13.0072339065,26.1368868776
0.2415,1.32744272685,0,11.775124977,5.47864293033,37.1068245406,11.1832002947,4.31814326881,37.3614598748,12.8513713805,12.241254305,25.9590346626
0.242,1.16980382407,0,10.4374240752,3.46083163707,36.140589652,10.1539267427,2.64768560771,37.4071590722,11.7194233671,11.1797269716,25.7125594469
0.2425,0.98466006343,0,9.02345504436,1.94842016082,34.7700593494,9.0176885533,1.54110026,36.4914790823,10.3899729057,9.93298420014,25.4230792009
0.243,0.788960454173,0,7.63780069161,0.919289822558,33.1920386872,7.98326046794,1.31262596585,34.6155792989,8.98472470872,8.61515921718,25.1170944309
0.2435,0.597179722427,0,6.3559868395,0.293526640617,31.5475176819,6.76475492116,0.807480431661,33.0887546181,7.60761655542,7.32372363126,24.8172369948
0.244,0.419770978296,0,5.22314237949,-0.0272493994174,29.9220549079,5.3488688972,0.0365969631509,30.6669919738,6.33370845325,6.12906782128,24.5398507804
0.2445,0.262980261285,0,4.25871504845,-0.135095235852,28.3593609973,4.1956746293,-0.621391104599,29.0319498512,5.20785095552,5.07325210067,24.2947017397
0.245,0.129499224765,0,3.46349220913,-0.104562353861,26.8768165741,3.60613797252,-0.344566026082,26.9136883249,4.24937185269,4.17440184059,24.0859983886
0.2455,0.0194368432459,0,2.82647069514,0.00963100560767,25.4776439934,2.81976243448,-0.609205562585,25.0309853628,3.45905365137,3.4332508664,23.9139111135
0.246,-0.0687297704906,0,2.3304341712,0.17051435077,24.1587044103,2.01992961354,-0.935225296759,23.3765308879,2.82596104858,2.83954418152,23.7760588146
0.2465,-0.1373834339,0,1.95596626691,0.355246013052,22.9147795067,1.3553538046,-1.1636603957,22.0157701176,2.33298389298,2.37723609027,23.6687158542
0.247,-0.18921145909,0,1.68406189429,0.551452848127,21.7405874933,0.967298189566,-1.16784314564,20.9251599003,1.96082556712,2.0282304552,23.587680504
0.2475,-0.226844234857,0,1.49765068041,0.75414540146,20.6315519177,0.755189264788,-1.05871578056,20.0019596971,1.69059819929,1.77481445569,23.5288400379
0.248,-0.252644376814,0,1.38235359148,0.963368819152,19.5839846332,0.690251527809,-0.773275558981,19.1494777931,1.50533670028,1.60107843361,23.4885004044
0.2485,-0.268602007257,0,1.32674288786,1.18254628814,18.5950533731,0.717483306025,-0.380309873043,18.3596963538,1.3907507208,1.49362107002,23.4635499617
0.249,-0.276298776232,0,1.3223106272,1.41739917731,17.662717235,0.790390344604,0.0415281233033,17.6193212111,1.33548300328,1.44179166432,23.4515157319
0.2495,-0.276912220842,0,1.36329104347,1.67531609603,16.7857109472,0.932011475421,0.528895929144,16.9566333141,1.33107807914,1.43766077906,23.4505565848
0.25,-0.271240348774,0,1.44643361281,1.96505584165,15.9636117302,1.17194248107,1.13005251923,16.4020286387,1.37180574348,1.47585469646,23.4594248011
0.2505,-0.259733047002,0,1.57078705239,2.296689074,15.19700746,1.48080970564,1.79707956314,15.9467981141,1.45443552046,1.55334391485,23.4774169632
0.251,-0.242521977307,0,1.73752809806,2.68170170318,14.48778686,1.84483325759,2.51109845111,15.5922872943,1.57802199439,1.6692418347,23.5043272121
0.2515,-0.219444274208,0,1.9498500062,3.1331943052,13.8395836542,2.21857953393,3.22766787567,15.3263656874,1.74373464345,1.82464517867,23.5404101951
0.252,-0.190057976804,0,2.21291134358,3.66611226213,13.258423194,2.62517839023,4.07035468649,15.0758790236,1.95474702922,2.02253007493,23.5863569371
0.2525,-0.153649116488,0,2.53383252182,4.29742578724,12.7536399146,2.99902658473,4.92962868515,14.8009280635,2.21618590234,2.26770432902,23.6432837587
0.253,-0.109232196586,0,2.92171194102,5.04614016481,12.3391540714,3.34917991495,5.81455888631,14.4950537367,2.53512775841,2.56680419404,23.7127315265
0.2535,-0.0555479580197,0,3.38761077867,5.93294327282,12.0352091878,3.8549690248,6.83256252837,14.338463494,2.92061488196,2.92830941647,23.7966691463
0.254,0.00893451542415,0,3.94441908724,6.97917443078,11.8706599175,4.5366650489,8.0576590874,14.2141624303,3.38364022928,3.36252905947,23.8974902715
0.2545,0.0859992643984,0,4.6064577889,8.20460922851,11.8858256062,5.40052915775,9.6247103495,14.0619427259,3.93701435179,3.88147670524,24.0179843265
0.255,0.177628368293,0,5.3885824385,9.62329396267,12.1357132715,6.38682082568,11.2870604677,14.398786256,4.59496984557,4.49849951248,24.1612503779
0.2555,0.285877902038,0,6.30443057774,11.2363723914,12.6929350523,7.13409256458,12.4469080477,15.3624795151,5.37227064192,5.22744291969,24.3305031874
0.256,0.412635362125,0,7.36330922086,13.0206975606,13.6487111281,7.88358391112,13.7437676031,15.8440601,6.28247017129,6.08101717215,24.5286939371
0.2565,0.559188880761,0,8.56511840319,14.9124628748,15.1087896708,8.85739467578,15.1427653504,17.4133989362,7.33481804572,7.06789644561,24.7578366771
0.257,0.725524622391,0,9.89282718261,16.7870277465,17.1790808503,10.101620129,16.9325648327,18.8584297718,8.52921491708,8.18798757257,25.0179097751
0.2575,0.909285428799,0,11.3027108225,18.4408427416,19.934493936,11.1428387957,17.8540015005,20.6806912713,9.84873488375,9.42541764456,25.3052277125
0.258,1.10441960176,0,12.7143029815,19.5894264473,23.3671974778,12.0371600827,17.8953251047,23.2525762546,11.249922887,10.7394350263,25.6103283985
0.2585,1.29979024138,0,14.0049928843,19.9031986768,27.3225801415,12.789026764,17.1437775834,26.2574004009,12.6528088718,12.0550447549,25.9157988102
0.259,1.47842747045,0,15.0171875288,19.0989432841,31.4544980286,13.3936157915,15.7294910249,29.3156456109,13.9355382805,13.2579730808,26.1951058138
0.2595,1.61851971582,0,15.5852655436,17.0729796216,35.2517979509,13.8148869284,13.7987554274,32.0967442017,14.9414900858,14.2013426745,26.4141460747
0.26,1.69714424231,0,15.5807087416,14.0078499058,38.17034682,13.9733327886,11.4890855483,34.4382186908,15.5060644072,14.7307937331,26.5370789091
0.2605,1.69651356062,0,14.9584445477,10.3603325853,39.828945223,13.7686701961,8.9377910083,36.3510336015,15.5015357098,14.7265467748,26.5360928111
0.261,1.6103894257,0,13.7785381912,6.70477821963,40.1503677342,13.137973468,6.32519375417,37.8590228673,14.8831094096,14.1465939733,26.4014340158
0.2615,1.44708513268,0,12.1885167077,3.52332587798,39.3511782742,12.1068483798,3.90458751557,38.8124558028,13.7104802755,13.0469163705,26.1461007184
0.262,1.22701908013,0,10.3766005591,1.0745742637,37.8031555757,10.7914495555,1.97569492725,38.8759250182,12.1302654517,11.5650097737,25.8020179646
0.2625,0.976241817997,0,8.52184649988,-0.608298442859,35.8752089209,9.35736726775,0.815455559069,37.7005367611,10.3295245264,9.87629643164,25.4099169115
0.263,0.719535598315,0,6.76180747054,-1.63741043356,33.8404788741,8.02238542698,0.550180599793,35.7039016971,8.48620989874,8.14765797977,25.0085456779
0.2635,0.47593836046,0,5.1824041623,-2.18035759306,31.8590584864,6.26526711937,-0.41156457188,33.3335633613,6.73702613394,6.50729432732,24.6276709021
0.264,0.257341910648,0,3.82340277892,-2.40013822368,30.0032658962,4.7626950043,-1.23421941004,31.3273289818,5.16736399646,5.03528391381,24.2858859355
0.2645,0.0692500685292,0,2.69054780417,-2.42841751104,28.2922937624,3.56986076395,-1.596810693,28.7532607309,3.81674442695,3.76868900554,23.9917962372
0.265,-0.0875421037687,0,1.76810743865,-2.3604981509,26.7195991401,2.26852910906,-2.26623446856,26.5792566017,2.69087647932,2.71286348514,23.7466449211
0.2655,-0.215211957323,0,1.02897780395,-2.26026624941,25.2696073238,1.30847600676,-2.79257014105,24.9331585443,1.77412538207,1.85314525053,23.5470276049
0.266,-0.31751078958,0,0.441722004493,-2.16795052988,23.9260379804,0.530847308524,-3.12557990436,23.2814248174,1.03955442339,1.16427337497,23.3870789736
0.2665,-0.398789606855,0,-0.0250608425919,-2.10745158055,22.6751600181,-0.0547795836428,-3.24384151698,21.6638049607,0.455920598758,0.616948541792,23.2599960412
0.267,-0.463394431141,0,-0.4003555355,-2.09220387186,21.5065070963,-0.493597287024,-3.21852464351,20.092206725,-0.00798330575446,0.181904998338,23.1589836152
0.2675,-0.515336887558,0,-0.709698168795,-2.12949950578,20.4125745553,-0.881878917015,-3.24279336383,18.7478025207,-0.380963320916,-0.167871207155,23.0777693468
0.268,-0.558151285287,0,-0.974989571565,-2.22352863251,19.3882705054,-1.29271990478,-3.45947505652,17.7590927784,-0.68839804418,-0.456179820401,23.0108271915
0.2685,-0.594868796583,0,-1.21479818418,-2.37744873176,18.4304527479,-1.72777133741,-3.8489256297,17.0571810357,-0.952053228485,-0.703432504663,22.9534177808
0.269,-0.628059376264,0,-1.44491432147,-2.59475907802,17.5376628491,-2.0998071098,-4.14656376471,16.5531857421,-1.19038279098,-0.926935123134,22.9015228796
0.2695,-0.659908474208,0,-1.67900552288,-2.88019690603,16.7100784857,-2.45708630893,-4.4296970437,16.0747870533,-1.41907965773,-1.14140431454,22.8517254428
0.27,-0.692307738724,0,-1.92928342059,-3.24031075399,15.9496821004,-2.80358307565,-4.77438716236,15.626053297,-1.65172707189,-1.35957828213,22.801067797
0.2705,-0.726947314075,0,-2.20713153857,-3.68380890913,15.2606513605,-3.14055806445,-5.1745088179,15.2191225221,-1.90046134883,-1.5928383176,22.7469073286
0.271,-0.765402730663,0,-2.523665099,-4.22172455956,14.649995912,-3.47007525881,-5.62790063588,14.8665377473,-2.17659580321,-1.85179391236,22.6867806281
0.2715,-0.809212384722,0,-2.89020111639,-4.86737829065,14.1284855536,-3.79456759279,-6.13538353742,14.5829234144,-2.49117710265,-2.14680449942,22.6182823466
0.272,-0.859942601452,0,-3.31861079972,-5.6360441166,13.7119295712,-4.11716783839,-6.7015549486,14.3863050968,-2.85545246254,-2.48841758312,22.5389634672
0.2725,-0.919236409026,0,-3.82150551194,-6.54412582135,13.4228639202,-4.52718035482,-7.52846046586,14.1955266419,-3.28121987466,-2.88769717929,22.4462550447
0.273,-0.988839276227,0,-4.41216919555,-7.60751379025,13.2926592823,-5.03198267968,-8.63508787752,14.0411138004,-3.78101291979,-3.35639713036,22.3374279632
0.2735,-1.07058975984,0,-5.10408996093,-8.8386128408,13.3639347152,-5.64119226356,-10.0482509751,13.9676353311,-4.36803361002,-3.90689812567,22.2096075602
0.274,-1.1663546744,0,-5.90985881343,-10.2413283846,13.6928721013,-6.5860596143,-11.8561780842,14.1375406203,-5.05568686608,-4.55177113983,22.0598749907
0.2745,-1.2778766711,0,-6.83910119539,-11.8031600478,14.3504625181,-7.80784632796,-13.7764862752,14.6420249175,-5.85648603671,-5.30275104191,21.8855055444
0.275,-1.40648795401,0,-7.89502135364,-13.4837169841,15.4207590532,-9.1055704714,-15.5135543724,15.4028202764,-6.7799971981,-6.16880878396,21.6844162628
0.2755,-1.55263200517,0,-9.06916433761,-15.1999337242,16.9928778,-10.2204209162,-16.6929769198,16.3498555757,-7.82940483449,-7.15293073729,21.4559137428
0.276,-1.71513862177,0,-10.3343303333,-16.8108069929,19.1422876553,-11.1559744802,-17.3384959403,17.7607709843,-8.99630614229,-8.24723685299,21.2018276469
0.2765,-1.89024322844,0,-11.6365111664,-18.1092344506,21.8974665978,-11.9236177801,-17.5056641284,20.00227184,-10.2536690658,-9.42637679193,20.9280440506
0.277,-2.07047085343,0,-12.8885030618,-18.8345430154,25.1933334986,-12.5419060211,-17.2892605785,23.4846130545,-11.547818533,-10.6400147124,20.6462503946
0.2775,-2.24375210598,0,-13.970152224,-18.7213663621,28.8258192344,-13.0689888627,-16.2160674684,26.7741782652,-12.7920886092,-11.8068763355,20.3753176911
0.278,-2.39345716584,0,-14.7413089351,-17.5886567108,32.4390892393,-13.5012667264,-14.3973421741,29.8469336487,-13.8670665627,-12.8149778269,20.1412473806
0.2785,-2.50018868806,0,-15.0704357035,-15.4408758794,35.5812813885,-13.7757018543,-12.1176000042,32.8099302298,-14.6334670666,-13.53369907,19.9743680475
0.279,-2.54574129817,0,-14.8727725385,-12.5194732064,37.833293412,-13.7840906756,-9.6260067596,35.3602360986,-14.9605639039,-13.840446579,19.9031445792
0.2795,-2.51838383608,0,-14.1415868859,-9.2500110996,38.9543844535,-13.4226096996,-7.14100521938,37.0381078252,-14.7641198516,-13.656223692,19.9459191497
0.28,-2.41718448632,0,-12.9547593061,-6.09796813238,38.9554611153,-12.6598954404,-4.91198230442,37.7064054772,-14.0374438795,-12.9747556406,20.1041486928
0.2805,-2.25292226518,0,-11.4518981186,-3.41799767384,38.0562803555,-11.5643014667,-3.26071014617,37.8554407521,-12.8579362097,-11.8686274291,20.3609797522
0.281,-2.04491958566,0,-9.79461792798,-1.37965255427,36.5681482782,-10.2884619536,-2.29254727456,37.7444365855,-11.3643441096,-10.4679545885,20.6862009025
0.2815,-1.8155446286,0,-8.12945433,0.0155421458523,34.7817361081,-9.03152368678,-1.56337057745,36.2800136034,-9.71728540538,-8.92336259868,21.0448385296
0.282,-1.58507857286,0,-6.56596880532,0.868476678575,32.9081848905,-7.91525521723,-1.27807423061,34.3648153448,-8.06239191566,-7.37142324055,21.4051821364
0.2825,-1.36868521516,0,-5.17130099701,1.31667039037,31.0722549914,-7.02177835816,-1.55721595021,32.637610899,-6.50854938678,-5.91424826712,21.7435224736
0.283,-1.17565698103,0,-3.97561479639,1.49156473306,29.3327088479,-5.79580140171,-1.5545214095,30.8309292998,-5.12248336955,-4.61441210334,22.0453304335
0.2835,-1.01016868733,0,-2.98198609994,1.49949907092,27.7078823095,-4.31917598594,-0.942581646559,29.1097124288,-3.93417171564,-3.50002762066,22.3040785101
0.284,-0.872646051828,0,-2.17637061143,1.41803272,26.1957542295,-2.87278963259,0.129148359686,27.6426200292,-2.94667135053,-2.57396156728,22.5191010753
0.2845,-0.76114528139,0,-1.53565051406,1.29953713746,24.7863861938,-1.66923799462,1.10404213108,26.2408282581,-2.146024598,-1.82312460108,22.6934373334
0.285,-0.672466767246,0,-1.03330889752,1.17702469659,23.4683356509,-0.717556591913,1.89645311186,24.9068289688,-1.50925622332,-1.22597082119,22.8320900106
0.2855,-0.602940450949,0,-0.643012885358,1.06981105818,22.2313322042,-0.0544255729492,2.26353617187,23.5052531337,-1.01001286258,-0.757786357579,22.9407974014
0.286,-0.548921745158,0,-0.340610996228,0.988153730853,21.0670091626,0.503855976891,2.62851237691,21.8653864803,-0.622124050709,-0.394028860519,23.0252579751
0.2865,-0.507067977323,0,-0.105036690478,0.936736243596,19.9687964783,0.972054362199,2.99227934947,20.1201872815,-0.321587263688,-0.112189049532,23.0906981442
0.287,-0.474463444563,0,0.0814860132076,0.917145328381,18.9315546072,1.31903641117,3.24519231049,18.4798045298,-0.0874658924275,0.107367177439,23.1416767358
0.2875,-0.448647871921,0,0.233646167651,0.929561413615,17.9512066454,1.54532778205,3.35618092206,17.0361802037,0.0979064087618,0.281207108474,23.1820404958
0.288,-0.427588229086,0,0.363462281273,0.973874739889,17.0244575215,1.68193171797,3.3692638271,15.7725526269,0.249128096102,0.42302100154,23.2149681546
0.2885,-0.409621100983,0,0.480786036753,1.05040518861,16.1486139261,1.75423147269,3.31932190923,14.6741712354,0.378143552334,0.544010156178,23.2430605335
0.289,-0.393382970866,0,0.593819308134,1.16036530058,15.3214929724,1.78306268381,3.23404850186,13.7284886036,0.494743698631,0.653356381374,23.2684495495
0.2895,-0.37773866285,0,0.709605783723,1.30617096297,14.5414048247,1.7856052949,3.13553818034,12.9252063329,0.607079822936,0.758703857651,23.292910099
0.29,-0.361713299115,0,0.834481645711,1.49167526986,13.8072009998,1.77613612192,3.04159350449,12.2562813037,0.722152170712,0.866617331634,23.3179664456
0.2905,-0.344429923833,0,0.974484031546,1.72237814675,13.1183897558,1.76667298194,2.9668115158,11.7159516094,0.84625784494,0.983002151321,23.3449897474
0.291,-0.325052970303,0,1.13572401848,2.00564632232,12.4753311079,1.76753486293,2.92349959358,11.3008166247,0.985396748255,1.11348495378,23.3752864491
0.2915,-0.302736638224,0,1.32473448402,2.35096318074,11.879536813,1.78783821749,2.92246095064,11.0099937529,1.14564226707,1.26376128827,23.4101789957
0.292,-0.276576748266,0,1.5488034889,2.77021314395,11.3341163209,1.83594607347,2.97368208599,10.8453696923,1.33348698652,1.43991982363,23.4510811106
0.2925,-0.245564600371,0,1.8163010835,3.27798647629,10.8444297219,2.00076909364,3.20497919363,10.8540122471,1.55617401732,1.64875306263,23.4995699399
0.293,-0.208541742305,0,2.1370009665,3.8918616342,10.4190343324,2.18898982291,3.53612687786,10.9499814208,1.82202178648,1.89806192679,23.5574567735
0.2935,-0.16415545065,0,2.5223862502,4.63257382648,10.0710425286,2.35860977791,3.96400967844,10.9988151375,2.14074371217,2.19695554373,23.6268566527
0.294,-0.110816411541,0,2.98590684653,5.52389506471,9.82004040702,2.51816308402,4.48029069494,11.0148931993,2.52375208312,2.55613622156,23.7102545382
0.2945,-0.0466630972844,0,3.5431180606,6.59190963607,9.6947354569,2.8671051643,5.16403979991,11.2560709286,2.98441385722,2.98813933381,23.8105610088
0.295,0.0304574156066,0,4.21156546989,7.86313843287,9.73647025598,3.47598323715,6.26544722335,11.3631083113,3.53818840028,3.5074624892,23.9311422531
0.2955,0.122973513169,0,5.0101756458,9.36061439906,10.003577237,4.43432443438,7.99358248747,11.6635547841,4.20251307515,4.13045823842,24.0757951574
0.296,0.233504717154,0,5.95775040473,11.0965401193,10.5760956548,5.16624926315,9.1600329338,12.6657889406,4.99619772124,4.87476622433,24.2486154566
0.2965,0.364653282662,0,7.06994119012,13.0596927708,11.5593472408,5.87006221079,10.37141687,13.673699846,5.93792819234,5.75790981751,24.4536718887
0.297,0.518585439149,0,8.35384732878,15.1957419766,13.0828991945,6.71119356944,11.6570359886,15.1846563262,7.04325939962,6.79447622799,24.694351447
0.2975,0.696283765054,0,9.79931831142,17.3802648251,15.2883476186,7.92813827679,13.4829733639,16.9401938183,8.31924688389,7.99108205769,24.9721904349
0.298,0.896343384699,0,11.3665927437,19.389588482,18.2960821504,8.99737702617,14.5320703962,18.9694266466,9.75580274042,9.33826698999,25.284992269
0.2985,1.11326114408,0,12.971860037,20.8858131484,22.1417755541,9.96857277003,14.7051768281,21.8552742307,11.3134108083,10.798973241,25.6241525308
0.299,1.33543728458,0,14.4764093318,21.4471892174,26.6864401121,10.8598747411,14.1131902049,25.2243148511,12.9087774115,12.2950889955,25.971534498
0.2995,1.54367360566,0,15.6903194441,20.6780328952,31.5374905263,11.6856200557,12.9277467487,28.6027013042,14.4040472072,13.697335159,26.297120957
0.3,1.71168416986,0,16.4031056931,18.3941215277,36.0585981015,12.4203928726,11.3309558317,31.5732848368,15.6104703744,14.8287044027,26.5598127122
0.3005,1.81033696026,0,16.4430584767,14.7927014705,39.5367233485,12.9828038645,9.44744819856,34.0002283229,16.3188604236,15.4930241339,26.7140606
0.301,1.81586660339,0,15.7433173238,10.4580689987,41.4629913133,13.1945855336,7.34447287943,35.9802477884,16.3585667933,15.5302602934,26.7227064353
0.3015,1.71901931238,0,14.3754471406,6.14345776071,41.7458324306,12.8754881015,5.11637650662,37.6032891094,15.6631413829,14.8780986457,26.5712815235
0.302,1.52969998888,0,12.5260014662,2.46632259222,40.6954827407,12.028406972,2.97139248492,38.7648630315,14.3037077131,13.6032379793,26.2752726052
0.3025,1.27372847329,0,10.4311265794,-0.272763371027,38.8154225108,10.7742358907,1.24443914401,39.0056370189,12.4656687301,11.8795469641,25.8750501131
0.303,0.983788461976,0,8.30900484807,-2.0744214148,36.5772236633,9.32079140806,0.286888491438,37.8322212835,10.3837142506,9.92711490803,25.4217164145
0.3035,0.690077366072,0,6.3196390905,-3.1142061912,34.3042384185,7.92134254047,0.198023447592,35.8101132805,8.27468097488,7.94928868026,24.9624864627
0.304,0.414740288003,0,4.55596519852,-3.61796377003,32.1654693213,6.09639648075,-0.583306498956,32.9958647891,6.29758488361,6.09519156892,24.5319850794
0.3045,0.170639968977,0,3.05458209165,-3.78869415616,30.2213909815,4.78812374215,-0.824006078456,30.4665629931,4.54478867466,4.45144020948,24.1503237145
0.305,-0.0371581375979,0,1.81308473416,-3.78070078101,28.4738773513,3.27652298067,-1.63453306891,28.1543194072,3.05266553904,3.05214494621,23.8254224228
0.3055,-0.208986899372,0,0.806164934033,-3.70005751568,26.9011072679,2.04744744507,-2.28915938814,26.2047020812,1.81882527439,1.89506427592,23.5567607512
0.306,-0.348349082803,0,-0.00238323703959,-3.61475520338,25.4765617516,1.03314299004,-2.75044407416,24.2220303542,0.818115780183,0.956610858959,23.3388619736
0.3065,-0.460255749565,0,-0.651859352276,-3.56600114585,24.1772174227,0.234383288618,-2.98283213776,22.244025037,0.0145544327816,0.203040620476,23.163891079
0.307,-0.550146135566,0,-1.18015566171,-3.57759010802,22.9859389152,-0.547172463988,-3.40952441468,20.7303974566,-0.630915955917,-0.402273804264,23.023343588
0.3075,-0.623264696916,0,-1.62153822691,-3.66280961409,21.8913582571,-1.3060509833,-3.94793883722,19.7461258519,-1.15595393067,-0.894648148959,22.9090195673
0.308,-0.684354009101,0,-2.00587552601,-3.82922081114,20.8870018393,-1.9852936814,-4.43814039681,18.8747977988,-1.59461421278,-1.30601852468,22.8135037959
0.3085,-0.737548002475,0,-2.35871468787,-4.08182278144,19.970460308,-2.60146636286,-4.96914946431,18.0898363524,-1.9765810627,-1.66422247653,22.7303326956
0.309,-0.786382513417,0,-2.7018014584,-4.42503896516,19.1428896387,-3.15515124496,-5.52099112578,17.403440974,-2.32724404416,-1.99307003424,22.6539778339
0.3095,-0.833867249977,0,-3.05378154083,-4.86384299923,18.4089052458,-3.65081279198,-6.08553316878,16.8253225483,-2.6682147834,-2.31282832291,22.5797334026
0.31,-0.882582860502,0,-3.43091466422,-5.40422146447,17.7768490535,-4.12905618922,-6.73961920866,16.3241769764,-3.01802398391,-2.64087521504,22.5035644468
0.3105,-0.934779763883,0,-3.84768862107,-6.05306029874,17.2593870417,-4.63669848733,-7.5773085608,15.8658715148,-3.3928310908,-2.99236484535,22.4219523397
0.311,-0.992463135107,0,-4.31724670557,-6.81743538338,16.8743814877,-5.18132862529,-8.60697543381,15.4712270976,-3.80703454127,-3.38079989634,22.3317619038
0.3115,-1.05745206461,0,-4.85154423385,-7.70318207849,16.6459440306,-5.77319016038,-9.84618424269,15.1671533246,-4.27369656656,-3.81842997253,22.2301489127
0.312,-1.13140122136,0,-5.46113279428,-8.71251772869,16.6054819721,-6.5858122919,-11.4410089111,15.0559055329,-4.80469874689,-4.31639747801,22.1145262203
0.3125,-1.21577099219,0,-6.15444079503,-9.84041945596,16.7923662175,-7.58018630535,-13.0826043178,15.1912670945,-5.41052759235,-4.88453653675,21.9826104489
0.313,-1.3117279063,0,-6.93638847754,-11.0694795303,17.2535407085,-8.78357871811,-14.8122137363,15.6568884545,-6.09955952784,-5.53070246002,21.8325776798
0.3135,-1.41995294701,0,-7.80617222828,-12.3631988748,18.0409538213,-9.93056046609,-16.2426824992,16.2717884992,-6.87668444857,-6.25948093317,21.6633631662
0.314,-1.54033489064,0,-8.75412951623,-13.6583407973,19.2052150108,-10.9054004542,-17.2118013925,17.0457120983,-7.74110369741,-7.07012298509,21.4751408112
0.3145,-1.67153639986,0,-9.75783665626,-14.8582826056,20.7836876099,-11.7123241653,-17.7422800769,18.1530413527,-8.68321433823,-7.95362309691,21.2700015992
0.315,-1.81045393683,0,-10.7780941511,-15.8312973111,22.7820155729,-12.3582891161,-17.8734491536,19.8066316982,-9.68073098683,-8.88908230137,21.0527980455
0.3155,-1.95166211659,0,-11.7562448986,-16.4196722428,25.1508403109,-12.852379232,-17.663713351,22.2267903943,-10.6946959138,-9.83996650491,20.832012973
0.316,-2.08704253505,0,-12.6151251864,-16.465488366,27.7647119948,-13.2022729025,-17.1860992683,25.5738688037,-11.6668137922,-10.7516070459,20.6203398565
0.3165,-2.20591539087,0,-13.2661967592,-15.8536584065,30.4161946326,-13.4376762953,-16.0721254523,28.5510641824,-12.5203968266,-11.5520870253,20.4344770253
0.317,-2.29602659529,0,-13.6240440796,-14.561174737,32.8393476449,-13.5372202118,-14.4511191144,31.1185234137,-13.1674528326,-12.158888423,20.2935842751
0.3175,-2.34555425767,0,-13.6259553136,-12.6889621194,34.7663002004,-13.4560651682,-12.5345263011,33.2915302028,-13.5230930842,-12.4924036052,20.2161456412
0.318,-2.34581878096,0,-13.2501021881,-10.4521507912,35.9993627905,-13.1465305207,-10.5310437964,34.9837496629,-13.5249925304,-12.4941848832,20.2157320477
0.3185,-2.293799035,0,-12.524202804,-8.12451376685,36.4643934863,-12.5839613281,-8.65809322697,36.1831506847,-13.1514575269,-12.1438882163,20.2970671615
0.319,-2.19333132832,0,-11.5200250551,-5.96188486093,36.2176989639,-11.7865091689,-7.15371691342,37.1154488711,-12.4300352195,-11.4673469889,20.4541527492
0.3195,-2.05434865699,0,-10.3360322063,-4.14211683001,35.407135486,-10.8288445329,-6.06066074582,37.6681252124,-11.4320508646,-10.531449175,20.6714581433
0.32,-1.89047877524,0,-9.07583342054,-2.74435794806,34.2137666705,-9.83010291083,-5.10494246055,37.0090825138,-10.2553604422,-9.42796294459,20.9276757631
0.3205,-1.71606165254,0,-7.83035883675,-1.76414650797,32.8033635887,-8.87899712718,-4.43079962362,35.6673069386,-9.0029340928,-8.25345246585,21.2003844485
0.321,-1.54368242493,0,-6.66789566888,-1.14535770889,31.3016391255,-8.04857187699,-4.14647436177,34.1242668872,-7.7651411319,-7.09266500419,21.4699067971
0.3215,-1.38279234689,0,-5.6318388533,-0.811212205018,29.7907612667,-7.39105687782,-4.31142254196,32.7238739866,-6.60984760345,-6.00924452539,21.7214653654
0.322,-1.23939747079,0,-4.74363165455,-0.685697115195,28.3175896309,-6.57792519968,-4.40915923465,31.2936801987,-5.58018080005,-5.04363528956,21.9456694318
0.3225,-1.11646563993,0,-4.00806134598,-0.70466112643,26.905071305,-5.54051884703,-4.29507630253,29.8177080408,-4.69745173215,-4.21582250792,22.1378786453
0.323,-1.01465943426,0,-3.41885473292,-0.819443792619,25.5620972779,-4.4265605214,-3.76156840948,28.4268329633,-3.966418147,-3.53026793902,22.2970570338
0.3235,-0.933110615696,0,-2.96348023994,-0.996309671943,24.2903691503,-3.39477278366,-3.03174132132,27.1811221997,-3.38084554066,-2.98112493951,22.4245621248
0.324,-0.87008475841,0,-2.62678029033,-1.21408150087,23.0885381888,-2.48093004037,-2.23984269941,26.0689019698,-2.92827962777,-2.55671402925,22.5231057679
0.3245,-0.823483986301,0,-2.39346340307,-1.46136566719,21.9544256604,-1.76404477809,-1.61241393186,24.9988455782,-2.59365631793,-2.24290828409,22.5959680827
0.325,-0.791191890311,0,-2.24966006709,-1.73404085338,20.8861000623,-1.24119993891,-1.18544811345,23.9658381887,-2.36177844224,-2.02545598048,22.6464581659
0.3255,-0.771288868358,0,-2.18378747655,-2.03325676249,19.8823706514,-0.893631125255,-0.954551777954,22.9769701534,-2.21886203162,-1.89143067677,22.6775773982
0.326,-0.762171808545,0,-2.18694587503,-2.3639733275,18.9430442869,-0.701785149689,-0.909480293702,22.0374597776,-2.15339571866,-1.83003715004,22.691832314
0.3265,-0.762608944956,0,-2.25302402895,-2.73397378844,18.0691420039,-0.646220342041,-1.03657654335,21.1522727045,-2.15653463732,-1.83298079048,22.6911488324
0.327,-0.771754455658,0,-2.37864308003,-3.15324850506,17.2631835292,-0.708298685871,-1.32073321786,20.3270159308,-2.22220524582,-1.89456590314,22.6768494324
0.3275,-0.789140691619,0,-2.56302468745,-3.63363560931,16.5296052913,-0.870678036925,-1.74691376065,19.5685805136,-2.34704952543,-2.01164337813,22.6496653035
0.328,-0.814659927005,0,-2.80783269209,-4.1885994086,15.8753627145,-1.11762760608,-2.30129415004,18.8858368048,-2.53029393584,-2.1834877986,22.6097648796
0.3285,-0.848542444801,0,-3.11700603914,-4.83301489461,15.3107666017,-1.43519672682,-2.97210166232,18.2906098898,-2.77359205597,-2.41164987111,22.5567881033
0.329,-0.891333412561,0,-3.49657114419,-5.58279673883,14.8506042649,-1.85586338875,-3.8512255049,17.744266309,-3.08085853709,-2.69980070888,22.4898825817
0.3295,-0.943866913032,0,-3.95438990299,-6.45415459092,14.5155851328,-2.3969570266,-4.99531508115,17.2357109049,-3.45808262608,-3.05355695614,22.4077441905
0.33,-1.00723106759,0,-4.49975998355,-7.46216565791,14.3341067746,-3.05741090171,-6.41905341197,16.7886542596,-3.91307772947,-3.48024593225,22.3086716051
0.3305,-1.08271271488,0,-5.14273179722,-8.61822951475,14.3442246785,-3.83888261538,-8.14372212307,16.4404664456,-4.45508417069,-3.98853310223,22.1906527978
0.331,-1.17170287658,0,-5.89293896086,-9.92582943034,14.5954691296,-4.93962499182,-10.1468421518,16.340040086,-5.09409037393,-4.58778549102,22.0515128461
0.3315,-1.27553488817,0,-6.757662035,-11.3739432912,15.149702976,-6.30897994502,-12.2683663724,16.5634848586,-5.83967053948,-5.28698166935,21.8891670229
0.332,-1.39521641162,0,-7.73878641122,-12.9276100203,16.0794765865,-7.75364904137,-14.22770064,17.029277018,-6.69906032409,-6.09290714976,21.702039805
0.3325,-1.53100839353,0,-8.82834646644,-14.5159299879,17.461339559,-9.02099437895,-15.6633685825,17.653347226,-7.67413349095,-7.00731912498,21.4897231912
0.333,-1.68180835621,0,-10.0026134608,-16.019711678,19.3606984126,-10.1036145899,-16.5858727942,18.6706027624,-8.75697354597,-8.02279360137,21.253940953
0.3335,-1.84433213639,0,-11.2154000527,-17.264510655,21.8052149966,-10.9979161595,-17.0286148352,20.3909347776,-9.92399809926,-9.11721529523,20.999828021
0.334,-2.01218720038,0,-12.3925942448,-18.0292713434,24.7475606125,-11.7039748927,-17.0524238049,23.1646002681,-11.1293046756,-10.2475374133,20.7373793971
0.3345,-2.17511611777,0,-13.4316830198,-18.0826734135,28.0276248984,-12.2440040326,-16.4204280051,26.3450188757,-12.2992383728,-11.3446872676,20.4826330156
0.335,-2.31893063056,0,-14.2110278475,-17.2516850498,31.357093572,-12.6297337622,-14.9334549005,29.1588659542,-13.3319184357,-12.3131223022,20.2577728292
0.3355,-2.42679542457,0,-14.6117430842,-15.5047332098,34.3546323747,-12.8230024917,-12.8348967237,31.7943982428,-14.106456555,-13.0394749038,20.0891215769
0.336,-2.48225619743,0,-14.5486982719,-13.0050900146,36.6410644478,-12.7651925211,-10.3717587206,34.1101090005,-14.5047003296,-13.4129431613,20.0024062692
0.3365,-2.47353051472,0,-13.998919206,-10.0878519612,37.9603160606,-12.4009471891,-7.7935727479,35.7816463825,-14.4420443542,-13.3541851356,20.01604925
0.337,-2.39743864422,0,-13.0127263952,-7.1567262675,38.2588569346,-11.7158747404,-5.38234270843,36.656153978,-13.8956561206,-12.841788773,20.1350221676
0.3375,-2.26094516839,0,-11.7006534616,-4.55563352004,37.6764927386,-10.7583233592,-3.46945391484,37.0454943123,-12.9155457793,-11.9226529958,20.3484355974
0.338,-2.07934843266,0,-10.2028544044,-2.48574107377,36.4636128742,-9.63232825616,-2.31267099321,37.4569121022,-11.6115652225,-10.6997955968,20.632369917
0.3385,-1.87204637452,0,-8.6559944154,-0.996893671995,34.883218744,-8.50814457133,-1.38545093323,36.4324907346,-10.1230040314,-9.30384068259,20.9564956157
0.339,-1.65795406498,0,-7.17006076669,-0.0312707768125,33.1461944445,-7.48794487148,-0.872122397788,34.773116252,-8.58568449812,-7.86216077719,21.2912381649
0.3395,-1.4522942322,0,-5.81902926292,0.520202225281,31.3910570163,-6.64632184836,-0.887803292252,33.1111508041,-7.10891553416,-6.47726447281,21.6127961735
0.34,-1.26530545691,0,-4.64244073749,0.77465748494,29.6933545977,-5.77769760235,-1.10462898876,31.5749263673,-5.76621668901,-5.21809752529,21.9051611793
0.3405,-1.10246036648,0,-3.65266073083,0.833811135756,28.0856026401,-4.55882017296,-0.99915489637,29.9764260478,-4.59688492293,-4.12151215483,22.1597764937
0.341,-0.965470406778,0,-2.84354315554,0.775797626589,26.575808039,-3.24868015775,-0.297637166228,28.5419212256,-3.61320951035,-3.19903309627,22.3739661974
0.3415,-0.853484931935,0,-2.19810370653,0.655618286801,25.1603775608,-2.00649868069,0.683770094517,27.3079561153,-2.80908227059,-2.44493217069,22.5490603117
0.342,-0.764153238514,0,-1.69432803405,0.509165326104,23.8315826642,-1.00059479692,1.50452719549,26.1080043176,-2.16762365148,-1.84337993557,22.6887342629
0.3425,-0.69442844249,0,-1.30909865017,0.357999018956,22.5812040633,-0.220883843729,2.13519272236,24.9568562451,-1.66695507952,-1.37385892589,22.7977519853
0.343,-0.64111098061,0,-1.02058012135,0.213624950554,21.4019544815,0.331973956407,2.53799973313,23.8267033144,-1.28410164686,-1.01482354734,22.8811161339
0.3435,-0.601178731656,0,-0.80947846384,0.080874349209,20.2877997051,0.653968925159,2.55575899047,22.6020826025,-0.99736259276,-0.745923085566,22.9435519254
0.344,-0.571961322371,0,-0.659545621077,-0.0396198655562,19.233830437,0.872215702155,2.50489494807,21.2608176648,-0.787562931565,-0.549175467937,22.9892346036
0.3445,-0.55120994939,0,-0.55761801363,-0.149714159097,18.236012144,0.999491673096,2.39477797535,19.8988278596,-0.638554818678,-0.409437438566,23.0216802692
0.345,-0.537102714708,0,-0.493396820996,-0.252643033799,17.2909509358,1.04802349729,2.22667723137,18.563595979,-0.537255862713,-0.314440486993,23.0437375384
0.3455,-0.528214215717,0,-0.459110115238,-0.352348795564,16.3957182443,1.02872945993,2.002798606,17.2877969432,-0.473430762451,-0.254586069928,23.0576350895
0.346,-0.523468782986,0,-0.449145753961,-0.453124261876,15.5477363757,0.951064964438,1.72547844,16.0933731087,-0.439355524312,-0.222630718399,23.065054778
0.3465,-0.522089671021,0,-0.459707468915,-0.55947077066,14.7447140829,0.822885140615,1.3964750187,14.9946751273,-0.4294526195,-0.21334389249,23.067211079
0.347,-0.523551459394,0,-0.4885220268,-0.676101396922,13.9846206844,0.650338117439,1.01637557667,14.0008848343,-0.439949193734,-0.223187454495,23.0649255099
0.3475,-0.527539522496,0,-0.534609789628,-0.808042061375,13.2656911566,0.437785988117,0.584105610728,13.1178899768,-0.468586034169,-0.250042741582,23.0586900014
0.348,-0.533918274067,0,-0.598121928877,-0.960800996768,12.586459745,0.187741957101,0.0965112100779,12.3497487154,-0.514389544858,-0.292996727092,23.0487165485
0.3485,-0.542708636913,0,-0.680242907511,-1.14059027342,11.9458250071,-0.0991915273698,-0.45202180211,11.6998584976,-0.577509964912,-0.352190303472,23.0349724375
0.349,-0.554074545982,0,-0.78315506902,-1.35459241825,11.3431549839,-0.424399876401,-1.06994999142,11.1719266305,-0.659124451966,-0.428727395098,23.017201349
0.3495,-0.568318047329,0,-0.910062088716,-1.61127110978,10.7784481099,-0.791364713135,-1.76899338797,10.7708280401,-0.761401889631,-0.524641955128,22.9949310211
0.35,-0.585882543881,0,-1.06526874938,-1.92072762401,10.2525745703,-1.20581889914,-2.56463230582,10.5034296756,-0.887526194143,-0.642919822197,22.967468174
0.3505,-0.607363836742,0,-1.25431522788,-2.29510357399,9.76763545167,-1.66871286232,-3.44316875647,10.4087609579,-1.04177559799,-0.78757307166,22.9338812472
0.351,-0.633528711054,0,-1.48416398495,-2.74902379766,9.32749488326,-2.10169140014,-4.19833646428,10.4216607815,-1.22965610829,-0.963765171254,22.892971339
0.3515,-0.665340802384,0,-1.76343527208,-3.30005732876,8.93856531763,-2.55105746983,-4.98089185416,10.4461501821,-1.45808724392,-1.17798516318,22.8432317637
0.352,-0.703993191918,0,-2.10268130569,-3.96914229369,8.61095976255,-3.02398154889,-5.83348963966,10.4757180881,-1.73563608987,-1.43826715747,22.7827970875
0.3525,-0.75094635339,0,-2.51467602974,-4.78085996872,8.3601669874,-3.51710995847,-6.75521757212,10.5288444584,-2.07278978043,-1.75444586345,22.7093837967
0.353,-0.807968257516,0,-3.01467142511,-5.76333324914,8.20945074851,-4.02837220913,-7.74881286835,10.6295039169,-2.48224347462,-2.13842664971,22.6202275931
0.3535,-0.877169846356,0,-3.62052302605,-6.94733250477,8.19320184509,-4.58092429804,-8.87547695144,10.7818281651,-2.9791550848,-2.60442442548,22.5120279277
0.354,-0.961022405349,0,-4.35250166892,-8.36385134505,8.36142942201,-5.27156570308,-10.3653310772,10.9173447755,-3.58127001894,-3.16908062253,22.3809208392
0.3545,-1.0623315085,0,-5.23246446054,-10.0389193317,8.78534422922,-6.11302724435,-12.2613849842,11.1003571633,-4.30873409044,-3.85128774414,22.222519692
0.355,-1.1841222767,0,-6.2818332643,-11.9837528706,9.56331524456,-7.33749430696,-14.5477219432,11.5390598549,-5.18326959964,-4.67141670425,22.032094579
0.3555,-1.32935959123,0,-7.5175220301,-14.1777199656,10.8249428232,-8.94677027167,-17.02507938,12.4196415123,-6.22616628785,-5.64943276809,21.8050097808
0.356,-1.50038441806,0,-8.94464696994,-16.5417792747,12.7280311137,-10.3826450151,-18.8741341367,13.4236178189,-7.45423378604,-6.80109980693,21.5376050962
0.3565,-1.69790486369,0,-10.5448498577,-18.9029588143,15.438713382,-11.6082696814,-20.0587678881,14.9191094212,-8.87255675132,-8.13118615148,21.22877337
0.357,-1.91938006791,0,-12.2600980161,-20.9593969303,19.0808796037,-12.6252536142,-20.6303864168,17.5214161401,-10.4628901842,-9.62258185909,20.8824873469
0.3575,-2.15677804981,0,-13.9750977688,-22.273031807,23.6447723246,-13.4630143232,-20.464639766,21.3546941271,-12.1675593315,-11.2212002347,20.5113053749
0.358,-2.39414165126,0,-15.5077225349,-22.3362181308,28.8701306302,-14.1915918374,-18.9628551817,25.001051817,-13.8719816052,-12.8195870951,20.1401771582
0.3585,-2.60626374256,0,-16.6234662933,-20.7494488062,34.1732873783,-14.7906670003,-16.4691948692,29.3389962097,-15.3951537131,-14.2479997139,19.80851513
0.359,-2.76068764634,0,-17.0875609279,-17.4680471012,38.7310306314,-15.1602182247,-13.3284760745,34.4300880001,-16.50401598,-15.2878775099,19.5670667037
0.3595,-2.82492041005,0,-16.7464082512,-12.9510355336,41.7704391411,-15.1171694322,-9.78865486525,39.1561360306,-16.9652482519,-15.7204156282,19.4666360105
0.36,-2.77770336068,0,-15.5970141327,-8.03444801468,42.9183869285,-14.5014656927,-6.07402363104,41.9131250819,-16.6261996777,-15.402459923,19.5404619013
0.3605,-2.61862209724,0,-13.7958508341,-3.56792932661,42.3423956488,-13.3199683969,-2.59583679161,42.0759050161,-15.4838945936,-14.3312198522,19.7891923101
0.361,-2.36933307744,0,-11.5987298188,-0.0840398169453,40.5808772282,-11.7581983913,0.00563088792367,40.7313292169,-13.6938401987,-12.6525282108,20.1789664321
0.3615,-2.06524174671,0,-9.2731475924,2.28827865805,38.2381687661,-10.0692142705,1.22872046386,39.5758174844,-11.5102702067,-10.6048023403,20.6544263282
0.362,-1.74337081242,0,-7.03248162753,3.70147160733,35.7712055844,-8.53633342846,1.90269188035,36.9316217209,-9.19903130442,-8.43735008985,21.1576854005
0.3625,-1.4332526668,0,-5.01120927258,4.41762356741,33.4362227573,-7.28039689183,1.78090502214,34.3054416255,-6.97218493184,-6.34904014628,21.6425684813
0.363,-1.1534995736,0,-3.27142206946,4.69141334366,31.3336445906,-5.69342199625,1.76883921904,31.8347940136,-4.96337903119,-4.46520595426,22.0799744946
0.3635,-0.91270527866,0,-1.82268556257,4.72184944184,29.4749694643,-3.80284742923,2.73010824592,29.7102560206,-3.2343221869,-2.84371708758,22.4564667484
0.364,-0.712193695922,0,-0.642589175894,4.64675541672,27.8338446704,-2.10249453755,3.87919867093,27.8313474786,-1.79452094666,-1.49348867319,22.7699752462
0.3645,-0.548863101881,0,0.307331024673,4.55434383039,26.3750403708,-0.651421500486,4.87574928627,25.6392672529,-0.621702954528,-0.393633961547,23.0253496664
0.365,-0.417389916809,0,1.07106507327,4.49777182509,25.0673444602,0.589879867921,5.76291540784,23.50404783,0.322358492397,0.491695592944,23.2309136552
0.3655,-0.311685724122,0,1.69196940826,4.50738960251,23.8875660858,1.56161820532,6.33786519761,21.8183090057,1.08138211412,1.20349888399,23.3961867143
0.366,-0.225749799716,0,2.20963143129,4.59965982972,22.8205907353,2.39604089742,6.81115195135,20.5654891072,1.69845694267,1.78218429141,23.5305512344
0.3665,-0.154103070952,0,2.65863895269,4.78319778093,21.858172451,3.04395102803,7.28675319588,19.4103845248,2.21292621933,2.2646474372,23.6425739814
0.367,-0.0919584308805,0,3.06845482549,5.06265077348,20.9976821585,3.60911866083,7.78495852218,18.3458340587,2.65916442974,2.68312430363,23.7397398034
0.3675,-0.035238089469,0,3.46386398182,5.44102035799,20.2412502109,4.23002883611,8.30965177134,17.6834779864,3.06645271103,3.06507439151,23.8284245007
0.368,0.0194882982411,0,3.86564875215,5.92084559481,19.5953825467,4.92075530583,9.0495855313,17.002400752,3.4594231311,3.43359736008,23.9139915656
0.3685,0.0750970993151,0,4.29127047213,6.50449892877,19.0709862309,5.61706096847,9.92521732405,16.3980216478,3.85872984277,3.80806242726,24.0009383217
0.369,0.134005040349,0,4.75540800208,7.19370972905,18.6836830253,6.50661519912,11.1817431342,16.0906097903,4.28172648666,4.20474363007,24.0930434254
0.3695,0.198243740966,0,5.27024108148,7.98832126972,18.4542449987,7.1649230245,11.991096578,16.2938696908,4.74300138937,4.63732172702,24.1934834012
0.37,0.269498931337,0,5.8453798976,8.88420858372,18.4089104944,7.60052300487,12.4250946353,16.9544873838,5.25465917027,5.11714828565,24.3048939611
0.3705,0.34910070417,0,6.48734347858,9.87025882899,18.5792054449,8.03333816438,12.9447927296,17.5746070174,5.8262507446,5.65318004026,24.4293547623
0.371,0.437951321981,0,7.19849436208,10.9243914035,19.0006955253,8.38423327626,13.4483628235,17.7694271295,6.46425493355,6.25149275201,24.568276531
0.3715,0.536377770504,0,7.97537037417,12.0088542727,19.7098586094,8.97307930318,14.1131997548,18.9847277516,7.17101970355,6.91428831578,24.7221705235
0.372,0.643900869449,0,8.80645399512,13.065578561,20.7381061911,9.82747960442,15.244488111,20.3704797262,7.94310423403,7.63833997113,24.8902875209
0.3725,0.758926542809,0,9.66963252945,14.0132622418,22.1021485914,10.6441854688,16.1587462694,21.5733468946,8.76906204106,8.41291334208,25.0701351166
0.373,0.878394295075,0,10.5299605057,14.7489331855,23.7907994576,11.2521311257,16.3925665612,22.9780548799,9.62691681199,9.21739930499,25.2569280941
0.3735,0.997467517418,0,11.3387990041,15.1573987747,25.7503485259,11.7400348478,16.0804439663,24.8192603437,10.4819386061,10.019228536,25.443104207
0.374,1.10941436677,0,12.0357742983,15.131019874,27.8736649595,12.1047054976,15.2907792034,26.9378186269,11.2857884901,10.7730693607,25.6181379287
0.3745,1.20587885062,0,12.5548646462,14.5983673182,30.0007700372,12.3396630684,14.110963067,29.1600523059,11.9784651006,11.4226532167,25.768964305
0.375,1.27772326591,0,12.8348358138,13.5537712971,31.9377602224,12.4318345975,12.6400859185,31.3198965931,12.4943538928,11.9064475672,25.8812961434
0.3755,1.31647252201,0,12.8321731037,12.0741580428,33.4940804946,12.3610906599,10.9815768721,33.2763275116,12.7725983026,12.1673818529,25.9418822747
0.376,1.31610399108,0,12.5325076114,10.3109176667,34.5269998076,12.1055608028,9.24061892505,34.9140340791,12.7699520151,12.1649001961,25.9413060607
0.3765,1.27462895276,0,11.9559492998,8.45563450209,34.9745082153,11.6526364981,7.52753580211,36.1270489334,12.4721347478,11.8856107183,25.8764580515
0.377,1.19483071542,0,11.1537682456,6.69320348049,34.861754257,11.0108005251,5.96192873895,36.801574697,11.8991324329,11.348255988,25.7516900697
0.3775,1.08380528598,0,10.1976068401,5.16261849765,34.2803997619,10.2154557477,4.66989869908,36.8177670448,11.1018989324,10.6006199288,25.5780970277
0.378,0.951468290362,0,9.16544169101,3.93925486698,33.3539209766,9.32537564972,3.77175955395,36.0744332065,10.1516347739,9.7094735455,25.3711824338
0.3785,0.808612038235,0,8.12903148242,3.03923057172,32.2052230103,8.47860958164,3.4900340383,34.5740627651,9.12583563468,8.74749135893,25.1478205292
0.379,0.665168250973,0,7.14582617089,2.43687361488,30.9364574542,7.6359372881,3.39627542925,33.2226145691,8.09581761785,7.78155275935,24.9235399882
0.3795,0.529088258349,0,6.25589351423,2.0848361118,29.622100779,6.51799662814,2.7219817779,31.8112046267,7.11867635012,6.86520134383,24.7107730572
0.38,0.405917616435,0,5.4827379036,1.93022203634,28.3110725622,5.40336997469,2.12604719401,29.8198579652,6.2342324663,6.03578042828,24.5181904523
0.3805,0.298909437615,0,4.8363307467,1.92465804051,27.0328184081,4.49843625198,1.6017899349,28.5943967696,5.46584539122,5.31519620247,24.3508785547
0.381,0.209443809112,0,4.3168985443,2.02907487698,25.8038159075,3.9345435701,1.53487814835,27.1898594281,4.82342503267,4.71274205959,24.2109951903
0.3815,0.13755207964,0,3.91853088241,2.21493216368,24.6328462917,3.70448008707,2.02008524625,25.5529120425,4.30719649443,4.22862909929,24.0985893741
0.382,0.0824162215888,0,3.63215336578,2.46349866767,23.5246713011,3.35920905098,2.20660957586,23.9805950264,3.91128581576,3.85734879131,24.0123820847
0.3825,0.0427802982528,0,3.447741533,2.76431554019,22.4823726312,3.10127220307,2.39319200229,22.5884679136,3.62667456888,3.59044376174,23.950409611
0.383,0.0172568795433,0,3.35583290926,3.11349891093,21.5087805991,2.89494808797,2.5513464617,21.457444168,3.44340011954,3.41857117113,23.9105026463
0.3835,0.00453631681381,0,3.34846905319,3.51219883948,20.6073772132,2.76969247667,2.75366369717,20.5196004919,3.35205835392,3.33291195379,23.8906134985
0.384,0.00351712634836,0,3.41971153638,3.96531999769,19.7829556731,2.7584175013,3.07335865874,19.7076063037,3.34473991537,3.32604880949,23.8890199503
0.3845,0.0133774032134,0,3.56585629064,4.48048688886,19.0422214435,2.88742666832,3.57041044002,18.9643509368,3.41554300149,3.39244709838,23.9044369179
0.385,0.03360448788,0,3.78543787828,5.06716516534,18.3944485548,3.17836174905,4.295308437,18.2405305633,3.56078638938,3.5286546136,23.9360628362
0.3855,0.0639955572494,0,4.07907795612,5.73580296144,17.8522544801,3.55800805524,5.15727389507,17.5853328791,3.77901367966,3.73330556117,23.9835805825
0.386,0.104636651391,0,4.44919376909,6.49681407111,17.432513861,4.22387634866,6.44962404241,17.1509822973,4.07084269497,4.0069793278,24.047124684
0.3865,0.155862327766,0,4.89954311435,7.35917868821,17.1573766184,4.95633258581,7.76879325467,16.9893785256,4.43867577159,4.35192879578,24.1272182359
0.387,0.218192682234,0,5.43454116266,8.32838773273,17.0552657548,5.57201680769,8.75345731694,17.2966796635,4.88624753,4.77165624759,24.2246744303
0.3875,0.292238794083,0,6.05824272209,9.40342048447,17.1615751493,6.09970310484,9.55725875396,17.9648330059,5.4179459098,5.27027664063,24.3404487162
0.388,0.378561866805,0,6.77284733596,10.572469067,17.5185375842,6.71234963033,10.5842646073,18.312526524,6.03780071055,5.8515690728,24.4754185593
0.3885,0.477466326987,0,7.57657196343,11.8073028035,18.1733762519,7.32881705246,11.5564332821,18.908003838,6.74799790958,6.51758352754,24.6300599436
0.389,0.588705393839,0,8.46078472034,13.0566586254,19.173445899,8.24294682331,12.8402717012,20.2361573547,7.5467654632,7.26665820344,24.8039870169
0.3895,0.711084376162,0,9.40646710544,14.2400423584,20.5568330057,9.33320049137,14.3691702653,21.3575394869,8.42552472549,8.09074814877,24.995331828
0.39,0.841971028706,0,10.3804511789,15.2449057691,22.3373189122,10.2521416625,15.3139112584,22.470243476,9.36537449421,8.97212804173,25.199978748
0.3905,0.97677476093,0,11.3325039019,15.9319234205,24.4844946838,11.0446226574,15.6172961762,24.14353836,10.3333513971,9.87988522528,25.4107501908
0.391,1.10854309659,0,12.1950792355,16.153646552,26.9037535051,11.7036179883,15.3364252268,26.2078951788,11.2795322137,10.7672022994,25.6167756603
0.3915,1.2279273632,0,12.8879724738,15.788747775,29.4260578393,12.2192167787,14.5529239396,28.4628720838,12.1367875043,11.5711260768,25.8034381043
0.392,1.32382687234,0,13.3293952711,14.7856157817,31.8200716395,12.5728387238,13.3644812374,30.7074786463,12.8254072355,12.2169054398,25.9533811183
0.3925,1.38492175283,0,13.4525200385,13.1978362247,33.8336651631,12.7344469549,11.8753619569,32.7729162784,13.2641075016,12.628313312,26.0489055959
0.393,1.40196276881,0,13.2229156353,11.1893274352,35.2559159207,12.6680403539,10.1933801709,34.5351478475,13.3864728812,12.7430661042,26.0755499586
0.3935,1.37018449715,0,12.6498828148,8.99816893389,35.973512037,12.3469181351,8.43672841845,35.8945539323,13.1582845924,12.5290738511,26.0258632618
0.394,1.29087420349,0,11.7861491351,6.87214727075,35.9933099358,11.7720681839,6.74360587936,36.7393970764,12.5887860247,11.9950048931,25.9018582009
0.3945,1.17132961662,0,10.7156708711,5.00680206671,35.4217679905,10.9823523256,5.27166933401,36.9299127943,11.7303795323,11.1900015324,25.7149450892
0.395,1.02317065882,0,9.53486729987,3.51244514633,34.4171107039,10.0501723774,4.18135681626,36.3234089071,10.6665035792,10.1923113644,25.4832921759
0.3955,0.859742187289,0,8.33460884607,2.41584428798,33.140657536,9.06620163724,3.61028662642,34.8236183206,9.49298276411,9.09179755382,25.22776472
0.396,0.693621073391,0,7.18811469561,1.68408649091,31.7254963848,8.15983968101,3.50553887598,33.2030220391,8.30012705696,7.97315171226,24.9680272018
0.3965,0.534941178451,0,6.14608780715,1.25367897206,30.2657174375,6.9628230583,2.79632554163,31.6347525406,7.16070405498,6.90461442371,24.71992435
0.397,0.390720017689,0,5.23756346695,1.05380520689,28.8197618825,5.79796475254,2.17673010055,29.5623285619,6.12510399988,5.93344105528,24.4944283519
0.3975,0.264976203996,0,4.4739608603,1.02036432081,27.419681594,4.8172582153,1.58795166847,28.1000850902,5.22218309909,5.0866926138,24.2978224821
0.398,0.159290203461,0,3.85417078602,1.10215747904,26.0806931135,4.30564083749,1.74421981804,26.2747232687,4.46329010863,4.3750118272,24.1325778672
0.3985,0.0735084976992,0,3.36932827082,1.26203955367,24.8085712722,3.71802686804,1.68978595782,24.3981894841,3.84732266845,3.79736491537,23.9984544747
0.399,0.006404134939,0,3.00665814085,1.47551313686,23.6045014962,3.15539989356,1.48709062535,22.9049807162,3.36547048112,3.34548968656,23.8935339126
0.3995,-0.043791025759,0,2.75226336041,1.72839331347,22.4679114388,2.63496620943,1.26934365297,21.7026846546,3.0050371653,3.00747962593,23.8150516164
0.4,-0.0790003960096,0,2.59297148388,2.01442742238,21.3979846434,2.23437163493,1.2618196623,20.4634400594,2.75221139702,2.77038263873,23.7600002491
0.4005,-0.101047100934,0,2.5174442331,2.33326348732,20.3944377038,1.91781982533,1.33125020093,19.3951773739,2.5939019734,2.62192195119,23.7255292762
0.401,-0.111500408711,0,2.51676088813,2.68888463339,19.4579559093,1.72891756059,1.53980723896,18.4814739964,2.51884054654,2.55153024119,23.7091850792
0.4015,-0.111594986697,0,2.58465470092,3.08848785674,18.5905278542,1.66331353152,1.88609027022,17.6812342983,2.51816141619,2.55089336085,23.7090372024
0.402,-0.102198180725,0,2.71753841256,3.54172207694,17.7958187532,1.71339154892,2.36337889642,16.9575519308,2.58563648525,2.61417067508,23.7237295134
0.4025,-0.0838064833973,0,2.91441192243,4.06017231885,17.0796669578,1.913032965,3.01772420152,16.3066562432,2.71770061971,2.73801884376,23.7524857245
0.403,-0.0565583130944,0,3.17670613369,4.65695958185,16.4507625307,2.2319488983,3.75663738609,15.8539911397,2.91335988717,2.92150576896,23.7950894126
0.4035,-0.0202556264476,0,3.50808164761,5.34630371402,15.9215550445,2.68497333027,4.60288439569,15.5479616886,3.17403636552,3.16596505834,23.8518502271
0.404,0.0256082200558,0,3.91416663384,6.1428581746,15.5094248353,3.31059269283,5.73272646717,15.1498049116,3.50336807881,3.47480840742,23.923560327
0.4045,0.0818121901553,0,4.40218093157,7.06056277891,15.2381195183,4.04426651113,7.06253330819,14.7862434131,3.90694848424,3.85328129359,24.0114376556
0.405,0.149355541739,0,4.98034897337,8.11067066709,15.1393788101,5.01975538198,8.72862200749,14.7569520585,4.39195289173,4.30811263683,24.1170445956
0.4055,0.229376572894,0,5.65694961769,9.29850032227,15.2545041128,5.80183612652,9.91206878247,15.309471468,4.96655500861,4.8469676423,24.2421609252
0.406,0.323021114485,0,6.43878896543,10.6183882229,15.6353164384,6.49898515878,10.9628856401,16.1913149175,5.63898263241,5.4775622403,24.3885782003
0.4065,0.431231161183,0,7.32882903709,12.0463892346,16.3434254676,7.16984510774,12.1151795575,16.4157163483,6.41599988654,6.206239745,24.5577692701
0.407,0.554416669811,0,8.32270583675,13.530727277,17.4459972294,8.09154739858,13.399224114,17.7998069418,7.30055052286,7.03576077177,24.7503751197
0.4075,0.691973643906,0,9.40401843092,14.9812187209,19.0054547975,9.28104355176,15.1190523571,19.1220827634,8.28829746097,7.96205805836,24.9654513748
0.408,0.841632121249,0,10.5387170897,16.2612663335,21.0604415399,10.294987004,16.2192715837,20.4229949542,9.3629409222,8.96984586694,25.1994488516
0.4085,0.998679467629,0,11.6698207303,17.1894146312,23.597300336,11.1637129995,16.5678741039,22.3867354705,10.4906411827,10.0273897085,25.4449991434
0.409,1.15522924748,0,12.7150220113,17.5600886671,26.5170082465,11.8834478488,16.2271601848,24.8055697678,11.6147685977,11.0815829782,25.6897714685
0.4095,1.2998897583,0,13.5709048374,17.1906225973,29.6120052971,12.4470162347,15.2914439849,27.4251781923,12.6535234669,12.0557148936,25.9159544092
0.41,1.41834775207,0,14.1270903123,15.9888976535,32.5752649745,12.8340202101,13.8749724269,29.9929660414,13.5041275269,12.8534012263,26.1011685858
0.4105,1.49532629809,0,14.2900440211,14.0145544126,35.0583940121,13.0043931419,12.0974025749,32.3161078641,14.0568826571,13.3717683885,26.2215278588
0.411,1.5178798169,0,14.0098652813,11.4934098044,36.7684334838,12.9053149645,10.0801628229,34.2853319222,14.2188313281,13.5236419188,26.2567912571
0.4115,1.47910183187,0,13.2983193059,8.76181930885,37.5586581548,12.4953544402,7.96028766828,35.8329913882,13.9403806263,13.2625141749,26.1961602069
0.412,1.38062070088,0,12.2283169017,6.1628914881,37.4617968439,11.7738893408,5.9085278638,36.854999897,13.2332232013,12.5993503839,26.0421807159
0.4125,1.23252760419,0,10.9145161601,3.95059073492,36.6503201357,10.7952757241,4.12836730086,37.1732601474,12.169820173,11.6021037191,25.8106307793
0.413,1.05069173213,0,9.48463067716,2.24686730372,35.3559930018,9.65867686543,2.82788349798,36.5804134154,10.8641224645,10.3776359959,25.5263225597
0.4135,0.852789215038,0,8.05374078916,1.0555885386,33.7963674201,8.48293343503,2.18001822538,34.9292719094,9.44305598216,9.04497681375,25.2168934484
0.414,0.654747683812,0,6.70907694597,0.306310235984,32.1352458352,7.39227000385,2.01154965127,33.2501485815,8.02099128952,7.71138152194,24.9072469825
0.4145,0.468640221088,0,5.50591949917,-0.101124640368,30.4761454522,5.89346730359,1.10677886989,31.0606231849,6.68462083158,6.4581492604,24.6162599468
0.415,0.302117873654,0,4.47112393691,-0.265927666397,28.8741840653,4.62833704177,0.318498554012,29.4407517677,5.48888401135,5.33680154539,24.3558950827
0.4155,0.158897560633,0,3.61007947643,-0.271095356058,27.3527276732,3.86716992245,0.303504943674,27.3852857714,4.46047068232,4.37236780287,24.1319639532
0.416,0.0397251736886,0,2.91407613295,-0.178983675679,25.9174481659,3.05035860383,0.0450269354591,25.3296942593,3.60473682306,3.56987080561,23.9456327922
0.4165,-0.0566047878541,0,2.36653082119,-0.0326592376776,24.5657263448,2.1614495417,-0.439298471888,23.6945561702,2.91302616871,2.92119281177,23.7950167473
0.417,-0.132387496829,0,1.94758953226,0.140500987141,23.2919867883,1.39968136369,-0.793729217951,22.2683737846,2.36885791229,2.41087831731,23.676527217
0.4175,-0.190370836463,0,1.63719256161,0.324878285227,22.0902894159,0.934975866405,-0.912363606569,21.1344736398,1.95250049704,2.02042330386,23.5858677676
0.418,-0.233331159176,0,1.41691172997,0.513186411037,20.9553576031,0.660899303106,-0.899066176701,20.165911397,1.64401793918,1.73113204384,23.5186974522
0.4185,-0.263819007027,0,1.27090359922,0.703806056961,19.8828423872,0.522083703525,-0.720166837211,19.25890861,1.42509571759,1.52582939798,23.4710283887
0.419,-0.284027182393,0,1.18627799834,0.898866913886,18.8692830535,0.425734445671,-0.518697637335,18.377982227,1.27998811054,1.38974921643,23.4394320359
0.4195,-0.295739742331,0,1.15311350765,1.10296410292,17.9119959544,0.422349646704,-0.219024143664,17.5696628105,1.19588444883,1.31087780652,23.4211189438
0.42,-0.300329855501,0,1.16428621385,1.32237364693,17.0089934509,0.494254224941,0.153987689394,16.8389678759,1.16292450434,1.27996836407,23.4139421042
0.4205,-0.298783503218,0,1.21522409773,1.56464247862,16.1589716324,0.627630517993,0.58203337464,16.1905514675,1.17402830146,1.29038137245,23.4163598926
0.421,-0.2917334733,0,1.30365846196,1.83845037495,15.361381293,0.811931476674,1.05219416503,15.6291546126,1.22465201947,1.33785569083,23.4273829181
0.4215,-0.279493763556,0,1.42941441722,2.15366381345,14.6165932555,1.03942339328,1.5560360362,15.1600189759,1.3125409535,1.42027688393,23.4465202315
0.422,-0.262088579447,0,1.59426212006,2.52151990692,13.9261764196,1.37776141693,2.19700753584,14.8295973095,1.43752129292,1.53748195419,23.4737339867
0.4225,-0.239272923424,0,1.80183643864,2.95488913892,13.2933201612,1.7582887852,2.8715106967,14.6037661341,1.60135227659,1.69112069482,23.5094072478
0.423,-0.210543713553,0,2.05762222047,3.46856559697,12.7234502269,2.15110097867,3.58759031394,14.452706684,1.80764635416,1.88458081798,23.5543266052
0.4235,-0.175141822517,0,2.36899242312,4.07951852373,12.225108351,2.53069781983,4.37178570267,14.2714356459,2.06185454465,2.12297422422,23.6096789869
0.424,-0.132046800162,0,2.74527364602,4.80700231708,11.8111888487,2.88037170451,5.19207082895,14.085443698,2.37130433198,2.41317254049,23.677059911
0.4245,-0.0799678036022,0,3.1977936532,5.67235244644,11.500644871,3.31773070145,6.14558087839,13.8531358661,2.74526479258,2.76386819601,23.7584876657
0.425,-0.017337019861,0,3.7398321788,6.69817570183,11.3207781985,3.89804373136,7.17128146294,13.8701067612,3.19499382507,3.1856187137,23.8564135943
0.4255,0.057683525392,0,4.38634125066,7.90645450224,11.3101757444,4.67181991803,8.56515674896,13.7301365924,3.73368925913,3.69080086069,23.9737114487
0.426,0.147163259379,0,5.15321416824,9.3148119719,11.5221841331,5.71699645017,10.3717192945,13.913139028,4.37621090407,4.29334998873,24.1136168677
0.4265,0.253301885508,0,6.05575468494,10.929848275,12.0283929231,6.4484105513,11.5085975356,14.8237892528,5.13835403541,5.00807871865,24.2795691822
0.427,0.378217511385,0,7.10583558519,12.7361919806,12.9207250454,7.23654891948,12.8254775178,15.5496595833,6.03532801868,5.84925021188,24.4748801447
0.4275,0.523553383239,0,8.30708925435,14.6801106778,14.309178917,8.13404528527,14.1379127542,16.9140880488,7.07893241144,6.82792995261,24.7021190416
0.428,0.689812239373,0,9.64749779805,16.6480782491,16.310020789,9.37309042313,15.9816986957,18.4492136772,8.27277719583,7.947503339,24.9620719257
0.4285,0.875330749699,0,11.0892901017,18.4450490255,19.0172028628,10.4366566135,17.0727798479,20.1529105672,9.60491859937,9.1967696438,25.2521381089
0.429,1.07488122379,0,12.5576505717,19.7854994581,22.4510661977,11.3582867542,17.2702870286,22.6713646939,11.0378184656,10.5405260321,25.564143872
0.4295,1.2781088504,0,13.9328008025,20.3202710156,26.4888427322,12.1447812798,16.6576932812,25.6896562159,12.4971226357,11.9090440612,25.8818990214
0.43,1.46843576491,0,15.0536985108,19.7228370469,30.8055651991,12.7971836764,15.366959451,28.8086435086,13.8637914526,13.1906897621,26.1794833517
0.4305,1.62357299829,0,15.7423324818,17.8307465807,34.8812277774,13.2862713509,13.5490598639,31.6582187734,14.9777758817,14.2353710607,26.4220470995
0.431,1.71888300586,0,15.8498746314,14.7781605966,38.1231957622,13.5329091745,11.3394568481,34.0411157544,15.6621626151,14.8771807689,26.5710684024
0.4315,1.73376731817,0,15.3092503808,11.0134260213,40.0778428146,13.4234822876,8.85836843267,35.9730469951,15.7690414848,14.9774104969,26.5943406659
0.432,1.65894251488,0,14.1655722584,7.14993631918,40.6074701444,12.8709644945,6.26044101293,37.525595278,15.231751603,14.4735464602,26.4773488625
0.4325,1.50065237077,0,12.5639717886,3.73294208168,39.9080593778,11.8798717805,3.78406356883,38.5954755787,14.095127261,13.4076337214,26.2298554029
0.433,1.27898373497,0,10.7017066433,1.07480394506,38.3699420516,10.5595943105,1.73779780217,38.8464529232,12.5034048657,11.9149354616,25.8832669411
0.4335,1.02123794751,0,8.77252775934,-0.764716552387,36.3983516704,9.08294659706,0.426489934117,37.8821940456,10.6526254775,10.1792966463,25.4802702985
0.434,0.754231000727,0,6.9283814275,-1.89583945326,34.2997823177,7.70500138963,0.128458457057,35.8193346457,8.73534504964,8.38129395005,25.0627934343
0.4345,0.498992937738,0,5.26590151411,-2.49744008039,32.2556165082,5.94421583563,-0.824161566709,33.6191851427,6.90257272484,6.66254194393,24.6637177269
0.435,0.268898315892,0,3.83116721443,-2.7469919494,30.34790672,4.36211695033,-1.7134123771,31.605970073,5.25034636773,5.11310379092,24.303954873
0.4355,0.070324700973,0,2.63260651061,-2.78868550883,28.5981575622,3.09593281243,-2.13940862052,28.9922130315,3.82446097431,3.77592549154,23.9934764713
0.436,-0.0955614367682,0,1.65472850826,-2.72695307893,26.9986025668,1.70503608719,-2.90283339593,26.7990997595,2.63329254606,2.65886195998,23.7341063485
0.4365,-0.230904106084,0,0.869270597867,-2.63173586912,25.5313677,0.708311343216,-3.46813255729,25.1183381433,1.66144573065,1.74747561863,23.5224922543
0.437,-0.339614977964,0,0.24297309704,-2.5470692384,24.1780014354,-0.114246198038,-3.8410101675,23.4121844167,0.880832231809,1.01542559857,23.3525181227
0.4375,-0.426297340533,0,-0.257599597718,-2.49919530292,22.9231682296,-0.743004174554,-4.00302598392,21.7389181283,0.258397500468,0.431713738294,23.2169865145
0.438,-0.495578830179,0,-0.663433358719,-2.50301594328,21.7554348693,-1.2345546549,-4.05025179963,20.1414332383,-0.239087848536,-0.0348220829001,23.1086619207
0.4385,-0.551748029589,0,-1.00191973974,-2.56682105379,20.6669065597,-1.75628572245,-4.33918021832,19.0074338415,-0.642418578204,-0.413060826123,23.0208389576
0.439,-0.598596051759,0,-1.29663703572,-2.69559102653,19.6526016358,-2.30539103654,-4.83557416725,18.2388385568,-0.978817301422,-0.728531532747,22.9475900567
0.4395,-0.639386237688,0,-1.5676640871,-2.8932260813,18.7099445231,-2.75882533171,-5.16714529084,17.6842764255,-1.271716891,-1.00320927115,22.8838128437
0.44,-0.676897588288,0,-1.83216516529,-3.16400561705,17.8385039798,-3.19654804804,-5.5372247091,17.1407216314,-1.54107234857,-1.25580760362,22.8251622311
0.4405,-0.713505715143,0,-2.10507986456,-3.51350711559,17.0400011855,-3.60759300617,-5.95478739613,16.6435884314,-1.80394208272,-1.50232370211,22.7679238476
0.441,-0.751278324616,0,-2.39981664685,-3.94914000588,16.318586073,-3.99426327601,-6.41322579793,16.2041962036,-2.07517354587,-1.75668133023,22.7088647454
0.4415,-0.792071207537,0,-2.7288885201,-4.48037847666,15.681387183,-4.35999384137,-6.91100042772,15.8343299219,-2.36809250158,-2.03137722996,22.6450833156
0.442,-0.837616219917,0,-3.1044489431,-5.11870420118,15.1393565326,-4.70872709335,-7.45020127518,15.5481305104,-2.69513478221,-2.33807357641,22.5738717266
0.4425,-0.889595454562,0,-3.53868813473,-5.87718762935,14.7084416358,-5.0889429586,-8.13627172356,15.3095973411,-3.06837888854,-2.68809744345,22.4925999539
0.443,-0.949696092039,0,-4.04403514904,-6.76953553924,14.411106836,-5.54362046261,-9.06475017103,15.0967496229,-3.49993985472,-3.09281016546,22.398630018
0.4435,-1.01963836877,0,-4.63307822397,-7.80830480164,14.278171807,-6.08129719951,-10.2558591066,14.9411122589,-4.00217007706,-3.56379567222,22.2892722552
0.444,-1.10116455292,0,-5.31806330065,-9.00182897245,14.3507953184,-6.78963773012,-11.8368826478,14.9165422256,-4.58758015391,-4.11278625352,22.161802554
0.4445,-1.19596953729,0,-6.10975931013,-10.349255157,14.6821411852,-7.78249169908,-13.6144568862,15.1525183989,-5.26834049802,-4.75119517715,22.0135708767
0.445,-1.30554378985,0,-7.01540067817,-11.8330413194,15.3377337449,-9.03802759462,-15.5040651209,15.7431012297,-6.05515362168,-5.48905913135,21.8422468123
0.4455,-1.43088858736,0,-8.03537122156,-13.4085493818,16.3926772483,-10.2612404234,-17.0735503767,16.5125467946,-6.9552093314,-6.33312063085,21.6462648214
0.446,-1.57205705177,0,-9.15837071268,-14.991417181,17.9228736081,-11.3045018524,-18.1139229059,17.4939701268,-7.96888907676,-7.28373739449,21.4255418456
0.4465,-1.72748518125,0,-10.3551756885,-16.4457842214,19.9866897589,-12.1725631238,-18.6522530209,18.9442799976,-9.0849623257,-8.33037756339,21.1825232692
0.447,-1.89312831842,0,-11.5719972861,-17.5804548191,22.5946555332,-12.8766435294,-18.7438169396,21.1881431658,-10.2743858546,-9.44580474918,20.9235330882
0.4475,-2.06154184515,0,-12.7259652537,-18.164404015,25.6700781475,-13.4329712428,-18.476263847,24.5674716595,-11.4837025502,-10.5798875092,20.6602112837
0.448,-2.22125614967,0,-13.7069952412,-17.9730256233,29.0144212387,-13.8889270424,-17.4569444071,27.8459998903,-12.6305532737,-11.6553904263,20.410491088
0.4485,-2.35703506777,0,-14.3907172373,-16.8647561838,32.3037351095,-14.2412576649,-15.7334107001,30.8088113625,-13.605532634,-12.5697144308,20.1981949
0.449,-2.45166523615,0,-14.6639666294,-14.861909044,35.1423743371,-14.4329969685,-13.5648673842,33.5449909394,-14.2850376877,-13.2069461581,20.050236555
0.4495,-2.4894841686,0,-14.4568505977,-12.1859950863,37.1724492249,-14.3736881437,-11.1870436301,35.8294729089,-14.5566017794,-13.4616157214,19.9911050249
0.45,-2.46081838768,0,-13.767741343,-9.20833511673,38.1911644813,-13.980815927,-8.8195581467,37.3448288881,-14.3507631622,-13.2685827235,20.0359252083
0.4505,-2.36544259871,0,-12.667500585,-6.33054166748,38.2073071931,-13.2327416597,-6.71124024829,38.0547583483,-13.6659040765,-12.6263300489,20.1850493632
0.451,-2.21316437921,0,-11.2798060909,-3.86190115823,37.4055441992,-12.1894458707,-5.16441762271,38.4253090979,-12.5724491932,-11.6009011133,20.4231429197
0.4515,-2.02110128282,0,-9.74786658433,-1.95743315552,36.0515164738,-10.9917175263,-4.14626609371,38.2829189216,-11.1933134814,-10.3075641072,20.7234418451
0.452,-1.80907403449,0,-8.20301890293,-0.628895884447,34.3992646901,-9.80779421877,-3.36440572473,36.9236727483,-9.67082240659,-8.87979015311,21.0549555822
0.4525,-1.59526023728,0,-6.7454798104,0.203274646415,32.639704738,-8.74794585323,-2.99929768755,35.1253422881,-8.13550276972,-7.43998572667,21.3892626655
0.453,-1.3935303375,0,-5.43873328586,0.655182126838,30.8913295623,-7.88922381514,-3.15971955082,33.4554723626,-6.68695323492,-6.08155326607,21.7046760545
0.4535,-1.2126708005,0,-4.31339988772,0.841857446202,29.2147545702,-6.81451056299,-3.20252989882,31.7637030257,-5.38826623575,-4.86366010229,21.9874577322
0.454,-1.05691964789,0,-3.37535879884,0.858946043218,27.6333219647,-5.43005614293,-2.76211558148,30.0714084396,-4.26987347445,-3.81484472239,22.2309813692
0.4545,-0.927090584763,0,-2.61435524076,0.777796502874,26.1502817904,-4.06878148427,-1.86431119163,28.5898536953,-3.33761787329,-2.94058654911,22.4339747025
0.455,-0.821764304121,0,-2.01120655181,0.64745818805,24.760030087,-2.85205324447,-0.855279457184,27.2533268225,-2.58130790143,-2.23132808652,22.5986568799
0.4555,-0.738285840181,0,-1.54305538145,0.499199855383,23.4542762717,-1.88020416969,-0.0246497286712,25.9630049618,-1.98187920872,-1.66919101462,22.7291790546
0.456,-0.673491633861,0,-1.18680730511,0.351265356204,22.2248777488,-1.13894616503,0.605031855562,24.729467471,-1.51661542024,-1.23287218821,22.8304875875
0.4565,-0.624185313979,0,-0.921141055411,0.212933265405,21.0648314518,-0.632322969963,0.92396099503,23.5081287406,-1.16256454923,-0.900847508118,22.9075801428
0.457,-0.587415922199,0,-0.727505546453,0.0876403804692,19.9683997721,-0.312956202542,0.979020091652,22.1443402144,-0.898536829903,-0.653245464964,22.9650706709
0.4575,-0.560615905638,0,-0.590454236243,-0.0247733720681,18.9309134123,-0.0953494322348,0.975824306523,20.7225484743,-0.706095592572,-0.472776370005,23.0069736514
0.458,-0.541647394114,0,-0.497582095894,-0.126541066992,17.948510012,0.0343786476205,0.914964431343,19.3030766618,-0.569889563747,-0.345043982234,23.0366317364
0.4585,-0.528793476397,0,-0.439251785216,-0.2209952401,17.0179098856,0.088792564371,0.798620490515,17.9277409181,-0.477590224134,-0.258486763437,23.0567293905
0.459,-0.520720301696,0,-0.408232499973,-0.311994334122,16.1362544896,0.0790347044931,0.629733347136,16.6247822845,-0.419619673065,-0.204122672711,23.0693521469
0.4595,-0.516427094511,0,-0.399328106354,-0.403629041838,15.3010029932,0.0147062144915,0.41123639439,15.4126550991,-0.388791703209,-0.175212570612,23.0760647613
0.46,-0.51519468679,0,-0.409038393316,-0.500118691568,14.5098742424,-0.0962323565836,0.145399564276,14.3029395196,-0.37994222857,-0.166913638943,23.0779916839
0.4605,-0.516538633738,0,-0.435275581652,-0.60583418766,13.7608225848,-0.247531557981,-0.166707171007,13.3025802122,-0.389592626103,-0.17596366654,23.0758903649
0.461,-0.520169977419,0,-0.477144784862,-0.725405380557,13.0520402465,-0.434699376376,-0.525649228391,12.4156110201,-0.415667993243,-0.20041683455,23.0702126026
0.4615,-0.525964861557,0,-0.534789515551,-0.863887190572,12.3819837354,-0.655035016089,-0.933992830088,11.6444955902,-0.457278962817,-0.239439105054,23.0611520516
0.462,-0.533943148935,0,-0.609299675764,-1.02697096001,11.7494264847,-0.907664501408,-1.39663626712,10.9911915186,-0.514568162299,-0.293164232397,23.0486776556
0.4625,-0.544255686849,0,-0.702678335159,-1.22123609776,11.1535449095,-1.19359306545,-1.92114354422,10.4580286517,-0.588618771623,-0.362608009786,23.0325535583
0.463,-0.557179709058,0,-0.817863945382,-1.45444271631,10.5940509185,-1.5157889321,-2.51811594846,10.048480235,-0.681421506261,-0.449637306428,23.0123462928
0.4635,-0.573121910351,0,-0.958805690768,-1.73586891466,10.0713916421,-1.87931254009,-3.20163595222,9.76789890501,-0.795896694584,-0.556990771405,22.9874199743
0.464,-0.592628875426,0,-1.13059080314,-2.07669633201,9.58704794048,-2.2915048769,-3.9898174457,9.62428896133,-0.935969163831,-0.688349060846,22.956919994
0.4645,-0.616404699815,0,-1.33962322056,-2.49044336304,9.14397868543,-2.71956216204,-4.77709644189,9.63475026616,-1.10669476968,-0.848453495848,22.9197454683
0.465,-0.645335717057,0,-1.59385205945,-2.99343422369,8.74727976715,-3.13994387181,-5.48468180678,9.70136798764,-1.31443795308,-1.04327257315,22.8745105764
0.4655,-0.680522120258,0,-1.90304454705,-3.60526852244,8.40515725712,-3.57574678602,-6.24691313132,9.77804985052,-1.56709880327,-1.28021490214,22.8194951192
0.466,-0.723315737154,0,-2.27908878851,-4.3492103601,8.13035435653,-4.03205755888,-7.08039948764,9.86521929742,-1.87438430688,-1.56838357897,22.7525854556
0.4665,-0.775361934429,0,-2.73629254887,-5.2523312741,7.94221958937,-4.50596498126,-7.98598031401,9.98435492665,-2.24810924767,-1.91885836682,22.6712089839
0.467,-0.838640970463,0,-3.2916074052,-6.34508957407,7.8696476881,-4.99571193357,-8.96832704702,10.1644440735,-2.70249314569,-2.34497416184,22.572269485
0.4675,-0.915499018998,0,-3.96464047131,-7.65976747492,7.95513036997,-5.58148667217,-10.2196345185,10.3480168609,-3.25438302701,-2.86252990395,22.452098615
0.468,-1.00864979188,0,-4.77719915075,-9.2267635151,8.26003671835,-6.31049772219,-11.8603569877,10.5416866735,-3.9232650761,-3.48979950431,22.3064533686
0.4685,-1.12111153086,0,-5.75192339297,-11.0671146378,8.8708168524,-7.32687926125,-14.0413288946,10.8816966632,-4.73081219655,-4.24710755317,22.1306145947
0.469,-1.25601770573,0,-6.90927636738,-13.1788791326,9.90473304614,-8.70491714772,-16.3851659061,11.5641185295,-5.69952470305,-5.15555457704,21.9196829784
0.4695,-1.41620051025,0,-8.26181700144,-15.5146016689,11.5114139145,-10.2062655565,-18.53977953,12.5411374457,-6.84973955579,-6.2342123344,21.6692302627
0.47,-1.6033981559,0,-9.8044459303,-17.9483524859,13.8624843853,-11.49653973,-20.0240370233,13.8045732349,-8.19393822348,-7.49478579759,21.3765386791
0.4705,-1.81690486788,0,-11.4997268099,-20.2366502058,17.1163835636,-12.574449998,-20.8715535665,15.8767708568,-9.72705279225,-8.93252233749,21.0427117369
0.471,-2.05153928949,0,-13.2595086147,-21.9917500869,21.3438354228,-13.4515378976,-21.1764216253,19.5164838746,-11.4118778115,-10.5125311267,20.6758507104
0.4715,-2.29510092632,0,-14.9291991823,-22.7075883801,26.4132771956,-14.2086125521,-20.2727466776,23.1900710609,-13.1608059382,-12.1526550448,20.2950315984
0.472,-2.52619353481,0,-16.2886354325,-21.8892331549,31.8795739247,-14.8696420185,-18.2546640166,27.2656906279,-14.8201984768,-13.7088135573,19.9337083493
0.4725,-2.71434556444,0,-17.0871682381,-19.2915377958,36.981007243,-15.3800412968,-15.5048861647,32.2665380152,-16.1712502311,-14.9758137633,19.6395245452
0.473,-2.82486606002,0,-17.1177518147,-15.1498255678,40.8483920613,-15.5829189815,-12.321485594,37.5496245221,-16.964857984,-15.7200496396,19.4667209891
0.4735,-2.82909896319,0,-16.3019022483,-10.1912773686,42.8755766017,-15.2732806939,-8.88300413968,41.4707050527,-16.9952529325,-15.7485536595,19.4601026626
0.474,-2.71618175081,0,-14.7317753242,-5.34001164546,42.9951905935,-14.3550333717,-5.44195782742,42.7287144625,-16.1844352221,-14.9881784904,19.6366535887
0.4745,-2.49886919386,0,-12.6365122583,-1.316549134,41.6360564021,-12.9372353159,-2.51853702182,41.6828211315,-14.6239922554,-13.5248137052,19.9764311336
0.475,-2.20887545684,0,-10.296368474,1.57448561699,39.4314756579,-11.2582413479,-0.794592606836,40.2319449737,-12.541651991,-11.5720198647,20.4298488346
0.4755,-1.88498913811,0,-7.95976630672,3.39137086942,36.934190917,-9.61606918713,0.0965664499398,37.904702176,-10.2159413411,-9.39099618215,20.9362590472
0.476,-1.56159299494,0,-5.79939852201,4.37773892784,34.4929172592,-8.20715896266,0.30688521548,35.04415063,-7.89375046484,-7.21327330125,21.4419028493
0.4765,-1.26258847496,0,-3.90769645029,4.809804438,32.2679825601,-6.86009882978,0.0546869744389,32.5180914837,-5.74670702319,-5.1998015936,21.9094092977
0.477,-1.00076848584,0,-2.31384264988,4.91873498458,30.2995328112,-4.98483984924,0.671519867558,30.1413503704,-3.86667226457,-3.43672744127,22.3187761301
0.4775,-0.780172023576,0,-1.00588444551,4.8708290336,28.5700234481,-3.1491565433,1.88013657649,28.141410434,-2.28264876018,-1.95124910931,22.6636882023
0.478,-0.59914478469,0,0.050538028463,4.77512939535,27.0434170021,-1.65047130274,2.81763100386,26.1529768001,-0.982757554369,-0.732226654921,22.9467320891
0.4785,-0.452931210799,0,0.899144693611,4.69855103363,25.6843210334,-0.265313010937,3.89178506034,23.8344395551,0.067149299649,0.252363458734,23.1753433109
0.479,-0.335480270105,0,1.58504079671,4.67990411414,24.4649975673,0.82128686436,4.61292185162,22.0006278611,0.910522075268,1.04326837932,23.3589829166
0.4795,-0.240549195632,0,2.1504173299,4.7404860481,23.3665235283,1.75720679411,5.20877982687,20.6385652091,1.59218782692,1.68252638333,23.5074117413
0.48,-0.162298566222,0,2.63263235389,4.89137565385,22.3777738056,2.47990207246,5.75809489927,19.4169418273,2.15407732844,2.20945964989,23.6297599715
0.4805,-0.0955578599436,0,3.06371171843,5.13817768133,21.494002525,3.08310176784,6.3008370189,18.2899754656,2.63331822995,2.65888604602,23.734111941
0.481,-0.0358945566038,0,3.47061855277,5.48392582773,20.7157249823,3.74005473748,6.87114155692,17.570760121,3.06173885768,3.06065379612,23.8273980861
0.4815,0.0204231609337,0,3.87586959067,5.93065843604,20.0480835773,4.46329136051,7.65403889503,16.8397686507,3.46613604237,3.43989264813,23.9154532637
0.482,0.0765117088719,0,4.29822790055,6.47999204222,19.5006620257,5.18824473322,8.57102944683,16.1993628979,3.86888764296,3.81758829102,24.0031501247
0.4825,0.134967979418,0,4.75329467217,7.13286494217,19.087626787,6.09538296794,9.85231199272,15.8617332079,4.28864100425,4.21122798212,24.0945490221
0.483,0.197951246697,0,5.25387446728,7.88850433319,18.8280268597,6.77040889571,10.6912931187,16.0361645441,4.74090109369,4.6353520948,24.1930260738
0.4835,0.267233719064,0,5.81001237352,8.74258674888,18.7460187919,7.2205356426,11.1542677249,16.667381977,5.23839349925,5.10189453355,24.3013522041
0.484,0.344205681371,0,6.42861032301,9.68452830538,18.8706727527,7.66408714614,11.6925367224,17.3017182508,5.79110135422,5.62021736159,24.4217011832
0.4845,0.429822391754,0,7.11253868096,10.6938983089,19.2348476538,8.03389624969,12.2520573424,17.4586146939,6.40588402219,6.19675320818,24.5555665984
0.485,0.524481121537,0,7.85919037989,11.7361650701,19.872422431,8.60728473322,12.9162977751,18.5809509696,7.08559416502,6.83417726558,24.7035696004
0.4855,0.627821040974,0,8.65851102179,12.7584422097,20.8130288326,9.45398382738,14.0680475789,19.9741890703,7.82764079463,7.5300597361,24.8651460164
0.486,0.738450576615,0,9.4907198018,13.6866580536,22.0735558365,10.274353693,15.0368311375,21.1980182276,8.62203152482,8.27502987924,25.0381200614
0.4865,0.853631976998,0,10.3242421719,14.4265049226,23.6464257509,10.9010654641,15.4092840451,22.4763969167,9.44910755134,9.05065190308,25.218211143
0.487,0.968995184099,0,11.1147775886,14.8711537266,25.4863236595,11.4078007899,15.2413856253,24.200562736,10.2774890662,9.82749819832,25.3985864872
0.4875,1.07840880546,0,11.8067665426,14.9180607774,27.4996435972,11.7916480471,14.5954260374,26.2226119404,11.0631487552,10.5642804753,25.5696593979
0.488,1.17418315763,0,12.3384684321,14.494126037,29.5432969415,12.0471619794,13.5522066887,28.377857378,11.7508697794,11.2092170415,25.7194067235
0.4885,1.24777306641,0,12.6510181967,13.5829606665,31.4392980717,12.163446574,12.2051287094,30.5041489476,12.2792923298,11.7047654009,25.8344677162
0.489,1.29103134539,0,12.7000987839,12.2427470622,33.0063054213,12.1234040836,10.6535877749,32.4590922125,12.5899144039,11.9960630737,25.902103899
0.4895,1.29782431719,0,12.4669067558,10.603152796,34.0998506073,11.9077614385,8.99979516785,34.1242338196,12.6386922804,12.041806384,25.9127250031
0.49,1.26554950226,0,11.964264006,8.83814944843,34.6452952065,11.5042726117,7.35066655125,35.3936263476,12.4069384938,11.8244704496,25.8622619395
0.4905,1.19598150778,0,11.235117451,7.1244954319,34.6489469775,10.918478513,5.82113856757,36.1584610611,11.9073958571,11.3560053286,25.7534893831
0.491,1.0950643782,0,10.3438180358,5.6034672174,34.1839962711,10.1801138333,4.53239813084,36.3053441131,11.1827464062,10.6764377245,25.5957011034
0.4915,0.971704570822,0,9.36353448051,4.35998859814,33.3607641226,9.34142866364,3.60181716208,35.7349898026,10.2969441935,9.84574298443,25.4028227301
0.492,0.836028962267,0,8.36412898738,3.42228821354,32.2958798573,8.4685730074,3.12793240456,34.3907581552,9.3227066617,8.93211465778,25.1906880711
0.4925,0.697706792381,0,7.40362305468,2.77558817877,31.0908790391,7.67495124963,3.05029219364,33.0439346882,8.32946512905,8.00066460601,24.9744153994
0.493,0.564768494851,0,6.52425392855,2.38037409185,29.8229460719,6.64549342557,2.48800224019,31.8835513938,7.37488323885,7.10546910541,24.7665606442
0.4935,0.443059892594,0,5.75241079886,2.18831922131,28.5449305609,5.48739789316,1.83401050952,29.8045114647,6.50093773364,6.285893444,24.5762640012
0.494,0.33623336698,0,5.10099866617,2.1530198081,27.2901104003,4.59129061642,1.36184200226,28.5015492921,5.73385504461,5.56653245585,24.4092361262
0.4945,0.246075027543,0,4.5728293663,2.23566220652,26.0781180291,3.91037704966,1.07279798718,27.3082515643,5.08646057908,4.95941365483,24.2682696784
0.495,0.172974044882,0,4.16405662232,2.40701088214,24.9201085643,3.59982311819,1.37357629329,25.8688740821,4.56154883054,4.46715768357,24.1539731428
0.4955,0.116398077143,0,3.86712468174,2.64722288822,23.8225577108,3.50988118954,1.99549070994,24.3913478199,4.15529724445,4.08617979606,24.0655141799
0.496,0.0753013745412,0,3.67303841887,2.94463097351,22.789785459,3.26026494985,2.24532450658,22.9620980142,3.86019666937,3.80943799974,24.0012577149
0.4965,0.0484389716334,0,3.57296348081,3.29420568703,21.8255542007,3.12661194353,2.56131559472,21.7120832753,3.66730745821,3.62854880027,23.9592571907
0.497,0.0345881546428,0,3.55925864608,3.69606696289,20.9341006016,3.09475493091,2.94591600254,20.6384144155,3.56784974505,3.53527854422,23.9376008416
0.4975,0.0326913444994,0,3.62606853553,4.15419058085,20.1208821075,3.16550593458,3.42612273584,19.7055861795,3.55422943664,3.5225055816,23.9346350972
0.498,0.0419381306553,0,3.76959405682,4.67531800345,19.3932296316,3.35834348804,4.05277266399,18.8628839606,3.6206272676,3.58477267479,23.9490928457
0.4985,0.0618027018177,0,3.98812991615,5.26799567472,18.7610252207,3.63184705586,4.78443823144,18.1242713257,3.76326757698,3.71853905406,23.9801519585
0.499,0.0920490377331,0,4.28192354715,5.94161503526,18.2374679052,4.10291334233,5.7986628837,17.5542736451,3.98045558861,3.92221537852,24.0274434078
0.4995,0.132711384316,0,4.65287234266,6.7052794549,17.8399406492,4.80766160791,7.1513139485,17.1899400944,4.27243721002,4.19603225734,24.0910207384
0.5,0.184052349184,0,5.10403739288,7.56628030641,17.5909282346,5.43346777263,8.23926961123,17.2241479597,4.64109813166,4.54175806848,24.1712945488
0.5005,0.246495600849,0,5.63891248345,8.52792407116,17.5188371954,5.92853556082,9.00206798977,17.6997408338,5.08948056406,4.96224576069,24.2689272629
0.501,0.320524694799,0,6.26034925961,9.58643615484,17.6584083131,6.44388471932,9.79459675547,18.4073029942,5.62105674448,5.4607515566,24.3846749405
0.5015,0.406534311433,0,6.96901146234,10.7267255247,18.0501671924,6.99845252713,10.7590926101,18.579577006,6.23866073029,6.03993320139,24.5191546815
0.502,0.504616315457,0,7.7612329028,11.9170228048,18.7380331137,7.68326758337,11.7585991988,19.3991842417,6.94295216877,6.7004093044,24.6725101203
0.5025,0.614263290011,0,8.62622366711,13.1029467852,19.7638827798,8.67673082818,13.2108863428,20.6522057139,7.73028748275,7.43876296244,24.8439478887
0.503,0.733981862976,0,9.54276585633,14.2025553543,21.1577893916,9.73523161712,14.6538731059,21.7109153166,8.58994330652,8.24493793119,25.0311330351
0.5035,0.860835382669,0,10.4759267854,15.105376148,22.923317977,10.6080161066,15.459612216,22.8798571788,9.50083260522,9.0991590411,25.2294739781
0.504,0.98998900995,0,11.374900692,15.6797645715,25.0193099254,11.3545268522,15.6529985727,24.5600346857,10.4282381456,9.96886888526,25.4314112384
0.5045,1.11441100111,0,12.1737018544,15.7928053439,27.3433275279,11.9668549696,15.2923288662,26.585622217,11.3216675163,10.8067162831,25.6259503818
0.505,1.22496863848,0,12.7966089899,15.3433203183,29.7261556099,12.433754911,14.4581124348,28.766237773,12.1155419709,11.5512022692,25.7988120107
0.5055,1.31118175938,0,13.1693204208,14.30048758,31.9478291159,12.7360249875,13.2454273779,30.9149909865,12.7346072474,12.131754295,25.9336099394
0.506,1.36276668084,0,13.2343581648,12.7314974838,33.7789790227,12.8454424378,11.7564165685,32.8753208421,13.1050199332,12.4791228896,26.0142651864
0.5065,1.37176819418,0,12.9661723939,10.7998940012,35.0367617558,12.7313451404,10.0988641756,34.527889041,13.1696565486,12.5397383359,26.0283394403
0.507,1.33465008945,0,12.3798188365,8.7283661397,35.6314568007,12.3748855753,8.39219395095,35.7705822931,12.9031248476,12.2897880886,25.9703036845
0.5075,1.25349614649,0,11.5289765605,6.74037103568,35.581080775,11.7842847702,6.77375765155,36.4895802654,12.3203877003,11.7433041487,25.8434159985
0.508,1.1357357873,0,10.4938787315,5.00762379269,34.9892633306,11.0017754788,5.39514279968,36.551780122,11.4747931023,10.9503156296,25.6592926037
0.5085,0.992473639219,0,9.36422784562,3.62431910306,34.0019680095,10.0981007369,4.40536382447,35.8311329162,10.4460793708,9.98560017326,25.4352960633
0.509,0.836124927086,0,8.22339681979,2.61089328512,32.7655034279,9.15844311586,3.92820466067,34.2514369857,9.3233957504,8.93276087693,25.1908381162
0.5095,0.678228833808,0,7.1380919359,1.93582762101,31.4002031051,8.29464547662,3.84512725651,32.7080276787,8.189600945,7.86950164395,24.9439607721
0.51,0.528017805792,0,6.1543816218,1.54120952033,29.9916885782,7.13773139374,3.13903081296,31.159094467,7.11098981701,6.85799300484,24.7090993586
0.5105,0.391867918562,0,5.29866538374,1.36298651947,28.5940017342,6.02449143247,2.54473027736,29.1432684347,6.13334666137,5.94117092482,24.4962231444
0.511,0.273432981323,0,4.58139341431,1.34323925096,27.2376884092,5.09260152559,1.97996448563,27.7641781236,5.28290816203,5.14363985288,24.3110450178
0.5115,0.174159347256,0,4.0016682749,1.43567046385,25.9381312341,4.59059280189,2.0803245805,26.0768539838,4.5700600587,4.47513941173,24.1558264141
0.512,0.0939228068608,0,3.55155979941,1.60670250656,24.7020592106,4.16711440566,2.25745066194,24.2945675165,3.99391044781,3.93483318485,24.0303731265
0.5125,0.0316257898419,0,3.21959704695,1.83430157958,23.5318924456,3.72832823956,2.24473448077,22.7260666719,3.54657807358,3.51533022466,23.9329690566
0.513,-0.0143193330911,0,2.9933176749,2.10594314776,22.4283476949,3.29411908543,2.10526644806,21.5310083925,3.21666274361,3.20593956683,23.8611318775
0.5135,-0.0456374056427,0,2.86097134338,2.41650250882,21.3918979046,2.93620108232,2.04198046496,20.5183516609,2.99177897837,2.9950462565,23.8121647219
0.514,-0.0639547271679,0,2.81255538376,2.76642864917,20.4235868779,2.70825760868,2.17789888481,19.509548287,2.86024890968,2.87169892832,23.7835248006
0.5145,-0.070655711541,0,2.84036815923,3.160311965,19.5255473533,2.60580429436,2.4734907221,18.5758711018,2.81213156165,2.82657505377,23.7730475228
0.515,-0.0668062995862,0,2.93923843284,3.60582595544,18.7014408608,2.62176458603,2.88947623536,17.7813450126,2.83977279829,2.8524966755,23.7790662442
0.5155,-0.0531222135191,0,3.10654996528,4.11295769112,17.9569509512,2.74808768236,3.38770912148,17.1838986188,2.93803327692,2.94464417931,23.8004619023
0.516,-0.0299655525117,0,3.34213994472,4.693406503,17.3004112375,3.01384337369,4.00687447446,16.7380874026,3.1043128942,3.10057921931,23.8366683394
0.5165,0.00264114955593,0,3.6481111497,5.36000239679,16.7436215159,3.41118915766,4.81269543745,16.2837645522,3.33844984248,3.32015005422,23.8876503228
0.517,0.0449889265965,0,4.0285604937,6.1259605094,16.3028825632,3.99097017773,5.91960671365,15.7630461695,3.64253393114,3.60531648234,23.9538628966
0.5175,0.0976448096744,0,4.48918827465,7.0037362166,16.0002443097,4.76133633907,7.33768245844,15.4144398168,4.02063680543,3.95989684396,24.0361926383
0.518,0.161397745404,0,5.03670987194,8.00317460608,15.8648883241,5.62370831665,8.82174989253,15.4082184744,4.47842360596,4.38920384033,24.1358730998
0.5185,0.23717717219,0,5.67794280313,9.12856866902,15.9344189511,6.31562145993,9.86750653277,15.951221511,5.02256829417,4.8994962328,24.2543574982
0.519,0.325926664817,0,6.41838968759,10.3741925865,16.2555717756,6.95230773059,10.8460440815,16.7535740464,5.6598463397,5.49712797592,24.3931211534
0.5195,0.428407810306,0,7.2600960349,11.7179567521,16.8834184484,7.57186449585,11.9303971707,16.9364042973,6.39572642384,6.18722753371,24.5533548393
0.52,0.54490371629,0,8.198568297,13.1132292305,17.8775570929,8.4259354539,13.1292202919,18.1992898969,7.23224144021,6.97170132954,24.7355012071
0.5205,0.674792455709,0,9.21866738384,14.4798777327,19.293194594,9.56802755154,14.8121216654,19.4850256375,8.16492555528,7.84636135805,24.9385878469
0.521,0.815978711099,0,10.2897633688,15.6974950337,21.1649777081,10.5857738832,16.0313087614,20.6246781326,9.17873305128,8.79709792471,25.1593386396
0.5215,0.964223164234,0,11.361167567,16.6064548824,23.4829709332,11.4275966774,16.4604047919,22.3893095713,10.2432229155,9.79536381123,25.3911252286
0.522,1.11251027546,0,12.3599232986,17.0245552222,26.1646206233,12.1227067294,16.2181948878,24.6232678338,11.3080190921,10.7939169538,25.6229785154
0.5225,1.25074251546,0,13.1939931977,16.7852607126,29.03398064,12.6635652389,15.3883492309,27.0982510584,12.3006148707,11.7247614252,25.8391105778
0.523,1.36618150302,0,13.7636616905,15.7940064272,31.826048701,13.0329560067,14.0760593826,29.5784772253,13.1295405377,12.5021180197,26.019604408
0.5235,1.44502615875,0,13.9813119952,14.0823637821,34.2309666346,13.1983647494,12.3961211606,31.8691353416,13.6956955276,13.0330514104,26.142881424
0.524,1.47514992996,0,13.79469713,11.8276743766,35.9730780988,13.116216627,10.4678222402,33.8428358605,13.9120034463,13.2359023943,26.189981238
0.5245,1.44932160175,0,13.2043318268,9.31559138237,36.8919268505,12.7500324434,8.42309790634,35.4158216549,13.726539552,13.0619765683,26.1495975341
0.525,1.36761241531,0,12.2661847753,6.85682636868,36.9818725016,12.0949567199,6.42018434573,36.4886153096,13.1398154019,12.5117536648,26.021841701
0.5255,1.23776868649,0,11.0777458567,4.70066050597,36.3705569517,11.1926335073,4.64487801133,36.9078296373,12.2074544916,11.6373967339,25.8188254372
0.526,1.07328344888,0,9.75407341986,2.98657137224,35.2554848589,10.1265566973,3.28999335707,36.4909987478,11.0263454212,10.529766748,25.5616456821
0.5265,0.890081290264,0,8.40412615069,1.74512708521,33.837405723,9.00260499405,2.52225133969,35.0964465466,9.71083690248,9.29609856399,25.2752012146
0.527,0.703242577862,0,7.11489918188,0.930557938937,32.278114987,7.96858983366,2.33675470068,33.3958408446,8.36921560477,8.03794212759,24.9830708385
0.5275,0.524807825374,0,5.94530501438,0.460088825837,30.6873900288,6.63080880904,1.52840980682,31.7096479907,7.08794010725,6.8363772622,24.7040804159
0.528,0.362930785228,0,4.92758969193,0.24425894829,29.1291601735,5.37317212487,0.825326627338,29.7846185055,5.92555956052,5.74631066226,24.4509786898
0.5285,0.222074453443,0,4.07275577138,0.204143694344,27.634890388,4.43728379423,0.415976952071,28.0739304172,4.91412112674,4.79779577386,24.2307437468
0.529,0.103761632876,0,3.37707780253,0.278066863981,26.2164640385,3.81447034735,0.528497197425,26.0366021977,4.06455950312,4.00108702549,24.0457565549
0.5295,0.0074767046314,0,2.82800394741,0.422026778831,24.8755841435,3.04155343849,0.18285534003,24.3172393852,3.37317221661,3.35271228216,23.8952109215
0.53,-0.0685175615498,0,2.40875328735,0.607228977593,23.6095534912,2.30107523768,-0.13300055347,22.7636657167,2.82748484432,2.84097317897,23.7763906124
0.5305,-0.126543719526,0,2.10153224021,0.816782305066,22.4143674813,1.67270362245,-0.355303809983,21.475464248,2.41081996602,2.45022983035,23.6856642146
0.531,-0.169064480285,0,1.889576438,1.04257643873,21.2861518973,1.28363971799,-0.382146234563,20.4039407498,2.10549374376,2.16389854418,23.6191811733
0.5315,-0.198400106999,0,1.75830757361,1.28273616974,20.2217236303,1.11453706973,-0.203754914365,19.5548646659,1.89484520592,1.96635486015,23.5733136572
0.532,-0.216568302276,0,1.69588063712,1.53973050569,19.2187616448,1.06023643134,0.0384129486737,18.8286941827,1.76438595894,1.8440117358,23.5449069011
0.5325,-0.225208468229,0,1.69334626137,1.81907564062,18.275857423,1.12187458618,0.41027396947,18.1884331105,1.70234404852,1.78582957288,23.5313976295
0.533,-0.225559237116,0,1.74459570909,2.12852290219,17.3925806684,1.27440942979,0.886315304841,17.6312754906,1.69982530386,1.7834675242,23.5308491872
0.5335,-0.218466085375,0,1.84620494493,2.47761637935,16.569627073,1.49414525993,1.43700917026,17.159065382,1.75075866409,1.83123222137,23.5419396355
0.534,-0.204402914742,0,1.99725296293,2.87751387573,15.8090871116,1.7910094927,2.12909787295,16.7464938215,1.85174121204,1.92593244929,23.5639280087
0.5345,-0.183497196542,0,2.19915764975,3.34097509102,15.1148706318,2.1127134653,2.89025047731,16.3487686111,2.00185762219,2.06670982659,23.5966149997
0.535,-0.155552688949,0,2.45554763969,3.88242388602,14.4933303794,2.43400757481,3.68919606992,15.9590813881,2.20251703617,2.25488582951,23.6403074412
0.5355,-0.12006717282,0,2.77216759461,4.51798012979,13.9541415609,2.75356799137,4.53311097866,15.5851081457,2.45732570824,2.49384236021,23.6957905744
0.536,-0.0762455613776,0,3.15679313797,5.26532325091,13.5115078826,3.19815918415,5.53224935472,15.1936383564,2.77199286932,2.7889334673,23.7643075518
0.5365,-0.0230116737147,0,3.61910545243,6.14318447305,13.1857677271,3.77110445804,6.57201872283,15.0763737074,3.15424618573,3.14740606399,23.8475410285
0.537,0.0409744089531,0,4.17043839242,7.17015621935,13.0054484302,4.55159553569,7.97401553599,14.7942835181,3.6137071302,3.57828305256,23.9475860253
0.5375,0.117281342538,0,4.82325601926,8.36234601251,13.0097250832,5.62120293006,9.86518489488,14.7445385228,4.16163965416,4.09212763218,24.0668952034
0.538,0.207634208622,0,5.59013961786,9.72919508895,13.251015455,6.51011644225,11.2976561804,15.2483609873,4.81043094527,4.70055635955,24.208165802
0.5385,0.313774313051,0,6.48196068007,11.2665860618,13.7969760319,7.24348493968,12.4321163789,16.2382044367,5.57258469174,5.41529504422,24.3741204279
0.539,0.437206318702,0,7.50481051797,12.9463580737,14.7303178616,7.93817485308,13.6473566679,16.5690078574,6.45890533414,6.24647596155,24.5671116862
0.5395,0.578773290286,0,8.65521739859,14.7019462902,16.1435584198,8.93903715908,15.0777666113,18.1912244691,7.47544661559,7.19977623957,24.7884577452
0.54,0.737994724501,0,9.91337073877,16.4118102858,18.1243337867,10.1581902904,16.8080978924,19.5604748575,8.61875821547,8.27196020881,25.037407317
0.5405,0.912128748437,0,11.2347775617,17.8864973788,20.7264056792,11.1639893241,17.670951587,21.3221006131,9.86915173491,9.44456432384,25.3096733652
0.541,1.09501733602,0,12.542333682,18.8715347858,23.924779164,12.0205188029,17.7045457631,23.7689770442,11.1824086133,10.6761209464,25.5956275509
0.5415,1.27598892467,0,13.7231828241,19.0832964184,27.5641074931,12.7289482531,16.9945087716,26.6130091448,12.4819002149,11.8947686567,25.8785844262
0.542,1.43942370342,0,14.63676303,18.2891602876,31.3277479439,13.2812842354,15.6631630757,29.5184878378,13.6554663197,12.9953249395,26.1341217437
0.5425,1.56586727143,0,15.139152956,16.4163221886,34.7677426841,13.6433481881,13.8469344197,32.1934612951,14.5634119035,13.8467854687,26.3318217096
0.543,1.63540027396,0,15.1212582424,13.633153821,37.4177895512,13.7472789054,11.6766775849,34.4796115309,15.0627032757,14.3150149569,26.4405395546
0.5435,1.63292356594,0,14.5465922144,10.3337352503,38.9519878482,13.5117973188,9.28505301145,36.3508903068,15.0449189301,14.2983370099,26.4366671149
0.544,1.55338722908,0,13.4683944661,7.00967076195,39.2971857209,12.8887561172,6.84070133407,37.7901751301,14.4737972278,13.7627458957,26.3123086257
0.5445,1.40415986028,0,12.0149704152,4.08061944944,38.6265351146,11.9036983061,4.57202921902,38.6512552003,13.4022494013,12.7578611364,26.0789852057
0.545,1.20299950058,0,10.3512793642,1.78426379021,37.2508038711,10.6585489678,2.74624208334,38.6513772524,11.9577895281,11.4032639116,25.7644623172
0.5455,0.972737251886,0,8.63707221415,0.167837777401,35.4895301845,9.29945330165,1.61259291454,37.5027012864,10.3043595032,9.8526969733,25.4044373714
0.546,0.735483350186,0,6.99838242084,-0.85136985767,33.5897072901,8.03853030102,1.33867372847,35.5416337968,8.60072494375,8.25504882188,25.033480675
0.5465,0.508681386881,0,5.51713530288,-1.41227835902,31.704882426,6.42645339332,0.423139822697,33.5063698082,6.97214197815,6.72778315915,24.6788660346
0.547,0.303670190823,0,4.23434168749,-1.65697133329,29.9116408702,4.94414425018,-0.454340478735,31.6481865392,5.50003064017,5.34725472082,24.3583221975
0.5475,0.126125843091,0,3.15976309776,-1.70443102533,28.2370353995,4.05347144155,-0.386897113736,29.2229588413,4.22514881753,4.1516857674,24.080723961
0.548,-0.0226006180555,0,2.28264940159,-1.6433366945,26.6820432452,2.87692858408,-1.07294390952,27.2306262532,3.15719782792,3.1501740788,23.8481837317
0.5485,-0.143997058765,0,1.58080236935,-1.53459016252,25.2368340642,1.79650289428,-1.66601337073,25.4458295667,2.28549384201,2.33270048743,23.6583751668
0.549,-0.241135812849,0,1.02714984434,-1.41725775009,23.8889603697,1.07213697859,-2.03015745968,23.9977109283,1.58797554061,1.67857615151,23.50649454
0.5495,-0.317763787328,0,0.593999240895,-1.31474886847,22.6269502224,0.467629164497,-2.26448520901,22.5378098681,1.03773773796,1.16256970906,23.3866834007
0.55,-0.377713759355,0,0.255482860238,-1.24001489003,21.4414204764,0.0262685457437,-2.31841640364,21.1228120578,0.607258645939,0.758871555729,23.2929490367
0.5505,-0.424565933609,0,-0.0112664907798,-1.19951066437,20.3250760264,-0.289176191822,-2.24929889657,19.7602031113,0.27083010811,0.443372889318,23.2196936438
0.551,-0.461485231434,0,-0.225763543462,-1.19604122826,19.272334376,-0.508942029801,-2.10160541315,18.4534559626,0.00572596763854,0.194761391261,23.1619687312
0.5515,-0.491172578527,0,-0.404312078122,-1.2307257145,18.2789165677,-0.657643816696,-1.90979459358,17.2032306114,-0.207448147192,-0.0051507487026,23.115551285
0.552,-0.515884490672,0,-0.560412640641,-1.30431164533,17.3415310669,-0.816027381647,-1.84102574058,16.1868483976,-0.384895461058,-0.171558721237,23.0769131458
0.5525,-0.537489503529,0,-0.705289659301,-1.41803799377,16.4576787651,-0.989480739669,-1.89029277891,15.3688473614,-0.540033253506,-0.317045090922,23.0431327774
0.553,-0.557541127945,0,-0.848449785817,-1.57420326471,15.6255719502,-1.18406420244,-2.05622572288,14.7230187738,-0.684016724729,-0.452071071325,23.0117811988
0.5535,-0.577355126845,0,-0.998223838798,-1.7765556008,14.8441551305,-1.40747220789,-2.34303510272,14.2335680513,-0.826293892958,-0.585496901151,22.9808011579
0.554,-0.598084522614,0,-1.16227134213,-2.03058842546,14.1132236131,-1.66886776862,-2.75986259558,13.8931811374,-0.97514419542,-0.725086937789,22.9483898546
0.5545,-0.620789427461,0,-1.34804290453,-2.34379716091,13.4336489551,-1.91376825356,-3.13855729455,13.6766942335,-1.13817991491,-0.877979889167,22.9128897577
0.555,-0.646501038804,0,-1.56320429968,-2.72592818485,12.807736291,-2.15542397993,-3.48328690297,13.5084521367,-1.32280570757,-1.05111975342,22.8726885457
0.5555,-0.676280333853,0,-1.81602882705,-3.1892270845,12.2397570507,-2.42396587093,-3.90075219592,13.3356970199,-1.53664006746,-1.25165106331,22.826127335
0.556,-0.711272374088,0,-2.11576203444,-3.74866435317,11.736722477,-2.71323545827,-4.40065542421,13.1823419365,-1.7879052674,-1.48728456816,22.7714157726
0.5565,-0.752756784487,0,-2.47295456887,-4.42207528022,11.3094886943,-3.02183566523,-4.98034675377,13.0649406558,-2.08578983212,-1.76663715672,22.7065531097
0.557,-0.802193821575,0,-2.8997425678,-5.23008529574,10.9743101796,-3.34875161531,-5.63966358849,13.0035915707,-2.44077933617,-2.09954207567,22.6292561724
0.5575,-0.861263180809,0,-3.41002618801,-6.19558532779,10.7549758436,-3.69559757421,-6.38624176852,13.0219922645,-2.86493506584,-2.49731025529,22.5368986845
0.558,-0.931888705773,0,-4.01944829393,-7.34235065166,10.6856461518,-4.16367186008,-7.45564196149,13.0323597175,-3.37207144692,-2.97289669915,22.4264726336
0.5585,-1.01623543855,0,-4.74499651741,-8.692136392,10.8144065965,-4.76114163007,-8.87514553345,13.0796120005,-3.9777348645,-3.5408806216,22.2945928832
0.559,-1.11665454303,0,-5.60393092664,-10.2592259047,11.2072541702,-5.64442340814,-10.8533916121,13.2870082832,-4.69880817704,-4.21709456575,22.1375832872
0.5595,-1.23553488949,0,-6.61157088516,-12.0410207099,11.9515485937,-6.84413357585,-12.9602671273,13.8038925467,-5.55244499907,-5.01762498653,21.951708744
0.56,-1.37499674604,0,-7.77728210049,-14.0031118865,13.1566160637,-8.28241472552,-15.078284275,14.6916475638,-6.55387021,-5.95674959408,21.7336541232
0.5605,-1.53633636832,0,-9.09789351573,-16.0580718363,14.946973337,-9.53223094839,-16.5829702193,15.7464428782,-7.71239175316,-7.04319726654,21.4813926731
0.561,-1.71911486793,0,-10.5480205933,-18.0403521206,17.4409070533,-10.5961597263,-17.4956740013,17.3183070141,-9.02485812955,-8.27401256578,21.1956106147
0.5615,-1.91981891185,0,-12.0679097517,-19.686981365,20.7060546585,-11.4888325299,-17.8805731471,19.9052307315,-10.466041364,-9.62553699782,20.8818011955
0.562,-2.13017833834,0,-13.5521011231,-20.6452212025,24.6896455452,-12.2455372474,-17.7499472931,23.7943099372,-11.9765564126,-11.0420799776,20.5528951697
0.5625,-2.33559703219,0,-14.8463770729,-20.5365228732,29.1415649026,-12.9488811317,-16.5014492005,27.2606266219,-13.4515938451,-12.4253524723,20.2317141922
0.563,-2.51473058613,0,-15.7635842959,-19.0913887659,33.5817602999,-13.5858457524,-14.4667657407,30.9056487487,-14.7378871834,-13.6316230089,19.9516311634
0.5635,-2.64167614946,0,-16.1250296385,-16.3139649508,37.3796295472,-14.0631393669,-11.9725683602,34.761871887,-15.6494374142,-14.4864639331,19.7531463062
0.564,-2.69170179412,0,-15.8186416,-12.5664266644,39.9604954404,-14.2086539944,-9.25861598057,38.1395969636,-16.0086534966,-14.8233324867,19.6749290556
0.5645,-2.64929632547,0,-14.8457562633,-8.47293112588,41.0372991545,-13.8612717527,-6.51072072367,40.102863385,-15.7041551453,-14.5377775681,19.7412318327
0.565,-2.5146446633,0,-13.3264079681,-4.67604235505,40.7054264422,-12.9880569367,-4.0017559592,40.3557678247,-14.7372702026,-13.6310444117,19.9517655075
0.5655,-2.30436009469,0,-11.4582443631,-1.60917807748,39.3393699963,-11.7107194237,-2.16181321144,39.7016443301,-13.2272926813,-12.2150055187,20.2805544897
0.566,-2.04579793416,0,-9.4546750015,0.581004188637,37.3912710061,-10.2465517256,-1.23290508907,38.9543994705,-11.3706512129,-10.4738693147,20.6848275668
0.5665,-1.76849501405,0,-7.49460842137,1.96955836684,35.2327926471,-8.85310842495,-0.63470765375,36.8169202985,-9.37943912013,-8.60653438567,21.1184026289
0.567,-1.49721307259,0,-5.69924294062,2.73826228374,33.0979287973,-7.66756417802,-0.619258975235,34.4821467415,-7.4314614999,-6.77974422885,21.5425636314
0.5675,-1.24872649658,0,-4.13235027962,3.0846739233,31.0998617398,-6.44640755284,-0.829853997167,32.3457974649,-5.64716916409,-5.10645617764,21.931083098
0.568,-1.03186157604,0,-2.81279977927,3.17575337175,29.2736887984,-4.77914865034,-0.329640917236,30.2600957982,-4.08994051284,-3.64610573907,22.270160744
0.5685,-0.849229911782,0,-1.72982616926,3.13491901657,27.6148258409,-3.10021615749,0.828587185069,28.5182126493,-2.77852850801,-2.4162792169,22.555713219
0.569,-0.699341542451,0,-0.856085159499,3.04586051435,26.1038467189,-1.70051051853,1.89358944503,26.8806290872,-1.70223427547,-1.40694333468,22.7900701418
0.5695,-0.578411896557,0,-0.157021494523,2.96179256034,24.719353029,-0.585160683335,2.6507492139,25.0631108343,-0.833882174502,-0.592613100992,22.9791488529
0.57,-0.481658372894,0,0.40319078971,2.914759678,23.4432378449,0.432624273957,3.51494567261,22.9482676056,-0.139130073582,0.0589171251309,23.1304271554
0.5705,-0.404122498533,0,0.858317308818,2.9231739899,22.2620268605,1.20211966981,4.07865512297,21.1790341281,0.417627030143,0.581037290303,23.2516578353
0.571,-0.341130961935,0,1.23851353979,2.99736310193,21.1665951559,1.785038014,4.43485607847,19.7240609505,0.869946498564,1.00521708789,23.3501478165
0.5715,-0.288510110827,0,1.56989844546,3.14344074146,20.1514548034,2.23171153018,4.65684689323,18.5534019619,1.24779782093,1.35956154712,23.4324227842
0.572,-0.242644964463,0,1.87478200911,3.36590547224,19.2141393408,2.65900851707,4.91559408352,17.6806265395,1.57713886805,1.66841364936,23.5041349164
0.5725,-0.200447721826,0,2.17223165688,3.6693179264,18.3548698124,3.02033975731,5.22340505618,16.9731388581,1.88014202354,1.95256639126,23.5701121232
0.573,-0.159279366244,0,2.47877493599,4.05931751669,17.576541913,3.26836030214,5.51259342318,16.3006632147,2.17575711279,2.22979069283,23.6344806207
0.5735,-0.116852411597,0,2.8091113118,4.54314903948,16.8850291936,3.45322996683,5.83230101247,15.6961143315,2.48040974724,2.5154902964,23.7008169921
0.574,-0.0711323864346,0,3.1767516939,5.12978242027,16.28979539,3.74086445151,6.30688316541,15.1859809388,2.80870873144,2.82336516447,23.7723022211
0.5745,-0.020249320712,0,3.59452592042,5.82962020576,15.8048164007,4.12749496507,6.85128664972,14.9590665378,3.17408164473,3.16600752064,23.8518600864
0.575,0.0375724922877,0,4.07489934111,6.6536898625,15.4498069365,4.68367898407,7.73729598096,14.6228937704,3.58927919558,3.5553748271,23.9422669821
0.5755,0.10405831247,0,4.63002135702,7.61210537307,15.2517057526,5.45435091292,9.04055319933,14.5098532435,4.06668985211,4.00308484134,24.0462204262
0.576,0.180889671033,0,5.27139200299,8.71145656998,15.2462644096,6.16693728913,10.1811124594,14.8292508543,4.61838808239,4.52046085539,24.1663495653
0.5765,0.269658223999,0,6.00897999843,9.95066844046,15.4793594739,6.65508420258,10.8829364356,15.7122948157,5.25580299333,5.11822094926,24.3051430221
0.577,0.371743686519,0,6.84956758229,11.3148390513,16.0072457624,7.19789477709,11.7812186628,16.3886717958,5.98884182101,5.80565601066,24.4647580406
0.5775,0.48808475066,0,7.79406362625,12.7667800628,16.894345218,7.76393158832,12.6565167908,17.3684532209,6.82424497404,6.58908711433,24.6466623065
0.578,0.618807208308,0,8.83358392137,14.236751771,18.2063918726,8.71057720585,14.0674398797,18.9531295121,7.76291571853,7.46936133244,24.8510525007
0.5785,0.762681445392,0,9.9443677167,15.6126150057,19.9962148084,9.70166028311,15.3851689423,20.3272025674,8.79602464003,8.43819854551,25.0760060686
0.579,0.916418868191,0,11.0822464915,16.7355365809,22.2801271126,10.4875935688,15.8866571797,22.117319084,9.89995753504,9.47345363544,25.3163811523
0.5795,1.07390635678,0,12.1785020823,17.4097041989,25.0064407957,11.1559444013,15.7151939125,24.4750254339,11.0308182978,10.5339613583,25.5626196254
0.58,1.22563301138,0,13.1402954977,17.435249756,28.0253004084,11.7057670655,14.9557147234,27.1647532874,12.1203125928,11.5556761014,25.7998507864
0.5805,1.35874950226,0,13.8594381064,16.6665581746,31.078685349,12.128826116,13.7205161752,29.9262664166,13.0761740251,12.4520715413,26.0079841547
0.581,1.45828204113,0,14.2314699547,15.0804222087,33.8322730775,12.3991703797,12.1317097524,32.5306429138,13.7908812302,13.122315426,26.1636075671
0.5815,1.50977290533,0,14.1818582089,12.8185374542,35.9549905721,12.4690565526,10.3056532098,34.8254693832,14.1606185248,13.4690506468,26.2441157516
0.582,1.50290641882,0,13.6897592647,10.1684064051,37.2184880987,12.2811795749,8.35460724708,36.7260617279,14.1113127657,13.4228122946,26.2333797041
0.5825,1.43479773398,0,12.7976504463,7.47981463377,37.5640077699,11.7971674357,6.4073083791,38.1489104977,13.6222489044,12.964174044,26.1268888412
0.583,1.31132590159,0,11.601108613,5.05895318672,37.0989694429,11.025946847,4.6278091387,38.9470116697,12.7356422805,12.1327249367,25.933835312
0.5835,1.14571918452,0,10.2236647249,3.09586266755,36.0325557874,10.0320872935,3.20861451214,38.9148771822,11.5464802712,11.0175430008,25.6749020753
0.584,0.955074817629,0,8.78855827344,1.65110816844,34.5945687295,8.92006339186,2.33711116521,37.8636596249,10.1775319434,9.73375960183,25.3768213946
0.5845,0.756449695251,0,7.39784919395,0.687610511761,32.9775753147,7.88813517354,2.22651354546,36.0522884448,8.75127669351,8.39623445548,25.0662624588
0.585,0.563969366818,0,6.12289346204,0.117002158212,31.3147867618,6.58247051953,1.6192500552,34.4986186495,7.36914498913,7.10008784334,24.765311173
0.5855,0.387509817058,0,5.00441449864,-0.162081737256,29.6841734322,5.24842672764,1.00112957342,32.252047941,6.10205270884,5.91182382973,24.489409065
0.586,0.232707348738,0,4.05806077286,-0.24129708813,28.1236881599,4.20989277487,0.560602665577,30.4607121361,4.99047210669,4.86939681136,24.2473687367
0.5865,0.101727779654,0,3.28175093398,-0.193230464104,26.6469741263,3.50220826406,0.672925069669,28.2678215931,4.04995513787,3.98739122611,24.0425765377
0.587,-0.00571695839954,0,2.66253902113,-0.0702407944144,25.2550939308,2.6189897933,0.25589147511,26.4497316921,3.27843328864,3.26386724652,23.874582061
0.5875,-0.0914186440448,0,2.18203218378,0.0928547770951,23.9437741512,1.78024339595,-0.0840428200981,24.7291643983,2.66304044401,2.68675918354,23.7405837834
0.588,-0.157922929687,0,1.82020153133,0.274927012663,22.7072437155,1.17539811946,-0.250717513022,23.330671396,2.18549719369,2.23892482442,23.6366014677
0.5885,-0.208001902959,0,1.5578055446,0.464833741626,21.539957545,0.836873787675,-0.219823575504,22.2037980201,1.8258981778,1.9016971603,23.5583008355
0.589,-0.244318675784,0,1.37776160857,0.65838093531,20.4371951005,0.680954204887,-0.0202117833181,21.1794425095,1.56512055169,1.65714301575,23.5015179967
0.5895,-0.269237558136,0,1.26578982223,0.85604755956,19.3951522925,0.626017854947,0.29447384367,20.2051355964,1.38618705954,1.48934132297,23.4625562506
0.59,-0.284734951896,0,1.21059426031,1.06140295284,18.4108618122,0.619333267108,0.632431721251,19.2661792311,1.27490587343,1.38498315513,23.4383254078
0.5905,-0.292374263412,0,1.20377946817,1.28008942523,17.4821014117,0.700142323554,1.05578988441,18.4042437096,1.22005073716,1.33354066321,23.4263810151
0.591,-0.293317460986,0,1.23964023335,1.51923933333,16.6073565698,0.852749609357,1.54309121567,17.6255794142,1.21327797611,1.32718924876,23.4249062851
0.5915,-0.288354171422,0,1.31491539227,1.78721297268,15.7858627848,1.06494231934,2.07881520005,16.9360743269,1.24891756547,1.36061163018,23.4326666021
0.592,-0.277935754281,0,1.42856145341,2.09356589451,15.0177405774,1.32751814151,2.65238359329,16.3417683281,1.32372845527,1.43076838953,23.4489562462
0.5925,-0.262206633435,0,1.58157708112,2.44917421434,14.3042393163,1.70739001186,3.36724762803,15.8904680607,1.43667358988,1.5366869884,23.4735494042
0.593,-0.241028589291,0,1.77689229536,2.866459988,13.6481170572,2.13270922242,4.1145936525,15.5469152741,1.58874547424,1.67929818608,23.5066621886
0.5935,-0.213996094041,0,2.01932376123,3.35966254957,13.0541996691,2.56891869222,4.88444262881,15.2887026329,1.78285605706,1.86133277331,23.5489286595
0.594,-0.180442499792,0,2.31558680999,3.94509188578,12.5301823759,3.0077353045,5.73966537245,15.0198616151,2.02379229603,2.08727990186,23.6013911497
0.5945,-0.139438374795,0,2.67434253217,4.64127053802,12.0877590053,3.41540091807,6.62041089598,14.74493483,2.31822810476,2.36339828825,23.6655028656
0.595,-0.0897849855645,0,3.10624026394,5.46881139494,11.7441843095,3.87047658384,7.59019587118,14.4328433923,2.67477115539,2.69776010463,23.7431380788
0.5955,-0.030008416556,0,3.62388644077,6.44977544098,11.524380874,4.48044291843,8.63921188665,14.3919215499,3.10400510298,3.10029057638,23.8366013196
0.596,0.0416361190253,0,4.24162243662,7.6060872282,11.4636667282,5.30409183177,10.063637133,14.173793959,3.61845863118,3.58273895346,23.9486206375
0.5965,0.127133531187,0,4.97491700039,8.95634029368,11.6110450351,6.43209956625,12.0139199033,14.1957008833,4.23238466172,4.1584714557,24.0822995248
0.597,0.228624763648,0,5.839064267,10.5100096273,12.0326543095,7.32097470058,13.3704528525,14.9004650081,4.96115653801,4.84190502103,24.240985439
0.5975,0.348226592775,0,6.84672722848,12.2577998085,12.8142480746,8.13554883616,14.6536558164,15.7702866253,5.81997406645,5.64729384643,24.4279880514
0.598,0.487691633046,0,8.00371491548,14.1569063366,14.0602329123,8.97835011006,15.9500009081,16.7654220319,6.82142213847,6.58643989284,24.6460476502
0.5985,0.647823880165,0,9.30235087606,16.111082551,15.8847538442,10.2687754468,17.8986161536,18.3097194557,7.97127395678,7.66475720083,24.8964213172
0.599,0.827560879004,0,10.7121646401,17.9488679187,18.3881736079,11.4174040122,19.2532871033,19.7420639822,9.26190041491,8.87509128546,25.1774478581
0.5995,1.02268538084,0,12.168903082,19.4104648188,21.6124251256,12.4297264485,19.720784063,22.0460004836,10.6630189733,10.1890435426,25.4825334229
0.6,1.22430446701,0,13.5654876499,20.1635006253,25.4762098578,13.3132460958,19.3766591714,24.9402495291,12.1107727956,11.5467297935,25.79777355
0.6005,1.4175979892,0,14.7521381302,19.8720223642,29.7112131943,14.0740779159,18.3475499286,28.0456569486,13.4987437505,12.8483523851,26.0999962992
0.601,1.58183569897,0,15.5547097378,18.3241804266,33.8481881181,14.6948071298,16.7859926655,30.9776046782,14.6780754131,13.9543155391,26.356789034
0.6015,1.69291518275,0,15.8151734613,15.5719230154,37.3070786051,15.1100372556,14.8303438008,33.486696658,15.4756970583,14.7023155958,26.5304665923
0.602,1.72896452174,0,15.443596125,11.9842882384,39.5892156546,15.2080527204,12.5890597739,35.534866105,15.7345543386,14.945068863,26.5868312868
0.6025,1.67753656402,0,14.4557706355,8.14109009176,40.4713578531,14.8802952927,10.1804207347,37.1898545097,15.3652687528,14.5987572492,26.5064214594
0.603,1.5408171182,0,12.9724361772,4.61360112295,40.0682775016,14.0931156438,7.79624544362,38.399928955,14.3835358026,13.6780998087,26.2926547158
0.6035,1.33551702495,0,11.1794493123,1.77537978143,38.7289370718,12.9222388538,5.71675165468,38.8815371285,12.9093499982,12.2956259606,25.9716591755
0.604,1.08735965996,0,9.27268055463,-0.253885792108,36.8601638056,11.5257713766,4.25154296982,38.2405762507,11.1274216078,10.6245547891,25.5836544445
0.6045,0.823454374418,0,7.41473298396,-1.54679829143,34.7938094336,10.0946211792,3.6670168048,36.2002206742,9.23241308896,8.84743842321,25.1710271613
0.605,0.566306158527,0,5.7154945985,-2.2681238367,32.7402338694,8.47020028591,2.86271524987,34.4057092178,7.38592464622,7.11582360543,24.7689648476
0.6055,0.331124000488,0,4.23289153779,-2.59635358412,30.8035832341,6.83044184028,1.93507586307,32.320423702,5.6971665296,5.53212640448,24.4012474116
0.606,0.125925135916,0,2.98414703945,-2.68323281824,29.0186383128,5.77323633558,1.88996654532,29.7219409513,4.22370761182,4.15033422188,24.0804101467
0.6065,-0.0469066624194,0,1.95943607118,-2.64192772471,27.3841105273,4.37659664079,1.02649069815,27.5689962446,2.98266490398,2.98649918634,23.8101801842
0.607,-0.188731222732,0,1.13364631769,-2.54989141872,25.8844911742,3.25476608514,0.37111709937,25.736959834,1.96427397092,2.03146432712,23.5884313743
0.6075,-0.303024201265,0,0.474910552839,-2.45677937186,24.5016215233,2.34258977943,-0.153018627885,23.9935384905,1.14357738075,1.26182486254,23.4097293785
0.608,-0.394196163999,0,-0.0499132234409,-2.39265942502,23.2196012617,1.63779918976,-0.441724834458,22.2762418188,0.488904452511,0.647880406073,23.267178087
0.6085,-0.4668341113,0,-0.472122295498,-2.37480663066,22.026176165,1.09218735966,-0.571863063615,20.601766882,-0.032682406384,0.158742476632,23.1536055271
0.609,-0.525269726668,0,-0.819686036139,-2.41279266161,20.9126095938,0.58200546947,-0.798754883503,19.2276963811,-0.452287450295,-0.234758124201,23.062238925
0.6095,-0.573374095825,0,-1.11681043825,-2.51209317641,19.8731040832,0.0454090833609,-1.23761435192,18.2445886486,-0.797707547365,-0.558688967524,22.9870256714
0.61,-0.614497435959,0,-1.38412338505,-2.67655288139,18.9042550274,-0.476235646353,-1.74617360723,17.5627570987,-1.09299939694,-0.835610138789,22.9227275575
0.6105,-0.65149473795,0,-1.63919126772,-2.91002155841,18.0047131688,-0.936617189391,-2.14640090546,16.9866498943,-1.35866365715,-1.08474691045,22.8648806819
0.611,-0.686797268545,0,-1.89718085486,-3.21740847758,17.1750992948,-1.3733085197,-2.59612655805,16.4496396994,-1.61215837621,-1.3224712317,22.8096836545
0.6115,-0.722504176048,0,-2.17155225508,-3.60533193286,16.4181727049,-1.78838265482,-3.09421153264,15.9624122373,-1.86855677976,-1.56291859361,22.7538543663
0.612,-0.760478399418,0,-2.47471515173,-4.08247284181,15.7392555778,-2.18449418722,-3.63659262119,15.5364014845,-2.14123595947,-1.81863387303,22.6944800321
0.6125,-0.802437494082,0,-2.81860628086,-4.65967431264,15.1469315705,-2.56506614591,-4.22336709917,15.1842348902,-2.44252906041,-2.10118294618,22.62887518
0.613,-0.850033557455,0,-3.2151546794,-5.34975641462,14.6540538348,-2.9338184536,-4.85772251864,14.9216616758,-2.78429919727,-2.42169090039,22.5544566844
0.6135,-0.904917621359,0,-3.67659384328,-6.16692807351,14.2791031503,-3.36136345201,-5.69679808879,14.687630036,-3.17840183313,-2.79127564741,22.468643086
0.614,-0.968782856097,0,-4.21555588029,-7.1255658356,14.0479142023,-3.87082057751,-6.79274708363,14.488167899,-3.63699501227,-3.22133885601,22.3687870402
0.6145,-1.04337760163,0,-4.84483975858,-8.23798503937,13.9957070535,-4.47145243673,-8.16909946826,14.3596125267,-4.17263293238,-3.72365370291,22.2521549419
0.615,-1.13047329214,0,-5.5766818011,-9.5106602629,14.1691688911,-5.33901538235,-9.99185204923,14.420710211,-4.79803562232,-4.31014887933,22.1159770776
0.6155,-1.23176348919,0,-6.42127469808,-10.9382081021,14.6279467114,-6.45608289556,-11.9038470192,14.7651944642,-5.52536393598,-4.99222868886,21.9576054909
0.616,-1.3486589065,0,-7.38420074698,-12.4944701316,15.4442373287,-7.83260220151,-13.9194734899,15.4978493104,-6.36474769886,-5.77939276092,21.7748344699
0.6165,-1.48193215889,0,-8.46242257382,-14.1205447419,16.6981563461,-9.02984858489,-15.3975099177,16.3227614326,-7.32173477889,-6.67684381983,21.5664559983
0.617,-1.63116286027,0,-9.63863578559,-15.7111611468,18.4654566184,-10.0491247955,-16.3523575864,17.4568596318,-8.39330653549,-7.68175102048,21.3331273677
0.6175,-1.79395600562,0,-10.874347616,-17.1039902953,20.7938452412,-10.8974974962,-16.8218161507,19.1971599687,-9.56226530269,-8.77798659706,21.0785932717
0.618,-1.96498402468,0,-12.1032457748,-18.0812693244,23.6666175591,-11.5887872269,-16.8753240411,21.9008410431,-10.7903557232,-9.92967513218,20.8111835958
0.6185,-2.13506900126,0,-13.2282505931,-18.3969631262,26.9602445505,-12.1488549376,-16.4821048905,25.5217469356,-12.0116744963,-11.0750132972,20.5452484075
0.619,-2.29077467696,0,-14.1272620829,-17.8390160568,30.4160903979,-12.6220970684,-15.2206818544,28.6543828779,-13.1297407044,-12.1235224394,20.3017958756
0.6195,-2.41520186981,0,-14.6719258554,-16.3173598342,33.6572332665,-12.9762799862,-13.3497409076,31.5786010719,-14.0232074265,-12.961404865,20.1072485992
0.62,-2.49058576091,0,-14.7584417087,-13.9377810724,36.2711946774,-13.1360356871,-11.1200075848,34.2292094987,-14.5645119158,-13.4690337528,19.9893826378
0.6205,-2.5025599402,0,-14.3404229751,-11.0063954981,37.9379209917,-13.0038625161,-8.75406632527,36.264847958,-14.6504941717,-13.5496668859,19.9706604927
0.621,-2.44470428633,0,-13.4477878214,-7.94128984182,38.5361384961,-12.5132502085,-6.4784696348,37.4053369781,-14.2350536218,-13.1600716978,20.0611202999
0.6215,-2.3211596068,0,-12.1804233926,-5.13416588701,38.1628636778,-11.6752461048,-4.5732649114,37.8102020789,-13.3479239089,-12.3281320438,20.2542877288
0.622,-2.14575072718,0,-10.6795524365,-2.84158958752,37.0614762394,-10.5794787299,-3.36948492712,38.1692166084,-12.0883761113,-11.1469431561,20.5285470689
0.6225,-1.93802350456,0,-9.09164375094,-1.15447884234,35.514335544,-9.40443365381,-2.47424333167,37.3717534483,-10.5967619678,-9.74812521951,20.8533375305
0.623,-1.71824987266,0,-7.54012645588,-0.0343940567956,33.7609711284,-8.29222685613,-1.90399918545,35.6880691495,-9.01864691098,-8.26818775915,21.1969630721
0.6235,-1.50351297123,0,-6.11174948834,0.62578551848,31.9651094451,-7.34093864327,-1.81610044075,33.8501776872,-7.47669879615,-6.82216722522,21.5327134685
0.624,-1.30581923938,0,-4.85586399104,0.950681109611,30.2191719882,-6.50351569247,-2.12575968481,32.2191966697,-6.05713152521,-5.49091398567,21.8418161351
0.6245,-1.13199909499,0,-3.79115508614,1.05248303316,28.5646942301,-5.2780708699,-2.05471453554,30.4777071131,-4.80899186143,-4.32042350957,22.1135914191
0.625,-0.984638642169,0,-2.91477342021,1.01920700657,27.0133222348,-3.89808964101,-1.3754797941,28.8721367988,-3.75084968411,-3.32811040803,22.3439958356
0.6255,-0.863343517704,0,-2.21081635972,0.913787618889,25.5621333579,-2.56911979955,-0.334546990862,27.5008366383,-2.87987321355,-2.51131907188,22.5336459882
0.626,-0.765912726316,0,-1.65691604636,0.777958288407,24.2027610511,-1.4875362996,0.556596101236,26.1735919924,-2.18025789776,-1.85522818091,22.6859832279
0.6265,-0.689250456825,0,-1.22877681322,0.637377203559,22.9259649239,-0.645223542195,1.25778420687,24.9062190006,-1.62977383502,-1.33899079868,22.8058479889
0.627,-0.629994080761,0,-0.902982334005,0.506371403381,21.7234767444,-0.039121495749,1.68907642964,23.676188788,-1.20427520505,-0.939963263199,22.8984978857
0.6275,-0.584902674308,0,-0.658517967718,0.391748136567,20.5884633139,0.35865258233,1.81759652446,22.2649553682,-0.88049010472,-0.636321461534,22.9690002423
0.628,-0.551067717589,0,-0.477419692453,0.295621719318,19.5154075359,0.65551880187,1.90681144292,20.7619990209,-0.637533503502,-0.408479661386,23.0219026548
0.6285,-0.526002909992,0,-0.344874968708,0.21739359229,18.4998178401,0.865888437447,1.95579484971,19.2373773382,-0.457552174881,-0.239695320066,23.0610925613
0.629,-0.507658130099,0,-0.249011181783,0.155070545007,17.537943133,1.00329136803,1.96645677609,17.7393125326,-0.325824937576,-0.116163089514,23.0897754149
0.6295,-0.494390155175,0,-0.180531533103,0.106095864138,16.6265505826,1.08028142006,1.94269099841,16.2998540755,-0.230552402748,-0.0268176437382,23.1105204653
0.63,-0.484912266907,0,-0.132300226594,0.0678386389385,15.7627707933,1.08845608211,1.84356962258,14.9976774425,-0.16249511101,0.0370056719687,23.1253395519
0.6305,-0.478236839347,0,-0.0989370961143,0.0378536466571,14.9439968021,1.04287698291,1.68577426316,13.830235322,-0.114561277218,0.0819574490534,23.1357768705
0.631,-0.473619233546,0,-0.0764533961407,0.0139944701247,14.1678206654,0.95877314531,1.48923315384,12.7847062614,-0.0814039180881,0.113052024605,23.1429966961
0.6315,-0.470507389366,0,-0.0619421311681,-0.00556207911254,13.431994275,0.848282916239,1.26921419282,11.8494434262,-0.0590588891935,0.134006925942,23.1478621986
0.632,-0.468498965686,0,-0.0533252154476,-0.0223412423402,12.7344049735,0.720996983619,1.03725897872,11.0138702783,-0.044637124293,0.147531484895,23.1510024555
0.6325,-0.467306346185,0,-0.0491536624148,-0.0376204236871,12.073059894,0.584408891806,0.801936328163,10.2683716488,-0.0360733544961,0.155562485974,23.1528671675
0.633,-0.466728984672,0,-0.0484541742888,-0.0524892511849,11.4460753468,0.444288812754,0.569449539642,9.6041896766,-0.0319275300471,0.159450390648,23.1537698971
0.6335,-0.466632172402,0,-0.0506146859224,-0.0679115152393,10.8516691429,0.304993294238,0.344124935517,9.01332781153,-0.0312323561031,0.160102316474,23.1539212672
0.634,-0.466931196831,0,-0.0553017499327,-0.0847853638235,10.2881547068,0.169721379521,0.128803828768,8.48846307876,-0.0333795425065,0.158088710699,23.1534537296
0.6345,-0.467579907358,0,-0.0624035664085,-0.10400094213,9.75393640628,0.0407256227882,-0.074844299198,8.02286533066,-0.0380376984533,0.153720347662,23.1524394428
0.635,-0.468562830378,0,-0.0719936103595,-0.126496382084,9.24750588142,-0.080514975698,-0.266073153881,7.61032179763,-0.0450957135729,0.147101425343,23.1509026003
0.6355,-0.469890135158,0,-0.084310994135,-0.153314087375,8.76743938602,-0.193154340439,-0.444864137029,7.24506513046,-0.0546266097082,0.138163464729,23.1488273021
0.636,-0.471594915913,0,-0.0997548206773,-0.185659919373,8.31239635092,-0.296866315495,-0.611775013039,6.92170303144,-0.0668680244528,0.126683612123,23.1461618039
0.6365,-0.473732410267,0,-0.118890800141,-0.224968376144,7.88111958539,-0.391755464199,-0.767825650005,6.63514777784,-0.0822165992309,0.112289901931,23.1428197394
0.637,-0.476380915023,0,-0.14246931846,-0.272977313634,7.47243780597,-0.478288671135,-0.914415395947,6.38054384589,-0.101234555107,0.094455089951,23.1386786882
0.6375,-0.479644286937,0,-0.171454984484,-0.331816283923,7.08527157771,-0.557245228216,-1.05326801549,6.15319184622,-0.124667649916,0.0724798133894,23.1335762656
0.638,-0.483656032167,0,-0.207068475814,-0.404113229596,6.7186443508,-0.629683713907,-1.18640129908,5.94846689745,-0.153474543159,0.0454650528102,23.1273037291
0.6385,-0.488585097928,0,-0.250842290492,-0.49312512484,6.37170119229,-0.696924547514,-1.31611950378,5.76172947677,-0.188868383752,0.0122731316421,23.1195969224
0.639,-0.494643588773,0,-0.304692830529,-0.602899223586,6.0437392262,-0.766206563807,-1.458134944,5.60489497174,-0.232372217861,-0.0285242446259,23.110124211
0.6395,-0.502096743272,0,-0.371012128641,-0.738472867298,5.73425598033,-0.851978316925,-1.64456590787,5.5100898579,-0.285890627843,-0.0787131705919,23.0984708828
0.64,-0.511275629403,0,-0.452783506571,-0.906121274834,5.44302521771,-0.959349600733,-1.88560114816,5.48070315465,-0.35180089325,-0.140523030638,23.0841192989
0.6405,-0.522593152178,0,-0.553726525994,-1.11366423726,5.1702150562,-1.09458924061,-2.19379571957,5.52204121269,-0.433067935809,-0.216734292963,23.0664238645
0.641,-0.536564115493,0,-0.678477720558,-1.37084381703,4.91657124675,-1.26538291781,-2.58463542719,5.6417593438,-0.533388376322,-0.310813604427,23.0445796615
0.6415,-0.553830236249,0,-0.832814647951,-1.68978523319,4.68370089123,-1.48115951274,-3.07724617926,5.85043729926,-0.657370152028,-0.42708223356,23.0175833378
0.642,-0.575191154152,0,-1.02393145767,-2.08555051415,4.47451085504,-1.75350009725,-3.69528136212,6.16235406734,-0.810755186794,-0.570924888015,22.9841846224
0.6425,-0.601642571523,0,-1.2607737536,-2.57678604088,4.29388383074,-2.09703422568,-4.46193559826,6.61402943334,-1.00069325928,-0.749046544866,22.9428266918
0.643,-0.634422599769,0,-1.55443765379,-3.18644458272,4.14971764293,-2.41749820298,-5.11084613851,7.16407746639,-1.23607480023,-0.969784543927,22.8915737055
0.6435,-0.675066991031,0,-1.91862987357,-3.9425179633,4.05451476548,-2.77536129097,-5.82653351596,7.66561159128,-1.52792749097,-1.2434805131,22.8280244487
0.644,-0.725472815736,0,-2.37016710884,-4.87862586858,4.02779250766,-3.17014127305,-6.64658053066,8.13910431378,-1.88987350892,-1.58290916773,22.7492127703
0.6445,-0.787967579469,0,-2.9294540872,-6.03412934087,4.09968547607,-3.59924202768,-7.5733990974,8.6169467287,-2.33862583087,-2.00374373794,22.6514995149
0.645,-0.865375387378,0,-3.62080250103,-7.45310539485,4.31620181612,-4.06858362166,-8.63095378358,9.1349566156,-2.89446333566,-2.52500151421,22.5304690724
0.6455,-0.961061085931,0,-4.47230706779,-9.18092560829,4.74658044145,-4.71110514966,-10.1342259288,9.59691311342,-3.58154777023,-3.16934109436,22.3808603605
0.646,-1.07891310911,0,-5.51473308673,-11.2561970454,5.49283668388,-5.54447281717,-12.1421260949,10.090900642,-4.42780057428,-3.96294687124,22.1965936451
0.6465,-1.22318951131,0,-6.77843495582,-13.6944029142,6.70033613417,-6.87298085048,-14.587466362,10.9064773978,-5.46379729818,-4.93449223093,21.9710112747
0.647,-1.39809147635,0,-8.28669606333,-16.4581366333,8.56506961106,-8.46217407645,-16.9936482733,12.0853831534,-6.71970512528,-6.11226759785,21.6975445174
0.6475,-1.60684152884,0,-10.0432275777,-19.4091938027,11.3267866898,-9.84461045155,-18.67693492,13.5537976924,-8.2186638406,-7.51797318614,21.3711548172
0.648,-1.849953311,0,-12.0116236589,-22.2449303344,15.2269610338,-11.0227281186,-19.6754574794,15.9952138685,-9.96436172343,-9.1550678201,20.9910390723
0.6485,-2.1223880925,0,-14.0872214388,-24.4439233682,20.4028282465,-12.0275364848,-20.0330908965,20.2346524939,-11.9206174715,-10.9896211064,20.5650755547
0.649,-2.40966006638,0,-16.0700030364,-25.2881742799,26.7056755396,-12.9878057766,-18.8436199595,24.2813918302,-13.9834137381,-12.9240868191,20.1159134476
0.6495,-2.6840858674,0,-17.6614336014,-24.0602095125,33.509129869,-13.9332075013,-16.554738524,29.6889263448,-15.9539662781,-14.7720474661,19.6868368852
0.65,-2.90434694309,0,-18.5172796195,-20.4383755335,39.699469946,-14.7740091209,-13.645918125,37.072418444,-17.5355814927,-16.2552673326,19.3424492043
0.6505,-3.02279984247,0,-18.3659174715,-14.8694099756,44.0456291521,-15.2184457167,-10.3570414833,44.9298758899,-18.3861489716,-17.0529193601,19.157242993
0.651,-3.00185064728,0,-17.1385176883,-8.5183242948,45.8247844049,-14.9097657395,-6.69009854775,50.1661769513,-18.2357203689,-16.9118492124,19.1899979622
0.6515,-2.83197305256,0,-15.0146307341,-2.69873603773,45.1904456822,-13.7519095861,-2.89030118786,50.8532668774,-17.01589073,-15.7679075396,19.4556089001
0.652,-2.53801764194,0,-12.3418222082,1.74943134804,42.9491634398,-12.005460396,0.251695220427,48.194228845,-14.9051031186,-13.7884361167,19.9152208484
0.6525,-2.16808904186,0,-9.49395034194,4.64728862859,40.0238534711,-10.0505404954,1.76006196164,45.4712069345,-12.2487794792,-11.2973675196,20.4936201515
0.653,-1.77393089603,0,-6.76329297105,6.25842042802,37.0768972005,-8.27172924943,2.37683515805,41.6788956508,-9.41847222491,-8.64313916535,21.1099033932
0.6535,-1.39599575824,0,-4.32425314997,6.98766909123,34.4376746544,-6.84462486152,2.04682761143,38.1073664769,-6.70465653063,-6.09815520544,21.7008212629
0.654,-1.05842178771,0,-2.24856436184,7.19703645041,32.1994273374,-4.80787481199,2.31797772455,34.8051841205,-4.28065979783,-3.82496000768,22.2286327089
0.6545,-0.771137217874,0,-0.538624890488,7.14701913843,30.3371236674,-2.71853086303,3.53296934568,32.0849550227,-2.21777308428,-1.89040947495,22.6778145103
0.655,-0.534473981903,0,0.841630099382,7.00357628784,28.7864390399,-0.865165368168,4.77026408941,29.1373232866,-0.518379882073,-0.296738817695,23.0478476754
0.6555,-0.343440546018,0,1.94497895834,6.86406636109,27.4826469079,0.678663757441,5.7540106711,26.6131094678,0.853362209614,0.989664539699,23.3465366823
0.656,-0.190732151515,0,2.82781444023,6.78154235021,26.374646916,1.98312595385,6.6194427538,24.6832127639,1.94990602417,2.01799023818,23.5853028359
0.6565,-0.0685437901883,0,3.54319784926,6.78220455319,25.4271273489,3.09944103362,7.45161422863,22.9454753614,2.82729650595,2.84079655749,23.7763496028
0.657,0.0304684587118,0,4.13772493667,6.87659719289,24.6183428147,4.27771107712,8.4766525131,21.4528051553,3.53826769682,3.50753685255,23.9311595195
0.6575,0.112753654612,0,4.65054537728,7.06634854103,23.9369787342,5.5468862554,9.85943814258,20.3274915333,4.12912796281,4.06163855616,24.0598159682
0.658,0.183730286816,0,5.11348893584,7.34798997014,23.3793962246,6.51882240652,10.8015541999,19.7287707961,4.63878551814,4.53958932714,24.1707909904
0.6585,0.247803736477,0,5.55167213715,7.71488840427,22.947544922,7.1563722755,11.224732482,19.6875719735,5.09887381343,4.97105463781,24.2709725893
0.659,0.308450242453,0,5.98422141757,8.15793684725,22.6474281326,7.65912001278,11.5298480785,19.9468694038,5.53435446411,5.37944319315,24.3657960141
0.6595,0.368316988696,0,6.4249070498,8.66540770536,22.4878715003,8.11071280995,11.9063860101,19.97753047,5.96423594184,5.78258091093,24.459400251
0.66,0.429309842253,0,6.88257983315,9.22225146416,22.4793189318,8.42667803327,12.1983871237,19.7454319616,6.40220358939,6.19330174224,24.5547652051
0.6605,0.492653793158,0,7.36136892846,9.80908848594,22.632390453,8.80953506533,12.4910819858,20.2451968674,6.85705361764,6.61985466862,24.6538062013
0.661,0.558920335654,0,7.86065393061,10.4011757138,22.9559725175,9.30466532006,12.8911746363,21.2602931928,7.33288972032,7.06608808507,24.7574167953
0.6615,0.62802360291,0,8.37488044966,10.967716503,23.4546900621,9.96467261646,13.6530514119,22.319731948,7.82909531872,7.53142377142,24.8654627307
0.662,0.699194842629,0,8.8933528237,11.4719898775,24.1257661202,10.5622779749,14.2492458182,23.2653109733,8.34015028032,8.01068501331,24.9767420301
0.6625,0.770953727583,0,9.40020728667,11.8728427405,24.9555408124,11.089170199,14.6769300233,24.0548924886,8.85542491006,8.49390340961,25.0889401382
0.663,0.841104641917,0,9.87482661611,12.1280134695,25.9162916081,11.4049445884,14.5972538491,24.8720752194,9.35915328366,8.96629386475,25.1986241149
0.6635,0.906794070252,0,10.2929682161,12.1994207011,26.9643819916,11.6109646736,14.1829862588,25.9130151627,9.83084533804,9.40864104216,25.3013323661
0.664,0.964666729373,0,10.6287960191,12.0598988862,28.0409637755,11.7087939136,13.4857314624,27.0902648796,10.2464079965,9.79835074219,25.3918187618
0.6645,1.01114679252,0,10.8577991629,11.70000937,29.0761974794,11.6991025126,12.5641005796,28.3121974011,10.5801645389,10.1113436432,25.4644923429
0.665,1.0428418472,0,10.9602643454,11.1328705237,29.9970606934,11.5820463804,11.4822371816,29.4875890103,10.8077552766,10.32477552,25.5140489264
0.6655,1.05702348467,0,10.9246424009,10.3949504795,30.7374470154,11.3583798,10.3081011155,30.5294641371,10.9095884921,10.4202734938,25.5362225275
0.666,1.05209324894,0,10.7499758475,9.5417780007,31.2480183733,11.0313378118,9.11185058769,31.357426191,10.8741862504,10.3870736941,25.5285138916
0.6665,1.02791862029,0,10.4466758011,8.6393013605,31.5029397698,10.6088766008,7.96423652212,31.8989800455,10.7005969753,10.2242837442,25.4907158182
0.667,0.985940543488,0,10.035364799,7.75330669564,31.5015854123,10.105480259,6.93452770708,32.0913390242,10.3991675704,9.94160684694,25.4250812867
0.6675,0.929013269529,0,9.54407189194,6.93995662377,31.265148872,9.54273097066,6.08751088908,31.8849687706,9.99039338129,9.5582632924,25.3360730414
0.668,0.861016143813,0,9.00452151111,6.23980109023,30.8298274526,8.94827027122,5.47962699473,31.2486876477,9.50213058569,9.10037627169,25.2297566059
0.6685,0.786339968875,0,8.44840995894,5.67605788132,30.2390269585,8.4565860818,5.32995927978,30.3213078829,8.96590795045,8.59751308592,25.1129971893
0.669,0.709371654088,0,7.90439846336,5.25646243977,29.5366848545,7.94167361216,5.22288424275,29.5071601125,8.413226287,8.07921481998,24.9926539133
0.6695,0.634078041006,0,7.39620493914,4.97718530675,28.7628146446,7.43046100893,5.17103827421,28.8218111323,7.87257005151,7.57219385682,24.8749291055
0.67,0.563741794632,0,6.94182315138,4.8272953915,27.9513715911,6.72081192027,4.63603838168,28.2399088252,7.36751087547,7.09855539106,24.7649553541
0.6705,0.500853332169,0,6.55365542149,4.79270257633,27.1299197135,5.98291623194,4.06994945323,27.3216370507,6.91593154517,6.67506968616,24.6666265338
0.671,0.44712919012,0,6.23924354633,4.85907252895,26.320393275,5.27367430254,3.61183954704,25.9742685633,6.53015788912,6.31329575698,24.5826265232
0.6715,0.403613186747,0,6.00229105141,5.01363790689,25.5403444725,4.76293095623,3.3933210488,24.8491946131,6.21768518919,6.02026258936,24.5145873772
0.672,0.37081790647,0,5.84373684801,5.24606753584,24.8042745547,4.44252300596,3.3670229099,24.0807923853,5.98219412891,5.79942188438,24.4633105437
0.6725,0.348873298791,0,5.76272236734,5.54863300815,24.1248390861,4.24144868717,3.43188478549,23.5977784666,5.82461782873,5.65164871125,24.4289992042
0.673,0.337660533968,0,5.75736560258,5.91589457137,23.5138507798,4.15522618173,3.60465022941,23.3021367089,5.74410301518,5.57614288031,24.4114675633
0.6735,0.336919133875,0,5.8253062292,6.34406975424,22.9830718934,4.17932917151,3.90072862259,23.1051540457,5.73877928894,5.5711503534,24.4103083523
0.674,0.346322419089,0,5.96401594558,6.83018328165,22.5448077461,4.30934163557,4.33430973761,22.9266491111,5.8063008831,5.63447129831,24.4250107938
0.6745,0.365520461412,0,6.17088183497,7.37104328512,22.212300405,4.54116512604,4.91865770471,22.6940587672,5.94415508967,5.7637493275,24.4550277601
0.675,0.394151621529,0,6.44307380886,7.96205532529,21.9998894696,4.82849927508,5.5901607508,22.3649541787,6.14974510738,5.95654919172,24.4997938124
0.6755,0.431824202591,0,6.77720613151,8.59587822304,21.9228633636,5.12488081088,6.28337434354,21.9033530152,6.42025830265,6.21023323679,24.5586965158
0.676,0.478069603698,0,7.16880375569,9.26095109563,21.9968771241,5.53235597464,7.01093156698,22.0417448862,6.75232982171,6.52164594302,24.6310031928
0.6765,0.532268458388,0,7.61159316738,9.93998806081,22.2367734501,6.12323821883,7.87007037017,22.6513090327,7.14151221774,6.88661654786,24.715745437
0.677,0.59355248439,0,8.09666144591,10.6086529046,22.6546352974,6.86165835072,8.93896612208,23.5171586454,7.58157066942,7.29929811032,24.8115656518
0.6775,0.6606880938,0,8.61157229339,11.2347863866,23.2569578103,7.74641387406,10.2642002591,24.2455061569,8.06364722766,7.75138375149,24.9165350694
0.678,0.73195404762,0,9.13959567066,11.7787311881,24.0410034631,8.58785663051,11.4119410039,24.8457832627,8.575382297,8.2312827903,25.0279624584
0.6785,0.805034833945,0,9.65928967244,12.195402512,24.9907366834,9.33873623091,12.2974125104,25.3228727057,9.10014902295,8.7234027611,25.1422274162
0.679,0.876962797616,0,10.1447421503,12.4386489428,26.0732075987,9.91129011773,12.6524659818,26.0355683836,9.61663774587,9.20775971949,25.2546898861
0.6795,0.94415158193,0,10.5667854517,12.4679836145,27.2367337375,10.3737279681,12.6527116976,26.9638560233,10.0990961339,9.66020343606,25.359742445
0.68,1.00256425389,0,10.8953782434,12.2568811065,28.4124218314,10.7193871198,12.3437924605,28.0169789635,10.5185364295,10.0535495379,25.451073174
0.6805,1.04804295926,0,11.1030642162,11.8007339512,29.5201112491,10.9418108202,11.7810640894,29.0990709018,10.8451025834,10.3597993784,25.5221810892
0.681,1.07678762257,0,11.1690057962,11.1217938391,30.4785209756,11.0354850079,11.0279122231,30.1151764029,11.0515076265,10.5533635638,25.5671246086
0.6815,1.08591423083,0,11.0827015284,10.2686817159,31.2175725495,10.9976016479,10.1541233295,30.9756362738,11.1170425034,10.6148213889,25.5813944538
0.682,1.07396933592,0,10.8463505688,9.30965085205,31.6894532495,10.8306141111,9.23436070057,31.5981779774,11.0312705282,10.5343854545,25.562718096
0.6825,1.04125731081,0,10.4750878941,8.32117227332,31.8749789975,10.5447595782,8.34622698612,31.9088588839,10.7963772932,10.314105383,25.5115714355
0.683,0.989872903657,0,9.99493419977,7.37530440939,31.7834830324,10.1594504474,7.56716065815,31.8440787676,10.4274044282,9.96808703509,25.4312297012
0.6835,0.923417494583,0,9.43901517674,6.52959193655,31.446944391,9.70276305742,6.96986050209,31.3550921503,9.9502121429,9.52058180673,25.3273238062
0.684,0.846475826686,0,8.84307198522,5.82183751314,30.9109831789,9.20901970429,6.61682316027,30.414285897,9.39772182114,9.00246297875,25.2070221937
0.6845,0.763994635673,0,8.24132721724,5.26997471379,30.2257950155,8.79839986306,6.64638136909,29.3122666301,8.80545418505,8.44704146026,25.0780592982
0.685,0.680710480646,0,7.66345104297,4.8756233964,29.4392175596,8.36582411174,6.70862957787,28.3595704363,8.20742075445,7.88621284851,24.9478409338
0.6855,0.600729845258,0,7.13290814195,4.62931606695,28.5927356154,7.80173078279,6.47952356142,27.6099402626,7.63310870497,7.34762986479,24.8227877648
0.686,0.527300345628,0,6.66656941312,4.51569264295,27.7201131281,7.12848642548,5.98305706271,26.7153743545,7.10583799476,6.85316168744,24.7079775787
0.6865,0.462756989287,0,6.27524886906,4.5176668604,26.8478111609,6.42166321655,5.51560584917,25.3770435755,6.64237546935,6.41853206404,24.6070612605
0.687,0.408596483718,0,5.96477220594,4.61923422823,25.9963236813,5.87928523213,5.27007214294,24.0507891559,6.25346844451,6.053819699,24.5223789767
0.6875,0.365625131213,0,5.7372392111,4.80702027197,25.1817919592,5.52617478831,5.19501073608,23.1747807276,5.9449066857,5.76445416528,24.4551914158
0.688,0.334133551685,0,5.59224185303,5.07085334276,24.4175340298,5.28575877856,5.18204664641,22.6691638557,5.71877702954,5.55239247332,24.4059529745
0.6885,0.314065271759,0,5.52789834342,5.40366701883,23.7153395493,5.15777730994,5.26452999128,22.3737304026,5.57467396112,5.41725433609,24.3745753543
0.689,0.305159843553,0,5.54163911439,5.80097658102,23.0865061465,5.13999653198,5.46769226055,22.1639097419,5.51072729828,5.3572859191,24.3606513337
0.6895,0.307061627433,0,5.63072873797,6.26008954461,22.5426456414,5.22197130621,5.78419852501,22.0528617534,5.5243833213,5.37009237446,24.3636248547
0.69,0.319392027989,0,5.79253215857,6.7791320026,22.0962917982,5.39394937152,6.20756417427,22.05213299,5.61292347329,5.45312427198,24.3829039672
0.6905,0.341786341794,0,6.02454103349,7.35591336685,21.7613153676,5.65951685287,6.77993642271,21.9725072346,5.77372895072,5.60392572898,24.4179184416
0.691,0.373897403054,0,6.32417354689,7.98661725541,21.5531087615,6.01572408103,7.51564116873,21.7449973782,6.0043068814,5.82015895968,24.4681254692
0.6915,0.415367876956,0,6.68835539243,8.66430053198,21.4884479847,6.37244609543,8.27134816619,21.3571097033,6.30209137317,6.09941770103,24.5329663418
0.692,0.46577226582,0,7.11288726833,9.3772140161,21.5848792221,6.78310246787,9.02593799129,21.3187274612,6.66402708086,6.43883668683,24.6117757752
0.6925,0.524529367582,0,7.59161244385,10.1070393579,21.8594239326,7.37439590334,9.88715968867,21.8748893092,7.08594060243,6.83450215045,24.7036450351
0.693,0.590787063294,0,8.11542498534,10.8272790465,22.3263758067,8.11116780239,10.9518884093,22.7383343603,7.56171317955,7.28067599338,24.8072417968
0.6935,0.663285051198,0,8.67121310647,11.5022401235,22.9940226068,9.00381247948,12.2998049776,23.4574810111,8.08229504057,7.76887144782,24.9205955242
0.694,0.740208601689,0,9.24091645194,12.0872811133,23.8603313826,9.84218417648,13.4484854774,24.0419782941,8.63465526778,8.28686827469,25.0408688093
0.6945,0.819058081184,0,9.80098173873,12.5311449801,24.9080464433,10.5245358364,14.1807230838,24.5564497014,9.20084489542,8.81783414818,25.1641533674
0.695,0.896573610444,0,10.3225946412,12.7810974104,26.1002574324,11.0648691406,14.4410471978,25.3652974251,9.75745590833,9.33981731112,25.2853522368
0.6955,0.968767158514,0,10.7730822642,12.7910139276,27.3781305666,11.4806735387,14.3132975755,26.3987648272,10.2758516969,9.82596269289,25.3982299594
0.696,1.03111665124,0,11.1187359597,12.5314171517,28.6627690421,11.7655584692,13.8483974631,27.5566260407,10.7235608802,10.2458190202,25.4957160774
0.6965,1.07895666164,0,11.3289429522,11.9990236778,29.8625712848,11.9134433814,13.1084186723,28.7345919136,11.0670827125,10.5679696934,25.5705159946
0.697,1.1080502453,0,11.3809862994,11.2223743566,30.8857327259,11.9195117476,12.1648270537,29.8312366263,11.2759932267,10.7638834796,25.6160050661
0.6975,1.11525327627,0,11.2643804093,10.2605454836,31.6551625573,11.782378098,11.0967576581,30.7523602518,11.32771559,10.8123880944,25.6272673153
0.698,1.09911450191,0,10.9834535385,9.19415257298,32.121344524,11.5070771833,9.98924184926,31.4121400052,11.2118288814,10.7037109227,25.6020336463
0.6985,1.06023297223,0,10.5572722036,8.11100018309,32.268900318,11.1077808875,8.93066411152,31.7329930375,10.9326346628,10.4418859175,25.5412406996
0.699,1.001247578,0,10.0168325623,7.09099811013,32.1150294304,10.608940837,8.00861682853,31.6473752226,10.5090818556,10.0446831514,25.4490144946
0.6995,0.926448325452,0,9.4003320774,6.19495398431,31.7012629269,10.0441145302,7.30405267571,31.1033174453,9.97197544447,9.54099117113,25.3320626408
0.7,0.841121913511,0,8.74784628297,5.45972171987,31.0821734146,9.45272463749,6.88474017827,30.0723490104,9.35927730474,8.96641017023,25.1986511198
0.7005,0.750814974509,0,8.09668234838,4.89942542118,30.3148404976,8.94765348455,6.84146896679,28.9358936336,8.71081579942,8.35829071203,25.0574523301
0.701,0.660690986796,0,7.47820440349,4.51061620704,29.451442786,8.4339611606,6.85085347987,27.9684612036,8.06366800121,7.75140323268,24.9165395927
0.7015,0.575090885583,0,6.91633374741,4.27880639313,28.5355344252,7.70227129966,6.34129670428,27.2516253681,7.4490045977,7.17497923087,24.7827001468
0.702,0.497325485174,0,6.42747605028,4.18445880962,27.6013020184,6.91206615864,5.75652609328,26.1252077187,6.89059935034,6.65131345627,24.661110593
0.7025,0.429665403359,0,6.0214141072,4.20747087954,26.674642248,6.17262144271,5.32204469232,24.5242651516,6.40475674524,6.19569606131,24.5553211402
0.703,0.373464622533,0,5.70269237864,4.32997567801,25.7750232145,5.67604804091,5.12153579368,23.4691721988,6.00119924083,5.81724465144,24.4674487982
0.7035,0.329352116261,0,5.47211922587,4.53771804774,24.9174478451,5.29950578714,4.96629142457,22.8909013725,5.68444326906,5.52019468263,24.3984769943
0.704,0.29743976534,0,5.32814421044,4.8204062643,24.1141834855,5.05225936084,4.92861062462,22.4629753566,5.45529220553,5.30529955092,24.3485806588
0.7045,0.277512982187,0,5.26798333135,5.17141001693,23.3761587238,4.928387782,5.02473864305,22.1082682167,5.31220517433,5.17111424126,24.3174242749
0.705,0.269186448668,0,5.28844648315,5.58707589735,22.714051273,4.9165316635,5.24901768505,21.8384605801,5.25241534511,5.1150440532,24.304405381
0.7055,0.272018639984,0,5.38646851416,6.06582245189,22.1391307755,5.00389724459,5.58271599723,21.6782851308,5.27275228781,5.13411579528,24.3088336341
0.706,0.285585325498,0,5.55936541084,6.60708471089,21.6639111273,5.17901145303,6.01174028414,21.6466960677,5.37016975548,5.22547273347,24.3300457314
0.7065,0.309515025785,0,5.8048392258,7.21011100807,21.3026308255,5.4337449783,6.53941170055,21.7434666762,5.54200028857,5.38661335604,24.3674608487
0.707,0.343489694695,0,6.12074740111,7.87257455577,21.0715277537,5.77302211031,7.21145633287,21.7656628622,5.78596011256,5.61539596653,24.4205817072
0.7075,0.38721279267,0,6.50464101757,8.58895176273,20.9888102836,6.18256010284,8.03312457526,21.5609927701,6.09991988402,5.90982369208,24.4889446545
0.708,0.440345378391,0,6.95306893548,9.34864755124,21.0741521189,6.56183933977,8.81518377385,21.216861429,6.48144578777,6.26761412987,24.5720197413
0.7085,0.502409798759,0,7.46064856663,10.1339310194,21.3474632431,7.10538001316,9.67082598375,21.634198983,6.92710796947,6.68555080345,24.6690601363
0.709,0.572661079598,0,8.01892888039,10.9179026085,21.8266397957,7.79686479121,10.6485734033,22.5639182463,7.4315570387,7.15861711833,24.7789010404
0.7095,0.649929560645,0,8.61512825605,11.6629575621,22.5240252178,8.71901815331,12.0760614908,23.3460799135,7.98639408762,7.67893667903,24.8997136393
0.71,0.732446208685,0,9.23092714305,12.3205145288,23.4415082187,9.58548727104,13.2876925597,23.9916566261,8.57891632781,8.23459696221,25.0287319734
0.7105,0.817675516357,0,9.84162859688,12.833038348,24.5646345568,10.2987661138,14.0780929452,24.5532487629,9.19091719686,8.80852407099,25.1619916677
0.711,0.902199316584,0,10.4161354531,13.1393830611,25.8568526348,10.8613707839,14.353651495,25.4414807277,9.79785207181,9.37770035098,25.2941482708
0.7115,0.981713623359,0,10.918254939,13.1839106221,27.2558909157,11.2923741393,14.2030636651,26.5810475444,10.368815584,9.91314311639,25.4184723149
0.712,1.05120919578,0,11.3097170116,12.9284927399,28.6748112143,11.5849391271,13.6801556828,27.8626732419,10.867838184,10.3811205533,25.5271316364
0.7125,1.10538928953,0,11.5548861145,12.3646013044,30.0097876245,11.7322942227,12.851672112,29.1725107837,11.2568858646,10.7459648235,25.6118445471
0.713,1.13932178493,0,11.6264840984,11.5211632262,31.1546318631,11.7286078544,11.7953321948,30.4006064231,11.5005428558,10.9744634411,25.6648994655
0.7135,1.14923126467,0,11.5109652414,10.4640550716,32.0189638583,11.571390783,10.5979290503,31.4459686205,11.57169925,11.0411930581,25.680393364
0.714,1.13324294055,0,11.2118977331,9.28578454356,32.5443777892,11.2650522335,9.3534438507,32.2170274753,11.4568928703,10.9335290058,25.6553949304
0.7145,1.09185066586,0,10.7501252934,8.08807432783,32.7129480869,10.8242819291,8.16028927204,32.6299488914,11.1596698989,10.6547968515,25.5906763257
0.715,1.02793930427,0,10.1605311004,6.9632567495,32.5454756732,10.2755871269,7.11659212997,32.6094463262,10.7007454994,10.2244230284,25.4907481585
0.7155,0.946336842914,0,9.48639435858,5.98051953823,32.0912438087,9.65600444417,6.31333697347,32.0949955524,10.1147877036,9.67491880279,25.3631591947
0.716,0.853033316399,0,8.77301322097,5.18022456783,31.414037019,9.00929396389,5.8266212981,31.0508955295,9.44480878585,9.04662057212,25.2172751114
0.7165,0.754298190778,0,8.06219714783,4.57583374083,30.5793453118,8.45377591817,5.7625828017,29.8285829586,8.73582751713,8.3817464023,25.0628984888
0.717,0.655918081501,0,7.38860138266,4.16056337365,29.6456991548,7.89230701443,5.76278803227,28.7893062646,8.02939549252,7.71926288318,24.9090769497
0.7175,0.562689428562,0,6.77811089456,3.9154675795,28.6606640882,7.09548471608,5.2063193445,27.9382999979,7.35995421489,7.09146884497,24.7633099344
0.718,0.478194826932,0,6.24792097171,3.81659140078,27.6604352226,6.22419083002,4.59253021105,26.598154185,6.75322900452,6.52248918592,24.6311989847
0.7185,0.404814181054,0,5.8077199152,3.84012399946,26.6714880302,5.51665393943,4.21925993256,25.1078087819,6.22630909545,6.02834998569,24.5164651836
0.719,0.343888394933,0,5.46139208703,3.96546257055,25.7129914121,4.99387481433,3.9662742963,24.2185838286,5.78882303494,5.61808078096,24.4212050922
0.7195,0.295955081564,0,5.20880237213,4.17659604306,24.7991894736,4.6091840755,3.81048550924,23.6021216352,5.44463122769,5.29530181317,24.3462592918
0.72,0.260995540421,0,5.047392869,4.46234330405,23.9414031735,4.36684382266,3.81613004719,23.0288690223,5.19359939198,5.05988715452,24.2915985431
0.7205,0.238655746547,0,4.9734633364,4.81590768853,23.1495864379,4.33211010235,4.07381502978,22.4885323937,5.03318540248,4.90945283023,24.2566693129
0.721,0.22842357008,0,4.98310109193,5.23406899333,22.4335057436,4.43252301295,4.50622061843,22.0132695163,4.95971183968,4.84055020018,24.2406708642
0.7215,0.229757478356,0,5.07277722275,5.7161957123,21.8036478396,4.62199055207,5.02819250582,21.6621692584,4.96929015313,4.84953262818,24.2427564873
0.722,0.242169054124,0,5.23964514946,6.26314911228,21.2719427736,4.84920386829,5.55854116124,21.4843912076,5.058413195,4.93311115288,24.2621625207
0.7225,0.265264318124,0,5.48157609836,6.87607086703,20.8523464591,5.09090932728,6.08315054979,21.4887613742,5.22425194256,5.08863275051,24.2982729609
0.723,0.298748638597,0,5.79695303425,7.55499441014,20.5612701086,5.40361694383,6.68521992412,21.6549611457,5.46469075156,5.31411339518,24.3506271385
0.7235,0.342398210672,0,6.18422718591,8.29719647809,20.4177740256,5.79446604933,7.42503206871,21.7725449586,5.77812256009,5.60804600339,24.4188751249
0.724,0.395998677516,0,6.64122582624,9.09521651374,20.4433580891,6.23715328807,8.29885952238,21.5979791776,6.16300814917,5.96898711397,24.502681764
0.7245,0.459249324026,0,7.16419389328,9.93453523145,20.66108279,6.68569631122,9.13549004759,21.5659189709,6.61718819227,6.39491173628,24.6015768747
0.725,0.531630432906,0,7.74656563963,10.7910475452,21.0936603977,7.33258309564,10.0846668312,22.2604806285,7.13693078724,6.88232013704,24.7147478567
0.7255,0.612233275485,0,8.37750964914,11.6287189733,21.7601137279,8.19092870313,11.3866734501,23.1597515922,7.71571068179,7.42509301252,24.8407738735
0.726,0.699558735543,0,9.04038636527,12.3981847232,22.6707031207,9.11305875606,12.7368238122,23.9066000165,8.34276326388,8.0131354381,24.9773109924
0.7265,0.79130382437,0,9.71140920532,13.0374685147,23.8202056271,9.97454708898,13.8666973241,24.4723484582,9.00155160356,8.63093927828,25.1207583912
0.727,0.884176373018,0,10.3589897118,13.4762525455,25.1804152156,10.6096246864,14.3022475219,25.3499176985,9.66843582491,9.25633533963,25.265968622
0.7275,0.973804398323,0,10.9444038649,13.6448363386,26.6938798079,11.1101388706,14.260763656,26.5404606788,10.3120222962,9.85988304915,25.4061059009
0.728,1.05482832354,0,11.4244054784,13.487651352,28.2719856147,11.4684659261,13.7946388161,27.9267394014,10.8938258331,10.4054914603,25.5327902985
0.7285,1.12126268396,0,11.7560703306,12.978877246,29.8006546402,11.6765886436,12.9714643783,29.3833005029,11.3708669756,10.8528549487,25.6366632831
0.729,1.16716657617,0,11.9034116307,12.1351595513,31.1551475619,11.7263547406,11.8718654557,30.7875394504,11.7004862427,11.1619679623,25.7084359961
0.7295,1.1875592681,0,11.8443540702,11.0194602889,32.2216541195,11.6116247676,10.5873357664,32.0274425416,11.8469187965,11.2992906632,25.7403208485
0.73,1.17938543879,0,11.5759885516,9.73237503777,32.9192031592,11.332344647,9.21845259486,33.0027764399,11.788225481,11.2442487726,25.7275407143
0.7305,1.14224245618,0,11.1162067328,8.39251553013,33.2138898646,10.8992136909,7.87261817589,33.6214012343,11.5215151409,10.9941309997,25.6694660608
0.731,1.07860660538,0,10.5009703506,7.11279386808,33.1203008674,10.3367103842,6.65970622446,33.7969612128,11.064569085,10.5656124436,25.5699686666
0.7315,0.993455150878,0,9.77806896703,5.98106808544,32.6908448219,9.68272521523,5.68475379254,33.4537290117,10.4531272514,9.99220959159,25.4368306991
0.732,0.893402380826,0,8.99938016621,5.0506607557,31.9986310009,8.98470063337,5.03875327712,32.5385934816,9.73468445406,9.31846251316,25.2803938827
0.7325,0.78562838385,0,8.21380880934,4.34118084138,31.1207352994,8.38628615975,4.94685050735,31.1665132061,8.96079831545,8.59272133121,25.1118845954
0.733,0.676901810472,0,7.46236729243,3.84622963599,30.1264202228,7.77020400479,4.91855185092,29.9901847194,8.18007206983,7.86056557857,24.9418859139
0.7335,0.5728989589,0,6.77583354627,3.54352100446,29.071486673,6.92671294364,4.36734799966,29.0886130599,7.43326516403,7.16021897787,24.779272975
0.734,0.477879631789,0,6.17461632588,3.40405205951,27.9975132556,5.99053879231,3.73175242301,27.6293367964,6.75096570206,6.5203666879,24.6307061635
0.7345,0.394668491698,0,5.6700815443,3.39874216829,26.9339069991,5.24265308034,3.3560390625,26.0920494759,6.15345656534,5.96002975269,24.5006019612
0.735,0.324838631595,0,5.26658327815,3.50236264217,25.9009786137,4.65776048996,3.04111739696,25.2337639231,5.65203356619,5.48980125019,24.3914199666
0.7355,0.268992675071,0,4.96362522692,3.69529823108,24.9129483358,4.23260339175,2.88441085758,24.4448148709,5.25102392691,5.11373919783,24.3041024076
0.736,0.227061931925,0,4.75780359323,3.96386173695,23.9804139397,4.06923881268,3.07244895786,23.6190564031,4.94993440799,4.83138104146,24.2385418843
0.7365,0.198575301447,0,4.64436937315,4.29978142387,23.1122075952,4.09651374246,3.54847304323,22.7750203146,4.7453822054,4.63955442787,24.1940018103
0.737,0.182875500346,0,4.61837219634,4.69928952363,22.3167516374,4.26523840913,4.2136739182,21.9858700054,4.6326476053,4.53383326575,24.1694544949
0.7375,0.179277375329,0,4.67541469564,5.16205687814,21.6030708824,4.53160682059,4.98066238732,21.3161972248,4.60681076938,4.50960378947,24.1638286715
0.738,0.187172311201,0,4.81207152403,5.69007613651,20.9815986276,4.85690577035,5.77260443456,20.8226658759,4.66350145181,4.56276763467,24.1761727438
0.7385,0.206086224686,0,5.0260258542,6.28649477369,20.4648657793,5.20707738182,6.52208472541,20.5550623153,4.79931543184,4.69013236375,24.2057454624
0.739,0.235698456567,0,5.31596000374,6.95433062484,20.0681045032,5.55228678266,7.16994666875,20.5574180969,5.01195017147,4.88953868409,24.2520454627
0.7395,0.275826633732,0,5.68121357708,7.6949593586,19.8097305435,5.86820443774,7.74967117565,20.7918853868,5.30009611527,5.15975851023,24.3147875964
0.74,0.326379354495,0,6.12119794572,8.50624560168,19.7115850667,6.25180345511,8.42912878312,21.1396167183,5.66309694074,5.50017635077,24.3938289532
0.7405,0.387275150049,0,6.63453579357,9.38020932484,19.798709651,6.7129421594,9.30227537698,21.1186458042,6.10036764983,5.91024360151,24.489042153
0.741,0.458323393718,0,7.21788716196,10.300204092,20.0982969041,7.16438359268,10.1279169018,21.1686212141,6.61053942122,6.38867659817,24.6001291428
0.7415,0.539061820349,0,7.86444226803,11.2377771299,20.6373269421,7.82910230878,11.0829980463,22.0010168475,7.19029289586,6.93236248544,24.7263671511
0.742,0.628547925676,0,8.56212583924,12.1497305991,21.4383349059,8.75531824593,12.5058564957,22.9481638534,7.83286029109,7.53495451756,24.8662825319
0.7425,0.725110438217,0,9.29169012026,12.9764228669,22.5128944867,9.67772805032,13.8040138454,23.737307628,8.52624081015,8.18519849059,25.0172621803
0.743,0.826085382937,0,10.025085724,13.6429377866,23.8529512265,10.4219681131,14.587048494,24.4579361338,9.25130541068,8.86515541698,25.1751408564
0.7435,0.92759059978,0,10.7247631013,14.0650847286,25.4212784803,11.0344071802,14.8299187788,25.5989525096,9.98017770377,9.54868315198,25.3338486359
0.744,1.02442906396,0,11.3447650283,14.1616797681,27.1439763539,11.5064937902,14.5757343167,27.0424494906,10.6755397318,10.2007853605,25.4852597465
0.7445,1.11024009108,0,11.8344164245,13.8725694703,28.9093987437,11.8293944958,13.8859299626,28.6527387031,11.2917177181,10.7786297199,25.6194289843
0.745,1.17801002439,0,12.1448667463,13.1784125345,30.5777684419,11.9929065713,12.8381778521,30.2897856336,11.7783491271,11.2349868458,25.7253901946
0.7455,1.22097773113,0,12.2376330843,12.1148392273,32.0026309235,11.9860732048,11.5236245392,31.8227492364,12.086884707,11.5243278293,25.7925720552
0.746,1.23381700533,0,12.0929976337,10.7731343341,33.0595024053,11.8005971819,10.0447742861,33.1367636684,12.1790788968,11.6107864398,25.8126468135
0.7465,1.21379881502,0,11.7154276251,9.28413659995,33.6717603085,11.4366972879,8.51413528569,34.1298955751,12.0353355038,11.4759856019,25.7813475105
0.747,1.16154144478,0,11.1338301073,7.79004008744,33.8234106212,10.909044956,7.05182831204,34.7052920593,11.6600942063,11.1240887928,25.6996408609
0.7475,1.08104575887,0,10.3963505628,6.4149621504,33.5542831523,10.2496037086,5.77976353766,34.7687706273,11.082083765,10.5820375014,25.5737823881
0.748,0.978975306452,0,9.56153806023,5.2449643062,32.9416572192,9.50560219958,4.81183139731,34.2383183279,10.3491527195,9.89470351682,25.4141908385
0.7485,0.863433539268,0,8.68880407471,4.3222463276,32.077461507,8.73344210287,4.24242298347,33.0620222872,9.51948902916,9.11665481275,25.2335363079
0.749,0.742643270013,0,7.83075134989,3.65129311577,31.0494644278,8.05566184482,4.14794885373,31.6677557856,8.65213774148,8.30326312981,25.0446755181
0.7495,0.623884952604,0,7.02867158085,3.21109115716,29.9304319771,7.31604145914,3.98734793259,30.5065833219,7.79937716597,7.50355444256,24.8589917726
0.75,0.512873541483,0,6.31118755763,2.96782516159,28.774841696,6.34693103024,3.32499184457,29.1723574613,7.00224432592,6.75601278152,24.6854206489
0.7505,0.413570558226,0,5.69521310279,2.8848086064,27.6205205816,5.4242138852,2.81108516921,27.3438549243,6.28918547665,6.08731470535,24.5301561565
0.751,0.328316951182,0,5.18819532621,2.92874261111,26.4924354896,4.71194987614,2.40597296885,26.3025054266,5.67701012259,5.51322396661,24.3968584691
0.7515,0.258143433517,0,4.7907742855,3.07279846858,25.4067426005,4.17285395803,2.168764066,25.3361759782,5.17311944263,5.04068130252,24.2871391511
0.752,0.203138592051,0,4.49929817746,3.29750235193,24.3741863238,3.96508754719,2.41712172456,24.2408630937,4.77814954673,4.67028324938,24.2011367118
0.7525,0.162797000965,0,4.30791140987,3.59034567186,23.4026210016,3.98447576879,3.02135245697,23.0791651429,4.48847115466,4.39862631155,24.1380608962
0.753,0.136308220221,0,4.21012892732,3.94479077934,22.4987722262,4.17506091023,3.86975897314,21.9370956844,4.29826478929,4.22025305284,24.0966445463
0.7535,0.122774689282,0,4.19992188666,4.35907716763,21.6694645075,4.45765217579,4.8048446331,20.9474342562,4.20108539265,4.12911937481,24.0754842877
0.754,0.12136198941,0,4.27238825472,4.83502618721,20.9225324563,4.81973985616,5.79840513765,20.1097430959,4.19094130521,4.11960637072,24.0732754705
0.7545,0.13139165739,0,4.42409015715,5.37689884851,20.2675788347,5.25866522196,6.85355813852,19.4168284664,4.26296072773,4.18714532537,24.0889572885
0.755,0.152387876107,0,4.65312536913,5.99026614511,19.7166805631,5.71630798951,7.84382010867,18.9545749687,4.41372698938,4.32853212567,24.121785781
0.7555,0.184087369173,0,4.95897439169,6.68078702202,19.2850822629,6.1539114159,8.6996444472,18.7908971785,4.64134959756,4.5419938902,24.1713493041
0.756,0.226418235623,0,5.34213356572,7.45274399116,18.9918503503,6.54611496643,9.37073584335,18.9639501316,4.94531225738,4.8270464438,24.2375354374
0.7565,0.279449171242,0,5.8035126683,8.30715842306,18.8603757695,6.88094987557,9.91653140062,19.4214493624,5.32610824847,5.18415237821,24.3204515899
0.757,0.34330609323,0,6.34354655405,9.23930839956,18.9184946433,7.29107529708,10.6087488948,19.8482826537,5.78464173676,5.61415960945,24.4202946384
0.7575,0.418049187402,0,6.96095188837,10.2355329801,19.1978331278,7.71397377272,11.404440287,19.8407853451,6.32134489484,6.1174734238,24.5371586862
0.758,0.503500834535,0,7.6510657766,11.2693842475,19.7317859029,8.27755066143,12.2390501628,20.5405191298,6.93494230324,6.69289774813,24.6707660178
0.7585,0.59901566925,0,8.40375695086,12.2975604456,20.5513672325,9.0897245541,13.4030612359,21.69414015,7.62079982631,7.33608674532,24.8201075767
0.759,0.703191478962,0,9.20103551842,13.256685829,21.6781819784,10.0316058929,14.7396541636,22.6580895701,8.36884868203,8.03759803183,24.9829909432
0.7595,0.813538382423,0,10.01473546,14.0628551483,23.1142265514,10.8479330218,15.6649197718,23.4891095125,9.16120993263,8.78066495324,25.1555230806
0.76,0.92615807716,0,10.805000538,14.6166161713,24.829485457,11.4944306439,15.9327136764,24.7715259942,9.96989127633,9.53903666313,25.3316088251
0.7605,1.03553428243,0,11.52066802,14.8159653412,26.7504642941,12.0000341316,15.6565150386,26.4072921238,10.7552822939,10.2755669832,25.5026232341
0.761,1.13458584831,0,12.1027604566,14.5779141795,28.7552639271,12.3550210344,14.8992716543,28.2442783653,11.4665358058,10.9425720355,25.6574946245
0.7615,1.21515003316,0,12.4917925387,13.8647188608,30.6817055838,12.5470960627,13.7425195815,30.1235306763,12.0450381132,11.4850845931,25.7834601983
0.762,1.26899380542,0,12.6382447398,12.7054396117,32.351903165,12.5610999538,12.2827291875,31.89815798,12.4316707905,11.8476641022,25.8676472559
0.7625,1.28926344209,0,12.5136814,11.2012084413,33.6089052141,12.3825179041,10.62881136,33.4438129544,12.577219729,11.9841581591,25.8993397061
0.763,1.27202332127,0,12.1186844128,9.50755901982,34.3524391938,12.0050081653,8.90157790083,34.65409389,12.4534246494,11.8680646114,25.8723840344
0.7635,1.21735397961,0,11.4842708574,7.79849118413,34.5584257752,11.4390289612,7.23280506703,35.4263400369,12.0608638564,11.4999257862,25.7869061635
0.764,1.12954831894,0,10.6659500519,6.22702847171,34.2744404852,10.7168215509,5.75991332704,35.6534754548,11.4303631272,10.9086497295,25.6496182303
0.7645,1.01628907607,0,9.73265742161,4.8979496734,33.5958281923,9.8906938147,4.61458385714,35.2338506564,10.6170894194,10.1459713553,25.4725325248
0.765,0.887117220755,0,8.75454973685,3.85998328111,32.6353784963,9.02544060763,3.90811243381,34.0956986293,9.68955299012,9.27613876506,25.2705667642
0.7655,0.751742762372,0,7.79323906222,3.11439170523,31.4986761396,8.25896972246,3.76076779008,32.5902402961,8.7174779089,8.36453835877,25.0589029664
0.766,0.618693084975,0,6.89623045165,2.63146525039,30.2706267044,7.40863743416,3.50984157995,31.340682357,7.7620962401,7.46859283535,24.8508740639
0.7665,0.494543099536,0,6.09545882664,2.36709434314,29.0122150694,6.3076648698,2.77576174842,29.7631491778,6.87062004422,6.63257710151,24.6567602132
0.767,0.383712741372,0,5.40874036009,2.27518104942,27.7635336798,5.37468287303,2.28620424843,28.0364843477,6.07478728005,5.88625463611,24.4834721735
0.7675,0.288667848135,0,4.8427330058,2.31500456175,26.5491928456,4.6039364332,1.83349055207,26.9060442033,5.39230423697,5.24623018596,24.3348653883
0.768,0.210329910277,0,4.39629057759,2.45448568046,25.3836484951,4.17349305264,1.86003670071,25.6190504661,4.82978780502,4.71870899154,24.2123806476
0.7685,0.148540290524,0,4.06353026205,2.67079282463,24.2754015184,4.04539590937,2.387872217,24.1584816505,4.38609886726,4.30262280257,24.1157699152
0.769,0.10248478131,0,3.83630560683,2.94953319875,23.229922354,3.97000757882,2.93192041283,22.7642330319,4.05539089329,3.99248881266,24.0437601424
0.7695,0.0710358773587,0,3.70602135101,3.28337203798,22.2515548663,3.82995722529,3.27808524075,21.4674528606,3.82956767503,3.7807144945,23.9945884263
0.77,0.0530039562904,0,3.66485537845,3.67055959939,21.3447454227,3.7946974423,3.69670199926,20.3384064599,3.70008696392,3.6592890294,23.9663947408
0.7705,0.0473064024058,0,3.70650232,4.11358650573,20.514896845,3.86345958542,4.208648643,19.3562320494,3.65917488773,3.62092217277,23.9574863699
0.771,0.0530705245399,0,3.82655593303,4.61802339898,19.7690635934,4.02408420261,4.81887454244,18.5011032341,3.70056496647,3.65973729448,23.9664988232
0.7715,0.0696864790964,0,4.02262615091,5.19150035886,19.1166275917,4.26948532172,5.53389551082,17.7604461623,3.81987813358,3.77162775821,23.9924785839
0.772,0.0968234702115,0,4.29425483136,5.84271705733,18.5700328038,4.72446807639,6.54306066902,17.2014174384,4.01473906346,3.95436601195,24.0349084386
0.7725,0.134418088953,0,4.64265819126,6.58032616038,18.1456034216,5.37722508516,7.82777483406,16.8383931732,4.28469243947,4.20752506521,24.0936892446
0.773,0.182638665154,0,5.07028619216,7.41148912498,17.8644094925,5.95254082187,8.85797206074,16.8611746958,4.63094697734,4.53223843715,24.1690841929
0.7735,0.241824284399,0,5.58015075572,8.33986506735,17.7530541576,6.4131722611,9.58116107611,17.309394909,5.05593752816,4.93078950207,24.2616234584
0.774,0.312391810059,0,6.17483782219,9.36277558008,17.8441142855,6.85851507025,10.2745296259,18.0150487028,5.56265743719,5.40598538341,24.3719588249
0.7745,0.394699147774,0,6.85508981722,10.467333104,18.1757496833,7.36690324014,11.1669216946,18.26622314,6.15367669555,5.96023618817,24.5006498933
0.775,0.48884905256,0,7.61784177398,11.6255086482,18.7897048437,7.93194420178,12.0358333961,18.9565964693,6.82973314988,6.59423386011,24.6478573255
0.7755,0.594417319364,0,8.45364873476,12.7885711608,19.7266243887,8.77638793394,13.2324395873,20.2432645711,7.58778073694,7.30512183751,24.8129178586
0.776,0.710096723986,0,9.34360539432,13.8821902225,21.0174880954,9.77231528543,14.6341931222,21.3248467289,8.41843275201,8.08409738071,24.9937875913
0.7765,0.833270688009,0,10.256189274,14.8047689669,22.6704542847,10.5961241357,15.4776399531,22.3566617179,9.30290049069,8.91354066705,25.1863753905
0.777,0.959576360043,0,11.1449735302,15.4328756321,24.6540643587,11.2833287661,15.6839481441,23.9159724023,10.2098558933,9.76407261613,25.3838597501
0.7775,1.08258805822,0,11.9487328608,15.637836347,26.880966587,11.8249565632,15.3011239459,25.849770369,11.0931584595,10.5924232177,25.5761938396
0.778,1.19383192814,0,12.5957295557,15.3148357218,29.2002665289,12.2104929631,14.4014656429,27.9773448146,11.8919605022,11.341530237,25.7501284227
0.7785,1.28337915132,0,13.0133111003,14.4191101471,31.4083815043,12.4243238801,13.0772804244,30.1147885262,12.5349667627,11.9445338317,25.8901393639
0.779,1.34117429629,0,13.1419461952,12.9952357692,33.2836297043,12.4448489612,11.4356420018,32.1015513895,12.9499728201,12.3337215579,25.980504563
0.7795,1.35897796615,0,12.9499776457,11.1820211683,34.6374727264,12.2495623498,9.59606899735,33.8120524314,13.0778145417,12.4536099982,26.0083413678
0.78,1.3324086642,0,12.443475137,9.18407627071,35.362063223,11.8263991308,7.69220784757,35.1424848434,12.8870299826,12.2746945164,25.9667991196
0.7805,1.2623064619,0,11.6666205338,7.21943038918,35.4515617109,11.1863169158,5.8729734347,35.9843441344,12.3836513925,11.802632084,25.8571913062
0.781,1.15478632603,0,10.6921123078,5.46693205835,34.9884953639,10.3695475268,4.29630355102,36.2117998467,11.6115881388,11.0786003818,25.6890789417
0.7815,1.01991004877,0,9.60557059959,4.03533260349,34.1060030057,9.44162443439,3.1134466963,35.6997670536,10.6430903163,10.170354686,25.4781940716
0.782,0.869527838761,0,8.48985220501,2.9607066216,32.9465739541,8.48176676504,2.44914767444,34.362349049,9.56324999223,9.15769332149,25.2430650077
0.7825,0.715107445457,0,7.41381361441,2.2239179851,31.6331053918,7.61654472692,2.30427986414,32.8118315992,8.45441293275,8.11783916467,25.0016220702
0.783,0.566178913688,0,6.42708841178,1.77470201083,30.2567206029,6.50263540088,1.64333499417,31.539055642,7.385010947,7.11496674921,24.7687658948
0.7835,0.429611752463,0,5.55997026276,1.55244580281,28.87730827,5.29238837921,0.956746751751,29.305205587,6.40437149754,6.19533478062,24.5552372548
0.784,0.309598739984,0,4.82642902448,1.49977652847,27.5302858891,4.33798259427,0.390108526866,28.0146592208,5.54260140999,5.38717708053,24.3675917395
0.7845,0.208073366672,0,4.22838060564,1.56933932175,26.2345797466,3.74745406347,0.320280541912,26.5265109126,4.81358438058,4.70351361353,24.2088524445
0.785,0.125300802822,0,3.75993302244,1.72583349118,24.9992871711,3.50471148536,0.8425332304,24.8109854287,4.21922450141,4.14613001447,24.079433975
0.7855,0.0604655716462,0,3.41095629189,1.94540252622,23.8283382466,3.10710428069,0.97379595024,23.1870716904,3.75366612826,3.70953493007,23.9780612979
0.786,0.0121656383948,0,3.16977013383,2.21388331042,22.723405761,2.7515323683,1.01992180906,21.8889845833,3.40684175608,3.38428717431,23.9025422715
0.7865,-0.02121559971,0,3.02499387495,2.52480113621,21.6855951398,2.44933219234,1.04444964388,20.875838112,3.16714314432,3.15950067779,23.8503492676
0.787,-0.0412532785235,0,2.96671057071,2.87754691778,20.7164125293,2.23144318207,1.16401197537,20.0039086136,3.02325981143,3.02456860592,23.8190194935
0.7875,-0.049319947324,0,2.98712079952,3.27589729289,19.8183770246,2.12616459276,1.42535544585,19.2191203688,2.96533597688,2.97024832539,23.8064069093
0.788,-0.046495080785,0,3.08084320826,3.72688607202,18.9955150154,2.13890529924,1.80972042196,18.5602648801,2.98562032301,2.98927074303,23.8108237099
0.7885,-0.0335234821367,0,3.24498370248,4.239955696,18.2538827039,2.29209514848,2.34190773396,18.0057743384,3.07876468687,3.07662041548,23.8311053632
0.789,-0.0108057069363,0,3.47905567626,4.82627306891,17.6022060543,2.57299264864,3.02765571576,17.4999975174,3.24189282372,3.22960003475,23.8666255834
0.7895,0.0215908963889,0,3.78479465681,5.49806113599,17.0526928676,3.0286021647,3.98273273221,16.9543156294,3.47452112883,3.44775608211,23.9172790684
0.79,0.0639065325342,0,4.16587259624,6.26776032146,16.6220428234,3.5942375241,5.12897074903,16.4181141731,3.77837442534,3.7327060761,23.9834413885
0.7905,0.116649416018,0,4.62747789458,7.14678328759,16.3326388022,4.47729615685,6.76424719062,16.1278287987,4.15710201811,4.08787229126,24.065907159
0.791,0.180537644507,0,5.17568456507,8.1435611352,16.2138215687,5.27109346684,8.12913281955,16.2258282649,4.61586030707,4.51809033788,24.1657991566
0.7915,0.256411888475,0,5.81648669111,9.26051277177,16.302995878,5.85896386381,9.0530614708,16.8346809981,5.16068584321,5.02902122141,24.2844318058
0.792,0.34510175575,0,6.55432662205,10.4895458985,16.6460472085,6.49461215904,10.077752014,17.4785144313,5.79753574064,5.62625145235,24.4231022341
0.7925,0.447222087265,0,7.38991344777,11.8058186136,17.2961303698,7.10177497854,11.1249907447,17.7473616712,6.53082494997,6.31392131867,24.5827717719
0.793,0.562871024215,0,8.31715139115,13.1599412952,18.3093488966,7.97141308123,12.3393374714,19.0991420591,7.36125818767,7.09269169508,24.7635938671
0.7935,0.691204883905,0,9.31915003925,14.469846956,19.7353745932,9.09712190914,13.9765851879,20.3218550515,8.28277727312,7.95688129209,24.9642493854
0.794,0.829885957984,0,10.3636779255,15.6154206574,21.6012052586,10.053596743,15.0383201063,21.4647249056,9.27859596713,8.89074817501,25.1810832193
0.7945,0.974453267977,0,11.3991408347,16.4414030173,23.888026831,10.8650315091,15.3787952305,23.2292701513,10.3166815948,9.86425248373,25.4071204365
0.795,1.11776594478,0,12.3531461938,16.7756141211,26.5056126681,11.5244347352,15.0500813583,25.4347245624,11.3457581548,10.8293081963,25.6311959807
0.7955,1.24980453399,0,13.1364765458,16.4670724835,29.2755295426,12.022626944,14.1337850765,27.8606989696,12.2938795646,11.7184451355,25.8376440033
0.796,1.35822094231,0,13.6548255112,15.4389172588,31.9395343209,12.3416942868,12.7341828996,30.283092582,13.072378627,12.4485122623,26.0071577284
0.7965,1.42996274696,0,13.8279085288,13.7359376481,34.2049214751,12.4513654612,10.9694285335,32.517114213,13.5875306092,12.9316156413,26.1193291307
0.797,1.45391820721,0,13.6108982048,11.5373744475,35.8192769926,12.3147189058,8.96841075033,34.4373958235,13.7595461153,13.0929297293,26.1567845248
0.7975,1.42388301218,0,13.0094430204,9.11727979881,36.6427987231,11.9053342131,6.87662974077,35.9533379869,13.5438742301,12.8906752101,26.1098232034
0.798,1.34063893681,0,12.0806774424,6.76603332349,36.6800298773,11.2279699399,4.86331951078,36.9572870164,12.9461285971,12.3301164915,25.9796675054
0.7985,1.21209364568,0,10.9192220813,4.71251762042,36.0562599815,10.3292301372,3.11647534038,37.2961731721,12.0230912988,11.4645031326,25.7786814048
0.799,1.05134305258,0,9.63465823942,3.08262946314,34.9581566104,9.29137440536,1.82112754244,36.7991793529,10.8687993614,10.3820219339,25.5273409272
0.7995,0.873553697621,0,8.32982642674,1.90210792122,33.5734164807,8.21444095999,1.1302221411,35.3415920098,9.59215823035,9.18480312208,25.2493596114
0.8,0.692959165264,0,7.08651129176,1.12703370232,32.0531530475,7.22995922785,0.986128584432,33.67872515,8.29537413382,7.96869447767,24.9669922799
0.8005,0.52087881499,0,5.9600548442,0.679805759489,30.5004797977,5.94168769593,0.215741887599,31.995296104,7.05972730304,6.80991963123,24.6979372389
0.801,0.364972227345,0,4.98080959066,0.476788804682,28.9762378823,4.74290857335,-0.420483741545,30.0792961113,5.94021841889,5.76005756463,24.4541705725
0.8015,0.229440324377,0,4.15922400869,0.444108394977,27.5111662472,3.85292988278,-0.787515855761,28.4231821707,4.96701278498,4.84739693952,24.2422606034
0.802,0.115729221901,0,3.49192133687,0.523913283632,26.1176510855,3.38096055115,-0.439025078793,26.4335438515,4.15049443658,4.08167578018,24.0644683959
0.8025,0.0233715610988,0,2.9672176917,0.674878254195,24.7983707687,2.72868827703,-0.581566386048,24.6493599585,3.48730743884,3.45974693099,23.9200632144
0.803,-0.0492497595216,0,2.56944121379,0.87000781452,23.5516791485,2.0493307104,-0.864028687253,23.2325402257,2.96583997014,2.97072096424,23.806516651
0.8035,-0.104303795078,0,2.28197340147,1.09362342484,22.3745447513,1.44026559925,-1.02596923739,21.8609438637,2.57051682924,2.59999164217,23.7204372946
0.804,-0.144090620192,0,2.08919649255,1.33848503353,21.263969262,1.05279564035,-0.986562998384,20.7495119743,2.28482201121,2.33207045252,23.6582288795
0.8045,-0.170771802684,0,1.97761144494,1.60342823293,20.2175919549,0.855279007324,-0.778361915349,19.8075085987,2.09323407839,2.15240157635,23.6165117012
0.805,-0.186215670081,0,1.93638120714,1.89160135175,19.2339302036,0.82404020031,-0.404510276796,19.0277475947,1.98233724576,2.04840385062,23.5923645492
0.8055,-0.191922118561,0,1.9575087147,2.2092521055,18.3125109682,0.915788510814,0.100592420665,18.362913629,1.94136130069,2.00997709851,23.5834422712
0.806,-0.188997977449,0,2.03580639544,2.56496321844,17.4540276784,1.09352184591,0.706987689825,17.7743327932,1.96235850166,2.02966802292,23.5880142918
0.8065,-0.178161229832,0,2.16876589146,2.96922503301,16.6605946174,1.32530449157,1.38861994007,17.230097844,2.0401732715,2.10264178509,23.6049580135
0.807,-0.159759043609,0,2.35639683378,3.43423534912,15.9361462081,1.59388478626,2.13712989145,16.7233955268,2.17231272292,2.22656058512,23.6337306245
0.8075,-0.133790085805,0,2.60107135653,3.97381813563,15.287025362,1.88830963157,2.95157482156,16.257282018,2.35878642754,2.40143339915,23.6743342088
0.808,-0.0999260424968,0,2.90738410716,4.60334352606,14.7228120179,2.22479442458,3.83311753304,15.7759952442,2.60195188905,2.62947106599,23.7272820994
0.8085,-0.0575309940182,0,3.28201211608,5.33950303164,14.2574510976,2.70754106798,4.83928613586,15.4540518889,2.90637541684,2.91495581606,23.7935685841
0.809,-0.00568080963298,0,3.73353041806,6.1997369742,13.9107373536,3.32483417369,5.95904294061,15.2421247865,3.27869285987,3.26411066933,23.8746385811
0.8095,0.0568113336481,0,4.27210226185,7.20101617588,13.7101843279,4.12363276269,7.41078744681,14.9139042993,3.7274263653,3.68492759363,23.9723477394
0.81,0.131352074703,0,4.90891109821,8.35754110916,13.6932116061,5.22072771553,9.34266459544,14.8340207494,4.26267649875,4.18687877883,24.0888953993
0.8105,0.219489252909,0,5.65513059114,9.6767498991,13.9093689426,6.09576601061,10.7229652525,15.3709386932,4.89555773562,4.78038724728,24.2267016744
0.811,0.322769353112,0,6.5201405683,11.1528802487,14.4218856795,6.84634850904,11.8811005144,16.3138112013,5.63717482494,5.47586690003,24.3881845605
0.8115,0.442490585221,0,7.50861222073,12.7573760648,15.3070806938,7.56226173166,13.1023342291,16.6659342143,6.49684974306,6.28205977524,24.5753738646
0.812,0.579299462874,0,8.61606957434,14.4260321755,16.6490532402,8.57807662701,14.538831039,18.2398121218,7.47922487086,7.20331944226,24.7892804387
0.8125,0.732576491328,0,9.82272953163,16.0445524366,18.5258745029,9.80697788962,16.270372302,19.5694651588,8.5798518404,8.23547427474,25.028935676
0.813,0.899583601809,0,11.0860720749,17.4378370116,20.9832757013,10.8259763371,17.1718272537,21.2271907649,9.77906956895,9.36008634402,25.290058488
0.8135,1.07443583456,0,12.3339569421,18.3736086837,23.9948970137,11.6921844471,17.2553051172,23.5589859461,11.0346202864,10.5375268178,25.5634474867
0.814,1.24714865611,0,13.4621236725,18.5948154189,27.4174317378,12.4043008941,16.5979712836,26.3012803466,12.274808665,11.7005606736,25.8334914238
0.8145,1.40329195452,0,14.3415478924,17.8899223713,30.9640975623,12.9534458121,15.3127743203,29.1451073622,13.3960172836,12.7520167308,26.0776281977
0.815,1.525008182,0,14.8399536025,16.1876589975,34.2302576735,13.3092555585,13.5312435558,31.8126318505,14.2700175428,13.5716437399,26.267936763
0.8155,1.59398975132,0,14.8554223696,13.6293854017,36.7900363356,13.4139778224,11.3878519191,34.1340088399,14.7653492723,14.0361599224,26.3757924184
0.816,1.59613069757,0,14.3501660819,10.5604280179,38.3343204628,13.1991207424,9.02414284902,36.0521485805,14.7807226339,14.0505768773,26.3791398801
0.8165,1.52620097779,0,13.367153909,7.42379327386,38.7738487883,12.6239187194,6.612858305,37.5271306188,14.2785825785,13.5796759281,26.2698017506
0.817,1.39014771642,0,12.0192672897,4.61215433392,38.2431905056,11.7103424832,4.37447928042,38.4212648887,13.3016332582,12.6635045186,26.0570766152
0.8175,1.20359420714,0,10.4565765806,2.36376351805,37.0128169628,10.547893231,2.55928808945,38.484437474,11.9620599011,11.4072686164,25.7653921665
0.818,0.987310855454,0,8.82865685319,0.744616727516,35.3754562014,9.2681363578,1.40021826418,37.457771576,10.4090072856,9.95083441438,25.4272238285
0.8185,0.761999517219,0,7.25722859652,-0.304597977486,33.567816591,8.08791648687,1.1445593232,35.4961319051,8.79112796017,8.4336064976,25.0749398445
0.819,0.544506850051,0,5.82461190351,-0.903656193393,31.744705453,6.60671821838,0.337445623676,33.7294395669,7.22939168712,6.96902886512,24.7348806896
0.8195,0.346226321322,0,4.57496410876,-1.18244758319,29.9890797308,5.16645252021,-0.455798395544,31.7084146939,5.80561083975,5.6338241839,24.4248605408
0.82,0.173269502743,0,3.52224719066,-1.25370948473,28.3350718332,4.20563095015,-0.606034203105,29.5000777537,4.56367040671,4.46914727238,24.1544351039
0.8205,0.0275687942829,0,2.65988900489,-1.20373585328,26.7894551159,3.2080593727,-0.971224487238,27.2751853825,3.51744625407,3.48801075211,23.9266257693
0.821,-0.0917854180911,0,1.9693315696,-1.09306742407,25.3464718024,2.12813256957,-1.51326017338,25.3458940673,2.66040677208,2.68428935745,23.7400103163
0.8215,-0.187361641692,0,1.4264600957,-0.961203147398,23.9962676582,1.3627697489,-1.84488455803,23.8540684718,1.9741084376,2.04068697256,23.5905727732
0.822,-0.262497470699,0,1.00590935352,-0.832069134142,22.7288970863,0.831826327216,-1.99489270525,22.5241703851,1.43458519255,1.53472851432,23.4730946676
0.8225,-0.320703565828,0,0.683646324592,-0.718849128685,21.5357964433,0.403356380952,-2.04443318175,21.1973731594,1.01662825056,1.14277348378,23.3820869303
0.823,-0.365306203837,0,0.438305206642,-0.627769696117,20.4100329183,0.112949605524,-1.94493161169,19.9232441323,0.696352819846,0.842423008391,23.3123487843
0.8235,-0.39926250689,0,0.25169184559,-0.560865214437,19.346076451,-0.070456658972,-1.74340376726,18.7069674849,0.452524874442,0.613764072068,23.2592566416
0.824,-0.425090626915,0,0.108777738625,-0.517897440279,18.3394606425,-0.172012992705,-1.47616521904,17.5510898876,0.267062475027,0.439839647992,23.2188732632
0.8245,-0.444870575613,0,-0.00258955228193,-0.497630892119,17.3864810052,-0.212082658263,-1.17113950562,16.4563102531,0.125029808992,0.306643109404,23.1879464613
0.825,-0.460284304513,0,-0.092108816862,-0.498645069129,16.4839716707,-0.207153168087,-0.849683443054,15.4220112539,0.0143493900147,0.202848333817,23.1638464321
0.8255,-0.472674169297,0,-0.167486720734,-0.519830610902,15.6291573058,-0.170582390298,-0.528043887669,14.4465982585,-0.0746177531165,0.1194160091,23.1444743448
0.826,-0.483106806796,0,-0.234885109617,-0.560682176877,14.8195638456,-0.113211337894,-0.218522892603,13.5277091156,-0.14953075418,0.0491634910323,23.1281624666
0.8265,-0.492435043894,0,-0.299327999691,-0.621471023728,14.0529718615,-0.0454214467081,0.0659933805541,12.6669149159,-0.216513454929,-0.0136520860739,23.113577366
0.827,-0.501354226799,0,-0.365059607728,-0.703356430112,13.3274010644,0.00493700084917,0.270727365566,11.9213728717,-0.280558885283,-0.07371312607,23.0996318393
0.8275,-0.510451774007,0,-0.435855300153,-0.808477187956,12.6411198953,0.033081008507,0.393101899441,11.2834421351,-0.345885085267,-0.134975256535,23.0854074323
0.828,-0.520250213041,0,-0.515293204247,-0.940051602324,11.9926792706,0.0337845704144,0.428472840924,10.7490801528,-0.416244136256,-0.20095713459,23.0700871508
0.8285,-0.531244772648,0,-0.606997113271,-1.10250580036,11.380974401,0.0013007343241,0.370122630351,10.3173215554,-0.495192096974,-0.274993589651,23.0528966832
0.829,-0.543937001948,0,-0.714862416729,-1.30164453981,10.8053437992,-0.0707825711906,0.209089273028,9.99002722059,-0.586330410477,-0.360462012023,23.0330518359
0.8295,-0.558866040194,0,-0.843276864512,-1.54487498236,10.265720979,-0.189749001862,-0.0661582307862,9.77187142983,-0.693530440958,-0.460992920828,23.0097096414
0.83,-0.576639171505,0,-0.997347440046,-1.84149078001,9.76286299463,-0.364022489617,-0.470196145675,9.67055447027,-0.821152876304,-0.580675717107,22.9819205849
0.8305,-0.597963225124,0,-1.18314354817,-2.2030196722,9.29869223546,-0.603501768781,-1.021281025,9.69724994869,-0.974273201969,-0.724270130528,22.9485795084
0.831,-0.623678233706,0,-1.40796481487,-2.64363014531,8.87680547426,-0.844667882999,-1.53174635163,9.83826123953,-1.15892338897,-0.897432871496,22.9083729847
0.8315,-0.654794497986,0,-1.68063821765,-3.18057748943,8.50322908295,-1.11600564846,-2.03619156361,9.9797678944,-1.38235804192,-1.10696722162,22.859721365
0.832,-0.692533710949,0,-2.01184234654,-3.83463975645,8.18753352692,-1.42413163157,-2.63734648315,10.1146836393,-1.6533496968,-1.3610999604,22.8007144797
0.8325,-0.738373837003,0,-2.41444325015,-4.63043747274,7.9444642948,-1.76709196096,-3.33575126743,10.259632153,-1.98251108211,-1.66978357794,22.7290414677
0.833,-0.794095594556,0,-2.90380107361,-5.59642682322,7.79629608585,-2.1414018479,-4.13001238059,10.4404237434,-2.38262889345,-2.0450092847,22.6419180993
0.8335,-0.861824896082,0,-3.49796020606,-6.76417119557,7.77615519154,-2.54736781197,-5.02912510596,10.688138867,-2.86896854029,-2.50109279947,22.5360204185
0.834,-0.944059165378,0,-4.2175528534,-8.16618234112,7.93253376658,-3.10122645155,-6.30702609467,10.9077915398,-3.45946312073,-3.05485156754,22.4074435957
0.8345,-1.0436539916,0,-5.08510487714,-9.83112542152,8.3350256991,-3.81363456931,-8.00175830721,11.1619947513,-4.17461758891,-3.72551489011,22.2517227943
0.835,-1.16372705427,0,-6.12320796396,-11.7744860713,9.08070878281,-4.91190985863,-10.2159203349,11.64501416,-5.03681887521,-4.53407696324,22.0639833879
0.8355,-1.30740514342,0,-7.35070364869,-13.9820677026,10.2991482919,-6.39928374091,-12.6191610165,12.5451949925,-6.06851932922,-5.50159333232,21.8393365058
0.836,-1.47729601135,0,-8.77567616117,-16.3836160615,12.1510926009,-7.82982199378,-14.5525615755,13.6438658213,-7.28844427821,-6.64562438572,21.5737048147
0.8365,-1.67451855145,0,-10.3839467653,-18.8162944898,14.8112368774,-9.06427125984,-15.8217064783,15.1847285594,-8.7046280915,-7.97370465908,21.2653388767
0.837,-1.89711036355,0,-12.1226127838,-20.9861256743,18.42052916,-10.1165205729,-16.4850596973,17.7697311083,-10.3029794822,-9.47261951175,20.9173069891
0.8375,-2.13774948153,0,-13.8812443393,-22.4532545695,22.995344936,-11.0317083004,-16.5378393042,21.8127275625,-12.0309220568,-11.0930634297,20.5410573611
0.838,-2.38115191875,0,-15.4796924271,-22.6888560263,28.3041534578,-11.9210267411,-15.3011503596,25.5671278757,-13.7787070286,-12.7321153107,20.1604871646
0.8385,-2.60238425084,0,-16.6789919598,-21.2488020814,33.7777139893,-12.7942490429,-13.1848283225,29.9910706572,-15.3672964845,-14.2218755375,19.8145808824
0.839,-2.7683726458,0,-17.2313461095,-18.0340728373,38.5727224503,-13.5471883764,-10.6022445343,35.2692797325,-16.5591991849,-15.3396276607,19.555050876
0.8395,-2.84482091935,0,-16.9641946193,-13.4716389481,41.859026233,-13.9324011642,-7.80358407299,40.3359799107,-17.1081466201,-15.854424012,19.4355207068
0.84,-2.80784596367,0,-15.8575058936,-8.41306770577,43.1977132192,-13.6888407908,-4.8937918557,43.4602252194,-16.8426428207,-15.6054377185,19.493332643
0.8405,-2.65467531675,0,-14.0606117721,-3.76157733573,42.7209526926,-12.7501387594,-2.09892575798,43.799252629,-15.7427797385,-14.5739992504,19.7328215482
0.841,-2.40597717004,0,-11.8339616254,-0.105500042034,40.9752484008,-11.2938719936,0.0574575629832,42.3384053718,-13.9569681899,-12.8992864997,20.1216718147
0.8415,-2.09779887606,0,-9.45684530053,2.39529347124,38.5979853639,-9.60467500526,0.932505409777,41.227469566,-11.7440511912,-10.8240393566,20.6035218539
0.842,-1.7687953931,0,-7.15527424406,3.8890024783,36.0791984729,-8.02843993311,1.43672031957,38.4466221566,-9.38159603356,-8.60855711334,21.1179329733
0.8425,-1.45024771164,0,-5.07327576531,4.64795497149,33.6960025405,-6.72380144015,1.24112413396,35.6136034808,-7.09422020928,-6.46348337258,21.6159959966
0.843,-1.16208985253,0,-3.27848532706,4.94016777271,31.5575440307,-5.12460739622,1.16139762799,32.9597290789,-5.02506272093,-4.52305218211,22.0665432234
0.8435,-0.913682864961,0,-1.78277466047,4.97555862972,29.6765791677,-3.2064920608,2.12142460244,30.6552610623,-3.24134188096,-2.85030007287,22.4549382501
0.844,-0.706669849377,0,-0.563982806939,4.89926142798,28.0248062977,-1.49493866956,3.29275917089,28.6120145431,-1.75485620013,-1.45629154741,22.7786120182
0.8445,-0.53798363044,0,0.417183370123,4.80384214695,26.5643284352,-0.0185648314782,4.35782690378,26.2423057873,-0.543581400349,-0.320372500673,23.0423601887
0.845,-0.402185863104,0,1.20598201706,4.74482247015,25.261630757,1.21389396018,5.25596066701,24.0432928847,0.431533309537,0.594078433102,23.2546858482
0.8455,-0.293012618413,0,1.8471125443,4.75369437719,24.0918932056,2.17465395002,5.85148483431,22.3189554475,1.21546694051,1.32924203343,23.4253829196
0.846,-0.204277298947,0,2.3813947249,4.84733025544,23.039022121,3.00973931933,6.43650881726,20.9965459614,1.85264321369,1.92677833566,23.5641244144
0.8465,-0.130330266376,0,2.84445413624,5.03430100137,22.0943155061,3.59587464428,6.92318298371,19.7535329213,2.38363014099,2.42473153703,23.6797437855
0.847,-0.066240782176,0,3.26656429184,5.31889277397,21.255076592,4.17201270854,7.45369012525,18.685079509,2.84383357451,2.85630482297,23.7799504551
0.8475,-0.00781885728573,0,3.67308289284,5.70347583743,20.5236415492,4.77440950489,8.02011144788,17.896578643,3.26334031205,3.24971323326,23.8712956515
0.848,0.0484451270289,0,4.08512068579,6.18967289313,19.9068975632,5.44667792042,8.82643782322,17.095292995,3.66735165788,3.6285902502,23.9592668149
0.8485,0.105472992082,0,4.52021065285,6.77859492811,19.4162100482,6.27642622699,9.98795305809,16.580173119,4.07684815534,4.01261117684,24.0484323387
0.849,0.165691380667,0,4.99282222728,7.47027202684,19.0676131417,7.01668264536,11.002777404,16.4339517404,4.5092546497,4.41811682508,24.1425863835
0.8495,0.231102926769,0,5.51460610441,8.26230150554,18.8820671979,7.54175425296,11.5979272649,16.8107174761,4.97895133214,4.85859276652,24.2448601538
0.85,0.303320138494,0,6.09427326227,9.14767152705,18.885507122,7.94610835249,12.0468045234,17.5211391681,5.49751704085,5.34489749738,24.3577748756
0.8505,0.383548653984,0,6.73702050607,10.1117194408,19.108274217,8.36301561316,12.6537173813,17.8783066959,6.07360902779,5.88514968521,24.4832156158
0.851,0.472507734219,0,7.44343200717,11.1283005407,19.5833444493,8.75758855161,13.2096731901,18.4741846217,6.71239204623,6.48419277396,24.6223069702
0.8515,0.570278231115,0,8.20783804416,12.1555498857,20.3425865165,9.38226214915,13.9749638256,19.8486878194,7.41444666455,7.14257121372,24.7751753542
0.852,0.676075429988,0,9.01623415964,13.1321920743,21.4102385725,10.2055818023,15.0923566113,21.1180189153,8.1741381301,7.85500080073,24.9405938324
0.8525,0.787961051579,0,9.8440931649,13.9761845308,22.7931416643,10.9835978755,16.0034230211,22.1862830319,8.97754835973,8.60842932277,25.1155318219
0.853,0.902540423771,0,10.6547480709,14.5883188214,24.4683624747,11.5348357735,16.1707888831,23.6204777005,9.8003014393,9.37999733856,25.2946816065
0.8535,1.01473867203,0,11.3994100932,14.8635703196,26.370894955,11.9636125263,15.8263516976,25.4369025616,10.6059565281,10.1355310627,25.4701084013
0.854,1.11780321136,0,12.0200852282,14.7114016212,28.3867155573,12.2663270271,15.0387026767,27.4803519285,11.3460257527,10.8295591464,25.6312542487
0.8545,1.20370741346,0,12.4562950745,14.0821131612,30.3579345582,12.435410961,13.8918593419,29.586962541,11.9628727948,11.4080309384,25.7655691695
0.855,1.26408079832,0,12.6552897838,12.9906904137,32.1045805238,12.4573482976,12.4793609315,31.6033663084,12.3963922614,11.8145803188,25.8599655576
0.8555,1.29162255207,0,12.5835563043,11.5261962296,33.4603684153,12.3141314715,10.8996982675,33.3990119732,12.5941596455,12.0000442106,25.9030282761
0.856,1.28169431912,0,12.2358573404,9.8382498726,34.3105981199,11.9898423762,9.2560363617,34.8634523123,12.5228685913,11.9331883111,25.8875050562
0.8565,1.23357123447,0,11.6381210901,8.10294609209,34.6161463898,11.4808494129,7.65922524316,35.8919986233,12.177314105,11.6091314391,25.8122625402
0.857,1.15084187613,0,10.8427269279,6.48193591566,34.4134086984,10.8046926931,6.22877725184,36.3750183512,11.5832644691,11.0520387824,25.6829116244
0.8575,1.04075578277,0,9.91793718405,5.09143168603,33.7926825348,10.002561951,5.08668953233,36.2049269482,10.7927760015,10.3107281346,25.5107872748
0.858,0.912760764795,0,8.93538636487,3.99061618517,32.8673543225,9.13401283531,4.34424737887,35.3000364039,9.87369001606,9.44882026972,25.31066155
0.8585,0.776771356826,0,7.95950921915,3.1879899287,31.7470834384,8.36107141286,4.22566465073,33.83839911,8.89719920402,8.53307884377,25.0980362521
0.859,0.641705614977,0,7.04108821636,2.65744239862,30.5219838622,7.56303967765,4.17735170419,32.5864075929,7.9273409047,7.62355730908,24.886855146
0.8595,0.514592059119,0,6.21510673595,2.35556532517,29.2577799881,6.47413853562,3.50138997702,31.1640811201,7.01458438024,6.76758513715,24.6881076252
0.86,0.400272544726,0,5.50181973374,2.23517175198,27.99813395,5.44347708522,2.96346791221,29.3051285417,6.19369724566,5.99776698229,24.5093641395
0.8605,0.301550447864,0,4.90959503284,2.25362837179,26.7699914105,4.60625813484,2.48332380347,28.1759962178,5.48480953175,5.33298054705,24.355007888
0.861,0.219583912507,0,4.43831604022,2.37676925313,25.5891449064,4.08107978687,2.40339020164,26.9126712512,4.896237452,4.78102467719,24.2268496788
0.8615,0.154356801661,0,4.08257784013,2.57985406295,24.4647330959,3.87012754344,2.84085357789,25.4448287732,4.42786513251,4.34179070751,24.1248642809
0.862,0.105121050921,0,3.83430839275,2.84690370985,23.4024156061,3.76105959119,3.37414130906,24.0181905043,4.07432099301,4.01024123418,24.0478820635
0.8625,0.0707594540381,0,3.68471853075,3.16934447956,22.4064459574,3.55034225151,3.64003475956,22.6623609538,3.82758277902,3.77885308272,23.9941562265
0.863,0.0500555511201,0,3.62563313228,3.5445045702,21.4809963911,3.46117886498,3.98947711027,21.4785645707,3.67891553151,3.63943471283,23.9617847823
0.8635,0.0418778689063,0,3.65031677199,3.97422415912,20.6310541755,3.48734524269,4.43916026263,20.4427825622,3.62019454975,3.58436687716,23.9489986239
0.864,0.0452941945419,0,3.75391565013,4.46365888425,19.8631249946,3.61608677809,4.99440746553,19.5345944609,3.64472594998,3.60737213144,23.9543401962
0.8645,0.059632740527,0,3.93361886958,5.02024660983,19.1858980031,3.83355644429,5.65575010557,18.7381678155,3.74768586886,3.7039267142,23.9767591306
0.865,0.0845044661889,0,4.18861110711,5.65273846489,18.6109629737,4.19158566538,6.50577819477,18.0773750723,3.92628074585,3.87141085773,24.0156471451
0.8655,0.119796527161,0,4.51985288252,6.37014524655,18.1536170905,4.84826188351,7.79945206944,17.6478895401,4.17970028633,4.10906467741,24.0708278029
0.866,0.165641863661,0,4.92968691408,7.18040620318,17.8337426088,5.48407549632,8.94998640475,17.5167016423,4.50889908596,4.41778338165,24.1425089615
0.8665,0.222364718326,0,5.42123038449,8.08854577198,17.6766567019,6.02895734291,9.81646243295,17.8131877417,4.91620541401,4.79975039358,24.2311975885
0.867,0.290396523121,0,5.99747474362,9.09405608102,17.7137072178,6.5043968453,10.5359657388,18.4390547431,5.40471722755,5.25787094034,24.3375682462
0.8675,0.370151308029,0,6.65998211207,10.1872633439,17.9821886276,7.0720870723,11.4773752651,18.802894325,5.97740752632,5.79493306561,24.4622682883
0.868,0.461845277492,0,7.40705412151,11.3445758493,18.5238711648,7.62732434343,12.388341381,19.1574583406,6.63582879631,6.41239267222,24.6056357598
0.8685,0.565243369776,0,8.23128358284,12.522887854,19.3811130723,8.44171919025,13.4983134221,20.4015758279,7.37829314413,7.10866687388,24.7673031316
0.869,0.679320396927,0,9.11652966181,13.6541727937,20.5893184409,9.50725952065,15.0329708987,21.5264776887,8.19743906544,7.87685213972,24.945667478
0.8695,0.801842395624,0,10.0346445255,14.6425129716,22.164771682,10.5088542126,16.2717188131,22.4621517249,9.07722527664,8.70190514548,25.1372359014
0.87,0.92891358046,0,10.9427617989,15.3672312902,24.088200817,11.3026911387,16.7261792031,23.8955040762,9.9896775501,9.55759199446,25.3359171732
0.8705,1.0546010543,0,11.7825612879,15.6964734962,26.2873085858,11.9639373875,16.5980308163,25.7475534726,10.8921938948,10.403961048,25.5324349533
0.871,1.17083304261,0,12.4833400822,15.5137839317,28.6255841675,12.4833244691,15.9563897071,27.8403126422,11.7268138137,11.1866576441,25.7141686744
0.8715,1.2678239478,0,12.9703621623,14.754316831,30.9075651039,12.8460985172,14.8890554972,29.9857069118,12.4232704656,11.8397863778,25.8658181331
0.872,1.33522997204,0,13.1782632002,13.4384281531,32.908031647,13.0291956306,13.4951290839,32.0138609316,12.907288775,12.29369297,25.9712103559
0.8725,1.36400440133,0,13.0664466883,11.684553636,34.4216644884,13.0040787917,11.8807408451,33.7903303922,13.1139075569,12.487457597,26.0162004157
0.873,1.34852849824,0,12.6309724601,9.68860969222,35.3150902312,12.747360656,10.16149064,35.2084508152,13.0027806875,12.3832441456,25.9920031745
0.8735,1.28825692621,0,11.9076254321,7.67451448975,35.5570275359,12.2556744172,8.46839920324,36.1627744574,12.569992302,11.9773803644,25.8977659751
0.874,1.18814247698,0,10.9644124315,5.83787919579,35.2127775661,11.5564264901,6.94836387182,36.52985644,11.8511066088,11.3032179435,25.7412327207
0.8745,1.05759759824,0,9.88658715809,4.30761175418,34.4096823024,10.7077388283,5.75272099161,36.179036858,10.9137109943,10.4241395271,25.5371201788
0.875,0.908421781623,0,8.76013042269,3.13666590813,33.2938301725,9.78800689219,5.01681296826,35.0092744637,9.84253334537,9.41960191591,25.3038773629
0.8755,0.752515154139,0,7.65893101801,2.31633411453,31.9965705935,8.95590505723,4.89118111158,33.3551149787,8.72302417515,8.36973958105,25.0601106342
0.876,0.600104253679,0,6.63802297527,1.80048198695,30.6182045605,7.96167317932,4.49224056225,31.9976304481,7.62861655784,7.34341718284,24.8218096254
0.8765,0.458806035192,0,5.73242111587,1.5281816355,29.2261610179,6.73046699356,3.73932473908,29.9079285282,6.61400509529,6.39192666593,24.6008837735
0.877,0.333466705854,0,4.95965275612,1.4393695657,27.8610509841,5.73458436872,3.14428767846,28.4382879879,5.71398865052,5.54790198865,24.4049103324
0.8775,0.226512124281,0,4.32396325495,1.48317725944,26.5448984677,5.03944589086,2.87707296448,26.9654866555,4.94598643791,4.82767868226,24.2376822364
0.878,0.138529867048,0,3.82072952074,1.62087571183,25.2883857209,4.72669928826,3.26758966509,25.1812389815,4.31421763258,4.23521343883,24.1001181868
0.8785,0.0688800776946,0,3.44028207375,1.82567629406,24.0960737184,4.26400174155,3.30175926727,23.4615469321,3.81408765643,3.76619751786,23.9912177406
0.879,0.016224457171,0,3.17084258499,2.08108772462,22.9697173309,3.8595851464,3.26430438906,22.0650091975,3.43598666745,3.41161892426,23.9088884095
0.8795,-0.0210671676941,0,3.00058178583,2.37886668242,21.9102005015,3.50261402628,3.18828787943,20.9783069934,3.168208981,3.16050020671,23.8505813474
0.88,-0.0446320203483,0,2.91893937827,2.71709283252,20.9186274654,3.22617400401,3.20375458377,20.0410950327,2.99899828697,3.00181643792,23.8137366851
0.8805,-0.0559316930498,0,2.91738575707,3.09858087643,19.9969778362,3.07349999662,3.39033450025,19.1533026463,2.91785941934,2.92572537651,23.79606916
0.881,-0.0561467211401,0,2.98979298871,3.5296645676,19.1485950326,3.0416734075,3.71347448803,18.3759098347,2.9163153803,2.92427739513,23.7957329544
0.8815,-0.0461252379039,0,3.13254888282,4.0192951224,18.3786739406,3.12286039131,4.132211662,17.7725938515,2.98827603113,2.9917612344,23.8114019751
0.882,-0.026367186569,0,3.34450830839,4.57834768519,17.6948487886,3.35446437015,4.70599569679,17.2710199603,3.13015146011,3.12481031795,23.8422945396
0.8825,0.00296894163379,0,3.62683644293,5.21899718855,17.107944456,3.71550819797,5.4666213174,16.763714304,3.34080359897,3.32235737896,23.8881628399
0.883,0.0420444124583,0,3.98276057966,5.95399150245,16.6329279368,4.26374066457,6.5292789086,16.1948094614,3.62139043883,3.58548836767,23.9492590219
0.8835,0.0913058976578,0,4.41720886944,6.7956040815,16.2900633614,4.95504303606,7.82763250008,15.7695210995,3.97511936819,3.91721113472,24.0262814762
0.884,0.15143547525,0,4.93627320198,7.75398574603,16.1062112185,5.81904320518,9.33981171313,15.654059027,4.40688814288,4.32211873707,24.1202966612
0.8845,0.223276289895,0,5.54638718936,8.8345624372,16.1160891824,6.52183163156,10.4321332358,16.071186125,4.92275108014,4.80588884113,24.2326228699
0.885,0.30771878215,0,6.25306031788,10.0340732254,16.3630869494,7.13061171728,11.3512620127,16.855918917,5.52910211192,5.37451759996,24.3646523444
0.8855,0.405525489446,0,7.05896642346,11.3348879238,16.8988575227,7.7680803725,12.4351768579,17.136211253,6.23141674404,6.03313987757,24.5175773449
0.886,0.517066482581,0,7.96117835308,12.6975425574,17.7803826791,8.55004580716,13.5471966034,18.1653002987,7.03235232123,6.78424770009,24.6919764929
0.8865,0.641936630543,0,8.94743273698,14.0522368318,19.0626448292,9.68107838919,15.2554182289,19.4568467516,7.92899974403,7.6251129488,24.8872163488
0.887,0.778438628359,0,9.99160064952,15.2916325849,20.7848339238,10.771252476,16.6964722558,20.539175716,8.90917127859,8.54430611238,25.100643103
0.8875,0.922956116388,0,11.0491474032,16.2696854674,22.9490445398,11.6296192731,17.2734967251,22.10401842,9.94689915275,9.51747492412,25.3266024215
0.888,1.0693252956,0,12.0543089155,16.8135028119,25.4938885032,12.3429810229,17.1699852113,24.184345722,10.9979233524,10.5031128711,25.5554569389
0.8885,1.20844412416,0,12.9216904324,16.7547276542,28.2718718577,12.9043476686,16.4598216036,26.5670331787,11.9968854031,11.4399275565,25.7729752207
0.889,1.32849358793,0,13.5551473103,15.9799453959,31.0462472856,13.2996979483,15.2412881366,29.0202797025,12.8589172343,12.2483307166,25.9606777292
0.8895,1.41616684016,0,13.8649272887,14.4851577844,33.523122826,13.5018070903,13.6263738801,31.3387693893,13.4884671863,12.8387151459,26.0977586361
0.89,1.4590417684,0,13.7897447682,12.4055212162,35.4200359449,13.4714653443,11.7336709418,33.3771417156,13.7963365573,13.1274313666,26.1647954335
0.8905,1.44863617283,0,13.3157433637,9.99443122763,36.54635501,13.171363148,9.69236985831,35.0412160347,13.7216177345,13.0573609466,26.1485258365
0.891,1.38303226805,0,12.4832985745,7.553134019,36.8546409068,12.5886411271,7.65388339801,36.2381260059,13.250539794,12.6155896778,26.0459513051
0.8915,1.26781820295,0,11.377713385,5.34499909328,36.4358954172,11.7523620077,5.79612649854,36.830868907,12.4232292139,11.8397476924,25.8658091508
0.892,1.11480029034,0,10.1080712165,3.53692903961,35.4672581678,10.7340840631,4.30869166806,36.6453353999,11.3244628616,10.8093377246,25.6265590523
0.8925,0.939076161413,0,8.78363217169,2.18747204674,34.1462560987,9.63235128916,3.36322082327,35.5287200301,10.0626513727,9.62602597407,25.3518068063
0.893,0.755767900837,0,7.49607377001,1.27127385919,32.6425518581,8.6266284184,3.14411485131,33.7557205523,8.74638097412,8.39164330828,25.0651964438
0.8935,0.577564085468,0,6.31094569444,0.716492494526,31.0777233819,7.37767073173,2.46548126141,32.3401685083,7.46676375262,7.19163355434,24.7865671013
0.894,0.413537083283,0,5.26715970575,0.437056678061,29.5266530938,6.02930893991,1.70757374766,30.0311183046,6.28894510518,6.08708928785,24.530103817
0.8945,0.269072455218,0,4.38132128688,0.352893905215,28.0289719908,4.92113170304,1.03349253512,28.4908416403,5.25159679932,5.11427643074,24.3042271473
0.895,0.146468474042,0,3.65386273555,0.399144212018,26.6018505154,4.33431695071,1.20193682784,26.5113212188,4.37122190156,4.28867136174,24.1125305409
0.8955,0.0457849716864,0,3.07499919494,0.528165346292,25.2500741429,3.64885819582,1.05750341725,24.5885590322,3.64825004336,3.61067698414,23.9551075474
0.896,-0.0343323195993,0,2.62958015733,0.70786986139,23.9726021978,2.91678006137,0.67194959035,23.1538070177,3.07295671725,3.0711737709,23.829840711
0.8965,-0.0959802975361,0,2.3006093585,0.918730275603,22.7662749336,2.24564909157,0.416521926716,21.7341809662,2.6302848582,2.65604138621,23.7334514416
0.897,-0.141511320766,0,2.07156343205,1.15069973396,21.6276557457,1.77275672903,0.33297257074,20.5889952442,2.30334302861,2.34943924153,23.6622617253
0.8975,-0.173212296764,0,1.9277702817,1.40058903895,20.5538291155,1.50770642248,0.430323354616,19.6312140782,2.07570977204,2.13596749106,23.6126958836
0.898,-0.19311390898,0,1.8571190505,1.67005789872,19.5427004413,1.42646629641,0.707165101697,18.8548294789,1.93280348423,2.0019516804,23.5815788555
0.8985,-0.202892353938,0,1.85033378643,1.96419810298,18.5931150395,1.47021596662,1.10308706095,18.1987557024,1.86258800348,1.93610444081,23.5662898355
0.899,-0.203831464695,0,1.90098900904,2.29061525455,17.7049642451,1.61038607738,1.60619927658,17.6300753693,1.85584458839,1.92978054664,23.5648214954
0.8995,-0.196820556355,0,2.00539388604,2.65889679446,16.8793646638,1.83233611153,2.22439814966,17.1300017235,1.90618738847,1.97699142355,23.5757833526
0.9,-0.182370456538,0,2.16242844608,3.08035615046,16.1189603213,2.09077705877,2.90340913651,16.6574913068,2.00994833511,2.07429720059,23.5983767062
0.9005,-0.160636174265,0,2.37338075306,3.56794882276,15.4283882362,2.36987180018,3.63571816554,16.2068563074,2.16601436454,2.22065405983,23.6323591929
0.901,-0.13143943576,0,2.64180632015,4.13625561706,14.8149531275,2.66454486607,4.42762579273,15.790793748,2.37566559633,2.41726248214,23.6780095514
0.9015,-0.0942881421681,0,2.97340703079,4.80141281918,14.2895678052,3.01792187525,5.3052332756,15.3550733537,2.6424356146,2.66743622051,23.7360971994
0.902,-0.0483931274347,0,3.3759023384,5.58083042545,13.8680240616,3.50122030917,6.25744663997,15.1506824518,2.97199113569,2.97648945387,23.8078560321
0.9025,0.00731401516157,0,3.85883551308,6.49246782614,13.5726522199,4.15306700198,7.42492251265,14.93294262,3.3720040023,3.35161674473,23.8949565495
0.903,0.074154116693,0,4.4332162456,7.55332164985,13.4343829146,4.94587314726,8.86452784209,14.6562943659,3.85195862521,3.80171246028,23.9994639278
0.9035,0.15365096738,0,5.11084175789,8.77661907788,13.4950993085,5.97805836298,10.6309011651,14.7460967543,4.42279679152,4.33703767783,24.1237606786
0.904,0.247437355261,0,5.90305777668,10.1670223932,13.8098882406,6.74300718137,11.8029405982,15.4898310753,5.09624296228,4.96858745701,24.2703997365
0.9045,0.357083579432,0,6.81862408067,11.7130228711,14.4482565288,7.51312090909,13.0408570294,16.2281554245,5.88357288803,5.70693606204,24.4418363316
0.905,0.483802032266,0,7.86026901391,13.3758624299,15.4924616307,8.29082526682,14.2531813021,17.1152854343,6.7934923204,6.56024764288,24.6399660918
0.9055,0.627970328725,0,9.01954245936,15.0752418334,17.0298289765,9.48295717109,16.0554410747,18.5957685499,7.82871277604,7.53106502747,24.8653794342
0.906,0.78841893499,0,10.2698922313,16.6744937525,19.1347698675,10.6810647608,17.6606173023,19.8398024036,8.98083625509,8.61151267179,25.1162477424
0.9065,0.961472910336,0,11.5587804049,17.9724357886,21.8366879085,11.6315390165,18.2471848574,21.774125755,10.2234743358,9.77684382895,25.3868250881
0.907,1.13986077206,0,12.8013599365,18.714888139,25.0749605646,12.4318743307,18.0397639194,24.3056562574,11.5044131276,10.9780929358,25.6657421951
0.9075,1.31183931155,0,13.8804493189,18.6410101856,28.6544443476,13.0806324952,17.1322980085,27.1400837042,12.739328892,12.1361821968,25.9346380505
0.908,1.46119008648,0,14.6586848465,17.5687052756,32.2314495231,13.5633213736,15.6490701186,29.960068489,13.8117628533,13.1418979629,26.1681544213
0.9085,1.56890134843,0,15.0058818124,15.4933785026,35.365053132,13.8382567627,13.7234660645,32.5143661897,14.5851985144,13.8672166923,26.3365656197
0.909,1.61695495433,0,14.8360947536,12.6411902497,37.6399309202,13.836481228,11.4859188048,34.6821211177,14.9302540989,14.1908057001,26.4116995027
0.9095,1.59345566945,0,14.1387517519,9.42263601568,38.8088793064,13.4887713689,9.07844486589,36.4381186923,14.7615142233,14.0325634593,26.3749573584
0.91,1.49694029326,0,12.9864544303,6.29534899968,38.8690729679,12.7696648948,6.68500217628,37.7264781625,14.0684721733,13.3826368985,26.2240514098
0.9105,1.33745721358,0,11.5139734256,3.61567885901,38.0261941821,11.7261803147,4.54139827417,38.3622386732,12.9232817919,12.3086910304,25.974692744
0.911,1.13365928663,0,9.87993938547,1.56121584422,36.5826656979,10.4700523956,2.90394911504,38.06572654,11.4598825011,10.9363326458,25.6560459054
0.9115,0.907501700295,0,8.23008853402,0.142761849793,34.8266265361,9.1441880301,1.9949557187,36.596539952,9.83592657374,9.41340616435,25.3024387761
0.912,0.67915499685,0,6.67483568896,-0.733486001617,32.9709837253,7.9128782266,1.75821489009,34.7483848236,8.19625138723,7.87573834928,24.9454088679
0.9125,0.463901078666,0,5.28301233745,-1.20105512106,31.1438938554,6.2621870051,0.803244234797,32.3535281535,6.65059076188,6.42623626729,24.6088500935
0.913,0.271266530025,0,4.08664472613,-1.38986829803,29.4073807872,4.87250061846,-0.0210198551787,30.5241814898,5.2673516579,5.12905114903,24.3076576778
0.9135,0.105683926051,0,3.09045713825,-1.40621027352,27.7822097304,3.98469482573,-0.0439945778312,28.1670606644,4.07836279597,4.01403158874,24.0487621431
0.914,-0.0321928714227,0,2.28169401972,-1.32823654067,26.2679149761,2.86622860257,-0.697645203478,26.2743322418,3.08831932172,3.08558063797,23.8331858303
0.9145,-0.144129287869,0,1.63816470568,-1.20907084526,24.8554491017,1.86253197031,-1.2307389958,24.568044972,2.28454435259,2.33181006758,23.6581684209
0.915,-0.233196610108,0,1.13398113308,-1.08238739839,23.5338315658,1.19467814424,-1.55623931639,23.1971435568,1.64498408743,1.73203808614,23.5189078255
0.9155,-0.302977861324,0,0.743222222211,-0.967975035432,22.2930042176,0.648368799666,-1.74970777973,21.8234702733,1.14391013113,1.26213691187,23.409801833
0.916,-0.357060634358,0,0.442007712849,-0.876352213997,21.1246759761,0.25989975061,-1.76588740131,20.4966625874,0.75556127554,0.897947991296,23.3252410874
0.9165,-0.398750063546,0,0.209465201108,-0.812258854387,20.0222778567,-0.00604600139559,-1.65924176762,19.2238137491,0.456204544971,0.617214823161,23.2600578688
0.917,-0.430934982516,0,0.0279853105666,-0.777149787124,18.9806256894,-0.178099552475,-1.47195169695,18.0085605716,0.225096268745,0.400484240743,23.2097353615
0.9175,-0.456052607367,0,-0.116944209742,-0.770899264861,17.9955611868,-0.279497112153,-1.23660047285,16.8521060398,0.0447356785083,0.231344232408,23.1704628729
0.918,-0.476111498245,0,-0.237125908156,-0.792924081708,17.0636680701,-0.329117994832,-0.97827719272,15.7539302259,-0.0992999705522,0.0962693202512,23.1390999329
0.9185,-0.492745180389,0,-0.342133094776,-0.842901584419,16.1820806107,-0.344867509313,-0.722120867129,14.7197062278,-0.218740433058,-0.0157405195772,23.1130924543
0.919,-0.507278642539,0,-0.439806625402,-0.921221641232,15.3483732592,-0.372934675517,-0.560809979247,13.8456889095,-0.323099974499,-0.113607651672,23.0903687601
0.9195,-0.520797094048,0,-0.536727108487,-1.02927731036,14.5605150988,-0.418427694669,-0.493639929374,13.1128537283,-0.420171091204,-0.204639786058,23.0692320788
0.92,-0.534211320424,0,-0.638645272399,-1.16967043259,13.8168774607,-0.487385306973,-0.523586496062,12.509304584,-0.516493804884,-0.294970077024,23.0482583579
0.9205,-0.548317248078,0,-0.750867998067,-1.34638607686,13.1162907262,-0.586694683756,-0.656888969635,12.0288804301,-0.617783375559,-0.389958227183,23.0262031323
0.921,-0.563849372958,0,-0.878606101961,-1.56497295981,12.4581549197,-0.724119697401,-0.902904078252,11.6702387148,-0.729313953294,-0.494550271504,23.001917986
0.9215,-0.581528895263,0,-1.02729434333,-1.83275428445,11.8426180652,-0.908428160597,-1.27420267258,11.4363540544,-0.856264216187,-0.613602712483,22.9742752912
0.922,-0.602108009871,0,-1.202895672,-2.15908306623,11.2708473436,-1.1497370013,-1.78490099096,11.3400986841,-1.00403540392,-0.752180768208,22.9420989589
0.9225,-0.626412015586,0,-1.41220114542,-2.5556455061,10.7454322579,-1.37370261253,-2.22060972618,11.3469590711,-1.17855368906,-0.915841932575,22.9040985989
0.923,-0.655380824994,0,-1.66313428454,-3.03680186948,10.2709779305,-1.62835533309,-2.66471782746,11.3514157535,-1.38656824436,-1.1109154992,22.8588046174
0.9235,-0.690111088674,0,-1.96506317028,-3.61993131039,9.85497190528,-1.91365374156,-3.20088180675,11.3602594635,-1.63595372143,-1.34478622238,22.804502354
0.924,-0.731899390733,0,-2.3291134559,-4.32570654108,9.50904010634,-2.22928365229,-3.82886680543,11.3859602468,-1.93602042236,-1.62618519224,22.7391645434
0.9245,-0.782285571119,0,-2.7684571446,-5.17815218405,9.25074466428,-2.57245633729,-4.54681970803,11.4503800845,-2.29782538155,-1.96548156366,22.6603835797
0.925,-0.843092693717,0,-3.29851929758,-6.20421491963,9.1061081454,-2.9410169588,-5.35600327658,11.5820455931,-2.73445936218,-2.37495169804,22.5653090239
0.9255,-0.916455655678,0,-3.93698780173,-7.43236184955,9.11304703937,-3.41706276594,-6.45059838402,11.7181496497,-3.26125228943,-2.86897181623,22.4506028723
0.926,-1.00482253929,0,-4.7034151159,-8.8893866634,9.32579506898,-4.03673417239,-7.92342132247,11.8727397979,-3.89578295787,-3.46402710192,22.3124374429
0.9265,-1.11089949193,0,-5.61804713165,-10.5941172907,9.82005203354,-4.94176453205,-9.98403845298,12.1691793415,-4.65748323411,-4.17834052762,22.1465815575
0.927,-1.23748863511,0,-6.69929003909,-12.5461479743,10.6977414009,-6.19831451078,-12.2076882572,12.7859425857,-5.56647414059,-5.03078134796,21.9486539786
0.9275,-1.3871374675,0,-7.95895400539,-14.7074001108,12.0884923502,-7.68159751781,-14.3997195382,13.7643247961,-6.64104834489,-6.03850420822,21.7146715821
0.928,-1.56148056882,0,-9.39422483235,-16.9752227336,14.1418982879,-8.97223302093,-15.9467176499,14.9513516023,-7.89294317349,-7.21251623306,21.4420786324
0.9285,-1.7601284415,0,-10.9755920815,-19.1499249272,17.0006424831,-10.0743983858,-16.8755392659,16.7740901552,-9.31936178508,-8.55019457808,21.1314841255
0.929,-1.97899670948,0,-12.6314788854,-20.9099077235,20.7427961435,-11.0081221431,-17.2677772173,19.851818998,-10.8909757506,-10.0240353927,20.7892741595
0.9295,-2.20817881561,0,-14.2340623912,-21.8240845011,25.2902507716,-11.8409624207,-16.8313922232,23.6360618363,-12.5366496621,-11.5673287403,20.4309380632
0.93,-2.42998350797,0,-15.5966509901,-21.4424146952,30.3106725661,-12.6425850465,-15.2923594697,27.3574513572,-14.1293490303,-13.0609431938,20.0841368711
0.9305,-2.61857183669,0,-16.4969912672,-19.4802774482,35.1885701041,-13.3864628609,-13.0366255588,31.6426706999,-15.4835336907,-14.3308814018,19.7892708946
0.931,-2.74318293961,0,-16.7338969815,-16.0263910847,39.1566201674,-13.9332007723,-10.4023620605,36.2777973415,-16.3783210046,-15.1700022626,19.5944360668
0.9315,-2.77597174524,0,-16.2010377435,-11.6128358278,41.5851640986,-14.0527274805,-7.58777459214,40.118768105,-16.6137655728,-15.3907993679,19.5431693566
0.932,-2.70222165426,0,-14.9368214981,-7.03336310508,42.2585927551,-13.5687042,-4.74957505848,41.9352282376,-16.0841928119,-14.8941723548,19.6584808011
0.9325,-2.52724849726,0,-13.1147765417,-3.00876112366,41.4264532977,-12.4979110828,-2.2149772181,41.6098302562,-14.8277737811,-13.7159175871,19.9320588701
0.933,-2.27506936302,0,-10.9798229048,0.0595398848008,39.6082078836,-11.0338982396,-0.521424169391,40.4522704604,-13.0169665186,-12.0177641543,20.3263518106
0.9335,-1.97958227426,0,-8.77172386779,2.11595022724,37.332477431,-9.45924292061,0.303167457406,38.8766728153,-10.8951804798,-10.0279785374,20.7883586037
0.934,-1.67397153645,0,-6.6738668288,3.32518886463,34.979842196,-8.03080019796,0.664267513789,36.2619581619,-8.70070017439,-7.97002110531,21.2661941583
0.9345,-1.383618782,0,-4.79758333138,3.92772557967,32.7571358572,-6.87566102749,0.321018696406,33.8426377185,-6.61578193549,-6.01480967112,21.7201731985
0.935,-1.12393279221,0,-3.19100774118,4.14826087513,30.7427745343,-5.26678542193,0.353351474475,31.4530444122,-4.75107065515,-4.2661056938,22.126203431
0.9355,-0.901575577599,0,-1.85739626311,4.16031919103,28.9436039855,-3.43777808538,1.37422635484,29.410166764,-3.15440382422,-2.76877060114,22.4738685154
0.936,-0.716997811418,0,-0.773073327868,4.083954993,27.3365187971,-1.82983258609,2.51837019709,27.5710483457,-1.82901756454,-1.52583918961,22.7624638046
0.9365,-0.566922689467,0,0.098894499854,3.99629912802,25.8916927594,-0.500274911547,3.43217628202,25.5280877778,-0.751382328899,-0.515245730689,22.9971127232
0.937,-0.446238459862,0,0.799704645377,3.94412399409,24.5828314352,0.670429110396,4.35349304106,23.3603925264,0.115207526353,0.297431890006,23.1858077154
0.9375,-0.349243215516,0,1.36957247117,3.95439836425,23.3903161939,1.57257007101,4.96178566138,21.6106477185,0.811695336179,0.95058984322,23.3374639585
0.938,-0.270370971214,0,1.84508777109,4.04205620679,22.3012082779,2.30064772789,5.39980012581,20.2516769441,1.37804842968,1.48170901304,23.4607841104
0.9385,-0.204557536575,0,2.25822308329,4.21534070746,21.3082659716,2.9311859485,5.85041682902,19.1934322854,1.85063092852,1.92489123865,23.5636862508
0.939,-0.147377769971,0,2.63630939091,4.47930599406,20.4089566896,3.37351123534,6.23880607901,18.1968413567,2.26121817614,2.30993505778,23.6530892792
0.9395,-0.0950489416485,0,3.00251895081,4.83797857015,19.6048228305,3.74705767582,6.64584810981,17.2702665383,2.63697258838,2.66231305973,23.7349076567
0.94,-0.0443639080891,0,3.37655608565,5.29553627096,18.9012765689,4.17269524688,7.07373295403,16.7131293021,3.00092350424,3.0036218837,23.8141558902
0.9405,0.00740449669201,0,3.77536264488,5.85672393577,18.3077899471,4.68331213156,7.68597714957,16.1823777925,3.37265371749,3.35222603987,23.8950980213
0.941,0.0626011000888,0,4.21370788696,6.52660209043,17.838409409,5.26302914956,8.51718142109,15.6552139016,3.76900058654,3.72391540198,23.9814002886
0.9415,0.12327003323,0,4.7045630473,7.30961384486,17.5124972065,6.09175832445,9.81574861455,15.4174769113,4.2046422786,4.13245498,24.0762587793
0.942,0.191206572849,0,5.25916666222,8.20785497846,17.3555464593,6.74235001556,10.7458675433,15.6563857014,4.69247002731,4.58993401894,24.1824804857
0.9425,0.267966182406,0,5.8866750945,9.21835453701,17.3998003053,7.17841230459,11.2878308392,16.3950433951,5.2436530539,5.10682688112,24.3024974421
0.943,0.354816143278,0,6.59327382445,10.3291546027,17.6842004882,7.64219179645,11.9680750715,17.0562302207,5.86729124812,5.69166733451,24.4382910975
0.9435,0.452612553482,0,7.38061745847,11.5140959291,18.2528840511,8.05734947765,12.63920834,17.5077882185,6.56953194055,6.35022027235,24.591199998
0.944,0.561584417908,0,8.24350438324,12.7266036039,19.1510796907,8.7324915395,13.5190257196,18.9496480566,7.35201953258,7.08402779463,24.7615822027
0.9445,0.681011810113,0,9.16683198277,13.8935940255,20.4170009177,9.63705261909,14.7806025415,20.338375671,8.2095844925,7.88824197622,24.9483120754
0.945,0.808804460804,0,10.1221932331,14.9119868151,22.0686005558,10.4594594714,15.7085257399,21.5567310821,9.12721735163,8.74878711659,25.1481213902
0.9455,0.941030711387,0,11.0650141431,15.6519341635,24.0855123851,11.0909074902,15.8798615611,23.2972109527,10.0766862899,9.63918775195,25.3548628294
0.946,1.07152132304,0,11.93381622,15.9716991029,26.3897801855,11.5995549055,15.4833734699,25.4561211918,11.0136922321,10.5179007383,25.5588905224
0.9465,1.19176739863,0,12.653664865,15.7470708816,28.8336485704,11.9811341781,14.599493469,27.8411945275,11.8771358617,11.3276278661,25.7469004419
0.947,1.29139765608,0,13.1454533492,14.9114009737,31.2059467629,12.2246271481,13.3264754165,30.2535739818,12.5925447486,11.9985297796,25.9026766416
0.9475,1.35946337187,0,13.3407184885,13.4921156377,33.2653355801,12.3082350235,11.7704604192,32.5188796918,13.0813000648,12.4568786802,26.0091003205
0.948,1.38648893652,0,13.1984387597,11.6231541231,34.7958331278,12.2012716013,10.039174829,34.503950826,13.2753608815,12.6388665974,26.0513559552
0.9485,1.36679678859,0,12.7175810077,9.51964049551,35.6633865581,11.8751848045,8.24472245441,36.1042571994,13.1339586811,12.5062613019,26.0205664335
0.949,1.30024393479,0,11.9395964434,7.42153883628,35.8461586825,11.3205098857,6.51248664133,37.2113587942,12.6560666803,12.0580998888,25.9165081794
0.9495,1.19256740729,0,10.9393172847,5.53230451883,35.4246247904,10.5602636661,4.98497251299,37.6923203542,11.8828804348,11.3330150582,25.7481512899
0.95,1.0541243182,0,9.80814955167,3.97977360083,34.5410648271,9.65137448554,3.81168169198,37.4053908826,10.888770625,10.4007507466,25.5316895559
0.9505,0.897565667669,0,8.63629487528,2.80982297237,33.3521011962,8.67390032879,3.12755135859,36.2437185548,9.76457951287,9.34649774242,25.2869033611
0.951,0.735375763027,0,7.49956913269,2.00464259342,31.9941315163,7.78188096166,3.02891437844,34.6731665018,8.59995239923,8.25432433884,25.0333124579
0.9515,0.578047859226,0,6.45298964457,1.50993048368,30.5681749149,6.65793357623,2.48500875,33.4066222773,7.47023755721,7.19489124681,24.7873235024
0.952,0.433196598402,0,5.53027934881,1.25884364216,29.1399260329,5.38228231544,1.82142552525,31.0797373613,6.43011298119,6.21947483668,24.5608423158
0.9525,0.3054893853,0,4.74705870296,1.18773194231,27.7473752646,4.36695609769,1.26003711589,29.718356186,5.51309361852,5.35950502596,24.3611665864
0.953,0.197088160793,0,4.10554126289,1.24395511161,26.4099660224,3.73176649965,1.22513521682,28.1021376317,4.7347035856,4.62954014571,24.1916766019
0.9535,0.108299290871,0,3.59923917814,1.38819599613,25.136222559,3.36303300615,1.60472025183,26.30324816,4.09714278594,4.03164323914,24.0528513786
0.954,0.038224828141,0,3.21691791984,1.59373533497,23.9290255581,2.88819842402,1.63597085404,24.6247846981,3.59396338368,3.55976760278,23.9432869373
0.9545,-0.0146901362106,0,2.94556217815,1.84444485459,22.7888351026,2.40700241736,1.50492113364,23.3510436255,3.21400014037,3.20344260929,23.8605521109
0.955,-0.052246979014,0,2.77240508035,2.13251849901,21.7154928971,2.00933868531,1.47115823408,22.2175390922,2.94431801972,2.95053793607,23.8018303692
0.9555,-0.0762126922936,0,2.68619543439,2.45643506385,20.7091875214,1.7460233071,1.64685993769,21.0642285267,2.77222889034,2.78915480499,23.764358944
0.956,-0.0881444911243,0,2.67790326279,2.81933125284,19.7710040803,1.5890140002,1.92914965797,20.0513625363,2.68655095334,2.70880705851,23.7457030625
0.9565,-0.0892921645933,0,2.74104270466,3.22779727944,18.9033258987,1.55749334777,2.34726494095,19.1533145952,2.67830992476,2.70107872029,23.7439086256
0.957,-0.0805533847228,0,2.87175255962,3.6910256658,18.1102480377,1.66623129801,2.92345610373,18.3479262054,2.7410599461,2.75992494118,23.7575720844
0.9575,-0.06246255884,0,3.06873268852,4.22020477975,17.3980989898,1.89971378528,3.60240286842,17.7137483551,2.87096363139,2.88174706643,23.78585787
0.958,-0.0351996319883,0,3.33309470268,4.82802470188,16.7761341075,2.25913750135,4.35899023318,17.2892491481,3.0667288603,3.06533336101,23.8284846307
0.9585,0.00138924778604,0,3.66814846336,5.52813684203,16.2574461928,2.75410460546,5.29515367774,16.8571769776,3.32946038812,3.31171985124,23.8856929205
0.959,0.0477621800189,0,4.07910978234,6.33436850834,15.8601188427,3.43020212799,6.53414294923,16.348202969,3.66244766212,3.62399134152,23.9581989978
0.9595,0.104641056282,0,4.57267589833,7.25943187283,15.6086068658,4.35392151373,8.1731349732,16.0435315333,4.0708743249,4.00700898998,24.0471315712
0.96,0.172952804231,0,5.1563702008,8.31278319073,15.5352373551,5.27744170024,9.70597925766,16.1178190474,4.5613963091,4.46701465079,24.1539399321
0.9605,0.253738694466,0,5.83750464028,9.49719925712,15.6815436502,5.97473019053,10.7515882134,16.7478088606,5.14149060273,5.01102015405,24.2802521518
0.961,0.348010733493,0,6.62155204972,10.8035979571,16.098818732,6.72307676902,11.9148899684,17.3894549045,5.81842405893,5.64584026788,24.4276505461
0.9615,0.456526385762,0,7.50968104787,12.2037649208,16.8467578565,7.44700734166,13.0820720401,17.7991920506,6.59763575627,6.37657569522,24.5973194434
0.962,0.579447393309,0,8.49523257837,13.6411985369,17.9883793787,8.4550997026,14.4748505508,19.2435077506,7.48028710587,7.20431559358,24.7895117343
0.9625,0.715852113085,0,9.55910451904,15.0216016517,19.578820771,9.67287366831,16.1787375881,20.4623167706,8.45976012197,8.12285369488,25.0027863901
0.963,0.863096726332,0,10.6644992384,16.2069123191,21.6458235235,10.7023159677,17.201238898,21.7935457466,9.51707049714,9.11438674229,25.2330096863
0.9635,1.01608827703,0,11.7523965801,17.0198157533,24.1620754439,11.5915454127,17.501627534,23.7460582416,10.615647554,10.1446191912,25.4722185669
0.964,1.16665811275,0,12.740333708,17.2673954146,27.0154520705,12.3364678785,17.1468404876,26.1126768722,11.6968351505,11.1585440117,25.7076409917
0.9645,1.30339300982,0,13.5279383137,16.7887577385,29.9918914647,12.9285150082,16.2331014458,28.6480367792,12.6786790505,12.0793054996,25.9214318939
0.965,1.41240099389,0,14.0118202855,15.518214693,32.791185746,13.3455165798,14.8733921846,31.1154013264,13.4614260047,12.8133562486,26.0918705732
0.9655,1.47937241316,0,14.1086420033,13.5365800227,35.0876836898,13.5468800444,13.1841104006,33.3365112331,13.9423235728,13.2643362469,26.1965832724
0.966,1.49277296999,0,13.7793214725,11.0748525974,36.6212289265,13.4819842046,11.2832421258,35.2048545723,14.0385481304,13.3545744882,26.2175356203
0.9665,1.4471935423,0,13.0435421983,8.45477533789,37.2750890673,13.113856548,9.30437214657,36.6416401941,13.7112587259,13.0476463919,26.1462702215
0.967,1.34535841485,0,11.9766618368,5.99184792493,37.0973851184,12.4459301997,7.41268985083,37.529361535,12.9800174639,12.3618970662,25.9870466126
0.9675,1.19769742276,0,10.6901070322,3.91199338059,36.258341547,11.5335290356,5.80197310211,37.6896658065,11.9197172227,11.3675601581,25.7561722901
0.968,1.0196325097,0,9.30463949477,2.31842520376,34.9757020823,10.4731056688,4.66702525385,36.9324249761,10.6410974085,10.1684857609,25.4777601273
0.9685,0.827877634023,0,7.92737397635,1.20810853376,33.4499951918,9.37846102946,4.16696102036,35.1359346728,9.26417491827,8.87722428756,25.1779431182
0.969,0.637257954297,0,6.63866565288,0.512567889116,31.8311637683,8.34781723488,4.03507160556,33.4791140065,7.89540386009,7.59360712992,24.8799010369
0.9695,0.458894984634,0,5.48899466834,0.137966648494,30.2141013022,6.9114254157,3.18509783305,31.1691872547,6.6146438091,6.39252564412,24.6010228498
0.97,0.299775401712,0,4.50255374532,-0.00770831553248,28.6498709909,5.71623720857,2.44603221176,29.5511724652,5.47206356657,5.32102753307,24.3522325269
0.9705,0.163247586052,0,3.68378614315,-0.00118119671632,27.1607565749,5.00178732868,2.44232313759,27.5221487435,4.49170664339,4.40166051426,24.1387654054
0.971,0.0499265045245,0,3.02420744183,0.0999808805921,25.7528775137,4.2336809269,2.22622199169,25.4491303121,3.67798889453,3.63856572373,23.9615830124
0.9715,-0.0413621243685,0,2.50815303213,0.256109207194,24.4246470047,3.40917034775,1.75141411451,23.8788054918,3.02247822874,3.023835647,23.8188493083
0.972,-0.112786352292,0,2.11703168397,0.442160447735,23.1716147508,2.65357745222,1.39993406975,22.3781351164,2.50960665024,2.54287080347,23.707174451
0.9725,-0.166919288261,0,1.83216881517,0.644136504281,21.9888650899,2.16923645568,1.26771351119,21.1571099751,2.12089759273,2.17834408984,23.6225352735
0.973,-0.206345577593,0,1.63652118506,0.855956303315,20.8720134906,1.91679769856,1.31986718733,20.18326252,1.8377916519,1.91285071832,23.5608905716
0.9735,-0.233424080679,0,1.51557726903,1.07701906419,19.8175131697,1.81359331126,1.50038263142,19.3189666443,1.64335070344,1.73050631813,23.5185521655
0.974,-0.250163257134,0,1.45771815385,1.31045491999,18.8226867584,1.83615061397,1.82821708644,18.5325046353,1.52315272439,1.61778608833,23.4923797419
0.9745,-0.258171216281,0,1.45425279082,1.56196369769,17.8856971598,1.94471577945,2.25284116234,17.820974313,1.46565046265,1.56386115375,23.4798589528
0.975,-0.258650837952,0,1.49928179145,1.83911897138,17.0055574266,2.13022369674,2.75770417144,17.1932696171,1.4622064727,1.56063142109,23.4791090437
0.9755,-0.252418623784,0,1.58949409093,2.15102122413,16.1822245889,2.38633656705,3.33170701725,16.6578025471,1.50695775123,1.60259863585,23.488853379
0.976,-0.239932839884,0,1.72396233704,2.50820050254,15.4168029818,2.69656588165,3.95583562953,16.2171688687,1.59661365489,1.68667687196,23.50837544
0.9765,-0.221321835933,0,1.90397440966,2.922684724,14.7118828106,3.03041353038,4.59888930714,15.8669660484,1.73025255098,1.81200183331,23.5374745465
0.977,-0.196407363617,0,2.13291745961,3.40815849732,14.0720503708,3.41480637736,5.37755716966,15.5604414949,1.90915437626,1.97977382927,23.5764293973
0.9775,-0.164720626184,0,2.41621415912,3.98013379218,13.5046226802,3.77025945521,6.16767926834,15.2282564414,2.13668539083,2.19314969842,23.6259729764
0.978,-0.125511101655,0,2.76129494397,4.65603200499,13.020677911,4.11067230425,6.99934108072,14.9142937108,2.41823482191,2.45718339368,23.6872787571
0.9785,-0.0777503846337,0,3.17757069678,5.4550284232,12.6364688795,4.55786054607,7.97141614257,14.567245587,2.76118727714,2.77880011195,23.7619546958
0.979,-0.020135967068,0,3.67634227491,6.39742281571,12.3753088825,5.13747356343,8.9948670745,14.4847809381,3.1748955963,3.1667708347,23.8520373197
0.9795,0.0488962400188,0,4.27053973055,7.50315923176,12.2699830584,5.91474362311,10.3777282904,14.2447350017,3.6705909373,3.63162800776,23.9599721495
0.98,0.131135813414,0,4.97411694802,8.78891294694,12.3656150225,6.99294312651,12.2633232815,14.2521198475,4.26112360456,4.1854224932,24.0885572654
0.9805,0.228514032838,0,5.80082984929,10.2629051335,12.722617648,7.82905689184,13.5525782814,14.9349166617,4.96036142006,4.84115936891,24.2408123066
0.981,0.342934779134,0,6.76200062523,11.9163814196,13.4187349385,8.58209864728,14.7432254425,15.8229193266,5.78197546438,5.61165921104,24.4197140728
0.9815,0.47596509393,0,7.8627482646,13.7107579578,14.5480654039,9.33386884004,15.9416943154,16.6852356512,6.73721809733,6.5074743483,24.6277127011
0.982,0.62831346806,0,9.09614803595,15.5603849251,16.2132887881,10.5283007031,17.7552170398,18.227354171,7.83117673565,7.53337569937,24.8659159473
0.9825,0.79902148786,0,10.4350987396,17.3137122916,18.5055858122,11.7162768086,19.3211853026,19.544260382,9.05696935705,8.68290938591,25.1328252906
0.983,0.984338226633,0,11.8227127779,18.741395628,21.4668062174,12.670757327,19.8425723627,21.6520614454,10.3876619119,9.93081697777,25.4225759952
0.9835,1.17639018758,0,13.1641788809,19.5477970363,25.0342438955,13.4830529712,19.5461797694,24.3750576729,11.7667176642,11.2240789987,25.72285751
0.984,1.36205506883,0,14.3260080837,19.4262521591,28.9842103581,14.1556849163,18.5396743973,27.3749357161,13.0999101044,12.4743309532,26.0131525504
0.9845,1.52285740329,0,15.1503142779,18.1650453247,32.9132373105,14.6739552337,16.9613516788,30.292059956,14.2545735778,13.5571605739,26.2645739278
0.985,1.63694505061,0,15.4882460161,15.7707533008,36.3034016667,14.9862956528,14.9500723804,32.8623319206,15.0737957588,14.3254173551,26.4429548794
0.9855,1.68371630775,0,15.245342237,12.530413081,38.679009903,15.0035154766,12.6298179786,34.9968333653,15.40964326,14.6403711323,26.5160837549
0.986,1.65009734325,0,14.418232496,8.94290893993,39.7823540552,14.635448826,10.1341877617,36.7218123508,15.1682376209,14.4139838059,26.4635190556
0.9865,1.53562167257,0,13.1007044215,5.5396629278,39.6547494344,13.8493811969,7.65286630397,37.999795765,14.3462291844,13.6431141075,26.2845314127
0.987,1.35326992104,0,11.4542919741,2.70611076481,38.5728532411,12.7041960175,5.44621866651,38.6076222995,13.0368271318,12.4151724946,25.9994165934
0.9875,1.12539910802,0,9.66046921971,0.605021052157,36.9012552614,11.3348423336,3.80206685026,38.2027339551,11.4005691425,10.8807092863,25.6431307603
0.988,0.87712605221,0,7.87852081721,-0.789959590778,34.9626977865,9.90708521163,2.96507074404,36.5063289222,9.61781001813,9.20885906242,25.2549451417
0.9885,0.630496459565,0,6.22289584384,-1.61052617781,32.9786213543,8.52994855481,2.62283148783,34.6732432809,7.84685200903,7.54807578362,24.8693291486
0.989,0.401350591937,0,4.75973495967,-2.01790830961,31.0704642905,6.84427146202,1.70834043892,32.1244919898,6.20143831323,6.00502646304,24.5110497128
0.9895,0.198842611161,0,3.51495343311,-2.15811028164,29.2883810135,5.59608603359,1.21253735284,29.9415075092,4.74730165989,4.64135446938,24.1944197606
0.99,0.0265593057642,0,2.4862264093,-2.14481519548,27.6419067692,4.38743510654,0.65037286044,27.5955303471,3.5101974817,3.48121293992,23.9250473905
0.9905,-0.115821094515,0,1.65421396432,-2.05846129093,26.1220931458,3.0897042473,-0.117783804884,25.6203212962,2.48781526264,2.52243510033,23.7024295008
0.991,-0.230975321256,0,0.991179001537,-1.95204492036,24.7142691683,2.19666346071,-0.652528844139,24.078606181,1.66093436023,1.74699606155,23.5223809063
0.9915,-0.322742312125,0,0.466803427921,-1.85837128684,23.4040801392,1.45814049816,-1.01624175239,22.5205611998,1.0019887499,1.12904473484,23.3788992627
0.992,-0.395318226183,0,0.0516909057404,-1.79652232584,22.1796608224,0.899173936248,-1.18088865275,20.9995139304,0.480847329317,0.64032453213,23.2654236944
0.9925,-0.452771647451,0,-0.280808243056,-1.77691407291,21.0319585367,0.478086453728,-1.21135371409,19.5257000039,0.0682950664092,0.253437945123,23.1755927951
0.993,-0.498791010025,0,-0.553888560369,-1.8049865689,19.9543628299,0.142908033258,-1.19985104903,18.1571504949,-0.262153351601,-0.0564526363135,23.1036395392
0.9935,-0.536586541772,0,-0.787269814427,-1.88378212117,18.9422070626,-0.209244949625,-1.35970581803,17.1164064536,-0.533549411328,-0.310964621133,23.044544597
0.994,-0.568887546414,0,-0.997566497898,-2.0156935216,17.9923724843,-0.580398308257,-1.67350243141,16.341033016,-0.765491256823,-0.52847691486,22.9940405847
0.9945,-0.597993543706,0,-1.19884907121,-2.20362625957,17.1030642577,-0.975922473752,-2.13411347809,15.7883212898,-0.974490908754,-0.724474293352,22.948532104
0.995,-0.625851948019,0,-1.40327469922,-2.45176608973,16.2737667304,-1.31982684414,-2.50913071494,15.396263805,-1.17453204619,-0.912070483902,22.9049742887
0.9955,-0.654145365097,0,-1.62171716763,-2.76609152628,15.5053728956,-1.65442505938,-2.86261908494,15.0325755788,-1.37769685315,-1.10259601444,22.8607363122
0.996,-0.684378775293,0,-1.86435920728,-3.1547234173,14.8004930175,-1.98784390823,-3.27938019587,14.6919085911,-1.59479204985,-1.30618529817,22.8134650729
0.9965,-0.717961513892,0,-2.14122962514,-3.6281590476,14.1639664517,-2.32217440308,-3.7599114996,14.3843533452,-1.83593756387,-1.53232868236,22.7609570143
0.997,-0.756281612429,0,-2.46267514259,-4.19939159603,13.6036227473,-2.65847477083,-4.30229580763,14.1235219864,-2.11110034821,-1.79037305656,22.7010418894
0.9975,-0.800771103212,0,-2.83975379363,-4.88385980858,13.1313595296,-2.99807239282,-4.90718627961,13.9254185811,-2.43056330956,-2.08996160788,22.6314806539
0.998,-0.852960467377,0,-3.28452240758,-5.69909676171,12.7646197869,-3.34240357857,-5.57753091128,13.8106071206,-2.80531628006,-2.44140046973,22.5498803347
0.9985,-0.914518423783,0,-3.81016223683,-6.663836495,12.5283471911,-3.77394279331,-6.50201373201,13.7075915366,-3.24734172702,-2.85592665688,22.4536318178
0.999,-0.987269316449,0,-4.43083909997,-7.79617757959,12.4574469858,-4.31108725178,-7.72667090612,13.6359854967,-3.76973960578,-3.34582515106,22.339882663
0.9995,-1.07317375774,0,-5.1611209686,-9.11018495381,12.5996263257,-4.96361786066,-9.28085660628,13.6451745654,-4.38658836543,-3.92429855377,22.2055673682
1,-1.17424801978,0,-6.01467226567,-10.6100588502,13.0181334411,-5.97312912381,-11.231981751,13.9119359506,-5.11236612776,-4.60492427477,22.0475334051
1.0005,-1.29238331954,0,-7.0018179497,-12.2808247667,13.7932115224,-7.28143120092,-13.3140823131,14.5404416747,-5.96065303865,-5.40043761276,21.8628237746
1.001,-1.42900867727,0,-8.12546493533,-14.0747124982,15.019875015,-8.60498508192,-15.1106820057,15.3893737201,-6.94171037614,-6.32046147175,21.6492041418
1.0015,-1.58452642287,0,-9.37490572825,-15.8936534184,16.7979299616,-9.74398649417,-16.3360645365,16.4806715121,-8.05842712609,-7.36770510822,21.4060454467
1.002,-1.75745459148,0,-10.7174658659,-17.5716631466,19.2087037143,-10.7036962122,-17.0207631397,18.1406051637,-9.30016183402,-8.53218909319,21.1356648052
1.0025,-1.94327089199,0,-12.0891847436,-18.8670729819,22.2739487307,-11.4989080287,-17.2329981423,20.7976414551,-10.6344415613,-9.78346069249,20.8451330142
1.003,-2.13312289194,0,-13.3880240501,-19.4820118913,25.8999658312,-12.1605655033,-16.9629846089,24.5614282627,-11.9977001883,-11.061908358,20.5482912333
1.0035,-2.31288803477,0,-14.4759135228,-19.1276569995,29.827437144,-12.7509039685,-15.7034172187,27.8637796879,-13.2885287383,-12.2724319619,20.267220688
1.004,-2.46345678138,0,-15.1968078016,-17.6351608757,33.6283200757,-13.2448936362,-13.7471961459,31.1198412261,-14.3697085143,-13.2863494485,20.0317999661
1.0045,-2.56323175919,0,-15.4128500106,-15.0692072948,36.7905362427,-13.5567110328,-11.3788412581,34.2929062386,-15.0861565859,-13.9582258969,19.8757974899
1.005,-2.5931329628,0,-15.0485711739,-11.7642477979,38.88206556,-13.5545841282,-8.82957524754,36.8823355491,-15.3008663272,-14.159578129,19.8290456699
1.0055,-2.54271514992,0,-14.1215807403,-8.22987534048,39.7100207218,-13.1311531542,-6.3125676221,38.333775263,-14.9388342265,-13.820068747,19.9078760923
1.006,-2.41441554669,0,-12.7407978488,-4.96732252654,39.3700538617,-12.2788002599,-4.10996448896,38.6265095948,-14.0175611243,-12.9561098301,20.1084780493
1.0065,-2.22330904687,0,-11.0723481148,-2.3115029547,38.1607708724,-11.1004731242,-2.59809023529,38.5058497367,-12.6452943869,-11.6692144663,20.4072812948
1.007,-1.99238817528,0,-9.29252698693,-0.38052941533,36.4375819614,-9.78905050946,-1.6924320464,37.7884439837,-10.9871350288,-10.1142124158,20.7683360258
1.0075,-1.74605300691,0,-7.55003069817,0.877118934025,34.4987906588,-8.54080823128,-1.11051071892,35.942534265,-9.21829117406,-8.45541176567,21.1534916739
1.008,-1.50488376245,0,-5.94790347549,1.5997546448,32.5412837758,-7.47289329751,-1.05281429354,33.9038037767,-7.48654195277,-6.83139801998,21.5305701774
1.0085,-1.28314222171,0,-4.54290919159,1.94413501012,30.6690724399,-6.46243163038,-1.33050584357,32.0647338103,-5.89429605348,-5.33820882425,21.8772726291
1.009,-1.08868475739,0,-3.35456639464,2.04768061414,28.9226560146,-4.98918310218,-1.1057527669,30.1529551473,-4.49796725051,-4.02874834253,22.181315252
1.0095,-0.924212823447,0,-2.37691073431,2.01547406705,27.30749968,-3.46025030689,-0.187888261104,28.4986676117,-3.31695370888,-2.92120794242,22.4384742063
1.01,-0.788900927258,0,-1.58904110803,1.92097568329,25.8137251519,-2.0935660601,0.870997252592,27.0083017305,-2.34532786417,-2.01002882476,22.6500401854
1.0105,-0.679856263161,0,-0.963027695303,1.81210176882,24.4271281681,-0.989772046756,1.77056641851,25.5978655141,-1.562317524,-1.27573107552,22.8205362154
1.011,-0.593213219651,0,-0.469157730355,1.71819881678,23.1342325758,-0.172574685987,2.27804066694,24.0514049313,-0.940165128616,-0.692283986529,22.9560063466
1.0115,-0.524859417653,0,-0.0790377206651,1.65610270168,21.9240075827,0.550504542058,2.84511226874,22.2334814717,-0.449341169485,-0.231995137231,23.0628804608
1.012,-0.470865071387,0,0.232837383274,1.63482146583,20.7880306132,1.13830606644,3.32809491475,20.4340306202,-0.0616272745676,0.1315983248,23.1473029473
1.0125,-0.427700168445,0,0.488524420745,1.65892996185,19.7200938266,1.55796400242,3.60926834757,18.8805314435,0.248324300006,0.422267211157,23.2147931326
1.013,-0.392311944068,0,0.706688123637,1.7309312709,18.7157308664,1.85185208448,3.75078999965,17.5516873722,0.502434355156,0.66056858725,23.270124146
1.0135,-0.362117116261,0,0.902999592564,1.85285256855,17.7718517384,2.05477586642,3.80203404178,16.4286177709,0.719252505666,0.863898060371,23.3173350601
1.014,-0.334946734927,0,1.09069850711,2.02730465403,16.8865378487,2.19547608978,3.80238300483,15.4955876985,0.914353198642,1.04686116108,23.3598171218
1.0145,-0.308968369465,0,1.28120972284,2.25818451474,16.0589988135,2.29785406,3.78347450735,14.7402767566,1.10089445626,1.2217973255,23.4004354154
1.015,-0.282600768999,0,1.484752685,2.55115234093,15.2896845545,2.38199392976,3.7710360362,14.1538651294,1.29023066984,1.39935456625,23.4416622947
1.0155,-0.254429516804,0,1.71091295944,2.91397124845,14.5805569001,2.5453138571,3.90422342085,13.7748111388,1.49251825489,1.58905744856,23.4857092611
1.016,-0.223127927892,0,1.96916299099,3.35675816897,13.9355433469,2.69492308605,4.05395202667,13.5383177314,1.71728365708,1.79983975943,23.5346506439
1.0165,-0.187384973722,0,2.26932658007,3.89215386342,13.3612172401,2.85748059591,4.35475088548,13.3399667959,1.97394089872,2.0405298566,23.5905362926
1.017,-0.145840996581,0,2.62197970516,4.53537219005,12.8677711605,2.98739542625,4.7174170974,13.1479694044,2.27225319069,2.32028356269,23.6554920906
1.0175,-0.0970322339564,0,3.03876869833,5.30402383502,12.4703702472,3.14974197571,5.1906315994,12.9418378512,2.62273128278,2.64895773336,23.7318066937
1.018,-0.0393467816394,0,3.53260285699,6.21751407014,12.1909806004,3.47979599091,5.79731941259,13.0222472041,3.03694967683,3.03740679826,23.8220003835
1.0185,0.0290020646092,0,4.11763745243,7.29567075642,12.0607436479,4.03153721028,6.78323195814,12.9758596218,3.52773805051,3.49766227595,23.9288667492
1.019,0.109973457358,0,4.80889768995,8.55605224126,12.1228659744,4.90438254474,8.34856913212,13.1175635034,4.10916437069,4.0429169378,24.05546901
1.0195,0.205646951918,0,5.62129717596,10.0091176908,12.4357312982,5.63357255764,9.55041261873,13.8050106489,4.79616117278,4.68717433727,24.2050586405
1.02,0.318086657814,0,6.56767519649,11.6501795632,13.0753767704,6.22265263519,10.4940740622,14.9990771912,5.60355008164,5.44433401719,24.3808629647
1.0205,0.4490695894,0,7.65533955569,13.4470206893,14.1354241603,6.80500769342,11.5454805611,15.6692483102,6.54409119538,6.32636224525,24.5856604211
1.021,0.599607179303,0,8.88054226758,15.3227820911,15.7209029581,7.79198281658,13.0309637653,17.4600098435,7.62504724632,7.3400699251,24.8210324282
1.0215,0.769180689579,0,10.2205435592,17.1362019177,17.9304831466,8.9302651222,14.6109127184,19.005004598,8.84269336467,8.48196391834,25.0861679169
1.022,0.954642834406,0,11.6238155173,18.6667000464,20.8210480041,9.86528833829,15.2379999755,21.1702077017,10.1744300279,9.73085066253,25.3761459702
1.0225,1.14886192117,0,13.0009397832,19.620000825,24.3530520842,10.6947600832,15.0876194886,24.0019253598,11.5690471278,11.0387059295,25.6798158795
1.023,1.33946205092,0,14.2217976252,19.6758502101,28.3296537578,11.4268274627,14.2723786975,27.1658510572,12.9376778046,12.3221914392,25.9778273936
1.0235,1.50843421186,0,15.1270081776,18.5898310366,32.3662711685,12.0575198426,12.9422810667,30.2901457574,14.1510058506,13.4600359957,26.2420226467
1.024,1.63371938256,0,15.559202398,16.3235018483,35.9408375212,12.5465943394,11.246467494,33.0833533302,15.0506334018,14.3036959732,26.4379114085
1.0245,1.69353698693,0,15.4091231869,13.1263349704,38.543790319,12.8047014896,9.30030208632,35.4310093312,15.4801620094,14.7065027737,26.5314388099
1.025,1.67276535591,0,14.6569183001,9.48822056248,39.8659576155,12.7182665732,7.19781681544,37.3568591379,15.3310084309,14.5666283284,26.4989614699
1.0255,1.56865685055,0,13.3844619226,5.96471515362,39.9047976861,12.2115707257,5.07060029741,38.8435456948,14.5834428634,13.8655702638,26.3361833367
1.026,1.39254322257,0,11.7498524491,2.98250377389,38.9192748249,11.3015141461,3.1336691195,39.6843742052,13.3188345225,12.6796356589,26.0608220922
1.0265,1.16630599369,0,9.93907653623,0.74100490731,37.2821052148,10.1008476677,1.66345073045,39.5267967153,11.6943067108,11.156172871,25.7070904384
1.027,0.915686545255,0,8.12030050669,-0.76578431129,35.3368906517,8.77527330929,0.923055198586,38.0589859194,9.8946989886,9.46852223336,25.3152361338
1.0275,0.663959845059,0,6.4173970619,-1.66481081984,33.3258099361,7.51286720947,0.848770663178,36.1616899065,8.08714049152,7.77341545387,24.9216505935
1.028,0.428270426492,0,4.90411661213,-2.12175587199,31.3847646642,5.81567230778,0.0687936379468,33.3730829865,6.3947399203,6.18630240247,24.5531400338
1.0285,0.21882567469,0,3.61142482244,-2.29028857286,29.571652521,4.5316165673,-0.413105331045,31.2326627765,4.89079282015,4.77591876644,24.2256641413
1.029,0.0399113755657,0,2.53973110883,-2.29152430928,27.8990160437,3.36883374833,-0.792945171958,28.727195151,3.60607387147,3.57112467365,23.9459239268
1.0295,-0.108415805883,0,1.67072251191,-2.21179684074,26.358332261,2.06892441794,-1.47148085546,26.6164133322,2.54098996513,2.57230170151,23.7140079886
1.03,-0.228690464768,0,0.976594150131,-2.1083165307,24.9342769096,1.18996074498,-1.90876146429,24.9684395215,1.67734108925,1.76238209616,23.5259533779
1.0305,-0.324760920496,0,0.42634386527,-2.01671907218,23.6115895376,0.472024294795,-2.17395811017,23.2890950127,0.987493852416,1.11545159302,23.3757430815
1.031,-0.400918009791,0,-0.0103984753452,-1.95791550215,22.3776135144,-0.0669667946495,-2.2467572322,21.6343195782,0.440637306164,0.602616052454,23.2566681915
1.0315,-0.461365094233,0,-0.361344354371,-1.94348257914,21.2227366703,-0.467894496898,-2.19191469838,20.0193232096,0.00658862947755,0.195570385235,23.1621565709
1.032,-0.509937566401,0,-0.650726002311,-1.97960680091,20.140028361,-0.810159354074,-2.16597073789,18.5872768014,-0.342192746208,-0.131512625046,23.0862114181
1.0325,-0.549989274885,0,-0.899224063722,-2.06984471847,19.1247142473,-1.17260602286,-2.32668660131,17.4920129602,-0.629789596032,-0.40121751741,23.0235888464
1.033,-0.584382512968,0,-1.12432139068,-2.21699629377,18.1737550024,-1.55693761456,-2.65553589712,16.6706127047,-0.876755014047,-0.632818738091,22.969813537
1.0335,-0.615536985216,0,-1.34086989357,-2.42434914338,17.2856126364,-1.92464628623,-3.01834057112,16.0721041025,-1.10046402461,-0.842610377505,22.9211021774
1.034,-0.645508262152,0,-1.5617375106,-2.69649490632,16.4602165001,-2.24530939196,-3.29689989082,15.5687500104,-1.31567693708,-1.04443447755,22.8742407948
1.0345,-0.676077323714,0,-1.79845760532,-3.03986266729,15.6991256065,-2.55911960632,-3.6313648424,15.0898855471,-1.53518232499,-1.25028400983,22.8264447501
1.035,-0.708840438768,0,-2.06183849437,-3.46306194543,15.0058937695,-2.86781055932,-4.03163954989,14.6475581716,-1.77044241842,-1.47090811685,22.7752182082
1.0355,-0.745293526459,0,-2.36251050051,-3.97707702297,14.3866636763,-3.17327059106,-4.4949114371,14.2543482756,-2.03219887234,-1.71638019443,22.7182222352
1.036,-0.786907870786,0,-2.71139460186,-4.59529985468,13.8510377424,-3.47783864778,-5.02148270007,13.9243171408,-2.33101644565,-1.99660774732,22.653156415
1.0365,-0.835194983744,0,-3.12007133314,-5.33332202312,13.4132917885,-3.78403497039,-5.61421619235,13.6749077048,-2.67774875993,-2.32176917228,22.5776574337
1.037,-0.891757662897,0,-3.60101002593,-6.20831564953,13.0940032639,-4.14146911718,-6.38488611661,13.4715820583,-3.08390492549,-2.70265757555,22.489219248
1.0375,-0.958321719255,0,-4.16758355519,-7.23770511178,12.9221401083,-4.59830355637,-7.44446398164,13.291159835,-3.56187736773,-3.15089442573,22.3851434783
1.038,-1.03673801825,0,-4.83373749613,-8.4366546746,12.9375613936,-5.16379151687,-8.81859400372,13.1733725936,-4.1249564827,-3.67894329758,22.2625362166
1.0385,-1.12893668958,0,-5.61310014411,-9.81367773911,13.1936467414,-6.00511668364,-10.6621541987,13.2400007981,-4.7870018345,-4.29980152483,22.1183796219
1.039,-1.23680395001,0,-6.51721255919,-11.3634709476,13.759285684,-7.12449795607,-12.6205617987,13.6042168456,-5.56155766422,-5.02617073512,21.9497245132
1.0395,-1.36193713362,0,-7.55244808522,-13.0560785823,14.718578774,-8.48077475516,-14.6328561234,14.3356168798,-6.46009385101,-5.86880724414,21.7540733898
1.04,-1.50521833958,0,-8.71515216314,-14.8221340539,16.1652556886,-9.65812904057,-16.0925477756,15.1895309787,-7.48894443027,-6.8336510347,21.5300470516
1.0405,-1.66614176066,0,-9.98473630526,-16.535981824,18.18729551,-10.6571392833,-17.0163357224,16.4266801427,-8.64447738292,-7.91729604267,21.27843635
1.041,-1.84185785848,0,-11.3152052013,-18.0028565438,20.8368123623,-11.4851266642,-17.4493087825,18.4075618184,-9.90623120339,-9.10055371238,21.0036966611
1.0415,-2.02600067731,0,-12.6272232045,-18.9628396576,24.0838550624,-12.156889183,-17.4737376829,21.5650262823,-11.2284942633,-10.3405562245,20.7157814308
1.042,-2.20758981044,0,-13.8052883844,-19.1291588213,27.7641500738,-12.7199412318,-16.7574277507,24.9835425317,-12.5324202287,-11.5633624282,20.4318589981
1.0425,-2.37063927641,0,-14.7065799888,-18.2716681699,31.5495890884,-13.1928000828,-15.1903211243,28.1319296123,-13.7032195417,-12.6613240467,20.1769241338
1.043,-2.49538204727,0,-15.1864900902,-16.3277304499,34.9826372763,-13.5274565288,-13.0480376338,31.2257193122,-14.5989523155,-13.5013315485,19.9818834375
1.0435,-2.56180374199,0,-15.1377991077,-13.4814500841,37.5950914393,-13.6270708058,-10.5806663653,34.0208959391,-15.0759025103,-13.9486097472,19.8780302563
1.044,-2.55506469324,0,-14.5284174315,-10.1414466127,39.0695533609,-13.3820417294,-8.00780855393,35.9893051793,-15.0275118357,-13.9032295503,19.8885670493
1.0445,-2.47072355611,0,-13.4171227402,-6.80557324834,39.3481973992,-12.7378178172,-5.57979338112,36.8204031221,-14.4218885985,-13.3352833085,20.0204380507
1.045,-2.31691542303,0,-11.9369088455,-3.88954144766,38.618744227,-11.7376552597,-3.63264439353,36.8524161026,-13.3174479585,-12.2995520614,20.260923693
1.0455,-2.11204722967,0,-10.2551937541,-1.62094535802,37.2000633259,-10.5040993233,-2.55364817266,37.0406085211,-11.8463634712,-10.9199865914,20.5812439392
1.046,-1.87929037356,0,-8.5318044984,-0.0366014497491,35.4126641787,-9.25159123151,-1.7202097274,35.7254268594,-10.1750205716,-9.35262117298,20.9451693111
1.0465,-1.64076562754,0,-6.89122162637,0.95339782424,33.5001795569,-8.11324990262,-1.31363222929,33.7585312731,-8.46226053822,-7.74641526106,21.3181130274
1.047,-1.41370165371,0,-5.41315715117,1.49138805039,31.6116209929,-7.18019680954,-1.47803818942,31.8878564454,-6.8317961697,-6.21738524114,21.6731373326
1.0475,-1.20913094958,0,-4.13646568281,1.72015170995,29.8197265489,-6.03522806332,-1.5738563196,30.05856004,-5.36284784512,-4.83982303901,21.9929924416
1.048,-1.03243116617,0,-3.06916659889,1.7579567321,28.1489518145,-4.55950464281,-1.08637612176,28.282838223,-4.09403053376,-3.64994131186,22.2692701653
1.0485,-0.884712221035,0,-2.19926849479,1.69228680046,26.5987826228,-3.0875018724,-0.0698588125247,26.7801310316,-3.03331415267,-2.65521415276,22.5002350999
1.049,-0.764314450394,0,-1.50377663195,1.58286790733,25.1586514747,-1.83605092229,0.909958257347,25.3738364602,-2.16878125575,-1.84446552304,22.6884822012
1.0495,-0.66805528005,0,-0.955160305342,1.46781659237,23.8158119121,-0.837544405467,1.7150977593,24.0449344213,-1.47757892743,-1.19626423128,22.8389875609
1.05,-0.592124337852,0,-0.525497906132,1.36986817349,22.5587174465,-0.114545693117,2.12628834299,22.5580477823,-0.932346261783,-0.684951546557,22.9577088602
1.0505,-0.532657148823,0,-0.188831780062,1.3015574631,21.3780131758,0.511021762302,2.56811324501,20.8446524265,-0.505333860063,-0.284504414,23.0506883722
1.051,-0.486061058042,0,0.0777244557666,1.26914073175,20.266476016,1.0358400098,2.98883200949,19.0684659556,-0.170744165141,0.0292698074845,23.1235433675
1.0515,-0.449168488219,0,0.293682473519,1.27540241824,19.2186169191,1.40195712783,3.21613889539,17.5202756096,0.0941680512047,0.277701321387,23.1812264898
1.052,-0.419278937055,0,0.475353868081,1.32158667613,18.2302690713,1.64845203463,3.30751747682,16.180337837,0.308794120418,0.478975086837,23.2279600907
1.0525,-0.394134807195,0,0.636280037911,1.40868912602,17.2982793985,1.80741917652,3.30860795332,15.0310107977,0.48934503355,0.648293577712,23.267274021
1.053,-0.371861908802,0,0.787774263871,1.53830682659,16.4203276034,1.90531646484,3.255742152,14.0573037947,0.649278670763,0.798277433363,23.3020986572
1.0535,-0.350894433434,0,0.939490701727,1.7132012438,15.5948649483,1.96407125757,3.17799068129,13.2470688239,0.799838536817,0.939470678329,23.3348822082
1.054,-0.32989620295,0,1.09997470864,1.93768915763,14.8211621297,2.00200651188,3.09883719574,12.5910513909,0.950619244249,1.0808710257,23.3677138462
1.0545,-0.307684501873,0,1.27717473927,2.2179423341,14.0994651314,2.03462997885,3.03756327768,12.0829211232,1.11011344564,1.23044278368,23.4024427977
1.055,-0.283159228688,0,1.47891149896,2.56224774553,13.4312725988,2.07531793937,3.01040771276,11.7193491558,1.28622057255,1.39559394489,23.4407891189
1.0555,-0.255237962959,0,1.71330772376,2.98125373134,12.8197657152,2.21535525249,3.14882471129,11.5438161911,1.48671309511,1.58361343902,23.4844452207
1.056,-0.222796481848,0,1.98918340862,3.48819971337,12.2704417689,2.35977611653,3.3206724049,11.4969395221,1.71966365138,1.80207168967,23.5351688741
1.0565,-0.184614058786,0,2.31641686445,4.09909176092,11.7920259092,2.52657017522,3.65557054164,11.4651138509,1.99383783788,2.05918896861,23.5948687375
1.057,-0.139323491563,0,2.70626054254,4.83273416629,11.3977608979,2.67191658562,4.06878813377,11.4291569908,2.31905303975,2.36417190243,23.6656824905
1.0575,-0.0853673908205,0,3.1715791305,5.71044446675,11.107196503,2.90740714649,4.65177751316,11.3647353418,2.70649230738,2.72750782227,23.7500451785
1.058,-0.0209652265162,0,3.72694053327,6.7551466363,10.9486030708,3.32432119128,5.38070202242,11.5677603601,3.16894098378,3.16118667017,23.8507407369
1.0585,0.0558992642532,0,4.38842955957,7.98933084663,10.9620816138,3.94863367788,6.51363894966,11.6148659706,3.72087712446,3.67878579375,23.9709216796
1.059,0.14745229063,0,5.17295851286,9.43107043939,11.2032601423,4.85761658355,8.10952486782,11.9836635,4.37828633307,4.29529630128,24.1140687805
1.0595,0.256034590711,0,6.09670911738,11.086918663,11.7470125155,5.46917738103,9.07608007638,13.0825030605,5.15797660427,5.02648052948,24.2838418845
1.06,0.383885787176,0,7.17216217471,12.9402135092,12.6896877923,6.13258547516,10.231216916,13.9446081423,6.07602985945,5.88741991224,24.4837427381
1.0605,0.532733278533,0,8.40301027365,14.9335382892,14.1466374586,6.97272599416,11.475716635,15.5388342733,7.14484992329,6.88974660828,24.7164722033
1.061,0.703088135511,0,9.77627714311,16.9458056074,16.2393657174,8.15026252305,13.2014609623,17.2679321142,8.36810661004,8.03690212558,24.9828293613
1.0615,0.893154384418,0,11.2515668502,18.7692676555,19.0644424117,9.17406394523,14.1616988824,19.2557838117,9.73290368144,9.31679252586,25.2800061297
1.062,1.09734104828,0,12.749139066,20.1009584835,22.6379059514,10.097120104,14.284363285,22.0520647384,11.1990943516,10.6917686326,25.5992607752
1.0625,1.30461171057,0,14.1418782776,20.5738805934,26.8208276794,10.931885961,13.6730080917,25.320768485,12.6874301003,12.0875121296,25.923337385
1.063,1.49737301832,0,15.2601880263,19.8529137577,31.2586557458,11.6863996237,12.4850450806,28.6443545958,14.0715794157,13.3855508333,26.2247279941
1.0635,1.65215206658,0,15.9192934086,17.7877624982,35.3959340545,12.3355168638,10.8908079747,31.650818759,15.1829918469,14.4278201429,26.466731704
1.064,1.74337518602,0,15.9693551221,14.5488136195,38.6163576641,12.7934507415,9.02109381617,34.1640384894,15.8380321129,15.0421090844,26.6093629812
1.0645,1.75030395005,0,15.3503479863,10.6311020422,40.4712591631,12.9233855064,6.95744872584,36.2264231585,15.8877850644,15.0887668083,26.6201964023
1.065,1.66463060646,0,14.1206870321,6.6809897099,40.856398982,12.6036772927,4.79595000688,37.9088746854,15.2725957338,14.5118495984,26.4862424387
1.0655,1.4944400556,0,12.4397479917,3.24787807648,40.0105793718,11.8089315975,2.72751402377,39.0705761022,14.0505188699,13.3658005049,26.2201421805
1.066,1.26179060839,0,10.5147675073,0.624473517177,38.3549435788,10.6365518655,1.04332010912,39.3306217683,12.3799472348,11.7991583692,25.856384747
1.0665,0.995364738791,0,8.54314792475,-1.15663057035,36.3055579169,9.26457963477,0.0542167125448,38.2755077349,10.4668393124,10.0050685987,25.439816422
1.067,0.722483810356,0,6.67528188945,-2.22738387215,34.1648835096,7.94612733644,-0.0479331734289,36.2725232518,8.50737994436,8.16751099582,25.0131553345
1.0675,0.463962834802,0,5.00348360745,-2.77883314337,32.1043198335,6.16683358815,-0.871940331525,33.7053699729,6.65103421038,6.426652128,24.6089466519
1.068,0.232578509252,0,3.56886714296,-2.99283148939,30.1961844758,4.73940019284,-1.46919262893,31.544247783,4.98954695689,4.86852921691,24.2471672906
1.0685,0.0340212032472,0,2.37546805418,-3.01347812455,28.4549145895,3.45312261313,-1.92807126835,28.9664567379,3.56377867189,3.53146074042,23.9367143887
1.069,-0.131150543991,0,1.40441940525,-2.94326785603,26.8684493757,2.09554168008,-2.62634488509,26.8409181619,2.37774002376,2.41920785542,23.6784612461
1.0695,-0.265548000389,0,0.625093252942,-2.84985994872,25.416669819,1.14016204011,-3.07143241752,25.0505729394,1.41268044086,1.51418649969,23.4683250331
1.07,-0.373410209648,0,0.00268185309331,-2.77533847217,24.0801640975,0.343096996112,-3.35846400272,23.2135132431,0.638160881712,0.787851303518,23.2996778221
1.0705,-0.45955471854,0,-0.497214214967,-2.74454149384,22.8433730755,-0.276083193077,-3.46515145698,21.3991107269,0.0195882833269,0.207761305422,23.1649871712
1.071,-0.528742560038,0,-0.90616798734,-2.77152015315,21.6950564546,-0.852992292595,-3.67405733,19.8984590202,-0.477224612159,-0.258143896892,23.0568090004
1.0715,-0.585343582913,0,-1.25194385088,-2.86419367233,20.6277753643,-1.46455252759,-4.13430243695,18.8432446318,-0.883656110133,-0.639290503614,22.9683108627
1.072,-0.633200501919,0,-1.55839576995,-3.02755799251,19.6372193033,-1.99848734121,-4.50631820044,18.1016949343,-1.22729935706,-0.961555038087,22.8934845081
1.0725,-0.675614811929,0,-1.84585987934,-3.26582129847,18.721715582,-2.49628621632,-4.89702677023,17.4032977468,-1.53186119494,-1.24716949372,22.8271679072
1.073,-0.71540112454,0,-2.13178708806,-3.58377108688,17.8820255488,-2.95738480364,-5.33643648172,16.7622989196,-1.81755233288,-1.51508723223,22.7649602934
1.0735,-0.754974723257,0,-2.43145478019,-3.98759289349,17.1214421824,-3.3841677041,-5.81506958211,16.1900846007,-2.10171604919,-1.78157257296,22.7030852669
1.074,-0.796450066054,0,-2.75865797495,-4.48527816906,16.4461840808,-3.78084000857,-6.33019223636,15.6976659485,-2.39953550271,-2.06086410104,22.6382367816
1.0745,-0.84173644501,0,-3.12631573997,-5.0866780626,15.8660885629,-4.15253409887,-6.88380420659,15.297791529,-2.72472063016,-2.36581883142,22.5674295772
1.075,-0.892621916605,0,-3.54694274886,-5.80317496089,15.395616787,-4.55319950537,-7.59111271181,14.9474969902,-3.09011081915,-2.70847738854,22.4878679501
1.0755,-0.950838567386,0,-4.03293100238,-6.64684647669,15.055178134,-5.02000723968,-8.53203286683,14.6311000911,-3.50814355747,-3.10050349996,22.3968437086
1.076,-1.01810150543,0,-4.59656340517,-7.628880194,14.8727377138,-5.5622131909,-9.72607837088,14.3772939717,-3.99113441664,-3.55344656162,22.2916752072
1.0765,-1.09611073943,0,-5.24963883536,-8.7568625969,14.8855554736,-6.2436564262,-11.2681699275,14.2464694512,-4.5512905449,-4.07875429143,22.1697044092
1.077,-1.18649928664,0,-6.00252930136,-10.0304359909,15.1416646036,-7.20643340087,-13.0275387471,14.3690618712,-5.20033804932,-4.68742329259,22.0283780216
1.0775,-1.29070267922,0,-6.8624239044,-11.4347704716,15.7002607478,-8.418415361,-14.8962494382,14.8245995898,-5.94858496762,-5.38912031982,21.8654515281
1.078,-1.40971592078,0,-7.83047288195,-12.931516001,16.6294878033,-9.65521221501,-16.5461341933,15.4926415954,-6.80317606134,-6.19054564519,21.6793691977
1.0785,-1.5436982093,0,-8.89760075312,-14.4477219089,17.9992378129,-10.7173562504,-17.6913279432,16.3309446572,-7.76525447371,-7.09277129479,21.4698821176
1.079,-1.69139345782,0,-10.0390456511,-15.8651069836,19.8659515543,-11.6079836883,-18.3542308999,17.5646656205,-8.82580069803,-8.08733888289,21.2389542336
1.0795,-1.84937451374,0,-11.2083884196,-17.0153062,22.2471202876,-12.3348596634,-18.579954971,19.4813795533,-9.96020558942,-9.15117024724,20.9919440467
1.08,-2.01121675915,0,-12.3330758766,-17.6904564117,25.087120497,-12.9096767827,-18.4401220026,22.3927754755,-11.1223362877,-10.2410025423,20.7388967237
1.0805,-2.16687851063,0,-13.3149401594,-17.6793255871,28.2246194303,-13.3612899604,-17.7534609931,25.7388183821,-12.2400870918,-11.2892159024,20.4955128692
1.081,-2.3027728989,0,-14.0398610371,-16.8311911066,31.3826118216,-13.707295444,-16.3088441405,28.6506392485,-13.2158956017,-12.2043174735,20.2830361387
1.0815,-2.40310517593,0,-14.3986414542,-15.1295768039,34.2050085256,-13.9063155237,-14.3436707134,31.2896489881,-13.9363454378,-12.8799467289,20.1261623012
1.082,-2.45276198304,0,-14.3153409686,-12.7358559468,36.3450795536,-13.8883234561,-12.0877580106,33.5355895701,-14.2929130309,-13.214331561,20.048521744
1.0825,-2.44123282497,0,-13.7722964903,-9.96380453763,37.5729981791,-13.5817628818,-9.76318470801,35.1315972909,-14.2101263118,-13.1366951641,20.0665480793
1.083,-2.36607305138,0,-12.819107246,-7.18509078707,37.8437358118,-12.9559379194,-7.61598340158,35.9948485109,-13.6704311293,-12.630575465,20.1840636233
1.0835,-2.2341474161,0,-11.5600343034,-4.71514443947,37.2865131584,-12.0465345711,-5.93794120733,36.458296536,-12.7231208009,-11.7421991482,20.3903350375
1.084,-2.05988611509,0,-10.1261067618,-2.74004583954,36.1305874403,-10.9573318783,-4.85999567711,36.7162953875,-11.4718133508,-10.5687379599,20.662800089
1.0845,-1.86142415908,0,-8.64516082983,-1.30871448641,34.6180377017,-9.84873674482,-3.97406700963,35.6443541303,-10.0467297396,-9.23231156238,20.9731039071
1.085,-1.65645464851,0,-7.22071245571,-0.37122057544,32.9454020924,-8.82667609012,-3.45903994759,33.9755255629,-8.57491773007,-7.85206383064,21.2935825672
1.0855,-1.45930465148,0,-5.92320307644,0.170896610803,31.2443412506,-7.97069285447,-3.43233350594,32.2932641625,-7.15925482244,-6.5244720564,21.601835081
1.086,-1.27972357651,0,-4.79113620193,0.42527607579,29.5889426809,-7.12530187039,-3.63987104696,30.7486281148,-5.86974799728,-5.3151879502,21.8826178282
1.0865,-1.12304048079,0,-3.83752005183,0.486657625832,28.0130770776,-5.94612380543,-3.53036467707,29.1251130728,-4.74466328919,-4.26009694249,22.1275985984
1.087,-0.99105575985,0,-3.05776330787,0.428641451173,26.5270586218,-4.6448686083,-2.87581086902,27.6266567583,-3.79692868798,-3.37132274776,22.3339623956
1.0875,-0.883133954787,0,-2.43679578532,0.303510922722,25.1295633992,-3.4041526098,-1.91884624755,26.331712445,-3.02198119289,-2.64458623838,22.5027027872
1.088,-0.797189284943,0,-1.95454637295,0.145586235821,23.8147206227,-2.3681314123,-1.04628137656,25.1071809013,-2.40484356651,-2.0658419399,22.6370809811
1.0885,-0.73044381916,0,-1.58970929705,-0.0245307650455,22.5757112831,-1.56098522249,-0.366306812315,23.9292236852,-1.92556848873,-1.61638349366,22.7414403923
1.089,-0.679948743497,0,-1.32207908726,-0.196052537998,21.4062777408,-0.966715991537,0.109806241442,22.8032596016,-1.56298159189,-1.27635383045,22.8203916184
1.0895,-0.642907530896,0,-1.13382413574,-0.364873556553,20.3011630903,-0.578676688301,0.360418588085,21.7059274923,-1.29700202545,-1.02692136837,22.8783071501
1.09,-0.616852207442,0,-1.01003931342,-0.531258628482,19.2560922305,-0.389964649561,0.289499547735,20.6029878809,-1.10990816029,-0.8514669752,22.9190457708
1.0905,-0.599719836907,0,-0.938848624703,-0.698248506091,18.2676128237,-0.354103120648,-0.0011179971529,19.4735358062,-0.9868867966,-0.736099008989,22.9458329702
1.091,-0.589866728628,0,-0.911256043925,-0.870637563235,17.3329388414,-0.416065860576,-0.393300210337,18.348689641,-0.916135185509,-0.669748992758,22.9612387295
1.0915,-0.586047792598,0,-0.920880519633,-1.05438375488,16.4498489885,-0.56619939813,-0.880061377557,17.2868225493,-0.888712785482,-0.644032593388,22.9672098005
1.092,-0.587379862887,0,-0.96366315123,-1.25633388234,15.6166531751,-0.79659259065,-1.4625404251,16.3162331937,-0.898277901012,-0.653002644542,22.9651270512
1.0925,-0.59330116958,0,-1.03759987485,-1.48417373595,14.8322284608,-1.10168197928,-2.14387747522,15.4583177336,-0.940796665288,-0.69287623408,22.9558688331
1.093,-0.603534341317,0,-1.14252926512,-1.74653690828,14.0961275272,-1.47900861684,-2.92069679725,14.7568020667,-1.01427737477,-0.761785566199,22.9398688283
1.0935,-0.618057036105,0,-1.27998957533,-2.05322523998,13.4087707511,-1.8800331284,-3.6801765337,14.1780608791,-1.11855959967,-0.859580191769,22.9171619693
1.094,-0.637082155051,0,-1.45314934681,-2.41550653707,12.7717446568,-2.29041716734,-4.38864533868,13.7111619193,-1.25517210594,-0.987693769236,22.8874153762
1.0945,-0.66104823838,0,-1.66680948691,-2.84646000804,12.1882445424,-2.73394796043,-5.14129450319,13.2901458193,-1.42726389251,-1.14907939221,22.8499433724
1.095,-0.690619753045,-1,-1.92746941675,-3.36133451352,11.6637180331,-3.20840117522,-5.95926626946,12.9117678658,-1.63960625652,-1.34821152618,22.8037070353
1.0955,-0.726696247867,-1,-2.24344331028,-3.97786486996,11.2067898454,-3.70692805678,-6.83702164118,12.5854914745,-1.89865853309,-1.59114765852,22.7472998814
1.096,-0.770428441538,-1,-2.6250015269,-4.71644932806,10.8305753401,-4.22430456352,-7.77231482488,12.3238593236,-2.21268361745,-1.88563663373,22.6789227126
1.0965,-0.823237797523,-1,-3.08449270837,-5.60001397833,10.5545165193,-4.75674604372,-8.76624041128,12.1446465451,-2.59188852525,-2.24125046921,22.5963530095
1.097,-0.886833422823,-1,-3.63636711161,-6.65325741555,10.4068841897,-5.34009044096,-9.9102653155,12.0270144353,-3.04854573642,-2.66949815017,22.4969185095
1.0975,-0.963215297333,-1,-4.29696199517,-7.90075548321,10.4280483052,-6.04273566291,-11.3709391083,11.9253171228,-3.59701638409,-3.18384737578,22.3774921581
1.098,-1.05464457037,-1,-5.08381269761,-9.36308794333,10.6744482498,-6.87393868789,-13.1831444879,11.8901810684,-4.2535369647,-3.79952453857,22.2345385509
1.0985,-1.16354821087,-1,-6.01410639396,-11.0497380296,11.2227483857,-8.03278223345,-15.3738749967,12.0891783772,-5.03553466536,-4.53287264657,22.0642630173
1.099,-1.29230500038,-1,-7.1017010646,-12.9471450221,12.1726962141,-9.52233748829,-17.7083737316,12.6697540879,-5.96009065703,-5.39991021798,21.8629462299
1.0995,-1.44283294508,-1,-8.35194048054,-15.0003998401,13.6454048474,-10.9911161903,-19.6720504035,13.4553839269,-7.04097744923,-6.41355294782,21.6275893035
1.1,-1.61587164666,1,-9.75347985495,-17.0887069508,15.771066278,-12.2533330354,-21.0050351745,14.547316879,-8.28350585457,-7.57878125275,21.3570358389
1.1005,-1.80985093613,1,-11.2669002161,-18.9997018757,18.6574368681,-13.3069496089,-21.7386295063,16.3763492684,-9.67640105665,-8.88502174453,21.053740863
1.101,-2.01931505229,1,-12.8117070735,-20.4176622309,22.331474446,-14.1580886545,-21.9486605324,19.5275055936,-11.1804872053,-10.2955357785,20.7262346935
1.1015,-2.23312319928,1,-14.2569407509,-20.9531557305,26.6586300218,-14.8578767392,-21.1917671242,22.981627694,-12.7157662699,-11.7353021568,20.3919364447
1.102,-2.43314997483,1,-15.4251514849,-20.243161801,31.2736666154,-15.4284454564,-19.3541787156,26.4076460959,-14.1520862848,-13.0822659197,20.0791859638
1.1025,-2.59483554161,1,-16.1205054075,-18.1166861915,35.5908004043,-15.8236598659,-16.7530457766,30.2114743058,-15.3130919305,-14.1710431539,19.8263836145
1.103,-2.69107562042,1,-16.1823230176,-14.7465799077,38.9517863306,-15.9357856015,-13.6782107364,34.0509597348,-16.0041571694,-14.8191158848,19.6759081052
1.1035,-2.69963145288,1,-15.5448782464,-10.6587094004,40.8753154865,-15.6305460445,-10.3717580823,36.9545931231,-16.0655935115,-14.876730153,19.6625306926
1.104,-2.61140625847,1,-14.2691438777,-6.54403394817,41.2524049904,-14.8401752825,-7.12452746644,38.1219950926,-15.432080262,-14.2826289907,19.8004745849
1.1045,-2.4348389419,1,-12.5240545756,-2.98646675433,40.3445872051,-13.6297590697,-4.37639235964,37.7646230963,-14.1642141473,-13.0936392843,20.076545191
1.105,-2.19331081286,1,-10.5288083607,-0.289963587349,38.6059943102,-12.1660347013,-2.6599165991,37.1547527196,-12.4298879054,-11.4672088395,20.454184826
1.1055,-1.91715985331,1,-8.49067391806,1.52098756368,36.4787877927,-10.6886749481,-1.64162744335,35.6305772778,-10.4469476252,-9.60763111758,20.8859587481
1.106,-1.6350729721,1,-6.56575017497,2.59422385807,34.2783425504,-9.3741934502,-1.17991758478,33.339232204,-8.42138363597,-7.70808139013,21.3270137394
1.1065,-1.36865495575,1,-4.8481611045,3.13551371838,32.1784344261,-8.31618120534,-1.43655535429,31.2842785371,-6.50833210486,-5.91404450272,21.7435697855
1.107,-1.1309329812,1,-3.37824747091,3.33683842251,30.2484178413,-6.80723820601,-1.33965332426,29.2138076781,-4.80133648342,-4.31324438746,22.115258334
1.1075,-0.927490389838,1,-2.15800622416,3.34801253275,28.49834162,-5.07918944674,-0.393182371334,27.4201156438,-3.3404887291,-2.94327880342,22.4333495901
1.108,-0.758603568427,1,-1.16617064888,3.27422602168,26.9122670229,-3.50681251122,0.757149394585,25.8338101915,-2.12777347542,-1.80600891621,22.6974114111
1.1085,-0.621329108876,1,-0.369835018698,3.18414048775,25.4672998962,-2.241780175,1.65222888962,24.3010942599,-1.14205517219,-0.88161405918,22.9120459426
1.109,-0.511112712146,1,0.267770642192,3.12005234884,24.1423231916,-1.09369356707,2.58575390485,22.2602675187,-0.350631043283,-0.139425959304,23.0843740271
1.1095,-0.422865249878,1,0.7826597981,3.10674014999,22.9209217658,-0.174323294217,3.28208259828,20.4444310791,0.283042103606,0.454825152904,23.2223527361
1.11,-0.351602298268,1,1.20771266893,3.15818581774,21.7916348348,0.536073654663,3.73591449383,18.9600753786,0.794755615165,0.934703975084,23.333775431
1.1105,-0.292773088489,1,1.57176002802,3.28234216664,20.74729334,1.09191695473,4.02879495204,17.7746490772,1.21718691835,1.33085500813,23.4257574349
1.111,-0.242387313148,1,1.89954727034,3.48436924134,19.784275705,1.61156143402,4.33793964131,16.898824961,1.57898896907,1.670148652,23.5045377653
1.1115,-0.19702009941,1,2.21218070753,3.76874485645,18.9020088788,2.05732476497,4.69447194726,16.184183654,1.90475454188,1.97564771712,23.5754713585
1.112,-0.153750239769,1,2.52779558728,4.14056393218,18.1028062547,2.39089453549,5.03880311994,15.5173902805,2.21545977259,2.26702337321,23.6431256481
1.1125,-0.110067735205,1,2.86228016365,4.60624104844,17.3920465082,2.66093639546,5.40927227682,14.9069396335,2.52912805743,2.56117774608,23.7114251259
1.113,-0.0637735806155,1,3.22995000704,5.17373486263,16.778677903,3.04990780861,5.92712870281,14.4799438075,2.86154965764,2.87291875422,23.783808031
1.1135,-0.0128864373196,1,3.64409865091,5.85231908806,16.2760345437,3.54096729525,6.55993653192,14.2508011828,3.22695185051,3.21558856844,23.8633722718
1.114,0.0444335788988,1,4.11735941866,6.65182595048,15.9029454709,4.1797453397,7.50877084616,13.934930063,3.63854617995,3.60157681687,23.9529945866
1.1145,0.109934976248,1,4.66180161625,7.58117899691,15.6850798119,5.06368034073,8.92348367336,13.8714049474,4.10888805173,4.04265780918,24.0554088432
1.115,0.185288200405,1,5.28865406065,8.64591488357,15.6563709477,5.80609607931,10.0395961064,14.2312685579,4.64997233283,4.55008018839,24.1732268554
1.1155,0.272047369635,1,6.0075036496,9.84429053262,15.860157067,6.31908821649,10.7226586065,15.1261698799,5.27295858505,5.13430925837,24.3088785542
1.116,0.371539353268,1,6.82476693993,11.1615493475,16.3493124166,6.86834049524,11.5710358612,15.8067764195,5.98737457775,5.80428004745,24.4644385568
1.1165,0.484652231337,1,7.74120622389,12.5621261922,17.1840896269,7.42929889223,12.3852354896,16.7590706555,6.79959729279,6.56597281311,24.6412954147
1.117,0.611491508485,1,8.74831856555,13.980270425,18.4257176771,8.35269901849,13.6780800336,18.3660847988,7.71038432092,7.42009801489,24.8396140888
1.1175,0.750880340521,1,9.82367346318,15.3111083814,20.1233480593,9.3475890881,14.9415394262,19.7668479772,8.71128516914,8.35873088135,25.0575545327
1.118,0.899714246139,1,10.9258534187,16.4067277555,22.292572368,10.1437176552,15.4361749568,21.4803400676,9.78000767868,9.36096609213,25.2902627561
1.1185,1.0522608592,1,11.99064294,17.0847636174,24.8868503736,10.82347835,15.2678915674,23.7607672631,10.8753897991,10.3882023678,25.5287759574
1.119,1.19963246969,1,12.9312977035,17.157658384,27.7698579799,11.3855209356,14.5188655415,26.3874155735,11.9336120956,11.3805906041,25.7591978193
1.1195,1.32982327703,1,13.6462729314,16.4848416062,30.705228972,11.823101824,13.2998840219,29.1133286865,12.8684652513,12.257284733,25.9627567553
1.12,1.42877903184,1,14.0362873556,15.0348820858,33.3830688069,12.1145956983,11.7341661997,31.7145317049,13.5790307786,12.9236446016,26.1174783411
1.1205,1.4827587646,1,14.0281703196,12.9269040269,35.4897099622,12.218492298,9.94064681804,34.0321587892,13.9666397392,13.2871396574,26.2018779788
1.121,1.48163533068,1,13.5972530952,10.4185188501,36.7983012145,12.0820850683,8.03122395437,35.9697357705,13.958572766,13.2795745463,26.2001214414
1.1215,1.42199446826,1,12.7777309212,7.8344670319,37.2344301059,11.6657592378,6.12684169091,37.4387389638,13.5303132784,12.8779579115,26.1068703836
1.122,1.30856895063,1,11.6551069489,5.47009933969,36.8804945088,10.9701836889,4.37660940851,38.3002728342,12.7158456117,12.1141598569,25.9295247004
1.1225,1.15319279462,1,10.3441689979,3.51975051998,35.9222983393,10.0478258927,2.95668735946,38.3636177557,11.6001455655,11.0678696731,25.6865873867
1.123,0.97175314554,1,8.96274703612,2.05738726956,34.5750259837,8.99202307691,2.04339769213,37.4488674602,10.297292991,9.84607008256,25.4028986788
1.1235,0.780558195545,1,7.61115733823,1.06102054967,33.0262650349,8.01268127491,1.93419899062,35.6466099719,8.92439112485,8.55857910251,25.1039571376
1.124,0.593492163696,1,6.36182225869,0.454325219356,31.4108449412,6.82440535641,1.5108308202,34.1569322441,7.58113752831,7.29889191576,24.8114713378
1.1245,0.420578626292,1,5.25810523845,0.143523607626,29.8112626449,5.42927564913,0.820521488832,31.7108123809,6.33950788175,6.13450645609,24.5411135728
1.125,0.26781927663,1,4.31881616308,0.0407272652878,28.270348083,4.28377467114,0.20532699651,30.0773036523,5.2425981766,5.10583762977,24.3022677486
1.1255,0.137817486618,1,3.54488818899,0.0745867402976,26.8057821173,3.67278869521,0.455004237059,27.9495395127,4.30910228606,4.23041632793,24.0990043493
1.126,0.030702409256,1,2.9259251445,0.192619409407,25.4215567117,2.90152921151,0.238769602175,25.9704671745,3.53994761117,3.50911225617,23.9315253113
1.1265,-0.0549648319009,1,2.44553847865,0.35933594935,24.1153816901,2.10135141191,-0.135281928315,24.369834696,2.92480209997,2.93223613952,23.7975808891
1.127,-0.121452485271,1,2.0852069409,0.552868032737,22.8828047281,1.40445069913,-0.378650010717,22.9139502347,2.44737827998,2.48451378074,23.6936245787
1.1275,-0.171323974395,1,1.82680411951,0.761518643843,21.7191941663,0.969672553063,-0.415396359278,21.6908852771,2.08926913281,2.14868329772,23.615648357
1.128,-0.207088075358,1,1.65408663788,0.980836295754,20.6205341275,0.759836331794,-0.271353158696,20.697740573,1.83246004368,1.90785079978,23.5597296443
1.1285,-0.230992943802,1,1.55344632796,1.21137932226,19.5836558648,0.694310669805,-0.00819690010476,19.8096924624,1.66080781909,1.74687739278,23.5223533527
1.129,-0.244922010774,1,1.51418368627,1.4571381049,18.6062600606,0.762425106004,0.406108658174,19.0025599632,1.56078822108,1.65308020783,23.5005746564
1.1295,-0.250356135193,1,1.52849927583,1.72450936688,17.6869100449,0.925586777836,0.922699145666,18.2752598715,1.52176773672,1.61648726343,23.4920781688
1.13,-0.248374793861,1,1.59134292913,2.0217016209,16.8250798337,1.17020998938,1.52096097018,17.6357994026,1.53599503306,1.62982945209,23.4951760813
1.1305,-0.239676952446,1,1.70021398763,2.35845991518,16.0212970971,1.47356302242,2.17388015163,17.0861346688,1.59845109014,1.68839999681,23.5087755311
1.131,-0.224608713225,1,1.85497008374,2.74601361179,15.2774080691,1.81586765873,2.85950321523,16.628578145,1.70665067254,1.78986827346,23.5323353722
1.1315,-0.203189780505,1,2.05767538026,3.19716361261,14.5969951166,2.21681162474,3.66628457769,16.2354642145,1.86045229075,1.9341015949,23.5658247963
1.132,-0.175134464965,1,2.3124989414,3.72642902965,13.9859903328,2.61057844731,4.50726966241,15.8318356901,2.06190737657,2.12302376937,23.6096904908
1.1325,-0.139865749557,1,2.62565669062,4.35016203628,13.4535455105,2.99620147181,5.38636296171,15.447807021,2.31515928099,2.36052038195,23.6648346467
1.133,-0.096523322798,1,3.00537233485,5.08650634105,13.0132358559,3.41459505669,6.33007347916,15.0412757481,2.62638558997,2.65238469901,23.7326023982
1.1335,-0.0439689870351,1,3.46180897654,5.95500939979,12.68468397,3.97236902062,7.3463559586,14.8937869155,3.00375928967,3.00628124941,23.8147733663
1.134,0.0192038763616,1,4.0068879149,6.97558807406,12.4956750427,4.72001944651,8.64295150605,14.66006549,3.45738080033,3.43168208667,23.9135468597
1.1345,0.0946452282754,1,4.65385700537,8.16637894497,12.4847587225,5.69126398918,10.3410770279,14.49462783,3.99909789501,3.93969791091,24.0315026635
1.135,0.184188630887,1,5.41639035846,9.5397768957,12.7041307918,6.69628949106,11.9789379357,14.8219489625,4.64207672134,4.5426757782,24.1715076311
1.1355,0.28972664197,1,6.30689118454,11.0957222676,13.2221449566,7.48695640387,13.1729752693,15.7400603898,5.399907053,5.25336001607,24.3365208581
1.136,0.412975921062,1,7.33354507957,12.8111972281,14.1239631695,8.27753028311,14.5028263576,16.159735423,6.28491560199,6.08331046787,24.5292264157
1.1365,0.555069391088,1,8.49559342079,14.6253372928,15.5074817653,9.29372919321,15.9439606708,17.6426811825,7.30523747856,7.04015614286,24.7513956776
1.137,0.715902055282,1,9.77642301894,16.4213361244,17.4699341541,10.5827897383,17.7824961636,19.0610980573,8.46011873885,8.12319000151,25.0028644769
1.1375,0.893174574283,1,11.1347016713,18.0104883277,20.0795410319,11.6806729227,18.8217906062,20.7586680714,9.73304865756,9.31692848273,25.2800376974
1.138,1.08116638721,1,12.4953318904,19.1306411951,23.329083636,12.6434982331,19.0321189272,23.1992687224,11.0829499536,10.5828498027,25.5739709957
1.1385,1.26948366745,1,13.7445772709,19.4779645683,27.0787042967,13.4768929605,18.5053469473,26.089082709,12.4351883128,11.8509627926,25.8684131763
1.139,1.44238479011,1,14.7362935021,18.7875348953,31.0151138362,14.178817474,17.3738059127,29.0730767558,13.6767288136,13.0152646524,26.1387515303
1.1395,1.5796427319,1,15.315669304,16.9516418105,34.6720678482,14.718483695,15.7810196361,31.8315123652,14.6623285087,13.9395482802,26.3533602355
1.14,1.65983092243,1,15.3594693219,14.1185075227,37.543376897,15.0216735976,13.8504431626,34.186570088,15.2381309367,14.4795289231,26.478737926
1.1405,1.66589303993,1,14.8185634949,10.690883508,39.256809454,14.9863540945,11.6865861426,36.116804791,15.2816608125,14.5203507209,26.4882163078
1.141,1.59102926519,1,13.7400716591,7.1954485432,39.708657101,14.5349176719,9.4199511684,37.627838248,14.7440910909,14.0162242536,26.3711635708
1.1415,1.44176119337,1,12.2547181521,4.09475652162,39.0695147435,13.6692084172,7.25346043966,38.5873685258,13.6722509906,13.0110654035,26.1377765099
1.142,1.23618165479,1,10.5363347209,1.65756208802,37.6699156386,12.4839519184,5.45554488795,38.6986806041,12.1960585903,11.6267097937,25.8163440448
1.1425,0.998349737182,1,8.75575659936,-0.057253724201,35.8562778318,11.1335862799,4.29823870586,37.6401295002,10.4882735075,10.0251693309,25.4444835956
1.143,0.751909797516,1,7.04866424065,-1.13593939323,33.8974376963,9.85980639152,4.03967147195,35.6058721061,8.71867732793,8.36566315961,25.0591641331
1.1435,0.515640614611,1,5.50347015633,-1.72790357036,31.959574821,8.23225428038,3.13957675925,33.5546373025,7.02211367844,6.77464602311,24.6897470869
1.144,0.301778873698,1,4.16446210472,-1.98641661979,30.1241370219,6.69788178873,2.22470282592,31.6205800377,5.48644977514,5.33451874773,24.3553650416
1.1445,0.116454197712,1,3.04223932961,-2.03946653,28.4184319159,5.72901745255,2.19418349245,29.1260599722,4.15570022598,4.08655770734,24.0656019268
1.145,-0.0388664308166,1,2.12536297872,-1.98201207917,26.841723645,4.44581513203,1.38637868171,27.0735099438,3.04039890256,3.04064144097,23.8227514327
1.1455,-0.165766199974,1,1.39015359106,-1.87898620859,25.3820617001,3.34806267232,0.732578397969,25.2548283294,2.12917750316,2.18610889099,23.6243381767
1.146,-0.267522452587,1,0.807750408395,-1.77194359721,24.0251748738,2.56431281713,0.308704570494,23.6896344022,1.3985026129,1.50089070188,23.465237892
1.1465,-0.348129646092,1,0.348640589121,-1.68585087639,22.7582744951,1.91359130081,0.0172477031284,22.1134569591,0.81969147593,0.95808852762,23.3392050723
1.147,-0.411672489167,1,-0.0147652335794,-1.63473232839,21.5711573326,1.41974690684,-0.109097649496,20.5813232415,0.363413274853,0.530196277809,23.2398530997
1.1475,-0.461969473015,1,-0.306917741177,-1.62593557742,20.4561273101,1.0460766672,-0.126541559202,19.101806705,0.00224880378014,0.191500548506,23.1612115986
1.148,-0.502404680812,1,-0.548789592451,-1.66318108669,19.4075468176,0.735549451461,-0.14140515696,17.7582755172,-0.288101816073,-0.0807867965159,23.0979894092
1.1485,-0.53588082191,1,-0.758057398917,-1.74866298096,18.4213857032,0.408811558324,-0.314514461126,16.7123658001,-0.528481891944,-0.306212361952,23.0456480204
1.149,-0.564844418045,1,-0.94956326362,-1.88445942634,17.4949022317,0.0629575699513,-0.632171162612,15.9109297235,-0.7364590126,-0.501250822822,23.0003621901
1.1495,-0.591349682358,1,-1.13590085588,-2.07346669146,16.6264862494,-0.307921488324,-1.08990599561,15.3180943748,-0.926783740528,-0.67973508053,22.9589200675
1.15,-0.617139634755,1,-1.32803323272,-2.32002123422,15.8156605741,-0.66108251958,-1.54619144246,14.8968385659,-1.11197207199,-0.853402486952,22.9185963658
1.1505,-0.643731611138,1,-1.53589181419,-2.63032782708,15.0632358499,-0.98285969568,-1.93395098104,14.5584391677,-1.30291944796,-1.03247065656,22.8770186652
1.151,-0.672500164259,1,-1.76893252592,-3.01277014314,14.3716277761,-1.31434424829,-2.3799135518,14.2293154137,-1.5094960352,-1.22619571391,22.832037793
1.1515,-0.704754036325,1,-2.03663965352,-3.47814113344,13.7453651812,-1.65240247951,-2.89680639521,13.9291185164,-1.7410994387,-1.44339062077,22.7816074745
1.152,-0.741805894693,1,-2.34897264749,-4.03978922266,13.1918394643,-1.99746575196,-3.48195535523,13.6713947054,-2.00715544854,-1.69289477056,22.7236752977
1.1525,-0.785034171654,1,-2.71674670998,-4.71362546231,12.7223683061,-2.35029634522,-4.13528659121,13.4717668975,-2.31756208906,-1.98399041233,22.6560860243
1.153,-0.835935739337,1,-3.15192344978,-5.51786556041,12.3536648921,-2.71184777496,-4.85910537374,13.3500021001,-2.68306785825,-2.32675735918,22.5764992304
1.1535,-0.896166137655,1,-3.66776004419,-6.47227446356,12.1098069199,-3.13695547815,-5.77986018725,13.2668022679,-3.11556059016,-2.73234387996,22.4823264078
1.154,-0.967560218973,1,-4.27871863439,-7.59652239544,12.0247615396,-3.67214399181,-7.00756517834,13.2047522021,-3.62821569677,-3.21310571874,22.370698686
1.1545,-1.05211960802,1,-4.99996457589,-8.90703650958,12.1453900751,-4.32682324412,-8.5709552866,13.2105093307,-4.23540612216,-3.78252165089,22.2384864383
1.155,-1.15194325751,1,-5.84617597944,-10.4114540788,12.5345320577,-5.30708427594,-10.5846339239,13.4378445192,-4.9522036876,-4.45472585045,22.0824078618
1.1555,-1.26906268334,1,-6.82925084661,-12.0995444207,13.2730956833,-6.590121331,-12.7299014057,14.0054496379,-5.7931959747,-5.24339837733,21.8992865939
1.156,-1.40512462188,1,-7.95436722985,-13.9295525424,14.4588738341,-7.98013600537,-14.7185160485,14.8544921996,-6.7702076026,-6.15962821817,21.6865478914
1.1565,-1.56084573866,1,-9.21383785975,-15.8099743253,16.1980074338,-9.18699016329,-16.1305540736,15.910216836,-7.88838468747,-7.20824133929,21.4430712167
1.157,-1.73516208136,1,-10.5785558424,-17.5799056138,18.5831934878,-10.2148898756,-16.9928532738,17.4972641619,-9.14008737208,-8.38207317379,21.1705201052
1.1575,-1.92404512628,1,-11.9879732416,-18.9974006931,21.6529796886,-11.0778494911,-17.3696045506,20.0548919114,-10.4963882831,-9.65399597626,20.8751933272
1.158,-2.11911476945,1,-13.3418842045,-19.7537326724,25.3331558006,-11.8032865744,-17.3071494333,23.8993342177,-11.8971129212,-10.9675788197,20.5701935363
1.1585,-2.30650207471,1,-14.5004355195,-19.534972665,29.3788221697,-12.4630378163,-16.2032938783,27.2465330106,-13.242673466,-12.229429435,20.2772054117
1.159,-2.4668507349,1,-15.3004149671,-18.1361968059,33.3597727377,-13.0377859511,-14.3481559693,30.5725222475,-14.3940792684,-13.3092040507,20.0264933735
1.1595,-2.57757145219,1,-15.5915498331,-15.5889120563,36.737392134,-13.4448707398,-12.0267642123,33.886107214,-15.1891247411,-14.0547882036,19.8533767621
1.16,-2.61786581386,1,-15.2839749824,-12.2161518617,39.0347479274,-13.5462766745,-9.46820272082,36.6642303956,-15.4784639958,-14.3261271024,19.7903747917
1.1605,-2.57529608511,1,-14.3843307861,-8.5468270507,40.0161648803,-13.2186287397,-6.88058435479,38.2545257077,-15.1727861521,-14.0394660698,19.8569343966
1.161,-2.45078132286,1,-12.9982481457,-5.12181475495,39.7571030897,-12.4385145862,-4.54950427429,38.5328561625,-14.2786906257,-13.2009939592,20.0516185915
1.1615,-2.2589413142,1,-11.2965725494,-2.31471099779,38.5631459238,-11.3031003613,-2.87313400696,38.2184358628,-12.9011568263,-11.9091592074,20.3515687097
1.162,-2.02342183533,1,-9.46509366558,-0.266223072463,36.8125397855,-10.0000738077,-1.93706943367,37.589059912,-11.2099765306,-10.3231905158,20.7198135613
1.1625,-1.76993700355,1,-7.66265181842,1.07033018056,34.8276140946,-8.74571080893,-1.31633957978,35.7026979738,-9.38979352578,-8.61624462367,21.1161480162
1.163,-1.52047102692,1,-6.00031248643,1.83951379326,32.8221405565,-7.66471749975,-1.22967062939,33.5755983403,-7.59846846793,-6.9363613697,21.5061988179
1.1635,-1.29039586216,1,-4.53982955846,2.20809547909,30.9087054694,-6.66866407587,-1.54120710295,31.6858027354,-5.94638182518,-5.38705423914,21.8659312498
1.164,-1.08825852245,1,-3.3030123565,2.32284435632,29.1304558428,-5.18162047707,-1.33037337672,29.728537766,-4.49490661141,-4.02587811172,22.1819816887
1.1645,-0.917077515036,1,-2.28427992689,2.29593798384,27.4923958087,-3.62828656636,-0.39600270238,28.0524575311,-3.26571763683,-2.87315936572,22.4496305684
1.165,-0.776080411092,1,-1.46197807771,2.20565538283,25.9830567363,-2.24863643301,0.658174051766,26.5403888726,-2.25326836903,-1.92369652924,22.6700856147
1.1655,-0.662270174044,1,-0.806859345114,2.10298938487,24.5865652322,-1.13303903332,1.55531499328,25.1212883482,-1.43603817109,-1.1573078059,22.8480328234
1.166,-0.571598824679,1,-0.28769094292,2.01920624723,23.2881219195,-0.268969094557,2.13513493245,23.447295857,-0.784959966587,-0.546734438455,22.9898013843
1.1665,-0.49974360633,1,0.125442602005,1.97237264577,22.0758181402,0.511134275608,2.79754326117,21.5080159131,-0.268993601539,-0.0628673410447,23.1021501138
1.167,-0.442564084325,1,0.459477982299,1.97237005433,20.9407678447,1.0948336573,3.23377826628,19.7998711079,0.141591889708,0.322174830977,23.1915527598
1.1675,-0.396332100472,1,0.737787211622,2.02451248128,19.8766545632,1.51661093756,3.4819347108,18.3495835662,0.473567064313,0.633497186522,23.2638384583
1.168,-0.357812864022,1,0.980245176743,2.13205453717,18.8792147542,1.81894875786,3.60406995233,17.1342701414,0.75015978607,0.892882538955,23.3240649439
1.1685,-0.324255602157,1,1.20365889802,2.29788189449,17.9458616588,2.036863215,3.64954372089,16.1342521506,0.991122360857,1.11885436492,23.3765331685
1.169,-0.293334148432,1,1.42236848275,2.52562866067,17.0755066918,2.19941346038,3.6578441736,15.3337198828,1.21315814959,1.32707687688,23.4248801935
1.1695,-0.263063768147,1,1.64890310046,2.82040810005,16.2685826726,2.40225776514,3.77012354737,14.7623390443,1.43051881515,1.53091511413,23.4722092372
1.17,-0.23171036846,1,1.89462495209,3.18928719488,15.5272667887,2.58600645238,3.89302879838,14.3606043153,1.65565625179,1.74204631447,23.5212316283
1.1705,-0.197701370171,1,2.17032506795,3.64158318616,14.8559148552,2.77682079697,4.146672086,14.0565581966,1.89986258265,1.97106009616,23.5744061623
1.171,-0.159543246641,1,2.48675064909,4.18900816121,14.2617392295,2.91461575812,4.43671251068,13.7564196374,2.17386228298,2.22801374405,23.6340680323
1.1715,-0.115748537394,1,2.85504677228,4.84562953521,13.75578385,3.03207296111,4.79857983987,13.484617692,2.48833626912,2.52292369399,23.7025429469
1.172,-0.0647747141864,1,3.28708597549,5.62754048403,13.3542649093,3.29722911967,5.33990356128,13.3239130014,2.85436087913,2.86617720356,23.7822427155
1.1725,-0.00497856490122,1,3.79563583744,6.55203266785,13.080343073,3.70788562341,6.0357973935,13.324874583,3.2837354256,3.26883952727,23.875736571
1.173,0.0654070002013,1,4.3942733779,7.63592048606,12.966348809,4.28458647952,7.08046199789,13.2307433906,3.78914874161,3.74281010127,23.9857874343
1.1735,0.148261101105,1,5.09689079739,8.8924743303,13.0563492091,5.1348406493,8.56063752083,13.4763621396,4.38409410891,4.30074276412,24.1153333905
1.174,0.245506480215,1,5.91654623864,10.3261991354,13.4086397024,5.72340453704,9.46631682284,14.4043345404,5.08237804611,4.95558510415,24.2673807302
1.1745,0.358950442622,1,6.86330241952,11.9245369883,14.0971426388,6.32158980495,10.4718221072,15.3087713841,5.89697815818,5.71950736436,24.4447552527
1.175,0.489985713284,1,7.94060095074,13.6457349329,15.2096636776,6.9658535452,11.4981100119,16.4378105379,6.83789509992,6.60188803942,24.6496345435
1.1755,0.639088626444,1,9.13974163507,15.4031432589,16.8395050106,8.05510556287,13.1749685627,18.1243939145,7.90854925544,7.60593472474,24.8827633717
1.176,0.805055036069,1,10.4323861535,17.0489559593,19.0656079575,9.11278169834,14.5251603804,19.6164842813,9.1002940871,8.72353880053,25.1422590031
1.1765,0.983962792647,1,11.7620149316,18.3655969317,21.9169634375,9.97811629347,14.925051343,21.8625716849,10.3849660561,9.92828883635,25.421988988
1.177,1.16798933542,1,13.0372056339,19.0795219394,25.3228806377,10.7367506128,14.5964589583,24.6905742127,11.7063941796,11.1675083551,25.7097224157
1.1775,1.34448140613,1,14.1321022458,18.914355965,29.0649692184,11.3925907811,13.6533165619,27.7829864588,12.9737199811,12.355991362,25.9856753717
1.178,1.496019972,1,14.9006039654,17.6868598704,32.7653836,11.934822313,12.2385801061,30.8073272441,14.0618636788,13.3764395312,26.2226124478
1.1785,1.60238403158,1,15.2072302405,15.4140071036,35.9497757882,12.3187328383,10.4909771909,33.5161334923,14.8256255664,14.0926863114,26.3889172373
1.179,1.64482247324,1,14.9676138657,12.3631781983,38.1874358303,12.4608285169,8.52258250109,35.8092777556,15.1303606849,14.3784632676,26.4552715691
1.1795,1.61165850013,1,14.1805133526,8.98861335881,39.2444248926,12.2669281566,6.43627127115,37.6779455312,14.8922221746,14.1551398156,26.4034182684
1.18,1.50272028472,1,12.9326722466,5.77377933515,39.1535457688,11.6856435233,4.37454863999,39.0558418117,14.109976204,13.4215588829,26.2330886754
1.1805,1.33001351991,1,11.3726501093,3.07452223457,38.1597704583,10.748541087,2.54868452114,39.7239535826,12.8698313167,12.2585658128,25.9630542083
1.181,1.11409951045,1,9.66830384788,1.04895523428,36.5921991674,9.56640951944,1.21129504182,39.3717433987,11.3194308144,10.8046187308,25.6254633527
1.1815,0.878210399631,1,7.96870831926,-0.31678709807,34.7484715915,8.29095025429,0.591794815422,37.7533110943,9.62559632524,9.21616096827,25.2566405656
1.182,0.642978811388,1,6.382891161,-1.13639647117,32.8385980347,7.07958659176,0.52639308639,35.9469795577,7.93648326819,7.63213090841,24.8888458434
1.1825,0.423494656177,1,4.97568339783,-1.5553309731,30.9825507099,5.4533459097,-0.242519617776,33.2620528143,6.36044683893,6.15414276016,24.5456729112
1.183,0.228730836466,1,3.77433913863,-1.70871321977,29.2338861449,4.20547173362,-0.769515694299,31.2494599414,4.9619182086,4.84261930661,24.2411512885
1.1835,0.0624594422671,1,2.77916304975,-1.70384335028,27.6067907335,3.09591450979,-1.10507905401,28.7869836415,3.7679833929,3.72296148993,23.9811788005
1.184,-0.0752773592408,1,1.97381170465,-1.61788747136,26.0964354233,1.93601029088,-1.6540939463,26.6790812656,2.7789451791,2.79545326041,23.7658213775
1.1845,-0.186741571055,1,1.33340950738,-1.502360693,24.6911816709,1.05328525246,-2.05366309136,25.0305434214,1.97856094085,2.04486247695,23.5915422804
1.185,-0.275376086409,1,0.83015878268,-1.38943763665,23.3786498566,0.37522126194,-2.33003557721,23.4995893002,1.34210850557,1.44800498128,23.4529583972
1.1855,-0.345028227323,1,0.436809463239,-1.29783599701,22.1481088017,-0.133245717694,-2.41776080856,21.9842134604,0.841961643717,0.978973225103,23.3440542742
1.186,-0.399469524436,1,0.128538041038,-1.23753641366,20.9910161142,-0.496533076504,-2.35728390407,20.5089289746,0.451038356227,0.612370033033,23.2589329607
1.1865,-0.442135661781,1,-0.116253692789,-1.21328346559,19.9008020358,-0.747494916654,-2.19887794282,19.0829861772,0.144668237226,0.325059792954,23.1922226169
1.187,-0.476015927625,1,-0.315819293028,-1.22705663964,18.8724521306,-0.913155393175,-1.98172753063,17.7111668289,-0.0986137124507,0.0969128849061,23.1392493617
1.1875,-0.50363669522,1,-0.485340390448,-1.27975264486,17.9021263873,-1.04559256655,-1.80535596646,16.4827757926,-0.29694846647,-0.0890830796451,23.0960631016
1.188,-0.527099169859,1,-0.637398820517,-1.37230133847,16.9868915161,-1.18999456465,-1.75548644084,15.4757739751,-0.465424020964,-0.247077443347,23.0593785117
1.1885,-0.548144733588,1,-0.782527044326,-1.50639741488,16.1245751721,-1.35149650845,-1.82704756058,14.6574505294,-0.616544611327,-0.388796528875,23.0264728662
1.189,-0.568231125915,1,-0.929766759295,-1.68498809822,15.3137307446,-1.53721138533,-2.0213237307,14.0067132412,-0.760777738359,-0.524056633516,22.9950669264
1.1895,-0.58860975802,1,-1.08720014409,-1.91261977131,14.553703238,-1.75592340086,-2.34503366276,13.5118249022,-0.907109333661,-0.661284656648,22.9632040572
1.19,-0.610399239414,1,-1.26244025693,-2.19571504107,13.8447977155,-1.99321213841,-2.73548555674,13.1717753744,-1.06357172804,-0.808013222207,22.9291352643
1.1905,-0.634653251249,1,-1.46307995982,-2.54282510745,13.1885665234,-2.19667437444,-3.03920653097,12.9409185495,-1.23773102519,-0.97133773192,22.8912130719
1.191,-0.662422679435,1,-1.69710469395,-2.9648778752,12.588248775,-2.42667247341,-3.40004907616,12.7049823009,-1.4371332572,-1.15833476459,22.8477943746
1.1915,-0.694812744582,1,-1.97327477126,-3.47541588262,12.049415774,-2.6784598223,-3.84951846177,12.4855146507,-1.66971461401,-1.3764467844,22.7971511124
1.192,-0.73303591287,1,-2.30147769435,-4.09078355269,11.5808997145,-2.9510137209,-4.38438858445,12.2977704604,-1.94418137725,-1.63383843831,22.7373875421
1.1925,-0.778460658678,1,-2.69303904908,-4.83017102369,11.1961090742,-3.24373239485,-5.00398779362,12.1594921104,-2.27036006708,-1.93972491963,22.6663639951
1.193,-0.832654493516,1,-3.16095851954,-5.71533770867,10.9148570564,-3.55636588509,-5.71022705509,12.0932933394,-2.65950641736,-2.3046617212,22.5816295996
1.1935,-0.897416631538,1,-3.71999980155,-6.76970264347,10.7658334006,-3.94424730763,-6.63296586696,12.0622125422,-3.12453993498,-2.74076460234,22.4803712068
1.194,-0.974790433977,1,-4.38650078976,-8.01627585038,10.7897976379,-4.46026198122,-7.89900857351,12.0466482008,-3.68013325878,-3.26179338859,22.3593939333
1.1945,-1.0670371382,1,-5.17767189551,-9.47359620929,11.0433853838,-5.11482536268,-9.5420547224,12.1022307162,-4.34252351739,-3.88297506534,22.2151622372
1.195,-1.17653874175,1,-6.11000575645,-11.1484574508,11.6029522454,-6.14534985668,-11.6061509494,12.4172559607,-5.12881497472,-4.62034980709,22.0439517626
1.1955,-1.30557789912,1,-7.19623658121,-13.0238935585,12.5668977042,-7.51763444339,-13.839660636,13.1278512159,-6.05539854801,-5.48928882034,21.842193481
1.196,-1.45591708147,1,-8.44011890635,-15.0411162004,14.0531420796,-8.84734821895,-15.6782305409,14.0261129546,-7.13492990601,-6.50166044017,21.6071316926
1.1965,-1.62807593339,1,-9.82832327624,-17.0758847229,16.1858597763,-9.99250071419,-16.9243540635,15.2539640186,-8.37114042872,-7.66096391018,21.3379539109
1.197,-1.82020959886,1,-11.3193704644,-18.914842619,19.0632906879,-10.9594674579,-17.6185059757,17.2356668565,-9.75078287162,-8.95477612262,21.0375446476
1.1975,-2.02657716828,1,-12.8313783549,-20.2469869408,22.7001477587,-11.7663118315,-17.8492589635,20.5333955845,-11.2326338367,-10.344438267,20.7148800623
1.198,-2.23584579221,1,-14.2339185147,-20.6966895379,26.9507540562,-12.4780629378,-17.1864892365,24.0762790419,-12.7353162262,-11.7536358725,20.3876795533
1.1985,-2.42996359482,1,-15.3533908039,-19.9240115488,31.4473658773,-13.124882102,-15.556034253,27.5442827589,-14.1292060411,-13.0608091003,20.0841680062
1.199,-2.58490354386,1,-16.0016708069,-17.7831758875,35.6180750277,-13.6576152776,-13.2781986851,31.2826504054,-15.2417738426,-14.1041619025,19.8419127209
1.1995,-2.67462838261,1,-16.0280783574,-14.4603789685,38.8349387407,-13.9481501611,-10.6248131482,34.9332781957,-15.8860554963,-14.7083615457,19.7016240701
1.2,-2.67828330517,1,-15.3754175914,-10.4718344343,40.6504962881,-13.8316374388,-7.79868574995,37.5886688049,-15.9123001749,-14.732973492,19.6959094412
1.2005,-2.58795214933,1,-14.1078884099,-6.47937765978,40.974896202,-13.2129993001,-5.03781133458,38.5588913612,-15.2636647772,-14.1246909595,19.8371460949
1.201,-2.4125204672,1,-12.3912442885,-3.03504822637,40.0659960496,-12.141191035,-2.72869122573,38.1278993721,-14.0039532431,-12.9433485216,20.1114410877
1.2015,-2.17492927781,1,-10.4373186124,-0.423376029256,38.358944403,-10.779599306,-1.3660163249,37.5552825563,-12.2978967426,-11.3434291028,20.4829251479
1.202,-1.9044972648,1,-8.44534562078,1.33482028893,36.2750291391,-9.37914439058,-0.541592842832,35.9284749096,-10.3560221516,-9.52236229386,20.9057572507
1.2025,-1.62879933394,1,-6.56523174278,2.38106586701,34.1153033129,-8.12121435142,-0.214075943292,33.5948312907,-8.37633490673,-7.66583522964,21.3368228429
1.203,-1.36858320242,1,-4.8875380914,2.9118873924,32.0470236399,-7.10922337475,-0.55775334707,31.5036063766,-6.50781687018,-5.91356132179,21.7436819749
1.2035,-1.1363829315,1,-3.45128735036,3.11123327681,30.1383637994,-5.65596578112,-0.533485901934,29.3904218279,-4.84047060774,-4.34994390206,22.1067371019
1.204,-0.937599434349,1,-2.25862798281,3.12332839624,28.4007077671,-3.98009729738,0.328526917169,27.5356130822,-3.41307812581,-3.01135227306,22.4175436635
1.2045,-0.772530067823,1,-1.28921711744,3.04995442705,26.8201127899,-2.44804475594,1.43052449003,25.9028275008,-2.22777463659,-1.89978881131,22.6756367294
1.205,-0.638359287962,1,-0.511371682078,2.95787292796,25.3754594361,-1.19994496784,2.36984916421,24.3750104237,-1.26434273601,-0.996293876629,22.8854185239
1.2055,-0.53070201652,1,0.110425353136,2.888385459,24.0468996615,-0.133768589674,3.17281426664,22.4013339512,-0.491294761291,-0.271338714775,23.0537453058
1.206,-0.444642538429,1,0.611031926565,2.86576384265,22.8187717133,0.749645588403,3.8497085364,20.4941513714,0.126667261631,0.308178692941,23.1883030073
1.2065,-0.375356359824,1,1.0223151014,2.90371728144,21.679930381,1.41817010726,4.27415957555,18.9169101095,0.624186280354,0.774746089197,23.2966349324
1.207,-0.318432937278,1,1.37223689101,3.01001866119,20.6231643307,1.92680978409,4.52850008769,17.6381210311,1.0329328139,1.15806370864,23.3856371559
1.2075,-0.270002203645,1,1.68480172625,3.18967296825,19.6445035143,2.34577832499,4.71640621189,16.6441540714,1.38069641637,1.48419226335,23.4613606944
1.208,-0.22674183882,1,1.98048175514,3.44700974646,18.7427375645,2.72162866014,4.90976375443,15.9114534937,1.69133346824,1.77550398213,23.5290001385
1.2085,-0.18581840637,1,2.27686819706,3.78700426643,17.9192397238,3.03524521153,5.18332308649,15.2724851399,1.98518985295,2.05107899159,23.5929856881
1.209,-0.144797203212,1,2.58938943552,4.21604234188,17.1781061324,3.26358981849,5.46973630457,14.6953097315,2.2797482938,2.3273123809,23.6571241065
1.2095,-0.101542872376,1,2.93199618025,4.74225684204,16.5266028461,3.46689795346,5.80739575796,14.1558903754,2.59034201778,2.61858346731,23.7247541162
1.21,-0.0541245735228,1,3.31774733298,5.3754785863,15.9759197197,3.78858440472,6.26350794351,13.8747058593,2.93083569184,2.93789436994,23.7988946693
1.2105,-0.000734896511231,1,3.75924162619,6.12675388218,15.5422356425,4.22615787184,6.88704134137,13.6829840868,3.31420767527,3.29741603922,23.8823717294
1.211,0.0603698793271,1,4.26883199631,7.00727789896,15.2480831549,4.79794095877,7.81436471553,13.432007512,3.75297899628,3.70889054591,23.9779116788
1.2115,0.130899455393,1,4.85853274207,8.02647290337,15.1239368235,5.65332922351,9.25136739117,13.4487420454,4.25942640299,4.18383087783,24.0881877095
1.212,0.212516664121,1,5.53948452975,9.18881065285,15.209800184,6.29213931051,10.1993667258,14.0497284262,4.84549009441,4.73343441107,24.2157997315
1.2125,0.306763423326,1,6.32078371659,10.4888775925,15.5562743255,6.78931560788,10.9093750983,15.0912453279,5.52224202534,5.36808429266,24.3631585997
1.213,0.414898709351,1,7.20742648583,11.9042149599,16.2240941878,7.27728817545,11.7544161414,15.5761256444,6.29872245008,6.09625836518,24.532232778
1.2135,0.537614016198,1,8.19710735527,13.3858549229,17.2803976832,7.98778858887,12.7281551167,17.0167519855,7.17989673728,6.92261309204,24.7241034469
1.214,0.67459025487,1,9.27573451574,14.8475875386,18.7892106673,8.99435632571,14.1692731443,18.5835965714,8.1634736241,7.84499975432,24.9382716972
1.2145,0.823877056232,1,10.4119283994,16.1572434599,20.7933894103,9.88248651233,15.1269183248,20.0266915385,9.23544821438,8.85028472759,25.1716880425
1.215,0.981131348383,1,11.5516204029,17.1366351841,23.2868734765,10.6318210148,15.3291704757,22.1370692717,10.3646344777,9.90922212486,25.4175619029
1.2155,1.1388697959,1,12.615174563,17.5797251584,26.1813444251,11.2655035041,14.8861453641,24.729096641,11.4972972858,10.9714197843,25.6641927611
1.216,1.28607042691,1,13.5007081306,17.2969374052,29.280686508,11.781124893,13.8977434904,27.548580122,12.5542918404,11.962656659,25.8943472893
1.2165,1.40863221531,1,14.0971462768,16.1819195809,32.2853434207,12.1645254651,12.4854629673,30.3375611693,13.4343637671,12.7879776053,26.0859779255
1.217,1.49118191025,1,14.3073310815,14.2759092482,34.8452236847,12.3800767733,10.7725377934,32.8928209865,14.0271233052,13.3438604236,26.2150479299
1.2175,1.52027242303,1,14.0752098118,11.7892333764,36.6546523166,12.3717721476,8.8724807889,35.0943297523,14.2360117685,13.5397535307,26.2605321998
1.218,1.48814580584,1,13.4055592874,9.05274744238,37.547337607,12.0832287628,6.89938689725,36.8686930237,14.0053221362,13.3234155476,26.2103008498
1.2185,1.39546319178,1,12.3657147937,6.41601588791,37.537779306,11.4898946582,4.99267664977,38.1113321654,13.3398017665,12.69929849,26.0653875899
1.219,1.25154408417,1,11.0677501521,4.14704077746,36.7882106785,10.6223407958,3.32937570064,38.6432860975,12.306370646,11.7301591226,25.840363865
1.2195,1.07189999887,1,9.63996684397,2.38245362541,35.5294632194,9.56452656179,2.10547526703,38.2505674017,11.0164113664,10.52045071,25.5594825984
1.22,0.874288432126,1,8.20023544318,1.13655585253,33.9843228588,8.43096723365,1.49627925116,36.773802372,9.59743409341,9.18975076347,25.2505084005
1.2205,0.675023196163,1,6.83944370472,0.343859836092,32.3237828898,7.36752606704,1.41539602433,35.0978230666,8.16658241912,7.84791514518,24.9389486195
1.221,0.486683560929,1,5.61633959083,-0.0950765945336,30.657650766,5.91597175899,0.643042154121,33.0602726573,6.81418353677,6.57965161858,24.644471486
1.2215,0.317400505961,1,4.56050052893,-0.281092949751,29.0453801549,4.64170902822,-0.0504966370922,31.4026582478,5.59862307305,5.43971352736,24.3797901367
1.222,0.171267678899,1,3.6791530895,-0.299649807092,27.5128279425,3.82800110582,-0.0773762868792,29.3408750211,4.54929603284,4.45566715617,24.151305166
1.2225,0.0492852692724,1,2.9646391017,-0.215536563779,26.0668513845,2.98355983995,-0.283256296169,27.1797400152,3.67338441583,3.63424769858,23.9605804135
1.223,-0.0496066478576,1,2.40083008281,-0.0738538116321,24.7052493541,2.08632198113,-0.73625472583,25.4990051023,2.96327728392,2.96831770771,23.8059586407
1.2235,-0.12764032631,1,1.96792068013,0.0964686818288,23.422482024,1.30950951297,-1.03697315421,23.9549322729,2.40294562886,2.44284537096,23.6839496227
1.224,-0.187556915077,1,1.64565119683,0.278690733138,22.2124893946,0.836802936317,-1.10100865198,22.6963951848,1.97270624997,2.03937201774,23.5902674549
1.2245,-0.2321604464,1,1.41525954048,0.464742122996,21.0698328213,0.567640266554,-1.02765155691,21.6154892947,1.6524244047,1.73901552685,23.5205279121
1.225,-0.264047677408,1,1.26051071278,0.652460374185,19.9900048129,0.445013693483,-0.779837918631,20.5956367083,1.42345371819,1.52428955055,23.4706708527
1.2255,-0.285465604148,1,1.16811134805,0.843589079363,18.969399951,0.368028900801,-0.511943825809,19.5987086467,1.26965932356,1.3800630033,23.4371830015
1.226,-0.298254087615,1,1.12774926066,1.04242744867,18.0051978679,0.387915795745,-0.146149603498,18.6744853695,1.17782984366,1.29394641334,23.4171876567
1.2265,-0.303840380214,1,1.13193129029,1.25499468294,17.0952696056,0.486775079673,0.292224319831,17.8294307299,1.13771669457,1.256328781,23.4084532475
1.227,-0.303261568693,1,1.17573713946,1.48858197304,16.2381495745,0.650463250482,0.784421177991,17.0692092906,1.141872931,1.26022644991,23.4093582443
1.2275,-0.297198644131,1,1.25656446443,1.75158672656,15.4330878918,0.868052255766,1.31709047821,16.3992381276,1.18540860203,1.30105368246,23.418837888
1.228,-0.28601178249,1,1.37390994195,2.05354691187,14.6801927161,1.131406494,1.88139921547,15.8251762555,1.26573741419,1.37638508352,23.4363290281
1.2285,-0.269770645946,1,1.5292099434,2.40531277393,13.9806783728,1.48682840205,2.55232378039,15.3837432001,1.38235914856,1.48575155375,23.4617227448
1.229,-0.248276434304,1,1.72575007042,2.81930550289,13.3372474329,1.9128159053,3.28925674502,15.0657304966,1.53670131751,1.63049179721,23.4953298707
1.2295,-0.221074405672,1,1.96864240089,3.30981500344,12.7546515856,2.33933863494,4.01570618082,14.844641041,1.7320292583,1.81366800821,23.5378614144
1.23,-0.18745702571,1,2.26486004706,3.89327798788,12.2404966015,2.7854323795,4.85797571688,14.6322571952,1.97342351943,2.04004466448,23.5904236362
1.2305,-0.146459184635,1,2.62330735672,4.58844706913,11.80637988,3.19247446457,5.71747262808,14.398781155,2.26781420559,2.31612073546,23.6545255269
1.231,-0.096848481069,1,3.05488673397,5.41630132204,11.469471025,3.6145078865,6.63825927796,14.1270924731,2.62405074589,2.65019511011,23.7320939992
1.2315,-0.0371159737444,1,3.57249399863,6.39944363443,11.2546551154,4.19381984031,7.65269604353,14.1132756027,3.05296830244,3.05242887412,23.8254883478
1.232,0.0345231762195,1,4.19082558,7.56055990029,11.1973274643,4.99407166037,9.03249956951,13.9439478499,3.56738315847,3.53484098489,23.937499245
1.2325,0.120103020069,1,4.92580250851,8.91926094789,11.3467995001,6.10952978446,10.9607176276,13.9897635471,4.18190110118,4.1111285753,24.0713070177
1.233,0.221827099301,1,5.79329814168,10.4862955893,11.769936537,7.01141143575,12.3558928733,14.6775848323,4.91234496601,4.79613011153,24.230356998
1.2335,0.341892357267,1,6.80669830636,12.253803363,12.5539134052,7.81766293319,13.6214648807,15.6177466349,5.77449020953,5.6046396284,24.4180842013
1.234,0.482151452004,1,7.9726578497,14.180277538,13.8056008942,8.64116398163,14.9095054239,16.5910052822,6.78164009982,6.54913277191,24.6373853384
1.2345,0.643525443986,1,9.28436732411,16.1699780995,15.6429617403,9.93156931824,16.8703518658,18.1697258584,7.9404084394,7.63581188712,24.889700527
1.235,0.825071875346,1,10.7119981193,18.0500208413,18.1715015021,11.0932074922,18.2622888009,19.6277758613,9.2440277788,8.85833054068,25.1735561937
1.2355,1.02266233362,1,12.1912656294,19.5557454416,21.4386955714,12.112344051,18.7452404787,21.9660478055,10.6628534795,10.1888883445,25.4824973875
1.236,1.22739954314,1,13.6137645271,20.3453638013,25.3667443453,13.0064418844,18.412949215,24.9052794369,12.1329974192,11.5675717802,25.8026128349
1.2365,1.42427972394,1,14.8265437529,20.0698967154,29.6849448388,13.7832605066,17.3957706086,28.0560263575,13.5467228739,12.8933466343,26.1104434794
1.237,1.59213376843,1,15.6505002324,18.5055330917,33.9126186671,14.4263818326,15.8504885727,31.0212509168,14.7520221296,14.0236618871,26.3728905092
1.2375,1.70617301369,1,15.9220640461,15.7008042881,37.4507007845,14.8685931631,13.9166045166,33.5452331806,15.5708967528,14.7915927328,26.5511957821
1.238,1.74375865458,1,15.5473863922,12.0347889208,39.7820165498,14.9922392089,11.6979464822,35.5967827065,15.8407856621,15.04469133,26.6099625509
1.2385,1.69190159911,1,14.5419307852,8.10729886962,40.6753937751,14.6808932481,9.30504661493,37.2590787883,15.4684188803,14.6954902074,26.5288818106
1.239,1.55274206653,1,13.0299148596,4.50907867562,40.251804512,13.8959881459,6.92571843785,38.4889629111,14.4691645487,13.7584014245,26.3112998863
1.2395,1.3434723305,1,11.2027759936,1.62379459552,38.874900563,12.7141144552,4.84386748757,38.9953380218,12.9664741736,12.3491963302,25.9840976385
1.24,1.0905881765,1,9.26175934929,-0.429296162048,36.9658891023,11.2984774942,3.37783634913,38.3673707403,11.1506044188,10.6462953525,25.5887023692
1.2405,0.821942830975,1,7.37314033884,-1.72926709737,34.8655299579,9.85119854207,2.81220423795,36.3197219759,9.22155924155,8.83725981468,25.168663798
1.241,0.56054955126,1,5.64848080022,-2.44841763515,32.7873636456,8.19623506763,1.99555043105,34.4858687952,7.34458852903,7.07705908821,24.7599641441
1.2415,0.321848992441,1,4.14584264107,-2.77114437315,30.8351284645,6.53500819246,1.04494020115,32.4683039142,5.63056604744,5.4696692674,24.3867455369
1.242,0.113877181043,1,2.88169697266,-2.85290970583,29.0417665089,5.44807805621,0.965528581263,29.8684614429,4.13719560024,4.06920429022,24.0615726502
1.2425,-0.0610862077999,1,1.84510147424,-2.80886235459,27.4040215827,4.03160127472,0.137272174958,27.6176570821,2.880846711,2.8910153005,23.7880098542
1.243,-0.204555639998,1,1.0097803776,-2.7173543968,25.9048238677,2.92527494521,-0.523115736136,25.8307189729,1.85064454715,1.92490401005,23.5636892161
1.2435,-0.320167798859,1,0.342810407759,-2.62837266488,24.5249639263,2.00954793061,-1.03028805566,24.0590872628,1.02047539961,1.14638129424,23.3829246251
1.244,-0.412479412225,1,-0.189849023307,-2.57207727794,23.247933296,1.29770127261,-1.31082691631,22.3139553013,0.357619051876,0.524762524674,23.2385914407
1.2445,-0.486201849036,1,-0.62024056224,-2.56578114636,22.0612097422,0.741824195782,-1.44067953304,20.6120475268,-0.171755134408,0.0283217325744,23.1233232347
1.245,-0.545769954249,1,-0.976953479919,-2.61913363511,20.9560463375,0.166952399519,-1.79354271301,19.3620917336,-0.59949217879,-0.372804961219,23.030185936
1.2455,-0.595140610243,1,-1.28472269914,-2.7377701608,19.9268446427,-0.436691048957,-2.36377686127,18.5012248509,-0.954005024185,-0.705262875369,22.9529927884
1.246,-0.637737240459,1,-1.56464693974,-2.92578969428,18.9705928022,-0.947043965192,-2.78352454738,17.8880060954,-1.2598760376,-0.992105060192,22.886391122
1.2465,-0.67648000166,1,-1.83473260461,-3.18738385009,18.0865407455,-1.43696041585,-3.2396017223,17.2945567443,-1.53807380985,-1.25299560981,22.8258151457
1.247,-0.713861060177,1,-2.11057512665,-3.52786718505,17.2761524596,-1.89708821409,-3.74206226844,16.7530533343,-1.80649368704,-1.50471656618,22.7673682503
1.2475,-0.752038893356,1,-2.40606160834,-3.95428115054,16.5433353006,-2.32982141839,-4.28366025695,16.2745902758,-2.08063491524,-1.76180293722,22.7076755634
1.248,-0.792935538011,1,-2.73402391337,-4.47566986398,15.8949477631,-2.73884859525,-4.86266424151,15.8705344183,-2.37429894647,-2.03719755988,22.6437318977
1.2485,-0.838326981208,1,-3.10679505434,-5.10305104223,15.3416017971,-3.12846473157,-5.48127196241,15.5544614672,-2.70023850228,-2.34285978417,22.5727604207
1.249,-0.889920166802,1,-3.53662694485,-5.84902280805,14.8987866461,-3.54791457864,-6.24603626889,15.2892148839,-3.07071052983,-2.69028402882,22.4920922523
1.2495,-0.949410814182,1,-4.03591544924,-6.7268476572,14.5883326752,-4.03930752444,-7.24996165451,15.0534955474,-3.49789137749,-3.09088912797,22.3990760623
1.25,-1.01851456616,1,-4.61714848442,-7.74873085223,14.4401829069,-4.61139515718,-8.51323775361,14.8778621779,-3.99410045653,-3.55622807843,22.291029369
1.2505,-1.09895980605,1,-5.29244337482,-8.92286281001,14.4943081028,-5.34120635609,-10.1491308731,14.83074598,-4.57174866306,-4.09793967041,22.1652497708
1.251,-1.19242362548,1,-6.07247192468,-10.2486513277,14.8023261726,-6.35730415871,-11.9941522386,15.0438480147,-5.24287858634,-4.72731730035,22.0191150626
1.2515,-1.30038304969,1,-6.96449694205,-11.7095207764,15.4278865082,-7.63215816311,-13.9505008091,15.605960113,-6.01809621092,-5.45430713394,21.8503158518
1.252,-1.42384328364,1,-7.96919841654,-13.262916488,16.444092086,-8.8943901239,-15.6209912022,16.360076254,-6.90461955055,-6.28567813832,21.6572804573
1.2525,-1.56289844093,1,-9.07603664069,-14.8281251633,17.9252419449,-9.9784928916,-16.7702788502,17.3139412106,-7.90312440093,-7.2220640666,21.4398617282
1.253,-1.71608977911,1,-10.257242214,-16.2747549695,19.9294989453,-10.8889658751,-17.4243588515,18.7147033129,-9.00313605957,-8.25364186787,21.2003404714
1.2535,-1.87957388952,1,-11.4613546879,-17.4184935707,22.4700661584,-11.6363237863,-17.6356110999,20.8757955163,-10.1770563973,-9.35453034605,20.9447260217
1.254,-2.04622841696,1,-12.6086705724,-18.0349338637,25.4773059619,-12.2359085291,-17.4866285651,24.1302567132,-11.3737423544,-10.4767681503,20.6841544884
1.2545,-2.20502204354,1,-13.5926288055,-17.90259222,28.7644686222,-12.7302488786,-16.6466987916,27.4437024176,-12.5139820222,-11.5460712983,20.4358738123
1.255,-2.34120624386,1,-14.2916776404,-16.8757373939,32.0217378368,-13.1232473058,-15.0828613174,30.4025714459,-13.4918715678,-12.4631244398,20.2229439481
1.2555,-2.43795771498,1,-14.5933593307,-14.9635732823,34.8643769046,-13.3632770714,-13.0449837107,33.1169020246,-14.1866089301,-13.1146408443,20.0716688549
1.256,-2.47971180409,1,-14.4253643839,-12.3688794886,36.9359464605,-13.3657869481,-10.7642510366,35.3906776923,-14.4864299602,-13.395809427,20.0063845378
1.2565,-2.45646055549,1,-13.7807618303,-9.4464028104,38.0235050982,-13.0499191593,-8.45943002645,36.92103218,-14.3194711436,-13.239237442,20.0427388667
1.257,-2.36724469213,1,-12.7238725233,-6.59058470725,38.118566598,-12.3887288036,-6.37907721827,37.6556552068,-13.6788442583,-12.6384651969,20.1822317125
1.2575,-2.22096650647,1,-11.3727753813,-4.11451517452,37.3893931532,-11.4325620301,-4.82499517123,38.0229286182,-12.6284734505,-11.6534399929,20.4109439576
1.258,-2.03396864654,1,-9.86750552745,-2.18375306924,36.0918766833,-10.3094780802,-3.82245242637,37.9819164227,-11.2857093719,-10.3942118703,20.7033231676
1.2585,-1.82563259688,1,-8.33887165197,-0.821456843011,34.4777927573,-9.18572222735,-3.03986082751,36.6876728936,-9.78972346131,-8.99129414276,21.0290655566
1.259,-1.6140628626,1,-6.88848514512,0.0434514132869,32.7406920728,-8.1707541929,-2.65901390296,34.9095695507,-8.27051762966,-7.56660105048,21.3598639507
1.2595,-1.41332291252,1,-5.5821487895,0.522409653881,31.0034734861,-7.34308061249,-2.79223535461,33.2226650212,-6.82907656605,-6.2148348293,21.6737295107
1.26,-1.23252014473,1,-4.45292690486,0.728797014876,29.330887614,-6.36396880889,-2.91228923503,31.5669027286,-5.53079720603,-4.99732394465,21.9564224273
1.2605,-1.07623080828,1,-3.50881432161,0.75838833566,27.7493444107,-5.03378708148,-2.58954643286,29.8780776049,-4.40853994097,-3.94488447926,22.200787538
1.261,-0.945561423296,1,-2.74117918844,0.683448996828,26.2640652623,-3.71539670048,-1.78798283023,28.3930260302,-3.47025029214,-3.06496764812,22.4050947507
1.2615,-0.839317303136,1,-2.13197817203,0.554123236761,24.8705895663,-2.50658988753,-0.798752506432,27.0831998905,-2.70734964629,-2.34952853012,22.5712120097
1.262,-0.755001170129,1,-1.65909727411,0.402647451258,23.5612407159,-1.53978442718,0.0171023322755,25.8157721426,-2.10190595462,-1.78175066401,22.7030439161
1.2625,-0.689552348457,1,-1.29989754787,0.247985692985,22.3281899474,-0.801864394356,0.635308469461,24.6033937008,-1.63194160978,-1.34102371197,22.8053759684
1.263,-0.639837507086,1,-1.03332566344,0.0998640381832,21.16459558,-0.283272054499,1.02179789937,23.4330786833,-1.27495729353,-1.00624808195,22.8831072646
1.2635,-0.602942771428,1,-0.840993265687,-0.0380906156125,20.0648140594,-0.00110311668868,1.01275727789,22.1903410071,-1.0100295251,-0.757801983493,22.9407937733
1.264,-0.57632311126,1,-0.707574583502,-0.16607871369,19.0242483975,0.175020142908,0.92740426666,20.8509045774,-0.818883361864,-0.57854739356,22.9824147587
1.2645,-0.557857371628,1,-0.620790391302,-0.286579703722,18.0391108142,0.258207381046,0.77557841639,19.5060860575,-0.686287556369,-0.454200630128,23.0112867382
1.265,-0.545846053039,1,-0.571168982601,-0.40336275337,17.1062126826,0.260729001542,0.558811108786,18.20077773,-0.600038616711,-0.373317404177,23.0300669522
1.2655,-0.538978229147,1,-0.55171167899,-0.520908605386,16.2228144893,0.193294288858,0.279070685848,16.9659813387,-0.550723254359,-0.327070046102,23.0408050908
1.266,-0.536285251697,1,-0.557543066024,-0.644123161102,15.3865355235,0.0649143190785,-0.0620281356694,15.8227217016,-0.531385956142,-0.308935758688,23.045015677
1.2665,-0.537092341626,1,-0.585592764657,-0.778252957181,14.5953136968,-0.1172239483,-0.463924443464,14.7850767291,-0.537181377355,-0.314370635514,23.0437537572
1.267,-0.540974544802,1,-0.634333300994,-0.928938930376,13.8474069738,-0.347862523997,-0.927711563523,13.8625325939,-0.565058075905,-0.340513070615,23.0376837652
1.2675,-0.547720452038,1,-0.703584735993,-1.10236627018,13.1414328548,-0.623761063547,-1.4566560637,13.0618303372,-0.613497998786,-0.385939452005,23.0271362487
1.268,-0.557305158969,1,-0.794388744752,-1.30548456681,12.476448671,-0.943781877268,-2.05666798203,12.388441225,-0.682322316752,-0.450482075753,23.0121501465
1.2685,-0.569872838066,1,-0.90895083854,-1.54628419593,11.8520825968,-1.30898712272,-2.73676116353,11.8477877052,-0.772566280239,-0.535111787357,22.9925000388
1.269,-0.585728741909,1,-1.05064786714,-1.83412226248,11.2687338173,-1.72276500695,-3.5095444681,11.446313191,-0.886421797744,-0.641884132438,22.96770865
1.2695,-0.605340241543,1,-1.22409759418,-2.18009436838,10.7278712744,-2.18983292927,-4.37675461937,11.2204625975,-1.0272448919,-0.773946348961,22.9370452255
1.27,-0.629346456013,1,-1.4352869086,-2.59744603388,10.2324753223,-2.63115368685,-5.1314437139,11.1083897694,-1.19962484569,-0.935602211708,22.8995104749
1.2705,-0.658575997404,1,-1.69175392812,-3.10200736895,9.78768711509,-3.08477730427,-5.88149977517,11.0274805718,-1.40951162316,-1.13243152594,22.8538088277
1.271,-0.694072174769,1,-2.00281523432,-3.71261165178,9.401758227,-3.55940754284,-6.69611613845,10.9623313248,-1.66439684972,-1.37145984852,22.7983090252
1.2715,-0.73712444448,1,-2.37982017846,-4.45141383375,9.0874283693,-4.05209178522,-7.57472897101,10.9258548702,-1.97353964575,-1.66137027203,22.7309949468
1.272,-0.789303607282,1,-2.83639530597,-5.34394318152,8.86389908039,-4.55982098104,-8.51843558873,10.9379429696,-2.34821936395,-2.01274043873,22.6494105778
1.2725,-0.852495637731,1,-3.38860629761,-6.4185803492,8.75960343959,-5.080768706,-9.53202179639,11.0262591395,-2.8019785063,-2.43827034534,22.5506071158
1.273,-0.928924097575,1,-4.05490095945,-7.70490682555,8.81596175079,-5.71478281161,-10.8522479611,11.1078393018,-3.35078366643,-2.95293327274,22.4311079263
1.2735,-1.02114224531,1,-4.85558797695,-9.2299913716,9.09217965985,-6.48566839014,-12.546334196,11.2165172034,-4.0129688712,-3.57392265245,22.2869208794
1.274,-1.13196089341,1,-5.8114323432,-11.0111341587,9.67071839706,-7.55123565916,-14.7319617029,11.4951017767,-4.80871754969,-4.3201662633,22.113651149
1.2745,-1.26425400939,1,-6.94069828052,-13.0429811565,10.662034575,-8.96610345421,-17.0704151055,12.1239006892,-5.75866662425,-5.2110171647,21.9068051628
1.275,-1.42054944293,1,-8.25367971566,-15.276690439,12.2050881397,-10.4710476223,-19.1798592529,13.0260781875,-6.88096767029,-6.26349768737,21.6624305191
1.2755,-1.60227191932,1,-9.74360099261,-17.5901971462,14.456590602,-11.766111505,-20.6299937501,14.2096155231,-8.18585112545,-7.48720181361,21.3782995985
1.276,-1.8084836576,1,-11.3732212464,-19.7540305775,17.5577480777,-12.8497203501,-21.4522765917,16.1585937743,-9.66658312344,-8.87581460398,21.0558786619
1.2765,-2.03403035625,1,-13.0584482137,-21.4095724819,21.5665044415,-13.7313245345,-21.7320665856,19.563168237,-11.286152487,-10.3946274184,20.7032266818
1.277,-2.26727327164,1,-14.6547751445,-22.0948574719,26.3561144129,-14.4792807469,-20.9047183156,23.1413147199,-12.9609856027,-11.9652659196,20.3385413353
1.2775,-2.48821202617,1,-15.9587682646,-21.360560044,31.5187131409,-15.1193893091,-18.9577512603,26.9287032561,-14.5474669842,-13.4530492194,19.9930940744
1.278,-2.66869047973,1,-16.7396544572,-18.9793816825,36.3635567386,-15.6022629556,-16.2490395275,31.4249689462,-15.8434175609,-14.6683761989,19.710908237
1.2785,-2.77676860551,1,-16.8049646884,-15.1493118662,40.097618104,-15.791972323,-13.0789658216,36.1359805741,-16.6194875385,-15.396165359,19.5419234313
1.279,-2.7858078323,1,-16.0763937764,-10.511986043,42.1483327413,-15.5095248409,-9.65724492951,39.6934241692,-16.6843949606,-15.4570347646,19.5277902108
1.2795,-2.68497037427,1,-14.6298339352,-5.90569840791,42.4153062955,-14.6633825202,-6.2517501332,40.961670178,-15.9603176024,-14.7780036622,19.6854539206
1.28,-2.48476005175,1,-12.6695109745,-2.01223462321,41.2535442891,-13.3388800467,-3.34768424001,40.1909848779,-14.5226796029,-13.4298039092,19.9984913851
1.2805,-2.21344262608,1,-10.4534807094,0.849448286966,39.2292311182,-11.7452400985,-1.56998716641,39.0122362795,-12.5744471834,-11.6027748046,20.4227078687
1.281,-1.90673417099,1,-8.21749211344,2.69760894176,36.8610737268,-10.1582236163,-0.612856912427,37.014719959,-10.3720845668,-9.5374254351,20.9022597515
1.2815,-1.59726339406,1,-6.13122864031,3.73792497185,34.4936954365,-8.77391157049,-0.286036564908,34.3506890359,-8.14988671488,-7.45347481872,21.3861306435
1.282,-1.30851524074,1,-4.2903095636,4.22237777426,32.2982495356,-7.59806462954,-0.629449164077,32.0423521022,-6.07649053703,-5.50906863584,21.8376008208
1.2825,-1.05372384423,1,-2.72964408514,4.37086893617,30.3285901862,-5.81500999475,-0.232249901631,29.7372205315,-4.24692556284,-3.79332444484,22.2359781459
1.283,-0.837720793482,1,-1.44317317108,4.34656652321,28.5782537404,-3.97349582877,0.969367274489,27.8443228216,-2.6958856872,-2.33877776615,22.5737082213
1.2835,-0.659667491243,1,-0.401514285189,4.25927146641,27.0185062224,-2.41165215536,2.11317724524,26.1066787775,-1.41734924611,-1.13978155518,22.8521022301
1.284,-0.515497263674,1,0.435266508937,4.17799145926,25.6181070988,-1.03184899678,3.18895753455,23.8591111535,-0.382114923869,-0.168951166656,23.0775185919
1.2845,-0.399683076181,1,1.10957664188,4.14375287136,24.3512791704,0.0867988365662,4.00354424501,21.8940859464,0.449504918292,0.610931993244,23.2585990634
1.285,-0.306355551562,1,1.66177399621,4.17976139759,23.1996398114,0.964673214457,4.54454185811,20.342157848,1.11965615774,1.23939182517,23.4045206688
1.2855,-0.229928979184,1,2.12802754797,4.29864999476,22.1516790953,1.72941026941,5.01168732052,19.1914958598,1.66844776465,1.75404204253,23.5240169072
1.286,-0.165397411726,1,2.5396474611,4.50735159578,21.2016189951,2.32564186698,5.47726654713,18.1408442282,2.13182563835,2.18859228056,23.624914793
1.2865,-0.1084273831,1,2.92324659477,4.81021233443,20.3484372483,2.78497964588,5.91520801909,17.176479126,2.54090683331,2.57222374149,23.7139898871
1.287,-0.0553355551085,1,3.30131161927,5.21083031901,19.595308673,3.32041715931,6.43670120758,16.5046109834,2.92214007054,2.9297397201,23.7970012474
1.2875,-0.00300967246504,1,3.69291132891,5.71294619874,18.9494862063,3.91849048743,7.07647109403,15.973512211,3.29787333092,3.28209788609,23.8788150192
1.288,0.0511894708618,1,4.11436464867,6.32056988509,18.4225580713,4.6021287031,7.96251950789,15.4177771955,3.68705779955,3.64707043459,23.9635577147
1.2885,0.109520486747,1,4.57974470796,7.03740543852,18.0309821844,5.49204204166,9.26568351551,15.1396683302,4.10591175236,4.03986667116,24.054760771
1.289,0.173931158956,1,5.10111880951,7.86552986275,17.7967585709,6.2439113287,10.3169244502,15.2351385885,4.56842152095,4.47360281059,24.1554696319
1.2895,0.246091655917,1,5.68842583707,8.80319618931,17.7480183192,6.75199053526,10.9045766562,15.8603958048,5.08657998143,4.95952562892,24.2682956776
1.29,0.327377563388,1,6.34888216868,9.84159009948,17.9191552147,7.21081304997,11.4723173712,16.6839701589,5.6702647182,5.5068982069,24.3953896958
1.2905,0.418787660223,1,7.08579924676,10.960426936,18.3498869105,7.62728001857,12.1192098596,16.9702519653,6.3266476014,6.1224462387,24.5383133202
1.291,0.520780264792,1,7.89671653589,12.1225307558,19.0823246083,8.228343306,12.854430427,18.1247637931,7.05901964968,6.80925600235,24.6977831514
1.2915,0.633014828043,1,8.77084582436,13.2681271346,20.1548612266,9.13449843881,14.1203354552,19.570544585,7.8649355033,7.56503426866,24.8732667262
1.292,0.753998213437,1,9.68604651349,14.3106207447,21.5917369392,10.0086470023,15.1637492693,20.835767091,8.73367348821,8.3797263797,25.0624294614
1.2925,0.880666063546,1,10.6059604652,15.1370180719,23.3880138446,10.6791437961,15.5159393988,22.3134033902,9.6432295607,9.23269720598,25.260480102
1.293,1.00798625018,1,11.4785092324,15.6172432105,25.4919789418,11.2299196661,15.2914003074,24.2644123502,10.5574698261,10.0900608125,25.4595506988
1.2935,1.1287508844,1,12.2374850066,15.6258983531,27.7907598277,11.6577530764,14.5602517347,26.5166440851,11.4246370378,10.9032798712,25.6483714071
1.294,1.23379651073,1,12.8089561999,15.0756908147,30.1086107199,11.955671116,13.4137045026,28.880420861,12.1789317325,11.6106484308,25.8126147693
1.2945,1.31289066823,1,13.1230313366,13.9535769954,32.2271147972,12.1085103122,11.955325786,31.1757244881,12.7468783045,12.1432619458,25.936281892
1.295,1.35636006549,1,13.1290100735,12.3428633556,33.9285703235,12.0916820916,10.292184843,33.2544328744,13.0590163428,12.4359812717,26.0042481673
1.2955,1.3571875493,1,12.8091432046,10.4151560615,35.0495538336,11.8771242271,8.53225261466,35.001094915,13.0649582051,12.4415534793,26.0055419739
1.296,1.31291655051,1,12.1852717153,8.389713627,35.5210809568,11.4466817789,6.78983403429,36.3104652451,12.7470641558,12.143436235,25.9363223601
1.2965,1.22656995874,1,11.3150373704,6.47690681317,35.3761782324,10.8068194851,5.19219568313,37.0628256104,12.1270404733,11.5619854275,25.801315744
1.297,1.10612565087,1,10.279083023,4.8314930704,34.7240777223,9.99583476046,3.87716392287,37.1240075714,11.2621734093,10.7509234199,25.6129958798
1.2975,0.962744956833,1,9.16449825538,3.53285284309,33.7078803851,9.07933218349,2.97830988877,36.3759231592,10.2326084421,9.78540968485,25.3888139876
1.298,0.808481462543,1,8.0503199609,2.59208928255,32.4663084332,8.2027933594,2.72746922097,34.8092288167,9.1248980178,8.74661207302,25.1476163685
1.2985,0.654274225949,1,6.99856300916,1.9740706807,31.1112236429,7.32869905922,2.66785675294,33.4060333609,8.01759155965,7.70819329585,24.9065067107
1.299,0.508706381108,1,6.05121785017,1.62141540051,29.7212575057,6.13844757106,1.97257304922,31.7906573819,6.97232145266,6.72795146821,24.6789051141
1.2995,0.377589593255,1,5.23167491449,1.47280484551,28.3457180353,5.06486556468,1.4527256831,29.9327551553,6.03081916542,5.84502186312,24.4738983677
1.3,0.264161202119,1,4.54850018336,1.4737595681,27.0124568799,4.15678193828,0.958417043474,28.5825563818,5.21633086502,5.08120445856,24.2965481915
1.3005,0.169606777643,1,3.99987055403,1.58125808005,25.7356231552,3.68729965869,1.14633680307,26.9133299164,4.53736970093,4.44448278448,24.1487082754
1.301,0.0936739942885,1,3.57764419321,1.76445962526,24.5216091999,3.29063294208,1.38816850092,25.1698771344,3.99212381461,3.93315770157,24.0299840973
1.3015,0.0352359860789,1,3.27061509483,2.00345225544,23.3729885913,2.8869755614,1.4513542401,23.6053769889,3.57250158856,3.53964098753,23.9386137539
1.302,-0.00725820811699,1,3.06686957315,2.28728540838,22.2908807109,2.49097571534,1.39051954065,22.3982356746,3.2673661312,3.2534885984,23.8721722506
1.3025,-0.0354574954506,1,2.95534947844,2.61197587024,21.2762947331,2.1947113548,1.4101154266,21.3993436062,3.06487723593,3.06359692978,23.82808145
1.303,-0.0508923730771,1,2.92679436024,2.97879542285,20.3309094541,2.00445319178,1.56555931376,20.4864171427,2.95404495559,2.95965974042,23.8039483539
1.3035,-0.0548445285721,1,2.97423679105,3.39292743888,19.4576039336,1.94249536871,1.87473732059,19.657582529,2.92566595471,2.93304625219,23.7977689885
1.304,-0.0482782849201,1,3.09319711073,3.86246190808,18.660936905,2.00209157023,2.29861659665,18.9778747367,2.9728157783,2.97726279386,23.8080355934
1.3045,-0.031813647032,1,3.28168550142,4.39763719189,17.9476952893,2.20890319267,2.86889980093,18.4155565976,3.09104239508,3.08813430366,23.833778764
1.305,-0.00572601455709,1,3.54007952133,5.01020045905,17.3275862198,2.53925515973,3.59664961209,17.8777938455,3.27836825964,3.26380626311,23.8745679013
1.3055,0.0300368682429,1,3.87090671759,5.71272673841,16.8141178991,3.05652235323,4.6154917286,17.2853101533,3.53516860158,3.50463055803,23.9304847092
1.306,0.0758248251418,1,4.27852393482,6.51769569122,16.4256850688,3.6628547868,5.79085250454,16.7433928129,3.86395537903,3.81296287279,24.0020761524
1.3065,0.132240862834,1,4.76864498979,7.43606854873,16.1868241373,4.59302301434,7.461775927,16.4656151918,4.26905856524,4.19286380459,24.0902850578
1.307,0.200075798999,1,5.34762398951,8.47503733237,16.1295032587,5.37971390825,8.73981911111,16.6875540506,4.75615673626,4.64965865428,24.1963479029
1.3075,0.280209070339,1,6.02135261711,9.63455535897,16.2941260711,6.01726666342,9.70047208618,17.3671413379,5.33156480937,5.18926947588,24.3216397248
1.308,0.373456112031,1,6.79358307087,10.9022610404,16.7296103935,6.73154330812,10.8693545129,17.7919529718,6.00113812999,5.81718734243,24.4674354917
1.3085,0.480336245019,1,7.66346616148,12.2466026248,17.4914289168,7.44582347489,11.9781725549,18.4592843896,6.76860575421,6.53690931821,24.6345471841
1.309,0.600731937727,1,8.62214602127,13.6085804478,18.6359284586,8.48962995039,13.4793936886,19.8127286604,7.63312373024,7.34764395531,24.8227910364
1.3095,0.733417498637,1,9.64846707647,14.8938314847,20.2088648951,9.65420179821,15.085155494,20.9565908874,8.58589081007,8.24113754841,25.0302506271
1.31,0.875464902148,1,10.7043414912,15.9689339003,22.226603204,10.6236325933,15.983041779,22.2925922915,9.60588189964,9.1976730153,25.252347862
1.3105,1.0216026222,1,11.7311648374,16.6682700841,24.650977293,11.4590000536,16.2000489501,24.2051122417,10.6552440746,10.1817523355,25.4808404831
1.311,1.16371954503,1,12.6496859681,16.8185421087,27.3642944209,12.1549540239,15.8042613645,26.4950771331,11.6757343573,11.1387559397,25.7030464145
1.3115,1.29084695903,1,13.3662717463,16.2835106234,30.1581538531,12.7011735428,14.889875841,28.9326916417,12.5885903921,11.9948214312,25.901815603
1.312,1.39002562117,1,13.7874026398,15.0192710716,32.7529361332,13.0746318615,13.5653228546,31.2991978883,13.3007565363,12.6626823393,26.056885714
1.3125,1.44831201183,1,13.8406655123,13.1150017855,34.8554919071,13.2366305487,11.9417605327,33.4273160472,13.7192900515,13.0551780733,26.1480189968
1.313,1.45568383053,1,13.495593544,10.7899893842,36.2391195887,13.1418299984,10.1324208252,35.2081252528,13.7722244185,13.1048192907,26.1595451529
1.3135,1.40792433375,1,12.7750918354,8.33742487812,36.8080026614,12.7598148605,8.26529036051,36.5521200224,13.4292807254,12.7832107894,26.0848711222
1.314,1.3082036894,1,11.7513205213,6.03951343251,36.61147767,12.0979524543,6.49627835596,37.3372384703,12.7132228027,12.111700218,25.9289535987
1.3145,1.16650918141,1,10.5276582445,4.09700902679,35.8046072375,11.2102979814,5.00518571114,37.3968735032,11.6957657284,11.1575411204,25.7074081311
1.315,0.997148874218,1,9.21502019619,2.60216341956,34.5833681393,10.187392536,3.97065812364,36.5649596037,10.4796505444,10.0170828191,25.4426059946
1.3155,0.81547392409,1,7.91171029235,1.55346371228,33.1289389747,9.16934324785,3.60209169495,34.7702485964,9.17510835812,8.79369873075,25.1585493834
1.316,0.635090030692,1,6.69188719176,0.890920038751,31.578609414,8.16982162785,3.47070064419,33.1664472861,7.87983678386,7.57900851167,24.876511395
1.3165,0.466261082572,1,5.60272815273,0.530987440306,30.0212861246,6.77998830999,2.63761770463,30.9911976338,6.66753709737,6.44212833841,24.6125400613
1.317,0.315516622325,1,4.66750208888,0.390728932579,28.5066739451,5.61379485182,1.9160748173,29.4369726743,5.58509558522,5.42702761077,24.3768446035
1.3175,0.186077171197,1,3.89133330594,0.400224499292,27.0581434718,4.86605927426,1.78681252637,27.5704198639,4.65563764706,4.55539305245,24.1744604453
1.318,0.0786519559144,1,3.26731720552,0.506521164772,25.6838103679,4.13914055058,1.63954739484,25.5032062682,3.8842559838,3.83200053759,24.0064964932
1.3185,-0.00771465068036,1,2.78175370602,0.67289423647,24.3841681983,3.39482544881,1.24820522605,23.8961354568,3.26408858204,3.25041495193,23.871458583
1.319,-0.0749188008782,1,2.41808270976,0.876145947273,23.1566068255,2.72622029254,0.992940214431,22.3467813843,2.78151985717,2.79786776277,23.766381999
1.3195,-0.125252485927,1,2.15956242121,1.10349868667,21.9977635096,2.1684427191,0.820791286367,21.0860827499,2.42009184803,2.45892489061,23.687683114
1.32,-0.161032844868,1,1.99092285856,1.34981337986,20.9045971386,1.83199241681,0.836189148983,20.0257010738,2.16316601624,2.21798291279,23.6317389813
1.3205,-0.18437331117,1,1.89926833939,1.61539016729,19.8748161075,1.6863918394,1.03116514455,19.1498813752,1.99556655954,2.06081014315,23.5952451567
1.321,-0.197058704695,1,1.87447506113,1.90437440764,18.9070419146,1.69300520839,1.38085940848,18.4233240225,1.90447733127,1.97538775232,23.5754109975
1.3215,-0.200490204793,1,1.90927872249,2.22369158568,18.0009168465,1.80595253519,1.84349915612,17.7983934721,1.87983696871,1.95228031447,23.5700456992
1.322,-0.195673223104,1,1.9991942565,2.58240241758,17.1572632256,1.99934472313,2.40791640181,17.2466216565,1.91442597406,1.98471747076,23.5775772576
1.3225,-0.183228512869,1,2.14236374102,2.99136626542,16.3783530594,2.2379685004,3.04029177991,16.7344473657,2.00378694258,2.06851912022,23.5970350982
1.323,-0.163413218779,1,2.33939132423,3.46310616437,15.6683305717,2.50209181556,3.72840793592,16.2497664126,2.1460734111,2.20195367175,23.6280171642
1.3235,-0.136143724041,1,2.59319425507,4.01177016313,15.0338315539,2.78684660692,4.47909308884,15.8063288918,2.34188580163,2.38558419393,23.670654194
1.324,-0.101016268409,1,2.90887395316,4.65307249656,14.4848528902,3.10420916233,5.29000472316,15.3496458824,2.59412337062,2.62212957486,23.7255774842
1.3245,-0.0573247926979,1,3.29358660003,5.40406598976,14.0359346834,3.56900880951,6.2266595141,15.0570047113,2.90785607403,2.9163443587,23.7938909887
1.325,-0.0040788495218,1,3.75636420209,6.28253463014,13.7077150096,4.16599146223,7.28052748492,14.8651145809,3.29019595672,3.27489813622,23.8771433148
1.3255,0.059971631021,1,4.30779875877,7.30569247494,13.5288835821,4.93649542338,8.65948620393,14.5632538179,3.75011931907,3.70620877476,23.9772890004
1.326,0.136292628808,1,4.95944786134,8.48772624488,13.5384583559,6.00733005177,10.5095843757,14.5275769304,4.29815283299,4.22014806155,24.0966201685
1.3265,0.226483765931,1,5.7227450499,9.83553712788,13.7880734179,6.84830028829,11.7987285129,15.1419307254,4.94578280685,4.82748771948,24.2376378969
1.327,0.332127495243,1,6.60710532695,11.34188866,14.3434981549,7.59510997811,12.9503133423,16.0455267794,5.70437226292,5.53888385516,24.4028164189
1.3275,0.45452689501,1,7.61682955769,12.9752381504,15.2837923894,8.31751848206,14.1426406314,16.5762039772,6.5832781355,6.36311128987,24.5941931535
1.328,0.594277224123,1,8.74640344473,14.6662224668,16.6953102902,9.3806739815,15.6772084023,18.1386618686,7.58677476363,7.30417844774,24.8126988136
1.3285,0.750615279273,1,9.9740156414,16.2927611212,18.6565291584,10.5940194218,17.3590794211,19.4583286737,8.70938186007,8.35694598083,25.057140098
1.329,0.92052227297,1,11.2538479084,17.6697278335,21.2096096449,11.5868665924,18.1566190401,21.2227254489,9.9294226024,9.50108562384,25.3227970024
1.3295,1.0976567569,1,12.5091849666,18.5547541762,24.3182494564,12.4331133672,18.159102091,23.6363261391,11.2013613411,10.6938945883,25.5997543992
1.33,1.27140099486,1,13.630533074,18.6852843244,27.821779212,13.1329131324,17.4540818198,26.4211688089,12.4489559483,11.8638739169,25.8714110003
1.3305,1.4266005655,1,14.484500323,17.8549954809,31.411507507,13.6766610504,16.1620998167,29.2603735243,13.5633879988,12.9089749894,26.1140722151
1.331,1.54479343486,1,14.9375177358,16.0122175879,34.6646236226,14.0297013809,14.4147274069,31.8815928816,14.4120882961,13.7048759963,26.2988718582
1.3315,1.60749306175,1,14.8912691327,13.3283157238,37.1514549077,14.1269353411,12.3367550437,34.1330785782,14.8623116664,14.127090098,26.396905426
1.332,1.60109204917,1,14.3163937281,10.1766481796,38.5785883566,13.8929773205,10.0542170106,35.9755855035,14.8163483074,14.0839862087,26.3868971671
1.3325,1.52152673367,1,13.2665714306,7.01307791185,38.8856952579,13.2850578813,7.7267052483,37.3715983776,14.24501852,13.5481999547,26.2624933686
1.333,1.37622665359,1,11.8639476839,4.22388757797,38.2356680586,12.3294367084,5.56948132059,38.1699126954,13.2016711351,12.5697612329,26.0353104337
1.3335,1.18209728216,1,10.2637065782,2.02863138329,36.9156889924,11.1234655246,3.83417459603,38.1066174934,11.8076982487,11.2625101016,25.7317807982
1.334,0.960616788408,1,8.61592859591,0.473077555028,35.2216126721,9.80609216721,2.75624538123,36.923373693,10.2173268335,9.77107877469,25.3854865046
1.3345,0.732556979286,1,7.03954222779,-0.516724208399,33.3844601501,8.58163513928,2.4865272799,34.9999398384,8.57971173148,8.23534288227,25.028905168
1.335,0.514378087418,1,5.61261022968,-1.06800612125,31.5504846886,7.01895095109,1.57950662933,33.0441148873,7.01304792676,6.76614426941,24.6877730713
1.3355,0.316884345773,1,4.37500164481,-1.31264708254,29.7950174008,5.55856664372,0.69083951134,31.2410759238,5.59491671321,5.43623774734,24.378983098
1.336,0.145593807443,1,3.3371248396,-1.36234341936,28.1468301119,4.6516121348,0.650412771553,28.9098412511,4.36494123668,4.2827814292,24.111162962
1.3365,0.00194703667958,1,2.48981798898,-1.30118089486,26.6094839462,3.53457035661,0.0357261273923,26.8481159664,3.33346566866,3.31547595552,23.8865650474
1.337,-0.115324003897,1,1.8128235793,-1.18738936637,25.1755396146,2.41079745938,-0.607169948668,25.0202317774,2.4913846908,2.52578246744,23.7032067234
1.3375,-0.209023044367,1,1.28102333333,-1.05853020223,23.8343831848,1.66152033738,-1.01203096778,23.6139614637,1.81856573024,1.89482087851,23.5567042369
1.338,-0.282626566135,1,0.868533882851,-0.937108748441,22.5757967709,1.0560156669,-1.29738724779,22.2403940907,1.29004542992,1.39918085047,23.4416219598
1.3385,-0.339716942602,1,0.551107379581,-0.835393908631,21.3911721902,0.61869268593,-1.38868295197,20.9114811817,0.880100060576,1.01473897713,23.3523586966
1.339,-0.383650183928,1,0.307325671868,-0.759136720406,20.2736249338,0.312644333417,-1.34342404183,19.6357560524,0.564631325634,0.718896163642,23.2836671811
1.3395,-0.417390657661,1,0.119002738598,-0.710260509638,19.2177062807,0.107935086182,-1.20618648221,18.4179382671,0.322353172607,0.491690604108,23.2309124969
1.34,-0.443455390092,1,-0.0288921905153,-0.688717540181,18.2190445965,-0.0197405343315,-1.01144195834,17.2600432284,0.135191744978,0.316172851656,23.1901591648
1.3405,-0.463924706752,1,-0.148572578584,-0.693720457216,17.2740436905,-0.0901298895751,-0.785755476659,16.1621817685,-0.0117910233523,0.178334166232,23.1581545064
1.341,-0.480489005312,1,-0.249890526761,-0.724530836488,16.3796691354,-0.119297537783,-0.549530684634,15.1230868959,-0.130733267407,0.0667915497189,23.132255512
1.3415,-0.494511860436,1,-0.340823291094,-0.780951009213,15.533315383,-0.127235339365,-0.334364178528,14.160733254,-0.231426324254,-0.0276371968941,23.1103301739
1.342,-0.507097359878,1,-0.4279419552,-0.863630429289,14.7327370218,-0.148745130657,-0.207993895018,13.3428316369,-0.321798249198,-0.112386909224,23.0906522033
1.3425,-0.519154970867,1,-0.516839920659,-0.97426820993,13.9760299664,-0.189070539891,-0.171291487038,12.6547978604,-0.408379597864,-0.193581864374,23.0717996091
1.343,-0.531458845085,1,-0.612515436204,-1.11577003976,13.2616547881,-0.254210036102,-0.228247436403,12.0878786684,-0.496729273816,-0.276435135742,23.0525619717
1.3435,-0.544700762411,1,-0.719712257448,-1.2924000986,12.5885017427,-0.350895552692,-0.385710761865,11.6380820111,-0.591814698451,-0.365605111812,23.0318576635
1.344,-0.559537279742,1,-0.843227888365,-1.50995578237,11.9560046989,-0.486668178373,-0.653367262958,11.3055160607,-0.698350369667,-0.46551299243,23.0086601295
1.3445,-0.576632392988,1,-0.988201259915,-1.77598359467,11.3643196825,-0.670041464331,-1.04393279065,11.0940840437,-0.821104202223,-0.580630071136,22.9819311834
1.345,-0.596697353073,1,-1.16039213576,-2.10004671044,10.8145942513,-0.910747016895,-1.57354773832,11.0115035608,-0.965183432067,-0.71574585283,22.9505587539
1.3455,-0.620529336932,1,-1.36646344321,-2.49404617377,10.309367855,-1.15648264269,-2.08355841602,11.0478878292,-1.13631229878,-0.876228461058,22.9132964205
1.346,-0.649050523371,1,-1.61427497209,-2.9725851545,9.85316242729,-1.41665049734,-2.56717893769,11.1148925822,-1.34111263524,-1.06828777163,22.8687023167
1.3465,-0.683348742296,1,-1.91319159361,-3.55334396054,9.45334839356,-1.71307713641,-3.13786785005,11.1741355321,-1.587395755,-1.29924914116,22.8150755739
1.347,-0.724720133576,1,-2.27439938367,-4.25739402425,9.12140503282,-2.04178165485,-3.80267960067,11.2449869839,-1.88446877024,-1.57784066832,22.7503896213
1.3475,-0.77471289992,1,-2.71120516094,-5.10930766615,8.874733922,-2.39963798054,-4.55940470824,11.3494354094,-2.24344876533,-1.91448782212,22.6722237774
1.348,-0.835168764277,1,-3.2392626701,-6.13679429752,8.73922070906,-2.78423421188,-5.40909770725,11.5159483712,-2.67756048741,-2.32159261256,22.5776984289
1.3485,-0.908254274607,1,-3.87661163885,-7.3693788689,8.75274632232,-3.26531566128,-6.51832379911,11.6964429609,-3.20236113473,-2.81374439442,22.4634260849
1.349,-0.99646620954,1,-4.64331866023,-8.83529197627,8.9697572626,-3.89226134444,-8.01024565241,11.8881068592,-3.83577917265,-3.40775626848,22.3255029244
1.3495,-1.1025818749,1,-5.56035134101,-10.5552321299,9.46667198458,-4.76343447634,-10.0388815433,12.1979100824,-4.59775743097,-4.12233038246,22.1595865101
1.35,-1.22950328081,1,-6.64708357531,-12.5310422694,10.3470520647,-6.02330632081,-12.3145633872,12.8299567514,-5.50913419607,-4.97700863253,21.9611394241
1.3505,-1.37991186047,1,-7.91653817495,-14.7269404224,11.7436677928,-7.54018033064,-14.5993954525,13.8428880135,-6.58916387111,-5.98984756812,21.72596913
1.351,-1.55561002904,1,-9.36725136,-17.0417418618,13.8113955968,-8.86390152409,-16.234361093,15.0546266015,-7.85078894807,-7.17298450371,21.4512574742
1.3515,-1.75639519283,1,-10.9708771287,-19.274650911,16.7006056553,-9.99850758298,-17.2458003658,16.8994697471,-9.29255467506,-8.52505519033,21.1373212206
1.352,-1.97834413902,1,-12.6561496492,-21.0977840385,20.4983845467,-10.9644611082,-17.7158841148,20.0144483501,-10.8862898779,-10.0196410372,20.7902944815
1.3525,-2.21159335917,1,-14.2936763927,-22.0662170924,25.1332409866,-11.8319627689,-17.3397419627,23.8385888488,-12.5611682658,-11.5903219942,20.4255992772
1.353,-2.4382343512,1,-15.6922878826,-21.7093759293,30.2704143381,-12.6737838734,-15.8432932869,27.6334264198,-14.1885953548,-13.1165036897,20.0712363223
1.3535,-2.63180840842,1,-16.6222600695,-19.7230918514,35.276868427,-13.4652905134,-13.6153779166,32.0582114324,-15.5785807305,-14.420015381,19.7685749445
1.354,-2.76052069958,1,-16.873882864,-16.1908534896,39.3547989975,-14.063241253,-10.9909583221,36.885473846,-16.5028171957,-15.2867533043,19.5673277322
1.3545,-2.79534641464,1,-16.335017791,-11.6623903949,41.8457741039,-14.2263702782,-8.15618115077,40.8898774705,-16.7528880746,-15.5212667891,19.5128762264
1.355,-2.72076508935,1,-15.0441978691,-6.964447895,42.5247170688,-13.7676915247,-5.26031358786,42.7456963171,-16.2173465204,-15.0190423131,19.6294873415
1.3555,-2.54210986508,1,-13.1809606435,-2.84685361823,41.6550115427,-12.7034458791,-2.64541138155,42.3158257019,-14.9344878946,-13.8159928089,19.9088224813
1.356,-2.28422953739,1,-10.9988643309,0.277393825369,39.7809523523,-11.2351472844,-0.881122248951,40.9813964265,-13.0827424216,-12.0794480108,20.3120294833
1.3565,-1.98221769242,1,-8.74521056214,2.35736498392,37.4520420191,-9.65280544604,-0.0356119104092,39.2903241248,-10.9141044655,-10.0457252254,20.7842380139
1.357,-1.67030197691,1,-6.60791180676,3.5694450098,35.0594642929,-8.22056868439,0.324942946415,36.5695688956,-8.67435039293,-7.94531059482,21.2719316727
1.3575,-1.3744903133,1,-4.69986970145,4.16514109251,32.8121155477,-7.06676254744,-0.0436402215342,34.0893381962,-6.55023369943,-5.95333931788,21.7344459526
1.358,-1.11040879078,1,-3.06882458251,4.37660984671,30.7861633853,-5.41405041393,0.0153007942557,31.6389670161,-4.65395968646,-4.17503618669,22.1473487899
1.3585,-0.884664884446,1,-1.71669405283,4.3814025218,28.9850955122,-3.55996835085,1.10321915646,29.5804495153,-3.03297424572,-2.65489539208,22.5003091127
1.359,-0.697523999069,1,-0.618208704257,4.30131599174,27.3828777001,-1.95562068127,2.24750005077,27.7133812565,-1.68918315303,-1.39470414787,22.7929119492
1.3595,-0.545488736058,1,0.265056748969,4.21398632094,25.9476237631,-0.592859979381,3.2323089509,25.5316462412,-0.597472852549,-0.370911261177,23.0306256327
1.36,-0.423240864783,1,0.975552590103,4.16612847793,24.6517993979,0.562341548186,4.10719458657,23.4113094795,0.280344948665,0.4522957932,23.221765446
1.3605,-0.324905077041,1,1.55448678385,4.18444927011,23.4751823551,1.45648755086,4.68267197293,21.7215313161,0.986458716342,1.11448085477,23.3755176866
1.361,-0.244778007047,1,2.03920859891,4.28357405207,22.4046940972,2.23454778612,5.17542432521,20.4573968567,1.56182225982,1.65404991702,23.5007998124
1.3615,-0.177690349723,1,2.46225621315,4.47143629186,21.4332961207,2.82485439416,5.62046936353,19.3468758622,2.04355449145,2.1058126528,23.6056942549
1.362,-0.119138676385,1,2.85136648049,4.75276240124,20.5589307835,3.24611501481,6.01605857127,18.333124803,2.46399290572,2.50009477841,23.6972423186
1.3625,-0.0652840829557,1,3.22997867018,5.13117649688,19.7838510413,3.70815764549,6.49104191476,17.4998812788,2.850703286,2.8627471564,23.7814462955
1.363,-0.0128824702135,1,3.61792895912,5.61028919082,19.1143973726,4.21819045489,7.01758351857,16.9273190218,3.22698033687,3.21561528261,23.8633784745
1.3635,0.0408115770398,1,4.03213926536,6.19398681169,18.5611698822,4.83553269388,7.81896595016,16.3046947599,3.61253789306,3.57718655592,23.9473314306
1.364,0.0981401276061,1,4.48716666798,6.88601051648,18.1395018298,5.57786000478,8.91697495781,15.9145617803,4.02419350456,3.96323227395,24.0369670892
1.3645,0.16111794604,1,4.99550958654,7.68880487796,17.8701046923,6.32053491008,10.0098499779,15.8811756086,4.47641446781,4.38731969456,24.1354356215
1.365,0.231474869255,1,5.56757315807,8.60152494565,17.7796842998,6.8505442927,10.666555416,16.3904784611,4.98162211677,4.86109739646,24.2454417019
1.3655,0.310651014545,1,6.21118803503,9.61703789975,17.9011928516,7.27344794894,11.1924282609,17.237516457,5.55015741347,5.3942630104,24.3692370161
1.366,0.399730179072,1,6.93056742257,10.7177867744,18.2731628641,7.69528188092,11.8623649682,17.612879783,6.18980271382,5.99411473683,24.5085161274
1.3665,0.499295489188,1,7.72459958605,11.8705871079,18.9372746142,8.20324383746,12.5519204371,18.5635664766,6.9047452375,6.66457930037,24.6641907792
1.367,0.609193075871,1,8.58444622633,13.0209330902,19.933021408,8.99969437113,13.6545797531,20.037770556,7.69388010664,7.40462055977,24.8360203904
1.3675,0.728199679166,1,9.49060750736,14.0883241224,21.2882918247,9.86113498112,14.7705681879,21.3254944111,8.54842353341,8.20600118365,25.0220923416
1.368,0.853616434949,1,10.4099797464,14.9654515479,23.0053398681,10.5386450169,15.2864717796,22.6668911049,9.4489959495,9.0505472442,25.2181868423
1.3685,0.980861646143,1,11.2939744875,15.5253052551,25.0435559118,11.0956534559,15.2156092113,24.5132296365,10.3626978434,9.90740597228,25.4171402119
1.369,1.10321045411,1,12.0793277024,15.640077282,27.303925109,11.5291656473,14.6214629135,26.6991151656,11.2412404345,10.731292726,25.608437844
1.3695,1.21190683566,1,12.6933754413,15.2123060239,29.6239339962,11.8330826218,13.58893943,29.0368757573,12.0217498836,11.4632451694,25.7783893193
1.37,1.29689377664,1,13.064684523,14.2112578332,31.7926252253,11.9937800578,12.2168598658,31.3424506031,12.6320104049,12.0355402009,25.9112700628
1.3705,1.34828460671,1,13.1376785713,12.6991874939,33.5893476162,11.9882820034,10.6096105887,33.4600923198,13.0010293906,12.3816018002,25.9916218396
1.371,1.358387308,1,12.8870372567,10.8304043821,34.8364082782,11.7890186523,8.87394130619,35.2687573824,13.0735732389,12.4496325551,26.0074178483
1.3715,1.32369743413,1,12.3261493776,8.81703194684,35.4435836875,11.3761465791,7.12342338651,36.6639312195,12.8244777864,12.2160338136,25.9531787361
1.372,1.24606805443,1,11.505583258,6.87430050599,35.4232146149,10.7523388925,5.48506371782,37.531276117,12.2670492547,11.6932839912,25.8318018566
1.3725,1.13249805009,1,10.5019493915,5.17031249585,34.8707420558,9.95140060549,4.09819261727,37.7397968131,11.451544081,10.928512975,25.6542302621
1.373,0.993590654492,1,9.40177283219,3.80020243297,33.924494472,9.03551633046,3.10102988358,37.1663186939,10.4541002539,9.99312206172,25.4370425648
1.3735,0.841321320388,1,8.2862932455,2.78818905772,32.7255864325,8.08332520943,2.61029401013,35.7356311737,9.36070917349,8.96775295965,25.198962901
1.374,0.686933979158,1,7.22126127898,2.1073718086,31.3919223988,7.21089493616,2.53711295003,34.2864109209,8.25210944901,7.92812137276,24.9575716419
1.3745,0.539528813167,1,6.25276311829,1.70390762041,30.0087851843,6.07002070694,1.90599605363,32.8720902666,7.19364620258,6.93550717646,24.7270973145
1.375,0.405484355698,1,5.40784880269,1.51669137325,28.6310375106,4.91748690671,1.3262014075,30.8126198387,6.23112137747,6.03286288632,24.5175130305
1.3755,0.288544452622,1,4.6979272317,1.48962435175,27.2904674089,3.97508542422,0.804711956277,29.5020143909,5.39141817836,5.24539925078,24.3346724541
1.376,0.190288146424,1,4.12312949624,1.57735596737,26.0036943313,3.42508117461,0.854570077961,27.9274596263,4.68587513894,4.58374941135,24.1810444864
1.3765,0.110733580674,1,3.67648096096,1.74667969037,24.7785039247,3.13821968529,1.30793937341,26.2168080519,4.11462254162,4.04803554534,24.0566574956
1.377,0.0489154347847,1,3.34732638532,1.97560475087,23.6181673584,2.72325565309,1.39824469052,24.5959304705,3.67072876798,3.63175726373,23.9600021613
1.3775,0.00335897602689,1,3.12386241984,2.2514937343,22.5240892406,2.32742008094,1.369511359,23.3240878146,3.34360429505,3.3249838383,23.8887726754
1.378,-0.0275694317207,1,2.99485185545,2.56905778359,21.4973296645,2.02703445062,1.38820951478,22.3064929761,3.12151857199,3.11671449854,23.8404147775
1.3785,-0.0454250682234,1,2.95068207267,2.92858360487,20.5394800925,1.81571863599,1.51347797266,21.4085545771,2.99330369667,2.99647611912,23.8124967206
1.379,-0.0515383628171,1,2.98394301731,3.33451706422,19.6532350201,1.73302588999,1.79819240837,20.5824116624,2.94940633664,2.95530969894,23.8029383211
1.3795,-0.046934899992,1,3.08967687341,3.79439269008,18.8428781246,1.77334344112,2.20533785562,19.8909638067,2.98246214017,2.98630903686,23.8101360336
1.38,-0.0323008635496,1,3.26541478802,4.3180277298,18.1148164043,1.96079693085,2.76223654477,19.3080265973,3.08754386927,3.08485342792,23.83301698
1.3805,-0.00797795373244,1,3.51107630844,4.91685908538,17.4782442331,2.27400205205,3.47463804479,18.7588806332,3.26219789794,3.24864189095,23.8710468974
1.381,0.0260226944481,1,3.82876839596,5.60326906551,16.945987385,2.76748950673,4.46388053179,18.1635262922,3.50634426969,3.4775994437,23.9242083756
1.3815,0.0699926938162,1,4.22248281065,6.38970706013,16.5355479989,3.35639451973,5.62175455607,17.5966499863,3.82207695086,3.7736897828,23.9929573638
1.382,0.124484521737,1,4.69765116248,7.28736085675,16.2703251753,4.28065510255,7.29651093271,17.2865325292,4.21336308182,4.14063324515,24.0781576844
1.3825,0.190249937215,1,5.26047347596,8.30406369032,16.1808961031,5.08923911583,8.63459720535,17.4242857814,4.68560077241,4.5834921137,24.1809847447
1.383,0.268147051246,1,5.91688808895,9.44105822537,16.3060735297,5.72466469619,9.59840756484,18.0483955039,5.24495180771,5.10804483693,24.3027802384
1.3835,0.358997756228,1,6.67100350055,10.6882274513,16.6931640212,6.42735746081,10.7279537228,18.557599864,5.89731790009,5.71982597026,24.4448292295
1.384,0.463370686729,1,7.52278534781,12.0175575079,17.3964072135,7.1134754547,11.8375061655,18.9998320503,6.64678220898,6.42266465185,24.6080208028
1.3845,0.581261086764,1,8.46482805941,13.3751210399,18.4720200821,8.0837341213,13.1913322554,20.379529666,7.49331058338,7.2165288553,24.7923475221
1.385,0.711643992291,1,9.47822158699,14.6730387263,19.9678403869,9.25787479974,14.8490077306,21.5405942008,8.42954312675,8.0945165575,24.9962068119
1.3855,0.851902168423,1,10.5279610687,15.7848766379,21.9058771984,10.2515429293,15.8717873699,22.7502244502,9.43668642087,9.03900351521,25.2155065128
1.386,0.997190786429,1,11.5591238127,16.5503877655,24.2582031069,11.1090128816,16.2021399787,24.5588448712,10.4799515008,10.0173650524,25.4426715262
1.3865,1.13990830124,1,12.496039084,16.7966937681,26.9215739677,11.8246898885,15.9017190087,26.7765462714,11.5047544175,10.9784129934,25.665816509
1.387,1.26958154619,1,13.2473378283,16.3795869517,29.7031954914,12.3894000492,15.0596448372,29.1780268602,12.4358911447,11.8516219,25.8685662139
1.3875,1.3735646374,1,13.7190070601,15.237723066,32.3343251353,12.7829220888,13.7822343705,31.5415572425,13.1825561584,12.551835436,26.0311482567
1.388,1.43884575908,1,13.8344355808,13.4371362778,34.5215825878,12.9701370193,12.181686736,33.6911086753,13.6513163103,12.9914331102,26.1332181028
1.3885,1.45482158026,1,13.5556280144,11.1766163948,36.0244713974,12.9078933075,10.3735191569,35.5102181829,13.7660329109,13.0990129687,26.1581969875
1.389,1.41623337175,1,12.8965533812,8.73998257178,36.7242270162,12.5644593044,8.48667047768,36.9100220313,13.4889449256,12.8391631641,26.0978626611
1.3895,1.32501450812,1,11.9216905631,6.41417187617,36.6472446226,11.9422513876,6.67603524482,37.7766348079,12.833935219,12.2249028809,25.955238038
1.39,1.19008915374,1,10.7300269564,4.41467794181,35.933652822,11.0889190937,5.12050033161,37.9503807238,11.8650849913,11.3163267038,25.7442764337
1.3905,1.02515760494,1,9.43190246755,2.85100583251,34.7750175315,10.0898806488,4.00058207138,37.2622560472,10.6807711214,10.2056912952,25.4863988518
1.391,0.845491396067,1,8.12801591176,1.7354274394,33.3560630448,9.04860446505,3.46688239455,35.5998983036,9.39065298049,8.99583390437,25.205482994
1.3915,0.665027691472,1,6.89645407672,1.01598244371,31.8211917327,8.08416838174,3.37051873842,33.9373189997,8.09480831085,7.7806062433,24.9233202173
1.392,0.494574050241,1,5.78856327028,0.612035794355,30.2665166639,6.75450152463,2.57461276252,32.0103999429,6.87084229005,6.632785521,24.656808606
1.3925,0.341237029985,1,4.83121355851,0.440240764076,28.7473521969,5.58439523584,1.90156041562,30.2562222217,5.76978454105,5.60022670868,24.4170595689
1.393,0.208735567483,1,4.03223060303,0.428657884546,27.2907682599,4.76796063571,1.63906187471,28.4735343393,4.81833940538,4.70797281903,24.209887824
1.3935,0.098152769146,1,3.38649989322,0.521859910943,25.9070247515,4.1753166439,1.73320720447,26.4205519149,4.02428427889,3.96331740103,24.0369868548
1.394,0.0087807639318,1,2.88134751169,0.680808735402,24.5977180198,3.47277288658,1.4414660094,24.6947377149,3.38253619535,3.36149370963,23.8972498744
1.3945,-0.0611345747541,1,2.50067068463,0.880402625435,23.3607331392,2.79976381625,1.1532548152,23.1873217438,2.88049940538,2.89068960143,23.7879342304
1.395,-0.1138219425,-1,2.2277997234,1.10641429531,22.1928885671,2.20854585026,0.960063427845,21.8431558404,2.50217045106,2.53589722466,23.7055552611
1.3955,-0.151588498434,-1,2.04729992861,1.3526598333,21.0911820334,1.84597191031,0.967607157183,20.7333769617,2.23098245619,2.28158036057,23.6465056238
1.396,-0.176570473668,-1,1.9459828857,1.61871710879,20.0533068492,1.67308700288,1.14817302636,19.8004048374,2.05159591684,2.11335380553,23.6074452293
1.3965,-0.1905932035,-1,1.91337768656,1.90824697118,19.07785479,1.65957460835,1.48898844537,19.0250211884,1.95090375967,2.01892590263,23.5855200871
1.397,-0.195105908229,-1,1.94186432592,2.22785363889,18.1644371228,1.7628771087,1.95602678059,18.3614132947,1.91849965724,1.98853772222,23.5784642789
1.3975,-0.191163230509,-1,2.02661871349,2.58637946,17.3138446961,1.94671861093,2.51985416202,17.772228413,1.94681060164,2.01508738789,23.5846288253
1.398,-0.17943284592,-1,2.16547166554,2.99452187911,16.5283126105,2.17976958102,3.15492258148,17.226536957,2.03104225574,2.09407882753,23.602969787
1.3985,-0.160214979144,-1,2.3587456409,3.46466402595,15.8119345134,2.44476536793,3.85268174513,16.717276036,2.16903881455,2.22349035294,23.6330177496
1.399,-0.133465000443,-1,2.60910196838,4.01081153269,15.1712706718,2.7324326609,4.61436463211,16.2503797865,2.36112074809,2.4036224971,23.6748424937
1.3995,-0.0988145700617,-1,2.92140516569,4.64851767403,14.6162020742,3.06440054917,5.44641633072,15.7709318499,2.60993297108,2.63695562944,23.7290199344
1.4,-0.0555904170925,2,3.30258587533,5.39464819071,14.1610911294,3.53819241425,6.39147472888,15.4698112702,2.9203099987,2.92802350058,23.7966027597
1.4005,-0.00283330975273,2,3.76145522598,6.26677690008,13.8263068331,4.14873536767,7.46687448872,15.2526008899,3.29913972784,3.28328549801,23.8790907699
1.401,0.060676251393,2,4.30838545754,7.28190373712,13.6401390392,4.92810870797,8.85901076794,14.9310880939,3.75517894341,3.71095363006,23.9783907048
1.4015,0.13637383053,2,4.95471835164,8.45404275036,13.6410265561,6.00643283484,10.7179136659,14.8758202811,4.29873591322,4.22069486723,24.0967471309
1.402,0.225829180732,2,5.71168981199,9.79005162853,13.8797943444,6.8559107421,12.0181273102,15.4664063324,4.941082467,4.82307979688,24.2366144247
1.4025,0.330597401095,2,6.58856852873,11.2829307391,14.4211403411,7.60745680021,13.1696544655,16.3624203026,5.6933852096,5.52858032771,24.4004240508
1.403,0.451961319606,2,7.58962244144,12.9018880578,15.3428222747,8.33190910527,14.3656351433,16.8421084979,6.56485566534,6.34583491728,24.5901817658
1.4035,0.5905116381,2,8.70951850601,14.5791352786,16.7298404406,9.38553193097,15.8717016906,18.3949881727,7.55973545073,7.2788213029,24.8068111577
1.404,0.745510239532,2,9.92698155573,16.1953004208,18.659710816,10.6041689222,17.5620841613,19.7050852279,8.6727244139,8.32256906543,25.0491581485
1.4045,0.914012546104,2,11.1972398542,17.5691883495,21.174833336,11.6049249725,18.3863389887,21.4231165805,9.88267860543,9.45724966152,25.312618764
1.405,1.08982195017,2,12.4452275217,18.463056373,24.2414348645,12.4570503914,18.4123016694,23.7946869908,11.1451024243,10.6411356478,25.5875043413
1.4055,1.26254899974,2,13.5635910536,18.6181106597,27.7045190515,13.1602156759,17.7244272706,26.5475714496,12.3853929692,11.8042653138,25.8575705246
1.406,1.41733549182,2,14.4210990327,17.8284355724,31.2637950464,13.7050847076,16.4407096067,29.3691975469,13.4968588517,12.8465847495,26.0995858733
1.4065,1.536018414,2,14.8855286455,16.0372585601,34.504963773,14.0586249727,14.6922230281,31.987155635,14.3490780413,13.6457857315,26.2851517351
1.407,1.60029754019,2,14.8582250516,13.405690422,37.002752125,14.158613743,12.6059665186,34.2445572461,14.8106432254,14.0786360509,26.3856549181
1.4075,1.59651860122,2,14.3074947156,10.2955910263,38.4609822952,13.9324348115,10.3114952358,36.0958657411,14.7835080299,14.0531889885,26.3797463842
1.408,1.52029507071,2,13.2833332787,7.15539203624,38.8103543366,13.3381199733,7.97055061209,37.5021244083,14.2361743933,13.5399060383,26.2605676105
1.4085,1.37854656799,2,11.9041560425,4.37080695262,38.2031281174,12.4001039383,5.79772773011,38.3171117122,13.2183296023,12.5853833445,26.0389377198
1.409,1.18766229801,2,10.3225500155,2.16630526339,36.918771839,11.2123997207,4.04226027142,38.2834172259,11.8476586171,11.2999844581,25.7404819402
1.4095,0.96876098212,2,8.68759306897,0.594460944729,35.2500771732,9.91079110455,2.93769699568,37.1447594515,10.2758073464,9.82592110156,25.3982203024
1.41,0.742475661427,2,7.11855805329,-0.412933284369,33.4286486223,8.70357858677,2.66759166392,35.2067875082,8.65093420478,8.30213446746,25.0444134549
1.4105,0.525314229468,2,5.69462911793,-0.979565392388,31.6030223182,7.17648100879,1.78878913161,33.325881475,7.09157641211,6.83978734548,24.7048722005
1.411,0.328236125079,2,4.45704132414,-1.23575022268,29.8510072673,5.72288635151,0.921917176257,31.4598462517,5.67642973954,5.51267969031,24.396732094
1.4115,0.156948464325,2,3.41747439862,-1.2928956156,28.2033407643,4.79113140766,0.820249686158,29.1812754017,4.44647492585,4.35924274953,24.1289164572
1.412,0.0130677733864,2,2.56779278361,-1.23542615243,26.6648988344,3.72056654478,0.292752366569,27.0513664965,3.41331966155,3.39036207673,23.9039527984
1.4125,-0.104531945154,2,1.88849413903,-1.12211258522,25.229024537,2.59227018382,-0.348436143387,25.1678965289,2.56887856596,2.59845529843,23.7200805721
1.413,-0.198549901995,2,1.35498043232,-0.991033087061,23.8855273479,1.84990755561,-0.704757068259,23.7396563161,1.89376958216,1.96534615304,23.5730794462
1.4135,-0.272390574357,2,0.941711189673,-0.865087337541,22.6243981607,1.29139220969,-0.921467841133,22.4031349118,1.36354638909,1.46810917251,23.4576263739
1.414,-0.329588877532,2,0.624661980305,-0.756785784498,21.4371192345,0.854944935409,-1.01347766423,21.0823618275,0.952826037053,1.08294052965,23.3681943627
1.4145,-0.373469899702,2,0.382568187296,-0.67196854953,20.3168339477,0.552492342227,-0.963483782437,19.8148795292,0.637732269004,0.787449355637,23.2995844941
1.415,-0.406976758524,2,0.197366806154,-0.612506241797,19.2580872653,0.353762225099,-0.81684017364,18.6056844891,0.397131620251,0.561816939586,23.2471950768
1.4155,-0.432609454243,2,0.0541497387621,-0.578167501598,18.2564788324,0.234205422867,-0.608598449459,17.4571010231,0.213072492181,0.389208486624,23.2071172528
1.416,-0.452431334014,2,-0.0591510500344,-0.567856898864,17.308363608,0.173910712565,-0.365735630824,16.3695774335,0.0707387342655,0.255729587666,23.1761248898
1.4165,-0.46811266763,2,-0.152201150206,-0.580403501772,16.4106347179,0.156721342149,-0.108919760842,15.3422171182,-0.0418632575072,0.150132784052,23.1516064492
1.417,-0.480991215779,2,-0.232734553401,-0.615045516263,15.5605828191,0.169509204065,0.146078608998,14.3731147179,-0.134339459352,0.0634097059647,23.1314702843
1.4175,-0.492137397339,2,-0.307007495476,-0.671721986271,14.7558152326,0.200712384851,0.385253769884,13.4621073371,-0.214376162541,-0.0116477587886,23.1140427492
1.418,-0.502417103207,2,-0.38021143463,-0.751253044566,13.9942193688,0.216805705071,0.542103878915,12.678745344,-0.288191016801,-0.0808704478933,23.0979699863
1.4185,-0.51254885431,2,-0.456838117415,-0.85546680447,13.2739603124,0.212828571017,0.614884696927,12.0123213355,-0.36094346135,-0.149096821855,23.0821285569
1.419,-0.523154328371,2,-0.540999768502,-0.987313466827,12.5935084776,0.183272968467,0.599385672349,11.4566343384,-0.437097539324,-0.220513207033,23.0655464413
1.4195,-0.534802675593,2,-0.636713007792,-1.15099473475,11.9516991435,0.122051042932,0.489045787695,11.009226173,-0.520740112724,-0.298952213823,23.0473337486
1.42,-0.548049814054,2,-0.748157778185,-1.35212804981,11.3478316969,0.0223835764591,0.274873604362,10.6709466252,-0.615863028439,-0.38815734858,23.026621277
1.4205,-0.56347426646,2,-0.879923472563,-1.59795921203,10.7818233457,-0.123383870901,-0.0548109907764,10.4458041447,-0.726620449038,-0.492024335369,23.0025044811
1.421,-0.58171122522,2,-1.03725424516,-1.89763217327,10.2544410145,-0.324034490188,-0.51480548922,10.3410792408,-0.857573461739,-0.614830507331,22.9739902104
1.4215,-0.603486504628,2,-1.22630443258,-2.26251937726,9.76764746895,-0.589400335775,-1.11830105851,10.377677367,-1.01393387678,-0.76146343789,22.939943623
1.422,-0.629651892272,2,-1.45441290253,-2.70660732865,9.32511510459,-0.835079991222,-1.62775288321,10.5117050409,-1.20181807313,-0.937658994217,22.8990329122
1.4225,-0.661223120117,2,-1.73040122735,-3.24691589515,8.93298518738,-1.11873756616,-2.16842807096,10.6309164203,-1.42851965508,-1.15025703135,22.8496699373
1.423,-0.699421133051,2,-2.06489320723,-3.90389906036,8.60098334358,-1.43927104642,-2.80835452992,10.7459804445,-1.70280578681,-1.4074792912,22.7899456985
1.4235,-0.745716312319,2,-2.47063938121,-4.70171731048,8.34404389488,-1.7926956447,-3.54342725563,10.8777870755,-2.03523474487,-1.71922719944,22.7175611913
1.424,-0.801873389295,2,-2.96280434818,-5.66816729033,8.18464125839,-2.17587034691,-4.37289813584,11.0521951288,-2.43847842772,-2.0973843112,22.6297571821
1.4245,-0.869991211982,2,-3.55912781722,-6.83387077135,8.15605784635,-2.60141911821,-5.33359150916,11.2858040455,-2.92760790466,-2.55608409533,22.5232520318
1.425,-0.952525035099,2,-4.27978774832,-8.23001705599,8.30678573156,-3.17283238295,-6.67057220756,11.5002504048,-3.52025347287,-3.11186003405,22.3942068437
1.4255,-1.05226757815,2,-5.14665496465,-9.88347219704,8.70605028583,-3.900910043,-8.42225073826,11.7591622133,-4.2364686422,-3.78351806949,22.2382550806
1.426,-1.17224586042,2,-6.18141032448,-11.8074102945,9.44982443931,-5.02470051742,-10.6681634864,12.2649089121,-5.09798934473,-4.59144189928,22.0506638675
1.4265,-1.31546060925,2,-7.40169251197,-13.9849684022,10.6652574242,-6.53441947186,-13.1053363551,13.1991566662,-6.12636271929,-5.55583817297,21.8267414379
1.427,-1.48435309704,2,-8.81412700525,-16.3434794748,12.5086127541,-7.95566909069,-15.0344668044,14.314627518,-7.33911866119,-6.69314621712,21.5626707572
1.4275,-1.67984031947,2,-10.4030322815,-18.7193922011,15.1473630537,-9.18253654687,-16.3117929894,15.8850124524,-8.74284178511,-8.00954100474,21.2570180632
1.428,-1.89975188396,2,-12.1144995835,-20.8222991189,18.7127192652,-10.2291838975,-16.9973630486,18.500110391,-10.321947286,-9.49040729174,20.9131768581
1.4285,-2.13662657849,2,-13.8385819514,-22.2234461213,23.2114029016,-11.1395904734,-17.0884583275,22.5571650105,-12.0228588958,-11.0855018935,20.5428130684
1.429,-2.37524725432,2,-15.3983914881,-22.4140867663,28.4086102003,-12.0211955764,-15.912538219,26.3061376135,-13.7363077664,-12.6923537888,20.1697193618
1.4295,-2.59113183892,2,-16.5617977632,-20.9742495604,33.7465624076,-12.8806412122,-13.8611360107,30.647320317,-15.2864969794,-14.1461027262,19.8321745133
1.43,-2.7521524472,2,-17.0903440585,-17.8196255942,38.4110875527,-13.615845397,-11.3228158448,35.7288630254,-16.4427277984,-15.2304021849,19.5804118553
1.4305,-2.82530560771,2,-16.8196999077,-13.368100736,41.6076116436,-13.9915489257,-8.53486143449,40.5254339539,-16.9680142172,-15.7230095174,19.4660337373
1.431,-2.78784725225,2,-15.7325708549,-8.43887553089,42.9177917025,-13.7618008791,-5.61453191396,43.4221306664,-16.6990392986,-15.4707680499,19.5246014898
1.4315,-2.63738375114,2,-13.9739174545,-3.89874102306,42.4670241763,-12.8629545638,-2.80972994096,43.6712198154,-15.6186152525,-14.4575592778,19.7598576559
1.432,-2.3939782905,2,-11.7953189162,-0.315803214944,40.7763222158,-11.4606976879,-0.648687429666,42.2485867561,-13.8708085706,-12.8184870373,20.1404325798
1.4325,-2.09245055306,2,-9.46711857656,2.14987765628,38.4571425908,-9.82663309147,0.262968744469,41.1505302568,-11.7056468158,-10.7880241919,20.6118841873
1.433,-1.77021726024,2,-7.20927580728,3.6349557135,35.9841822468,-8.29432030588,0.798855787033,38.4275790857,-9.39180594786,-8.61813184908,21.1157098228
1.4335,-1.45772176842,2,-5.16319212916,4.39893673891,33.6300022821,-7.02005434699,0.642306763031,35.6393766938,-7.147888711,-6.51381305278,21.6043099868
1.434,-1.17453467762,2,-3.39637514153,4.70059058087,31.5053662076,-5.48576749556,0.544041072785,33.0433929916,-5.11442451417,-4.60685460498,22.0470852032
1.4345,-0.929999340162,2,-1.92187483448,4.74466106953,29.6266612276,-3.61069371203,1.43683439274,30.761911521,-3.35850459501,-2.96017386739,22.4294267382
1.435,-0.725921932773,2,-0.719142091182,4.67398612472,27.9690311901,-1.90972432037,2.60104884426,28.7587031589,-1.89309845612,-1.58593348472,22.7485105564
1.4355,-0.559458366192,2,0.249547236838,4.58044297627,26.4971102963,-0.479077355852,3.58468301985,26.5389229059,-0.697783719974,-0.464981595113,23.0087835142
1.436,-0.425387450315,2,1.02812196563,4.51961813361,25.178975349,0.759291275986,4.51756312584,24.3068173419,0.264931093422,0.437840863768,23.2184091671
1.4365,-0.317629241415,2,1.66023715209,4.52336392749,23.9906547716,1.72061989542,5.13336241999,22.5391242786,1.03870386356,1.16347573011,23.386893769
1.437,-0.230141685252,2,2.18593338681,4.60900745623,22.9163685229,2.54005664476,5.64111082545,21.2170914049,1.66692039922,1.75260969745,23.5236843321
1.4375,-0.157382985817,2,2.64028429048,4.78561045805,21.9473512736,3.14878967318,6.11449415227,20.0019497127,2.18937433556,2.24256076177,23.6374456932
1.438,-0.0944987978513,2,3.05320482484,5.05800359564,21.0805714907,3.64442433386,6.57863287054,18.8741777587,2.64092297224,2.66601768256,23.7357678302
1.4385,-0.0373487574558,2,3.44986738237,5.42921602388,20.3178291154,4.18469178851,7.05713688194,18.1453004854,3.0512967667,3.05086132786,23.8251243804
1.439,0.0175511065606,2,3.85136809877,5.90173494825,19.6653290813,4.79391834225,7.73614770528,17.4206969485,3.44551285746,3.42055247152,23.9109626829
1.4395,0.0731205933056,2,4.27541304875,6.47785972838,19.1336719774,5.41044734434,8.55330299459,16.7609346552,3.84453726713,3.79475279926,23.9978479694
1.44,0.131810302351,2,4.73687021896,7.15927598824,18.7381418761,6.25610964353,9.80887007577,16.4130751104,4.26596686595,4.18996444591,24.0896118579
1.4405,0.195678029246,2,5.24807301058,7.94586405171,18.4991270456,6.8888763345,10.6421252735,16.5749801406,4.72457794038,4.6200444365,24.1894718004
1.441,0.266430771627,2,5.81877625519,8.83367578353,18.4424366192,7.30568976915,11.1037893233,17.2105589406,5.23262782377,5.09648755192,24.3000967612
1.4415,0.345418641613,2,6.45566795512,9.81198474119,18.5991478768,7.73212003223,11.6672543267,17.8454307196,5.79981118354,5.62838533553,24.4235976988
1.442,0.433567288507,2,7.16134469978,10.8593830913,19.0044250654,8.0874085444,12.2574831499,17.993715202,6.43277477292,6.22197103319,24.5614219058
1.4425,0.531236091841,2,7.93269016865,11.9391444584,19.6945185892,8.66448708927,12.9727637675,19.1738322871,7.13409916651,6.87966467692,24.7141312874
1.443,0.63799373898,2,8.75869097073,12.9945955455,20.7009884125,9.52050549989,14.1922350918,20.5573595119,7.9006872641,7.59856184312,24.881051468
1.4435,0.752315927579,2,9.6179282984,13.9461010757,22.0413383075,10.3362008105,15.194341228,21.7638766443,8.72159360119,8.36839800587,25.0597991349
1.444,0.871238199296,2,10.4763308611,14.6923301001,23.7060933693,10.9502775686,15.5468687294,23.1363371546,9.57553147337,9.16921074787,25.24573923
1.4445,0.990044935828,2,11.2862294928,15.1191598717,25.6443015831,11.4429871942,15.351691845,24.953081753,10.4286397291,9.9692454855,25.4314986809
1.445,1.10213851235,2,11.9881283447,15.1187264772,27.7524014897,11.8111430682,14.6736736659,27.0567922615,11.2335432079,10.7240743588,25.6067618169
1.4455,1.1992844385,2,12.5165110122,14.6174642805,29.8740174595,12.0481507188,13.5959545456,29.2744342562,11.9311130094,11.3782469909,25.7586536576
1.446,1.27241495221,2,12.8099801438,13.6056039662,31.8176478779,12.1408847954,12.2134791008,31.4391109843,12.4562368097,11.8707018217,25.8729963663
1.4465,1.31303238663,2,12.8240214925,12.1548763916,33.3927499767,12.0694757474,10.6266971444,33.4081485005,12.7478959331,12.1442162658,25.9365034748
1.447,1.3149757718,2,12.5425283349,10.4120036295,34.4538142652,11.8127614235,8.93976686725,35.0651801735,12.76185068,12.1573028608,25.9395420413
1.4475,1.2760158655,2,11.9835216274,8.56602761912,34.9340648504,11.3591610584,7.26400704291,36.3048551267,12.4820936672,11.894950074,25.8786265493
1.448,1.19864684832,2,11.196362088,6.80210241957,34.8535422756,10.7181735885,5.72143743311,37.0152989854,11.9265347046,11.3739535113,25.7576567579
1.4485,1.08970046342,2,10.2514033045,5.26174048168,34.3000239512,9.92591123958,4.4412441388,37.0782153142,11.1442300719,10.6403175661,25.5873143916
1.449,0.958913960545,2,9.22613669276,4.02382534916,33.3950625758,9.04146282703,3.54698175673,36.391941737,10.2050994418,9.7596120727,25.3828240599
1.4495,0.817012496709,2,8.19255305847,3.10775242172,32.2614205662,8.17237172997,3.20703116195,34.9318178153,9.18615629228,8.80405935151,25.160955008
1.45,0.673959919915,2,7.20880596685,2.49020584473,31.0022092421,7.34445595812,3.13773379164,33.5834552118,8.1589474165,7.84075513087,24.9372861413
1.4505,0.537804942514,2,6.31586637034,2.12514016978,29.6932670177,6.25288221398,2.50533400238,32.2457155495,7.18126771018,6.92389877406,24.7244019685
1.451,0.414218126736,2,5.53813016778,1.9601108528,28.3848097575,5.1360125734,1.92037312571,30.2173641046,6.29383543218,6.09167537814,24.5311686578
1.4515,0.3065759736,2,4.88632472832,1.94664883478,27.1073050558,4.24057795231,1.41566303799,29.0229425336,5.52089601657,5.36682202171,24.362865514
1.452,0.216363198755,2,4.36124843102,2.04530859345,25.8779462742,3.66952893645,1.32791840028,27.6709563387,4.87311067004,4.75933665716,24.2218139541
1.4525,0.14369030142,2,3.95737964948,2.22707633885,24.705975923,3.4352914235,1.80039122895,26.0777322106,4.35127284758,4.26996337708,24.1081867483
1.453,0.0877930639173,2,3.66587614598,2.47275547764,23.5964352193,3.14150293516,2.07797588727,24.5283920899,3.94989497812,3.89355600284,24.0207890094
1.4535,0.0474476811766,2,3.47682408917,2.77147875445,22.5525669851,2.89553182053,2.29767049606,23.137790103,3.66018935955,3.62187353232,23.9577072653
1.454,0.0212820348003,2,3.38078418944,3.11902524031,21.5772894517,2.71601978304,2.50892097472,21.9941111347,3.47230330534,3.44567623372,23.91679615
1.4545,0.00798968508053,2,3.36976233669,3.51627523158,20.6741271459,2.61485593799,2.75866776372,21.0467722265,3.3768557439,3.35616665008,23.8960129885
1.455,0.00646421158854,2,3.43774737203,3.96791873677,19.8478850212,2.6253601777,3.12086408458,20.2277308513,3.36590186984,3.34589423775,23.893627845
1.4555,0.0158736431676,2,3.58094080658,4.48140645742,19.1052550095,2.77417844408,3.65609402149,19.4793111058,3.43346759882,3.40925657178,23.9083398967
1.456,0.0356922520466,2,3.79777119406,5.06605834406,18.4554715053,3.08322309575,4.41530738922,18.7517790134,3.57577786965,3.54271344482,23.9393271454
1.4565,0.0657025430643,2,4.08874886999,5.73219586269,17.9110808042,3.47342191173,5.29913636405,18.1001406039,3.79127092814,3.74480026247,23.9862495283
1.457,0.105975148928,2,4.45617843158,6.49012167277,17.4888456795,4.15671565333,6.62059799651,17.6719820706,4.08045396225,4.01599265952,24.0492174826
1.4575,0.156829036153,2,4.90370702293,7.34872467578,17.2107514144,4.89702096104,7.94975572236,17.5179310069,4.44561735529,4.3584385301,24.1287297261
1.458,0.218768985721,2,5.43564562405,8.31343956726,17.1049901501,5.52264679922,8.94733226611,17.8290279693,4.89038575715,4.77553702761,24.2255755057
1.4585,0.292391656457,2,6.05595906996,9.3832546947,17.2066475126,6.06198201884,9.76608802084,18.4977838181,5.41904355929,5.27130600321,24.3406877231
1.459,0.378245799182,2,6.7667847237,10.546486017,17.557569437,6.68952602208,10.8132574692,18.8459949229,6.03553114313,5.84944069957,24.4749243739
1.4595,0.476627234457,2,7.56632721963,11.7752118948,18.2045364067,7.31694113742,11.8018657962,19.4272741752,6.74197268925,6.51193314785,24.6287479863
1.46,0.587287475685,2,8.44602456515,13.018747984,19.1944727139,8.23608573167,13.0887546385,20.7509917656,7.53658390516,7.25711005986,24.8017700408
1.4605,0.709041504967,2,9.38705167038,14.1975212755,20.5651854998,9.33594956792,14.6354263375,21.8648792423,8.41085560543,8.07699162311,24.9921377109
1.461,0.839283846051,2,10.3565992886,15.2002520544,22.3305516977,10.2646991872,15.6047485526,22.9543816269,9.34607880632,8.95403277597,25.1957772221
1.4615,0.973473553119,2,11.3049804194,15.8890813231,24.4609122382,11.0635292181,15.9271909012,24.6027981966,10.3096466163,9.85765516491,25.4055886101
1.462,1.10473372408,2,12.165352175,16.1178402185,26.86328434,11.7250937884,15.6576729532,26.6426819642,11.2521784859,10.7415503,25.6108195422
1.4625,1.22381300567,2,12.8582536905,15.7656926831,29.3710807635,12.2394611244,14.8758612468,28.8756392709,12.1072437892,11.5434203335,25.7970051291
1.463,1.31971366042,2,13.3024721849,14.780135783,31.7557250608,12.5886709511,13.6785958922,31.1021019831,12.7958717466,12.1892074109,25.9469499342
1.4635,1.38119547783,2,13.4313415767,13.2123117098,33.7672010577,12.7442154023,12.1712875041,33.1537261,13.2373504669,12.6032208843,26.0430794045
1.464,1.39903157541,2,13.2100150374,11.2227324022,35.1950902794,12.6724253621,10.4650820185,34.9063039282,13.3654250403,12.7233276903,26.0709669114
1.4645,1.36839899697,2,12.6468376715,9.0463065863,35.9246387327,12.3490976377,8.68272113447,36.2603230196,13.1454635606,12.5170504406,26.0230715553
1.465,1.2904527421,2,11.793295623,6.92902400209,35.9599032678,11.7769914158,6.9664671367,37.1050429634,12.5857596627,11.992166807,25.9011992279
1.4655,1.17231872237,2,10.7321708761,5.06641004184,35.4043292159,10.9954416503,5.47625164826,37.3021724801,11.7374819433,11.1966620887,25.7164915987
1.466,1.02545433297,2,9.55905680145,3.57011915276,34.4138981929,10.076107921,4.37286356241,36.7098347519,10.6829018183,10.2076894373,25.4868627988
1.4665,0.863090122006,2,8.36445410195,2.46880187074,33.1488328727,9.10825696744,3.79312044255,35.2310818969,9.51702307386,9.11434226931,25.2329993602
1.467,0.697751789685,2,7.2216141432,1.73127477399,31.7420942514,8.22115587757,3.69473171475,33.6056337724,8.32978823843,8.00096761414,24.9744857547
1.4675,0.539577651146,2,6.18153600014,1.29528148713,30.288206951,7.04983507901,3.00657772415,32.0679943094,7.19399689047,6.93583604737,24.7271736748
1.468,0.395626205423,2,5.27367096848,1.09071342644,28.8462384199,5.89338462884,2.39343413775,29.9635532524,6.16033356163,5.9664789177,24.5020993878
1.4685,0.269973642969,2,4.50986653261,1.05376834686,27.4488350111,4.929634894,1.82057003563,28.5120463374,5.25806790301,5.12034495452,24.3056361932
1.469,0.164259708371,2,3.88939199881,1.13328859326,26.1116861592,4.42491543903,1.97170441738,26.7100736983,4.49897432814,4.40847606225,24.1403479022
1.4695,0.0783832703647,2,3.40368577995,1.29203779875,24.840909506,3.87053605525,1.9666142755,24.8277494981,3.88232664993,3.83019123132,24.0060763918
1.47,0.0111593671715,2,3.0401990192,1.5053784841,23.6379296164,3.34506264446,1.82476694723,23.3054617273,3.39961608594,3.37751102712,23.900968923
1.4705,-0.0391488188617,2,2.78519399572,1.75898479579,22.5023434601,2.85390620269,1.6420228173,22.0966620539,3.03837117602,3.03873986323,23.8223099069
1.471,-0.0744426494669,2,2.62560503128,2.04648545723,21.4334635594,2.48014038334,1.6723863949,20.8431632293,2.78493892845,2.80107412699,23.7671264822
1.4715,-0.0965304726805,2,2.55016254728,2.36744002783,20.4311174538,2.18888768438,1.77739333616,19.7606699392,2.62633424924,2.65233655229,23.7325912191
1.472,-0.106972048358,2,2.54998881788,2.72577221295,19.4960995454,2.00548467312,1.99766777596,18.8208097541,2.55135706635,2.58202384527,23.7162653657
1.4725,-0.10699609328,2,2.61884377747,3.12864231319,18.6305179291,1.94575162746,2.35617438079,17.9950318926,2.55118440846,2.58186192876,23.7162277704
1.473,-0.0974662603103,2,2.75315673872,3.58567541079,17.8381778735,2.0213294618,2.86906481165,17.2582262373,2.61961469633,2.64603503579,23.7311280748
1.4735,-0.0788767484737,2,2.95193703873,4.1084322774,17.1250877285,2.24555208138,3.55778897769,16.5932102644,2.75309926531,2.77121527101,23.7601935774
1.474,-0.0513646699267,2,3.21661751939,4.70999147112,16.5001465573,2.57640205762,4.29843322783,16.1679522872,2.95065356254,2.9564793325,23.8032098974
1.4745,-0.01473171297,2,3.55084911708,5.40448776761,15.9760600132,3.04453248867,5.1702957213,15.8373675704,3.21370159268,3.20316263483,23.8604871038
1.475,0.0315274282439,2,3.96023007656,6.20641267111,15.5705163966,3.69929174961,6.35054274393,15.4070997714,3.54587177448,3.5146678658,23.932815264
1.4755,0.0881875757156,2,4.45191554387,7.12941934726,15.3076197198,4.48791522966,7.76718292164,15.0646964696,3.95272782482,3.89621261266,24.0214058455
1.476,0.156239033515,2,5.03400840333,8.18428493193,15.2194935158,5.44902253194,9.39337559496,15.0717558109,4.44138075949,4.35446550113,24.1278072315
1.4765,0.236803276907,2,5.7145776751,9.3755809669,15.3477960817,6.21711439012,10.5369423506,15.6592450137,5.01988348721,4.89697845289,24.2537728969
1.477,0.330997094207,2,6.5000898196,10.6965366062,15.744566857,6.92368445803,11.6112107763,16.4747123108,5.69625526145,5.53127182808,24.4010489882
1.4775,0.43971547233,2,7.39298853589,12.1216707609,16.4712964468,7.59158568869,12.739374632,16.7208711943,6.4769226599,6.26337239455,24.571034856
1.478,0.563296630102,2,8.38816717152,13.5972607197,17.5943828259,8.53116156857,14.0381753678,18.1529324708,7.3643143098,7.09555768992,24.7642593202
1.4785,0.701033784091,2,9.46824038751,15.0309845903,19.1744213838,9.72073251154,15.7381046094,19.4488895684,8.35335505463,8.02306829302,24.9796172943
1.479,0.850520725976,2,10.597988519,16.2844874654,21.2467731057,10.727455766,16.787738887,20.7793366281,9.4267667817,9.02970099602,25.213346568
1.4795,1.00688289734,2,11.7192669865,17.1759627636,23.7929566501,11.5867882691,17.0861267735,22.7589840746,10.5495470479,10.0826309257,25.4578255591
1.48,1.16207282948,2,12.7489877816,17.5022104381,26.7082705242,12.2945893609,16.6962326839,25.1786392692,11.6639098878,11.1276670934,25.7004717038
1.4805,1.30459077213,2,13.5838633648,17.0866049335,29.7804633357,12.8429276899,15.7125544929,27.7852685055,12.687279749,12.087371132,25.9233046469
1.481,1.42014126995,2,14.1150305015,15.8461669459,32.7014915611,13.2106441097,14.2495064699,30.3307098361,13.5170061308,12.8654786274,26.1039728283
1.4815,1.49365716658,2,14.2519370326,13.8499581031,35.1276760632,13.3578336239,12.4281400682,32.6276968598,14.0448972267,13.360528595,26.2189180998
1.482,1.51260564003,2,13.9485304093,11.3293475695,36.7759444173,13.2337697439,10.37369562,34.5697319674,14.1809593693,13.488126048,26.2485448543
1.4825,1.47061281252,2,13.2201253306,8.61955823741,37.5109431855,12.8010738701,8.22896841934,36.0868249226,13.879424045,13.2053498207,26.1828872594
1.483,1.36979830656,2,12.1417362639,6.05661275743,37.3736053876,12.0636537297,6.16981540709,37.0698679211,13.1555114973,12.5264732757,26.0252594362
1.4835,1.22054445843,2,10.828181303,3.88512102292,36.5389335795,11.078873266,4.40128062583,37.3385098636,12.0837735322,11.5214102067,25.7918946146
1.484,1.03874260353,2,9.40571235493,2.21927366732,35.2363127778,9.94639465256,3.12858735994,36.6890627243,10.7783200887,10.2971715521,25.5076395823
1.4845,0.841866567874,2,7.98712123525,1.05864688707,33.6785894358,8.78347279904,2.51888077454,34.9823007042,9.36462439872,8.97142461113,25.199815419
1.485,0.645527240941,2,6.657304883,0.331746798782,32.0249111169,7.70519684891,2.36020253667,33.3209061052,7.95478262018,7.64929182225,24.8928304228
1.4855,0.46147473707,2,5.4696526537,-0.0606088527306,30.3753898685,6.21476435544,1.46427672506,31.0550257716,6.6331680794,6.40989748366,24.6050564039
1.486,0.29709838077,2,4.44974115154,-0.215829520527,28.7831537529,4.97089222721,0.690823912354,29.4420957076,5.45284084626,5.30300069546,24.3480468893
1.4865,0.155938087936,2,3.60225303153,-0.215047496417,27.2706582647,4.23840512342,0.713515552917,27.3839014739,4.439219778,4.35243895849,24.1273366902
1.487,0.0386419588678,2,2.91821376503,-0.119040685055,25.8433188121,3.438310929,0.46970058909,25.347141483,3.59695864874,3.56257652659,23.9439391391
1.4875,-0.0560321211521,2,2.38107491842,0.030330105059,24.4985843511,2.56758179559,0.00466464490083,23.7258621606,2.91713828142,2.92504910198,23.7959121364
1.488,-0.130374529018,2,1.97119708588,0.2065595298,23.2310717305,1.81842645348,-0.331196546978,22.3046970557,2.38331230695,2.42443347607,23.6796745789
1.4885,-0.187103445933,2,1.66882912406,0.394645733128,22.0350571406,1.35974117993,-0.437026315057,21.1664578848,1.97596244807,2.04242564145,23.5909764734
1.489,-0.228952518077,2,1.45588993105,0.587746267476,20.905466121,1.09240044906,-0.415723806162,20.2084637665,1.67545937911,1.76061745086,23.5255436462
1.4895,-0.258424250456,2,1.31689006598,0.784582352685,19.8381323009,0.970525778566,-0.217902578775,19.3171706515,1.46383351565,1.56215724255,23.479463323
1.49,-0.277662450649,2,1.23928567688,0.98757603602,18.8297675041,0.896810857335,0.015569130509,18.45765419,1.32569094992,1.43260879359,23.4493835682
1.4905,-0.288403243616,2,1.21349075595,1.20160862524,17.8778663551,0.904410677584,0.330318135383,17.6645799426,1.24856519577,1.36028118208,23.4325898756
1.491,-0.291973375519,2,1.23270985137,1.43326778738,16.9806441639,0.987578989756,0.719733178249,16.9500805442,1.22292936829,1.33624020913,23.4270078206
1.4915,-0.289313367145,2,1.29270065735,1.69046130989,16.1370468032,1.13268128732,1.16569504933,16.3191515281,1.2420299275,1.35415248552,23.4311668583
1.492,-0.2810103725,2,1.39153586511,1.98229658005,15.3468488958,1.32936460773,1.65549137555,15.7769673719,1.30165073255,1.41006416473,23.4441489481
1.4925,-0.267331139704,2,1.52940482584,2.31914619252,14.6108544107,1.63761038059,2.28355475258,15.3680443887,1.3998763616,1.50217898701,23.4655370179
1.493,-0.248249461708,2,1.70847543735,2.71283648563,13.931222063,2.0024949022,2.95916395554,15.0647162356,1.53689499798,1.63067342845,23.4953720435
1.4935,-0.223465291801,2,1.93282240632,3.17690375339,13.311952202,2.37693644715,3.63706829265,14.853442392,1.71486116872,1.79756797877,23.5341231609
1.494,-0.192414672439,2,2.20841673999,3.72685880665,12.7595903584,2.78076519472,4.43507399045,14.6678968975,1.93782444923,2.00666028144,23.582672142
1.4945,-0.154271189636,2,2.54315981998,4.38037928977,12.2842240852,3.14466402793,5.24679201598,14.4490892273,2.21171901979,2.26351533989,23.6423111206
1.495,-0.107941256994,2,2.94692991137,5.15730244908,11.9008711721,3.4806768836,6.08410601027,14.1924223767,2.54439752926,2.57549727448,23.7147499662
1.4955,-0.0520576786458,2,3.43158446152,6.07920619958,11.631370295,3.97591386826,7.0498587533,14.1143031126,2.94567731727,2.9518126691,23.8021263485
1.496,0.0150206689134,2,4.01082118967,7.16822590367,11.5068690808,4.66339232259,8.27044676868,14.0154946795,3.42734269884,3.40351271369,23.9070062347
1.4965,0.0951896110157,2,4.69973578303,8.44453987632,11.5709148401,5.58394554925,9.91415688283,13.955795048,4.00300691081,3.94336373926,24.0323538294
1.497,0.19053845798,2,5.51381429504,9.92166451574,11.8829026366,6.52217096308,11.4613599512,14.424294356,4.6876725358,4.58543498867,24.1814358593
1.4975,0.303210548552,2,6.46695994102,11.5983847678,12.5210727594,7.2597696761,12.6029511473,15.4704376168,5.49673011507,5.34415952778,24.357603527
1.498,0.43513014963,2,7.56799611592,13.4460198381,13.5831610773,7.9637831987,13.8461337256,15.8706662024,6.44399711406,6.23249521073,24.5638655065
1.4985,0.587518458362,2,8.81499259761,15.3903361169,15.1810179967,9.0098219548,15.369444558,17.565447161,7.53824250832,7.25866547811,24.8021311922
1.499,0.760108323409,2,10.1869446277,17.2898467805,17.4232779631,10.2449803589,17.0988220478,18.9976143093,8.77754798062,8.4208713549,25.0719828815
1.4995,0.949992592696,2,11.6332085854,18.9179149896,20.3790555291,11.2544321094,17.8376439299,21.0362489141,10.1410383221,9.69953631947,25.3688751169
1.5,1.15016196362,2,13.0631912729,19.9652488136,24.0197317299,12.1211302582,17.7091733859,23.774597983,11.5783822629,11.0474603078,25.6818485519
1.5005,1.34807793426,2,14.3421663585,20.0870335931,28.1510782505,12.8510492598,16.8154812306,26.8646308026,12.9995453504,12.380210085,25.9912986983
1.501,1.52509378046,2,15.3020338307,19.0106450879,32.3746441061,13.436153777,15.2976636,29.9108401404,14.2706321944,13.5722201528,26.2680705999
1.5015,1.65794371222,2,15.773861733,16.6793919444,36.1355434929,13.8302143823,13.302924958,32.6006239986,15.2245795619,14.4668206056,26.4757871915
1.502,1.7232467946,2,15.6377321035,13.3487403022,38.8828318665,13.9400969948,10.96061787,34.8203473234,15.6934974056,14.9065661614,26.5778913741
1.5025,1.7044058478,2,14.8687089278,9.54064813359,40.2778291052,13.6589563202,8.40188444265,36.6227290837,15.558207373,14.7796927839,26.5484327421
1.503,1.59796961637,2,13.5516180213,5.85309067109,40.3155000434,12.9328048898,5.81332902799,38.0251432432,14.7939272454,14.0629600044,26.3820151089
1.5035,1.41567837085,2,11.8539148266,2.74428814043,39.2765684098,11.8079252774,3.46383326773,38.8298942444,13.4849596647,12.835425834,26.0969948932
1.504,1.18070869005,2,9.97301368828,0.424031583987,37.5638356911,10.4208678496,1.66461846806,38.661740497,11.7977272703,11.2531594371,25.7296096746
1.5045,0.920383598197,2,8.086581051,-1.12040321241,35.5447725476,8.94886339347,0.690442550634,37.1762513988,9.92842682895,9.50015179939,25.3225801785
1.505,0.659292922263,2,6.32423194635,-2.0298419609,33.4740186346,7.5736222709,0.449768336083,35.2576743015,8.05362900486,7.74198878175,24.9143536586
1.5055,0.415375959702,2,4.76186874776,-2.483349437,31.4906442644,5.80839309647,-0.473047267026,32.5713559695,6.30214941244,6.09947212957,24.5329789795
1.506,0.199137936933,2,3.43011618958,-2.64432816386,29.6507119491,4.5137487182,-0.950567181808,30.3407830261,4.74942228757,4.6433431687,24.1948815152
1.5065,0.0148174535404,2,2.32770456707,-2.63985467608,27.9632932215,3.22688922947,-1.56527355907,28.0020942341,3.42588348266,3.40214427818,23.9066884987
1.507,-0.137761223264,2,1.43414089824,-2.55947349046,26.416549427,1.93382167515,-2.29320349697,26.0385695093,2.33027112403,2.37469208795,23.6681251643
1.5075,-0.26143441343,2,0.719423307861,-2.46194840101,24.9926447535,1.02058578917,-2.77674598651,24.4068048334,1.44221862276,1.54188705404,23.4747568035
1.508,-0.360354510064,2,0.150558577552,-2.38361928407,23.6746798314,0.264736741587,-3.09393879218,22.7515574461,0.731909144021,0.875767304722,23.3200909708
1.5085,-0.439087921486,2,-0.304543551937,-2.34576100913,22.4490921075,-0.312387260175,-3.22124155651,21.1322484604,0.166552959281,0.345583024032,23.1969878902
1.509,-0.502076082451,2,-0.675061192725,-2.36026684962,21.3059318114,-0.780324051686,-3.28642301512,19.6370929442,-0.285742269946,-0.0785740423272,23.0985031869
1.5095,-0.553357373585,2,-0.986493476582,-2.43375123236,20.2383783982,-1.27415679723,-3.57272927535,18.5648640674,-0.653974696065,-0.423898015493,23.018322679
1.51,-0.596460988256,2,-1.26065301751,-2.57039022541,19.2421549178,-1.79280334472,-4.05135160053,17.8279983905,-0.963486181705,-0.714154191703,22.9509283205
1.5105,-0.634405889357,2,-1.51608258156,-2.77382834315,18.3151042026,-2.22359372012,-4.38593773086,17.3117417013,-1.2359548088,-0.969672017399,22.8915998329
1.511,-0.669758478266,2,-1.76867633902,-3.04842388185,17.4570055842,-2.6429588541,-4.74572222357,16.8005386669,-1.48980897853,-1.20773342719,22.8363245371
1.5115,-0.704718578918,2,-2.03236873684,-3.40003538514,16.6696423882,-3.04063227984,-5.1566013478,16.3283569923,-1.74084483186,-1.44315185353,22.7816629137
1.512,-0.741214780809,2,-2.31980916338,-3.83648387035,15.957119253,-3.41861880113,-5.61226878272,15.9069132764,-2.00291087328,-1.68891425856,22.7245995297
1.5125,-0.780997815608,2,-2.6429736598,-4.36775980655,15.3264409021,-3.77992627062,-6.11106930057,15.5483264884,-2.28857847444,-1.95680992455,22.6623970409
1.513,-0.825725220733,2,-3.01367997644,-5.00597559578,14.7883824223,-4.12801067982,-6.65472569231,15.2669183446,-2.60974981273,-2.25800057139,22.5924638161
1.5135,-0.877032625446,2,-3.4439713637,-5.76498542369,14.3586936189,-4.49228485267,-7.30612885499,15.0495083769,-2.97816975102,-2.60350039122,22.5122424785
1.514,-0.936586869222,2,-3.94631766018,-6.65949470628,14.0596732283,-4.93518395428,-8.20541584765,14.8492838645,-3.40580726143,-3.00453374324,22.4191268527
1.5145,-1.00611383324,2,-4.53354766893,-7.70335127211,13.9220997027,-5.46480831228,-9.37228215903,14.697188022,-3.90505527324,-3.47272256858,22.3104184491
1.515,-1.08738908097,2,-5.21837180849,-8.90654812087,13.9873723162,-6.09591905439,-10.8398968505,14.6398787841,-4.48866346623,-4.02002336471,22.1833410979
1.5155,-1.18217179092,2,-6.01227816482,-10.2702981589,14.3094303281,-7.07350871097,-12.644577747,14.8494301748,-5.16926386581,-4.65828229427,22.0351442476
1.516,-1.29205196533,2,-6.92349801324,-11.7794569128,14.9554826524,-8.31755177506,-14.5592113034,15.4025338711,-5.95827370373,-5.39820630087,21.8633418612
1.5165,-1.41816884936,2,-7.95367481737,-13.3917992451,16.0037104358,-9.58154773338,-16.2222997093,16.172058464,-6.86387348785,-6.24746696715,21.6661526797
1.517,-1.56074990569,2,-9.09292439036,-15.0246492168,17.5349615703,-10.6639336392,-17.3446954331,17.1382803379,-7.88769654553,-7.20759600799,21.4432210556
1.5175,-1.71842711885,2,-10.3133200043,-16.5417686472,19.614567767,-11.5689172267,-17.9517619811,18.5637046981,-9.01991965189,-8.26938132039,21.19668594
1.518,-1.88733530538,2,-11.5617277663,-17.7476500126,22.261265778,-12.3076368342,-18.0981158593,20.7867724047,-10.2327883207,-9.4067950785,20.9325907136
1.5185,-2.06012049789,2,-12.7545208866,-18.4013030797,25.4053878797,-12.8971282599,-17.8731246705,24.1745139989,-11.473496369,-10.5703162743,20.6624336214
1.519,-2.22520837641,2,-13.7786388458,-18.2625363962,28.8500162186,-13.3877436458,-16.8724805179,27.4764116386,-12.6589327861,-11.6820043942,20.4043116112
1.5195,-2.36695086162,2,-14.5041825957,-17.1723083058,32.2629568347,-13.7785918404,-15.1438991177,30.488284776,-13.6767343675,-12.6364865665,20.1826911292
1.52,-2.46736934693,2,-14.8106942137,-15.1411446332,35.22940794,-14.011968791,-12.9553393127,33.3141138768,-14.397803234,-13.3126963413,20.0256825013
1.5205,-2.50979191953,2,-14.6213341666,-12.3920600136,37.3669942114,-13.9919890887,-10.5478738967,35.7083244036,-14.7024244027,-13.5983664365,19.9593529814
1.521,-2.48358364593,2,-13.9304822345,-9.31254597597,38.4536651664,-13.6277923032,-8.14095349005,37.3017149809,-14.5142322578,-13.4218820897,20.0003307463
1.5215,-2.38796666266,2,-12.8095160937,-6.32780129729,38.4925919784,-12.8918635812,-5.98292885825,38.010880342,-13.8276412428,-12.7780052326,20.1498320189
1.522,-2.23281995791,2,-11.3866452169,-3.76733433328,37.6766528241,-11.8445029061,-4.38246092942,38.2965135236,-12.7135888032,-11.7332601546,20.3924105756
1.5225,-2.03588829354,2,-9.81155895702,-1.79632397689,36.2866831711,-10.6273509003,-3.38428815483,38.2121807784,-11.2994936635,-10.4071386144,20.7003217168
1.523,-1.81788934244,2,-8.22176612736,-0.426744226944,34.5911801324,-9.42151023952,-2.61705112631,36.8367779579,-9.73412194847,-8.9391517078,21.0411724685
1.5235,-1.59785493661,2,-6.72195822473,0.426583660951,32.7906563677,-8.34227269225,-2.27184781705,34.9970732397,-8.15413436827,-7.45745821736,21.3852057413
1.524,-1.39027484532,2,-5.37806225841,0.886984752433,31.0080525044,-7.46959656591,-2.46399061862,33.2940071457,-6.66357672162,-6.05963105097,21.7097661568
1.5245,-1.20427366017,2,-4.22144946751,1.07582869282,29.3048749936,-6.35617925739,-2.50651821078,31.5612642792,-5.32796940458,-4.80711445386,22.0005870228
1.525,-1.04419330034,2,-3.25762125962,1.09339196548,27.7035650612,-4.94382241723,-2.02640882918,29.8509518198,-4.17849017016,-3.72914655058,22.2508795618
1.5255,-0.910795185134,2,-2.47532938756,1.01405266719,26.2058963344,-3.55464255686,-1.08063753593,28.3664287414,-3.22060649531,-2.83085467575,22.4594532619
1.526,-0.802522507055,2,-1.854145566,0.888716443554,24.8048390637,-2.33974354174,-0.0842712026545,27.0038997562,-2.44313950786,-2.10175541651,22.6287422585
1.5265,-0.716547900464,2,-1.36993099393,0.749772889294,23.4909568912,-1.37234501952,0.733318438119,25.6952160584,-1.82578691651,-1.52280952645,22.7631672598
1.527,-0.64953044783,2,-0.998380024814,0.616194188558,22.2552667865,-0.649208986792,1.33413037152,24.4275014819,-1.3445587994,-1.07151954324,22.8679519342
1.5275,-0.598106139454,2,-0.71706485752,0.497835744798,21.0901763091,-0.172197315935,1.53337622097,23.0625443345,-0.975299418139,-0.725232503802,22.9483560557
1.528,-0.559170867805,2,-0.506424826659,0.398722560148,19.9895388511,0.198298313617,1.69338059994,21.5542187936,-0.695719297915,-0.463045604751,23.0092330303
1.5285,-0.530017349705,2,-0.350070089687,0.319405657297,18.9483945543,0.477035854852,1.81615430628,19.9968742265,-0.486378416232,-0.266728225071,23.0548158118
1.529,-0.508377157972,2,-0.234676338967,0.25856763167,17.9626617424,0.678197865804,1.90264550583,18.4472164697,-0.330988016985,-0.121004963745,23.0886511839
1.5295,-0.492406149107,2,-0.149663094624,0.214063762859,17.0288783031,0.813705197561,1.9531599399,16.9474018968,-0.216305971898,-0.0134575109647,23.1136225443
1.53,-0.480639937587,2,-0.0867815054439,0.183560368573,16.144014396,0.868144019028,1.90869082373,15.6034446048,-0.131817057551,0.0657751842606,23.1320195229
1.5305,-0.471936845678,2,-0.0396885208774,0.164898983659,15.3053474865,0.862458592102,1.79793777359,14.4010204776,-0.069323298569,0.124381085368,23.145627182
1.531,-0.465418966942,2,-0.00355009730965,0.156283068527,14.5103830535,0.813535347203,1.64325274773,13.3271431417,-0.0225207659739,0.168271941696,23.1558181662
1.5315,-0.460417248222,2,0.02530653727,0.156356820404,13.7568057243,0.734925826304,1.46192073799,12.3701190191,0.0133947692706,0.20195310188,23.1636385689
1.532,-0.456423361518,2,0.049685680429,0.164224182402,13.0424495432,0.637446612865,1.26719632165,11.5194641131,0.0420734268867,0.22884760462,23.1698831828
1.5325,-0.453049179562,2,0.0717633353048,0.179440055954,12.3652799182,0.529679101281,1.06914414343,10.7658128748,0.0663022085798,0.251569066842,23.1751588617
1.533,-0.449993533831,2,0.0932813388922,0.201994259829,11.7233827386,0.418387176631,0.875321830989,10.1008338404,0.0882436967115,0.272145532469,23.1799364954
1.5335,-0.447015346331,2,0.115703762878,0.232301029143,11.1149581976,0.308867455407,0.691336490846,9.51715858124,0.109628985275,0.292200400782,23.1845930199
1.534,-0.44391198302,2,0.140344224225,0.271201929567,10.5383182185,0.20524419409,0.521300148744,9.00832659347,0.13191311611,0.313098192645,23.1894452621
1.5345,-0.440501633463,2,0.168472312027,0.319987219582,9.9918873474,0.110719030814,0.368204921675,8.56874718967,0.156401604278,0.336063204499,23.1947774906
1.535,-0.436608580877,2,0.201406615489,0.380439328068,9.47420775325,0.0277842257528,0.23423509884,8.19367916583,0.184356208521,0.36227869863,23.200864446
1.5355,-0.432050326645,2,0.240601101704,0.454901780466,8.9839497745,-0.0415930866802,0.121030496443,7.87922944409,0.217087385478,0.392973605627,23.2079914729
1.536,-0.426625635248,2,0.28773099966,0.546377288653,8.51993044781,-0.0958089864907,0.0299133076064,7.62237274819,0.256040134715,0.429503028834,23.2164732116
1.5365,-0.420102647535,2,0.34478398056,0.658659599954,8.08114385645,-0.133477164685,-0.0379109063047,7.42099555704,0.302879353031,0.473428288594,23.2266721839
1.537,-0.412206260963,2,0.414162318183,0.796504919944,7.66680921872,-0.153293981177,-0.0811685231996,7.27396910349,0.359580452416,0.526601902685,23.2390185245
1.5375,-0.402603990144,2,0.4988018671,0.96585013276,7.27644578929,-0.153908709823,-0.0983405724631,7.18125811843,0.428530890318,0.591262800203,23.2540320886
1.538,-0.390889499734,2,0.602314080543,1.17408643345,6.90998845154,-0.133793466741,-0.0874842702316,7.1440744914,0.512648414054,0.670147209747,23.272348199
1.5385,-0.376562948528,2,0.72915782679,1.43039798115,6.5679652057,-0.0911071080318,-0.0460448473418,7.16508818643,0.615522202756,0.766621020659,23.294748379
1.539,-0.359007209303,2,0.884848291404,1.74617503304,6.25176889928,-0.0235470440057,0.0293509105891,7.24871177292,0.741583624067,0.884839916612,23.3221975336
1.5395,-0.337458955822,2,1.07621044335,2.13550824975,5.96407237854,0.071817428201,0.143127826563,7.40147988064,0.896313847941,1.02994407335,23.3558891562
1.54,-0.310973581995,2,1.3116837412,2.61576259465,5.70946138642,0.198736744389,0.301029593002,7.6325505839,1.08649574947,1.20829439018,23.3973001792
1.5405,-0.278383029178,2,1.60168168138,3.20820997093,5.49539637921,0.362003322372,0.51042435294,7.95436134035,1.32051673582,1.42775647737,23.4482569126
1.541,-0.238246023104,2,1.95900198656,3.93865910223,5.33366666028,0.641338893276,0.890971819185,8.42042737196,1.60872607682,1.69803575664,23.5110128507
1.5415,-0.188791301976,2,2.39926607707,4.83794018338,5.24256989771,0.938119559718,1.41094957377,8.88530997123,1.96384256358,2.03105975846,23.5883374378
1.542,-0.127856791668,2,2.94133147027,5.94194686104,5.25013213919,1.19361643738,2.01057548867,9.27189261371,2.40139126932,2.44138771114,23.6836111698
1.5425,-0.0528325278199,2,3.60755286415,7.29065278696,5.39875171319,1.61072539852,2.7832301302,9.75206623764,2.94011340527,2.94659489885,23.8009148384
1.543,0.0393754792988,2,4.42364168463,8.9250193972,5.75162558948,2.32787928808,4.02830158755,10.0885157919,3.60222579397,3.56751599251,23.9450860299
1.5435,0.152325805512,2,5.41765188135,10.8798961737,6.40099989021,3.3353238457,5.75824460201,10.7525834085,4.41328128287,4.32811414742,24.121688731
1.544,0.289901242354,2,6.61725709456,13.169857653,7.47724169089,4.07310415397,6.90991534625,12.202949371,5.40116079529,5.25453576062,24.3367938533
1.5445,0.455931944845,2,8.04396677346,15.7637611447,9.1551463984,4.83101495533,8.20736497628,13.2785776032,6.59336729078,6.37257277925,24.5963900094
1.545,0.653394916522,2,9.70239310031,18.5440789282,11.6486643772,6.14782568893,10.234904879,15.301795149,8.0112775563,7.70227209889,24.9051318725
1.5455,0.882928503942,2,11.5626988202,21.2525564265,15.1770615464,7.35493018285,11.5204122038,17.5129557969,9.65947532787,9.24793229248,25.264017525
1.546,1.14040309818,2,13.5363733918,23.4411877568,19.8788423576,8.48321527753,11.807185698,20.7764795226,11.5083073756,10.981744915,25.6665901453
1.5465,1.41356844626,2,15.4518222152,24.4808028438,25.6609212135,9.57669100561,11.2356260216,24.589291539,13.4698090584,12.8212177762,26.0936959352
1.547,1.67867509154,2,17.0477101554,23.7083681325,32.027709678,10.6871728827,10.0489414617,28.2375397276,15.3734441075,14.6064239993,26.5082015962
1.5475,1.89955308781,2,18.011013456,20.7484387501,38.0369771749,11.9326596785,8.48211449188,31.2609650817,16.9594892059,16.093798158,26.853553859
1.548,2.03287855351,2,18.0729639944,15.860711406,42.5608081172,13.1900363229,6.65228416087,33.5580904974,17.9168512109,16.991600817,27.0620139684
1.5485,2.04145278384,2,17.1273582255,9.98568224042,44.8107773558,14.0053770484,4.54363376073,35.3780726667,17.9784196614,17.0493389749,27.0754201469
1.549,1.91057673533,2,15.2912760333,4.32686593294,44.739275213,13.9370036404,2.17983118899,37.0057174252,17.0386460364,16.1680304886,26.8707898068
1.5495,1.65645478516,2,12.8569989499,-0.22202324681,42.960284318,12.9604878909,-0.180346696391,38.3221635597,15.2138881146,14.4567942939,26.4734591899
1.55,1.31953999873,2,10.1721923762,-3.3474684836,40.3131868574,11.4356748867,-2.05618509646,38.7194702463,12.7946247447,12.1880379874,25.9466784067
1.5505,0.947950815408,2,7.53138901886,-5.19767270099,37.4754986069,9.69059097226,-2.93006756553,37.3400218099,10.126377057,9.68578716008,25.3656827102
1.551,0.582451873144,2,5.12652550513,-6.11872235975,34.8311142622,7.77807334057,-3.51604485212,35.4536796636,7.50186119019,7.22454751229,24.7942093679
1.5515,0.249608055708,2,3.04979259351,-6.45873093856,32.5242841317,5.82017997,-4.38487259795,33.1072632777,5.11182997802,4.98320477429,24.2737937202
1.552,-0.037821025464,2,1.3204874935,-6.48627361181,30.5635360347,3.93133015736,-5.33143694656,30.5064317933,3.04790558074,3.04768111415,23.824385969
1.5525,-0.277164550663,2,-0.0858319861296,-6.38163148357,28.9024707487,2.32308656608,-6.1960960385,28.1940219229,1.32926618986,1.43596161091,23.4501620563
1.553,-0.471805427977,2,-1.21500048432,-6.25559989699,27.4843642343,1.01990177982,-6.72020359748,25.8071046015,-0.0683796355359,0.125266041295,23.1458326593
1.5535,-0.628087375506,2,-2.11989519936,-6.17173390114,26.2608952371,-0.294884686098,-7.55344382152,24.4009463283,-1.19058384342,-0.927123667709,22.9014791015
1.554,-0.753328832915,2,-2.85232882112,-6.16390695783,25.1971597632,-1.49483719837,-8.41889619213,23.1901369331,-2.08989750522,-1.77048928352,22.7056586874
1.5545,-0.854700907168,2,-3.45905881701,-6.24826202453,24.2709331745,-2.56576378289,-9.3108795004,22.1999313302,-2.81781374947,-2.45312044734,22.5471590821
1.555,-0.938675039934,2,-3.98025184975,-6.43075582165,23.4702519167,-3.61738111423,-10.4403369279,21.3030810071,-3.42080166095,-3.01859531211,22.4158619078
1.5555,-1.01081047617,2,-4.44928988016,-6.7116479492,22.7910258234,-4.62791206702,-11.7239985785,20.5321340857,-3.93878016938,-3.50434937356,22.3030750456
1.556,-1.07572742786,2,-4.89322055829,-7.08793512697,22.2352073747,-5.58556452072,-13.1053262602,19.9105040125,-4.40492534808,-3.9414947572,22.2015745949
1.5565,-1.13716941022,2,-5.33342770345,-7.55437625702,21.8095259896,-6.66657857514,-14.6833086774,19.5245363383,-4.8461180273,-4.3552399847,22.1055074085
1.557,-1.19809603904,2,-5.78626661901,-8.10350497725,21.524596106,-7.77590344586,-16.1681895418,19.3616445894,-5.28361013891,-4.76551486408,22.0102459996
1.5575,-1.26077096112,2,-6.26351195708,-8.72487872534,21.3941371512,-8.92580224911,-17.5900909334,19.4386533528,-5.73365611287,-5.1875626057,21.9122510588
1.558,-1.32682384074,2,-6.77253144171,-9.40374965524,21.4340115674,-10.1330471688,-18.981735164,19.781027239,-6.20795797962,-5.63235723401,21.8089745359
1.5585,-1.39727440371,2,-7.31614825671,-10.1193576444,21.6607635115,-11.2104793473,-20.0740584876,20.2164977892,-6.71383802184,-6.10676549829,21.6988220457
1.559,-1.47251339125,2,-7.89220585494,-10.8431440954,22.0893356659,-12.1102180117,-20.8026700217,20.7245541255,-7.25410201101,-6.61341861753,21.5811826473
1.5595,-1.55224232761,2,-8.49291657144,-11.537368537,22.7296988863,-12.844485378,-21.193280729,21.3568928724,-7.82660670074,-7.15030668086,21.4565230205
1.56,-1.63538336531,2,-9.10417012348,-12.1548497517,23.5823223397,-13.4243282812,-21.2733092933,22.1728905439,-8.4236124575,-7.71017155234,21.3265284263
1.5605,-1.71998357839,2,-9.70509762646,-12.6407550582,24.6328201331,-13.8598073438,-21.0735680278,23.2328988664,-9.03109602552,-8.27986239015,21.1942523485
1.561,-1.8031546203,2,-10.2683036088,-12.937337146,25.8467592677,-14.1598522815,-20.6289032537,24.5859030839,-9.6283172317,-8.83992930754,21.0642108413
1.5615,-1.8811048358,2,-10.7612285903,-12.9920127025,27.1663678805,-14.3317136796,-19.9773258469,26.2517666551,-10.1880495695,-9.36483961169,20.9423323212
1.562,-1.94932784789,2,-11.1489937724,-12.7680184375,28.5113512017,-14.3802053581,-19.1575912009,28.2012325701,-10.6779343735,-9.82424773251,20.8356627027
1.5625,-2.00299627553,2,-11.3987276356,-12.2552524967,29.7856172568,-14.3073217943,-18.2060321267,30.3408038699,-11.0633079645,-10.1856464855,20.751749804
1.563,-2.03756055408,2,-11.484802741,-11.4775728478,30.8900168101,-14.1130789857,-17.1543664299,32.5122771315,-11.3115015624,-10.4183994786,20.6977070654
1.5635,-2.0494737319,2,-11.3938172378,-10.492906315,31.7385480342,-13.7981525208,-16.0303691458,34.5144755368,-11.3970457886,-10.4986218327,20.6790802987
1.564,-2.03688093317,2,-11.1278781356,-9.38468793483,32.2732133109,-13.3679005396,-14.861982017,36.1457557284,-11.3066214501,-10.4138229676,20.698769682
1.5645,-2.00007377738,2,-10.705060165,-8.24668613462,32.4725072104,-12.8361870337,-13.6830343144,37.2537925623,-11.0423225611,-10.1659666247,20.7563192558
1.565,-1.94155388775,2,-10.1567891179,-7.16616932709,32.3509269068,-12.2270733487,-12.5370730659,37.7725862853,-10.6221123741,-9.77189852791,20.8478176243
1.5655,-1.86567073377,2,-9.52292623277,-6.21079232515,31.9506252661,-11.5734064995,-11.4765111972,37.7318668357,-10.0772228584,-9.26090764513,20.9664642047
1.566,-1.77794128833,2,-8.84599055669,-5.42240161949,31.3291212252,-10.9129104537,-10.5570144832,37.2380116477,-9.44726940325,-8.67014481541,21.1036329721
1.5665,-1.68425037685,2,-8.16597731442,-4.81778258897,30.5474564283,-10.2833954232,-9.82959574752,36.4382330737,-8.77450881404,-8.03923796643,21.2501227485
1.567,-1.59013351651,2,-7.51673153075,-4.39407043108,29.6616901179,-9.71862839916,-9.33354584257,35.4836442054,-8.09868963993,-7.40546281304,21.3972785142
1.5675,-1.50027500943,2,-6.9241657054,-4.13591843486,28.7185303446,-9.24566311351,-9.09221889055,34.5023140641,-7.45344816219,-6.80036305827,21.5377761613
1.568,-1.41826126093,2,-6.4060795321,-4.02217337127,27.7543761779,-8.88367735791,-9.11205408762,33.5859661087,-6.86453706193,-6.248089259,21.6660081903
1.5685,-1.34655582788,2,-5.97307778166,-4.03090716721,26.7964617995,-8.64395738001,-9.38408451357,32.7882877944,-6.34964625099,-5.7652308034,21.778122724
1.569,-1.28662645777,2,-5.63005654453,-4.14257126268,25.8649080991,-8.34482481177,-9.61373122403,31.9427117977,-5.91931509392,-5.36167138169,21.871824876
1.5695,-1.23915079132,2,-5.37783620681,-4.34155674915,24.9748924326,-8.00092923183,-9.79486211845,31.0633826887,-5.57840948389,-5.04197417042,21.9460551257
1.57,-1.20424237362,2,-5.21466750038,-4.6166148373,24.1385490012,-7.6610167261,-9.97269412197,30.1887209276,-5.32774474718,-4.80690377283,22.0006359407
1.5705,-1.18165909818,2,-5.13746804027,-4.96056084836,23.3664888016,-7.36618793643,-10.1833581525,29.3454537106,-5.1655824045,-4.6548298638,22.0359458648
1.571,-1.17097434919,2,-5.14273929978,-5.36957196962,22.6689716262,-7.15039985217,-10.455130234,28.5536571797,-5.08885908188,-4.58287964778,22.0526519301
1.5715,-1.17170391497,2,-5.22716754189,-5.84226528318,22.0568104876,-7.04132943435,-10.8098571645,27.8306656197,-5.09409783022,-4.58779248343,22.0515112226
1.572,-1.18338915958,2,-5.3879352406,-6.37863833652,21.542081091,-7.06140700898,-11.2644160418,27.1940780704,-5.17800535041,-4.66647995416,22.0332408392
1.5725,-1.20564012486,2,-5.62277201692,-6.97887775409,21.1386723734,-7.22886414228,-11.8320992257,26.6641720952,-5.33778149389,-4.81631611407,21.9984504964
1.573,-1.23814258027,2,-5.92976482679,-7.64199215404,20.8626613367,-7.5586736566,-12.5238522056,26.2660069705,-5.57116988453,-5.03518496057,21.9476315072
1.5735,-1.28063175197,2,-6.30693323458,-8.36420499066,20.7324296083,-8.06328411938,-13.3493128801,26.0314102153,-5.8762692772,-5.32130352867,21.8811978567
1.574,-1.33283353887,2,-6.75156366204,-9.13705810238,20.7683605286,-8.75306498659,-14.3176053762,26.0009011339,-6.25111145087,-5.67282604417,21.799578114
1.5745,-1.39437236965,2,-7.25929400814,-9.94524363864,20.9918689161,-9.41758254517,-15.1161738618,26.0042534199,-6.69299956363,-6.08722344095,21.7033595009
1.575,-1.46464451011,2,-7.82295677526,-10.7643240871,21.4234408053,-10.0284475069,-15.7036422615,26.0690510517,-7.19759841824,-6.56043022278,21.5934859819
1.5755,-1.54265794667,2,-8.43123712594,-11.558738815,22.0793449226,-10.5718923411,-16.0645694993,26.2518049737,-7.75778472357,-7.08576625228,21.471508613
1.576,-1.62684665544,2,-9.06729412816,-12.2808256011,22.9668067509,-11.0357226634,-16.1912769441,26.6226432483,-8.36231342783,-7.65268605412,21.3398759399
1.5765,-1.71487977645,2,-9.70763178064,-12.8719299092,24.0778235495,-11.4094579596,-16.0849643086,27.2589633352,-8.99444746759,-8.24549381004,21.2022323627
1.577,-1.80350535852,2,-10.3216686441,-13.2668309333,25.3825293101,-11.6842677829,-15.7560571003,28.2325228132,-9.63083575617,-8.84229114971,21.063662447
1.5775,-1.88849079429,2,-10.8725727521,-13.4023463998,26.8240164546,-11.8526364143,-15.2232355256,29.5890234337,-10.2410854692,-9.41457604528,20.9307840569
1.578,-1.96473837561,2,-11.319881924,-13.2297563605,28.3173802715,-11.9078522068,-14.5109197619,31.3224779827,-10.788591806,-9.92802095167,20.8115676787
1.5785,-2.02664795656,2,-11.6240870353,-12.7286354296,29.7557006076,-11.843725265,-13.6458153847,33.3519356501,-11.2331421418,-10.3449149494,20.7147693818
1.579,-2.06875129837,2,-11.7526817518,-11.9176010516,31.0239448542,-11.6552239098,-12.6541971125,35.5131113895,-11.5354710293,-10.6284353709,20.648938993
1.5795,-2.08654937967,2,-11.6863684769,-10.8569077814,32.0184290153,-11.3406101198,-11.5620460508,37.5771308616,-11.6632726215,-10.7482861783,20.6211109262
1.58,-2.07737132718,2,-11.4235909403,-9.64003277562,32.6660583242,-10.9048477436,-10.3989255022,39.2987135353,-11.5973683422,-10.686481932,20.6354612066
1.5805,-2.04100174615,2,-10.981784333,-8.37595321613,32.9365190749,-10.3628821492,-9.20374050392,40.4794237818,-11.3362115195,-10.4415721813,20.6923266134
1.581,-1.97985374465,2,-10.3947672367,-7.16813941567,32.8432302543,-9.74086417292,-8.02834813998,41.0196664069,-10.8971298106,-10.0298065966,20.7879341481
1.5815,-1.89860796496,2,-9.70706977259,-6.09749690763,32.4338203377,-9.07424928618,-6.93567198567,40.9370026396,-10.3137332169,-9.48270423582,20.9149654247
1.582,-1.8034275741,2,-8.96696637132,-5.21392534089,31.7750033573,-8.40338219958,-5.99229488675,40.3464429112,-9.63027721438,-8.84176735589,21.0637840663
1.5825,-1.70099396822,2,-8.22010863527,-4.53687135272,30.9377125892,-7.76831354667,-5.25867073506,39.416833359,-8.89473849495,-8.15198792585,21.223943422
1.583,-1.59762553233,2,-7.50504169967,-4.06198689049,29.9864549097,-7.20449301836,-4.78079404768,38.3242134566,-8.15248709897,-7.45591342787,21.3855644248
1.5835,-1.49865708476,2,-6.85100753523,-3.7700578617,28.9739947185,-6.74011166061,-4.58561404097,37.217529231,-7.44183042963,-6.78946808736,21.5403058562
1.584,-1.40813584445,2,-6.27773402377,-3.63524632759,27.9403854098,-6.39503998118,-4.68039821182,36.2018955582,-6.79183010407,-6.17990554192,21.6818397151
1.5845,-1.32879223809,2,-5.79656658371,-3.631186366,26.9145931454,-6.16418046853,-5.03033771142,35.3198236081,-6.2220923299,-5.64561225897,21.8058968619
1.585,-1.26219652209,2,-5.41227347699,-3.73469663577,25.9171496927,-5.81793257858,-5.26772569554,34.3559527317,-5.74389255123,-5.19716221539,21.9100221328
1.5855,-1.20900864514,2,-5.12500425046,-3.92753059313,24.9628402782,-5.41739733437,-5.45168181189,33.3673845124,-5.36196962111,-4.83899945102,21.9931836698
1.586,-1.16924930518,2,-4.93207484529,-4.19677703127,24.0629720542,-5.01532117673,-5.63031467334,32.3908170324,-5.07647216407,-4.57126334414,22.0553491107
1.5865,-1.14254701653,2,-4.82941937223,-4.53445748568,23.2271240004,-4.65594080797,-5.8416572368,31.4499102685,-4.88473267554,-4.39145234083,22.0970992894
1.587,-1.12833904201,2,-4.81266231614,-4.9367087826,22.4644531363,-4.37553090215,-6.11505843264,30.5611091055,-4.78271034317,-4.2957770155,22.1193140697
1.5875,-1.12601979084,2,-4.87782832257,-5.40277840628,21.7846838265,-4.20338987794,-6.47277868505,29.7379651067,-4.76605663836,-4.28015936994,22.1229403188
1.588,-1.13503905627,2,-5.02173220458,-5.93393091329,21.1988936507,-4.16303927255,-6.93161640613,28.9943080945,-4.83082072515,-4.34089435737,22.1088383087
1.5885,-1.15495599424,2,-5.24209259684,-6.53226986479,20.7201667896,-4.27345817665,-7.50444999273,28.3466927638,-4.97383706167,-4.47501337039,22.0776973182
1.589,-1.18545485364,2,-5.53739928471,-7.19941653727,20.3641298487,-4.55021653004,-8.20162163553,27.8165051986,-5.19283835319,-4.68039016709,22.0300110376
1.5895,-1.22632661402,2,-5.90654431027,-7.93494996015,20.1493175497,-5.00640373354,-9.03211717337,27.4320229639,-5.4863236995,-4.95561722116,21.9661062794
1.59,-1.2774179291,2,-6.34820663178,-8.73450562623,20.0972323201,-5.65326868038,-10.0045089432,27.2305967246,-5.85319197617,-5.29966191126,21.8862228072
1.5905,-1.3385459608,2,-6.85996593548,-9.58746658116,20.231858903,-6.48504669502,-11.1049151796,27.2453296318,-6.29213028915,-5.71129302102,21.7906464962
1.591,-1.40937572693,2,-7.43712230881,-10.4742878314,20.578279761,-7.25938514134,-11.9747913342,27.2854397379,-6.80073325225,-6.18825480799,21.6799011055
1.5915,-1.48925673867,2,-8.07122839167,-11.3637106433,21.1599419863,-7.96110104366,-12.5936128858,27.4069012858,-7.37432994026,-6.72616693427,21.5550037023
1.592,-1.57701984376,2,-8.74841698154,-12.2104781414,21.9941295299,-8.57636200317,-12.9481058636,27.6844725889,-8.00452509321,-7.31715642528,21.4177823066
1.5925,-1.67074575963,2,-9.44774613561,-12.9546383211,23.0854320579,-9.09292906742,-13.0339107073,28.2084514091,-8.67753703633,-7.94829899096,21.2712377993
1.593,-1.76753602816,2,-10.1399849219,-13.5239698317,24.4176438909,-9.50027568697,-12.8568175918,29.0747463886,-9.3725529889,-8.60007665401,21.1199020446
1.5935,-1.86334495823,2,-10.7874809204,-13.8411401325,25.9456641134,-9.78945743263,-12.4328622888,30.3654890174,-10.0605223044,-9.24524606498,20.9701006549
1.594,-1.95296128726,2,-11.345866381,-13.8363784202,27.5903809926,-9.95268641965,-11.7866273709,32.1197219114,-10.704024789,-9.84871501275,20.8299816637
1.5945,-2.0302443211,2,-11.7681854537,-13.464320244,29.2404325365,-9.98284068493,-10.9477418058,34.2993503173,-11.2589663363,-10.3691325708,20.7091463109
1.595,-2.08869516104,2,-12.0113948278,-12.7206243405,30.7639033619,-9.87357557701,-9.94689372224,36.7636505988,-11.6786807024,-10.7627356926,20.6177559045
1.5955,-2.12235642126,2,-12.0441533733,-11.6516252878,32.0296063655,-9.62783759393,-8.71360933743,38.9768546673,-11.9203900518,-10.9894078349,20.565125074
1.596,-2.1268903498,2,-11.8538004395,-10.351036167,32.9325338103,-9.24169357989,-7.36581106288,40.8915790735,-11.9529465547,-11.0199389347,20.5580360814
1.5965,-2.10054465626,2,-11.4501183665,-8.94257481536,33.4144488693,-8.71816563512,-6.07816929303,42.6197632534,-11.7637676469,-10.8425292134,20.5992287083
1.597,-2.04467326005,2,-10.864340533,-7.55411043473,33.4716614449,-8.09033715681,-4.79195495166,43.643802098,-11.3625753344,-10.4662958523,20.6865860432
1.5975,-1.96359899985,2,-10.1436139296,-6.29300740956,33.1478717436,-7.3961674604,-3.56931421294,43.9001334362,-10.7804103602,-9.92034848949,20.8133491418
1.598,-1.86384722906,2,-9.34279194925,-5.23091478666,32.5167441346,-6.68061317171,-2.48832915071,43.486771564,-10.0641289298,-9.24862831521,20.9693153328
1.5985,-1.75300990149,2,-8.51610670377,-4.40076716508,31.6621709522,-5.98990495249,-1.6234640039,42.5926124382,-9.26824612084,-8.50225891838,21.1426142695
1.599,-1.63859298287,2,-7.71076962774,-3.8033270406,30.6627909997,-5.36599720998,-1.03439900321,41.4352809511,-8.44665956174,-7.73178485156,21.3215100509
1.5995,-1.52713074596,2,-6.96341198412,-3.41815814983,29.5834617764,-4.84302137666,-0.759168707899,40.2099901706,-7.64628950454,-6.98120736693,21.4957860602
1.6,-1.42369312064,2,-6.29920774193,-3.21453751239,28.4729672566,-4.44579102614,-0.81245698259,39.0611314681,-6.90354128423,-6.28466695304,21.6575152436
1.6005,-1.33176429629,2,-5.73291716985,-3.15982985412,27.3656688666,-4.18769654005,-1.18475654498,38.0732888599,-6.24343360618,-5.66562585308,21.8012499208
1.601,-1.25338715983,2,-5.27096322437,-3.2247152805,26.2848323994,-3.78175438598,-1.42066654002,36.9855020629,-5.68063570322,-5.13784069851,21.9237959503
1.6015,-1.18945067703,2,-4.91381710423,-3.3857405166,25.2461185453,-3.29716215783,-1.58709727447,35.8668343694,-5.22153091745,-4.70729771132,22.0237633956
1.602,-1.14002006388,2,-4.65822787099,-3.62602056937,24.260520449,-2.79380556055,-1.73836568333,34.7593361454,-4.86658754143,-4.37443605068,22.1010502887
1.6025,-1.10464537605,2,-4.49906359969,-3.93485790903,23.3365751591,-2.32180741788,-1.91712195125,33.687668416,-4.61257468729,-4.13622582853,22.1563601371
1.603,-1.08261633225,2,-4.4306936932,-4.30683353284,22.4819480108,-1.87297599035,-2.0286359171,32.6531475386,-4.45439208187,-3.9878840696,22.1908034961
1.6035,-1.07315363279,2,-4.44793410208,-4.74070365612,21.7045756419,-1.54666849305,-2.21060522936,31.6884533007,-4.38644385547,-3.92416303406,22.2055988344
1.604,-1.07553978214,2,-4.54661653303,-5.23826057985,21.0135437478,-1.35084201589,-2.51402940028,30.792842172,-4.40357793193,-3.94023116642,22.2018679871
1.6045,-1.08919786995,2,-4.7238480688,-5.80319216753,20.4198282209,-1.31644661745,-3.01319309407,29.9783433009,-4.50165172645,-4.03220360008,22.1805129784
1.605,-1.11372750358,2,-4.97801343485,-6.43989011338,19.9369702128,-1.48581359652,-3.7247066535,29.2715699359,-4.67779016418,-4.1973841242,22.1421598395
1.6055,-1.14890512186,2,-5.30854799378,-7.15210048673,19.5816927867,-1.83421059181,-4.56311943076,28.6828703736,-4.93038793301,-4.43426729624,22.0871581178
1.606,-1.19465257645,2,-5.71548151862,-7.94127467224,19.3743930183,-2.37375803459,-5.53648385042,28.2416831461,-5.25888387801,-4.7423268718,22.0156300017
1.6065,-1.25097398807,2,-6.19872566607,-8.80446900524,19.3393473415,-3.11544273712,-6.65317889164,27.9880244632,-5.66330758859,-5.12159059947,21.9275690483
1.607,-1.31785712962,2,-6.75705783251,-9.73167619948,19.5043399132,-4.06935372739,-7.92258107053,27.9753848716,-6.1435712663,-5.57197614292,21.8229943751
1.6075,-1.39513278731,2,-7.38675084324,-10.7025893683,19.8992665313,-5.01450285329,-9.01740342261,28.0413266521,-6.6984598481,-6.09234403054,21.7021705552
1.608,-1.48228510356,2,-8.0798287546,-11.6830569383,20.5531151297,-5.87129271046,-9.82240671839,28.187043142,-7.32426914711,-6.67922052009,21.5659041541
1.6085,-1.57821017228,2,-8.82201876287,-12.6219414204,21.4886753738,-6.62566343298,-10.3244247089,28.5021079882,-8.0130724123,-7.32517199909,21.4159211766
1.609,-1.68093257386,2,-9.59064452276,-13.4497478234,22.714572334,-7.26517933495,-10.5201234826,29.0968921644,-8.75068486931,-8.01689615548,21.2553102764
1.6095,-1.78731380117,2,-10.3529753658,-14.0810699736,24.2150138167,-7.7791700067,-10.4176752339,30.0914414414,-9.51457003208,-8.73325854167,21.0889786445
1.61,-1.89282378396,2,-11.0658581604,-14.4231390835,25.9391734546,-8.15854493682,-10.0370097463,31.5916866225,-10.2721991027,-9.44375403932,20.9240092409
1.6105,-1.99148993669,2,-11.677654415,-14.3917600002,27.7941602648,-8.3951813897,-9.40768185926,33.6514983452,-10.980685102,-10.1081637514,20.7697404605
1.611,-2.07616526221,2,-12.1333106936,-13.9330113969,29.6469549354,-8.48116981745,-8.56425584731,36.2269227563,-11.5887080254,-10.6783603902,20.6373469412
1.6115,-2.13923011988,2,-12.3825453532,-13.0447079952,31.3396417775,-8.42080249989,-7.36703527517,38.6309657377,-12.0415539859,-11.1030339258,20.5387423193
1.612,-2.17372530643,2,-12.3896900209,-11.7882407158,32.7173795094,-8.20650536912,-5.8825989642,40.6579264879,-12.2892514591,-11.3353216591,20.484807609
1.6125,-2.17471416026,2,-12.1423126747,-10.2826650159,33.6612526094,-7.82986536622,-4.29839303726,42.3796866814,-12.2963520612,-11.341980519,20.4832614935
1.613,-2.14047603415,2,-11.655404228,-8.68023449475,34.1132740584,-7.29575346325,-2.81146063176,43.8961622324,-12.0505004462,-11.1114238094,20.5367942787
1.6135,-2.07308573727,2,-10.9692654742,-7.13217680361,34.0831624057,-6.63415037831,-1.51076872989,45.0709975773,-11.5665950692,-10.6576231239,20.6421619111
1.614,-1.97812107886,2,-10.1417394323,-5.75841153142,33.6355403212,-5.90415235809,-0.287205927602,45.3218316452,-10.8846881635,-10.0181389685,20.7906432457
1.6145,-1.86358779029,2,-9.23759992585,-4.63150911793,32.86548778,-5.15904196053,0.766495356189,44.8037288502,-10.0622659937,-9.24688127596,20.9697209765
1.615,-1.7384508571,2,-8.31850283885,-3.7767778864,31.8736597693,-4.45154896343,1.56503360459,43.7695916585,-9.16370288261,-8.40421951764,21.1653779626
1.6155,-1.61124372818,2,-7.43591203391,-3.18334278182,30.7488545446,-3.82760950045,2.04372299402,42.4884017354,-8.25027444378,-7.54761723243,21.3642717889
1.616,-1.48908923123,2,-6.62776857096,-2.81896294379,29.5601224709,-3.32303356569,2.16512547672,41.1856173964,-7.37312712988,-6.72503895306,21.5552656074
1.6165,-1.37723857788,2,-5.91835206239,-2.64318690136,28.3563107355,-2.96261125493,1.91918151043,40.0159547078,-6.56996799451,-5.97184590421,21.7301489225
1.617,-1.27905217457,2,-5.32019021923,-2.61649067819,27.1696048066,-2.5607518157,1.61305104965,38.8604297984,-5.86492690248,-5.31066678505,21.8836675941
1.6175,-1.19626391229,2,-4.83688658811,-2.70533915872,26.0202439395,-2.0198740037,1.42852129027,37.6404058028,-5.27045429856,-4.75317747406,22.0131106087
1.618,-1.12937253793,2,-4.46604695553,-2.88417134538,24.9208124357,-1.4129114773,1.29716628493,36.4177166703,-4.79013150404,-4.30273649157,22.1176981543
1.6185,-1.0780466817,2,-4.20184025141,-3.13547989701,23.8795271186,-0.761568611015,1.29683906102,35.217111097,-4.42157907206,-3.95711242072,22.1979483416
1.619,-1.04147929753,2,-4.03700690543,-3.4489168528,22.9025283344,-0.211849755426,1.33748176197,34.0953879708,-4.15900189639,-3.7108706801,22.2551230222
1.6195,-1.01866562856,2,-3.96429968841,-3.82003047815,21.9954167966,0.218049166011,1.33940226777,33.0476755068,-3.99518518103,-3.55724532011,22.2907931764
1.62,-1.00860262601,2,-3.97742737139,-4.24896187443,21.1643127035,0.51674856042,1.24172484145,32.067393792,-3.92292639502,-3.48948189324,22.3065271144
1.6205,-1.01041955578,2,-4.07159893649,-4.73923531764,20.4166638017,0.678129693339,0.998513539725,31.1495030498,-3.93597311134,-3.50171694805,22.3036862665
1.621,-1.02345331967,2,-4.24375994318,-5.2966497981,19.7619595434,0.699853508086,0.575074200104,30.2925340108,-4.02956386134,-3.58948523609,22.2833074151
1.6215,-1.04728116951,2,-4.49258924283,-5.92819752061,19.2124434093,0.582046789612,-0.0553791737738,29.5000628178,-4.20066304313,-3.74994000615,22.2460515454
1.622,-1.08172025244,2,-4.81829284315,-6.64087842967,18.783855875,0.326208598704,-0.914593433289,28.7821429831,-4.44795765642,-3.98184994223,22.1922045555
1.6225,-1.12679908085,2,-5.22219709374,-7.44023639463,18.4961754455,-0.18319556011,-2.05121194428,28.2080550974,-4.77165243837,-4.28540704439,22.1217218653
1.623,-1.18270122743,2,-5.70610818722,-8.32841129661,18.3742375823,-0.898219946137,-3.31383445626,27.7975622096,-5.17306555813,-4.66184747594,22.0343164508
1.6235,-1.24967667727,2,-6.27137253833,-9.30149561234,18.44798185,-1.83019105656,-4.71358682148,27.5999162327,-5.6539920684,-5.11285461585,21.9295974496
1.624,-1.32791178018,2,-6.91755006588,-10.3460403875,18.751891417,-2.99035437937,-6.26358434175,27.6820827943,-6.21577007974,-5.63968332824,21.8072734958
1.6245,-1.41734562696,2,-7.64061497123,-11.4347408697,19.3229528017,-4.07582757292,-7.51841251084,27.816199934,-6.85796222521,-6.24192345562,21.6674398234
1.625,-1.51742102915,2,-8.43065391127,-12.5217438771,20.1962404732,-5.04758946795,-8.4255283628,28.0682753244,-7.5765675358,-6.915822937,21.5109676208
1.6255,-1.62676593593,2,-9.26918030088,-13.5387498345,21.3971946616,-5.89256086675,-8.9776693809,28.5594108237,-8.3617338102,-7.65214249563,21.3400021483
1.626,-1.74282172161,2,-10.1264676794,-14.3941093122,22.9301437311,-6.59946085965,-9.17964802172,29.4359062227,-9.19508848167,-8.43365255774,21.1585439276
1.6265,-1.86147411168,2,-10.9597276316,-14.9780829436,24.7640601981,-7.15881821839,-9.05006667036,30.850475426,-10.0470884312,-9.23264793906,20.9730258041
1.627,-1.97680099898,2,-11.7134067191,-15.1774297819,26.8191416182,-7.56237466467,-8.62046824629,32.9237635649,-10.8752091467,-10.0092496598,20.7927072474
1.6275,-2.08111354028,2,-12.3230461315,-14.9001572519,28.9608583891,-7.80182751899,-7.9307105264,35.6862060668,-11.6242398226,-10.7116816854,20.6296100952
1.628,-2.16549034925,2,-12.7235733636,-14.1058606628,31.0093241928,-7.88741091318,-6.73389486965,38.1726560047,-12.2301192064,-11.2798681385,20.4976833194
1.6285,-2.22092510143,2,-12.8612714974,-12.8304098264,32.7680761548,-7.80488553953,-5.12928817998,40.2635511874,-12.6281761358,-11.6531611748,20.4110086962
1.629,-2.23998313621,2,-12.7064068067,-11.1910107192,34.0667576474,-7.53720474781,-3.31856795434,42.0042167358,-12.7650249989,-11.7814964048,20.3812106377
1.6295,-2.21854917353,2,-12.2619575257,-9.3640901228,34.8017579073,-7.07961983558,-1.51810836002,43.4335559351,-12.6111154559,-11.6371618728,20.4147235618
1.63,-2.15703541422,2,-11.5646069485,-7.5425489529,34.9565572484,-6.44824678298,0.0457212748703,44.6820736348,-12.1694073724,-11.2229333053,20.5109029745
1.6305,-2.06051898953,2,-10.6772808789,-5.890762221,34.5935183392,-5.69316929228,1.312745666,45.5475554949,-11.4763577935,-10.572999684,20.6618105626
1.631,-1.93770911087,2,-9.67617136462,-4.51560918856,33.8242428373,-4.89430857581,2.44403428163,45.3700901588,-10.5945044203,-9.74600811842,20.8538290986
1.6315,-1.79915109687,2,-8.63703059366,-3.46069470571,32.7745575014,-4.11541613982,3.33051993532,44.4494233599,-9.59956937626,-8.8129699119,21.0704705227
1.632,-1.65532938762,2,-7.62473487277,-2.71862096982,31.5578796506,-3.41345621638,3.88386179864,43.1351782297,-8.56683763816,-7.84448641691,21.2953419611
1.6325,-1.51522315282,2,-6.68782721761,-2.25075227934,30.2621417125,-2.83353189235,4.04798199452,41.7340615,-7.56078537987,-6.90102261959,21.5144040951
1.633,-1.38555096197,2,-5.85760959437,-2.00568546132,28.948089327,-2.40747234089,3.80101285326,40.4630857873,-6.62965622182,-6.02782081122,21.7171521519
1.6335,-1.27064514655,2,-5.15026541349,-1.9322613148,27.6539072576,-1.92353839876,3.49031690451,39.2098086521,-5.80455907135,-5.25405455371,21.8968123445
1.634,-1.17274556262,2,-4.57039579235,-1.98673764905,26.4017688646,-1.26285318116,3.33291923098,37.8878252707,-5.10157752566,-4.59480685253,22.0498825616
1.6345,-1.09248902531,2,-4.11477495805,-2.13554927035,25.203780435,-0.497942162414,3.27708329318,36.5676548501,-4.52528432416,-4.05436596809,22.1753671152
1.635,-1.02942907329,2,-3.77565018656,-2.35539116441,24.0664130604,0.246347528848,3.45676200448,35.3236593729,-4.0724735893,-3.6297254667,22.2739640669
1.6355,-0.982492695035,2,-3.5433194473,-2.63199468209,22.9934419736,0.887717344049,3.69108324948,34.1729262622,-3.73544041297,-3.31365977752,22.3473511163
1.636,-0.950337086318,2,-3.40796940518,-2.95846726231,21.9877698663,1.40522691169,3.89228734034,33.1048782513,-3.50454260309,-3.09712656793,22.3976277959
1.6365,-0.931604037872,2,-3.36087736161,-3.33366089596,21.0525502222,1.78613748504,3.9949155322,32.1066015366,-3.37002734957,-2.97097976905,22.4269177242
1.637,-0.925086289375,2,-3.3951191242,-3.76076529153,20.1919429518,2.0240734685,3.95126265189,31.1665883726,-3.32322575216,-2.92708978974,22.4371085047
1.6375,-0.929825501772,2,-3.50591818123,-4.24616075065,19.4117311685,2.11724822612,3.7270193244,30.2766954413,-3.35725632433,-2.95900325405,22.429698542
1.638,-0.945160584573,2,-3.69074393647,-4.79847317217,18.7199440339,2.06686957771,3.29732614871,29.4331919448,-3.46737201408,-3.06226843331,22.4057214794
1.6385,-0.970741291995,2,-3.94923112464,-5.42771677712,18.1275711983,1.87578608961,2.64334945137,28.6375327064,-3.65105783297,-3.23452680138,22.3657249413
1.639,-1.0065170697,2,-4.28295456839,-6.14436667382,17.6494093334,1.54739699709,1.7494101297,27.8973218424,-3.90795076854,-3.4754379295,22.3097879716
1.6395,-1.05270588014,2,-4.69505460469,-6.95815974395,17.3050339211,1.08482616649,0.600651238874,27.2278359226,-4.23961593051,-3.7864695589,22.2375697766
1.64,-1.10974235995,2,-5.18966834555,-7.87637390093,17.1198184789,0.395196621452,-0.897380185504,26.691982408,-4.64917428742,-4.17054849661,22.1483907832
1.6405,-1.17819910385,2,-5.77108033915,-8.90129078596,17.1258021058,-0.515460014298,-2.50465991902,26.3440613343,-5.14073743514,-4.63153054813,22.041355715
1.641,-1.25866911237,2,-6.44246649581,-10.0265364037,17.36200401,-1.66082459755,-4.23854943103,26.2480967187,-5.71856349632,-5.17340893008,21.9155373899
1.6415,-1.35159194566,2,-7.20407907752,-11.2320883981,17.8734770462,-2.99028459847,-6.0239197521,26.4271721656,-6.38580879348,-5.79914360402,21.7702485369
1.642,-1.45700251788,2,-8.05073565638,-12.478065535,18.707998631,-4.18951929929,-7.40189221163,26.6695409958,-7.14272403273,-6.50896967916,21.605434566
1.6425,-1.57418355795,2,-8.96858249313,-13.6981569647,19.9089480775,-5.24546297208,-8.36301942796,27.1063539484,-7.98415874947,-7.29805711126,21.4222169616
1.643,-1.70121764667,2,-9.93137750726,-14.7948608077,21.5029724346,-6.14681863419,-8.91018998128,27.9102940434,-8.89634464912,-8.15349415806,21.2235936911
1.6435,-1.83447276326,2,-10.8970482654,-15.6404555705,23.4821610586,-6.88435427434,-9.06211639948,29.284004526,-9.85320150256,-9.05082309203,21.0152435756
1.644,-1.96812589563,2,-11.805996928,-16.0889486413,25.7834020347,-7.45046210893,-8.85432404954,31.4240881948,-10.8129163635,-9.95083223132,20.8062711452
1.6445,-2.09392843744,2,-12.5832610544,-16.0031461578,28.2723993186,-7.83746634184,-8.33506124367,34.4522524614,-11.7162589697,-10.797976143,20.6095734514
1.645,-2.20150525313,2,-13.146539834,-15.2950887064,30.7442342992,-8.06537032121,-7.11251456837,37.0234818546,-12.4887292207,-11.5223895225,20.4413724656
1.6455,-2.27946554409,2,-13.4204653371,-13.9675213523,32.9511993807,-8.1107982229,-5.35911731228,39.2250630504,-13.0485339067,-12.047367674,20.3194781921
1.646,-2.31737805333,2,-13.3542481396,-12.135069362,34.6572421519,-7.94622304701,-3.29409883242,41.0720253141,-13.3207699395,-12.3026673755,20.2602003506
1.6465,-2.30821329837,2,-12.9365328461,-10.0070649013,35.7001453145,-7.55404079246,-1.15432603267,42.5145259355,-13.254961145,-12.2409526736,20.2745298398
1.647,-2.25039964196,2,-12.2007753033,-7.83348192113,36.0318552544,-6.94154095323,0.804636896689,43.5933250315,-12.8398221637,-11.851640293,20.3649239822
1.6475,-2.14856752224,2,-11.2181965885,-5.8384547619,35.7171690351,-6.1479839354,2.31661817378,44.5626984373,-12.1086024991,-11.1659112211,20.5241428884
1.648,-2.01257425339,2,-10.0812999548,-4.17233331011,34.8957609762,-5.26354613138,3.50211424447,44.7995967802,-11.1320839634,-10.2501437962,20.736774223
1.6485,-1.85522269751,2,-8.88484513105,-2.89819507625,33.731371431,-4.38328114686,4.45296111206,44.0012169021,-10.0021992844,-9.19055143304,20.9828001595
1.649,-1.68962802294,2,-7.71075340543,-2.00740572549,32.3715938401,-3.57854752464,5.05012634634,42.6387030579,-8.81312374788,-8.07545059038,21.2417145671
1.6495,-1.52712850072,2,-6.62001466449,-1.44783432319,30.9281607102,-2.90552859631,5.21497907859,41.1322393727,-7.64627338229,-6.98119224768,21.4957895708
1.65,-1.3761654027,2,-5.65118054749,-1.15039458836,29.4747777607,-2.40355667018,4.91318744065,39.778235303,-6.56226191124,-5.96461923132,21.7318268781
1.6505,-1.24207444738,2,-4.82320353537,-1.04723682139,28.0544229093,-1.75804605453,4.64609922905,38.3975991026,-5.59940320188,-5.06166182852,21.9414838635
1.651,-1.12747874251,2,-4.140216278,-1.08120444474,26.6891242732,-0.902238178152,4.55947083624,36.9672100657,-4.77653284327,-4.28998382984,22.120659185
1.6515,-1.03295026524,2,-3.59652402096,-1.20897768703,25.3884154559,0.0403796526298,4.80202849701,35.5968565096,-4.09775799667,-3.65343688208,22.2684585316
1.652,-0.957700836194,2,-3.18088903754,-1.40062937102,24.1552899859,0.908408504572,5.2279727555,34.352211643,-3.55741903077,-3.14671345056,22.3861142557
1.6525,-0.900175103964,2,-2.87978655608,-1.63760452291,22.9898658813,1.66709121411,5.71134818621,33.2233336244,-3.14434752897,-2.75933992751,22.4760582163
1.653,-0.858501179937,2,-2.67965556682,-1.91031552173,21.8914258834,2.28837376562,6.14612233603,32.1843193314,-2.84510213536,-2.47871116985,22.5412171919
1.6535,-0.830802159983,2,-2.56831925734,-2.21594109585,20.8594814825,2.72442752372,6.38562547226,31.1712887713,-2.64620547943,-2.29218826039,22.5845258029
1.654,-0.81539271905,2,-2.53578754493,-2.55665358811,19.8943373342,2.99258269162,6.43446901881,30.1936627116,-2.53555585079,-2.18842235962,22.6086191276
1.6545,-0.810890185212,2,-2.57463626141,-2.93830580309,18.9974599334,3.1109547713,6.30242194677,29.2591756293,-2.50322478185,-2.15810266915,22.6156590332
1.655,-0.816267020539,2,-2.68011820237,-3.36951616731,18.1718300892,3.09760266415,6.00219662751,28.3755703262,-2.54183389394,-2.19430983354,22.6072521196
1.6555,-0.830866190802,2,-2.85011763881,-3.86104956792,17.4223847963,2.96987467014,5.54765238982,27.5516831237,-2.64666526161,-2.29261943863,22.5844256879
1.656,-0.854394869692,2,-3.08501896244,-4.42537039813,16.7566167627,2.74394122166,4.95239200699,26.7983800706,-2.8156162049,-2.45105961628,22.5476375848
1.6565,-0.88690625873,2,-3.38752321376,-5.07622492356,16.1853830619,2.39705748204,4.14390975312,26.0835864556,-3.04906874475,-2.66998862114,22.4968046275
1.657,-0.928774193947,2,-3.76241157977,-5.82807913466,15.7239628226,1.92237360272,3.08727509087,25.4014983101,-3.34970726262,-2.9519238341,22.431342307
1.6575,-0.980660412913,2,-4.21621911031,-6.69518629363,15.3933809117,1.32323540296,1.77171200645,24.7679119609,-3.72228345697,-3.30132134126,22.3502159684
1.658,-1.04346939562,2,-4.75674070505,-7.6899800782,15.22195744,0.600917045203,0.182215193993,24.2084401581,-4.17329207184,-3.72427183603,22.2520114181
1.6585,-1.11827999089,2,-5.39224126072,-8.82038911884,15.2469167819,-0.355727214059,-1.76611892988,23.8083354989,-4.71047993091,-4.22804019719,22.1350418294
1.659,-1.20623609722,2,-6.13018260004,-10.0855760368,15.5156432565,-1.55685636141,-3.80788637909,23.651544814,-5.34206095609,-4.82032934263,21.997518668
1.6595,-1.30837046411,2,-6.97522109289,-11.4696019589,16.0857412379,-3.02307456491,-5.97350187466,23.8364269771,-6.07545094835,-5.50809372199,21.8378271853
1.66,-1.42532755387,2,-7.92620323689,-12.9327883236,17.0224079935,-4.4352826857,-7.79717341816,24.1582853,-6.91527755883,-6.29567309124,21.6549597368
1.6605,-1.55694771664,2,-8.97196354778,-14.4014137599,18.3908520622,-5.67719117289,-9.11798981888,24.6707864926,-7.86039439952,-7.1819923814,21.449165942
1.661,-1.70168559969,2,-10.0860375893,-15.75825625,20.2410319452,-6.73887548205,-9.94271946706,25.5973294721,-8.89970485069,-8.15664531498,21.2228620264
1.6615,-1.85587840721,2,-11.2211068777,-16.8395265542,22.5829244212,-7.61298162864,-10.2981195034,27.219596507,-10.0069076989,-9.19496692796,20.9817749291
1.662,-2.01297705037,2,-12.3051657554,-17.4469582523,25.3545407787,-8.29429261557,-10.2337075299,29.836998527,-11.134976303,-10.2528561978,20.7361444326
1.6625,-2.16301562559,2,-13.2427234686,-17.383925238,28.3930372232,-8.79570085381,-9.54242538301,32.8672961845,-12.2123491098,-11.263203554,20.5015526564
1.663,-2.29277778736,2,-13.9247503438,-16.5161791158,31.4287033013,-9.12377805596,-8.02023285518,35.5052033067,-13.1441243165,-12.1370112191,20.2986639262
1.6635,-2.38717334346,2,-14.2488825417,-14.839065501,34.1227728485,-9.24306065101,-5.89837333529,37.9064171007,-13.8219447042,-12.7726630867,20.1510724076
1.664,-2.43203468279,2,-14.1459132257,-12.5141757799,36.1515041442,-9.10882921353,-3.42524453103,39.9657161118,-14.1440777756,-13.0747556354,20.0809297709
1.6645,-2.417783271,2,-13.6024190961,-9.84176144794,37.3046109338,-8.68811402027,-0.867206835292,41.4584848826,-14.0417435359,-12.9787878071,20.1032124672
1.665,-2.34256126367,2,-12.6681101207,-7.17166502941,37.5449053898,-7.98660858463,1.47655109742,42.3253520655,-13.5016014755,-12.4722490312,20.2208253163
1.6655,-2.21324874167,2,-11.4433614852,-4.79880991508,36.9961182976,-7.05975575188,3.27735422401,42.8871068175,-12.5730549695,-11.6014692031,20.4230110153
1.666,-2.04373807759,2,-10.0530347751,-2.89727149542,35.8739039056,-6.01454700852,4.4547086436,43.1224370305,-11.355860127,-10.4599984109,20.6880482413
1.6665,-1.85131067079,2,-8.61867677398,-1.51370465686,34.4058728175,-4.99091506356,5.34994589788,42.0953936988,-9.97410843376,-9.16420816868,20.9889167818
1.667,-1.65278913726,2,-7.23892471029,-0.602511858779,32.777950781,-4.07592347622,5.81163789375,40.4917815896,-8.54859701799,-7.82738058108,21.2993137519
1.6675,-1.4618253086,2,-5.98130304606,-0.0720969125792,31.1161531779,-3.33313016161,5.74939598872,38.8627170749,-7.17735475063,-6.54144595297,21.597893925
1.668,-1.28776487098,2,-4.88317487793,0.178590136901,29.4927812008,-2.63842633306,5.37563663693,37.3857213747,-5.92748962795,-5.36933736212,21.8700449179
1.6685,-1.13577904333,2,-3.95767901793,0.23917619627,27.9421210126,-1.61339449084,5.29580232507,35.8114048861,-4.83613430495,-4.34587736907,22.1076813071
1.669,-1.00768629574,2,-3.20110410306,0.179760066406,26.4757999119,-0.448531698084,5.68412415398,34.3310271656,-3.91634655837,-3.48331140098,22.3079598363
1.6695,-0.902972959036,2,-2.59960849442,0.0504078965403,25.093952249,0.666389049433,6.3746162356,33.0340626929,-3.16443791551,-2.77818045217,22.4716836494
1.67,-0.819723288771,2,-2.13444197259,-0.115915224065,23.7919858506,1.61949377386,7.05883682553,31.8308321269,-2.56665210752,-2.21758405795,22.6018480953
1.6705,-0.755342171096,2,-1.7855743368,-0.299463284046,22.5641031722,2.35273457031,7.55646384255,30.6600617119,-2.10435455937,-1.78404693632,22.7025107464
1.671,-0.707057337045,2,-1.53397461017,-0.490073583799,21.4048465002,2.88047975311,7.85631940237,29.5292374577,-1.7576386091,-1.45890085733,22.7780061646
1.6715,-0.672234814686,2,-1.36287949813,-0.684219906847,20.3096106234,3.22039953972,7.95918640128,28.439921823,-1.50759065578,-1.22440887184,22.8324526785
1.672,-0.648554489415,2,-1.25836949911,-0.882826533503,19.2747015868,3.37977080063,7.85786691127,27.3690049935,-1.3375507946,-1.06494752,22.8694778872
1.6725,-0.634089840244,2,-1.20950967219,-1.08976080074,18.2972502116,3.38860897657,7.56124714025,26.3348292768,-1.23368537429,-0.967543768808,22.8920939893
1.673,-0.62732742266,2,-1.20824508479,-1.31087467824,17.3751251157,3.25824859113,7.06620622953,25.3189856831,-1.18512689657,-0.922006208099,22.9026673205
1.6735,-0.627152398133,2,-1.24918262468,-1.55346604938,16.5069046186,3.02322407139,6.44117382053,24.3546533734,-1.18387010866,-0.920827607409,22.9029409789
1.674,-0.63281833592,2,-1.32934512272,-1.82604864935,15.6919302162,2.71186673942,5.74233139747,23.4660425303,-1.22455516108,-0.958981563853,22.8940820411
1.6745,-0.643913182555,2,-1.44795011233,-2.13834186392,14.9304545603,2.32667036365,4.96897428227,22.6285821386,-1.30422324672,-1.03369334347,22.8767347704
1.675,-0.66032864118,2,-1.60624185923,-2.50141091841,14.2239011556,1.89581185062,4.12830902129,21.8718943,-1.42209672497,-1.14423368417,22.8510684937
1.6755,-0.68223692371,2,-1.80738880606,-2.92790044109,13.5752647998,1.41466756768,3.21054808622,21.1693607401,-1.57941218739,-1.29176224676,22.8168139501
1.676,-0.710076556715,2,-2.05644643728,-3.43230670617,12.9896984038,0.893121828716,2.22501095925,20.5263181816,-1.77931853484,-1.47923203287,22.7732854845
1.6765,-0.744547241751,2,-2.36037479013,-4.03122189299,12.4753520829,0.339496664419,1.17843628935,19.9506654104,-2.02684007145,-1.71135477493,22.7193890835
1.677,-0.786612278961,2,-2.7280870166,-4.74345091815,12.0445526186,-0.239587660637,0.0745118315642,19.453578321,-2.32889390753,-1.99461725641,22.6536185856
1.6775,-0.837505288263,2,-3.17048623604,-5.58983745086,11.7154304908,-0.83905428425,-1.08623204102,19.051447803,-2.69433822208,-2.33732657183,22.574045173
1.678,-0.89873530992,2,-3.70041655465,-6.5925253437,11.514104332,-1.51065766623,-2.43218076807,18.7006552941,-3.13400888807,-2.7496444735,22.4783093963
1.6785,-0.972080025417,2,-4.33240260228,-7.77320584903,11.4774882393,-2.29809083542,-4.07435447551,18.3819737573,-3.66067079405,-3.24354172152,22.3636317739
1.679,-1.05954970819,2,-5.08197046753,-9.14964500826,11.6566327406,-3.2089358861,-6.04376181939,18.1422528812,-4.28875898736,-3.83255533093,22.2268691566
1.6795,-1.16329323803,2,-5.9642231244,-10.7294660667,12.1201281747,-4.43391058405,-8.34605118281,18.1404022774,-5.03370379747,-4.53115568052,22.0646616783
1.68,-1.28540093378,2,-6.99118926208,-12.499894099,12.9563025589,-5.97020718306,-10.7720105248,18.5072481621,-5.91051504888,-5.35341880451,21.8737410355
1.6805,-1.42753761958,2,-8.16731948832,-14.4123071205,14.2715133941,-7.51108388832,-12.8726083856,19.0928409989,-6.93114724231,-6.31055549095,21.6515042039
1.681,-1.59031927936,2,-9.48250632816,-16.3617780974,16.179723246,-8.8477825958,-14.3522395269,19.9410893715,-8.1000235358,-7.40671372466,21.396988066
1.6815,-1.77234699358,2,-10.9024645111,-18.1656759215,18.7765217661,-9.9740077996,-15.2307185432,21.4229637473,-9.40709879355,-8.6324732972,21.1123798929
1.682,-1.96887552815,2,-12.357731425,-19.5530188077,22.0915163337,-10.888691485,-15.562998274,24.0396274849,-10.8182992038,-9.95588019465,20.8050990625
1.6825,-2.1702909483,2,-13.7353579006,-20.1859497634,26.0219439703,-11.6154927882,-15.1423417689,27.4667296836,-12.264590574,-11.3121949755,20.4901773759
1.683,-2.36096058611,2,-14.8809368662,-19.7368890736,30.2722287601,-12.1870630996,-13.5829545361,30.6353067319,-13.6337203631,-12.5961485467,20.192057183
1.6835,-2.51951381538,2,-15.6198433395,-18.0217117362,34.3511837688,-12.5654132822,-11.1671264532,33.9980678572,-14.7722338247,-13.6638328791,19.9441523784
1.684,-2.62178176111,2,-15.800183308,-15.1340633091,37.6775860313,-12.6692881442,-8.1834249718,37.4284740121,-15.5065829984,-14.3524967674,19.7842520395
1.6845,-2.64674161568,2,-15.3445042096,-11.479893439,39.7800071678,-12.3961761097,-4.90290087008,40.2263519428,-15.6858106972,-14.5205743636,19.7452262316
1.685,-2.58367359964,2,-14.2833758095,-7.65074896118,40.4800558852,-11.6895372866,-1.63487404577,41.6721109634,-15.2329420575,-14.0958795598,19.8438357917
1.6855,-2.43680870462,2,-12.748880739,-4.19990055224,39.9318312605,-10.5966371013,1.20187742763,41.7573291249,-14.1783583018,-13.1069035036,20.0734653821
1.686,-2.22442775486,2,-10.9311470133,-1.46738044082,38.5015400252,-9.25528249549,3.11357075543,41.4029635348,-12.6533274248,-11.6767477533,20.4055321466
1.6865,-1.97284531416,2,-9.02352492214,0.457507069944,36.5915407679,-7.86695442367,4.20798107669,40.4205671789,-10.846804803,-9.98261240532,20.7988921311
1.687,-1.70882192347,2,-7.18219150142,1.66491922565,34.5184140327,-6.6103980934,4.79391198804,38.38357083,-8.95094821372,-8.20470072906,21.2117040768
1.6875,-1.4539731799,2,-5.50980313804,2.32486977661,32.4767994347,-5.57860463274,4.70754032443,36.3021945137,-7.12097145104,-6.48857036773,21.6101710665
1.688,-1.22250718446,2,-4.05818447502,2.61372523302,30.5595668868,-4.41543563419,4.4959915127,34.3524227029,-5.45889775557,-4.92989749836,21.9720781221
1.6885,-1.02159669848,2,-2.84026641891,2.67829763057,28.7951412278,-2.86907384847,4.91589786465,32.4750265691,-4.01623213527,-3.57698290254,22.2862103223
1.689,-0.853031416997,2,-1.84364419808,2.62666834226,27.1794291631,-1.30852413264,5.92258895039,30.9105165879,-2.80582574365,-2.4418782386,22.5497694019
1.6895,-0.71509446439,2,-1.04193637403,2.53213009846,25.696137573,-0.00728647645519,6.82118429512,29.4269552056,-1.81535031712,-1.51302220814,22.7654397697
1.69,-0.604134532111,2,-0.402884025172,2.44131252032,24.3272550245,0.971270064674,7.33513068733,27.8859610011,-1.01858712803,-0.765827201362,22.9389304041
1.6905,-0.515686841786,2,0.106523370372,2.38225144677,23.0573447957,1.87090611564,7.96418079087,25.9212064683,-0.383476215807,-0.170227769984,23.0772221783
1.691,-0.445182590216,2,0.517182189883,2.37095420533,21.8746457779,2.58248274764,8.41866674895,24.0865526206,0.122789344842,0.304542028872,23.187458613
1.6915,-0.388345581227,2,0.856558167804,2.41627426297,20.7708423374,3.10566262582,8.65219561309,22.5317101974,0.530915373858,0.687277746575,23.2763257252
1.692,-0.341374434884,2,1.14835246461,2.52334792849,19.7404727763,3.48880239136,8.73689847967,21.2314325483,0.868198207276,1.00357756119,23.3497671361
1.6925,-0.300988805055,2,1.41274342082,2.69593362929,18.7804048747,3.77174802707,8.72999303088,20.1635022544,1.15819282565,1.27553105227,23.4129118081
1.693,-0.264395919572,2,1.66693022581,2.93795917665,17.889530116,4.03861475878,8.75564564605,19.3397302825,1.42095311701,1.52194451662,23.470126361
1.6935,-0.229215334049,2,1.92580357382,3.25451505649,17.0687107134,4.27794630939,8.79669559588,18.7195297734,1.67357219256,1.75884766984,23.5251327221
1.694,-0.193386110108,2,2.20263662102,3.65246152995,16.3209794345,4.50353540065,8.95918815612,18.1955445981,1.93084890627,2.00011870052,23.5811532573
1.6945,-0.155071183836,2,2.50973297246,4.14075005558,15.6519959777,4.67053428928,9.15858095017,17.7010867559,2.20597455044,2.25812824511,23.6410602952
1.695,-0.112567681517,2,2.85899187131,4.73049242447,15.0707806861,4.81266756065,9.42485315554,17.2438962085,2.51117684608,2.54434331438,23.7075163521
1.6955,-0.0642286949158,2,3.26235729466,5.43473726829,14.5907626052,5.10238146265,9.87058936117,16.9333673994,2.85828164626,2.86985405217,23.7830964402
1.696,-0.00840112442739,2,3.73210830856,6.26782398092,14.2311822383,5.52863945993,10.4734837185,16.7875648683,3.25915926206,3.24579229449,23.8703852517
1.6965,0.0566145073618,2,4.280921835,7.24406837724,14.0188619017,6.115803451,11.4130808975,16.5516658147,3.72601302684,3.68360218169,23.972039993
1.697,0.132572742894,2,4.92159353989,8.3753862665,13.9902660716,6.98202645792,12.8526196174,16.5726035595,4.27144167606,4.19509865747,24.0908039666
1.6975,0.221244559304,2,5.66623604147,9.66729106037,14.1935645753,7.6098419832,13.7522645949,17.2176537591,4.90816195674,4.79220733537,24.2294461716
1.698,0.324306396883,2,6.52469019443,11.1125664553,14.6899980596,8.11912978664,14.4739218355,18.2250229633,5.64821178099,5.48621722566,24.3905877947
1.6985,0.443120273734,2,7.50180705227,12.6819746532,15.5531310155,8.59341830096,15.2607362195,18.6824571283,6.50137130879,6.2863000456,24.5763584097
1.699,0.57835759726,2,8.59324830516,14.3119578642,16.8635378516,9.39837705508,16.3168439624,20.3615040419,7.47246167414,7.19697699712,24.7878077912
1.6995,0.729417926066,2,9.7796472386,15.890999456,18.6953787227,10.4265482372,17.6603300037,21.8335923837,8.5571713243,8.21420475751,25.0239971231
1.7,0.893620820638,2,11.0195950848,17.2497334759,21.0911914431,11.2744148702,18.2414113139,23.5709334549,9.73625299143,9.31993346879,25.2807354228
1.7005,1.06523512315,2,12.2432032096,18.1647790974,24.0241931036,12.0118557675,18.0904473283,25.9690041769,10.9685533016,10.4755699882,25.5490617781
1.701,1.23458793547,2,13.3498673724,18.389692241,27.3560640966,12.6410012491,17.2971887453,28.7701721501,12.1846146677,11.6159778196,25.813852196
1.7015,1.38775518278,2,14.2153496818,17.721331052,30.8121080904,13.1591724218,15.9894711041,31.6746276536,13.2844533385,12.647393395,26.0533357857
1.702,1.50754178779,2,14.7121709785,16.0890758453,34.0051450525,13.5438102786,14.3096206324,34.4119441684,14.1445976757,13.4540264858,26.2406273032
1.7025,1.57630406724,2,14.741413752,13.6236117138,36.5257520299,13.7407894938,12.3863503254,36.8116900219,14.6383547639,13.9170659885,26.3481400895
1.703,1.58035139728,2,14.2648913487,10.6507484208,38.0720874575,13.6723166715,10.3275459584,38.8068739334,14.6674171788,13.9443203743,26.3544682643
1.7035,1.51439857506,2,13.3215227928,7.59358921467,38.5490582915,13.2716248938,8.24740309952,40.3457148394,14.1938337881,13.5001995242,26.2513481855
1.704,1.38383216678,2,12.0179411786,4.83314677616,38.0760143243,12.525844527,6.30374552504,41.2865926517,13.2562835777,12.6209761297,26.0472019812
1.7045,1.20341066746,2,10.4980358565,2.60707715753,36.9069123005,11.4951191393,4.70336714965,41.3853733191,11.9607419689,11.4060326754,25.7651051943
1.705,0.993049003828,2,8.90701626406,0.988509999762,35.3229902758,10.2960443164,3.6636303016,40.3919257099,10.4502108562,9.98947463095,25.4361956707
1.7055,0.772844808562,2,7.36461798792,-0.0723723846503,33.5561161049,9.16171725616,3.4916090217,38.4070556146,8.86900407941,8.50663779252,25.0918969248
1.706,0.559370019949,2,5.95316160398,-0.687268615287,31.7611580619,7.72562037294,2.80889722514,36.654028751,7.33611874079,7.06911622191,24.7581198961
1.7065,0.364018172207,2,4.71801682561,-0.980733060189,30.0234751481,6.27982187673,2.09525635746,34.3985628011,5.9333676936,5.75363303624,24.4526788662
1.707,0.193068635667,2,3.67486268661,-1.06264791698,28.3800775687,5.22144351146,1.79628733569,32.2154485707,4.70584082773,4.60247299595,24.1853919012
1.7075,0.0486914584099,2,2.81888064019,-1.01812883824,26.8401869141,4.19994623435,1.44747489221,29.8111114042,3.66912047454,3.63024902534,23.9596519646
1.708,-0.0697802678891,2,2.13306608031,-0.907457743484,25.3998197816,3.12517591065,0.897429724875,27.7728688888,2.81841780626,2.83247021892,23.7744163167
1.7085,-0.164700056417,2,1.59458023758,-0.770264242894,24.0502913948,2.25461696651,0.468519019243,26.0824760555,2.13683309489,2.19328821353,23.6260051381
1.709,-0.239228894544,2,1.17906863625,-0.630677688287,22.7823813107,1.68484915648,0.246440180224,24.6648920287,1.60166843208,1.69141718166,23.5094760889
1.7095,-0.296737550143,2,0.863296351546,-0.501986990029,21.5879577395,1.21327664391,0.120561060897,23.2407507639,1.18871955139,1.30415865124,23.4195588283
1.71,-0.340441840254,2,0.62654824771,-0.390340517618,20.4603372512,0.88515729533,0.15102698605,21.8652638276,0.874894832412,1.0098575763,23.3512252879
1.7105,-0.373208831895,2,0.451197701927,-0.297469426186,19.3941278237,0.670761363632,0.291757283792,20.5480687925,0.639606902615,0.789207364658,23.2999926849
1.711,-0.397478128141,2,0.322758810874,-0.222583681436,18.384931,0.545740400741,0.506982052456,19.295231192,0.465337853623,0.62577993098,23.2620465946
1.7115,-0.415254642509,2,0.229648251932,-0.163627157602,17.4290614059,0.49017070497,0.769082005453,18.1102518207,0.337691125765,0.506074353472,23.2342522486
1.712,-0.428141558422,2,0.162809074847,-0.118064133179,16.5233319098,0.487779125411,1.05688831064,16.994802567,0.245154838037,0.419294927561,23.2141030004
1.7125,-0.437392398117,2,0.115292620134,-0.0833389071567,15.6649053967,0.525307446169,1.35433100378,15.949246485,0.178727900077,0.357000538163,23.199638914
1.713,-0.443968887006,2,0.0818547250755,-0.0571175143634,14.8511986191,0.591987960957,1.64936219621,14.9730037913,0.13150450914,0.312715005907,23.1893562903
1.7135,-0.448596840557,2,0.058595256981,-0.0373912578153,14.0798219843,0.679110405914,1.93309944702,14.0648129408,0.0982728465524,0.28155074946,23.1821202855
1.714,-0.451816054499,2,0.0426526251805,-0.0224978405703,13.3485423142,0.779664406689,2.19914592814,13.2229210136,0.0751568341854,0.259872829027,23.1770869059
1.7145,-0.454022585722,2,0.0319545069083,-0.0110974316874,12.6552595452,0.888044266974,2.44305201954,12.4452257913,0.059312530594,0.245014230272,23.1736368992
1.715,-0.455503252922,2,0.0250203671279,-0.00212745410161,11.9979915882,0.999805088593,2.66188946629,11.7293838702,0.0486803943268,0.235043539809,23.1713218123
1.7155,-0.45646296874,2,0.0208087868547,0.00524963767573,11.3748638592,1.11146109323,2.85391474683,11.072894143,0.0417890217353,0.228580892864,23.1698212552
1.716,-0.457045870201,2,0.0186019349326,0.0116977303299,10.7841014653,1.22031865103,3.01830298061,10.4731629572,0.0376034169191,0.224655682636,23.1689098637
1.7165,-0.457351308332,2,0.017919898011,0.0177538391966,10.2240229201,1.32433790883,3.15493759485,9.92755541175,0.0354101760369,0.22259888752,23.168432298
1.717,-0.457445705279,2,0.0184584829534,0.023869098412,9.69303478005,1.42201808079,3.26424415325,9.43343616614,0.0347323456647,0.221963226289,23.1682847043
1.7175,-0.457371162725,2,0.0200451927591,0.0304441958079,9.18962687945,1.5123023941,3.34705928075,8.98820229353,0.035267608816,0.222465189682,23.1684012548
1.718,-0.457151555023,2,0.0226091619212,0.0378602692731,8.71236800129,1.59449947004,3.40452764505,8.58931026458,0.0368445323872,0.223944009782,23.1687446209
1.7185,-0.456796690276,2,0.026161824497,0.0465066517526,8.2599019101,1.6682185353,3.43802153235,8.23429873374,0.0393926879433,0.226333639642,23.1692994673
1.719,-0.456304985958,2,0.0307859410468,0.0568070048782,7.8309437247,1.73331636856,3.44907879841,7.92080854158,0.0429234390209,0.229644735851,23.1700682681
1.7195,-0.45566498764,2,0.0366313261952,0.0692454388892,7.42427664724,1.7898543046,3.43935595551,7.64660116481,0.0475190357439,0.233954431595,23.1710689331
1.72,-0.45485596031,2,0.04391621241,0.0843942573952,7.03874910074,1.83806396608,3.41059393401,7.40957673732,0.0533283687359,0.239402354722,23.1723338822
1.7205,-0.453847699623,2,0.0529336817043,0.10294503951,6.67327237187,1.87832070219,3.36459469751,7.20779276453,0.0605683244886,0.246191898794,23.1739103412
1.721,-0.452599641725,2,0.0640630223055,0.12574491165,6.32681891864,1.91112395649,3.30320740142,7.03948461235,0.0695301773942,0.25459621746,23.1758617335
1.7215,-0.451059291434,2,0.0777862489793,0.153840090523,5.9984215971,1.93708405731,3.22832326386,6.90308905947,0.0805908763719,0.264968808916,23.1782701375
1.722,-0.449159935763,2,0.0947103896832,0.188529117855,5.68717420638,1.95691513814,3.14187871742,6.79727232327,0.0942294632999,0.277758912916,23.1812398619
1.7225,-0.446817559339,2,0.115596512568,0.231428676687,5.39223397587,1.97143413864,3.04586681497,6.72096428265,0.111049222214,0.293532282027,23.1849022684
1.723,-0.44392682694,2,0.141396870445,0.284555501936,5.11282696733,1.98156608427,2.94235726641,6.67340102346,0.131806527279,0.312998234912,23.189422053
1.7235,-0.44035594254,2,0.173301999208,0.350428700733,4.84825790776,1.9883561177,2.83352591705,6.65417839162,0.157447758168,0.337044275128,23.1950052846
1.724,-0.435940130668,2,0.21280014745,0.432197809913,4.59792681579,1.9929890705,2.72169496358,6.66332000316,0.189156107991,0.366779987051,23.2019095967
1.7245,-0.430473411095,2,0.261752062426,0.533803165739,4.36135610634,1.9968177364,2.60938576669,6.70136419694,0.228410646381,0.403592424523,23.2104570483
1.725,-0.423698248114,2,0.322484937504,0.660176658774,4.13823392274,2.00140145757,2.49938678329,6.76947582436,0.277060644196,0.449215811678,23.2210503075
1.7255,-0.415292547803,2,0.397910258596,0.817492673315,3.92848267136,2.00855718375,2.39483993172,6.86959068354,0.337418941544,0.505819102359,23.234192982
1.726,-0.404853347549,2,0.491671377452,1.01348086033,3.73236677055,2.02042583215,2.29934963071,7.00460299808,0.412379067376,0.576115813471,23.2505151214
1.7265,-0.391876391248,2,0.608327858903,1.25781407929,3.55066148015,2.03955757613,2.21711980296,7.17860983418,0.505561902607,0.663501563912,23.2708051516
1.727,-0.375730614828,2,0.753584890164,1.56258570749,3.38491688975,2.06902060896,2.15312521715,7.39723099222,0.621498890373,0.772225886955,23.2960497686
1.7275,-0.355626394976,2,0.934577033296,1.9428891414,3.23787003214,2.11253888408,2.11332441343,7.66802891078,0.765860030421,0.907606040674,23.3274835825
1.728,-0.330576276538,2,1.16021574504,2.41750579953,3.11408704135,2.17466509262,2.10492152915,8.00106049491,0.945735881493,1.07629146641,23.3666505218
1.7285,-0.299346874226,2,1.4416081189,3.00969046848,3.02096098589,2.26099514031,2.13668232519,8.40960093233,1.16998293778,1.28658767868,23.4154790377
1.729,-0.260400916845,2,1.79254766839,3.74800304372,2.97025530133,2.45422454427,2.33220865127,8.95329023202,1.44963978839,1.54884653457,23.4763727199
1.7295,-0.211829320712,2,2.23006163759,4.66705184813,2.98047300922,2.66811151379,2.60322512829,9.56998799277,1.79841487358,1.8759236457,23.552316503
1.73,-0.151275439438,2,2.77496364628,5.80784538256,3.08044760578,2.84529696608,2.99429119951,10.0775626278,2.23323041974,2.28368847395,23.6469951051
1.7305,-0.0758585753772,2,3.45228753345,7.21712506408,3.31467078462,3.11925473864,3.59945600946,10.4772205265,2.77477167599,2.79153939902,23.7649126211
1.731,0.0178860662452,2,4.29133638989,8.94445491429,3.75091346543,3.64141271257,4.50491924727,10.9740682738,3.44791808195,3.42280806234,23.9114864068
1.7315,0.13401416366,2,5.32481869987,11.0348176816,4.49043243781,4.58169259136,6.16166972352,11.5998617347,4.28179199786,4.20480506569,24.09305769
1.732,0.277052716717,2,6.58609236235,13.5128981559,5.67994389807,5.21598664359,7.14530317168,13.0897603033,5.30890017426,5.16801485165,24.31670463
1.7325,0.451618607154,2,8.10284867414,16.3534078895,7.52148861395,5.87283118601,8.30187455457,14.1830489726,6.56239477103,6.34352711998,24.5896459201
1.733,0.661544433735,2,9.88476200793,19.431396426,10.2696015479,7.10807871652,10.213497923,16.2668742644,8.06979629538,7.75715027379,24.9178739938
1.7335,0.908169172716,2,11.902388828,22.4525550841,14.1937856601,8.2321446011,11.3077248288,18.681285384,9.84071945207,9.41790086842,25.303482398
1.734,1.18741770765,2,14.0568636142,24.886054991,19.4732209308,9.29056847787,11.3628352679,22.1831387955,11.8459023021,11.2983374068,25.7400995127
1.7345,1.4856066104,2,16.1481675783,25.969378651,26.002713621,10.3461143516,10.549071953,26.1570444112,13.987089091,13.3063168155,26.2063307084
1.735,1.77505239011,2,17.8656938151,24.899116593,33.1677337666,11.4686756462,9.15336646024,29.7231944496,16.065494672,15.2554207568,26.6588916545
1.7355,2.0127656682,2,18.8379954109,21.2582024662,39.7950164778,12.9012178117,7.40549260641,32.5220713422,17.7724278473,16.8561623108,27.0305666057
1.736,2.14733653802,2,18.7585286418,15.4599039273,44.5257562966,14.3105190778,5.39061422301,34.3707477935,18.7387326494,17.7623514182,27.2409739581
1.7365,2.13633798337,2,17.5338392665,8.7434276154,46.5179763337,15.1176729953,3.01532460525,35.8180228371,18.6597560017,17.6882880609,27.2237772441
1.737,1.96683552116,2,15.3437926601,2.55688497457,45.9000310884,14.8320542734,0.314224459673,37.3288837634,17.4426200539,16.5468724995,26.9587528421
1.7375,1.66372332013,2,12.5585602436,-2.16028835733,43.5473645192,13.4868169828,-2.32937402142,38.6081097456,15.2660808385,14.5057400073,26.4848238575
1.738,1.27823475304,2,9.58131397749,-5.20698091354,40.4758169763,11.6191696105,-4.31224715593,38.852908994,12.4980266971,11.9098918792,25.8820958756
1.7385,0.866170614266,2,6.72690443316,-6.8757515117,37.4093419204,9.62208362712,-5.05723916411,37.0507042106,9.53914297594,9.13508604941,25.2378158425
1.739,0.471107624688,2,4.18147928184,-7.61096927806,34.6992455667,7.26027015924,-6.05668284813,34.4647814308,6.70233836548,6.47476455217,24.6201178387
1.7395,0.118809450791,2,2.02005400042,-7.80371049786,32.4367422184,5.53031418003,-6.28066130139,31.6137640724,4.1726124475,4.10241778677,24.0692844664
1.74,-0.180341431436,2,0.243728773045,-7.73020914348,30.5862454152,3.5338006993,-7.35125930042,29.2841430506,2.02451803138,2.08796048781,23.6015491744
1.7405,-0.426192751609,2,-1.18653204469,-7.5628535266,29.0724608756,1.89165417088,-8.15666885486,26.9476742597,0.259148515745,0.432418031455,23.2171500438
1.741,-0.624147216711,2,-2.32658249934,-7.40043730056,27.8219690362,0.295524245295,-9.20903397378,25.5335993127,-1.1622909865,-0.900590964264,22.9076397096
1.7415,-0.781935275463,2,-3.2353554203,-7.2952233352,26.7774603677,-1.15694269284,-10.2885600638,24.3769706658,-2.29531003499,-1.96312270168,22.660931282
1.742,-0.907713493839,2,-3.96775729486,-7.27179002158,25.8993317623,-2.52270872463,-11.5538533287,23.4212575699,-3.19847798339,-2.81010282145,22.464271619
1.7425,-1.00908117414,2,-4.5715713503,-7.3387973815,25.1628094761,-3.85899718294,-13.0875776544,22.6046046034,-3.92636267624,-3.49270439674,22.3057788838
1.743,-1.09265172776,2,-5.0865684837,-7.49589910239,24.5542580456,-5.15534580346,-14.7938878817,21.9854222332,-4.5264526317,-4.05546159295,22.1751127229
1.7435,-1.16392962394,2,-5.54472302678,-7.73758693246,24.0679796138,-6.55319657692,-16.5899691446,21.6550668316,-5.03827345479,-4.5354410506,22.0636666615
1.744,-1.22734025253,2,-5.97089469744,-8.05513507993,23.7037605521,-7.93352254925,-18.238599559,21.5801636431,-5.49360227146,-4.96244297905,21.9645214119
1.7445,-1.28632430919,2,-6.3836201791,-8.43736067751,23.4650239925,-9.2929296145,-19.7590905917,21.7552895482,-5.91714547415,-5.35963673817,21.8722972983
1.745,-1.34344735342,2,-6.79582474636,-8.87064903074,23.3573330933,-10.6376880475,-21.177323606,22.1788458809,-6.32732541891,-5.74429859354,21.7829829577
1.7455,-1.40049830078,2,-7.21536585105,-9.33855785804,23.3869883468,-11.7659341914,-22.2080943199,22.6392252236,-6.73698766208,-6.12847495453,21.6937813437
1.746,-1.45856465759,2,-7.64538800315,-9.82126704774,23.5595043968,-12.6987612011,-22.890995975,23.1540806145,-7.15394119365,-6.51948899875,21.6029920933
1.7465,-1.51808163802,2,-8.08452036728,-10.2951473135,23.8778210847,-13.4550989938,-23.2612956056,23.7441809281,-7.58131112944,-6.92027142249,21.5099347303
1.747,-1.57885951236,2,-8.52699530134,-10.7327542919,24.3402074389,-14.0516340986,-23.3513438103,24.4327303091,-8.01773508886,-7.3295446015,21.4149059054
1.7475,-1.64010001326,2,-8.9628101498,-11.1035783016,24.9379693666,-14.5029948928,-23.1920701235,25.2429540051,-8.4574810025,-7.74193306952,21.319153744
1.748,-1.70041872866,2,-9.37809029496,-11.375844443,25.6532723623,-14.82190058,-22.8140641801,26.1936410157,-8.89060790746,-8.14811431021,21.2248428339
1.7485,-1.75789534969,2,-9.75582415668,-11.5195055851,26.4576062305,-15.0192332891,-22.2480908967,27.2928986672,-9.30332675951,-8.53515712253,21.1349756607
1.749,-1.81017539793,2,-10.0771093644,-11.510263792,27.3115668391,-15.1040645215,-21.5249887048,28.5310654667,-9.6787308996,-8.88720664344,21.053233553
1.7495,-1.85464270113,2,-10.3229547751,-11.3340206355,28.1665871483,-15.0837622727,-20.6750900437,29.8746429497,-9.99803453991,-9.1866457854,20.9837070088
1.75,-1.88866880055,2,-10.4765243438,-10.9907271192,28.9689076486,-14.9643810729,-19.7275323249,31.2638393763,-10.2423636679,-9.41577472472,20.9305057365
1.7505,-1.90992351259,2,-10.525519186,-10.4964085677,29.6654372176,-14.7515209661,-18.7099631963,32.6162224802,-10.3949860766,-9.55890219765,20.8972730785
1.751,-1.91670461689,2,-10.4642435156,-9.88239770028,30.2104121707,-14.4516759654,-17.6490262107,33.8375159576,-10.4436787369,-9.60456559315,20.8866705298
1.7515,-1.90822379129,2,-10.294871045,-9.19155756339,30.5712652026,-14.0738112196,-16.5715927623,34.8378913522,-10.382780992,-9.547456415,20.899930666
1.752,-1.88478188726,2,-10.0275683603,-8.47226052266,30.7321890575,-13.6306644298,-15.5061680121,35.5493630248,-10.2144531477,-9.38960057208,20.9365830929
1.7525,-1.84778600559,2,-9.67941135009,-7.77165322023,30.6945745742,-13.1392463421,-14.4836004626,35.9387592052,-9.94879908625,-9.14047336474,20.9944277477
1.753,-1.79959952529,2,-9.27234535571,-7.12989853912,30.474515106,-12.620274992,-13.5364256307,36.0121695637,-9.60278937871,-8.81598959176,21.0697693855
1.7535,-1.74325977929,2,-8.83066316012,-6.57659497252,30.0984161032,-12.096677516,-12.6967851626,35.8100965969,-9.19823401562,-8.43660240193,21.1578590056
1.754,-1.68212899693,2,-8.37852972276,-6.1297315237,29.5980797131,-11.5916006142,-11.9934996016,35.3958996206,-8.75927595114,-8.02495276945,21.2534396174
1.7545,-1.61955171617,2,-7.93797548805,-5.79676467737,29.0064220193,-11.1264456131,-11.449170808,34.8418454071,-8.30993110426,-7.60356253643,21.3512818917
1.755,-1.55857704861,2,-7.52758314158,-5.57698430976,28.3544617972,-10.7193125211,-11.078060312,34.2167497486,-7.87209404382,-7.19296416815,21.4466184113
1.7555,-1.50177692068,2,-7.16189281703,-5.46430350786,27.6696906359,-10.3840238425,-10.885107199,33.5775632281,-7.46423284433,-6.81047680442,21.5354278583
1.756,-1.4511637516,2,-6.85140751453,-5.44982593239,26.9755826574,-10.1297170258,-10.8660585232,32.96542778,-7.10079796137,-6.46965190996,21.6145637286
1.7565,-1.40819120337,2,-6.60301228549,-5.52383827468,26.2918657923,-9.96089183198,-11.0084380432,32.405454716,-6.79222761646,-6.18027832429,21.6817531591
1.757,-1.37381219775,2,-6.4206150852,-5.67712303426,25.6351967935,-9.87776926328,-11.2930019538,31.9089426535,-6.54536439659,-5.9487729438,21.7355062155
1.7575,-1.34856761314,2,-6.30584897678,-5.90164162274,25.0199751142,-9.87683211217,-11.6953710804,31.4767899449,-6.36409215422,-5.77877799899,21.7749772111
1.758,-1.33268347276,2,-6.25872096743,-6.19070555528,24.4591323661,-9.93724231976,-12.1667393002,31.0888201464,-6.25003388037,-5.67181551143,21.7998127488
1.7585,-1.32616074644,2,-6.27813635686,-6.53876201417,23.9648114226,-10.0403981454,-12.6631189229,30.7263129208,-6.20319653901,-5.62789201185,21.8100113124
1.759,-1.32884792278,2,-6.36226149765,-6.94089839543,23.5488936122,-10.2111351109,-13.206242892,30.4159295903,-6.22249218156,-5.64598723508,21.8058097965
1.7595,-1.34049121682,2,-6.50871074619,-7.39214046859,23.2233477853,-10.4547898218,-13.7912594613,30.167897179,-6.30609846984,-5.72439221411,21.7876050046
1.76,-1.36076044485,2,-6.71455706464,-7.8865946748,23.0003694737,-10.7282716996,-14.3443579448,29.9481499757,-6.45164447402,-5.86088351927,21.7559131934
1.7605,-1.38925049181,2,-6.97617384497,-8.41647580522,22.8922604045,-11.0180831121,-14.8376075227,29.7582283035,-6.65622120912,-6.05273313916,21.7113677776
1.761,-1.425459419,2,-7.28892237395,-8.97107305211,22.9109768343,-11.3107221422,-15.2456240217,29.6060932815,-6.91622443469,-6.29656106012,21.65475356
1.7615,-1.46874520785,2,-7.64670942891,-9.53574464687,23.067259999,-11.5930188406,-15.5463037097,29.5067990313,-7.22704404734,-6.58804398222,21.5870743644
1.762,-1.51826452923,2,-8.04145700626,-10.0910951518,23.36926812,-11.8524315017,-15.7215650279,29.4825076325,-7.58262440514,-6.92150299676,21.509648772
1.7625,-1.57289935146,2,-8.46255415711,-10.6125732526,23.8206769285,-12.0773028366,-15.7580704734,29.5614771051,-7.97493732661,-7.28940937099,21.4242248738
1.763,-1.63118107198,2,-8.89639929097,-11.0708096632,24.4183268499,-12.2570682458,-15.6478504653,29.7755325516,-8.39343730722,-7.68187365665,21.3330988929
1.7635,-1.69122717011,2,-9.32618406717,-11.4330500658,25.1496834274,-12.3824035124,-15.3887034118,30.1555397527,-8.82460664604,-8.0862191152,21.2392142316
1.764,-1.75071129666,2,-9.73210194087,-11.6659604574,25.9906272117,-12.4453053522,-14.9842270404,30.7246775049,-9.25174066998,-8.48678030362,21.1462082371
1.7645,-1.80689213764,2,-10.0921604354,-11.739823932,26.9043288901,-12.4391248603,-14.443381303,31.4899857403,-9.65515499357,-8.86509744022,21.058367072
1.765,-1.85672583637,2,-10.3837069228,-11.6336888545,27.8420576704,-12.3586238914,-13.7796206528,32.4337597474,-10.0129927815,-9.20067344583,20.9804499371
1.7655,-1.89707716828,2,-10.5856252392,-11.3404631417,28.7465495071,-12.2001794725,-13.0098436742,33.507565542,-10.3027411189,-9.47239597754,20.9173588913
1.766,-1.92502356226,2,-10.680941313,-10.8705203653,29.557935635,-11.9622759491,-12.1535906424,34.6322552229,-10.5034140784,-9.66058468326,20.8736635004
1.7665,-1.93821573125,2,-10.6593567635,-10.2524080518,30.2213196973,-11.6463395052,-11.2329041931,35.7064739679,-10.5981422782,-9.74941965817,20.8530369758
1.767,-1.9352283335,2,-10.519114069,-9.52991797771,30.6942697048,-11.2577721931,-10.2729389889,36.6233952591,-10.5766908542,-9.72930276879,20.8577079009
1.7675,-1.91581812018,2,-10.267675393,-8.75594062892,30.9522362685,-10.8068178494,-9.30286233862,37.2916883058,-10.4373131243,-9.59859599762,20.8880566056
1.768,-1.88101788795,2,-9.92097970568,-7.98466831281,30.990475387,-10.3088031436,-8.35617837884,37.6540915877,-10.1874252284,-9.36425411204,20.9424682679
1.7685,-1.83303366123,2,-9.50143162272,-7.26424528666,30.8222315578,-9.78345524329,-7.4696918095,37.6973488478,-9.84286783075,-9.04113229796,21.0174936736
1.769,-1.7749663386,2,-9.03510919355,-6.63162888647,30.4741415196,-9.25334171431,-6.68092953447,37.4507321332,-9.42590736394,-8.65011174997,21.1082844341
1.7695,-1.71042523821,2,-8.5488250207,-6.11046542604,29.9804845909,-8.74180124193,-6.02457962582,36.9749201591,-8.96246103766,-8.21549731792,21.2091972251
1.77,-1.64312134361,2,-8.067604838,-5.71173702066,29.3778400747,-8.27085921024,-5.52892533881,36.3460896895,-8.47917608429,-7.76227845822,21.3144297638
1.7705,-1.57651832779,2,-7.61293002358,-5.43625663568,28.7011360599,-7.85952761255,-5.21316354712,35.6405011689,-8.00092388826,-7.31377925827,21.4185664484
1.771,-1.51358930914,2,-7.20183765163,-5.27792287484,27.9813803988,-7.52268477464,-5.08606893306,34.9231814175,-7.54905333859,-6.89002045133,21.5169586801
1.7715,-1.45669229456,2,-6.84677353709,-5.22686095531,27.2448533604,-7.27054150226,-5.14599435299,34.2419564112,-7.14049643112,-6.50688066096,21.6059196135
1.772,-1.40754984026,2,-6.55598781269,-5.27194027125,26.5133107218,-7.10858854043,-5.38188847169,33.626242736,-6.78762221966,-6.17595943815,21.6827559579
1.7725,-1.36730380134,2,-6.33424075848,-5.4024901954,25.8047401475,-7.03788399333,-5.77490877797,33.0891101149,-6.4986299532,-5.90494594072,21.7456823736
1.773,-1.33661302176,2,-6.18361863794,-5.60925320508,25.1343230649,-7.05554918643,-6.30025322543,32.6310384873,-6.27825055215,-5.69827676936,21.7936687297
1.7735,-1.31576624966,2,-6.10431370177,-5.884715645,24.515387079,-7.08753036649,-6.82921597871,32.1755832563,-6.12855741269,-5.55789633025,21.826263556
1.774,-1.30479009341,2,-6.09527708502,-6.222975192,23.9602402097,-7.15459494892,-7.3738765087,31.7404696466,-6.0497415998,-5.48398380184,21.8434252491
1.7745,-1.30353938542,2,-6.15469674194,-6.61927876956,23.4808426306,-7.28433180332,-7.95816988323,31.3513861537,-6.04076071754,-5.47556163767,21.845380785
1.775,-1.31176333049,2,-6.2802817794,-7.06932451182,23.0892979234,-7.49988625426,-8.60159091058,31.0327238575,-6.09981389616,-5.53094100359,21.8325222925
1.7755,-1.32914485881,2,-6.4693513144,-7.56838473501,22.798144285,-7.82036638109,-9.31995054453,30.8096069999,-6.22462437193,-5.64798677775,21.8053455242
1.776,-1.35531292425,2,-6.71873427373,-8.1102844834,22.6204066848,-8.18142805783,-10.0087512182,30.6288783413,-6.41252779653,-5.82420036611,21.7644306265
1.7765,-1.38982863614,2,-7.02449119005,-8.68626917237,22.5693423915,-8.54930287636,-10.6109625435,30.4753192927,-6.66037265474,-6.05662631531,21.710463824
1.777,-1.43214675468,2,-7.38147512437,-9.28382108211,22.6577837453,-8.90989283469,-11.1012038629,30.3613087538,-6.96424377639,-6.3415930255,21.6442976226
1.7775,-1.48155492058,2,-7.78276152158,-9.88554270719,22.8969664756,-9.24955535518,-11.457803124,30.3076331765,-7.31902596691,-6.67430352829,21.5670458266
1.778,-1.5370947446,2,-8.21900081837,-10.4683153685,23.2947491166,-9.55537598582,-11.6635889536,30.3431988463,-7.71783737922,-7.04830410965,21.4802069191
1.7785,-1.59747220553,2,-8.67778587492,-11.0030519556,23.8532064463,-9.8154116708,-11.7066757693,30.5033884103,-8.15138611467,-7.45488093795,21.3858041578
1.779,-1.6609701,2,-9.14317698621,-11.4554580116,24.5657456081,-10.0188961405,-11.5811324772,30.8264034498,-8.60734155604,-7.88247050756,21.2865224643
1.7795,-1.72538230186,2,-9.5955795801,-11.7882286499,25.4141582908,-10.1563951807,-11.2873733241,31.3470197569,-9.06986230847,-8.3162169475,21.1858112117
1.78,-1.78799683508,2,-10.0122001017,-11.9649477056,26.3663468479,-10.2199111206,-10.8321033527,32.0876758287,-9.51947465183,-8.73785803552,21.0879106915
1.7805,-1.84565897019,2,-10.3682783527,-11.9555419517,27.3757246063,-10.2029733209,-10.2277363621,33.0478773263,-9.93352561341,-9.12615008425,20.9977534592
1.781,-1.89494178548,2,-10.6391736931,-11.7424927896,28.3832872626,-10.1008123732,-9.49140228632,34.1944418515,-10.2874077065,-9.45801648642,20.9206976543
1.7815,-1.93243490669,2,-10.8031572619,-11.326316272,29.3228800772,-9.91076699579,-8.64391678452,35.456535902,-10.5566322654,-9.71049206367,20.8620755441
1.782,-1.95513096272,2,-10.8444776736,-10.7284684787,30.1292125423,-9.63304715584,-7.70923010237,36.7296445008,-10.7196044447,-9.86332542783,20.8265892827
1.7825,-1.96084989167,2,-10.7560339614,-9.99020562102,30.7469987374,-9.27181541707,-6.71469547791,37.8904800336,-10.7606700075,-9.90183622241,20.8176474909
1.783,-1.94860888813,2,-10.5409439907,-9.1671094348,31.1388230115,-8.83628219676,-5.69195157542,38.8204711178,-10.6727717832,-9.81940631697,20.8367868273
1.7835,-1.91883947854,2,-10.2125185345,-8.32054072346,31.2894977088,-8.34130397709,-4.67758812508,39.4308888819,-10.4590084072,-9.61894157493,20.8833325817
1.784,-1.87338393315,2,-9.7925874272,-7.50841809074,31.2058522639,-7.80702437541,-3.71256040308,39.6808900135,-10.1326085568,-9.31284769183,20.9544042851
1.7845,-1.81526359825,2,-9.30859536183,-6.77781894302,30.9125011247,-7.25744101066,-2.83980612228,39.5824049275,-9.71526742797,-8.92147016356,21.0452779326
1.785,-1.74827694153,2,-8.79018718474,-6.16097334771,30.4453512923,-6.71821328117,-2.10041759213,39.1914406479,-9.23426044521,-8.47038755751,21.1500144563
1.7855,-1.67652694172,2,-8.26602991876,-5.67485882935,29.844915175,-6.21427580421,-1.52942226285,38.5905642266,-8.71904961649,-7.98722899304,21.262198672
1.786,-1.60398124242,2,-7.76141041836,-5.32351051065,29.1509697534,-5.76778170644,-1.15232308209,37.8694130824,-8.1981251571,-7.49871225395,21.3756269982
1.7865,-1.53413965685,2,-7.2968366976,-5.10170838999,28.3992233505,-5.39667140612,-0.983121480195,37.1088338439,-7.69661796165,-7.02840479317,21.4848273261
1.787,-1.46984058548,2,-6.88759250765,-4.99883540638,27.6198918395,-5.11391816349,-1.02395265613,36.371335802,-7.23490955839,-6.59542016459,21.5853616942
1.7875,-1.41319936752,2,-6.54402330611,-5.00212924665,26.8376753557,-4.92734611998,-1.2660200072,35.6978136729,-6.82818943403,-6.21400288749,21.6739226787
1.788,-1.36564786036,2,-6.27227445999,-5.09900053608,26.0725458938,-4.83986061911,-1.69133219204,35.1089150815,-6.48673923923,-5.89379497112,21.7482715087
1.7885,-1.32803661016,2,-6.07522624588,-5.27841077403,25.340869443,-4.83204769895,-2.2484704836,34.5909457326,-6.21666643868,-5.64052392295,21.8070783187
1.789,-1.30076426001,2,-5.95343285133,-5.53146738818,24.6565586777,-4.8141570009,-2.78312851633,34.0516195374,-6.02083354449,-5.45687417269,21.8497198131
1.7895,-1.28390751194,2,-5.90594160865,-5.85143753877,24.0321018855,-4.82225597432,-3.32731215324,33.5223796674,-5.89979132619,-5.34336222539,21.8760760649
1.79,-1.27733451251,2,-5.93092611124,-6.23335841566,23.4794110934,-4.88717982007,-3.90723394889,33.029327986,-5.85259299179,-5.29910019086,21.8863532327
1.7905,-1.28079247891,2,-6.02610652738,-6.67337104136,23.0104786036,-5.03483853689,-4.54407810136,32.5961417051,-5.87742339928,-5.32238585057,21.8809465532
1.791,-1.29396587227,2,-6.18895331608,-7.16785271259,22.6378391677,-5.28669380332,-5.25485690214,32.246502635,-5.97201677811,-5.41109439195,21.8603493852
1.7915,-1.31650459287,2,-6.41668092994,-7.71238408011,22.3748180085,-5.66027715596,-6.05325222423,32.0061021153,-6.13385918853,-5.56286827233,21.8251091245
1.792,-1.34802310854,2,-6.70604132926,-8.30056835217,22.2355128753,-6.11488836757,-6.86986836509,31.8489469801,-6.36018226337,-5.77511135002,21.7758285675
1.7925,-1.38807187612,2,-7.05292885339,-8.92272854525,22.2344194142,-6.5683165447,-7.57695886451,31.715243049,-6.64775799562,-6.04479643858,21.713210594
1.793,-1.4360826539,2,-7.45181399383,-9.56455094997,22.3855731348,-7.00579525459,-8.14885443599,31.6222383811,-6.99250604683,-6.36809704531,21.6381436746
1.7935,-1.49129013329,2,-7.89503985843,-10.2058251936,22.7010644163,-7.41314346915,-8.56405646525,31.5968584242,-7.38893101244,-6.73985964545,21.5518244022
1.794,-1.55263456631,2,-8.37204713402,-10.8195531579,23.188811992,-7.77702831637,-8.80611124971,31.6751841232,-7.82942322515,-7.15294798382,21.4559097384
1.7945,-1.61865449703,2,-8.86864415459,-11.371842311,23.8495922014,-8.08520308237,-8.86448244712,31.9001855094,-8.30348849771,-7.59752073692,21.3526847325
1.795,-1.68738573566,2,-9.36650451542,-11.8231119909,24.6735524873,-8.3267075639,-8.73527077106,32.3168479063,-8.797022693,-8.06035121334,21.2452204799
1.7955,-1.75629182622,2,-9.84313900351,-12.1311279523,25.6367951685,-8.49201517062,-8.42157137085,32.964003122,-9.29181243674,-8.5243591281,21.1374828388
1.796,-1.82226016148,2,-10.2726172213,-12.2561158532,26.6990318934,-8.57313131363,-7.93327065741,33.8629437771,-9.76550722101,-8.9685844417,21.0343385046
1.7965,-1.88170185899,2,-10.6272584186,-12.1675997507,27.8035922758,-8.56370313221,-7.28622531844,35.0044418764,-10.1923365773,-9.36885991645,20.9413988498
1.797,-1.93078577966,2,-10.8803273813,-11.851734987,28.8809357808,-8.45928142471,-6.50105019994,36.3378793244,-10.5447904799,-9.69938697865,20.8646540252
1.7975,-1.96581165082,2,-11.0094603548,-11.3170871085,29.8560263429,-8.25792475728,-5.60205669851,37.767829572,-10.7962986076,-9.93524829817,20.8098895667
1.798,-1.9836842293,2,-11.00019102,-10.5965934544,30.6585503007,-7.96125670281,-4.61697043708,39.1629590731,-10.9246351371,-10.0556007634,20.7819450203
1.7985,-1.98240131209,2,-10.8487111053,-9.74427315813,31.2335339625,-7.57582397673,-3.57766573508,40.378330233,-10.9154229721,-10.0469617051,20.7839509166
1.799,-1.96143581747,2,-10.5630530364,-8.82702030482,31.5492886981,-7.11425811739,-2.52135426632,41.2859710942,-10.764877329,-9.90578179826,20.8167313707
1.7995,-1.92189946889,2,-10.1622746845,-7.91371872861,31.6003428909,-6.59558144514,-1.49099292358,41.8034217363,-10.4809810925,-9.6395472969,20.8785481549
