draw,strategy,k_total_per_h,layer_USD,electricity_scale,fixed_USD_kg,emission_factor_kg_kWh,window_feasible,cost_reduction_fraction,predicted_life_h,electricity_only_kgCO2e_per_tCl2
0,rule,0.006066731731903821,0.1590072334219454,1.280160543448976,0.1281946434989295,0.30014497781637905,True,0.009566176189411246,56.440264925597916,790.6455145869245
0,mpc,0.006066731731903821,0.1590072334219454,1.280160543448976,0.1281946434989295,0.30014497781637905,True,-0.0026379744669644545,57.15469865883334,789.7379646717875
1,rule,0.004802688719948128,0.3100689662435657,0.7643224846795672,0.12738281635020268,0.5205692374805881,True,0.000995602085224423,71.2950528646548,1363.065654752854
1,mpc,0.004802688719948128,0.3100689662435657,0.7643224846795672,0.12738281635020268,0.5205692374805881,True,-0.006243714595279615,72.19752188825804,1361.6622521704496
2,rule,0.0031894330576303256,0.34375436741307225,1.005235294138887,0.13001896927307344,0.4808941172750981,True,0.006162191413461304,107.35699417237001,1249.0209666084734
2,mpc,0.0031894330576303256,0.34375436741307225,1.005235294138887,0.13001896927307344,0.4808941172750981,True,-0.0041879480421769255,108.71594346569117,1247.9438777354367
3,rule,0.003032438488588583,0.327168581445043,1.2217482785620146,0.12137744684452499,0.5218958452147181,True,0.008713218344877705,112.91505086408311,1354.4102005748684
3,mpc,0.003032438488588583,0.327168581445043,1.2217482785620146,0.12137744684452499,0.5218958452147181,True,-0.0033971162905479524,114.34435530540063,1353.265688262975
4,rule,0.003620793812486153,0.4254779407157445,0.9556503876079655,0.12975511130783066,0.40195248981167586,True,0.0028137322564537603,94.56709327120586,1046.300930227873
4,mpc,0.003620793812486153,0.4254779407157445,0.9556503876079655,0.12975511130783066,0.40195248981167586,True,-0.00577427691701371,95.76414508476545,1045.3498882443998
5,rule,0.0035606897812748796,0.39165001780175585,1.0478543328991528,0.1760058189345166,0.48639706986388465,True,0.004273219122708949,96.16337485558385,1265.7262430313215
5,mpc,0.0035606897812748796,0.39165001780175585,1.0478543328991528,0.1760058189345166,0.48639706986388465,True,-0.00460623027210727,97.38063276514822,1264.5838654928516
6,rule,0.003429470452723259,0.46229381836474864,0.7240298488810355,0.10907133409776852,0.496024398911424,True,-0.00038126077585554086,99.84280398429598,1289.9127718934822
6,mpc,0.003429470452723259,0.46229381836474864,0.7240298488810355,0.10907133409776852,0.496024398911424,True,-0.007251505277006798,101.10663694612252,1288.7667373496517
7,rule,0.004378056166946612,0.07187279300958471,0.8473525009018587,0.12788959498236396,0.1632363105819137,True,0.011339443287824325,78.2100395984615,426.5299795621771
7,mpc,0.004378056166946612,0.07187279300958471,0.8473525009018587,0.12788959498236396,0.1632363105819137,True,-0.0010804528390333523,79.20004009970788,426.10881896955743
8,rule,0.008048058484360484,0.31903967874476086,0.7593865311622675,0.10205895327669638,0.17516037472173393,False,,42.545409783809696,465.52715175391234
8,mpc,0.008048058484360484,0.31903967874476086,0.7593865311622675,0.10205895327669638,0.17516037472173393,False,,43.083959274744,464.9159340114256
9,rule,0.0032514124804469734,0.12563504847095674,1.0554652765470243,0.05438274726648857,0.3069462197412527,True,0.014093829373806321,105.31052219314608,797.4834645388919
9,mpc,0.0032514124804469734,0.12563504847095674,1.0554652765470243,0.05438274726648857,0.3069462197412527,True,-0.0016871869785255456,106.64356677786947,796.7903465502271
10,rule,0.0040721641397921384,0.4059167342386359,0.8293535583048847,0.06015926481290777,0.20691995097198215,True,0.000809796227815518,84.08500601320584,539.8510128124043
10,mpc,0.0040721641397921384,0.4059167342386359,0.8293535583048847,0.06015926481290777,0.20691995097198215,True,-0.007671460875913638,85.14937317792997,539.3347928623997
11,rule,0.003326924630355012,0.3405122956841474,1.2771891074063133,0.11567103491161285,0.23962607329612004,True,0.008311405920446546,102.92025946636646,622.8199882959797
11,mpc,0.003326924630355012,0.3405122956841474,1.2771891074063133,0.11567103491161285,0.23962607329612004,True,-0.003720223654995136,104.22304756087743,622.2735523311821
12,rule,0.006039848325772302,0.22871555553537798,0.846897238507942,0.17561905382084364,0.4142660746266803,True,0.002645079102151837,56.691480930094414,1091.1282474443349
12,mpc,0.006039848325772302,0.22871555553537798,0.846897238507942,0.17561905382084364,0.4142660746266803,True,-0.0048453840206355014,57.40909461275385,1089.878410508553
13,rule,0.004314374113617677,0.18576486874344983,1.2353300857865377,0.1359471879655129,0.22165723231643317,True,0.010000481597443267,79.3644540700408,578.9987963258652
13,mpc,0.004314374113617677,0.18576486874344983,1.2353300857865377,0.1359471879655129,0.22165723231643317,True,-0.0024252860888374084,80.36906741269956,578.4308129795959
14,rule,0.004085142649916163,0.05945003773276882,1.3283779273558622,0.100313854475352,0.46296089088051784,True,0.01547921117239437,83.81786770364315,1207.9363987071479
14,mpc,0.004085142649916163,0.05945003773276882,1.3283779273558622,0.100313854475352,0.46296089088051784,True,-0.00036224897285808133,84.87885337077788,1206.7797227542735
15,rule,0.004917197351734407,0.08413199255072715,0.7822369186369335,0.1716606017766526,0.3193676710981157,True,0.008871773194787491,69.63477804290447,836.7022965393124
15,mpc,0.004917197351734407,0.08413199255072715,0.7822369186369335,0.1716606017766526,0.3193676710981157,True,-0.0014445744903968105,70.51623092952353,835.8314976836909
16,rule,0.004974981645990921,0.3956088842655168,0.9443900838171515,0.07633757709555149,0.1604356837106133,True,0.00038259852880107026,68.8259717414459,420.43859408131186
16,mpc,0.004974981645990921,0.3956088842655168,0.9443900838171515,0.07633757709555149,0.1604356837106133,True,-0.007670690500989563,69.69718657361611,419.99866921867505
17,rule,0.004369685498048684,0.4541399538431454,1.042585435731185,0.05821674816087801,0.5837126656610884,True,0.0014501673197208076,78.35986052865543,1525.1547590887726
17,mpc,0.004369685498048684,0.4541399538431454,1.042585435731185,0.05821674816087801,0.5837126656610884,True,-0.007606164441974705,79.3517574973726,1523.650091597472
18,rule,0.0036434869738057145,0.2363352011544842,0.7632838698517251,0.16192236598092094,0.22484686909699528,True,0.005109376835759516,93.978089847136,585.3544051247173
18,mpc,0.0036434869738057145,0.2363352011544842,0.7632838698517251,0.16192236598092094,0.22484686909699528,True,-0.0036407850178461487,95.16768592115041,584.8209310827534
19,rule,0.0041445846737804305,0.24691088989702642,0.704264594578461,0.12812151391352583,0.4483117793748147,True,0.0035330612218171797,82.61574394832185,1170.0621686557624
19,mpc,0.0041445846737804305,0.24691088989702642,0.704264594578461,0.12812151391352583,0.4483117793748147,True,-0.004781183801597866,83.66151285906011,1168.9346135879166
20,rule,0.004621741373606265,0.1910227992177051,0.7593302471983985,0.17635495477839158,0.1757610607416932,True,0.004849625669253066,74.08634938696453,459.8083367621494
20,mpc,0.004621741373606265,0.1910227992177051,0.7593302471983985,0.17635495477839158,0.1757610607416932,True,-0.0034976983874588363,75.02415127793878,459.3431147053706
21,rule,0.003037490365493795,0.23384027967048238,0.7687251487174339,0.09546650982154337,0.6237192060819102,True,0.007409794066835951,112.7272534164957,1618.7020407975147
21,mpc,0.003037490365493795,0.23384027967048238,0.7687251487174339,0.09546650982154337,0.6237192060819102,True,-0.003644795729968564,114.15418067493236,1617.333287891727
22,rule,0.0068012142168500525,0.13107322504905244,1.3341568029571114,0.13610112945876116,0.4357394870163609,True,0.0103269703909038,50.34512004236908,1151.7033807045696
22,mpc,0.0068012142168500525,0.13107322504905244,1.3341568029571114,0.13610112945876116,0.4357394870163609,True,-0.002150157798316954,50.982400042905404,1150.307719764949
23,rule,0.004634102227666231,0.2576540068611112,1.1445014597667453,0.12085790851145581,0.37505662827756003,True,0.007012964053521253,73.88873386024166,981.244741211355
23,mpc,0.004634102227666231,0.2576540068611112,1.1445014597667453,0.12085790851145581,0.37505662827756003,True,-0.003981392651733806,74.82403428885233,980.2507418370449
24,rule,0.004141472381091043,0.11735154377223068,0.8237574462676894,0.053828838043203264,0.5663989061068269,True,0.011659347456570823,82.67782920502734,1478.238282115111
24,mpc,0.004141472381091043,0.11735154377223068,0.8237574462676894,0.053828838043203264,0.5663989061068269,True,-0.002452542514898459,83.72438400509098,1476.814218402428
25,rule,0.003841927228293839,0.33454618394561364,1.021206051468711,0.14705928771762164,0.4594235484754534,True,0.004961578024984203,89.1240062173804,1197.2423980782355
25,mpc,0.003841927228293839,0.33454618394561364,1.021206051468711,0.14705928771762164,0.4594235484754534,True,-0.00453612277175508,90.2521581948156,1196.1262042161593
26,rule,0.0026325249383579033,0.21495518534657404,1.213294429329185,0.14690558316826205,0.23736215131560598,True,0.011069738111235017,130.06826305499987,614.7051164427096
26,mpc,0.0026325249383579033,0.21495518534657404,1.213294429329185,0.14690558316826205,0.23736215131560598,True,-0.0018780123794785997,131.71469676455686,614.2133351816373
27,rule,0.005090311999898058,0.48839278676716535,0.6730679599941403,0.131612396463811,0.358915199044205,True,-0.006145575244552504,67.26659312593029,941.0991199384885
27,mpc,0.005090311999898058,0.48839278676716535,0.6730679599941403,0.131612396463811,0.358915199044205,True,-0.009716393515964317,68.11806898828384,940.1039561189306
28,rule,0.004509775535575957,0.19091096976734123,0.8499967151955814,0.1575512025904809,0.3380264895745704,True,0.006168786500625356,75.92571813830935,883.8243041825099
28,mpc,0.004509775535575957,0.19091096976734123,0.8499967151955814,0.1575512025904809,0.3380264895745704,True,-0.00331870175062976,76.88680317803478,882.9399208609576
29,rule,0.004241282338315286,0.1277428548829358,1.3431366613260072,0.173843205911539,0.5355897238434272,True,0.011596488936846283,80.73217458029303,1398.52521946251
29,mpc,0.004241282338315286,0.1277428548829358,1.3431366613260072,0.173843205911539,0.5355897238434272,True,-0.0012968660975867241,81.75410084080308,1397.1636831391736
30,rule,0.0034380579271231803,0.263337701506674,0.9792564836598037,0.14560079198324158,0.29163046152727046,True,0.007092460206202134,99.59341972684429,758.4191869387851
30,mpc,0.0034380579271231803,0.263337701506674,0.9792564836598037,0.14560079198324158,0.29163046152727046,True,-0.0034053584744861976,100.85409592591827,757.7446603378487
31,rule,0.005253271487724268,0.12595978068477837,1.1515386384781956,0.11398970726262585,0.19984960330518273,True,0.011019757192374469,65.17994491267292,524.4291982223015
31,mpc,0.005253271487724268,0.12595978068477837,1.1515386384781956,0.11398970726262585,0.19984960330518273,True,-0.0020024409077383787,66.00500750650423,523.8664966166854
32,rule,0.006252435928178722,0.32848076892572525,0.8431794277756313,0.0736669124064874,0.45412298292868314,True,-0.0013855449841868595,54.76392723002657,1197.285837875637
32,mpc,0.006252435928178722,0.32848076892572525,0.8431794277756313,0.0736669124064874,0.45412298292868314,True,-0.008356505796744074,55.45714149876109,1195.8917763448578
33,rule,0.004720641420985294,0.4798267233413506,1.005168664667472,0.1357121133393973,0.6486351398211233,True,-0.0005565486708205558,72.53419941176462,1697.7154690880175
33,mpc,0.004720641420985294,0.4798267233413506,1.005168664667472,0.1357121133393973,0.6486351398211233,True,-0.007430927066794046,73.45235383469834,1695.981182193287
34,rule,0.006723634433504597,0.4742359994009653,1.2471593300434607,0.08535199419952348,0.17010887657718674,True,-0.002017571707020105,50.926020676395986,449.45687281516683
34,mpc,0.006723634433504597,0.4742359994009653,1.2471593300434607,0.08535199419952348,0.17010887657718674,True,-0.008905252306363964,51.57065384951493,448.9151760433134
35,rule,0.0033965449483226925,0.4953180137994336,1.0102234291124796,0.13148178264240967,0.2237475134071528,True,0.0024977564755245263,100.81066242043215,581.7577044996032
35,mpc,0.0033965449483226925,0.4953180137994336,1.0102234291124796,0.13148178264240967,0.2237475134071528,True,-0.006032225910250766,102.08674675486802,581.2429051531141
36,rule,0.004249163656112496,0.20132642302669151,0.7953404063308813,0.07814865469066051,0.33182996943608667,True,0.006830149156311083,80.58243313095821,866.5042506990542
36,mpc,0.004249163656112496,0.20132642302669151,0.7953404063308813,0.07814865469066051,0.33182996943608667,True,-0.004231757139208758,81.60246393008428,865.6599689780876
37,rule,0.003928342900924477,0.14710522716567342,1.0220189649914557,0.09530167092060632,0.1770806043720791,True,0.011082307401515612,87.16345665766666,461.6672077389728
37,mpc,0.003928342900924477,0.14710522716567342,1.0220189649914557,0.09530167092060632,0.1770806043720791,True,-0.002218426317624589,88.2667915520675,461.23262708678874
38,rule,0.003918151616111861,0.4549338139230041,0.8770330892038078,0.0708575784912517,0.6446448180177438,True,0.0005424213071266726,87.39017264496982,1680.5686100928156
38,mpc,0.003918151616111861,0.4549338139230041,0.8770330892038078,0.0708575784912517,0.6446448180177438,True,-0.0076883514353705,88.49637736199479,1678.9884262568023
39,rule,0.00585525010346924,0.40881530090646695,0.9826903900780238,0.05370954695856058,0.3232148232457871,True,-0.001526632953727347,58.478790851018665,850.5765036737369
39,mpc,0.00585525010346924,0.40881530090646695,0.9826903900780238,0.05370954695856058,0.3232148232457871,True,-0.008943119782741205,59.21902870989233,849.6163651490567
40,rule,0.0038801665490124405,0.3906260839125089,1.1543250970893688,0.17548078697716457,0.29354788839416557,True,0.004550025015114922,88.24568271903973,765.1235908304955
40,mpc,0.0038801665490124405,0.3906260839125089,1.1543250970893688,0.17548078697716457,0.29354788839416557,True,-0.004638879836370791,89.36271667750859,764.4072022880002
41,rule,0.003524857106435379,0.480423387316094,0.916730921688865,0.11035846095139457,0.2393661196253498,True,0.0014907209275230038,97.14094382891277,622.7762573960626
41,mpc,0.003524857106435379,0.480423387316094,0.916730921688865,0.11035846095139457,0.2393661196253498,True,-0.006669010538466136,98.37057602927877,622.2165602994738
42,rule,0.005660136002366973,0.07290357878969898,1.056246400349603,0.09383128510746437,0.5412757231730968,True,0.013059123150900853,60.4946499585865,1423.1223472530478
42,mpc,0.005660136002366973,0.07290357878969898,1.056246400349603,0.09383128510746437,0.5412757231730968,True,-0.001116316391787997,61.26040502135342,1421.5412928051462
43,rule,0.0040240617898444075,0.47755485331216624,1.0937953626219439,0.11821903442930233,0.3405664032371686,True,0.0021284585043002124,85.090131330817,888.3184539752765
43,mpc,0.0040240617898444075,0.47755485331216624,1.0937953626219439,0.11821903442930233,0.3405664032371686,True,-0.006474452866944258,86.16722160082735,887.4734313813358
44,rule,0.006224665113063971,0.052986916627343755,0.9941975186311551,0.08517630847645138,0.2511339713516523,True,0.01381133573952642,55.00825184355009,662.0245822154395
44,mpc,0.006224665113063971,0.052986916627343755,0.9941975186311551,0.08517630847645138,0.2511339713516523,True,-0.0007373750356738373,55.70455882891149,661.2553764271285
45,rule,0.007239894615098248,0.09777779709793875,0.7500652122040589,0.05643573776072965,0.5494533708522402,False,,47.29460363512992,1455.123248206359
45,mpc,0.007239894615098248,0.09777779709793875,0.7500652122040589,0.05643573776072965,0.5494533708522402,False,,47.89326950392904,1453.3066036027362
46,rule,0.006519320749429578,0.10677388774781774,0.9639005354848806,0.17461302401610002,0.3646038283864529,True,0.008353338871208371,52.52202788321818,962.449851274452
46,mpc,0.006519320749429578,0.10677388774781774,0.9639005354848806,0.17461302401610002,0.3646038283864529,True,-0.0020578159143991304,53.186863679208294,961.3067767201333
47,rule,0.00238346099764244,0.4624154155587642,0.9908598513788678,0.1326603093611066,0.171735112520405,True,0.00585439313703584,143.6599745159959,444.16062581270745
47,mpc,0.00238346099764244,0.4624154155587642,0.9908598513788678,0.1326603093611066,0.171735112520405,True,-0.00435764191375565,145.47845520607183,443.81802084361533
48,rule,0.0031994326733096306,0.22300764400657846,0.759553481135842,0.07602730372371355,0.551489292514926,True,0.007705922838957213,107.02145697192672,1432.45114386526
48,mpc,0.0031994326733096306,0.22300764400657846,0.759553481135842,0.07602730372371355,0.551489292514926,True,-0.0038708703227343655,108.37615895891315,1431.214303668904
49,rule,0.00320055358212909,0.14575426514641004,0.8000580340214074,0.17631364896055335,0.4214738694330452,True,0.008317105605391006,106.98397555131841,1094.752400978979
49,mpc,0.00320055358212909,0.14575426514641004,0.8000580340214074,0.17631364896055335,0.4214738694330452,True,-0.001866194579593694,108.33820308994271,1093.8070099365123
50,rule,0.006165189250277515,0.33763271202743955,0.9204700056262622,0.17402779922341738,0.23875939282929734,True,-0.00038994576183792873,55.53891896599448,629.2302727480873
50,mpc,0.006165189250277515,0.33763271202743955,0.9204700056262622,0.17402779922341738,0.23875939282929734,True,-0.006646734792231435,56.24194325670327,628.5024857693336
51,rule,0.002866245988291292,0.3392180116503861,1.03727988153809,0.10317601790275496,0.16586742436211735,True,0.007687675960416085,119.46216325463017,430.0813000075608
51,mpc,0.002866245988291292,0.3392180116503861,1.03727988153809,0.10317601790275496,0.16586742436211735,True,-0.003927387098604296,120.97434253633438,429.72584612711904
52,rule,0.005205128081500993,0.05202044024426599,1.2695616819938365,0.10145523883066343,0.43331683587738057,True,0.015115821622058379,65.78280895682467,1136.8126219452638
52,mpc,0.005205128081500993,0.05202044024426599,1.2695616819938365,0.10145523883066343,0.43331683587738057,True,-0.00031286095184523965,66.61550274108828,1135.5980403423441
53,rule,0.00369315216202751,0.36727319699344024,0.8233308682522134,0.13543814573543891,0.5273623716303376,True,0.0024820294130231124,92.7142806900228,1373.2538010955677
53,mpc,0.00369315216202751,0.36727319699344024,0.8233308682522134,0.13543814573543891,0.5273623716303376,True,-0.005574610763875443,93.88787917976994,1371.9950265916352
54,rule,0.002871766113333025,0.29557774679914073,1.237429741684252,0.1435874238535108,0.22855482650659417,True,0.009380405283474058,119.23253240974354,592.6419823791518
54,mpc,0.002871766113333025,0.29557774679914073,1.237429741684252,0.1435874238535108,0.22855482650659417,True,-0.002793059983015267,120.74180497189221,592.1518080925133
55,rule,0.005298261278290092,0.22706657107973766,0.6734598692998567,0.13436743594741735,0.18005740682795165,True,0.0018008346308696632,64.62647427076085,472.59387114462623
55,mpc,0.005298261278290092,0.22706657107973766,0.6734598692998567,0.13436743594741735,0.18005740682795165,True,-0.005426293928431969,65.4445309070996,472.0847764000703
56,rule,0.004619573172656553,0.35722132639170123,0.9632499599619608,0.076404929118599,0.32307905496184663,True,0.0026154610920694488,74.1211218837078,845.1978077277315
56,mpc,0.004619573172656553,0.35722132639170123,0.9632499599619608,0.076404929118599,0.32307905496184663,True,-0.006614699769870613,75.05936393286866,844.3428403183968
57,rule,0.00538806643597055,0.0656253378752747,0.6660571850098216,0.06776752023565565,0.5407950622268741,True,0.011351162098634293,63.54931778407171,1420.0251145436648
57,mpc,0.00538806643597055,0.0656253378752747,0.6660571850098216,0.06776752023565565,0.5407950622268741,True,-0.0017722654204590516,64.35373952817389,1418.4834075328463
58,rule,0.004981514238884006,0.3479519235109328,1.1188632774765987,0.051554064934710216,0.23464209288914414,True,0.004032552151511437,68.73571564012869,614.923739570229
58,mpc,0.004981514238884006,0.3479519235109328,1.1188632774765987,0.051554064934710216,0.23464209288914414,True,-0.006462289641945507,69.60578799000375,614.2799275094444
59,rule,0.0039844928237142835,0.3352002094494143,0.80509983794234,0.16561377969501545,0.3061956435340495,True,0.0022876029610473525,85.93513938418785,798.5086849900068
59,mpc,0.0039844928237142835,0.3352002094494143,0.80509983794234,0.16561377969501545,0.3061956435340495,True,-0.005191900542623085,87.02292595867124,797.7523668890141
60,rule,0.005591911697493115,0.3623230018869247,0.8928123069514708,0.06485032344751618,0.25900832950220687,True,-0.0005958763039770609,61.23271694985572,680.7653269041092
60,mpc,0.005591911697493115,0.3623230018869247,0.8928123069514708,0.06485032344751618,0.25900832950220687,True,-0.00822832667438922,62.00781463276529,680.0132982635878
61,rule,0.005598815970402924,0.30464743840323677,0.6520848215969233,0.11787993952293564,0.22386501862210537,True,-0.002048484727358524,61.15720680787825,588.4155155934751
61,mpc,0.005598815970402924,0.30464743840323677,0.6520848215969233,0.11787993952293564,0.22386501862210537,True,-0.007646074957347482,61.93134866620582,587.7651284022257
62,rule,0.0029296784923657708,0.28390826841159184,0.7253541966583448,0.1757657560703202,0.29024123047570805,True,0.004679223623110906,116.87560497625876,752.8227027118616
62,mpc,0.0029296784923657708,0.28390826841159184,0.7253541966583448,0.1757657560703202,0.29024123047570805,True,-0.003607883480449825,118.35504301393293,752.1951610502532
63,rule,0.00581055536403869,0.48114542112292563,0.9573719871091804,0.14075087444090245,0.2715273514928225,True,-0.003471277895083613,58.928609182580566,714.4053227856583
63,mpc,0.00581055536403869,0.48114542112292563,0.9573719871091804,0.14075087444090245,0.2715273514928225,True,-0.008729651758227597,59.6745409443854,713.6017982639431
64,rule,0.004660220041357005,0.11189802738647223,0.7990709705915918,0.06431929061324325,0.6347975941534465,True,0.010724374828905758,73.47463062741511,1661.0065469900487
64,mpc,0.004660220041357005,0.11189802738647223,0.7990709705915918,0.06431929061324325,0.6347975941534465,True,-0.002553449496745408,74.40468924295202,1659.3196581222837
65,rule,0.004369590791657326,0.13473025446445763,1.27103152602488,0.06291407960470338,0.6103108475985629,True,0.013500714377058354,78.36155889813024,1594.6511221736212
65,mpc,0.004369590791657326,0.13473025446445763,1.27103152602488,0.06291407960470338,0.6103108475985629,True,-0.001868198057943582,79.35347736519519,1593.077907096523
66,rule,0.00493847040564446,0.10687572580771498,0.8511275395937958,0.14908724613005775,0.21436629172046942,True,0.008996228079420687,69.33481788001109,561.6700937883048
66,mpc,0.00493847040564446,0.10687572580771498,0.8511275395937958,0.14908724613005775,0.21436629172046942,True,-0.0019179045483534995,70.21247380254287,561.0843763068473
67,rule,0.0045726514397861516,0.22215776109483237,1.0039854105519244,0.09847102586974224,0.24752123634602716,True,0.007359185822616965,74.88170718676,647.384043449857
67,mpc,0.0045726514397861516,0.22215776109483237,1.0039854105519244,0.09847102586974224,0.24752123634602716,True,-0.0039356114049349245,75.82957689798482,646.7321924568874
68,rule,0.005182216663556238,0.12686140836306475,0.7729260257627715,0.06555089679397146,0.4528774648144499,True,0.008971295880157437,66.0736453937087,1187.9995137281473
68,mpc,0.005182216663556238,0.12686140836306475,0.7729260257627715,0.06555089679397146,0.4528774648144499,True,-0.003292748460840045,66.91002065185694,1186.7328335556028
69,rule,0.0043997988551398234,0.17403840180437827,0.670676116224516,0.16543274069520386,0.20036194262369458,True,0.004826868099625514,77.82354545167078,523.5940931631429
69,mpc,0.0043997988551398234,0.17403840180437827,0.670676116224516,0.16543274069520386,0.20036194262369458,True,-0.0033817879473314605,78.80865362194511,523.0759432032322
70,rule,0.004489303272850284,0.12211832369423486,1.1680962311794088,0.13752065141646747,0.4630334969688946,True,0.01136191690157351,76.27195699874969,1210.5530111018293
70,mpc,0.004489303272850284,0.12211832369423486,1.1680962311794088,0.13752065141646747,0.4630334969688946,True,-0.0015848960137054835,77.23742480886045,1209.3441701053057
71,rule,0.004871346377376542,0.11878725899052837,0.8427772259816145,0.07632545011259007,0.1724889088830743,True,0.010200461667747351,70.29020719433763,451.7982183032563
71,mpc,0.004871346377376542,0.11878725899052837,0.8427772259816145,0.07632545011259007,0.1724889088830743,True,-0.002605793677447732,71.17995665249381,451.3300224832766
72,rule,0.005033725544047676,0.14206071132746093,1.2755094866790473,0.13143587018846611,0.6062161326974823,True,0.011011458478818015,68.02276826277838,1589.1044486376088
72,mpc,0.005033725544047676,0.14206071132746093,1.2755094866790473,0.13143587018846611,0.6062161326974823,True,-0.0019582009015737256,68.88381596230724,1587.4326897776718
73,rule,0.005848831574545593,0.2899590502631192,1.1902980175644995,0.15235245581847087,0.5919589127274676,True,0.004286653155375131,58.54296568760154,1557.7602381244196
73,mpc,0.005848831574545593,0.2899590502631192,1.1902980175644995,0.15235245581847087,0.5919589127274676,True,-0.004934545900068699,59.28401588617878,1556.0027318522746
74,rule,0.0033981621722286464,0.3749071796474343,0.9774302100436578,0.05701891895251982,0.5621401303986218,True,0.0055248085819233905,100.7626854832001,1461.6120753812015
74,mpc,0.0033981621722286464,0.3749071796474343,0.9774302100436578,0.05701891895251982,0.5621401303986218,True,-0.005680644899239029,102.03816251463302,1460.3184344047263
75,rule,0.006496213503783444,0.22198347236594929,1.3273631960784238,0.12280195912537044,0.5929069662348998,True,0.007122014014138478,52.70885046831699,1564.9394468398434
75,mpc,0.006496213503783444,0.22198347236594929,1.3273631960784238,0.12280195912537044,0.5929069662348998,True,-0.003963340297632678,53.37605110715645,1563.083944600012
76,rule,0.003572779070497218,0.3964449385762731,0.7466701905595095,0.05673035374467779,0.17210323046317008,True,0.0013213911300760106,95.83798478015903,447.8830670003948
76,mpc,0.003572779070497218,0.3964449385762731,0.7466701905595095,0.05673035374467779,0.17210323046317008,True,-0.007412261267726983,97.05112382800915,447.47825305867195
77,rule,0.004746107567578374,0.2781518706179837,0.7486787043786297,0.0797975305298462,0.4985031922101416,True,0.0021892945742307823,72.14500331181733,1304.9275228590652
77,mpc,0.004746107567578374,0.2781518706179837,0.7486787043786297,0.0797975305298462,0.4985031922101416,True,-0.006401372529338367,73.05823120184034,1303.5912176209565
78,rule,0.005654223298236945,0.26773238597676435,1.0692842265732903,0.09451630344858508,0.35987258350811313,True,0.004677742472509405,60.5579101002166,946.1507382892651
78,mpc,0.005654223298236945,0.26773238597676435,1.0692842265732903,0.09451630344858508,0.35987258350811313,True,-0.005340161542842559,61.324465924269994,945.100102743662
79,rule,0.006501283707453893,0.46102811588802295,0.7818458049193862,0.09982499017844662,0.34019473863245564,True,-0.00710539008147526,52.667744031629226,897.9427581315944
79,mpc,0.006501283707453893,0.46102811588802295,0.7818458049193862,0.09982499017844662,0.34019473863245564,True,-0.01077703395990759,53.33442433582708,896.8776994584346
80,rule,0.003337014565282733,0.45745579978452666,0.9769749489889248,0.08758681648295744,0.5851263235642797,True,0.0033644871618566663,102.60906552326425,1520.9000092143729
80,mpc,0.003337014565282733,0.45745579978452666,0.9769749489889248,0.08758681648295744,0.5851263235642797,True,-0.006201146743753938,103.90791445393849,1519.5639690419632
81,rule,0.005857576183099015,0.2782109010924948,1.2545091740762238,0.07384134240912736,0.5411601686149937,True,0.005896863014718812,58.45556856249515,1424.139943457041
81,mpc,0.005857576183099015,0.2782109010924948,1.2545091740762238,0.07384134240912736,0.5411601686149937,True,-0.0052210794118727755,59.195512468349534,1422.532060639968
82,rule,0.003910655623349487,0.43930766176957853,0.6619502269298798,0.06133459678459221,0.17849097376599252,True,-0.0024819926294723516,87.55768320195624,465.3027474737485
82,mpc,0.003910655623349487,0.43930766176957853,0.6619502269298798,0.06133459678459221,0.17849097376599252,True,-0.009023797417807788,88.66600830577848,464.8656019849099
83,rule,0.004276607914921116,0.09005623856902031,1.0654195389034393,0.12081852157887837,0.26717930511774324,True,0.012411371116160974,80.06531180623766,697.7777994004152
83,mpc,0.004276607914921116,0.09005623856902031,1.0654195389034393,0.12081852157887837,0.26717930511774324,True,-0.001146999302343632,81.07879676581031,697.0959699237189
84,rule,0.003992035077000383,0.4960261713000142,1.2262116236333924,0.13423011057442658,0.5521795068752359,True,0.0029894041139448824,85.7727799422215,1440.049332864377
84,mpc,0.003992035077000383,0.4960261713000142,1.2262116236333924,0.13423011057442658,0.5521795068752359,True,-0.006021109600662378,86.8585113338952,1438.6842449994872
85,rule,0.0026419777901434674,0.2831930122362535,1.1727928906751797,0.11659188424989066,0.19195281612075885,True,0.01012005882550493,129.60288593591446,497.131794952645
85,mpc,0.0026419777901434674,0.2831930122362535,1.1727928906751797,0.11659188424989066,0.19195281612075885,True,-0.0027364448181257384,131.24342879586277,496.73353953508274
86,rule,0.0035452622192337743,0.19719996691423441,0.7051508355664026,0.10293306736996352,0.366957405077986,True,0.006678958532776336,96.58183936960991,954.8393089749363
86,mpc,0.0035452622192337743,0.19719996691423441,0.7051508355664026,0.10293306736996352,0.366957405077986,True,-0.0036476086623242754,97.80439429833916,953.9790966075881
87,rule,0.004835326991942648,0.3050650668217066,1.0718623324357808,0.1364303943197809,0.44201933243347313,True,0.00448030276120992,70.81381398853789,1157.5734184236305
87,mpc,0.004835326991942648,0.3050650668217066,1.0718623324357808,0.1364303943197809,0.44201933243347313,True,-0.004929195297734168,71.71019138079787,1156.3778968314975
88,rule,0.003041588231659947,0.06330542728154978,1.2594916655287445,0.13737505277726447,0.44849087870496274,True,0.014376715207620516,112.57537842139597,1163.9670165805842
88,mpc,0.003041588231659947,0.06330542728154978,1.2594916655287445,0.13737505277726447,0.44849087870496274,True,-0.0003715621020736748,114.00038321154024,1162.9822526802666
89,rule,0.0037564297485867433,0.49670193395921575,1.2036474706671907,0.07345776397949112,0.5469531665353028,True,0.0037222295354708557,91.15249561368877,1424.725464719993
89,mpc,0.0037564297485867433,0.49670193395921575,1.2036474706671907,0.07345776397949112,0.5469531665353028,True,-0.006469291849366732,92.3063246720899,1423.4099865804983
90,rule,0.005458124559772854,0.08963013804637592,1.1281016251331302,0.11903010374072583,0.37842267461178103,True,0.012127548932370669,62.73362625411261,993.9975112066968
90,mpc,0.005458124559772854,0.08963013804637592,1.1281016251331302,0.11903010374072583,0.37842267461178103,True,-0.0013048846931285052,63.527722788974806,992.9118192990686
91,rule,0.008474166918203565,0.15301641287698797,1.260149411522618,0.11978841547194516,0.33275824612041716,False,,40.40608941106037,885.9966628120513
91,mpc,0.008474166918203565,0.15301641287698797,1.260149411522618,0.11978841547194516,0.33275824612041716,False,,40.91755889727633,884.8045692214083
92,rule,0.008115023614315858,0.23070190448806216,1.3148181094435203,0.07007220661423463,0.40541326841511527,False,,42.19432529772744,1077.7864477744704
92,mpc,0.008115023614315858,0.23070190448806216,1.3148181094435203,0.07007220661423463,0.40541326841511527,False,,42.72843068124298,1076.365778079297
93,rule,0.005261714834176655,0.1518708538904408,1.2337612220535203,0.0753810862267815,0.6285251922287307,True,0.01137745754643249,65.07535223253174,1649.3917796445874
93,mpc,0.005261714834176655,0.1518708538904408,1.2337612220535203,0.0753810862267815,0.6285251922287307,True,-0.002544470828419243,65.89909086838658,1647.6206974754068
94,rule,0.005942641815221879,0.3440250588203128,1.1014153937320885,0.07873886965414481,0.2878419923142912,True,0.0019128649244299911,57.61880941639737,757.7985834334278
94,mpc,0.005942641815221879,0.3440250588203128,1.1014153937320885,0.07873886965414481,0.2878419923142912,True,-0.006967987119488983,58.34816143432646,756.9371813823221
95,rule,0.005739149111165322,0.21552424089419886,1.301443547926953,0.10651732246518797,0.630870616569929,True,0.008277703737247677,59.66179646997496,1659.3029290646084
95,mpc,0.005739149111165322,0.21552424089419886,1.301443547926953,0.10651732246518797,0.630870616569929,True,-0.003635873171663695,60.41700908351895,1657.447450851473
96,rule,0.004323088392563822,0.08355772623433583,1.3294610198306174,0.12678187568512256,0.5175493447428604,True,0.013838948894961622,79.20447492356662,1351.967616698275
96,mpc,0.004323088392563822,0.08355772623433583,1.3294610198306174,0.12678187568512256,0.5175493447428604,True,-0.0007499936848673894,80.20706321373837,1350.6401771637647
97,rule,0.0028120357862575283,0.051356849698295966,1.1844057757386897,0.1623792087112719,0.2140789039621601,True,0.013703782396199404,121.76514532799945,554.9321306280658
97,mpc,0.0028120357862575283,0.051356849698295966,1.1844057757386897,0.1623792087112719,0.2140789039621601,True,-0.00024189409390640293,123.30647628151844,554.4768731992253
98,rule,0.0029152975162310838,0.4835093714952309,1.2768552505358213,0.13929135108406154,0.4566293340094979,True,0.006292985767626158,117.45214485822031,1184.3082637995853
98,mpc,0.0029152975162310838,0.4835093714952309,1.2768552505358213,0.13929135108406154,0.4566293340094979,True,-0.004462761817707772,118.93888086908387,1183.3229464508527
99,rule,0.005790961126695434,0.3698812628654224,0.8283623511146901,0.06606848148350002,0.5407681703903542,True,-0.0022435018167745735,59.12799942702698,1422.663769498155
99,mpc,0.005790961126695434,0.3698812628654224,0.8283623511146901,0.06606848148350002,0.5407681703903542,True,-0.008929590188989422,59.8764551159767,1421.0661741337308
100,rule,0.004226080258803165,0.2188136497888759,0.9311658063436998,0.1054126993233104,0.4941300834505341,True,0.007219153987361615,81.02258480963015,1290.1687272771435
100,mpc,0.004226080258803165,0.2188136497888759,0.9311658063436998,0.1054126993233104,0.4941300834505341,True,-0.003795279263354434,82.04818714899257,1288.9146798367242
101,rule,0.002881556274629658,0.4140737389303936,0.6869433515083222,0.0879787166847324,0.29616358597349945,True,0.0020203534906990672,118.82743682498095,767.9906649735311
101,mpc,0.002881556274629658,0.4140737389303936,0.6869433515083222,0.0879787166847324,0.29616358597349945,True,-0.006350932359800554,120.33158159491742,767.354616413256
102,rule,0.004648421913255842,0.13283413235289665,1.0557710323162075,0.08849445449088658,0.5710881311193565,True,0.011251764256333008,73.66111608861128,1494.2184977264444
102,mpc,0.004648421913255842,0.13283413235289665,1.0557710323162075,0.08849445449088658,0.5710881311193565,True,-0.002228656549939645,74.59353527960636,1492.702739034366
103,rule,0.0057700540900251325,0.08303618124636436,1.1756696753858298,0.15632810033818353,0.49198302224826784,True,0.011649317369325285,59.34224200308869,1294.1917008268135
103,mpc,0.0057700540900251325,0.08303618124636436,1.1756696753858298,0.15632810033818353,0.49198302224826784,True,-0.0010641758880756136,60.093409623380964,1292.7408435501059
104,rule,0.004567225658601618,0.4332732956238256,0.823137005936097,0.16184146666434845,0.15760364579800992,True,-0.0011968139541200795,74.97066529574998,412.19641124592465
104,mpc,0.004567225658601618,0.4332732956238256,0.823137005936097,0.16184146666434845,0.15760364579800992,True,-0.007101919829855863,75.91966105898732,411.78159315872995
105,rule,0.0035235114865161026,0.3273313544719511,0.9970492709198364,0.12173305733101032,0.2147440160214815,True,0.005834315831867998,97.17804170399951,558.7112963268172
105,mpc,0.0035235114865161026,0.3273313544719511,0.9970492709198364,0.12173305733101032,0.2147440160214815,True,-0.004431419557676453,98.40814349772104,558.2092557919408
106,rule,0.004917991483739974,0.0844441204681435,0.7019729286895,0.06797740031607832,0.474221002588884,True,0.010883091354450203,69.6235337765963,1242.402929973305
106,mpc,0.004917991483739974,0.0844441204681435,0.7019729286895,0.06797740031607832,0.474221002588884,True,-0.0021447716354887625,70.50484433073046,1241.1098019789615
107,rule,0.005714376698157,0.4024623939910707,0.80738150213347,0.17513626222166256,0.47159586517114904,True,-0.0028634063417491973,59.92043651788242,1240.2371199286106
107,mpc,0.005714376698157,0.4024623939910707,0.80738150213347,0.17513626222166256,0.47159586517114904,True,-0.007737852705024251,60.67892305608348,1238.8530669672493
108,rule,0.0035209223498110748,0.3634917333844672,0.6635017221077316,0.0551085863623379,0.5695287997905739,True,0.0011019947988563095,97.24950230713154,1481.7547404231464
108,mpc,0.0035209223498110748,0.3634917333844672,0.6635017221077316,0.0551085863623379,0.5695287997905739,True,-0.007413272329158227,98.48050866544968,1480.423692958529
109,rule,0.0053999358960048136,0.17116733441537332,1.2891613131025275,0.1081330533219379,0.5154160082536303,True,0.010163031614885076,63.409631665167815,1353.4610941844903
109,mpc,0.0053999358960048136,0.17116733441537332,1.2891613131025275,0.1081330533219379,0.5154160082536303,True,-0.002690040069267763,64.21228523054968,1351.990148103564
110,rule,0.0039414222946559715,0.21498669342378934,1.2022731859002374,0.10665254780371389,0.5124285399471764,True,0.009965072537896025,86.87420950691869,1336.0414260360913
110,mpc,0.0039414222946559715,0.21498669342378934,1.2022731859002374,0.10665254780371389,0.5124285399471764,True,-0.0028594380578519374,87.97388304498097,1334.781953191247
111,rule,0.002606743853842092,0.4026667963532069,0.8959398524153377,0.10844211623012506,0.3195640777185421,True,0.00562509212033524,131.35465752667125,827.4735244269051
111,mpc,0.002606743853842092,0.4026667963532069,0.8959398524153377,0.10844211623012506,0.3195640777185421,True,-0.004644867703780253,133.01737471055316,826.813959214375
112,rule,0.004112060544778095,0.12189624997240986,0.7197932584806691,0.07540831392109737,0.29259250924931923,True,0.009695390867372256,83.26918887806916,763.5217794867436
112,mpc,0.004112060544778095,0.12189624997240986,0.7197932584806691,0.07540831392109737,0.29259250924931923,True,-0.0026910313959938037,84.32322924361435,762.7885446833566
113,rule,0.006397849267196243,0.21934703121396426,1.3414628662944816,0.08228893824138901,0.6348267083310718,True,0.007958943958255582,53.51922683405732,1674.828517690819
113,mpc,0.006397849267196243,0.21934703121396426,1.3414628662944816,0.08228893824138901,0.6348267083310718,True,-0.0041021196310415675,54.196685401577035,1672.8570552790095
114,rule,0.0037326566852067,0.42175777809213244,0.7482267842898277,0.08604576931311265,0.5029431763221465,True,9.301664463834403e-05,91.73304031367725,1309.9286547704337
114,mpc,0.0037326566852067,0.42175777809213244,0.7482267842898277,0.08604576931311265,0.5029431763221465,True,-0.00743528477663391,92.89421803916686,1308.7224556748672
115,rule,0.005613296734287484,0.14392485193055393,0.6542020523861953,0.14127556444023093,0.29557046157067823,True,0.004680833005914153,60.99943801111847,776.9420832135163
115,mpc,0.005613296734287484,0.14392485193055393,0.6542020523861953,0.14127556444023093,0.29557046157067823,True,-0.003689672330447591,61.771582796069346,776.0822744066554
116,rule,0.004811045824993506,0.07300521490550108,0.7880499759303086,0.07876167310285906,0.16819935441481912,True,0.012097735276783483,71.1712086387465,440.43343087447107
116,mpc,0.004811045824993506,0.07300521490550108,0.7880499759303086,0.07876167310285906,0.16819935441481912,True,-0.001487341885552107,72.07211001392052,439.97960375710716
117,rule,0.002689896371339832,0.1488231473915023,0.7925356670496161,0.16239765783929377,0.33205956903459233,True,0.009034445755954135,127.29410315930885,860.206861687717
117,mpc,0.002689896371339832,0.1488231473915023,0.7925356670496161,0.16239765783929377,0.33205956903459233,True,-0.0017116072078613431,128.9054209208191,859.5130516993879
118,rule,0.0036474537638814786,0.4524006543908605,0.7690325182399976,0.11589122540460363,0.23287077161587452,True,-0.00013407792286246334,93.87588393082355,606.2556401324077
118,mpc,0.0036474537638814786,0.4524006543908605,0.7690325182399976,0.11589122540460363,0.23287077161587452,True,-0.007105680639887257,95.06418625906183,605.702861887047
119,rule,0.005293798939191646,0.128242637119868,1.2205178673143458,0.14419176524291194,0.5282338517812432,True,0.010708003979425396,64.68095031834893,1386.4175729987126
119,mpc,0.005293798939191646,0.128242637119868,1.2205178673143458,0.14419176524291194,0.5282338517812432,True,-0.00183155737024987,65.49969652491032,1384.9246596226287
120,rule,0.004395996032442516,0.08768246292100844,0.8451453360522871,0.17776749225626515,0.5452931367520709,True,0.009465040375290168,77.8908678839124,1424.9557192929055
120,mpc,0.004395996032442516,0.08768246292100844,0.8451453360522871,0.17776749225626515,0.5452931367520709,True,-0.0012727133496208687,78.87682823687334,1423.5461254092334
121,rule,0.0057005192177720125,0.335340527531853,0.9494053924801791,0.0756294523424249,0.3600535530052066,True,0.0008942239984548461,60.06609803431373,946.8332232001179
121,mpc,0.0057005192177720125,0.335340527531853,0.9494053924801791,0.0756294523424249,0.3600535530052066,True,-0.007369627101404319,60.82642838917847,945.7778003009839
122,rule,0.004512941296896396,0.180206911485628,1.023953894778422,0.07474638867513081,0.6355927526113582,True,0.009623600256319365,75.87245737423201,1661.8847848256719
122,mpc,0.004512941296896396,0.180206911485628,1.023953894778422,0.07474638867513081,0.6355927526113582,True,-0.0032597735849426712,76.83286822707039,1660.2213233553312
123,rule,0.002585100591549386,0.39178028352246913,1.2251934073776973,0.13714463155065482,0.5101591812796865,True,0.008298841617618069,132.45439937637403,1320.8457770117377
123,mpc,0.002585100591549386,0.39178028352246913,1.2251934073776973,0.13714463155065482,0.5101591812796865,True,-0.0034398709754135393,134.13103734316357,1319.7962238708567
124,rule,0.004521430367214769,0.05329003947256434,0.7681476312700342,0.17176115851118215,0.35785611956277397,True,0.010221293364698902,75.73000541244842,935.7257369541818
124,mpc,0.004521430367214769,0.05329003947256434,0.7681476312700342,0.17176115851118215,0.35785611956277397,True,-0.0007004557321499405,76.68861307589715,934.7883303034129
125,rule,0.004991023508866255,0.32413003063230533,0.771735026437958,0.17212251336666193,0.5660617963320241,True,0.0002464987495598425,68.60475523165054,1483.5396626894478
125,mpc,0.004991023508866255,0.32413003063230533,0.771735026437958,0.17212251336666193,0.5660617963320241,True,-0.006048707439777479,69.473169854836,1481.9850658737928
126,rule,0.006117809720412172,0.3651918636353983,1.3314907620051588,0.050915953689368534,0.5370643566023836,True,0.0033215297593690574,55.969041508226944,1415.077036824004
126,mpc,0.006117809720412172,0.3651918636353983,1.3314907620051588,0.050915953689368534,0.5370643566023836,True,-0.006836888457883772,56.67751038807793,1413.4462773232594
127,rule,0.004964285113667233,0.3643848530181476,0.8008018965824968,0.09719852939828964,0.6053568895528788,True,-0.0005678322908919675,68.97427088514632,1586.3192926436848
127,mpc,0.004964285113667233,0.3643848530181476,0.8008018965824968,0.09719852939828964,0.6053568895528788,True,-0.007588360312496878,69.84736292166717,1584.6610920432079
128,rule,0.0036779145602888145,0.3392839018803974,1.3233068030267474,0.15341805848110834,0.6345275613225464,True,0.0074804391623168875,93.0983959981645,1652.1845251050192
128,mpc,0.0036779145602888145,0.3392839018803974,1.3233068030267474,0.15341805848110834,0.6345275613225464,True,-0.0036736991351302706,94.27685670700204,1650.6727391946474
129,rule,0.00426824956905254,0.19731176965875602,0.8134038633297542,0.10326598031666967,0.6284350282357666,True,0.006717814402126376,80.22210056877961,1641.1817537671518
129,mpc,0.00426824956905254,0.19731176965875602,0.8134038633297542,0.10326598031666967,0.6284350282357666,True,-0.003836127844833337,81.23757019623253,1639.5794764056761
130,rule,0.004708775858592128,0.12043869448670846,1.3300541788855158,0.17049455966415977,0.6143542932154162,True,0.011487941014188485,72.71697707938031,1607.8967070035835
130,mpc,0.004708775858592128,0.12043869448670846,1.3300541788855158,0.17049455966415977,0.6143542932154162,True,-0.0013256708502105141,73.63744514367627,1606.25605214138
131,rule,0.005976986409916299,0.262772576820888,1.2818246943180793,0.14601831664936482,0.33342512985490125,True,0.005762898850966369,57.287723728650434,877.9455392871193
131,mpc,0.005976986409916299,0.262772576820888,1.2818246943180793,0.14601831664936482,0.33342512985490125,True,-0.004366541121937795,58.01288478850678,876.944847860375
132,rule,0.0048161402765686066,0.47766347008195736,0.6994751103480252,0.11540315385330155,0.19238016871891425,True,-0.004952798884972909,71.09592464469104,503.76388138577585
132,mpc,0.0048161402765686066,0.47766347008195736,0.6994751103480252,0.11540315385330155,0.19238016871891425,True,-0.00938285744926981,71.99587305791499,503.24454701403005
133,rule,0.0033292285188936447,0.47664202189826915,0.9041733032346064,0.12089498858598928,0.23410506497463748,True,0.0019524536840107576,102.84903671766295,608.4773711525615
133,mpc,0.0033292285188936447,0.47664202189826915,0.9041733032346064,0.12089498858598928,0.23410506497463748,True,-0.0062696635613106455,104.15092325839288,607.9433664956653
134,rule,0.0032010560147271113,0.2776181486680036,1.1603202659045748,0.171228387415938,0.2109072627683288,True,0.008214983751229421,106.96718351877178,547.8200408668107
134,mpc,0.0032010560147271113,0.2776181486680036,1.1603202659045748,0.171228387415938,0.2109072627683288,True,-0.002863207195384243,108.32119850002208,547.3469318870403
135,rule,0.003585587325103719,0.10233805690330991,0.8245502121437981,0.1708677484266507,0.2617420797945883,True,0.009510332012682698,95.49563715374815,681.2045441795913
135,mpc,0.003585587325103719,0.10233805690330991,0.8245502121437981,0.1708677484266507,0.2617420797945883,True,-0.0013525828119802519,96.7044426873399,680.587914131992
136,rule,0.006008183249137709,0.4300704884585975,0.9409565895729909,0.17633361780488838,0.2619620683335664,True,-0.0025346853475789466,56.990263442834454,689.8756442262982
136,mpc,0.006008183249137709,0.4300704884585975,0.9409565895729909,0.17633361780488838,0.2619620683335664,True,-0.007814886161219059,57.71165918261718,689.087382511083
137,rule,0.0038945742428386186,0.13987325616131085,1.0375524668529028,0.11125892688940588,0.41092760565631514,True,0.011073141488801452,87.91922424147036,1071.1480234251085
137,mpc,0.0038945742428386186,0.13987325616131085,1.0375524668529028,0.11125892688940588,0.41092760565631514,True,-0.0019751569000046043,89.03212581414721,1070.1434914092667
138,rule,0.005463071575922348,0.14915281786536233,0.8270246911991089,0.05330820140864976,0.513615098419242,True,0.008285825058580443,62.67681860334646,1349.137274534807
138,mpc,0.005463071575922348,0.14915281786536233,0.8270246911991089,0.05330820140864976,0.513615098419242,True,-0.003979493026448955,63.47019605402175,1347.6630587878833
139,rule,0.006016713639076469,0.08888612754359809,1.2496163003229124,0.06660217801531,0.25416678329005227,True,0.013956019741492742,56.90946365759578,669.373400737317
139,mpc,0.006016713639076469,0.08888612754359809,1.2496163003229124,0.06660217801531,0.25416678329005227,True,-0.001353796307250077,57.62983661528688,668.6080527131335
140,rule,0.0032584957711307505,0.2551059030570412,0.6912396093236354,0.07821457786630015,0.3401302717506064,True,0.005585856969743785,105.08159906629618,883.7319651293492
140,mpc,0.0032584957711307505,0.2551059030570412,0.6912396093236354,0.07821457786630015,0.3401302717506064,True,-0.0047206069591438915,106.4117458899202,882.9632022649814
141,rule,0.003330461509481711,0.31918881651111214,1.0581867849998754,0.07424364190827838,0.5369686440735868,True,0.007723634260992762,102.81096034479286,1395.678229969727
141,mpc,0.003330461509481711,0.31918881651111214,1.0581867849998754,0.07424364190827838,0.5369686440735868,True,-0.004387629984140995,104.11236490611935,1394.4531845481365
142,rule,0.003031087366984574,0.38286028895985597,0.6766100697591477,0.10784222603415727,0.5882800289879784,True,0.0020475100574423033,112.96538328481832,1526.677928253517
142,mpc,0.003031087366984574,0.38286028895985597,0.6766100697591477,0.10784222603415727,0.5882800289879784,True,-0.005917365459271684,114.39532484538566,1525.3880740159193
143,rule,0.00656588266724024,0.4462520191220731,0.7355736469171289,0.16392628736765286,0.4099073959063695,True,-0.006717621155490239,52.14956823544692,1082.2684858974812
143,mpc,0.00656588266724024,0.4462520191220731,0.7355736469171289,0.16392628736765286,0.4099073959063695,True,-0.009727488400811168,52.80968935235132,1080.9787521446701
144,rule,0.0041104857088401295,0.35397208110961326,1.1960840921595357,0.08994974136708164,0.18337740303771113,True,0.006072000789258847,83.30109150964586,478.5205857159741
144,mpc,0.0041104857088401295,0.35397208110961326,1.1960840921595357,0.08994974136708164,0.18337740303771113,True,-0.005021076080544029,84.3555357059705,478.06112427897557
145,rule,0.004582002426447308,0.24057361622437884,0.7663273784423358,0.13927958007297275,0.5174228676208362,True,0.0036667505813625656,74.72888800861502,1353.3654748050826
145,mpc,0.004582002426447308,0.24057361622437884,0.7663273784423358,0.13927958007297275,0.5174228676208362,True,-0.004679481591090884,75.67482329986332,1352.0015128592506
146,rule,0.006015320507003856,0.22150928687414007,1.1443620402010668,0.14258105837758936,0.4627364135467622,True,0.006060000662997611,56.922643736523284,1218.6542753378874
146,mpc,0.006015320507003856,0.22150928687414007,1.1443620402010668,0.14258105837758936,0.4627364135467622,True,-0.004054336459770935,57.64318353065651,1217.2610429886572
147,rule,0.003331192251192028,0.08525465323107398,1.0083580859130832,0.16691174292660726,0.46295744629298596,True,0.011590662815938568,102.78840738136819,1203.3143215114155
147,mpc,0.003331192251192028,0.08525465323107398,1.0083580859130832,0.16691174292660726,0.46295744629298596,True,-0.0008348331542140652,104.08952646214502,1202.2580264643182
148,rule,0.004354751117135386,0.2641913241403856,1.13590602524763,0.1456307189432452,0.6417368996002487,True,0.006871454256154208,78.62859138696855,1676.6394909257533
148,mpc,0.004354751117135386,0.2641913241403856,1.13590602524763,0.1456307189432452,0.6417368996002487,True,-0.0037306443800306788,79.62389001212007,1674.9879015011522
149,rule,0.004564364891870558,0.4898675741516514,0.794257892247607,0.060574285822919224,0.5462535408133107,True,-0.0035593954580663834,75.01765399848614,1428.65085661434
149,mpc,0.004564364891870558,0.4898675741516514,0.794257892247607,0.060574285822919224,0.5462535408133107,True,-0.00973408076994331,75.96724455542902,1427.2135258541487
150,rule,0.0032697360025153548,0.23314095383618366,1.339117644487963,0.12098229254486798,0.619058357308598,True,0.011037734688561396,104.72036455474517,1608.5407209933096
150,mpc,0.0032697360025153548,0.23314095383618366,1.339117644487963,0.12098229254486798,0.619058357308598,True,-0.0023714952785514054,106.04593878961539,1607.1394701900956
151,rule,0.004617736912153996,0.4999961183969386,0.7215783675994016,0.08642321464699548,0.22951949069446634,True,-0.004959680300699043,74.15059642743117,600.4339193129408
151,mpc,0.004617736912153996,0.4999961183969386,0.7215783675994016,0.08642321464699548,0.22951949069446634,True,-0.009881195536218135,75.08921157208219,599.8266543055321
152,rule,0.004599924467785282,0.29484470406328206,0.9331228547211692,0.08018356533715079,0.6343779503629384,True,0.0043016453514506114,74.43773231042677,1659.417896338049
152,mpc,0.004599924467785282,0.29484470406328206,0.9331228547211692,0.08018356533715079,0.6343779503629384,True,-0.005668293175261407,75.37998208650812,1657.7425316256915
153,rule,0.004998054814539487,0.21246215745742003,0.6614770299016035,0.14316403634436134,0.4089305208909283,True,0.0026297153762280256,68.50824148328834,1071.765101750202
153,mpc,0.004998054814539487,0.21246215745742003,0.6614770299016035,0.14316403634436134,0.4089305208909283,True,-0.004829164711697587,69.37543441345656,1070.6412749462804
154,rule,0.006673105143956853,0.135557873576795,1.2794066635764234,0.15820943795668913,0.18247038182337696,True,0.009520530149967565,51.311636606125845,482.00745655991676
154,mpc,0.006673105143956853,0.135557873576795,1.2794066635764234,0.15820943795668913,0.18247038182337696,True,-0.002227575084595035,51.96115099354517,481.42860994341385
155,rule,0.0034266910634349833,0.46381322458224794,0.7976812853592293,0.13342341695330834,0.48075325995355156,True,0.0006084371723494852,99.92378648746543,1250.1823136325932
155,mpc,0.0034266910634349833,0.46381322458224794,0.7976812853592293,0.13342341695330834,0.48075325995355156,True,-0.006542315854366931,101.1886445442688,1249.0719528032055
156,rule,0.006080336072291172,0.4592563201266078,0.7022446821505055,0.1202242065223041,0.3534292705505947,True,-0.0072090069370651655,56.31398365323548,931.066505176236
156,mpc,0.006080336072291172,0.4592563201266078,0.7022446821505055,0.1202242065223041,0.3534292705505947,True,-0.010439614019069676,57.0268188893524,929.9966398631688
157,rule,0.004882068131618274,0.3840017454048489,0.8471064211692041,0.10661450524266844,0.2606697996237757,True,-0.0003379282463125133,70.13583935128003,682.8049757050875
157,mpc,0.004882068131618274,0.3840017454048489,0.8471064211692041,0.10661450524266844,0.2606697996237757,True,-0.007419856665660252,71.02363478610637,682.0966764184979
158,rule,0.003707421138226581,0.23830295490006476,1.1823055115404117,0.11641626752110076,0.33502517678594734,True,0.009354910665489102,92.35744562458085,872.470142880861
158,mpc,0.003707421138226581,0.23830295490006476,1.1823055115404117,0.11641626752110076,0.33502517678594734,True,-0.0030156748420719914,93.52652721476544,871.669087643575
159,rule,0.005489276999775385,0.37974054952094227,0.9799015598933488,0.08615604024724069,0.629759004068277,True,0.00019788844804102812,62.37760386207402,1654.4239780328624
159,mpc,0.005489276999775385,0.37974054952094227,0.9799015598933488,0.08615604024724069,0.629759004068277,True,-0.007613554565060854,63.16719378437876,1652.6121293575745
160,rule,0.0062892300878744254,0.13043736906106895,0.6685277010316915,0.16480120227520478,0.16481867217344434,True,0.004559975123632154,54.44353941531608,434.61479004644144
160,mpc,0.0062892300878744254,0.13043736906106895,0.6685277010316915,0.16480120227520478,0.16481867217344434,True,-0.0034088908230125448,55.132698142092245,434.1073368051773
161,rule,0.002412596099630479,0.2514373877920421,1.3458155746793667,0.13133089562864012,0.369125945661149,True,0.011809918238262163,141.92510144305854,954.8232897754704
161,mpc,0.002412596099630479,0.2514373877920421,1.3458155746793667,0.13133089562864012,0.369125945661149,True,-0.001953646724352387,143.7216217144897,954.0835555893568
162,rule,0.004570662111352034,0.47914482743216874,1.252576902100945,0.12828342658827888,0.22029538427886017,True,0.002275092639376197,74.91429859379748,576.1700481440009
162,mpc,0.004570662111352034,0.47914482743216874,1.252576902100945,0.12828342658827888,0.22029538427886017,True,-0.006434038741432335,75.86258085447848,575.5900165286056
163,rule,0.003720284780080474,0.14790660884398527,1.2555093810136424,0.05162330516527379,0.30597370868921814,True,0.013997733133020662,92.03810095789937,796.8665269269428
163,mpc,0.003720284780080474,0.14790660884398527,1.2555093810136424,0.05162330516527379,0.30597370868921814,True,-0.0019131372917204903,93.20314021053102,796.1338032652704
164,rule,0.003413915350246108,0.12092977640524605,1.0871807389704298,0.11034070854942843,0.2409903300200509,True,0.012487024044479655,100.29772593995308,626.6459905117858
164,mpc,0.003413915350246108,0.12092977640524605,1.0871807389704298,0.11034070854942843,0.2409903300200509,True,-0.001420295237330782,101.56731740754745,626.0902932535599
165,rule,0.0069288441630194686,0.3497898901756432,0.9091458729244712,0.17729301803699876,0.32095091354310123,True,-0.002077918025383374,49.41775830501111,848.7945280429091
165,mpc,0.0069288441630194686,0.3497898901756432,0.9091458729244712,0.17729301803699876,0.32095091354310123,True,-0.007446395090435098,50.04329954937835,847.7567934022247
166,rule,0.004422292164201517,0.3769983578102293,1.2494905356872155,0.16678125965908294,0.2809948559574268,True,0.004644129516197637,77.42770795493287,734.3889950907259
166,mpc,0.004422292164201517,0.3769983578102293,1.2494905356872155,0.16678125965908294,0.2809948559574268,True,-0.004794015779165051,78.40780552398266,733.660580080765
167,rule,0.006791682408775311,0.4723128300030478,1.1388466978197,0.15091356615716417,0.5611383848386452,True,-0.0029854654582739393,50.4157770597119,1483.0813263630127
167,mpc,0.006791682408775311,0.4723128300030478,1.1388466978197,0.15091356615716417,0.5611383848386452,True,-0.008573331596802847,51.05395145287281,1481.2852932610433
168,rule,0.005962272343313707,0.2811841394895054,0.8334610273973154,0.1782879447725435,0.5225761005323827,True,0.0007453997832366221,57.42910193714498,1375.906680752316
168,mpc,0.005962272343313707,0.2811841394895054,0.8334610273973154,0.1782879447725435,0.5225761005323827,True,-0.005807122891932526,58.156052594577204,1374.3402306010846
169,rule,0.0035457530692462632,0.3519993094089393,1.335669254536581,0.10154505986831588,0.18190999421107149,True,0.008227034382700893,96.5684692346527,473.3389927279735
169,mpc,0.0035457530692462632,0.3519993094089393,1.335669254536581,0.10154505986831588,0.18190999421107149,True,-0.004003502512623935,97.7908549211673,472.9125379467797
170,rule,0.004224542322716886,0.07481114829186167,0.9634952806947086,0.08957304459984225,0.569112127463702,True,0.013353799199848582,81.0520809177203,1485.9347228475413
170,mpc,0.004224542322716886,0.07481114829186167,0.9634952806947086,0.08957304459984225,0.569112127463702,True,-0.0010509715139399578,82.07805662553957,1484.4906233068327
171,rule,0.004948989584412464,0.11513333070689756,0.8959566724925115,0.1699079727012776,0.4833675031529554,True,0.008638856168833309,69.18744530391515,1266.555986865848
171,mpc,0.004948989584412464,0.11513333070689756,0.8959566724925115,0.1699079727012776,0.4833675031529554,True,-0.0019214352173499982,70.06323575080017,1265.2339139026647
172,rule,0.004774204266995635,0.11049471121768407,0.7786960038007955,0.07697025782645203,0.5792861005705867,True,0.010072525831731016,71.72042230121366,1516.6001344176104
172,mpc,0.004774204266995635,0.11049471121768407,0.7786960038007955,0.07697025782645203,0.5792861005705867,True,-0.0025333819316153416,72.62827574806447,1515.0428849027319
173,rule,0.003275551368710015,0.2854890901274593,1.203273451614138,0.12814529300302566,0.5218842971120499,True,0.00888757062895884,104.53444554466901,1356.0875451711986
173,mpc,0.003275551368710015,0.2854890901274593,1.203273451614138,0.12814529300302566,0.5218842971120499,True,-0.003159055644457176,105.85766637434838,1354.9053542089555
174,rule,0.004921733974325992,0.32867586088461553,0.8416184874364595,0.16133834881913894,0.4537300201492266,True,0.0010984661014350472,69.57059198391036,1188.7405569909472
174,mpc,0.004921733974325992,0.32867586088461553,0.8416184874364595,0.16133834881913894,0.4537300201492266,True,-0.005907333436019346,70.45123238877,1187.5028506348917
175,rule,0.004962172957312728,0.36701536558105985,0.6820100896621871,0.16529339270322457,0.17261609013486276,True,-0.002152000444712421,69.00362988689831,452.33058080361803
175,mpc,0.004962172957312728,0.36701536558105985,0.6820100896621871,0.16529339270322457,0.17261609013486276,True,-0.007178075354842939,69.87709355635272,451.85784606288485
176,rule,0.00874564547827045,0.25681980402446614,1.0823511214993171,0.07928213919429945,0.4979140300839503,False,,39.15182098701972,1327.2637404347981
176,mpc,0.00874564547827045,0.25681980402446614,1.0823511214993171,0.07928213919429945,0.4979140300839503,False,,39.647413657741495,1325.4511142605163
177,rule,0.006663628651456794,0.31052731805019335,1.1698456225701122,0.057713873344356695,0.5122502883083468,True,0.002688120730204857,51.38460801028075,1353.0843584961297
177,mpc,0.006663628651456794,0.31052731805019335,1.1698456225701122,0.057713873344356695,0.5122502883083468,True,-0.006890946150086119,52.03504608636027,1351.4605265699865
178,rule,0.005421911480384072,0.11948079646868776,1.2973300599878328,0.058863801674883136,0.6319709926636166,True,0.013407409267210069,63.152625678228155,1659.7033505189693
178,mpc,0.005421911480384072,0.11948079646868776,1.2973300599878328,0.058863801674883136,0.6319709926636166,True,-0.0018714271397111126,63.95202600326902,1657.8961621167082
179,rule,0.0036778355254498685,0.09080383856963287,1.2807754823290456,0.1627746726865753,0.26364052044211617,True,0.012849070558383469,93.10039663595347,686.4676015825758
179,mpc,0.0036778355254498685,0.09080383856963287,1.2807754823290456,0.1627746726865753,0.26364052044211617,True,-0.0007530442550449656,94.27888266932,685.8394740749198
180,rule,0.0038150647770474385,0.20631922105016104,0.7961246402847669,0.08534421033696064,0.3495632455557095,True,0.007292209771361136,89.75154189811164,910.8265095906736
180,mpc,0.0038150647770474385,0.20631922105016104,0.7961246402847669,0.08534421033696064,0.3495632455557095,True,-0.003895817129857093,90.88763736517636,909.9799079062941
181,rule,0.004431521053717509,0.23275945311304075,0.9267454514802124,0.13609924274732704,0.4784180826443777,True,0.005953401220435528,77.26646043889251,1250.4178845726299
181,mpc,0.004431521053717509,0.23275945311304075,0.9267454514802124,0.13609924274732704,0.4784180826443777,True,-0.003932027201760002,78.24451690014432,1249.1764786835329
182,rule,0.004093867686048132,0.2538903918431116,0.7280224901817014,0.05445567444372092,0.4406037905543301,True,0.00451781998346612,83.63923126976151,1149.6534543874661
182,mpc,0.004093867686048132,0.2538903918431116,0.7280224901817014,0.05445567444372092,0.4406037905543301,True,-0.00579891360383078,84.69795571621421,1148.5515555803447
183,rule,0.005210640192497378,0.17906550696869844,0.7073181958452862,0.0882749071404207,0.22174655803244195,True,0.004920239371415391,65.71322016711201,581.7705033077118
183,mpc,0.005210640192497378,0.17906550696869844,0.7073181958452862,0.0882749071404207,0.22174655803244195,True,-0.004706003088382094,66.54503308061977,581.1486292414824
184,rule,0.004690569671694575,0.09999559901244759,1.0138710052654147,0.1486310756488109,0.6200293504075247,True,0.010738618804882583,72.99922400629868,1622.605082785788
184,mpc,0.004690569671694575,0.09999559901244759,1.0138710052654147,0.1486310756488109,0.6200293504075247,True,-0.0014280503748920204,73.923264816505,1620.9523315869537
185,rule,0.0026220319342850277,0.11791236085827148,1.2138840384380256,0.15315857964745447,0.37679455352124913,True,0.01280165316759152,130.58877800225972,975.743990226294
185,mpc,0.0026220319342850277,0.11791236085827148,1.2138840384380256,0.15315857964745447,0.37679455352124913,True,-0.0009112646319837658,132.24180050861744,974.9645366118988
186,rule,0.003283741901243271,0.401692017642094,0.9981414114706963,0.1166663042824349,0.212556342463153,True,0.004737246139511875,104.27370861624131,552.339256941774
186,mpc,0.003283741901243271,0.401692017642094,0.9981414114706963,0.1166663042824349,0.212556342463153,True,-0.005091213352514057,105.59362897847224,551.8572532071364
187,rule,0.004149942045895692,0.14711506061504306,1.0332132369961262,0.06388746881203752,0.4371128735209774,True,0.011756238680542208,82.50909106545858,1140.8643235152856
187,mpc,0.004149942045895692,0.14711506061504306,1.0332132369961262,0.06388746881203752,0.4371128735209774,True,-0.0024772525245222443,83.5535099397049,1139.7642790201571
188,rule,0.006904521899386609,0.2879248058925636,0.8493448479471473,0.13548307292366452,0.2256161650254271,True,-0.0007068971250905332,49.591840126048744,596.604564379417
188,mpc,0.006904521899386609,0.2879248058925636,0.8493448479471473,0.13548307292366452,0.2256161650254271,True,-0.0070771166543897035,50.21958493777089,595.8763772264623
189,rule,0.0060511061748117646,0.42444351621377957,1.1175874186805996,0.07584162955471913,0.32875851539314116,True,-0.0007031035168114652,56.58600862210695,865.9567189853061
189,mpc,0.0060511061748117646,0.42444351621377957,1.1175874186805996,0.07584162955471913,0.32875851539314116,True,-0.008315064324159183,57.30228721226021,864.9639327479501
190,rule,0.004766330515303529,0.2591242902233151,1.0802434343858713,0.16681019450767529,0.4938563395987935,True,0.005709412157543947,71.83890103336192,1292.8910754198473
190,mpc,0.004766330515303529,0.2591242902233151,1.0802434343858713,0.16681019450767529,0.4938563395987935,True,-0.003929325761282909,72.74825421099942,1291.5645293644238
191,rule,0.003838903988877748,0.4621847483641679,1.0516119694301505,0.08632139868044894,0.3115030314032605,True,0.0026626766975805793,89.19419375249379,811.7540863828664
191,mpc,0.003838903988877748,0.4621847483641679,1.0516119694301505,0.08632139868044894,0.3115030314032605,True,-0.006622473127711359,90.32323417974055,810.9975419222305
192,rule,0.0038382366668654163,0.14500837219889906,0.6796941498925813,0.06086596415039672,0.18588300891658097,True,0.008961674766801764,89.20970119875865,484.39587536495765
192,mpc,0.0038382366668654163,0.14500837219889906,0.6796941498925813,0.06086596415039672,0.18588300891658097,True,-0.0033568528241125772,90.33893792279359,483.9444584540938
193,rule,0.004269153960477047,0.4306973950663814,1.2580988792971743,0.15872192389396278,0.5124907618446737,True,0.003875981635470982,80.2051060587474,1338.3949486337654
193,mpc,0.004269153960477047,0.4306973950663814,1.2580988792971743,0.15872192389396278,0.5124907618446737,True,-0.00530439706699859,81.22036056582017,1337.0881574670136
194,rule,0.004409538874182029,0.24692632546070664,0.7066958470875021,0.16155221435297684,0.29975844822759623,True,0.002844142748186562,77.65164475269536,783.378864784647
194,mpc,0.004409538874182029,0.24692632546070664,0.7066958470875021,0.16155221435297684,0.29975844822759623,True,-0.00463156500110995,78.6345769647548,782.6028632035811
195,rule,0.008469287832935667,0.1130703708849788,1.084501820612747,0.12044316487615354,0.4555785669769078,False,,40.429367018276906,1212.9908360138418
195,mpc,0.008469287832935667,0.1130703708849788,1.084501820612747,0.12044316487615354,0.4555785669769078,False,,40.941131157748764,1211.359222143666
196,rule,0.005690553869516805,0.1126576016424903,1.0271284429888132,0.09343584889822468,0.628364570873473,True,0.010842119716386489,60.17128631632787,1652.3334003486923
196,mpc,0.005690553869516805,0.1126576016424903,1.0271284429888132,0.09343584889822468,0.628364570873473,True,-0.002189872101952206,60.93294816843329,1650.4930770986143
197,rule,0.005536788504519796,0.0527419854138986,0.945864555291617,0.11255050478044111,0.6341348738187044,True,0.012877061783642008,61.842338009058565,1666.2952903077519
197,mpc,0.005536788504519796,0.0527419854138986,0.945864555291617,0.11255050478044111,0.6341348738187044,True,-0.0006821198556838937,62.62515241423654,1664.463077211566
198,rule,0.0038172508636663497,0.1600097780050012,1.2658394082722704,0.09392363342139573,0.4119184971677897,True,0.012393281122144995,89.7001424350484,1073.3120179823723
198,mpc,0.0038172508636663497,0.1600097780050012,1.2658394082722704,0.09392363342139573,0.4119184971677897,True,-0.0019492050977358844,90.83558727599839,1072.314141836174
199,rule,0.004070125649658211,0.47545875254982817,1.2624777045708164,0.08373045574459542,0.2255811082978952,True,0.0038456479435503566,84.12711932122707,588.5316831459925
199,mpc,0.004070125649658211,0.47545875254982817,1.2624777045708164,0.08373045574459542,0.2255811082978952,True,-0.006280833296563593,85.19201956579957,587.9690370890247
200,rule,0.004051819072632638,0.32557105839900735,1.021293867476567,0.14611884828382887,0.4667369014306264,True,0.004784687371642171,84.50721516513971,1217.585433773081
200,mpc,0.004051819072632638,0.32557105839900735,1.021293867476567,0.14611884828382887,0.4667369014306264,True,-0.004621924748373862,85.57692674950857,1216.4237008655052
201,rule,0.0027960360291860646,0.27072851116952545,1.155007343997,0.06923867305852245,0.15542042618784493,True,0.010995800547363932,122.46192202353674,402.8446564043486
201,mpc,0.0027960360291860646,0.27072851116952545,1.155007343997,0.06923867305852245,0.15542042618784493,True,-0.003063113686889496,124.0120729352271,402.5148957799328
202,rule,0.005256106996554531,0.16079126162667343,1.1270832073495478,0.059219290185638596,0.18057582928143154,True,0.010639711811722408,65.14478232761195,473.85895226729156
202,mpc,0.005256106996554531,0.16079126162667343,1.1270832073495478,0.059219290185638596,0.18057582928143154,True,-0.003084417036351761,65.96939982542983,473.35038418413586
203,rule,0.006023739643884318,0.09052517655656067,0.6623009711832739,0.12897102752246686,0.47034271768950775,True,0.007426192706264989,56.843085263291115,1238.734664742433
203,mpc,0.006023739643884318,0.09052517655656067,0.6623009711832739,0.12897102752246686,0.47034271768950775,True,-0.002424133744678869,57.56261798814291,1237.3175398750388
204,rule,0.005187604217665772,0.282936451654195,1.3000171527715776,0.06871672420563371,0.47593145712129614,True,0.007257171219198777,66.00502502005712,1248.5076276319
204,mpc,0.005187604217665772,0.282936451654195,1.3000171527715776,0.06871672420563371,0.47593145712129614,True,-0.004738789697261492,66.84053166588065,1247.1757914701702
205,rule,0.0033430856836152425,0.3433516767691776,1.0285274516567615,0.057637148300707,0.4587505696723313,True,0.00704887371355134,102.42272516655933,1192.4528333928188
205,mpc,0.0033430856836152425,0.3433516767691776,1.0285274516567615,0.057637148300707,0.4587505696723313,True,-0.004991155456474994,103.71921535854112,1191.4045330053548
206,rule,0.0047995073161469564,0.20283407117559094,1.1285102967955083,0.12807489325657498,0.19997121782300556,True,0.00827500485715138,71.3423115387744,523.5992734617945
206,mpc,0.0047995073161469564,0.20283407117559094,1.1285102967955083,0.12807489325657498,0.19997121782300556,True,-0.0031975106597035285,72.24537877344244,523.060342423935
207,rule,0.004295331922756329,0.13984617535231658,1.3092935716478982,0.1740091641728288,0.534143338969345,True,0.011047152292893547,79.71629488448445,1395.123105812482
207,mpc,0.004295331922756329,0.13984617535231658,1.3092935716478982,0.1740091641728288,0.534143338969345,True,-0.0015179759624401878,80.7253619083387,1393.7572179147012
208,rule,0.004053771633454501,0.1449393683769249,1.2047686713510501,0.1122446913380171,0.21720023363248445,True,0.0118091703670834,84.46651097841777,566.619923812635
208,mpc,0.004053771633454501,0.1449393683769249,1.2047686713510501,0.1122446913380171,0.21720023363248445,True,-0.0018413819236426932,85.53570731991674,566.0791814443468
209,rule,0.0029252204807756633,0.47946308536918414,1.0654953748543472,0.15461430815441235,0.588801263392219,True,0.004470940891593167,117.05372242245099,1527.1869884099972
209,mpc,0.0029252204807756633,0.47946308536918414,1.0654953748543472,0.15461430815441235,0.588801263392219,True,-0.004856723196507984,118.53541511134279,1525.914709260394
210,rule,0.005842350123806627,0.1217348102245798,1.2754341959380975,0.14844513099046325,0.36068788849334,True,0.010804062438419804,58.60791272777823,949.1337522519276
210,mpc,0.005842350123806627,0.1217348102245798,1.2754341959380975,0.14844513099046325,0.36068788849334,True,-0.0017581832710982237,59.34978504078809,948.0634732086346
211,rule,0.0038667035449643982,0.34550717716130397,1.2560128814177651,0.12757761928066041,0.591770522164611,True,0.006820736894395996,88.55293461199021,1542.3270355341515
211,mpc,0.0038667035449643982,0.34550717716130397,1.2560128814177651,0.12757761928066041,0.591770522164611,True,-0.004220663734776586,89.67385783492682,1540.8851183572215
212,rule,0.0037989586848122332,0.3014869784317314,0.9331865667955277,0.09136281232741089,0.35034728421533345,True,0.005660813258287933,90.13205317290965,912.7950765408318
212,mpc,0.0037989586848122332,0.3014869784317314,0.9331865667955277,0.09136281232741089,0.35034728421533345,True,-0.004871223715413153,91.27296523838955,911.9481889882668
213,rule,0.004211687807731144,0.07096391698728136,1.1699098524124758,0.09579897552493491,0.20995354297258637,True,0.01447239701995262,81.29946040935069,548.1473318021422
213,mpc,0.004211687807731144,0.07096391698728136,1.1699098524124758,0.09579897552493491,0.20995354297258637,True,-0.0007129982712201777,82.32856750313996,547.6153357544711
214,rule,0.0038597466830152314,0.46556680346418144,0.9487675069712183,0.07960867618613114,0.3577345378469984,True,0.0013580706214104676,88.71254367234646,932.3280948143241
214,mpc,0.0038597466830152314,0.46556680346418144,0.9487675069712183,0.07960867618613114,0.3577345378469984,True,-0.007240039695631362,89.83548726313568,931.457142346909
215,rule,0.002618684686987073,0.07825961706096177,1.2991271696017535,0.17228582299873338,0.3151639982078236,True,0.013491865092322253,130.75569879898006,816.1315802668239
215,mpc,0.002618684686987073,0.07825961706096177,1.2991271696017535,0.17228582299873338,0.3151639982078236,True,-0.0004485980200372719,132.41083422681527,815.4799418559268
216,rule,0.00330580051763886,0.2817853566126613,1.3475180347158227,0.10038219370147335,0.15917730063403482,True,0.010344442751079264,103.57792140033456,413.6779358102952
216,mpc,0.00330580051763886,0.2817853566126613,1.3475180347158227,0.10038219370147335,0.15917730063403482,True,-0.003017028676480571,104.88903432945274,413.3159424026124
217,rule,0.003842460513146682,0.37026909792525564,1.117804827770282,0.15138418802644,0.1620606293151746,True,0.004952077172621694,89.1116369341105,422.3257157372143
217,mpc,0.003842460513146682,0.37026909792525564,1.117804827770282,0.15138418802644,0.1620606293151746,True,-0.004659554207725014,90.23963233833977,421.93195619567814
218,rule,0.005280165340733177,0.17632967133839123,1.2788719294208304,0.16821246126956557,0.34281466388359283,True,0.009037839690104188,64.84795912349936,899.7024166256688
218,mpc,0.005280165340733177,0.17632967133839123,1.2788719294208304,0.16821246126956557,0.34281466388359283,True,-0.002480699859084723,65.66881936556898,898.7347642229442
219,rule,0.003855237419491874,0.32364034869777086,1.3258709495980399,0.10865507442871375,0.4658593678025206,True,0.008103120404986952,88.81630595562984,1214.095502157907
219,mpc,0.003855237419491874,0.32364034869777086,1.3258709495980399,0.10865507442871375,0.4658593678025206,True,-0.003920231627930981,89.94056299304287,1212.9619040437667
220,rule,0.005888636552943709,0.184291725388748,1.3214133500912464,0.13141275981649578,0.3239991746841838,True,0.009003929931791665,58.14723715798262,852.7739070087032
220,mpc,0.005888636552943709,0.184291725388748,1.3214133500912464,0.13141275981649578,0.3239991746841838,True,-0.0029519430931685964,58.88327813466595,851.8087069824279
221,rule,0.005402150084881991,0.44773578636680617,1.2125456339269494,0.08502441649529854,0.545849603445797,True,0.0009850806894734498,63.383641846496936,1433.3935756332278
221,mpc,0.005402150084881991,0.44773578636680617,1.2125456339269494,0.08502441649529854,0.545849603445797,True,-0.00749912461990454,64.18596642683235,1431.8354610937854
222,rule,0.004415683535030318,0.15141613979684918,0.8828776899857963,0.1282933173829648,0.5010010896982644,True,0.008463296971217948,77.54358831759716,1309.3395270259105
222,mpc,0.004415683535030318,0.15141613979684918,0.8828776899857963,0.1282933173829648,0.5010010896982644,True,-0.002653140529449871,78.52515272668069,1308.0417085521547
223,rule,0.005324617002936972,0.08367453249695286,0.9535463314127497,0.07331336483161426,0.49354109142271396,True,0.012655074459893334,64.30658693241533,1295.5528224803124
223,mpc,0.005324617002936972,0.08367453249695286,0.9535463314127497,0.07331336483161426,0.49354109142271396,True,-0.0015867179817186106,65.12059436193957,1294.1539854893695
224,rule,0.0028048875098707097,0.26961062071627295,1.0956438549734133,0.09951296590121114,0.5629652060138145,True,0.009890198571563369,122.07546469375748,1459.2552153149722
224,mpc,0.0028048875098707097,0.26961062071627295,1.0956438549734133,0.09951296590121114,0.5629652060138145,True,-0.002989426537589379,123.6207237405139,1458.0592413916247
225,rule,0.005057966481056622,0.2086443482802645,1.0281727049784743,0.05675366358546908,0.5570379418422404,True,0.008060937545756097,67.6967606376176,1460.362098630318
225,mpc,0.005057966481056622,0.2086443482802645,1.0281727049784743,0.05675366358546908,0.5570379418422404,True,-0.004314148115347027,68.55368165834695,1458.8223741968643
226,rule,0.0045512935242838625,0.11030154334264114,1.1428323223695656,0.09527839464559498,0.31209049925095833,True,0.012623194586576347,75.23310556751234,816.1772441182537
226,mpc,0.0045512935242838625,0.11030154334264114,1.1428323223695656,0.09527839464559498,0.31209049925095833,True,-0.0015640303723702953,76.18542335950617,815.3571703019202
227,rule,0.006447657650362304,0.4872635184965364,1.0022072492919025,0.09067095552416829,0.39586554325458423,True,-0.004689400831564772,53.105788915753415,1044.629071287164
227,mpc,0.006447657650362304,0.4872635184965364,1.0022072492919025,0.09067095552416829,0.39586554325458423,True,-0.009967705424741125,53.7780140919022,1043.3948904235385
228,rule,0.004591779468605973,0.3082434989761067,1.185227575081493,0.13614349405473847,0.6418462588211615,True,0.005795816530945741,74.56977159339392,1678.8865106109604
228,mpc,0.004591779468605973,0.3082434989761067,1.185227575081493,0.13614349405473847,0.6418462588211615,True,-0.004459093123933,75.51369275280398,1677.192847989315
229,rule,0.004052946312203505,0.3638382389386808,1.1306569024549564,0.1293944188590585,0.5692668820853348,True,0.004976935491892265,84.48371130655882,1485.0657311178163
229,mpc,0.004052946312203505,0.3638382389386808,1.1306569024549564,0.1293944188590585,0.5692668820853348,True,-0.004932673777030994,85.55312537373045,1483.6486148831964
230,rule,0.006323662549857714,0.3470306080518208,1.2465666032662392,0.05600458232029917,0.16273835484739566,True,0.00272482292767251,54.14709331523193,429.1972354823075
230,mpc,0.006323662549857714,0.3470306080518208,1.2465666032662392,0.05600458232029917,0.16273835484739566,True,-0.006983656240625802,54.83249955972854,428.69480905617354
231,rule,0.005887515221748587,0.35181903351238125,1.1271965189074502,0.09671346266643688,0.15354247424275655,True,0.0019662227903605167,58.15831183184411,404.125500472884
231,mpc,0.005887515221748587,0.35181903351238125,1.1271965189074502,0.09671346266643688,0.15354247424275655,True,-0.006722896217614016,58.89449299427252,403.668137802743
232,rule,0.0035423341746585076,0.3009262326818727,0.7129994487167605,0.1657502498236445,0.4470274084935837,True,0.0029669493559378868,96.66167258604062,1163.1675886327246
232,mpc,0.0035423341746585076,0.3009262326818727,0.7129994487167605,0.1657502498236445,0.4470274084935837,True,-0.004586302654236318,97.88523806181331,1162.1200582320773
233,rule,0.004259001279624083,0.4931556650948668,0.9053676502623063,0.12045416811993719,0.3438866708238565,True,-0.0009480378651138821,80.39630037664733,898.0317174673502
233,mpc,0.004259001279624083,0.4931556650948668,0.9053676502623063,0.12045416811993719,0.3438866708238565,True,-0.007692072003079087,81.41397506495933,897.1558180566773
234,rule,0.004186781632182768,0.22540482229768177,1.0508568459257321,0.17343383733893986,0.47676435008704365,True,0.0071353476656463855,81.78309170680814,1244.5833297700651
234,mpc,0.004186781632182768,0.22540482229768177,1.0508568459257321,0.17343383733893986,0.47676435008704365,True,-0.0030927558516689047,82.81832071575508,1243.3785842551124
235,rule,0.008575568138342588,0.10704410624665633,1.0701542838645226,0.10543235125460079,0.4558703356440411,False,,39.92831036467758,1214.3161598004192
235,mpc,0.008575568138342588,0.10704410624665633,1.0701542838645226,0.10543235125460079,0.4558703356440411,False,,40.43373201486337,1212.6730976429135
236,rule,0.006945864955143815,0.21179654823796457,0.8722059281121208,0.1791607304672181,0.16853101801385797,True,0.002460839189652342,49.29666044365147,445.7353538910948
236,mpc,0.006945864955143815,0.21179654823796457,0.8722059281121208,0.1791607304672181,0.16853101801385797,True,-0.004908246602027155,49.9206688036977,445.18976148754894
237,rule,0.004510446995380557,0.3539111836741597,0.7763082798524243,0.11899589432311049,0.6358202491637975,True,0.00042319796333956106,75.91441525238307,1662.4592002702516
237,mpc,0.004510446995380557,0.3539111836741597,0.7763082798524243,0.11899589432311049,0.6358202491637975,True,-0.006719476792051315,76.87535721760311,1660.795578050292
238,rule,0.004726298860766354,0.48204039292037243,0.7107734003998979,0.1578797291079321,0.23230538780944712,True,-0.004282571351393649,72.44737505356629,608.0449969355195
238,mpc,0.004726298860766354,0.48204039292037243,0.7107734003998979,0.1578797291079321,0.23230538780944712,True,-0.008512754618318352,73.36443043399119,607.423515224621
239,rule,0.0027468620925779437,0.47758152455723085,1.2866068027938817,0.09705534521847482,0.45247824189135866,True,0.007425269572062243,124.65421802804507,1172.5056223699883
239,mpc,0.0027468620925779437,0.47758152455723085,1.2866068027938817,0.09705534521847482,0.45247824189135866,True,-0.004503517113265021,126.23211952207099,1171.5523479837789
240,rule,0.005288214131523397,0.29419823115268307,1.2213477470855358,0.11340854922898769,0.6335209604362531,True,0.005582510758525894,64.74925894926731,1662.7126874384987
240,mpc,0.005288214131523397,0.29419823115268307,1.2213477470855358,0.11340854922898769,0.6335209604362531,True,-0.004846948644136484,65.56886982204286,1660.9231331995197
241,rule,0.007795377909937782,0.2057231825985631,0.8014610174959435,0.07373205012483232,0.5460968197052213,False,,43.92448321776308,1449.779921586015
241,mpc,0.007795377909937782,0.2057231825985631,0.8014610174959435,0.07373205012483232,0.5460968197052213,False,,44.480489334443625,1447.9050783850664
242,rule,0.008420359024412828,0.07607402392935565,1.3071107059844076,0.07314944272427877,0.17582811563555487,False,,40.66429295810935,468.0497050816335
242,mpc,0.008420359024412828,0.07607402392935565,1.3071107059844076,0.07314944272427877,0.17582811563555487,False,,41.17903084365505,467.4218485774336
243,rule,0.007318109209225251,0.32441429331950644,0.8530792843829269,0.06258541499958781,0.3748316339451878,False,,46.78912768198945,993.0159436331339
243,mpc,0.007318109209225251,0.32441429331950644,0.8530792843829269,0.06258541499958781,0.3748316339451878,False,,47.38139512100198,991.7698511708903
244,rule,0.005786290584577637,0.06607020250112904,1.3314363955375648,0.12562744182856636,0.3469580817479083,True,0.013901010622456855,59.17572599858926,912.7642718050029
244,mpc,0.005786290584577637,0.06607020250112904,1.3314363955375648,0.12562744182856636,0.3469580817479083,True,-0.0005742884084263267,59.924785821356224,911.7396622703575
245,rule,0.005740983947754984,0.4964333814661995,0.7184654549924997,0.12902293097932255,0.542632211854898,True,-0.007132351475771959,59.64272837151583,1427.2324114826138
245,mpc,0.005740983947754984,0.4964333814661995,0.7184654549924997,0.12902293097932255,0.542632211854898,True,-0.010343528937396318,60.3976996167249,1425.636201258985
246,rule,0.0037073966568827842,0.34414401180932724,0.969561618390402,0.1370247403724427,0.5186972361571278,True,0.0046035666327082225,92.35805549576212,1350.7874239720104
246,mpc,0.0037073966568827842,0.34414401180932724,0.969561618390402,0.1370247403724427,0.5186972361571278,True,-0.004769510519103903,93.52714480583506,1349.5472069881885
247,rule,0.0033603038214422456,0.39536637475897185,1.0906028355303965,0.05780368610277435,0.3460696867645273,True,0.006264618868788818,101.89791291973751,899.6355611171015
247,mpc,0.0033603038214422456,0.39536637475897185,1.0906028355303965,0.05780368610277435,0.3460696867645273,True,-0.005429799148066072,103.18775991872155,898.8430000704831
248,rule,0.003187287959001307,0.382876974960598,0.7955812453784802,0.0583008263828219,0.20247195176761154,True,0.003657465857161535,107.42924724268464,525.8723207836382
248,mpc,0.003187287959001307,0.382876974960598,0.7955812453784802,0.0583008263828219,0.20247195176761154,True,-0.006345803394382621,108.78911113183256,525.4189603918805
249,rule,0.0032032662911921778,0.49134463015364793,0.8557444832791258,0.17907429078792036,0.41800906387583714,True,0.0012832778583701243,106.89337540331286,1085.7680170128997
249,mpc,0.0032032662911921778,0.49134463015364793,0.8557444832791258,0.17907429078792036,0.41800906387583714,True,-0.005746537743219315,108.24645610462063,1084.8300617231082
250,rule,0.007124687599125647,0.27933971414172803,0.9308411803086953,0.1440207213285356,0.2019979173048019,True,0.0003045577072986472,48.05936280254646,534.6782962142653
250,mpc,0.007124687599125647,0.27933971414172803,0.9308411803086953,0.1440207213285356,0.2019979173048019,True,-0.006583974914791346,48.667709167135655,534.0158615164962
251,rule,0.004352081153626095,0.3959189879541067,1.1537900547455935,0.14938370607640136,0.6202133423004126,True,0.0036629618099559558,78.67682933621158,1620.3843506625255
251,mpc,0.004352081153626095,0.3959189879541067,1.1537900547455935,0.14938370607640136,0.6202133423004126,True,-0.005360312125518574,79.67273856831555,1618.7886129402928
252,rule,0.00585200882218615,0.21320008074441732,1.3262079572669674,0.1079232312197462,0.2866806873510128,True,0.008380020784861109,58.51118079026903,754.421320282925
252,mpc,0.00585200882218615,0.21320008074441732,1.3262079572669674,0.1079232312197462,0.2866806873510128,True,-0.003581621563090609,59.25182864837371,753.569944576299
253,rule,0.008937079248151555,0.3815680773649566,1.1441817285299938,0.10098956101798931,0.6028901449783945,False,,38.31318226835718,1608.386528960238
253,mpc,0.008937079248151555,0.3815680773649566,1.1441817285299938,0.10098956101798931,0.6028901449783945,False,,38.79815925909589,1606.1674461718603
254,rule,0.0065931718774501465,0.3206438203246044,1.0957745544981599,0.11024072426253548,0.4624174355425653,True,0.0014558814898860684,51.93372060453648,1221.0614611052717
254,mpc,0.0065931718774501465,0.3206438203246044,1.0957745544981599,0.11024072426253548,0.4624174355425653,True,-0.006706670532835135,52.59110947294834,1219.603457053562
255,rule,0.0031920355715638906,0.11309903175621787,1.222586921185342,0.07266929783566242,0.5417325835272461,True,0.014782296687731566,107.26946442311274,1407.0549905071916
255,mpc,0.0031920355715638906,0.11309903175621787,1.222586921185342,0.07266929783566242,0.5417325835272461,True,-0.0011791748680021197,108.62730574492431,1405.84121983095
256,rule,0.00360210725115602,0.42622289158985976,0.984109971532407,0.08643797481884444,0.613111659397097,True,0.0034295437836280307,95.05767660618505,1595.806129006571
256,mpc,0.00360210725115602,0.42622289158985976,0.984109971532407,0.08643797481884444,0.613111659397097,True,-0.006171346460412064,96.26093833537729,1594.3587860146147
257,rule,0.005313153300951648,0.1958670784866478,0.8052321069931079,0.05795044661738299,0.5570641157974091,True,0.00570420975687147,64.44533533784049,1462.221615012145
257,mpc,0.005313153300951648,0.1958670784866478,0.8052321069931079,0.05795044661738299,0.5570641157974091,True,-0.005135798262632996,65.26109907629419,1460.644402895908
258,rule,0.005256842305465352,0.15653556520385947,0.7763994860287872,0.12437382236034308,0.5944603508577235,True,0.006243861754948621,65.13567010088808,1559.9615533368392
258,mpc,0.005256842305465352,0.15653556520385947,0.7763994860287872,0.12437382236034308,0.5944603508577235,True,-0.0035344836267876545,65.96017225406389,1558.287219354672
259,rule,0.004348154296322015,0.3927125972043646,1.1613439381118478,0.10721581220528892,0.5100206540071007,True,0.004097213603329597,78.74788308934131,1332.46635050545
259,mpc,0.004348154296322015,0.3927125972043646,1.1613439381118478,0.10721581220528892,0.5100206540071007,True,-0.005691848266477173,79.74469173604184,1331.1546801489133
260,rule,0.0068603946956659655,0.4387010548253513,1.013152963572417,0.14501469896198427,0.6088909144090527,True,-0.0035885558677624108,49.91082311889407,1609.7906180401849
260,mpc,0.0068603946956659655,0.4387010548253513,1.013152963572417,0.14501469896198427,0.6088909144090527,True,-0.008766864104000849,50.54260569001932,1607.8317736988656
261,rule,0.00501433237711243,0.4423598006274234,0.8900744866160495,0.1290068330958728,0.5733061618250309,True,-0.0016630834069808476,68.2858495268643,1502.6951063801594
261,mpc,0.00501433237711243,0.4423598006274234,0.8900744866160495,0.1290068330958728,0.5733061618250309,True,-0.007865097056840353,69.15022736897652,1501.1170580353134
262,rule,0.00617615289124865,0.48490343416341136,0.8938106858464916,0.16884655375455854,0.1760762534826433,True,-0.004871404944115643,55.440328665820566,464.05769792740045
262,mpc,0.00617615289124865,0.48490343416341136,0.8938106858464916,0.16884655375455854,0.1760762534826433,True,-0.009036014270057402,56.142104978046156,463.5205031279076
263,rule,0.0061803185678502475,0.47163183652935825,0.9081695843799484,0.06577366340660606,0.4137289718277868,True,-0.0051999416738151005,55.402960611508696,1090.4242515929132
263,mpc,0.0061803185678502475,0.47163183652935825,0.9081695843799484,0.06577366340660606,0.4137289718277868,True,-0.010476031174789346,56.10426391038857,1089.1615698435241
264,rule,0.0029556611666598847,0.20476766152173814,1.3069944261783881,0.1218275594810684,0.3981969687107688,True,0.011892952882746166,115.84817300561193,1032.9766223430456
264,mpc,0.0029556611666598847,0.20476766152173814,1.3069944261783881,0.1218275594810684,0.3981969687107688,True,-0.0019284501925214137,117.31460557530325,1032.112552136213
265,rule,0.004801539657838942,0.20014629150750646,0.9539709466398301,0.14807519214737275,0.38500958235159555,True,0.00660047964815369,71.31211456770365,1008.1087454715894
265,mpc,0.004801539657838942,0.20014629150750646,0.9539709466398301,0.14807519214737275,0.38500958235159555,True,-0.0034507645430856826,72.21479956223153,1007.0709173108996
266,rule,0.004959710104131985,0.20797050856025157,1.0255202569766666,0.07584318641646662,0.47188397693299544,True,0.007868995232794385,69.037895157606,1236.5301951818078
266,mpc,0.004959710104131985,0.20797050856025157,1.0255202569766666,0.07584318641646662,0.47188397693299544,True,-0.0040623042163074885,69.91179256466431,1235.2381810326597
267,rule,0.004471405100184511,0.14403590986037407,1.0553254284197924,0.1290666622779798,0.515219868920531,True,0.01006424387701188,76.5772589397131,1346.870009310032
267,mpc,0.004471405100184511,0.14403590986037407,1.0553254284197924,0.1290666622779798,0.515219868920531,True,-0.0021745723828214825,77.54659133135505,1345.5274574687776
268,rule,0.003929017915055596,0.3605953777732127,0.7944830532975957,0.12924471886268638,0.40473096487278537,True,0.0017727544661544359,87.14848177940618,1055.1785154376805
268,mpc,0.003929017915055596,0.3605953777732127,0.7944830532975957,0.12924471886268638,0.40473096487278537,True,-0.005948474275983218,88.25162711838603,1054.185171325503
269,rule,0.0023999633449940834,0.4398494263413568,1.3494405091049901,0.07987255669238308,0.4697105712512635,True,0.009762644570003642,142.67215659580302,1214.925139432889
269,mpc,0.0023999633449940834,0.4398494263413568,1.3494405091049901,0.07987255669238308,0.4697105712512635,True,-0.003730442870717221,144.4781332615727,1213.9856751460843
270,rule,0.004094215709494937,0.35845072964744934,1.2238882019695434,0.13195568040361166,0.2645108845431601,True,0.005781856858363521,83.63212162639633,690.1810379733557
270,mpc,0.004094215709494937,0.35845072964744934,1.2238882019695434,0.13195568040361166,0.2645108845431601,True,-0.0046222323897973094,84.6907560773634,689.5195011646113
271,rule,0.0066768023968642315,0.4641836568987276,0.8244869007006785,0.1196809052444534,0.3064262757678171,True,-0.006648412954057381,51.28322299039364,809.4586683885676
271,mpc,0.0066768023968642315,0.4641836568987276,0.8244869007006785,0.1196809052444534,0.3064262757678171,True,-0.010354769204009129,51.932377711791034,808.4863268543425
272,rule,0.0049914693606315464,0.36067968491412894,0.7700013847455038,0.0873002622877313,0.3191465139260007,True,-0.0009823387337226652,68.5986272663126,836.423754095447
272,mpc,0.0049914693606315464,0.36067968491412894,0.7700013847455038,0.0873002622877313,0.3191465139260007,True,-0.007901106814793613,69.46696432031658,835.5472321214827
273,rule,0.008056468580552761,0.27482985796689624,1.3401922471243353,0.06009662729086619,0.24190909410760827,False,,42.500996901757944,642.9499066850461
273,mpc,0.008056468580552761,0.27482985796689624,1.3401922471243353,0.06009662729086619,0.24190909410760827,False,,43.038984204311845,642.1053212457051
274,rule,0.006630796273537815,0.11546957264125221,1.2556566467766268,0.054118912104468696,0.6114724858767603,True,0.012490823156809383,51.639038820671495,1614.933695287348
274,mpc,0.006630796273537815,0.11546957264125221,1.2556566467766268,0.054118912104468696,0.6114724858767603,True,-0.002222274487067244,52.29269753992051,1613.00016576754
275,rule,0.005004516303911377,0.20406480217079104,0.7238973341359807,0.07375933229455009,0.6333968759897061,True,0.004500660595282424,68.41978832471133,1660.120345604446
275,mpc,0.005004516303911377,0.20406480217079104,0.7238973341359807,0.07375933229455009,0.6333968759897061,True,-0.0052770305062042056,69.2858615946444,1658.3785490022601
276,rule,0.0036644073689536443,0.1641872073492705,0.7222359427118595,0.06629422961745912,0.22946998300110202,True,0.008775341522684554,93.44156140559129,597.4535305659477
276,mpc,0.0036644073689536443,0.1641872073492705,0.7222359427118595,0.06629422961745912,0.22946998300110202,True,-0.0034290738160891454,94.6243659803456,596.9077028477967
277,rule,0.004608477853765553,0.4972694301709464,0.6509018677217607,0.11756784864146128,0.4778021285462015,True,-0.005714197527210363,74.29957505413726,1249.896349913018
277,mpc,0.004608477853765553,0.4972694301709464,0.6509018677217607,0.11756784864146128,0.4778021285462015,True,-0.00964765833866199,75.24007600418966,1248.6333812976586
278,rule,0.0050075291550467325,0.39772150609364854,0.9909093008894276,0.12194096407175052,0.48845805523927366,True,0.0007600391763799008,68.37862258597026,1280.2572884929498
278,mpc,0.0050075291550467325,0.39772150609364854,0.9909093008894276,0.12194096407175052,0.48845805523927366,True,-0.0068824766720503305,69.24417477060281,1278.9136718528089
279,rule,0.002901155901536201,0.07966106810005608,1.0692878197149156,0.12865520612107564,0.4320287057639327,True,0.013372459632644218,118.0246625146458,1120.421500105245
279,mpc,0.002901155901536201,0.07966106810005608,1.0692878197149156,0.12865520612107564,0.4320287057639327,True,-0.0006911732353502842,119.51864558445146,1119.4911083393454
280,rule,0.007093692843105377,0.3339677904699206,0.8011257461837741,0.137998863582188,0.6290599054405326,True,-0.003355133296093493,48.269350499716396,1664.8589315850381
280,mpc,0.007093692843105377,0.3339677904699206,0.8011257461837741,0.137998863582188,0.6290599054405326,True,-0.008334449886759465,48.88035493642167,1662.8005506169561
281,rule,0.0034122223204262688,0.20995417887765289,0.9568540140054269,0.10988081634867584,0.15712745944087528,True,0.008969047225962812,100.3474902943628,408.5742238121721
281,mpc,0.0034122223204262688,0.20995417887765289,0.9568540140054269,0.10988081634867584,0.15712745944087528,True,-0.0029632815710709526,101.61771169049399,408.21198297798054
282,rule,0.0055350959823346315,0.4921144125670715,0.8295299830759783,0.15825161365850343,0.1748537238592027,True,-0.004678683676527129,61.86124816516008,459.45367602325115
282,mpc,0.0055350959823346315,0.4921144125670715,0.8295299830759783,0.15825161365850343,0.1748537238592027,True,-0.008952193484227378,62.64430193940262,458.9485454359799
283,rule,0.0038747750430905043,0.054324847522137475,0.8101548283303075,0.08309271224976406,0.15563637827320684,True,0.013655291763933763,88.36847103982583,405.6504299361805
283,mpc,0.0038747750430905043,0.054324847522137475,0.8101548283303075,0.08309271224976406,0.15563637827320684,True,-0.0007582854326380062,89.48705928083629,405.27084620681865
284,rule,0.0020584014997197643,0.47630781010667234,0.7869656268046061,0.08255088660895962,0.272303846268525,True,0.005213835311241755,166.34652968713797,703.0348165763194
284,mpc,0.0020584014997197643,0.47630781010667234,0.7869656268046061,0.08255088660895962,0.272303846268525,True,-0.00516446302666318,168.45218196165874,702.519376822434
285,rule,0.003971440910741236,0.1856574407847547,1.0695102824993479,0.16940542223409283,0.4173657660707889,True,0.00868058057929455,86.2175602953326,1088.3510092093868
285,mpc,0.003971440910741236,0.1856574407847547,1.0695102824993479,0.16940542223409283,0.4173657660707889,True,-0.002394723228186013,87.30892181805834,1087.3216368719043
286,rule,0.002281249280413938,0.41220153466622583,1.2944222235073692,0.1547809471159212,0.4603371808835679,True,0.00890658881041051,150.096681288181,1189.925325169267
286,mpc,0.002281249280413938,0.41220153466622583,1.2944222235073692,0.1547809471159212,0.4603371808835679,True,-0.003039373551791291,151.99663927917067,1189.0216487106647
287,rule,0.006670527610400823,0.2313022872015112,1.0918086502971476,0.14054831554140096,0.5303255597546875,True,0.004451173547260656,51.33146374318183,1400.873260266897
287,mpc,0.006670527610400823,0.2313022872015112,1.0918086502971476,0.14054831554140096,0.5303255597546875,True,-0.004774612357936192,51.98122910701958,1399.1912494411954
288,rule,0.0052919895422688075,0.12885748566607597,0.7420208449285243,0.15554087308527936,0.25259140074784503,True,0.006558567391326764,64.70306553825583,662.9528278981205
288,mpc,0.0052919895422688075,0.12885748566607597,0.7420208449285243,0.15554087308527936,0.25259140074784503,True,-0.0027709646299172164,65.52209168430971,662.2390645772147
289,rule,0.004727281173297489,0.1603297605619216,0.8155532991652685,0.08076745622136088,0.3059534138650668,True,0.008002977175165515,72.43232074184797,800.817996781636
289,mpc,0.004727281173297489,0.1603297605619216,0.8155532991652685,0.08076745622136088,0.3059534138650668,True,-0.0035794171473197967,73.34918556136505,799.9994047446105
290,rule,0.005512874834692325,0.13942143285612257,0.6596115135133933,0.12147090279674048,0.48488914875372835,True,0.005352696038403604,62.11059682081336,1273.982730822417
290,mpc,0.005512874834692325,0.13942143285612257,0.6596115135133933,0.12147090279674048,0.48488914875372835,True,-0.003689521583433608,62.896806907152786,1272.584725220184
291,rule,0.004531729278582584,0.1541640906086133,1.253901506415536,0.07788251480976041,0.47720079144561545,True,0.012131447820549757,75.5578996740688,1247.8526198375234
291,mpc,0.004531729278582584,0.1541640906086133,1.253901506415536,0.07788251480976041,0.47720079144561545,True,-0.0022401759496835094,76.51432878386716,1246.6012432281145
292,rule,0.004855946092632384,0.43056488733890746,0.9036876206442285,0.09460445145009524,0.424994250565772,True,-0.0008871797113878532,70.5131275449488,1113.099242789361
292,mpc,0.004855946092632384,0.43056488733890746,0.9036876206442285,0.09460445145009524,0.424994250565772,True,-0.00797842677447358,71.40569877969502,1111.9474145977908
293,rule,0.00473228238998559,0.3893947515597882,0.857720772573508,0.05728705994708834,0.5176883924752759,True,-2.106202641605215e-05,72.35577211237087,1355.0569798308939
293,mpc,0.00473228238998559,0.3893947515597882,0.857720772573508,0.05728705994708834,0.5176883924752759,True,-0.008110903386288726,73.27166796189456,1353.67118103041
294,rule,0.006020141138937735,0.3050549553171055,0.8675517319124417,0.09695905783184365,0.46703451770077664,True,0.00031094204574455553,56.87706289251578,1230.0012977242266
294,mpc,0.006020141138937735,0.3050549553171055,0.8675517319124417,0.09695905783184365,0.46703451770077664,True,-0.0071825693511702315,57.597025713940035,1228.5945608868205
295,rule,0.004997442419063521,0.06530985962425111,0.6882825959838403,0.15972370299164332,0.22202218537258891,True,0.009035509360511673,68.51663660495912,581.8957334233472
295,mpc,0.004997442419063521,0.06530985962425111,0.6882825959838403,0.15972370299164332,0.22202218537258891,True,-0.0012090998844245249,69.38393580249026,581.2856061032991
296,rule,0.005612365550710538,0.3635476757350476,0.7115667022045361,0.05765307448934644,0.15382589557621942,True,-0.003643032445335148,61.00955881924575,404.34786701648596
296,mpc,0.005612365550710538,0.3635476757350476,0.7115667022045361,0.05765307448934644,0.15382589557621942,True,-0.009626104327841833,61.78183171569191,403.90042717655194
297,rule,0.006117306696590114,0.3598167382798654,0.7559559275914357,0.1364497419106116,0.3361923374646367,True,-0.003233108668497575,55.97364382139723,885.8099415637391
297,mpc,0.006117306696590114,0.3598167382798654,0.7559559275914357,0.1364497419106116,0.3361923374646367,True,-0.008245968938615844,56.68217095837695,884.7891584011204
298,rule,0.005927582788345118,0.098546197778712,0.9746591107747538,0.08429554858589133,0.21723679888324668,True,0.011210900051159656,57.76519002896587,571.8768045966976
298,mpc,0.005927582788345118,0.098546197778712,0.9746591107747538,0.08429554858589133,0.21723679888324668,True,-0.0020611964635399715,58.49639496604139,571.2275200676848
299,rule,0.007258075871196948,0.23678230316964405,0.989509142406758,0.14218250720296477,0.17295455188051082,False,,47.17613211236875,458.07446578933826
299,mpc,0.007258075871196948,0.23678230316964405,0.989509142406758,0.14218250720296477,0.17295455188051082,False,,47.77329834163925,457.501900050174
300,rule,0.004954030467187024,0.3262821284242531,1.0569833171328042,0.13961437047973607,0.6400573680115836,True,0.0034983314908467733,69.1170448888272,1677.167543979753
300,mpc,0.004954030467187024,0.3262821284242531,1.0569833171328042,0.13961437047973607,0.6400573680115836,True,-0.0053584750325501584,69.99194419121743,1675.4160426296132
301,rule,0.004460295224298259,0.2987950770117796,1.192725701242272,0.10361864062595927,0.3174302721346671,True,0.00670968142189754,76.7680005385864,829.7697928546136
301,mpc,0.004460295224298259,0.2987950770117796,1.192725701242272,0.10361864062595927,0.3174302721346671,True,-0.0044627145982585326,77.739747380847,828.9436072221503
302,rule,0.003926443940287654,0.4949282613369419,0.8283581116273124,0.15738339621971206,0.5373231115606315,True,-0.0010196506307307285,87.20561184329506,1400.8427997323863
302,mpc,0.003926443940287654,0.4949282613369419,0.8283581116273124,0.15738339621971206,0.5373231115606315,True,-0.007116685610172757,88.30948034764056,1399.5244230006058
303,rule,0.0039024006452755126,0.34687881765195994,1.212232745536825,0.0645127050893393,0.1557186225015709,True,0.0071720094997429484,87.74289912946877,405.92131110778115
303,mpc,0.0039024006452755126,0.34687881765195994,1.212232745536825,0.0645127050893393,0.1557186225015709,True,-0.004920527022610699,88.85356873870256,405.540303074119
304,rule,0.004876884461015128,0.3679247736476028,1.117690938039928,0.09502828587311696,0.6192201498566008,True,0.0033204109192191966,70.21038716794013,1621.9598675255575
304,mpc,0.004876884461015128,0.3679247736476028,1.117690938039928,0.09502828587311696,0.6192201498566008,True,-0.006147074190847812,71.09912624601533,1620.2781656914508
305,rule,0.004429762556031439,0.23521609282592354,0.9159860315857627,0.14553374939348096,0.5880315144836377,True,0.005659198238946783,77.29713316461401,1536.8957875886101
305,mpc,0.004429762556031439,0.23521609282592354,0.9159860315857627,0.14553374939348096,0.5880315144836377,True,-0.0039250193240816245,78.27557788821673,1535.3702400215561
306,rule,0.003375016915565051,0.27722553458639704,1.0788943553475365,0.1265643646900294,0.5348028480696472,True,0.007992500272634984,101.45369778801734,1390.3675114057917
306,mpc,0.003375016915565051,0.27722553458639704,1.0788943553475365,0.1265643646900294,0.5348028480696472,True,-0.0034225338809910077,102.73792181065048,1389.140409074014
307,rule,0.003769133272898108,0.4175454172722112,0.7062174843209417,0.06698899289416514,0.33848454608518985,True,-0.0005872099970194444,90.84527433488807,881.7547983868111
307,mpc,0.003769133272898108,0.4175454172722112,0.7062174843209417,0.06698899289416514,0.33848454608518985,True,-0.008055940956676721,91.99521451634236,880.9394761470348
308,rule,0.0037044393622397403,0.15883463168748968,1.1103836297996375,0.17305931595417343,0.3608477670506509,True,0.009892725595781693,92.43178594618969,939.7029248555718
308,mpc,0.0037044393622397403,0.15883463168748968,1.1103836297996375,0.17305931595417343,0.3608477670506509,True,-0.0018244744133901758,93.6018085531035,938.8404364557507
309,rule,0.004251873923346714,0.34401742580077277,0.7463181915093882,0.09516676205391034,0.5274477847783412,True,0.0009339727394073183,80.53106756083415,1377.3376405391587
309,mpc,0.004251873923346714,0.34401742580077277,0.7463181915093882,0.09516676205391034,0.5274477847783412,True,-0.006795870115717806,81.55044816287003,1375.995246486747
310,rule,0.005712496464987081,0.39879322608082945,1.1918425806876098,0.07424182646919177,0.3241778414894202,True,0.001564908340866089,59.940158961999025,852.5389256963336
310,mpc,0.005712496464987081,0.39879322608082945,1.1918425806876098,0.07424182646919177,0.3241778414894202,True,-0.007310902139383568,60.69889515139142,851.5876747436637
311,rule,0.004411814346737242,0.09338061633777628,0.8866997298748961,0.060872882507126816,0.25162389447155886,True,0.012828102970234179,77.61159452106388,657.5930022342662
311,mpc,0.004411814346737242,0.09338061633777628,0.8866997298748961,0.060872882507126816,0.25162389447155886,True,-0.0017755170606283954,78.59401976816596,656.9414514114176
312,rule,0.009529930541794301,0.40901485912016683,1.020409086554188,0.05195179651076588,0.33074674669508963,False,,35.92974205630615,884.534358616564
312,mpc,0.009529930541794301,0.40901485912016683,1.020409086554188,0.05195179651076588,0.33074674669508963,False,,36.38454891777838,883.2766766495492
313,rule,0.005832512104875442,0.24415799822210998,1.0241817312645884,0.07467053867471193,0.17205899009122919,True,0.005040060019086301,58.70676991736745,452.74451504804273
313,mpc,0.005832512104875442,0.24415799822210998,1.0241817312645884,0.07467053867471193,0.17205899009122919,True,-0.005398658400947998,59.449893587207555,452.2343880305645
314,rule,0.0030907797716454364,0.34031989807199325,1.296254980257248,0.07397206163663031,0.25627568610184825,True,0.009645762500314903,110.783676443856,665.2816365759259
314,mpc,0.0030907797716454364,0.34031989807199325,1.296254980257248,0.07397206163663031,0.25627568610184825,True,-0.003741028343889452,112.18600146213267,664.7151590900709
315,rule,0.0040058494987124885,0.44663652760961847,0.9307339054035005,0.09465508233617935,0.5481827390033843,True,0.0011655035236834976,85.47698716370542,1429.725154757902
315,mpc,0.0040058494987124885,0.44663652760961847,0.9307339054035005,0.09465508233617935,0.5481827390033843,True,-0.007055076576492292,86.55897434299283,1428.3678075571484
316,rule,0.006947171097938889,0.4681941089962536,0.9220260767068207,0.11932098347868882,0.2454959098925447,True,-0.005911030111062532,49.28739214192809,649.2979801553681
316,mpc,0.006947171097938889,0.4681941089962536,0.9220260767068207,0.11932098347868882,0.2454959098925447,True,-0.010114657530175375,49.91128318169934,648.5031502875554
317,rule,0.006805886122994818,0.3718475519875981,1.329000823088911,0.09173449432312447,0.24217483995689496,True,0.0017320650356208445,50.31056059317551,640.1060406265151
317,mpc,0.006805886122994818,0.3718475519875981,1.329000823088911,0.09173449432312447,0.24217483995689496,True,-0.007021989572624898,50.94740313232963,639.330091654501
318,rule,0.0051758740294484485,0.2410632323988075,1.0567296163449866,0.07844124406579886,0.4093785308896075,True,0.006504056346566922,66.15461354604699,1073.859301886446
318,mpc,0.0051758740294484485,0.2410632323988075,1.0567296163449866,0.07844124406579886,0.4093785308896075,True,-0.00471258155994736,66.99201371751595,1072.7149701654887
319,rule,0.0031251272375594596,0.14991776057420192,0.6573746239857186,0.09653615371473157,0.45659236702164707,True,0.008611115954090254,109.56608168331206,1185.5072403207537
319,mpc,0.0031251272375594596,0.14991776057420192,0.6573746239857186,0.09653615371473157,0.45659236702164707,True,-0.0026764557895380126,110.95299410968312,1184.4933052182255
320,rule,0.006273805342043077,0.2893143287457967,1.1324681490603739,0.14915939935461997,0.3379515778569988,True,0.0032133732037069596,54.57739402378036,891.0902123033768
320,mpc,0.006273805342043077,0.2893143287457967,1.1324681490603739,0.14915939935461997,0.3379515778569988,True,-0.00540599280152998,55.268247112688975,890.0509915220243
321,rule,0.0028948242944856362,0.4582725273044978,0.7428707085528644,0.17061680861665113,0.25837169010334615,True,0.0014646354457933386,118.28280798715056,670.0378992457195
321,mpc,0.0028948242944856362,0.4582725273044978,0.7428707085528644,0.17061680861665113,0.25837169010334615,True,-0.0054675752569492975,119.78005872116515,669.4819786480261
322,rule,0.003946591857520372,0.2890850824581745,0.8418898204697575,0.1644990792361095,0.4553862250567101,True,0.003976116758304782,86.76041469267022,1187.3473764934977
322,mpc,0.003946591857520372,0.2890850824581745,0.8418898204697575,0.1644990792361095,0.4553862250567101,True,-0.004407844440880382,87.85864779004581,1186.2274376791404
323,rule,0.003342134572807085,0.12143701785855832,0.8953201640749078,0.13807749996893942,0.35530330443522806,True,0.01048228055409206,102.4518728142033,923.5527686887017
323,mpc,0.003342134572807085,0.12143701785855832,0.8953201640749078,0.13807749996893942,0.35530330443522806,True,-0.0015772368360909006,103.74873196375019,922.7409570851429
324,rule,0.004219991195817752,0.054879633528299665,0.8512503792134161,0.14234887992019707,0.2526654438440403,True,0.011727916588946563,81.139493020869,659.6869623626723
324,mpc,0.004219991195817752,0.054879633528299665,0.8512503792134161,0.14234887992019707,0.2526654438440403,True,-0.0006535179957281034,82.1665752110066,659.0461544386767
325,rule,0.004671864029022304,0.27493222990916394,0.9110510318098186,0.10200088791626905,0.4293768518668145,True,0.004374342822976218,73.29150507251383,1123.5682514745504
325,mpc,0.004671864029022304,0.27493222990916394,0.9110510318098186,0.10200088791626905,0.4293768518668145,True,-0.005219243591674472,74.21924564305199,1122.425882860781
326,rule,0.004232742723400352,0.05538792612476995,1.2441505316250099,0.09190551560013374,0.1688020193109324,True,0.015504747060167579,80.89505281958444,440.7550050730083
326,mpc,0.004232742723400352,0.05538792612476995,1.2441505316250099,0.09190551560013374,0.1688020193109324,True,-0.00036588176144825013,81.91904082995893,440.326290761924
327,rule,0.0038092914582507323,0.1523300486649653,1.3338122801956127,0.07458121407361826,0.1592268022754653,True,0.013490327036946304,89.8875683139301,414.87130558861287
327,mpc,0.0038092914582507323,0.1523300486649653,1.3338122801956127,0.07458121407361826,0.1592268022754653,True,-0.0018029822500833514,91.02538563435961,414.48593941282303
328,rule,0.004750313017755812,0.21825535401342921,0.755356918141714,0.1649599729511056,0.38415543511129224,True,0.0038166474664989014,72.08113336980617,1005.6210242697111
328,mpc,0.004750313017755812,0.21825535401342921,0.755356918141714,0.1649599729511056,0.38415543511129224,True,-0.004187642093866684,72.99355277955055,1004.590807128295
329,rule,0.0051551505318997515,0.3624785334560106,1.2103161292637488,0.06597796852422519,0.5152248225218865,True,0.004019940825534252,66.42055242856324,1351.3748863353428
329,mpc,0.0051551505318997515,0.3624785334560106,1.2103161292637488,0.06597796852422519,0.5152248225218865,True,-0.0062938433924697446,67.26131891500076,1349.9374971584712
330,rule,0.005287057388294755,0.4254126786927718,1.337209481794179,0.07352426281916505,0.3903540892791002,True,0.0030599510716589062,64.76342529196957,1024.5013905026567
330,mpc,0.005287057388294755,0.4254126786927718,1.337209481794179,0.07352426281916505,0.3903540892791002,True,-0.006741913239010078,65.58321548553882,1023.3988461041245
331,rule,0.003991178195879612,0.3824781161788876,0.7911316443797396,0.08989837859143851,0.17679637437616028,True,0.0010964913637925289,85.79119482429428,461.0718116279858
331,mpc,0.003991178195879612,0.3824781161788876,0.7911316443797396,0.08989837859143851,0.17679637437616028,True,-0.006922000662208827,86.87715931574105,460.6347817635361
332,rule,0.0036973493990027427,0.25875296181736257,1.2173123518066111,0.05036040544665544,0.60194480784572,True,0.010374792233964203,92.60903128969585,1567.5001780472423
332,mpc,0.0036973493990027427,0.25875296181736257,1.2173123518066111,0.05036040544665544,0.60194480784572,True,-0.0036504166593926968,93.78129750855277,1566.0626538214397
333,rule,0.0064403291704899935,0.43952102562056417,0.9352758742947411,0.05430853313343826,0.24619577790818528,True,-0.004451489335117298,53.16621823463909,649.6514548747906
333,mpc,0.0064403291704899935,0.43952102562056417,0.9352758742947411,0.05430853313343826,0.24619577790818528,True,-0.010283316013950383,53.83920833887504,648.8843360455452
334,rule,0.004166496638898656,0.264081525954309,1.2268771828117897,0.07957211757990265,0.5463915099233596,True,0.00885870209703754,82.18126062659995,1426.1993021967266
334,mpc,0.004166496638898656,0.264081525954309,1.2268771828117897,0.07957211757990265,0.5463915099233596,True,-0.0038348564610652947,83.22152974845567,1424.8217135342695
335,rule,0.0038260284871996023,0.4429407055097641,0.8214098121777023,0.06233848164619843,0.1653658664098939,True,0.0003526915485405624,89.494353564472,430.9033116535262
335,mpc,0.0038260284871996023,0.4429407055097641,0.8214098121777023,0.06233848164619843,0.1653658664098939,True,-0.007867659681946026,90.62719348300962,430.5022968445342
336,rule,0.005443015288951923,0.13800292473907466,1.020589883171127,0.15787167104282288,0.3296387072489012,True,0.008576508882793044,62.907768581174665,865.7951391593158
336,mpc,0.005443015288951923,0.13800292473907466,1.020589883171127,0.15787167104282288,0.3296387072489012,True,-0.0023716249330822947,63.704069449290806,864.8506982149687
337,rule,0.004013641361710636,0.13671856357685797,1.037179814044638,0.06043363689337408,0.4498948768364507,True,0.012464542114949628,85.31104683335408,1173.4247094984223
337,mpc,0.004013641361710636,0.13671856357685797,1.037179814044638,0.06043363689337408,0.4498948768364507,True,-0.0022243320081951623,86.39093350213072,1172.3097414080983
338,rule,0.004626642189679753,0.4981662026269684,1.3398659042527499,0.1393513814844095,0.5983880261106488,True,0.0024477929344766114,74.00787269544264,1565.4799437429738
338,mpc,0.004626642189679753,0.4981662026269684,1.3398659042527499,0.1393513814844095,0.5983880261106488,True,-0.006318393370816411,74.94468121057483,1563.8952717932316
339,rule,0.0028765617205316714,0.24917344587856177,0.8519374524192231,0.17500964464065816,0.5826084302593945,True,0.0068276960267581455,119.03375607664566,1510.739860680475
339,mpc,0.0028765617205316714,0.24917344587856177,0.8519374524192231,0.17500964464065816,0.5826084302593945,True,-0.0028621461295508244,120.54051248267916,1509.4895147030895
340,rule,0.0042403084903096435,0.15302105281858408,1.195392087773103,0.09095509600003793,0.32425948716505615,True,0.011809804527920797,80.75071588864026,846.6982345092098
340,mpc,0.0042403084903096435,0.15302105281858408,1.195392087773103,0.09095509600003793,0.32425948716505615,True,-0.00214841237469221,81.77287684925597,845.8740141398598
341,rule,0.0037920344765683283,0.4220178591548818,1.2282345270636843,0.11253526110168553,0.36659220304059303,True,0.005191426857434789,90.29663319175607,955.0861486578524
341,mpc,0.0037920344765683283,0.4220178591548818,1.2282345270636843,0.11253526110168553,0.36659220304059303,True,-0.005210393869350849,91.43962854861377,954.2007186774208
342,rule,0.003257027684523147,0.11964917375309791,0.767530975341054,0.05004351222814447,0.4323279859412672,True,0.012351908177162696,105.12896399629903,1123.2730432227518
342,mpc,0.003257027684523147,0.11964917375309791,0.767530975341054,0.05004351222814447,0.4323279859412672,True,-0.0022287044066411354,106.45971037599904,1122.2960824228944
343,rule,0.0050745805553541025,0.279419728914844,0.6565064625790205,0.10400974631249701,0.24603676816826772,True,-3.501016506035626e-05,67.4751228098871,645.0755696222136
343,mpc,0.0050745805553541025,0.279419728914844,0.6565064625790205,0.10400974631249701,0.24603676816826772,True,-0.0068581729204488795,68.32923828849327,644.3944087692576
344,rule,0.0038201299107655682,0.36344297840316964,1.2169796409705862,0.16964917027585896,0.1840170769371043,True,0.005778935507067873,89.63253977730912,479.4895478843996
344,mpc,0.0038201299107655682,0.36344297840316964,1.2169796409705862,0.16964917027585896,0.1840170769371043,True,-0.004179810945564411,90.7671288884143,479.04361357608997
345,rule,0.0033728609895471028,0.4108941646626814,1.2168741783108175,0.15366523576247904,0.40251936490348494,True,0.005888929173954671,101.51854678931213,1046.4485167000837
345,mpc,0.0033728609895471028,0.4108941646626814,1.2168741783108175,0.15366523576247904,0.40251936490348494,True,-0.0043554073044869135,102.80359168537937,1045.5251926647456
346,rule,0.005003614115619908,0.4605015384908946,0.9428181773403481,0.1555235480960189,0.4120131589531588,True,-0.0013915969572937392,68.43212491392565,1079.8734098496188
346,mpc,0.005003614115619908,0.4605015384908946,0.9428181773403481,0.1555235480960189,0.4120131589531588,True,-0.007501953641085191,69.29835434321585,1078.7405017168046
347,rule,0.004506519875784019,0.1741401209882395,0.75157154339222,0.09627648304169807,0.3333944201201692,True,0.0066693660760173135,75.98056940148587,871.6990408284981
347,mpc,0.004506519875784019,0.1741401209882395,0.75157154339222,0.09627648304169807,0.3333944201201692,True,-0.0038219887139439024,76.94234876099836,870.8270739940211
348,rule,0.006865002208702842,0.2930536127148793,0.6869862773175069,0.11530200616692986,0.5687010435277798,True,-0.0032835745297425944,49.877324984267105,1503.5675964120492
348,mpc,0.006865002208702842,0.2930536127148793,0.6869862773175069,0.11530200616692986,0.5687010435277798,True,-0.008352835271895342,50.50868352837176,1501.737422661568
349,rule,0.0034060391781570946,0.367116865764268,0.7921947362652013,0.1339876320818844,0.3316537084887512,True,0.0028119550157376105,100.5296557881785,862.362676888283
349,mpc,0.0034060391781570946,0.367116865764268,0.7921947362652013,0.1339876320818844,0.3316537084887512,True,-0.005369309834346803,101.80218307663647,861.5986843697799
350,rule,0.00562953795973235,0.29646393572784185,1.17721660509154,0.0541669314751687,0.39549694595744256,True,0.005112631112133892,60.823454541101015,1039.6905148078927
350,mpc,0.00562953795973235,0.29646393572784185,1.17721660509154,0.0541669314751687,0.39549694595744256,True,-0.005869645703782789,61.59337168719092,1038.5383750155488
351,rule,0.005110822904849058,0.44677517395299166,1.249016761285319,0.10764227494095509,0.33592166752327324,True,0.0019221928779171726,66.9966368539815,880.8956172421126
351,mpc,0.005110822904849058,0.44677517395299166,1.249016761285319,0.10764227494095509,0.33592166752327324,True,-0.006807323815970712,67.8446955483357,879.9623848161023
352,rule,0.00426436166461329,0.2186761533258939,1.2864860418283168,0.14437173249012009,0.296328682579418,True,0.009322086676767705,80.2952406740187,773.8585668023863
352,mpc,0.00426436166461329,0.2186761533258939,1.2864860418283168,0.14437173249012009,0.296328682579418,True,-0.002738611258069623,81.31163612558856,773.1033584620214
353,rule,0.004272910049091182,0.38014059040711246,0.7894513353762889,0.14168216174760778,0.22477758274853035,True,0.00037211166338890767,80.13460200361833,587.0287203289272
353,mpc,0.004272910049091182,0.38014059040711246,0.7894513353762889,0.14168216174760778,0.22477758274853035,True,-0.006467515742209606,81.14896405429705,586.4553291827038
354,rule,0.005567457778511047,0.15989115856830463,1.2694002598776648,0.17966355996137612,0.5198348134720215,True,0.009085656593322389,61.50166912855444,1366.1512818140725
354,mpc,0.005567457778511047,0.15989115856830463,1.2694002598776648,0.17966355996137612,0.5198348134720215,True,-0.0022819706935199857,62.28017126942222,1364.6452127399677
355,rule,0.004113375912830457,0.16989049298294379,0.7082765420462492,0.16265115973775962,0.46377433878684926,True,0.005815741357735327,83.24256120456754,1210.2296721939495
355,mpc,0.004113375912830457,0.16989049298294379,0.7082765420462492,0.16265115973775962,0.46377433878684926,True,-0.00303861910111336,84.29626451095447,1209.0672856825863
356,rule,0.004778200331054776,0.2064080314347294,1.2677586651299277,0.14104521638133122,0.5877013087903815,True,0.008979231072107963,71.66044168466193,1538.6615532805686
356,mpc,0.004778200331054776,0.2064080314347294,1.2677586651299277,0.14104521638133122,0.5877013087903815,True,-0.002877153180561587,72.56753588320196,1537.081048303128
357,rule,0.008747557884955527,0.05863935822022038,0.9572816865548436,0.17114174445764907,0.20701298932349252,False,,39.14326154618226,551.82829484961
357,mpc,0.008747557884955527,0.05863935822022038,0.9572816865548436,0.17114174445764907,0.20701298932349252,False,,39.63874586955167,551.0745926376272
358,rule,0.0049261849532281745,0.4263144296912174,1.3185961545566254,0.08929960869758305,0.46288086254807315,True,0.0035364442591331313,69.5077325419542,1212.7412926689146
358,mpc,0.0049261849532281745,0.4263144296912174,1.3185961545566254,0.08929960869758305,0.46288086254807315,True,-0.00632131474049813,70.38757725767515,1211.4780733505568
359,rule,0.004915216790955581,0.44294876520218873,1.030331839066481,0.13535479984552928,0.4396887385932323,True,0.00018818416532084825,69.66283701081974,1151.916979333131
359,mpc,0.004915216790955581,0.44294876520218873,1.030331839066481,0.13535479984552928,0.4396887385932323,True,-0.00707717854093981,70.54464507424787,1150.7183418681866
360,rule,0.0049953182823326775,0.4689094369651552,0.9359475883406867,0.07474635940279471,0.3448360052172996,True,-0.0019184392343991608,68.5457716262452,903.7679657126431
360,mpc,0.0049953182823326775,0.4689094369651552,0.9359475883406867,0.07474635940279471,0.3448360052172996,True,-0.00883072847656563,69.41343962151413,902.8205352814193
361,rule,0.004611228935997472,0.07524216308793735,1.1457571167462748,0.1397156804473298,0.25734226059318555,True,0.01273345114001212,74.255247556282,673.1981182412254
361,mpc,0.004611228935997472,0.07524216308793735,1.1457571167462748,0.1397156804473298,0.25734226059318555,True,-0.0008001720922794497,75.19518739876659,672.5176956481611
362,rule,0.004822483881684872,0.4897625682115918,1.1761769585334476,0.08251299679802393,0.18042243318206894,True,0.0008256520417402324,71.00240344640679,472.4661215204745
362,mpc,0.004822483881684872,0.4897625682115918,1.1761769585334476,0.08251299679802393,0.18042243318206894,True,-0.007630729806735959,71.90116804699423,471.9787593670984
363,rule,0.0049392214822004095,0.352515587746063,1.3216833826893901,0.10023969143142167,0.6252412845092483,True,0.005421220217419864,69.32427456738412,1638.2268241013696
363,mpc,0.0049392214822004095,0.352515587746063,1.3216833826893901,0.10023969143142167,0.6252412845092483,True,-0.005246391513553439,70.2017970302624,1636.5183388771197
364,rule,0.0031607261113437905,0.3816530068016663,0.7917402254106553,0.11328601349142682,0.20446366219579235,True,0.003242012033816466,108.33205223074756,530.9722774747809
364,mpc,0.0031607261113437905,0.3816530068016663,0.7917402254106553,0.11328601349142682,0.20446366219579235,True,-0.0054964026784662945,109.70334403113678,530.5160693739219
365,rule,0.009773361684717739,0.0819512240776787,0.8867121228167285,0.0944882048813876,0.36491375126345327,False,,35.03481782697087,976.8793251661418
365,mpc,0.009773361684717739,0.0819512240776787,0.8867121228167285,0.0944882048813876,0.36491375126345327,False,,35.47829653364139,975.4739398291508
366,rule,0.003834164713877816,0.15962258403960466,0.9240869783353265,0.06489653384640175,0.3180511782825758,True,0.010794246363900584,89.30444353155525,828.798239823289
366,mpc,0.003834164713877816,0.15962258403960466,0.9240869783353265,0.06489653384640175,0.3180511782825758,True,-0.002816005131811128,90.43487952562559,828.0262220562973
367,rule,0.002597296973546508,0.34886776058482427,1.2610589796874572,0.06570720418772978,0.3048150039546109,True,0.010575110279489208,131.8324202694613,789.2430830860034
367,mpc,0.002597296973546508,0.34886776058482427,1.2610589796874572,0.06570720418772978,0.3048150039546109,True,-0.0034639756943888322,133.5011850829988,788.6148434010504
368,rule,0.005734851230861504,0.3450720764913917,1.0685085205565732,0.131486182216366,0.40940609283072693,True,0.0017307345471299085,59.70650892189678,1076.7897139893735
368,mpc,0.005734851230861504,0.3450720764913917,1.0685085205565732,0.131486182216366,0.40940609283072693,True,-0.006326865317518138,60.46228751584484,1075.5860417016506
369,rule,0.0037444468128825714,0.4285149073712458,1.167165395992551,0.16039459171952397,0.2044855628319636,True,0.0042691638353838934,91.44420078371702,532.6198265467108
369,mpc,0.0037444468128825714,0.4285149073712458,1.167165395992551,0.16039459171952397,0.2044855628319636,True,-0.0049921463536906074,92.60172231262484,532.128720714192
370,rule,0.004057654568909419,0.47300556175131336,1.3300595043324974,0.1376676518464363,0.5079518948770125,True,0.004148040616366755,84.38568152271587,1325.14250650614
370,mpc,0.004057654568909419,0.47300556175131336,1.3300595043324974,0.1376676518464363,0.5079518948770125,True,-0.0055187772393103796,85.45385470654773,1323.8773524132748
371,rule,0.005694452223431125,0.07039774247983505,1.0309890404444084,0.06497448069805258,0.1785636222306113,True,0.013968643876015374,60.13009377307046,469.5555286088344
371,mpc,0.005694452223431125,0.07039774247983505,1.0309890404444084,0.06497448069805258,0.1785636222306113,True,-0.0011762489216671224,60.891234200577685,469.03238255876374
372,rule,0.003027523091749343,0.3422488438896306,0.8608227361829478,0.1576936603515669,0.2517033757896652,True,0.004847783203978606,113.09837639696919,653.1971825098236
372,mpc,0.003027523091749343,0.3422488438896306,0.8608227361829478,0.1576936603515669,0.2517033757896652,True,-0.004162383742707387,114.53000141465238,652.6455699272841
373,rule,0.005412477188887128,0.4045851673859952,0.9959967412604511,0.10523383408319854,0.19791977832842442,True,-0.00020577366252072515,63.26270471572859,519.7601907612932
373,mpc,0.005412477188887128,0.4045851673859952,0.9959967412604511,0.10523383408319854,0.19791977832842442,True,-0.0075749856457747455,64.06349844630743,519.1947027031779
374,rule,0.007309403759575588,0.19033533766586613,0.7557958904024185,0.11837696226662599,0.5176963489569757,False,,46.844853211538094,1371.444688526731
374,mpc,0.007309403759575588,0.19033533766586613,0.7557958904024185,0.11837696226662599,0.5176963489569757,False,,47.43782603700061,1369.7246981955843
375,rule,0.00717157102421514,0.09627326068069217,0.6660947594157128,0.08887654312627759,0.4989816353428005,False,,47.74517954643786,1321.0559152266073
375,mpc,0.00717157102421514,0.09627326068069217,0.6660947594157128,0.08887654312627759,0.4989816353428005,True,-0.00336691516293941,48.349548907785184,1319.414081968817
376,rule,0.0027241149378983624,0.10879003744776924,1.1037930292634945,0.14186362067146802,0.360981657220635,True,0.012620263207799298,125.69511712503171,935.2987606772315
376,mpc,0.0027241149378983624,0.10879003744776924,1.1037930292634945,0.14186362067146802,0.360981657220635,True,-0.0009516066633954434,127.28619455699416,934.5407513012826
377,rule,0.0040807806365810405,0.09882138751224984,0.8702230084300808,0.07603660098687728,0.4845498520091852,True,0.012208723226970752,83.90746199679563,1264.2377342290931
377,mpc,0.0040807806365810405,0.09882138751224984,0.8702230084300808,0.07603660098687728,0.4845498520091852,True,-0.001748147920212828,84.96958176890698,1263.0277140572177
378,rule,0.004084019819710159,0.1109443100276888,0.8110978206451781,0.11412379809471256,0.446170642458143,True,0.010031859982106761,83.84091196831746,1164.1215095102905
378,mpc,0.004084019819710159,0.1109443100276888,0.8110978206451781,0.11412379809471256,0.446170642458143,True,-0.00194097107638469,84.90218933500502,1163.0069236912502
379,rule,0.0054302641866919785,0.30373805211511956,1.0601728279629548,0.10633196652669236,0.33363334051455884,True,0.003609901901493573,63.05548577550369,876.2338699192717
379,mpc,0.0054302641866919785,0.30373805211511956,1.0601728279629548,0.10633196652669236,0.33363334051455884,True,-0.005714174030342356,63.85365648152273,875.2790869162744
380,rule,0.0029568864808985486,0.2487068147919319,0.7482058440890192,0.17891637673176114,0.5089453986076153,True,0.005622253084326179,115.80016628745621,1320.2814267118897
380,mpc,0.0029568864808985486,0.2487068147919319,0.7482058440890192,0.17891637673176114,0.5089453986076153,True,-0.0031292612543174503,117.26599117717086,1319.1768496963632
381,rule,0.005255767767217929,0.071363246785497,1.2801031397032658,0.06739480832295319,0.4830239887497332,True,0.015363615257273588,65.14898704560385,1267.5277207768074
381,mpc,0.005255767767217929,0.071363246785497,1.2801031397032658,0.06739480832295319,0.4830239887497332,True,-0.0007735344937291888,65.97365776770012,1266.167390159037
382,rule,0.004237495086097947,0.13898737391779187,1.1044639118518784,0.1394062346195962,0.43498709130172675,True,0.010580509647720615,80.80432878955521,1135.811478188203
382,mpc,0.004237495086097947,0.13898737391779187,1.1044639118518784,0.1394062346195962,0.43498709130172675,True,-0.001870423755109707,81.82716839448632,1134.7061453043643
383,rule,0.004504719016259189,0.4461083490520542,0.7379890411563407,0.14681512373988376,0.6177238801171167,True,-0.002556969725568514,76.01094428871296,1615.0976291915097
383,mpc,0.004504719016259189,0.4461083490520542,0.7379890411563407,0.14681512373988376,0.6177238801171167,True,-0.007807858252230293,76.97310814046884,1613.482326051661
384,rule,0.004804868153289898,0.28734787875543233,0.7626384363816572,0.05145707761945743,0.21283776736777318,True,0.002068610789677905,71.2627142425825,557.3032552415015
384,mpc,0.004804868153289898,0.28734787875543233,0.7626384363816572,0.05145707761945743,0.21283776736777318,True,-0.007062088549364187,72.16477391653926,556.7293409916815
385,rule,0.00631943935756246,0.31584066832589186,1.0870899334408162,0.16207825530180425,0.37084546086263903,True,0.0018060464633953277,54.18327905487759,978.0285119772889
385,mpc,0.00631943935756246,0.31584066832589186,1.0870899334408162,0.16207825530180425,0.37084546086263903,True,-0.005916336104202946,54.86914334671149,976.8839758242907
386,rule,0.004250559600437569,0.4039944678291207,1.3227623651118838,0.10891184352173507,0.19246587815919272,True,0.005392630559008849,80.55596871196309,502.5876942882061
386,mpc,0.004250559600437569,0.4039944678291207,1.3227623651118838,0.10891184352173507,0.19246587815919272,True,-0.00521906442095621,81.57566451844366,502.09792465426665
387,rule,0.005054368941995138,0.29264602483402224,0.9858712946909376,0.06547185297817955,0.579588869183593,True,0.004211427622101138,67.74494503878117,1519.456503872667
387,mpc,0.005054368941995138,0.29264602483402224,0.9858712946909376,0.06547185297817955,0.579588869183593,True,-0.005997967897872769,68.60247598863916,1517.854998860787
388,rule,0.00609948989939772,0.1223641736477202,1.1842052040206477,0.07524734062674872,0.4761622210275632,True,0.011584182569055801,56.13714455285734,1254.5031615910011
388,mpc,0.00609948989939772,0.1223641736477202,1.1842052040206477,0.07524734062674872,0.4761622210275632,True,-0.002297645803637005,56.847741319349225,1253.0594986880299
389,rule,0.0053235696143060255,0.4373993002647803,1.3362138722272705,0.05824427924916013,0.3816473130147354,True,0.0027162105429378025,64.3192389672205,1001.8249500091368
389,mpc,0.0053235696143060255,0.4373993002647803,1.3362138722272705,0.05824427924916013,0.3816473130147354,True,-0.007111724061172442,65.13340654908406,1000.7433564097917
390,rule,0.003789627171115535,0.31359778747371775,0.6618899878096091,0.05544704037605843,0.6013819385525567,True,0.001957526215835781,90.353992812541,1566.7669953332531
390,mpc,0.003789627171115535,0.31359778747371775,0.6618899878096091,0.05544704037605843,0.6013819385525567,True,-0.006950777708224942,91.49771424054785,1565.3148920414965
391,rule,0.0021785564524028985,0.143752446960805,0.7815781284009922,0.10833860892523973,0.6347589260243973,True,0.011133577588729349,157.17194099033557,1639.8839613548855
391,mpc,0.0021785564524028985,0.143752446960805,0.7815781284009922,0.10833860892523973,0.6347589260243973,True,-0.0016051976153106384,159.16145923071957,1638.6583406780564
392,rule,0.004352019179276429,0.06118369579294708,1.032777771212739,0.06868775323995266,0.30361183323066854,True,0.015062814709732586,78.67794972312419,793.2233614630514
392,mpc,0.004352019179276429,0.06118369579294708,1.032777771212739,0.06868775323995266,0.30361183323066854,True,-0.0007279026151993939,79.67387313734096,792.4422082806226
393,rule,0.0042413629678273845,0.14591665143905763,0.6901209361843677,0.05594885597671301,0.3751974399721699,True,0.008537275437997316,80.73063983877327,979.7112774500229
393,mpc,0.0042413629678273845,0.14591665143905763,0.6901209361843677,0.05594885597671301,0.3751974399721699,True,-0.0036777340863447527,81.75254667217548,978.7574700238508
394,rule,0.0026865317530987906,0.06390285378828352,1.2292293540074082,0.1007077142469664,0.5918088440460268,True,0.015504547705810445,127.45352657240375,1533.0652758906926
394,mpc,0.0026865317530987906,0.06390285378828352,1.2292293540074082,0.1007077142469664,0.5918088440460268,True,-0.00039819706706856195,129.0668623518013,1531.8293503433854
395,rule,0.004212134988197894,0.3452703032880281,0.8842215874442326,0.134866960726995,0.2639747867936516,True,0.002613254195157344,81.29082926843182,689.1876899085937
395,mpc,0.004212134988197894,0.3452703032880281,0.8842215874442326,0.134866960726995,0.2639747867936516,True,-0.0056117051961572795,82.31982710727274,688.518777840562
396,rule,0.004621236556242778,0.35996083681264246,1.298478939219149,0.17873670269982028,0.30218196135982867,True,0.004972606033994631,74.09444247527816,790.535972363892
396,mpc,0.004621236556242778,0.35996083681264246,1.298478939219149,0.17873670269982028,0.30218196135982867,True,-0.00454972365290085,75.03234681040828,789.7361682834967
397,rule,0.005560254822370031,0.48442237219687173,1.1753023755872654,0.09748064021666536,0.44975671913826976,True,-0.0007116943919771579,61.58134062554231,1181.9423093664568
397,mpc,0.005560254822370031,0.48442237219687173,1.1753023755872654,0.09748064021666536,0.44975671913826976,True,-0.008136254465563875,62.36085126637197,1180.640104463443
398,rule,0.003083251155112904,0.15751531548433423,1.0041938514391602,0.1129155741673333,0.6413554998205988,True,0.0111981467089306,111.05418564860463,1664.8686234025463
398,mpc,0.003083251155112904,0.15751531548433423,1.0041938514391602,0.1129155741673333,0.6413554998205988,True,-0.0019110358450864506,112.45993483403004,1663.4523975084296
399,rule,0.006573729911521752,0.45550184436595587,1.2679704054471164,0.12180730501544611,0.2947831616802954,True,-0.000938243668727079,52.087315845003914,778.3366544145051
399,mpc,0.006573729911521752,0.45550184436595587,1.2679704054471164,0.12180730501544611,0.2947831616802954,True,-0.007986955158151732,52.746648956966,777.4085879594661
400,rule,0.0024026091438345224,0.33718677847838174,0.8100765773842045,0.072617546303055,0.25521611649900655,True,0.0072954762995905975,142.51504330608932,660.1359839164455
400,mpc,0.0024026091438345224,0.33718677847838174,0.8100765773842045,0.072617546303055,0.25521611649900655,True,-0.0043478484170440534,144.31903119603984,659.6253184410369
401,rule,0.004076706137828929,0.2560310297817725,0.8648619723701648,0.1177541564328319,0.19092242201416867,True,0.005406743853180074,83.99132402600257,498.12502731637306
401,mpc,0.004076706137828929,0.2560310297817725,0.8648619723701648,0.1177541564328319,0.19092242201416867,True,-0.004394265077746429,85.05450534278744,497.64847373768555
402,rule,0.004101330353040989,0.15421522002840482,0.730485849734678,0.09370156057535325,0.5556985346211608,True,0.007909802342382588,83.48704364360698,1450.0206259416143
402,mpc,0.004101330353040989,0.15421522002840482,0.730485849734678,0.09370156057535325,0.5556985346211608,True,-0.003220825860130061,84.54384166441216,1448.6297235202844
403,rule,0.0028443626365786214,0.48934143272341496,1.1289429173323628,0.12008093207141016,0.36248307331620333,True,0.005395553186972157,120.38125581379911,939.7825632540034
403,mpc,0.0028443626365786214,0.48934143272341496,1.1289429173323628,0.12008093207141016,0.36248307331620333,True,-0.004965934061532451,121.90506917853077,939.008161376948
404,rule,0.0035035101307256495,0.40422195306423825,0.7508393806782294,0.12306143896863464,0.15823396803999815,True,0.0011717257775030188,97.73282605301425,411.6439095152987
404,mpc,0.0035035101307256495,0.40422195306423825,0.7508393806782294,0.12306143896863464,0.15823396803999815,True,-0.006281204363028703,98.96995043343217,411.2749019573348
405,rule,0.005621532307489993,0.4513267191549781,1.2760872258882514,0.05942188106282019,0.5742191119862885,True,0.0011061139267277698,60.91007352656625,1509.4619274022157
405,mpc,0.005621532307489993,0.4513267191549781,1.2760872258882514,0.05942188106282019,0.5742191119862885,True,-0.00781147709422747,61.68108711551014,1507.7903223381231
406,rule,0.005217679317792525,0.28868036182676404,1.2624072234176782,0.12472588512120177,0.46249073540411856,True,0.006081016889016411,65.6245670395182,1213.423813752454
406,mpc,0.005217679317792525,0.28868036182676404,1.2624072234176782,0.12472588512120177,0.46249073540411856,True,-0.0045063210350613225,66.45525776153742,1212.1259326346742
407,rule,0.005413237364212934,0.4483441530090311,1.1818632621979188,0.15934024562983617,0.3249075811907016,True,0.0005600756783531446,63.253820799518564,853.2479125904988
407,mpc,0.005413237364212934,0.4483441530090311,1.1818632621979188,0.15934024562983617,0.3249075811907016,True,-0.006804353471666191,64.05450207546184,852.3195362061366
408,rule,0.004627313915667017,0.1602086180075788,1.1032348485836891,0.14035906291265343,0.39127616808958654,True,0.009482104581579387,73.99712931121202,1023.6451672761727
408,mpc,0.004627313915667017,0.1602086180075788,1.1032348485836891,0.14035906291265343,0.39127616808958654,True,-0.0023794524846418863,74.93380183413878,1022.6089046036196
409,rule,0.002901447906823607,0.32671343910024786,1.3428275342654592,0.09752390770803548,0.3387326688792006,True,0.010201993232857198,118.01278436738785,878.4692769822975
409,mpc,0.002901447906823607,0.32671343910024786,1.3428275342654592,0.09752390770803548,0.3387326688792006,True,-0.003174540283325644,119.50661708089909,877.7397722708274
410,rule,0.0040244707013203825,0.19561273633913762,1.3460495647846977,0.12023833448285996,0.34514630435947136,True,0.011023116984350101,85.0814856395508,900.2663131424338
410,mpc,0.0040244707013203825,0.19561273633913762,1.3460495647846977,0.12023833448285996,0.34514630435947136,True,-0.0023099378966258133,86.15846647043121,899.4098869495243
411,rule,0.005256460016636252,0.1811352950034218,1.0503262537015072,0.08785559869122866,0.2754488732433267,True,0.008540332455357458,65.14040725079063,722.8217403386566
411,mpc,0.005256460016636252,0.1811352950034218,1.0503262537015072,0.08785559869122866,0.2754488732433267,True,-0.003521539507656879,65.96496936788925,722.0459493156555
412,rule,0.004094503431748366,0.40782533096963175,1.3356013960528457,0.08470095831084626,0.241994910806806,True,0.0059695252064607685,83.626244766627,631.4316304155894
412,mpc,0.004094503431748366,0.40782533096963175,1.3356013960528457,0.08470095831084626,0.241994910806806,True,-0.005288336672969907,84.68480482696405,630.8263860740803
413,rule,0.007996740784768632,0.2285609697558697,0.7412247125302966,0.09350270456654974,0.5215229510895428,False,,42.8184375856432,1385.7539042744622
413,mpc,0.007996740784768632,0.2285609697558697,0.7412247125302966,0.09350270456654974,0.5215229510895428,False,,43.36044312470198,1383.9399897958924
414,rule,0.0021681677427042557,0.10800729316453297,0.7902123924552116,0.05750251870994866,0.2682719701307891,True,0.014113872029935859,157.9250255582686,693.035265532236
414,mpc,0.0021681677427042557,0.10800729316453297,0.7902123924552116,0.05750251870994866,0.2682719701307891,True,-0.0013518228478037742,159.92407651470242,692.5181517529784
415,rule,0.00509243101584716,0.3437228889302338,0.8184138817093777,0.17879430688892162,0.3010970919327064,True,6.529440071112447e-05,67.23860276469965,789.5043250605461
415,mpc,0.00509243101584716,0.3437228889302338,0.8184138817093777,0.17879430688892162,0.3010970919327064,True,-0.006182923208486235,68.0897243186832,788.6693045671063
416,rule,0.0035076592764410933,0.4030937093411253,1.3302284049261397,0.17514387184437907,0.29266253819243815,True,0.006366286964077816,97.61721968862201,761.3744950708531
416,mpc,0.0035076592764410933,0.4030937093411253,1.3302284049261397,0.17514387184437907,0.29266253819243815,True,-0.004018374961258342,98.85288069733876,760.6916416431249
417,rule,0.0050555969257215574,0.18456904738221552,0.7629722699139422,0.0700983516897155,0.22897877201287672,True,0.005931746402358495,67.72849006990666,600.2968046456716
417,mpc,0.0050555969257215574,0.18456904738221552,0.7629722699139422,0.0700983516897155,0.22897877201287672,True,-0.004709366690307748,68.58581272901941,599.6640218193828
418,rule,0.004803242268802341,0.27587098666150606,1.0944251748890732,0.058606502807075585,0.5609641050835277,True,0.006523601299619708,71.28683647817758,1468.8400925989617
418,mpc,0.004803242268802341,0.27587098666150606,1.0944251748890732,0.058606502807075585,0.5609641050835277,True,-0.0051261883307476275,72.18920149688869,1467.327705864899
419,rule,0.004347025396124536,0.08429748322973174,1.217822325211523,0.12820378865594603,0.35288624530350254,True,0.013230609354573986,78.76833351064546,921.936030847554
419,mpc,0.004347025396124536,0.08429748322973174,1.217822325211523,0.12820378865594603,0.35288624530350254,True,-0.0008688222934545298,79.76540102343846,921.0285887875038
420,rule,0.006552729838025688,0.4881453907689261,1.0846135669387955,0.160626330877444,0.5836181092945087,True,-0.0035049658056867106,52.25424435998865,1540.820117075047
420,mpc,0.006552729838025688,0.4881453907689261,1.0846135669387955,0.160626330877444,0.5836181092945087,True,-0.008689352823139984,52.915690491127755,1538.9856786415655
421,rule,0.003485912632130567,0.1326147184544379,1.182920257982229,0.14084144116383623,0.2402044980933599,True,0.011890596780637308,98.22619850684715,624.833079914217
421,mpc,0.003485912632130567,0.1326147184544379,1.182920257982229,0.14084144116383623,0.2402044980933599,True,-0.0014000376445875151,99.46956810819965,624.2741449671668
422,rule,0.007480844082478441,0.3769788077465706,0.9748983074562632,0.16392390441690616,0.4412346217282357,False,,45.771298319552955,1169.77535225036
422,mpc,0.007480844082478441,0.3769788077465706,0.9748983074562632,0.16392390441690616,0.4412346217282357,False,,46.350681842585274,1168.291987856328
423,rule,0.004956838255827303,0.181857362008791,1.1116367478351177,0.06646702227293992,0.5428423762782435,True,0.009846450524440997,69.07789371150962,1422.4506154101505
423,mpc,0.004956838255827303,0.181857362008791,1.1116367478351177,0.06646702227293992,0.5428423762782435,True,-0.0033588857444690756,69.95229742937684,1420.9647337555023
424,rule,0.004563203446176658,0.09991853521805591,1.003656436602748,0.16884058913163513,0.4493039112939231,True,0.010313327520156568,75.03674780664761,1175.0857535067626
424,mpc,0.004563203446176658,0.09991853521805591,1.003656436602748,0.16884058913163513,0.4493039112939231,True,-0.001350408941177772,75.98658005736466,1173.903664233939
425,rule,0.0034462350310671772,0.3546306750236673,1.1471129981679113,0.1656329741685153,0.2596228992330276,True,0.006182039314665211,99.35710800175794,675.2080713648354
425,mpc,0.0034462350310671772,0.3546306750236673,1.1471129981679113,0.1656329741685153,0.2596228992330276,True,-0.003935810350011781,100.61479291317261,674.606956472604
426,rule,0.0031731582576254923,0.06254932331065158,1.102617396799645,0.11152172953659346,0.5681073137009262,True,0.014405705789167778,107.9076170746714,1475.4145308408526
426,mpc,0.0031731582576254923,0.06254932331065158,1.102617396799645,0.11152172953659346,0.5681073137009262,True,-0.0004919154203517628,109.27353627814827,1474.14484819039
427,rule,0.007541791159121262,0.19540112967036188,0.6726712249135803,0.08880394309806725,0.5994349220965756,False,,45.40140915557771,1589.6138381760024
427,mpc,0.007541791159121262,0.19540112967036188,0.6726712249135803,0.08880394309806725,0.5994349220965756,False,,45.97611053729389,1587.5902795637885
428,rule,0.00356158917379122,0.386754595187559,1.0692841614004325,0.15454531901438923,0.5060930923453121,True,0.004733165400756079,96.13909113967198,1316.9862403727504
428,mpc,0.00356158917379122,0.386754595187559,1.0692841614004325,0.15454531901438923,0.5060930923453121,True,-0.004671832060646697,97.35604166042734,1315.7974716964902
429,rule,0.005595645062903259,0.09631698997447097,0.8760494578078369,0.11992040987115545,0.46660274007127167,True,0.009844672191007375,61.19186301704549,1226.4183831167002
429,mpc,0.005595645062903259,0.09631698997447097,0.8760494578078369,0.11992040987115545,0.46660274007127167,True,-0.001954325148715963,61.96644356156507,1225.0631584005816
430,rule,0.002776512587456549,0.3630175573961132,1.3140945369555024,0.08867298764547779,0.23859380857711207,True,0.00975596485859287,123.3230303828189,618.3639018150133
430,mpc,0.002776512587456549,0.3630175573961132,1.3140945369555024,0.08867298764547779,0.23859380857711207,True,-0.0035126905088158633,124.88408140032296,617.8590842355857
431,rule,0.004251082428800988,0.08810339031409967,1.0809825514361144,0.15200093519169494,0.4140969168492016,True,0.011791314090857652,80.54606136577756,1081.3374179228774
431,mpc,0.004251082428800988,0.08810339031409967,1.0809825514361144,0.15200093519169494,0.4140969168492016,True,-0.0010168260721905575,81.56563176281273,1080.283601541821
432,rule,0.007562333086888277,0.21032259471675507,0.7737584058663699,0.07304992897061195,0.18692404695277534,False,,45.27808313215624,495.74009721216737
432,mpc,0.007562333086888277,0.21032259471675507,0.7737584058663699,0.07304992897061195,0.18692404695277534,False,,45.85122342496835,495.1082080501209
433,rule,0.004410109769909602,0.16124713803299534,0.6843160647606178,0.0818954124758248,0.36776885295106865,True,0.006809825746229015,77.64159262371416,961.1177308383859
433,mpc,0.004410109769909602,0.16124713803299534,0.6843160647606178,0.0818954124758248,0.36776885295106865,True,-0.0038855623163460695,78.62439759363461,960.165608996924
434,rule,0.004367177513214861,0.3571748189409098,1.041928557892316,0.17973853578698096,0.3423228855107394,True,0.003365913889743055,78.40486106760575,894.4279028471494
434,mpc,0.004367177513214861,0.3571748189409098,1.041928557892316,0.17973853578698096,0.3423228855107394,True,-0.004962610902064624,79.39732766339823,893.5457160822209
435,rule,0.003773923770220233,0.33893393969455304,1.094878362484799,0.0795939006844183,0.22875579086905787,True,0.006431531530245116,90.72995826865932,595.9250153703376
435,mpc,0.003773923770220233,0.33893393969455304,1.094878362484799,0.0795939006844183,0.22875579086905787,True,-0.004925458979637254,91.87843875307273,595.3736875735383
436,rule,0.003485914026932472,0.17367577474309887,0.8818047723383708,0.15826605244630937,0.6185431836356087,True,0.008290031869784276,98.22615920407384,1608.9883758106507
436,mpc,0.003485914026932472,0.17367577474309887,0.8818047723383708,0.15826605244630937,0.6185431836356087,True,-0.002358021460281412,99.46952830792289,1607.5490794414334
437,rule,0.004226385833694473,0.44237008322286425,0.6723509418363469,0.09889977664398633,0.4563324771739322,True,-0.0030537125357781303,81.01672673880535,1191.4813658094208
437,mpc,0.004226385833694473,0.44237008322286425,0.6723509418363469,0.09889977664398633,0.4563324771739322,True,-0.008618330023000054,82.0422549253725,1190.323205633388
438,rule,0.0037857346165866366,0.12063085593651246,1.18428957532237,0.1295208632272716,0.4152021759019193,True,0.012247713943869476,90.44689627238351,1081.695694304032
438,mpc,0.0037857346165866366,0.12063085593651246,1.18428957532237,0.1295208632272716,0.4152021759019193,True,-0.001355213208717343,91.59179369355296,1080.6936051931198
439,rule,0.004276452555352743,0.20740437669627781,1.3308820832143669,0.1673190398491693,0.3130485092415841,True,0.009514024931998488,80.06822050500678,817.5712980359909
439,mpc,0.004276452555352743,0.20740437669627781,1.3308820832143669,0.1673190398491693,0.3130485092415841,True,-0.002421028876617104,81.08174228355118,816.7724259475871
440,rule,0.0033619251194114057,0.4811008468145801,0.7598910242876944,0.08177590458138621,0.27931469189268276,True,-8.845523431544322e-05,101.84877236085815,726.1067174317652
440,mpc,0.0033619251194114057,0.4811008468145801,0.7598910242876944,0.08177590458138621,0.27931469189268276,True,-0.00766095754877405,103.13799732745132,725.4669042507217
441,rule,0.004215898530139004,0.4654728591900349,1.120850024195007,0.10235007387547251,0.5959549862896956,True,0.0022630423745633177,81.21826076537317,1555.9536670415976
441,mpc,0.004215898530139004,0.4654728591900349,1.120850024195007,0.10235007387547251,0.5959549862896956,True,-0.0066395977708224585,82.2463400155678,1554.4428914488942
442,rule,0.0030147355362012047,0.43113845769769155,0.9672651475720357,0.08451465545153553,0.6499243651319482,True,0.004839954333751395,113.5781039728092,1686.5109226719228
442,mpc,0.0030147355362012047,0.43113845769769155,0.9672651475720357,0.08451465545153553,0.6499243651319482,True,-0.005538156711645259,115.01580149145238,1685.0890907348735
443,rule,0.006071563130905843,0.3162629251417359,0.674167510677298,0.0784210153973113,0.5135099530689332,True,-0.0032919608208505924,56.39535302502863,1352.7244796184573
443,mpc,0.006071563130905843,0.3162629251417359,0.674167510677298,0.0784210153973113,0.5135099530689332,True,-0.008966362413904916,57.10921825319356,1351.1711578812785
444,rule,0.008275816622633228,0.19402326745033083,1.0737485121759973,0.09792493424333679,0.45255048191270764,False,,41.37452070225241,1203.932559447269
444,mpc,0.008275816622633228,0.19402326745033083,1.0737485121759973,0.09792493424333679,0.45255048191270764,False,,41.89824881240751,1202.3307656060388
445,rule,0.006143722289398329,0.42920189201932984,1.0978171746111522,0.1477456789943043,0.3916002936454608,True,-0.0011248477181391436,55.73297913742713,1031.9269448584478
445,mpc,0.006143722289398329,0.42920189201932984,1.0978171746111522,0.1477456789943043,0.3916002936454608,True,-0.0076273828655279985,56.43845988600217,1030.7353546085585
446,rule,0.004515834337103182,0.4311714469995771,1.0497659049998944,0.14304321955423555,0.21084976827402932,True,0.0015284844706442424,75.82385017268614,551.3168800919203
446,mpc,0.004515834337103182,0.4311714469995771,1.0497659049998944,0.14304321955423555,0.21084976827402932,True,-0.006355274624677998,76.78364574449232,550.7648808670913
447,rule,0.00543396173636277,0.07039457653780916,0.9378061429136866,0.08170541862508204,0.4120009714898737,True,0.01291953345337693,63.012579549442016,1082.0727850887367
447,mpc,0.00543396173636277,0.07039457653780916,0.9378061429136866,0.08170541862508204,0.4120009714898737,True,-0.001243605993495489,63.810207138675466,1080.8933366465703
448,rule,0.004704430922914527,0.15503865059359742,0.9831233938620088,0.1460070444600574,0.6494167550097371,True,0.00855522352217608,72.78413729349687,1699.6265732331672
448,mpc,0.004704430922914527,0.15503865059359742,0.9831233938620088,0.1460070444600574,0.6494167550097371,True,-0.0025334064346775875,73.70545548708546,1697.8930471717993
449,rule,0.005551411033501487,0.1382308985573429,0.6901363700456475,0.1279738394742247,0.2979860123810957,True,0.005668961504210146,61.679444039511765,783.0622778624825
449,mpc,0.005551411033501487,0.1382308985573429,0.6901363700456475,0.1279738394742247,0.2979860123810957,True,-0.0035037850216814714,62.460196495708125,782.2001811784745
450,rule,0.0036229075696912532,0.2337609988711673,0.8094796404452879,0.06534888010142151,0.6444663335701062,True,0.007245520510523185,94.51191883715747,1677.5937410491704
450,mpc,0.0036229075696912532,0.2337609988711673,0.8094796404452879,0.06534888010142151,0.6444663335701062,True,-0.00439384794383324,95.70827224015947,1676.0685040833557
451,rule,0.0047994153484671445,0.2571248644252704,1.0113729963919509,0.10100737323673692,0.16154362143694692,True,0.005819404123765803,71.34367861921821,422.98129620575304
451,mpc,0.0047994153484671445,0.2571248644252704,1.0113729963919509,0.10100737323673692,0.16154362143694692,True,-0.00466105634576941,72.246763158702,422.54593319599473
452,rule,0.003343836985735236,0.13169714262028842,1.2958678647300044,0.17871453626013606,0.5865931079391282,True,0.011810341755160159,102.39971255832472,1524.7661009515857
452,mpc,0.003343836985735236,0.13169714262028842,1.2958678647300044,0.17871453626013606,0.5865931079391282,True,-0.001142964944287339,103.69591145146809,1523.4255354436189
453,rule,0.00490153870771102,0.25156508233069746,1.1797699099806416,0.050197506497128425,0.3810193609929625,True,0.008124911726043016,69.85723598234826,998.1459716436292
453,mpc,0.00490153870771102,0.25156508233069746,1.1797699099806416,0.050197506497128425,0.3810193609929625,True,-0.004558339296224956,70.74150479225142,997.1086677783425
454,rule,0.007316894904450433,0.16982357260819597,0.7036699193619601,0.08169502067323631,0.24845372829965093,False,,46.796892760194865,658.2080080093066
454,mpc,0.007316894904450433,0.16982357260819597,0.7036699193619601,0.08169502067323631,0.24845372829965093,False,,47.38925849133658,657.3821167580411
455,rule,0.002836280953512082,0.32383942520833303,0.8386955434949321,0.06250829186713046,0.15867082931386853,True,0.0068465417828261765,120.72426949001283,411.35647565515904
455,mpc,0.002836280953512082,0.32383942520833303,0.8386955434949321,0.06250829186713046,0.15867082931386853,True,-0.004794421927865056,122.252424800013,411.0178825570335
456,rule,0.006242061260795012,0.20528270354841271,0.715721797812637,0.15696299633299454,0.28726096326661243,True,0.001822750539040796,54.854948049255896,757.3212963891766
456,mpc,0.006242061260795012,0.20528270354841271,0.715721797812637,0.15696299633299454,0.28726096326661243,True,-0.005157522515640833,55.54931448025914,756.440201608229
457,rule,0.005188816611724323,0.24095074737723426,1.2411125573866348,0.05983213053539579,0.6303651495465735,True,0.008382957502060195,65.98960260177624,1653.6420687533482
457,mpc,0.005188816611724323,0.24095074737723426,1.2411125573866348,0.05983213053539579,0.6303651495465735,True,-0.0042826436528491385,66.82491402711518,1651.8778676132686
458,rule,0.00601299869461664,0.3925630435782822,1.2215755234568337,0.0533857261944028,0.5821405037043418,True,0.0015310965902142204,56.94462340192034,1533.098155116238
458,mpc,0.00601299869461664,0.3925630435782822,1.2215755234568337,0.0533857261944028,0.5821405037043418,True,-0.007617232960496656,57.665441419666166,1531.3457527178518
459,rule,0.007806929753794042,0.45617653899721794,0.6694034067865585,0.1329913754613236,0.4262789714685117,False,,43.85948855435498,1131.7440819807828
459,mpc,0.007806929753794042,0.45617653899721794,0.6694034067865585,0.1329913754613236,0.4262789714685117,False,,44.41467195377721,1130.2794883742183
460,rule,0.0035900630900666643,0.10836383468875901,0.884694802025618,0.07669779976271808,0.40791037946023023,True,0.012390848037250657,95.37658185690127,1061.6433723363941
460,mpc,0.0035900630900666643,0.10836383468875901,0.884694802025618,0.07669779976271808,0.40791037946023023,True,-0.0017289656439276602,96.58388036141902,1060.6818601866787
461,rule,0.004851470680345809,0.1414245311334012,0.7264872781520364,0.16647239549611254,0.4717686738506107,True,0.00614426908399901,70.57817489618974,1235.5788967854912
461,mpc,0.004851470680345809,0.1414245311334012,0.7264872781520364,0.16647239549611254,0.4717686738506107,True,-0.0028141352185182544,71.47156951512886,1234.300866491191
462,rule,0.0034935768634809174,0.41232350680648755,1.0998985685521525,0.16687730110973292,0.6326505149378672,True,0.004526810102681189,98.01070924199331,1645.7496639160847
462,mpc,0.0034935768634809174,0.41232350680648755,1.0998985685521525,0.16687730110973292,0.6326505149378672,True,-0.00468824253181932,99.25135113113248,1644.276128811212
463,rule,0.003385715123954825,0.1928491717650926,1.0150694855346953,0.0795776890579798,0.5640942204891396,True,0.010693592112887784,101.13312362240899,1466.5991232909466
463,mpc,0.003385715123954825,0.1928491717650926,1.0150694855346953,0.0795776890579798,0.5640942204891396,True,-0.002758126902504765,102.41328974421165,1465.303042649361
464,rule,0.008770372944056403,0.29078839007448176,1.0761734594775556,0.11063931244014096,0.5993286150454356,False,,39.04143510946472,1597.7658851133617
464,mpc,0.008770372944056403,0.29078839007448176,1.0761734594775556,0.11063931244014096,0.5993286150454356,False,,39.53563049059719,1595.5809291295159
465,rule,0.0026006340686524202,0.2551805849963341,1.2521637977570514,0.09599658731404173,0.22449256860325398,True,0.01169346084227385,131.66325486100007,581.2782627319627
465,mpc,0.0026006340686524202,0.2551805849963341,1.2521637977570514,0.09599658731404173,0.22449256860325398,True,-0.0023984180359253315,133.32987834025323,580.8153417318684
466,rule,0.0035722290149822027,0.12900329913186281,0.6899701919273741,0.14113494677328225,0.46467598274960953,True,0.008038018894738985,95.85274201208767,1209.2737587183003
466,mpc,0.0035722290149822027,0.12900329913186281,0.6899701919273741,0.14113494677328225,0.46467598274960953,True,-0.002170745444272315,97.06606786034196,1208.1808416097147
467,rule,0.0057611423999099,0.2012515727517888,1.0536369598168915,0.16424216444850243,0.22783249563720268,True,0.0060870215199737565,59.43403624019745,599.3023347153874
467,mpc,0.0057611423999099,0.2012515727517888,1.0536369598168915,0.16424216444850243,0.22783249563720268,True,-0.003632642975472944,60.18636581285819,598.6309730007805
468,rule,0.0036955513178632687,0.08872519266942328,1.2050856825517906,0.06328842770372857,0.39756145529278486,True,0.015399169028951887,92.6540904806485,1035.2642881770848
468,mpc,0.0036955513178632687,0.08872519266942328,1.2050856825517906,0.06328842770372857,0.39756145529278486,True,-0.0009691847750139537,93.82692706901116,1034.3150642592602
469,rule,0.005404568253272513,0.19274245920654015,1.0578433666158646,0.13412500063658309,0.6246352152801413,True,0.0072214161640734575,63.355282075279945,1640.3024080668577
469,mpc,0.005404568253272513,0.19274245920654015,1.0578433666158646,0.13412500063658309,0.6246352152801413,True,-0.003476657885246537,64.15724767116959,1638.5190095265175
470,rule,0.005852808851256284,0.35229061118254795,1.290335959039058,0.0961997632143364,0.5540913961355257,True,0.003573733494568576,58.50318281070917,1458.1377400635238
470,mpc,0.005852808851256284,0.35229061118254795,1.290335959039058,0.0961997632143364,0.5540913961355257,True,-0.006099428356921566,59.243729428566255,1456.4921039844637
471,rule,0.0054633123391354226,0.12565257686989445,0.7544197010188314,0.07588861377442058,0.6429375615418209,True,0.00822095492381214,62.67405649287291,1688.8366888531248
471,mpc,0.0054633123391354226,0.12565257686989445,0.7544197010188314,0.07588861377442058,0.6429375615418209,True,-0.0033706838082578905,63.46739898012448,1686.9912422163675
472,rule,0.0035174531878488695,0.19656333652723929,0.922723332374914,0.09310338948556351,0.3811270689989642,True,0.009261460014691747,97.34541666795737,991.5685179562071
472,mpc,0.0035174531878488695,0.19656333652723929,0.922723332374914,0.09310338948556351,0.3811270689989642,True,-0.00304085005422583,98.57763713210875,990.6781692235213
473,rule,0.006421176289303591,0.05385222126661309,1.0329401032842025,0.1303592815189022,0.18453147308079978,True,0.01253577545584117,53.32480074586443,486.89140724744453
473,mpc,0.006421176289303591,0.05385222126661309,1.0329401032842025,0.1303592815189022,0.18453147308079978,True,-0.0006533865163551589,53.99979822366019,486.3172903045205
474,rule,0.00441471041145222,0.2816061054516197,0.91809581567351,0.07652177069863056,0.48350088380632805,True,0.0049997385430164965,77.56068105689133,1263.5975987243996
474,mpc,0.00441471041145222,0.2816061054516197,0.91809581567351,0.07652177069863056,0.48350088380632805,True,-0.005380957895541938,78.54246182976338,1262.3452433633722
475,rule,0.0058556959626090204,0.053345481346036616,0.7254906925995848,0.05656236170796166,0.6452591961341853,True,0.013046848939854305,58.474338211477495,1698.0763813092492
475,mpc,0.0058556959626090204,0.053345481346036616,0.7254906925995848,0.05656236170796166,0.6452591961341853,True,-0.0013105877479244743,59.214519707825325,1696.1595084672435
476,rule,0.004090212709902041,0.34874274593162785,1.252072893678993,0.08528318095651627,0.23080312734347166,True,0.006772506936055689,83.71397051117756,602.2162474735337
476,mpc,0.004090212709902041,0.34874274593162785,1.252072893678993,0.08528318095651627,0.23080312734347166,True,-0.004806833703535851,84.77364102397729,601.6392727839437
477,rule,0.003233568340102139,0.08154564371291409,1.2279770610717147,0.09328859205808238,0.5660310800451663,True,0.015004662555108905,105.89166832650503,1470.4817958532985
477,mpc,0.003233568340102139,0.08154564371291409,1.2279770610717147,0.09328859205808238,0.5660310800451663,True,-0.0006986031442470786,107.2320691913975,1469.2066218130972
478,rule,0.005805090136099746,0.15704847893440965,0.9030481091395537,0.11290137268870716,0.23454385238780237,True,0.007116843725588073,58.98408778390409,617.0836121677048
478,mpc,0.005805090136099746,0.15704847893440965,0.9030481091395537,0.11290137268870716,0.23454385238780237,True,-0.00352158702490879,59.73072180648516,616.3898569899653
479,rule,0.004157254871022191,0.3027594872996134,0.9489109495033057,0.09782454331764198,0.598189237836074,True,0.004953933797034793,82.36395333081693,1561.330514399896
479,mpc,0.004157254871022191,0.3027594872996134,0.9489109495033057,0.09782454331764198,0.598189237836074,True,-0.0051088165098422955,83.40653501854881,1559.8238779761882
480,rule,0.004696339059335651,0.3595135722250991,0.9272983725698397,0.1115295530933442,0.4532928974566516,True,0.0017920849151217277,72.90954546829941,1186.2924143177945
480,mpc,0.004696339059335651,0.3595135722250991,0.9272983725698397,0.1115295530933442,0.4532928974566516,True,-0.006416262787296123,73.83245110713865,1185.0834070873136
481,rule,0.003423205102677608,0.3986355304987431,1.1813668059025615,0.07305461563298389,0.31544836993069714,True,0.006648419185589338,100.02554211938804,820.2979667272913
481,mpc,0.003423205102677608,0.3986355304987431,1.1813668059025615,0.07305461563298389,0.31544836993069714,True,-0.005062859849511048,101.29168822216512,819.5697201392322
482,rule,0.005668182525242133,0.4829940636355123,0.9432724911733723,0.09740466431085998,0.19563319891885647,True,-0.0036598733195629674,60.40877206341484,514.3784123585248
482,mpc,0.005668182525242133,0.4829940636355123,0.9432724911733723,0.09740466431085998,0.19563319891885647,True,-0.009341619380652366,61.173440064217566,513.8065695707429
483,rule,0.006986557437331061,0.1103691321084441,0.8032437440677774,0.17709254816030884,0.5724796525797994,True,0.006362722253753228,49.009537136502324,1514.386676844329
483,mpc,0.006986557437331061,0.1103691321084441,0.8032437440677774,0.17709254816030884,0.5724796525797994,True,-0.0026450532032173957,49.62991102430615,1512.5278608979238
484,rule,0.004401093173760044,0.3196721074064873,0.6778858433366813,0.17825077819203794,0.2844491986887051,True,0.00026325897815093757,77.80065830522949,743.3391367548197
484,mpc,0.004401093173760044,0.3196721074064873,0.6778858433366813,0.17825077819203794,0.2844491986887051,True,-0.0057217365054629266,78.78547676478937,742.603429708243
485,rule,0.0036516691602381775,0.3675178559867852,1.1217646150537102,0.13943070078366987,0.3522184175291432,True,0.005552986785145375,93.76751593751987,916.9848961294495
485,mpc,0.0036516691602381775,0.3675178559867852,1.1217646150537102,0.13943070078366987,0.3522184175291432,True,-0.004529762044851227,94.95444651900748,916.1483873542154
486,rule,0.00551920102328291,0.2421776011780719,0.9983914337429144,0.10088935971451618,0.48080293873396485,True,0.005064735297926837,62.03940475020302,1263.2846617974028
486,mpc,0.00551920102328291,0.2421776011780719,0.9983914337429144,0.10088935971451618,0.48080293873396485,True,-0.004957591513968129,62.82471367109167,1261.8976525638434
487,rule,0.00274652735400151,0.10045262690634113,0.6923719725111882,0.05881928167628554,0.4416463527164136,True,0.012732796975702843,124.66941051299463,1144.4349618210683
487,mpc,0.00274652735400151,0.10045262690634113,0.6923719725111882,0.05881928167628554,0.4416463527164136,True,-0.001698797950922204,126.2475043169566,1143.5045529016525
488,rule,0.0040207116468622935,0.37019766247300584,0.7927462332177772,0.17650252798686172,0.3145010941697387,True,0.0011615310238135557,85.16103024905888,820.3170630465237
488,mpc,0.0040207116468622935,0.37019766247300584,0.7927462332177772,0.17650252798686172,0.3145010941697387,True,-0.005621775362613546,86.23901797373053,819.5370117404717
489,rule,0.0035603931502662884,0.2447850658868212,0.8024179518681489,0.0812536563498886,0.41146805025925504,True,0.006617187192183849,96.17138662216946,1070.740662907884
489,mpc,0.0035603931502662884,0.2447850658868212,0.8024179518681489,0.0812536563498886,0.41146805025925504,True,-0.0043598781398295205,97.38874594650075,1069.7743029798064
490,rule,0.0050382796937241394,0.17264746687021998,1.0176172861839534,0.11201530645900976,0.3124499701934049,True,0.008427540448545656,67.96128182556015,819.0586339536201
490,mpc,0.0050382796937241394,0.17264746687021998,1.0176172861839534,0.11201530645900976,0.3124499701934049,True,-0.0031516357729093336,68.82155121575713,818.196614506109
491,rule,0.003981836618757691,0.2891081165591587,1.2153480919123725,0.09876747532119601,0.3556373955715143,True,0.008082614267999277,85.99246502685797,927.4323996033489
491,mpc,0.003981836618757691,0.2891081165591587,1.2153480919123725,0.09876747532119601,0.3556373955715143,True,-0.00392880960177866,87.08097724238783,926.5542251821889
492,rule,0.00529254016552319,0.18073626145477822,0.6948390958950296,0.07158809339770775,0.6030033798369752,True,0.004757195569446759,64.6963339856552,1582.6502709471233
492,mpc,0.00529254016552319,0.18073626145477822,0.6948390958950296,0.07158809339770775,0.6030033798369752,True,-0.005103502741468979,65.51527492218248,1580.946239749132
493,rule,0.0057391290036120065,0.20609475858965398,1.2884366987153753,0.1749711311692636,0.47155724106136154,True,0.007604940053850595,59.66200550043109,1240.2800459192665
493,mpc,0.0057391290036120065,0.20609475858965398,1.2884366987153753,0.1749711311692636,0.47155724106136154,True,-0.0031182041109980574,60.41722075993023,1238.8931329114919
494,rule,0.0024603656884785957,0.34823441214146383,0.8372606996208133,0.07244550777530434,0.4001462784331479,True,0.0071710263609134905,139.16953393741898,1035.3273351961127
494,mpc,0.0024603656884785957,0.34823441214146383,0.8372606996208133,0.07244550777530434,0.4001462784331479,True,-0.00445870270159987,140.93117360751293,1034.5195091289545
495,rule,0.006310862690135502,0.28039674247776813,1.1931773149272895,0.08155588540847084,0.4745310847351113,True,0.004484762626536853,54.25691589145179,1251.428545481211
495,mpc,0.006310862690135502,0.28039674247776813,1.1931773149272895,0.08155588540847084,0.4745310847351113,True,-0.005707409633788574,54.94371229514106,1249.9650060280196
496,rule,0.005490275210106999,0.4968557861556942,0.8931157065071031,0.11247140132021373,0.3929775147827198,True,-0.00420299667789914,62.36626272410668,1032.3861999565179
496,mpc,0.005490275210106999,0.4968557861556942,0.8931157065071031,0.11247140132021373,0.3929775147827198,True,-0.00936226775162341,63.15570908770299,1031.2554822953139
497,rule,0.0036756465048216405,0.17214688788304644,1.1581094479730303,0.12181032661462936,0.18908378775542387,True,0.010910716853330449,93.15584230747412,492.33118805680664
497,mpc,0.0036756465048216405,0.17214688788304644,1.1581094479730303,0.12181032661462936,0.18908378775542387,True,-0.0021174949830946588,94.33503018478392,491.8808123248513
498,rule,0.009427825000119103,0.393733781912643,0.8064969127147128,0.14227710562835072,0.5416671367027375,False,,36.31886953532309,1448.0030520369926
498,mpc,0.009427825000119103,0.393733781912643,0.8064969127147128,0.14227710562835072,0.5416671367027375,False,,36.77860206108668,1445.9545250382275
499,rule,0.006086298437771797,0.232146322459598,0.8337386391794988,0.1047010951090866,0.5654857020974061,True,0.0026774158820699334,56.25881636959939,1489.7446943163013
499,mpc,0.006086298437771797,0.232146322459598,0.8337386391794988,0.1047010951090866,0.5654857020974061,True,-0.0057785604197790885,56.97095328567028,1488.0320726769864
500,rule,0.0025840371803957517,0.2492248646622951,0.6706434976966399,0.11350080003235183,0.5950070712633523,True,0.006474040255231017,132.50890845492498,1540.515550926202
500,mpc,0.0025840371803957517,0.2492248646622951,0.6706434976966399,0.11350080003235183,0.5950070712633523,True,-0.0035251305755314988,134.1862364100506,1539.2916342545514
501,rule,0.004252164268884645,0.40561671703614116,0.8771257815089335,0.15409920475954014,0.27512767567525676,True,0.0008269216478641317,80.52556875254439,718.4488430573821
501,mpc,0.004252164268884645,0.40561671703614116,0.8771257815089335,0.15409920475954014,0.27512767567525676,True,-0.006270786673478801,81.54487974941205,717.7486003140954
502,rule,0.005432415458834077,0.10272362424054743,1.0021268965973935,0.06625419359828688,0.3687567423977054,True,0.012130397191866482,63.030515389681156,968.4897047525787
502,mpc,0.005432415458834077,0.10272362424054743,1.0021268965973935,0.06625419359828688,0.3687567423977054,True,-0.0020507840124726062,63.828370014867005,967.43420080969
503,rule,0.005797657975301557,0.3448960184500201,0.950899919143704,0.09746231853963305,0.4886465761450628,True,0.0003662619812353496,59.059700941287986,1285.5816565535938
503,mpc,0.005797657975301557,0.3448960184500201,0.950899919143704,0.09746231853963305,0.4886465761450628,True,-0.007296957928369929,59.80729209244353,1284.1372141737224
504,rule,0.0042423553342559595,0.08513426273824506,1.208660570274859,0.17699424305768163,0.4412299693168169,True,0.01204079545178982,80.71175542895347,1152.1403525116307
504,mpc,0.0042423553342559595,0.08513426273824506,1.208660570274859,0.17699424305768163,0.4412299693168169,True,-0.0007977915141024194,81.7334232191934,1151.0185586654463
505,rule,0.0031592680501280395,0.4194915121868527,0.8860545059553009,0.14963654640309926,0.16363364820132506,True,0.0032529010343326226,108.38204949634012,424.9374857774418
505,mpc,0.0031592680501280395,0.4194915121868527,0.8860545059553009,0.14963654640309926,0.16363364820132506,True,-0.005161967299802006,109.753974173509,424.5724502320443
506,rule,0.00415853349121607,0.19059528212533566,0.760355803295296,0.11362480499650708,0.5017865907490859,True,0.006361874143923529,82.33862896726451,1309.718839683479
506,mpc,0.00415853349121607,0.19059528212533566,0.760355803295296,0.11362480499650708,0.5017865907490859,True,-0.0037084920661365484,83.38089009343243,1308.454829330014
507,rule,0.004460857184286069,0.3596356839786066,0.7629187252103231,0.07675837010363945,0.3417571246476995,True,0.00019748489993964835,76.758329629417,893.3632034219436
507,mpc,0.004460857184286069,0.3596356839786066,0.7629187252103231,0.07675837010363945,0.3417571246476995,True,-0.007518974568959447,77.72995405510584,892.4736487375943
508,rule,0.00326107131345494,0.46043135703754773,0.9667277143063059,0.1256025381912669,0.21264614622465125,True,0.00315508823694588,104.99860728848007,552.5079957797054
508,mpc,0.00326107131345494,0.46043135703754773,0.9667277143063059,0.1256025381912669,0.21264614622465125,True,-0.005711027017132997,106.32770358327097,552.0272109606973
509,rule,0.005874826513216629,0.24990332034715323,0.8518128233352118,0.05407132775383592,0.4998638843109481,True,0.0028050240704932117,58.28392471009418,1315.569171764436
509,mpc,0.005874826513216629,0.24990332034715323,0.8518128233352118,0.05407132775383592,0.4998638843109481,True,-0.006663505658850433,59.02169590895615,1314.081809371526
510,rule,0.0046622616439320926,0.1175323805524813,0.8777356280759934,0.1451924681273286,0.6303143646456096,True,0.009110289849536324,73.4424561150113,1649.2922519087288
510,mpc,0.0046622616439320926,0.1175323805524813,0.8777356280759934,0.1451924681273286,0.6303143646456096,True,-0.002011675748803343,74.3721074582393,1647.6169270814294
511,rule,0.005335972811718162,0.24552740542947898,0.7665323061277578,0.07757824991478815,0.623021063058671,True,0.002620387250400369,64.16973216753125,1635.5284195741322
511,mpc,0.005335972811718162,0.24552740542947898,0.7665323061277578,0.07757824991478815,0.623021063058671,True,-0.006210069191032286,64.9820072582595,1633.7607532735963
512,rule,0.007625445707131129,0.48905220420057616,0.8896858433027188,0.17799701864835193,0.44767044299831626,False,,44.903335402542005,1187.5934370572536
512,mpc,0.007625445707131129,0.48905220420057616,0.8896858433027188,0.17799701864835193,0.44767044299831626,False,,45.4717320532071,1186.0736814378774
513,rule,0.002965039082105598,0.362499307266695,0.9673558748401994,0.16554198059047878,0.45356125129788993,True,0.005525151311582821,115.48176489398074,1176.6566345790027
513,mpc,0.002965039082105598,0.362499307266695,0.9673558748401994,0.16554198059047878,0.45356125129788993,True,-0.0039622165723292024,116.94355938630962,1175.671147689823
514,rule,0.0043280923465096,0.36601106469923145,1.0753519292110156,0.1712495597657197,0.2035907045650077,True,0.0035820430410156145,79.11290212125876,531.8427553101172
514,mpc,0.0043280923465096,0.36601106469923145,1.0753519292110156,0.1712495597657197,0.2035907045650077,True,-0.00501356083997706,80.1143312620342,531.3202921373423
515,rule,0.0032894341985300383,0.3562233547772286,0.7309073088431478,0.17280296773019826,0.26324495849289287,True,0.0023788553572803295,104.09326513787576,684.0764693296422
515,mpc,0.0032894341985300383,0.3562233547772286,0.7309073088431478,0.17280296773019826,0.26324495849289287,True,-0.0048823499533816594,105.41090140544382,683.4790796662339
516,rule,0.005653875804743433,0.11739444240654481,0.7004932780419877,0.1374583635888127,0.5560422644031942,True,0.006577729477371785,60.56163205670578,1461.9033519748764
516,mpc,0.005653875804743433,0.11739444240654481,0.7004932780419877,0.1374583635888127,0.5560422644031942,True,-0.0028865470987156083,61.328234994132444,1460.2800552776152
517,rule,0.0033565450674558316,0.34478859276909285,0.6755238836264189,0.07325861367241433,0.46265453019446934,True,0.002304373439059315,102.01202108116453,1202.6838502181308
517,mpc,0.0033565450674558316,0.34478859276909285,0.6755238836264189,0.07325861367241433,0.46265453019446934,True,-0.006441540186434835,103.30331248725524,1201.6247997170226
518,rule,0.004632094506347107,0.4744987462808196,1.261965438565975,0.06505811381942472,0.6190274108914178,True,0.002578718201187602,73.92075997413268,1619.519207393109
518,mpc,0.004632094506347107,0.4744987462808196,1.261965438565975,0.06505811381942472,0.6190274108914178,True,-0.007104871968849347,74.85646579659007,1617.8789589956743
519,rule,0.0026254749482593847,0.3216782251200126,1.2219926738802085,0.11601171326477222,0.5660594044551155,True,0.009763491441222016,130.4175255635899,1465.8893317097275
519,mpc,0.0026254749482593847,0.3216782251200126,1.2219926738802085,0.11601171326477222,0.5660594044551155,True,-0.002998082363895316,132.06838031755942,1464.7177589511584
520,rule,0.0044073541987271125,0.42363005149274796,1.0234307955183573,0.11601530466321394,0.540499830983412,True,0.0017577967311724896,77.69013579168971,1412.5092178757595
520,mpc,0.0044073541987271125,0.42363005149274796,1.0234307955183573,0.11601530466321394,0.540499830983412,True,-0.0065536424733749765,78.67355523209083,1411.110321145155
521,rule,0.0028145416422208505,0.41187248865314025,0.6508574393281388,0.12653935798333724,0.49904622603599713,True,0.00156431231528531,121.65673481064636,1293.6371734862726
521,mpc,0.0028145416422208505,0.41187248865314025,0.6508574393281388,0.12653935798333724,0.49904622603599713,True,-0.005782918139775717,123.19669347913558,1292.5755290385007
522,rule,0.004056453918482382,0.2500859782722035,0.9410219991711226,0.1561617600595016,0.20882299267683138,True,0.005920570926865487,84.41065843767461,544.7731617466519
522,mpc,0.004056453918482382,0.2500859782722035,0.9410219991711226,0.1561617600595016,0.20882299267683138,True,-0.0037280446696252856,85.47914778498696,544.2531176230249
523,rule,0.0044101935656132,0.4782723792247628,0.901191019932855,0.16733015887664185,0.4795602507237562,True,-0.0009473742422778653,77.64011739778914,1253.2710347608836
523,mpc,0.0044101935656132,0.4782723792247628,0.901191019932855,0.16733015887664185,0.4795602507237562,True,-0.007089823772488568,78.62290369396369,1252.0294835516547
524,rule,0.009305835883006885,0.473122338295533,0.9401664652300161,0.08635757750588703,0.6189169497872258,False,,36.79496935965143,1653.6777669136272
524,mpc,0.009305835883006885,0.473122338295533,0.9401664652300161,0.08635757750588703,0.6189169497872258,False,,37.26072846546981,1651.3524734230384
525,rule,0.006007798820457475,0.25287509547115,0.766823615556344,0.1707354964216964,0.593034532609647,True,0.0008808714757415625,56.993910151457065,1561.7503332940244
525,mpc,0.006007798820457475,0.25287509547115,0.766823615556344,0.1707354964216964,0.593034532609647,True,-0.0056485932628396185,57.715352052108436,1559.9659090688644
526,rule,0.005842714242499603,0.4902198042381941,1.1495186773020407,0.15192487480472466,0.3468456082224275,True,-0.0015985076453481906,58.60426027522027,912.7099798237866
526,mpc,0.005842714242499603,0.4902198042381941,1.1495186773020407,0.15192487480472466,0.3468456082224275,True,-0.007922039588369234,59.346086354653444,911.6807434097482
527,rule,0.007917244858238399,0.2585623016853799,0.8276279204499444,0.15023479468183323,0.3053351339389285,False,,43.24837141103269,811.035150994839
527,mpc,0.007917244858238399,0.2585623016853799,0.8276279204499444,0.15023479468183323,0.3053351339389285,False,,43.795819150412854,809.9785586211776
528,rule,0.003941713762189798,0.442024046661882,1.1058802384670616,0.13148047987522155,0.335163581358093,True,0.0031714736948198485,86.86778564838261,873.8644530047337
528,mpc,0.003941713762189798,0.442024046661882,1.1058802384670616,0.13148047987522155,0.335163581358093,True,-0.005796569075727787,87.96737787177987,873.0406432606532
529,rule,0.006493361523982258,0.21656211353379834,0.9529003402829687,0.09917688797390467,0.610121681630151,True,0.004235435137350807,52.73200096999847,1610.3555539720392
529,mpc,0.006493361523982258,0.21656211353379834,0.9529003402829687,0.09917688797390467,0.610121681630151,True,-0.005249142139690743,53.39949465316301,1608.4466013823805
530,rule,0.004927421339358413,0.4665424104651788,1.2207245004480396,0.12401370839436911,0.29390487693169787,True,0.0015148576651653478,69.49029169601461,770.0312240727992
530,mpc,0.004927421339358413,0.4665424104651788,1.2207245004480396,0.12401370839436911,0.29390487693169787,True,-0.006799317942038918,70.3699156415338,769.2290494464426
531,rule,0.004675438386029592,0.1535720232839423,1.1074331996119833,0.17199720425449266,0.42745938171395037,True,0.009120819112889533,73.235473962038,1118.5702974426197
531,mpc,0.004675438386029592,0.1535720232839423,1.1074331996119833,0.17199720425449266,0.42745938171395037,True,-0.002145047247992693,74.16250527801317,1117.4326156099614
532,rule,0.004470625243018553,0.3780647956474168,1.1722021154522846,0.06043689173983906,0.43545246602215626,True,0.004703108004497136,76.59061709900566,1138.340437917024
532,mpc,0.004470625243018553,0.3780647956474168,1.1722021154522846,0.06043689173983906,0.43545246602215626,True,-0.006088140234976835,77.56011858127157,1137.2058360188166
533,rule,0.007920916431206695,0.42248742988707694,0.9276141784123203,0.09924661469792147,0.6441851071615801,False,,43.22832454489356,1711.1201480554216
533,mpc,0.007920916431206695,0.42248742988707694,0.9276141784123203,0.09924661469792147,0.6441851071615801,False,,43.7755185264745,1708.8904602722785
534,rule,0.004929169240123368,0.12453495761278965,0.9467101999878609,0.1472051342017207,0.26264548245458996,True,0.00914641156478968,69.46565019394897,688.1373948536644
534,mpc,0.004929169240123368,0.12453495761278965,0.9467101999878609,0.1472051342017207,0.26264548245458996,True,-0.0021067639219420897,70.3449622217205,687.4204159121518
535,rule,0.004812988873617261,0.4505547144275729,1.0207835722441214,0.13678006035068838,0.24786405939864178,True,0.00011613252465947355,71.14247615616078,649.0432224351949
535,mpc,0.004812988873617261,0.4505547144275729,1.0207835722441214,0.13678006035068838,0.24786405939864178,True,-0.007089368129631568,72.04301382902358,648.3743183421981
536,rule,0.006158708482455201,0.45318648267128125,1.076674885701099,0.08105338730107792,0.6328972517864753,True,-0.00224771259552492,55.59736219966047,1667.8973349282674
536,mpc,0.006158708482455201,0.45318648267128125,1.076674885701099,0.08105338730107792,0.6328972517864753,True,-0.008965920106331682,56.3011262781372,1665.969153637572
537,rule,0.0026633685961119005,0.09194785983288527,0.9215695582848848,0.17774132576757856,0.5176741258763676,True,0.011001615886124694,128.5619822509903,1340.8573370953245
537,mpc,0.0026633685961119005,0.09194785983288527,0.9215695582848848,0.17774132576757856,0.5176741258763676,True,-0.000826781657245812,130.18934911492693,1339.7798993425383
538,rule,0.005402370898062244,0.37049285647485297,0.6910165049772417,0.10713686282223975,0.3766279087644049,True,-0.0033748672192477347,63.38105114256412,989.0207656615315
538,mpc,0.005402370898062244,0.37049285647485297,0.6910165049772417,0.10713686282223975,0.3766279087644049,True,-0.008620360378945424,64.18334292917886,987.9456687669775
539,rule,0.004908656210393601,0.0749623219844123,1.1390245985820506,0.12255302327911889,0.6308467192470464,True,0.013017419447663214,69.75594368498811,1652.6689324920887
539,mpc,0.004908656210393601,0.0749623219844123,1.1390245985820506,0.12255302327911889,0.6308467192470464,True,-0.0008735674615065747,70.638930313912,1650.950285765216
540,rule,0.003370435647222752,0.26933094934865515,0.9715054963768772,0.12239878695625947,0.22779364268867971,True,0.007347912183023664,101.59159883777285,592.1984603755772
540,mpc,0.003370435647222752,0.26933094934865515,0.9715054963768772,0.12239878695625947,0.22779364268867971,True,-0.0036148843959391552,102.87756844331429,591.6760951752158
541,rule,0.005571124417409522,0.345873756905578,0.8367776578921811,0.05419573699109248,0.30785643254832373,True,-0.0007974168203561671,61.46119176789036,809.0757881466387
541,mpc,0.005571124417409522,0.345873756905578,0.8367776578921811,0.05419573699109248,0.30785643254832373,True,-0.008450498715943944,62.23918153710417,808.1835740242991
542,rule,0.0069727170999334485,0.3490742375791281,0.9519496723295195,0.06859284017225029,0.4777802452835126,True,-0.0019735867379921945,49.10681751084542,1263.7986642155622
542,mpc,0.0069727170999334485,0.3490742375791281,0.9519496723295195,0.06859284017225029,0.4777802452835126,True,-0.008811802534947955,49.72842279579283,1262.24889410001
543,rule,0.003865489259894192,0.35303941222154195,0.7580822272182788,0.10523539973543097,0.2625738924937293,True,0.0017463452968139448,88.58075217897662,684.3401576253063
543,mpc,0.003865489259894192,0.35303941222154195,0.7580822272182788,0.10523539973543097,0.2625738924937293,True,-0.006263042213044967,89.70202752301431,683.7004568514797
544,rule,0.004359182932875538,0.41646812886418116,0.781505136186829,0.12330598588376869,0.6417991562187176,True,-0.000912973814126028,78.54865268416563,1676.8389531371654
544,mpc,0.004359182932875538,0.41646812886418116,0.781505136186829,0.12330598588376869,0.6417991562187176,True,-0.007375482256231525,79.54293942700318,1675.1864166951796
545,rule,0.0027813906538203307,0.41569538006621304,0.8407555470620482,0.05776375737995748,0.1548710460493977,True,0.00477413307569563,123.10674363950805,401.389794108675
545,mpc,0.0027813906538203307,0.41569538006621304,0.8407555470620482,0.05776375737995748,0.1548710460493977,True,-0.005924600131591573,124.66505685013475,401.0618878855417
546,rule,0.004750103446865909,0.3384781734590155,0.9003342281793402,0.16788870249929566,0.6293860474558295,True,0.001782182294350787,72.08431353365617,1647.570583298727
546,mpc,0.004750103446865909,0.3384781734590155,0.9003342281793402,0.16788870249929566,0.6293860474558295,True,-0.005612023442905123,72.99677319863919,1645.882749298576
547,rule,0.0024259644967550894,0.3361410058968845,0.7866227398163979,0.12722007925780265,0.5246723936825685,True,0.006041755744564892,141.14301616498494,1357.2741556495414
547,mpc,0.0024259644967550894,0.3361410058968845,0.7866227398163979,0.12722007925780265,0.5246723936825685,True,-0.003864884664964041,142.92963662276958,1356.2205269980682
548,rule,0.003533204537338227,0.14004410480349877,1.099744802535905,0.08691023271798765,0.25269297453530093,True,0.012522736826500624,96.91144188305027,657.4777455144274
548,mpc,0.003533204537338227,0.14004410480349877,1.099744802535905,0.08691023271798765,0.25269297453530093,True,-0.0018225512136631483,98.13816899549396,656.8862739213176
549,rule,0.004707674943595433,0.12148132863728675,1.135375865130148,0.12829793351146013,0.4657150996831526,True,0.011212598320814893,72.73398233389347,1218.8695570179316
549,mpc,0.004707674943595433,0.12148132863728675,1.135375865130148,0.12829793351146013,0.4657150996831526,True,-0.0017183793966693006,73.65466565457567,1217.62598724948
550,rule,0.005470735357253233,0.4938002499514398,1.225946591010881,0.14283313202073863,0.6157537186404937,True,-0.0002208164406947155,62.58901661678999,1617.4885727268745
550,mpc,0.005470735357253233,0.4938002499514398,1.225946591010881,0.14283313202073863,0.6157537186404937,True,-0.007434329695488184,63.38128264991392,1615.7199700671636
551,rule,0.0036334411413298114,0.4842893146879346,1.085535366853499,0.08785985375804217,0.20468358712658083,True,0.003075583217440392,94.23792291179497,532.8351506694446
551,mpc,0.0036334411413298114,0.4842893146879346,1.085535366853499,0.08785985375804217,0.20468358712658083,True,-0.006456921160921558,95.4308080119443,532.3501099447849
552,rule,0.00524771504365697,0.3202661120075412,1.0785917401810519,0.10369032321789298,0.23682895126871703,True,0.00360077106156953,65.24895946761805,621.450874889736
552,mpc,0.00524771504365697,0.3202661120075412,1.0785917401810519,0.10369032321789298,0.23682895126871703,True,-0.0057982161272098764,66.07489566341069,620.7843982928483
553,rule,0.0065108618892170305,0.09493280629721365,0.7151339566073788,0.15980178502472667,0.49163597192583786,True,0.006853938562477069,52.59026408596723,1297.7281900080397
553,mpc,0.0065108618892170305,0.09493280629721365,0.7151339566073788,0.15980178502472667,0.49163597192583786,True,-0.0023782564386729543,53.25596363135922,1296.1878651521815
554,rule,0.004748397470878664,0.06920923072706445,1.0073786758335164,0.16135111280573677,0.48536067858055887,True,0.011523118932821097,72.11021155687341,1270.5386795748755
554,mpc,0.004748397470878664,0.06920923072706445,1.0073786758335164,0.16135111280573677,0.48536067858055887,True,-0.0008137211735605998,73.02299904493512,1269.2373042879196
555,rule,0.005796657313395253,0.4122908821569985,0.9558561739704268,0.05076808928271657,0.40154471434759376,True,-0.0018941366239306756,59.0698962641671,1056.4201592762286
555,mpc,0.005796657313395253,0.4122908821569985,0.9558561739704268,0.05076808928271657,0.40154471434759376,True,-0.009152790624616935,59.81761647004264,1055.2332924763991
556,rule,0.004605696503080776,0.4047004975548212,0.650671456736831,0.15470661495442495,0.2608241995705771,True,-0.002954089224417311,74.34444409268924,682.2882242318417
556,mpc,0.004605696503080776,0.4047004975548212,0.650671456736831,0.15470661495442495,0.2608241995705771,True,-0.00767138837925474,75.28551300525494,681.5989884513162
557,rule,0.003952187808585477,0.4032421048711284,0.6691178599053882,0.16242624099418265,0.2009755256006028,True,-0.0010891911009511812,86.63756956017077,524.0265638044734
557,mpc,0.003952187808585477,0.4032421048711284,0.6691178599053882,0.16242624099418265,0.2009755256006028,True,-0.006656753422467299,87.73424765586915,523.5319826317918
558,rule,0.0045714103475673765,0.18891224649301136,1.2540970380824612,0.14803387586335787,0.448793628925543,True,0.00953225730452445,74.9020368218293,1173.79852644511
558,mpc,0.0045714103475673765,0.18891224649301136,1.2540970380824612,0.14803387586335787,0.448793628925543,True,-0.002505391192274775,75.8501638702069,1172.6167736052614
559,rule,0.006219312826455934,0.4503455273717677,0.6969718254009906,0.17213477348938339,0.5606989071796469,True,-0.00666043481998102,55.0555914673782,1478.044865398683
559,mpc,0.006219312826455934,0.4503455273717677,0.6969718254009906,0.17213477348938339,0.5606989071796469,True,-0.009534429878484962,55.752497688484254,1476.328225765116
560,rule,0.00350599807810786,0.05964030097204824,1.0219401192908006,0.10996771590790941,0.2421004759014633,True,0.013976748902109648,97.66347229887133,629.8297109660328
560,mpc,0.00350599807810786,0.05964030097204824,1.0219401192908006,0.10996771590790941,0.2421004759014633,True,-0.000545215913820174,98.89971878366718,629.2649482571429
561,rule,0.006169287751058642,0.4568919566911555,0.7277284377804439,0.17537025019199642,0.39495294858648633,True,-0.006263525015823168,55.502022275168855,1040.884992995208
561,mpc,0.006169287751058642,0.4568919566911555,0.7277284377804439,0.17537025019199642,0.39495294858648633,True,-0.009363748363121038,56.204579519158344,1039.6806949252646
562,rule,0.005615260980470603,0.2838246721318833,0.8604551604156904,0.06799847732808051,0.43957625967560765,True,0.0018660135773166386,60.97810010470549,1155.4891651395305
562,mpc,0.005615260980470603,0.2838246721318833,0.8604551604156904,0.06799847732808051,0.43957625967560765,True,-0.006901256459827643,61.74997478957519,1154.2102247715968
563,rule,0.003835653021501009,0.396051288825527,0.8974387550636296,0.09383827075130335,0.6307805656733635,True,0.0025113320907360626,89.26979167870309,1643.7409702630093
563,mpc,0.003835653021501009,0.396051288825527,0.8974387550636296,0.09383827075130335,0.6307805656733635,True,-0.0063497606020150865,90.39978904172467,1642.2095846047523
564,rule,0.004194836685445844,0.4852993330282298,1.1204995742418442,0.1566678530460989,0.6454039161971755,True,0.0016904937037414136,81.6260493213434,1684.8810154300336
564,mpc,0.004194836685445844,0.4852993330282298,1.1204995742418442,0.1566678530460989,0.6454039161971755,True,-0.006251973008569056,82.65929045199333,1683.2486787456262
565,rule,0.004165094051012535,0.3878476597355108,1.1356911320675334,0.15304456019247595,0.15950442891172403,True,0.004043123021352568,82.20893501743225,416.3379361298438
565,mpc,0.004165094051012535,0.3878476597355108,1.1356911320675334,0.15304456019247595,0.15950442891172403,True,-0.005108204746352651,83.24955444803267,415.9358484564262
566,rule,0.0038819175308404934,0.17176251374285817,0.9292243490561869,0.13665845917265534,0.18032573411160577,True,0.00866300552971555,88.20587852803938,470.01765889905164
566,mpc,0.0038819175308404934,0.17176251374285817,0.9292243490561869,0.13665845917265534,0.18032573411160577,True,-0.0025736918811114506,89.32240863598925,469.5774933485989
567,rule,0.006583112857677006,0.18569338918968709,1.1716167759259135,0.06111923169872692,0.18190154605323802,True,0.008182149189322363,52.013075513642214,480.3079678427961
567,mpc,0.006583112857677006,0.18569338918968709,1.1716167759259135,0.06111923169872692,0.18190154605323802,True,-0.004149031349870214,52.67146887457441,479.73487391849704
568,rule,0.007623421638628558,0.41482791246841033,1.2555702116981402,0.17744640373823117,0.4696648711072813,False,,44.915257532939215,1245.9298346318312
568,mpc,0.007623421638628558,0.41482791246841033,1.2555702116981402,0.17744640373823117,0.4696648711072813,False,,45.483805096647316,1244.3356278655426
569,rule,0.002900750045228743,0.4430126174820606,0.8907311158343123,0.11088685931905173,0.25021103109139586,True,0.0038327153949595516,118.04117584842854,648.8948993447316
569,mpc,0.002900750045228743,0.4430126174820606,0.8907311158343123,0.11088685931905173,0.25021103109139586,True,-0.005475710264988276,119.53536794777575,648.3560901278485
570,rule,0.0054392614860667154,0.4337276283580273,1.3470462194511326,0.10356437988392629,0.513900277396255,True,0.002491074899289236,62.951183181448414,1349.733532700765
570,mpc,0.0054392614860667154,0.4337276283580273,1.3470462194511326,0.10356437988392629,0.513900277396255,True,-0.006639185826553762,63.74803360146676,1348.2616677677186
571,rule,0.004759488282271193,0.21205329544580598,1.258150061815571,0.09909317980523819,0.34369632958882235,True,0.009456676763435534,71.94217652696659,899.7496824776349
571,mpc,0.004759488282271193,0.21205329544580598,1.258150061815571,0.09909317980523819,0.34369632958882235,True,-0.0032061127021461022,72.85283698933327,898.8271156564231
572,rule,0.004936375499866394,0.06420790586620889,0.7592761863594153,0.056226701239455924,0.3920634181915824,True,0.013190112314795832,69.3642422847392,1027.2513422395648
572,mpc,0.004936375499866394,0.06420790586620889,0.7592761863594153,0.056226701239455924,0.3920634181915824,True,-0.0014223225165490572,70.24227066809034,1026.1803186246045
573,rule,0.003949358920894079,0.1801754640343079,1.3116648202771324,0.15500719636282617,0.4179021696913041,True,0.010658262450928047,86.69962721536255,1089.6288092484017
573,mpc,0.003949358920894079,0.1801754640343079,1.3116648202771324,0.15500719636282617,0.4179021696913041,True,-0.001992493813238294,87.79709085100005,1088.6007278048842
574,rule,0.004015657859173591,0.12912639108360985,1.0077197257016994,0.08356397313860692,0.22394829958602971,True,0.011848143571141945,85.26820715040934,584.1122901389176
574,mpc,0.004015657859173591,0.12912639108360985,1.0077197257016994,0.08356397313860692,0.22394829958602971,True,-0.0020216213650370296,86.34755154471834,583.5571547458707
575,rule,0.0034743882701534193,0.19840900299866615,0.8635354991645965,0.11513728309637539,0.35164440975792577,True,0.00825130808143526,98.55200960774121,914.6627183306368
575,mpc,0.0034743882701534193,0.19840900299866615,0.8635354991645965,0.11513728309637539,0.35164440975792577,True,-0.0030297145571878126,99.79950340024426,913.8456535801294
576,rule,0.0033909722037666666,0.14289191543033813,1.2243485651104513,0.053296163171225784,0.6478274040767068,True,0.01433074605604645,100.97633528250067,1684.3440745164796
576,mpc,0.0033909722037666666,0.14289191543033813,1.2243485651104513,0.053296163171225784,0.6478274040767068,True,-0.0017423252423436342,102.25451674177285,1682.8546077998512
577,rule,0.00524153840643143,0.0731892610817099,1.1703322389828803,0.08486251434652378,0.5648392701259539,True,0.014199372341782923,65.32584894561576,1482.1222968665247
577,mpc,0.00524153840643143,0.0731892610817099,1.1703322389828803,0.08486251434652378,0.5648392701259539,True,-0.0009168984061691532,66.15275842594002,1480.5336589183876
578,rule,0.005110618560077869,0.2928662633476114,0.9258180418846016,0.08566840278183913,0.4250849984955244,True,0.00322751731437132,66.99931567108894,1114.7097071610992
578,mpc,0.005110618560077869,0.2928662633476114,0.9258180418846016,0.08566840278183913,0.4250849984955244,True,-0.006054112793345778,67.84740827452045,1113.528790810313
579,rule,0.004603418799716584,0.056178646128426823,1.2365123743986883,0.16685856120714915,0.1557137413109235,True,0.013189152246790514,74.38122862127251,407.32594871622615
579,mpc,0.004603418799716584,0.056178646128426823,1.2365123743986883,0.16685856120714915,0.1557137413109235,True,-0.0003504777072853571,75.32276316078229,406.91456714219765
580,rule,0.006771544668914337,0.4064097223430002,0.9899936087324794,0.13964450386145225,0.5242505470997535,True,-0.0027853354308127187,50.5657073714734,1385.4609156319773
580,mpc,0.006771544668914337,0.4064097223430002,0.9899936087324794,0.13964450386145225,0.5242505470997535,True,-0.008375743257630797,51.20577961668194,1383.7854718406402
581,rule,0.004978922465480771,0.36706217477213327,1.255644749379481,0.12095578502658101,0.32644432913514665,True,0.00424581033492899,68.77149595221097,855.4980374142269
581,mpc,0.004978922465480771,0.36706217477213327,1.255644749379481,0.12095578502658101,0.32644432913514665,True,-0.0054942686819037245,69.64202121742883,854.602563404168
582,rule,0.0031557269576060584,0.09567933205087184,1.21763412904604,0.10938107779827738,0.18469043776721386,True,0.014122890941812294,108.50366675605375,479.61071104282166
582,mpc,0.0031557269576060584,0.09567933205087184,1.21763412904604,0.10938107779827738,0.18469043776721386,True,-0.0008581739868951388,109.87713089220634,479.19889611405927
583,rule,0.003567153074490891,0.19925857607894254,1.03363669405234,0.15970209772783533,0.5040129532783479,True,0.008714158779302483,95.98913728423389,1311.6104106024459
583,mpc,0.003567153074490891,0.19925857607894254,1.03363669405234,0.15970209772783533,0.5040129532783479,True,-0.002469622824293749,97.2041896549204,1310.425714719756
584,rule,0.0030301458054120575,0.20976994808472987,0.8504030151738988,0.09199173357468667,0.2694936610297507,True,0.009062734335190892,113.00048518114805,699.3744255233166
584,mpc,0.0030301458054120575,0.20976994808472987,0.8504030151738988,0.09199173357468667,0.2694936610297507,True,-0.0030690569354787645,114.43087106951702,698.7836135991452
585,rule,0.003004243744216153,0.3462952012175568,1.1618350096831254,0.169433836373283,0.35146234500505114,True,0.007284822022568305,113.97475549059416,911.9717830251708
585,mpc,0.003004243744216153,0.3462952012175568,1.1618350096831254,0.169433836373283,0.35146234500505114,True,-0.0033877607060412984,115.41747391452574,911.2039981860227
586,rule,0.005239221383517335,0.31970219665487765,0.9681886500247963,0.05962862083812573,0.6044630339416784,True,0.0026861867244462045,65.35473901874111,1586.076321206323
586,mpc,0.005239221383517335,0.31970219665487765,0.9681886500247963,0.05962862083812573,0.6044630339416784,True,-0.0068149713447980265,66.18201419619353,1584.376606901547
587,rule,0.0020543250923784635,0.2626697881040408,0.853924232866581,0.051513291158159315,0.4979261674640446,True,0.011105010495143675,166.67661192063272,1285.5188333265837
587,mpc,0.0020543250923784635,0.2626697881040408,0.853924232866581,0.051513291158159315,0.4979261674640446,True,-0.0031033067063173103,168.78644245127367,1284.5769601517813
588,rule,0.0018978754680959915,0.3582707172415374,1.2529531895570538,0.08326490768772579,0.4421791805357985,True,0.011774995813644273,180.4164456188991,1140.6268492880977
588,mpc,0.0018978754680959915,0.3582707172415374,1.2529531895570538,0.08326490768772579,0.4421791805357985,True,-0.002667486255932161,182.70019809508773,1139.8124658170148
589,rule,0.0066579037092943496,0.49517825301787477,0.8166136255593814,0.06945861798265479,0.60366987151616,True,-0.008300946171284407,51.428792174207324,1594.5232454816003
589,mpc,0.0066579037092943496,0.49517825301787477,0.8166136255593814,0.06945861798265479,0.60366987151616,True,-0.011840544917849583,52.079789543501086,1592.610445625952
590,rule,0.006288117963027357,0.08721990118566947,1.031852127889995,0.06723227414973165,0.6444533659007182,True,0.012519513518640779,54.45316837159555,1699.3677014051027
590,mpc,0.006288117963027357,0.08721990118566947,1.031852127889995,0.06723227414973165,0.6444533659007182,True,-0.001780859056812023,55.14244898389424,1697.3836976511361
591,rule,0.004709517225601509,0.45216801407293333,0.9045551137976967,0.10321227976834699,0.266140839785049,True,-0.0010984671207592278,72.70553005301942,696.55007773924
591,mpc,0.004709517225601509,0.45216801407293333,0.9045551137976967,0.10321227976834699,0.266140839785049,True,-0.007973001015465053,73.62585321824753,695.8392857771306
592,rule,0.006815700949801274,0.4780397191183246,0.9301573077434739,0.11399034727740538,0.2805909604288046,True,-0.005890807650273722,50.238111780882456,741.6787923634623
592,mpc,0.006815700949801274,0.4780397191183246,0.9301573077434739,0.11399034727740538,0.2805909604288046,True,-0.01018480591512727,50.87403724646325,740.7790979763911
593,rule,0.004375597847772769,0.14528547734384378,0.9217498020517061,0.060210386145405845,0.3053389531255639,True,0.010743729443941197,78.25397993453005,797.8288189725698
593,mpc,0.004375597847772769,0.14528547734384378,0.9217498020517061,0.060210386145405845,0.3053389531255639,True,-0.0028745981899098716,79.24453664256208,797.041231451529
594,rule,0.0029984573653960645,0.43764480190786353,1.2918976040561203,0.09728894142207646,0.24268804563791294,True,0.00749441616504587,114.19470229350907,629.7060787428891
594,mpc,0.0029984573653960645,0.43764480190786353,1.2918976040561203,0.09728894142207646,0.24268804563791294,True,-0.004442089096426294,115.64020485418642,629.1763372119235
595,rule,0.0030782561286760235,0.07319906386892905,0.9204991829075271,0.13844852159235493,0.191746493854379,True,0.012256799165293097,111.2343911188621,497.73399561485917
595,mpc,0.0030782561286760235,0.07319906386892905,0.9204991829075271,0.13844852159235493,0.191746493854379,True,-0.0007424916541918236,112.6424213861895,497.3108714473296
596,rule,0.0049087126438522736,0.3941043398062831,1.3396908880667073,0.07185092639700733,0.3786208240696054,True,0.0047273015000971474,69.75514172947538,991.8971207781043
596,mpc,0.0049087126438522736,0.3941043398062831,1.3396908880667073,0.07185092639700733,0.3786208240696054,True,-0.005990096004399703,70.63811820706368,990.8656197376253
597,rule,0.005697110607134722,0.36675371323125544,1.305458085819077,0.15104339033699743,0.47097296520584475,True,0.0032559059774636134,60.10203589032865,1238.498230601968
597,mpc,0.005697110607134722,0.36675371323125544,1.305458085819077,0.15104339033699743,0.47097296520584475,True,-0.005647615423411301,60.8628211547632,1237.1180799182957
598,rule,0.00632098903309562,0.3446402805246039,1.1074669506854464,0.14450744158369955,0.5142190326079163,True,0.0011389604820998267,54.16999529478592,1356.1564525401973
598,mpc,0.00632098903309562,0.3446402805246039,1.1074669506854464,0.14450744158369955,0.5142190326079163,True,-0.006492171768238464,54.8556914377579,1354.569228325395
599,rule,0.004081598761491465,0.203989294323705,0.7457716229684042,0.171993112278615,0.5354919195143393,True,0.005063685160429432,83.8906433948601,1397.1562676279955
599,mpc,0.004081598761491465,0.203989294323705,0.7457716229684042,0.171993112278615,0.5354919195143393,True,-0.0034363288405514503,84.95255027327606,1395.8189114853785
600,rule,0.006408688307776029,0.05147749598146878,1.0009394870714685,0.09237472545782825,0.6107680084961413,True,0.01362963493510927,53.42870954821128,1611.4359624422639
600,mpc,0.006408688307776029,0.05147749598146878,1.0009394870714685,0.09237472545782825,0.6107680084961413,True,-0.0006843928455726456,54.10502232730258,1609.5375959434812
601,rule,0.005466064577474098,0.21868265262650194,1.2432611951733215,0.09456161279760586,0.4493299611816184,True,0.008261301599568505,62.64249924749553,1180.2932292992987
601,mpc,0.005466064577474098,0.21868265262650194,1.2432611951733215,0.09456161279760586,0.4493299611816184,True,-0.003775672391659546,63.435442275944844,1179.0031814123165
602,rule,0.005160459271948503,0.1567390766129569,1.2883110574368035,0.16478830386714258,0.5706950799933076,True,0.009883311378128146,66.35222334617818,1496.905133395633
602,mpc,0.005160459271948503,0.1567390766129569,1.2883110574368035,0.16478830386714258,0.5706950799933076,True,-0.0021116449737550447,67.19212490752223,1495.312192946351
603,rule,0.005234172624673804,0.4649787162530648,0.8722107736325118,0.16682158972166106,0.34061144732820836,True,-0.002784795305963428,65.41777865083732,893.7232670796068
603,mpc,0.005234172624673804,0.4649787162530648,0.8722107736325118,0.16682158972166106,0.34061144732820836,True,-0.007957210910725099,66.24585179831628,892.7659390535293
604,rule,0.005376162082443443,0.35384746834252867,1.2388638457427499,0.14609699794012576,0.3965127023523095,True,0.0036070913126576842,63.690034067120266,1041.1079526505878
604,mpc,0.005376162082443443,0.35384746834252867,1.2388638457427499,0.14609699794012576,0.3965127023523095,True,-0.005463079135105353,64.49623702999521,1039.9787957741498
605,rule,0.005469226178687368,0.14711536618842008,0.6726730350146177,0.08674067042210343,0.4463827302425295,True,0.005727045376420659,62.60628743340107,1172.5691055091538
605,mpc,0.005469226178687368,0.14711536618842008,0.6726730350146177,0.08674067042210343,0.4463827302425295,True,-0.004209692456976777,63.398772084456795,1171.2871540779681
606,rule,0.005298002712308117,0.1993333368062437,0.9700042836388525,0.08061056761021959,0.262228150000802,True,0.0070982319672637795,64.62962832875003,688.2652897716317
606,mpc,0.005298002712308117,0.1993333368062437,0.9700042836388525,0.08061056761021959,0.262228150000802,True,-0.004248423076511854,65.44772488987346,687.5238829955565
607,rule,0.006939697693693169,0.25208003153771025,0.9887071446866968,0.06601976028967732,0.25868988432843054,True,0.0026238361712558333,49.34047004559941,684.1709454982922
607,mpc,0.006939697693693169,0.25208003153771025,0.9887071446866968,0.06601976028967732,0.25868988432843054,True,-0.006602613886065312,49.965032957569036,683.3338555671485
608,rule,0.006723604088722467,0.18784429606691366,1.2123770122941906,0.09967397614289134,0.2178809531295894,True,0.007663780384614904,50.926250514289734,575.6788259692503
608,mpc,0.006723604088722467,0.18784429606691366,1.2123770122941906,0.09967397614289134,0.2178809531295894,True,-0.00384207823279481,51.570886596749105,574.9850048022029
609,rule,0.004047315352315597,0.27386306945740474,1.0138104427031256,0.05869931539092812,0.33839576949758454,True,0.0073065956067083215,84.6012520337168,882.7595620273244
609,mpc,0.004047315352315597,0.27386306945740474,1.0138104427031256,0.05869931539092812,0.33839576949758454,True,-0.004745219812893664,85.67215395819424,881.9177063976858
610,rule,0.0026476795625678014,0.1409549559769946,1.2596498201473858,0.10823583685037882,0.23276942004240794,True,0.013704407329802604,129.32378639094276,602.8594292946943
610,mpc,0.0026476795625678014,0.1409549559769946,1.2596498201473858,0.10823583685037882,0.23276942004240794,True,-0.0012106077339584242,130.96079634525853,602.3760828774102
611,rule,0.003983117355505766,0.39477627122953296,1.2022395674438755,0.10880701208030845,0.5556828320599074,True,0.005193875699063266,85.96481489752769,1449.120885616384
611,mpc,0.003983117355505766,0.39477627122953296,1.2022395674438755,0.10880701208030845,0.5556828320599074,True,-0.005208240582943668,87.05297711142045,1447.748538242787
612,rule,0.00287973795695139,0.29590777411483143,0.9402787937691525,0.14824624404607295,0.5961423619903066,True,0.007025394569713406,118.9024665784766,1545.85989645378
612,mpc,0.00287973795695139,0.29590777411483143,0.9402787937691525,0.14824624404607295,0.5961423619903066,True,-0.003367010158424444,120.40756109212822,1544.579933115625
613,rule,0.004308034529306415,0.12190492842785479,1.118928435702452,0.052789631573876145,0.20043664204541053,True,0.013510946406067759,79.48124460281662,523.5512647361129
613,mpc,0.004308034529306415,0.12190492842785479,1.118928435702452,0.052789631573876145,0.20043664204541053,True,-0.0019244412655405885,80.48733630664975,523.0380103349479
614,rule,0.004883527607629323,0.14217220297650973,1.3409877219807775,0.0824491149568464,0.2727963171281168,True,0.012591698363346726,70.11487877047199,714.5745432870125
614,mpc,0.004883527607629323,0.14217220297650973,1.3409877219807775,0.0824491149568464,0.2727963171281168,True,-0.001984390548235959,71.00240888149064,713.8331867723043
615,rule,0.0022833443965816712,0.1393990733514792,1.1842516101825367,0.10219680220714353,0.6384207821929234,True,0.013922567291243415,149.95895787503284,1650.2720466198525
615,mpc,0.0022833443965816712,0.1393990733514792,1.1842516101825367,0.10219680220714353,0.6384207821929234,True,-0.0011433440589772026,151.85717253167886,1649.0183601693375
616,rule,0.004080256694548936,0.12910444556308412,0.845632566960999,0.08821369548280739,0.36288972549650567,True,0.010321351694544623,83.91823647728506,946.8121381270643
616,mpc,0.004080256694548936,0.12910444556308412,0.845632566960999,0.08821369548280739,0.36288972549650567,True,-0.0023859124627023665,84.98049263522542,945.9059816663055
617,rule,0.003944438064444846,0.25650686891706465,0.9217570306200927,0.07209462325047819,0.23790086723573642,True,0.006923945473825022,86.80778873615672,620.2820704754214
617,mpc,0.003944438064444846,0.25650686891706465,0.9217570306200927,0.07209462325047819,0.23790086723573642,True,-0.004563160143758127,87.90662150496884,619.6971422324287
618,rule,0.0027412191311094246,0.24588962203576237,0.8261162764212638,0.07475702545842226,0.5929605863051977,True,0.008818879466654606,124.91082609751231,1536.4915025138514
618,mpc,0.0027412191311094246,0.24588962203576237,0.8261162764212638,0.07475702545842226,0.5929605863051977,True,-0.0035360903458225845,126.49197579494918,1535.2432808062742
619,rule,0.0046368261608152545,0.22977494383355151,1.2813149928300591,0.16485204728017278,0.19962547251272025,True,0.008225881664824963,73.84532745152136,522.2786260945867
619,mpc,0.0046368261608152545,0.22977494383355151,1.2813149928300591,0.16485204728017278,0.19962547251272025,True,-0.0030018536722768996,74.78007843192039,521.7494178075209
620,rule,0.009224157883367981,0.2689013292951348,1.287458933037282,0.17352941345508122,0.26589210221253357,False,,37.120781160801315,710.194216957347
620,mpc,0.009224157883367981,0.2689013292951348,1.287458933037282,0.17352941345508122,0.26589210221253357,False,,37.59066446663425,709.1997039419929
621,rule,0.003095990784387672,0.08880562903597548,1.1615100647547358,0.09944876715298659,0.2349171862770262,True,0.01438418221969573,110.59721104722374,609.8523135154013
621,mpc,0.003095990784387672,0.08880562903597548,1.1615100647547358,0.09944876715298659,0.2349171862770262,True,-0.0008212845114849987,111.99717574402406,609.332682243719
622,rule,0.0033946454292789778,0.3594442928900543,1.0979874931437243,0.1381293361762736,0.37462679688306655,True,0.0060888815808840535,100.86707236870701,974.0438958505882
622,mpc,0.0033946454292789778,0.3594442928900543,1.0979874931437243,0.1381293361762736,0.37462679688306655,True,-0.004258294543784569,102.14387075312104,973.1821611850894
623,rule,0.004808719951067809,0.1356301512157984,1.095257413830952,0.07538605324173364,0.4503156901985208,True,0.011594145354674956,71.20563261438194,1179.1474384630246
623,mpc,0.004808719951067809,0.1356301512157984,1.095257413830952,0.07538605324173364,0.4503156901985208,True,-0.002333268000775046,72.10696973608299,1177.93270106948
624,rule,0.0036483812748960864,0.35711367565612046,0.9681129272054323,0.06747878170630636,0.6062996629606672,True,0.005104357486817368,93.85201830116718,1578.4476592086235
624,mpc,0.0036483812748960864,0.35711367565612046,0.9681129272054323,0.06747878170630636,0.6062996629606672,True,-0.005647215094447988,95.04001853282753,1577.0082898470096
625,rule,0.005396802959907029,0.23278575666141088,1.1520698409164947,0.06461329855227055,0.5927345775346007,True,0.00755044414974837,63.44644203706148,1556.4732207736577
625,mpc,0.005396802959907029,0.23278575666141088,1.1520698409164947,0.06461329855227055,0.5927345775346007,True,-0.0045093548713111,64.24956155651796,1554.7820977092126
626,rule,0.0032122529915089917,0.4822322481220667,0.8110852591234436,0.16292695599827609,0.43055913524635514,True,0.0009527548441393696,106.59432712375907,1118.4184872622664
626,mpc,0.0032122529915089917,0.4822322481220667,0.8110852591234436,0.16292695599827609,0.43055913524635514,True,-0.00600855772867015,107.94362240380667,1117.45122515406
627,rule,0.0033490515445951928,0.23279825147158562,0.9729594563837621,0.16671041879631276,0.5258725489428538,True,0.007606712930208648,102.24027358843495,1366.968236210086
627,mpc,0.0033490515445951928,0.23279825147158562,0.9729594563837621,0.16671041879631276,0.5258725489428538,True,-0.0028358742856546826,103.53445426676957,1365.7656322728592
628,rule,0.0039137009759708215,0.20192259551986746,0.9661630289704648,0.13060886366489938,0.5034588976105056,True,0.00812726780054751,87.48955228912102,1312.4719764074284
628,mpc,0.0039137009759708215,0.20192259551986746,0.9661630289704648,0.13060886366489938,0.5034588976105056,True,-0.003022715842273316,88.59701497632508,1311.2385105368546
629,rule,0.004510562693172361,0.3991133996863809,0.9433033609061369,0.13246335835226986,0.5208519457695867,True,0.0012225688567528703,75.91246801634884,1361.8559706449062
629,mpc,0.004510562693172361,0.3991133996863809,0.9433033609061369,0.13246335835226986,0.5208519457695867,True,-0.00646093770964451,76.8733853330115,1360.4931462095906
630,rule,0.005811615236233492,0.42571114128025705,0.7109005995184174,0.07402167052423597,0.6137499387876324,True,-0.006086828654679799,58.91786229177445,1614.8222323099528
630,mpc,0.005811615236233492,0.42571114128025705,0.7109005995184174,0.07402167052423597,0.6137499387876324,True,-0.010554659185286308,59.6636580169868,1613.0058116466432
631,rule,0.006791019796275512,0.42489508658231545,0.8251059222396695,0.08323410206736917,0.4046660384667057,True,-0.006069404633298303,50.4206962213502,1069.5237773547963
631,mpc,0.006791019796275512,0.42489508658231545,0.8251059222396695,0.08323410206736917,0.4046660384667057,True,-0.010519411378224541,51.058932882379956,1068.2286286187727
632,rule,0.002611310321129922,0.12440242520917169,0.8274902910375279,0.07813249225647022,0.5002478283679972,True,0.0124758101375394,131.12495416976031,1295.3640973700153
632,mpc,0.002611310321129922,0.12440242520917169,0.8274902910375279,0.07813249225647022,0.5002478283679972,True,-0.0016571967101421947,132.784763716213,1294.3309083037389
633,rule,0.0023312687823151853,0.20302067709936394,1.3171881157319334,0.08579494105510063,0.5384238828613979,True,0.013752284726508135,146.8762198415995,1392.144174679077
633,mpc,0.0023312687823151853,0.20302067709936394,1.3171881157319334,0.08579494105510063,0.5384238828613979,True,-0.0016734931363497907,148.7354124978223,1391.078793455766
634,rule,0.006607949492157745,0.05017501745567016,0.6540702990419034,0.05487590800284614,0.5924166006616379,True,0.012220371647972739,51.817579203283834,1564.4431931032602
634,mpc,0.006607949492157745,0.05017501745567016,0.6540702990419034,0.05487590800284614,0.5924166006616379,True,-0.0015312649602370332,52.47349792737604,1562.5731861310903
635,rule,0.004683421899176478,0.31743161927955366,1.3015907421992086,0.11802813568825604,0.5805127108000548,True,0.006496544481962907,73.11063439349577,1519.1376606320257
635,mpc,0.004683421899176478,0.31743161927955366,1.3015907421992086,0.11802813568825604,0.5805127108000548,True,-0.004482140098722054,74.03608546176788,1517.5913703681804
636,rule,0.009535102005656982,0.13176397017481117,1.1157822719979062,0.12758001278865116,0.29994468788171136,False,,35.910255179025825,802.1757115553612
636,mpc,0.009535102005656982,0.13176397017481117,1.1157822719979062,0.12758001278865116,0.29994468788171136,False,,36.36481537116539,801.0348432310778
637,rule,0.006994699719763934,0.449261361101436,0.6933894590889679,0.07259390216415135,0.5552907188599979,True,-0.009680805007572069,48.95248686854839,1468.970350727534
637,mpc,0.006994699719763934,0.449261361101436,0.6933894590889679,0.07259390216415135,0.5552907188599979,True,-0.012307507669915951,49.572138601061674,1467.1662798312125
638,rule,0.002100006999949218,0.44489723697045397,1.2727319586327708,0.147860485638148,0.4645796594979923,True,0.008888342244719127,163.05085944449863,1199.7224336989393
638,mpc,0.002100006999949218,0.44489723697045397,1.2727319586327708,0.147860485638148,0.4645796594979923,True,-0.0031256581177752096,165.11479437417586,1198.8369173898805
639,rule,0.002253988850200914,0.07106476728304446,1.1243264645580018,0.0543320678946336,0.5603134986340473,True,0.01692741492860106,151.91199643718818,1448.1424786553741
639,mpc,0.002253988850200914,0.07106476728304446,1.1243264645580018,0.0543320678946336,0.5603134986340473,True,-0.000550219215538883,153.83493310095005,1447.0473244837387
640,rule,0.00405644676133914,0.40012446992952094,1.2751450282467491,0.16252240957668573,0.4120799834905152,True,0.005056691347353093,84.41080737077027,1075.0258128814787
640,mpc,0.00405644676133914,0.40012446992952094,1.2751450282467491,0.16252240957668573,0.4120799834905152,True,-0.0046998818469774495,85.47929860331169,1073.9995868051267
641,rule,0.005110137717473309,0.17828735067400348,0.894789525136888,0.16229169106855101,0.48483402203196513,True,0.006247780455645113,67.00562002671145,1271.387936835665
641,mpc,0.005110137717473309,0.17828735067400348,0.894789525136888,0.16229169106855101,0.48483402203196513,True,-0.0032783879107773917,67.85379243211288,1270.0410950864405
642,rule,0.004072226780285292,0.11087873484344939,0.9269704106487968,0.06260708256567218,0.2609790607475315,True,0.012594080001060437,84.0837125866538,680.8906235736508
642,mpc,0.004072226780285292,0.11087873484344939,0.9269704106487968,0.06260708256567218,0.2609790607475315,True,-0.0019560255314015063,85.14806337888994,680.2395333871632
643,rule,0.00556291809683739,0.35569822969341197,1.3452819908650908,0.162085037845282,0.3324050286834884,True,0.004019900487473582,61.551858255085165,873.5578728409799
643,mpc,0.00556291809683739,0.35569822969341197,1.3452819908650908,0.162085037845282,0.3324050286834884,True,-0.005199783137223246,62.33099570135207,872.5952148384274
644,rule,0.005558180476460824,0.2145328002355718,0.6990824002261093,0.12536555385306117,0.46287814842778474,True,0.0023171726777622137,61.60432314698994,1216.4129388577276
644,mpc,0.005558180476460824,0.2145328002355718,0.6990824002261093,0.12536555385306117,0.46287814842778474,True,-0.005350883279211294,62.38412470581261,1215.0729898576308
645,rule,0.005027893089029631,0.44527664498286096,0.8243907583194197,0.07516435201623275,0.5225125534128575,True,-0.0029337635373081206,68.10167601381255,1369.649514604528
645,mpc,0.005027893089029631,0.44527664498286096,0.8243907583194197,0.07516435201623275,0.5225125534128575,True,-0.009179236492625087,68.96372254563298,1368.2093942470096
646,rule,0.004622832576909538,0.33743147538062096,0.9023999307045552,0.1770195269051077,0.5749400810299305,True,0.002032753807577725,74.06886156584328,1504.1082250424313
646,mpc,0.004622832576909538,0.33743147538062096,0.9023999307045552,0.1770195269051077,0.5749400810299305,True,-0.005383589838757086,75.00644209199321,1502.586244990779
647,rule,0.00614042004304029,0.21715253481849506,0.9900430674677568,0.14624776364986486,0.5918312450612653,True,0.004643076943405933,55.76295168427071,1559.5423940524377
647,mpc,0.00614042004304029,0.21715253481849506,0.9900430674677568,0.14624776364986486,0.5918312450612653,True,-0.0044641870546024975,56.468811832172875,1557.7420117988554
648,rule,0.004391417158271798,0.48820119423585795,0.7664276111171221,0.14328407483447742,0.4322959612999162,True,-0.002922974905149589,77.9720836897068,1129.6468084651642
648,mpc,0.004391417158271798,0.48820119423585795,0.7664276111171221,0.14328407483447742,0.4322959612999162,True,-0.008124439882135404,78.95907209084235,1128.5298609271279
649,rule,0.0035881472304593867,0.496585883282335,0.9983918367052349,0.12770333922623445,0.18269846462161607,True,0.0018350957852030225,95.42750734265299,475.4934652414855
649,mpc,0.0035881472304593867,0.496585883282335,0.9983918367052349,0.12770333922623445,0.18269846462161607,True,-0.00638503505822996,96.63545047357267,475.06291614106317
650,rule,0.0048088057304863045,0.14033864983445293,0.7560806800319545,0.058079472468677965,0.45055815228535456,True,0.008733529316125255,71.20436244916804,1179.7828160439183
650,mpc,0.0048088057304863045,0.14033864983445293,0.7560806800319545,0.058079472468677965,0.45055815228535456,True,-0.003596470361958204,72.10568349282842,1178.5674141977838
651,rule,0.0032049364592450723,0.24124035208756284,0.8875979686314277,0.13043900016251808,0.39556695319915713,True,0.007465886868125549,106.83767074178995,1027.4840753382073
651,mpc,0.0032049364592450723,0.24124035208756284,0.8875979686314277,0.13043900016251808,0.39556695319915713,True,-0.003258818722424728,108.19004632079995,1026.5962813368283
652,rule,0.003987122303205677,0.1617522296869057,1.091152743668494,0.17394761395285957,0.3695107180348114,True,0.009390829240108256,85.87846575608793,963.6368781584314
652,mpc,0.003987122303205677,0.1617522296869057,1.091152743668494,0.17394761395285957,0.3695107180348114,True,-0.002008501415354802,86.96553494287386,962.7238939563554
653,rule,0.005834871487638303,0.37288759823108664,0.7025710076301356,0.07196371930021765,0.37713798943159516,True,-0.00450811863979661,58.683031306962796,992.3866513816066
653,mpc,0.005834871487638303,0.37288759823108664,0.7025710076301356,0.07196371930021765,0.37713798943159516,True,-0.009770888676347456,59.4258544880636,991.2682731582988
654,rule,0.003935296254600969,0.16410367372647647,0.9755764105633946,0.14950890604715142,0.3035563798776716,True,0.008970982954069506,87.00944580242347,791.4301552977436
654,mpc,0.003935296254600969,0.16410367372647647,0.9755764105633946,0.14950890604715142,0.3035563798776716,True,-0.0023196255037183366,88.11083119232758,790.6845864603455
655,rule,0.0048948954887683156,0.2524790116541261,0.8470154023981296,0.11575511870087228,0.3396780404426617,True,0.003890201326721021,69.95204432185783,889.8165543048564
655,mpc,0.0048948954887683156,0.2524790116541261,0.8470154023981296,0.11575511870087228,0.3396780404426617,True,-0.005099470091292746,70.83751323732439,888.8924041416595
656,rule,0.004394162717208286,0.10832124692446052,0.8944386232588627,0.12023591800705487,0.3449859451123093,True,0.010419562787226111,77.92336520453728,901.5063734361361
656,mpc,0.004394162717208286,0.10832124692446052,0.8944386232588627,0.12023591800705487,0.3449859451123093,True,-0.0018074183455460968,78.90973691598714,900.6147522825624
657,rule,0.004167370321705787,0.24603270325725707,1.207599992274563,0.16039594884641262,0.27489520672713463,True,0.007967293859572844,82.16403145114033,717.5387126783569
657,mpc,0.004167370321705787,0.24603270325725707,1.207599992274563,0.16039594884641262,0.27489520672713463,True,-0.0031162380625455732,83.20408248216745,716.8455664126228
658,rule,0.005128682818440946,0.09200341486537125,0.8473922360722874,0.09563249384972598,0.25547690648046417,True,0.010810893666772459,66.76333052806544,670.0009548071674
658,mpc,0.005128682818440946,0.09200341486537125,0.8473922360722874,0.09563249384972598,0.25547690648046417,True,-0.001882771403243444,67.6084359777878,669.290002308968
659,rule,0.0035325201105168053,0.4119524636092815,0.9622734353336435,0.059986402004145775,0.4992933575130132,True,0.003948842163840949,96.93021850372115,1299.0987339493138
659,mpc,0.0035325201105168053,0.4119524636092815,0.9622734353336435,0.059986402004145775,0.4992933575130132,True,-0.006359389355629297,98.15718329490751,1297.9301508183403
660,rule,0.006641311189725847,0.2540978276397063,1.2454177902353603,0.10941982884529862,0.2684681274959848,True,0.005234022229821278,51.557280844013235,709.0735714854625
660,mpc,0.006641311189725847,0.2540978276397063,1.2454177902353603,0.10941982884529862,0.2684681274959848,True,-0.004979779525986716,52.20990465216531,708.2239712434642
661,rule,0.003432970749484578,0.3037930871919121,1.1487964494809737,0.10183679072049298,0.40328553709359194,True,0.008192254867731896,99.74100310426233,1048.763939076918
661,mpc,0.003432970749484578,0.3037930871919121,1.1487964494809737,0.10183679072049298,0.40328553709359194,True,-0.003802078846181667,101.0035474473543,1047.8317594567409
662,rule,0.008674244977864523,0.11951133925084043,1.1702653817889193,0.08333612606492646,0.43859224160338817,False,,39.474092218396066,1168.7803047804798
662,mpc,0.008674244977864523,0.11951133925084043,1.1702653817889193,0.08333612606492646,0.43859224160338817,False,,39.97376427179349,1167.1902826292612
663,rule,0.004475686655748454,0.35195691789216715,0.95615554136407,0.17265364857423016,0.525478055668814,True,0.002503450134319185,76.50400318829367,1373.7156116702336
663,mpc,0.004475686655748454,0.35195691789216715,0.95615554136407,0.17265364857423016,0.525478055668814,True,-0.0053155675267129165,77.47240829194295,1372.3457111837172
664,rule,0.0036257973623780733,0.399313062005053,1.0289029642010368,0.11790068048179708,0.22097222060477253,True,0.00423520018406609,94.43659199878891,575.2155675634144
664,mpc,0.0036257973623780733,0.399313062005053,1.0289029642010368,0.11790068048179708,0.22097222060477253,True,-0.005347613994082234,95.63199189750779,574.692415451774
665,rule,0.003128498292259674,0.3077614052547252,1.2939117391920947,0.1533066328800063,0.553351784851943,True,0.008897666081122746,109.44802080549205,1436.7608090058852
665,mpc,0.003128498292259674,0.3077614052547252,1.2939117391920947,0.1533066328800063,0.553351784851943,True,-0.0029696532927658836,110.83343879037172,1435.5314491858844
666,rule,0.002282592579898792,0.0950311057821297,1.081140905304344,0.12859491379795734,0.2473443330137778,True,0.013484942298484293,150.00834980212068,639.3648302483228
666,mpc,0.002282592579898792,0.0950311057821297,1.081140905304344,0.12859491379795734,0.2473443330137778,True,-0.0007324892534295024,151.90718967303363,638.8791707847807
667,rule,0.008516983425035193,0.27753225676158366,0.7768642365555193,0.103605027473196,0.4792692339540038,False,,40.20296026110539,1276.3269257172985
667,mpc,0.008516983425035193,0.27753225676158366,0.7768642365555193,0.103605027473196,0.4792692339540038,False,,40.71185849225862,1274.6055485881134
668,rule,0.004203473249249923,0.2902978030454848,1.2715732377544442,0.10156157341656756,0.3506000352337716,True,0.008036633776087987,81.45833834966909,915.3101606289415
668,mpc,0.004203473249249923,0.2902978030454848,1.2715732377544442,0.10156157341656756,0.3506000352337716,True,-0.003952669540969511,82.48945655662693,914.4225877542731
669,rule,0.0038511146967213365,0.20953578995777677,0.9338888325951569,0.08368159585662702,0.2980635965652668,True,0.008587814366596835,88.91138622090213,776.7797900500158
669,mpc,0.0038511146967213365,0.20953578995777677,0.9338888325951569,0.08368159585662702,0.2980635965652668,True,-0.003541171908933327,90.03684680597685,776.0548477943773
670,rule,0.0062257562373718356,0.24767085291569935,1.090802491630663,0.11569342550325334,0.5616602586557574,True,0.0045965651136737895,54.998611112620196,1480.6231555781187
670,mpc,0.0062257562373718356,0.24767085291569935,1.090802491630663,0.11569342550325334,0.5616602586557574,True,-0.005058010378289124,55.694796063412866,1478.902678017551
671,rule,0.006760941319271008,0.20926607053946422,1.0907239991114475,0.068081187703851,0.34786985984604646,True,0.005984108126906196,50.64501080717898,919.2874355779222
671,mpc,0.006760941319271008,0.20926607053946422,1.0907239991114475,0.068081187703851,0.34786985984604646,True,-0.005024309525548221,51.286086893345804,918.1765661423576
672,rule,0.0038633646057191157,0.46033350438196613,1.1776361037136378,0.16082419910850806,0.4540163450050432,True,0.003451462461073418,88.62946709049956,1183.2794331358089
672,mpc,0.0038633646057191157,0.46033350438196613,1.1776361037136378,0.16082419910850806,0.4540163450050432,True,-0.005414447080726914,89.7513590789869,1182.173601746482
673,rule,0.0032385788448138844,0.18693079933732704,0.7234267415234116,0.16454121580865116,0.24750663342981968,True,0.006631987040866427,105.72784007698313,643.009601781899
673,mpc,0.0032385788448138844,0.18693079933732704,0.7234267415234116,0.16454121580865116,0.24750663342981968,True,-0.0026881088979791024,107.06616716656521,642.4516436952875
674,rule,0.0025748836762480984,0.28632985642370457,0.6893934411527403,0.13973289695972055,0.6425599507144533,True,0.005421455789885621,132.9799669552882,1663.5526876316405
674,mpc,0.0025748836762480984,0.28632985642370457,0.6893934411527403,0.13973289695972055,0.6425599507144533,True,-0.0036660508207739806,134.66325767624124,1662.2327640266517
675,rule,0.0038782873329558246,0.3997833139676035,0.8954294703698121,0.13582177936651288,0.5837486337946158,True,0.0020876319089762063,88.28844198096533,1521.508538542755
675,mpc,0.0038782873329558246,0.3997833139676035,0.8954294703698121,0.13582177936651288,0.5837486337946158,True,-0.0059222962969947,89.40601719591429,1520.084242217768
676,rule,0.0030279613636272776,0.2882882063132683,0.7461100309868003,0.050695197960139944,0.6434380813810654,True,0.006381809012267259,113.0820063605446,1669.794454061154
676,mpc,0.0030279613636272776,0.2882882063132683,0.7461100309868003,0.050695197960139944,0.6434380813810654,True,-0.005123224735909426,114.51342416257683,1668.3842632273065
677,rule,0.002740269391719493,0.21072330905583364,0.651134382134098,0.051136226600518156,0.32224641120527164,True,0.008464667755620048,124.95411845852331,835.0072649167722
677,mpc,0.002740269391719493,0.21072330905583364,0.651134382134098,0.051136226600518156,0.32224641120527164,True,-0.003934032179718994,126.53581616052995,834.3290078623153
678,rule,0.0038403294181252536,0.11976742232488768,0.7298652105280116,0.06219084988000061,0.26411473165116517,True,0.010697174354793448,89.16108721431964,688.2686020489399
678,mpc,0.0038403294181252536,0.11976742232488768,0.7298652105280116,0.06219084988000061,0.26411473165116517,True,-0.00257119539797257,90.28970857146294,687.6270416952499
679,rule,0.004679183599532965,0.17140039731259776,0.8360889518685904,0.14604828808644127,0.24109295338799927,True,0.00665847296454225,73.17685636771323,630.9005515013793
679,mpc,0.004679183599532965,0.17140039731259776,0.8360889518685904,0.14604828808644127,0.24109295338799927,True,-0.00317803838846209,74.10314568882353,630.2586383229412
680,rule,0.0033721483646376835,0.3607790417239076,1.0498263344881988,0.1778300128051214,0.4243614702964319,True,0.005291157691123649,101.54000036649418,1103.228424455983
680,mpc,0.0033721483646376835,0.3607790417239076,1.0498263344881988,0.1778300128051214,0.4243614702964319,True,-0.004071549825086507,102.82531682682956,1102.2550863449344
681,rule,0.004094565936711832,0.3590583379408067,1.0427797762348445,0.0776783236839717,0.4480795284157466,True,0.004648459103440694,83.62496818311249,1169.1637427202543
681,mpc,0.004094565936711832,0.3590583379408067,1.0427797762348445,0.0776783236839717,0.4480795284157466,True,-0.005739557918017946,84.68351208416456,1168.043060046982
682,rule,0.0049327981190365015,0.0992291961857524,0.8026288729316334,0.05523938314093544,0.36945212486137724,True,0.011473931247527602,69.41454685927101,967.990361542708
682,mpc,0.0049327981190365015,0.0992291961857524,0.8026288729316334,0.05523938314093544,0.36945212486137724,True,-0.00237832405567584,70.29321200938837,966.981459732264
683,rule,0.004661381307071163,0.2920035252496186,0.8720887960704439,0.10460052016372393,0.28473189293760304,True,0.003347324951718633,73.45632627430875,745.0315379222104
683,mpc,0.004661381307071163,0.2920035252496186,0.8720887960704439,0.10460052016372393,0.28473189293760304,True,-0.005628429568108162,74.38615318917343,744.2748115601055
684,rule,0.005807228545003676,0.42134245682326193,0.8694029247290349,0.16479987790834888,0.24699808710001728,True,-0.0028292058843901735,58.96236793982876,649.857158877621
684,mpc,0.005807228545003676,0.42134245682326193,0.8694029247290349,0.16479987790834888,0.24699808710001728,True,-0.007962938250569263,59.7087270276747,649.1264315229126
685,rule,0.004891730471431123,0.47117986341989265,0.6838683681967745,0.08129699517216858,0.27548593709150004,True,-0.00562628040645996,69.99730426296533,721.648595170577
685,mpc,0.004891730471431123,0.47117986341989265,0.6838683681967745,0.08129699517216858,0.27548593709150004,True,-0.01021315292182523,70.88334608907881,720.8993237733508
686,rule,0.004065154518058285,0.4847354961426583,0.947879879007887,0.05274198442608981,0.22056581610127993,True,0.00030522097201635123,84.22999535691297,575.4326729583314
686,mpc,0.004065154518058285,0.4847354961426583,0.947879879007887,0.05274198442608981,0.22056581610127993,True,-0.008198478462501102,85.2961978297853,574.8828446705852
687,rule,0.003647973442440988,0.2250074799256247,0.8625234513482958,0.09257207195088901,0.5369076069487076,True,0.0075497418355637835,93.86251067443787,1397.788666566431
687,mpc,0.003647973442440988,0.2250074799256247,0.8625234513482958,0.09257207195088901,0.5369076069487076,True,-0.00378077015038647,95.05064372094976,1396.5140987311256
688,rule,0.0036563184337480657,0.21900150181105604,0.6736967683326653,0.10515591669929916,0.18277496179090444,True,0.005269225170515424,93.6482837547011,475.8576881824135
688,mpc,0.0036563184337480657,0.21900150181105604,0.6736967683326653,0.10515591669929916,0.18277496179090444,True,-0.004230741255113024,94.83370506805176,475.42335768768754
689,rule,0.004786688845491788,0.19096451569935557,1.265614722384526,0.09189356058104237,0.6176134244668094,True,0.010311655280602516,71.53336204496992,1617.0414152384772
689,mpc,0.004786688845491788,0.19096451569935557,1.265614722384526,0.09189356058104237,0.6176134244668094,True,-0.0028955622164250627,72.43884764047588,1615.3790539249244
690,rule,0.004239075530228788,0.08509534882125139,0.9571730527592482,0.11977116351590886,0.636744779447201,True,0.01194006500803757,80.77420270987787,1662.641788867041
690,mpc,0.004239075530228788,0.08509534882125139,0.9571730527592482,0.11977116351590886,0.636744779447201,True,-0.001191610957864242,81.79666097202822,1661.0234951115413
691,rule,0.00277320327715354,0.21018373365347942,0.6511998937855452,0.17998388730046933,0.3977114240237568,True,0.0057445138557670195,123.47019383758847,1030.7313135137479
691,mpc,0.00277320327715354,0.21018373365347942,0.6511998937855452,0.17998388730046933,0.3977114240237568,True,-0.0027095857572920767,125.0331076836339,1029.8902343513414
692,rule,0.0052447071521603125,0.12655459173619663,1.31598723820216,0.1401904017954002,0.2932546915188924,True,0.011441342454275194,65.28638039211476,769.5037157131936
692,mpc,0.0052447071521603125,0.12655459173619663,1.31598723820216,0.1401904017954002,0.2932546915188924,True,-0.0016578112288752056,66.11279027049598,768.6786788850194
693,rule,0.005497238490710922,0.15573993395473124,1.3439160264155028,0.07934094207254597,0.16857615499961656,True,0.011571327788376884,62.28726418906045,442.8789013178252
693,mpc,0.005497238490710922,0.15573993395473124,1.3439160264155028,0.07934094207254597,0.16857615499961656,True,-0.002464213055446862,63.07571057120046,442.3935523967356
694,rule,0.005236479955262786,0.24967427888554994,1.0917652964683051,0.05338519637798576,0.25743543319542983,True,0.006764517097058498,65.38895385955885,675.4869308521457
694,mpc,0.005236479955262786,0.24967427888554994,1.0917652964683051,0.05338519637798576,0.25743543319542983,True,-0.005051575097992256,66.21666213626213,674.7632228037614
695,rule,0.0032832201551812805,0.4409440343673759,1.053625374121667,0.05005256848611456,0.2899310037453967,True,0.005093135739680843,104.29027905449043,753.3995103036457
695,mpc,0.0032832201551812805,0.4409440343673759,1.053625374121667,0.05005256848611456,0.2899310037453967,True,-0.006114047863293726,105.61040916910426,752.7420924014674
696,rule,0.002633289421107539,0.26695827259584015,0.9013544272801838,0.1607448025862416,0.22508336659044256,True,0.007565906195958538,130.0305023202384,582.9086707148197
696,mpc,0.002633289421107539,0.26695827259584015,0.9013544272801838,0.1607448025862416,0.22508336659044256,True,-0.002829935707342024,131.67645804581107,582.4422766460436
697,rule,0.006688225170914311,0.45957173936053747,0.995586325458856,0.06653755070920858,0.22213606195720573,True,-0.004633085400216341,51.19563672440986,586.8272724483313
697,mpc,0.006688225170914311,0.45957173936053747,0.995586325458856,0.06653755070920858,0.22213606195720573,True,-0.010231960066609647,51.84368275889607,586.1217878120984
698,rule,0.0027824830984716567,0.3939844859459371,1.0765992160638718,0.16044705063274006,0.6002683585080811,True,0.006362021849046773,123.05841008315868,1555.7651496225155
698,mpc,0.0027824830984716567,0.3939844859459371,1.0765992160638718,0.16044705063274006,0.6002683585080811,True,-0.003839879585823658,124.61611147661641,1554.494010906161
699,rule,0.005429420588295507,0.25533397046771217,1.2030059528334398,0.15025636677146292,0.5843470991385188,True,0.00606832793196832,63.06528304683751,1534.686741958653
699,mpc,0.005429420588295507,0.25533397046771217,1.2030059528334398,0.15025636677146292,0.5843470991385188,True,-0.004095531264991292,63.863577768949376,1533.014600851108
700,rule,0.003051035871839369,0.052551139057217616,0.906925058433751,0.1499584902075164,0.3765966796666501,True,0.012425852414658323,112.22678479186698,977.4282656484227
700,mpc,0.003051035871839369,0.052551139057217616,0.906925058433751,0.1499584902075164,0.3765966796666501,True,-0.00042952266105467096,113.64737700442228,976.6002977610225
701,rule,0.003192794612518745,0.4251182496482237,1.341759036500099,0.1508064103653682,0.35528694864458,True,0.0069605586534730035,107.24396265222427,922.7989099862684
701,mpc,0.003192794612518745,0.4251182496482237,1.341759036500099,0.1508064103653682,0.35528694864458,True,-0.004043478379114562,108.60148116680939,922.0027972762006
702,rule,0.004623950541858198,0.31370288066728597,0.9932119126881993,0.16059554383978308,0.6154030405526105,True,0.003675079376990076,74.05095341776337,1609.9727262985816
702,mpc,0.004623950541858198,0.31370288066728597,0.9932119126881993,0.16059554383978308,0.6154030405526105,True,-0.004911211778222402,74.98830725849457,1608.343445494298
703,rule,0.006901137983547504,0.30858761522156763,0.913165810992823,0.11857120681165678,0.2875144650945075,True,-0.0007005088115139557,49.616157074020656,760.2727641733081
703,mpc,0.006901137983547504,0.30858761522156763,0.913165810992823,0.11857120681165678,0.2875144650945075,True,-0.007412080959834588,50.2442096952108,759.3450280057348
704,rule,0.009379852745068674,0.1910748372913757,0.9992581545088972,0.06975119848460104,0.17222072475804398,False,,36.50461851452831,460.2953623755285
704,mpc,0.009379852745068674,0.1910748372913757,0.9992581545088972,0.06975119848460104,0.17222072475804398,False,,36.96670229319323,459.6457216076167
705,rule,0.0040361798863654975,0.3988360442294094,1.2421626247234476,0.15345751209112626,0.3900113614067948,True,0.004939835681833649,84.83465946051153,1017.3503229143481
705,mpc,0.0040361798863654975,0.3988360442294094,1.2421626247234476,0.15345751209112626,0.3900113614067948,True,-0.004818275978158759,85.90851590937878,1016.3812830161443
706,rule,0.005678510269366788,0.45321900283881983,0.7264367813390475,0.08506337550646448,0.5751862589654368,True,-0.006224535979238777,60.29890410312934,1512.4110247628118
706,mpc,0.005678510269366788,0.45321900283881983,0.7264367813390475,0.08506337550646448,0.5751862589654368,True,-0.010486909741751926,61.06218137025757,1510.7282167357298
707,rule,0.005388571700899924,0.499075727672997,0.9300024052542987,0.14724704248485887,0.5558948689260179,True,-0.003339357449967606,63.54335901738098,1459.6778542763238
707,mpc,0.005388571700899924,0.499075727672997,0.9300024052542987,0.14724704248485887,0.5558948689260179,True,-0.008568262622726808,64.34770533405668,1458.0930274727766
708,rule,0.0047418610269655955,0.4796045028819497,1.1093058872435866,0.10670944415348713,0.531921315611036,True,0.0005337300601410133,72.2096122669998,1392.3769912661423
708,mpc,0.0047418610269655955,0.4796045028819497,1.1093058872435866,0.10670944415348713,0.531921315611036,True,-0.007388311945198289,73.12365799189854,1390.9517147356055
709,rule,0.005658281471049951,0.4550527392957223,1.1630302018177305,0.07548955161561899,0.2793104951597528,True,-0.0002776823548864549,60.51447739619886,734.3568385214414
709,mpc,0.005658281471049951,0.4550527392957223,1.1630302018177305,0.07548955161561899,0.2793104951597528,True,-0.008183793773328896,61.280483439188735,733.5411112205866
710,rule,0.0058032264280908465,0.19712064147232827,1.3019610443944014,0.1555692180224685,0.3977763111995902,True,0.00817027173748186,59.00303054241311,1046.5381769638473
710,mpc,0.0058032264280908465,0.19712064147232827,1.3019610443944014,0.1555692180224685,0.3977763111995902,True,-0.003063446720695584,59.74990434674745,1045.36178591555
711,rule,0.004413086266250109,0.41643821423165206,1.0707823350702126,0.09217095380812806,0.33291785556581044,True,0.0025323508565805453,77.589225662732,870.0518244044364
711,mpc,0.004413086266250109,0.41643821423165206,1.0707823350702126,0.09217095380812806,0.33291785556581044,True,-0.006567941796007837,78.57136775972863,869.1896555761124
712,rule,0.005144290610713164,0.06183522153344968,1.169833369061799,0.10218794341170692,0.22016534532956375,True,0.014220629648008187,66.56077039429046,577.4379805127154
712,mpc,0.005144290610713164,0.06183522153344968,1.169833369061799,0.10218794341170692,0.22016534532956375,True,-0.0006188379437175318,67.40331179168655,576.8243874962567
713,rule,0.005449260865329847,0.4187969523957025,0.9177274651991525,0.13162951247888316,0.3525875221701801,True,-0.0015912395494823706,62.83566792694866,926.0976472745257
713,mpc,0.005449260865329847,0.4187969523957025,0.9177274651991525,0.13162951247888316,0.3525875221701801,True,-0.007814645926732533,63.631056128555606,925.0868856008086
714,rule,0.005818023275689252,0.23131806208902356,0.8631524288056477,0.051603197419504414,0.6449426759098801,True,0.003956038135770501,58.85296946334726,1696.9436887478796
714,mpc,0.005818023275689252,0.23131806208902356,0.8631524288056477,0.051603197419504414,0.6449426759098801,True,-0.006164508365634758,59.59794376035166,1695.03390455284
715,rule,0.0039023522846471717,0.10204400618755319,1.2785596782034476,0.13577863016567526,0.6000538132830309,True,0.013046227001732746,87.74398649970723,1564.1968016800406
715,mpc,0.0039023522846471717,0.10204400618755319,1.2785596782034476,0.13577863016567526,0.6000538132830309,True,-0.000995353844240876,88.85466987312127,1562.728614796321
716,rule,0.003001107960920736,0.1083683936754935,0.6941758337858319,0.15625689136210946,0.4820147037668323,True,0.008977695494937765,114.0938448865841,1250.7075970739154
716,mpc,0.003001107960920736,0.1083683936754935,0.6941758337858319,0.15625689136210946,0.4820147037668323,True,-0.0014739161318626515,115.53807077122441,1249.6550681211272
717,rule,0.004643467834758595,0.10501834925033637,0.7456573659633254,0.12015923660711497,0.37507573915690484,True,0.00896861146711636,73.73970454109633,981.3397843729366
717,mpc,0.004643467834758595,0.10501834925033637,0.7456573659633254,0.12015923660711497,0.37507573915690484,True,-0.002146093650774894,74.67311852262921,980.3447789091011
718,rule,0.0060464056314615535,0.17482458424956304,1.0536469402248618,0.10428886232115353,0.1974568868610642,True,0.0075972741686825,56.62999921796767,520.0941456315983
718,mpc,0.0060464056314615535,0.17482458424956304,1.0536469402248618,0.10428886232115353,0.1974568868610642,True,-0.0036582145324333126,57.34683465110652,519.4980964382222
719,rule,0.00426720704662503,0.23700545990210986,0.7700423638006413,0.07220791089104818,0.47385373985677615,True,0.005157407633247457,80.24169965035946,1237.4804838765622
719,mpc,0.00426720704662503,0.23700545990210986,0.7700423638006413,0.07220791089104818,0.47385373985677615,True,-0.005144438527503681,81.25741736745263,1236.2724691243343
720,rule,0.0029249667317109342,0.4859241968298147,0.8393366649969702,0.1073369110109334,0.6185377727448377,True,0.0022819312200103026,117.06387716105561,1604.3131090610475
720,mpc,0.0029249667317109342,0.4859241968298147,0.8393366649969702,0.1073369110109334,0.6185377727448377,True,-0.0062160951048542135,118.5456983909424,1602.9766226729168
721,rule,0.002871027776242176,0.24827991368606944,1.3417176394581012,0.14841133307430124,0.5321464697363812,True,0.010802101110971796,119.26319522737367,1379.8488703366927
721,mpc,0.002871027776242176,0.24827991368606944,1.3417176394581012,0.14841133307430124,0.5321464697363812,True,-0.002167366944223259,120.77285592645437,1378.7077114126498
722,rule,0.004941511601020294,0.10970446941752025,0.9248980916802672,0.16309377157604538,0.48269458608500027,True,0.009219497892397288,69.29214657929462,1264.7469303942542
722,mpc,0.004941511601020294,0.10970446941752025,0.9248980916802672,0.16309377157604538,0.48269458608500027,True,-0.001784445323204098,70.16926235877938,1263.4276618128479
723,rule,0.006503593896574689,0.32041690274322737,1.0650015242900348,0.05463342963211051,0.39127466169652103,True,0.0014169781308054352,52.6490355373392,1032.7789416604878
723,mpc,0.006503593896574689,0.32041690274322737,1.0650015242900348,0.05463342963211051,0.39127466169652103,True,-0.007495483992580931,53.31547902515363,1031.5537457319672
724,rule,0.004342189364500665,0.4852367304457826,0.7045714434795067,0.05023765291509771,0.4521531715946713,True,-0.004455164403085021,78.8560602585693,1181.2483956864778
724,mpc,0.004342189364500665,0.4852367304457826,0.7045714434795067,0.05023765291509771,0.4521531715946713,True,-0.010265926041491014,79.85423823652587,1180.0862954155627
725,rule,0.003510289140971693,0.29712969239112486,0.7727746933686873,0.06731015170430929,0.4849165898703305,True,0.004868934808461733,97.54408609383107,1261.548849266928
725,mpc,0.003510289140971693,0.29712969239112486,0.7727746933686873,0.06731015170430929,0.4849165898703305,True,-0.0054758287683913665,98.7788213608416,1260.4170489569765
726,rule,0.004840047088408138,0.49827426526499025,1.2757131886456872,0.09273324933985172,0.21913666477343433,True,0.0015458510743332488,70.74475514943781,573.8948152884142
726,mpc,0.004840047088408138,0.49827426526499025,1.2757131886456872,0.09273324933985172,0.21913666477343433,True,-0.007231815686034482,71.64025837917755,573.3018423733745
727,rule,0.0035892439298954664,0.21471464668695206,1.2386685466990761,0.15091243590572775,0.1919764298151643,True,0.009867919240092005,95.39834930950359,499.6432147323215
727,mpc,0.0035892439298954664,0.21471464668695206,1.2386685466990761,0.15091243590572775,0.1919764298151643,True,-0.0023725659576270264,96.60592335139606,499.190740111897
728,rule,0.005633615400240169,0.30255020813138406,0.7598637349140599,0.09918986956167075,0.560381992232167,True,-0.00039854165812958087,60.7794323635557,1473.172093974466
728,mpc,0.005633615400240169,0.30255020813138406,0.7598637349140599,0.09918986956167075,0.560381992232167,True,-0.007336411128068043,61.54879226689186,1471.539034772506
729,rule,0.004132037381620314,0.15674885878794995,1.003160018127145,0.1402001257461165,0.41990530534340886,True,0.009375824542335542,82.8666138656551,1095.854608067891
729,mpc,0.004132037381620314,0.15674885878794995,1.003160018127145,0.1402001257461165,0.41990530534340886,True,-0.002289449556731382,83.9155583449672,1094.799975092497
730,rule,0.0033789005897800536,0.3327711360365802,1.2483472544134322,0.08117313818338509,0.1695774328049751,True,0.008711085677837183,101.33708793234187,440.8721070065446
730,mpc,0.0033789005897800536,0.3327711360365802,1.2483472544134322,0.08117313818338509,0.1695774328049751,True,-0.003997821573227034,102.61983588085255,440.48281933929593
731,rule,0.0035856679889475574,0.07853106217696529,0.9819903012443352,0.1481942897856368,0.44174600008959386,True,0.0119482294576716,95.49348886640354,1149.6795113040712
731,mpc,0.0035856679889475574,0.07853106217696529,0.9819903012443352,0.1481942897856368,0.44174600008959386,True,-0.0008423321266819439,96.7022672064846,1148.638805282756
732,rule,0.0053267409698190575,0.31947189388102193,1.1596891833098324,0.131749822886558,0.36394462048737064,True,0.004067248743920726,64.28094553897826,955.3698225261714
732,mpc,0.0053267409698190575,0.31947189388102193,1.1596891833098324,0.131749822886558,0.36394462048737064,True,-0.005293860132148165,65.09462839390206,954.3380973558214
733,rule,0.005283461574589544,0.48883598740580725,0.6955562092082657,0.07211278093058486,0.5918787899381811,True,-0.0070551098107376475,64.80750192789729,1553.385060531025
733,mpc,0.005283461574589544,0.48883598740580725,0.6955562092082657,0.07211278093058486,0.5918787899381811,True,-0.011086941223355629,65.62785005356689,1551.7138719603172
734,rule,0.004651824124231883,0.3760866795849425,1.1083191138249942,0.08561875304765004,0.5019596105003349,True,0.003525034252048642,73.60724245732787,1313.3696808199627
734,mpc,0.004651824124231883,0.3760866795849425,1.1083191138249942,0.08561875304765004,0.5019596105003349,True,-0.0061932400053301695,74.53897970362317,1312.0369360347645
735,rule,0.009497934936829731,0.39402705715139613,0.8874420655282149,0.16695870144705666,0.4375868530111464,False,,36.05077824374672,1170.1091870389628
735,mpc,0.009497934936829731,0.39402705715139613,0.8874420655282149,0.16695870144705666,0.4375868530111464,False,,36.50711720885744,1168.44806667523
736,rule,0.0027380509325086997,0.4937302711553785,0.8291105485010747,0.10278621826357431,0.1888996246150609,True,0.002651022173946971,125.05536040830941,489.47237722275275
736,mpc,0.0027380509325086997,0.4937302711553785,0.8291105485010747,0.10278621826357431,0.1888996246150609,True,-0.006099995154611015,126.63833965398423,489.07491313931405
737,rule,0.004635091473092241,0.07282344192581058,0.742158329942755,0.07098490989456605,0.2749552408954644,True,0.01211604176970138,73.87296414082421,719.3572174176027
737,mpc,0.004635091473092241,0.07282344192581058,0.742158329942755,0.07098490989456605,0.2749552408954644,True,-0.001575824706928186,74.80806495273339,718.6284392265349
738,rule,0.003770924272658575,0.23878146155032287,0.6990461275908149,0.08480539094961292,0.19873654272161886,True,0.0049805157671708455,90.80212738925644,517.7148889809848
738,mpc,0.003770924272658575,0.23878146155032287,0.6990461275908149,0.08480539094961292,0.19873654272161886,True,-0.004854786058998473,91.95152140684198,517.2360817793922
739,rule,0.005186995251354551,0.28427486538820085,0.7445619337984605,0.08024902917877441,0.4063904525340378,True,0.0009707879600502345,66.01277417629512,1066.0780842224563
739,mpc,0.005186995251354551,0.28427486538820085,0.7445619337984605,0.08024902917877441,0.4063904525340378,True,-0.006966036161176747,66.84837891270394,1064.9409152131886
740,rule,0.0036737783237868332,0.1976641030393257,0.7384460165080751,0.14350610551010978,0.41142967875410386,True,0.00615842683004475,93.20321369533208,1071.2591604751926
740,mpc,0.0036737783237868332,0.1976641030393257,0.7384460165080751,0.14350610551010978,0.41142967875410386,True,-0.0032832765253296703,94.38300121046288,1070.2794039761122
741,rule,0.004741642872061655,0.32947118466860736,0.7809971104465554,0.1507775378891425,0.4910117473016571,True,0.000692341776429628,72.21293450814126,1285.2892169128845
741,mpc,0.004741642872061655,0.32947118466860736,0.7809971104465554,0.1507775378891425,0.4910117473016571,True,-0.006121262145061923,73.12702228672534,1283.9735860153658
742,rule,0.003977572011226305,0.46447772913600277,1.1570106117026557,0.10195173627072454,0.5200748121041671,True,0.0032359645463774234,86.0846630091851,1356.2237948151508
742,mpc,0.003977572011226305,0.46447772913600277,1.1570106117026557,0.10195173627072454,0.5200748121041671,True,-0.006226089996798523,87.1743422877824,1354.9402030432468
743,rule,0.003528239237420981,0.1337451861734204,0.9124835799591778,0.0813214350600831,0.4504756006745614,True,0.01158263735752485,97.0478255979805,1172.055415904216
743,mpc,0.003528239237420981,0.1337451861734204,0.9124835799591778,0.0813214350600831,0.4504756006745614,True,-0.0020922945757979594,98.27627908656255,1171.0016498627917
744,rule,0.006808728791520422,0.19877426944010484,0.9522998057122469,0.13091840153883633,0.4332757034390218,True,0.004343557572361267,50.28955575490352,1145.2302880460925
744,mpc,0.006808728791520422,0.19877426944010484,0.9522998057122469,0.13091840153883633,0.4332757034390218,True,-0.004703171954543617,50.926132410028885,1143.8417416703905
745,rule,0.006057912533349615,0.3138946278209763,0.9982291916459449,0.05791418280891,0.2720947907934341,True,0.001667155803567022,56.52243149701845,716.7259852586928
745,mpc,0.006057912533349615,0.3138946278209763,0.9982291916459449,0.05791418280891,0.2720947907934341,True,-0.007299848637002615,57.23790531343642,715.9038498446381
746,rule,0.005585722272680319,0.11374373206080446,0.6854821556824022,0.14160192685811374,0.6100113694300007,True,0.006576791926682368,61.30056767338668,1603.2782785545392
746,mpc,0.005585722272680319,0.11374373206080446,0.6854821556824022,0.14160192685811374,0.6100113694300007,True,-0.002774264037726848,62.07652422621437,1601.5080852224742
747,rule,0.003378056420978157,0.13597575746803253,0.7494836941970635,0.1719794798551341,0.3874136013009918,True,0.008010076610654782,101.36241184569522,1007.2042430423028
747,mpc,0.003378056420978157,0.13597575746803253,0.7494836941970635,0.1719794798551341,0.3874136013009918,True,-0.0019138913552025905,102.64548035007113,1006.3149792284445
748,rule,0.005164055732009093,0.16405198468504903,0.7118071193961727,0.15442106882652984,0.6450342808785632,True,0.004877451799744192,66.30601293839409,1691.9224496455986
748,mpc,0.005164055732009093,0.16405198468504903,0.7118071193961727,0.15442106882652984,0.6450342808785632,True,-0.0036037997610418593,67.14532955786746,1690.121400055901
749,rule,0.006514853268064696,0.26373017517008596,1.249223273160524,0.17114083153733906,0.6161456139206202,True,0.004600714690033536,52.55804422482395,1626.4150159454566
749,mpc,0.006514853268064696,0.26373017517008596,1.249223273160524,0.17114083153733906,0.6161456139206202,True,-0.00459795327567547,53.22333592387236,1624.483997625583
750,rule,0.00652524521080332,0.10755185957793836,1.0446247007279335,0.15623228013362345,0.2955146124580532,True,0.009264107662209087,52.47434159474743,780.0952040631103
750,mpc,0.00652524521080332,0.10755185957793836,1.0446247007279335,0.15623228013362345,0.2955146124580532,True,-0.0019935322103266095,53.138573766832856,779.168307082879
751,rule,0.005619855110686533,0.16338104038629947,0.9057307359021787,0.14045341154462732,0.4695910126359323,True,0.0066542024409713685,60.92825160742513,1234.41404528531
751,mpc,0.005619855110686533,0.16338104038629947,0.9057307359021787,0.14045341154462732,0.4695910126359323,True,-0.0033575086801096443,61.69949529865838,1233.0472242425035
752,rule,0.0075094100922547015,0.244628233909228,0.6923279951035087,0.17987664775705414,0.3463175142207543,False,,45.59718299768272,918.2524041275996
752,mpc,0.0075094100922547015,0.244628233909228,0.6923279951035087,0.17987664775705414,0.3463175142207543,False,,46.17436252929897,917.0858738160725
753,rule,0.0043618037399480785,0.2580965568638017,1.2756206972928157,0.08294008052137669,0.6392874805503699,True,0.00900689363080509,78.50145641473979,1670.2983363670355
753,mpc,0.0043618037399480785,0.2580965568638017,1.2756206972928157,0.08294008052137669,0.6392874805503699,True,-0.0037361613017241613,79.49514573644537,1668.6518037523472
754,rule,0.003680614907918566,0.26062817414727457,1.03324853399818,0.14206652557915533,0.4493633444321937,True,0.007256884226489291,93.03009272839661,1170.0695041843132
754,mpc,0.003680614907918566,0.26062817414727457,1.03324853399818,0.14206652557915533,0.4493633444321937,True,-0.0034586607019451154,94.20768883888265,1168.998529510449
755,rule,0.006509269099316249,0.13259486662957914,1.1069349743594297,0.06342874565261684,0.5985392279363154,True,0.010402046716150526,52.60313269536676,1579.8997938158036
755,mpc,0.006509269099316249,0.13259486662957914,1.1069349743594297,0.06342874565261684,0.5985392279363154,True,-0.002962253426447514,53.26899513454863,1578.0247662691527
756,rule,0.005055937999901346,0.4320917265214418,1.1236644104729592,0.16442248879341725,0.3734728452679563,True,0.0010829254275495082,67.72392109789803,979.1079001269645
756,mpc,0.005055937999901346,0.4320917265214418,1.1236644104729592,0.16442248879341725,0.3734728452679563,True,-0.00641858621304614,68.58118592192207,978.0757741461199
757,rule,0.0034667597530233583,0.4205618699286618,0.9072096905737377,0.055137801614938954,0.5022015865413606,True,0.0032817895343572046,98.76887081158982,1306.2261575021842
757,mpc,0.0034667597530233583,0.4205618699286618,0.9072096905737377,0.055137801614938954,0.5022015865413606,True,-0.0067204448790101345,100.01910968262261,1305.0603822951452
758,rule,0.006990461900544686,0.3134552997085521,1.1011141719464725,0.15545757541618138,0.2929234767725609,True,0.0010714359022154785,48.982163275148274,774.8872689511957
758,mpc,0.006990461900544686,0.3134552997085521,1.1011141719464725,0.15545757541618138,0.2929234767725609,True,-0.00634858379055081,49.60219065837801,773.9358896089038
759,rule,0.00790100785221764,0.2664193287292773,1.311929268190553,0.10103771550298894,0.31737386932469935,False,,43.33724919474377,842.9531089095689
759,mpc,0.00790100785221764,0.2664193287292773,1.311929268190553,0.10103771550298894,0.31737386932469935,False,,43.88582196936079,841.8560064467006
760,rule,0.0035175195811599416,0.23687685710025486,0.7294865771049525,0.14703649841886887,0.4265952243412374,True,0.0051072365639509565,97.34357926964839,1109.8622279097808
760,mpc,0.0035175195811599416,0.23687685710025486,0.7294865771049525,0.14703649841886887,0.4265952243412374,True,-0.0037699442268985806,98.5757764755933,1108.8656530464864
761,rule,0.003713213090654416,0.10925226310917294,0.9991473970032323,0.09707167309414994,0.5693439669363909,True,0.012409378914211233,92.21338442519527,1482.7250196477733
761,mpc,0.003713213090654416,0.10925226310917294,0.9991473970032323,0.09707167309414994,0.5693439669363909,True,-0.0015051089726152433,93.38064245589395,1481.3627530878514
762,rule,0.0038297461166615083,0.11236889434516595,1.3194235639723682,0.16701666892125433,0.1920429048227921,True,0.012296671159917727,89.40747917767176,500.4265976826238
762,mpc,0.0038297461166615083,0.11236889434516595,1.3194235639723682,0.16701666892125433,0.1920429048227921,True,-0.0010279154845138638,90.53921942042712,499.9606868103487
763,rule,0.005238849720993324,0.058852264096567256,1.2595843587093842,0.0930538115170002,0.5508689203801364,True,0.0150226718331965,65.35937551502433,1445.4458672194835
763,mpc,0.005238849720993324,0.058852264096567256,1.2595843587093842,0.0930538115170002,0.5508689203801364,True,-0.0004799934875423517,66.18670938230312,1443.8969101058071
764,rule,0.006678269437396044,0.2748092632785333,0.9780446215638161,0.09736405067370649,0.5968648163508735,True,0.0017805814529525676,51.27195741217249,1576.6944921118477
764,mpc,0.006678269437396044,0.2748092632785333,0.9780446215638161,0.09736405067370649,0.5968648163508735,True,-0.0065497423847045155,51.92096953131392,1574.800330230539
765,rule,0.0033084595199730556,0.30166287451933094,0.9399254751915072,0.07988190539160257,0.5617451040226398,True,0.007011257825152661,103.49467603096795,1459.9112916158244
765,mpc,0.0033084595199730556,0.30166287451933094,0.9399254751915072,0.07988190539160257,0.5617451040226398,True,-0.004468806942000247,104.80473522123339,1458.6333578960703
766,rule,0.0028839157338971205,0.11817843828105891,1.1607245738033924,0.05855667874592765,0.5160864184568561,True,0.015130251471129341,118.73021883287731,1338.295679925237
766,mpc,0.0028839157338971205,0.11817843828105891,1.1607245738033924,0.05855667874592765,0.5160864184568561,True,-0.0012653944002163353,120.23313299531881,1337.1869516941406
767,rule,0.0038644794549712205,0.24716230450772952,1.1391328783190056,0.11914365714693866,0.29605641704157637,True,0.008508762111698154,88.60389870638686,771.6009425875155
767,mpc,0.0038644794549712205,0.24716230450772952,1.1391328783190056,0.11914365714693866,0.29605641704157637,True,-0.0033194081317513557,89.7254670444424,770.8797545225353
768,rule,0.0036660354580298504,0.33411000582883166,1.3247166824754388,0.1656612426000691,0.5453290742904338,True,0.007471680327860386,93.40006393860556,1419.8435576311908
768,mpc,0.0036660354580298504,0.33411000582883166,1.3247166824754388,0.1656612426000691,0.5453290742904338,True,-0.0035367448600176488,94.58234322896766,1418.5461571961753
769,rule,0.006419054895578742,0.46418721101251476,1.1503898229468341,0.11561641610374761,0.18792782993486204,True,-0.002107045200969271,53.34242372923524,495.8479622284518
769,mpc,0.006419054895578742,0.46418721101251476,1.1503898229468341,0.11561641610374761,0.18792782993486204,True,-0.008533252216947895,54.01764428276987,495.2633758702599
770,rule,0.004474261794035342,0.18467097266015686,1.0515192856749078,0.12080158434155217,0.35788746660203374,True,0.008808592402178128,76.5283664531317,935.5902505855986
770,mpc,0.004474261794035342,0.18467097266015686,1.0515192856749078,0.12080158434155217,0.35788746660203374,True,-0.0029351651805942236,77.49707995253844,934.6573921949447
771,rule,0.004771621388476452,0.12108283039096489,1.0870225975240873,0.10869231399446441,0.20303884989139107,True,0.01131542247934858,71.75924456372508,531.5592211446632
771,mpc,0.004771621388476452,0.12108283039096489,1.0870225975240873,0.10869231399446441,0.20303884989139107,True,-0.0018859070919881038,72.66758943162034,531.0135491792256
772,rule,0.003652385124137043,0.08805418619370825,1.3468366217710215,0.13756372470164668,0.24095174386584492,True,0.013847274498028916,93.7491350291502,627.3093720167869
772,mpc,0.003652385124137043,0.08805418619370825,1.3468366217710215,0.13756372470164668,0.24095174386584492,True,-0.0006957060396470816,94.9358329409116,626.7370686727362
773,rule,0.004778809132857104,0.14832381543525927,0.7192820383070437,0.15448234972262076,0.6102084048207729,True,0.006045344387329621,71.65131242152538,1597.592152515211
773,mpc,0.004778809132857104,0.14832381543525927,0.7192820383070437,0.15448234972262076,0.6102084048207729,True,-0.0030264354043481045,72.55829105977254,1595.9510190113524
774,rule,0.0035993046268801543,0.31026518184108975,0.6784585933089649,0.05961822528463981,0.4872881789514567,True,0.002864647083442695,95.13169394555507,1268.2948465039249
774,mpc,0.0035993046268801543,0.31026518184108975,0.6784585933089649,0.05961822528463981,0.4872881789514567,True,-0.006452520595482847,96.33589260309375,1267.1449241156777
775,rule,0.003731440562772329,0.14105639148311208,0.7570616060883146,0.0896089917206205,0.24180941741200399,True,0.009367212547410353,91.76293724126374,629.7950676298258
775,mpc,0.003731440562772329,0.14105639148311208,0.7570616060883146,0.0896089917206205,0.24180941741200399,True,-0.0026695342465836713,92.9244934088747,629.2152251197894
776,rule,0.003274339278004611,0.1824205944933499,1.0246406327233624,0.17029755302241784,0.4328573486268401,True,0.009238913465000387,104.573141971362,1124.7489002875298
776,mpc,0.003274339278004611,0.1824205944933499,1.0246406327233624,0.17029755302241784,0.4328573486268401,True,-0.0020588571791693155,105.89685262922735,1123.7685311485684
777,rule,0.004521277202803917,0.4941831543537696,1.2278599659310707,0.09713941589859809,0.3382643635729723,True,0.001923327771311989,75.7325708693188,884.4963518532858
777,mpc,0.004521277202803917,0.4941831543537696,1.2278599659310707,0.09713941589859809,0.3382643635729723,True,-0.006971615938022424,76.69121100690514,883.6102801379018
778,rule,0.005469087541376144,0.4071796460850872,1.332063057473989,0.11934858330427438,0.6230960248990934,True,0.0029369101792710017,62.60787445633493,1636.7628443002477
778,mpc,0.005469087541376144,0.4071796460850872,1.332063057473989,0.11934858330427438,0.6230960248990934,True,-0.006213418090583955,63.40037919628856,1634.9734182993789
779,rule,0.0027779270699976764,0.10149499454349792,1.0693365985508558,0.13435269281937964,0.182729961983518,True,0.01275531788041917,123.26023597929428,473.58501484264997
779,mpc,0.0027779270699976764,0.10149499454349792,1.0693365985508558,0.13435269281937964,0.182729961983518,True,-0.0009261037633223612,124.82049213093093,473.1983156349751
780,rule,0.002940177319534138,0.14197509981442186,1.117475858312523,0.07805149833003458,0.2382411145174765,True,0.013517662008497466,116.45826389662669,617.9795971261867
780,mpc,0.002940177319534138,0.14197509981442186,1.117475858312523,0.07805149833003458,0.2382411145174765,True,-0.0016006160874273423,117.9324191358245,617.4637338982432
781,rule,0.004226436933813067,0.24153621381202173,0.8538220798498397,0.16410101014512274,0.5629230377672001,True,0.004954644913120365,81.01574719873193,1469.789055170037
781,mpc,0.004226436933813067,0.24153621381202173,0.8538220798498397,0.16410101014512274,0.5629230377672001,True,-0.003903517838235171,82.04126298605766,1468.3603628532958
782,rule,0.004483994118847856,0.27272802456664436,1.0389267558762147,0.08980989118511058,0.584643796632072,True,0.00626732418645104,76.36226478128465,1528.450517237441
782,mpc,0.004483994118847856,0.27272802456664436,1.0389267558762147,0.08980989118511058,0.584643796632072,True,-0.0046887657443366315,77.3288757278832,1526.9250403477208
783,rule,0.005019906305970204,0.13580820929386272,1.2508172473586074,0.17362171542368943,0.4142364280960479,True,0.010292106305020532,68.21002730149671,1085.7860288646648
783,mpc,0.005019906305970204,0.13580820929386272,1.2508172473586074,0.17362171542368943,0.4142364280960479,True,-0.0017462324522907746,69.07344536860427,1084.6452124868513
784,rule,0.007037401603581265,0.21446807800920226,0.9831810554673708,0.17747306297640697,0.646479517609996,True,0.003400176503812302,48.655450615030276,1710.529804064005
784,mpc,0.007037401603581265,0.21446807800920226,0.9831810554673708,0.17747306297640697,0.646479517609996,True,-0.0046637441821524295,49.27134239496738,1708.422969478462
785,rule,0.004931806846650688,0.2790897874771969,1.2361836435325535,0.13631014072112918,0.5047950080617907,True,0.006469536103306028,69.42849889056802,1322.5918091315698
785,mpc,0.004931806846650688,0.2790897874771969,1.2361836435325535,0.13631014072112918,0.5047950080617907,True,-0.004155066690092024,70.30734064867649,1321.213445984998
786,rule,0.004938576023452604,0.364705629782891,1.3461928044418585,0.06883441274064116,0.30491388422250953,True,0.005569178926601914,69.33333506564158,798.9180399704367
786,mpc,0.004938576023452604,0.364705629782891,1.3461928044418585,0.06883441274064116,0.30491388422250953,True,-0.005623354433860417,70.21097221837123,798.084908814007
787,rule,0.00460088908838719,0.1959434513656933,0.7578162901959803,0.17615217431066488,0.1574518839140895,True,0.004697495154933895,74.42212572466333,411.8675796459883
787,mpc,0.00460088908838719,0.1959434513656933,0.7578162901959803,0.17615217431066488,0.1574518839140895,True,-0.003579380302186852,75.36417794902616,411.45171462980073
788,rule,0.0031587833623428173,0.14783253551649508,1.0517487865496198,0.1187017774736254,0.6382040784058964,True,0.011546074739432144,108.39867977752827,1657.3373414488383
788,mpc,0.0031587833623428173,0.14783253551649508,1.0517487865496198,0.1187017774736254,0.6382040784058964,True,-0.001719148348989341,109.77081496458561,1655.9137214341288
789,rule,0.0033115618699887882,0.1703722007935773,1.008767227599433,0.15934896761947054,0.4352126091357522,True,0.009578917466161352,103.39771975401517,1131.0858824985226
789,mpc,0.0033115618699887882,0.1703722007935773,1.008767227599433,0.15934896761947054,0.4352126091357522,True,-0.0019948418482140795,104.70655164963561,1130.0954044748592
790,rule,0.004378122972841731,0.3426224640438833,1.0804318294943773,0.09889165206742856,0.39967461155438744,True,0.004669996646642693,78.20884618938298,1044.3341904291208
790,mpc,0.004378122972841731,0.3426224640438833,1.0804318294943773,0.09889165206742856,0.39967461155438744,True,-0.005414416687570256,79.19883158418533,1043.3029958390591
791,rule,0.0060774542621343216,0.2523109883104811,0.8356403820849826,0.11009025618866855,0.5144186205466381,True,0.0018400150334026977,56.34068664482783,1355.1552566591035
791,mpc,0.0060774542621343216,0.2523109883104811,0.8356403820849826,0.11009025618866855,0.5144186205466381,True,-0.006131329424846399,57.05385989349654,1353.5984303628304
792,rule,0.00496198236641278,0.4321597712419155,0.7413401346014202,0.11237239340029351,0.476716520395683,True,-0.003426344475067511,69.00628033241559,1249.2071936399434
792,mpc,0.00496198236641278,0.4321597712419155,0.7413401346014202,0.11237239340029351,0.476716520395683,True,-0.008712763846919103,69.87977755181326,1247.9016590471906
793,rule,0.003957261176262946,0.2330450916336116,0.6732057832508438,0.14134072024116442,0.2434492412220687,True,0.003799043007637448,86.52649671825232,634.7893521261967
793,mpc,0.003957261176262946,0.2330450916336116,0.6732057832508438,0.14134072024116442,0.2434492412220687,True,-0.004341649017872706,87.62176882860994,634.1898973189417
794,rule,0.0040273974583028395,0.35964842493120314,1.1363503817770413,0.14057467838525511,0.43500996421847704,True,0.005078822086942658,85.01965592575884,1134.6798720344198
794,mpc,0.0040273974583028395,0.35964842493120314,1.1363503817770413,0.14057467838525511,0.43500996421847704,True,-0.004745593090634603,86.0958541020343,1133.6001041067677
795,rule,0.005584905713967653,0.4696309037090997,0.7113566214558626,0.13135716854300164,0.19121925524764857,True,-0.006161687962026319,61.30953031576396,502.5750488784742
795,mpc,0.005584905713967653,0.4696309037090997,0.7113566214558626,0.13135716854300164,0.19121925524764857,True,-0.009792565373354822,62.08560031976098,502.0201894193959
796,rule,0.0026634159692253017,0.4664383678200476,0.7373288792257692,0.13631263929551468,0.36260512642316445,True,0.002076386468067626,128.55969557048877,939.2044947224618
796,mpc,0.0026634159692253017,0.4664383678200476,0.7373288792257692,0.13631263929551468,0.36260512642316445,True,-0.005630836533575989,130.1870334891026,938.4497976003139
797,rule,0.005187970998326182,0.49922783561954914,0.8203915802696853,0.1303267818734425,0.5836684890635464,True,-0.0044404832976983055,66.00035857788251,1531.1361188427195
797,mpc,0.005187970998326182,0.49922783561954914,0.8203915802696853,0.1303267818734425,0.5836684890635464,True,-0.009152245863343511,66.83580615481775,1529.5027373939565
798,rule,0.008492095789659006,0.3666394085712747,0.8476924282010284,0.16544790141223475,0.19603661209823267,False,,40.320782367780176,522.0037148396775
798,mpc,0.008492095789659006,0.3666394085712747,0.8476924282010284,0.16544790141223475,0.19603661209823267,False,,40.83117201800525,521.3006647074657
799,rule,0.002820159760396002,0.24381738506934697,1.2911570626905098,0.14816578171015143,0.5997071243183975,True,0.010682555086029555,121.41437906805068,1554.618117882505
799,mpc,0.002820159760396002,0.24381738506934697,1.2911570626905098,0.14816578171015143,0.5997071243183975,True,-0.0021614876824018747,122.95126994232982,1553.3413113891916
800,rule,0.0029421171014234154,0.32513786847173964,1.1707018915550709,0.09363580186483986,0.5782515851171208,True,0.0090552489129343,116.3814812182438,1499.9564762300583
800,mpc,0.0029421171014234154,0.32513786847173964,1.1707018915550709,0.09363580186483986,0.5782515851171208,True,-0.0035907878433580898,117.85466452480388,1498.704051137925
801,rule,0.005240003831163299,0.4116303449966351,1.2820489802763224,0.1526286610335283,0.462047429265138,True,0.0026807996129527556,65.34498012097205,1212.390491976415
801,mpc,0.005240003831163299,0.4116303449966351,1.2820489802763224,0.1526286610335283,0.462047429265138,True,-0.005933088026860434,66.17213176807297,1211.0911470856267
802,rule,0.0031875296096167084,0.05267775571631908,1.0259722061255596,0.06641324287809432,0.6346801282534879,True,0.016036475630512914,107.4211028967843,1648.4314320964627
802,mpc,0.0031875296096167084,0.05267775571631908,1.0259722061255596,0.06641324287809432,0.6346801282534879,True,-0.00044728680253225406,108.78086369294614,1647.010257267867
803,rule,0.002713664159916264,0.4351647019226639,1.1349851681299326,0.09128212096961993,0.6065026730592871,True,0.007169882311888198,126.17919020301645,1571.3539951455068
803,mpc,0.002713664159916264,0.4351647019226639,1.1349851681299326,0.09128212096961993,0.6065026730592871,True,-0.004540571425672768,127.77639514229517,1570.0823598187314
804,rule,0.006784783118046578,0.1891249087643509,0.8096255728263255,0.1645810589871935,0.16782908425680979,True,0.0029824837657996817,50.46704370997883,443.5561947794826
804,mpc,0.006784783118046578,0.1891249087643509,0.8096255728263255,0.1645810589871935,0.16782908425680979,True,-0.004659374516677639,51.10586704807984,443.01930154601496
805,rule,0.008614458815304689,0.22424771006003597,0.7661789918411269,0.13182354406717012,0.4212152771572315,False,,39.748050750773984,1122.1894083658435
805,mpc,0.008614458815304689,0.22424771006003597,0.7661789918411269,0.13182354406717012,0.4212152771572315,False,,40.25119063369519,1120.6677493667212
806,rule,0.005021775288807914,0.44007703475913507,0.9115645238447935,0.10878300432985409,0.37794202765721996,True,-0.0014013996927719763,68.18464118542131,990.6610124891927
806,mpc,0.005021775288807914,0.44007703475913507,0.9115645238447935,0.10878300432985409,0.37794202765721996,True,-0.0080366713020954,69.04773790928742,989.6199639350704
807,rule,0.004805411345265777,0.06517387843877195,1.239212411863598,0.17132856399126387,0.2524025508858886,True,0.012728341692050282,71.25465887920679,660.903077258116
807,mpc,0.004805411345265777,0.06517387843877195,1.239212411863598,0.17132856399126387,0.2524025508858886,True,-0.0005147617281677785,72.15661658653852,660.2224401681661
808,rule,0.0076231650135341915,0.41190456129194336,1.1156593579777159,0.051100145550381615,0.3109240300674079,False,,44.9167695534953,824.8202338077681
808,mpc,0.0076231650135341915,0.41190456129194336,1.1156593579777159,0.051100145550381615,0.3109240300674079,False,,45.48533625670411,823.7648670601876
809,rule,0.0031557561884047658,0.170889650496259,0.8080811904040481,0.08238197391926864,0.34252240851492877,True,0.009878013417910614,108.50266171996967,889.4745324317031
809,mpc,0.0031557561884047658,0.170889650496259,0.8080811904040481,0.08238197391926864,0.34252240851492877,True,-0.002752968963983582,109.8761131341465,888.7107874732708
810,rule,0.008019173925251427,0.16013289661692554,0.7210738713308478,0.1722002843501055,0.38461694963192916,False,,42.69865566863205,1022.0762474211757
810,mpc,0.008019173925251427,0.16013289661692554,0.7210738713308478,0.1722002843501055,0.38461694963192916,False,,43.239144980893215,1020.7365947253664
811,rule,0.0038199780432581596,0.20961429023670086,0.6802169751831839,0.11520689835630511,0.1994605557973715,True,0.005230140160196517,89.63610321936153,519.7299072014558
811,mpc,0.0038199780432581596,0.20961429023670086,0.6802169751831839,0.11520689835630511,0.1994605557973715,True,-0.0040660024038525755,90.77073743732815,519.2465568824646
812,rule,0.0021503826746613083,0.2882400972718915,0.9325354158869499,0.10476357979799085,0.2124273527644435,True,0.009538291341890215,159.23116858031483,548.7176229901542
812,mpc,0.0021503826746613083,0.2882400972718915,0.9325354158869499,0.10476357979799085,0.2124273527644435,True,-0.002857403034074668,161.24675299272394,548.3093444843847
813,rule,0.006842851694110095,0.09495498526371506,1.3011723570970735,0.10300829080206492,0.502499587075151,True,0.01246361495952597,50.03877936970441,1328.4071235295216
813,mpc,0.006842851694110095,0.09495498526371506,1.3011723570970735,0.10300829080206492,0.502499587075151,True,-0.001474155812237532,50.672181640207,1326.7926448682474
814,rule,0.006124522749130242,0.16093190600399176,1.1424221345277643,0.09408077198247322,0.41080262354210073,True,0.009041179945999178,55.907694396238355,1082.431661608338
814,mpc,0.006124522749130242,0.16093190600399176,1.1424221345277643,0.09408077198247322,0.41080262354210073,True,-0.003205689410169299,56.615386730367966,1081.1836013611155
815,rule,0.004239836590150529,0.4405597031917058,0.9439708730364952,0.07338669319315606,0.15557002549767293,True,0.0009103712889030335,80.75970356419478,406.2195924197363
815,mpc,0.004239836590150529,0.4405597031917058,0.9439708730364952,0.07338669319315606,0.15557002549767293,True,-0.007522994100587654,81.7819782928555,405.82417653254294
816,rule,0.008554864624294183,0.20389859826181994,0.7349696668624959,0.06224634288279959,0.369491906640086,False,,40.02494033731521,984.1407380193417
816,mpc,0.008554864624294183,0.20389859826181994,0.7349696668624959,0.06224634288279959,0.369491906640086,False,,40.5315851517116,982.8106419447837
817,rule,0.009493339754961569,0.3551246953895497,1.2153327088540404,0.101544358713011,0.27230651595225175,False,,36.06822836001715,728.1350974357254
817,mpc,0.009493339754961569,0.3551246953895497,1.2153327088540404,0.101544358713011,0.27230651595225175,False,,36.5247882126756,727.1016495160909
818,rule,0.005188664687159548,0.45031963791949897,0.8699309900769546,0.1578690433719632,0.4305645607974077,True,-0.0023915463605557186,65.99153478322549,1129.5027209860782
818,mpc,0.005188664687159548,0.45031963791949897,0.8699309900769546,0.1578690433719632,0.4305645607974077,True,-0.007846411068651582,66.82687066655747,1128.297718395307
819,rule,0.006077648239432301,0.11885899256952615,0.7991414217648497,0.1425888837540266,0.3053105073867932,True,0.007126803693256911,56.33888844695077,804.293420584025
819,mpc,0.006077648239432301,0.11885899256952615,0.7991414217648497,0.1425888837540266,0.3053105073867932,True,-0.0027754230093059995,57.05203893362104,803.3694201585215
820,rule,0.009301016546995713,0.15482726227878724,1.3452187417195334,0.08352471967989335,0.24650020034016998,False,,36.8140347295461,658.6082046641355
820,mpc,0.009301016546995713,0.15482726227878724,1.3452187417195334,0.08352471967989335,0.24650020034016998,False,,37.28003516916061,657.6823374621385
821,rule,0.004036223837553411,0.07154436066206513,1.280794492974257,0.14618063910309442,0.48584454949092337,True,0.013623203350242252,84.83373568021351,1267.3328705709855
821,mpc,0.004036223837553411,0.07154436066206513,1.280794492974257,0.14618063910309442,0.48584454949092337,True,-0.0005443854172180185,85.90758043565927,1266.1257131708492
822,rule,0.005121688733951932,0.48979748877115753,0.7190527880043797,0.08536346335382256,0.6440248427921373,True,-0.006065915450499837,66.85450131151931,1688.9304783316843
822,mpc,0.005121688733951932,0.48979748877115753,0.7190527880043797,0.08536346335382256,0.6440248427921373,True,-0.010424341949264448,67.70076082179172,1687.1394472101063
823,rule,0.004197376906662372,0.20074328881990117,0.8445464551581698,0.05401481164209317,0.4051264163145526,True,0.008017464604407554,81.57664984473736,1057.6298507742163
823,mpc,0.004197376906662372,0.20074328881990117,0.8445464551581698,0.05401481164209317,0.4051264163145526,True,-0.0042618273561614295,82.60926566555682,1056.6049294849254
824,rule,0.0038903397838078494,0.15374129726513103,0.8884659429705346,0.13344209308032834,0.35054731655623905,True,0.008938145693236699,88.01492034354787,913.7377165771749
824,mpc,0.0038903397838078494,0.15374129726513103,0.8884659429705346,0.13344209308032834,0.35054731655623905,True,-0.00238489100348227,89.12903325928899,912.881209197229
825,rule,0.006505740592826283,0.4940072864341959,1.0846859662704478,0.16954460841794589,0.2626130636763042,True,-0.0035237750249783595,52.63166295913301,693.1803458928841
825,mpc,0.006505740592826283,0.4940072864341959,1.0846859662704478,0.16954460841794589,0.2626130636763042,True,-0.008616653009083874,53.2978865408942,692.3578902355621
826,rule,0.0059304607647130995,0.3231578066290671,0.9896049893690835,0.14171633466970568,0.20443092722355602,True,0.0012320871494123642,57.73715732486562,538.1725290744822
826,mpc,0.0059304607647130995,0.3231578066290671,0.9896049893690835,0.14171633466970568,0.20443092722355602,True,-0.006314659422740565,58.468007417585454,537.5613711033237
827,rule,0.006011653282487748,0.23619586639815393,1.2185051981893151,0.11041840743502965,0.5177789088579277,True,0.006496119321230842,56.95736764770432,1363.5899069950215
827,mpc,0.006011653282487748,0.23619586639815393,1.2185051981893151,0.11041840743502965,0.5177789088579277,True,-0.004355235372824451,57.678346985017036,1362.031425049959
828,rule,0.00395114963431425,0.11171109580984617,1.1235676072045075,0.10039639688886136,0.15552116958481063,True,0.012806028932141333,86.66033379437185,405.5060853263968
828,mpc,0.00395114963431425,0.11171109580984617,1.1235676072045075,0.10039639688886136,0.15552116958481063,True,-0.001426916929605504,87.75730004493352,405.1234086486192
829,rule,0.0031545114966181334,0.2454576739705529,1.0099868349815642,0.13099239482655178,0.42704269895245195,True,0.008515312586281687,108.54547417191836,1108.9527158130568
829,mpc,0.0031545114966181334,0.2454576739705529,1.0099868349815642,0.13099239482655178,0.42704269895245195,True,-0.002982678862718524,109.91946751586671,1108.0006682955511
830,rule,0.0032104486560114893,0.2638358467051228,0.716350195170249,0.17739996666825636,0.5810095308325247,True,0.0044764977616649215,106.65423523906303,1509.2136825529153
830,mpc,0.0032104486560114893,0.2638358467051228,0.716350195170249,0.17739996666825636,0.5810095308325247,True,-0.0036443841883848638,108.0042888496841,1507.9087402568782
831,rule,0.005451760480330453,0.14062290609570569,0.9098520365357984,0.09887338285442798,0.184026582668692,True,0.008600416051295023,62.80685797121234,483.36540689975885
831,mpc,0.005451760480330453,0.14062290609570569,0.9098520365357984,0.09887338285442798,0.184026582668692,True,-0.0030467300988576973,63.601881489835286,482.83773925251813
832,rule,0.0023556847865643387,0.1060086024042404,0.9942154870552756,0.1478352421077761,0.22518750807039692,True,0.012161682894496817,145.3538895076747,582.3188599185657
832,mpc,0.0023556847865643387,0.1060086024042404,0.9942154870552756,0.1478352421077761,0.22518750807039692,True,-0.0008958572187087732,147.19381215967059,581.8715664894053
833,rule,0.0046994646606120525,0.05397425538996503,0.9331219796167032,0.12964437938685552,0.30873550667759975,True,0.012529880589031928,72.8610535261666,807.9901315476949
833,mpc,0.0046994646606120525,0.05397425538996503,0.9331219796167032,0.12964437938685552,0.30873550667759975,True,-0.0006170283124431464,73.78334534295354,807.1664212848781
834,rule,0.005699527184988274,0.441132528552587,1.1026671558203431,0.12129039970128057,0.6438497416728364,True,-0.0005997739147454162,60.07655285565369,1693.1244575224116
834,mpc,0.005699527184988274,0.441132528552587,1.1026671558203431,0.12129039970128057,0.6438497416728364,True,-0.0076954477580122305,60.83701555002906,1691.2373074685393
835,rule,0.003135307060873259,0.47446650368335735,1.1396360723021224,0.11697592718775122,0.47903065795153454,True,0.004968857411938643,109.21033874296644,1243.8322210026652
835,mpc,0.003135307060873259,0.47446650368335735,1.1396360723021224,0.11697592718775122,0.47903065795153454,True,-0.005209989639696211,110.59274809414325,1242.7670069811836
836,rule,0.0025446491458998494,0.4356215959434356,1.1250398870658502,0.14116754118862712,0.5993613461931099,True,0.006878178987622108,134.5599831445916,1551.4652306555856
836,mpc,0.0025446491458998494,0.4356215959434356,1.1250398870658502,0.14116754118862712,0.5993613461931099,True,-0.003946143628085208,136.26327407047253,1550.2396219564462
837,rule,0.003419753660067278,0.24254172170627442,1.148795105218428,0.15072978370177548,0.6181357509077668,True,0.00886383734581031,100.12649454243052,1607.3835543059388
837,mpc,0.003419753660067278,0.24254172170627442,1.148795105218428,0.15072978370177548,0.6181357509077668,True,-0.00275379139784504,101.39391852398029,1605.9571452558898
838,rule,0.004614312467959085,0.19091107021257064,0.9966880997837417,0.09339543049076626,0.21093551135502744,True,0.008448033817949563,74.20562620299324,551.8080750066418
838,mpc,0.004614312467959085,0.19091107021257064,0.9966880997837417,0.09339543049076626,0.21093551135502744,True,-0.0034576222400504175,75.14493792708177,551.2501764159481
839,rule,0.0047769650181848314,0.31479694611039516,0.86971004963358,0.05239120262528659,0.6355380133882543,True,0.0026363068639821963,71.67897292061238,1663.8928692524437
839,mpc,0.0047769650181848314,0.31479694611039516,0.86971004963358,0.05239120262528659,0.6355380133882543,True,-0.0069084173394842185,72.58630169175937,1662.183928801344
840,rule,0.004722394402062723,0.15929592824111447,0.6523310297371888,0.07764278955719355,0.15573331216684502,True,0.00604799725735139,72.50727428264372,407.61454541442134
840,mpc,0.004722394402062723,0.15929592824111447,0.6523310297371888,0.07764278955719355,0.15573331216684502,True,-0.004255648422300862,73.4250878811582,407.1980799012441
841,rule,0.005412756008953676,0.205013770966897,0.9051691765554135,0.10110802212642553,0.5917094187661062,True,0.005714784063786116,63.259445948566416,1553.8993188660181
841,mpc,0.005412756008953676,0.205013770966897,0.9051691765554135,0.10110802212642553,0.5917094187661062,True,-0.0044737052227870056,64.06019842892802,1552.2086687934986
842,rule,0.004615579303583393,0.34514889631000323,0.6599496724347158,0.1782018929299205,0.5248494874431551,True,-0.00111111057419655,74.18525902379106,1373.0167256877987
842,mpc,0.004615579303583393,0.34514889631000323,0.6599496724347158,0.1782018929299205,0.5248494874431551,True,-0.006404480672268731,75.12431293548462,1371.6283819781752
843,rule,0.004970280887989574,0.3386768463921952,0.7527135703215779,0.08928204550155006,0.6242421147385899,True,-0.00045277976142377163,68.89106549462711,1635.8549362361691
843,mpc,0.004970280887989574,0.3386768463921952,0.7527135703215779,0.08928204550155006,0.6242421147385899,True,-0.007564468557880399,69.76310429835657,1634.1440068874847
844,rule,0.003162221940350687,0.08564711944304618,1.2662007019746708,0.15234218309426645,0.1626881665627106,True,0.013425888396043417,108.2808078117409,422.48864555465957
844,mpc,0.003162221940350687,0.08564711944304618,1.2662007019746708,0.15234218309426645,0.1626881665627106,True,-0.000633835533963234,109.65145094859841,422.125576448326
845,rule,0.005656369767346775,0.21944645424865622,0.6871128051772882,0.12347124003687152,0.4067362718098846,True,0.0017952164704652107,60.53492969251123,1069.3721614871345
845,mpc,0.005656369767346775,0.21944645424865622,0.6871128051772882,0.12347124003687152,0.4067362718098846,True,-0.005616614889080385,61.30119462532784,1068.1844856606565
846,rule,0.004137519463155838,0.20794152634323831,1.0111530450543937,0.14234910268468343,0.24394127188015477,True,0.007820805858537616,82.75681824104726,636.6470788265091
846,mpc,0.004137519463155838,0.20794152634323831,1.0111530450543937,0.14234910268468343,0.24394127188015477,True,-0.00307701635911406,83.80437290232635,636.0340217507907
847,rule,0.004282363739724929,0.053799242998241986,0.6894276424428664,0.10450591485070668,0.4365357384078259,True,0.01161748391777373,79.95769789587682,1140.109469932543
847,mpc,0.004282363739724929,0.053799242998241986,0.6894276424428664,0.10450591485070668,0.4365357384078259,True,-0.0009351825419725568,80.96982065405248,1138.9947522507248
848,rule,0.005530621813699284,0.21531657128711584,1.2066752905511984,0.14204706894634828,0.16750257919013714,True,0.007358240932937243,61.91129274705473,440.12813438757036
848,mpc,0.005530621813699284,0.21531657128711584,1.2066752905511984,0.14204706894634828,0.16750257919013714,True,-0.0035315152114918646,62.694979997017455,439.64443350288536
849,rule,0.006272907616210047,0.38262639323661024,0.8387306351678946,0.09108278402279837,0.4970372185708326,True,-0.003371152121533605,54.5852046818535,1310.552148054713
849,mpc,0.006272907616210047,0.38262639323661024,0.8387306351678946,0.09108278402279837,0.4970372185708326,True,-0.009086132033605088,55.276156639851656,1309.0238396294824
850,rule,0.004962106607979867,0.1648077610758715,0.7695444796176494,0.1704165816996234,0.3873216177112898,True,0.0055444805803468444,69.00455254841482,1014.9537964298343
850,mpc,0.004962106607979867,0.1648077610758715,0.7695444796176494,0.1704165816996234,0.3873216177112898,True,-0.003211035805593232,69.87802789712894,1013.8930656425206
851,rule,0.0031695342350605412,0.2888442470474237,1.1428085687924423,0.09331064605647854,0.3220784415678002,True,0.00918822484076709,108.03099786509888,836.4445999980018
851,mpc,0.0031695342350605412,0.2888442470474237,1.1428085687924423,0.09331064605647854,0.3220784415678002,True,-0.00346632159460869,109.39847885073306,835.7251222716636
852,rule,0.003226519385967494,0.17433536033695662,1.1918136974536364,0.12783872389041645,0.6497280223565398,True,0.011456096365659474,106.12300910707523,1687.8550756985294
852,mpc,0.003226519385967494,0.17433536033695662,1.1918136974536364,0.12783872389041645,0.6497280223565398,True,-0.0018560396405864488,107.46633833627872,1686.3927012165072
853,rule,0.0031064043911581836,0.41674234337161387,1.0150946611845868,0.16883296172164936,0.5383426537459903,True,0.004568013717782704,110.22645575565925,1397.629821168339
853,mpc,0.0031064043911581836,0.41674234337161387,1.0150946611845868,0.16883296172164936,0.5383426537459903,True,-0.004511247793236306,111.62172734750304,1396.4373487508462
854,rule,0.003544287530593227,0.3714319704707079,1.0356278440824265,0.1753720473032424,0.22904750791467346,True,0.004620122753724587,96.6083996362091,595.9887242985141
854,mpc,0.003544287530593227,0.3714319704707079,1.0356278440824265,0.1753720473032424,0.22904750791467346,True,-0.0044089206103516965,97.83129077084466,595.4518616819887
855,rule,0.00444125850282607,0.41819877612700784,1.2945902457457343,0.056737218529558646,0.38195380439234816,True,0.0048376637852317605,77.09705390111867,998.3419354195524
855,mpc,0.00444125850282607,0.41819877612700784,1.2945902457457343,0.056737218529558646,0.38195380439234816,True,-0.00617501461557679,78.07296597581639,997.3498124485648
856,rule,0.005596049169392272,0.24445758300599923,1.0967360071644023,0.17096069899361852,0.48499959211431465,True,0.005127490730216233,61.18744418008186,1274.7750954760334
856,mpc,0.005596049169392272,0.24445758300599923,1.0967360071644023,0.17096069899361852,0.48499959211431465,True,-0.004147995961726547,61.96196878995632,1273.3663876836465
857,rule,0.004647520951599333,0.3559131178534897,1.1632960945105784,0.13871581786920506,0.4894098034585471,True,0.0042304835158278875,73.67539592550985,1280.5063061621793
857,mpc,0.004647520951599333,0.3559131178534897,1.1632960945105784,0.13871581786920506,0.4894098034585471,True,-0.005188129502088135,74.60799587393403,1279.2074546009467
858,rule,0.00713894527947465,0.42881285574922684,0.9413274443420734,0.1352849347437718,0.4799345912275963,False,,47.963380132027105,1270.4436273697108
858,mpc,0.00713894527947465,0.42881285574922684,0.9413274443420734,0.1352849347437718,0.4799345912275963,True,-0.009327866717785183,48.57051152610341,1268.8681229438066
859,rule,0.006480500145171655,0.2323533759007721,1.194854646350867,0.0991727196104414,0.45343957435209037,True,0.005955320773742168,52.836654349324675,1196.738244823156
859,mpc,0.006480500145171655,0.2323533759007721,1.194854646350867,0.0991727196104414,0.45343957435209037,True,-0.004710160562404475,53.5054727588098,1195.3209389141878
860,rule,0.004641716898583505,0.4409379809830464,0.7738434698643952,0.092742148037641,0.2658245282313739,True,-0.0025113677957677716,73.76752043746451,695.4913893421713
860,mpc,0.004641716898583505,0.4409379809830464,0.7738434698643952,0.092742148037641,0.2658245282313739,True,-0.008626870082211857,74.70128651895142,694.7863333793616
861,rule,0.00474209150185068,0.299884788923799,1.2375974125283378,0.0802531550036774,0.583042422707446,True,0.0068355434717829455,72.20610273917168,1526.1952171791997
861,mpc,0.00474209150185068,0.299884788923799,1.2375974125283378,0.0802531550036774,0.583042422707446,True,-0.004765093628175343,73.12010403966752,1524.63292595659
862,rule,0.009546638185970683,0.23713154429597977,1.1284131079162714,0.11282860650178834,0.15411362471527737,False,,35.866861141168066,412.18283417715764
862,mpc,0.009546638185970683,0.23713154429597977,1.1284131079162714,0.11282860650178834,0.15411362471527737,False,,36.32087204168919,411.59628990869027
863,rule,0.003128841510451839,0.12720612634783654,0.6768599973702827,0.08026817987161898,0.22166213879087474,True,0.010163369211184325,109.43601490755461,575.539917882749
863,mpc,0.003128841510451839,0.12720612634783654,0.6768599973702827,0.08026817987161898,0.22166213879087474,True,-0.002325124768691289,110.82128091904265,575.0474372157945
864,rule,0.005242164324330183,0.3530074804959182,0.9013040415435057,0.17328763584177245,0.4412750253845624,True,0.0004921407123771315,65.3180489959048,1157.8966807447325
864,mpc,0.005242164324330183,0.3530074804959182,0.9013040415435057,0.17328763584177245,0.4412750253845624,True,-0.006202759189955387,66.14485974268842,1156.6555008012426
865,rule,0.004295368254608715,0.30558216274025274,0.9058895205616021,0.08539829426003662,0.29469110127970877,True,0.0042183435343228215,79.7156206138546,769.7005815309961
865,mpc,0.004295368254608715,0.30558216274025274,0.9058895205616021,0.08539829426003662,0.29469110127970877,True,-0.005605100257610296,80.72467910263758,768.9470074110121
866,rule,0.003800886357535106,0.22649855596071772,1.0767334225782244,0.05190511393049224,0.2953911567750849,True,0.010079140655374297,90.08634144043087,769.6198439073509
866,mpc,0.003800886357535106,0.22649855596071772,1.0767334225782244,0.05190511393049224,0.2953911567750849,True,-0.003628564486130026,91.2266748763857,768.9056378756944
867,rule,0.004112804647373335,0.45537466909901425,1.2484210508104994,0.12780462820980545,0.6386596568363296,True,0.003786809401167046,83.25412353340532,1666.592123619719
867,mpc,0.004112804647373335,0.45537466909901425,1.2484210508104994,0.12780462820980545,0.6386596568363296,True,-0.005713238928541697,84.30797319838514,1664.991513547291
868,rule,0.003665602754670115,0.4185674805519612,0.7467940377078212,0.13928769289956167,0.27603105249868787,True,0.00031350797386164864,93.41108927991245,718.6854104923215
868,mpc,0.003665602754670115,0.4185674805519612,0.7467940377078212,0.13928769289956167,0.27603105249868787,True,-0.006466079156027371,94.59350813155693,718.0287353788688
869,rule,0.0045158261321241915,0.2552255066762208,0.6613403126957899,0.13888617733856684,0.6060632511008989,True,0.001904830278373404,75.82398793996934,1584.6964877982914
869,mpc,0.0045158261321241915,0.2552255066762208,0.6613403126957899,0.13888617733856684,0.6060632511008989,True,-0.005315295070858372,76.78378525566517,1583.10983128804
870,rule,0.009924019235212756,0.41631166378118684,0.8508118096119232,0.16339385900391157,0.3428626417686387,False,,34.50295067609695,918.4088811940592
870,mpc,0.009924019235212756,0.41631166378118684,0.8508118096119232,0.16339385900391157,0.3428626417686387,False,,34.93969688718679,917.0782076709395
871,rule,0.005741917920111699,0.32507506959140936,0.9272385007736779,0.1752979666839623,0.6288290651955921,True,0.0007439382891922808,59.63302696854332,1653.9548281736725
871,mpc,0.005741917920111699,0.32507506959140936,0.9272385007736779,0.1752979666839623,0.6288290651955921,True,-0.0060694520194306545,60.38787541118312,1652.1049112802114
872,rule,0.0052056925370947416,0.2644473042078992,0.8689335275792898,0.09357844428690609,0.33397449485534225,True,0.0033479965087775954,65.77567609712855,876.189010343545
872,mpc,0.0052056925370947416,0.2644473042078992,0.8689335275792898,0.09357844428690609,0.33397449485534225,True,-0.00575694849990982,66.60827959202894,875.2528345071471
873,rule,0.005852430651674956,0.379496455508322,0.722550854893283,0.0982282156535742,0.6153723848049073,True,-0.004177237694615865,58.506963441452584,1619.4009051665275
873,mpc,0.005852430651674956,0.379496455508322,0.722550854893283,0.0982282156535742,0.6153723848049073,True,-0.009213633798173415,59.24755791539502,1617.5733250885116
874,rule,0.005283806154508031,0.07368974736259468,1.1544648855515227,0.0561609159850096,0.3385670726712834,True,0.015036674146311158,64.80327554958616,888.5702761676579
874,mpc,0.005283806154508031,0.07368974736259468,1.1544648855515227,0.0561609159850096,0.3385670726712834,True,-0.00102129652255889,65.62357017679612,887.614290755048
875,rule,0.006412433420707277,0.15852712431172655,0.6894764899900979,0.08228049224015924,0.5080182753437553,True,0.004109099892268153,53.39750508371225,1340.3665226934313
875,mpc,0.006412433420707277,0.15852712431172655,0.6894764899900979,0.08228049224015924,0.5080182753437553,True,-0.005100855216023437,54.07342286958203,1338.787054115325
876,rule,0.00231011988189136,0.3863231870556733,1.158569983230938,0.07597820430035909,0.34444463667024605,True,0.009704660883237293,148.22085592408482,890.4923701751289
876,mpc,0.00231011988189136,0.3863231870556733,1.158569983230938,0.07597820430035909,0.34444463667024605,True,-0.003637083173715361,150.09706929021252,889.8130904816994
877,rule,0.0030667596152132845,0.18177202056853414,0.8812443349095954,0.13694198474015373,0.2873584398643161,True,0.009046741292620952,111.65138098291072,745.8781374382586
877,mpc,0.0030667596152132845,0.18177202056853414,0.8812443349095954,0.13694198474015373,0.2873584398643161,True,-0.0023320266566422276,113.06468960294758,745.2450142803511
878,rule,0.005256184602610588,0.1796707950594687,1.2606037646289598,0.1625125941761027,0.589452185053205,True,0.008922168953738985,65.14382048361077,1546.8144311548112
878,mpc,0.005256184602610588,0.1796707950594687,1.2606037646289598,0.1625125941761027,0.589452185053205,True,-0.0025822040519185574,65.96842580618812,1545.1543045810074
879,rule,0.0029990753040478857,0.18691721439924208,0.8863098285564333,0.11819464370214038,0.5730865007667956,True,0.009468234867411773,114.17117326765062,1487.0003777593781
879,mpc,0.0029990753040478857,0.18691721439924208,0.8863098285564333,0.11819464370214038,0.5730865007667956,True,-0.0024537125243280222,115.6163779925576,1485.74933345973
880,rule,0.004638123039268498,0.13484693915985638,1.1537580847104274,0.08445755738283056,0.5840527732236613,True,0.011954608083565188,73.82467935460075,1528.0626018781459
880,mpc,0.004638123039268498,0.13484693915985638,1.1537580847104274,0.08445755738283056,0.5840527732236613,True,-0.0020871643832580666,74.7591689666843,1526.5140685523106
881,rule,0.0040075626254604925,0.1367744737942142,0.9573091252897805,0.10136686113061644,0.6024311767073361,True,0.010707341344897148,85.44044801841079,1571.224977978116
881,mpc,0.0040075626254604925,0.1367744737942142,0.9573091252897805,0.10136686113061644,0.6024311767073361,True,-0.002171330670814653,86.52197267687171,1569.7330155020254
882,rule,0.003083770999037744,0.20501431027747402,1.0563992600469359,0.12060441743967204,0.2285514411828213,True,0.01017141129489052,111.03546478906108,593.2889810809094
882,mpc,0.003083770999037744,0.20501431027747402,1.0563992600469359,0.12060441743967204,0.2285514411828213,True,-0.002400775856770343,112.44097700158085,592.784263793388
883,rule,0.0039468931880742115,0.07671129970040398,1.1720435882577696,0.17237871344985517,0.5338887013227285,True,0.012333771295959362,86.75379085904592,1392.0322458355315
883,mpc,0.0039468931880742115,0.07671129970040398,1.1720435882577696,0.17237871344985517,0.5338887013227285,True,-0.0006654603990627894,87.85194011042626,1390.7191989879534
884,rule,0.003319454388765031,0.11367560613089842,0.750236234333988,0.13353460546242013,0.4156507227599877,True,0.009610304363715794,103.15187560343992,1080.2898767062934
884,mpc,0.003319454388765031,0.11367560613089842,0.750236234333988,0.13353460546242013,0.4156507227599877,True,-0.0016984702957383302,104.45759554778726,1079.3429530072092
885,rule,0.004979963213425859,0.3088172778206621,0.6584625215933763,0.15020749775989872,0.505037347516541,True,-0.0008081903729351136,68.75712359843536,1323.5354305349856
885,mpc,0.004979963213425859,0.3088172778206621,0.6584625215933763,0.15020749775989872,0.505037347516541,True,-0.006572047821597815,69.62746693512443,1322.1499154484047
886,rule,0.005223083732862745,0.3870743360439172,0.9700021915415291,0.12877128403505825,0.2345291073959708,True,0.00037656363799665193,65.55666416504319,615.3433115795069
886,mpc,0.005223083732862745,0.3870743360439172,0.9700021915415291,0.12877128403505825,0.2345291073959708,True,-0.006939223113949566,66.38649535700576,614.6848230062641
887,rule,0.0030786584724884687,0.057855191887344566,1.2107989071879617,0.16875515820553116,0.5344139575701776,True,0.01343435618738753,111.21985411535954,1387.2303228574567
887,mpc,0.0030786584724884687,0.057855191887344566,1.2107989071879617,0.16875515820553116,0.5344139575701776,True,-0.00031248275280448823,112.62770036998435,1386.05097525484
888,rule,0.004985100638787267,0.15627742676426873,1.1318669421780554,0.16878248264785634,0.40924116204645977,True,0.008974052177581737,68.68626553234063,1072.512053134297
888,mpc,0.004985100638787267,0.15627742676426873,1.1318669421780554,0.16878248264785634,0.40924116204645977,True,-0.00228192235935043,69.5557119314842,1071.3887843142868
889,rule,0.00690148737574961,0.4243553441757294,1.2659742500167843,0.05718015396295136,0.3860403238937691,True,-0.0007089801624085013,49.61364522440965,1020.8057057354796
889,mpc,0.00690148737574961,0.4243553441757294,1.2659742500167843,0.05718015396295136,0.3860403238937691,True,-0.008604727637090415,50.2416660500351,1019.5600196470729
890,rule,0.002763944869987513,0.44736818149284685,0.7034234939141687,0.08993619712589222,0.4849221389588384,True,0.001884518728590412,123.88378288555737,1256.690332970277
890,mpc,0.002763944869987513,0.44736818149284685,0.7034234939141687,0.08993619712589222,0.4849221389588384,True,-0.006433926293978542,125.45193203600746,1255.66618577385
891,rule,0.002550153797756528,0.26678217903751666,0.8079788180097555,0.16521814455505268,0.39717565245306485,True,0.0067979103068852575,134.26952777609455,1028.131368355487
891,mpc,0.002550153797756528,0.26678217903751666,0.8079788180097555,0.16521814455505268,0.39717565245306485,True,-0.0029166210433102524,135.96914205174133,1027.3185271884333
892,rule,0.00406775466266517,0.39197442533966603,1.0093869778818265,0.16607247802436892,0.3074045697307304,True,0.002906721286769609,84.1761548020301,801.9961539377949
892,mpc,0.00406775466266517,0.39197442533966603,1.0093869778818265,0.16607247802436892,0.3074045697307304,True,-0.005322446798810221,85.24167574889125,801.2296283162706
893,rule,0.007624387258285712,0.2254288173298311,1.0409274103697814,0.10114528102845538,0.5008148535007129,False,,44.909569068527496,1328.570331490037
893,mpc,0.007624387258285712,0.2254288173298311,1.0409274103697814,0.10114528102845538,0.5008148535007129,False,,45.478044626356954,1326.8702810439356
894,rule,0.005017499895990703,0.48005301379331045,1.325516764190716,0.16360543732985433,0.4807878474215058,True,0.001842141440533407,68.24274106209519,1260.214268369862
894,mpc,0.005017499895990703,0.48005301379331045,1.325516764190716,0.16360543732985433,0.4807878474215058,True,-0.006321654200707849,69.10657322743818,1258.8904754815028
895,rule,0.004423053677224113,0.21147998029163467,1.1002491647874928,0.08934419010014569,0.5958296712541354,True,0.008949630861959434,77.41437729873462,1557.22565943193
895,mpc,0.004423053677224113,0.21147998029163467,1.1002491647874928,0.08934419010014569,0.5958296712541354,True,-0.0034501571940217524,78.3943061253009,1555.6809820258952
896,rule,0.0024517434955639568,0.0707670810485402,0.9467735711141022,0.10251057443148956,0.38708777129644345,True,0.014030345557390245,139.65895975688986,1001.4941711659709
896,mpc,0.0024517434955639568,0.0707670810485402,0.9467735711141022,0.10251057443148956,0.38708777129644345,True,-0.000633875418493357,141.4267946905214,1000.7137415918539
897,rule,0.004761320053632338,0.3099057367455879,0.931434740292943,0.05851833073927123,0.582707264520471,True,0.0036101345114507577,71.9144989885663,1525.4610444001694
897,mpc,0.004761320053632338,0.3099057367455879,0.931434740292943,0.05851833073927123,0.582707264520471,True,-0.006386556129746923,72.82480910234561,1523.8966243071577
898,rule,0.00460787749912527,0.4885769673408235,0.9163577827328253,0.13663517703379624,0.5560548751534319,True,-0.0015344277177640198,74.30925545355399,1454.5956787402092
898,mpc,0.00460787749912527,0.4885769673408235,0.9163577827328253,0.13663517703379624,0.5560548751534319,True,-0.007779578154633038,75.24987894030784,1453.1259565459707
899,rule,0.0020872009412670105,0.4086509291329245,1.0275840056337437,0.11284970749354681,0.444175764301759,True,0.008244001489404518,164.0512609070253,1146.9525294621023
899,mpc,0.0020872009412670105,0.4086509291329245,1.0275840056337437,0.11284970749354681,0.444175764301759,True,-0.003559029570951333,166.12785914635478,1146.1077038311962
900,rule,0.00400842519011628,0.304379422382266,0.8064094852317677,0.13725940958343372,0.44744461818494285,True,0.0032471110052875174,85.42206226661554,1167.0033533263397
900,mpc,0.00400842519011628,0.304379422382266,0.8064094852317677,0.13725940958343372,0.44744461818494285,True,-0.00508029911307073,86.50335419404107,1165.895116772012
901,rule,0.005353003871198063,0.4394067523593561,0.8269972766541335,0.08356885447112275,0.5461439040491858,True,-0.0034458046216709892,63.96557043859346,1433.830349282322
901,mpc,0.005353003871198063,0.4394067523593561,0.8269972766541335,0.08356885447112275,0.5461439040491858,True,-0.009283904901824513,64.77526120363895,1432.278377888862
902,rule,0.00710561615223506,0.18340251429634608,0.7429742498212408,0.05171359411749539,0.24696217342587032,True,0.002729958081739259,48.18835395062528,653.6406465826086
902,mpc,0.00710561615223506,0.18340251429634608,0.7429742498212408,0.05171359411749539,0.24696217342587032,True,-0.006489527958998043,48.79833311455725,652.8318582197952
903,rule,0.00571245130920296,0.09570153423093564,1.1260129626685946,0.17706964961763333,0.32490383668482814,True,0.010436635163961316,59.94063277695722,854.4480020625725
903,mpc,0.00571245130920296,0.09570153423093564,1.1260129626685946,0.17706964961763333,0.32490383668482814,True,-0.0013390628728287002,60.699374964007326,853.4946245272108
904,rule,0.004861509818144959,0.4439016160505032,0.9458691520177156,0.0782469494665943,0.2672513766614676,True,-0.0007473033625082781,70.43242922254102,699.9750002743637
904,mpc,0.004861509818144959,0.4439016160505032,0.9458691520177156,0.0782469494665943,0.2672513766614676,True,-0.008216261839397943,71.32397895953522,699.2502909567861
905,rule,0.0059881824913107454,0.28369587027932575,1.0749694284878217,0.12106745295316185,0.5583337869176367,True,0.003437283505781208,57.18061309554945,1470.2318628781766
905,mpc,0.0059881824913107454,0.28369587027932575,1.0749694284878217,0.12106745295316185,0.5583337869176367,True,-0.005574409638637867,57.90441832460704,1468.5545968678362
906,rule,0.003195303397339211,0.3778267139033321,1.2735469108897557,0.09386853320015301,0.4736155894789411,True,0.0081096621090333,107.15976031143478,1230.153892895889
906,mpc,0.003195303397339211,0.3778267139033321,1.2735469108897557,0.09386853320015301,0.4736155894789411,True,-0.004146212222793322,108.51621297360487,1229.0922818683343
907,rule,0.00528733254002772,0.052090786996648104,1.316636451941994,0.07488654937241582,0.29370837215791457,True,0.01613780397677489,64.76005501620823,770.8514911550424
907,mpc,0.00528733254002772,0.052090786996648104,1.316636451941994,0.07488654937241582,0.29370837215791457,True,-0.00029403004784622766,65.57980254805896,770.0218987883908
908,rule,0.005736444879856889,0.23444091658533572,0.6911377555544421,0.14131595847866393,0.583365135590041,True,0.0010477134063681115,59.68992178126279,1534.3354660169182
908,mpc,0.005736444879856889,0.23444091658533572,0.6911377555544421,0.14131595847866393,0.583365135590041,True,-0.005750810467877843,60.445490411405366,1532.6201096333089
909,rule,0.007991701699600999,0.10432789354951633,0.8166947453086624,0.15083555423738967,0.21738625276671333,False,,42.84543631030153,577.6107664749378
909,mpc,0.007991701699600999,0.10432789354951633,0.8166947453086624,0.15083555423738967,0.21738625276671333,False,,43.387783605368654,576.8549160616612
910,rule,0.0028338297679572225,0.09510412272422286,0.8879848702319384,0.05271937847802285,0.3707236812010587,True,0.014645352164971759,120.82869269455422,961.0942797797576
910,mpc,0.0028338297679572225,0.09510412272422286,0.8879848702319384,0.05271937847802285,0.3707236812010587,True,-0.0012980359255154728,122.35816981727011,960.3034550550301
911,rule,0.003286694925887942,0.1556025141127499,0.8538824472474649,0.12666242519305215,0.51437427190413,True,0.009463863140678597,104.18002093354536,1336.6499720026097
911,mpc,0.003286694925887942,0.1556025141127499,0.8538824472474649,0.12666242519305215,0.51437427190413,True,-0.002197798256159844,105.49875537574215,1335.4831024663931
912,rule,0.004008884907832849,0.37765071706899017,1.1517821964574666,0.16480244732755742,0.17540760204756614,True,0.004634524946357188,85.41226651634767,457.4906562257124
912,mpc,0.004008884907832849,0.37765071706899017,1.1517821964574666,0.16480244732755742,0.17540760204756614,True,-0.004703141411028122,86.49343444693436,457.05618165805225
913,rule,0.007073735271881887,0.4163772064565826,1.0580912463862457,0.0653473440141094,0.4671530000715409,True,-0.0031656606182743907,48.40553583369955,1236.2484492059227
913,mpc,0.007073735271881887,0.4163772064565826,1.0580912463862457,0.0653473440141094,0.4671530000715409,True,-0.009545560597350233,49.01826413539196,1234.7220396125722
914,rule,0.0068017517942707915,0.25828836687921775,0.7078041463513337,0.06326705013646412,0.5216702602264296,True,-0.0015522088199453332,50.34114100864398,1378.8304289436442
914,mpc,0.0068017517942707915,0.25828836687921775,0.7078041463513337,0.06326705013646412,0.5216702602264296,True,-0.008371285438037557,50.978370641664796,1377.1594673019688
915,rule,0.002915773589137582,0.18494584443523027,1.229809377131538,0.17699963142167058,0.45125224328516833,True,0.010784497195770126,117.43296786032671,1170.3652203660076
915,mpc,0.002915773589137582,0.18494584443523027,1.229809377131538,0.17699963142167058,0.45125224328516833,True,-0.00162078923572051,118.9194611243815,1169.3914409850702
916,rule,0.006288639156735746,0.09976924936821643,0.8102661414327144,0.17396989548152525,0.6287860634965634,True,0.007496564497915914,54.448655368376606,1658.0583666745179
916,mpc,0.006288639156735746,0.09976924936821643,0.8102661414327144,0.17396989548152525,0.6287860634965634,True,-0.0021403623535178884,55.13787885405227,1656.1225153338335
917,rule,0.0029574497155206805,0.1770251242052196,0.6686809374394902,0.09695754387528177,0.6067081848039889,True,0.008102930167071865,115.77811260297277,1573.8975249274931
917,mpc,0.0029574497155206805,0.1770251242052196,0.6686809374394902,0.09695754387528177,0.6067081848039889,True,-0.0029824931472228755,117.24365833212434,1572.5806681355555
918,rule,0.0031593446097201022,0.1535945221554083,1.0130616459044135,0.13583128858484994,0.24349034472091882,True,0.010712790237747627,108.37942310178005,632.3162569205467
918,mpc,0.0031593446097201022,0.1535945221554083,1.0130616459044135,0.13583128858484994,0.24349034472091882,True,-0.0017875892951266792,109.75131453344817,631.7730707363473
919,rule,0.006132157351320677,0.07929922257658197,0.7735933490253407,0.15122788532509412,0.5233005576844678,True,0.008719518602039344,55.83808871235815,1378.9034380615528
919,mpc,0.006132157351320677,0.07929922257658197,0.7735933490253407,0.15122788532509412,0.5233005576844678,True,-0.0017162141895130656,56.54489996188168,1377.31260432046
920,rule,0.006463880536715523,0.3216299721264923,1.1113673813662213,0.05584084498386185,0.6097649161258268,True,0.001974321240290622,52.97250532961894,1609.196672043097
920,mpc,0.006463880536715523,0.3216299721264923,1.1113673813662213,0.05584084498386185,0.6097649161258268,True,-0.00724371313597949,53.64304337176602,1607.293211028907
921,rule,0.003722229029270834,0.08104447116116867,1.0511893817719506,0.13981854369240054,0.4354387539634683,True,0.012448705534699345,91.99002626881858,1134.0516510366397
921,mpc,0.003722229029270834,0.08104447116116867,1.0511893817719506,0.13981854369240054,0.4354387539634683,True,-0.0008546613419784244,93.15445698108212,1133.008650625795
922,rule,0.0054875763357446075,0.2124976965042999,0.9309516507851123,0.14956322563216568,0.16022915038793908,True,0.0050371492490629555,62.396935410415914,420.930555613884
922,mpc,0.0054875763357446075,0.2124976965042999,0.9309516507851123,0.14956322563216568,0.16022915038793908,True,-0.0041432169278941,63.18677003586423,420.469638624287
923,rule,0.004549765128520436,0.2398486216436796,0.8275590243531122,0.13797028876780265,0.3720718567590705,True,0.004472498571820083,75.258378511625,973.0328257892048
923,mpc,0.004549765128520436,0.2398486216436796,0.8275590243531122,0.13797028876780265,0.3720718567590705,True,-0.00443712220752257,76.21101621430381,972.05529567982
924,rule,0.004745448961896358,0.05670384310276066,0.842621545723466,0.1635394485143776,0.20223720069498283,True,0.010801244932724496,72.15501608605466,529.3928805091628
924,mpc,0.004745448961896358,0.05670384310276066,0.842621545723466,0.1635394485143776,0.20223720069498283,True,-0.0007323117473310159,73.06837072005537,528.8507923320398
925,rule,0.004881780510720342,0.12122245424300927,0.8433320528919971,0.11438818796670244,0.16054366075338797,True,0.009113936867528927,70.13997155940514,420.5314823757103
925,mpc,0.004881780510720342,0.12122245424300927,0.8433320528919971,0.11438818796670244,0.16054366075338797,True,-0.0024161057770655248,71.02781930066344,420.0952610176715
926,rule,0.0038932745221109035,0.3066921666014346,0.827273687285582,0.05713350789739957,0.17628649997140936,True,0.0044333727851598725,87.94857496859281,459.51573118028557
926,mpc,0.0038932745221109035,0.3066921666014346,0.827273687285582,0.05713350789739957,0.17628649997140936,True,-0.00596216329110244,89.06184806946108,459.0848556294251
927,rule,0.005441432100728367,0.32344067773079865,1.3104697491551334,0.08467219912256962,0.3909836522140282,True,0.005432561106937572,62.926071637529,1026.9097309732174
927,mpc,0.005441432100728367,0.32344067773079865,1.3104697491551334,0.08467219912256962,0.3909836522140282,True,-0.005387847953510327,63.722604189902796,1025.789692333307
928,rule,0.005375520460029273,0.05271880449501823,0.9517510579843843,0.06688033338426347,0.18347877912331442,True,0.014616226457598303,63.697636113046904,481.7516071654647
928,mpc,0.005375520460029273,0.05271880449501823,0.9517510579843843,0.06688033338426347,0.18347877912331442,True,-0.0007408384724332251,64.5039353043513,481.22914173600344
929,rule,0.004755481883588048,0.27028696654492923,0.7885172300218136,0.11103684655039395,0.4112193031572783,True,0.0028207256252704704,72.00278637647415,1076.494488308448
929,mpc,0.004755481883588048,0.27028696654492923,0.7885172300218136,0.11103684655039395,0.4112193031572783,True,-0.0056093358069428945,72.91421405212573,1075.3911178780043
930,rule,0.004530503056132241,0.45230909880771736,0.7670934584225388,0.132222820989026,0.3886250280789725,True,-0.0024357854793801703,75.5783501167091,1016.2259617941048
930,mpc,0.004530503056132241,0.45230909880771736,0.7670934584225388,0.132222820989026,0.3886250280789725,True,-0.008004322199103076,76.53503809286998,1015.206990269293
931,rule,0.004106970876226961,0.45239164358828704,1.120733826564045,0.10005191832633442,0.5723564891051306,True,0.0028489825722257667,83.37238234709625,1493.529439624401
931,mpc,0.004106970876226961,0.45239164358828704,1.120733826564045,0.10005191832633442,0.5723564891051306,True,-0.00638850682812242,84.42772895908482,1492.0959360465838
932,rule,0.003525049287616573,0.4689667156527601,0.7742657453774364,0.1424324081150906,0.2699008898095241,True,-9.03651711299247e-05,97.13564782882762,702.2214812771927
932,mpc,0.003525049287616573,0.4689667156527601,0.7742657453774364,0.1424324081150906,0.2699008898095241,True,-0.006716772009960792,98.36521299121786,701.5903712695203
933,rule,0.004333334728499019,0.3128009168066333,1.1746464473860168,0.14066757003771974,0.5472760855036972,True,0.005985023735931461,79.0171929090247,1429.6938894752634
933,mpc,0.004333334728499019,0.3128009168066333,1.1746464473860168,0.14066757003771974,0.5472760855036972,True,-0.004312814736941339,80.01741054078451,1428.2886513092412
934,rule,0.004785421201807433,0.07028457329690954,1.1311480139723045,0.09557087301169699,0.2668063535007449,True,0.014020515192182725,71.55231101744128,698.5506476870136
934,mpc,0.004785421201807433,0.07028457329690954,1.1311480139723045,0.09557087301169699,0.2668063535007449,True,-0.0008170030890870539,72.45803647335828,697.8326059023647
935,rule,0.0041730698105706815,0.10542010944505409,0.7810598024611934,0.1483189382878144,0.4714650401976994,True,0.00905518132173988,82.05181358668852,1230.6654556075096
935,mpc,0.0041730698105706815,0.10542010944505409,0.7810598024611934,0.1483189382878144,0.4714650401976994,True,-0.0017608403604392198,83.09044413841877,1229.4759082886324
936,rule,0.005759769090664786,0.07821349146687513,0.8685831530002622,0.15973219853293616,0.5544135394496092,True,0.00965462250729332,59.448207174857906,1458.3485224170824
936,mpc,0.005759769090664786,0.07821349146687513,0.8685831530002622,0.15973219853293616,0.5544135394496092,True,-0.0013898807953329761,60.200716126438394,1456.7150068659603
937,rule,0.005121877803491163,0.09795461340841667,1.2660011968515779,0.10482038110020708,0.5666666278148655,True,0.013133261231400017,66.85203343738341,1486.0628756012618
937,mpc,0.005121877803491163,0.09795461340841667,1.2660011968515779,0.10482038110020708,0.5666666278148655,True,-0.0012549621325661509,67.6982617087427,1484.4869491320387
938,rule,0.002565204340703516,0.14995269974802436,0.7593229555269991,0.08795704916012279,0.3136111674734774,True,0.010846120865023567,133.48174285689717,811.8805846872939
938,mpc,0.002565204340703516,0.14995269974802436,0.7593229555269991,0.08795704916012279,0.3136111674734774,True,-0.002089125117541446,135.17138517154146,811.2373096680907
939,rule,0.0030835075270963528,0.25608168961727434,0.7519115392740529,0.061558027828763184,0.19284011646703783,True,0.0071212661995393445,111.0449522734321,500.58647191271587
939,mpc,0.0030835075270963528,0.25608168961727434,0.7519115392740529,0.061558027828763184,0.19284011646703783,True,-0.004495560143553012,112.45058458069074,500.16063222079754
940,rule,0.007636349080419339,0.05553514747099201,1.0271794672985006,0.14202985928970593,0.4975831495328349,False,,44.83922127907493,1320.06653364828
940,mpc,0.007636349080419339,0.05553514747099201,1.0271794672985006,0.14202985928970593,0.4975831495328349,False,,45.40680635855689,1318.3761032052403
941,rule,0.00502988657778974,0.19361273911834503,1.1509168585476628,0.12304889098322863,0.6050017836810234,True,0.008552913340489021,68.07468536032991,1585.8918094046746
941,mpc,0.00502988657778974,0.19361273911834503,1.1509168585476628,0.12304889098322863,0.6050017836810234,True,-0.0031402211496547316,68.93639023830879,1584.2240163282383
942,rule,0.005219869282470729,0.28023906376613705,0.9542680686328471,0.1506413767071976,0.6077818467672835,True,0.0033458423777270596,65.5970346481762,1594.636728645285
942,mpc,0.005219869282470729,0.28023906376613705,0.9542680686328471,0.1506413767071976,0.6077818467672835,True,-0.005084740167821344,66.42737685891262,1592.9307695434002
943,rule,0.0032589346320577536,0.11926595880826737,1.0186235686355296,0.0786299782801225,0.46531722104862483,True,0.013224486147147774,105.06744836578088,1208.9974571222456
943,mpc,0.0032589346320577536,0.11926595880826737,1.0186235686355296,0.0786299782801225,0.46531722104862483,True,-0.0015478597627667234,106.39741606661356,1207.9456862503882
944,rule,0.0047061174590809305,0.16114812188344432,1.3115326604431905,0.09715549057750557,0.5087923553914959,True,0.011593095597662972,72.7580535671655,1331.601211590078
944,mpc,0.0047061174590809305,0.16114812188344432,1.3115326604431905,0.09715549057750557,0.5087923553914959,True,-0.002240935120878973,73.67904158700306,1330.2428299864603
945,rule,0.005507737910627425,0.47434765499782405,0.767293864286426,0.09129845158359319,0.33231600419735097,True,-0.005689594320847036,62.168525760910256,873.0954946668907
945,mpc,0.005507737910627425,0.47434765499782405,0.767293864286426,0.09129845158359319,0.33231600419735097,True,-0.010202920359268841,62.955469124972424,872.1378201160568
946,rule,0.004301652078738668,0.23264998873963844,1.290565857033537,0.09664456241149841,0.28871324781982666,True,0.009716951350419611,79.59917257687286,754.110610439921
946,mpc,0.004301652078738668,0.23264998873963844,1.290565857033537,0.09664456241149841,0.28871324781982666,True,-0.0032014091944563283,80.60675703987125,753.3718190813308
947,rule,0.007689677221381881,0.1603185388345141,0.8277320148985131,0.12122275711324482,0.17806491457521265,False,,44.52825994166376,472.50898467427345
947,mpc,0.007689677221381881,0.1603185388345141,0.8277320148985131,0.12122275711324482,0.17806491457521265,False,,45.09190880168482,471.90189801688626
948,rule,0.0033713847076219656,0.07744277942025246,0.6762657463809804,0.054958587928234076,0.2132251012879451,True,0.013058094021638822,101.56300033249644,554.3271144036837
948,mpc,0.0033713847076219656,0.07744277942025246,0.6762657463809804,0.054958587928234076,0.2132251012879451,True,-0.0015324325716412623,102.84860793164198,553.8380977008369
949,rule,0.003799107126596637,0.48598905397267306,1.0623828379580789,0.16910732372760648,0.5108722818777098,True,0.002015758437127313,90.12853146047588,1331.0280248753995
949,mpc,0.003799107126596637,0.48598905397267306,1.0623828379580789,0.16910732372760648,0.5108722818777098,True,-0.005873944435068834,91.26939894731734,1329.7930817368858
950,rule,0.004724200723967378,0.46865924861433056,1.2150402259634432,0.1250683014369014,0.6349618404320078,True,0.001846714559997964,72.4795507616851,1661.9563436238527
950,mpc,0.004724200723967378,0.46865924861433056,1.2150402259634432,0.1250683014369014,0.6349618404320078,True,-0.006629593983656923,73.39701342955455,1660.2580040639498
951,rule,0.004223572454970219,0.34468558729370496,1.007321846850913,0.07844511155134067,0.46655406324758,True,0.004382100935019562,81.07069307601058,1218.1528074849282
951,mpc,0.004223572454970219,0.34468558729370496,1.007321846850913,0.07844511155134067,0.46655406324758,True,-0.005800046740224829,82.09690438077021,1216.9690711475705
952,rule,0.0036606725004832037,0.24491451436778516,0.9619421706993975,0.07291713171378514,0.6225252852936529,True,0.008267352172311893,93.53689687782388,1620.7909338805648
952,mpc,0.0036606725004832037,0.24491451436778516,0.9619421706993975,0.07291713171378514,0.6225252852936529,True,-0.003974540041298047,94.72090823070775,1619.3108373410614
953,rule,0.0035311191946574023,0.2570993892486949,1.3311242314563825,0.16305261221003184,0.5448065279538252,True,0.009363327379084962,96.96867403945122,1417.50815399668
953,mpc,0.0035311191946574023,0.2570993892486949,1.3311242314563825,0.16305261221003184,0.5448065279538252,True,-0.00262520241428299,98.19612560957086,1416.2332702465226
954,rule,0.006405654698422382,0.0531680209672034,0.888688727458796,0.060299592311104384,0.6027318489481676,True,0.01394095929669914,53.45401247830502,1590.2114014191027
954,mpc,0.006405654698422382,0.0531680209672034,0.888688727458796,0.060299592311104384,0.6027318489481676,True,-0.0010070649410407473,54.13064554765065,1588.338459581324
955,rule,0.007973582702435481,0.21221717168191628,0.714673813270239,0.1742028338759845,0.18263486548404237,False,,42.942797354644206,485.2357429445794
955,mpc,0.007973582702435481,0.21221717168191628,0.714673813270239,0.1742028338759845,0.18263486548404237,False,,43.486377067994134,484.60145746767785
956,rule,0.0037940055603265196,0.3728371422141123,1.043908728810584,0.10564238992658015,0.2456849485239563,True,0.004728236350753368,90.24972176153447,640.0917123908287
956,mpc,0.0037940055603265196,0.3728371422141123,1.043908728810584,0.10564238992658015,0.2456849485239563,True,-0.005287802062051927,91.39212330281974,639.498171103366
957,rule,0.005719257076853615,0.2037032785332285,0.9754378994775044,0.10478671846125925,0.5813423459745916,True,0.006026159809959131,59.86930497790371,1528.8915361788036
957,mpc,0.005719257076853615,0.2037032785332285,0.9754378994775044,0.10478671846125925,0.5813423459745916,True,-0.0043528264552763485,60.62714428142149,1527.1846729378149
958,rule,0.005533941671848279,0.3886232187328107,0.8764288635801863,0.17615119453104494,0.3021665532912369,True,-0.0013029417858010373,61.874151641866234,793.9823692977973
958,mpc,0.005533941671848279,0.3886232187328107,0.8764288635801863,0.17615119453104494,0.3021665532912369,True,-0.007055859606411419,62.657368751256946,793.1095377252531
959,rule,0.003732488380092281,0.05215038480446569,1.248313374743164,0.0684863373526447,0.33242184771965066,True,0.016649638309818693,91.73717673374713,865.8006564480647
959,mpc,0.003732488380092281,0.05215038480446569,1.248313374743164,0.0684863373526447,0.33242184771965066,True,-0.0003013394283222226,92.89840681898445,865.0034314897295
960,rule,0.005365357769523599,0.26083356616120706,1.1251391089384484,0.08671897048162117,0.5436587185251215,True,0.006009638583008958,63.818287780571666,1427.3899553063318
960,mpc,0.005365357769523599,0.26083356616120706,1.1251391089384484,0.08671897048162117,0.5436587185251215,True,-0.004889664630544077,64.62611420817385,1425.8432967136232
961,rule,0.00554933763431574,0.13960606585012497,1.0007435562285432,0.1608159452945553,0.36361161002832953,True,0.00821452455573235,61.702489332027035,955.5070595970841
961,mpc,0.00554933763431574,0.13960606585012497,1.0007435562285432,0.1608159452945553,0.36361161002832953,True,-0.00247063176906015,62.48353350078688,954.4552970723654
962,rule,0.005036210986047889,0.4544298302950789,1.0793380938105195,0.17172396141995838,0.4206301329660155,True,0.000156976190298308,67.98919805579551,1102.6318877367091
962,mpc,0.005036210986047889,0.4544298302950789,1.0793380938105195,0.17172396141995838,0.4206301329660155,True,-0.006752759670761721,68.84982081599546,1101.4716406915302
963,rule,0.004709333177208177,0.4198126035863249,1.201258141060556,0.1231590345515767,0.2084304282464843,True,0.002928420623369399,72.70837150328191,545.508537884898
963,mpc,0.004709333177208177,0.4198126035863249,1.201258141060556,0.1231590345515767,0.2084304282464843,True,-0.00608969165725215,73.62873063623486,544.9518855948601
964,rule,0.003961518247619321,0.3529369564587333,0.8180939318314688,0.058617099531150754,0.4695602888291316,True,0.0025931551692562893,86.4335148240081,1224.3958911610446
964,mpc,0.003961518247619321,0.3529369564587333,0.8180939318314688,0.058617099531150754,0.4695602888291316,True,-0.0068169025522550886,87.52760994836264,1223.2391078386734
965,rule,0.0046231822653079666,0.20914012729806136,0.9991158791092702,0.1470697662600214,0.43246114847513484,True,0.006955941378582686,74.06325914307732,1131.369176304347
965,mpc,0.0046231822653079666,0.20914012729806136,0.9991158791092702,0.1470697662600214,0.43246114847513484,True,-0.003390165929714861,75.00076875248337,1130.2243249824803
966,rule,0.0054006627305454614,0.21853447689764693,0.8858661708526799,0.17431203064099726,0.2010979476867684,True,0.0042559077477214435,63.40109784019049,528.0767118003992
966,mpc,0.0054006627305454614,0.21853447689764693,0.8858661708526799,0.17431203064099726,0.2010979476867684,True,-0.004137871623360656,64.20364338247138,527.5027602610288
967,rule,0.002978470956516969,0.08851998853030116,1.256051674121499,0.12071613798895872,0.49181593421086367,True,0.014260580826518932,114.96098205422685,1275.98872075695
967,mpc,0.002978470956516969,0.08851998853030116,1.256051674121499,0.12071613798895872,0.49181593421086367,True,-0.0006871375862449458,116.41618435871074,1274.9181306058458
968,rule,0.003808276404077264,0.3020360092605703,1.0576831184813043,0.1516469069343853,0.6455214159982611,True,0.006089535139756075,89.91152685624135,1681.9212248327158
968,mpc,0.003808276404077264,0.3020360092605703,1.0576831184813043,0.1516469069343853,0.6455214159982611,True,-0.003964728933573358,91.04964744935832,1680.359099011599
969,rule,0.004345167113734396,0.10052445196558071,1.0249832695943792,0.08515645923072773,0.6104346914662558,True,0.012732983794889963,78.80202008776257,1594.7817806808935
969,mpc,0.004345167113734396,0.10052445196558071,1.0249832695943792,0.08515645923072773,0.6104346914662558,True,-0.0015390868400799729,79.79951401292412,1593.212370369823
970,rule,0.004065042859580106,0.38165680160275306,1.0935860099240198,0.1521151950282773,0.5880028559706123,True,0.004020787208021681,84.23230898395785,1534.035835296542
970,mpc,0.004065042859580106,0.38165680160275306,1.0935860099240198,0.1521151950282773,0.5880028559706123,True,-0.005069275440362508,85.29854074324848,1532.5700754026534
971,rule,0.0017154110083910912,0.11397065062570273,1.0495810608844047,0.17589365624764397,0.5468872945363349,True,0.012130743889037232,199.6069423049421,1409.3242537347842
971,mpc,0.0017154110083910912,0.11397065062570273,1.0495810608844047,0.17589365624764397,0.5468872945363349,True,-0.0006895086549816298,202.1336124607009,1408.3491330464979
972,rule,0.005041325224889314,0.29584750773761853,1.086516668887762,0.08849808463376309,0.6219867557814818,True,0.004970928158308019,67.92022551742849,1630.504601509068
972,mpc,0.005041325224889314,0.29584750773761853,1.086516668887762,0.08849808463376309,0.6219867557814818,True,-0.005365056951621705,68.77997520752254,1628.7880968481368
973,rule,0.0050235450080739165,0.1364349299311448,0.834101360187779,0.08824745124822303,0.32755748121707173,True,0.00876736945927059,68.16062076299903,858.6004648746101
973,mpc,0.0050235450080739165,0.1364349299311448,0.834101360187779,0.08824745124822303,0.32755748121707173,True,-0.003050323151093437,69.0234134308851,857.6980474441712
974,rule,0.004077093634557639,0.16608500013835142,1.1545067865527332,0.1559599542917802,0.304037883250739,True,0.009929538213021782,83.98334128971608,793.2497976430418
974,mpc,0.004077093634557639,0.16608500013835142,1.1545067865527332,0.1559599542917802,0.304037883250739,True,-0.002080622361570361,85.04642155920617,792.4908680901448
975,rule,0.003847037176268119,0.10765804739609189,0.9853219425287395,0.16764289896975065,0.570396438359358,True,0.010450989926989673,89.00562445651786,1486.4723866613003
975,mpc,0.003847037176268119,0.10765804739609189,0.9853219425287395,0.16764289896975065,0.570396438359358,True,-0.0013163301572254316,90.13227793065101,1485.0857469691261
976,rule,0.0038615582298915526,0.45588080699998357,1.254625532327966,0.16647783099503383,0.3886393594207561,True,0.004142773048182002,88.67092655256923,1012.8815288518745
976,mpc,0.0038615582298915526,0.45588080699998357,1.254625532327966,0.16647783099503383,0.3886393594207561,True,-0.0051121999071610524,89.79334334437392,1011.9351338643364
977,rule,0.006071700464702256,0.378716048555174,0.9922584382001632,0.13693210802226757,0.5699944975170128,True,-0.0007130114963478373,56.39407743708156,1501.521046642337
977,mpc,0.006071700464702256,0.378716048555174,0.9922584382001632,0.13693210802226757,0.5699944975170128,True,-0.007378335030725269,57.107926518563616,1499.7968446746368
978,rule,0.005157895828123324,0.18918959037495026,0.9097603086985042,0.05179796612174348,0.20179936416307467,True,0.007651468853163923,66.38520001009144,529.3032870205066
978,mpc,0.005157895828123324,0.18918959037495026,0.9097603086985042,0.05179796612174348,0.20179936416307467,True,-0.004469479530782472,67.22551899756097,528.740155225718
979,rule,0.007990882401301889,0.1697623351009918,0.8957865246882993,0.13389979807215813,0.5149554406671508,False,,42.849829216032184,1368.26844853947
979,mpc,0.007990882401301889,0.1697623351009918,0.8957865246882993,0.13389979807215813,0.5149554406671508,False,,43.39223211750096,1366.4780458432683
980,rule,0.0037436466924621087,0.3015820893475978,0.9181184668488779,0.08817252275212474,0.4086555599987509,True,0.005658809383481178,91.46374492834137,1064.4133887411735
980,mpc,0.0037436466924621087,0.3015820893475978,0.9181184668488779,0.08817252275212474,0.4086555599987509,True,-0.004908465449292798,92.62151385148495,1063.4320287764176
981,rule,0.0027183139103690657,0.19900146867360108,0.997827197874634,0.1564104269062075,0.5812700293174357,True,0.00966278931487563,125.96335723959649,1506.017036801073
981,mpc,0.0027183139103690657,0.19900146867360108,0.997827197874634,0.1564104269062075,0.5812700293174357,True,-0.0020271472184809625,127.55783011604711,1504.7974816946376
982,rule,0.003786935824934541,0.4314251795486041,0.9691731133867143,0.1714423176192218,0.2750962828857859,True,0.0022328185088575925,90.41820670069099,716.6924708948975
982,mpc,0.003786935824934541,0.4314251795486041,0.9691731133867143,0.1714423176192218,0.2750962828857859,True,-0.005551874996547745,91.56274096272507,716.0284323288481
983,rule,0.002950092512723917,0.2656079484567068,0.9233423583004018,0.07837502489845061,0.35653024020776347,True,0.008687683983780059,116.0668503460004,924.8606189505879
983,mpc,0.002950092512723917,0.2656079484567068,0.9233423583004018,0.07837502489845061,0.35653024020776347,True,-0.003679817611083269,117.53605098329156,924.0875608134467
984,rule,0.0067215364066964,0.23841467061574323,1.3374460397619645,0.14298796113864046,0.24068290669632167,True,0.006128182694985718,50.94191647017722,635.9195288767421
984,mpc,0.0067215364066964,0.23841467061574323,1.3374460397619645,0.14298796113864046,0.24068290669632167,True,-0.0042215472739675075,51.58675085587567,635.1532163978399
985,rule,0.007824207441530007,0.48665427814665696,1.2086529060735356,0.16191502644734485,0.1758336635763946,False,,43.76263650216129,466.8625847736395
985,mpc,0.007824207441530007,0.48665427814665696,1.2086529060735356,0.16191502644734485,0.1758336635763946,False,,44.3165939262393,466.2577805539043
986,rule,0.0036829870626305518,0.23181801364758847,1.289697253782497,0.17097839477358096,0.5377631924500313,True,0.009336821628925684,92.97017349189933,1400.2652909562737
986,mpc,0.0036829870626305518,0.23181801364758847,1.289697253782497,0.17097839477358096,0.5377631924500313,True,-0.00246349701537385,94.14701113103732,1398.9832641660007
987,rule,0.0037568728336048454,0.4131630421120065,1.1144058118622069,0.10310007354119637,0.19663040255576755,True,0.004546395503377432,91.14174510203775,512.1918796346782
987,mpc,0.0037568728336048454,0.4131630421120065,1.1144058118622069,0.10310007354119637,0.19663040255576755,True,-0.005522007183832445,92.29543807801294,511.7189384863357
988,rule,0.003757321673574725,0.3829303419716346,0.8893543054926506,0.08184525195115827,0.294593841383447,True,0.0030440819271542185,91.13085754390983,767.3732772058313
988,mpc,0.003757321673574725,0.3829303419716346,0.8893543054926506,0.08184525195115827,0.294593841383447,True,-0.0062813714676355215,92.2844127026935,766.664673643116
989,rule,0.005557230803859961,0.23036432258386558,1.2576833117295858,0.09948163696695575,0.38150010502882103,True,0.007758305349508832,61.61485068126956,1002.5523520813754
989,mpc,0.005557230803859961,0.23036432258386558,1.2576833117295858,0.09948163696695575,0.38150010502882103,True,-0.003962621701860458,62.39478550001982,1001.4480711237484
990,rule,0.004402252176324167,0.20553916953370044,0.9812624617368644,0.06126746540552295,0.6229148432898512,True,0.008722656174928067,77.78017534358744,1627.8465104749673
990,mpc,0.004402252176324167,0.20553916953370044,0.9812624617368644,0.06126746540552295,0.6229148432898512,True,-0.003921842351483074,78.76473452515185,1626.235187622447
991,rule,0.002727282369339594,0.3200525159039118,0.7584905928863435,0.1335794928082169,0.17622402468185935,True,0.005199247723907119,125.54913639693879,456.6017638306618
991,mpc,0.002727282369339594,0.3200525159039118,0.7584905928863435,0.1335794928082169,0.17622402468185935,True,-0.004090539458889264,127.13836597158361,456.23154868133776
992,rule,0.0031656762820694104,0.0871773988241657,0.9711401732050913,0.1671015362302819,0.42235552177645186,True,0.011393078944962998,108.16265330747912,1096.844405041806
992,mpc,0.0031656762820694104,0.0871773988241657,0.9711401732050913,0.1671015362302819,0.42235552177645186,True,-0.0008599407102114487,109.5318008177004,1095.9014063107522
993,rule,0.004591263858573516,0.07071942319108532,0.9951451679173766,0.17388145306831,0.6161896756689743,True,0.011160367777070523,74.57814595904486,1611.772136027075
993,mpc,0.004591263858573516,0.07071942319108532,0.9951451679173766,0.17388145306831,0.6161896756689743,True,-0.0008125883744558582,75.5221731230834,1610.1462610059866
994,rule,0.006432436702032744,0.39568716554719935,0.9315766092090684,0.14114502061392226,0.5548632184163172,True,-0.002568915159661067,53.23145209854567,1464.0976124175509
994,mpc,0.006432436702032744,0.39568716554719935,0.9315766092090684,0.14114502061392226,0.5548632184163172,True,-0.008170657331184827,53.90526794789436,1462.3697885757779
995,rule,0.005043233000215448,0.4134797309052633,1.1055254407667543,0.1456865520964647,0.4335426688575261,True,0.0014296066892636183,67.89453236972304,1136.519099609679
995,mpc,0.005043233000215448,0.4134797309052633,1.1055254407667543,0.1456865520964647,0.4335426688575261,True,-0.006422066460194165,68.75395683009928,1135.3224268855352
996,rule,0.008792638642658822,0.1014833306193633,0.7066277496392649,0.08617661291557535,0.28429770693289846,False,,38.94257004034477,757.9877913079497
996,mpc,0.008792638642658822,0.1014833306193633,0.7066277496392649,0.08617661291557535,0.28429770693289846,False,,39.4355139649061,756.949997327028
997,rule,0.004015999502041815,0.24508818250938158,0.659033554060978,0.16265438297769433,0.3002005459576329,True,0.0029577795530048023,85.26095334600913,782.9982601046685
997,mpc,0.004015999502041815,0.24508818250938158,0.659033554060978,0.16265438297769433,0.3002005459576329,True,-0.004421049439206515,86.34020592000925,782.2540774844178
998,rule,0.003817033097750499,0.19393993893292877,1.105629156408016,0.05200003178031726,0.5166779491819135,True,0.011375850481290306,89.70525992634833,1346.2761341064547
998,mpc,0.003817033097750499,0.19393993893292877,1.105629156408016,0.05200003178031726,0.5166779491819135,True,-0.003025651769635207,90.84076954566922,1345.0245094186994
999,rule,0.004719421544018658,0.23022926610803646,0.8991168912392032,0.11533208367877748,0.18002033693471156,True,0.005560428656027905,72.5529480652448,471.1762750575899
999,mpc,0.004719421544018658,0.23022926610803646,0.8991168912392032,0.11533208367877748,0.18002033693471156,True,-0.004370082889486371,73.47133981290614,470.6950054842127
1000,rule,0.005636794987244509,0.19778807502631907,1.0942355180624197,0.14758676188432113,0.20993102109199716,True,0.006890589197094954,60.74514807723491,551.8899085018961
1000,mpc,0.005636794987244509,0.19778807502631907,1.0942355180624197,0.14758676188432113,0.20993102109199716,True,-0.003510072749964399,61.51407400226321,551.2779587846862
1001,rule,0.00496601613010218,0.32481856583023977,0.7145640090878593,0.07768370470927174,0.3338229018572739,True,-0.0005726843003597271,68.95022835419944,874.7800794721428
1001,mpc,0.00496601613010218,0.32481856583023977,0.7145640090878593,0.07768370470927174,0.3338229018572739,True,-0.007755947168846644,69.82301605488553,873.8655137949465
1002,rule,0.0051414343407651135,0.2787249542500472,1.1956752461366915,0.13261395522127142,0.6216822494765513,True,0.005881981101814926,66.5977475324966,1630.4928013985716
1002,mpc,0.0051414343407651135,0.2787249542500472,1.1956752461366915,0.13261395522127142,0.6216822494765513,True,-0.004424911586580871,67.44075699493328,1628.7606635581822
1003,rule,0.00499418104725566,0.10222581691205271,1.0686360402800208,0.05304639657221783,0.4876708735517704,True,0.013425452226198398,68.5613803226735,1278.1115731390723
1003,mpc,0.00499418104725566,0.10222581691205271,1.0686360402800208,0.05304639657221783,0.4876708735517704,True,-0.001820601645955433,69.42924589637823,1276.7718542504667
1004,rule,0.003369732390101449,0.29631265876108026,1.0083161861738736,0.13695043034965143,0.6061569020514216,True,0.006802888569734988,101.61280082270112,1575.8292566266769
1004,mpc,0.003369732390101449,0.29631265876108026,1.0083161861738736,0.13695043034965143,0.6061569020514216,True,-0.0037463739086356362,102.89903880779862,1574.4393724349309
1005,rule,0.004322834807544321,0.12029527682142817,0.9861204434278691,0.11056634846491045,0.509511787777566,True,0.010982833403554326,79.20912119602723,1330.9698449454058
1005,mpc,0.004322834807544321,0.12029527682142817,0.9861204434278691,0.11056634846491045,0.509511787777566,True,-0.0018903210835152784,80.21176829977442,1329.6630563999727
1006,rule,0.004757294681920718,0.2884994557079577,0.9000391620259108,0.0607772482798459,0.3077088646839208,True,0.003986939534621481,71.9753492425949,805.5308310402233
1006,mpc,0.004757294681920718,0.2884994557079577,0.9000391620259108,0.0607772482798459,0.3077088646839208,True,-0.006119230094910444,72.88642961275434,804.7050458427401
1007,rule,0.005103418498865585,0.3845457397979026,0.9150859562520435,0.10379911354388766,0.533314557850196,True,4.748770544726888e-05,67.09384038508607,1398.4739540991193
1007,mpc,0.005103418498865585,0.3845457397979026,0.9150859562520435,0.10379911354388766,0.533314557850196,True,-0.007366353598613484,67.94312950388463,1396.9933837786782
1008,rule,0.003720950758682046,0.3461780621996894,1.2393430705879365,0.16575525013458914,0.3094109253151762,True,0.006530277730719569,92.02162790847129,805.8210080171561
1008,mpc,0.003720950758682046,0.3461780621996894,1.2393430705879365,0.16575525013458914,0.3094109253151762,True,-0.003883459415342516,93.18645864148992,805.0799939513875
1009,rule,0.006052084487560261,0.3736405971480264,1.1345891542111768,0.12970350604224007,0.6273669276736582,True,0.0009944124833519696,56.57686155654048,1652.5049631245365
1009,mpc,0.006052084487560261,0.3736405971480264,1.1345891542111768,0.12970350604224007,0.6273669276736582,True,-0.0067963635991283855,57.293024361053654,1650.6102847403422
1010,rule,0.0036902829821550487,0.3922438933669829,0.9356050199627428,0.09003464286521742,0.36501991655125443,True,0.003468052739479366,92.78636566272866,950.499526843096
1010,mpc,0.0036902829821550487,0.3922438933669829,0.9356050199627428,0.09003464286521742,0.36501991655125443,True,-0.0060094451538244,93.96087662048473,949.6285530646356
1011,rule,0.005784328764424131,0.2060442402013279,0.7061082507437159,0.13899767333772395,0.2947400586833804,True,0.0023669974074549405,59.19579611157737,775.3839156943122
1011,mpc,0.005784328764424131,0.2060442402013279,0.7061082507437159,0.13899767333772395,0.2947400586833804,True,-0.00511969192052808,59.94510998640748,774.513659129987
1012,rule,0.005010640137493919,0.25840491031850477,1.2685245427707583,0.10352046545467788,0.3646052614889882,True,0.007620597729324774,68.33616799158901,955.6512751015107
1012,mpc,0.005010640137493919,0.25840491031850477,1.2685245427707583,0.10352046545467788,0.3646052614889882,True,-0.004042792408944784,69.20118277629267,954.6480424348301
1013,rule,0.003149237329953041,0.40270470505425143,0.9769641080858035,0.10157536653719923,0.38354448144058906,True,0.005007022500732816,108.72726006530884,995.9684831569579
1013,mpc,0.003149237329953041,0.40270470505425143,0.9769641080858035,0.10157536653719923,0.38354448144058906,True,-0.005168207423886129,110.1035544965153,995.1140116247855
1014,rule,0.002707013330311131,0.14132427629818134,0.7725986489761892,0.0572854586150116,0.4065432846470848,True,0.012120406837799691,126.48919838966155,1053.2534382584288
1014,mpc,0.002707013330311131,0.14132427629818134,0.7725986489761892,0.0572854586150116,0.4065432846470848,True,-0.0022263928920660536,128.0903274832016,1052.4018764622804
1015,rule,0.0018871842053658256,0.3678339117531078,1.314595137100532,0.1762195671048148,0.32253838763527454,True,0.010150747284049522,181.4385396018129,831.9581275141672
1015,mpc,0.0018871842053658256,0.3678339117531078,1.314595137100532,0.1762195671048148,0.32253838763527454,True,-0.00221405723635848,183.7352299765194,831.3651964556932
1016,rule,0.005584973779783909,0.18641708974559595,1.1068921318374856,0.14138881314877955,0.2155611479265623,True,0.0075485011829661275,61.30878311740819,566.5521979384391
1016,mpc,0.005584973779783909,0.18641708974559595,1.1068921318374856,0.14138881314877955,0.2155611479265623,True,-0.003278310728383138,62.08484366319817,565.9267020245994
1017,rule,0.004331912704108835,0.3297867816933589,1.1482679028994545,0.09524384370752595,0.15975371370866112,True,0.005793387940324135,79.04313165323207,417.33469495410645
1017,mpc,0.004331912704108835,0.3297867816933589,1.1482679028994545,0.09524384370752595,0.15975371370866112,True,-0.005000692566124343,80.04367762352615,416.9245590454188
1018,rule,0.0053336483552196105,0.34654613972352083,1.1719892936605114,0.05431412958400391,0.28641296735885524,True,0.0038758504265048455,64.19769796898892,751.8708038996673
1018,mpc,0.0053336483552196105,0.34654613972352083,1.1719892936605114,0.05431412958400391,0.28641296735885524,True,-0.006496256952375434,65.01032705720398,751.0583524617917
1019,rule,0.003426114046448336,0.3105634341908749,1.0549770125174984,0.15255389919567858,0.41715429031873275,True,0.006564513498636293,99.94061538498364,1084.7921706098034
1019,mpc,0.003426114046448336,0.3105634341908749,1.0549770125174984,0.15255389919567858,0.41715429031873275,True,-0.00373715144699327,101.20568646580624,1083.828770075925
1020,rule,0.005965742412748927,0.21251778485854406,1.226777837542777,0.10880449068449721,0.5946844019273142,True,0.00752381716440742,57.39569738201395,1565.7881975247938
1020,mpc,0.005965742412748927,0.21251778485854406,1.226777837542777,0.10880449068449721,0.5946844019273142,True,-0.003873774129974583,58.12222519697616,1564.0050806411336
1021,rule,0.005576483768375672,0.09866271741625335,0.8001751666703179,0.07383384532783642,0.5105469108342763,True,0.010240839825541359,61.40212370436439,1341.7995552731911
1021,mpc,0.005576483768375672,0.09866271741625335,0.8001751666703179,0.07383384532783642,0.5105469108342763,True,-0.0024812938410641028,62.179365776571544,1340.319210239073
1022,rule,0.002430674695563657,0.38367758423076753,1.3011325174580057,0.09274990771236603,0.2550670609120713,True,0.010070377537261255,140.86950705749666,659.8491163315095
1022,mpc,0.002430674695563657,0.38367758423076753,1.3011325174580057,0.09274990771236603,0.2550670609120713,True,-0.003326215547041933,142.6526653746802,659.3365269443008
1023,rule,0.004817396427524864,0.0633207025160156,0.7164444262851196,0.09623706603683928,0.3401186539562816,True,0.011350259561862752,71.07738616336155,890.63515370607
1023,mpc,0.004817396427524864,0.0633207025160156,0.7164444262851196,0.09623706603683928,0.3401186539562816,True,-0.001287842329333655,71.97709991226488,889.7168811702446
1024,rule,0.006875630930430933,0.17481102190212214,0.8027155292038535,0.06000666464531714,0.5853690689234156,True,0.004396753180753388,49.80022192082997,1547.7098177490443
1024,mpc,0.006875630930430933,0.17481102190212214,0.8027155292038535,0.06000666464531714,0.5853690689234156,True,-0.005592612278816134,50.43060447678985,1545.8245249256227
1025,rule,0.006283154953734117,0.42497146092030463,0.6524264811228746,0.08885517142735182,0.5151573638285798,True,-0.007936564716570116,54.49618045432542,1358.3942553131794
1025,mpc,0.006283154953734117,0.42497146092030463,0.6524264811228746,0.08885517142735182,0.5151573638285798,True,-0.011135154077175136,55.18600552336752,1356.8089297762708
1026,rule,0.005432096895801756,0.4677333554712828,1.156794090688676,0.08041314362710111,0.5314288003328483,True,-0.00020478110392896376,63.03421178768298,1395.7237455361194
1026,mpc,0.005432096895801756,0.4677333554712828,1.156794090688676,0.08041314362710111,0.5314288003328483,True,-0.008095812542609604,63.83211320271695,1394.2026641805362
1027,rule,0.003781664083446733,0.17190122772923755,1.2646991903098705,0.062051841068488475,0.6108739416881408,True,0.012896292236036055,90.54425211376818,1591.432173957238
1027,mpc,0.003781664083446733,0.17190122772923755,1.2646991903098705,0.062051841068488475,0.6108739416881408,True,-0.0022495961246093987,91.69038188736022,1589.9585434532512
1028,rule,0.0028370715933236494,0.22220753567278795,1.2380947474753903,0.16679325560781533,0.542646624919612,True,0.010409759644396721,120.69062585059751,1406.8252476256969
1028,mpc,0.0028370715933236494,0.22220753567278795,1.2380947474753903,0.16679325560781533,0.542646624919612,True,-0.001966893258027236,122.21835529174434,1405.6671455562325
1029,rule,0.0023553987266079057,0.2503078786928992,0.8112913118203902,0.09893032131742634,0.3602675659607041,True,0.008868251571971242,145.3715425389132,931.624846939729
1029,mpc,0.0023553987266079057,0.2503078786928992,0.8112913118203902,0.09893032131742634,0.3602675659607041,True,-0.0030116433436453427,147.21168864700073,930.909274009603
1030,rule,0.005419389769709013,0.3947801360513344,1.0607742528108157,0.09977635357057112,0.39200417593099635,True,0.0008143350499100199,63.182011394535344,1029.4821138885954
1030,mpc,0.005419389769709013,0.3947801360513344,1.0607742528108157,0.09977635357057112,0.39200417593099635,True,-0.007220087191028179,63.98178369066871,1028.3613926890152
1031,rule,0.0043250128110059105,0.3973437512118771,1.1362501182574067,0.17484362207185794,0.37537837901827564,True,0.0033846203116564277,79.16923281934648,980.5910504921872
1031,mpc,0.0043250128110059105,0.3973437512118771,1.1362501182574067,0.17484362207185794,0.37537837901827564,True,-0.005184161235848972,80.17137500693318,979.628058791997
1032,rule,0.006205684753560412,0.35941056716202874,1.2307614441087218,0.12868189908371314,0.17279172358956693,True,0.0020868598813830186,55.176496998938276,455.4633940435607
1032,mpc,0.006205684753560412,0.35941056716202874,1.2307614441087218,0.12868189908371314,0.17279172358956693,True,-0.006360486352111394,55.87493366981093,454.9349561971757
1033,rule,0.0033541263061135384,0.4242096672169137,1.3243210127732263,0.11362847747998328,0.33155259631333045,True,0.0069070329770616334,102.08558501720076,861.8698554500837
1033,mpc,0.0033541263061135384,0.4242096672169137,1.3243210127732263,0.11362847747998328,0.33155259631333045,True,-0.0045011048029905965,103.3778076123552,861.1111424714519
1034,rule,0.005200508110660249,0.31053425317096855,0.8233264094170158,0.16170747475864922,0.20884754430916155,True,0.0009272707327798724,65.84124837326934,547.9022288258303
1034,mpc,0.005200508110660249,0.31053425317096855,0.8233264094170158,0.16170747475864922,0.20884754430916155,True,-0.005931056282563407,66.67468189698162,547.3170854921738
1035,rule,0.00406062692751227,0.22700281745961237,0.7004579286411821,0.14441508418742394,0.2568565172558327,True,0.004134212113289681,84.32391162587258,670.0960457293045
1035,mpc,0.00406062692751227,0.22700281745961237,0.7004579286411821,0.14441508418742394,0.2568565172558327,True,-0.004195850193251971,85.39130291227605,669.4560790755748
1036,rule,0.0034511441192110865,0.11918653131773378,1.0939033879132096,0.07296754465732998,0.3911385335962333,True,0.01367340703760156,99.21577724764963,1017.2698162663263
1036,mpc,0.0034511441192110865,0.11918653131773378,1.0939033879132096,0.07296754465732998,0.3911385335962333,True,-0.0015238255497691533,100.47167316217684,1016.3636374593005
1037,rule,0.006377762076813342,0.3084535889422219,0.9837174781504228,0.06054575679294157,0.22179071727732988,True,0.0011021051556446837,53.68778923660755,585.08430077812
1037,mpc,0.006377762076813342,0.3084535889422219,0.9837174781504228,0.06054575679294157,0.22179071727732988,True,-0.007491796573359855,54.36738150542537,584.396617236501
1038,rule,0.0036324452138947454,0.3836458437507122,1.0895316447772538,0.0625627793797199,0.296703913138223,True,0.005759720525132073,94.2637606401914,772.3798238368121
1038,mpc,0.0036324452138947454,0.3836458437507122,1.0895316447772538,0.0625627793797199,0.296703913138223,True,-0.0055566365331261025,95.45697280019382,771.676806981855
1039,rule,0.006048909237889932,0.24393530135529362,0.8216194731955467,0.13354723623267528,0.5182367370227392,True,0.001949301628618172,56.606560408670774,1365.0323185249913
1039,mpc,0.006048909237889932,0.24393530135529362,0.8216194731955467,0.13354723623267528,0.5182367370227392,True,-0.00570159001848114,57.32309914802105,1363.4676296350808
1040,rule,0.005503498028970482,0.20798746787782096,1.0772958582120742,0.09991075652465614,0.41889079277032637,True,0.0071752362518544555,62.21642024376922,1100.5317233590092
1040,mpc,0.005503498028970482,0.20798746787782096,1.0772958582120742,0.09991075652465614,0.41889079277032637,True,-0.004025726963268417,63.00396986710809,1099.3250144643032
1041,rule,0.005517495701184835,0.40431345899104965,1.0801810734237778,0.0932758436385126,0.16504372660335884,True,0.0005578866349473799,62.05857960299886,433.64028157297474
1041,mpc,0.005517495701184835,0.40431345899104965,1.0801810734237778,0.0932758436385126,0.16504372660335884,True,-0.007453438969635684,62.84413124354317,433.16423984185127
1042,rule,0.004259039531379458,0.1592229954855222,0.9126450032162257,0.06924092242902148,0.17391649707684334,True,0.00997497071003095,80.39557831253114,454.168694268388
1042,mpc,0.004259039531379458,0.1592229954855222,0.9126450032162257,0.06924092242902148,0.17391649707684334,True,-0.003059632119621014,81.41324386079104,453.72571695415064
1043,rule,0.005866354282860228,0.10988251040907587,1.0834528242648154,0.10834097049152326,0.5702155489518939,True,0.010891615645075015,58.36809876648586,1500.6650072365737
1043,mpc,0.005866354282860228,0.10988251040907587,1.0834528242648154,0.10834097049152326,0.5702155489518939,True,-0.001987443971046554,59.106935459732526,1498.9695310215563
1044,rule,0.005485944449823786,0.11940195509357202,1.06360067898696,0.12120537796338555,0.3528501047499194,True,0.010330421352371277,62.41549642234923,926.948930326397
1044,mpc,0.005485944449823786,0.11940195509357202,1.06360067898696,0.12120537796338555,0.3528501047499194,True,-0.0020746010353067668,63.20556599731568,925.9340665427306
1045,rule,0.003970739698611645,0.49681419996608267,1.3032204222213752,0.08396616464268372,0.16671964103841416,True,0.003982990718779167,86.23278587133395,434.74780391657373
1045,mpc,0.003970739698611645,0.49681419996608267,1.3032204222213752,0.08396616464268372,0.16671964103841416,True,-0.0062575165012526135,87.32434012286984,434.33664711138266
1046,rule,0.008527419403669217,0.40838535455951,1.0248377959518056,0.14273387770283452,0.19853809839760297,False,,40.153759299542635,528.7440636517823
1046,mpc,0.008527419403669217,0.40838535455951,1.0248377959518056,0.14273387770283452,0.19853809839760297,False,,40.662034733714066,528.0305353383416
1047,rule,0.004275780701311084,0.4122516481713405,0.745613924936417,0.09740243238530603,0.25317031831257975,True,-0.0011695329570839963,80.08080163610602,661.1885659967995
1047,mpc,0.004275780701311084,0.4122516481713405,0.745613924936417,0.09740243238530603,0.25317031831257975,True,-0.007834306061343055,81.09448266947444,660.5425450308495
1048,rule,0.004862581173563273,0.29705783622276655,0.6866632095742697,0.07158349922087798,0.6218100504141626,True,0.0002432907288918429,70.41691109297585,1628.6305505943312
1048,mpc,0.004862581173563273,0.29705783622276655,0.6866632095742697,0.07158349922087798,0.6218100504141626,True,-0.00741102121888404,71.30826439795024,1626.944200752257
1049,rule,0.004118139195128193,0.4659017328885209,1.0812267482188462,0.16287507191545803,0.22722703222087845,True,0.0018817035306077923,83.14627795637792,592.9682183114137
1049,mpc,0.004118139195128193,0.4659017328885209,1.0812267482188462,0.16287507191545803,0.22722703222087845,True,-0.0060229779932094996,84.19876248747131,592.3984013038137
1050,rule,0.005061952231662201,0.08724962592945604,0.7002318610348647,0.08038626761412579,0.4871370094439681,True,0.010136158931461026,67.64345661727947,1277.1304302081837
1050,mpc,0.005061952231662201,0.08724962592945604,0.7002318610348647,0.08038626761412579,0.4871370094439681,True,-0.0022014073669927026,68.49970290357416,1275.7834060282455
1051,rule,0.005102147443911717,0.05774510192545795,1.0405250868568385,0.06195381848942972,0.39009846878655896,True,0.01516589209441499,67.11055490757546,1022.9220256126979
1051,mpc,0.005102147443911717,0.05774510192545795,1.0405250868568385,0.06195381848942972,0.39009846878655896,True,-0.0007347807627096081,67.96005560260808,1021.8391782394149
1052,rule,0.0048526189442685465,0.3699816409843222,1.296633919372626,0.13558942891500841,0.4802621168188608,True,0.0046323956573395275,70.56147414698674,1257.8305480408274
1052,mpc,0.0048526189442685465,0.3699816409843222,1.296633919372626,0.13558942891500841,0.4802621168188608,True,-0.00518314819326382,71.45465736403722,1256.529360763132
1053,rule,0.0040925435019756,0.36217695485408274,1.0878543747209266,0.12376596079002183,0.28181534395283614,True,0.004597537289790621,83.66629359367641,735.3269414442487
1053,mpc,0.0040925435019756,0.36217695485408274,1.0878543747209266,0.12376596079002183,0.28181534395283614,True,-0.00513190105010608,84.72536060119131,734.6222589309687
1054,rule,0.0030820195114152657,0.20761900321973698,1.1139442141028149,0.09307708202800949,0.4631415424670978,True,0.011147217861330883,111.09856537668354,1202.242575334186
1054,mpc,0.0030820195114152657,0.20761900321973698,1.1139442141028149,0.09307708202800949,0.4631415424670978,True,-0.002469905725594135,112.50487633081877,1201.22004747439
1055,rule,0.006979838835472775,0.305738002432009,1.2912654170063949,0.13454607475131863,0.21019279371358604,True,0.0031589403056153653,49.05671237579375,556.0085009279536
1055,mpc,0.006979838835472775,0.305738002432009,1.2912654170063949,0.13454607475131863,0.21019279371358604,True,-0.005757277519126358,49.677683418525326,555.3263475954575
1056,rule,0.007004289581982446,0.06143291688448944,1.3133015794654423,0.1075810277348708,0.5109530547640574,True,0.014077942619700634,48.88546399651717,1351.737384656278
1056,mpc,0.007004289581982446,0.06143291688448944,1.3133015794654423,0.1075810277348708,0.5109530547640574,True,-0.00059327063311998,49.504267338245235,1350.076205996435
1057,rule,0.003544781690944996,0.44573551458599714,0.8881497100591285,0.10435311618553825,0.24686585320814522,True,0.0018987379277035643,96.5949319406187,642.3542325850025
1057,mpc,0.003544781690944996,0.44573551458599714,0.8881497100591285,0.10435311618553825,0.24686585320814522,True,-0.006499805354717836,97.8176525980949,641.7755702712439
1058,rule,0.0058956383483325615,0.20392046753882087,1.2624255871615162,0.08839250258791778,0.4604637541715091,True,0.008511142248018855,58.078180164837434,1211.9917855458862
1058,mpc,0.0058956383483325615,0.20392046753882087,1.2624255871615162,0.08839250258791778,0.4604637541715091,True,-0.0037178473151846525,58.81334700236704,1210.619241669336
1059,rule,0.0041412756816782475,0.254436611637212,1.2353296451873517,0.10033474408900514,0.30733981304019076,True,0.008887902880204246,82.68175617867166,802.1220135770508
1059,mpc,0.0041412756816782475,0.254436611637212,1.2353296451873517,0.10033474408900514,0.30733981304019076,True,-0.003511714603298799,83.72836068726245,801.3493039619342
1060,rule,0.003154323245293487,0.17130700631942727,0.7301992174074035,0.1793854181091723,0.5581698380814509,True,0.0069901194942220135,108.55195221101208,1449.4647854528155
1060,mpc,0.003154323245293487,0.17130700631942727,0.7301992174074035,0.1793854181091723,0.5581698380814509,True,-0.0023072004116280187,109.92602755545529,1448.2204347688876
1061,rule,0.005225717483989842,0.3594256963090309,1.0985132284952344,0.09183300085152041,0.42590718207697753,True,0.002694846504296522,65.52362373783633,1117.4836629204053
1061,mpc,0.005225717483989842,0.3594256963090309,1.0985132284952344,0.09183300085152041,0.42590718207697753,True,-0.006450270660447677,66.35303669654313,1116.2875466006724
1062,rule,0.003217716177809054,0.2809341549929747,1.0304387651248939,0.1021296037492081,0.3714926997334743,True,0.008216200961190023,106.41334637983174,965.0150341639257
1062,mpc,0.003217716177809054,0.2809341549929747,1.0304387651248939,0.1021296037492081,0.3714926997334743,True,-0.0036297622364849236,107.76035076438657,964.1798653800397
1063,rule,0.005424429343106458,0.05116024141985177,0.9019373089006895,0.15187496367546005,0.3929593294680227,True,0.011547642423264115,63.12331206163213,1032.015298996309
1063,mpc,0.005424429343106458,0.05116024141985177,0.9019373089006895,0.15187496367546005,0.3929593294680227,True,-0.0006236656109883665,63.92234132823508,1030.8913332055174
1064,rule,0.004819439237738425,0.49360622681228683,0.9757844023091163,0.1649543761576553,0.17239350260228262,True,-0.0013760953742318893,71.04725867274588,451.4343418112844
1064,mpc,0.004819439237738425,0.49360622681228683,0.9757844023091163,0.1649543761576553,0.17239350260228262,True,-0.007462421556483578,71.9465910610085,450.968808839143
1065,rule,0.005263060894756488,0.14714805984801643,0.8754106692174027,0.09025615326918857,0.3229333499777297,True,0.008349063733248285,65.05870880618525,847.4553651094379
1065,mpc,0.005263060894756488,0.14714805984801643,0.8754106692174027,0.09025615326918857,0.3229333499777297,True,-0.0032836600715091535,65.88223676575723,846.545277364296
1066,rule,0.007955286446891157,0.3247000270821921,1.1475731466291672,0.10286720305717886,0.4483487875578569,False,,43.04156091261712,1191.106595828793
1066,mpc,0.007955286446891157,0.3247000270821921,1.1475731466291672,0.10286720305717886,0.4483487875578569,False,,43.58639079758696,1189.5513168618018
1067,rule,0.003992324937581319,0.41436571678931616,1.0189701897654804,0.11222718693211968,0.5451742739424927,True,0.0029317291557484637,85.76655245617984,1421.7821963826389
1067,mpc,0.003992324937581319,0.41436571678931616,1.0189701897654804,0.11222718693211968,0.5451742739424927,True,-0.006040468013853273,86.85220501891631,1420.4343820482406
1068,rule,0.008786819965354383,0.4184963827251392,0.9749063808332123,0.13426359046034375,0.5114042610878473,False,,38.96835801020915,1363.46048831556
1068,mpc,0.008786819965354383,0.4184963827251392,0.9749063808332123,0.13426359046034375,0.5114042610878473,False,,39.46162836476876,1361.594298118832
1069,rule,0.003968455492754072,0.3736499123201183,0.8794477379516122,0.1375774313351957,0.6013335933190856,True,0.0023337344170324403,86.28242065619214,1568.054349441912
1069,mpc,0.003968455492754072,0.3736499123201183,0.8794477379516122,0.1375774313351957,0.6013335933190856,True,-0.005728234481303662,87.37460319614397,1566.5717552571618
1070,rule,0.005495520430548421,0.07269868135738324,0.9633083511813401,0.05816871244464461,0.5450263990659279,True,0.013767595800690202,62.30673700671017,1431.867537890299
1070,mpc,0.005495520430548421,0.07269868135738324,0.9633083511813401,0.05816871244464461,0.5450263990659279,True,-0.0013553748037926638,63.09542988021284,1430.2985900201866
1071,rule,0.006953647148543639,0.33172636065009425,0.7915404338240608,0.17022921682259434,0.41369229528767704,True,-0.0030031608228080486,49.24148995004679,1094.1827931172204
1071,mpc,0.006953647148543639,0.33172636065009425,0.7915404338240608,0.17022921682259434,0.41369229528767704,True,-0.007763039192677512,49.86479994941448,1092.8427686051014
1072,rule,0.003178768082364197,0.20275860088537195,1.3329483844518155,0.16861491728095018,0.15857746727690916,True,0.010858834456296429,107.71718392444613,411.84876454520736
1072,mpc,0.003178768082364197,0.20275860088537195,1.3329483844518155,0.16861491728095018,0.15857746727690916,True,-0.001834093496794642,109.08069258171761,411.49409027468545
1073,rule,0.0025373817089306733,0.11128284254805337,0.7198486260886521,0.16941633545400864,0.16251355409988047,True,0.00926487459265346,134.9453828629843,420.65510610342096
1073,mpc,0.0025373817089306733,0.11128284254805337,0.7198486260886521,0.16941633545400864,0.16251355409988047,True,-0.0012407602571880005,136.65355226631326,420.3231529408696
1074,rule,0.005046439907621165,0.22750690181370525,1.2076176993934102,0.059651671366813416,0.17267631055260932,True,0.008838988203673126,67.85138680915956,452.6727757005138
1074,mpc,0.005046439907621165,0.22750690181370525,1.2076176993934102,0.059651671366813416,0.17267631055260932,True,-0.0040527359569138,68.71026512319958,452.19600427537597
1075,rule,0.007271451124007809,0.3120611938874891,1.2461912882365915,0.11809939853747423,0.6081029313274392,False,,47.08935539024265,1610.671699686813
1075,mpc,0.007271451124007809,0.3120611938874891,1.2461912882365915,0.11809939853747423,0.6081029313274392,False,,47.68542317999256,1608.656689065427
1076,rule,0.004900167305476331,0.43895351434825836,0.9875238410103522,0.15783263828219787,0.2617274086201662,True,-0.000145347654322725,69.87678681879181,685.6355515655515
1076,mpc,0.004900167305476331,0.43895351434825836,0.9875238410103522,0.15783263828219787,0.2617274086201662,True,-0.006912434014841873,70.76130310763729,684.9231094597485
1077,rule,0.005225991242517251,0.050277890454264146,0.6893349667989852,0.15633425106092663,0.21379035097808854,True,0.009770005251456215,65.52019134579574,560.9380357677373
1077,mpc,0.005225991242517251,0.050277890454264146,0.6893349667989852,0.15633425106092663,0.21379035097808854,True,-0.0008539159333587065,66.34956085650202,560.3376122871878
1078,rule,0.006227349024249644,0.17344981303591608,1.1924801870446804,0.14689010444961842,0.5784304073844734,True,0.00795437297489665,54.98454396049226,1524.8430808011544
1078,mpc,0.006227349024249644,0.17344981303591608,1.1924801870446804,0.14689010444961842,0.5784304073844734,True,-0.003081047217080579,55.680550846068115,1523.0710052243005
1079,rule,0.005990199152291348,0.13840657516741028,0.888417470857315,0.10691567586718745,0.16707478772639153,True,0.007768926860273528,57.161362665247374,439.9536469503022
1079,mpc,0.005990199152291348,0.13840657516741028,0.888417470857315,0.10691567586718745,0.16707478772639153,True,-0.0032399146614063845,57.884924217972035,439.4516604382191
1080,rule,0.008845770436881627,0.25395900742365635,1.0168176617350024,0.10449151776054266,0.2762044183294676,False,,38.7086629281656,736.5742301967332
1080,mpc,0.008845770436881627,0.25395900742365635,1.0168176617350024,0.10449151776054266,0.2762044183294676,False,,39.19864600320568,735.5628860468971
1081,rule,0.004013704835785403,0.4209833117947426,0.7939051339517138,0.13862273844188933,0.4512602060774201,True,-2.1607145888058454e-06,85.30969769583983,1176.9861630168853
1081,mpc,0.004013704835785403,0.4209833117947426,0.7939051339517138,0.13862273844188933,0.4512602060774201,True,-0.0067361970937593885,86.38956728692642,1175.8678031630236
1082,rule,0.0061621269653969685,0.11194127354747488,1.1868066162420567,0.17659229895433737,0.3907088184623273,True,0.00992611639250629,55.5665191749461,1029.6655820750223
1082,mpc,0.0061621269653969685,0.11194127354747488,1.1868066162420567,0.17659229895433737,0.3907088184623273,True,-0.0016882552905768122,56.269892835388475,1028.4749193098048
1083,rule,0.0038665588798719145,0.05328044933849672,1.2800975431942825,0.15491271024763761,0.35863175563365013,True,0.013989094393281443,88.55624776947039,934.6985497402684
1083,mpc,0.0038665588798719145,0.05328044933849672,1.2800975431942825,0.15491271024763761,0.35863175563365013,True,-0.00025481260563831043,89.67721293110925,933.8247168536966
1084,rule,0.003898845349712696,0.3088642403097931,1.1327954214534628,0.081973802727465,0.44522722963787675,True,0.007287520446143891,87.82291049487638,1160.580415063016
1084,mpc,0.003898845349712696,0.3088642403097931,1.1327954214534628,0.081973802727465,0.44522722963787675,True,-0.004495417081747277,88.93459290620396,1159.4914953095417
1085,rule,0.002749981052636209,0.3327837052027679,0.7629323049086969,0.11991658522473518,0.2788740965828498,True,0.005078446879513976,124.51283831680995,722.6575388768947
1085,mpc,0.002749981052636209,0.3327837052027679,0.7629323049086969,0.11991658522473518,0.2788740965828498,True,-0.004395943247617939,126.08895019423794,722.0697463450554
1086,rule,0.005605147997599392,0.26047819608168205,1.2047515535939,0.06269867535731487,0.366150244170353,True,0.0066493479875333605,61.08811869514092,962.4323510557653
1086,mpc,0.005605147997599392,0.26047819608168205,1.2047515535939,0.06269867535731487,0.366150244170353,True,-0.005006409420615698,61.86138602039588,961.3679925004064
1087,rule,0.004830368300569444,0.3199868973845785,0.9128403574234853,0.13294454232343098,0.3164877030434562,True,0.0024422302436378773,70.88650903510135,828.8074435715916
1087,mpc,0.004830368300569444,0.3199868973845785,0.9128403574234853,0.13294454232343098,0.3164877030434562,True,-0.005738053469057647,71.78380661782417,827.9518669844198
1088,rule,0.005853729294695506,0.32143986985501805,0.7523213289914752,0.1181266345858819,0.627042178877511,True,-0.0015770874067237983,58.49398373981252,1650.1209277906692
1088,mpc,0.005853729294695506,0.32143986985501805,0.7523213289914752,0.1181266345858819,0.627042178877511,True,-0.00762863601103847,59.2344139137342,1648.2584840037948
1089,rule,0.0033625007800849554,0.41314175923706675,0.9364585466381715,0.05210391237975937,0.4912114066575747,True,0.004193337547628184,101.83133583467362,1276.957381901547
1089,mpc,0.0033625007800849554,0.41314175923706675,0.9364585466381715,0.05210391237975937,0.4912114066575747,True,-0.0063829870969391855,103.12034008574545,1275.832103767553
1090,rule,0.0036333121026322626,0.21308199181096782,1.0402282394990152,0.057998035036392726,0.5865880646670177,True,0.010381568659138085,94.24126981359937,1527.013176548203
1090,mpc,0.0036333121026322626,0.21308199181096782,1.0402282394990152,0.057998035036392726,0.5865880646670177,True,-0.0033416227838096724,95.43419727959433,1525.6231548605044
1091,rule,0.004074956029731415,0.3400744506037615,1.1958696765877845,0.11981704119877382,0.5861146982841182,True,0.00616444676289607,84.02739653702513,1529.185726469696
1091,mpc,0.004074956029731415,0.3400744506037615,1.1958696765877845,0.11981704119877382,0.5861146982841182,True,-0.004552763385044845,85.09103446787356,1527.7230383109784
1092,rule,0.004682965218322823,0.18376975620836622,0.8000533914251241,0.05863979680980995,0.5542291414404064,True,0.00727806261709818,73.11776411267358,1450.353221129736
1092,mpc,0.004682965218322823,0.18376975620836622,0.8000533914251241,0.05863979680980995,0.5542291414404064,True,-0.004396960572788267,74.04330543055553,1448.8770100972092
1093,rule,0.0067799583266873135,0.3321449716906224,1.2389900466123076,0.12028517695250178,0.17153684673323547,True,0.002155658420193385,50.50295734612334,453.3455514443537
1093,mpc,0.0067799583266873135,0.3321449716906224,1.2389900466123076,0.12028517695250178,0.17153684673323547,True,-0.006386368284789334,51.14223528721351,452.79699464930616
1094,rule,0.0037429150916404893,0.20001625643466636,0.8635141457828035,0.16202119710138754,0.325189498512508,True,0.006987652486074469,91.48162269187584,847.0085973577013
1094,mpc,0.0037429150916404893,0.20001625643466636,0.8635141457828035,0.16202119710138754,0.325189498512508,True,-0.002919639588436773,92.63961791582365,846.2277440205332
1095,rule,0.0029255325280884386,0.24874805082176382,1.1747620901714322,0.05897973548814943,0.29312321377748307,True,0.011653490518128473,117.04123707177327,760.2814668639221
1095,mpc,0.0029255325280884386,0.24874805082176382,1.1747620901714322,0.05897973548814943,0.29312321377748307,True,-0.0029411549055113895,118.52277171825143,759.6480599758403
1096,rule,0.007425020411619975,0.39491189010845296,1.176026608035694,0.13349627250570564,0.41773111153206743,False,,46.115421534104215,1107.191082748056
1096,mpc,0.007425020411619975,0.39491189010845296,1.176026608035694,0.13349627250570564,0.41773111153206743,False,,46.699161047194146,1105.7920815921154
1097,rule,0.0043844269878353815,0.22967293137725436,0.8187613411520868,0.13129816158426888,0.22078973043283898,True,0.005053626149527202,78.0963959785842,576.9329617249684
1097,mpc,0.0043844269878353815,0.22967293137725436,0.8187613411520868,0.13129816158426888,0.22078973043283898,True,-0.00422607545697451,79.08495795299667,576.362920933715
1098,rule,0.003240306771825668,0.13045451907319383,1.3373686603355042,0.13515400829804913,0.616910945938238,True,0.013081179060473791,105.671459615616,1602.7174569441079
1098,mpc,0.003240306771825668,0.13045451907319383,1.3373686603355042,0.13515400829804913,0.616910945938238,True,-0.0011504497378647116,107.00907302847192,1601.3264297485744
1099,rule,0.0034724582253408205,0.10884023599186583,1.038502661953791,0.1333860143271204,0.23103142079264952,True,0.011870138141924502,98.60678630556481,600.9301822672433
1099,mpc,0.0034724582253408205,0.10884023599186583,1.038502661953791,0.1333860143271204,0.23103142079264952,True,-0.0012534593130877347,99.8549734739897,600.3934983189687
1100,rule,0.004824107505205567,0.4351718792808761,1.1867451312017359,0.1603855297593509,0.4101232373911228,True,0.0020526526069415407,70.97850655519177,1073.9843337157542
1100,mpc,0.004824107505205567,0.4351718792808761,1.1867451312017359,0.1603855297593509,0.4101232373911228,True,-0.0060744270648918075,71.87696866348534,1072.8763181678896
1101,rule,0.004366741300521497,0.1252475927355964,1.2242805692005492,0.12175926163138154,0.2594528606076947,True,0.012046702371371842,78.41269326861456,677.9020236022326
1101,mpc,0.004366741300521497,0.1252475927355964,1.2242805692005492,0.12175926163138154,0.2594528606076947,True,-0.001570679299031097,79.40525900619195,677.2334291877902
1102,rule,0.003106916256985068,0.1845673913923408,1.0665975666819452,0.16715131853425597,0.45764926474460654,True,0.009744759793406943,110.20829589834315,1188.1391065629045
1102,mpc,0.003106916256985068,0.1845673913923408,1.0665975666819452,0.16715131853425597,0.45764926474460654,True,-0.0019466433772630243,111.60333761857535,1187.125306704565
1103,rule,0.003218476073702764,0.3764495139160481,0.7031589459346282,0.05237741700440474,0.1670443375582106,True,0.00238204799021724,106.38822173602573,433.927585811083
1103,mpc,0.003218476073702764,0.3764495139160481,0.7031589459346282,0.05237741700440474,0.1670443375582106,True,-0.006949735295245896,107.73490808711466,433.55200864260394
1104,rule,0.003181375330281153,0.0671562334892703,0.7017505257341682,0.08673053564029218,0.3084402757663851,True,0.012496549256510336,107.6289059395337,801.0751039455331
1104,mpc,0.003181375330281153,0.0671562334892703,0.7017505257341682,0.08673053564029218,0.3084402757663851,True,-0.001047526446370517,108.99129715395819,800.3850079982038
1105,rule,0.004372177643548333,0.37833168578995596,1.0148454829745017,0.05189892783750984,0.1926159992903793,True,0.0033212801483972765,78.31519533211251,503.2832924758246
1105,mpc,0.004372177643548333,0.37833168578995596,1.0148454829745017,0.05189892783750984,0.1926159992903793,True,-0.006778576615180665,79.30652691859497,502.78664319558015
1106,rule,0.004180814253104579,0.4982734523625541,0.871107376122856,0.05285334721481853,0.3062809014457215,True,-0.0014930323724864358,81.89982272637889,799.5160807975006
1106,mpc,0.004180814253104579,0.4982734523625541,0.871107376122856,0.05285334721481853,0.3062809014457215,True,-0.008982738435273196,82.9365293431685,798.7426442036433
1107,rule,0.005770184850801605,0.2764440416462748,1.0006499698309446,0.1484561841074168,0.58214804933007,True,0.0031094100597329755,59.34089722162283,1531.3773098330123
1107,mpc,0.005770184850801605,0.2764440416462748,1.0006499698309446,0.1484561841074168,0.58214804933007,True,-0.005284508058101656,60.09204781936491,1529.6605366707915
1108,rule,0.004665882888811858,0.23624222308220244,0.6787101353882752,0.11377270743607132,0.5123017531489902,True,0.002711716461292646,73.3854565879118,1340.5220338938884
1108,mpc,0.004665882888811858,0.23624222308220244,0.6787101353882752,0.11377270743607132,0.5123017531489902,True,-0.005341392814439017,74.31438641813854,1339.1598732669756
1109,rule,0.005519287395491794,0.23431778242351414,0.9971165516252225,0.169223058232819,0.3834224302416831,True,0.00468849194102583,62.038433885661604,1007.4228640064987
1109,mpc,0.005519287395491794,0.23431778242351414,0.9971165516252225,0.169223058232819,0.3834224302416831,True,-0.004212433075555522,62.82373051712568,1006.3167672761264
1110,rule,0.0039692019129887604,0.10686544640052198,0.8467376770180504,0.0740745791647159,0.6001805332310971,True,0.011837771833505095,86.26619499015462,1565.0534682098694
1110,mpc,0.0039692019129887604,0.10686544640052198,0.8467376770180504,0.0740745791647159,0.6001805332310971,True,-0.00194432726130489,87.35817214192873,1563.5735900785076
1111,rule,0.0060682993425454825,0.23356237053682527,0.7191720610824147,0.17722956818595198,0.3885131143084136,True,0.0009027920393566147,56.42568483405641,1023.4333814811046
1111,mpc,0.0060682993425454825,0.23356237053682527,0.7191720610824147,0.17722956818595198,0.3885131143084136,True,-0.005418427890581112,57.13993400917106,1022.2584803956424
1112,rule,0.004127596288897358,0.19518345987503316,0.8236291758522697,0.14510313796333646,0.19403940247635407,True,0.006454307677389193,82.9557743091812,506.3862101778791
1112,mpc,0.004127596288897358,0.19518345987503316,0.8236291758522697,0.14510313796333646,0.19403940247635407,True,-0.0033117909159274816,84.0058474017025,505.89910299739176
1113,rule,0.0043212678874132325,0.31922912239461254,1.2294682484713109,0.05670170023165774,0.3093059126166059,True,0.0073106769167714525,79.23784294385716,807.9766814413142
1113,mpc,0.0043212678874132325,0.31922912239461254,1.2294682484713109,0.05670170023165774,0.3093059126166059,True,-0.004947199199180741,80.24085361403257,807.1835124058138
1114,rule,0.0036654456323492106,0.4964111024694169,1.2900296535528617,0.16111394662851147,0.1789540700865833,True,0.004133763330868234,93.41509342255102,465.93155168561555
1114,mpc,0.0036654456323492106,0.4964111024694169,1.2900296535528617,0.16111394662851147,0.1789540700865833,True,-0.0052447634035579505,94.59756295954536,465.5058298480102
1115,rule,0.005248861093988232,0.23712866249048348,0.7129084764181297,0.0818885178411785,0.6139279514223278,True,0.00232148753357464,65.23471283577291,1610.9861377909785
1115,mpc,0.005248861093988232,0.23712866249048348,0.7129084764181297,0.0818885178411785,0.6139279514223278,True,-0.00617417776955298,66.06046869445359,1609.25825654503
1116,rule,0.003872533042777269,0.07845548223929472,0.9056355223423054,0.08474254681897414,0.48660475738391173,True,0.013216420740010726,88.41963190470753,1268.2715910544705
1116,mpc,0.003872533042777269,0.07845548223929472,0.9056355223423054,0.08474254681897414,0.48660475738391173,True,-0.0011496134793409496,89.53886775160257,1267.0851145570698
1117,rule,0.005401119158745853,0.4438165933416784,0.8512814267120064,0.15396650490328748,0.3743820932815448,True,-0.0029157372635770784,63.395740052639525,983.1174159966339
1117,mpc,0.005401119158745853,0.4438165933416784,0.8512814267120064,0.15396650490328748,0.3743820932815448,True,-0.008116906811421742,64.19821777482484,982.0488516030354
1118,rule,0.0029366604254489094,0.07789065122830724,0.705236300785308,0.1486199290519032,0.5708076318862255,True,0.010226517742938479,116.59773231317382,1480.605016508344
1118,mpc,0.0029366604254489094,0.07789065122830724,0.705236300785308,0.1486199290519032,0.5708076318862255,True,-0.0009833509900611936,118.07365297536592,1479.3696515860368
1119,rule,0.0029025767452159207,0.08287466204375965,1.0392782484239533,0.11009247938525278,0.2340943733748115,True,0.01369586183723892,117.96688812640221,607.1039148693976
1119,mpc,0.0029025767452159207,0.08287466204375965,1.0392782484239533,0.11009247938525278,0.2340943733748115,True,-0.000790593142478091,119.4601398748377,606.5996825818484
1120,rule,0.006811905842382495,0.20847696029474827,0.8291478361392898,0.10617159595823797,0.31142372738665614,True,0.0026440598723840303,50.266100868684994,823.1641141794911
1120,mpc,0.006811905842382495,0.20847696029474827,0.8291478361392898,0.10617159595823797,0.31142372738665614,True,-0.005708433835477811,50.902380626516454,822.1658386307126
1121,rule,0.0044574119717839195,0.29987240767870504,0.6807682669332668,0.10257195794192824,0.45379191517154394,True,0.0009024659647169919,76.81765749916686,1186.2052858307898
1121,mpc,0.0044574119717839195,0.29987240767870504,0.6807682669332668,0.10257195794192824,0.45379191517154394,True,-0.006505147229953545,77.79003291054873,1185.0245472376548
1122,rule,0.0039724298668830735,0.08518480275699356,0.7501733449659781,0.1608864598153626,0.4749232867953729,True,0.009381133206901704,86.1960960055539,1238.4480210599843
1122,mpc,0.0039724298668830735,0.08518480275699356,0.7501733449659781,0.1608864598153626,0.4749232867953729,True,-0.0013025764039105159,87.28718582840902,1237.2765584722802
1123,rule,0.003172657202853404,0.0853227274236047,0.9085102756177974,0.1714686620119913,0.18420816656565644,True,0.010905224821905701,107.92465882328241,478.4002844843242
1123,mpc,0.003172657202853404,0.0853227274236047,0.9085102756177974,0.1714686620119913,0.18420816656565644,True,-0.0008853680071083669,109.29079374509612,477.98861869004594
1124,rule,0.003726348647713668,0.23589649987196104,1.1121807717939067,0.08082654072779019,0.3676819346709912,True,0.009558210563822223,91.88832783837077,957.6065827998129
1124,mpc,0.003726348647713668,0.23589649987196104,1.1121807717939067,0.08082654072779019,0.3676819346709912,True,-0.003389563113678884,93.05147122872991,956.7254442376613
1125,rule,0.004625285064246358,0.27963218431176035,0.958602633170711,0.15461750427051085,0.4509320760288842,True,0.004340329663189979,74.02958767406803,1179.703457604405
1125,mpc,0.004625285064246358,0.27963218431176035,0.958602633170711,0.15461750427051085,0.4509320760288842,True,-0.00456786000731646,74.96667106234737,1178.5094501985755
1126,rule,0.005908110451456012,0.3965885967068985,1.3089934781471428,0.0689153260155257,0.5820895740990106,True,0.0024239388615751034,57.9555763208183,1532.2138362599887
1126,mpc,0.005908110451456012,0.3965885967068985,1.3089934781471428,0.0689153260155257,0.5820895740990106,True,-0.007033863843391774,58.689191210955244,1530.4769219310845
1127,rule,0.00463742644976101,0.06864364150662046,0.7259902930928236,0.14634593641215865,0.15743664455916415,True,0.009774152358737465,73.83576858643852,411.90152394894346
1127,mpc,0.00463742644976101,0.06864364150662046,0.7259902930928236,0.14634593641215865,0.15743664455916415,True,-0.0011942763142269719,74.77039856854536,411.48413278241713
1128,rule,0.005902240880122515,0.3731331173686759,0.767417643131686,0.07197893005685282,0.46360885280784403,True,-0.0035390128077890104,58.01321110670692,1220.3077207187341
1128,mpc,0.005902240880122515,0.3731331173686759,0.767417643131686,0.07197893005685282,0.46360885280784403,True,-0.009383302269841298,58.74755555109562,1218.9250302878866
1129,rule,0.0027068017213547316,0.4403451426799576,1.0717227026790987,0.05074706242609451,0.24361156974466033,True,0.007134701675238664,126.49908690386482,631.1368234740127
1129,mpc,0.0027068017213547316,0.4403451426799576,1.0717227026790987,0.05074706242609451,0.24361156974466033,True,-0.005206896700723496,128.10034116847075,630.6265606834431
1130,rule,0.004884786560669905,0.4352856528379344,1.1615008703924292,0.05376277493045028,0.5073050809334306,True,0.002037789500414,70.09680810582334,1328.8651282272413
1130,mpc,0.004884786560669905,0.4352856528379344,1.1615008703924292,0.05376277493045028,0.5073050809334306,True,-0.007436707114767627,70.9841094742515,1327.4862950166944
1131,rule,0.00435328198433033,0.27800364207332423,1.2566334894253157,0.15068407936424288,0.2908340580381822,True,0.007354374498123262,78.65512673281513,759.844601029012
1131,mpc,0.00435328198433033,0.27800364207332423,1.2566334894253157,0.15068407936424288,0.2908340580381822,True,-0.0036092129193305844,79.65076124842041,759.0962217574587
1132,rule,0.0022906095103017083,0.3247007007552378,1.070073155486407,0.1309480851081116,0.29408765858154473,True,0.00910258518653484,149.48333386430528,760.225133527541
1132,mpc,0.0022906095103017083,0.3247007007552378,1.070073155486407,0.1309480851081116,0.29408765858154473,True,-0.0028928596208803725,151.3755279638535,759.6469562563741
1133,rule,0.004186507641177612,0.3068043607813856,0.8564087140520236,0.0669532595803527,0.23773970137721454,True,0.003993283533115122,81.78844409916522,620.6136532741447
1133,mpc,0.004186507641177612,0.3068043607813856,0.8564087140520236,0.0669532595803527,0.23773970137721454,True,-0.005991572956295821,82.82374085991415,620.0129221993019
1134,rule,0.004694637233196443,0.36603793564575504,0.6707454464089924,0.10048529200115772,0.5268364667039711,True,-0.00200951181738529,72.93597549134748,1378.7484994990482
1134,mpc,0.004694637233196443,0.36603793564575504,0.6707454464089924,0.10048529200115772,0.5268364667039711,True,-0.008012561454135536,73.8592156874405,1377.343582421093
1135,rule,0.0030603265807458693,0.4495086493448663,1.2912561271477165,0.17140306421641271,0.6103766127947791,True,0.0062789435329287935,111.88608050377772,1584.2629961261098
1135,mpc,0.0030603265807458693,0.4495086493448663,1.2912561271477165,0.17140306421641271,0.6103766127947791,True,-0.004090409813767293,113.30236000382556,1582.919355545746
1136,rule,0.005044174484487647,0.12755363369289738,0.8918633848346388,0.12576740030655406,0.5777665901933449,True,0.008882125340436753,67.88186000190726,1514.6046668274714
1136,mpc,0.005044174484487647,0.12755363369289738,0.8918633848346388,0.12576740030655406,0.5777665901933449,True,-0.002441533968415621,68.7411240525643,1513.0097600954186
1137,rule,0.004123893544791151,0.10214928132502085,1.0811709323464431,0.07389079344375044,0.37408066648470994,True,0.013563683904379897,83.03025828920225,976.2233052756285
1137,mpc,0.004123893544791151,0.10214928132502085,1.0811709323464431,0.07389079344375044,0.37408066648470994,True,-0.001455459775057344,84.08127421691368,975.2846196503024
1138,rule,0.008798055399316173,0.24086041615212117,1.0791846965170122,0.05045603022025134,0.23536708371041534,False,,38.91859401201278,627.5444345162044
1138,mpc,0.008798055399316173,0.24086041615212117,1.0791846965170122,0.05045603022025134,0.23536708371041534,False,,39.4112344425446,626.6849866176625
1139,rule,0.0034924596895978084,0.41315728811997277,0.7358536692676155,0.06084379849934526,0.6141275433311774,True,0.000906273049625872,98.04206107261177,1597.5556764718824
1139,mpc,0.0034924596895978084,0.41315728811997277,0.7358536692676155,0.06084379849934526,0.6141275433311774,True,-0.0075190136048686185,99.28309982036637,1596.1254838823063
1140,rule,0.003746055536795391,0.0713036452931387,1.0272941915558325,0.14998017178313056,0.35533563445450644,True,0.012325274716940338,91.40493055105642,925.543810180549
1140,mpc,0.003746055536795391,0.0713036452931387,1.0272941915558325,0.14998017178313056,0.35533563445450644,True,-0.0007070983577821544,92.56195498841159,924.6902489952453
1141,rule,0.005852819155665099,0.2668178251094323,0.9251652320626802,0.09551676363290248,0.46060289288610734,True,0.002806165531496929,58.503079810651144,1212.1150019831614
1141,mpc,0.005852819155665099,0.2668178251094323,0.9251652320626802,0.09551676363290248,0.46060289288610734,True,-0.0060422035302436505,59.24362512471002,1210.7470229660023
1142,rule,0.002438640165118723,0.3763998695398367,0.9620743291202456,0.1563700637226219,0.35682125375499096,True,0.006581839940371537,140.40937694656287,923.1226303977843
1142,mpc,0.002438640165118723,0.3763998695398367,0.9620743291202456,0.1563700637226219,0.35682125375499096,True,-0.0035722278122525264,142.18671083196242,922.4046717948704
1143,rule,0.00555988328621674,0.489825019755878,1.1162544613670666,0.05287150491234233,0.15015921302803473,True,-0.0016107167402719114,61.58545576487756,394.6115914555256
1143,mpc,0.00555988328621674,0.489825019755878,1.1162544613670666,0.05287150491234233,0.15015921302803473,True,-0.009127342991961385,62.36501849607855,394.176841737592
1144,rule,0.005239846098219166,0.35934520200637665,0.7141114881745865,0.10242537827821258,0.3368991927769961,True,-0.0023089948922729864,65.34694717418422,884.0067997881952
1144,mpc,0.005239846098219166,0.35934520200637665,0.7141114881745865,0.10242537827821258,0.3368991927769961,True,-0.008202041439550056,66.17412372069289,883.0594039671684
1145,rule,0.005666957306338584,0.09925216220104287,1.1360735992824895,0.1012173148547808,0.6289813126386182,True,0.012061981403937994,60.42183268227454,1653.7711429437225
1145,mpc,0.005666957306338584,0.09925216220104287,1.1360735992824895,0.1012173148547808,0.6289813126386182,True,-0.0016123863197299304,61.186666007366625,1651.932805249541
1146,rule,0.004484749986081492,0.2191372561535478,0.7756762029723016,0.0512087754957893,0.4138708466452815,True,0.005860236509932948,76.34939455796929,1081.9980820044916
1146,mpc,0.004484749986081492,0.2191372561535478,0.7756762029723016,0.0512087754957893,0.4138708466452815,True,-0.005251358663587613,77.31584259034867,1080.918107115414
1147,rule,0.004524072746451646,0.454627801524389,0.808512354649209,0.13434628877927152,0.41109527883069585,True,-0.001896722905526893,75.68577372009392,1074.9500010546292
1147,mpc,0.004524072746451646,0.454627801524389,0.808512354649209,0.13434628877927152,0.41109527883069585,True,-0.0077866490814262335,76.64382148870273,1073.8728365340935
1148,rule,0.004418966098534915,0.29115858954802953,1.1663212044938347,0.06962787053092813,0.19339270310769371,True,0.007246998340576516,77.48598621173097,505.4296752045136
1148,mpc,0.004418966098534915,0.29115858954802953,1.1663212044938347,0.06962787053092813,0.19339270310769371,True,-0.004696655931012428,78.46682148023392,504.9285260291107
1149,rule,0.004253306878192769,0.32999480465842695,0.9870055213527502,0.05181698076320982,0.26822966712570995,True,0.004811175173916493,80.50393634579981,700.439853600462
1149,mpc,0.004253306878192769,0.32999480465842695,0.9870055213527502,0.05181698076320982,0.26822966712570995,True,-0.006041743347460438,81.52297351473399,699.7570820539613
1150,rule,0.003906353755016738,0.1317696752887404,0.7493187679293664,0.08956648141831275,0.3812765952104,True,0.009431942920096748,87.65410601675423,993.916944756561
1150,mpc,0.003906353755016738,0.1317696752887404,0.7493187679293664,0.08956648141831275,0.3812765952104,True,-0.0025995111834524742,88.76365166253595,992.9836193418033
1151,rule,0.004334539900592153,0.4091043606227214,1.279704679408891,0.13145478591893794,0.47094843001618547,True,0.004575794866656047,78.99522303033959,1230.3042888942598
1151,mpc,0.004334539900592153,0.4091043606227214,1.279704679408891,0.13145478591893794,0.47094843001618547,True,-0.005288563256804268,79.99516256236922,1229.0948796640282
1152,rule,0.0026722381636964366,0.35933000385186925,1.1834201066244603,0.17966035821152232,0.3104667829888186,True,0.0077515006890021,128.13526534908073,804.1954044986676
1152,mpc,0.0026722381636964366,0.35933000385186925,1.1834201066244603,0.17966035821152232,0.3104667829888186,True,-0.003092961872507294,129.75723073324633,803.5483862134535
1153,rule,0.006940872064902265,0.3020509798048123,0.9397691155294268,0.060892433531960305,0.5752742130368524,True,-0.00020711525217498306,49.33212181112354,1521.4664624263507
1153,mpc,0.006940872064902265,0.3020509798048123,0.9397691155294268,0.060892433531960305,0.5752742130368524,True,-0.008041793962026755,49.95657904923904,1519.6047831040041
1154,rule,0.003940505759231061,0.09021275512101057,1.0534243382292394,0.059113397184839094,0.5335507340013675,True,0.014552315134970795,86.89441587010892,1391.1063517758084
1154,mpc,0.003940505759231061,0.09021275512101057,1.0534243382292394,0.059113397184839094,0.5335507340013675,True,-0.001263795282262059,87.99434518492043,1389.7951024062756
1155,rule,0.0032051034397512865,0.45433390284941816,0.9541425318547578,0.1615667184282403,0.46151768833893436,True,0.003081991395585737,106.83210467857903,1198.7919641577842
1155,mpc,0.0032051034397512865,0.45433390284941816,0.9541425318547578,0.1615667184282403,0.46151768833893436,True,-0.005242046187490024,108.1844098010927,1197.756130240291
1156,rule,0.0064429744813638236,0.17470532973665046,0.7547899784988952,0.09180750026185117,0.2637435415507492,True,0.003987462471979453,53.14438962494595,695.9642244921899
1156,mpc,0.0064429744813638236,0.17470532973665046,0.7547899784988952,0.09180750026185117,0.2637435415507492,True,-0.005129107007978861,53.8171034176668,695.1422585786186
1157,rule,0.0054216243300431845,0.28727126290834276,0.9979809538307922,0.06173448486215817,0.24161965494668255,True,0.0038742851754665075,63.15597048725354,634.5487488007127
1157,mpc,0.0054216243300431845,0.28727126290834276,0.9979809538307922,0.06173448486215817,0.24161965494668255,True,-0.006207272380760909,63.95541315164917,633.8578296510542
1158,rule,0.004152730847156921,0.43158446233347625,0.8758104137443351,0.17191985979754998,0.44124928969053434,True,0.0004020045673965855,82.45368139271666,1151.6763975757672
1158,mpc,0.004152730847156921,0.43158446233347625,0.8758104137443351,0.17191985979754998,0.44124928969053434,True,-0.006282204095586552,83.49739887870042,1150.565598712966
1159,rule,0.003042259143265041,0.0823106583343311,0.9883812978637906,0.08412723849237738,0.2185464409169521,True,0.014223798826100698,112.55055209192368,567.1948952194656
1159,mpc,0.003042259143265041,0.0823106583343311,0.9883812978637906,0.08412723849237738,0.2185464409169521,True,-0.0009181742293955519,113.97524262473286,566.7149828559136
1160,rule,0.0034795048714185094,0.11068753133972056,0.731661520678758,0.16468465327409393,0.40905510568531,True,0.00864612298564238,98.4070891792118,1064.021621272565
1160,mpc,0.0034795048714185094,0.11068753133972056,0.731661520678758,0.16468465327409393,0.40905510568531,True,-0.001613152232784465,99.65274853591069,1063.0705495244288
1161,rule,0.006037111421553233,0.12107945552742067,1.0815148260150553,0.11228345265555542,0.19145533774154114,True,0.010128171211942094,56.71718182287385,504.26447967636517
1161,mpc,0.006037111421553233,0.12107945552742067,1.0815148260150553,0.11228345265555542,0.19145533774154114,True,-0.00229317374512239,57.43512083328998,503.68699167335484
1162,rule,0.0053971133071605126,0.36026676554020365,0.6716460544180239,0.1396365581794708,0.624037546300281,True,-0.0031162792144787677,63.4427937110196,1638.6747167127369
1162,mpc,0.0053971133071605126,0.36026676554020365,0.6716460544180239,0.1396365581794708,0.624037546300281,True,-0.007971224232832252,64.24586704913378,1636.894233240429
1163,rule,0.005756399252396715,0.4905465228656818,0.8913687709071382,0.05045353038770908,0.18971287549470964,True,-0.005208867878225165,59.4830085905906,499.01939331985295
1163,mpc,0.005756399252396715,0.4905465228656818,0.8913687709071382,0.05045353038770908,0.18971287549470964,True,-0.01073052531064822,60.235958066420864,498.4605887624756
1164,rule,0.0032982086351136405,0.2207082725454707,1.0915076013008174,0.0948513505465924,0.16672561375101988,True,0.01025459596438838,103.81633912900885,433.2779190454994
1164,mpc,0.0032982086351136405,0.2207082725454707,1.0915076013008174,0.0948513505465924,0.16672561375101988,True,-0.0028230175043055805,105.13047000405962,432.8991324788676
1165,rule,0.004817293610722236,0.3418525231927379,0.7284163885734605,0.15132103725936266,0.35608797334790476,True,-0.000517666487216184,71.07890318727061,932.4519676648684
1165,mpc,0.004817293610722236,0.3418525231927379,0.7284163885734605,0.15132103725936266,0.35608797334790476,True,-0.006615108096326594,71.97863613900823,931.4905900642502
1166,rule,0.008130352091486711,0.43054282816377537,1.0020967515124508,0.07564285004419359,0.42174891183047236,False,,42.11477465283679,1121.2886870665757
1166,mpc,0.008130352091486711,0.43054282816377537,1.0020967515124508,0.07564285004419359,0.42174891183047236,False,,42.64787306616385,1119.8093503647685
1167,rule,0.003926776361880209,0.05434874843610285,1.057894071639553,0.12357545988331305,0.4848227863141793,True,0.013747537026238321,87.19822944468176,1263.972516935611
1167,mpc,0.003926776361880209,0.05434874843610285,1.057894071639553,0.12357545988331305,0.4848227863141793,True,-0.00044558292980090286,88.30200450094355,1262.7829093325408
1168,rule,0.004363791490641814,0.1696210092039591,0.730394289969748,0.1467461274101592,0.22316379126575017,True,0.005978741031677393,78.46569821575565,583.0769249118703
1168,mpc,0.004363791490641814,0.1696210092039591,0.730394289969748,0.1467461274101592,0.22316379126575017,True,-0.003247988117586198,79.45893490203106,582.50202725033
1169,rule,0.003890439015505586,0.4767223648560355,0.8817554661747723,0.16853093520883777,0.369465573420553,True,0.00010263530616561045,88.01267538611839,963.0505849404682
1169,mpc,0.003890439015505586,0.4767223648560355,0.8817554661747723,0.16853093520883777,0.369465573420553,True,-0.006512892441201901,89.12675988467686,962.1478433393233
1170,rule,0.0015634587800392897,0.39922720964279895,1.0929630783929536,0.053127914747232476,0.595537048883403,True,0.011996234819569573,219.00669883511634,1533.4147400315862
1170,mpc,0.0015634587800392897,0.39922720964279895,1.0929630783929536,0.053127914747232476,0.595537048883403,True,-0.0030106715246775995,221.77893552923177,1532.3822806179396
1171,rule,0.0050847631404274795,0.49743133037725573,1.0677285427332897,0.14223982939196758,0.3304554535014331,True,-0.0010901568188583788,67.33999927327916,866.4526324403142
1171,mpc,0.0050847631404274795,0.49743133037725573,1.0677285427332897,0.14223982939196758,0.3304554535014331,True,-0.00770101325377559,68.1924043273713,865.5368643977068
1172,rule,0.005251786142458238,0.42169068425635586,0.6603945099223443,0.0612696643405411,0.20000905654388754,True,-0.00574749808744035,65.19837954043383,524.8438879431777
1172,mpc,0.005251786142458238,0.42169068425635586,0.6603945099223443,0.0612696643405411,0.20000905654388754,True,-0.010557322449197715,66.02367548398364,524.2808152537973
1173,rule,0.005807572995936975,0.3136944812451451,0.7297353973865055,0.15075270720477707,0.289780865169882,True,-0.0014467159771300864,58.95887084342022,762.4207797626573
1173,mpc,0.005807572995936975,0.3136944812451451,0.7297353973865055,0.15075270720477707,0.289780865169882,True,-0.007063875565691546,59.70518566422302,761.563457110969
1174,rule,0.004103495295375706,0.05109401540604756,0.8534628558703568,0.14892903537962884,0.3584656312890818,True,0.011747799845929552,83.44299713637982,935.3780036335692
1174,mpc,0.004103495295375706,0.05109401540604756,0.8534628558703568,0.14892903537962884,0.3584656312890818,True,-0.0005506165620807746,84.4992376064606,934.4805532989586
1175,rule,0.0024783977418371605,0.10863279102681167,0.880203851481763,0.1678832018502971,0.20061860810027618,True,0.010723060258366446,138.1569795683265,519.1247781977313
1175,mpc,0.0024783977418371605,0.10863279102681167,0.880203851481763,0.1678832018502971,0.20061860810027618,True,-0.0010199331798708133,139.90580209450786,518.7186444888789
1176,rule,0.004274746060731627,0.43808619582046926,0.7712980059101892,0.05660790597453996,0.4472245074011759,True,-0.0016417091428975183,80.1001840382022,1167.9813524606607
1176,mpc,0.004274746060731627,0.43808619582046926,0.7712980059101892,0.05660790597453996,0.4472245074011759,True,-0.00885080718219955,81.1141104184326,1166.8402872409642
1177,rule,0.0058531347221983014,0.269409937751052,1.0377210601556008,0.12607762539093215,0.5935485165424472,True,0.003740198288158636,58.49992566933136,1561.9748294101557
1177,mpc,0.0058531347221983014,0.269409937751052,1.0377210601556008,0.12607762539093215,0.5935485165424472,True,-0.005305450632905773,59.24043105755076,1560.2119578799432
1178,rule,0.003212835179836299,0.30684862739721797,1.3087034852628885,0.06761665241713088,0.5203844503666561,True,0.010343182600470957,106.57501148211082,1351.7523937602443
1178,mpc,0.003212835179836299,0.30684862739721797,1.3087034852628885,0.06761665241713088,0.5203844503666561,True,-0.0035025341186651904,107.92406226036539,1350.58324706621
1179,rule,0.003345982816885958,0.1853519227028682,1.3006658797740287,0.10639319657822323,0.197354116296278,True,0.012151785824278227,102.3340420199335,512.9998706069263
1179,mpc,0.003345982816885958,0.1853519227028682,1.3006658797740287,0.10639319657822323,0.197354116296278,True,-0.001974040135435784,103.62940964043902,512.5487246475785
1180,rule,0.0058053981827138135,0.17853356978634222,1.1849450910938595,0.06177704700140473,0.5235901890167017,True,0.00956546514620571,58.9809579643889,1377.5649585263484
1180,mpc,0.0058053981827138135,0.17853356978634222,1.1849450910938595,0.06177704700140473,0.5235901890167017,True,-0.0035551840647725097,59.72755236900142,1376.016194863726
1181,rule,0.0031768653414305553,0.3298818382996047,0.9297771877076549,0.08626890849388225,0.5371544814095702,True,0.00637840299613468,107.7816996885979,1395.054632017608
1181,mpc,0.0031768653414305553,0.3298818382996047,0.9297771877076549,0.08626890849388225,0.5371544814095702,True,-0.004662524493296738,109.14602500111181,1393.853535914869
1182,rule,0.006060061287396914,0.22652339440546349,1.2148447212647895,0.14958991868432542,0.545322747103722,True,0.0063214301566597575,56.502389982967266,1436.4511986637708
1182,mpc,0.006060061287396914,0.22652339440546349,1.2148447212647895,0.14958991868432542,0.545322747103722,True,-0.003937047963782581,57.217610109333954,1434.8032114151893
1183,rule,0.0016614618815996333,0.3698502993553664,0.9958297080800664,0.09148782276863408,0.402795937701771,True,0.010351019028150832,206.0883550644673,1037.6951922260805
1183,mpc,0.0016614618815996333,0.3698502993553664,0.9958297080800664,0.09148782276863408,0.402795937701771,True,-0.0028824058791268037,208.69706841971373,1036.9840328514194
1184,rule,0.0035687183040976032,0.26881967376388977,1.1423474564690517,0.11673964960302612,0.4562942064866685,True,0.008505035353418067,95.9470367240895,1187.4397407366364
1184,mpc,0.0035687183040976032,0.26881967376388977,1.1423474564690517,0.11673964960302612,0.4562942064866685,True,-0.0033934689371415416,97.16155617629317,1186.3670019567223
1185,rule,0.004348957916884699,0.07243059931251408,1.2421214194310242,0.12578018232393656,0.3710883319888806,True,0.013818763536869616,78.73333169120689,969.4993335498134
1185,mpc,0.004348957916884699,0.07243059931251408,1.2421214194310242,0.12578018232393656,0.3710883319888806,True,-0.0006455172655064345,79.72995614299433,968.5448865989092
1186,rule,0.004808343159018599,0.16788461242149266,0.7289761090339357,0.14793654405015016,0.5780073344119533,True,0.005442656845927596,71.2112124399769,1513.504041559297
1186,mpc,0.004808343159018599,0.16788461242149266,0.7289761090339357,0.14793654405015016,0.5780073344119533,True,-0.003478001311979728,72.1126201923817,1511.9449115231514
1187,rule,0.0053316912047157,0.09467392773996836,0.9444701500673698,0.1775678187554967,0.4344315767106416,True,0.009419147429358343,64.22126357924385,1140.427992654081
1187,mpc,0.0053316912047157,0.09467392773996836,0.9444701500673698,0.1775678187554967,0.4344315767106416,True,-0.001496757826224826,65.0341909663229,1139.1958870222618
1188,rule,0.005576739841705482,0.12077918997369025,1.2871836968249317,0.14136821524717197,0.3261480214945903,True,0.01123000468269919,61.39930423515466,857.1705975568818
1188,mpc,0.005576739841705482,0.12077918997369025,1.2871836968249317,0.14136821524717197,0.3261480214945903,True,-0.0016754508695124848,62.176510617878144,856.2249007855338
1189,rule,0.004338926233510113,0.19316345783976568,0.9216465901597448,0.14038700958368075,0.38614540368479655,True,0.007254608712254029,78.91536471321413,1008.7870455315253
1189,mpc,0.004338926233510113,0.19316345783976568,0.9216465901597448,0.14038700958368075,0.38614540368479655,True,-0.003188931629390268,79.91429338047003,1007.7949438416459
1190,rule,0.004461366254831559,0.3668730623793042,1.307813458598229,0.055730329864789645,0.334315546962518,True,0.0063087435192408226,76.74957101097965,873.9128947883926
1190,mpc,0.004461366254831559,0.3668730623793042,1.307813458598229,0.055730329864789645,0.334315546962518,True,-0.005486417871691351,77.72108456808068,873.0426628941353
1191,rule,0.004590160597416481,0.3010705494482773,0.9552330988467657,0.15211072907950177,0.20418347145930535,True,0.003768538188388848,74.59607107731776,534.0814042355919
1191,mpc,0.004590160597416481,0.3010705494482773,0.9552330988467657,0.15211072907950177,0.20418347145930535,True,-0.004895393206029608,75.54032514158762,533.5427081876181
1192,rule,0.003835806463897375,0.12438910025789338,1.1912184905166308,0.14152424774991762,0.22303074742959186,True,0.011854787192406846,89.26622065110114,581.1927019265335
1192,mpc,0.003835806463897375,0.12438910025789338,1.1912184905166308,0.14152424774991762,0.22303074742959186,True,-0.001384473523299512,90.39617281124168,580.6512263855548
1193,rule,0.008376329782324504,0.38991689765394605,0.9926999453400724,0.07830410825867401,0.40241099456815577,False,,40.87804027292751,1071.0058532080134
1193,mpc,0.008376329782324504,0.38991689765394605,0.9926999453400724,0.07830410825867401,0.40241099456815577,False,,41.39548382068608,1069.5727360766077
1194,rule,0.009167039960679049,0.14826995094691553,0.7518498481055033,0.13559385832124582,0.30355660763937153,False,,37.35207304101457,810.6034708315955
1194,mpc,0.009167039960679049,0.14826995094691553,0.7518498481055033,0.13559385832124582,0.30355660763937153,False,,37.824884092166656,809.4716524529283
1195,rule,0.0044740129123099,0.13646665618538484,1.2509851584471323,0.1351390265926543,0.5911358385019841,True,0.0114506051665062,76.53262359593872,1545.346792245842
1195,mpc,0.0044740129123099,0.13646665618538484,1.2509851584471323,0.1351390265926543,0.5911358385019841,True,-0.001707539112129508,77.5013909832291,1543.805996282406
1196,rule,0.0035472387050153103,0.0782915882809475,0.8610455864024408,0.14120710949435333,0.24691442433014152,True,0.011323199334263845,96.52802493868403,642.4886765653988
1196,mpc,0.0035472387050153103,0.0782915882809475,0.8610455864024408,0.14120710949435333,0.24691442433014152,True,-0.0009757849633063032,97.74989867208511,641.9097242651571
1197,rule,0.0026065182774555897,0.49719626624891683,1.038778262017885,0.12048683559667663,0.2831880315901242,True,0.0051572886412539765,131.36602537674594,733.2811641383959
1197,mpc,0.0026065182774555897,0.49719626624891683,1.038778262017885,0.12048683559667663,0.2831880315901242,True,-0.004959488184268057,133.02888645746427,732.6966969810823
1198,rule,0.0022136484689647003,0.27979672871671585,1.2346871249432687,0.11696669642347104,0.5852358844708963,True,0.011394192853243723,154.680361846849,1512.2275492791553
1198,mpc,0.0022136484689647003,0.27979672871671585,1.2346871249432687,0.11696669642347104,0.5852358844708963,True,-0.0022398286604750073,156.6383411107332,1511.0910913469638
1199,rule,0.0025819337084180046,0.30109209909891593,1.3174752125546447,0.1554983196512324,0.2207355559497022,True,0.010088759148009885,132.61686195304463,571.4936603221812
1199,mpc,0.0025819337084180046,0.30109209909891593,1.3174752125546447,0.1554983196512324,0.2207355559497022,True,-0.0024329828615115012,134.2955564081465,571.0397547814633
1200,rule,0.0039095151286614215,0.08351136008888872,0.6656283904732788,0.13049343558430893,0.30580727973162236,True,0.009429139408212994,87.5832257741947,797.1952144869725
1200,mpc,0.0039095151286614215,0.08351136008888872,0.6656283904732788,0.13049343558430893,0.30580727973162236,True,-0.0015070158792165333,88.69187420171617,796.446355404784
1201,rule,0.004405540487748941,0.13039551098791294,0.8823721301287133,0.15075663602147232,0.36928663215017477,True,0.008790535547509748,77.72211993814638,965.062456860692
1201,mpc,0.004405540487748941,0.13039551098791294,0.8823721301287133,0.15075663602147232,0.36928663215017477,True,-0.0021284307162254823,78.7059442411609,964.1068709583577
1202,rule,0.0060313946539645395,0.35035635153424965,0.9251473867899154,0.05197924743573063,0.6244342019328327,True,-0.0006411247880904192,56.77094035889568,1644.621736967523
1202,mpc,0.0060313946539645395,0.35035635153424965,0.9251473867899154,0.05197924743573063,0.6244342019328327,True,-0.008468379301603157,57.48955985710956,1642.7391445514527
1203,rule,0.004084232321781272,0.26520958949336876,0.8766504056010889,0.16450456287635828,0.45244978079035203,True,0.0047413541444429885,83.8365497366828,1180.505913475213
1203,mpc,0.004084232321781272,0.26520958949336876,0.8766504056010889,0.16450456287635828,0.45244978079035203,True,-0.004080359673519718,84.89777188524842,1179.375614610013
1204,rule,0.004058694574098792,0.055310213646181265,1.1828259006701431,0.1298584554640041,0.47690924000214263,True,0.014114717113647646,84.36405842566084,1244.1650557540006
1204,mpc,0.004058694574098792,0.055310213646181265,1.1828259006701431,0.1298584554640041,0.47690924000214263,True,-0.00037106649676843517,85.4319578994034,1242.9770798273616
1205,rule,0.006241939062730493,0.19912190962700416,0.7168851169314713,0.1049366337314612,0.4390733955141165,True,0.0023742666206983953,54.85602194126502,1157.5518011416395
1205,mpc,0.006241939062730493,0.19912190962700416,0.7168851169314713,0.1049366337314612,0.4390733955141165,True,-0.005658011180767586,55.550401965838,1156.2050763127336
1206,rule,0.005554668778948817,0.21500861551052747,1.0933306852634512,0.11850326425526346,0.645598817852159,True,0.006726291126501138,61.64326979834456,1696.5624638685877
1206,mpc,0.005554668778948817,0.21500861551052747,1.0933306852634512,0.11850326425526346,0.645598817852159,True,-0.003996150509021135,62.423564352754,1694.6941549044254
1207,rule,0.005900714578966179,0.1445613381834288,0.651490370715428,0.15680753899784042,0.5083727702416169,True,0.004127671655312026,58.028217023364974,1338.1254138646843
1207,mpc,0.005900714578966179,0.1445613381834288,0.651490370715428,0.15680753899784042,0.5083727702416169,True,-0.0037233989854981164,58.762751416065804,1336.6094128532586
1208,rule,0.005352218585934092,0.20471901812885368,0.9661524097549913,0.05537907263843864,0.22917375239885354,True,0.007162609426302535,63.97495555974656,601.6638608069617
1208,mpc,0.005352218585934092,0.20471901812885368,0.9661524097549913,0.05537907263843864,0.22917375239885354,True,-0.004680660807819592,64.784765123794,601.0126670554502
1209,rule,0.006687180273673857,0.1958224334417359,1.14417676504977,0.12260247285267732,0.24839229431984697,True,0.006504308034179229,51.203636236513226,656.1864797228023
1209,mpc,0.006687180273673857,0.1958224334417359,1.14417676504977,0.12260247285267732,0.24839229431984697,True,-0.004028559805779208,51.851783530646316,655.3976699692812
1210,rule,0.0038149373779068625,0.48797957345505905,0.9770688628795394,0.174550088554344,0.37258994930454736,True,0.0010813607718929141,89.75453913454582,970.8245612725876
1210,mpc,0.0038149373779068625,0.48797957345505905,0.9770688628795394,0.174550088554344,0.37258994930454736,True,-0.0061359719370748245,90.89067254131224,969.9222051415809
1211,rule,0.004785500610445839,0.3182690628715561,1.0654154763968064,0.15198135318514966,0.41885593855934333,True,0.004014193606408756,71.55112370767891,1096.6463001438754
1211,mpc,0.004785500610445839,0.3182690628715561,1.0654154763968064,0.15198135318514966,0.41885593855934333,True,-0.004964577569796402,72.45683413435839,1095.5190464101831
1212,rule,0.0035024047541156534,0.29791195397135306,1.039882471614091,0.16708419348835563,0.6188562066502427,True,0.006404929250332869,97.76367102597771,1609.9384435834593
1212,mpc,0.0035024047541156534,0.29791195397135306,1.039882471614091,0.16708419348835563,0.6188562066502427,True,-0.0035919984920387282,99.00118584909137,1608.4954467742423
1213,rule,0.006403423423141181,0.20765640732489105,0.7876956562734696,0.1536756648680237,0.15160115814097588,True,0.002438403358045571,53.472638548899184,399.9712656654852
1213,mpc,0.006403423423141181,0.20765640732489105,0.7876956562734696,0.1536756648680237,0.15160115814097588,True,-0.0050599880230568495,54.14950739129033,399.50025968671366
1214,rule,0.005182093326191003,0.46804000100414395,1.1326372912344702,0.14290216293960706,0.2807866514122528,True,7.28567677876768e-05,66.07521799165733,736.5661434873256
1214,mpc,0.005182093326191003,0.46804000100414395,1.1326372912344702,0.14290216293960706,0.2807866514122528,True,-0.007181764320435713,66.9116131561087,735.7808035600902
1215,rule,0.0027085895348095993,0.3845178431840603,0.7752545745658638,0.08210201922636096,0.3451960695097377,True,0.004617156190360072,126.41559076438385,894.3253548242837
1215,mpc,0.0027085895348095993,0.3845178431840603,0.7752545745658638,0.08210201922636096,0.3451960695097377,True,-0.00537883623469626,128.01578811583175,893.6021273360253
1216,rule,0.00571624200051928,0.0953830832934349,1.1839957513586157,0.15174784383209677,0.3668912407614917,True,0.01131785315897993,59.90088350879438,964.8857558902621
1216,mpc,0.00571624200051928,0.0953830832934349,1.1839957513586157,0.15174784383209677,0.3668912407614917,True,-0.0013162221108702354,60.65912254055128,963.8088185814925
1217,rule,0.0036390882297484745,0.2535354672746872,0.7832074252744544,0.11251777541192393,0.2906902349332031,True,0.005463280318655173,94.09168576406007,756.7505935191449
1217,mpc,0.0036390882297484745,0.2535354672746872,0.7832074252744544,0.11251777541192393,0.2906902349332031,True,-0.004299610603544002,95.28271976107351,756.0612679521311
1218,rule,0.004787727386134427,0.43496885331716045,1.0881081126453962,0.13018195219041867,0.3145797382495311,True,0.0012730295997240848,71.5178452250266,823.6398691182295
1218,mpc,0.004787727386134427,0.43496885331716045,1.0881081126453962,0.13018195219041867,0.3145797382495311,True,-0.00668277619032942,72.42313440509025,822.7930617782062
1219,rule,0.003331164151441343,0.20717753180421272,0.9636322350746316,0.16748751138439916,0.4176384363877351,True,0.008156393423291108,102.78927444419949,1085.5214513867923
1219,mpc,0.003331164151441343,0.20717753180421272,0.9636322350746316,0.16748751138439916,0.4176384363877351,True,-0.002516678797707561,104.0904045004552,1084.5685607534783
1220,rule,0.004304447146493474,0.39227958538710517,1.1630693236918876,0.09811337343670902,0.6241197050945616,True,0.0042876778110741975,79.54748531646356,1630.205140117883
1220,mpc,0.004304447146493474,0.39227958538710517,1.1630693236918876,0.09811337343670902,0.6241197050945616,True,-0.005730202018447539,80.55441551034286,1628.6075895514864
1221,rule,0.004287486459679451,0.3604685725858944,0.6991067721026152,0.050282805169867884,0.5839004885546683,True,-0.0004402476430578339,79.86216385783825,1525.0238511294792
1221,mpc,0.004287486459679451,0.3604685725858944,0.6991067721026152,0.050282805169867884,0.5839004885546683,True,-0.008278214992072153,80.87307732439318,1523.5319985872097
1222,rule,0.006049094136026434,0.07681593420859875,1.2831140599366408,0.12347069871650346,0.43045321631179567,True,0.013143714072808454,56.60483015827328,1133.8120501095702
1222,mpc,0.006049094136026434,0.07681593420859875,1.2831140599366408,0.12347069871650346,0.43045321631179567,True,-0.0008948108101203278,57.321346995719786,1132.5123821752286
1223,rule,0.005011908733792916,0.278760082251031,0.8577783688408471,0.05777417511784871,0.45254291323629603,True,0.0033034071873989657,68.31887098671395,1186.1481707831938
1223,mpc,0.005011908733792916,0.278760082251031,0.8577783688408471,0.05777417511784871,0.45254291323629603,True,-0.006434275528930167,69.18366682198882,1184.902819839839
1224,rule,0.0032989562758220137,0.35431632208945535,0.8954325063593993,0.10258994120343282,0.5737026316767624,True,0.004870069820863909,103.79281128721962,1490.9145307200054
1224,mpc,0.0032989562758220137,0.35431632208945535,0.8954325063593993,0.10258994120343282,0.5737026316767624,True,-0.005057383239942093,105.10664434148825,1489.6110002373362
1225,rule,0.004587482223124103,0.38193845494187156,0.9185294433358441,0.12105045452911445,0.2865001506968905,True,0.001255858971700996,74.63962355106442,749.3867616051484
1225,mpc,0.004587482223124103,0.38193845494187156,0.9185294433358441,0.12105045452911445,0.2865001506968905,True,-0.00654765862814366,75.58442891247032,748.6310992848819
1226,rule,0.00336755541446424,0.14288546093905327,0.9355570121724268,0.06383302203202386,0.30654838851931054,True,0.012206178575517312,101.67848900436235,796.9265253417195
1226,mpc,0.00336755541446424,0.14288546093905327,0.9355570121724268,0.06383302203202386,0.30654838851931054,True,-0.002221607672752146,102.96555848543024,796.2238226750148
1227,rule,0.005024916294181492,0.1424996340299508,1.2603411236953728,0.17853294821908827,0.4048894227051164,True,0.010047682314060946,68.14201991338005,1061.3115854073167
1227,mpc,0.005024916294181492,0.1424996340299508,1.2603411236953728,0.17853294821908827,0.4048894227051164,True,-0.0018295390217277774,69.00457712747348,1060.1959717300358
1228,rule,0.0019435178587114894,0.27671430776252054,0.6504374791327302,0.1379983458735146,0.370494909365116,True,0.006730024342509022,176.1794699474448,955.9500240677582
1228,mpc,0.0019435178587114894,0.27671430776252054,0.6504374791327302,0.1379983458735146,0.370494909365116,True,-0.0029143031536713604,178.4095898201973,955.262260208898
1229,rule,0.003693071532057665,0.3363946532044516,1.1178298299266896,0.16076377586377283,0.22056237277568766,True,0.0059099346422474275,92.71630489929991,574.3450975649764
1229,mpc,0.003693071532057665,0.3363946532044516,1.1178298299266896,0.16076377586377283,0.22056237277568766,True,-0.004061813854555618,93.88992901194929,573.8186368101356
1230,rule,0.0031377050828443748,0.1468919019954697,1.0686538534842898,0.12985039925070385,0.5341239465371905,True,0.011426261104457325,109.1268736674211,1386.9025390078789
1230,mpc,0.0031377050828443748,0.1468919019954697,1.0686538534842898,0.12985039925070385,0.5341239465371905,True,-0.0016329459789830025,110.50822649865428,1385.714433763078
1231,rule,0.006203783732691627,0.09233375008801387,0.665341549403039,0.12274129749237934,0.23573521578834047,True,0.0073405984955307035,55.19340469217534,621.3712973668862
1231,mpc,0.006203783732691627,0.09233375008801387,0.665341549403039,0.12274129749237934,0.23573521578834047,True,-0.0025788271659314965,55.892055384481374,620.6504743779407
1232,rule,0.004563932363986897,0.31138184501446153,0.8423764448933804,0.15288359735245233,0.6367251223091231,True,0.0022972005283046215,75.02476348752617,1665.263270129208
1232,mpc,0.004563932363986897,0.31138184501446153,0.8423764448933804,0.15288359735245233,0.6367251223091231,True,-0.005407730273710332,75.9744440380012,1663.5879610744573
1233,rule,0.005479492889961088,0.4607290274999352,1.097281128583821,0.08435851006501707,0.5286415353011783,True,-0.0007800643770838889,62.48898448403949,1388.7162933169104
1233,mpc,0.005479492889961088,0.4607290274999352,1.097281128583821,0.08435851006501707,0.5286415353011783,True,-0.008266042926102335,63.27998428763494,1387.1967017771565
1234,rule,0.0033419588093634954,0.32878017709583435,1.078519807805821,0.06585596419143809,0.43603415023852465,True,0.007772948546009184,102.45726105953939,1133.3983599012538
1234,mpc,0.0033419588093634954,0.32878017709583435,1.078519807805821,0.06585596419143809,0.43603415023852465,True,-0.004539153864622669,103.75418841472346,1132.4021136625593
1235,rule,0.0033676539992391757,0.26183740277668194,0.662670134180424,0.12056127798899396,0.26435901013620844,True,0.004146182537556498,101.67551246610856,687.2481540965924
1235,mpc,0.0033676539992391757,0.26183740277668194,0.662670134180424,0.12056127798899396,0.26435901013620844,True,-0.004518875590676874,102.96254426947702,686.6421547419571
1236,rule,0.005750546229976958,0.2988740569527577,1.1795546820640654,0.15375924235969932,0.17318535081670342,True,0.00405287584805325,59.54355160145458,455.5329719794253
1236,mpc,0.005750546229976958,0.2988740569527577,1.1795546820640654,0.15375924235969932,0.17318535081670342,True,-0.005030922916603675,60.29726744451098,455.0231075123188
1237,rule,0.0029517929880731723,0.31175937681275145,1.3196718140590922,0.17256035972014722,0.6492007641623533,True,0.009005008787420943,115.99998630144287,1684.0802949454092
1237,mpc,0.0029517929880731723,0.31175937681275145,1.3196718140590922,0.17256035972014722,0.6492007641623533,True,-0.0027365471983304968,117.4683405584232,1682.6723125201877
1238,rule,0.003705240150300198,0.11792958698849888,0.6570821040093064,0.08494691565821623,0.5155341035480249,True,0.009382277363490066,92.41180930025313,1342.5353242674416
1238,mpc,0.003705240150300198,0.11792958698849888,0.6570821040093064,0.08494691565821623,0.5155341035480249,True,-0.0024894630835057274,93.58157903823103,1341.3029901145444
1239,rule,0.0038665460172144068,0.060796356949824534,0.7687456815619329,0.12110995336230318,0.47931588705945904,True,0.011653737895833682,88.55654236539144,1249.2363779645416
1239,mpc,0.0038665460172144068,0.060796356949824534,0.7687456815619329,0.12110995336230318,0.47931588705945904,True,-0.0008673302400377114,89.6775112560926,1248.0684909919232
1240,rule,0.005116860377887998,0.4834257545854888,1.0392224887282013,0.15209764396184955,0.4198361897045514,True,-0.0011174492807712877,66.91758635058032,1100.9787314110333
1240,mpc,0.005116860377887998,0.4834257545854888,1.0392224887282013,0.15209764396184955,0.4198361897045514,True,-0.0075579820116131735,67.76464440565097,1099.8117039154686
1241,rule,0.00446227223781992,0.26194954596610365,0.7489049305830197,0.16808966928960245,0.2343026909272309,True,0.0027660340954217544,76.7339884104582,612.4784203664744
1241,mpc,0.00446227223781992,0.26194954596610365,0.7489049305830197,0.16808966928960245,0.2343026909272309,True,-0.00471122262670165,77.70530471945136,611.868466135582
1242,rule,0.00401296951198924,0.42133289771260546,0.8615397427916389,0.06936592490052212,0.3907671773458343,True,0.0009720037365706924,85.32532957407159,1019.2032396599103
1242,mpc,0.00401296951198924,0.42133289771260546,0.8615397427916389,0.06936592490052212,0.3907671773458343,True,-0.0074703969905483,86.40539703703453,1018.2348810373313
1243,rule,0.00533419587696176,0.4036787739628798,1.0508137801791864,0.05943014886050497,0.47411423190263946,True,0.0006649370597203719,64.1911084780432,1244.61397175811
1243,mpc,0.00533419587696176,0.4036787739628798,1.0508137801791864,0.05943014886050497,0.47411423190263946,True,-0.007884069465119214,65.00365415498047,1243.269011062136
1244,rule,0.005463821250764119,0.24938028869351342,0.7801474642282389,0.16955919792803592,0.22024965741925037,True,0.0019639345602048275,62.66821890143224,578.542340944958
1244,mpc,0.005463821250764119,0.24938028869351342,0.7801474642282389,0.16955919792803592,0.22024965741925037,True,-0.005148330110403165,63.46148749512127,577.9101214789431
1245,rule,0.004329994451044258,0.3709523699382433,0.6525606978133676,0.1064791503505198,0.16263599401182624,True,-0.00155329715036423,79.07814895665864,424.8602169273605
1245,mpc,0.004329994451044258,0.3709523699382433,0.6525606978133676,0.1064791503505198,0.16263599401182624,True,-0.007652454015555588,80.07913818395812,424.44276776947316
1246,rule,0.002787317859646541,0.1410358383348558,1.2473766021063835,0.060723178813045786,0.5246705250755149,True,0.014945844892686355,122.84495827993,1359.8665402218892
1246,mpc,0.002787317859646541,0.1410358383348558,1.2473766021063835,0.060723178813045786,0.5246705250755149,True,-0.0014110345585600648,124.39995775182786,1358.7547183167326
1247,rule,0.005200455106619928,0.4336283005013098,1.0852603366725173,0.15807532630315063,0.6074099742786253,True,0.00039835921170205957,65.84191943995717,1593.5126034238838
1247,mpc,0.005200455106619928,0.4336283005013098,1.0852603366725173,0.15807532630315063,0.6074099742786253,True,-0.006771919449733321,66.67536145818448,1591.810787248368
1248,rule,0.005701230178101588,0.2967017814797338,1.1968470597674787,0.07596115823847527,0.42556888839799345,True,0.0049581086687902065,60.058607613558785,1119.1227214201338
1248,mpc,0.005701230178101588,0.2967017814797338,1.1968470597674787,0.07596115823847527,0.42556888839799345,True,-0.005616544133090429,60.81884315297093,1117.875176600409
1249,rule,0.002578557058516365,0.3839879238867558,0.8081240377558006,0.1363243538719143,0.3760670670386326,True,0.004790631092485453,132.7905252475568,973.6360805771997
1249,mpc,0.002578557058516365,0.3839879238867558,0.8081240377558006,0.1363243538719143,0.3760670670386326,True,-0.004411051255019283,134.47141797220942,972.863152306448
1250,rule,0.004082566580580598,0.24129601845408305,0.8018879519767806,0.1409918435602961,0.5764245973756543,True,0.004885780793916439,83.87075615861431,1503.9613299482373
1250,mpc,0.004082566580580598,0.24129601845408305,0.8018879519767806,0.1409918435602961,0.5764245973756543,True,-0.004145435996273372,84.93241129986261,1502.5215902382574
1251,rule,0.005637144013549455,0.17059249737341842,0.8294855997774746,0.1160555777420509,0.15116328950616056,True,0.005868413573655085,60.74138701409267,397.39544493914684
1251,mpc,0.005637144013549455,0.17059249737341842,0.8294855997774746,0.1160555777420509,0.15116328950616056,True,-0.003969640634934324,61.51026533072677,396.9547898674744
1252,rule,0.0032661924181053197,0.38871734881761527,0.8902706007823837,0.07682154736415628,0.49190425503630364,True,0.004306605819727416,104.83397863614232,1278.1243463194403
1252,mpc,0.0032661924181053197,0.38871734881761527,0.8902706007823837,0.07682154736415628,0.49190425503630364,True,-0.0057947516972780555,106.1609910239416,1277.0114258379745
1253,rule,0.005444479421119929,0.11311187507798051,1.1967696111794108,0.17843522514826549,0.46225747252150595,True,0.01035675175779871,62.89085139213361,1214.1264095652919
1253,mpc,0.005444479421119929,0.11311187507798051,1.1967696111794108,0.17843522514826549,0.46225747252150595,True,-0.0015211778137633747,63.68693811861633,1212.8018299950315
1254,rule,0.004242080745711813,0.07301172465744887,1.240210737224435,0.15139255955056033,0.40716102415170896,True,0.01316951357444096,80.71697987533892,1063.178020040436
1254,mpc,0.004242080745711813,0.07301172465744887,1.240210737224435,0.15139255955056033,0.40716102415170896,True,-0.0006139421700046555,81.73871379781157,1062.1428750514578
1255,rule,0.00436653549577383,0.05247584907039827,0.7694708292925034,0.1075072453578399,0.24078486059407925,True,0.012244679243546996,78.41638903716324,629.1253738462576
1255,mpc,0.00436653549577383,0.05247584907039827,0.7694708292925034,0.1075072453578399,0.24078486059407925,True,-0.0007851725858298853,79.409001556621,628.5048994446255
1256,rule,0.0030924642023395033,0.15202004907521519,1.3395909837327273,0.10275801560161167,0.25666041120021477,True,0.013529668882818813,110.72333381325659,666.2861972662491
1256,mpc,0.0030924642023395033,0.15202004907521519,1.3395909837327273,0.10275801560161167,0.25666041120021477,True,-0.0014289630841828327,112.12489500076619,665.7187404258518
1257,rule,0.004138613169025283,0.19778534950508436,1.142612065892203,0.10788064920625622,0.4699717508619007,True,0.009760214149679425,82.7349482053251,1226.556597624364
1257,mpc,0.004138613169025283,0.19778534950508436,1.142612065892203,0.10788064920625622,0.4699717508619007,True,-0.0028367398408248867,83.78222603070897,1225.3753516362324
1258,rule,0.005082262926161033,0.3505630118701522,1.1905864115985287,0.06158184125220503,0.505639835125757,True,0.0043820761011560405,67.3731271199356,1325.7692713055221
1258,mpc,0.005082262926161033,0.3505630118701522,1.1905864115985287,0.06158184125220503,0.505639835125757,True,-0.006175748910667522,68.22595151385885,1324.3683618482107
1259,rule,0.0052649737985816505,0.26321295862183,0.8888785569422164,0.09373223694827554,0.21327706553235656,True,0.003531239558197452,65.03507126159404,559.6958290448548
1259,mpc,0.0052649737985816505,0.26321295862183,0.8888785569422164,0.09373223694827554,0.21327706553235656,True,-0.005691660844872715,65.85830001174081,559.0946667414936
1260,rule,0.006262026887836687,0.29812059709632693,1.1819690138430867,0.07347426444594621,0.31453029530996424,True,0.00385296237274968,54.68005045559189,829.2893229602415
1260,mpc,0.006262026887836687,0.29812059709632693,1.1819690138430867,0.07347426444594621,0.31453029530996424,True,-0.006131443800353686,55.37220299300445,828.3230372930733
1261,rule,0.0029342040107189073,0.1430825212269441,0.6529377853760082,0.10006959917925848,0.21945554706140583,True,0.008992351150208688,116.6953439264402,569.2334780926543
1261,mpc,0.0029342040107189073,0.1430825212269441,0.6529377853760082,0.10006959917925848,0.21945554706140583,True,-0.002404166156648957,118.17250017867363,568.758685821591
1262,rule,0.003769864304645074,0.47632331742122114,1.3437027376830533,0.12964715995896464,0.24194854357914627,True,0.004901294988549854,90.8276581094131,630.2801157951249
1262,mpc,0.003769864304645074,0.47632331742122114,1.3437027376830533,0.12964715995896464,0.24194854357914627,True,-0.005278525314093008,91.97737530067151,629.6972732915685
1263,rule,0.006923500649711664,0.21021053260832556,1.3424302222537112,0.13306144162519415,0.21305837252408336,True,0.0070905199745791014,49.455898613289364,563.4457496365401
1263,mpc,0.006923500649711664,0.21021053260832556,1.3424302222537112,0.13306144162519415,0.21305837252408336,True,-0.0038345767006464637,50.08192264636899,562.7571349547961
1264,rule,0.002402832681697184,0.3812670974046863,1.3468442953884423,0.17174062954145775,0.34275105201604783,True,0.009132952815048778,142.501784992924,886.5528389301006
1264,mpc,0.002402832681697184,0.3812670974046863,1.3468442953884423,0.17174062954145775,0.34275105201604783,True,-0.002781422998081373,144.3056050561256,885.8669997822261
1265,rule,0.004156835825096865,0.2852372011141535,0.69359271652899,0.147404315350102,0.5916124510087982,True,0.0020251851913550833,82.37225634794083,1544.161249488046
1265,mpc,0.004156835825096865,0.2852372011141535,0.69359271652899,0.147404315350102,0.5916124510087982,True,-0.005249733622047836,83.41494313715529,1542.67124716809
1266,rule,0.003424192208506794,0.3247201621478955,0.6843001350602925,0.15199475804076157,0.4087050483636957,True,0.0023383419305754716,99.99670734911777,1062.8097959887125
1266,mpc,0.003424192208506794,0.3247201621478955,0.6843001350602925,0.15199475804076157,0.4087050483636957,True,-0.005035874481343461,101.26248845480282,1061.8661383158367
1267,rule,0.003062914825591215,0.19439455349156326,0.6804041119284413,0.1551774190013544,0.30301950391926735,True,0.006376038752752278,111.79153377700939,786.5128484206494
1267,mpc,0.003062914825591215,0.19439455349156326,0.6804041119284413,0.1551774190013544,0.30301950391926735,True,-0.0028325444287276014,113.20661648304748,785.8455680358815
1268,rule,0.005160269344538474,0.3716268189443432,0.6985249263075921,0.17043809271997412,0.32542097435472217,True,-0.002418925747770251,66.354665487293,853.5624353057094
1268,mpc,0.005160269344538474,0.3716268189443432,0.6985249263075921,0.17043809271997412,0.32542097435472217,True,-0.0072987633466568,67.1945979618157,852.6541272555735
1269,rule,0.005986612964868121,0.10961170727098321,0.7177034916194448,0.13654105980682943,0.6420074741215298,True,0.006896372378062732,57.19560429086901,1690.553141987361
1269,mpc,0.005986612964868121,0.10961170727098321,0.7177034916194448,0.13654105980682943,0.6420074741215298,True,-0.002762312916216647,57.91959928189268,1688.624768202773
1270,rule,0.00543794699881393,0.09373624103150027,1.2093457300523882,0.13015767421153907,0.4370421714733489,True,0.012175029074824817,62.96640005058263,1147.862359511641
1270,mpc,0.00543794699881393,0.09373624103150027,1.2093457300523882,0.13015767421153907,0.4370421714733489,True,-0.00124586869709864,63.763443089197615,1146.6107732661471
1271,rule,0.005034581641084867,0.24214327414500364,0.7896458753134082,0.15508174284120893,0.453216933082229,True,0.0030501739077741785,68.01120144461497,1188.04496193961
1271,mpc,0.005034581641084867,0.24214327414500364,0.7896458753134082,0.15508174284120893,0.453216933082229,True,-0.0048105598726781995,68.87210272872403,1186.7950250673896
1272,rule,0.005210899262353953,0.4434502650757065,1.0820076124371596,0.1149588444758448,0.6053292085688652,True,0.00011058588986578854,65.70995310826733,1588.1334041989223
1272,mpc,0.005210899262353953,0.4434502650757065,1.0820076124371596,0.1149588444758448,0.6053292085688652,True,-0.007422367577382127,66.54172466659983,1586.435755863496
1273,rule,0.0036234280099733777,0.17494615247441014,0.7613279552306853,0.1006628523954271,0.42374679884903343,True,0.008031996588219403,94.49834389940008,1103.0473184461598
1273,mpc,0.0036234280099733777,0.17494615247441014,0.7613279552306853,0.1006628523954271,0.42374679884903343,True,-0.0031444897776018443,95.69452546774693,1102.0443873035085
1274,rule,0.004475692743729993,0.17177579892713712,1.2124072363427119,0.05520604532648833,0.2817840247053981,True,0.011870612505092581,76.5038991250825,736.645653042202
1274,mpc,0.004475692743729993,0.17177579892713712,1.2124072363427119,0.05520604532648833,0.2817840247053981,True,-0.0027338737915729716,77.47230291147595,735.9110527749511
1275,rule,0.004457607419799636,0.3204819538991052,1.0184839352158634,0.153090509300927,0.49257940705189285,True,0.0040816949829366456,76.81428935627848,1287.596451824105
1275,mpc,0.004457607419799636,0.3204819538991052,1.0184839352158634,0.153090509300927,0.49257940705189285,True,-0.004856222565511548,77.78662213294025,1286.3147640966456
1276,rule,0.003654715621137289,0.3044595012227895,1.2047335410557505,0.1003225959148195,0.17517076477114998,True,0.00819394354929448,93.68935415955326,456.05631637946544
1276,mpc,0.003654715621137289,0.3044595012227895,1.2047335410557505,0.1003225959148195,0.17517076477114998,True,-0.003873422352052236,94.87529535144635,455.64013682085067
1277,rule,0.0037282916817041253,0.3262365138742333,0.9322431923186377,0.10228750579694083,0.610837293324369,True,0.004979244578561137,91.84043937910874,1590.9064919350628
1277,mpc,0.0037282916817041253,0.3262365138742333,0.9322431923186377,0.10228750579694083,0.610837293324369,True,-0.005034481565017401,93.00297658643925,1589.4422980733993
1278,rule,0.00489719435631379,0.3752535780796957,1.093487113043391,0.167285971797068,0.16020080662735894,True,0.0024894377274783386,69.91920705367308,419.6648107193472
1278,mpc,0.00489719435631379,0.3752535780796957,1.093487113043391,0.167285971797068,0.16020080662735894,True,-0.005616782770048401,70.80426030751705,419.22885935531434
1279,rule,0.0054991961019375726,0.3472821192474855,1.3250598372257283,0.10814048533557441,0.5405552085560228,True,0.004545350571675044,62.26509108495694,1420.1458186402524
1279,mpc,0.0054991961019375726,0.3472821192474855,1.3250598372257283,0.10814048533557441,0.5405552085560228,True,-0.0055311472393260175,63.05325679489312,1418.5892286125518
1280,rule,0.0036234079186012033,0.4016240971969693,1.3115409296899063,0.05071749234732676,0.3498573227388099,True,0.00744931162602247,94.49886788163995,910.7069204087175
1280,mpc,0.0036234079186012033,0.4016240971969693,1.3115409296899063,0.05071749234732676,0.3498573227388099,True,-0.005122447178509404,95.69505608267339,909.8788741683094
1281,rule,0.004320084932013368,0.18703374151530672,0.9657057542775536,0.06306428772860743,0.5687446261676129,True,0.009398322012387217,79.25954039556453,1485.680295171312
1281,mpc,0.004320084932013368,0.18703374151530672,0.9657057542775536,0.06306428772860743,0.5687446261676129,True,-0.003542992240194387,80.26282571702738,1484.2220206321324
1282,rule,0.0037670015654145675,0.1991447712603619,1.3387045828382584,0.13886679628485618,0.17650632846382855,True,0.010836424477492779,90.89668274228612,459.7953554876512
1282,mpc,0.0037670015654145675,0.1991447712603619,1.3387045828382584,0.13886679628485618,0.17650632846382855,True,-0.0021704642582187628,92.04727366307458,459.37030493037344
1283,rule,0.005403075924493123,0.35894846038590794,0.8836826821388089,0.07422694828628337,0.18444557345509935,True,-0.00019352909387060357,63.372780794914576,484.35368366585675
1283,mpc,0.005403075924493123,0.35894846038590794,0.8836826821388089,0.07422694828628337,0.18444557345509935,True,-0.00787449662586992,64.1749678935844,483.827143859539
1284,rule,0.0037232986936609714,0.2005971738586324,0.8657054363006241,0.05175324891091998,0.2797702918066103,True,0.009208326840152825,91.96359850584724,728.6344630168339
1284,mpc,0.0037232986936609714,0.2005971738586324,0.8657054363006241,0.05175324891091998,0.2797702918066103,True,-0.003818211214136058,93.12769468946559,727.9642471408656
1285,rule,0.006060819415200552,0.058794245915607536,1.2719077055197254,0.10093988719034322,0.20058423480372636,True,0.014541744136925994,56.49532228635999,528.3668831330556
1285,mpc,0.006060819415200552,0.058794245915607536,1.2719077055197254,0.10093988719034322,0.20058423480372636,True,-0.0005125792972910936,57.21045294821266,527.760671553675
1286,rule,0.00246945870166413,0.3974771934075449,1.3308072968903042,0.10534799855383256,0.31853811479095195,True,0.009700281132487887,138.65708543756563,824.2165084834137
1286,mpc,0.00246945870166413,0.3974771934075449,1.3308072968903042,0.10534799855383256,0.31853811479095195,True,-0.003346467999168601,140.412238417788,823.57253861207
1287,rule,0.004217717035173818,0.05466405042492197,1.0477591269965274,0.14364210790519216,0.24405966306758856,True,0.012982493905854708,81.18324281255914,637.2108209235724
1287,mpc,0.004217717035173818,0.05466405042492197,1.0477591269965274,0.14364210790519216,0.24405966306758856,True,-0.00046142926671755014,82.21087879752825,636.5919937111225
1288,rule,0.004789428458224438,0.4869310754685927,1.1129126668241476,0.06122447455285544,0.5628512266800791,True,0.000306578814142755,71.49244407089911,1473.6821790982615
1288,mpc,0.004789428458224438,0.4869310754685927,1.1129126668241476,0.06122447455285544,0.5628512266800791,True,-0.008137163589348795,72.39741171736618,1472.1667994332386
1289,rule,0.0044629980712258795,0.2952225244400782,1.2009874760930206,0.06148141306187134,0.45864131041710876,True,0.007451824079245162,76.7215088863195,1198.9145753872351
1289,mpc,0.0044629980712258795,0.2952225244400782,1.2009874760930206,0.06148141306187134,0.45864131041710876,True,-0.004759188462348796,77.69266722665269,1197.7205146344486
1290,rule,0.003910873056891555,0.44396464217396064,1.0379560439578877,0.16100982524135982,0.3638205448456142,True,0.0024068109901391743,87.55281524103884,948.4338670679687
1290,mpc,0.003910873056891555,0.44396464217396064,1.0379560439578877,0.16100982524135982,0.3638205448456142,True,-0.005711035555126864,88.66107872510264,947.5428050839071
1291,rule,0.006644153635181934,0.4388480007128488,1.0374604907501588,0.10020136971065416,0.430770216960923,True,-0.0031560017723779588,51.53522404540351,1137.757880751574
1291,mpc,0.006644153635181934,0.4388480007128488,1.0374604907501588,0.10020136971065416,0.430770216960923,True,-0.009100293079906008,52.18756865357318,1136.3943606289351
1292,rule,0.002216926640011838,0.38032956930704737,0.9660424532781162,0.1094949648741898,0.24803539032576363,True,0.007865596038666434,154.4516358824371,640.9254167231256
1292,mpc,0.002216926640011838,0.38032956930704737,0.9660424532781162,0.1094949648741898,0.24803539032576363,True,-0.0036757371302973407,156.40671988094897,640.4435063117915
1293,rule,0.004918886489043542,0.39480305611565236,0.7253961834340453,0.10308501286235466,0.5948824417757024,True,-0.0025345750264123,69.61086557778303,1558.5283929696143
1293,mpc,0.004918886489043542,0.39480305611565236,0.7253961834340453,0.10308501286235466,0.5948824417757024,True,-0.008356277799488554,70.49201577497018,1556.906097321296
1294,rule,0.004039800397795757,0.0559554269155592,1.0732194954485632,0.07601803960323916,0.5575912756544523,True,0.015362272506662222,84.7586297501262,1454.5113680795275
1294,mpc,0.004039800397795757,0.0559554269155592,1.0732194954485632,0.07601803960323916,0.5575912756544523,True,-0.0005267269137680941,85.83152379759616,1453.125382361701
1295,rule,0.004514031207504547,0.054055402627344706,0.6704003577538535,0.08101280824497231,0.18597318440900637,True,0.012205316858324045,75.85413800682905,486.2668162566988
1295,mpc,0.004514031207504547,0.054055402627344706,0.6704003577538535,0.08101280824497231,0.18597318440900637,True,-0.0010990847442486906,76.81431696894083,485.7800351692728
1296,rule,0.00361264787764688,0.41630022209900364,0.7887452499648998,0.11180600490954236,0.4289714802110418,True,0.001119083938467158,94.78032672373611,1116.5862937585216
1296,mpc,0.00361264787764688,0.41630022209900364,0.7887452499648998,0.11180600490954236,0.4289714802110418,True,-0.006569977561267759,95.98007769492266,1115.572333594736
1297,rule,0.006524724073703629,0.32305160163565877,0.9569537747449217,0.05344754060256041,0.2481052202945229,True,-9.963609261687267e-05,52.478532779827134,654.9430154994059
1297,mpc,0.006524724073703629,0.32305160163565877,0.9569537747449217,0.05344754060256041,0.2481052202945229,True,-0.008164264372173324,53.14281800488825,654.1648519292036
1298,rule,0.008460119050658953,0.1769736755260492,0.9174898136662983,0.156024866960071,0.2435287372389078,False,,40.47318295769292,648.3768356706782
1298,mpc,0.008460119050658953,0.1769736755260492,0.9174898136662983,0.156024866960071,0.2435287372389078,False,,40.98550172930929,647.5051404510385
1299,rule,0.0056910066726499255,0.0511763280385272,1.3226218173452735,0.15463485678958544,0.28261512127946453,True,0.013779094092587041,60.16649880709881,743.1599785136428
1299,mpc,0.0056910066726499255,0.0511763280385272,1.3226218173452735,0.15463485678958544,0.28261512127946453,True,-0.00023983494457113785,60.92810005782159,742.3322365761493
1300,rule,0.004916818225104465,0.2237516038448012,0.8329461591660392,0.17797358208230596,0.18141330025946698,True,0.004147769348185171,69.64014745001238,475.2786820595098
1300,mpc,0.004916818225104465,0.2237516038448012,0.8329461591660392,0.17797358208230596,0.18141330025946698,True,-0.004047434066744904,70.52166830381002,474.7840527244023
1301,rule,0.005170181038596062,0.42395097433693174,0.7778833961851708,0.11723810012814657,0.3679687601748317,True,-0.0030872465256721604,66.22745772828148,965.2090615029118
1301,mpc,0.005170181038596062,0.42395097433693174,0.7778833961851708,0.11723810012814657,0.3679687601748317,True,-0.008531451376274646,67.06577997800657,964.1810338750998
1302,rule,0.005120106948219887,0.19092434571188488,1.2942071050359605,0.17893791101879247,0.5663100284432652,True,0.008686362259587521,66.87515507859234,1485.1150461179116
1302,mpc,0.005120106948219887,0.19092434571188488,1.2942071050359605,0.17893791101879247,0.5663100284432652,True,-0.0025765549661589393,67.72167602895428,1483.5403763448742
1303,rule,0.004873238523621711,0.15478519357166753,1.3274744070531808,0.09826823944375312,0.1743131661015904,True,0.01171146753372243,70.26291541476019,456.580671754915
1303,mpc,0.004873238523621711,0.15478519357166753,1.3274744070531808,0.09826823944375312,0.1743131661015904,True,-0.0021639118936376267,71.15231940735211,456.10743579627285
1304,rule,0.0025738716048659587,0.41894000228560063,0.9432223412979519,0.06004034636950749,0.5186273727482207,True,0.006593045999880531,133.03225597339573,1342.6908006251062
1304,mpc,0.0025738716048659587,0.41894000228560063,0.9432223412979519,0.06004034636950749,0.5186273727482207,True,-0.005156728848540126,134.71620858065396,1341.6256163012076
1305,rule,0.004504339463164153,0.22835269399755903,0.9303166878976401,0.12059266171197489,0.5091519483103926,True,0.0062197318092444,76.01734926537988,1331.2235347944784
1305,mpc,0.004504339463164153,0.22835269399755903,0.9303166878976401,0.12059266171197489,0.5091519483103926,True,-0.00403085568193573,76.97959419278976,1329.892192367233
1306,rule,0.004820334259126933,0.46326743144093907,1.025674239190423,0.08451675895237346,0.5530072904154005,True,-0.0001721092800635038,71.03406688713754,1448.1263280441478
1306,mpc,0.004820334259126933,0.46326743144093907,1.025674239190423,0.08451675895237346,0.5530072904154005,True,-0.007937512542613323,71.9332322907722,1446.6328489939601
1307,rule,0.0054136210339702185,0.21222747577344014,0.9312738101661437,0.08825789247139904,0.6420709182551808,True,0.005863854610264951,63.249337926055276,1686.1615530115478
1307,mpc,0.0054136210339702185,0.21222747577344014,0.9312738101661437,0.08825789247139904,0.6420709182551808,True,-0.004662361529282455,64.04996245676485,1684.3268643465883
1308,rule,0.0041257205051139206,0.43252751201737244,0.9874519616895117,0.09512763046931587,0.6324939958558735,True,0.001883054858450417,82.99349065375635,1650.609268271203
1308,mpc,0.0041257205051139206,0.43252751201737244,0.9874519616895117,0.09512763046931587,0.6324939958558735,True,-0.006762215729007259,84.04404116836088,1649.0218185085698
1309,rule,0.0036654339811767983,0.49416952234410266,1.1959692809044964,0.07798515002860891,0.2478311271142072,True,0.003927158426368815,93.41539035747468,645.2624112872451
1309,mpc,0.0036654339811767983,0.49416952234410266,1.1959692809044964,0.07798515002860891,0.2478311271142072,True,-0.006303856482076542,94.59786365313894,644.6728355718691
1310,rule,0.003646806509346266,0.3060334220173909,1.3241440297621094,0.10282331777482387,0.6177462279159931,True,0.008981479182101015,93.89254551993324,1608.2348989567856
1310,mpc,0.003646806509346266,0.3060334220173909,1.3241440297621094,0.10282331777482387,0.6177462279159931,True,-0.003588200615771475,95.08105875436279,1606.768635917246
1311,rule,0.005696305138337959,0.09470634749733786,0.8183242614888253,0.062387522687707656,0.39419324217070795,True,0.01090948553078852,60.11053443690506,1036.5898170561502
1311,mpc,0.005696305138337959,0.09470634749733786,0.8183242614888253,0.062387522687707656,0.39419324217070795,True,-0.0024281913059422955,60.87142727787855,1035.4347445794679
1312,rule,0.0024492655718043135,0.05860364182907135,1.2569791883053603,0.08107508808115263,0.551869124783563,True,0.016519798188945334,139.80025282800986,1427.8064672341745
1312,mpc,0.0024492655718043135,0.05860364182907135,1.2569791883053603,0.08107508808115263,0.551869124783563,True,-0.0003238298267205231,141.569876281529,1426.6942362888735
1313,rule,0.006389037425200558,0.4726221293221612,1.1697625737773678,0.08336411027006219,0.47477461053198755,True,-0.0021781867315338044,53.59304123507065,1252.5211433121606
1313,mpc,0.006389037425200558,0.4726221293221612,1.1697625737773678,0.08336411027006219,0.47477461053198755,True,-0.008970581634440977,54.27143416209687,1251.0477482737076
1314,rule,0.004360114112151757,0.41050706421046707,1.2786159830253645,0.14853581317100856,0.16806229010921722,True,0.004363952812938221,78.53187723387396,439.10106688280473
1314,mpc,0.004360114112151757,0.41050706421046707,1.2786159830253645,0.14853581317100856,0.16806229010921722,True,-0.005190552227373635,79.52595162923947,438.6682884427564
1315,rule,0.00871784542427421,0.3777563329464227,1.2337791369063238,0.09340693695878793,0.2853285380311985,False,,39.276670956767944,760.496361508558
1315,mpc,0.00871784542427421,0.3777563329464227,1.2337791369063238,0.09340693695878793,0.2853285380311985,False,,39.773844006853615,759.4593213600805
1316,rule,0.0036061611982259414,0.252516695711525,0.7909419356554875,0.15887975698326118,0.33462740891475806,True,0.005069750511601745,94.9508153849671,870.9857186627025
1316,mpc,0.0036061611982259414,0.252516695711525,0.7909419356554875,0.15887975698326118,0.33462740891475806,True,-0.0037907802060737072,96.15272444047302,870.1953874610158
1317,rule,0.005657972507552321,0.2257779390454237,1.325477868140129,0.10849931512757194,0.4188037768651516,True,0.00815857458636271,60.5177818952166,1101.1078152933803
1317,mpc,0.005657972507552321,0.2257779390454237,1.325477868140129,0.10849931512757194,0.4188037768651516,True,-0.003703473735497953,61.28382976730796,1099.8847304635917
1318,rule,0.005188161896768841,0.15095048813453962,0.7246785096307007,0.16353341461624957,0.6025685745153682,True,0.0054255258206050705,65.99793009436212,1580.7181157881519
1318,mpc,0.005188161896768841,0.15095048813453962,0.7246785096307007,0.16353341461624957,0.6025685745153682,True,-0.0032155297229787827,66.83334693099962,1579.031812659145
1319,rule,0.004105213489742648,0.2775915037690025,0.9481326042109812,0.11669049733774117,0.5424462853212941,True,0.0055863732429459745,83.40807293864961,1415.468145670835
1319,mpc,0.004105213489742648,0.2775915037690025,0.9481326042109812,0.11669049733774117,0.5424462853212941,True,-0.004488212982218798,84.4638713302781,1414.1098217990063
1320,rule,0.004736685867921181,0.3426880690130367,1.1459858545072519,0.1199822119978558,0.44985721162940906,True,0.004402984734040438,72.2885062951109,1177.533189164974
1320,mpc,0.004736685867921181,0.3426880690130367,1.1459858545072519,0.1199822119978558,0.44985721162940906,True,-0.005308075296634351,73.20355067859333,1176.3284317816845
1321,rule,0.004799005365700446,0.24290926931284218,0.968204755645055,0.07576467996521341,0.34559501019907457,True,0.006218713708957213,71.34977356525762,904.8944928728649
1321,mpc,0.004799005365700446,0.24290926931284218,0.968204755645055,0.07576467996521341,0.34559501019907457,True,-0.004822193896945048,72.25293525595708,903.9631461776282
1322,rule,0.0031798338579981027,0.30896220306535377,1.0680731350084782,0.0902970846634086,0.49504696095270084,True,0.008136302787851823,107.68108067028055,1285.716108921735
1322,mpc,0.0031798338579981027,0.30896220306535377,1.0680731350084782,0.0902970846634086,0.49504696095270084,True,-0.003932857546997015,109.04413232433475,1284.608730625369
1323,rule,0.006409851569760024,0.4165417492771112,0.9494353778029461,0.08854958544050257,0.4587998770474311,True,-0.0032103102085796476,53.41901328832212,1210.49327908563
1323,mpc,0.006409851569760024,0.4165417492771112,0.9494353778029461,0.08854958544050257,0.4587998770474311,True,-0.009187042769834175,54.09520332994646,1209.0671238554485
1324,rule,0.005075972984859941,0.4082054881333666,1.2365064628388551,0.07687205733577492,0.44227220936016076,True,0.003027004812355627,67.45661318578334,1159.5864925130131
1324,mpc,0.005075972984859941,0.4082054881333666,1.2365064628388551,0.07687205733577492,0.44227220936016076,True,-0.006653257809648538,68.31049436535024,1158.3618842471442
1325,rule,0.005304647699155897,0.456931704111532,1.1891816909400856,0.12472941550494299,0.4076521264211197,True,0.0006630864328336372,64.54866856392157,1069.9908626117362
1325,mpc,0.005304647699155897,0.456931704111532,1.1891816909400856,0.12472941550494299,0.4076521264211197,True,-0.007152843136648546,65.36574031789526,1068.8375855571144
1326,rule,0.0033231103045445196,0.434503490806414,0.9580658170909491,0.10297231835056472,0.5003226727037059,True,0.0035998263168643962,103.03839319234245,1300.3795347677578
1326,mpc,0.0033231103045445196,0.434503490806414,0.9580658170909491,0.10297231835056472,0.5003226727037059,True,-0.005805276170192553,104.34267665047341,1299.2391756409186
1327,rule,0.004866076177594568,0.45922384081918755,0.9439505879822943,0.05867501841537264,0.3499339541327322,True,-0.001260025984694213,70.36633494513943,916.5545148235607
1327,mpc,0.004866076177594568,0.45922384081918755,0.9439505879822943,0.05867501841537264,0.3499339541327322,True,-0.00878181961349389,71.25704804571083,915.6051652109403
1328,rule,0.0076223987225398715,0.47578147139575094,0.806612062147703,0.1650236844748348,0.38865695790927934,False,,44.92128510263615,1031.026916926159
1328,mpc,0.0076223987225398715,0.47578147139575094,0.806612062147703,0.1650236844748348,0.38865695790927934,False,,45.489908964694834,1029.7077695677933
1329,rule,0.005290512349146312,0.2051573447019115,1.2913826911753692,0.08774925624483071,0.22280343563806185,True,0.00943615488657501,64.72113163792818,584.7670329312708
1329,mpc,0.005290512349146312,0.2051573447019115,1.2913826911753692,0.08774925624483071,0.22280343563806185,True,-0.0033628280869311133,65.54038646878803,584.1375294016685
1330,rule,0.00554123218580922,0.39759418222115467,1.0640407704732553,0.1006529964363153,0.17398154914664002,True,0.0005218145363806714,61.79274477219533,457.17520711647677
1330,mpc,0.00554123218580922,0.39759418222115467,1.0640407704732553,0.1006529964363153,0.17398154914664002,True,-0.007349845636448027,62.574931414881355,456.6723210562688
1331,rule,0.00402368550807706,0.08999702955640251,1.1187165645480104,0.0632599571015939,0.2000613813378128,True,0.014697700893926635,85.09808867861088,521.8303388545798
1331,mpc,0.00402368550807706,0.08999702955640251,1.1187165645480104,0.0632599571015939,0.2000613813378128,True,-0.0011719265238601118,86.17527967454267,521.3339623729146
1332,rule,0.004922492154597364,0.27326115328906786,1.035724526438075,0.07036794306980085,0.6153036298189226,True,0.005654290788606908,69.55987646651525,1612.0579123938646
1332,mpc,0.004922492154597364,0.27326115328906786,1.035724526438075,0.07036794306980085,0.6153036298189226,True,-0.005271850420972779,70.44038123191419,1610.3793331053646
1333,rule,0.006268105221305638,0.12393304954068629,0.9191568604069216,0.10175896809547644,0.30756449220846316,True,0.008641708820096516,54.62702588611938,810.9460612812836
1333,mpc,0.006268105221305638,0.12393304954068629,0.9191568604069216,0.10175896809547644,0.30756449220846316,True,-0.0029172098605756425,55.31850722645001,810.0007146792925
1334,rule,0.00338898816533854,0.31364353781680054,0.8956419144592083,0.14607749446503154,0.5815623509879254,True,0.005179462432257531,101.03545054633692,1512.0402628143997
1334,mpc,0.00338898816533854,0.31364353781680054,0.8956419144592083,0.14607749446503154,0.5815623509879254,True,-0.0042090811759563085,102.31438030008802,1510.7034889760262
1335,rule,0.005112751663817306,0.10362336167858585,0.9040432460850278,0.13265771079087402,0.4168196514747581,True,0.009811804272307878,66.97136272124997,1093.0465345321045
1335,mpc,0.005112751663817306,0.10362336167858585,0.9040432460850278,0.13265771079087402,0.4168196514747581,True,-0.001868962801472529,67.81910148987339,1091.888344845817
1336,rule,0.005880379334043151,0.2968645237170732,1.2926930346366072,0.055087255604249305,0.5210238178106851,True,0.005714779548778526,58.22888741188657,1371.2946887058697
1336,mpc,0.005880379334043151,0.2968645237170732,1.2926930346366072,0.055087255604249305,0.5210238178106851,True,-0.0056158578483436195,58.96596193608767,1369.7436338761368
1337,rule,0.004699780262807811,0.24993076627817384,0.848701868890109,0.16223830500809677,0.24871443525890677,True,0.003926073947179587,72.85616072114334,650.9102939407495
1337,mpc,0.004699780262807811,0.24993076627817384,0.848701868890109,0.16223830500809677,0.24871443525890677,True,-0.004426042380481832,73.77839060368946,650.2466993888484
1338,rule,0.004072822246608133,0.2653149357726519,0.8012880755311872,0.17924655545052443,0.33098761619677186,True,0.003840053163866375,84.07141914095128,863.5445139795459
1338,mpc,0.004072822246608133,0.2653149357726519,0.8012880755311872,0.17924655545052443,0.33098761619677186,True,-0.004167355045069598,85.13561431995066,862.7187110954958
1339,rule,0.0044900793839605345,0.307340998707606,1.2038475029848303,0.09803504250415207,0.18530930186391878,True,0.006572072472136314,76.25877337588575,484.47378619095946
1339,mpc,0.0044900793839605345,0.307340998707606,1.2038475029848303,0.09803504250415207,0.18530930186391878,True,-0.004622608527549588,77.22407430469445,483.9899599498655
1340,rule,0.004271870083406893,0.06698504222685343,0.6564435079010845,0.13017208636962296,0.5715374909707062,True,0.009814868025361245,80.15411037690235,1492.6185441309387
1340,mpc,0.004271870083406893,0.06698504222685343,0.6564435079010845,0.13017208636962296,0.5715374909707062,True,-0.001243250166037102,81.16871936901504,1491.1607591121485
1341,rule,0.004148966240311674,0.49809526479791516,0.8080264713634184,0.17698462567621726,0.24540896672271564,True,-0.001847679779293232,82.52849658170781,640.5141281934758
1341,mpc,0.004148966240311674,0.49809526479791516,0.8080264713634184,0.17698462567621726,0.24540896672271564,True,-0.007264285083586897,83.57316109540034,639.8965955546823
1342,rule,0.004473716611973108,0.1287332691589372,0.6962221381910275,0.15275236682106086,0.16291769028773992,True,0.006918868594572691,76.53769245570653,425.8986612232459
1342,mpc,0.004473716611973108,0.1287332691589372,0.6962221381910275,0.15275236682106086,0.16291769028773992,True,-0.002528590982753265,77.50652400577879,425.47402941308343
1343,rule,0.0021615915242921245,0.31138146208238326,1.186575102927343,0.10719648441008638,0.6000820375123942,True,0.010906542497304716,158.40548148582997,1550.1556135602023
1343,mpc,0.0021615915242921245,0.31138146208238326,1.186575102927343,0.10719648441008638,0.6000820375123942,True,-0.0025727059972051602,160.4106141628658,1549.0001550011389
1344,rule,0.005633347900865196,0.25203120238257815,1.0674989838583728,0.12108242370900481,0.3508851639385808,True,0.005012052168236081,60.782318473282025,922.430744983322
1344,mpc,0.005633347900865196,0.25203120238257815,1.0674989838583728,0.12108242370900481,0.3508851639385808,True,-0.004787431242540663,61.551714909652695,921.4082232411621
1345,rule,0.005184264736020631,0.3388412604761238,0.7189835138096299,0.10701553723366353,0.46189557258808434,True,-0.001403953308722894,66.0475426345628,1211.6679586738085
1345,mpc,0.005184264736020631,0.3388412604761238,0.7189835138096299,0.10701553723366353,0.46189557258808434,True,-0.007673976986174669,66.8835874780383,1210.3758061953215
1346,rule,0.0033005545415480957,0.34122953930728034,0.970467788942339,0.11897307480514,0.561923699758107,True,0.005773793741597366,103.742550492918,1460.315960512904
1346,mpc,0.0033005545415480957,0.34122953930728034,0.970467788942339,0.11897307480514,0.561923699758107,True,-0.004476404580797455,105.05574733460051,1459.0389287784778
1347,rule,0.011183637603650246,0.30117897946574435,1.1302029272363066,0.05983539600456282,0.17912322000016942,False,,30.616867097823704,482.2037384065694
1347,mpc,0.011183637603650246,0.30117897946574435,1.1302029272363066,0.05983539600456282,0.17912322000016942,False,,31.004422377542994,481.4658600176359
1348,rule,0.004728143644860073,0.11591086116288639,0.7690067676805946,0.17970440765400036,0.49811228762862325,True,0.00746970794768842,72.41910819554141,1303.7898806197225
1348,mpc,0.004728143644860073,0.11591086116288639,0.7690067676805946,0.17970440765400036,0.49811228762862325,True,-0.0020582615222026757,73.33580576763687,1302.457042698781
1349,rule,0.0023865251625623148,0.48807959383921373,1.2024076035631033,0.1681913508029006,0.16502603160382903,True,0.006774369505453293,143.47552313823235,426.8158251005427
1349,mpc,0.0023865251625623148,0.48807959383921373,1.2024076035631033,0.1681913508029006,0.16502603160382903,True,-0.003797950764351077,145.29166900074165,426.4864472291747
1350,rule,0.005308690327378785,0.09127370187838246,1.2902866537177635,0.07887431454293799,0.22057084633425014,True,0.014129325532773906,64.49951401671798,578.957734690617
1350,mpc,0.005308690327378785,0.09127370187838246,1.2902866537177635,0.07887431454293799,0.22057084633425014,True,-0.0011839517148837242,65.31596356123342,578.3334909886756
1351,rule,0.00535116560528727,0.3355755454831399,0.652872191653647,0.1512318076230867,0.4087918524574088,True,-0.0024614818987813702,63.98754429182003,1073.2208444948938
1351,mpc,0.00535116560528727,0.3355755454831399,0.652872191653647,0.1512318076230867,0.4087918524574088,True,-0.007414351019568111,64.79751320690637,1072.0593807938938
1352,rule,0.0045568972357145346,0.40355341075195833,1.1968910399390973,0.14856659819340304,0.4366245685229764,True,0.0034579575162235754,75.1405898508248,1141.8894720347919
1352,mpc,0.0045568972357145346,0.40355341075195833,1.1968910399390973,0.14856659819340304,0.4366245685229764,True,-0.005522063121316423,76.09173655779728,1140.741493730791
1353,rule,0.006333868138467048,0.11488883505326743,0.9374575861641072,0.11755914940457735,0.5115020598937612,True,0.00890756683636107,54.059847583763286,1349.07094123596
1353,mpc,0.006333868138467048,0.11488883505326743,0.9374575861641072,0.11755914940457735,0.5115020598937612,True,-0.0025468161863351213,54.7441494519122,1347.490485228364
1354,rule,0.004593855867285442,0.09232993597570632,0.9431144011841105,0.14411806713692793,0.15993032062328752,True,0.010688840608642391,74.53606644901456,418.33630938512505
1354,mpc,0.004593855867285442,0.09232993597570632,0.9431144011841105,0.14411806713692793,0.15993032062328752,True,-0.0013708808262697936,75.4795609610274,417.9142049718638
1355,rule,0.0039104042267280375,0.2138863015406614,1.2147166481910365,0.116103723463796,0.18563561946285825,True,0.009941841323179212,87.56331221227403,483.9272965908894
1355,mpc,0.0039104042267280375,0.2138863015406614,1.2147166481910365,0.116103723463796,0.18563561946285825,True,-0.002749833231382004,88.67170856939143,483.47266627848717
1356,rule,0.004770840081734444,0.4521941162349,1.0182197145680285,0.05772172191583986,0.5911755863850222,True,0.00016219951460394455,71.77099636856835,1547.702013808177
1356,mpc,0.004770840081734444,0.4521941162349,1.0182197145680285,0.05772172191583986,0.5911755863850222,True,-0.008181541112128876,72.67948999348695,1546.113339331479
1357,rule,0.0066795075501274856,0.27550375991666665,1.2434495792899662,0.079214311691252,0.44687173627745713,True,0.0046011200256389495,51.26245364819565,1180.4752953435984
1357,mpc,0.0066795075501274856,0.27550375991666665,1.2434495792899662,0.079214311691252,0.44687173627745713,True,-0.005695135424143016,51.91134546652725,1179.0570063314829
1358,rule,0.0030067600004699737,0.32096626292573105,1.1683400065977443,0.14331481335096677,0.4309512873261425,True,0.008167470336317595,113.87937385347111,1118.2437404472046
1358,mpc,0.0030067600004699737,0.32096626292573105,1.1683400065977443,0.14331481335096677,0.4309512873261425,True,-0.0032861767349214865,115.32088491490748,1117.3019834494946
1359,rule,0.00396083813384532,0.3542474489684138,0.6898774211595367,0.12673722145383134,0.42250147839583174,True,0.0004496698871759852,86.4483562848254,1101.6845288592026
1359,mpc,0.00396083813384532,0.3542474489684138,0.6898774211595367,0.12673722145383134,0.42250147839583174,True,-0.006403010658488251,87.54263927577256,1100.6437584637708
1360,rule,0.006155160566867664,0.3210411578289435,0.6952564997706635,0.0648181703982669,0.4582423100381625,True,-0.003382702471885324,55.62940925120872,1207.6029116716365
1360,mpc,0.006155160566867664,0.3210411578289435,0.6952564997706635,0.0648181703982669,0.4582423100381625,True,-0.009293123740588438,56.333578988565804,1206.2072366814323
1361,rule,0.007143306817832889,0.49365294128151216,1.3466059871586178,0.15972879032413417,0.37556169016816277,False,,47.9340947985574,994.1755922071402
1361,mpc,0.007143306817832889,0.49365294128151216,1.3466059871586178,0.15972879032413417,0.37556169016816277,True,-0.008251071615826167,48.540855492210035,992.9423348377696
1362,rule,0.004174473688391434,0.2671617731853777,1.0295386653999916,0.06737933521584424,0.1586367986175579,True,0.0072782613233123294,82.02421951619117,414.09262240339154
1362,mpc,0.004174473688391434,0.2671617731853777,1.0295386653999916,0.06737933521584424,0.1586367986175579,True,-0.004598854661549412,83.0625007758898,413.6923056744013
1363,rule,0.004964963332900208,0.2761435369667406,0.9187666344901435,0.06366886789476704,0.3958569921800408,True,0.0042302430786109735,68.96484892692465,1037.3345985433232
1363,mpc,0.004964963332900208,0.2761435369667406,0.9187666344901435,0.06366886789476704,0.3958569921800408,True,-0.005947446053866434,69.83782169815156,1036.250190879082
1364,rule,0.005122641255211809,0.1622276393144267,1.0635077547915082,0.17858371562662284,0.26024196571413316,True,0.008000471034340984,66.84207015918108,682.4777147979823
1364,mpc,0.005122641255211809,0.1622276393144267,1.0635077547915082,0.17858371562662284,0.26024196571413316,True,-0.002522268433735819,67.68817231309477,681.7539171933564
1365,rule,0.005840796225035037,0.08436902966655126,1.09789752665217,0.06834032098902018,0.31960076847491337,True,0.01339200757588388,58.62350491077595,841.0087414807709
1365,mpc,0.005840796225035037,0.08436902966655126,1.09789752665217,0.06834032098902018,0.31960076847491337,True,-0.0014601254599226898,59.36557459319084,840.0605070104051
1366,rule,0.0036842201188185928,0.37071369292383644,1.0462824324204143,0.14453051675440196,0.5236491811073459,True,0.0046965922957526995,92.93905769424602,1363.522784412284
1366,mpc,0.0036842201188185928,0.37071369292383644,1.0462824324204143,0.14453051675440196,0.5236491811073459,True,-0.004767533199200091,94.11550146252763,1362.274219474724
1367,rule,0.00919179244683469,0.1705781880122305,0.7019998875742679,0.09805657188830659,0.3628630226630307,False,,37.2514880162569,969.0721477625424
1367,mpc,0.00919179244683469,0.1705781880122305,0.7019998875742679,0.09805657188830659,0.3628630226630307,False,,37.7230258392475,967.7173523523587
1368,rule,0.004440607921410162,0.07011741737614555,0.6933359529221808,0.157899321354398,0.1638409018308811,True,0.0092158357646841,77.10834918126432,428.24214797655554
1368,mpc,0.004440607921410162,0.07011741737614555,0.6933359529221808,0.157899321354398,0.1638409018308811,True,-0.0012012923558635258,78.08440423419174,427.8166014447091
1369,rule,0.004855699157702724,0.3985285031443687,0.8095780822542045,0.14032728832996105,0.5594490272915597,True,-0.001145222958199854,70.51671346607468,1465.246977446565
1369,mpc,0.004855699157702724,0.3985285031443687,0.8095780822542045,0.14032728832996105,0.5594490272915597,True,-0.007292975464041174,71.40933009222752,1463.7307842316118
1370,rule,0.003245415038621443,0.1343670386939691,0.8556333294980644,0.17361798758555225,0.4022633139013839,True,0.009099575436765761,105.50513327461131,1045.096457961385
1370,mpc,0.003245415038621443,0.1343670386939691,0.8556333294980644,0.17361798758555225,0.4022633139013839,True,-0.0016532740567081206,106.84064129074564,1044.1888165216506
1371,rule,0.003580791463561547,0.3413912713410764,0.7781864025048151,0.15448265797398553,0.5904569933558769,True,0.002733620723401664,95.62353732842497,1536.673629230862
1371,mpc,0.003580791463561547,0.3413912713410764,0.7781864025048151,0.15448265797398553,0.5904569933558769,True,-0.005060641626851048,96.83396185156961,1535.2834102343654
1372,rule,0.007051819704210263,0.29039898031039485,0.6611012997780423,0.1078554620916673,0.47309187607074954,True,-0.003975011894680636,48.55597002526167,1251.8418021278994
1372,mpc,0.007051819704210263,0.29039898031039485,0.6611012997780423,0.1078554620916673,0.47309187607074954,True,-0.008753692347570174,49.170602557227014,1250.2984226550097
1373,rule,0.0030822247112448882,0.22309826743388628,0.6711032932421616,0.09850243074723317,0.5454468920511699,True,0.006384213315623888,111.09116896376028,1415.8958228990152
1373,mpc,0.0030822247112448882,0.22309826743388628,0.6711032932421616,0.09850243074723317,0.5454468920511699,True,-0.0038317676830184055,112.4973862924155,1414.691547181516
1374,rule,0.004774609579287627,0.28916835034960037,0.8997698343626807,0.09888153869882202,0.3971682276006221,True,0.0035951589988377775,71.71433401938394,1039.8084423005582
1374,mpc,0.004774609579287627,0.28916835034960037,0.8997698343626807,0.09888153869882202,0.3971682276006221,True,-0.005636803552596881,72.62211039937615,1038.7407225900947
1375,rule,0.004511025947039684,0.24899809407893936,1.1731819537340993,0.10951925252848857,0.5040931341158985,True,0.007853509275586923,75.90467228544429,1318.0402150037685
1375,mpc,0.004511025947039684,0.24899809407893936,1.1731819537340993,0.10951925252848857,0.5040931341158985,True,-0.003773114471395944,76.8654909219689,1316.721176487668
1376,rule,0.005996974089564728,0.30071232322725416,0.9304502911728074,0.09832733309192117,0.3576107133334825,True,0.001317831604462083,57.096785990288595,941.71662950971
1376,mpc,0.005996974089564728,0.30071232322725416,0.9304502911728074,0.09832733309192117,0.3576107133334825,True,-0.006753119022566922,57.819530116747956,940.641558744144
1377,rule,0.005264759176912242,0.22334011969501494,1.3080753075076863,0.0637994230123373,0.23416079029299605,True,0.009350075227155918,65.03772246274023,614.4996539534004
1377,mpc,0.005264759176912242,0.22334011969501494,1.3080753075076863,0.0637994230123373,0.23416079029299605,True,-0.0037912582533303762,65.86098477239518,613.8396400317646
1378,rule,0.009165424765104407,0.1248810809915737,0.6608005804426529,0.08102152888663847,0.5160684364931842,False,,37.35865548586854,1378.0759462650178
1378,mpc,0.009165424765104407,0.1248810809915737,0.6608005804426529,0.08102152888663847,0.5160684364931842,False,,37.83154985910738,1376.1519442120195
1379,rule,0.003974545531102198,0.15337882794442986,1.2520307427845334,0.12161095811892803,0.6210545085372153,True,0.01169459741840595,86.15021352799259,1619.5287210756053
1379,mpc,0.003974545531102198,0.15337882794442986,1.2520307427845334,0.12161095811892803,0.6210545085372153,True,-0.0018344212560965634,87.24072255999252,1617.996434161629
1380,rule,0.007492817690603335,0.3505412257461262,0.7973088326961031,0.08619398707385963,0.5269704437206625,False,,45.69815526281834,1397.1469621291094
1380,mpc,0.007492817690603335,0.3505412257461262,0.7973088326961031,0.08619398707385963,0.5269704437206625,False,,46.276612924373005,1395.373922752759
1381,rule,0.0034120882059825892,0.26950660415652383,1.0667606463389856,0.09460489339591438,0.4233976794260139,True,0.008563716481455819,100.35143452060288,1100.9486170919904
1381,mpc,0.0034120882059825892,0.26950660415652383,1.0667606463389856,0.09460489339591438,0.4233976794260139,True,-0.0036186626289513857,101.6217058436485,1099.9725348842817
1382,rule,0.0034061140405373556,0.3992493622728305,0.7772509356635436,0.14243303520539846,0.3612665340807586,True,0.001827273511444516,100.52744626458959,939.3620126616443
1382,mpc,0.0034061140405373556,0.3992493622728305,0.7772509356635436,0.14243303520539846,0.3612665340807586,True,-0.005722297202278792,101.79994558439454,938.5297965637685
1383,rule,0.006821579718207581,0.131352274538909,1.2258447727501651,0.17542877772409105,0.16339115939442653,True,0.008976047512079921,50.19481708426817,431.8990862622313
1383,mpc,0.006821579718207581,0.131352274538909,1.2258447727501651,0.17542877772409105,0.16339115939442653,True,-0.0022108901444735096,50.83019451571461,431.3749554665194
1384,rule,0.005306826087190499,0.16854436683267063,1.1611811829800311,0.12098597382903296,0.44427531287920563,True,0.009249441497190314,64.52217211483149,1166.1302505547646
1384,mpc,0.005306826087190499,0.16854436683267063,1.1611811829800311,0.12098597382903296,0.44427531287920563,True,-0.002804495451083966,65.33890847071544,1164.8731109964087
1385,rule,0.0034907353006905215,0.33993776103837864,1.1047506740767319,0.1774663129586142,0.19565853511076012,True,0.00593862459880623,98.09049288654155,508.9702442224815
1385,mpc,0.0034907353006905215,0.33993776103837864,1.1047506740767319,0.1774663129586142,0.19565853511076012,True,-0.0038365386898226994,99.33214469523199,508.5146889576645
1386,rule,0.0034025481244290773,0.40750227956487955,1.0709494329531328,0.1440936937068814,0.5634371777520095,True,0.004763144968040867,100.6328003776983,1465.0174965032727
1386,mpc,0.0034025481244290773,0.40750227956487955,1.0709494329531328,0.1440936937068814,0.5634371777520095,True,-0.0048091436814261534,101.90663329387172,1463.7201469585923
1387,rule,0.0050634526996932395,0.38865576150058584,1.3151178236191894,0.16416670696534963,0.5564820177691073,True,0.0037650578840814353,67.6234116301565,1458.9432739833132
1387,mpc,0.0050634526996932395,0.38865576150058584,1.3151178236191894,0.16416670696534963,0.5564820177691073,True,-0.005311565817703645,68.47940418243697,1457.4042765973597
1388,rule,0.0049408480795067695,0.23018039638417825,0.8746186888566847,0.09901085849579827,0.2172898434092105,True,0.0051285825599876045,69.3014520323735,569.3367746103568
1388,mpc,0.0049408480795067695,0.23018039638417825,0.8746186888566847,0.09901085849579827,0.2172898434092105,True,-0.004792305553077414,70.17868560240355,568.742931041934
1389,rule,0.0052223787828935145,0.14848260792654255,0.9924654379002045,0.06794340122672324,0.36140651950217617,True,0.009939985112002003,65.56551342135094,948.2333990373373
1389,mpc,0.0052223787828935145,0.14848260792654255,0.9924654379002045,0.06794340122672324,0.36140651950217617,True,-0.003111221268972786,66.39545662921616,947.2187430117522
1390,rule,0.007486823092590366,0.17175718256450573,1.3278551476466594,0.15715077730211574,0.3058964331300752,False,,45.73474515780409,810.9960854180216
1390,mpc,0.007486823092590366,0.17175718256450573,1.3278551476466594,0.15715077730211574,0.3058964331300752,False,,46.31366598258643,809.9672889924354
1391,rule,0.004926361043326683,0.19443356179220406,1.1676817716444985,0.10876741652707256,0.2723836122406803,True,0.009018185901764175,69.505248025825,713.6418089190743
1391,mpc,0.004926361043326683,0.19443356179220406,1.1676817716444985,0.10876741652707256,0.2723836122406803,True,-0.0031483269660670388,70.3850612919747,712.8984509535753
1392,rule,0.005809464405037563,0.051200225001811456,0.7445382702301644,0.10037859945294256,0.26431406088029175,True,0.011674017100233192,58.939675382858155,695.4231469380799
1392,mpc,0.005809464405037563,0.051200225001811456,0.7445382702301644,0.10037859945294256,0.26431406088029175,True,-0.001018799540834392,59.6857472231475,694.6410416259849
1393,rule,0.005989510810180845,0.4877093956582214,0.9339487224272689,0.13903575871972634,0.16526128770190504,True,-0.00429929694350939,57.16793191176236,435.1768085640776
1393,mpc,0.005989510810180845,0.4877093956582214,0.9339487224272689,0.13903575871972634,0.16526128770190504,True,-0.009130978187335437,57.89157661950619,434.68029934572803
1394,rule,0.0041305836183221905,0.3958867768459943,0.8533049202744021,0.11978110088581066,0.5330698625195931,True,0.0011333216151838688,82.89577885854939,1391.1775249618697
1394,mpc,0.0041305836183221905,0.3958867768459943,0.8533049202744021,0.11978110088581066,0.5330698625195931,True,-0.006537923251769495,83.94509251498675,1389.8388854832347
1395,rule,0.005427645510290793,0.4998791952201531,0.6762609811420962,0.118711699371215,0.539013158622293,True,-0.007352091846488218,63.08590815888383,1415.6130165379761
1395,mpc,0.005427645510290793,0.4998791952201531,0.6762609811420962,0.118711699371215,0.539013158622293,True,-0.01051217936643023,63.88446395836338,1414.0708491398755
1396,rule,0.0037023800068435,0.4946057851189564,0.8249992527165179,0.100073583824652,0.25262619168571265,True,-0.0005225700812301337,92.4831987932828,657.8704692113906
1396,mpc,0.0037023800068435,0.4946057851189564,0.8249992527165179,0.100073583824652,0.25262619168571265,True,-0.007667351327678595,93.65387219572943,657.2667986761463
1397,rule,0.0035391527989284658,0.49774661913348645,1.0314295176070147,0.10626709562175365,0.500188784807444,True,0.0023855733159868775,96.74856261782551,1301.4726148786822
1397,mpc,0.0035391527989284658,0.49774661913348645,1.0314295176070147,0.10626709562175365,0.500188784807444,True,-0.00646376851078756,97.97322796741827,1300.300972248597
1398,rule,0.0035412210078475666,0.17997187611980447,0.9969635021619762,0.1297833221473159,0.27547968682590185,True,0.009547370239052722,96.69205774572832,716.7954703709676
1398,mpc,0.0035412210078475666,0.17997187611980447,0.9969635021619762,0.1297833221473159,0.27547968682590185,True,-0.002407344883621265,97.91600784377552,716.1500210492649
1399,rule,0.00725891984826707,0.12518821805533042,1.2381402208634564,0.13220932439470534,0.5435875994398939,False,,47.17064705748563,1439.710789427853
1399,mpc,0.00725891984826707,0.12518821805533042,1.2381402208634564,0.13220932439470534,0.5435875994398939,False,,47.76774385568166,1437.911137163528
1400,rule,0.0033577269405212135,0.37228881847570766,1.315331728559654,0.1244465916219653,0.6253872827894873,True,0.0077345854755132,101.97611427212476,1625.7222339338132
1400,mpc,0.0033577269405212135,0.37228881847570766,1.315331728559654,0.1244465916219653,0.6253872827894873,True,-0.0039336393115285695,103.26695116164534,1624.2904590914172
1401,rule,0.003855020854814252,0.14882505423100145,0.7955549500440582,0.15991418505472701,0.4555458024016973,True,0.007770045688634375,88.82129541622973,1187.2155921909948
1401,mpc,0.003855020854814252,0.14882505423100145,0.7955549500440582,0.15991418505472701,0.4555458024016973,True,-0.002332728213903179,89.94561561137188,1186.1071186939594
1402,rule,0.0038236393977554356,0.17262889839265433,1.1001575990709462,0.1536281213290222,0.15342882951481182,True,0.00969673669450144,89.55027149845367,399.793464751601
1402,mpc,0.0038236393977554356,0.17262889839265433,1.1001575990709462,0.1536281213290222,0.15342882951481182,True,-0.0021555332490004186,90.68381923894044,399.4215021127162
1403,rule,0.00465691760305888,0.1724158615494334,1.2818195974504791,0.10352800658852765,0.6392768667015344,True,0.010954782428649668,73.5267349279003,1672.6999235369278
1403,mpc,0.00465691760305888,0.1724158615494334,1.2818195974504791,0.10352800658852765,0.6392768667015344,True,-0.002433847141154244,74.45745309154464,1671.0017051389166
1404,rule,0.0027810579296303887,0.06897180382533848,1.2960819193243989,0.06403177956305808,0.5601590495703341,True,0.016879278539951637,123.12147206034295,1451.799662648645
1404,mpc,0.0027810579296303887,0.06897180382533848,1.2960819193243989,0.06403177956305808,0.5601590495703341,True,-0.0004638552118345629,124.67997170667643,1450.6137026268734
1405,rule,0.003175509225588571,0.22385131889547816,1.2018681262796371,0.11246971412469396,0.28457561142189014,True,0.010741927031216902,107.82772835991962,739.0718148089309
1405,mpc,0.003175509225588571,0.22385131889547816,1.2018681262796371,0.11246971412469396,0.28457561142189014,True,-0.002469707794412024,109.19263631384267,738.4356083755602
1406,rule,0.006036216223405946,0.49725911672568107,0.9377610584062297,0.10749924921883452,0.45716510702066127,True,-0.00483461422521958,56.72559323727784,1204.0989148523606
1406,mpc,0.006036216223405946,0.49725911672568107,0.9377610584062297,0.10749924921883452,0.45716510702066127,True,-0.009779190366704826,57.44363872129403,1202.7200670301934
1407,rule,0.004217608523549422,0.07237016430252831,0.6981064432356042,0.1697532564590204,0.5342185368746805,True,0.009017287960990772,81.1853315141307,1394.7804575631574
1407,mpc,0.004217608523549422,0.07237016430252831,0.6981064432356042,0.1697532564590204,0.5342185368746805,True,-0.0011556390529676719,82.21299393836021,1393.425932126327
1408,rule,0.00910679775713948,0.49385732741555516,0.9150051069453453,0.1717378601206786,0.3631199227625993,False,,37.59916002447125,969.4157275784274
1408,mpc,0.00910679775713948,0.49385732741555516,0.9150051069453453,0.1717378601206786,0.3631199227625993,False,,38.07509875895823,968.0663473774777
1409,rule,0.006334836092129591,0.4263584373254227,1.1229946819973151,0.07603719927642197,0.23095380636584797,True,-0.001259021189675913,54.05158731835086,609.1362706125161
1409,mpc,0.006334836092129591,0.4263584373254227,1.1229946819973151,0.07603719927642197,0.23095380636584797,True,-0.00856986261938708,54.735784626178095,608.4226070014989
1410,rule,0.0038958897541377297,0.1758044863166674,1.2335748588741944,0.11572933973048437,0.35833983558774285,True,0.011154896122445135,87.88953686831616,934.0758466174809
1410,mpc,0.0038958897541377297,0.1758044863166674,1.2335748588741944,0.11572933973048437,0.35833983558774285,True,-0.002175263961983198,89.00206265145941,933.1997338552496
1411,rule,0.005786906387698584,0.1052469351251864,1.1614966138075733,0.08429138690277976,0.20468309331904375,True,0.012293587942860285,59.16942892130602,538.474140882234
1411,mpc,0.005786906387698584,0.1052469351251864,1.1614966138075733,0.08429138690277976,0.20468309331904375,True,-0.0018000911167250777,59.91840903423395,537.869654748956
1412,rule,0.005602416908229619,0.25151686377300114,1.2099245714287057,0.14821766640165912,0.4042296895845484,True,0.006034064269012429,61.117898183943815,1062.511120715194
1412,mpc,0.005602416908229619,0.25151686377300114,1.2099245714287057,0.14821766640165912,0.4042296895845484,True,-0.004133138300283168,61.891542464753236,1061.3363527245326
1413,rule,0.00409118252313343,0.4733285592583728,0.9420087637306865,0.07332820135242268,0.42523893845375205,True,0.00043179033173279535,83.69412614691495,1109.547531460338
1413,mpc,0.00409118252313343,0.4733285592583728,0.9420087637306865,0.07332820135242268,0.42523893845375205,True,-0.00777278385729252,84.75354546523035,1108.4843792439503
1414,rule,0.0035742487841722687,0.16595456861743257,1.1494196605867084,0.13588689630050144,0.3204709209386529,True,0.010834688779918333,95.79857666804205,834.0027933070116
1414,mpc,0.0035742487841722687,0.16595456861743257,1.1494196605867084,0.13588689630050144,0.3204709209386529,True,-0.001941837326785656,97.01121687902993,833.2488586359431
1415,rule,0.007093896288214719,0.2321613461140727,1.3294436018380427,0.06533245968159067,0.19388927109200052,True,0.006678654652409022,48.26796618806433,513.1444174533694
1415,mpc,0.007093896288214719,0.2321613461140727,1.3294436018380427,0.06533245968159067,0.19388927109200052,True,-0.004894128051647906,48.878953101837304,512.509972626638
1416,rule,0.00519318609284905,0.14446643352542288,0.755233460350504,0.08389749928131451,0.5136887120282589,True,0.0073712855818658385,65.93407978440719,1347.5920851062851
1416,mpc,0.00519318609284905,0.14446643352542288,0.755233460350504,0.08389749928131451,0.5136887120282589,True,-0.003658635953160072,66.76868838927311,1346.153835409736
1417,rule,0.008102333794712663,0.18700141365221545,1.3328484496827486,0.05976252317952327,0.2626683359958075,False,,42.26040976053444,698.2624750831156
1417,mpc,0.008102333794712663,0.18700141365221545,1.3328484496827486,0.05976252317952327,0.2626683359958075,False,,42.795351656237415,697.3427536392586
1418,rule,0.0076175297919094075,0.10529955609230497,0.7386447836329271,0.09220426824223164,0.6173705948044081,False,,44.949997641604924,1637.7221008128095
1418,mpc,0.0076175297919094075,0.10529955609230497,0.7386447836329271,0.09220426824223164,0.6173705948044081,False,,45.51898495352398,1635.6273548564259
1419,rule,0.0055658572940213945,0.177559109368768,1.2786942329422293,0.13627849175249904,0.5666426690575229,True,0.009211565957476742,61.51935417909171,1489.1533270355078
1419,mpc,0.0055658572940213945,0.177559109368768,1.2786942329422293,0.13627849175249904,0.5666426690575229,True,-0.002758942605871173,62.2980801813587,1487.511879186466
1420,rule,0.006600038820692503,0.12968356096528227,0.9377723412464362,0.05634967857476532,0.6110631007060726,True,0.009150895746721344,51.87968669330589,1613.6263574087036
1420,mpc,0.006600038820692503,0.12968356096528227,0.9377723412464362,0.05634967857476532,0.6110631007060726,True,-0.003515745492863598,52.53639158815787,1611.6986589710748
1421,rule,0.005228778391553255,0.48162435899940864,1.0183206120364754,0.11346841751426776,0.5932007435802193,True,-0.001638224785774911,65.4852664504429,1556.446796685421
1421,mpc,0.005228778391553255,0.48162435899940864,1.0183206120364754,0.11346841751426776,0.5932007435802193,True,-0.008242352303752698,66.31419387386623,1554.7803769825518
1422,rule,0.007637892533344415,0.12676795412416164,0.8248921090514606,0.175802649432585,0.41800419103614106,False,,44.83016024202326,1108.95451782212
1422,mpc,0.007637892533344415,0.12676795412416164,0.8248921090514606,0.175802649432585,0.41800419103614106,False,,45.39763062483369,1107.5342932698377
1423,rule,0.002849454940362769,0.43812375533246267,1.1604733430876286,0.1686170830376519,0.24158846448243856,True,0.006026884957665235,120.16612066081333,626.3649375801245
1423,mpc,0.002849454940362769,0.43812375533246267,1.1604733430876286,0.1686170830376519,0.24158846448243856,True,-0.004058964396990827,121.68721079576035,625.8484403228367
1424,rule,0.004547917214394894,0.41168668454542634,0.7893869752153951,0.1696681784659398,0.18770885454948552,True,-0.001027482023895132,75.28895756884197,490.8869459021989
1424,mpc,0.004547917214394894,0.41168668454542634,0.7893869752153951,0.1696681784659398,0.18770885454948552,True,-0.006837005084330716,76.24198234819441,490.3938804869843
1425,rule,0.0060036255933978815,0.4961235681712917,0.9908250532820042,0.10110221935680616,0.618141843840997,True,-0.0040924869849192635,57.03352763332298,1627.838527968269
1425,mpc,0.0060036255933978815,0.4961235681712917,0.9908250532820042,0.10110221935680616,0.618141843840997,True,-0.009552675224877571,57.755471021086564,1625.9792026977366
1426,rule,0.0055297034731437685,0.41806476603275045,1.2346400194565401,0.14580895215382172,0.31675459246308635,True,0.0016045341174940608,61.92157460959042,832.2976366267754
1426,mpc,0.0055297034731437685,0.41806476603275045,1.2346400194565401,0.14580895215382172,0.31675459246308635,True,-0.006473948555596021,62.70539200971182,831.3830124055675
1427,rule,0.004908101899655379,0.09597227397704906,1.078830915762168,0.0836549960857666,0.49525234723527456,True,0.012880719729452372,69.76382177501759,1297.4403157623137
1427,mpc,0.004908101899655379,0.09597227397704906,1.078830915762168,0.0836549960857666,0.49525234723527456,True,-0.0015091859002875907,70.64690812660011,1296.0911489169307
1428,rule,0.003611874647841843,0.3896956794351902,0.7837151164084049,0.12390960216712114,0.1680251271732822,True,0.0016799418783711717,94.80061728769512,437.35731582398296
1428,mpc,0.003611874647841843,0.3896956794351902,0.7837151164084049,0.12390960216712114,0.1680251271732822,True,-0.006076846577044437,96.00062510146341,436.96019229441924
1429,rule,0.004334556207151783,0.16112053870798618,0.9042740409797183,0.17807293870600566,0.23686696567001006,True,0.007545627670919153,78.9949258510545,618.7906121851233
1429,mpc,0.004334556207151783,0.16112053870798618,0.9042740409797183,0.17807293870600566,0.23686696567001006,True,-0.002462609564667817,79.99486162132102,618.1823298760406
1430,rule,0.00627379951356607,0.0803605092619106,0.9717064656490617,0.17953411565237798,0.5597257023150373,True,0.00969161882361691,54.57744472719947,1475.8507258914005
1430,mpc,0.00627379951356607,0.0803605092619106,0.9717064656490617,0.17953411565237798,0.5597257023150373,True,-0.0013193720388875452,55.26829845792352,1474.1295375670618
1431,rule,0.005556256153609092,0.32916650334785197,0.736564886866633,0.12269943263294927,0.25976432092072055,True,-0.0015045723189146543,61.62565884561864,682.6371084893848
1431,mpc,0.005556256153609092,0.32916650334785197,0.736564886866633,0.12269943263294927,0.25976432092072055,True,-0.0075073260438522915,62.40573047657584,681.8852661436147
1432,rule,0.004220264828427224,0.10258847370204993,0.6794378615382642,0.10380571976356318,0.26034381898521197,True,0.009198435849430475,81.13423211613691,679.7354416994772
1432,mpc,0.004220264828427224,0.10258847370204993,0.6794378615382642,0.10380571976356318,0.26034381898521197,True,-0.002181722232080796,82.16124771254373,679.0751400788066
1433,rule,0.0051918222374121295,0.3682984337254828,1.3308933407979802,0.11154426015072212,0.4503323526070996,True,0.004515630952499183,65.95140020661741,1181.3776047525535
1433,mpc,0.0051918222374121295,0.3682984337254828,1.3308933407979802,0.11154426015072212,0.4503323526070996,True,-0.0055389854106662195,66.78622805733409,1180.1169047416918
1434,rule,0.0032762823020920165,0.3541348900998609,1.2826978121510066,0.15312944761736783,0.4962480773436132,True,0.00766209751049407,104.51112407576848,1289.4781044944555
1434,mpc,0.0032762823020920165,0.3541348900998609,1.2826978121510066,0.15312944761736783,0.4962480773436132,True,-0.0035675270883808174,105.83404969698076,1288.353878600573
1435,rule,0.003750432681402016,0.3756227472201732,1.1524520621751355,0.16150591075808862,0.4588998135313078,True,0.005222893939395679,91.29825150019263,1195.3242548668538
1435,mpc,0.003750432681402016,0.3756227472201732,1.1524520621751355,0.16150591075808862,0.4588998135313078,True,-0.004462514120278538,92.45392556981534,1194.2213432146375
1436,rule,0.003941415445516707,0.4538458753279904,0.6626553573112945,0.0754161244207854,0.37746824885771224,True,-0.0028820188230724852,86.8743604713546,984.1629823409727
1436,mpc,0.003941415445516707,0.4538458753279904,0.6626553573112945,0.0754161244207854,0.37746824885771224,True,-0.008944799914333057,87.97403592035911,983.2352224749766
1437,rule,0.004193627435121638,0.1764489853121775,1.3420778473087944,0.13351990402448505,0.6205616474980996,True,0.011079005754855875,81.64958654016709,1620.018428864949
1437,mpc,0.004193627435121638,0.1764489853121775,1.3420778473087944,0.13351990402448505,0.6205616474980996,True,-0.0020768116925067304,82.6831256102958,1618.4491321263392
1438,rule,0.009251885218911666,0.11036219244508128,1.0328443874020459,0.17345289471272118,0.16793293393448752,False,,37.00953244440076,448.59812887587015
1438,mpc,0.009251885218911666,0.11036219244508128,1.0328443874020459,0.17345289471272118,0.16793293393448752,False,,37.47800753863368,447.9690549466935
1439,rule,0.004712273525078799,0.09006470455753823,1.0822430698667476,0.055537897421277474,0.2815398072308799,True,0.014245575477576988,72.66300318919991,736.8625456469244
1439,mpc,0.004712273525078799,0.09006470455753823,1.0822430698667476,0.055537897421277474,0.2815398072308799,True,-0.0014197045524202423,73.58278803969613,736.1104169521532
1440,rule,0.006521742404044844,0.49811060823054915,1.3048721616943233,0.13935075536470143,0.3181381412578058,True,-0.0015762080673724643,52.50252539395279,839.8030213151274
1440,mpc,0.006521742404044844,0.49811060823054915,1.3048721616943233,0.13935075536470143,0.3181381412578058,True,-0.008174445363902105,53.16711432299017,838.8054349487763
1441,rule,0.003414729679696983,0.14642986056922802,0.6871097909840543,0.09817142185972301,0.6106433810985589,True,0.008605347027155541,100.27380738716857,1587.859667711045
1441,mpc,0.003414729679696983,0.14642986056922802,0.6871097909840543,0.09817142185972301,0.6106433810985589,True,-0.002709873315545952,101.54309608827198,1586.451445572675
1442,rule,0.005273545100646445,0.10218085483608225,1.0991772215125133,0.09152996042191408,0.5684744179501384,True,0.012230366905182644,64.92936718019342,1491.8895126929622
1442,mpc,0.005273545100646445,0.10218085483608225,1.0991772215125133,0.09152996042191408,0.5684744179501384,True,-0.001680270821712071,65.75125790399335,1490.2858825442008
1443,rule,0.0038392200744697576,0.17438161137548602,1.297322851669332,0.09068588175364531,0.33501387676865524,True,0.012201268711562241,89.18685033404181,873.0230210760207
1443,mpc,0.0038392200744697576,0.17438161137548602,1.297322851669332,0.09068588175364531,0.33501387676865524,True,-0.002129325795974024,90.31579780662463,872.2093458360863
1444,rule,0.005541659413259634,0.0878528388688012,0.7175272232491436,0.08786885796807516,0.4520793599683367,True,0.00963876320500101,61.78798093616095,1187.9414486228256
1444,mpc,0.005541659413259634,0.0878528388688012,0.7175272232491436,0.08786885796807516,0.4520793599683367,True,-0.002287025152805766,62.570107277125025,1186.63468324543
1445,rule,0.003980339861694216,0.4976684936756672,1.3198609014157996,0.09676688660244566,0.16212774304265817,True,0.003998918762657344,86.02480141870059,422.79409637548207
1445,mpc,0.003980339861694216,0.4976684936756672,1.3198609014157996,0.09676688660244566,0.16212774304265817,True,-0.006092818657811527,87.11372295564617,422.3938234454751
1446,rule,0.0053355402803590395,0.389227056126501,1.1205063526142531,0.10261305824843825,0.15193924877872464,True,0.0017773275846230119,64.17493415646031,398.8636353379671
1446,mpc,0.0053355402803590395,0.389227056126501,1.1205063526142531,0.10261305824843825,0.15193924877872464,True,-0.006778522914207885,64.98727509514968,398.4325628969213
1447,rule,0.004792355448645455,0.09945650050139324,1.1688734706708561,0.10021800187802538,0.30069919637926656,True,0.012884176943938841,71.4487791755855,787.3152745773717
1447,mpc,0.004792355448645455,0.09945650050139324,1.1688734706708561,0.10021800187802538,0.30069919637926656,True,-0.0013598501753857573,72.35319410185875,786.5054567395243
1448,rule,0.0054517309178360295,0.1428899074135806,1.101264421799327,0.15457902667858014,0.3237808846371695,True,0.00904808566381754,62.80719854697011,850.4448367087039
1448,mpc,0.0054517309178360295,0.1428899074135806,1.101264421799327,0.15457902667858014,0.3237808846371695,True,-0.0023286972397789096,63.60222637667861,849.5164477830093
1449,rule,0.0044679855078477845,0.48738289867900486,0.8399688626846857,0.1778134461563617,0.5299502425928451,True,-0.0019790067764982044,76.63586768125397,1385.3542787482863
1449,mpc,0.0044679855078477845,0.48738289867900486,0.8399688626846857,0.1778134461563617,0.5299502425928451,True,-0.007382295206944889,77.60594195570023,1383.9738406492456
1450,rule,0.002549580255432807,0.37611138836469116,1.2791706523531312,0.12149882353680082,0.6384288121073446,True,0.00925454432932582,134.29973245657146,1652.6357750524076
1450,mpc,0.002549580255432807,0.37611138836469116,1.2791706523531312,0.12149882353680082,0.6384288121073446,True,-0.003260005558065604,135.99972906994583,1651.3293091942892
1451,rule,0.0035254619882642974,0.23502019836929106,1.0168852916846691,0.13524186093730103,0.19920234526660244,True,0.008139764069934552,97.12427685251032,518.2808439784887
1451,mpc,0.0035254619882642974,0.23502019836929106,1.0168852916846691,0.13524186093730103,0.19920234526660244,True,-0.003087026677830451,98.35369807849149,517.8150246781858
1452,rule,0.003920240793030909,0.11267204790695151,1.1206595662252896,0.08865316082471802,0.6247644325843373,True,0.013121775697214733,87.34360062521888,1628.7582073685319
1452,mpc,0.003920240793030909,0.11267204790695151,1.1206595662252896,0.08865316082471802,0.6247644325843373,True,-0.0014762299001833679,88.44921582300647,1627.2263846535811
1453,rule,0.003816694638182377,0.2746103326100124,0.8778965535473646,0.12343468884415695,0.49959604207669184,True,0.0054132923605438865,89.71321487334075,1301.7646265971098
1453,mpc,0.003816694638182377,0.2746103326100124,0.8778965535473646,0.12343468884415695,0.49959604207669184,True,-0.00435191129133039,90.84882518819319,1300.5544302225364
1454,rule,0.005887507163814256,0.26064603295055866,1.1207458904246552,0.06861253519851876,0.15054821878938304,True,0.0053367702476807555,58.15839143019439,396.2445718655587
1454,mpc,0.005887507163814256,0.26064603295055866,1.1207458904246552,0.06861253519851876,0.15054821878938304,True,-0.005451255496284002,58.894573600196864,395.7961286013756
1455,rule,0.003740243845716721,0.24322329656420405,0.9569606205599754,0.14059004305364417,0.5150003907419017,True,0.0069724885826739635,91.5469579806419,1341.3835771240856
1455,mpc,0.003740243845716721,0.24322329656420405,0.9569606205599754,0.14059004305364417,0.5150003907419017,True,-0.0034645347113333447,92.70578023356143,1340.1473398000894
1456,rule,0.004431206882406166,0.3693460957864474,0.6727639756180473,0.161267179341037,0.38814204657623175,True,-0.0012558771259436607,77.27193860902607,1014.4662613657124
1456,mpc,0.004431206882406166,0.3693460957864474,0.6727639756180473,0.161267179341037,0.38814204657623175,True,-0.006744745740425495,78.25006441420364,1013.4591385712183
1457,rule,0.004190196247131301,0.13733930007310224,1.1288992947004584,0.172615324952012,0.418550208944915,True,0.010167539574849727,81.71644619642888,1092.6351317097053
1457,mpc,0.004190196247131301,0.13733930007310224,1.1288992947004584,0.172615324952012,0.418550208944915,True,-0.0016785230432365683,82.75083159132039,1091.5770893490662
1458,rule,0.0052754214427319325,0.38833994426842405,0.9945235580077728,0.053021275184578075,0.17461589879495035,True,0.0005944999107045934,64.90627334673447,458.2615499758784
1458,mpc,0.0052754214427319325,0.38833994426842405,0.9945235580077728,0.053021275184578075,0.17461589879495035,True,-0.007978502591998282,65.7278717435286,457.76888386656486
1459,rule,0.003235567072893731,0.1514051887942367,0.8004968069879675,0.1607138600104206,0.6137090794164058,True,0.008433125289207921,105.82625501716161,1594.3600617925922
1459,mpc,0.003235567072893731,0.1514051887942367,0.8004968069879675,0.1607138600104206,0.6137090794164058,True,-0.002034693994794612,107.16582786548014,1592.9771143566927
1460,rule,0.013237147919762883,0.3038083873344462,1.0092210056691178,0.11214957094814629,0.5645628383659308,False,,25.86719950979566,1531.5024490787391
1460,mpc,0.013237147919762883,0.3038083873344462,1.0092210056691178,0.11214957094814629,0.5645628383659308,False,,26.194632414982955,1528.979263593485
1461,rule,0.0042120366914006465,0.4916585470363319,0.9114198988484801,0.08197451366682007,0.29611592163143485,True,-0.0007718908265734736,81.29272636210601,773.1016683682482
1461,mpc,0.0042120366914006465,0.4916585470363319,0.9114198988484801,0.08197451366682007,0.29611592163143485,True,-0.008180013350144177,82.3217482147909,772.3513187912417
1462,rule,0.003023913025831027,0.22496079025451915,1.2088811601314764,0.05727793723620424,0.5733984925867414,True,0.012337265070393788,113.23339767256802,1488.0024476601677
1462,mpc,0.003023913025831027,0.22496079025451915,1.2088811601314764,0.05727793723620424,0.5733984925867414,True,-0.002662426840253973,114.66673182032206,1486.7464541411703
1463,rule,0.0030045347913921815,0.3406544827080857,0.7873744099187328,0.06506844827948542,0.3734477031744269,True,0.005205159851635721,113.9637148360412,969.0206906376206
1463,mpc,0.0030045347913921815,0.3406544827080857,0.7873744099187328,0.06506844827948542,0.3734477031744269,True,-0.005439302106740707,115.40629350485187,968.2048452363974
1464,rule,0.006530174260072883,0.3229507973924568,0.949917008438562,0.1670029162540027,0.47989949898125206,True,-0.00016322707367444345,52.43473336917682,1266.8603033343766
1464,mpc,0.006530174260072883,0.3229507973924568,0.949917008438562,0.1670029162540027,0.47989949898125206,True,-0.006639602744937356,53.098464171318305,1265.354499535684
1465,rule,0.005557060381757953,0.13493913549158315,0.847294458996301,0.10384781291015695,0.40008635183183205,True,0.008039932234363167,61.616740265266614,1051.3947020723397
1465,mpc,0.005557060381757953,0.13493913549158315,0.847294458996301,0.10384781291015695,0.40008635183183205,True,-0.0031054828971031068,62.39669900280164,1050.2366393634109
1466,rule,0.0029243973073918993,0.08270193671393597,1.2476883828615033,0.1756220388921697,0.31274133876907195,True,0.012954245481419435,117.08667126579901,811.1607055859924
1466,mpc,0.0029243973073918993,0.08270193671393597,1.2476883828615033,0.1756220388921697,0.31274133876907195,True,-0.0005535310220503575,118.56878102865726,810.4850130421764
1467,rule,0.003962895617238773,0.2815936991890266,0.7223548551207164,0.09741142626829885,0.605091175884758,True,0.0032642656168220263,86.40347343283362,1577.8086363763857
1467,mpc,0.003962895617238773,0.2815936991890266,0.7223548551207164,0.09741142626829885,0.605091175884758,True,-0.005525353531740995,87.4971882864138,1576.3177304492779
1468,rule,0.003868845401952466,0.4612182424617829,1.2975406867785253,0.08282094903743811,0.6262416000016349,True,0.004982833627936167,88.50391023853841,1632.1863799434948
1468,mpc,0.003868845401952466,0.4612182424617829,1.2975406867785253,0.08282094903743811,0.6262416000016349,True,-0.005789297454536824,89.62421289978575,1630.6600879744938
1469,rule,0.0020876723731406846,0.3716134381413066,1.3212563756230475,0.11665409620672111,0.5883356548842846,True,0.01076909173920626,164.01421534647517,1519.206670747633
1469,mpc,0.0020876723731406846,0.3716134381413066,1.3212563756230475,0.11665409620672111,0.5883356548842846,True,-0.002689727336506742,166.09034465465845,1518.0875641402781
1470,rule,0.006131163512818221,0.050203383918540345,1.0044633786126878,0.12465583435203313,0.5392146368293058,True,0.012815225778565753,55.84713985613369,1420.830684799437
1470,mpc,0.006131163512818221,0.050203383918540345,1.0044633786126878,0.12465583435203313,0.5392146368293058,True,-0.0005707043611395957,56.55406567709742,1419.1916054654048
1471,rule,0.0033404909452057867,0.38041378986317953,1.267878646910943,0.10632241226670422,0.6046154720495603,True,0.007504147474520995,102.50228238834202,1571.5856392163123
1471,mpc,0.0033404909452057867,0.38041378986317953,1.267878646910943,0.10632241226670422,0.6046154720495603,True,-0.004240708806054094,103.79977963376409,1570.2044809670406
1472,rule,0.0025087333846497586,0.15696837181359005,1.1827100215515263,0.13163850543468855,0.29505159072066256,True,0.012512453397744872,136.48638323876187,763.6045461696026
1472,mpc,0.0025087333846497586,0.15696837181359005,1.1827100215515263,0.13163850543468855,0.29505159072066256,True,-0.0013349352691205407,138.2140589759614,763.0044758364213
1473,rule,0.005880181005069605,0.4926575318741349,0.6771195457273295,0.11505419008075217,0.20247627504118323,True,-0.008214594968714017,58.230851377870124,532.9015168081331
1473,mpc,0.005880181005069605,0.4926575318741349,0.6771195457273295,0.11505419008075217,0.20247627504118323,True,-0.0109925150631478,58.967950762400136,532.2987679261947
1474,rule,0.004971774781145497,0.3706432566347289,1.0128955432663884,0.05953460981829588,0.5002617231757714,True,0.002071013785933551,68.87036546379768,1310.9681453635687
1474,mpc,0.004971774781145497,0.3706432566347289,1.0128955432663884,0.05953460981829588,0.5002617231757714,True,-0.0071916614882086005,69.74214224182045,1309.5968235225728
1475,rule,0.005863540173776863,0.27627753894047036,1.0022025702082797,0.16514944092407918,0.1708082811152045,True,0.0029047383571821905,58.39611156968146,449.5188402306006
1475,mpc,0.005863540173776863,0.27627753894047036,1.0022025702082797,0.16514944092407918,0.1708082811152045,True,-0.005185672306585953,59.13530285537364,449.0110811250086
1476,rule,0.003633191056084385,0.3885724856415836,0.9174395513144493,0.13831273516649845,0.6244417803704105,True,0.003165041334004637,94.24440963757297,1625.5534277838497
1476,mpc,0.003633191056084385,0.3885724856415836,0.9174395513144493,0.13831273516649845,0.6244417803704105,True,-0.005395053489056334,95.43737684817518,1624.0737270130153
1477,rule,0.005661781210572107,0.3030858502740113,0.901208888454505,0.11654717002981234,0.2646205476302139,True,0.0014107633002284903,60.47707133963655,695.7458505723985
1477,mpc,0.005661781210572107,0.3030858502740113,0.901208888454505,0.11654717002981234,0.2646205476302139,True,-0.006415578589256565,61.24260388823956,694.9727884437348
1478,rule,0.00556297822074534,0.23725872635017126,0.7874349907295812,0.17232115729122588,0.23707884781309815,True,0.002320214450626912,61.551193011017496,623.0415760575236
1478,mpc,0.00556297822074534,0.23725872635017126,0.7874349907295812,0.17232115729122588,0.23707884781309815,True,-0.004935404917385311,62.330322036473426,622.3549827469424
1479,rule,0.003605739698094791,0.1496549119244101,1.325661994740633,0.10677761103791622,0.380180860425951,True,0.012904941453300345,94.96191484984493,989.552499547301
1479,mpc,0.003605739698094791,0.1496549119244101,1.325661994740633,0.10677761103791622,0.380180860425951,True,-0.0015935711949492948,96.16396440490628,988.6546254476851
1480,rule,0.0059899892660895135,0.3292618872366942,0.7361091366635752,0.1455787841316264,0.1673859147837031,True,-0.0022223449671179285,57.1633655705563,440.77249838538893
1480,mpc,0.0059899892660895135,0.3292618872366942,0.7361091366635752,0.1455787841316264,0.1673859147837031,True,-0.00755107323150539,57.88695247651272,440.2695858810228
1481,rule,0.003971923822233517,0.1901467140135239,0.6504897994902575,0.10535934881223175,0.6498885570410668,True,0.005422729281421956,86.20707785594894,1694.6971715410755
1481,mpc,0.003971923822233517,0.1901467140135239,0.6504897994902575,0.10535934881223175,0.6498885570410668,True,-0.004046866952183592,87.29830668956856,1693.0942265129124
1482,rule,0.0036890005899475322,0.2009696435781534,1.3249049532086432,0.08993975542175223,0.5283543403011228,True,0.01181739246709168,92.818620608042,1375.8078864922754
1482,mpc,0.0036890005899475322,0.2009696435781534,1.3249049532086432,0.08993975542175223,0.5283543403011228,True,-0.002378679165053743,93.99353985624508,1374.5473755944477
1483,rule,0.004443606429198912,0.43029047072851184,0.9760292604999703,0.10311383076206102,0.3907628861683673,True,0.001002233525709939,77.05631712368191,1021.3787474512966
1483,mpc,0.004443606429198912,0.43029047072851184,0.9760292604999703,0.10311383076206102,0.3907628861683673,True,-0.007042512408821144,78.03171354296903,1020.3634904407285
1484,rule,0.004262557281872047,0.2650881601552846,0.7761996038109835,0.10887465504666417,0.5919513347351432,True,0.0038077433980817643,80.32923044515735,1545.8594804536149
1484,mpc,0.004262557281872047,0.2650881601552846,0.7761996038109835,0.10887465504666417,0.5919513347351432,True,-0.005146692254657692,81.34605614699478,1544.35116024021
1485,rule,0.004701750418470943,0.469051929635049,0.6911139588861193,0.13153672888489532,0.41356183404923363,True,-0.00442348558344996,72.8256320956606,1082.3426794408508
1485,mpc,0.004701750418470943,0.469051929635049,0.6911139588861193,0.13153672888489532,0.41356183404923363,True,-0.008869065575058732,73.74747553990947,1081.239035043062
1486,rule,0.0033699060065030036,0.2854350663364802,0.6539060257736962,0.05168187443696415,0.5713827068779538,True,0.0040730331331290115,101.60756576605661,1485.4279257888631
1486,mpc,0.0033699060065030036,0.2854350663364802,0.6539060257736962,0.05168187443696415,0.5713827068779538,True,-0.006022182510212026,102.8937374846143,1484.1177477957624
1487,rule,0.005406097630908623,0.2982421869423517,1.3437672489776085,0.10608960079195232,0.5407123672105376,True,0.006321247035675603,63.33735895251179,1419.929965202165
1487,mpc,0.005406097630908623,0.2982421869423517,1.3437672489776085,0.10608960079195232,0.5407123672105376,True,-0.004697791937005924,64.13909767342967,1418.385960336937
1488,rule,0.0037743016970605927,0.2313255830810937,0.9117499274078011,0.09977743700104322,0.505785961339561,True,0.00748668647688433,90.7208733334298,1317.6107249089002
1488,mpc,0.0037743016970605927,0.2313255830810937,0.9117499274078011,0.09977743700104322,0.505785961339561,True,-0.0037652139543982166,91.86923881866309,1316.3916677539687
1489,rule,0.005824113354641861,0.3200639705831357,1.2729919377804975,0.14940804949233866,0.31610691160295756,True,0.004118059516279526,58.79142889763323,831.749817577169
1489,mpc,0.005824113354641861,0.3200639705831357,1.2729919377804975,0.14940804949233866,0.31610691160295756,True,-0.005171859068830553,59.535624200134926,830.8132839990244
1490,rule,0.005887359982204038,0.1166404390919313,0.9080445321317736,0.09238764949298783,0.1698637300032951,True,0.00948749477875599,58.15984536637704,447.08290244594565
1490,mpc,0.005887359982204038,0.1166404390919313,0.9080445321317736,0.09238764949298783,0.1698637300032951,True,-0.002668164521929972,58.896045940634984,446.57692969765253
1491,rule,0.004353665205682768,0.41992842467804586,1.254976439409226,0.11502231351086331,0.2903591435808226,True,0.0041956168146288775,78.64820329644174,758.6052607398815
1491,mpc,0.004353665205682768,0.41992842467804586,1.254976439409226,0.11502231351086331,0.2903591435808226,True,-0.005652646154101992,79.64375017361189,757.858072740356
1492,rule,0.0030052512796097186,0.14835733933893364,1.017128362537386,0.1658460374361081,0.40570451496474425,True,0.010366487690085191,113.9365445093997,1052.7244747292862
1492,mpc,0.0030052512796097186,0.14835733933893364,1.017128362537386,0.1658460374361081,0.40570451496474425,True,-0.0015412698803798364,115.37877925002503,1051.8380729510873
1493,rule,0.004341963467024303,0.2818549196211126,1.2259245041273146,0.13752797732146588,0.325937628863575,True,0.0072109544255184455,78.86016286909182,851.5098297746151
1493,mpc,0.004341963467024303,0.2818549196211126,1.2259245041273146,0.13752797732146588,0.325937628863575,True,-0.0038042937975235613,79.85839277882717,850.6721424300855
1494,rule,0.008576603711075598,0.2021668217972054,0.8914317409506454,0.1338685187580036,0.6150345331936272,False,,39.923489264055256,1638.294039804721
1494,mpc,0.008576603711075598,0.2021668217972054,0.8914317409506454,0.1338685187580036,0.6150345331936272,False,,40.428849887650905,1636.0771767492686
1495,rule,0.0024051461580038252,0.19909573458589402,0.6895641503818735,0.1040704904780814,0.5193724782655478,True,0.008586028384223399,142.36471452752292,1343.414765760013
1495,mpc,0.0024051461580038252,0.19909573458589402,0.6895641503818735,0.1040704904780814,0.5193724782655478,True,-0.0027013141973293298,144.16679952154223,1342.3751368157743
1496,rule,0.008394230043606121,0.18195932437492046,1.0306773283355353,0.09270472076382033,0.6170439024061736,False,,40.790869966923886,1642.3710505555491
1496,mpc,0.008394230043606121,0.18195932437492046,1.0306773283355353,0.09270472076382033,0.6170439024061736,False,,41.307210093087484,1640.1711636026967
1497,rule,0.004992161574986773,0.3035915551999619,0.8311794996867404,0.08808143076335184,0.49390535895359033,True,0.0018629791478865787,68.58911536373708,1294.4385720073547
1497,mpc,0.004992161574986773,0.3035915551999619,0.8311794996867404,0.08808143076335184,0.49390535895359033,True,-0.006554547773887531,69.45733201391097,1293.0819914521928
1498,rule,0.004377921593276106,0.4728912823532128,1.1202444238676403,0.14116352125716736,0.4971539548306054,True,0.0015781780817309965,78.21244371006445,1299.042622375781
1498,mpc,0.004377921593276106,0.4728912823532128,1.1202444238676403,0.14116352125716736,0.4971539548306054,True,-0.006474991359995963,79.20247464310326,1297.7599504241998
1499,rule,0.0034642048214984142,0.24487337271625187,1.1584410653514632,0.17640033335796118,0.33175362969832356,True,0.008413162290446752,98.84171514808911,862.8797884918682
1499,mpc,0.0034642048214984142,0.24487337271625187,1.1584410653514632,0.17640033335796118,0.33175362969832356,True,-0.0026674938822546235,100.09287609933075,862.1099263697347
1500,rule,0.0049632118414091745,0.23631319309429794,1.125544008823337,0.09504966651206598,0.1590348802515912,True,0.007397407223714625,68.98918626128304,416.7438944060567
1500,mpc,0.0049632118414091745,0.23631319309429794,1.125544008823337,0.09504966651206598,0.1590348802515912,True,-0.004109273486578413,69.86246710003347,416.3083097488946
1501,rule,0.004703627293180427,0.49932832254920395,1.3094333747022797,0.10402537998633027,0.34018821296406465,True,0.002110932030351065,72.79657269563528,890.3229712184667
1501,mpc,0.004703627293180427,0.49932832254920395,1.3094333747022797,0.10402537998633027,0.34018821296406465,True,-0.006855831849069238,73.7180482993775,889.4149610261826
1502,rule,0.0027487754960680076,0.34620390772043175,1.0590426717378367,0.15133619910864,0.4197893256314531,True,0.007273857424000552,124.56744709452678,1087.809876397337
1502,mpc,0.0027487754960680076,0.34620390772043175,1.0590426717378367,0.15133619910864,0.4197893256314531,True,-0.003460942373026743,126.1442502223056,1086.9252260254643
1503,rule,0.0037444144209613987,0.49521770241934326,1.25288489681917,0.06717268875916985,0.6192634384345803,True,0.004293517603041641,91.44499184288154,1612.9839508120544
1503,mpc,0.0037444144209613987,0.49521770241934326,1.25288489681917,0.06717268875916985,0.6192634384345803,True,-0.006329131020285983,92.60252338519652,1611.4966932013851
1504,rule,0.005307669764314369,0.1389586588398784,1.2378265385058276,0.0848736788817562,0.34233815548561797,True,0.011664139153703124,64.51191603579626,898.5700480568903
1504,mpc,0.005307669764314369,0.1389586588398784,1.2378265385058276,0.0848736788817562,0.34233815548561797,True,-0.0022462011849364583,65.32852256789496,897.6012785771804
1505,rule,0.006364633680667045,0.47400599722719344,1.311797489932904,0.10126434472674223,0.6164742198002903,True,-0.0006597622308690543,53.79853159833342,1626.1619311669422
1505,mpc,0.006364633680667045,0.47400599722719344,1.311797489932904,0.10126434472674223,0.6164742198002903,True,-0.008128224086185076,54.4795256691984,1624.2524760544916
1506,rule,0.0045865974464484845,0.2523409164775312,0.7772028652116113,0.0620313233099067,0.541071618174482,True,0.004107260963023718,74.65402189292152,1415.2528195311443
1506,mpc,0.0045865974464484845,0.2523409164775312,0.7772028652116113,0.0620313233099067,0.541071618174482,True,-0.005867526449230942,75.59900951181928,1413.8258394302227
1507,rule,0.0036592020432811507,0.4829227734870173,1.2252030720074762,0.10979683216617392,0.4757644890933772,True,0.00421900208349224,93.5744848552148,1238.6790128570478
1507,mpc,0.0036592020432811507,0.4829227734870173,1.2252030720074762,0.10979683216617392,0.4757644890933772,True,-0.005742825743408009,94.75897200528084,1237.5480519096907
1508,rule,0.004681281398897502,0.3073856996336963,1.2923183824818074,0.09274897049870387,0.3451362912015008,True,0.007001236969310876,73.14406398680164,903.174102455658
1508,mpc,0.004681281398897502,0.3073856996336963,1.2923183824818074,0.09274897049870387,0.3451362912015008,True,-0.004562047959415505,74.06993821448268,902.2549760763236
1509,rule,0.005792085282446445,0.47754163513383946,1.2468569651795849,0.16125221181851782,0.5897295696383298,True,-0.0002537723677278336,59.11652358070214,1551.480592805739
1509,mpc,0.005792085282446445,0.47754163513383946,1.2468569651795849,0.16125221181851782,0.5897295696383298,True,-0.007265008149246688,59.86483400577433,1549.738182199432
1510,rule,0.007381485400294125,0.37532021354876755,0.966043089121377,0.1304260859036649,0.3007405958812541,False,,46.38740410805926,796.9555846623288
1510,mpc,0.007381485400294125,0.37532021354876755,0.966043089121377,0.1304260859036649,0.3007405958812541,False,,46.974586438541024,795.9514020551474
1511,rule,0.004684017257850309,0.13791305881510468,0.7580771774645735,0.13645502064034576,0.4668935324817878,True,0.007293580718312875,73.10134171843944,1221.8123766211968
1511,mpc,0.004684017257850309,0.13791305881510468,0.7580771774645735,0.13645502064034576,0.4668935324817878,True,-0.00277570725124221,74.02667515791337,1220.5686541649343
1512,rule,0.003376110082250978,0.42074805406684884,1.3010520154287435,0.07900873129635588,0.17128718608415303,True,0.007174907122073915,101.42084761433105,445.31078572048625
1512,mpc,0.003376110082250978,0.42074805406684884,1.3010520154287435,0.07900873129635588,0.17128718608415303,True,-0.004833224935607561,102.70465581198083,444.9177132535644
1513,rule,0.005212855418301505,0.49449988243378057,0.6703171585342909,0.15728473566639975,0.3044860926268099,True,-0.006317327048116939,65.68529504559888,798.8530312655429
1513,mpc,0.005212855418301505,0.49449988243378057,0.6703171585342909,0.15728473566639975,0.3044860926268099,True,-0.009486532202863218,66.51675447655585,797.9989422076907
1514,rule,0.003342315366240079,0.22831056572816683,0.9908557433346279,0.116866165497816,0.307768255472355,True,0.00873011446146299,102.4463309595986,799.9939356446441
1514,mpc,0.003342315366240079,0.22831056572816683,0.9908557433346279,0.116866165497816,0.307768255472355,True,-0.0030409582501371712,103.74311995908721,799.2907177246254
1515,rule,0.003239330014528331,0.1614244299433617,1.1497932650342702,0.1700052196320862,0.3625640256810352,True,0.010601073357898727,105.70332279992783,941.9264894139658
1515,mpc,0.003239330014528331,0.1614244299433617,1.1497932650342702,0.1700052196320862,0.3625640256810352,True,-0.001621639393427854,107.04133954423074,941.1090751171635
1516,rule,0.0066432170665528,0.36341033915467846,0.7388505271332766,0.1777797612895538,0.6153111352650354,True,-0.00421105382118947,51.5424895424741,1625.163675800201
1516,mpc,0.0066432170665528,0.36341033915467846,0.7388505271332766,0.1777797612895538,0.6153111352650354,True,-0.00822561162849289,52.19492611896112,1623.2161658176153
1517,rule,0.005116209224018315,0.23144896230147466,0.8438794962383536,0.1673685649620267,0.32169314181525654,True,0.0038166418201559527,66.92610313388492,843.6056858959491
1517,mpc,0.005116209224018315,0.23144896230147466,0.8438794962383536,0.1673685649620267,0.32169314181525654,True,-0.004375047835367685,67.77326899633917,842.7115240589077
1518,rule,0.006109513544934229,0.0955051352189426,1.1718684730262168,0.15618026826003323,0.39579483902323687,True,0.010926999487531841,56.0450424837988,1042.8147371537787
1518,mpc,0.006109513544934229,0.0955051352189426,1.1718684730262168,0.15618026826003323,0.39579483902323687,True,-0.001402352004678642,56.75447340131525,1041.6137500695702
1519,rule,0.004836289259293289,0.30516080857460626,1.069053022840099,0.12162668536559303,0.5356236532642331,True,0.004572669101813642,70.7997242975533,1402.7137741868578
1519,mpc,0.004836289259293289,0.30516080857460626,1.069053022840099,0.12162668536559303,0.5356236532642331,True,-0.005076637942577289,71.6959233392945,1401.2649441642295
1520,rule,0.004294529993980287,0.48854438323915556,0.6594178377915323,0.16359192183657678,0.6491749198128671,True,-0.004097181669790562,79.73118051594516,1695.566075004757
1520,mpc,0.004294529993980287,0.48854438323915556,0.6594178377915323,0.16359192183657678,0.6491749198128671,True,-0.008225557452766763,80.7404359655141,1693.9061779383774
1521,rule,0.00599441715091442,0.07891428978556082,1.0440242043766765,0.06059911192507102,0.29056184052576717,True,0.01351568588699159,57.12114081499156,765.1439010195714
1521,mpc,0.00599441715091442,0.07891428978556082,1.0440242043766765,0.06059911192507102,0.29056184052576717,True,-0.0014701959171938839,57.84419323037121,764.2705828012886
1522,rule,0.005910176487837878,0.20690525537571525,0.7403269940416632,0.07120124608890888,0.4365194024763285,True,0.0030815842775082647,57.93531663323414,1149.0457124214802
1522,mpc,0.005910176487837878,0.20690525537571525,0.7403269940416632,0.07120124608890888,0.4365194024763285,True,-0.006001964782049507,58.668675071629515,1147.742942017865
1523,rule,0.004321536719694422,0.46299750876408213,1.3116657808492729,0.10475295075551191,0.5395902926752427,True,0.0038214262910793995,79.23291375050377,1409.533208086467
1523,mpc,0.004321536719694422,0.46299750876408213,1.3116657808492729,0.10475295075551191,0.5395902926752427,True,-0.006035166514890111,80.2358620258266,1408.1494687780316
1524,rule,0.005831524534548437,0.06624280891017899,0.9204259493072717,0.05718393770891137,0.22382820208706425,True,0.013696347270406584,58.71671192543433,588.9638285954728
1524,mpc,0.005831524534548437,0.06624280891017899,0.9204259493072717,0.05718393770891137,0.22382820208706425,True,-0.0013134541009871548,59.459961443477816,588.3002702081886
1525,rule,0.00314323342504144,0.286680227656355,0.7883108971711419,0.15194541549045087,0.5707768421790519,True,0.005139302392610956,108.93494051485179,1482.1176737034618
1525,mpc,0.00314323342504144,0.286680227656355,0.7883108971711419,0.15194541549045087,0.5707768421790519,True,-0.003884911147040704,110.31386381250815,1480.8470993114959
1526,rule,0.00842962515369091,0.13017520998995957,1.145494031657217,0.12628687368349406,0.36322683708163983,False,,40.61959339096589,966.9382708946854
1526,mpc,0.00842962515369091,0.13017520998995957,1.145494031657217,0.12628687368349406,0.36322683708163983,False,,41.13376545920597,965.6405138837548
1527,rule,0.004653713654488422,0.46373570100861694,0.9944040233953598,0.08858034336451737,0.21197156310340862,True,-0.0001529224655807404,73.57735597911936,554.6255021158963
1527,mpc,0.004653713654488422,0.46373570100861694,0.9944040233953598,0.08858034336451737,0.21197156310340862,True,-0.00784404298526975,74.50871491556393,554.0625910246871
1528,rule,0.008678156286530635,0.21633605867326178,1.2183023707736924,0.07860668076580288,0.4024032359969323,False,,39.456300955611326,1072.3599480233866
1528,mpc,0.008678156286530635,0.21633605867326178,1.2183023707736924,0.07860668076580288,0.4024032359969323,False,,39.955747803150715,1070.9007865978242
1529,rule,0.005264764955757757,0.08437409872071538,1.2972126348076938,0.15420860475285492,0.4577792396163335,True,0.012543725723108468,65.03765107437744,1201.3334587885943
1529,mpc,0.005264764955757757,0.08437409872071538,1.2972126348076938,0.15420860475285492,0.4577792396163335,True,-0.0008821836272427941,65.86091248038221,1200.0431452691162
1530,rule,0.005895647715084736,0.37546725937073105,1.0432384084371922,0.08680781156404113,0.27605818436070884,True,0.00028302812258274024,58.07808789271627,726.6158593533088
1530,mpc,0.005895647715084736,0.37546725937073105,1.0432384084371922,0.08680781156404113,0.27605818436070884,True,-0.007605948578489619,58.81325356224433,725.7929883513862
1531,rule,0.00414453532616238,0.41529973453107405,0.8507085951474584,0.13169697523426271,0.43827083449967597,True,0.0005481805427115516,82.61672762679399,1143.85572793066
1531,mpc,0.00414453532616238,0.41529973453107405,0.8507085951474584,0.13169697523426271,0.43827083449967597,True,-0.006664006608830153,83.66250898915848,1142.7534330391793
1532,rule,0.002588745748281762,0.08802614311039911,1.1617608073518741,0.17430888417850332,0.360658648875705,True,0.012626737645714203,132.26789320984915,933.7941261793817
1532,mpc,0.002588745748281762,0.08802614311039911,1.1617608073518741,0.17430888417850332,0.360658648875705,True,-0.0006092027760846719,133.94217033908777,933.0517372515761
1533,rule,0.004644776923234812,0.3381996100334605,0.8690920393999066,0.1291375504171694,0.5648771838659005,True,0.0017695455442352515,73.71892167056245,1477.9415244717238
1533,mpc,0.004644776923234812,0.3381996100334605,0.8690920393999066,0.1291375504171694,0.5648771838659005,True,-0.006065241465250892,74.65207257778476,1476.4428103731273
1534,rule,0.004232194132752118,0.12298691869787096,0.7428937722467015,0.11875516687317542,0.4037216439114939,True,0.00860397711639349,80.90553869713948,1054.1452655010746
1534,mpc,0.004232194132752118,0.12298691869787096,0.7428937722467015,0.11875516687317542,0.4037216439114939,True,-0.00239089650462998,81.92965944014125,1053.119976655178
1535,rule,0.00523429274129987,0.2070834467817958,1.1669102897260606,0.11112262925729507,0.4450591290290534,True,0.008139265913621685,65.41627744270001,1167.7820313889215
1535,mpc,0.00523429274129987,0.2070834467817958,1.1669102897260606,0.11112262925729507,0.4450591290290534,True,-0.0035241720662191334,66.24433158754432,1166.5311269953581
1536,rule,0.004025119193196462,0.14520772834725715,0.853987149303604,0.1545020526678172,0.5707412350704664,True,0.008343469444298757,85.06777805734174,1488.704273987974
1536,mpc,0.004025119193196462,0.14520772834725715,0.853987149303604,0.1545020526678172,0.5707412350704664,True,-0.0022644283097721374,86.1445853745233,1487.2879650717923
1537,rule,0.004600569844492352,0.13294504879135743,0.9413813515737406,0.12285801809791211,0.6039016408711847,True,0.0095875054725576,74.42729004345027,1579.7023907508183
1537,mpc,0.004600569844492352,0.13294504879135743,0.9413813515737406,0.12285801809791211,0.6039016408711847,True,-0.002276731938747334,75.36940763893699,1578.1074064022228
1538,rule,0.0076050867605162425,0.06793081262429712,0.7716001452539447,0.05024182615488032,0.5888546844796388,False,,45.02354239518762,1561.9914868476772
1538,mpc,0.0076050867605162425,0.06793081262429712,0.7716001452539447,0.05024182615488032,0.5888546844796388,False,,45.59346065335456,1559.9951598623888
1539,rule,0.0044876182461140324,0.10030955631656262,1.3197895220865252,0.11216462556166042,0.4302067327647119,True,0.013526018123780625,76.30059586233405,1124.7215030252887
1539,mpc,0.0044876182461140324,0.10030955631656262,1.3197895220865252,0.11216462556166042,0.4302067327647119,True,-0.0010891990131953744,77.26642618970538,1123.5985617731983
1540,rule,0.0027711331251553247,0.4918040661749143,0.9790159504507663,0.13338017457131313,0.5922161692476091,True,0.004046736458475975,123.56243122097963,1534.8040557880925
1540,mpc,0.0027711331251553247,0.4918040661749143,0.9790159504507663,0.13338017457131313,0.5922161692476091,True,-0.005211563917923545,125.12651262884013,1533.552011113525
1541,rule,0.011735617935799643,0.11293255226935237,1.2902639880867341,0.13182168726681914,0.18831277510566766,False,,29.176814382876557,508.0147445143923
1541,mpc,0.011735617935799643,0.11293255226935237,1.2902639880867341,0.13182168726681914,0.18831277510566766,False,,29.546141147216773,507.22044257534066
1542,rule,0.005274980409593376,0.2665661909459813,0.7267814697217497,0.12320330199945703,0.6375048575190665,True,0.0011142374865501514,64.91170006213876,1673.0627017403576
1542,mpc,0.005274980409593376,0.2665661909459813,0.7267814697217497,0.12320330199945703,0.6375048575190665,True,-0.006115509443492595,65.73336715153295,1671.264101568098
1543,rule,0.003558753439944727,0.11240101225714513,0.934161263588023,0.14983427053789417,0.5472670123746325,True,0.010568940677605387,96.21569798510718,1424.1109117778576
1543,mpc,0.003558753439944727,0.11240101225714513,0.934161263588023,0.14983427053789417,0.5472670123746325,True,-0.0014204666810515576,97.43361821276677,1422.8258793249443
1544,rule,0.004054722979242115,0.49175309676758827,1.345950809033691,0.11659761770196944,0.556085199595021,True,0.004030535911594857,84.44669288977764,1450.6911422443675
1544,mpc,0.004054722979242115,0.49175309676758827,1.345950809033691,0.11659761770196944,0.556085199595021,True,-0.005845973719109887,85.5156383693951,1449.3065618144344
1545,rule,0.00443532198805443,0.2906808395928934,1.264899386820743,0.16037761085649088,0.2610979307640635,True,0.0068555041989928345,77.20024546208461,682.4316698590304
1545,mpc,0.00443532198805443,0.2906808395928934,1.264899386820743,0.16037761085649088,0.2610979307640635,True,-0.0037524292906396806,78.17746375907305,681.7538960538135
1546,rule,0.004752808490627837,0.3711698949470083,1.3273541905217194,0.11266728412093827,0.4489701865335377,True,0.0052079403230318455,72.04328700733147,1175.3038392357948
1546,mpc,0.004752808490627837,0.3711698949470083,1.3273541905217194,0.11266728412093827,0.4489701865335377,True,-0.005217643644204628,72.95522734919643,1174.099501055427
1547,rule,0.0040602239167798725,0.4233357815540347,0.8972537015846276,0.10238483255735917,0.467826952659013,True,0.001183527771024151,84.33228147001898,1220.480452205449
1547,mpc,0.0040602239167798725,0.4233357815540347,0.8972537015846276,0.10238483255735917,0.467826952659013,True,-0.006865184851874373,85.39977870381671,1219.3148987003638
1548,rule,0.003988930094440618,0.487974452429319,1.3068780630656263,0.052175197414739014,0.5794541809485807,True,0.004394094569659557,85.83954546067326,1511.1564020544115
1548,mpc,0.003988930094440618,0.487974452429319,1.3068780630656263,0.052175197414739014,0.5794541809485807,True,-0.006517595237887308,86.9261219854919,1509.7243949564536
1549,rule,0.003639346945157151,0.12290144348279756,1.2726735548676227,0.17307521237108336,0.6308250862540066,True,0.011797076886225333,94.08499693518438,1642.221958132644
1549,mpc,0.003639346945157151,0.12290144348279756,1.2726735548676227,0.17307521237108336,0.6308250862540066,True,-0.0011496648143329846,95.27594626347785,1640.726009849749
1550,rule,0.007646150987619946,0.3269985184197033,0.8137235461331421,0.05438034307922565,0.3566131313687064,False,,44.78174008538198,946.1198817473961
1550,mpc,0.007646150987619946,0.3269985184197033,0.8137235461331421,0.05438034307922565,0.3566131313687064,False,,45.348597554817204,944.9075738186888
1551,rule,0.0036019605566600657,0.3974203273460843,1.1208614891391029,0.1791213722576976,0.3725468603911084,True,0.0046721196949920385,95.06154795284112,969.6636977759449
1551,mpc,0.0036019605566600657,0.3974203273460843,1.1208614891391029,0.1791213722576976,0.3725468603911084,True,-0.0044977897780471565,96.26485868642139,968.7842602645751
1552,rule,0.005111404786589174,0.17425920682536872,1.0461062619824035,0.1423609251625218,0.48448315359282523,True,0.00800969914561278,66.98900996445461,1270.4756013285194
1552,mpc,0.005111404786589174,0.17425920682536872,1.0461062619824035,0.1423609251625218,0.48448315359282523,True,-0.0029593085007426634,67.83697211590341,1269.1295719729908
1553,rule,0.006709725967218542,0.11944263051038345,1.3176334688639613,0.15151925118585777,0.3373144394542784,True,0.010515385224067697,51.031584278415075,891.1864292042187
1553,mpc,0.006709725967218542,0.11944263051038345,1.3176334688639613,0.15151925118585777,0.3373144394542784,True,-0.0018484683781991862,51.67755369966084,890.1134064601978
1554,rule,0.003912435614346525,0.34004880105394464,1.1581983980966353,0.116918270514761,0.1510041409693488,True,0.006206942703345653,87.51784819809076,393.6516791677364
1554,mpc,0.003912435614346525,0.34004880105394464,1.1581983980966353,0.116918270514761,0.1510041409693488,True,-0.004535408691926257,88.62566906135775,393.28177582519504
1555,rule,0.004347641320133467,0.38036709209576053,1.254824249626111,0.16703743791035433,0.3847865370469492,True,0.004744097016475712,78.75717451564557,1005.2804834553932
1555,mpc,0.004347641320133467,0.38036709209576053,1.254824249626111,0.16703743791035433,0.3847865370469492,True,-0.004754117572782102,79.75410077533729,1004.2909446439813
1556,rule,0.003330867878109842,0.21093827368002188,0.9102734723719195,0.1636651316523179,0.6001285915741562,True,0.007680961621902682,102.7984173228415,1559.8455733407131
1556,mpc,0.003330867878109842,0.21093827368002188,0.9102734723719195,0.1636651316523179,0.6001285915741562,True,-0.0026879827582331206,104.09966311173825,1558.4763624929442
1557,rule,0.0031467948292332676,0.4493277788802136,1.1916347782653416,0.17567647709504608,0.3059067710991973,True,0.005307489658915698,108.81165273320744,794.3528339023601
1557,mpc,0.0031467948292332676,0.4493277788802136,1.1916347782653416,0.17567647709504608,0.3059067710991973,True,-0.004372968857371484,110.18901542603287,793.671548031327
1558,rule,0.00412694337358941,0.07979373729622741,1.2677475468576316,0.17829426677422516,0.40107544411511287,True,0.012520427175835902,82.96889857332201,1046.6864414821641
1558,mpc,0.00412694337358941,0.07979373729622741,1.2677475468576316,0.17829426677422516,0.40107544411511287,True,-0.000652162140384771,84.01913779576913,1045.679674422335
1559,rule,0.0073476131590910305,0.16155707102984163,1.0662802027785843,0.08468946733581537,0.3278000428927862,False,,46.60124842820961,868.5320674265911
1559,mpc,0.0073476131590910305,0.16155707102984163,1.0662802027785843,0.08468946733581537,0.3278000428927862,False,,47.19113764881987,867.440092675939
1560,rule,0.0036396261952447717,0.1790882125690828,1.340284405089109,0.1487163913000603,0.3787776207932295,True,0.01128394363392693,94.07777826979716,986.0701856450968
1560,mpc,0.0036396261952447717,0.1790882125690828,1.340284405089109,0.1487163913000603,0.3787776207932295,True,-0.0018313204133584282,95.26863622257942,985.171916048046
1561,rule,0.005321184342297918,0.16326469780700983,0.8759103480098708,0.1322560814811935,0.5728784766149195,True,0.006821189297636199,64.34807068407567,1503.7899928350882
1561,mpc,0.005321184342297918,0.16326469780700983,0.8759103480098708,0.1322560814811935,0.5728784766149195,True,-0.0033491133635159542,65.16260322438043,1502.1668042561448
1562,rule,0.00496917569712738,0.4913177961684958,0.6577132118617047,0.0576533017828119,0.18353077266135379,True,-0.0072651473677229905,68.90638750791705,480.9481882034844
1562,mpc,0.00496917569712738,0.4913177961684958,0.6577132118617047,0.0576533017828119,0.18353077266135379,True,-0.01140246950830237,69.77862026118184,480.4452192167027
1563,rule,0.003876908771536763,0.4348157025247011,0.685636524689571,0.15076390584094923,0.27104558204334894,True,-0.0014611529095618359,88.31983581740472,706.4604124619373
1563,mpc,0.003876908771536763,0.4348157025247011,0.685636524689571,0.15076390584094923,0.27104558204334894,True,-0.00706596365224077,89.43780842268832,705.7991909771341
1564,rule,0.005225759555567591,0.13830493145019795,0.6772414025626138,0.13567823981206037,0.6348736720808114,True,0.005753032787036427,65.52309621983609,1665.7645833530348
1564,mpc,0.005225759555567591,0.13830493145019795,0.6772414025626138,0.13567823981206037,0.6348736720808114,True,-0.0033110564940754816,66.35250250109985,1663.9815992217113
1565,rule,0.005025689444980759,0.39898382252484516,0.9326089885583435,0.1796102750924034,0.36501567471910545,True,7.403739275879673e-06,68.1315369621877,956.7965713681103
1565,mpc,0.005025689444980759,0.39898382252484516,0.9326089885583435,0.1796102750924034,0.36501567471910545,True,-0.006471558099885977,68.99396148069641,955.7907489832388
1566,rule,0.005838283703387653,0.3590331133793769,0.7136429680179697,0.17042149576303744,0.18572983503935528,True,-0.003100667036153526,58.6487336993407,488.73028643510776
1566,mpc,0.005838283703387653,0.3590331133793769,0.7136429680179697,0.17042149576303744,0.18572983503935528,True,-0.0076757113184819925,59.39112273350958,488.17935629201537
1567,rule,0.005834111907267919,0.20714101055840695,0.9159767710447169,0.17402221531171452,0.5521852180163579,True,0.004427582603522273,58.69067162640883,1452.9941381321944
1567,mpc,0.005834111907267919,0.20714101055840695,0.9159767710447169,0.17402221531171452,0.5521852180163579,True,-0.004091629607905878,59.433591520414005,1451.3567748698242
1568,rule,0.004466868914251263,0.17824066197803423,0.7073809782900092,0.0903782896871374,0.3241697038696595,True,0.006100655495584584,76.6550245270803,847.4142981544843
1568,mpc,0.004466868914251263,0.17824066197803423,0.7073809782900092,0.0903782896871374,0.3241697038696595,True,-0.004122556329748894,77.6253412932459,846.5699858744011
1569,rule,0.0054674732054307285,0.1967226786170156,0.9462168546997111,0.16315155596436273,0.483811076255674,True,0.0056403751623370635,62.62636016964406,1270.8762154271715
1569,mpc,0.0054674732054307285,0.1967226786170156,0.9462168546997111,0.16315155596436273,0.483811076255674,True,-0.0036812622691853036,63.41909890596868,1269.4869942459975
1570,rule,0.0046636437696346246,0.26265203968430784,0.657808548323406,0.10258649376231994,0.1550749812564606,True,0.001454453027602387,73.42069057903392,405.77481709259376
1570,mpc,0.0046636437696346246,0.26265203968430784,0.657808548323406,0.10258649376231994,0.1550749812564606,True,-0.006138574441207245,74.35006640914828,405.36258206780985
1571,rule,0.002854060823096234,0.37038079505491905,1.164704865999799,0.16685897811047368,0.30772060339034357,True,0.0072175319748137845,119.97219660151501,797.8445916197741
1571,mpc,0.002854060823096234,0.37038079505491905,1.164704865999799,0.16685897811047368,0.30772060339034357,True,-0.003474281333277318,121.4908320015342,797.1862802238144
1572,rule,0.0034139901087144363,0.429525613044833,1.020310584909778,0.17200649019139488,0.18853517628992464,True,0.003623205105641958,100.29552965228696,490.2472958323632
1572,mpc,0.0034139901087144363,0.429525613044833,1.020310584909778,0.17200649019139488,0.18853517628992464,True,-0.0049508825326203265,101.56509331877162,489.81255027865376
1573,rule,0.004449999026926358,0.4526426173724586,0.8624719231366593,0.0677608287692068,0.3345948691676883,True,-0.0011042469238469188,76.94562270897538,874.5939924822501
1573,mpc,0.004449999026926358,0.4526426173724586,0.8624719231366593,0.0677608287692068,0.3345948691676883,True,-0.008491430872763717,77.91961793313963,873.7240793978208
1574,rule,0.010164591370897487,0.18576100470445067,1.0217161760484015,0.17436031411034097,0.3218298618103189,False,,33.686346424268514,862.9046560809531
1574,mpc,0.010164591370897487,0.18576100470445067,1.0217161760484015,0.17436031411034097,0.3218298618103189,False,,34.11275587267698,861.6404903975762
1575,rule,0.0036445853726538705,0.4329329251745475,1.3096477834332192,0.07946208918292605,0.5854298580080362,True,0.006300762884487998,93.94976689264728,1524.0855363085232
1575,mpc,0.0036445853726538705,0.4329329251745475,1.3096477834332192,0.07946208918292605,0.5854298580080362,True,-0.005229121743352438,95.13900444825042,1522.696353676229
1576,rule,0.005417309788253519,0.10052274483376061,0.8514820802499317,0.07269919995263405,0.6232155668664202,True,0.010813660389534352,63.20627019035064,1636.6737009773076
1576,mpc,0.005417309788253519,0.10052274483376061,0.8514820802499317,0.07269919995263405,0.6232155668664202,True,-0.0023345873376925397,64.00634955984876,1634.8922938890294
1577,rule,0.004384678251643064,0.13878387091919667,0.6675978923083002,0.10432648354606805,0.5937321588473615,True,0.007189013885658957,78.09192066781026,1551.4493271792123
1577,mpc,0.004384678251643064,0.13878387091919667,0.6675978923083002,0.10432648354606805,0.5937321588473615,True,-0.003165080520744157,79.08042599271924,1549.9163725205185
1578,rule,0.006854929715743751,0.178145245369137,0.8626140476854001,0.12005635860266355,0.5062533441391397,True,0.004369221375815635,49.95061370137364,1338.403568040828
1578,mpc,0.006854929715743751,0.178145245369137,0.8626140476854001,0.12005635860266355,0.5062533441391397,True,-0.004664104909416933,50.582899950758126,1336.7755739050021
1579,rule,0.0050986201109040645,0.13757513751679867,1.1121269683908037,0.12812002716182336,0.535417675036757,True,0.010131554559272171,67.15698340594135,1403.9563582702597
1579,mpc,0.0050986201109040645,0.13757513751679867,1.1121269683908037,0.12812002716182336,0.535417675036757,True,-0.0021935287465051356,68.00707180348492,1402.4706289870837
1580,rule,0.002987393545334836,0.45362303549574484,0.9571904586397326,0.1421354998553624,0.41711890402508445,True,0.003836006989672347,114.6176226817833,1082.241848126752
1580,mpc,0.002987393545334836,0.45362303549574484,0.9571904586397326,0.1421354998553624,0.41711890402508445,True,-0.005133311662882223,116.06847866509703,1081.3327419992258
1581,rule,0.0032926196633439515,0.20749389584700695,0.8088830921772047,0.14311410683050063,0.5138501294459782,True,0.007226779132929129,103.99255947874558,1335.3287249226667
1581,mpc,0.0032926196633439515,0.20749389584700695,0.8088830921772047,0.14311410683050063,0.5138501294459782,True,-0.0029671156343682448,105.30892099113478,1334.1621469641238
1582,rule,0.00384136574880144,0.27231874716880716,0.861029722856812,0.1655188135525537,0.5504263521555286,True,0.004797066420859197,89.13703317316744,1434.3885933970082
1582,mpc,0.00384136574880144,0.27231874716880716,0.861029722856812,0.1655188135525537,0.5504263521555286,True,-0.004016423328003116,90.26535004877717,1433.0513915611018
1583,rule,0.005271359243029614,0.07990844190909512,1.2083519838520442,0.17995957606465357,0.5799460277772298,True,0.011678330064140652,64.956291232466,1521.9793822376757
1583,mpc,0.005271359243029614,0.07990844190909512,1.2083519838520442,0.17995957606465357,0.5799460277772298,True,-0.0008504235800053106,65.77852276705418,1520.3437233170093
1584,rule,0.0045218753890435915,0.0581787963252729,0.6893059004911268,0.16247937750328623,0.5804878413241816,True,0.009537456769852182,75.72255241947408,1517.868700105466
1584,mpc,0.0045218753890435915,0.0581787963252729,0.6893059004911268,0.16247937750328623,0.5804878413241816,True,-0.000932330918447688,76.68106574123959,1516.3480373184768
1585,rule,0.00519936758409745,0.0674684821082562,1.2001288763195486,0.09288205177843276,0.552653323634366,True,0.014382354626293226,65.85569122453595,1449.8534380327953
1585,mpc,0.00519936758409745,0.0674684821082562,1.2001288763195486,0.09288205177843276,0.552653323634366,True,-0.0007306417657417796,66.68930756915033,1448.305194830583
1586,rule,0.0022211940485050412,0.21436636002823978,1.0537344634765673,0.17969527793529405,0.5203430149810397,True,0.010011773157258097,154.15489988893063,1344.6012862340403
1586,mpc,0.0022211940485050412,0.21436636002823978,1.0537344634765673,0.17969527793529405,0.5203430149810397,True,-0.0016968231403866607,156.10622773562596,1343.5896092803857
1587,rule,0.004513205346939239,0.19895030352499538,1.3298421439403594,0.11717386826188153,0.5600898058508971,True,0.010312864645684039,75.86801837266212,1464.4690848092882
1587,mpc,0.004513205346939239,0.19895030352499538,1.3298421439403594,0.11717386826188153,0.5600898058508971,True,-0.0026329091130419258,76.82837303560723,1463.0031877108827
1588,rule,0.003924768472268787,0.4351091394589396,0.7419117436903071,0.0880054432358741,0.276070208606905,True,-0.0009214981184590965,87.24283957143788,719.7302593540495
1588,mpc,0.003924768472268787,0.4351091394589396,0.7419117436903071,0.0880054432358741,0.276070208606905,True,-0.00788724770895044,88.3471793128485,719.0530243955519
1589,rule,0.005203832056089616,0.1629284899717091,0.8419407474888002,0.11856015768622077,0.44072200828529196,True,0.006840388353637095,65.79919230492678,1156.2330011490837
1589,mpc,0.005203832056089616,0.1629284899717091,0.8419407474888002,0.11856015768622077,0.44072200828529196,True,-0.00348904386033122,66.63209347334357,1154.9978131057587
1590,rule,0.0045651738628325845,0.16086795306561497,1.332178174816847,0.10633966976726165,0.47076406526173076,True,0.011664101457984133,75.00436050615757,1231.2234316305535
1590,mpc,0.0045651738628325845,0.16086795306561497,1.332178174816847,0.10633966976726165,0.47076406526173076,True,-0.00210931029717476,75.95378279104565,1229.9846286664624
1591,rule,0.005422909795961695,0.06851903425860267,1.0577039905135017,0.13348762199913428,0.6338463312405848,True,0.012275188531800985,63.1409997703015,1664.6363385062734
1591,mpc,0.005422909795961695,0.06851903425860267,1.0577039905135017,0.13348762199913428,0.6338463312405848,True,-0.0008825896181343662,63.94025293195089,1662.8236231874898
1592,rule,0.00294602254970238,0.4679934306361745,0.944874470703143,0.05939649661652416,0.529804982888035,True,0.004242255155932462,116.22719799472502,1374.3163815699509
1592,mpc,0.00294602254970238,0.4679934306361745,0.944874470703143,0.05939649661652416,0.529804982888035,True,-0.00627251987278532,117.69842834908864,1373.1682635585612
1593,rule,0.0038088162308089453,0.24123058933561942,1.0181479188458273,0.16304782925722022,0.1870610808852298,True,0.007129064583403122,89.89878361982824,487.3933740312723
1593,mpc,0.0038088162308089453,0.24123058933561942,1.0181479188458273,0.16304782925722022,0.1870610808852298,True,-0.003194440388632591,91.03674290615518,486.94066778651217
1594,rule,0.005542524918873566,0.3835188657237531,0.7662071895565197,0.10660295722594051,0.40206849925590793,True,-0.0029089334455814075,61.77833229314057,1056.5308594385515
1594,mpc,0.005542524918873566,0.3835188657237531,0.7662071895565197,0.10660295722594051,0.40206849925590793,True,-0.008541186694049241,62.56033649938286,1055.368564128033
1595,rule,0.004453433422547665,0.46699978344557047,0.7342005874015541,0.12342976973218131,0.2484704481523097,True,-0.0031488434322413106,76.8862838383475,649.4852873650966
1595,mpc,0.004453433422547665,0.46699978344557047,0.7342005874015541,0.12342976973218131,0.2484704481523097,True,-0.008427961712851317,77.8595279375671,648.8390544176932
1596,rule,0.00456860711981326,0.16646848165005576,1.0304759242605477,0.15133162308985315,0.49800092266308993,True,0.00859670682113911,74.94799557095182,1302.4799369748207
1596,mpc,0.00456860711981326,0.16646848165005576,1.0304759242605477,0.15133162308985315,0.49800092266308993,True,-0.002547779011600859,75.89670437564742,1301.1689939108312
1597,rule,0.0066801429101794145,0.4009535544788882,0.7500732232020344,0.15141042541482058,0.3592962005353184,True,-0.0055137031378391654,51.257577986753994,949.1347938188998
1597,mpc,0.0066801429101794145,0.4009535544788882,0.7500732232020344,0.15141042541482058,0.3592962005353184,True,-0.009240839409625057,51.90640808785216,947.9943986251964
1598,rule,0.007991874007538013,0.07769891327179229,0.8182992733398946,0.06763495394424136,0.5207000771840483,False,,42.84451254589607,1383.5382477787296
1598,mpc,0.007991874007538013,0.07769891327179229,0.8182992733398946,0.06763495394424136,0.5207000771840483,False,,43.38684814774286,1381.7277575067524
1599,rule,0.0019853436201935043,0.4935354416860033,0.6571705360761021,0.10223834936738325,0.29512790511733833,True,0.0032134097248847082,172.46785024942423,761.6609608353111
1599,mpc,0.0019853436201935043,0.4935354416860033,0.6571705360761021,0.10223834936738325,0.29512790511733833,True,-0.005452495438814653,174.65098759435372,761.1091683704944
1600,rule,0.004370249578232647,0.09400021236068123,0.7876270057075602,0.1740998619381539,0.27752212041788327,True,0.008837010334321271,78.3497464050222,725.1262300251076
1600,mpc,0.004370249578232647,0.09400021236068123,0.7876270057075602,0.1740998619381539,0.27752212041788327,True,-0.0014866680400507093,79.34151534685793,724.4108030794289
1601,rule,0.0057883512340848285,0.084454265888142,1.0459053553208353,0.1706442826170056,0.5332509096070089,True,0.01045758793043916,59.15465947624372,1402.8700138710312
1601,mpc,0.0057883512340848285,0.084454265888142,1.0459053553208353,0.1706442826170056,0.5332509096070089,True,-0.0012390528928389877,59.90345263417087,1401.294979993078
1602,rule,0.004848138036809823,0.24007445364493502,1.0558246056976195,0.13031258390880238,0.3682340971369443,True,0.00636371327991192,70.62669082056392,964.4025376108209
1602,mpc,0.004848138036809823,0.24007445364493502,1.0558246056976195,0.13031258390880238,0.3682340971369443,True,-0.004016968185035941,71.52069956512804,963.405314031933
1603,rule,0.004780188187722225,0.49680662432600087,0.9693477912444554,0.07402380262042463,0.2471740796858484,True,-0.0016814143026675499,71.63064145898022,647.1330481797318
1603,mpc,0.004780188187722225,0.49680662432600087,0.9693477912444554,0.07402380262042463,0.2471740796858484,True,-0.008781895891294411,72.53735843947365,646.4681904720718
1604,rule,0.0037517894225432276,0.21806531809771684,0.8850897480377095,0.12204429908397056,0.22769472323512066,True,0.00728880344938454,91.26523576290559,593.0943711274942
1604,mpc,0.0037517894225432276,0.21806531809771684,0.8850897480377095,0.12204429908397056,0.22769472323512066,True,-0.0034297157505993603,92.42049191180315,592.5470450775784
1605,rule,0.003931246976145692,0.4848417665330398,1.07246697250477,0.14330859546293565,0.3752810847421225,True,0.001901317514883205,87.09906761362771,978.410387501224
1605,mpc,0.003931246976145692,0.4848417665330398,1.07246697250477,0.14330859546293565,0.3752810847421225,True,-0.006245486937074274,88.2015874568382,977.4890857957483
1606,rule,0.0038368875585332936,0.47662781923043834,0.7093230600817149,0.08192520156679912,0.6083274767709137,True,-0.0023128128559029015,89.24106869372882,1585.240709532265
1606,mpc,0.0038368875585332936,0.47662781923043834,0.7093230600817149,0.08192520156679912,0.6083274767709137,True,-0.008642522761077798,90.37070247466212,1583.7636203489474
1607,rule,0.003983617985199441,0.36104714156054135,0.8132206988807061,0.05402450472018697,0.16774462329308346,True,0.0022307978439186638,85.95401151750758,437.44890838679703
1607,mpc,0.003983617985199441,0.36104714156054135,0.8132206988807061,0.05402450472018697,0.16774462329308346,True,-0.007081306533436527,87.04203697975453,437.0346125336885
1608,rule,0.0043162375269831,0.3274016910547748,0.6833516489864663,0.13723585999637705,0.4288830265103173,True,0.000314918392826935,79.33019071369651,1120.3110719850858
1608,mpc,0.0043162375269831,0.3274016910547748,0.6833516489864663,0.13723585999637705,0.4288830265103173,True,-0.006271206261829976,80.33437034298382,1119.21186336569
1609,rule,0.003428537016108088,0.3411667555158039,0.7382438614552609,0.1036943112878091,0.34207328854643604,True,0.0029284217198790596,99.86998669475307,889.5582405443437
1609,mpc,0.003428537016108088,0.3411667555158039,0.7382438614552609,0.1036943112878091,0.34207328854643604,True,-0.005669421731200552,101.1341637415221,888.7679941327467
1610,rule,0.007649020177005581,0.3923155320218815,1.1699724916043253,0.09412814859150506,0.5640023817733618,False,,44.76494220926845,1496.3570809539945
1610,mpc,0.007649020177005581,0.3923155320218815,1.1699724916043253,0.09412814859150506,0.5640023817733618,False,,45.33158704736046,1494.4393856297945
1611,rule,0.0028632443788636267,0.47302563263689545,0.8771035310346954,0.08846367966047963,0.1837340332962615,True,0.0033437675243886966,119.58739837536294,476.4005325270241
1611,mpc,0.0028632443788636267,0.47302563263689545,0.8771035310346954,0.08846367966047963,0.1837340332962615,True,-0.0060815119064177026,121.10116291175996,476.00695722520305
1612,rule,0.0035232309840473623,0.16708445842372688,1.0143101438974698,0.08600603459459778,0.27828172675778684,True,0.011118431735941292,97.1857785457589,724.0198088547268
1612,mpc,0.0035232309840473623,0.16708445842372688,1.0143101438974698,0.08600603459459778,0.27828172675778684,True,-0.0024068609659997353,98.41597827418623,723.3692490099802
1613,rule,0.004168287972775457,0.4002533601799026,1.3087234566869124,0.1104581727165973,0.6308790374117922,True,0.005527872447524618,82.14594299087993,1646.7446261213709
1613,mpc,0.004168287972775457,0.4002533601799026,1.3087234566869124,0.1104581727165973,0.6308790374117922,True,-0.00512497468491957,83.18576505405562,1645.153707251608
1614,rule,0.0033932890265280127,0.13169999536868654,1.3290435425987184,0.11250960353020067,0.19262032221826123,True,0.013444143462600366,100.9073920624829,500.81666284346613
1614,mpc,0.0033932890265280127,0.13169999536868654,1.3290435425987184,0.11250960353020067,0.19262032221826123,True,-0.0012697942207129387,102.18470082276751,500.37366481112866
1615,rule,0.005070164762139188,0.13775591684758753,1.2396620537821446,0.13253503910749165,0.39194249268521497,True,0.010894188649969938,67.53388937930993,1027.5990225607447
1615,mpc,0.005070164762139188,0.13775591684758753,1.2396620537821446,0.13253503910749165,0.39194249268521497,True,-0.0019470371096232952,68.38874873854171,1026.514375569203
1616,rule,0.005303845074439782,0.30917822970423126,0.690902429815264,0.10996687845851183,0.16890847101534148,True,-0.0010409955089305534,64.5584366389793,443.343270676902
1616,mpc,0.005303845074439782,0.30917822970423126,0.690902429815264,0.10996687845851183,0.16890847101534148,True,-0.0073608259697159895,65.37563203947272,442.86545194571926
1617,rule,0.0056776391832053805,0.17080149538455106,0.9538853285171739,0.12895380698107783,0.49669572841500653,True,0.006906814513079063,60.308155402695476,1306.0204379165386
1617,mpc,0.0056776391832053805,0.17080149538455106,0.9538853285171739,0.12895380698107783,0.49669572841500653,True,-0.003493787236959589,61.07154977488151,1304.5673782115625
1618,rule,0.005171276351352483,0.057927875137508834,0.9679228233737334,0.16551513030316917,0.46033092578832446,True,0.011443164260159566,66.21343028624463,1207.4881550455834
1618,mpc,0.005171276351352483,0.057927875137508834,0.9679228233737334,0.16551513030316917,0.46033092578832446,True,-0.0006642440126909399,67.05157497341229,1206.2019540519834
1619,rule,0.0035051414174111675,0.1745854546004878,0.8098019527937397,0.11752901417829525,0.4614807535661555,True,0.008368742171492083,97.68734136669421,1200.5470674817536
1619,mpc,0.0035051414174111675,0.1745854546004878,0.8098019527937397,0.11752901417829525,0.4614807535661555,True,-0.0027899949630019183,98.92388999158909,1199.4706579239323
1620,rule,0.005454625697662585,0.3858645407428013,1.0047167829821195,0.12360121159783521,0.64444415950072,True,0.00035424663065120043,62.77386665191558,1692.7242406538346
1620,mpc,0.005454625697662585,0.3858645407428013,1.0047167829821195,0.12360121159783521,0.64444415950072,True,-0.007056496363400999,63.56847255890186,1690.8759188935871
1621,rule,0.003922890716394394,0.2146129948216448,0.7329512458266467,0.1302141967156603,0.3487105727886102,True,0.005338119325240087,87.28459978510362,909.0991017260915
1621,mpc,0.003922890716394394,0.2146129948216448,0.7329512458266467,0.1302141967156603,0.3487105727886102,True,-0.0038978151902129277,88.3894681368138,908.2438566889742
1622,rule,0.003212131864565039,0.47846116219387547,1.3235367150657638,0.09447507002612975,0.590681990728803,True,0.006426917693575729,106.59834671125785,1534.3519407623864
1622,mpc,0.003212131864565039,0.47846116219387547,1.3235367150657638,0.09447507002612975,0.590681990728803,True,-0.005015465001259267,107.94769287215985,1533.0249797527736
1623,rule,0.0042462674985068545,0.3951832514677815,1.3383665115430583,0.12528112395695706,0.4204847461170311,True,0.005581118859852463,80.63739420599067,1097.9917597883023
1623,mpc,0.0042462674985068545,0.3951832514677815,1.3383665115430583,0.12528112395695706,0.4204847461170311,True,-0.004936554685568861,81.65812071492728,1096.9222509910428
1624,rule,0.004964430468345205,0.2288923294744415,1.2997313876360075,0.06339218506184743,0.3899193354484424,True,0.009533421776284912,68.9722513719319,1021.7724625054096
1624,mpc,0.004964430468345205,0.2288923294744415,1.2997313876360075,0.06339218506184743,0.3899193354484424,True,-0.0037373159766405095,69.84531784499434,1020.7043758304237
1625,rule,0.0025832104070687154,0.3724713757362394,0.7326098113288942,0.16081492025225763,0.4249346117180036,True,0.003894056046381933,132.55131879471205,1100.1810622180546
1625,mpc,0.0025832104070687154,0.3724713757362394,0.7326098113288942,0.16081492025225763,0.4249346117180036,True,-0.004291884372307875,134.22918358958182,1099.307088903469
1626,rule,0.0030425103668742944,0.39412250381066005,0.7073377136513419,0.06389251268339208,0.4711744289164904,True,0.0024585155220486765,112.54125866231772,1222.8434336263745
1626,mpc,0.0030425103668742944,0.39412250381066005,0.7073377136513419,0.06389251268339208,0.4711744289164904,True,-0.006671468167996908,113.96583155677745,1221.8087328485362
1627,rule,0.002912405041827674,0.1978014248510953,1.2242123697261027,0.14146855217957752,0.23850099610021822,True,0.011210007521822996,117.56879323567773,618.5639146276902
1627,mpc,0.002912405041827674,0.1978014248510953,1.2242123697261027,0.14146855217957752,0.23850099610021822,True,-0.0018701347354992404,119.05700580828126,618.0494837770616
1628,rule,0.002935474911235547,0.1690082985437999,0.8214223750778664,0.12318596384544814,0.4878027193932474,True,0.00935044664200313,116.64482120784434,1265.292612534342
1628,mpc,0.002935474911235547,0.1690082985437999,0.8214223750778664,0.12318596384544814,0.4878027193932474,True,-0.002267124506939222,118.12133793199429,1264.2370642801577
1629,rule,0.00587221316303699,0.4097710117682953,0.6559637205315736,0.13969566430967745,0.5017798829777271,True,-0.005842599594924502,58.309863193742885,1320.5956442363631
1629,mpc,0.00587221316303699,0.4097710117682953,0.6559637205315736,0.13969566430967745,0.5017798829777271,True,-0.00936702264561462,59.047962727840904,1319.1029118224817
1630,rule,0.003088515415922091,0.09291003241411644,0.8359776240978345,0.09463562605961755,0.6388253103793943,True,0.012435387480277615,110.86489787811391,1658.34596146646
1630,mpc,0.003088515415922091,0.09291003241411644,0.8359776240978345,0.09463562605961755,0.6388253103793943,True,-0.0012711479441442908,112.26825101581156,1656.934319273471
1631,rule,0.00680794969727295,0.11625458934238794,0.8016511693086136,0.1629697708207306,0.2799336176647862,True,0.006371421514494879,50.29531083614512,739.9153129157564
1631,mpc,0.00680794969727295,0.11625458934238794,0.8016511693086136,0.1629697708207306,0.2799336176647862,True,-0.0028370911848398794,50.93196034040013,739.0182437633248
1632,rule,0.00620648794272215,0.16286556886319675,1.2820222254434859,0.05792979473555499,0.4817582139737706,True,0.010599234639944055,55.169356541278304,1269.8759047020876
1632,mpc,0.00620648794272215,0.16286556886319675,1.2820222254434859,0.05792979473555499,0.4817582139737706,True,-0.0031489513589231244,55.867702826610945,1268.40247870268
1633,rule,0.007566233388539265,0.2955020300540934,1.2978732669837578,0.09527897787799311,0.57463170564292,False,,45.25474282882097,1524.0033154841612
1633,mpc,0.007566233388539265,0.2955020300540934,1.2978732669837578,0.09527897787799311,0.57463170564292,False,,45.82758767475542,1522.0602858005027
1634,rule,0.0035131189666426066,0.4825559033961922,0.8215847765464805,0.14323670934693425,0.6467976048420266,True,0.00025791977681211,97.46551410082567,1682.7194534910213
1634,mpc,0.0035131189666426066,0.4825559033961922,0.8215847765464805,0.14323670934693425,0.6467976048420266,True,-0.006639301849515,98.69925478564627,1681.209288746461
1635,rule,0.0038782411000556076,0.280981834762234,1.2967959858750149,0.14812064426040447,0.2551299789560567,True,0.008318753704862125,88.28949447631649,664.9820289936584
1635,mpc,0.0038782411000556076,0.280981834762234,1.2967959858750149,0.14812064426040447,0.2551299789560567,True,-0.003255018749751315,89.40708301399138,664.3595372044186
1636,rule,0.005951928229789038,0.3373561081790058,0.9031144302864493,0.14737540125253318,0.3748229420205257,True,-0.0002460628190215086,57.528910457530756,986.8352015846773
1636,mpc,0.005951928229789038,0.3373561081790058,0.9031144302864493,0.14737540125253318,0.3748229420205257,True,-0.00685578957434041,58.257124513955205,985.7126235494086
1637,rule,0.0035391901812912604,0.12678125760240957,1.025901253987122,0.1371824129774577,0.19845462471138417,True,0.01111475129234707,96.74754072024942,516.3716510925191
1637,mpc,0.0035391901812912604,0.12678125760240957,1.025901253987122,0.1371824129774577,0.19845462471138417,True,-0.0015473158307557355,97.9721931344298,515.9067886580023
1638,rule,0.005595396155296473,0.4032555601762024,0.8895189340652068,0.17088296364750544,0.4794084524128335,True,-0.0016751137302617458,61.194585097798246,1260.0754267687312
1638,mpc,0.005595396155296473,0.4032555601762024,0.8895189340652068,0.17088296364750544,0.4794084524128335,True,-0.007336320516619921,61.96920009903621,1258.683039130916
1639,rule,0.0052494025473533495,0.0538929475506002,1.3458044639862599,0.17894406558210446,0.2363025619984103,True,0.013314143600939854,65.22798415484802,620.0746168617886
1639,mpc,0.0052494025473533495,0.0538929475506002,1.3458044639862599,0.17894406558210446,0.2363025619984103,True,-0.000253606391620087,66.05365484035244,619.4095170572587
1640,rule,0.005806879300479883,0.1203531687983702,1.2945315245174327,0.1365046713604151,0.3815971502959338,True,0.011226206689241791,58.965914127556665,1003.9884776717131
1640,mpc,0.005806879300479883,0.1203531687983702,1.2945315245174327,0.1365046713604151,0.3815971502959338,True,-0.0017292692381551955,59.71231810385486,1002.8595817578213
1641,rule,0.002089229515064489,0.4821981589783351,0.8875507255750383,0.1238739797136512,0.4929199335868666,True,0.005597417913279723,163.8919724770468,1272.8338608640245
1641,mpc,0.002089229515064489,0.4821981589783351,0.8875507255750383,0.1238739797136512,0.4929199335868666,True,-0.004435550285724732,165.96655440713604,1271.896006995702
1642,rule,0.008926031134331939,0.23423662100208864,1.0392916247389294,0.09173412868850253,0.5445543819455041,False,,38.36060406110273,1452.6915195469342
1642,mpc,0.008926031134331939,0.23423662100208864,1.0392916247389294,0.09173412868850253,0.5445543819455041,False,,38.84618132769897,1450.6884151274553
1643,rule,0.00556741118697903,0.4855323488433889,0.9154448208039228,0.15844375441438574,0.19351404216717935,True,-0.003496073132980726,61.50218381246947,508.5642430659601
1643,mpc,0.00556741118697903,0.4855323488433889,0.9154448208039228,0.15844375441438574,0.19351404216717935,True,-0.00849014270348425,62.28069246832352,508.00359514231894
1644,rule,0.003434744098421291,0.32005210307467674,0.83353644283194,0.08282699090337095,0.5078588453563838,True,0.004948934260614379,99.68950709852412,1320.7239963574984
1644,mpc,0.003434744098421291,0.32005210307467674,0.83353644283194,0.08282699090337095,0.5078588453563838,True,-0.005241975571447233,100.95139959344216,1319.549836176453
1645,rule,0.006545724723079617,0.39252105454413966,0.6573355206104631,0.07884206480633366,0.46537469000402865,True,-0.00744951356652801,52.310165897121294,1228.604344560071
1645,mpc,0.006545724723079617,0.39252105454413966,0.6573355206104631,0.07884206480633366,0.46537469000402865,True,-0.0110318697799483,52.97231989581904,1227.142360924068
1646,rule,0.004248701111766394,0.3219872505128466,1.2987060723631028,0.10752574289964831,0.6014802665545212,True,0.007240372200815748,80.59120591771337,1570.6357377230886
1646,mpc,0.004248701111766394,0.3219872505128466,1.2987060723631028,0.10752574289964831,0.6014802665545212,True,-0.004291315207933799,81.61134776477304,1569.1054567393746
1647,rule,0.004289943788053813,0.322094633375263,0.9455782720361325,0.1686855110996932,0.5713876899114854,True,0.0035248273734383995,79.81641790614715,1492.3612929104668
1647,mpc,0.004289943788053813,0.322094633375263,0.9455782720361325,0.1686855110996932,0.5713876899114854,True,-0.004815494420325139,80.82675231002244,1490.901020302127
1648,rule,0.004068602150706202,0.49037688732657814,1.0565739759054626,0.05432664160511809,0.5050969065371901,True,0.0015185396294469244,84.15862094595565,1317.7666669144382
1648,mpc,0.004068602150706202,0.49037688732657814,1.0565739759054626,0.05432664160511809,0.5050969065371901,True,-0.007681402783379143,85.22391994527155,1316.5070670523537
1649,rule,0.004448072079052851,0.2566396129050935,0.9790839465710244,0.05433924500830382,0.21697905855272356,True,0.006806270106543888,76.97895629741991,567.1538737250472
1649,mpc,0.004448072079052851,0.2566396129050935,0.9790839465710244,0.05433924500830382,0.21697905855272356,True,-0.00499024105174084,77.95337346574169,566.589864966027
1650,rule,0.002351297659007405,0.2710693950007498,1.111579586431961,0.05555279612923918,0.28405336963383543,True,0.012045183093226886,145.6250955167156,734.5245728149788
1650,mpc,0.002351297659007405,0.2710693950007498,1.111579586431961,0.05555279612923918,0.28405336963383543,True,-0.0028390140511322937,147.4684511561677,733.9607414952097
1651,rule,0.0020328170713002918,0.1371065661683607,0.6984570932494262,0.15195769993270491,0.32377952640530583,True,0.009472480420120943,168.44011741900704,835.8192886979757
1651,mpc,0.0020328170713002918,0.1371065661683607,0.6984570932494262,0.15195769993270491,0.32377952640530583,True,-0.0013820197184368777,170.57227080405778,835.2090396881327
1652,rule,0.002136831828687374,0.3367275077631683,0.9509108692867272,0.08285775859496668,0.33058585865796974,True,0.009307382046838897,160.24094249453384,853.8686245980116
1652,mpc,0.002136831828687374,0.3367275077631683,0.9509108692867272,0.08285775859496668,0.33058585865796974,True,-0.0034289542439593923,162.26930885522418,853.2346624148208
1653,rule,0.00842677146841795,0.07689834855902265,0.9335324628563948,0.0910479061129898,0.3905230140644008,False,,40.63334901919051,1039.59017673445
1653,mpc,0.00842677146841795,0.07689834855902265,0.9335324628563948,0.0910479061129898,0.3905230140644008,False,,41.14769520930686,1038.1951351183247
1654,rule,0.00718751065651581,0.3009545274739873,0.8246350480645369,0.07012805274108763,0.5887258784003939,False,,47.63929579301208,1558.7650467439892
1654,mpc,0.00718751065651581,0.3009545274739873,0.8246350480645369,0.07012805274108763,0.5887258784003939,True,-0.00874720655402772,48.24232485368313,1556.8257334525188
1655,rule,0.004825509161510166,0.4323490362497153,0.7569559929676437,0.16093485669864244,0.6336607197319596,True,-0.0026061236041048375,70.95788956579764,1659.370322528795
1655,mpc,0.004825509161510166,0.4323490362497153,0.7569559929676437,0.16093485669864244,0.6336607197319596,True,-0.0076885942967821475,71.85609069954192,1657.6581447239003
1656,rule,0.004441509579925701,0.2879868046537502,1.0160802872558112,0.05273947177072856,0.46674509196838765,True,0.006110909792504948,77.09269562960417,1219.9689353683923
1656,mpc,0.004441509579925701,0.2879868046537502,1.0160802872558112,0.05273947177072856,0.46674509196838765,True,-0.0053998251322116,78.06855253630803,1218.7565352267534
1657,rule,0.00478192257255116,0.2866860932596403,0.9602996942767963,0.060750887707090424,0.625010779741136,True,0.004729969360448227,71.60466130226533,1636.3712226836353
1657,mpc,0.00478192257255116,0.2866860932596403,0.9602996942767963,0.060750887707090424,0.625010779741136,True,-0.005826023927203883,72.51104942001554,1634.689753932833
1658,rule,0.0020142438120120732,0.36989371939120635,1.026218302151443,0.14334003965127634,0.15713584043545195,True,0.008499948576421668,169.99329680906115,405.59689986139574
1658,mpc,0.0020142438120120732,0.36989371939120635,1.026218302151443,0.14334003965127634,0.15713584043545195,True,-0.0029550518001491,172.14511069272015,405.30166259058126
1659,rule,0.005987888971834357,0.1115281339445073,1.1357332708265822,0.06587191149162915,0.2666454203840328,True,0.012147661575080182,57.18341602387599,702.1428146838832
1659,mpc,0.005987888971834357,0.1115281339445073,1.1357332708265822,0.06587191149162915,0.2666454203840328,True,-0.002145576821895423,57.90725673303899,701.3418165110191
1660,rule,0.002762405218681408,0.06513577763484485,1.2183973746291628,0.10991207378307746,0.5471661880658379,True,0.015096453629435458,123.95283062223085,1417.9861797832414
1660,mpc,0.002762405218681408,0.06513577763484485,1.2183973746291628,0.10991207378307746,0.5471661880658379,True,-0.00041683054125596364,125.52185379466418,1416.8308304388995
1661,rule,0.003763532923256432,0.4889721200338279,0.8387060053534079,0.178085855521731,0.6349488090219052,True,-0.00032879360456683493,90.98045723615232,1653.9995358857545
1661,mpc,0.003763532923256432,0.4889721200338279,0.8387060053534079,0.178085855521731,0.6349488090219052,True,-0.006537952771070277,92.13210859357197,1652.4711264007035
1662,rule,0.003935869499345021,0.10455392217549608,1.101876050824817,0.15251886292591038,0.17219496123201952,True,0.011582456302136945,86.9967732004743,448.94684160188683
1662,mpc,0.003935869499345021,0.10455392217549608,1.101876050824817,0.15251886292591038,0.17219496123201952,True,-0.0011909492373320951,88.0979981776955,448.5238832804045
1663,rule,0.002574308549784106,0.12525733569148767,1.0200015919786725,0.10816126422644373,0.18933872957974204,True,0.01283825619550616,133.00967601956617,490.1861570832119
1663,mpc,0.002574308549784106,0.12525733569148767,1.0200015919786725,0.10816126422644373,0.18933872957974204,True,-0.0012599010427818413,134.69334280462397,489.79725774445313
1664,rule,0.007429732547459365,0.4698659729429588,0.8883493907287187,0.146173082107121,0.47537223060083156,False,,46.0861738957577,1259.9944064451515
1664,mpc,0.007429732547459365,0.4698659729429588,0.8883493907287187,0.146173082107121,0.47537223060083156,False,,46.66954318557742,1258.4018479441152
1665,rule,0.004907601942232378,0.14647484655050388,1.249027086703416,0.08924726908043493,0.18582593685059648,True,0.011721484299802909,69.77092890003789,486.8174348838864
1665,mpc,0.004907601942232378,0.14647484655050388,1.249027086703416,0.08924726908043493,0.18582593685059648,True,-0.0022061071582653025,70.65410521522826,486.3112325804711
1666,rule,0.005459331519314015,0.2056717859954431,0.9796258143676839,0.14531867902381707,0.34849839847902975,True,0.005838933856507467,62.71975698303222,915.4010889785836
1666,mpc,0.005459331519314015,0.2056717859954431,0.9796258143676839,0.14531867902381707,0.34849839847902975,True,-0.0038856065876735624,63.513677957501,914.401140702414
1667,rule,0.004102605153789608,0.3334913855416992,0.9044801870239196,0.08555813563061641,0.3469130266745467,True,0.0037625147265650805,83.46110175016435,905.2286794549766
1667,mpc,0.004102605153789608,0.3334913855416992,0.9044801870239196,0.08555813563061641,0.3469130266745467,True,-0.005847413711907556,84.5175713925715,904.3602388115438
1668,rule,0.005308767308663622,0.47703557982469286,1.2849882716919123,0.112364116022581,0.6457015789747014,True,0.001081449656265554,64.49857872323615,1694.8480147701762
1668,mpc,0.005308767308663622,0.47703557982469286,1.2849882716919123,0.112364116022581,0.6457015789747014,True,-0.00719234847375394,65.31501642859358,1693.02058374266
1669,rule,0.003178165573468472,0.3569644125722629,0.8488267448877898,0.07994107602485248,0.4291015948587087,True,0.004843677939664115,107.7376046860574,1114.4358242798046
1669,mpc,0.003178165573468472,0.3569644125722629,0.8488267448877898,0.07994107602485248,0.4291015948587087,True,-0.005405520363837457,109.10137183398218,1113.4761726213844
1670,rule,0.004843355317096595,0.05849075334875445,0.8771195535836531,0.06771280558057996,0.5351404347724148,True,0.014027458376491886,70.69643331194695,1401.4964742328248
1670,mpc,0.004843355317096595,0.05849075334875445,0.8771195535836531,0.06771280558057996,0.5351404347724148,True,-0.0009533983675535929,71.59132487285768,1400.0479351436732
1671,rule,0.003427354769549597,0.3536643636255284,0.8413917315021856,0.14070214537551118,0.4218039690567372,True,0.003613657685914373,99.90443627934683,1096.8904444563186
1671,mpc,0.003427354769549597,0.3536643636255284,0.8413917315021856,0.14070214537551118,0.4218039690567372,True,-0.004971458204287016,101.16904939680693,1095.9161526599764
1672,rule,0.0042967134750761995,0.24699441390993404,0.7743992781034925,0.05994054107417178,0.49624154089953054,True,0.004929924284732157,79.69066314693248,1296.1367060466375
1672,mpc,0.0042967134750761995,0.24699441390993404,0.7743992781034925,0.05994054107417178,0.49624154089953054,True,-0.005528846547508737,80.69940571841265,1294.8675486261359
1673,rule,0.002929349010729951,0.3252275728532283,1.1811894636870899,0.13893708928680049,0.25220668916316347,True,0.008397498993550911,116.88875068384563,654.168238385199
1673,mpc,0.002929349010729951,0.3252275728532283,1.1811894636870899,0.13893708928680049,0.25220668916316347,True,-0.00325870219896518,118.36835512288167,653.6229576842138
1674,rule,0.005541360862782525,0.3418899038912274,0.9996727529617206,0.05824377083244952,0.23846804340174674,True,0.0016587889354262586,61.79130987135302,626.628192227269
1674,mpc,0.005541360862782525,0.3418899038912274,0.9996727529617206,0.05824377083244952,0.23846804340174674,True,-0.007347934448671101,62.57347835073725,625.9389028702183
1675,rule,0.004361729738890502,0.2225016414166237,1.017980641217545,0.12254618704621077,0.36499630151775087,True,0.007419917559755129,78.50278826956433,953.6437210843663
1675,mpc,0.004361729738890502,0.2225016414166237,1.017980641217545,0.12254618704621077,0.36499630151775087,True,-0.0035676514127305214,79.49649445019173,952.7036533403038
1676,rule,0.00359250259383702,0.34130844126950705,0.8023501703042817,0.07439647783044466,0.615919570452684,True,0.0036049514222706858,95.31181599383893,1603.0360923696633
1676,mpc,0.00359250259383702,0.34130844126950705,0.8023501703042817,0.07439647783044466,0.615919570452684,True,-0.006006072870253565,96.51829467730525,1601.5838331385246
1677,rule,0.007524622220165052,0.15645921950455244,0.6847327745208762,0.06003456321550453,0.21506289036150175,False,,45.50500160175117,570.2722265734643
1677,mpc,0.007524622220165052,0.15645921950455244,0.6847327745208762,0.06003456321550453,0.21506289036150175,False,,46.08101428025435,569.5470648648886
1678,rule,0.003759622320500718,0.4402094772213889,0.7871443440011092,0.13247164937348707,0.2064278320051259,True,9.515475938781659e-05,91.0750913234232,537.7201613924899
1678,mpc,0.003759622320500718,0.4402094772213889,0.7871443440011092,0.13247164937348707,0.2064278320051259,True,-0.006773936231883049,92.22794058068173,537.223492469543
1679,rule,0.004719225828751524,0.2934296707885434,1.1636293159486837,0.1367834981167349,0.46040120004662544,True,0.005808930117859656,72.55595697393603,1205.0300466257988
1679,mpc,0.004719225828751524,0.2934296707885434,1.1636293159486837,0.1367834981167349,0.46040120004662544,True,-0.004400201843347995,73.47438680904915,1203.7992262518271
1680,rule,0.002095913063940342,0.4097344927279763,1.1903362171048397,0.16496208838604765,0.40102381428363165,True,0.008564652170398701,163.36934583415018,1035.5740564693951
1680,mpc,0.002095913063940342,0.4097344927279763,1.1903362171048397,0.16496208838604765,0.40102381428363165,True,-0.0029300608323346022,165.43731223711413,1034.81020065859
1681,rule,0.0037424519511651145,0.18205996623184884,0.8575786678202868,0.17681805928709593,0.6232602690976762,True,0.007211770774219528,91.49294383715024,1623.3782750454193
1681,mpc,0.0037424519511651145,0.18205996623184884,0.8575786678202868,0.17681805928709593,0.6232602690976762,True,-0.0025780267965365145,92.65108236673443,1621.881769383806
1682,rule,0.0071349891995183415,0.11487846171059912,0.9054651684678924,0.12655585610376685,0.2762735929313257,False,,47.989974000843326,731.3159448325642
1682,mpc,0.0071349891995183415,0.11487846171059912,0.9054651684678924,0.12655585610376685,0.2762735929313257,True,-0.0028491547744409207,48.59744202617046,730.4092637378382
1683,rule,0.004769298602321786,0.20689563889185963,0.7879528614465597,0.08915326937693394,0.31360277245954604,True,0.005435667790496201,71.79419338820438,821.0081821036148
1683,mpc,0.004769298602321786,0.20689563889185963,0.7879528614465597,0.08915326937693394,0.31360277245954604,True,-0.004652292279451631,72.70298064628292,820.1655634085096
1684,rule,0.004828326078279697,0.2924174571706253,1.192662139568859,0.08053917258354917,0.39116282748200737,True,0.006531407913412668,70.91649168466704,1024.3539890050968
1684,mpc,0.004828326078279697,0.2924174571706253,1.192662139568859,0.08053917258354917,0.39116282748200737,True,-0.004856125758670782,71.81416879459954,1023.2967543300064
1685,rule,0.007175940454263266,0.36506564040496353,1.1734854340287655,0.1421500800475829,0.5394630595154806,False,,47.71610750724062,1428.2585079865808
1685,mpc,0.007175940454263266,0.36506564040496353,1.1734854340287655,0.1421500800475829,0.5394630595154806,True,-0.007224054353350828,48.32010886809178,1426.482926042644
1686,rule,0.004209975224973134,0.3443199106529192,1.2188961833376002,0.14991296393170067,0.580967810415479,True,0.005687065084562293,81.33253235079744,1516.7795437544235
1686,mpc,0.004209975224973134,0.3443199106529192,1.2188961833376002,0.14991296393170067,0.580967810415479,True,-0.004428246986535989,82.36205807675691,1515.3077215426058
1687,rule,0.00444037575982208,0.3286349255592446,1.0698512799694784,0.094924502777637,0.1604106537461761,True,0.004876811725343155,77.11238073124309,419.275793813922
1687,mpc,0.00444037575982208,0.3286349255592446,1.0698512799694784,0.094924502777637,0.1604106537461761,True,-0.005350418260955392,78.08848681644872,418.85916696915916
1688,rule,0.004427046706493584,0.05890990195010981,1.1849612482829048,0.08946969274506024,0.4769437500280008,True,0.015119979538771755,77.34455244823593,1246.536943326533
1688,mpc,0.004427046706493584,0.05890990195010981,1.1849612482829048,0.08946969274506024,0.4769437500280008,True,-0.0004970535124038111,78.32359741593513,1245.299950811411
1689,rule,0.0056301694387373745,0.3643874218364063,0.9553064973138854,0.058116706739272266,0.42350579645621034,True,0.0001067677965224112,60.816632591073805,1113.324078934254
1689,mpc,0.0056301694387373745,0.3643874218364063,0.9553064973138854,0.058116706739272266,0.42350579645621034,True,-0.008061206514565544,61.58646338336589,1112.0902767828518
1690,rule,0.005928927630686946,0.47753607217072835,1.2229209503210683,0.08916556983649121,0.5204766305688985,True,-0.0008070269344517822,57.7520873098447,1370.1655713810212
1690,mpc,0.005928927630686946,0.47753607217072835,1.2229209503210683,0.08916556983649121,0.5204766305688985,True,-0.00830078167388515,58.483126389716155,1368.609777464637
1691,rule,0.004144496278636616,0.2831283590729803,0.772146071368536,0.13602936171260202,0.593920517280067,True,0.003191240750196056,82.61750600336467,1550.0900350034158
1691,mpc,0.004144496278636616,0.2831283590729803,0.772146071368536,0.13602936171260202,0.593920517280067,True,-0.005028440104643206,83.66329721859714,1548.5962721218011
1692,rule,0.0038572497280478252,0.4454120949566454,1.1987606785719487,0.07407765572522712,0.27754202563440344,True,0.00457381952535707,88.76997091771852,723.3211786683177
1692,mpc,0.0038572497280478252,0.4454120949566454,1.1987606785719487,0.07407765572522712,0.27754202563440344,True,-0.0060280454161214525,89.89364143566434,722.6456630636035
1693,rule,0.003607594098632707,0.0794495660573865,1.311195002174967,0.08025136785850502,0.2933317665056552,True,0.015621807760310746,94.91310186779525,763.5048342752323
1693,mpc,0.003607594098632707,0.0794495660573865,1.311195002174967,0.08025136785850502,0.2933317665056552,True,-0.0006717712585466717,96.11453353700786,762.8119145439023
1694,rule,0.004706751469493507,0.2605558950568752,1.1882616108286772,0.17611038688943698,0.333421764133943,True,0.0065124531288283105,72.74825288746968,872.627500256035
1694,mpc,0.004706751469493507,0.2605558950568752,1.1882616108286772,0.17611038688943698,0.333421764133943,True,-0.0035995001503394963,73.66911684807056,871.7372684728122
1695,rule,0.003393850118563727,0.17948525111439323,0.7913320466703249,0.1661587206177573,0.5910114818727308,True,0.00728096627875241,100.89070943595168,1536.6460168651668
1695,mpc,0.003393850118563727,0.17948525111439323,0.7913320466703249,0.1661587206177573,0.5910114818727308,True,-0.0025249753418075116,102.16780702374855,1535.2866813904352
1696,rule,0.008857698752479583,0.48114809471084596,0.8924698960743437,0.1066686850625933,0.2859700887700164,False,,38.65653548957409,762.655261547089
1696,mpc,0.008857698752479583,0.48114809471084596,0.8924698960743437,0.1066686850625933,0.2859700887700164,False,,39.14585872361934,761.6074419656727
1697,rule,0.003385977151342665,0.12176304324233443,1.2173676950420511,0.11413574590866812,0.3052997700003858,True,0.013116902814845788,101.12529732972526,793.7556553911752
1697,mpc,0.003385977151342665,0.12176304324233443,1.2173676950420511,0.11413574590866812,0.3052997700003858,True,-0.0012543085803906617,102.40536438453192,793.0541655796698
1698,rule,0.003140292746782529,0.29356745179628807,1.0732450276098116,0.09899538226762458,0.6416588786159916,True,0.008482941050828585,109.03695094414569,1666.1493525576982
1698,mpc,0.003140292746782529,0.29356745179628807,1.0732450276098116,0.09899538226762458,0.6416588786159916,True,-0.0036258429967575,110.41716551305893,1664.7215527668307
1699,rule,0.003310881031533408,0.42833607855791556,0.785876881117173,0.10150365638495318,0.4717805524687969,True,0.0016818633732996746,103.4189821138332,1226.1190044338375
1699,mpc,0.003310881031533408,0.42833607855791556,0.785876881117173,0.10150365638495318,0.4717805524687969,True,-0.006470785402738377,104.72808315324882,1225.0453978717792
1700,rule,0.005081801411509902,0.18566744784093553,1.0510014745178438,0.058252522665830836,0.5501518477001962,True,0.009183234593272083,67.37924575440012,1442.4749411648022
1700,mpc,0.005081801411509902,0.18566744784093553,1.0510014745178438,0.058252522665830836,0.5501518477001962,True,-0.003757678066925507,68.23214759939253,1440.9507754021292
1701,rule,0.0026505659859687915,0.15971644362292786,1.2280789948917437,0.1503498151375297,0.3219733473600649,True,0.012102432137310326,129.18295488351396,833.9051912797839
1701,mpc,0.0026505659859687915,0.15971644362292786,1.2280789948917437,0.1503498151375297,0.3219733473600649,True,-0.0013284018900177053,130.8181821605205,833.2363280791227
1702,rule,0.0038301025968941393,0.28125024604038495,1.2248214996407754,0.06463168212597897,0.17012110742172917,True,0.009232248627107253,89.39915772983325,443.303439765584
1702,mpc,0.0038301025968941393,0.28125024604038495,1.2248214996407754,0.06463168212597897,0.17012110742172917,True,-0.003938047578107007,90.53079263780585,442.890695549774
1703,rule,0.003542723696384669,0.4180167079577476,1.0531519633804718,0.15678463979885154,0.5671676550713199,True,0.003960321134189204,96.6510446554465,1475.776056239228
1703,mpc,0.003542723696384669,0.4180167079577476,1.0531519633804718,0.15678463979885154,0.5671676550713199,True,-0.005015174946087386,97.87447560045217,1474.4469340687253
1704,rule,0.006264561812353116,0.07251088226267906,0.7561496258691806,0.1506496012945049,0.37909985103582133,True,0.008861011255072215,54.65792443870335,999.544849793979
1704,mpc,0.006264561812353116,0.07251088226267906,0.7561496258691806,0.1506496012945049,0.37909985103582133,True,-0.0015860666908440457,55.349796899952764,998.3799594975574
1705,rule,0.008893203794808206,0.3109893569936201,0.9507282828067257,0.06371878410769956,0.5373440936696521,False,,38.50220393926862,1433.259599299874
1705,mpc,0.008893203794808206,0.3109893569936201,0.9507282828067257,0.06371878410769956,0.5373440936696521,False,,38.98957360938595,1431.286715263473
1706,rule,0.0034870625650756356,0.2714160841152535,0.9199140871721458,0.0537874019340048,0.4494963859420943,True,0.007756678755551749,98.1938063315925,1169.2614676966612
1706,mpc,0.0034870625650756356,0.2714160841152535,0.9199140871721458,0.0537874019340048,0.4494963859420943,True,-0.004581047910737546,99.43676590541014,1168.2153781542645
1707,rule,0.004637139396932981,0.26167632012818737,0.7300002155840514,0.1432110134363963,0.18155436054969207,True,0.0023790332022157745,73.84033924182931,475.00004070851656
1707,mpc,0.004637139396932981,0.26167632012818737,0.7300002155840514,0.1432110134363963,0.18155436054969207,True,-0.00519810317081526,74.7750270803335,474.51872357479533
1708,rule,0.0025958789857761858,0.054485770287786416,0.976500789759605,0.050333395425311865,0.4485459472389508,True,0.01678813688859715,131.9044331640139,1161.3901054573062
1708,mpc,0.0025958789857761858,0.054485770287786416,0.976500789759605,0.050333395425311865,0.4485459472389508,True,-0.00048317939516895336,133.57410953317867,1160.4658241210532
1709,rule,0.004553638653540225,0.3983750480832538,1.0704945391710448,0.1472392614518087,0.6376229200024492,True,0.002436953117618046,75.19436042975833,1667.5269502899532
1709,mpc,0.004553638653540225,0.3983750480832538,1.0704945391710448,0.1472392614518087,0.6376229200024492,True,-0.005866652469396216,76.14618777697048,1665.8510727807254
1710,rule,0.0035064616541736517,0.20229275797132124,0.813709494786087,0.06202329347556109,0.21013041536670998,True,0.008745644543292186,97.65056057967259,546.660191439593
1710,mpc,0.0035064616541736517,0.20229275797132124,0.813709494786087,0.06202329347556109,0.21013041536670998,True,-0.0037482099859813545,98.88664362498491,546.1699789140245
1711,rule,0.004995187674799337,0.12453195793181739,0.9302170333737294,0.13978984797271338,0.5968925752184214,True,0.009099898922084071,68.5475638700478,1564.372743938808
1711,mpc,0.004995187674799337,0.12453195793181739,0.9302170333737294,0.13978984797271338,0.5968925752184214,True,-0.002198972957531131,69.41525455194714,1562.7328135824412
1712,rule,0.005296126966524819,0.37363456228814,0.8468126442188502,0.08547469231356142,0.25073806942488674,True,-0.0009589469764021974,64.65251840551366,658.101587676314
1712,mpc,0.005296126966524819,0.37363456228814,0.8468126442188502,0.08547469231356142,0.25073806942488674,True,-0.00803016286987912,65.47090471444422,657.3927901639453
1713,rule,0.005462968707935188,0.38062225211054185,0.8412380033445217,0.14969180047897207,0.64598943091025,True,-0.0014377216343306465,62.67799881112652,1696.8504172304013
1713,mpc,0.005462968707935188,0.38062225211054185,0.8412380033445217,0.14969180047897207,0.64598943091025,True,-0.007359764605965102,63.47139120114079,1694.9962681600323
1714,rule,0.0024711843580946117,0.48707358229997594,0.9853830138757744,0.10603074521353728,0.47840414289475397,True,0.005411347595872251,138.56025960167304,1237.8807826215175
1714,mpc,0.0024711843580946117,0.48707358229997594,0.9853830138757744,0.10603074521353728,0.47840414289475397,True,-0.0049773418031529015,140.31418693840308,1236.9133654951916
1715,rule,0.005371431714508111,0.06679220171784812,1.3320020627130347,0.12345106722670887,0.24903025226234834,True,0.014085098086044412,63.74612289240265,653.8542792795366
1715,mpc,0.005371431714508111,0.06679220171784812,1.3320020627130347,0.12345106722670887,0.24903025226234834,True,-0.0005583745259016837,64.55303584040776,653.1454175752962
1716,rule,0.0045347851652351254,0.10207985352328705,1.0057580628647622,0.09653326064195092,0.16290978943138387,True,0.012043294051820252,75.50698295614397,426.00613386943957
1716,mpc,0.0045347851652351254,0.10207985352328705,1.0057580628647622,0.09653326064195092,0.16290978943138387,True,-0.001617394193183408,76.46276755052554,425.5787948358477
1717,rule,0.00469741686836666,0.2984760204607085,1.2971800533539897,0.06582056661252655,0.35028079977500914,True,0.007630505394362386,72.89281657904931,916.7089276902859
1717,mpc,0.00469741686836666,0.2984760204607085,1.2971800533539897,0.06582056661252655,0.35028079977500914,True,-0.004654147344477444,73.81551045979677,915.7745684569885
1718,rule,0.005681719040478066,0.28845141474954883,0.6862220934059957,0.1514851813309396,0.47357086037122176,True,-0.0009714970828582636,60.264850081776046,1245.2394612877713
1718,mpc,0.005681719040478066,0.28845141474954883,0.6862220934059957,0.1514851813309396,0.47357086037122176,True,-0.0066854988558628925,61.02769628534284,1243.8535586901799
1719,rule,0.004790983885729254,0.32814374580230626,1.0087654089140123,0.14634963467227496,0.18101491244397114,True,0.003222122187374943,71.46923353282452,473.94490786292545
1719,mpc,0.004790983885729254,0.32814374580230626,1.0087654089140123,0.14634963467227496,0.18101491244397114,True,-0.005343371514701989,72.37390737501218,473.45748060413354
1720,rule,0.006880831773119152,0.25783990974703747,0.9414934287061357,0.10297939244824919,0.5327742105633361,True,0.0017259151212518642,49.76258066922135,1408.6826093399402
1720,mpc,0.006880831773119152,0.25783990974703747,0.9414934287061357,0.10297939244824919,0.5327742105633361,True,-0.006425214763289722,50.392486753641876,1406.9660501055105
1721,rule,0.005150980905389595,0.2532493200089951,1.212054482348197,0.11757875385482817,0.21070731735129708,True,0.006960541112891683,66.47431867256846,552.6497480636069
1721,mpc,0.005150980905389595,0.2532493200089951,1.212054482348197,0.11757875385482817,0.21070731735129708,True,-0.0040974362730628044,67.31576574437312,552.0621423594928
1722,rule,0.005445913973667696,0.15428359969679034,0.6776876451934778,0.05083534702927297,0.42827441560514967,True,0.006077787678750113,62.87428480082644,1124.8770598274846
1722,mpc,0.005445913973667696,0.15428359969679034,0.6776876451934778,0.05083534702927297,0.42827441560514967,True,-0.004883548252579972,63.67016182362171,1123.6496981002988
1723,rule,0.0038994986576976628,0.24398893154088946,0.8091282006765607,0.16694627440380988,0.3985937717300785,True,0.004911691898579429,87.80819696020801,1039.023709686124
1723,mpc,0.0038994986576976628,0.24398893154088946,0.8091282006765607,0.16694627440380988,0.3985937717300785,True,-0.0037911787670397157,88.9196931242613,1038.0487702336693
1724,rule,0.0027349346277231955,0.2708460681975923,0.9609452274243478,0.17759458896899438,0.2842324808270533,True,0.007545453200813346,125.19785398535618,736.4846064093501
1724,mpc,0.0027349346277231955,0.2708460681975923,0.9609452274243478,0.17759458896899438,0.2842324808270533,True,-0.0027477048063253573,126.78263694719617,735.8868220775037
1725,rule,0.003245046798016069,0.12084882046698692,1.1431087421499422,0.05053853088311138,0.45162448047945736,True,0.01487893140859109,105.51710575962164,1173.3365460318269
1725,mpc,0.003245046798016069,0.12084882046698692,1.1431087421499422,0.05053853088311138,0.45162448047945736,True,-0.0014837541530048348,106.85276532619915,1172.3175783392114
1726,rule,0.00522710265262275,0.33316793053156263,0.9953909345724352,0.07306779759754403,0.41900903066081796,True,0.002492037194619212,65.50626014765113,1099.3917834245894
1726,mpc,0.00522710265262275,0.33316793053156263,0.9953909345724352,0.07306779759754403,0.41900903066081796,True,-0.006714542750069885,66.3354533140771,1098.214887466125
1727,rule,0.0033845659813243716,0.3658039084739933,0.8738549342319553,0.06357953614399608,0.3513519381844785,True,0.004516564427649139,101.1674607824309,913.4810888172098
1727,mpc,0.0033845659813243716,0.3658039084739933,0.8738549342319553,0.06357953614399608,0.3513519381844785,True,-0.00591075555678322,102.44806155182877,912.6739298890632
1728,rule,0.00463182642405252,0.31134233202196954,0.9511879711817859,0.17331518384625022,0.29915760725121765,True,0.003233277988354488,73.92503838293673,782.6646215065182
1728,mpc,0.00463182642405252,0.31134233202196954,0.9511879711817859,0.17331518384625022,0.29915760725121765,True,-0.004899707203491532,74.86079836246759,781.8719598750286
1729,rule,0.003651967812779421,0.16756812071626917,1.1089571484777172,0.09774840963149736,0.4187121165517038,True,0.011306428552391723,93.75984776836931,1090.0999230942139
1729,mpc,0.003651967812779421,0.16756812071626917,1.1089571484777172,0.09774840963149736,0.4187121165517038,True,-0.002233973396666089,94.94668128442463,1089.1054575877895
1730,rule,0.005340330512206957,0.21194073559652377,0.9654610376786681,0.14460088432051155,0.4469127764360967,True,0.005638813525752573,64.11736977674043,1173.2408436584517
1730,mpc,0.005340330512206957,0.21194073559652377,0.9654610376786681,0.14460088432051155,0.4469127764360967,True,-0.003980526074382595,64.92898205239538,1171.9723326433568
1731,rule,0.003251526277952323,0.4435101772729873,1.0559532581659448,0.14155493456984408,0.39956723088823143,True,0.004292427947749533,105.30683651642438,1038.1246821880031
1731,mpc,0.003251526277952323,0.4435101772729873,1.0559532581659448,0.14155493456984408,0.39956723088823143,True,-0.005071562191592438,106.63983444701205,1037.2224024361117
1732,rule,0.005533564394040645,0.07242074409162037,1.2081010151550802,0.08397228262545105,0.2893379801175603,True,0.014306971146948344,61.878370214673616,760.2722458065371
1732,mpc,0.005533564394040645,0.07242074409162037,1.2081010151550802,0.08397228262545105,0.2893379801175603,True,-0.0008913805109111994,62.661640723720126,759.4364986987242
1733,rule,0.004141423138323684,0.2963528081933241,0.6761487956890269,0.17730599368531774,0.28407537096671076,True,0.0013883136150038,82.67881226929615,741.4050073070383
1733,mpc,0.004141423138323684,0.2963528081933241,0.6761487956890269,0.17730599368531774,0.28407537096671076,True,-0.0051285741911895055,83.7253795132113,740.6907771010922
1734,rule,0.00387705054831975,0.4898626438473114,0.82963145471009,0.11920143776795435,0.49430115547304154,True,-0.0008269542319634393,88.31660611945777,1288.3605967865967
1734,mpc,0.00387705054831975,0.4898626438473114,0.82963145471009,0.11920143776795435,0.49430115547304154,True,-0.007530332966906528,89.43453784248891,1287.1547186141884
1735,rule,0.0017104391148012538,0.08069041895385513,1.113231478359645,0.05936248205800802,0.5055513298708417,True,0.016832471193918397,200.18715850109027,1302.7663429104095
1735,mpc,0.0017104391148012538,0.08069041895385513,1.113231478359645,0.05936248205800802,0.5055513298708417,True,-0.0005572505681239459,202.72117316566107,1301.8657390615379
1736,rule,0.0026627973168400296,0.11092428805786356,0.8785901348841425,0.10778030933427714,0.35964252275255715,True,0.012173228641957246,128.58956407073535,931.5278414213246
1736,mpc,0.0026627973168400296,0.11092428805786356,0.8785901348841425,0.10778030933427714,0.35964252275255715,True,-0.001286744405276652,130.21728007163074,930.7793784919858
1737,rule,0.0058857532618861435,0.19651904913571366,0.7261420940402362,0.057514997819299314,0.28645310005511637,True,0.0035776096590579565,58.17572211164274,753.9415299344465
1737,mpc,0.0058857532618861435,0.19651904913571366,0.7261420940402362,0.057514997819299314,0.28645310005511637,True,-0.006018629427641198,58.91212365735975,753.0883887837746
1738,rule,0.0056760055611187795,0.0852969344284821,0.7294032367769145,0.11174883863230498,0.5069650962871128,True,0.009160211398312246,60.325512808992414,1333.012623861674
1738,mpc,0.0056760055611187795,0.0852969344284821,0.7294032367769145,0.11174883863230498,0.5069650962871128,True,-0.0020672942934845118,61.089126895182204,1331.529733223607
1739,rule,0.002894891299630009,0.12229959521235438,1.1857012420654156,0.11356114169075328,0.23360260022978716,True,0.013378202889678725,118.28007021367112,605.8041820905136
1739,mpc,0.002894891299630009,0.12229959521235438,1.1857012420654156,0.11356114169075328,0.23360260022978716,True,-0.001145111349805772,119.77728629232521,605.3015507167387
1740,rule,0.003733049071953864,0.39079150673127994,0.9592870225456136,0.06934223790717046,0.3929721958454724,True,0.0038338162851088153,91.72339810737287,1023.5083965748091
1740,mpc,0.003733049071953864,0.39079150673127994,0.9592870225456136,0.06934223790717046,0.3929721958454724,True,-0.00621798051803979,92.88445377961811,1022.565894526544
1741,rule,0.004218164379308668,0.20974020409814104,1.2602050980603248,0.1630802388138921,0.15522384816477477,True,0.009152124695163688,81.17463317949259,405.2719518118783
1741,mpc,0.004218164379308668,0.20974020409814104,1.2602050980603248,0.1630802388138921,0.15522384816477477,True,-0.0025545831604347757,82.20216018176467,404.8783535127433
1742,rule,0.003205569012095918,0.417971887359787,0.8448686416968663,0.1750203642429377,0.2401297331620463,True,0.0025742860477036,106.81658853362333,623.7383634246085
1742,mpc,0.003205569012095918,0.417971887359787,0.8448686416968663,0.1750203642429377,0.2401297331620463,True,-0.005080350139031964,108.16869724923883,623.1993812475017
1743,rule,0.0033921649560290697,0.36772574617035086,1.2718942970711153,0.15628511100511105,0.4168770298737079,True,0.007058540179310291,100.94083000669052,1083.8822992360392
1743,mpc,0.0033921649560290697,0.36772574617035086,1.2718942970711153,0.15628511100511105,0.4168770298737079,True,-0.0038083307499545693,102.21856203209168,1082.923681492979
1744,rule,0.004168691381502086,0.20327495478710578,0.7552603821636833,0.08993531665352067,0.29866735565167746,True,0.006196725853744978,82.13799364005804,779.5945393689871
1744,mpc,0.004168691381502086,0.20327495478710578,0.7552603821636833,0.08993531665352067,0.29866735565167746,True,-0.004230433814624401,83.17771507853979,778.8413414212408
1745,rule,0.004310086309200152,0.3929730377704555,0.7454545157208661,0.16795996312580952,0.35933135763244883,True,-0.0006066795276413739,79.44340823298404,938.60234376661
1745,mpc,0.004310086309200152,0.3929730377704555,0.7454545157208661,0.16795996312580952,0.35933135763244883,True,-0.0065295137865144515,80.44902099542689,937.6820060802613
1746,rule,0.003944588944286621,0.15972831660249504,0.9584575607014155,0.13652352022149988,0.5214523883123579,True,0.009210580728859052,86.80446835331979,1359.5907249403099
1746,mpc,0.003944588944286621,0.15972831660249504,0.9584575607014155,0.13652352022149988,0.5214523883123579,True,-0.0023525717192536266,87.90325909196943,1358.3086046205467
1747,rule,0.0039382058598981945,0.15603121641627354,1.2308992475545208,0.16119102931457324,0.4497676417183085,True,0.010714796597481757,86.94516192458121,1172.6483423031482
1747,mpc,0.0039382058598981945,0.15603121641627354,1.2308992475545208,0.16119102931457324,0.4497676417183085,True,-0.0017558742339627287,88.04573359451263,1171.5432908563507
1748,rule,0.006450318726583707,0.41553259547334626,1.086164215739591,0.10591448139577433,0.5625699983079456,True,-0.0014995854332384706,53.08388014533558,1484.554928406517
1748,mpc,0.006450318726583707,0.41553259547334626,1.086164215739591,0.10591448139577433,0.5625699983079456,True,-0.008261574313553677,53.75582799527654,1482.800651887931
1749,rule,0.003633492805014323,0.06397437683411064,1.2399905996386384,0.12221547420509622,0.648573690796683,True,0.014481869070057107,94.23658296739998,1688.376464221986
1749,mpc,0.003633492805014323,0.06397437683411064,1.2399905996386384,0.12221547420509622,0.648573690796683,True,-0.00044728447157660334,95.42945110622784,1686.8395230423328
1750,rule,0.006044542025812608,0.4325774623879148,1.1338688626191409,0.11154959919232613,0.45422571843903825,True,-0.0007071146120378735,56.64745893385545,1196.4033897877619
1750,mpc,0.006044542025812608,0.4325774623879148,1.1338688626191409,0.11154959919232613,0.45422571843903825,True,-0.007878632398331531,57.364515376056154,1195.0324621319073
1751,rule,0.005967263265013709,0.13801804030862533,1.0273077374926478,0.14744317168336996,0.19180560762811086,True,0.008349358746595814,57.38106917265305,505.02264190857227
1751,mpc,0.005967263265013709,0.13801804030862533,1.0273077374926478,0.14744317168336996,0.19180560762811086,True,-0.0026021184730777858,58.10741182040816,504.447453840349
1752,rule,0.005163390244589589,0.4362840949670449,1.1101477858886777,0.135368018022283,0.4631278575997787,True,0.0006749692233281035,66.31455883854065,1214.778712143784
1752,mpc,0.005163390244589589,0.4362840949670449,1.1101477858886777,0.135368018022283,0.4631278575997787,True,-0.006928499884557127,67.15398363396523,1213.4856586283474
1753,rule,0.004624975957477988,0.17424303044779083,0.7035265938271392,0.12876121883871894,0.48866667466564606,True,0.00538530814258853,74.03453538554157,1278.4206814555346
1753,mpc,0.004624975957477988,0.17424303044779083,0.7035265938271392,0.12876121883871894,0.48866667466564606,True,-0.003752380034485192,74.97168140308007,1277.126799031999
1754,rule,0.003497401024275304,0.07674849085516879,1.1519597317399457,0.15938138927582501,0.5670901137070825,True,0.012745428423320826,97.90354145965672,1475.232533536201
1754,mpc,0.003497401024275304,0.07674849085516879,1.1519597317399457,0.15938138927582501,0.5670901137070825,True,-0.0006383620358421105,99.14282679458911,1473.9110666323872
1755,rule,0.006005743213418925,0.3930474831529481,0.6941178033978841,0.07397242586546926,0.4175053436040186,True,-0.005724013155142371,57.01341765930391,1099.485492406411
1755,mpc,0.006005743213418925,0.3930474831529481,0.6941178033978841,0.07397242586546926,0.4175053436040186,True,-0.010328710494455384,57.73510649043435,1098.2294455271415
1756,rule,0.005064270064083096,0.14300087639862308,1.188431044216938,0.1471603823580625,0.4249408947192911,True,0.010109784631432639,67.61249732900596,1114.0829083396543
1756,mpc,0.005064270064083096,0.14300087639862308,1.188431044216938,0.1471603823580625,0.4249408947192911,True,-0.002068689640576382,68.46835172557566,1112.9076068005718
1757,rule,0.008980198125827463,0.07780651408286635,1.0320450808971922,0.07440007232221368,0.28040165386636573,False,,38.12921957661514,748.1887539858908
1757,mpc,0.008980198125827463,0.07780651408286635,1.0320450808971922,0.07440007232221368,0.28040165386636573,False,,38.61186792568623,747.1541410759447
1758,rule,0.003837797534008817,0.24808368354250798,0.7981967265651854,0.09787683158815247,0.4295459223710736,True,0.005619906320534995,89.21990885316892,1119.3589605458617
1758,mpc,0.003837797534008817,0.24808368354250798,0.7981967265651854,0.09787683158815247,0.4295459223710736,True,-0.004502830339254249,90.34927478801917,1118.3158620386005
1759,rule,0.007840148675529261,0.24504513027573732,1.0859586910514574,0.08285575540790503,0.2009922328439593,False,,43.673654716511905,533.6991278215944
1759,mpc,0.007840148675529261,0.24504513027573732,1.0859586910514574,0.08285575540790503,0.2009922328439593,False,,44.22648578887283,533.0070693204692
1760,rule,0.004068778300640714,0.3783892191927672,1.2803487512373195,0.17191153793125108,0.6464616070415589,True,0.005454985220667008,84.15497746025235,1686.5799363786068
1760,mpc,0.004068778300640714,0.3783892191927672,1.2803487512373195,0.17191153793125108,0.6464616070415589,True,-0.004396769862962335,85.22023033949606,1684.9677722030438
1761,rule,0.003729084200033726,0.47872912670443313,0.878905203984343,0.09186064724308922,0.6293944646299895,True,0.0005006132908500494,91.8209211200129,1639.2446479025082
1761,mpc,0.003729084200033726,0.47872912670443313,0.878905203984343,0.09186064724308922,0.6293944646299895,True,-0.007374647160983017,92.98321126077256,1637.735828737141
1762,rule,0.006365663022483987,0.29394226486525604,1.1854457206856668,0.17283543884506497,0.524622612552661,True,0.0032842262104815223,53.78983225655729,1383.8784023943756
1762,mpc,0.006365663022483987,0.29394226486525604,1.1854457206856668,0.17283543884506497,0.524622612552661,True,-0.005181245463383943,54.47071620917195,1382.2533142969226
1763,rule,0.004902571981658524,0.19835258313981685,0.714766013397657,0.10479492889147052,0.5848204605921246,True,0.004423214904353601,69.84251275905747,1532.0458064630234
1763,mpc,0.004902571981658524,0.19835258313981685,0.714766013397657,0.10479492889147052,0.5848204605921246,True,-0.004690503715660599,70.72659519904555,1530.4535037411372
1764,rule,0.007300892101558623,0.4349233760419205,1.1131433016688836,0.10527034968915784,0.3979099388794065,False,,46.89946672518069,1054.0751129044716
1764,mpc,0.007300892101558623,0.4349233760419205,1.1131433016688836,0.10527034968915784,0.3979099388794065,False,,47.49313086094247,1052.7538838104688
1765,rule,0.005708296556751498,0.10812325074708848,0.939749774201896,0.10703120600125393,0.41793159985423123,True,0.01001991914158673,59.984260238932315,1099.0754557729604
1765,mpc,0.005708296556751498,0.10812325074708848,0.939749774201896,0.10703120600125393,0.41793159985423123,True,-0.002213052913482727,60.74355467233653,1097.849546152591
1766,rule,0.0032962785220673383,0.3961107201389445,1.2528460401997346,0.1183023668360394,0.5027998630420504,True,0.007014937000128563,103.87712806696746,1306.63733263872
1766,mpc,0.0032962785220673383,0.3961107201389445,1.2528460401997346,0.1183023668360394,0.5027998630420504,True,-0.0043034593296229495,105.19202842224554,1305.4952996023317
1767,rule,0.004549050185045956,0.2056256991339434,1.1121221121289482,0.05921417529217243,0.6345278694556499,True,0.009672740887264886,75.27020636236925,1659.3952592546825
1767,mpc,0.004549050185045956,0.2056256991339434,1.1121221121289482,0.05921417529217243,0.6345278694556499,True,-0.003625900340797683,76.22299378467774,1657.7283125862937
1768,rule,0.004984832325168249,0.2882398410883743,1.0961074962806139,0.136910553950065,0.5705724644833131,True,0.0049461144697366954,68.68996263974158,1495.31647271061
1768,mpc,0.004984832325168249,0.2882398410883743,1.0961074962806139,0.136910553950065,0.5705724644833131,True,-0.004710682896627683,69.55945583771299,1493.7504289487354
1769,rule,0.003909819335947758,0.28345471647098597,0.9689631592283189,0.09367833741236353,0.1852268708665307,True,0.006299933281772696,87.57641127634913,482.8603211174747
1769,mpc,0.003909819335947758,0.28345471647098597,0.9689631592283189,0.09367833741236353,0.1852268708665307,True,-0.004559076943863483,88.68497344440422,482.4067226281958
1770,rule,0.00454710835150037,0.1637800429212609,1.1534336025390866,0.16979316785720916,0.572443019256726,True,0.009279655166430478,75.30235035375873,1497.0188183873543
1770,mpc,0.00454710835150037,0.1637800429212609,1.1534336025390866,0.16979316785720916,0.572443019256726,True,-0.002190038351245427,76.25554466203415,1495.515276711883
1771,rule,0.0036225185885478085,0.4289488987847048,1.0312553489859082,0.08604461283535268,0.20886585993582127,True,0.003824615940222875,94.52206739909298,543.6922724935282
1771,mpc,0.0036225185885478085,0.4289488987847048,1.0312553489859082,0.08604461283535268,0.20886585993582127,True,-0.006044841798456879,95.7185492649043,543.1979801129548
1772,rule,0.0025206058415820406,0.3701518985383945,1.0148478773193557,0.14588947620743925,0.3834181290322942,True,0.007085238976995423,135.84351052930717,992.3629974055533
1772,mpc,0.0025206058415820406,0.3701518985383945,1.0148478773193557,0.14588947620743925,0.3834181290322942,True,-0.0035680774478934474,137.5630486372731,991.5818039755256
1773,rule,0.004298821175114131,0.12345576275586778,1.2625195615442928,0.17032478790446054,0.19827862421620676,True,0.011319619281322857,79.6515910369527,517.8907255808899
1773,mpc,0.004298821175114131,0.12345576275586778,1.2625195615442928,0.17032478790446054,0.19827862421620676,True,-0.0013454932051935042,80.65983902476222,517.3835041245212
1774,rule,0.007730725021012018,0.13315593801655812,0.7007973988894136,0.07111222738333266,0.5488848889674954,False,,44.291828418488876,1456.7701308010257
1774,mpc,0.007730725021012018,0.13315593801655812,0.7007973988894136,0.07111222738333266,0.5488848889674954,False,,44.85248447441913,1454.8937007390127
1775,rule,0.004212190939104764,0.3647814254100706,1.318900567536745,0.08400696968098907,0.15937516168204705,True,0.00665257948928466,81.28974947511678,416.09818667381205
1775,mpc,0.004212190939104764,0.3647814254100706,1.318900567536745,0.08400696968098907,0.15937516168204705,True,-0.0049349796942708135,82.3187336456879,415.6943275511892
1776,rule,0.007770031374707518,0.346322390347811,1.2128385526571157,0.11503647646621382,0.24150525506586504,False,,44.067768798948016,641.0781242870205
1776,mpc,0.007770031374707518,0.346322390347811,1.2128385526571157,0.11503647646621382,0.24150525506586504,False,,44.62558865716255,640.2503714153429
1777,rule,0.002399326436314925,0.05932323619812963,0.673956380095261,0.1436031981931724,0.32552103503748453,True,0.010940905081266439,142.7100293643579,841.9702897401463
1777,mpc,0.002399326436314925,0.05932323619812963,0.673956380095261,0.1436031981931724,0.32552103503748453,True,-0.0006216724896541681,144.51648543226116,841.3192821927104
1778,rule,0.006764920129742585,0.052426269784389634,1.0050626956356303,0.06533433166098207,0.5541451792672069,True,0.0144078446450151,50.615223774151524,1464.420877266237
1778,mpc,0.006764920129742585,0.052426269784389634,1.0050626956356303,0.06533433166098207,0.5541451792672069,True,-0.0007938290723634722,51.25592280926737,1462.6507715716418
1779,rule,0.003737211289192069,0.3951473014611504,0.6994962519259338,0.08758362111696749,0.39068408487110806,True,5.3890382801125014e-05,91.62124367209829,1017.570411504095
1779,mpc,0.003737211289192069,0.3951473014611504,0.6994962519259338,0.08758362111696749,0.39068408487110806,True,-0.007319175709501691,92.78100625022613,1016.6329304251266
1780,rule,0.0029498627271506554,0.3950861184270214,0.8539836803611348,0.11743860863916813,0.15257515334107755,True,0.004231749397440532,116.07589161002191,395.78853493033785
1780,mpc,0.0029498627271506554,0.3950861184270214,0.8539836803611348,0.11743860863916813,0.15257515334107755,True,-0.005082144243314435,117.54520669369309,395.45771950211514
1781,rule,0.004435945932743748,0.1790111296195232,0.8840567158983428,0.10208319749324024,0.5441369460046286,True,0.007922281958828381,77.18938674471059,1422.2151351399154
1781,mpc,0.004435945932743748,0.1790111296195232,0.8840567158983428,0.10208319749324024,0.5441369460046286,True,-0.003381026578789914,78.16646758958036,1420.802538061377
1782,rule,0.00651375808425956,0.21797376307740995,0.8203809644309589,0.105790545885947,0.5833942023604008,True,0.0025001434722579097,52.56688101583155,1539.9547082327904
1782,mpc,0.00651375808425956,0.21797376307740995,0.8203809644309589,0.105790545885947,0.5833942023604008,True,-0.00579322337537147,53.23228457299398,1538.1264889633921
1783,rule,0.009597061052302038,0.2904120421857507,0.8468317194971176,0.15560798122854186,0.15856331632280898,False,,35.678416998196546,424.17125347718456
1783,mpc,0.009597061052302038,0.2904120421857507,0.8468317194971176,0.15560798122854186,0.15856331632280898,False,,36.13004252981929,423.5661656368278
1784,rule,0.003923989514755474,0.1637178166231828,1.1153104803913616,0.15794617949357864,0.3156704830994763,True,0.009856059392821304,87.26015828880739,822.9671319966966
1784,mpc,0.003923989514755474,0.1637178166231828,1.1153104803913616,0.15794617949357864,0.3156704830994763,True,-0.002033473293693744,88.36471725448851,822.1928223812062
1785,rule,0.005532846898755145,0.08592822516496439,1.109390895782898,0.10816732438783569,0.5295336339234191,True,0.012416703198275814,61.886394553628925,1391.4120623244437
1785,mpc,0.005532846898755145,0.08592822516496439,1.109390895782898,0.10816732438783569,0.5295336339234191,True,-0.001293412658270654,62.669766636586274,1389.8826126841498
1786,rule,0.005566718906320212,0.06912469668861954,0.9834182773039603,0.16708648575375806,0.6161590669871788,True,0.010872239364530634,61.50983226266876,1619.2904598490516
1786,mpc,0.005566718906320212,0.06912469668861954,0.9834182773039603,0.16708648575375806,0.6161590669871788,True,-0.0009464026838956752,62.28843773434813,1617.5054365703159
1787,rule,0.0043976694124154905,0.3662736299074486,0.83280096936576,0.07627049681558144,0.6289689474758933,True,0.001170242661761578,77.8612292262119,1643.6302894309251
1787,mpc,0.0043976694124154905,0.3662736299074486,0.83280096936576,0.07627049681558144,0.6289689474758933,True,-0.007166493202227953,78.84681440629055,1642.0041014223057
1788,rule,0.0035481750387524077,0.38597341119782486,1.258190755317012,0.05654685338649634,0.6359694827884322,True,0.007505644664436373,96.50255199968346,1654.8451787317135
1788,mpc,0.0035481750387524077,0.38597341119782486,1.258190755317012,0.05654685338649634,0.6359694827884322,True,-0.004971815025599735,97.72410329081872,1653.3538171827777
1789,rule,0.0026129572184765146,0.3870316143571807,1.3373361348886093,0.069479206453532,0.3817788806372907,True,0.010220687028284048,131.04230859961197,988.6039179698915
1789,mpc,0.0026129572184765146,0.3870316143571807,1.3373361348886093,0.069479206453532,0.3817788806372907,True,-0.003635991371963687,132.70107199960705,987.8152163336556
1790,rule,0.005962243460377322,0.4077960802011287,0.8426088847703808,0.12600275898057167,0.2414443754724719,True,-0.003293737058348567,57.42938014133253,635.7062332715137
1790,mpc,0.005962243460377322,0.4077960802011287,0.8426088847703808,0.12600275898057167,0.2414443754724719,True,-0.008600420914196105,58.15633432033675,634.9824924366894
1791,rule,0.004551637352232064,0.09988469050794509,1.13955112121873,0.12423011168180893,0.15715040604422045,True,0.012231390103023876,75.2274225039635,410.97951546053406
1791,mpc,0.004551637352232064,0.09988469050794509,1.13955112121873,0.12423011168180893,0.15715040604422045,True,-0.0012857205723442178,76.17966835844405,410.5665597821386
1792,rule,0.004798460007840487,0.34199584233760566,1.0082542636108651,0.14300434846525897,0.5751383886086924,True,0.0028349960553023523,71.35788265854099,1505.9192475002028
1792,mpc,0.004798460007840487,0.34199584233760566,1.0082542636108651,0.14300434846525897,0.5751383886086924,True,-0.005585359819085145,72.26114699599088,1504.3693870555269
1793,rule,0.004552303611660972,0.13702557924422057,1.0492541013577628,0.1205249326228972,0.42410511881007196,True,0.010373711354634385,75.21641247830804,1109.1227291197843
1793,mpc,0.004552303611660972,0.13702557924422057,1.0492541013577628,0.1205249326228972,0.42410511881007196,True,-0.002130226131688895,76.16851896537526,1108.008199656698
1794,rule,0.0044228525835639,0.18439008466341167,1.2693250620066503,0.10464187281101316,0.22870388307197284,True,0.010734319964283201,77.41789709510813,597.726529019838
1794,mpc,0.0044228525835639,0.18439008466341167,1.2693250620066503,0.10464187281101316,0.22870388307197284,True,-0.002538341448953485,78.39787047605887,597.1336311033695
1795,rule,0.0070897763954522585,0.1387410499664652,0.7039774555286797,0.16666364180832566,0.5789957300338211,True,0.0038101629539292192,48.296014864562004,1532.3330921642455
1795,mpc,0.0070897763954522585,0.1387410499664652,0.7039774555286797,0.16666364180832566,0.5789957300338211,True,-0.003863173328897407,48.90735682487293,1530.439060564126
1796,rule,0.005357795178616947,0.07921661674341704,1.0497134329472195,0.08657475009701697,0.33631310798176417,True,0.013094708032593827,63.908368044328974,882.9668587512807
1796,mpc,0.005357795178616947,0.07921661674341704,1.0497134329472195,0.08657475009701697,0.33631310798176417,True,-0.0012538691915739975,64.71733472843441,882.0107415315313
1797,rule,0.007375703679122927,0.27864861315509865,1.0109926739283328,0.1565267651250698,0.3759127155627413,False,,46.423766609601664,996.13443539548
1797,mpc,0.007375703679122927,0.27864861315509865,1.0109926739283328,0.1565267651250698,0.3759127155627413,False,,47.01140922491309,994.8797513631694
1798,rule,0.005203520254567352,0.05727456879537574,0.662037792083816,0.16656868469635633,0.5183028301361903,True,0.008900139409397267,65.80313507584353,1359.7640434606028
1798,mpc,0.005203520254567352,0.05727456879537574,0.662037792083816,0.16656868469635633,0.5183028301361903,True,-0.0010598416454556947,66.63608615275294,1358.3114662781886
1799,rule,0.0059501784668031235,0.28408775377283724,0.8471513295885159,0.08127017435625603,0.44123550345637297,True,0.001002864428878314,57.54582792625883,1161.6769448766393
1799,mpc,0.0059501784668031235,0.28408775377283724,0.8471513295885159,0.08127017435625603,0.44123550345637297,True,-0.007054056194007341,58.27425612785705,1160.3556582002798
1800,rule,0.004164208251730605,0.06607162395133308,1.1273086885879615,0.14337506446005005,0.3364957407364324,True,0.013056000705867432,82.22642228300703,878.3161953142451
1800,mpc,0.004164208251730605,0.06607162395133308,1.1273086885879615,0.14337506446005005,0.3364957407364324,True,-0.0005933048725135226,83.26726307139953,877.4680214604202
1801,rule,0.003777007088133308,0.3364636108722361,1.0241455633882806,0.06413491385746099,0.649555371829525,True,0.006008464013355641,90.65589187189208,1692.164098115941
1801,mpc,0.003777007088133308,0.3364636108722361,1.0241455633882806,0.06413491385746099,0.649555371829525,True,-0.005319799034950945,91.80343480697934,1690.5980212979598
1802,rule,0.003951155478138019,0.33664509828023903,1.2359094841896114,0.10055340202187818,0.2650226271378131,True,0.007043511385244838,86.66020562231652,691.0203382513945
1802,mpc,0.003951155478138019,0.33664509828023903,1.2359094841896114,0.10055340202187818,0.2650226271378131,True,-0.0044467370054466215,87.75717025044713,690.3682209414385
1803,rule,0.003199930519382702,0.30073464480299983,0.8138334619697398,0.06460707899322045,0.4029017490362158,True,0.006147897526735613,107.00480654412364,1046.5090899012666
1803,mpc,0.003199930519382702,0.30073464480299983,0.8138334619697398,0.06460707899322045,0.4029017490362158,True,-0.005008584680206596,108.35929776620118,1045.6054316277591
1804,rule,0.0035989024937969063,0.16328625064611482,1.04090950523477,0.05166194642381173,0.5445619195721249,True,0.012326343887952285,95.14232374212968,1417.361821526457
1804,mpc,0.0035989024937969063,0.16328625064611482,1.04090950523477,0.05166194642381173,0.5445619195721249,True,-0.0025371243443423896,96.34665695405539,1416.0768056219363
1805,rule,0.0050805938152808094,0.33892529416813744,0.9224654788143858,0.10360965509412307,0.16337291567700954,True,0.0015993334340942411,67.39526099317938,428.3544005421257
1805,mpc,0.0050805938152808094,0.33892529416813744,0.9224654788143858,0.10360965509412307,0.16337291567700954,True,-0.006591978313586377,68.2483655627133,427.9018370207262
1806,rule,0.004563229501625157,0.10269593585493679,1.3405411645283354,0.1770667348362316,0.516140024349986,True,0.012027775932042517,75.03631935655162,1349.8855715534442
1806,mpc,0.004563229501625157,0.10269593585493679,1.3405411645283354,0.1770667348362316,0.516140024349986,True,-0.0009994642655315467,75.98614618384975,1348.5276371539703
1807,rule,0.00271244908738678,0.23854805127517464,1.1046427712389564,0.06534935361048519,0.3105505390760368,True,0.011686771114594374,126.2357136115188,804.5829436655533
1807,mpc,0.00271244908738678,0.23854805127517464,1.1046427712389564,0.06534935361048519,0.3105505390760368,True,-0.0027559474431437803,127.83363403698108,803.931937091285
1808,rule,0.005985629218310312,0.25624847049378296,1.265276381133122,0.1594344254478217,0.2863954149834559,True,0.005713592518019506,57.20500446865998,754.1414508015099
1808,mpc,0.005985629218310312,0.25624847049378296,1.265276381133122,0.1594344254478217,0.2863954149834559,True,-0.004215125440673262,57.92911844927593,753.2812862829041
1809,rule,0.005588543879501246,0.3191658521742186,0.9827050005289241,0.11835199772002457,0.21647484258972846,True,0.001934506582297435,61.26961755407056,568.9632423209616
1809,mpc,0.005588543879501246,0.3191658521742186,0.9827050005289241,0.11835199772002457,0.21647484258972846,True,-0.006268620653768098,62.04518233323602,568.334896582677
1810,rule,0.007149451433058222,0.1628671748659431,0.9049972597159907,0.09885459975031635,0.2862577419981329,False,,47.892897712113836,757.7936766271755
1810,mpc,0.007149451433058222,0.1628671748659431,0.9049972597159907,0.09885459975031635,0.2862577419981329,True,-0.004455021349250687,48.49913692365959,756.8532616516048
1811,rule,0.00415344859632378,0.310937111211555,0.9738186774157753,0.14939148420306309,0.5337804929703678,True,0.00448979368221103,82.43943273650927,1393.191131896904
1811,mpc,0.00415344859632378,0.310937111211555,0.9738186774157753,0.14939148420306309,0.5337804929703678,True,-0.004628975417322323,83.48296985975624,1391.8472881457374
1812,rule,0.004348237288939922,0.23164962223369956,1.2096143079169486,0.14790131188072714,0.48332278145557805,True,0.008292752627933497,78.74638006810811,1262.7167203401589
1812,mpc,0.004348237288939922,0.23164962223369956,1.2096143079169486,0.14790131188072714,0.48332278145557805,True,-0.003093424349555951,79.74316968922341,1261.473700430835
1813,rule,0.006399901141147152,0.3022308113226645,0.9807580941374506,0.09342039826377722,0.509196077349041,True,0.0011950576358875642,53.50206802097698,1343.3967664329316
1813,mpc,0.006399901141147152,0.3022308113226645,0.9807580941374506,0.09342039826377722,0.509196077349041,True,-0.006930225935395606,54.179309388331134,1341.8151960095263
1814,rule,0.0039019237943880413,0.23532793005929276,1.1018580192515772,0.05619778415274591,0.3706602852236335,True,0.009707125229295177,87.75362211677553,966.2206425870238
1814,mpc,0.0039019237943880413,0.23532793005929276,1.1018580192515772,0.05619778415274591,0.3706602852236335,True,-0.0037358627578349957,88.86442746002587,965.3137714556016
1815,rule,0.0037773972186810425,0.07194249154948898,1.25556243679141,0.13343419432884202,0.644089402296276,True,0.01394044413112705,90.64652890826822,1677.9279520486493
1815,mpc,0.0037773972186810425,0.07194249154948898,1.25556243679141,0.13343419432884202,0.644089402296276,True,-0.0005565057578316157,91.79395332482859,1676.3749817170499
1816,rule,0.002759444462279104,0.08693395421464335,0.7201172156245219,0.17636429364288175,0.26808586048850147,True,0.009518513575586085,124.08582628199684,694.7361401941365
1816,mpc,0.002759444462279104,0.08693395421464335,0.7201172156245219,0.17636429364288175,0.26808586048850147,True,-0.0009785759020031204,125.65653294379429,694.170314439569
1817,rule,0.0034795669025665227,0.4956337202834815,0.9749882518107063,0.1541215877953035,0.2616913709323405,True,0.0018117301037960942,98.40533485032968,680.7038008167839
1817,mpc,0.0034795669025665227,0.4956337202834815,0.9749882518107063,0.1541215877953035,0.2616913709323405,True,-0.006019259528177168,99.65097200033385,680.0953517309806
1818,rule,0.0024607507378957907,0.42405178194688475,0.7336202920930146,0.0836290844506566,0.16781903283775337,True,0.003986519516740561,139.14775718973436,434.2111805978615
1818,mpc,0.0024607507378957907,0.42405178194688475,0.7336202920930146,0.0836290844506566,0.16781903283775337,True,-0.005596498943806871,140.9091212047943,433.8723630147082
1819,rule,0.0037462388545040654,0.0794335330400166,0.7594078411975,0.08070788645870977,0.3778960439698601,True,0.012275226780702586,91.40045776032393,984.3078920127936
1819,mpc,0.0037462388545040654,0.0794335330400166,0.7594078411975,0.08070788645870977,0.3778960439698601,True,-0.0014011447243413855,92.55742558007488,983.4001179929918
1820,rule,0.004062495339125416,0.24184143842355804,0.8568949827387776,0.08885547313059554,0.3427959411559751,True,0.006206049469581032,84.28512960580959,894.3061148428429
1820,mpc,0.004062495339125416,0.24184143842355804,0.8568949827387776,0.08885547313059554,0.3427959411559751,True,-0.004476368243434781,85.3520299805667,893.4518468987166
1821,rule,0.004422052730997306,0.393716044994432,1.1549784930396365,0.07719103822360399,0.31504012161103856,True,0.00407016802896798,77.43190029847514,823.3664058794999
1821,mpc,0.004422052730997306,0.393716044994432,1.1549784930396365,0.07719103822360399,0.31504012161103856,True,-0.006124650231645212,78.41205093516471,822.5497570754962
1822,rule,0.005463219653979519,0.21673743811822155,0.9835793255561933,0.10153318528687105,0.27043655369735164,True,0.005979126428980908,62.67511977699199,710.369093356323
1822,mpc,0.005463219653979519,0.21673743811822155,0.9835793255561933,0.10153318528687105,0.27043655369735164,True,-0.004465006984137432,63.46847572353621,709.5928561489262
1823,rule,0.003101647208168327,0.1468280358691414,0.7179229745889893,0.07476402209613421,0.4347856776607101,True,0.010101574163378757,110.39551670461954,1128.7502796695812
1823,mpc,0.003101647208168327,0.1468280358691414,0.7179229745889893,0.07476402209613421,0.4347856776607101,True,-0.002607975425618303,111.7929283084755,1127.7878107827337
1824,rule,0.004326869819630801,0.16920459083067535,0.8522423387946617,0.09032477636173708,0.5487445993411072,True,0.008379340974750793,79.13525491977934,1433.4842605266156
1824,mpc,0.004326869819630801,0.16920459083067535,0.8522423387946617,0.09032477636173708,0.5487445993411072,True,-0.0033136983436725664,80.1369670073715,1432.076234565977
1825,rule,0.0041491804201407335,0.44647873705525015,1.3270931495763323,0.174981146086939,0.33564421829529545,True,0.004231001456962202,82.52423647790403,876.0278671768243
1825,mpc,0.0041491804201407335,0.44647873705525015,1.3270931495763323,0.174981146086939,0.33564421829529545,True,-0.005053087048857652,83.56884706623195,875.1832517428162
1826,rule,0.010353603856345575,0.2909381249506166,1.15604490999067,0.12183743441581339,0.4558321278970986,False,,33.071377940670025,1223.1207127168907
1826,mpc,0.010353603856345575,0.2909381249506166,1.15604490999067,0.12183743441581339,0.4558321278970986,False,,33.490002977893695,1221.3135761294816
1827,rule,0.005552385610367326,0.24654060489183965,0.7371436732954076,0.17082556148635789,0.5046829674695219,True,0.0014012588590130992,61.668617817509734,1326.2368112372233
1827,mpc,0.005552385610367326,0.24654060489183965,0.7371436732954076,0.17082556148635789,0.5046829674695219,True,-0.005309422217245174,62.44923323292126,1324.776597577263
1828,rule,0.0032243189961627225,0.3771682916037729,1.0313246756560466,0.12119183228316852,0.4788593892071379,True,0.00569395232387393,106.195431217781,1243.9605987469859
1828,mpc,0.0032243189961627225,0.3771682916037729,1.0313246756560466,0.12119183228316852,0.4788593892071379,True,-0.004601852384494176,107.53967718256307,1242.883118408545
1829,rule,0.006449870217658526,0.12440048992263461,1.2678490784491165,0.06373743150973067,0.6125618251535282,True,0.012003232125681329,53.08757147449803,1616.474056104686
1829,mpc,0.006449870217658526,0.12440048992263461,1.2678490784491165,0.06373743150973067,0.6125618251535282,True,-0.0023264248741381444,53.75956605012459,1614.5639557699608
1830,rule,0.003823818928069315,0.07878601407705066,1.1776797220576412,0.17262148532423038,0.6340820813937795,True,0.012354518711925166,89.54606706601257,1652.2455591967323
1830,mpc,0.003823818928069315,0.07878601407705066,1.1776797220576412,0.17262148532423038,0.6340820813937795,True,-0.0006749229673659318,90.67956158583551,1650.7083003081173
1831,rule,0.005696845240867976,0.1726254882008372,0.8798748416210879,0.08388860320580115,0.40019171642263285,True,0.00674393486283531,60.10483551928358,1052.3663766440282
1831,mpc,0.005696845240867976,0.1726254882008372,0.8798748416210879,0.08388860320580115,0.40019171642263285,True,-0.004182141519747162,60.86565622205933,1051.1936721629072
1832,rule,0.005104513956940167,0.09402849208448852,1.1916442567354375,0.1351991336964905,0.36781349505216887,True,0.012138042300773977,67.07944166077569,964.4970299823067
1832,mpc,0.005104513956940167,0.09402849208448852,1.1916442567354375,0.1351991336964905,0.36781349505216887,True,-0.0011981057610128687,67.9285485172412,963.4758116937447
1833,rule,0.006145838319885519,0.23137135037209666,1.316613601133174,0.15348235391532877,0.39287816359500727,True,0.006772641839318472,55.71379010627167,1035.3044831195598
1833,mpc,0.006145838319885519,0.23137135037209666,1.316613601133174,0.15348235391532877,0.39287816359500727,True,-0.0037947994842884025,56.41902795571816,1034.108797986811
1834,rule,0.0037703603957150245,0.3978053054924527,0.7276674210874323,0.1354649681383987,0.2890594588705654,True,0.0002932336275629499,90.81570731814556,753.0067514382827
1834,mpc,0.0037703603957150245,0.3978053054924527,0.7276674210874323,0.1354649681383987,0.2890594588705654,True,-0.006473002894264113,91.96527323356513,752.3103799050923
1835,rule,0.004528037666364065,0.21867084636872203,0.9315360530414564,0.12503231709441281,0.32054667818003113,True,0.006459578669386956,75.61950041288652,838.1958974973572
1835,mpc,0.004528037666364065,0.21867084636872203,0.9315360530414564,0.12503231709441281,0.32054667818003113,True,-0.0038387728031838986,76.57670927887243,837.3556431876665
1836,rule,0.004728321552747502,0.47815631170737005,1.220875711469637,0.17712589933152528,0.28959408390620844,True,0.0015462195254044575,72.41638335324699,758.0021083322091
1836,mpc,0.004728321552747502,0.47815631170737005,1.220875711469637,0.17712589933152528,0.28959408390620844,True,-0.006218161497393071,73.33304643366783,757.227204903725
1837,rule,0.005197635290328031,0.47417798753497703,0.9083261518673642,0.1015522209697671,0.41058118050614256,True,-0.0028001917093234407,65.8776399372133,1077.1265832963181
1837,mpc,0.005197635290328031,0.47417798753497703,0.9083261518673642,0.1015522209697671,0.41058118050614256,True,-0.008832279059976633,66.71153411363373,1075.9765383784068
1838,rule,0.004967823368020839,0.32900525458340524,0.9488957411742314,0.09878988689458314,0.19217452011446803,True,0.0024771302985610033,68.92514504145848,503.5961044116147
1838,mpc,0.004967823368020839,0.32900525458340524,0.9488957411742314,0.09878988689458314,0.19217452011446803,True,-0.006272020001929723,69.7976152318567,503.0695163978259
1839,rule,0.004970522635560596,0.39315058043496975,1.0788021062959157,0.16526070679562116,0.2753782994987206,True,0.001772048764736911,68.88771489168863,721.6422396446054
1839,mpc,0.004970522635560596,0.39315058043496975,1.0788021062959157,0.16526070679562116,0.2753782994987206,True,-0.0059829214520699114,69.75971128272268,720.8874621573219
1840,rule,0.004343862315770104,0.28426352682676176,0.9454142340327492,0.15956266424901222,0.23714602246661745,True,0.004507413347946354,78.82569043178322,619.5481941535744
1840,mpc,0.004343862315770104,0.28426352682676176,0.9454142340327492,0.15956266424901222,0.23714602246661745,True,-0.004409786780960934,79.82348398155263,618.9385840999503
1841,rule,0.0040399787596209855,0.3134815218174342,0.7439333113666815,0.11788598480699167,0.36555207824757974,True,0.002243244549237966,84.75488772453508,953.5660832002881
1841,mpc,0.0040399787596209855,0.3134815218174342,0.7439333113666815,0.11788598480699167,0.36555207824757974,True,-0.005744900963257971,85.8277344045925,952.6574244199934
1842,rule,0.004448593106148186,0.23409272539962078,0.874515921010395,0.052285792143249805,0.4983036233621321,True,0.006539205855395691,76.96994038586212,1302.5015363207299
1842,mpc,0.004448593106148186,0.23409272539962078,0.874515921010395,0.052285792143249805,0.4983036233621321,True,-0.005038199436622426,77.94424342872115,1301.2061896262858
1843,rule,0.004925764903049357,0.3225514215592778,0.7772884775129549,0.1323149661830484,0.3894058190042634,True,0.0005197881574542373,69.51365989253998,1020.2356429928831
1843,mpc,0.004925764903049357,0.3225514215592778,0.7772884775129549,0.1323149661830484,0.3894058190042634,True,-0.006445021028883113,70.39357963801518,1019.1729835660755
1844,rule,0.004369594294985893,0.22141899172873986,0.9577453075982416,0.168250855835547,0.6268510096150937,True,0.0062815497502990425,78.36149607163668,1637.8681243965148
1844,mpc,0.004369594294985893,0.22141899172873986,0.9577453075982416,0.168250855835547,0.6268510096150937,True,-0.0033892321380306623,79.35341374342956,1636.2522726813327
1845,rule,0.00462665710747605,0.29975610522125107,1.2090894311922002,0.1515101648150653,0.19893834819258008,True,0.006001944695922523,74.0076340708064,520.4549612087435
1845,mpc,0.00462665710747605,0.29975610522125107,1.2090894311922002,0.1515101648150653,0.19893834819258008,True,-0.004194692313872039,74.94443956537359,519.9281249591646
1846,rule,0.005214945429223893,0.24509319897567827,0.8403768929930178,0.13545684638911337,0.416464173250381,True,0.0033946278767675864,65.65897013272132,1092.650899619895
1846,mpc,0.005214945429223893,0.24509319897567827,0.8403768929930178,0.13545684638911337,0.416464173250381,True,-0.005018925133357444,66.490096336933,1091.4824812974214
1847,rule,0.006461873913081878,0.42550179686527523,1.0319199457988266,0.17866984804107794,0.3971222624317029,True,-0.0021910145419292704,52.98895502866252,1048.0136382814767
1847,mpc,0.006461873913081878,0.42550179686527523,1.0319199457988266,0.17866984804107794,0.3971222624317029,True,-0.0077455198622395915,53.65970129484813,1046.774163287838
1848,rule,0.004997128160129234,0.37287391565932304,0.7090525757250887,0.09335554737080042,0.3459608493326123,True,-0.0023414681316806796,68.52094547287494,906.7239648358222
1848,mpc,0.004997128160129234,0.37287391565932304,0.7090525757250887,0.09335554737080042,0.3459608493326123,True,-0.008371417791770863,69.38829921303793,905.7732772281461
1849,rule,0.005342269326883975,0.3567409122517369,0.9102556841121061,0.1574965736922305,0.48484555548776276,True,0.0003185130271236014,64.09410032138945,1272.8342186813518
1849,mpc,0.005342269326883975,0.3567409122517369,0.9102556841121061,0.1574965736922305,0.48484555548776276,True,-0.006491620096341633,64.90541804697665,1271.457794690665
1850,rule,0.008132517130834639,0.2594961980890276,1.169895606958127,0.08069314890882248,0.22244038839414418,False,,42.103562854228116,591.3997930376785
1850,mpc,0.008132517130834639,0.2594961980890276,1.169895606958127,0.08069314890882248,0.22244038839414418,False,,42.63651934605379,590.6194498062335
1851,rule,0.007909421107629447,0.08588719975487054,1.0749851688643401,0.0565640300506544,0.5578383589878884,False,,43.29115133987437,1481.6871241532856
1851,mpc,0.007909421107629447,0.08588719975487054,1.0749851688643401,0.0565640300506544,0.5578383589878884,False,,43.83914059734114,1479.7577338040169
1852,rule,0.004268147359804419,0.3444964103733188,1.0694138799257424,0.11710483694692676,0.39200055014112467,True,0.00457673356308097,80.22402164598024,1023.7236861210896
1852,mpc,0.004268147359804419,0.3444964103733188,1.0694138799257424,0.11710483694692676,0.39200055014112467,True,-0.005190347799151285,81.23951559086608,1022.7242405508185
1853,rule,0.006192515507889949,0.4696486414564202,0.9270697506128883,0.08848011417535187,0.18978635652909373,True,-0.0046920568838833,55.29383749542776,500.22923774956644
1853,mpc,0.006192515507889949,0.4696486414564202,0.9270697506128883,0.08848011417535187,0.18978635652909373,True,-0.0099249394906471,55.99375948904078,499.64944504338365
1854,rule,0.005696628125703182,0.4318315499131159,1.2191892159348654,0.1763546603766854,0.39689128303033727,True,0.0007710647592890085,60.107126290417085,1043.6863057448097
1854,mpc,0.005696628125703182,0.4318315499131159,1.2191892159348654,0.1763546603766854,0.39689128303033727,True,-0.006554045758933924,60.86797599029579,1042.5232947022362
1855,rule,0.005062266001389814,0.26299095469798706,0.9647898895489211,0.12192120698385597,0.5745947536435775,True,0.004492108822023999,67.63926393579024,1506.4212768793514
1855,mpc,0.005062266001389814,0.26299095469798706,0.9647898895489211,0.12192120698385597,0.5745947536435775,True,-0.0049165340428338755,68.49545715016735,1504.8323680101146
1856,rule,0.003411409096538543,0.24014552807153466,1.3458660230104051,0.1050827415691501,0.172599147894087,True,0.011023356074654544,100.37141148759157,448.8029580376418
1856,mpc,0.003411409096538543,0.24014552807153466,1.3458660230104051,0.1050827415691501,0.172599147894087,True,-0.002598218016695464,101.64193568363706,448.40508993011593
1857,rule,0.0038741718078928898,0.08502307825267008,0.8833843124434388,0.05345507403070144,0.2297012063671315,True,0.013990835886176445,88.38223061857813,598.6910687714848
1857,mpc,0.0038741718078928898,0.08502307825267008,0.8833843124434388,0.05345507403070144,0.2297012063671315,True,-0.0014479718678126474,89.50099303147154,598.130886751691
1858,rule,0.0065525624686650396,0.44427907504103253,0.8970107021211574,0.15998279804107768,0.3145642152100596,True,-0.004509330308501092,52.25557906828201,830.4857110458703
1858,mpc,0.0065525624686650396,0.44427907504103253,0.8970107021211574,0.15998279804107768,0.3145642152100596,True,-0.008919038401595802,52.9170420944628,829.4969801754677
1859,rule,0.0044348028030141064,0.43361592057057696,1.0609745872398673,0.08176731671518206,0.32269103634946283,True,0.001965095144908835,77.20928334140723,843.4154093553066
1859,mpc,0.0044348028030141064,0.43361592057057696,1.0609745872398673,0.08176731671518206,0.32269103634946283,True,-0.006991846767459675,78.18661604193139,842.5777945675495
1860,rule,0.00356476624131814,0.308772283249578,0.8690130092691519,0.12087442533993219,0.36459015214866275,True,0.00492259135900186,96.05340799417223,948.7740596768971
1860,mpc,0.00356476624131814,0.308772283249578,0.8690130092691519,0.12087442533993219,0.36459015214866275,True,-0.0046486113666157625,97.26927391814911,947.9173331535737
1861,rule,0.005633928247950053,0.08994225976202397,1.2031663419971013,0.13340287787150362,0.3148398865697277,True,0.012109539643658684,60.776057328342944,827.6747411170123
1861,mpc,0.005633928247950053,0.08994225976202397,1.2031663419971013,0.13340287787150362,0.3148398865697277,True,-0.001203230158766333,61.54537450971438,826.7572128575879
1862,rule,0.004177015633903598,0.37117351610606525,1.236181201207829,0.0586862001533488,0.5828276214766344,True,0.00617400320458672,81.97430323266194,1521.38519884842
1862,mpc,0.004177015633903598,0.37117351610606525,1.236181201207829,0.0586862001533488,0.5828276214766344,True,-0.005486917259037494,83.01195264067032,1519.91403094354
1863,rule,0.00393518671349023,0.3720743865579945,0.7315006465746984,0.08806201969388713,0.2800845933633147,True,0.0006748915735751426,87.01186782506991,730.2342686134772
1863,mpc,0.00393518671349023,0.3720743865579945,0.7315006465746984,0.08806201969388713,0.2800845933633147,True,-0.007049277211381266,88.11328387348853,729.5463578445755
1864,rule,0.0038317557356688497,0.34660390778127315,1.0210311090507818,0.17226213331313278,0.34846292861125083,True,0.004480320003700022,89.36058814861128,908.0360880383481
1864,mpc,0.0038317557356688497,0.34660390778127315,1.0210311090507818,0.17226213331313278,0.34846292861125083,True,-0.0044661472729508045,90.49173483403676,907.1904902532001
1865,rule,0.00657136019597156,0.3113956919863073,0.9448618616810158,0.1048109172138137,0.4314056900739932,True,0.00011351396501990685,52.106099189493435,1139.0583804310297
1865,mpc,0.00657136019597156,0.3113956919863073,0.9448618616810158,0.1048109172138137,0.4314056900739932,True,-0.007253243584666169,52.76567006530981,1137.7004323830956
1866,rule,0.004134938944225227,0.15435531983492895,0.8306188258590971,0.07734277155101761,0.26172079075678156,True,0.00934839538796306,82.8084648406679,683.0399314623008
1866,mpc,0.004134938944225227,0.15435531983492895,0.8306188258590971,0.07734277155101761,0.26172079075678156,True,-0.0030669207496680784,83.85667325637256,682.3823813774412
1867,rule,0.0057858260915063,0.4557477284589373,1.0505214980938555,0.11068244759436488,0.5741895040712668,True,-0.0017719269057601128,59.18047669698271,1510.55285554306
1867,mpc,0.0057858260915063,0.4557477284589373,1.0505214980938555,0.11068244759436488,0.5741895040712668,True,-0.008346574509495941,59.929596655172375,1508.8572716011142
1868,rule,0.0028535057766797306,0.40780702146674375,1.2333232430235812,0.10616079705530715,0.5180251327155593,True,0.00787038015440944,119.99553285628902,1343.1091177848298
1868,mpc,0.0028535057766797306,0.40780702146674375,1.2333232430235812,0.10616079705530715,0.5180251327155593,True,-0.004074483318720734,121.51446365193827,1342.0009856684826
1869,rule,0.004942884376191956,0.4319113519824781,1.1997939100258113,0.14911251704901635,0.5420894890352549,True,0.0020481560536732557,69.27290224113585,1420.3817446029807
1869,mpc,0.004942884376191956,0.4319113519824781,1.1997939100258113,0.14911251704901635,0.5420894890352549,True,-0.006210548362766133,70.14977442140341,1418.8999430912945
1870,rule,0.005248256048529061,0.2576708236710806,0.7379483100647047,0.05296076287636945,0.6163550412421972,True,0.0019690985501108482,65.24223342288158,1617.3502878433894
1870,mpc,0.005248256048529061,0.2576708236710806,0.7379483100647047,0.05296076287636945,0.6163550412421972,True,-0.00699877201007304,66.06808447886745,1615.615673409024
1871,rule,0.005069566322603436,0.08606470170448068,1.3424236028859171,0.1314731105609913,0.5834210519736653,True,0.013325241822435885,67.54186145164034,1529.6151438288855
1871,mpc,0.005069566322603436,0.08606470170448068,1.3424236028859171,0.1314731105609913,0.5834210519736653,True,-0.0008760100911815449,68.3968217231801,1528.000698771161
1872,rule,0.005193271047503956,0.09361976166759878,1.0996906794945462,0.09836964698067241,0.2622835418684841,True,0.012489582415110667,65.9330011950281,688.0652834358444
1872,mpc,0.005193271047503956,0.09361976166759878,1.0996906794945462,0.09836964698067241,0.2622835418684841,True,-0.0014418611143127702,66.7675961468639,687.3309238385378
1873,rule,0.005530526765133288,0.41005598759307443,1.173258433979583,0.1146234493173664,0.25213949918595246,True,0.0013096752762923325,61.91235676497643,662.5189767592703
1873,mpc,0.005530526765133288,0.41005598759307443,1.173258433979583,0.1146234493173664,0.25213949918595246,True,-0.0069081246174924615,62.696057483520434,661.790874155679
1874,rule,0.0038905021980760552,0.2934294353852634,1.3112482400989345,0.05513107700648304,0.3308121816126015,True,0.009576817993396158,88.01124604183796,862.2967588384495
1874,mpc,0.0038905021980760552,0.2934294353852634,1.3112482400989345,0.05513107700648304,0.3308121816126015,True,-0.003993697076765335,89.12531244743086,861.4884558827752
1875,rule,0.004768843754819313,0.25272468953514327,1.2797719086139687,0.09220300942987489,0.4865758875865518,True,0.008410202396978095,71.80104104588276,1273.8468335435161
1875,mpc,0.004768843754819313,0.25272468953514327,1.2797719086139687,0.09220300942987489,0.4865758875865518,True,-0.003850002714703482,72.70991498317241,1272.5395134401815
1876,rule,0.0027399436183798663,0.26503890572477384,0.6804264236220258,0.10254492493996492,0.6196680776411784,True,0.006006578659392248,124.96897523155953,1605.6857156635006
1876,mpc,0.0027399436183798663,0.26503890572477384,0.6804264236220258,0.10254492493996492,0.6196680776411784,True,-0.004004174972723762,126.55086099398436,1604.3815136017593
1877,rule,0.003681971029403167,0.28890787767376314,1.1974002063309483,0.05874696414097311,0.19696073971796732,True,0.00921523404496416,92.99582844264967,512.8574583518433
1877,mpc,0.003681971029403167,0.28890787767376314,1.1974002063309483,0.05874696414097311,0.19696073971796732,True,-0.004043073746528902,94.17299082799968,512.3879618204396
1878,rule,0.005303237457815669,0.49051927598858747,1.3239491018806455,0.12205280904169151,0.6256652720513659,True,0.0011060189266510756,64.56583339985238,1642.2129719406028
1878,mpc,0.005303237457815669,0.49051927598858747,1.3239491018806455,0.12205280904169151,0.6256652720513659,True,-0.007110204166725476,65.38312243023027,1640.4431506665483
1879,rule,0.008295405282389333,0.26817972657977845,0.9579339544375747,0.14158063129303233,0.32769279675968477,False,,41.27681945909206,871.8434243359245
1879,mpc,0.008295405282389333,0.26817972657977845,0.9579339544375747,0.14158063129303233,0.32769279675968477,False,,41.7993108446502,870.6821632677927
1880,rule,0.004849420790212881,0.324254216256105,1.3127440732126612,0.05751247044066181,0.38882930181839725,True,0.006789030620387271,70.60800887236515,1018.3475876922339
1880,mpc,0.004849420790212881,0.324254216256105,1.3127440732126612,0.05751247044066181,0.38882930181839725,True,-0.005184955986890394,71.5017811365723,1017.2944557851099
1881,rule,0.003068441546773506,0.06447893278541938,1.1366308233855085,0.11626362246396443,0.5675459118632201,True,0.014410947004092955,111.59018054009475,1473.1559282673734
1881,mpc,0.003068441546773506,0.06447893278541938,1.1366308233855085,0.11626362246396443,0.5675459118632201,True,-0.0004801307018167389,113.00271447098204,1471.9051962780252
1882,rule,0.0032351057368706893,0.3020878354086301,1.0938722890480692,0.08494846587312722,0.5519008376244428,True,0.008495584811362367,105.8413461664451,1433.78448517037
1882,mpc,0.0032351057368706893,0.3020878354086301,1.0938722890480692,0.08494846587312722,0.5519008376244428,True,-0.0038763674031625506,107.18111004196975,1432.5408932752393
1883,rule,0.004807686127760972,0.19110569720827325,0.9885998335863198,0.10936349972640966,0.4864733475629196,True,0.007813546623621992,71.22094435491961,1273.8195136403876
1883,mpc,0.004807686127760972,0.19110569720827325,0.9885998335863198,0.10936349972640966,0.4864733475629196,True,-0.0034774943165600813,72.12247529612112,1272.5073755040353
1884,rule,0.002679966912415933,0.42735644963274627,0.8283921659862209,0.06956838331292695,0.4624109439116849,True,0.004551877090496648,127.76573643310755,1197.8219309089025
1884,mpc,0.002679966912415933,0.42735644963274627,0.8283921659862209,0.06956838331292695,0.4624109439116849,True,-0.005775188086077909,129.3830242360583,1196.8571657771129
1885,rule,0.0046936849064539345,0.07216181054751655,1.0246096498929536,0.09396253816425558,0.41357724485695946,True,0.013429692549373984,72.95077386007816,1082.340319696206
1885,mpc,0.0046936849064539345,0.07216181054751655,1.0246096498929536,0.09396253816425558,0.41357724485695946,True,-0.0009828988783644466,73.87420137729436,1081.2375382436182
1886,rule,0.0036244063905231327,0.28273734746825113,0.6978904614222495,0.059504681850449645,0.4174326668388072,True,0.004072966520401344,94.47283480033852,1086.6165324961546
1886,mpc,0.0036244063905231327,0.28273734746825113,0.6978904614222495,0.059504681850449645,0.4174326668388072,True,-0.005890844605165091,95.66869346869726,1085.6284277246934
1887,rule,0.003220343005670231,0.2459644756396004,1.3157031523260811,0.14952179114303282,0.34209334018051674,True,0.010171025156939018,106.32654520909327,888.6572986781435
1887,mpc,0.003220343005670231,0.2459644756396004,1.3157031523260811,0.14952179114303282,0.34209334018051674,True,-0.0023948017720105685,107.67245084465144,887.8879578517159
1888,rule,0.0057765256612660265,0.234452289151397,1.159846946317322,0.14796886870103448,0.6040522225576959,True,0.005972916188231259,59.27575955858187,1589.0449716626065
1888,mpc,0.0057765256612660265,0.234452289151397,1.159846946317322,0.14796886870103448,0.6040522225576959,True,-0.004076502462574183,60.026085628943676,1587.262629426038
1889,rule,0.0052728182773876964,0.3283551484497149,0.8559374390882508,0.08647077243787889,0.20113207176348633,True,0.0007517786553133954,64.93831726566191,527.8439540295434
1889,mpc,0.0052728182773876964,0.3283551484497149,0.8559374390882508,0.08647077243787889,0.20113207176348633,True,-0.00716449127576646,65.76032128168295,527.2766115312091
1890,rule,0.007051026278411679,0.18166213784603008,1.2000522852631874,0.0945101776366219,0.2941103376381916,True,0.007561282529048308,48.56143384822475,778.2384857878316
1890,mpc,0.007051026278411679,0.18166213784603008,1.2000522852631874,0.0945101776366219,0.2941103376381916,True,-0.003922685003943105,49.17613554250609,777.279057117182
1891,rule,0.005471305454628486,0.12051204663307007,0.8231413254564232,0.17024656279297667,0.6276667126943305,True,0.00734816488895651,62.58249498600392,1648.786608824061
1891,mpc,0.005471305454628486,0.12051204663307007,0.8231413254564232,0.17024656279297667,0.6276667126943305,True,-0.0023659968178715296,63.37467846683942,1646.983696414999
1892,rule,0.0062143231830906025,0.42569785327468057,0.7093540739749098,0.08605891611387104,0.269821232636719,True,-0.006823875852264072,55.09979704835557,711.252836626276
1892,mpc,0.0062143231830906025,0.42569785327468057,0.7093540739749098,0.08605891611387104,0.269821232636719,True,-0.010715267215436475,55.79726283377779,710.427083017368
1893,rule,0.0031569761402608252,0.14456520445099746,0.7133035939665795,0.1687028488980109,0.2633841590164273,True,0.007718377576565683,108.46073298257295,683.9697980032147
1893,mpc,0.0031569761402608252,0.14456520445099746,0.7133035939665795,0.1687028488980109,0.2633841590164273,True,-0.0020109270941424118,109.83365365323844,683.3824173833148
1894,rule,0.002349337124902619,0.34895644222624633,0.9564070784483802,0.0724762916596751,0.3130264490817145,True,0.008716700069105632,145.74662041973906,809.4366595625913
1894,mpc,0.002349337124902619,0.34895644222624633,0.9564070784483802,0.0724762916596751,0.3130264490817145,True,-0.003910930704938087,147.59151434910288,808.815509421482
1895,rule,0.005882454978180796,0.3355065259554864,1.1994991819118401,0.15700895856174038,0.2679989337911365,True,0.0029179045942479,58.20834115199228,705.3594715496237
1895,mpc,0.005882454978180796,0.3355065259554864,1.1994991819118401,0.15700895856174038,0.2679989337911365,True,-0.005599712637396781,58.94515559695422,704.5615153501209
1896,rule,0.003450392676510294,0.4981164667789846,0.6969804417200411,0.12569132308977646,0.40279879043364386,True,-0.0016323310008552472,99.23738492497974,1047.5916805959496
1896,mpc,0.003450392676510294,0.4981164667789846,0.6969804417200411,0.12569132308977646,0.40279879043364386,True,-0.007572845282389995,100.49355435440987,1046.6585760079065
1897,rule,0.002871527336068148,0.35107132036760774,1.0106507806918952,0.07309743632721746,0.5859317535700306,True,0.007678427169049651,119.24244700035722,1519.3173866103114
1897,mpc,0.002871527336068148,0.35107132036760774,1.0106507806918952,0.07309743632721746,0.5859317535700306,True,-0.00442307843791423,120.7518450636529,1518.0607996415647
1898,rule,0.0022960389066159974,0.34500608231117813,0.7165141395476572,0.13626286448789332,0.3702898016132895,True,0.0052909904561373455,149.12985367736601,957.2377096831966
1898,mpc,0.0022960389066159974,0.34500608231117813,0.7165141395476572,0.13626286448789332,0.3702898016132895,True,-0.003906749197847725,151.0175733441681,956.5090901202524
1899,rule,0.0033032667774346774,0.07953956633203374,1.019737949556771,0.1450560568937023,0.5963728118055843,True,0.012396229164082784,103.65736988615184,1549.8632782424124
1899,mpc,0.0033032667774346774,0.07953956633203374,1.019737949556771,0.1450560568937023,0.5963728118055843,True,-0.0007758962990351836,104.96948849230566,1548.5074807458082
1900,rule,0.006509259785315995,0.06890702175038502,1.3081795112328731,0.10327886119340815,0.384018871629346,True,0.013969640420896101,52.60320796438466,1013.6533780004389
1900,mpc,0.006509259785315995,0.06890702175038502,1.3081795112328731,0.10327886119340815,0.384018871629346,True,-0.0007580894217327216,53.2690713563389,1012.4503734035098
1901,rule,0.0027067871841338267,0.43779616451768016,1.0499406465446244,0.10447645868396938,0.6254866464771431,True,0.006211589301543641,126.49976628685488,1620.4797881770742
1901,mpc,0.0027067871841338267,0.43779616451768016,1.0499406465446244,0.10447645868396938,0.6254866464771431,True,-0.00468326918286488,128.10102915124548,1619.1696620360985
1902,rule,0.004879114409999738,0.19712175678847338,1.2407749417624063,0.08689016667969218,0.49296404619406964,True,0.009911792464747382,70.17829823367506,1291.2637943628233
1902,mpc,0.004879114409999738,0.19712175678847338,1.2407749417624063,0.08689016667969218,0.49296404619406964,True,-0.0031330950783712286,71.06663112270893,1289.924688967584
1903,rule,0.007533431315838551,0.10082963216910831,0.7941775035970884,0.11152035571996549,0.2895145823761449,False,,45.45179106648157,767.7221028149334
1903,mpc,0.007533431315838551,0.10082963216910831,0.7941775035970884,0.11152035571996549,0.2895145823761449,False,,46.02713019390539,766.7453183406982
1904,rule,0.0041736253701541715,0.163124446769861,0.8948163528564572,0.09620533505729362,0.1960451739775653,True,0.009115319494760299,82.0408915064015,511.73824405864207
1904,mpc,0.0041736253701541715,0.163124446769861,0.8948163528564572,0.09620533505729362,0.1960451739775653,True,-0.0029313045528873705,83.07938380395089,511.2435745663973
1905,rule,0.0052656624069381775,0.4203570806842792,1.19139069111263,0.07386480714379534,0.457082254421017,True,0.0018474397311357693,65.02656640691914,1199.5095404042295
1905,mpc,0.0052656624069381775,0.4203570806842792,1.19139069111263,0.07386480714379534,0.457082254421017,True,-0.007218381284918252,65.84968750067763,1198.2210839835232
1906,rule,0.005491105022744154,0.1710107367576917,0.7532010752782455,0.07483480960232773,0.25958059819568025,True,0.0057245420414264725,62.35683797030463,681.9435546248108
1906,mpc,0.005491105022744154,0.1710107367576917,0.7532010752782455,0.07483480960232773,0.25958059819568025,True,-0.004652407579715634,63.14616503321988,681.1966054249236
1907,rule,0.008483565959594931,0.48764814064870465,0.7162443197789707,0.10629421217398657,0.2481601023391176,False,,40.36132303467494,660.7734704622155
1907,mpc,0.008483565959594931,0.48764814064870465,0.7162443197789707,0.10629421217398657,0.2481601023391176,False,,40.872225857898684,659.8839442761548
1908,rule,0.004558401308247095,0.4052733030311264,1.233312210743867,0.11256764346535685,0.6429662742443127,True,0.003947822218278496,75.11579675130753,1681.5403918793977
1908,mpc,0.004558401308247095,0.4052733030311264,1.233312210743867,0.11256764346535685,0.6429662742443127,True,-0.005763305737156221,76.06662962157726,1679.849633292711
1909,rule,0.0035982743291789977,0.12760725004775764,0.8335130321520776,0.08562353477187754,0.2998377952029415,True,0.01092347910451874,95.15893310427747,780.4021323346574
1909,mpc,0.0035982743291789977,0.12760725004775764,0.8335130321520776,0.08562353477187754,0.2998377952029415,True,-0.0021633470474065053,96.36347656129365,779.6946523645959
1910,rule,0.0031614231686544437,0.12136312388963405,0.7128658432466,0.17148344313525227,0.47308230737679435,True,0.008300563546905781,108.30816626390383,1228.5532528105787
1910,mpc,0.0031614231686544437,0.12136312388963405,0.7128658432466,0.17148344313525227,0.47308230737679435,True,-0.0016523827807737312,109.67915571028236,1227.4975933020937
1911,rule,0.004950349353505388,0.26685189645176194,0.8652042814429228,0.09901080173272618,0.19323868444146733,True,0.003633851428871293,69.16844079675325,506.34191045527814
1911,mpc,0.004950349353505388,0.26685189645176194,0.8652042814429228,0.09901080173272618,0.19323868444146733,True,-0.005535605571622915,70.04399068025647,505.8133073844624
1912,rule,0.004869202263055722,0.24428846506225238,1.246771708489276,0.14234525716493276,0.22460812707004205,True,0.007576331507513467,70.32115892558984,588.3073587961983
1912,mpc,0.004869202263055722,0.24428846506225238,1.246771708489276,0.14234525716493276,0.22460812707004205,True,-0.003536178236015486,71.21130017781252,587.697822188343
1913,rule,0.004349082418739229,0.09212336995687867,1.166707978561734,0.08409703754121071,0.1973020143554862,True,0.013937977892733433,78.73107777995271,515.4683479010198
1913,mpc,0.004349082418739229,0.09212336995687867,1.166707978561734,0.08409703754121071,0.1973020143554862,True,-0.0011637983227736903,79.72767370121795,514.9608761954905
1914,rule,0.002534755846935301,0.1806164277305517,1.2622989440938266,0.17550559073970906,0.15030197158368916,True,0.011487641211137656,135.08517855681387,389.04084943307697
1914,mpc,0.002534755846935301,0.1806164277305517,1.2622989440938266,0.17550559073970906,0.15030197158368916,True,-0.0013775890604355023,136.7951175258875,388.7339615253675
1915,rule,0.004137781243322136,0.14268290606037504,1.0352110913375088,0.05215604918166487,0.24482101900857026,True,0.012318417321506847,82.75158256222147,638.9439111342333
1915,mpc,0.004137781243322136,0.14268290606037504,1.0352110913375088,0.05215604918166487,0.24482101900857026,True,-0.0024525394665400047,83.79907094908505,638.3286251740254
1916,rule,0.002847664656549374,0.3757569999768762,0.8337038614447057,0.13562426947547976,0.5720436028103436,True,0.004517392270197651,120.24166728820245,1483.1200391636248
1916,mpc,0.002847664656549374,0.3757569999768762,0.8337038614447057,0.13562426947547976,0.5720436028103436,True,-0.004606770775443136,121.76371370957212,1481.8973645385342
1917,rule,0.0028270662227216623,0.15135819385278926,0.8718691073459801,0.1570380823549801,0.5781225197713236,True,0.009602045678813287,121.11776633641834,1498.7187539516378
1917,mpc,0.0028270662227216623,0.15135819385278926,0.8718691073459801,0.1570380823549801,0.5781225197713236,True,-0.0017197844136611629,122.65090261915783,1497.4866921825976
1918,rule,0.006485000578882507,0.3474532911968143,1.0308263435138314,0.0724887653692615,0.2273933553068385,True,-5.344829519637884e-06,52.799986987847994,600.1591990591387
1918,mpc,0.006485000578882507,0.3474532911968143,1.0308263435138314,0.0724887653692615,0.2273933553068385,True,-0.00789436662956966,53.46834125351697,599.4481917308933
1919,rule,0.0082204544376135,0.10655091372473804,0.9813398783907805,0.06544107478330098,0.17548753862951508,False,,41.653165135793685,466.74340362669835
1919,mpc,0.0082204544376135,0.10655091372473804,0.9813398783907805,0.06544107478330098,0.17548753862951508,False,,42.180420390677156,466.12439057509937
1920,rule,0.0037847196533529626,0.38438544373915673,0.7139272575742582,0.1738353742798029,0.30054174724660077,True,0.0003743189619319631,90.47115177417085,782.9752905559077
1920,mpc,0.0037847196533529626,0.38438544373915673,0.7139272575742582,0.1738353742798029,0.30054174724660077,True,-0.0058675258694376176,91.61635622700845,782.2500213284513
1921,rule,0.005018527218899998,0.37567596308954915,0.679878041155541,0.11831825107143366,0.1953297672207743,True,-0.0028082367869173286,68.2287713597845,511.99002439251154
1921,mpc,0.005018527218899998,0.37567596308954915,0.679878041155541,0.11831825107143366,0.1953297672207743,True,-0.008151850571297414,69.09242669345267,511.45215346206817
1922,rule,0.0050316472646865125,0.3165811308737235,1.0818589826965084,0.11255408825863353,0.5627158237112788,True,0.004075069575771639,68.05086449209118,1475.0601226024824
1922,mpc,0.0050316472646865125,0.3165811308737235,1.0818589826965084,0.11255408825863353,0.5627158237112788,True,-0.005457477338564054,68.91226784009234,1473.5086349520252
1923,rule,0.005491759798611186,0.24439562707119622,1.0288792812586243,0.08369582097916245,0.35467043071696336,True,0.005523725157889237,62.34940324006429,931.7567179876971
1923,mpc,0.005491759798611186,0.24439562707119622,1.0288792812586243,0.08369582097916245,0.35467043071696336,True,-0.0050469505071315535,63.13863619247018,930.7360855804809
1924,rule,0.004296309646410309,0.10049878215440552,1.2866457574972312,0.09707121468854119,0.31409855050495294,True,0.013890602353097803,79.69815361592359,820.3945275598375
1924,mpc,0.004296309646410309,0.10049878215440552,1.2866457574972312,0.09707121468854119,0.31409855050495294,True,-0.001123750019773384,80.70699100346692,819.5912432743853
1925,rule,0.0057282272352872305,0.47046012899760403,0.7586143542747117,0.08814140967299994,0.28901887276517,True,-0.006264324737998761,59.77555221131407,760.13242803894
1925,mpc,0.0057282272352872305,0.47046012899760403,0.7586143542747117,0.08814140967299994,0.28901887276517,True,-0.010514126158061243,60.532204770950976,759.2831871368463
1926,rule,0.0045084528968228664,0.22349133004880228,1.1993597274320753,0.17854165614152884,0.4834736548062354,True,0.007814478607958586,75.94799236396149,1264.1109390841611
1926,mpc,0.0045084528968228664,0.22349133004880228,1.1993597274320753,0.17854165614152884,0.4834736548062354,True,-0.002930949673770389,76.90935935591038,1262.846195639782
1927,rule,0.006371513441509,0.12711211404277575,0.7950480838692378,0.15988507163005697,0.3322031557893703,True,0.006159534731514649,53.740441627333176,876.3273381451774
1927,mpc,0.006371513441509,0.12711211404277575,0.7950480838692378,0.15988507163005697,0.3322031557893703,True,-0.003004551933239785,54.42070038210956,875.2978186133096
1928,rule,0.004131410711983742,0.3142732681231371,0.9051215616245116,0.05413481702040698,0.16968633966192367,True,0.004623592601246229,82.87918341983777,442.84026143861
1928,mpc,0.004131410711983742,0.3142732681231371,0.9051215616245116,0.05413481702040698,0.16968633966192367,True,-0.006010152940231883,83.92828700743067,442.41410752208486
1929,rule,0.004820139140357209,0.3141852331075755,0.9078994125586384,0.07825699131209396,0.26548909766624873,True,0.002895922520565919,71.03694233934668,695.2193824924675
1929,mpc,0.004820139140357209,0.3141852331075755,0.9078994125586384,0.07825699131209396,0.26548909766624873,True,-0.00634610743233166,71.93614414111057,694.5024033403396
1930,rule,0.009268210840121626,0.20162955656522447,1.070422681805916,0.08450414091811514,0.15860862459783112,False,,36.94434147947046,423.7187983705346
1930,mpc,0.009268210840121626,0.20162955656522447,1.070422681805916,0.08450414091811514,0.15860862459783112,False,,37.411991371615656,423.1241220177589
1931,rule,0.0037827508707921785,0.05677311994003187,0.8292687257792704,0.05418457464657696,0.1678065428295912,True,0.015022777560195877,90.51823867784253,437.16744455887203
1931,mpc,0.0037827508707921785,0.05677311994003187,0.8292687257792704,0.05418457464657696,0.1678065428295912,True,-0.0008480519200042558,91.6640391674355,436.76258732755144
1932,rule,0.004135597119913493,0.29498752010312035,1.1832229856693401,0.09869900035621389,0.5594351354317152,True,0.007391208155802409,82.79528596546308,1460.0207782147365
1932,mpc,0.004135597119913493,0.29498752010312035,1.1832229856693401,0.09869900035621389,0.5594351354317152,True,-0.004217303387974658,83.84332755996263,1458.6151442479875
1933,rule,0.0030066694427722932,0.3882737236352465,0.8387061654052883,0.17238457251068137,0.6252719404733037,True,0.003599606379941056,113.88280377954239,1622.4713189922331
1933,mpc,0.0030066694427722932,0.3882737236352465,0.8387061654052883,0.17238457251068137,0.6252719404733037,True,-0.0045671587344404685,115.32435825776446,1621.104930428839
1934,rule,0.0039336324578451475,0.08367498602180898,1.2304233808770493,0.13928389433593052,0.39833371023772113,True,0.013243467067670878,87.04624792748302,1038.52428000377
1934,mpc,0.0039336324578451475,0.08367498602180898,1.2304233808770493,0.13928389433593052,0.39833371023772113,True,-0.0007654371651906189,88.14809916707144,1037.5461153254575
1935,rule,0.0036800222729481903,0.37156686551078744,1.0336710756213636,0.11805764778642074,0.3298643313840228,True,0.004805584804885243,93.04507440028848,858.9108066883687
1935,mpc,0.0036800222729481903,0.37156686551078744,1.0336710756213636,0.11805764778642074,0.3298643313840228,True,-0.0050586003018096015,94.22286015219089,858.1246921820119
1936,rule,0.005364621560772076,0.23488656135412767,1.25563810923722,0.05951658044186099,0.44205018496074167,True,0.008457756797094818,63.82704582276327,1160.6100594984243
1936,mpc,0.005364621560772076,0.23488656135412767,1.25563810923722,0.05951658044186099,0.44205018496074167,True,-0.004242640288057542,64.63498311165901,1159.3525524871259
1937,rule,0.003592462358012214,0.21133953224533092,1.290058957164786,0.05991375617955534,0.25226827660505613,True,0.012182787955686947,95.31288349271522,656.5712291415972
1937,mpc,0.003592462358012214,0.21133953224533092,1.290058957164786,0.05991375617955534,0.25226827660505613,True,-0.0026796393145911424,96.51937568882555,655.9764158884411
1938,rule,0.004971614598225294,0.3264969512618831,0.9919921641235523,0.10770717105463373,0.3555989744535355,True,0.002986297378497982,68.87258443231133,931.8693494999486
1938,mpc,0.004971614598225294,0.3264969512618831,0.9919921641235523,0.10770717105463373,0.3555989744535355,True,-0.005948278243063321,69.74438929854313,930.8945936457862
1939,rule,0.003732167389317677,0.27059672171990473,0.7895457983563636,0.09692426708132441,0.4542454062742972,True,0.005021131346077401,91.74506673018836,1183.0911041769239
1939,mpc,0.003732167389317677,0.27059672171990473,0.7895457983563636,0.09692426708132441,0.4542454062742972,True,-0.004816409577507841,92.90639668879834,1182.0017598375791
1940,rule,0.004533368236252448,0.26674720172883126,1.2537599844801068,0.12945288110990183,0.4078077703311842,True,0.007632835855104769,75.53058307573927,1066.402461335549
1940,mpc,0.004533368236252448,0.26674720172883126,1.2537599844801068,0.12945288110990183,0.4078077703311842,True,-0.0037157393385303106,76.48666640581193,1065.3328729800446
1941,rule,0.0061948295688616685,0.1567341001496345,1.1732438711690132,0.057859339174216956,0.26157308759350784,True,0.01012042517440015,55.273182639648034,689.4484387556193
1941,mpc,0.0061948295688616685,0.1567341001496345,1.1732438711690132,0.057859339174216956,0.26157308759350784,True,-0.0032977214343101746,55.97284317939042,688.6491894347535
1942,rule,0.006224060330676339,0.4011405406452656,1.0990960680146822,0.15154145139246505,0.18076016198335013,True,-0.0004679990173028781,55.01359691093728,476.50795942612524
1942,mpc,0.006224060330676339,0.4011405406452656,1.0990960680146822,0.15154145139246505,0.18076016198335013,True,-0.007241982157418558,55.70997155537954,475.95433071539793
1943,rule,0.004376303925349897,0.13914077819269538,1.2695282625371669,0.15347245555978578,0.18658265599003723,True,0.011178637956128168,78.24135435333292,487.5288225290136
1943,mpc,0.004376303925349897,0.13914077819269538,1.2695282625371669,0.15347245555978578,0.18658265599003723,True,-0.0016373988454279065,79.23175124388145,487.047517132029
1944,rule,0.007097174815546376,0.07754060492333299,0.9208185933814103,0.10683821858339668,0.3041074939261281,True,0.01062431815299314,48.245668886602296,804.8581144108412
1944,mpc,0.007097174815546376,0.07754060492333299,0.9208185933814103,0.10683821858339668,0.3041074939261281,True,-0.0017412659217388438,48.85637355605296,803.8627796031717
1945,rule,0.0037501085238657713,0.3594093921771782,0.7756307673550549,0.1389326223775868,0.5182364927601112,True,0.001943046570645257,91.30614327614563,1349.8798950460166
1945,mpc,0.0037501085238657713,0.3594093921771782,0.7756307673550549,0.1389326223775868,0.5182364927601112,True,-0.005681748809058806,92.46191724166647,1348.6344228569083
1946,rule,0.006412666145555109,0.44328088359396256,0.8405202296233703,0.060715348435647395,0.24948206788377283,True,-0.005917904950616837,53.39556721170033,658.239644576474
1946,mpc,0.006412666145555109,0.44328088359396256,0.8405202296233703,0.060715348435647395,0.24948206788377283,True,-0.010819594889081241,54.071460467544654,657.4639711133377
1947,rule,0.0032799841488101934,0.4533744974332357,0.7363383964714096,0.12924249822970324,0.20247900113057685,True,0.00044756052434302696,104.39317101742422,526.1425395079174
1947,mpc,0.0032799841488101934,0.4533744974332357,0.7363383964714096,0.12924249822970324,0.20247900113057685,True,-0.006544198296773551,105.71460356194858,525.6836120683199
1948,rule,0.0019227800017378835,0.45819135742607814,1.2012791294551808,0.059674265491870854,0.17009980667536703,True,0.01039745604595499,178.07962734774725,438.841689331063
1948,mpc,0.0019227800017378835,0.45819135742607814,1.2012791294551808,0.059674265491870854,0.17009980667536703,True,-0.003698123985435675,180.33379984582,438.52705320075586
1949,rule,0.004352174413669365,0.14366942595741566,1.037341614686899,0.1550804883994019,0.4824994176740114,True,0.009538661363548084,78.67514341928575,1260.5902090157222
1949,mpc,0.004352174413669365,0.14366942595741566,1.037341614686899,0.1550804883994019,0.4824994176740114,True,-0.0020401040789053138,79.67103131066912,1259.3487809596334
1950,rule,0.004878834612913843,0.3465998900974024,1.1361539514149517,0.11741670298451948,0.633093744408248,True,0.003956167957538614,70.18232290040322,1658.3155016063397
1950,mpc,0.004878834612913843,0.3465998900974024,1.1361539514149517,0.11741670298451948,0.633093744408248,True,-0.0055419614848044585,71.07070673458556,1656.5957903117412
1951,rule,0.006107621257515991,0.05587614338262695,0.9550826207166001,0.07193147877600967,0.2802348347586756,True,0.013902444476093678,56.06240658092847,738.3381996965601
1951,mpc,0.006107621257515991,0.05587614338262695,0.9550826207166001,0.07193147877600967,0.2802348347586756,True,-0.000907973477495938,56.772057297142766,737.4879961591912
1952,rule,0.004611767923525054,0.4327799948257129,0.6813118608475558,0.08060102881919341,0.22477383075009763,True,-0.00381791531451503,74.24656918110048,588.0018294460673
1952,mpc,0.004611767923525054,0.4327799948257129,0.6813118608475558,0.08060102881919341,0.22477383075009763,True,-0.00931544131639761,75.18639917073469,587.4074859982479
1953,rule,0.005568758255019109,0.08568052033381751,1.0902740693422583,0.05603655865197943,0.5327051228027299,True,0.013865158105971331,61.48730659524888,1399.9837039494469
1953,mpc,0.005568758255019109,0.08568052033381751,1.0902740693422583,0.05603655865197943,0.5327051228027299,True,-0.0014947762093533434,62.26562693189761,1398.4401687461932
1954,rule,0.006002199296877089,0.381036167586218,0.7432612402568142,0.15232839737326997,0.22805413290742996,True,-0.00377130104214074,57.047080452549466,600.5625416426632
1954,mpc,0.006002199296877089,0.381036167586218,0.7432612402568142,0.15232839737326997,0.22805413290742996,True,-0.008314965049170064,57.76919539498681,599.8766530468562
1955,rule,0.004468968245611822,0.3957031606258774,0.66763193377422,0.12749732465498706,0.17752315447726272,True,-0.0022796203224748623,76.61901525422584,464.0693294391049
1955,mpc,0.004468968245611822,0.3957031606258774,0.66763193377422,0.12749732465498706,0.17752315447726272,True,-0.007739166632539929,77.58887620681101,463.60686124762776
1956,rule,0.0044985925401874495,0.41342939037787824,1.0903679863861693,0.12692472113837405,0.2679655239741362,True,0.0024610511509884914,76.11446093913531,700.6001140710033
1956,mpc,0.0044985925401874495,0.41342939037787824,1.0903679863861693,0.12692472113837405,0.2679655239741362,True,-0.006144860579641476,77.0779351282383,699.899853864565
1957,rule,0.005293369051989344,0.41340679022010435,1.2026499176636478,0.1441614229289907,0.29801393099148654,True,0.0018742720541783386,64.68620321352806,782.1742206476525
1957,mpc,0.005293369051989344,0.41340679022010435,1.2026499176636478,0.1441614229289907,0.29801393099148654,True,-0.006330743225845703,65.50501591243349,781.3319965335223
1958,rule,0.0031776663044383317,0.4578904496853005,1.1974092198416542,0.06086345758164659,0.6148299377669735,True,0.006294356991583094,107.75453221848146,1596.793732777895
1958,mpc,0.0031776663044383317,0.4578904496853005,1.1974092198416542,0.06086345758164659,0.6148299377669735,True,-0.005480972406923135,109.11851363896858,1595.4188055130162
1959,rule,0.004474294975332306,0.06326255693292858,1.1828998460343216,0.13037595969817561,0.4662150656828349,True,0.013673042546517467,76.52779892004158,1218.7807123889409
1959,mpc,0.004474294975332306,0.06326255693292858,1.1828998460343216,0.13037595969817561,0.4662150656828349,True,-0.0005407478263887988,77.49650523548515,1217.5654863830016
1960,rule,0.004696922710819525,0.2813645192121946,0.7483580092311614,0.14697442061463944,0.5605721166664716,True,0.0018486645630666487,72.90048554395722,1467.0522118886354
1960,mpc,0.004696922710819525,0.2813645192121946,0.7483580092311614,0.14697442061463944,0.5605721166664716,True,-0.005474027584101426,73.82327650020984,1465.5569845329326
1961,rule,0.002720920130520542,0.4282295034227334,1.0541941396844459,0.09489039373836379,0.4716898692427036,True,0.006519959198661218,125.84270384874426,1222.1217268180133
1961,mpc,0.002720920130520542,0.4282295034227334,1.0541941396844459,0.09489039373836379,0.4716898692427036,True,-0.004690134795240608,127.43564946708281,1221.131705587072
1962,rule,0.003900651887645542,0.24469293453220903,0.8171882974433473,0.08103072297729613,0.18829149423372668,True,0.006088105162189494,87.78223641686282,490.82669490896905
1962,mpc,0.003900651887645542,0.24469293453220903,0.8171882974433473,0.08103072297729613,0.18829149423372668,True,-0.004625640454183344,88.89340396644336,490.36608206584185
1963,rule,0.004060720581191762,0.2058338282366114,0.6625840691512432,0.05166946056767907,0.5481501772344511,True,0.0056900033205379286,84.32196683690347,1430.033555059975
1963,mpc,0.004060720581191762,0.2058338282366114,0.6625840691512432,0.05166946056767907,0.5481501772344511,True,-0.005166462794051752,85.38933350572505,1428.667805998706
1964,rule,0.004037075026461469,0.40187330442411323,1.0418067648077523,0.13609360556588634,0.47853275421660635,True,0.003223816150598191,84.81584908301957,1248.26526775552
1964,mpc,0.004037075026461469,0.40187330442411323,1.0418067648077523,0.13609360556588634,0.47853275421660635,True,-0.005597161874750567,85.88946742584261,1247.0761628139826
1965,rule,0.006615784755148884,0.07848700271092246,1.2005944827455686,0.06898668854919321,0.5144609827396336,True,0.013831488196940578,51.7562101630795,1358.6278912554433
1965,mpc,0.006615784755148884,0.07848700271092246,1.2005944827455686,0.06898668854919321,0.5144609827396336,True,-0.0012550456529820675,52.411352063877985,1357.0029838022324
1966,rule,0.003039252652668955,0.30205885656485604,1.3121492003851238,0.13557379510020645,0.585902079702124,True,0.009560175169577856,112.66188938931866,1520.5714071990385
1966,mpc,0.003039252652668955,0.30205885656485604,1.3121492003851238,0.13557379510020645,0.585902079702124,True,-0.0029016193902078324,114.08798925500626,1519.285335099667
1967,rule,0.006208135953296357,0.26498769405601474,0.6710019393775355,0.10920021011333297,0.27062699456217,True,-0.001297374170242449,55.15471129451885,713.3564281752643
1967,mpc,0.006208135953296357,0.26498769405601474,0.6710019393775355,0.10920021011333297,0.27062699456217,True,-0.007397189035156293,55.852872196981124,712.5286228507828
1968,rule,0.004827108288038032,0.15312746853426884,1.047640405144609,0.10592534642882004,0.6410154804745591,True,0.009790332062833196,70.93438260535774,1678.6433339645966
1968,mpc,0.004827108288038032,0.15312746853426884,1.047640405144609,0.10592534642882004,0.6410154804745591,True,-0.002631153650141549,71.83228618264076,1676.9110076026413
1969,rule,0.00392341869641043,0.1870905594007864,0.9477939236726359,0.16159795712176658,0.4629423197743223,True,0.00787162680141762,87.27285377277097,1206.907958892375
1969,mpc,0.00392341869641043,0.1870905594007864,0.9477939236726359,0.16159795712176658,0.4629423197743223,True,-0.0026574705120945286,88.37757344078074,1205.7724805090622
1970,rule,0.0025996990730954056,0.11272830924354525,0.9008762958761771,0.14106323480589944,0.26748726379657817,True,0.011368387798106228,131.7106082487791,692.6009340719907
1970,mpc,0.0025996990730954056,0.11272830924354525,0.9008762958761771,0.14106323480589944,0.26748726379657817,True,-0.0011574817384696345,133.37783113800418,692.0494314912103
1971,rule,0.005268183872433484,0.4468863136318145,1.0980537837864481,0.1478502151761988,0.48870715471842097,True,6.832079979346428e-05,64.99544330122589,1282.5174595421133
1971,mpc,0.005268183872433484,0.4468863136318145,1.0980537837864481,0.1478502151761988,0.48870715471842097,True,-0.007071599839491904,65.81817043162116,1281.139533829279
1972,rule,0.005073948976467673,0.3517768479412702,0.930218463020199,0.13849128677133474,0.5384557176851461,True,0.0012156828376898021,67.48352176366524,1411.754728725176
1972,mpc,0.005073948976467673,0.3517768479412702,0.930218463020199,0.13849128677133474,0.5384557176851461,True,-0.006317221946453788,68.33774355814201,1410.2640865398105
1973,rule,0.007018509349525734,0.29474787815549797,0.8467514093924806,0.11861536498442088,0.628292807079372,True,-0.0012132029630014252,48.78642018255926,1662.2683791456855
1973,mpc,0.007018509349525734,0.29474787815549797,0.8467514093924806,0.11861536498442088,0.628292807079372,True,-0.007551229089754363,49.4039698051233,1660.2236077727578
1974,rule,0.003754225135656208,0.33853593901457624,1.0380420727245259,0.06456280192795713,0.3571612718805659,True,0.006140263850842875,91.20602356239166,930.337563077634
1974,mpc,0.003754225135656208,0.33853593901457624,1.0380420727245259,0.06456280192795713,0.3571612718805659,True,-0.005265966514121256,92.36053018976371,929.478779572724
1975,rule,0.0048083050179933105,0.4800708502165717,1.0732234179497935,0.06265682603755605,0.19964033805742057,True,-2.53644956036414e-05,71.21177731026785,522.7553084394032
1975,mpc,0.0048083050179933105,0.4800708502165717,1.0732234179497935,0.06265682603755605,0.19964033805742057,True,-0.008241831932642052,72.11319221292949,522.2167961334242
1976,rule,0.007154883624857793,0.15739180873339442,1.2103709827175582,0.11175515698459967,0.3366336038615808,False,,47.85653605763415,891.1724282499412
1976,mpc,0.007154883624857793,0.15739180873339442,1.2103709827175582,0.11175515698459967,0.3366336038615808,True,-0.0032494075260800503,48.46231499507257,890.0660911380174
1977,rule,0.003981194729809485,0.37644475753975915,0.8166174207974698,0.053225982867039945,0.2899889519412042,True,0.0018026381091111876,86.00632961190739,756.2317286368918
1977,mpc,0.003981194729809485,0.37644475753975915,0.8166174207974698,0.053225982867039945,0.2899889519412042,True,-0.007313076406829433,87.09501732851382,755.5157123908823
1978,rule,0.006207359342696735,0.2482512390885374,1.2598293588323703,0.1587397176733466,0.5223390053774645,True,0.005666217009889785,55.16161177039686,1376.8491555920232
1978,mpc,0.006207359342696735,0.2482512390885374,1.2598293588323703,0.1587397176733466,0.5223390053774645,True,-0.004221370186835438,55.859860020655056,1375.2515032680942
1979,rule,0.009792271869471065,0.2919651201255007,1.0936576073399051,0.1773237655306294,0.336411805823833,False,,34.96716091479173,900.6484064016195
1979,mpc,0.009792271869471065,0.2919651201255007,1.0936576073399051,0.1773237655306294,0.336411805823833,False,,35.40978320485239,899.3515270531753
1980,rule,0.005699050498945279,0.4771291660649632,1.050413040561498,0.12270466636102315,0.47293270644571705,True,-0.0021279740721258378,60.08157784258139,1243.6630500177662
1980,mpc,0.005699050498945279,0.4771291660649632,1.050413040561498,0.12270466636102315,0.47293270644571705,True,-0.00839000084816699,60.842104144386234,1242.2769223434611
1981,rule,0.005758284975114187,0.11661914399967982,1.1636413125585792,0.12785574283279508,0.5740652781786878,True,0.010787372713885302,59.46352909954637,1510.0305980440596
1981,mpc,0.005758284975114187,0.11661914399967982,1.1636413125585792,0.12785574283279508,0.5740652781786878,True,-0.0018825810760116912,60.21623199954064,1508.3393975245397
1982,rule,0.00485311172562908,0.16553665466998868,1.3150270094348673,0.06974619818831673,0.28321984165228675,True,0.01192249741150797,70.55430938730322,741.7687336165121
1982,mpc,0.00485311172562908,0.16553665466998868,1.3150270094348673,0.06974619818831673,0.28321984165228675,True,-0.002496099120131934,71.44740191119315,741.0013608841477
1983,rule,0.0046508088857307416,0.08020234721309495,0.7833380178944898,0.15824327938202634,0.3814740691711176,True,0.009502217460352513,73.62331039482898,998.1161316751111
1983,mpc,0.0046508088857307416,0.08020234721309495,0.7833380178944898,0.15824327938202634,0.3814740691711176,True,-0.0013330587527708992,74.55525103273823,997.1033913461674
1984,rule,0.004049647495373936,0.3264831705476339,0.9555094882665224,0.11483933301764904,0.2639651081628257,True,0.004395150117430968,84.55253119495673,688.603307457341
1984,mpc,0.004049647495373936,0.3264831705476339,0.9555094882665224,0.11483933301764904,0.2639651081628257,True,-0.005144133482037239,85.62281639995619,687.9464457914374
1985,rule,0.003307089602384054,0.4052535513126874,1.0439690827021768,0.12588527968216517,0.5728295881736337,True,0.004957041270867268,103.53754731481845,1488.708091566924
1985,mpc,0.003307089602384054,0.4052535513126874,1.0439690827021768,0.12588527968216517,0.5728295881736337,True,-0.004921780551494281,104.848149179563,1487.4051724414833
1986,rule,0.003960556087153803,0.2670352742557164,1.2640803117091277,0.07992917324861643,0.38102368228963035,True,0.009396187072484019,86.45451261043742,993.5285962588379
1986,mpc,0.003960556087153803,0.2670352742557164,1.2640803117091277,0.07992917324861643,0.38102368228963035,True,-0.003627886589856022,87.54887352955689,992.5900307670453
1987,rule,0.004400342268877982,0.4006494031956456,0.963299334773486,0.0668719463207399,0.16095101921394003,True,0.001877836590127857,77.81393474841941,420.60497268200515
1987,mpc,0.004400342268877982,0.4006494031956456,0.963299334773486,0.0668719463207399,0.16095101921394003,True,-0.0071632574685822625,78.7989212642222,420.18871798769965
1988,rule,0.004803118090427781,0.47572836351260916,1.277422738850373,0.11311799855505976,0.17096104273293047,True,0.00211646738701754,71.28867950666755,447.6476830963408
1988,mpc,0.004803118090427781,0.47572836351260916,1.277422738850373,0.11311799855505976,0.17096104273293047,True,-0.006701352218453804,72.19106785485322,447.18676945962704
1989,rule,0.004927939473542344,0.33110697309108816,1.2581140605529448,0.09291347378664358,0.6016233291670069,True,0.005595109962302169,69.48298533688168,1576.2579963941614
1989,mpc,0.004927939473542344,0.33110697309108816,1.2581140605529448,0.09291347378664358,0.6016233291670069,True,-0.0051958446190281116,70.36251679684221,1574.6158614813212
1990,rule,0.004834061291221157,0.1628352511735443,1.1033120572350203,0.17567919250648806,0.40121913071379234,True,0.008591782148830607,70.83235514680156,1050.718162028957
1990,mpc,0.004834061291221157,0.1628352511735443,1.1033120572350203,0.17567919250648806,0.40121913071379234,True,-0.0023530675029117543,71.72896723726741,1049.63312850261
1991,rule,0.004259239745041812,0.1438119780870425,0.6659691288648119,0.14880721021466262,0.6483576383911882,True,0.006288868110159496,80.39179916551558,1693.1345793467128
1991,mpc,0.004259239745041812,0.1438119780870425,0.6659691288648119,0.14880721021466262,0.6483576383911882,True,-0.0028391275131536275,81.4094168764715,1691.4831316017614
1992,rule,0.004550001575716432,0.29334114808634637,0.7648483158510442,0.0842255352112471,0.15050490114316314,True,0.002259120220961197,75.25446760472131,393.59703473140127
1992,mpc,0.004550001575716432,0.29334114808634637,0.7648483158510442,0.0842255352112471,0.15050490114316314,True,-0.0063322460069450415,76.20705580224944,393.2016092501282
1993,rule,0.002968887556826168,0.16340935067500095,0.9066223174194821,0.17885550500846964,0.5286543566548297,True,0.008989006302367097,115.3320695470285,1371.4953550518014
1993,mpc,0.002968887556826168,0.16340935067500095,0.9066223174194821,0.17885550500846964,0.5286543566548297,True,-0.0018063753049479825,116.79196916154785,1370.3460963524508
1994,rule,0.004209441037217519,0.36836900581801296,0.783055515620385,0.08799536634899649,0.510271843153162,True,0.0008400908925884076,81.34285363633886,1332.2043330258289
1994,mpc,0.004209441037217519,0.36836900581801296,0.783055515620385,0.08799536634899649,0.510271843153162,True,-0.00705086876631178,82.3725100114824,1330.9116878455138
1995,rule,0.008359957758608934,0.16293563217716367,1.2740093360620488,0.15171424696044195,0.327555632658291,False,,40.95809525216531,871.7193474038456
1995,mpc,0.008359957758608934,0.16293563217716367,1.2740093360620488,0.15171424696044195,0.327555632658291,False,,41.47655215409146,870.5539772292389
1996,rule,0.005653914335220891,0.19149505557434038,0.7654912522988953,0.054765501343502936,0.381299150808852,True,0.004857811025288261,60.56121933934567,1002.4824437473558
1996,mpc,0.005653914335220891,0.19149505557434038,0.7654912522988953,0.054765501343502936,0.381299150808852,True,-0.0055298768352454175,61.32781705250195,1001.3692842232878
1997,rule,0.0035240870372738042,0.36848706568190576,0.862229926622569,0.09465479143549158,0.2926910648296166,True,0.0036165313138867283,97.16217067273861,761.512652364225
1997,mpc,0.0035240870372738042,0.36848706568190576,0.862229926622569,0.09465479143549158,0.2926910648296166,True,-0.005742769465080455,98.39207156733025,760.8283338993612
1998,rule,0.004027306570613649,0.43192729419575027,0.7893587223964114,0.14356148724123108,0.4824652400883168,True,-0.00035968539535402577,85.02157463741574,1258.461627132041
1998,mpc,0.004027306570613649,0.43192729419575027,0.7893587223964114,0.14356148724123108,0.4824652400883168,True,-0.006845247862486081,86.0977971011805,1257.2640795956709
1999,rule,0.003045435047483013,0.1574372223626248,0.8022071796762912,0.11154388730216988,0.4526533812422171,True,0.00963178172478707,112.43317977317426,1174.793462666286
1999,mpc,0.003045435047483013,0.1574372223626248,0.8022071796762912,0.11154388730216988,0.4526533812422171,True,-0.002276279238329515,113.85638458042966,1173.7990381920345
