$hessian                                                                        
        0.5227554800   0.0105544664  -0.0194866622  -0.0810495063   0.0168041306
       -0.0403206724   0.0030743031  -0.0122448784   0.0225159088   0.0022533327
       -0.0008249713   0.0024708206   0.0002309415   0.0000690377  -0.0000166879
        0.0000605711   0.0000938525  -0.0001899555  -0.0001799215  -0.0001049869
       -0.0000357331   0.0004918688  -0.0000093212  -0.0000004121  -0.0001152375
        0.0001510222   0.0005901373  -0.0113025213   0.0105847985  -0.0226952238
       -0.0047849287  -0.0005777200  -0.0006878150  -0.0005024032   0.0009381059
       -0.0011222594   0.0000131822   0.0001144181  -0.0001602187   0.0000175644
       -0.0000459078   0.0000296161   0.0000235657   0.0000134350  -0.0000133821
        0.0000920423  -0.0000477004   0.0000656290  -0.0000501301   0.0000674787
       -0.0000853288   0.0004880671   0.0004111605  -0.0002971047  -0.0010263297
        0.0001006975  -0.0005249477  -0.1082337725   0.0533018138   0.0927784720
       -0.0479063309  -0.0413586381   0.0005959329  -0.2719218006  -0.0379802063
       -0.0323352043  -0.0000001554  -0.0000214715   0.0000228821  -0.0000114942
       -0.0000229556   0.0000188367  -0.0000358335  -0.0000199694   0.0000288401
       -0.0000009811   0.0000085186   0.0000334813  -0.0000958855  -0.0000544774
        0.0000300841  -0.0000897094  -0.0000776303   0.0000944794  -0.0004813131
        0.0001157001  -0.0001824872  -0.0000392361   0.0000228193  -0.0000341911
       -0.0000604308   0.0000034823  -0.0000066099  -0.0000759151  -0.0000195394
        0.0000096826  -0.0000151574  -0.0000267964   0.0000295048  -0.0015219249
        0.0000822327  -0.0011194117
        0.0105544664   0.4761758309   0.0157373785   0.0142422339  -0.0781499616
        0.0332866595  -0.0097259814   0.0094563073   0.0294805314   0.0047101916
       -0.0056000071  -0.0018812735  -0.0014625558  -0.0000433690  -0.0001916828
        0.0003835148   0.0000954829   0.0006250443  -0.0003424193  -0.0001130417
        0.0000108592   0.0005327439  -0.0005544908  -0.0000326978   0.0003239552
        0.0000308529  -0.0001633049   0.0049587093   0.0032388412   0.0045185391
       -0.0005414818   0.0017861226   0.0002158680   0.0005429973  -0.0001348419
       -0.0001417910  -0.0003179790  -0.0000207275   0.0000387786   0.0001708357
        0.0001126553   0.0000069346  -0.0000354051  -0.0000476833   0.0000653229
       -0.0000342454   0.0000383960   0.0000132507   0.0000086622  -0.0000942865
        0.0000812754   0.0003190967  -0.0003630739  -0.0003484908  -0.0006919228
       -0.0010993135   0.0004477870   0.0544201663  -0.0831660511  -0.0809771753
       -0.0392250037  -0.2728740587   0.0062017333  -0.0381782314  -0.0500683132
       -0.0065899940  -0.0000734711   0.0000289069   0.0000399823  -0.0001193140
       -0.0000751588  -0.0000221141  -0.0001002442   0.0000441209  -0.0000826046
        0.0000542585   0.0001229864   0.0000002901   0.0001324386   0.0003426621
       -0.0001881242  -0.0001717091   0.0001064972  -0.0000667887   0.0000049522
       -0.0000961728  -0.0001216260  -0.0000070449   0.0000163289  -0.0000098108
       -0.0000026990  -0.0000064223  -0.0000109924   0.0000053567   0.0000016622
        0.0000013033   0.0000215577   0.0000189415  -0.0000315424  -0.0003564290
        0.0008903787   0.0000884750
       -0.0194866622   0.0157373785   0.4555156186  -0.0366404137   0.0361530204
       -0.1503541654   0.0119228351   0.0308863186  -0.0405034139  -0.0047853289
       -0.0030073256   0.0001885006   0.0001678017   0.0002621837   0.0002507664
       -0.0006329506   0.0000163990   0.0001712908   0.0001622281  -0.0001576240
        0.0000176506  -0.0003750215  -0.0002320064  -0.0004806872   0.0012487039
       -0.0001003794  -0.0003196181  -0.0100510579   0.0054391282  -0.0090652867
       -0.0004882118  -0.0001576838   0.0011628586  -0.0006068580   0.0001284598
       -0.0003527939   0.0002644586   0.0001405205  -0.0000977203  -0.0001135238
       -0.0000982447   0.0001441947   0.0000338057   0.0000570582  -0.0000751404
        0.0000559170  -0.0000019114   0.0000050688  -0.0000562811   0.0001177331
       -0.0001794256  -0.0000579969   0.0000088002  -0.0000849444   0.0009969132
        0.0003020450  -0.0010071394   0.0902020264  -0.0773886048  -0.1707651596
       -0.0004099492  -0.0006405062  -0.0359190259  -0.0320004567  -0.0069385102
       -0.0486046624  -0.0000056337  -0.0000871195   0.0000460793   0.0001389580
        0.0001283661  -0.0000423301   0.0002085279   0.0000004464   0.0000273803
        0.0002978394  -0.0001694008  -0.0000063357   0.0003089026  -0.0000376851
       -0.0003507559   0.0003908037  -0.0002993607   0.0003285623  -0.0001686597
       -0.0000431619  -0.0000507316  -0.0000150949   0.0000105833  -0.0000081992
       -0.0000488648  -0.0000073235   0.0000048822  -0.0000558847  -0.0000180940
        0.0000145195  -0.0000272123  -0.0000546829   0.0000604179  -0.0003736589
        0.0000511838   0.0003297454
       -0.0810495063   0.0142422339  -0.0366404137   0.6287355515   0.0898332831
       -0.1296705810  -0.2464744045  -0.0992570852   0.1945571396  -0.0647737729
       -0.0166552978   0.0273940955   0.0011409932   0.0051857271  -0.0006952810
       -0.0036423194  -0.0008763609  -0.0013420578   0.0017586183  -0.0001906104
       -0.0000493350  -0.0028256102   0.0003388059  -0.0017108970   0.0053719103
       -0.0063303866   0.0012605870  -0.1789034794   0.0105321848  -0.0363082737
       -0.0220237962   0.0113082046  -0.0229341097   0.0069147138   0.0014093529
       -0.0019726969  -0.0045867456  -0.0003486021  -0.0003708726   0.0024564380
        0.0011833847  -0.0008035286  -0.0009826697  -0.0006563796   0.0007308799
       -0.0003349948  -0.0002693775   0.0005824223  -0.0016707002  -0.0012846734
        0.0012791188   0.0046875927  -0.0027880609   0.0031448279  -0.0406249804
       -0.0094155743   0.0102354766   0.0046473946  -0.0047547350   0.0140170040
        0.0026803256  -0.0023754027   0.0043170606  -0.0136262574   0.0111010045
       -0.0278244006   0.0000925862  -0.0000359111   0.0007980728  -0.0001159613
        0.0003302000   0.0000994964   0.0004976886  -0.0000010676   0.0003824969
        0.0001985754  -0.0003891634  -0.0001431052   0.0002085685   0.0003366044
        0.0003505378   0.0004310823  -0.0007231352   0.0019321817  -0.0000161290
       -0.0001345073   0.0003967418   0.0002362666  -0.0001387745   0.0002384379
        0.0002917615  -0.0000484227  -0.0000280463   0.0002223996   0.0001365268
       -0.0001630395   0.0000058282   0.0001895641  -0.0002776200   0.0010730321
        0.0005464513  -0.0007823187
        0.0168041306  -0.0781499616   0.0361530204   0.0898332831   0.2607447724
       -0.2066787610  -0.1152116480  -0.1104326962   0.1356305790  -0.0135291121
       -0.0028564557   0.0017291382   0.0010202722   0.0018332301  -0.0011567887
       -0.0013991672   0.0001739095  -0.0003657453   0.0003536143  -0.0002757390
        0.0000100869  -0.0005239752  -0.0005482613   0.0002253040   0.0055866990
       -0.0014533688   0.0023043063   0.0162345576  -0.0594551361   0.0080457800
        0.0137620776   0.0001377398   0.0025446196   0.0017535513   0.0019707040
        0.0050711041  -0.0010745820  -0.0004900993   0.0001353706   0.0008279529
       -0.0008782917  -0.0006603202  -0.0001912464  -0.0002335058   0.0003473389
       -0.0002418182  -0.0006151007  -0.0004549996  -0.0006272994   0.0003035850
       -0.0000127114  -0.0020819847   0.0046295222   0.0060005245  -0.0150845414
       -0.0006813301  -0.0024134475  -0.0051173933   0.0047859141  -0.0095549551
        0.0068811563  -0.0153450413   0.0273810973   0.0009346368   0.0013489662
       -0.0029476731  -0.0002050301  -0.0005123006   0.0000426851   0.0001093620
        0.0000988387   0.0001061926   0.0002211116  -0.0000741179  -0.0000190514
        0.0002641118  -0.0002677613  -0.0002227337  -0.0001504473  -0.0004808802
       -0.0003005898   0.0005587170  -0.0013742771  -0.0002972282   0.0007699551
       -0.0000650472   0.0003815833  -0.0000237071   0.0000263647   0.0000103029
       -0.0000634849   0.0002133934   0.0001545808  -0.0000912113  -0.0000340199
       -0.0000338474  -0.0000689049   0.0000874607   0.0001046629  -0.0002296357
       -0.0021310090  -0.0012594247
       -0.0403206724   0.0332866595  -0.1503541654  -0.1296705810  -0.2066787610
        0.5757215364   0.2312060739   0.1348295141  -0.3038686474   0.0095994320
        0.0038529879  -0.0040968233  -0.0042370817  -0.0017324102   0.0009929145
        0.0007174088  -0.0001087587   0.0007610173   0.0001402728   0.0004039914
       -0.0000131894  -0.0002015765   0.0002634005   0.0003551656  -0.0042250113
        0.0009839731  -0.0019462040  -0.0477465077   0.0052364128  -0.0741612278
       -0.0233727764   0.0024746121  -0.0062478309  -0.0027432053   0.0052488527
       -0.0021806769   0.0012115114   0.0004242798  -0.0004760383  -0.0007262996
       -0.0006665177  -0.0007589283   0.0001845188   0.0003351259  -0.0004139521
        0.0004239428  -0.0004873045  -0.0001106798   0.0005501423  -0.0001354569
        0.0005986532   0.0017688293   0.0058508228   0.0012142625   0.0153219299
       -0.0013582953   0.0035035286  -0.0012889771   0.0085487616  -0.0249675268
        0.0014917541   0.0060933818  -0.0033805351  -0.0076616345   0.0038867417
       -0.0069323535   0.0003593358   0.0002356696  -0.0000196922  -0.0002714602
       -0.0003215298  -0.0001082756  -0.0003672461   0.0000185602  -0.0000900992
       -0.0004131813   0.0003348096   0.0001664761   0.0001801319   0.0001153181
        0.0003305888  -0.0004674908  -0.0005192313  -0.0015031823  -0.0011089828
        0.0001092439  -0.0005070099   0.0000720563  -0.0000287924   0.0000666083
        0.0001100001   0.0001770877   0.0001235562   0.0001934635   0.0000333347
       -0.0000213057   0.0000861928   0.0002051472  -0.0000463750   0.0012056883
       -0.0009116307  -0.0016295885
        0.0030743031  -0.0097259814   0.0119228351  -0.2464744045  -0.1152116480
        0.2312060739   0.6596745849   0.1221119900  -0.2519653083  -0.2566428121
        0.0141422797  -0.0164150947  -0.0478678693  -0.0249194274   0.0059603046
        0.0072525492  -0.0031435544  -0.0002127241  -0.0051748699   0.0013677143
        0.0001571286   0.0046062870   0.0024630052   0.0026819560  -0.0502937104
        0.0248589718  -0.0028862563  -0.0638964812  -0.0133868131   0.0227078414
       -0.0011800160  -0.0015659116   0.0045118554  -0.0016570318  -0.0014116708
        0.0012382596   0.0013372454  -0.0003200961   0.0005592403  -0.0007327092
       -0.0004367703   0.0006451832   0.0004491286   0.0001145790  -0.0000748353
       -0.0002744391   0.0002317237  -0.0003010576   0.0003240761   0.0008155102
       -0.0010346531  -0.0040915132  -0.0011337830  -0.0003785984   0.0010600574
        0.0036665409  -0.0063285536   0.0001585012   0.0002803386  -0.0010047560
       -0.0000979427   0.0005952190   0.0000777497   0.0004285075   0.0010789900
       -0.0005396468   0.0012160285   0.0011991988  -0.0015204551  -0.0006174942
       -0.0003724314  -0.0002565410  -0.0000122253  -0.0000247284  -0.0001946888
       -0.0009963036   0.0004566381   0.0001741731   0.0020085348  -0.0017586630
        0.0006972785  -0.0012236412  -0.0001305159   0.0003154329   0.0000385673
        0.0000612415  -0.0000974629  -0.0001095150   0.0000782614  -0.0001248426
       -0.0002146673  -0.0000329231  -0.0000071474  -0.0002406523  -0.0000942434
        0.0000884947   0.0000316240  -0.0001272516   0.0001386857   0.0001383032
        0.0002742108   0.0002601295
       -0.0122448784   0.0094563073   0.0308863186  -0.0992570852  -0.1104326962
        0.1348295141   0.1221119900   0.1783586152  -0.1636355862   0.0042573126
       -0.0616896906   0.0009430926  -0.0353095244  -0.0032809762   0.0032300590
       -0.0000283568  -0.0064723087  -0.0010376248   0.0002463324   0.0021966866
       -0.0001100414   0.0005090386  -0.0046053434  -0.0011356111   0.0306157015
       -0.0011493554  -0.0046511504  -0.0171422745  -0.0076031294  -0.0049568233
        0.0034310171  -0.0011699226   0.0042060892  -0.0017051734  -0.0000481138
       -0.0001340586   0.0014056625   0.0000895836   0.0000179575  -0.0007770548
       -0.0001289073   0.0000277780   0.0002698937   0.0002615082  -0.0003026969
        0.0001337043  -0.0000879636  -0.0000390469   0.0001291786   0.0001475928
       -0.0001491581  -0.0012422199   0.0009701239   0.0003190069   0.0024884208
        0.0021591874  -0.0015816686   0.0017216469  -0.0022331250   0.0052183050
       -0.0004370439   0.0011581929  -0.0020015318  -0.0006238548   0.0003798000
       -0.0008078759  -0.0002386810   0.0020083755   0.0006645241  -0.0016418983
       -0.0001899540   0.0000480701  -0.0000903281   0.0001543857   0.0003476323
        0.0012477493  -0.0000752110   0.0003327162   0.0010642489   0.0014671025
        0.0008726626   0.0008283995   0.0003743079  -0.0008659663   0.0000112777
       -0.0000165457  -0.0000730352  -0.0000319435   0.0000000011  -0.0000176036
        0.0000234255   0.0000122513  -0.0000046426   0.0000054596   0.0000027329
        0.0000043303   0.0000196570   0.0000664124  -0.0000250472   0.0002502007
       -0.0000799247  -0.0004188878
        0.0225159088   0.0294805314  -0.0405034139   0.1945571396   0.1356305790
       -0.3038686474  -0.2519653083  -0.1636355862   0.3835096646   0.0109012283
       -0.0028811357  -0.0523841358   0.0020314861  -0.0019116385   0.0026185830
        0.0018253183  -0.0001235680   0.0063399062  -0.0014836109  -0.0003215898
       -0.0001967513   0.0027171881  -0.0006274150   0.0076343008   0.0028765647
        0.0027923497   0.0052212170   0.0251570544  -0.0013989998   0.0040112868
       -0.0046185345   0.0030456242  -0.0042162651   0.0019682814  -0.0002510859
        0.0002586362  -0.0017335807  -0.0001886976  -0.0002087391   0.0009278732
        0.0002240097   0.0000420994  -0.0003500467  -0.0002954826   0.0003621794
       -0.0001248087  -0.0000304606   0.0000274771  -0.0002862394  -0.0002072460
        0.0001806866   0.0015188146  -0.0000059151   0.0006777104  -0.0048388901
       -0.0011601319   0.0030782155  -0.0011956567   0.0021399393  -0.0044851285
       -0.0006584529   0.0018051608  -0.0050266240   0.0023299804  -0.0011712359
        0.0027133780  -0.0004506081  -0.0000043651  -0.0028052016   0.0001688560
        0.0001401372   0.0000923893   0.0000351477   0.0000647788  -0.0017100975
        0.0003437239  -0.0000933328  -0.0003088049  -0.0005218937   0.0005064228
       -0.0024420270  -0.0012570498  -0.0007820619   0.0010755450   0.0000310717
       -0.0000196189   0.0001250332   0.0000408264  -0.0000140008   0.0000231206
       -0.0000348107  -0.0000437701  -0.0000091340  -0.0000184991  -0.0000054740
       -0.0000061732  -0.0000505122  -0.0000525535   0.0000692533  -0.0003579610
       -0.0006041670   0.0001104606
        0.0022533327   0.0047101916  -0.0047853289  -0.0647737729  -0.0135291121
        0.0095994320  -0.2566428121   0.0042573126   0.0109012283   0.6311230404
        0.0072558750  -0.0310137656  -0.1243800413  -0.1136634574  -0.0027468687
       -0.0383566692  -0.0249599629   0.0020662712   0.0081653701  -0.0004183537
       -0.0006190912  -0.0380785965   0.0248781002   0.0024321618  -0.1246325930
        0.1127665607   0.0134822131   0.0055216476  -0.0025380905   0.0032587046
       -0.0003508862  -0.0004099141  -0.0005165594   0.0008963277   0.0004596291
       -0.0005779246  -0.0003514294  -0.0000122707  -0.0000576190   0.0003523647
        0.0003126563  -0.0003962394  -0.0001921033  -0.0000553024   0.0000593368
        0.0000302475  -0.0000781232   0.0001187105  -0.0002227648  -0.0004109261
        0.0004316359   0.0007860370  -0.0000583375   0.0005254484  -0.0036865655
       -0.0009964815   0.0014432184  -0.0002702410  -0.0001228099  -0.0005858435
        0.0000368097   0.0007379521  -0.0007305866   0.0009168025  -0.0001419862
       -0.0004186458   0.0068161728   0.0127435039   0.0015204073  -0.0056255906
        0.0000787760   0.0009534916   0.0009681754   0.0000295332  -0.0001954235
       -0.0054616692  -0.0001956322   0.0007656910   0.0054641176  -0.0122059605
       -0.0031039579  -0.0008043532   0.0011956603  -0.0013046668   0.0001520389
       -0.0000270447   0.0001229897   0.0000359679  -0.0000460525   0.0000681803
        0.0001576611   0.0000176157   0.0000049692   0.0001416814   0.0000572878
       -0.0000440813  -0.0000094826   0.0001426601  -0.0001808069   0.0000217757
        0.0002265037  -0.0004766811
       -0.0008249713  -0.0056000071  -0.0030073256  -0.0166552978  -0.0028564557
        0.0038529879   0.0141422797  -0.0616896906  -0.0028811357   0.0072558750
        0.6198425971   0.0063874853  -0.0543918133  -0.2520278348   0.0005258371
       -0.0798057118   0.0275888289   0.0064105730  -0.0001870706  -0.0647400743
       -0.0018817173   0.0802249131   0.0277602568  -0.0027043132   0.0521301406
       -0.2470515498  -0.0105392801  -0.0014134716   0.0110924763   0.0066831333
        0.0000430243  -0.0000259762  -0.0005420318   0.0001602341  -0.0002648364
       -0.0002238693  -0.0000760612  -0.0000205992   0.0000668813   0.0000475984
        0.0001106060   0.0000926626  -0.0000138881  -0.0000387021   0.0000334111
       -0.0000403056   0.0001797166   0.0000700031   0.0000701499  -0.0000627305
       -0.0000927316   0.0001478167  -0.0013026550  -0.0010068993   0.0000147892
        0.0003589694   0.0003872781  -0.0004515770   0.0002570627  -0.0008963793
        0.0003839865  -0.0007437517   0.0012751408  -0.0002524635   0.0001553334
        0.0004359248  -0.0110727344  -0.0268332433  -0.0003364307   0.0004157355
        0.0014593698  -0.0005726383  -0.0000293415  -0.0006932201  -0.0004043638
       -0.0005151297   0.0015376716  -0.0000694144   0.0108471310  -0.0267935914
       -0.0015299973  -0.0000949416   0.0001146934   0.0001737540   0.0000030420
        0.0000374997   0.0000340414   0.0000025301   0.0000022055  -0.0000010708
       -0.0000030655  -0.0000325764  -0.0000200815  -0.0000039470   0.0000023313
        0.0000097138   0.0000087945  -0.0000427000  -0.0000080699  -0.0000662489
        0.0003205764   0.0002789223
        0.0024708206  -0.0018812735   0.0001885006   0.0273940955   0.0017291382
       -0.0040968233  -0.0164150947   0.0009430926  -0.0523841358  -0.0310137656
        0.0063874853   0.1458409390   0.0033627159   0.0064800251  -0.0494093310
       -0.0002980684   0.0009202971  -0.0018833464  -0.0001314201  -0.0005066918
       -0.0060138711   0.0027064854  -0.0015010705  -0.0022021796   0.0093990531
       -0.0158834227  -0.0493446066   0.0005732088   0.0055796632   0.0005448597
       -0.0008889976  -0.0002906844   0.0000409019   0.0001628853  -0.0000348268
       -0.0001650287  -0.0001468267  -0.0000550259   0.0000497822   0.0000576720
        0.0000411645   0.0000406903  -0.0000209417  -0.0000295687   0.0000309011
       -0.0000259831   0.0000877909   0.0000102534   0.0000806492  -0.0000231392
       -0.0000481905   0.0000589639  -0.0004395063  -0.0005040420   0.0008855026
        0.0002706229   0.0002766270   0.0002809018   0.0001813027  -0.0004699224
        0.0003164889  -0.0001006000   0.0003005028   0.0002990095  -0.0000198880
       -0.0010095550  -0.0006360442  -0.0012035315   0.0017192835   0.0003965572
       -0.0001981440   0.0083739338  -0.0000397256  -0.0000021753   0.0004052820
        0.0010287822  -0.0002973297   0.0081973366   0.0001839650  -0.0003579470
        0.0013164907   0.0000652226   0.0000222915   0.0001641911  -0.0000879483
        0.0000463641  -0.0000313637  -0.0000154199   0.0000042168  -0.0000157146
       -0.0000116221  -0.0000112198  -0.0000118423  -0.0000109963   0.0000065563
        0.0000064064   0.0000013363  -0.0000090958  -0.0000043523   0.0000185389
        0.0001451300   0.0000874229
        0.0002309415  -0.0014625558   0.0001678017   0.0011409932   0.0010202722
       -0.0042370817  -0.0478678693  -0.0353095244   0.0020314861  -0.1243800413
       -0.0543918133   0.0033627159   0.6758325634  -0.0162882559  -0.0295874091
       -0.3423202893  -0.0381928895   0.0143474185  -0.0377742254   0.0832048788
        0.0045123543  -0.0458192655  -0.0306316432   0.0020180953   0.0521739615
       -0.0229101677  -0.0041998498  -0.0024604891   0.0019228510   0.0018211676
        0.0001137972  -0.0000493440   0.0002595231  -0.0000280528  -0.0001728295
        0.0001001557   0.0000362914  -0.0000403195   0.0000772328  -0.0000081426
       -0.0000823484   0.0001618311   0.0000522987  -0.0000065861   0.0000115658
       -0.0000170994   0.0000857736  -0.0000537191   0.0000433401   0.0001421316
       -0.0002160385  -0.0003108535  -0.0003184549  -0.0002571286   0.0004207669
        0.0004706630  -0.0005038026   0.0002171707   0.0000232586   0.0000467929
        0.0000222562  -0.0002399957   0.0003503450   0.0000414082  -0.0000340506
        0.0004550054  -0.1093665352   0.1111099218   0.0070049212  -0.0183389628
       -0.0030236126   0.0009515130  -0.0005956189   0.0027996884   0.0003851475
       -0.0001282075  -0.0007168401  -0.0001732475  -0.0007135697   0.0032929177
        0.0007671100   0.0000573047  -0.0002454040   0.0003245829  -0.0000793239
        0.0000341924  -0.0000618600  -0.0000314761   0.0000235024  -0.0000446819
       -0.0000678475  -0.0000137953  -0.0000089549  -0.0000653636  -0.0000249667
        0.0000275957   0.0000056901  -0.0000397738   0.0000453352  -0.0000155506
        0.0000651193   0.0001140772
        0.0000690377  -0.0000433690   0.0002621837   0.0051857271   0.0018332301
       -0.0017324102  -0.0249194274  -0.0032809762  -0.0019116385  -0.1136634574
       -0.2520278348   0.0064800251  -0.0162882559   0.6376122074   0.0131994076
        0.0375812434  -0.0936407928  -0.0037470577   0.0245654178   0.0254837627
       -0.0004690949  -0.0259060173  -0.0129116890   0.0013924467   0.0238689906
       -0.0587373188  -0.0027651652  -0.0009404601  -0.0001587180  -0.0004063829
        0.0003208933   0.0000610277  -0.0000020968  -0.0001205236  -0.0000821083
        0.0000888565   0.0000800325   0.0000293447   0.0000082616  -0.0000771770
       -0.0000328486   0.0000236823   0.0000219850   0.0000142141  -0.0000172909
       -0.0000066723  -0.0000086193   0.0000088137   0.0000308776   0.0000116013
       -0.0000177314  -0.0001654613   0.0000281882  -0.0000057439   0.0004576760
        0.0001429599  -0.0001642688   0.0003012559  -0.0000077841   0.0000615463
       -0.0000266232  -0.0000753167   0.0000273174  -0.0001057963  -0.0001969313
        0.0006903959   0.1111350734  -0.2336226797  -0.0119996965  -0.0268147533
       -0.0024679550   0.0013828123   0.0033444566  -0.0040985174  -0.0004104747
       -0.0006325028   0.0006353851  -0.0001056906   0.0026857770  -0.0043082661
       -0.0002176444   0.0000653117  -0.0000962904   0.0002645752  -0.0000021360
       -0.0000176269   0.0000033559   0.0000082903  -0.0000035613   0.0000079638
       -0.0000013218  -0.0000009120   0.0000064325  -0.0000014695   0.0000049001
        0.0000042002  -0.0000100637   0.0000008969   0.0000087858  -0.0000399270
       -0.0000376024   0.0000513252
       -0.0000166879  -0.0001916828   0.0002507664  -0.0006952810  -0.0011567887
        0.0009929145   0.0059603046   0.0032300590   0.0026185830  -0.0027468687
        0.0005258371  -0.0494093310  -0.0295874091   0.0131994076   0.1095621906
        0.0144455728   0.0013952865  -0.0439343339   0.0030951188  -0.0040492333
        0.0011336347   0.0012073047   0.0009546896  -0.0047940922  -0.0011814913
       -0.0013623659   0.0016439015   0.0006549777  -0.0000026224   0.0000065801
       -0.0000255380   0.0000488271  -0.0001861998   0.0000831119  -0.0000219149
        0.0000490147  -0.0000814788  -0.0000235953   0.0000041373   0.0000656177
       -0.0000209386   0.0000333418  -0.0000120648  -0.0000174841   0.0000226744
        0.0000031550   0.0000203483  -0.0000301479  -0.0000044520   0.0000289104
       -0.0000339471   0.0000483621   0.0000262318   0.0000213806  -0.0001307488
       -0.0000608709   0.0000712877  -0.0000727514  -0.0000444488   0.0001642537
        0.0001049478  -0.0000339553   0.0001111020   0.0001010603  -0.0000095195
        0.0000540108   0.0073690726  -0.0115295341  -0.0331200354   0.0003556112
        0.0000210145   0.0006744495   0.0005136658  -0.0004966655   0.0072423076
       -0.0000250537   0.0000785637  -0.0002084335   0.0005656860  -0.0005101889
        0.0070244247   0.0000366288   0.0000194545   0.0000030661   0.0000090028
        0.0000114198  -0.0000032816  -0.0000046732   0.0000034926  -0.0000119599
       -0.0000179194  -0.0000013924   0.0000037599  -0.0000146447  -0.0000066561
        0.0000134987   0.0000028491  -0.0000103807   0.0000171209  -0.0000049872
       -0.0000133044   0.0000133608
        0.0000605711   0.0003835148  -0.0006329506  -0.0036423194  -0.0013991672
        0.0007174088   0.0072525492  -0.0000283568   0.0018253183  -0.0383566692
       -0.0798057118  -0.0002980684  -0.3423202893   0.0375812434   0.0144455728
        0.6607645012   0.0088216144  -0.0283320564  -0.1527306309   0.0610498492
        0.0079061082   0.0581968520   0.0302915856  -0.0030662244  -0.0463916858
        0.0254274792   0.0039916685   0.0006154867   0.0001815863   0.0002827637
       -0.0000207814   0.0000019144  -0.0000802402   0.0000905861   0.0000578516
       -0.0000856641  -0.0000433484   0.0000007398  -0.0000033637   0.0000258967
        0.0000472766  -0.0000602029  -0.0000356417  -0.0000038785   0.0000081442
       -0.0000027934  -0.0000106465   0.0000273911  -0.0000024557  -0.0000473511
        0.0000549200   0.0000873752  -0.0000280259   0.0000224599  -0.0002498914
       -0.0000954686   0.0001911441  -0.0001806055  -0.0000029092  -0.0001727363
        0.0001286141   0.0002073199  -0.0001229172  -0.0000673206  -0.0002304436
       -0.0002338534  -0.0176857426   0.0025595200   0.0007466478  -0.1058835507
       -0.1085664192   0.0009557196  -0.0188164348   0.0261521592   0.0017531710
       -0.0005074290  -0.0034383171   0.0004188264  -0.0002118961   0.0007902646
       -0.0001300303  -0.0001094686   0.0000607431  -0.0000815915   0.0000020368
       -0.0000107428   0.0000237579   0.0000023658  -0.0000094958   0.0000178711
        0.0000225447   0.0000027997   0.0000059961   0.0000190830   0.0000104676
       -0.0000069702  -0.0000049596   0.0000181844  -0.0000263535  -0.0000045486
        0.0000308205  -0.0000616662
        0.0000938525   0.0000954829   0.0000163990  -0.0008763609   0.0001739095
       -0.0001087587  -0.0031435544  -0.0064723087  -0.0001235680  -0.0249599629
        0.0275888289   0.0009202971  -0.0381928895  -0.0936407928   0.0013952865
        0.0088216144   0.6621366159   0.0157772997   0.1402481883  -0.2672735848
       -0.0143254302  -0.0294397490  -0.0683569126   0.0002451532   0.0304319237
       -0.0123507726  -0.0029132356  -0.0002987384   0.0004350841   0.0003976980
       -0.0000001958   0.0000276130   0.0000217473  -0.0000075595  -0.0000175776
        0.0000010424   0.0000044543  -0.0000008998  -0.0000057833  -0.0000039324
        0.0000202539   0.0000104060  -0.0000040407  -0.0000019953  -0.0000057070
       -0.0000121998   0.0000002557   0.0000114377  -0.0000030508  -0.0000179548
        0.0000076204  -0.0000106429  -0.0000836522  -0.0000703963   0.0000185792
        0.0000116838  -0.0000058641   0.0000998685  -0.0000117847   0.0000469124
       -0.0000541958   0.0000394874  -0.0000287974  -0.0001184556  -0.0000023526
        0.0001429520   0.0265423737  -0.0021036658  -0.0011445605  -0.1086465670
       -0.2353978847   0.0000528193   0.0017701899  -0.0010345428  -0.0001703416
       -0.0028376520  -0.0043209364  -0.0001842281   0.0005888448   0.0006224891
       -0.0000238722  -0.0000097448  -0.0000574704   0.0000510815  -0.0000001088
       -0.0000002171   0.0000077684   0.0000000306  -0.0000022548   0.0000079239
        0.0000026254  -0.0000046364  -0.0000010060   0.0000010910  -0.0000016579
       -0.0000055484  -0.0000000612  -0.0000073526  -0.0000075645  -0.0000039742
        0.0000095036   0.0000108172
       -0.0001899555   0.0006250443   0.0001712908  -0.0013420578  -0.0003657453
        0.0007610173  -0.0002127241  -0.0010376248   0.0063399062   0.0020662712
        0.0064105730  -0.0018833464   0.0143474185  -0.0037470577  -0.0439343339
       -0.0283320564   0.0157772997   0.1174576053   0.0104159365  -0.0100572953
       -0.0479560857  -0.0039394674  -0.0034820426   0.0012719608   0.0028736427
       -0.0015267277  -0.0051286632  -0.0000113363  -0.0006672287  -0.0001562689
        0.0001077925   0.0000486364  -0.0000196646  -0.0000270295   0.0000026804
        0.0000074125   0.0000190785   0.0000073082  -0.0000128279  -0.0000122105
        0.0000072899  -0.0000153087   0.0000012839   0.0000027476  -0.0000103099
        0.0000057681  -0.0000150839   0.0000099775  -0.0000131632  -0.0000044865
        0.0000149735   0.0000116354   0.0000565783   0.0000648170  -0.0001140109
       -0.0000314578  -0.0000022229   0.0000560153  -0.0000337798   0.0001294415
       -0.0000728808   0.0000546029  -0.0001250604   0.0000556617   0.0000275850
        0.0000086922   0.0019227789  -0.0003346172  -0.0001042984   0.0008793999
        0.0000482542  -0.0344219390   0.0011461931  -0.0015541797  -0.0001009529
        0.0003318560  -0.0001296086   0.0078379606  -0.0000036473  -0.0000461762
       -0.0001817496   0.0000056572  -0.0000011159  -0.0000153969   0.0000178877
       -0.0000137096   0.0000019530   0.0000061477  -0.0000077623   0.0000010272
        0.0000056112   0.0000003353  -0.0000019474   0.0000027560   0.0000066223
       -0.0000028354  -0.0000046011   0.0000050540   0.0000016628  -0.0000036507
       -0.0000249118  -0.0000064858
       -0.0001799215  -0.0003424193   0.0001622281   0.0017586183   0.0003536143
        0.0001402728  -0.0051748699   0.0002463324  -0.0014836109   0.0081653701
       -0.0001870706  -0.0001314201  -0.0377742254   0.0245654178   0.0030951188
       -0.1527306309   0.1402481883   0.0104159365   0.6722521144   0.0023627454
       -0.0312726594  -0.1525103280  -0.1414083123   0.0013755579  -0.0372863164
       -0.0249345887   0.0018392508  -0.0001510964   0.0001676038  -0.0000410430
        0.0000517216   0.0000368225  -0.0000236117  -0.0000358537  -0.0000184545
        0.0000359592   0.0000029828   0.0000000136  -0.0000059572  -0.0000144220
       -0.0000062000   0.0000150310  -0.0000027011   0.0000003405  -0.0000053082
       -0.0000200881  -0.0000065811   0.0000045256   0.0000049142   0.0000057687
       -0.0000016927  -0.0000516442  -0.0000148129  -0.0000346779   0.0001688253
        0.0000500017  -0.0000617433   0.0000183336   0.0000433870  -0.0000539093
        0.0000993846   0.0000504914   0.0000573820  -0.0001444645  -0.0000647548
        0.0000125324  -0.0057719599   0.0001610849   0.0006311283   0.0066897634
       -0.0126388189  -0.0007355077  -0.2983301643  -0.0010491556   0.0149939559
        0.0067077347   0.0127753720   0.0000081179  -0.0057515750  -0.0002901905
        0.0009155933   0.0000302551  -0.0000824162   0.0001235999  -0.0000100317
       -0.0000076284   0.0000052850   0.0000008534  -0.0000055425   0.0000069130
       -0.0000055455  -0.0000029338   0.0000028832  -0.0000051085  -0.0000008126
       -0.0000027710  -0.0000011452  -0.0000032676  -0.0000013364   0.0000012208
       -0.0000032240   0.0000139769
       -0.0001049869  -0.0001130417  -0.0001576240  -0.0001906104  -0.0002757390
        0.0004039914   0.0013677143   0.0021966866  -0.0003215898  -0.0004183537
       -0.0647400743  -0.0005066918   0.0832048788   0.0254837627  -0.0040492333
        0.0610498492  -0.2672735848  -0.0100572953   0.0023627454   0.6449542577
        0.0162382637  -0.0622410939  -0.2710094488  -0.0053819294  -0.0839411218
        0.0243190557   0.0071646686   0.0001194670   0.0001742840   0.0000325244
       -0.0001008338  -0.0000377525   0.0000599209   0.0000194855   0.0000187882
       -0.0000184262  -0.0000011204  -0.0000040361  -0.0000069312   0.0000116635
        0.0000045082   0.0000015891  -0.0000016686   0.0000009831  -0.0000010090
       -0.0000010443   0.0000064927  -0.0000038209  -0.0000054543  -0.0000049832
        0.0000086091   0.0000128314   0.0000083966  -0.0000175301  -0.0000018723
       -0.0000058255   0.0000291222  -0.0001830851   0.0000548485  -0.0000923595
        0.0001520565   0.0001538872  -0.0000367517  -0.0000336110  -0.0001507893
       -0.0002375875  -0.0005462852   0.0015710895  -0.0005378809   0.0116042056
       -0.0264627876  -0.0014205493  -0.0010779710  -0.0439865796  -0.0002752553
       -0.0114678726  -0.0264918252  -0.0002621316   0.0004578678   0.0015691546
       -0.0004276013  -0.0000500180  -0.0000038141  -0.0000615718  -0.0000123866
        0.0000051106  -0.0000155074  -0.0000056498   0.0000006587  -0.0000074238
       -0.0000010394   0.0000020008  -0.0000024560  -0.0000018456   0.0000035412
       -0.0000001183   0.0000026389   0.0000065702  -0.0000083326   0.0000225206
        0.0000262049  -0.0000310812
       -0.0000357331   0.0000108592   0.0000176506  -0.0000493350   0.0000100869
       -0.0000131894   0.0001571286  -0.0001100414  -0.0001967513  -0.0006190912
       -0.0018817173  -0.0060138711   0.0045123543  -0.0004690949   0.0011336347
        0.0079061082  -0.0143254302  -0.0479560857  -0.0312726594   0.0162382637
        0.1139424629   0.0040643562   0.0006140507  -0.0470467604  -0.0005640892
        0.0024912359   0.0014532035   0.0000229733   0.0000113045   0.0000252302
       -0.0000063602   0.0000023540  -0.0000015834  -0.0000021041   0.0000028450
        0.0000010723  -0.0000004619  -0.0000045316   0.0000018588   0.0000032214
        0.0000034895   0.0000008243  -0.0000005349  -0.0000024632   0.0000002911
        0.0000023793  -0.0000015506   0.0000029095   0.0000044027  -0.0000014307
       -0.0000071583   0.0000084354  -0.0000001653   0.0000036083  -0.0000117879
       -0.0000026280  -0.0000027260  -0.0000205172   0.0000013340   0.0000120278
        0.0000215615   0.0000085541  -0.0000105385  -0.0000071772  -0.0000118197
       -0.0000013389   0.0007286626  -0.0001541427   0.0080921614   0.0000013368
       -0.0000825819   0.0008003391   0.0150518739  -0.0003748554  -0.0329564792
       -0.0007564879  -0.0017054037   0.0007652191   0.0008632777  -0.0002547023
        0.0079538318  -0.0000033281   0.0000012624  -0.0000078289   0.0000022125
        0.0000015829   0.0000022585  -0.0000003372  -0.0000007320   0.0000028863
       -0.0000003589  -0.0000019064   0.0000023298   0.0000006908  -0.0000037173
        0.0000000998  -0.0000003800  -0.0000044150   0.0000007727  -0.0000002316
       -0.0000038933  -0.0000003615
        0.0004918688   0.0005327439  -0.0003750215  -0.0028256102  -0.0005239752
       -0.0002015765   0.0046062870   0.0005090386   0.0027171881  -0.0380785965
        0.0802249131   0.0027064854  -0.0458192655  -0.0259060173   0.0012073047
        0.0581968520  -0.0294397490  -0.0039394674  -0.1525103280  -0.0622410939
        0.0040643562   0.6578836614  -0.0049950379  -0.0321771829  -0.3384851022
       -0.0397201357   0.0155214313   0.0004781405  -0.0005340085  -0.0000958053
        0.0001065776   0.0000229902  -0.0001557353   0.0000514569   0.0000307522
       -0.0000260853  -0.0000440129   0.0000193481  -0.0000237340   0.0000121166
        0.0000361053  -0.0000574618  -0.0000391297  -0.0000012641  -0.0000005299
       -0.0000060245  -0.0000243375   0.0000297633  -0.0000149755  -0.0000631825
        0.0000771142   0.0000458329   0.0000359475   0.0000843314  -0.0002099022
       -0.0001334032   0.0001752429   0.0002530898  -0.0000821610   0.0000337591
       -0.0001847244  -0.0000439864  -0.0001304359  -0.0002250666   0.0002692835
        0.0004892415  -0.0001532718  -0.0008094249   0.0003173177  -0.0005386841
        0.0034114678   0.0005558698  -0.0188027657  -0.0263799305   0.0000915191
       -0.1064812100   0.1084044727   0.0075928100  -0.0177136473  -0.0026681026
        0.0015030812   0.0000021615   0.0000656063   0.0000130316   0.0000177558
       -0.0000191149   0.0000359144   0.0000094391  -0.0000130455   0.0000216145
        0.0000257529   0.0000013442   0.0000058456   0.0000215911   0.0000148624
       -0.0000091544  -0.0000156595   0.0000243433  -0.0000215188  -0.0000546075
       -0.0000052485  -0.0000295131
       -0.0000093212  -0.0005544908  -0.0002320064   0.0003388059  -0.0005482613
        0.0002634005   0.0024630052  -0.0046053434  -0.0006274150   0.0248781002
        0.0277602568  -0.0015010705  -0.0306316432  -0.0129116890   0.0009546896
        0.0302915856  -0.0683569126  -0.0034820426  -0.1414083123  -0.2710094488
        0.0006140507  -0.0049950379   0.6633939947   0.0192092581   0.0366622957
       -0.0931836266  -0.0038388596   0.0001450632   0.0007160464   0.0002588402
        0.0000086251  -0.0000301422  -0.0000481369   0.0000213410   0.0000055996
       -0.0000220555  -0.0000094870  -0.0000092586   0.0000047119   0.0000096870
       -0.0000034165   0.0000007293   0.0000021558  -0.0000055377   0.0000058120
        0.0000095290   0.0000160957   0.0000004272   0.0000055889   0.0000024826
       -0.0000136809   0.0000319172  -0.0000642918  -0.0000464013   0.0000059089
        0.0000048142   0.0000341794  -0.0000380047   0.0000393559  -0.0000011979
        0.0000619773  -0.0001040700   0.0000501175   0.0000451764   0.0000836723
       -0.0000628913  -0.0006062900   0.0005720736   0.0001535765   0.0028403931
       -0.0042728559  -0.0004096855  -0.0019494866  -0.0012848820  -0.0001758352
        0.1086089013  -0.2333247422  -0.0129102098  -0.0267714081  -0.0023980021
        0.0018469966  -0.0000048729   0.0000421217  -0.0000375271  -0.0000052666
        0.0000073550  -0.0000039086  -0.0000022001  -0.0000008492  -0.0000077075
       -0.0000012750  -0.0000018164  -0.0000017327  -0.0000021165   0.0000008309
        0.0000063768   0.0000038909   0.0000002453   0.0000041564   0.0000007743
        0.0000246921   0.0000150413
       -0.0000004121  -0.0000326978  -0.0004806872  -0.0017108970   0.0002253040
        0.0003551656   0.0026819560  -0.0011356111   0.0076343008   0.0024321618
       -0.0027043132  -0.0022021796   0.0020180953   0.0013924467  -0.0047940922
       -0.0030662244   0.0002451532   0.0012719608   0.0013755579  -0.0053819294
       -0.0470467604  -0.0321771829   0.0192092581   0.1176179790   0.0191416002
        0.0004566071  -0.0444850234  -0.0001303534  -0.0003788185  -0.0000347016
        0.0000578012  -0.0000102449   0.0000172097  -0.0000130322   0.0000108274
        0.0000156391   0.0000149306   0.0000048958  -0.0000052117   0.0000004029
       -0.0000041106  -0.0000023541   0.0000013952   0.0000054830  -0.0000052695
        0.0000025440  -0.0000038346  -0.0000070464  -0.0000002777   0.0000021554
       -0.0000053916  -0.0000176955   0.0000496888   0.0000407977  -0.0000348651
       -0.0000139814  -0.0000371223  -0.0000066775   0.0000055265  -0.0000260727
        0.0000342294  -0.0000417303  -0.0000079423   0.0000885858   0.0000681597
       -0.0000544521   0.0000015089   0.0000671819  -0.0001949946   0.0005584130
       -0.0005214521   0.0077001814   0.0010345984   0.0014883425  -0.0000304818
        0.0077072270  -0.0129028194  -0.0350371296   0.0000346222  -0.0001287123
       -0.0001343054  -0.0000336338   0.0000260790  -0.0000498432   0.0000085327
        0.0000025325   0.0000026484   0.0000012005   0.0000045856   0.0000018998
        0.0000002082   0.0000042169   0.0000017032   0.0000011984  -0.0000033037
       -0.0000030721  -0.0000014360   0.0000001480  -0.0000021082  -0.0000040816
       -0.0000050330  -0.0000132433
       -0.0001152375   0.0003239552   0.0012487039   0.0053719103   0.0055866990
       -0.0042250113  -0.0502937104   0.0306157015   0.0028765647  -0.1246325930
        0.0521301406   0.0093990531   0.0521739615   0.0238689906  -0.0011814913
       -0.0463916858   0.0304319237   0.0028736427  -0.0372863164  -0.0839411218
       -0.0005640892  -0.3384851022   0.0366622957   0.0191416002   0.6686417632
        0.0180666240  -0.0317666782  -0.0015342782  -0.0022317002  -0.0007525500
       -0.0000853583  -0.0000960742   0.0004291992  -0.0000922179  -0.0000798595
        0.0001449826   0.0000508530  -0.0000516854   0.0000774288  -0.0000214181
       -0.0001166777   0.0001146128   0.0000499784   0.0000013723   0.0000069487
       -0.0000067003   0.0000106157  -0.0000780497   0.0000346595   0.0001698511
       -0.0001885616  -0.0003327828   0.0002039832   0.0001429676   0.0004414049
        0.0002794753  -0.0006890496   0.0000312440  -0.0000155168   0.0000073222
        0.0000262428   0.0000735579  -0.0000483902  -0.0002965941  -0.0001200227
        0.0009272700  -0.0009126279  -0.0032180640   0.0000010939  -0.0001857486
        0.0007129096  -0.0000557206  -0.0005149855  -0.0027724773   0.0006748802
       -0.0185109733   0.0029623028   0.0014927183  -0.1070322943  -0.1091293526
       -0.0002223715   0.0001185160  -0.0002713253   0.0002554205  -0.0000819881
        0.0000182462  -0.0000755053  -0.0000324219   0.0000215341  -0.0000412985
       -0.0000627024  -0.0000009746   0.0000006828  -0.0000624016  -0.0000253802
        0.0000237559   0.0000054011  -0.0000222077   0.0000489302   0.0000242038
       -0.0000477388   0.0000009889
        0.0001510222   0.0000308529  -0.0001003794  -0.0063303866  -0.0014533688
        0.0009839731   0.0248589718  -0.0011493554   0.0027923497   0.1127665607
       -0.2470515498  -0.0158834227  -0.0229101677  -0.0587373188  -0.0013623659
        0.0254274792  -0.0123507726  -0.0015267277  -0.0249345887   0.0243190557
        0.0024912359  -0.0397201357  -0.0931836266   0.0004566071   0.0180666240
        0.6340878169   0.0181793526   0.0007492955  -0.0007100167   0.0001118585
       -0.0001589054  -0.0000795257  -0.0000687415   0.0000963601   0.0000558362
       -0.0000501383  -0.0000742357  -0.0000196906   0.0000026724   0.0000655082
        0.0000217093  -0.0000289971  -0.0000213313  -0.0000169391   0.0000196132
        0.0000146428  -0.0000139694  -0.0000049769  -0.0000316133  -0.0000309126
        0.0000160386   0.0001250045   0.0000739319   0.0001245118  -0.0005298162
       -0.0001404593   0.0001604894   0.0000565790  -0.0000888133  -0.0001651194
       -0.0003779554  -0.0002036859   0.0001504681   0.0003847972   0.0005766947
       -0.0006114159  -0.0025839658  -0.0042749858  -0.0001238281   0.0006468991
        0.0006488627   0.0001406111  -0.0033267983  -0.0041375857  -0.0001349243
        0.0267605033  -0.0023352883  -0.0018185389  -0.1092445199  -0.2340432161
       -0.0035327115   0.0000467063   0.0001726450  -0.0002011331   0.0000300652
        0.0000141560   0.0000091308   0.0000020217   0.0000072501  -0.0000014812
        0.0000048448   0.0000086874  -0.0000038009   0.0000003799   0.0000022822
       -0.0000032334  -0.0000038773   0.0000019824   0.0000011421  -0.0000059681
       -0.0000006828  -0.0000181181
        0.0005901373  -0.0001633049  -0.0003196181   0.0012605870   0.0023043063
       -0.0019462040  -0.0028862563  -0.0046511504   0.0052212170   0.0134822131
       -0.0105392801  -0.0493446066  -0.0041998498  -0.0027651652   0.0016439015
        0.0039916685  -0.0029132356  -0.0051286632   0.0018392508   0.0071646686
        0.0014532035   0.0155214313  -0.0038388596  -0.0444850234  -0.0317666782
        0.0181793526   0.1100678192  -0.0006251309   0.0000790464   0.0001653186
        0.0002424212   0.0000295273   0.0000455702  -0.0000748942   0.0000228002
       -0.0000177921   0.0000847320   0.0000246305  -0.0000167536  -0.0000706117
        0.0000401042  -0.0000500333   0.0000008275   0.0000159554  -0.0000213975
       -0.0000036474  -0.0000214254   0.0000456959   0.0000156644  -0.0000472855
        0.0000627020  -0.0000357373  -0.0000597256  -0.0000197244   0.0001189820
       -0.0000138654  -0.0000081108   0.0002566493  -0.0000759062   0.0000432152
       -0.0003175992  -0.0001185588   0.0000303609   0.0006999015   0.0001503367
       -0.0005018656   0.0003685908   0.0000014296   0.0072126117   0.0000060205
        0.0000175879  -0.0001675900   0.0002903949  -0.0002469925   0.0073854860
        0.0018002259  -0.0002979156   0.0007363723  -0.0006303502  -0.0022476102
       -0.0321020789  -0.0000149516   0.0000195446  -0.0000615803   0.0000391425
       -0.0000309207   0.0000428574   0.0000202549  -0.0000154712   0.0000307193
        0.0000324288  -0.0000007863   0.0000058251   0.0000303976   0.0000090845
       -0.0000120386  -0.0000119132   0.0000057091  -0.0000146688  -0.0000543022
       -0.0000166247   0.0000248733
       -0.0113025213   0.0049587093  -0.0100510579  -0.1789034794   0.0162345576
       -0.0477465077  -0.0638964812  -0.0171422745   0.0251570544   0.0055216476
       -0.0014134716   0.0005732088  -0.0024604891  -0.0009404601   0.0006549777
        0.0006154867  -0.0002987384  -0.0000113363  -0.0001510964   0.0001194670
        0.0000229733   0.0004781405   0.0001450632  -0.0001303534  -0.0015342782
        0.0007492955  -0.0006251309   0.6154861500   0.0670618077  -0.0170240748
       -0.0957192813   0.0386158022  -0.0594450558  -0.0147048045   0.0170639370
       -0.0265698330   0.0034887574  -0.0043517063   0.0079447322  -0.0005929711
       -0.0005273355   0.0004603691   0.0008926652  -0.0014799728   0.0021851231
       -0.0043285054   0.0011414358  -0.0026198389   0.0022122518   0.0033933600
       -0.0052661920  -0.0564267491  -0.0125411153   0.0079556308  -0.2022549050
       -0.1035588187   0.1154926745  -0.0005466341  -0.0001589319   0.0002051456
       -0.0006343637   0.0000857009  -0.0003436508  -0.0002230739   0.0003739731
       -0.0011067470   0.0000285500   0.0001557854  -0.0000044769  -0.0001435832
       -0.0001106737  -0.0000662101  -0.0001196173   0.0000148954   0.0000116246
       -0.0000988161   0.0001166124   0.0000598782  -0.0000437788   0.0001231391
        0.0001107406   0.0051427177  -0.0111701249   0.0153282903  -0.0050996262
       -0.0002361066  -0.0025342958   0.0001699860   0.0000146871   0.0000378865
        0.0000090381   0.0000473449   0.0000088470  -0.0004869377   0.0000332753
        0.0000295457   0.0000769844   0.0000550571  -0.0000616821   0.0055496177
        0.0034258241  -0.0026322588
        0.0105847985   0.0032388412   0.0054391282   0.0105321848  -0.0594551361
        0.0052364128  -0.0133868131  -0.0076031294  -0.0013989998  -0.0025380905
        0.0110924763   0.0055796632   0.0019228510  -0.0001587180  -0.0000026224
        0.0001815863   0.0004350841  -0.0006672287   0.0001676038   0.0001742840
        0.0000113045  -0.0005340085   0.0007160464  -0.0003788185  -0.0022317002
       -0.0007100167   0.0000790464   0.0670618077   0.2973914699  -0.2362601598
        0.0054328252  -0.1143362496   0.0902161500   0.0442654263   0.0040541419
        0.0040133365  -0.0142714523  -0.0169187538   0.0128464307   0.0096896653
        0.0016719480  -0.0009254500  -0.0019686840  -0.0055225746   0.0080098348
       -0.0081450347   0.0036102923  -0.0064011916   0.0121905972   0.0082782397
       -0.0010562209  -0.0370162811   0.0032902942  -0.0083129929  -0.0730623611
       -0.1197734078   0.0930519568   0.0002836054   0.0001064314   0.0006067518
       -0.0007277768   0.0004387926  -0.0005519379   0.0003614068   0.0000287400
        0.0025276798   0.0001367895   0.0000775843   0.0001520605   0.0001216124
        0.0000168159  -0.0000102281  -0.0000056942   0.0000073560   0.0001557511
       -0.0002878443   0.0000488137   0.0000117404  -0.0000630176  -0.0000145283
        0.0002355273   0.0015030335  -0.0075772700   0.0131541321  -0.0005069316
        0.0067940556   0.0039845600   0.0000600749  -0.0000750876  -0.0001632436
       -0.0000136649   0.0000043091   0.0000480632   0.0000901666  -0.0004997388
       -0.0004604561   0.0001952688  -0.0000426680  -0.0000446721  -0.0100219491
       -0.0087887379   0.0112746921
       -0.0226952238   0.0045185391  -0.0090652867  -0.0363082737   0.0080457800
       -0.0741612278   0.0227078414  -0.0049568233   0.0040112868   0.0032587046
        0.0066831333   0.0005448597   0.0018211676  -0.0004063829   0.0000065801
        0.0002827637   0.0003976980  -0.0001562689  -0.0000410430   0.0000325244
        0.0000252302  -0.0000958053   0.0002588402  -0.0000347016  -0.0007525500
        0.0001118585   0.0001653186  -0.0170240748  -0.2362601598   0.4698647943
       -0.0132900554   0.0957387218  -0.1912213092  -0.0667613229  -0.0016978101
       -0.0087992705   0.0224327747   0.0149583933  -0.0232818036  -0.0141547194
       -0.0027243953   0.0012551582   0.0029301158   0.0082971999  -0.0108406101
        0.0109903155  -0.0047580070   0.0090339829  -0.0185318660  -0.0027733685
        0.0065008191   0.0426599514  -0.0050339241   0.0153772446   0.0741571025
        0.0881439012  -0.1576572140  -0.0005780699   0.0001147119   0.0003531832
       -0.0006092570   0.0003925092  -0.0005351517  -0.0018496062   0.0024274980
       -0.0041313829   0.0000235507  -0.0000212273  -0.0000108517   0.0001870189
        0.0000265773  -0.0000188450   0.0000081168   0.0000022555   0.0000302290
       -0.0000320232  -0.0000004541  -0.0000080873  -0.0001066496   0.0000181151
        0.0000403142  -0.0014671658   0.0111293642  -0.0147383826  -0.0016512452
        0.0041147819   0.0036866118  -0.0000423258  -0.0001608293   0.0000370272
        0.0000165981   0.0000439950  -0.0000479709  -0.0000901257  -0.0004720408
       -0.0001840985  -0.0002381688  -0.0000608721  -0.0000960975   0.0148435497
        0.0138698967  -0.0159440796
       -0.0047849287  -0.0005414818  -0.0004882118  -0.0220237962   0.0137620776
       -0.0233727764  -0.0011800160   0.0034310171  -0.0046185345  -0.0003508862
        0.0000430243  -0.0008889976   0.0001137972   0.0003208933  -0.0000255380
       -0.0000207814  -0.0000001958   0.0001077925   0.0000517216  -0.0001008338
       -0.0000063602   0.0001065776   0.0000086251   0.0000578012  -0.0000853583
       -0.0001589054   0.0002424212  -0.0957192813   0.0054328252  -0.0132900554
        0.7185085345   0.0537913409   0.0275110273  -0.3699730983   0.0320560075
       -0.1028798724  -0.0694215013  -0.0289713864   0.0286287971   0.0172219979
        0.0008476196   0.0010521001  -0.0048572217  -0.0087573102   0.0114866959
       -0.0084063140   0.0045386167  -0.0079729869   0.0099662579   0.0032185179
       -0.0027461139  -0.0266640277   0.0062468417  -0.0128429122   0.0411987633
        0.0021109468   0.0044569157   0.0001558516  -0.0001053565   0.0001125431
        0.0000823114  -0.0000189048   0.0001029979  -0.0005095901   0.0005782885
       -0.0013982702  -0.0000657283  -0.0000773178  -0.0000631732  -0.0000664102
       -0.0000322014   0.0000050933  -0.0000393889  -0.0000049279  -0.0000229811
       -0.0000518933   0.0000250419  -0.0000103433   0.0000150214  -0.0000462043
       -0.0000845525  -0.1703310941  -0.0863050055   0.0991950402  -0.0109694400
        0.0020054875  -0.0049454698   0.0003850272   0.0000101073   0.0000645605
       -0.0001973551  -0.0001234953   0.0002388658   0.0000676503   0.0000385134
       -0.0000593108   0.0002039004   0.0001110394  -0.0000609792  -0.0023593015
       -0.0033333047   0.0025147877
       -0.0005777200   0.0017861226  -0.0001576838   0.0113082046   0.0001377398
        0.0024746121  -0.0015659116  -0.0011699226   0.0030456242  -0.0004099141
       -0.0000259762  -0.0002906844  -0.0000493440   0.0000610277   0.0000488271
        0.0000019144   0.0000276130   0.0000486364   0.0000368225  -0.0000377525
        0.0000023540   0.0000229902  -0.0000301422  -0.0000102449  -0.0000960742
       -0.0000795257   0.0000295273   0.0386158022  -0.1143362496   0.0957387218
        0.0537913409   0.2798966379  -0.2265143310  -0.0069084734  -0.0603721738
        0.0241461674  -0.0030861853   0.0091583567  -0.0116679432  -0.0098654892
        0.0009673028   0.0048927531   0.0010681126   0.0039298492  -0.0050193184
        0.0045617336  -0.0017721159   0.0038447555  -0.0063233923  -0.0021092316
        0.0016915153   0.0159241496  -0.0043248404   0.0016976343  -0.0226048832
       -0.0200135265   0.0263526627  -0.0000983624  -0.0001067978   0.0002172378
       -0.0001872762   0.0000575135  -0.0001170879  -0.0001005201   0.0000111205
        0.0000623226   0.0000054726  -0.0000424389  -0.0000239256  -0.0000217749
       -0.0000272259  -0.0000042636  -0.0000373830   0.0000033069  -0.0000081663
       -0.0000157953   0.0000323124  -0.0000037390   0.0000365485   0.0000513072
       -0.0000368232  -0.0865292676  -0.0940570606   0.0691488116   0.0157361084
       -0.0012763621   0.0055725324  -0.0000125109  -0.0001629879   0.0000725408
       -0.0000825845  -0.0006064313  -0.0003320175   0.0000730262   0.0000267584
        0.0000128547   0.0000200883  -0.0000278849  -0.0002367692  -0.0026294525
        0.0044316778   0.0053229067
       -0.0006878150   0.0002158680   0.0011628586  -0.0229341097   0.0025446196
       -0.0062478309   0.0045118554   0.0042060892  -0.0042162651  -0.0005165594
       -0.0005420318   0.0000409019   0.0002595231  -0.0000020968  -0.0001861998
       -0.0000802402   0.0000217473  -0.0000196646  -0.0000236117   0.0000599209
       -0.0000015834  -0.0001557353  -0.0000481369   0.0000172097   0.0004291992
       -0.0000687415   0.0000455702  -0.0594450558   0.0902161500  -0.1912213092
        0.0275110273  -0.2265143310   0.4428677552  -0.0461029460   0.0313628287
       -0.0951358819  -0.0086940908  -0.0165824058   0.0231808626   0.0163843060
        0.0068867655  -0.0012083131  -0.0024918306  -0.0069137274   0.0096210853
       -0.0081740095   0.0038450216  -0.0065956998   0.0108849281   0.0034052634
       -0.0029743475  -0.0266101789  -0.0001468031  -0.0097851714   0.0386334281
        0.0306786063  -0.0352035599   0.0002756808  -0.0000039743   0.0000020731
        0.0001201403   0.0000730539  -0.0001719068   0.0000235174   0.0001678545
       -0.0001863802   0.0000350267   0.0001329785   0.0000620967   0.0000419726
        0.0000550677   0.0000165199   0.0000593000   0.0000100642   0.0000000588
        0.0000471137  -0.0000472486  -0.0000193141  -0.0000640276  -0.0000242838
       -0.0000003700   0.0990965304   0.0691750867  -0.1167671865  -0.0244721320
        0.0031247693  -0.0080987449   0.0001171009   0.0000706476  -0.0001972193
        0.0002432652  -0.0003170990  -0.0003080230  -0.0000904099   0.0000079859
       -0.0000120527   0.0000423099  -0.0002151804   0.0001326679   0.0018265273
        0.0051656717   0.0014073643
       -0.0005024032   0.0005429973  -0.0006068580   0.0069147138   0.0017535513
       -0.0027432053  -0.0016570318  -0.0017051734   0.0019682814   0.0008963277
        0.0001602341   0.0001628853  -0.0000280528  -0.0001205236   0.0000831119
        0.0000905861  -0.0000075595  -0.0000270295  -0.0000358537   0.0000194855
       -0.0000021041   0.0000514569   0.0000213410  -0.0000130322  -0.0000922179
        0.0000963601  -0.0000748942  -0.0147048045   0.0442654263  -0.0667613229
       -0.3699730983  -0.0069084734  -0.0461029460   0.6843224341   0.0216579157
        0.0694846657  -0.1505259284  -0.0547985022   0.0606795635  -0.0640161672
       -0.0205520269   0.0174679116   0.0015146012   0.0133840796  -0.0197816357
        0.0105903062  -0.0066041196   0.0112803028  -0.0121242707  -0.0028428186
        0.0007292916   0.0417410561  -0.0111459607   0.0232374681  -0.0450692157
       -0.0128602228   0.0105995731  -0.0002228366   0.0000901658   0.0001162662
       -0.0001641485  -0.0001187349  -0.0001008083   0.0000116559   0.0000405555
       -0.0000455862  -0.0000095931   0.0000172499   0.0000060453  -0.0000001794
        0.0000052027  -0.0000107823   0.0000043204   0.0000018418   0.0000031616
       -0.0000052777  -0.0000012604   0.0000080526  -0.0000151582  -0.0000034698
        0.0000014681  -0.0235561357  -0.0003267443  -0.0038283038  -0.0632029262
        0.0367229046  -0.0575444913   0.0008582586  -0.0006442939   0.0014512806
       -0.0010480959  -0.0006119129   0.0006879912   0.0001347971   0.0001205310
        0.0001220476   0.0001637840   0.0004310817  -0.0005923806  -0.0003409025
       -0.0000791270   0.0001460123
        0.0009381059  -0.0001348419   0.0001284598   0.0014093529   0.0019707040
        0.0052488527  -0.0014116708  -0.0000481138  -0.0002510859   0.0004596291
       -0.0002648364  -0.0000348268  -0.0001728295  -0.0000821083  -0.0000219149
        0.0000578516  -0.0000175776   0.0000026804  -0.0000184545   0.0000187882
        0.0000028450   0.0000307522   0.0000055996   0.0000108274  -0.0000798595
        0.0000558362   0.0000228002   0.0170639370   0.0040541419  -0.0016978101
        0.0320560075  -0.0603721738   0.0313628287   0.0216579157   0.2850946828
       -0.2398899086  -0.0740869528  -0.1095404182   0.0691608356  -0.0148660580
       -0.0011836572   0.0000280093   0.0023762671   0.0085158337  -0.0031024522
        0.0033156725  -0.0022031039   0.0035358614  -0.0028280172   0.0014060792
        0.0060855518   0.0003868842  -0.0141878708   0.0222660843  -0.0100420150
       -0.0039798278  -0.0005537303  -0.0000460668  -0.0000066308  -0.0001010941
        0.0000010434   0.0000469591  -0.0000055659   0.0000943559  -0.0001446719
        0.0001839323   0.0000224411   0.0000238945   0.0000036428  -0.0000203926
       -0.0000109956   0.0000007960  -0.0000193049   0.0000069369   0.0000002939
       -0.0000177349   0.0000214227   0.0000015633  -0.0000082782   0.0000232830
        0.0000067214  -0.0135358874   0.0009927674  -0.0023291702   0.0359975911
       -0.1080877320   0.1119652273   0.0014423920  -0.0008988264  -0.0012389149
        0.0002766578   0.0001723982   0.0000077510   0.0002646659  -0.0009110321
       -0.0007202976  -0.0005155791  -0.0004400079   0.0003221016  -0.0001824215
        0.0001050988  -0.0004008949
       -0.0011222594  -0.0001417910  -0.0003527939  -0.0019726969   0.0050711041
       -0.0021806769   0.0012382596  -0.0001340586   0.0002586362  -0.0005779246
       -0.0002238693  -0.0001650287   0.0001001557   0.0000888565   0.0000490147
       -0.0000856641   0.0000010424   0.0000074125   0.0000359592  -0.0000184262
        0.0000010723  -0.0000260853  -0.0000220555   0.0000156391   0.0001449826
       -0.0000501383  -0.0000177921  -0.0265698330   0.0040133365  -0.0087992705
       -0.1028798724   0.0241461674  -0.0951358819   0.0694846657  -0.2398899086
        0.4669393803   0.0879749779   0.0726070762  -0.1393605908   0.0095035989
       -0.0008889437   0.0038299648  -0.0042271419  -0.0011813920   0.0069097842
       -0.0028233421   0.0017843046  -0.0031605627   0.0007072206   0.0060617983
       -0.0023783890   0.0067941380   0.0201391683  -0.0262300070   0.0068278358
       -0.0010029353  -0.0002730219  -0.0000010479   0.0000142264   0.0001234027
        0.0000760189  -0.0001188121   0.0000783033  -0.0000622331   0.0000466294
       -0.0002578843  -0.0000236093  -0.0000234682  -0.0000082284   0.0000151655
        0.0000177902   0.0000051779   0.0000217611  -0.0000006970   0.0000009110
        0.0000263009  -0.0000187548   0.0000003255   0.0000187726  -0.0000200021
       -0.0000190214   0.0150588999   0.0000352371   0.0037705041  -0.0564808316
        0.1121081642  -0.2032680641  -0.0015282301  -0.0016203178   0.0000688640
       -0.0005841473  -0.0001804371   0.0002349316  -0.0000720635  -0.0007363608
       -0.0004131325   0.0007910450   0.0005068766  -0.0007315654   0.0002172246
       -0.0003694099   0.0004585874
        0.0000131822  -0.0003179790   0.0002644586  -0.0045867456  -0.0010745820
        0.0012115114   0.0013372454   0.0014056625  -0.0017335807  -0.0003514294
       -0.0000760612  -0.0001468267   0.0000362914   0.0000800325  -0.0000814788
       -0.0000433484   0.0000044543   0.0000190785   0.0000029828  -0.0000011204
       -0.0000004619  -0.0000440129  -0.0000094870   0.0000149306   0.0000508530
       -0.0000742357   0.0000847320   0.0034887574  -0.0142714523   0.0224327747
       -0.0694215013  -0.0030861853  -0.0086940908  -0.1505259284  -0.0740869528
        0.0879749779   0.6519455738   0.0491253713   0.0228285838  -0.2573175240
        0.0273887667  -0.0759445034  -0.0550276203  -0.0413125517   0.0483738625
       -0.0291365687   0.0173770297  -0.0288429137   0.0429641816   0.0011009630
        0.0060211380  -0.1167562829   0.0193114080  -0.0382438213   0.0018884355
        0.0192306088  -0.0268533224   0.0001037461   0.0000616290   0.0000564466
        0.0001284657  -0.0001023597   0.0000370041   0.0000252279  -0.0000373069
        0.0000855559   0.0000072123   0.0000364382   0.0000116496  -0.0000124025
        0.0000041814   0.0000105765  -0.0000049765   0.0000010145  -0.0000054468
       -0.0000082059  -0.0000025078  -0.0000113068  -0.0000013256  -0.0000270011
       -0.0000251456  -0.0046318449  -0.0005150586  -0.0019661063   0.0051412867
        0.0027865781  -0.0032342878  -0.0098741191   0.0023605641  -0.0053933849
       -0.0017012779  -0.0027493067   0.0017889187  -0.0000066761   0.0004713864
       -0.0006318954  -0.0024570124  -0.0029510064   0.0026989948  -0.0052246390
       -0.0000509336  -0.0021066209
        0.0001144181  -0.0000207275   0.0001405205  -0.0003486021  -0.0004900993
        0.0004242798  -0.0003200961   0.0000895836  -0.0001886976  -0.0000122707
       -0.0000205992  -0.0000550259  -0.0000403195   0.0000293447  -0.0000235953
        0.0000007398  -0.0000008998   0.0000073082   0.0000000136  -0.0000040361
       -0.0000045316   0.0000193481  -0.0000092586   0.0000048958  -0.0000516854
       -0.0000196906   0.0000246305  -0.0043517063  -0.0169187538   0.0149583933
       -0.0289713864   0.0091583567  -0.0165824058  -0.0547985022  -0.1095404182
        0.0726070762   0.0491253713   0.2997401902  -0.2257523435   0.0074335108
       -0.0618765229   0.0153808807  -0.0137394792   0.0029412315  -0.0051805709
        0.0066613097  -0.0047828868  -0.0001479990  -0.0111994080  -0.0142316219
        0.0200335655   0.0187322935  -0.1177598631   0.0883879183   0.0320967543
        0.0037557825   0.0020076468   0.0000725109  -0.0000429792  -0.0000703131
        0.0000405831   0.0000680531   0.0000127313   0.0000226787  -0.0000126868
        0.0000017841  -0.0000015994  -0.0000042548  -0.0000030782  -0.0000140769
       -0.0000074200  -0.0000025927  -0.0000062476  -0.0000046707  -0.0000037443
       -0.0000125002   0.0000004738  -0.0000002299  -0.0000002438  -0.0000032621
       -0.0000050553   0.0000591773   0.0068435176   0.0042400815  -0.0097478768
       -0.0080644819   0.0117775475   0.0150011693  -0.0010400948   0.0059428911
       -0.0032239255   0.0050784818   0.0058273053   0.0003859854   0.0000097119
       -0.0002679584  -0.0023196222   0.0028083307   0.0040071178  -0.0006063157
        0.0043321703   0.0025015671
       -0.0001602187   0.0000387786  -0.0000977203  -0.0003708726   0.0001353706
       -0.0004760383   0.0005592403   0.0000179575  -0.0002087391  -0.0000576190
        0.0000668813   0.0000497822   0.0000772328   0.0000082616   0.0000041373
       -0.0000033637  -0.0000057833  -0.0000128279  -0.0000059572  -0.0000069312
        0.0000018588  -0.0000237340   0.0000047119  -0.0000052117   0.0000774288
        0.0000026724  -0.0000167536   0.0079447322   0.0128464307  -0.0232818036
        0.0286287971  -0.0116679432   0.0231808626   0.0606795635   0.0691608356
       -0.1393605908   0.0228285838  -0.2257523435   0.4591742574  -0.0477525254
        0.0189531856  -0.0873907928   0.0092901081  -0.0101495901   0.0171367711
       -0.0136482495   0.0017661231  -0.0107341748   0.0233861181   0.0221704694
       -0.0259366641  -0.0373119644   0.0886447080  -0.1897223132  -0.0453521816
       -0.0001658733  -0.0066064173  -0.0000747874   0.0000479786   0.0001011703
       -0.0000030070  -0.0001107452  -0.0000006767  -0.0000236959  -0.0000002577
       -0.0000048687  -0.0000013273  -0.0000071425   0.0000052580   0.0000163915
        0.0000028507   0.0000036637   0.0000084524  -0.0000036157  -0.0000011720
        0.0000127969  -0.0000097393  -0.0000101377  -0.0000037204  -0.0000126614
       -0.0000002525  -0.0025246181   0.0042306579   0.0034756174   0.0145547800
        0.0139819559  -0.0159042504  -0.0232555994   0.0036675397  -0.0081508301
        0.0024802378   0.0059312373   0.0017027931  -0.0005039446  -0.0002608467
        0.0000337174   0.0017524278   0.0038803602   0.0007628867  -0.0012195050
        0.0025945060   0.0022894594
        0.0000175644   0.0001708357  -0.0001135238   0.0024564380   0.0008279529
       -0.0007262996  -0.0007327092  -0.0007770548   0.0009278732   0.0003523647
        0.0000475984   0.0000576720  -0.0000081426  -0.0000771770   0.0000656177
        0.0000258967  -0.0000039324  -0.0000122105  -0.0000144220   0.0000116635
        0.0000032214   0.0000121166   0.0000096870   0.0000004029  -0.0000214181
        0.0000655082  -0.0000706117  -0.0005929711   0.0096896653  -0.0141547194
        0.0172219979  -0.0098654892   0.0163843060  -0.0640161672  -0.0148660580
        0.0095035989  -0.2573175240   0.0074335108  -0.0477525254   0.6255166741
        0.0650355738   0.0005881276  -0.2240062052  -0.0749360617   0.0731066964
        0.0474877262  -0.0263215456   0.0457132537  -0.0490683571  -0.0108538900
        0.0071223568   0.0028009168   0.0322999677  -0.0452637130  -0.0114783551
       -0.0020901499  -0.0003349101  -0.0000605589   0.0000392968   0.0000224154
       -0.0000367204  -0.0000365571  -0.0000500564   0.0000241449  -0.0000144240
        0.0000245905   0.0000008320   0.0000115079   0.0000046915   0.0000119857
        0.0000057156  -0.0000013830   0.0000013917   0.0000014996   0.0000034733
        0.0000097350  -0.0000038724   0.0000042704  -0.0000032558  -0.0000018460
        0.0000073232  -0.0007518665   0.0001260842  -0.0002329385   0.0011755626
        0.0012022614  -0.0012075624  -0.0644209026   0.0368391111  -0.0577070089
       -0.0245188427  -0.0144100260   0.0158084600   0.0006159728   0.0007914148
       -0.0021085716  -0.0003618441  -0.0002424827   0.0002491566  -0.0003210575
       -0.0001082877   0.0001385269
       -0.0000459078   0.0001126553  -0.0000982447   0.0011833847  -0.0008782917
       -0.0006665177  -0.0004367703  -0.0001289073   0.0002240097   0.0003126563
        0.0001106060   0.0000411645  -0.0000823484  -0.0000328486  -0.0000209386
        0.0000472766   0.0000202539   0.0000072899  -0.0000062000   0.0000045082
        0.0000034895   0.0000361053  -0.0000034165  -0.0000041106  -0.0001166777
        0.0000217093   0.0000401042  -0.0005273355   0.0016719480  -0.0027243953
        0.0008476196   0.0009673028   0.0068867655  -0.0205520269  -0.0011836572
       -0.0008889437   0.0273887667  -0.0618765229   0.0189531856   0.0650355738
        0.3123209618  -0.2685306135  -0.1167078666  -0.1251134672   0.0940559715
        0.0046618958  -0.0221498916   0.0335983268  -0.0147830034  -0.0045879564
       -0.0011892567   0.0193757852   0.0045267832  -0.0008277405  -0.0019881630
        0.0018539507   0.0056204293  -0.0000108700  -0.0000182770  -0.0000123654
       -0.0000488448   0.0000272254  -0.0000139002  -0.0000192602   0.0000137698
       -0.0000220244   0.0000156568   0.0000012456   0.0000057749  -0.0000123963
       -0.0000140304   0.0000025439  -0.0000201867   0.0000037599   0.0000049089
       -0.0000167160   0.0000222936   0.0000027287   0.0000060308   0.0000104144
       -0.0000022823  -0.0007515750   0.0000165219  -0.0000722811  -0.0008795060
       -0.0009170146  -0.0013927669   0.0375469055  -0.1077604008   0.1118782258
       -0.0005512672   0.0007579358  -0.0000077067   0.0005124515   0.0023646097
        0.0053719687  -0.0002062116   0.0001432299  -0.0004146785   0.0007930250
       -0.0003070030   0.0001918793
        0.0000296161   0.0000069346   0.0001441947  -0.0008035286  -0.0006603202
       -0.0007589283   0.0006451832   0.0000277780   0.0000420994  -0.0003962394
        0.0000926626   0.0000406903   0.0001618311   0.0000236823   0.0000333418
       -0.0000602029   0.0000104060  -0.0000153087   0.0000150310   0.0000015891
        0.0000008243  -0.0000574618   0.0000007293  -0.0000023541   0.0001146128
       -0.0000289971  -0.0000500333   0.0004603691  -0.0009254500   0.0012551582
        0.0010521001   0.0048927531  -0.0012083131   0.0174679116   0.0000280093
        0.0038299648  -0.0759445034   0.0153808807  -0.0873907928   0.0005881276
       -0.2685306135   0.4944875479   0.1323134991   0.1016831380  -0.1633583116
        0.0018559042   0.0279834293  -0.0382153946   0.0126822252  -0.0004526257
       -0.0005735722  -0.0273615810   0.0014691349  -0.0055980286  -0.0002974218
        0.0057401447  -0.0019464807   0.0000365806   0.0000234072   0.0000430482
        0.0000013872  -0.0000415686  -0.0000238620   0.0000245701  -0.0000093283
        0.0000371927  -0.0000183254   0.0000072294   0.0000040362   0.0000245155
        0.0000259622   0.0000011368   0.0000244723   0.0000027471   0.0000010799
        0.0000232881  -0.0000213473  -0.0000036414  -0.0000090955  -0.0000098918
        0.0000019276   0.0008476178   0.0000935897   0.0001102828   0.0017908888
       -0.0010021677  -0.0000131011  -0.0587413711   0.1117215765  -0.2026452508
       -0.0038370195  -0.0025721408   0.0036915229  -0.0017337284   0.0054248966
       -0.0018825082   0.0002441380  -0.0004138112   0.0005132172  -0.0011433906
        0.0000275815  -0.0005513841
        0.0000235657  -0.0000354051   0.0000338057  -0.0009826697  -0.0001912464
        0.0001845188   0.0004491286   0.0002698937  -0.0003500467  -0.0001921033
       -0.0000138881  -0.0000209417   0.0000522987   0.0000219850  -0.0000120648
       -0.0000356417  -0.0000040407   0.0000012839  -0.0000027011  -0.0000016686
       -0.0000005349  -0.0000391297   0.0000021558   0.0000013952   0.0000499784
       -0.0000213313   0.0000008275   0.0008926652  -0.0019686840   0.0029301158
       -0.0048572217   0.0010681126  -0.0024918306   0.0015146012   0.0023762671
       -0.0042271419  -0.0550276203  -0.0137394792   0.0092901081  -0.2240062052
       -0.1167078666   0.1323134991   0.6783629442   0.0645112518   0.0115646268
       -0.1082316507   0.0481980872  -0.0788806660  -0.0089534324   0.0183983860
       -0.0278540477  -0.0004367717  -0.0049029883   0.0079054538   0.0011691130
        0.0002646143  -0.0000583236   0.0000083651   0.0000045707   0.0000219883
        0.0000049117  -0.0000230499   0.0000040034   0.0000205395   0.0000050280
        0.0000113474  -0.0000035563   0.0000116870   0.0000040188   0.0000003521
        0.0000072300   0.0000038829   0.0000010897  -0.0000000683  -0.0000017864
        0.0000006056  -0.0000080522  -0.0000048473  -0.0000034199  -0.0000135622
       -0.0000041449  -0.0003751551   0.0000973416  -0.0000453161   0.0001017884
        0.0002226806  -0.0002653547   0.0050295427   0.0032373076  -0.0038577475
       -0.2840609769   0.0101878396  -0.0601276385   0.0045527126  -0.0110624860
        0.0162656392  -0.0052788706  -0.0001199946  -0.0024979029   0.0002529239
       -0.0000706272   0.0001638217
        0.0000134350  -0.0000476833   0.0000570582  -0.0006563796  -0.0002335058
        0.0003351259   0.0001145790   0.0002615082  -0.0002954826  -0.0000553024
       -0.0000387021  -0.0000295687  -0.0000065861   0.0000142141  -0.0000174841
       -0.0000038785  -0.0000019953   0.0000027476   0.0000003405   0.0000009831
       -0.0000024632  -0.0000012641  -0.0000055377   0.0000054830   0.0000013723
       -0.0000169391   0.0000159554  -0.0014799728  -0.0055225746   0.0082971999
       -0.0087573102   0.0039298492  -0.0069137274   0.0133840796   0.0085158337
       -0.0011813920  -0.0413125517   0.0029412315  -0.0101495901  -0.0749360617
       -0.1251134672   0.1016831380   0.0645112518   0.2953524635  -0.2438109979
        0.0032451670  -0.1192706471   0.0993955041   0.0495821080   0.0045763679
        0.0039537365  -0.0154840701  -0.0181051626   0.0144321148   0.0101546732
        0.0017033072  -0.0007162888   0.0000211458  -0.0000199316  -0.0000189199
        0.0000082748   0.0000276341   0.0000147315   0.0000074015   0.0000110885
       -0.0000123734   0.0000001667   0.0000059321  -0.0000026689  -0.0000064857
       -0.0000001949  -0.0000019488  -0.0000031628   0.0000006211  -0.0000008013
       -0.0000042657   0.0000027285   0.0000013389   0.0000026896  -0.0000035019
       -0.0000000585   0.0000555567  -0.0005621927  -0.0004712856   0.0002170856
       -0.0000611457  -0.0000632102  -0.0107641358  -0.0087328913   0.0114469697
        0.0100849580  -0.0382228564   0.0070462725   0.0026140953  -0.0078947652
        0.0133254143  -0.0005947562   0.0065980871   0.0038333686   0.0000478029
       -0.0000881551  -0.0001578975
       -0.0000133821   0.0000653229  -0.0000751404   0.0007308799   0.0003473389
       -0.0004139521  -0.0000748353  -0.0003026969   0.0003621794   0.0000593368
        0.0000334111   0.0000309011   0.0000115658  -0.0000172909   0.0000226744
        0.0000081442  -0.0000057070  -0.0000103099  -0.0000053082  -0.0000010090
        0.0000002911  -0.0000005299   0.0000058120  -0.0000052695   0.0000069487
        0.0000196132  -0.0000213975   0.0021851231   0.0080098348  -0.0108406101
        0.0114866959  -0.0050193184   0.0096210853  -0.0197816357  -0.0031024522
        0.0069097842   0.0483738625  -0.0051805709   0.0171367711   0.0731066964
        0.0940559715  -0.1633583116   0.0115646268  -0.2438109979   0.4613891590
       -0.0152317389   0.1075735228  -0.2040226894  -0.0720014436  -0.0017180580
       -0.0096740527   0.0229111898   0.0164467593  -0.0248287232  -0.0141450769
       -0.0025430757   0.0008667509  -0.0000323116   0.0000315901   0.0000293266
       -0.0000087117  -0.0000358257  -0.0000183898  -0.0000072459  -0.0000104848
        0.0000206626  -0.0000026525  -0.0000089412  -0.0000002813   0.0000072339
        0.0000012799  -0.0000022600   0.0000033673  -0.0000021795  -0.0000014791
        0.0000056743  -0.0000059427  -0.0000029325  -0.0000022234   0.0000016694
        0.0000009429  -0.0000060856  -0.0004246643  -0.0002132982  -0.0002670149
       -0.0000639006  -0.0000997656   0.0159853135   0.0140227152  -0.0161151397
       -0.0599611584   0.0070811995  -0.0555650225  -0.0030812730   0.0108246459
       -0.0146581591  -0.0018378647   0.0039005918   0.0034810371   0.0000138333
       -0.0001681626   0.0000556184
        0.0000920423  -0.0000342454   0.0000559170  -0.0003349948  -0.0002418182
        0.0004239428  -0.0002744391   0.0001337043  -0.0001248087   0.0000302475
       -0.0000403056  -0.0000259831  -0.0000170994  -0.0000066723   0.0000031550
       -0.0000027934  -0.0000121998   0.0000057681  -0.0000200881  -0.0000010443
        0.0000023793  -0.0000060245   0.0000095290   0.0000025440  -0.0000067003
        0.0000146428  -0.0000036474  -0.0043285054  -0.0081450347   0.0109903155
       -0.0084063140   0.0045617336  -0.0081740095   0.0105903062   0.0033156725
       -0.0028233421  -0.0291365687   0.0066613097  -0.0136482495   0.0474877262
        0.0046618958   0.0018559042  -0.1082316507   0.0032451670  -0.0152317389
        0.6910071968   0.0559321899   0.0261512619  -0.3587487049   0.0300764463
       -0.1000460908  -0.0679379173  -0.0295644028   0.0290447184   0.0167410883
        0.0005012870   0.0012848610   0.0000117167  -0.0000128769   0.0000153155
        0.0000133966   0.0000012465   0.0000153755   0.0000187486   0.0000042412
        0.0000017745  -0.0000004648   0.0000180369  -0.0000003118  -0.0000052449
        0.0000027616   0.0000021796  -0.0000005020  -0.0000005215   0.0000000348
       -0.0000037371  -0.0000058538  -0.0000001976  -0.0000073332  -0.0000227166
        0.0000012186   0.0000352798   0.0000086755  -0.0000489752   0.0001865244
        0.0001027467  -0.0000629002  -0.0019454574  -0.0032270197   0.0025073598
       -0.0109905328   0.0150233758  -0.0235022132  -0.1655822947  -0.0846504558
        0.0957119097  -0.0105938026   0.0017325563  -0.0045065601   0.0003668966
       -0.0000420510   0.0001230926
       -0.0000477004   0.0000383960  -0.0000019114  -0.0002693775  -0.0006151007
       -0.0004873045   0.0002317237  -0.0000879636  -0.0000304606  -0.0000781232
        0.0001797166   0.0000877909   0.0000857736  -0.0000086193   0.0000203483
       -0.0000106465   0.0000002557  -0.0000150839  -0.0000065811   0.0000064927
       -0.0000015506  -0.0000243375   0.0000160957  -0.0000038346   0.0000106157
       -0.0000139694  -0.0000214254   0.0011414358   0.0036102923  -0.0047580070
        0.0045386167  -0.0017721159   0.0038450216  -0.0066041196  -0.0022031039
        0.0017843046   0.0173770297  -0.0047828868   0.0017661231  -0.0263215456
       -0.0221498916   0.0279834293   0.0481980872  -0.1192706471   0.1075735228
        0.0559321899   0.2900046075  -0.2379193613  -0.0112689627  -0.0615384147
        0.0231183267  -0.0026965931   0.0093744144  -0.0118745435  -0.0101859581
        0.0012097584   0.0047231387  -0.0000012281   0.0000063545   0.0000295330
       -0.0000208643  -0.0000280012  -0.0000007109   0.0000106390   0.0000064647
        0.0000047819  -0.0000043117   0.0000033135   0.0000020311   0.0000117443
        0.0000119135  -0.0000008643   0.0000101842   0.0000007309   0.0000030869
        0.0000056665  -0.0000091959   0.0000007447  -0.0000013116  -0.0000017774
        0.0000068260   0.0000704401   0.0000258172  -0.0000078219   0.0000160734
       -0.0000095809  -0.0002413803  -0.0027571205   0.0049581475   0.0056239330
        0.0013634489  -0.0002726599   0.0024989275  -0.0845008736  -0.0953725286
        0.0705489908   0.0158033370  -0.0011342258   0.0056867374  -0.0000073507
       -0.0001820885   0.0000566621
        0.0000656290   0.0000132507   0.0000050688   0.0005824223  -0.0004549996
       -0.0001106798  -0.0003010576  -0.0000390469   0.0000274771   0.0001187105
        0.0000700031   0.0000102534  -0.0000537191   0.0000088137  -0.0000301479
        0.0000273911   0.0000114377   0.0000099775   0.0000045256  -0.0000038209
        0.0000029095   0.0000297633   0.0000004272  -0.0000070464  -0.0000780497
       -0.0000049769   0.0000456959  -0.0026198389  -0.0064011916   0.0090339829
       -0.0079729869   0.0038447555  -0.0065956998   0.0112803028   0.0035358614
       -0.0031605627  -0.0288429137  -0.0001479990  -0.0107341748   0.0457132537
        0.0335983268  -0.0382153946  -0.0788806660   0.0993955041  -0.2040226894
        0.0261512619  -0.2379193613   0.4555772446  -0.0415730470   0.0307000916
       -0.0948757001  -0.0088675769  -0.0168976734   0.0234292107   0.0164503214
        0.0066823834  -0.0007057060   0.0000156215  -0.0000050585  -0.0000485689
        0.0000057568   0.0000455075  -0.0000097123  -0.0000151460   0.0000026994
       -0.0000051362   0.0000063148  -0.0000023017  -0.0000016913  -0.0000145536
       -0.0000150989  -0.0000000173  -0.0000163890  -0.0000006946   0.0000043501
       -0.0000171065   0.0000150845   0.0000076445   0.0000006939   0.0000017136
       -0.0000002149  -0.0001070228  -0.0000388081  -0.0000115843   0.0000530757
       -0.0002364451   0.0001420627   0.0018520440   0.0055242402   0.0017783343
       -0.0041709737   0.0049908939  -0.0065255184   0.0955421327   0.0705304077
       -0.1167706621  -0.0244692772   0.0031514372  -0.0080225217   0.0001011038
        0.0000446375  -0.0002207830
       -0.0000501301   0.0000086622  -0.0000562811  -0.0016707002  -0.0006272994
        0.0005501423   0.0003240761   0.0001291786  -0.0002862394  -0.0002227648
        0.0000701499   0.0000806492   0.0000433401   0.0000308776  -0.0000044520
       -0.0000024557  -0.0000030508  -0.0000131632   0.0000049142  -0.0000054543
        0.0000044027  -0.0000149755   0.0000055889  -0.0000002777   0.0000346595
       -0.0000316133   0.0000156644   0.0022122518   0.0121905972  -0.0185318660
        0.0099662579  -0.0063233923   0.0108849281  -0.0121242707  -0.0028280172
        0.0007072206   0.0429641816  -0.0111994080   0.0233861181  -0.0490683571
       -0.0147830034   0.0126822252  -0.0089534324   0.0495821080  -0.0720014436
       -0.3587487049  -0.0112689627  -0.0415730470   0.6782212788   0.0244278707
        0.0682961379  -0.1507182152  -0.0558329988   0.0613099043  -0.0649133763
       -0.0202739676   0.0167987352  -0.0000387341   0.0000466652   0.0001570807
        0.0000205681  -0.0001401693   0.0000569524  -0.0000097185   0.0000046108
        0.0000162384  -0.0000019370   0.0000022304   0.0000010908   0.0000004238
       -0.0000026967   0.0000018417  -0.0000058801  -0.0000011901   0.0000051616
       -0.0000012120   0.0000014602   0.0000026713   0.0000097394  -0.0000165063
        0.0000006991   0.0001222936   0.0001833691   0.0000764651   0.0001604870
        0.0004382417  -0.0005787349  -0.0003669966  -0.0002232548   0.0002736556
        0.0005648396   0.0005758650  -0.0017933530  -0.0244639572  -0.0006510378
       -0.0036559998  -0.0640430356   0.0371794861  -0.0583299378   0.0007695423
       -0.0006649388   0.0015168109
        0.0000674787  -0.0000942865   0.0001177331  -0.0012846734   0.0003035850
       -0.0001354569   0.0008155102   0.0001475928  -0.0002072460  -0.0004109261
       -0.0000627305  -0.0000231392   0.0001421316   0.0000116013   0.0000289104
       -0.0000473511  -0.0000179548  -0.0000044865   0.0000057687  -0.0000049832
       -0.0000014307  -0.0000631825   0.0000024826   0.0000021554   0.0001698511
       -0.0000309126  -0.0000472855   0.0033933600   0.0082782397  -0.0027733685
        0.0032185179  -0.0021092316   0.0034052634  -0.0028428186   0.0014060792
        0.0060617983   0.0011009630  -0.0142316219   0.0221704694  -0.0108538900
       -0.0045879564  -0.0004526257   0.0183983860   0.0045763679  -0.0017180580
        0.0300764463  -0.0615384147   0.0307000916   0.0244278707   0.2870456554
       -0.2400543604  -0.0739732353  -0.1108651231   0.0705067138  -0.0159184442
       -0.0015957321  -0.0001483498   0.0000216216   0.0000679914   0.0000469899
        0.0000230883  -0.0000405325  -0.0000451888   0.0000038844   0.0000096252
        0.0000378418  -0.0000179413   0.0000155651  -0.0000053931   0.0000264021
        0.0000219506  -0.0000015628   0.0000254077  -0.0000008681  -0.0000030113
        0.0000281442  -0.0000231057  -0.0000049028  -0.0000143160  -0.0000133372
        0.0000007865   0.0001903160  -0.0008437114  -0.0006513391  -0.0005233218
       -0.0004670156   0.0002970279  -0.0002683581   0.0001521590  -0.0003901742
        0.0008221264   0.0024140549   0.0054076063  -0.0145901665   0.0005488143
       -0.0025742004   0.0363232848  -0.1075736314   0.1117952511   0.0015280653
       -0.0009006154  -0.0013370593
       -0.0000853288   0.0000812754  -0.0001794256   0.0012791188  -0.0000127114
        0.0005986532  -0.0010346531  -0.0001491581   0.0001806866   0.0004316359
       -0.0000927316  -0.0000481905  -0.0002160385  -0.0000177314  -0.0000339471
        0.0000549200   0.0000076204   0.0000149735  -0.0000016927   0.0000086091
       -0.0000071583   0.0000771142  -0.0000136809  -0.0000053916  -0.0001885616
        0.0000160386   0.0000627020  -0.0052661920  -0.0010562209   0.0065008191
       -0.0027461139   0.0016915153  -0.0029743475   0.0007292916   0.0060855518
       -0.0023783890   0.0060211380   0.0200335655  -0.0259366641   0.0071223568
       -0.0011892567  -0.0005735722  -0.0278540477   0.0039537365  -0.0096740527
       -0.1000460908   0.0231183267  -0.0948757001   0.0682961379  -0.2400543604
        0.4667477316   0.0868647372   0.0737260709  -0.1400294160   0.0104815750
       -0.0010075593   0.0036003901  -0.0000004300  -0.0000709197   0.0000118962
       -0.0000692624   0.0000266729   0.0000370580  -0.0000167593   0.0000072575
       -0.0000306206   0.0000248026  -0.0000155608   0.0000027634  -0.0000336289
       -0.0000299069   0.0000003981  -0.0000328738  -0.0000024053  -0.0000049869
       -0.0000387693   0.0000279782  -0.0000018715   0.0000196569   0.0000209902
       -0.0000114548   0.0000012666  -0.0007001687  -0.0004021709   0.0007942925
        0.0004586255  -0.0007331533   0.0003252338  -0.0003850298   0.0005082947
       -0.0021861341   0.0053605180  -0.0018396949   0.0160289082  -0.0000158962
        0.0035919453  -0.0570945358   0.1119381385  -0.2022234930  -0.0016410733
       -0.0017491930   0.0001053888
        0.0004880671   0.0003190967  -0.0000579969   0.0046875927  -0.0020819847
        0.0017688293  -0.0040915132  -0.0012422199   0.0015188146   0.0007860370
        0.0001478167   0.0000589639  -0.0003108535  -0.0001654613   0.0000483621
        0.0000873752  -0.0000106429   0.0000116354  -0.0000516442   0.0000128314
        0.0000084354   0.0000458329   0.0000319172  -0.0000176955  -0.0003327828
        0.0001250045  -0.0000357373  -0.0564267491  -0.0370162811   0.0426599514
       -0.0266640277   0.0159241496  -0.0266101789   0.0417410561   0.0003868842
        0.0067941380  -0.1167562829   0.0187322935  -0.0373119644   0.0028009168
        0.0193757852  -0.0273615810  -0.0004367717  -0.0154840701   0.0229111898
       -0.0679379173  -0.0026965931  -0.0088675769  -0.1507182152  -0.0739732353
        0.0868647372   0.6470484133   0.0492082130   0.0242020672  -0.2568888824
        0.0262403767  -0.0757456475  -0.0001087700  -0.0000395036  -0.0002120599
       -0.0001272380   0.0001547765  -0.0001363964   0.0001941864  -0.0000214321
        0.0000702198   0.0000176707   0.0000656762  -0.0000005342  -0.0000258341
       -0.0000245046  -0.0000059383  -0.0000396365   0.0000018702   0.0000023921
       -0.0000355180   0.0000258285   0.0000119210  -0.0000220151  -0.0000355971
        0.0000191222  -0.0000336948   0.0003152250  -0.0005915650  -0.0024602307
       -0.0029009731   0.0026863882  -0.0053729836   0.0000078264  -0.0020869492
        0.0007048385  -0.0001728327   0.0004672185  -0.0050420686  -0.0004943132
       -0.0019918970   0.0051617596   0.0028969466  -0.0033893772  -0.0098801170
        0.0023871266  -0.0056812903
        0.0004111605  -0.0003630739   0.0000088002  -0.0027880609   0.0046295222
        0.0058508228  -0.0011337830   0.0009701239  -0.0000059151  -0.0000583375
       -0.0013026550  -0.0004395063  -0.0003184549   0.0000281882   0.0000262318
       -0.0000280259  -0.0000836522   0.0000565783  -0.0000148129   0.0000083966
       -0.0000001653   0.0000359475  -0.0000642918   0.0000496888   0.0002039832
        0.0000739319  -0.0000597256  -0.0125411153   0.0032902942  -0.0050339241
        0.0062468417  -0.0043248404  -0.0001468031  -0.0111459607  -0.0141878708
        0.0201391683   0.0193114080  -0.1177598631   0.0886447080   0.0322999677
        0.0045267832   0.0014691349  -0.0049029883  -0.0181051626   0.0164467593
       -0.0295644028   0.0093744144  -0.0168976734  -0.0558329988  -0.1108651231
        0.0737260709   0.0492082130   0.3008050503  -0.2281878064   0.0077235580
       -0.0609221042   0.0158530848  -0.0000710848  -0.0001709415  -0.0001489392
        0.0000489015   0.0001135388   0.0001790734   0.0000714349   0.0000268649
       -0.0000590335  -0.0000083065   0.0000061597  -0.0000080984  -0.0000248096
        0.0000037773   0.0000073058   0.0000004413   0.0000036043  -0.0000128354
        0.0000265014  -0.0000033045  -0.0000036710   0.0000149117  -0.0000151295
       -0.0000128192   0.0003023003   0.0000143857  -0.0002544624  -0.0022936768
        0.0027222391   0.0039464582  -0.0005895980   0.0043457042   0.0023922395
       -0.0001090218  -0.0004005457   0.0001076516   0.0000522884   0.0067320486
        0.0040777876  -0.0095988153  -0.0082770241   0.0116772960   0.0150663946
       -0.0008294449   0.0066125182
       -0.0002971047  -0.0003484908  -0.0000849444   0.0031448279   0.0060005245
        0.0012142625  -0.0003785984   0.0003190069   0.0006777104   0.0005254484
       -0.0010068993  -0.0005040420  -0.0002571286  -0.0000057439   0.0000213806
        0.0000224599  -0.0000703963   0.0000648170  -0.0000346779  -0.0000175301
        0.0000036083   0.0000843314  -0.0000464013   0.0000407977   0.0001429676
        0.0001245118  -0.0000197244   0.0079556308  -0.0083129929   0.0153772446
       -0.0128429122   0.0016976343  -0.0097851714   0.0232374681   0.0222660843
       -0.0262300070  -0.0382438213   0.0883879183  -0.1897223132  -0.0452637130
       -0.0008277405  -0.0055980286   0.0079054538   0.0144321148  -0.0248287232
        0.0290447184  -0.0118745435   0.0234292107   0.0613099043   0.0705067138
       -0.1400294160   0.0242020672  -0.2281878064   0.4606170467  -0.0490990699
        0.0187285832  -0.0864813289  -0.0000739761   0.0002401861   0.0000096481
        0.0002160966  -0.0001852313  -0.0000404978  -0.0000678606  -0.0000954969
        0.0000983838  -0.0000214848  -0.0000136289  -0.0000278599  -0.0000277935
       -0.0000076198  -0.0000062623  -0.0000071673   0.0000002564  -0.0000132687
        0.0000170579   0.0000035167   0.0000086943  -0.0000024534  -0.0000068414
       -0.0000167940  -0.0004091039  -0.0002699462   0.0000818385   0.0017866182
        0.0038172540   0.0006335819  -0.0012297313   0.0024905413   0.0023274861
        0.0003405989   0.0000966798  -0.0003704604  -0.0027353421   0.0039601033
        0.0034774658   0.0143293114   0.0139200076  -0.0159658361  -0.0232730218
        0.0042856723  -0.0083584985
       -0.0010263297  -0.0006919228   0.0009969132  -0.0406249804  -0.0150845414
        0.0153219299   0.0010600574   0.0024884208  -0.0048388901  -0.0036865655
        0.0000147892   0.0008855026   0.0004207669   0.0004576760  -0.0001307488
       -0.0002498914   0.0000185792  -0.0001140109   0.0001688253  -0.0000018723
       -0.0000117879  -0.0002099022   0.0000059089  -0.0000348651   0.0004414049
       -0.0005298162   0.0001189820  -0.2022549050  -0.0730623611   0.0741571025
        0.0411987633  -0.0226048832   0.0386334281  -0.0450692157  -0.0100420150
        0.0068278358   0.0018884355   0.0320967543  -0.0453521816  -0.0114783551
       -0.0019881630  -0.0002974218   0.0011691130   0.0101546732  -0.0141450769
        0.0167410883  -0.0101859581   0.0164503214  -0.0649133763  -0.0159184442
        0.0104815750  -0.2568888824   0.0077235580  -0.0490990699   0.6243938472
        0.0613201119   0.0054946759  -0.0006182830   0.0000481469   0.0000517537
       -0.0005503467  -0.0004530289  -0.0000494588  -0.0000346631  -0.0001727384
        0.0004362342  -0.0000239955   0.0000037411   0.0000383879   0.0000059284
        0.0000312635   0.0000102160   0.0000390779  -0.0000006739   0.0000208152
       -0.0000010862  -0.0000323453  -0.0000156139  -0.0000059829  -0.0000421333
        0.0000056171  -0.0000549018   0.0008890254  -0.0019020821  -0.0004450828
       -0.0001982851   0.0002799629  -0.0002751733  -0.0001543280   0.0001999005
        0.0002353777   0.0001786353   0.0000170054  -0.0008218423   0.0000572032
       -0.0002639317   0.0011612028   0.0012892877  -0.0012277934  -0.0596901276
        0.0343857355  -0.0529452262
        0.0001006975  -0.0010993135   0.0003020450  -0.0094155743  -0.0006813301
       -0.0013582953   0.0036665409   0.0021591874  -0.0011601319  -0.0009964815
        0.0003589694   0.0002706229   0.0004706630   0.0001429599  -0.0000608709
       -0.0000954686   0.0000116838  -0.0000314578   0.0000500017  -0.0000058255
       -0.0000026280  -0.0001334032   0.0000048142  -0.0000139814   0.0002794753
       -0.0001404593  -0.0000138654  -0.1035588187  -0.1197734078   0.0881439012
        0.0021109468  -0.0200135265   0.0306786063  -0.0128602228  -0.0039798278
       -0.0010029353   0.0192306088   0.0037557825  -0.0001658733  -0.0020901499
        0.0018539507   0.0057401447   0.0002646143   0.0017033072  -0.0025430757
        0.0005012870   0.0012097584   0.0066823834  -0.0202739676  -0.0015957321
       -0.0010075593   0.0262403767  -0.0609221042   0.0187285832   0.0613201119
        0.3079179024  -0.2622768036   0.0000940875   0.0004959842   0.0002918065
        0.0005586987  -0.0001583365  -0.0000500050  -0.0000548001   0.0000100860
        0.0003868288  -0.0000179349   0.0000218483   0.0000140546   0.0000483990
        0.0000382537   0.0000046940   0.0000414754   0.0000031250  -0.0000004412
        0.0000375951  -0.0000287257  -0.0000053642  -0.0000349708   0.0000105752
       -0.0000045174   0.0005037332   0.0018966245   0.0050774394  -0.0002140652
        0.0001747332  -0.0003733035   0.0008112776  -0.0002402971   0.0002505341
        0.0000874289  -0.0009510151  -0.0007151135  -0.0008425143   0.0001065450
        0.0000381290  -0.0009349053  -0.0009628388  -0.0014706707   0.0351052578
       -0.1113233512   0.1156471204
       -0.0005249477   0.0004477870  -0.0010071394   0.0102354766  -0.0024134475
        0.0035035286  -0.0063285536  -0.0015816686   0.0030782155   0.0014432184
        0.0003872781   0.0002766270  -0.0005038026  -0.0001642688   0.0000712877
        0.0001911441  -0.0000058641  -0.0000022229  -0.0000617433   0.0000291222
       -0.0000027260   0.0001752429   0.0000341794  -0.0000371223  -0.0006890496
        0.0001604894  -0.0000081108   0.1154926745   0.0930519568  -0.1576572140
        0.0044569157   0.0263526627  -0.0352035599   0.0105995731  -0.0005537303
       -0.0002730219  -0.0268533224   0.0020076468  -0.0066064173  -0.0003349101
        0.0056204293  -0.0019464807  -0.0000583236  -0.0007162888   0.0008667509
        0.0012848610   0.0047231387  -0.0007057060   0.0167987352  -0.0001483498
        0.0036003901  -0.0757456475   0.0158530848  -0.0864813289   0.0054946759
       -0.2622768036   0.4852110248  -0.0009808660  -0.0003968342  -0.0001564730
       -0.0008138938   0.0003691708   0.0000102227  -0.0000128560   0.0002121535
       -0.0002020186   0.0000417575  -0.0000048839  -0.0000181927  -0.0000600857
       -0.0000469425  -0.0000099470  -0.0000576343  -0.0000012068   0.0000036414
       -0.0000787246   0.0000513203   0.0000162965   0.0000228920   0.0000259746
        0.0000165785  -0.0017341335   0.0051166427  -0.0022783709   0.0002412596
       -0.0004248226   0.0004869709  -0.0011743779   0.0000862920  -0.0005041331
        0.0001682657  -0.0006866296  -0.0004440324   0.0009880964   0.0001964550
        0.0001623940   0.0018785574  -0.0010652313   0.0000032668  -0.0535004737
        0.1157611885  -0.2037629776
       -0.1082337725   0.0544201663   0.0902020264   0.0046473946  -0.0051173933
       -0.0012889771   0.0001585012   0.0017216469  -0.0011956567  -0.0002702410
       -0.0004515770   0.0002809018   0.0002171707   0.0003012559  -0.0000727514
       -0.0001806055   0.0000998685   0.0000560153   0.0000183336  -0.0001830851
       -0.0000205172   0.0002530898  -0.0000380047  -0.0000066775   0.0000312440
        0.0000565790   0.0002566493  -0.0005466341   0.0002836054  -0.0005780699
        0.0001558516  -0.0000983624   0.0002756808  -0.0002228366  -0.0000460668
       -0.0000010479   0.0001037461   0.0000725109  -0.0000747874  -0.0000605589
       -0.0000108700   0.0000365806   0.0000083651   0.0000211458  -0.0000323116
        0.0000117167  -0.0000012281   0.0000156215  -0.0000387341   0.0000216216
       -0.0000004300  -0.0001087700  -0.0000710848  -0.0000739761  -0.0006182830
        0.0000940875  -0.0009808660   0.1237815588  -0.0626236360  -0.1070721599
        0.0029322606  -0.0013975178  -0.0026336594  -0.0207737397   0.0141234109
        0.0234331267  -0.0000180121  -0.0000775462   0.0000184570  -0.0000056876
       -0.0000150125   0.0000086174  -0.0000086348  -0.0000189001  -0.0000132129
        0.0000309145  -0.0000283591   0.0000197853  -0.0001006818  -0.0001864651
       -0.0000270948   0.0000062067  -0.0000517620   0.0000670046  -0.0000015610
       -0.0000163227   0.0000131810   0.0000103890  -0.0000033921   0.0000138432
        0.0000104350  -0.0000058591   0.0000063692   0.0000138525   0.0000010716
        0.0000040062  -0.0000145826  -0.0000325238   0.0000134372  -0.0011876954
       -0.0007420017  -0.0006491078
        0.0533018138  -0.0831660511  -0.0773886048  -0.0047547350   0.0047859141
        0.0085487616   0.0002803386  -0.0022331250   0.0021399393  -0.0001228099
        0.0002570627   0.0001813027   0.0000232586  -0.0000077841  -0.0000444488
       -0.0000029092  -0.0000117847  -0.0000337798   0.0000433870   0.0000548485
        0.0000013340  -0.0000821610   0.0000393559   0.0000055265  -0.0000155168
       -0.0000888133  -0.0000759062  -0.0001589319   0.0001064314   0.0001147119
       -0.0001053565  -0.0001067978  -0.0000039743   0.0000901658  -0.0000066308
        0.0000142264   0.0000616290  -0.0000429792   0.0000479786   0.0000392968
       -0.0000182770   0.0000234072   0.0000045707  -0.0000199316   0.0000315901
       -0.0000128769   0.0000063545  -0.0000050585   0.0000466652   0.0000679914
       -0.0000709197  -0.0000395036  -0.0001709415   0.0002401861   0.0000481469
        0.0004959842  -0.0003968342  -0.0626236360   0.0968827256   0.0889039432
        0.0172570877  -0.0188978218  -0.0252192791  -0.0021229985   0.0025500448
        0.0030997080   0.0000025391   0.0000397929   0.0000090525   0.0000133176
        0.0000130242   0.0000017751   0.0000213508   0.0000037090   0.0000061662
       -0.0000077080  -0.0000103977   0.0000064751  -0.0000213806   0.0000135408
        0.0000756109  -0.0000074615  -0.0000205337   0.0000248080  -0.0000032178
       -0.0000065694   0.0000122232   0.0000163139  -0.0000071365   0.0000109192
        0.0000082543  -0.0000045035   0.0000068639   0.0000067823  -0.0000007637
        0.0000017189  -0.0000535052  -0.0000302008   0.0000291801  -0.0011302095
       -0.0004657367  -0.0002986035
        0.0927784720  -0.0809771753  -0.1707651596   0.0140170040  -0.0095549551
       -0.0249675268  -0.0010047560   0.0052183050  -0.0044851285  -0.0005858435
       -0.0008963793  -0.0004699224   0.0000467929   0.0000615463   0.0001642537
       -0.0001727363   0.0000469124   0.0001294415  -0.0000539093  -0.0000923595
        0.0000120278   0.0000337591  -0.0000011979  -0.0000260727   0.0000073222
       -0.0001651194   0.0000432152   0.0002051456   0.0006067518   0.0003531832
        0.0001125431   0.0002172378   0.0000020731   0.0001162662  -0.0001010941
        0.0001234027   0.0000564466  -0.0000703131   0.0001011703   0.0000224154
       -0.0000123654   0.0000430482   0.0000219883  -0.0000189199   0.0000293266
        0.0000153155   0.0000295330  -0.0000485689   0.0001570807   0.0000469899
        0.0000118962  -0.0002120599  -0.0001489392   0.0000096481   0.0000517537
        0.0002918065  -0.0001564730  -0.1070721599   0.0889039432   0.1977320312
        0.0015427440  -0.0033983662  -0.0004994172   0.0005029985   0.0006533617
        0.0021945299  -0.0000126490   0.0000286889  -0.0000072408   0.0000138243
        0.0000345512  -0.0000193976   0.0000378373   0.0000067531  -0.0000182038
        0.0000341048  -0.0000225592  -0.0000082661  -0.0000066860   0.0000785800
       -0.0000473860   0.0000984529  -0.0000876563   0.0001431232   0.0000569415
       -0.0000213286   0.0000188928   0.0000256333  -0.0000015285   0.0000040338
        0.0000090786  -0.0000001062  -0.0000018804   0.0000255789  -0.0000041721
       -0.0000029354  -0.0000241747  -0.0000323617   0.0000266777  -0.0008445247
       -0.0006180637   0.0003816041
       -0.0479063309  -0.0392250037  -0.0004099492   0.0026803256   0.0068811563
        0.0014917541  -0.0000979427  -0.0004370439  -0.0006584529   0.0000368097
        0.0003839865   0.0003164889   0.0000222562  -0.0000266232   0.0001049478
        0.0001286141  -0.0000541958  -0.0000728808   0.0000993846   0.0001520565
        0.0000215615  -0.0001847244   0.0000619773   0.0000342294   0.0000262428
       -0.0003779554  -0.0003175992  -0.0006343637  -0.0007277768  -0.0006092570
        0.0000823114  -0.0001872762   0.0001201403  -0.0001641485   0.0000010434
        0.0000760189   0.0001284657   0.0000405831  -0.0000030070  -0.0000367204
       -0.0000488448   0.0000013872   0.0000049117   0.0000082748  -0.0000087117
        0.0000133966  -0.0000208643   0.0000057568   0.0000205681   0.0000230883
       -0.0000692624  -0.0001272380   0.0000489015   0.0002160966  -0.0005503467
        0.0005586987  -0.0008138938   0.0029322606   0.0172570877   0.0015427440
        0.0545830744   0.0480295429  -0.0008249328  -0.0090613681  -0.0328072033
       -0.0005644404  -0.0000142417   0.0000852530  -0.0000033993   0.0000111106
        0.0000339957  -0.0000088463   0.0000312615   0.0000271765   0.0000048760
       -0.0000397130   0.0000103531  -0.0000077494  -0.0000755196   0.0001212307
        0.0002877260   0.0000113874  -0.0000732738   0.0000755367   0.0000132287
       -0.0000131445   0.0000293450   0.0000185833  -0.0000153950   0.0000157177
        0.0000163101  -0.0000001461   0.0000125596   0.0000166753   0.0000037846
        0.0000016233  -0.0000485431  -0.0000136916   0.0000441198  -0.0019359776
        0.0003002479  -0.0000302473
       -0.0413586381  -0.2728740587  -0.0006405062  -0.0023754027  -0.0153450413
        0.0060933818   0.0005952190   0.0011581929   0.0018051608   0.0007379521
       -0.0007437517  -0.0001006000  -0.0002399957  -0.0000753167  -0.0000339553
        0.0002073199   0.0000394874   0.0000546029   0.0000504914   0.0001538872
        0.0000085541  -0.0000439864  -0.0001040700  -0.0000417303   0.0000735579
       -0.0002036859  -0.0001185588   0.0000857009   0.0004387926   0.0003925092
       -0.0000189048   0.0000575135   0.0000730539  -0.0001187349   0.0000469591
       -0.0001188121  -0.0001023597   0.0000680531  -0.0001107452  -0.0000365571
        0.0000272254  -0.0000415686  -0.0000230499   0.0000276341  -0.0000358257
        0.0000012465  -0.0000280012   0.0000455075  -0.0001401693  -0.0000405325
        0.0000266729   0.0001547765   0.0001135388  -0.0001852313  -0.0004530289
       -0.0001583365   0.0003691708  -0.0013975178  -0.0188978218  -0.0033983662
        0.0480295429   0.3140120934  -0.0028400896  -0.0043874107  -0.0086716693
       -0.0007261799   0.0000193893   0.0000643770  -0.0000164212   0.0000017165
       -0.0000153556  -0.0000063778  -0.0000198994   0.0000188586   0.0000028697
        0.0000159624   0.0000391104  -0.0000120491  -0.0000621771   0.0003122615
        0.0000796146  -0.0000470189   0.0000653470  -0.0000744255  -0.0000366076
        0.0000006005  -0.0000209925  -0.0000230987  -0.0000001722  -0.0000070872
       -0.0000063531  -0.0000000682  -0.0000019447  -0.0000164629  -0.0000026019
       -0.0000039277   0.0000436663   0.0000358335  -0.0000312411   0.0008908325
        0.0004807177  -0.0003844623
        0.0005959329   0.0062017333  -0.0359190259   0.0043170606   0.0273810973
       -0.0033805351   0.0000777497  -0.0020015318  -0.0050266240  -0.0007305866
        0.0012751408   0.0003005028   0.0003503450   0.0000273174   0.0001111020
       -0.0001229172  -0.0000287974  -0.0001250604   0.0000573820  -0.0000367517
       -0.0000105385  -0.0001304359   0.0000501175  -0.0000079423  -0.0000483902
        0.0001504681   0.0000303609  -0.0003436508  -0.0005519379  -0.0005351517
        0.0001029979  -0.0001170879  -0.0001719068  -0.0001008083  -0.0000055659
        0.0000783033   0.0000370041   0.0000127313  -0.0000006767  -0.0000500564
       -0.0000139002  -0.0000238620   0.0000040034   0.0000147315  -0.0000183898
        0.0000153755  -0.0000007109  -0.0000097123   0.0000569524  -0.0000451888
        0.0000370580  -0.0001363964   0.0001790734  -0.0000404978  -0.0000494588
       -0.0000500050   0.0000102227  -0.0026336594  -0.0252192791  -0.0004994172
       -0.0008249328  -0.0028400896   0.0438851100  -0.0008333236  -0.0040360128
        0.0010417962  -0.0000185283  -0.0000274669  -0.0000272543   0.0000091551
        0.0000100015   0.0000056874   0.0000004246  -0.0000183832   0.0000252572
       -0.0000288994  -0.0000139613   0.0000043143   0.0002490779  -0.0001334457
       -0.0001397182   0.0000402288  -0.0000518997   0.0000424676   0.0000329489
        0.0000049088   0.0000287481   0.0000079294   0.0000023570   0.0000059863
        0.0000072149   0.0000068420  -0.0000017412   0.0000155276   0.0000035320
       -0.0000042880   0.0000148936   0.0000124271   0.0000030337   0.0000598397
       -0.0001404632   0.0003323917
       -0.2719218006  -0.0381782314  -0.0320004567  -0.0136262574   0.0009346368
       -0.0076616345   0.0004285075  -0.0006238548   0.0023299804   0.0009168025
       -0.0002524635   0.0002990095   0.0000414082  -0.0001057963   0.0001010603
       -0.0000673206  -0.0001184556   0.0000556617  -0.0001444645  -0.0000336110
       -0.0000071772  -0.0002250666   0.0000451764   0.0000885858  -0.0002965941
        0.0003847972   0.0006999015  -0.0002230739   0.0003614068  -0.0018496062
       -0.0005095901  -0.0001005201   0.0000235174   0.0000116559   0.0000943559
       -0.0000622331   0.0000252279   0.0000226787  -0.0000236959   0.0000241449
       -0.0000192602   0.0000245701   0.0000205395   0.0000074015  -0.0000072459
        0.0000187486   0.0000106390  -0.0000151460  -0.0000097185   0.0000038844
       -0.0000167593   0.0001941864   0.0000714349  -0.0000678606  -0.0000346631
       -0.0000548001  -0.0000128560  -0.0207737397  -0.0021229985   0.0005029985
       -0.0090613681  -0.0043874107  -0.0008333236   0.3154404641   0.0438216157
        0.0390004647  -0.0000221890   0.0000804109  -0.0000682927  -0.0000359632
       -0.0000007622  -0.0000165231  -0.0000338585   0.0000060474  -0.0000237367
       -0.0000555463   0.0000343509  -0.0000534733   0.0000524789  -0.0001584788
       -0.0000186933  -0.0000169784   0.0000224588  -0.0000487650  -0.0000504879
        0.0000311528  -0.0000476308  -0.0000210002   0.0000157744  -0.0000284256
       -0.0000291326   0.0000012776  -0.0000076447  -0.0000258752  -0.0000105733
        0.0000084107   0.0000254080   0.0000138897  -0.0000156413  -0.0000148839
        0.0002038267  -0.0002473389
       -0.0379802063  -0.0500683132  -0.0069385102   0.0111010045   0.0013489662
        0.0038867417   0.0010789900   0.0003798000  -0.0011712359  -0.0001419862
        0.0001553334  -0.0000198880  -0.0000340506  -0.0001969313  -0.0000095195
       -0.0002304436  -0.0000023526   0.0000275850  -0.0000647548  -0.0001507893
       -0.0000118197   0.0002692835   0.0000836723   0.0000681597  -0.0001200227
        0.0005766947   0.0001503367   0.0003739731   0.0000287400   0.0024274980
        0.0005782885   0.0000111205   0.0001678545   0.0000405555  -0.0001446719
        0.0000466294  -0.0000373069  -0.0000126868  -0.0000002577  -0.0000144240
        0.0000137698  -0.0000093283   0.0000050280   0.0000110885  -0.0000104848
        0.0000042412   0.0000064647   0.0000026994   0.0000046108   0.0000096252
        0.0000072575  -0.0000214321   0.0000268649  -0.0000954969  -0.0001727384
        0.0000100860   0.0002121535   0.0141234109   0.0025500448   0.0006533617
       -0.0328072033  -0.0086716693  -0.0040360128   0.0438216157   0.0546629714
        0.0052267846   0.0000419688  -0.0001356438  -0.0000201534   0.0000211849
       -0.0000305469  -0.0000059616   0.0000065269  -0.0000485522  -0.0000186945
        0.0000649465  -0.0000746162   0.0000009660  -0.0000412798  -0.0003482187
       -0.0003325172   0.0000240570   0.0000653649  -0.0000253221   0.0000443631
       -0.0000118636   0.0000098192  -0.0000080881   0.0000045624  -0.0000050717
       -0.0000029711   0.0000007065  -0.0000036264  -0.0000036391  -0.0000034083
       -0.0000019347   0.0000176578   0.0000036133  -0.0000079508   0.0000588404
       -0.0000492255  -0.0001640606
       -0.0323352043  -0.0065899940  -0.0486046624  -0.0278244006  -0.0029476731
       -0.0069323535  -0.0005396468  -0.0008078759   0.0027133780  -0.0004186458
        0.0004359248  -0.0010095550   0.0004550054   0.0006903959   0.0000540108
       -0.0002338534   0.0001429520   0.0000086922   0.0000125324  -0.0002375875
       -0.0000013389   0.0004892415  -0.0000628913  -0.0000544521   0.0009272700
       -0.0006114159  -0.0005018656  -0.0011067470   0.0025276798  -0.0041313829
       -0.0013982702   0.0000623226  -0.0001863802  -0.0000455862   0.0001839323
       -0.0002578843   0.0000855559   0.0000017841  -0.0000048687   0.0000245905
       -0.0000220244   0.0000371927   0.0000113474  -0.0000123734   0.0000206626
        0.0000017745   0.0000047819  -0.0000051362   0.0000162384   0.0000378418
       -0.0000306206   0.0000702198  -0.0000590335   0.0000983838   0.0004362342
        0.0003868288  -0.0002020186   0.0234331267   0.0030997080   0.0021945299
       -0.0005644404  -0.0007261799   0.0010417962   0.0390004647   0.0052267846
        0.0558566685  -0.0000652917  -0.0000923563  -0.0000026004  -0.0000871024
       -0.0000560419  -0.0000080341  -0.0000892236  -0.0000330131   0.0000016292
       -0.0000928258   0.0000232732   0.0000250585  -0.0000536925  -0.0003602281
       -0.0002741526  -0.0000406467  -0.0000498375   0.0000849599  -0.0001113270
        0.0000146583  -0.0000549082   0.0000060301   0.0000049826  -0.0000042554
       -0.0000121352  -0.0000005796   0.0000001346  -0.0000083348  -0.0000076534
        0.0000052578  -0.0000189281  -0.0000185056   0.0000162738   0.0000766714
       -0.0001485865   0.0001078411
       -0.0000001554  -0.0000734711  -0.0000056337   0.0000925862  -0.0002050301
        0.0003593358   0.0012160285  -0.0002386810  -0.0004506081   0.0068161728
       -0.0110727344  -0.0006360442  -0.1093665352   0.1111350734   0.0073690726
       -0.0176857426   0.0265423737   0.0019227789  -0.0057719599  -0.0005462852
        0.0007286626  -0.0001532718  -0.0006062900   0.0000015089  -0.0009126279
       -0.0025839658   0.0003685908   0.0000285500   0.0001367895   0.0000235507
       -0.0000657283   0.0000054726   0.0000350267  -0.0000095931   0.0000224411
       -0.0000236093   0.0000072123  -0.0000015994  -0.0000013273   0.0000008320
        0.0000156568  -0.0000183254  -0.0000035563   0.0000001667  -0.0000026525
       -0.0000004648  -0.0000043117   0.0000063148  -0.0000019370  -0.0000179413
        0.0000248026   0.0000176707  -0.0000083065  -0.0000214848  -0.0000239955
       -0.0000179349   0.0000417575  -0.0000180121   0.0000025391  -0.0000126490
       -0.0000142417   0.0000193893  -0.0000185283  -0.0000221890   0.0000419688
       -0.0000652917   0.1257279120  -0.1238982412  -0.0092664518   0.0007857552
        0.0007636344  -0.0001835897  -0.0009685502   0.0013623704   0.0000494008
        0.0000230654  -0.0000087995  -0.0001003713   0.0002732690  -0.0007557065
       -0.0000421236  -0.0000131181  -0.0000287108  -0.0000632006   0.0000060789
        0.0000046289  -0.0000002487   0.0000025268  -0.0000015389   0.0000030560
        0.0000096208   0.0000007477  -0.0000014895   0.0000095333   0.0000020477
       -0.0000047562   0.0000025484   0.0000022946  -0.0000065120   0.0000123162
        0.0000119535  -0.0000089609
       -0.0000214715   0.0000289069  -0.0000871195  -0.0000359111  -0.0005123006
        0.0002356696   0.0011991988   0.0020083755  -0.0000043651   0.0127435039
       -0.0268332433  -0.0012035315   0.1111099218  -0.2336226797  -0.0115295341
        0.0025595200  -0.0021036658  -0.0003346172   0.0001610849   0.0015710895
       -0.0001541427  -0.0008094249   0.0005720736   0.0000671819  -0.0032180640
       -0.0042749858   0.0000014296   0.0001557854   0.0000775843  -0.0000212273
       -0.0000773178  -0.0000424389   0.0001329785   0.0000172499   0.0000238945
       -0.0000234682   0.0000364382  -0.0000042548  -0.0000071425   0.0000115079
        0.0000012456   0.0000072294   0.0000116870   0.0000059321  -0.0000089412
        0.0000180369   0.0000033135  -0.0000023017   0.0000022304   0.0000155651
       -0.0000155608   0.0000656762   0.0000061597  -0.0000136289   0.0000037411
        0.0000218483  -0.0000048839  -0.0000775462   0.0000397929   0.0000286889
        0.0000852530   0.0000643770  -0.0000274669   0.0000804109  -0.0001356438
       -0.0000923563  -0.1238982412   0.2635604106   0.0131271213  -0.0007281270
        0.0010837297   0.0001436691   0.0000326334  -0.0001665387   0.0000289691
       -0.0000284803   0.0000600848   0.0000433406   0.0006871428  -0.0014413395
       -0.0001346144  -0.0000978075   0.0000007433  -0.0001316757  -0.0000004249
        0.0000068065  -0.0000124041  -0.0000064009   0.0000007649  -0.0000071811
       -0.0000034846  -0.0000018483  -0.0000020443  -0.0000035957  -0.0000043233
        0.0000014946   0.0000031930  -0.0000082267   0.0000044554   0.0000220820
       -0.0000012090  -0.0000040206
        0.0000228821   0.0000399823   0.0000460793   0.0007980728   0.0000426851
       -0.0000196922  -0.0015204551   0.0006645241  -0.0028052016   0.0015204073
       -0.0003364307   0.0017192835   0.0070049212  -0.0119996965  -0.0331200354
        0.0007466478  -0.0011445605  -0.0001042984   0.0006311283  -0.0005378809
        0.0080921614   0.0003173177   0.0001535765  -0.0001949946   0.0000010939
       -0.0001238281   0.0072126117  -0.0000044769   0.0001520605  -0.0000108517
       -0.0000631732  -0.0000239256   0.0000620967   0.0000060453   0.0000036428
       -0.0000082284   0.0000116496  -0.0000030782   0.0000052580   0.0000046915
        0.0000057749   0.0000040362   0.0000040188  -0.0000026689  -0.0000002813
       -0.0000003118   0.0000020311  -0.0000016913   0.0000010908  -0.0000053931
        0.0000027634  -0.0000005342  -0.0000080984  -0.0000278599   0.0000383879
        0.0000140546  -0.0000181927   0.0000184570   0.0000090525  -0.0000072408
       -0.0000033993  -0.0000164212  -0.0000272543  -0.0000682927  -0.0000201534
       -0.0000026004  -0.0092664518   0.0131271213   0.0239462180  -0.0001702535
        0.0000947069  -0.0028556086   0.0000638197  -0.0000608991   0.0002278895
       -0.0000742694   0.0000406054  -0.0017615875   0.0000097480  -0.0000542683
       -0.0003371216  -0.0000176214  -0.0000311625   0.0000049081  -0.0000132107
        0.0000072401  -0.0000072011  -0.0000040515   0.0000003237  -0.0000009013
        0.0000005940   0.0000002865   0.0000004743   0.0000006547   0.0000026927
       -0.0000005919  -0.0000004224  -0.0000015028  -0.0000062889   0.0000052955
        0.0000096074  -0.0000060561
       -0.0000114942  -0.0001193140   0.0001389580  -0.0001159613   0.0001093620
       -0.0002714602  -0.0006174942  -0.0016418983   0.0001688560  -0.0056255906
        0.0004157355   0.0003965572  -0.0183389628  -0.0268147533   0.0003556112
       -0.1058835507  -0.1086465670   0.0008793999   0.0066897634   0.0116042056
        0.0000013368  -0.0005386841   0.0028403931   0.0005584130  -0.0001857486
        0.0006468991   0.0000060205  -0.0001435832   0.0001216124   0.0001870189
       -0.0000664102  -0.0000217749   0.0000419726  -0.0000001794  -0.0000203926
        0.0000151655  -0.0000124025  -0.0000140769   0.0000163915   0.0000119857
       -0.0000123963   0.0000245155   0.0000003521  -0.0000064857   0.0000072339
       -0.0000052449   0.0000117443  -0.0000145536   0.0000004238   0.0000264021
       -0.0000336289  -0.0000258341  -0.0000248096  -0.0000277935   0.0000059284
        0.0000483990  -0.0000600857  -0.0000056876   0.0000133176   0.0000138243
        0.0000111106   0.0000017165   0.0000091551  -0.0000359632   0.0000211849
       -0.0000871024   0.0007857552  -0.0007281270  -0.0001702535   0.1229246070
        0.1206762877  -0.0018852632   0.0009224102   0.0008199484  -0.0001826221
        0.0002507681   0.0006703262   0.0000087121   0.0000033190   0.0000396860
       -0.0001087499   0.0000281947  -0.0000272210   0.0000319495  -0.0000124197
        0.0000088055  -0.0000155266  -0.0000059250   0.0000042873  -0.0000094298
       -0.0000117614  -0.0000024428  -0.0000025292  -0.0000109556  -0.0000061896
        0.0000031332   0.0000054473  -0.0000062656   0.0000049519   0.0000137878
        0.0000124013  -0.0000001781
       -0.0000229556  -0.0000751588   0.0001283661   0.0003302000   0.0000988387
       -0.0003215298  -0.0003724314  -0.0001899540   0.0001401372   0.0000787760
        0.0014593698  -0.0001981440  -0.0030236126  -0.0024679550   0.0000210145
       -0.1085664192  -0.2353978847   0.0000482542  -0.0126388189  -0.0264627876
       -0.0000825819   0.0034114678  -0.0042728559  -0.0005214521   0.0007129096
        0.0006488627   0.0000175879  -0.0001106737   0.0000168159   0.0000265773
       -0.0000322014  -0.0000272259   0.0000550677   0.0000052027  -0.0000109956
        0.0000177902   0.0000041814  -0.0000074200   0.0000028507   0.0000057156
       -0.0000140304   0.0000259622   0.0000072300  -0.0000001949   0.0000012799
        0.0000027616   0.0000119135  -0.0000150989  -0.0000026967   0.0000219506
       -0.0000299069  -0.0000245046   0.0000037773  -0.0000076198   0.0000312635
        0.0000382537  -0.0000469425  -0.0000150125   0.0000130242   0.0000345512
        0.0000339957  -0.0000153556   0.0000100015  -0.0000007622  -0.0000305469
       -0.0000560419   0.0007636344   0.0010837297   0.0000947069   0.1206762877
        0.2661758786   0.0005074117  -0.0005780799   0.0008275331   0.0001396218
       -0.0006613911  -0.0014808314  -0.0000272963   0.0000017777   0.0000613368
        0.0000418039   0.0000077315  -0.0000119779   0.0000039768  -0.0000124719
        0.0000080267  -0.0000151263  -0.0000058735   0.0000043451  -0.0000089822
       -0.0000108258  -0.0000007300  -0.0000006759  -0.0000104767  -0.0000044366
        0.0000062740   0.0000050086  -0.0000058895   0.0000070965   0.0000110641
        0.0000025742   0.0000010661
        0.0000188367  -0.0000221141  -0.0000423301   0.0000994964   0.0001061926
       -0.0001082756  -0.0002565410   0.0000480701   0.0000923893   0.0009534916
       -0.0005726383   0.0083739338   0.0009515130   0.0013828123   0.0006744495
        0.0009557196   0.0000528193  -0.0344219390  -0.0007355077  -0.0014205493
        0.0008003391   0.0005558698  -0.0004096855   0.0077001814  -0.0000557206
        0.0001406111  -0.0001675900  -0.0000662101  -0.0000102281  -0.0000188450
        0.0000050933  -0.0000042636   0.0000165199  -0.0000107823   0.0000007960
        0.0000051779   0.0000105765  -0.0000025927   0.0000036637  -0.0000013830
        0.0000025439   0.0000011368   0.0000038829  -0.0000019488  -0.0000022600
        0.0000021796  -0.0000008643  -0.0000000173   0.0000018417  -0.0000015628
        0.0000003981  -0.0000059383   0.0000073058  -0.0000062623   0.0000102160
        0.0000046940  -0.0000099470   0.0000086174   0.0000017751  -0.0000193976
       -0.0000088463  -0.0000063778   0.0000056874  -0.0000165231  -0.0000059616
       -0.0000080341  -0.0001835897   0.0001436691  -0.0028556086  -0.0018852632
        0.0005074117   0.0242678123  -0.0002029651   0.0000566121  -0.0024978204
       -0.0000306575  -0.0000611348  -0.0000608272  -0.0001180188   0.0000624344
       -0.0017180171   0.0000008567  -0.0000006701  -0.0000026171   0.0000017391
        0.0000018468  -0.0000011973  -0.0000003543  -0.0000019177  -0.0000000912
        0.0000004459   0.0000004694   0.0000014088   0.0000004968   0.0000027628
        0.0000004235  -0.0000017502  -0.0000020759  -0.0000018984  -0.0000008217
        0.0000017589  -0.0000005463
       -0.0000358335  -0.0001002442   0.0002085279   0.0004976886   0.0002211116
       -0.0003672461  -0.0000122253  -0.0000903281   0.0000351477   0.0009681754
       -0.0000293415  -0.0000397256  -0.0005956189   0.0033444566   0.0005136658
       -0.0188164348   0.0017701899   0.0011461931  -0.2983301643  -0.0010779710
        0.0150518739  -0.0188027657  -0.0019494866   0.0010345984  -0.0005149855
       -0.0033267983   0.0002903949  -0.0001196173  -0.0000056942   0.0000081168
       -0.0000393889  -0.0000373830   0.0000593000   0.0000043204  -0.0000193049
        0.0000217611  -0.0000049765  -0.0000062476   0.0000084524   0.0000013917
       -0.0000201867   0.0000244723   0.0000010897  -0.0000031628   0.0000033673
       -0.0000005020   0.0000101842  -0.0000163890  -0.0000058801   0.0000254077
       -0.0000328738  -0.0000396365   0.0000004413  -0.0000071673   0.0000390779
        0.0000414754  -0.0000576343  -0.0000086348   0.0000213508   0.0000378373
        0.0000312615  -0.0000198994   0.0000004246  -0.0000338585   0.0000065269
       -0.0000892236  -0.0009685502   0.0000326334   0.0000638197   0.0009224102
       -0.0005780799  -0.0002029651   0.3359049950   0.0012409366  -0.0176262505
        0.0009373408   0.0005873629  -0.0001554566  -0.0009821758  -0.0000390713
        0.0000868824   0.0000229934  -0.0000086659   0.0000170628  -0.0000126643
        0.0000092411  -0.0000161566  -0.0000030100   0.0000045209  -0.0000081617
       -0.0000106749  -0.0000008397  -0.0000016964  -0.0000104394  -0.0000050393
        0.0000041559   0.0000056131  -0.0000037204   0.0000056218   0.0000116796
        0.0000056257  -0.0000007295
       -0.0000199694   0.0000441209   0.0000004464  -0.0000010676  -0.0000741179
        0.0000185602  -0.0000247284   0.0001543857   0.0000647788   0.0000295332
       -0.0006932201  -0.0000021753   0.0027996884  -0.0040985174  -0.0004966655
        0.0261521592  -0.0010345428  -0.0015541797  -0.0010491556  -0.0439865796
       -0.0003748554  -0.0263799305  -0.0012848820   0.0014883425  -0.0027724773
       -0.0041375857  -0.0002469925   0.0000148954   0.0000073560   0.0000022555
       -0.0000049279   0.0000033069   0.0000100642   0.0000018418   0.0000069369
       -0.0000006970   0.0000010145  -0.0000046707  -0.0000036157   0.0000014996
        0.0000037599   0.0000027471  -0.0000000683   0.0000006211  -0.0000021795
       -0.0000005215   0.0000007309  -0.0000006946  -0.0000011901  -0.0000008681
       -0.0000024053   0.0000018702   0.0000036043   0.0000002564  -0.0000006739
        0.0000031250  -0.0000012068  -0.0000189001   0.0000037090   0.0000067531
        0.0000271765   0.0000188586  -0.0000183832   0.0000060474  -0.0000485522
       -0.0000330131   0.0013623704  -0.0001665387  -0.0000608991   0.0008199484
        0.0008275331   0.0000566121   0.0012409366   0.0538216033   0.0009001108
       -0.0007985492   0.0008287856   0.0001686390  -0.0013808204  -0.0001862394
        0.0000869961  -0.0000084335  -0.0000083505  -0.0000068712  -0.0000030987
        0.0000000342  -0.0000007544  -0.0000019942  -0.0000008703   0.0000000264
       -0.0000000900  -0.0000005268   0.0000009477  -0.0000009601  -0.0000002360
        0.0000013623   0.0000022154  -0.0000019320  -0.0000000265   0.0000063595
       -0.0000002410  -0.0000032836
        0.0000288401  -0.0000826046   0.0000273803   0.0003824969  -0.0000190514
       -0.0000900992  -0.0001946888   0.0003476323  -0.0017100975  -0.0001954235
       -0.0004043638   0.0004052820   0.0003851475  -0.0004104747   0.0072423076
        0.0017531710  -0.0001703416  -0.0001009529   0.0149939559  -0.0002752553
       -0.0329564792   0.0000915191  -0.0001758352  -0.0000304818   0.0006748802
       -0.0001349243   0.0073854860   0.0000116246   0.0001557511   0.0000302290
       -0.0000229811  -0.0000081663   0.0000000588   0.0000031616   0.0000002939
        0.0000009110  -0.0000054468  -0.0000037443  -0.0000011720   0.0000034733
        0.0000049089   0.0000010799  -0.0000017864  -0.0000008013  -0.0000014791
        0.0000000348   0.0000030869   0.0000043501   0.0000051616  -0.0000030113
       -0.0000049869   0.0000023921  -0.0000128354  -0.0000132687   0.0000208152
       -0.0000004412   0.0000036414  -0.0000132129   0.0000061662  -0.0000182038
        0.0000048760   0.0000028697   0.0000252572  -0.0000237367  -0.0000186945
        0.0000016292   0.0000494008   0.0000289691   0.0002278895  -0.0001826221
        0.0001396218  -0.0024978204  -0.0176262505   0.0009001108   0.0243526228
       -0.0001717733   0.0000684479  -0.0025482251   0.0000274426   0.0000548224
        0.0002587016   0.0000041101  -0.0000018290   0.0000051095  -0.0000020242
        0.0000025055  -0.0000005426  -0.0000000939  -0.0000000547   0.0000008836
       -0.0000005971   0.0000002936   0.0000009449   0.0000003717   0.0000009184
       -0.0000005351  -0.0000015113   0.0000003417  -0.0000005564  -0.0000007266
        0.0000056887   0.0000011364
       -0.0000009811   0.0000542585   0.0002978394   0.0001985754   0.0002641118
       -0.0004131813  -0.0009963036   0.0012477493   0.0003437239  -0.0054616692
       -0.0005151297   0.0010287822  -0.0001282075  -0.0006325028  -0.0000250537
       -0.0005074290  -0.0028376520   0.0003318560   0.0067077347  -0.0114678726
       -0.0007564879  -0.1064812100   0.1086089013   0.0077072270  -0.0185109733
        0.0267605033   0.0018002259  -0.0000988161  -0.0002878443  -0.0000320232
       -0.0000518933  -0.0000157953   0.0000471137  -0.0000052777  -0.0000177349
        0.0000263009  -0.0000082059  -0.0000125002   0.0000127969   0.0000097350
       -0.0000167160   0.0000232881   0.0000006056  -0.0000042657   0.0000056743
       -0.0000037371   0.0000056665  -0.0000171065  -0.0000012120   0.0000281442
       -0.0000387693  -0.0000355180   0.0000265014   0.0000170579  -0.0000010862
        0.0000375951  -0.0000787246   0.0000309145  -0.0000077080   0.0000341048
       -0.0000397130   0.0000159624  -0.0000288994  -0.0000555463   0.0000649465
       -0.0000928258   0.0000230654  -0.0000284803  -0.0000742694   0.0002507681
       -0.0006613911  -0.0000306575   0.0009373408  -0.0007985492  -0.0001717733
        0.1234595981  -0.1205245096  -0.0097052545   0.0007580786   0.0007323033
       -0.0002309615   0.0000326657  -0.0000256451   0.0000300215  -0.0000078506
        0.0000085884  -0.0000139136  -0.0000041351   0.0000062420  -0.0000075179
       -0.0000119784   0.0000007510  -0.0000005538  -0.0000128313  -0.0000047239
        0.0000047081   0.0000036797  -0.0000045243   0.0000102521   0.0000118134
        0.0000013201  -0.0000029994
        0.0000085186   0.0001229864  -0.0001694008  -0.0003891634  -0.0002677613
        0.0003348096   0.0004566381  -0.0000752110  -0.0000933328  -0.0001956322
        0.0015376716  -0.0002973297  -0.0007168401   0.0006353851   0.0000785637
       -0.0034383171  -0.0043209364  -0.0001296086   0.0127753720  -0.0264918252
       -0.0017054037   0.1084044727  -0.2333247422  -0.0129028194   0.0029623028
       -0.0023352883  -0.0002979156   0.0001166124   0.0000488137  -0.0000004541
        0.0000250419   0.0000323124  -0.0000472486  -0.0000012604   0.0000214227
       -0.0000187548  -0.0000025078   0.0000004738  -0.0000097393  -0.0000038724
        0.0000222936  -0.0000213473  -0.0000080522   0.0000027285  -0.0000059427
       -0.0000058538  -0.0000091959   0.0000150845   0.0000014602  -0.0000231057
        0.0000279782   0.0000258285  -0.0000033045   0.0000035167  -0.0000323453
       -0.0000287257   0.0000513203  -0.0000283591  -0.0000103977  -0.0000225592
        0.0000103531   0.0000391104  -0.0000139613   0.0000343509  -0.0000746162
        0.0000232732  -0.0000087995   0.0000600848   0.0000406054   0.0006703262
       -0.0014808314  -0.0000611348   0.0005873629   0.0008287856   0.0000684479
       -0.1205245096   0.2640066154   0.0149437201  -0.0007309879   0.0010978018
        0.0002113415  -0.0000160565   0.0000003781  -0.0000088452   0.0000078077
       -0.0000100587   0.0000134914   0.0000027798  -0.0000065828   0.0000081186
        0.0000108262  -0.0000000697   0.0000015500   0.0000087987   0.0000055221
       -0.0000044569  -0.0000028249   0.0000032559  -0.0000076964  -0.0000034707
       -0.0000029890  -0.0000038698
        0.0000334813   0.0000002901  -0.0000063357  -0.0001431052  -0.0002227337
        0.0001664761   0.0001741731   0.0003327162  -0.0003088049   0.0007656910
       -0.0000694144   0.0081973366  -0.0001732475  -0.0001056906  -0.0002084335
        0.0004188264  -0.0001842281   0.0078379606   0.0000081179  -0.0002621316
        0.0007652191   0.0075928100  -0.0129102098  -0.0350371296   0.0014927183
       -0.0018185389   0.0007363723   0.0000598782   0.0000117404  -0.0000080873
       -0.0000103433  -0.0000037390  -0.0000193141   0.0000080526   0.0000015633
        0.0000003255  -0.0000113068  -0.0000002299  -0.0000101377   0.0000042704
        0.0000027287  -0.0000036414  -0.0000048473   0.0000013389  -0.0000029325
       -0.0000001976   0.0000007447   0.0000076445   0.0000026713  -0.0000049028
       -0.0000018715   0.0000119210  -0.0000036710   0.0000086943  -0.0000156139
       -0.0000053642   0.0000162965   0.0000197853   0.0000064751  -0.0000082661
       -0.0000077494  -0.0000120491   0.0000043143  -0.0000534733   0.0000009660
        0.0000250585  -0.0001003713   0.0000433406  -0.0017615875   0.0000087121
       -0.0000272963  -0.0000608272  -0.0001554566   0.0001686390  -0.0025482251
       -0.0097052545   0.0149437201   0.0250182781  -0.0002183573   0.0001132282
       -0.0027961462   0.0000003268  -0.0000024373   0.0000030481  -0.0000023567
       -0.0000025160  -0.0000019126   0.0000005617  -0.0000012697   0.0000001981
       -0.0000001940  -0.0000007954  -0.0000001899   0.0000015830   0.0000001305
       -0.0000012650  -0.0000013518   0.0000060410   0.0000007046  -0.0000003540
        0.0000035548  -0.0000028195
       -0.0000958855   0.0001324386   0.0003089026   0.0002085685  -0.0001504473
        0.0001801319   0.0020085348   0.0010642489  -0.0005218937   0.0054641176
        0.0108471310   0.0001839650  -0.0007135697   0.0026857770   0.0005656860
       -0.0002118961   0.0005888448  -0.0000036473  -0.0057515750   0.0004578678
        0.0008632777  -0.0177136473  -0.0267714081   0.0000346222  -0.1070322943
       -0.1092445199  -0.0006303502  -0.0000437788  -0.0000630176  -0.0001066496
        0.0000150214   0.0000365485  -0.0000640276  -0.0000151582  -0.0000082782
        0.0000187726  -0.0000013256  -0.0000002438  -0.0000037204  -0.0000032558
        0.0000060308  -0.0000090955  -0.0000034199   0.0000026896  -0.0000022234
       -0.0000073332  -0.0000013116   0.0000006939   0.0000097394  -0.0000143160
        0.0000196569  -0.0000220151   0.0000149117  -0.0000024534  -0.0000059829
       -0.0000349708   0.0000228920  -0.0001006818  -0.0000213806  -0.0000066860
       -0.0000755196  -0.0000621771   0.0002490779   0.0000524789  -0.0000412798
       -0.0000536925   0.0002732690   0.0006871428   0.0000097480   0.0000033190
        0.0000017777  -0.0001180188  -0.0009821758  -0.0013808204   0.0000274426
        0.0007580786  -0.0007309879  -0.0002183573   0.1239205078   0.1220305967
       -0.0007905008   0.0000262751  -0.0000095720   0.0000089722   0.0000174975
       -0.0000031503   0.0000074672   0.0000062994  -0.0000016807   0.0000043712
        0.0000077025   0.0000009593   0.0000021568   0.0000099601   0.0000023463
       -0.0000005599  -0.0000005544  -0.0000008169   0.0000025149  -0.0000013007
       -0.0000189324   0.0000215249
       -0.0000544774   0.0003426621  -0.0000376851   0.0003366044  -0.0004808802
        0.0001153181  -0.0017586630   0.0014671025   0.0005064228  -0.0122059605
       -0.0267935914  -0.0003579470   0.0032929177  -0.0043082661  -0.0005101889
        0.0007902646   0.0006224891  -0.0000461762  -0.0002901905   0.0015691546
       -0.0002547023  -0.0026681026  -0.0023980021  -0.0001287123  -0.1091293526
       -0.2340432161  -0.0022476102   0.0001231391  -0.0000145283   0.0000181151
       -0.0000462043   0.0000513072  -0.0000242838  -0.0000034698   0.0000232830
       -0.0000200021  -0.0000270011  -0.0000032621  -0.0000126614  -0.0000018460
        0.0000104144  -0.0000098918  -0.0000135622  -0.0000035019   0.0000016694
       -0.0000227166  -0.0000017774   0.0000017136  -0.0000165063  -0.0000133372
        0.0000209902  -0.0000355971  -0.0000151295  -0.0000068414  -0.0000421333
        0.0000105752   0.0000259746  -0.0001864651   0.0000135408   0.0000785800
        0.0001212307   0.0003122615  -0.0001334457  -0.0001584788  -0.0003482187
       -0.0003602281  -0.0007557065  -0.0014413395  -0.0000542683   0.0000396860
        0.0000613368   0.0000624344  -0.0000390713  -0.0001862394   0.0000548224
        0.0007323033   0.0010978018   0.0001132282   0.1220305967   0.2645155344
        0.0032275721  -0.0000231159  -0.0000559591   0.0000202503  -0.0000163009
       -0.0000112858  -0.0000007356  -0.0000006533  -0.0000079197   0.0000023582
        0.0000036348  -0.0000036693   0.0000018668   0.0000025810   0.0000018223
        0.0000000359   0.0000037664   0.0000076022  -0.0000093599   0.0000188504
        0.0000232359  -0.0000366122
        0.0000300841  -0.0001881242  -0.0003507559   0.0003505378  -0.0003005898
        0.0003305888   0.0006972785   0.0008726626  -0.0024420270  -0.0031039579
       -0.0015299973   0.0013164907   0.0007671100  -0.0002176444   0.0070244247
       -0.0001300303  -0.0000238722  -0.0001817496   0.0009155933  -0.0004276013
        0.0079538318   0.0015030812   0.0018469966  -0.0001343054  -0.0002223715
       -0.0035327115  -0.0321020789   0.0001107406   0.0002355273   0.0000403142
       -0.0000845525  -0.0000368232  -0.0000003700   0.0000014681   0.0000067214
       -0.0000190214  -0.0000251456  -0.0000050553  -0.0000002525   0.0000073232
       -0.0000022823   0.0000019276  -0.0000041449  -0.0000000585   0.0000009429
        0.0000012186   0.0000068260  -0.0000002149   0.0000006991   0.0000007865
       -0.0000114548   0.0000191222  -0.0000128192  -0.0000167940   0.0000056171
       -0.0000045174   0.0000165785  -0.0000270948   0.0000756109  -0.0000473860
        0.0002877260   0.0000796146  -0.0001397182  -0.0000186933  -0.0003325172
       -0.0002741526  -0.0000421236  -0.0001346144  -0.0003371216  -0.0001087499
        0.0000418039  -0.0017180171   0.0000868824   0.0000869961   0.0002587016
       -0.0002309615   0.0002113415  -0.0027961462  -0.0007905008   0.0032275721
        0.0236755490   0.0000073425   0.0000158967  -0.0000030161  -0.0000148240
        0.0000099677  -0.0000106825  -0.0000059130   0.0000062177  -0.0000056041
       -0.0000065137   0.0000016637  -0.0000020357  -0.0000046462  -0.0000025660
       -0.0000002879   0.0000042717   0.0000046383  -0.0000032026   0.0000241270
        0.0000209504  -0.0000229546
       -0.0000897094  -0.0001717091   0.0003908037   0.0004310823   0.0005587170
       -0.0004674908  -0.0012236412   0.0008283995  -0.0012570498  -0.0008043532
       -0.0000949416   0.0000652226   0.0000573047   0.0000653117   0.0000366288
       -0.0001094686  -0.0000097448   0.0000056572   0.0000302551  -0.0000500180
       -0.0000033281   0.0000021615  -0.0000048729  -0.0000336338   0.0001185160
        0.0000467063  -0.0000149516   0.0051427177   0.0015030335  -0.0014671658
       -0.1703310941  -0.0865292676   0.0990965304  -0.0235561357  -0.0135358874
        0.0150588999  -0.0046318449   0.0000591773  -0.0025246181  -0.0007518665
       -0.0007515750   0.0008476178  -0.0003751551   0.0000555567  -0.0000060856
        0.0000352798   0.0000704401  -0.0001070228   0.0001222936   0.0001903160
        0.0000012666  -0.0000336948   0.0003023003  -0.0004091039  -0.0000549018
        0.0005037332  -0.0017341335   0.0000062067  -0.0000074615   0.0000984529
        0.0000113874  -0.0000470189   0.0000402288  -0.0000169784   0.0000240570
       -0.0000406467  -0.0000131181  -0.0000978075  -0.0000176214   0.0000281947
        0.0000077315   0.0000008567   0.0000229934  -0.0000084335   0.0000041101
        0.0000326657  -0.0000160565   0.0000003268   0.0000262751  -0.0000231159
        0.0000073425   0.1949830071   0.0969987918  -0.1081946002   0.0008103420
       -0.0000791125   0.0008411320   0.0000667326  -0.0000639044   0.0000689729
       -0.0001172998  -0.0000518615   0.0000670421  -0.0000138159  -0.0000288724
       -0.0000127658  -0.0000087891  -0.0000138681   0.0000060563   0.0002044516
        0.0003712574  -0.0003469300
       -0.0000776303   0.0001064972  -0.0002993607  -0.0007231352  -0.0013742771
       -0.0005192313  -0.0001305159   0.0003743079  -0.0007820619   0.0011956603
        0.0001146934   0.0000222915  -0.0002454040  -0.0000962904   0.0000194545
        0.0000607431  -0.0000574704  -0.0000011159  -0.0000824162  -0.0000038141
        0.0000012624   0.0000656063   0.0000421217   0.0000260790  -0.0002713253
        0.0001726450   0.0000195446  -0.0111701249  -0.0075772700   0.0111293642
       -0.0863050055  -0.0940570606   0.0691750867  -0.0003267443   0.0009927674
        0.0000352371  -0.0005150586   0.0068435176   0.0042306579   0.0001260842
        0.0000165219   0.0000935897   0.0000973416  -0.0005621927  -0.0004246643
        0.0000086755   0.0000258172  -0.0000388081   0.0001833691  -0.0008437114
       -0.0007001687   0.0003152250   0.0000143857  -0.0002699462   0.0008890254
        0.0018966245   0.0051166427  -0.0000517620  -0.0000205337  -0.0000876563
       -0.0000732738   0.0000653470  -0.0000518997   0.0000224588   0.0000653649
       -0.0000498375  -0.0000287108   0.0000007433  -0.0000311625  -0.0000272210
       -0.0000119779  -0.0000006701  -0.0000086659  -0.0000083505  -0.0000018290
       -0.0000256451   0.0000003781  -0.0000024373  -0.0000095720  -0.0000559591
        0.0000158967   0.0969987918   0.0958361024  -0.0854315928   0.0008141755
       -0.0019045958  -0.0020134194  -0.0000436162   0.0001475206   0.0000705831
       -0.0000271964   0.0000160193   0.0000127458  -0.0000429593   0.0001834736
        0.0001451670   0.0000273812   0.0000205373  -0.0000040498  -0.0006185553
       -0.0003618822   0.0005963088
        0.0000944794  -0.0000667887   0.0003285623   0.0019321817  -0.0002972282
       -0.0015031823   0.0003154329  -0.0008659663   0.0010755450  -0.0013046668
        0.0001737540   0.0001641911   0.0003245829   0.0002645752   0.0000030661
       -0.0000815915   0.0000510815  -0.0000153969   0.0001235999  -0.0000615718
       -0.0000078289   0.0000130316  -0.0000375271  -0.0000498432   0.0002554205
       -0.0002011331  -0.0000615803   0.0153282903   0.0131541321  -0.0147383826
        0.0991950402   0.0691488116  -0.1167671865  -0.0038283038  -0.0023291702
        0.0037705041  -0.0019661063   0.0042400815   0.0034756174  -0.0002329385
       -0.0000722811   0.0001102828  -0.0000453161  -0.0004712856  -0.0002132982
       -0.0000489752  -0.0000078219  -0.0000115843   0.0000764651  -0.0006513391
       -0.0004021709  -0.0005915650  -0.0002544624   0.0000818385  -0.0019020821
        0.0050774394  -0.0022783709   0.0000670046   0.0000248080   0.0001431232
        0.0000755367  -0.0000744255   0.0000424676  -0.0000487650  -0.0000253221
        0.0000849599  -0.0000632006  -0.0001316757   0.0000049081   0.0000319495
        0.0000039768  -0.0000026171   0.0000170628  -0.0000068712   0.0000051095
        0.0000300215  -0.0000088452   0.0000030481   0.0000089722   0.0000202503
       -0.0000030161  -0.1081946002  -0.0854315928   0.1276776197  -0.0004396151
       -0.0021476813  -0.0004340589   0.0000334488   0.0000726103   0.0001039715
       -0.0000007415   0.0000059673   0.0000229239  -0.0000053873   0.0001421658
        0.0000880127  -0.0000436519  -0.0000200763   0.0000334825   0.0008749865
        0.0007834117  -0.0007307169
       -0.0004813131   0.0000049522  -0.0001686597  -0.0000161290   0.0007699551
       -0.0011089828   0.0000385673   0.0000112777   0.0000310717   0.0001520389
        0.0000030420  -0.0000879483  -0.0000793239  -0.0000021360   0.0000090028
        0.0000020368  -0.0000001088   0.0000178877  -0.0000100317  -0.0000123866
        0.0000022125   0.0000177558  -0.0000052666   0.0000085327  -0.0000819881
        0.0000300652   0.0000391425  -0.0050996262  -0.0005069316  -0.0016512452
       -0.0109694400   0.0157361084  -0.0244721320  -0.0632029262   0.0359975911
       -0.0564808316   0.0051412867  -0.0097478768   0.0145547800   0.0011755626
       -0.0008795060   0.0017908888   0.0001017884   0.0002170856  -0.0002670149
        0.0001865244   0.0000160734   0.0000530757   0.0001604870  -0.0005233218
        0.0007942925  -0.0024602307  -0.0022936768   0.0017866182  -0.0004450828
       -0.0002140652   0.0002412596  -0.0000015610  -0.0000032178   0.0000569415
        0.0000132287  -0.0000366076   0.0000329489  -0.0000504879   0.0000443631
       -0.0001113270   0.0000060789  -0.0000004249  -0.0000132107  -0.0000124197
       -0.0000124719   0.0000017391  -0.0000126643  -0.0000030987  -0.0000020242
       -0.0000078506   0.0000078077  -0.0000023567   0.0000174975  -0.0000163009
       -0.0000148240   0.0008103420   0.0008141755  -0.0004396151   0.0761115464
       -0.0394450897   0.0654264656  -0.0007582834   0.0000184186  -0.0001783580
        0.0000055454  -0.0000049534  -0.0000302349  -0.0000021379   0.0000310351
       -0.0000508781  -0.0001984987  -0.0001737535   0.0001469911  -0.0000502915
        0.0001792439   0.0000857923
        0.0001157001  -0.0000961728  -0.0000431619  -0.0001345073  -0.0000650472
        0.0001092439   0.0000612415  -0.0000165457  -0.0000196189  -0.0000270447
        0.0000374997   0.0000463641   0.0000341924  -0.0000176269   0.0000114198
       -0.0000107428  -0.0000002171  -0.0000137096  -0.0000076284   0.0000051106
        0.0000015829  -0.0000191149   0.0000073550   0.0000025325   0.0000182462
        0.0000141560  -0.0000309207  -0.0002361066   0.0067940556   0.0041147819
        0.0020054875  -0.0012763621   0.0031247693   0.0367229046  -0.1080877320
        0.1121081642   0.0027865781  -0.0080644819   0.0139819559   0.0012022614
       -0.0009170146  -0.0010021677   0.0002226806  -0.0000611457  -0.0000639006
        0.0001027467  -0.0000095809  -0.0002364451   0.0004382417  -0.0004670156
        0.0004586255  -0.0029009731   0.0027222391   0.0038172540  -0.0001982851
        0.0001747332  -0.0004248226  -0.0000163227  -0.0000065694  -0.0000213286
       -0.0000131445   0.0000006005   0.0000049088   0.0000311528  -0.0000118636
        0.0000146583   0.0000046289   0.0000068065   0.0000072401   0.0000088055
        0.0000080267   0.0000018468   0.0000092411   0.0000000342   0.0000025055
        0.0000085884  -0.0000100587  -0.0000025160  -0.0000031503  -0.0000112858
        0.0000099677  -0.0000791125  -0.0019045958  -0.0021476813  -0.0394450897
        0.1120542879  -0.1330595303  -0.0006146799   0.0002029479  -0.0001847317
       -0.0000041302   0.0001538007   0.0000320028  -0.0000396458   0.0000297077
       -0.0000062140  -0.0001698978   0.0000783081   0.0003364737   0.0001468789
       -0.0012663537  -0.0009295488
       -0.0001824872  -0.0001216260  -0.0000507316   0.0003967418   0.0003815833
       -0.0005070099  -0.0000974629  -0.0000730352   0.0001250332   0.0001229897
        0.0000340414  -0.0000313637  -0.0000618600   0.0000033559  -0.0000032816
        0.0000237579   0.0000077684   0.0000019530   0.0000052850  -0.0000155074
        0.0000022585   0.0000359144  -0.0000039086   0.0000026484  -0.0000755053
        0.0000091308   0.0000428574  -0.0025342958   0.0039845600   0.0036866118
       -0.0049454698   0.0055725324  -0.0080987449  -0.0575444913   0.1119652273
       -0.2032680641  -0.0032342878   0.0117775475  -0.0159042504  -0.0012075624
       -0.0013927669  -0.0000131011  -0.0002653547  -0.0000632102  -0.0000997656
       -0.0000629002  -0.0002413803   0.0001420627  -0.0005787349   0.0002970279
       -0.0007331533   0.0026863882   0.0039464582   0.0006335819   0.0002799629
       -0.0003733035   0.0004869709   0.0000131810   0.0000122232   0.0000188928
        0.0000293450  -0.0000209925   0.0000287481  -0.0000476308   0.0000098192
       -0.0000549082  -0.0000002487  -0.0000124041  -0.0000072011  -0.0000155266
       -0.0000151263  -0.0000011973  -0.0000161566  -0.0000007544  -0.0000005426
       -0.0000139136   0.0000134914  -0.0000019126   0.0000074672  -0.0000007356
       -0.0000106825   0.0008411320  -0.0020134194  -0.0004340589   0.0654264656
       -0.1330595303   0.2242449381   0.0007149948  -0.0000739341   0.0003732524
       -0.0000282681   0.0000308721   0.0001249230   0.0000459429   0.0000053619
        0.0000319509   0.0001479785   0.0003370536  -0.0001171895   0.0001346097
       -0.0009064198  -0.0006095239
       -0.0000392361  -0.0000070449  -0.0000150949   0.0002362666  -0.0000237071
        0.0000720563  -0.0001095150  -0.0000319435   0.0000408264   0.0000359679
        0.0000025301  -0.0000154199  -0.0000314761   0.0000082903  -0.0000046732
        0.0000023658   0.0000000306   0.0000061477   0.0000008534  -0.0000056498
       -0.0000003372   0.0000094391  -0.0000022001   0.0000012005  -0.0000324219
        0.0000020217   0.0000202549   0.0001699860   0.0000600749  -0.0000423258
        0.0003850272  -0.0000125109   0.0001171009   0.0008582586   0.0014423920
       -0.0015282301  -0.0098741191   0.0150011693  -0.0232555994  -0.0644209026
        0.0375469055  -0.0587413711   0.0050295427  -0.0107641358   0.0159853135
       -0.0019454574  -0.0027571205   0.0018520440  -0.0003669966  -0.0002683581
        0.0003252338  -0.0053729836  -0.0005895980  -0.0012297313  -0.0002751733
        0.0008112776  -0.0011743779   0.0000103890   0.0000163139   0.0000256333
        0.0000185833  -0.0000230987   0.0000079294  -0.0000210002  -0.0000080881
        0.0000060301   0.0000025268  -0.0000064009  -0.0000040515  -0.0000059250
       -0.0000058735  -0.0000003543  -0.0000030100  -0.0000019942  -0.0000000939
       -0.0000041351   0.0000027798   0.0000005617   0.0000062994  -0.0000006533
       -0.0000059130   0.0000667326  -0.0000436162   0.0000334488  -0.0007582834
       -0.0006146799   0.0007149948   0.0758054453  -0.0392028977   0.0650503714
        0.0008959451  -0.0001477656   0.0009586174   0.0001670394  -0.0005610049
        0.0008327882  -0.0000179284   0.0001567975   0.0001415827  -0.0004221044
        0.0000277584  -0.0001745621
        0.0000228193   0.0000163289   0.0000105833  -0.0001387745   0.0000263647
       -0.0000287924   0.0000782614   0.0000000011  -0.0000140008  -0.0000460525
        0.0000022055   0.0000042168   0.0000235024  -0.0000035613   0.0000034926
       -0.0000094958  -0.0000022548  -0.0000077623  -0.0000055425   0.0000006587
       -0.0000007320  -0.0000130455  -0.0000008492   0.0000045856   0.0000215341
        0.0000072501  -0.0000154712   0.0000146871  -0.0000750876  -0.0001608293
        0.0000101073  -0.0001629879   0.0000706476  -0.0006442939  -0.0008988264
       -0.0016203178   0.0023605641  -0.0010400948   0.0036675397   0.0368391111
       -0.1077604008   0.1117215765   0.0032373076  -0.0087328913   0.0140227152
       -0.0032270197   0.0049581475   0.0055242402  -0.0002232548   0.0001521590
       -0.0003850298   0.0000078264   0.0043457042   0.0024905413  -0.0001543280
       -0.0002402971   0.0000862920  -0.0000033921  -0.0000071365  -0.0000015285
       -0.0000153950  -0.0000001722   0.0000023570   0.0000157744   0.0000045624
        0.0000049826  -0.0000015389   0.0000007649   0.0000003237   0.0000042873
        0.0000043451  -0.0000019177   0.0000045209  -0.0000008703  -0.0000000547
        0.0000062420  -0.0000065828  -0.0000012697  -0.0000016807  -0.0000079197
        0.0000062177  -0.0000639044   0.0001475206   0.0000726103   0.0000184186
        0.0002029479  -0.0000739341  -0.0392028977   0.1125243376  -0.1334523420
        0.0006874553  -0.0018329482  -0.0018365330   0.0002013022  -0.0004896927
        0.0006604199   0.0001822435  -0.0013146720  -0.0009414625   0.0000146510
        0.0001839475   0.0001886357
       -0.0000341911  -0.0000098108  -0.0000081992   0.0002384379   0.0000103029
        0.0000666083  -0.0001248426  -0.0000176036   0.0000231206   0.0000681803
       -0.0000010708  -0.0000157146  -0.0000446819   0.0000079638  -0.0000119599
        0.0000178711   0.0000079239   0.0000010272   0.0000069130  -0.0000074238
        0.0000028863   0.0000216145  -0.0000077075   0.0000018998  -0.0000412985
       -0.0000014812   0.0000307193   0.0000378865  -0.0001632436   0.0000370272
        0.0000645605   0.0000725408  -0.0001972193   0.0014512806  -0.0012389149
        0.0000688640  -0.0053933849   0.0059428911  -0.0081508301  -0.0577070089
        0.1118782258  -0.2026452508  -0.0038577475   0.0114469697  -0.0161151397
        0.0025073598   0.0056239330   0.0017783343   0.0002736556  -0.0003901742
        0.0005082947  -0.0020869492   0.0023922395   0.0023274861   0.0001999005
        0.0002505341  -0.0005041331   0.0000138432   0.0000109192   0.0000040338
        0.0000157177  -0.0000070872   0.0000059863  -0.0000284256  -0.0000050717
       -0.0000042554   0.0000030560  -0.0000071811  -0.0000009013  -0.0000094298
       -0.0000089822  -0.0000000912  -0.0000081617   0.0000000264   0.0000008836
       -0.0000075179   0.0000081186   0.0000001981   0.0000043712   0.0000023582
       -0.0000056041   0.0000689729   0.0000705831   0.0001039715  -0.0001783580
       -0.0001847317   0.0003732524   0.0650503714  -0.1334523420   0.2242326188
       -0.0002238598  -0.0019914229  -0.0004493361  -0.0002481129   0.0005222857
       -0.0008334150   0.0001063115  -0.0009471109  -0.0006462327  -0.0001563336
        0.0001935445   0.0000210702
       -0.0000604308  -0.0000026990  -0.0000488648   0.0002917615  -0.0000634849
        0.0001100001  -0.0002146673   0.0000234255  -0.0000348107   0.0001576611
       -0.0000030655  -0.0000116221  -0.0000678475  -0.0000013218  -0.0000179194
        0.0000225447   0.0000026254   0.0000056112  -0.0000055455  -0.0000010394
       -0.0000003589   0.0000257529  -0.0000012750   0.0000002082  -0.0000627024
        0.0000048448   0.0000324288   0.0000090381  -0.0000136649   0.0000165981
       -0.0001973551  -0.0000825845   0.0002432652  -0.0010480959   0.0002766578
       -0.0005841473  -0.0017012779  -0.0032239255   0.0024802378  -0.0245188427
       -0.0005512672  -0.0038370195  -0.2840609769   0.0100849580  -0.0599611584
       -0.0109905328   0.0013634489  -0.0041709737   0.0005648396   0.0008221264
       -0.0021861341   0.0007048385  -0.0001090218   0.0003405989   0.0002353777
        0.0000874289   0.0001682657   0.0000104350   0.0000082543   0.0000090786
        0.0000163101  -0.0000063531   0.0000072149  -0.0000291326  -0.0000029711
       -0.0000121352   0.0000096208  -0.0000034846   0.0000005940  -0.0000117614
       -0.0000108258   0.0000004459  -0.0000106749  -0.0000000900  -0.0000005971
       -0.0000119784   0.0000108262  -0.0000001940   0.0000077025   0.0000036348
       -0.0000065137  -0.0001172998  -0.0000271964  -0.0000007415   0.0000055454
       -0.0000041302  -0.0000282681   0.0008959451   0.0006874553  -0.0002238598
        0.3197853153  -0.0091636068   0.0671251113   0.0009212084  -0.0001586142
        0.0007473503  -0.0005779337   0.0000352737  -0.0001383545   0.0000231591
        0.0000196617  -0.0000233360
        0.0000034823  -0.0000064223  -0.0000073235  -0.0000484227   0.0002133934
        0.0001770877  -0.0000329231   0.0000122513  -0.0000437701   0.0000176157
       -0.0000325764  -0.0000112198  -0.0000137953  -0.0000009120  -0.0000013924
        0.0000027997  -0.0000046364   0.0000003353  -0.0000029338   0.0000020008
       -0.0000019064   0.0000013442  -0.0000018164   0.0000042169  -0.0000009746
        0.0000086874  -0.0000007863   0.0000473449   0.0000043091   0.0000439950
       -0.0001234953  -0.0006064313  -0.0003170990  -0.0006119129   0.0001723982
       -0.0001804371  -0.0027493067   0.0050784818   0.0059312373  -0.0144100260
        0.0007579358  -0.0025721408   0.0101878396  -0.0382228564   0.0070811995
        0.0150233758  -0.0002726599   0.0049908939   0.0005758650   0.0024140549
        0.0053605180  -0.0001728327  -0.0004005457   0.0000966798   0.0001786353
       -0.0009510151  -0.0006866296  -0.0000058591  -0.0000045035  -0.0000001062
       -0.0000001461  -0.0000000682   0.0000068420   0.0000012776   0.0000007065
       -0.0000005796   0.0000007477  -0.0000018483   0.0000002865  -0.0000024428
       -0.0000007300   0.0000004694  -0.0000008397  -0.0000005268   0.0000002936
        0.0000007510  -0.0000000697  -0.0000007954   0.0000009593  -0.0000036693
        0.0000016637  -0.0000518615   0.0000160193   0.0000059673  -0.0000049534
        0.0001538007   0.0000308721  -0.0001477656  -0.0018329482  -0.0019914229
       -0.0091636068   0.0346625674  -0.0170295775   0.0007487330  -0.0010235393
       -0.0011441089   0.0008005449  -0.0001597217   0.0002524081  -0.0000472178
        0.0000308903   0.0000043292
       -0.0000066099  -0.0000109924   0.0000048822  -0.0000280463   0.0001545808
        0.0001235562  -0.0000071474  -0.0000046426  -0.0000091340   0.0000049692
       -0.0000200815  -0.0000118423  -0.0000089549   0.0000064325   0.0000037599
        0.0000059961  -0.0000010060  -0.0000019474   0.0000028832  -0.0000024560
        0.0000023298   0.0000058456  -0.0000017327   0.0000017032   0.0000006828
       -0.0000038009   0.0000058251   0.0000088470   0.0000480632  -0.0000479709
        0.0002388658  -0.0003320175  -0.0003080230   0.0006879912   0.0000077510
        0.0002349316   0.0017889187   0.0058273053   0.0017027931   0.0158084600
       -0.0000077067   0.0036915229  -0.0601276385   0.0070462725  -0.0555650225
       -0.0235022132   0.0024989275  -0.0065255184  -0.0017933530   0.0054076063
       -0.0018396949   0.0004672185   0.0001076516  -0.0003704604   0.0000170054
       -0.0007151135  -0.0004440324   0.0000063692   0.0000068639  -0.0000018804
        0.0000125596  -0.0000019447  -0.0000017412  -0.0000076447  -0.0000036264
        0.0000001346  -0.0000014895  -0.0000020443   0.0000004743  -0.0000025292
       -0.0000006759   0.0000014088  -0.0000016964   0.0000009477   0.0000009449
       -0.0000005538   0.0000015500  -0.0000001899   0.0000021568   0.0000018668
       -0.0000020357   0.0000670421   0.0000127458   0.0000229239  -0.0000302349
        0.0000320028   0.0001249230   0.0009586174  -0.0018365330  -0.0004493361
        0.0671251113  -0.0170295775   0.0602662076  -0.0005318065  -0.0013090623
       -0.0001767845  -0.0012233135   0.0001110424  -0.0004663703   0.0000636920
        0.0000114036   0.0000336630
       -0.0000759151   0.0000053567  -0.0000558847   0.0002223996  -0.0000912113
        0.0001934635  -0.0002406523   0.0000054596  -0.0000184991   0.0001416814
       -0.0000039470  -0.0000109963  -0.0000653636  -0.0000014695  -0.0000146447
        0.0000190830   0.0000010910   0.0000027560  -0.0000051085  -0.0000018456
        0.0000006908   0.0000215911  -0.0000021165   0.0000011984  -0.0000624016
        0.0000003799   0.0000303976  -0.0004869377   0.0000901666  -0.0000901257
        0.0000676503   0.0000730262  -0.0000904099   0.0001347971   0.0002646659
       -0.0000720635  -0.0000066761   0.0003859854  -0.0005039446   0.0006159728
        0.0005124515  -0.0017337284   0.0045527126   0.0026140953  -0.0030812730
       -0.1655822947  -0.0845008736   0.0955421327  -0.0244639572  -0.0145901665
        0.0160289082  -0.0050420686   0.0000522884  -0.0027353421  -0.0008218423
       -0.0008425143   0.0009880964   0.0000138525   0.0000067823   0.0000255789
        0.0000166753  -0.0000164629   0.0000155276  -0.0000258752  -0.0000036391
       -0.0000083348   0.0000095333  -0.0000035957   0.0000006547  -0.0000109556
       -0.0000104767   0.0000004968  -0.0000104394  -0.0000009601   0.0000003717
       -0.0000128313   0.0000087987   0.0000015830   0.0000099601   0.0000025810
       -0.0000046462  -0.0000138159  -0.0000429593  -0.0000053873  -0.0000021379
       -0.0000396458   0.0000459429   0.0001670394   0.0002013022  -0.0002481129
        0.0009212084   0.0007487330  -0.0005318065   0.1891882170   0.0952582936
       -0.1045029968   0.0007468557  -0.0000286598   0.0007725252   0.0000800434
       -0.0000509134   0.0000578721
       -0.0000195394   0.0000016622  -0.0000180940   0.0001365268  -0.0000340199
        0.0000333347  -0.0000942434   0.0000027329  -0.0000054740   0.0000572878
        0.0000023313   0.0000065563  -0.0000249667   0.0000049001  -0.0000066561
        0.0000104676  -0.0000016579   0.0000066223  -0.0000008126   0.0000035412
       -0.0000037173   0.0000148624   0.0000008309  -0.0000033037  -0.0000253802
        0.0000022822   0.0000090845   0.0000332753  -0.0004997388  -0.0004720408
        0.0000385134   0.0000267584   0.0000079859   0.0001205310  -0.0009110321
       -0.0007363608   0.0004713864   0.0000097119  -0.0002608467   0.0007914148
        0.0023646097   0.0054248966  -0.0110624860  -0.0078947652   0.0108246459
       -0.0846504558  -0.0953725286   0.0705304077  -0.0006510378   0.0005488143
       -0.0000158962  -0.0004943132   0.0067320486   0.0039601033   0.0000572032
        0.0001065450   0.0001964550   0.0000010716  -0.0000007637  -0.0000041721
        0.0000037846  -0.0000026019   0.0000035320  -0.0000105733  -0.0000034083
       -0.0000076534   0.0000020477  -0.0000043233   0.0000026927  -0.0000061896
       -0.0000044366   0.0000027628  -0.0000050393  -0.0000002360   0.0000009184
       -0.0000047239   0.0000055221   0.0000001305   0.0000023463   0.0000018223
       -0.0000025660  -0.0000288724   0.0001834736   0.0001421658   0.0000310351
        0.0000297077   0.0000053619  -0.0005610049  -0.0004896927   0.0005222857
       -0.0001586142  -0.0010235393  -0.0013090623   0.0952582936   0.0978427006
       -0.0869731279   0.0008099756  -0.0017794935  -0.0019343108  -0.0000417703
        0.0001522425   0.0000733400
        0.0000096826   0.0000013033   0.0000145195  -0.0001630395  -0.0000338474
       -0.0000213057   0.0000884947   0.0000043303  -0.0000061732  -0.0000440813
        0.0000097138   0.0000064064   0.0000275957   0.0000042002   0.0000134987
       -0.0000069702  -0.0000055484  -0.0000028354  -0.0000027710  -0.0000001183
        0.0000000998  -0.0000091544   0.0000063768  -0.0000030721   0.0000237559
       -0.0000032334  -0.0000120386   0.0000295457  -0.0004604561  -0.0001840985
       -0.0000593108   0.0000128547  -0.0000120527   0.0001220476  -0.0007202976
       -0.0004131325  -0.0006318954  -0.0002679584   0.0000337174  -0.0021085716
        0.0053719687  -0.0018825082   0.0162656392   0.0133254143  -0.0146581591
        0.0957119097   0.0705489908  -0.1167706621  -0.0036559998  -0.0025742004
        0.0035919453  -0.0019918970   0.0040777876   0.0034774658  -0.0002639317
        0.0000381290   0.0001623940   0.0000040062   0.0000017189  -0.0000029354
        0.0000016233  -0.0000039277  -0.0000042880   0.0000084107  -0.0000019347
        0.0000052578  -0.0000047562   0.0000014946  -0.0000005919   0.0000031332
        0.0000062740   0.0000004235   0.0000041559   0.0000013623  -0.0000005351
        0.0000047081  -0.0000044569  -0.0000012650  -0.0000005599   0.0000000359
       -0.0000002879  -0.0000127658   0.0001451670   0.0000880127  -0.0000508781
       -0.0000062140   0.0000319509   0.0008327882   0.0006604199  -0.0008334150
        0.0007473503  -0.0011441089  -0.0001767845  -0.1045029968  -0.0869731279
        0.1278272907  -0.0004101128  -0.0020880111  -0.0003786097   0.0000348455
        0.0000698991   0.0001117682
       -0.0000151574   0.0000215577  -0.0000272123   0.0000058282  -0.0000689049
        0.0000861928   0.0000316240   0.0000196570  -0.0000505122  -0.0000094826
        0.0000087945   0.0000013363   0.0000056901  -0.0000100637   0.0000028491
       -0.0000049596  -0.0000000612  -0.0000046011  -0.0000011452   0.0000026389
       -0.0000003800  -0.0000156595   0.0000038909  -0.0000014360   0.0000054011
       -0.0000038773  -0.0000119132   0.0000769844   0.0001952688  -0.0002381688
        0.0002039004   0.0000200883   0.0000423099   0.0001637840  -0.0005155791
        0.0007910450  -0.0024570124  -0.0023196222   0.0017524278  -0.0003618441
       -0.0002062116   0.0002441380  -0.0052788706  -0.0005947562  -0.0018378647
       -0.0105938026   0.0158033370  -0.0244692772  -0.0640430356   0.0363232848
       -0.0570945358   0.0051617596  -0.0095988153   0.0143293114   0.0011612028
       -0.0009349053   0.0018785574  -0.0000145826  -0.0000535052  -0.0000241747
       -0.0000485431   0.0000436663   0.0000148936   0.0000254080   0.0000176578
       -0.0000189281   0.0000025484   0.0000031930  -0.0000004224   0.0000054473
        0.0000050086  -0.0000017502   0.0000056131   0.0000022154  -0.0000015113
        0.0000036797  -0.0000028249  -0.0000013518  -0.0000005544   0.0000037664
        0.0000042717  -0.0000087891   0.0000273812  -0.0000436519  -0.0001984987
       -0.0001698978   0.0001479785  -0.0000179284   0.0001822435   0.0001063115
       -0.0005779337   0.0008005449  -0.0012233135   0.0007468557   0.0008099756
       -0.0004101128   0.0768384144  -0.0398111073   0.0662153159  -0.0007963415
       -0.0000040387  -0.0001558209
       -0.0000267964   0.0000189415  -0.0000546829   0.0001895641   0.0000874607
        0.0002051472  -0.0001272516   0.0000664124  -0.0000525535   0.0001426601
       -0.0000427000  -0.0000090958  -0.0000397738   0.0000008969  -0.0000103807
        0.0000181844  -0.0000073526   0.0000050540  -0.0000032676   0.0000065702
       -0.0000044150   0.0000243433   0.0000002453   0.0000001480  -0.0000222077
        0.0000019824   0.0000057091   0.0000550571  -0.0000426680  -0.0000608721
        0.0001110394  -0.0000278849  -0.0002151804   0.0004310817  -0.0004400079
        0.0005068766  -0.0029510064   0.0028083307   0.0038803602  -0.0002424827
        0.0001432299  -0.0004138112  -0.0001199946   0.0065980871   0.0039005918
        0.0017325563  -0.0011342258   0.0031514372   0.0371794861  -0.1075736314
        0.1119381385   0.0028969466  -0.0082770241   0.0139200076   0.0012892877
       -0.0009628388  -0.0010652313  -0.0000325238  -0.0000302008  -0.0000323617
       -0.0000136916   0.0000358335   0.0000124271   0.0000138897   0.0000036133
       -0.0000185056   0.0000022946  -0.0000082267  -0.0000015028  -0.0000062656
       -0.0000058895  -0.0000020759  -0.0000037204  -0.0000019320   0.0000003417
       -0.0000045243   0.0000032559   0.0000060410  -0.0000008169   0.0000076022
        0.0000046383  -0.0000138681   0.0000205373  -0.0000200763  -0.0001737535
        0.0000783081   0.0003370536   0.0001567975  -0.0013146720  -0.0009471109
        0.0000352737  -0.0001597217   0.0001110424  -0.0000286598  -0.0017794935
       -0.0020880111  -0.0398111073   0.1116677059  -0.1328253068  -0.0006567503
        0.0002594564  -0.0001638403
        0.0000295048  -0.0000315424   0.0000604179  -0.0002776200   0.0001046629
       -0.0000463750   0.0001386857  -0.0000250472   0.0000692533  -0.0001808069
       -0.0000080699  -0.0000043523   0.0000453352   0.0000087858   0.0000171209
       -0.0000263535  -0.0000075645   0.0000016628  -0.0000013364  -0.0000083326
        0.0000007727  -0.0000215188   0.0000041564  -0.0000021082   0.0000489302
        0.0000011421  -0.0000146688  -0.0000616821  -0.0000446721  -0.0000960975
       -0.0000609792  -0.0002367692   0.0001326679  -0.0005923806   0.0003221016
       -0.0007315654   0.0026989948   0.0040071178   0.0007628867   0.0002491566
       -0.0004146785   0.0005132172  -0.0024979029   0.0038333686   0.0034810371
       -0.0045065601   0.0056867374  -0.0080225217  -0.0583299378   0.1117952511
       -0.2022234930  -0.0033893772   0.0116772960  -0.0159658361  -0.0012277934
       -0.0014706707   0.0000032668   0.0000134372   0.0000291801   0.0000266777
        0.0000441198  -0.0000312411   0.0000030337  -0.0000156413  -0.0000079508
        0.0000162738  -0.0000065120   0.0000044554  -0.0000062889   0.0000049519
        0.0000070965  -0.0000018984   0.0000056218  -0.0000000265  -0.0000005564
        0.0000102521  -0.0000076964   0.0000007046   0.0000025149  -0.0000093599
       -0.0000032026   0.0000060563  -0.0000040498   0.0000334825   0.0001469911
        0.0003364737  -0.0001171895   0.0001415827  -0.0009414625  -0.0006462327
       -0.0001383545   0.0002524081  -0.0004663703   0.0007725252  -0.0019343108
       -0.0003786097   0.0662153159  -0.1328253068   0.2231853228   0.0007607807
       -0.0000614820   0.0004195681
       -0.0015219249  -0.0003564290  -0.0003736589   0.0010730321  -0.0002296357
        0.0012056883   0.0001383032   0.0002502007  -0.0003579610   0.0000217757
       -0.0000662489   0.0000185389  -0.0000155506  -0.0000399270  -0.0000049872
       -0.0000045486  -0.0000039742  -0.0000036507   0.0000012208   0.0000225206
       -0.0000002316  -0.0000546075   0.0000007743  -0.0000040816   0.0000242038
       -0.0000059681  -0.0000543022   0.0055496177  -0.0100219491   0.0148435497
       -0.0023593015  -0.0026294525   0.0018265273  -0.0003409025  -0.0001824215
        0.0002172246  -0.0052246390  -0.0006063157  -0.0012195050  -0.0003210575
        0.0007930250  -0.0011433906   0.0002529239   0.0000478029   0.0000138333
        0.0003668966  -0.0000073507   0.0001011038   0.0007695423   0.0015280653
       -0.0016410733  -0.0098801170   0.0150663946  -0.0232730218  -0.0596901276
        0.0351052578  -0.0535004737  -0.0011876954  -0.0011302095  -0.0008445247
       -0.0019359776   0.0008908325   0.0000598397  -0.0000148839   0.0000588404
        0.0000766714   0.0000123162   0.0000220820   0.0000052955   0.0000137878
        0.0000110641  -0.0000008217   0.0000116796   0.0000063595  -0.0000007266
        0.0000118134  -0.0000034707  -0.0000003540  -0.0000013007   0.0000188504
        0.0000241270   0.0002044516  -0.0006185553   0.0008749865  -0.0000502915
        0.0001468789   0.0001346097  -0.0004221044   0.0000146510  -0.0001563336
        0.0000231591  -0.0000472178   0.0000636920   0.0000800434  -0.0000417703
        0.0000348455  -0.0007963415  -0.0006567503   0.0007607807   0.0752666045
       -0.0373359537   0.0623177841
        0.0000822327   0.0008903787   0.0000511838   0.0005464513  -0.0021310090
       -0.0009116307   0.0002742108  -0.0000799247  -0.0006041670   0.0002265037
        0.0003205764   0.0001451300   0.0000651193  -0.0000376024  -0.0000133044
        0.0000308205   0.0000095036  -0.0000249118  -0.0000032240   0.0000262049
       -0.0000038933  -0.0000052485   0.0000246921  -0.0000050330  -0.0000477388
       -0.0000006828  -0.0000166247   0.0034258241  -0.0087887379   0.0138698967
       -0.0033333047   0.0044316778   0.0051656717  -0.0000791270   0.0001050988
       -0.0003694099  -0.0000509336   0.0043321703   0.0025945060  -0.0001082877
       -0.0003070030   0.0000275815  -0.0000706272  -0.0000881551  -0.0001681626
       -0.0000420510  -0.0001820885   0.0000446375  -0.0006649388  -0.0009006154
       -0.0017491930   0.0023871266  -0.0008294449   0.0042856723   0.0343857355
       -0.1113233512   0.1157611885  -0.0007420017  -0.0004657367  -0.0006180637
        0.0003002479   0.0004807177  -0.0001404632   0.0002038267  -0.0000492255
       -0.0001485865   0.0000119535  -0.0000012090   0.0000096074   0.0000124013
        0.0000025742   0.0000017589   0.0000056257  -0.0000002410   0.0000056887
        0.0000013201  -0.0000029890   0.0000035548  -0.0000189324   0.0000232359
        0.0000209504   0.0003712574  -0.0003618822   0.0007834117   0.0001792439
       -0.0012663537  -0.0009064198   0.0000277584   0.0001839475   0.0001935445
        0.0000196617   0.0000308903   0.0000114036  -0.0000509134   0.0001522425
        0.0000698991  -0.0000040387   0.0002594564  -0.0000614820  -0.0373359537
        0.1155428850  -0.1373039413
       -0.0011194117   0.0000884750   0.0003297454  -0.0007823187  -0.0012594247
       -0.0016295885   0.0002601295  -0.0004188878   0.0001104606  -0.0004766811
        0.0002789223   0.0000874229   0.0001140772   0.0000513252   0.0000133608
       -0.0000616662   0.0000108172  -0.0000064858   0.0000139769  -0.0000310812
       -0.0000003615  -0.0000295131   0.0000150413  -0.0000132433   0.0000009889
       -0.0000181181   0.0000248733  -0.0026322588   0.0112746921  -0.0159440796
        0.0025147877   0.0053229067   0.0014073643   0.0001460123  -0.0004008949
        0.0004585874  -0.0021066209   0.0025015671   0.0022894594   0.0001385269
        0.0001918793  -0.0005513841   0.0001638217  -0.0001578975   0.0000556184
        0.0001230926   0.0000566621  -0.0002207830   0.0015168109  -0.0013370593
        0.0001053888  -0.0056812903   0.0066125182  -0.0083584985  -0.0529452262
        0.1156471204  -0.2037629776  -0.0006491078  -0.0002986035   0.0003816041
       -0.0000302473  -0.0003844623   0.0003323917  -0.0002473389  -0.0001640606
        0.0001078411  -0.0000089609  -0.0000040206  -0.0000060561  -0.0000001781
        0.0000010661  -0.0000005463  -0.0000007295  -0.0000032836   0.0000011364
       -0.0000029994  -0.0000038698  -0.0000028195   0.0000215249  -0.0000366122
       -0.0000229546  -0.0003469300   0.0005963088  -0.0007307169   0.0000857923
       -0.0009295488  -0.0006095239  -0.0001745621   0.0001886357   0.0000210702
       -0.0000233360   0.0000043292   0.0000336630   0.0000578721   0.0000733400
        0.0001117682  -0.0001558209  -0.0001638403   0.0004195681   0.0623177841
       -0.1373039413   0.2255686951
