34
 energy: -49.104230124215 gnorm: 0.090526998818 xtb: 6.7.1 (edcfbbe)
C            1.25857302110000       -0.21299447200000        1.58267627330000
C            0.78152995330000        0.13900715890000        0.18482482020000
N            1.57855587960000        0.39984936810000       -0.81197579120000
C            2.96644731130000        0.34779845320000       -0.63742270400000
C            3.68559315330000        1.51802439650000       -0.38300882290000
C            5.07278024300000        1.47663093240000       -0.22890244580000
C            5.74963905290000        0.26277929920000       -0.34303443680000
C            5.04144294920000       -0.90646308520000       -0.61852384510000
C            3.65431940130000       -0.86101466040000       -0.77181701080000
C           -0.69357002700000        0.17647795060000       -0.06343184130000
C           -1.18772768970000        1.00131581700000       -1.07849030710000
C           -2.55921354530000        1.05686601430000       -1.33638439150000
C           -3.45924663750000        0.28239553950000       -0.58964501290000
C           -4.84053650400000        0.32727471290000       -0.83687940550000
C           -5.72427310730000       -0.45372428650000       -0.09074054860000
C           -5.23863208590000       -1.28963913400000        0.91018752740000
C           -3.86797871110000       -1.34599977330000        1.16838895950000
C           -2.96451533130000       -0.56505410890000        0.42887397040000
C           -1.58144371980000       -0.61179540770000        0.67850333220000
H            0.47903803830000       -0.04367462530000        2.32983508930000
H            1.55949269050000       -1.26410178700000        1.60819881940000
H            2.10678735410000        0.41312175520000        1.87179788480000
H            3.15800572850000        2.46433882590000       -0.30656672480000
H            5.62326682220000        2.39142881170000       -0.02717398020000
H            6.82993729590000        0.22976645080000       -0.22765801590000
H            5.56770453110000       -1.85139821960000       -0.72210674570000
H            3.10324975810000       -1.76824517580000       -1.00207893490000
H           -0.50758138620000        1.60681862550000       -1.67419077660000
H           -2.91757716710000        1.70902101320000       -2.12987519560000
H           -5.23909964060000        0.97233847910000       -1.61689802800000
H           -6.79126142400000       -0.40963025540000       -0.29333510620000
H           -5.92621455180000       -1.89938611610000        1.49065240550000
H           -3.51031490160000       -2.00686192070000        1.95492681160000
H           -1.20717675360000       -1.28527057590000        1.44462330900000
34
 energy: -49.109976256749 gnorm: 0.034716586178 xtb: 6.7.1 (edcfbbe)
C            1.24903067626261       -0.21042303916693        1.58121387078156
C            0.77398721236970        0.13270792246282        0.19220622559685
N            1.56784732971389        0.38977746646677       -0.77389660128929
C            2.95420581184776        0.34373207391808       -0.61292526462610
C            3.67784611606576        1.51389239096646       -0.37832063824569
C            5.05656996389016        1.47069956943531       -0.24226445868180
C            5.73267716926931        0.26533319179258       -0.35410500869903
C            5.02596505720696       -0.89528131009923       -0.62974487151610
C            3.64703520883889       -0.85844761750146       -0.76280374685009
C           -0.68589003575955        0.16840072566794       -0.06549476486603
C           -1.18983111701232        0.99600065867602       -1.08342821053931
C           -2.54116824661840        1.05688179615125       -1.33860843502597
C           -3.45314585734002        0.28508188631333       -0.59505376902667
C           -4.83881753757499        0.32619028977478       -0.83555517959568
C           -5.70554531238876       -0.44739360850397       -0.09552115808660
C           -5.21663750048491       -1.28570152942238        0.90868446081062
C           -3.86467499770838       -1.34637976738343        1.16592308159279
C           -2.95387234251771       -0.56734570017573        0.42647436156958
C           -1.56780782648599       -0.60633195276178        0.67232980865075
H            0.46853015263175       -0.04283238992850        2.32146352861882
H            1.55605229092311       -1.25604972349455        1.61086096713588
H            2.11259637397794        0.40258416832740        1.84366801244301
H            3.15154184762058        2.45537039487242       -0.29079489450143
H            5.60439915972437        2.38075050980779       -0.03553373397280
H            6.80785580046072        0.23124655976877       -0.23152437460367
H            5.54967767753763       -1.83731507416143       -0.72667391512458
H            3.09745028447647       -1.76436003539261       -0.98297596613638
H           -0.50585234337816        1.59654579099687       -1.66637431745925
H           -2.90486478012299        1.70647273795502       -2.12393410529235
H           -5.23070201810081        0.97051114726080       -1.61180608057967
H           -6.76873933898215       -0.40550238953293       -0.29420998917556
H           -5.90282331418830       -1.89126473347478        1.48658329336946
H           -3.50326170834426       -2.00085604323568        1.94865568330568
H           -1.19963385590991       -1.27669436617903        1.43683532121907
34
 energy: -49.111027042795 gnorm: 0.009427845199 xtb: 6.7.1 (edcfbbe)
C            1.23581385435800       -0.21228394141283        1.59017368437311
C            0.76848921539315        0.12817932514551        0.20035504578691
N            1.56410266954811        0.38429950260751       -0.75046958528330
C            2.94596364001474        0.34388829883859       -0.60668751212812
C            3.66915838707674        1.51415691707436       -0.37463039881602
C            5.04405581024072        1.46985163124821       -0.24878360030564
C            5.72222635874024        0.26839770178789       -0.36590847936349
C            5.01370354447495       -0.89040994275021       -0.63446289678792
C            3.63852317993875       -0.85780496521693       -0.75699554886001
C           -0.68027047846453        0.16462142962548       -0.06216149250259
C           -1.18593247808406        0.99377326749272       -1.08663397080289
C           -2.52472549695617        1.05606212651198       -1.34270511135229
C           -3.44531463092270        0.28555976848478       -0.60084451554147
C           -4.83404979578556        0.32629341353458       -0.83739867669615
C           -5.69246025888353       -0.44212102212307       -0.10041423222797
C           -5.20133957165329       -1.28417879333636        0.90738586603794
C           -3.85993173538576       -1.34706860994669        1.16284009674559
C           -2.94589800355625       -0.56864830329771        0.42151620487033
C           -1.55958542827246       -0.60424272392459        0.66771418191607
H            0.46258434495266       -0.03666243923778        2.33200952132600
H            1.53956484872319       -1.25830738756182        1.62621640667656
H            2.11237657385523        0.38923972942655        1.83268689148453
H            3.13982322285512        2.45113141689144       -0.27504162909569
H            5.59065022159676        2.38047563740195       -0.05005374915538
H            6.79583589463985        0.23559237613086       -0.25088068375025
H            5.53615970310627       -1.83044557707038       -0.73934731408476
H            3.08549163772546       -1.76347579552941       -0.96275084607137
H           -0.49084352198823        1.58544979577930       -1.66129950201661
H           -2.89633858503723        1.70382491196243       -2.12333252080121
H           -5.21592366104878        0.97423584388378       -1.61303271682698
H           -6.75467355132908       -0.40270245256947       -0.29367602020375
H           -5.88957684387311       -1.88558330876521        1.48342476176723
H           -3.48835227031910       -1.99686250626478        1.94232708632089
H           -1.19930679578008       -1.27423532462065        1.43421038656872
34
 energy: -49.111229086492 gnorm: 0.005372493064 xtb: 6.7.1 (edcfbbe)
C            1.22953039426671       -0.21482637261996        1.60165459275729
C            0.76570279237905        0.12644624361589        0.20946431496736
N            1.56557755397916        0.38328478363963       -0.73832575671663
C            2.94372760371018        0.34427219153957       -0.59971630671272
C            3.66596154769611        1.51597978302292       -0.37151660229691
C            5.04184170172807        1.47294652445543       -0.25775451362810
C            5.72116219777155        0.27212100821776       -0.38105834376710
C            5.01143117897518       -0.88826885400755       -0.64262866661127
C            3.63525238421298       -0.85800945163220       -0.75256951773814
C           -0.67903856701388        0.16208558779923       -0.05869057399616
C           -1.18088916250938        0.99117593291048       -1.08808239578999
C           -2.51791911645335        1.05485144115335       -1.34598631250427
C           -3.44115597996298        0.28502287487459       -0.60401189485825
C           -4.83041529390385        0.32740121775374       -0.84081962151860
C           -5.68917049924075       -0.43944161929512       -0.10389753194218
C           -5.19892691994580       -1.28369535363062        0.90528300108644
C           -3.85863377802430       -1.34812805669199        1.16014571214197
C           -2.94454557674014       -0.56915470762440        0.41818166457709
C           -1.55943237228060       -0.60548829675544        0.66804976460031
H            0.45940864103580       -0.02732843073690        2.34329565492078
H            1.52154305549142       -1.26457364709924        1.64235449360920
H            2.11348586627856        0.37783445186680        1.83926048085615
H            3.13371584959265        2.45077328846103       -0.26625684214639
H            5.58789525322858        2.38436372398689       -0.06032256416871
H            6.79508791525355        0.24039034405002       -0.27236102940793
H            5.53320913738675       -1.82878118922976       -0.74829381973808
H            3.07889955709608       -1.76346528802946       -0.95074251260297
H           -0.47776094696906        1.57880767455030       -1.65794882261069
H           -2.89268378754671        1.70083430636081       -2.12712380562661
H           -5.20647352351214        0.97800676125108       -1.61752997990993
H           -6.75181492688055       -0.40053753680940       -0.29418100883468
H           -5.89013576901731       -1.88270846327976        1.48015710253875
H           -3.48087790778030       -1.99628449300426        1.93847171921645
H           -1.20355850240129       -1.27590637886340        1.43684905305451
34
 energy: -49.111446119360 gnorm: 0.005347751007 xtb: 6.7.1 (edcfbbe)
C            1.21887422047322       -0.22006062732631        1.62517856663852
C            0.76171507776719        0.12328224404969        0.22917622287962
N            1.56864763740521        0.38276240514912       -0.71417106691750
C            2.94196913457864        0.34573715073079       -0.58505387970151
C            3.66367543342789        1.52008737270720       -0.36601892587260
C            5.04181285632739        1.47971500829932       -0.27470825945960
C            5.72218211760758        0.27983161552246       -0.41032194377525
C            5.01061823310213       -0.88402080942698       -0.65642281704639
C            3.63230429658364       -0.85742252827335       -0.74328226778040
C           -0.67812457621350        0.15774203952824       -0.04925475499517
C           -1.17153815859274        0.98533874250469       -1.08724942466953
C           -2.50697175836076        1.05025355751697       -1.35134180077544
C           -3.43433895672042        0.28260002881715       -0.60932481319316
C           -4.82366404588698        0.32966421886374       -0.84839450193461
C           -5.68560126905352       -0.43405178514890       -0.11158769650621
C           -5.19957177062894       -1.28215486430507        0.89909013193988
C           -3.85986570543241       -1.35045831915700        1.15482110192990
C           -2.94478484187538       -0.57100940190381        0.41339070480561
C           -1.56199222187658       -0.60902324504337        0.67266363513515
H            0.45343097126878       -0.00418789038303        2.36490690227500
H            1.47996471457795       -1.27873872371086        1.67541806623975
H            2.11845310379159        0.35137756326570        1.85747841448885
H            3.12725425516856        2.45165763212054       -0.25179521361466
H            5.58849541821313        2.39314484897717       -0.08566598098511
H            6.79836526875647        0.25153595517191       -0.32348978206122
H            5.53236981904979       -1.82437227674191       -0.76844973930137
H            3.07068845825064       -1.76271452013210       -0.92835833222359
H           -0.45583156673499        1.56534065901403       -1.65065118667060
H           -2.88377762515963        1.69281288488980       -2.13534221398365
H           -5.19099880621108        0.98397630467933       -1.62711889262501
H           -6.74894086509461       -0.39432346556286       -0.29836829947856
H           -5.89696725941421       -1.87744151815717        1.47073873962288
H           -3.47494432398382       -1.99760113265757        1.93116114077388
H           -1.21290726521021       -1.27927912367742        1.44569729804210
34
 energy: -49.111584901788 gnorm: 0.007086252924 xtb: 6.7.1 (edcfbbe)
C            1.21004306797076       -0.22484127453088        1.64503763165901
C            0.75984613668108        0.12098787534892        0.24675967239602
N            1.57071967286526        0.38340524568080       -0.69298971781439
C            2.94255621227108        0.34763354048709       -0.57162341765622
C            3.66513668017031        1.52379576291312       -0.36257142813119
C            5.04485620076596        1.48585631575371       -0.29087950798003
C            5.72522063971439        0.28689079539368       -0.43633045427695
C            5.01242462724301       -0.87947474290922       -0.66846760521397
C            3.63267580264703       -0.85559182698769       -0.73520540714920
C           -0.67794929188517        0.15385372198297       -0.03965337305508
C           -1.16467031004794        0.97892305376196       -1.08363202556715
C           -2.49895932572840        1.04452014312807       -1.35414505299920
C           -3.42982238297888        0.27978124561671       -0.61279781207753
C           -4.81858765059197        0.33111097535695       -0.85533260502608
C           -5.68431518471069       -0.42958766195860       -0.11935400858789
C           -5.20339914417207       -1.28030299815205        0.89204537831407
C           -3.86423100879614       -1.35226173169272        1.15074841678100
C           -2.94654547374145       -0.57324083228439        0.41170833468273
C           -1.56526876305832       -0.61224065977782        0.67921267208881
H            0.44900011735864        0.01722743539836        2.38263549001027
H            1.44088058162742       -1.29090039797231        1.70352369147829
H            2.12412661054340        0.32488460808193        1.87446982249978
H            3.12719467052138        2.45373638729585       -0.24219724259584
H            5.59275867778730        2.40055750156426       -0.11022076158196
H            6.80319368994812        0.26123016852449       -0.36800320516156
H            5.53439707232778       -1.81931362260325       -0.78569140346721
H            3.06832981747267       -1.76127057647892       -0.91026334353944
H           -0.44244379254465        1.55446421118991       -1.64340259032081
H           -2.87353236357655        1.68438903556335       -2.14171913155268
H           -5.18105871501871        0.98691479597491       -1.63534920988994
H           -6.74773717150908       -0.38709529055620       -0.30574396270583
H           -5.90549921416433       -1.87316343458581        1.46068871118525
H           -3.47899095596360       -2.00004123007685        1.92639539886063
H           -1.22034952952765       -1.28083653825012        1.45569717759431
34
 energy: -49.111802122543 gnorm: 0.007219143343 xtb: 6.7.1 (edcfbbe)
C            1.19730604222712       -0.23235813034328        1.67304259833985
C            0.75888678957894        0.11730236382203        0.27221373671621
N            1.57354717524088        0.38556433000859       -0.66226531752977
C            2.94562086617326        0.35147488937066       -0.55209003689457
C            3.67050878228366        1.52968638670284       -0.35962773594212
C            5.05173747787660        1.49506257106350       -0.31575543367624
C            5.73120453951265        0.29730686321743       -0.47351806670004
C            5.01674790882451       -0.87205561952454       -0.68486623838533
C            3.63574441801385       -0.85135469606910       -0.72311189814305
C           -0.67790912579589        0.14779558721057       -0.02475645550839
C           -1.15572203313834        0.96841366137133       -1.07569627609988
C           -2.48852205049586        1.03482051100821       -1.35612417606318
C           -3.42458172392612        0.27506641917943       -0.61679946587863
C           -4.81202545891102        0.33273227875788       -0.86545443531633
C           -5.68417607435854       -0.42337715511133       -0.13150399666976
C           -5.21163169526034       -1.27725487066491        0.88042907027785
C           -3.87337653380401       -1.35464004736833        1.14535614525726
C           -2.95010156100916       -0.57715527637895        0.41163750930564
C           -1.57061360857934       -0.61692998741101        0.69051735797478
H            0.44420679391681        0.05018929173900        2.40691956968856
H            1.37983825812460       -1.30822866760249        1.74414566424252
H            2.13385163784851        0.28114149066730        1.89910788425631
H            3.13279673294116        2.45864677685328       -0.23183057184943
H            5.60200137163306        2.41134756675500       -0.14958809012190
H            6.81125044492007        0.27502006669020       -0.43183355888211
H            5.53896885896005       -1.81085800511427       -0.80985068297243
H            3.06938880980022       -1.75842010832241       -0.88397143173684
H           -0.42844083867144        1.53975842817937       -1.63249029609948
H           -2.85619849509748        1.67158140483549       -2.14945305749308
H           -5.16984712603438        0.98934290802597       -1.64680269124664
H           -6.74711748896746       -0.37499007395547       -0.32027741806154
H           -5.91941069889226       -1.86783023158382        1.44456291342796
H           -3.49353890427030       -2.00490138076080        1.92125883243177
H           -1.23039349076404       -1.28189954504705        1.47182518055204
34
 energy: -49.112042195196 gnorm: 0.006518468871 xtb: 6.7.1 (edcfbbe)
C            1.18233825409874       -0.24398683188472        1.70738791599702
C            0.75931186868709        0.11073294704941        0.30431467479914
N            1.57674709386930        0.38879555828873       -0.62335067433089
C            2.95057929916700        0.35722039868219       -0.52749420488307
C            3.67848837797367        1.53766619923863       -0.35819287279851
C            5.06068278317262        1.50716738624181       -0.34913159250769
C            5.73899333616084        0.31101600234369       -0.52043363925137
C            5.02259378626061       -0.86156602410311       -0.70478734141765
C            3.64089317666371       -0.84461430024154       -0.70725942064159
C           -0.67740090586814        0.13925860476340       -0.00438008322748
C           -1.14454155156009        0.95407598649824       -1.06277749231003
C           -2.47512481699375        1.02181935516470       -1.35610797506998
C           -3.41872391451896        0.26908926668780       -0.62083560637862
C           -4.80389214786830        0.33358859471082       -0.87929288564224
C           -5.68509279263230       -0.41650050396977       -0.14934979113630
C           -5.22395514366150       -1.27234329881197        0.86464562187463
C           -3.88756269108718       -1.35543155166247        1.14024170377806
C           -2.95509072614256       -0.58150024737255        0.41467365291727
C           -1.57773071499723       -0.62181842496424        0.70699595774233
H            0.44221223884989        0.08752337840453        2.43628613985492
H            1.30434818913072       -1.32841952350652        1.79396187384163
H            2.14539619679509        0.22142968725780        1.92968842138874
H            3.14314082220798        2.46668182494445       -0.22236288867980
H            5.61360042283432        2.42542666903193       -0.20308861747889
H            6.82044014839525        0.29249312812118       -0.51059517214512
H            5.54478205877526       -1.79895313002040       -0.83936138620511
H            3.07415783201071       -1.75449496162029       -0.85002450095621
H           -0.41410711989295        1.52202059664775       -1.61791851785190
H           -2.83114660690688        1.65543533605842       -2.15697554362578
H           -5.15651307557697        0.98947656783853       -1.66317384852881
H           -6.74652102909399       -0.36015869465869       -0.34528705789241
H           -5.93770512031491       -1.86086997268692        1.42336656583052
H           -3.51991053396645       -2.00894146110616        1.91897441866749
H           -1.24368699407069       -1.28131856116421        1.49499329746774
34
 energy: -49.112208635806 gnorm: 0.004324252963 xtb: 6.7.1 (edcfbbe)
C            1.17308051883137       -0.25691322005235        1.73357261804007
C            0.76092902463569        0.10298769876116        0.33003923977406
N            1.57892425109513        0.39149126416597       -0.59236536980951
C            2.95458659945441        0.36242974071977       -0.50845427376781
C            3.68405291142291        1.54464867339883       -0.35956607259523
C            5.06581417135303        1.51746055398714       -0.37756375489703
C            5.74355888565096        0.32263878652873       -0.55743185877136
C            5.02626939729926       -0.85224472244076       -0.71945128154312
C            3.64517301891775       -0.83830399602863       -0.69407258190447
C           -0.67618249616288        0.13142815341286        0.01380619542027
C           -1.13485919757769        0.94174466721180       -1.05003980976238
C           -2.46323189021793        1.01132590211556       -1.35375560951166
C           -3.41410123795750        0.26479428383668       -0.62312866962536
C           -4.79674392751314        0.33267549382271       -0.89224289153465
C           -5.68615403958430       -0.41238561091270       -0.16701520813156
C           -5.23497364171399       -1.26668435494960        0.85148650800307
C           -3.90088063180652       -1.35230441336221        1.13871155843424
C           -2.95931264539606       -0.58317334443660        0.42028193492775
C           -1.58382981661688       -0.62405770802370        0.72265024290161
H            0.44638770845371        0.10679179702994        2.45870133306225
H            1.25260332025875       -1.34216048097134        1.82990300509814
H            2.15141659119336        0.17196163614479        1.95392177297487
H            3.15184008697235        2.47456874022760       -0.21856878835096
H            5.61973607369278        2.43755231062620       -0.24897902375007
H            6.82472388358729        0.30692724959087       -0.57156799935573
H            5.54798538274281       -1.78860312830213       -0.86107626883931
H            3.08009904297947       -1.75140499552964       -0.82169932893561
H           -0.40336832905756        1.50807907573873       -1.60501974942965
H           -2.80824007779912        1.64302238875560       -2.16059169374949
H           -5.14418101751892        0.98616973232869       -1.68011152003193
H           -6.74541652905201       -0.35091105764714       -0.37307298253049
H           -5.95277620915782       -1.85378983791883        1.40632100929945
H           -3.54662477335934       -2.00692705708093        1.92275576762136
H           -1.25630440814941       -1.27883422054644        1.51697268247023
34
 energy: -49.112311929893 gnorm: 0.004284124106 xtb: 6.7.1 (edcfbbe)
C            1.16777203485517       -0.27285984101936        1.75552155441950
C            0.76220281738212        0.09550173178501        0.35299268515155
N            1.58039167429319        0.39236804264226       -0.56535526578076
C            2.95625149101066        0.36654728069672       -0.49221737284250
C            3.68512551777632        1.55116693110113       -0.36236154687191
C            5.06600230077787        1.52752062141675       -0.40384431855222
C            5.74458420280445        0.33407815832127       -0.58935716214898
C            5.02744025959524       -0.84336760274892       -0.73073680542619
C            3.64727932751615       -0.83326637541774       -0.68055181073423
C           -0.67423271843490        0.12570009541190        0.03158932102701
C           -1.12522284463771        0.93210751157934       -1.03826921430443
C           -2.45094569410328        1.00349096261958       -1.35094334404504
C           -3.40902936311196        0.26205885485062       -0.62502363850586
C           -4.78911849293586        0.33015314950700       -0.90567208720121
C           -5.68564414621796       -0.41075641251077       -0.18559487419598
C           -5.24314202217501       -1.26075737025037        0.84020410166500
C           -3.91192824816760       -1.34588970607796        1.13961543593861
C           -2.96222829998445       -0.58195358370714        0.42665230517914
C           -1.58880081099002       -0.62308789967111        0.73795203728253
H            0.45656466741216        0.12374154796980        2.47945302175202
H            1.20444910424346       -1.35999039312149        1.85860440310041
H            2.16365129563664        0.12011924837494        1.96926474062415
H            3.15468564118560        2.48150174189629       -0.21751375749005
H            5.61904016661899        2.44992596018816       -0.29088817668445
H            6.82476414460853        0.32141994330588       -0.62375494612845
H            5.54863226259827       -1.77906599428906       -0.87704659398342
H            3.08428396792603       -1.74964453929434       -0.79339392831874
H           -0.39107815341489        1.49603813840442       -1.59261671050120
H           -2.78761159856726        1.63333167267858       -2.16247132175192
H           -5.12931595331379        0.98058102772608       -1.69927114809858
H           -6.74248653637534       -0.34801517412523       -0.40272186621139
H           -5.96459178409836       -1.84597282682447        1.39210981580134
H           -3.56850951073335       -1.99841344782984        1.93044376982970
H           -1.26923469907916       -1.27431145338721        1.53855182920654
34
 energy: -49.112408847573 gnorm: 0.004128352656 xtb: 6.7.1 (edcfbbe)
C            1.16879013505931       -0.29488544756339        1.77237160590279
C            0.76392684448447        0.08536712029285        0.37320591438003
N            1.58058457771717        0.39359047912754       -0.54237277180596
C            2.95606537756414        0.37038271605780       -0.47925466167491
C            3.68213328743069        1.55787244536579       -0.36811425820593
C            5.06124332436942        1.53806699086756       -0.42937692159653
C            5.74160631495719        0.34576730962615       -0.61610351119407
C            5.02651521368637       -0.83451183331398       -0.73784966585741
C            3.64822255809982       -0.82857899867233       -0.66707271475122
C           -0.67181554908790        0.12032653939109        0.05012332453038
C           -1.11527833741887        0.92425081612671       -1.02493139768530
C           -2.43824146637539        0.99780581833881       -1.34627204734085
C           -3.40373243725440        0.26101616928550       -0.62574629828688
C           -4.78045005388880        0.32503829492576       -0.92168065420046
C           -5.68435523507060       -0.41238915377043       -0.20778524253431
C           -5.25093473263575       -1.25252294974101        0.83019812344027
C           -3.92316016459747       -1.33297388139409        1.14527857726486
C           -2.96522439678533       -0.57632680522999        0.43628046948187
C           -1.59409514710079       -0.61855727390640        0.75583542373906
H            0.47726444354903        0.12296017292422        2.49842130059991
H            1.17288997811983       -1.37760354814677        1.87658988308602
H            2.17353489425162        0.06825547049435        1.97965804838485
H            3.15272081886078        2.48862857896255       -0.22273673163930
H            5.61144191352783        2.46345529026915       -0.33209906003105
H            6.81985737906487        0.33648994983673       -0.66790390382569
H            5.54734652004979       -1.76997114849662       -0.88549334244850
H            3.08882390122003       -1.74864270595494       -0.76505583096467
H           -0.37811575548339        1.48557218149806       -1.57860388709160
H           -2.76703533188582        1.62565598643461       -2.16235088254122
H           -5.11142457681706        0.96957863696719       -1.72424047249607
H           -6.73801554829737       -0.35321826530060       -0.44013587516703
H           -5.97587627864377       -1.83518625423097        1.38007462989506
H           -3.59098907470184       -1.97901622489861        1.94656767670602
H           -1.28422339606786       -1.26569647597141        1.56392428512782
34
 energy: -49.112481893393 gnorm: 0.005669379518 xtb: 6.7.1 (edcfbbe)
C            1.16701222591791       -0.32412832530009        1.79812114944177
C            0.76440503373245        0.07414712810425        0.40277515866425
N            1.58101529028954        0.39513879229205       -0.50861389067780
C            2.95508823449125        0.37489865320080       -0.45979883621311
C            3.67772175155715        1.56712073209401       -0.37454068511390
C            5.05590164215344        1.55343078631905       -0.46540314654464
C            5.73893581390287        0.36283345612125       -0.65577436872817
C            5.02634657541968       -0.82249617821587       -0.74851148537002
C            3.64908440824073       -0.82328922801375       -0.64666692639801
C           -0.66941372667150        0.11462701981585        0.07516577274879
C           -1.10159680199711        0.91449076089556       -1.00876825580809
C           -2.42087836746747        0.99017628367721       -1.34275623688218
C           -3.39557523505653        0.25920757840010       -0.62818325123298
C           -4.76821564135235        0.31899836807245       -0.94337395164553
C           -5.68135358113845       -0.41372778693493       -0.23649543121117
C           -5.26024214574132       -1.24249202772993        0.81652178052772
C           -3.93671936455239       -1.31792521240970        1.15080321808630
C           -2.96920908975386       -0.56933165799988        0.44640408979902
C           -1.60128911858637       -0.61278455327197        0.77939739127581
H            0.50356940382616        0.13872088246826        2.52888591880550
H            1.10879416096572       -1.40996240784275        1.90791921857686
H            2.19702152766865       -0.01331920631558        1.99191149620020
H            3.14713505754878        2.49689315652026       -0.22701628250392
H            5.60297495706328        2.48312581147329       -0.38947852771117
H            6.81622483044018        0.35919558825028       -0.73472311588102
H            5.54779747148320       -1.75735249657385       -0.89818315117158
H            3.09232654954058       -1.74753048848572       -0.72299861996109
H           -0.35731027452571        1.47025437719438       -1.55917394900111
H           -2.74096580669433        1.61426413306362       -2.16543591602202
H           -5.08655222826242        0.95682455723182       -1.75691945088557
H           -6.73153347029732       -0.35953170165894       -0.48560495030019
H           -5.99147685128518       -1.82085770819676        1.36280178784207
H           -3.61535017980395       -1.95529685091949        1.96388046128241
H           -1.30367305115536       -1.25432223512419        1.59718211721254
34
 energy: -49.112543470934 gnorm: 0.002979878423 xtb: 6.7.1 (edcfbbe)
C            1.17083571502035       -0.33216991976965        1.79684208479927
C            0.76392607930087        0.07217118460895        0.40401548121510
N            1.57960244736539        0.39599797713529       -0.50783187335914
C            2.95310918097878        0.37485968979645       -0.46069705246010
C            3.67390692554106        1.56828739655262       -0.37819620178315
C            5.05171748877937        1.55575651432982       -0.46843927448895
C            5.73577097935506        0.36517076307000       -0.65589711450494
C            5.02542795086965       -0.82127804911328       -0.74601458642754
C            3.64844786176361       -0.82334252501492       -0.64433015481389
C           -0.66965775790507        0.11545734303651        0.07832342717447
C           -1.10024277711083        0.91506322972520       -1.00700503137710
C           -2.41901183480299        0.99074315903639       -1.34265530240636
C           -3.39413307954211        0.26002320242284       -0.62820006830702
C           -4.76582836944556        0.31648029567305       -0.94764257136241
C           -5.67948002541752       -0.41595707579341       -0.24108988754515
C           -5.26046118502051       -1.23949761054728        0.81672124176361
C           -3.93784457461095       -1.31167177483045        1.15468912575641
C           -2.97007742573409       -0.56488378953544        0.44883535543420
C           -1.60262984135594       -0.60905254122226        0.78407619624311
H            0.51358654451609        0.12823722606614        2.53216265559846
H            1.11132784570241       -1.41571979501184        1.90361317562176
H            2.19974730107248       -0.02443165783180        1.98741635337559
H            3.14073671015332        2.49694020153282       -0.23266153370098
H            5.59722262164072        2.48617335505717       -0.39397996037767
H            6.81264108160565        0.36246064589383       -0.73461409410761
H            5.54826540256261       -1.75601363028893       -0.89292079776317
H            3.09225968837636       -1.74753733983615       -0.71873592875697
H           -0.35346342200652        1.46887811625138       -1.55569970959991
H           -2.73928830456039        1.61377334583485       -2.16611262459223
H           -5.08184877694107        0.95109639936619       -1.76433040366658
H           -6.72902564712156       -0.36657954990907       -0.49308179320421
H           -5.99331096372572       -1.81599248987480        1.36293391031600
H           -3.61570839762945       -1.94426288374427        1.97070438826959
H           -1.30651944177352       -1.24917941286484        1.60315170023747
34
 energy: -49.112609655706 gnorm: 0.002010356685 xtb: 6.7.1 (edcfbbe)
C            1.17663330271556       -0.35773947146387        1.80242226957544
C            0.76335554248975        0.06479612289599        0.41619548321861
N            1.57698058461419        0.39883408045354       -0.49484096122278
C            2.94967775095528        0.37683414495935       -0.45631670461570
C            3.66643911240445        1.57409734021328       -0.38814146586169
C            5.04337097133372        1.56598016488546       -0.48616415493943
C            5.72990567327711        0.37590554091693       -0.66890555182967
C            5.02445861999300       -0.81433996205245       -0.74389884118989
C            3.64827605261507       -0.82094741348655       -0.63318612387340
C           -0.66984428009647        0.11549293739889        0.09273460525612
C           -1.09347476266493        0.91247145651283       -0.99822312638778
C           -2.41000367736773        0.98830022697979       -1.34182919125375
C           -3.38886750126709        0.26034447234442       -0.62919503471783
C           -4.75753751255428        0.30976367752532       -0.96288849562736
C           -5.67529007075258       -0.41983535819981       -0.25841534023228
C           -5.26487939776784       -1.23013247284550        0.81293887528179
C           -3.94521211604995       -1.29529324148636        1.16407084877633
C           -2.97352676236960       -0.55429605284321        0.45719453950896
C           -1.60786936953995       -0.60018706975166        0.80118237491278
H            0.54061994553604        0.11400002414679        2.54830408159066
H            1.09136119137347       -1.43877305053693        1.90500862639117
H            2.21363451756220       -0.07638313936061        1.98252610425955
H            3.12805057621672        2.50040698876903       -0.24725808389128
H            5.58573945146813        2.49912359465420       -0.42276874549570
H            6.80601183211576        0.37668952029652       -0.75561899789405
H            5.55060856701245       -1.74830365716690       -0.88576496042097
H            3.09376499049310       -1.74683925906677       -0.69580964358196
H           -0.34012394424118        1.46036651161496       -1.54322736229700
H           -2.72674097255025        1.60719743540718       -2.17001885797878
H           -5.06631469793820        0.93532389123066       -1.78906826752518
H           -6.72269096983134       -0.38001014131203       -0.52095024260842
H           -6.00307659453552       -1.80150759979287        1.35752065490428
H           -3.62580875168591       -1.91688110421518        1.98922954261033
H           -1.31762730106320       -1.23445913742321        1.62651127835881
34
 energy: -49.112640570829 gnorm: 0.001899549999 xtb: 6.7.1 (edcfbbe)
C            1.17968697207062       -0.37509830898672        1.80367207867084
C            0.76348629067666        0.06084633038477        0.42266028871987
N            1.57546772421963        0.40163220023149       -0.48751281471798
C            2.94810261512855        0.37901548500438       -0.45396103100145
C            3.66277874773670        1.57841890156398       -0.39532838268355
C            5.03935553830560        1.57284937031536       -0.49698203193539
C            5.72727310886651        0.38285182975155       -0.67497113292331
C            5.02445438710535       -0.80936480922638       -0.74074342408124
C            3.64854741730952       -0.81843251426001       -0.62555593520648
C           -0.67015609668859        0.11608869921522        0.10095554500818
C           -1.08990484264867        0.91025344139956       -0.99358129566057
C           -2.40503271337736        0.98555324232714       -1.34201100659929
C           -3.38608884355472        0.25992056479384       -0.62994096068933
C           -4.75295000232976        0.30510720978112       -0.97182376782375
C           -5.67305789262252       -0.42178693144976       -0.26760701849388
C           -5.26799277773275       -1.22357734467108        0.81195385342036
C           -3.95016356734964       -1.28478982591715        1.17058267501602
C           -2.97575921637095       -0.54758914739957        0.46302279553755
C           -1.61101510824023       -0.59401211092997        0.81162807357445
H            0.55665229476952        0.10312733508098        2.55637220029256
H            1.07712186749691       -1.45515791809954        1.90226245701070
H            2.22223744518230       -0.11177198452232        1.97769926369767
H            3.12159223488171        2.50373109839928       -0.25912079946415
H            5.58027994694962        2.50724232806038       -0.44041679883305
H            6.80312707019857        0.38529532631616       -0.76472730670031
H            5.55281032133424       -1.74268613374165       -0.87865323623345
H            3.09536361277548       -1.74548492926689       -0.68156314668834
H           -0.33365375810345        1.45477856706286       -1.53736634367540
H           -2.71879307121456        1.60116301131624       -2.17376422640776
H           -5.05856573225927        0.92397177414804       -1.80402592441623
H           -6.71911190431161       -0.38673500577490       -0.53638515625888
H           -6.00907124249824       -1.79174643116425        1.35581464363815
H           -3.63349879480682       -1.90002941549537        2.00146537490830
H           -1.32352203099831       -1.22358390404549        1.64130162219914
34
 energy: -49.112679829258 gnorm: 0.001720453639 xtb: 6.7.1 (edcfbbe)
C            1.18241029234496       -0.39558419158938        1.79861373939331
C            0.76410940300358        0.05737334631782        0.42470663062570
N            1.57405753437112        0.40746310142063       -0.48369302140250
C            2.94707452935254        0.38340151054735       -0.45362576063501
C            3.66023085892110        1.58423081793380       -0.40426531792712
C            5.03676701215887        1.58018097402882       -0.50479112665168
C            5.72607070596462        0.38962804592977       -0.67400099470102
C            5.02510432253069       -0.80366042150522       -0.73236908944090
C            3.64905478895794       -0.81392720162834       -0.61743010443832
C           -0.67078401800151        0.11748102008213        0.10585391032048
C           -1.08797895588178        0.90715581980428       -0.99227369098337
C           -2.40203219414740        0.98090585959765       -1.34436532014215
C           -3.38452858615812        0.25861885644375       -0.63104588325573
C           -4.74988840736143        0.29953559303101       -0.97888304522191
C           -5.67153777142168       -0.42311937409966       -0.27252668362791
C           -5.27085213086319       -1.21553510719181        0.81490698829407
C           -3.95460747119939       -1.27301315288068        1.17891665277109
C           -2.97785085225456       -0.54039185377650        0.46922101295404
C           -1.61361533230238       -0.58644548757952        0.82038060920940
H            0.57177335690942        0.08479880512489        2.55993171327291
H            1.06454681221534       -1.47472723023851        1.88949098309957
H            2.22954506210773       -0.15032637202314        1.96714529699879
H            3.11665519547468        2.50929458194800       -0.27626841719450
H            5.57715710234145        2.51525691597685       -0.45531213866539
H            6.80243416149239        0.39267366038562       -0.76264063495125
H            5.55578624849212       -1.73644375576994       -0.86391750575430
H            3.09720991788507       -1.74222061879595       -0.66784726401167
H           -0.33051468994787        1.44858746037749       -1.53681830278162
H           -2.71271813142140        1.59185853289581       -2.18040166186661
H           -5.05448361163017        0.91007145475503       -1.81719761399233
H           -6.71639199990659       -0.39142109543065       -0.54594077783192
H           -6.01387853951354       -1.77996726221848        1.35954221474940
H           -3.64100319639279       -1.88197253501828        2.01535156520159
H           -1.32732141621976       -1.20976069665326        1.65490216978687
34
 energy: -49.112723832828 gnorm: 0.001741054645 xtb: 6.7.1 (edcfbbe)
C            1.18428087798806       -0.41955744499275        1.79159017721566
C            0.76489846726303        0.05376881823449        0.42536375058527
N            1.57347596237505        0.41718204233932       -0.47929675110592
C            2.94668118345378        0.39124765177400       -0.45175253907225
C            3.65955701567600        1.59306940592907       -0.41446080034835
C            5.03625735888290        1.58907177362799       -0.51407985299400
C            5.72642170606073        0.39724976388460       -0.67196588062331
C            5.02553783555136       -0.79677962823611       -0.72123128739919
C            3.64905295167438       -0.80689574288166       -0.60640952161094
C           -0.67065945596078        0.11721933241381        0.10809580942782
C           -1.08617035418448        0.90099400691683       -0.99467343312984
C           -2.39964022116911        0.97339480929461       -1.34913953081786
C           -3.38380897003318        0.25624095562254       -0.63303733549106
C           -4.74812011037347        0.29386546071930       -0.98479858388357
C           -5.67160688955425       -0.42308007187253       -0.27505299632664
C           -5.27374826188062       -1.20608087193274        0.82020964032381
C           -3.95845627782646       -1.26036476411288        1.18819244642613
C           -2.97944445360926       -0.53419980486645        0.47479508194870
C           -1.61562126221875       -0.57926196247772        0.82730380381261
H            0.58669605704151        0.06432012907101        2.56196271770589
H            1.04700804974497       -1.49843721298153        1.87243032764362
H            2.23779287037651       -0.19596264340971        1.95597579952149
H            3.11524010674932        2.51887017747146       -0.29434737200029
H            5.57643354850758        2.52436170456167       -0.47160477645430
H            6.80299494008424        0.39969730428952       -0.75688254157194
H            5.55695050621907       -1.73011981302378       -0.84512962932340
H            3.09832659313518       -1.73630216269314       -0.65090633891464
H           -0.32836777055991        1.43940007231049       -1.54196711560085
H           -2.70775304143520        1.57911504563384       -2.18970366217791
H           -5.05140746704392        0.89658298550031       -1.82931024558303
H           -6.71548482231038       -0.39333379009665       -0.55246626279932
H           -6.01784303059172       -1.76625155956474        1.36769568497124
H           -3.64815471605945       -1.86274736202362        2.03071794175022
H           -1.33131892607262       -1.19627660422746        1.66723240709623
34
 energy: -49.112817968138 gnorm: 0.003436887354 xtb: 6.7.1 (edcfbbe)
C            1.19263784076436       -0.48645217821810        1.75025437791014
C            0.76695030377548        0.04760526593698        0.40790091184010
N            1.57151987775171        0.45235706892788       -0.48482476800954
C            2.94516986665909        0.41810469653344       -0.45676461412946
C            3.65987586376621        1.61895209830797       -0.44209028676961
C            5.03746561731209        1.60905654289844       -0.51960772524769
C            5.72769313316438        0.41123382982706       -0.63661387495818
C            5.02424204661788       -0.78088251512712       -0.67454904031696
C            3.64611719046402       -0.78454935709360       -0.58007307092363
C           -0.67051780441199        0.11929157923176        0.09912234928801
C           -1.08822265077540        0.88647704088625       -1.01410973442232
C           -2.40209023874429        0.95343962508323       -1.36784893400691
C           -3.38640998199356        0.24994900953148       -0.63852394959258
C           -4.75016627232222        0.27801066130766       -0.99151265302670
C           -5.67374547063277       -0.42314615667436       -0.26610534830701
C           -5.27610201642569       -1.18023184644967        0.84737606532055
C           -3.96109068959822       -1.22579418314502        1.21645257985979
C           -2.98132230689062       -0.51711841721230        0.48636283314167
C           -1.61686482011447       -0.55858620393400        0.83474752354225
H            0.62180600066006       -0.01486795148558        2.54804156253592
H            1.02538493275990       -1.56349755776831        1.79363113254195
H            2.25287972167907       -0.30236223151739        1.90757248289607
H            3.11595378000673        2.54885353776254       -0.35210728693329
H            5.58028060771303        2.54378824593845       -0.49436503204724
H            6.80709475295933        0.40848892908482       -0.70165705691519
H            5.55557069398075       -1.71780837623421       -0.77156982426385
H            3.09543307968240       -1.71463893902292       -0.61482656297402
H           -0.33276272574863        1.41640745979999       -1.57338201580066
H           -2.70911280708421        1.54359478008772       -2.21950260681383
H           -5.05489749457998        0.85980470159700       -1.85024149087375
H           -6.71677544899302       -0.39933687045576       -0.54638641074797
H           -6.01942313026790       -1.72827319415668        1.40811399297827
H           -3.65303919980913       -1.80930562334799        2.07314643329013
H           -1.33353225142413       -1.15856347069824        1.68728917313565
34
 energy: -49.112850670514 gnorm: 0.002716233895 xtb: 6.7.1 (edcfbbe)
C            1.19379984468896       -0.50893400703068        1.73745135122230
C            0.76711139332569        0.04395133433710        0.40311703434606
N            1.57150122711591        0.46447189316975       -0.48282902590742
C            2.94487118554543        0.42828902415908       -0.45480522191816
C            3.66153393172052        1.62868179607549       -0.44987589478204
C            5.03986812601472        1.61673334983891       -0.52453097294383
C            5.72894645173953        0.41743939304459       -0.62984515814087
C            5.02333902978518       -0.77468067968920       -0.65942438748400
C            3.64441252536394       -0.77634840859460       -0.56737884803980
C           -0.66977075344282        0.11703157986011        0.09555252036277
C           -1.08803854950160        0.87875220252960       -1.02197991680445
C           -2.40216833622055        0.94530175292806       -1.37499570660609
C           -3.38715310633585        0.24756700136033       -0.64075134678865
C           -4.75122140391254        0.27400977794688       -0.99315118173593
C           -5.67499666471566       -0.42173812737412       -0.26274379621665
C           -5.27688820258221       -1.17112415827762        0.85591848682197
C           -3.96160704300427       -1.21486955713732        1.22452399865837
C           -2.98179084842733       -0.51260592611740        0.48857409004217
C           -1.61709421197003       -0.55432577530358        0.83598298182965
H            0.63160651873668       -0.03931570315069        2.54274921371706
H            1.01414440828027       -1.58480626982638        1.76922677497520
H            2.25782775084565       -0.33793725593253        1.89129865385656
H            3.11885729450778        2.55978443843094       -0.36828808081125
H            5.58364316278025        2.55074050031002       -0.50373641608299
H            6.80814239426755        0.41284696840870       -0.68891622228347
H            5.55301400536089       -1.71340977282978       -0.74721860978551
H            3.09206114243111       -1.70587794259809       -0.59700913298296
H           -0.33225538158064        1.40459452017107       -1.58479916227086
H           -2.70985123529462        1.53087506411722       -2.22978483762213
H           -5.05513020977675        0.85087535016739       -1.85547323880697
H           -6.71822468497825       -0.39987093255605       -0.54251424580623
H           -6.02025430456615       -1.71443774858711        1.42144449224050
H           -3.65287062410346       -1.79213413649856        2.08516432891924
H           -1.33536483219704       -1.14952954515007        1.69239660802854
34
 energy: -49.112885166929 gnorm: 0.001811806368 xtb: 6.7.1 (edcfbbe)
C            1.19393958761756       -0.52394937151577        1.72254214507038
C            0.76730963005084        0.04117795301745        0.39426202303433
N            1.57240292872886        0.47574428067589       -0.48390823988909
C            2.94538014860174        0.43817107847087       -0.45393477559459
C            3.66492755072661        1.63658393827467       -0.45332705768234
C            5.04365648375164        1.62097275698920       -0.52256503568632
C            5.73018088305484        0.42039127673945       -0.61865693769597
C            5.02192281692350       -0.77038247297073       -0.64501232349246
C            3.64282928433310       -0.76854142778491       -0.55810761175264
C           -0.66860111076529        0.11238548586127        0.08692662716574
C           -1.08926895454457        0.87019555214563       -1.03315737997260
C           -2.40436236731950        0.93769448149366       -1.38250949249772
C           -3.38897266254522        0.24531055180906       -0.64249289768642
C           -4.75444151297585        0.27290438571262       -0.99016904099623
C           -5.67717511727815       -0.41860195795287       -0.25445401811186
C           -5.27611912439407       -1.16398925676221        0.86569214653238
C           -3.95943581339454       -1.20822246727447        1.23008540987979
C           -2.98113908587140       -0.51121761087482        0.48775657897669
C           -1.61557943634652       -0.55448111482010        0.83167060167235
H            0.63391875763320       -0.05869080236172        2.53152702704911
H            1.00991066162951       -1.59858335354721        1.74638176433679
H            2.25829247414457       -0.35508924184488        1.87549430489406
H            3.12492500127078        2.56909547069922       -0.37757149032235
H            5.58913101539365        2.55390244916345       -0.50408425224737
H            6.80902291537428        0.41355075667599       -0.67344981335269
H            5.54873356513798       -1.71100334465103       -0.72584857818649
H            3.08769639273194       -1.69618071212804       -0.58561556137598
H           -0.33366866902554        1.39217533426212       -1.59976594549091
H           -2.71469190840401        1.52051703815079       -2.23840460618683
H           -5.05857289263510        0.84797669147919       -1.85345496130770
H           -6.72156906414967       -0.39740248377441       -0.53044285559192
H           -6.01850173298625       -1.70362816247512        1.43613905940308
H           -3.64767095171064       -1.78163468657617        2.09199048513333
H           -1.33440969285795       -1.14715101410462        1.68981383317265
34
 energy: -49.112912247263 gnorm: 0.002305344507 xtb: 6.7.1 (edcfbbe)
C            1.19320552884883       -0.54802722441754        1.70460244435498
C            0.76772430194088        0.03605873208890        0.38352778059506
N            1.57458876085971        0.49544012088923       -0.48176990912863
C            2.94688619974202        0.45509537433907       -0.44931493419662
C            3.67062237076320        1.65038534409966       -0.45579718670889
C            5.04949193580372        1.62879933940541       -0.52120196265679
C            5.73170078243469        0.42557878039041       -0.60662219188767
C            5.01967617387992       -0.76310370343562       -0.62578099268210
C            3.64105895136516       -0.75530407586494       -0.54216097378913
C           -0.66721730253927        0.10279870182552        0.07428564898961
C           -1.09012436179670        0.85415310286089       -1.05020972095881
C           -2.40632593219771        0.92393986703380       -1.39513359971928
C           -3.39093610452476        0.24057256739405       -0.64649534518695
C           -4.75825445660047        0.27218583652103       -0.98745911443637
C           -5.68016429831960       -0.41178001781619       -0.24324474525870
C           -5.27627642597840       -1.15177331588022        0.87968005221801
C           -3.95763744342886       -1.19932191379271        1.23764712253759
C           -2.98078370330002       -0.51103224169936        0.48582789248402
C           -1.61404356742640       -0.55769421617287        0.82505117759781
H            0.63836407335428       -0.08366857529784        2.51857289112293
H            0.99847466094144       -1.62031049261926        1.71965767100527
H            2.25945569826109       -0.38595879330408        1.85925934070250
H            3.13524087541873        2.58579926258579       -0.38825723647687
H            5.59805798354398        2.56092621793350       -0.51083100222781
H            6.81046209928964        0.41540027146655       -0.66337013408741
H            5.54216305473137       -1.70666585617715       -0.69814046682993
H            3.08153689200194       -1.68071731662765       -0.56285784610389
H           -0.33412161849262        1.36870615354293       -1.62286596710585
H           -2.71903464797260        1.50268769235651       -2.25346389091875
H           -5.06265931111394        0.84499984869634       -1.85227281410924
H           -6.72623178367839       -0.38920055869431       -0.51333194605518
H           -6.01783530922392       -1.68508369231617        1.45734422709733
H           -3.64289098091717       -1.76767600672456        2.10203061002124
H           -1.33417309576940       -1.14620921238772        1.68644425299881
34
 energy: -49.112921361164 gnorm: 0.000850324153 xtb: 6.7.1 (edcfbbe)
C            1.19287833210680       -0.54785783557644        1.70512679403663
C            0.76785788700365        0.03518960781988        0.38312751450332
N            1.57453159709712        0.49486084772152       -0.48141976012611
C            2.94700914897521        0.45524382488134       -0.44766557875129
C            3.67019441125123        1.65094238065114       -0.45498180763298
C            5.04890085500250        1.62963496135743       -0.52213717772024
C            5.73154671113682        0.42619025264230       -0.60856429321025
C            5.02014789729701       -0.76256388013195       -0.62583515541387
C            3.64177901557543       -0.75491857940015       -0.54015350242962
C           -0.66739986281182        0.10203054548153        0.07347654415182
C           -1.08990454329083        0.85243593016543       -1.05137195806834
C           -2.40601306995148        0.92231356629866       -1.39634372836429
C           -3.39066922625172        0.23969033347582       -0.64720337920758
C           -4.75809705576146        0.27293937812938       -0.98722137140829
C           -5.68002934551506       -0.40972228972560       -0.24212024458261
C           -5.27646509198836       -1.15082730186435        0.88015838275770
C           -3.95782555597171       -1.20015614097968        1.23720359009652
C           -2.98076698847817       -0.51231804579680        0.48506351515856
C           -1.61403528360922       -0.55900767294200        0.82404590835461
H            0.63777891974248       -0.08383104436142        2.51855332265904
H            0.99963336357323       -1.62004657356449        1.72101476682857
H            2.25809145778118       -0.38541863800320        1.86121586198885
H            3.13419619117321        2.58636515228971       -0.38709919085653
H            5.59716703455598        2.56144709130598       -0.51109366217388
H            6.81021183351779        0.41565119349307       -0.66521021008766
H            5.54337616472665       -1.70589885890537       -0.69842167635468
H            3.08290285740047       -1.68041431979509       -0.56109682018921
H           -0.33389013979627        1.36663241155381       -1.62418315290942
H           -2.71806589555635        1.50047493046736       -2.25505640193283
H           -5.06343172445757        0.84578089534563       -1.85175576038058
H           -6.72623293817963       -0.38498571540720       -0.51127707988306
H           -6.01834123993783       -1.68289090038011        1.45830914527389
H           -3.64343232328983       -1.76940468953745        2.10109435141085
H           -1.33360339316905       -1.14756081650726        1.68517134566325
34
 energy: -49.112929782587 gnorm: 0.001483413488 xtb: 6.7.1 (edcfbbe)
C            1.19157901877094       -0.54746371429424        1.70723152839850
C            0.76820649815501        0.03325619737822        0.38315631019669
N            1.57477712382188        0.49362233945966       -0.48010835267886
C            2.94763513044014        0.45558437186406       -0.44441517231496
C            3.66959819686565        1.65217123696463       -0.45279300960967
C            5.04792539943717        1.63200313116442       -0.52309148555719
C            5.73156958265779        0.42850756626696       -0.61176175372084
C            5.02156953225137       -0.76068895510704       -0.62574545233170
C            3.64349720905858       -0.75390239708222       -0.53617909055959
C           -0.66746504080042        0.09824685078691        0.07113934460735
C           -1.08877689445208        0.84679483385346       -1.05461451772413
C           -2.40485477624564        0.91708990500150       -1.39987104001691
C           -3.38989582319432        0.23699722236676       -0.64924313420479
C           -4.75782458751848        0.27520753395756       -0.98644644782998
C           -5.68038114489426       -0.40339776637699       -0.23869116084480
C           -5.27750792409641       -1.14744908209892        0.88187911969015
C           -3.95843841238058       -1.20231864657138        1.23580375895899
C           -2.98066677894816       -0.51621051092076        0.48270580341362
C           -1.61395083100264       -0.56385015949195        0.82106019091980
H            0.63400547958662       -0.08399862248612        2.51866429853747
H            1.00174163220853       -1.61989978062186        1.72420809323480
H            2.25513773351641       -0.38253754584065        1.86611334925371
H            3.13219272401709        2.58723833903362       -0.38397826073224
H            5.59546415397243        2.56357796291719       -0.51350246210847
H            6.80989512699055        0.41797643836025       -0.67216157637260
H            5.54646863307228       -1.70329051596626       -0.69927730342639
H            3.08605518884717       -1.67994176476243       -0.55512000682421
H           -0.33258141657933        1.36002721701097       -1.62791141083959
H           -2.71545226593122        1.49392434910979       -2.25965442679936
H           -5.06501120332270        0.84871460877053       -1.84995674895884
H           -6.72710995142131       -0.37275390220723       -0.50513065411819
H           -6.02026563887636       -1.67675195627790        1.46109000462556
H           -3.64463221082670       -1.77422045490940        2.09810995677990
H           -1.33250346327866       -1.15226432904967        1.68184084015709
34
 energy: -49.112935226727 gnorm: 0.001057305871 xtb: 6.7.1 (edcfbbe)
C            1.19066073017184       -0.54758833685862        1.70862140252759
C            0.76828215694860        0.03170735947103        0.38369888684022
N            1.57530219082105        0.49248808690514       -0.47915031275544
C            2.94818411288085        0.45556027413584       -0.44303591711568
C            3.66940794024682        1.65262926188571       -0.45221365867777
C            5.04762775039756        1.63353742689431       -0.52411728307616
C            5.73186501630969        0.43056890682048       -0.61329955652901
C            5.02264432662002       -0.75921696406947       -0.62547148638501
C            3.64456064225691       -0.75347452559996       -0.53442495755758
C           -0.66716455343316        0.09518168627678        0.07004302422260
C           -1.08785078552548        0.84303674903705       -1.05641953165341
C           -2.40398982803379        0.91372214521565       -1.40191357499408
C           -3.38952287834501        0.23542821558159       -0.65041079240534
C           -4.75782912465519        0.27662672258335       -0.98590773443296
C           -5.68113519995460       -0.39958138686938       -0.23673108398318
C           -5.27842953477809       -1.14509052550744        0.88293704408200
C           -3.95889995139611       -1.20313572481124        1.23493256839466
C           -2.98064490909552       -0.51839135858801        0.48125872323689
C           -1.61397919326767       -0.56691467617257        0.81958781002836
H            0.63064662522270       -0.08442713467312        2.51877907983819
H            1.00234731953883       -1.62042625660384        1.72561808651031
H            2.25405391008637       -0.38041611195440        1.86864698879329
H            3.13141710702634        2.58718014558004       -0.38291493711653
H            5.59479757491782        2.56552849925711       -0.51531857511502
H            6.81011647445857        0.42091800034560       -0.67581099358846
H            5.54813853608447       -1.70139558303030       -0.69896979531092
H            3.08768563732108       -1.68002543789171       -0.55167675207043
H           -0.33140560348833        1.35551735222614       -1.63012317961251
H           -2.71419435231723        1.49012582268855       -2.26221374159287
H           -5.06499984016851        0.85082249679601       -1.84891639628551
H           -6.72823063967926       -0.36591940482386       -0.50149840709978
H           -6.02168134005799       -1.67291547721199        1.46295395205197
H           -3.64513221232717       -1.77612164438207        2.09654051218524
H           -1.33264810488607       -1.15553860245096        1.68026971984667
34
 energy: -49.112941219384 gnorm: 0.000432193875 xtb: 6.7.1 (edcfbbe)
C            1.18920752258332       -0.54800341132107        1.71087126030411
C            0.76823905577471        0.02860866796896        0.38463074814581
N            1.57618495885978        0.49002631208107       -0.47744856919547
C            2.94890409327601        0.45531741644054       -0.44115538172536
C            3.66859483717545        1.65329025776419       -0.45188348317991
C            5.04680744632715        1.63610419015147       -0.52583422179266
C            5.73241830021761        0.43428732888115       -0.61534936828159
C            5.02475961392882       -0.75663127219280       -0.62494070730589
C            3.64672422046333       -0.75292700330641       -0.53185952684790
C           -0.66646834296022        0.08956602887703        0.06838120641694
C           -1.08630615849332        0.83652505052116       -1.05927465604009
C           -2.40238815929742        0.90841397524963       -1.40490164628901
C           -3.38900723430095        0.23317068897089       -0.65207592033567
C           -4.75780360184887        0.27905102065484       -0.98507502575426
C           -5.68241201789502       -0.39347986284223       -0.23399993067758
C           -5.28001820671785       -1.14094086418440        0.88446382260003
C           -3.95989489658634       -1.20379127945926        1.23377242132917
C           -2.98074290638128       -0.52158597422206        0.47912191735616
C           -1.61409795026026       -0.57203965365753        0.81736404519193
H            0.62541840591346       -0.08579008215654        2.51925456023525
H            1.00390877079842       -1.62151877763674        1.72837027290291
H            2.25210709710768       -0.37710122435424        1.87316370139422
H            3.12965995637034        2.58701511667500       -0.38242215989848
H            5.59289015615213        2.56913507580364       -0.51942636814029
H            6.81058519849902        0.42659246392816       -0.68098244653575
H            5.55108612772289       -1.69821383379276       -0.69810076224621
H            3.09091432626937       -1.68034701987854       -0.54662720368409
H           -0.32928060934898        1.34756091129481       -1.63355307401991
H           -2.71213706940128        1.48418949100450       -2.26596724103286
H           -5.06390878372938        0.85480629034940       -1.84737327505136
H           -6.73004072530126       -0.35534513869917       -0.49608577104912
H           -6.02398569900011       -1.66650690401443        1.46578365339590
H           -3.64619230626978       -1.77836880163690        2.09437235786857
H           -1.33372541974680       -1.16106918305983        1.67813590314281
34
 energy: -49.112943951044 gnorm: 0.000431078193 xtb: 6.7.1 (edcfbbe)
C            1.18826468728510       -0.54857182664946        1.71263994603738
C            0.76824498914705        0.02554426519193        0.38511927183397
N            1.57678841775971        0.48717436470295       -0.47635690539211
C            2.94933097293029        0.45471892103467       -0.43985584894139
C            3.66736249444989        1.65366083822223       -0.45239727000467
C            5.04555493718149        1.63832296614706       -0.52799324888197
C            5.73280208539988        0.43750978797633       -0.61700540469866
C            5.02680788019809       -0.75447382523566       -0.62428631961169
C            3.64889455312671       -0.75266276187171       -0.52974829692341
C           -0.66600047518667        0.08510206820540        0.06725215523963
C           -1.08509209495322        0.83120867395485       -1.06139819909851
C           -2.40104467362789        0.90438630585661       -1.40703222679085
C           -3.38859423889681        0.23162117834333       -0.65312619442535
C           -4.75767746237529        0.28124393065764       -0.98440897967808
C           -5.68324740085152       -0.38854928650899       -0.23207730465217
C           -5.28130350245100       -1.13759391919734        0.88549717559416
C           -3.96088655185894       -1.20409592658477        1.23312209483940
C           -2.98092535498502       -0.52384445354423        0.47778984422532
C           -1.61427091088395       -0.57586193464175        0.81594117759939
H            0.62180862041766       -0.08687339198875        2.51956463324036
H            1.00553776845818       -1.62259096862587        1.73101784828006
H            2.25056789185600       -0.37472606355540        1.87649507175472
H            3.12738574455113        2.58674442820960       -0.38304908479859
H            5.59028381228746        2.57221345265767       -0.52250303132862
H            6.81091196730751        0.43147481357625       -0.68383346436078
H            5.55416221070608       -1.69548809966409       -0.69714326502344
H            3.09425927595711       -1.68083020875885       -0.54312885030090
H           -0.32742092986510        1.34079917856512       -1.63613509244429
H           -2.71030432209075        1.47983978779668       -2.26853121442218
H           -5.06282116393549        0.85805944136331       -1.84635035644845
H           -6.73116887148522       -0.34731561179154       -0.49248656380843
H           -6.02589962580533       -1.66126239742006        1.46776427420296
H           -3.64759032364207       -1.77954831178427        2.09328825269472
H           -1.33472040622473       -1.16533541443731        1.67670450769288
34
 energy: -49.112945623142 gnorm: 0.000293897696 xtb: 6.7.1 (edcfbbe)
C            1.18799334818480       -0.54915430937924        1.71354214415381
C            0.76828107896852        0.02337832765524        0.38519997514539
N            1.57699663907985        0.48474105384696       -0.47617160465841
C            2.94942146499369        0.45385076039455       -0.43975969550108
C            3.66611126953743        1.65357621672702       -0.45326318055273
C            5.04432403146271        1.63970374039598       -0.52892541473412
C            5.73299424198606        0.43964541314968       -0.61734553372705
C            5.02834612131846       -0.75312465723235       -0.62382629936738
C            3.65050442048613       -0.75279856357867       -0.52892499548307
C           -0.66579832597516        0.08239255286344        0.06670885911657
C           -1.08440142521412        0.82822036827331       -1.06234242439903
C           -2.40025638794458        0.90251240105626       -1.40781985618218
C           -3.38835476387771        0.23109851794546       -0.65336900113891
C           -4.75745850931409        0.28249123058867       -0.98417732195893
C           -5.68355524838597       -0.38604423696122       -0.23146316957617
C           -5.28212059542385       -1.13551172523532        0.88600232055561
C           -3.96170924169173       -1.20368110534091        1.23320896828164
C           -2.98116404306272       -0.52467284838834        0.47749943591228
C           -1.61446690079870       -0.57786997490971        0.81546170903360
H            0.62043451721179       -0.08758009510469        2.51969356769612
H            1.00668605391942       -1.62336578792243        1.73279326764227
H            2.24987098742753       -0.37387937309354        1.87807701247053
H            3.12519151838987        2.58621327038294       -0.38475893529355
H            5.58780155905367        2.57429116172390       -0.52478902145352
H            6.81107675434492        0.43482029790251       -0.68450301904181
H            5.55670666870010       -1.69364870538346       -0.69606747301070
H            3.09689854436398       -1.68156307885937       -0.54146434897122
H           -0.32622694452660        1.33678073096259       -1.63732412378956
H           -2.70912734573656        1.47773882404465       -2.26958758584614
H           -5.06198635715525        0.85996719973423       -1.84590838362313
H           -6.73156416103570       -0.34325718710696       -0.49119196654970
H           -6.02711631439480       -1.65827258541222        1.46854283683643
H           -3.64887703983432       -1.77962789625901        2.09320647714103
H           -1.33545561515673       -1.16736993727837        1.67639591207360
34
 energy: -49.112947298798 gnorm: 0.000230192200 xtb: 6.7.1 (edcfbbe)
C            1.18809896375677       -0.54997369376915        1.71403070755078
C            0.76836196004619        0.02124335592197        0.38506257595493
N            1.57704434729068        0.48180394197656       -0.47662637943587
C            2.94938767764550        0.45243748580215       -0.44028849720948
C            3.66452335716643        1.65308578488238       -0.45492798628340
C            5.04277155046325        1.64092603358464       -0.53024484356897
C            5.73310720091295        0.44167100804177       -0.61721387593433
C            5.02999761508719       -0.75199265245955       -0.62296643596351
C            3.65217190916741       -0.75335779847358       -0.52842954621947
C           -0.66572600375367        0.08048361994316        0.06662120959723
C           -1.08385957544118        0.82615878791894       -1.06269928419321
C           -2.39963287235996        0.90152449936987       -1.40799570519795
C           -3.38816196231215        0.23109704612187       -0.65319608940711
C           -4.75719643781786        0.28354387005961       -0.98405642876664
C           -5.68372986967795       -0.38431496937788       -0.23135975322562
C           -5.28283935989906       -1.13393407297635        0.88620122067384
C           -3.96254841154883       -1.20287933444021        1.23363130165968
C           -2.98147245551382       -0.52473440044642        0.47780348595399
C           -1.61475425667372       -0.57884287506188        0.81569770468761
H            0.62021340821757       -0.08811969964775        2.51970026982675
H            1.00749209400027       -1.62424088279717        1.73419408318289
H            2.24973500951282       -0.37400490949936        1.87864479532877
H            3.12242963209038        2.58517360912880       -0.38744193045323
H            5.58487060442230        2.57623968957548       -0.52651007096299
H            6.81121580167834        0.43812799746729       -0.68366287804856
H            5.55960743263777       -1.69189655840692       -0.69457975271440
H            3.09976333866717       -1.68279705509033       -0.54070590438280
H           -0.32521753643978        1.33385215003430       -1.63781261487962
H           -2.70816144095356        1.47685373022863       -2.26977604756039
H           -5.06115526348010        0.86109727194449       -1.84594236694406
H           -6.73164833561624       -0.34113146804589       -0.49128200738728
H           -6.02821973486988       -1.65605318867924        1.46879163092493
H           -3.65032259446421       -1.77868301046452        2.09393176710223
H           -1.33614579204067       -1.16836331216409        1.67675677749572
34
 energy: -49.112949069942 gnorm: 0.000283164181 xtb: 6.7.1 (edcfbbe)
C            1.18839822293879       -0.55117706726167        1.71426788729033
C            0.76850322663202        0.01881622292759        0.38477219094959
N            1.57702385176792        0.47811527922620       -0.47761873699209
C            2.94935325104522        0.45035814780473       -0.44128168061748
C            3.66248670128537        1.65220519708944       -0.45704288908963
C            5.04077806041150        1.64230557041323       -0.53151493402289
C            5.73320159090088        0.44407741659857       -0.61674691987437
C            5.03207398827051       -0.75073273931164       -0.62189271297001
C            3.65420575532430       -0.75433112659186       -0.52807002694258
C           -0.66569632872259        0.07869808474733        0.06667400602979
C           -1.08332016626779        0.82447822740044       -1.06273228837300
C           -2.39903979069689        0.90097479257805       -1.40784320815329
C           -3.38796844150905        0.23137616026900       -0.65283907362167
C           -4.75686578202554        0.28435231049589       -0.98415968238442
C           -5.68387382645028       -0.38300137507792       -0.23163772880206
C           -5.28366641376035       -1.13216356268404        0.88647260247588
C           -3.96353538315606       -1.20147714254787        1.23444360617957
C           -2.98186499768027       -0.52431536966332        0.47847014473452
C           -1.61512857411859       -0.57943905001201        0.81625885938553
H            0.62061421513526       -0.08875938201882        2.51962739954923
H            1.00795754908516       -1.62542814642040        1.73532242139932
H            2.24997167907676       -0.37502149864567        1.87862473668173
H            3.11872548055617        2.58348768663249       -0.39120424538429
H            5.58118164820570        2.57854973983994       -0.52868759055547
H            6.81136998460836        0.44217943395287       -0.68215323499898
H            5.56340694027677       -1.68979790433690       -0.69210678849356
H            3.10341392394649       -1.68471285628136       -0.53978385928110
H           -0.32422043743544        1.33123969881269       -1.63804426374090
H           -2.70715940638850        1.47634723151475       -2.26970836077423
H           -5.06035724109111        0.86189464561974       -1.84622446516035
H           -6.73170035552353       -0.33950384360486       -0.49194410194186
H           -6.02946405943470       -1.65377398512154        1.46896147037026
H           -3.65195429169734       -1.77708607308325        2.09510758403147
H           -1.33685057360878       -1.16873472305819        1.67758301429749
34
 energy: -49.112950528390 gnorm: 0.000256886435 xtb: 6.7.1 (edcfbbe)
C            1.18868380571739       -0.55251426148276        1.71426310383475
C            0.76865115235152        0.01655329154621        0.38441826306256
N            1.57699803950320        0.47446547758178       -0.47882677718034
C            2.94938477196672        0.44814260833000       -0.44233845298988
C            3.66046272875402        1.65122585753025       -0.45922362270462
C            5.03877896791845        1.64368940962225       -0.53280627652789
C            5.73329271838842        0.44650820161956       -0.61605159313479
C            5.03422092969391       -0.74949535161438       -0.62030482243803
C            3.65626050835727       -0.75542339924570       -0.52743237872131
C           -0.66566894069791        0.07716155578970        0.06667912410409
C           -1.08283220126453        0.82301005084619       -1.06282071198706
C           -2.39853073343431        0.90044365515335       -1.40779991796815
C           -3.38782017585119        0.23165969486924       -0.65258531812015
C           -4.75662365248536        0.28510978529985       -0.98421080620784
C           -5.68407028326520       -0.38164472073683       -0.23169942527989
C           -5.28441806814650       -1.13046416851877        0.88683567354296
C           -3.96440594639423       -1.20006038465577        1.23521542382037
C           -2.98223717992150       -0.52379724030848        0.47908283236098
C           -1.61550315470284       -0.57979659525968        0.81679189783734
H            0.62127750913029       -0.08941236280987        2.51946077667536
H            1.00792294370405       -1.62669151737930        1.73606832531388
H            2.25034655552418       -0.37663391364269        1.87823295353036
H            3.11491202542181        2.58156676776462       -0.39482067213122
H            5.57754476562682        2.58086885459473       -0.53088882890340
H            6.81150273614826        0.44636284414928       -0.68088581989927
H            5.56730743243381       -1.68765312812237       -0.68938582178130
H            3.10717266378733       -1.68681331733355       -0.53852598437851
H           -0.32342860281922        1.32919085889545       -1.63822630028196
H           -2.70629623652884        1.47599655759268       -2.26965930901955
H           -5.05973405618569        0.86219627937324       -1.84671099144679
H           -6.73174655282863       -0.33817731566928       -0.49258710346534
H           -6.03059245006304       -1.65146288914477        1.46938834826426
H           -3.65335539561777       -1.77521756038022        2.09637094811552
H           -1.33745662432038       -1.16889362405230        1.67833239530537
34
 energy: -49.112951490246 gnorm: 0.000159948788 xtb: 6.7.1 (edcfbbe)
C            1.18878041704604       -0.55367103470140        1.71407526993253
C            0.76876455706915        0.01483541448283        0.38403090972654
N            1.57704074377335        0.47188660372240       -0.47973801489222
C            2.94949557315735        0.44653420224171       -0.44287965083177
C            3.65904058049090        1.65054035582213       -0.46067591456800
C            5.03735132909020        1.64478686644026       -0.53388491539272
C            5.73337721663326        0.44839041928676       -0.61578281330057
C            5.03584651982332       -0.74850504139750       -0.61911268190629
C            3.65781329842830       -0.75618939513206       -0.52669092985049
C           -0.66562028305293        0.07607004474773        0.06651903799026
C           -1.08251856909574        0.82204250197434       -1.06298336452892
C           -2.39822152278335        0.90000107507433       -1.40791099373844
C           -3.38773888548614        0.23174112084564       -0.65257416623630
C           -4.75649824354271        0.28542358567980       -0.98434754289343
C           -5.68423725184518       -0.38073516598096       -0.23163912521145
C           -5.28493995719671       -1.12900069888452        0.88739153902334
C           -3.96494622056551       -1.19891746089126        1.23583736747775
C           -2.98246584951090       -0.52346820063025        0.47938623437886
C           -1.61573476934611       -0.58009109911622        0.81698207598790
H            0.62172894587421       -0.08993259405098        2.51918276993065
H            1.00745952686754       -1.62776915752719        1.73631346457375
H            2.25060899079029       -0.37823524557664        1.87771186078288
H            3.11210699062627        2.58013031352018       -0.39742643723567
H            5.57496487111701        2.58263720789897       -0.53248761874177
H            6.81162324999039        0.44956385932191       -0.67997498906926
H            5.57024288864918       -1.68600998397582       -0.68679472867035
H            3.11002076193416       -1.68835824113739       -0.53707182795127
H           -0.32296005574040        1.32773796157194       -1.63861459699439
H           -2.70574651793657        1.47552593685825       -2.26988521972803
H           -5.05945563934995        0.86233123051798       -1.84702135766626
H           -6.73189707735631       -0.33691707652100       -0.49260835413510
H           -6.03133649422030       -1.64950655858552        1.47010839707332
H           -3.65412435726452       -1.77386232477263        2.09722360087938
H           -1.33782476716728       -1.16900942092414        1.67869184698606
34
 energy: -49.112952140261 gnorm: 0.000095628998 xtb: 6.7.1 (edcfbbe)
C            1.18873443252546       -0.55455027860466        1.71374921924489
C            0.76882888225029        0.01384481443699        0.38365702522265
N            1.57710379904228        0.47055273675006       -0.48032735776363
C            2.94961621077029        0.44571361370080       -0.44316795751251
C            3.65827337772641        1.65025469997924       -0.46151527582398
C            5.03657697170619        1.64553590018913       -0.53438061463468
C            5.73348058008778        0.44958639993977       -0.61533965895950
C            5.03686093310557       -0.74782657489821       -0.61794694236249
C            3.65877165836018       -0.75653112458745       -0.52591477772616
C           -0.66556472363229        0.07530736306188        0.06615527552595
C           -1.08235721929561        0.82124599742215       -1.06340350521266
C           -2.39808261055535        0.89946459766220       -1.40826306733672
C           -3.38773046573382        0.23166112430554       -0.65271309945390
C           -4.75652710157980        0.28566962939811       -0.98430650331990
C           -5.68440669250264       -0.37991102089476       -0.23123605908054
C           -5.28520203635545       -1.12801177976965        0.88793897896173
C           -3.96516669403130       -1.19827552651302        1.23618666885822
C           -2.98256671351718       -0.52338329528703        0.47940704742618
C           -1.61582500498105       -0.58039670808663        0.81684479520797
H            0.62201283035137       -0.09035197421056        2.51884239373638
H            1.00680569604395       -1.62855841773148        1.73619411352391
H            2.25070671667310       -0.37965443277621        1.87721807154986
H            3.11051411291040        2.57938305999564       -0.39894209784246
H            5.57352552086475        2.58378742681583       -0.53368557500158
H            6.81172737143556        0.45156604794992       -0.67964513744318
H            5.57199486480523       -1.68494434347252       -0.68495859555848
H            3.11176410139445       -1.68917306681074       -0.53570677520994
H           -0.32278808429881        1.32683212148558       -1.63911617293141
H           -2.70551057267006        1.47500978476614       -2.27026854713906
H           -5.05943237833582        0.86222099082419       -1.84723414885782
H           -6.73206353389002       -0.33591601546691       -0.49218510479822
H           -6.03171075076686       -1.64797741600571        1.47100557185350
H           -3.65439004493267       -1.77296086677467        2.09776423798958
H           -1.33797343307421       -1.16921346659129        1.67864270606850
34
 energy: -49.112952684700 gnorm: 0.000098955420 xtb: 6.7.1 (edcfbbe)
C            1.18859919046427       -0.55531302656424        1.71331280036789
C            0.76886591417372        0.01320983457943        0.38324562529626
N            1.57720275294696        0.47004752062760       -0.48065048968142
C            2.94974463455566        0.44547396202902       -0.44317997680171
C            3.65795136355985        1.65028897810637       -0.46200202722624
C            5.03624725741850        1.64610035163031       -0.53474528777974
C            5.73359998030594        0.45037528339106       -0.61502678060818
C            5.03745412907788       -0.74731043575369       -0.61698717928480
C            3.65932919988519       -0.75653220366915       -0.52513693672360
C           -0.66550698391188        0.07471984120482        0.06566046797945
C           -1.08230593300550        0.82057834397533       -1.06395432275475
C           -2.39806698783384        0.89888979420034       -1.40873321532572
C           -3.38776519548262        0.23143430613499       -0.65295184707182
C           -4.75662529134959        0.28572447919445       -0.98424858974088
C           -5.68455260552411       -0.37928870230440       -0.23071663898244
C           -5.28533123411617       -1.12716639628390        0.88859981988053
C           -3.96521466338442       -1.19783447640687        1.23646577853945
C           -2.98259185547296       -0.52345682976937        0.47926765933352
C           -1.61582537278282       -0.58072778069953        0.81651012725353
H            0.62214861937483       -0.09075006147518        2.51841248397957
H            1.00605174866132       -1.62922910336728        1.73580629369979
H            2.25070438294028       -0.38095615701379        1.87669774958843
H            3.10976693386035        2.57917593073431       -0.39989197344071
H            5.57287648519324        2.58455049104513       -0.53440917012411
H            6.81184960207784        0.45277663641312       -0.67931818291733
H            5.57295923650483       -1.68425026766126       -0.68337084002615
H            3.11273290343863       -1.68942924102564       -0.53445102260275
H           -0.32276475090173        1.32602675224254       -1.63983465457121
H           -2.70547979426616        1.47432434585846       -2.27083155447099
H           -5.05957946048859        0.86213178963244       -1.84725301841345
H           -6.73226796023263       -0.33496110235768       -0.49138351376063
H           -6.03186148798916       -1.64671615350258        1.47201498336415
H           -3.65435134236161       -1.77243707248750        2.09806925506568
H           -1.33799341543519       -1.16946963045598        1.67836330916091
34
 energy: -49.112953291468 gnorm: 0.000124315722 xtb: 6.7.1 (edcfbbe)
C            1.18842776250180       -0.55618536752576        1.71266247813730
C            0.76889915006038        0.01268515033333        0.38268932494101
N            1.57731801840955        0.47007916284952       -0.48087221115606
C            2.94987062068547        0.44566229374631       -0.44308696290861
C            3.65786588757050        1.65060467175610       -0.46236083877030
C            5.03616535974997        1.64665361757041       -0.53492152263258
C            5.73374670626117        0.45102199929398       -0.61456170990707
C            5.03783657284765       -0.74679674339427       -0.61594440170488
C            3.65968687375210       -0.75624598810536       -0.52426636116338
C           -0.66544067666346        0.07410683132703        0.06497442927135
C           -1.08231065129562        0.81974303833455       -1.06476894929736
C           -2.39812034873460        0.89809742697714       -1.40940923622475
C           -3.38783688993558        0.23109075536310       -0.65325417228620
C           -4.75679960181824        0.28576464934140       -0.98408654240757
C           -5.68472274010732       -0.37860625058468       -0.22996975235969
C           -5.28538823963310       -1.12635880122707        0.88939350586004
C           -3.96515838198277       -1.19750444071326        1.23673553869180
C           -2.98257341051896       -0.52364288614463        0.47903574966623
C           -1.61576424589584       -0.58112629974762        0.81601556226723
H            0.62230185867714       -0.09127452868253        2.51781465619959
H            1.00516981951249       -1.62998927108358        1.73511445028711
H            2.25066433117044       -0.38247186299501        1.87599416173087
H            3.10947368531883        2.57939195505911       -0.40077961457350
H            5.57264673322504        2.58520255671035       -0.53501608333348
H            6.81200248138540        0.45362201426392       -0.67877776133664
H            5.57352167025855       -1.68367607560018       -0.68164492545141
H            3.11330069160553       -1.68927776745559       -0.53311909003134
H           -0.32282357505061        1.32502615983872       -1.64087208843949
H           -2.70557416252830        1.47335431758000       -2.27162139033297
H           -5.05985192751320        0.86198991921843       -1.84717694764478
H           -6.73253175405447       -0.33386109925975       -0.49020152296851
H           -6.03192003729265       -1.64534403973070        1.47331832000730
H           -3.65415544018816       -1.77196906768445        2.09838147252829
H           -1.33792613987883       -1.16976602942727        1.67793156654299
34
 energy: -49.112954035870 gnorm: 0.000130091139 xtb: 6.7.1 (edcfbbe)
C            1.18827687930370       -0.55737363214383        1.71166743696602
C            0.76893966323144        0.01217186372579        0.38191672952861
N            1.57743456899674        0.47055833056937       -0.48108804929702
C            2.94998238869004        0.44624958604139       -0.44298732395690
C            3.65791291292943        1.65122563084412       -0.46284396117397
C            5.03623155033741        1.64731928960850       -0.53505362172637
C            5.73392425293178        0.45168741815252       -0.61371772940760
C            5.03810238908789       -0.74618310805608       -0.61448062572672
C            3.65992667620918       -0.75566098967511       -0.52318816682975
C           -0.66535962617181        0.07332837836855        0.06402860662680
C           -1.08235797617830        0.81856442873505       -1.06594258324981
C           -2.39823493210445        0.89698969083428       -1.41034043971355
C           -3.38794440664468        0.23059015617103       -0.65363329603915
C           -4.75703739705152        0.28575099138551       -0.98385034498533
C           -5.68492653392029       -0.37778990070813       -0.22895710053932
C           -5.28543271031684       -1.12528937961973        0.89051881974158
C           -3.96506262605051       -1.19702571302629        1.23718320416797
C           -2.98253526651738       -0.52387740796596        0.47877548569617
C           -1.61565604726516       -0.58160058953704        0.81538281099763
H            0.62262683984511       -0.09211536797027        2.51696708125895
H            1.00412489346529       -1.63102540930817        1.73398261698772
H            2.25066326047937       -0.38450741488718        1.87492672626572
H            3.10946259232244        2.58001245048185       -0.40188436317530
H            5.57266721734041        2.58589896447852       -0.53556284642462
H            6.81219259441038        0.45434026674744       -0.67776179003210
H            5.57384186440822       -1.68307281427677       -0.67954019653316
H            3.11361431384210       -1.68874178550024       -0.53164532033409
H           -0.32292799335178        1.32353180557914       -1.64240297315365
H           -2.70577015944304        1.47191737782074       -2.27274932340397
H           -5.06023738778633        0.86183488754411       -1.84698388157489
H           -6.73285352067399       -0.33254612315448       -0.48861596590176
H           -6.03191923854791       -1.64372641875782        1.47498100830619
H           -3.65386718781291       -1.77141730256008        2.09880973173458
H           -1.33780184809372       -1.17001815973903        1.67743877610166
34
 energy: -49.112954883555 gnorm: 0.000111892124 xtb: 6.7.1 (edcfbbe)
C            1.18820802300111       -0.55898526291732        1.71028146733397
C            0.76900060954648        0.01151424231324        0.38088118782134
N            1.57753434389465        0.47136338058919       -0.48135362727280
C            2.95006156150403        0.44716285096325       -0.44291558772895
C            3.65800663264368        1.65211747798973       -0.46343299920425
C            5.03636636497749        1.64814360712242       -0.53503832777076
C            5.73410850179122        0.45246860668097       -0.61255736707462
C            5.03828644013502       -0.74540525838120       -0.61281134564827
C            3.66008675724456       -0.75480240350404       -0.52202350676659
C           -0.66526982042378        0.07240909921728        0.06290056879349
C           -1.08242389001057        0.81698978140228       -1.06746289268023
C           -2.39838130207117        0.89551893445460       -1.41153556015631
C           -3.38808579826865        0.23000632274581       -0.65402264905659
C           -4.75733353104355        0.28577054333514       -0.98349913050897
C           -5.68517185603004       -0.37681131360932       -0.22770494254683
C           -5.28545958253425       -1.12410948047125        0.89183166409179
C           -3.96493938779579       -1.19644428022280        1.23777009915616
C           -2.98249307316066       -0.52407806215665        0.47856690461175
C           -1.61552844632818       -0.58202334022250        0.81474842014843
H            0.62319492201794       -0.09341007270559        2.51586214304329
H            1.00300169484613       -1.63245318502954        1.73231213024127
H            2.25077524950538       -0.38713633771585        1.87339217547550
H            3.10957345569949        2.58097957397044       -0.40346738225643
H            5.57280005558619        2.58672626348723       -0.53610651897869
H            6.81241108379768        0.45507203209899       -0.67599221718036
H            5.57404236601633       -1.68236778826398       -0.67675753006538
H            3.11376374707737       -1.68788461340128       -0.53004010682131
H           -0.32303350271214        1.32142962359542       -1.64444080284199
H           -2.70602948256920        1.46998317739926       -2.27421549970755
H           -5.06067488508668        0.86154861037981       -1.84678657022182
H           -6.73323647187462       -0.33101032621371       -0.48670223365281
H           -6.03193089427118       -1.64168295346280        1.47708821630254
H           -3.65357577975304       -1.77050539098425        2.09955353596578
H           -1.33765410545097       -1.17009405828126        1.67702741635679
34
 energy: -49.112955664484 gnorm: 0.000081884471 xtb: 6.7.1 (edcfbbe)
C            1.18827897812712       -0.56078027422968        1.70877570384713
C            0.76907580433752        0.01085511759071        0.37983605245360
N            1.57757495163904        0.47217818477115       -0.48168168099031
C            2.95008370736714        0.44810707865383       -0.44298488314352
C            3.65801029574112        1.65305564699171       -0.46418254395041
C            5.03642025444973        1.64903695712056       -0.53503644977039
C            5.73425730876142        0.45331744183755       -0.61111971822029
C            5.03846027656691       -0.74457939872260       -0.61089991316618
C            3.66022482247340       -0.75390948272405       -0.52090957292196
C           -0.66518479715822        0.07143621117635        0.06180562401675
C           -1.08246105606211        0.81523430395814       -1.06904075163688
C           -2.39849528692918        0.89394154772360       -1.41275633676864
C           -3.38820754068669        0.22941461449479       -0.65437490410086
C           -4.75758362023492        0.28571300282534       -0.98322041626060
C           -5.68540689872029       -0.37586883861938       -0.22653184280427
C           -5.28555772469451       -1.12268309868987        0.89327922335899
C           -3.96490773672217       -1.19554308262371        1.23860100422434
C           -2.98248127948955       -0.52412578709936        0.47852190597998
C           -1.61542624834758       -0.58232391287395        0.81427586288298
H            0.62393947220519       -0.09504688753184        2.51473814241587
H            1.00212114664803       -1.63408105892416        1.73040307050754
H            2.25101058397126       -0.38989503550871        1.87170001715020
H            3.10957891950400        2.58198436825541       -0.40517138003015
H            5.57282799371452        2.58762807408056       -0.53652170672859
H            6.81259803583289        0.45588324700458       -0.67394317238147
H            5.57424954379479       -1.68157670732747       -0.67405752555858
H            3.11389582793185       -1.68698835720286       -0.52868112245853
H           -0.32307256021490        1.31899960631416       -1.64660694924032
H           -2.70622656852284        1.46781823634927       -2.27579529059876
H           -5.06104893170690        0.86124043962998       -1.84663315129886
H           -6.73359121940433       -0.32956097320056       -0.48495138031642
H           -6.03199301213758       -1.63963478746170        1.47911623217558
H           -3.65341066444694       -1.76938737881150        2.10048288109516
H           -1.33755277768692       -1.16985901702456        1.67691410343845
34
 energy: -49.112956271338 gnorm: 0.000064272852 xtb: 6.7.1 (edcfbbe)
C            1.18844155586450       -0.56237944370382        1.70750916713099
C            0.76914919808437        0.01018387009571        0.37897589814083
N            1.57756834181846        0.47269470525790       -0.48200847863078
C            2.95006739664602        0.44878516577301       -0.44310370742089
C            3.65789194481593        1.65377939433528       -0.46479274400733
C            5.03634635412115        1.64982452146055       -0.53493689143847
C            5.73433478747189        0.45412542730502       -0.60995096720840
C            5.03863675336030       -0.74383298099363       -0.60952634529983
C            3.66037475491291       -0.75321522287843       -0.52015807298095
C           -0.66512627305641        0.07065440925738        0.06102047171296
C           -1.08245535359965        0.81372466835507       -1.07029464293148
C           -2.39854047898314        0.89259176686442       -1.41375209435567
C           -3.38828736497548        0.22896041088150       -0.65462302949330
C           -4.75774797445663        0.28566751704560       -0.98303490770098
C           -5.68559425471248       -0.37506855749943       -0.22564026425755
C           -5.28567046198451       -1.12150227068928        0.89439718863657
C           -3.96494830503532       -1.19466866232089        1.23936110095206
C           -2.98250497396052       -0.52402637667220        0.47861831259431
C           -1.61538919769330       -0.58239380800235        0.81409294949169
H            0.62462539263132       -0.09668543507154        2.51385913757547
H            1.00165611236483       -1.63556831238961        1.72869427408392
H            2.25128945271923       -0.39215747178333        1.87025999617196
H            3.10938205503805        2.58272044700228       -0.40663292374296
H            5.57266655168121        2.58845912536711       -0.53674521623687
H            6.81271621468572        0.45672352581869       -0.67203547758356
H            5.57454366078497       -1.68082765735366       -0.67182131843256
H            3.11409975035668       -1.68632538667002       -0.52779530483736
H           -0.32302397628345        1.31676698290936       -1.64843208963809
H           -2.70629959693931        1.46590040035027       -2.27715505141017
H           -5.06125471690395        0.86081837921652       -1.84668372809398
H           -6.73384298757761       -0.32846963314176       -0.48373043519236
H           -6.03213251262417       -1.63779154600826        1.48078909668813
H           -3.65343505392447       -1.76808184334813        2.10152171418812
H           -1.33753679474685       -1.16938610856761        1.67710351472717
34
 energy: -49.112956746035 gnorm: 0.000057118618 xtb: 6.7.1 (edcfbbe)
C            1.18864136593648       -0.56367552397677        1.70656997201710
C            0.76920983961508        0.00962089144493        0.37838398520810
N            1.57753188460751        0.47289290353561       -0.48229529535681
C            2.95003020272509        0.44914995747101       -0.44326617942839
C            3.65766525791573        1.65424687842897       -0.46522050483924
C            5.03615218263696        1.65047492044875       -0.53481473075502
C            5.73436510740772        0.45485031609669       -0.60903871281647
C            5.03885211235893       -0.74321749679632       -0.60854356606929
C            3.66056346367252       -0.75277095840192       -0.51974633974730
C           -0.66508638444320        0.07004289287840        0.06051683944198
C           -1.08240082050961        0.81245007217925       -1.07124459461372
C           -2.39851205124031        0.89147829099363       -1.41452940055765
C           -3.38832376694905        0.22863759231691       -0.65478933303862
C           -4.75781704815179        0.28555960347345       -0.98300829870947
C           -5.68571665841227       -0.37452746190066       -0.22512011496394
C           -5.28582065700901       -1.12044011970490        0.89527343818026
C           -3.96507108692327       -1.19374402656379        1.24009995799777
C           -2.98256137015614       -0.52379351494095        0.47882854789735
C           -1.61540563090698       -0.58231599926406        0.81412407378731
H            0.62515938139303       -0.09817218381954        2.51325338383343
H            1.00155799669533       -1.63681466194478        1.72733092015137
H            2.25154664089672       -0.39381250750789        1.86920387062930
H            3.10899394388214        2.58313539013857       -0.40765303948889
H            5.57231815190089        2.58918863972755       -0.53676463332276
H            6.81277665408826        0.45757354507412       -0.67057280099943
H            5.57493298410761       -1.68014599360827       -0.67036274764818
H            3.11442151383660       -1.68595538707512       -0.52737655514016
H           -0.32291610676034        1.31493878896638       -1.64978281363015
H           -2.70625474255222        1.46433667625967       -2.27823071219408
H           -5.06130620367297        0.86036358725402       -1.84689590489917
H           -6.73400212958297       -0.32772697236525       -0.48303141537419
H           -6.03232444854568       -1.63624285036111        1.48203528663291
H           -3.65359746720280       -1.76678305960026        2.10252419415815
H           -1.33760211075771       -1.16880222865459        1.67749235485858
34
 energy: -49.112957173640 gnorm: 0.000062073100 xtb: 6.7.1 (edcfbbe)
C            1.18883765181511       -0.56480097213374        1.70587173763024
C            0.76926049414705        0.00904274195572        0.37795968521513
N            1.57749253599754        0.47281314572784       -0.48254505155949
C            2.94999455748422        0.44927874523202       -0.44342745852345
C            3.65735767521644        1.65453374645137       -0.46547551530370
C            5.03586744296497        1.65105857653463       -0.53461849284187
C            5.73437288608120        0.45557075669904       -0.60836474250580
C            5.03912580780558       -0.74264997753593       -0.60796549655540
C            3.66081645923400       -0.75249652325893       -0.51958694980234
C           -0.66505973009995        0.06953358844966        0.06021351156280
C           -1.08231261128676        0.81138306710561       -1.07194034294741
C           -2.39842754770863        0.89053749531917       -1.41514711992055
C           -3.38832347265953        0.22836435359870       -0.65493601421925
C           -4.75782285749146        0.28541934107606       -0.98309507202889
C           -5.68581673846372       -0.37404623855443       -0.22478344209245
C           -5.28600524610084       -1.11942893373504        0.89599193658705
C           -3.96525776085323       -1.19277791041675        1.24081696889140
C           -2.98264375115900       -0.52348700051959        0.47909668065589
C           -1.61546974140981       -0.58213084208268        0.81431093706450
H            0.62552784818985       -0.09960256594655        2.51284108309983
H            1.00169465403481       -1.63793363478681        1.72621334597956
H            2.25176030696577       -0.39506696308433        1.86844546426967
H            3.10845229981633        2.58331010710639       -0.40827742338797
H            5.57181242264909        2.58989089751295       -0.53661187594213
H            6.81280757708336        0.45850961593154       -0.66945586493982
H            5.57544589949129       -1.67946677973810       -0.66945346709294
H            3.11488124343299       -1.68579735551009       -0.52730250483064
H           -0.32273489695507        1.31324685477683       -1.65089813867436
H           -2.70610208758453        1.46290220075804       -2.27919677342121
H           -5.06123272417608        0.85979749040157       -1.84729485682031
H           -6.73409116092229       -0.32725040495608       -0.48271931279874
H           -6.03257746042963       -1.63478044132900        1.48305925220066
H           -3.65388226861227       -1.76535354225632        2.10358394129797
H           -1.33774770659653       -1.16812263859100        1.67804050295467
34
 energy: -49.112957634641 gnorm: 0.000064943102 xtb: 6.7.1 (edcfbbe)
C            1.18902579321968       -0.56594776596722        1.70530040291684
C            0.76930585964768        0.00841968077020        0.37765639193423
N            1.57746227736392        0.47252016854476       -0.48274607509090
C            2.94996924673502        0.44925142331949       -0.44356110992086
C            3.65695786877117        1.65473004954339       -0.46555672012062
C            5.03548194894941        1.65168917728133       -0.53436508750768
C            5.73437675105745        0.45640774482167       -0.60784416828786
C            5.03950068529228       -0.74202723720674       -0.60761175737110
C            3.66117076483028       -0.75230539868315       -0.51958476393051
C           -0.66503217579398        0.06898272667544        0.05999110119803
C           -1.08215698425197        0.81015748562282       -1.07265792530341
C           -2.39826303881114        0.88944864416014       -1.41584006408329
C           -3.38829559816250        0.22807890733083       -0.65510417980824
C           -4.75777408226923        0.28517743737243       -0.98332791611849
C           -5.68589979411281       -0.37362953344014       -0.22461197643091
C           -5.28625064521820       -1.11827195263955        0.89671244948293
C           -3.96552669481454       -1.19161165552990        1.24163361485193
C           -2.98276068533627       -0.52308392217933        0.47943824315743
C           -1.61557698127639       -0.58189232176464        0.81460441957357
H            0.62578177932880       -0.10116726886771        2.51254462526901
H            1.00196714883473       -1.63910557978866        1.72516048382425
H            2.25194153831353       -0.39620501730629        1.86786509928189
H            3.10772868135721        2.58333006997279       -0.40856593274990
H            5.57112693312647        2.59068735123976       -0.53626496570422
H            6.81282980134033        0.45966983715948       -0.66857602365480
H            5.57613648879837       -1.67867276164645       -0.66896668875822
H            3.11553265977897       -1.68577624566301       -0.52746864497962
H           -0.32247985325381        1.31149816743105       -1.65192576070139
H           -2.70583535475426        1.46135824551553       -2.28022220196700
H           -5.06105689984871        0.85904903380194       -1.84790936181281
H           -6.73417397136073       -0.32675572830342       -0.48256356778069
H           -6.03293806282494       -1.63304555185063        1.48414336705114
H           -3.65429703412488       -1.76362760135126        2.10482443350644
H           -1.33797837063066       -1.16733060817315        1.67874939123551
34
 energy: -49.112958180443 gnorm: 0.000066064148 xtb: 6.7.1 (edcfbbe)
C            1.18918752391979       -0.56725188589672        1.70478560463533
C            0.76935110711424        0.00758490987549        0.37738080886496
N            1.57745412833021        0.47197393827003       -0.48291847104027
C            2.94996691124832        0.44909796322854       -0.44365350834418
C            3.65644370421043        1.65488847747554       -0.46542488224988
C            5.03497655415990        1.65245753327334       -0.53395809378490
C            5.73439358363248        0.45747362428335       -0.60739892718562
C            5.04002824747908       -0.74125374825266       -0.60748212071725
C            3.66168067823556       -0.75214401588457       -0.51973412812313
C           -0.66499947735278        0.06829838679017        0.05978821961094
C           -1.08193960446567        0.80874412058488       -1.07341126166657
C           -2.39801789249185        0.88815012072544       -1.41664508463797
C           -3.38822886686311        0.22766270859821       -0.65538018413663
C           -4.75768450543963        0.28486651152911       -0.98368386294939
C           -5.68601585099586       -0.37301443026530       -0.22441062819521
C           -5.28659775309443       -1.11674978604611        0.89759780288722
C           -3.96590120629180       -1.19013669412655        1.24262914025832
C           -2.98291572207291       -0.52262063071077        0.47982498327309
C           -1.61573683756664       -0.58160683069567        0.81499760789452
H            0.62592265811092       -0.10297431935581        2.51229426195825
H            1.00231979739185       -1.64045546725946        1.72411038199124
H            2.25207536405233       -0.39740477298076        1.86739508093565
H            3.10677762697822        2.58323376053901       -0.40847466795531
H            5.57020991889620        2.59168845208537       -0.53569923336589
H            6.81285833311846        0.46119996512973       -0.66789270356371
H            5.57708932949203       -1.67765646365572       -0.66884165324940
H            3.11645914823423       -1.68585508263498       -0.52784474558597
H           -0.32210107669220        1.30928996895079       -1.65315943201859
H           -2.70541731977774        1.45938044279418       -2.28153810122295
H           -5.06077522715270        0.85802565449589       -1.84880635950756
H           -6.73424395868186       -0.32622488663955       -0.48253679521879
H           -6.03343395860863       -1.63083942858420        1.48543162985239
H           -3.65487212509828       -1.76143150992884        2.10637052348565
H           -1.33831323205787       -1.16639658550964        1.67963793027230
34
 energy: -49.112958817343 gnorm: 0.000062079406 xtb: 6.7.1 (edcfbbe)
C            1.18929861352504       -0.56872963852243        1.70433119936835
C            0.76939397687638        0.00659730408066        0.37716205872123
N            1.57748255641940        0.47121703842521       -0.48302601622020
C            2.94999848801022        0.44885484517520       -0.44366324092623
C            3.65582808197177        1.65504091930882       -0.46504217835466
C            5.03436167383933        1.65339475901967       -0.53340426809887
C            5.73443165198893        0.45880579556881       -0.60708360400529
C            5.04071682618534       -0.74029474806732       -0.60758100654367
C            3.66235714178134       -0.75197753762033       -0.51999507309005
C           -0.66495085818243        0.06739285237733        0.05953755360429
C           -1.08162865563442        0.80687465006963       -1.07439556455886
C           -2.39766902642639        0.88641366841167       -1.41772813298612
C           -3.38813462159051        0.22711381390739       -0.65576337132861
C           -4.75754986037263        0.28441604026531       -0.98420396194325
C           -5.68614313240273       -0.37230005226426       -0.22424670838396
C           -5.28703479101415       -1.11486944108954        0.89864392883686
C           -3.96637522360662       -1.18835614089168        1.24379909588224
C           -2.98311063341208       -0.52210877306580        0.48024765398216
C           -1.61593787292997       -0.58137314535953        0.81541722807533
H            0.62597415853736       -0.10497348097633        2.51208530435663
H            1.00263043146908       -1.64198497152291        1.72310476891996
H            2.25215471597290       -0.39875772823857        1.86702068531288
H            3.10561990964798        2.58305251271491       -0.40790502161364
H            5.56907885862046        2.59291822967534       -0.53481779861678
H            6.81290294158308        0.46313642275945       -0.66741440880904
H            5.57830836572603       -1.67638183994322       -0.66912155084493
H            3.11766716838930       -1.68599410403891       -0.52845412299307
H           -0.32161404442218        1.30663559391610       -1.65458046891844
H           -2.70485053052692        1.45691169494545       -2.28317967891784
H           -5.06040107435536        0.85672653190038       -1.84997226518293
H           -6.73435841182101       -0.32537315039034       -0.48243492380203
H           -6.03409556270290       -1.62792966259241        1.48710115445525
H           -3.65560023990638       -1.75873754602007        2.10823528384575
H           -1.33875102133699       -1.16536071171590        1.68067658197824
34
 energy: -49.112958821025 gnorm: 0.000053455150 xtb: 6.7.1 (edcfbbe)
C            1.18929176817439       -0.56873086042285        1.70432488164157
C            0.76938453123975        0.00659178803408        0.37717174362456
N            1.57749231265063        0.47120641903139       -0.48303394768093
C            2.95000380786309        0.44885315021024       -0.44366567063471
C            3.65582851823422        1.65504315730223       -0.46503755172817
C            5.03435776235859        1.65339062576626       -0.53340399492770
C            5.73443020172441        0.45881490521774       -0.60708021500034
C            5.04072456043347       -0.74029305939871       -0.60757913311730
C            3.66235225611003       -0.75197317372873       -0.51999907934578
C           -0.66494744308743        0.06738549629046        0.05953553558891
C           -1.08162314072041        0.80687094534581       -1.07439490721843
C           -2.39767303759160        0.88640676432890       -1.41772784551076
C           -3.38813160047658        0.22711060907422       -0.65577011691370
C           -4.75755079410507        0.28441677120542       -0.98420449944289
C           -5.68614829675987       -0.37229517782549       -0.22424207881339
C           -5.28703976563042       -1.11486108779110        0.89864965786993
C           -3.96637347872185       -1.18835152822948        1.24380069664227
C           -2.98311031979307       -0.52211170014792        0.48024541695383
C           -1.61594038864966       -0.58137442157104        0.81541690598313
H            0.62596837143503       -0.10497035499413        2.51208692038188
H            1.00262501694004       -1.64199099246675        1.72310377106208
H            2.25216570606618       -0.39875769562005        1.86701938596035
H            3.10561751571602        2.58304726760873       -0.40790334478532
H            5.56907935843797        2.59292697071479       -0.53481622364525
H            6.81290435801765        0.46314561401945       -0.66741599753746
H            5.57831148555440       -1.67637616449188       -0.66912007966210
H            3.11767152705874       -1.68599896676834       -0.52845077290071
H           -0.32161316126573        1.30662964217776       -1.65458796393394
H           -2.70485100238939        1.45690619746960       -2.28318654500979
H           -5.06040109464197        0.85672437172083       -1.84997226244831
H           -6.73435884096402       -0.32536826892799       -0.48243128296667
H           -6.03409668111777       -1.62792098509523        1.48710608358808
H           -3.65559894341556       -1.75873332453316        2.10823731371507
H           -1.33875106878394       -1.16536293330327        1.68067433141268
