$hessian                                                                        
        0.5242310339  -0.0086789454  -0.0162952637  -0.0776546354  -0.0280056214
       -0.0285575794   0.0004667999   0.0175892746   0.0219459902   0.0027278424
        0.0028899204   0.0012991069   0.0000359597   0.0000080569   0.0004748543
        0.0005215716   0.0001514544  -0.0000879244  -0.0002603114   0.0000567091
       -0.0000402525   0.0001566497  -0.0000832030  -0.0000644459  -0.0000316804
       -0.0000509001  -0.0000176855  -0.0087934281  -0.0185366306  -0.0166098124
       -0.0010011482  -0.0001565966  -0.0002852746   0.0005867335  -0.0002392044
       -0.0002509338   0.0001861759  -0.0001882414  -0.0001316565  -0.0000828878
       -0.0000335638  -0.0000636021  -0.0004086335  -0.0011723669  -0.0008076187
       -0.0048554335  -0.0008324519  -0.0002881508  -0.0805174487  -0.0256326525
        0.0834025673  -0.2800478793  -0.0148114259  -0.0204783250  -0.0727441473
        0.0787635216  -0.0223296993  -0.0000450166  -0.0000239826  -0.0000002356
        0.0000157932  -0.0000081326   0.0000374928  -0.0000464255   0.0000086558
        0.0000186524  -0.0000330277   0.0000291232  -0.0000040614  -0.0000145966
        0.0000240461   0.0000199345  -0.0016197745  -0.0008783231  -0.0008258473
       -0.0000931726   0.0000070093   0.0000138800  -0.0000306195  -0.0000371497
       -0.0000083801  -0.0000307645  -0.0000006825   0.0000306776  -0.0000420444
       -0.0000008489  -0.0000296536  -0.0004625302  -0.0002200547  -0.0001314668
       -0.0001129543   0.0000632066   0.0000647134
       -0.0086789454   0.4616627494  -0.0202546686  -0.0242767784  -0.1141181319
       -0.0509899771   0.0123681913  -0.0086094776  -0.0365149355  -0.0049690794
       -0.0040586069   0.0037419948   0.0001081405   0.0001229664   0.0000963088
       -0.0005287933  -0.0005254704   0.0001064847   0.0003925470   0.0000215455
       -0.0000044687  -0.0006105336  -0.0002620359  -0.0004970999   0.0014509177
        0.0001767847   0.0001713544  -0.0091654837  -0.0052758172  -0.0094678185
        0.0008496945  -0.0010222445  -0.0003472612  -0.0000691824  -0.0004390480
        0.0002323931   0.0004296974  -0.0000976148  -0.0001194898  -0.0000872274
        0.0000817156  -0.0001059170  -0.0007592757  -0.0004443542   0.0001007037
       -0.0006852482   0.0017509278  -0.0003500456  -0.0271204418  -0.0544683062
        0.0604570435  -0.0146504402  -0.0441819810  -0.0004033389   0.0759869537
       -0.2317091746   0.0542619956  -0.0000892315   0.0003328597  -0.0000547964
        0.0000160333   0.0001539970  -0.0000623169   0.0001399995   0.0000863595
        0.0000585347   0.0001744242  -0.0000621095   0.0000325323   0.0000542364
        0.0000470355  -0.0000405211  -0.0002187762   0.0006785803  -0.0003164838
       -0.0000569459   0.0000123913  -0.0000084631  -0.0000083548   0.0000203174
        0.0000236360  -0.0000345039  -0.0000159763   0.0000052849  -0.0000624710
       -0.0000331667  -0.0000026656  -0.0001204870  -0.0000868649   0.0001064813
        0.0002213644   0.0002621505   0.0001455198
       -0.0162952637  -0.0202546686   0.4684157531  -0.0251029998  -0.0524772230
       -0.1177429626   0.0130483142  -0.0395784628  -0.0200090244  -0.0041357399
        0.0034832146  -0.0016970201   0.0012695122   0.0001544948  -0.0004638823
       -0.0003259792   0.0001137017  -0.0005293128   0.0000545833   0.0001943150
       -0.0000423354  -0.0005020455   0.0000202584   0.0003833247  -0.0002093058
       -0.0001865285   0.0002758572  -0.0063734337  -0.0079519035  -0.0029940844
        0.0007457906  -0.0000805966  -0.0008650060  -0.0000259718   0.0000205597
       -0.0003022161   0.0003603336  -0.0001060744  -0.0000221030  -0.0000891280
       -0.0000107827   0.0000061786  -0.0005028857  -0.0000488579  -0.0002405060
       -0.0000922412  -0.0001013946   0.0014362642   0.0818311025   0.0560802265
       -0.2267500499  -0.0203507141  -0.0000422806  -0.0463474519  -0.0238323813
        0.0605355073  -0.0527981700   0.0002962793  -0.0001261022  -0.0003445343
        0.0002708356   0.0001654138  -0.0000718096   0.0001703538   0.0000070175
       -0.0000054852   0.0001125141  -0.0000996479  -0.0000405110  -0.0000371520
        0.0000667417   0.0000276011  -0.0002139157  -0.0001793717   0.0005842628
       -0.0000701482   0.0000149976   0.0000267193  -0.0000260183  -0.0000109342
        0.0000016589  -0.0000533614  -0.0000172272   0.0000128502  -0.0000355886
       -0.0000005076  -0.0000024045  -0.0001478766   0.0000496815  -0.0000741512
        0.0002625313   0.0003664341   0.0001725504
       -0.0776546354  -0.0242767784  -0.0251029998   0.6427468837  -0.0696835424
       -0.1502099363  -0.2686817713   0.1331534405   0.1815048908  -0.0666663946
        0.0142919825   0.0252878751   0.0049890384   0.0072067918  -0.0011468314
       -0.0028743291  -0.0013730153  -0.0011461769   0.0017085747   0.0004321713
       -0.0002173011  -0.0039059830  -0.0002350251  -0.0013576491   0.0021346606
       -0.0048838740   0.0009972669  -0.1757260009  -0.0349946790  -0.0177585351
       -0.0398086792   0.0037475616   0.0086958166   0.0031071412   0.0060346788
        0.0054099281  -0.0060680977  -0.0010815206  -0.0007767366   0.0015811862
        0.0001925241   0.0009106522   0.0081003884  -0.0020338928  -0.0019933741
       -0.0205466130  -0.0227132349  -0.0184949134   0.0033056459   0.0072216834
        0.0091103365  -0.0120972953  -0.0215510230  -0.0221259209   0.0033125705
        0.0084089984   0.0071263112   0.0002070225  -0.0000347815   0.0003516991
        0.0001690768   0.0004019451  -0.0003207383   0.0005450181   0.0002149048
        0.0003060456   0.0000038937  -0.0003098504   0.0002048054   0.0000597703
        0.0003357546   0.0006576884   0.0009898580  -0.0004711833  -0.0010285734
       -0.0003368973  -0.0003187360  -0.0003267029   0.0002429200   0.0002157166
       -0.0002555677   0.0001641186   0.0002315771  -0.0001765592   0.0004275976
       -0.0000042345   0.0001318194   0.0000731614   0.0003456715   0.0003780264
        0.0004981702   0.0015299691   0.0013653545
       -0.0280056214  -0.1141181319  -0.0524772230  -0.0696835424   0.3821108016
        0.2481694572   0.1593985865  -0.1607006690  -0.1535409529   0.0056394954
       -0.0002683515   0.0010519739  -0.0055769209  -0.0023261712  -0.0017666295
        0.0000720102  -0.0005979739  -0.0001489750   0.0000555040  -0.0003328976
        0.0000737254   0.0008781145   0.0005373343   0.0002301628  -0.0021531511
        0.0014214429   0.0009220670  -0.0475497771  -0.0745772784  -0.0124474214
        0.0112075171   0.0044564991   0.0035758860   0.0024977857   0.0021204360
       -0.0045577994  -0.0002124549  -0.0008396394  -0.0008345656   0.0003710504
       -0.0006577553   0.0009346053  -0.0014982075  -0.0008722351  -0.0062541995
       -0.0228859541  -0.0085596603  -0.0047335861   0.0046315673   0.0045123432
        0.0021675224  -0.0051983135  -0.0038896354  -0.0031595965  -0.0031518539
       -0.0235892232  -0.0193814505   0.0003430921  -0.0003343846   0.0005338279
       -0.0002802316  -0.0002510036   0.0003371490  -0.0002221161  -0.0000839331
        0.0000745787  -0.0002227476   0.0000616833  -0.0001260401   0.0004114426
       -0.0004170344   0.0002538640   0.0010462359  -0.0013231253   0.0006863603
        0.0009915736   0.0001258538  -0.0001622162  -0.0000101719  -0.0000028660
       -0.0000960676   0.0000139665   0.0000557259  -0.0000033049   0.0003705351
        0.0000364196   0.0001529939  -0.0010266092  -0.0003583256  -0.0003102241
       -0.0002508036  -0.0013382449   0.0008360784
       -0.0285575794  -0.0509899771  -0.1177429626  -0.1502099363   0.2481694572
        0.4403437661   0.2109062213  -0.1467462009  -0.2306510580   0.0098445555
       -0.0036648866  -0.0048959920  -0.0025214033  -0.0016301730  -0.0005515618
       -0.0000766203   0.0002411333   0.0004860887   0.0001750661  -0.0002757777
        0.0000501113   0.0005094417   0.0003255344   0.0006650134  -0.0041173270
        0.0008569709   0.0002890490  -0.0296495135  -0.0125124260  -0.0641956623
        0.0132093214   0.0039532713   0.0007385278   0.0022593673  -0.0048636296
        0.0031224163   0.0006108564  -0.0006568842  -0.0004885226  -0.0001162033
        0.0007660205  -0.0009960971  -0.0015249412  -0.0064663452   0.0021128889
       -0.0169709560  -0.0046325386  -0.0020800867  -0.0023613794  -0.0185925418
       -0.0233609604  -0.0051024516  -0.0051248523  -0.0032176167   0.0037467409
        0.0008110447   0.0044541159   0.0001322970   0.0001271400   0.0001458915
       -0.0002738506  -0.0002796573   0.0002034831  -0.0003224463  -0.0000812382
       -0.0000954255  -0.0002910954   0.0002229979  -0.0001281655   0.0002846168
       -0.0000222633  -0.0000402569   0.0006490807   0.0007775215  -0.0018621298
        0.0008943499  -0.0000605571   0.0000977567   0.0001529498   0.0001757542
        0.0000531483   0.0002019684   0.0000081459  -0.0000689315  -0.0001670500
       -0.0000565531  -0.0000512845  -0.0008154023  -0.0004056021  -0.0002119759
       -0.0004986773   0.0006271124  -0.0021235674
        0.0004667999   0.0123681913   0.0130483142  -0.2686817713   0.1593985865
        0.2109062213   0.6772877757  -0.1230930557  -0.2579799490  -0.2505730930
       -0.0457785749   0.0033349355  -0.0397986223  -0.0299647073   0.0083237092
        0.0048886160   0.0000636735   0.0025476860  -0.0047384718  -0.0022077054
        0.0010906607   0.0063184455   0.0046913203  -0.0020091179  -0.0561993343
        0.0174693286   0.0012409764  -0.0656431544   0.0087576283   0.0195083606
        0.0011428876  -0.0050397239  -0.0048270414  -0.0039633247  -0.0015521043
       -0.0013037585   0.0025075661   0.0014294409   0.0010404019  -0.0008753877
       -0.0001289647  -0.0004075339  -0.0022577592   0.0016706639   0.0012355956
       -0.0004274394   0.0041493547   0.0051745620   0.0004354538   0.0001101005
       -0.0003498517   0.0006342803  -0.0011223249  -0.0002994170  -0.0000264595
       -0.0007913775  -0.0000599064   0.0018833647   0.0018543208   0.0000010843
       -0.0006975088  -0.0004815952   0.0004011086  -0.0000704651  -0.0000896092
       -0.0001314786  -0.0009699259   0.0002092159  -0.0002846254   0.0013812602
       -0.0016782237  -0.0009111442   0.0001769158   0.0000031553   0.0002256750
       -0.0007922610   0.0000114028   0.0001373010  -0.0000991838  -0.0001255369
        0.0001158917  -0.0001148342  -0.0000988561   0.0000839015  -0.0001916546
        0.0000063223  -0.0000530374   0.0000234835  -0.0000881268  -0.0000930091
       -0.0010261980   0.0000477809   0.0002934847
        0.0175892746  -0.0086094776  -0.0395784628   0.1331534405  -0.1607006690
       -0.1467462009  -0.1230930557   0.2448044752   0.1687938779  -0.0275350234
       -0.0667495070   0.0025043684  -0.0335198475  -0.0086072793   0.0098623524
        0.0020881573  -0.0027722555   0.0051216177  -0.0018580251   0.0017354038
       -0.0005092628   0.0025991726  -0.0038305269   0.0045727769   0.0258171713
        0.0048085965  -0.0035998730   0.0143210498   0.0017872597   0.0097765881
       -0.0035418763   0.0011914002   0.0008254737   0.0007452364   0.0013519393
        0.0000035407  -0.0012467326  -0.0000401380   0.0001654183   0.0000909977
        0.0000668662   0.0002109445   0.0018805985   0.0004919488  -0.0000562239
       -0.0048062280  -0.0038819904  -0.0038581281  -0.0014922305  -0.0049169933
       -0.0050421784   0.0013309787   0.0012533388   0.0012877443   0.0000694879
        0.0003094309  -0.0000331788  -0.0011381223   0.0007748374  -0.0018407753
       -0.0011649631  -0.0003742390  -0.0002238396   0.0000493221  -0.0001696399
       -0.0008984203   0.0015119192   0.0000468742  -0.0001213111  -0.0000530786
        0.0010080233  -0.0022334342  -0.0003292331   0.0001197225   0.0004430177
       -0.0001536315   0.0000479676   0.0000770907   0.0000379715  -0.0000236456
       -0.0000335834  -0.0000916897   0.0000230388   0.0000337186  -0.0000171726
        0.0000152626  -0.0000383809   0.0000038590   0.0000475402   0.0000530538
       -0.0012477270   0.0007924356   0.0010816700
        0.0219459902  -0.0365149355  -0.0200090244   0.1815048908  -0.1535409529
       -0.2306510580  -0.2579799490   0.1687938779   0.2991392236   0.0255321493
        0.0106121748  -0.0547335140   0.0166164308   0.0032141313   0.0022879090
        0.0020472603   0.0047332226   0.0052705208  -0.0009368351  -0.0006359435
        0.0000416047   0.0011287344   0.0039954582   0.0044676831  -0.0064725428
        0.0013391362   0.0032072542   0.0222789968   0.0073202776  -0.0011988317
       -0.0033378298   0.0006321110   0.0025649679   0.0012958836   0.0006367391
        0.0011234092  -0.0013360528  -0.0001943566  -0.0002575095   0.0001593346
        0.0000658746   0.0002656378   0.0016056944   0.0002351490  -0.0002233973
       -0.0033276641  -0.0046237271  -0.0023110003  -0.0003845843  -0.0019455618
       -0.0017969555   0.0017690674   0.0020459525   0.0017402531  -0.0006326161
       -0.0038858863  -0.0045582557  -0.0001600911  -0.0017458140  -0.0015477846
        0.0007922893   0.0001987228  -0.0003048184   0.0000004105  -0.0006064773
       -0.0013398313  -0.0002875971  -0.0001065260   0.0001615242  -0.0005797614
       -0.0013917679  -0.0019436674  -0.0003956574   0.0004455693  -0.0001025044
       -0.0000143395   0.0001023930  -0.0000571781   0.0000276131   0.0000179307
       -0.0000470314  -0.0000868343   0.0000186314   0.0000066881   0.0000669297
       -0.0000051802  -0.0000128233   0.0000282969   0.0000635238   0.0000968731
       -0.0008676171   0.0007262532   0.0007216366
        0.0027278424  -0.0049690794  -0.0041357399  -0.0666663946   0.0056394954
        0.0098445555  -0.2505730930  -0.0275350234   0.0255321493   0.6335623737
       -0.0172149709  -0.0349831756  -0.1015662299  -0.0794571168   0.0414942568
       -0.0192945249  -0.0298820613   0.0132855201   0.0061188781   0.0108872555
       -0.0052039033  -0.0530877909   0.0125075796  -0.0001563054  -0.1546869855
        0.1216360715  -0.0442892357   0.0047248296   0.0031022357   0.0038816687
       -0.0033927467   0.0006910641   0.0013791107   0.0005355075   0.0010773092
        0.0007054576  -0.0010449235  -0.0003702676  -0.0003167665   0.0005329349
       -0.0000395024   0.0002049755   0.0011091531  -0.0005507157  -0.0007111700
       -0.0005596547  -0.0002421975  -0.0007773315  -0.0004671491  -0.0002828215
       -0.0006714370   0.0008148472   0.0000729449  -0.0005012064   0.0001570407
       -0.0007749788  -0.0003660676   0.0043809447   0.0152677601  -0.0088888649
       -0.0053494131  -0.0005214066   0.0012957487   0.0009457739   0.0001438809
       -0.0003462404  -0.0053151987  -0.0007669144   0.0014779809   0.0062048461
       -0.0064815518   0.0036976528   0.0000718906  -0.0004181962  -0.0003986813
        0.0002171682  -0.0001291667  -0.0001885699   0.0000438043   0.0000926658
       -0.0000601014   0.0001499207   0.0000593741  -0.0000910348   0.0001491841
       -0.0000168231   0.0000587038   0.0001638663   0.0000854940   0.0000970623
       -0.0006067017  -0.0016103367  -0.0008690109
        0.0028899204  -0.0040586069   0.0034832146   0.0142919825  -0.0002683515
       -0.0036648866  -0.0457785749  -0.0667495070   0.0106121748  -0.0172149709
        0.5557543454  -0.1588727623  -0.0238812227  -0.2346151023   0.0794565119
       -0.0816966787   0.0103521666   0.0003819780   0.0109896262  -0.0556447948
        0.0194089623   0.0627481923   0.0347581120  -0.0205616966   0.0680004212
       -0.2048751360   0.0540580836   0.0005936722   0.0069480308  -0.0080199781
       -0.0001729308   0.0004022676  -0.0001701395   0.0001479244  -0.0005179530
        0.0009315817  -0.0001415960  -0.0000389804  -0.0000933120   0.0000540771
        0.0000795853  -0.0000717669   0.0001497060  -0.0003699037   0.0002162126
       -0.0004206219   0.0000644918   0.0003697478   0.0004185732   0.0004485713
        0.0004900360   0.0003693567  -0.0000238252  -0.0008349800  -0.0001289805
       -0.0011350256  -0.0008651548  -0.0053722422  -0.0222474648   0.0097358917
       -0.0001568372   0.0024546085   0.0022635435   0.0002680203  -0.0004213258
        0.0006277410  -0.0012098237   0.0023395880   0.0028797742   0.0151882709
       -0.0225678621   0.0089218352   0.0000277695   0.0000704441  -0.0002884992
        0.0000448910  -0.0000652013   0.0000026725   0.0000057306   0.0000299831
       -0.0000148257   0.0000277344  -0.0000056868  -0.0000279677   0.0000035551
       -0.0000017367  -0.0000022230  -0.0000089643   0.0000096624  -0.0000236753
       -0.0000359801  -0.0001053930  -0.0003280938
        0.0012991069   0.0037419948  -0.0016970201   0.0252878751   0.0010519739
       -0.0048959920   0.0033349355   0.0025043684  -0.0547335140  -0.0349831756
       -0.1588727623   0.2092090220   0.0165444376   0.0855174232  -0.0854515865
        0.0325169365  -0.0021338177  -0.0034207550  -0.0044427161   0.0182714072
       -0.0131156193  -0.0217506685  -0.0145557598   0.0058459013  -0.0177520898
        0.0477971967  -0.0660300938   0.0012569719  -0.0075328726   0.0047664324
        0.0010169931  -0.0002240178   0.0003274727  -0.0000785320   0.0003254016
       -0.0008637811   0.0000172497   0.0000843377   0.0001267108  -0.0000348553
       -0.0000730248   0.0000415356   0.0000276626   0.0002193862  -0.0003057784
       -0.0007689677   0.0001785596  -0.0000459356   0.0001723364  -0.0004415343
       -0.0006030889   0.0000961573  -0.0002592714  -0.0006435768   0.0003736495
        0.0006215423   0.0005305552   0.0019720830   0.0085277700  -0.0021215368
        0.0013631286   0.0025461082   0.0071921865  -0.0001446209   0.0002996774
        0.0001943504   0.0011514657   0.0024549554   0.0071952158  -0.0064612471
        0.0100181776  -0.0019680483   0.0000400504  -0.0001100344   0.0002060419
       -0.0000046190   0.0000383911  -0.0000154069  -0.0000219558  -0.0000300301
       -0.0000057025  -0.0000186148  -0.0000054628   0.0000105669  -0.0000223238
        0.0000157007  -0.0000058036  -0.0000847032  -0.0000556840  -0.0000269259
        0.0000980499   0.0000799000   0.0003041741
        0.0000359597   0.0001081405   0.0012695122   0.0049890384  -0.0055769209
       -0.0025214033  -0.0397986223  -0.0335198475   0.0166164308  -0.1015662299
       -0.0238812227   0.0165444376   0.6724175079  -0.0246912842  -0.0338406926
       -0.3319349397  -0.0626529171   0.0493586499  -0.0529541824   0.0671250961
       -0.0231219923  -0.0363869600  -0.0312122891   0.0147529407   0.0492360901
       -0.0065450675  -0.0002840782  -0.0018565187   0.0015176628  -0.0014024612
        0.0004086071  -0.0003267866  -0.0005765960  -0.0002662099  -0.0004323772
       -0.0000452028   0.0003764227   0.0001902610   0.0001780357  -0.0001740870
        0.0000146703  -0.0001103522  -0.0001668254   0.0001676505   0.0002359103
       -0.0000601520   0.0002935975   0.0004375162   0.0000398045   0.0000516126
       -0.0000081511  -0.0001711947   0.0002531344   0.0007261510  -0.0000133797
       -0.0000193249  -0.0000177251  -0.1452266549   0.1168910041  -0.0402297258
       -0.0132656767  -0.0039854033   0.0029573648  -0.0015477057   0.0032736745
       -0.0003195185   0.0000598165  -0.0007743764   0.0002594194  -0.0019120857
        0.0034613094  -0.0010365478   0.0000136471   0.0000580249   0.0000043716
       -0.0001246586   0.0000220118   0.0000538170  -0.0000269394  -0.0000393479
        0.0000288859  -0.0000429210  -0.0000179763   0.0000339143  -0.0000754702
        0.0000010507  -0.0000341608  -0.0000778597  -0.0000680235  -0.0000515340
        0.0000723797   0.0003142640   0.0001427843
        0.0000080569   0.0001229664   0.0001544948   0.0072067918  -0.0023261712
       -0.0016301730  -0.0299647073  -0.0086072793   0.0032141313  -0.0794571168
       -0.2346151023   0.0855174232  -0.0246912842   0.5549999497  -0.1822786325
        0.0074333876  -0.0894528098   0.0185753997   0.0128649043   0.0320232323
       -0.0138470473  -0.0260946998  -0.0180382418   0.0072073167   0.0363176263
       -0.0484416565   0.0183367268  -0.0009394368  -0.0005951336  -0.0000178349
        0.0005157153  -0.0000992398  -0.0002161965  -0.0001626176  -0.0000682397
       -0.0001140621   0.0000834128   0.0000480961   0.0000178279  -0.0000368852
       -0.0000066228   0.0000091212  -0.0000942650   0.0000641604   0.0000772893
        0.0002249162   0.0000474795   0.0001499502   0.0000375416   0.0000057092
        0.0001751767  -0.0002327815   0.0006353579   0.0003660888   0.0002806208
       -0.0001200525  -0.0000719657   0.1169981441  -0.1768606247   0.0527233589
       -0.0261577937  -0.0055357852   0.0048613528   0.0036823490  -0.0017494450
        0.0034332857  -0.0007023214   0.0003135602  -0.0002779262   0.0029924690
       -0.0020222488   0.0034310264  -0.0000122955   0.0000259116   0.0000117726
       -0.0000100057   0.0000122812   0.0000072177  -0.0000002721  -0.0000001663
        0.0000058945  -0.0000132704   0.0000045618   0.0000052055   0.0000088019
       -0.0000036881   0.0000078918  -0.0000316144   0.0000009174   0.0000023989
       -0.0000533702   0.0002383235   0.0001634866
        0.0004748543   0.0000963088  -0.0004638823  -0.0011468314  -0.0017666295
       -0.0005515618   0.0083237092   0.0098623524   0.0022879090   0.0414942568
        0.0794565119  -0.0854515865  -0.0338406926  -0.1822786325   0.1851442818
        0.0194509997   0.0238961399  -0.0547212578  -0.0002260297  -0.0192991453
        0.0093312153   0.0137619066   0.0088180377  -0.0093569297  -0.0189726497
        0.0202622151  -0.0055879381  -0.0001476858   0.0001088898   0.0002846231
       -0.0001538301   0.0000927725   0.0000878118   0.0000448826   0.0001581241
        0.0000872890  -0.0001553206  -0.0000693296  -0.0000624311   0.0000885497
        0.0000043878   0.0000602752   0.0000406866  -0.0000966222  -0.0000594255
        0.0001383102  -0.0000291390  -0.0000319405   0.0002242068   0.0001268812
       -0.0000701792   0.0008149620  -0.0004213181  -0.0006172952  -0.0004357221
        0.0001128011   0.0000552975  -0.0404091869   0.0514822516  -0.0508869280
        0.0115789037   0.0029107506  -0.0013352251  -0.0008558471   0.0034973382
        0.0060192149   0.0002591389  -0.0001678515  -0.0000674784  -0.0004860241
        0.0033261243   0.0059691699  -0.0000493461   0.0000020938   0.0000119766
        0.0000499471  -0.0000162908  -0.0000183822   0.0000163205   0.0000217626
       -0.0000017707   0.0000175858   0.0000072792  -0.0000080343   0.0000420453
       -0.0000107220   0.0000279052   0.0000486460   0.0000422601   0.0000415147
        0.0000092543  -0.0001296024  -0.0001162375
        0.0005215716  -0.0005287933  -0.0003259792  -0.0028743291   0.0000720102
       -0.0000766203   0.0048886160   0.0020881573   0.0020472603  -0.0192945249
       -0.0816966787   0.0325169365  -0.3319349397   0.0074333876   0.0194509997
        0.6549239377  -0.0103318366  -0.0387672506  -0.1879304707   0.0738757407
       -0.0191815282   0.0546916678   0.0448171947  -0.0221147461  -0.0537666915
        0.0187542207  -0.0041345700   0.0003965677   0.0005480662  -0.0001624466
       -0.0002199911   0.0001408159   0.0001483329   0.0000448133   0.0001237647
        0.0001449029  -0.0001767218  -0.0000639899  -0.0000509892   0.0000694306
        0.0000051754   0.0000336686   0.0001140664  -0.0000688258  -0.0000557029
        0.0000702825  -0.0000990053  -0.0001880126   0.0002142686   0.0000916456
       -0.0000139650  -0.0001325516  -0.0001477431   0.0005362804  -0.0001660774
       -0.0000365595  -0.0000914653  -0.0219312728   0.0002568681   0.0022553667
       -0.0748069436  -0.0752606218   0.0336920247  -0.0227990720   0.0216444960
       -0.0072145273   0.0003928134  -0.0022705822   0.0015146964  -0.0003543517
        0.0007361009   0.0000719803  -0.0000496302  -0.0000237076  -0.0000355522
        0.0000352010  -0.0000253287  -0.0000275867   0.0000122145   0.0000184464
       -0.0000120435   0.0000130579   0.0000055263  -0.0000181141   0.0000232690
       -0.0000108096   0.0000080844   0.0000212253   0.0000270899   0.0000302152
        0.0000045649  -0.0000742245   0.0000203511
        0.0001514544  -0.0005254704   0.0001137017  -0.0013730153  -0.0005979739
        0.0002411333   0.0000636735  -0.0027722555   0.0047332226  -0.0298820613
        0.0103521666  -0.0021338177  -0.0626529171  -0.0894528098   0.0238961399
       -0.0103318366   0.5863237822  -0.1925673939   0.1469099609  -0.2133777268
        0.0568139955  -0.0107976756  -0.0570842698   0.0241459883   0.0235857588
       -0.0056803717  -0.0010151909  -0.0001628928   0.0007227794  -0.0004546692
       -0.0000637034   0.0000034071  -0.0000248873  -0.0000066498  -0.0000345156
        0.0000807909  -0.0000274531   0.0000048316  -0.0000066520   0.0000117596
        0.0000114198   0.0000059706  -0.0000192580  -0.0000221227   0.0000047674
        0.0000235511  -0.0000280157   0.0000242505   0.0000662124   0.0000571695
       -0.0000328282  -0.0000428012   0.0000278463   0.0001101344  -0.0000535359
       -0.0001149277  -0.0000305796   0.0223321838   0.0010285109  -0.0025051048
       -0.0754597663  -0.2281674518   0.0850964963  -0.0009435704   0.0019819804
       -0.0005563875  -0.0017419894  -0.0033084899   0.0044952613   0.0004263057
        0.0006009420  -0.0004122846  -0.0000101455   0.0000048056  -0.0000119914
       -0.0000002291  -0.0000054487   0.0000015821  -0.0000011387   0.0000064776
       -0.0000059846  -0.0000006122  -0.0000051291  -0.0000059994   0.0000042472
        0.0000054717   0.0000018064   0.0000065512   0.0000185629  -0.0000006565
       -0.0000104072   0.0000268253  -0.0000008134
       -0.0000879244   0.0001064847  -0.0005293128  -0.0011461769  -0.0001489750
        0.0004860887   0.0025476860   0.0051216177   0.0052705208   0.0132855201
        0.0003819780  -0.0034207550   0.0493586499   0.0185753997  -0.0547212578
       -0.0387672506  -0.1925673939   0.1970867836  -0.0493225066   0.0639066595
       -0.0688050497  -0.0004313746   0.0193349215  -0.0066150853  -0.0050873724
       -0.0011232121  -0.0040171627  -0.0001639311   0.0000160836   0.0000464529
       -0.0000034187  -0.0000071944  -0.0000255693  -0.0000093120  -0.0000282825
       -0.0000080841   0.0000398719   0.0000024828   0.0000099243  -0.0000138063
        0.0000044928  -0.0000188433  -0.0000040795   0.0000049011   0.0000200736
        0.0000441342   0.0000347488   0.0000109110  -0.0000437275  -0.0000603321
       -0.0000108672   0.0001183067  -0.0000872767  -0.0000819829   0.0000553464
        0.0000852019   0.0000188417  -0.0075322047  -0.0003119731   0.0006428257
        0.0338346125   0.0851129013  -0.0717732983   0.0022065852  -0.0025645923
        0.0007289825   0.0012876270   0.0046283591   0.0057971523  -0.0001379851
       -0.0003715325  -0.0000285591   0.0000043764  -0.0000104396   0.0000052125
       -0.0000001496  -0.0000030974   0.0000074130   0.0000010755   0.0000007058
       -0.0000072571  -0.0000002366   0.0000004073   0.0000010889  -0.0000049093
        0.0000058922  -0.0000045472   0.0000023885   0.0000022528  -0.0000086417
       -0.0000298144  -0.0000411890  -0.0000559981
       -0.0002603114   0.0003925470   0.0000545833   0.0017085747   0.0000555040
        0.0001750661  -0.0047384718  -0.0018580251  -0.0009368351   0.0061188781
        0.0109896262  -0.0044427161  -0.0529541824   0.0128649043  -0.0002260297
       -0.1879304707   0.1469099609  -0.0493225066   0.6704615490  -0.0119717712
       -0.0381754363  -0.1232194512  -0.1060505566   0.0489555823  -0.0187930210
       -0.0289463416   0.0134625151  -0.0000206450  -0.0002017921   0.0000427065
        0.0001325426  -0.0000501232  -0.0000561406  -0.0000426512  -0.0000262033
       -0.0000340173   0.0000309940   0.0000229609   0.0000203515  -0.0000418403
        0.0000034710  -0.0000010769  -0.0000464004   0.0000116240   0.0000154154
        0.0000456347  -0.0000083118  -0.0000038453   0.0000140782  -0.0000380502
       -0.0000570549  -0.0001665960   0.0000474830  -0.0000333958   0.0001237195
       -0.0000259521   0.0000439992  -0.0054849743  -0.0004427889   0.0013451081
        0.0059953625  -0.0070468742   0.0023657534  -0.2909136942  -0.0302825901
        0.0325444015   0.0056184972   0.0165129001  -0.0071050245  -0.0056067398
       -0.0009773200   0.0012459592   0.0000015313   0.0000036682   0.0000156299
       -0.0000179888   0.0000013198   0.0000085264  -0.0000017040  -0.0000026068
        0.0000046263  -0.0000074505  -0.0000086888   0.0000024803  -0.0000020077
        0.0000038964   0.0000051345  -0.0000150546   0.0000041108   0.0000002533
        0.0000122936   0.0001140194   0.0000859869
        0.0000567091   0.0000215455   0.0001943150   0.0004321713  -0.0003328976
       -0.0002757777  -0.0022077054   0.0017354038  -0.0006359435   0.0108872555
       -0.0556447948   0.0182714072   0.0671250961   0.0320232323  -0.0192991453
        0.0738757407  -0.2133777268   0.0639066595  -0.0119717712   0.5704918028
       -0.1854833750  -0.0327950506  -0.2583005878   0.0880746210  -0.0832625633
        0.0085645794   0.0037642123  -0.0001223854   0.0001067057  -0.0000670466
        0.0000184477  -0.0000091840  -0.0000339395  -0.0000135883   0.0000116522
        0.0000031595  -0.0000144498   0.0000020238   0.0000054286   0.0000059546
       -0.0000009609   0.0000151555  -0.0000170837   0.0000139550   0.0000209407
        0.0000924181  -0.0000411746  -0.0000459908   0.0001601035   0.0001129107
        0.0000397006   0.0000388969  -0.0000354057   0.0002380830  -0.0001399581
        0.0001149692  -0.0000018677  -0.0011569114   0.0024295535   0.0025463662
        0.0154284863  -0.0222892739   0.0082154365  -0.0302372619  -0.0461159796
        0.0081139882  -0.0059681289  -0.0220620659   0.0096880733  -0.0002403084
        0.0025159912   0.0026278978  -0.0000242520   0.0000348277   0.0000139109
       -0.0000048557   0.0000111420  -0.0000024306   0.0000043804   0.0000020832
        0.0000116131  -0.0000051331  -0.0000004674   0.0000027274  -0.0000001729
       -0.0000083332  -0.0000027598   0.0000098792   0.0000014164   0.0000226319
        0.0000460407   0.0000250576   0.0000719485
       -0.0000402525  -0.0000044687  -0.0000423354  -0.0002173011   0.0000737254
        0.0000501113   0.0010906607  -0.0005092628   0.0000416047  -0.0052039033
        0.0194089623  -0.0131156193  -0.0231219923  -0.0138470473   0.0093312153
       -0.0191815282   0.0568139955  -0.0688050497  -0.0381754363  -0.1854833750
        0.1895172644   0.0191670514   0.0936142534  -0.0865706700   0.0351549849
       -0.0008333469  -0.0010711554   0.0000506481  -0.0000412972   0.0000352746
       -0.0000149219   0.0000137851   0.0000134279   0.0000068967   0.0000011500
       -0.0000079947   0.0000056684  -0.0000017727   0.0000029023   0.0000021089
       -0.0000046950  -0.0000001833   0.0000114141  -0.0000067132   0.0000012798
       -0.0000396662   0.0000055120   0.0000289333  -0.0000805059  -0.0000239684
       -0.0000044865  -0.0000272683   0.0000334413  -0.0001000872   0.0000698934
       -0.0000390337  -0.0000240446   0.0015830932   0.0023700175   0.0068371330
       -0.0067554671   0.0100195222  -0.0028114745   0.0325456592   0.0082067483
       -0.0377152417   0.0020400342   0.0079653135  -0.0025780532   0.0011398846
        0.0023069357   0.0070132161   0.0000071416  -0.0000000933  -0.0000193035
        0.0000025683   0.0000056045  -0.0000074218  -0.0000006527  -0.0000044756
        0.0000086278  -0.0000007970   0.0000032869   0.0000032460   0.0000004795
       -0.0000076984   0.0000036758  -0.0000001865  -0.0000122176   0.0000093395
       -0.0000183079  -0.0000227877  -0.0000241311
        0.0001566497  -0.0006105336  -0.0005020455  -0.0039059830   0.0008781145
        0.0005094417   0.0063184455   0.0025991726   0.0011287344  -0.0530877909
        0.0627481923  -0.0217506685  -0.0363869600  -0.0260946998   0.0137619066
        0.0546916678  -0.0107976756  -0.0004313746  -0.1232194512  -0.0327950506
        0.0191670514   0.6623298747  -0.0206975807  -0.0319763318  -0.3353764173
       -0.0654810933   0.0459570414   0.0005708835   0.0000121364   0.0003855104
       -0.0002266597   0.0001080012   0.0001891776   0.0000457947   0.0001252301
        0.0000708927  -0.0001565145  -0.0000501223  -0.0000567857   0.0000762693
       -0.0000067925   0.0000343982   0.0001249894  -0.0000678819  -0.0000923009
       -0.0000413942  -0.0000758241  -0.0000948781  -0.0001917073  -0.0000946370
       -0.0001319306  -0.0001329537   0.0001444362  -0.0002638955   0.0001504387
       -0.0002192897  -0.0000620633   0.0000344092  -0.0008888619   0.0001890757
       -0.0015830087   0.0038669696  -0.0007733534  -0.0138258489  -0.0259086200
        0.0114693202  -0.1437911868   0.1171442337  -0.0388305889  -0.0125885711
       -0.0037281437   0.0022538753   0.0000044660  -0.0000597411  -0.0000544359
        0.0000380289  -0.0000204837  -0.0000258053   0.0000080004   0.0000168416
       -0.0000164505   0.0000190023   0.0000095439  -0.0000148819   0.0000256121
        0.0000007673   0.0000099470   0.0000078566   0.0000230425   0.0000104685
       -0.0000879413  -0.0000796503  -0.0000590510
       -0.0000832030  -0.0002620359   0.0000202584  -0.0002350251   0.0005373343
        0.0003255344   0.0046913203  -0.0038305269   0.0039954582   0.0125075796
        0.0347581120  -0.0145557598  -0.0312122891  -0.0180382418   0.0088180377
        0.0448171947  -0.0570842698   0.0193349215  -0.1060505566  -0.2583005878
        0.0936142534  -0.0206975807   0.5839674111  -0.1878492904   0.0052250800
       -0.0908101355   0.0177398329   0.0002056340   0.0004786513  -0.0005494901
       -0.0000607556   0.0000454227   0.0000349132   0.0000365119  -0.0000235011
        0.0000932701  -0.0000386172  -0.0000153812  -0.0000229021   0.0000338774
        0.0000083347  -0.0000069429   0.0000310692  -0.0000237122   0.0000105437
        0.0000203648  -0.0000128970  -0.0000471202  -0.0001123102  -0.0000507611
       -0.0000011765   0.0001058874  -0.0000169520  -0.0001720068   0.0000512798
       -0.0000219178  -0.0000206750  -0.0006492458   0.0003371304  -0.0001559212
        0.0032665150  -0.0018549853   0.0036726776  -0.0032222568  -0.0042330653
        0.0019545828   0.1172101712  -0.1799412247   0.0500531959  -0.0258715637
       -0.0055675019   0.0038300563   0.0000033218  -0.0000022587  -0.0000229179
        0.0000145357  -0.0000058929  -0.0000021476   0.0000036963   0.0000096932
       -0.0000135490   0.0000048335   0.0000071967  -0.0000052364   0.0000007792
        0.0000055503  -0.0000056913   0.0000063393   0.0000094121  -0.0000085021
       -0.0000025872  -0.0000683999  -0.0000582069
       -0.0000644459  -0.0004970999   0.0003833247  -0.0013576491   0.0002301628
        0.0006650134  -0.0020091179   0.0045727769   0.0044676831  -0.0001563054
       -0.0205616966   0.0058459013   0.0147529407   0.0072073167  -0.0093569297
       -0.0221147461   0.0241459883  -0.0066150853   0.0489555823   0.0880746210
       -0.0865706700  -0.0319763318  -0.1878492904   0.1938615855   0.0194676767
        0.0243699066  -0.0536764883  -0.0001820002   0.0004218350  -0.0001337315
       -0.0000897920  -0.0000087688  -0.0000098206   0.0000119068   0.0000114572
        0.0000504341  -0.0000206514  -0.0000113341  -0.0000264137   0.0000127743
        0.0000006152   0.0000050648  -0.0000277601  -0.0000034556  -0.0000091559
        0.0001049279  -0.0000379608  -0.0000107415   0.0001073823   0.0001047727
        0.0001165906   0.0000266209  -0.0000196554   0.0000781726  -0.0000913767
       -0.0001017028  -0.0000871703   0.0002210973  -0.0001194201  -0.0001353175
       -0.0006335242   0.0035817184   0.0064647028   0.0024118028   0.0037664403
       -0.0017504693  -0.0389306422   0.0500250902  -0.0516974334   0.0115699510
        0.0026475814  -0.0018474409  -0.0000119164   0.0000141186   0.0000026654
       -0.0000032303  -0.0000067140   0.0000021611   0.0000017804   0.0000054785
       -0.0000101669  -0.0000028566  -0.0000034215  -0.0000078021   0.0000076354
        0.0000029308   0.0000004736   0.0000138196   0.0000143784  -0.0000011364
        0.0000064478   0.0000233311   0.0000022002
       -0.0000316804   0.0014509177  -0.0002093058   0.0021346606  -0.0021531511
       -0.0041173270  -0.0561993343   0.0258171713  -0.0064725428  -0.1546869855
        0.0680004212  -0.0177520898   0.0492360901   0.0363176263  -0.0189726497
       -0.0537666915   0.0235857588  -0.0050873724  -0.0187930210  -0.0832625633
        0.0351549849  -0.3353764173   0.0052250800   0.0194676767   0.6684439591
        0.0070400715  -0.0437326543  -0.0021216840  -0.0017453454   0.0022274043
        0.0004988259  -0.0005366179  -0.0003884049  -0.0003461296  -0.0001379656
       -0.0004461510   0.0003742219   0.0001999377   0.0001941711  -0.0001693245
       -0.0000204309  -0.0000632233  -0.0001683176   0.0002942291   0.0001151802
        0.0002067285   0.0002568691   0.0002874169   0.0002637390   0.0000275671
        0.0000496205   0.0000521499   0.0002669534   0.0005162154   0.0000126333
        0.0003458202   0.0002710256   0.0001741824  -0.0021197839   0.0016656946
       -0.0003313326   0.0004618843  -0.0003485047   0.0003169692  -0.0017630082
        0.0011336084  -0.0226379567   0.0002910945   0.0016454127  -0.0767422242
       -0.0781420029   0.0344008765  -0.0000061053   0.0000107389   0.0001262125
       -0.0001325010   0.0000444910   0.0000455748  -0.0000318693  -0.0000402053
        0.0000212912  -0.0000527741  -0.0000114960   0.0000384124  -0.0000676591
        0.0000115735  -0.0000279805  -0.0000824138  -0.0000593165  -0.0000445575
        0.0000302619   0.0003436817   0.0003019851
       -0.0000509001   0.0001767847  -0.0001865285  -0.0048838740   0.0014214429
        0.0008569709   0.0174693286   0.0048085965   0.0013391362   0.1216360715
       -0.2048751360   0.0477971967  -0.0065450675  -0.0484416565   0.0202622151
        0.0187542207  -0.0056803717  -0.0011232121  -0.0289463416   0.0085645794
       -0.0008333469  -0.0654810933  -0.0908101355   0.0243699066   0.0070400715
        0.5697934142  -0.1843109969   0.0006223107  -0.0001023550   0.0007005548
       -0.0003300282   0.0000200289   0.0000645400   0.0000824654   0.0000235050
       -0.0000540143   0.0000148743   0.0000146521   0.0000069396   0.0000022293
       -0.0000176150  -0.0000195170   0.0000627973  -0.0000205224  -0.0000392674
       -0.0002491346  -0.0000085768  -0.0000098134  -0.0002578932  -0.0000188719
        0.0000237240   0.0001397340  -0.0003365813  -0.0004816276   0.0000546961
       -0.0000023345   0.0000387648  -0.0016230085  -0.0034380702   0.0041433352
        0.0004399217   0.0007143553  -0.0002661741  -0.0022613418  -0.0032092830
        0.0043002652   0.0223849288   0.0011955976  -0.0019282610  -0.0780365459
       -0.2295858248   0.0855358410   0.0000348720  -0.0000198154  -0.0000169122
       -0.0000171720   0.0000069174  -0.0000007621  -0.0000161388  -0.0000187912
        0.0000034149  -0.0000034659  -0.0000007427   0.0000048114  -0.0000179502
        0.0000000334  -0.0000090909   0.0000006433  -0.0000215078  -0.0000064382
       -0.0000192095  -0.0001317156  -0.0001616537
       -0.0000176855   0.0001713544   0.0002758572   0.0009972669   0.0009220670
        0.0002890490   0.0012409764  -0.0035998730   0.0032072542  -0.0442892357
        0.0540580836  -0.0660300938  -0.0002840782   0.0183367268  -0.0055879381
       -0.0041345700  -0.0010151909  -0.0040171627   0.0134625151   0.0037642123
       -0.0010711554   0.0459570414   0.0177398329  -0.0536764883  -0.0437326543
       -0.1843109969   0.1840704178   0.0003575063   0.0001826594  -0.0003343346
        0.0000399583   0.0000445938   0.0000270210   0.0000077042  -0.0000642753
        0.0000140172   0.0000172485   0.0000150125   0.0000257672  -0.0000233616
        0.0000128850  -0.0000105235   0.0000186703   0.0000653569   0.0000613165
        0.0000874218  -0.0001118461  -0.0001866730   0.0000017613   0.0000982067
        0.0001481168   0.0000479457   0.0001638202   0.0002036281   0.0000977905
        0.0000861007   0.0000563047   0.0012455073   0.0044113439   0.0052803235
       -0.0001665398  -0.0004255436  -0.0000796161   0.0014304539   0.0043714825
        0.0054280964  -0.0071928800  -0.0001619093   0.0013262504   0.0348182019
        0.0851795809  -0.0695515934  -0.0000179712   0.0000335860   0.0000136113
       -0.0000005265   0.0000129456   0.0000159505   0.0000030999  -0.0000002945
        0.0000091728  -0.0000122813  -0.0000012393   0.0000128493  -0.0000148650
       -0.0000013168  -0.0000032603   0.0000141658  -0.0000003645   0.0000094765
        0.0000414140   0.0000229991   0.0000743586
       -0.0087934281  -0.0091654837  -0.0063734337  -0.1757260009  -0.0475497771
       -0.0296495135  -0.0656431544   0.0143210498   0.0222789968   0.0047248296
        0.0005936722   0.0012569719  -0.0018565187  -0.0009394368  -0.0001476858
        0.0003965677  -0.0001628928  -0.0001639311  -0.0000206450  -0.0001223854
        0.0000506481   0.0005708835   0.0002056340  -0.0001820002  -0.0021216840
        0.0006223107   0.0003575063   0.6138430022   0.0039118646  -0.0453932518
       -0.2004163079   0.1005112979   0.0947264570  -0.0624287734  -0.0078200127
       -0.0002617876   0.0034746124   0.0163224079   0.0129591216  -0.0018340572
       -0.0001858291  -0.0010838195  -0.0059728961  -0.0246843296  -0.0193657314
       -0.0951850075  -0.0550047014  -0.0396605152  -0.0005130582   0.0000901214
        0.0002454867  -0.0001099402  -0.0006639140  -0.0005334169  -0.0006749293
       -0.0003526084  -0.0002544881  -0.0000296935  -0.0000769950   0.0001602368
       -0.0001404753  -0.0001434889   0.0001121024  -0.0001413785  -0.0000157684
        0.0000417007  -0.0001587653   0.0000780284  -0.0000641372   0.0000748275
       -0.0001241759   0.0000889390   0.0046877496  -0.0017323573  -0.0011235603
       -0.0049646115  -0.0020155856  -0.0003130603   0.0000812210   0.0000393749
        0.0002983864   0.0002118876  -0.0001810822  -0.0001413187  -0.0001288890
       -0.0002083361   0.0001016122  -0.0051253650  -0.0023629280  -0.0007874447
        0.0039199981   0.0168163264   0.0128209300
       -0.0185366306  -0.0052758172  -0.0079519035  -0.0349946790  -0.0745772784
       -0.0125124260   0.0087576283   0.0017872597   0.0073202776   0.0031022357
        0.0069480308  -0.0075328726   0.0015176628  -0.0005951336   0.0001088898
        0.0005480662   0.0007227794   0.0000160836  -0.0002017921   0.0001067057
       -0.0000412972   0.0000121364   0.0004786513   0.0004218350  -0.0017453454
       -0.0001023550   0.0001826594   0.0039118646   0.4285229632   0.2519884214
        0.0547183190  -0.1279903546  -0.0705155577   0.0356556524   0.0307586979
        0.0199911016   0.0166954425  -0.0347436883  -0.0247036335  -0.0008026618
       -0.0002414507  -0.0002250146  -0.0671248166  -0.0084633975  -0.0020388070
       -0.0103910501  -0.1974807077  -0.1197540937  -0.0006227746  -0.0001974937
       -0.0004347750  -0.0009148155  -0.0020378653  -0.0033274878   0.0001848119
        0.0004318802   0.0001482015   0.0000396545  -0.0001014777  -0.0001583628
        0.0002104350   0.0000378050  -0.0000009770  -0.0000325530  -0.0000438655
       -0.0001166982  -0.0001176427   0.0000159109  -0.0000243864  -0.0001188584
        0.0000045616  -0.0001518125   0.0155092778  -0.0132575343  -0.0124471463
       -0.0026130294   0.0035886927  -0.0035447741  -0.0002422165   0.0002957675
        0.0000017849   0.0000416683  -0.0000444415   0.0002598731  -0.0002278040
        0.0001717087   0.0002617568  -0.0019121405   0.0037459264  -0.0037313869
       -0.0003060452  -0.0124644798  -0.0114874718
       -0.0166098124  -0.0094678185  -0.0029940844  -0.0177585351  -0.0124474214
       -0.0641956623   0.0195083606   0.0097765881  -0.0011988317   0.0038816687
       -0.0080199781   0.0047664324  -0.0014024612  -0.0000178349   0.0002846231
       -0.0001624466  -0.0004546692   0.0000464529   0.0000427065  -0.0000670466
        0.0000352746   0.0003855104  -0.0005494901  -0.0001337315   0.0022274043
        0.0007005548  -0.0003343346  -0.0453932518   0.2519884214   0.3448673506
        0.0578349814  -0.0746317805  -0.1163092394   0.0355624893   0.0252189039
        0.0186005299   0.0129693325  -0.0252944639  -0.0283931176  -0.0004845541
        0.0000139194  -0.0003428686  -0.0553373065  -0.0057019786   0.0019025517
       -0.0033600251  -0.1156944602  -0.1469535476  -0.0003078759   0.0000040818
        0.0005806610  -0.0012423048  -0.0033558640  -0.0021323401  -0.0007180628
       -0.0007855267  -0.0004324668  -0.0001005122  -0.0000092871   0.0000808085
       -0.0001217394  -0.0000420617  -0.0000033318   0.0000074837   0.0000210532
        0.0000520305   0.0002087893   0.0000010910  -0.0000147482   0.0000704790
        0.0000332209   0.0000196745   0.0122754609  -0.0111747500  -0.0097786510
       -0.0010575590  -0.0036628697   0.0052786289  -0.0001692170   0.0002294777
       -0.0000019996   0.0000537867  -0.0000113148   0.0002732497  -0.0002191441
        0.0001460714   0.0001959781  -0.0001573923  -0.0037105185   0.0056073573
       -0.0004262529  -0.0130342489  -0.0093726487
       -0.0010011482   0.0008496945   0.0007457906  -0.0398086792   0.0112075171
        0.0132093214   0.0011428876  -0.0035418763  -0.0033378298  -0.0033927467
       -0.0001729308   0.0010169931   0.0004086071   0.0005157153  -0.0001538301
       -0.0002199911  -0.0000637034  -0.0000034187   0.0001325426   0.0000184477
       -0.0000149219  -0.0002266597  -0.0000607556  -0.0000897920   0.0004988259
       -0.0003300282   0.0000399583  -0.2004163079   0.0547183190   0.0578349814
        0.6492160790   0.0322867487  -0.0216138258  -0.3130397340  -0.0344467472
       -0.0047593084  -0.0001089692  -0.0720043346  -0.0591416034   0.0018860350
       -0.0006384634   0.0009353196  -0.0589523680   0.0076744727   0.0117288134
        0.0432507863   0.0462350223   0.0339759635  -0.0005913173  -0.0001702140
        0.0002591711  -0.0000534611   0.0003052613   0.0004338366  -0.0005338585
        0.0003196497  -0.0001683896  -0.0000227984   0.0000513220   0.0000001104
        0.0000169047   0.0000404423  -0.0000296001   0.0000578292   0.0000100305
        0.0000163849   0.0000341264  -0.0000360801   0.0000154322  -0.0000259524
       -0.0000160585   0.0000384248  -0.0518027374  -0.0374720625  -0.0289091569
       -0.0255035467  -0.0045340592  -0.0015366461  -0.0005416081   0.0001605605
       -0.0006354872   0.0001590574   0.0002765229   0.0003254152  -0.0003589283
        0.0003160625   0.0001220490  -0.0005218898   0.0002162785   0.0002997169
        0.0003190209  -0.0017147537  -0.0006038724
       -0.0001565966  -0.0010222445  -0.0000805966   0.0037475616   0.0044564991
        0.0039532713  -0.0050397239   0.0011914002   0.0006321110   0.0006910641
        0.0004022676  -0.0002240178  -0.0003267866  -0.0000992398   0.0000927725
        0.0001408159   0.0000034071  -0.0000071944  -0.0000501232  -0.0000091840
        0.0000137851   0.0001080012   0.0000454227  -0.0000087688  -0.0005366179
        0.0000200289   0.0000445938   0.1005112979  -0.1279903546  -0.0746317805
        0.0322867487   0.4455401564   0.2669365895  -0.0947259987  -0.0931543394
       -0.0300185114  -0.0253916953  -0.0103848635  -0.0062208792  -0.0011816523
        0.0001026650  -0.0055382458   0.0076059226  -0.0008791593   0.0023963293
        0.0089654081  -0.0282832820  -0.0253979193  -0.0005507318   0.0003710103
       -0.0004526952   0.0000339957  -0.0001280921  -0.0003308927  -0.0007550516
       -0.0003154671   0.0002080094   0.0000360685   0.0000093541   0.0000056724
       -0.0000519022  -0.0000455856   0.0000208889  -0.0000557101  -0.0000075607
        0.0000065641  -0.0000731599   0.0000366659  -0.0000187196   0.0000198224
        0.0000229610  -0.0000260911  -0.0371694132  -0.1925884194  -0.1260270982
        0.0138801772   0.0034664150   0.0011922841  -0.0002589831   0.0000855846
       -0.0001686556   0.0005294915  -0.0000541492  -0.0001517856  -0.0011190703
       -0.0004983916  -0.0003604679   0.0001732782   0.0004664350   0.0004886245
       -0.0012864369  -0.0007599400  -0.0063271761
       -0.0002852746  -0.0003472612  -0.0008650060   0.0086958166   0.0035758860
        0.0007385278  -0.0048270414   0.0008254737   0.0025649679   0.0013791107
       -0.0001701395   0.0003274727  -0.0005765960  -0.0002161965   0.0000878118
        0.0001483329  -0.0000248873  -0.0000255693  -0.0000561406  -0.0000339395
        0.0000134279   0.0001891776   0.0000349132  -0.0000098206  -0.0003884049
        0.0000645400   0.0000270210   0.0947264570  -0.0705155577  -0.1163092394
       -0.0216138258   0.2669365895   0.3376021459  -0.0543133203  -0.0358484239
       -0.0701203835  -0.0210316459  -0.0016590488   0.0000121499  -0.0000734938
       -0.0061933234   0.0021661021   0.0110960181   0.0023660750  -0.0037518709
        0.0038050249  -0.0287310373  -0.0223673265  -0.0008374230   0.0001163227
       -0.0001306944   0.0000189040  -0.0002778513  -0.0000821846  -0.0004418687
       -0.0004536532   0.0002245921   0.0000252135  -0.0000320198   0.0000221457
       -0.0000634995  -0.0000590185   0.0000336966  -0.0000578646  -0.0000094336
        0.0000122374  -0.0000597070   0.0000348504  -0.0000071418   0.0000395855
        0.0000104037  -0.0000115078  -0.0284127398  -0.1261014038  -0.1339069720
        0.0137061684   0.0028864536   0.0015814597  -0.0014593090  -0.0006185695
       -0.0002736583  -0.0000808242   0.0000461086   0.0000069404   0.0010565507
        0.0001946364   0.0004165978   0.0001864340   0.0005131556   0.0002056940
       -0.0004938145  -0.0063136437   0.0018183844
        0.0005867335  -0.0000691824  -0.0000259718   0.0031071412   0.0024977857
        0.0022593673  -0.0039633247   0.0007452364   0.0012958836   0.0005355075
        0.0001479244  -0.0000785320  -0.0002662099  -0.0001626176   0.0000448826
        0.0000448133  -0.0000066498  -0.0000093120  -0.0000426512  -0.0000135883
        0.0000068967   0.0000457947   0.0000365119   0.0000119068  -0.0003461296
        0.0000824654   0.0000077042  -0.0624287734   0.0356556524   0.0355624893
       -0.3130397340  -0.0947259987  -0.0543133203   0.6664149441   0.0213293144
       -0.0324465300  -0.1022425368  -0.0083103405  -0.0020402305  -0.0132755780
       -0.0231960110  -0.0175979075   0.0456121770   0.0086506229   0.0026225023
       -0.0271078150  -0.0261778670  -0.0196409682  -0.0001265297  -0.0000673564
       -0.0001471742   0.0001759485   0.0001000912   0.0000683599  -0.0000705513
       -0.0001148109  -0.0000637847  -0.0000154611   0.0000443943  -0.0000130796
       -0.0000305509  -0.0000218742   0.0000158917  -0.0000333381  -0.0000044037
       -0.0000004552  -0.0000375877   0.0000121387  -0.0000044475   0.0000274494
       -0.0000577276   0.0000264796  -0.0081303081  -0.0040101399  -0.0024740276
       -0.1774450522   0.0905933006   0.0879367654  -0.0046165537  -0.0019933013
       -0.0010179267   0.0007107893  -0.0015019778  -0.0016244645  -0.0014087548
       -0.0014003238  -0.0008022830  -0.0027909739   0.0024526594   0.0029695480
        0.0001571157  -0.0005139267  -0.0005282619
       -0.0002392044  -0.0004390480   0.0000205597   0.0060346788   0.0021204360
       -0.0048636296  -0.0015521043   0.0013519393   0.0006367391   0.0010773092
       -0.0005179530   0.0003254016  -0.0004323772  -0.0000682397   0.0001581241
        0.0001237647  -0.0000345156  -0.0000282825  -0.0000262033   0.0000116522
        0.0000011500   0.0001252301  -0.0000235011   0.0000114572  -0.0001379656
        0.0000235050  -0.0000642753  -0.0078200127   0.0307586979   0.0252189039
       -0.0344467472  -0.0931543394  -0.0358484239   0.0213293144   0.4346936203
        0.2617489314  -0.0689163324  -0.2051858909  -0.1211796184  -0.0086111068
       -0.0078258754  -0.0083561493   0.0492739769  -0.0288935837  -0.0298420684
       -0.0259209390  -0.0232914111  -0.0127084167   0.0000733096  -0.0001605758
        0.0000595537  -0.0000789602   0.0000773103   0.0000642194  -0.0000434836
        0.0000064159  -0.0002090526   0.0000009952  -0.0000172063   0.0000041836
       -0.0000618684  -0.0000479891   0.0000333674  -0.0000515617  -0.0000060884
        0.0000104029  -0.0000502927   0.0000362941  -0.0000235562   0.0000190001
        0.0000213171  -0.0000073610  -0.0225748587  -0.0079914415  -0.0058499810
        0.0904086000  -0.1024694937  -0.0640611418  -0.0014068432  -0.0005749546
       -0.0003830807   0.0016286642   0.0004869929  -0.0000618105   0.0006363810
       -0.0008086005   0.0000056904   0.0021194020   0.0019252678  -0.0049955120
       -0.0004797646  -0.0000027412   0.0001836755
       -0.0002509338   0.0002323931  -0.0003022161   0.0054099281  -0.0045577994
        0.0031224163  -0.0013037585   0.0000035407   0.0011234092   0.0007054576
        0.0009315817  -0.0008637811  -0.0000452028  -0.0001140621   0.0000872890
        0.0001449029   0.0000807909  -0.0000080841  -0.0000340173   0.0000031595
       -0.0000079947   0.0000708927   0.0000932701   0.0000504341  -0.0004461510
       -0.0000540143   0.0000140172  -0.0002617876   0.0199911016   0.0186005299
       -0.0047593084  -0.0300185114  -0.0701203835  -0.0324465300   0.2617489314
        0.3330232421  -0.0517635786  -0.1268877407  -0.1505555593  -0.0053056336
       -0.0072494010  -0.0037788159   0.0360051575  -0.0258207330  -0.0234548773
       -0.0190251940  -0.0125633423  -0.0134113899  -0.0000400112  -0.0001657926
       -0.0000035108  -0.0000867887   0.0000738569   0.0000411234   0.0001556826
        0.0001058408  -0.0000696326   0.0000102906  -0.0000242017  -0.0000302127
       -0.0000213817  -0.0000356975   0.0000110727  -0.0000411808  -0.0000119030
       -0.0000142054  -0.0000681561   0.0000259709  -0.0000121505  -0.0000011490
        0.0000156632  -0.0000231300  -0.0176367405  -0.0074051999  -0.0030782358
        0.0877008849  -0.0641903507  -0.0949316440   0.0000030882   0.0000192117
        0.0005447441   0.0010004596   0.0005915806   0.0004214634   0.0000781538
       -0.0001806437   0.0004596716   0.0027012328  -0.0048731031   0.0031762902
       -0.0004486273   0.0002356037  -0.0000098797
        0.0001861759   0.0004296974   0.0003603336  -0.0060680977  -0.0002124549
        0.0006108564   0.0025075661  -0.0012467326  -0.0013360528  -0.0010449235
       -0.0001415960   0.0000172497   0.0003764227   0.0000834128  -0.0001553206
       -0.0001767218  -0.0000274531   0.0000398719   0.0000309940  -0.0000144498
        0.0000056684  -0.0001565145  -0.0000386172  -0.0000206514   0.0003742219
        0.0000148743   0.0000172485   0.0034746124   0.0166954425   0.0129693325
       -0.0001089692  -0.0253916953  -0.0210316459  -0.1022425368  -0.0689163324
       -0.0517635786   0.6263827350   0.0181664873  -0.0251594623  -0.2030795260
       -0.0409164779  -0.0168017264  -0.2070098972   0.1065100218   0.1024687218
       -0.0630298180  -0.0056837220   0.0006079616   0.0000862380  -0.0000326276
        0.0000663988   0.0001206716   0.0001038020   0.0001242876   0.0000730431
        0.0000973117  -0.0000317973  -0.0000412894   0.0000590258   0.0000001413
        0.0000557695   0.0000722144  -0.0000272055   0.0000732799   0.0000073476
       -0.0000046125   0.0000690528  -0.0000598861   0.0000154226  -0.0000216384
       -0.0000712074   0.0000215863  -0.0051082199  -0.0023513329  -0.0006769531
        0.0024951062   0.0166886096   0.0141257369  -0.0058416977  -0.0060818004
       -0.0041050206  -0.0233581112  -0.0014444205   0.0004664823  -0.0181013740
       -0.0020003942  -0.0088637090   0.0038480521  -0.0023317692  -0.0015993225
       -0.0047646058  -0.0019652778  -0.0003402416
       -0.0001882414  -0.0000976148  -0.0001060744  -0.0010815206  -0.0008396394
       -0.0006568842   0.0014294409  -0.0000401380  -0.0001943566  -0.0003702676
       -0.0000389804   0.0000843377   0.0001902610   0.0000480961  -0.0000693296
       -0.0000639899   0.0000048316   0.0000024828   0.0000229609   0.0000020238
       -0.0000017727  -0.0000501223  -0.0000153812  -0.0000113341   0.0001999377
        0.0000146521   0.0000150125   0.0163224079  -0.0347436883  -0.0252944639
       -0.0720043346  -0.0103848635  -0.0016590488  -0.0083103405  -0.2051858909
       -0.1268877407   0.0181664873   0.4452433106   0.2449147356  -0.0392464779
       -0.0748125167  -0.0081459658   0.0464503618  -0.1284505853  -0.0677465952
        0.0401310186   0.0331516731   0.0236669958  -0.0000819432  -0.0000518072
        0.0002081608  -0.0000149447   0.0000127616   0.0000351069  -0.0001041412
        0.0001649533  -0.0000652632  -0.0000066390   0.0000009205  -0.0000012588
        0.0000269225   0.0000256992  -0.0000182282   0.0000271063   0.0000070369
        0.0000001007   0.0000403173  -0.0000112279   0.0000117884  -0.0000109891
        0.0000096948   0.0000087668  -0.0018041870   0.0036214536  -0.0037937208
       -0.0008222085  -0.0129677705  -0.0116145706  -0.0297229470  -0.0112807406
       -0.0067760768   0.0073651684   0.0023369833   0.0008268261   0.0100864047
        0.0044641402   0.0008114512   0.0157509046  -0.0137527277  -0.0137029104
       -0.0023264052   0.0035653414  -0.0038401707
       -0.0001316565  -0.0001194898  -0.0000221030  -0.0007767366  -0.0008345656
       -0.0004885226   0.0010404019   0.0001654183  -0.0002575095  -0.0003167665
       -0.0000933120   0.0001267108   0.0001780357   0.0000178279  -0.0000624311
       -0.0000509892  -0.0000066520   0.0000099243   0.0000203515   0.0000054286
        0.0000029023  -0.0000567857  -0.0000229021  -0.0000264137   0.0001941711
        0.0000069396   0.0000257672   0.0129591216  -0.0247036335  -0.0283931176
       -0.0591416034  -0.0062208792   0.0000121499  -0.0020402305  -0.1211796184
       -0.1505555593  -0.0251594623   0.2449147356   0.3535523668  -0.0218317777
       -0.0098373356  -0.0650342989   0.0532231259  -0.0737292998  -0.1164903901
        0.0388836556   0.0280461337   0.0195676762  -0.0000894384  -0.0000451876
        0.0001383004  -0.0000133835   0.0000071791   0.0000055863  -0.0000437190
        0.0001390281  -0.0000305123  -0.0000073112   0.0000179769   0.0000102956
        0.0000323514   0.0000344360  -0.0000078000   0.0000316676   0.0000099211
       -0.0000000804   0.0000357830  -0.0000177681   0.0000024890  -0.0000206521
        0.0000131199  -0.0000089022  -0.0003432402  -0.0038201522   0.0054442914
       -0.0007708856  -0.0132606743  -0.0097424689  -0.0043962162  -0.0030119824
       -0.0013424969   0.0222865906   0.0053856548   0.0029690041  -0.0257097925
       -0.0057411919  -0.0051056992   0.0127365353  -0.0121419698  -0.0097718525
       -0.0007211441  -0.0039771855   0.0054726938
       -0.0000828878  -0.0000872274  -0.0000891280   0.0015811862   0.0003710504
       -0.0001162033  -0.0008753877   0.0000909977   0.0001593346   0.0005329349
        0.0000540771  -0.0000348553  -0.0001740870  -0.0000368852   0.0000885497
        0.0000694306   0.0000117596  -0.0000138063  -0.0000418403   0.0000059546
        0.0000021089   0.0000762693   0.0000338774   0.0000127743  -0.0001693245
        0.0000022293  -0.0000233616  -0.0018340572  -0.0008026618  -0.0004845541
        0.0018860350  -0.0011816523  -0.0000734938  -0.0132755780  -0.0086111068
       -0.0053056336  -0.2030795260  -0.0392464779  -0.0218317777   0.4738443388
       -0.0090023257  -0.0197175325  -0.0321232540  -0.0032211843   0.0000477349
       -0.0004557843   0.0028517950   0.0031871232  -0.0000113815  -0.0000060246
        0.0000333066  -0.0000293111  -0.0000239055  -0.0000369824  -0.0000106459
        0.0000266820  -0.0000095295   0.0000093847  -0.0000048792  -0.0000177339
       -0.0000427195  -0.0000386389   0.0000094682  -0.0000586537   0.0000032653
        0.0000008784  -0.0000447315   0.0000395055   0.0000065992   0.0000262214
        0.0000087260   0.0000140491  -0.0003536776   0.0000415886  -0.0000738568
        0.0010701292   0.0014196349   0.0003844472  -0.0428643196  -0.0143060921
        0.0015620173  -0.1180660594   0.0374166377   0.1065541166  -0.0653264422
        0.0352443560  -0.0628446254   0.0008497167  -0.0007323850  -0.0011858562
       -0.0010259779  -0.0003206902  -0.0002035778
       -0.0000335638   0.0000817156  -0.0000107827   0.0001925241  -0.0006577553
        0.0007660205  -0.0001289647   0.0000668662   0.0000658746  -0.0000395024
        0.0000795853  -0.0000730248   0.0000146703  -0.0000066228   0.0000043878
        0.0000051754   0.0000114198   0.0000044928   0.0000034710  -0.0000009609
       -0.0000046950  -0.0000067925   0.0000083347   0.0000006152  -0.0000204309
       -0.0000176150   0.0000128850  -0.0001858291  -0.0002414507   0.0000139194
       -0.0006384634   0.0001026650  -0.0061933234  -0.0231960110  -0.0078258754
       -0.0072494010  -0.0409164779  -0.0748125167  -0.0098373356  -0.0090023257
        0.5098725146   0.0166687735   0.0109533306   0.0033347230   0.0012981476
        0.0018074430   0.0013848603  -0.0040683887  -0.0000028751  -0.0000290276
        0.0000477055  -0.0000167375   0.0000104265   0.0000097501   0.0000605899
        0.0000559753   0.0000063240   0.0000042486   0.0000072422  -0.0000048207
       -0.0000000522  -0.0000037944   0.0000016036  -0.0000074919  -0.0000041308
       -0.0000019569  -0.0000076926   0.0000017860  -0.0000041691  -0.0000055683
        0.0000043706  -0.0000093422  -0.0010997268  -0.0005523403  -0.0000685548
       -0.0010046266  -0.0002134929   0.0018588711  -0.0150879968  -0.2790430534
       -0.0286904743   0.0381954827  -0.0645322077  -0.0534997753   0.0383054637
       -0.0870967133   0.0875946253   0.0011660782  -0.0000545406   0.0012721495
        0.0006926515   0.0000696128   0.0000898987
       -0.0000636021  -0.0001059170   0.0000061786   0.0009106522   0.0009346053
       -0.0009960971  -0.0004075339   0.0002109445   0.0002656378   0.0002049755
       -0.0000717669   0.0000415356  -0.0001103522   0.0000091212   0.0000602752
        0.0000336686   0.0000059706  -0.0000188433  -0.0000010769   0.0000151555
       -0.0000001833   0.0000343982  -0.0000069429   0.0000050648  -0.0000632233
       -0.0000195170  -0.0000105235  -0.0010838195  -0.0002250146  -0.0003428686
        0.0009353196  -0.0055382458   0.0021661021  -0.0175979075  -0.0083561493
       -0.0037788159  -0.0168017264  -0.0081459658  -0.0650342989  -0.0197175325
        0.0166687735   0.4992923287   0.0117334889   0.0023181472   0.0033785619
        0.0032605154  -0.0043556352   0.0033272211   0.0000371896  -0.0000030114
        0.0000385956  -0.0000300908  -0.0000038613   0.0000055175  -0.0000200508
        0.0000162780  -0.0000199000   0.0000085284  -0.0000123348  -0.0000085258
       -0.0000199201  -0.0000199567   0.0000090988  -0.0000263188   0.0000004248
       -0.0000016135  -0.0000211574   0.0000177333  -0.0000045783   0.0000069542
        0.0000119905  -0.0000046487  -0.0008255759  -0.0002160806  -0.0002890736
       -0.0012327082   0.0013206715  -0.0008917944   0.0005901084  -0.0287325849
       -0.0457753655   0.1063525626  -0.0536640565  -0.1876004595  -0.0672946400
        0.0857669420  -0.2027564913   0.0004922785   0.0018983448  -0.0008857025
        0.0007165962   0.0002819382  -0.0001763340
       -0.0004086335  -0.0007592757  -0.0005028857   0.0081003884  -0.0014982075
       -0.0015249412  -0.0022577592   0.0018805985   0.0016056944   0.0011091531
        0.0001497060   0.0000276626  -0.0001668254  -0.0000942650   0.0000406866
        0.0001140664  -0.0000192580  -0.0000040795  -0.0000464004  -0.0000170837
        0.0000114141   0.0001249894   0.0000310692  -0.0000277601  -0.0001683176
        0.0000627973   0.0000186703  -0.0059728961  -0.0671248166  -0.0553373065
       -0.0589523680   0.0076059226   0.0110960181   0.0456121770   0.0492739769
        0.0360051575  -0.2070098972   0.0464503618   0.0532231259  -0.0321232540
        0.0109533306   0.0117334889   0.6584358566   0.0381861409  -0.0190740108
       -0.3213933089  -0.0391029714  -0.0058979504  -0.0002223575  -0.0001052198
        0.0001748084   0.0000050815  -0.0000418188  -0.0000377970  -0.0002030883
        0.0000945087  -0.0001019784  -0.0000019793  -0.0000161798  -0.0000056446
       -0.0000320637  -0.0000224318   0.0000202640  -0.0000260318  -0.0000069781
        0.0000068453  -0.0000388250   0.0000085611  -0.0000172245  -0.0000034014
        0.0000007866  -0.0000002558  -0.0004536496   0.0001058536   0.0002047440
        0.0006770772  -0.0015526492  -0.0007778578   0.0002065978   0.0018884467
        0.0010105634  -0.0053495560  -0.0013047587  -0.0002267466  -0.0011400346
        0.0004054635   0.0013652267  -0.0547265425  -0.0406946645  -0.0315479183
       -0.0236881973  -0.0047369454  -0.0014600131
       -0.0011723669  -0.0004443542  -0.0000488579  -0.0020338928  -0.0008722351
       -0.0064663452   0.0016706639   0.0004919488   0.0002351490  -0.0005507157
       -0.0003699037   0.0002193862   0.0001676505   0.0000641604  -0.0000966222
       -0.0000688258  -0.0000221227   0.0000049011   0.0000116240   0.0000139550
       -0.0000067132  -0.0000678819  -0.0000237122  -0.0000034556   0.0002942291
       -0.0000205224   0.0000653569  -0.0246843296  -0.0084633975  -0.0057019786
        0.0076744727  -0.0008791593   0.0023660750   0.0086506229  -0.0288935837
       -0.0258207330   0.1065100218  -0.1284505853  -0.0737292998  -0.0032211843
        0.0033347230   0.0023181472   0.0381861409   0.4418676132   0.2660194730
       -0.0980009221  -0.0942752671  -0.0312659804   0.0000384010   0.0000290287
        0.0001530049  -0.0000749338  -0.0002512879  -0.0001588915  -0.0000088044
        0.0000825767  -0.0000225284  -0.0000103523   0.0000313739  -0.0000163804
        0.0000265076   0.0000357990  -0.0000186058   0.0000338246   0.0000124026
        0.0000007932   0.0000420197  -0.0000185974   0.0000132152  -0.0000364461
        0.0000096902  -0.0000036976   0.0001175108   0.0004314294   0.0005595363
       -0.0012460493  -0.0006064578  -0.0065846417  -0.0012925063   0.0007017720
        0.0003956688  -0.0022813054   0.0002204860  -0.0003772946  -0.0009709466
        0.0005043252  -0.0002092958  -0.0406781245  -0.1880681983  -0.1226505295
        0.0129758984   0.0038281005   0.0008311444
       -0.0008076187   0.0001007037  -0.0002405060  -0.0019933741  -0.0062541995
        0.0021128889   0.0012355956  -0.0000562239  -0.0002233973  -0.0007111700
        0.0002162126  -0.0003057784   0.0002359103   0.0000772893  -0.0000594255
       -0.0000557029   0.0000047674   0.0000200736   0.0000154154   0.0000209407
        0.0000012798  -0.0000923009   0.0000105437  -0.0000091559   0.0001151802
       -0.0000392674   0.0000613165  -0.0193657314  -0.0020388070   0.0019025517
        0.0117288134   0.0023963293  -0.0037518709   0.0026225023  -0.0298420684
       -0.0234548773   0.1024687218  -0.0677465952  -0.1164903901   0.0000477349
        0.0012981476   0.0033785619  -0.0190740108   0.2660194730   0.3358561102
       -0.0556132668  -0.0367992423  -0.0707389943   0.0000301295   0.0000079395
        0.0000672384  -0.0000324027  -0.0000583332  -0.0001900520   0.0000979592
        0.0001261088   0.0000542063   0.0000001759   0.0000142282  -0.0000136692
        0.0000311456   0.0000326637  -0.0000089452   0.0000272522   0.0000059130
       -0.0000091577   0.0000234099  -0.0000201252   0.0000057906  -0.0000256645
       -0.0000066257  -0.0000215043   0.0001231255   0.0005513678   0.0002010394
       -0.0003781246  -0.0066286748   0.0022055601  -0.0011326383  -0.0002245198
        0.0003875178  -0.0005093642  -0.0004996284   0.0002447189  -0.0006712766
       -0.0003929337  -0.0003892179  -0.0314467319  -0.1226902481  -0.1329206529
        0.0131063065   0.0024148643   0.0023287410
       -0.0048554335  -0.0006852482  -0.0000922412  -0.0205466130  -0.0228859541
       -0.0169709560  -0.0004274394  -0.0048062280  -0.0033276641  -0.0005596547
       -0.0004206219  -0.0007689677  -0.0000601520   0.0002249162   0.0001383102
        0.0000702825   0.0000235511   0.0000441342   0.0000456347   0.0000924181
       -0.0000396662  -0.0000413942   0.0000203648   0.0001049279   0.0002067285
       -0.0002491346   0.0000874218  -0.0951850075  -0.0103910501  -0.0033600251
        0.0432507863   0.0089654081   0.0038050249  -0.0271078150  -0.0259209390
       -0.0190251940  -0.0630298180   0.0401310186   0.0388836556  -0.0004557843
        0.0018074430   0.0032605154  -0.3213933089  -0.0980009221  -0.0556132668
        0.6872843184   0.0220990484  -0.0353959737   0.0001346873   0.0002013152
        0.0000591190  -0.0004598890  -0.0010696141  -0.0011061703   0.0000677960
        0.0000306016   0.0000833759  -0.0000002094   0.0000139032  -0.0000927087
       -0.0000353072  -0.0000241629  -0.0000037414  -0.0000281887  -0.0000108000
       -0.0000199689  -0.0000532623   0.0000155926  -0.0000041821  -0.0000694035
        0.0000280818  -0.0000680516  -0.0030117207   0.0026387958   0.0029441732
        0.0002600542  -0.0006197212  -0.0004987593   0.0005079159  -0.0001535735
       -0.0001172392  -0.0012121046   0.0000355718  -0.0004955918   0.0001339805
       -0.0002536065  -0.0003424574  -0.0085383694  -0.0043584801  -0.0027786174
       -0.1848913090   0.0935220261   0.0907107848
       -0.0008324519   0.0017509278  -0.0001013946  -0.0227132349  -0.0085596603
       -0.0046325386   0.0041493547  -0.0038819904  -0.0046237271  -0.0002421975
        0.0000644918   0.0001785596   0.0002935975   0.0000474795  -0.0000291390
       -0.0000990053  -0.0000280157   0.0000347488  -0.0000083118  -0.0000411746
        0.0000055120  -0.0000758241  -0.0000128970  -0.0000379608   0.0002568691
       -0.0000085768  -0.0001118461  -0.0550047014  -0.1974807077  -0.1156944602
        0.0462350223  -0.0282832820  -0.0287310373  -0.0261778670  -0.0232914111
       -0.0125633423  -0.0056837220   0.0331516731   0.0280461337   0.0028517950
        0.0013848603  -0.0043556352  -0.0391029714  -0.0942752671  -0.0367992423
        0.0220990484   0.4267130218   0.2528819644   0.0002272075  -0.0000650659
       -0.0001598911   0.0000081534  -0.0002173974  -0.0002995425   0.0002668643
        0.0001300654   0.0000515877  -0.0000609622   0.0000649133  -0.0000050616
        0.0000285261   0.0000435313  -0.0000406150   0.0000582870   0.0000047776
        0.0000001351   0.0000503353  -0.0000346721   0.0000347369  -0.0000051126
       -0.0000510364   0.0000677526   0.0020737369   0.0017923051  -0.0047821609
       -0.0004942632  -0.0000791410   0.0001615568   0.0003618550  -0.0000622593
        0.0000069835   0.0010845579   0.0004499287  -0.0001785747  -0.0008181155
       -0.0002866659  -0.0005890054  -0.0225702865  -0.0081696578  -0.0051050230
        0.0938438168  -0.1007690969  -0.0626294734
       -0.0002881508  -0.0003500456   0.0014362642  -0.0184949134  -0.0047335861
       -0.0020800867   0.0051745620  -0.0038581281  -0.0023110003  -0.0007773315
        0.0003697478  -0.0000459356   0.0004375162   0.0001499502  -0.0000319405
       -0.0001880126   0.0000242505   0.0000109110  -0.0000038453  -0.0000459908
        0.0000289333  -0.0000948781  -0.0000471202  -0.0000107415   0.0002874169
       -0.0000098134  -0.0001866730  -0.0396605152  -0.1197540937  -0.1469535476
        0.0339759635  -0.0253979193  -0.0223673265  -0.0196409682  -0.0127084167
       -0.0134113899   0.0006079616   0.0236669958   0.0195676762   0.0031871232
       -0.0040683887   0.0033272211  -0.0058979504  -0.0312659804  -0.0707389943
       -0.0353959737   0.2528819644   0.3301208691   0.0002513431   0.0000746789
        0.0000451191   0.0000394522  -0.0001547787  -0.0000152410   0.0001059217
       -0.0001232791  -0.0001520498  -0.0000575345   0.0000147747   0.0000122152
        0.0000524767   0.0000547445  -0.0000238287   0.0000608107   0.0000015835
        0.0000039948   0.0000616780  -0.0000418583   0.0000215348   0.0000444561
       -0.0000930151   0.0000866113   0.0026672599  -0.0047667998   0.0030793226
       -0.0004426522   0.0001528366  -0.0000164750  -0.0002316420  -0.0005330597
       -0.0003248138   0.0000342208   0.0000277487   0.0000159172   0.0012381287
        0.0000258348  -0.0000462510  -0.0178495633  -0.0068104966  -0.0034354230
        0.0907976399  -0.0626823403  -0.0956048715
       -0.0805174487  -0.0271204418   0.0818311025   0.0033056459   0.0046315673
       -0.0023613794   0.0004354538  -0.0014922305  -0.0003845843  -0.0004671491
        0.0004185732   0.0001723364   0.0000398045   0.0000375416   0.0002242068
        0.0002142686   0.0000662124  -0.0000437275   0.0000140782   0.0001601035
       -0.0000805059  -0.0001917073  -0.0001123102   0.0001073823   0.0002637390
       -0.0002578932   0.0000017613  -0.0005130582  -0.0006227746  -0.0003078759
       -0.0005913173  -0.0005507318  -0.0008374230  -0.0001265297   0.0000733096
       -0.0000400112   0.0000862380  -0.0000819432  -0.0000894384  -0.0000113815
       -0.0000028751   0.0000371896  -0.0002223575   0.0000384010   0.0000301295
        0.0001346873   0.0002272075   0.0002513431   0.0917094119   0.0300077887
       -0.0971917745  -0.0166481834  -0.0098551590   0.0288142556   0.0048790863
        0.0036891651  -0.0093820988  -0.0001222731   0.0001449674  -0.0000730332
        0.0000277838   0.0000388062   0.0000054441  -0.0000052162   0.0000131179
       -0.0000159496  -0.0000002780   0.0000137796   0.0000073289  -0.0000251068
        0.0000705094   0.0000044259  -0.0016569114   0.0003382690  -0.0007769378
       -0.0000090982   0.0000112775   0.0000065408   0.0000018681   0.0000108801
        0.0000079185  -0.0000109482  -0.0000042663  -0.0000039007   0.0000132664
        0.0000016865   0.0000106926  -0.0000046841   0.0000236868   0.0000170791
       -0.0000016833   0.0000837755   0.0000595030
       -0.0256326525  -0.0544683062   0.0560802265   0.0072216834   0.0045123432
       -0.0185925418   0.0001101005  -0.0049169933  -0.0019455618  -0.0002828215
        0.0004485713  -0.0004415343   0.0000516126   0.0000057092   0.0001268812
        0.0000916456   0.0000571695  -0.0000603321  -0.0000380502   0.0001129107
       -0.0000239684  -0.0000946370  -0.0000507611   0.0001047727   0.0000275671
       -0.0000188719   0.0000982067   0.0000901214  -0.0001974937   0.0000040818
       -0.0001702140   0.0003710103   0.0001163227  -0.0000673564  -0.0001605758
       -0.0001657926  -0.0000326276  -0.0000518072  -0.0000451876  -0.0000060246
       -0.0000290276  -0.0000030114  -0.0001052198   0.0000290287   0.0000079395
        0.0002013152  -0.0000650659   0.0000746789   0.0300077887   0.0651417221
       -0.0656994545  -0.0013747473   0.0000367796   0.0020814467  -0.0106966536
       -0.0109318258   0.0281720595  -0.0000033933  -0.0000091545  -0.0000851523
        0.0000294308   0.0000083499   0.0000015956  -0.0000144306  -0.0000009458
       -0.0000119487  -0.0000068099   0.0000044762  -0.0000155731  -0.0000116797
        0.0000268686  -0.0000268165   0.0006149670   0.0001021793   0.0002272102
        0.0000433263   0.0000039796   0.0000035029  -0.0000105855  -0.0000059419
       -0.0000038221   0.0000027171   0.0000027510  -0.0000025674   0.0000030173
       -0.0000016463   0.0000111547   0.0000200204   0.0000105594  -0.0000074952
        0.0000325899   0.0000340084   0.0000206801
        0.0834025673   0.0604570435  -0.2267500499   0.0091103365   0.0021675224
       -0.0233609604  -0.0003498517  -0.0050421784  -0.0017969555  -0.0006714370
        0.0004900360  -0.0006030889  -0.0000081511   0.0001751767  -0.0000701792
       -0.0000139650  -0.0000328282  -0.0000108672  -0.0000570549   0.0000397006
       -0.0000044865  -0.0001319306  -0.0000011765   0.0001165906   0.0000496205
        0.0000237240   0.0001481168   0.0002454867  -0.0004347750   0.0005806610
        0.0002591711  -0.0004526952  -0.0001306944  -0.0001471742   0.0000595537
       -0.0000035108   0.0000663988   0.0002081608   0.0001383004   0.0000333066
        0.0000477055   0.0000385956   0.0001748084   0.0001530049   0.0000672384
        0.0000591190  -0.0001598911   0.0000451191  -0.0971917745  -0.0656994545
        0.2611179411   0.0018659498   0.0005736348   0.0005072767   0.0041276650
        0.0068506943  -0.0104283875   0.0000033440  -0.0000920701   0.0000147904
        0.0000220138   0.0000259443  -0.0000164470   0.0000455445  -0.0000053754
       -0.0000133245   0.0000231521  -0.0000414651  -0.0000055132  -0.0000007350
       -0.0000527043   0.0000090854  -0.0011374922   0.0005368361   0.0002626525
        0.0000738033   0.0000340404   0.0000283198   0.0000208376  -0.0000076715
        0.0000003356  -0.0000140839   0.0000002763   0.0000126793   0.0000160271
        0.0000080170  -0.0000074750   0.0000467683   0.0000351309   0.0000073235
        0.0000777297   0.0001360833   0.0001069136
       -0.2800478793  -0.0146504402  -0.0203507141  -0.0120972953  -0.0051983135
       -0.0051024516   0.0006342803   0.0013309787   0.0017690674   0.0008148472
        0.0003693567   0.0000961573  -0.0001711947  -0.0002327815   0.0008149620
       -0.0001325516  -0.0000428012   0.0001183067  -0.0001665960   0.0000388969
       -0.0000272683  -0.0001329537   0.0001058874   0.0000266209   0.0000521499
        0.0001397340   0.0000479457  -0.0001099402  -0.0009148155  -0.0012423048
       -0.0000534611   0.0000339957   0.0000189040   0.0001759485  -0.0000789602
       -0.0000867887   0.0001206716  -0.0000149447  -0.0000133835  -0.0000293111
       -0.0000167375  -0.0000300908   0.0000050815  -0.0000749338  -0.0000324027
       -0.0004598890   0.0000081534   0.0000394522  -0.0166481834  -0.0013747473
        0.0018659498   0.3246646870   0.0184817705   0.0244375535  -0.0162447160
        0.0024043557  -0.0017720567   0.0000076550   0.0001815209  -0.0001538746
       -0.0000422454  -0.0000420325  -0.0000334769  -0.0000338474  -0.0000112059
       -0.0000276042  -0.0000346173  -0.0000062117  -0.0000175551  -0.0000093838
       -0.0000783284  -0.0000504709   0.0000099181  -0.0002574414  -0.0002151238
        0.0000018839   0.0000082596   0.0000050436  -0.0000090937  -0.0000299053
       -0.0000020641  -0.0000035825   0.0000042575   0.0000188026  -0.0000121791
        0.0000124779  -0.0000189960  -0.0000400496  -0.0000489851  -0.0000399998
       -0.0000081526  -0.0000460595  -0.0000421392
       -0.0148114259  -0.0441819810  -0.0000422806  -0.0215510230  -0.0038896354
       -0.0051248523  -0.0011223249   0.0012533388   0.0020459525   0.0000729449
       -0.0000238252  -0.0002592714   0.0002531344   0.0006353579  -0.0004213181
       -0.0001477431   0.0000278463  -0.0000872767   0.0000474830  -0.0000354057
        0.0000334413   0.0001444362  -0.0000169520  -0.0000196554   0.0002669534
       -0.0003365813   0.0001638202  -0.0006639140  -0.0020378653  -0.0033558640
        0.0003052613  -0.0001280921  -0.0002778513   0.0001000912   0.0000773103
        0.0000738569   0.0001038020   0.0000127616   0.0000071791  -0.0000239055
        0.0000104265  -0.0000038613  -0.0000418188  -0.0002512879  -0.0000583332
       -0.0010696141  -0.0002173974  -0.0001547787  -0.0098551590   0.0000367796
        0.0005736348   0.0184817705   0.0496872091   0.0033455167   0.0298268397
       -0.0003348193   0.0030109130   0.0000536981  -0.0000929272   0.0002527535
       -0.0000823552  -0.0000895888   0.0000337503  -0.0000322750  -0.0000364193
        0.0000283884  -0.0000547784  -0.0000167368   0.0000111851  -0.0000487280
       -0.0001103169   0.0000479617  -0.0000092032   0.0000072880   0.0001557935
       -0.0000146912   0.0000139975  -0.0000011104   0.0000040476   0.0000029508
        0.0000071669  -0.0000011142  -0.0000011444   0.0000052880  -0.0000025550
       -0.0000009026  -0.0000026048  -0.0000781213  -0.0000419766  -0.0000125677
       -0.0000497123   0.0000785889   0.0000250240
       -0.0204783250  -0.0004033389  -0.0463474519  -0.0221259209  -0.0031595965
       -0.0032176167  -0.0002994170   0.0012877443   0.0017402531  -0.0005012064
       -0.0008349800  -0.0006435768   0.0007261510   0.0003660888  -0.0006172952
        0.0005362804   0.0001101344  -0.0000819829  -0.0000333958   0.0002380830
       -0.0001000872  -0.0002638955  -0.0001720068   0.0000781726   0.0005162154
       -0.0004816276   0.0002036281  -0.0005334169  -0.0033274878  -0.0021323401
        0.0004338366  -0.0003308927  -0.0000821846   0.0000683599   0.0000642194
        0.0000411234   0.0001242876   0.0000351069   0.0000055863  -0.0000369824
        0.0000097501   0.0000055175  -0.0000377970  -0.0001588915  -0.0001900520
       -0.0011061703  -0.0002995425  -0.0000152410   0.0288142556   0.0020814467
        0.0005072767   0.0244375535   0.0033455167   0.0513528065  -0.0097035884
        0.0009390304  -0.0000739330  -0.0001425663   0.0002799693  -0.0004660607
       -0.0000647706   0.0000014391   0.0000272970  -0.0000875230   0.0000322502
       -0.0000098739  -0.0000816316   0.0000441581  -0.0000232938  -0.0000651419
        0.0001217304  -0.0000427480   0.0000483350   0.0001996718   0.0000200676
       -0.0000203522   0.0000041282   0.0000195444   0.0000077257  -0.0000036824
        0.0000013480  -0.0000071546  -0.0000010912   0.0000067643   0.0000004732
        0.0000049428  -0.0000060229  -0.0000906276  -0.0000338036  -0.0000313698
       -0.0000335905   0.0000415307   0.0000717449
       -0.0727441473   0.0759869537  -0.0238323813   0.0033125705  -0.0031518539
        0.0037467409  -0.0000264595   0.0000694879  -0.0006326161   0.0001570407
       -0.0001289805   0.0003736495  -0.0000133797   0.0002806208  -0.0004357221
       -0.0001660774  -0.0000535359   0.0000553464   0.0001237195  -0.0001399581
        0.0000698934   0.0001504387   0.0000512798  -0.0000913767   0.0000126333
        0.0000546961   0.0000977905  -0.0006749293   0.0001848119  -0.0007180628
       -0.0005338585  -0.0007550516  -0.0004418687  -0.0000705513  -0.0000434836
        0.0001556826   0.0000730431  -0.0001041412  -0.0000437190  -0.0000106459
        0.0000605899  -0.0000200508  -0.0002030883  -0.0000088044   0.0000979592
        0.0000677960   0.0002668643   0.0001059217   0.0048790863  -0.0106966536
        0.0041276650  -0.0162447160   0.0298268397  -0.0097035884   0.0835606317
       -0.0908702261   0.0264232856  -0.0000370961  -0.0000724958   0.0003049940
       -0.0000342254  -0.0000231538  -0.0000030168   0.0000310234  -0.0000204270
        0.0000132170   0.0000151277  -0.0000308813   0.0000013412  -0.0000013405
       -0.0000899161   0.0000231537  -0.0016234884  -0.0007077658   0.0002530326
       -0.0000069354   0.0000085968  -0.0000046091   0.0000172213   0.0000235117
        0.0000051985   0.0000005219  -0.0000047301  -0.0000013301  -0.0000090619
       -0.0000096863   0.0000008363   0.0000033264   0.0000222971   0.0000224196
       -0.0000041799   0.0000751958   0.0000502144
        0.0787635216  -0.2317091746   0.0605355073   0.0084089984  -0.0235892232
        0.0008110447  -0.0007913775   0.0003094309  -0.0038858863  -0.0007749788
       -0.0011350256   0.0006215423  -0.0000193249  -0.0001200525   0.0001128011
       -0.0000365595  -0.0001149277   0.0000852019  -0.0000259521   0.0001149692
       -0.0000390337  -0.0002192897  -0.0000219178  -0.0001017028   0.0003458202
       -0.0000023345   0.0000861007  -0.0003526084   0.0004318802  -0.0007855267
        0.0003196497  -0.0003154671  -0.0004536532  -0.0001148109   0.0000064159
        0.0001058408   0.0000973117   0.0001649533   0.0001390281   0.0000266820
        0.0000559753   0.0000162780   0.0000945087   0.0000825767   0.0001261088
        0.0000306016   0.0001300654  -0.0001232791   0.0036891651  -0.0109318258
        0.0068506943   0.0024043557  -0.0003348193   0.0009390304  -0.0908702261
        0.2661347825  -0.0654618975   0.0000637458   0.0002615493  -0.0001664439
       -0.0000287736   0.0000395607  -0.0000008106   0.0000251884   0.0000215255
       -0.0000024617   0.0000104787  -0.0000207478   0.0000144079  -0.0000373097
        0.0000440833  -0.0000141868  -0.0011890029   0.0003144799   0.0004607959
        0.0000642808   0.0000336777   0.0000194669   0.0000229465   0.0000067120
        0.0000131041  -0.0000055436  -0.0000049918   0.0000105636   0.0000014970
        0.0000039360  -0.0000097088   0.0000480567   0.0000190271   0.0000291607
        0.0000489490   0.0001249069   0.0000679135
       -0.0223296993   0.0542619956  -0.0527981700   0.0071263112  -0.0193814505
        0.0044541159  -0.0000599064  -0.0000331788  -0.0045582557  -0.0003660676
       -0.0008651548   0.0005305552  -0.0000177251  -0.0000719657   0.0000552975
       -0.0000914653  -0.0000305796   0.0000188417   0.0000439992  -0.0000018677
       -0.0000240446  -0.0000620633  -0.0000206750  -0.0000871703   0.0002710256
        0.0000387648   0.0000563047  -0.0002544881   0.0001482015  -0.0004324668
       -0.0001683896   0.0002080094   0.0002245921  -0.0000637847  -0.0002090526
       -0.0000696326  -0.0000317973  -0.0000652632  -0.0000305123  -0.0000095295
        0.0000063240  -0.0000199000  -0.0001019784  -0.0000225284   0.0000542063
        0.0000833759   0.0000515877  -0.0001520498  -0.0093820988   0.0281720595
       -0.0104283875  -0.0017720567   0.0030109130  -0.0000739330   0.0264232856
       -0.0654618975   0.0632852940   0.0001705971   0.0000331798  -0.0001286248
       -0.0000254218  -0.0000021118  -0.0000012193  -0.0000077168   0.0000196834
        0.0000162526   0.0000065987  -0.0000002677   0.0000063926  -0.0000134943
        0.0000022405  -0.0000294838   0.0005376736   0.0001805863   0.0001242095
        0.0000420038   0.0000058188  -0.0000075258   0.0000018283   0.0000036898
       -0.0000030696   0.0000097344   0.0000006015  -0.0000042481  -0.0000034373
       -0.0000062902  -0.0000003708   0.0000220318   0.0000027510   0.0000159635
        0.0000226551   0.0000258770   0.0000070388
       -0.0000450166  -0.0000892315   0.0002962793   0.0002070225   0.0003430921
        0.0001322970   0.0018833647  -0.0011381223  -0.0001600911   0.0043809447
       -0.0053722422   0.0019720830  -0.1452266549   0.1169981441  -0.0404091869
       -0.0219312728   0.0223321838  -0.0075322047  -0.0054849743  -0.0011569114
        0.0015830932   0.0000344092  -0.0006492458   0.0002210973   0.0001741824
       -0.0016230085   0.0012455073  -0.0000296935   0.0000396545  -0.0001005122
       -0.0000227984   0.0000360685   0.0000252135  -0.0000154611   0.0000009952
        0.0000102906  -0.0000412894  -0.0000066390  -0.0000073112   0.0000093847
        0.0000042486   0.0000085284  -0.0000019793  -0.0000103523   0.0000001759
       -0.0000002094  -0.0000609622  -0.0000575345  -0.0001222731  -0.0000033933
        0.0000033440   0.0000076550   0.0000536981  -0.0001425663  -0.0000370961
        0.0000637458   0.0001705971   0.1664026684  -0.1310641212   0.0435667497
        0.0007657116   0.0005310005  -0.0004880531  -0.0011937229   0.0011621967
       -0.0003469381   0.0000044405  -0.0000574856  -0.0001311381   0.0002160322
       -0.0003907093   0.0001277788   0.0000030009   0.0000148762   0.0000084295
        0.0000146736   0.0000033799   0.0000002728   0.0000063407   0.0000051160
       -0.0000017866   0.0000038207   0.0000023508  -0.0000024607   0.0000039485
        0.0000002662   0.0000025951   0.0000131984   0.0000100118   0.0000042067
        0.0000216432   0.0000213958   0.0000012448
       -0.0000239826   0.0003328597  -0.0001261022  -0.0000347815  -0.0003343846
        0.0001271400   0.0018543208   0.0007748374  -0.0017458140   0.0152677601
       -0.0222474648   0.0085277700   0.1168910041  -0.1768606247   0.0514822516
        0.0002568681   0.0010285109  -0.0003119731  -0.0004427889   0.0024295535
        0.0023700175  -0.0008888619   0.0003371304  -0.0001194201  -0.0021197839
       -0.0034380702   0.0044113439  -0.0000769950  -0.0001014777  -0.0000092871
        0.0000513220   0.0000093541  -0.0000320198   0.0000443943  -0.0000172063
       -0.0000242017   0.0000590258   0.0000009205   0.0000179769  -0.0000048792
        0.0000072422  -0.0000123348  -0.0000161798   0.0000313739   0.0000142282
        0.0000139032   0.0000649133   0.0000147747   0.0001449674  -0.0000091545
       -0.0000920701   0.0001815209  -0.0000929272   0.0002799693  -0.0000724958
        0.0002615493   0.0000331798  -0.1310641212   0.1987703093  -0.0632806644
       -0.0008266911   0.0005262402  -0.0013218903  -0.0000690828   0.0000053507
        0.0000551752  -0.0000898375  -0.0001982377  -0.0006290832   0.0009429678
       -0.0012315283   0.0003437417  -0.0000099848   0.0000217672   0.0000275045
        0.0000039223   0.0000049685   0.0000089184  -0.0000006441  -0.0000102334
        0.0000031038  -0.0000019751  -0.0000035026   0.0000064162  -0.0000100870
        0.0000032542  -0.0000088449   0.0000111246  -0.0000094882  -0.0000022931
        0.0000300708  -0.0000558350  -0.0000075131
       -0.0000002356  -0.0000547964  -0.0003445343   0.0003516991   0.0005338279
        0.0001458915   0.0000010843  -0.0018407753  -0.0015477846  -0.0088888649
        0.0097358917  -0.0021215368  -0.0402297258   0.0527233589  -0.0508869280
        0.0022553667  -0.0025051048   0.0006428257   0.0013451081   0.0025463662
        0.0068371330   0.0001890757  -0.0001559212  -0.0001353175   0.0016656946
        0.0041433352   0.0052803235   0.0001602368  -0.0001583628   0.0000808085
        0.0000001104   0.0000056724   0.0000221457  -0.0000130796   0.0000041836
       -0.0000302127   0.0000001413  -0.0000012588   0.0000102956  -0.0000177339
       -0.0000048207  -0.0000085258  -0.0000056446  -0.0000163804  -0.0000136692
       -0.0000927087  -0.0000050616   0.0000122152  -0.0000730332  -0.0000851523
        0.0000147904  -0.0001538746   0.0002527535  -0.0004660607   0.0003049940
       -0.0001664439  -0.0001286248   0.0435667497  -0.0632806644   0.0466116788
        0.0000086497  -0.0014602099  -0.0022288527   0.0001618719   0.0000012025
        0.0002882517  -0.0001121004  -0.0006096878  -0.0014639740  -0.0004159262
        0.0004434685  -0.0005225993   0.0000305812  -0.0000278459  -0.0000311581
       -0.0000090891  -0.0000019673  -0.0000059946  -0.0000035055  -0.0000057259
       -0.0000018650   0.0000003227  -0.0000000755  -0.0000025858  -0.0000053249
        0.0000010881  -0.0000034695  -0.0000199019  -0.0000121292  -0.0000062128
       -0.0000009374   0.0000012354   0.0000035467
        0.0000157932   0.0000160333   0.0002708356   0.0001690768  -0.0002802316
       -0.0002738506  -0.0006975088  -0.0011649631   0.0007922893  -0.0053494131
       -0.0001568372   0.0013631286  -0.0132656767  -0.0261577937   0.0115789037
       -0.0748069436  -0.0754597663   0.0338346125   0.0059953625   0.0154284863
       -0.0067554671  -0.0015830087   0.0032665150  -0.0006335242  -0.0003313326
        0.0004399217  -0.0001665398  -0.0001404753   0.0002104350  -0.0001217394
        0.0000169047  -0.0000519022  -0.0000634995  -0.0000305509  -0.0000618684
       -0.0000213817   0.0000557695   0.0000269225   0.0000323514  -0.0000427195
       -0.0000000522  -0.0000199201  -0.0000320637   0.0000265076   0.0000311456
       -0.0000353072   0.0000285261   0.0000524767   0.0000277838   0.0000294308
        0.0000220138  -0.0000422454  -0.0000823552  -0.0000647706  -0.0000342254
       -0.0000287736  -0.0000254218   0.0007657116  -0.0008266911   0.0000086497
        0.0882541431   0.0832392028  -0.0389035423   0.0008884196   0.0006864633
       -0.0004984900   0.0002045720   0.0008662855  -0.0003610240   0.0000107236
       -0.0000170339  -0.0001051782   0.0000094190   0.0000052995  -0.0000008845
       -0.0000211261   0.0000059150   0.0000074026  -0.0000008525  -0.0000077511
        0.0000071541  -0.0000043106  -0.0000024138   0.0000067548  -0.0000124351
        0.0000001762  -0.0000064666  -0.0000068384  -0.0000120801  -0.0000054323
        0.0000233541   0.0000343928   0.0000194142
       -0.0000081326   0.0001539970   0.0001654138   0.0004019451  -0.0002510036
       -0.0002796573  -0.0004815952  -0.0003742390   0.0001987228  -0.0005214066
        0.0024546085   0.0025461082  -0.0039854033  -0.0055357852   0.0029107506
       -0.0752606218  -0.2281674518   0.0851129013  -0.0070468742  -0.0222892739
        0.0100195222   0.0038669696  -0.0018549853   0.0035817184   0.0004618843
        0.0007143553  -0.0004255436  -0.0001434889   0.0000378050  -0.0000420617
        0.0000404423  -0.0000455856  -0.0000590185  -0.0000218742  -0.0000479891
       -0.0000356975   0.0000722144   0.0000256992   0.0000344360  -0.0000386389
       -0.0000037944  -0.0000199567  -0.0000224318   0.0000357990   0.0000326637
       -0.0000241629   0.0000435313   0.0000547445   0.0000388062   0.0000083499
        0.0000259443  -0.0000420325  -0.0000895888   0.0000014391  -0.0000231538
        0.0000395607  -0.0000021118   0.0005310005   0.0005262402  -0.0014602099
        0.0832392028   0.2556944974  -0.1011318293  -0.0006033261   0.0003903132
       -0.0011397259  -0.0003657396  -0.0012636667   0.0005051412  -0.0000407010
       -0.0001843912  -0.0006168198   0.0000069940   0.0000031230   0.0000050006
       -0.0000187351   0.0000054185   0.0000085936  -0.0000019081  -0.0000121463
        0.0000056113  -0.0000048541  -0.0000055075   0.0000101798  -0.0000127973
       -0.0000002509  -0.0000095698  -0.0000088336  -0.0000178526  -0.0000083543
        0.0000172527   0.0000102137   0.0000116648
        0.0000374928  -0.0000623169  -0.0000718096  -0.0003207383   0.0003371490
        0.0002034831   0.0004011086  -0.0002238396  -0.0003048184   0.0012957487
        0.0022635435   0.0071921865   0.0029573648   0.0048613528  -0.0013352251
        0.0336920247   0.0850964963  -0.0717732983   0.0023657534   0.0082154365
       -0.0028114745  -0.0007733534   0.0036726776   0.0064647028  -0.0003485047
       -0.0002661741  -0.0000796161   0.0001121024  -0.0000009770  -0.0000033318
       -0.0000296001   0.0000208889   0.0000336966   0.0000158917   0.0000333674
        0.0000110727  -0.0000272055  -0.0000182282  -0.0000078000   0.0000094682
        0.0000016036   0.0000090988   0.0000202640  -0.0000186058  -0.0000089452
       -0.0000037414  -0.0000406150  -0.0000238287   0.0000054441   0.0000015956
       -0.0000164470  -0.0000334769   0.0000337503   0.0000272970  -0.0000030168
       -0.0000008106  -0.0000012193  -0.0004880531  -0.0013218903  -0.0022288527
       -0.0389035423  -0.1011318293   0.0685288917   0.0000008755  -0.0012647517
       -0.0020555856   0.0001307610   0.0004413451  -0.0002372489  -0.0001204578
       -0.0006249389  -0.0015047688  -0.0000001669  -0.0000023798  -0.0000052075
        0.0000066354  -0.0000011697  -0.0000053548   0.0000019630   0.0000001332
       -0.0000030262   0.0000000807   0.0000002549  -0.0000032712   0.0000061806
       -0.0000003173   0.0000032206  -0.0000010642   0.0000033265   0.0000064752
       -0.0000062382  -0.0000040772   0.0000010050
       -0.0000464255   0.0001399995   0.0001703538   0.0005450181  -0.0002221161
       -0.0003224463  -0.0000704651   0.0000493221   0.0000004105   0.0009457739
        0.0002680203  -0.0001446209  -0.0015477057   0.0036823490  -0.0008558471
       -0.0227990720  -0.0009435704   0.0022065852  -0.2909136942  -0.0302372619
        0.0325456592  -0.0138258489  -0.0032222568   0.0024118028   0.0003169692
       -0.0022613418   0.0014304539  -0.0001413785  -0.0000325530   0.0000074837
        0.0000578292  -0.0000557101  -0.0000578646  -0.0000333381  -0.0000515617
       -0.0000411808   0.0000732799   0.0000271063   0.0000316676  -0.0000586537
       -0.0000074919  -0.0000263188  -0.0000260318   0.0000338246   0.0000272522
       -0.0000281887   0.0000582870   0.0000608107  -0.0000052162  -0.0000144306
        0.0000455445  -0.0000338474  -0.0000322750  -0.0000875230   0.0000310234
        0.0000251884  -0.0000077168  -0.0011937229  -0.0000690828   0.0001618719
        0.0008884196  -0.0006033261   0.0000008755   0.3276631222   0.0330946046
       -0.0372401477   0.0009527215   0.0004642836  -0.0004476472  -0.0007288566
       -0.0000962950   0.0001143732   0.0000116202   0.0000028053   0.0000026536
       -0.0000194304   0.0000054798   0.0000069164  -0.0000008789  -0.0000083284
        0.0000048915  -0.0000031689  -0.0000002452   0.0000084969  -0.0000135619
        0.0000030234  -0.0000079738  -0.0000124782  -0.0000136982  -0.0000100185
        0.0000161866   0.0000172511   0.0000112022
        0.0000086558   0.0000863595   0.0000070175   0.0002149048  -0.0000839331
       -0.0000812382  -0.0000896092  -0.0001696399  -0.0006064773   0.0001438809
       -0.0004213258   0.0002996774   0.0032736745  -0.0017494450   0.0034973382
        0.0216444960   0.0019819804  -0.0025645923  -0.0302825901  -0.0461159796
        0.0082067483  -0.0259086200  -0.0042330653   0.0037664403  -0.0017630082
       -0.0032092830   0.0043714825  -0.0000157684  -0.0000438655   0.0000210532
        0.0000100305  -0.0000075607  -0.0000094336  -0.0000044037  -0.0000060884
       -0.0000119030   0.0000073476   0.0000070369   0.0000099211   0.0000032653
       -0.0000041308   0.0000004248  -0.0000069781   0.0000124026   0.0000059130
       -0.0000108000   0.0000047776   0.0000015835   0.0000131179  -0.0000009458
       -0.0000053754  -0.0000112059  -0.0000364193   0.0000322502  -0.0000204270
        0.0000215255   0.0000196834   0.0011621967   0.0000053507   0.0000012025
        0.0006864633   0.0003903132  -0.0012647517   0.0330946046   0.0535629183
       -0.0149209300  -0.0008171719   0.0003483050  -0.0010971697  -0.0013388563
       -0.0003105117   0.0003031381  -0.0000014614  -0.0000026234   0.0000042769
       -0.0000034794  -0.0000016550   0.0000028443  -0.0000005633  -0.0000053705
        0.0000007688  -0.0000013317  -0.0000070266   0.0000029470  -0.0000022554
       -0.0000038111  -0.0000017869   0.0000011112  -0.0000063540  -0.0000014485
        0.0000147809  -0.0000019353   0.0000103956
        0.0000186524   0.0000585347  -0.0000054852   0.0003060456   0.0000745787
       -0.0000954255  -0.0001314786  -0.0008984203  -0.0013398313  -0.0003462404
        0.0006277410   0.0001943504  -0.0003195185   0.0034332857   0.0060192149
       -0.0072145273  -0.0005563875   0.0007289825   0.0325444015   0.0081139882
       -0.0377152417   0.0114693202   0.0019545828  -0.0017504693   0.0011336084
        0.0043002652   0.0054280964   0.0000417007  -0.0001166982   0.0000520305
        0.0000163849   0.0000065641   0.0000122374  -0.0000004552   0.0000104029
       -0.0000142054  -0.0000046125   0.0000001007  -0.0000000804   0.0000008784
       -0.0000019569  -0.0000016135   0.0000068453   0.0000007932  -0.0000091577
       -0.0000199689   0.0000001351   0.0000039948  -0.0000159496  -0.0000119487
       -0.0000133245  -0.0000276042   0.0000283884  -0.0000098739   0.0000132170
       -0.0000024617   0.0000162526  -0.0003469381   0.0000551752   0.0002882517
       -0.0004984900  -0.0011397259  -0.0020555856  -0.0372401477  -0.0149209300
        0.0321658824   0.0000484550  -0.0012063754  -0.0020288482   0.0005673636
        0.0001878529   0.0001390166   0.0000014748  -0.0000045477  -0.0000011683
        0.0000035143  -0.0000008647  -0.0000026238  -0.0000000856   0.0000014504
       -0.0000034242  -0.0000015830   0.0000010299  -0.0000033509  -0.0000002305
        0.0000024008  -0.0000000705  -0.0000029439  -0.0000005300   0.0000007878
       -0.0000010880   0.0000035769   0.0000006820
       -0.0000330277   0.0001744242   0.0001125141   0.0000038937  -0.0002227476
       -0.0002910954  -0.0009699259   0.0015119192  -0.0002875971  -0.0053151987
       -0.0012098237   0.0011514657   0.0000598165  -0.0007023214   0.0002591389
        0.0003928134  -0.0017419894   0.0012876270   0.0056184972  -0.0059681289
        0.0020400342  -0.1437911868   0.1172101712  -0.0389306422  -0.0226379567
        0.0223849288  -0.0071928800  -0.0001587653  -0.0001176427   0.0002087893
        0.0000341264  -0.0000731599  -0.0000597070  -0.0000375877  -0.0000502927
       -0.0000681561   0.0000690528   0.0000403173   0.0000357830  -0.0000447315
       -0.0000076926  -0.0000211574  -0.0000388250   0.0000420197   0.0000234099
       -0.0000532623   0.0000503353   0.0000616780  -0.0000002780  -0.0000068099
        0.0000231521  -0.0000346173  -0.0000547784  -0.0000816316   0.0000151277
        0.0000104787   0.0000065987   0.0000044405  -0.0000898375  -0.0001121004
        0.0002045720  -0.0003657396   0.0001307610   0.0009527215  -0.0008171719
        0.0000484550   0.1649880041  -0.1305679997   0.0420858090   0.0007964359
        0.0005501215  -0.0004537450   0.0000154545  -0.0000015742   0.0000048970
       -0.0000242446   0.0000082969   0.0000073241  -0.0000065862  -0.0000107273
        0.0000034574  -0.0000059581  -0.0000013732   0.0000073859  -0.0000129550
        0.0000042757  -0.0000082796  -0.0000137555  -0.0000149624  -0.0000135388
        0.0000239058   0.0000374845   0.0000222504
        0.0000291232  -0.0000621095  -0.0000996479  -0.0003098504   0.0000616833
        0.0002229979   0.0002092159   0.0000468742  -0.0001065260  -0.0007669144
        0.0023395880   0.0024549554  -0.0007743764   0.0003135602  -0.0001678515
       -0.0022705822  -0.0033084899   0.0046283591   0.0165129001  -0.0220620659
        0.0079653135   0.1171442337  -0.1799412247   0.0500250902   0.0002910945
        0.0011955976  -0.0001619093   0.0000780284   0.0000159109   0.0000010910
       -0.0000360801   0.0000366659   0.0000348504   0.0000121387   0.0000362941
        0.0000259709  -0.0000598861  -0.0000112279  -0.0000177681   0.0000395055
        0.0000017860   0.0000177333   0.0000085611  -0.0000185974  -0.0000201252
        0.0000155926  -0.0000346721  -0.0000418583   0.0000137796   0.0000044762
       -0.0000414651  -0.0000062117  -0.0000167368   0.0000441581  -0.0000308813
       -0.0000207478  -0.0000002677  -0.0000574856  -0.0001982377  -0.0006096878
        0.0008662855  -0.0012636667   0.0004413451   0.0004642836   0.0003483050
       -0.0012063754  -0.1305679997   0.2020188110  -0.0620591772  -0.0008346813
        0.0005259025  -0.0013249928  -0.0000068228  -0.0000057622  -0.0000045996
        0.0000130129  -0.0000052257  -0.0000061863   0.0000002029   0.0000077680
       -0.0000024981   0.0000029214  -0.0000013110  -0.0000061336   0.0000091072
       -0.0000030444   0.0000049263   0.0000099033   0.0000080511   0.0000086432
        0.0000018817  -0.0000081544   0.0000016354
       -0.0000040614   0.0000325323  -0.0000405110   0.0002048054  -0.0001260401
       -0.0001281655  -0.0002846254  -0.0001213111   0.0001615242   0.0014779809
        0.0028797742   0.0071952158   0.0002594194  -0.0002779262  -0.0000674784
        0.0015146964   0.0044952613   0.0057971523  -0.0071050245   0.0096880733
       -0.0025780532  -0.0388305889   0.0500531959  -0.0516974334   0.0016454127
       -0.0019282610   0.0013262504  -0.0000641372  -0.0000243864  -0.0000147482
        0.0000154322  -0.0000187196  -0.0000071418  -0.0000044475  -0.0000235562
       -0.0000121505   0.0000154226   0.0000117884   0.0000024890   0.0000065992
       -0.0000041691  -0.0000045783  -0.0000172245   0.0000132152   0.0000057906
       -0.0000041821   0.0000347369   0.0000215348   0.0000073289  -0.0000155731
       -0.0000055132  -0.0000175551   0.0000111851  -0.0000232938   0.0000013412
        0.0000144079   0.0000063926  -0.0001311381  -0.0006290832  -0.0014639740
       -0.0003610240   0.0005051412  -0.0002372489  -0.0004476472  -0.0010971697
       -0.0020288482   0.0420858090  -0.0620591772   0.0461021541   0.0000458001
       -0.0014112074  -0.0023104950   0.0000021441  -0.0000010159   0.0000016979
       -0.0000010972   0.0000000947   0.0000047949  -0.0000017286  -0.0000003542
        0.0000011156  -0.0000018487  -0.0000004984   0.0000013228  -0.0000057186
        0.0000019405   0.0000017163  -0.0000008543  -0.0000056405  -0.0000041246
        0.0000007109   0.0000027424  -0.0000053936
       -0.0000145966   0.0000542364  -0.0000371520   0.0000597703   0.0004114426
        0.0002846168   0.0013812602  -0.0000530786  -0.0005797614   0.0062048461
        0.0151882709  -0.0064612471  -0.0019120857   0.0029924690  -0.0004860241
       -0.0003543517   0.0004263057  -0.0001379851  -0.0056067398  -0.0002403084
        0.0011398846  -0.0125885711  -0.0258715637   0.0115699510  -0.0767422242
       -0.0780365459   0.0348182019   0.0000748275  -0.0001188584   0.0000704790
       -0.0000259524   0.0000198224   0.0000395855   0.0000274494   0.0000190001
       -0.0000011490  -0.0000216384  -0.0000109891  -0.0000206521   0.0000262214
       -0.0000055683   0.0000069542  -0.0000034014  -0.0000364461  -0.0000256645
       -0.0000694035  -0.0000051126   0.0000444561  -0.0000251068  -0.0000116797
       -0.0000007350  -0.0000093838  -0.0000487280  -0.0000651419  -0.0000013405
       -0.0000373097  -0.0000134943   0.0002160322   0.0009429678  -0.0004159262
        0.0000107236  -0.0000407010  -0.0001204578  -0.0007288566  -0.0013388563
        0.0005673636   0.0007964359  -0.0008346813   0.0000458001   0.0892750570
        0.0866599882  -0.0401279423   0.0000159019  -0.0000129030  -0.0000043451
        0.0000135900  -0.0000040612  -0.0000014890  -0.0000020312  -0.0000014751
       -0.0000045388   0.0000054254  -0.0000010285  -0.0000012286   0.0000091257
        0.0000006108   0.0000026860   0.0000075013  -0.0000022073  -0.0000039142
       -0.0000184844  -0.0000030118  -0.0000811303
        0.0000240461   0.0000470355   0.0000667417   0.0003357546  -0.0004170344
       -0.0000222633  -0.0016782237   0.0010080233  -0.0013917679  -0.0064815518
       -0.0225678621   0.0100181776   0.0034613094  -0.0020222488   0.0033261243
        0.0007361009   0.0006009420  -0.0003715325  -0.0009773200   0.0025159912
        0.0023069357  -0.0037281437  -0.0055675019   0.0026475814  -0.0781420029
       -0.2295858248   0.0851795809  -0.0001241759   0.0000045616   0.0000332209
       -0.0000160585   0.0000229610   0.0000104037  -0.0000577276   0.0000213171
        0.0000156632  -0.0000712074   0.0000096948   0.0000131199   0.0000087260
        0.0000043706   0.0000119905   0.0000007866   0.0000096902  -0.0000066257
        0.0000280818  -0.0000510364  -0.0000930151   0.0000705094   0.0000268686
       -0.0000527043  -0.0000783284  -0.0001103169   0.0001217304  -0.0000899161
        0.0000440833   0.0000022405  -0.0003907093  -0.0012315283   0.0004434685
       -0.0000170339  -0.0001843912  -0.0006249389  -0.0000962950  -0.0003105117
        0.0001878529   0.0005501215   0.0005259025  -0.0014112074   0.0866599882
        0.2571646050  -0.1004992686  -0.0000103818  -0.0000150433  -0.0000029577
        0.0000036806  -0.0000083736  -0.0000053804   0.0000012249   0.0000125798
       -0.0000014035   0.0000021242  -0.0000002985  -0.0000058969   0.0000058767
       -0.0000025958   0.0000042600  -0.0000030946   0.0000055368   0.0000070172
        0.0000738394   0.0000504042   0.0000928531
        0.0000199345  -0.0000405211   0.0000276011   0.0006576884   0.0002538640
       -0.0000402569  -0.0009111442  -0.0022334342  -0.0019436674   0.0036976528
        0.0089218352  -0.0019680483  -0.0010365478   0.0034310264   0.0059691699
        0.0000719803  -0.0004122846  -0.0000285591   0.0012459592   0.0026278978
        0.0070132161   0.0022538753   0.0038300563  -0.0018474409   0.0344008765
        0.0855358410  -0.0695515934   0.0000889390  -0.0001518125   0.0000196745
        0.0000384248  -0.0000260911  -0.0000115078   0.0000264796  -0.0000073610
       -0.0000231300   0.0000215863   0.0000087668  -0.0000089022   0.0000140491
       -0.0000093422  -0.0000046487  -0.0000002558  -0.0000036976  -0.0000215043
       -0.0000680516   0.0000677526   0.0000866113   0.0000044259  -0.0000268165
        0.0000090854  -0.0000504709   0.0000479617  -0.0000427480   0.0000231537
       -0.0000141868  -0.0000294838   0.0001277788   0.0003437417  -0.0005225993
       -0.0001051782  -0.0006168198  -0.0015047688   0.0001143732   0.0003031381
        0.0001390166  -0.0004537450  -0.0013249928  -0.0023104950  -0.0401279423
       -0.1004992686   0.0666494046   0.0000094633  -0.0000049992  -0.0000017724
        0.0000003243  -0.0000016334   0.0000008789  -0.0000047250  -0.0000025286
        0.0000004848   0.0000021029  -0.0000005396  -0.0000013409  -0.0000053022
        0.0000041904  -0.0000005167  -0.0000103575  -0.0000087558  -0.0000092377
       -0.0000453475   0.0000090132  -0.0000429212
       -0.0016197745  -0.0002187762  -0.0002139157   0.0009898580   0.0010462359
        0.0006490807   0.0001769158  -0.0003292331  -0.0003956574   0.0000718906
        0.0000277695   0.0000400504   0.0000136471  -0.0000122955  -0.0000493461
       -0.0000496302  -0.0000101455   0.0000043764   0.0000015313  -0.0000242520
        0.0000071416   0.0000044660   0.0000033218  -0.0000119164  -0.0000061053
        0.0000348720  -0.0000179712   0.0046877496   0.0155092778   0.0122754609
       -0.0518027374  -0.0371694132  -0.0284127398  -0.0081303081  -0.0225748587
       -0.0176367405  -0.0051082199  -0.0018041870  -0.0003432402  -0.0003536776
       -0.0010997268  -0.0008255759  -0.0004536496   0.0001175108   0.0001231255
       -0.0030117207   0.0020737369   0.0026672599  -0.0016569114   0.0006149670
       -0.0011374922   0.0000099181  -0.0000092032   0.0000483350  -0.0016234884
       -0.0011890029   0.0005376736   0.0000030009  -0.0000099848   0.0000305812
        0.0000094190   0.0000069940  -0.0000001669   0.0000116202  -0.0000014614
        0.0000014748   0.0000154545  -0.0000068228   0.0000021441   0.0000159019
       -0.0000103818   0.0000094633   0.0671520867   0.0447875747   0.0329223713
        0.0006899650  -0.0006377966  -0.0008308372  -0.0002985801  -0.0000898255
       -0.0000892219   0.0001653207   0.0000156967  -0.0000535823  -0.0000421144
       -0.0000489199   0.0000305710  -0.0000287795   0.0000696017  -0.0000963408
        0.0001669518   0.0009387283   0.0007656351
       -0.0008783231   0.0006785803  -0.0001793717  -0.0004711833  -0.0013231253
        0.0007775215   0.0000031553   0.0001197225   0.0004455693  -0.0004181962
        0.0000704441  -0.0001100344   0.0000580249   0.0000259116   0.0000020938
       -0.0000237076   0.0000048056  -0.0000104396   0.0000036682   0.0000348277
       -0.0000000933  -0.0000597411  -0.0000022587   0.0000141186   0.0000107389
       -0.0000198154   0.0000335860  -0.0017323573  -0.0132575343  -0.0111747500
       -0.0374720625  -0.1925884194  -0.1261014038  -0.0040101399  -0.0079914415
       -0.0074051999  -0.0023513329   0.0036214536  -0.0038201522   0.0000415886
       -0.0005523403  -0.0002160806   0.0001058536   0.0004314294   0.0005513678
        0.0026387958   0.0017923051  -0.0047667998   0.0003382690   0.0001021793
        0.0005368361  -0.0002574414   0.0000072880   0.0001996718  -0.0007077658
        0.0003144799   0.0001805863   0.0000148762   0.0000217672  -0.0000278459
        0.0000052995   0.0000031230  -0.0000023798   0.0000028053  -0.0000026234
       -0.0000045477  -0.0000015742  -0.0000057622  -0.0000010159  -0.0000129030
       -0.0000150433  -0.0000049992   0.0447875747   0.2103261923   0.1488851288
        0.0007302986  -0.0004873896   0.0018878137  -0.0000934736  -0.0000547391
       -0.0000122692   0.0000298610   0.0000153318   0.0000268525   0.0000080298
        0.0000275132   0.0000193527   0.0000540592  -0.0006646117   0.0009255697
       -0.0003426969  -0.0006322503  -0.0006486856
       -0.0008258473  -0.0003164838   0.0005842628  -0.0010285734   0.0006863603
       -0.0018621298   0.0002256750   0.0004430177  -0.0001025044  -0.0003986813
       -0.0002884992   0.0002060419   0.0000043716   0.0000117726   0.0000119766
       -0.0000355522  -0.0000119914   0.0000052125   0.0000156299   0.0000139109
       -0.0000193035  -0.0000544359  -0.0000229179   0.0000026654   0.0001262125
       -0.0000169122   0.0000136113  -0.0011235603  -0.0124471463  -0.0097786510
       -0.0289091569  -0.1260270982  -0.1339069720  -0.0024740276  -0.0058499810
       -0.0030782358  -0.0006769531  -0.0037937208   0.0054442914  -0.0000738568
       -0.0000685548  -0.0002890736   0.0002047440   0.0005595363   0.0002010394
        0.0029441732  -0.0047821609   0.0030793226  -0.0007769378   0.0002272102
        0.0002626525  -0.0002151238   0.0001557935   0.0000200676   0.0002530326
        0.0004607959   0.0001242095   0.0000084295   0.0000275045  -0.0000311581
       -0.0000008845   0.0000050006  -0.0000052075   0.0000026536   0.0000042769
       -0.0000011683   0.0000048970  -0.0000045996   0.0000016979  -0.0000043451
       -0.0000029577  -0.0000017724   0.0329223713   0.1488851288   0.1418371331
        0.0002764105   0.0020197569  -0.0012467711  -0.0000617341   0.0000145262
       -0.0000535062   0.0000061067   0.0000002023   0.0000017069  -0.0000223417
       -0.0000644463  -0.0000308143  -0.0001147126   0.0009292544  -0.0010148591
       -0.0001979828  -0.0007465777  -0.0003737642
       -0.0000931726  -0.0000569459  -0.0000701482  -0.0003368973   0.0009915736
        0.0008943499  -0.0007922610  -0.0001536315  -0.0000143395   0.0002171682
        0.0000448910  -0.0000046190  -0.0001246586  -0.0000100057   0.0000499471
        0.0000352010  -0.0000002291  -0.0000001496  -0.0000179888  -0.0000048557
        0.0000025683   0.0000380289   0.0000145357  -0.0000032303  -0.0001325010
       -0.0000171720  -0.0000005265  -0.0049646115  -0.0026130294  -0.0010575590
       -0.0255035467   0.0138801772   0.0137061684  -0.1774450522   0.0904086000
        0.0877008849   0.0024951062  -0.0008222085  -0.0007708856   0.0010701292
       -0.0010046266  -0.0012327082   0.0006770772  -0.0012460493  -0.0003781246
        0.0002600542  -0.0004942632  -0.0004426522  -0.0000090982   0.0000433263
        0.0000738033   0.0000018839  -0.0000146912  -0.0000203522  -0.0000069354
        0.0000642808   0.0000420038   0.0000146736   0.0000039223  -0.0000090891
       -0.0000211261  -0.0000187351   0.0000066354  -0.0000194304  -0.0000034794
        0.0000035143  -0.0000242446   0.0000130129  -0.0000010972   0.0000135900
        0.0000036806   0.0000003243   0.0006899650   0.0007302986   0.0002764105
        0.2039896573  -0.0992086975  -0.0982744294  -0.0001620745  -0.0000546909
        0.0000182796   0.0000224872  -0.0003841242  -0.0001256876  -0.0000176659
        0.0000194938  -0.0000372493   0.0001388697  -0.0001325424  -0.0001915767
        0.0000073731   0.0000221847  -0.0001404655
        0.0000070093   0.0000123913   0.0000149976  -0.0003187360   0.0001258538
       -0.0000605571   0.0000114028   0.0000479676   0.0001023930  -0.0001291667
       -0.0000652013   0.0000383911   0.0000220118   0.0000122812  -0.0000162908
       -0.0000253287  -0.0000054487  -0.0000030974   0.0000013198   0.0000111420
        0.0000056045  -0.0000204837  -0.0000058929  -0.0000067140   0.0000444910
        0.0000069174   0.0000129456  -0.0020155856   0.0035886927  -0.0036628697
       -0.0045340592   0.0034664150   0.0028864536   0.0905933006  -0.1024694937
       -0.0641903507   0.0166886096  -0.0129677705  -0.0132606743   0.0014196349
       -0.0002134929   0.0013206715  -0.0015526492  -0.0006064578  -0.0066286748
       -0.0006197212  -0.0000791410   0.0001528366   0.0000112775   0.0000039796
        0.0000340404   0.0000082596   0.0000139975   0.0000041282   0.0000085968
        0.0000336777   0.0000058188   0.0000033799   0.0000049685  -0.0000019673
        0.0000059150   0.0000054185  -0.0000011697   0.0000054798  -0.0000016550
       -0.0000008647   0.0000082969  -0.0000052257   0.0000000947  -0.0000040612
       -0.0000083736  -0.0000016334  -0.0006377966  -0.0004873896   0.0020197569
       -0.0992086975   0.1111429407   0.0805367552  -0.0000405716   0.0002357485
        0.0001255119  -0.0010560421  -0.0004272742   0.0002154559   0.0003372759
        0.0000368002   0.0001038724   0.0009763380  -0.0007508125  -0.0006186144
        0.0000103003  -0.0006555628   0.0008737506
        0.0000138800  -0.0000084631   0.0000267193  -0.0003267029  -0.0001622162
        0.0000977567   0.0001373010   0.0000770907  -0.0000571781  -0.0001885699
        0.0000026725  -0.0000154069   0.0000538170   0.0000072177  -0.0000183822
       -0.0000275867   0.0000015821   0.0000074130   0.0000085264  -0.0000024306
       -0.0000074218  -0.0000258053  -0.0000021476   0.0000021611   0.0000455748
       -0.0000007621   0.0000159505  -0.0003130603  -0.0035447741   0.0052786289
       -0.0015366461   0.0011922841   0.0015814597   0.0879367654  -0.0640611418
       -0.0949316440   0.0141257369  -0.0116145706  -0.0097424689   0.0003844472
        0.0018588711  -0.0008917944  -0.0007778578  -0.0065846417   0.0022055601
       -0.0004987593   0.0001615568  -0.0000164750   0.0000065408   0.0000035029
        0.0000283198   0.0000050436  -0.0000011104   0.0000195444  -0.0000046091
        0.0000194669  -0.0000075258   0.0000002728   0.0000089184  -0.0000059946
        0.0000074026   0.0000085936  -0.0000053548   0.0000069164   0.0000028443
       -0.0000026238   0.0000073241  -0.0000061863   0.0000047949  -0.0000014890
       -0.0000053804   0.0000008789  -0.0008308372   0.0018878137  -0.0012467711
       -0.0982744294   0.0805367552   0.0991934384   0.0002385699   0.0003432587
        0.0001701415  -0.0004772255  -0.0003458824   0.0001671897  -0.0002775099
       -0.0001161145  -0.0002513755   0.0007240431  -0.0005261302  -0.0006305152
       -0.0001410735   0.0008695232  -0.0009690247
       -0.0000306195  -0.0000083548  -0.0000260183   0.0002429200  -0.0000101719
        0.0001529498  -0.0000991838   0.0000379715   0.0000276131   0.0000438043
        0.0000057306  -0.0000219558  -0.0000269394  -0.0000002721   0.0000163205
        0.0000122145  -0.0000011387   0.0000010755  -0.0000017040   0.0000043804
       -0.0000006527   0.0000080004   0.0000036963   0.0000017804  -0.0000318693
       -0.0000161388   0.0000030999   0.0000812210  -0.0002422165  -0.0001692170
       -0.0005416081  -0.0002589831  -0.0014593090  -0.0046165537  -0.0014068432
        0.0000030882  -0.0058416977  -0.0297229470  -0.0043962162  -0.0428643196
       -0.0150879968   0.0005901084   0.0002065978  -0.0012925063  -0.0011326383
        0.0005079159   0.0003618550  -0.0002316420   0.0000018681  -0.0000105855
        0.0000208376  -0.0000090937   0.0000040476   0.0000077257   0.0000172213
        0.0000229465   0.0000018283   0.0000063407  -0.0000006441  -0.0000035055
       -0.0000008525  -0.0000019081   0.0000019630  -0.0000008789  -0.0000005633
       -0.0000000856  -0.0000065862   0.0000002029  -0.0000017286  -0.0000020312
        0.0000012249  -0.0000047250  -0.0002985801  -0.0000934736  -0.0000617341
       -0.0001620745  -0.0000405716   0.0002385699   0.0515628162   0.0184505884
        0.0023462383   0.0007051991   0.0181899354   0.0031143020   0.0014666227
        0.0108115795   0.0003757553  -0.0004472333   0.0002719486   0.0006002215
        0.0001190834   0.0000292078   0.0000059507
       -0.0000371497   0.0000203174  -0.0000109342   0.0002157166  -0.0000028660
        0.0001757542  -0.0001255369  -0.0000236456   0.0000179307   0.0000926658
        0.0000299831  -0.0000300301  -0.0000393479  -0.0000001663   0.0000217626
        0.0000184464   0.0000064776   0.0000007058  -0.0000026068   0.0000020832
       -0.0000044756   0.0000168416   0.0000096932   0.0000054785  -0.0000402053
       -0.0000187912  -0.0000002945   0.0000393749   0.0002957675   0.0002294777
        0.0001605605   0.0000855846  -0.0006185695  -0.0019933013  -0.0005749546
        0.0000192117  -0.0060818004  -0.0112807406  -0.0030119824  -0.0143060921
       -0.2790430534  -0.0287325849   0.0018884467   0.0007017720  -0.0002245198
       -0.0001535735  -0.0000622593  -0.0005330597   0.0000108801  -0.0000059419
       -0.0000076715  -0.0000299053   0.0000029508  -0.0000036824   0.0000235117
        0.0000067120   0.0000036898   0.0000051160  -0.0000102334  -0.0000057259
       -0.0000077511  -0.0000121463   0.0000001332  -0.0000083284  -0.0000053705
        0.0000014504  -0.0000107273   0.0000077680  -0.0000003542  -0.0000014751
        0.0000125798  -0.0000025286  -0.0000898255  -0.0000547391   0.0000145262
       -0.0000546909   0.0002357485   0.0003432587   0.0184505884   0.3224037221
        0.0339053885   0.0012449672  -0.0128071097  -0.0033758938   0.0009572653
       -0.0202754147   0.0012214882  -0.0002538027   0.0003078942   0.0005584193
        0.0001117393   0.0000483785   0.0000436317
       -0.0000083801   0.0000236360   0.0000016589  -0.0002555677  -0.0000960676
        0.0000531483   0.0001158917  -0.0000335834  -0.0000470314  -0.0000601014
       -0.0000148257  -0.0000057025   0.0000288859   0.0000058945  -0.0000017707
       -0.0000120435  -0.0000059846  -0.0000072571   0.0000046263   0.0000116131
        0.0000086278  -0.0000164505  -0.0000135490  -0.0000101669   0.0000212912
        0.0000034149   0.0000091728   0.0002983864   0.0000017849  -0.0000019996
       -0.0006354872  -0.0001686556  -0.0002736583  -0.0010179267  -0.0003830807
        0.0005447441  -0.0041050206  -0.0067760768  -0.0013424969   0.0015620173
       -0.0286904743  -0.0457753655   0.0010105634   0.0003956688   0.0003875178
       -0.0001172392   0.0000069835  -0.0003248138   0.0000079185  -0.0000038221
        0.0000003356  -0.0000020641   0.0000071669   0.0000013480   0.0000051985
        0.0000131041  -0.0000030696  -0.0000017866   0.0000031038  -0.0000018650
        0.0000071541   0.0000056113  -0.0000030262   0.0000048915   0.0000007688
       -0.0000034242   0.0000034574  -0.0000024981   0.0000011156  -0.0000045388
       -0.0000014035   0.0000004848  -0.0000892219  -0.0000122692  -0.0000535062
        0.0000182796   0.0001255119   0.0001701415   0.0023462383   0.0339053885
        0.0499367658   0.0004317560  -0.0268472889  -0.0046406212   0.0000623612
        0.0286559398   0.0012913279   0.0003797952  -0.0001252576   0.0000843550
        0.0000171159   0.0000092466   0.0000050312
       -0.0000307645  -0.0000345039  -0.0000533614   0.0001641186   0.0000139665
        0.0002019684  -0.0001148342  -0.0000916897  -0.0000868343   0.0001499207
        0.0000277344  -0.0000186148  -0.0000429210  -0.0000132704   0.0000175858
        0.0000130579  -0.0000006122  -0.0000002366  -0.0000074505  -0.0000051331
       -0.0000007970   0.0000190023   0.0000048335  -0.0000028566  -0.0000527741
       -0.0000034659  -0.0000122813   0.0002118876   0.0000416683   0.0000537867
        0.0001590574   0.0005294915  -0.0000808242   0.0007107893   0.0016286642
        0.0010004596  -0.0233581112   0.0073651684   0.0222865906  -0.1180660594
        0.0381954827   0.1063525626  -0.0053495560  -0.0022813054  -0.0005093642
       -0.0012121046   0.0010845579   0.0000342208  -0.0000109482   0.0000027171
       -0.0000140839  -0.0000035825  -0.0000011142  -0.0000071546   0.0000005219
       -0.0000055436   0.0000097344   0.0000038207  -0.0000019751   0.0000003227
       -0.0000043106  -0.0000048541   0.0000000807  -0.0000031689  -0.0000013317
       -0.0000015830  -0.0000059581   0.0000029214  -0.0000018487   0.0000054254
        0.0000021242   0.0000021029   0.0001653207   0.0000298610   0.0000061067
        0.0000224872  -0.0010560421  -0.0004772255   0.0007051991   0.0012449672
        0.0004317560   0.1403118483  -0.0439250232  -0.1225732160   0.0058691654
       -0.0022602327  -0.0063561970   0.0000835650  -0.0004089284  -0.0001524467
       -0.0003326436  -0.0000791328  -0.0000483521
       -0.0000006825  -0.0000159763  -0.0000172272   0.0002315771   0.0000557259
        0.0000081459  -0.0000988561   0.0000230388   0.0000186314   0.0000593741
       -0.0000056868  -0.0000054628  -0.0000179763   0.0000045618   0.0000072792
        0.0000055263  -0.0000051291   0.0000004073  -0.0000086888  -0.0000004674
        0.0000032869   0.0000095439   0.0000071967  -0.0000034215  -0.0000114960
       -0.0000007427  -0.0000012393  -0.0001810822  -0.0000444415  -0.0000113148
        0.0002765229  -0.0000541492   0.0000461086  -0.0015019778   0.0004869929
        0.0005915806  -0.0014444205   0.0023369833   0.0053856548   0.0374166377
       -0.0645322077  -0.0536640565  -0.0013047587   0.0002204860  -0.0004996284
        0.0000355718   0.0004499287   0.0000277487  -0.0000042663   0.0000027510
        0.0000002763   0.0000042575  -0.0000011444  -0.0000010912  -0.0000047301
       -0.0000049918   0.0000006015   0.0000023508  -0.0000035026  -0.0000000755
       -0.0000024138  -0.0000055075   0.0000002549  -0.0000002452  -0.0000070266
        0.0000010299  -0.0000013732  -0.0000013110  -0.0000004984  -0.0000010285
       -0.0000002985  -0.0000005396   0.0000156967   0.0000153318   0.0000002023
       -0.0003841242  -0.0004272742  -0.0003458824   0.0181899354  -0.0128071097
       -0.0268472889  -0.0439250232   0.0699786560   0.0629790035  -0.0071389415
        0.0043496092   0.0121655339  -0.0001713432   0.0000441493   0.0001214542
       -0.0000435660  -0.0000584443   0.0000405267
        0.0000306776   0.0000052849   0.0000128502  -0.0001765592  -0.0000033049
       -0.0000689315   0.0000839015   0.0000337186   0.0000066881  -0.0000910348
       -0.0000279677   0.0000105669   0.0000339143   0.0000052055  -0.0000080343
       -0.0000181141  -0.0000059994   0.0000010889   0.0000024803   0.0000027274
        0.0000032460  -0.0000148819  -0.0000052364  -0.0000078021   0.0000384124
        0.0000048114   0.0000128493  -0.0001413187   0.0002598731   0.0002732497
        0.0003254152  -0.0001517856   0.0000069404  -0.0016244645  -0.0000618105
        0.0004214634   0.0004664823   0.0008268261   0.0029690041   0.1065541166
       -0.0534997753  -0.1876004595  -0.0002267466  -0.0003772946   0.0002447189
       -0.0004955918  -0.0001785747   0.0000159172  -0.0000039007  -0.0000025674
        0.0000126793   0.0000188026   0.0000052880   0.0000067643  -0.0000013301
        0.0000105636  -0.0000042481  -0.0000024607   0.0000064162  -0.0000025858
        0.0000067548   0.0000101798  -0.0000032712   0.0000084969   0.0000029470
       -0.0000033509   0.0000073859  -0.0000061336   0.0000013228  -0.0000012286
       -0.0000058969  -0.0000013409  -0.0000535823   0.0000268525   0.0000017069
       -0.0001256876   0.0002154559   0.0001671897   0.0031143020  -0.0033758938
       -0.0046406212  -0.1225732160   0.0629790035   0.2156454922   0.0150808934
       -0.0068944865  -0.0275464347  -0.0001537405   0.0001644702   0.0001287608
       -0.0000681776   0.0000371038  -0.0000554190
       -0.0000420444  -0.0000624710  -0.0000355886   0.0004275976   0.0003705351
       -0.0001670500  -0.0001916546  -0.0000171726   0.0000669297   0.0001491841
        0.0000035551  -0.0000223238  -0.0000754702   0.0000088019   0.0000420453
        0.0000232690   0.0000042472  -0.0000049093  -0.0000020077  -0.0000001729
        0.0000004795   0.0000256121   0.0000007792   0.0000076354  -0.0000676591
       -0.0000179502  -0.0000148650  -0.0001288890  -0.0002278040  -0.0002191441
       -0.0003589283  -0.0011190703   0.0010565507  -0.0014087548   0.0006363810
        0.0000781538  -0.0181013740   0.0100864047  -0.0257097925  -0.0653264422
        0.0383054637  -0.0672946400  -0.0011400346  -0.0009709466  -0.0006712766
        0.0001339805  -0.0008181155   0.0012381287   0.0000132664   0.0000030173
        0.0000160271  -0.0000121791  -0.0000025550   0.0000004732  -0.0000090619
        0.0000014970  -0.0000034373   0.0000039485  -0.0000100870  -0.0000053249
       -0.0000124351  -0.0000127973   0.0000061806  -0.0000135619  -0.0000022554
       -0.0000002305  -0.0000129550   0.0000091072  -0.0000057186   0.0000091257
        0.0000058767  -0.0000053022  -0.0000421144   0.0000080298  -0.0000223417
       -0.0000176659   0.0003372759  -0.0002775099   0.0014666227   0.0009572653
        0.0000623612   0.0058691654  -0.0071389415   0.0150808934   0.0788465746
       -0.0407893957   0.0771756032  -0.0000225660   0.0004094043  -0.0003039265
        0.0000174517   0.0000420935  -0.0000680804
       -0.0000008489  -0.0000331667  -0.0000005076  -0.0000042345   0.0000364196
       -0.0000565531   0.0000063223   0.0000152626  -0.0000051802  -0.0000168231
       -0.0000017367   0.0000157007   0.0000010507  -0.0000036881  -0.0000107220
       -0.0000108096   0.0000054717   0.0000058922   0.0000038964  -0.0000083332
       -0.0000076984   0.0000007673   0.0000055503   0.0000029308   0.0000115735
        0.0000000334  -0.0000013168  -0.0002083361   0.0001717087   0.0001460714
        0.0003160625  -0.0004983916   0.0001946364  -0.0014003238  -0.0008086005
       -0.0001806437  -0.0020003942   0.0044641402  -0.0057411919   0.0352443560
       -0.0870967133   0.0857669420   0.0004054635   0.0005043252  -0.0003929337
       -0.0002536065  -0.0002866659   0.0000258348   0.0000016865  -0.0000016463
        0.0000080170   0.0000124779  -0.0000009026   0.0000049428  -0.0000096863
        0.0000039360  -0.0000062902   0.0000002662   0.0000032542   0.0000010881
        0.0000001762  -0.0000002509  -0.0000003173   0.0000030234  -0.0000038111
        0.0000024008   0.0000042757  -0.0000030444   0.0000019405   0.0000006108
       -0.0000025958   0.0000041904  -0.0000489199   0.0000275132  -0.0000644463
        0.0000194938   0.0000368002  -0.0001161145   0.0108115795  -0.0202754147
        0.0286559398  -0.0022602327   0.0043496092  -0.0068944865  -0.0407893957
        0.0995472638  -0.1012436403   0.0001894286  -0.0001140962  -0.0001156328
       -0.0000288997  -0.0000322302   0.0000011477
       -0.0000296536  -0.0000026656  -0.0000024045   0.0001318194   0.0001529939
       -0.0000512845  -0.0000530374  -0.0000383809  -0.0000128233   0.0000587038
       -0.0000022230  -0.0000058036  -0.0000341608   0.0000078918   0.0000279052
        0.0000080844   0.0000018064  -0.0000045472   0.0000051345  -0.0000027598
        0.0000036758   0.0000099470  -0.0000056913   0.0000004736  -0.0000279805
       -0.0000090909  -0.0000032603   0.0001016122   0.0002617568   0.0001959781
        0.0001220490  -0.0003604679   0.0004165978  -0.0008022830   0.0000056904
        0.0004596716  -0.0088637090   0.0008114512  -0.0051056992  -0.0628446254
        0.0875946253  -0.2027564913   0.0013652267  -0.0002092958  -0.0003892179
       -0.0003424574  -0.0005890054  -0.0000462510   0.0000106926   0.0000111547
       -0.0000074750  -0.0000189960  -0.0000026048  -0.0000060229   0.0000008363
       -0.0000097088  -0.0000003708   0.0000025951  -0.0000088449  -0.0000034695
       -0.0000064666  -0.0000095698   0.0000032206  -0.0000079738  -0.0000017869
       -0.0000000705  -0.0000082796   0.0000049263   0.0000017163   0.0000026860
        0.0000042600  -0.0000005167   0.0000305710   0.0000193527  -0.0000308143
       -0.0000372493   0.0001038724  -0.0002513755   0.0003757553   0.0012214882
        0.0012913279  -0.0063561970   0.0121655339  -0.0275464347   0.0771756032
       -0.1012436403   0.2339220133  -0.0000321065   0.0001300212  -0.0001318199
        0.0000638591  -0.0000010891   0.0000335723
       -0.0004625302  -0.0001204870  -0.0001478766   0.0000731614  -0.0010266092
       -0.0008154023   0.0000234835   0.0000038590   0.0000282969   0.0001638663
       -0.0000089643  -0.0000847032  -0.0000778597  -0.0000316144   0.0000486460
        0.0000212253   0.0000065512   0.0000023885  -0.0000150546   0.0000098792
       -0.0000001865   0.0000078566   0.0000063393   0.0000138196  -0.0000824138
        0.0000006433   0.0000141658  -0.0051253650  -0.0019121405  -0.0001573923
       -0.0005218898   0.0001732782   0.0001864340  -0.0027909739   0.0021194020
        0.0027012328   0.0038480521   0.0157509046   0.0127365353   0.0008497167
        0.0011660782   0.0004922785  -0.0547265425  -0.0406781245  -0.0314467319
       -0.0085383694  -0.0225702865  -0.0178495633  -0.0000046841   0.0000200204
        0.0000467683  -0.0000400496  -0.0000781213  -0.0000906276   0.0000033264
        0.0000480567   0.0000220318   0.0000131984   0.0000111246  -0.0000199019
       -0.0000068384  -0.0000088336  -0.0000010642  -0.0000124782   0.0000011112
       -0.0000029439  -0.0000137555   0.0000099033  -0.0000008543   0.0000075013
       -0.0000030946  -0.0000103575  -0.0000287795   0.0000540592  -0.0001147126
        0.0001388697   0.0009763380   0.0007240431  -0.0004472333  -0.0002538027
        0.0003797952   0.0000835650  -0.0001713432  -0.0001537405  -0.0000225660
        0.0001894286  -0.0000321065   0.0668824299   0.0468237114   0.0343179677
        0.0008011309  -0.0005072669  -0.0007862383
       -0.0002200547  -0.0000868649   0.0000496815   0.0003456715  -0.0003583256
       -0.0004056021  -0.0000881268   0.0000475402   0.0000635238   0.0000854940
        0.0000096624  -0.0000556840  -0.0000680235   0.0000009174   0.0000422601
        0.0000270899   0.0000185629   0.0000022528   0.0000041108   0.0000014164
       -0.0000122176   0.0000230425   0.0000094121   0.0000143784  -0.0000593165
       -0.0000215078  -0.0000003645  -0.0023629280   0.0037459264  -0.0037105185
        0.0002162785   0.0004664350   0.0005131556   0.0024526594   0.0019252678
       -0.0048731031  -0.0023317692  -0.0137527277  -0.0121419698  -0.0007323850
       -0.0000545406   0.0018983448  -0.0406946645  -0.1880681983  -0.1226902481
       -0.0043584801  -0.0081696578  -0.0068104966   0.0000236868   0.0000105594
        0.0000351309  -0.0000489851  -0.0000419766  -0.0000338036   0.0000222971
        0.0000190271   0.0000027510   0.0000100118  -0.0000094882  -0.0000121292
       -0.0000120801  -0.0000178526   0.0000033265  -0.0000136982  -0.0000063540
       -0.0000005300  -0.0000149624   0.0000080511  -0.0000056405  -0.0000022073
        0.0000055368  -0.0000087558   0.0000696017  -0.0006646117   0.0009292544
       -0.0001325424  -0.0007508125  -0.0005261302   0.0002719486   0.0003078942
       -0.0001252576  -0.0004089284   0.0000441493   0.0001644702   0.0004094043
       -0.0001140962   0.0001300212   0.0468237114   0.2060473304   0.1457076704
        0.0007641434  -0.0005506744   0.0018562298
       -0.0001314668   0.0001064813  -0.0000741512   0.0003780264  -0.0003102241
       -0.0002119759  -0.0000930091   0.0000530538   0.0000968731   0.0000970623
       -0.0000236753  -0.0000269259  -0.0000515340   0.0000023989   0.0000415147
        0.0000302152  -0.0000006565  -0.0000086417   0.0000002533   0.0000226319
        0.0000093395   0.0000104685  -0.0000085021  -0.0000011364  -0.0000445575
       -0.0000064382   0.0000094765  -0.0007874447  -0.0037313869   0.0056073573
        0.0002997169   0.0004886245   0.0002056940   0.0029695480  -0.0049955120
        0.0031762902  -0.0015993225  -0.0137029104  -0.0097718525  -0.0011858562
        0.0012721495  -0.0008857025  -0.0315479183  -0.1226505295  -0.1329206529
       -0.0027786174  -0.0051050230  -0.0034354230   0.0000170791  -0.0000074952
        0.0000073235  -0.0000399998  -0.0000125677  -0.0000313698   0.0000224196
        0.0000291607   0.0000159635   0.0000042067  -0.0000022931  -0.0000062128
       -0.0000054323  -0.0000083543   0.0000064752  -0.0000100185  -0.0000014485
        0.0000007878  -0.0000135388   0.0000086432  -0.0000041246  -0.0000039142
        0.0000070172  -0.0000092377  -0.0000963408   0.0009255697  -0.0010148591
       -0.0001915767  -0.0006186144  -0.0006305152   0.0006002215   0.0005584193
        0.0000843550  -0.0001524467   0.0001214542   0.0001287608  -0.0003039265
       -0.0001156328  -0.0001318199   0.0343179677   0.1457076704   0.1410848963
        0.0002897354   0.0019979891  -0.0013105066
       -0.0001129543   0.0002213644   0.0002625313   0.0004981702  -0.0002508036
       -0.0004986773  -0.0010261980  -0.0012477270  -0.0008676171  -0.0006067017
       -0.0000359801   0.0000980499   0.0000723797  -0.0000533702   0.0000092543
        0.0000045649  -0.0000104072  -0.0000298144   0.0000122936   0.0000460407
       -0.0000183079  -0.0000879413  -0.0000025872   0.0000064478   0.0000302619
       -0.0000192095   0.0000414140   0.0039199981  -0.0003060452  -0.0004262529
        0.0003190209  -0.0012864369  -0.0004938145   0.0001571157  -0.0004797646
       -0.0004486273  -0.0047646058  -0.0023264052  -0.0007211441  -0.0010259779
        0.0006926515   0.0007165962  -0.0236881973   0.0129758984   0.0131063065
       -0.1848913090   0.0938438168   0.0907976399  -0.0000016833   0.0000325899
        0.0000777297  -0.0000081526  -0.0000497123  -0.0000335905  -0.0000041799
        0.0000489490   0.0000226551   0.0000216432   0.0000300708  -0.0000009374
        0.0000233541   0.0000172527  -0.0000062382   0.0000161866   0.0000147809
       -0.0000010880   0.0000239058   0.0000018817   0.0000007109  -0.0000184844
        0.0000738394  -0.0000453475   0.0001669518  -0.0003426969  -0.0001979828
        0.0000073731   0.0000103003  -0.0001410735   0.0001190834   0.0001117393
        0.0000171159  -0.0003326436  -0.0000435660  -0.0000681776   0.0000174517
       -0.0000288997   0.0000638591   0.0008011309   0.0007641434   0.0002897354
        0.2103581433  -0.1024017077  -0.1015113551
        0.0000632066   0.0002621505   0.0003664341   0.0015299691  -0.0013382449
        0.0006271124   0.0000477809   0.0007924356   0.0007262532  -0.0016103367
       -0.0001053930   0.0000799000   0.0003142640   0.0002383235  -0.0001296024
       -0.0000742245   0.0000268253  -0.0000411890   0.0001140194   0.0000250576
       -0.0000227877  -0.0000796503  -0.0000683999   0.0000233311   0.0003436817
       -0.0001317156   0.0000229991   0.0168163264  -0.0124644798  -0.0130342489
       -0.0017147537  -0.0007599400  -0.0063136437  -0.0005139267  -0.0000027412
        0.0002356037  -0.0019652778   0.0035653414  -0.0039771855  -0.0003206902
        0.0000696128   0.0002819382  -0.0047369454   0.0038281005   0.0024148643
        0.0935220261  -0.1007690969  -0.0626823403   0.0000837755   0.0000340084
        0.0001360833  -0.0000460595   0.0000785889   0.0000415307   0.0000751958
        0.0001249069   0.0000258770   0.0000213958  -0.0000558350   0.0000012354
        0.0000343928   0.0000102137  -0.0000040772   0.0000172511  -0.0000019353
        0.0000035769   0.0000374845  -0.0000081544   0.0000027424  -0.0000030118
        0.0000504042   0.0000090132   0.0009387283  -0.0006322503  -0.0007465777
        0.0000221847  -0.0006555628   0.0008695232   0.0000292078   0.0000483785
        0.0000092466  -0.0000791328  -0.0000584443   0.0000371038   0.0000420935
       -0.0000322302  -0.0000010891  -0.0005072669  -0.0005506744   0.0019979891
       -0.1024017077   0.1084807503   0.0790403838
        0.0000647134   0.0001455198   0.0001725504   0.0013653545   0.0008360784
       -0.0021235674   0.0002934847   0.0010816700   0.0007216366  -0.0008690109
       -0.0003280938   0.0003041741   0.0001427843   0.0001634866  -0.0001162375
        0.0000203511  -0.0000008134  -0.0000559981   0.0000859869   0.0000719485
       -0.0000241311  -0.0000590510  -0.0000582069   0.0000022002   0.0003019851
       -0.0001616537   0.0000743586   0.0128209300  -0.0114874718  -0.0093726487
       -0.0006038724  -0.0063271761   0.0018183844  -0.0005282619   0.0001836755
       -0.0000098797  -0.0003402416  -0.0038401707   0.0054726938  -0.0002035778
        0.0000898987  -0.0001763340  -0.0014600131   0.0008311444   0.0023287410
        0.0907107848  -0.0626294734  -0.0956048715   0.0000595030   0.0000206801
        0.0001069136  -0.0000421392   0.0000250240   0.0000717449   0.0000502144
        0.0000679135   0.0000070388   0.0000012448  -0.0000075131   0.0000035467
        0.0000194142   0.0000116648   0.0000010050   0.0000112022   0.0000103956
        0.0000006820   0.0000222504   0.0000016354  -0.0000053936  -0.0000811303
        0.0000928531  -0.0000429212   0.0007656351  -0.0006486856  -0.0003737642
       -0.0001404655   0.0008737506  -0.0009690247   0.0000059507   0.0000436317
        0.0000050312  -0.0000483521   0.0000405267  -0.0000554190  -0.0000680804
        0.0000011477   0.0000335723  -0.0007862383   0.0018562298  -0.0013105066
       -0.1015113551   0.0790403838   0.0991164236
