34
 energy: -49.105729917911 gnorm: 0.089922950412 xtb: 6.7.1 (edcfbbe)
C            1.25857302110000       -0.21299447200000        1.58267627330000
C            0.78152995330000        0.13900715890000        0.18482482020000
N            1.57855587960000        0.39984936810000       -0.81197579120000
C            2.96644731130000        0.34779845320000       -0.63742270400000
C            3.68559315330000        1.51802439650000       -0.38300882290000
C            5.07278024300000        1.47663093240000       -0.22890244580000
C            5.74963905290000        0.26277929920000       -0.34303443680000
C            5.04144294920000       -0.90646308520000       -0.61852384510000
C            3.65431940130000       -0.86101466040000       -0.77181701080000
C           -0.69357002700000        0.17647795060000       -0.06343184130000
C           -1.18772768970000        1.00131581700000       -1.07849030710000
C           -2.55921354530000        1.05686601430000       -1.33638439150000
C           -3.45924663750000        0.28239553950000       -0.58964501290000
C           -4.84053650400000        0.32727471290000       -0.83687940550000
C           -5.72427310730000       -0.45372428650000       -0.09074054860000
C           -5.23863208590000       -1.28963913400000        0.91018752740000
C           -3.86797871110000       -1.34599977330000        1.16838895950000
C           -2.96451533130000       -0.56505410890000        0.42887397040000
C           -1.58144371980000       -0.61179540770000        0.67850333220000
H            0.47903803830000       -0.04367462530000        2.32983508930000
H            1.55949269050000       -1.26410178700000        1.60819881940000
H            2.10678735410000        0.41312175520000        1.87179788480000
H            3.15800572850000        2.46433882590000       -0.30656672480000
H            5.62326682220000        2.39142881170000       -0.02717398020000
H            6.82993729590000        0.22976645080000       -0.22765801590000
H            5.56770453110000       -1.85139821960000       -0.72210674570000
H            3.10324975810000       -1.76824517580000       -1.00207893490000
H           -0.50758138620000        1.60681862550000       -1.67419077660000
H           -2.91757716710000        1.70902101320000       -2.12987519560000
H           -5.23909964060000        0.97233847910000       -1.61689802800000
H           -6.79126142400000       -0.40963025540000       -0.29333510620000
H           -5.92621455180000       -1.89938611610000        1.49065240550000
H           -3.51031490160000       -2.00686192070000        1.95492681160000
H           -1.20717675360000       -1.28527057590000        1.44462330900000
34
 energy: -49.111450812903 gnorm: 0.034500581862 xtb: 6.7.1 (edcfbbe)
C            1.24764405337105       -0.21052591060506        1.58152223767517
C            0.77359942303941        0.13218660645051        0.19255157638291
N            1.56810854416769        0.38900301056461       -0.77380454773673
C            2.95462155296902        0.34330133254488       -0.61188210572111
C            3.67840558400827        1.51375455961631       -0.37861928541043
C            5.05708495945107        1.47078571143111       -0.24253458695150
C            5.73333745577653        0.26553976209690       -0.35439028080339
C            5.02689416030460       -0.89507553560054       -0.63034885096493
C            3.64806851412248       -0.85840137275125       -0.76355908626057
C           -0.68599594182869        0.16838441727748       -0.06562999016962
C           -1.19005432965834        0.99587259685407       -1.08358277235122
C           -2.54131419220224        1.05665824899484       -1.33879350881538
C           -3.45326364973668        0.28507904279647       -0.59502745816015
C           -4.83893848249779        0.32627642444752       -0.83542734884527
C           -5.70561023668593       -0.44725653675169       -0.09529645496832
C           -5.21660154303824       -1.28567774115622        0.90877122837613
C           -3.86466662716467       -1.34622084714540        1.16614052936844
C           -2.95383656452200       -0.56735442427410        0.42651364944381
C           -1.56777865519077       -0.60612973829016        0.67243164218739
H            0.46652713345678       -0.04245883479504        2.32074391917667
H            1.55416574919627       -1.25619547505349        1.61215209728252
H            2.11126706590294        0.40214130390107        1.84434794028268
H            3.15212343222464        2.45532998008064       -0.29092925893425
H            5.60468200197417        2.38097235833348       -0.03569942428399
H            6.80846692502661        0.23157478431827       -0.23146839253859
H            5.55055952350744       -1.83715147820531       -0.72714002744398
H            3.09894402322023       -1.76461287100978       -0.98398809812141
H           -0.50642390353530        1.59691221909729       -1.66639219151206
H           -2.90464267599886        1.70641976921360       -2.12408199154684
H           -5.23106772887507        0.97051122166222       -1.61158128085748
H           -6.76885228765635       -0.40554506585404       -0.29402377454660
H           -5.90278246127107       -1.89132024933683        1.48667609715601
H           -3.50348291804418       -2.00080095393545        1.94881721643889
H           -1.19918790391300       -1.27597631471691        1.43688171437320
34
 energy: -49.112490575434 gnorm: 0.009293469197 xtb: 6.7.1 (edcfbbe)
C            1.23291318587836       -0.21235792917792        1.59072396494087
C            0.76792133345972        0.12717250804410        0.20071161079106
N            1.56474836674863        0.38247097960880       -0.75041714732371
C            2.94691500253109        0.34274578325241       -0.60518110465571
C            3.67016249018294        1.51352505106378       -0.37488552321219
C            5.04500466614572        1.46993635912472       -0.24872258717294
C            5.72380029917011        0.26889312488112       -0.36594454283278
C            5.01592081761633       -0.89003215218492       -0.63516931280218
C            3.64086091376616       -0.85798020732115       -0.75827252791716
C           -0.68039699474517        0.16447602891189       -0.06279980981082
C           -1.18640241668540        0.99360385733252       -1.08707183037647
C           -2.52516976727044        1.05575051362010       -1.34301366325926
C           -3.44566386941379        0.28554531604194       -0.60080469976108
C           -4.83442011756891        0.32646108234212       -0.83705308803383
C           -5.69270195135077       -0.44190356153203       -0.09985271039137
C           -5.20133749791672       -1.28408636409568        0.90770173864174
C           -3.85994327943270       -1.34672819466379        1.16330250527290
C           -2.94593076351857       -0.56857662926048        0.42161568765998
C           -1.55960352746197       -0.60390682667116        0.66767762708072
H            0.45832551674946       -0.03532412313900        2.33050316405070
H            1.53530668845898       -1.25863293860182        1.62904197881734
H            2.10963302447823        0.38842621206864        1.83405567826323
H            3.14081577491408        2.45063600721309       -0.27525163818605
H            5.59104436582034        2.38106256118330       -0.05057510988263
H            6.79742441444824        0.23664030166421       -0.25084835283518
H            5.53861451219992       -1.82984693105422       -0.74091546285984
H            3.08902101683488       -1.76420826577177       -0.96517180782584
H           -0.49206118855687        1.58609699426323       -1.66173114087151
H           -2.89613898313787        1.70374287158800       -2.12365479775740
H           -5.21681119817585        0.97433555231862       -1.61241563846466
H           -6.75500698914411       -0.40269937673000       -0.29300195697474
H           -5.88949377907462       -1.88566327169959        1.48377698029286
H           -3.48876973403857       -1.99662013584510        1.94279302356170
H           -1.19858033201081       -1.27295419657393        1.43419962503427
34
 energy: -49.112696756308 gnorm: 0.005379272964 xtb: 6.7.1 (edcfbbe)
C            1.22557550561310       -0.21461949802862        1.60251466460372
C            0.76509757184836        0.12510749545730        0.20969751850271
N            1.56653936696929        0.38038359606713       -0.73817862176143
C            2.94502074608142        0.34239168918147       -0.59808711568875
C            3.66700613500576        1.51479629642781       -0.37152310868538
C            5.04284952718971        1.47305290068448       -0.25755417877709
C            5.72335505805349        0.27298126464901       -0.38116457882870
C            5.01465017287983       -0.88767205190262       -0.64375961339361
C            3.63856402102620       -0.85850563915483       -0.75431858511557
C           -0.67913700440982        0.16179652733377       -0.05977503860380
C           -1.18147528447535        0.99084679082011       -1.08892207021922
C           -2.51850686949243        1.05448164845916       -1.34645837251778
C           -3.44166528062775        0.28504447382094       -0.60402468049882
C           -4.83100025208679        0.32768485306108       -0.84027153420168
C           -5.68950435735935       -0.43910001717340       -0.10304788768717
C           -5.19888107447870       -1.28349083882726        0.90584875864404
C           -3.85862267173509       -1.34766247650692        1.16071863781969
C           -2.94462769457568       -0.56901280055876        0.41821625400765
C           -1.55948970406388       -0.60509880285244        0.66772332598014
H            0.45383900205713       -0.02440218609715        2.34155794727838
H            1.51511290705127       -1.26490787409657        1.64655593297407
H            2.11029893440895        0.37645667664589        1.84093948375466
H            3.13454705753014        2.44960445019817       -0.26614409651263
H            5.58793960349510        2.38519948610907       -0.06064005516613
H            6.79728414002357        0.24218240501881       -0.27214861926973
H            5.53699664148166       -1.82773409835706       -0.75067034624345
H            3.08397186104055       -1.76474468061350       -0.95415724862318
H           -0.47920952888538        1.57936853395917       -1.65885122848946
H           -2.89265541656654        1.70079975414983       -2.12750597921094
H           -5.20765181006314        0.97824106439620       -1.61664276042881
H           -6.75226500308441       -0.40041081748779       -0.29302098019936
H           -5.88993793490300       -1.88269832889940        1.48080908165702
H           -3.48117814753243       -1.99585540054240        1.93905210005840
H           -1.20284021751576       -1.27450439514061        1.43658212604223
34
 energy: -49.112928401882 gnorm: 0.005681025367 xtb: 6.7.1 (edcfbbe)
C            1.21284624825892       -0.21913539516609        1.62717104613686
C            0.76098901831324        0.12114920909936        0.22946436604522
N            1.57034763395451        0.37732775682654       -0.71357341121724
C            2.94386817047105        0.34221735115921       -0.58332827950611
C            3.66443825554033        1.51779043474687       -0.36553171050631
C            5.04257636190471        1.48005313637399       -0.27427268077805
C            5.72544728680399        0.28171609219866       -0.41096721791145
C            5.01582877248961       -0.88285914738455       -0.65868766410396
C            3.63751896258770       -0.85871179066030       -0.74595643709163
C           -0.67815146031903        0.15687868017304       -0.05109453438772
C           -1.17206700298040        0.98443536557789       -1.08892626626430
C           -2.50755937761856        1.04970848370895       -1.35224264201848
C           -3.43496951311992        0.28268909169211       -0.60955209367454
C           -4.82449031998239        0.33031378596228       -0.84757101086656
C           -5.68603780529167       -0.43317272069818       -0.11019205274823
C           -5.19946010866075       -1.28159582930718        0.90011813626680
C           -3.85978509312904       -1.34985763059894        1.15541993760980
C           -2.94495173969340       -0.57084701896950        0.41307208976321
C           -1.56217337144920       -0.60885696257890        0.67170116897773
H            0.44576888657038        0.00354757827534        2.36328036287032
H            1.46788995036251       -1.27925172401834        1.68332657929707
H            2.11513143143366        0.34809189336994        1.85982129677485
H            3.12707002654952        2.44890096284473       -0.25059275912599
H            5.58733732926840        2.39475580921533       -0.08557340864061
H            6.80166733509640        0.25535201555559       -0.32392085124078
H            5.53895905048641       -1.82223055161099       -0.77278390718358
H            3.07873854698820       -1.76534776329441       -0.93325951308532
H           -0.45701406245429        1.56506799885371       -1.65248773552493
H           -2.88394756183417        1.69271640849862       -2.13600165413939
H           -5.19232344692192        0.98475726804550       -1.62586401513641
H           -6.74956918263330       -0.39359535968882       -0.29615026205940
H           -5.89672250946867       -1.87696644400955        1.47194145767624
H           -3.47466211624437       -1.99694357538348        1.93162317693576
H           -1.21253859537844       -1.27809740860828        1.44493962005713
34
 energy: -49.113076157450 gnorm: 0.007504380116 xtb: 6.7.1 (edcfbbe)
C            1.20261030251326       -0.22315966841441        1.64802087230323
C            0.75906741174731        0.11798655550557        0.24717065031143
N            1.57297292883484        0.37562860218954       -0.69205775195046
C            2.94491482230375        0.34263786686774       -0.56977470000071
C            3.66545938661346        1.52052659173553       -0.36139940945170
C            5.04528596000231        1.48653880753473       -0.29045211647465
C            5.72928824493878        0.28983391152242       -0.43776485754488
C            5.01931675821939       -0.87775781661968       -0.67184708705989
C            3.63946107796308       -0.85762428501943       -0.73851787992931
C           -0.67793608619754        0.15221636805533       -0.04197843984111
C           -1.16501313377104        0.97724315088140       -1.08586266623882
C           -2.49942276905205        1.04362883201039       -1.35540094485207
C           -3.43047404505755        0.27986000788144       -0.61320270719619
C           -4.81950323282545        0.33217423581889       -0.85434627187317
C           -5.68487634195523       -0.42804665083325       -0.11756600196846
C           -5.20344624974528       -1.27928950653800        0.89335944731464
C           -3.86427028330323       -1.35159683909026        1.15129894377122
C           -2.94684189176140       -0.57321628992394        0.41109897574712
C           -1.56560463690956       -0.61257447330183        0.67784194220087
H            0.44030136350377        0.02953182322210        2.38110843892420
H            1.42422962695632       -1.29119136647564        1.71468317586070
H            2.12083722921013        0.32007336637022        1.87729103470847
H            3.12581285423833        2.44950283291716       -0.23973871682516
H            5.59038356405555        2.40292935109421       -0.10960671447866
H            6.80733419587552        0.26701794084639       -0.36939947308050
H            5.54345604326070       -1.81610888886660       -0.79174524084312
H            3.07887230914452       -1.76517171911357       -0.91619867073871
H           -0.44324151748243        1.55309071298321       -1.64594226178905
H           -2.87357700684571        1.68403399216846       -2.14268175767002
H           -5.18239903814243        0.98824454866642       -1.63387131386504
H           -6.74854122423608       -0.38544671233674       -0.30279012097413
H           -5.90551063420093       -1.87201312311674        1.46230239237725
H           -3.47858512781382       -1.99935853536501        1.92665713919422
H           -1.22036086018131       -1.28014362305588        1.45466122313250
34
 energy: -49.113300239343 gnorm: 0.007558766050 xtb: 6.7.1 (edcfbbe)
C            1.18882042924674       -0.22925611365838        1.67644117541598
C            0.75820890207543        0.11302375973589        0.27205341619321
N            1.57633222704164        0.37423583815335       -0.66204515609850
C            2.94851997667636        0.34424998734181       -0.55084322816273
C            3.66988494077577        1.52487961571438       -0.35755737323317
C            5.05126567718026        1.49607194318517       -0.31449121255028
C            5.73598165293957        0.30159933568353       -0.47489312573546
C            5.02578215359619       -0.86971714225118       -0.68918675787269
C            3.64462004196950       -0.85458555330378       -0.72760478786671
C           -0.67783590305378        0.14489298433158       -0.02799532085473
C           -1.15592859480229        0.96551784926132       -1.07870892100040
C           -2.48898762219288        1.03341698943024       -1.35774427028224
C           -3.42535100438703        0.27514939753275       -0.61728429823237
C           -4.81313657474625        0.33443346843080       -0.86400687476578
C           -5.68500586411694       -0.42086575107798       -0.12893938775150
C           -5.21199390207745       -1.27545001877575        0.88235064088572
C           -3.87363655000303       -1.35378390560526        1.14602553382722
C           -2.95054829478223       -0.57738564010874        0.41078619892170
C           -1.57104936617253       -0.61811587882952        0.68851786395390
H            0.43515509656319        0.06728134649598        2.40465166343861
H            1.35978619819964       -1.30680665090838        1.75814289043783
H            2.13012611244135        0.27596136148414        1.90191384683466
H            3.12933763412826        2.45211680083687       -0.22776975935903
H            5.59740624202988        2.41462131335635       -0.14712029248204
H            6.81612339483143        0.28347425474940       -0.43309072376149
H            5.55138513348411       -1.80625629496044       -0.81744176930388
H            3.08343469960778       -1.76432404452415       -0.89184005933887
H           -0.42913132708674        1.53685032956467       -1.63623348846850
H           -2.85609005188995        1.67093635001400       -2.15066918427964
H           -5.17150177713469        0.99141753431792       -1.64473307213222
H           -6.74823027560271       -0.37187469820261       -0.31624229276710
H           -5.91975031602002       -1.86556270012622        1.44712570490428
H           -3.49337226287202       -2.00415555704208        1.92152215872844
H           -1.23062082594655       -1.28199051004537        1.47025939395780
34
 energy: -49.113539378375 gnorm: 0.006331192520 xtb: 6.7.1 (edcfbbe)
C            1.17408732306692       -0.23864584415009        1.70938332546457
C            0.75886440654360        0.10526324957254        0.30206251818951
N            1.57977684610226        0.37324674126855       -0.62602165147053
C            2.95384178739616        0.34721843098313       -0.52792937173501
C            3.67635832312869        1.53082008990437       -0.35507426691137
C            5.05865123819444        1.50813748026339       -0.34535095062947
C            5.74399241890303        0.31638183930671       -0.51956071687030
C            5.03368438458570       -0.85894503938163       -0.70908351162067
C            3.65184792418987       -0.84949738247665       -0.71348611958351
C           -0.67731825416702        0.13500874544331       -0.00934050134694
C           -1.14499905182893        0.94983222164317       -1.06716507423136
C           -2.47613995109018        1.01994665244576       -1.35810828704555
C           -3.41987750003200        0.26923614899586       -0.62116657191055
C           -4.80549526484617        0.33602984048066       -0.87676703744218
C           -5.68637195578811       -0.41287463480370       -0.14514948482830
C           -5.22456701609620       -1.26956888588469        0.86783251247070
C           -3.88786734400577       -1.35425292200796        1.14135835910995
C           -2.95560922286288       -0.58199429514334        0.41368748840438
C           -1.57804316400308       -0.62395205948767        0.70391416429396
H            0.43384356333750        0.10655375427465        2.43151018002393
H            1.28607204744833       -1.32300686491364        1.80755636663106
H            2.14024523491232        0.21955662902981        1.93121705857459
H            3.13681923159683        2.45723340144700       -0.21683015511990
H            5.60588890296849        2.42923558372117       -0.19614305337071
H            6.82547231296445        0.30342437044777       -0.50825797851234
H            5.56071849171882       -1.79316938571588       -0.84711780265176
H            3.09194185439404       -1.76287970857358       -0.86120501769991
H           -0.41549691809086        1.51756800149856       -1.62383724657131
H           -2.83149119413236        1.65470223228872       -2.15828945525744
H           -5.15914553652755        0.99238153741003       -1.65973315389091
H           -6.74814428018737       -0.35531010349757       -0.33922570484206
H           -5.93805589594410       -1.85729238970977        1.42786718701904
H           -3.51998995697793       -2.00805728790914        1.91961395344913
H           -1.24349378497095       -1.28233014656939        1.49218913111125
34
 energy: -49.113694040902 gnorm: 0.003860295184 xtb: 6.7.1 (edcfbbe)
C            1.16649502927901       -0.24949063923815        1.73264758096477
C            0.76058780486591        0.09716811946929        0.32482842326801
N            1.58168687636917        0.37281859941121       -0.59924374937428
C            2.95758742542035        0.35029103907341       -0.51115978929229
C            3.68017401988710        1.53608926746892       -0.35535979488697
C            5.06199376255684        1.51793317593508       -0.37025895510799
C            5.74803166370422        0.32822796434157       -0.55271123610132
C            5.03812618119335       -0.84991654170594       -0.72246473881607
C            3.65691168503338       -0.84466943283759       -0.70182388581957
C           -0.67612975594858        0.12668456679212        0.00696494794024
C           -1.13594610094330        0.93696152684857       -1.05605587163839
C           -2.46511419055188        1.00937794431592       -1.35619592456630
C           -3.41571506847417        0.26509773473223       -0.62320462802469
C           -4.79898172824636        0.33562996233050       -0.88834805490117
C           -5.68770553423197       -0.40807054959462       -0.16086519905943
C           -5.23527630910940       -1.26328878650630        0.85627361685776
C           -3.90069416890148       -1.35088916105609        1.14037885652095
C           -2.95962124936087       -0.58376450752886        0.41914505878568
C           -1.58367790556576       -0.62660797029124        0.71825170986045
H            0.43947196176165        0.12491974266671        2.45082977578282
H            1.24015646423982       -1.33327852942110        1.83987949043832
H            2.14581113991222        0.17577743600426        1.95211197466465
H            3.14264090762846        2.46273448507998       -0.21190017138454
H            5.60915129532953        2.44122610091344       -0.23640705776107
H            6.82918241044450        0.31899402846286       -0.56321306436002
H            5.56573291433730       -1.78250374357944       -0.86725076002174
H            3.09961363573423       -1.76165620513965       -0.83610109747755
H           -0.40576009797246        1.50285518390350       -1.61332421345406
H           -2.80985452515918        1.64241373924616       -2.16198627469836
H           -5.14792324141854        0.98974856170351       -1.67497227509636
H           -6.74741246381340       -0.34499843952147       -0.36439340888627
H           -5.95243057654396       -1.84941366287037        1.41309560659319
H           -3.54602396406053       -2.00591579375075        1.92377602325196
H           -1.25508829749521       -1.28048521545709        1.51240621699968
34
 energy: -49.113789451112 gnorm: 0.004821665229 xtb: 6.7.1 (edcfbbe)
C            1.16101363532371       -0.26454526076905        1.75534915932149
C            0.76179462613248        0.08882739707277        0.34806989017114
N            1.58319628140652        0.37096283888194       -0.57253433572319
C            2.95928159869433        0.35289748471359       -0.49460079177044
C            3.68017802690708        1.54178270509481       -0.35665141609544
C            5.06126740182821        1.52872237736315       -0.39617687236088
C            5.74930432133286        0.34130523894244       -0.58571386201813
C            5.04051320482299       -0.84025013012930       -0.73482519978983
C            3.66005354818772       -0.84042916702378       -0.68841907437672
C           -0.67409953172125        0.11974752056268        0.02473178754850
C           -1.12577654215943        0.92548538746825       -1.04506011209579
C           -2.45223282224715        1.00020260362150       -1.35416842301987
C           -3.41040080792268        0.26190386970283       -0.62539435858773
C           -4.79117871673795        0.33378967672973       -0.90166377500482
C           -5.68741213409000       -0.40491130390888       -0.17900877808109
C           -5.24399915650356       -1.25642143652323        0.84515262635860
C           -3.91228157086214       -1.34468656782647        1.14101515474316
C           -2.96261774270714       -0.58315567036852        0.42533470001884
C           -1.58871123391581       -0.62647305265357        0.73358753240213
H            0.45043997091089        0.14711153059073        2.47187410716445
H            1.18787912912402       -1.35116238052893        1.87144061414432
H            2.16027931212327        0.12250588198106        1.96650439955331
H            3.14336646191117        2.46808693284599       -0.20823586822048
H            5.60683664974948        2.45489748676996       -0.27778966325639
H            6.82967050580040        0.33646408270254       -0.61757571772811
H            5.56855893278565       -1.77153313388996       -0.88462622724741
H            3.10535467568662       -1.76119467541723       -0.80752639201849
H           -0.39253299530194        1.48814654904390       -1.60200914068993
H           -2.78832171078727        1.63100412883785       -2.16510557193286
H           -5.13257211295573        0.98521594935007       -1.69386465261295
H           -6.74473606344038       -0.33941967885298       -0.39317027326232
H           -5.96508928025504       -1.84028609073006        1.39906734629529
H           -3.56887731478384       -1.99806591404143        1.93105382209916
H           -1.26814854643608       -1.27652517941170        1.53428849727252
34
 energy: -49.113892453426 gnorm: 0.003926289398 xtb: 6.7.1 (edcfbbe)
C            1.16248015934722       -0.28486976040828        1.77226363183513
C            0.76346766229472        0.07839129844586        0.36793445328353
N            1.58317571659502        0.37053735873202       -0.55076127523801
C            2.95898902022041        0.35579481040001       -0.48175363085938
C            3.67655026944217        1.54784358928005       -0.36060049586989
C            5.05595346089250        1.53941008107965       -0.42008863573928
C            5.74628750897286        0.35375793958552       -0.61239135082260
C            5.04011289166515       -0.83101488879854       -0.74306676987792
C            3.66138370600850       -0.83620548527809       -0.67596174581192
C           -0.67165007397218        0.11324825485897        0.04275553978239
C           -1.11560527309921        0.91573024761567       -1.03301304567027
C           -2.43932236143618        0.99297441406624       -1.35051619947813
C           -3.40508681327932        0.26023007630317       -0.62637215260659
C           -4.78266719615088        0.32945249399887       -0.91703020860478
C           -5.68656728543577       -0.40485273081825       -0.20001257589655
C           -5.25225714286784       -1.24748662531639        0.83562558817194
C           -3.92380134136395       -1.33251927999444        1.14615034615314
C           -2.96560967996181       -0.57846599541376        0.43457809282671
C           -1.59392507800047       -0.62296377393409        0.75100963448314
H            0.47150910311297        0.14899136246578        2.49048200941453
H            1.15707031213055       -1.36723648441523        1.89090688706728
H            2.17114249726401        0.07275152365168        1.97643276821382
H            3.14018298997721        2.47408287063704       -0.21057277519009
H            5.59846130810376        2.46873817181610       -0.31643985686921
H            6.82483922194817        0.35310265454926       -0.66185269385403
H            5.56838507271277       -1.76165498724657       -0.89439291381402
H            3.11032942857454       -1.76070906009324       -0.78057104932814
H           -0.37904450532151        1.47500136059423       -1.58971392201307
H           -2.76746884209246        1.62132621628377       -2.16640011157029
H           -5.11470033099162        0.97559736338234       -1.71782191757823
H           -6.74083956580938       -0.34138218641706       -0.42847561227482
H           -5.97699553002381       -1.82852792994357        1.38760215458062
H           -3.59194223373639       -1.98027281223157        1.94613601192928
H           -1.28283707581971       -1.26880008723633        1.55928095242576
34
 energy: -49.113965499670 gnorm: 0.004356907604 xtb: 6.7.1 (edcfbbe)
C            1.16255357380785       -0.30830003010551        1.79215715594484
C            0.76378331543073        0.06811412270828        0.39082694823626
N            1.58300315236092        0.37023282711317       -0.52547933463340
C            2.95773680489439        0.35824190530800       -0.46730781426908
C            3.67147270328178        1.55458020559529       -0.36477031021491
C            5.05008436100736        1.55212978230616       -0.44715644509040
C            5.74329856600699        0.36840616336907       -0.64285618912164
C            5.04038703171701       -0.82096886079211       -0.75187226895276
C            3.66256416209205       -0.83258211264090       -0.66123871071578
C           -0.66976501639528        0.10752572763502        0.06248456998003
C           -1.10427589635025        0.90627086894412       -1.02105905671148
C           -2.42512010471335        0.98564834543724       -1.34863968411195
C           -3.39838338494319        0.25849620254758       -0.62844850001400
C           -4.77266766480747        0.32473716701532       -0.93467500844701
C           -5.68432370635345       -0.40498129396647       -0.22273071618326
C           -5.26021126896984       -1.23790488845218        0.82557578002683
C           -3.93503267511570       -1.31923749388473        1.15148199418795
C           -2.96908870902948       -0.57243171726142        0.44301599669056
C           -1.59999767968785       -0.61844678661569        0.77037644912892
H            0.49510098489139        0.15933326409769        2.51443527118723
H            1.11067385806814       -1.39138319112204        1.91579113370420
H            2.18891311666979        0.00938693757408        1.98570823592653
H            3.13305577475980        2.47931286859975       -0.21259275264451
H            5.58932850562915        2.48517957752370       -0.35915002122611
H            6.82109507480516        0.37332177498650       -0.71382254646117
H            5.57017145945183       -1.75061912200923       -0.90511895995814
H            3.11415007867224       -1.76042299882070       -0.74968609984817
H           -0.36126240813906        1.45988628079114       -1.57525521356107
H           -2.74640496456260        1.61034523814003       -2.17030418503218
H           -5.09399530782473        0.96506586512809       -1.74486102693840
H           -6.73586141998373       -0.34541979076250       -0.46444605780077
H           -5.99045554249123       -1.81471573457985        1.37494749629660
H           -3.61164924866887       -1.95954637401023        1.96114824011663
H           -1.29887752561048       -1.25925472959570        1.58687076170967
34
 energy: -49.114033301773 gnorm: 0.002597768544 xtb: 6.7.1 (edcfbbe)
C            1.16704725519952       -0.32690022341201        1.79923845171537
C            0.76337359463517        0.06140356004058        0.40173915941534
N            1.58124474490265        0.37131968597295       -0.51416482327546
C            2.95489693183340        0.35932400510686       -0.46278278004028
C            3.66508134629560        1.55871081384341       -0.37022079086988
C            5.04288040814721        1.55990320115114       -0.46074304253522
C            5.73826830658347        0.37699646764375       -0.65533745400382
C            5.03920080659069       -0.81538907815964       -0.75352543174535
C            3.66214345596931       -0.83098566121764       -0.65396763552897
C           -0.66923375377014        0.10587205313583        0.07420694125410
C           -1.09791897816465        0.90253366872070       -1.01438603912491
C           -2.41692861068619        0.98269919140168       -1.34816949882952
C           -3.39384601261262        0.25840551139800       -0.62949757014471
C           -4.76580051973489        0.31984346563456       -0.94694488567945
C           -5.68129923801026       -0.40731336113066       -0.23721141362067
C           -5.26376027306447       -1.23024142375047        0.82192978820322
C           -3.94086372116533       -1.30647184341874        1.15836466546937
C           -2.97151225457128       -0.56487336024892        0.44926571860844
C           -1.60404220377553       -0.61246374243732        0.78373114195193
H            0.51576657273096        0.15092912338582        2.52810781044317
H            1.09614407383302       -1.40757555582763        1.92166365070451
H            2.19835640307201       -0.02747890606803        1.98507672672878
H            3.12295775631116        2.48150537626765       -0.21899749764884
H            5.57909967148617        2.49514824887995       -0.37986055110885
H            6.81515152807564        0.38512653792218       -0.73430147251759
H            5.57109996462568       -1.74444308476821       -0.90521001585237
H            3.11528562152304       -1.75999131777672       -0.73448921682113
H           -0.34908821905823        1.45119912060027       -1.56550673428174
H           -2.73577748269128        1.60441307872193       -2.17321965635024
H           -5.07993458809757        0.95400797792007       -1.76476994480612
H           -6.73113913284613       -0.35473350847888       -0.48743337029472
H           -5.99830575562924       -1.80287209216274        1.37018654931652
H           -3.61969439475628       -1.93814416835466        1.97533934546210
H           -1.30885330328054       -1.24946376033400        1.60523900700703
34
 energy: -49.114082777014 gnorm: 0.002259917920 xtb: 6.7.1 (edcfbbe)
C            1.17182149423357       -0.34957706558200        1.80592049503170
C            0.76304640664053        0.05467256049834        0.41403809671170
N            1.57891587647821        0.37326244432431       -0.50119452512998
C            2.95202464396392        0.36116473770183       -0.45841730019562
C            3.65865733577208        1.56397738208276       -0.37765346887331
C            5.03555595225631        1.56950545632866       -0.47564321225153
C            5.73313301546486        0.38746602291396       -0.66811241535153
C            5.03844093865814       -0.80816528071320       -0.75436189165184
C            3.66214055871510       -0.82829640211749       -0.64583255164169
C           -0.66934802241222        0.10525769242450        0.08788965062422
C           -1.09126170481088        0.89820521236482       -1.00672296045989
C           -2.40801130471203        0.97830059901935       -1.34841469022280
C           -3.38882365671101        0.25763134888437       -0.63103852650820
C           -4.75812704828034        0.31349976947987       -0.96135338994386
C           -5.67778758543879       -0.40981351189552       -0.25293106142340
C           -5.26847051176826       -1.22066028941298        0.81868062063812
C           -3.94828740229641       -1.29127978659914        1.16711292932272
C           -2.97480160369842       -0.55561700691955        0.45710519972803
C           -1.60898642459973       -0.60469866040206        0.79979888340901
H            0.53967356135206        0.14004935956208        2.54350394870869
H            1.07624810331901       -1.42836338598361        1.92507172592539
H            2.21210439534908       -0.07543116975502        1.98235671686690
H            3.11226713581982        2.48460676868278       -0.22948763068401
H            5.56911047068057        2.50714405430420       -0.40381801957679
H            6.80915937817538        0.39890377910879       -0.75430122347978
H            5.57322690188092       -1.73616568982034       -0.90318760315869
H            3.11697217501453       -1.75906352866348       -0.71705060126594
H           -0.33643378710726        1.44074292691836       -1.55505918125812
H           -2.72301590207323        1.59547980638344       -2.17853197677319
H           -5.06571067481832        0.93904839962078       -1.78805664403741
H           -6.72577787608827       -0.36476167620528       -0.51263446949815
H           -6.00810149907813       -1.78809838740692        1.36554867550642
H           -3.63027879381285       -1.91310105692564        1.99268628481222
H           -1.31927454616786       -1.23582542199983        1.62743924730064
34
 energy: -49.114111786258 gnorm: 0.001841715735 xtb: 6.7.1 (edcfbbe)
C            1.17502005987925       -0.36379308766497        1.80489354794290
C            0.76313394832545        0.05149755226130        0.41745503320487
N            1.57743421101628        0.37554312936458       -0.49722952485220
C            2.95050486915247        0.36282071076248       -0.45791714897003
C            3.65543712935069        1.56716951157455       -0.38245443007603
C            5.03224948239601        1.57470905588179       -0.48127770358980
C            5.73096439627090        0.39272692594985       -0.66995930609243
C            5.03832513378227       -0.80422081784947       -0.75153164343734
C            3.66210626533809       -0.82616735453478       -0.64185678941493
C           -0.66994749571298        0.10619820393898        0.09335915780701
C           -1.08897383991865        0.89626598147777       -1.00418524013874
C           -2.40464417971355        0.97540072880703       -1.34966774063405
C           -3.38681085407396        0.25693108248105       -0.63197055027690
C           -4.75478467215285        0.30896400681592       -0.96842674328294
C           -5.67586202097234       -0.41160642520740       -0.25912975105710
C           -5.27070679160990       -1.21436423444769        0.81970214155918
C           -3.95197169203761       -1.28152416347053        1.17363485070606
C           -2.97665656428691       -0.54944351124751        0.46195951545431
C           -1.61142863952520       -0.59898061143651        0.80785984735607
H            0.55224816127516        0.12748534645945        2.54869368284861
H            1.06971374571826       -1.44153405589584        1.91969249161255
H            2.21750791849152       -0.10065920176826        1.97655390490608
H            3.10650984764823        2.48684803500564       -0.23809253928747
H            5.56478849501442        2.51302605614021       -0.41276471301507
H            6.80708327278917        0.40531471325059       -0.75664314685886
H            5.57509941619124       -1.73145450962197       -0.89784404245405
H            3.11802159614555       -1.75762145931416       -0.71058081828536
H           -0.33196200831460        1.43580310048790       -1.55178892428547
H           -2.71743187013055        1.58924731602408       -2.18298598396387
H           -5.06069105091678        0.92810896206501       -1.80016956821420
H           -6.72291103628644       -0.37072720205953       -0.52328441479485
H           -6.01263348894084       -1.77858801588545        1.36653216189734
H           -3.63553870421664       -1.89762473195193        2.00384124314911
H           -1.32319304007504       -1.22575103619101        1.63893227573766
34
 energy: -49.114150875076 gnorm: 0.001798068382 xtb: 6.7.1 (edcfbbe)
C            1.17786178895990       -0.38820952715872        1.80356336701080
C            0.76367298915447        0.04650245844326        0.42341936530161
N            1.57597558990593        0.38144728963193       -0.48905050374122
C            2.94935386631400        0.36768248088545       -0.45551541082213
C            3.65236997613164        1.57407082659466       -0.39005545148985
C            5.02894793937361        1.58416650219562       -0.49086111525124
C            5.72947769518009        0.40223622976749       -0.67375012027795
C            5.03914571500108       -0.79632840181110       -0.74767405188097
C            3.66288754024290       -0.82060369959488       -0.63495403217407
C           -0.67057584717162        0.10659799136781        0.10130482262407
C           -1.08512080333665        0.89031453050372       -1.00188030783696
C           -2.39924297982517        0.96774358146801       -1.35323510776092
C           -3.38411332878985        0.25444534106836       -0.63423938794079
C           -4.75007131663799        0.30125768739745       -0.97952833659715
C           -5.67401162534407       -0.41328950668016       -0.26793104982265
C           -5.27530541188550       -1.20307250233419        0.82239453370186
C           -3.95869693186886       -1.26554885159819        1.18452220674644
C           -2.97964264567371       -0.54051452844746        0.46999445012157
C           -1.61532784550582       -0.58997676767917        0.82043561315814
H            0.57104074955435        0.10946228436111        2.55739695908437
H            1.05028969505381       -1.46555959062323        1.91023127336272
H            2.22815338064273       -0.14956057400419        1.96824359164089
H            3.10074157129617        2.49302299080152       -0.25113243655046
H            5.56048933824792        2.52358096127986       -0.42954735023611
H            6.80586824382939        0.41612157250777       -0.76102298030461
H            5.57836251763584       -1.72264737294829       -0.88957756931613
H            3.12059674500471       -1.75392660975507       -0.69793412576593
H           -0.32588718733587        1.42555286518003       -1.55008468161545
H           -2.70741856652386        1.57551380209780       -2.19247145704248
H           -5.05372339095843        0.90974026611449       -1.81971640990889
H           -6.71943822882653       -0.37684693023726       -0.53925693904322
H           -6.02035126524007       -1.76171359772330        1.37037548022757
H           -3.64665166739404       -1.87288829039703        2.02274796655815
H           -1.32965629931037       -1.20877291047290        1.65813832704107
34
 energy: -49.114188693374 gnorm: 0.002691136636 xtb: 6.7.1 (edcfbbe)
C            1.18095380023100       -0.40640607143405        1.78900014659314
C            0.76428820190353        0.04604857447084        0.41591900066740
N            1.57516515153779        0.39072852385128       -0.49413061857597
C            2.94888321475796        0.37430897231932       -0.45934959957277
C            3.65234298847547        1.58020423541915       -0.39542353664896
C            5.02923989926131        1.58871219544725       -0.48663565705856
C            5.73003615354001        0.40528181268967       -0.65943930673934
C            5.03900419685495       -0.79229659163510       -0.73609238768111
C            3.66213753512875       -0.81463246437512       -0.63311384539741
C           -0.67113952568058        0.10904635325493        0.09728299500395
C           -1.08694626238492        0.88705554774959       -1.00870036139599
C           -2.40131766494126        0.96157021559402       -1.35963932450121
C           -3.38544211536083        0.25221206420007       -0.63609267813674
C           -4.75114295429845        0.29435654059491       -0.98174856665379
C           -5.67437334200772       -0.41494105194120       -0.26420811084171
C           -5.27560813505137       -1.19435818445571        0.83294965020263
C           -3.95917837702275       -1.25301171723352        1.19508778291626
C           -2.98024288096814       -0.53401117715905        0.47415991137893
C           -1.61557806708909       -0.58171222330051        0.82246109739085
H            0.57894323935574        0.08070607692026        2.55155958364969
H            1.05208184119081       -1.48328737051712        1.88191106466328
H            2.23067735752971       -0.17442746656402        1.95312849773097
H            3.10056225246384        2.50014256574862       -0.26364376720767
H            5.56149026885324        2.52742371560781       -0.42545808743230
H            6.80734874888890        0.41725434561966       -0.73638601597213
H            5.57863372977860       -1.71911941691593       -0.87226347916994
H            3.12037822436089       -1.74793365156373       -0.69875877485693
H           -0.32941129322855        1.42035201007574       -1.56111928182880
H           -2.70909622772706        1.56388417006625       -2.20250095409054
H           -5.05675104795909        0.89427082914779       -1.82712783811693
H           -6.71937513178685       -0.38132208154560       -0.53668177511721
H           -6.02006896214311       -1.74850243506692        1.38597436673683
H           -3.64772121204798       -1.85312059697727        2.03847772200767
H           -1.32877360451456       -1.19447624789117        1.66395127925449
34
 energy: -49.114227483480 gnorm: 0.001913453366 xtb: 6.7.1 (edcfbbe)
C            1.18230061844383       -0.42860756102772        1.77998817513849
C            0.76478692807267        0.04307599387105        0.41357360805562
N            1.57517852330115        0.40111939660862       -0.49224188394904
C            2.94885044545644        0.38278865180209       -0.45795131748758
C            3.65309208414675        1.58869645371523       -0.39960090761233
C            5.03046369720199        1.59608561480595       -0.48876504084844
C            5.73128801843910        0.41140714282387       -0.65382735835883
C            5.03888138361357       -0.78606809957169       -0.72730960018855
C            3.66139675975025       -0.80721304086006       -0.62670902244785
C           -0.67064043894403        0.10852868027416        0.09618701110570
C           -1.08617882691651        0.87989854333005       -1.01480778247946
C           -2.40050657100314        0.95264313878578       -1.36667570570515
C           -3.38573177027483        0.24915099051295       -0.63884275119225
C           -4.75097548200675        0.28772474321138       -0.98648066423207
C           -5.67533751511648       -0.41512578177928       -0.26389510890002
C           -5.27750634324319       -1.18417336367783        0.84120530255692
C           -3.96134225014361       -1.23950387383770        1.20532042358259
C           -2.98117247336004       -0.52822261356019        0.47853272044900
C           -1.61663305609308       -0.57457625662068        0.82677243145932
H            0.58943915077847        0.05914211485569        2.55065135395926
H            1.03919704662209       -1.50596502458918        1.86161729773528
H            2.23583962032733       -0.21189876986933        1.94222546589791
H            3.10212242991263        2.50977680797466       -0.27274314873625
H            5.56322531742521        2.53475065264356       -0.43096339192010
H            6.80926771416944        0.42236553974473       -0.72709820421917
H            5.57793648849058       -1.71387617698099       -0.85920804456037
H            3.11982484713513       -1.74076751792514       -0.69093106206307
H           -0.32905167802382        1.40985418347179       -1.57154319946379
H           -2.70720852071890        1.54912029760563       -2.21412161436670
H           -5.05559604367569        0.88001408371545       -1.83786535647583
H           -6.71972913859019       -0.38387221659152       -0.53904668752763
H           -6.02214603583858       -1.73317152740961        1.39932429422467
H           -3.65176017093189       -1.83188506035513        2.05507626925849
H           -1.33157475850565       -1.18121614489545        1.67350263051133
34
 energy: -49.114279310118 gnorm: 0.003636054343 xtb: 6.7.1 (edcfbbe)
C            1.18596388854722       -0.48431012555302        1.74649632727244
C            0.76554308037385        0.03833410587398        0.39793145092510
N            1.57543170695720        0.43450852932928       -0.49480820384396
C            2.94904369413760        0.40918590977843       -0.45879557507594
C            3.65800772755957        1.61258267958711       -0.40850311722547
C            5.03624289853045        1.61229315441555       -0.48208698784839
C            5.73456883295265        0.42306440919597       -0.62678420010628
C            5.03677800737497       -0.77138299569103       -0.70004266569903
C            3.65772778755048       -0.78544701123172       -0.61323344378584
C           -0.66926881666959        0.10698221663893        0.08421362267729
C           -1.08790444000533        0.86050815880107       -1.03919881021432
C           -2.40311934766942        0.92839951497950       -1.38912341117891
C           -3.38896512145315        0.24083236016521       -0.64635652126977
C           -4.75455516405265        0.27128224135558       -0.99290221803196
C           -5.67897308293184       -0.41474730246851       -0.25369699742462
C           -5.27914205849174       -1.15820176424159        0.86889232554115
C           -3.96222971263262       -1.20564117231325        1.23217012107939
C           -2.98219282266470       -0.51401131237127        0.48675336416603
C           -1.61691917837223       -0.55732761114752        0.83054444273220
H            0.61198728181014       -0.00465246068895        2.53865083127674
H            1.01613943783621       -1.56231318905949        1.79473497321927
H            2.24864926178816       -0.29926830787376        1.90566602151845
H            3.11122113491421        2.53787855169459       -0.29524013416370
H            5.57239274060046        2.54978437174567       -0.43041915865510
H            6.81392012560126        0.42824823682171       -0.68492054424081
H            5.57178345779667       -1.70373486356173       -0.81700146736314
H            3.11317533315577       -1.71824317908049       -0.67422913362888
H           -0.33285135508599        1.38105636064725       -1.60866629808163
H           -2.71116635835695        1.50954865084948       -2.24714193613033
H           -5.05855950824914        0.84528885122039       -1.85751690702036
H           -6.72314627867053       -0.38994433297336       -0.52995686902751
H           -6.02239948350171       -1.69354205070766        1.44287277086916
H           -3.65266096064226       -1.77826590807728        2.09575212837982
H           -1.33452270813662       -1.14874471585804        1.68929535155912
34
 energy: -49.114301802302 gnorm: 0.002338343383 xtb: 6.7.1 (edcfbbe)
C            1.18659084517436       -0.48768391520980        1.73663877739474
C            0.76545860325710        0.03816397451762        0.39026381834620
N            1.57563086841753        0.43910833436903       -0.49955164359633
C            2.94917085387391        0.41300887863206       -0.45997032208072
C            3.66014432142351        1.61529080055209       -0.40731606894835
C            5.03911583680142        1.61267284808038       -0.47624353645774
C            5.73570972775111        0.42226755011272       -0.61814714849353
C            5.03586488746408       -0.77132411715822       -0.69313543472359
C            3.65638663897076       -0.78296698859354       -0.61134471319423
C           -0.66917893642867        0.10592867891149        0.07742720938016
C           -1.09026813052837        0.85792352986898       -1.04620746320842
C           -2.40631035563474        0.92577750721965       -1.39309993141602
C           -3.39085275325042        0.23992505732573       -0.64698337465017
C           -4.75754547055000        0.27118996261277       -0.98928556648325
C           -5.68026646848855       -0.41340142519387       -0.24674967475350
C           -5.27759321764414       -1.15605276172238        0.87494733501414
C           -3.95953740892939       -1.20418149919220        1.23411797160444
C           -2.98147220910510       -0.51393785061355        0.48525842720317
C           -1.61543361883801       -0.55760479445909        0.82595254067684
H            0.60967854522192       -0.01410580730871        2.52960174900556
H            1.02205521538602       -1.56548929459310        1.78151093852890
H            2.24656173766072       -0.29653864626715        1.89677363346688
H            3.11472129066286        2.54153474981365       -0.29574291727436
H            5.57657932416403        2.54902520005460       -0.42107012025436
H            6.81512907117346        0.42562609392306       -0.67186113031077
H            5.56943792914451       -1.70469957033508       -0.80854973733187
H            3.11006798861285       -1.71414475357650       -0.67543966294273
H           -0.33599160779108        1.37704441861298       -1.61782610355261
H           -2.71667225517264        1.50566839983914       -2.25113327343996
H           -5.06310829491533        0.84449780457838       -1.85354322051092
H           -6.72542813456816       -0.38852825452091       -0.51929754560848
H           -6.01957033529725       -1.69028215108792        1.45142521134622
H           -3.64726717886693       -1.77554947949754        2.09729948028647
H           -1.33180730925096       -1.14816247949376        1.68463062817840
34
 energy: -49.114322890926 gnorm: 0.001115573659 xtb: 6.7.1 (edcfbbe)
C            1.18756701262433       -0.49405270834739        1.72575223909623
C            0.76561801406773        0.03682524643218        0.38224897650458
N            1.57613947499956        0.44727576839487       -0.50262241858306
C            2.94959675221669        0.41985417757247       -0.45979305658926
C            3.66312400316897        1.62041750397860       -0.40502911080669
C            5.04226915925882        1.61446205349814       -0.46963948179243
C            5.73591064230514        0.42248595688868       -0.60956955946644
C            5.03403487871860       -0.76976060739407       -0.68531450918951
C            3.65486874574459       -0.77798999164221       -0.60738281167248
C           -0.66896814615926        0.10170786462455        0.06946164094537
C           -1.09202101237189        0.85091018401725       -1.05541071295562
C           -2.40875626376563        0.91978538429732       -1.39911202346513
C           -3.39242055943822        0.23759322777353       -0.64847021950911
C           -4.76034705209952        0.27135498607328       -0.98620212333257
C           -5.68169623221677       -0.41018328017200       -0.23929986902344
C           -5.27678185102924       -1.15123550235444        0.88246705963233
C           -3.95747238129277       -1.20159227312762        1.23710343292572
C           -2.98105752678977       -0.51438430034710        0.48366538746525
C           -1.61412165044580       -0.55973862886391        0.82110528022721
H            0.60918770870184       -0.02512447193411        2.51927625644327
H            1.02555365749977       -1.57079959869850        1.76799839727108
H            2.24596523982617       -0.29880031162987        1.88717720802909
H            3.11978688348582        2.54794118219067       -0.29519948657163
H            5.58174703150364        2.54970977373208       -0.41282598355863
H            6.81516633299324        0.42377906553825       -0.66291148930853
H            5.56564583479869       -1.70436226817050       -0.79940898309055
H            3.10595251053188       -1.70722016321628       -0.67255276018391
H           -0.33764530469957        1.36651100159316       -1.62957353337030
H           -2.72112837834339        1.49779121395767       -2.25770025558137
H           -5.06717240563661        0.84371569140293       -1.85041151782905
H           -6.72817088584266       -0.38409764249005       -0.50721957636476
H           -6.01797803593277       -1.68304914954932        1.46181911001751
H           -3.64259477111555       -1.77137288079903        2.10026374334360
H           -1.32980142536563       -1.14835650302829        1.68065988154348
34
 energy: -49.114330363736 gnorm: 0.000348781788 xtb: 6.7.1 (edcfbbe)
C            1.18752318903462       -0.49426080923199        1.72580980504435
C            0.76568976093396        0.03603994826330        0.38158073199111
N            1.57626295935803        0.44820501893339       -0.50225330476107
C            2.94981756265407        0.42097213355951       -0.45830198096120
C            3.66328973685051        1.62140934139689       -0.40334672451791
C            5.04215100976830        1.61533583850729       -0.46909866206471
C            5.73545613347205        0.42334799635429       -0.61111021395552
C            5.03403474634696       -0.76879447364940       -0.68585889890807
C            3.65525144767816       -0.77692836589490       -0.60551555385754
C           -0.66913017512710        0.09958308723198        0.06804314817412
C           -1.09170389559487        0.84763547458645       -1.05750820455042
C           -2.40842144442967        0.91708495479977       -1.40110916994542
C           -3.39213409092118        0.23628237531500       -0.64941427315350
C           -4.76035467379681        0.27242717183877       -0.98586662594319
C           -5.68180447442710       -0.40753277470023       -0.23773529511867
C           -5.27713555438061       -1.14985183090749        0.88332917554793
C           -3.95767152269884       -1.20238497312917        1.23680179990605
C           -2.98113721258259       -0.51593035527072        0.48264862852630
C           -1.61408206920868       -0.56219305714282        0.81976747219731
H            0.60995610489600       -0.02383446481358        2.51894345561234
H            1.02495910316082       -1.57085772381081        1.76906892934017
H            2.24626262444763       -0.29858759706189        1.88799535092625
H            3.11979571337032        2.54887532929798       -0.29320626567870
H            5.58175844858406        2.55036246649377       -0.41210202966387
H            6.81417425767924        0.42436606301744       -0.66565646932182
H            5.56581398043217       -1.70334914864708       -0.79930836989960
H            3.10614439443552       -1.70614104185984       -0.66951149246466
H           -0.33684251282889        1.36166518675033       -1.63205042030006
H           -2.72044057770268        1.49480292413317       -2.25993312605086
H           -5.06785591497879        0.84542585301561       -1.84950119946880
H           -6.72863269410950       -0.37938297345817       -0.50429312057403
H           -6.01884720074060       -1.67996757236787        1.46346739779760
H           -3.64270055437066       -1.77312257075458        2.09938182519707
H           -1.32944660530339       -1.15070143059346        1.67919281209928
34
 energy: -49.114339545599 gnorm: 0.000842413773 xtb: 6.7.1 (edcfbbe)
C            1.18665819821188       -0.49487635297748        1.72610810409864
C            0.76586025878875        0.03401337178546        0.38063543075259
N            1.57671173786029        0.45012348149913       -0.50096247869778
C            2.95036205046172        0.42368483239651       -0.45511286666180
C            3.66390897089189        1.62402644034519       -0.40022526821886
C            5.04253082983729        1.61785677780129       -0.46847981779892
C            5.73532202086903        0.42575541089925       -0.61300344779040
C            5.03411708322809       -0.76653061041778       -0.68510481539011
C            3.65562637465263       -0.77442287541218       -0.60147015557287
C           -0.66899954482872        0.09398403599341        0.06484092041443
C           -1.09054101423078        0.83950628123794       -1.06251985844514
C           -2.40736648599358        0.91033169434716       -1.40573134155748
C           -3.39150832577491        0.23320256580727       -0.65145425264192
C           -4.76049324100354        0.27482064204362       -0.98470596600015
C           -5.68256557141288       -0.40107220132073       -0.23374238043989
C           -5.27824332001615       -1.14588876158799        0.88584741860622
C           -3.95813488732910       -1.20405896160346        1.23589950926468
C           -2.98103716165444       -0.52000805549840        0.48001846066233
C           -1.61385082168616       -0.56780276418688        0.81677414000938
H            0.61016630305617       -0.02103469666271        2.51804636337357
H            1.02273681809111       -1.57094997753567        1.77189491678311
H            2.24583821280597       -0.29961027948673        1.88838579584520
H            3.12030724841977        2.55128222164378       -0.28819209127020
H            5.58258018107142        2.55252999764413       -0.41135403516270
H            6.81354904871545        0.42670700849364       -0.67238366141791
H            5.56581049049336       -1.70088727545754       -0.80031527059338
H            3.10587448839915       -1.70348102592812       -0.66313042659030
H           -0.33466556500130        1.35073524810851       -1.63801805684521
H           -2.71870359155438        1.48651355713123       -2.26575237193682
H           -5.06885935349258        0.84906751126923       -1.84720694713644
H           -6.73018362999013       -0.36786814628432       -0.49696790620281
H           -6.02093443194833       -1.67318943213597        1.46722866148792
H           -3.64295496508443       -1.77667792481035        2.09716879273738
H           -1.32891840495213       -1.15578173693950        1.67633403353590
34
 energy: -49.114344588728 gnorm: 0.000729975035 xtb: 6.7.1 (edcfbbe)
C            1.18557685602643       -0.49605271928413        1.72644877590429
C            0.76597055692627        0.03169892753693        0.38030807842902
N            1.57737224626089        0.45126114730370       -0.49922251127411
C            2.95097535334126        0.42599246738712       -0.45225251632511
C            3.66443469203005        1.62642774888925       -0.39777614789489
C            5.04301455244997        1.62039093558528       -0.46815608076968
C            5.73565962555794        0.42847632365185       -0.61476501686658
C            5.03448821595905       -0.76403817453571       -0.68524073058754
C            3.65614637541868       -0.77212904339688       -0.59887896691159
C           -0.66850070650780        0.08896238152919        0.06225455254718
C           -1.08941138819811        0.83218148480988       -1.06694503225933
C           -2.40624471402528        0.90377545526597       -1.40998520443774
C           -3.39107161745639        0.23021671994141       -0.65340517382124
C           -4.76066297018219        0.27653835012730       -0.98363769554872
C           -5.68357634041100       -0.39539900865367       -0.23014616783850
C           -5.27928423825392       -1.14223000669837        0.88813289057399
C           -3.95861883736958       -1.20489372832985        1.23526215126560
C           -2.98091378352960       -0.52318489063523        0.47801384598291
C           -1.61368674616306       -0.57211269025035        0.81438720525976
H            0.60942409677532       -0.01951300977791        2.51707332964484
H            1.01955931911648       -1.57163166158118        1.77452555509492
H            2.24493190845409       -0.30235626299219        1.88855272246117
H            3.12088097717295        2.55360946188387       -0.28506433946425
H            5.58322956142990        2.55506067336294       -0.41190359255947
H            6.81392418992406        0.42961454081968       -0.67604544761798
H            5.56616977748418       -1.69844982364515       -0.79994697324417
H            3.10621055373253       -1.70117798393247       -0.65889230900682
H           -0.33297028460518        1.34128727905115       -1.64367682680955
H           -2.71718119773569        1.47852293702843       -2.27112462779983
H           -5.06895402713151        0.85179517258367       -1.84543936007864
H           -6.73179804607588       -0.35751947704649       -0.49031684004838
H           -6.02265364268864       -1.66678575992678        1.47116522185798
H           -3.64339924915737       -1.77880585708383        2.09561466439693
H           -1.32904106866837       -1.15953190878649        1.67443169894585
34
 energy: -49.114347746595 gnorm: 0.000323352773 xtb: 6.7.1 (edcfbbe)
C            1.18459670247042       -0.49773842513080        1.72663980179233
C            0.76604772285615        0.02977957235540        0.38027947355886
N            1.57795055077383        0.45145609196373       -0.49789678506175
C            2.95143288118301        0.42745391158569       -0.45094632071823
C            3.66452009470932        1.62814459229016       -0.39721003558285
C            5.04313274380022        1.62248893326884       -0.46857619586659
C            5.73619206851965        0.43080965870279       -0.61463360636471
C            5.03530664067848       -0.76200744482900       -0.68409148287537
C            3.65698836574430       -0.77052796470887       -0.59751812264466
C           -0.66795311955237        0.08545334798115        0.06062385383505
C           -1.08858120797278        0.82688976555578       -1.07000497303270
C           -2.40536527420969        0.89898314881225       -1.41291890616442
C           -3.39087942907827        0.22811463345881       -0.65476670524124
C           -4.76074613710731        0.27733736531314       -0.98310953582182
C           -5.68438046084283       -0.39151726983137       -0.22773678024081
C           -5.28011761227538       -1.13895539825141        0.89013621382004
C           -3.95910515050616       -1.20453281596616        1.23537845745674
C           -2.98088391432802       -0.52496879897213        0.47696668327040
C           -1.61365666756212       -0.57452139666054        0.81306492998556
H            0.60891312744073       -0.01936001482425        2.51656298887646
H            1.01618259486239       -1.57294952077072        1.77612387335689
H            2.24412944153452       -0.30610999886676        1.88869736750097
H            3.12102605728274        2.55524030516685       -0.28383045322020
H            5.58308785973218        2.55739782514703       -0.41294091956561
H            6.81450301597541        0.43248035420521       -0.67716810566042
H            5.56705285860528       -1.69625072094985       -0.79998985802168
H            3.10737184276673       -1.69972351754944       -0.65751407206140
H           -0.33199142383343        1.33462011187657       -1.64783834308746
H           -2.71601349603666        1.47229693675529       -2.27515779846557
H           -5.06845077376257        0.85302756178444       -1.84482983013789
H           -6.73288920072943       -0.35061393486251       -0.48601730696769
H           -6.02370498016253       -1.66199925874505        1.47426236377353
H           -3.64406311376616       -1.77904722255279        2.09538807870760
H           -1.32965260730918       -1.16115041255055        1.67392118206893
34
 energy: -49.114350017578 gnorm: 0.000248995648 xtb: 6.7.1 (edcfbbe)
C            1.18392066745824       -0.49983886555813        1.72658131746468
C            0.76611008210971        0.02814365844553        0.38032544874159
N            1.57835349891662        0.45086285232862       -0.49707072058968
C            2.95167323855904        0.42790148657623       -0.45065754784477
C            3.66414843499767        1.62900142977894       -0.39747292621402
C            5.04285946670348        1.62408035778583       -0.46875859799441
C            5.73674553628151        0.43283150227235       -0.61415594793331
C            5.03634387871370       -0.76037702852591       -0.68381752608870
C            3.65796597468572       -0.76968145357115       -0.59755030786486
C           -0.66756609188749        0.08353192277071        0.05999052628787
C           -1.08801147554493        0.82369749261268       -1.07165975311653
C           -2.40474835192053        0.89604283864192       -1.41459563671416
C           -3.39082970897363        0.22701170197598       -0.65547458583809
C           -4.76074352922935        0.27741924862485       -0.98313326315745
C           -5.68487569740968       -0.38952434699956       -0.22665810007732
C           -5.28072603167890       -1.13655059667517        0.89149507553220
C           -3.95958603586546       -1.20327068883205        1.23611547596662
C           -2.98098985779295       -0.52526619828645        0.47691395131766
C           -1.61379607907342       -0.57507494414062        0.81295199453131
H            0.60900757847040       -0.02032389926038        2.51646412299224
H            1.01335571775498       -1.57472784151872        1.77643274665050
H            2.24370967733939       -0.31034715743099        1.88836492718117
H            3.12042387681871        2.55600413781905       -0.28467675909105
H            5.58215928413997        2.55946478999870       -0.41399459260866
H            6.81519717428874        0.43517376539224       -0.67594642349090
H            5.56849173900358       -1.69448170255079       -0.79912074244818
H            3.10898744698983       -1.69923707646204       -0.65767085226687
H           -0.33141202548027        1.33059453122419       -1.65031082433477
H           -2.71516352851996        1.46830739921427       -2.27765002161392
H           -5.06775746082870        0.85266506342076       -1.84539925463401
H           -6.73344091220847       -0.34735918433317       -0.48426960289066
H           -6.02440512727744       -1.65843444179536        1.47657278317299
H           -3.64492091335184       -1.77733637530078        2.09655422754554
H           -1.33048044628779       -1.16090237744061        1.67463052062825
34
 energy: -49.114352309166 gnorm: 0.000411922197 xtb: 6.7.1 (edcfbbe)
C            1.18367770456285       -0.50254386430772        1.72618772150647
C            0.76617888291750        0.02655490197183        0.38030674142802
N            1.57861452691606        0.44973960793486       -0.49667003910853
C            2.95179603516006        0.42772695376563       -0.45092868027423
C            3.66333824173154        1.62942914543189       -0.39838272183954
C            5.04211200520143        1.62561464443748       -0.46915639638690
C            5.73715655565031        0.43491631515216       -0.61332253955112
C            5.03762807581177       -0.75883814509059       -0.68319859686960
C            3.65919849650383       -0.76926059217391       -0.59774964830656
C           -0.66736991056528        0.08231716137770        0.05983555244125
C           -1.08755991144232        0.82137569020744       -1.07268697126778
C           -2.40422924095529        0.89391033863066       -1.41576481377484
C           -3.39077659236192        0.22632462342065       -0.65593985028291
C           -4.76060759248223        0.27690859288283       -0.98373730278703
C           -5.68515583109428       -0.38853722486195       -0.22642299135128
C           -5.28135180947503       -1.13413472659136        0.89277024327274
C           -3.96024611633867       -1.20095349391238        1.23760563687434
C           -2.98127049145425       -0.52453522254119        0.47755515787657
C           -1.61410926904757       -0.57463039766997        0.81360805933721
H            0.61007069459062       -0.02208070596438        2.51646186371120
H            1.01076052576751       -1.57708396992078        1.77588301921859
H            2.24388789794714       -0.31537528818852        1.88751725324740
H            3.11903780810008        2.55615813911947       -0.28620625402133
H            5.58049435774610        2.56155410140014       -0.41454981730312
H            6.81571483251447        0.43813020872200       -0.67393638226773
H            5.57046893005589       -1.69257897152491       -0.79833071894726
H            3.11111262759896       -1.69929918250761       -0.65849217424750
H           -0.33087311387986        1.32732187202419       -1.65210148017163
H           -2.71434300382970        1.46526656377231       -2.27954545364340
H           -5.06703847685012        0.85123939148855       -1.84682774253900
H           -6.73366689652560       -0.34616264945833       -0.48413663837802
H           -6.02515315615854       -1.65499927333197        1.47861550133483
H           -3.64604765697585       -1.77408143675997        2.09884223593587
H           -1.33144912943911       -1.15939310673331        1.67624735833514
34
 energy: -49.114355155805 gnorm: 0.000455892559 xtb: 6.7.1 (edcfbbe)
C            1.18373034816455       -0.50612661369029        1.72546747313264
C            0.76629358374629        0.02444726678973        0.38009732457716
N            1.57877228319568        0.44824789448215       -0.49651442016547
C            2.95185516912665        0.42719959718120       -0.45137795229258
C            3.66207049251122        1.62972945775398       -0.39912570232175
C            5.04087922402113        1.62748923612161       -0.46907342156445
C            5.73742528031928        0.43755233647594       -0.61232743833490
C            5.03922223914201       -0.75694474583764       -0.68275899457835
C            3.66074886250912       -0.76894914616756       -0.59808899530587
C           -0.66727415640549        0.08097748802863        0.05982512780662
C           -1.08697344779649        0.81865974503715       -1.07377763523142
C           -2.40357365601945        0.89159420902841       -1.41703275724417
C           -3.39064063120491        0.22577365446703       -0.65632664663341
C           -4.76032696820309        0.27616980207536       -0.98473525389175
C           -5.68535425466127       -0.38761808663468       -0.22653737862688
C           -5.28218548680903       -1.13108539519320        0.89427993759247
C           -3.96120299184321       -1.19768625022808        1.23973782653396
C           -2.98171431080396       -0.52325469985416        0.47860437355000
C           -1.61460017895352       -0.57372694448053        0.81483131827421
H            0.61215996350531       -0.02443248417868        2.51648803675067
H            1.00801332958358       -1.58022264939734        1.77488630569892
H            2.24456255343249       -0.32171323309765        1.88591770063833
H            3.11672214126510        2.55594050301592       -0.28775523174889
H            5.57803308682186        2.56415833317449       -0.41486008442305
H            6.81602131712685        0.44196806243750       -0.67209047684367
H            5.57315904616256       -1.69010732992548       -0.79755978621545
H            3.11385155429604       -1.69968180979959       -0.65910874286500
H           -0.33000184134092        1.32332025197186       -1.65393543705800
H           -2.71321342393231        1.46181997818906       -2.28173262416696
H           -5.06619183864008        0.84879125603867       -1.84916921402531
H           -6.73372789165319       -0.34563684354601       -0.48489802597576
H           -6.02630317686276       -1.65057990164293        1.48094317450551
H           -3.64763082811632       -1.76906761471979        2.10236785772454
H           -1.33260539178324       -1.15700532367414        1.67868889392840
34
 energy: -49.114358941789 gnorm: 0.000387242034 xtb: 6.7.1 (edcfbbe)
C            1.18415342788242       -0.51124131563129        1.72417924088545
C            0.76645898718190        0.02155892118821        0.37969973588992
N            1.57883869439655        0.44631580371955       -0.49649245442822
C            2.95187691613566        0.42641792276540       -0.45160977319188
C            3.66019459757885        1.63012949916060       -0.39963516063019
C            5.03898774174515        1.63015521261973       -0.46902454363465
C            5.73749603789766        0.44127093142800       -0.61167256060098
C            5.04123156510958       -0.75432627348681       -0.68227101467503
C            3.66273144454437       -0.76858054120127       -0.59805128245911
C           -0.66722657606646        0.07916712474202        0.05983618200180
C           -1.08613921416487        0.81487934611289       -1.07532188271676
C           -2.40263158854205        0.88835490254626       -1.41888710418494
C           -3.39034523195104        0.22496510472188       -0.65692494261838
C           -4.75980649870309        0.27487331636748       -0.98640680537062
C           -5.68548772330341       -0.38662563659493       -0.22700654140988
C           -5.28336519986952       -1.12670025216684        0.89642973846968
C           -3.96263211646708       -1.19271443816050        1.24298315796276
C           -2.98237597526653       -0.52118523574988        0.48023320137623
C           -1.61531230745042       -0.57234570337085        0.81668263615946
H            0.61561831105466       -0.02786064959881        2.51636033692566
H            1.00469041879741       -1.58471057112486        1.77322879102878
H            2.24589414741809       -0.33050560817762        1.88315397665797
H            3.11320166501929        2.55544227976224       -0.28880644476640
H            5.57457527676975        2.56768073975987       -0.41440022879169
H            6.81610458354550        0.44732059844698       -0.67040550977588
H            5.57676781816070       -1.68661864389134       -0.79670725043032
H            3.11740346741172       -1.70022764006561       -0.65940958857815
H           -0.32858761483122        1.31742437874563       -1.65653286521015
H           -2.71158949077556        1.45701957674915       -2.28484874663465
H           -5.06506156763411        0.84511498240699       -1.85263428192729
H           -6.73367437867050       -0.34527087916772       -0.48633529470789
H           -6.02808454506607       -1.64408051324466        1.48419729067959
H           -3.64983736000795       -1.76164793740645        2.10752041014030
H           -1.33406771197885       -1.15344880200249        1.68222870976579
34
 energy: -49.114363371596 gnorm: 0.000273985951 xtb: 6.7.1 (edcfbbe)
C            1.18487750802789       -0.51820161615818        1.72223063080690
C            0.76669933662081        0.01766211423671        0.37904330923408
N            1.57881806916211        0.44431136064838       -0.49649401003592
C            2.95188856787037        0.42580947440428       -0.45159229341548
C            3.65781964218002        1.63095127093993       -0.39932377937743
C            5.03654714682485        1.63377593124670       -0.46811908826403
C            5.73737162271050        0.44621632182091       -0.61076460900028
C            5.04358071154928       -0.75072248342760       -0.68165480179264
C            3.66508312101303       -0.76777793117675       -0.59773143340427
C           -0.66714694137251        0.07647481313743        0.05965668151619
C           -1.08494172876204        0.80926811909011       -1.07779043059095
C           -2.40127175619457        0.88346962253414       -1.42178047734012
C           -3.38986872952372        0.22367083523108       -0.65787741383044
C           -4.75907491820417        0.27323272425580       -0.98858495967688
C           -5.68568731635290       -0.38482686148192       -0.22733634942521
C           -5.28496293127428       -1.12055558582597        0.89947655116704
C           -3.96453438997896       -1.18609732010308        1.24726330926772
C           -2.98321009478356       -0.51865180525199        0.48222200184783
C           -1.61623163440647       -0.57070146438198        0.81901826775631
H            0.62040099991538       -0.03274369513370        2.51603899166744
H            1.00055973545469       -1.59084427173417        1.77077399702350
H            2.24779664322378       -0.34222111556034        1.87923116415361
H            3.10867333954368        2.55502954039741       -0.28879033166291
H            5.57024662721708        2.57237172319299       -0.41377608370834
H            6.81590035611017        0.45440347421454       -0.66979643415152
H            5.58112515465682       -1.68186215997532       -0.79603067710768
H            3.12168603192428       -1.70057608152954       -0.65892780743858
H           -0.32652754523000        1.30881648915059       -1.66040023514022
H           -2.70930060424494        1.44978031096505       -2.28960465320415
H           -5.06349322715428        0.83994136535363       -1.85743528994027
H           -6.73359254112771       -0.34440274138001       -0.48802444916320
H           -6.03059267234495       -1.63482548496060        1.48881059035854
H           -3.65273884587119       -1.75143442169830        2.11453515525016
H           -1.33589873727792       -1.14874045083930        1.68688408882153
34
 energy: -49.114367280410 gnorm: 0.000198919322 xtb: 6.7.1 (edcfbbe)
C            1.18547267804832       -0.52541814475656        1.72022320025742
C            0.76695081246591        0.01369932132183        0.37843468126699
N            1.57883585817585        0.44300266002104       -0.49605794083822
C            2.95196377821869        0.42585155378711       -0.45072043172465
C            3.65569929803917        1.63230357036728       -0.39824861260136
C            5.03433003731794        1.63772148129818       -0.46746259727547
C            5.73718327623663        0.45138952097686       -0.61072440528027
C            5.04565835777939       -0.74683012313953       -0.68129930857586
C            3.66719047249239       -0.76645784474891       -0.59687836147181
C           -0.66696298395582        0.07319143934526        0.05913055295267
C           -1.08358955826921        0.80259145510512       -1.08094191947614
C           -2.39974847526004        0.87748386143696       -1.42538890092101
C           -3.38931085387512        0.22180634181440       -0.65920701341514
C           -4.75830453482637        0.27140648217202       -0.99086217928318
C           -5.68593921723351       -0.38261010384369       -0.22738911846972
C           -5.28665150767370       -1.11371950796847        0.90296243650330
C           -3.96646107506016       -1.17930237870041        1.25161016873546
C           -2.98398251261317       -0.51647154633650        0.48395379514042
C           -1.61708306329711       -0.56949275728734        0.82105034011649
H            0.62492166783763       -0.03800698890957        2.51563775835644
H            0.99641070949346       -1.59723249567893        1.76815693245528
H            2.24948373266773       -0.35411531562712        1.87530961146859
H            3.10459737184036        2.55517672402514       -0.28735059772685
H            5.56642750900135        2.57716301312942       -0.41245574155759
H            6.81564182886625        0.46150555129356       -0.66996138974325
H            5.58500471898261       -1.67692608610013       -0.79565522546012
H            3.12547174049137       -1.70024102872576       -0.65803376324165
H           -0.32425574559231        1.29883452251523       -1.66513378710429
H           -2.70682980624456        1.44105058207768       -2.29532490204687
H           -5.06188972786530        0.83489393584181       -1.86209151818403
H           -6.73370178700568       -0.34218695820168       -0.48876977963008
H           -6.03325758563876       -1.62449240100676        1.49409445431739
H           -3.65559055597986       -1.74128685125787        2.12139238003935
H           -1.33768485766380       -1.14428148403873        1.69135031361812
34
 energy: -49.114370439909 gnorm: 0.000216732669 xtb: 6.7.1 (edcfbbe)
C            1.18583532601168       -0.53163247009690        1.71849200797910
C            0.76716513942455        0.01034560501988        0.37792405884483
N            1.57890143734871        0.44265056683618       -0.49529585703697
C            2.95208049761051        0.42663567792348       -0.44957426601677
C            3.65427397842401        1.63398043957998       -0.39660825633618
C            5.03282484105643        1.64121592908856       -0.46626184762748
C            5.73705884270913        0.45580535980374       -0.61054256864307
C            5.04712744114283       -0.74330094553031       -0.68099750798626
C            3.66871245670607       -0.76475777983502       -0.59596825243449
C           -0.66672371388325        0.06990063727404        0.05831918940310
C           -1.08236848942191        0.79594253814492       -1.08428972966385
C           -2.39836119710977        0.87128917315788       -1.42917439924599
C           -3.38880232424836        0.21960289006232       -0.66073694977219
C           -4.75773323089610        0.27006144631963       -0.99255435579544
C           -5.68631488441564       -0.37980523421290       -0.22669423219762
C           -5.28809230858789       -1.10755808783988        0.90618912534704
C           -3.96801973030234       -1.17374620432089        1.25511509476210
C           -2.98456070154692       -0.51509487911634        0.48508258989020
C           -1.61772781390233       -0.56894908674564        0.82237698821651
H            0.62820156476971       -0.04291540392968        2.51514209257193
H            0.99303373565097       -1.60277348131266        1.76579792932656
H            2.25062348092343       -0.36399293351100        1.87229922914482
H            3.10183925036366        2.55596891110860       -0.28504891181756
H            5.56380394520366        2.58128396192751       -0.41133511921887
H            6.81542736291538        0.46738351113431       -0.67094792087407
H            5.58769123135645       -1.67261130300355       -0.79591617810988
H            3.12816417685988       -1.69922404567655       -0.65701657071148
H           -0.32225746413582        1.28906896425660       -1.67008527562544
H           -2.70465313695051        1.43227269382591       -2.30104649147838
H           -5.06054800222867        0.83068039813591       -1.86589721174014
H           -6.73398131807102       -0.33906469259936       -0.48840001130836
H           -6.03555311289651       -1.61486289005705        1.49922703244444
H           -3.65791761956548       -1.73288397959612        2.12699918064398
H           -1.33914966041391       -1.14091528601472        1.69477652626626
34
 energy: -49.114373151519 gnorm: 0.000227944293 xtb: 6.7.1 (edcfbbe)
C            1.18592571061328       -0.53690693507786        1.71700494205021
C            0.76734184952167        0.00754829277014        0.37745745082776
N            1.57905834443216        0.44298307942522       -0.49429406145825
C            2.95224245199464        0.42793453768724       -0.44821200699641
C            3.65342515978501        1.63584766419396       -0.39473711324251
C            5.03191985605938        1.64428507664443       -0.46510962512420
C            5.73704630612348        0.45952603381168       -0.61048031883538
C            5.04814263709690       -0.74015617639426       -0.68096556743534
C            3.66978581591160       -0.76282760424962       -0.59522850477109
C           -0.66643357262978        0.06668587609250        0.05724491199258
C           -1.08130694195582        0.78950332507676       -1.08773218587079
C           -2.39718335403245        0.86524344662922       -1.43288991637372
C           -3.38841424554217        0.21737547277715       -0.66223808722710
C           -4.75732585103866        0.26881417527523       -0.99393327925345
C           -5.68672271807737       -0.37712284261868       -0.22575322740321
C           -5.28933927356428       -1.10177366447902        0.90941653390288
C           -3.96924517012133       -1.16911954796174        1.25804185313353
C           -2.98496479395037       -0.51440313042177        0.48570300742619
C           -1.61817662540249       -0.56892819838230        0.82308669384558
H            0.63017448753326       -0.04760659495250        2.51462147121072
H            0.99056101766754       -1.60759516568460        1.76348953480396
H            2.25118270489414       -0.37183386912786        1.87010223263787
H            3.10019315268435        2.55725254384578       -0.28237684823735
H            5.56219455392875        2.58473294784390       -0.40990490094515
H            6.81535861438034        0.47208298625762       -0.67172311386943
H            5.58946356200119       -1.66895585771558       -0.79641916732427
H            3.12998879700555       -1.69772065679771       -0.65632513109220
H           -0.32062378256038        1.27998615506154       -1.67497335465262
H           -2.70281104053362        1.42356273618827       -2.30671049989168
H           -5.05950688743447        0.82728705484784       -1.86885432648006
H           -6.73445120053296       -0.33519632355921       -0.48703579996541
H           -6.03742946321289       -1.60612203682460        1.50415059042167
H           -3.65972900646328       -1.72607366973770        2.13151868429051
H           -1.34034109468028       -1.13830913024254        1.69740826110657
34
 energy: -49.114375610120 gnorm: 0.000194330264 xtb: 6.7.1 (edcfbbe)
C            1.18587013161613       -0.54175314429968        1.71553352041013
C            0.76747954562843        0.00512004877191        0.37695858864735
N            1.57926553080753        0.44367080923710       -0.49321411593716
C            2.95241154565705        0.42954140218600       -0.44689437493678
C            3.65289337322866        1.63784396908321       -0.39286600676952
C            5.03137188564337        1.64713842919592       -0.46377164936980
C            5.73716475077952        0.46289939826206       -0.61015003899532
C            5.04895907891822       -0.73719320997057       -0.68087607593162
C            3.67063951846608       -0.76074151016807       -0.59465233873097
C           -0.66613036177397        0.06361024589193        0.05601324403593
C           -1.08036896731862        0.78312911672037       -1.09132643049286
C           -2.39614061224225        0.85900168610541       -1.43677976049702
C           -3.38809114030014        0.21489032626899       -0.66389550613981
C           -4.75708934739831        0.26777238389746       -0.99497123589655
C           -5.68723645708299       -0.37409580938951       -0.22428323370806
C           -5.29041785114193       -1.09640581576960        0.91255405069468
C           -3.97025834679296       -1.16499518814906        1.26068061065154
C           -2.98529001365794       -0.51395609665744        0.48614040591897
C           -1.61852622709128       -0.56902813391605        0.82352427651315
H            0.63122979511239       -0.05252653679324        2.51398927724661
H            0.98879569600587       -1.61217426156997        1.76087638922425
H            2.25139352827589       -0.37844120254053        1.86837225279199
H            3.09918880945668        2.55884715817150       -0.27960699125100
H            5.56114061293828        2.58785289741642       -0.40809759149293
H            6.81546093576106        0.47618160734751       -0.67191137408683
H            5.59077068736516       -1.66560745207361       -0.79714652423360
H            3.13136429211952       -1.69589781789213       -0.65625606070166
H           -0.31921852322870        1.27096473639342       -1.68018780410293
H           -2.70123587435090        1.41486272668994       -2.31234344007740
H           -5.05867039072240        0.82405742094825       -1.87149611978135
H           -6.73501185578212       -0.33110520518645       -0.48512839190749
H           -6.03908358925085       -1.59750406568655        1.50933841222271
H           -3.66126230719279       -1.71985389202160        2.13567412883019
H           -1.34136785255103       -1.13610502030242        1.69954903905357
34
 energy: -49.114377675183 gnorm: 0.000137134277 xtb: 6.7.1 (edcfbbe)
C            1.18578450655581       -0.54610999313360        1.71399193802783
C            0.76758829580744        0.00299684995986        0.37628989806643
N            1.57949238071611        0.44442208452421       -0.49236261148643
C            2.95256752190732        0.43112807794358       -0.44594235564843
C            3.65251465948326        1.63970222833893       -0.39108242125708
C            5.03100590517855        1.64964856379234       -0.46198579642230
C            5.73736923380416        0.46586772116022       -0.60923756138470
C            5.04968779804044       -0.73448951598585       -0.68086853584536
C            3.67139533382828       -0.75872714122261       -0.59459191085968
C           -0.66585442238950        0.06077517637670        0.05464045543569
C           -1.07962734120703        0.77719991589136       -1.09483923253378
C           -2.39534174148984        0.85319632168649       -1.44042779857025
C           -3.38789177173912        0.21258025526981       -0.66540249201287
C           -4.75694853913558        0.26655241654601       -0.99595594364726
C           -5.68771130909024       -0.37150569574265       -0.22285169701165
C           -5.29138068861220       -1.09115720053622        0.91584523981287
C           -3.97110597552192       -1.16102250811078        1.26330429963301
C           -2.98555479510328       -0.51360519097056        0.48648338293582
C           -1.61878458190573       -0.56916156013433        0.82373013090256
H            0.63161948555677       -0.05758606160805        2.51321640708912
H            0.98783438559137       -1.61643238436495        1.75790584783954
H            2.25140598328357       -0.38377658841601        1.86696602457970
H            3.09849070564730        2.56043004985704       -0.27720635292781
H            5.56032611709501        2.59061286551800       -0.40605191427526
H            6.81566631017363        0.47973175053320       -0.67122374433888
H            5.59187939424496       -1.66259961718457       -0.79780427709574
H            3.13255379246236       -1.69409004103362       -0.65681476144588
H           -0.31814777577748        1.26265192071313       -1.68524727630993
H           -2.69998531559033        1.40647797142101       -2.31779896999469
H           -5.05808321531770        0.82107267961813       -1.87374296568183
H           -6.73561807609689       -0.32712400369411       -0.48292260466721
H           -6.04041944369123       -1.58956594554104        1.51437630830888
H           -3.66249588728642       -1.71417599109938        2.13950499721578
H           -1.34223092952116       -1.13391741017076        1.70145542477021
34
 energy: -49.114379307494 gnorm: 0.000097353760 xtb: 6.7.1 (edcfbbe)
C            1.18572310505442       -0.54982886668509        1.71239268790168
C            0.76767370977222        0.00120621022952        0.37544002614908
N            1.57969590120893        0.44490931251000       -0.49195889194405
C            2.95269305098636        0.43237853541439       -0.44537924565399
C            3.65213664221161        1.64121062181716       -0.38969417716770
C            5.03066009946138        1.65177022632118       -0.46036112956204
C            5.73760450273973        0.46840112133066       -0.60807554502953
C            5.05041010270300       -0.73219686810997       -0.68074674935774
C            3.67211555351737       -0.75706209795401       -0.59483937186609
C           -0.66564663742311        0.05849105721415        0.05332891650287
C           -1.07909118532736        0.77205815751387       -1.09807353476961
C           -2.39478876709844        0.84808796176761       -1.44370509129165
C           -3.38780413944139        0.21060864311800       -0.66667437459252
C           -4.75696178263548        0.26555714739325       -0.99661318872911
C           -5.68816698807458       -0.36919533643866       -0.22133557324679
C           -5.29210345833024       -1.08673233534331        0.91876808931410
C           -3.97171159243522       -1.15758960888087        1.26560414062312
C           -2.98576636046211       -0.51317859480809        0.48682622023150
C           -1.61898499738687       -0.56900702416269        0.82393263452724
H            0.63162274422994       -0.06236813176424        2.51232908577068
H            0.98759068843163       -1.62019211954910        1.75476164421380
H            2.25132679863051       -0.38783138621706        1.86565863567576
H            3.09780902486937        2.56168615176858       -0.27527115033308
H            5.55956292563773        2.59291679734948       -0.40341633681285
H            6.81593748565160        0.48274698696589       -0.66947388820797
H            5.59297083659186       -1.66001916023133       -0.79828569896907
H            3.13367716203142       -1.69258966213471       -0.65807804988710
H           -0.31740196387729        1.25553232267737       -1.68982461279537
H           -2.69912975486223        1.39920598813224       -2.32253651185073
H           -5.05774660832836        0.81809364806304       -1.87578326334547
H           -6.73615270758822       -0.32395967939414       -0.48088234435764
H           -6.04145736766089       -1.58249317091527        1.51912354839903
H           -3.66342359376228       -1.70879728221828        2.14315712331005
H           -1.34287242913429       -1.13181956457869        1.70303510835163
34
 energy: -49.114380583715 gnorm: 0.000107107885 xtb: 6.7.1 (edcfbbe)
C            1.18577501956381       -0.55287359645274        1.71073525979708
C            0.76774019497922       -0.00020362010709        0.37443952268939
N            1.57982548009449        0.44511956582133       -0.49207939856756
C            2.95277055031891        0.43321355766469       -0.44531626543757
C            3.65171559040494        1.64228623040700       -0.38852885156587
C            5.03029382035253        1.65343570737995       -0.45834060168239
C            5.73783366159267        0.47047887857640       -0.60646918633987
C            5.05112409628157       -0.73033401935680       -0.68055751846473
C            3.67279357580117       -0.75581527796512       -0.59541987045944
C           -0.66550956417279        0.05670851514362        0.05207456053397
C           -1.07878936382140        0.76799317164715       -1.10080696312829
C           -2.39449164039015        0.84395104488726       -1.44643383443224
C           -3.38778974553977        0.20892062656027       -0.66777543688277
C           -4.75703200085808        0.26444419472669       -0.99724207860730
C           -5.68854120407636       -0.36751136913914       -0.22002848808497
C           -5.29265837826748       -1.08286080737935        0.92151180379839
C           -3.97217874712947       -1.15427395659930        1.26789551865948
C           -2.98595186985480       -0.51255062300883        0.48725970973672
C           -1.61911510511648       -0.56870390721208        0.82406078697014
H            0.63151154818864       -0.06661616261093        2.51129376864267
H            0.98786427043801       -1.62335289631580        1.75162252696100
H            2.25131507568920       -0.39083429688791        1.86434691175484
H            3.09702622631278        2.56250592514857       -0.27382440408662
H            5.55874700817415        2.59479948987744       -0.40069598356309
H            6.81621474208765        0.48530649372654       -0.66716685693249
H            5.59409146399426       -1.65786221579627       -0.79856906554962
H            3.13476910049861       -1.69150820373221       -0.65975672580510
H           -0.31692785837038        1.24956615982779       -1.69392584886624
H           -2.69864559831206        1.39319376513706       -2.32650154191001
H           -5.05765216612089        0.81545047575749       -1.87741631936136
H           -6.73660925970461       -0.32169623625195       -0.47912162635270
H           -6.04218696264407       -1.57655587858729        1.52333809849147
H           -3.66403433720245       -1.70404785308669        2.14638116465276
H           -1.34329762329065       -1.12977288159881        1.70436636459278
34
 energy: -49.114381635945 gnorm: 0.000120665671 xtb: 6.7.1 (edcfbbe)
C            1.18595392378717       -0.55536892636786        1.70901008006168
C            0.76780570730081       -0.00147962344070        0.37323772551216
N            1.57990837579312        0.44495703495913       -0.49270471725293
C            2.95283106898744        0.43363522246173       -0.44555533084807
C            3.65119955452221        1.64298214314821       -0.38753856911373
C            5.02982632012301        1.65479046992784       -0.45634864071783
C            5.73801666997470        0.47225444462355       -0.60468312250775
C            5.05187464169110       -0.72878626307762       -0.68032248379452
C            3.67350043735868       -0.75493890570866       -0.59622454946342
C           -0.66543403545624        0.05529423260969        0.05085555698451
C           -1.07863386447720        0.76452151704207       -1.10333054859157
C           -2.39438303671645        0.84051500874895       -1.44878383438283
C           -3.38787763369594        0.20770388362364       -0.66855311787573
C           -4.75718819602306        0.26347161820258       -0.99767592114787
C           -5.68885759941287       -0.36622864205934       -0.21884060385633
C           -5.29306386497224       -1.07956211597572        0.92398621971348
C           -3.97248678637259       -1.15136113909487        1.26993228396832
C           -2.98610541254374       -0.51188429143674        0.48766544803974
C           -1.61921600550681       -0.56822495197897        0.82417447669193
H            0.63149588864638       -0.07025507167554        2.51011592548681
H            0.98844626341893       -1.62598345477454        1.74862180293985
H            2.25142292469625       -0.39308557791723        1.86289824908637
H            3.09604779932221        2.56289287977840       -0.27259436867493
H            5.55780326367128        2.59635493819852       -0.39759849464313
H            6.81644671615372        0.48758229706541       -0.66437463405074
H            5.59532465014066       -1.65598816704530       -0.79867039194630
H            3.13594380155091       -1.69082042119756       -0.66172079791496
H           -0.31671501551667        1.24474971863689       -1.69742622456975
H           -2.69843814607461        1.38815036498785       -2.32989137208087
H           -5.05772533690036        0.81283666562236       -1.87891304391473
H           -6.73700288753917       -0.32007714768313       -0.47756787505302
H           -6.04271717628907       -1.57141500826808        1.52716189662972
H           -3.66443575382719       -1.69946430545049        2.14950863445545
H           -1.34356725591362       -1.12776842628352        1.70549947403147
34
 energy: -49.114382547025 gnorm: 0.000116538987 xtb: 6.7.1 (edcfbbe)
C            1.18621697190775       -0.55746433703547        1.70720971453216
C            0.76787387642659       -0.00265110689372        0.37186598252697
N            1.57993960723488        0.44451750098860       -0.49375024453047
C            2.95286888172881        0.43374433444508       -0.44603641878051
C            3.65058368373142        1.64339724662853       -0.38656075237454
C            5.02926429976575        1.65594719125581       -0.45417424593945
C            5.73817147940071        0.47387000173485       -0.60277388237785
C            5.05268135982787       -0.72743899969717       -0.68005789280566
C            3.67424131554312       -0.75433831561579       -0.59718336578177
C           -0.66539300281552        0.05406675772374        0.04962269163667
C           -1.07860001548241        0.76159701946134       -1.10559888411352
C           -2.39440263462339        0.83755650046161       -1.45086773222913
C           -3.38799191201939        0.20656945139494       -0.66929234945532
C           -4.75739162790833        0.26252253231831       -0.99804092854143
C           -5.68916175672352       -0.36513421119020       -0.21766536907060
C           -5.29339481577667       -1.07652809019653        0.92637720973209
C           -3.97273435203900       -1.14850177664675        1.27196448934055
C           -2.98624905360863       -0.51111374969657        0.48812010980078
C           -1.61927716452462       -0.56768956049596        0.82424515261442
H            0.63168874039163       -0.07325313415682        2.50881064577151
H            0.98911047338844       -1.62820256404596        1.74583106012821
H            2.25164063006144       -0.39491774377034        1.86118533699349
H            3.09486664024852        2.56293938582073       -0.27139009155160
H            5.55671620195467        2.59772550474135       -0.39416778830495
H            6.81665215314455        0.48975577272621       -0.66131105646491
H            5.59669744227508       -1.65427544244927       -0.79867649988578
H            3.13720534490913       -1.69043384107038       -0.66390208645631
H           -0.31659610652015        1.24032389070664       -1.70082702603922
H           -2.69842153325326        1.38373459038357       -2.33289017508427
H           -5.05793349993047        0.81039095760585       -1.88020410356614
H           -6.73735893678927       -0.31893923317392       -0.47616763066761
H           -6.04312624269338       -1.56676603648060        1.53076547288604
H           -3.66468616312418       -1.69515632288914        2.15243385879382
H           -1.34370028420741       -1.12585417269163        1.70645593046477
34
 energy: -49.114383340455 gnorm: 0.000095297082 xtb: 6.7.1 (edcfbbe)
C            1.18655923600999       -0.55918227105960        1.70540549433585
C            0.76794459020222       -0.00376672185193        0.37038587774409
N            1.57994396290770        0.44383440892779       -0.49508293449840
C            2.95290591292042        0.43362690183247       -0.44665830405874
C            3.64990162116765        1.64361195508508       -0.38555060560176
C            5.02863470972112        1.65696966562923       -0.45179732146070
C            5.73830494407826        0.47539176403555       -0.60073430039795
C            5.05353565149101       -0.72620984504227       -0.67978063503860
C            3.67502585605691       -0.75392656282964       -0.59822848713228
C           -0.66536972160409        0.05285865097700        0.04831208099075
C           -1.07861502585352        0.75872996225658       -1.10792120041948
C           -2.39449572989876        0.83476389567372       -1.45289197013925
C           -3.38815027022106        0.20559791448109       -0.66991596121801
C           -4.75763344581980        0.26164764584278       -0.99831215863387
C           -5.68944715752810       -0.36417953787165       -0.21652205684212
C           -5.29366499953561       -1.07374438613966        0.92864996344074
C           -3.97291707878208       -1.14585931850270        1.27386118910341
C           -2.98637760472080       -0.51038515662365        0.48852931036904
C           -1.61931015395583       -0.56723755153478        0.82420732277456
H            0.63213963217397       -0.07547995079511        2.50737003866378
H            0.98960025737583       -1.62997553063631        1.74343619695440
H            2.25199941445988       -0.39656548021050        1.85931914830495
H            3.09354593171359        2.56273100301834       -0.27008445558772
H            5.55552003294075        2.59897968696908       -0.39051204903738
H            6.81683240069673        0.49190184671893       -0.65820375670936
H            5.59817577023035       -1.65263771131417       -0.79871853601900
H            3.13855502995526       -1.69025312110461       -0.66624480012660
H           -0.31659403580348        1.23629816776128       -1.70402216586963
H           -2.69853669649598        1.37973389940261       -2.33564496200054
H           -5.05823808248122        0.80813967361668       -1.88130305476045
H           -6.73773287975639       -0.31781741602141       -0.47467801121782
H           -6.04347062308325       -1.56237975825449        1.53425806466119
H           -3.66483164012258       -1.69109632440918        2.15519732423782
H           -1.34373980853831       -1.12412039782559        1.70722484638954
34
 energy: -49.114384018540 gnorm: 0.000068435849 xtb: 6.7.1 (edcfbbe)
C            1.18686336285416       -0.56053478010219        1.70371333601197
C            0.76802273228974       -0.00494715006011        0.36882832586783
N            1.57995648379013        0.44293945639011       -0.49658194123601
C            2.95296039650174        0.43334602704252       -0.44732934232591
C            3.64919078570258        1.64367634981536       -0.38448364751264
C            5.02796723927864        1.65789028418389       -0.44947696435215
C            5.73842787048610        0.47683213080454       -0.59879203616923
C            5.05442792985457       -0.72507594433583       -0.67960835361958
C            3.67585349998963       -0.75364836214232       -0.59939173236778
C           -0.66535229204194        0.05165996174997        0.04699133603150
C           -1.07867764207474        0.75615441400771       -1.11004590639992
C           -2.39463996997512        0.83228457573219       -1.45469038098762
C           -3.38831141704850        0.20468662865266       -0.67048872912308
C           -4.75789934564826        0.26096429601280       -0.99843895298788
C           -5.68974279174895       -0.36314186129211       -0.21529914112819
C           -5.29391033911954       -1.07112040957201        0.93083525676478
C           -3.97305540921276       -1.14349062477940        1.27558354174481
C           -2.98647774940204       -0.50981350574228        0.48883525461510
C           -1.61931604844935       -0.56690508885460        0.82408136366632
H            0.63277282463012       -0.07685401349044        2.50591174286427
H            0.98978046728114       -1.63130815070662        1.74162188844775
H            2.25236825198087       -0.39805182432611        1.85738100304657
H            3.09215370428487        2.56234459279744       -0.26870299531473
H            5.55427083874143        2.60012510164310       -0.38672146096206
H            6.81699605148096        0.49398658168079       -0.65512026605413
H            5.59972705156292       -1.65108200597667       -0.79878772100491
H            3.13998079689247       -1.69022777250027       -0.66862984246501
H           -0.31660111004668        1.23238682537497       -1.70717103058974
H           -2.69870894071624        1.37601332004132       -2.33821486020986
H           -5.05858755356050        0.80618972000447       -1.88218810443591
H           -6.73808767874784       -0.31674116035660       -0.47319876566847
H           -6.04374265279291       -1.55842213046639        1.53745678856183
H           -3.66490362571904       -1.68747299775986        2.15767139778394
H           -1.34370572139688       -1.12264248326907        1.70780007070863
34
 energy: -49.114384591466 gnorm: 0.000057221509 xtb: 6.7.1 (edcfbbe)
C            1.18712457082276       -0.56152251429059        1.70223293953641
C            0.76809859669560       -0.00598094428402        0.36737812413204
N            1.57997622288442        0.44192954971105       -0.49807529930046
C            2.95302355159216        0.43296151671031       -0.44800964969183
C            3.64848662140078        1.64363473988473       -0.38344163746178
C            5.02730687969365        1.65870501273964       -0.44716135979794
C            5.73855669740964        0.47817910219768       -0.59695466739895
C            5.05532901031224       -0.72404478388004       -0.67948355245239
C            3.67669051041260       -0.75348036021935       -0.60052314344944
C           -0.66532285304160        0.05041635269148        0.04565858533706
C           -1.07872473690354        0.75357270404717       -1.11217200966348
C           -2.39477549836533        0.82987050120993       -1.45645308690642
C           -3.38846988023280        0.20383125008795       -0.67102574974706
C           -4.75816453977203        0.26040097007421       -0.99850180319654
C           -5.69001366823081       -0.36216615863210       -0.21415028428473
C           -5.29410548173265       -1.06881974190296        0.93277813361737
C           -3.97315517839320       -1.14144907619321        1.27708182932622
C           -2.98656283529846       -0.50935161789592        0.48908191871634
C           -1.61929280953921       -0.56678623428655        0.82383266251912
H            0.63355574563283       -0.07739177396647        2.50451579618540
H            0.98956524221855       -1.63220008042384        1.74041823458666
H            2.25275934348229       -0.39946081743811        1.85552952176396
H            3.09077449549064        2.56184572783105       -0.26726950501302
H            5.55301866468692        2.60117561448040       -0.38306591511933
H            6.81715896090077        0.49599502383633       -0.65228489418287
H            5.60128365559479       -1.64962038424530       -0.79900559495650
H            3.14141026117233       -1.69030536024309       -0.67102366975754
H           -0.31664927505411        1.22879183080048       -1.71006943531644
H           -2.69891303407155        1.37271195202147       -2.34047764814984
H           -5.05896486005845        0.80465277852838       -1.88280418173237
H           -6.73846164861943       -0.31545475320983       -0.47161286931505
H           -6.04399503988749       -1.55473871611205        1.54046552875595
H           -3.66491757689730       -1.68441109502507        2.15976299936580
H           -1.34363011440420       -1.12149021440281        1.70817881425213
34
 energy: -49.114385102008 gnorm: 0.000066997342 xtb: 6.7.1 (edcfbbe)
C            1.18732050633587       -0.56226606785317        1.70091965806654
C            0.76817443513584       -0.00716964576870        0.36591212488439
N            1.58002747915731        0.44070330046229       -0.49959242691982
C            2.95311124474216        0.43247525829298       -0.44869160608467
C            3.64776329681365        1.64351112455051       -0.38234761294450
C            5.02662226539592        1.65949194124105       -0.44488779533674
C            5.73870290276571        0.47953398744598       -0.59519514988960
C            5.05628646372236       -0.72301847769223       -0.67949958605842
C            3.67759481247155       -0.75336911457010       -0.60177897999904
C           -0.66529290147296        0.04911320821330        0.04433294734543
C           -1.07876957656703        0.75105855121289       -1.11420059835992
C           -2.39491187619735        0.82757611141943       -1.45809955353471
C           -3.38862269390247        0.20299680701975       -0.67153828628224
C           -4.75843575591622        0.26000691393410       -0.99846113961883
C           -5.69030693354425       -0.36101103683073       -0.21290109790419
C           -5.29431225369795       -1.06654499850242        0.93468661463613
C           -3.97324293666950       -1.13962792821410        1.27842989676922
C           -2.98663029346561       -0.50907576269241        0.48920859482552
C           -1.61927138197903       -0.56678440722849        0.82353008024404
H            0.63444184838888       -0.07724681315619        2.50313949085362
H            0.98897330447064       -1.63276186136110        1.73978652778450
H            2.25313345277997       -0.40087014598750        1.85374253127637
H            3.08935652002154        2.56124620905078       -0.26574368672213
H            5.55170958109809        2.60220883577262       -0.37935829131270
H            6.81733806778513        0.49805004667131       -0.64953025128788
H            5.60292091503317       -1.64814394328971       -0.79937570476371
H            3.14294350351294       -1.69045864899162       -0.67351978687272
H           -0.31666095114355        1.22512544524821       -1.71298074169301
H           -2.69909391726835        1.36941688779134       -2.34273872008493
H           -5.05933461375419        0.80335781278215       -1.88328965159943
H           -6.73884062597665       -0.31399673021631       -0.46995478475709
H           -6.04421576607535       -1.55129716627496        1.54325994138852
H           -3.66492165718676       -1.68168334112861        2.16164350780719
H           -1.34355646491271       -1.12054635114936        1.70844266734531
34
 energy: -49.114385105499 gnorm: 0.000050386071 xtb: 6.7.1 (edcfbbe)
C            1.18732926253526       -0.56226580021534        1.70092080572646
C            0.76816625687643       -0.00716242991468        0.36591565001864
N            1.58004122175077        0.44068716437168       -0.49958902287011
C            2.95310468823594        0.43248421816121       -0.44869698514293
C            3.64775520421146        1.64350876301063       -0.38234546667173
C            5.02662502656457        1.65948934485677       -0.44488845957789
C            5.73870377579804        0.47954190595640       -0.59519317647788
C            5.05628757756261       -0.72301837380221       -0.67949659954239
C            3.67759284760781       -0.75337204680131       -0.60178389511845
C           -0.66528345447636        0.04910261291260        0.04433375264325
C           -1.07877032520095        0.75105457983271       -1.11420187489138
C           -2.39490854319214        0.82757179712668       -1.45810237140540
C           -3.38863011487949        0.20300002503178       -0.67154532423601
C           -4.75843902024064        0.26000529161865       -0.99845544291687
C           -5.69030924100118       -0.36100739707794       -0.21290404341072
C           -5.29430935106447       -1.06654224800656        0.93468542087054
C           -3.97324187845379       -1.13962578664909        1.27842718219406
C           -2.98662884666667       -0.50907979868134        0.48921736608671
C           -1.61927116207440       -0.56678451156667        0.82352201824476
H            0.63444256414718       -0.07724191303572        2.50313658805923
H            0.98896845887826       -1.63275739126741        1.73979367467860
H            2.25312146079378       -0.40087726708030        1.85373744117269
H            3.08935662587243        2.56124498435427       -0.26574457654632
H            5.55170641078893        2.60221193212374       -0.37935887074041
H            6.81734377285856        0.49805556690121       -0.64952836936574
H            5.60292374701588       -1.64814201244217       -0.79937546542409
H            3.14294816188490       -1.69045914459416       -0.67352048915107
H           -0.31666184075010        1.22512245266068       -1.71298414565658
H           -2.69909413249651        1.36941333960128       -2.34273801903085
H           -5.05933164297951        0.80336047229559       -1.88328844134810
H           -6.73883905993464       -0.31398991951356       -0.46995084227374
H           -6.04421758389656       -1.55129480819499        1.54326503803448
H           -3.66492289092020       -1.68168412524132        2.16164256677229
H           -1.34355797525437       -1.12054947653012        1.70844350849744
