omega_t,CPMG1,CPMG4,CPMG16,CPMG64,UDD1,UDD4,UDD16,UDD64
0.01,6.24997395839e-10,6.1034727096e-17,2.38416608989e-19,9.31314720549e-22,6.24997395839e-10,2.64930646297e-28,4.43782407435e-31,1.08333559372e-34
0.0101157945426,6.5445255212e-10,6.53998776567e-17,2.55467964101e-19,9.97921019149e-22,6.5445255212e-10,2.97326268521e-28,3.00926553811e-34,4.94963995708e-32
0.0102329299228,6.85295882604e-10,7.00772197551e-17,2.7373878621e-19,1.06929201724e-21,6.85295882604e-10,3.33670071204e-28,4.93158436385e-32,1.97648560543e-31
0.0103514216668,7.17592809619e-10,7.50890809036e-17,2.93316347423e-19,1.14576787655e-21,7.17592809619e-10,3.74387889495e-28,0,1.97323559865e-31
0.0104712854805,7.51411838691e-10,8.04593856849e-17,3.14294057965e-19,1.22771115032e-21,7.51411838691e-10,4.19912094667e-28,1.20370621524e-35,1.23270349797e-30
0.0105925372518,7.86824703892e-10,8.62137695639e-17,3.36772073151e-19,1.31551587929e-21,7.86824703892e-10,4.71150257131e-28,4.93158436385e-32,4.97371408138e-32
0.0107151930524,8.23906520045e-10,9.23797014562e-17,3.6085770302e-19,1.40960050856e-21,8.23906520045e-10,5.28682515135e-28,4.81482486097e-35,4.96047331301e-32
0.0108392691402,8.6273594191e-10,9.89866149339e-17,3.86665915395e-19,1.51041390037e-21,8.6273594191e-10,5.93022249381e-28,1.97215226305e-31,4.44167593424e-31
0.0109647819614,9.03395331196e-10,1.06066048484e-16,4.14319891642e-19,1.61843766527e-21,9.03395331196e-10,6.65806801246e-28,4.93158436385e-32,1.97516152859e-31
0.0110917481526,9.45970931093e-10,1.13651796302e-16,4.43951646922e-19,1.73418520563e-21,9.45970931093e-10,7.46865148152e-28,1.92592994439e-34,3.00926553811e-34
0.011220184543,9.90553049307e-10,1.21780069129e-16,4.75702659959e-19,1.85821345321e-21,9.90553049307e-10,8.38097689435e-28,1.97227263367e-31,4.96047331301e-32
0.0113501081567,1.03723624955e-09,1.30489668281e-16,5.09724460075e-19,1.99110948889e-21,1.03723624955e-09,9.40217861769e-28,1.97227263367e-31,4.98936226218e-32
0.011481536215,1.08611955218e-09,1.39822169121e-16,5.46179460618e-19,2.13351325807e-21,1.08611955218e-09,1.05483685e-27,4.93158436385e-32,1.23289609096e-30
0.0116144861384,1.13730664418e-09,1.49822121132e-16,5.85241710924e-19,2.28609896936e-21,1.13730664418e-09,1.18352739258e-27,1.20370621524e-35,4.81482486097e-35
0.0117489755494,1.19090609909e-09,1.6053725972e-16,6.27097613124e-19,2.44959946015e-21,1.19090609909e-09,1.32804176078e-27,4.93038065763e-32,1.9841893252e-31
0.0118850222744,1.24703160733e-09,1.72018734063e-16,6.71947023976e-19,2.6247929393e-21,1.24703160733e-09,1.49023957235e-27,1.20370621524e-35,1.97805042351e-31
0.0120226443462,1.30580221735e-09,1.84321351837e-16,7.20004007414e-19,2.81251467739e-21,1.30580221735e-09,1.67169563615e-27,1.97227263367e-31,1.97215226305e-31
0.0121618600065,1.36734258807e-09,1.97503840099e-16,7.71497979518e-19,3.01366424563e-21,1.36734258807e-09,1.87507770217e-27,4.93038065763e-32,4.43746296249e-31
0.0123026877081,1.43178325339e-09,2.1162912623e-16,8.26674749135e-19,3.22919759885e-21,1.43178325339e-09,2.10465298118e-27,1.20370621524e-35,1.97648560543e-31
0.0124451461177,1.49926089902e-09,2.26764638236e-16,8.85797692632e-19,3.46014885699e-21,1.49926089902e-09,2.36099897531e-27,1.20370621524e-35,1.97516152859e-31
0.0125892541179,1.56991865236e-09,2.42982625789e-16,9.49149053122e-19,3.70761349282e-21,1.56991865236e-09,2.64984686688e-27,4.81482486097e-35,1.97516152859e-31
0.0127350308102,1.64390638613e-09,2.60360506938e-16,1.01703121411e-18,3.97277795578e-21,1.64390638613e-09,2.97288482979e-27,1.97227263367e-31,1.2327877574e-30
0.0128824955169,1.72138103629e-09,2.78981235298e-16,1.08976823299e-18,4.25690656767e-21,1.72138103629e-09,3.33553853369e-27,1.97227263367e-31,5.00741785541e-32
0.0130316677845,1.80250693482e-09,2.9893369814e-16,1.16770733989e-18,4.56135628374e-21,1.80250693482e-09,3.74261497935e-27,4.94963995708e-32,4.44324075232e-31
0.0131825673856,1.88745615843e-09,3.20313139504e-16,1.25122054628e-18,4.88758154569e-21,1.88745615843e-09,4.19953921051e-27,1.97323559865e-31,4.96047331301e-32
0.0133352143216,1.97640889334e-09,3.43221615058e-16,1.34070651736e-18,5.23713433589e-21,1.97640889334e-09,4.71095927851e-27,0,1.97516152859e-31
0.0134896288259,2.06955381766e-09,3.67768479256e-16,1.43659244396e-18,5.61168869971e-21,2.06955381766e-09,5.28531149079e-27,1.20370621524e-35,4.43746296249e-31
0.0136458313659,2.16708850147e-09,3.9407090809e-16,1.53933597987e-18,6.01303084173e-21,2.16708850147e-09,5.93025742536e-27,4.94121401357e-32,4.43842592746e-31
0.013803842646,2.26921982596e-09,4.22254456808e-16,1.64942761793e-18,6.44308363583e-21,2.26921982596e-09,6.65470194432e-27,1.20370621524e-35,7.90317389741e-31
0.0139636836106,2.37616442213e-09,4.52453660953e-16,1.76739290758e-18,6.9038782976e-21,2.37616442213e-09,7.46654016878e-27,1.20370621524e-35,1.08333559372e-34
0.0141253754462,2.48814913041e-09,4.84812677675e-16,1.89379492162e-18,7.39763667526e-21,2.48814913041e-09,8.37835844815e-27,1.97215226305e-31,1.97648560543e-31
0.0142889395851,2.60541148171e-09,5.19485973724e-16,2.02923708229e-18,7.9267042486e-21,2.60541148171e-09,9.40046272244e-27,1.20370621524e-35,4.96047331301e-32
0.0144543977075,2.72820020131e-09,5.56639063778e-16,2.17436578312e-18,8.4936135002e-21,2.72820020131e-09,1.05461235277e-26,4.93519548249e-32,4.93158436385e-32
0.0146217717446,2.85677573629e-09,5.96449298456e-16,2.32987397738e-18,9.10107086416e-21,2.85677573629e-09,1.18337583393e-26,4.93158436385e-32,1.97805042351e-31
0.0147910838817,2.99141080816e-09,6.39106714268e-16,2.49650397723e-18,9.75196694381e-21,2.99141080816e-09,1.32782996506e-26,4.43746296249e-31,1.974078193e-31
0.0149623565609,3.13239099105e-09,6.84814937259e-16,2.67505104374e-18,1.04494159311e-20,3.13239099105e-09,1.48974000659e-26,1.97227263367e-31,1.97985598283e-31
0.0151356124844,3.28001531772e-09,7.33792156136e-16,2.86636760899e-18,1.11967440153e-20,3.28001531772e-09,1.67155219289e-26,4.81482486097e-35,7.70371977755e-34
0.0153108746168,3.4345969136e-09,7.86272166555e-16,3.07136686005e-18,1.19975249542e-20,3.4345969136e-09,1.87554422741e-26,1.20370621524e-35,7.70371977755e-34
0.0154881661891,3.59646366102e-09,8.42505482129e-16,3.29102743197e-18,1.28555717527e-20,3.59646366102e-09,2.10439398092e-26,4.93519548249e-32,1.97805042351e-31
0.0156675107011,3.76595889469e-09,9.0276053411e-16,3.52639773691e-18,1.37749883365e-20,3.76595889469e-09,2.36115929694e-26,0,7.89294239458e-31
0.0158489319246,3.94344212993e-09,9.67324951761e-16,3.77860154468e-18,1.47601608485e-20,3.94344212993e-09,2.64921678686e-26,4.81482486097e-35,7.89053498215e-31
0.0160324539069,4.12928982516e-09,1.03650693351e-15,4.04884242801e-18,1.58157905228e-20,4.12928982516e-09,2.97248306877e-26,4.93038065763e-32,5.00741785541e-32
0.0162181009736,4.32389618044e-09,1.11063672177e-15,4.33841078959e-18,1.69469170079e-20,4.32389618044e-09,3.33510393797e-26,4.81482486097e-35,5.00741785541e-32
0.016405897732,4.52767397355e-09,1.19006817565e-15,4.64868849499e-18,1.81589382832e-20,4.52767397355e-09,3.74218078928e-26,4.93519548249e-32,1.77570740873e-30
0.0165958690744,4.74105543546e-09,1.27518046309e-15,4.98115693255e-18,1.94576372274e-20,4.74105543546e-09,4.19858513851e-26,0,1.974078193e-31
0.0167880401812,4.96449316733e-09,1.36637986741e-15,5.33740305095e-18,2.08492284122e-20,4.96449316733e-09,4.71102386698e-26,4.81482486097e-35,7.8890905347e-31
0.0169824365246,5.19846110011e-09,1.46410173026e-15,5.71912729083e-18,2.23403370979e-20,5.19846110011e-09,5.28577428212e-26,4.93038065763e-32,4.33334237487e-34
0.0171790838716,5.44345550021e-09,1.56881252865e-15,6.12815189253e-18,2.39380865099e-20,5.44345550021e-09,5.93065009479e-26,4.94963995708e-32,1.974078193e-31
0.0173780082875,5.69999602167e-09,1.68101209756e-15,6.56642933402e-18,2.56501029317e-20,5.69999602167e-09,6.65494923373e-26,4.93038065763e-32,4.44504631165e-31
0.0175792361396,5.96862680867e-09,1.80123602404e-15,7.03605174479e-18,2.74845627851e-20,5.96862680867e-09,7.46583507379e-26,4.81482486097e-35,4.81482486097e-35
0.0177827941004,6.24991764949e-09,1.93005819604e-15,7.53926067134e-18,2.94502301531e-20,6.24991764949e-09,8.37746508147e-26,4.93519548249e-32,4.97371408138e-32
0.0179887091513,6.54446518517e-09,2.06809354638e-15,8.07845848495e-18,3.15564761856e-20,6.54446518517e-09,9.3996078864e-26,4.93519548249e-32,4.44937965402e-31
0.0181970085861,6.85289417491e-09,2.21600098431e-15,8.65621883076e-18,3.38133466378e-20,6.85289417491e-09,1.05465883581e-25,4.94963995708e-32,7.70371977755e-34
0.0184077200147,7.17585882117e-09,2.3744865477e-15,9.2752997063e-18,3.62316338671e-20,7.17585882117e-09,1.18333133677e-25,4.93519548249e-32,4.44937965402e-31
0.0186208713666,7.51404415737e-09,2.54430676426e-15,9.93865630134e-18,3.88228717374e-20,7.51404415737e-09,1.32776849058e-25,1.92592994439e-34,1.92592994439e-34
0.0188364908949,7.86816750061e-09,2.72627226909e-15,1.06494548205e-17,4.15994259431e-20,7.86816750061e-09,1.48975631801e-25,1.97215226305e-31,5.32038147137e-32
0.0190546071796,8.23897997356e-09,2.92125166911e-15,1.14110887748e-17,4.45745537317e-20,8.23897997356e-09,1.6714879559e-25,0,5.10371435263e-32
0.0192752491319,8.627268097e-09,3.13017569795e-15,1.2227193391e-17,4.77624892364e-20,8.627268097e-09,1.87543597474e-25,1.97215226305e-31,4.46093523369e-31
0.0194984459976,9.03385545857e-09,3.35404164829e-15,1.31016644062e-17,5.11783693142e-20,9.03385545857e-09,2.10431865274e-25,1.97263374554e-31,4.43926852181e-31
0.0197242273611,9.45960445915e-09,3.59391813822e-15,1.4038676089e-17,5.48385506262e-20,9.45960445915e-09,2.36098601139e-25,4.93038065763e-32,4.94963995708e-32
0.0199526231497,9.90541814233e-09,3.85095021372e-15,1.50427010176e-17,5.8760530425e-20,9.90541814233e-09,2.64905834879e-25,0,4.94963995708e-32
0.0201836636368,1.03722421096e-08,4.12636480619e-15,1.61185323411e-17,6.29629939319e-20,1.03722421096e-08,2.97229065873e-25,1.97263374554e-31,5.16630707582e-32
0.0204173794467,1.0861066526e-08,4.42147659977e-15,1.72713051543e-17,6.74660188096e-20,1.0861066526e-08,3.33503346241e-25,4.43926852181e-31,4.45467596137e-31
0.0206538015581,1.13729282203e-08,4.73769430118e-15,1.85065220062e-17,7.22910658468e-20,1.13729282203e-08,3.74187865782e-25,0,4.94963995708e-32
0.0208929613085,1.19089128839e-08,5.07652735847e-15,1.98300793952e-17,7.74612234956e-20,1.19089128839e-08,4.19855686105e-25,4.94963995708e-32,4.33334237487e-34
0.0211348903984,1.24701573739e-08,5.43959317987e-15,2.12482950547e-17,8.3001103318e-20,1.24701573739e-08,4.71087540041e-25,4.81482486097e-35,3.90000813738e-33
0.021379620895,1.3057852124e-08,5.82862483955e-15,2.2767938715e-17,8.89372219578e-20,1.3057852124e-08,5.28571824719e-25,4.93519548249e-32,4.43926852181e-31
0.0216271852373,1.36732436695e-08,6.24547936447e-15,2.43962646429e-17,9.52978792887e-20,1.36732436695e-08,5.9305994633e-25,4.94963995708e-32,1.97648560543e-31
0.0218776162395,1.43176372911e-08,6.69214658329e-15,2.61410448238e-17,1.02113419995e-19,1.43176372911e-08,6.65425465143e-25,4.93519548249e-32,5.23852944873e-32
0.0221309470961,1.49923997838e-08,7.17075863607e-15,2.80106084617e-17,1.09416398278e-19,1.49923997838e-08,7.46616869301e-25,1.92592994439e-34,2.35926418187e-33
0.0223872113857,1.56989623549e-08,7.68360014808e-15,3.00138794395e-17,1.17241678863e-19,1.56989623549e-08,8.37717973087e-25,4.93038065763e-32,7.89053498215e-31
0.0226464430759,1.64388236603e-08,8.23311913463e-15,3.21604201904e-17,1.25626591382e-19,1.64388236603e-08,9.39923343747e-25,4.93038065763e-32,4.43926852181e-31
0.0229086765277,1.72135529829e-08,8.82193868418e-15,3.44604775216e-17,1.34611185165e-19,1.72135529829e-08,1.05462096707e-24,4.97371408138e-32,5.05075127916e-32
0.0231739464997,1.8024793561e-08,9.45286948616e-15,3.69250292649e-17,1.44238319232e-19,1.8024793561e-08,1.18329540349e-24,4.81482486097e-35,5.10371435263e-32
0.0234422881532,1.88742660729e-08,1.01289232353e-14,3.95658408842e-17,1.54553998186e-19,1.88742660729e-08,1.32769202009e-24,1.974078193e-31,4.44504631165e-31
0.0237137370566,1.97637722874e-08,1.08533270166e-14,4.23955177824e-17,1.65607391901e-19,1.97637722874e-08,1.48968311611e-24,4.93038065763e-32,5.62371543761e-32
0.0239883291902,2.06951988843e-08,1.16295387158e-14,4.54275666123e-17,1.77451375952e-19,2.06951988843e-08,1.6714637174e-24,4.81482486097e-35,1.98948563255e-31
0.0242661009508,2.16705214566e-08,1.24612634985e-14,4.86764605195e-17,1.90142410223e-19,2.16705214566e-08,1.87541323648e-24,4.81482486097e-35,5.00741785541e-32
0.0245470891569,2.26918087e-08,1.3352471532e-14,5.21577084757e-17,2.03740953953e-19,2.26918087e-08,2.10424404819e-24,4.93038065763e-32,1.92592994439e-34
0.024831331053,2.37612268008e-08,1.43074168971e-14,5.58879264894e-17,2.18312084956e-19,2.37612268008e-08,2.36101381373e-24,4.93038065763e-32,5.32038147137e-32
0.0251188643151,2.48810440302e-08,1.53306579297e-14,5.98849213581e-17,2.33925356277e-19,2.48810440302e-08,2.649095216e-24,1.974078193e-31,1.974078193e-31
0.0254097270555,2.60536355549e-08,1.64270789597e-14,6.41677713704e-17,2.50655213473e-19,2.60536355549e-08,2.97231030438e-24,4.93519548249e-32,1.99574490487e-31
0.0257039578277,2.72814884745e-08,1.76019136209e-14,6.87569203205e-17,2.68581597274e-19,2.72814884745e-08,3.33499891629e-24,0,5.00741785541e-32
0.0260015956317,2.85672070967e-08,1.88607698431e-14,7.36742744655e-17,2.87789986143e-19,2.85672070967e-08,3.74186630105e-24,4.93038065763e-32,4.33334237487e-34
0.026302679919,2.99135184607e-08,2.02096566222e-14,7.8943304577e-17,3.08372096748e-19,2.99135184607e-08,4.19850869913e-24,4.93519548249e-32,1.23495442859e-30
0.026607250598,3.13232781208e-08,2.16550126855e-14,8.4589162338e-17,3.30426215711e-19,3.13232781208e-08,4.71080592104e-24,4.93519548249e-32,4.43926852181e-31
0.0269153480393,3.27994762025e-08,2.32037372441e-14,9.06387969287e-17,3.54057619107e-19,3.27994762025e-08,5.28556182894e-24,4.93519548249e-32,2.35926418187e-33
0.0272270130808,3.43452437447e-08,2.48632229098e-14,9.71210855248e-17,3.79379075478e-19,3.43452437447e-08,5.93050602921e-24,4.93519548249e-32,3.08148791102e-33
0.0275422870334,3.59638593398e-08,2.66413909971e-14,1.04066969961e-16,4.06511368379e-19,3.59638593398e-08,6.65418294472e-24,1.92592994439e-34,7.90594242171e-31
0.0278612116863,3.76587560872e-08,2.85467293034e-14,1.11509605183e-16,4.35584130151e-19,3.76587560872e-08,7.46612834675e-24,1.97215226305e-31,1.23495442859e-30
0.0281838293126,3.94335288743e-08,3.05883326579e-14,1.19484516384e-16,4.66736102576e-19,3.94335288743e-08,8.37703355592e-24,1.92592994439e-34,1.98948563255e-31
0.028510182675,4.12919420015e-08,3.27759463176e-14,1.28029770201e-16,5.00116006124e-19,4.12919420015e-08,9.39924158473e-24,1.97263374554e-31,5.23852944873e-32
0.0288403150313,4.32379371644e-08,3.51200124736e-14,1.37186155412e-16,5.35883077427e-19,4.32379371644e-08,1.05461045909e-23,4.81482486097e-35,7.93675730082e-31
0.02917427014,4.52756418141e-08,3.76317200995e-14,1.46997379647e-16,5.74208150296e-19,4.52756418141e-08,1.18329081157e-23,4.93038065763e-32,1.20370621524e-33
0.0295120922667,4.74093779116e-08,4.03230583683e-14,1.57510271781e-16,6.15274080943e-19,4.74093779116e-08,1.32766808415e-23,4.93038065763e-32,1.20370621524e-33
0.0298538261892,4.96436710923e-08,4.32068738568e-14,1.68775014955e-16,6.59276896217e-19,4.96436710923e-08,1.48967396988e-23,4.93519548249e-32,5.16630707582e-32
0.030199517204,5.19832602652e-08,4.62969318754e-14,1.80845376477e-16,7.06426713058e-19,5.19832602652e-08,1.67144260721e-23,4.93519548249e-32,4.81482486097e-35
0.0305492111322,5.44331076632e-08,4.96079821779e-14,1.93778972773e-16,7.56948576487e-19,5.44331076632e-08,1.8753864112e-23,4.81482486097e-35,2.41824578642e-30
0.0309029543251,5.6998409366e-08,5.31558293436e-14,2.07637537779e-16,8.11083496694e-19,5.6998409366e-08,2.10421576853e-23,4.81482486097e-35,4.97371408138e-32
0.0312607936712,5.96846063211e-08,5.69574082378e-14,2.22487221513e-16,8.69090089731e-19,5.96846063211e-08,2.36096669925e-23,1.9841893252e-31,5.05075127916e-32
0.0316227766017,6.24973958822e-08,6.10308648294e-14,2.38398905644e-16,9.31244958837e-19,6.24973958822e-08,2.64904735626e-23,5.10371435263e-32,5.10371435263e-32
0.0319889510969,6.54427438919e-08,6.53956427717e-14,2.55448538357e-16,9.97845035485e-19,6.54427438919e-08,2.97228029573e-23,4.93038065763e-32,1.98948563255e-31
0.032359365693,6.85268973341e-08,7.00725762649e-14,2.73717502514e-16,1.06920837524e-18,6.85268973341e-08,3.33493267631e-23,4.94963995708e-32,1.73333694995e-33
0.0327340694879,7.1756397583e-08,7.50839894762e-14,2.9329299774e-16,1.14567478665e-18,7.1756397583e-08,3.74186682076e-23,5.00741785541e-32,0
0.0331131121483,7.51380942739e-08,8.0453803036e-14,3.14268461842e-16,1.22761005854e-18,7.51380942739e-08,4.19845100647e-23,0,5.00741785541e-32
0.0334965439158,7.86791598313e-08,8.62076483184e-14,3.36744013534e-16,1.31540524179e-18,7.86791598313e-08,4.71073758147e-23,4.94963995708e-32,3.08148791102e-33
0.0338844156139,8.2387104679e-08,9.23729896884e-14,3.60826934039e-16,1.40947893157e-18,8.2387104679e-08,5.28552322608e-23,4.94963995708e-32,7.70371977755e-34
0.0342767786546,8.62697931669e-08,9.89792555972e-14,3.86632171419e-16,1.51028045144e-18,8.62697931669e-08,5.93046820164e-23,7.70371977755e-34,5.23852944873e-32
0.0346736850453,9.03354602506e-08,1.060579791e-13,4.14282900414e-16,1.61829124968e-18,9.03354602506e-08,6.6540791485e-23,1.92592994439e-34,6.93334779979e-33
0.0350751873953,9.45927289538e-08,1.13642948319e-13,4.43911099444e-16,1.73402608197e-18,9.45927289538e-08,7.46596762246e-23,4.93038065763e-32,1.92592994439e-34
0.0354813389234,9.90506286559e-08,1.21770367652e-13,4.75658188757e-16,1.85803806934e-18,9.90506286559e-08,8.37699300264e-23,4.94963995708e-32,7.95794253021e-31
0.0358921934645,1.0371861424e-07,1.30479030717e-13,5.09675698465e-16,1.99091874041e-18,1.0371861424e-07,9.39912101857e-23,7.70371977755e-34,5.23852944873e-32
0.036307805477,1.08606586143e-07,1.39810505364e-13,5.46125997879e-16,2.13330250262e-18,1.08606586143e-07,1.0545966598e-22,5.00741785541e-32,5.23852944873e-32
0.0367282300498,1.13724911354e-07,1.49809332116e-13,5.85183069954e-16,2.285868944e-18,1.13724911354e-07,1.18327797262e-22,1.97215226305e-31,1.97215226305e-31
0.0371535229097,1.19084445394e-07,1.60523236786e-13,6.27033327159e-16,2.44934642438e-18,1.19084445394e-07,1.32765560779e-22,0,1.73333694995e-33
0.0375837404288,1.24696555341e-07,1.72003358301e-13,6.71876532877e-16,2.6245148124e-18,1.24696555341e-07,1.489655428e-22,4.94963995708e-32,2.00296714216e-31
0.0380189396321,1.30573143934e-07,1.84304492584e-13,7.19926722983e-16,2.81221071589e-18,1.30573143934e-07,1.67141730075e-22,1.92592994439e-34,1.98948563255e-31
0.0384591782045,1.36726674812e-07,1.97485354332e-13,7.71413237045e-16,3.01332936655e-18,1.36726674812e-07,1.87536457899e-22,0,2.06652283033e-31
0.0389045144994,1.43170198949e-07,2.11608857042e-13,8.26581827595e-16,3.22883129315e-18,1.43170198949e-07,2.10418303367e-22,5.00741785541e-32,1.23952851221e-30
0.0393550075456,1.49917382323e-07,2.26742413382e-13,8.85695804789e-16,3.45974468608e-18,1.49917382323e-07,2.3609326688e-22,4.94963995708e-32,4.48549084048e-31
0.0398107170553,1.56982534903e-07,2.42958256942e-13,9.49037330311e-16,3.70717246207e-18,1.56982534903e-07,2.64900925069e-22,1.974078193e-31,4.44504631165e-31
0.0402717034325,1.6438064099e-07,2.60333786915e-13,1.01690872233e-15,3.97229486361e-18,1.6438064099e-07,2.97222622499e-22,1.73333694995e-33,4.94963995708e-32
0.0407380277804,1.72127390991e-07,2.78951937519e-13,1.08963393071e-15,4.25637701201e-18,1.72127390991e-07,3.33490078488e-22,0,7.89631277199e-31
0.0412097519097,1.80239214695e-07,2.98901573817e-13,1.16756007067e-15,4.56077556283e-18,1.80239214695e-07,3.74181822713e-22,4.93038065763e-32,2.4207013471e-30
0.041686938347,1.88733316109e-07,3.20277915891e-13,1.2510590684e-15,4.8869428812e-18,1.88733316109e-07,4.19838311357e-22,4.93038065763e-32,6.49038391258e-32
0.0421696503429,1.97627709944e-07,3.43182993128e-13,1.3405294653e-15,5.23643594068e-18,1.97627709944e-07,4.7106642922e-22,4.93038065763e-32,5.41186314373e-32
0.0426579518802,2.06941259806e-07,3.67726131333e-13,1.43639829382e-15,5.61092301638e-18,2.06941259806e-07,5.28544763009e-22,1.92592994439e-34,5.23852944873e-32
0.0431519076828,2.16693718208e-07,3.94024474404e-13,1.53912311896e-15,6.01219111015e-18,2.16693718208e-07,5.93035585329e-22,4.94963995708e-32,2.00296714216e-31
0.043651583224,2.26905768444e-07,4.22203543449e-13,1.64919423007e-15,6.44215525056e-18,2.26905768444e-07,6.65395590995e-22,1.97215226305e-31,5.00741785541e-32
0.0441570447353,2.37599068452e-07,4.52397835654e-13,1.76713698237e-15,6.902868974e-18,2.37599068452e-07,7.46586778609e-22,1.92592994439e-34,2.00296714216e-31
0.0446683592151,2.48796296739e-07,4.84751466457e-13,1.89351429622e-15,7.3965288622e-18,2.48796296739e-07,8.37683241847e-22,4.94963995708e-32,9.4370567275e-33
0.0451855944375,2.60521200464e-07,5.19418857137e-13,2.02892934159e-15,7.92549280551e-18,2.60521200464e-07,9.39895110859e-22,7.70371977755e-34,4.81482486097e-33
0.0457088189615,2.72798645798e-07,5.56565471742e-13,2.17402842527e-15,8.49228506146e-18,2.72798645798e-07,1.05457844873e-21,1.97215226305e-31,2.00296714216e-31
0.0462381021399,2.85654670643e-07,5.96368606847e-13,2.32950407078e-15,9.09961050856e-18,2.85654670643e-07,1.1832556431e-21,4.94963995708e-32,4.81482486097e-33
0.0467735141287,2.99116539847e-07,6.39018237629e-13,2.49609832821e-15,9.7503677966e-18,2.99116539847e-07,1.3276333984e-21,0,7.93675730082e-31
0.0473151258961,3.13212803013e-07,6.84717924495e-13,2.67460630275e-15,1.04476631575e-17,3.13212803013e-07,1.48962917007e-21,5.10371435263e-32,5.23852944873e-32
0.0478630092323,3.27973355031e-07,7.3368578454e-13,2.8658799522e-15,1.11948241513e-17,3.27973355031e-07,1.67138791097e-21,0,5.41186314373e-32
0.0484172367584,3.4342949947e-07,7.86155532349e-13,3.07083217206e-15,1.19954171801e-17,3.4342949947e-07,1.8753269471e-21,0,5.62371543761e-32
0.0489778819368,3.59614014946e-07,8.42377595536e-13,3.29044112296e-15,1.28532621039e-17,3.59614014946e-07,2.10414428508e-21,1.97985598283e-31,5.62371543761e-32
0.0495450190805,3.76561224622e-07,9.02620309494e-13,3.52575493514e-15,1.37724543126e-17,3.76561224622e-07,2.3608891613e-21,4.94963995708e-32,2.04148574105e-31
0.0501187233627,3.94307068984e-07,9.67171198412e-13,3.77789664927e-15,1.47573807207e-17,3.94307068984e-07,2.64895899627e-21,0,5.10371435263e-32
0.0506990708275,4.12889182041e-07,1.03633834695e-12,4.04806964798e-15,1.58127412651e-17,4.12889182041e-07,2.97217676801e-21,4.94963995708e-32,1.23259516441e-32
0.0512861383991,4.32346971118e-07,1.11045187054e-12,4.33756334194e-15,1.69435726574e-17,4.32346971118e-07,3.33483304891e-21,7.70371977755e-34,5.00741785541e-32
0.0518800038929,4.52721700406e-07,1.18986549086e-12,4.6477593603e-15,1.81552731872e-17,4.52721700406e-07,3.74173788679e-21,1.97985598283e-31,3.08148791102e-33
0.052480746025,4.74056578449e-07,1.27495822357e-12,4.98013812067e-15,1.94536239521e-17,4.74056578449e-07,4.19829383797e-21,4.94963995708e-32,1.92592994439e-32
0.0530884444231,4.96396849754e-07,1.36613618712e-12,5.33628589383e-15,2.08448211735e-17,4.96396849754e-07,4.71055620889e-21,4.94963995708e-32,8.01186856865e-31
0.053703179637,5.1978989071e-07,1.4638345408e-12,5.71790236683e-15,2.23355061964e-17,5.1978989071e-07,5.28532743719e-21,0,2.04148574105e-31
0.0543250331492,5.44285310036e-07,1.56851956098e-12,6.12680880704e-15,2.39327917925e-17,5.44285310036e-07,5.93022274653e-21,1.73333694995e-33,4.50667606987e-31
0.0549540873858,5.69935053953e-07,1.68069086614e-12,6.56495667198e-15,2.56443023394e-17,5.69935053953e-07,6.65381172465e-21,4.94963995708e-32,2.02030051166e-31
0.055590425727,5.96793516309e-07,1.80088380142e-12,7.03443698387e-15,2.74782043979e-17,5.96793516309e-07,7.46569002908e-21,5.10371435263e-32,1.98948563255e-31
0.056234132519,6.24917653902e-07,1.92967199255e-12,7.53749024725e-15,2.94432507302e-17,6.24917653902e-07,8.37662608369e-21,1.92592994439e-34,1.24203222114e-30
0.0568852930844,6.5436710722e-07,2.0676700834e-12,8.07651722375e-15,3.15488174628e-17,6.5436710722e-07,9.39871831343e-21,4.43734259187e-31,2.16474525749e-31
0.0575439937337,6.85204326883e-07,2.21553666859e-12,8.65409028919e-15,3.38049551303e-17,6.85204326883e-07,1.05455138544e-20,4.93038065763e-32,4.48549084048e-31
0.0582103217771,7.17494706032e-07,2.37397743641e-12,9.27296578898e-15,3.62224283722e-17,7.17494706032e-07,1.18322445556e-20,4.93038065763e-32,1.24203222114e-30
0.0588843655356,7.51306718958e-07,2.54374853577e-12,9.93609714226e-15,3.88127768156e-17,7.51306718958e-07,1.32759727538e-20,4.94963995708e-32,4.59334291736e-31
0.0595662143529,7.86712066257e-07,2.72566018415e-12,1.06466489513e-14,4.15883600347e-17,7.86712066257e-07,1.48958563975e-20,4.94963995708e-32,2.04148574105e-31
0.0602559586074,8.2378582683e-07,2.9205805339e-12,1.14080120757e-14,4.45624240428e-17,8.2378582683e-07,1.67134026462e-20,4.94963995708e-32,2.09541177949e-31
0.060953689724,8.62606617028e-07,3.12943981415e-12,1.22238198572e-14,4.77491609573e-17,8.62606617028e-07,1.87527079061e-20,1.974078193e-31,4.46815747098e-31
0.0616595001861,9.03256757315e-07,3.35323476967e-12,1.30979654233e-14,5.1163777718e-17,9.03256757315e-07,2.10408530066e-20,1.97215226305e-31,7.91942393132e-31
0.0623734835482,9.45822446756e-07,3.59303341629e-12,1.40346202352e-14,5.48225725199e-17,9.45822446756e-07,2.36081772873e-20,0,2.06652283033e-31
0.063095734448,9.90393945744e-07,3.84998013697e-12,1.50382540739e-14,5.87430006026e-17,9.90393945744e-07,2.64887669958e-20,7.70371977755e-34,7.89631277199e-31
0.0638263486191,1.03706576732e-06,4.1253011419e-12,1.61136562435e-14,6.29437717019e-17,1.03706576732e-06,2.97208240552e-20,4.93038065763e-32,1.23259516441e-32
0.0645654229035,1.08593687752e-06,4.42031031864e-12,1.72659585197e-14,6.74449406675e-17,1.08593687752e-06,3.33472477873e-20,1.97215226305e-31,4.81482486097e-31
0.0653130552647,1.13711090511e-06,4.73641550136e-12,1.85006596401e-14,7.22679666029e-17,1.13711090511e-06,3.74161470014e-20,7.70371977755e-34,5.23852944873e-32
0.0660693448008,1.19069636131e-06,5.07512518712e-12,1.98236513948e-14,7.74358811863e-17,1.19069636131e-06,4.19815275071e-20,0,6.16297582204e-32
0.0668343917569,1.24680686969e-06,5.4380557335e-12,2.12412469285e-14,8.29733378763e-17,1.24680686969e-06,4.71039432943e-20,6.93334779979e-33,6.85631060202e-32
0.0676082975392,1.30556140711e-06,5.82693906924e-12,2.27602107272e-14,8.89067642404e-17,1.30556140711e-06,5.28513803506e-20,7.70371977755e-34,2.00296714216e-31
0.0683911647281,1.36708455579e-06,6.24363095805e-12,2.43877909255e-14,9.5264468182e-17,1.36708455579e-06,5.93000875581e-20,7.70371977755e-34,4.50667606987e-31
0.0691830970919,1.43150676741e-06,6.69011985205e-12,2.6131753833e-14,1.02076793215e-16,1.43150676741e-06,6.6535633593e-20,5.00741785541e-32,4.46815747098e-31
0.0699841996002,1.49896463958e-06,7.16853637672e-12,2.80004210697e-14,1.09376235902e-16,1.49896463958e-06,7.46540431837e-20,4.93038065763e-32,2.00296714216e-31
0.0707945784384,1.56960120534e-06,7.68116349724e-12,3.00027092449e-14,1.17197637592e-16,1.56960120534e-06,8.37630120335e-20,5.00741785541e-32,4.71467650386e-31
0.0716143410213,1.6435662363e-06,8.23044740876e-12,3.21481724519e-14,1.2557830927e-16,1.6435662363e-06,9.39834264338e-20,3.08148791102e-33,4.44504631165e-31
0.0724435960075,1.72101656002e-06,8.81900920562e-12,3.44470478027e-14,1.34558242887e-16,1.72101656002e-06,1.05450855976e-19,0,2.09541177949e-31
0.0732824533139,1.8021163924e-06,9.44965738672e-12,3.69103043676e-14,1.44180286565e-16,1.8021163924e-06,1.1831751956e-19,5.23852944873e-32,4.62993558631e-31
0.0741310241301,1.88703768569e-06,1.01254012507e-11,3.95496954086e-14,1.54490350647e-16,1.88703768569e-06,1.32754087622e-19,5.00741785541e-32,3.08148791102e-33
0.0749894209332,1.97596049283e-06,1.08494652543e-11,4.23778144595e-14,1.65537624791e-16,1.97596049283e-06,1.48952160489e-19,4.93038065763e-32,4.56060210831e-31
0.0758577575029,2.06907334907e-06,1.16253043911e-11,4.54081554488e-14,1.77374827665e-16,2.06907334907e-06,1.67126609773e-19,0,2.34963453215e-31
0.0767361489362,2.16657367144e-06,1.24566206736e-11,4.86551769844e-14,1.90058430622e-16,2.16657367144e-06,1.87518597706e-19,0,2.04148574105e-31
0.0776247116629,2.26866817709e-06,1.33473807925e-11,5.2134371289e-14,2.03648950723e-16,2.26866817709e-06,2.10398704918e-19,5.23852944873e-32,2.00296714216e-31
0.078523563461,2.37557332132e-06,1.43018350371e-11,5.58623382323e-14,2.18211233122e-16,2.37557332132e-06,2.36070557287e-19,0,2.04148574105e-31
0.0794328234724,2.48751575625e-06,1.53245375684e-11,5.98568643459e-14,2.33814751111e-16,2.48751575625e-06,2.6487476572e-19,5.00741785541e-32,8.70520334863e-32
0.0803526122186,2.60473281101e-06,1.64203681438e-11,6.41370077901e-14,2.50533952509e-16,2.60473281101e-06,2.97193428612e-19,5.00741785541e-32,4.56060210831e-31
0.0812830516164,2.72747299466e-06,1.75945553889e-11,6.87231890358e-14,2.68448604536e-16,2.72747299466e-06,3.33455420927e-19,1.97985598283e-31,2.04148574105e-31
0.0822242649947,2.85599652267e-06,1.88527017389e-11,7.36372885151e-14,2.8764417365e-16,2.85599652267e-06,3.74141958141e-19,7.70371977755e-34,1.97985598283e-31
0.0831763771103,2.99057586824e-06,2.020081016e-11,7.89027507524e-14,3.08212238617e-16,2.99057586824e-06,4.19792826459e-19,0,4.93038065763e-32
0.0841395141645,3.13149633961e-06,2.16453127773e-11,8.45446962733e-14,3.3025093687e-16,3.13149633961e-06,4.71013734851e-19,3.08148791102e-33,4.71467650386e-31
0.0851138038202,3.27905668448e-06,2.31931015552e-11,9.05900413173e-14,3.53865391615e-16,3.27905668448e-06,5.28484263052e-19,5.23852944873e-32,4.56060210831e-31
0.0860993752185,3.43356972292e-06,2.48515611658e-11,9.70676263397e-14,3.79168273378e-16,3.43356972292e-06,5.92967057498e-19,3.08148791102e-33,1.78187038455e-30
0.0870963589956,3.59536301005e-06,2.66286042067e-11,1.0400835333e-13,4.06280280759e-16,3.59536301005e-06,6.65317542801e-19,5.00741785541e-32,5.23852944873e-32
0.0881048873008,3.76477952997e-06,2.85327089389e-11,1.11445333346e-13,4.35330754018e-16,3.76477952997e-06,7.46495758256e-19,1.97985598283e-31,4.50667606987e-31
0.0891250938134,3.94217842228e-06,3.05729597167e-11,1.1941404418e-13,4.66458278792e-16,3.94217842228e-06,8.37578952019e-19,5.00741785541e-32,2.16474525749e-31
0.0901571137606,4.12793574287e-06,3.27590903119e-11,1.27952499822e-13,4.99811352548e-16,4.12793574287e-06,9.39775395606e-19,5.00741785541e-32,8.70520334863e-32
0.0912010839356,4.32244526042e-06,3.51015303291e-11,1.37101431365e-13,5.35549064763e-16,4.32244526042e-06,1.05444112119e-18,5.00741785541e-32,2.24948617504e-31
0.0922571427155,4.52611929055e-06,3.76114549443e-11,1.46904481448e-13,5.73841902915e-16,4.52611929055e-06,1.18309766872e-18,5.23852944873e-32,2.16474525749e-31
0.0933254300797,4.73938956903e-06,4.03008381898e-11,1.57408412296e-13,6.14872519054e-16,4.73938956903e-06,1.3274518467e-18,5.00741785541e-32,2.34963453215e-31
0.0944060876286,4.96270816627e-06,4.31825100532e-11,1.68663328577e-13,6.58836645955e-16,4.96270816627e-06,1.48941927578e-18,5.62371543761e-32,1.5099290764e-31
0.0954992586021,5.19654844473e-06,4.62702176553e-11,1.80722916265e-13,7.05943974749e-16,5.19654844473e-06,1.67114859904e-18,5.23852944873e-32,1.23259516441e-32
0.096605087899,5.44140606145e-06,4.95786907951e-11,1.93644698468e-13,7.5641920795e-16,5.44140606145e-06,1.87505127579e-18,3.08148791102e-33,2.04148574105e-31
0.0977237220956,5.69780001772e-06,5.31237121845e-11,2.07490310087e-13,8.10503118201e-16,5.69780001772e-06,2.10383273157e-18,7.70371977755e-34,8.01186856865e-31
0.0988553094657,5.96627375816e-06,5.69221926985e-11,2.22325791114e-13,8.68453654474e-16,5.96627375816e-06,2.36052812449e-18,7.70371977755e-34,4.50667606987e-31
0.1,6.24739632156e-06,6.09922519997e-11,2.38221901873e-13,9.3054719956e-16,6.24739632156e-06,2.64854355757e-18,4.93038065763e-32,2.00296714216e-31
0.101157945426,6.54176354579e-06,6.53533049285e-11,2.55254459628e-13,9.97079956892e-16,6.54176354579e-06,2.97170037696e-18,1.97215226305e-31,4.71467650386e-31
0.102329299228,6.84999932948e-06,7.0026154061e-11,2.73504700683e-13,1.0683691982e-15,6.84999932948e-06,3.33428616085e-18,5.00741785541e-32,5.06134389385e-31
0.103514216668,7.17275695303e-06,7.50330888842e-11,2.93059667192e-13,1.14475497825e-15,7.17275695303e-06,3.7411114794e-18,5.00741785541e-32,7.88860905221e-31
0.104712854805,7.5107204618e-06,8.03979920522e-11,3.14012622314e-13,1.22660155066e-15,7.5107204618e-06,4.19757435143e-18,1.97985598283e-31,4.81482486097e-31
0.105925372518,7.8646061143e-06,8.6146453236e-11,3.36463494308e-13,1.31429926946e-15,7.8646061143e-06,4.70973063251e-18,1.97985598283e-31,6.16297582204e-32
0.107151930524,8.23516389865e-06,9.23058911056e-11,3.60519352948e-13,1.40826639209e-15,8.23516389865e-06,5.28437597485e-18,7.70371977755e-34,1.26341004352e-31
0.108392691402,8.62317912025e-06,9.89056840325e-11,3.86294919645e-13,1.50895100204e-15,8.62317912025e-06,5.92913431519e-18,1.97985598283e-31,5.62371543761e-32
0.109647819614,9.0294740642e-06,1.05977310117e-10,4.13913114561e-13,1.61683326952e-15,9.0294740642e-06,6.65256007506e-18,5.23852944873e-32,8.51261035419e-31
0.110917481526,9.45490973591e-06,1.13554497228e-10,4.43505641724e-13,1.73242765172e-15,9.45490973591e-06,7.46425172794e-18,5.00741785541e-32,8.38164711797e-31
0.11220184543,9.9003876836e-06,1.21673383763e-10,4.75213617043e-13,1.85628535477e-15,9.9003876836e-06,8.37497829997e-18,3.08148791102e-33,5.62371543761e-32
0.113501081567,1.03668519065e-05,1.30372690877e-10,5.0918824068e-13,1.98899699429e-15,1.03668519065e-05,9.39682257016e-18,5.23852944873e-32,1.92592994439e-32
0.11481536215,1.08552908529e-05,1.39693907029e-10,5.45591516812e-13,2.13119542923e-15,1.08552908529e-05,1.05433427358e-17,5.23852944873e-32,4.93038065763e-32
0.116144861384,1.13667395118e-05,1.4968148571e-10,5.84597026669e-13,2.28355863478e-15,1.13667395118e-05,1.18297492242e-17,2.00296714216e-31,4.44504631165e-31
0.117489755494,1.19022816036e-05,1.60383057265e-10,6.26390754438e-13,2.44681311967e-15,1.19022816036e-05,1.32731100577e-17,6.93334779979e-33,4.56060210831e-31
0.118850222744,1.24630518732e-05,1.71849655901e-10,6.71171973578e-13,2.62173723341e-15,1.24630518732e-05,1.48925746336e-17,5.23852944873e-32,2.16474525749e-31
0.120226443462,1.30502384913e-05,1.84135962843e-10,7.19154196237e-13,2.80916511394e-15,1.30502384913e-05,1.67096288899e-17,5.23852944873e-32,5.20771456962e-31
0.121618600065,1.36650855682e-05,1.97300566905e-10,7.70566190271e-13,3.00999020873e-15,1.36650855682e-05,1.87483804365e-17,1.97985598283e-31,5.62371543761e-32
0.123026877081,1.43088957864e-05,2.11406243637e-10,8.25653069106e-13,3.22517007586e-15,1.43088957864e-05,2.10358779794e-17,1.97215226305e-31,1.23259516441e-32
0.124451461177,1.49830331566e-05,2.2652025444e-10,8.8467745847e-13,3.45573048781e-15,1.49830331566e-05,2.36024701646e-17,3.08148791102e-33,4.71467650386e-31
0.125892541179,1.5688925903e-05,2.42714667005e-10,9.47920747927e-13,3.70277064806e-15,1.5688925903e-05,2.648220789e-17,7.70371977755e-34,8.1659429642e-31
0.127350308102,1.64280694852e-05,2.60066698654e-10,1.01568443092e-12,3.96746820528e-15,1.64280694852e-05,2.97132971319e-17,5.23852944873e-32,5.23852944873e-32
0.128824955169,1.72020297609e-05,2.78659084203e-10,1.08829154039e-12,4.2510850297e-15,1.72020297609e-05,3.33386059576e-17,3.08148791102e-33,9.86076131526e-32
0.130316677845,1.80124462984e-05,2.98580470085e-10,1.16608818673e-12,4.55497294426e-15,1.80124462984e-05,3.7406229293e-17,4.93038065763e-32,1.23567665232e-30
0.131825673856,1.88610358439e-05,3.19925836592e-10,1.24944520629e-12,4.88058063284e-15,1.88610358439e-05,4.1970134004e-17,1.23259516441e-32,1.60237371373e-31
0.133352143216,1.97495959525e-05,3.42796950306e-10,1.3387599271e-12,5.22946001531e-15,1.97495959525e-05,4.7090867519e-17,0,3.48208133945e-31
0.134896288259,2.06800087896e-05,3.67302848795e-10,1.43445806037e-12,5.60327398503e-15,2.06800087896e-05,5.28363657849e-17,7.70371977755e-32,4.71467650386e-31
0.136458313659,2.16542451103e-05,3.93560359936e-10,1.53699572715e-12,6.00380427563e-15,2.16542451103e-05,5.92828550088e-17,2.00296714216e-31,7.70371977755e-32
0.13803842646,2.2674368427e-05,4.21694658299e-10,1.64686163049e-12,6.43295972138e-15,2.2674368427e-05,6.65158569548e-17,0,2.00296714216e-31
0.139636836106,2.37425393721e-05,4.51839861252e-10,1.76457937915e-12,6.89278568279e-15,2.37425393721e-05,7.46313269788e-17,2.09541177949e-31,2.00296714216e-31
0.141253754462,2.48610202655e-05,4.84139667603e-10,1.89070998461e-12,7.38547345038e-15,2.48610202655e-05,8.37369341364e-17,7.70371977755e-32,4.56060210831e-31
0.142889395851,2.60321798972e-05,5.18748041882e-10,2.02585452683e-12,7.91337096979e-15,2.60321798972e-05,9.39534750702e-17,7.70371977755e-32,7.70371977755e-32
0.144543977075,2.72584985346e-05,5.55829947382e-10,2.17065701659e-12,8.4789938042e-15,2.72584985346e-05,1.05416488312e-16,3.08148791102e-33,4.93038065763e-32
0.146217717446,2.85425731642e-05,5.95562131588e-10,2.32580746121e-12,9.08503720568e-15,2.85425731642e-05,1.1827804719e-16,1.97215226305e-31,1.85197423452e-30
0.147910838817,2.98871229807e-05,6.38133967626e-10,2.49204514668e-12,9.73438884487e-15,2.98871229807e-05,1.32708773566e-16,3.08148791102e-33,2.24948617504e-31
0.149623565609,3.12949951331e-05,6.83748355782e-10,2.67016215525e-12,1.04301427408e-14,3.12949951331e-05,1.48900113407e-16,3.08148791102e-33,2.00296714216e-31
0.151356124844,3.27691707409e-05,7.32622689335e-10,2.86100713642e-12,1.11756137795e-14,3.27691707409e-05,1.67066859811e-16,5.23852944873e-32,1.10933564797e-31
0.153108746168,3.43127711927e-05,7.84989889336e-10,3.06548933886e-12,1.19743535646e-14,3.43127711927e-05,1.87450017157e-16,0,9.86076131526e-32
0.154881661891,3.59290647408e-05,8.410995132e-10,3.28458294447e-12,1.28301672844e-14,3.59290647408e-05,2.10319986207e-16,1.23259516441e-32,2.74252424081e-31
0.156675107011,3.76214734056e-05,9.01218942404e-10,3.51933169291e-12,1.37471319367e-14,3.76214734056e-05,2.35980158084e-16,1.23259516441e-32,7.70371977755e-32
0.158489319246,3.93935802031e-05,9.65634654954e-10,3.77085385307e-12,1.4729615536e-14,3.93935802031e-05,2.64770938619e-16,6.16297582204e-32,2.74252424081e-31
0.160324539069,4.12491367134e-05,1.03465358856e-09,4.04034753856e-12,1.57822980849e-14,4.12491367134e-05,2.97074258558e-16,0,5.94727166827e-31
0.162181009736,4.31920710029e-05,1.10860460116e-09,4.32909640359e-12,1.69101934972e-14,4.31920710029e-05,3.33318641902e-16,2.09541177949e-31,2.00296714216e-31
0.16405897732,4.52264959192e-05,1.18784003551e-09,4.63847575176e-12,1.81186738793e-14,4.52264959192e-05,3.73984893609e-16,9.86076131526e-32,4.46815747098e-31
0.165958690744,4.73567177749e-05,1.27273739555e-09,4.96995907089e-12,1.94134946621e-14,4.73567177749e-05,4.1961246937e-16,4.93038065763e-32,7.70371977755e-32
0.167880401812,4.95872454393e-05,1.3637011421e-09,5.32512504039e-12,2.08008224008e-14,4.95872454393e-05,4.70806640128e-16,3.08148791102e-33,1.26341004352e-31
0.169824365246,5.19227998565e-05,1.46116461685e-09,5.70566503472e-12,2.22872635857e-14,5.19227998565e-05,5.28246514304e-16,6.16297582204e-32,7.70371977755e-32
0.171790838716,5.43683240097e-05,1.56559210346e-09,6.1133911635e-12,2.38798964955e-14,5.43683240097e-05,5.92694043326e-16,2.00296714216e-31,4.71467650386e-31
0.173780082875,5.69289933536e-05,1.67748103563e-09,6.55024488535e-12,2.55863045126e-14,5.69289933536e-05,6.65004126552e-16,5.23852944873e-32,5.20771456962e-31
0.175792361396,5.96102267357e-05,1.79736436268e-09,7.01830623353e-12,2.74146124353e-14,5.96102267357e-05,7.46135968696e-16,6.16297582204e-32,2.74252424081e-31
0.177827941004,6.241769783e-05,1.92581308372e-09,7.51980369841e-12,2.93735245386e-14,6.241769783e-05,8.37165772891e-16,3.08148791102e-33,2.46519032882e-31
0.179887091513,6.5357347107e-05,2.06343896262e-09,8.05712481996e-12,3.1472366829e-14,6.5357347107e-05,9.39301032599e-16,7.70371977755e-32,2.24948617504e-31
0.181970085861,6.84353943647e-05,2.21089743641e-09,8.63282752548e-12,3.37211305292e-14,6.84353943647e-05,1.05389654018e-15,3.08148791102e-33,2.24948617504e-31
0.184077200147,7.16583518472e-05,2.36889073105e-09,9.24965228377e-12,3.6130520091e-14,7.16583518472e-05,1.1824723657e-15,2.09541177949e-31,2.00296714216e-31
0.186208713666,7.50330379789e-05,2.53817119939e-09,9.9105351209e-12,3.87120038122e-14,7.50330379789e-05,1.32673399736e-15,1.97215226305e-31,8.99794470018e-31
0.188364908949,7.85665917415e-05,2.71954489692e-09,1.06186215628e-11,4.14778676712e-14,7.85665917415e-05,1.48859497995e-15,4.93038065763e-32,5.20771456962e-31
0.190546071796,8.22664877255e-05,2.91387541239e-09,1.13772815785e-11,4.44412749862e-14,8.22664877255e-05,1.67020227687e-15,6.16297582204e-32,1.23567665232e-30
0.192752491319,8.61405518868e-05,3.1220879715e-09,1.21901255689e-11,4.76163281828e-14,8.61405518868e-05,1.873964764e-15,6.16297582204e-32,7.70371977755e-32
0.194984459976,9.01969780419e-05,3.34517383289e-09,1.306102152e-11,5.10181353976e-14,9.01969780419e-05,2.10258513004e-15,4.93038065763e-32,8.99794470018e-31
0.197242273611,9.44443451352e-05,3.58419499749e-09,1.39941133545e-11,5.46628828462e-14,9.44443451352e-05,2.35909579401e-15,5.23852944873e-32,1.23259516441e-32
0.199526231497,9.88916353162e-05,3.84028925327e-09,1.49938406012e-11,5.85679105694e-14,9.88916353162e-05,2.6468990471e-15,2.24948617504e-31,9.86076131526e-32
0.201836636368,0.000103548252862,4.11467557942e-09,1.60649594722e-11,6.27517975311e-14,0.000103548252862,2.96981219988e-15,1.23259516441e-32,2.46519032882e-31
0.204173794467,0.000108424043988,4.40865993554e-09,1.7212565419e-11,6.72344452786e-14,0.000108424043988,3.33211820776e-15,7.70371977755e-32,6.16297582204e-32
0.206538015581,0.000113529317584,4.72364146308e-09,1.84421173067e-11,7.20371761887e-14,0.000113529317584,3.73862249594e-15,4.46815747098e-31,2.46519032882e-31
0.208929613085,0.000118874866921,5.06111912854e-09,1.97594633227e-11,7.71828330821e-14,0.000118874866921,4.19471657936e-15,1.23259516441e-32,4.46815747098e-31
0.211348903984,0.000124471992378,5.42269883967e-09,2.11708686977e-11,8.26958874626e-14,0.000124471992378,4.70644970782e-15,6.16297582204e-32,5.20771456962e-31
0.21379620895,0.000130332525225,5.81010106839e-09,2.26830454246e-11,8.8602556315e-14,0.000130332525225,5.28060896368e-15,5.23852944873e-32,5.94727166827e-31
0.216271852373,0.00013646885253,6.22516901655e-09,2.43031840846e-11,9.49309252254e-14,0.00013646885253,5.92480926608e-15,9.86076131526e-32,2.46519032882e-31
0.218776162395,0.000142893943217,6.66987736287e-09,2.60389879284e-11,1.01711082382e-13,0.000142893943217,6.64759443982e-15,2.00296714216e-31,7.70371977755e-32
0.221309470961,0.000149621375356,7.14634163257e-09,2.78987093947e-11,1.08975261177e-13,0.000149621375356,7.45855039883e-15,4.93038065763e-32,1.60237371373e-31
0.223872113857,0.000156665364721,7.65682823388e-09,2.9891189219e-11,1.16757993181e-13,0.000156665364721,8.36843226147e-15,5.23852944873e-32,3.48208133945e-31
0.226464430759,0.00016404079469,8.20376520896e-09,3.20258983194e-11,1.2509627041e-13,0.00016404079469,9.38930705848e-15,6.16297582204e-32,2.00296714216e-31
0.229086765277,0.000171763247532,8.78975374954e-09,3.43129826733e-11,1.34029722085e-13,0.000171763247532,1.05347135777e-14,5.23852944873e-32,1.30963236218e-30
0.231739464997,0.000179849037174,9.41758053211e-09,3.67633113623e-11,1.4360080127e-13,0.000179849037174,1.1819842007e-14,2.00296714216e-31,7.17986683268e-31
0.234422881532,0.000188315243477,1.00902309307e-08,3.93885280654e-11,1.53854986988e-13,0.000188315243477,1.32617352116e-14,2.00296714216e-31,2.09541177949e-31
0.237137370566,0.000197179748137,1.08109031692e-08,4.22011061652e-11,1.64840998415e-13,0.000197179748137,1.48795147917e-14,4.93038065763e-32,5.94727166827e-31
0.239883291902,0.000206461272241,1.15830234809e-08,4.52144078241e-11,1.76611026604e-13,0.000206461272241,1.66946345799e-14,2.00296714216e-31,2.24948617504e-31
0.242661009508,0.000216179415598,1.24102623451e-08,4.84427472056e-11,1.89220980114e-13,0.000216179415598,1.87311649917e-14,5.23852944873e-32,4.93038065763e-32
0.245470891569,0.000226354697886,1.32965518792e-08,5.19014582219e-11,2.02730750929e-13,0.000226354697886,2.10161121832e-14,5.23852944873e-32,4.71467650386e-31
0.24831331053,0.000237008601738,1.42461044668e-08,5.5606967091e-11,2.17204497166e-13,0.000237008601738,2.35797761626e-14,1.97215226305e-31,6.40949485492e-31
0.251188643151,0.000248163617829,1.52634327098e-08,5.95768700082e-11,2.32710945696e-13,0.000248163617829,2.64561522744e-14,0,7.70371977755e-32
0.254097270555,0.000259843292067,1.63533707992e-08,6.38300163828e-11,2.49323719673e-13,0.000259843292067,2.96833821458e-14,3.08148791102e-33,3.08148791102e-31
0.257039578277,0.000272072274989,1.75210974037e-08,6.83865979631e-11,2.67121682779e-13,0.000272072274989,3.33042589679e-14,6.16297582204e-32,4.93038065763e-32
0.260015956317,0.000284876373463,1.8772160186e-08,7.32682442582e-11,2.8618931638e-13,0.000284876373463,3.73667949847e-14,6.16297582204e-32,5.54667823984e-31
0.26302679919,0.000298282604791,2.01125020589e-08,7.8498124796e-11,3.06617114938e-13,0.000298282604791,4.19248578777e-14,1.23259516441e-32,6.40949485492e-31
0.26607250598,0.000312319253347,2.15484893084e-08,8.41010585475e-11,3.28502016436e-13,0.000312319253347,4.70388848277e-14,9.86076131526e-32,4.93038065763e-32
0.269153480393,0.000327015929847,2.30869417125e-08,9.01036312366e-11,3.51947856495e-13,0.000327015929847,5.27766835185e-14,6.16297582204e-32,2.46519032882e-31
0.272270130808,0.000342403633378,2.47351648001e-08,9.65343208053e-11,3.7706586373e-13,0.000342403633378,5.9214330927e-14,6.16297582204e-32,6.16297582204e-32
0.275422870334,0.000358514816329,2.65009843984e-08,1.03423631924e-10,4.03975180883e-13,0.000358514816329,6.64371817203e-14,0,8.99794470018e-31
0.278612116863,0.000375383452328,2.83927836347e-08,1.10804239971e-10,4.32803429508e-13,0.000375383452328,7.45409996476e-14,2.46519032882e-31,1.10933564797e-31
0.281838293126,0.00039304510736,3.04195425626e-08,1.18711145214e-10,4.63687309775e-13,0.00039304510736,8.36332264409e-14,0,1.97215226305e-31
0.28510182675,0.00041153701418,3.25908806006e-08,1.27181837932e-10,4.96773245781e-13,0.00041153701418,9.38344059157e-14,4.93038065763e-32,9.86076131526e-31
0.288403150313,0.000430898150198,3.49171019817e-08,1.36256475227e-10,5.32218080516e-13,0.000430898150198,1.05279781841e-13,6.16297582204e-32,8.38164711797e-31
0.2917427014,0.000451169318982,3.74092444272e-08,1.45978070367e-10,5.70189808977e-13,0.000451169318982,1.18121089556e-13,4.93038065763e-32,2.09541177949e-31
0.295120922667,0.000472393235555,4.00791312706e-08,1.56392695521e-10,6.10868372592e-13,0.000472393235555,1.32528567776e-13,1.23259516441e-32,8.99794470018e-31
0.298538261892,0.00049461461565,4.29394272796e-08,1.67549698885e-10,6.54446509209e-13,0.00049461461565,1.4869321332e-13,4.93038065763e-32,1.60237371373e-31
0.30199517204,0.000517880269124,4.60036984338e-08,1.79501937108e-10,7.01130654204e-13,0.000517880269124,1.66829312855e-13,1.23259516441e-32,4.93038065763e-31
0.305492111322,0.000542239197695,4.92864759394e-08,1.92306024269e-10,7.51141921911e-13,0.000542239197695,1.87177282445e-13,2.09541177949e-31,1.60237371373e-31
0.309029543251,0.000567742697237,5.28033247802e-08,2.06022598333e-10,8.04717139967e-13,0.000567742697237,2.1000685265e-13,4.93038065763e-32,9.86076131526e-32
0.312607936712,0.00059444446481,5.65709171247e-08,2.20716606561e-10,8.62109963663e-13,0.00059444446481,2.35620643019e-13,6.16297582204e-32,8.01186856865e-31
0.316227766017,0.00062240071066,6.06071109327e-08,2.36457611101e-10,9.23592074653e-13,0.00062240071066,2.64358171083e-13,1.23259516441e-32,1.97215226305e-30
0.319889510969,0.000651670275417,6.49310341284e-08,2.53320116035e-10,9.89454450966e-13,0.000651670275417,2.96600350789e-13,6.16297582204e-32,2.09541177949e-31
0.32359365693,0.000682314752726,6.95631747308e-08,2.71383917791e-10,1.06000874002e-12,0.000682314752726,3.32774539513e-13,1.97215226305e-31,7.51883050289e-31
0.327340694879,0.000714398617564,7.45254773668e-08,2.90734480013e-10,1.13558872172e-12,0.000714398617564,3.73360198925e-13,0,2.46519032882e-31
0.331131121483,0.000747989360497,7.98414466097e-08,3.1146333523e-10,1.21655187696e-12,0.000747989360497,4.18895247925e-13,1.97215226305e-31,3.94430452611e-31
0.334965439158,0.000783157628164,8.55362576304e-08,3.33668514551e-10,1.30328106201e-12,0.000783157628164,4.69983186326e-13,4.93038065763e-32,5.05364017407e-31
0.338844156139,0.000819977370258,9.16368746742e-08,3.5745500794e-10,1.39618631381e-12,0.000819977370258,5.27301091932e-13,9.86076131526e-32,1.3435287292e-30
0.342767786546,0.00085852599331,9.8172177913e-08,3.82935256905e-10,1.49570676645e-12,0.00085852599331,5.91608587068e-13,1.23259516441e-32,1.10933564797e-31
0.346736850453,0.000898884521588,1.05173099266e-07,4.10229681856e-10,1.60231271121e-12,0.000898884521588,6.63757900902e-13,9.86076131526e-32,9.86076131526e-32
0.350751873953,0.00094113776544,1.12672767818e-07,4.39467246762e-10,1.71650780661e-12,0.00094113776544,7.44705157025e-13,2.46519032882e-31,3.94430452611e-31
0.354813389234,0.000985374497403,1.20706665507e-07,4.70786063541e-10,1.83883143012e-12,0.000985374497403,8.35523036611e-13,9.86076131526e-32,9.86076131526e-32
0.358921934645,0.00103168763646,1.29312793816e-07,5.04334039069e-10,1.96986121706e-12,0.00103168763646,9.37414984847e-13,6.16297582204e-32,1.97215226305e-31
0.36307805477,0.00108017444081,1.38531852224e-07,5.40269567806e-10,2.11021574731e-12,0.00108017444081,1.05173114873e-12,6.16297582204e-32,8.87468518374e-31
0.367282300498,0.00113093670951,1.48407429259e-07,5.78762273073e-10,2.26055745949e-12,0.00113093670951,1.17998625583e-12,4.93038065763e-32,8.01186856865e-31
0.371535229097,0.00118408099343,1.58986207028e-07,6.19993800626e-10,2.42159573319e-12,0.00118408099343,1.32387967126e-12,4.93038065763e-32,1.23259516441e-30
0.375837404288,0.00123971881596,1.70318180179e-07,6.64158668084e-10,2.59409021461e-12,0.00123971881596,1.48531790285e-12,1.23259516441e-32,8.01186856865e-31
0.380189396321,0.00129796690383,1.82456890295e-07,7.11465173939e-10,2.77885436231e-12,0.00129796690383,1.66643984091e-12,2.09541177949e-31,6.53275437136e-31
0.384591782045,0.00135894742861,1.95459676819e-07,7.62136370714e-10,2.97675925119e-12,0.00135894742861,1.86964507916e-12,1.23259516441e-32,1.49144014893e-30
0.389045144994,0.00142278825931,2.09387945654e-07,8.16411106316e-10,3.18873763058e-12,0.00142278825931,2.09762568205e-12,4.43734259187e-31,8.38164711797e-31
0.393550075456,0.00148962322658,2.24307456686e-07,8.74545138634e-10,3.4157882825e-12,0.00148962322658,2.35340182517e-12,2.46519032882e-31,1.19561730948e-30
0.398107170553,0.00155959239909,2.40288631555e-07,9.36812328472e-10,3.65898068052e-12,0.00155959239909,2.64036177586e-12,2.46519032882e-31,2.46519032882e-31
0.402717034325,0.00163284237259,2.57406883084e-07,1.00350591597e-09,3.91945996796e-12,0.00163284237259,2.9623067446e-12,9.86076131526e-32,3.94430452611e-31
0.407380277804,0.00170952657221,2.75742967894e-07,1.07493988691e-09,4.19845229061e-12,0.00170952657221,3.32350119415e-12,3.08148791102e-31,6.40949485492e-31
0.412097519097,0.00178980556872,2.95383363813e-07,1.15145043464e-09,4.49727051038e-12,0.00178980556872,3.72872929333e-12,6.16297582204e-32,9.86076131526e-32
0.41686938347,0.00187384740919,3.16420673826e-07,1.23339752443e-09,4.8173203184e-12,0.00187384740919,4.1833582224e-12,1.60237371373e-31,1.10933564797e-31
0.421696503429,0.00196182796289,3.38954058409e-07,1.32116656755e-09,5.16010674945e-12,0.00196182796289,4.69340920865e-12,4.93038065763e-32,3.94430452611e-31
0.426579518802,0.00205393128297,3.63089698231e-07,1.41517021246e-09,5.5272412024e-12,0.00205393128297,5.26563720828e-12,1.10933564797e-31,6.40949485492e-31
0.431519076828,0.0021503499847,3.88941289354e-07,1.51585026159e-09,5.92044888883e-12,0.0021503499847,5.90762028419e-12,2.46519032882e-31,4.93038065763e-32
0.43651583224,0.00225128564108,4.1663057318e-07,1.62367972181e-09,6.34157690456e-12,0.00225128564108,6.62785988086e-12,1.23259516441e-32,4.43734259187e-31
0.441570447353,0.00235694919642,4.46287903585e-07,1.73916499872e-09,6.79260268223e-12,0.00235694919642,7.43589329815e-12,1.10933564797e-31,1.42981039071e-30
0.446683592151,0.00246756139887,4.78052853808e-07,1.86284824376e-09,7.27564328116e-12,0.00246756139887,8.34241987333e-12,6.16297582204e-32,3.08148791102e-31
0.451855944375,0.00258335325268,5.12074865893e-07,1.99530986569e-09,7.79296509169e-12,0.00258335325268,9.35944251523e-12,9.86076131526e-32,2.46519032882e-31
0.457088189615,0.00270456649109,5.4851394561e-07,2.13717121731e-09,8.34699438815e-12,0.00270456649109,1.05004264758e-11,1.23259516441e-32,8.01186856865e-31
0.462381021399,0.00283145407071,5.87541406047e-07,2.28909746908e-09,8.9403285181e-12,0.00283145407071,1.17804774548e-11,6.16297582204e-32,9.86076131526e-32
0.467735141287,0.00296428068849,6.29340663234e-07,2.45180068379e-09,9.57574789725e-12,0.00296428068849,1.32165413881e-11,4.93038065763e-32,1.23259516441e-32
0.473151258961,0.0031033233221,6.74108087414e-07,2.62604310492e-09,1.02562288773e-11,0.0031033233221,1.48276285524e-11,6.16297582204e-32,5.05364017407e-31
0.478630092323,0.00324887179494,7.22053913835e-07,2.81264067431e-09,1.09849574327e-11,0.00324887179494,1.66350649515e-11,2.46519032882e-31,7.51883050289e-31
0.484172367584,0.00340122936682,7.7340321717e-07,3.0124667941e-09,1.17653438865e-11,0.00340122936682,1.86627743076e-11,4.93038065763e-32,7.88860905221e-31
0.489778819368,0.0035607133513,8.28396953981e-07,3.22645635086e-09,1.26010385994e-11,0.0035607133513,2.09375943769e-11,1.23259516441e-32,7.88860905221e-31
0.495450190805,0.00372765576118,8.87293077944e-07,3.45561001893e-09,1.34959487572e-11,0.00372765576118,2.3489631742e-11,9.86076131526e-32,9.9840208317e-31
0.501187233627,0.0039024039831,9.50367732846e-07,3.70099886262e-09,1.4454256359e-11,0.0039024039831,2.63526598304e-11,3.08148791102e-31,1.60237371373e-31
0.506990708275,0.00408532148265,1.01791652875e-06,3.96376925782e-09,1.54804374046e-11,0.00408532148265,2.9564565308e-11,6.16297582204e-32,1.42981039071e-30
0.512861383991,0.00427678854139,1.09025590705e-06,4.24514815475e-09,1.65792824416e-11,0.00427678854139,3.31678488549e-11,2.09541177949e-31,6.16297582204e-32
0.518800038929,0.0044772030271,1.16772460057e-06,4.54644870543e-09,1.77559185399e-11,0.0044772030271,3.72101868414e-11,2.46519032882e-31,5.54667823984e-31
0.52480746025,0.00468698119878,1.25068519523e-06,4.86907628084e-09,1.90158327582e-11,0.00468698119878,4.17450613399e-11,9.86076131526e-32,4.93038065763e-32
0.530884444231,0.00490655854784,1.33952580026e-06,5.21453490351e-09,2.03648972685e-11,0.00490655854784,4.68324668057e-11,9.86076131526e-32,1.97215226305e-31
0.53703179637,0.00513639067723,1.43466183453e-06,5.58443412611e-09,2.18093961751e-11,0.00513639067723,5.25397027304e-11,4.93038065763e-32,6.40949485492e-31
0.543250331492,0.00537695421996,1.5365379368e-06,5.98049638354e-09,2.33560542454e-11,0.00537695421996,5.89422627062e-11,1.97215226305e-31,6.40949485492e-31
0.549540873858,0.00562874779896,1.64563000858e-06,6.4045648536e-09,2.5012067553e-11,0.00562874779896,6.61248316359e-11,4.93038065763e-31,8.38164711797e-31
0.55590425727,0.00589229302984,1.76244739852e-06,6.85861185813e-09,2.67851362639e-11,0.00589229302984,7.41824042484e-11,4.93038065763e-32,2.61310174854e-30
0.56234132519,0.00616813556861,1.88753523819e-06,7.34474784425e-09,2.86834997288e-11,0.00616813556861,8.32215396555e-11,4.93038065763e-32,8.87468518374e-31
0.568852930844,0.00645684620628,2.02147693946e-06,7.8652309826e-09,3.07159738558e-11,0.00645684620628,9.33617684333e-11,2.46519032882e-31,1.82424084332e-30
0.575439937337,0.00675902201222,2.16489686468e-06,8.42247742543e-09,3.28919912255e-11,0.00675902201222,1.04737170859e-10,9.86076131526e-32,8.38164711797e-31
0.582103217771,0.0070752875286,2.31846318128e-06,9.01907226966e-09,3.52216438158e-11,0.0070752875286,1.17498147058e-10,9.86076131526e-32,7.88860905221e-31
0.588843655356,0.00740629601797,2.48289091353e-06,9.65778127126e-09,3.77157287751e-11,0.00740629601797,1.31813402264e-10,4.93038065763e-32,1.97215226305e-30
0.595662143529,0.00775273076631,2.65894520473e-06,1.03415633632e-08,4.03857971279e-11,0.00775273076631,1.47872173621e-10,0,8.38164711797e-31
0.602559586074,0.00811530644395,2.84744480436e-06,1.10735840302e-08,4.324420613e-11,0.00811530644395,1.65886727483e-10,2.46519032882e-31,9.86076131526e-31
0.60953689724,0.0084947705268,3.0492657952e-06,1.18572295975e-08,4.63041749244e-11,0.0084947705268,1.86095160407e-10,0,4.93038065763e-32
0.616595001861,0.00889190478048,3.26534557692e-06,1.26961224964e-08,4.9579844092e-11,0.00889190478048,2.08764540522e-10,9.86076131526e-32,1.23259516441e-30
0.623734835482,0.00930752681005,3.49668712343e-06,1.35941375707e-08,5.30863393054e-11,0.00930752681005,2.34194430682e-10,9.86076131526e-32,6.40949485492e-31
0.63095734448,0.00974249167811,3.74436353251e-06,1.45554194951e-08,5.68398393095e-11,0.00974249167811,2.62720839709e-10,3.94430452611e-31,1.97215226305e-30
0.638263486191,0.0101976935941,4.00952288743e-06,1.5584401378e-08,6.08576484073e-11,0.0101976935941,2.94720653814e-10,9.86076131526e-32,9.86076131526e-31
0.645654229035,0.010674067678,4.29339345173e-06,1.66858246306e-08,6.51582740482e-11,0.010674067678,3.30616606348e-10,9.86076131526e-32,2.46519032882e-31
0.653130552647,0.0111725918012,4.59728921947e-06,1.7864760182e-08,6.9761509599e-11,0.0111725918012,3.70882851325e-10,9.86076131526e-32,1.23259516441e-30
0.660693448008,0.0116942885084,4.92261584492e-06,1.91266311372e-08,7.46885225888e-11,0.0116942885084,4.16051213964e-10,4.93038065763e-32,1.28189897098e-30
0.668343917569,0.0122402270232,5.27087697709e-06,2.04772369637e-08,7.99619493114e-11,0.0122402270232,4.66718200342e-10,4.93038065763e-32,1.97215226305e-31
0.676082975392,0.0128115253409,5.64368102646e-06,2.19227793184e-08,8.56059952748e-11,0.0128115253409,5.23552858419e-10,2.46519032882e-31,8.87468518374e-31
0.683911647281,0.0134093524137,6.04274839245e-06,2.34698896146e-08,9.16465429313e-11,0.0134093524137,5.8730559358e-10,4.93038065763e-32,1.23259516441e-30
0.691830970919,0.0140349304292,6.4699191828e-06,2.51256584497e-08,9.81112663731e-11,0.0140349304292,6.58818054607e-10,1.97215226305e-31,8.38164711797e-31
0.699841996002,0.0146895371889,6.92716145738e-06,2.68976670117e-08,1.05029753853e-10,0.0146895371889,7.39034219596e-10,9.86076131526e-32,1.28189897098e-30
0.707945784384,0.0153745085893,7.41658003152e-06,2.87940205994e-08,1.12433638443e-10,0.0153745085893,8.29012827959e-10,1.97215226305e-31,1.42981039071e-30
0.716143410213,0.0160912412096,7.94042587581e-06,3.0823384388e-08,1.20356737641e-10,0.0160912412096,9.29941321008e-10,2.46519032882e-31,2.46519032882e-31
0.724435960075,0.016841195012,8.50110615221e-06,3.29950215937e-08,1.28835202071e-10,0.016841195012,1.04315147453e-09,9.86076131526e-32,1.28189897098e-30
0.732824533139,0.017625896157,9.10119492823e-06,3.53188341883e-08,1.37907674321e-10,0.017625896157,1.17013692821e-09,4.93038065763e-32,9.86076131526e-31
0.741310241301,0.0184469399396,9.74344461424e-06,3.78054063339e-08,1.47615458306e-10,0.0184469399396,1.31257284188e-09,4.93038065763e-32,6.40949485492e-31
0.749894209332,0.0193059938515,1.04307981713e-05,4.04660507086e-08,1.5800269991e-10,0.0193059938515,1.47233793615e-09,4.43734259187e-31,1.97215226305e-30
0.758577575029,0.0202048007733,1.11664021404e-05,4.3312857917e-08,1.69116579587e-10,0.0202048007733,1.65153920682e-09,4.93038065763e-32,2.02145606963e-30
0.767361489362,0.0211451823029,1.19536205466e-05,4.63587491784e-08,1.81007517844e-10,0.0211451823029,1.85253963602e-09,2.46519032882e-31,2.61310174854e-30
0.776247116629,0.0221290422249,1.27960497361e-05,4.96175325064e-08,1.9372939425e-10,0.0221290422249,2.07798926437e-09,0,1.97215226305e-30
0.78523563461,0.0231583701268,1.36975342057e-05,5.31039626032e-08,2.07339780855e-10,0.0231583701268,2.33086002945e-09,4.93038065763e-32,3.94430452611e-30
0.794328234724,0.0242352451673,1.46621834908e-05,5.68338047057e-08,2.21900191229e-10,0.0242352451673,2.6144848285e-09,4.93038065763e-32,9.86076131526e-31
0.803526122186,0.0253618400037,1.56943901798e-05,6.08239026335e-08,2.37476345594e-10,0.0253618400037,2.93260131525e-09,2.46519032882e-31,5.71924156285e-30
0.812830516164,0.0265404248833,1.67988491279e-05,6.50922513101e-08,2.54138453612e-10,0.0265404248833,3.28940100407e-09,0,1.42981039071e-30
0.822242649947,0.0277733719061,1.79805779479e-05,6.96580740367e-08,2.7196151541e-10,0.0277733719061,3.68958432487e-09,2.46519032882e-31,4.19082355899e-30
0.831763771103,0.0290631594645,1.92449388598e-05,7.45419048128e-08,2.91025642602e-10,0.0290631594645,4.13842234659e-09,9.86076131526e-32,1.67632942359e-30
0.841395141645,0.0304123768678,2.05976619878e-05,7.97656760366e-08,3.11416399905e-10,0.0304123768678,4.64182597806e-09,9.86076131526e-32,4.43734259187e-31
0.851138038202,0.031823729157,2.20448701947e-05,8.53528119041e-08,3.33225169323e-10,0.031823729157,5.20642354881e-09,3.94430452611e-31,2.56379794197e-30
0.860993752185,0.0333000421191,2.35931055546e-05,9.13283278704e-08,3.56549537462e-10,0.0333000421191,5.83964778408e-09,2.46519032882e-31,1.82424084332e-30
0.870963589956,0.0348442675062,2.52493575662e-05,9.771893655e-08,3.81493708466e-10,0.0348442675062,6.54983330935e-09,9.86076131526e-32,3.59917788007e-30
0.881048873008,0.0364594884678,2.70210932178e-05,1.04553160454e-07,4.08168943065e-10,0.0364594884678,7.34632595615e-09,4.93038065763e-32,3.94430452611e-31
0.891250938134,0.0381489252054,2.89162890201e-05,1.11861451977e-07,4.36694026047e-10,0.0381489252054,8.23960529709e-09,2.46519032882e-31,7.88860905221e-31
0.901571137606,0.0399159408545,3.09434651316e-05,1.19676321092e-07,4.67195763926e-10,0.0399159408545,9.24142200515e-09,4.93038065763e-31,4.38803878529e-30
0.912010839356,0.0417640476056,3.3111721707e-05,1.28032471208e-07,4.99809513829e-10,0.0417640476056,1.03649518312e-08,2.46519032882e-31,6.40949485492e-31
0.922571427155,0.0436969130704,3.54307776075e-05,1.36966943692e-07,5.34679746929e-10,0.0436969130704,1.16249682023e-08,9.86076131526e-32,8.38164711797e-31
0.933254300797,0.0457183669019,3.79110116199e-05,1.46519271588e-07,5.71960646582e-10,0.0457183669019,1.30380356927e-08,4.93038065763e-32,7.14905195357e-30
0.944060876286,0.0478324076795,4.05635063394e-05,1.56731643062e-07,6.11816745512e-10,0.0478324076795,1.46227268825e-08,6.40949485492e-31,1.97215226305e-31
0.954992586021,0.0500432100649,4.34000948808e-05,1.67649075175e-07,6.54423602018e-10,0.0500432100649,1.63998654292e-08,3.94430452611e-31,2.46519032882e-31
0.96605087899,0.0523551322413,4.6433410591e-05,1.79319598584e-07,6.99968519492e-10,0.0523551322413,1.83927985102e-08,4.93038065763e-32,2.21867129593e-30
0.977237220956,0.054772723643,4.96769399465e-05,1.91794453822e-07,7.48651310529e-10,0.054772723643,2.06277021826e-08,4.43734259187e-31,6.40949485492e-31
0.988553094657,0.0573007329866,5.31450788288e-05,2.05128299835e-07,8.00685109414e-10,0.0573007329866,2.31339236232e-08,1.97215226305e-31,1.23259516441e-30
1,0.0599441166133,5.68531923818e-05,2.19379435479e-07,8.56297233017e-10,0.0599441166133,2.59443646971e-08,9.86076131526e-31,1.42981039071e-30
1.01157945426,0.0627080471518,6.0817678668e-05,2.34610034748e-07,9.15730097986e-10,0.0627080471518,2.9095911834e-08,9.86076131526e-32,2.56379794197e-30
1.02329299228,0.0655979225132,6.50560363473e-05,2.50886396496e-07,9.79242192663e-10,0.0655979225132,3.26299177867e-08,4.93038065763e-32,3.64848168665e-30
1.03514216668,0.0686193752269,6.95869366212e-05,2.68279209497e-07,1.04710910688e-09,0.0686193752269,3.65927415223e-08,9.86076131526e-32,8.92398899031e-30
1.04712854805,0.0717782821301,7.44302996913e-05,2.86863833704e-07,1.11962462916e-09,0.0717782821301,4.10363532418e-08,4.93038065763e-32,2.61310174854e-30
1.05925372518,0.0750807744188,7.96073759981e-05,3.06720598607e-07,1.19710190496e-09,0.0750807744188,4.60190123647e-08,2.09541177949e-31,3.35265884719e-30
1.07151930524,0.0785332480745,8.51408325197e-05,3.27935119663e-07,1.27987467081e-09,0.0785332480745,5.1606027256e-08,4.56060210831e-31,1.44213634236e-30
1.08392691402,0.0821423746743,9.10548444211e-05,3.5059863376e-07,1.36829855686e-09,0.0821423746743,5.78706065258e-08,1.97215226305e-31,9.95936892842e-30
1.09647819614,0.0859151125977,9.73751923635e-05,3.7480835478e-07,1.46275247096e-09,0.0859151125977,6.48948129072e-08,4.93038065763e-32,2.85962078143e-30
1.10917481526,0.0898587186398,0.000104129365795,4.00667850345e-07,1.56364006468e-09,0.0898587186398,7.27706320419e-08,4.93038065763e-32,8.99794470018e-31
1.1220184543,0.0939807600436,0.000111346672564,4.2828744085e-07,1.67139128371e-09,0.0939807600436,8.16011699739e-08,2.09541177949e-31,2.08308582785e-30
1.13501081567,0.0982891269599,0.000119058355204,4.57784622001e-07,1.78646401275e-09,0.0982891269599,9.15019948027e-08,9.86076131526e-32,1.39283253578e-30
1.1481536215,0.102792045349,0.000127297714264,4.89284512054e-07,1.90934581282e-09,0.102792045349,1.02602639812e-07,8.01186856865e-31,8.38164711797e-31
1.16144861384,0.107498090332,0.000136100239084,5.22920325034e-07,2.04055576163e-09,0.107498090332,1.15048287429e-07,2.09541177949e-31,4.19082355899e-30
1.17489755494,0.112416200005,0.000145503746394,5.58833871272e-07,2.18064639965e-09,0.112416200005,1.29001655723e-07,5.54667823984e-31,5.9287827408e-30
1.18850222744,0.11755568973,0.000155548527189,5.97176086618e-07,2.33020578624e-09,0.11755568973,1.44645111704e-07,1.97215226305e-31,1.09700969632e-30
1.20226443462,0.122926266897,0.000166277502303,6.38107591736e-07,2.48985967273e-09,0.122926266897,1.6218303862e-07,6.40949485492e-31,3.64848168665e-30
1.21618600065,0.128538046197,0.000177736387151,6.81799282964e-07,2.6602737998e-09,0.128538046197,1.81844487659e-07,2.46519032882e-31,3.0198581528e-30
1.23026877081,0.134401565385,0.000189973866115,7.28432956247e-07,2.84215631994e-09,0.134401565385,2.03886148126e-07,1.97215226305e-31,4.64688376982e-30
1.24451461177,0.140527801563,0.000203041777059,7.7820196567e-07,3.03626035543e-09,0.140527801563,2.28595674188e-07,2.46519032882e-31,3.8580228646e-30
1.25892541179,0.14692818798,0.000216995306515,8.31311918225e-07,3.24338669687e-09,0.14692818798,2.56295410859e-07,4.93038065763e-32,7.85163119728e-30
1.27350308102,0.153614631374,0.000231893196044,8.87981406398e-07,3.46438664834e-09,0.153614631374,2.87346566947e-07,8.01186856865e-31,8.87468518374e-31
1.28824955169,0.160599529836,0.000247797960346,9.48442780284e-07,3.70016502348e-09,0.160599529836,3.2215388838e-07,1.60237371373e-31,1.97215226305e-30
1.30316677845,0.16789579124,0.00026477611767,1.01294296089e-06,3.95168330387e-09,0.16789579124,3.61170891683e-07,6.40949485492e-31,1.39283253578e-30
1.31825673856,0.17551685221,0.000282898433129,1.08174429641e-06,4.21996296034e-09,0.17551685221,4.0490572447e-07,8.87468518374e-31,1.42981039071e-30
1.33352143216,0.183476697656,0.000302240175511,1.15512546311e-06,4.50608895096e-09,0.183476697656,4.53927727776e-07,8.90550006285e-31,4.56060210831e-31
1.34896288259,0.19178988087,0.0003228813882,1.2333824127e-06,4.81121339359e-09,0.19178988087,5.08874783921e-07,5.70075263539e-31,7.70371977755e-30
1.36458313659,0.200471544187,0.000344907174859,1.3168293679e-06,5.1365594274e-09,0.200471544187,5.70461543541e-07,3.08148791102e-31,3.20474742746e-30
1.3803842646,0.209537440227,0.000368408000495,1.40579986793e-06,5.48342526926e-09,0.209537440227,6.39488636503e-07,7.70371977755e-32,4.56060210831e-31
1.39636836106,0.21900395369,0.000393480008584,1.50064786571e-06,5.85318846344e-09,0.21900395369,7.16852983858e-07,5.20771456962e-31,6.51118395598e-30
1.41253754462,0.228888123741,0.000420225354903,1.6017488785e-06,6.24731034388e-09,0.228888123741,8.03559341814e-07,4.46815747098e-31,4.38803878529e-30
1.42889395851,0.239207666947,0.000448752558757,1.7095011936e-06,6.66734070488e-09,0.239207666947,9.00733224256e-07,4.46815747098e-31,7.75302358413e-30
1.44543977075,0.249981000793,0.000479176872261,1.82432713087e-06,7.11492269091e-09,0.249981000793,1.00963536761e-06,9.86076131526e-32,2.12314517069e-30
1.46217717446,0.261227267748,0.000511620668358,1.94667436337e-06,7.59179791453e-09,0.261227267748,1.13167792125e-06,9.19053769462e-31,2.28723440195e-30
1.47910838817,0.272966359884,0.000546213848246,2.07701729794e-06,8.09981179412e-09,0.272966359884,1.26844256817e-06,1.00533543097e-30,4.49897235009e-30
1.49623565609,0.285218944039,0.000583094268872,2.21585851667e-06,8.64091914047e-09,0.285218944039,1.42170080498e-06,1.23952851221e-30,1.24276407451e-29
1.51356124844,0.298006487502,0.000622408191144,2.36373028088e-06,9.21718996764e-09,0.298006487502,1.59343663704e-06,6.17067954182e-31,1.39456587273e-30
1.53108746168,0.311351284215,0.000664310749495,2.52119609831e-06,9.83081556478e-09,0.311351284215,1.78587197478e-06,6.0570496751e-31,3.1201991029e-30
1.54881661891,0.325276481463,0.000708966443388,2.68885235461e-06,1.04841147934e-08,0.325276481463,2.001495051e-06,2.52874601698e-31,1.55615139506e-30
1.56675107011,0.339806107041,0.000756549651363,2.86733000969e-06,1.11795406498e-08,0.339806107041,2.24309221628e-06,3.53648886038e-31,5.24553802817e-30
1.58489319246,0.354965096857,0.000807245168121,3.05729635922e-06,1.19196870684e-08,0.354965096857,2.51378351177e-06,9.35504107605e-31,1.16882762395e-29
1.60324539069,0.370779322957,0.000861248765159,3.25945686151e-06,1.27072959751e-08,0.370779322957,2.81706246545e-06,9.56464958631e-31,5.91953827707e-30
1.62181009736,0.387275621926,0.000918767775349,3.47455702941e-06,1.35452645925e-08,0.387275621926,3.15684061001e-06,1.04770588975e-30,5.13067737185e-30
1.6405897732,0.404481823631,0.000980021701824,3.70338438647e-06,1.44366529844e-08,0.404481823631,3.53749727918e-06,5.36949268495e-31,6.85631060202e-30
1.65958690744,0.422426780269,0.00104524285143,3.94677048646e-06,1.53846918453e-08,0.422426780269,3.96393530403e-06,4.93038065763e-32,4.54904652864e-30
1.67880401812,0.441140395651,0.00111467699292,4.20559299434e-06,1.63927905185e-08,0.441140395651,4.44164330378e-06,2.04148574105e-31,4.1939050469e-30
1.69824365246,0.460653654694,0.0011885840399,4.48077782687e-06,1.7464545241e-08,0.460653654694,4.97676534639e-06,1.97215226305e-31,3.56220002514e-30
1.71790838716,0.48099865304,0.0012672387585,4.77330134952e-06,1.8603747601e-08,0.48099865304,5.57617884478e-06,7.51883050289e-31,1.22057736155e-29
1.73780082875,0.502208626742,0.00135093149951,5.08419262672e-06,1.9814393193e-08,0.502208626742,6.24758165512e-06,4.2216384381e-31,2.46519032882e-30
1.75792361396,0.524317981945,0.00143996895454,5.41453572058e-06,2.11006904534e-08,0.524317981945,6.99958945634e-06,2.24948617504e-31,2.72403531334e-30
1.77827941004,0.547362324479,0.00153467493574,5.76547203325e-06,2.24670696553e-08,0.547362324479,7.84184461503e-06,2.46519032882e-31,5.62371543761e-30
1.79887091513,0.571378489265,0.00163539117802,6.13820268651e-06,2.391819204e-08,0.571378489265,8.78513787972e-06,2.09541177949e-31,4.83177304448e-30
1.81970085861,0.596404569457,0.00174247816299,6.53399093139e-06,2.54589590548e-08,0.596404569457,9.84154440434e-06,1.78726298839e-30,2.37890866731e-30
1.84077200147,0.622479945192,0.00185631596306,6.95416457937e-06,2.70945216592e-08,0.622479945192,1.10245757741e-05,2.56379794197e-30,7.21068171179e-30
1.86208713666,0.649645311835,0.00197730510414,7.40011844531e-06,2.88302896705e-08,0.649645311835,1.23493499001e-05,1.28189897098e-30,3.56220002514e-30
1.88364908949,0.677942707611,0.00210586744493,7.87331679102e-06,3.0671941094e-08,0.677942707611,1.38327808654e-05,8.38164711797e-31,2.52682008704e-30
1.90546071796,0.707415540453,0.00224244707044,8.37529575652e-06,3.26254313939e-08,0.707415540453,1.54937910432e-05,1.44213634236e-30,5.23852944873e-30
1.92752491319,0.738108613955,0.00238751119686,8.90766576463e-06,3.46970026458e-08,0.738108613955,1.73535480773e-05,2.21867129593e-30,2.52682008704e-30
1.94984459976,0.770068152228,0.00254155108458,9.4721138825e-06,3.6893192504e-08,0.770068152228,1.94357296111e-05,4.43734259187e-31,6.40949485492e-30
1.97242273611,0.803341823524,0.00270508295554,1.00704061215e-05,3.9220842917e-08,0.803341823524,2.17668189813e-05,1.78726298839e-30,9.71284989553e-30
1.99526231497,0.837978762412,0.00287864891044,1.07043896551e-05,4.16871084998e-08,0.837978762412,2.4376435465e-05,2.46519032882e-31,1.82424084332e-30
2.01836636368,0.874029590313,0.00306281784105,1.13759949312e-05,4.42994644895e-08,0.874029590313,2.72977030734e-05,1.78726298839e-30,6.52042841972e-30
2.04173794467,0.911546434187,0.00325818633158,1.20872376546e-05,4.70657141573e-08,0.911546434187,3.05676623465e-05,1.23259516441e-30,7.14905195357e-30
2.06538015581,0.950582943117,0.00346537954299,1.28402206088e-05,4.99939956043e-08,0.950582943117,3.4227730107e-05,6.40949485492e-31,9.71284989553e-30
2.08929613085,0.991194302568,0.00368505207271,1.36371352885e-05,5.30927877651e-08,0.991194302568,3.83242126971e-05,3.00753220116e-30,1.68742278007e-29
2.11348903984,1.03343724603,0.00391788878182,1.44802633059e-05,5.63709155463e-08,1.03343724603,4.290887885e-05,1.97215226305e-30,1.07482298336e-29
2.1379620895,1.07737006377,0.00416460558026,1.53719775343e-05,5.98375538911e-08,1.07737006377,4.80395990422e-05,8.38164711797e-31,7.19835576014e-30
2.16271852373,1.1230526084,0.00442595016013,1.63147429457e-05,6.35022306512e-08,1.1230526084,5.37810589505e-05,1.67632942359e-30,9.71284989553e-30
2.18776162395,1.17054629693,0.00470270266552,1.73111170984e-05,6.73748280661e-08,1.17054629693,6.02055554946e-05,1.23259516441e-30,7.19835576014e-30
2.21309470961,1.21991410893,0.00499567628629,1.83637502226e-05,7.14655826535e-08,1.21991410893,6.73938849049e-05,6.40949485492e-31,9.51563466923e-30
2.23872113857,1.27122058049,0.0053057177619,1.94753848517e-05,7.57850833143e-08,1.27122058049,7.54363333134e-05,4.93038065763e-31,4.19082355899e-30
2.26464430759,1.32453179358,0.00563370777975,2.06488549385e-05,8.03442674065e-08,1.32453179358,8.44337815445e-05,9.86076131526e-31,3.00753220116e-30
2.29086765277,1.37991536038,0.00598056125124,2.18870843937e-05,8.51544145542e-08,1.37991536038,9.4498937089e-05,2.02145606963e-30,1.18822173849e-29
2.31739464997,1.43744040208,0.00634722744669,2.31930849764e-05,9.02271378985e-08,1.43744040208,0.000105757707694,6.40949485492e-31,1.42981039071e-30
2.34422881532,1.49717752189,0.00673468996894,2.45699534626e-05,9.55743725405e-08,1.49717752189,0.000118350732608,2.21867129593e-30,1.42488001006e-29
2.37137370566,1.55919877157,0.00714396654307,2.6020868011e-05,1.01208360822e-07,1.55919877157,0.000132435089304,2.85962078143e-30,2.91878534932e-29
2.39883291902,1.62357761104,0.00757610859814,2.75490836407e-05,1.07141634141e-07,1.62357761104,0.000148186195481,1.57772181044e-30,1.15370907389e-29
2.42661009508,1.69038886063,0.00803220061419,2.91579267273e-05,1.13386990924e-07,1.69038886063,0.00016579992832,1.42981039071e-30,3.59917788007e-30
2.45470891569,1.75970864525,0.00851335920604,3.08507884209e-05,1.19957470412e-07,1.75970864525,0.000185494985419,3.35265884719e-30,1.26217744835e-29
2.4831331053,1.83161432998,0.00902073191248,3.26311168784e-05,1.26866321776e-07,1.83161432998,0.000207515514479,1.67632942359e-30,1.64181675899e-29
2.51188643151,1.90618444652,0.0095554956573,3.45024082023e-05,1.34126968259e-07,1.90618444652,0.000232134041829,1.97215226305e-30,3.94430452611e-30
2.54097270555,1.98349860972,0.0101188548459,3.64681959658e-05,1.41752965748e-07,1.98349860972,0.000259654733103,3.59917788007e-30,4.7824692379e-30
2.57039578277,2.06363742365,0.0107120390584,3.85320392005e-05,1.49757955422e-07,2.06363742365,0.000290417023085,2.02145606963e-30,1.08961412534e-29
2.60015956317,2.14668237641,0.0113363002971,4.0697508718e-05,1.58155609896e-07,2.14668237641,0.000324799655691,1.42981039071e-30,1.01072803481e-29
2.6302679919,2.23271572308,0.0119929097446,4.29681716264e-05,1.66959572368e-07,2.23271572308,0.000363225179531,1.23259516441e-30,7.45720074467e-30
2.6607250598,2.32182035592,0.0126831539824,4.53475739013e-05,1.76183388225e-07,2.32182035592,0.000406164949385,2.02145606963e-30,6.01506440231e-30
2.69153480393,2.41407966118,0.0134083306224,4.78392208632e-05,1.85840428541e-07,2.41407966118,0.00045414468934,2.41588652224e-30,8.87468518374e-30
2.72270130808,2.50957736162,0.0141697432939,5.04465554066e-05,1.95943804878e-07,2.50957736162,0.0005077506793,1.23259516441e-30,6.75462150095e-30
2.75422870334,2.60839734401,0.0149686959316,5.31729338282e-05,2.06506274791e-07,2.60839734401,0.000567636633162,2.46519032882e-30,8.34466926304e-30
2.78612116863,2.71062347069,0.0158064863032,5.60215990897e-05,2.17540137451e-07,2.71062347069,0.000634531344241,1.39283253578e-30,2.77087392959e-29
2.81838293126,2.81633937438,0.0166843987135,5.89956513555e-05,2.29057118728e-07,2.81633937438,0.000709247181475,4.99201041585e-30,5.37411491682e-30
2.8510182675,2.92562823538,0.017603695819,6.20980156416e-05,2.41068245191e-07,2.92562823538,0.000792689528789,1.23259516441e-30,1.42488001006e-29
2.88403150313,3.03857254024,0.0185656094848,6.53314064134e-05,2.53583706329e-07,3.03857254024,0.000885867269691,4.56060210831e-31,9.66354608896e-30
2.917427014,3.15525382101,0.0195713306111,6.86982889713e-05,2.66612704426e-07,3.15525382101,0.000989904429799,1.60545520164e-30,2.14779707398e-30
2.95120922667,3.27575237414,0.0206219978579,7.22008374701e-05,2.80163291556e-07,3.27575237414,0.00110605310177,7.42638586556e-31,4.30175712378e-30
2.98538261892,3.40014695824,0.0217186851906,7.58408894235e-05,2.94242193091e-07,3.40014695824,0.00123570778995,3.08148791102e-31,3.35789737664e-29
3.0199517204,3.52851446967,0.022862388172,7.9619896556e-05,3.08854617217e-07,3.52851446967,0.0013804213262,1.30963236218e-30,2.21867129593e-30
3.05492111322,3.66092959508,0.0240540089217,8.35388718767e-05,3.24004050065e-07,3.66092959508,0.00154192252395,2.46519032882e-31,6.37328737197e-30
3.09029543251,3.79746444016,0.0252943396681,8.75983328693e-05,3.39692036005e-07,3.79746444016,0.00172213575436,4.19852727876e-31,1.23259516441e-29
3.12607936712,3.93818813361,0.0265840448161,9.17982407103e-05,3.55917942842e-07,3.93818813361,0.00192320264731,8.1659429642e-31,1.35387097301e-29
3.16227766017,4.08316640548,0.0279236414561,9.61379354591e-05,3.72678711751e-07,4.08316640548,0.00214750614033,4.0329454518e-30,3.27581424241e-30
3.19889510969,4.23246113933,0.0293134782458,0.00010061606719,3.89968591836e-07,4.23246113933,0.0023976971206,4.17276796576e-30,5.65838217661e-30
3.2359365693,4.38612989715,0.030753712599,0.000105230523077,4.07778859435e-07,4.38612989715,0.0026767239301,1.72694286253e-29,7.16214827719e-30
3.27340694879,4.54422541668,0.0322442861214,0.000109978350491,4.26097522443e-07,4.54422541668,0.00298786503006,2.3444730399e-29,3.46359241199e-30
3.31131121483,4.70679508029,0.0337848982463,0.000114855676215,4.44909010117e-07,4.70679508029,0.00333476515035,2.49754595188e-29,1.61747300449e-29
3.34965439158,4.87388035504,0.035374978029,0.000119857621943,4.64193849073e-07,4.87388035504,0.003721475281,5.42619206251e-29,8.92707047822e-30
3.38844156139,5.04551620348,0.037013654077,0.000124978216312,4.83928326491e-07,5.04551620348,0.00415249689748,9.09655231333e-29,8.92398899031e-30
3.42767786546,5.22173046482,0.0386997226063,0.000130210303781,5.04084141806e-07,5.22173046482,0.004632830849,1.25478187737e-28,1.24492111605e-30
3.46736850453,5.40254320639,0.0404316136378,0.000135545450772,5.24628048575e-07,5.40254320639,0.00516803138003,1.7655693135e-28,1.08961412534e-29
3.50751873953,5.58796604528,0.0422073553695,0.000140973849588,5.45521488551e-07,5.58796604528,0.00576426579917,2.89955686475e-28,3.64848168665e-30
3.54813389234,5.77800144032,0.0440245367898,0.000146484220743,5.66720220539e-07,5.77800144032,0.00642838035794,4.61052221247e-28,6.75462150095e-30
3.58921934645,5.97264195477,0.0458802686336,0.00015206371447,5.88173947005e-07,5.97264195477,0.00716797295369,6.75905884355e-28,1.50376610058e-29
3.6307805477,6.17186949015,0.0477711428169,0.000157697812314,6.09825942092e-07,6.17186949015,0.00799147332733,9.96577842327e-28,1.08961412534e-29
3.67282300498,6.37565449207,0.0496931905388,0.00016337022989,6.31612685216e-07,6.37565449207,0.008908231487,1.63073572846e-27,3.20474742746e-30
3.71535229097,6.58395512894,0.0516418392869,0.000169062822057,6.53463505177e-07,6.58395512894,0.00992861515453,2.50039324671e-27,1.50869648124e-29
3.75837404288,6.79671644499,0.0536118690461,0.000174755491956,6.75300240444e-07,6.79671644499,0.0110641171016,3.5873942703e-27,1.08961412534e-29
3.80189396321,7.01386948908,0.0555973680808,0.000180426105588,6.97036922149e-07,7.01386948908,0.0123274733189,5.55106627862e-27,9.95936892842e-30
3.84591782045,7.23533042126,0.0575916887389,0.000186050413837,7.18579487146e-07,7.23533042126,0.013732793041,8.06891307286e-27,1.82424084332e-30
3.89045144994,7.46099959936,0.0595874038183,0.000191601984092,7.3982552955e-07,7.46099959936,0.0152957017399,1.20933362847e-26,3.35265884719e-30
3.93550075456,7.69076064826,0.0615762641358,0.000197052143921,7.60664100181e-07,7.69076064826,0.0170334982884,1.81207759424e-26,7.14905195357e-30
3.98107170553,7.92447951493,0.0635491580582,0.000202369939531,7.80975564503e-07,7.92447951493,0.018965327598,2.6709499048e-26,3.59917788007e-30
4.02717034325,8.16200351283,0.0654960738808,0.000207522112071,8.00631530735e-07,8.16200351283,0.0211123701371,3.99343576936e-26,1.10933564797e-29
4.07380277804,8.40316035957,0.0674060660864,0.00021247309518,8.19494861413e-07,8.40316035957,0.0234980498502,5.93367860879e-26,1.6171648557e-29
4.12097519097,8.6477572125,0.0692672266793,0.000217185037543,8.37419782446e-07,8.6477572125,0.0261482621137,8.77390820309e-26,1.79958894004e-29
4.1686938347,8.89557970717,0.0710666629684,0.00022161785458,8.54252105829e-07,8.89557970717,0.0290916234909,1.29121591131e-25,1.01072803481e-29
4.21696503429,9.1463910045,0.0727904833763,0.000225729313809,8.69829583039e-07,9.1463910045,0.0323597451754,1.91144202082e-25,1.26217744835e-29
4.26579518802,9.39993085261,0.0744237930704,0.000229475158817,8.83982407962e-07,9.39993085261,0.0359875321537,2.83829244774e-25,2.09541177949e-29
4.31519076828,9.65591467062,0.0759507014589,0.000232809277183,8.96533889618e-07,9.65591467062,0.040013510254,4.17616812574e-25,1.07605557853e-29
4.3651583224,9.91403266153,0.0773543438623,0.000235683918137,9.07301316606e-07,9.91403266153,0.0444801834001,6.18996780725e-25,1.82424084332e-29
4.41570447353,10.1739489628,0.0786169199677,0.00023804996615,9.16097036394e-07,10.1739489628,0.0494344235389,9.15493356699e-25,2.32344188491e-29
4.46683592151,10.4353008433,0.0797197519948,0.000239857277057,9.22729774661e-07,10.4353008433,0.054927895865,1.34842168827e-24,9.6758720406e-30
4.51855944375,10.6976979567,0.080643365856,0.000241055083732,9.2700622042e-07,10.6976979567,0.0610175221249,1.99077726902e-24,1.30655087427e-29
4.57088189615,10.9607216608,0.0813675989744,0.000241592478691,9.28732905007e-07,10.9607216608,0.0677659849424,2.93743579914e-24,1.44984006213e-29
4.62381021399,11.2239244155,0.0818717388376,0.000241418981355,9.27718403263e-07,11.2239244155,0.0752422762648,4.33887347311e-24,6.40949485492e-30
4.67735141287,11.48682927,0.0821346968134,0.000240485197974,9.2377588657e-07,11.48682927,0.0835222931865,6.38710079788e-24,5.87408633038e-30
4.73151258961,11.7489294518,0.0821352222327,0.000238743582461,9.16726058174e-07,11.7489294518,0.0926894845588,9.42228677581e-24,1.77387777528e-29
4.78630092323,12.009688073,0.0818521622602,0.000236149306513,9.06400501264e-07,12.009688073,0.102835551938,1.3888445632e-23,4.66229120937e-30
4.84172367584,12.2685379648,0.0812647736213,0.000232661247451,8.92645470536e-07,12.2685379648,0.114061208558,2.0476684461e-23,9.82378346033e-30
4.89778819368,12.5248816577,0.0803530928383,0.000228243102121,8.75326157035e-07,12.5248816577,0.126477000132,3.01906808179e-23,2.40386871939e-29
4.95450190805,12.7780915214,0.0790983722414,0.000222864634979,8.54331455281e-07,12.7780915214,0.140204191386,4.44932028145e-23,9.8145389966e-30
5.01187233627,13.0275100814,0.0774835896687,0.000216503068084,8.29579259762e-07,13.0275100814,0.15537572231,6.55370531892e-23,9.51563466923e-30
5.06990708275,13.2724505274,0.0754940404452,0.0002091446201,8.01022314949e-07,13.2724505274,0.172137238144,9.65244906551e-23,7.51883050289e-31
5.12861383991,13.5121974318,0.0731180209301,0.000200786200591,7.68654639884e-07,13.5121974318,0.190648197143,1.42216265109e-22,1.08098595919e-29
5.18800038929,13.746007695,0.070347613646,0.000191437264735,7.32518543447e-07,13.746007695,0.211083060104,2.09540642757e-22,7.98721666536e-30
5.2480746025,13.9731117348,0.0671795847379,0.000181121832187,6.92712240667e-07,13.9731117348,0.233632565586,3.08604600504e-22,2.56379794197e-29
5.30884444231,14.1927149372,0.0636164052606,0.000169880672019,6.49398073323e-07,14.1927149372,0.258505094565,4.54455839573e-22,2.61310174854e-30
5.3703179637,14.4039993867,0.0596674085318,0.000157773653464,6.02811329285e-07,14.4039993867,0.285928128065,6.69166853901e-22,3.15544362088e-30
5.43250331492,14.6061258916,0.0553500965272,0.000144882259613,5.5326964479e-07,14.6061258916,0.316149800986,9.85007212427e-22,2.46519032882e-29
5.49540873858,14.7982363223,0.0506916089997,0.000131312258035,5.01182961544e-07,14.7982363223,0.349440554951,1.45010574778e-21,1.91791807582e-29
5.5590425727,14.9794562771,0.0457303696776,0.000117196518705,4.47063996484e-07,14.9794562771,0.38609489246,2.13429726911e-21,7.54348240618e-30
5.6234132519,15.1488980901,0.0405179245084,0.000102697965333,3.91539165404e-07,15.1488980901,0.42643323399,3.14144001216e-21,8.38164711797e-31
5.68852930844,15.3056641952,0.0351209874495,8.80126413777e-05,3.35359883368e-07,15.3056641952,0.470803878895,4.62265757182e-21,1.93270921779e-29
5.75439937337,15.4488508561,0.0296237097433,7.33728664677e-05,2.79414143281e-07,15.4488508561,0.519585069971,6.80186386928e-21,2.41588652224e-30
5.82103217771,15.577552273,0.0241301889168,5.90504527288e-05,2.24738250647e-07,15.577552273,0.573187160418,1.00068398626e-20,8.38164711797e-30
5.88843655356,15.6908650722,0.0187672338922,4.53599435605e-05,1.72528566059e-07,15.6908650722,0.632054880561,1.47194564932e-20,1.65784049613e-29
5.95662143529,15.7878931828,0.013687402544,3.26618296631e-05,1.24153077881e-07,15.7878931828,0.696669700102,2.16497568757e-20,1.14015052708e-29
6.02559586074,15.8677531003,0.00907232775372,2.13656886414e-05,8.11625962136e-08,15.8677531003,0.767552279811,3.18384871063e-20,4.93038065763e-32
6.0953689724,15.9295795364,0.00513634745007,1.19331852643e-05,4.53013244745e-08,15.9295795364,0.845265004448,4.68141396022e-20,1.7801755662e-29
6.16595001861,15.9725314437,0.00213045323275,4.88085948752e-06,1.85165286466e-08,15.9725314437,0.930414586232,6.88267130796e-20,1.48681791707e-29
6.23734835482,15.9957984074,0.000346570904162,7.82618692216e-07,2.96698492243e-09,15.9957984074,1.02365472542,1.01175595188e-19,1.62733376581e-29
6.3095734448,15.9986073829,0.000122184524122,2.71839339517e-07,1.02984585864e-09,15.9986073829,1.12568881135,1.4870367989e-19,1.13788274457e-29
6.38263486191,15.9802297585,0.00184531338586,4.04297149326e-06,1.53055228028e-08,15.9802297585,1.23727264383,2.18528978628e-19,7.70371977755e-30
6.45654229035,15.939988712,0.00595984852397,1.28525275764e-05,4.86201394453e-08,15.939988712,1.35921715065,3.21087267913e-19,2.12314517069e-30
6.53130552647,15.8772668259,0.0129712519302,2.75193244913e-05,1.04025068342e-07,15.8772668259,1.49239107274,4.71709698478e-19,4.43734259187e-30
6.60693448008,15.7915139158,0.0234526174936,4.89238360968e-05,1.84793020328e-07,15.7915139158,1.63772358337,6.92877400791e-19,1.20794326112e-29
6.68343917569,15.6822550226,0.0380510877161,7.80065012956e-05,2.94410117015e-07,15.6822550226,1.79620680264,1.01756912056e-18,1.54320914584e-29
6.76082975392,15.5490985063,0.0574946143932,0.000115764822015,4.36563340467e-07,15.5490985063,1.96889816228,1.49417601904e-18,3.00753220116e-30
6.83911647281,15.3917441749,0.0825990446157,0.000163249075591,6.15122723423e-07,15.3917441749,2.15692256967,2.19362437908e-18,6.40949485492e-31
6.91830970919,15.2099913698,0.114275505536,0.000221556458006,8.34117619939e-07,15.2099913698,2.36147431267,3.21994925695e-18,4.04291213926e-30
6.99841996002,15.0037469222,0.153538052279,0.000291823468687,1.09770638244e-06,15.0037469222,2.58381863965,4.72559525798e-18,1.59744333307e-29
7.07945784384,14.7730328852,0.201511533079,0.00037521634481,1.41013876941e-06,14.7730328852,2.82529294081,6.9340228688e-18,3.00753220116e-30
7.16143410213,14.5179939368,0.259439614079,0.000472919354038,1.7757104209e-06,14.5179939368,3.08730744849,1.01725665741e-17,9.86076131526e-30
7.24435960075,14.2389043409,0.328692893228,0.000586120760277,2.19870877056e-06,14.2389043409,3.3713453653,1.49208456315e-17,1.85875350793e-29
7.32824533139,13.9361743446,0.410777018202,0.000715996288161,2.6833498155e-06,13.9361743446,3.67896231931,2.18811635008e-17,7.14905195357e-30
7.41310241301,13.6103558829,0.507340707319,0.000863689929842,3.23370524331e-06,13.6103558829,4.0117850361,3.20818350946e-17,1.55430250232e-29
7.49894209332,13.2621474546,0.620183554894,0.00103029196309,3.85361952321e-06,13.2621474546,4.37150910749,4.70282639226e-17,6.16297582204e-30
7.58577575029,12.8923980268,0.751263483424,0.00121681408416,4.5466167083e-06,12.8923980268,4.759895727,6.8923423456e-17,7.14905195357e-30
7.67361489362,12.5021098221,0.902703684476,0.00142416160336,5.31579687425e-06,12.5021098221,5.17876725209,1.00990515859e-16,8.87468518374e-30
7.76247116629,12.0924398405,1.07679886814,0.00165310270708,6.16372233898e-06,12.0924398405,5.63000144391,1.47944235607e-16,1.42611260522e-29
7.8523563461,11.6646999637,1.2760206176,0.00190423485848,7.09229407334e-06,11.6646999637,6.11552422626,2.16679011884e-16,3.55652364755e-29
7.94328234724,11.2203554971,1.50302162103,0.00217794849109,8.10261902613e-06,11.2203554971,6.63730079738,3.1727424218e-16,5.8802493062e-30
8.03526122186,10.7610220029,1.76063852728,0.00247438824648,9.19486945352e-06,10.7610220029,7.19732492117,4.64461397146e-16,5.23852944873e-30
8.12830516164,10.2884602909,2.05189314632,0.00279341211979,1.03681357637e-05,10.2884602909,7.79760621919,6.79764455535e-16,2.17429787002e-29
8.22242649947,9.80456944058,2.37999168846,0.00313454900543,1.16202748629e-05,9.80456944058,8.44015528129,9.94624318521e-16,3.55973483481e-29
8.31763771103,9.31137774442,2.74832171081,0.00349695528068,1.29477565203e-05,9.31137774442,9.12696641179,1.45495221437e-15,4.22533622359e-29
8.41395141645,8.81103148248,3.1604464136,0.00387937122676,1.43455108548e-05,8.81103148248,9.85999783032,2.12777149326e-15,1.93270921779e-29
8.51138038202,8.30578145968,3.62009590537,0.0042800782637,1.58067806785e-05,8.30578145968,10.6411491522,3.11089151922e-15,1.66153828162e-29
8.60993752185,7.79796726706,4.13115503427,0.0046968581672,1.73229831065e-05,7.79796726706,11.4722359832,4.54700822381e-15,5.8770137439e-29
8.70963589956,7.28999926105,4.69764736373,0.00512695563893,1.88835855519e-05,7.28999926105,12.3549614791,6.6442316846e-15,5.76854536943e-30
8.81048873008,6.78433829305,5.32371485706,0.00556704581338,2.04760019457e-05,6.78433829305,13.290884741,9.70597027444e-15,7.19835576014e-30
8.91250938134,6.28347326529,6.01359282568,0.00601320850129,2.2085515749e-05,6.28347326529,14.2813859445,1.41744223965e-14,1.32257461141e-29
9.01571137606,5.78989663748,6.77157969408,0.00646091118378,2.3695237024e-05,5.78989663748,15.3276281381,2.06938307638e-14,6.24802488838e-29
9.12010839356,5.30607806214,7.60200113982,0.00690500297819,2.52861014841e-05,5.30607806214,16.4305156868,3.02024656263e-14,1.25786336528e-28
9.22571427155,4.83443638439,8.50916818293,0.00733972198505,2.68369200058e-05,4.83443638439,17.5906493918,4.40663088359e-14,1.29453307142e-29
9.33254300797,4.37731030398,9.49732882597,0.00775871858678,2.83244875329e-05,4.37731030398,18.8082783793,6.42732721713e-14,5.91953827707e-30
9.44060876286,3.93692806194,10.5706128864,0.00815509738938,2.9723760575e-05,3.93692806194,20.0832489255,9.37152437102e-14,5.81912510459e-29
9.54992586021,3.51537658183,11.732969719,0.00852148056459,3.10081125588e-05,3.51537658183,21.4149504693,1.36597473136e-13,7.6674352574e-29
9.6605087899,3.11457056311,12.9880985984,0.00885009534573,3.21496760659e-05,3.11457056311,22.8022591638,1.99032570527e-13,2.61926472437e-29
9.77237220956,2.73622209191,14.3393716246,0.00913288833775,3.31197804344e-05,2.73622209191,24.2434794258,2.89901891443e-13,1.1567905618e-28
9.88553094657,2.38181139935,15.7897491277,0.00936166910163,3.3889492231e-05,2.38181139935,25.7362840663,4.22104155423e-13,1.74658734797e-29
10,2.05255945814,17.3416876835,0.0095282851441,3.44302646669e-05,2.05255945814,27.2776537213,6.14364415293e-13,1.54074395551e-28
10.1157945426,1.74940316195,18.997041014,0.00962482996541,3.47147000497e-05,1.74940316195,28.8638164491,8.93853607755e-13,9.51563466923e-30
10.2329299228,1.47297387626,20.7569542322,0.00964388516761,3.4717426779e-05,1.47297387626,30.4901885184,1.29997991428e-12,1.02551917679e-29
10.3514216668,1.22358018149,22.6217521067,0.0095787967846,3.4416089141e-05,1.22358018149,32.1513175832,1.88987318325e-12,1.48157938762e-28
10.4712854805,1.00119564573,24.5908222586,0.0094239849424,3.37924441853e-05,1.00119564573,33.8408296131,2.74631422377e-12,2.35179157369e-29
10.5925372518,0.805452462354,26.6624944785,0.00917528468064,3.28335552521e-05,0.805452462354,35.5513811324,3.98919257113e-12,5.64528585299e-29
10.7151930524,0.635641763813,28.8339176368,0.0088303142511,3.15330662266e-05,0.635641763813,37.2746185009,5.79205310414e-12,7.57799507078e-29
10.8392691402,0.490721373777,31.1009359886,0.00838886545437,2.98925343626e-05,0.490721373777,39.0011461523,8.40597845837e-12,7.90833057484e-29
10.9647819614,0.369331681886,33.457967006,0.00785330858613,2.79227925813e-05,0.369331681886,40.7205058745,1.21940377747e-11,6.47305054309e-29
11.0917481526,0.26982021639,35.8978832314,0.00722900235583,2.56453046026e-05,0.26982021639,42.4211693736,1.76809473042e-11,1.07583987437e-28
11.220184543,0.190275346796,38.4119010111,0.0065246967452,2.30934682546e-05,0.190275346796,44.0905464978,2.56246142947e-11,9.55014733383e-29
11.3501081567,0.128569369546,40.989479336,0.00575291423751,2.03138140375e-05,0.128569369546,45.7150115993,3.71191406488e-11,8.80196206904e-29
11.481536215,0.0824110135696,43.6182323805,0.0049302922396,1.73670377575e-05,0.0824110135696,47.2799505761,5.37430221004e-11,9.64505716149e-29
11.6144861384,0.0494071489536,46.2838596747,0.00407786692524,1.43287981449e-05,0.0494071489536,48.7698311453,7.77722285127e-11,4.86135532842e-29
11.7489755494,0.0271331920256,48.9700981584,0.00322127626575,1.12902032587e-05,0.0271331920256,50.1682988505,1.12486355557e-10,5.05364017407e-29
11.8850222744,0.0132113763274,51.6587006282,0.00239085782151,8.35790366241e-06,0.0132113763274,51.4583011746,1.62608187073e-10,5.57133014312e-29
12.0226443462,0.00539570534812,54.3294452919,0.00162161511483,5.65370643538e-06,0.00539570534812,52.6222419209,2.34934337635e-10,1.49982179605e-28
12.1618600065,0.00166202558531,56.9601812593,0.000953025287151,3.31362271942e-06,0.00166202558531,53.642167702,3.39239359927e-10,2.88427268471e-28
12.3026877081,0.000301265623549,59.526914804,0.000428660482811,1.48626345109e-06,0.000301265623549,54.499987953,4.89570891864e-10,2.18526796698e-28
12.4451461177,1.34888723692e-05,62.0039411148,9.55962444383e-05,3.3050396039e-07,1.34888723692e-05,55.1777293254,7.06103501418e-10,2.11544145091e-29
12.5892541179,1.71380187342e-08,64.3640259791,3.58241238477e-06,1.2349059298e-08,1.71380187342e-08,55.6578246278,1.01779007665e-09,7.99388158668e-29
12.7350308102,5.05144507628e-05,66.5786413885,0.000203955864548,7.00946882432e-07,5.05144507628e-05,55.9234356417,1.46615068608e-09,1.44142760014e-28
12.8824955169,0.000621592966162,68.6182584083,0.000748280180701,2.56372282399e-06,0.000621592966162,55.9588081552,2.11068225368e-09,1.36571544216e-28
13.0316677845,0.00290323485572,70.4526997737,0.00168670521645,5.76063505866e-06,0.00290323485572,55.7496564175,3.03657556791e-09,3.15667621605e-29
13.1825673856,0.00886913722834,72.0515535621,0.00306604983718,1.04375907727e-05,0.00886913722834,55.2835729307,4.36571376479e-09,1.29816922715e-28
13.3352143216,0.0213070038936,73.3846479144,0.00492762384103,1.67191075332e-05,0.0213070038936,54.5504580756,6.27233305056e-09,3.00753220116e-30
13.4896288259,0.0438248514149,74.4225851399,0.00730482045181,2.47003569949e-05,0.0438248514149,53.54296252,9.00530060692e-09,9.67340685027e-29
13.6458313659,0.0808295903678,75.1373316311,0.0102205286266,3.44387877257e-05,0.0808295903678,52.256933727,1.29197745205e-08,1.02071205565e-28
13.803842646,0.137474507647,75.5028578506,0.0136844345814,4.59455891288e-05,0.137474507647,50.6918561857,1.85221512982e-08,2.00185780651e-28
13.9636836106,0.21957283107,75.495820246,0.0176903039824,5.91773273483e-05,0.21957283107,48.8512732819,2.65338115164e-08,2.61716931259e-28
14.1253754462,0.333475318378,75.0962743418,0.0222133595452,7.402815407e-05,0.333475318378,46.7431770773,3.79814287993e-08,1.60098752565e-28
14.2889395851,0.485910788204,74.2884054942,0.027207892421,9.03230567777e-05,0.485910788204,44.3803507257,5.43247709008e-08,1.39542098563e-28
14.4543977075,0.6837897026,73.0612609427,0.0326052685511,0.000107812679995,0.6837897026,41.7806469278,7.76373537159e-08,8.51106961024e-29
14.6217717446,0.933972311589,71.4094639464,0.0383125116152,0.000126170296102,0.933972311589,38.9671847887,1.1086150946e-07,3.75818265628e-29
14.7910838817,1.24300446162,69.3338880436,0.0442116604867,0.000144991535451,1.24300446162,35.9684468093,1.58168091485e-07,4.46741791388e-28
14.9623565609,1.61682592032,66.8422669682,0.0501601091026,0.000163797491995,1.61682592032,32.8182576266,2.25463117889e-07,2.1457016622e-28
15.1356124844,2.06045793416,63.9497136191,0.0559921379842,0.000182041795278,2.06045793416,29.5556266271,3.21100476594e-07,2.35179157369e-28
15.3108746168,2.57767865318,60.6791198935,0.0615218367295,0.000199122175119,2.57767865318,26.2244378257,4.56883197633e-07,6.48468315995e-29
15.4881661891,3.17069695148,57.0614083224,0.0665475929871,0.000214396934514,3.17069695148,22.8729725261,6.49468248109e-07,3.63865174021e-28
15.6675107011,3.83983695216,53.1356064865,0.0708582831309,0.000227206583178,3.83983695216,19.5532533734,9.22334758778e-07,2.24147430648e-28
15.8489319246,4.58324712599,48.9487163208,0.0742412407805,0.000236900663878,4.58324712599,16.3202025496,1.30853775024e-06,1.15568122615e-28
16.0324539069,5.39664905654,44.5553528297,0.076491999665,0.00024286952433,5.39664905654,13.2306121015,1.85455521572e-06,1.15025780743e-28
16.2181009736,6.27314172584,40.0171305901,0.0774257061502,0.000244580449724,6.27314172584,10.3419307506,2.62565458569e-06,1.88944512752e-28
16.405897732,7.20307734651,35.4017818554,0.0768899742379,0.000241617180475,7.20307734651,7.71087896221,3.71336703637e-06,2.78911633802e-28
16.5958690744,8.17402422242,30.7819971829,0.0747788137457,0.000233721406959,8.17402422242,5.39191247516,5.24588092555e-06,3.28166136572e-28
16.7880401812,9.17083074989,26.2339883236,0.0710471043369,0.000220834374683,9.17083074989,3.43556371742,7.40247062084e-06,1.42549630764e-28
16.9824365246,10.1758023795,21.8357835852,0.0657249200462,0.000203136272978,10.1758023795,1.8867003304,1.04334934796e-05,2.85222521044e-28
17.1790838716,11.1690000866,17.6652778842,0.0589308394746,0.000181080649024,11.1690000866,0.782750042656,1.46880551773e-05,2.83820444044e-28
17.3780082875,12.1286646262,13.7980729767,0.0508832172943,0.000155420724721,12.1286646262,0.151950948165,2.06522147768e-05,1.7933027047e-28
17.5792361396,13.0317656071,10.3051575472,0.041908257342,0.000127224241609,13.0317656071,0.0116953294672,2.90016463852e-05,1.3435287292e-28
17.7827941004,13.8546683145,7.25049143105,0.0324436333922,9.78733686354e-05,13.8546683145,0.367042913118,4.06740877366e-05,1.12461982801e-28
17.9887091513,14.5739044021,4.688572609,0.0230363699361,6.90463319228e-05,14.5739044021,1.20948517198,5.69688118672e-05,2.13238963443e-28
18.1970085861,15.1670253258,2.66207898346,0.0143337427263,4.26778172785e-05,15.1670253258,2.5160452623,7.96829203048e-05,2.98682460239e-28
18.4077200147,15.613510016,1.19968841128,0.00706610849417,2.08959022462e-05,15.613510016,4.24879765063,0.000111297690627,2.09935608402e-28
18.6208713666,15.8956912162,0.314189057466,0.00202084474416,5.93433175568e-06,15.8956912162,6.35488671428,0.000155232800324,2.07374891948e-28
18.8364908949,15.9996586132,0.000996777855053,6.98991284938e-06,2.03791475124e-08,15.9996586132,8.76711393117,0.000216192360629,7.01399226436e-28
19.0546071796,15.9160918968,0.237195879273,0.00181073130174,5.24032714335e-06,15.9160918968,11.4051481845,0.00030063480567,1.64332668807e-28
19.2752491319,15.6409737775,0.981213224703,0.00814259364604,2.33867233594e-05,15.6409737775,14.1773928748,0.00041740940941,1.47048603114e-29
19.4984459976,15.1761323156,2.17322236501,0.0195780230726,5.57939346692e-05,15.1761323156,16.9835169111,0.000578616334939,3.82449627612e-28
19.7242273611,14.5295641985,3.73635352302,0.0364940118275,0.000103171020692,14.5295641985,19.7176245537,0.000800765664124,4.92298508664e-28
19.9526231497,13.715496266,5.57875648517,0.0590054220432,0.000165443395882,13.715496266,22.2720022396,0.00110633508473,1.84593451822e-28
20.1836636368,12.7541519007,7.59652684774,0.0869056744736,0.000241616929105,12.7541519007,24.5413401537,0.00152585742907,1.13608296303e-28
20.4173794467,11.6712019446,9.67746221939,0.119617381047,0.000329679771082,11.6712019446,26.4272841685,0.00210071006106,8.33434748225e-29
20.6538015581,10.4968963905,11.7055651122,0.156159207632,0.000426558000842,10.4968963905,27.8431321391,0.00288683066748,3.77790417891e-29
20.8929613085,9.26489272272,13.566155251,0.195135627201,0.000528140823869,9.26489272272,28.718450223,0.00395965134782,1.7573109259e-28
21.1348903984,8.01081862001,15.1513984995,0.234756123912,0.000629389228451,8.01081862001,29.0033531251,0.00542062867587,1.4199496294e-29
21.379620895,6.77062958531,16.3660058506,0.272889694855,0.000724538450016,6.77062958531,28.6721705181,0.0074058559989,2.06780164781e-28
21.6271852373,5.57884439485,17.1328078804,0.307159040509,0.000807399130707,5.57884439485,27.7262140177,0.0100973807973,1.99631112827e-28
21.8776162395,4.46676123631,17.397872159,0.335076540926,0.000871754653879,4.46676123631,26.1953685533,0.0137380204033,8.38935083775e-29
22.1309470961,3.46077298447,17.1348080128,0.354220938447,0.000911842927529,3.46077298447,24.138261836,0.0186506805107,9.2013229023e-29
22.3872113857,2.58090912459,16.3478994205,0.362449622358,0.000922900267244,2.58090912459,21.6408181575,0.0252634401068,3.13276386986e-28
22.6464430759,1.83973234558,15.0737269265,0.358136670326,0.00090173363966,1.83973234558,18.8130789455,0.0341419815804,3.94923490676e-29
22.9086765277,1.24170805515,13.3809866582,0.34042160299,0.000847276313594,1.24170805515,15.7842717488,0.0460313236899,1.41649836294e-28
23.1739464997,0.783143820086,11.3682908623,0.309448548193,0.000761072152545,0.783143820086,12.6962289229,0.0619092650797,1.17355385603e-28
23.4422881532,0.452762591117,9.15984000316,0.266570731529,0.000647626831507,0.452762591117,9.69539223491,0.0830544727825,6.59943776976e-28
23.7137370566,0.232929131751,6.89898919246,0.214491586717,0.000514561781903,0.232929131751,6.92378234439,0.111132756315,5.82083821928e-28
23.9883291902,0.101495142072,4.73988665811,0.157312093972,0.00037251027579,0.101495142072,4.5094525635,0.148305751306,5.94258780664e-28
24.2661009508,0.0341682852555,2.83753118905,0.100455037358,0.000234706178648,0.0341682852555,2.55707213268,0.197366987328,2.61162263435e-28
24.5470891569,0.00724815932709,1.33676811727,0.0504415183156,0.000116235523022,0.00724815932709,1.13938138672,0.261911112134,3.853585522e-28
24.831331053,0.000513886721487,0.360905736716,0.0145039194499,3.29494710153e-05,0.000513886721487,0.290314752642,0.346542853107,4.47530652293e-28
25.1188643151,2.31765118029e-09,0.000770263724743,3.29413424499e-05,7.3743533366e-08,2.31765118028e-09,0.000583004314992,0.457133060511,3.22256613131e-28
25.4097270555,0.000366709083676,0.305110446324,0.0138742545437,3.05922605497e-05,0.000366709083676,0.21643103461,0.601129813818,7.73983481587e-28
25.7039578277,0.00656409547737,1.27329579031,0.061512038026,0.000133528208006,0.00656409547737,0.842132750899,0.787932966518,1.74436867667e-28
26.0015956317,0.0345132596098,2.8512099607,0.146200794527,0.000312289215341,0.0345132596098,1.74654735418,1.0293405002,4.76126860107e-28
26.302679919,0.110584164336,4.93111187695,0.268131092879,0.000563278677762,0.110584164336,2.7737455319,1.34007445119,4.05043096976e-28
26.607250598,0.269741236113,7.35601582624,0.423736199065,0.000874995459714,0.269741236113,3.75733337067,1.73839270378,1.55778458366e-28
26.9153480393,0.552350244957,9.92883088522,0.605261102669,0.00122784200088,0.552350244957,4.53767957292,2.24679029513,2.86664657386e-28
27.2270130808,0.999786539353,12.4261108849,0.800718936659,0.0015948296664,0.999786539353,4.98082160474,2.89278967134,5.29929639034e-28
27.5422870334,1.64914337829,14.6158214544,0.994347911163,0.0019433054274,1.64914337829,4.99743175396,3.70981314102,4.49897235009e-28
27.8612116863,2.52749379234,16.2780634102,1.1676509207,0.00223772432,2.52749379234,4.55991469654,4.73812212358,5.29239385742e-28
28.1838293126,3.64629075119,17.2272446336,1.30104761952,0.00244336097592,3.64629075119,3.71553701999,6.02579620637,3.72296124946e-28
28.510182675,4.9965774783,17.3338154923,1.37609497571,0.00253070001534,4.9965774783,2.59350680598,7.62971006657,2.71174017658e-28
28.8403150313,6.54570238816,16.5434289269,1.37814032357,0.00248008483576,6.54570238816,1.40416929764,9.61644764332,3.67461270413e-28
29.17427014,8.23617488873,14.8913065173,1.2991679577,0.00228605912443,8.23617488873,0.42898772658,12.0630704245,7.27724185066e-29
29.5120922667,9.9871496538,12.509728481,1.14049804364,0.00196073195065,9.9871496538,0.000737210811593,15.0576305234,3.63664877307e-28
29.8538261892,11.6987883875,9.62694525367,0.914911111242,0.00153546444142,11.6987883875,0.474324080159,18.6992900202,3.89835304134e-29
30.199517204,13.2594325142,6.55643503099,0.647722175792,0.00106024081535,13.2594325142,2.18978753271,23.0978771391,3.82005893353e-28
30.5492111322,14.5551543568,3.67628105507,0.376336711875,0.000600268774229,14.5551543568,5.43024329456,28.3726793939,3.23827401593e-28
30.9029543251,15.4808782905,1.39945835896,0.147906019099,0.000229660549314,15.4808782905,10.3786553268,34.6502470668,5.69656181183e-28
31.2607936712,15.951927879,0.136914140228,0.0148762957722,2.24637714584e-05,15.951927879,17.078213486,42.0609617445,4.93888556427e-28
31.6227766017,15.9146165699,0.256383320047,0.0284981181586,4.18045565149e-05,15.9146165699,25.4015860343,50.7341198981,8.82713782527e-28
31.9889510969,15.3544128856,2.04076706364,0.230719962229,0.000328411951756,15.3544128856,35.0342522118,60.791297783,1.91047320103e-27
32.359365693,14.3003200219,5.65047842185,0.645300321314,0.000890228130333,14.3003200219,45.4763854704,72.3378095316,8.96244595944e-28
32.7340694879,12.8244374229,11.0943004989,1.26938521147,0.00169507202306,12.8244374229,56.0663002458,85.4521541708,2.65969384576e-27
33.1131121483,11.0362113968,18.2129169997,2.06713729645,0.00266831358877,11.0362113968,66.0263306565,100.173478323,3.72489103126e-27
33.4965439158,9.07159001259,26.678324739,2.96717902657,0.00369714800486,9.07159001259,74.5293209643,116.487267096,3.24973715096e-28
33.8844156139,7.0780931484,36.0108552089,3.86552889722,0.00464229172925,7.0780931484,80.7809302851,134.309720764,1.7483129812e-27
34.2767786546,5.1975769507,45.6136302608,4.6352819543,0.00535677906099,5.1975769507,84.1100459873,153.471578688,4.33700934549e-27
34.6736850453,3.54907713741,54.8221476049,5.14346060608,0.00571012619512,3.54907713741,84.0571932057,173.702506317,3.11458309118e-27
35.0751873953,2.21441978777,62.9645936401,5.27424510331,0.00561464953535,2.21441978777,80.4493780822,194.617547273,3.36355498844e-27
35.4813389234,1.22917738564,69.4267117155,4.95627223835,0.00504945815857,1.22917738564,73.4497233734,215.7075285,4.1399420306e-27
35.8921934645,0.580959271413,73.7139107042,4.19005317362,0.00407691879543,0.580959271413,63.5718400154,236.335645233,5.71317719464e-27
36.307805477,0.215973509893,75.503031076,3.07009807048,0.00284654108156,0.215973509893,51.6522210959,255.742680948,1.0474131484e-27
36.7282300498,0.0533893581549,74.6769452607,1.79542481127,0.00158249337797,0.0533893581549,38.7788755454,273.063357946,3.97452775954e-27
37.1535229097,0.00546956029459,71.3369674105,0.662193429382,0.000553406951622,0.00546956029459,26.1804687554,287.35607929,2.82259362269e-27
37.5837404288,1.10670535948e-05,65.7907296518,0.0336382463177,2.65804947215e-05,1.10670535948e-05,15.0866480593,297.647723469,4.27205466181e-27
38.0189396321,0.000651168539227,58.5164249433,0.285525968634,0.000212680902778,0.000651168539227,6.57602088929,302.994112436,3.54061728381e-27
38.4591782045,0.0203619613969,50.1076607072,1.73006083127,0.00121078221551,0.0203619613969,1.43234222105,302.555244442,4.07372701837e-27
38.9045144994,0.124175440765,41.2060768816,4.52713499547,0.00296612028217,0.124175440765,0.0308528900249,295.682370806,3.85693818085e-27
39.3550075456,0.41889713824,32.4308338918,8.59828739235,0.00525326288871,0.41889713824,2.27467214694,282.011582015,8.99247505914e-27
39.8107170553,1.03010570376,24.3146609373,13.5644335328,0.00769472060107,1.03010570376,7.59545217709,261.555935067,5.71811990125e-27
40.2717034325,2.0696960062,17.2551730027,18.7317427413,0.00981907908255,2.0696960062,15.0235541809,234.785597932,6.59024260983e-27
40.7380277804,3.60000677216,11.4876934777,23.1492032575,0.0111540184082,3.60000677216,23.3219095948,202.683424722,3.0109372453e-27
41.2097519097,5.60248398717,7.08223230269,25.7548783655,0.0113395188911,5.60248398717,31.1662186379,166.762323394,6.0326288834e-27
41.686938347,7.95922019486,3.96319515618,25.6147483186,0.0102374178593,7.95922019486,37.3443485428,129.031307159,2.17922825067e-27
42.1696503429,10.45415493,1.94661253744,22.2386747706,0.00800808528941,10.45415493,40.9419018081,91.8997749466,6.8044183456e-27
42.6579518802,12.7971938973,0.786944286127,15.9343681484,0.00512603471683,12.7971938973,41.4806862478,58.0147473392,2.481965949e-27
43.1519076828,14.6694789249,0.224414857375,8.13608471653,0.00231553898141,14.6694789249,38.9830973059,30.0336105105,3.24285926994e-27
43.651583224,15.7824988031,0.0246070396094,1.6256202671,0.000404702533119,15.7824988031,33.9478183985,10.3450743753,4.31359003736e-27
44.1570447353,15.9390236135,0.00449858670686,0.555515161611,0.000119381830426,15.9390236135,27.2389340052,0.76264641059,6.83420092626e-27
44.6683592151,15.0814095516,0.0426659329125,10.1945499418,0.00186165794993,15.0814095516,19.9084382674,2.22643193597,7.95369007689e-27
45.1855944375,13.3137939752,0.07511579255,36.3479941338,0.00553414897303,13.3137939752,12.9873399988,14.5583597742,2.65309946163e-27
45.7088189615,10.8895083139,0.0811924621888,84.4602506652,0.0104739041764,10.8895083139,7.28927035068,36.320442688,6.59446116678e-27
46.2381021399,8.16308757745,0.0655048154224,158.480575428,0.0155426198799,8.16308757745,3.26984000048,64.8228082808,2.92100402061e-27
46.7735141287,5.51585716847,0.0415169716872,259.652103028,0.0193828005542,5.51585716847,0.974015967019,96.3158772971,8.35058571983e-28
47.3151258961,3.27268064578,0.0205950685126,385.453248655,0.0207982513689,3.27268064578,0.0840279108593,126.378319481,1.88765786453e-27
47.8630092323,1.6322366862,0.00763478778434,528.957949569,0.0191649376203,1.6322366862,0.0558165900797,150.480295094,1.11056824313e-27
48.4172367584,0.63191411394,0.00189806023113,678.867243188,0.0147427229706,0.63191411394,0.308690186986,164.663489463,1.12733153737e-27
48.9778819368,0.160287371632,0.000247079823938,820.386049698,0.00875789525124,0.160287371632,0.417053976397,166.241742754,2.59939529032e-27
49.5450190805,0.0164787641255,8.22856109478e-06,936.975168241,0.00317218498062,0.0164787641255,0.249991855467,154.397104827,1.76039241381e-27
50.1187233627,2.89674555389e-05,6.08908974209e-10,1012.81628734,0.000144137374266,2.89674555389e-05,0.0163362567162,130.535407091,1.97601028592e-27
50.6990708275,0.00219173089707,4.00216456213e-07,1035.62285513,0.00130335912899,0.00219173089707,0.197831094132,98.2814880921,1.48271337517e-27
51.2861383991,0.0649389886018,6.40813544903e-05,999.262357062,0.00706088414899,0.0649389886018,1.38509296932,63.041994447,1.98028739114e-27
51.8800038929,0.38073868097,0.000895831840708,905.581223907,0.0162252691826,0.38073868097,4.06141089274,31.1417992056,9.29029317405e-27
52.480746025,1.22420294122,0.00502137846339,764.887535811,0.0261471251754,1.22420294122,8.39855561479,8.6386415619,4.4180648035e-27
53.0884444231,2.83153139869,0.0168114894773,594.767208202,0.0334637120236,2.83153139869,14.1296782078,0.0206785013934,1.3498519424e-27
53.703179637,5.26713501569,0.0391345325983,417.263700435,0.0352896507295,5.26713501569,20.5450996464,7.06727683433,1.44070653197e-27
54.3250331492,8.32937722488,0.0668292552238,254.870358255,0.0304722418858,8.32937722488,26.6217370898,28.1765017304,3.08148791102e-28
54.9540873858,11.5416207653,0.0821571853877,126.161169758,0.0203991958811,11.5416207653,31.2561532495,58.4109285673,5.25573050685e-27
55.590425727,14.2491222166,0.0626146639373,42.0988253932,0.00890254913061,14.2491222166,33.5376723418,90.3788638105,1.76473114879e-27
56.234132519,15.8031518497,0.0128395262469,4.00963441353,0.00108026272406,15.8031518497,32.9832102288,115.865696665,5.10947673502e-28
56.8852930844,15.7747000701,0.0256132750878,3.86599702852,0.0012993515849,15.7747000701,29.665302847,127.900988558,2.12599246552e-27
57.5439937337,14.1180636161,0.360584866272,26.9226747921,0.0110948855159,14.1180636161,24.1968976858,122.754217409,2.84606223462e-27
58.2103217771,11.2126565832,1.50714272931,56.062202193,0.0279221766745,11.2126565832,17.5803998738,101.267579256,1.14243853185e-28
58.8843655356,7.75211956327,4.17991595072,76.6316356553,0.0455671980643,7.75211956327,10.9692432148,69.0162431167,5.38890605879e-29
59.5662143529,4.51123390282,9.19556932689,80.313141445,0.056420968749,4.51123390282,5.41380748243,35.0541962164,7.34626717987e-30
60.2559586074,2.07882956513,17.2093411087,66.8005141523,0.0549405969991,2.07882956513,1.66214999194,9.41659381345,2.5377655321e-27
60.953689724,0.670664761369,28.3499766028,42.7376437723,0.0408250892634,0.670664761369,0.0615822581108,0.00101972879427,1.01465261782e-26
61.6595001861,0.111473346174,41.8660716598,18.3201202451,0.02018360293,0.111473346174,0.57008519093,9.7865856072,1.76909946605e-26
62.3734835482,0.00273488679857,55.9522359002,2.83701960796,0.00358242974871,0.00273488679857,2.85149353828,35.4147463881,5.08377466065e-26
63.095734448,0.000302172361083,67.9202150982,0.878483454165,0.00126436448612,0.000302172361083,6.40768025463,67.8519764915,2.11285608256e-25
63.8263486191,0.0586620760961,74.7913018966,10.7194751817,0.0174967969913,0.0586620760961,10.6998683884,95.204769369,7.23288863931e-25
64.5654229035,0.497643922665,74.219543822,25.5251287926,0.0470362015838,0.497643922665,15.2265471715,106.934729539,2.97578917249e-24
65.3130552647,1.82667270649,65.4642668446,36.815400749,0.0762759510895,1.82667270649,19.548649483,98.0232787875,1.08649012768e-23
66.0693448008,4.39263891361,50.0058110461,38.5880329699,0.0895523812074,4.39263891361,23.2745417721,71.3915775977,4.08130211855e-23
66.8343917569,8.03496522026,31.4318177184,30.1367220275,0.07807247359,8.03496522026,26.0321199649,37.3133735781,1.48089093934e-22
67.6082975392,11.9631218512,14.453806496,16.1659347857,0.0466029174617,11.9631218512,27.4605417123,9.64115671875,5.40858095675e-22
68.3911647281,14.9801939382,3.2911043661,4.1122197315,0.0131534519895,14.9801939382,27.2484883532,0.0598424064813,1.9525478806e-21
69.1830970919,15.9907382578,0.0267218616351,0.0361517144948,0.000127961745792,15.9907382578,25.2272105241,12.7019554562,6.99504311787e-21
69.9841996002,14.5473084271,3.69471401055,5.28561570966,0.0206517536728,14.5473084271,21.4947204636,41.6916523531,2.49196545439e-20
70.7945784384,11.1240133519,10.6524154779,15.8176519745,0.0680632077738,11.1240133519,16.5106528929,73.2016594097,8.81383047957e-20
71.6143410213,6.92377372937,16.2372185514,24.6493747615,0.116560995033,6.92377372937,11.0808495772,91.6218325868,3.09934842392e-19
72.4435960075,3.28808307347,17.0281222781,26.0915114582,0.135317382236,3.28808307347,6.17441123955,87.2598579941,1.08283430112e-18
73.2824533139,1.03748135434,12.5886680026,19.2513571538,0.109297193148,1.03748135434,2.5971700466,61.7565192089,3.75936456631e-18
74.1310241301,0.150696930734,5.67969163354,8.57975252878,0.053229575088,0.150696930734,0.658211176238,28.0056203312,1.29672514621e-17
74.9894209332,0.00173344504923,0.660082718485,0.975267456337,0.00660109731566,0.00173344504923,0.038389964065,3.90128908496,4.44318212248e-17
75.8577575029,0.00276265699609,0.83129675119,1.18945675679,0.00876962385295,0.00276265699609,0.0173373328994,2.65295012828,1.51206727947e-16
76.7361489362,0.185820587353,6.24120556728,8.55851935305,0.0686333223741,0.185820587353,0.010003834724,24.8626747378,5.10975173467e-16
77.6247116629,1.24655641342,13.3981688307,17.4072069079,0.151624298019,1.24655641342,0.0955027047325,57.3253402814,1.71429582716e-15
78.523563461,3.93525335085,17.3291638079,21.0517155805,0.198912384338,3.93525335085,1.08926045963,80.1376906894,5.70873276592e-15
79.4328234724,8.20037137306,14.9333850467,16.6969248915,0.170925167716,8.20037137306,3.90486402489,78.67642334,1.88654906107e-14
80.3526122186,12.7775917676,7.54926067564,7.61737881211,0.0843835125427,12.7775917676,8.47407752731,53.2993661263,6.1854347214e-14
81.2830516164,15.6852341708,0.863911903676,0.766845019251,0.00918235211848,15.6852341708,13.0405676264,20.0457128281,2.01161374819e-13
82.2242649947,15.4195857938,1.82711575386,1.37822425454,0.0178194620688,15.4195857938,14.7239170849,0.759018778803,6.48761178499e-13
83.1763771103,12.0187232426,14.2330334985,8.6845568089,0.121116992515,12.0187232426,11.5428015942,8.2642437984,2.07434256456e-12
84.1395141645,7.13029385571,35.7560584631,16.3713274198,0.24603495221,7.13029385571,4.83313948284,36.6552429157,6.57380867197e-12
85.1138038202,2.92485726648,58.5446088387,17.7408373919,0.28703308462,2.92485726648,0.0804433962361,64.4800106335,2.06431186853e-11
86.0993752185,0.653704302559,73.2546535441,11.4999573944,0.200125950473,0.653704302559,4.62070497112,69.986041845,6.42142215065e-11
87.0963589956,0.0344165426933,74.0896915239,3.10619915276,0.0580902930708,0.0344165426933,22.7003952471,48.0766626591,1.97813371469e-10
88.1048873008,2.41917817139e-05,61.6801741275,0.0850491902758,0.00170781609796,2.41917817139e-05,50.8939449861,15.7201759899,6.03273156668e-10
89.1250938134,0.107157038716,42.1030488655,5.13688287252,0.110664175334,0.107157038716,77.7749455995,0.000740365066073,1.82081552862e-09
90.1571137606,1.17971618776,22.9840184602,13.3647021505,0.30863965002,1.17971618776,89.5519863987,16.6060275045,5.4370708891e-09
91.2010839356,4.38844419148,9.47183111568,16.6751694396,0.412480630924,4.38844419148,78.9217313956,55.7785437,1.60567675618e-08
92.2571427155,9.53865635905,2.574127445,11.6514305519,0.30847145666,9.53865635905,50.9111264963,88.5940801301,4.68797536137e-08
93.3254300797,14.3721411566,0.294866629326,3.25099399137,0.0920492111665,14.3721411566,20.4699711243,90.0717603566,1.35263036127e-07
94.4060876286,15.9499425191,0.00374635722605,0.101905995053,0.00308347292751,15.9499425191,2.45211931589,59.9497599768,3.85535253245e-07
95.4992586021,13.1120787101,0.0768439517759,5.55742497847,0.179564207665,13.1120787101,1.25689688555,22.0247324617,1.08506605315e-06
96.605087899,7.6415630748,0.0611543243049,13.7668200267,0.474628698185,7.6415630748,8.74153027003,1.57306319135,3.01413086338e-06
97.7237220956,2.77957371896,0.0163777869969,15.6171040377,0.574064657095,2.77957371896,12.6018788121,2.20542561563,8.2599735169e-06
98.8553094657,0.438035310275,0.00110305723106,8.84947059406,0.346560145437,0.438035310275,7.93657562969,6.47774947953,2.23198794573e-05
100,0.00490951663846,1.34073642372e-06,1.10160066767,0.0459241118298,0.00490951663846,1.05638495206,1.80137038254,5.9439620183e-05
101.157945426,0.0095011655311,3.60625267859e-06,1.52187021583,0.0674830119648,0.0095011655311,1.54529803561,4.43907662298,0.000155916785134
102.329299228,0.570743559708,0.00163270242697,9.82014631733,0.462773263378,0.570743559708,10.5886637888,50.8785985752,0.000402615262119
103.514216668,3.39231734164,0.0216493119327,15.9693434262,0.799078226189,3.39231734164,18.4765512965,157.577275734,0.00102282384825
104.712854805,8.96414505593,0.0715480255323,12.1515484994,0.645039492183,8.96414505593,15.3215096828,288.31070758,0.00255470550292
105.925372518,14.483711297,0.0580315435762,2.9997822221,0.168762416912,14.483711297,4.15269454932,369.580873649,0.00626914160801
107.151930524,15.7731605803,0.0258127314571,0.461964943075,0.0275156305116,15.7731605803,0.906414493839,348.723290149,0.0151035896622
108.392691402,11.6194165853,1.29819807824,8.31346500174,0.523672246417,11.6194165853,18.6979218414,240.616694952,0.0356954025625
109.647819614,5.32090267722,7.5751332975,16.2868692716,1.08369922853,5.32090267722,51.8670927533,114.225366377,0.0826864692105
110.917481526,1.15540963129,23.1898594879,13.2791727416,0.932138000465,1.15540963129,77.9427930394,31.5906824716,0.187563596371
112.20184543,0.0388676194019,47.4125223316,3.2137649595,0.237660014744,0.0388676194019,77.5099365072,2.92605857697,0.416221669653
113.501081567,0.00164953801749,69.7251224092,0.701195016937,0.0545444095558,0.00164953801749,52.0041077882,0.0312711511198,0.902603137091
114.81536215,0.481122837827,74.3163069131,10.1972014135,0.832971502512,0.481122837827,21.0055580323,0.00306297541997,1.91054688984
116.144861384,3.6327135553,54.3340503242,18.1434476672,1.55344077411,3.6327135553,2.93509359116,1.36387089312,3.94232475686
117.489755494,10.0543871602,22.357499028,12.2546496348,1.09747569165,10.0543871602,0.383928247813,4.22623665829,7.91900804932
118.850222744,15.4457403011,1.74175185027,1.31704349257,0.123082063162,15.4457403011,3.66135074034,1.63307930434,15.4610119142
120.226443462,14.6211012642,3.5208275661,3.33556156563,0.324423993906,14.6211012642,4.37132904338,2.97096140397,29.2888328422
121.618600065,8.2546655585,14.8694643933,16.6078682069,1.6760909165,8.2546655585,2.17635978489,40.1379882464,53.7303281116
123.026877081,2.251734294,15.8679574296,20.0268758134,2.08995480591,2.251734294,0.378440099217,118.132592346,95.2433596029
124.451461177,0.126930944021,5.2530211241,7.25201760017,0.779459353448,0.126930944021,0.00137378659225,173.95476619,162.725073722
125.892541179,0.000171010351974,0.208634797371,0.306457708254,0.0337682003485,0.000171010351974,0.0018944981387,136.17993024,267.185493786
127.350308102,0.448896938139,9.12759235202,13.8891928805,1.56050913716,0.448896938139,0.41380922917,36.8248854625,420.168145726
128.824955169,4.07901058328,17.3621816763,26.5712574808,3.02466784599,4.07901058328,2.65449064755,4.44950559286,630.245062593
130.316677845,11.3675606842,10.2248576761,15.1555302134,1.7346193727,11.3675606842,7.50151408689,100.530966642,897.237708322
131.825673856,15.97063507,0.0840582690132,0.11422242101,0.0130246122277,15.97063507,14.3352832034,213.935898579,1204.79535867
133.352143216,12.4347622413,12.5981294791,14.3258865562,1.60935233911,12.4347622413,21.8988802937,195.94299064,1513.71111461
134.896288259,4.80442633938,47.7355793757,38.0325787348,4.15127118015,4.80442633938,28.3500390598,69.6486672095,1760.47569958
136.458313659,0.539910433141,73.9663290514,26.2588574023,2.73663075123,0.539910433141,30.3064707739,0.00100534004796,1866.8032996
138.03842646,8.4188604427e-05,66.9104949802,0.468237992026,0.04555913851,8.4188604427e-05,23.8233896603,55.2753237389,1764.1278809
139.636836106,0.225320005526,37.2212409974,25.7986444237,2.27515966945,0.225320005526,10.0338344235,121.777044429,1430.41317579
141.253754462,3.5425012352,11.653661657,77.2965218285,5.93371859536,3.5425012352,0.188418191298,93.8702658171,925.38217572
142.889395851,11.3986862081,1.40938004261,54.5325989332,3.43964089984,11.3986862081,7.24591839981,22.2298253532,399.596315388
144.543977075,15.9981132691,0.00015765973183,0.0356873678801,0.00169402690811,15.9981132691,26.3213156877,0.9708124755,53.0268095471
146.217717446,10.9999402269,0.0814571816407,145.519923104,4.48599435881,10.9999402269,34.0654893333,21.1761531261,40.2448279919
147.910838817,3.04402781431,0.0186123646435,576.532515656,8.6055090933,3.04402781431,19.884749188,24.5902050964,361.125548149
149.623565609,0.111668831172,0.00014406149943,980.356396127,2.96848470511,0.111668831172,3.08859776746,8.83786068765,814.487456661
151.356124844,0.00605284245025,1.83490604038e-06,963.058845141,0.821755265241,0.00605284245025,0.374136144404,0.530223841715,1085.23641435
153.108746168,1.42627221464,0.00627554004185,553.385460187,10.0604615549,1.42627221464,0.954358130151,0.0351952219954,954.243245175
154.881661891,8.46228230354,0.0678632441363,149.112083844,10.661050015,8.46228230354,1.51333344161,0.0160150812037,496.262885508
156.675107011,15.6754944845,0.0195277169815,3.2313506624,0.609002476131,15.6754944845,23.6694765468,0.0133404141835,73.3750787609
158.489319246,12.4145321886,0.938592362472,17.1950904037,7.1450161745,12.4145321886,56.7041647728,2.83820977619,52.1827359791
160.324539069,3.5975930596,11.4946013101,23.1441933611,19.2339198226,3.5975930596,49.1803291041,25.0843388837,442.759909108
162.181009736,0.115006010582,41.6771328288,4.34605729023,6.8170013822,0.115006010582,8.1649497029,58.2618871239,831.295988662
164.05897732,0.0143858633969,72.7868187613,1.02391329859,2.92688287073,0.0143858633969,9.35500743882,50.0761016966,776.019514523
165.958690744,2.13459886042,63.4740973566,5.26711765646,26.8922600904,2.13459886042,56.861338501,9.39777191428,320.685808439
167.880401812,10.6927693083,19.6435103965,2.22358229179,20.0913680457,10.6927693083,66.7240502299,1.95730437416,3.50564544858
169.824365246,15.9364793565,0.180284987934,0.0195564942228,0.312551543171,15.9364793565,25.2834587435,3.2623209719,218.494483144
171.790838716,8.73795977317,14.2723988096,1.26134092242,35.9115469008,8.73795977317,0.523908668346,17.0992065126,661.752566196
173.780082875,1.09777799662,12.8374368142,0.835182873952,42.9774311894,1.09777799662,2.25309200252,189.336017129,689.71749698
175.792361396,2.18892584192e-05,0.0747809131807,0.00330206048871,0.313980930397,2.18892584192e-05,0.0380614287476,421.380458998,245.358460233
177.827941004,0.698259501943,10.8841349832,0.300774522325,54.4904969154,0.698259501943,10.3600901048,355.790897852,3.49641597147
179.887091513,7.80550485587,15.3783321229,0.241173601941,86.7089487386,7.80550485587,31.7387824243,83.2541903246,340.655768047
181.970085861,15.8829513767,0.329024860692,0.00254780313862,1.91756556921,15.8829513767,22.8212920831,3.57865144927,672.542700382
184.077200147,10.1875596494,21.7854020365,0.0656534439153,110.954367005,10.1875596494,0.907297929788,38.9932225499,403.407963353
186.208713666,1.37132523701,68.4742197869,0.0463800340049,193.217727655,1.37132523701,11.730056313,3.61309505471,12.2643383568
188.364908949,1.8197524892e-05,66.0192669971,0.000120944555157,1.41078819971,1.8197524892e-05,35.3112488379,24.7563355905,223.919493316
190.546071796,0.925906530862,25.3433314613,0.00934332755772,365.738583952,0.925906530862,35.3376692551,30.0688847104,605.767876554
192.752491319,9.3539380362,2.71510550287,0.00346510551013,598.388231156,9.3539380362,19.8280071346,9.94415121923,370.592712182
194.984459976,15.9155486316,0.00606396164631,1.41377900829e-05,16.9850439083,15.9155486316,7.5078607356,193.187997809,2.99778682529
197.242273611,7.1030153997,0.0564041176939,0.000182710156858,3761.35602924,7.1030153997,1.75779398799,254.626593738,283.554950591
199.526231497,0.314931345193,0.000675701512314,2.5639768145e-06,13087.6482454,0.314931345193,0.0920935311139,30.62951951,566.0547395
201.836636368,0.0219560822318,1.26465783462e-05,4.90393832471e-08,15770.1506547,0.0219560822318,0.000123742627941,89.4009692827,190.522757185
204.173794467,3.88197600301,0.0260675608068,9.01188962685e-05,7100.52011263,3.88197600301,0.401584006819,268.569347663,39.7973498029
206.538015581,14.7405753298,0.0521510416766,0.000135528671183,366.665585831,14.7405753298,1.29804401403,103.735237727,461.564219265
208.929613085,11.5905653805,1.31243903023,0.00194899896962,605.332369581,11.5905653805,0.163671437395,3.77544989786,382.215306339
211.348903984,1.3555074806,21.5971524863,0.0096249125057,597.819252354,1.3555074806,19.7786707201,73.0580819175,2.51680047
213.79620895,4.96204392143e-05,66.5677077297,0.000202095103883,3.44571666527,4.96204392143e-05,66.3847394092,35.0344909986,310.327141095
216.271852373,2.27132233134,62.6029942607,0.0583928334211,334.476916337,2.27132233134,55.1391115112,0.233501810208,450.522524922
218.776162395,13.5889626,8.22298197625,0.035642256591,78.6820045078,13.5889626,3.18955264597,0.302812910891,30.6649867475
221.309470961,12.467830791,8.16624466587,0.0954385627906,89.4225150118,12.467830791,14.9380172926,3.6124802196,232.36456577
223.872113857,1.448811945,14.0578475801,0.34863593366,148.458970208,1.448811945,16.3950160064,2.72964186927,445.887747083
226.464430759,0.000329967586739,0.289484874103,0.013143907195,2.66684098032,0.000329967586739,0.259881867223,6.71166128515,34.001637033
229.086765277,3.06651999179,16.8596338871,1.24170035042,123.67768115,3.06651999179,9.06108031147,19.429773045,235.992184017
231.739464997,14.9400477422,2.75537988787,0.285490021942,14.1536157825,14.9400477422,1.27466809482,1.71159036307,402.34865998
234.422881532,9.77469154077,23.5693420953,2.64431343963,65.0559058144,9.77469154077,61.1834297223,103.17490004,7.42867659383
237.137370566,0.388957272811,74.8253547377,3.72892173076,44.4701122268,0.388957272811,79.5138930059,172.552373523,308.154561456
239.883291902,0.09405638902,42.8685346841,3.90476395951,21.416052194,0.09405638902,7.27604509206,68.7168535975,297.681354054
242.661009508,7.50941828095,4.44572959125,25.8767278649,58.9310990596,7.50941828095,14.6069816249,7.92056206833,13.7388402647
245.470891569,15.6393489427,0.0212735748961,3.62209868255,2.78468572043,15.6393489427,18.1420520347,10.4177038887,397.056466266
248.31331053,3.50661364193,0.0226664358586,369.632331986,56.6639553326,3.50661364193,0.678840976264,63.7707807175,115.64630434
251.188643151,2.31581081974e-05,4.3526047686e-10,1013.51642633,0.251942962054,2.31581081974e-05,0.00562719767051,124.888809001,152.569347697
254.097270555,2.65821159715,0.01537554426,610.180972628,46.8935637488,2.65821159715,8.19096227032,81.4158131591,350.003655152
257.039578277,15.3588468324,0.0331476442819,13.9556452931,3.58468356072,15.3588468324,28.7742562091,1.33923630577,0.541319048279
260.015956317,7.39686803967,4.57353321036,77.8582860554,36.7761845438,7.39686803967,21.1332994575,82.3491718414,359.352950893
263.02679919,0.0342216269494,47.981945602,10.1752797936,6.99664237493,0.0342216269494,2.49647123374,184.21500264,90.2055490367
266.07250598,1.15325541468,69.9368171273,33.16959339,29.3501069212,1.15325541468,4.85186829868,41.4179632366,196.257237297
269.153480393,14.0159163139,6.66697924419,8.01949014687,8.46971906083,14.0159163139,27.7128919848,24.5118016801,251.975359916
272.270130808,9.00640427432,13.9196158096,20.937659544,25.1030574509,9.00640427432,22.8708002194,40.6645876936,51.1586188556
275.422870334,0.069176001008,3.96486038115,5.95947792247,7.8279388283,0.069176001008,0.954348891584,1.41770199571,340.015268423
278.612116863,1.10305218525,12.8585689483,16.78954501,23.5312917149,1.10305218525,0.00765995942287,2.79271790755,0.577368298988
281.838293126,14.4300743717,3.9685964272,3.79035067642,5.55362900484,14.4300743717,15.7535833739,46.8723767115,340.679698975
285.10182675,7.63553675934,33.3200590232,15.7863596887,23.7872210337,7.63553675934,22.4707777212,32.4574910647,16.4166561822
288.403150313,0.00928617120131,72.1207971177,1.64537159248,2.51510814675,0.00928617120131,10.3302156489,76.7734051889,300.983681003
291.7427014,2.48940652363,15.3278325986,16.0502105142,24.5965136697,2.48940652363,88.8818505733,171.586094724,49.8242670701
295.120922667,15.9288512936,0.00715755386955,0.145111711851,0.220584550192,15.9288512936,17.5623755876,1.08182106679,261.901471697
298.538261892,3.65982762783,0.024044045012,16.0428908156,23.9491320254,3.65982762783,6.58581959526,83.1559427122,71.0760508981
301.99517204,0.00162574624294,2.55731442805e-07,0.638676180638,0.927138794788,0.00162574624294,0.589676426001,1.33274200609,242.315690001
305.492111322,7.50559356331,0.0599769816654,13.9151334518,19.4444672832,7.50559356331,25.233704319,110.468973818,69.9387748023
309.029543251,13.5166425522,0.536718795126,4.88974020506,6.50538898154,13.5166425522,0.9583131062,100.369209092,246.017105297
312.607936712,0.327284591053,34.4177066033,8.34071222083,10.4349040058,0.327284591053,62.915811938,111.012130227,47.5612006248
316.227766017,0.955817499316,71.2631662735,13.2118349535,15.3182781439,0.955817499316,28.4200601399,72.6065113907,267.155903915
319.889510969,15.3981687992,1.89717948209,1.4282640983,1.50747198122,15.3981687992,0.0390895509128,0.318160407459,15.3284133653
323.59365693,3.96163812935,17.3360716853,21.0485723088,19.7673485591,3.96163812935,0.170892623435,0.23193292815,287.150296384
327.340694879,0.00880432240699,1.47043117611,2.18605333045,1.77211512647,0.00880432240699,0.0013472275932,69.745001611,0.45806661122
331.131121483,10.1215147649,12.3023630709,18.3896114505,12.3347471339,10.1215147649,1.21015108274,8.27178026434,270.283534571
334.965439158,9.71476852983,23.8307980447,24.5301643,12.7883072367,9.71476852983,15.3221631845,259.453711064,43.2341803881
338.844156139,0.00249333778087,70.2507670418,2.45495107277,0.899923174669,0.00249333778087,44.9680218171,9.72400370701,181.413925969
342.767786546,5.44118312116,7.36059443794,81.1548432751,17.4485686634,5.44118312116,4.24240436977,54.918413844,157.345413435
346.736850453,13.4837000017,0.0734241306015,63.7397709489,5.31895869755,13.4837000017,28.6278657902,0.243268857287,47.9939090951
350.751873953,0.0890181699372,0.000102677289959,989.058912703,4.80724778219,0.0890181699372,3.72414971396,29.8844066592,259.395249357
354.813389234,3.28947104585,0.0207423582176,384.289967011,17.0306776297,3.28947104585,1.90497975593,29.6559146138,7.23925029748
358.921934645,14.8200099707,0.191400580218,7.36425472654,2.45526285318,14.8200099707,46.3326772087,201.18302906,190.698866643
363.07805477,0.190551217823,38.4019024242,5.68317157174,6.52694597361,0.190551217823,33.8637111664,40.0256238938,160.852122543
367.282300498,2.94779333313,58.4052575552,5.2497150047,16.2845323263,2.94779333313,35.2901796012,108.608106156,30.1553981955
371.535229097,14.679022169,3.38351783029,0.34767360593,2.66121575228,14.679022169,17.3225114547,84.2987549268,188.159856691
375.837404288,0.104741663752,4.80929828094,0.260692814403,4.86194451392,0.104741663752,0.756169750598,102.896956111,149.188028125
380.189396321,4.22992294472,17.3850307675,0.340240035523,16.2256740217,4.22992294472,21.6879337918,30.4068628183,220.763875301
384.591782045,12.8273521191,11.0831532677,0.0440640251286,6.05187271416,12.8273521191,14.63556692,334.457635523,11.6178951885
389.045144994,0.00425965255438,70.9799209223,0.00206897674286,1.03261029043,0.00425965255438,10.8427722003,247.994761733,668.738533484
393.550075456,7.98371479143,3.93815532975,0.00454282753196,13.3037402247,7.98371479143,26.9930291557,274.705130054,1087.38710442
398.107170553,8.1079138778,0.0650582033281,0.000206372191766,13.1338494931,8.1079138778,7.68573024986,0.00047388926645,217.220460365
402.717034325,0.00762497933591,2.59355734461e-06,1.00876122113e-08,1.36665280008,0.00762497933591,0.0055568256894,43.5276204277,1394.90291521
407.380277804,14.0038771367,0.0667113002395,0.000179624678983,3.86255586504,14.0038771367,6.3976293279,174.440350747,444.041348113
412.097519097,2.12571356988,16.9770737925,0.00949602211538,14.8700213531,2.12571356988,3.31505092595,2.11414636251,211.520658881
416.86938347,1.15407440383,69.9313116759,0.0426197512916,12.6561848594,1.15407440383,84.247908708,31.7701126729,24.7287154798
421.696503429,14.9823467288,2.65209401115,0.0245412136573,2.02557514081,14.9823467288,1.00917075481,34.7415755135,698.897993643
426.579518802,0.0128866972104,1.77111188124,0.065469128684,1.79762589151,0.0128866972104,1.777186296,0.692565386794,299.162964021
431.519076828,9.38270818236,13.4006682756,1.20364803171,11.7906806014,9.38270818236,9.25261558241,190.835306544,684.073461125
436.51583224,4.68877368893,48.3681352716,4.81608135122,16.4875000457,4.68877368893,70.2073574114,0.530492365926,71.786952536
441.570447353,0.512756117191,30.724139015,9.54674121069,9.87688869545,0.512756117191,11.0071665481,0.0663960267327,101.586176517
446.683592151,15.3446089638,0.0336835390558,6.97598779612,1.38116787799,15.3446089638,9.19605386036,45.7289347592,110.548114612
451.855944375,0.00499957648404,1.37776772369e-06,966.983819588,1.20262884348,0.00499957648404,0.00953250247734,43.7065670479,772.556627682
457.088189615,11.5913416458,0.082167538837,124.427908916,8.93818465812,11.5913416458,13.3065675431,159.065883802,469.171608592
462.381021399,2.07549966239,17.2260280986,66.7652332612,16.6035698322,2.07549966239,24.6518631576,5.41974884267,58.2395879347
467.735141287,2.68898316355,59.9895961911,38.8277614479,17.8483135517,2.68898316355,0.464394431338,7.41479956016,1.37938270606
473.151258961,9.94323440207,12.5767788412,18.8200093747,12.6482591337,9.94323440207,31.3751524538,43.0287866159,202.274006638
478.630092323,0.0894912045423,4.47136821005,6.20640172792,5.40593474899,0.0894912045423,0.58451041782,3.74876713891,65.6349372275
484.172367584,15.7323612819,0.822112427603,0.64121846311,0.673205380782,15.7323612819,37.252424825,22.6330521646,902.262259372
489.778819368,0.000572193173558,68.5330544026,0.414178518399,0.499238998585,0.000572193173558,2.48611071743,14.0985176486,307.589625658
495.450190805,14.3751801769,0.29411139673,3.24507969113,4.33271000986,14.3751801769,48.4408853924,56.1273502475,14.3773223604
501.187233627,0.264940888786,0.000522484554291,7.18337709851,10.3183248829,0.264940888786,3.06251516031,25.3639093222,1.66556968808
506.990708275,9.76292862378,0.0765499175408,11.042828335,16.615967268,9.76292862378,30.792434921,203.471173395,214.746142132
512.861383991,1.53258404822,20.3533894677,14.4133959647,22.0936973099,1.53258404822,23.7826169527,6.44187475642,239.818390985
518.800038929,5.92326648076,41.8056996067,17.4948530063,26.4174531618,5.92326648076,19.2897404814,1.24511789866,8.13995917502
524.80746025,3.38077470974,17.087950442,21.0048029073,29.8308478745,3.38077470974,0.115349835868,344.652872732,401.660990158
530.884444231,3.82315702575,17.2954367054,26.4810748021,32.8883891555,3.82315702575,0.0611380435679,31.876449601,407.921836302
537.03179637,4.75371798774,48.0124489402,38.1086555703,36.2757325627,4.75371798774,13.2986757921,10.7332086561,55.7546093841
543.250331492,3.08148603105,13.0992717944,74.9052878803,40.7446926342,3.08148603105,32.8250536526,200.452114379,10.2543347721
549.540873858,5.00542325541,0.0366304854352,433.689262712,47.1405949723,5.00542325541,25.8220004461,47.3378602953,5.12572438477
555.90425727,3.39488277802,0.021672037629,377.086474728,56.4915382402,3.39488277802,5.60953909489,11.374771883,68.3706801249
562.34132519,4.01505333613,10.3704844249,23.9360613105,70.1457753344,4.01505333613,87.4787968233,45.0883994592,393.421885214
568.852930844,4.94701393898,46.960988168,4.72636437429,89.9920118955,4.94701393898,20.0977227265,53.3001218651,633.939381315
575.439937337,2.18344031755,15.7524848857,1.10877048875,118.964216132,2.18344031755,0.0255542984245,1.80111756209,499.242785028
582.103217771,8.28084679538,14.8384092093,0.2262746681,162.760800015,8.28084679538,23.6366643857,197.913113655,193.170568826
588.843655356,0.544476817428,73.938539164,0.0289098790634,237.992535108,0.544476817428,1.21220505612,33.2385455198,15.7482169502
595.662143529,13.1586780015,0.655678739207,0.00108150146167,438.925567209,13.1586780015,28.0870412631,148.956272312,18.0500601004
602.559586074,0.00945453330436,3.57976444732e-06,1.39165933442e-08,16011.2043449,0.00945453330436,0.163435435444,5.77390361506,89.9686905965
609.53689724,15.9907753001,0.000838384962858,1.84912540891e-06,1.69337063943,15.9907753001,18.8255808476,96.7702760987,140.908186394
616.595001861,0.0306189519134,73.922141845,0.00600418937398,49.0790933293,0.0306189519134,64.0352065857,8.33426822627,166.721231127
623.734835482,11.0247197931,10.8237719924,0.139627522047,62.3380586945,11.0247197931,2.01337424915,14.7591827098,135.462358193
630.95734448,2.25750642319,15.8774495627,1.12231344828,49.8664773627,2.25750642319,18.4368499345,1.19545082404,199.944116185
638.263486191,2.20720748257,63.0105216922,5.27369683913,27.1331652509,2.20720748257,61.8788246563,12.3543656521,18.6034915439
645.654229035,11.9294031447,1.15057675932,18.6564442989,8.08225742588,11.9294031447,0.0466600948471,21.3509763214,372.086920409
653.130552647,0.000658443729174,6.59457212549e-08,995.037521959,0.27063657287,0.000658443729174,0.000303033158431,122.151945181,334.866798886
660.693448008,14.246515594,0.326722827315,25.3463715897,1.44418558547,14.246515594,15.6215775939,11.8596809334,424.91260536
668.343917569,1.45703683764,67.9022967761,35.1347902095,3.73050621349,1.45703683764,7.45536650354,108.924328208,969.418120141
676.082975392,1.87783226528,15.1577369861,23.2316878626,2.63140260737,1.87783226528,16.6951707875,24.3340148626,321.193614387
683.911647281,14.258476705,4.3643800436,4.19693618896,0.4094455773,14.258476705,12.0327059909,58.5214459533,1.72365703491
691.830970919,0.0131530047947,51.6736269054,1.91519549456,0.142841431688,0.0131530047947,3.89798427987,7.85840027862,520.278503602
699.841996002,7.38130051532,0.0588870993966,14.0475201966,0.734595902684,7.38130051532,0.40761641763,6.02895030488,185.231309789
707.945784384,9.20906371121,0.0732048370798,11.8213554749,0.400432369065,9.20906371121,32.9770782284,9.85597762387,485.282126649
716.143410213,2.37955909953e-05,61.6900285385,0.0843513881468,0.0016937357157,2.37955909953e-05,26.5298555729,84.7780020357,712.141031819
724.435960075,10.1628252928,12.2379410206,13.149734812,0.139097341048,10.1628252928,4.93721905257,8.38561052157,6.12909911335
732.824533139,7.89346502309,15.2822980389,23.1089825116,0.106928834121,7.89346502309,1.58487911343,32.510783826,161.391245293
741.310241301,7.77578297779e-06,65.6438594674,0.143852757499,0.000201305384732,7.77578297779e-06,61.0356016753,3.26855616894,10.8020908513
749.894209332,8.47686138579,0.0679752811596,248.164169747,0.0301069450166,8.47686138579,18.1322556795,0.0804118933353,309.721201383
758.577575029,11.0827208674,0.081629903017,80.0756317419,0.0100903581306,11.0827208674,2.62092293241,106.963531678,820.836155304
767.361489362,0.0265470421586,73.7133006785,1.33793008676,0.00115644690614,0.0265470421586,19.6022424453,148.300560286,292.240393388
776.247116629,2.9829524942,16.7861856398,1.23151140696,0.00233966751953,2.9829524942,0.594162027586,90.420589092,119.235627328
785.23563461,15.947241418,0.150095539339,0.00112722068611,3.26695393145e-06,15.947241418,26.9917337537,10.1708192643,999.343207883
794.328234724,2.28107440646,16.2412339452,0.00941815538128,3.40757529341e-05,2.28107440646,3.78592416873,68.8786262989,664.702148557
803.526122186,0.0165816043077,8.30559638944e-06,3.2237818031e-08,1.25878952171e-10,0.0165816043077,0.531055814393,0.865001391868,14.3625633791
812.830516164,7.93734517644,3.98566153498,0.00458111129289,1.69022894004e-05,7.93734517644,31.7257330571,0.0330170051408,27.251716762
822.242649947,14.5936643745,4.6197268599,0.0227612496432,6.82082896331e-05,14.5936643745,40.0815725295,73.316593173,27.7013668536
831.763771103,1.5869818762,14.4517400979,0.978825746055,0.00191601909115,1.5869818762,17.6914257516,52.0938074871,138.252535912
841.395141645,0.0057167321653,71.4010711432,0.675718951173,0.000565150157468,0.0057167321653,60.1787311187,0.176254799699,34.6448174981
851.138038202,4.98646917286,0.0364494152887,284.983957095,0.0199280723817,4.98646917286,0.0222461197593,357.366204061,42.5858963969
860.993752185,15.9222519152,0.0078775960163,1.3846380297,0.000444663386859,15.9222519152,2.70120218986,105.384491028,107.454591219
870.963589956,7.4283019721,34.3126919025,31.9680027688,0.0814411088296,7.4283019721,4.36007450468,42.475268548,2.11168821323
881.048873008,0.222977397656,6.76756167382,9.24729903591,0.0746125689536,0.222977397656,3.15065594789,3.99550150408,15.6390673103
891.250938134,0.0513682935496,74.6286980099,3.75904466711,0.0698331614972,0.0513682935496,32.4433448678,5.63259393813,713.770373959
901.571137606,4.26811643416,0.0296468247498,16.0633361866,0.577176835754,4.26811643416,0.202148786015,56.053730917,209.021162511
912.010839356,14.2812669006,0.317786061006,3.427552705,0.209905973488,14.2812669006,22.6428656104,0.233559317701,76.9786155016
922.571427155,13.8921919172,7.11424885143,4.82005352524,0.443241505759,13.8921919172,26.3928931341,180.040068493,339.02439758
933.254300797,4.84415037495,17.3646168391,26.5311051405,3.02343335443,4.84415037495,1.5381913345,0.0428154437133,799.244993022
944.060876286,0.353429148784,33.8104078412,31.9333979359,2.77983042264,0.353429148784,85.8413633129,20.8737422762,47.8304337791
954.992586021,4.42364007722e-07,1.14926669197e-12,1027.0769643,0.00689994638002,4.42364007722e-07,0.0105804251737,140.777002238,868.524154674
966.05087899,0.334006142492,34.258067888,7.63989596697,10.5725576181,0.334006142492,83.861115151,72.0976895561,73.1890496324
977.237220956,3.23437596222,16.9906497972,1.26086189859,51.2106876681,3.23437596222,0.708169205817,42.2431018978,43.1829947746
988.553094657,9.00724173434,26.9674171113,0.0717659089086,132.986200471,9.00724173434,26.185275654,58.5465831925,607.236107085
1000,14.19555234,0.0635668942678,0.000169726754242,467.602835174,14.19555234,34.1342921165,58.9728271925,189.999620113
