$hessian                                                                        
        0.4843243503  -0.0188185975  -0.0437674377  -0.0888945411   0.0006836838
       -0.0466313975  -0.0476961430   0.0172946103  -0.0280374478   0.0031480826
       -0.0050009032  -0.0055241594  -0.0005213492   0.0001234047   0.0010716407
        0.0002468919  -0.0000702694  -0.0006788958  -0.0001921843   0.0000911078
        0.0002805882   0.0002180359  -0.0004331265  -0.0008296377  -0.0003353789
        0.0005650838   0.0002157962   0.0069322996   0.0018458072   0.0027957064
       -0.0006225763  -0.0001113004   0.0006468913  -0.0005640021   0.0001782224
       -0.0005605337  -0.0000442670  -0.0000064459   0.0001159706  -0.0002673465
        0.0001363051  -0.0002784373   0.0000650037  -0.0000689161  -0.0000019373
        0.0001037705  -0.0000824728  -0.0000334072   0.0000258511   0.0000765525
       -0.0000583158  -0.0003945584  -0.0002351763   0.0005087086  -0.0005394498
        0.0001437272   0.0011836456  -0.1056118073   0.1090538816   0.0026828060
       -0.1129671385   0.0110286538   0.1098696212  -0.1363909776  -0.1163152547
        0.0069483913  -0.0000309672   0.0000393013   0.0000078936  -0.0002271677
       -0.0000326601   0.0001178566  -0.0000902953   0.0000738855   0.0001997378
       -0.0000002077   0.0002304892   0.0001071582   0.0000123883   0.0002177465
        0.0000687714   0.0001771408  -0.0000180251   0.0001263537   0.0000701598
       -0.0000560122   0.0000189708   0.0001257009   0.0000132156   0.0000893245
       -0.0000652048   0.0000261753  -0.0000063519   0.0000011781   0.0000202354
       -0.0000390587  -0.0000301723   0.0000310131  -0.0000611440   0.0000348815
       -0.0006239418  -0.0005476710
       -0.0188185975   0.4849123398   0.0054066071   0.0035346450  -0.0638639417
        0.0005041962   0.0179887768   0.0206111567   0.0076630177  -0.0021035059
       -0.0060517059   0.0010124604  -0.0006442292   0.0005105776   0.0009462279
       -0.0004821494   0.0003098481  -0.0003650746  -0.0002275139  -0.0001161242
        0.0000998793   0.0000189048  -0.0005229375   0.0000118581   0.0005769554
       -0.0003400045  -0.0003287719  -0.0021797914   0.0061894930  -0.0053109078
       -0.0001985590  -0.0005686804  -0.0016130805   0.0004654410   0.0004635495
       -0.0000186875   0.0000502498   0.0000562827  -0.0000606986  -0.0000500928
        0.0001712555   0.0002162144  -0.0000332497  -0.0000113253   0.0000200112
       -0.0000604142  -0.0000985860   0.0000314589  -0.0000177766  -0.0000131275
       -0.0001876815  -0.0004564128  -0.0001169926   0.0001175653   0.0006928168
       -0.0009030649   0.0006578186   0.1115786888  -0.2151136868   0.0014647025
        0.0105384611  -0.0458514379  -0.0138197490  -0.1207865499  -0.1787424890
        0.0043357842  -0.0000672078   0.0000429953   0.0000002185   0.0000039386
        0.0000145683   0.0000624864   0.0000828219  -0.0000047713   0.0000184789
        0.0001089307  -0.0000611546  -0.0001239636   0.0004476306  -0.0000413988
        0.0000318037  -0.0000667310  -0.0001033673   0.0000306882   0.0001275085
       -0.0000329131  -0.0001147996  -0.0000492066   0.0000028245  -0.0000452433
       -0.0000008095   0.0000267339  -0.0000043484   0.0000240171  -0.0000104534
       -0.0000412187   0.0000238383   0.0000133238  -0.0000079934  -0.0000208280
       -0.0007567860  -0.0005892591
       -0.0437674377   0.0054066071   0.4717987735  -0.0554188101   0.0014516511
       -0.1474395968  -0.0203556489   0.0020807898   0.0005753099   0.0039160312
       -0.0000338051   0.0002473717  -0.0004204009  -0.0001206048   0.0004248001
        0.0001437952  -0.0001665100  -0.0003801674   0.0000919868   0.0001395433
       -0.0000152959  -0.0001009580   0.0002785081  -0.0002528982  -0.0005097979
        0.0002098517   0.0008795760  -0.0087492026  -0.0035163740  -0.0301073525
        0.0000347789  -0.0020755840  -0.0007753126   0.0016445921   0.0000928354
        0.0000906712  -0.0000391996   0.0002255742   0.0000680193   0.0007695020
       -0.0002845141   0.0003195337   0.0000086950   0.0000128343   0.0000345424
        0.0000238059   0.0000528575  -0.0000874242  -0.0001207938   0.0002550791
        0.0001052082  -0.0001226995  -0.0000094691  -0.0002306179   0.0000281705
        0.0012323801  -0.0015847834   0.0039610801  -0.0006955642  -0.0435370657
        0.1085302912  -0.0136389391  -0.2099372914   0.0114881375   0.0095988704
       -0.0397347473   0.0000747894   0.0000525250   0.0000324736  -0.0001063904
       -0.0000085014   0.0000609820  -0.0000263143   0.0000414461   0.0001114464
       -0.0000468340   0.0001673681   0.0001680612  -0.0000628299   0.0002172749
       -0.0000216492  -0.0005408476  -0.0000760213  -0.0002683895   0.0001518917
       -0.0000329772  -0.0002383935  -0.0002492554  -0.0000366388  -0.0001847768
        0.0000899749  -0.0000806787  -0.0000037181  -0.0000028040  -0.0000607467
       -0.0000068908  -0.0000069906  -0.0001237895   0.0000116308  -0.0003103066
       -0.0005552784  -0.0001220289
       -0.0888945411   0.0035346450  -0.0554188101   0.7816672334  -0.2014589566
       -0.0163723818  -0.5500803914   0.1665685582   0.0001573498  -0.0452601129
        0.0181854573   0.0219354770   0.0046928412   0.0018397743  -0.0015051498
       -0.0008834873  -0.0001353031   0.0030696488   0.0001039145  -0.0005323683
       -0.0005341328  -0.0003050394   0.0001041091   0.0020584107   0.0003374718
       -0.0048912465  -0.0077837810  -0.0764593729   0.0137422505   0.0495024326
       -0.0050488141  -0.0027267224   0.0166639829   0.0068632158  -0.0010753233
        0.0039143021  -0.0004952407   0.0001985283   0.0004186532   0.0044762617
        0.0000603881   0.0019031944  -0.0002968438   0.0000960554   0.0000969116
       -0.0000849762   0.0001968403  -0.0002685978  -0.0003357242   0.0003846696
        0.0004192977  -0.0015220586  -0.0008237750  -0.0016015573  -0.0035978324
        0.0090109016   0.0051066138  -0.0138571513   0.0039412429  -0.0113531386
        0.0088432243  -0.0020360698   0.0094230666  -0.0175201181  -0.0033263742
       -0.0168765733  -0.0005450789  -0.0000073377  -0.0000678302   0.0003164418
        0.0002975690  -0.0001956577   0.0001409386  -0.0001467047  -0.0006319013
        0.0001068279  -0.0007724408  -0.0002332640  -0.0002314049  -0.0002051702
        0.0000297323  -0.0020872271   0.0008378303  -0.0016384846  -0.0002129430
        0.0001707347  -0.0000245435  -0.0013495948  -0.0001041458  -0.0010162763
        0.0004541529  -0.0001304256   0.0000682172   0.0000583151  -0.0001484429
        0.0000521743   0.0001255719  -0.0002188419   0.0001744444   0.0008815423
       -0.0004299060   0.0005281706
        0.0006836838  -0.0638639417   0.0014516511  -0.2014589566   0.2495217848
        0.0511062371   0.1612226769  -0.0915666916  -0.0049330612   0.0195744785
       -0.0093453646  -0.0065379722  -0.0018519333  -0.0003642144   0.0018972226
        0.0000816301   0.0001928253  -0.0008694679  -0.0001239855   0.0001314181
        0.0002042769  -0.0005128422  -0.0001522636  -0.0012473635   0.0012253072
        0.0015332608  -0.0004768656   0.0163850489  -0.0712353558  -0.0349486182
       -0.0084991730   0.0074688294   0.0134047994  -0.0014175430  -0.0025037968
        0.0035815592   0.0000951702  -0.0006366032  -0.0001777740   0.0005442628
       -0.0048653998  -0.0005240806   0.0007499909  -0.0002178162  -0.0012057912
       -0.0001050195   0.0000856762   0.0000066641   0.0000870788   0.0000287847
        0.0000784367   0.0011930006  -0.0004312437  -0.0020107280   0.0134052061
       -0.0104723983  -0.0233454786   0.0165279224  -0.0021733895   0.0201179200
       -0.0008917594   0.0005100062  -0.0023391662  -0.0143065316   0.0004446495
       -0.0176945444  -0.0000307684  -0.0003723907   0.0002096652  -0.0001758931
       -0.0001299690   0.0000365505  -0.0000163244  -0.0000712425   0.0002804514
        0.0000381332   0.0000839129   0.0000536586  -0.0001707600  -0.0004176554
        0.0001471848  -0.0008012166  -0.0001989473   0.0016031978  -0.0006072659
        0.0000841937   0.0011991333  -0.0001443428  -0.0000107205   0.0000936294
        0.0000340106  -0.0003431892  -0.0000217169  -0.0000762912   0.0000927677
        0.0000737377   0.0000349792   0.0001009677   0.0000463393  -0.0006919741
       -0.0009064830   0.0007403134
       -0.0466313975   0.0005041962  -0.1474395968  -0.0163723818   0.0511062371
        0.4587013401  -0.0299544796   0.0067884284  -0.0593924599   0.0370766225
       -0.0145800066  -0.0146585207   0.0007425531  -0.0030045739  -0.0017955128
        0.0010834693   0.0002035856  -0.0017607832  -0.0007046763   0.0003460300
        0.0008400286   0.0000654591  -0.0004314878  -0.0020442613   0.0015715023
        0.0027087157  -0.0003098620   0.0518099359  -0.0356402711  -0.1720240883
        0.0137879422   0.0039294595  -0.0280200473   0.0042090346   0.0032389588
        0.0018273682   0.0003724229  -0.0004129065  -0.0007401330   0.0017180046
        0.0002722093   0.0024455382   0.0001287037  -0.0002383583  -0.0004659873
       -0.0002149338  -0.0001863797   0.0000581954   0.0002399934  -0.0004582971
       -0.0006718796  -0.0020733366   0.0016354785   0.0002825059   0.0070895641
       -0.0136015459  -0.0069018002  -0.0039418777   0.0014838399   0.0001670864
       -0.0139233886  -0.0014367597  -0.0288352987  -0.0048328124  -0.0018685845
       -0.0006206593   0.0000416002  -0.0002255606   0.0005662996   0.0001487670
       -0.0000622305  -0.0002474967   0.0001108808  -0.0000962977   0.0001986981
        0.0001142754  -0.0000581610  -0.0000955456  -0.0000165018  -0.0002823705
        0.0005749901  -0.0013645113  -0.0008099894  -0.0002297040   0.0000643582
       -0.0002796935  -0.0001339354  -0.0010941307   0.0000876445  -0.0000898583
        0.0000473588   0.0002535693   0.0003508673   0.0000174275   0.0002600454
        0.0000218019   0.0002227463   0.0004660028  -0.0000022092   0.0004618064
        0.0003890733   0.0004449198
       -0.0476961430   0.0179887768  -0.0203556489  -0.5500803914   0.1612226769
       -0.0299544796   0.7694968058  -0.2403903807  -0.1050334529  -0.1084201371
        0.0379128501   0.0919821985  -0.0354844610   0.0072182353   0.0330566543
        0.0008210130  -0.0071239680   0.0007848533   0.0003061755   0.0023103342
        0.0011716678   0.0019333447  -0.0029531943   0.0015148111   0.0042586410
        0.0089257870   0.0124771538  -0.0319046160   0.0099580961   0.0228151386
       -0.0006140825   0.0031826019  -0.0019693042   0.0006595851  -0.0002034058
        0.0013486653   0.0002571197  -0.0002607155  -0.0003991010   0.0003576383
        0.0006975082   0.0008787363   0.0000500110  -0.0002465711  -0.0000595364
       -0.0000084451  -0.0001971138  -0.0000966051   0.0000849902  -0.0000979228
       -0.0001653948  -0.0000941780  -0.0002730222   0.0001300842   0.0005953404
       -0.0028042826   0.0003221585  -0.0035304445  -0.0001116365  -0.0057899664
        0.0011951132   0.0006916711   0.0023002930  -0.0000639615   0.0009137388
       -0.0005162618   0.0007374753   0.0017222304  -0.0013334143  -0.0009526373
        0.0001563720   0.0011176809  -0.0006316352   0.0005537381  -0.0006381975
       -0.0000665891   0.0003803344  -0.0002271186  -0.0003439512   0.0000742685
       -0.0028687108  -0.0002716156  -0.0003047908  -0.0003161627  -0.0000966475
        0.0000124577   0.0003295394  -0.0003101682   0.0000213740  -0.0000635537
       -0.0000335030   0.0000975982   0.0000975322  -0.0000062880   0.0000846875
       -0.0000410871   0.0000436006   0.0000868246  -0.0000500545  -0.0001869585
        0.0007548421  -0.0004491168
        0.0172946103   0.0206111567   0.0020807898   0.1665685582  -0.0915666916
        0.0067884284  -0.2403903807   0.1918851106   0.0880353748   0.0300407241
       -0.0889444365  -0.0625898075  -0.0041368596   0.0090233295   0.0071917027
       -0.0046761853  -0.0016695840  -0.0003807686   0.0015809388   0.0004707107
       -0.0007829855  -0.0041800313  -0.0033050958  -0.0013855960   0.0198153200
       -0.0227788764  -0.0333804940   0.0141786384  -0.0136335680  -0.0074965586
       -0.0006402091  -0.0015098057   0.0036252804  -0.0001396903  -0.0003833306
       -0.0003999836  -0.0001340197   0.0002417811   0.0002929948  -0.0002655450
       -0.0006303246  -0.0003641049   0.0000692173   0.0000007140  -0.0000509284
        0.0000427212   0.0001148518  -0.0000472175   0.0000157843   0.0002155935
       -0.0000409218   0.0002742491   0.0000473151   0.0002311469   0.0005146915
       -0.0001040264  -0.0024608475  -0.0010388106   0.0002404927  -0.0015565149
       -0.0008865048  -0.0002050725  -0.0014020485   0.0031977461  -0.0005626427
        0.0033061780   0.0003650695   0.0010861548   0.0009328655  -0.0006190572
        0.0004684564   0.0006705349   0.0003566698  -0.0000729044   0.0003455143
        0.0006843558  -0.0007512188  -0.0012227971   0.0015656693   0.0012812971
        0.0006436469   0.0002536254   0.0008287372  -0.0000314955  -0.0000714217
        0.0000797879  -0.0000511202   0.0001136220   0.0000594656  -0.0000155324
        0.0000326592  -0.0000923517  -0.0001078427   0.0000145226  -0.0000731159
       -0.0000348734  -0.0000285429  -0.0000466076   0.0000029155   0.0002278652
       -0.0003253012  -0.0003449340
       -0.0280374478   0.0076630177   0.0005753099   0.0001573498  -0.0049330612
       -0.0593924599  -0.1050334529   0.0880353748   0.2738510223   0.0656158449
       -0.0506546121  -0.1683835481   0.0316296408   0.0013088390  -0.0195158473
        0.0003094563   0.0016563970   0.0076420777   0.0022786307  -0.0020872321
       -0.0035437386   0.0005589695  -0.0029290321   0.0083280337   0.0100248489
       -0.0294853385  -0.0265384716   0.0309811984  -0.0101557091  -0.0032997761
        0.0006447441  -0.0016691542  -0.0003021337  -0.0016255520  -0.0003716220
       -0.0008224438  -0.0000180170   0.0000669964   0.0001570716  -0.0008751388
       -0.0006013775  -0.0008080767  -0.0000106657   0.0001656360   0.0001430107
        0.0000178380   0.0001565136   0.0000834616   0.0000033736   0.0001161693
        0.0000346345   0.0008059671   0.0000412720  -0.0001859682   0.0010942644
        0.0008221349  -0.0020827789  -0.0032069712   0.0003653481  -0.0033185297
        0.0003998158  -0.0001100783   0.0026803076  -0.0022359158   0.0001953383
       -0.0021247097  -0.0025122501   0.0009854689  -0.0015277934   0.0001886565
        0.0001047039  -0.0002876096  -0.0008086744   0.0006179409  -0.0008855027
        0.0000512695  -0.0003405800  -0.0005602173  -0.0007964670   0.0018050052
       -0.0000799255   0.0002335532  -0.0002211441   0.0004215506   0.0001354565
        0.0000519789  -0.0001812292   0.0004162847  -0.0000610920   0.0000324845
       -0.0000337245  -0.0001394427  -0.0001900777  -0.0000172089  -0.0001397041
       -0.0000060489  -0.0000862018  -0.0001778385   0.0000382349  -0.0002494746
       -0.0000811164   0.0000496870
        0.0031480826  -0.0021035059   0.0039160312  -0.0452601129   0.0195744785
        0.0370766225  -0.1084201371   0.0300407241   0.0656158449   0.4775593607
        0.1174824323  -0.1957857355  -0.2013012124  -0.1250433656   0.0492372776
       -0.0399578369   0.0284508643   0.0476801615  -0.0213335741  -0.0313832305
       -0.0065028542   0.0315886121   0.0166905976  -0.0180431556  -0.0854441407
       -0.0297003726   0.0104607942  -0.0016949440   0.0053623510  -0.0019221582
        0.0004257461  -0.0005017337   0.0001963643   0.0000980200  -0.0000688131
        0.0000368789   0.0000146017  -0.0000160277  -0.0000181039   0.0001010191
        0.0002949965   0.0000228762  -0.0001054696   0.0000652452   0.0002029295
        0.0000136072   0.0000464132  -0.0000175898   0.0000250186   0.0000323733
       -0.0000590750   0.0000665117  -0.0002214979   0.0000351977  -0.0010805601
        0.0009920311   0.0012375924   0.0001771833  -0.0001390839   0.0008779495
        0.0002543480   0.0001185126  -0.0004996459  -0.0002052566   0.0000485548
       -0.0002509750  -0.0057423185  -0.0058499462   0.0017419113   0.0016873974
       -0.0003106134   0.0055407018   0.0004043308  -0.0007612730  -0.0000843204
        0.0010270501   0.0000833418   0.0058819186  -0.0060906598  -0.0229572319
       -0.0061068959  -0.0002050662  -0.0002147774   0.0000072872   0.0000999972
        0.0000358018  -0.0001993693   0.0000491674  -0.0000590879  -0.0001335803
        0.0000587180  -0.0000291081  -0.0000688601   0.0000221127  -0.0000934317
       -0.0000259743  -0.0000152071  -0.0001155073   0.0000239298   0.0000356113
        0.0002498898  -0.0000739756
       -0.0050009032  -0.0060517059  -0.0000338051   0.0181854573  -0.0093453646
       -0.0145800066   0.0379128501  -0.0889444365  -0.0506546121   0.1174824323
        0.5335112740   0.1441366165  -0.0801218469  -0.1419062392   0.0049992487
       -0.0117923369   0.0459999369   0.0384859661  -0.0304114675  -0.0438019514
        0.0023558669   0.0546356015  -0.0200455312  -0.0571451642  -0.0752473984
       -0.2519673106  -0.0582821041   0.0047090725   0.0132570827  -0.0014284024
        0.0014319090  -0.0004000662  -0.0024465212  -0.0003307206   0.0004439744
       -0.0008303820   0.0000347602   0.0001006134  -0.0000909973  -0.0002444861
        0.0006506707  -0.0000454654  -0.0000742211   0.0000096143   0.0001175208
        0.0000316273  -0.0000575602   0.0000494398  -0.0000322147  -0.0001142771
        0.0000481210   0.0000172958  -0.0001067312   0.0001258107  -0.0010454985
        0.0001366409   0.0018025919   0.0005001207   0.0000395645   0.0003109395
        0.0000074752   0.0001460121   0.0005566695  -0.0012308725  -0.0001746755
       -0.0013950239  -0.0222375668  -0.0175197369   0.0074222334   0.0001319981
        0.0014372586  -0.0039876909  -0.0005451574  -0.0003327880   0.0002600021
       -0.0003123363   0.0018599496  -0.0037709960  -0.0067169675  -0.0163605186
       -0.0062226886   0.0002144316  -0.0002659349  -0.0000214815   0.0000614370
       -0.0000903636  -0.0000929008   0.0000743289   0.0000005332   0.0001472582
       -0.0000587939   0.0001014958   0.0000847142  -0.0000157488   0.0000707557
        0.0000365497  -0.0000194773   0.0000820474  -0.0000295966   0.0000072166
       -0.0003622323   0.0001182897
       -0.0055241594   0.0010124604   0.0002473717   0.0219354770  -0.0065379722
       -0.0146585207   0.0919821985  -0.0625898075  -0.1683835481  -0.1957857355
        0.1441366165   0.3891236208   0.0723114050   0.0413562565  -0.0870769546
        0.0253214777   0.0071033526  -0.0179411784  -0.0072603346   0.0021191063
        0.0014432927   0.0072158294  -0.0246086376  -0.0234788882  -0.0146717084
       -0.0943336922  -0.0890839027  -0.0000398893  -0.0017555580   0.0011338724
       -0.0003144478   0.0003617657  -0.0006093863   0.0000540899   0.0002483879
       -0.0002085273  -0.0000100189   0.0000072884  -0.0000292012   0.0000002879
       -0.0001594793  -0.0000022277   0.0000968849  -0.0001228844  -0.0002328242
        0.0000219407  -0.0000959378  -0.0000412248  -0.0000327309  -0.0000370330
        0.0000496172  -0.0002612745   0.0000966160   0.0001002607   0.0008300300
       -0.0006947914  -0.0005411915  -0.0005726229   0.0003111188  -0.0006648572
       -0.0007379879   0.0008357823   0.0000396116  -0.0004671508  -0.0001870304
       -0.0000914098  -0.0076779561  -0.0073610913   0.0048372233   0.0059545844
       -0.0042229485   0.0010459665  -0.0003272146   0.0001324346   0.0006595501
        0.0057291624  -0.0037622555   0.0013294398   0.0021022998   0.0085050471
        0.0025841543   0.0002364011   0.0001100382  -0.0000199424  -0.0000469399
       -0.0000603212   0.0001395001  -0.0000681260   0.0000581364   0.0001373262
       -0.0000555736   0.0000415913   0.0000927102  -0.0000085237   0.0001100550
        0.0000251496   0.0000297111   0.0001403198  -0.0000352059   0.0000406150
       -0.0001569333   0.0001103235
       -0.0005213492  -0.0006442292  -0.0004204009   0.0046928412  -0.0018519333
        0.0007425531  -0.0354844610  -0.0041368596   0.0316296408  -0.2013012124
       -0.0801218469   0.0723114050   0.4650067132   0.1208069785  -0.2212536262
       -0.1607858227   0.0151762829   0.1071675781   0.0320623657   0.0549697658
        0.0081812259  -0.0407729177  -0.0033294690   0.0271829280  -0.0004263058
       -0.0561281858  -0.0326857612  -0.0001772951   0.0018179217  -0.0000780213
        0.0001392656   0.0001175890  -0.0004088145   0.0000261710   0.0000723050
       -0.0001137188   0.0000130169   0.0000061575  -0.0000215986   0.0000020507
        0.0001023856   0.0000257204   0.0000005990  -0.0000113177  -0.0000064253
        0.0000002710  -0.0000373460   0.0000101936  -0.0000169005  -0.0000623589
        0.0000053059  -0.0000299241  -0.0000701394  -0.0000756986  -0.0000998362
       -0.0001851236   0.0002946856   0.0001928669  -0.0000691506  -0.0002241942
       -0.0005033900   0.0002865863  -0.0002795642  -0.0001963253  -0.0000368603
       -0.0000924358  -0.0503816954  -0.0486219212  -0.0150409824  -0.0167312953
        0.0071959005   0.0188379861   0.0029621788  -0.0029692698   0.0018150260
       -0.0002764481   0.0000956060   0.0003505853   0.0026061636  -0.0024798968
        0.0019549317   0.0000036801   0.0000360960  -0.0000036101  -0.0000214017
       -0.0000189983   0.0000399839  -0.0000286575   0.0000197003   0.0000450784
       -0.0000246436   0.0000397964   0.0000395215  -0.0000100541   0.0000471798
        0.0000143925   0.0000090498   0.0000268543  -0.0000150379   0.0000727022
       -0.0000421989   0.0000711483
        0.0001234047   0.0005105776  -0.0001206048   0.0018397743  -0.0003642144
       -0.0030045739   0.0072182353   0.0090233295   0.0013088390  -0.1250433656
       -0.1419062392   0.0413562565   0.1208069785   0.5564195810   0.1789489683
        0.0686816181  -0.1199325151  -0.1039387016   0.0137352332  -0.0218602601
       -0.0257356023  -0.0007351368   0.0013156760   0.0044725546  -0.0234219980
       -0.0324423108  -0.0021615595   0.0002344574  -0.0013298598   0.0002694416
       -0.0000304816  -0.0000406271   0.0000356943  -0.0000243598  -0.0000107334
        0.0000567642   0.0000023187  -0.0000314795   0.0000065919   0.0000066872
       -0.0001117104  -0.0000128251   0.0000006884  -0.0000041651  -0.0000118930
       -0.0000093221  -0.0000050695   0.0000151573  -0.0000304323   0.0000168994
        0.0000103986  -0.0000736492  -0.0000026902  -0.0000983570   0.0001698451
       -0.0000293229  -0.0003309594  -0.0000104402  -0.0000255431  -0.0001454018
       -0.0003366703   0.0001320436  -0.0002623749   0.0000409166  -0.0000211458
        0.0000550921  -0.0484274129  -0.2482614511  -0.0931088968  -0.0094427915
        0.0051443237   0.0105279641  -0.0026632750  -0.0034047854  -0.0044971286
        0.0002839609   0.0007658736   0.0004820563  -0.0030718439  -0.0035443568
       -0.0041490800  -0.0000068320   0.0000133294   0.0000415881   0.0000173688
        0.0000110517  -0.0000094776   0.0000162097  -0.0000012130  -0.0000092537
        0.0000099590  -0.0000146279  -0.0000140864   0.0000032489  -0.0000132669
       -0.0000063802   0.0000072243  -0.0000337739   0.0000005947   0.0001298824
        0.0000386759   0.0000291952
        0.0010716407   0.0009462279   0.0004248001  -0.0015051498   0.0018972226
       -0.0017955128   0.0330566543   0.0071917027  -0.0195158473   0.0492372776
        0.0049992487  -0.0870769546  -0.2212536262   0.1789489683   0.4049611106
        0.1410045821  -0.0616601594  -0.1993712405  -0.0168929004  -0.0591992254
       -0.0208879662   0.0297396758   0.0068512856  -0.0246678253  -0.0126633100
        0.0268628951   0.0279105717   0.0003009183  -0.0022410675   0.0001035837
       -0.0000839200  -0.0002406635   0.0002940579  -0.0000730522  -0.0000676705
        0.0001238951  -0.0000363950  -0.0000254313   0.0000593047  -0.0000064559
       -0.0001770582  -0.0000214372  -0.0000211207   0.0000253823   0.0000342777
       -0.0000016318   0.0000559386   0.0000031776   0.0000003648   0.0000829135
        0.0000177962   0.0000733161  -0.0000147953  -0.0001642584   0.0002201992
        0.0002224352  -0.0004448270  -0.0000102424  -0.0000385565   0.0002211544
        0.0001229776  -0.0001208184   0.0002582791   0.0002747055   0.0000255061
        0.0003234111  -0.0154042970  -0.0929154848  -0.0779904070   0.0086645313
       -0.0031834958  -0.0084938199   0.0020019778  -0.0041016624   0.0030431064
        0.0002269456   0.0005111552  -0.0002028324   0.0018359218  -0.0044881543
        0.0030581440  -0.0000282458  -0.0000235451   0.0000223080   0.0000199970
        0.0000303473  -0.0000678043   0.0000276851  -0.0000246457  -0.0000656167
        0.0000236215  -0.0000535300  -0.0000538885   0.0000094722  -0.0000574268
       -0.0000020471   0.0000001563  -0.0000863474   0.0000248982   0.0000677268
        0.0000685092  -0.0000615914
        0.0002468919  -0.0004821494   0.0001437952  -0.0008834873   0.0000816301
        0.0010834693   0.0008210130  -0.0046761853   0.0003094563  -0.0399578369
       -0.0117923369   0.0253214777  -0.1607858227   0.0686816181   0.1410045821
        0.4844753947   0.1377123354  -0.2231990466  -0.0878716245  -0.0805899128
       -0.0154804612  -0.0016458616  -0.0244820180  -0.0125349189  -0.0028128892
        0.0113758919   0.0052810076   0.0001514261   0.0008093595  -0.0001170822
        0.0000878557  -0.0001191678  -0.0000635406  -0.0000219749   0.0000154393
       -0.0000190819   0.0000075931   0.0000260355  -0.0000007309  -0.0000293785
        0.0000417227   0.0000248583  -0.0000087427   0.0000184703   0.0000287050
       -0.0000083885   0.0000155590   0.0000099514   0.0000141962   0.0000043926
       -0.0000195913   0.0000248760   0.0000334173   0.0000326382  -0.0001021720
        0.0000334345   0.0001331077   0.0000785076  -0.0000366463   0.0001450844
       -0.0001293660  -0.0000747472   0.0001111169   0.0000753475   0.0000615072
       -0.0000858145   0.0029599172  -0.0014815825  -0.0034003272  -0.1967760041
       -0.1067934987   0.0695364689   0.0025686452   0.0158839578   0.0076304807
       -0.0010541996  -0.0048964994   0.0043808831   0.0005828307   0.0006014784
       -0.0001643753   0.0000152831   0.0000345809  -0.0000382911   0.0000141404
        0.0000078734  -0.0000239920   0.0000094319   0.0000011279  -0.0000088606
        0.0000038160   0.0000008581  -0.0000123814   0.0000016598  -0.0000130976
       -0.0000077016  -0.0000083171  -0.0000029318   0.0000035487  -0.0000427603
        0.0000000838  -0.0000044340
       -0.0000702694   0.0003098481  -0.0001665100  -0.0001353031   0.0001928253
        0.0002035856  -0.0071239680  -0.0016695840   0.0016563970   0.0284508643
        0.0459999369   0.0071033526   0.0151762829  -0.1199325151  -0.0616601594
        0.1377123354   0.5585930757   0.1569731355  -0.0253589748  -0.2749591106
       -0.1179337891  -0.0665232169  -0.0372545383   0.0306150174   0.0152622894
       -0.0342919694  -0.0292224646  -0.0002154506   0.0002067703   0.0000633525
       -0.0000074183   0.0000526232  -0.0000487744   0.0000043172   0.0000095787
       -0.0000056154   0.0000002010   0.0000005738  -0.0000113397   0.0000192000
        0.0000191230   0.0000197466  -0.0000050385   0.0000024808  -0.0000089809
        0.0000023341  -0.0000062471   0.0000044298   0.0000081861   0.0000055533
       -0.0000032425  -0.0000311159   0.0000066626   0.0000320437   0.0000092292
       -0.0000507867   0.0000482999  -0.0000428238  -0.0000201413  -0.0002292521
       -0.0000806124   0.0001953921  -0.0000844417  -0.0000419192  -0.0000201874
        0.0001151252   0.0149747115  -0.0130288043  -0.0207892417  -0.1068496512
       -0.1124677964   0.0410625282  -0.0011449624  -0.0122373160  -0.0065361323
       -0.0044520881   0.0004116293  -0.0008592058   0.0004722807  -0.0000856036
       -0.0003506106  -0.0000099821   0.0000005070   0.0000099871  -0.0000024394
        0.0000013724   0.0000071758  -0.0000032002   0.0000089874   0.0000042603
        0.0000047362   0.0000093310   0.0000057801   0.0000082756   0.0000043419
       -0.0000062038   0.0000084336   0.0000110540  -0.0000065749  -0.0000152431
       -0.0000170668  -0.0000016782
       -0.0006788958  -0.0003650746  -0.0003801674   0.0030696488  -0.0008694679
       -0.0017607832   0.0007848533  -0.0003807686   0.0076420777   0.0476801615
        0.0384859661  -0.0179411784   0.1071675781  -0.1039387016  -0.1993712405
       -0.2231990466   0.1569731355   0.3985071913   0.0181813023  -0.0720888021
       -0.1057965511  -0.0385310365  -0.0033391920   0.0302290311   0.0077805928
       -0.0276547214  -0.0274039460   0.0001716042   0.0002146495   0.0001175043
       -0.0000071150   0.0001594543  -0.0001153467  -0.0000092803   0.0000229247
       -0.0000182425   0.0000197932  -0.0000275216  -0.0000245331  -0.0000054934
        0.0000264958  -0.0000069821   0.0000208721  -0.0000273613  -0.0000159220
       -0.0000012301  -0.0000295141   0.0000107760  -0.0000082566  -0.0000106242
        0.0000302927  -0.0000238926  -0.0000134486   0.0000075730   0.0000135717
       -0.0000892603   0.0000579584   0.0000056553   0.0000081195  -0.0001164056
        0.0000296214   0.0002070783  -0.0000687188  -0.0002295521  -0.0000652979
       -0.0000935704   0.0067318317  -0.0065565145  -0.0098480013   0.0695199675
        0.0409875604  -0.0668290434  -0.0028255428  -0.0205711093  -0.0102854119
        0.0046818434  -0.0005832116   0.0036561731  -0.0003320863  -0.0004141186
       -0.0002943083  -0.0000019531  -0.0000448290   0.0000331652  -0.0000129140
       -0.0000209702   0.0000307709  -0.0000098799   0.0000026538   0.0000266297
       -0.0000136758   0.0000121103   0.0000258792   0.0000020204   0.0000194372
        0.0000111168   0.0000120029   0.0000121342  -0.0000072267   0.0000169303
       -0.0000412102  -0.0000085599
       -0.0001921843  -0.0002275139   0.0000919868   0.0001039145  -0.0001239855
       -0.0007046763   0.0003061755   0.0015809388   0.0022786307  -0.0213335741
       -0.0304114675  -0.0072603346   0.0320623657   0.0137352332  -0.0168929004
       -0.0878716245  -0.0253589748   0.0181813023   0.4780279899   0.1252520794
       -0.2278414247  -0.2229646313  -0.1363148294   0.0647039045  -0.0412442220
        0.0261671886   0.0495867898   0.0001734565   0.0000926714  -0.0001099181
        0.0000184155  -0.0000597091  -0.0000347075  -0.0000083911   0.0000243087
       -0.0000226203  -0.0000048709   0.0000246414   0.0000095106  -0.0000147341
        0.0000188442   0.0000164614   0.0000076051   0.0000023363  -0.0000025084
       -0.0000049490   0.0000026410   0.0000119816   0.0000105689   0.0000022608
        0.0000009070  -0.0000024302   0.0000309265   0.0000260023  -0.0000126394
       -0.0000503516   0.0000375934   0.0000405355  -0.0000025905   0.0000813087
       -0.0000634527  -0.0000796904   0.0001178615   0.0001068867   0.0000550483
       -0.0000787256   0.0012518908   0.0000762358   0.0060947144  -0.0063676639
       -0.0226517350  -0.0078817501  -0.1277866497   0.0537178776   0.1120619001
       -0.0054984101  -0.0054526780   0.0020446084   0.0012548104  -0.0001280542
        0.0055367905   0.0000264245   0.0000435561  -0.0000546583  -0.0000036018
        0.0000058096  -0.0000033101  -0.0000054288   0.0000115445   0.0000031633
       -0.0000038128   0.0000081986   0.0000006045   0.0000039367   0.0000046208
       -0.0000011589   0.0000046728   0.0000127756  -0.0000017363  -0.0000163785
       -0.0000081574   0.0000044078
        0.0000911078  -0.0001161242   0.0001395433  -0.0005323683   0.0001314181
        0.0003460300   0.0023103342   0.0004707107  -0.0020872321  -0.0313832305
       -0.0438019514   0.0021191063   0.0549697658  -0.0218602601  -0.0591992254
       -0.0805899128  -0.2749591106  -0.0720888021   0.1252520794   0.5533688946
        0.1648749485  -0.0800922880  -0.1508231140   0.0050336945  -0.0159888139
        0.0464254004   0.0391180441   0.0000264807   0.0000838083  -0.0000185877
        0.0000126166  -0.0000745869   0.0000134866   0.0000099873   0.0000000076
       -0.0000208515   0.0000004331   0.0000165895   0.0000094413  -0.0000084751
        0.0000124677   0.0000012159  -0.0000041230  -0.0000022959  -0.0000032312
       -0.0000033434  -0.0000018953  -0.0000081878   0.0000113059  -0.0000031831
       -0.0000210697  -0.0000146228   0.0000152342   0.0000834303  -0.0000360997
        0.0000072847   0.0000332681  -0.0000071635   0.0000506835   0.0001448919
        0.0000412930  -0.0001752591   0.0000813408   0.0001171432   0.0000414033
       -0.0000375424  -0.0001387974   0.0017331377  -0.0035180701  -0.0057453356
       -0.0163859328  -0.0057403181   0.0536454078  -0.0784846675  -0.0727019486
       -0.0223746628  -0.0172445379   0.0076776186   0.0004502551   0.0014837164
       -0.0041308440   0.0000210226   0.0000301504  -0.0000296267   0.0000076100
        0.0000041294  -0.0000073955   0.0000016921   0.0000054145  -0.0000023555
       -0.0000007710  -0.0000007240  -0.0000069075  -0.0000048697  -0.0000009089
       -0.0000092489  -0.0000059397   0.0000164011  -0.0000087050  -0.0000377174
        0.0000376999  -0.0000359105
        0.0002805882   0.0000998793  -0.0000152959  -0.0005341328   0.0002042769
        0.0008400286   0.0011716678  -0.0007829855  -0.0035437386  -0.0065028542
        0.0023558669   0.0014432927   0.0081812259  -0.0257356023  -0.0208879662
       -0.0154804612  -0.1179337891  -0.1057965511  -0.2278414247   0.1648749485
        0.4013877932   0.0978400506   0.0501992970  -0.0975310439   0.0253827436
        0.0053235426  -0.0160019634  -0.0001402051  -0.0000394221   0.0000892716
       -0.0000059698  -0.0000004972   0.0000489990   0.0000119146  -0.0000184550
        0.0000094187   0.0000099449  -0.0000077177   0.0000006631   0.0000050839
       -0.0000087368  -0.0000171018   0.0000006602  -0.0000029819   0.0000037585
        0.0000007507  -0.0000016839  -0.0000173366   0.0000045221  -0.0000003128
       -0.0000138995   0.0000038689  -0.0000207461   0.0000376452  -0.0000063068
        0.0000532935  -0.0000115301  -0.0000314180   0.0000160350   0.0000290907
        0.0001066375  -0.0000481315  -0.0000452020  -0.0000359721  -0.0000191031
        0.0000563689   0.0056099214  -0.0040576998   0.0008944569   0.0024466364
        0.0083055363   0.0038148870   0.1120190996  -0.0726171696  -0.1694488980
       -0.0083257202  -0.0063511172   0.0037112530   0.0058638953  -0.0037887103
        0.0010079707  -0.0000113207  -0.0000195018   0.0000233491   0.0000040270
       -0.0000006714  -0.0000017418   0.0000000938  -0.0000013956  -0.0000089752
       -0.0000012256  -0.0000030049  -0.0000087785  -0.0000023350  -0.0000025550
       -0.0000058330  -0.0000046403  -0.0000025687  -0.0000058755  -0.0000193460
        0.0000318831  -0.0000365157
        0.0002180359   0.0000189048  -0.0001009580  -0.0003050394  -0.0005128422
        0.0000654591   0.0019333447  -0.0041800313   0.0005589695   0.0315886121
        0.0546356015   0.0072158294  -0.0407729177  -0.0007351368   0.0297396758
       -0.0016458616  -0.0665232169  -0.0385310365  -0.2229646313  -0.0800922880
        0.0978400506   0.4752686574   0.1335126328  -0.2172323436  -0.1618321221
        0.0157606758   0.1076056220   0.0001957204   0.0002264977  -0.0001170203
        0.0000677487  -0.0001014846  -0.0000202601  -0.0000260112  -0.0000251614
       -0.0000180866  -0.0000013656  -0.0000006917   0.0000219929  -0.0000044509
       -0.0000048307  -0.0000029257  -0.0000156730   0.0000139076   0.0000287308
       -0.0000025451   0.0000144950   0.0000149722  -0.0000074259   0.0000048825
        0.0000056411   0.0000236985  -0.0000196516  -0.0000599944  -0.0000339056
        0.0000600385  -0.0000146724   0.0000190781  -0.0000075428  -0.0000762932
       -0.0000471648   0.0002262587  -0.0000398713  -0.0000216345  -0.0000483989
        0.0001151869  -0.0005416082   0.0002008493   0.0000960564   0.0030603156
       -0.0027453683   0.0021379291  -0.0161299235  -0.0087404645   0.0083204292
       -0.0511960229  -0.0485702807  -0.0154370867  -0.0168764996   0.0076764995
        0.0179038279  -0.0000067532  -0.0000104205  -0.0000045302   0.0000166430
        0.0000103844  -0.0000167233   0.0000188324  -0.0000034709  -0.0000098268
        0.0000065220  -0.0000067123  -0.0000095935  -0.0000018103  -0.0000124297
        0.0000061855  -0.0000105312  -0.0000149917   0.0000090380   0.0000266888
       -0.0000062125   0.0000056263
       -0.0004331265  -0.0005229375   0.0002785081   0.0001041091  -0.0001522636
       -0.0004314878  -0.0029531943  -0.0033050958  -0.0029290321   0.0166905976
       -0.0200455312  -0.0246086376  -0.0033294690   0.0013156760   0.0068512856
       -0.0244820180  -0.0372545383  -0.0033391920  -0.1363148294  -0.1508231140
        0.0501992970   0.1335126328   0.5710215891   0.1638212358   0.0693445606
       -0.1197657368  -0.1034059141   0.0002205450   0.0006243221  -0.0000741660
        0.0000382813  -0.0000302977  -0.0000946741  -0.0000118607   0.0000330011
       -0.0000604612  -0.0000032603   0.0000121832   0.0000041811  -0.0000075000
        0.0000272106  -0.0000271494  -0.0000023428  -0.0000069053  -0.0000017384
        0.0000113593  -0.0000109761  -0.0000157324   0.0000084072  -0.0000169867
       -0.0000090728  -0.0000115568  -0.0000214016   0.0000628454  -0.0000509245
        0.0000224999   0.0000869661  -0.0000189912   0.0000917998   0.0000889374
        0.0002296212  -0.0001744024   0.0000654140  -0.0000212970  -0.0000765720
       -0.0001625923   0.0002554350   0.0007485175   0.0004029410  -0.0031914168
       -0.0035105480  -0.0043219362   0.0084799355   0.0052365018  -0.0036577427
       -0.0484978517  -0.2484798609  -0.0895757547  -0.0095936047   0.0050544201
        0.0109073343   0.0000367705  -0.0000327408  -0.0000475985  -0.0000011087
       -0.0000091574  -0.0000023924  -0.0000029582   0.0000038108   0.0000109025
       -0.0000069716   0.0000053272   0.0000051573   0.0000007332   0.0000095946
        0.0000026074   0.0000035465   0.0000147614  -0.0000029060  -0.0000022526
        0.0000178514  -0.0000194323
       -0.0008296377   0.0000118581  -0.0002528982   0.0020584107  -0.0012473635
       -0.0020442613   0.0015148111  -0.0013855960   0.0083280337  -0.0180431556
       -0.0571451642  -0.0234788882   0.0271829280   0.0044725546  -0.0246678253
       -0.0125349189   0.0306150174   0.0302290311   0.0647039045   0.0050336945
       -0.0975310439  -0.2172323436   0.1638212358   0.3948496373   0.1390442816
       -0.0584034302  -0.1948181520   0.0003735933   0.0005879584  -0.0000378601
        0.0000490140   0.0000443644  -0.0001461173  -0.0000164045   0.0000525867
       -0.0000555610   0.0000186311   0.0000222079  -0.0000216744  -0.0000186134
        0.0000488534  -0.0000033020   0.0000148928  -0.0000154888  -0.0000160572
        0.0000046865  -0.0000231630  -0.0000120553   0.0000083323  -0.0000166109
       -0.0000135635  -0.0000110945   0.0000012753   0.0000944970  -0.0000488367
       -0.0000807686   0.0001234940  -0.0000677153   0.0000708211   0.0000921269
       -0.0000021619  -0.0003098542   0.0001133133   0.0000166064   0.0000449108
       -0.0001525661   0.0004300825   0.0004156254  -0.0000054949   0.0019280580
       -0.0046152842   0.0033400099   0.0184852607   0.0104452461  -0.0091418206
       -0.0153135868  -0.0894303804  -0.0763483271   0.0082906851  -0.0030752009
       -0.0084179701   0.0000480679   0.0000069556  -0.0000240111   0.0000008244
       -0.0000155170   0.0000223099  -0.0000025422   0.0000104512   0.0000296493
       -0.0000115823   0.0000168017   0.0000152788  -0.0000020357   0.0000181792
       -0.0000053580  -0.0000014790   0.0000234568  -0.0000183949  -0.0000369630
       -0.0000002327  -0.0000241787
       -0.0003353789   0.0005769554  -0.0005097979   0.0003374718   0.0012253072
        0.0015715023   0.0042586410   0.0198153200   0.0100248489  -0.0854441407
       -0.0752473984  -0.0146717084  -0.0004263058  -0.0234219980  -0.0126633100
       -0.0028128892   0.0152622894   0.0077805928  -0.0412442220  -0.0159888139
        0.0253827436  -0.1618321221   0.0693445606   0.1390442816   0.4816608389
        0.1265639131  -0.2340795138  -0.0008458793  -0.0016082104   0.0000376799
       -0.0002901549   0.0004252567   0.0003647840   0.0001289442  -0.0000777578
        0.0000857698   0.0000187295  -0.0000437817  -0.0000233540   0.0000618492
       -0.0000312766  -0.0000297542   0.0000373544  -0.0000387379  -0.0000620566
       -0.0000104942  -0.0000414408  -0.0000092441  -0.0000179491  -0.0000349454
        0.0000364204  -0.0000302976  -0.0000079099   0.0000167268   0.0000824941
       -0.0001611533  -0.0000671394   0.0000433518  -0.0000612044   0.0000983777
       -0.0002142838   0.0003296055   0.0000037986  -0.0000704660   0.0000383771
       -0.0000135522  -0.0011484428  -0.0047004042   0.0043495175   0.0005230677
        0.0006037674  -0.0002703170  -0.0011213817  -0.0041690531   0.0043339590
        0.0031645930  -0.0016083873  -0.0028873342  -0.1941737354  -0.1069895590
        0.0718273345  -0.0000783569   0.0000283574   0.0000954318  -0.0000732933
       -0.0000243666   0.0001150020  -0.0000608436   0.0000130731   0.0000370447
       -0.0000300630   0.0000280224   0.0000402022  -0.0000123300   0.0000474223
        0.0000102401   0.0000113581   0.0000469237  -0.0000121630  -0.0000556636
       -0.0000927529   0.0000429865
        0.0005650838  -0.0003400045   0.0002098517  -0.0048912465   0.0015332608
        0.0027087157   0.0089257870  -0.0227788764  -0.0294853385  -0.0297003726
       -0.2519673106  -0.0943336922  -0.0561281858  -0.0324423108   0.0268628951
        0.0113758919  -0.0342919694  -0.0276547214   0.0261671886   0.0464254004
        0.0053235426   0.0157606758  -0.1197657368  -0.0584034302   0.1265639131
        0.5386122734   0.1552297038   0.0000461408   0.0005469469  -0.0000950063
        0.0000559367  -0.0001723087   0.0001381126  -0.0000434515  -0.0000654450
        0.0000529121   0.0000021721  -0.0000395323  -0.0000056762  -0.0000006409
       -0.0000051598   0.0000087241  -0.0000317801   0.0000038415   0.0000413859
        0.0000033750   0.0000305304   0.0000035860  -0.0000165716   0.0000553052
        0.0000403543   0.0000492342  -0.0000424056  -0.0000929181  -0.0001269430
        0.0003414282   0.0000526483  -0.0000110990  -0.0001739620   0.0000210340
        0.0010608862  -0.0002476191   0.0002294789  -0.0004131722   0.0000067383
        0.0002047031  -0.0041510587   0.0002623137  -0.0010173877   0.0004825253
        0.0000271366  -0.0004477915  -0.0045988918   0.0003277303  -0.0003965963
        0.0151423005  -0.0134940807  -0.0209653196  -0.1061910869  -0.1121017594
        0.0418323652  -0.0000563984  -0.0000893823   0.0001481702   0.0000357188
        0.0000188221  -0.0000677147   0.0000385816  -0.0000302886  -0.0000502828
        0.0000243827  -0.0000310478  -0.0000343668   0.0000092983  -0.0000476452
       -0.0000059857  -0.0000074905  -0.0000668553   0.0000124234   0.0000592971
        0.0000019728  -0.0000643790
        0.0002157962  -0.0003287719   0.0008795760  -0.0077837810  -0.0004768656
       -0.0003098620   0.0124771538  -0.0333804940  -0.0265384716   0.0104607942
       -0.0582821041  -0.0890839027  -0.0326857612  -0.0021615595   0.0279105717
        0.0052810076  -0.0292224646  -0.0274039460   0.0495867898   0.0391180441
       -0.0160019634   0.1076056220  -0.1034059141  -0.1948181520  -0.2340795138
        0.1552297038   0.3958774484   0.0010647021   0.0013944237  -0.0005158714
        0.0002199291  -0.0002482976   0.0000163602  -0.0001012502  -0.0000098350
       -0.0000596569  -0.0000100935   0.0000255244   0.0000101532  -0.0000453817
        0.0000463700  -0.0000329464  -0.0000335398   0.0000207803   0.0000615578
        0.0000075129   0.0000326320  -0.0000027874  -0.0000091909   0.0000469756
        0.0000144882   0.0000667389  -0.0000507709  -0.0000266213  -0.0002260248
        0.0003279971   0.0001420162  -0.0000462188   0.0000726872   0.0001760819
        0.0002245386  -0.0001663505   0.0004039925   0.0000989741  -0.0000359668
       -0.0001221557   0.0043498047  -0.0005445345   0.0030291543  -0.0002917677
       -0.0004119281  -0.0002439993   0.0043811786  -0.0008618561   0.0035747388
        0.0074706949  -0.0074599116  -0.0097564924   0.0717009996   0.0409686294
       -0.0669930398  -0.0000245048  -0.0001042064   0.0000240489   0.0000352672
        0.0000077005  -0.0000783731   0.0000467642  -0.0000238274  -0.0000311531
        0.0000089677  -0.0000157449  -0.0000320519   0.0000015004  -0.0000351094
       -0.0000094798  -0.0000124309  -0.0000513635   0.0000013892   0.0000447226
       -0.0000135913  -0.0000606510
        0.0069322996  -0.0021797914  -0.0087492026  -0.0764593729   0.0163850489
        0.0518099359  -0.0319046160   0.0141786384   0.0309811984  -0.0016949440
        0.0047090725  -0.0000398893  -0.0001772951   0.0002344574   0.0003009183
        0.0001514261  -0.0002154506   0.0001716042   0.0001734565   0.0000264807
       -0.0001402051   0.0001957204   0.0002205450   0.0003735933  -0.0008458793
        0.0000461408   0.0010647021   0.2501433335   0.0043797765  -0.1932184366
       -0.0802633480  -0.0723732562   0.0714697556  -0.0132244918  -0.0029062642
        0.0239727964  -0.0020546773  -0.0070900321  -0.0019774810  -0.0021450883
        0.0157201716   0.0040158372   0.0033197719  -0.0003239523   0.0050508017
        0.0002117827   0.0002297265  -0.0006599212   0.0033682744  -0.0010392410
        0.0042787672   0.0016542168  -0.0096691397  -0.0026623085  -0.0592027531
        0.0366166456   0.0163180731   0.0004200889  -0.0003034744  -0.0005066006
       -0.0015926789   0.0000864677  -0.0031744772   0.0000826250   0.0001861463
       -0.0001251630   0.0000073595   0.0001134065  -0.0001103472  -0.0000737668
        0.0000005369   0.0000496776  -0.0000772467   0.0000695001  -0.0000113711
       -0.0000782711   0.0001439177   0.0001217699  -0.0000769915   0.0001077203
       -0.0001003361   0.0021640646   0.0021987151  -0.0019058351   0.0032447736
        0.0009574312   0.0051339501   0.0003205834  -0.0001016950  -0.0001748913
       -0.0003872704   0.0006679715   0.0001495734  -0.0010996041  -0.0000562456
       -0.0006731360   0.0002486947  -0.0005879054   0.0000834997  -0.0012801760
       -0.0004320694  -0.0011168523
        0.0018458072   0.0061894930  -0.0035163740   0.0137422505  -0.0712353558
       -0.0356402711   0.0099580961  -0.0136335680  -0.0101557091   0.0053623510
        0.0132570827  -0.0017555580   0.0018179217  -0.0013298598  -0.0022410675
        0.0008093595   0.0002067703   0.0002146495   0.0000926714   0.0000838083
       -0.0000394221   0.0002264977   0.0006243221   0.0005879584  -0.0016082104
        0.0005469469   0.0013944237   0.0043797765   0.6071573857  -0.0465489435
       -0.0424944591  -0.2253669318   0.0971984335  -0.0274928989   0.0440811410
        0.0492506563  -0.0040587619  -0.0503367164   0.0102648740   0.0266392275
        0.0060360767  -0.0490568634  -0.0000348301  -0.0131990926   0.0009121343
        0.0091081790   0.0026478380  -0.0155517412  -0.0101876444   0.0162543693
        0.0172700330  -0.0055487379  -0.0645096225   0.0131300236   0.0259006133
       -0.2350659599  -0.0416693381  -0.0003442206   0.0003645702   0.0002043501
        0.0000040952   0.0013079500   0.0002508183   0.0004668580   0.0001223923
        0.0011367902  -0.0000087814  -0.0000221108  -0.0001560504   0.0001680068
       -0.0000430481  -0.0001836717  -0.0000423190   0.0000287816  -0.0001009188
       -0.0001100250   0.0000858306   0.0001698927  -0.0002034104   0.0000539110
        0.0000025892  -0.0094418413  -0.0250430495   0.0173666405   0.0007529874
        0.0008355666  -0.0014689781  -0.0001760745  -0.0003934257   0.0002472098
       -0.0000267896  -0.0004244061   0.0001790162  -0.0000102357   0.0002254698
       -0.0000810214  -0.0000099814  -0.0008789380  -0.0002938356   0.0005245230
        0.0013723789  -0.0013207293
        0.0027957064  -0.0053109078  -0.0301073525   0.0495024326  -0.0349486182
       -0.1720240883   0.0228151386  -0.0074965586  -0.0032997761  -0.0019221582
       -0.0014284024   0.0011338724  -0.0000780213   0.0002694416   0.0001035837
       -0.0001170822   0.0000633525   0.0001175043  -0.0001099181  -0.0000185877
        0.0000892716  -0.0001170203  -0.0000741660  -0.0000378601   0.0000376799
       -0.0000950063  -0.0005158714  -0.1932184366  -0.0465489435   0.5261938184
        0.0708361506   0.1494762605  -0.1826248982   0.0256742081   0.0018573679
       -0.0483841400  -0.0025404545   0.0166190739  -0.0002436614   0.0029693117
       -0.0301630559  -0.0035685217   0.0052476128   0.0016854784  -0.0032731572
       -0.0011751336  -0.0002728570   0.0021322153   0.0047706246   0.0009716036
       -0.0022311526  -0.0018753291   0.0194840983   0.0037018676   0.0157606033
       -0.0609187419  -0.0820564656   0.0005924484   0.0002200607  -0.0000600494
       -0.0022178602  -0.0003769269  -0.0039926742   0.0000249564  -0.0003346325
       -0.0005948672   0.0000167801  -0.0000351070   0.0000178507  -0.0000183666
        0.0000099311   0.0000277135   0.0000022065  -0.0000150973  -0.0000006924
        0.0000254832  -0.0000441874  -0.0000019820   0.0000345413  -0.0001209985
       -0.0000330945  -0.0011027086  -0.0018275649   0.0033227564   0.0050743281
       -0.0012470162  -0.0032174344  -0.0001589705   0.0002453624   0.0004725072
        0.0002643684  -0.0013553916  -0.0006370206  -0.0006406715  -0.0000079912
       -0.0003317514  -0.0000417490   0.0009366965   0.0000824071  -0.0011107007
        0.0008020315  -0.0001588569
       -0.0006225763  -0.0001985590   0.0000347789  -0.0050488141  -0.0084991730
        0.0137879422  -0.0006140825  -0.0006402091   0.0006447441   0.0004257461
        0.0014319090  -0.0003144478   0.0001392656  -0.0000304816  -0.0000839200
        0.0000878557  -0.0000074183  -0.0000071150   0.0000184155   0.0000126166
       -0.0000059698   0.0000677487   0.0000382813   0.0000490140  -0.0002901549
        0.0000559367   0.0002199291  -0.0802633480  -0.0424944591   0.0708361506
        0.2304826664  -0.0105521902  -0.2198712237  -0.1029891066   0.0064605141
        0.0997996490  -0.0034318959   0.0427527808   0.0052874730  -0.0120184232
       -0.0147155558   0.0128068014   0.0002649639   0.0087996982  -0.0013194426
       -0.0038208217  -0.0021640254   0.0073969038   0.0035746146  -0.0065710983
       -0.0055893623   0.0059973570   0.0115875130  -0.0011560498   0.0072771938
       -0.0269237952  -0.0080148941   0.0000382491  -0.0000414133  -0.0000683745
        0.0003695398   0.0000503246   0.0001941347  -0.0000123320   0.0000644650
        0.0002216696   0.0000069802   0.0000251371  -0.0000189158  -0.0000164385
       -0.0000022310   0.0000161464  -0.0000164486   0.0000151033   0.0000110918
       -0.0000220194   0.0000523836   0.0000469270  -0.0000391896   0.0000016522
       -0.0000015909  -0.0418183371   0.0388204454   0.0122396169  -0.0040609686
        0.0012857145   0.0097398689   0.0070938329   0.0012446230   0.0036757163
       -0.0001144832  -0.0000272014  -0.0001853281   0.0000255384  -0.0000085495
        0.0000601448  -0.0005579471   0.0000482361  -0.0004086594  -0.0001125806
        0.0001290255  -0.0000234088
       -0.0001113004  -0.0005686804  -0.0020755840  -0.0027267224   0.0074688294
        0.0039294595   0.0031826019  -0.0015098057  -0.0016691542  -0.0005017337
       -0.0004000662   0.0003617657   0.0001175890  -0.0000406271  -0.0002406635
       -0.0001191678   0.0000526232   0.0001594543  -0.0000597091  -0.0000745869
       -0.0000004972  -0.0001014846  -0.0000302977   0.0000443644   0.0004252567
       -0.0001723087  -0.0002482976  -0.0723732562  -0.2253669318   0.1494762605
       -0.0105521902   0.6718593235  -0.0257951299   0.0434973573  -0.1039365958
       -0.0761600995   0.0165702692  -0.0049542377  -0.0292236797  -0.0049436820
       -0.0022221308   0.0088806767   0.0001132508   0.0024323799  -0.0002923039
       -0.0021455085  -0.0004144843   0.0037162961   0.0016363042  -0.0050823688
       -0.0028518737   0.0025548845   0.0020206337  -0.0043721543  -0.0054570102
       -0.0559566170   0.0127335714   0.0000989466  -0.0002315647   0.0001381973
       -0.0000142001  -0.0000717896  -0.0004079143  -0.0000940468   0.0001430032
       -0.0003115508  -0.0000331759   0.0000109526   0.0000498814   0.0000495828
        0.0000172856  -0.0000284679   0.0000227478  -0.0000204196  -0.0000424156
        0.0000175556  -0.0000721187  -0.0000723278  -0.0000257051  -0.0001195155
       -0.0001581228   0.0391325426  -0.2816164655  -0.0515603023  -0.0099659356
        0.0038843202   0.0178120338   0.0016523985  -0.0052780924  -0.0016068348
       -0.0000973161   0.0002823092   0.0001383659  -0.0000046008   0.0001558079
       -0.0000012948   0.0000749192  -0.0003494018  -0.0000871152   0.0001805390
        0.0001616381  -0.0002345434
        0.0006468913  -0.0016130805  -0.0007753126   0.0166639829   0.0134047994
       -0.0280200473  -0.0019693042   0.0036252804  -0.0003021337   0.0001963643
       -0.0024465212  -0.0006093863  -0.0004088145   0.0000356943   0.0002940579
       -0.0000635406  -0.0000487744  -0.0001153467  -0.0000347075   0.0000134866
        0.0000489990  -0.0000202601  -0.0000946741  -0.0001461173   0.0003647840
        0.0001381126   0.0000163602   0.0714697556   0.0971984335  -0.1826248982
       -0.2198712237  -0.0257951299   0.5179109926   0.0974099402  -0.0073357822
       -0.2240531452   0.0070044058  -0.0769800752  -0.0063154506   0.0118434650
        0.0257860776  -0.0293004841  -0.0007426717  -0.0159496769   0.0021099175
        0.0076832211   0.0038022113  -0.0129528183  -0.0059426175   0.0118434412
        0.0102641217  -0.0010172718  -0.0204640141   0.0078657703  -0.0084004680
        0.0509673698   0.0158730830   0.0001192436   0.0000222768   0.0000919228
       -0.0004362095  -0.0001726597  -0.0004383864   0.0000221438  -0.0000419925
       -0.0002184989   0.0000094984  -0.0000482450   0.0000290093  -0.0000022636
       -0.0000070509   0.0000085720   0.0000164265  -0.0000101275   0.0000201670
        0.0000218946  -0.0000190392  -0.0000593091   0.0000354541   0.0000435457
       -0.0000069005   0.0119336569  -0.0519765810  -0.0532085798   0.0104778655
       -0.0026089460  -0.0179041489   0.0036543630  -0.0009874173   0.0028497514
       -0.0001982720   0.0000014569   0.0001066743   0.0000226968   0.0000217317
       -0.0000726975  -0.0004376831  -0.0000684676  -0.0001171821  -0.0000507456
       -0.0002356626  -0.0002485556
       -0.0005640021   0.0004654410   0.0016445921   0.0068632158  -0.0014175430
        0.0042090346   0.0006595851  -0.0001396903  -0.0016255520   0.0000980200
       -0.0003307206   0.0000540899   0.0000261710  -0.0000243598  -0.0000730522
       -0.0000219749   0.0000043172  -0.0000092803  -0.0000083911   0.0000099873
        0.0000119146  -0.0000260112  -0.0000118607  -0.0000164045   0.0001289442
       -0.0000434515  -0.0001012502  -0.0132244918  -0.0274928989   0.0256742081
       -0.1029891066   0.0434973573   0.0974099402   0.2325675139  -0.0170444886
       -0.2155700269  -0.0631238910   0.0295705034   0.0325248779   0.0091696989
        0.0064309446  -0.0150404826   0.0035215119  -0.0099239028   0.0047858468
        0.0036822966   0.0017790189  -0.0059328633  -0.0021451580   0.0046836648
        0.0044209994  -0.0012320820  -0.0068253783   0.0022120118  -0.0072342420
        0.0167195081   0.0028050945  -0.0001518470   0.0000263973  -0.0000641415
        0.0002757396   0.0000765127   0.0003806334  -0.0000121217   0.0000168187
        0.0000780721   0.0000129437  -0.0000036635   0.0000213373   0.0000116771
        0.0000004277  -0.0000092457   0.0000073856  -0.0000133933  -0.0000041120
       -0.0000003785  -0.0000180005  -0.0000208618  -0.0000175872   0.0000020290
        0.0000205155  -0.0017953430   0.0023052805   0.0048981676  -0.0609194500
       -0.0566722544   0.0529457313  -0.0025873902   0.0145139721   0.0048807049
       -0.0001623363  -0.0000531709   0.0000626289  -0.0006868782  -0.0001218628
       -0.0003680842   0.0000025457   0.0000648360   0.0000000790  -0.0001245663
       -0.0000303767  -0.0002051227
        0.0001782224   0.0004635495   0.0000928354  -0.0010753233  -0.0025037968
        0.0032389588  -0.0002034058  -0.0003833306  -0.0003716220  -0.0000688131
        0.0004439744   0.0002483879   0.0000723050  -0.0000107334  -0.0000676705
        0.0000154393   0.0000095787   0.0000229247   0.0000243087   0.0000000076
       -0.0000184550  -0.0000251614   0.0000330011   0.0000525867  -0.0000777578
       -0.0000654450  -0.0000098350  -0.0029062642   0.0440811410   0.0018573679
        0.0064605141  -0.1039365958  -0.0073357822  -0.0170444886   0.6995754134
       -0.0177471625   0.0643865277  -0.3583214069  -0.0891269959  -0.0160445983
       -0.0701782638   0.0344795856  -0.0008192190   0.0161893649   0.0009352027
       -0.0067931225  -0.0052018765   0.0119546196   0.0047985918  -0.0078077514
       -0.0080846132   0.0016539829   0.0101197761  -0.0033737435   0.0078521989
       -0.0267083316  -0.0136554709  -0.0000293506   0.0000239165   0.0000100843
        0.0000643024   0.0000037846  -0.0000258720   0.0000361775  -0.0000096586
        0.0001253226   0.0000126033   0.0000022104   0.0000020459   0.0000176127
       -0.0000071853  -0.0000068188   0.0000017159  -0.0000019355  -0.0000105714
       -0.0000143013  -0.0000022415  -0.0000112949  -0.0000248098   0.0000177079
        0.0000381316   0.0137375440  -0.0098666637  -0.0243815716  -0.0566812805
       -0.1770248858   0.1149529760   0.0024788699  -0.0094500765  -0.0039912160
       -0.0000459789   0.0003754026   0.0000901994  -0.0001237477  -0.0001669936
        0.0002382779   0.0000817513   0.0000909336  -0.0000274478   0.0001049548
        0.0002174100  -0.0000933638
       -0.0005605337  -0.0000186875   0.0000906712   0.0039143021   0.0035815592
        0.0018273682   0.0013486653  -0.0003999836  -0.0008224438   0.0000368789
       -0.0008303820  -0.0002085273  -0.0001137188   0.0000567642   0.0001238951
       -0.0000190819  -0.0000056154  -0.0000182425  -0.0000226203  -0.0000208515
        0.0000094187  -0.0000180866  -0.0000604612  -0.0000555610   0.0000857698
        0.0000529121  -0.0000596569   0.0239727964   0.0492506563  -0.0483841400
        0.0997996490  -0.0761600995  -0.2240531452  -0.2155700269  -0.0177471625
        0.5065248231   0.0302039454  -0.0259133576  -0.0945320790  -0.0133622879
       -0.0065876042   0.0260131335   0.0042045282   0.0173736615  -0.0027177389
       -0.0057733524  -0.0028258850   0.0103817891   0.0044262725  -0.0080846849
       -0.0070571544   0.0018563154   0.0118126976  -0.0040077307   0.0024510692
       -0.0291253070  -0.0090116703   0.0000982900  -0.0000321586   0.0000166325
        0.0000629877  -0.0000773286   0.0002420006  -0.0000090282  -0.0000741790
       -0.0001406228  -0.0000279262  -0.0000239555   0.0000098738  -0.0000133246
       -0.0000034984   0.0000068386   0.0000006669  -0.0000043942   0.0000094410
        0.0000168696  -0.0000036323  -0.0000086661   0.0000210893  -0.0000367763
       -0.0000169880   0.0045161015  -0.0036352420  -0.0061825110   0.0530872708
        0.1146449338  -0.1399505381   0.0057430390  -0.0252175886  -0.0076927774
        0.0000783660   0.0000767754  -0.0002473096  -0.0003027749   0.0001997872
       -0.0002754934   0.0000451677  -0.0001300559   0.0000294310  -0.0001772784
       -0.0000308561   0.0001576800
       -0.0000442670   0.0000502498  -0.0000391996  -0.0004952407   0.0000951702
        0.0003724229   0.0002571197  -0.0001340197  -0.0000180170   0.0000146017
        0.0000347602  -0.0000100189   0.0000130169   0.0000023187  -0.0000363950
        0.0000075931   0.0000002010   0.0000197932  -0.0000048709   0.0000004331
        0.0000099449  -0.0000013656  -0.0000032603   0.0000186311   0.0000187295
        0.0000021721  -0.0000100935  -0.0020546773  -0.0040587619  -0.0025404545
       -0.0034318959   0.0165702692   0.0070044058  -0.0631238910   0.0643865277
        0.0302039454   0.2413958550  -0.0397229654  -0.2246129096  -0.0824079564
       -0.0545138115   0.0580765820   0.0018351391  -0.0055715852  -0.0017915361
        0.0062412367   0.0025283381  -0.0005635752  -0.0011919431   0.0014815521
        0.0018213281   0.0031259863  -0.0006955379   0.0055255727  -0.0083936716
       -0.0043223412   0.0175205267  -0.0000506753  -0.0000064656   0.0000127229
        0.0000352995   0.0000047450  -0.0000504488  -0.0000328268   0.0000016614
       -0.0000076209   0.0000084475   0.0000024329   0.0000079353   0.0000082987
        0.0000038879   0.0000039291   0.0000028230   0.0000033889   0.0000037319
       -0.0000001798  -0.0000017100  -0.0000068027  -0.0000005213  -0.0000173293
       -0.0000198019   0.0033444657   0.0011751867   0.0049676011   0.0017997437
       -0.0089774677  -0.0013353577  -0.0944119190   0.0306732719   0.1072583482
       -0.0012193089   0.0010024010  -0.0013358448   0.0002160444   0.0003653989
       -0.0000543222  -0.0010900358   0.0000964569  -0.0007086932  -0.0003691540
       -0.0004555683   0.0003136702
       -0.0000064459   0.0000562827   0.0002255742   0.0001985283  -0.0006366032
       -0.0004129065  -0.0002607155   0.0002417811   0.0000669964  -0.0000160277
        0.0001006134   0.0000072884   0.0000061575  -0.0000314795  -0.0000254313
        0.0000260355   0.0000005738  -0.0000275216   0.0000246414   0.0000165895
       -0.0000077177  -0.0000006917   0.0000121832   0.0000222079  -0.0000437817
       -0.0000395323   0.0000255244  -0.0070900321  -0.0503367164   0.0166190739
        0.0427527808  -0.0049542377  -0.0769800752   0.0295705034  -0.3583214069
       -0.0259133576  -0.0397229654   0.6832014714   0.0285939560  -0.0387174604
       -0.1606277370   0.0744031424  -0.0099687309  -0.0662260549   0.0217261986
        0.0120597478   0.0022895567  -0.0207203547  -0.0070124869   0.0101037536
        0.0119118792  -0.0006884300  -0.0124618423   0.0021070279  -0.0146884204
        0.0418892252   0.0249244250  -0.0000840443   0.0000523986  -0.0000632962
       -0.0000147316   0.0000803499   0.0000329384   0.0000865640   0.0000275559
        0.0000645583   0.0000131367   0.0000115200  -0.0000045504   0.0000056428
        0.0000075173  -0.0000086046   0.0000089171   0.0000099603  -0.0000011008
        0.0000120644   0.0000107391  -0.0000010634   0.0000195838   0.0000586376
        0.0000291325   0.0006791676   0.0006116811  -0.0013630130   0.0025038743
       -0.0252136817  -0.0027740166   0.0315229990  -0.0600558874  -0.0539773467
       -0.0008939278   0.0008826760   0.0013937533  -0.0004753428  -0.0010943829
        0.0007364510  -0.0000992565   0.0001775380  -0.0000446943   0.0002931473
        0.0001569581  -0.0005650769
        0.0001159706  -0.0000606986   0.0000680193   0.0004186532  -0.0001777740
       -0.0007401330  -0.0003991010   0.0002929948   0.0001570716  -0.0000181039
       -0.0000909973  -0.0000292012  -0.0000215986   0.0000065919   0.0000593047
       -0.0000007309  -0.0000113397  -0.0000245331   0.0000095106   0.0000094413
        0.0000006631   0.0000219929   0.0000041811  -0.0000216744  -0.0000233540
       -0.0000056762   0.0000101532  -0.0019774810   0.0102648740  -0.0002436614
        0.0052874730  -0.0292236797  -0.0063154506   0.0325248779  -0.0891269959
       -0.0945320790  -0.2246129096   0.0285939560   0.5109626154   0.0576379603
        0.1041748320  -0.1611035642  -0.0017154295   0.0139104039   0.0026250845
       -0.0015132874  -0.0046204162   0.0084901614   0.0024593982  -0.0035639273
       -0.0042968938   0.0055131806   0.0022821548  -0.0036635662   0.0177957498
        0.0054254978  -0.0312335963   0.0000849550  -0.0000345270   0.0000009576
       -0.0000472667  -0.0000158814   0.0000537275   0.0000543286   0.0000172819
        0.0000109497  -0.0000158399  -0.0000091564   0.0000018255  -0.0000066453
       -0.0000017207   0.0000081176   0.0000059000  -0.0000019290  -0.0000009851
        0.0000069440   0.0000122622   0.0000030398   0.0000069237   0.0000346065
        0.0000262099   0.0049712575  -0.0017071555  -0.0028980628  -0.0023311225
        0.0183784819   0.0033159741   0.1071827172  -0.0528967539  -0.2203270273
       -0.0011788184  -0.0019222042   0.0003793586  -0.0000192510  -0.0005856422
        0.0002744245  -0.0006146445  -0.0002062123  -0.0002599602   0.0003977914
        0.0008551274  -0.0007572694
       -0.0002673465  -0.0000500928   0.0007695020   0.0044762617   0.0005442628
        0.0017180046   0.0003576383  -0.0002655450  -0.0008751388   0.0001010191
       -0.0002444861   0.0000002879   0.0000020507   0.0000066872  -0.0000064559
       -0.0000293785   0.0000192000  -0.0000054934  -0.0000147341  -0.0000084751
        0.0000050839  -0.0000044509  -0.0000075000  -0.0000186134   0.0000618492
       -0.0000006409  -0.0000453817  -0.0021450883   0.0266392275   0.0029693117
       -0.0120184232  -0.0049436820   0.0118434650   0.0091696989  -0.0160445983
       -0.0133622879  -0.0824079564  -0.0387174604   0.0576379603   0.2500399565
       -0.0052930649  -0.2062594382  -0.0649181267   0.0280710337   0.0215973925
        0.0071353642  -0.0051481142  -0.0104097217  -0.0079647986   0.0085752459
        0.0032016639  -0.0090992040  -0.0165884691   0.0187188313  -0.1033550549
        0.0201604701   0.0829879807  -0.0000104199  -0.0000302372   0.0001155114
        0.0001211253  -0.0000818211   0.0001995210  -0.0000248760  -0.0000195127
       -0.0000674501  -0.0000130121  -0.0000083033   0.0000124668   0.0000003597
        0.0000073088  -0.0000075669   0.0000089670  -0.0000055014  -0.0000079846
        0.0000115634  -0.0000088876  -0.0000067193   0.0000044710  -0.0000202704
        0.0000025648  -0.0001843686  -0.0001995236   0.0000967543   0.0074201971
        0.0017468215   0.0038155463  -0.0048828267  -0.0091066959   0.0113057669
       -0.0021293130   0.0138119532   0.0055993626   0.0067714989  -0.0017238147
        0.0052178213  -0.0001617911   0.0003280345  -0.0002066937   0.0039491486
       -0.0013935485   0.0034641465
        0.0001363051   0.0001712555  -0.0002845141   0.0000603881  -0.0048653998
        0.0002722093   0.0006975082  -0.0006303246  -0.0006013775   0.0002949965
        0.0006506707  -0.0001594793   0.0001023856  -0.0001117104  -0.0001770582
        0.0000417227   0.0000191230   0.0000264958   0.0000188442   0.0000124677
       -0.0000087368  -0.0000048307   0.0000272106   0.0000488534  -0.0000312766
       -0.0000051598   0.0000463700   0.0157201716   0.0060360767  -0.0301630559
       -0.0147155558  -0.0022221308   0.0257860776   0.0064309446  -0.0701782638
       -0.0065876042  -0.0545138115  -0.1606277370   0.1041748320  -0.0052930649
        0.6543487488  -0.0162315998   0.0450289124  -0.2520171687  -0.0703236833
       -0.0284417602  -0.0578662494   0.0521864415   0.0174947524  -0.0269872985
       -0.0296344998  -0.0043299681   0.0421824645   0.0060422857   0.0186024320
       -0.1151046408  -0.0312145871  -0.0000374718   0.0000414348  -0.0000318316
       -0.0000459881   0.0000191679  -0.0000460566   0.0000351159   0.0000154757
        0.0000453809   0.0000197839   0.0000088690  -0.0000055493   0.0000222687
       -0.0000009548  -0.0000206176   0.0000010256  -0.0000001209  -0.0000119746
       -0.0000044513  -0.0000007207  -0.0000024480  -0.0000171048   0.0000170142
        0.0000083106  -0.0002126090   0.0007266503   0.0004292991   0.0013493261
       -0.0050202218  -0.0010505952   0.0014590653   0.0047494794  -0.0030651542
        0.0027417640  -0.0086543143  -0.0050273435  -0.0013254961  -0.0020319280
        0.0027699743   0.0004813215   0.0000513083  -0.0006407197  -0.0017656455
       -0.0027530727   0.0034519560
       -0.0002784373   0.0002162144   0.0003195337   0.0019031944  -0.0005240806
        0.0024455382   0.0008787363  -0.0003641049  -0.0008080767   0.0000228762
       -0.0000454654  -0.0000022277   0.0000257204  -0.0000128251  -0.0000214372
        0.0000248583   0.0000197466  -0.0000069821   0.0000164614   0.0000012159
       -0.0000171018  -0.0000029257  -0.0000271494  -0.0000033020  -0.0000297542
        0.0000087241  -0.0000329464   0.0040158372  -0.0490568634  -0.0035685217
        0.0128068014   0.0088806767  -0.0293004841  -0.0150404826   0.0344795856
        0.0260131335   0.0580765820   0.0744031424  -0.1611035642  -0.2062594382
       -0.0162315998   0.5037491456   0.0212357069  -0.0411997826  -0.0861216402
       -0.0088859836   0.0116523618   0.0160977786   0.0023813197  -0.0132949300
       -0.0094354608   0.0177571914   0.0249265591  -0.0305516986   0.0826443163
       -0.0301055915  -0.2035386862  -0.0001267767   0.0001422997  -0.0002014610
        0.0000184175   0.0001460999   0.0001717590   0.0000510166   0.0000024189
        0.0000697044   0.0000091004   0.0000003075  -0.0000228391  -0.0000019827
       -0.0000063317  -0.0000049422  -0.0000099767   0.0000055948   0.0000110478
       -0.0000022764   0.0000011771   0.0000016812   0.0000045658   0.0000199979
        0.0000155626  -0.0000923479   0.0002658547  -0.0004766169   0.0039320065
       -0.0018367495   0.0027991717   0.0108150669   0.0160545604  -0.0187858880
        0.0058165600  -0.0238731564  -0.0083808351   0.0050922587   0.0035064698
        0.0005103105  -0.0001965017  -0.0005569474   0.0001368794   0.0033982894
        0.0024025702   0.0000434659
        0.0000650037  -0.0000332497   0.0000086950  -0.0002968438   0.0007499909
        0.0001287037   0.0000500110   0.0000692173  -0.0000106657  -0.0001054696
       -0.0000742211   0.0000968849   0.0000005990   0.0000006884  -0.0000211207
       -0.0000087427  -0.0000050385   0.0000208721   0.0000076051  -0.0000041230
        0.0000006602  -0.0000156730  -0.0000023428   0.0000148928   0.0000373544
       -0.0000317801  -0.0000335398   0.0033197719  -0.0000348301   0.0052476128
        0.0002649639   0.0001132508  -0.0007426717   0.0035215119  -0.0008192190
        0.0042045282   0.0018351391  -0.0099687309  -0.0017154295  -0.0649181267
        0.0450289124   0.0212357069   0.2536642017   0.0123644923  -0.2451994872
       -0.0876408789  -0.0852542819   0.0802414786  -0.0137744012  -0.0022717591
        0.0258032797  -0.0024523174  -0.0078454055  -0.0015341213  -0.0013130387
        0.0163413893   0.0034971688  -0.0000390188   0.0000239456   0.0000376992
        0.0000118913  -0.0000243791  -0.0000590864  -0.0000210547  -0.0000062663
        0.0000089488   0.0000128105   0.0000013534   0.0000109149   0.0000124173
       -0.0000034989   0.0000047559   0.0000033091  -0.0000042236   0.0000043154
       -0.0000037012  -0.0000077349  -0.0000049868  -0.0000081200  -0.0000034193
       -0.0000028212  -0.0010827952  -0.0001359043  -0.0005950680   0.0001811316
       -0.0006397506   0.0000713983  -0.0012259156  -0.0011249268  -0.0010864937
       -0.0950669854   0.0304829098   0.1076504044   0.0018439604   0.0024982786
       -0.0020662925   0.0030025670   0.0007874849   0.0051914600   0.0001388338
       -0.0001668279  -0.0004085959
       -0.0000689161  -0.0000113253   0.0000128343   0.0000960554  -0.0002178162
       -0.0002383583  -0.0002465711   0.0000007140   0.0001656360   0.0000652452
        0.0000096143  -0.0001228844  -0.0000113177  -0.0000041651   0.0000253823
        0.0000184703   0.0000024808  -0.0000273613   0.0000023363  -0.0000022959
       -0.0000029819   0.0000139076  -0.0000069053  -0.0000154888  -0.0000387379
        0.0000038415   0.0000207803  -0.0003239523  -0.0131990926   0.0016854784
        0.0087996982   0.0024323799  -0.0159496769  -0.0099239028   0.0161893649
        0.0173736615  -0.0055715852  -0.0662260549   0.0139104039   0.0280710337
       -0.2520171687  -0.0411997826   0.0123644923   0.6357784834  -0.0435360399
       -0.0496581338  -0.2410970782   0.0943510370  -0.0292401154   0.0453618062
        0.0493844512  -0.0045506132  -0.0509946891   0.0094622326   0.0279832403
        0.0079558980  -0.0485427748   0.0001053026  -0.0000670685   0.0000316260
       -0.0000279525   0.0000072749   0.0000827048   0.0000691644   0.0000039445
       -0.0000155823  -0.0000166459  -0.0000168686  -0.0000001199  -0.0000038235
        0.0000003344  -0.0000035292   0.0000009840   0.0000060664  -0.0000018442
        0.0000091125   0.0000146021   0.0000008844   0.0000250689   0.0000326724
        0.0000001963  -0.0000478652   0.0002369196  -0.0001345880   0.0001314177
       -0.0008762277  -0.0002204430   0.0006842739   0.0011066110  -0.0015348654
        0.0301299453  -0.0590872383  -0.0511197021  -0.0095149612  -0.0255738913
        0.0176690173   0.0009660806   0.0007101675  -0.0016734403  -0.0002907352
       -0.0004552902   0.0001631371
       -0.0000019373   0.0000200112   0.0000345424   0.0000969116  -0.0012057912
       -0.0004659873  -0.0000595364  -0.0000509284   0.0001430107   0.0002029295
        0.0001175208  -0.0002328242  -0.0000064253  -0.0000118930   0.0000342777
        0.0000287050  -0.0000089809  -0.0000159220  -0.0000025084  -0.0000032312
        0.0000037585   0.0000287308  -0.0000017384  -0.0000160572  -0.0000620566
        0.0000413859   0.0000615578   0.0050508017   0.0009121343  -0.0032731572
       -0.0013194426  -0.0002923039   0.0021099175   0.0047858468   0.0009352027
       -0.0027177389  -0.0017915361   0.0217261986   0.0026250845   0.0215973925
       -0.0703236833  -0.0861216402  -0.2451994872  -0.0435360399   0.5449934703
        0.0792377994   0.1567588690  -0.1881701074   0.0266971285   0.0025896294
       -0.0451504110  -0.0017476906   0.0152463404  -0.0011960690   0.0036572434
       -0.0292999056  -0.0039323960   0.0000626028  -0.0000255255  -0.0000241347
       -0.0000150631   0.0000251706   0.0000559561   0.0000220294   0.0000289159
        0.0000064880  -0.0000140050  -0.0000034247  -0.0000146184  -0.0000100963
       -0.0000038609   0.0000071590  -0.0000017841   0.0000011845   0.0000030014
        0.0000038910   0.0000101812   0.0000150211   0.0000099480   0.0000134238
       -0.0000039586  -0.0006237511   0.0000905372  -0.0003073110  -0.0000021571
        0.0011486847   0.0000772157  -0.0012128254   0.0018118123   0.0001136545
        0.1074321404  -0.0524533807  -0.2201504000  -0.0016869887  -0.0033167089
        0.0035674137   0.0052477695  -0.0012288468  -0.0026560504  -0.0004045789
        0.0002890408   0.0005972545
        0.0001037705  -0.0000604142   0.0000238059  -0.0000849762  -0.0001050195
       -0.0002149338  -0.0000084451   0.0000427212   0.0000178380   0.0000136072
        0.0000316273   0.0000219407   0.0000002710  -0.0000093221  -0.0000016318
       -0.0000083885   0.0000023341  -0.0000012301  -0.0000049490  -0.0000033434
        0.0000007507  -0.0000025451   0.0000113593   0.0000046865  -0.0000104942
        0.0000033750   0.0000075129   0.0002117827   0.0091081790  -0.0011751336
       -0.0038208217  -0.0021455085   0.0076832211   0.0036822966  -0.0067931225
       -0.0057733524   0.0062412367   0.0120597478  -0.0015132874   0.0071353642
       -0.0284417602  -0.0088859836  -0.0876408789  -0.0496581338   0.0792377994
        0.2455799287   0.0030739279  -0.2260944582  -0.1090588494   0.0049323942
        0.1009548090  -0.0027990225   0.0443207420   0.0050517370  -0.0130766004
       -0.0152913782   0.0131008186  -0.0000822622   0.0000767248  -0.0000111537
        0.0000055404  -0.0000072205  -0.0000565665  -0.0000478115   0.0000307200
        0.0000022085   0.0000003526   0.0000239611  -0.0000021997  -0.0000014516
        0.0000070801  -0.0000020567  -0.0000012012   0.0000034203  -0.0000033197
       -0.0000014327   0.0000008843   0.0000047378  -0.0000029876  -0.0000084282
       -0.0000004242   0.0000428740  -0.0000275336   0.0000621845  -0.0006045424
        0.0000074798  -0.0003990475  -0.0000815435   0.0001624282  -0.0000303335
       -0.0055254677  -0.0103018463   0.0111708068  -0.0425225110   0.0365444774
        0.0123026979  -0.0047633818   0.0014484865   0.0105365727   0.0071335393
        0.0009609608   0.0039809842
       -0.0000824728  -0.0000985860   0.0000528575   0.0001968403   0.0000856762
       -0.0001863797  -0.0001971138   0.0001148518   0.0001565136   0.0000464132
       -0.0000575602  -0.0000959378  -0.0000373460  -0.0000050695   0.0000559386
        0.0000155590  -0.0000062471  -0.0000295141   0.0000026410  -0.0000018953
       -0.0000016839   0.0000144950  -0.0000109761  -0.0000231630  -0.0000414408
        0.0000305304   0.0000326320   0.0002297265   0.0026478380  -0.0002728570
       -0.0021640254  -0.0004144843   0.0038022113   0.0017790189  -0.0052018765
       -0.0028258850   0.0025283381   0.0022895567  -0.0046204162  -0.0051481142
       -0.0578662494   0.0116523618  -0.0852542819  -0.2410970782   0.1567588690
        0.0030739279   0.6893191543  -0.0296723992   0.0441338570  -0.1047472291
       -0.0740487152   0.0171499817  -0.0037105664  -0.0287984389  -0.0054327029
       -0.0025298656   0.0094310209   0.0000618280  -0.0000415139  -0.0000322117
       -0.0000081935   0.0000165327   0.0000725431   0.0000112859   0.0000119316
       -0.0000035765  -0.0000139893  -0.0000121837   0.0000002715  -0.0000092414
       -0.0000075709   0.0000053350  -0.0000034827   0.0000051561   0.0000076584
        0.0000054025   0.0000157570   0.0000049983   0.0000153084   0.0000129978
        0.0000004271  -0.0000109030   0.0001589599  -0.0000096213   0.0000876943
       -0.0003495554  -0.0000946791   0.0001718253   0.0001403776  -0.0003056283
        0.0016389826   0.0044114840  -0.0033851319   0.0366131506  -0.2817871404
       -0.0537967933  -0.0106895275   0.0039037314   0.0180154983   0.0013165588
       -0.0052188875  -0.0018461042
       -0.0000334072   0.0000314589  -0.0000874242  -0.0002685978   0.0000066641
        0.0000581954  -0.0000966051  -0.0000472175   0.0000834616  -0.0000175898
        0.0000494398  -0.0000412248   0.0000101936   0.0000151573   0.0000031776
        0.0000099514   0.0000044298   0.0000107760   0.0000119816  -0.0000081878
       -0.0000173366   0.0000149722  -0.0000157324  -0.0000120553  -0.0000092441
        0.0000035860  -0.0000027874  -0.0006599212  -0.0155517412   0.0021322153
        0.0073969038   0.0037162961  -0.0129528183  -0.0059328633   0.0119546196
        0.0103817891  -0.0005635752  -0.0207203547   0.0084901614  -0.0104097217
        0.0521864415   0.0160977786   0.0802414786   0.0943510370  -0.1881701074
       -0.2260944582  -0.0296723992   0.5048960531   0.1003463789  -0.0067832613
       -0.2185623151   0.0060256534  -0.0754751030  -0.0068941721   0.0129913165
        0.0256478477  -0.0288143462   0.0000824166  -0.0000781058   0.0000614268
       -0.0000144187   0.0000026853   0.0000492809   0.0000366115  -0.0000011320
       -0.0000148917  -0.0000200647  -0.0000268849  -0.0000131626  -0.0000001750
       -0.0000071682  -0.0000061210  -0.0000027488  -0.0000014266  -0.0000023072
        0.0000020484  -0.0000050712   0.0000036264   0.0000059079   0.0000158020
       -0.0000006500  -0.0000258498   0.0000356673  -0.0000831256  -0.0004623575
       -0.0000876400  -0.0001383036  -0.0000862117  -0.0003010128  -0.0000787561
        0.0111001140   0.0179763724  -0.0186970858   0.0123394893  -0.0535874374
       -0.0536695198   0.0104229356  -0.0024863725  -0.0170073128   0.0036594564
       -0.0011412563   0.0029978813
        0.0000258511  -0.0000177766  -0.0001207938  -0.0003357242   0.0000870788
        0.0002399934   0.0000849902   0.0000157843   0.0000033736   0.0000250186
       -0.0000322147  -0.0000327309  -0.0000169005  -0.0000304323   0.0000003648
        0.0000141962   0.0000081861  -0.0000082566   0.0000105689   0.0000113059
        0.0000045221  -0.0000074259   0.0000084072   0.0000083323  -0.0000179491
       -0.0000165716  -0.0000091909   0.0033682744  -0.0101876444   0.0047706246
        0.0035746146   0.0016363042  -0.0059426175  -0.0021451580   0.0047985918
        0.0044262725  -0.0011919431  -0.0070124869   0.0024593982  -0.0079647986
        0.0174947524   0.0023813197  -0.0137744012  -0.0292401154   0.0266971285
       -0.1090588494   0.0441338570   0.1003463789   0.2466231698  -0.0032252154
       -0.2240334747  -0.0632078840   0.0231596960   0.0324905943   0.0096506658
        0.0057160241  -0.0151228233  -0.0000638705   0.0000907038   0.0000203156
        0.0000031328  -0.0000173743  -0.0000393544   0.0000417686   0.0000339035
        0.0000006999   0.0000412680   0.0000171488  -0.0000105796   0.0000006819
        0.0000054242   0.0000034694   0.0000027131   0.0000084259   0.0000024843
        0.0000037793   0.0000058706   0.0000082581  -0.0000007281   0.0000129500
        0.0000063755  -0.0006897196  -0.0001517605  -0.0003254547  -0.0000040831
        0.0000682453  -0.0000094726  -0.0001007729  -0.0000304685  -0.0002436228
        0.0066910404  -0.0013567013   0.0049477115  -0.0017132464   0.0023258426
        0.0048957351  -0.0673814931  -0.0634088271   0.0567762509  -0.0024867863
        0.0150890865   0.0054087688
        0.0000765525  -0.0000131275   0.0002550791   0.0003846696   0.0000287847
       -0.0004582971  -0.0000979228   0.0002155935   0.0001161693   0.0000323733
       -0.0001142771  -0.0000370330  -0.0000623589   0.0000168994   0.0000829135
        0.0000043926   0.0000055533  -0.0000106242   0.0000022608  -0.0000031831
       -0.0000003128   0.0000048825  -0.0000169867  -0.0000166109  -0.0000349454
        0.0000553052   0.0000469756  -0.0010392410   0.0162543693   0.0009716036
       -0.0065710983  -0.0050823688   0.0118434412   0.0046836648  -0.0078077514
       -0.0080846849   0.0014815521   0.0101037536  -0.0035639273   0.0085752459
       -0.0269872985  -0.0132949300  -0.0022717591   0.0453618062   0.0025896294
        0.0049323942  -0.1047472291  -0.0067832613  -0.0032252154   0.6976654243
       -0.0093543220   0.0598030541  -0.3559015030  -0.0934582735  -0.0182129990
       -0.0702559307   0.0330817452  -0.0000859431  -0.0001346000  -0.0001735872
       -0.0000357890   0.0000164809   0.0000452376  -0.0000434488   0.0000390037
       -0.0000063334   0.0000208387   0.0000120569  -0.0000289654  -0.0000124103
       -0.0000006173   0.0000044177  -0.0000039822   0.0000060976   0.0000137960
        0.0000047853   0.0000107559   0.0000070819   0.0000204231  -0.0000093708
       -0.0000037331  -0.0000559976  -0.0001474149   0.0002867822   0.0000803263
        0.0000931960  -0.0000360312   0.0000869630   0.0002017491  -0.0001153862
       -0.0018707583  -0.0023678448   0.0035102632   0.0142732471  -0.0097406167
       -0.0241899183  -0.0633720699  -0.1773081511   0.1109020323   0.0025283131
       -0.0094485579  -0.0041409360
       -0.0000583158  -0.0001876815   0.0001052082   0.0004192977   0.0000784367
       -0.0006718796  -0.0001653948  -0.0000409218   0.0000346345  -0.0000590750
        0.0000481210   0.0000496172   0.0000053059   0.0000103986   0.0000177962
       -0.0000195913  -0.0000032425   0.0000302927   0.0000009070  -0.0000210697
       -0.0000138995   0.0000056411  -0.0000090728  -0.0000135635   0.0000364204
        0.0000403543   0.0000144882   0.0042787672   0.0172700330  -0.0022311526
       -0.0055893623  -0.0028518737   0.0102641217   0.0044209994  -0.0080846132
       -0.0070571544   0.0018213281   0.0119118792  -0.0042968938   0.0032016639
       -0.0296344998  -0.0094354608   0.0258032797   0.0493844512  -0.0451504110
        0.1009548090  -0.0740487152  -0.2185623151  -0.2240334747  -0.0093543220
        0.4935822210   0.0314789871  -0.0310695290  -0.0957046661  -0.0142848939
       -0.0081579940   0.0258162811   0.0001157998  -0.0000062842  -0.0000025401
       -0.0000182698   0.0000323837   0.0000612292  -0.0000622605  -0.0000981067
       -0.0000256701  -0.0000494814  -0.0000170246  -0.0000025554   0.0000112488
       -0.0000070779  -0.0000057172  -0.0000000684  -0.0000051882   0.0000005385
       -0.0000014871  -0.0000108054  -0.0000034888  -0.0000007887  -0.0000162613
       -0.0000167778  -0.0003187912   0.0001691556  -0.0002453010   0.0000437162
       -0.0001163658   0.0000296054  -0.0001867926   0.0000126063   0.0001941816
        0.0048417799   0.0028373710   0.0005726909   0.0045354327  -0.0036166492
       -0.0064240706   0.0571391299   0.1105683028  -0.1328460755   0.0057335335
       -0.0250061950  -0.0080633134
       -0.0003945584  -0.0004564128  -0.0001226995  -0.0015220586   0.0011930006
       -0.0020733366  -0.0000941780   0.0002742491   0.0008059671   0.0000665117
        0.0000172958  -0.0002612745  -0.0000299241  -0.0000736492   0.0000733161
        0.0000248760  -0.0000311159  -0.0000238926  -0.0000024302  -0.0000146228
        0.0000038689   0.0000236985  -0.0000115568  -0.0000110945  -0.0000302976
        0.0000492342   0.0000667389   0.0016542168  -0.0055487379  -0.0018753291
        0.0059973570   0.0025548845  -0.0010172718  -0.0012320820   0.0016539829
        0.0018563154   0.0031259863  -0.0006884300   0.0055131806  -0.0090992040
       -0.0043299681   0.0177571914  -0.0024523174  -0.0045506132  -0.0017476906
       -0.0027990225   0.0171499817   0.0060256534  -0.0632078840   0.0598030541
        0.0314789871   0.2545490516  -0.0289796027  -0.2315001959  -0.0858800692
       -0.0589846317   0.0603510548   0.0005761752  -0.0003925313  -0.0001307829
       -0.0000505564   0.0000759204   0.0001414481   0.0000023756  -0.0002900909
        0.0000048380  -0.0000330454   0.0000042996  -0.0000264625  -0.0000089555
       -0.0000025818   0.0000057804  -0.0000080070   0.0000115626   0.0000113552
       -0.0000024944   0.0000132924   0.0000093560   0.0000134069   0.0000213865
       -0.0000191036   0.0002220972   0.0003222756  -0.0000268924  -0.0010691720
        0.0000533608  -0.0006351855  -0.0003629094  -0.0004932025   0.0003727947
        0.0001154938  -0.0001698361  -0.0003882313   0.0030534193   0.0011347701
        0.0051774477   0.0017203561  -0.0101130134  -0.0016104547  -0.1028658560
        0.0307980463   0.1118146044
       -0.0002351763  -0.0001169926  -0.0000094691  -0.0008237750  -0.0004312437
        0.0016354785  -0.0002730222   0.0000473151   0.0000412720  -0.0002214979
       -0.0001067312   0.0000966160  -0.0000701394  -0.0000026902  -0.0000147953
        0.0000334173   0.0000066626  -0.0000134486   0.0000309265   0.0000152342
       -0.0000207461  -0.0000196516  -0.0000214016   0.0000012753  -0.0000079099
       -0.0000424056  -0.0000507709  -0.0096691397  -0.0645096225   0.0194840983
        0.0115875130   0.0020206337  -0.0204640141  -0.0068253783   0.0101197761
        0.0118126976  -0.0006955379  -0.0124618423   0.0022821548  -0.0165884691
        0.0421824645   0.0249265591  -0.0078454055  -0.0509946891   0.0152463404
        0.0443207420  -0.0037105664  -0.0754751030   0.0231596960  -0.3559015030
       -0.0310695290  -0.0289796027   0.6793278944   0.0340529676  -0.0406722981
       -0.1612606522   0.0719945264  -0.0001801923  -0.0003867138  -0.0004426197
       -0.0000297692   0.0000231219   0.0000858851   0.0001421450  -0.0000457280
       -0.0000192687   0.0000516102  -0.0000088807   0.0000082123   0.0000082578
       -0.0000082202  -0.0000047576  -0.0000067534   0.0000140278   0.0000098522
        0.0000022249   0.0000132554  -0.0000052855   0.0000153659   0.0000633241
        0.0000185674  -0.0004222543  -0.0010937380   0.0007917196  -0.0000623399
        0.0001856588  -0.0000773676   0.0003224649   0.0001324878  -0.0005816756
        0.0000863930  -0.0003880260   0.0003974337   0.0008636659   0.0006594994
       -0.0012765522   0.0019791523  -0.0255805319  -0.0032997553   0.0310247380
       -0.0577391767  -0.0500604978
        0.0005087086   0.0001175653  -0.0002306179  -0.0016015573  -0.0020107280
        0.0002825059   0.0001300842   0.0002311469  -0.0001859682   0.0000351977
        0.0001258107   0.0001002607  -0.0000756986  -0.0000983570  -0.0001642584
        0.0000326382   0.0000320437   0.0000075730   0.0000260023   0.0000834303
        0.0000376452  -0.0000599944   0.0000628454   0.0000944970   0.0000167268
       -0.0000929181  -0.0000266213  -0.0026623085   0.0131300236   0.0037018676
       -0.0011560498  -0.0043721543   0.0078657703   0.0022120118  -0.0033737435
       -0.0040077307   0.0055255727   0.0021070279  -0.0036635662   0.0187188313
        0.0060422857  -0.0305516986  -0.0015341213   0.0094622326  -0.0011960690
        0.0050517370  -0.0287984389  -0.0068941721   0.0324905943  -0.0934582735
       -0.0957046661  -0.2315001959   0.0340529676   0.4995313147   0.0591015420
        0.0998426857  -0.1542575748  -0.0004240683  -0.0004653652  -0.0001221863
       -0.0000202172  -0.0001519445  -0.0002527454   0.0001329206   0.0001982082
        0.0000543043   0.0002071531   0.0000646276  -0.0000091233   0.0000185203
        0.0000099194  -0.0000012044   0.0000160076   0.0000024948  -0.0000020136
       -0.0000011246  -0.0000071203   0.0000138802  -0.0000112723   0.0000168527
        0.0000326151   0.0000387969  -0.0005539486   0.0003352939  -0.0006285281
       -0.0002006221  -0.0002677936   0.0002972598   0.0008486800  -0.0008600881
       -0.0004206900   0.0003215067   0.0005192217   0.0051317262  -0.0016485297
       -0.0026102071  -0.0018847728   0.0176697130   0.0034103840   0.1122885676
       -0.0491899243  -0.2149788285
       -0.0005394498   0.0006928168   0.0000281705  -0.0035978324   0.0134052061
        0.0070895641   0.0005953404   0.0005146915   0.0010942644  -0.0010805601
       -0.0010454985   0.0008300300  -0.0000998362   0.0001698451   0.0002201992
       -0.0001021720   0.0000092292   0.0000135717  -0.0000126394  -0.0000360997
       -0.0000063068  -0.0000339056  -0.0000509245  -0.0000488367   0.0000824941
       -0.0001269430  -0.0002260248  -0.0592027531   0.0259006133   0.0157606033
        0.0072771938  -0.0054570102  -0.0084004680  -0.0072342420   0.0078521989
        0.0024510692  -0.0083936716  -0.0146884204   0.0177957498  -0.1033550549
        0.0186024320   0.0826443163  -0.0013130387   0.0279832403   0.0036572434
       -0.0130766004  -0.0054327029   0.0129913165   0.0096506658  -0.0182129990
       -0.0142848939  -0.0858800692  -0.0406722981   0.0591015420   0.2495131603
        0.0013360551  -0.2064889276   0.0000503770  -0.0000730466  -0.0000969642
        0.0001454190  -0.0000959437   0.0001194466   0.0000537828  -0.0000246502
       -0.0001300099   0.0000006278  -0.0000156303   0.0000281529  -0.0000206147
       -0.0000010645   0.0000250679   0.0000054896  -0.0000099507   0.0000092415
        0.0000103424  -0.0000106697  -0.0000087530   0.0000107699  -0.0000395743
        0.0000063368   0.0065348169  -0.0013514645   0.0049275525  -0.0002451961
        0.0002731865  -0.0002691967   0.0041358562  -0.0010629655   0.0034068385
        0.0044729289   0.0006890984   0.0022683494  -0.0002879315  -0.0002107569
        0.0000880909   0.0072756676   0.0013744570   0.0039608499  -0.0053393648
       -0.0101844567   0.0114428142
        0.0001437272  -0.0009030649   0.0012323801   0.0090109016  -0.0104723983
       -0.0136015459  -0.0028042826  -0.0001040264   0.0008221349   0.0009920311
        0.0001366409  -0.0006947914  -0.0001851236  -0.0000293229   0.0002224352
        0.0000334345  -0.0000507867  -0.0000892603  -0.0000503516   0.0000072847
        0.0000532935   0.0000600385   0.0000224999  -0.0000807686  -0.0001611533
        0.0003414282   0.0003279971   0.0366166456  -0.2350659599  -0.0609187419
       -0.0269237952  -0.0559566170   0.0509673698   0.0167195081  -0.0267083316
       -0.0291253070  -0.0043223412   0.0418892252   0.0054254978   0.0201604701
       -0.1151046408  -0.0301055915   0.0163413893   0.0079558980  -0.0292999056
       -0.0152913782  -0.0025298656   0.0256478477   0.0057160241  -0.0702559307
       -0.0081579940  -0.0589846317  -0.1612606522   0.0998426857   0.0013360551
        0.6380085765  -0.0135790082   0.0001739623   0.0003573025   0.0000915013
       -0.0000970661   0.0000186742   0.0002961641  -0.0002689850  -0.0003335810
       -0.0001552787  -0.0000470354  -0.0000011326  -0.0000077015  -0.0000422465
       -0.0000043939   0.0000248698  -0.0000193197   0.0000049982   0.0000305766
       -0.0000082865   0.0000335284   0.0000370386   0.0000127612  -0.0000560604
       -0.0000200005  -0.0007244125  -0.0021864304   0.0027728028   0.0004426485
        0.0000141525  -0.0006071962  -0.0017998329  -0.0028279741   0.0033063235
        0.0010950548  -0.0052922867  -0.0016332649  -0.0002714005   0.0006824707
        0.0004491375   0.0011990368  -0.0049924781  -0.0011586160   0.0019479536
        0.0046632545  -0.0023150841
        0.0011836456   0.0006578186  -0.0015847834   0.0051066138  -0.0233454786
       -0.0069018002   0.0003221585  -0.0024608475  -0.0020827789   0.0012375924
        0.0018025919  -0.0005411915   0.0002946856  -0.0003309594  -0.0004448270
        0.0001331077   0.0000482999   0.0000579584   0.0000375934   0.0000332681
       -0.0000115301  -0.0000146724   0.0000869661   0.0001234940  -0.0000671394
        0.0000526483   0.0001420162   0.0163180731  -0.0416693381  -0.0820564656
       -0.0080148941   0.0127335714   0.0158730830   0.0028050945  -0.0136554709
       -0.0090116703   0.0175205267   0.0249244250  -0.0312335963   0.0829879807
       -0.0312145871  -0.2035386862   0.0034971688  -0.0485427748  -0.0039323960
        0.0131008186   0.0094310209  -0.0288143462  -0.0151228233   0.0330817452
        0.0258162811   0.0603510548   0.0719945264  -0.1542575748  -0.2064889276
       -0.0135790082   0.4969377781  -0.0001238498  -0.0002042026  -0.0006080396
       -0.0002032596   0.0002103354  -0.0004056531   0.0001659893   0.0000535480
        0.0002358875   0.0000009611   0.0000119363  -0.0000297218   0.0000599119
       -0.0000075899  -0.0000502192   0.0000033808  -0.0000012008  -0.0000227470
       -0.0000141365  -0.0000158002  -0.0000020371  -0.0000463219   0.0000519712
       -0.0000045056   0.0048318089   0.0035182385  -0.0000480442  -0.0002384671
       -0.0005323457   0.0001797599   0.0030712060   0.0025022647  -0.0003610867
        0.0025740520  -0.0006587300   0.0020432087   0.0001436307   0.0003249576
       -0.0003692509   0.0038416204  -0.0020362944   0.0029045713   0.0107458166
        0.0167344948  -0.0180010865
       -0.1056118073   0.1115786888   0.0039610801  -0.0138571513   0.0165279224
       -0.0039418777  -0.0035304445  -0.0010388106  -0.0032069712   0.0001771833
        0.0005001207  -0.0005726229   0.0001928669  -0.0000104402  -0.0000102424
        0.0000785076  -0.0000428238   0.0000056553   0.0000405355  -0.0000071635
       -0.0000314180   0.0000190781  -0.0000189912  -0.0000677153   0.0000433518
       -0.0000110990  -0.0000462188   0.0004200889  -0.0003442206   0.0005924484
        0.0000382491   0.0000989466   0.0001192436  -0.0001518470  -0.0000293506
        0.0000982900  -0.0000506753  -0.0000840443   0.0000849550  -0.0000104199
       -0.0000374718  -0.0001267767  -0.0000390188   0.0001053026   0.0000626028
       -0.0000822622   0.0000618280   0.0000824166  -0.0000638705  -0.0000859431
        0.0001157998   0.0005761752  -0.0001801923  -0.0004240683   0.0000503770
        0.0001739623  -0.0001238498   0.1235741183  -0.1258883005   0.0003276723
       -0.0106031187   0.0167304879   0.0026299796   0.0100495378  -0.0171463997
        0.0004394477  -0.0000306054  -0.0000119631  -0.0000074166  -0.0000132439
       -0.0000074967  -0.0000085047  -0.0000158190  -0.0000034922   0.0000004173
       -0.0000147248  -0.0000033622   0.0000011664  -0.0001268896  -0.0000539888
        0.0000033009  -0.0000266930  -0.0000560302   0.0000499876  -0.0000383514
       -0.0000044631   0.0000468301  -0.0000055929  -0.0000072365   0.0000390892
       -0.0000162337   0.0000169631   0.0000380382  -0.0000327933   0.0000420839
        0.0000577621  -0.0000084443   0.0000117219   0.0000216227  -0.0009300628
       -0.0007747443  -0.0002101232
        0.1090538816  -0.2151136868  -0.0006955642   0.0039412429  -0.0021733895
        0.0014838399  -0.0001116365   0.0002404927   0.0003653481  -0.0001390839
        0.0000395645   0.0003111188  -0.0000691506  -0.0000255431  -0.0000385565
       -0.0000366463  -0.0000201413   0.0000081195  -0.0000025905   0.0000506835
        0.0000160350  -0.0000075428   0.0000917998   0.0000708211  -0.0000612044
       -0.0001739620   0.0000726872  -0.0003034744   0.0003645702   0.0002200607
       -0.0000414133  -0.0002315647   0.0000222768   0.0000263973   0.0000239165
       -0.0000321586  -0.0000064656   0.0000523986  -0.0000345270  -0.0000302372
        0.0000414348   0.0001422997   0.0000239456  -0.0000670685  -0.0000255255
        0.0000767248  -0.0000415139  -0.0000781058   0.0000907038  -0.0001346000
       -0.0000062842  -0.0003925313  -0.0003867138  -0.0004653652  -0.0000730466
        0.0003573025  -0.0002042026  -0.1258883005   0.2491192463   0.0011655438
        0.0029131003  -0.0034523624  -0.0015379082   0.0114874288  -0.0283187762
       -0.0001659909   0.0000376770   0.0000461829   0.0000001503   0.0000397708
        0.0000129878  -0.0000055744   0.0000291185  -0.0000061928  -0.0000283286
       -0.0000070673  -0.0000191223   0.0000074972   0.0000257019   0.0001079030
       -0.0000289884   0.0000109377   0.0000168873  -0.0001110924   0.0000267391
       -0.0000156257  -0.0000292369  -0.0000033241  -0.0000048651  -0.0000023376
       -0.0000007510  -0.0000248656   0.0000110962  -0.0000000990  -0.0000066679
        0.0000157337   0.0000038028  -0.0000670163   0.0000243721  -0.0006126076
       -0.0002816926  -0.0004472532
        0.0026828060   0.0014647025  -0.0435370657  -0.0113531386   0.0201179200
        0.0001670864  -0.0057899664  -0.0015565149  -0.0033185297   0.0008779495
        0.0003109395  -0.0006648572  -0.0002241942  -0.0001454018   0.0002211544
        0.0001450844  -0.0002292521  -0.0001164056   0.0000813087   0.0001448919
        0.0000290907  -0.0000762932   0.0000889374   0.0000921269   0.0000983777
        0.0000210340   0.0001760819  -0.0005066006   0.0002043501  -0.0000600494
       -0.0000683745   0.0001381973   0.0000919228  -0.0000641415   0.0000100843
        0.0000166325   0.0000127229  -0.0000632962   0.0000009576   0.0001155114
       -0.0000318316  -0.0002014610   0.0000376992   0.0000316260  -0.0000241347
       -0.0000111537  -0.0000322117   0.0000614268   0.0000203156  -0.0001735872
       -0.0000025401  -0.0001307829  -0.0004426197  -0.0001221863  -0.0000969642
        0.0000915013  -0.0006080396   0.0003276723   0.0011655438   0.0473235495
        0.0147172018  -0.0227476187  -0.0014640760  -0.0002375745   0.0018508112
        0.0016444514   0.0000385761   0.0000136746  -0.0000079883  -0.0000234649
       -0.0000036798   0.0000057242  -0.0000158746   0.0000221868   0.0000085955
        0.0000009400   0.0000455104   0.0000415068   0.0000595592   0.0000592741
       -0.0000814669  -0.0000406703  -0.0001133267   0.0000863704  -0.0000187754
       -0.0000237845   0.0000558949  -0.0000176255  -0.0000148216   0.0000418575
       -0.0000172234   0.0000355789   0.0000262614  -0.0000152972   0.0000403273
        0.0000194323  -0.0000082522   0.0001029741   0.0000093182  -0.0004993569
       -0.0003821192   0.0000893584
       -0.1129671385   0.0105384611   0.1085302912   0.0088432243  -0.0008917594
       -0.0139233886   0.0011951132  -0.0008865048   0.0003998158   0.0002543480
        0.0000074752  -0.0007379879  -0.0005033900  -0.0003366703   0.0001229776
       -0.0001293660  -0.0000806124   0.0000296214  -0.0000634527   0.0000412930
        0.0001066375  -0.0000471648   0.0002296212  -0.0000021619  -0.0002142838
        0.0010608862   0.0002245386  -0.0015926789   0.0000040952  -0.0022178602
        0.0003695398  -0.0000142001  -0.0004362095   0.0002757396   0.0000643024
        0.0000629877   0.0000352995  -0.0000147316  -0.0000472667   0.0001211253
       -0.0000459881   0.0000184175   0.0000118913  -0.0000279525  -0.0000150631
        0.0000055404  -0.0000081935  -0.0000144187   0.0000031328  -0.0000357890
       -0.0000182698  -0.0000505564  -0.0000297692  -0.0000202172   0.0001454190
       -0.0000970661  -0.0002032596  -0.0106031187   0.0029131003   0.0147172018
        0.1286644388  -0.0114046985  -0.1256692901  -0.0137801078  -0.0007932142
        0.0191124975   0.0000587186  -0.0000478365  -0.0000008303   0.0000376235
       -0.0000132131  -0.0000129922   0.0000300798  -0.0000346760  -0.0000050798
        0.0000237585  -0.0000656513  -0.0000028262  -0.0000107711  -0.0001327247
        0.0000235787  -0.0001215664  -0.0000090297  -0.0000389540  -0.0000048640
       -0.0000034172  -0.0000312325  -0.0000598116   0.0000010228  -0.0000235072
        0.0000088228   0.0000044436   0.0000065793   0.0000022488   0.0000062995
       -0.0000017720   0.0000082722   0.0000161407   0.0000007675   0.0000539344
        0.0000865569   0.0000666751
        0.0110286538  -0.0458514379  -0.0136389391  -0.0020360698   0.0005100062
       -0.0014367597   0.0006916711  -0.0002050725  -0.0001100783   0.0001185126
        0.0001460121   0.0008357823   0.0002865863   0.0001320436  -0.0001208184
       -0.0000747472   0.0001953921   0.0002070783  -0.0000796904  -0.0001752591
       -0.0000481315   0.0002262587  -0.0001744024  -0.0003098542   0.0003296055
       -0.0002476191  -0.0001663505   0.0000864677   0.0013079500  -0.0003769269
        0.0000503246  -0.0000717896  -0.0001726597   0.0000765127   0.0000037846
       -0.0000773286   0.0000047450   0.0000803499  -0.0000158814  -0.0000818211
        0.0000191679   0.0001460999  -0.0000243791   0.0000072749   0.0000251706
       -0.0000072205   0.0000165327   0.0000026853  -0.0000173743   0.0000164809
        0.0000323837   0.0000759204   0.0000231219  -0.0001519445  -0.0000959437
        0.0000186742   0.0002103354   0.0167304879  -0.0034523624  -0.0227476187
       -0.0114046985   0.0478440849   0.0172379935  -0.0155187225   0.0004837910
        0.0207048924  -0.0001032588  -0.0001281599  -0.0000315297  -0.0000349036
       -0.0000351292   0.0000058802  -0.0000431072  -0.0000323602   0.0000171042
       -0.0000367209  -0.0000403583  -0.0000356668  -0.0001279889  -0.0003030702
        0.0001956018  -0.0000076683   0.0000076078  -0.0000373988   0.0000213084
       -0.0000025754  -0.0000125998  -0.0000019362  -0.0000023178   0.0000048986
       -0.0000119755  -0.0000015535   0.0000075508  -0.0000053059   0.0000100312
        0.0000141469   0.0000042757  -0.0000203427  -0.0000111921  -0.0000177981
       -0.0000784960  -0.0001459254
        0.1098696212  -0.0138197490  -0.2099372914   0.0094230666  -0.0023391662
       -0.0288352987   0.0023002930  -0.0014020485   0.0026803076  -0.0004996459
        0.0005566695   0.0000396116  -0.0002795642  -0.0002623749   0.0002582791
        0.0001111169  -0.0000844417  -0.0000687188   0.0001178615   0.0000813408
       -0.0000452020  -0.0000398713   0.0000654140   0.0001133133   0.0000037986
        0.0002294789   0.0004039925  -0.0031744772   0.0002508183  -0.0039926742
        0.0001941347  -0.0004079143  -0.0004383864   0.0003806334  -0.0000258720
        0.0002420006  -0.0000504488   0.0000329384   0.0000537275   0.0001995210
       -0.0000460566   0.0001717590  -0.0000590864   0.0000827048   0.0000559561
       -0.0000565665   0.0000725431   0.0000492809  -0.0000393544   0.0000452376
        0.0000612292   0.0001414481   0.0000858851  -0.0002527454   0.0001194466
        0.0002961641  -0.0004056531   0.0026299796  -0.0015379082  -0.0014640760
       -0.1256692901   0.0172379935   0.2449859940   0.0044311462   0.0011481190
       -0.0030311812  -0.0000110712  -0.0000228994  -0.0000724516   0.0000597621
        0.0000045723  -0.0000703567   0.0000415014  -0.0000120913  -0.0000662465
        0.0000172251  -0.0000531598  -0.0000838101   0.0000754625   0.0002557097
       -0.0001031581  -0.0001275002  -0.0000746745  -0.0000573656   0.0000170888
        0.0000236772  -0.0000599912  -0.0000699489  -0.0000213569  -0.0000840771
        0.0000354619  -0.0000243834  -0.0000231087  -0.0000048754  -0.0000337144
        0.0000171691   0.0000000474  -0.0000427008   0.0000337701  -0.0000869163
       -0.0002587540  -0.0000745978
       -0.1363909776  -0.1207865499   0.0114881375  -0.0175201181  -0.0143065316
       -0.0048328124  -0.0000639615   0.0031977461  -0.0022359158  -0.0002052566
       -0.0012308725  -0.0004671508  -0.0001963253   0.0000409166   0.0002747055
        0.0000753475  -0.0000419192  -0.0002295521   0.0001068867   0.0001171432
       -0.0000359721  -0.0000216345  -0.0000212970   0.0000166064  -0.0000704660
       -0.0004131722   0.0000989741   0.0000826250   0.0004668580   0.0000249564
       -0.0000123320  -0.0000940468   0.0000221438  -0.0000121217   0.0000361775
       -0.0000090282  -0.0000328268   0.0000865640   0.0000543286  -0.0000248760
        0.0000351159   0.0000510166  -0.0000210547   0.0000691644   0.0000220294
       -0.0000478115   0.0000112859   0.0000366115   0.0000417686  -0.0000434488
       -0.0000622605   0.0000023756   0.0001421450   0.0001329206   0.0000537828
       -0.0002689850   0.0001659893   0.0100495378   0.0114874288  -0.0002375745
       -0.0137801078  -0.0155187225   0.0044311462   0.1579098572   0.1361538814
       -0.0085819345   0.0000673229   0.0000814925  -0.0000141296   0.0000080534
        0.0000058307   0.0000024268   0.0000371045   0.0000223534   0.0000015157
        0.0000343045   0.0000204967  -0.0000013033  -0.0000527410   0.0005047105
       -0.0000117438   0.0000283842   0.0001504899  -0.0001380427  -0.0000095405
        0.0000104327   0.0000314974  -0.0000059561   0.0000151970   0.0000088151
       -0.0000026657   0.0000156059  -0.0000041086  -0.0000027117  -0.0000001229
       -0.0000010244   0.0000032887   0.0000233510   0.0000109374  -0.0000271544
        0.0000312814  -0.0000122053
       -0.1163152547  -0.1787424890   0.0095988704  -0.0033263742   0.0004446495
       -0.0018685845   0.0009137388  -0.0005626427   0.0001953383   0.0000485548
       -0.0001746755  -0.0001870304  -0.0000368603  -0.0000211458   0.0000255061
        0.0000615072  -0.0000201874  -0.0000652979   0.0000550483   0.0000414033
       -0.0000191031  -0.0000483989  -0.0000765720   0.0000449108   0.0000383771
        0.0000067383  -0.0000359668   0.0001861463   0.0001223923  -0.0003346325
        0.0000644650   0.0001430032  -0.0000419925   0.0000168187  -0.0000096586
       -0.0000741790   0.0000016614   0.0000275559   0.0000172819  -0.0000195127
        0.0000154757   0.0000024189  -0.0000062663   0.0000039445   0.0000289159
        0.0000307200   0.0000119316  -0.0000011320   0.0000339035   0.0000390037
       -0.0000981067  -0.0002900909  -0.0000457280   0.0001982082  -0.0000246502
       -0.0003335810   0.0000535480  -0.0171463997  -0.0283187762   0.0018508112
       -0.0007932142   0.0004837910   0.0011481190   0.1361538814   0.2068510961
       -0.0103233327   0.0000231883  -0.0000101924   0.0000048262  -0.0000059308
       -0.0000169381   0.0000007602  -0.0000260802   0.0000114331   0.0000113255
        0.0000230162   0.0000026729   0.0000047477   0.0002238808   0.0000156761
        0.0000028469   0.0000295308   0.0000918076   0.0000400989  -0.0000203495
        0.0000183258   0.0000267645   0.0000033577   0.0000037930  -0.0000029767
        0.0000025236   0.0000141388  -0.0000157396   0.0000114056  -0.0000041921
       -0.0000130610  -0.0000138872   0.0000496608  -0.0000071286   0.0001515443
       -0.0000617141  -0.0001670347
        0.0069483913   0.0043357842  -0.0397347473  -0.0168765733  -0.0176945444
       -0.0006206593  -0.0005162618   0.0033061780  -0.0021247097  -0.0002509750
       -0.0013950239  -0.0000914098  -0.0000924358   0.0000550921   0.0003234111
       -0.0000858145   0.0001151252  -0.0000935704  -0.0000787256  -0.0000375424
        0.0000563689   0.0001151869  -0.0001625923  -0.0001525661  -0.0000135522
        0.0002047031  -0.0001221557  -0.0001251630   0.0011367902  -0.0005948672
        0.0002216696  -0.0003115508  -0.0002184989   0.0000780721   0.0001253226
       -0.0001406228  -0.0000076209   0.0000645583   0.0000109497  -0.0000674501
        0.0000453809   0.0000697044   0.0000089488  -0.0000155823   0.0000064880
        0.0000022085  -0.0000035765  -0.0000148917   0.0000006999  -0.0000063334
       -0.0000256701   0.0000048380  -0.0000192687   0.0000543043  -0.0001300099
       -0.0001552787   0.0002358875   0.0004394477  -0.0001659909   0.0016444514
        0.0191124975   0.0207048924  -0.0030311812  -0.0085819345  -0.0103233327
        0.0445987990  -0.0000251634  -0.0000386387  -0.0000331691  -0.0000417767
       -0.0000207526   0.0000193337  -0.0000110277  -0.0000039243   0.0000355929
        0.0000251629  -0.0000012717  -0.0000315060   0.0000078312   0.0000031035
        0.0001670916  -0.0000687102   0.0001696770  -0.0000988590   0.0000171581
        0.0000013852  -0.0000060410  -0.0000126367   0.0000278645   0.0000252409
       -0.0000088593   0.0000188628   0.0000149216  -0.0000019191   0.0000238381
       -0.0000002254   0.0000060714   0.0000277501  -0.0000166080   0.0000084260
       -0.0000111038  -0.0001105865
       -0.0000309672  -0.0000672078   0.0000747894  -0.0005450789  -0.0000307684
        0.0000416002   0.0007374753   0.0003650695  -0.0025122501  -0.0057423185
       -0.0222375668  -0.0076779561  -0.0503816954  -0.0484274129  -0.0154042970
        0.0029599172   0.0149747115   0.0067318317   0.0012518908  -0.0001387974
        0.0056099214  -0.0005416082   0.0002554350   0.0004300825  -0.0011484428
       -0.0041510587   0.0043498047   0.0000073595  -0.0000087814   0.0000167801
        0.0000069802  -0.0000331759   0.0000094984   0.0000129437   0.0000126033
       -0.0000279262   0.0000084475   0.0000131367  -0.0000158399  -0.0000130121
        0.0000197839   0.0000091004   0.0000128105  -0.0000166459  -0.0000140050
        0.0000003526  -0.0000139893  -0.0000200647   0.0000412680   0.0000208387
       -0.0000494814  -0.0000330454   0.0000516102   0.0002071531   0.0000006278
       -0.0000470354   0.0000009611  -0.0000306054   0.0000376770   0.0000385761
        0.0000587186  -0.0001032588  -0.0000110712   0.0000673229   0.0000231883
       -0.0000251634   0.0545993148   0.0578361807   0.0102524612  -0.0003383334
        0.0015496689  -0.0011303696   0.0001541531   0.0007195443   0.0005096003
       -0.0005715200   0.0004686655  -0.0006983224  -0.0004805412  -0.0011491643
       -0.0005429108   0.0000169358   0.0000046055  -0.0000277924   0.0000058409
       -0.0000024487  -0.0000143620   0.0000019145   0.0000038825  -0.0000091068
        0.0000047276  -0.0000059601  -0.0000085685   0.0000120191  -0.0000124580
       -0.0000179644   0.0000067432   0.0000158367  -0.0000022640  -0.0001105955
        0.0000732917  -0.0000724449
        0.0000393013   0.0000429953   0.0000525250  -0.0000073377  -0.0003723907
       -0.0002255606   0.0017222304   0.0010861548   0.0009854689  -0.0058499462
       -0.0175197369  -0.0073610913  -0.0486219212  -0.2482614511  -0.0929154848
       -0.0014815825  -0.0130288043  -0.0065565145   0.0000762358   0.0017331377
       -0.0040576998   0.0002008493   0.0007485175   0.0004156254  -0.0047004042
        0.0002623137  -0.0005445345   0.0001134065  -0.0000221108  -0.0000351070
        0.0000251371   0.0000109526  -0.0000482450  -0.0000036635   0.0000022104
       -0.0000239555   0.0000024329   0.0000115200  -0.0000091564  -0.0000083033
        0.0000088690   0.0000003075   0.0000013534  -0.0000168686  -0.0000034247
        0.0000239611  -0.0000121837  -0.0000268849   0.0000171488   0.0000120569
       -0.0000170246   0.0000042996  -0.0000088807   0.0000646276  -0.0000156303
       -0.0000011326   0.0000119363  -0.0000119631   0.0000461829   0.0000136746
       -0.0000478365  -0.0001281599  -0.0000228994   0.0000814925  -0.0000101924
       -0.0000386387   0.0578361807   0.2769986282   0.1089367807   0.0005463636
        0.0003114859   0.0015095730  -0.0002197824  -0.0006204194  -0.0003985852
        0.0004529286  -0.0002725605   0.0005434209  -0.0001500877  -0.0010205584
       -0.0002461133   0.0000038417  -0.0000236294  -0.0000206095  -0.0000089011
       -0.0000136049  -0.0000040869  -0.0000052744  -0.0000061109   0.0000042999
       -0.0000044125  -0.0000090134   0.0000070340   0.0000008750  -0.0000037769
        0.0000080272   0.0000032381  -0.0000129973   0.0000085116  -0.0000142303
        0.0000895577  -0.0000061958
        0.0000078936   0.0000002185   0.0000324736  -0.0000678302   0.0002096652
        0.0005662996  -0.0013334143   0.0009328655  -0.0015277934   0.0017419113
        0.0074222334   0.0048372233  -0.0150409824  -0.0931088968  -0.0779904070
       -0.0034003272  -0.0207892417  -0.0098480013   0.0060947144  -0.0035180701
        0.0008944569   0.0000960564   0.0004029410  -0.0000054949   0.0043495175
       -0.0010173877   0.0030291543  -0.0001103472  -0.0001560504   0.0000178507
       -0.0000189158   0.0000498814   0.0000290093   0.0000213373   0.0000020459
        0.0000098738   0.0000079353  -0.0000045504   0.0000018255   0.0000124668
       -0.0000055493  -0.0000228391   0.0000109149  -0.0000001199  -0.0000146184
       -0.0000021997   0.0000002715  -0.0000131626  -0.0000105796  -0.0000289654
       -0.0000025554  -0.0000264625   0.0000082123  -0.0000091233   0.0000281529
       -0.0000077015  -0.0000297218  -0.0000074166   0.0000001503  -0.0000079883
       -0.0000008303  -0.0000315297  -0.0000724516  -0.0000141296   0.0000048262
       -0.0000331691   0.0102524612   0.1089367807   0.0822800234  -0.0018164161
        0.0006590211  -0.0009503755  -0.0000953952  -0.0011333651  -0.0004394633
       -0.0007222020   0.0005496018  -0.0008229769   0.0000798181   0.0005992410
        0.0000092990  -0.0000074691  -0.0000031730   0.0000154072  -0.0000003644
        0.0000036879   0.0000161351  -0.0000032509   0.0000056938   0.0000014494
       -0.0000028326   0.0000069969  -0.0000044941  -0.0000053730   0.0000071512
       -0.0000034409  -0.0000106845   0.0000112235   0.0000000942  -0.0000057566
       -0.0000081079   0.0000575013
       -0.0002271677   0.0000039386  -0.0001063904   0.0003164418  -0.0001758931
        0.0001487670  -0.0009526373  -0.0006190572   0.0001886565   0.0016873974
        0.0001319981   0.0059545844  -0.0167312953  -0.0094427915   0.0086645313
       -0.1967760041  -0.1068496512   0.0695199675  -0.0063676639  -0.0057453356
        0.0024466364   0.0030603156  -0.0031914168   0.0019280580   0.0005230677
        0.0004825253  -0.0002917677  -0.0000737668   0.0001680068  -0.0000183666
       -0.0000164385   0.0000495828  -0.0000022636   0.0000116771   0.0000176127
       -0.0000133246   0.0000082987   0.0000056428  -0.0000066453   0.0000003597
        0.0000222687  -0.0000019827   0.0000124173  -0.0000038235  -0.0000100963
       -0.0000014516  -0.0000092414  -0.0000001750   0.0000006819  -0.0000124103
        0.0000112488  -0.0000089555   0.0000082578   0.0000185203  -0.0000206147
       -0.0000422465   0.0000599119  -0.0000132439   0.0000397708  -0.0000234649
        0.0000376235  -0.0000349036   0.0000597621   0.0000080534  -0.0000059308
       -0.0000417767  -0.0003383334   0.0005463636  -0.0018164161   0.2170294730
        0.1231447270  -0.0849900997  -0.0001778567   0.0013246782  -0.0011331497
       -0.0004148415  -0.0002763102   0.0001341082  -0.0005411438   0.0004586923
       -0.0007087709   0.0000100077   0.0000035927  -0.0000224118  -0.0000102846
       -0.0000099197   0.0000142906  -0.0000135567   0.0000055855   0.0000120490
       -0.0000090909   0.0000086843   0.0000098495  -0.0000003269   0.0000135968
        0.0000036970   0.0000030431   0.0000204319  -0.0000023717  -0.0000141838
       -0.0000370255   0.0000148352
       -0.0000326601   0.0000145683  -0.0000085014   0.0002975690  -0.0001299690
       -0.0000622305   0.0001563720   0.0004684564   0.0001047039  -0.0003106134
        0.0014372586  -0.0042229485   0.0071959005   0.0051443237  -0.0031834958
       -0.1067934987  -0.1124677964   0.0409875604  -0.0226517350  -0.0163859328
        0.0083055363  -0.0027453683  -0.0035105480  -0.0046152842   0.0006037674
        0.0000271366  -0.0004119281   0.0000005369  -0.0000430481   0.0000099311
       -0.0000022310   0.0000172856  -0.0000070509   0.0000004277  -0.0000071853
       -0.0000034984   0.0000038879   0.0000075173  -0.0000017207   0.0000073088
       -0.0000009548  -0.0000063317  -0.0000034989   0.0000003344  -0.0000038609
        0.0000070801  -0.0000075709  -0.0000071682   0.0000054242  -0.0000006173
       -0.0000070779  -0.0000025818  -0.0000082202   0.0000099194  -0.0000010645
       -0.0000043939  -0.0000075899  -0.0000074967   0.0000129878  -0.0000036798
       -0.0000132131  -0.0000351292   0.0000045723   0.0000058307  -0.0000169381
       -0.0000207526   0.0015496689   0.0003114859   0.0006590211   0.1231447270
        0.1262565473  -0.0398476287   0.0003326795   0.0001679274   0.0013457709
       -0.0011844252  -0.0009716737   0.0004441067   0.0004484774  -0.0002763614
        0.0005280499   0.0000015534  -0.0000103386  -0.0000025165  -0.0000016948
       -0.0000047748   0.0000042971  -0.0000011814  -0.0000011577   0.0000048171
       -0.0000015364  -0.0000007686   0.0000046481  -0.0000011992   0.0000020430
        0.0000021400   0.0000005597   0.0000027496   0.0000005573  -0.0000077723
        0.0000127570   0.0000076332
        0.0001178566   0.0000624864   0.0000609820  -0.0001956577   0.0000365505
       -0.0002474967   0.0011176809   0.0006705349  -0.0002876096   0.0055407018
       -0.0039876909   0.0010459665   0.0188379861   0.0105279641  -0.0084938199
        0.0695364689   0.0410625282  -0.0668290434  -0.0078817501  -0.0057403181
        0.0038148870   0.0021379291  -0.0043219362   0.0033400099  -0.0002703170
       -0.0004477915  -0.0002439993   0.0000496776  -0.0001836717   0.0000277135
        0.0000161464  -0.0000284679   0.0000085720  -0.0000092457  -0.0000068188
        0.0000068386   0.0000039291  -0.0000086046   0.0000081176  -0.0000075669
       -0.0000206176  -0.0000049422   0.0000047559  -0.0000035292   0.0000071590
       -0.0000020567   0.0000053350  -0.0000061210   0.0000034694   0.0000044177
       -0.0000057172   0.0000057804  -0.0000047576  -0.0000012044   0.0000250679
        0.0000248698  -0.0000502192  -0.0000085047  -0.0000055744   0.0000057242
       -0.0000129922   0.0000058802  -0.0000703567   0.0000024268   0.0000007602
        0.0000193337  -0.0011303696   0.0015095730  -0.0009503755  -0.0849900997
       -0.0398476287   0.0703701686  -0.0017444128   0.0005438445  -0.0007499448
       -0.0004440998  -0.0003484783   0.0001076287  -0.0007172606   0.0004941880
       -0.0008523275  -0.0000089552  -0.0000064540   0.0000160118   0.0000050083
        0.0000048335  -0.0000076153   0.0000040616  -0.0000010410  -0.0000102606
        0.0000012447  -0.0000055709  -0.0000092382   0.0000022818  -0.0000073372
       -0.0000006523   0.0000010394  -0.0000129937   0.0000030843   0.0000097759
        0.0000355164  -0.0000212537
       -0.0000902953   0.0000828219  -0.0000263143   0.0001409386  -0.0000163244
        0.0001108808  -0.0006316352   0.0003566698  -0.0008086744   0.0004043308
       -0.0005451574  -0.0003272146   0.0029621788  -0.0026632750   0.0020019778
        0.0025686452  -0.0011449624  -0.0028255428  -0.1277866497   0.0536454078
        0.1120190996  -0.0161299235   0.0084799355   0.0184852607  -0.0011213817
       -0.0045988918   0.0043811786  -0.0000772467  -0.0000423190   0.0000022065
       -0.0000164486   0.0000227478   0.0000164265   0.0000073856   0.0000017159
        0.0000006669   0.0000028230   0.0000089171   0.0000059000   0.0000089670
        0.0000010256  -0.0000099767   0.0000033091   0.0000009840  -0.0000017841
       -0.0000012012  -0.0000034827  -0.0000027488   0.0000027131  -0.0000039822
       -0.0000000684  -0.0000080070  -0.0000067534   0.0000160076   0.0000054896
       -0.0000193197   0.0000033808  -0.0000158190   0.0000291185  -0.0000158746
        0.0000300798  -0.0000431072   0.0000415014   0.0000371045  -0.0000260802
       -0.0000110277   0.0001541531  -0.0002197824  -0.0000953952  -0.0001778567
        0.0003326795  -0.0017444128   0.1409359636  -0.0552533205  -0.1312137260
       -0.0003741462   0.0012848921  -0.0010611739  -0.0008207362   0.0003326501
        0.0010591067   0.0000102383  -0.0000000768  -0.0000207794  -0.0000046867
       -0.0000046590   0.0000083652  -0.0000085502   0.0000029788   0.0000043560
       -0.0000054700   0.0000039601   0.0000032650  -0.0000000027   0.0000057340
        0.0000021561   0.0000025079   0.0000079435  -0.0000009761  -0.0000067713
       -0.0000086882   0.0000039539
        0.0000738855  -0.0000047713   0.0000414461  -0.0001467047  -0.0000712425
       -0.0000962977   0.0005537381  -0.0000729044   0.0006179409  -0.0007612730
       -0.0003327880   0.0001324346  -0.0029692698  -0.0034047854  -0.0041016624
        0.0158839578  -0.0122373160  -0.0205711093   0.0537178776  -0.0784846675
       -0.0726171696  -0.0087404645   0.0052365018   0.0104452461  -0.0041690531
        0.0003277303  -0.0008618561   0.0000695001   0.0000287816  -0.0000150973
        0.0000151033  -0.0000204196  -0.0000101275  -0.0000133933  -0.0000019355
       -0.0000043942   0.0000033889   0.0000099603  -0.0000019290  -0.0000055014
       -0.0000001209   0.0000055948  -0.0000042236   0.0000060664   0.0000011845
        0.0000034203   0.0000051561  -0.0000014266   0.0000084259   0.0000060976
       -0.0000051882   0.0000115626   0.0000140278   0.0000024948  -0.0000099507
        0.0000049982  -0.0000012008  -0.0000034922  -0.0000061928   0.0000221868
       -0.0000346760  -0.0000323602  -0.0000120913   0.0000223534   0.0000114331
       -0.0000039243   0.0007195443  -0.0006204194  -0.0011333651   0.0013246782
        0.0001679274   0.0005438445  -0.0552533205   0.0889307630   0.0856821019
        0.0002892821   0.0002941922   0.0014968798  -0.0005784248   0.0002507749
        0.0004640627   0.0000021898  -0.0000023514  -0.0000076098   0.0000027967
        0.0000019657  -0.0000069719   0.0000039020  -0.0000010312  -0.0000024582
        0.0000024318  -0.0000026711  -0.0000033065   0.0000004428  -0.0000049555
       -0.0000010985  -0.0000038558  -0.0000011781   0.0000037685  -0.0000148777
        0.0000057342  -0.0000009017
        0.0001997378   0.0000184789   0.0001114464  -0.0006319013   0.0002804514
        0.0001986981  -0.0006381975   0.0003455143  -0.0008855027  -0.0000843204
        0.0002600021   0.0006595501   0.0018150260  -0.0044971286   0.0030431064
        0.0076304807  -0.0065361323  -0.0102854119   0.1120619001  -0.0727019486
       -0.1694488980   0.0083204292  -0.0036577427  -0.0091418206   0.0043339590
       -0.0003965963   0.0035747388  -0.0000113711  -0.0001009188  -0.0000006924
        0.0000110918  -0.0000424156   0.0000201670  -0.0000041120  -0.0000105714
        0.0000094410   0.0000037319  -0.0000011008  -0.0000009851  -0.0000079846
       -0.0000119746   0.0000110478   0.0000043154  -0.0000018442   0.0000030014
       -0.0000033197   0.0000076584  -0.0000023072   0.0000024843   0.0000137960
        0.0000005385   0.0000113552   0.0000098522  -0.0000020136   0.0000092415
        0.0000305766  -0.0000227470   0.0000004173  -0.0000283286   0.0000085955
       -0.0000050798   0.0000171042  -0.0000662465   0.0000015157   0.0000113255
        0.0000355929   0.0005096003  -0.0003985852  -0.0004394633  -0.0011331497
        0.0013457709  -0.0007499448  -0.1312137260   0.0856821019   0.1844823352
       -0.0016663062   0.0007101741  -0.0007257603   0.0004915291  -0.0003478768
       -0.0003496252  -0.0000110223   0.0000012305   0.0000137849   0.0000055890
        0.0000060151  -0.0000130279   0.0000018511  -0.0000012110  -0.0000134891
        0.0000012543  -0.0000049936  -0.0000100648   0.0000018364  -0.0000085485
       -0.0000023322  -0.0000025194  -0.0000088142   0.0000033385  -0.0000043362
        0.0000166800  -0.0000150500
       -0.0000002077   0.0001089307  -0.0000468340   0.0001068279   0.0000381332
        0.0001142754  -0.0000665891   0.0006843558   0.0000512695   0.0010270501
       -0.0003123363   0.0057291624  -0.0002764481   0.0002839609   0.0002269456
       -0.0010541996  -0.0044520881   0.0046818434  -0.0054984101  -0.0223746628
       -0.0083257202  -0.0511960229  -0.0484978517  -0.0153135868   0.0031645930
        0.0151423005   0.0074706949  -0.0000782711  -0.0001100250   0.0000254832
       -0.0000220194   0.0000175556   0.0000218946  -0.0000003785  -0.0000143013
        0.0000168696  -0.0000001798   0.0000120644   0.0000069440   0.0000115634
       -0.0000044513  -0.0000022764  -0.0000037012   0.0000091125   0.0000038910
       -0.0000014327   0.0000054025   0.0000020484   0.0000037793   0.0000047853
       -0.0000014871  -0.0000024944   0.0000022249  -0.0000011246   0.0000103424
       -0.0000082865  -0.0000141365  -0.0000147248  -0.0000070673   0.0000009400
        0.0000237585  -0.0000367209   0.0000172251   0.0000343045   0.0000230162
        0.0000251629  -0.0005715200   0.0004529286  -0.0007222020  -0.0004148415
       -0.0011844252  -0.0004440998  -0.0003741462   0.0002892821  -0.0016663062
        0.0555164722   0.0583981097   0.0092696738  -0.0003217265   0.0015235660
       -0.0011223069   0.0000057295   0.0000123630  -0.0000060608  -0.0000014359
        0.0000035637   0.0000047644  -0.0000030000   0.0000013218  -0.0000024871
       -0.0000008495   0.0000029931  -0.0000012527   0.0000008468  -0.0000000419
       -0.0000001050   0.0000003952   0.0000007504   0.0000002119  -0.0000030637
       -0.0000144627   0.0000006860
        0.0002304892  -0.0000611546   0.0001673681  -0.0007724408   0.0000839129
       -0.0000581610   0.0003803344  -0.0007512188  -0.0003405800   0.0000833418
        0.0018599496  -0.0037622555   0.0000956060   0.0007658736   0.0005111552
       -0.0048964994   0.0004116293  -0.0005832116  -0.0054526780  -0.0172445379
       -0.0063511172  -0.0485702807  -0.2484798609  -0.0894303804  -0.0016083873
       -0.0134940807  -0.0074599116   0.0001439177   0.0000858306  -0.0000441874
        0.0000523836  -0.0000721187  -0.0000190392  -0.0000180005  -0.0000022415
       -0.0000036323  -0.0000017100   0.0000107391   0.0000122622  -0.0000088876
       -0.0000007207   0.0000011771  -0.0000077349   0.0000146021   0.0000101812
        0.0000008843   0.0000157570  -0.0000050712   0.0000058706   0.0000107559
       -0.0000108054   0.0000132924   0.0000132554  -0.0000071203  -0.0000106697
        0.0000335284  -0.0000158002  -0.0000033622  -0.0000191223   0.0000455104
       -0.0000656513  -0.0000403583  -0.0000531598   0.0000204967   0.0000026729
       -0.0000012717   0.0004686655  -0.0002725605   0.0005496018  -0.0002763102
       -0.0009716737  -0.0003484783   0.0012848921   0.0002941922   0.0007101741
        0.0583981097   0.2774420192   0.1050774995   0.0004981252   0.0003778949
        0.0014649560  -0.0000016984  -0.0000088407   0.0000059493   0.0000144817
        0.0000112863  -0.0000174309   0.0000144340  -0.0000006219  -0.0000111223
        0.0000068669  -0.0000047619  -0.0000138790  -0.0000022118  -0.0000115610
       -0.0000075537  -0.0000109991  -0.0000102293   0.0000011789  -0.0000046696
        0.0000117638  -0.0000128448
        0.0001071582  -0.0001239636   0.0001680612  -0.0002332640   0.0000536586
       -0.0000955456  -0.0002271186  -0.0012227971  -0.0005602173   0.0058819186
       -0.0037709960   0.0013294398   0.0003505853   0.0004820563  -0.0002028324
        0.0043808831  -0.0008592058   0.0036561731   0.0020446084   0.0076776186
        0.0037112530  -0.0154370867  -0.0895757547  -0.0763483271  -0.0028873342
       -0.0209653196  -0.0097564924   0.0001217699   0.0001698927  -0.0000019820
        0.0000469270  -0.0000723278  -0.0000593091  -0.0000208618  -0.0000112949
       -0.0000086661  -0.0000068027  -0.0000010634   0.0000030398  -0.0000067193
       -0.0000024480   0.0000016812  -0.0000049868   0.0000008844   0.0000150211
        0.0000047378   0.0000049983   0.0000036264   0.0000082581   0.0000070819
       -0.0000034888   0.0000093560  -0.0000052855   0.0000138802  -0.0000087530
        0.0000370386  -0.0000020371   0.0000011664   0.0000074972   0.0000415068
       -0.0000028262  -0.0000356668  -0.0000838101  -0.0000013033   0.0000047477
       -0.0000315060  -0.0006983224   0.0005434209  -0.0008229769   0.0001341082
        0.0004441067   0.0001076287  -0.0010611739   0.0014968798  -0.0007257603
        0.0092696738   0.1050774995   0.0806811961  -0.0017792493   0.0006642342
       -0.0009918727  -0.0000132655  -0.0000169859   0.0000072155   0.0000059493
        0.0000012912  -0.0000274591   0.0000044748  -0.0000077256  -0.0000145789
        0.0000028325  -0.0000094480  -0.0000069036   0.0000049672  -0.0000116796
        0.0000063154   0.0000019951  -0.0000072402   0.0000106269   0.0000076979
        0.0000262961  -0.0000128995
        0.0000123883   0.0004476306  -0.0000628299  -0.0002314049  -0.0001707600
       -0.0000165018  -0.0003439512   0.0015656693  -0.0007964670  -0.0060906598
       -0.0067169675   0.0021022998   0.0026061636  -0.0030718439   0.0018359218
        0.0005828307   0.0004722807  -0.0003320863   0.0012548104   0.0004502551
        0.0058638953  -0.0168764996  -0.0095936047   0.0082906851  -0.1941737354
       -0.1061910869   0.0717009996  -0.0000769915  -0.0002034104   0.0000345413
       -0.0000391896  -0.0000257051   0.0000354541  -0.0000175872  -0.0000248098
        0.0000210893  -0.0000005213   0.0000195838   0.0000069237   0.0000044710
       -0.0000171048   0.0000045658  -0.0000081200   0.0000250689   0.0000099480
       -0.0000029876   0.0000153084   0.0000059079  -0.0000007281   0.0000204231
       -0.0000007887   0.0000134069   0.0000153659  -0.0000112723   0.0000107699
        0.0000127612  -0.0000463219  -0.0001268896   0.0000257019   0.0000595592
       -0.0000107711  -0.0001279889   0.0000754625  -0.0000527410   0.0002238808
        0.0000078312  -0.0004805412  -0.0001500877   0.0000798181  -0.0005411438
        0.0004484774  -0.0007172606  -0.0008207362  -0.0005784248   0.0004915291
       -0.0003217265   0.0004981252  -0.0017792493   0.2156809884   0.1226507177
       -0.0868288012   0.0000507337   0.0000248834  -0.0000069145   0.0000076237
        0.0000026993  -0.0000076545   0.0000047683  -0.0000064592  -0.0000077552
        0.0000051893  -0.0000056042  -0.0000084652  -0.0000011061  -0.0000103849
       -0.0000012669  -0.0000060141  -0.0000075976   0.0000041146  -0.0000100985
       -0.0000169922  -0.0000069110
        0.0002177465  -0.0000413988   0.0002172749  -0.0002051702  -0.0004176554
       -0.0002823705   0.0000742685   0.0012812971   0.0018050052  -0.0229572319
       -0.0163605186   0.0085050471  -0.0024798968  -0.0035443568  -0.0044881543
        0.0006014784  -0.0000856036  -0.0004141186  -0.0001280542   0.0014837164
       -0.0037887103   0.0076764995   0.0050544201  -0.0030752009  -0.1069895590
       -0.1121017594   0.0409686294   0.0001077203   0.0000539110  -0.0001209985
        0.0000016522  -0.0001195155   0.0000435457   0.0000020290   0.0000177079
       -0.0000367763  -0.0000173293   0.0000586376   0.0000346065  -0.0000202704
        0.0000170142   0.0000199979  -0.0000034193   0.0000326724   0.0000134238
       -0.0000084282   0.0000129978   0.0000158020   0.0000129500  -0.0000093708
       -0.0000162613   0.0000213865   0.0000633241   0.0000168527  -0.0000395743
       -0.0000560604   0.0000519712  -0.0000539888   0.0001079030   0.0000592741
       -0.0001327247  -0.0003030702   0.0002557097   0.0005047105   0.0000156761
        0.0000031035  -0.0011491643  -0.0010205584   0.0005992410   0.0004586923
       -0.0002763614   0.0004941880   0.0003326501   0.0002507749  -0.0003478768
        0.0015235660   0.0003778949   0.0006642342   0.1226507177   0.1253596374
       -0.0411045295   0.0000616940   0.0001279762  -0.0001357576  -0.0000099624
        0.0000093736   0.0000135047  -0.0000034293   0.0000105819   0.0000065183
       -0.0000021267   0.0000068988   0.0000006714  -0.0000034804   0.0000035045
        0.0000036089  -0.0000063600   0.0000144243   0.0000057520  -0.0000375917
       -0.0000241150   0.0000127923
        0.0000687714   0.0000318037  -0.0000216492   0.0000297323   0.0001471848
        0.0005749901  -0.0028687108   0.0006436469  -0.0000799255  -0.0061068959
       -0.0062226886   0.0025841543   0.0019549317  -0.0041490800   0.0030581440
       -0.0001643753  -0.0003506106  -0.0002943083   0.0055367905  -0.0041308440
        0.0010079707   0.0179038279   0.0109073343  -0.0084179701   0.0718273345
        0.0418323652  -0.0669930398  -0.0001003361   0.0000025892  -0.0000330945
       -0.0000015909  -0.0001581228  -0.0000069005   0.0000205155   0.0000381316
       -0.0000169880  -0.0000198019   0.0000291325   0.0000262099   0.0000025648
        0.0000083106   0.0000155626  -0.0000028212   0.0000001963  -0.0000039586
       -0.0000004242   0.0000004271  -0.0000006500   0.0000063755  -0.0000037331
       -0.0000167778  -0.0000191036   0.0000185674   0.0000326151   0.0000063368
       -0.0000200005  -0.0000045056   0.0000033009  -0.0000289884  -0.0000814669
        0.0000235787   0.0001956018  -0.0001031581  -0.0000117438   0.0000028469
        0.0001670916  -0.0005429108  -0.0002461133   0.0000092990  -0.0007087709
        0.0005280499  -0.0008523275   0.0010591067   0.0004640627  -0.0003496252
       -0.0011223069   0.0014649560  -0.0009918727  -0.0868288012  -0.0411045295
        0.0708934970   0.0000527883   0.0000421741  -0.0000848200   0.0000033885
        0.0000093527  -0.0000055222  -0.0000052417   0.0000166691  -0.0000006607
        0.0000001508   0.0000034261  -0.0000012030   0.0000009765   0.0000035826
       -0.0000013875   0.0000007001   0.0000101679  -0.0000014198   0.0000026637
        0.0000141315  -0.0000063028
        0.0001771408  -0.0000667310  -0.0005408476  -0.0020872271  -0.0008012166
       -0.0013645113  -0.0002716156   0.0002536254   0.0002335532  -0.0002050662
        0.0002144316   0.0002364011   0.0000036801  -0.0000068320  -0.0000282458
        0.0000152831  -0.0000099821  -0.0000019531   0.0000264245   0.0000210226
       -0.0000113207  -0.0000067532   0.0000367705   0.0000480679  -0.0000783569
       -0.0000563984  -0.0000245048   0.0021640646  -0.0094418413  -0.0011027086
       -0.0418183371   0.0391325426   0.0119336569  -0.0017953430   0.0137375440
        0.0045161015   0.0033444657   0.0006791676   0.0049712575  -0.0001843686
       -0.0002126090  -0.0000923479  -0.0010827952  -0.0000478652  -0.0006237511
        0.0000428740  -0.0000109030  -0.0000258498  -0.0006897196  -0.0000559976
       -0.0003187912   0.0002220972  -0.0004222543   0.0000387969   0.0065348169
       -0.0007244125   0.0048318089  -0.0000266930   0.0000109377  -0.0000406703
       -0.0001215664  -0.0000076683  -0.0001275002   0.0000283842   0.0000295308
       -0.0000687102   0.0000169358   0.0000038417  -0.0000074691   0.0000100077
        0.0000015534  -0.0000089552   0.0000102383   0.0000021898  -0.0000110223
        0.0000057295  -0.0000016984  -0.0000132655   0.0000507337   0.0000616940
        0.0000527883   0.0368176427  -0.0432452425  -0.0216701435  -0.0013355389
        0.0003128871  -0.0011578672  -0.0001843082   0.0006730500   0.0001850494
        0.0000269886  -0.0000363992   0.0000042545   0.0002312438   0.0000056652
        0.0001358693  -0.0000120250  -0.0000307401  -0.0000159924   0.0001709630
        0.0000023373   0.0000688225
       -0.0000180251  -0.0001033673  -0.0000760213   0.0008378303  -0.0001989473
       -0.0008099894  -0.0003047908   0.0008287372  -0.0002211441  -0.0002147774
       -0.0002659349   0.0001100382   0.0000360960   0.0000133294  -0.0000235451
        0.0000345809   0.0000005070  -0.0000448290   0.0000435561   0.0000301504
       -0.0000195018  -0.0000104205  -0.0000327408   0.0000069556   0.0000283574
       -0.0000893823  -0.0001042064   0.0021987151  -0.0250430495  -0.0018275649
        0.0388204454  -0.2816164655  -0.0519765810   0.0023052805  -0.0098666637
       -0.0036352420   0.0011751867   0.0006116811  -0.0017071555  -0.0001995236
        0.0007266503   0.0002658547  -0.0001359043   0.0002369196   0.0000905372
       -0.0000275336   0.0001589599   0.0000356673  -0.0001517605  -0.0001474149
        0.0001691556   0.0003222756  -0.0010937380  -0.0005539486  -0.0013514645
       -0.0021864304   0.0035182385  -0.0000560302   0.0000168873  -0.0001133267
       -0.0000090297   0.0000076078  -0.0000746745   0.0001504899   0.0000918076
        0.0001696770   0.0000046055  -0.0000236294  -0.0000031730   0.0000035927
       -0.0000103386  -0.0000064540  -0.0000000768  -0.0000023514   0.0000012305
        0.0000123630  -0.0000088407  -0.0000169859   0.0000248834   0.0001279762
        0.0000421741  -0.0432452425   0.3176402345   0.0563239132  -0.0004478873
        0.0009621473   0.0005931741   0.0001074745  -0.0005198315  -0.0000795732
        0.0000175159   0.0000070931  -0.0000344239   0.0000208643  -0.0000629319
        0.0000032926  -0.0000021979  -0.0001659774   0.0000219661   0.0000305517
       -0.0000226529  -0.0000235343
        0.0001263537   0.0000306882  -0.0002683895  -0.0016384846   0.0016031978
       -0.0002297040  -0.0003161627  -0.0000314955   0.0004215506   0.0000072872
       -0.0000214815  -0.0000199424  -0.0000036101   0.0000415881   0.0000223080
       -0.0000382911   0.0000099871   0.0000331652  -0.0000546583  -0.0000296267
        0.0000233491  -0.0000045302  -0.0000475985  -0.0000240111   0.0000954318
        0.0001481702   0.0000240489  -0.0019058351   0.0173666405   0.0033227564
        0.0122396169  -0.0515603023  -0.0532085798   0.0048981676  -0.0243815716
       -0.0061825110   0.0049676011  -0.0013630130  -0.0028980628   0.0000967543
        0.0004292991  -0.0004766169  -0.0005950680  -0.0001345880  -0.0003073110
        0.0000621845  -0.0000096213  -0.0000831256  -0.0003254547   0.0002867822
       -0.0002453010  -0.0000268924   0.0007917196   0.0003352939   0.0049275525
        0.0027728028  -0.0000480442   0.0000499876  -0.0001110924   0.0000863704
       -0.0000389540  -0.0000373988  -0.0000573656  -0.0001380427   0.0000400989
       -0.0000988590  -0.0000277924  -0.0000206095   0.0000154072  -0.0000224118
       -0.0000025165   0.0000160118  -0.0000207794  -0.0000076098   0.0000137849
       -0.0000060608   0.0000059493   0.0000072155  -0.0000069145  -0.0001357576
       -0.0000848200  -0.0216701435   0.0563239132   0.0600147483  -0.0010730626
       -0.0008127327   0.0000946332   0.0003073034  -0.0012869677  -0.0004188455
        0.0000027893   0.0000617703   0.0000202732   0.0001250686   0.0000003774
        0.0000711477  -0.0000208458   0.0000769218  -0.0000005865   0.0000278963
        0.0000040768   0.0001300117
        0.0000701598   0.0001275085   0.0001518917  -0.0002129430  -0.0006072659
        0.0000643582  -0.0000966475  -0.0000714217   0.0001354565   0.0000999972
        0.0000614370  -0.0000469399  -0.0000214017   0.0000173688   0.0000199970
        0.0000141404  -0.0000024394  -0.0000129140  -0.0000036018   0.0000076100
        0.0000040270   0.0000166430  -0.0000011087   0.0000008244  -0.0000732933
        0.0000357188   0.0000352672   0.0032447736   0.0007529874   0.0050743281
       -0.0040609686  -0.0099659356   0.0104778655  -0.0609194500  -0.0566812805
        0.0530872708   0.0017997437   0.0025038743  -0.0023311225   0.0074201971
        0.0013493261   0.0039320065   0.0001811316   0.0001314177  -0.0000021571
       -0.0006045424   0.0000876943  -0.0004623575  -0.0000040831   0.0000803263
        0.0000437162  -0.0010691720  -0.0000623399  -0.0006285281  -0.0002451961
        0.0004426485  -0.0002384671  -0.0000383514   0.0000267391  -0.0000187754
       -0.0000048640   0.0000213084   0.0000170888  -0.0000095405  -0.0000203495
        0.0000171581   0.0000058409  -0.0000089011  -0.0000003644  -0.0000102846
       -0.0000016948   0.0000050083  -0.0000046867   0.0000027967   0.0000055890
       -0.0000014359   0.0000144817   0.0000059493   0.0000076237  -0.0000099624
        0.0000033885  -0.0013355389  -0.0004478873  -0.0010730626   0.0576274273
        0.0619881916  -0.0666316932  -0.0021991872   0.0002495785  -0.0018297194
        0.0001780885  -0.0000280914   0.0000603875  -0.0000012290  -0.0000001996
       -0.0000143909   0.0002195295  -0.0000075592   0.0001405980   0.0000311214
        0.0000154234   0.0000083155
       -0.0000560122  -0.0000329131  -0.0000329772   0.0001707347   0.0000841937
       -0.0002796935   0.0000124577   0.0000797879   0.0000519789   0.0000358018
       -0.0000903636  -0.0000603212  -0.0000189983   0.0000110517   0.0000303473
        0.0000078734   0.0000013724  -0.0000209702   0.0000058096   0.0000041294
       -0.0000006714   0.0000103844  -0.0000091574  -0.0000155170  -0.0000243666
        0.0000188221   0.0000077005   0.0009574312   0.0008355666  -0.0012470162
        0.0012857145   0.0038843202  -0.0026089460  -0.0566722544  -0.1770248858
        0.1146449338  -0.0089774677  -0.0252136817   0.0183784819   0.0017468215
       -0.0050202218  -0.0018367495  -0.0006397506  -0.0008762277   0.0011486847
        0.0000074798  -0.0003495554  -0.0000876400   0.0000682453   0.0000931960
       -0.0001163658   0.0000533608   0.0001856588  -0.0002006221   0.0002731865
        0.0000141525  -0.0005323457  -0.0000044631  -0.0000156257  -0.0000237845
       -0.0000034172  -0.0000025754   0.0000236772   0.0000104327   0.0000183258
        0.0000013852  -0.0000024487  -0.0000136049   0.0000036879  -0.0000099197
       -0.0000047748   0.0000048335  -0.0000046590   0.0000019657   0.0000060151
        0.0000035637   0.0000112863   0.0000012912   0.0000026993   0.0000093736
        0.0000093527   0.0003128871   0.0009621473  -0.0008127327   0.0619881916
        0.2018371518  -0.1271270409  -0.0004486183   0.0007858831   0.0004793479
       -0.0000228748   0.0000527268   0.0000571443  -0.0000350285  -0.0001703541
        0.0000742788  -0.0000013029  -0.0000484019   0.0000300451  -0.0000314936
       -0.0000187685   0.0000502079
        0.0000189708  -0.0001147996  -0.0002383935  -0.0000245435   0.0011991333
       -0.0001339354   0.0003295394  -0.0000511202  -0.0001812292  -0.0001993693
       -0.0000929008   0.0001395001   0.0000399839  -0.0000094776  -0.0000678043
       -0.0000239920   0.0000071758   0.0000307709  -0.0000033101  -0.0000073955
       -0.0000017418  -0.0000167233  -0.0000023924   0.0000223099   0.0001150020
       -0.0000677147  -0.0000783731   0.0051339501  -0.0014689781  -0.0032174344
        0.0097398689   0.0178120338  -0.0179041489   0.0529457313   0.1149529760
       -0.1399505381  -0.0013353577  -0.0027740166   0.0033159741   0.0038155463
       -0.0010505952   0.0027991717   0.0000713983  -0.0002204430   0.0000772157
       -0.0003990475  -0.0000946791  -0.0001383036  -0.0000094726  -0.0000360312
        0.0000296054  -0.0006351855  -0.0000773676  -0.0002677936  -0.0002691967
       -0.0006071962   0.0001797599   0.0000468301  -0.0000292369   0.0000558949
       -0.0000312325  -0.0000125998  -0.0000599912   0.0000314974   0.0000267645
       -0.0000060410  -0.0000143620  -0.0000040869   0.0000161351   0.0000142906
        0.0000042971  -0.0000076153   0.0000083652  -0.0000069719  -0.0000130279
        0.0000047644  -0.0000174309  -0.0000274591  -0.0000076545   0.0000135047
       -0.0000055222  -0.0011578672   0.0005931741   0.0000946332  -0.0666316932
       -0.1271270409   0.1553180361  -0.0017400342  -0.0007872973   0.0000219590
        0.0000628772   0.0000529139   0.0000943529  -0.0000122877   0.0000157647
        0.0000054618   0.0001344263   0.0000242811   0.0000603840  -0.0000017128
       -0.0000422466   0.0000381877
        0.0001257009  -0.0000492066  -0.0002492554  -0.0013495948  -0.0001443428
       -0.0010941307  -0.0003101682   0.0001136220   0.0004162847   0.0000491674
        0.0000743289  -0.0000681260  -0.0000286575   0.0000162097   0.0000276851
        0.0000094319  -0.0000032002  -0.0000098799  -0.0000054288   0.0000016921
        0.0000000938   0.0000188324  -0.0000029582  -0.0000025422  -0.0000608436
        0.0000385816   0.0000467642   0.0003205834  -0.0001760745  -0.0001589705
        0.0070938329   0.0016523985   0.0036543630  -0.0025873902   0.0024788699
        0.0057430390  -0.0944119190   0.0315229990   0.1071827172  -0.0048828267
        0.0014590653   0.0108150669  -0.0012259156   0.0006842739  -0.0012128254
       -0.0000815435   0.0001718253  -0.0000862117  -0.0001007729   0.0000869630
       -0.0001867926  -0.0003629094   0.0003224649   0.0002972598   0.0041358562
       -0.0017998329   0.0030712060  -0.0000055929  -0.0000033241  -0.0000176255
       -0.0000598116  -0.0000019362  -0.0000699489  -0.0000059561   0.0000033577
       -0.0000126367   0.0000019145  -0.0000052744  -0.0000032509  -0.0000135567
       -0.0000011814   0.0000040616  -0.0000085502   0.0000039020   0.0000018511
       -0.0000030000   0.0000144340   0.0000044748   0.0000047683  -0.0000034293
       -0.0000052417  -0.0001843082   0.0001074745   0.0003073034  -0.0021991872
       -0.0004486183  -0.0017400342   0.0954737933  -0.0355791235  -0.1268753698
        0.0002531880  -0.0004322013  -0.0001320582   0.0001769556   0.0000122378
        0.0000450661   0.0000260645  -0.0000298258   0.0000004860   0.0001978435
       -0.0000841705   0.0003071777
        0.0000132156   0.0000028245  -0.0000366388  -0.0001041458  -0.0000107205
        0.0000876445   0.0000213740   0.0000594656  -0.0000610920  -0.0000590879
        0.0000005332   0.0000581364   0.0000197003  -0.0000012130  -0.0000246457
        0.0000011279   0.0000089874   0.0000026538   0.0000115445   0.0000054145
       -0.0000013956  -0.0000034709   0.0000038108   0.0000104512   0.0000130731
       -0.0000302886  -0.0000238274  -0.0001016950  -0.0003934257   0.0002453624
        0.0012446230  -0.0052780924  -0.0009874173   0.0145139721  -0.0094500765
       -0.0252175886   0.0306732719  -0.0600558874  -0.0528967539  -0.0091066959
        0.0047494794   0.0160545604  -0.0011249268   0.0011066110   0.0018118123
        0.0001624282   0.0001403776  -0.0003010128  -0.0000304685   0.0002017491
        0.0000126063  -0.0004932025   0.0001324878   0.0008486800  -0.0010629655
       -0.0028279741   0.0025022647  -0.0000072365  -0.0000048651  -0.0000148216
        0.0000010228  -0.0000023178  -0.0000213569   0.0000151970   0.0000037930
        0.0000278645   0.0000038825  -0.0000061109   0.0000056938   0.0000055855
       -0.0000011577  -0.0000010410   0.0000029788  -0.0000010312  -0.0000012110
        0.0000013218  -0.0000006219  -0.0000077256  -0.0000064592   0.0000105819
        0.0000166691   0.0006730500  -0.0005198315  -0.0012869677   0.0002495785
        0.0007858831  -0.0007872973  -0.0355791235   0.0724296015   0.0599995985
        0.0001097031  -0.0008370642  -0.0001429887   0.0000173183   0.0000032758
       -0.0000160160   0.0000305006  -0.0000051837  -0.0000486826  -0.0001049916
       -0.0002190139   0.0001944829
        0.0000893245  -0.0000452433  -0.0001847768  -0.0010162763   0.0000936294
       -0.0000898583  -0.0000635537  -0.0000155324   0.0000324845  -0.0001335803
        0.0001472582   0.0001373262   0.0000450784  -0.0000092537  -0.0000656167
       -0.0000088606   0.0000042603   0.0000266297   0.0000031633  -0.0000023555
       -0.0000089752  -0.0000098268   0.0000109025   0.0000296493   0.0000370447
       -0.0000502828  -0.0000311531  -0.0001748913   0.0002472098   0.0004725072
        0.0036757163  -0.0016068348   0.0028497514   0.0048807049  -0.0039912160
       -0.0076927774   0.1072583482  -0.0539773467  -0.2203270273   0.0113057669
       -0.0030651542  -0.0187858880  -0.0010864937  -0.0015348654   0.0001136545
       -0.0000303335  -0.0003056283  -0.0000787561  -0.0002436228  -0.0001153862
        0.0001941816   0.0003727947  -0.0005816756  -0.0008600881   0.0034068385
        0.0033063235  -0.0003610867   0.0000390892  -0.0000023376   0.0000418575
       -0.0000235072   0.0000048986  -0.0000840771   0.0000088151  -0.0000029767
        0.0000252409  -0.0000091068   0.0000042999   0.0000014494   0.0000120490
        0.0000048171  -0.0000102606   0.0000043560  -0.0000024582  -0.0000134891
       -0.0000024871  -0.0000111223  -0.0000145789  -0.0000077552   0.0000065183
       -0.0000006607   0.0001850494  -0.0000795732  -0.0004188455  -0.0018297194
        0.0004793479   0.0000219590  -0.1268753698   0.0599995985   0.2446423076
       -0.0001531186   0.0007974366   0.0004176447   0.0000367288  -0.0000207456
        0.0001337893  -0.0000004656   0.0000533705   0.0000341583   0.0003081003
        0.0002601173  -0.0001466755
       -0.0000652048  -0.0000008095   0.0000899749   0.0004541529   0.0000340106
        0.0000473588  -0.0000335030   0.0000326592  -0.0000337245   0.0000587180
       -0.0000587939  -0.0000555736  -0.0000246436   0.0000099590   0.0000236215
        0.0000038160   0.0000047362  -0.0000136758  -0.0000038128  -0.0000007710
       -0.0000012256   0.0000065220  -0.0000069716  -0.0000115823  -0.0000300630
        0.0000243827   0.0000089677  -0.0003872704  -0.0000267896   0.0002643684
       -0.0001144832  -0.0000973161  -0.0001982720  -0.0001623363  -0.0000459789
        0.0000783660  -0.0012193089  -0.0008939278  -0.0011788184  -0.0021293130
        0.0027417640   0.0058165600  -0.0950669854   0.0301299453   0.1074321404
       -0.0055254677   0.0016389826   0.0111001140   0.0066910404  -0.0018707583
        0.0048417799   0.0001154938   0.0000863930  -0.0004206900   0.0044729289
        0.0010950548   0.0025740520  -0.0000162337  -0.0000007510  -0.0000172234
        0.0000088228  -0.0000119755   0.0000354619  -0.0000026657   0.0000025236
       -0.0000088593   0.0000047276  -0.0000044125  -0.0000028326  -0.0000090909
       -0.0000015364   0.0000012447  -0.0000054700   0.0000024318   0.0000012543
       -0.0000008495   0.0000068669   0.0000028325   0.0000051893  -0.0000021267
        0.0000001508   0.0000269886   0.0000175159   0.0000027893   0.0001780885
       -0.0000228748   0.0000628772   0.0002531880   0.0001097031  -0.0001531186
        0.0965678348  -0.0331785929  -0.1279820357  -0.0022141115   0.0002041414
       -0.0018176855  -0.0003474917   0.0001186536   0.0004501544  -0.0014892065
       -0.0000353373  -0.0009387514
        0.0000261753   0.0000267339  -0.0000806787  -0.0001304256  -0.0003431892
        0.0002535693   0.0000975982  -0.0000923517  -0.0001394427  -0.0000291081
        0.0001014958   0.0000415913   0.0000397964  -0.0000146279  -0.0000535300
        0.0000008581   0.0000093310   0.0000121103   0.0000081986  -0.0000007240
       -0.0000030049  -0.0000067123   0.0000053272   0.0000168017   0.0000280224
       -0.0000310478  -0.0000157449   0.0006679715  -0.0004244061  -0.0013553916
       -0.0000272014   0.0002823092   0.0000014569  -0.0000531709   0.0003754026
        0.0000767754   0.0010024010   0.0008826760  -0.0019222042   0.0138119532
       -0.0086543143  -0.0238731564   0.0304829098  -0.0590872383  -0.0524533807
       -0.0103018463   0.0044114840   0.0179763724  -0.0013567013  -0.0023678448
        0.0028373710  -0.0001698361  -0.0003880260   0.0003215067   0.0006890984
       -0.0052922867  -0.0006587300   0.0000169631  -0.0000248656   0.0000355789
        0.0000044436  -0.0000015535  -0.0000243834   0.0000156059   0.0000141388
        0.0000188628  -0.0000059601  -0.0000090134   0.0000069969   0.0000086843
       -0.0000007686  -0.0000055709   0.0000039601  -0.0000026711  -0.0000049936
        0.0000029931  -0.0000047619  -0.0000094480  -0.0000056042   0.0000068988
        0.0000034261  -0.0000363992   0.0000070931   0.0000617703  -0.0000280914
        0.0000527268   0.0000529139  -0.0004322013  -0.0008370642   0.0007974366
       -0.0331785929   0.0703046226   0.0564512582  -0.0005162471   0.0009256562
        0.0007176968  -0.0005657822   0.0001366988   0.0009103891  -0.0000637525
        0.0000341600   0.0000057752
       -0.0000063519  -0.0000043484  -0.0000037181   0.0000682172  -0.0000217169
        0.0003508673   0.0000975322  -0.0001078427  -0.0001900777  -0.0000688601
        0.0000847142   0.0000927102   0.0000395215  -0.0000140864  -0.0000538885
       -0.0000123814   0.0000057801   0.0000258792   0.0000006045  -0.0000069075
       -0.0000087785  -0.0000095935   0.0000051573   0.0000152788   0.0000402022
       -0.0000343668  -0.0000320519   0.0001495734   0.0001790162  -0.0006370206
       -0.0001853281   0.0001383659   0.0001066743   0.0000626289   0.0000901994
       -0.0002473096  -0.0013358448   0.0013937533   0.0003793586   0.0055993626
       -0.0050273435  -0.0083808351   0.1076504044  -0.0511197021  -0.2201504000
        0.0111708068  -0.0033851319  -0.0186970858   0.0049477115   0.0035102632
        0.0005726909  -0.0003882313   0.0003974337   0.0005192217   0.0022683494
       -0.0016332649   0.0020432087   0.0000380382   0.0000110962   0.0000262614
        0.0000065793   0.0000075508  -0.0000231087  -0.0000041086  -0.0000157396
        0.0000149216  -0.0000085685   0.0000070340  -0.0000044941   0.0000098495
        0.0000046481  -0.0000092382   0.0000032650  -0.0000033065  -0.0000100648
       -0.0000012527  -0.0000138790  -0.0000069036  -0.0000084652   0.0000006714
       -0.0000012030   0.0000042545  -0.0000344239   0.0000202732   0.0000603875
        0.0000571443   0.0000943529  -0.0001320582  -0.0001429887   0.0004176447
       -0.1279820357   0.0564512582   0.2453579229  -0.0017741357  -0.0005437263
       -0.0001255988   0.0005704083  -0.0002316202  -0.0009689380  -0.0008704812
       -0.0000036910  -0.0004865513
        0.0000011781   0.0000240171  -0.0000028040   0.0000583151  -0.0000762912
        0.0000174275  -0.0000062880   0.0000145226  -0.0000172089   0.0000221127
       -0.0000157488  -0.0000085237  -0.0000100541   0.0000032489   0.0000094722
        0.0000016598   0.0000082756   0.0000020204   0.0000039367  -0.0000048697
       -0.0000023350  -0.0000018103   0.0000007332  -0.0000020357  -0.0000123300
        0.0000092983   0.0000015004  -0.0010996041  -0.0000102357  -0.0006406715
        0.0000255384  -0.0000046008   0.0000226968  -0.0006868782  -0.0001237477
       -0.0003027749   0.0002160444  -0.0004753428  -0.0000192510   0.0067714989
       -0.0013254961   0.0050922587   0.0018439604  -0.0095149612  -0.0016869887
       -0.0425225110   0.0366131506   0.0123394893  -0.0017132464   0.0142732471
        0.0045354327   0.0030534193   0.0008636659   0.0051317262  -0.0002879315
       -0.0002714005   0.0001436307  -0.0000327933  -0.0000000990  -0.0000152972
        0.0000022488  -0.0000053059  -0.0000048754  -0.0000027117   0.0000114056
       -0.0000019191   0.0000120191   0.0000008750  -0.0000053730  -0.0000003269
       -0.0000011992   0.0000022818  -0.0000000027   0.0000004428   0.0000018364
        0.0000008468  -0.0000022118   0.0000049672  -0.0000011061  -0.0000034804
        0.0000009765   0.0002312438   0.0000208643   0.0001250686  -0.0000012290
       -0.0000350285  -0.0000122877   0.0001769556   0.0000173183   0.0000367288
       -0.0022141115  -0.0005162471  -0.0017741357   0.0376233547  -0.0405957261
       -0.0220414294  -0.0012421690   0.0003972167  -0.0011561926  -0.0002092287
        0.0007237104   0.0002265894
        0.0000202354  -0.0000104534  -0.0000607467  -0.0001484429   0.0000927677
        0.0002600454   0.0000846875  -0.0000731159  -0.0001397041  -0.0000934317
        0.0000707557   0.0001100550   0.0000471798  -0.0000132669  -0.0000574268
       -0.0000130976   0.0000043419   0.0000194372   0.0000046208  -0.0000009089
       -0.0000025550  -0.0000124297   0.0000095946   0.0000181792   0.0000474223
       -0.0000476452  -0.0000351094  -0.0000562456   0.0002254698  -0.0000079912
       -0.0000085495   0.0001558079   0.0000217317  -0.0001218628  -0.0001669936
        0.0001997872   0.0003653989  -0.0010943829  -0.0005856422  -0.0017238147
       -0.0020319280   0.0035064698   0.0024982786  -0.0255738913  -0.0033167089
        0.0365444774  -0.2817871404  -0.0535874374   0.0023258426  -0.0097406167
       -0.0036166492   0.0011347701   0.0006594994  -0.0016485297  -0.0002107569
        0.0006824707   0.0003249576   0.0000420839  -0.0000066679   0.0000403273
        0.0000062995   0.0000100312  -0.0000337144  -0.0000001229  -0.0000041921
        0.0000238381  -0.0000124580  -0.0000037769   0.0000071512   0.0000135968
        0.0000020430  -0.0000073372   0.0000057340  -0.0000049555  -0.0000085485
       -0.0000000419  -0.0000115610  -0.0000116796  -0.0000103849   0.0000035045
        0.0000035826   0.0000056652  -0.0000629319   0.0000003774  -0.0000001996
       -0.0001703541   0.0000157647   0.0000122378   0.0000032758  -0.0000207456
        0.0002041414   0.0009256562  -0.0005437263  -0.0405957261   0.3174996711
        0.0586684205  -0.0004143718   0.0009541305   0.0005800487   0.0000592648
       -0.0004942374  -0.0001159216
       -0.0000390587  -0.0000412187  -0.0000068908   0.0000521743   0.0000737377
        0.0000218019  -0.0000410871  -0.0000348734  -0.0000060489  -0.0000259743
        0.0000365497   0.0000251496   0.0000143925  -0.0000063802  -0.0000020471
       -0.0000077016  -0.0000062038   0.0000111168  -0.0000011589  -0.0000092489
       -0.0000058330   0.0000061855   0.0000026074  -0.0000053580   0.0000102401
       -0.0000059857  -0.0000094798  -0.0006731360  -0.0000810214  -0.0003317514
        0.0000601448  -0.0000012948  -0.0000726975  -0.0003680842   0.0002382779
       -0.0002754934  -0.0000543222   0.0007364510   0.0002744245   0.0052178213
        0.0027699743   0.0005103105  -0.0020662925   0.0176690173   0.0035674137
        0.0123026979  -0.0537967933  -0.0536695198   0.0048957351  -0.0241899183
       -0.0064240706   0.0051774477  -0.0012765522  -0.0026102071   0.0000880909
        0.0004491375  -0.0003692509   0.0000577621   0.0000157337   0.0000194323
       -0.0000017720   0.0000141469   0.0000171691  -0.0000010244  -0.0000130610
       -0.0000002254  -0.0000179644   0.0000080272  -0.0000034409   0.0000036970
        0.0000021400  -0.0000006523   0.0000021561  -0.0000010985  -0.0000023322
       -0.0000001050  -0.0000075537   0.0000063154  -0.0000012669   0.0000036089
       -0.0000013875   0.0001358693   0.0000032926   0.0000711477  -0.0000143909
        0.0000742788   0.0000054618   0.0000450661  -0.0000160160   0.0001337893
       -0.0018176855   0.0007176968  -0.0001255988  -0.0220414294   0.0586684205
        0.0596818833  -0.0011331156  -0.0007530065   0.0000289947   0.0002360890
       -0.0012428718  -0.0004521253
       -0.0000301723   0.0000238383  -0.0000069906   0.0001255719   0.0000349792
        0.0002227463   0.0000436006  -0.0000285429  -0.0000862018  -0.0000152071
       -0.0000194773   0.0000297111   0.0000090498   0.0000072243   0.0000001563
       -0.0000083171   0.0000084336   0.0000120029   0.0000046728  -0.0000059397
       -0.0000046403  -0.0000105312   0.0000035465  -0.0000014790   0.0000113581
       -0.0000074905  -0.0000124309   0.0002486947  -0.0000099814  -0.0000417490
       -0.0005579471   0.0000749192  -0.0004376831   0.0000025457   0.0000817513
        0.0000451677  -0.0010900358  -0.0000992565  -0.0006146445  -0.0001617911
        0.0004813215  -0.0001965017   0.0030025670   0.0009660806   0.0052477695
       -0.0047633818  -0.0106895275   0.0104229356  -0.0673814931  -0.0633720699
        0.0571391299   0.0017203561   0.0019791523  -0.0018847728   0.0072756676
        0.0011990368   0.0038416204  -0.0000084443   0.0000038028  -0.0000082522
        0.0000082722   0.0000042757   0.0000000474   0.0000032887  -0.0000138872
        0.0000060714   0.0000067432   0.0000032381  -0.0000106845   0.0000030431
        0.0000005597   0.0000010394   0.0000025079  -0.0000038558  -0.0000025194
        0.0000003952  -0.0000109991   0.0000019951  -0.0000060141  -0.0000063600
        0.0000007001  -0.0000120250  -0.0000021979  -0.0000208458   0.0002195295
       -0.0000013029   0.0001344263   0.0000260645   0.0000305006  -0.0000004656
       -0.0003474917  -0.0005657822   0.0005704083  -0.0012421690  -0.0004143718
       -0.0011331156   0.0650503380   0.0699670417  -0.0712476123  -0.0021292458
        0.0003813406  -0.0019653383
        0.0000310131   0.0000133238  -0.0001237895  -0.0002188419   0.0001009677
        0.0004660028   0.0000868246  -0.0000466076  -0.0001778385  -0.0001155073
        0.0000820474   0.0001403198   0.0000268543  -0.0000337739  -0.0000863474
       -0.0000029318   0.0000110540   0.0000121342   0.0000127756   0.0000164011
       -0.0000025687  -0.0000149917   0.0000147614   0.0000234568   0.0000469237
       -0.0000668553  -0.0000513635  -0.0005879054  -0.0008789380   0.0009366965
        0.0000482361  -0.0003494018  -0.0000684676   0.0000648360   0.0000909336
       -0.0001300559   0.0000964569   0.0001775380  -0.0002062123   0.0003280345
        0.0000513083  -0.0005569474   0.0007874849   0.0007101675  -0.0012288468
        0.0014484865   0.0039037314  -0.0024863725  -0.0634088271  -0.1773081511
        0.1105683028  -0.0101130134  -0.0255805319   0.0176697130   0.0013744570
       -0.0049924781  -0.0020362944   0.0000117219  -0.0000670163   0.0001029741
        0.0000161407  -0.0000203427  -0.0000427008   0.0000233510   0.0000496608
        0.0000277501   0.0000158367  -0.0000129973   0.0000112235   0.0000204319
        0.0000027496  -0.0000129937   0.0000079435  -0.0000011781  -0.0000088142
        0.0000007504  -0.0000102293  -0.0000072402  -0.0000075976   0.0000144243
        0.0000101679  -0.0000307401  -0.0001659774   0.0000769218  -0.0000075592
       -0.0000484019   0.0000242811  -0.0000298258  -0.0000051837   0.0000533705
        0.0001186536   0.0001366988  -0.0002316202   0.0003972167   0.0009541305
       -0.0007530065   0.0699670417   0.2024738692  -0.1224412670  -0.0003937300
        0.0007842970   0.0005294324
       -0.0000611440  -0.0000079934   0.0000116308   0.0001744444   0.0000463393
       -0.0000022092  -0.0000500545   0.0000029155   0.0000382349   0.0000239298
       -0.0000295966  -0.0000352059  -0.0000150379   0.0000005947   0.0000248982
        0.0000035487  -0.0000065749  -0.0000072267  -0.0000017363  -0.0000087050
       -0.0000058755   0.0000090380  -0.0000029060  -0.0000183949  -0.0000121630
        0.0000124234   0.0000013892   0.0000834997  -0.0002938356   0.0000824071
       -0.0004086594  -0.0000871152  -0.0001171821   0.0000000790  -0.0000274478
        0.0000294310  -0.0007086932  -0.0000446943  -0.0002599602  -0.0002066937
       -0.0006407197   0.0001368794   0.0051914600  -0.0016734403  -0.0026560504
        0.0105365727   0.0180154983  -0.0170073128   0.0567762509   0.1109020323
       -0.1328460755  -0.0016104547  -0.0032997553   0.0034103840   0.0039608499
       -0.0011586160   0.0029045713   0.0000216227   0.0000243721   0.0000093182
        0.0000007675  -0.0000111921   0.0000337701   0.0000109374  -0.0000071286
       -0.0000166080  -0.0000022640   0.0000085116   0.0000000942  -0.0000023717
        0.0000005573   0.0000030843  -0.0000009761   0.0000037685   0.0000033385
        0.0000002119   0.0000011789   0.0000106269   0.0000041146   0.0000057520
       -0.0000014198  -0.0000159924   0.0000219661  -0.0000005865   0.0001405980
        0.0000300451   0.0000603840   0.0000004860  -0.0000486826   0.0000341583
        0.0004501544   0.0009103891  -0.0009689380  -0.0011561926   0.0005800487
        0.0000289947  -0.0712476123  -0.1224412670   0.1472068970  -0.0018885198
       -0.0007767223  -0.0000874468
        0.0000348815  -0.0000208280  -0.0003103066   0.0008815423  -0.0006919741
        0.0004618064  -0.0001869585   0.0002278652  -0.0002494746   0.0000356113
        0.0000072166   0.0000406150   0.0000727022   0.0001298824   0.0000677268
       -0.0000427603  -0.0000152431   0.0000169303  -0.0000163785  -0.0000377174
       -0.0000193460   0.0000266888  -0.0000022526  -0.0000369630  -0.0000556636
        0.0000592971   0.0000447226  -0.0012801760   0.0005245230  -0.0011107007
       -0.0001125806   0.0001805390  -0.0000507456  -0.0001245663   0.0001049548
       -0.0001772784  -0.0003691540   0.0002931473   0.0003977914   0.0039491486
       -0.0017656455   0.0033982894   0.0001388338  -0.0002907352  -0.0004045789
        0.0071335393   0.0013165588   0.0036594564  -0.0024867863   0.0025283131
        0.0057335335  -0.1028658560   0.0310247380   0.1122885676  -0.0053393648
        0.0019479536   0.0107458166  -0.0009300628  -0.0006126076  -0.0004993569
        0.0000539344  -0.0000177981  -0.0000869163  -0.0000271544   0.0001515443
        0.0000084260  -0.0001105955  -0.0000142303  -0.0000057566  -0.0000141838
       -0.0000077723   0.0000097759  -0.0000067713  -0.0000148777  -0.0000043362
       -0.0000030637  -0.0000046696   0.0000076979  -0.0000100985  -0.0000375917
        0.0000026637   0.0001709630   0.0000305517   0.0000278963   0.0000311214
       -0.0000314936  -0.0000017128   0.0001978435  -0.0001049916   0.0003081003
       -0.0014892065  -0.0000637525  -0.0008704812  -0.0002092287   0.0000592648
        0.0002360890  -0.0021292458  -0.0003937300  -0.0018885198   0.1050830458
       -0.0344584387  -0.1317394316
       -0.0006239418  -0.0007567860  -0.0005552784  -0.0004299060  -0.0009064830
        0.0003890733   0.0007548421  -0.0003253012  -0.0000811164   0.0002498898
       -0.0003622323  -0.0001569333  -0.0000421989   0.0000386759   0.0000685092
        0.0000000838  -0.0000170668  -0.0000412102  -0.0000081574   0.0000376999
        0.0000318831  -0.0000062125   0.0000178514  -0.0000002327  -0.0000927529
        0.0000019728  -0.0000135913  -0.0004320694   0.0013723789   0.0008020315
        0.0001290255   0.0001616381  -0.0002356626  -0.0000303767   0.0002174100
       -0.0000308561  -0.0004555683   0.0001569581   0.0008551274  -0.0013935485
       -0.0027530727   0.0024025702  -0.0001668279  -0.0004552902   0.0002890408
        0.0009609608  -0.0052188875  -0.0011412563   0.0150890865  -0.0094485579
       -0.0250061950   0.0307980463  -0.0577391767  -0.0491899243  -0.0101844567
        0.0046632545   0.0167344948  -0.0007747443  -0.0002816926  -0.0003821192
        0.0000865569  -0.0000784960  -0.0002587540   0.0000312814  -0.0000617141
       -0.0000111038   0.0000732917   0.0000895577  -0.0000081079  -0.0000370255
        0.0000127570   0.0000355164  -0.0000086882   0.0000057342   0.0000166800
       -0.0000144627   0.0000117638   0.0000262961  -0.0000169922  -0.0000241150
        0.0000141315   0.0000023373  -0.0000226529   0.0000040768   0.0000154234
       -0.0000187685  -0.0000422466  -0.0000841705  -0.0002190139   0.0002601173
       -0.0000353373   0.0000341600  -0.0000036910   0.0007237104  -0.0004942374
       -0.0012428718   0.0003813406   0.0007842970  -0.0007767223  -0.0344584387
        0.0715774354   0.0572483248
       -0.0005476710  -0.0005892591  -0.0001220289   0.0005281706   0.0007403134
        0.0004449198  -0.0004491168  -0.0003449340   0.0000496870  -0.0000739756
        0.0001182897   0.0001103235   0.0000711483   0.0000291952  -0.0000615914
       -0.0000044340  -0.0000016782  -0.0000085599   0.0000044078  -0.0000359105
       -0.0000365157   0.0000056263  -0.0000194323  -0.0000241787   0.0000429865
       -0.0000643790  -0.0000606510  -0.0011168523  -0.0013207293  -0.0001588569
       -0.0000234088  -0.0002345434  -0.0002485556  -0.0002051227  -0.0000933638
        0.0001576800   0.0003136702  -0.0005650769  -0.0007572694   0.0034641465
        0.0034519560   0.0000434659  -0.0004085959   0.0001631371   0.0005972545
        0.0039809842  -0.0018461042   0.0029978813   0.0054087688  -0.0041409360
       -0.0080633134   0.1118146044  -0.0500604978  -0.2149788285   0.0114428142
       -0.0023150841  -0.0180010865  -0.0002101232  -0.0004472532   0.0000893584
        0.0000666751  -0.0001459254  -0.0000745978  -0.0000122053  -0.0001670347
       -0.0001105865  -0.0000724449  -0.0000061958   0.0000575013   0.0000148352
        0.0000076332  -0.0000212537   0.0000039539  -0.0000009017  -0.0000150500
        0.0000006860  -0.0000128448  -0.0000128995  -0.0000069110   0.0000127923
       -0.0000063028   0.0000688225  -0.0000235343   0.0001300117   0.0000083155
        0.0000502079   0.0000381877   0.0003071777   0.0001944829  -0.0001466755
       -0.0009387514   0.0000057752  -0.0004865513   0.0002265894  -0.0001159216
       -0.0004521253  -0.0019653383   0.0005294324  -0.0000874468  -0.1317394316
        0.0572483248   0.2392186541
