34
 energy: -49.100465541885 gnorm: 0.089134716007 xtb: 6.7.1 (edcfbbe)
C           -0.79640770570000       -0.29298958060000       -1.57635575990000
C           -0.09799267440000       -0.55087882910000       -0.25689171820000
N            1.03994416820000       -1.16657587520000       -0.12236197090000
C            1.72301075330000       -1.61190115390000       -1.26059200670000
C            2.65692388730000       -0.78545417160000       -1.89041567700000
C            3.35379241430000       -1.23328699970000       -3.01441826750000
C            3.12843736930000       -2.51854076470000       -3.50617495600000
C            2.21387500660000       -3.35731707400000       -2.87007951490000
C            1.51914106690000       -2.90583138000000       -1.74613321040000
C           -0.80101313650000       -0.09822731170000        0.96950327630000
C           -1.21928283140000       -1.10491874320000        1.84922356970000
C           -1.93064066450000       -0.76989512120000        2.99456862050000
C           -2.21979322590000        0.56771367880000        3.26265650720000
C           -1.78777940010000        1.59233541140000        2.40264636970000
C           -2.07388512260000        2.93464172060000        2.70206848910000
C           -1.63331711650000        3.96577475470000        1.87342351570000
C           -0.89273606810000        3.66951872240000        0.73675483040000
C           -0.60203715330000        2.34046221490000        0.42250016320000
C           -1.05295979920000        1.27192208990000        1.23434204950000
H           -1.76424623240000        0.19415300300000       -1.42747827810000
H           -0.17664415900000        0.34863351940000       -2.20853114250000
H           -0.97713297690000       -1.24193208590000       -2.08926341220000
H            2.84251384750000        0.20957491700000       -1.49644421250000
H            4.07646312310000       -0.58263135710000       -3.49914096130000
H            3.67339249950000       -2.87026458650000       -4.37839426500000
H            2.04632489840000       -4.36407801920000       -3.24283135470000
H            0.81665712530000       -3.56264894250000       -1.24162496790000
H           -0.99107975740000       -2.14685952080000        1.63708588910000
H           -2.25992483570000       -1.54714670140000        3.67922470540000
H           -2.77950487650000        0.80869315670000        4.16468136710000
H           -2.64123745380000        3.18978766570000        3.59495988330000
H           -1.86014056420000        4.99893787910000        2.12320777090000
H           -0.53342069090000        4.47051706940000        0.09578203140000
H            0.00070028570000        2.14871241500000       -0.46210088660000
34
 energy: -49.106410456356 gnorm: 0.031892703558 xtb: 6.7.1 (edcfbbe)
C           -0.79287044019757       -0.28549122956895       -1.57311223083195
C           -0.09100314117761       -0.53677828987225       -0.26297299707531
N            1.01918447891092       -1.14830880965764       -0.15013981381851
C            1.70650252184573       -1.60302725108514       -1.27708237495743
C            2.65179810238604       -0.78649946955127       -1.89699076593564
C            3.35320084890058       -1.24186478811137       -3.00121270868960
C            3.12906858541861       -2.51908065763061       -3.49220827892041
C            2.21982322539904       -3.35110251937432       -2.85671883222600
C            1.51514709078994       -2.90024776178799       -1.75219534288813
C           -0.78538987456648       -0.09986657952346        0.96984529295062
C           -1.20551389421665       -1.08384670544356        1.84800321963301
C           -1.92723660913645       -0.75373717266985        2.99521133898162
C           -2.22106422955234        0.56200091826241        3.26859516942805
C           -1.79189211486108        1.59076609687450        2.41020507296601
C           -2.07388992208739        2.93817309106904        2.70233263284442
C           -1.63447222502864        3.94726490574466        1.87722362646774
C           -0.88989228743184        3.63966015046236        0.73779172109908
C           -0.60296624082461        2.32890353449024        0.42379966666282
C           -1.05332796047045        1.26711946740275        1.23645515099984
H           -1.75363574926943        0.20347015693638       -1.41474369332219
H           -0.17267786180109        0.33622301026900       -2.21912933306513
H           -0.95945201275165       -1.23483507034815       -2.08397701819040
H            2.82934214635906        0.20845811019585       -1.50944337633837
H            4.06840153430556       -0.59176854882462       -3.48756796838538
H            3.66591838550244       -2.86706125926480       -4.36525898534590
H            2.04847483431486       -4.35191348550906       -3.23050771080953
H            0.80833284913356       -3.55071189987974       -1.25349701014031
H           -0.98330676163063       -2.11925694891158        1.62852561418973
H           -2.25782953418425       -1.53229126592746        3.67002410155166
H           -2.78285187900849        0.80808282827660        4.16040664865478
H           -2.63828647434526        3.18687469665955        3.59168342893184
H           -1.85930038137378        4.97829376660510        2.11846812431865
H           -0.53222971607026        4.43530656358797        0.09708782464911
H           -0.00610529288039        2.12709241580541       -0.45550371718876
34
 energy: -49.107379726717 gnorm: 0.008870719979 xtb: 6.7.1 (edcfbbe)
C           -0.80033881405487       -0.26842912115979       -1.57029069214627
C           -0.09048506135785       -0.52596928912051       -0.26634021434959
N            1.00903700759667       -1.13672958800763       -0.17138612137698
C            1.70230628581032       -1.59834664075823       -1.28528099198766
C            2.64904179237848       -0.78380507338389       -1.90455571630889
C            3.35408436778180       -1.24523473683875       -2.99845272103262
C            3.13505563744131       -2.52298822295957       -3.48493761191009
C            2.22184245245478       -3.34866917574061       -2.85118219241930
C            1.51121171467460       -2.89630459450809       -1.75648507488891
C           -0.78085291780484       -0.10350060476824        0.97244460535368
C           -1.19769512647431       -1.07618879001458        1.84905384092023
C           -1.92411228744092       -0.74890709469698        2.99965589286733
C           -2.22329016880675        0.55579304045801        3.27455176238473
C           -1.79410112103500        1.58840704744700        2.41705293718174
C           -2.07381178796223        2.94072438322116        2.70134348353698
C           -1.63452134769643        3.93742189531547        1.87605350131425
C           -0.88723025509192        3.62108203366724        0.73378629039609
C           -0.60297821727509        2.31877204848228        0.42549896560284
C           -1.05519064818920        1.26271993365613        1.24315750628634
H           -1.75602406956809        0.22451408936102       -1.41297715098835
H           -0.17630674260276        0.33881000996837       -2.22592770588265
H           -0.96134936923925       -1.21995956286703       -2.07746240094087
H            2.81615616754009        0.21370543357586       -1.52282552569706
H            4.07428393867206       -0.59916999977183       -3.47926260437936
H            3.67585709150743       -2.87436878587640       -4.35128516027877
H            2.05489900118929       -4.35123936188603       -3.21769823507442
H            0.79527656749317       -3.53851058916679       -1.26290079893367
H           -0.96974438753787       -2.10849630053986        1.63107040643250
H           -2.25092203386105       -1.53240593729682        3.66715118682013
H           -2.78857324054076        0.81092601668956        4.15905832513788
H           -2.63822100951417        3.18106205184680        3.59062551045740
H           -1.85428236963441        4.96951381871962        2.10801880616376
H           -0.52897723505936        4.41475540775707        0.09423094344240
H           -0.01004381339289        2.10101625889602       -0.45010656950279
34
 energy: -49.107591118154 gnorm: 0.005366773689 xtb: 6.7.1 (edcfbbe)
C           -0.81076990547377       -0.25470323484568       -1.56930036307366
C           -0.09567319778684       -0.52023112149216       -0.26818947652617
N            1.00401297653525       -1.13279726507997       -0.18495720936038
C            1.69765916150380       -1.59375731785154       -1.29456980478699
C            2.64772090315467       -0.78079981196258       -1.91212103438994
C            3.36150157703787       -1.24870259247499       -2.99761400078789
C            3.14689579154082       -2.52961805637313       -3.47909347569083
C            2.22754495197361       -3.35130272999796       -2.84823135782783
C            1.50759237415343       -2.89350322726108       -1.76195846579154
C           -0.78077636690282       -0.10582933006598        0.97576481246490
C           -1.19241406397010       -1.07744755714398        1.85379737822557
C           -1.92098887168102       -0.75050217845420        3.00512178405220
C           -2.22487494253574        0.55264026991369        3.27814910005298
C           -1.79559402450525        1.58648979639352        2.41991943147480
C           -2.07438857106666        2.94099680692296        2.70065451784209
C           -1.63388970354482        3.93473294796393        1.87390173262475
C           -0.88513205194429        3.61547099200354        0.73100038284269
C           -0.60263245582420        2.31335923562178        0.42650676403979
C           -1.05730044169807        1.26030781001932        1.24795275409978
H           -1.76176121392478        0.24497047339631       -1.40983814819370
H           -0.18365690458982        0.34622673898054       -2.22847326003708
H           -0.97837813172434       -1.20637239446460       -2.07464462145610
H            2.80913260780331        0.21881421989345       -1.53361410029011
H            4.08354390530946       -0.60389584547647       -3.47769046192536
H            3.69241601333339       -2.88477843502857       -4.34055452191037
H            2.06118484495431       -4.35518824430899       -3.21186122777921
H            0.78631563975199       -3.53105093649387       -1.27019598064194
H           -0.96203768703227       -2.10996693570505        1.63813654762694
H           -2.24477202466563       -1.53749435354355        3.66982280991886
H           -2.79231871074710        0.81282206793808        4.16005509434427
H           -2.63974367710739        3.17778620406522        3.59061276975009
H           -1.85161352558658        4.96838573307809        2.09970853690035
H           -0.52749348232681        4.40928736376121        0.09143741746568
H           -0.00931079201357        2.08565090777266       -0.44623784705651
34
 energy: -49.107793764068 gnorm: 0.004342448101 xtb: 6.7.1 (edcfbbe)
C           -0.83256393568177       -0.23087390053833       -1.56819105160170
C           -0.10845818586043       -0.51243961989762       -0.27293825165839
N            0.99270569234928       -1.12740683721603       -0.20912695967493
C            1.68784538202698       -1.58533692741276       -1.31309137848121
C            2.64479473847214       -0.77596661020341       -1.92740475237796
C            3.37513376629899       -1.25517676320752       -2.99779817702260
C            3.16993426659475       -2.54253938285660       -3.46867958248719
C            2.23826470037622       -3.35709278996819       -2.84513179479487
C            1.50130045359051       -2.88878589510304       -1.77405689967031
C           -0.78239195272917       -0.10968404652093        0.97979401243805
C           -1.18376540038307       -1.08161909148400        1.86234983877783
C           -1.91312616877475       -0.75395619530922        3.01493341299709
C           -2.22542765078715        0.54822585932761        3.28363424365204
C           -1.79773421685402        1.58294604748424        2.42309039952107
C           -2.07649952517463        2.93975226811470        2.69946029113129
C           -1.63465821409526        3.93059839466715        1.87013339935362
C           -0.88300411685822        3.60905055591872        0.72765616486177
C           -0.60160921761917        2.30596342012691        0.42843222253157
C           -1.06108371717080        1.25648415652596        1.25415208842946
H           -1.77290701946592        0.28582558973127       -1.40046017604505
H           -0.19988587579625        0.35903621486746       -2.23278799523445
H           -1.02223454069918       -1.18050806063572       -2.07089598416882
H            2.79813578971798        0.22741290363969       -1.55520768587015
H            4.10480117770055       -0.61485083732592       -3.47363957190132
H            3.73226777589589       -2.90824322654204       -4.31532779677692
H            2.07677222481260       -4.36499035346970       -3.20147215298498
H            0.77083101422887       -3.51916155822972       -1.28638614227097
H           -0.94902839796686       -2.11502633375057        1.65250237043506
H           -2.22989444353649       -1.54523138472896        3.67838493094273
H           -2.79638800431751        0.81375886727330        4.16239621150154
H           -2.64288531477937        3.17355594624641        3.59036906314749
H           -1.84893954656980        4.96667961898375        2.08819055980871
H           -0.52508814488059        4.40396281907025        0.08931830403909
H           -0.00521339166427        2.06563715212276       -0.43880468434635
34
 energy: -49.107872922556 gnorm: 0.004494251712 xtb: 6.7.1 (edcfbbe)
C           -0.84639201165777       -0.21993684798272       -1.56819670911128
C           -0.11643021331796       -0.50949257054977       -0.27746321877171
N            0.98502549599339       -1.12488320832793       -0.22185841234511
C            1.68199576028933       -1.58145985719274       -1.32381444273453
C            2.64333335136224       -0.77479055968871       -1.93570458142341
C            3.38358816237007       -1.25995733867599       -2.99679767074068
C            3.18399563718415       -2.55057184245053       -3.46140921161911
C            2.24506842867648       -3.36122235190901       -2.84349148313487
C            1.49846090974777       -2.88692990272033       -1.78166993062711
C           -0.78386270350019       -0.11086269940638        0.97944361549620
C           -1.17924594727213       -1.08332149648638        1.86509596545174
C           -1.90654469115031       -0.75524791467951        3.01893927252643
C           -2.22348127863970        0.54659802465434        3.28564888465225
C           -1.79857921086568        1.58126735658978        2.42355910554568
C           -2.07835994501743        2.93803783214311        2.69951484138011
C           -1.63634908195335        3.92873898520239        1.86971380912840
C           -0.88301744115385        3.60787841055397        0.72828235490981
C           -0.60117584650625        2.30449187107434        0.42961108779186
C           -1.06274798208654        1.25520924875534        1.25501847321610
H           -1.77903289407325        0.30939102511719       -1.39364405603028
H           -0.21106359752541        0.36188031850852       -2.23738630604758
H           -1.05418674916094       -1.16733940001426       -2.06839735209491
H            2.79358162598268        0.23077756111576       -1.56793519304319
H            4.11757607752692       -0.62227715148257       -3.46995434199393
H            3.75665821941342       -2.92210624167717       -4.29892610749923
H            2.08659130243471       -4.37103994752995       -3.19616431782252
H            0.76321916700910       -3.51434917592377       -1.29734474393093
H           -0.94298495857071       -2.11695185750114        1.65757143397090
H           -2.21871661553593       -1.54700703160529        3.68431450021701
H           -2.79496826278711        0.81148525714607        4.16435306218165
H           -2.64479964020930        3.17245071998596        3.59038951079903
H           -1.85064116018748        4.96524105292937        2.08618982840322
H           -0.52429822910745        4.40350133557654        0.09111664281213
H           -0.00221567731139        2.06279839615129       -0.43520783331188
34
 energy: -49.107977240043 gnorm: 0.003400144114 xtb: 6.7.1 (edcfbbe)
C           -0.86734524180631       -0.20609420459672       -1.56883380137496
C           -0.12779985036682       -0.50587074099830       -0.28606325161970
N            0.97323304335409       -1.12167021638243       -0.23954944528583
C            1.67354222062813       -1.57769412748061       -1.33924618632260
C            2.64116501418438       -0.77515905477249       -1.94680677183612
C            3.39572547610596       -1.26799022249576       -2.99411611449544
C            3.20449622783410       -2.56272275670998       -3.44993903205777
C            2.25538485427161       -3.36818844718183       -2.84108331620457
C            1.49492940725352       -2.88571535347355       -1.79316658882058
C           -0.78574099733301       -0.11108513392000        0.97661088753799
C           -1.17288563002676       -1.08441897393894        1.86617964134211
C           -1.89468965449337       -0.75648375033889        3.02285773589126
C           -2.21779444206967        0.54476459145204        3.28800154764521
C           -1.79900236811172        1.57939693188286        2.42379163851751
C           -2.08206377100523        2.93489386332001        2.70039930347462
C           -1.64078357255778        3.92686234366438        1.87087253010369
C           -0.88443832987324        3.60858571283498        0.73179912705885
C           -0.60075169811732        2.30529613706769        0.43172476560794
C           -1.06393559886260        1.25460424506723        1.25432776909404
H           -1.78632422516496        0.34496402691653       -1.38311190802724
H           -0.22835209712772        0.35978674889948       -2.24802467594399
H           -1.10661967272576       -1.14985871291329       -2.06260581345644
H            2.78782191459331        0.23366680309816       -1.58625362298413
H            4.13615053882047       -0.63408206778951       -3.46239321143555
H            3.79246796360056       -2.94208431599128       -4.27360272524775
H            2.10190280250512       -4.38053374741675       -3.18860245606268
H            0.75313149838562       -3.50999842897895       -1.31487773278470
H           -0.93525634753502       -2.11780618059572        1.65972172892602
H           -2.19963987141446       -1.54718570594881        3.69319528728640
H           -2.78865251871223        0.80532929901334        4.16826129698183
H           -2.64884185974371        3.17151268963233        3.59035318513833
H           -1.85750576391390        4.96285750729123        2.08793429634832
H           -0.52355133493741        4.40502209571149        0.09675747928131
H            0.00202388476234        2.06709914577184       -0.43111509007496
34
 energy: -49.108038903851 gnorm: 0.002480632522 xtb: 6.7.1 (edcfbbe)
C           -0.88567466900084       -0.19483875028833       -1.57046286414909
C           -0.13717705590072       -0.50185776264428       -0.29529642941980
N            0.96257118701503       -1.11890351078153       -0.25518114675186
C            1.66554078678550       -1.57621474745507       -1.35280056184705
C            2.63858883553578       -0.77700637563689       -1.95551556034997
C            3.40609274428084       -1.27597245848546       -2.99034153517560
C            3.22250186417819       -2.57396486365601       -3.43903650724106
C            2.26470941213809       -3.37521372396102       -2.83846738601700
C            1.49146885910721       -2.88618028422234       -1.80330818694944
C           -0.78685377560392       -0.10952519751197        0.97275540861024
C           -1.16724258582621       -1.08382297442286        1.86430144826315
C           -1.88249375299990       -0.75738657738227        3.02484295210771
C           -2.20990947782380        0.54293298840941        3.29055515568377
C           -1.79815517001458        1.57842019929631        2.42489242179713
C           -2.08541501333817        2.93230917864324        2.70235922489113
C           -1.64600405571248        3.92633622796034        1.87372856955969
C           -0.88701039659101        3.61103939931835        0.73652215734325
C           -0.60138253585195        2.30841213682363        0.43387512946829
C           -1.06403162334489        1.25557366001985        1.25325372060302
H           -1.79047371486769        0.37707849635437       -1.37587799914579
H           -0.24363361941607        0.35255698413999       -2.26191692317523
H           -1.15407797045466       -1.13587339854226       -2.05480340626716
H            2.78203143800104        0.23446056385200       -1.60102999745239
H            4.15206590519202       -0.64490018946006       -3.45335612091955
H            3.82319688944435       -2.95921322754146       -4.25065341066639
H            2.11609563709135       -4.38965832459979       -3.18150736162186
H            0.74416740244644       -3.50844923331425       -1.33103003863372
H           -0.92906525107772       -2.11645914006593        1.65572416628214
H           -2.18100119918992       -1.54683870300673        3.69960623770021
H           -2.77860942630143        0.79865643137382        4.17343378092689
H           -2.65305346022790        3.16981427456451        3.59126049718804
H           -1.86692635239286        4.96108162140181        2.09273595934603
H           -0.52443029151650        4.40800427079521        0.10317003966822
H            0.00359043663764        2.07560300972533       -0.42903495745537
34
 energy: -49.108071126943 gnorm: 0.001801380835 xtb: 6.7.1 (edcfbbe)
C           -0.89589414584589       -0.18929771395719       -1.57303117595580
C           -0.14221290796347       -0.49831425070454       -0.30221477790141
N            0.95606579063692       -1.11721423786100       -0.26449287605684
C            1.66052694354158       -1.57686282754182       -1.36034243153415
C            2.63692679048378       -0.77932938794370       -1.95936324715366
C            3.41184324609009       -1.28135056319562       -2.98681713851987
C            3.23240657204773       -2.58092453315345       -3.43192438712482
C            2.26990023092541       -3.37997676685204       -2.83622846951246
C            1.48903791112379       -2.88776786235539       -1.80872604876256
C           -0.78726450079837       -0.10672043012255        0.96905324785405
C           -1.16368651039517       -1.08223327517437        1.86049287751792
C           -1.87380760365302       -0.75810717948894        3.02455576787855
C           -2.20261807815233        0.54138174976922        3.29251289035087
C           -1.79636634897587        1.57841170179870        2.42645318705108
C           -2.08689211180129        2.93106342512855        2.70498529267401
C           -1.65005920873342        3.92723576238778        1.87733702893605
C           -0.89020808705455        3.61454170390415        0.74036051361456
C           -0.60329118153452        2.31270102328598        0.43505929851157
C           -1.06372643795261        1.25780731646778        1.25228858447698
H           -1.79028273344256        0.39661478606382       -1.37506763724644
H           -0.25215648958876        0.34301842262254       -2.27447758373007
H           -1.18236048538131       -1.12944253303213       -2.04765907594740
H            2.77820741290916        0.23339617717321       -1.60788578223089
H            4.16114346835922       -0.65159992658898       -3.44591606840894
H            3.84004683485530       -2.96911396862895       -4.23643563977076
H            2.12421794109100       -4.39556928352593       -3.17672205103909
H            0.73852604980199       -3.50922143351675       -1.34056334611072
H           -0.92556023181091       -2.11406072392458        1.64813430111746
H           -2.16833386442423       -1.54730776673907        3.70116096268508
H           -2.76831997070174        0.79416535735031        4.17809209874614
H           -2.65511304382715        3.16721577840726        3.59374034771019
H           -1.87462157360900        4.96069590120794        2.09858041287269
H           -0.52752125540704        4.41209344407678        0.10790851658513
H            0.00144757958751        2.08407211436258       -0.42945111537581
34
 energy: -49.108105293071 gnorm: 0.002142107803 xtb: 6.7.1 (edcfbbe)
C           -0.90505172432763       -0.18475796593427       -1.57902742052666
C           -0.14692621828632       -0.49242385991105       -0.31152505009204
N            0.94881911131666       -1.11521149401400       -0.27426969108686
C            1.65478576508564       -1.57925196449333       -1.36711047821489
C            2.63521401849782       -0.78320944523347       -1.96135479077763
C            3.41777563815120       -1.28814846922285       -2.98113423594473
C            3.24193673872214       -2.58913226387972       -3.42327908263453
C            2.27454152428352       -3.38587995146096       -2.83261381094065
C            1.48545451651061       -2.89090496844885       -1.81307974008690
C           -0.78766855482714       -0.10075559597401        0.96278610411461
C           -1.15941843856846       -1.07892031640241        1.85251887545469
C           -1.86257215529223       -0.75946909960752        3.02203632921475
C           -2.19106486210368        0.53877988011785        3.29529971169853
C           -1.79247435284173        1.57900063780835        2.42945246783280
C           -2.08683719832852        2.93004281804064        2.71074124090926
C           -1.65548569725241        3.92975916671147        1.88445941129707
C           -0.89715524530483        3.62135640554601        0.74530840905071
C           -0.60883574862373        2.32090504963613        0.43534600021902
C           -1.06373145204314        1.26273921628342        1.25068241657237
H           -1.78515327359921        0.42072195375040       -1.38097153318496
H           -0.25788204051350        0.32392673388544       -2.29474905150807
H           -1.21398399844310       -1.12574034045065       -2.03638787946008
H            2.77375963650328        0.23031943913608       -1.61170074106635
H            4.17056999273121       -0.65941063359083       -3.43550123217188
H            3.85604054701234       -2.98005398811693       -4.22071030516515
H            2.13158278288111       -4.40255033891490       -3.17073814657583
H            0.73161788664300       -3.51165851581919       -1.34953313986280
H           -0.92147722629035       -2.10942640984908        1.63323159521493
H           -2.15222352026893       -1.55001354058530        3.69879048823751
H           -2.75090283338065        0.78898786862493        4.18539171360524
H           -2.65465972593308        3.16146288935224        3.60100834915463
H           -1.88456597519791        4.96133859809410        2.10943489479644
H           -0.53685043882500        4.42054203590381        0.11366793860854
H           -0.00717747768665        2.09703646871793       -0.43307314048029
34
 energy: -49.108124795688 gnorm: 0.001796369668 xtb: 6.7.1 (edcfbbe)
C           -0.90680191054326       -0.18319601138548       -1.58331315765646
C           -0.14860684954531       -0.48940128623675       -0.31546558501009
N            0.94612025000454       -1.11413755687287       -0.27736407920956
C            1.65294196955121       -1.58020897004914       -1.36833558027113
C            2.63518077396355       -0.78490808223457       -1.96102814814355
C            3.41999254870672       -1.29109512877735       -2.97844526077274
C            3.24457082047487       -2.59253129888997       -3.41981552908347
C            2.27539822838322       -3.38820646508798       -2.83058460111395
C            1.48384549768050       -2.89214557592025       -1.81332370803828
C           -0.78843634921497       -0.09754267782270        0.95928535255505
C           -1.15770782685466       -1.07735727037865        1.84830577894765
C           -1.85790945157540       -0.76040323004357        3.02032887841946
C           -2.18557268530302        0.53730925628416        3.29663992777375
C           -1.79030296259920        1.57912918387356        2.43098071235567
C           -2.08522416233382        2.92959710043741        2.71485339894471
C           -1.65753989725516        3.93089910468554        1.88874019685087
C           -0.90229805319891        3.62481358067419        0.74669276555511
C           -0.61364489684847        2.32508660117744        0.43411555464333
C           -1.06490740256971        1.26534619536752        1.24959501945822
H           -1.78013926482776        0.43289199781251       -1.38788490391227
H           -0.25634689966534        0.31269911191256       -2.30484011573335
H           -1.22679006993311       -1.12505154788506       -2.03154703812463
H            2.77274975352362        0.22869439013825       -1.61127590629303
H            4.17425438079509       -0.66298278100000       -3.43132783288260
H            3.86066114086492       -2.98472849136389       -4.21517609677859
H            2.13283654982214       -4.40520344706029       -3.16809276022134
H            0.72864956915036       -3.51223325866366       -1.35111361473929
H           -0.91953640851123       -2.10727629450288        1.62638067973181
H           -2.14523893749573       -1.55266681878057        3.69603186429654
H           -2.74218607425270        0.78711164171945        4.18893291131208
H           -2.65100883182119        3.15803138047009        3.60728902590419
H           -1.88719764211891        4.96191422224533        2.11555894410904
H           -0.54502690964475        4.42548213625758        0.11516867678516
H           -0.01477799640782        2.10227028959948       -0.43656929345747
34
 energy: -49.108164875478 gnorm: 0.001552582211 xtb: 6.7.1 (edcfbbe)
C           -0.90683424448399       -0.17916977498626       -1.59807337983278
C           -0.15265086868386       -0.48080545101177       -0.32635953363195
N            0.93962416391914       -1.11046104390555       -0.28327599606299
C            1.64966525293530       -1.58260240405580       -1.36840745061029
C            2.63697595023769       -0.79008976126554       -1.95784507994061
C            3.42539735617676       -1.29956579555912       -2.97054385841341
C            3.24866603232287       -2.60163389373363       -3.41055395489724
C            2.27548158057201       -3.39423770062661       -2.82397697632974
C            1.48004463912092       -2.89524815441356       -1.81079515396590
C           -0.79207696326220       -0.08821230949690        0.94799159928916
C           -1.15371855978468       -1.07293425956594        1.83540865490255
C           -1.84538088806680       -0.76334591067095        3.01455574719872
C           -2.16965456595575        0.53294368729947        3.30054045809746
C           -1.78371856873652        1.57908847055055        2.43538907375486
C           -2.07809152064487        2.92802579144139        2.72921271852002
C           -1.66289348670096        3.93382623110072        1.90267620074613
C           -0.92079766531327        3.63476948402395        0.74931558125573
C           -0.63151958820956        2.33735453338230        0.42822653314568
C           -1.07033730841839        1.27274081695960        1.24537820780823
H           -1.76022540242080        0.46853691265310       -1.41491980188759
H           -0.24417451529132        0.27647056404104       -2.33496399778275
H           -1.25965321789347       -1.12261922211113       -2.01900257328355
H            2.77325782250373        0.22331714571743       -1.60704550770488
H            4.18306214313995       -0.67358481802844       -3.42089005365191
H            3.86680208717119       -2.99650061664673       -4.20298213674711
H            2.13229906318203       -4.41165689201645       -3.16052953441414
H            0.72171615798441       -3.51310958377390       -1.35087717403626
H           -0.91451714457501       -2.10122086965607        1.60694147364540
H           -2.12603224899319       -1.56122750952838        3.68649006764644
H           -2.71636129913910        0.78148111443209        4.19951957728189
H           -2.63437182116937        3.14818474553553        3.63001265926951
H           -1.89181091822323        4.96365627189077        2.13566689208460
H           -0.57528899599670        4.44045426456998        0.11733991821590
H           -0.04288245690264        2.11737593715411       -0.45022672346817
34
 energy: -49.108179371806 gnorm: 0.001029950425 xtb: 6.7.1 (edcfbbe)
C           -0.90592226628706       -0.17697345420028       -1.60432574709269
C           -0.15470969068842       -0.47773374845278       -0.33065664056034
N            0.93745152864103       -1.10746147235039       -0.28506138633599
C            1.64939717611734       -1.58144417822118       -1.36801717501320
C            2.63905842691471       -0.79141543713622       -1.95696873790960
C            3.42813322150243       -1.30335234632025       -2.96809100479174
C            3.24963337355203       -2.60553525866563       -3.40718346360171
C            2.27455183841064       -3.39606130779634       -2.82087143620249
C            1.47871182073467       -2.89449431707479       -1.80902595419741
C           -0.79511461671795       -0.08600272447795        0.94326303474266
C           -1.15284593878646       -1.07197782538462        1.83121966010002
C           -1.84089428073180       -0.76452278157347        3.01279646075401
C           -2.16418198386829        0.53131237614754        3.30206647731990
C           -1.78193251663912        1.57843988672693        2.43667978929288
C           -2.07424926606888        2.92684864590273        2.73544209432564
C           -1.66420095093578        3.93399530159686        1.90822354107671
C           -0.92952313775029        3.63717043465253        0.74958313668395
C           -0.64067319479996        2.34065556977018        0.42491721314693
C           -1.07427723833559        1.27423594885277        1.24287455086683
H           -1.75165685492804        0.48137192795870       -1.42679682531935
H           -0.23846808212031        0.26401786600726       -2.34425077951220
H           -1.27088251231802       -1.11830649521887       -2.01767975401917
H            2.77674628640952        0.22208271087530       -1.60678850104636
H            4.18780265112776       -0.67950158982901       -3.41818654472110
H            3.86847179752598       -3.00234280614448       -4.19863984079429
H            2.13031988544468       -4.41365893605766       -3.15650375039763
H            0.71896482144825       -3.51065094923590       -1.34900299265310
H           -0.91303540530208       -2.09979438701680        1.60162010135202
H           -2.11864479464446       -1.56364494086182        3.68448818232730
H           -2.70724126235001        0.77804327144244        4.20362970342782
H           -2.62416789973475        3.14595585286172        3.64023826553881
H           -1.89088668895794        4.96364173579893        2.14442223084947
H           -0.58924258509125        4.44439816321900        0.11682080115439
H           -0.05649166037226        2.12270526390478       -0.45683823258990
34
 energy: -49.108183510796 gnorm: 0.002485814225 xtb: 6.7.1 (edcfbbe)
C           -0.90794366698324       -0.17038799345805       -1.61408659152078
C           -0.15945442526068       -0.47177238611591       -0.33903219710679
N            0.93269756561965       -1.10138236581842       -0.29129136865130
C            1.64865954713628       -1.57774968794895       -1.37030301069607
C            2.64375842386598       -0.79328216290202       -1.95739070888850
C            3.43547091691324       -1.31114112761240       -2.96362751722314
C            3.25476544622808       -2.61406414439738       -3.39941163379382
C            2.27433663762986       -3.39959821456027       -2.81504420831388
C            1.47605298549140       -2.89177146686370       -1.80823944233339
C           -0.80008055409873       -0.08318893646000        0.93572670020943
C           -1.15027780586681       -1.07106005574913        1.82490169288895
C           -1.83200943370024       -0.76698579151494        3.01067341316466
C           -2.15526102512286        0.52794780919435        3.30483153359999
C           -1.77980347881242        1.57678999043164        2.43894062444108
C           -2.06892258090381        2.92422116222456        2.74528765122024
C           -1.66689757216163        3.93366062048215        1.91694245711581
C           -0.94415213430784        3.64020637774488        0.75010029299597
C           -0.65602002547936        2.34500380790609        0.41985420243103
C           -1.08101091492238        1.27584651302405        1.23903299253139
H           -1.73647801664534        0.51411499699806       -1.44224218716944
H           -0.22892148997734        0.23976630060628       -2.36399519114957
H           -1.30284057998391       -1.10914077693132       -2.01105148812552
H            2.78389040733532        0.22123645655443       -1.61069135574274
H            4.19911876277154       -0.69164011277847       -3.41300988941112
H            3.87524585376092       -3.01491375846847       -4.18773660001235
H            2.12814230960021       -4.41767702969030       -3.14809004120069
H            0.71234762946120       -3.50380140788141       -1.34894269444248
H           -0.90899174490167       -2.09811994584391        1.59366798839988
H           -2.10414848272151       -1.56738459994360        3.68323110191223
H           -2.69254228799027        0.77053930969090        4.21083285039835
H           -2.60835816444297        3.14241731330664        3.65641861586953
H           -1.89005215327766        4.96288261963702        2.15865187353233
H           -0.61146272025560        4.44934648099180        0.11585606314611
H           -0.07885722759707        2.13108220584490       -0.46736745187420
34
 energy: -49.108191771312 gnorm: 0.000717060542 xtb: 6.7.1 (edcfbbe)
C           -0.90694825728704       -0.17096919007418       -1.61296763455017
C           -0.15900733770497       -0.47291672162001       -0.33779466446562
N            0.93427574953388       -1.10059275971807       -0.29007214380507
C            1.64993818749701       -1.57638789205423       -1.36969164427935
C            2.64469189794108       -0.79231193464613       -1.95740315643431
C            3.43497225492161       -1.31040732581498       -2.96455092115978
C            3.25330036251883       -2.61310076746416       -3.40038362677213
C            2.27328675432888       -3.39842748379181       -2.81516200849749
C            1.47647628973722       -2.89037293366772       -1.80763701678556
C           -0.80040416818882       -0.08466312193848        0.93675903430946
C           -1.15125498043048       -1.07193546780772        1.82612718876030
C           -1.83381219602486       -0.76694571625013        3.01114915394209
C           -2.15705625087215        0.52821540335812        3.30446543626328
C           -1.78054845361366        1.57661494009369        2.43858540076935
C           -2.06877566506379        2.92429568547125        2.74417932989799
C           -1.66568632248611        3.93323240223707        1.91565235837732
C           -0.94294427542569        3.63874208885442        0.74925748926722
C           -0.65539976196251        2.34315136237815        0.41985694290372
C           -1.08115323527359        1.27464979900985        1.23925046514179
H           -1.73823583262327        0.50766856089584       -1.44105521521557
H           -0.23041201447471        0.24509043489932       -2.35970243596088
H           -1.29566029695903       -1.10867032250953       -2.01384243239924
H            2.78601091451123        0.22216796119656       -1.61113865475745
H            4.19832997538876       -0.69115786942783       -3.41460831148387
H            3.87240422205035       -3.01383938400804       -4.18954880461072
H            2.12625405332224       -4.41636670882003       -3.14813977775196
H            0.71296108527949       -3.50200458900946       -1.34759765035171
H           -0.90995545369269       -2.09920677766896        1.59574831386970
H           -2.10685708425841       -1.56661918683582        3.68414269850276
H           -2.69497655798098        0.77092725624282        4.21000139244535
H           -2.60822493529978        3.14348294217191        3.65500480644989
H           -1.88813501073644        4.96262524481422        2.15708812791149
H           -0.60951318698556        4.44710267175420        0.11446190459639
H           -0.07794046928571        2.12892939944898       -0.46703746792607
34
 energy: -49.108193178353 gnorm: 0.000367348078 xtb: 6.7.1 (edcfbbe)
C           -0.90757457040033       -0.17134606340861       -1.61224365387352
C           -0.15882350106630       -0.47282568650394       -0.33755286480801
N            0.93525191849519       -1.09897043165969       -0.29023781480066
C            1.65042176785549       -1.57481841034869       -1.37014820091357
C            2.64548321284658       -0.79145272960598       -1.95793413902594
C            3.43544459396586       -1.31047849253688       -2.96497617161344
C            3.25292315601710       -2.61308174787385       -3.40057459393827
C            2.27247618312072       -3.39766902813216       -2.81505121826780
C            1.47580120989735       -2.88874960233685       -1.80796383955523
C           -0.80042658936054       -0.08523817039283        0.93716810828893
C           -1.15140450499960       -1.07247091301259        1.82637404398993
C           -1.83419357107651       -0.76726597877973        3.01132066882995
C           -2.15726686262770        0.52792398210148        3.30453509541309
C           -1.78061929265311        1.57644604167717        2.43875386420364
C           -2.06874639727809        2.92420098199967        2.74364153098131
C           -1.66526414324450        3.93304490063691        1.91508144379034
C           -0.94223967656272        3.63815494831360        0.74905962243007
C           -0.65496230834697        2.34233332126285        0.42006603788818
C           -1.08102121233298        1.27417736954279        1.23949333102029
H           -1.73896471778536        0.50612768355849       -1.43999835164459
H           -0.23256346444748        0.24616130118782       -2.35889037312115
H           -1.29497057004108       -1.10882033183746       -2.01346563891620
H            2.78785818590600        0.22289422390179       -1.61201119998282
H            4.19956426329152       -0.69190129383343       -3.41476119291536
H            3.87290888953409       -3.01502142906139       -4.18871240468483
H            2.12507069211298       -4.41577845298128       -3.14743787482373
H            0.71186370966797       -3.49959310113484       -1.34773480141329
H           -0.91014692568538       -2.09976061723260        1.59587643737072
H           -2.10774178642714       -1.56671407439476        3.68436078883414
H           -2.69550262787240        0.77081449889215        4.20987524400097
H           -2.60883773162057        3.14334366648655        3.65411330187155
H           -1.88790054989204        4.96237132727052        2.15640567558755
H           -0.60849156180892        4.44599772259705        0.11373276455374
H           -0.07740521678079        2.12796458533780       -0.46676714855483
34
 energy: -49.108194299444 gnorm: 0.000302787036 xtb: 6.7.1 (edcfbbe)
C           -0.90888538449238       -0.17171164505491       -1.61206063181811
C           -0.15891856138191       -0.47232790782605       -0.33792655580751
N            0.93593496827999       -1.09709175238885       -0.29095087882330
C            1.65085489442717       -1.57334059955691       -1.37085445318091
C            2.64690310776896       -0.79103642405341       -1.95826103030814
C            3.43697589818432       -1.31123197581040       -2.96470859514762
C            3.25375100452817       -2.61390039037075       -3.39973743049923
C            2.27201015368023       -3.39730433468624       -2.81465056720482
C            1.47499719781330       -2.88721054210527       -1.80848038622251
C           -0.80036511581787       -0.08521918307999        0.93707047731632
C           -1.15131473367353       -1.07267614236556        1.82593997489626
C           -1.83394857801051       -0.76764627846386        3.01108769087733
C           -2.15680827123205        0.52747827267671        3.30461658948802
C           -1.78042216091636        1.57628933585428        2.43899785266215
C           -2.06870635449481        2.92398436199086        2.74369036001301
C           -1.66541659704483        3.93294976624234        1.91511741417084
C           -0.94239677638598        3.63814500393193        0.74913284762610
C           -0.65503720643659        2.34227658138167        0.42017251021943
C           -1.08084298872115        1.27416588626907        1.23962426850178
H           -1.73907214142367        0.50710633084066       -1.43965050758496
H           -0.23432095802021        0.24418795483999       -2.36015881089911
H           -1.29784110380717       -1.10925660432176       -2.01154354876320
H            2.78992383438656        0.22337014538715       -1.61281261976552
H            4.20156233711210       -0.69325217260366       -3.41442495399533
H            3.87342651326309       -3.01654284051837       -4.18744268381461
H            2.12368526815977       -4.41533307753271       -3.14681166779067
H            0.71006588724294       -3.49699472032847       -1.34850206241108
H           -0.91010710342014       -2.09989544198131        1.59504764496278
H           -2.10744791962135       -1.56716708308766        3.68408327000929
H           -2.69469371556981        0.77040175335507        4.21020158490243
H           -2.60900840859672        3.14281795057813        3.65416183145954
H           -1.88837870610841        4.96215031580953        2.15660563189957
H           -0.60857661862174        4.44581250571249        0.11360384421668
H           -0.07758166064908        2.12800295096535       -0.46677993298371
34
 energy: -49.108196153633 gnorm: 0.000521785162 xtb: 6.7.1 (edcfbbe)
C           -0.91137259616419       -0.17283903109831       -1.61215105823331
C           -0.15908970396827       -0.47119582439267       -0.33890264442127
N            0.93757146985333       -1.09276343602057       -0.29234055423336
C            1.65217569112786       -1.57021194617823       -1.37194782221132
C            2.65048139622386       -0.79037816845274       -1.95853779011342
C            3.44003776161441       -1.31276223530040       -2.96417303411099
C            3.25455016316618       -2.61527727364870       -3.39846043582208
C            2.27038756322077       -3.39620604351253       -2.81413350975052
C            1.47341088742052       -2.88380425500089       -1.80940004779115
C           -0.80038812150076       -0.08494487192217        0.93653424641702
C           -1.15134904350341       -1.07291105665979        1.82467640067761
C           -1.83327621856080       -0.76837801742096        3.01044729687823
C           -2.15554030077255        0.52660799537073        3.30491295937291
C           -1.77984564557491        1.57594728860156        2.43954637642526
C           -2.06832994522610        2.92349780537299        2.74437166061967
C           -1.66586001136541        3.93271361996346        1.91563643363864
C           -0.94332625779798        3.63827871962829        0.74930993374331
C           -0.65569786218614        2.34246908931566        0.42015794195807
C           -1.08071519520303        1.27428516762157        1.23973047835221
H           -1.73854357466485        0.50993078469972       -1.43979060838166
H           -0.23700028324649        0.23786967829023       -2.36382661194085
H           -1.30507099140208       -1.11067526440293       -2.00675331532564
H            2.79526592486005        0.22395986497275       -1.61371333725777
H            4.20647414587439       -0.69659789319413       -3.41327462406848
H            3.87465762029380       -3.02007914611905       -4.18464949343750
H            2.12032984736668       -4.41417905262991       -3.14570803923976
H            0.70637745426007       -3.49133756034312       -1.35001145228339
H           -0.91052504592012       -2.10001715607080        1.59289192608047
H           -2.10666740745039       -1.56822901262310        3.68309112412491
H           -2.69251286528888        0.76941989697365        4.21110267893068
H           -2.60839835981167        3.14183444840648        3.65516551832003
H           -1.88943517908431        4.96170213327716        2.15744611754110
H           -0.61002358903500        4.44585108952418        0.11337827448813
H           -0.07875172715427        2.12841966267166       -0.46722851274455
34
 energy: -49.108198273836 gnorm: 0.000661279703 xtb: 6.7.1 (edcfbbe)
C           -0.91435363416199       -0.17523822686948       -1.61213803710757
C           -0.15917858311249       -0.47003358762400       -0.33980938613042
N            0.93989242231846       -1.08723326736610       -0.29376617801297
C            1.65386112091168       -1.56615298970823       -1.37314959274293
C            2.65520984969242       -0.78948767896188       -1.95864910661112
C            3.44453584643030       -1.31468098787616       -2.96323279609980
C            3.25588708590002       -2.61686434786661       -3.39710247613907
C            2.26842463486023       -3.39461117916387       -2.81395865721971
C            1.47133311879541       -2.87923883179118       -1.81077106227706
C           -0.80040436591888       -0.08461557216889        0.93602843879335
C           -1.15168142197752       -1.07309592079460        1.82341845662252
C           -1.83297796639820       -0.76902555145384        3.00970185386333
C           -2.15446875575095        0.52589832371834        3.30519523630122
C           -1.77917229935128        1.57563043512883        2.44011298498590
C           -2.06788308028784        2.92304763945548        2.74523283562831
C           -1.66632141787766        3.93243848464280        1.91623389338236
C           -0.94424365257129        3.63843022882290        0.74954061630673
C           -0.65615842883095        2.34275426180739        0.42022379816433
C           -1.08051805949263        1.27443413908963        1.23991524531853
H           -1.73852971275605        0.51140906284389       -1.44004506818718
H           -0.24071118338482        0.22950713669110       -2.36790996834243
H           -1.31321557334886       -1.11353097531896       -2.00079195468662
H            2.80260321308082        0.22450432738133       -1.61395882439056
H            4.21292811290474       -0.70074728792334       -3.41196984540864
H            3.87529494604654       -3.02363990373784       -4.18258016947584
H            2.11553985457240       -4.41212974214238       -3.14556190278302
H            0.70186914849495       -3.48416583432505       -1.35202258862263
H           -0.91147546292608       -2.10017831801094        1.59088238107109
H           -2.10631565339505       -1.56925030933615        3.68192731938793
H           -2.69067004086764        0.76843426345674        4.21190490433689
H           -2.60757655392374        3.14118194727622        3.65629469257892
H           -1.89037614243561        4.96128950291949        2.15823126637555
H           -0.61159703880336        4.44610710835197        0.11341147793350
H           -0.07955032603475        2.12885365055244       -0.46744131061168
34
 energy: -49.108201046616 gnorm: 0.000603801876 xtb: 6.7.1 (edcfbbe)
C           -0.91759452584730       -0.17929997655995       -1.61151914007909
C           -0.15886932129765       -0.46930631887659       -0.34017541770907
N            0.94307960367529       -1.08133849688617       -0.29470721559459
C            1.65631733651861       -1.56192483974788       -1.37388292817804
C            2.66112910659510       -0.78866703331086       -1.95796146901654
C            3.44924030910314       -1.31613745248872       -2.96222211472030
C            3.25646426256997       -2.61753615800764       -3.39664769990786
C            2.26556443680070       -3.39197770936236       -2.81493143441255
C            1.46929189173357       -2.87407706670712       -1.81248945874160
C           -0.80013898795607       -0.08432843470869        0.93587354735142
C           -1.15231795483345       -1.07318905436231        1.82247837977079
C           -1.83346999794730       -0.76939340572155        3.00890931361014
C           -2.15415136903296        0.52556198163050        3.30519907856460
C           -1.77863608664639        1.57548065330711        2.44046255232620
C           -2.06760282013919        2.92284101127568        2.74573549556074
C           -1.66650499216561        3.93224826110863        1.91655752830150
C           -0.94442359430932        3.63852197537709        0.74975276222273
C           -0.65586311874694        2.34297486688833        0.42045208279434
C           -1.07997392935594        1.27458277381322        1.24027122904385
H           -1.73950823206708        0.51038090265171       -1.44008892975635
H           -0.24542168003365        0.21967613285078       -2.37166426870433
H           -1.32060799080360       -1.11844941660726       -1.99370634351112
H            2.81159838633818        0.22473682489848       -1.61280962864726
H            4.22025912240357       -0.70484275625349       -3.41006834817194
H            3.87523864599701       -3.02628287625727       -4.18158745017963
H            2.10945310284613       -4.40883882333729       -3.14703095977991
H            0.69711804613158       -3.47640634414864       -1.35477356575235
H           -0.91289390506265       -2.10035157274993        1.58946152036111
H           -2.10712762034760       -1.56994082038452        3.68063085740261
H           -2.68995616395417        0.76787037316115        4.21219046717080
H           -2.60720136777777        3.14100135009726        3.65682769216331
H           -1.89095847931047        4.96106133084250        2.15839588416622
H           -0.61220700806791        4.44643322935132        0.11371072730807
H           -0.07932510460950        2.12891688892352       -0.46724626905468
34
 energy: -49.108205309143 gnorm: 0.000394536288 xtb: 6.7.1 (edcfbbe)
C           -0.92245422953698       -0.18661673544169       -1.61015099039078
C           -0.15827291177223       -0.46859016330484       -0.34024966879470
N            0.94794120946660       -1.07273326224032       -0.29589128467906
C            1.65985613674880       -1.55570771961192       -1.37484217150305
C            2.67005260715505       -0.78742857821544       -1.95627794513655
C            3.45663175501843       -1.31799145228404       -2.96019539427647
C            3.25707162505895       -2.61770941713420       -3.39681725994855
C            2.26114199447498       -3.38741485316769       -2.81754336834252
C            1.46601307031525       -2.86612866349184       -1.81579390303900
C           -0.79961599495071       -0.08396236121550        0.93600669781874
C           -1.15318127282270       -1.07314728065005        1.82170437199018
C           -1.83460302149500       -0.76954459373962        3.00802708021155
C           -2.15446604192577        0.52548707174954        3.30500941074845
C           -1.77818591850981        1.57548595307552        2.44075244682860
C           -2.06730296195146        2.92287074598477        2.74614671960407
C           -1.66618489231218        3.93215412440198        1.91692898601195
C           -0.94381372786336        3.63857384738701        0.75011549574352
C           -0.65498774550785        2.34317273590802        0.42084209151910
C           -1.07924398163913        1.27478732918528        1.24079808664238
H           -1.74147934018341        0.50688843851232       -1.43994025456993
H           -0.25302762031389        0.20383545739694       -2.37699423681835
H           -1.33111135148127       -1.12751945032846       -1.98213964365850
H            2.82571390743172        0.22455911674545       -1.60936300188268
H            4.23187384268002       -0.71065955429401       -3.40620902225202
H            3.87497482152037       -3.02898918011789       -4.18135000412380
H            2.09978788505541       -4.40295131771997       -3.15124570543800
H            0.68998575603466       -3.46493995549319       -1.35993937595559
H           -0.91465770477132       -2.10047421335637        1.58840738610649
H           -2.10929230687757       -1.57042814575928        3.67889802633244
H           -2.69057543978489        0.76749421044788        4.21185734822022
H           -2.60711545936697        3.14117723646406        3.65704081808717
H           -1.89087347316215        4.96103429084942        2.15831816800635
H           -0.61208504949563        4.44685700828769        0.11429992063951
H           -0.07851416483562        2.12855933086950       -0.46681334749994
34
 energy: -49.108206466471 gnorm: 0.000167390321 xtb: 6.7.1 (edcfbbe)
C           -0.92267234340477       -0.18761977610825       -1.60990770512085
C           -0.15819659505234       -0.46885354736403       -0.34005750710795
N            0.94785404614196       -1.07320976480416       -0.29574423507088
C            1.65998544870955       -1.55604810598463       -1.37456199410782
C            2.67044780701515       -0.78770911362493       -1.95539938210634
C            3.45683536650619       -1.31772631691135       -2.95964271221164
C            3.25691070105510       -2.61705139449888       -3.39737810447745
C            2.26077857007986       -3.38682412698025       -2.81869256974166
C            1.46600347211438       -2.86612369306388       -1.81634576913817
C           -0.79951660067586       -0.08392534498339        0.93610937738534
C           -1.15275439527526       -1.07292028645597        1.82213527389806
C           -1.83481789380502       -0.76924446533709        3.00805566142080
C           -2.15525909020740        0.52577296303429        3.30460938731914
C           -1.77863318739006        1.57567579950032        2.44041838904896
C           -2.06741857865426        2.92310202291917        2.74595005850056
C           -1.66573009933037        3.93241067126142        1.91702169988182
C           -0.94344381862913        3.63871025890872        0.75018289244831
C           -0.65505784622697        2.34325717730580        0.42071933531253
C           -1.07949370166453        1.27485738271566        1.24059354839587
H           -1.74136463144249        0.50616885967694       -1.44043099765754
H           -0.25373600870241        0.20139834481459       -2.37727136915525
H           -1.33170779432799       -1.12841682328615       -1.98078109828836
H            2.82631937566650        0.22406852249353       -1.60791325359270
H            4.23254548787661       -0.71048765280005       -3.40489075740252
H            3.87496142182872       -3.02797416717526       -4.18216491589260
H            2.09929889573555       -4.40217114595058       -3.15295684082490
H            0.68980571582152       -3.46512265105797       -1.36103487235399
H           -0.91365405829309       -2.10022334947376        1.58928278711966
H           -2.10943523038870       -1.56996554439089        3.67917526483808
H           -2.69191120120429        0.76767936949121        4.21117949317065
H           -2.60727833644401        3.14146668291614        3.65679492188059
H           -1.88975033609625        4.96136902537234        2.15866289916516
H           -0.61129592668998        4.44702821992201        0.11462597761926
H           -0.07861863424554        2.12865196961843       -0.46694640695295
34
 energy: -49.108207932128 gnorm: 0.000339418338 xtb: 6.7.1 (edcfbbe)
C           -0.92315168607836       -0.18973175546670       -1.60937959304269
C           -0.15808652225213       -0.46949571075627       -0.33958214138053
N            0.94781595129635       -1.07410013922071       -0.29539133359320
C            1.66011866028516       -1.55667973204350       -1.37414186033736
C            2.67139073201965       -0.78825145465425       -1.95352363527295
C            3.45768148375400       -1.31726405086611       -2.95827281147271
C            3.25687851964653       -2.61573632703823       -3.39830072755701
C            2.26021488832882       -3.38570004319926       -2.82089764002383
C            1.46569364693519       -2.86603892583246       -1.81774886077997
C           -0.79933729733671       -0.08387042543348        0.93639683350872
C           -1.15191174929371       -1.07248308316849        1.82312314728639
C           -1.83513225001401       -0.76860521461079        3.00829554374015
C           -2.15686018294489        0.52635455590830        3.30381223869980
C           -1.77963688472444        1.57605347764125        2.43966643963257
C           -2.06776379959219        2.92357637761882        2.74539593714372
C           -1.66472578420121        3.93288461554134        1.91712481786104
C           -0.94250154398490        3.63890544371389        0.75030663702952
C           -0.65510629768948        2.34331997002782        0.42044618232213
C           -1.07998695055231        1.27497195112800        1.24018041739362
H           -1.74093163542671        0.50524851929436       -1.44079420551009
H           -0.25449566309862        0.19654480330479       -2.37809745408113
H           -1.33360172766299       -1.13087639600453       -1.97751496223585
H            2.82787717597335        0.22293389465169       -1.60455840196864
H            4.23398654286502       -0.70995480000690       -3.40235025051288
H            3.87454620444650       -3.02557348080122       -4.18404896885722
H            2.09786901426799       -4.40032999476927       -3.15695860827900
H            0.68917684277192       -3.46545093722121       -1.36351960769565
H           -0.91150252078686       -2.09971038518451        1.59125600364584
H           -2.10983870339324       -1.56903154809914        3.67974029138423
H           -2.69480233225911        0.76815898111068        4.20965087824803
H           -2.60781951530790        3.14206312284003        3.65609355935648
H           -1.88758935618821        4.96199658939525        2.15917713266000
H           -0.60962786281402        4.44723080964026        0.11513151004108
H           -0.07883939658811        2.12864129225962       -0.46732003115141
34
 energy: -49.108209288794 gnorm: 0.000298095627 xtb: 6.7.1 (edcfbbe)
C           -0.92374249457425       -0.19229789291593       -1.60846116195301
C           -0.15788649273758       -0.47052098535118       -0.33874978859291
N            0.94813786561396       -1.07497621883304       -0.29466784557230
C            1.66037397977545       -1.55728049836970       -1.37356737864158
C            2.67274558959876       -0.78876803887817       -1.95107017559377
C            3.45877142870033       -1.31648406818074       -2.95667761344189
C            3.25663246367707       -2.61379827437628       -3.39958596111985
C            2.25915460643208       -3.38395679293468       -2.82387349311038
C            1.46491121813308       -2.86559139701561       -1.81976765479673
C           -0.79907994687069       -0.08403663910092        0.93696988054173
C           -1.15110790314322       -1.07216428987911        1.82448418220654
C           -1.83571594388531       -0.76792079007718        3.00874169747231
C           -2.15873990734584        0.52702389459829        3.30294670632827
C           -1.78070229214806        1.57642113962122        2.43879862033878
C           -2.06817695568669        2.92409774442058        2.74446144654964
C           -1.66355758973267        3.93324956308792        1.91678394757187
C           -0.94125406694875        3.63880909729348        0.75012136646691
C           -0.65492374073334        2.34302411799246        0.42005875306922
C           -1.08038698663645        1.27490477470764        1.23979301143689
H           -1.73994980701215        0.50482653037796       -1.44087225776285
H           -0.25512827857693        0.19036036243195       -2.37915611693824
H           -1.33675732401096       -1.13373365609522       -1.97329219190686
H            2.83011392966061        0.22154354996624       -1.60000057412839
H            4.23602264097629       -0.70914469983001       -3.39908441800792
H            3.87410937601466       -3.02256381220063       -4.18598765465854
H            2.09597287838082       -4.39779704353034       -3.16191328368897
H            0.68784787876931       -3.46538828066446       -1.36696699550903
H           -0.90934894561782       -2.09932251414231        1.59374017521706
H           -2.11041715027578       -1.56798881895795        3.68060284979865
H           -2.69799528998164        0.76902247208938        4.20794354153139
H           -2.60867866539620        3.14281963373890        3.65484393346931
H           -1.88518198396891        4.96255340405408        2.15917911797322
H           -0.60734848664733        4.44700909305055        0.11532280190953
H           -0.07871360340152        2.12806933360186       -0.46770099025690
34
 energy: -49.108210733124 gnorm: 0.000229735359 xtb: 6.7.1 (edcfbbe)
C           -0.92441624843531       -0.19505576312456       -1.60721496824454
C           -0.15771053348750       -0.47183548705054       -0.33769892258374
N            0.94875580963683       -1.07551801123832       -0.29372636891681
C            1.66065719283938       -1.55746236893961       -1.37307086061599
C            2.67447942951513       -0.78907042705248       -1.94829355184310
C            3.46027805477530       -1.31552507379819       -2.95473450598295
C            3.25659309568758       -2.61158150165584       -3.40060710085601
C            2.25791790491944       -3.38173668502920       -2.82695352236300
C            1.46369641398792       -2.86453291825642       -1.82218896751255
C           -0.79892506138862       -0.08458888917171        0.93775072395737
C           -1.15077653960696       -1.07215175960095        1.82598631779524
C           -1.83639257194611       -0.76729512484046        3.00950659980569
C           -2.16033437687261        0.52771819912422        3.30236002136570
C           -1.78158239208474        1.57667164330411        2.43797656880925
C           -2.06855820032889        2.92456545449244        2.74315436777143
C           -1.66239291635186        3.93334922319881        1.91579458512086
C           -0.93964462887597        3.63825066252744        0.74957443208713
C           -0.65418731361315        2.34220791902620        0.41973266582301
C           -1.08052872700762        1.27451467796429        1.23956412761110
H           -1.73834909394098        0.50502516260814       -1.44058561311174
H           -0.25564226749111        0.18322836902475       -2.38012568397092
H           -1.34098199815091       -1.13644685347333       -1.96845722209860
H            2.83297138341085        0.22018196912745       -1.59473644884113
H            4.23833962672055       -0.70807430462322       -3.39557964318310
H            3.87349578633384       -3.01922041211427       -4.18798126067352
H            2.09335345162392       -4.39449330538066       -3.16757035829856
H            0.68571354806163       -3.46446116692641       -1.37113237164346
H           -0.90809706786471       -2.09931887918161        1.59629084117183
H           -2.11140215437097       -1.56699774759586        3.68166299313637
H           -2.70079724344261        0.77022147688960        4.20649495851755
H           -2.60962532697760        3.14372507326234        3.65310034007970
H           -1.88320943744889        4.96285033892963        2.15810403779415
H           -0.60483649539600        4.44613145322655        0.11484470424953
H           -0.07786110202890        2.12672505604674       -0.46784443815498
34
 energy: -49.108213109013 gnorm: 0.000304078669 xtb: 6.7.1 (edcfbbe)
C           -0.92556166620520       -0.19924657716724       -1.60512349633324
C           -0.15754734790802       -0.47404873730216       -0.33597798267274
N            0.95001749961191       -1.07579751454766       -0.29212540018817
C            1.66139458766594       -1.55709865742495       -1.37227279188863
C            2.67758258313327       -0.78913874015607       -1.94399233585857
C            3.46275471374830       -1.31381545404559       -2.95186815922541
C            3.25629126526917       -2.60786582957223       -3.40227001829310
C            2.25547509948011       -3.37770975844138       -2.83187784260240
C            1.46148649260256       -2.86208186181164       -1.82607304701492
C           -0.79884069605241       -0.08591472798623        0.93915204956787
C           -1.15110274171615       -1.07257447062378        1.82821829603972
C           -1.83786341685812       -0.76653285362123        3.01079900997213
C           -2.16234410187626        0.52872325054148        3.30186614763055
C           -1.78238674736775        1.57688739238892        2.43702059573102
C           -2.06890464833238        2.92516731588444        2.74092736404235
C           -1.66089335390132        3.93313381216096        1.91348296978020
C           -0.93715749063841        3.63681415486918        0.74819149440501
C           -0.65248261860785        2.34034031911825        0.41934802896203
C           -1.08026884314638        1.27352184887992        1.23955946483960
H           -1.73546653003677        0.50597134964584       -1.43985686244459
H           -0.25634593285260        0.17184849201656       -2.38146690913186
H           -1.34834099263709       -1.14023502134128       -1.96071931101575
H            2.83794976922723        0.21847859645989       -1.58668772503934
H            4.24245246990584       -0.70652435359792       -3.39007426290233
H            3.87277841856422       -3.01432860245509       -4.19048719195309
H            2.08897059322708       -4.38896487786263       -3.17599222388770
H            0.68176442765774       -3.46181843794340       -1.37775047093878
H           -0.90793014210424       -2.09990938753235        1.59983920632409
H           -2.11323925061524       -1.56560585192673        3.68353957341993
H           -2.70389550290959        0.77228724311912        4.20505514960980
H           -2.61100250831035        3.14524820225530        3.65004146039851
H           -1.88105096188366        4.96294399259267        2.15509998947605
H           -0.60085274898536        4.44403295443347        0.11340973927821
H           -0.07543967674787        2.12381279069265       -0.46753803188529
34
 energy: -49.108217100239 gnorm: 0.000616878343 xtb: 6.7.1 (edcfbbe)
C           -0.92799599843447       -0.20688016385306       -1.60122412981533
C           -0.15742921572444       -0.47807698861268       -0.33287424067595
N            0.95254312424906       -1.07545670378004       -0.28934665475570
C            1.66300964228942       -1.55541776249196       -1.37100871838961
C            2.68380557367667       -0.78874640128930       -1.93631309893534
C            3.46786367879824       -1.31074542389198       -2.94645766978675
C            3.25606565486793       -2.60117070772846       -3.40478736423432
C            2.25092971109225       -3.36992184373805       -2.84045350335810
C            1.45736091255086       -2.85659005447510       -1.83308617205759
C           -0.79895386453301       -0.08883401447026        0.94183552768631
C           -1.15284488973173       -1.07385944731916        1.83199530348236
C           -1.84067695444747       -0.76533761213588        3.01338968234950
C           -2.16502680240720        0.53053615031595        3.30170233777879
C           -1.78316548607626        1.57711677469064        2.43572122796467
C           -2.06921449743724        2.92614243262173        2.73676091447719
C           -1.65849728646409        3.93237479615477        1.90852571796256
C           -0.93240331374212        3.63362799955253        0.74532635746138
C           -0.64853201460409        2.33634290261394        0.41900020463926
C           -1.07926534452844        1.27130689540612        1.23999024606760
H           -1.73026038779929        0.50785026692085       -1.43855490506972
H           -0.25821694727716        0.15073733392794       -2.38381044455979
H           -1.36238591467005       -1.14674102117345       -1.94643608581084
H            2.84801157282233        0.21587405661150       -1.57237694466914
H            4.25055542509627       -0.70407792535007       -3.38020538785155
H            3.87141386960972       -3.00567722956323       -4.19482014868972
H            2.08011217598294       -4.37819075359919       -3.19126899611371
H            0.67406318243354       -3.45541586587552       -1.38974850082577
H           -0.91018335705102       -2.10173439262840        1.60552076833497
H           -2.11740519164014       -1.56323465126832        3.68696176864960
H           -2.70804679540857        0.77612470459378        4.20346021677054
H           -2.61303157908904        3.14820636490644        3.64436989045738
H           -1.87834523170861        4.96274330193227        2.14806611156055
H           -0.59392319102748        4.43945462013043        0.10993501383831
H           -0.06993025926697        2.11767036256427       -0.46639184768085
34
 energy: -49.108221502149 gnorm: 0.001042452290 xtb: 6.7.1 (edcfbbe)
C           -0.93206307984435       -0.21802881965174       -1.59569006549006
C           -0.15754560754608       -0.48372467265026       -0.32862782289843
N            0.95624892185077       -1.07405183989612       -0.28574174248618
C            1.66581632740117       -1.55204977798160       -1.36925380040776
C            2.69352049937724       -0.78785813915476       -1.92543651660117
C            3.47575799389528       -1.30654933046229       -2.93870309206274
C            3.25570597805731       -2.59159572343862       -3.40838418191974
C            2.24399354593507       -3.35813759864503       -2.85273626595742
C            1.45145071055225       -2.84762502301230       -1.84307056447441
C           -0.79938910539224       -0.09331158800678        0.94566608414493
C           -1.15650259310065       -1.07606380435817        1.83689364125624
C           -1.84533230413410       -0.76381450005284        3.01685444705763
C           -2.16825082646821        0.53310750186377        3.30192536534368
C           -1.78343836674808        1.57738548141084        2.43440645380880
C           -2.06898655935471        2.92749687937433        2.73105501199573
C           -1.65525065153422        3.93107051221467        1.90106204447321
C           -0.92594276006670        3.62867960224388        0.74080528466774
C           -0.64261356934821        2.33024715469811        0.41863723180932
C           -1.07731493403545        1.26790475874336        1.24102602260904
H           -1.72354583792206        0.50976868730115       -1.43677096731111
H           -0.26203209659121        0.12047096396952       -2.38701777327054
H           -1.38256597014780       -1.15613246652352       -1.92578655577542
H            2.86353921894860        0.21252457547109       -1.55256675584831
H            4.26337209803398       -0.70152801244421       -3.36588579650602
H            3.86981642801314       -2.99382138576684       -4.20047642236295
H            2.06691269739470       -4.36218619332096       -3.21259125752424
H            0.66274527634279       -3.44459795868168       -1.40675722950381
H           -0.91574899384487       -2.10491438053542        1.61274922824090
H           -2.12388191269531       -1.55989695046514        3.69182766225848
H           -2.71224030444792        0.78155323118027        4.20231064773217
H           -2.61528672144662        3.15258541001862        3.63643435934993
H           -1.87527613425110        4.96223761923193        2.13702566666606
H           -0.58434591281977        4.43246095695218        0.10448524168125
H           -0.06132545366234        2.10839483007362       -0.46427110649368
34
 energy: -49.108225759768 gnorm: 0.000962230101 xtb: 6.7.1 (edcfbbe)
C           -0.93629598833799       -0.22745616339536       -1.59124500642300
C           -0.15799881840488       -0.48812606486696       -0.32548829187082
N            0.95941340054740       -1.07158905961742       -0.28345441667844
C            1.66845366100614       -1.54810140994400       -1.36817130908813
C            2.70218978694431       -0.78680145925694       -1.91697566651764
C            3.48295386181243       -1.30356151789393       -2.93233918733232
C            3.25581555527100       -2.58409057593606       -3.41084447538009
C            2.23831345544960       -3.34800627784945       -2.86222950184689
C            1.44670004157606       -2.83902693450894       -1.85105815957936
C           -0.80008301719354       -0.09718971088245        0.94866292560555
C           -1.16062895607972       -1.07819961003786        1.84025165700690
C           -1.84926519030616       -0.76275037741628        3.01957184701551
C           -2.16977877856218        0.53517816822092        3.30275312568308
C           -1.78285959412714        1.57752604143473        2.43383656031663
C           -2.06814659599033        2.92852061579083        2.72669263059162
C           -1.65271512170404        3.92979234626778        1.89474628215325
C           -0.92065034354519        3.62435268948632        0.73701155804514
C           -0.63741723704633        2.32500542923875        0.41857512129890
C           -1.07535330457149        1.26493942109638        1.24218221411379
H           -1.71954845228260        0.50974644157718       -1.43542486625663
H           -0.26711332807900        0.09631909427666       -2.38927705450601
H           -1.39871350523295       -1.16381316138474       -1.90917152402298
H            2.87753739879528        0.21000959058301       -1.53720037780652
H            4.27511504907249       -0.70069428530130       -3.35411809564227
H            3.86885803556304       -2.98483896755456       -4.20448719713719
H            2.05556400439818       -4.34842414665983       -3.22923535268681
H            0.65336721930452       -3.43379753770913       -1.42017774703098
H           -0.92286871654755       -2.10804398808834        1.61739129287677
H           -2.13011375397477       -1.55737252992594        3.69532337891583
H           -2.71398562177470        0.78584143040897        4.20238892874443
H           -2.61589442841650        3.15623320697171        3.63052701494666
H           -1.87332467865287        4.96160014629569        2.12735164908076
H           -0.57733420561235        4.42638472280562        0.09942966962586
H           -0.05419183289789        2.10043443347397       -0.46240115001346
34
 energy: -49.108231253350 gnorm: 0.000423762622 xtb: 6.7.1 (edcfbbe)
C           -0.94275201888591       -0.23902650136839       -1.58651828646964
C           -0.15898980733602       -0.49248340318543       -0.32267055612850
N            0.96310213863692       -1.06670338804185       -0.28204227883022
C            1.67202544478562       -1.54201252377582       -1.36742758822432
C            2.71332827230459       -0.78524086112311       -1.90783015754878
C            3.49244837210715       -1.30097480923610       -2.92490062818540
C            3.25660218776454       -2.57627684497800       -3.41304386209165
C            2.23185251527177       -3.33603806592470       -2.87237469727825
C            1.44155661856593       -2.82771379334806       -1.85986938735024
C           -0.80122886645544       -0.10146917289609        0.95160459578643
C           -1.16651468214679       -1.08076492168046        1.84290037350731
C           -1.85447399776417       -0.76181155586595        3.02179185638455
C           -2.17080394342338        0.53739113237349        3.30397895181411
C           -1.78116427874467        1.57769621008186        2.43386039401464
C           -2.06576633227849        2.92966890652926        2.72279875615494
C           -1.64937104553264        3.92835722079374        1.88819327923506
C           -0.91538823620293        3.61949902775174        0.73257670348049
C           -0.63205718783484        2.31919405393368        0.41837287331854
C           -1.07285132295140        1.26166478126645        1.24370412066230
H           -1.71775629417713        0.50711958681701       -1.43403654346650
H           -0.27617111944742        0.06902602745369       -2.39209300509649
H           -1.41684254647372       -1.17360782885006       -1.89018865325107
H            2.89520967651709        0.20763301298288       -1.52115602097158
H            4.29037520142743       -0.70160264121787       -3.34060477838235
H            3.86865532249884       -2.97611736210861       -4.20804930148958
H            2.04229611847603       -4.33237990554721       -3.24669277592603
H            0.64257034218760       -3.41910886829707       -1.43488792876344
H           -0.93325015979357       -2.11186846237747        1.62089092466029
H           -2.13786161525850       -1.55477607773324        3.69846430013563
H           -2.71399175493278        0.79028221108841        4.20361275854947
H           -2.61481598361487        3.16030461253818        3.62507807242425
H           -1.87084122722518        4.96085181077184        2.11683986045800
H           -0.57031856477874        4.41966852005519        0.09361490943867
H           -0.04681122488461        2.09161987281712       -0.46049980436955
34
 energy: -49.108236109738 gnorm: 0.000715899296 xtb: 6.7.1 (edcfbbe)
C           -0.95260015416989       -0.25594467741526       -1.58041478985809
C           -0.16041592369339       -0.49788503178250       -0.31940939690860
N            0.96809526925294       -1.05935186105792       -0.28079925425577
C            1.67690127329333       -1.53370413239584       -1.36669810685491
C            2.72879764073016       -0.78325995801241       -1.89550022425918
C            3.50578214020229       -1.29776449646287       -2.91472716734530
C            3.25823888866521       -2.56613326611616       -3.41580414504096
C            2.22347741211049       -3.32011734707060       -2.88606319764621
C            1.43466535439427       -2.81245409604208       -1.87205237538556
C           -0.80277438018649       -0.10638623463607        0.95496084623824
C           -1.17350473537432       -1.08352013894097        1.84609320991718
C           -1.86089086088777       -0.76035314308758        3.02431175849319
C           -2.17252309439474        0.54035091711963        3.30507796144949
C           -1.77947529734935        1.57816533494070        2.43354191532000
C           -2.06254596993830        2.93137534958797        2.71818721976098
C           -1.64413213034864        3.92700250462637        1.88085016106471
C           -0.90798908762867        3.61396212468052        0.72765836483857
C           -0.62571675463936        2.31240805690999        0.41785857356580
C           -1.07026050192477        1.25793320977719        1.24513511963441
H           -1.71646581785617        0.50290094288050       -1.43278425129305
H           -0.28996964963299        0.02922107488779       -2.39779427397431
H           -1.44299890906628       -1.18922453374563       -1.86252472033541
H            2.91975891987942        0.20429384609961       -1.49929382104499
H            4.31220407671609       -0.70346199970435       -3.32148281821352
H            3.86925739260794       -2.96497044947870       -4.21232235596968
H            2.02464057146998       -4.31105344067247       -3.27026972571939
H            0.62778495456031       -3.39931118276563       -1.45544078711443
H           -0.94523345229590       -2.11607317289506        1.62534645719819
H           -2.14834797451198       -1.55138603897931        3.70159963203772
H           -2.71553592555338        0.79578474210326        4.20414302079455
H           -2.61224607644518        3.16558477732154        3.61913415801173
H           -1.86516304325453        4.96044314251209        2.10556387634274
H           -0.56134344974810        4.41186395553468        0.08671993530346
H           -0.03947070458191        2.08106522197860       -0.45940432255051
34
 energy: -49.108246477009 gnorm: 0.001203915357 xtb: 6.7.1 (edcfbbe)
C           -0.97197282424815       -0.28425457390269       -1.57203187306686
C           -0.16410849990498       -0.50480577454384       -0.31667712125885
N            0.97584461066088       -1.04288397952487       -0.28211275334699
C            1.68473827374479       -1.51763309845641       -1.36749716455990
C            2.75423024806083       -0.77972856044426       -1.87873112776223
C            3.52898361461051       -1.29519234299678       -2.89899758378560
C            3.26331622434954       -2.55297970426759       -3.41748624704150
C            2.21207356726441       -3.29550345631229       -2.90416849942591
C            1.42451109433450       -2.78599316083579       -1.89015746807260
C           -0.80604590121230       -0.11276392876310        0.95831458885779
C           -1.18541572657606       -1.08732888918920        1.84817523323087
C           -1.87114763571002       -0.75866305799786        3.02597922079226
C           -2.17383508406888        0.54426191201510        3.30663418655177
C           -1.77543976619848        1.57895543633200        2.43390198045918
C           -2.05455445799256        2.93390354951014        2.71404228746227
C           -1.63405800432993        3.92539309859121        1.87281230943379
C           -0.89796907950963        3.60662191239593        0.72108492124991
C           -0.61844743152416        2.30337730097353        0.41628456056847
C           -1.06676749329712        1.25309211665366        1.24684634677910
H           -1.72091497794016        0.49070246121841       -1.43214165575459
H           -0.31882002778135       -0.03233229534640       -2.40761699258985
H           -1.48374250305812       -1.21603942980155       -1.81948571699853
H            2.95957654028334        0.19975610065356       -1.46991264755157
H            4.34904458515397       -0.71067023445728       -3.29270584673062
H            3.87304181239860       -2.95203022646094       -4.21500274082825
H            1.99858473906324       -4.27816795538981       -3.30168037396662
H            0.60503450068018       -3.36408871242300       -1.48572900716457
H           -0.96546398044123       -2.12193181755863        1.62820938552805
H           -2.16512336685905       -1.54727047140357        3.70335984666760
H           -2.71519528286809        0.80285634672222        4.20580648089413
H           -2.60370918778702        3.17290660322196        3.61402568560598
H           -1.85342466084821        4.96014199941962        2.09291339199701
H           -0.55004824794700        4.40153207798315        0.07715431088440
H           -0.03277567010196        2.06676075408440       -0.46001344085652
34
 energy: -49.108262941698 gnorm: 0.001633579690 xtb: 6.7.1 (edcfbbe)
C           -0.99489482120376       -0.31558654370034       -1.56470218175096
C           -0.16895444761254       -0.51016456632362       -0.31642138519547
N            0.98350388393198       -1.02112549602621       -0.28638054126861
C            1.69261260774246       -1.49886488838622       -1.36991093917140
C            2.78028042055002       -0.77577407151371       -1.86400265785407
C            3.55387620700556       -1.29471566363562       -2.88332928259784
C            3.27035918389084       -2.54230270590100       -3.41697452150269
C            2.20215335606408       -3.27126708595381       -2.91954622966646
C            1.41469078586310       -2.75727518263766       -1.90769589009072
C           -0.81010999881268       -0.11740710364732        0.95936457181708
C           -1.19712478133385       -1.09016240386577        1.84755205232730
C           -1.88136673878154       -0.75743222711649        3.02519601022253
C           -2.17494913686686        0.54734845753930        3.30709435913037
C           -1.77105642306854        1.57981081523962        2.43431396774896
C           -2.04407596723045        2.93631172192822        2.71286186628170
C           -1.62139792607223        3.92464172287978        1.86901135244097
C           -0.88906092960972        3.60118190952462        0.71610936979285
C           -0.61452356198086        2.29645419371828        0.41338228377117
C           -1.06463945230013        1.24955921036559        1.24721535488877
H           -1.73086016615153        0.47318554806936       -1.43314360553759
H           -0.35383179001855       -0.09586168778356       -2.41842680496294
H           -1.52476695841417       -1.24643149624378       -1.77532963170976
H            2.99943958849367        0.19600102264871       -1.44454968731205
H            4.38776669014236       -0.72145490078691       -3.26447120305419
H            3.87981602920354       -2.94376747212106       -4.21348412965453
H            1.97492832538521       -4.24622756714588       -3.32786153778089
H            0.58237037071469       -3.32524217605893       -1.51511389109274
H           -0.98414692886373       -2.12628507808933        1.62776805073941
H           -2.18138339707395       -1.54434731711685        3.70189481028890
H           -2.71427315892506        0.80843518469341        4.20677112345640
H           -2.59094595075250        3.17903865950051        3.61323362403683
H           -1.83659566722567        4.96060292167089        2.08739481467647
H           -0.54049876640167        4.39378408112895        0.06969152816131
H           -0.03234047988716        2.05534018484583       -0.46411454337706
34
 energy: -49.108285346915 gnorm: 0.001738527458 xtb: 6.7.1 (edcfbbe)
C           -1.02199121283667       -0.35027416676641       -1.55978372347022
C           -0.17586043565493       -0.51294361412109       -0.32057460314305
N            0.99006781035791       -0.99177322433948       -0.29566085797003
C            1.69955287226441       -1.47655435817359       -1.37532781598210
C            2.80500082862504       -0.77100960440219       -1.85406214907166
C            3.57932257991512       -1.29737845952609       -2.86906204892805
C            3.28061222324151       -2.53654668366702       -3.41199201439403
C            2.19581797694225       -3.24939095981825       -2.92867902895569
C            1.40620351199670       -2.72659598508020       -1.92294293824915
C           -0.81549665617566       -0.11882728031141        0.95627053949811
C           -1.20760350994080       -1.09112873471167        1.84238101191342
C           -1.89053497176453       -0.75702589682318        3.02040533616431
C           -2.17558074923211        0.54882870039800        3.30562863510864
C           -1.76650305826590        1.58069703468904        2.43464622870717
C           -2.03004026514146        2.93832412276109        2.71677815955229
C           -1.60491405366830        3.92543057742807        1.87283671716943
C           -0.88233367494455        3.59942659201077        0.71439061609680
C           -0.61653303026222        2.29366139443724        0.40840871705277
C           -1.06517019494336        1.24850055787912        1.24510487178812
H           -1.74916075149166        0.44761927348302       -1.43787270017354
H           -0.39630536850532       -0.15985790344848       -2.43015850539347
H           -1.56347316746719       -1.28073672276217       -1.73197473574416
H            3.03645037908267        0.19406408194791       -1.42738184896706
H            4.42655979221457       -0.73721647120379       -3.23904276217931
H            3.89123840160567       -2.94397862314968       -4.20447399874558
H            1.95669072653337       -4.21802407401561       -3.34370754685297
H            0.56153142641940       -3.28274925214594       -1.54086971825344
H           -0.99899542414381       -2.12785229586355        1.62161648238833
H           -2.19552685519991       -1.54368874191218        3.69504440263662
H           -2.71250502827170        0.81113177994306        4.20635018735875
H           -2.57162784995284        3.18271005996851        3.61990891035009
H           -1.81176142966650        4.96237866121795        2.09471526410642
H           -0.53441151009882        4.39104382212009        0.06645028058924
H           -0.04271933116994        2.04973639365706       -0.47397288780595
34
 energy: -49.108004868066 gnorm: 0.015290828246 xtb: 6.7.1 (edcfbbe)
C           -1.08562233176175       -0.44302135236738       -1.54148126585783
C           -0.19099409006926       -0.52741516398698       -0.32344964812012
N            1.00868624002917       -0.92786629048659       -0.30974632914321
C            1.71748453971235       -1.42467696075224       -1.38430945378198
C            2.87221466630330       -0.75951364654347       -1.81421476717663
C            3.64660873234878       -1.29588304133159       -2.82406167691363
C            3.30233302710767       -2.50877863003479       -3.40617454730431
C            2.17108989355267       -3.18453202522486       -2.96842560588085
C            1.37758901833742       -2.64811365315366       -1.97252976872271
C           -0.82817894763325       -0.12817867021249        0.95469553640491
C           -1.23419008010151       -1.09602236268315        1.83904048256745
C           -1.91672338671675       -0.75363233252205        3.01533567878655
C           -2.18302745210762        0.55590934286096        3.30177419015577
C           -1.75826777332773        1.58310499498367        2.43238629022819
C           -1.99928712366458        2.94482421752343        2.71665319429121
C           -1.56316320347690        3.92559623441430        1.87077777277012
C           -0.85856192687601        3.58879157150449        0.70377890755090
C           -0.61359505462020        2.27906427331665        0.39603330930140
C           -1.06475947589382        1.24149515808821        1.24091583693847
H           -1.77409948199626        0.39896018258346       -1.44812552077242
H           -0.49119711800265       -0.35161665409063       -2.46343824838799
H           -1.68225696666544       -1.36927934177118       -1.60357195857557
H            3.13801202775592        0.18464279145764       -1.35699967459403
H            4.52914396205489       -0.76480954224228       -3.15970372437890
H            3.91364940323244       -2.92491849852028       -4.19339216736011
H            1.89730910980675       -4.13320343046032       -3.41287559015275
H            0.49815038642377       -3.17706195882363       -1.62482903881418
H           -1.03549544235771       -2.13530252680820        1.62059902626022
H           -2.23270823183309       -1.53696952354942        3.68880101406307
H           -2.71624747892801        0.82546202890061        4.20256294784166
H           -2.53395560785320        3.19700422374703        3.62203715542764
H           -1.75119625155300        4.96588352254856        2.09581586981904
H           -0.50539506232743        4.37543327188645        0.05242085411369
H           -0.05334851849844        2.02462379144858       -0.49290260438202
34
 energy: -49.108291725872 gnorm: 0.003887732908 xtb: 6.7.1 (edcfbbe)
C           -1.06105743735208       -0.40797731778170       -1.54992218031207
C           -0.18679932801602       -0.52149820221543       -0.32445832991285
N            0.99898599846712       -0.95113455425885       -0.30613341595319
C            1.70886880593073       -1.44409192511816       -1.38195653259237
C            2.84368524041389       -0.76320792666895       -1.83092519460369
C            3.61974661763073       -1.29701803224613       -2.84085083415921
C            3.29448313111576       -2.52121523605549       -3.40620179597527
C            2.18166124697233       -3.21111552897793       -2.95095116646276
C            1.38848926809338       -2.67874189411084       -1.95295848247096
C           -0.82484351615684       -0.12355737457582        0.95297901616926
C           -1.22327856228236       -1.09354826806582        1.83862481921794
C           -1.90486292383097       -0.75521195018457        3.01648507450456
C           -2.17903209114269        0.55259379415628        3.30288245916961
C           -1.76147635345233        1.58206493559710        2.43289482282053
C           -2.00962835334089        2.94200278151549        2.71847721470389
C           -1.57779717178441        3.92599563282170        1.87424276142515
C           -0.86883694771444        3.59432796917537        0.70878812414222
C           -0.61756973971814        2.28634871685687        0.39946622646119
C           -1.06666938445077        1.24506819871793        1.24085757093421
H           -1.76762142840476        0.41362545863881       -1.44636025327044
H           -0.45389851133575       -0.27404280639277       -2.44760135177566
H           -1.63125568108798       -1.33500139560997       -1.65831170979048
H            3.09475385091598        0.18957535662625       -1.38620252880426
H            4.48820774831389       -0.75468802799721       -3.18971368116150
H            3.90681630288650       -2.93566723593919       -4.19346010256585
H            1.92306666948116       -4.16848704674097       -3.38250481107360
H            0.52289573809980       -3.21805968992778       -1.59200587598591
H           -1.01924771925746       -2.13154151205133        1.61900022346463
H           -2.21538980198331       -1.54042392549456        3.69025074888178
H           -2.71326637049811        0.81920782858654        4.20393069186167
H           -2.54504387246856        3.19037168701180        3.62435839237356
H           -1.77097179849730        4.96486503381510        2.10047204525010
H           -0.51850804375276        4.38339011174236        0.05890180835169
H           -0.05460558139283        2.03679234485073       -0.48869727666088
34
 energy: -49.108311809533 gnorm: 0.001429619812 xtb: 6.7.1 (edcfbbe)
C           -1.05761984907571       -0.40360057958929       -1.55261286303721
C           -0.18725797621122       -0.51990483750847       -0.32617313304702
N            0.99622837477282       -0.95297095696353       -0.30689586338212
C            1.70649449179830       -1.44632401346938       -1.38235714969474
C            2.83762124118577       -0.76335828673855       -1.83413843476440
C            3.61470422733034       -1.29729758802642       -2.84308663774827
C            3.29423475272231       -2.52377682432854       -3.40410776246715
C            2.18425480685142       -3.21528402933244       -2.94681486840598
C            1.39010633425626       -2.68282906939327       -1.94972932717426
C           -0.82540792052464       -0.12220933143495        0.95127316336709
C           -1.22160216510696       -1.09284341337087        1.83729043870808
C           -1.90209918977511       -0.75569259576169        3.01609290240549
C           -2.17743195363079        0.55170652822760        3.30302793754939
C           -1.76182255178335        1.58179084852648        2.43288007996160
C           -2.01014546484545        2.94129366599730        2.71984365965054
C           -1.57893831367341        3.92618410908454        1.87636419937985
C           -0.87052015867794        3.59587666407922        0.71035481808770
C           -0.61953798296020        2.28830597028884        0.39942744713739
C           -1.06793974696597        1.24608410940058        1.23997021479513
H           -1.76664349100253        0.41528801296735       -1.44968936447433
H           -0.44851119987313       -0.26585416024126       -2.44664647181540
H           -1.62443472928881       -1.32991656429845       -1.66589050005414
H            3.08514082146701        0.19085654315289       -1.39174647304236
H            4.48134660143705       -0.75377497811327       -3.19313503374090
H            3.90780067290860       -2.93892830208496       -4.19005649012787
H            1.92903241927346       -4.17421031702186       -3.37592426571869
H            0.52631811277278       -3.22315055819147       -1.58746801765423
H           -1.01657882427095       -2.13054469373367        1.61696120349954
H           -2.21107191034220       -1.54157772391502        3.68981790670933
H           -2.71126090222271        0.81775195051710        4.20448135689078
H           -2.54426705907087        3.18868130347484        3.62670245525873
H           -1.77154182325712        4.96472936013916        2.10414269700752
H           -0.52105766808035        4.38555655801934        0.06078623179026
H           -0.05759197573620        2.03994319934101       -0.48954757964827
34
 energy: -49.108317479736 gnorm: 0.000972037192 xtb: 6.7.1 (edcfbbe)
C           -1.05501051342526       -0.40004381311257       -1.55557914495475
C           -0.18874597846606       -0.51949779441434       -0.32764796128084
N            0.99323953070826       -0.95572465636318       -0.30701085200770
C            1.70387199552603       -1.44869710949998       -1.38253755033104
C            2.83270031159271       -0.76340690102685       -1.83521707966592
C            3.61143517192550       -1.29686374592698       -2.84308585380057
C            3.29436724329298       -2.52501111916112       -3.40198975691809
C            2.18585797459150       -3.21820484240744       -2.94446872629094
C            1.39035292885274       -2.68640107735614       -1.94816613873536
C           -0.82677848964082       -0.12167827609218        0.94981734570239
C           -1.22048483671454       -1.09252692018231        1.83669107826828
C           -1.89932857066706       -0.75598992575992        3.01660212506356
C           -2.17564520601177        0.55114158070041        3.30362683692614
C           -1.76204040914311        1.58152637357259        2.43284944848829
C           -2.01033122776840        2.94078160809818        2.72064010862389
C           -1.57957212668964        3.92618046784577        1.87750334087262
C           -0.87173238748010        3.59662618033095        0.71104505422572
C           -0.62127458076302        2.28923335056470        0.39902736346981
C           -1.06937667193515        1.24648426170441        1.23904944076894
H           -1.76407547308881        0.41854864748921       -1.45508596791500
H           -0.44310985969762       -0.26145174789997       -2.44586544775538
H           -1.62138779372786       -1.32431143883416       -1.67261774982992
H            3.07671096094587        0.19203473346599       -1.39402787841671
H            4.47589514850760       -0.75151562512293       -3.19412938735380
H            3.90918632841190       -2.94032798554439       -4.18690922421995
H            1.93359029347924       -4.17829604137960       -3.37238214610764
H            0.52790371409082       -3.22790751615152       -1.58554868632938
H           -1.01471520897079       -2.13001228791615        1.61597398585136
H           -2.20591871383408       -1.54220115049036        3.69103839391470
H           -2.70822315320304        0.81710281324246        4.20584510327490
H           -2.54382219252988        3.18762629595668        3.62797333766156
H           -1.77201621315943        4.96449220294559        2.10609436680234
H           -0.52209231660491        4.38664711968863        0.06198853150212
H           -0.05942967800330        2.04164433873545       -0.49009983330259
34
 energy: -49.108322258636 gnorm: 0.001044248960 xtb: 6.7.1 (edcfbbe)
C           -1.05351162181628       -0.39761388916788       -1.55761809946327
C           -0.18966613547715       -0.51942334480986       -0.32824454456067
N            0.99105719379586       -0.95888948262883       -0.30636175150470
C            1.70203531993001       -1.45097678045716       -1.38214841899085
C            2.82945775858412       -0.76368227805350       -1.83499884635683
C            3.60908799916849       -1.29581476210113       -2.84282817935303
C            3.29443038241317       -2.52468901577971       -3.40112391871294
C            2.18711738159702       -3.21953927004793       -2.94372015160877
C            1.39041263556375       -2.68901527930838       -1.94766095309319
C           -0.82769120944266       -0.12171896062106        0.94920434624285
C           -1.21999909615181       -1.09251510618559        1.83678567519732
C           -1.89765134879016       -0.75603058439841        3.01740277530025
C           -2.17457980610522        0.55100282428625        3.30419166008129
C           -1.76223268307742        1.58138216883478        2.43277440395596
C           -2.01072573132648        2.94057952678274        2.72056924356647
C           -1.58004756422469        3.92606798560664        1.87747811862337
C           -0.87200280608430        3.59663653122395        0.71114600557151
C           -0.62178856814109        2.28925184156653        0.39887084190457
C           -1.07012289565814        1.24642700513466        1.23862827190345
H           -1.75972480554672        0.42373371357046       -1.45914205238819
H           -0.43943994959231       -0.26238804393229       -2.44731688829715
H           -1.62357629137171       -1.32004447327177       -1.67466240797191
H            3.07160339457360        0.19218351567928       -1.39354577593599
H            4.47315517706254       -0.74924104032771       -3.19334982098937
H            3.91026578152874       -2.93936285709247       -4.18561126461710
H            1.93648895208081       -4.17992172547156       -3.37193661518954
H            0.52843043816180       -3.23155144953097       -1.58554765214772
H           -1.01385372838069       -2.12991832126278        1.61612430033694
H           -2.20254872612651       -1.54221029138025        3.69266259414650
H           -2.70625770455489        0.81704028871593        4.20691666413555
H           -2.54419551229806        3.18736664285623        3.62791959319483
H           -1.77257229428301        4.96434245886327        2.10614560235877
H           -0.52173413221975        4.38669591870243        0.06248657822210
H           -0.05961980339035        2.04183653370498       -0.49009285735948
34
 energy: -49.108334441077 gnorm: 0.001187422062 xtb: 6.7.1 (edcfbbe)
C           -1.05263894268527       -0.39177928251205       -1.56505937753281
C           -0.19567887841823       -0.52115349097560       -0.33112759556603
N            0.98261268619005       -0.96923851621221       -0.30456183054611
C            1.69638213538854       -1.45761113936864       -1.38046418726437
C            2.82177876086617       -0.76429910739637       -1.83070686342719
C            3.60593172562210       -1.29194241809389       -2.83729737416336
C            3.29698520244756       -2.52205186263706       -3.39715509946632
C            2.19047532642965       -3.22151521831217       -2.94382511738719
C            1.38935029275146       -2.69562054493743       -1.94861892625778
C           -0.83318341306879       -0.12308427321436        0.94631837015689
C           -1.22065051737056       -1.09327068311241        1.83674089908691
C           -1.89183064788190       -0.75603052224588        3.02088348172268
C           -2.16894372388087        0.55106511811266        3.30735434336142
C           -1.76169386079123        1.58092933959363        2.43282267302011
C           -2.00998684152894        2.94020367860425        2.72041307945146
C           -1.57999262103791        3.92548052916697        1.87667217627346
C           -0.87189468568353        3.59569068355148        0.71049114152981
C           -0.62365270860692        2.28805824438070        0.39741080941826
C           -1.07320383798776        1.24538894503957        1.23668241731520
H           -1.74384628637534        0.44338514593231       -1.47608865871779
H           -0.43173835104649       -0.27480230137717       -2.45330772715086
H           -1.64040126587822       -1.30457331987024       -1.67795687700644
H            3.05767505121556        0.19269120745072       -1.38789057756112
H            4.46801962793758       -0.74088215444587       -3.18605841462653
H            3.91663951824111       -2.93406922659364       -4.18011661614130
H            1.94474474153448       -4.18236838894487       -3.37407700652177
H            0.52760232346922       -3.24117092458101       -1.59001348950758
H           -1.01510117591544       -2.13076186567023        1.61591013412907
H           -2.19154654781840       -1.54179930787085        3.69908233461478
H           -2.69608039017953        0.81776136709903        4.21257465164936
H           -2.54200480265067        3.18746495761047        3.62850722190895
H           -1.77215817895109        4.96386432103826        2.10534286488904
H           -0.52030913608256        4.38547029241423        0.06223873415498
H           -0.06166057785327        2.04057071807656       -0.49172311763678
34
 energy: -49.108341009070 gnorm: 0.001112456825 xtb: 6.7.1 (edcfbbe)
C           -1.05676894823847       -0.39352781905976       -1.56708302419558
C           -0.19896288153484       -0.52156165082833       -0.33359863764002
N            0.97934214327691       -0.96883736055270       -0.30643890066529
C            1.69505423767145       -1.45699390840128       -1.38101490107575
C            2.82171672854520       -0.76391778313638       -1.82851887853184
C            3.60775126178179       -1.29131401761980       -2.83370540917877
C            3.29988236577411       -2.52109784609038       -3.39472385636927
C            2.19251675166830       -3.22041332516282       -2.94391653211930
C            1.38913515710781       -2.69455108442991       -1.95049240401836
C           -0.83587920447254       -0.12333610423042        0.94414773699557
C           -1.22273796185079       -1.09353939512055        1.83486488110286
C           -1.89132267428147       -0.75620907507849        3.02040726954992
C           -2.16637448411627        0.55105621190130        3.30816069422131
C           -1.76005179219199        1.58085980687110        2.43318303639323
C           -2.00635193480881        2.94026275274002        2.72207287729731
C           -1.57729883422307        3.92556211126405        1.87791462105957
C           -0.87238383627596        3.59560265763325        0.70979395305675
C           -0.62592036131594        2.28792557118575        0.39557732906907
C           -1.07437884932699        1.24521107814025        1.23541762563326
H           -1.74014878607288        0.44830291950597       -1.48194757850204
H           -0.43688310527718       -0.28818534558946       -2.45762289865810
H           -1.65321156236792       -1.30183776124323       -1.67197880920838
H            3.05786110811576        0.19251097869172       -1.38413260499931
H            4.47156974679093       -0.74072609560865       -3.17971026328644
H            3.92135063097029       -2.93291468389865       -4.17635635668900
H            1.94683204103486       -4.18072882112502       -3.37564117572155
H            0.52633907538665       -3.23986118999161       -1.59412353440703
H           -1.01847136202816       -2.13114123881289        1.61334156129927
H           -2.18997188653661       -1.54185870597405        3.69915284089752
H           -2.69076862636364        0.81780292770950        4.21496732367044
H           -2.53644024487750        3.18753823475208        3.63130838566896
H           -1.76807343165987        4.96403078928583        2.10744881741160
H           -0.52123096770915        4.38541184640317        0.06133473446166
H           -0.06571951219347        2.04047532556929       -0.49469144632122
34
 energy: -49.108354617199 gnorm: 0.002085568278 xtb: 6.7.1 (edcfbbe)
C           -1.07619402603456       -0.40519763281653       -1.57146451765690
C           -0.21071304245698       -0.52322459573459       -0.34245723690946
N            0.97081597598703       -0.96061069165220       -0.31550024547478
C            1.69305593915082       -1.45016644867075       -1.38435331550329
C            2.82735197358046       -0.76187053006752       -1.81987161223243
C            3.61992768491606       -1.29080074357348       -2.81888185661930
C            3.31220336343799       -2.51786777175033       -3.38561229258370
C            2.19768756724419       -3.21301910518010       -2.94643244719089
C            1.38758793424778       -2.68525377440798       -1.95942542044969
C           -0.84534323105278       -0.12430272586306        0.93671398707331
C           -1.23236341954348       -1.09466803667022        1.82719541193197
C           -1.89200581491858       -0.75689988347903        3.01750289685977
C           -2.15749683699744        0.55121291986274        3.31076168492581
C           -1.75287739973438        1.58075610466681        2.43493166865525
C           -1.99119826786094        2.94067253382535        2.72859247232014
C           -1.56603277082220        3.92583607768916        1.88244271316916
C           -0.87303729836774        3.59515361519473        0.70723241530991
C           -0.63304470032963        2.28728060350502        0.38920757570610
C           -1.07744386310241        1.24453783871454        1.23141709556146
H           -1.73327570286877        0.45932117390926       -1.50087956791384
H           -0.46354258304471       -0.34226476902212       -2.47198136162056
H           -1.70182062727059       -1.29821199651522       -1.64312568750232
H            3.06465627795289        0.19221503275412       -1.37183082057144
H            4.48983814224264       -0.74384005622920       -3.15557348631087
H            3.93931395888735       -2.93021641017023       -4.16247113424494
H            1.95165482592689       -4.17138364049529       -3.38154321739693
H            0.51925133725753       -3.22760722607682       -1.61175481906462
H           -1.03395966032174       -2.13278429364445        1.60258840370405
H           -2.19028932513444       -1.54240590260960        3.69646736904514
H           -2.67305991395915        0.81818880341150        4.22259190228852
H           -2.51214604306017        3.18820650300974        3.64311817919896
H           -1.75045589817631        4.96469427333676        2.11556364940922
H           -0.52574777149703        4.38487649374067        0.05655159957393
H           -0.08129678387696        2.03964426070719       -0.50632350928564
34
 energy: -49.108360537280 gnorm: 0.001175272413 xtb: 6.7.1 (edcfbbe)
C           -1.08181855879939       -0.40966044461063       -1.57087264552138
C           -0.21260536323402       -0.52322630314696       -0.34402750648298
N            0.97097576271821       -0.95542537869550       -0.31858299320396
C            1.69377447339394       -1.44639221067632       -1.38612975906188
C            2.83066505243319       -0.76072360845542       -1.81912507511226
C            3.62404177073461       -1.29148154665639       -2.81656665335802
C            3.31483453641233       -2.51787176192879       -3.38400841505205
C            2.19819882120052       -3.21087055914871       -2.94674816297645
C            1.38713400386956       -2.68119889962246       -1.96160876415165
C           -0.84649359337490       -0.12428437536695        0.93570856081552
C           -1.23480099600043       -1.09483834480254        1.82537576521997
C           -1.89352875003349       -0.75710833363528        3.01614978384765
C           -2.15634915262507        0.55119565352361        3.31089340700251
C           -1.75086797938339        1.58083265204393        2.43559610033015
C           -1.98718727129216        2.94085947078629        2.73038675122595
C           -1.56316376977328        3.92598722129402        1.88363860537632
C           -0.87324442205417        3.59517807946213        0.70665827940056
C           -0.63416129912817        2.28728759327235        0.38813311197179
C           -1.07726922925002        1.24456536538905        1.23109944414249
H           -1.73691554973953        0.45550084338400       -1.50228961698366
H           -0.47304657689739       -0.35138091048635       -2.47304483030763
H           -1.70879059519889       -1.30075416893475       -1.63633235135012
H            3.07006491048628        0.19259139720139       -1.36999914313579
H            4.49654939333294       -0.74672648404772       -3.15080088314403
H            3.94264513428499       -2.93141774371168       -4.15962690608902
H            1.95043822087005       -4.16871262119948       -3.38266788087616
H            0.51711660348861       -3.22199585224694       -1.61543990444711
H           -1.03815641677703       -2.13309278672820        1.59980030246427
H           -2.19315435953989       -1.54274254410658        3.69436844946756
H           -2.67057756846560        0.81815488583005        4.22344347329985
H           -2.50613408202168        3.18838049907672        3.64602148299918
H           -1.74649600777109        4.96487748006190        2.11732374028883
H           -0.52743378106716        4.38489134246681        0.05515101343868
H           -0.08424336039781        2.03960239411425       -0.50848030383602
34
 energy: -49.108363920407 gnorm: 0.000341899073 xtb: 6.7.1 (edcfbbe)
C           -1.08166600212862       -0.41014185880348       -1.56970646670361
C           -0.21197678542110       -0.52296393333243       -0.34365294776286
N            0.97168396503051       -0.95502259070454       -0.31905729274767
C            1.69381958928760       -1.44612387676621       -1.38697569602805
C            2.83091100161303       -0.76065470588683       -1.81953721683907
C            3.62479178216644       -1.29180058246438       -2.81641001231293
C            3.31493223893026       -2.51801774069005       -3.38433382788088
C            2.19768005895292       -3.21069355248352       -2.94761958082647
C            1.38693054519326       -2.68116799397875       -1.96219753018072
C           -0.84560711899139       -0.12393168365393        0.93620804960357
C           -1.23441624819690       -1.09457379997431        1.82549601255776
C           -1.89392315727519       -0.75702893392522        3.01592252190111
C           -2.15708824108712        0.55114737551504        3.31050817046477
C           -1.75095782465311        1.58093567645355        2.43562422328811
C           -1.98769804571513        2.94085704117528        2.73016558453378
C           -1.56352290078702        3.92604061544505        1.88353615655074
C           -0.87265024895979        3.59543911314552        0.70720691485917
C           -0.63288468516042        2.28757758616078        0.38902756582961
C           -1.07647955619669        1.24483951907175        1.23163131145511
H           -1.73630344350087        0.45575085947941       -1.50373352372910
H           -0.47314374744706       -0.35469244900495       -2.47120877523465
H           -1.70928935866636       -1.29980311660489       -1.63296136922656
H            3.06884779172969        0.19327410172890       -1.37142118985763
H            4.49540638625128       -0.74614048805761       -3.15211877539516
H            3.94247722384035       -2.93182070977097       -4.16001084079302
H            1.95121476619664       -4.16947302274864       -3.38214063720804
H            0.51766634029840       -3.22241938991469       -1.61534600793550
H           -1.03775471064007       -2.13277210283151        1.59978320445390
H           -2.19458137751288       -1.54290564012908        3.69348205818645
H           -2.67254399743150        0.81806850960232        4.22233961764794
H           -2.50689699739353        3.18828273051325        3.64559860468642
H           -1.74732097798394        4.96485076518095        2.11699165656063
H           -0.52719367550246        4.38515300358669        0.05553692823116
H           -0.08246258843857        2.03993127436635       -0.50723041394721
34
 energy: -49.108365987137 gnorm: 0.000465519346 xtb: 6.7.1 (edcfbbe)
C           -1.08150163055118       -0.41110212402207       -1.56864621996764
C           -0.21117636426585       -0.52269625891898       -0.34314067359388
N            0.97266021185817       -0.95433474659443       -0.31941840372205
C            1.69412326759142       -1.44588688145893       -1.38757804044326
C            2.83068191234683       -0.76010575881857       -1.82096987093853
C            3.62434274022581       -1.29122893275228       -2.81806405651399
C            3.31488359278846       -2.51808948747102       -3.38485284492436
C            2.19808920593188       -3.21109508355501       -2.94730643808085
C            1.38727739283194       -2.68134922922558       -1.96207319589987
C           -0.84450493468502       -0.12358416833476        0.93686780844450
C           -1.23407340876540       -1.09433657218937        1.82566358429749
C           -1.89485413419370       -0.75697188838477        3.01547764791054
C           -2.15833799315730        0.55112411727639        3.30993665053091
C           -1.75117098561084        1.58108517982908        2.43566312268854
C           -1.98834351221654        2.94092633979099        2.73000820876515
C           -1.56388722894372        3.92617930425731        1.88355091099239
C           -0.87211975037599        3.59574170299749        0.70775855920945
C           -0.63155824149837        2.28789653763083        0.38995803228866
C           -1.07557878933954        1.24514504313786        1.23226078720327
H           -1.73448553937526        0.45632517414909       -1.50453120515766
H           -0.47346811405742       -0.35899889908525       -2.47048149838915
H           -1.71102231742492       -1.29940840258606       -1.62880498387980
H            3.06832029878875        0.19381656910773       -1.37283121986402
H            4.49515352967143       -0.74603458475262       -3.15339954471062
H            3.94231320481574       -2.93232419383668       -4.16038436766970
H            1.95153772823240       -4.16972274111120       -3.38207146818591
H            0.51797435038771       -3.22245437844267       -1.61526767069698
H           -1.03720829284449       -2.13249038438632        1.59994194158414
H           -2.19613342761444       -1.54302401135398        3.69258013520718
H           -2.67485867708022        0.81802192471812        4.22116673722146
H           -2.50831435406333        3.18827126253411        3.64500613334727
H           -1.74830065415592        4.96493094520895        2.11674865686310
H           -0.52634424473265        4.38548868900951        0.05630211386044
H           -0.08011484011779        2.04028593733193       -0.50567285157510
34
 energy: -49.108370565242 gnorm: 0.000628662787 xtb: 6.7.1 (edcfbbe)
C           -1.08160533529514       -0.41409823364011       -1.56573897086727
C           -0.20885653140921       -0.52213374557045       -0.34174480313866
N            0.97552357308104       -0.95240470146092       -0.32023831852571
C            1.69528574306514       -1.44502619588500       -1.38903391968481
C            2.83063143199068       -0.75870817999799       -1.82476930394999
C            3.62388193419695       -1.29029310550801       -2.82199430053031
C            3.31491185237453       -2.51835578494342       -3.38626596555324
C            2.19892488830652       -3.21159781576357       -2.94690825401942
C            1.38833443999237       -2.68130216075991       -1.96180318897997
C           -0.84165477625394       -0.12268764842001        0.93845789803599
C           -1.23342710140404       -1.09375240012440        1.82588266056671
C           -1.89734978547147       -0.75682625314903        3.01417277823015
C           -2.16173533701055        0.55108981859341        3.30833449015592
C           -1.75197571231247        1.58147915837234        2.43562986200467
C           -1.99044789124988        2.94112827843482        2.72950090534829
C           -1.56487987721518        3.92661034125236        1.88376303848503
C           -0.87012979413772        3.59662770922276        0.70965242908696
C           -0.62765194113286        2.28885280135116        0.39265029903188
C           -1.07322936127809        1.24596868386070        1.23385485703038
H           -1.72813143473130        0.45877589203659       -1.50653780535016
H           -0.47555583828548       -0.37310301805043       -2.46964562569643
H           -1.71817949592598       -1.29818811393625       -1.61638910065796
H            3.06732799754095        0.19589243747238       -1.37759639226627
H            4.49424473469201       -0.74512626969303       -3.15841840111500
H            3.94198698653479       -2.93372192559266       -4.16148971321442
H            1.95288652931771       -4.17069933781290       -3.38091918708743
H            0.51946085161243       -3.22245725235278       -1.61407984912449
H           -1.03609532199765       -2.13182562882571        1.60017215767501
H           -2.20065604502022       -1.54331638671815        3.68986483878685
H           -2.68134387487580        0.81781920353279        4.21787289383103
H           -2.51253032441092        3.18827034857839        3.64336312316467
H           -1.75084168630249        4.96522434314028        2.11641519349200
H           -0.52348187314544        4.38652343168182        0.05883741967188
H           -0.07364162343865        2.04136171037376       -0.50145526863476
34
 energy: -49.108375916795 gnorm: 0.000747845692 xtb: 6.7.1 (edcfbbe)
C           -1.08254704039009       -0.41876201181906       -1.56098429976457
C           -0.20524491132019       -0.52183565739097       -0.33968935890244
N            0.98029768396072       -0.94891311130799       -0.32105252167852
C            1.69783650620869       -1.44309183345182       -1.39062751454416
C            2.83127301412067       -0.75616086744267       -1.83054785080032
C            3.62322426012190       -1.28880116685806       -2.82821611812089
C            3.31479471406347       -2.51865171373596       -3.38876940246996
C            2.20041163880991       -3.21217804669516       -2.94582661609883
C            1.39091304978528       -2.68076937001721       -1.96039086814582
C           -0.83781038321382       -0.12169714825548        0.94045522494400
C           -1.23292193716079       -1.09312370068007        1.82599411185748
C           -1.90135736954989       -0.75672720263476        3.01197578287618
C           -2.16716444601676        0.55098645761966        3.30556205587570
C           -1.75366146803964        1.58182334246537        2.43508604491350
C           -1.99408176006762        2.94125569368325        2.72822429658954
C           -1.56601618784343        3.92708345460126        1.88409315897219
C           -0.86626978701330        3.59770607561500        0.71278891814753
C           -0.62154736365974        2.29008286762520        0.39666979938507
C           -1.07003971523822        1.24687626927099        1.23586901966887
H           -1.71719416465805        0.46352248225105       -1.50978417400657
H           -0.48058828014212       -0.39741167647474       -2.46866617113054
H           -1.73152112325489       -1.29506571049267       -1.59631202810500
H            3.06732466822800        0.19975348970066       -1.38572804677099
H            4.49243600073017       -0.74330306317771       -3.16750209187316
H            3.94095423750777       -2.93540105105721       -4.16403013479976
H            1.95456886098082       -4.17215543078961       -3.37806427338468
H            0.52289920532036       -3.22194207202907       -1.61046713063008
H           -1.03520191186296       -2.13115396326065        1.60038566585273
H           -2.20756326966659       -1.54365849243918        3.68583012888052
H           -2.69111921072298        0.81737680643875        4.21272824675386
H           -2.51999777876734        3.18808721762209        3.64000611530331
H           -1.75404572871876        4.96551738905506        2.11599036103626
H           -0.51752735785889        4.38790802315026        0.06345652379364
H           -0.06351264427104        2.04282372061028       -0.49506037742300
34
 energy: -49.108380186021 gnorm: 0.000822324243 xtb: 6.7.1 (edcfbbe)
C           -1.08385147773282       -0.42352879346017       -1.55654028252337
C           -0.20202592222769       -0.52184988340035       -0.33800505188247
N            0.98493692701638       -0.94475805942700       -0.32146469035344
C            1.70085412520788       -1.44032420692422       -1.39154065933676
C            2.83248913070468       -0.75313753135555       -1.83584342522517
C            3.62252234812907       -1.28713460136537       -2.83426645676945
C            3.31422863112219       -2.51854027900417       -3.39146506782414
C            2.20167861285452       -3.21222511051455       -2.94433952509304
C            1.39403815048611       -2.67949903197731       -1.95804094446800
C           -0.83490165254605       -0.12127891868220        0.94196529766517
C           -1.23324225576712       -1.09294021441766        1.82583981150222
C           -1.90538323608723       -0.75685878818718        3.00979744789937
C           -2.17243505011487        0.55077605093582        3.30272037607793
C           -1.75576233234960        1.58179862542240        2.43403460808658
C           -1.99790490502188        2.94113651169003        2.72633561853329
C           -1.56655472615800        3.92721570222735        1.88418320365722
C           -0.86155287315347        3.59820720417795        0.71586454726455
C           -0.61557235086359        2.29069829843458        0.40031903713692
C           -1.06747643043809        1.24720649620030        1.23737403721189
H           -1.70559234229759        0.46834416164610       -1.51315679267133
H           -0.48670038851060       -0.42221151342400       -2.46791227054170
H           -1.74590582336339       -1.29089304508165       -1.57645549289232
H            3.06873335707225        0.20418000036047       -1.39404556760318
H            4.49022486806818       -0.74121408057851       -3.17722513555766
H            3.93904507314944       -2.93619754989297       -4.16732825458354
H            1.95579500355675       -4.17350030630465       -3.37371462191123
H            0.52742760633411       -3.22087651487429       -1.60477987607130
H           -1.03527106634279       -2.13099363630872        1.60047376005461
H           -2.21399348337159       -1.54395485006813        3.68233672657468
H           -2.70009775676987        0.81683337813003        4.20783073917275
H           -2.52779621093986        3.18770277653594        3.63590931204474
H           -1.75592106731690        4.96555405389254        2.11545771968716
H           -0.51006147248265        4.38868792610123        0.06833682243995
H           -0.05397100944528        2.04357572919274       -0.48925847349984
34
 energy: -49.108383698609 gnorm: 0.000482057103 xtb: 6.7.1 (edcfbbe)
C           -1.08512811117672       -0.42681727386746       -1.55409061993721
C           -0.20055983868527       -0.52238991036967       -0.33728125693181
N            0.98777985759430       -0.94124776452533       -0.32125660536564
C            1.70328427931256       -1.43748890041029       -1.39136415266286
C            2.83374119142832       -0.75041792065884       -1.83879061368860
C            3.62194792449338       -1.28564375174816       -2.83798558778893
C            3.31331830120882       -2.51786761787529       -3.39324747244578
C            2.20238597637124       -3.21169961419736       -2.94256244240599
C            1.39669850657539       -2.67788637188318       -1.95523468257104
C           -0.83417780445065       -0.12174145379910        0.94243036903319
C           -1.23439084070456       -1.09338441690508        1.82549982230055
C           -1.90807291064763       -0.75719115427594        3.00845213564846
C           -2.17569914124265        0.55052663151051        3.30082610295299
C           -1.75741421411116        1.58139967127183        2.43289750541980
C           -2.00013753881563        2.94083230275175        2.72460367730930
C           -1.56583174777260        3.92688388076271        1.88403591754426
C           -0.85758296335050        3.59776694517632        0.71764044357552
C           -0.61197917424143        2.29025663459839        0.40213938584663
C           -1.06657388201611        1.24672113308779        1.23777447406309
H           -1.69793140541054        0.47114471286648       -1.51607911190426
H           -0.49153164521203       -0.43868300147486       -2.46735688696028
H           -1.75579961517154       -1.28732903794739       -1.56437689411823
H            3.07089233534292        0.20788962066030       -1.39956437286218
H            4.48830211343115       -0.73935331652426       -3.18416870859350
H            3.93671112795402       -2.93562917696215       -4.17018874135711
H            1.95602941644115       -4.17402448219394       -3.36931793477895
H            0.53137738625720       -3.21940345952600       -1.59885682871365
H           -1.03675385546243       -2.13155011437724        1.60025986188165
H           -2.21777962483524       -1.54409918225549        3.68067313238007
H           -2.70491082357303        0.81644382025203        4.20503600113868
H           -2.53296961006765        3.18735057107315        3.63246665022542
H           -1.75538102135109        4.96527126920542        2.11490664482351
H           -0.50351026527693        4.38832772566129        0.07161587621689
H           -0.04835238243445        2.04303300259791       -0.48613861107291
34
 energy: -49.108385338767 gnorm: 0.000212445183 xtb: 6.7.1 (edcfbbe)
C           -1.08588877085974       -0.42906989937069       -1.55358824105990
C           -0.20052817365543       -0.52279749565861       -0.33732701932057
N            0.98879647103849       -0.93871848037851       -0.32085031482425
C            1.70460642333149       -1.43512682573734       -1.39074896110316
C            2.83442022248064       -0.74819495264976       -1.83976581244173
C            3.62137815293511       -1.28411133247292       -2.83961796452764
C            3.31239905443665       -2.51674014601477       -3.39394088552853
C            2.20253289914533       -3.21081049723464       -2.94101229742280
C            1.39820504455586       -2.67637108012955       -1.95295339263285
C           -0.83492395950631       -0.12253046084191        0.94222901484111
C           -1.23607415696278       -1.09407287124862        1.82499136903615
C           -1.90971373967976       -0.75755500999271        3.00782957974774
C           -2.17706967438561        0.55030380106780        3.30001306329502
C           -1.75824730030404        1.58093710703246        2.43214357544584
C           -2.00071240105505        2.94053871753067        2.72347394547566
C           -1.56443685297411        3.92635314989876        1.88372821103381
C           -0.85477456567022        3.59686361093028        0.71825851117448
C           -0.61030666736739        2.28924352216274        0.40259293827174
C           -1.06660417588441        1.24594316845921        1.23762877317608
H           -1.69388527653416        0.47225130446649       -1.51901003150912
H           -0.49366133112146       -0.44812809819457       -2.46726358385778
H           -1.76105395893659       -1.28565583587995       -1.55865838767787
H            3.07222371876464        0.21061436250391       -1.40210435058050
H            4.48683758692167       -0.73774054840805       -3.18758534091812
H            3.93477322238091       -2.93435466199994       -4.17175685313214
H            1.95594163942509       -4.17386631534281       -3.36592726518916
H            0.53387987418595       -3.21800752335508       -1.59439760272897
H           -1.03891658354155       -2.13234991094017        1.59979544474459
H           -2.21963746897384       -1.54419293425043        3.68028807632309
H           -2.70640486885952        0.81627771515924        4.20412045390458
H           -2.53459764495026        3.18723071383974        3.63062515876440
H           -1.75316599530873        4.96488400106594        2.11454052993460
H           -0.49905849946611        4.38728623921084        0.07299061268742
H           -0.04633224320414        2.04166746647180       -0.48534447720015
34
 energy: -49.108386103149 gnorm: 0.000160819448 xtb: 6.7.1 (edcfbbe)
C           -1.08637522300758       -0.43119280046987       -1.55355903591660
C           -0.20082977023681       -0.52323638669445       -0.33738284842592
N            0.98928051008965       -0.93695409815047       -0.32051774408615
C            1.70532416678776       -1.43340972310824       -1.39027665671444
C            2.83454527150619       -0.74632630328993       -1.84033168830955
C            3.62092507549811       -1.28260886774718       -2.84050300063839
C            3.31186743476507       -2.51557357852357       -3.39405144906579
C            2.20276573613062       -3.20999258394643       -2.93972031449153
C            1.39912915478196       -2.67528036120702       -1.95130573355841
C           -0.83573953168759       -0.12315279522377        0.94202897355155
C           -1.23760290414653       -1.09459687147552        1.82452816202549
C           -1.91109894870345       -0.75777025950842        3.00736736671077
C           -2.17790498224594        0.55020328074351        3.29957346638317
C           -1.75849367127702        1.58069599857579        2.43182080743488
C           -2.00015889825323        2.94044869712213        2.72312068407351
C           -1.56269580762248        3.92600305162751        1.88370125734961
C           -0.85290079038949        3.59613693062015        0.71842029485335
C           -0.60942265024223        2.28838010923422        0.40263947612255
C           -1.06672255185002        1.24537913977814        1.23749472428824
H           -1.69127602586600        0.47242780626888       -1.52204585778739
H           -0.49470575758013       -0.45555850770108       -2.46743173883795
H           -1.76475011979081       -1.28516910288325       -1.55489246422029
H            3.07245083472466        0.21278412114652       -1.40345222675040
H            4.48576839776207       -0.73608445260979       -3.18956450429314
H            3.93358584890712       -2.93313879275918       -4.17240423277990
H            1.95615564255095       -4.17339954373423       -3.36377686367940
H            0.53532590947503       -3.21692942755421       -1.59157804872540
H           -1.04119459140223       -2.13298516461653        1.59916720368043
H           -2.22136248899363       -1.54426210110352        3.67986247492836
H           -2.70703796728129        0.81632786774057        4.20375698736798
H           -2.53466410910938        3.18739082744621        3.62983973342584
H           -1.75092144265684        4.96465390716201        2.11436741899093
H           -0.49610755892844        4.38636582492679        0.07351624058842
H           -0.04515819130746        2.04042415961309       -0.48501438729334
34
 energy: -49.108386929383 gnorm: 0.000194788164 xtb: 6.7.1 (edcfbbe)
C           -1.08684743465175       -0.43363544288439       -1.55422264970494
C           -0.20177562563665       -0.52384207863361       -0.33767974275475
N            0.98906174076441       -0.93551315720684       -0.32010831757094
C            1.70557335556676       -1.43190668378222       -1.38962763378249
C            2.83420404045697       -0.74441881724136       -1.84031155652639
C            3.62033802388252       -1.28069574213055       -2.84074158769279
C            3.31155700031006       -2.51399315652138       -3.39362339708719
C            2.20309782676645       -3.20893208506951       -2.93844281081219
C            1.39969754539900       -2.67423640503418       -1.94989643345081
C           -0.83727023862680       -0.12388498210578        0.94149896957780
C           -1.23985926081922       -1.09518189318065        1.82377455590014
C           -1.91256846685663       -0.75791431467919        3.00696606827564
C           -2.17800514410031        0.55023371408006        3.29956615892720
C           -1.75814617107125        1.58054900542087        2.43178588231674
C           -1.99858964074590        2.94048235521498        2.72320779869674
C           -1.56049212400185        3.92568525204795        1.88370119125288
C           -0.85123697063475        3.59532685108826        0.71823611785650
C           -0.60905094177549        2.28737465950964        0.40226204517571
C           -1.06701236460044        1.24478183909858        1.23723050720288
H           -1.68977534391309        0.47137568703941       -1.52558410644819
H           -0.49507496387898       -0.46179788079926       -2.46779555644623
H           -1.76723772487082       -1.28585299371766       -1.55317693393159
H            3.07178672427520        0.21493722098635       -1.40382173103672
H            4.48483776126421       -0.73400509175978       -3.19028837062716
H            3.93301178299366       -2.93156354976642       -4.17217754651121
H            1.95681060258363       -4.17259434631207       -3.36207293430950
H            0.53629374219287       -3.21599303199681       -1.58942808058434
H           -1.04433167589593       -2.13370373079107        1.59825231742486
H           -2.22314371627473       -1.54425430531278        3.67950756500161
H           -2.70644586155396        0.81664748794837        4.20407879525737
H           -2.53236599692543        3.18786521999021        3.63021825409044
H           -1.74742746172011        4.96450964655458        2.11463221599394
H           -0.49403928760627        4.38525375713173        0.07320397207078
H           -0.04557372989475        2.03889699251340       -0.48572654954273
34
 energy: -49.108387864749 gnorm: 0.000205548538 xtb: 6.7.1 (edcfbbe)
C           -1.08768645607537       -0.43683873286541       -1.55479764917863
C           -0.20287978235770       -0.52461496418326       -0.33797349591736
N            0.98872738071354       -0.93412688931341       -0.31988928714221
C            1.70560764734734       -1.43052382324166       -1.38920237512756
C            2.83355411011553       -0.74235011756874       -1.84040802027097
C            3.61984441504945       -1.27846882141363       -2.84083443838400
C            3.31174358774535       -2.51223241762289       -3.39298805180365
C            2.20389607736619       -3.20785920207967       -2.93725167048426
C            1.40035453802029       -2.67336166004519       -1.94876461409634
C           -0.83883397075185       -0.12448450746128        0.94093495392166
C           -1.24252457860213       -1.09562067179268        1.82283830968530
C           -1.91459884252150       -0.75792641046065        3.00631517408506
C           -2.17816593304212        0.55042382912125        3.29955203503489
C           -1.75739502997091        1.58056675964754        2.43195298902764
C           -1.99603700975591        2.94068830600858        2.72384991692792
C           -1.55754270882402        3.92555398260508        1.88411797357068
C           -0.84970754338057        3.59467984424828        0.71796727520838
C           -0.60885302795248        2.28652509306247        0.40175949017030
C           -1.06716363515039        1.24434143495455        1.23699987327772
H           -1.68831650414571        0.46993745246595       -1.52945526354726
H           -0.49573518879268       -0.46964807071122       -2.46820469788686
H           -1.77037670132705       -1.28732866225178       -1.55066217700888
H            3.07028913949487        0.21737508182091       -1.40427279975934
H            4.48382046846069       -0.73129582378736       -3.19086008395573
H            3.93316995670589       -2.92981915966161       -4.17156135272689
H            1.95830428708887       -4.17181445014328       -3.36061764331908
H            0.53736045153785       -3.21541973984070       -1.58779940760245
H           -1.04832274776098       -2.13431652052817        1.59696372944956
H           -2.22595902162522       -1.54417920494732        3.67860970889375
H           -2.70576652380517        0.81721641037169        4.20445146919815
H           -2.52901113705396        3.18854781231270        3.63121642611506
H           -1.74344571340380        4.96452466970962        2.11525091892375
H           -0.49227533845522        4.38430655330232        0.07269494689381
H           -0.04607466449056        2.03754261998785       -0.48653568597106
34
 energy: -49.108388919707 gnorm: 0.000227605700 xtb: 6.7.1 (edcfbbe)
C           -1.08915250633490       -0.44053061458052       -1.55516589492256
C           -0.20417906125999       -0.52564540063672       -0.33829505419743
N            0.98821368086356       -0.93293275360097       -0.31994430478094
C            1.70546760054739       -1.42940194410474       -1.38901140744104
C            2.83264382044354       -0.74025371678948       -1.84065868205760
C            3.61944737839162       -1.27602404324224       -2.84086579732801
C            3.31254517004123       -2.51039722358515       -3.39226834598460
C            2.20537452095299       -3.20691469303145       -2.93619238848653
C            1.40129528437807       -2.67278182642822       -1.94796017644323
C           -0.84045730141635       -0.12498223113183        0.94031954351877
C           -1.24564880431615       -1.09591461725326        1.82172850247299
C           -1.91705954737915       -0.75777422491177        3.00548061784130
C           -2.17825399289834        0.55083456882809        3.29957586041129
C           -1.75628876113293        1.58074745920053        2.43225513238147
C           -1.99297316499587        2.94105641551279        2.72477232249828
C           -1.55431101371469        3.92561993076424        1.88473879294343
C           -0.84805086124342        3.59422880359469        0.71778737766348
C           -0.60857917923252        2.28587458954056        0.40127550628879
C           -1.06713184507440        1.24403540741285        1.23679755283764
H           -1.68759772694576        0.46776901295343       -1.53293745319751
H           -0.49744641842826       -0.47788086240087       -2.46862553900832
H           -1.77394167445157       -1.28939195470737       -1.54780484764885
H            3.06824036062816        0.21990542904346       -1.40483661831234
H            4.48292114725085       -0.72818044749350       -3.19115053023766
H            3.93432100061773       -2.92792308260171       -4.17060035220432
H            1.96075500381700       -4.17120532335511       -3.35937065637394
H            0.53871937142681       -3.21538926230079       -1.58680640118998
H           -1.05298713386563       -2.13481183760496        1.59544437431368
H           -2.22967532576582       -1.54395080208507        3.67728042890567
H           -2.70506002092769        0.81807037597432        4.20481526677665
H           -2.52458805145237        3.18939312603387        3.63281745423167
H           -1.73879935964646        4.96473781002728        2.11637016354427
H           -0.49078596236087        4.38357760473466        0.07207325150378
H           -0.04697662611527        2.03643632792387       -0.48764122211725
34
 energy: -49.108390267371 gnorm: 0.000214705425 xtb: 6.7.1 (edcfbbe)
C           -1.09172361146600       -0.44504321955896       -1.55529855185385
C           -0.20593583132393       -0.52692987968960       -0.33881177766975
N            0.98728528980349       -0.93173265685942       -0.32046645676453
C            1.70508991444862       -1.42829070751369       -1.38914844276975
C            2.83143388637201       -0.73786787482779       -1.84103602111010
C            3.61919786799914       -1.27309970828593       -2.84073898535579
C            3.31415372000067       -2.50827699322687       -3.39136710767130
C            2.20776775131653       -3.20595499885564       -2.93519210969548
C            1.40265976792849       -2.67234210236114       -1.94748570883511
C           -0.84237091689622       -0.12547572698842        0.93954775210839
C           -1.24958596875240       -1.09614091758014        1.82031808784484
C           -1.92028931977575       -0.75747398913127        3.00432613889072
C           -2.17841795431980        0.55147927011188        3.29952578626154
C           -1.75477895025162        1.58106389906993        2.43262932785691
C           -1.98890710946039        2.94161136005772        2.72605370849719
C           -1.55003109450425        3.92585030021934        1.88573726373002
C           -0.84603937236567        3.59382258093021        0.71760052056867
C           -0.60831216055204        2.28525063511918        0.40063205947671
C           -1.06696835594720        1.24376487102659        1.23653430505113
H           -1.68785452742809        0.46480936075040       -1.53615388218651
H           -0.50083520549326       -0.48732926783751       -2.46908008876851
H           -1.77858586644833       -1.29221208302892       -1.54393305100170
H            3.06546564380914        0.22289985568725       -1.40568186937390
H            4.48204266120687       -0.72427937212996       -3.19115076323984
H            3.93673933528841       -2.92558228682153       -4.16917573764870
H            1.96462771813677       -4.17082141531102       -3.35794393514058
H            0.54073161557585       -3.21596099754204       -1.58625516216934
H           -1.05885195040145       -2.13528959937605        1.59351940486560
H           -2.23453129243841       -1.54351453791388        3.67551186380673
H           -2.70418861510299        0.81927343538652        4.20519904611140
H           -2.51895301185012        3.19043631851867        3.63489655686201
H           -1.73287469767990        4.96513132284475        2.11796657903454
H           -0.48897615715752        4.38288439456258        0.07141006327156
H           -0.04818320187014        2.03534073025371       -0.48909233678216
34
 energy: -49.108391847608 gnorm: 0.000197342700 xtb: 6.7.1 (edcfbbe)
C           -1.09569457707797       -0.45025034713973       -1.55523076221356
C           -0.20836091239835       -0.52850369525770       -0.33963136427814
N            0.98581640639650       -0.93039233646039       -0.32159097091704
C            1.70448092369099       -1.42696716524646       -1.38967203393543
C            2.82988886634320       -0.73495336186105       -1.84164407964429
C            3.61914079034601       -1.26961387301167       -2.84042307718509
C            3.31663310906766       -2.50584294655794       -3.39017559978365
C            2.21123768290055       -3.20502952301588       -2.93398141977525
C            1.40461082179847       -2.67199976936070       -1.94713415275164
C           -0.84471756513770       -0.12609271257676        0.93858908944674
C           -1.25427563606254       -1.09639828555620        1.81866360082681
C           -1.92400598264328       -0.75705723999943        3.00300785723997
C           -2.17856458224182        0.55231878394781        3.29943327165492
C           -1.75302040000347        1.58144793802231        2.43296711083878
C           -1.98413875113362        2.94229544537319        2.72741703392143
C           -1.54476275039257        3.92613137670373        1.88689928641544
C           -0.84317102971093        3.59330982357885        0.71752038649924
C           -0.60776959305045        2.28447724096364        0.39990126838920
C           -1.06679632412336        1.24340523716848        1.23614505291842
H           -1.68940127798452        0.46125665554667       -1.53912893511424
H           -0.50632283345227       -0.49800443709198       -2.46973780062116
H           -1.78474519082542       -1.29557171991868       -1.53885424019074
H            3.06206470148861        0.22654834306103       -1.40691135471079
H            4.48120861853271       -0.71954508591162       -3.19085188458049
H            3.94041896949442       -2.92268836945652       -4.16727240216006
H            1.96993546570756       -4.17064460166358       -3.35609339014198
H            0.54346893188570       -3.21696315904518       -1.58601769180375
H           -1.06598718771167       -2.13585476624468        1.59117558622470
H           -2.24037807171543       -1.54288107619126        3.67344200332236
H           -2.70323647017489        0.82075811573137        4.20555040751136
H           -2.51233071103297        3.19164977560098        3.63719981980303
H           -1.72533171469766        4.96563227525236        2.11993617762070
H           -0.48629824558437        4.38203258431660        0.07080036995562
H           -0.04959548009664        2.03399087599934       -0.49090068658036
34
 energy: -49.108393480230 gnorm: 0.000170184467 xtb: 6.7.1 (edcfbbe)
C           -1.10070742960319       -0.45562069950890       -1.55516244506252
C           -0.21144283517821       -0.53019101443449       -0.34077015011451
N            0.98371449456666       -0.92895664997636       -0.32320065763008
C            1.70362593621304       -1.42539439718851       -1.39043766274457
C            2.82807680349225       -0.73163515434400       -1.84229373147633
C            3.61914228981249       -1.26569832380680       -2.83991035278998
C            3.31962006749283       -2.50312668080339       -3.38868810676532
C            2.21527253114803       -3.20398366623125       -2.93263907590572
C            1.40678100974573       -2.67155511745678       -1.94692225555277
C           -0.84750398891426       -0.12695238024305        0.93747823850802
C           -1.25946043146079       -1.09682462826838        1.81690769066729
C           -1.92803176442290       -0.75664593136364        3.00164384987589
C           -2.17881036659970        0.55319927293016        3.29925862118924
C           -1.75119855909185        1.58178624496888        2.43320599053207
C           -1.97891699901026        2.94300391070133        2.72868734837421
C           -1.53860317568176        3.92631019087758        1.88807191517671
C           -0.83968880766637        3.59250396084944        0.71734376716964
C           -0.60712622217259        2.28335858976854        0.39897937263415
C           -1.06669928482438        1.24283698947534        1.23563789502819
H           -1.69221161461217        0.45733113927569       -1.54177565691072
H           -0.51334076160370       -0.50852581856531       -2.47057708073131
H           -1.79174855389519       -1.29910868679221       -1.53361923216651
H            3.05810758208357        0.23077842310774       -1.40843144644279
H            4.48043766763308       -0.71429020608967       -3.19017931458577
H            3.94502093341014       -2.91948259864198       -4.16474809695229
H            1.97628069689030       -4.17065676376590       -3.35367204643385
H            0.54661827317731       -3.21813139040672       -1.58586181247749
H           -1.07361318054785       -2.13659805704973        1.58882377307672
H           -2.24614018829704       -1.54209679174052        3.67166675753930
H           -2.70204737628388        0.82236135989095        4.20598244634637
H           -2.50547889265478        3.19296946819656        3.63925171551446
H           -1.71663529849402        4.96608442835878        2.12184649273437
H           -0.48240876567206        4.38081708721336        0.07033501447517
H           -0.05088378857806        2.03213389076222       -0.49283528789819
34
 energy: -49.108394951078 gnorm: 0.000150946719 xtb: 6.7.1 (edcfbbe)
C           -1.10595871729697       -0.46042960956682       -1.55512316836861
C           -0.21473634808341       -0.53176646116655       -0.34202620870271
N            0.98138284134158       -0.92744463432245       -0.32505239969603
C            1.70262609259288       -1.42358731153426       -1.39141009498996
C            2.82614025756691       -0.72814807211266       -1.84312300547072
C            3.61917127181889       -1.26186146171040       -2.83933555204391
C            3.32267791582730       -2.50057733847524       -3.38695262970121
C            2.21935391005274       -3.20307218968150       -2.93101350365076
C            1.40889766131983       -2.67104023302760       -1.94665225070839
C           -0.85034681033567       -0.12797145834422        0.93640136167438
C           -1.26416594311486       -1.09737779482716        1.81543358520486
C           -1.93135815391795       -0.75629852212828        3.00067086024577
C           -2.17898206884525        0.55396094193749        3.29911633701141
C           -1.74977263102171        1.58198488751373        2.43322920215947
C           -1.97435607052504        2.94357408570434        2.72946082700318
C           -1.53264660989037        3.92628020833120        1.88890386357844
C           -0.83559752521232        3.59146116994461        0.71732827492744
C           -0.60607781552820        2.28197933239654        0.39822472944954
C           -1.06678653358242        1.24209215230514        1.23507328294230
H           -1.69542115846356        0.45397818125201       -1.54406662262645
H           -0.52054145603438       -0.51810935546587       -2.47148545847190
H           -1.79889782543688       -1.30220143490997       -1.52863744250891
H            3.05410224007642        0.23516146583927       -1.41018055935736
H            4.47965103037075       -0.70913700743907       -3.18951772036916
H            3.94962275144003       -2.91644161708265       -4.16202813362241
H            1.98251743690302       -4.17070104511760       -3.35104769995567
H            0.54959294210513       -3.21902864375237       -1.58569466635609
H           -1.08076951111387       -2.13746577715982        1.58675102551038
H           -2.25119689428416       -1.54136445063272        3.67033831476596
H           -2.70109435862161        0.82378846030725        4.20628899207891
H           -2.49954701943428        3.19421444397958        3.64062361965457
H           -1.70812082932514        4.96634955491101        2.12329061405206
H           -0.47770059113197        4.37930343049042        0.07009367282196
H           -0.05166147981504        2.02989610324367       -0.49448497027929
34
 energy: -49.108396258630 gnorm: 0.000136113800 xtb: 6.7.1 (edcfbbe)
C           -1.11103843268844       -0.46470728043918       -1.55522357076324
C           -0.21812450887003       -0.53329577132909       -0.34327222579998
N            0.97893481813572       -0.92595667686011       -0.32688587363737
C            1.70155119145759       -1.42166776388494       -1.39237452278671
C            2.82409339600082       -0.72458655007936       -1.84402213918106
C            3.61903744634586       -1.25804254973824       -2.83883882255653
C            3.32547537488860       -2.49803439927351       -3.38517620200900
C            2.22306901861606       -3.20204962281622       -2.92938685818801
C            1.41073371711204       -2.67036146750462       -1.94637953284937
C           -0.85319068355292       -0.12917976594134        0.93542396476478
C           -1.26855763978956       -1.09809281862613        1.81422060654664
C           -1.93448593986967       -0.75605796347260        2.99990010245359
C           -2.17935758538798        0.55458961890148        3.29892485981828
C           -1.74860703370793        1.58206389917448        2.43315166422466
C           -1.97029162885118        2.94402907963998        2.72986747396040
C           -1.52692267134096        3.92605408328548        1.88940536705604
C           -0.83142138276499        3.59016270997044        0.71720310086885
C           -0.60490318760821        2.28032039593992        0.39750590183602
C           -1.06693694117621        1.24117364834178        1.23454607760648
H           -1.69876184637771        0.45088278228117       -1.54617701152501
H           -0.52739535529161       -0.52641225275553       -2.47239450122047
H           -1.80564146907992       -1.30489217986967       -1.52457457713372
H            3.04991310766977        0.23970125444879       -1.41214224147268
H            4.47881995944170       -0.70415558250260       -3.18886620131342
H            3.95411690629802       -2.91370732155962       -4.15897642977778
H            1.98857342008558       -4.17079965852070       -3.34816088990624
H            0.55223375534953       -3.21960472757086       -1.58541624685704
H           -1.08712921209788       -2.13845832771830        1.58523497231832
H           -2.25515491488955       -1.54065341440304        3.66970452100939
H           -2.70023483940171        0.82509412762398        4.20660315060505
H           -2.49464020290233        3.19544159497291        3.64129906665077
H           -1.69990593024896        4.96643253633957        2.12426562118850
H           -0.47209902232566        4.37749197049743        0.07012601727314
H           -0.05175168277755        2.02727839314731       -0.49571814500223
34
 energy: -49.108397283269 gnorm: 0.000105368810 xtb: 6.7.1 (edcfbbe)
C           -1.11549901356235       -0.46849144720847       -1.55536033777126
C           -0.22125344593489       -0.53470665704405       -0.34433360470262
N            0.97666993066765       -0.92455617196673       -0.32849882700157
C            1.70045296900710       -1.41976812785076       -1.39329634347688
C            2.82199671743257       -0.72112765904498       -1.84500273730688
C            3.61872176924673       -1.25440319712976       -2.83849450702423
C            3.32797557839446       -2.49570179450587       -3.38337009467799
C            2.22642388987220       -3.20112537323710       -2.92766757507403
C            1.41228201515728       -2.66965283703586       -1.94605512463466
C           -0.85583887567538       -0.13044072274466        0.93462084880999
C           -1.27242044860840       -1.09885051294950        1.81334288353948
C           -1.93703474063151       -0.75585023461902        2.99950428837545
C           -2.17972635974347        0.55513112321917        3.29880615046905
C           -1.74780509612874        1.58205761651792        2.43295950358250
C           -1.96688802950527        2.94438010432205        2.72995016905563
C           -1.52165162287265        3.92570983926036        1.88965913295595
C           -0.82709963715757        3.58876759399889        0.71719703666077
C           -0.60342717996435        2.27856481076888        0.39703230319182
C           -1.06713219578247        1.24018840735374        1.23409070006024
H           -1.70154271200070        0.44826789556850       -1.54819239072770
H           -0.53319971621502       -0.53379346774197       -2.47310943909479
H           -1.81168325576480       -1.30720994580640       -1.52119563262099
H            3.04572276133199        0.24411011377073       -1.41416967194693
H            4.47774766172532       -0.69937275590773       -3.18854629602979
H            3.95804302466436       -2.91121488570884       -4.15609085535298
H            1.99399474402490       -4.17077234530465       -3.34548139405146
H            0.55449977435475       -3.21996098981978       -1.58501690734455
H           -1.09285561882134       -2.13949624480072        1.58412847707084
H           -2.25866658378799       -1.54002922142711        3.66936593958806
H           -2.69973775689940        0.82628767620069        4.20678737076764
H           -2.49065504506706        3.19662576934408        3.64148131075136
H           -1.69263558286653        4.96637034238026        2.12471152924121
H           -0.46646207114641        4.37553783215152        0.07018944577089
H           -0.05131584734270        2.02452546669628       -0.49654887485052
34
 energy: -49.108397922730 gnorm: 0.000075982035 xtb: 6.7.1 (edcfbbe)
C           -1.11847483633431       -0.47125631925763       -1.55546214142941
C           -0.22348643714568       -0.53586890116781       -0.34494401844551
N            0.97510102413695       -0.92361523288837       -0.32946785220816
C            1.69965694051231       -1.41839448781455       -1.39385747180956
C            2.82026529878533       -0.71844243484192       -1.84583980892141
C            3.61824402490311       -1.25152447193759       -2.83843327492439
C            3.32956380582989       -2.49378124820137       -3.38218514566779
C            2.22875475328478       -3.20034965043921       -2.92640392167315
C            1.41342445614135       -2.66917244213933       -1.94564658236472
C           -0.85776352400242       -0.13148076262672        0.93416064565921
C           -1.27531361928411       -1.09946912010432        1.81283590686397
C           -1.93915514631281       -0.75570213781814        2.99923371263654
C           -2.18021806840822        0.55553885682054        3.29868440615724
C           -1.74722737686374        1.58203498443653        2.43283442459357
C           -1.96453693950994        2.94462377451809        2.72984445394390
C           -1.51793190253914        3.92537662908171        1.88959971941504
C           -0.82384636067171        3.58759733406423        0.71710834319676
C           -0.60218288112550        2.27710965057990        0.39674818573860
C           -1.06720059767492        1.23937298715398        1.23384565685332
H           -1.70324066747580        0.44639177877537       -1.54979887754990
H           -0.53690713620557       -0.53920863733777       -2.47349790841844
H           -1.81587181271291       -1.30886005714198       -1.51895030425833
H            3.04233398247454        0.24753270535458       -1.41581871101908
H            4.47661160683852       -0.69558477264518       -3.18861560448109
H            3.96073544995154       -2.90928462849919       -4.15400786951801
H            1.99800407032347       -4.17075162817273       -3.34339744275350
H            0.55618330338687       -3.22024844596524       -1.58451393053607
H           -1.09708722088859       -2.14033051034636        1.58355250018977
H           -2.26124092051104       -1.53952604385866        3.66929143156544
H           -2.69956573933891        0.82724282892405        4.20688225251685
H           -2.48796030132082        3.19757415391808        3.64137353298143
H           -1.68721527130200        4.96626976972164        2.12486926474276
H           -0.46185756381268        4.37391282779486        0.07029932557882
H           -0.05059439272758        2.02227365175964       -0.49692642045361
34
 energy: -49.108398355132 gnorm: 0.000069534852 xtb: 6.7.1 (edcfbbe)
C           -1.12015641540119       -0.47321478630914       -1.55548573892507
C           -0.22485884275931       -0.53675491739116       -0.34516986270427
N            0.97415220838551       -0.92313307880255       -0.32985890183474
C            1.69914866654377       -1.41754434002808       -1.39408660895047
C            2.81895701282293       -0.71656470580788       -1.84643008527508
C            3.61764966640549       -1.24935632943023       -2.83861092230150
C            3.33047729615135       -2.49232843531966       -3.38148688639794
C            2.23032402705019       -3.19980426514536       -2.92549535248228
C            1.41424036735396       -2.66891496084366       -1.94522940623294
C           -0.85905226966075       -0.13226515512834        0.93395824214879
C           -1.27742547894996       -1.09992343511122        1.81257445885127
C           -1.94073502696170       -0.75555992283418        2.99912023768320
C           -2.18066984338894        0.55587034812670        3.29860850302444
C           -1.74691439585486        1.58202246938479        2.43271794271132
C           -1.96290382366312        2.94481515489722        2.72972507367366
C           -1.51522113932969        3.92513804263313        1.88953443540323
C           -0.82143588286205        3.58672113723909        0.71705649227770
C           -0.60113119849761        2.27601819328456        0.39664483644548
C           -1.06719229849626        1.23876087489467        1.23373916706631
H           -1.70403828550131        0.44499627257053       -1.55090875098618
H           -0.53892157332290       -0.54285576172959       -2.47358058397241
H           -1.81837513771089       -1.31004801567927       -1.51763049083511
H            3.03980492264953        0.24994563853198       -1.41698579378299
H            4.47544192490339       -0.69268116960469       -3.18902911003019
H            3.96223977450692       -2.90769837187100       -4.15289435080966
H            2.00070682879104       -4.17066703073629       -3.34202248092409
H            0.55751512381439       -3.22064000381223       -1.58385695769450
H           -1.10013987118715       -2.14094789113936        1.58330118047622
H           -2.26339203336616       -1.53913100919514        3.66921213757375
H           -2.69970266257120        0.82800274584720        4.20686001165960
H           -2.48623898648711        3.19830296603876        3.64115598218392
H           -1.68368992962048        4.96617672802720        2.12471083446982
H           -0.45864093044099        4.37267316317622        0.07027050553812
H           -0.04982179294458        2.02058985096613       -0.49703128084632
34
 energy: -49.108398773419 gnorm: 0.000069582123 xtb: 6.7.1 (edcfbbe)
C           -1.12117738820861       -0.47490398817601       -1.55538068463364
C           -0.22576807013626       -0.53759804007352       -0.34512468363556
N            0.97356449684380       -0.92295343133994       -0.32987526628490
C            1.69883425331758       -1.41701013024081       -1.39408027682960
C            2.81779211051948       -0.71501504468946       -1.84692949465381
C            3.61691583376046       -1.24739832362057       -2.83898521884682
C            3.33097775189054       -2.49092569595605       -3.38120536841141
C            2.23158254470612       -3.19933737060001       -2.92480610324860
C            1.41506304804070       -2.66888051350472       -1.94468186133683
C           -0.85999955729096       -0.13294283945455        0.93394054148012
C           -1.27924701300071       -1.10028953095561        1.81245880326550
C           -1.94235216651135       -0.75539492587011        2.99898327336866
C           -2.18127678417107        0.55621006848142        3.29847987997316
C           -1.74665450882378        1.58204515738407        2.43262968222174
C           -1.96165161997315        2.94500885138147        2.72952800553989
C           -1.51311838914897        3.92494407446471        1.88932967147812
C           -0.81941668253406        3.58596195066375        0.71697325048130
C           -0.60011208374404        2.27507443988200        0.39663704507861
C           -1.06706674120417        1.23823970482955        1.23373899591279
H           -1.70426159398911        0.44384928748249       -1.55178996935486
H           -0.54005626157236       -0.54603033722279       -2.47346034279155
H           -1.82012448169647       -1.31110136042746       -1.51645606746139
H            3.03761408426496        0.25192197837871       -1.41792446019981
H            4.47407111612735       -0.68997728811316       -3.18976849504837
H            3.96310013469971       -2.90605854404687       -4.15244419913853
H            2.00291763507420       -4.17057430334122       -3.34097537781732
H            0.55887820388989       -3.22124521363294       -1.58301046373466
H           -1.10283768339983       -2.14146938549093        1.58319928801916
H           -2.26561022743163       -1.53873043722513        3.66906715181211
H           -2.70011655343329        0.82874653399270        4.20672061454994
H           -2.48488743782106        3.19897679540304        3.64088117551502
H           -1.68076194374451        4.96612424088560        2.12448328539641
H           -0.45587285272137        4.37159543357134        0.07022210519813
H           -0.04894117217782        2.01913818688016       -0.49697795966196
34
 energy: -49.108399304829 gnorm: 0.000078400619 xtb: 6.7.1 (edcfbbe)
C           -1.12191119321648       -0.47678167753731       -1.55515206805378
C           -0.22650550956235       -0.53861284057468       -0.34485922085876
N            0.97313326022301       -0.92301058868235       -0.32956945451257
C            1.69862285620169       -1.41664018870670       -1.39384760009061
C            2.81647179638492       -0.71338250978074       -1.84745638859559
C            3.61587019100847       -1.24513985892082       -2.83962999959006
C            3.33126947496698       -2.48924317520847       -3.38120353334837
C            2.23292195959985       -3.19884865760184       -2.92411470921348
C            1.41613325568053       -2.66905457781998       -1.94386297083621
C           -0.86092964555204       -0.13368502422207        0.93403375614549
C           -1.28135749038154       -1.10066647731340        1.81236537213977
C           -1.94437211141818       -0.75516072294403        2.99877927378221
C           -2.18209937977462        0.55665200084809        3.29829146885075
C           -1.74638791347618        1.58211051422976        2.43253141991033
C           -1.96027223472704        2.94526869732026        2.72931489585805
C           -1.51080518079881        3.92477404722317        1.88910277730564
C           -0.81721819005101        3.58514857808892        0.71686907826695
C           -0.59892242993495        2.27405480403898        0.39667732368516
C           -1.06685114970911        1.23768163230847        1.23379512408075
H           -1.70421058325254        0.44246991913835       -1.55261729754090
H           -0.54082215720267       -0.54937467148328       -2.47314503973113
H           -1.82156204991490       -1.31234285810608       -1.51525911463450
H            3.03520481670417        0.25399329032122       -1.41887909213772
H            4.47218879557975       -0.68677953817870       -3.19097308044173
H            3.96360271015727       -2.90393952464329       -4.15250512916598
H            2.00529978134589       -4.17049614123060       -3.33990086568796
H            0.56071061316940       -3.22227332041455       -1.58169047436462
H           -1.10590039197689       -2.14201853910000        1.58315476987183
H           -2.26849645795285       -1.53822286174004        3.66876559238404
H           -2.70085408228315        0.82965877077543        4.20644115237632
H           -2.48347071198579        3.19976134395516        3.64054508638366
H           -1.67767885349363        4.96610395911560        2.12414363844233
H           -0.45295295445960        4.37042621086317        0.07009324595860
H           -0.04784883949738        2.01756998568150       -0.49684146043681
34
 energy: -49.108400218120 gnorm: 0.000085909744 xtb: 6.7.1 (edcfbbe)
C           -1.12287916739529       -0.47986841886092       -1.55465105176027
C           -0.22752492617573       -0.54034678660304       -0.34425967879979
N            0.97251726561787       -0.92344009264715       -0.32879153755072
C            1.69834398710701       -1.41626653805389       -1.39327774438835
C            2.81424284995759       -0.71079676291873       -1.84821505680375
C            3.61394857498176       -1.24131092085682       -2.84081138256219
C            3.33157335619463       -2.48630796952483       -3.38146913397241
C            2.23517962279627       -3.19808318599365       -2.92304661818232
C            1.41808811469811       -2.66958127718408       -1.94234965758524
C           -0.86237239473323       -0.13489287703046        0.93427027593420
C           -1.28489838651979       -1.10124850421953        1.81225119747780
C           -1.94793953642102       -0.75471626699153        2.99837126167384
C           -2.18364162325889        0.55745012781465        3.29788762701225
C           -1.74597318911624        1.58225730940128        2.43233134902265
C           -1.95800764336142        2.94574226111428        2.72891412267471
C           -1.50698501867705        3.92452760991511        1.88868400236803
C           -0.81357141399654        3.58381839965113        0.71666885257844
C           -0.59690016132503        2.27238741140384        0.39675498469263
C           -1.06642776895428        1.23677859963695        1.23391008387184
H           -1.70409712594182        0.44006771846129       -1.55371387274670
H           -0.54181239453088       -0.55460994065584       -2.47248168626524
H           -1.82348670842426       -1.31454485098349       -1.51333724928914
H            3.03116288558530        0.25729357990506       -1.42032081833969
H            4.46870205148992       -0.68123139999132       -3.19322712254648
H            3.96408882594164       -2.90003693776883       -4.15314149544486
H            2.00930577536965       -4.17040081674264       -3.33821827762657
H            0.56413948833137       -3.22442152436410       -1.57917712604939
H           -1.11105555854977       -2.14289094343647        1.58311516251980
H           -2.27366184957674       -1.53730386636193        3.66813889850550
H           -2.70229062862937        0.83125639906970        4.20585549258814
H           -2.48108910396442        3.20109498010414        3.63997047507494
H           -1.67250378554058        4.96611339774822        2.12356023163978
H           -0.44814806390461        4.36850720007564        0.06983068454338
H           -0.04602634867398        2.01500488658718       -0.49662871606374
34
 energy: -49.108401606373 gnorm: 0.000101490839 xtb: 6.7.1 (edcfbbe)
C           -1.12447035145301       -0.48493521064776       -1.55366319854862
C           -0.22911339262855       -0.54327764514186       -0.34318952511812
N            0.97154657593194       -0.92438834550420       -0.32740691419657
C            1.69798997799127       -1.41588684838222       -1.39220084985291
C            2.81048908430429       -0.70657019333847       -1.84948738351303
C            3.61062041305128       -1.23487583448006       -2.84292190653159
C            3.33199813599778       -2.48133217428112       -3.38216155623880
C            2.23905296678662       -3.19689027538086       -2.92135605337000
C            1.42159913997211       -2.67072906159611       -1.93968915697513
C           -0.86469172875586       -0.13686612501642        0.93470992611944
C           -1.29080900681443       -1.10217217112911        1.81206880971757
C           -1.95400064537660       -0.75392502236872        2.99762644556431
C           -2.18632944338071        0.55884130711957        3.29713075010683
C           -1.74532020294087        1.58254669310512        2.43195300341469
C           -1.95425857868240        2.94657690718495        2.72822298326326
C           -1.50054862666985        3.92416580257448        1.88803079052795
C           -0.80742504529627        3.58164726619367        0.71636984136835
C           -0.59349247801158        2.26965961497568        0.39688984862620
C           -1.06570841820578        1.23531006316481        1.23408727521074
H           -1.70409795901747        0.43602140788829       -1.55511752834406
H           -0.54357497247911       -0.56301808699301       -2.47134032862496
H           -1.82648978410290       -1.31830968910029       -1.50995642741941
H            3.02444072110804        0.26266977810550       -1.42268279520730
H            4.46268581490665       -0.67184524341245       -3.19716490141566
H            3.96476423688174       -2.89328427854712       -4.15458221163703
H            2.01615990852506       -4.17037329969339       -3.33542798002875
H            0.57022299535825       -3.22839759345879       -1.57479755463846
H           -1.11954719556221       -2.14428317391923        1.58309917193914
H           -2.28254514664891       -1.53570701024855        3.66696483437615
H           -2.70504344016095        0.83396302410692        4.20466531408510
H           -2.47726937448934        3.20332514939363        3.63892938290158
H           -1.66381620017198        4.96617325838625        2.12261917363236
H           -0.44009562783981        4.36536769841785        0.06943239682358
H           -0.04292235172634        2.01079931172229       -0.49625719981578
34
 energy: -49.108403253465 gnorm: 0.000114872301 xtb: 6.7.1 (edcfbbe)
C           -1.12709120150459       -0.49244075692404       -1.55201977620093
C           -0.23146669435866       -0.54760589444085       -0.34161757372143
N            0.97004215831417       -0.92587192393607       -0.32552208842609
C            1.69741686461585       -1.41534738428965       -1.39074393277980
C            2.80489842113686       -0.70037378386906       -1.85139369644035
C            3.60570508886432       -1.22538502066545       -2.84603503259856
C            3.33278153934956       -2.47401323095044       -3.38316628511481
C            2.24507856346344       -3.19523775394504       -2.91877510635722
C            1.42695712723473       -2.67249483762557       -1.93581061808155
C           -0.86797131488574       -0.13975163833673        0.93542822153107
C           -1.29939857956721       -1.10348149794999        1.81187378671949
C           -1.96311588740904       -0.75269889642450        2.99642283279167
C           -2.19058691855484        0.56094059911572        3.29581448904453
C           -1.74445768355227        1.58299399703400        2.43129547907659
C           -1.94879218228114        2.94782651170892        2.72711129230244
C           -1.49094898723787        3.92362822508438        1.88706854268469
C           -0.79816602784536        3.57842357666447        0.71598359180759
C           -0.58832123243266        2.26563072123017        0.39712535717009
C           -1.06455559085202        1.23315384070045        1.23436461324640
H           -1.70462476824353        0.42983750825138       -1.55666917387739
H           -0.54669897658853       -0.57507027142324       -2.46960611658502
H           -1.83094401580322       -1.32406189284688       -1.50483419198372
H            3.01437861758210        0.27060877462360       -1.42627670560758
H            4.45363506231401       -0.65785728262627       -3.20311615300685
H            3.96581470811208       -2.88314652971382       -4.15687025983951
H            2.02658192177526       -4.17038095686527       -3.33128356830871
H            0.57957039875419       -3.23450492726173       -1.56823860397918
H           -1.13199621614663       -2.14628066566224        1.58311667227627
H           -2.29582715036716       -1.53324387152509        3.66515220935140
H           -2.70933620243086        0.83801357223334        4.20273505062071
H           -2.47175884801412        3.20662875407774        3.63726659661486
H           -1.65074082514032        4.96626688098427        2.12128863446970
H           -0.42783867022370        4.36071621935853        0.06901141744923
H           -0.03822249767710        2.00457983591435       -0.49568342804698
34
 energy: -49.108403364004 gnorm: 0.000057818104 xtb: 6.7.1 (edcfbbe)
C           -1.12736160829365       -0.49257625836930       -1.55179075002244
C           -0.23147902199867       -0.54768120589586       -0.34159691932750
N            0.97003962422591       -0.92590901134636       -0.32556325159582
C            1.69751836956675       -1.41537482936074       -1.39070106466656
C            2.80491054132661       -0.70034434070196       -1.85138501781103
C            3.60565415199958       -1.22527559908617       -2.84610234905936
C            3.33275635339589       -2.47383243399728       -3.38338386774458
C            2.24521888956807       -3.19514549646941       -2.91889064715476
C            1.42723028268606       -2.67253458339750       -1.93574949688721
C           -0.86797267083897       -0.13977272573115        0.93544578455339
C           -1.29950242732450       -1.10345901500702        1.81186325572761
C           -1.96326290679867       -0.75262384989361        2.99635364992288
C           -2.19074262180128        0.56102608214974        3.29568178573382
C           -1.74451453842591        1.58302020365104        2.43119021872861
C           -1.94879176544211        2.94785921774402        2.72699306257319
C           -1.49068193696024        3.92361873917827        1.88708332179702
C           -0.79783699694122        3.57836249630069        0.71604928019219
C           -0.58815506779369        2.26557246212563        0.39714151195271
C           -1.06454430713846        1.23312732773964        1.23432370131836
H           -1.70519412839411        0.42955752523263       -1.55619838559604
H           -0.54721451911223       -0.57502352310661       -2.46953080911048
H           -1.83096350063051       -1.32436387261891       -1.50441915607483
H            3.01442144642502        0.27060986350999       -1.42628388763381
H            4.45350441602928       -0.65772402203896       -3.20317868126400
H            3.96581042130785       -2.88286882441370       -4.15711202357826
H            2.02688187349281       -4.17040034857174       -3.33117939079708
H            0.57999233335225       -3.23464334599403       -1.56810691908938
H           -1.13201121048743       -2.14624556407671        1.58316815223250
H           -2.29619092137401       -1.53311544786855        3.66501437242373
H           -2.70976857115804        0.83810801708584        4.20243692132639
H           -2.47192610744159        3.20666160588269        3.63704439217981
H           -1.65039766132672        4.96626032788560        2.12128282937579
H           -0.42740523316791        4.36063490573685        0.06913053159040
H           -0.03802098012617        2.00449552342233       -0.49563367801423
34
 energy: -49.108403497728 gnorm: 0.000074074909 xtb: 6.7.1 (edcfbbe)
C           -1.12793337415386       -0.49299394749552       -1.55127600974084
C           -0.23148581909242       -0.54783630062392       -0.34150334291085
N            0.97003976022093       -0.92595330367493       -0.32568213648231
C            1.69763817457084       -1.41536984932700       -1.39072731006167
C            2.80489053587768       -0.70017854909320       -1.85147463193456
C            3.60557326472532       -1.22494191017802       -2.84632141647674
C            3.33286771099817       -2.47351358595925       -3.38369233984915
C            2.24568513323704       -3.19510984685037       -2.91891506909716
C            1.42773836053815       -2.67265264089383       -1.93563777258310
C           -0.86787526013106       -0.13982859525314        0.93558125100741
C           -1.29966359601415       -1.10344254442645        1.81194238139018
C           -1.96383374219071       -0.75249762328645        2.99614760053555
C           -2.19136432499252        0.56119689419154        3.29529655975528
C           -1.74469736899391        1.58309291641547        2.43096036749893
C           -1.94882265476341        2.94797362755846        2.72671970484843
C           -1.49015992152102        3.92364770418404        1.88704578178367
C           -0.79708151857300        3.57826258920112        0.71616959685172
C           -0.58768204006386        2.26545223058411        0.39722314034614
C           -1.06441469119910        1.23308189536018        1.23431314453601
H           -1.70639875255194        0.42877739400072       -1.55512021760566
H           -0.54832794359331       -0.57489533969965       -2.46938723367517
H           -1.83097853545485       -1.32521914787353       -1.50359386774805
H            3.01445611683093        0.27074008751260       -1.42636449815408
H            4.45326147570142       -0.65725116649378       -3.20345768483101
H            3.96578453794137       -2.88220743109865       -4.15770728270250
H            2.02741967170959       -4.17041566193133       -3.33109893079429
H            0.58079645359924       -3.23503330943843       -1.56780203253808
H           -1.13211030860113       -2.14623000185147        1.58332968155171
H           -2.29700888215123       -1.53288202007240        3.66479337284793
H           -2.71069590908301        0.83833072314563        4.20185719231564
H           -2.47226363877386        3.20680326178925        3.63658243233046
H           -1.64958399244013        4.96632012302350        2.12126523676205
H           -0.42626319144307        4.36049065938922        0.06943043769025
H           -0.03750572976913        2.00428266886490       -0.49549962866512
34
 energy: -49.108403509559 gnorm: 0.000156200831 xtb: 6.7.1 (edcfbbe)
C           -1.12850514001407       -0.49341163662174       -1.55076126945924
C           -0.23149261618618       -0.54799139535199       -0.34140976649420
N            0.97003989621595       -0.92599759600350       -0.32580102136880
C            1.69775797957492       -1.41536486929325       -1.39075355545677
C            2.80487053042875       -0.70001275748444       -1.85156424605809
C            3.60549237745106       -1.22460822126987       -2.84654048389411
C            3.33297906860045       -2.47319473792123       -3.38400081195372
C            2.24615137690601       -3.19507419723132       -2.91893949103956
C            1.42824643839023       -2.67277069839016       -1.93552604827900
C           -0.86777784942315       -0.13988446477513        0.93571671746143
C           -1.29982476470380       -1.10342607384589        1.81202150705276
C           -1.96440457758275       -0.75237139667929        2.99594155114821
C           -2.19198602818376        0.56136770623333        3.29491133377674
C           -1.74488019956191        1.58316562917990        2.43073051626924
C           -1.94885354408472        2.94808803737289        2.72644634712366
C           -1.48963790608181        3.92367666918982        1.88700824177033
C           -0.79632604020478        3.57816268210155        0.71628991351126
C           -0.58720901233402        2.26533199904258        0.39730476873958
C           -1.06428507525973        1.23303646298072        1.23430258775365
H           -1.70760337670978        0.42799726276880       -1.55404204961528
H           -0.54944136807438       -0.57476715629269       -2.46924365823985
H           -1.83099357027919       -1.32607442312816       -1.50276857942127
H            3.01449078723683        0.27087031151521       -1.42644510867435
H            4.45301853537357       -0.65677831094860       -3.20373668839802
H            3.96575865457489       -2.88154603778360       -4.15830254182673
H            2.02795746992636       -4.17043097529093       -3.33101847079151
H            0.58160057384623       -3.23542327288284       -1.56749714598678
H           -1.13220940671483       -2.14621443962624        1.58349121087091
H           -2.29782684292844       -1.53264859227624        3.66457237327214
H           -2.71162324700797        0.83855342920541        4.20127746330490
H           -2.47260117010613        3.20694491769581        3.63612047248110
H           -1.64877032355354        4.96637991816140        2.12124764414831
H           -0.42512114971822        4.36034641304158        0.06973034379011
H           -0.03699047941209        2.00406981430748       -0.49536557931600
