$hessian                                                                        
        0.5324548704   0.0136392910  -0.0162879453  -0.0707881702   0.0147400301
       -0.0226258739  -0.0260405116   0.0207271885  -0.0349878051  -0.0026039850
        0.0014364914   0.0002787980  -0.0004896568   0.0005202397  -0.0004375182
        0.0001563408  -0.0000268288  -0.0000667170   0.0000782973  -0.0000676860
        0.0000055291  -0.0001326307   0.0002130181   0.0002338870  -0.0010029288
        0.0006325172  -0.0015376115   0.0052477679  -0.0088945843   0.0123885203
       -0.0008967810   0.0000443274   0.0006831140   0.0004303556   0.0000000619
       -0.0004308982   0.0001353267  -0.0002229178   0.0000141486   0.0000318416
       -0.0000266751   0.0000849519  -0.0003608591  -0.0009537650  -0.0001590520
       -0.0021309921  -0.0009125074   0.0023633881  -0.1969743122  -0.0245926473
        0.1160136202  -0.0685518439   0.0750548478   0.0225869657  -0.1678366305
       -0.0904450326  -0.0786798650   0.0000264130  -0.0001075835  -0.0000060570
       -0.0000453046  -0.0000111141  -0.0002211263  -0.0000658451   0.0000169028
       -0.0001044312  -0.0001633057   0.0001472327  -0.0001390026   0.0000295681
       -0.0001153975  -0.0000692496  -0.0002734146  -0.0005548592   0.0008148466
       -0.0000069779   0.0000194609   0.0000338347  -0.0000113003  -0.0000128520
        0.0000536013  -0.0000251362  -0.0000276095   0.0000082102  -0.0000121581
        0.0000102513  -0.0000068340  -0.0001678644  -0.0002081137   0.0001334024
       -0.0000101727  -0.0000216873   0.0000631689
        0.0136392910   0.4758978884   0.0125568703   0.0188669175  -0.0924057427
        0.0549214698   0.0138380581  -0.0074897456   0.0022117513  -0.0006358962
        0.0101454256   0.0066522374   0.0016065817  -0.0009953480   0.0012262753
       -0.0004675806  -0.0001075742   0.0007762223  -0.0001651927   0.0001658139
       -0.0000972203  -0.0007325533  -0.0000541730   0.0001919607  -0.0011070874
        0.0005812843  -0.0013764366  -0.0039835362  -0.0040326287   0.0158979602
        0.0014060171  -0.0015532442   0.0007319332  -0.0007514360  -0.0008482440
       -0.0001516640   0.0003846418   0.0001796423  -0.0004178117  -0.0000158565
        0.0000124384   0.0003531862  -0.0010669294  -0.0003747781  -0.0000584369
       -0.0004898920   0.0013467786   0.0006804778  -0.0242862974  -0.0459670808
        0.0164984572   0.0758642992  -0.2337910559  -0.0529385414  -0.0925263831
       -0.1019985265  -0.0582289480   0.0001298851   0.0001021426   0.0001182870
        0.0001146707  -0.0000333465   0.0003297708   0.0001447163   0.0000820147
        0.0000690815   0.0000074622   0.0000010301  -0.0000489325   0.0000137340
        0.0002674955  -0.0000446460   0.0004760559   0.0006077855  -0.0000706176
       -0.0001224221  -0.0000083901   0.0000254565  -0.0000760672  -0.0000223307
        0.0000758370  -0.0000214751   0.0000282729  -0.0000151977  -0.0000283344
       -0.0000140289   0.0000063974  -0.0000988785  -0.0000441939   0.0000247057
        0.0000834878   0.0003224191   0.0001001152
       -0.0162879453   0.0125568703   0.4733118877  -0.0276335327   0.0590899998
       -0.1609234200  -0.0205023881   0.0057200944  -0.0142731068   0.0006225008
        0.0054675113   0.0055027207   0.0004603329  -0.0003464150   0.0002191990
       -0.0000409202  -0.0001244733   0.0005514166  -0.0000057790   0.0000080800
       -0.0000739196  -0.0004495196  -0.0000787630   0.0004068340  -0.0012453560
        0.0008377732  -0.0017473567  -0.0006762471   0.0148026703  -0.0180707992
       -0.0004630219   0.0001838005  -0.0001022189  -0.0002012021   0.0001523215
        0.0005019626  -0.0002979058   0.0001988744   0.0001255063   0.0000284790
        0.0000023621  -0.0001495844   0.0003648321   0.0012141267  -0.0002298990
        0.0022616700  -0.0002149012  -0.0016039792   0.1167573717   0.0158524399
       -0.1331394701   0.0251791293  -0.0586075442  -0.0538167289  -0.0785506394
       -0.0573760947  -0.0946665568   0.0000962000   0.0001234420  -0.0000258168
        0.0000071304  -0.0000279686  -0.0000742489  -0.0000158827   0.0001079196
       -0.0001046349  -0.0001596838   0.0001651864  -0.0001279686   0.0000138319
        0.0000392309  -0.0000986935   0.0003122873   0.0002064884  -0.0009340951
        0.0000765904   0.0000070166  -0.0000594078   0.0000337238   0.0000178749
       -0.0000344447   0.0000186105   0.0000057847  -0.0000129284   0.0000358838
        0.0000039695  -0.0000130309   0.0002645023   0.0001617098  -0.0002027612
       -0.0000030526  -0.0001493872  -0.0001344563
       -0.0707881702   0.0188669175  -0.0276335327   0.8015718092  -0.0485782656
        0.0619919509  -0.5515829397   0.0434739460  -0.0793065090  -0.0395488375
        0.0157511754  -0.0251935204   0.0009001835  -0.0023919063   0.0100622368
       -0.0008161346   0.0014438138  -0.0014486948   0.0003595291  -0.0003256312
        0.0008151809  -0.0004823668   0.0024020154  -0.0017709056   0.0048112015
       -0.0027129602  -0.0001405176  -0.1082897997  -0.0296507318   0.0464078885
       -0.0335460673  -0.0016946904   0.0140072033   0.0006976848   0.0064985097
        0.0003976404  -0.0032582906  -0.0011330748   0.0029230915   0.0000498313
        0.0001524889  -0.0016167157   0.0060843131   0.0023190212  -0.0005979168
        0.0026993229  -0.0145184454   0.0118622853   0.0065570684  -0.0110214752
        0.0211418072  -0.0055654408   0.0104311054  -0.0101735528  -0.0099872628
        0.0097937224  -0.0196197142  -0.0001150145   0.0002485810   0.0000580177
        0.0002203086   0.0003558643   0.0007378280   0.0000917379  -0.0003321655
        0.0004801450   0.0001576670  -0.0004211057  -0.0001000699  -0.0005202773
        0.0001206380  -0.0000231795   0.0003285187  -0.0010004898  -0.0004641738
        0.0000569681  -0.0002886962   0.0004775311   0.0002681750   0.0001090629
       -0.0004585708   0.0002461759   0.0001229771   0.0001194969   0.0002174231
        0.0000542169   0.0000757812   0.0002081167   0.0007404867  -0.0008994216
       -0.0010254330   0.0011850954  -0.0021110895
        0.0147400301  -0.0924057427   0.0590899998  -0.0485782656   0.2651218228
       -0.1547528487   0.0395912826  -0.0510606767   0.0153573273   0.0227974127
       -0.0096005565   0.0143381666  -0.0004253276  -0.0001405376  -0.0040338348
        0.0006952666  -0.0006806094   0.0010483235  -0.0003767264   0.0002739025
       -0.0007617675   0.0011095467  -0.0010811186   0.0013483520   0.0002942488
        0.0006983941   0.0025605384  -0.0318916392  -0.0835477253   0.0352036735
        0.0043419960   0.0077486527  -0.0084657506   0.0052547544   0.0008637544
        0.0004269555  -0.0003069624  -0.0015329183   0.0008643745  -0.0001620832
       -0.0000727467  -0.0008175910   0.0023758840  -0.0037774725   0.0036958859
       -0.0182358585  -0.0159564516   0.0196180950  -0.0009673175  -0.0037913831
        0.0065241964   0.0110603519  -0.0171422128   0.0219626695  -0.0017476861
        0.0071272974  -0.0113270307   0.0000343645  -0.0000328507  -0.0003120968
       -0.0000195131  -0.0001087705  -0.0002047259  -0.0000721840   0.0000597260
       -0.0001775541  -0.0000054489  -0.0000279310   0.0001129412   0.0001971143
        0.0001093177  -0.0001527349   0.0009297059  -0.0004254231  -0.0011119255
        0.0010572789   0.0002197512  -0.0005363001   0.0001248629   0.0000556593
       -0.0002268229   0.0000795448   0.0000067459   0.0000562770   0.0000297019
        0.0000197017   0.0000053087  -0.0008077681  -0.0004985632   0.0007855107
       -0.0011165663  -0.0004210354  -0.0001176121
       -0.0226258739   0.0549214698  -0.1609234200   0.0619919509  -0.1547528487
        0.4054056272  -0.0663647344   0.0206120972  -0.0702506217  -0.0366630212
        0.0075320378  -0.0180619958  -0.0016302986   0.0027296917   0.0008616802
        0.0008290237   0.0011510912  -0.0016085380   0.0003184440  -0.0001290914
        0.0007467516  -0.0007365749   0.0016191005  -0.0011969271  -0.0004764276
       -0.0011332218  -0.0019022099   0.0568021606   0.0311706251  -0.1126674349
        0.0142434219  -0.0019361256  -0.0046155582   0.0020465817  -0.0000864383
        0.0062399057   0.0015394368   0.0010007754  -0.0014426758  -0.0008366622
       -0.0006963639  -0.0005350656   0.0004488940   0.0043998682   0.0056411220
        0.0079667179   0.0144120759  -0.0136384297  -0.0016650468   0.0138279456
       -0.0210937486  -0.0017160321   0.0009631172   0.0050212770  -0.0095127746
        0.0071810688  -0.0135649196  -0.0002106647  -0.0007881673   0.0000271839
       -0.0001296164   0.0000036688   0.0000860193  -0.0000898128  -0.0003418926
        0.0002212447   0.0000732116  -0.0000264265  -0.0001959204   0.0000073026
       -0.0007375775  -0.0000086010  -0.0022242564   0.0001246789  -0.0014723436
       -0.0002924582   0.0002270116   0.0000920708   0.0000237805   0.0000926670
       -0.0000153081  -0.0002468179  -0.0002891480   0.0000670376  -0.0002983924
       -0.0000126187   0.0000249123   0.0002249691  -0.0000156378   0.0000756114
       -0.0007964303  -0.0010234324  -0.0013167254
       -0.0260405116   0.0138380581  -0.0205023881  -0.5515829397   0.0395912826
       -0.0663647344   0.7607530034  -0.1093748192   0.1938719963  -0.0947309080
        0.0370558955  -0.0835515689   0.0038859648   0.0033413541  -0.0157509846
        0.0042215463   0.0032910210   0.0004787062   0.0000608893  -0.0004611317
       -0.0019265829   0.0023757964   0.0057711816   0.0036290635  -0.0279827786
        0.0211633228  -0.0255072774  -0.0665178906  -0.0092452504   0.0146181863
        0.0020845705  -0.0052502879   0.0037086989  -0.0017344920  -0.0001463725
        0.0032874527   0.0019429933   0.0011555394  -0.0018043054  -0.0003697838
       -0.0004678550   0.0003373425  -0.0014031653   0.0008504983   0.0021845211
       -0.0014408189   0.0064832686  -0.0053282335   0.0005004168  -0.0010179971
        0.0002505365   0.0001924579  -0.0010608512  -0.0008288112   0.0003286660
        0.0010648086  -0.0016616604  -0.0011888158  -0.0022849151   0.0021445704
       -0.0003577014  -0.0004770591  -0.0002257944  -0.0010204450  -0.0009373375
        0.0000956383  -0.0007264758   0.0007635629  -0.0007783856  -0.0001019371
       -0.0024747420  -0.0000384014  -0.0003945925  -0.0002378223  -0.0006748178
       -0.0008597777  -0.0001007828   0.0004047185  -0.0000809200   0.0000145249
        0.0001577514  -0.0001959954  -0.0001679472  -0.0000276481  -0.0001514174
       -0.0000229633  -0.0000436784  -0.0000561009  -0.0003039593   0.0003515130
        0.0005911627  -0.0003522247  -0.0005054234
        0.0207271885  -0.0074897456   0.0057200944   0.0434739460  -0.0510606767
        0.0206120972  -0.1093748192   0.1311824002  -0.1031167487   0.0281545996
       -0.0818304737   0.0509239743  -0.0053697691   0.0074150759   0.0053043030
        0.0025816867   0.0041937418  -0.0052049152   0.0005974808  -0.0004634373
        0.0027541734   0.0036029472   0.0006355062  -0.0062456667   0.0282587562
       -0.0178022783   0.0221057481  -0.0058558141   0.0183293396   0.0025458474
       -0.0035275783  -0.0010898220   0.0021975662  -0.0010553074   0.0006032160
       -0.0008002945  -0.0005644866   0.0002076006   0.0002761308   0.0000901695
        0.0001233609   0.0000195262   0.0009941836   0.0003869881  -0.0013863398
       -0.0000405677  -0.0008371936   0.0006599061   0.0003464711   0.0001796123
       -0.0018084073   0.0010381010  -0.0015176752   0.0024828661   0.0003976496
       -0.0002499236   0.0009347105  -0.0014147655   0.0002672384  -0.0004992095
       -0.0002779586   0.0003119064  -0.0003661544  -0.0007286456  -0.0006356075
        0.0002727753   0.0007387832  -0.0005329354   0.0008466395  -0.0024360127
       -0.0003293942   0.0012221181   0.0001026469  -0.0000107474   0.0003134670
       -0.0002110167  -0.0000709675   0.0002136667   0.0000067130  -0.0000159876
        0.0000174194   0.0000388140   0.0000262698   0.0000098126   0.0000026096
        0.0000103542   0.0000144805   0.0000801712   0.0000959098  -0.0001704836
       -0.0003761760  -0.0000316545   0.0001508970
       -0.0349878051   0.0022117513  -0.0142731068  -0.0793065090   0.0153573273
       -0.0702506217   0.1938719963  -0.1031167487   0.3251982497  -0.0584093679
        0.0565124101  -0.1924690608  -0.0188295706   0.0077073760  -0.0580750169
        0.0016169519  -0.0071383005   0.0003251893  -0.0023717606   0.0017132405
       -0.0031595589   0.0028950579  -0.0034161838   0.0042208722  -0.0183171997
        0.0144312559  -0.0013354816   0.0143316287   0.0112395087   0.0138335056
        0.0014321103   0.0002971339   0.0006112563  -0.0006587707  -0.0003906315
       -0.0013746745   0.0000481625  -0.0000804794  -0.0000187449   0.0001977906
        0.0001455955   0.0003133068  -0.0010654209  -0.0003541315  -0.0013401460
        0.0013644811   0.0000559438  -0.0015709203  -0.0000986693  -0.0017381339
        0.0024233101  -0.0007970163   0.0001237892  -0.0000076358  -0.0031863537
        0.0023814363  -0.0050257600  -0.0005472474   0.0011605386   0.0021107599
       -0.0004711139   0.0004059420  -0.0015192720   0.0003551589   0.0004174861
        0.0000215804   0.0002393314  -0.0000249545   0.0004587177   0.0016705447
        0.0013808982   0.0007312866   0.0001886023   0.0004053037   0.0002409442
       -0.0000797371  -0.0000380799  -0.0000830425  -0.0000386398  -0.0000322277
        0.0000862338   0.0000008986   0.0000383221  -0.0000499414   0.0000340986
        0.0000027287  -0.0000203972   0.0000931080   0.0000097590  -0.0000647567
        0.0008252601   0.0003321244   0.0000629253
       -0.0026039850  -0.0006358962   0.0006225008  -0.0395488375   0.0227974127
       -0.0366630212  -0.0947309080   0.0281545996  -0.0584093679   0.4018240862
       -0.2387257081   0.0577838936  -0.0757471775   0.0272595665   0.0069411846
        0.0224734533  -0.0252937648  -0.0002379667  -0.0168445760   0.0165760761
        0.0231754192  -0.0317130875   0.0171089407  -0.0470465217  -0.1641879274
        0.1257449650   0.0453103795   0.0036993353   0.0011833521  -0.0014364853
       -0.0004088769   0.0007716351  -0.0009572246   0.0001226814  -0.0000103567
       -0.0003151725  -0.0004893011  -0.0000089018   0.0004551588   0.0001357391
        0.0000940609  -0.0001779051   0.0004522650  -0.0002297795  -0.0004162998
       -0.0009948818  -0.0009266799  -0.0000516301   0.0000762685  -0.0000533766
       -0.0000404115  -0.0003621353   0.0003736446  -0.0006706975  -0.0003038200
        0.0007270263  -0.0007667774  -0.0037951930   0.0114737817   0.0174015579
        0.0026073570   0.0046544203  -0.0040332134   0.0004898098   0.0004390194
        0.0005497803   0.0033630739   0.0045182394  -0.0033328984  -0.0036619734
        0.0051104367   0.0024242509   0.0000907076  -0.0001445836   0.0000801153
        0.0003022014  -0.0000165277  -0.0001025562   0.0000578426   0.0000089854
       -0.0000977807   0.0000849626   0.0000424606   0.0000159099   0.0000830972
       -0.0000016944   0.0000001877   0.0001382894   0.0001600269  -0.0001837449
       -0.0006084898  -0.0011513808   0.0001793361
        0.0014364914   0.0101454256   0.0054675113   0.0157511754  -0.0096005565
        0.0075320378   0.0370558955  -0.0818304737   0.0565124101  -0.2387257081
        0.3909034259   0.0520865138   0.0395475659  -0.1038329355  -0.0628580866
       -0.0320197325   0.0277655832  -0.0138289977   0.0151571892  -0.0276801654
       -0.0256652514   0.0288064532  -0.0158046899   0.0550627569   0.1122299222
       -0.1734662471  -0.0512376255  -0.0028266783  -0.0043751705  -0.0023008078
        0.0008498039  -0.0001596426   0.0001025964   0.0002371241   0.0001043167
        0.0004434469   0.0002730213  -0.0000017752  -0.0001353688  -0.0000334071
       -0.0000836644  -0.0000360716  -0.0001082726  -0.0000433790   0.0006436503
       -0.0013722957   0.0007099415  -0.0000379023   0.0000834427  -0.0001545725
        0.0004042714  -0.0008179462   0.0010886854  -0.0016269485   0.0010290960
       -0.0012661819   0.0019607711   0.0058110654  -0.0109617965  -0.0195846468
        0.0047414915   0.0039607223   0.0010195619   0.0000021393  -0.0001950474
       -0.0005099779   0.0044310744   0.0039572078   0.0009751586   0.0097363920
       -0.0084325071  -0.0040576887  -0.0000615953   0.0000050791  -0.0001789483
       -0.0000689244   0.0000026694   0.0000274561  -0.0000035843   0.0000001959
        0.0000238655  -0.0000377195  -0.0000444140  -0.0000055794  -0.0000185936
       -0.0000044197  -0.0000114861  -0.0000890425  -0.0001515489   0.0000958158
       -0.0009958432  -0.0005540650  -0.0002824365
        0.0002787980   0.0066522374   0.0055027207  -0.0251935204   0.0143381666
       -0.0180619958  -0.0835515689   0.0509239743  -0.1924690608   0.0577838936
        0.0520865138   0.6051823618   0.0495310266  -0.1056683026  -0.2420763603
       -0.0392699229   0.0256779410  -0.0630712516   0.0228388355  -0.0265046946
       -0.0182090572  -0.0082784787   0.0173331422   0.0352230146   0.0052672518
       -0.0083342364  -0.0910404584   0.0061710543  -0.0054200760  -0.0027630387
       -0.0000885103   0.0013688502  -0.0014427220   0.0004839585   0.0000650439
       -0.0002623422  -0.0003840831  -0.0001695342   0.0004406618   0.0000374898
        0.0000910525  -0.0002678590   0.0006593872  -0.0003266260  -0.0001091047
        0.0003527373  -0.0009986406   0.0010958339  -0.0004606599   0.0001925714
       -0.0003329220  -0.0011869773   0.0012923626  -0.0022207788   0.0005988351
        0.0001005812   0.0010399882   0.0032247273  -0.0019781875  -0.0058261114
       -0.0034350011   0.0010952069  -0.0021474799   0.0005400320  -0.0006517458
        0.0003991800  -0.0040278369   0.0009253707  -0.0030023201   0.0179703507
       -0.0220482491  -0.0060699415  -0.0000292587  -0.0002076560   0.0000990630
        0.0002946706   0.0000143490  -0.0001306179   0.0000804502   0.0000064404
       -0.0001523051   0.0000932827   0.0000460104   0.0000371581   0.0000452004
       -0.0000032401   0.0000280826   0.0000431883   0.0001789039  -0.0000625267
       -0.0003893518  -0.0000775297   0.0006701894
       -0.0004896568   0.0016065817   0.0004603329   0.0009001835  -0.0004253276
       -0.0016302986   0.0038859648  -0.0053697691  -0.0188295706  -0.0757471775
        0.0395475659   0.0495310266   0.3953578109  -0.2693552489   0.0819649781
       -0.1379502719   0.0611890046  -0.1342556377  -0.0322161446   0.0321899473
       -0.0056865341  -0.0035503049  -0.0048092796  -0.0151336554   0.0008026587
        0.0056729195   0.0225741589  -0.0009948556  -0.0008933041  -0.0004975467
        0.0007077983  -0.0001070990   0.0001288474  -0.0001429345  -0.0003992501
        0.0002262734   0.0000060178   0.0003929322  -0.0001475659   0.0000040862
        0.0000129657   0.0000877429   0.0001264022   0.0000339494  -0.0002115314
       -0.0011059000  -0.0008231752  -0.0002681953  -0.0000883414  -0.0000601543
        0.0000549224  -0.0002768224   0.0003518403  -0.0004375596   0.0000997376
       -0.0000501168   0.0001002845  -0.1533651781   0.1298632698   0.0202770930
        0.0024613916  -0.0009815560   0.0022847673   0.0008839402   0.0062844653
       -0.0002885332   0.0003758714  -0.0005715441  -0.0002202230   0.0008959342
        0.0067240481   0.0000590687  -0.0000439270   0.0000542712  -0.0000659530
       -0.0001329817   0.0000019557  -0.0000385163  -0.0000143846  -0.0000246578
        0.0000582465  -0.0000269224  -0.0000314318  -0.0000076752  -0.0000599990
       -0.0000020564  -0.0000023672  -0.0000100988  -0.0000313131   0.0000391998
       -0.0002918960   0.0000095674  -0.0001255792
        0.0005202397  -0.0009953480  -0.0003464150  -0.0023919063  -0.0001405376
        0.0027296917   0.0033413541   0.0074150759   0.0077073760   0.0272595665
       -0.1038329355  -0.1056683026  -0.2693552489   0.3946424833   0.0500176111
        0.0743544514  -0.0971000734   0.0855771987   0.0211467753  -0.0162531979
        0.0147884066  -0.0036921636  -0.0008910070   0.0009694086   0.0129168151
       -0.0170593808  -0.0195276037  -0.0000919561   0.0006771856  -0.0001404526
        0.0000428128  -0.0002314609   0.0000061877   0.0000698467  -0.0000673421
       -0.0000321501   0.0000683012   0.0001111266  -0.0000572680  -0.0000105072
       -0.0000374969   0.0000500539   0.0001176222   0.0001093527  -0.0001966789
       -0.0005932904  -0.0001515635  -0.0001166052   0.0000536866   0.0000294340
       -0.0000475335   0.0001350089  -0.0001844993   0.0002648219  -0.0000636205
        0.0000144602  -0.0000468671   0.1293130763  -0.1707360031  -0.0241142162
       -0.0050275869   0.0037394555  -0.0089942843   0.0066354473   0.0005814862
       -0.0012163856  -0.0005267590   0.0005487206   0.0001572128   0.0062617656
        0.0004316134  -0.0014995062   0.0000153067  -0.0000403917   0.0000312506
       -0.0000275706  -0.0000173967   0.0000083008  -0.0000092292   0.0000189443
        0.0000013221  -0.0000219308  -0.0000203562   0.0000021746   0.0000059666
        0.0000000074   0.0000051880  -0.0000190919  -0.0000650284   0.0000396045
       -0.0004271817  -0.0004953267  -0.0003515408
       -0.0004375182   0.0012262753   0.0002191990   0.0100622368  -0.0040338348
        0.0008616802  -0.0157509846   0.0053043030  -0.0580750169   0.0069411846
       -0.0628580866  -0.2420763603   0.0819649781   0.0500176111   0.6252407914
       -0.0812321199   0.0312784924  -0.2425190357  -0.0466264309   0.0565108149
        0.0368698629  -0.0110969406  -0.0018434520  -0.0594127273   0.0536809646
       -0.0537247947   0.0110731471  -0.0013247821  -0.0005155441   0.0001480480
        0.0006702234  -0.0003155408   0.0002648599  -0.0000420563  -0.0001658230
        0.0001043717   0.0002129606   0.0001191912  -0.0002382050  -0.0000190517
       -0.0000648961   0.0001061143  -0.0000660530  -0.0000827783   0.0000103874
       -0.0008831570   0.0003125181  -0.0002582349  -0.0001254575  -0.0000856122
        0.0002723907  -0.0000248766  -0.0000513417  -0.0000634544   0.0000341204
       -0.0001365715   0.0001288235   0.0195135255  -0.0250028442  -0.0478834431
       -0.0146386473   0.0074878486  -0.0262494966  -0.0001251965  -0.0017775954
        0.0012946130  -0.0000962041   0.0001872180  -0.0005462724  -0.0002093657
       -0.0008847398   0.0007728191   0.0000851142  -0.0000736875  -0.0000318050
       -0.0001060000  -0.0000272964   0.0000004557  -0.0000294753   0.0000029675
        0.0000493163  -0.0000383541  -0.0000230977  -0.0000008057  -0.0000136859
       -0.0000020248  -0.0000086772  -0.0000234431  -0.0000780513   0.0001001498
       -0.0002555074  -0.0006996273  -0.0001534955
        0.0001563408  -0.0004675806  -0.0000409202  -0.0008161346   0.0006952666
        0.0008290237   0.0042215463   0.0025816867   0.0016169519   0.0224734533
       -0.0320197325  -0.0392699229  -0.1379502719   0.0743544514  -0.0812321199
        0.3896826897  -0.2618209946   0.0661535428  -0.1790862271   0.1305723097
       -0.0137602208   0.0005347900   0.0164501052   0.0649458556  -0.0320178617
        0.0239103393  -0.0184878225   0.0001557197   0.0001538193   0.0000207171
       -0.0003021878   0.0000529354  -0.0000800702   0.0000304400   0.0001546366
       -0.0001000115  -0.0000173572  -0.0001159858   0.0000545571  -0.0000106781
        0.0000076315  -0.0000069980  -0.0000440424  -0.0000245402   0.0000536325
        0.0002248343  -0.0000429274   0.0001485250  -0.0000035886  -0.0000192765
        0.0000032273   0.0000393092  -0.0000506461   0.0000831418  -0.0000107309
        0.0000338625  -0.0000170707  -0.0131127001   0.0086995279  -0.0160377168
       -0.0453248747   0.0203731528   0.0349486851  -0.0125041464   0.0130097495
        0.0001411451   0.0041457803   0.0035415183   0.0001342487  -0.0005732210
       -0.0000434423  -0.0001471328  -0.0000060007  -0.0000412698   0.0000148120
        0.0000410272  -0.0000150950   0.0000133649   0.0000072797   0.0000098604
       -0.0000100980   0.0000102897   0.0000126296   0.0000067672   0.0000109502
       -0.0000014089  -0.0000002042   0.0000100542   0.0000199615   0.0000016880
        0.0000355190   0.0000294552   0.0000204225
       -0.0000268288  -0.0001075742  -0.0001244733   0.0014438138  -0.0006806094
        0.0011510912   0.0032910210   0.0041937418  -0.0071383005  -0.0252937648
        0.0277655832   0.0256779410   0.0611890046  -0.0971000734   0.0312784924
       -0.2618209946   0.3989672685   0.0693457083   0.1456180499  -0.1945080696
        0.0002369021   0.0064123797  -0.0203191085  -0.0618406307   0.0234252371
       -0.0248128889   0.0176215116  -0.0002445294  -0.0003325659  -0.0001296556
        0.0001975521  -0.0000931001   0.0000668784  -0.0000206506  -0.0001509548
        0.0000720522   0.0000086475   0.0001042902  -0.0000157767   0.0000203477
        0.0000031087  -0.0000013231   0.0000487123   0.0000181137  -0.0000371436
       -0.0003272466  -0.0001024729  -0.0000049739  -0.0000056037   0.0000060563
        0.0000383724   0.0000229301  -0.0000809491   0.0000514850  -0.0000404853
       -0.0000054748  -0.0000189586   0.0136000406  -0.0091424577   0.0166167200
        0.0202546719  -0.0781336675  -0.0901424469   0.0084136688  -0.0088129810
        0.0001620614   0.0036994448   0.0033351250  -0.0031388577   0.0002563903
       -0.0000258883   0.0003738660   0.0000078597   0.0000375541  -0.0000121134
       -0.0000337888   0.0000060068  -0.0000130570   0.0000070932   0.0000016106
        0.0000004897  -0.0000079111  -0.0000139383  -0.0000027203  -0.0000125716
        0.0000072056  -0.0000021267  -0.0000068175  -0.0000087627   0.0000156137
       -0.0000756723  -0.0000141273  -0.0000866273
       -0.0000667170   0.0007762223   0.0005514166  -0.0014486948   0.0010483235
       -0.0016085380   0.0004787062  -0.0052049152   0.0003251893  -0.0002379667
       -0.0138289977  -0.0630712516  -0.1342556377   0.0855771987  -0.2425190357
        0.0661535428   0.0693457083   0.6504746455   0.0416544096  -0.0549027881
       -0.0962803378   0.0229259648  -0.0206289168   0.0111707035  -0.0146948410
        0.0144249297  -0.0064793504   0.0006416690  -0.0006391885  -0.0006117737
       -0.0002090291   0.0002210274  -0.0001414227   0.0000780877   0.0002035370
       -0.0000402042  -0.0001063491  -0.0001853284   0.0001461657   0.0000257506
        0.0000061798  -0.0001056485   0.0000114755  -0.0001041152   0.0001653155
        0.0001689126   0.0000701131   0.0003137224  -0.0000496173  -0.0000414400
        0.0000970722  -0.0001114140   0.0001268287  -0.0001760303   0.0001080076
       -0.0000047875   0.0001462437   0.0006644880  -0.0003745579   0.0020658881
        0.0347971306  -0.0899393745  -0.2516265723  -0.0168033055   0.0172598358
        0.0012262730   0.0005572957  -0.0035064776  -0.0046079568  -0.0004857092
        0.0004092445   0.0007909945  -0.0000147483  -0.0000626246   0.0000012520
        0.0000848156  -0.0000312497   0.0000011000   0.0000244926   0.0000011520
       -0.0000326657   0.0000212750   0.0000073725   0.0000004758   0.0000317499
       -0.0000110786   0.0000000411  -0.0000184534   0.0000069056  -0.0000097802
        0.0000747092  -0.0000187385  -0.0001659313
        0.0000782973  -0.0001651927  -0.0000057790   0.0003595291  -0.0003767264
        0.0003184440   0.0000608893   0.0005974808  -0.0023717606  -0.0168445760
        0.0151571892   0.0228388355  -0.0322161446   0.0211467753  -0.0466264309
       -0.1790862271   0.1456180499   0.0416544096   0.3914362680  -0.2643904388
        0.0755973395  -0.0769558263   0.0302301798   0.0003308128   0.0237112722
       -0.0223891148   0.0012024344  -0.0000192677   0.0002553860   0.0001566072
        0.0001503994  -0.0000475532   0.0000462773  -0.0000321395  -0.0000894104
        0.0000157667  -0.0000246306   0.0000869394  -0.0000178400   0.0000262654
        0.0000049439   0.0000051029   0.0000440564  -0.0000283188  -0.0000517942
       -0.0001815815   0.0000567965  -0.0000354027  -0.0000051045   0.0000120473
        0.0000085639   0.0000436826  -0.0000791474   0.0000646845  -0.0000156616
        0.0000126905  -0.0000157850   0.0028008826   0.0044376238  -0.0036081303
       -0.0035418355   0.0049037171   0.0019096723  -0.1082982309   0.0506832839
       -0.1060862829  -0.0043339731   0.0097644570   0.0187539083   0.0028680392
        0.0047227554  -0.0040683929   0.0000321923  -0.0000228921   0.0000141326
       -0.0000194728  -0.0000081413  -0.0000051238  -0.0000065810  -0.0000082760
        0.0000028135  -0.0000079202  -0.0000075862  -0.0000010074  -0.0000009344
        0.0000058595  -0.0000025048  -0.0000062849  -0.0000232856   0.0000121767
       -0.0000153814  -0.0000600913  -0.0000357473
       -0.0000676860   0.0001658139   0.0000080800  -0.0003256312   0.0002739025
       -0.0001290914  -0.0004611317  -0.0004634373   0.0017132405   0.0165760761
       -0.0276801654  -0.0265046946   0.0321899473  -0.0162531979   0.0565108149
        0.1305723097  -0.1945080696  -0.0549027881  -0.2643904388   0.3928875286
        0.0555260358   0.0438203181  -0.1054320654  -0.0589370418  -0.0322581631
        0.0300065090  -0.0172393784   0.0000205455  -0.0001696183  -0.0001477516
       -0.0002314257   0.0000402978   0.0000028810   0.0000483088   0.0001440049
       -0.0000501971   0.0000650873  -0.0001399089   0.0000275993  -0.0000266784
        0.0000061989  -0.0000126310  -0.0001000421   0.0000182899   0.0000996655
        0.0003550367  -0.0000463324   0.0000994278   0.0000103026  -0.0000369027
        0.0000091119  -0.0000449645   0.0000715623  -0.0000594807   0.0000260675
       -0.0000127910   0.0000208830   0.0042256297   0.0038323586   0.0007795515
        0.0092263876  -0.0095270602  -0.0036804885   0.0507900043  -0.0671258031
        0.0655200227   0.0055777596  -0.0099163246  -0.0202355327   0.0043937253
        0.0036239910   0.0015442858  -0.0000331609   0.0000407136  -0.0000182626
        0.0000142603   0.0000199932   0.0000139560   0.0000123000   0.0000091084
       -0.0000066230   0.0000114120   0.0000182753   0.0000034369  -0.0000066931
        0.0000100158   0.0000007913   0.0000192173   0.0000439907  -0.0000151357
       -0.0000086803   0.0000991225   0.0000593133
        0.0000055291  -0.0000972203  -0.0000739196   0.0008151809  -0.0007617675
        0.0007467516  -0.0019265829   0.0027541734  -0.0031595589   0.0231754192
       -0.0256652514  -0.0182090572  -0.0056865341   0.0147884066   0.0368698629
       -0.0137602208   0.0002369021  -0.0962803378   0.0755973395   0.0555260358
        0.6459363578   0.0552394258  -0.1145797278  -0.2854642879  -0.0397042944
        0.0238945368  -0.0649843504  -0.0003453314   0.0003167769  -0.0000154424
       -0.0001711374  -0.0000878483   0.0001707725   0.0000309212   0.0001125679
       -0.0000134995   0.0000344079  -0.0000990295   0.0000126280   0.0000097842
        0.0000014820  -0.0000148159  -0.0001420640   0.0000364261   0.0001206352
        0.0001883582   0.0000487236   0.0000960149   0.0000145421  -0.0000803718
        0.0001058204   0.0000016497  -0.0000378533   0.0000439248   0.0000010345
       -0.0000059102  -0.0000109933  -0.0041953653   0.0012311691  -0.0028012855
        0.0188295870  -0.0206772305  -0.0059449198  -0.1060155316   0.0655880332
       -0.1995690060   0.0018425707  -0.0033033040  -0.0048093952  -0.0036719762
        0.0008669689  -0.0026107094   0.0000104988  -0.0000176847  -0.0000183573
       -0.0000220864  -0.0000048921   0.0000204080  -0.0000103921  -0.0000051517
        0.0000085093  -0.0000038051   0.0000021486   0.0000005350   0.0000072823
        0.0000046147  -0.0000024084  -0.0000243343  -0.0000340736   0.0000117671
       -0.0001238753   0.0000483509  -0.0001616431
       -0.0001326307  -0.0007325533  -0.0004495196  -0.0004823668   0.0011095467
       -0.0007365749   0.0023757964   0.0036029472   0.0028950579  -0.0317130875
        0.0288064532  -0.0082784787  -0.0035503049  -0.0036921636  -0.0110969406
        0.0005347900   0.0064123797   0.0229259648  -0.0769558263   0.0438203181
        0.0552394258   0.3976364114  -0.2698836449   0.0650488139  -0.1363059108
        0.0622702631  -0.1342781592   0.0005228305   0.0002818719   0.0001659002
        0.0000361643   0.0000336309  -0.0000975380  -0.0000244659  -0.0000818321
       -0.0000159447  -0.0000718658   0.0000420092   0.0000240306   0.0000364258
        0.0000066661  -0.0000281324   0.0000931168  -0.0000456474  -0.0000828552
       -0.0001527501   0.0000623628   0.0000771836  -0.0000531597   0.0000357370
        0.0000113838   0.0000955984  -0.0001360548   0.0001321908  -0.0000746890
        0.0000978885  -0.0001230366   0.0004065841  -0.0005677264  -0.0002736259
        0.0010494644   0.0068061253   0.0001580600   0.0017539745  -0.0053782358
       -0.0150180791  -0.1570872551   0.1287108285   0.0212959907   0.0020833391
       -0.0014509243   0.0025432216   0.0000344638  -0.0000509856   0.0000258935
        0.0000281553  -0.0000091549  -0.0000030984   0.0000030164  -0.0000057879
       -0.0000083747   0.0000033421  -0.0000013777   0.0000017580   0.0000125218
       -0.0000020359   0.0000010201  -0.0000004450  -0.0000083005  -0.0000016771
       -0.0001012374  -0.0000526032  -0.0000538603
        0.0002130181  -0.0000541730  -0.0000787630   0.0024020154  -0.0010811186
        0.0016191005   0.0057711816   0.0006355062  -0.0034161838   0.0171089407
       -0.0158046899   0.0173331422  -0.0048092796  -0.0008910070  -0.0018434520
        0.0164501052  -0.0203191085  -0.0206289168   0.0302301798  -0.1054320654
       -0.1145797278  -0.2698836449   0.4033193408   0.0613324183   0.0747273038
       -0.0983554967   0.0866029161  -0.0004519266   0.0002781904   0.0005463257
        0.0000879863  -0.0001011136   0.0000792290  -0.0000864247  -0.0000613503
        0.0000105085   0.0000546460   0.0000588410  -0.0000755285  -0.0000391450
       -0.0000116217   0.0000703404  -0.0000639976   0.0000458459  -0.0000773953
        0.0000210479  -0.0000786585  -0.0001268514   0.0000075068  -0.0000022330
       -0.0000668377  -0.0000018051   0.0000417315   0.0000174293   0.0000124495
       -0.0000298910   0.0000076056  -0.0005721480   0.0003704662   0.0001857381
        0.0067478592   0.0006124837  -0.0016631807  -0.0012448772   0.0033921638
        0.0088480696   0.1287958952  -0.1701045185  -0.0250758334  -0.0054478435
        0.0034416715  -0.0091274853  -0.0000255290   0.0000527177   0.0000007771
       -0.0000422996   0.0000084775   0.0000114283  -0.0000091267  -0.0000070394
        0.0000200554  -0.0000051552  -0.0000012220  -0.0000089181  -0.0000176625
        0.0000016026  -0.0000010136   0.0000085483   0.0000068155   0.0000031386
        0.0000621814   0.0000694528   0.0000818647
        0.0002338870   0.0001919607   0.0004068340  -0.0017709056   0.0013483520
       -0.0011969271   0.0036290635  -0.0062456667   0.0042208722  -0.0470465217
        0.0550627569   0.0352230146  -0.0151336554   0.0009694086  -0.0594127273
        0.0649458556  -0.0618406307   0.0111707035   0.0003308128  -0.0589370418
       -0.2854642879   0.0650488139   0.0613324183   0.6389065224  -0.0803394603
        0.0347146482  -0.2455924783   0.0006024606  -0.0002444691   0.0001113197
        0.0003310756   0.0000809567  -0.0002808825  -0.0000818545  -0.0002046285
        0.0000428917  -0.0001334526   0.0001845218   0.0000287587   0.0000034246
        0.0000070850  -0.0000193726   0.0003305672  -0.0000991087  -0.0002556943
       -0.0004105801   0.0000414194  -0.0000393057  -0.0000155159   0.0000332854
       -0.0000454711  -0.0000262079   0.0000530764  -0.0000865433   0.0000603363
       -0.0000052540   0.0001399552  -0.0000250980   0.0001299085  -0.0006110784
       -0.0004127292  -0.0013425356   0.0013123124   0.0020343276  -0.0082106589
       -0.0250672875   0.0213924135  -0.0251031687  -0.0482203427  -0.0136199597
        0.0082076664  -0.0253371992   0.0000207095  -0.0000276091   0.0000496745
        0.0000400726  -0.0000101687  -0.0000260454   0.0000074774   0.0000022594
       -0.0000113347   0.0000084513   0.0000130152   0.0000077246   0.0000116141
       -0.0000002544   0.0000067648  -0.0000037067   0.0000153410   0.0000126603
       -0.0000117154  -0.0001168850   0.0000269695
       -0.0010029288  -0.0011070874  -0.0012453560   0.0048112015   0.0002942488
       -0.0004764276  -0.0279827786   0.0282587562  -0.0183171997  -0.1641879274
        0.1122299222   0.0052672518   0.0008026587   0.0129168151   0.0536809646
       -0.0320178617   0.0234252371  -0.0146948410   0.0237112722  -0.0322581631
       -0.0397042944  -0.1363059108   0.0747273038  -0.0803394603   0.3840497547
       -0.2562472840   0.0757006515  -0.0007490807   0.0008494970   0.0003230529
       -0.0002033009  -0.0000941391   0.0005117091   0.0000236654   0.0002911589
       -0.0001027419   0.0002606938  -0.0002822579  -0.0000557365  -0.0000223919
        0.0000003828   0.0000353039  -0.0005342415   0.0000960042   0.0002119306
        0.0008423790   0.0000018428  -0.0001754246  -0.0000325143  -0.0001176126
        0.0002130484   0.0001412308  -0.0002423798   0.0003132151  -0.0001192257
        0.0001342381  -0.0002760371   0.0035967926   0.0031454268   0.0001056117
       -0.0001746257   0.0002231874  -0.0002672893   0.0040090062   0.0034428089
        0.0004808880  -0.0129329865   0.0096531241  -0.0163141010  -0.0447901627
        0.0209884611   0.0351266804   0.0000059204  -0.0000015524  -0.0000182137
       -0.0000656196  -0.0000140776   0.0000230331  -0.0000078173   0.0000080766
        0.0000176325  -0.0000081311   0.0000019854  -0.0000069608  -0.0000146336
        0.0000103828  -0.0000037750   0.0000201420  -0.0000047741   0.0000130995
       -0.0011225784  -0.0003295323  -0.0000262142
        0.0006325172   0.0005812843   0.0008377732  -0.0027129602   0.0006983941
       -0.0011332218   0.0211633228  -0.0178022783   0.0144312559   0.1257449650
       -0.1734662471  -0.0083342364   0.0056729195  -0.0170593808  -0.0537247947
        0.0239103393  -0.0248128889   0.0144249297  -0.0223891148   0.0300065090
        0.0238945368   0.0622702631  -0.0983554967   0.0347146482  -0.2562472840
        0.3785758939   0.0544378692   0.0008884675  -0.0004359891  -0.0003782825
        0.0002003783   0.0002236106  -0.0003660127  -0.0000085573  -0.0000890096
        0.0000079598  -0.0001442254   0.0000755786   0.0001259604  -0.0000200326
        0.0000350605  -0.0000231936   0.0001060257   0.0000264496  -0.0001845217
        0.0001146560  -0.0006506675  -0.0001172546   0.0000043894   0.0001608997
       -0.0002617259  -0.0000724572   0.0000976583  -0.0001450655   0.0001058157
       -0.0000551538   0.0002147837   0.0035750548   0.0030409280  -0.0030665702
       -0.0000856270  -0.0002787828   0.0005172731   0.0033789263   0.0030867010
       -0.0033830298   0.0136858932  -0.0091025836   0.0165735626   0.0204330134
       -0.0751923470  -0.0891636394  -0.0000639567   0.0000671582   0.0000364540
        0.0000383411   0.0000240784  -0.0000286003   0.0000142299  -0.0000081147
       -0.0000327050   0.0000276719   0.0000195515   0.0000023388  -0.0000040087
        0.0000059403   0.0000116193   0.0000085668   0.0000747788  -0.0000399371
       -0.0002275329   0.0005084649   0.0001518266
       -0.0015376115  -0.0013764366  -0.0017473567  -0.0001405176   0.0025605384
       -0.0019022099  -0.0255072774   0.0221057481  -0.0013354816   0.0453103795
       -0.0512376255  -0.0910404584   0.0225741589  -0.0195276037   0.0110731471
       -0.0184878225   0.0176215116  -0.0064793504   0.0012024344  -0.0172393784
       -0.0649843504  -0.1342781592   0.0866029161  -0.2455924783   0.0757006515
        0.0544378692   0.6642198665  -0.0002835234   0.0009202794   0.0006157161
       -0.0000022580  -0.0002665709   0.0002366132  -0.0000525463  -0.0000721068
        0.0000122293   0.0001799707   0.0000261521  -0.0001598769  -0.0000352660
       -0.0000308555   0.0001172276  -0.0001944535   0.0000651774   0.0000057031
       -0.0000012357   0.0001837972  -0.0002868843  -0.0000176792  -0.0000355013
        0.0001133467   0.0001563079  -0.0001467299   0.0001653070  -0.0003252800
        0.0002448150  -0.0006298056   0.0004875691  -0.0035128592  -0.0045811069
       -0.0002696444   0.0005750117   0.0007646608   0.0002205808  -0.0028635900
       -0.0045724011   0.0003693501  -0.0000561451   0.0018946380   0.0351626186
       -0.0890397521  -0.2563245966   0.0000091271   0.0000302632  -0.0000424356
       -0.0000920616   0.0000184154   0.0000414272  -0.0000291523  -0.0000065183
        0.0000557687  -0.0000311571  -0.0000181020  -0.0000046147  -0.0000298942
        0.0000021192  -0.0000017840  -0.0000003598  -0.0000383834   0.0000280900
       -0.0000572488   0.0000735446   0.0003414498
        0.0052477679  -0.0039835362  -0.0006762471  -0.1082897997  -0.0318916392
        0.0568021606  -0.0665178906  -0.0058558141   0.0143316287   0.0036993353
       -0.0028266783   0.0061710543  -0.0009948556  -0.0000919561  -0.0013247821
        0.0001557197  -0.0002445294   0.0006416690  -0.0000192677   0.0000205455
       -0.0003453314   0.0005228305  -0.0004519266   0.0006024606  -0.0007490807
        0.0008884675  -0.0002835234   0.5267321131  -0.1044194471  -0.1554052739
       -0.2234086989   0.1324066418   0.0378218194  -0.0524270386  -0.0248851428
        0.0419750166  -0.0157551572   0.0309344455  -0.0100023593  -0.0003480754
       -0.0004483997   0.0009799456   0.0275041751  -0.0203443743  -0.0057713096
       -0.0857677573   0.0048488716   0.0141176040  -0.0005329673   0.0014473847
       -0.0019163624   0.0000382647  -0.0004392405   0.0004677149   0.0001586891
        0.0003461631  -0.0004102020  -0.0002275355  -0.0004943622  -0.0006047179
        0.0000151483  -0.0001188837  -0.0001196251  -0.0000363232   0.0000290912
       -0.0001283347  -0.0000653102   0.0000551655   0.0000278364   0.0000965231
       -0.0000786117  -0.0001123096  -0.0038566632   0.0045239965  -0.0004932607
       -0.0009476293  -0.0004985264   0.0053134745   0.0000669184  -0.0001654329
       -0.0000470195  -0.0000025538  -0.0000196607  -0.0002882944   0.0002458954
       -0.0001369343   0.0000444879  -0.0008974282  -0.0010505703   0.0060966767
       -0.0036393483   0.0229448937  -0.0074645958
       -0.0088945843  -0.0040326287   0.0148026703  -0.0296507318  -0.0835477253
        0.0311706251  -0.0092452504   0.0183293396   0.0112395087   0.0011833521
       -0.0043751705  -0.0054200760  -0.0008933041   0.0006771856  -0.0005155441
        0.0001538193  -0.0003325659  -0.0006391885   0.0002553860  -0.0001696183
        0.0003167769   0.0002818719   0.0002781904  -0.0002444691   0.0008494970
       -0.0004359891   0.0009202794  -0.1044194471   0.5359227662  -0.1601964648
        0.0830040258  -0.1456239033   0.0051284864   0.0231617629   0.0457960814
       -0.0332912470   0.0304418726  -0.0455199526   0.0017803670  -0.0007396152
       -0.0004796062   0.0003181868  -0.0641578161  -0.0197920905   0.0486222209
        0.0535953655  -0.2647478041   0.0745199628   0.0005899797  -0.0002863913
        0.0027775522   0.0006112029   0.0001990641  -0.0010240314  -0.0002424523
        0.0000886977   0.0006390733  -0.0003902198  -0.0001713786  -0.0002694495
       -0.0001191647   0.0000316289  -0.0001971123  -0.0000688255  -0.0000301045
       -0.0000269650  -0.0000401787  -0.0000063324   0.0000207262   0.0000948966
       -0.0001311098   0.0000008618   0.0217010496  -0.0179344279  -0.0042813928
       -0.0009784414   0.0014345840   0.0035984647  -0.0003303371   0.0002696274
       -0.0001600309  -0.0001682523   0.0002981948   0.0002820161  -0.0001656406
        0.0000809760  -0.0002343320  -0.0006919363   0.0013019530   0.0038509126
        0.0052721158  -0.0170914901   0.0065116118
        0.0123885203   0.0158979602  -0.0180707992   0.0464078885   0.0352036735
       -0.1126674349   0.0146181863   0.0025458474   0.0138335056  -0.0014364853
       -0.0023008078  -0.0027630387  -0.0004975467  -0.0001404526   0.0001480480
        0.0000207171  -0.0001296556  -0.0006117737   0.0001566072  -0.0001477516
       -0.0000154424   0.0001659002   0.0005463257   0.0001113197   0.0003230529
       -0.0003782825   0.0006157161  -0.1554052739  -0.1601964648   0.3056440872
        0.0595392869  -0.0234348092  -0.0744730564   0.0200421038  -0.0089929018
       -0.0053360831  -0.0100463993   0.0026271673  -0.0013494875   0.0003528404
        0.0003933019  -0.0011319121   0.0182607004   0.0209959130  -0.0193088726
       -0.0079413854   0.1040907006  -0.0911591677  -0.0006301429   0.0030850814
       -0.0033025745   0.0001086142   0.0007813548  -0.0008714921   0.0010725377
        0.0003363842  -0.0000883806  -0.0004929018  -0.0002596405  -0.0000698521
       -0.0000346330   0.0000783957  -0.0000694393  -0.0000176987  -0.0000845820
        0.0000404852   0.0000266140  -0.0000612454  -0.0000454597   0.0000630100
       -0.0000416342  -0.0000119702  -0.0081064544   0.0067333679   0.0028454389
        0.0060409079   0.0037388443   0.0028707320   0.0002202464  -0.0000403333
       -0.0000282724   0.0000733943  -0.0001223357   0.0000586633  -0.0000694312
        0.0000130258   0.0001493315   0.0052734404   0.0038201500   0.0030542512
       -0.0004762163  -0.0045565967   0.0020029305
       -0.0008967810   0.0014060171  -0.0004630219  -0.0335460673   0.0043419960
        0.0142434219   0.0020845705  -0.0035275783   0.0014321103  -0.0004088769
        0.0008498039  -0.0000885103   0.0007077983   0.0000428128   0.0006702234
       -0.0003021878   0.0001975521  -0.0002090291   0.0001503994  -0.0002314257
       -0.0001711374   0.0000361643   0.0000879863   0.0003310756  -0.0002033009
        0.0002003783  -0.0000022580  -0.2234086989   0.0830040258   0.0595392869
        0.5321482575  -0.0913423333  -0.1954397574  -0.2044628174  -0.0230586126
        0.1047552412   0.0307227848  -0.0680554870   0.0154641371   0.0020230152
        0.0029369589   0.0011607112  -0.0503889918   0.0035915464   0.0237947490
        0.0104855852   0.0646430155  -0.0361454431  -0.0000515055  -0.0000282529
       -0.0000568609  -0.0003599860   0.0005254112  -0.0000824248   0.0001485082
        0.0000358605  -0.0000239453  -0.0001127412  -0.0001600981  -0.0001828303
        0.0000704674   0.0000401108   0.0000661905   0.0000545497  -0.0000405408
        0.0000577209   0.0000661280  -0.0000625260  -0.0000026886   0.0000207367
       -0.0000195306  -0.0000563993  -0.0449694969   0.0298278247  -0.0078279832
       -0.0209410133  -0.0072676579   0.0162732181  -0.0007665417  -0.0002380704
        0.0007818927   0.0005411108   0.0004036155   0.0001681433   0.0000280635
        0.0002487744  -0.0002343531  -0.0005026483  -0.0000208431   0.0001429472
        0.0020335152   0.0016692664   0.0021055731
        0.0000443274  -0.0015532442   0.0001838005  -0.0016946904   0.0077486527
       -0.0019361256  -0.0052502879  -0.0010898220   0.0002971339   0.0007716351
       -0.0001596426   0.0013688502  -0.0001070990  -0.0002314609  -0.0003155408
        0.0000529354  -0.0000931001   0.0002210274  -0.0000475532   0.0000402978
       -0.0000878483   0.0000336309  -0.0001011136   0.0000809567  -0.0000941391
        0.0002236106  -0.0002665709   0.1324066418  -0.1456239033  -0.0234348092
       -0.0913423333   0.5767014231  -0.1777438681  -0.0860034405  -0.1201862006
        0.0866181651  -0.0198873366  -0.0198837814   0.0216903928   0.0018340841
       -0.0027652438   0.0038838482   0.0040637499   0.0013412139  -0.0056681962
        0.0230753946  -0.0377038837   0.0063694042   0.0001397173  -0.0001286175
        0.0002371078  -0.0007944278  -0.0005875427   0.0008871274  -0.0001726675
        0.0003838041   0.0001210240  -0.0000707950   0.0002450297   0.0000172036
        0.0000054451  -0.0000076479  -0.0000434437  -0.0000379928   0.0000427846
       -0.0000622978  -0.0000690092   0.0000652351  -0.0000159131  -0.0000335042
        0.0000468021   0.0000653901   0.0300987565  -0.2578324268   0.0915896783
        0.0116186248   0.0051528209  -0.0089994781  -0.0006302530  -0.0005932221
        0.0006327039  -0.0002748448  -0.0001216191   0.0004894498   0.0004460202
       -0.0000360851  -0.0001918614  -0.0000753940   0.0007624735  -0.0003871361
        0.0019948050  -0.0040555906   0.0043998254
        0.0006831140   0.0007319332  -0.0001022189   0.0140072033  -0.0084657506
       -0.0046155582   0.0037086989   0.0021975662   0.0006112563  -0.0009572246
        0.0001025964  -0.0014427220   0.0001288474   0.0000061877   0.0002648599
       -0.0000800702   0.0000668784  -0.0001414227   0.0000462773   0.0000028810
        0.0001707725  -0.0000975380   0.0000792290  -0.0002808825   0.0005117091
       -0.0003660127   0.0002366132   0.0378218194   0.0051284864  -0.0744730564
       -0.1954397574  -0.1777438681   0.3176324529   0.1363156937   0.0515684834
       -0.1516255293  -0.0084006448   0.0491437086  -0.0198472833   0.0017759384
        0.0037706952   0.0046900608   0.0250388920  -0.0055887902  -0.0161445185
       -0.0171412754  -0.0187479635   0.0204674576   0.0001047172  -0.0000345360
        0.0000209537   0.0007056775  -0.0000840287  -0.0008668605   0.0003270147
        0.0001192053   0.0000560770  -0.0001481032   0.0000883822   0.0000967377
       -0.0000247084   0.0000056009   0.0000324227   0.0000012865   0.0000071569
        0.0000138865   0.0000143736  -0.0000173472   0.0000123728  -0.0000104819
        0.0000012214  -0.0000035566  -0.0084566817   0.0919239587  -0.0738960808
        0.0067613026   0.0019408690  -0.0043146981  -0.0003634680  -0.0005676123
        0.0007082211   0.0008963567   0.0007182424  -0.0011816261   0.0001395988
       -0.0002190634   0.0000928585   0.0001774863  -0.0004832566  -0.0001225624
        0.0019539461   0.0047149470   0.0039515733
        0.0004303556  -0.0007514360  -0.0002012021   0.0006976848   0.0052547544
        0.0020465817  -0.0017344920  -0.0010553074  -0.0006587707   0.0001226814
        0.0002371241   0.0004839585  -0.0001429345   0.0000698467  -0.0000420563
        0.0000304400  -0.0000206506   0.0000780877  -0.0000321395   0.0000483088
        0.0000309212  -0.0000244659  -0.0000864247  -0.0000818545   0.0000236654
       -0.0000085573  -0.0000525463  -0.0524270386   0.0231617629   0.0200421038
       -0.2044628174  -0.0860034405   0.1363156937   0.5515019461  -0.1001391843
       -0.2043813340  -0.0863153142   0.0612699884  -0.0096427733  -0.0005672823
       -0.0184489508   0.0107127428   0.0109524760   0.0232481689  -0.0169911603
       -0.0068725805  -0.0193275998   0.0106903503   0.0001572121   0.0000193096
       -0.0001290398  -0.0001069528  -0.0002414726   0.0002341097  -0.0000834586
        0.0000946910   0.0000928142  -0.0000528419  -0.0000254620  -0.0000169116
       -0.0000116733  -0.0000202795  -0.0000015435   0.0000071047   0.0000028943
       -0.0000092670   0.0000013047   0.0000010948   0.0000053728   0.0000224592
       -0.0000405495  -0.0000342532   0.0017110315   0.0001351920  -0.0001666656
       -0.2087297125   0.1142787638   0.0439402127  -0.0006396148  -0.0014038452
        0.0011452969  -0.0024679400  -0.0021889624   0.0025107064   0.0008619398
       -0.0019366484   0.0006493884  -0.0023452801   0.0045307593   0.0035088878
        0.0004962376  -0.0006538879  -0.0000778505
        0.0000000619  -0.0008482440   0.0001523215   0.0064985097   0.0008637544
       -0.0000864383  -0.0001463725   0.0006032160  -0.0003906315  -0.0000103567
        0.0001043167   0.0000650439  -0.0003992501  -0.0000673421  -0.0001658230
        0.0001546366  -0.0001509548   0.0002035370  -0.0000894104   0.0001440049
        0.0001125679  -0.0000818321  -0.0000613503  -0.0002046285   0.0002911589
       -0.0000890096  -0.0000721068  -0.0248851428   0.0457960814  -0.0089929018
       -0.0230586126  -0.1201862006   0.0515684834  -0.1001391843   0.5653396149
       -0.1678655724  -0.0016638260  -0.2717216598   0.1125817665  -0.0032428449
       -0.0146021796   0.0109959702   0.0662210568  -0.0375398678  -0.0182048744
       -0.0191980572  -0.0349563509   0.0252421084  -0.0000097746   0.0001204521
        0.0000273959   0.0000811115  -0.0000215434   0.0001025303  -0.0000324404
        0.0000003832   0.0000168183  -0.0000006146   0.0000706482  -0.0000142013
       -0.0000061082  -0.0000117489  -0.0000465119  -0.0000154688   0.0000345059
       -0.0000353322  -0.0000590903   0.0000301723  -0.0000149107  -0.0000091885
        0.0000013986   0.0000158349  -0.0187964855  -0.0132693130   0.0184364092
        0.1142023915  -0.1186078086  -0.0244241086   0.0001983375  -0.0007514684
       -0.0006033056  -0.0011225720  -0.0008297717   0.0009534918   0.0015913785
        0.0007314304  -0.0010721387   0.0042908021  -0.0001427879   0.0014873725
       -0.0005628128   0.0000176224   0.0002318339
       -0.0004308982  -0.0001516640   0.0005019626   0.0003976404   0.0004269555
        0.0062399057   0.0032874527  -0.0008002945  -0.0013746745  -0.0003151725
        0.0004434469  -0.0002623422   0.0002262734  -0.0000321501   0.0001043717
       -0.0001000115   0.0000720522  -0.0000402042   0.0000157667  -0.0000501971
       -0.0000134995  -0.0000159447   0.0000105085   0.0000428917  -0.0001027419
        0.0000079598   0.0000122293   0.0419750166  -0.0332912470  -0.0053360831
        0.1047552412   0.0866181651  -0.1516255293  -0.2043813340  -0.1678655724
        0.3179349418   0.0215115296   0.0757770398  -0.1008465278   0.0028744256
        0.0201712435  -0.0093979211  -0.0385130391   0.0061534735   0.0198506413
        0.0106622644   0.0259655344  -0.0238767741   0.0000037629  -0.0002324530
        0.0001488408  -0.0001258296   0.0000939247   0.0000922503  -0.0000147698
       -0.0000149274  -0.0000908684   0.0000817543   0.0000267501   0.0000214340
        0.0000257959   0.0000103962   0.0000617472   0.0000073881  -0.0000065822
        0.0000243245   0.0000248223  -0.0000054716   0.0000122590  -0.0000271679
        0.0000397765   0.0000282794   0.0090162638   0.0069804080  -0.0078496815
        0.0440833805  -0.0243844447  -0.0472122411   0.0008842110   0.0008505685
       -0.0007493965   0.0015759715   0.0010665552  -0.0012002518  -0.0010180365
        0.0006150390   0.0001281211   0.0037290430   0.0012468813   0.0049435271
       -0.0000930583   0.0002583253  -0.0002717320
        0.0001353267   0.0003846418  -0.0002979058  -0.0032582906  -0.0003069624
        0.0015394368   0.0019429933  -0.0005644866   0.0000481625  -0.0004893011
        0.0002730213  -0.0003840831   0.0000060178   0.0000683012   0.0002129606
       -0.0000173572   0.0000086475  -0.0001063491  -0.0000246306   0.0000650873
        0.0000344079  -0.0000718658   0.0000546460  -0.0001334526   0.0002606938
       -0.0001442254   0.0001799707  -0.0157551572   0.0304418726  -0.0100463993
        0.0307227848  -0.0198873366  -0.0084006448  -0.0863153142  -0.0016638260
        0.0215115296   0.5282367248  -0.0972650363  -0.1752879686  -0.1408688795
       -0.0376280012   0.0642234634  -0.2291609777   0.1362723235   0.0361832905
       -0.0520588651  -0.0246218390   0.0429192050   0.0000487873   0.0000926126
       -0.0001517546   0.0000052148   0.0000036730  -0.0000026503   0.0000599696
       -0.0000034644  -0.0000003568  -0.0000394131  -0.0000653681  -0.0000268014
       -0.0000151271  -0.0000032808   0.0000303385   0.0000366710  -0.0000271974
        0.0000341587   0.0000363123  -0.0000647861  -0.0000029428   0.0000282277
       -0.0000731977  -0.0000760322  -0.0007579245  -0.0007117852   0.0058042904
       -0.0054164519   0.0234379950  -0.0081991709   0.0050139882   0.0010557282
        0.0016265534  -0.0042555762  -0.0064622068   0.0053438820  -0.0238304255
       -0.0064574810   0.0178394291  -0.0035515402   0.0041859963   0.0002028614
       -0.0006466144  -0.0003940655   0.0053825717
       -0.0002229178   0.0001796423   0.0001988744  -0.0011330748  -0.0015329183
        0.0010007754   0.0011555394   0.0002076006  -0.0000804794  -0.0000089018
       -0.0000017752  -0.0001695342   0.0003929322   0.0001111266   0.0001191912
       -0.0001159858   0.0001042902  -0.0001853284   0.0000869394  -0.0001399089
       -0.0000990295   0.0000420092   0.0000588410   0.0001845218  -0.0002822579
        0.0000755786   0.0000261521   0.0309344455  -0.0455199526   0.0026271673
       -0.0680554870  -0.0198837814   0.0491437086   0.0612699884  -0.2717216598
        0.0757770398  -0.0972650363   0.5696557524  -0.1565815556  -0.0400609311
       -0.0861961159   0.0355032573   0.0738864871  -0.1512495187   0.0059085627
        0.0234741917   0.0490607398  -0.0377166141  -0.0000429833  -0.0000057214
        0.0000123441  -0.0000706163   0.0002632273  -0.0000356752  -0.0001270517
       -0.0001049907  -0.0000671313  -0.0000204565  -0.0000549904   0.0000282614
        0.0000164766   0.0000249175   0.0000367983   0.0000213990  -0.0000270876
        0.0000264542   0.0000477548  -0.0000120125   0.0000002620   0.0000057990
        0.0000094042  -0.0000118385  -0.0003179610   0.0014373726   0.0034315788
        0.0052978378  -0.0175336068   0.0062554313   0.0004779376   0.0008687163
        0.0026707156  -0.0212245340  -0.0157755716   0.0196291390   0.0098560356
        0.0052342116  -0.0081259572   0.0229115846  -0.0187719217  -0.0034330594
       -0.0009291624   0.0012401126   0.0039259674
        0.0000141486  -0.0004178117   0.0001255063   0.0029230915   0.0008643745
       -0.0014426758  -0.0018043054   0.0002761308  -0.0000187449   0.0004551588
       -0.0001353688   0.0004406618  -0.0001475659  -0.0000572680  -0.0002382050
        0.0000545571  -0.0000157767   0.0001461657  -0.0000178400   0.0000275993
        0.0000126280   0.0000240306  -0.0000755285   0.0000287587  -0.0000557365
        0.0001259604  -0.0001598769  -0.0100023593   0.0017803670  -0.0013494875
        0.0154641371   0.0216903928  -0.0198472833  -0.0096427733   0.1125817665
       -0.1008465278  -0.1752879686  -0.1565815556   0.3308193236   0.0693770162
        0.0360903581  -0.1161577251   0.0662325473  -0.0292642511  -0.0749506202
        0.0183108178  -0.0102603512  -0.0063958179  -0.0000207240  -0.0000558679
        0.0000773410   0.0000152137  -0.0001124820   0.0000817066   0.0000051162
        0.0000250929  -0.0000139221   0.0000550381   0.0000629917   0.0000159235
       -0.0000099581  -0.0000125728  -0.0000605693  -0.0000392170   0.0000372295
       -0.0000362128  -0.0000486737   0.0000469853   0.0000089819  -0.0000043027
        0.0000258352   0.0000532456   0.0055253608   0.0039317434   0.0032041405
        0.0011196255  -0.0041802426   0.0027762501   0.0212515990   0.0124714897
       -0.0247228139  -0.0024431671   0.0026039647   0.0014886883   0.0013012606
       -0.0025555579   0.0006534192  -0.0083424151   0.0073838656   0.0029582245
        0.0057382879   0.0036984877   0.0033495172
        0.0000318416  -0.0000158565   0.0000284790   0.0000498313  -0.0001620832
       -0.0008366622  -0.0003697838   0.0000901695   0.0001977906   0.0001357391
       -0.0000334071   0.0000374898   0.0000040862  -0.0000105072  -0.0000190517
       -0.0000106781   0.0000203477   0.0000257506   0.0000262654  -0.0000266784
        0.0000097842   0.0000364258  -0.0000391450   0.0000034246  -0.0000223919
       -0.0000200326  -0.0000352660  -0.0003480754  -0.0007396152   0.0003528404
        0.0020230152   0.0018340841   0.0017759384  -0.0005672823  -0.0032428449
        0.0028744256  -0.1408688795  -0.0400609311   0.0693770162   0.4988522814
       -0.0212921172   0.0111114371  -0.0249989126  -0.0065483258   0.0190696490
       -0.0012054695   0.0047111884   0.0023528682   0.0000099027   0.0000038185
        0.0000032961   0.0000156732   0.0000118636  -0.0000039471  -0.0000325129
       -0.0000097425   0.0000088696  -0.0000215774   0.0000280838   0.0000161693
       -0.0000163892  -0.0000066501  -0.0000147983  -0.0000268158   0.0000143525
       -0.0000235100  -0.0000226002   0.0000201355   0.0000038155  -0.0000009725
        0.0000036829   0.0000042348   0.0000219427   0.0001564797  -0.0001013505
        0.0006445286   0.0007602170  -0.0016977373  -0.0622244340  -0.0045849027
       -0.0714269799  -0.0491808740  -0.0313933728  -0.0077112075  -0.2213268228
        0.1026982909  -0.0255293655   0.0004078367  -0.0017011990  -0.0005561722
       -0.0010148980  -0.0004653030   0.0007027695
       -0.0000266751   0.0000124384   0.0000023621   0.0001524889  -0.0000727467
       -0.0006963639  -0.0004678550   0.0001233609   0.0001455955   0.0000940609
       -0.0000836644   0.0000910525   0.0000129657  -0.0000374969  -0.0000648961
        0.0000076315   0.0000031087   0.0000061798   0.0000049439   0.0000061989
        0.0000014820   0.0000066661  -0.0000116217   0.0000070850   0.0000003828
        0.0000350605  -0.0000308555  -0.0004483997  -0.0004796062   0.0003933019
        0.0029369589  -0.0027652438   0.0037706952  -0.0184489508  -0.0146021796
        0.0201712435  -0.0376280012  -0.0861961159   0.0360903581  -0.0212921172
        0.5136744038   0.0036164764   0.0079239942   0.0050907780  -0.0074097767
        0.0037849310  -0.0001698881   0.0005923145  -0.0000181091   0.0000020665
        0.0000077625   0.0000369278   0.0000577669  -0.0000469398  -0.0000118732
       -0.0000281320  -0.0000239281   0.0000035840   0.0000202183   0.0000158486
       -0.0000068758  -0.0000045063  -0.0000084536  -0.0000217424   0.0000155537
       -0.0000145437  -0.0000221217   0.0000163870   0.0000027678  -0.0000114402
        0.0000079062   0.0000147640  -0.0009993724  -0.0006633612   0.0007791610
       -0.0019217780   0.0004333510  -0.0002246499  -0.0050458599  -0.0421259457
       -0.0225726447  -0.0325656143  -0.2681649344  -0.0464908423   0.1028750590
       -0.1050370389   0.0136574209   0.0004082169   0.0007328529  -0.0013106268
        0.0006879746   0.0002110299  -0.0004713501
        0.0000849519   0.0003531862  -0.0001495844  -0.0016167157  -0.0008175910
       -0.0005350656   0.0003373425   0.0000195262   0.0003133068  -0.0001779051
       -0.0000360716  -0.0002678590   0.0000877429   0.0000500539   0.0001061143
       -0.0000069980  -0.0000013231  -0.0001056485   0.0000051029  -0.0000126310
       -0.0000148159  -0.0000281324   0.0000703404  -0.0000193726   0.0000353039
       -0.0000231936   0.0001172276   0.0009799456   0.0003181868  -0.0011319121
        0.0011607112   0.0038838482   0.0046900608   0.0107127428   0.0109959702
       -0.0093979211   0.0642234634   0.0355032573  -0.1161577251   0.0111114371
        0.0036164764   0.4717747222   0.0117111336   0.0011687488  -0.0060939651
        0.0021051759   0.0004084798   0.0057103019  -0.0000080929   0.0000549792
       -0.0000439457   0.0000076834  -0.0000125277  -0.0000629505   0.0000448275
        0.0000078405   0.0000425465   0.0000022130  -0.0000404186  -0.0000131777
        0.0000132066   0.0000102053   0.0000525993   0.0000344866  -0.0000315816
        0.0000428883   0.0000381214  -0.0000362447   0.0000004895   0.0000089531
       -0.0000048481  -0.0000198648   0.0003297961   0.0001405608  -0.0004910107
       -0.0006955506  -0.0014710580  -0.0013852108  -0.0667129648  -0.0202379532
       -0.2515419734  -0.0072682125  -0.0474928797  -0.0486605691  -0.0250044712
        0.0140588670  -0.0452166859  -0.0015741381  -0.0005712222  -0.0012817094
        0.0000588400   0.0001290170  -0.0002592898
       -0.0003608591  -0.0010669294   0.0003648321   0.0060843131   0.0023758840
        0.0004488940  -0.0014031653   0.0009941836  -0.0010654209   0.0004522650
       -0.0001082726   0.0006593872   0.0001264022   0.0001176222  -0.0000660530
       -0.0000440424   0.0000487123   0.0000114755   0.0000440564  -0.0001000421
       -0.0001420640   0.0000931168  -0.0000639976   0.0003305672  -0.0005342415
        0.0001060257  -0.0001944535   0.0275041751  -0.0641578161   0.0182607004
       -0.0503889918   0.0040637499   0.0250388920   0.0109524760   0.0662210568
       -0.0385130391  -0.2291609777   0.0738864871   0.0662325473  -0.0249989126
        0.0079239942   0.0117111336   0.5388511262  -0.0880346361  -0.2017518577
       -0.2094049739  -0.0261395467   0.1054087393  -0.0000056158  -0.0001378851
        0.0000765714  -0.0000275586   0.0000371558   0.0001883454  -0.0002055209
       -0.0001079146  -0.0000828201   0.0000819601  -0.0000546379   0.0000028992
        0.0000297851   0.0000080245  -0.0000527191   0.0000053120  -0.0000099818
       -0.0000210139   0.0000054407   0.0000169333  -0.0000355066   0.0000205491
       -0.0000102333  -0.0000541109  -0.0004931819  -0.0001800936   0.0000672065
        0.0022322961   0.0018551198   0.0022530344  -0.0010367016   0.0010076798
       -0.0006045409   0.0003228709   0.0018952004  -0.0002292342  -0.0033852950
       -0.0011101292   0.0028143435  -0.0448900666   0.0281660988  -0.0071438333
       -0.0204660400  -0.0074418120   0.0160870983
       -0.0009537650  -0.0003747781   0.0012141267   0.0023190212  -0.0037774725
        0.0043998682   0.0008504983   0.0003869881  -0.0003541315  -0.0002297795
       -0.0000433790  -0.0003266260   0.0000339494   0.0001093527  -0.0000827783
       -0.0000245402   0.0000181137  -0.0001041152  -0.0000283188   0.0000182899
        0.0000364261  -0.0000456474   0.0000458459  -0.0000991087   0.0000960042
        0.0000264496   0.0000651774  -0.0203443743  -0.0197920905   0.0209959130
        0.0035915464   0.0013412139  -0.0055887902   0.0232481689  -0.0375398678
        0.0061534735   0.1362723235  -0.1512495187  -0.0292642511  -0.0065483258
        0.0050907780   0.0011687488  -0.0880346361   0.5801786327  -0.1773408552
       -0.0880770540  -0.1213841292   0.0881309483   0.0001035589  -0.0001980812
        0.0002823296  -0.0000143929   0.0001409046  -0.0000752898  -0.0000779711
       -0.0000749658  -0.0000625974   0.0000032681  -0.0000696495   0.0000532055
       -0.0000073246   0.0000280548   0.0000522803   0.0000372897  -0.0000083678
        0.0000506109   0.0000437835  -0.0000264123   0.0000145143  -0.0000205342
       -0.0000086538   0.0000253971  -0.0002147229   0.0007326042  -0.0004540250
        0.0021751617  -0.0039420517   0.0045768298  -0.0007261103   0.0003019655
        0.0009706028  -0.0013569216   0.0006546858   0.0006830273  -0.0019821028
       -0.0003471145   0.0019035244   0.0280869908  -0.2555978716   0.0919129264
        0.0118249569   0.0053605244  -0.0089373619
       -0.0001590520  -0.0000584369  -0.0002298990  -0.0005979168   0.0036958859
        0.0056411220   0.0021845211  -0.0013863398  -0.0013401460  -0.0004162998
        0.0006436503  -0.0001091047  -0.0002115314  -0.0001966789   0.0000103874
        0.0000536325  -0.0000371436   0.0001653155  -0.0000517942   0.0000996655
        0.0001206352  -0.0000828552  -0.0000773953  -0.0002556943   0.0002119306
       -0.0001845217   0.0000057031  -0.0057713096   0.0486222209  -0.0193088726
        0.0237947490  -0.0056681962  -0.0161445185  -0.0169911603  -0.0182048744
        0.0198506413   0.0361832905   0.0059085627  -0.0749506202   0.0190696490
       -0.0074097767  -0.0060939651  -0.2017518577  -0.1773408552   0.3185558832
        0.1380382437   0.0525256692  -0.1496353513   0.0000189386  -0.0001507874
        0.0000499959   0.0000057759  -0.0001568405   0.0000557646   0.0000927293
        0.0000864912   0.0000036797  -0.0000322184   0.0001379632  -0.0000179402
        0.0000132967  -0.0000061011   0.0000687277   0.0000055386   0.0000285902
        0.0000003438  -0.0000106318   0.0000107917   0.0000227350  -0.0000185398
        0.0000227538   0.0000270500   0.0002478501  -0.0003856298  -0.0000189355
        0.0020186813   0.0047785580   0.0041152730   0.0011340669  -0.0000140036
        0.0001648827   0.0007261691  -0.0008519559   0.0002034545   0.0028357999
        0.0014245122  -0.0013876370  -0.0075801230   0.0919151490  -0.0758208250
        0.0070404272   0.0022290730  -0.0037480852
       -0.0021309921  -0.0004898920   0.0022616700   0.0026993229  -0.0182358585
        0.0079667179  -0.0014408189  -0.0000405677   0.0013644811  -0.0009948818
       -0.0013722957   0.0003527373  -0.0011059000  -0.0005932904  -0.0008831570
        0.0002248343  -0.0003272466   0.0001689126  -0.0001815815   0.0003550367
        0.0001883582  -0.0001527501   0.0000210479  -0.0004105801   0.0008423790
        0.0001146560  -0.0000012357  -0.0857677573   0.0535953655  -0.0079413854
        0.0104855852   0.0230753946  -0.0171412754  -0.0068725805  -0.0191980572
        0.0106622644  -0.0520588651   0.0234741917   0.0183108178  -0.0012054695
        0.0037849310   0.0021051759  -0.2094049739  -0.0880770540   0.1380382437
        0.5561615992  -0.0955386316  -0.2058369887   0.0002374110  -0.0003927783
        0.0008951941  -0.0001147336   0.0001233253  -0.0000641151  -0.0000113417
        0.0000659137  -0.0000519373  -0.0000913993   0.0000458112   0.0000270039
       -0.0000252121  -0.0000158363  -0.0000027030  -0.0000078669   0.0000313903
       -0.0000133016  -0.0001118341  -0.0000137431   0.0000051061  -0.0001011888
       -0.0000244694   0.0001095225  -0.0024282614   0.0046356162   0.0034192477
        0.0005561422  -0.0006113524  -0.0001111620  -0.0003097698  -0.0003846839
        0.0005391825   0.0004493803   0.0002499456  -0.0003906813  -0.0004773305
       -0.0002120566   0.0008728766   0.0012769064  -0.0003149342  -0.0003802382
       -0.2079380518   0.1162701222   0.0459412484
       -0.0009125074   0.0013467786  -0.0002149012  -0.0145184454  -0.0159564516
        0.0144120759   0.0064832686  -0.0008371936   0.0000559438  -0.0009266799
        0.0007099415  -0.0009986406  -0.0008231752  -0.0001515635   0.0003125181
       -0.0000429274  -0.0001024729   0.0000701131   0.0000567965  -0.0000463324
        0.0000487236   0.0000623628  -0.0000786585   0.0000414194   0.0000018428
       -0.0006506675   0.0001837972   0.0048488716  -0.2647478041   0.1040907006
        0.0646430155  -0.0377038837  -0.0187479635  -0.0193275998  -0.0349563509
        0.0259655344  -0.0246218390   0.0490607398  -0.0102603512   0.0047111884
       -0.0001698881   0.0004084798  -0.0261395467  -0.1213841292   0.0525256692
       -0.0955386316   0.5604985238  -0.1616080166   0.0003220932  -0.0000665331
        0.0002597802   0.0000985228  -0.0000046862  -0.0000984672   0.0002715226
        0.0000505972   0.0000690622  -0.0001923071  -0.0003664665  -0.0002892741
        0.0000010553   0.0000001195  -0.0000120660   0.0000494273  -0.0000087154
        0.0000125041   0.0000176690  -0.0000533742  -0.0000118044   0.0000855865
       -0.0000683373  -0.0001384579   0.0042376943  -0.0000465063   0.0016223328
       -0.0004602788  -0.0000545489   0.0003527510  -0.0000286369  -0.0005600888
        0.0006657028   0.0002774871  -0.0002129758  -0.0001976174   0.0009450084
        0.0003994375  -0.0003339660  -0.0192422742  -0.0134040825   0.0178487379
        0.1156614365  -0.1204344269  -0.0260343200
        0.0023633881   0.0006804778  -0.0016039792   0.0118622853   0.0196180950
       -0.0136384297  -0.0053282335   0.0006599061  -0.0015709203  -0.0000516301
       -0.0000379023   0.0010958339  -0.0002681953  -0.0001166052  -0.0002582349
        0.0001485250  -0.0000049739   0.0003137224  -0.0000354027   0.0000994278
        0.0000960149   0.0000771836  -0.0001268514  -0.0000393057  -0.0001754246
       -0.0001172546  -0.0002868843   0.0141176040   0.0745199628  -0.0911591677
       -0.0361454431   0.0063694042   0.0204674576   0.0106903503   0.0252421084
       -0.0238767741   0.0429192050  -0.0377166141  -0.0063958179   0.0023528682
        0.0005923145   0.0057103019   0.1054087393   0.0881309483  -0.1496353513
       -0.2058369887  -0.1616080166   0.3131483131  -0.0001663841   0.0003528994
       -0.0007414043  -0.0000299512  -0.0000524109   0.0000792273  -0.0001037606
       -0.0001879130   0.0001633134  -0.0000808580  -0.0000626231   0.0000554521
       -0.0000283132  -0.0000514879  -0.0000655495  -0.0000376202   0.0000347598
       -0.0000491922  -0.0000470536   0.0000412106  -0.0000059975  -0.0000751774
        0.0000594338   0.0000399330   0.0034941136   0.0011851000   0.0046980050
       -0.0002030915   0.0002980723  -0.0003023769  -0.0010291629  -0.0000260885
        0.0007254700  -0.0000884277   0.0006141799  -0.0001476027   0.0005295410
        0.0002279288  -0.0005808721   0.0092121071   0.0070979848  -0.0078447271
        0.0465552077  -0.0257154725  -0.0483904572
       -0.1969743122  -0.0242862974   0.1167573717   0.0065570684  -0.0009673175
       -0.0016650468   0.0005004168   0.0003464711  -0.0000986693   0.0000762685
        0.0000834427  -0.0004606599  -0.0000883414   0.0000536866  -0.0001254575
       -0.0000035886  -0.0000056037  -0.0000496173  -0.0000051045   0.0000103026
        0.0000145421  -0.0000531597   0.0000075068  -0.0000155159  -0.0000325143
        0.0000043894  -0.0000176792  -0.0005329673   0.0005899797  -0.0006301429
       -0.0000515055   0.0001397173   0.0001047172   0.0001572121  -0.0000097746
        0.0000037629   0.0000487873  -0.0000429833  -0.0000207240   0.0000099027
       -0.0000181091  -0.0000080929  -0.0000056158   0.0001035589   0.0000189386
        0.0002374110   0.0003220932  -0.0001663841   0.2231725708   0.0272991123
       -0.1363427556  -0.0114833637   0.0010066294   0.0092751356  -0.0216559504
       -0.0043230988   0.0134238712  -0.0000113384   0.0000170575   0.0000386545
       -0.0000150843   0.0000086985  -0.0000088504  -0.0000013260   0.0000042789
        0.0000099875   0.0000005143  -0.0000006384   0.0000022394   0.0000281951
       -0.0000122690  -0.0000107261   0.0000776620  -0.0002259399  -0.0000272104
        0.0000154387   0.0000035558  -0.0000023932   0.0000008295   0.0000053509
        0.0000122195  -0.0000091770  -0.0000154744  -0.0000009047  -0.0000054093
        0.0000089211  -0.0000116794   0.0000138964  -0.0000184432  -0.0000132681
        0.0000325848  -0.0000888033   0.0000143377
       -0.0245926473  -0.0459670808   0.0158524399  -0.0110214752  -0.0037913831
        0.0138279456  -0.0010179971   0.0001796123  -0.0017381339  -0.0000533766
       -0.0001545725   0.0001925714  -0.0000601543   0.0000294340  -0.0000856122
       -0.0000192765   0.0000060563  -0.0000414400   0.0000120473  -0.0000369027
       -0.0000803718   0.0000357370  -0.0000022330   0.0000332854  -0.0001176126
        0.0001608997  -0.0000355013   0.0014473847  -0.0002863913   0.0030850814
       -0.0000282529  -0.0001286175  -0.0000345360   0.0000193096   0.0001204521
       -0.0002324530   0.0000926126  -0.0000057214  -0.0000558679   0.0000038185
        0.0000020665   0.0000549792  -0.0001378851  -0.0001980812  -0.0001507874
       -0.0003927783  -0.0000665331   0.0003528994   0.0272991123   0.0511952546
       -0.0222466642   0.0234962129   0.0014082791  -0.0181675045  -0.0148460927
       -0.0022798045   0.0093016095   0.0000286056  -0.0000517590  -0.0000313038
        0.0000003256  -0.0000031395  -0.0000346118  -0.0000027352  -0.0000120639
       -0.0000238258  -0.0000062918   0.0000023573  -0.0000164634   0.0000543517
       -0.0000787143  -0.0000013925  -0.0001439079  -0.0000418167   0.0001667440
       -0.0000112936   0.0000089861   0.0000182291  -0.0000026112  -0.0000107921
        0.0000142767  -0.0000020417  -0.0000026796  -0.0000079658  -0.0000003385
       -0.0000049420  -0.0000032075  -0.0000346947  -0.0000286432   0.0000242076
        0.0000019456   0.0000384735   0.0000633735
        0.1160136202   0.0164984572  -0.1331394701   0.0211418072   0.0065241964
       -0.0210937486   0.0002505365  -0.0018084073   0.0024233101  -0.0000404115
        0.0004042714  -0.0003329220   0.0000549224  -0.0000475335   0.0002723907
        0.0000032273   0.0000383724   0.0000970722   0.0000085639   0.0000091119
        0.0001058204   0.0000113838  -0.0000668377  -0.0000454711   0.0002130484
       -0.0002617259   0.0001133467  -0.0019163624   0.0027775522  -0.0033025745
       -0.0000568609   0.0002371078   0.0000209537  -0.0001290398   0.0000273959
        0.0001488408  -0.0001517546   0.0000123441   0.0000773410   0.0000032961
        0.0000077625  -0.0000439457   0.0000765714   0.0002823296   0.0000499959
        0.0008951941   0.0002597802  -0.0007414043  -0.1363427556  -0.0222466642
        0.1531978365   0.0100110546  -0.0011337248  -0.0062651354  -0.0100570306
       -0.0016635990   0.0084258126   0.0000534873   0.0000304503   0.0000180532
        0.0000147367  -0.0000051467   0.0000224887  -0.0000018766   0.0000104742
        0.0000017234   0.0000080123   0.0000049729   0.0000248881  -0.0000481306
        0.0000783176   0.0000411842  -0.0001260683  -0.0000091167   0.0000449745
        0.0000140439  -0.0000171008  -0.0000149944  -0.0000013143   0.0000047051
       -0.0000261049   0.0000095354   0.0000185169   0.0000038803   0.0000141480
       -0.0000092763   0.0000028766   0.0000588918   0.0000887822  -0.0000586176
        0.0000155238  -0.0000457680  -0.0000284010
       -0.0685518439   0.0758642992   0.0251791293  -0.0055654408   0.0110603519
       -0.0017160321   0.0001924579   0.0010381010  -0.0007970163  -0.0003621353
       -0.0008179462  -0.0011869773  -0.0002768224   0.0001350089  -0.0000248766
        0.0000393092   0.0000229301  -0.0001114140   0.0000436826  -0.0000449645
        0.0000016497   0.0000955984  -0.0000018051  -0.0000262079   0.0001412308
       -0.0000724572   0.0001563079   0.0000382647   0.0006112029   0.0001086142
       -0.0003599860  -0.0007944278   0.0007056775  -0.0001069528   0.0000811115
       -0.0001258296   0.0000052148  -0.0000706163   0.0000152137   0.0000156732
        0.0000369278   0.0000076834  -0.0000275586  -0.0000143929   0.0000057759
       -0.0001147336   0.0000985228  -0.0000299512  -0.0114833637   0.0234962129
        0.0100110546   0.0796655251  -0.0891121149  -0.0262921070   0.0071064633
       -0.0211999635  -0.0070317032   0.0000121835  -0.0000178363  -0.0000829740
       -0.0000067456   0.0000035830  -0.0000325808  -0.0000093045  -0.0000146196
       -0.0000027558   0.0000097847  -0.0000066977   0.0000126258   0.0000290156
       -0.0000607144   0.0000059147  -0.0004611744  -0.0002420777   0.0012199271
       -0.0000301111  -0.0000111412   0.0000309544  -0.0000056242  -0.0000023561
       -0.0000091713   0.0000089794   0.0000113107  -0.0000041099   0.0000001168
       -0.0000071992   0.0000062833  -0.0000157083   0.0000163076  -0.0000000686
       -0.0000259949   0.0000154604   0.0000069641
        0.0750548478  -0.2337910559  -0.0586075442   0.0104311054  -0.0171422128
        0.0009631172  -0.0010608512  -0.0015176752   0.0001237892   0.0003736446
        0.0010886854   0.0012923626   0.0003518403  -0.0001844993  -0.0000513417
       -0.0000506461  -0.0000809491   0.0001268287  -0.0000791474   0.0000715623
       -0.0000378533  -0.0001360548   0.0000417315   0.0000530764  -0.0002423798
        0.0000976583  -0.0001467299  -0.0004392405   0.0001990641   0.0007813548
        0.0005254112  -0.0005875427  -0.0000840287  -0.0002414726  -0.0000215434
        0.0000939247   0.0000036730   0.0002632273  -0.0001124820   0.0000118636
        0.0000577669  -0.0000125277   0.0000371558   0.0001409046  -0.0001568405
        0.0001233253  -0.0000046862  -0.0000524109   0.0010066294   0.0014082791
       -0.0011337248  -0.0891121149   0.2688599655   0.0646329224   0.0042291283
       -0.0200325610  -0.0083177831   0.0000137352   0.0000471018   0.0001271175
        0.0000050007   0.0000035644   0.0000581357   0.0000253247   0.0000120457
        0.0000207658   0.0000083719  -0.0000067152  -0.0000164374  -0.0000152722
        0.0000552322  -0.0000198050  -0.0008448848   0.0007516418   0.0005984412
        0.0000151097   0.0000424638  -0.0000479786   0.0000119763   0.0000019340
        0.0000011428   0.0000142787   0.0000066386  -0.0000194033  -0.0000195756
        0.0000037203   0.0000002758   0.0000241116   0.0000463532  -0.0000280366
       -0.0000248939   0.0001699001  -0.0000283273
        0.0225869657  -0.0529385414  -0.0538167289  -0.0101735528   0.0219626695
        0.0050212770  -0.0008288112   0.0024828661  -0.0000076358  -0.0006706975
       -0.0016269485  -0.0022207788  -0.0004375596   0.0002648219  -0.0000634544
        0.0000831418   0.0000514850  -0.0001760303   0.0000646845  -0.0000594807
        0.0000439248   0.0001321908   0.0000174293  -0.0000865433   0.0003132151
       -0.0001450655   0.0001653070   0.0004677149  -0.0010240314  -0.0008714921
       -0.0000824248   0.0008871274  -0.0008668605   0.0002341097   0.0001025303
        0.0000922503  -0.0000026503  -0.0000356752   0.0000817066  -0.0000039471
       -0.0000469398  -0.0000629505   0.0001883454  -0.0000752898   0.0000557646
       -0.0000641151  -0.0000984672   0.0000792273   0.0092751356  -0.0181675045
       -0.0062651354  -0.0262921070   0.0646329224   0.0641188979   0.0041881854
       -0.0160671373  -0.0042239545  -0.0000366863   0.0000006728  -0.0000666296
       -0.0000240616   0.0000183030  -0.0000756113  -0.0000243043  -0.0000208602
       -0.0000065895  -0.0000009845  -0.0000055046   0.0000119238  -0.0000054150
       -0.0000796430   0.0000046826   0.0011487691   0.0001670504  -0.0009261521
       -0.0000049872  -0.0000017516   0.0000026928   0.0000116475   0.0000110848
       -0.0000031219  -0.0000128496  -0.0000275583   0.0000130941  -0.0000074804
        0.0000077656   0.0000026671  -0.0000214688  -0.0000417477   0.0000337752
       -0.0000000025  -0.0001445821   0.0000124780
       -0.1678366305  -0.0925263831  -0.0785506394  -0.0099872628  -0.0017476861
       -0.0095127746   0.0003286660   0.0003976496  -0.0031863537  -0.0003038200
        0.0010290960   0.0005988351   0.0000997376  -0.0000636205   0.0000341204
       -0.0000107309  -0.0000404853   0.0001080076  -0.0000156616   0.0000260675
        0.0000010345  -0.0000746890   0.0000124495   0.0000603363  -0.0001192257
        0.0001058157  -0.0003252800   0.0001586891  -0.0002424523   0.0010725377
        0.0001485082  -0.0001726675   0.0003270147  -0.0000834586  -0.0000324404
       -0.0000147698   0.0000599696  -0.0001270517   0.0000051162  -0.0000325129
       -0.0000118732   0.0000448275  -0.0002055209  -0.0000779711   0.0000927293
       -0.0000113417   0.0002715226  -0.0001037606  -0.0216559504  -0.0148460927
       -0.0100570306   0.0071064633   0.0042291283   0.0041881854   0.1925317120
        0.1036446253   0.0951192706  -0.0000166636   0.0000203977   0.0000301098
        0.0000077254  -0.0000048258   0.0000062324   0.0000020253   0.0000179967
       -0.0000077869  -0.0000270309   0.0000217811  -0.0000169856  -0.0000292561
        0.0000258233   0.0000015306   0.0001043354   0.0000496854   0.0000452792
       -0.0000369354  -0.0000068549   0.0000219421  -0.0000138146  -0.0000019078
       -0.0000038259  -0.0000033160   0.0000127182   0.0000034579  -0.0000008536
       -0.0000080828   0.0000083495  -0.0000331098   0.0000000451   0.0000146390
       -0.0000500469   0.0000455931  -0.0000043485
       -0.0904450326  -0.1019985265  -0.0573760947   0.0097937224   0.0071272974
        0.0071810688   0.0010648086  -0.0002499236   0.0023814363   0.0007270263
       -0.0012661819   0.0001005812  -0.0000501168   0.0000144602  -0.0001365715
        0.0000338625  -0.0000054748  -0.0000047875   0.0000126905  -0.0000127910
       -0.0000059102   0.0000978885  -0.0000298910  -0.0000052540   0.0001342381
       -0.0000551538   0.0002448150   0.0003461631   0.0000886977   0.0003363842
        0.0000358605   0.0003838041   0.0001192053   0.0000946910   0.0000003832
       -0.0000149274  -0.0000034644  -0.0001049907   0.0000250929  -0.0000097425
       -0.0000281320   0.0000078405  -0.0001079146  -0.0000749658   0.0000864912
        0.0000659137   0.0000505972  -0.0001879130  -0.0043230988  -0.0022798045
       -0.0016635990  -0.0211999635  -0.0200325610  -0.0160671373   0.1036446253
        0.1188451098   0.0652684124  -0.0000208027  -0.0000339629  -0.0000290523
       -0.0000024980   0.0000039147  -0.0000304466  -0.0000130537  -0.0000024417
       -0.0000115194   0.0000053866  -0.0000053950   0.0000157648  -0.0000159486
        0.0000015191   0.0000190920   0.0000657280  -0.0002953081  -0.0002582814
        0.0000261695  -0.0000091581  -0.0000159627   0.0000000989  -0.0000011622
       -0.0000082390  -0.0000063771  -0.0000048438   0.0000119921   0.0000127704
       -0.0000028239  -0.0000043951   0.0000084348   0.0000071619   0.0000082632
        0.0000279345  -0.0000294529   0.0000136513
       -0.0786798650  -0.0582289480  -0.0946665568  -0.0196197142  -0.0113270307
       -0.0135649196  -0.0016616604   0.0009347105  -0.0050257600  -0.0007667774
        0.0019607711   0.0010399882   0.0001002845  -0.0000468671   0.0001288235
       -0.0000170707  -0.0000189586   0.0001462437  -0.0000157850   0.0000208830
       -0.0000109933  -0.0001230366   0.0000076056   0.0001399552  -0.0002760371
        0.0002147837  -0.0006298056  -0.0004102020   0.0006390733  -0.0000883806
       -0.0000239453   0.0001210240   0.0000560770   0.0000928142   0.0000168183
       -0.0000908684  -0.0000003568  -0.0000671313  -0.0000139221   0.0000088696
       -0.0000239281   0.0000425465  -0.0000828201  -0.0000625974   0.0000036797
       -0.0000519373   0.0000690622   0.0001633134   0.0134238712   0.0093016095
        0.0084258126  -0.0070317032  -0.0083177831  -0.0042239545   0.0951192706
        0.0652684124   0.1082873024   0.0000423232   0.0000025608   0.0000542844
        0.0000101461  -0.0000103950  -0.0000212055  -0.0000015781   0.0000222332
       -0.0000307116  -0.0000573103   0.0000484970  -0.0000459283  -0.0000159420
        0.0000222252  -0.0000076695   0.0001434140  -0.0003626158  -0.0001881879
       -0.0000511666  -0.0000247228   0.0000375853  -0.0000206236  -0.0000108469
        0.0000244093  -0.0000115095   0.0000046216   0.0000070805   0.0000071928
       -0.0000100499  -0.0000011538  -0.0000266049  -0.0000421184   0.0000230867
       -0.0000025400  -0.0001008983   0.0000298292
        0.0000264130   0.0001298851   0.0000962000  -0.0001150145   0.0000343645
       -0.0002106647  -0.0011888158  -0.0014147655  -0.0005472474  -0.0037951930
        0.0058110654   0.0032247273  -0.1533651781   0.1293130763   0.0195135255
       -0.0131127001   0.0136000406   0.0006644880   0.0028008826   0.0042256297
       -0.0041953653   0.0004065841  -0.0005721480  -0.0000250980   0.0035967926
        0.0035750548   0.0004875691  -0.0002275355  -0.0003902198  -0.0004929018
       -0.0001127412  -0.0000707950  -0.0001481032  -0.0000528419  -0.0000006146
        0.0000817543  -0.0000394131  -0.0000204565   0.0000550381  -0.0000215774
        0.0000035840   0.0000022130   0.0000819601   0.0000032681  -0.0000322184
       -0.0000913993  -0.0001923071  -0.0000808580  -0.0000113384   0.0000286056
        0.0000534873   0.0000121835   0.0000137352  -0.0000366863  -0.0000166636
       -0.0000208027   0.0000423232   0.1680154157  -0.1526314983  -0.0195916212
       -0.0009195199  -0.0017263171   0.0008929977  -0.0005830253   0.0008151055
        0.0000349659  -0.0008146813  -0.0008664257   0.0002014251  -0.0004244764
        0.0001276605   0.0000258726  -0.0000038533   0.0000868755  -0.0000100135
        0.0000099963   0.0000259701   0.0000141264   0.0000040227   0.0000023234
       -0.0000060981   0.0000100113   0.0000145062  -0.0000043433   0.0000001967
       -0.0000007027   0.0000006194  -0.0000102737   0.0000302589  -0.0000004270
       -0.0000582168   0.0000660439  -0.0000096866
       -0.0001075835   0.0001021426   0.0001234420   0.0002485810  -0.0000328507
       -0.0007881673  -0.0022849151   0.0002672384   0.0011605386   0.0114737817
       -0.0109617965  -0.0019781875   0.1298632698  -0.1707360031  -0.0250028442
        0.0086995279  -0.0091424577  -0.0003745579   0.0044376238   0.0038323586
        0.0012311691  -0.0005677264   0.0003704662   0.0001299085   0.0031454268
        0.0030409280  -0.0035128592  -0.0004943622  -0.0001713786  -0.0002596405
       -0.0001600981   0.0002450297   0.0000883822  -0.0000254620   0.0000706482
        0.0000267501  -0.0000653681  -0.0000549904   0.0000629917   0.0000280838
        0.0000202183  -0.0000404186  -0.0000546379  -0.0000696495   0.0001379632
        0.0000458112  -0.0003664665  -0.0000626231   0.0000170575  -0.0000517590
        0.0000304503  -0.0000178363   0.0000471018   0.0000006728   0.0000203977
       -0.0000339629   0.0000025608  -0.1526314983   0.1863653647   0.0289464171
       -0.0019568405  -0.0007967142   0.0001265180   0.0006112970  -0.0003397490
       -0.0000947200  -0.0008510652  -0.0008130455   0.0002120617   0.0004002719
       -0.0007934256  -0.0001153885   0.0000318922  -0.0000191291  -0.0000001665
        0.0000321607  -0.0000139776  -0.0000352004   0.0000002255  -0.0000089027
        0.0000107925   0.0000168771   0.0000032294  -0.0000032755   0.0000109920
        0.0000062212  -0.0000067604   0.0000403909   0.0000222017  -0.0000407462
        0.0000937247   0.0000131096   0.0000249371
       -0.0000060570   0.0001182870  -0.0000258168   0.0000580177  -0.0003120968
        0.0000271839   0.0021445704  -0.0004992095   0.0021107599   0.0174015579
       -0.0195846468  -0.0058261114   0.0202770930  -0.0241142162  -0.0478834431
       -0.0160377168   0.0166167200   0.0020658881  -0.0036081303   0.0007795515
       -0.0028012855  -0.0002736259   0.0001857381  -0.0006110784   0.0001056117
       -0.0030665702  -0.0045811069  -0.0006047179  -0.0002694495  -0.0000698521
       -0.0001828303   0.0000172036   0.0000967377  -0.0000169116  -0.0000142013
        0.0000214340  -0.0000268014   0.0000282614   0.0000159235   0.0000161693
        0.0000158486  -0.0000131777   0.0000028992   0.0000532055  -0.0000179402
        0.0000270039  -0.0002892741   0.0000554521   0.0000386545  -0.0000313038
        0.0000180532  -0.0000829740   0.0001271175  -0.0000666296   0.0000301098
       -0.0000290523   0.0000542844  -0.0195916212   0.0289464171   0.0571669543
       -0.0001387036   0.0010838202   0.0007866759  -0.0008501221   0.0008844617
       -0.0000144052   0.0001990632   0.0002598519  -0.0000395799   0.0010128502
       -0.0011309638  -0.0002995654  -0.0000547985   0.0000981916  -0.0000322529
        0.0000353152   0.0000132321  -0.0000327942   0.0000140955   0.0000133692
       -0.0000195883   0.0000047336  -0.0000026760  -0.0000108185   0.0000009247
        0.0000029918  -0.0000038240   0.0000218079   0.0000335717  -0.0000434973
        0.0000845330   0.0000658199  -0.0000265794
       -0.0000453046   0.0001146707   0.0000071304   0.0002203086  -0.0000195131
       -0.0001296164  -0.0003577014  -0.0002779586  -0.0004711139   0.0026073570
        0.0047414915  -0.0034350011   0.0024613916  -0.0050275869  -0.0146386473
       -0.0453248747   0.0202546719   0.0347971306  -0.0035418355   0.0092263876
        0.0188295870   0.0010494644   0.0067478592  -0.0004127292  -0.0001746257
       -0.0000856270  -0.0002696444   0.0000151483  -0.0001191647  -0.0000346330
        0.0000704674   0.0000054451  -0.0000247084  -0.0000116733  -0.0000061082
        0.0000257959  -0.0000151271   0.0000164766  -0.0000099581  -0.0000163892
       -0.0000068758   0.0000132066   0.0000297851  -0.0000073246   0.0000132967
       -0.0000252121   0.0000010553  -0.0000283132  -0.0000150843   0.0000003256
        0.0000147367  -0.0000067456   0.0000050007  -0.0000240616   0.0000077254
       -0.0000024980   0.0000101461  -0.0009195199  -0.0019568405  -0.0001387036
        0.0460755401  -0.0317385335  -0.0362234094  -0.0008927754  -0.0014883821
        0.0009250325  -0.0003122410   0.0004858356   0.0009889530  -0.0008523208
       -0.0008865436   0.0002020478  -0.0000000123  -0.0000064318  -0.0000034435
       -0.0000053711  -0.0000002672   0.0000021995  -0.0000093613  -0.0000094065
        0.0000082975   0.0000034986   0.0000067926   0.0000026473   0.0000019453
       -0.0000005040   0.0000002932  -0.0000035544   0.0000024502  -0.0000020911
       -0.0000129021   0.0000311036   0.0000055735
       -0.0000111141  -0.0000333465  -0.0000279686   0.0003558643  -0.0001087705
        0.0000036688  -0.0004770591   0.0003119064   0.0004059420   0.0046544203
        0.0039607223   0.0010952069  -0.0009815560   0.0037394555   0.0074878486
        0.0203731528  -0.0781336675  -0.0899393745   0.0049037171  -0.0095270602
       -0.0206772305   0.0068061253   0.0006124837  -0.0013425356   0.0002231874
       -0.0002787828   0.0005750117  -0.0001188837   0.0000316289   0.0000783957
        0.0000401108  -0.0000076479   0.0000056009  -0.0000202795  -0.0000117489
        0.0000103962  -0.0000032808   0.0000249175  -0.0000125728  -0.0000066501
       -0.0000045063   0.0000102053   0.0000080245   0.0000280548  -0.0000061011
       -0.0000158363   0.0000001195  -0.0000514879   0.0000086985  -0.0000031395
       -0.0000051467   0.0000035830   0.0000035644   0.0000183030  -0.0000048258
        0.0000039147  -0.0000103950  -0.0017263171  -0.0007967142   0.0010838202
       -0.0317385335   0.0824914226   0.1022733336  -0.0017264211  -0.0008093047
       -0.0000867102   0.0002985887  -0.0005978501  -0.0011165827  -0.0008718660
       -0.0008305755   0.0002164235  -0.0000063711   0.0000035398   0.0000125280
        0.0000026633  -0.0000115893   0.0000030842  -0.0000092330  -0.0000015509
        0.0000048343  -0.0000019018  -0.0000050388  -0.0000076641   0.0000071931
       -0.0000031575   0.0000012234   0.0000067605  -0.0000224997  -0.0000165638
        0.0000280395  -0.0000247792   0.0000145070
       -0.0002211263   0.0003297708  -0.0000742489   0.0007378280  -0.0002047259
        0.0000860193  -0.0002257944  -0.0003661544  -0.0015192720  -0.0040332134
        0.0010195619  -0.0021474799   0.0022847673  -0.0089942843  -0.0262494966
        0.0349486851  -0.0901424469  -0.2516265723   0.0019096723  -0.0036804885
       -0.0059449198   0.0001580600  -0.0016631807   0.0013123124  -0.0002672893
        0.0005172731   0.0007646608  -0.0001196251  -0.0001971123  -0.0000694393
        0.0000661905  -0.0000434437   0.0000324227  -0.0000015435  -0.0000465119
        0.0000617472   0.0000303385   0.0000367983  -0.0000605693  -0.0000147983
       -0.0000084536   0.0000525993  -0.0000527191   0.0000522803   0.0000687277
       -0.0000027030  -0.0000120660  -0.0000655495  -0.0000088504  -0.0000346118
        0.0000224887  -0.0000325808   0.0000581357  -0.0000756113   0.0000062324
       -0.0000304466  -0.0000212055   0.0008929977   0.0001265180   0.0007866759
       -0.0362234094   0.1022733336   0.2840864787  -0.0000609891   0.0008710617
        0.0009212988   0.0000935962  -0.0001573938  -0.0003786954   0.0001796360
        0.0002067548   0.0000090161   0.0000052409   0.0000053333  -0.0000311010
       -0.0000349268   0.0000160973   0.0000025920  -0.0000220681  -0.0000041348
        0.0000374602  -0.0000067709  -0.0000037609  -0.0000031059  -0.0000105333
        0.0000049868  -0.0000037542  -0.0000054165  -0.0000315559   0.0000252713
        0.0000311129   0.0001028664   0.0000012496
       -0.0000658451   0.0001447163  -0.0000158827   0.0000917379  -0.0000721840
       -0.0000898128  -0.0010204450  -0.0007286456   0.0003551589   0.0004898098
        0.0000021393   0.0005400320   0.0008839402   0.0066354473  -0.0001251965
       -0.0125041464   0.0084136688  -0.0168033055  -0.1082982309   0.0507900043
       -0.1060155316   0.0017539745  -0.0012448772   0.0020343276   0.0040090062
        0.0033789263   0.0002205808  -0.0000363232  -0.0000688255  -0.0000176987
        0.0000545497  -0.0000379928   0.0000012865   0.0000071047  -0.0000154688
        0.0000073881   0.0000366710   0.0000213990  -0.0000392170  -0.0000268158
       -0.0000217424   0.0000344866   0.0000053120   0.0000372897   0.0000055386
       -0.0000078669   0.0000494273  -0.0000376202  -0.0000013260  -0.0000027352
       -0.0000018766  -0.0000093045   0.0000253247  -0.0000243043   0.0000020253
       -0.0000130537  -0.0000015781  -0.0005830253   0.0006112970  -0.0008501221
       -0.0008927754  -0.0017264211  -0.0000609891   0.1166822244  -0.0646980974
        0.1197233598  -0.0007103104  -0.0015885305   0.0009467942   0.0001600520
        0.0000929745   0.0001902218   0.0000006643   0.0000008031  -0.0000019498
       -0.0000107566   0.0000020138   0.0000069551  -0.0000047488   0.0000056673
        0.0000098424  -0.0000040270  -0.0000051634  -0.0000041024   0.0000009251
        0.0000015721  -0.0000010266  -0.0000096129  -0.0000158597   0.0000101326
        0.0000075631   0.0000269266   0.0000041088
        0.0000169028   0.0000820147   0.0001079196  -0.0003321655   0.0000597260
       -0.0003418926  -0.0009373375  -0.0006356075   0.0004174861   0.0004390194
       -0.0001950474  -0.0006517458   0.0062844653   0.0005814862  -0.0017775954
        0.0130097495  -0.0088129810   0.0172598358   0.0506832839  -0.0671258031
        0.0655880332  -0.0053782358   0.0033921638  -0.0082106589   0.0034428089
        0.0030867010  -0.0028635900   0.0000290912  -0.0000301045  -0.0000845820
       -0.0000405408   0.0000427846   0.0000071569   0.0000028943   0.0000345059
       -0.0000065822  -0.0000271974  -0.0000270876   0.0000372295   0.0000143525
        0.0000155537  -0.0000315816  -0.0000099818  -0.0000083678   0.0000285902
        0.0000313903  -0.0000087154   0.0000347598   0.0000042789  -0.0000120639
        0.0000104742  -0.0000146196   0.0000120457  -0.0000208602   0.0000179967
       -0.0000024417   0.0000222332   0.0008151055  -0.0003397490   0.0008844617
       -0.0014883821  -0.0008093047   0.0008710617  -0.0646980974   0.0711814967
       -0.0706556305  -0.0018157837  -0.0006950806  -0.0001329864  -0.0001134196
        0.0002487123  -0.0004586077  -0.0000052538  -0.0000014419   0.0000018640
        0.0000134361  -0.0000090008  -0.0000024822   0.0000039589  -0.0000007959
       -0.0000077972   0.0000034125   0.0000049521   0.0000014761   0.0000050805
        0.0000007089   0.0000010944   0.0000114915   0.0000009238  -0.0000150039
        0.0000322964  -0.0000301823  -0.0000120799
       -0.0001044312   0.0000690815  -0.0001046349   0.0004801450  -0.0001775541
        0.0002212447   0.0000956383   0.0002727753   0.0000215804   0.0005497803
       -0.0005099779   0.0003991800  -0.0002885332  -0.0012163856   0.0012946130
        0.0001411451   0.0001620614   0.0012262730  -0.1060862829   0.0655200227
       -0.1995690060  -0.0150180791   0.0088480696  -0.0250672875   0.0004808880
       -0.0033830298  -0.0045724011  -0.0001283347  -0.0000269650   0.0000404852
        0.0000577209  -0.0000622978   0.0000138865  -0.0000092670  -0.0000353322
        0.0000243245   0.0000341587   0.0000264542  -0.0000362128  -0.0000235100
       -0.0000145437   0.0000428883  -0.0000210139   0.0000506109   0.0000003438
       -0.0000133016   0.0000125041  -0.0000491922   0.0000099875  -0.0000238258
        0.0000017234  -0.0000027558   0.0000207658  -0.0000065895  -0.0000077869
       -0.0000115194  -0.0000307116   0.0000349659  -0.0000947200  -0.0000144052
        0.0009250325  -0.0000867102   0.0009212988   0.1197233598  -0.0706556305
        0.2258624054  -0.0000440507   0.0008383995   0.0006938699  -0.0007785525
        0.0004270597  -0.0013239010  -0.0000032570   0.0000141482  -0.0000053707
       -0.0000193936   0.0000034168   0.0000066703  -0.0000081208   0.0000030069
        0.0000134857  -0.0000058843  -0.0000055791  -0.0000054653  -0.0000035456
        0.0000012448  -0.0000014509  -0.0000122192  -0.0000188447   0.0000118412
        0.0000454978   0.0000532942  -0.0000094854
       -0.0001633057   0.0000074622  -0.0001596838   0.0001576670  -0.0000054489
        0.0000732116  -0.0007264758   0.0007387832   0.0002393314   0.0033630739
        0.0044310744  -0.0040278369   0.0003758714  -0.0005267590  -0.0000962041
        0.0041457803   0.0036994448   0.0005572957  -0.0043339731   0.0055777596
        0.0018425707  -0.1570872551   0.1287958952   0.0213924135  -0.0129329865
        0.0136858932   0.0003693501  -0.0000653102  -0.0000401787   0.0000266140
        0.0000661280  -0.0000690092   0.0000143736   0.0000013047  -0.0000590903
        0.0000248223   0.0000363123   0.0000477548  -0.0000486737  -0.0000226002
       -0.0000221217   0.0000381214   0.0000054407   0.0000437835  -0.0000106318
       -0.0001118341   0.0000176690  -0.0000470536   0.0000005143  -0.0000062918
        0.0000080123   0.0000097847   0.0000083719  -0.0000009845  -0.0000270309
        0.0000053866  -0.0000573103  -0.0008146813  -0.0008510652   0.0001990632
       -0.0003122410   0.0002985887   0.0000935962  -0.0007103104  -0.0018157837
       -0.0000440507   0.1701075367  -0.1522355707  -0.0212795284  -0.0009398830
       -0.0017885811   0.0008688699   0.0000039015   0.0000054280  -0.0000078868
       -0.0000197676   0.0000048383   0.0000081974  -0.0000035197   0.0000030235
        0.0000139674  -0.0000090210  -0.0000095940  -0.0000046898  -0.0000048637
        0.0000029359  -0.0000029300  -0.0000162402  -0.0000183283   0.0000203932
        0.0000279841   0.0000737297  -0.0000027397
        0.0001472327   0.0000010301   0.0001651864  -0.0004211057  -0.0000279310
       -0.0000264265   0.0007635629  -0.0005329354  -0.0000249545   0.0045182394
        0.0039572078   0.0009253707  -0.0005715441   0.0005487206   0.0001872180
        0.0035415183   0.0033351250  -0.0035064776   0.0097644570  -0.0099163246
       -0.0033033040   0.1287108285  -0.1701045185  -0.0251031687   0.0096531241
       -0.0091025836  -0.0000561451   0.0000551655  -0.0000063324  -0.0000612454
       -0.0000625260   0.0000652351  -0.0000173472   0.0000010948   0.0000301723
       -0.0000054716  -0.0000647861  -0.0000120125   0.0000469853   0.0000201355
        0.0000163870  -0.0000362447   0.0000169333  -0.0000264123   0.0000107917
       -0.0000137431  -0.0000533742   0.0000412106  -0.0000006384   0.0000023573
        0.0000049729  -0.0000066977  -0.0000067152  -0.0000055046   0.0000217811
       -0.0000053950   0.0000484970  -0.0008664257  -0.0008130455   0.0002598519
        0.0004858356  -0.0005978501  -0.0001573938  -0.0015885305  -0.0006950806
        0.0008383995  -0.1522355707   0.1848684374   0.0298020062  -0.0019752151
       -0.0008263624   0.0000122912   0.0000001127  -0.0000133261   0.0000040649
        0.0000216803  -0.0000081202  -0.0000097432   0.0000020214  -0.0000030816
       -0.0000110605   0.0000059336   0.0000094176   0.0000034411   0.0000079407
       -0.0000013094   0.0000014971   0.0000183324   0.0000099782  -0.0000218597
        0.0000508531  -0.0000913579  -0.0000054372
       -0.0001390026  -0.0000489325  -0.0001279686  -0.0001000699   0.0001129412
       -0.0001959204  -0.0007783856   0.0008466395   0.0004587177  -0.0033328984
        0.0009751586  -0.0030023201  -0.0002202230   0.0001572128  -0.0005462724
        0.0001342487  -0.0031388577  -0.0046079568   0.0187539083  -0.0202355327
       -0.0048093952   0.0212959907  -0.0250758334  -0.0482203427  -0.0163141010
        0.0165735626   0.0018946380   0.0000278364   0.0000207262  -0.0000454597
       -0.0000026886  -0.0000159131   0.0000123728   0.0000053728  -0.0000149107
        0.0000122590  -0.0000029428   0.0000002620   0.0000089819   0.0000038155
        0.0000027678   0.0000004895  -0.0000355066   0.0000145143   0.0000227350
        0.0000051061  -0.0000118044  -0.0000059975   0.0000022394  -0.0000164634
        0.0000248881   0.0000126258  -0.0000164374   0.0000119238  -0.0000169856
        0.0000157648  -0.0000459283   0.0002014251   0.0002120617  -0.0000395799
        0.0009889530  -0.0011165827  -0.0003786954   0.0009467942  -0.0001329864
        0.0006938699  -0.0212795284   0.0298020062   0.0581142533  -0.0001768242
        0.0010359818   0.0007928206   0.0000043185   0.0000023361  -0.0000024627
       -0.0000063229   0.0000001092   0.0000013028  -0.0000050520  -0.0000035598
       -0.0000012937  -0.0000020195  -0.0000003169  -0.0000007358  -0.0000000075
       -0.0000007075   0.0000002942   0.0000003848  -0.0000076443  -0.0000053883
        0.0000295391   0.0000644382  -0.0000138290
        0.0000295681   0.0000137340   0.0000138319  -0.0005202773   0.0001971143
        0.0000073026  -0.0001019371  -0.0024360127   0.0016705447  -0.0036619734
        0.0097363920   0.0179703507   0.0008959342   0.0062617656  -0.0002093657
       -0.0005732210   0.0002563903  -0.0004857092   0.0028680392   0.0043937253
       -0.0036719762   0.0020833391  -0.0054478435  -0.0136199597  -0.0447901627
        0.0204330134   0.0351626186   0.0000965231   0.0000948966   0.0000630100
        0.0000207367  -0.0000335042  -0.0000104819   0.0000224592  -0.0000091885
       -0.0000271679   0.0000282277   0.0000057990  -0.0000043027  -0.0000009725
       -0.0000114402   0.0000089531   0.0000205491  -0.0000205342  -0.0000185398
       -0.0001011888   0.0000855865  -0.0000751774   0.0000281951   0.0000543517
       -0.0000481306   0.0000290156  -0.0000152722  -0.0000054150  -0.0000292561
       -0.0000159486  -0.0000159420  -0.0004244764   0.0004002719   0.0010128502
       -0.0008523208  -0.0008718660   0.0001796360   0.0001600520  -0.0001134196
       -0.0007785525  -0.0009398830  -0.0019752151  -0.0001768242   0.0457335822
       -0.0309555004  -0.0370840137   0.0000115470  -0.0000066115   0.0000032680
        0.0000055096  -0.0000002286  -0.0000012379   0.0000025619   0.0000022673
       -0.0000048830  -0.0000007603  -0.0000023065  -0.0000008741   0.0000057766
        0.0000026561  -0.0000030851   0.0000033839   0.0000004811  -0.0000048395
       -0.0000485710  -0.0000235529   0.0001541124
       -0.0001153975   0.0002674955   0.0000392309   0.0001206380   0.0001093177
       -0.0007375775  -0.0024747420  -0.0003293942   0.0013808982   0.0051104367
       -0.0084325071  -0.0220482491   0.0067240481   0.0004316134  -0.0008847398
       -0.0000434423  -0.0000258883   0.0004092445   0.0047227554   0.0036239910
        0.0008669689  -0.0014509243   0.0034416715   0.0082076664   0.0209884611
       -0.0751923470  -0.0890397521  -0.0000786117  -0.0001311098  -0.0000416342
       -0.0000195306   0.0000468021   0.0000012214  -0.0000405495   0.0000013986
        0.0000397765  -0.0000731977   0.0000094042   0.0000258352   0.0000036829
        0.0000079062  -0.0000048481  -0.0000102333  -0.0000086538   0.0000227538
       -0.0000244694  -0.0000683373   0.0000594338  -0.0000122690  -0.0000787143
        0.0000783176  -0.0000607144   0.0000552322  -0.0000796430   0.0000258233
        0.0000015191   0.0000222252   0.0001276605  -0.0007934256  -0.0011309638
       -0.0008865436  -0.0008305755   0.0002067548   0.0000929745   0.0002487123
        0.0004270597  -0.0017885811  -0.0008263624   0.0010359818  -0.0309555004
        0.0784554756   0.1012215534   0.0000018689  -0.0000300353  -0.0000165099
        0.0000119115  -0.0000081020  -0.0000074375  -0.0000023336   0.0000013095
        0.0000019316   0.0000012916   0.0000083773   0.0000053074   0.0000057423
       -0.0000011364   0.0000006104  -0.0000054879   0.0000002967   0.0000055021
        0.0001052338   0.0000460661  -0.0000669185
       -0.0000692496  -0.0000446460  -0.0000986935  -0.0000231795  -0.0001527349
       -0.0000086010  -0.0000384014   0.0012221181   0.0007312866   0.0024242509
       -0.0040576887  -0.0060699415   0.0000590687  -0.0014995062   0.0007728191
       -0.0001471328   0.0003738660   0.0007909945  -0.0040683929   0.0015442858
       -0.0026107094   0.0025432216  -0.0091274853  -0.0253371992   0.0351266804
       -0.0891636394  -0.2563245966  -0.0001123096   0.0000008618  -0.0000119702
       -0.0000563993   0.0000653901  -0.0000035566  -0.0000342532   0.0000158349
        0.0000282794  -0.0000760322  -0.0000118385   0.0000532456   0.0000042348
        0.0000147640  -0.0000198648  -0.0000541109   0.0000253971   0.0000270500
        0.0001095225  -0.0001384579   0.0000399330  -0.0000107261  -0.0000013925
        0.0000411842   0.0000059147  -0.0000198050   0.0000046826   0.0000015306
        0.0000190920  -0.0000076695   0.0000258726  -0.0001153885  -0.0002995654
        0.0002020478   0.0002164235   0.0000090161   0.0001902218  -0.0004586077
       -0.0013239010   0.0008688699   0.0000122912   0.0007928206  -0.0370840137
        0.1012215534   0.2889977409  -0.0000060209  -0.0000028504   0.0000032408
        0.0000110050  -0.0000057967  -0.0000066056  -0.0000026787  -0.0000048737
       -0.0000127068   0.0000044231   0.0000100113  -0.0000016302   0.0000049263
       -0.0000062039   0.0000025571   0.0000065031   0.0000082793  -0.0000286998
        0.0001946066   0.0000607466  -0.0001289394
       -0.0002734146   0.0004760559   0.0003122873   0.0003285187   0.0009297059
       -0.0022242564  -0.0003945925   0.0001026469   0.0001886023   0.0000907076
       -0.0000615953  -0.0000292587  -0.0000439270   0.0000153067   0.0000851142
       -0.0000060007   0.0000078597  -0.0000147483   0.0000321923  -0.0000331609
        0.0000104988   0.0000344638  -0.0000255290   0.0000207095   0.0000059204
       -0.0000639567   0.0000091271  -0.0038566632   0.0217010496  -0.0081064544
       -0.0449694969   0.0300987565  -0.0084566817   0.0017110315  -0.0187964855
        0.0090162638  -0.0007579245  -0.0003179610   0.0055253608   0.0000219427
       -0.0009993724   0.0003297961  -0.0004931819  -0.0002147229   0.0002478501
       -0.0024282614   0.0042376943   0.0034941136   0.0000776620  -0.0001439079
       -0.0001260683  -0.0004611744  -0.0008448848   0.0011487691   0.0001043354
        0.0000657280   0.0001434140  -0.0000038533   0.0000318922  -0.0000547985
       -0.0000000123  -0.0000063711   0.0000052409   0.0000006643  -0.0000052538
       -0.0000032570   0.0000039015   0.0000001127   0.0000043185   0.0000115470
        0.0000018689  -0.0000060209   0.0518467267  -0.0354834017   0.0003796775
        0.0000570753  -0.0014973702  -0.0009194196  -0.0000600848   0.0000015804
        0.0000119193  -0.0001339092  -0.0001004172   0.0001239993   0.0001272925
        0.0000048735  -0.0000539188  -0.0003792765  -0.0003642015  -0.0006362800
       -0.0001922084   0.0012834607  -0.0004258994
       -0.0005548592   0.0006077855   0.0002064884  -0.0010004898  -0.0004254231
        0.0001246789  -0.0002378223  -0.0000107474   0.0004053037  -0.0001445836
        0.0000050791  -0.0002076560   0.0000542712  -0.0000403917  -0.0000736875
       -0.0000412698   0.0000375541  -0.0000626246  -0.0000228921   0.0000407136
       -0.0000176847  -0.0000509856   0.0000527177  -0.0000276091  -0.0000015524
        0.0000671582   0.0000302632   0.0045239965  -0.0179344279   0.0067333679
        0.0298278247  -0.2578324268   0.0919239587   0.0001351920  -0.0132693130
        0.0069804080  -0.0007117852   0.0014373726   0.0039317434   0.0001564797
       -0.0006633612   0.0001405608  -0.0001800936   0.0007326042  -0.0003856298
        0.0046356162  -0.0000465063   0.0011851000  -0.0002259399  -0.0000418167
       -0.0000091167  -0.0002420777   0.0007516418   0.0001670504   0.0000496854
       -0.0002953081  -0.0003626158   0.0000868755  -0.0000191291   0.0000981916
       -0.0000064318   0.0000035398   0.0000053333   0.0000008031  -0.0000014419
        0.0000141482   0.0000054280  -0.0000133261   0.0000023361  -0.0000066115
       -0.0000300353  -0.0000028504  -0.0354834017   0.2876446880  -0.1092029070
       -0.0001778904   0.0004479924  -0.0015163655  -0.0000283857   0.0000008398
        0.0000247116  -0.0000750653  -0.0000705616   0.0000916880   0.0000156644
        0.0000301610  -0.0000412402  -0.0003758039  -0.0002053749  -0.0005829596
        0.0000761050  -0.0009602568   0.0004276148
        0.0008148466  -0.0000706176  -0.0009340951  -0.0004641738  -0.0011119255
       -0.0014723436  -0.0006748178   0.0003134670   0.0002409442   0.0000801153
       -0.0001789483   0.0000990630  -0.0000659530   0.0000312506  -0.0000318050
        0.0000148120  -0.0000121134   0.0000012520   0.0000141326  -0.0000182626
       -0.0000183573   0.0000258935   0.0000007771   0.0000496745  -0.0000182137
        0.0000364540  -0.0000424356  -0.0004932607  -0.0042813928   0.0028454389
       -0.0078279832   0.0915896783  -0.0738960808  -0.0001666656   0.0184364092
       -0.0078496815   0.0058042904   0.0034315788   0.0032041405  -0.0001013505
        0.0007791610  -0.0004910107   0.0000672065  -0.0004540250  -0.0000189355
        0.0034192477   0.0016223328   0.0046980050  -0.0000272104   0.0001667440
        0.0000449745   0.0012199271   0.0005984412  -0.0009261521   0.0000452792
       -0.0002582814  -0.0001881879  -0.0000100135  -0.0000001665  -0.0000322529
       -0.0000034435   0.0000125280  -0.0000311010  -0.0000019498   0.0000018640
       -0.0000053707  -0.0000078868   0.0000040649  -0.0000024627   0.0000032680
       -0.0000165099   0.0000032408   0.0003796775  -0.1092029070   0.0773894367
       -0.0016016071  -0.0007521481  -0.0014974699   0.0000447324   0.0000910077
       -0.0000143225   0.0001214085   0.0000705578  -0.0001557548  -0.0001006434
        0.0000077938   0.0000274620  -0.0006430224  -0.0005737356  -0.0011156521
        0.0001533578  -0.0002630765   0.0001198395
       -0.0000069779  -0.0001224221   0.0000765904   0.0000569681   0.0010572789
       -0.0002924582  -0.0008597777  -0.0002110167  -0.0000797371   0.0003022014
       -0.0000689244   0.0002946706  -0.0001329817  -0.0000275706  -0.0001060000
        0.0000410272  -0.0000337888   0.0000848156  -0.0000194728   0.0000142603
       -0.0000220864   0.0000281553  -0.0000422996   0.0000400726  -0.0000656196
        0.0000383411  -0.0000920616  -0.0009476293  -0.0009784414   0.0060409079
       -0.0209410133   0.0116186248   0.0067613026  -0.2087297125   0.1142023915
        0.0440833805  -0.0054164519   0.0052978378   0.0011196255   0.0006445286
       -0.0019217780  -0.0006955506   0.0022322961   0.0021751617   0.0020186813
        0.0005561422  -0.0004602788  -0.0002030915   0.0000154387  -0.0000112936
        0.0000140439  -0.0000301111   0.0000151097  -0.0000049872  -0.0000369354
        0.0000261695  -0.0000511666   0.0000099963   0.0000321607   0.0000353152
       -0.0000053711   0.0000026633  -0.0000349268  -0.0000107566   0.0000134361
       -0.0000193936  -0.0000197676   0.0000216803  -0.0000063229   0.0000055096
        0.0000119115   0.0000110050   0.0000570753  -0.0001778904  -0.0016016071
        0.2337398587  -0.1298918135  -0.0568025116   0.0000479476   0.0001280341
       -0.0001330661  -0.0002021410  -0.0002620589   0.0001590041   0.0002774255
       -0.0001949614  -0.0000213870  -0.0002641420   0.0001374525   0.0000474446
       -0.0003257095  -0.0003879756  -0.0006205059
        0.0000194609  -0.0000083901   0.0000070166  -0.0002886962   0.0002197512
        0.0002270116  -0.0001007828  -0.0000709675  -0.0000380799  -0.0000165277
        0.0000026694   0.0000143490   0.0000019557  -0.0000173967  -0.0000272964
       -0.0000150950   0.0000060068  -0.0000312497  -0.0000081413   0.0000199932
       -0.0000048921  -0.0000091549   0.0000084775  -0.0000101687  -0.0000140776
        0.0000240784   0.0000184154  -0.0004985264   0.0014345840   0.0037388443
       -0.0072676579   0.0051528209   0.0019408690   0.1142787638  -0.1186078086
       -0.0243844447   0.0234379950  -0.0175336068  -0.0041802426   0.0007602170
        0.0004333510  -0.0014710580   0.0018551198  -0.0039420517   0.0047785580
       -0.0006113524  -0.0000545489   0.0002980723   0.0000035558   0.0000089861
       -0.0000171008  -0.0000111412   0.0000424638  -0.0000017516  -0.0000068549
       -0.0000091581  -0.0000247228   0.0000259701  -0.0000139776   0.0000132321
       -0.0000002672  -0.0000115893   0.0000160973   0.0000020138  -0.0000090008
        0.0000034168   0.0000048383  -0.0000081202   0.0000001092  -0.0000002286
       -0.0000081020  -0.0000057967  -0.0014973702   0.0004479924  -0.0007521481
       -0.1298918135   0.1338097115   0.0205763749   0.0001398222   0.0000790293
       -0.0002171694  -0.0000448923   0.0003073421  -0.0000253221  -0.0011361845
       -0.0005173500   0.0004614120   0.0012696050  -0.0009624625  -0.0003432508
       -0.0003805528  -0.0002227267  -0.0005590842
        0.0000338347   0.0000254565  -0.0000594078   0.0004775311  -0.0005363001
        0.0000920708   0.0004047185   0.0002136667  -0.0000830425  -0.0001025562
        0.0000274561  -0.0001306179  -0.0000385163   0.0000083008   0.0000004557
        0.0000133649  -0.0000130570   0.0000011000  -0.0000051238   0.0000139560
        0.0000204080  -0.0000030984   0.0000114283  -0.0000260454   0.0000230331
       -0.0000286003   0.0000414272   0.0053134745   0.0035984647   0.0028707320
        0.0162732181  -0.0089994781  -0.0043146981   0.0439402127  -0.0244241086
       -0.0472122411  -0.0081991709   0.0062554313   0.0027762501  -0.0016977373
       -0.0002246499  -0.0013852108   0.0022530344   0.0045768298   0.0041152730
       -0.0001111620   0.0003527510  -0.0003023769  -0.0000023932   0.0000182291
       -0.0000149944   0.0000309544  -0.0000479786   0.0000026928   0.0000219421
       -0.0000159627   0.0000375853   0.0000141264  -0.0000352004  -0.0000327942
        0.0000021995   0.0000030842   0.0000025920   0.0000069551  -0.0000024822
        0.0000066703   0.0000081974  -0.0000097432   0.0000013028  -0.0000012379
       -0.0000074375  -0.0000066056  -0.0009194196  -0.0015163655  -0.0014974699
       -0.0568025116   0.0205763749   0.0464474733   0.0001279136   0.0001869639
       -0.0003124868  -0.0000505311  -0.0002259947   0.0001175682   0.0001600666
        0.0003778928  -0.0000166704  -0.0005495359   0.0003700284  -0.0000185416
       -0.0006217831  -0.0005289559  -0.0011203980
       -0.0000113003  -0.0000760672   0.0000337238   0.0002681750   0.0001248629
        0.0000237805  -0.0000809200   0.0000067130  -0.0000386398   0.0000578426
       -0.0000035843   0.0000804502  -0.0000143846  -0.0000092292  -0.0000294753
        0.0000072797   0.0000070932   0.0000244926  -0.0000065810   0.0000123000
       -0.0000103921   0.0000030164  -0.0000091267   0.0000074774  -0.0000078173
        0.0000142299  -0.0000291523   0.0000669184  -0.0003303371   0.0002202464
       -0.0007665417  -0.0006302530  -0.0003634680  -0.0006396148   0.0001983375
        0.0008842110   0.0050139882   0.0004779376   0.0212515990  -0.0622244340
       -0.0050458599  -0.0667129648  -0.0010367016  -0.0007261103   0.0011340669
       -0.0003097698  -0.0000286369  -0.0010291629   0.0000008295  -0.0000026112
       -0.0000013143  -0.0000056242   0.0000119763   0.0000116475  -0.0000138146
        0.0000000989  -0.0000206236   0.0000040227   0.0000002255   0.0000140955
       -0.0000093613  -0.0000092330  -0.0000220681  -0.0000047488   0.0000039589
       -0.0000081208  -0.0000035197   0.0000020214  -0.0000050520   0.0000025619
       -0.0000023336  -0.0000026787  -0.0000600848  -0.0000283857   0.0000447324
        0.0000479476   0.0001398222   0.0001279136   0.0722355853   0.0082589922
        0.0781890237  -0.0008138423  -0.0014857846  -0.0056907257  -0.0118834635
       -0.0010664894  -0.0282854659   0.0001531615   0.0001915735   0.0001650520
        0.0000311955   0.0000038994   0.0000367920
       -0.0000128520  -0.0000223307   0.0000178749   0.0001090629   0.0000556593
        0.0000926670   0.0000145249  -0.0000159876  -0.0000322277   0.0000089854
        0.0000001959   0.0000064404  -0.0000246578   0.0000189443   0.0000029675
        0.0000098604   0.0000016106   0.0000011520  -0.0000082760   0.0000091084
       -0.0000051517  -0.0000057879  -0.0000070394   0.0000022594   0.0000080766
       -0.0000081147  -0.0000065183  -0.0001654329   0.0002696274  -0.0000403333
       -0.0002380704  -0.0005932221  -0.0005676123  -0.0014038452  -0.0007514684
        0.0008505685   0.0010557282   0.0008687163   0.0124714897  -0.0045849027
       -0.0421259457  -0.0202379532   0.0010076798   0.0003019655  -0.0000140036
       -0.0003846839  -0.0005600888  -0.0000260885   0.0000053509  -0.0000107921
        0.0000047051  -0.0000023561   0.0000019340   0.0000110848  -0.0000019078
       -0.0000011622  -0.0000108469   0.0000023234  -0.0000089027   0.0000133692
       -0.0000094065  -0.0000015509  -0.0000041348   0.0000056673  -0.0000007959
        0.0000030069   0.0000030235  -0.0000030816  -0.0000035598   0.0000022673
        0.0000013095  -0.0000048737   0.0000015804   0.0000008398   0.0000910077
        0.0001280341   0.0000790293   0.0001869639   0.0082589922   0.0476994681
        0.0232976506  -0.0112516889  -0.0066831989  -0.0319196921   0.0071741825
        0.0015642868   0.0158184244   0.0002947520  -0.0000629545   0.0000203945
        0.0000037768  -0.0000160589  -0.0000190306
        0.0000536013   0.0000758370  -0.0000344447  -0.0004585708  -0.0002268229
       -0.0000153081   0.0001577514   0.0000174194   0.0000862338  -0.0000977807
        0.0000238655  -0.0001523051   0.0000582465   0.0000013221   0.0000493163
       -0.0000100980   0.0000004897  -0.0000326657   0.0000028135  -0.0000066230
        0.0000085093  -0.0000083747   0.0000200554  -0.0000113347   0.0000176325
       -0.0000327050   0.0000557687  -0.0000470195  -0.0001600309  -0.0000282724
        0.0007818927   0.0006327039   0.0007082211   0.0011452969  -0.0006033056
       -0.0007493965   0.0016265534   0.0026707156  -0.0247228139  -0.0714269799
       -0.0225726447  -0.2515419734  -0.0006045409   0.0009706028   0.0001648827
        0.0005391825   0.0006657028   0.0007254700   0.0000122195   0.0000142767
       -0.0000261049  -0.0000091713   0.0000011428  -0.0000031219  -0.0000038259
       -0.0000082390   0.0000244093  -0.0000060981   0.0000107925  -0.0000195883
        0.0000082975   0.0000048343   0.0000374602   0.0000098424  -0.0000077972
        0.0000134857   0.0000139674  -0.0000110605  -0.0000012937  -0.0000048830
        0.0000019316  -0.0000127068   0.0000119193   0.0000247116  -0.0000143225
       -0.0001330661  -0.0002171694  -0.0003124868   0.0781890237   0.0232976506
        0.2932225855  -0.0045541503  -0.0044027491  -0.0101328473  -0.0051546810
        0.0002207245  -0.0069522832  -0.0000514958  -0.0003749932  -0.0003537580
       -0.0000575045  -0.0000306380   0.0000206853
       -0.0000251362  -0.0000214751   0.0000186105   0.0002461759   0.0000795448
       -0.0002468179  -0.0001959954   0.0000388140   0.0000008986   0.0000849626
       -0.0000377195   0.0000932827  -0.0000269224  -0.0000219308  -0.0000383541
        0.0000102897  -0.0000079111   0.0000212750  -0.0000079202   0.0000114120
       -0.0000038051   0.0000033421  -0.0000051552   0.0000084513  -0.0000081311
        0.0000276719  -0.0000311571  -0.0000025538  -0.0001682523   0.0000733943
        0.0005411108  -0.0002748448   0.0008963567  -0.0024679400  -0.0011225720
        0.0015759715  -0.0042555762  -0.0212245340  -0.0024431671  -0.0491808740
       -0.0325656143  -0.0072682125   0.0003228709  -0.0013569216   0.0007261691
        0.0004493803   0.0002774871  -0.0000884277  -0.0000091770  -0.0000020417
        0.0000095354   0.0000089794   0.0000142787  -0.0000128496  -0.0000033160
       -0.0000063771  -0.0000115095   0.0000100113   0.0000168771   0.0000047336
        0.0000034986  -0.0000019018  -0.0000067709  -0.0000040270   0.0000034125
       -0.0000058843  -0.0000090210   0.0000059336  -0.0000020195  -0.0000007603
        0.0000012916   0.0000044231  -0.0001339092  -0.0000750653   0.0001214085
       -0.0002021410  -0.0000448923  -0.0000505311  -0.0008138423  -0.0112516889
       -0.0045541503   0.0541739236   0.0392496703   0.0057612387   0.0022626468
        0.0280107847   0.0054934513  -0.0008334291   0.0004094457   0.0000100202
        0.0000634803   0.0000422740  -0.0000555641
       -0.0000276095   0.0000282729   0.0000057847   0.0001229771   0.0000067459
       -0.0002891480  -0.0001679472   0.0000262698   0.0000383221   0.0000424606
       -0.0000444140   0.0000460104  -0.0000314318  -0.0000203562  -0.0000230977
        0.0000126296  -0.0000139383   0.0000073725  -0.0000075862   0.0000182753
        0.0000021486  -0.0000013777  -0.0000012220   0.0000130152   0.0000019854
        0.0000195515  -0.0000181020  -0.0000196607   0.0002981948  -0.0001223357
        0.0004036155  -0.0001216191   0.0007182424  -0.0021889624  -0.0008297717
        0.0010665552  -0.0064622068  -0.0157755716   0.0026039647  -0.0313933728
       -0.2681649344  -0.0474928797   0.0018952004   0.0006546858  -0.0008519559
        0.0002499456  -0.0002129758   0.0006141799  -0.0000154744  -0.0000026796
        0.0000185169   0.0000113107   0.0000066386  -0.0000275583   0.0000127182
       -0.0000048438   0.0000046216   0.0000145062   0.0000032294  -0.0000026760
        0.0000067926  -0.0000050388  -0.0000037609  -0.0000051634   0.0000049521
       -0.0000055791  -0.0000095940   0.0000094176  -0.0000003169  -0.0000023065
        0.0000083773   0.0000100113  -0.0001004172  -0.0000705616   0.0000705578
       -0.0002620589   0.0003073421  -0.0002259947  -0.0014857846  -0.0066831989
       -0.0044027491   0.0392496703   0.3104460821   0.0527250746   0.0005069776
       -0.0203032860  -0.0040873893  -0.0004096881   0.0003486389  -0.0003186424
        0.0000598523   0.0000677378  -0.0000721923
        0.0000082102  -0.0000151977  -0.0000129284   0.0001194969   0.0000562770
        0.0000670376  -0.0000276481   0.0000098126  -0.0000499414   0.0000159099
       -0.0000055794   0.0000371581  -0.0000076752   0.0000021746  -0.0000008057
        0.0000067672  -0.0000027203   0.0000004758  -0.0000010074   0.0000034369
        0.0000005350   0.0000017580  -0.0000089181   0.0000077246  -0.0000069608
        0.0000023388  -0.0000046147  -0.0002882944   0.0002820161   0.0000586633
        0.0001681433   0.0004894498  -0.0011816261   0.0025107064   0.0009534918
       -0.0012002518   0.0053438820   0.0196291390   0.0014886883  -0.0077112075
       -0.0464908423  -0.0486605691  -0.0002292342   0.0006830273   0.0002034545
       -0.0003906813  -0.0001976174  -0.0001476027  -0.0000009047  -0.0000079658
        0.0000038803  -0.0000041099  -0.0000194033   0.0000130941   0.0000034579
        0.0000119921   0.0000070805  -0.0000043433  -0.0000032755  -0.0000108185
        0.0000026473  -0.0000076641  -0.0000031059  -0.0000041024   0.0000014761
       -0.0000054653  -0.0000046898   0.0000034411  -0.0000007358  -0.0000008741
        0.0000053074  -0.0000016302   0.0001239993   0.0000916880  -0.0001557548
        0.0001590041  -0.0000253221   0.0001175682  -0.0056907257  -0.0319196921
       -0.0101328473   0.0057612387   0.0527250746   0.0579781783   0.0001826821
        0.0037737076   0.0012898290   0.0000085954  -0.0000103245   0.0002761710
       -0.0000440397  -0.0000093282   0.0000191594
       -0.0000121581  -0.0000283344   0.0000358838   0.0002174231   0.0000297019
       -0.0002983924  -0.0001514174   0.0000026096   0.0000340986   0.0000830972
       -0.0000185936   0.0000452004  -0.0000599990   0.0000059666  -0.0000136859
        0.0000109502  -0.0000125716   0.0000317499  -0.0000009344  -0.0000066931
        0.0000072823   0.0000125218  -0.0000176625   0.0000116141  -0.0000146336
       -0.0000040087  -0.0000298942   0.0002458954  -0.0001656406  -0.0000694312
        0.0000280635   0.0004460202   0.0001395988   0.0008619398   0.0015913785
       -0.0010180365  -0.0238304255   0.0098560356   0.0013012606  -0.2213268228
        0.1028750590  -0.0250044712  -0.0033852950  -0.0019821028   0.0028357999
       -0.0004773305   0.0009450084   0.0005295410  -0.0000054093  -0.0000003385
        0.0000141480   0.0000001168  -0.0000195756  -0.0000074804  -0.0000008536
        0.0000127704   0.0000071928   0.0000001967   0.0000109920   0.0000009247
        0.0000019453   0.0000071931  -0.0000105333   0.0000009251   0.0000050805
       -0.0000035456  -0.0000048637   0.0000079407  -0.0000000075   0.0000057766
        0.0000057423   0.0000049263   0.0001272925   0.0000156644  -0.0001006434
        0.0002774255  -0.0011361845   0.0001600666  -0.0118834635   0.0071741825
       -0.0051546810   0.0022626468   0.0005069776   0.0001826821   0.2570855319
       -0.1195555583   0.0262445531   0.0001819998  -0.0004378096  -0.0000342185
       -0.0002501416  -0.0001132495   0.0001584978
        0.0000102513  -0.0000140289   0.0000039695   0.0000542169   0.0000197017
       -0.0000126187  -0.0000229633   0.0000103542   0.0000027287  -0.0000016944
       -0.0000044197  -0.0000032401  -0.0000020564   0.0000000074  -0.0000020248
       -0.0000014089   0.0000072056  -0.0000110786   0.0000058595   0.0000100158
        0.0000046147  -0.0000020359   0.0000016026  -0.0000002544   0.0000103828
        0.0000059403   0.0000021192  -0.0001369343   0.0000809760   0.0000130258
        0.0002487744  -0.0000360851  -0.0002190634  -0.0019366484   0.0007314304
        0.0006150390  -0.0064574810   0.0052342116  -0.0025555579   0.1026982909
       -0.1050370389   0.0140588670  -0.0011101292  -0.0003471145   0.0014245122
       -0.0002120566   0.0003994375   0.0002279288   0.0000089211  -0.0000049420
       -0.0000092763  -0.0000071992   0.0000037203   0.0000077656  -0.0000080828
       -0.0000028239  -0.0000100499  -0.0000007027   0.0000062212   0.0000029918
       -0.0000005040  -0.0000031575   0.0000049868   0.0000015721   0.0000007089
        0.0000012448   0.0000029359  -0.0000013094  -0.0000007075   0.0000026561
       -0.0000011364  -0.0000062039   0.0000048735   0.0000301610   0.0000077938
       -0.0001949614  -0.0005173500   0.0003778928  -0.0010664894   0.0015642868
        0.0002207245   0.0280107847  -0.0203032860   0.0037737076  -0.1195555583
        0.1181286834  -0.0179625818  -0.0002467570   0.0000869836   0.0000174093
       -0.0000958560  -0.0000489562   0.0000253354
       -0.0000068340   0.0000063974  -0.0000130309   0.0000757812   0.0000053087
        0.0000249123  -0.0000436784   0.0000144805  -0.0000203972   0.0000001877
       -0.0000114861   0.0000280826  -0.0000023672   0.0000051880  -0.0000086772
       -0.0000002042  -0.0000021267   0.0000000411  -0.0000025048   0.0000007913
       -0.0000024084   0.0000010201  -0.0000010136   0.0000067648  -0.0000037750
        0.0000116193  -0.0000017840   0.0000444879  -0.0002343320   0.0001493315
       -0.0002343531  -0.0001918614   0.0000928585   0.0006493884  -0.0010721387
        0.0001281211   0.0178394291  -0.0081259572   0.0006534192  -0.0255293655
        0.0136574209  -0.0452166859   0.0028143435   0.0019035244  -0.0013876370
        0.0008728766  -0.0003339660  -0.0005808721  -0.0000116794  -0.0000032075
        0.0000028766   0.0000062833   0.0000002758   0.0000026671   0.0000083495
       -0.0000043951  -0.0000011538   0.0000006194  -0.0000067604  -0.0000038240
        0.0000002932   0.0000012234  -0.0000037542  -0.0000010266   0.0000010944
       -0.0000014509  -0.0000029300   0.0000014971   0.0000002942  -0.0000030851
        0.0000006104   0.0000025571  -0.0000539188  -0.0000412402   0.0000274620
       -0.0000213870   0.0004614120  -0.0000166704  -0.0282854659   0.0158184244
       -0.0069522832   0.0054934513  -0.0040873893   0.0012898290   0.0262445531
       -0.0179625818   0.0520473147  -0.0000034042   0.0001413749  -0.0000228842
        0.0001549150   0.0000478131  -0.0002230183
       -0.0001678644  -0.0000988785   0.0002645023   0.0002081167  -0.0008077681
        0.0002249691  -0.0000561009   0.0000801712   0.0000931080   0.0001382894
       -0.0000890425   0.0000431883  -0.0000100988  -0.0000190919  -0.0000234431
        0.0000100542  -0.0000068175  -0.0000184534  -0.0000062849   0.0000192173
       -0.0000243343  -0.0000004450   0.0000085483  -0.0000037067   0.0000201420
        0.0000085668  -0.0000003598  -0.0008974282  -0.0006919363   0.0052734404
       -0.0005026483  -0.0000753940   0.0001774863  -0.0023452801   0.0042908021
        0.0037290430  -0.0035515402   0.0229115846  -0.0083424151   0.0004078367
        0.0004082169  -0.0015741381  -0.0448900666   0.0280869908  -0.0075801230
        0.0012769064  -0.0192422742   0.0092121071   0.0000138964  -0.0000346947
        0.0000588918  -0.0000157083   0.0000241116  -0.0000214688  -0.0000331098
        0.0000084348  -0.0000266049  -0.0000102737   0.0000403909   0.0000218079
       -0.0000035544   0.0000067605  -0.0000054165  -0.0000096129   0.0000114915
       -0.0000122192  -0.0000162402   0.0000183324   0.0000003848   0.0000033839
       -0.0000054879   0.0000065031  -0.0003792765  -0.0003758039  -0.0006430224
       -0.0002641420   0.0012696050  -0.0005495359   0.0001531615   0.0002947520
       -0.0000514958  -0.0008334291  -0.0004096881   0.0000085954   0.0001819998
       -0.0002467570  -0.0000034042   0.0514818215  -0.0339355191   0.0007342132
        0.0000974959  -0.0014488229  -0.0009680998
       -0.0002081137  -0.0000441939   0.0001617098   0.0007404867  -0.0004985632
       -0.0000156378  -0.0003039593   0.0000959098   0.0000097590   0.0001600269
       -0.0001515489   0.0001789039  -0.0000313131  -0.0000650284  -0.0000780513
        0.0000199615  -0.0000087627   0.0000069056  -0.0000232856   0.0000439907
       -0.0000340736  -0.0000083005   0.0000068155   0.0000153410  -0.0000047741
        0.0000747788  -0.0000383834  -0.0010505703   0.0013019530   0.0038201500
       -0.0000208431   0.0007624735  -0.0004832566   0.0045307593  -0.0001427879
        0.0012468813   0.0041859963  -0.0187719217   0.0073838656  -0.0017011990
        0.0007328529  -0.0005712222   0.0281660988  -0.2555978716   0.0919151490
       -0.0003149342  -0.0134040825   0.0070979848  -0.0000184432  -0.0000286432
        0.0000887822   0.0000163076   0.0000463532  -0.0000417477   0.0000000451
        0.0000071619  -0.0000421184   0.0000302589   0.0000222017   0.0000335717
        0.0000024502  -0.0000224997  -0.0000315559  -0.0000158597   0.0000009238
       -0.0000188447  -0.0000183283   0.0000099782  -0.0000076443   0.0000004811
        0.0000002967   0.0000082793  -0.0003642015  -0.0002053749  -0.0005737356
        0.0001374525  -0.0009624625   0.0003700284   0.0001915735  -0.0000629545
       -0.0003749932   0.0004094457   0.0003486389  -0.0000103245  -0.0004378096
        0.0000869836   0.0001413749  -0.0339355191   0.2859364597  -0.1086503319
       -0.0001338896   0.0004889238  -0.0015067653
        0.0001334024   0.0000247057  -0.0002027612  -0.0008994216   0.0007855107
        0.0000756114   0.0003515130  -0.0001704836  -0.0000647567  -0.0001837449
        0.0000958158  -0.0000625267   0.0000391998   0.0000396045   0.0001001498
        0.0000016880   0.0000156137  -0.0000097802   0.0000121767  -0.0000151357
        0.0000117671  -0.0000016771   0.0000031386   0.0000126603   0.0000130995
       -0.0000399371   0.0000280900   0.0060966767   0.0038509126   0.0030542512
        0.0001429472  -0.0003871361  -0.0001225624   0.0035088878   0.0014873725
        0.0049435271   0.0002028614  -0.0034330594   0.0029582245  -0.0005561722
       -0.0013106268  -0.0012817094  -0.0071438333   0.0919129264  -0.0758208250
       -0.0003802382   0.0178487379  -0.0078447271  -0.0000132681   0.0000242076
       -0.0000586176  -0.0000000686  -0.0000280366   0.0000337752   0.0000146390
        0.0000082632   0.0000230867  -0.0000004270  -0.0000407462  -0.0000434973
       -0.0000020911  -0.0000165638   0.0000252713   0.0000101326  -0.0000150039
        0.0000118412   0.0000203932  -0.0000218597  -0.0000053883  -0.0000048395
        0.0000055021  -0.0000286998  -0.0006362800  -0.0005829596  -0.0011156521
        0.0000474446  -0.0003432508  -0.0000185416   0.0001650520   0.0000203945
       -0.0003537580   0.0000100202  -0.0003186424   0.0002761710  -0.0000342185
        0.0000174093  -0.0000228842   0.0007342132  -0.1086503319   0.0770660736
       -0.0016480674  -0.0007663415  -0.0015638128
       -0.0000101727   0.0000834878  -0.0000030526  -0.0010254330  -0.0011165663
       -0.0007964303   0.0005911627  -0.0003761760   0.0008252601  -0.0006084898
       -0.0009958432  -0.0003893518  -0.0002918960  -0.0004271817  -0.0002555074
        0.0000355190  -0.0000756723   0.0000747092  -0.0000153814  -0.0000086803
       -0.0001238753  -0.0001012374   0.0000621814  -0.0000117154  -0.0011225784
       -0.0002275329  -0.0000572488  -0.0036393483   0.0052721158  -0.0004762163
        0.0020335152   0.0019948050   0.0019539461   0.0004962376  -0.0005628128
       -0.0000930583  -0.0006466144  -0.0009291624   0.0057382879  -0.0010148980
        0.0006879746   0.0000588400  -0.0204660400   0.0118249569   0.0070404272
       -0.2079380518   0.1156614365   0.0465552077   0.0000325848   0.0000019456
        0.0000155238  -0.0000259949  -0.0000248939  -0.0000000025  -0.0000500469
        0.0000279345  -0.0000025400  -0.0000582168   0.0000937247   0.0000845330
       -0.0000129021   0.0000280395   0.0000311129   0.0000075631   0.0000322964
        0.0000454978   0.0000279841   0.0000508531   0.0000295391  -0.0000485710
        0.0001052338   0.0001946066  -0.0001922084   0.0000761050   0.0001533578
       -0.0003257095  -0.0003805528  -0.0006217831   0.0000311955   0.0000037768
       -0.0000575045   0.0000634803   0.0000598523  -0.0000440397  -0.0002501416
       -0.0000958560   0.0001549150   0.0000974959  -0.0001338896  -0.0016480674
        0.2344271943  -0.1307118994  -0.0583753709
       -0.0000216873   0.0003224191  -0.0001493872   0.0011850954  -0.0004210354
       -0.0010234324  -0.0003522247  -0.0000316545   0.0003321244  -0.0011513808
       -0.0005540650  -0.0000775297   0.0000095674  -0.0004953267  -0.0006996273
        0.0000294552  -0.0000141273  -0.0000187385  -0.0000600913   0.0000991225
        0.0000483509  -0.0000526032   0.0000694528  -0.0001168850  -0.0003295323
        0.0005084649   0.0000735446   0.0229448937  -0.0170914901  -0.0045565967
        0.0016692664  -0.0040555906   0.0047149470  -0.0006538879   0.0000176224
        0.0002583253  -0.0003940655   0.0012401126   0.0036984877  -0.0004653030
        0.0002110299   0.0001290170  -0.0074418120   0.0053605244   0.0022290730
        0.1162701222  -0.1204344269  -0.0257154725  -0.0000888033   0.0000384735
       -0.0000457680   0.0000154604   0.0001699001  -0.0001445821   0.0000455931
       -0.0000294529  -0.0001008983   0.0000660439   0.0000131096   0.0000658199
        0.0000311036  -0.0000247792   0.0001028664   0.0000269266  -0.0000301823
        0.0000532942   0.0000737297  -0.0000913579   0.0000644382  -0.0000235529
        0.0000460661   0.0000607466   0.0012834607  -0.0009602568  -0.0002630765
       -0.0003879756  -0.0002227267  -0.0005289559   0.0000038994  -0.0000160589
       -0.0000306380   0.0000422740   0.0000677378  -0.0000093282  -0.0001132495
       -0.0000489562   0.0000478131  -0.0014488229   0.0004889238  -0.0007663415
       -0.1307118994   0.1358685279   0.0223684097
        0.0000631689   0.0001001152  -0.0001344563  -0.0021110895  -0.0001176121
       -0.0013167254  -0.0005054234   0.0001508970   0.0000629253   0.0001793361
       -0.0002824365   0.0006701894  -0.0001255792  -0.0003515408  -0.0001534955
        0.0000204225  -0.0000866273  -0.0001659313  -0.0000357473   0.0000593133
       -0.0001616431  -0.0000538603   0.0000818647   0.0000269695  -0.0000262142
        0.0001518266   0.0003414498  -0.0074645958   0.0065116118   0.0020029305
        0.0021055731   0.0043998254   0.0039515733  -0.0000778505   0.0002318339
       -0.0002717320   0.0053825717   0.0039259674   0.0033495172   0.0007027695
       -0.0004713501  -0.0002592898   0.0160870983  -0.0089373619  -0.0037480852
        0.0459412484  -0.0260343200  -0.0483904572   0.0000143377   0.0000633735
       -0.0000284010   0.0000069641  -0.0000283273   0.0000124780  -0.0000043485
        0.0000136513   0.0000298292  -0.0000096866   0.0000249371  -0.0000265794
        0.0000055735   0.0000145070   0.0000012496   0.0000041088  -0.0000120799
       -0.0000094854  -0.0000027397  -0.0000054372  -0.0000138290   0.0001541124
       -0.0000669185  -0.0001289394  -0.0004258994   0.0004276148   0.0001198395
       -0.0006205059  -0.0005590842  -0.0011203980   0.0000367920  -0.0000190306
        0.0000206853  -0.0000555641  -0.0000721923   0.0000191594   0.0001584978
        0.0000253354  -0.0002230183  -0.0009680998  -0.0015067653  -0.0015638128
       -0.0583753709   0.0223684097   0.0471074831
